2026-03-23 04:00:00,23.47,23.49,23.45,23.45,850
2026-03-23 04:10:00,23.49,23.49,23.49,23.49,227
2026-03-23 04:30:00,23.43,23.44,23.42,23.43,900
2026-03-23 04:45:00,23.49,23.49,23.49,23.49,200
2026-03-23 04:50:00,23.49,23.49,23.49,23.49,490
2026-03-23 04:55:00,23.49,23.49,23.45,23.46,509
2026-03-23 05:10:00,23.4,23.4,23.4,23.4,1325
2026-03-23 05:25:00,23.4,23.4,23.4,23.4,260
2026-03-23 05:40:00,23.25,23.25,23.24,23.24,300
2026-03-23 05:45:00,23.33,23.33,23.26,23.26,2075
2026-03-23 06:00:00,23.32,23.32,23.32,23.32,130
2026-03-23 06:20:00,23.3,23.3,23.3,23.3,318
2026-03-23 06:40:00,23.23,23.23,23.23,23.23,200
2026-03-23 06:50:00,23.2,23.36,23.2,23.36,1425
2026-03-23 06:55:00,23.2,23.26,23.2,23.26,400
2026-03-23 07:00:00,23.15,23.21,23.09,23.15,3862
2026-03-23 07:05:00,23.44,24.78,23.44,24.7,17386
2026-03-23 07:10:00,24.69,24.81,24.4,24.8,4514
2026-03-23 07:15:00,24.7,24.8,24.5,24.74,8912
2026-03-23 07:20:00,24.74,24.77,24.54,24.54,3149
2026-03-23 07:25:00,24.54,24.76,24.54,24.63,6056
2026-03-23 07:30:00,24.7,24.9,24.7,24.9,1000
2026-03-23 07:35:00,24.91,25,24.9,24.9,2280
2026-03-23 07:40:00,24.75,24.8,24.75,24.8,892
2026-03-23 07:45:00,24.4,24.5,24.35,24.5,1009
2026-03-23 07:50:00,24.39,24.39,24.39,24.39,173
2026-03-23 07:55:00,24.27,24.3,24.2,24.2,2333
2026-03-23 08:00:00,24.19,25.04,22.83,24.25,40361
2026-03-23 08:10:00,24.33,24.33,24.2,24.2,775
2026-03-23 08:15:00,24.26,24.26,24.26,24.26,105
2026-03-23 08:20:00,24.27,24.27,24.27,24.27,155
2026-03-23 08:25:00,24.28,24.28,24.28,24.28,188
2026-03-23 08:30:00,24.2,24.2,24.2,24.2,763
2026-03-23 08:35:00,24.21,24.21,24.2,24.2,1455
2026-03-23 08:45:00,24.51,24.5587,24.4599,24.5587,1080
2026-03-23 08:50:00,24.5,24.5,24.5,24.5,100
2026-03-23 08:55:00,24.46,24.53,24.46,24.53,315
2026-03-23 09:00:00,24.5485,24.5485,24.49,24.49,1138
2026-03-23 09:10:00,24.45,24.45,24.44,24.44,291
2026-03-23 09:15:00,24.41,24.46,24.41,24.46,687
2026-03-23 09:20:00,24.5,24.5,24.34,24.34,513
2026-03-23 09:25:00,24.3,24.3,24,24,840
2026-03-23 09:30:00,24,24.15,23.91,24.15,20814
2026-03-23 09:35:00,24.18,24.61,24.13,24.61,9155
2026-03-23 09:40:00,24.65,24.72,24.58,24.59,20739
2026-03-23 09:45:00,24.59,24.8,24.55,24.8,18624
2026-03-23 09:50:00,24.77,24.86,24.7,24.82,7793
2026-03-23 09:55:00,24.81,24.93,24.75,24.895,9388
2026-03-23 10:00:00,24.9,25.0491,24.9,24.995,11418
2026-03-23 10:05:00,24.94,24.9991,24.9,24.9988,23444
2026-03-23 10:10:00,24.985,25.04,24.935,25,7890
2026-03-23 10:15:00,25.04,25.19,25.04,25.17,23449
2026-03-23 10:20:00,25.15,25.25,25.15,25.25,11113
2026-03-23 10:25:00,25.21,25.245,25.19,25.24,9835
2026-03-23 10:30:00,25.2,25.215,25.13,25.14,11917
2026-03-23 10:35:00,25.185,25.21,25.08,25.195,11296
2026-03-23 10:40:00,25.15,25.2701,25.15,25.27,8632
2026-03-23 10:45:00,25.24,25.315,25.15,25.28,15804
2026-03-23 10:50:00,25.29,25.31,25.27,25.27,2437
2026-03-23 10:55:00,25.28,25.28,25.1,25.125,4062
2026-03-23 11:00:00,25.12,25.32,25.12,25.32,2715
2026-03-23 11:05:00,25.29,25.46,25.29,25.46,3228
2026-03-23 11:10:00,25.46,25.48,25.38,25.38,6910
2026-03-23 11:15:00,25.4,25.4001,25.33,25.35,5600
2026-03-23 11:20:00,25.31,25.485,25.2866,25.485,3920
2026-03-23 11:25:00,25.465,25.5,25.2901,25.32,8799
2026-03-23 11:30:00,25.38,25.38,25.31,25.31,4155
2026-03-23 11:35:00,25.29,25.29,25.1307,25.1307,5080
2026-03-23 11:40:00,25.13,25.155,25.07,25.115,15454
2026-03-23 11:45:00,25.08,25.1,25,25.08,6701
2026-03-23 11:50:00,25.08,25.08,24.96,24.975,7642
2026-03-23 11:55:00,24.94,24.94,24.7,24.73,7211
2026-03-23 12:00:00,24.74,24.85,24.74,24.79,18788
2026-03-23 12:05:00,24.78,24.91,24.78,24.87,1720
2026-03-23 12:10:00,24.9,24.97,24.89,24.93,4053
2026-03-23 12:15:00,24.96,25.01,24.88,24.88,5586
2026-03-23 12:20:00,24.895,24.895,24.82,24.83,425
2026-03-23 12:25:00,24.793,24.84,24.75,24.75,3684
2026-03-23 12:30:00,24.74,24.84,24.74,24.82,2631
2026-03-23 12:35:00,24.9,24.9,24.85,24.85,4155
2026-03-23 12:40:00,24.84,24.9,24.84,24.9,900
2026-03-23 12:45:00,24.88,24.96,24.88,24.95,6079
2026-03-23 12:50:00,24.96,25.005,24.9,24.9,2285
2026-03-23 12:55:00,24.91,24.91,24.835,24.84,525
2026-03-23 13:00:00,24.855,24.88,24.78,24.78,3513
2026-03-23 13:05:00,24.75,24.835,24.73,24.82,3730
2026-03-23 13:10:00,24.8,24.8196,24.8,24.8196,2200
2026-03-23 13:15:00,24.71,24.72,24.665,24.71,1225
2026-03-23 13:20:00,24.635,24.7,24.62,24.68,5470
2026-03-23 13:25:00,24.7,24.75,24.7,24.75,600
2026-03-23 13:30:00,24.76,24.89,24.76,24.84,9995
2026-03-23 13:35:00,24.93,24.98,24.885,24.885,2080
2026-03-23 13:40:00,24.91,24.91,24.8,24.81,1760
2026-03-23 13:45:00,24.795,24.795,24.76,24.77,549
2026-03-23 13:50:00,24.8,24.87,24.79,24.87,4095
2026-03-23 14:00:00,24.895,24.92,24.87,24.92,925
2026-03-23 14:05:00,24.83,24.845,24.79,24.84,2860
2026-03-23 14:10:00,24.88,24.88,24.88,24.88,100
2026-03-23 14:15:00,24.85,24.85,24.84,24.84,720
2026-03-23 14:20:00,25.01,25.02,24.98,25.0053,500
2026-03-23 14:25:00,25.03,25.03,25.015,25.02,464
2026-03-23 14:30:00,25.03,25.17,25.03,25.17,3418
2026-03-23 14:35:00,25.23,25.23,25.22,25.22,330
2026-03-23 14:40:00,25.21,25.26,25.19,25.21,2394
2026-03-23 14:45:00,25.18,25.22,25.18,25.2056,1519
2026-03-23 14:50:00,25.23,25.23,25.16,25.16,675
2026-03-23 14:55:00,25.17,25.17,25.14,25.14,700
2026-03-23 15:00:00,25.12,25.125,25.1068,25.115,1155
2026-03-23 15:05:00,25.14,25.14,25.13,25.14,1235
2026-03-23 15:10:00,25.09,25.12,25.09,25.11,400
2026-03-23 15:15:00,25.13,25.1405,25.12,25.12,650
2026-03-23 15:20:00,25.1424,25.1424,25.08,25.095,1075
2026-03-23 15:25:00,25.05,25.05,25.05,25.05,100
2026-03-23 15:30:00,25.12,25.2,25.12,25.16,3863
2026-03-23 15:35:00,25.185,25.23,25.185,25.23,300
2026-03-23 15:40:00,25.17,25.17,25.16,25.17,500
2026-03-23 15:45:00,25.17,25.2801,25.165,25.26,4785
2026-03-23 15:50:00,25.22,25.22,25.1098,25.13,1801
2026-03-23 15:55:00,25.155,25.155,25.03,25.03,4394
2026-03-23 16:00:00,25.07,25.19,25.07,25.19,208
2026-03-23 16:10:00,25.15,25.15,25.14,25.14,2274
2026-03-23 16:35:00,25.06,25.06,25.06,25.06,100
2026-03-23 17:40:00,25.08,25.08,25.08,25.08,431
2026-03-23 17:45:00,25.01,25.01,25.01,25.01,120
2026-03-23 18:25:00,25.0057,25.0057,25.0057,25.0057,100
2026-03-23 18:30:00,25.01,25.01,25.01,25.01,100
2026-03-23 18:45:00,25.0672,25.07,25.0672,25.07,480
2026-03-23 18:50:00,25.07,25.07,25.07,25.07,618
2026-03-23 19:40:00,25.13,25.13,25.13,25.13,257
2026-03-23 19:55:00,25.15,25.15,25.14,25.14,400
2026-03-24 04:00:00,25.08,25.08,25.08,25.08,100
2026-03-24 04:10:00,25.07,25.07,25.07,25.07,200
2026-03-24 04:15:00,24.91,24.91,24.88,24.88,592
2026-03-24 04:30:00,24.89,24.89,24.85,24.85,890
2026-03-24 04:35:00,24.85,24.85,24.85,24.85,204
2026-03-24 04:45:00,24.87,24.87,24.86,24.86,500
2026-03-24 04:50:00,24.73,24.73,24.72,24.72,1585
2026-03-24 05:05:00,24.61,24.61,24.58,24.58,1739
2026-03-24 06:05:00,24.85,24.85,24.85,24.85,100
2026-03-24 07:00:00,24.84,24.84,24.84,24.84,100
2026-03-24 07:05:00,24.83,24.83,24.83,24.83,100
2026-03-24 07:10:00,24.84,24.84,24.84,24.84,200
2026-03-24 08:00:00,24.84,25.04,23.88,24.69,18781
2026-03-24 08:15:00,24.73,24.73,24.73,24.73,190
2026-03-24 08:30:00,24.62,24.62,24.6,24.6,300
2026-03-24 08:35:00,24.51,24.51,24.5,24.5,240
2026-03-24 08:40:00,24.5,24.5,24.5,24.5,100
2026-03-24 08:45:00,24.45,24.45,24.45,24.45,123
2026-03-24 08:50:00,24.4,24.4,24.4,24.4,200
2026-03-24 08:55:00,24.5,24.5,24.5,24.5,100
2026-03-24 09:05:00,24.4,24.4,24.28,24.28,1009
2026-03-24 09:25:00,24.44,24.44,24.32,24.32,525
2026-03-24 09:30:00,24.33,24.7281,24.33,24.68,11419
2026-03-24 09:35:00,24.65,24.66,24.36,24.36,8231
2026-03-24 09:40:00,24.31,24.46,24.31,24.41,6820
2026-03-24 09:45:00,24.42,24.445,24.28,24.28,7821
2026-03-24 09:50:00,24.25,24.3025,24.19,24.3025,6482
2026-03-24 09:55:00,24.335,24.43,24.335,24.43,6065
2026-03-24 10:00:00,24.4814,24.5397,24.4814,24.52,1172
2026-03-24 10:05:00,24.5312,24.68,24.5,24.68,3562
2026-03-24 10:10:00,24.69,24.69,24.45,24.46,3725
2026-03-24 10:15:00,24.48,24.48,24.4,24.45,3746
2026-03-24 10:20:00,24.48,24.48,24.35,24.35,1641
2026-03-24 10:25:00,24.355,24.355,24.26,24.26,4150
2026-03-24 10:30:00,24.3,24.37,24.28,24.37,2975
2026-03-24 10:35:00,24.35,24.36,24.191,24.25,2713
2026-03-24 10:40:00,24.245,24.39,24.245,24.37,3657
2026-03-24 10:45:00,24.35,24.405,24.32,24.33,8592
2026-03-24 10:50:00,24.3,24.705,24.27,24.505,2871
2026-03-24 10:55:00,24.5,24.57,24.32,24.41,5000
2026-03-24 11:00:00,24.47,24.47,24.4378,24.44,3480
2026-03-24 11:05:00,24.44,24.4686,24.425,24.44,1725
2026-03-24 11:10:00,24.41,24.445,24.4,24.42,2622
2026-03-24 11:15:00,24.44,24.52,24.43,24.51,1610
2026-03-24 11:20:00,24.5,24.6259,24.4614,24.574,3263
2026-03-24 11:25:00,24.61,24.611,24.54,24.54,2200
2026-03-24 11:30:00,24.555,24.555,24.45,24.47,1237
2026-03-24 11:35:00,24.46,24.53,24.46,24.53,1150
2026-03-24 11:40:00,24.49,24.5,24.4401,24.46,4003
2026-03-24 11:45:00,24.485,24.485,24.485,24.485,125
2026-03-24 11:50:00,24.5,24.52,24.5,24.52,2361
2026-03-24 11:55:00,24.52,24.52,24.38,24.42,3399
2026-03-24 12:00:00,24.44,24.47,24.42,24.42,4256
2026-03-24 12:05:00,24.42,24.4401,24.39,24.44,2502
2026-03-24 12:10:00,24.45,24.4684,24.43,24.4684,1550
2026-03-24 12:15:00,24.46,24.6,24.46,24.6,6226
2026-03-24 12:20:00,24.65,24.6699,24.6,24.665,1318
2026-03-24 12:25:00,24.655,24.66,24.62,24.66,2500
2026-03-24 12:30:00,24.68,24.685,24.655,24.685,3386
2026-03-24 12:35:00,24.6499,24.6499,24.59,24.59,2925
2026-03-24 12:40:00,24.56,24.57,24.555,24.555,300
2026-03-24 12:45:00,24.63,24.65,24.63,24.63,1050
2026-03-24 12:50:00,24.66,24.66,24.66,24.66,100
2026-03-24 12:55:00,24.62,24.68,24.62,24.66,810
2026-03-24 13:00:00,24.62,24.62,24.5,24.5,1075
2026-03-24 13:05:00,24.5,24.51,24.41,24.41,4912
2026-03-24 13:10:00,24.41,24.415,24.3783,24.38,1030
2026-03-24 13:15:00,24.38,24.42,24.38,24.4,895
2026-03-24 13:20:00,24.44,24.44,24.4207,24.4207,275
2026-03-24 13:25:00,24.45,24.4644,24.45,24.45,750
2026-03-24 13:30:00,24.48,24.48,24.44,24.44,300
2026-03-24 13:35:00,24.4,24.47,24.38,24.46,1325
2026-03-24 13:40:00,24.51,24.515,24.455,24.455,610
2026-03-24 13:45:00,24.45,24.49,24.45,24.47,4538
2026-03-24 13:50:00,24.47,24.56,24.465,24.5,2489
2026-03-24 13:55:00,24.56,24.68,24.56,24.67,3075
2026-03-24 14:00:00,24.705,24.705,24.66,24.67,2884
2026-03-24 14:05:00,24.66,24.69,24.64,24.64,925
2026-03-24 14:10:00,24.645,24.65,24.61,24.62,3058
2026-03-24 14:15:00,24.6,24.68,24.59,24.65,1620
2026-03-24 14:20:00,24.69,24.69,24.62,24.65,3650
2026-03-24 14:25:00,24.695,24.71,24.675,24.69,2031
2026-03-24 14:30:00,24.78,24.8099,24.7516,24.76,1903
2026-03-24 14:35:00,24.77,24.86,24.77,24.86,1600
2026-03-24 14:40:00,24.855,24.855,24.7604,24.78,2050
2026-03-24 14:45:00,24.78,24.78,24.7097,24.715,1250
2026-03-24 14:50:00,24.735,24.79,24.735,24.735,900
2026-03-24 14:55:00,24.72,24.735,24.7005,24.735,2060
2026-03-24 15:00:00,24.74,24.82,24.74,24.82,4660
2026-03-24 15:05:00,24.83,24.87,24.83,24.86,2800
2026-03-24 15:10:00,24.86,24.88,24.86,24.87,500
2026-03-24 15:15:00,24.9,24.9165,24.875,24.9165,1700
2026-03-24 15:20:00,24.9,24.9,24.85,24.89,6300
2026-03-24 15:25:00,24.86,24.86,24.8,24.8,1350
2026-03-24 15:30:00,24.79,24.81,24.79,24.81,400
2026-03-24 15:35:00,24.79,24.815,24.772,24.815,1471
2026-03-24 15:40:00,24.82,24.84,24.815,24.84,855
2026-03-24 15:45:00,24.83,24.89,24.8212,24.885,1997
2026-03-24 15:50:00,24.9,24.91,24.85,24.85,3737
2026-03-24 15:55:00,24.865,24.865,24.79,24.79,8261
2026-03-24 16:00:00,24.8,24.8,24.62,24.62,656
2026-03-24 16:05:00,24.75,24.75,24.75,24.75,785
2026-03-24 16:20:00,24.8,24.91,24.8,24.91,536
2026-03-24 16:25:00,25,25,24.89,24.89,306
2026-03-24 16:30:00,25,25,25,25,103
2026-03-24 16:35:00,25,25,25,25,200
2026-03-24 17:00:00,25.14,25.15,25.13,25.13,1775
2026-03-24 17:10:00,25.15,25.15,25.15,25.15,200
2026-03-24 17:15:00,25.2,25.2,25.2,25.2,400
2026-03-24 17:20:00,25.1,25.1,25.1,25.1,250
2026-03-24 17:40:00,25.15,25.15,25.15,25.15,100
2026-03-24 18:10:00,25.2,25.2,25.2,25.2,340
2026-03-24 18:20:00,25.0807,25.0807,25.0807,25.0807,125
2026-03-24 18:30:00,25.2,25.2,25.2,25.2,100
2026-03-24 18:35:00,25.2,25.2,25.2,25.2,1000
2026-03-24 19:10:00,25.18,25.18,25.18,25.18,1000
2026-03-24 19:20:00,25.25,25.34,25.25,25.34,474
2026-03-24 19:25:00,25.4499,25.45,25.44,25.45,1555
2026-03-24 19:40:00,25.42,25.42,25.42,25.42,300
2026-03-24 19:55:00,25.41,25.42,25.41,25.42,10121
2026-03-25 04:00:00,27,27.08,26.9,27,1841
2026-03-25 04:05:00,26.95,27.06,26.95,27.06,3145
2026-03-25 04:10:00,26.96,27.19,26.95,27.13,3485
2026-03-25 04:15:00,27.23,27.24,27.23,27.24,350
2026-03-25 04:20:00,27.25,27.25,27.25,27.25,1433
2026-03-25 04:25:00,27.28,27.3,27.22,27.28,1101
2026-03-25 04:30:00,27.25,27.25,27.25,27.25,668
2026-03-25 04:35:00,27.25,27.25,27.1,27.1,976
2026-03-25 04:40:00,27.14,27.16,27.14,27.16,1606
2026-03-25 04:45:00,27.15,27.19,27.15,27.19,701
2026-03-25 04:55:00,27.1,27.1,27.01,27.05,1657
2026-03-25 05:00:00,27.08,27.08,27.08,27.08,100
2026-03-25 05:05:00,27.1,27.1,27.1,27.1,100
2026-03-25 05:15:00,27,27,27,27,120
2026-03-25 05:20:00,26.89,26.89,26.89,26.89,433
2026-03-25 05:25:00,26.88,26.88,26.65,26.69,2709
2026-03-25 05:30:00,26.79,26.79,26.45,26.45,1700
2026-03-25 05:35:00,26.44,26.46,26.44,26.45,6712
2026-03-25 05:40:00,26.19,26.24,26.14,26.14,1048
2026-03-25 05:45:00,26.23,26.26,26.19,26.26,4010
2026-03-25 05:55:00,26.5,26.58,26.5,26.58,400
2026-03-25 06:20:00,26.7,26.7,26.7,26.7,100
2026-03-25 06:30:00,26.77,26.78,26.77,26.78,960
2026-03-25 06:35:00,26.65,26.78,26.65,26.78,200
2026-03-25 07:00:00,26.6,26.6,26.54,26.55,9553
2026-03-25 07:10:00,26.61,26.61,26.61,26.61,300
2026-03-25 07:15:00,26.75,26.78,26.65,26.7,1554
2026-03-25 07:25:00,26.69,26.69,26.69,26.69,200
2026-03-25 07:30:00,26.8,26.8,26.75,26.75,4400
2026-03-25 07:50:00,26.63,26.63,26.63,26.63,500
2026-03-25 08:00:00,26.5473,28.3,25.25,26.74,32465
2026-03-25 08:10:00,26.77,26.79,26.77,26.77,4489
2026-03-25 08:20:00,26.47,26.47,26.44,26.44,1220
2026-03-25 08:25:00,26.5,26.63,26.42,26.42,1390
2026-03-25 08:30:00,26.32,26.32,26.32,26.32,100
2026-03-25 08:45:00,26.35,26.35,26.35,26.35,300
2026-03-25 08:50:00,26.36,26.36,26.35,26.35,1503
2026-03-25 08:55:00,26.35,26.4,26.35,26.4,811
2026-03-25 09:00:00,26.35,26.36,26.35,26.35,1243
2026-03-25 09:05:00,26.33,26.33,26.33,26.33,1200
2026-03-25 09:10:00,26.29,26.3,26.24,26.3,1242
2026-03-25 09:15:00,26.24,26.3,26.24,26.3,2600
2026-03-25 09:20:00,26.3,26.3,26.3,26.3,101
2026-03-25 09:25:00,26.2,26.4,26.2,26.4,400
2026-03-25 09:30:00,26.34,26.52,26.16,26.215,31315
2026-03-25 09:35:00,26.24,26.44,26.1785,26.26,19357
2026-03-25 09:40:00,26.3,26.38,26.26,26.26,9105
2026-03-25 09:45:00,26.2506,26.33,26.23,26.23,4413
2026-03-25 09:50:00,26.21,26.22,26.08,26.08,7996
2026-03-25 09:55:00,26.12,26.26,26.1,26.16,5431
2026-03-25 10:00:00,26.0938,26.2,26.06,26.2,3494
2026-03-25 10:05:00,26.25,26.5198,26.25,26.5198,11852
2026-03-25 10:10:00,26.495,26.6,26.4683,26.58,7820
2026-03-25 10:15:00,26.48,26.6282,26.48,26.61,4523
2026-03-25 10:20:00,26.57,26.63,26.4945,26.4945,11720
2026-03-25 10:25:00,26.48,26.6324,26.46,26.46,4749
2026-03-25 10:30:00,26.48,26.56,26.47,26.54,2075
2026-03-25 10:35:00,26.515,26.53,26.425,26.44,1529
2026-03-25 10:40:00,26.45,26.52,26.45,26.4992,5457
2026-03-25 10:45:00,26.47,26.5399,26.45,26.53,2000
2026-03-25 10:50:00,26.505,26.51,26.44,26.46,6224
2026-03-25 10:55:00,26.4301,26.456,26.39,26.43,12749
2026-03-25 11:00:00,26.38,26.43,26.32,26.42,4346
2026-03-25 11:05:00,26.42,26.42,26.26,26.26,3074
2026-03-25 11:10:00,26.29,26.29,26.2,26.2,4260
2026-03-25 11:15:00,26.17,26.185,25.95,26.01,10495
2026-03-25 11:20:00,26.1,26.3,26.0983,26.295,4246
2026-03-25 11:25:00,26.3,26.31,26.27,26.3092,2193
2026-03-25 11:30:00,26.32,26.38,26.32,26.32,3837
2026-03-25 11:35:00,26.34,26.36,26.29,26.32,14385
2026-03-25 11:40:00,26.335,26.36,26.285,26.3,6438
2026-03-25 11:45:00,26.33,26.365,26.325,26.34,6310
2026-03-25 11:50:00,26.34,26.34,26.28,26.31,1698
2026-03-25 11:55:00,26.32,26.395,26.285,26.395,2289
2026-03-25 12:00:00,26.43,26.49,26.415,26.415,6401
2026-03-25 12:05:00,26.45,26.5,26.44,26.49,5941
2026-03-25 12:10:00,26.5,26.65,26.49,26.61,5747
2026-03-25 12:15:00,26.625,26.625,26.53,26.55,5035
2026-03-25 12:20:00,26.56,26.62,26.56,26.62,1621
2026-03-25 12:25:00,26.615,26.67,26.6,26.66,6692
2026-03-25 12:30:00,26.66,26.68,26.6504,26.66,1000
2026-03-25 12:35:00,26.65,26.66,26.63,26.645,835
2026-03-25 12:40:00,26.64,26.6663,26.63,26.6663,1105
2026-03-25 12:45:00,26.59,26.605,26.57,26.57,1880
2026-03-25 12:50:00,26.62,26.705,26.61,26.705,2325
2026-03-25 12:55:00,26.7,26.7,26.665,26.665,700
2026-03-25 13:00:00,26.7,26.78,26.7,26.77,6512
2026-03-25 13:05:00,26.67,26.69,26.64,26.65,2786
2026-03-25 13:10:00,26.625,26.67,26.625,26.67,700
2026-03-25 13:15:00,26.615,26.66,26.6,26.66,550
2026-03-25 13:20:00,26.62,26.67,26.62,26.65,935
2026-03-25 13:25:00,26.655,26.655,26.65,26.65,650
2026-03-25 13:30:00,26.635,26.635,26.62,26.62,1272
2026-03-25 13:35:00,26.6874,26.695,26.66,26.685,5700
2026-03-25 13:40:00,26.7,26.83,26.7,26.71,2574
2026-03-25 13:45:00,26.72,26.735,26.67,26.7,2108
2026-03-25 13:50:00,26.695,26.72,26.64,26.64,1703
2026-03-25 13:55:00,26.61,26.715,26.6,26.6,4152
2026-03-25 14:00:00,26.6,26.63,26.6,26.61,1220
2026-03-25 14:05:00,26.64,26.64,26.61,26.61,400
2026-03-25 14:10:00,26.6,26.6,26.6,26.6,988
2026-03-25 14:15:00,26.6,26.625,26.575,26.575,1950
2026-03-25 14:20:00,26.57,26.6,26.57,26.6,800
2026-03-25 14:25:00,26.57,26.57,26.5,26.525,3660
2026-03-25 14:30:00,26.52,26.54,26.52,26.54,700
2026-03-25 14:35:00,26.54,26.54,26.52,26.52,725
2026-03-25 14:40:00,26.52,26.52,26.49,26.49,439
2026-03-25 14:45:00,26.4998,26.51,26.49,26.51,1645
2026-03-25 14:50:00,26.52,26.54,26.52,26.54,300
2026-03-25 14:55:00,26.55,26.55,26.46,26.475,3290
2026-03-25 15:00:00,26.46,26.46,26.4492,26.45,2155
2026-03-25 15:05:00,26.475,26.4933,26.475,26.48,1702
2026-03-25 15:10:00,26.48,26.5,26.45,26.5,967
2026-03-25 15:15:00,26.505,26.54,26.505,26.54,685
2026-03-25 15:20:00,26.58,26.58,26.5399,26.5399,590
2026-03-25 15:25:00,26.53,26.53,26.48,26.51,1748
2026-03-25 15:35:00,26.56,26.57,26.56,26.57,370
2026-03-25 15:40:00,26.575,26.58,26.57,26.5795,1430
2026-03-25 15:45:00,26.5565,26.56,26.51,26.56,2374
2026-03-25 15:50:00,26.56,26.58,26.56,26.57,500
2026-03-25 15:55:00,26.6,26.6161,26.54,26.56,4089
2026-03-25 16:00:00,26.57,26.63,26.57,26.63,872
2026-03-25 16:40:00,26.6129,26.6129,26.6129,26.6129,100
2026-03-25 17:05:00,26.63,26.63,26.63,26.63,200
2026-03-25 17:25:00,26.63,26.63,26.63,26.63,120
2026-03-25 17:40:00,26.5,26.5,26.5,26.5,100
2026-03-25 17:55:00,26.49,26.49,26.49,26.49,300
2026-03-25 19:15:00,26.45,26.46,26.45,26.46,864
2026-03-25 19:20:00,26.46,26.46,26.46,26.46,544
2026-03-25 19:30:00,26.46,26.46,26.46,26.46,544
2026-03-25 19:40:00,26.46,26.46,26.46,26.46,200
2026-03-25 19:45:00,26.44,26.44,26.44,26.44,1743
2026-03-26 04:00:00,25.1,25.1,24.91,24.91,949
2026-03-26 04:05:00,24.89,24.89,24.89,24.89,100
2026-03-26 04:10:00,24.74,24.74,24.73,24.73,450
2026-03-26 04:15:00,24.73,24.73,24.73,24.73,200
2026-03-26 04:20:00,24.67,24.7,24.66,24.7,2440
2026-03-26 04:25:00,24.7,24.7,24.7,24.7,150
2026-03-26 04:30:00,24.72,24.72,24.72,24.72,630
2026-03-26 04:35:00,24.8,24.8,24.8,24.8,190
2026-03-26 04:40:00,24.74,24.74,24.74,24.74,133
2026-03-26 04:45:00,24.73,24.73,24.73,24.73,300
2026-03-26 04:50:00,24.71,24.73,24.68,24.68,877
2026-03-26 04:55:00,24.73,24.73,24.73,24.73,1778
2026-03-26 05:05:00,24.7,24.7,24.7,24.7,182
2026-03-26 05:10:00,24.85,24.85,24.85,24.85,490
2026-03-26 05:15:00,24.85,24.85,24.85,24.85,100
2026-03-26 05:35:00,24.61,24.61,24.52,24.52,502
2026-03-26 05:45:00,24.6,24.6,24.6,24.6,150
2026-03-26 05:50:00,24.65,24.66,24.65,24.65,2330
2026-03-26 06:15:00,24.8,24.8,24.8,24.8,620
2026-03-26 06:30:00,24.76,24.88,24.76,24.88,1281
2026-03-26 06:35:00,24.87,24.88,24.87,24.88,300
2026-03-26 06:50:00,24.83,24.83,24.83,24.83,100
2026-03-26 06:55:00,24.8,24.8,24.8,24.8,100
2026-03-26 07:05:00,24.9,24.9,24.86,24.86,825
2026-03-26 07:10:00,24.9,24.91,24.9,24.91,5095
2026-03-26 07:15:00,24.92,24.92,24.88,24.89,6373
2026-03-26 07:20:00,24.88,24.88,24.88,24.88,1000
2026-03-26 07:25:00,24.81,24.81,24.79,24.79,4930
2026-03-26 07:35:00,24.75,24.81,24.75,24.81,975
2026-03-26 07:55:00,24.72,24.72,24.65,24.65,1114
2026-03-26 08:00:00,24.8,25.5,24.5,25.5,29733
2026-03-26 08:05:00,24.72,24.79,24.72,24.79,1000
2026-03-26 08:10:00,24.78,24.78,24.78,24.78,100
2026-03-26 08:15:00,24.84,24.84,24.84,24.84,100
2026-03-26 08:20:00,24.78,24.78,24.78,24.78,463
2026-03-26 08:35:00,24.89,24.9,24.8,24.8,614
2026-03-26 08:45:00,24.84,24.84,24.84,24.84,124
2026-03-26 09:05:00,24.86,24.86,24.85,24.85,1260
2026-03-26 09:10:00,24.98,25.05,24.98,25.05,400
2026-03-26 09:15:00,25.05,25.05,25.05,25.05,610
2026-03-26 09:25:00,24.93,25.24,24.93,25.24,3152
2026-03-26 09:30:00,25.14,25.38,25.04,25.38,31555
2026-03-26 09:35:00,25.38,25.38,25.1,25.1,7155
2026-03-26 09:40:00,25.15,25.2,25.095,25.2,2399
2026-03-26 09:45:00,25.19,25.29,25.1,25.23,9917
2026-03-26 09:50:00,25.26,25.345,25.17,25.345,14224
2026-03-26 09:55:00,25.23,25.27,25.0252,25.22,5468
2026-03-26 10:00:00,25.22,25.22,25.17,25.209,3171
2026-03-26 10:05:00,25.0935,25.18,25.09,25.11,6546
2026-03-26 10:10:00,25.16,25.227,25.12,25.195,5349
2026-03-26 10:15:00,25.2698,25.2698,25.23,25.26,2350
2026-03-26 10:20:00,25.25,25.32,25.25,25.285,5095
2026-03-26 10:25:00,25.265,25.38,25.255,25.27,6245
2026-03-26 10:30:00,25.29,25.2967,25.19,25.235,4577
2026-03-26 10:35:00,25.17,25.1798,25.1,25.14,4977
2026-03-26 10:40:00,25.16,25.25,24.91,24.92,18578
2026-03-26 10:45:00,24.98,24.99,24.9,24.96,6978
2026-03-26 10:50:00,24.96,24.96,24.735,24.735,7611
2026-03-26 10:55:00,24.7,24.89,24.68,24.89,2023
2026-03-26 11:00:00,24.895,24.93,24.86,24.86,3037
2026-03-26 11:05:00,24.86,24.895,24.79,24.8,4912
2026-03-26 11:10:00,24.83,24.89,24.83,24.8599,1709
2026-03-26 11:15:00,24.84,24.84,24.72,24.72,6276
2026-03-26 11:20:00,24.73,24.74,24.65,24.7,4082
2026-03-26 11:25:00,24.69,24.7,24.6699,24.7,1530
2026-03-26 11:30:00,24.69,24.69,24.59,24.62,2389
2026-03-26 11:35:00,24.64,24.64,24.6209,24.63,2150
2026-03-26 11:40:00,24.65,24.66,24.65,24.65,820
2026-03-26 11:45:00,24.6501,24.72,24.64,24.72,1450
2026-03-26 11:50:00,24.75,24.76,24.73,24.75,1330
2026-03-26 11:55:00,24.77,24.77,24.68,24.685,1024
2026-03-26 12:00:00,24.6396,24.66,24.62,24.66,1919
2026-03-26 12:05:00,24.635,24.685,24.635,24.68,3594
2026-03-26 12:10:00,24.6783,24.6783,24.63,24.63,410
2026-03-26 12:15:00,24.63,24.63,24.54,24.63,5696
2026-03-26 12:20:00,24.5903,24.5954,24.545,24.5501,3581
2026-03-26 12:25:00,24.54,24.54,24.45,24.485,21443
2026-03-26 12:30:00,24.49,24.55,24.49,24.545,2310
2026-03-26 12:35:00,24.56,24.59,24.55,24.55,580
2026-03-26 12:40:00,24.53,24.56,24.5,24.5,2809
2026-03-26 12:45:00,24.52,24.545,24.51,24.545,1240
2026-03-26 12:50:00,24.53,24.57,24.525,24.57,600
2026-03-26 12:55:00,24.59,24.61,24.58,24.605,1867
2026-03-26 13:00:00,24.62,24.68,24.62,24.68,3211
2026-03-26 13:05:00,24.675,24.675,24.6598,24.6598,829
2026-03-26 13:10:00,24.6065,24.6065,24.57,24.57,1434
2026-03-26 13:15:00,24.56,24.57,24.54,24.57,1710
2026-03-26 13:20:00,24.5579,24.5579,24.54,24.54,870
2026-03-26 13:25:00,24.54,24.54,24.5,24.52,1100
2026-03-26 13:30:00,24.5663,24.6,24.54,24.6,1208
2026-03-26 13:35:00,24.615,24.615,24.59,24.59,710
2026-03-26 13:40:00,24.57,24.57,24.57,24.57,200
2026-03-26 13:45:00,24.565,24.5793,24.55,24.55,5920
2026-03-26 13:50:00,24.505,24.54,24.5,24.54,2122
2026-03-26 13:55:00,24.5312,24.5312,24.45,24.455,2188
2026-03-26 14:00:00,24.47,24.54,24.47,24.535,2600
2026-03-26 14:05:00,24.54,24.54,24.505,24.513,1490
2026-03-26 14:10:00,24.505,24.505,24.49,24.49,3790
2026-03-26 14:15:00,24.49,24.49,24.4612,24.47,1400
2026-03-26 14:20:00,24.421,24.48,24.42,24.47,5380
2026-03-26 14:25:00,24.42,24.42,24.39,24.42,1030
2026-03-26 14:30:00,24.485,24.51,24.485,24.51,1085
2026-03-26 14:35:00,24.5599,24.62,24.5599,24.62,450
2026-03-26 14:40:00,24.62,24.65,24.61,24.61,896
2026-03-26 14:45:00,24.59,24.59,24.57,24.58,2890
2026-03-26 14:50:00,24.61,24.66,24.61,24.655,2058
2026-03-26 14:55:00,24.66,24.69,24.65,24.69,850
2026-03-26 15:00:00,24.68,24.7,24.63,24.63,1000
2026-03-26 15:05:00,24.63,24.63,24.53,24.53,1475
2026-03-26 15:10:00,24.595,24.6,24.59,24.6,750
2026-03-26 15:15:00,24.63,24.635,24.62,24.62,1075
2026-03-26 15:20:00,24.615,24.64,24.615,24.63,1350
2026-03-26 15:25:00,24.61,24.61,24.58,24.58,676
2026-03-26 15:30:00,24.59,24.59,24.56,24.59,1100
2026-03-26 15:35:00,24.57,24.61,24.57,24.595,2400
2026-03-26 15:40:00,24.58,24.64,24.58,24.63,1168
2026-03-26 15:45:00,24.655,24.69,24.62,24.69,7208
2026-03-26 15:50:00,24.7,24.7,24.62,24.62,4374
2026-03-26 15:55:00,24.62,24.72,24.62,24.71,9173
2026-03-26 16:00:00,24.71,24.71,24.55,24.55,590
2026-03-26 16:15:00,24.8,24.8,24.8,24.8,1000
2026-03-26 16:20:00,24.96,24.96,24.81,24.91,2945
2026-03-26 16:25:00,24.8,24.8,24.8,24.8,200
2026-03-26 16:30:00,24.82,24.82,24.82,24.82,293
2026-03-26 16:45:00,24.88,24.88,24.88,24.88,100
2026-03-26 17:00:00,24.75,24.75,24.75,24.75,180
2026-03-26 17:05:00,24.78,24.78,24.78,24.78,400
2026-03-26 18:05:00,24.8,24.8,24.8,24.8,4696
2026-03-26 18:10:00,24.91,24.91,24.91,24.91,100
2026-03-26 18:45:00,24.85,24.85,24.85,24.85,300
2026-03-26 19:20:00,24.86,24.86,24.86,24.86,235
2026-03-26 19:35:00,24.81,24.81,24.81,24.81,100
2026-03-26 19:40:00,24.8,24.8,24.8,24.8,650
2026-03-26 19:55:00,24.85,24.86,24.85,24.86,360
2026-03-27 04:00:00,24.55,24.55,24.55,24.55,1200
2026-03-27 04:40:00,24.52,24.52,24.49,24.49,550
2026-03-27 05:05:00,24.44,24.44,24.44,24.44,250
2026-03-27 05:10:00,24.38,24.38,24.31,24.31,2189
2026-03-27 05:15:00,24.32,24.32,24.32,24.32,1651
2026-03-27 05:25:00,24.32,24.33,24.32,24.33,200
2026-03-27 05:45:00,24.39,24.39,24.39,24.39,100
2026-03-27 06:35:00,24.2,24.2,24.2,24.2,190
2026-03-27 06:45:00,24,24,23.97,23.97,727
2026-03-27 06:55:00,23.82,23.98,23.82,23.98,520
2026-03-27 07:00:00,23.89,23.89,23.79,23.8,2100
2026-03-27 07:05:00,23.87,23.87,23.8,23.8,630
2026-03-27 07:25:00,23.86,23.86,23.86,23.86,200
2026-03-27 07:40:00,23.92,23.92,23.92,23.92,500
2026-03-27 07:45:00,23.92,23.92,23.92,23.92,1932
2026-03-27 07:50:00,23.98,23.98,23.98,23.98,500
2026-03-27 08:00:00,23.81,24.6,23.81,24.6,628
2026-03-27 08:05:00,24,24,23.8,23.8,200
2026-03-27 08:10:00,23.81,23.81,23.81,23.81,1052
2026-03-27 08:15:00,23.81,23.81,23.8,23.8,325
2026-03-27 08:20:00,23.86,23.86,23.86,23.86,195
2026-03-27 08:35:00,23.81,23.81,23.81,23.81,1087
2026-03-27 08:40:00,23.8614,23.8614,23.8614,23.8614,100
2026-03-27 08:50:00,23.9982,23.9982,23.9982,23.9982,200
2026-03-27 08:55:00,23.96,23.96,23.96,23.96,100
2026-03-27 09:00:00,23.86,23.86,23.86,23.86,175
2026-03-27 09:05:00,23.96,23.96,23.96,23.96,943
2026-03-27 09:10:00,23.94,23.94,23.94,23.94,200
2026-03-27 09:15:00,23.93,23.93,23.93,23.93,100
2026-03-27 09:25:00,23.98,24.08,23.98,24.08,397
2026-03-27 09:30:00,24.03,24.28,23.97,24.165,9255
2026-03-27 09:35:00,24.13,24.29,24.11,24.18,5976
2026-03-27 09:40:00,24.19,24.27,24.17,24.27,7277
2026-03-27 09:45:00,24.26,24.28,24.11,24.11,7503
2026-03-27 09:50:00,23.89,23.99,23.89,23.96,1486
2026-03-27 09:55:00,23.9,23.9138,23.8531,23.9138,12995
2026-03-27 10:00:00,23.88,24.01,23.88,24.01,1443
2026-03-27 10:05:00,23.9781,23.98,23.8,23.89,10650
2026-03-27 10:10:00,23.93,23.95,23.9,23.94,4278
2026-03-27 10:15:00,23.9414,24.05,23.9414,24.04,15579
2026-03-27 10:20:00,24.05,24.05,23.94,23.94,1275
2026-03-27 10:25:00,23.965,23.965,23.865,23.865,44650
2026-03-27 10:30:00,23.86,23.93,23.84,23.92,14902
2026-03-27 10:35:00,23.94,23.94,23.88,23.88,2659
2026-03-27 10:40:00,23.89,23.9,23.86,23.88,6722
2026-03-27 10:45:00,23.8838,23.98,23.8671,23.98,1657
2026-03-27 10:50:00,24.05,24.06,23.9407,23.9407,1730
2026-03-27 10:55:00,23.98,23.99,23.97,23.97,434
2026-03-27 11:00:00,24.03,24.065,24.02,24.065,900
2026-03-27 11:05:00,24.0001,24.03,24.0001,24.03,1000
2026-03-27 11:10:00,24.01,24.01,24,24.01,1050
2026-03-27 11:15:00,23.99,23.99,23.91,23.945,2180
2026-03-27 11:20:00,23.91,24.05,23.91,24.03,4366
2026-03-27 11:25:00,23.92,23.99,23.92,23.99,800
2026-03-27 11:30:00,23.99,24.11,23.99,24.1,1997
2026-03-27 11:35:00,24.09,24.11,24.04,24.04,3025
2026-03-27 11:40:00,24.04,24.04,23.97,24,3712
2026-03-27 11:45:00,24.015,24.015,23.995,23.995,200
2026-03-27 11:50:00,24.05,24.06,24.05,24.05,468
2026-03-27 11:55:00,24.0401,24.0401,23.965,23.97,2908
2026-03-27 12:00:00,23.9697,23.9697,23.93,23.94,1697
2026-03-27 12:05:00,23.9215,23.9215,23.865,23.88,1821
2026-03-27 12:10:00,23.85,23.93,23.83,23.9,5586
2026-03-27 12:15:00,23.86,23.91,23.84,23.91,1200
2026-03-27 12:20:00,23.91,23.92,23.87,23.9,19008
2026-03-27 12:25:00,23.87,23.87,23.82,23.835,996
2026-03-27 12:30:00,23.87,23.87,23.84,23.84,1250
2026-03-27 12:35:00,23.865,23.865,23.8,23.8,6727
2026-03-27 12:40:00,23.79,23.8,23.72,23.8,2728
2026-03-27 12:45:00,23.78,23.86,23.78,23.86,2127
2026-03-27 12:50:00,23.86,23.86,23.835,23.835,718
2026-03-27 12:55:00,23.81,23.81,23.81,23.81,100
2026-03-27 13:00:00,23.74,23.77,23.735,23.77,4024
2026-03-27 13:05:00,23.76,23.91,23.75,23.81,4313
2026-03-27 13:10:00,23.81,23.81,23.75,23.75,900
2026-03-27 13:15:00,23.755,23.755,23.6705,23.68,1441
2026-03-27 13:20:00,23.69,23.705,23.6602,23.7,3025
2026-03-27 13:25:00,23.685,23.685,23.6,23.6,1660
2026-03-27 13:30:00,23.585,23.585,23.52,23.57,1575
2026-03-27 13:35:00,23.57,23.585,23.55,23.56,5368
2026-03-27 13:40:00,23.52,23.54,23.52,23.54,300
2026-03-27 13:45:00,23.54,23.57,23.53,23.57,3005
2026-03-27 13:50:00,23.5599,23.5599,23.53,23.53,400
2026-03-27 13:55:00,23.53,23.53,23.49,23.49,7982
2026-03-27 14:00:00,23.53,23.54,23.49,23.5,42842
2026-03-27 14:05:00,23.52,23.52,23.48,23.49,949
2026-03-27 14:15:00,23.5,23.6,23.5,23.56,2575
2026-03-27 14:20:00,23.59,23.59,23.5597,23.56,1636
2026-03-27 14:25:00,23.57,23.595,23.57,23.595,300
2026-03-27 14:30:00,23.5404,23.58,23.5404,23.58,1684
2026-03-27 14:35:00,23.57,23.595,23.57,23.57,1400
2026-03-27 14:40:00,23.57,23.57,23.54,23.55,1100
2026-03-27 14:45:00,23.53,23.54,23.51,23.51,736
2026-03-27 14:50:00,23.495,23.495,23.4858,23.4858,227
2026-03-27 14:55:00,23.52,23.52,23.52,23.52,200
2026-03-27 15:00:00,23.54,23.54,23.54,23.54,100
2026-03-27 15:05:00,23.54,23.54,23.51,23.5101,2850
2026-03-27 15:10:00,23.52,23.535,23.52,23.535,248
2026-03-27 15:15:00,23.55,23.55,23.55,23.55,802
2026-03-27 15:20:00,23.55,23.55,23.52,23.52,650
2026-03-27 15:25:00,23.525,23.53,23.525,23.53,200
2026-03-27 15:30:00,23.55,23.61,23.55,23.61,1395
2026-03-27 15:35:00,23.615,23.63,23.5874,23.5874,2880
2026-03-27 15:40:00,23.57,23.5801,23.55,23.555,1229
2026-03-27 15:45:00,23.54,23.54,23.52,23.52,3404
2026-03-27 15:50:00,23.56,23.64,23.53,23.64,4030
2026-03-27 15:55:00,23.6789,23.6789,23.6,23.615,7547
2026-03-27 16:00:00,23.62,23.65,23.62,23.65,588
2026-03-27 16:05:00,23.62,23.62,23.62,23.62,1300
2026-03-27 16:10:00,23.62,23.62,23.62,23.62,599
2026-03-27 16:15:00,23.62,23.62,23.62,23.62,128
2026-03-27 16:20:00,23.55,23.55,23.55,23.55,131
2026-03-27 16:25:00,23.53,23.53,23.53,23.53,100
2026-03-27 16:30:00,23.5799,23.5799,23.5799,23.5799,200
2026-03-27 17:35:00,23.4114,23.4114,23.4114,23.4114,120
2026-03-27 17:40:00,23.49,23.49,23.49,23.49,300
2026-03-27 17:45:00,23.4,23.4,23.4,23.4,390
2026-03-27 18:35:00,23.5,23.5,23.5,23.5,200
2026-03-27 18:50:00,23.55,23.55,23.55,23.55,150
2026-03-27 19:05:00,23.51,23.51,23.51,23.51,200
2026-03-27 19:10:00,23.5,23.5,23.5,23.5,453
2026-03-27 19:35:00,23.55,23.55,23.55,23.55,500
2026-03-27 19:40:00,23.5,23.5,23.5,23.5,100
2026-03-27 19:45:00,23.55,23.55,23.55,23.55,100
2026-03-30 04:00:00,24.04,24.04,23.59,23.8,2909
2026-03-30 04:15:00,23.76,23.76,23.76,23.76,100
2026-03-30 05:30:00,23.7,23.7,23.7,23.7,1015
2026-03-30 06:25:00,23.7,23.7,23.7,23.7,1000
2026-03-30 07:05:00,23.7938,23.7938,23.7938,23.7938,104
2026-03-30 07:20:00,23.72,23.72,23.72,23.72,190
2026-03-30 07:25:00,23.9,24.01,23.9,24.01,4399
2026-03-30 07:30:00,24.02,24.02,23.95,23.95,788
2026-03-30 07:40:00,23.81,23.81,23.81,23.81,260
2026-03-30 08:15:00,23.74,23.74,23.74,23.74,134
2026-03-30 08:20:00,23.83,23.83,23.83,23.83,200
2026-03-30 08:25:00,23.84,23.84,23.84,23.84,700
2026-03-30 08:35:00,23.86,23.86,23.86,23.86,100
2026-03-30 08:40:00,23.88,23.88,23.88,23.88,1000
2026-03-30 09:00:00,23.88,23.88,23.88,23.88,361
2026-03-30 09:10:00,23.81,23.81,23.8,23.8,500
2026-03-30 09:20:00,23.76,23.76,23.76,23.76,100
2026-03-30 09:30:00,23.82,24,23.8,23.8401,28617
2026-03-30 09:35:00,23.8,23.84,23.77,23.79,11292
2026-03-30 09:40:00,23.75,23.75,23.66,23.72,6338
2026-03-30 09:45:00,23.725,23.755,23.56,23.56,3031
2026-03-30 09:50:00,23.55,23.59,23.55,23.59,2024
2026-03-30 09:55:00,23.54,23.5961,23.54,23.55,9532
2026-03-30 10:00:00,23.55,23.62,23.55,23.62,5312
2026-03-30 10:05:00,23.535,23.62,23.53,23.62,1543
2026-03-30 10:10:00,23.61,23.7,23.6,23.7,900
2026-03-30 10:15:00,23.71,23.71,23.64,23.65,3329
2026-03-30 10:20:00,23.68,23.68,23.63,23.63,2579
2026-03-30 10:25:00,23.59,23.61,23.59,23.59,1604
2026-03-30 10:30:00,23.625,23.64,23.625,23.64,225
2026-03-30 10:35:00,23.59,23.64,23.575,23.635,11632
2026-03-30 10:40:00,23.62,23.634,23.49,23.5,7248
2026-03-30 10:45:00,23.52,23.77,23.5,23.72,4531
2026-03-30 10:50:00,23.7,23.7799,23.69,23.75,1571
2026-03-30 10:55:00,23.76,23.8647,23.76,23.8647,1958
2026-03-30 11:00:00,23.88,24.0196,23.88,23.98,9647
2026-03-30 11:05:00,24.01,24.01,23.86,23.86,1225
2026-03-30 11:10:00,23.84,23.84,23.75,23.76,7384
2026-03-30 11:15:00,23.71,23.74,23.71,23.74,800
2026-03-30 11:20:00,23.78,23.81,23.78,23.81,1050
2026-03-30 11:25:00,23.84,23.84,23.79,23.79,2056
2026-03-30 11:30:00,23.78,23.85,23.78,23.85,475
2026-03-30 11:35:00,23.89,23.89,23.85,23.85,444
2026-03-30 11:40:00,23.865,23.93,23.85,23.93,3580
2026-03-30 11:45:00,23.8803,23.8803,23.8528,23.8528,1475
2026-03-30 11:50:00,23.9301,23.957,23.92,23.925,4138
2026-03-30 11:55:00,23.87,23.87,23.825,23.825,2226
2026-03-30 12:00:00,23.82,23.83,23.7201,23.77,1722
2026-03-30 12:05:00,23.77,23.77,23.73,23.73,10327
2026-03-30 12:10:00,23.75,23.75,23.72,23.7201,2435
2026-03-30 12:15:00,23.705,23.705,23.7,23.7,1125
2026-03-30 12:20:00,23.665,23.68,23.6215,23.6215,1500
2026-03-30 12:25:00,23.6025,23.615,23.58,23.58,3049
2026-03-30 12:30:00,23.5896,23.59,23.51,23.53,1045
2026-03-30 12:35:00,23.5168,23.55,23.51,23.55,2898
2026-03-30 12:40:00,23.6,23.61,23.59,23.6,4040
2026-03-30 12:45:00,23.6,23.6179,23.6,23.6179,300
2026-03-30 12:50:00,23.62,23.63,23.6,23.6,893
2026-03-30 12:55:00,23.5516,23.57,23.5516,23.57,1311
2026-03-30 13:00:00,23.58,23.58,23.58,23.58,673
2026-03-30 13:05:00,23.56,23.57,23.56,23.57,400
2026-03-30 13:10:00,23.58,23.58,23.52,23.53,1060
2026-03-30 13:15:00,23.45,23.45,23.42,23.45,2675
2026-03-30 13:20:00,23.425,23.425,23.35,23.39,5333
2026-03-30 13:25:00,23.39,23.3936,23.33,23.33,1102
2026-03-30 13:30:00,23.35,23.35,23.2874,23.3,2465
2026-03-30 13:35:00,23.29,23.34,23.29,23.33,1431
2026-03-30 13:40:00,23.36,23.45,23.36,23.45,1141
2026-03-30 13:45:00,23.46,23.55,23.43,23.43,2856
2026-03-30 13:50:00,23.4,23.42,23.39,23.39,3075
2026-03-30 13:55:00,23.38,23.38,23.35,23.37,2004
2026-03-30 14:00:00,23.4,23.4,23.4,23.4,1226
2026-03-30 14:05:00,23.4,23.41,23.4,23.41,5437
2026-03-30 14:10:00,23.418,23.435,23.418,23.42,1305
2026-03-30 14:15:00,23.46,23.485,23.46,23.485,1775
2026-03-30 14:20:00,23.485,23.485,23.485,23.485,125
2026-03-30 14:25:00,23.4,23.41,23.4,23.4,700
2026-03-30 14:30:00,23.4499,23.46,23.4499,23.46,225
2026-03-30 14:35:00,23.49,23.49,23.49,23.49,250
2026-03-30 14:40:00,23.45,23.47,23.4202,23.45,2775
2026-03-30 14:45:00,23.45,23.45,23.45,23.45,100
2026-03-30 14:50:00,23.415,23.42,23.415,23.42,325
2026-03-30 14:55:00,23.42,23.42,23.42,23.42,100
2026-03-30 15:00:00,23.3812,23.3812,23.3812,23.3812,438
2026-03-30 15:05:00,23.36,23.36,23.27,23.2899,14610
2026-03-30 15:10:00,23.25,23.25,23.19,23.21,1920
2026-03-30 15:15:00,23.23,23.23,23.23,23.23,356
2026-03-30 15:20:00,23.31,23.33,23.28,23.33,1897
2026-03-30 15:25:00,23.275,23.28,23.27,23.27,925
2026-03-30 15:30:00,23.32,23.32,23.2905,23.2905,2257
2026-03-30 15:35:00,23.33,23.39,23.33,23.3801,2855
2026-03-30 15:40:00,23.375,23.41,23.3637,23.39,1720
2026-03-30 15:45:00,23.37,23.37,23.31,23.31,1534
2026-03-30 15:50:00,23.3,23.4,23.3,23.4,1825
2026-03-30 15:55:00,23.405,23.405,23.3497,23.38,2089
2026-03-30 16:00:00,23.35,23.61,23.35,23.61,728
2026-03-30 16:05:00,23.3,23.3,23.1,23.1,2351
2026-03-30 16:15:00,23.06,23.06,23.06,23.06,400
2026-03-30 16:20:00,23.06,23.06,23,23,5837
2026-03-30 16:45:00,23.15,23.15,23.15,23.15,350
2026-03-30 17:00:00,23.16,23.16,23.16,23.16,600
2026-03-30 17:35:00,23.29,23.29,23.29,23.29,100
2026-03-30 17:40:00,23.2,23.2,23.2,23.2,291
2026-03-30 19:10:00,23.11,23.11,23.1,23.1,1099
2026-03-30 19:30:00,23.07,23.07,23.07,23.07,500
2026-03-31 04:00:00,23.08,23.2,22.87,23.08,3855
2026-03-31 05:40:00,23.09,23.09,23.09,23.09,182
2026-03-31 06:35:00,23.08,23.08,23.05,23.07,1960
2026-03-31 06:40:00,23.04,23.04,23.01,23.01,1620
2026-03-31 07:15:00,23.3,23.3,23.3,23.3,458
2026-03-31 07:20:00,23.18,23.18,23.18,23.18,500
2026-03-31 07:25:00,23.2,23.24,23.2,23.24,350
2026-03-31 07:30:00,23.2,23.2,23.2,23.2,400
2026-03-31 07:35:00,23.12,23.12,23.12,23.12,125
2026-03-31 07:55:00,23.24,23.24,23.24,23.24,125
2026-03-31 08:05:00,23.27,23.27,23.27,23.27,131
2026-03-31 08:10:00,23.23,23.23,23.23,23.23,100
2026-03-31 08:15:00,23.24,23.24,23.24,23.24,306
2026-03-31 08:25:00,23.34,23.34,23.33,23.33,314
2026-03-31 08:35:00,23.47,23.47,23.47,23.47,530
2026-03-31 08:50:00,23.49,23.5,23.49,23.49,782
2026-03-31 08:55:00,23.48,23.48,23.47,23.47,636
2026-03-31 09:00:00,23.44,23.44,23.43,23.43,560
2026-03-31 09:05:00,23.42,23.42,23.42,23.42,190
2026-03-31 09:25:00,23.55,23.6,23.4,23.4,1000
2026-03-31 09:30:00,23.33,23.34,23.19,23.19,5405
2026-03-31 09:35:00,23.35,23.36,23.18,23.21,15607
2026-03-31 09:40:00,23.242,23.46,23.24,23.29,7062
2026-03-31 09:45:00,23.3498,23.41,23.31,23.41,13229
2026-03-31 09:50:00,23.38,23.49,23.38,23.47,5902
2026-03-31 09:55:00,23.495,23.54,23.45,23.52,7342
2026-03-31 10:00:00,23.51,23.65,23.51,23.64,6886
2026-03-31 10:05:00,23.62,23.62,23.535,23.575,9269
2026-03-31 10:10:00,23.56,23.62,23.56,23.61,3678
2026-03-31 10:15:00,23.7,23.8,23.67,23.8,16462
2026-03-31 10:20:00,23.76,23.9999,23.76,23.955,22400
2026-03-31 10:25:00,23.93,23.97,23.9137,23.9697,14059
2026-03-31 10:30:00,23.9526,24,23.91,24,2524
2026-03-31 10:35:00,23.92,23.93,23.79,23.82,11497
2026-03-31 10:40:00,23.87,23.87,23.7001,23.7001,4726
2026-03-31 10:45:00,23.71,23.71,23.54,23.54,12571
2026-03-31 10:50:00,23.5,23.52,23.46,23.48,6199
2026-03-31 10:55:00,23.45,23.49,23.42,23.49,5760
2026-03-31 11:00:00,23.5,23.7,23.5,23.7,1800
2026-03-31 11:05:00,23.72,23.78,23.6697,23.6697,1296
2026-03-31 11:10:00,23.69,23.825,23.685,23.825,5218
2026-03-31 11:15:00,23.81,23.82,23.775,23.807,1369
2026-03-31 11:20:00,23.75,23.79,23.71,23.79,10768
2026-03-31 11:25:00,23.78,23.7993,23.64,23.655,4230
2026-03-31 11:30:00,23.64,23.64,23.59,23.59,3507
2026-03-31 11:35:00,23.62,23.67,23.62,23.67,1937
2026-03-31 11:40:00,23.63,23.63,23.61,23.63,4658
2026-03-31 11:45:00,23.61,23.61,23.58,23.59,3090
2026-03-31 11:50:00,23.6,23.63,23.57,23.57,3438
2026-03-31 11:55:00,23.56,23.56,23.45,23.45,2762
2026-03-31 12:00:00,23.46,23.565,23.45,23.5,1991
2026-03-31 12:05:00,23.51,23.55,23.51,23.54,2176
2026-03-31 12:10:00,23.51,23.525,23.47,23.52,1800
2026-03-31 12:15:00,23.54,23.5473,23.51,23.51,1842
2026-03-31 12:20:00,23.51,23.57,23.5,23.57,2194
2026-03-31 12:25:00,23.61,23.63,23.58,23.61,1885
2026-03-31 12:30:00,23.58,23.66,23.57,23.65,4430
2026-03-31 12:35:00,23.63,23.86,23.63,23.86,3807
2026-03-31 12:40:00,23.91,24.45,23.91,24.3874,16398
2026-03-31 12:45:00,24.29,24.35,24.0584,24.105,18349
2026-03-31 12:50:00,24.168,24.24,24.08,24.2,3797
2026-03-31 12:55:00,24.1213,24.14,24.12,24.14,425
2026-03-31 13:00:00,24.16,24.32,24.16,24.3,10131
2026-03-31 13:05:00,24.2612,24.27,24.13,24.13,3306
2026-03-31 13:10:00,24.13,24.29,24.11,24.29,3019
2026-03-31 13:15:00,24.32,24.4125,24.315,24.4,4948
2026-03-31 13:20:00,24.36,24.4296,24.345,24.4296,1709
2026-03-31 13:25:00,24.4,24.4,24.2844,24.315,4426
2026-03-31 13:30:00,24.38,24.4799,24.375,24.45,4061
2026-03-31 13:35:00,24.4669,24.4695,24.32,24.32,6910
2026-03-31 13:40:00,24.32,24.35,24.32,24.348,5466
2026-03-31 13:45:00,24.32,24.39,24.32,24.36,4178
2026-03-31 13:50:00,24.3332,24.34,24.32,24.33,2160
2026-03-31 13:55:00,24.29,24.2992,24.25,24.2601,3544
2026-03-31 14:00:00,24.34,24.37,24.34,24.36,350
2026-03-31 14:05:00,24.35,24.4,24.3399,24.39,1896
2026-03-31 14:10:00,24.42,24.4507,24.38,24.4507,1358
2026-03-31 14:15:00,24.44,24.46,24.43,24.46,600
2026-03-31 14:20:00,24.42,24.42,24.37,24.37,1504
2026-03-31 14:25:00,24.34,24.39,24.3004,24.385,8795
2026-03-31 14:30:00,24.3573,24.36,24.34,24.34,1414
2026-03-31 14:35:00,24.36,24.4788,24.36,24.47,1000
2026-03-31 14:40:00,24.4,24.41,24.395,24.41,525
2026-03-31 14:45:00,24.42,24.45,24.41,24.44,767
2026-03-31 14:50:00,24.47,24.47,24.46,24.46,323
2026-03-31 14:55:00,24.46,24.48,24.46,24.46,1010
2026-03-31 15:00:00,24.47,24.51,24.47,24.51,2125
2026-03-31 15:05:00,24.5,24.5296,24.46,24.46,1231
2026-03-31 15:10:00,24.55,24.57,24.55,24.57,2225
2026-03-31 15:15:00,24.56,24.5636,24.54,24.55,1397
2026-03-31 15:20:00,24.56,24.5756,24.55,24.56,3344
2026-03-31 15:25:00,24.55,24.55,24.54,24.54,1435
2026-03-31 15:30:00,24.57,24.58,24.555,24.58,2369
2026-03-31 15:35:00,24.61,24.635,24.61,24.635,550
2026-03-31 15:40:00,24.6738,24.68,24.65,24.68,3550
2026-03-31 15:45:00,24.7007,24.79,24.7007,24.79,4487
2026-03-31 15:50:00,24.77,24.78,24.6401,24.68,5106
2026-03-31 15:55:00,24.6492,24.73,24.6492,24.67,7182
2026-03-31 16:00:00,24.68,24.79,24.68,24.79,1049
2026-03-31 16:05:00,24.8,24.8,24.8,24.8,100
2026-03-31 16:10:00,24.7525,24.7525,24.7525,24.7525,100
2026-03-31 16:15:00,24.8,24.8,24.8,24.8,100
2026-03-31 16:40:00,24.72,24.72,24.72,24.72,328
2026-03-31 16:45:00,24.7857,24.7857,24.7857,24.7857,165
2026-03-31 17:10:00,24.73,24.73,24.73,24.73,1000
2026-03-31 17:15:00,24.73,24.73,24.73,24.73,100
2026-03-31 17:20:00,24.7694,24.7694,24.7694,24.7694,861
2026-03-31 17:35:00,24.72,24.72,24.72,24.72,100
2026-03-31 17:45:00,24.69,24.69,24.69,24.69,100
2026-03-31 18:00:00,24.66,24.66,24.66,24.66,200
2026-03-31 18:35:00,24.66,24.66,24.66,24.66,2000
2026-03-31 18:40:00,24.72,24.72,24.72,24.72,244
2026-03-31 18:50:00,24.7,24.7,24.7,24.7,530
2026-03-31 19:05:00,24.7,24.7,24.7,24.7,200
2026-03-31 19:10:00,24.7,24.7,24.7,24.7,484
2026-03-31 19:15:00,24.71,24.71,24.71,24.71,100
2026-03-31 19:20:00,24.7,24.7,24.7,24.7,100
2026-03-31 19:25:00,24.69,24.69,24.69,24.69,150
2026-03-31 19:30:00,24.69,24.69,24.69,24.69,175
2026-03-31 19:35:00,24.7,24.72,24.7,24.72,404
2026-03-31 19:40:00,24.77,24.77,24.77,24.77,102
2026-03-31 19:45:00,24.76,24.8138,24.76,24.8138,614
2026-03-31 19:50:00,24.81,24.81,24.75,24.75,2140
2026-03-31 19:55:00,24.79,24.8,24.79,24.8,453
2026-04-01 04:00:00,24.52,25.03,24.37,25,12092
2026-04-01 04:05:00,24.55,24.55,24.52,24.52,272
2026-04-01 04:10:00,24.5,24.5,24.49,24.49,300
2026-04-01 04:15:00,24.41,24.5,24.41,24.5,767
2026-04-01 04:30:00,24.5,24.5,24.5,24.5,2000
2026-04-01 04:35:00,24.54,24.54,24.51,24.52,1409
2026-04-01 04:40:00,24.55,24.64,24.55,24.64,211
2026-04-01 04:45:00,24.6,24.61,24.6,24.61,394
2026-04-01 04:50:00,24.6,24.6,24.6,24.6,351
2026-04-01 04:55:00,24.53,24.53,24.52,24.52,339
2026-04-01 05:00:00,24.62,24.62,24.62,24.62,200
2026-04-01 05:10:00,24.5,24.5,24.5,24.5,1392
2026-04-01 05:45:00,24.51,24.51,24.45,24.45,272
2026-04-01 05:50:00,24.59,24.59,24.59,24.59,190
2026-04-01 06:05:00,24.5,24.5,24.5,24.5,250
2026-04-01 06:55:00,24.63,24.63,24.63,24.63,230
2026-04-01 07:05:00,24.8,24.8,24.8,24.8,200
2026-04-01 07:15:00,24.7,24.7,24.69,24.69,919
2026-04-01 07:25:00,24.79,24.8,24.72,24.76,1463
2026-04-01 07:30:00,24.76,24.76,24.75,24.75,758
2026-04-01 07:35:00,24.8,24.8,24.79,24.79,732
2026-04-01 07:40:00,24.8,24.8,24.8,24.8,250
2026-04-01 07:50:00,24.88,24.88,24.83,24.83,295
2026-04-01 08:00:00,24.81,24.81,24.79,24.79,1425
2026-04-01 08:05:00,24.8281,24.8281,24.8281,24.8281,611
2026-04-01 08:15:00,24.73,24.765,24.73,24.765,1186
2026-04-01 08:20:00,24.65,24.67,24.65,24.67,6100
2026-04-01 08:25:00,24.63,24.75,24.63,24.75,313
2026-04-01 08:40:00,24.75,24.76,24.75,24.76,460
2026-04-01 08:45:00,24.75,24.75,24.75,24.75,300
2026-04-01 08:50:00,24.58,24.58,24.52,24.52,200
2026-04-01 08:55:00,24.46,24.5392,24.46,24.5392,600
2026-04-01 09:05:00,24.55,24.55,24.55,24.55,100
2026-04-01 09:10:00,24.55,24.57,24.54,24.57,2075
2026-04-01 09:15:00,24.61,24.61,24.58,24.58,500
2026-04-01 09:25:00,24.68,24.68,24.68,24.68,200
2026-04-01 09:30:00,24.71,24.98,24.61,24.8,12161
2026-04-01 09:35:00,24.785,24.815,24.72,24.73,5578
2026-04-01 09:40:00,24.69,24.695,24.36,24.39,16113
2026-04-01 09:45:00,24.415,24.4189,24.26,24.26,6879
2026-04-01 09:50:00,24.33,24.375,24.25,24.25,4272
2026-04-01 09:55:00,24.27,24.4025,24.25,24.32,3458
2026-04-01 10:00:00,24.33,24.35,24.2355,24.25,3103
2026-04-01 10:05:00,24.25,24.25,24.17,24.23,3058
2026-04-01 10:10:00,24.2,24.2,24.11,24.18,2444
2026-04-01 10:15:00,24.16,24.1601,24.12,24.12,24700
2026-04-01 10:20:00,24.15,24.22,24.145,24.145,5665
2026-04-01 10:25:00,24.17,24.2,24.17,24.1788,1700
2026-04-01 10:30:00,24.21,24.21,24.09,24.09,6645
2026-04-01 10:35:00,24.0783,24.2525,23.99,24.2525,15445
2026-04-01 10:40:00,24.195,24.195,24.09,24.15,1290
2026-04-01 10:45:00,24.12,24.15,24.04,24.15,4649
2026-04-01 10:50:00,24.2699,24.2699,24.23,24.23,3473
2026-04-01 10:55:00,24.215,24.26,24.1804,24.25,6499
2026-04-01 11:00:00,24.3,24.3,24.25,24.255,9471
2026-04-01 11:05:00,24.26,24.3,24.26,24.29,1925
2026-04-01 11:10:00,24.29,24.29,24.2,24.2,500
2026-04-01 11:15:00,24.17,24.195,24.1092,24.19,17342
2026-04-01 11:20:00,24.19,24.19,24.07,24.11,9379
2026-04-01 11:25:00,24.0927,24.135,23.9631,23.97,5873
2026-04-01 11:30:00,23.92,24,23.92,23.9918,14295
2026-04-01 11:35:00,24.01,24.045,23.99,24.015,24001
2026-04-01 11:40:00,24.03,24.04,23.99,24.04,9625
2026-04-01 11:45:00,24.07,24.135,24.06,24.075,10088
2026-04-01 11:50:00,24.1062,24.18,24.1062,24.18,2454
2026-04-01 11:55:00,24.2,24.2,24.18,24.2,3460
2026-04-01 12:00:00,24.2,24.2,24.18,24.18,1793
2026-04-01 12:05:00,24.2,24.2,24.17,24.1809,1439
2026-04-01 12:10:00,24.19,24.21,24.13,24.13,2599
2026-04-01 12:15:00,24.135,24.155,24.1135,24.155,1004
2026-04-01 12:20:00,24.155,24.16,24.14,24.14,1903
2026-04-01 12:25:00,24.14,24.14,24.105,24.105,1504
2026-04-01 12:30:00,24.15,24.155,24.14,24.15,1157
2026-04-01 12:35:00,24.21,24.21,24.21,24.21,100
2026-04-01 12:40:00,24.17,24.18,24.165,24.18,600
2026-04-01 12:45:00,24.1908,24.2,24.19,24.2,1325
2026-04-01 12:50:00,24.2,24.235,24.2,24.23,1979
2026-04-01 12:55:00,24.235,24.28,24.225,24.27,1064
2026-04-01 13:00:00,24.26,24.315,24.25,24.315,1860
2026-04-01 13:05:00,24.31,24.31,24.29,24.29,275
2026-04-01 13:10:00,24.285,24.295,24.27,24.295,2675
2026-04-01 13:15:00,24.295,24.295,24.28,24.28,1100
2026-04-01 13:20:00,24.29,24.29,24.235,24.24,4850
2026-04-01 13:25:00,24.24,24.24,24.21,24.24,1656
2026-04-01 13:30:00,24.23,24.24,24.21,24.21,1000
2026-04-01 13:35:00,24.19,24.2,24.17,24.2,1170
2026-04-01 13:40:00,24.18,24.18,24.17,24.17,400
2026-04-01 13:45:00,24.18,24.18,24.15,24.15,900
2026-04-01 13:50:00,24.175,24.175,24.17,24.17,300
2026-04-01 13:55:00,24.14,24.14,24.0737,24.09,4100
2026-04-01 14:00:00,24.09,24.09,23.975,23.99,5782
2026-04-01 14:05:00,24.01,24.01,23.97,24,701
2026-04-01 14:10:00,23.995,24.02,23.99,24,3257
2026-04-01 14:15:00,23.97,23.985,23.85,23.87,6861
2026-04-01 14:20:00,23.87,23.905,23.82,23.82,5077
2026-04-01 14:25:00,23.855,23.855,23.845,23.845,415
2026-04-01 14:30:00,23.85,23.88,23.83,23.83,1452
2026-04-01 14:35:00,23.8,23.8,23.77,23.795,3024
2026-04-01 14:40:00,23.85,23.86,23.85,23.86,800
2026-04-01 14:45:00,23.8,23.84,23.8,23.82,1705
2026-04-01 14:50:00,23.83,23.83,23.8171,23.8171,1558
2026-04-01 14:55:00,23.81,23.8258,23.795,23.795,1404
2026-04-01 15:00:00,23.79,23.82,23.79,23.82,11712
2026-04-01 15:05:00,23.86,23.8982,23.86,23.895,1074
2026-04-01 15:10:00,23.9,23.93,23.9,23.93,205
2026-04-01 15:15:00,23.92,23.925,23.92,23.925,255
2026-04-01 15:25:00,23.95,24.01,23.95,24.01,1485
2026-04-01 15:30:00,24.06,24.07,24.04,24.04,730
2026-04-01 15:35:00,24.05,24.09,24.05,24.085,1520
2026-04-01 15:40:00,24.1,24.1,24.1,24.1,1150
2026-04-01 15:45:00,24.1,24.17,24.1,24.12,1166
2026-04-01 15:50:00,24.08,24.095,24.06,24.08,3425
2026-04-01 15:55:00,24.06,24.08,23.97,23.97,24183
2026-04-01 16:00:00,23.97,23.99,23.97,23.99,785
2026-04-01 16:35:00,24.02,24.02,24.02,24.02,148
2026-04-01 16:40:00,24,24,24,24,100
2026-04-01 16:55:00,24.05,24.05,24.05,24.05,100
2026-04-01 17:00:00,24,24,24,24,200
2026-04-01 18:35:00,24.02,24.03,24.02,24.03,688
2026-04-01 18:55:00,24,24.01,24,24.01,200
2026-04-01 19:15:00,24.03,24.03,24.03,24.03,500
2026-04-01 19:45:00,24.08,24.08,24.08,24.08,700
2026-04-02 04:00:00,22.87,23.01,22.56,23.01,9124
2026-04-02 04:05:00,23.01,23.01,23.01,23.01,100
2026-04-02 04:10:00,22.83,22.84,22.83,22.84,241
2026-04-02 04:35:00,22.87,22.89,22.84,22.88,1123
2026-04-02 05:15:00,22.88,22.9,22.85,22.9,1100
2026-04-02 05:35:00,22.85,22.85,22.84,22.84,2446
2026-04-02 05:40:00,22.87,22.87,22.87,22.87,310
2026-04-02 06:10:00,22.82,22.82,22.8,22.8,700
2026-04-02 06:20:00,22.81,22.81,22.76,22.76,980
2026-04-02 06:25:00,22.76,22.76,22.76,22.76,100
2026-04-02 06:30:00,22.72,22.72,22.72,22.72,200
2026-04-02 07:00:00,22.81,22.81,22.81,22.81,295
2026-04-02 07:05:00,22.71,22.71,22.71,22.71,200
2026-04-02 07:10:00,22.79,22.79,22.75,22.78,1728
2026-04-02 07:15:00,22.69,22.71,22.6616,22.6616,2864
2026-04-02 07:20:00,22.65,22.65,22.65,22.65,226
2026-04-02 07:25:00,22.77,22.77,22.77,22.77,146
2026-04-02 07:30:00,22.6578,22.6578,22.6578,22.6578,125
2026-04-02 07:35:00,22.65,22.66,22.65,22.66,744
2026-04-02 07:40:00,22.7,22.7,22.7,22.7,100
2026-04-02 07:45:00,22.7,22.7,22.68,22.68,200
2026-04-02 07:55:00,22.71,22.74,22.68,22.68,710
2026-04-02 08:00:00,22.68,22.7,22.68,22.7,615
2026-04-02 08:15:00,22.7,22.7,22.7,22.7,510
2026-04-02 08:20:00,22.75,22.75,22.75,22.75,100
2026-04-02 08:30:00,22.75,22.78,22.75,22.78,315
2026-04-02 08:35:00,22.77,22.77,22.77,22.77,200
2026-04-02 08:40:00,22.74,22.74,22.7,22.7,450
2026-04-02 08:45:00,22.67,22.67,22.63,22.63,2350
2026-04-02 08:50:00,22.63,22.64,22.51,22.51,2161
2026-04-02 09:00:00,22.58,22.6,22.58,22.6,612
2026-04-02 09:10:00,22.64,22.67,22.54,22.59,3670
2026-04-02 09:15:00,22.55,22.59,22.55,22.57,1198
2026-04-02 09:20:00,22.54,22.54,22.54,22.54,300
2026-04-02 09:25:00,22.58,22.58,22.53,22.53,444
2026-04-02 09:30:00,22.56,23.005,22.56,22.77,10575
2026-04-02 09:35:00,22.75,22.76,22.6032,22.67,6213
2026-04-02 09:40:00,22.633,22.755,22.63,22.74,2625
2026-04-02 09:45:00,22.72,22.9495,22.72,22.87,4464
2026-04-02 09:50:00,22.89,23,22.89,22.965,11900
2026-04-02 09:55:00,22.96,23.01,22.905,23,9797
2026-04-02 10:00:00,22.99,23.02,22.92,22.92,5042
2026-04-02 10:05:00,22.93,22.98,22.88,22.98,2115
2026-04-02 10:10:00,22.8901,23.01,22.8901,22.98,11389
2026-04-02 10:15:00,22.94,23.03,22.92,22.97,12335
2026-04-02 10:20:00,22.96,23.015,22.95,23.015,1107
2026-04-02 10:25:00,22.95,22.95,22.82,22.83,1731
2026-04-02 10:30:00,22.86,22.99,22.86,22.99,1100
2026-04-02 10:35:00,23.025,23.65,23.025,23.5,38984
2026-04-02 10:40:00,23.4268,23.46,23.275,23.39,6989
2026-04-02 10:45:00,23.36,23.365,23.19,23.19,5868
2026-04-02 10:50:00,23.18,23.22,23.15,23.18,4870
2026-04-02 10:55:00,23.27,23.31,23.25,23.3,4811
2026-04-02 11:00:00,23.285,23.285,23.125,23.19,3120
2026-04-02 11:05:00,23.16,23.16,23.12,23.14,2125
2026-04-02 11:10:00,23.12,23.29,23.12,23.25,4576
2026-04-02 11:15:00,23.25,23.28,23.15,23.15,2858
2026-04-02 11:20:00,23.14,23.155,23.0166,23.06,2551
2026-04-02 11:25:00,23.045,23.12,23,23.12,1700
2026-04-02 11:30:00,23.05,23.07,23,23.01,2794
2026-04-02 11:35:00,23.0989,23.105,23.08,23.0995,2027
2026-04-02 11:40:00,23.05,23.06,22.99,23.06,3659
2026-04-02 11:45:00,23.0194,23.0194,22.95,22.95,7629
2026-04-02 11:50:00,22.93,22.98,22.88,22.98,2332
2026-04-02 11:55:00,22.95,22.95,22.95,22.95,450
2026-04-02 12:00:00,23.01,23.03,23,23.01,2751
2026-04-02 12:05:00,22.97,22.97,22.895,22.895,1425
2026-04-02 12:10:00,22.95,22.96,22.93,22.96,3200
2026-04-02 12:15:00,22.94,22.97,22.94,22.97,2092
2026-04-02 12:20:00,22.95,23.01,22.95,23.01,1842
2026-04-02 12:25:00,22.98,22.98,22.98,22.98,692
2026-04-02 12:30:00,23.02,23.13,23.02,23.13,1830
2026-04-02 12:35:00,23.11,23.11,23.04,23.06,5544
2026-04-02 12:40:00,23.08,23.18,23.08,23.12,3600
2026-04-02 12:45:00,23.17,23.17,23.145,23.145,1390
2026-04-02 12:50:00,23.16,23.16,23.13,23.14,2216
2026-04-02 12:55:00,23.16,23.16,23.115,23.115,1236
2026-04-02 13:00:00,23.1,23.1006,23.08,23.1006,1256
2026-04-02 13:05:00,23.14,23.17,23.14,23.17,1055
2026-04-02 13:10:00,23.13,23.17,23.13,23.17,2209
2026-04-02 13:15:00,23.21,23.26,23.21,23.23,2379
2026-04-02 13:20:00,23.25,23.31,23.25,23.31,425
2026-04-02 13:25:00,23.31,23.31,23.26,23.26,1150
2026-04-02 13:30:00,23.2663,23.2663,23.24,23.25,2570
2026-04-02 13:35:00,23.19,23.19,23.19,23.19,400
2026-04-02 13:40:00,23.18,23.195,23.16,23.17,700
2026-04-02 13:45:00,23.11,23.11,23.06,23.06,2120
2026-04-02 13:50:00,23.03,23.055,23.03,23.04,990
2026-04-02 13:55:00,23.06,23.07,23,23.03,2885
2026-04-02 14:00:00,23.05,23.06,23.035,23.035,425
2026-04-02 14:05:00,23.08,23.09,23.07,23.09,2360
2026-04-02 14:10:00,23.145,23.145,23.13,23.13,220
2026-04-02 14:20:00,23.15,23.15,23.12,23.12,550
2026-04-02 14:25:00,23.1,23.12,23.1,23.11,900
2026-04-02 14:30:00,23.13,23.13,23.13,23.13,300
2026-04-02 14:35:00,23.12,23.12,23.12,23.12,100
2026-04-02 14:40:00,23.15,23.16,23.14,23.14,925
2026-04-02 14:45:00,23.13,23.17,23.13,23.17,1007
2026-04-02 14:50:00,23.16,23.2,23.16,23.18,845
2026-04-02 14:55:00,23.15,23.18,23.15,23.16,1150
2026-04-02 15:00:00,23.19,23.215,23.1797,23.1797,5023
2026-04-02 15:05:00,23.215,23.2273,23.2006,23.2273,1296
2026-04-02 15:10:00,23.225,23.225,23.19,23.19,525
2026-04-02 15:15:00,23.2,23.205,23.1702,23.205,2674
2026-04-02 15:20:00,23.21,23.245,23.21,23.245,475
2026-04-02 15:25:00,23.21,23.21,23.185,23.1898,2400
2026-04-02 15:30:00,23.2065,23.21,23.2,23.2,8020
2026-04-02 15:35:00,23.22,23.23,23.21,23.21,1176
2026-04-02 15:40:00,23.24,23.24,23.22,23.22,1100
2026-04-02 15:45:00,23.21,23.21,23.14,23.18,4697
2026-04-02 15:50:00,23.22,23.26,23.22,23.26,4094
2026-04-02 15:55:00,23.3,23.34,23.3,23.3,4612
2026-04-02 16:00:00,23.3,23.3,23.3,23.3,139
2026-04-02 16:20:00,23.32,23.32,23.32,23.32,500
2026-04-02 16:35:00,23.23,23.23,23.21,23.21,504
2026-04-02 17:20:00,23.22,23.22,23.2,23.2,2019
2026-04-02 17:30:00,23.3687,23.3687,23.3687,23.3687,100
2026-04-02 17:50:00,23.2112,23.2112,23.2112,23.2112,160
2026-04-02 18:05:00,23.32,23.32,23.32,23.32,101
2026-04-02 18:10:00,23.3105,23.3105,23.3105,23.3105,376
2026-04-02 18:35:00,23.32,23.32,23.32,23.32,200
2026-04-02 18:45:00,23.28,23.28,23.28,23.28,150
2026-04-02 18:50:00,23.3189,23.3189,23.3189,23.3189,1500
2026-04-02 18:55:00,23.3,23.3,23.3,23.3,300
2026-04-02 19:10:00,23.3,23.3,23.3,23.3,140
2026-04-02 19:15:00,23.28,23.28,23.28,23.28,330
2026-04-02 19:40:00,23.31,23.31,23.31,23.31,200
2026-04-02 19:45:00,23.33,23.33,23.33,23.33,120
2026-04-02 19:50:00,23.3499,23.3499,23.3499,23.3499,200
2026-04-02 19:55:00,23.32,23.33,23.3,23.3,796
2026-04-06 04:00:00,23.3,23.53,23.27,23.53,1458
2026-04-06 04:15:00,23.5,23.5,23.43,23.43,830
2026-04-06 04:20:00,23.43,23.43,23.43,23.43,550
2026-04-06 04:30:00,23.4,23.4,23.4,23.4,1000
2026-04-06 04:35:00,23.4,23.4,23.4,23.4,200
2026-04-06 04:40:00,23.46,23.5,23.46,23.5,1400
2026-04-06 04:45:00,23.5,23.5,23.5,23.5,1000
2026-04-06 04:50:00,23.5,23.5,23.5,23.5,200
2026-04-06 05:30:00,23.56,23.56,23.56,23.56,600
2026-04-06 05:35:00,23.51,23.51,23.5,23.5,2294
2026-04-06 05:40:00,23.51,23.51,23.51,23.51,530
2026-04-06 05:50:00,23.51,23.51,23.45,23.45,400
2026-04-06 05:55:00,23.45,23.45,23.45,23.45,100
2026-04-06 06:25:00,23.47,23.47,23.47,23.47,200
2026-04-06 06:50:00,23.43,23.44,23.43,23.44,4628
2026-04-06 07:20:00,23.39,23.39,23.39,23.39,400
2026-04-06 07:50:00,23.39,23.4,23.39,23.4,500
2026-04-06 08:20:00,23.32,23.32,23.32,23.32,980
2026-04-06 08:50:00,23.35,23.35,23.35,23.35,400
2026-04-06 09:00:00,23.33,23.33,23.33,23.33,100
2026-04-06 09:05:00,23.33,23.33,23.28,23.28,7669
2026-04-06 09:10:00,23.28,23.28,23.28,23.28,2478
2026-04-06 09:15:00,23.39,23.39,23.39,23.39,1000
2026-04-06 09:20:00,23.33,23.33,23.33,23.33,200
2026-04-06 09:25:00,23.33,23.33,23.33,23.33,200
2026-04-06 09:30:00,23.29,23.65,23.29,23.64,7414
2026-04-06 09:35:00,23.66,23.739,23.55,23.6,7453
2026-04-06 09:40:00,23.54,23.65,23.54,23.64,1875
2026-04-06 09:45:00,23.645,23.695,23.62,23.6383,2435
2026-04-06 09:50:00,23.63,23.73,23.6158,23.71,13149
2026-04-06 09:55:00,23.71,23.81,23.71,23.81,9793
2026-04-06 10:00:00,23.81,23.9,23.675,23.675,2995
2026-04-06 10:05:00,23.63,23.65,23.53,23.54,1749
2026-04-06 10:10:00,23.5,23.58,23.44,23.58,8908
2026-04-06 10:15:00,23.57,23.57,23.47,23.525,1500
2026-04-06 10:20:00,23.53,23.58,23.53,23.54,11938
2026-04-06 10:25:00,23.5,23.55,23.5,23.55,1600
2026-04-06 10:30:00,23.57,23.6,23.55,23.55,14010
2026-04-06 10:35:00,23.61,23.61,23.5,23.51,4176
2026-04-06 10:40:00,23.54,23.59,23.51,23.51,1700
2026-04-06 10:50:00,23.425,23.45,23.425,23.45,853
2026-04-06 10:55:00,23.435,23.45,23.435,23.45,453
2026-04-06 11:00:00,23.48,23.49,23.45,23.45,1400
2026-04-06 11:05:00,23.545,23.545,23.545,23.545,100
2026-04-06 11:10:00,23.545,23.545,23.51,23.51,2994
2026-04-06 11:15:00,23.51,23.54,23.51,23.54,1468
2026-04-06 11:25:00,23.48,23.48,23.48,23.48,600
2026-04-06 11:30:00,23.5,23.5,23.45,23.45,600
2026-04-06 11:40:00,23.58,23.58,23.52,23.52,900
2026-04-06 11:45:00,23.55,23.575,23.55,23.57,1000
2026-04-06 11:50:00,23.58,23.62,23.58,23.62,1127
2026-04-06 11:55:00,23.62,23.62,23.45,23.45,900
2026-04-06 12:00:00,23.47,23.54,23.455,23.53,2660
2026-04-06 12:05:00,23.52,23.52,23.52,23.52,127
2026-04-06 12:10:00,23.5,23.53,23.5,23.52,1700
2026-04-06 12:15:00,23.52,23.52,23.5,23.5,780
2026-04-06 12:20:00,23.5,23.52,23.5,23.5,2550
2026-04-06 12:25:00,23.5,23.5,23.465,23.47,4060
2026-04-06 12:30:00,23.47,23.49,23.46,23.49,1300
2026-04-06 12:35:00,23.49,23.51,23.48,23.48,1730
2026-04-06 12:40:00,23.46,23.475,23.46,23.475,500
2026-04-06 12:45:00,23.46,23.47,23.46,23.46,808
2026-04-06 12:50:00,23.46,23.46,23.415,23.415,739
2026-04-06 12:55:00,23.4,23.43,23.38,23.43,4819
2026-04-06 13:00:00,23.4,23.4,23.3001,23.34,1762
2026-04-06 13:05:00,23.325,23.34,23.325,23.34,2200
2026-04-06 13:10:00,23.32,23.32,23.19,23.19,5050
2026-04-06 13:15:00,23.2,23.22,23.19,23.22,8905
2026-04-06 13:20:00,23.225,23.31,23.225,23.31,300
2026-04-06 13:25:00,23.31,23.31,23.31,23.31,100
2026-04-06 13:30:00,23.32,23.4,23.32,23.4,4940
2026-04-06 13:35:00,23.35,23.4,23.35,23.3819,2600
2026-04-06 13:40:00,23.37,23.37,23.36,23.36,400
2026-04-06 13:45:00,23.35,23.35,23.315,23.315,700
2026-04-06 13:50:00,23.3,23.3,23.3,23.3,400
2026-04-06 14:00:00,23.265,23.275,23.26,23.27,1136
2026-04-06 14:05:00,23.27,23.31,23.27,23.31,3500
2026-04-06 14:10:00,23.346,23.42,23.346,23.42,566
2026-04-06 14:15:00,23.395,23.395,23.395,23.395,200
2026-04-06 14:20:00,23.39,23.39,23.39,23.39,200
2026-04-06 14:25:00,23.46,23.465,23.46,23.465,404
2026-04-06 14:30:00,23.44,23.44,23.44,23.44,1000
2026-04-06 14:35:00,23.44,23.44,23.43,23.43,1360
2026-04-06 14:40:00,23.4,23.41,23.4,23.41,1850
2026-04-06 14:45:00,23.415,23.415,23.415,23.415,200
2026-04-06 14:50:00,23.44,23.455,23.44,23.455,1906
2026-04-06 14:55:00,23.45,23.455,23.45,23.455,535
2026-04-06 15:00:00,23.45,23.45,23.43,23.45,1500
2026-04-06 15:05:00,23.45,23.45,23.38,23.385,2750
2026-04-06 15:10:00,23.37,23.375,23.35,23.375,800
2026-04-06 15:15:00,23.4,23.42,23.39,23.4102,2350
2026-04-06 15:20:00,23.42,23.42,23.38,23.39,3920
2026-04-06 15:25:00,23.39,23.4,23.37,23.39,5208
2026-04-06 15:30:00,23.39,23.395,23.39,23.395,2920
2026-04-06 15:35:00,23.43,23.43,23.405,23.4299,2500
2026-04-06 15:40:00,23.405,23.4299,23.38,23.4,4500
2026-04-06 15:45:00,23.4,23.445,23.4,23.445,1280
2026-04-06 15:50:00,23.46,23.46,23.4,23.4,3252
2026-04-06 15:55:00,23.4,23.44,23.39,23.42,4326
2026-04-06 16:00:00,23.43,23.51,23.43,23.51,1062
2026-04-06 16:30:00,23.34,23.34,23.33,23.33,500
2026-04-06 17:05:00,23.52,23.52,23.52,23.52,350
2026-04-06 18:50:00,23.44,23.44,23.44,23.44,142
2026-04-06 19:05:00,23.44,23.44,23.44,23.44,142
2026-04-07 04:00:00,23.19,23.19,23.16,23.16,931
2026-04-07 04:25:00,23.39,23.4,23.39,23.4,800
2026-04-07 05:10:00,23.43,23.43,23.31,23.31,280
2026-04-07 06:10:00,23.3,23.3,23.3,23.3,180
2026-04-07 07:00:00,23.24,23.24,23.24,23.24,100
2026-04-07 07:05:00,23.01,23.08,23.01,23.08,542
2026-04-07 07:10:00,23.09,23.09,23.09,23.09,225
2026-04-07 07:30:00,23.07,23.07,23.07,23.07,2050
2026-04-07 07:35:00,23.06,23.08,23.02,23.08,650
2026-04-07 08:05:00,23.12,23.12,23.04,23.05,3699
2026-04-07 08:10:00,23.1,23.1,23.1,23.1,2000
2026-04-07 08:15:00,23.01,23.04,23.01,23.02,624
2026-04-07 08:20:00,23.04,23.05,23.04,23.04,710
2026-04-07 08:45:00,23.02,23.02,22.99,22.99,440
2026-04-07 08:50:00,22.99,23.01,22.99,23.01,2030
2026-04-07 09:05:00,23.134,23.134,23.134,23.134,100
2026-04-07 09:20:00,22.96,22.97,22.96,22.97,500
2026-04-07 09:25:00,22.97,22.99,22.97,22.99,800
2026-04-07 09:30:00,22.97,23.195,22.96,23.18,3858
2026-04-07 09:35:00,23.2303,23.26,23.18,23.1899,3893
2026-04-07 09:40:00,23.14,23.15,23.1,23.1,3259
2026-04-07 09:45:00,23.08,23.17,22.99,22.9912,10196
2026-04-07 09:50:00,22.97,23.05,22.95,23.05,4399
2026-04-07 09:55:00,23.09,23.09,22.95,22.95,3368
2026-04-07 10:00:00,22.9,22.9,22.8,22.8008,5395
2026-04-07 10:05:00,22.82,22.865,22.76,22.76,2912
2026-04-07 10:10:00,22.79,22.8,22.75,22.78,16241
2026-04-07 10:15:00,22.75,22.79,22.75,22.76,1298
2026-04-07 10:20:00,22.76,22.86,22.75,22.86,7822
2026-04-07 10:25:00,22.87,22.87,22.82,22.82,2302
2026-04-07 10:30:00,22.85,22.9,22.81,22.9,4954
2026-04-07 10:35:00,22.89,22.89,22.77,22.83,9319
2026-04-07 10:40:00,22.8,22.8,22.75,22.75,1142
2026-04-07 10:45:00,22.74,22.77,22.66,22.66,4723
2026-04-07 10:50:00,22.6501,22.6799,22.56,22.575,12911
2026-04-07 10:55:00,22.57,22.57,22.37,22.3804,10558
2026-04-07 11:00:00,22.34,22.3446,22.22,22.23,6216
2026-04-07 11:05:00,22.275,22.275,22.09,22.09,16890
2026-04-07 11:10:00,22.1,22.22,22.09,22.19,4563
2026-04-07 11:15:00,22.125,22.235,22.11,22.17,4884
2026-04-07 11:20:00,22.16,22.175,22.13,22.15,1702
2026-04-07 11:25:00,22.16,22.17,22.12,22.15,1642
2026-04-07 11:30:00,22.17,22.17,22.09,22.09,7360
2026-04-07 11:35:00,22.09,22.13,22.0806,22.12,11650
2026-04-07 11:40:00,22.04,22.04,21.935,21.94,8230
2026-04-07 11:45:00,21.9999,21.9999,21.87,21.9,8887
2026-04-07 11:50:00,21.91,21.91,21.78,21.83,20755
2026-04-07 11:55:00,21.83,21.8727,21.77,21.78,23291
2026-04-07 12:00:00,21.772,22.04,21.77,21.995,9917
2026-04-07 12:05:00,21.96,21.96,21.81,21.81,7149
2026-04-07 12:10:00,21.8191,21.86,21.815,21.83,7418
2026-04-07 12:15:00,21.82,21.9499,21.81,21.93,4746
2026-04-07 12:20:00,21.9469,22.1,21.945,22.06,17753
2026-04-07 12:25:00,22.03,22.08,21.94,21.96,5536
2026-04-07 12:30:00,21.9,21.96,21.89,21.96,2744
2026-04-07 12:35:00,21.96,21.96,21.88,21.88,4370
2026-04-07 12:40:00,21.88,21.96,21.875,21.96,2201
2026-04-07 12:45:00,22.015,22.1,22.015,22.08,2904
2026-04-07 12:50:00,22.09,22.16,22.09,22.1,10716
2026-04-07 12:55:00,22.1,22.1,22.03,22.0622,12223
2026-04-07 13:00:00,22.04,22.13,22.035,22.1,3326
2026-04-07 13:05:00,22.095,22.095,22.09,22.09,1000
2026-04-07 13:10:00,22.05,22.075,22.04,22.075,2768
2026-04-07 13:15:00,22.05,22.0588,22.03,22.03,2706
2026-04-07 13:20:00,22.03,22.0499,21.971,22.005,5538
2026-04-07 13:25:00,22.04,22.04,22.0301,22.04,2700
2026-04-07 13:30:00,22.05,22.15,22.05,22.15,7900
2026-04-07 13:35:00,22.14,22.33,22.14,22.2941,11868
2026-04-07 13:40:00,22.29,22.29,22.2,22.2166,10717
2026-04-07 13:45:00,22.1901,22.2202,22.1901,22.22,1669
2026-04-07 13:50:00,22.2,22.22,22.2,22.22,2777
2026-04-07 13:55:00,22.21,22.21,22.12,22.14,3955
2026-04-07 14:00:00,22.13,22.15,22.13,22.14,1200
2026-04-07 14:05:00,22.13,22.15,22.13,22.15,1900
2026-04-07 14:10:00,22.1,22.121,22.1,22.121,3431
2026-04-07 14:15:00,22.11,22.11,22.08,22.1,2028
2026-04-07 14:20:00,22.09,22.1,22.05,22.05,14399
2026-04-07 14:25:00,22.04,22.04,22,22.03,4316
2026-04-07 14:30:00,22.025,22.06,22.02,22.06,1500
2026-04-07 14:35:00,22.07,22.07,22.04,22.05,2093
2026-04-07 14:40:00,22.03,22.03,21.975,21.9755,2838
2026-04-07 14:45:00,21.96,21.96,21.92,21.93,1714
2026-04-07 14:50:00,21.93,21.945,21.9,21.9,3236
2026-04-07 14:55:00,21.89,21.89,21.82,21.85,10970
2026-04-07 15:00:00,21.845,21.86,21.845,21.86,300
2026-04-07 15:05:00,21.84,21.84,21.78,21.78,8482
2026-04-07 15:10:00,21.86,21.86,21.86,21.86,600
2026-04-07 15:15:00,21.93,22.07,21.93,22.07,3413
2026-04-07 15:20:00,22.08,22.265,22.08,22.16,2876
2026-04-07 15:25:00,22.15,22.15,22.12,22.12,400
2026-04-07 15:30:00,22.12,22.14,22.11,22.12,2070
2026-04-07 15:35:00,22.12,22.13,22.0775,22.0775,1025
2026-04-07 15:40:00,22.08,22.1,22.08,22.1,987
2026-04-07 15:45:00,22.12,22.33,22.12,22.3,3684
2026-04-07 15:50:00,22.27,22.34,22.27,22.335,1497
2026-04-07 15:55:00,22.34,22.4099,22.34,22.4,20672
2026-04-07 16:00:00,22.4,22.49,22.34,22.49,7493
2026-04-07 16:05:00,22.43,22.43,22.43,22.43,2000
2026-04-07 16:20:00,22.45,22.45,22.45,22.45,151
2026-04-07 16:25:00,22.42,22.42,22.42,22.42,1000
2026-04-07 16:45:00,22.5,22.5,22.5,22.5,100
2026-04-07 17:00:00,22.48,22.48,22.48,22.48,2472
2026-04-07 17:05:00,22.48,22.48,22.48,22.48,500
2026-04-07 17:10:00,22.48,22.48,22.48,22.48,235
2026-04-07 17:20:00,22.6,22.6,22.5,22.5,2243
2026-04-07 17:35:00,22.5888,22.5888,22.5888,22.5888,500
2026-04-07 17:45:00,22.6,22.7,22.6,22.7,400
2026-04-07 17:50:00,22.69,22.69,22.6,22.6,220
2026-04-07 18:00:00,22.79,22.8186,22.76,22.8186,1002
2026-04-07 18:05:00,22.83,22.88,22.83,22.88,300
2026-04-07 18:10:00,22.9,22.9,22.89,22.89,400
2026-04-07 18:15:00,22.89,22.89,22.8733,22.8733,258
2026-04-07 18:20:00,22.81,22.81,22.81,22.81,250
2026-04-07 18:25:00,22.85,22.88,22.84,22.88,622
2026-04-07 18:30:00,22.85,22.91,22.85,22.9,4700
2026-04-07 18:35:00,23,23.21,23,23.2,1300
2026-04-07 18:40:00,23.25,23.35,23.25,23.35,5450
2026-04-07 18:45:00,23.3,23.34,23.21,23.21,3507
2026-04-07 18:50:00,22.84,23.28,22.84,23.28,3150
2026-04-07 18:55:00,23.28,23.5,23.28,23.5,2461
2026-04-07 19:00:00,23.49,23.8,23.48,23.7945,6685
2026-04-07 19:05:00,23.68,23.68,23.55,23.63,2637
2026-04-07 19:10:00,23.67,23.7597,23.67,23.7,823
2026-04-07 19:15:00,23.6,23.9,23.6,23.9,980
2026-04-07 19:20:00,23.8935,24.15,23.86,24.0418,2961
2026-04-07 19:25:00,24.1896,24.4,24.1896,24.28,5055
2026-04-07 19:30:00,24.234,24.27,23.98,23.98,3600
2026-04-07 19:35:00,23.99,24.0522,23.8,24.05,1918
2026-04-07 19:40:00,23.97,24,23.97,23.99,3150
2026-04-07 19:45:00,24,24.1,23.96,24.1,2501
2026-04-07 19:50:00,23.91,24.05,23.91,24.05,6074
2026-04-07 19:55:00,24.06,24.07,24.06,24.07,358
2026-04-07 20:00:00,24.05,24.05,24.05,24.05,1152
2026-04-08 04:00:00,25.5,26.44,25.19,25.64,73667
2026-04-08 04:05:00,25.85,26.43,25.22,25.39,12240
2026-04-08 04:10:00,25.69,25.8,25.69,25.8,1056
2026-04-08 04:15:00,25.85,25.9,25.85,25.9,460
2026-04-08 04:30:00,25.78,25.8,25.77,25.77,601
2026-04-08 04:35:00,25.8,25.87,25.8,25.87,1460
2026-04-08 04:40:00,25.81,25.82,25.8,25.81,1078
2026-04-08 04:45:00,25.79,25.85,25.79,25.85,1541
2026-04-08 04:50:00,25.88,25.88,25.88,25.88,106
2026-04-08 04:55:00,25.85,25.86,25.85,25.86,422
2026-04-08 05:00:00,25.83,25.83,25.81,25.81,272
2026-04-08 05:05:00,25.86,25.86,25.86,25.86,200
2026-04-08 05:10:00,25.84,25.84,25.84,25.84,1980
2026-04-08 05:15:00,25.8,25.8,25.8,25.8,390
2026-04-08 05:20:00,25.89,26,25.85,26,1808
2026-04-08 05:25:00,26,26,26,26,105
2026-04-08 05:30:00,25.84,25.84,25.8,25.8,358
2026-04-08 06:00:00,25.82,25.82,25.82,25.82,980
2026-04-08 06:10:00,25.72,25.72,25.72,25.72,300
2026-04-08 06:15:00,25.78,25.78,25.7,25.7,802
2026-04-08 06:20:00,25.72,25.72,25.72,25.72,100
2026-04-08 06:25:00,25.71,25.71,25.71,25.71,100
2026-04-08 06:30:00,25.78,25.78,25.78,25.78,100
2026-04-08 06:35:00,25.74,25.74,25.74,25.74,100
2026-04-08 06:45:00,25.8,25.8,25.8,25.8,940
2026-04-08 06:50:00,25.82,25.82,25.82,25.82,125
2026-04-08 06:55:00,25.77,25.77,25.74,25.74,598
2026-04-08 07:00:00,25.72,25.75,25.6,25.65,6398
2026-04-08 07:05:00,25.5,25.6,25.5,25.6,8620
2026-04-08 07:10:00,25.62,25.62,25.5095,25.52,4015
2026-04-08 07:15:00,25.5278,25.54,25.5278,25.5325,1850
2026-04-08 07:20:00,25.508,25.6,25.508,25.6,5740
2026-04-08 07:25:00,25.7,25.7,25.57,25.57,3050
2026-04-08 07:30:00,25.51,25.639,25.35,25.35,9160
2026-04-08 07:35:00,25.5,25.5,25.37,25.37,3606
2026-04-08 07:40:00,25.4,25.43,25.4,25.4,3642
2026-04-08 07:45:00,25.4,25.44,25.4,25.4,6112
2026-04-08 07:50:00,25.48,25.49,25.4353,25.49,800
2026-04-08 07:55:00,25.5,25.5,25.48,25.48,250
2026-04-08 08:00:00,25.43,25.55,25.41,25.55,1953
2026-04-08 08:05:00,25.6,25.65,25.55,25.55,4438
2026-04-08 08:10:00,25.65,25.65,25.5429,25.65,499
2026-04-08 08:20:00,25.4,25.48,25.4,25.44,2018
2026-04-08 08:25:00,25.549,25.549,25.5,25.5,1165
2026-04-08 08:30:00,25.5,25.56,25.5,25.56,1420
2026-04-08 08:35:00,25.67,25.67,25.58,25.58,300
2026-04-08 08:40:00,25.5,25.53,25.48,25.48,2344
2026-04-08 08:45:00,25.589,25.589,25.56,25.56,320
2026-04-08 08:50:00,25.55,25.59,25.5,25.5,405
2026-04-08 08:55:00,25.431,25.431,25.431,25.431,218
2026-04-08 09:00:00,25.48,25.48,25.48,25.48,140
2026-04-08 09:10:00,25.53,25.53,25.48,25.48,633
2026-04-08 09:20:00,25.5,25.66,25.47,25.66,2815
2026-04-08 09:25:00,25.62,25.62,25.37,25.6,2830
2026-04-08 09:30:00,25.62,26,25.28,25.4,65501
2026-04-08 09:35:00,25.4,25.4,25.22,25.29,14846
2026-04-08 09:40:00,25.32,25.35,25.09,25.16,15194
2026-04-08 09:45:00,25.13,25.2488,25.11,25.17,22483
2026-04-08 09:50:00,25.19,25.19,24.94,24.94,30127
2026-04-08 09:55:00,24.94,24.98,24.81,24.93,33950
2026-04-08 10:00:00,24.91,25.02,24.861,24.861,8306
2026-04-08 10:05:00,24.85,24.86,24.8,24.86,8257
2026-04-08 10:10:00,24.82,24.99,24.82,24.97,8805
2026-04-08 10:15:00,24.97,25,24.8,24.83,2712
2026-04-08 10:20:00,24.85,24.8769,24.8,24.81,8178
2026-04-08 10:25:00,24.84,24.84,24.66,24.675,7803
2026-04-08 10:30:00,24.72,24.76,24.55,24.55,8580
2026-04-08 10:35:00,24.535,24.55,24.47,24.545,7766
2026-04-08 10:40:00,24.54,24.58,24.51,24.51,1900
2026-04-08 10:45:00,24.54,24.56,24.5,24.5412,10361
2026-04-08 10:50:00,24.54,24.54,24.45,24.54,2324
2026-04-08 10:55:00,24.47,24.48,24.38,24.46,15487
2026-04-08 11:00:00,24.51,24.61,24.51,24.5696,4858
2026-04-08 11:05:00,24.55,24.55,24.48,24.48,900
2026-04-08 11:10:00,24.47,24.6,24.45,24.6,17024
2026-04-08 11:15:00,24.58,24.595,24.56,24.56,1591
2026-04-08 11:20:00,24.62,24.685,24.62,24.66,965
2026-04-08 11:25:00,24.66,24.66,24.61,24.61,3265
2026-04-08 11:30:00,24.61,24.63,24.6,24.6,1966
2026-04-08 11:35:00,24.62,24.6701,24.615,24.6701,800
2026-04-08 11:40:00,24.68,24.68,24.62,24.645,5948
2026-04-08 11:45:00,24.6468,24.69,24.64,24.69,4697
2026-04-08 11:50:00,24.69,24.73,24.678,24.705,7448
2026-04-08 11:55:00,24.73,24.775,24.73,24.75,500
2026-04-08 12:00:00,24.77,24.82,24.75,24.79,5527
2026-04-08 12:05:00,24.7825,24.8019,24.77,24.8,8772
2026-04-08 12:10:00,24.8096,24.8096,24.77,24.795,577
2026-04-08 12:15:00,24.79,24.9,24.7899,24.86,4939
2026-04-08 12:20:00,24.895,25,24.87,24.95,22102
2026-04-08 12:25:00,24.96,24.96,24.81,24.81,1328
2026-04-08 12:30:00,24.8415,24.9,24.8415,24.87,2886
2026-04-08 12:35:00,24.87,24.87,24.87,24.87,200
2026-04-08 12:40:00,24.94,24.94,24.9096,24.9096,320
2026-04-08 12:45:00,24.905,24.96,24.895,24.96,8171
2026-04-08 12:50:00,24.9699,24.9699,24.895,24.9052,4870
2026-04-08 12:55:00,24.95,24.98,24.9301,24.96,4060
2026-04-08 13:00:00,24.97,24.97,24.965,24.97,2300
2026-04-08 13:05:00,24.94,24.94,24.9034,24.9034,300
2026-04-08 13:10:00,24.91,24.9284,24.91,24.915,2719
2026-04-08 13:15:00,24.92,24.93,24.88,24.88,10960
2026-04-08 13:20:00,24.87,24.88,24.83,24.83,940
2026-04-08 13:25:00,24.8,24.8,24.7571,24.7571,3717
2026-04-08 13:30:00,24.78,24.809,24.78,24.809,1160
2026-04-08 13:35:00,24.805,24.8699,24.78,24.83,2650
2026-04-08 13:40:00,24.83,24.8652,24.81,24.8652,3797
2026-04-08 13:45:00,24.8301,24.85,24.8301,24.85,800
2026-04-08 13:50:00,24.86,24.88,24.8,24.8199,2261
2026-04-08 13:55:00,24.785,24.785,24.7201,24.76,6827
2026-04-08 14:00:00,24.72,24.79,24.6801,24.785,5737
2026-04-08 14:05:00,24.81,24.8499,24.81,24.8499,480
2026-04-08 14:10:00,24.82,24.82,24.7901,24.7901,1020
2026-04-08 14:15:00,24.85,24.85,24.6301,24.69,6794
2026-04-08 14:20:00,24.675,24.71,24.645,24.645,800
2026-04-08 14:25:00,24.61,24.66,24.61,24.66,3193
2026-04-08 14:30:00,24.67,24.67,24.6,24.6457,3452
2026-04-08 14:35:00,24.649,24.649,24.57,24.575,24700
2026-04-08 14:40:00,24.55,24.56,24.55,24.56,1111
2026-04-08 14:45:00,24.54,24.59,24.54,24.58,6370
2026-04-08 14:50:00,24.58,24.6126,24.54,24.54,5546
2026-04-08 14:55:00,24.52,24.52,24.4,24.415,6607
2026-04-08 15:00:00,24.42,24.42,24.36,24.365,18540
2026-04-08 15:05:00,24.35,24.39,24.3102,24.38,18737
2026-04-08 15:10:00,24.4292,24.4599,24.41,24.445,21096
2026-04-08 15:15:00,24.47,24.48,24.47,24.48,1007
2026-04-08 15:20:00,24.3818,24.42,24.3818,24.42,11590
2026-04-08 15:25:00,24.4204,24.4204,24.36,24.3603,7738
2026-04-08 15:30:00,24.38,24.43,24.38,24.4103,1220
2026-04-08 15:35:00,24.45,24.45,24.41,24.41,1900
2026-04-08 15:40:00,24.433,24.47,24.433,24.47,5830
2026-04-08 15:45:00,24.48,24.48,24.41,24.41,1673
2026-04-08 15:50:00,24.425,24.495,24.42,24.495,9253
2026-04-08 15:55:00,24.45,24.54,24.45,24.54,7594
2026-04-08 16:00:00,24.53,24.53,24.52,24.52,2080
2026-04-08 16:05:00,24.6286,24.6286,24.6286,24.6286,135
2026-04-08 16:30:00,24.57,24.57,24.57,24.57,100
2026-04-08 16:35:00,24.54,24.54,24.54,24.54,100
2026-04-08 17:15:00,24.53,24.53,24.53,24.53,292
2026-04-08 17:20:00,24.55,24.55,24.55,24.55,582
2026-04-08 17:30:00,24.56,24.56,24.56,24.56,113
2026-04-08 18:00:00,24.57,24.57,24.57,24.57,323
2026-04-08 18:05:00,24.6678,24.6678,24.6678,24.6678,210
2026-04-08 18:15:00,24.57,24.63,24.57,24.63,261
2026-04-08 18:25:00,24.56,24.62,24.56,24.61,696
2026-04-08 18:55:00,24.61,24.61,24.61,24.61,200
2026-04-08 19:00:00,24.6,24.6,24.6,24.6,120
2026-04-08 19:25:00,24.55,24.55,24.55,24.55,100
2026-04-08 19:30:00,24.53,24.53,24.53,24.53,1120
2026-04-08 19:55:00,24.5126,24.5126,24.5126,24.5126,292
2026-04-09 04:00:00,24.66,24.83,24.26,24.58,12856
2026-04-09 04:05:00,24.31,24.79,24.31,24.58,3890
2026-04-09 04:25:00,24.34,24.34,24.32,24.32,361
2026-04-09 04:40:00,24.33,24.33,24.33,24.33,200
2026-04-09 04:50:00,24.3,24.35,24.28,24.28,933
2026-04-09 04:55:00,24.28,24.28,24.28,24.28,3000
2026-04-09 05:00:00,24.24,24.24,24.24,24.24,100
2026-04-09 05:05:00,24.29,24.29,24.29,24.29,100
2026-04-09 05:10:00,24.38,24.38,24.38,24.38,400
2026-04-09 05:20:00,24.32,24.32,24.32,24.32,450
2026-04-09 05:35:00,24.42,24.43,24.42,24.42,390
2026-04-09 05:40:00,24.47,24.47,24.45,24.45,200
2026-04-09 06:00:00,24.37,24.37,24.35,24.35,210
2026-04-09 06:20:00,24.36,24.36,24.36,24.36,2478
2026-04-09 06:35:00,24.37,24.37,24.37,24.37,189
2026-04-09 06:50:00,24.36,24.36,24.35,24.35,510
2026-04-09 07:10:00,24.3,24.31,24.3,24.31,1498
2026-04-09 07:15:00,24.41,24.43,24.41,24.43,360
2026-04-09 07:40:00,24.33,24.33,24.33,24.33,949
2026-04-09 07:45:00,24.43,24.43,24.43,24.43,500
2026-04-09 07:50:00,24.42,24.42,24.42,24.42,100
2026-04-09 08:00:00,24.44,24.45,24.44,24.45,200
2026-04-09 08:10:00,24.38,24.38,24.38,24.38,100
2026-04-09 08:15:00,24.37,24.37,24.37,24.37,200
2026-04-09 08:25:00,24.34,24.34,24.34,24.34,200
2026-04-09 08:45:00,24.33,24.33,24.33,24.33,114
2026-04-09 09:05:00,24.32,24.32,24.32,24.32,4102
2026-04-09 09:15:00,24.32,24.32,24.32,24.32,1402
2026-04-09 09:20:00,24.32,24.33,24.32,24.33,2702
2026-04-09 09:25:00,24.46,24.46,24.46,24.46,300
2026-04-09 09:30:00,24.2,24.595,24.1501,24.5899,15458
2026-04-09 09:35:00,24.57,25.06,24.57,24.95,19859
2026-04-09 09:40:00,25.06,25.0962,24.9,24.94,13262
2026-04-09 09:45:00,24.9,24.93,24.78,24.825,13171
2026-04-09 09:50:00,24.74,24.75,24.49,24.54,11290
2026-04-09 09:55:00,24.4911,24.52,24.44,24.46,4800
2026-04-09 10:00:00,24.42,24.4699,24.3107,24.4699,6642
2026-04-09 10:05:00,24.4627,24.4627,24.3,24.37,5690
2026-04-09 10:10:00,24.37,24.49,24.345,24.41,7521
2026-04-09 10:15:00,24.38,24.39,24.22,24.22,6398
2026-04-09 10:20:00,24.24,24.2883,24.1893,24.19,3104
2026-04-09 10:25:00,24.2106,24.2106,23.995,24.03,2796
2026-04-09 10:30:00,24.06,24.1,24.03,24.1,3124
2026-04-09 10:35:00,24.09,24.149,24.055,24.149,2523
2026-04-09 10:40:00,24.199,24.199,24.15,24.16,5590
2026-04-09 10:45:00,24.1792,24.2,24.12,24.2,1565
2026-04-09 10:50:00,24.21,24.21,24.1797,24.19,2411
2026-04-09 10:55:00,24.22,24.27,24.2,24.26,3468
2026-04-09 11:00:00,24.24,24.25,24.2,24.2,3998
2026-04-09 11:05:00,24.18,24.2425,24.18,24.2249,2458
2026-04-09 11:10:00,24.25,24.26,24.22,24.25,1994
2026-04-09 11:15:00,24.265,24.467,24.265,24.467,12042
2026-04-09 11:20:00,24.4999,24.51,24.4556,24.51,5795
2026-04-09 11:25:00,24.49,24.51,24.485,24.485,666
2026-04-09 11:30:00,24.52,24.78,24.52,24.74,23432
2026-04-09 11:35:00,24.8,24.8,24.7,24.7,6392
2026-04-09 11:40:00,24.7285,24.85,24.7285,24.82,17208
2026-04-09 11:45:00,24.8,24.9293,24.764,24.89,18640
2026-04-09 11:50:00,24.86,24.94,24.86,24.93,906
2026-04-09 11:55:00,24.96,25.06,24.96,25.06,6469
2026-04-09 12:00:00,25.06,25.21,25.035,25.175,9342
2026-04-09 12:05:00,25.2,25.32,25.1935,25.25,11457
2026-04-09 12:10:00,25.2694,25.31,25.19,25.1918,9308
2026-04-09 12:15:00,25.21,25.2904,25.19,25.26,3405
2026-04-09 12:20:00,25.27,25.27,25.1601,25.22,2280
2026-04-09 12:25:00,25.24,25.28,25.225,25.225,4574
2026-04-09 12:30:00,25.3,25.32,25.26,25.265,7744
2026-04-09 12:35:00,25.28,25.3391,25.24,25.24,8787
2026-04-09 12:40:00,25.195,25.23,25.195,25.23,400
2026-04-09 12:45:00,25.21,25.2135,25.18,25.18,2776
2026-04-09 12:50:00,25.23,25.34,25.23,25.32,6939
2026-04-09 12:55:00,25.33,25.33,25.29,25.3295,3560
2026-04-09 13:00:00,25.32,25.32,25.29,25.3179,2600
2026-04-09 13:05:00,25.355,25.37,25.35,25.35,8690
2026-04-09 13:10:00,25.35,25.396,25.35,25.37,3262
2026-04-09 13:15:00,25.4,25.4343,25.4,25.4343,1631
2026-04-09 13:20:00,25.4,25.41,25.38,25.405,1300
2026-04-09 13:25:00,25.3607,25.4,25.3607,25.4,3560
2026-04-09 13:30:00,25.37,25.37,25.335,25.335,3100
2026-04-09 13:35:00,25.3893,25.3893,25.3893,25.3893,663
2026-04-09 13:40:00,25.454,25.454,25.35,25.35,8300
2026-04-09 13:45:00,25.38,25.4,25.3,25.32,2687
2026-04-09 13:50:00,25.2636,25.31,25.2636,25.3,2550
2026-04-09 13:55:00,25.29,25.33,25.2756,25.33,1769
2026-04-09 14:00:00,25.33,25.33,25.18,25.18,4751
2026-04-09 14:05:00,25.2,25.22,25.185,25.19,4600
2026-04-09 14:10:00,25.19,25.2,25.17,25.17,16240
2026-04-09 14:15:00,25.19,25.24,25.19,25.24,500
2026-04-09 14:20:00,25.2451,25.2451,25.16,25.16,1236
2026-04-09 14:25:00,25.17,25.18,25.14,25.17,5010
2026-04-09 14:30:00,25.14,25.15,25.12,25.15,4580
2026-04-09 14:35:00,25.17,25.19,25.14,25.18,9572
2026-04-09 14:40:00,25.16,25.19,25.13,25.145,500
2026-04-09 14:45:00,25.15,25.15,25.13,25.14,5210
2026-04-09 14:50:00,25.1701,25.1701,25.13,25.16,900
2026-04-09 14:55:00,25.19,25.21,25.19,25.21,5006
2026-04-09 15:00:00,25.205,25.22,25.205,25.22,5100
2026-04-09 15:05:00,25.21,25.27,25.21,25.2598,1437
2026-04-09 15:10:00,25.27,25.27,25.27,25.27,500
2026-04-09 15:15:00,25.3047,25.3047,25.26,25.26,1892
2026-04-09 15:20:00,25.24,25.24,25.24,25.24,400
2026-04-09 15:25:00,25.24,25.26,25.24,25.24,508
2026-04-09 15:30:00,25.26,25.29,25.26,25.27,926
2026-04-09 15:35:00,25.29,25.29,25.29,25.29,100
2026-04-09 15:40:00,25.27,25.35,25.27,25.3,2510
2026-04-09 15:45:00,25.31,25.32,25.31,25.32,600
2026-04-09 15:50:00,25.35,25.35,25.32,25.35,1158
2026-04-09 15:55:00,25.35,25.46,25.3,25.43,7413
2026-04-09 16:00:00,25.43,25.43,25.3,25.41,821
2026-04-09 16:05:00,25.4,25.4,25.4,25.4,109
2026-04-09 16:45:00,25.48,25.48,25.48,25.48,1448
2026-04-09 17:00:00,25.5,25.5,25.5,25.5,200
2026-04-09 17:25:00,25.4,25.48,25.4,25.48,200
2026-04-09 18:05:00,25.49,25.49,25.49,25.49,549
2026-04-09 18:25:00,25.43,25.43,25.43,25.43,195
2026-04-09 19:35:00,25.4,25.42,25.4,25.42,200
2026-04-09 19:55:00,25.41,25.42,25.41,25.42,200
2026-04-10 04:00:00,25.87,26.29,25.68,25.7,31347
2026-04-10 04:05:00,26.01,26.29,25.68,25.71,7591
2026-04-10 04:40:00,25.71,25.71,25.71,25.71,366
2026-04-10 04:45:00,25.71,25.71,25.71,25.71,4124
2026-04-10 04:55:00,25.6,25.6,25.6,25.6,100
2026-04-10 05:15:00,25.64,25.65,25.64,25.65,299
2026-04-10 05:30:00,25.8,25.8,25.8,25.8,220
2026-04-10 05:40:00,25.8,25.8,25.77,25.77,1585
2026-04-10 05:45:00,25.78,25.78,25.78,25.78,100
2026-04-10 05:50:00,25.73,25.77,25.73,25.77,382
2026-04-10 05:55:00,25.7,25.7,25.7,25.7,400
2026-04-10 06:05:00,25.85,25.85,25.85,25.85,100
2026-04-10 06:10:00,25.9,25.9,25.9,25.9,1158
2026-04-10 06:20:00,25.8,25.8,25.79,25.79,300
2026-04-10 07:10:00,25.86,25.86,25.86,25.86,156
2026-04-10 07:15:00,25.9,25.9,25.9,25.9,120
2026-04-10 07:30:00,25.91,25.91,25.89,25.89,2269
2026-04-10 07:40:00,25.933,25.9399,25.9,25.91,3330
2026-04-10 07:55:00,25.91,25.91,25.86,25.86,1727
2026-04-10 08:00:00,25.88,25.88,25.86,25.86,1344
2026-04-10 08:05:00,25.92,25.92,25.92,25.92,250
2026-04-10 08:10:00,25.91,25.919,25.91,25.91,424
2026-04-10 08:15:00,25.89,25.9,25.8799,25.9,1456
2026-04-10 08:20:00,25.89,25.89,25.89,25.89,100
2026-04-10 08:25:00,25.9,25.94,25.9,25.94,400
2026-04-10 08:30:00,25.99,26,25.99,26,1400
2026-04-10 08:40:00,25.84,25.87,25.83,25.83,1041
2026-04-10 08:45:00,25.87,25.87,25.86,25.86,300
2026-04-10 08:50:00,25.85,25.89,25.85,25.89,1000
2026-04-10 08:55:00,25.86,25.86,25.86,25.86,100
2026-04-10 09:00:00,25.83,25.83,25.83,25.83,1963
2026-04-10 09:05:00,25.93,25.93,25.93,25.93,2300
2026-04-10 09:10:00,25.88,25.88,25.88,25.88,500
2026-04-10 09:15:00,25.96,25.96,25.96,25.96,153
2026-04-10 09:20:00,25.98,26.05,25.98,26.05,427
2026-04-10 09:25:00,25.96,26,25.96,26,219
2026-04-10 09:30:00,26,26.215,25.85,25.85,7969
2026-04-10 09:35:00,25.86,26.04,25.79,26,7834
2026-04-10 09:40:00,25.88,25.98,25.8,25.82,16729
2026-04-10 09:45:00,25.86,25.97,25.86,25.92,8143
2026-04-10 09:50:00,25.8883,25.98,25.85,25.89,5214
2026-04-10 09:55:00,25.93,26.099,25.93,26.07,10491
2026-04-10 10:00:00,26.08,26.1,26.045,26.07,8309
2026-04-10 10:05:00,26.0512,26.1,26.01,26.0683,3396
2026-04-10 10:10:00,26.03,26.11,25.94,26.11,7371
2026-04-10 10:15:00,26.14,26.18,26.12,26.18,10717
2026-04-10 10:20:00,26.18,26.19,26.06,26.06,4845
2026-04-10 10:25:00,26.06,26.06,25.85,25.87,5620
2026-04-10 10:30:00,25.88,25.95,25.84,25.85,4345
2026-04-10 10:35:00,25.8101,25.875,25.8101,25.84,4692
2026-04-10 10:40:00,25.84,25.84,25.73,25.79,9173
2026-04-10 10:45:00,25.71,25.746,25.6,25.6,12595
2026-04-10 10:50:00,25.6,25.65,25.54,25.54,18033
2026-04-10 10:55:00,25.56,25.63,25.56,25.57,10271
2026-04-10 11:00:00,25.59,25.6,25.53,25.59,2400
2026-04-10 11:05:00,25.5201,25.6299,25.5201,25.6199,5069
2026-04-10 11:10:00,25.6,25.64,25.6,25.615,7365
2026-04-10 11:15:00,25.62,25.66,25.585,25.61,2650
2026-04-10 11:20:00,25.66,25.7,25.66,25.685,2797
2026-04-10 11:25:00,25.7,25.7,25.58,25.58,5227
2026-04-10 11:30:00,25.58,25.5999,25.45,25.45,2715
2026-04-10 11:35:00,25.45,25.46,25.44,25.46,8091
2026-04-10 11:40:00,25.4,25.4,25.32,25.37,27212
2026-04-10 11:45:00,25.37,25.37,25.33,25.33,6804
2026-04-10 11:50:00,25.38,25.38,25.31,25.3168,10567
2026-04-10 11:55:00,25.3,25.3,25.24,25.2501,16710
2026-04-10 12:00:00,25.25,25.3,25.25,25.28,19037
2026-04-10 12:05:00,25.28,25.28,25.23,25.27,2548
2026-04-10 12:10:00,25.3,25.4,25.3,25.3999,8523
2026-04-10 12:15:00,25.3988,25.42,25.36,25.36,6300
2026-04-10 12:20:00,25.32,25.33,25.28,25.33,3110
2026-04-10 12:25:00,25.36,25.36,25.33,25.34,1950
2026-04-10 12:30:00,25.29,25.29,25.25,25.265,1074
2026-04-10 12:35:00,25.24,25.24,25.23,25.23,1630
2026-04-10 12:40:00,25.18,25.195,25.17,25.17,5320
2026-04-10 12:45:00,25.2,25.31,25.2,25.2901,1610
2026-04-10 12:50:00,25.31,25.49,25.305,25.4,10156
2026-04-10 12:55:00,25.425,25.425,25.39,25.4,1022
2026-04-10 13:00:00,25.37,25.37,25.35,25.35,1339
2026-04-10 13:05:00,25.3388,25.36,25.31,25.36,8690
2026-04-10 13:10:00,25.36,25.489,25.36,25.45,4268
2026-04-10 13:15:00,25.4593,25.4599,25.4,25.43,10637
2026-04-10 13:20:00,25.44,25.5,25.44,25.48,4335
2026-04-10 13:25:00,25.4,25.402,25.385,25.4,15221
2026-04-10 13:30:00,25.365,25.44,25.36,25.4,6344
2026-04-10 13:35:00,25.36,25.36,25.35,25.35,1522
2026-04-10 13:40:00,25.35,25.35,25.3377,25.3377,8674
2026-04-10 13:45:00,25.375,25.3801,25.3728,25.3801,1660
2026-04-10 13:50:00,25.4,25.43,25.4,25.43,2618
2026-04-10 13:55:00,25.395,25.395,25.36,25.37,1160
2026-04-10 14:00:00,25.37,25.38,25.36,25.36,1121
2026-04-10 14:05:00,25.35,25.37,25.29,25.3001,5700
2026-04-10 14:10:00,25.3,25.3301,25.3,25.33,800
2026-04-10 14:15:00,25.35,25.37,25.35,25.37,400
2026-04-10 14:20:00,25.38,25.4,25.36,25.36,2370
2026-04-10 14:25:00,25.35,25.35,25.331,25.331,2256
2026-04-10 14:30:00,25.37,25.37,25.3601,25.3601,1160
2026-04-10 14:35:00,25.39,25.39,25.39,25.39,168
2026-04-10 14:45:00,25.35,25.36,25.34,25.34,699
2026-04-10 14:55:00,25.325,25.339,25.32,25.32,700
2026-04-10 15:00:00,25.34,25.37,25.34,25.36,1880
2026-04-10 15:05:00,25.335,25.35,25.335,25.35,2872
2026-04-10 15:10:00,25.35,25.35,25.345,25.345,450
2026-04-10 15:15:00,25.34,25.34,25.33,25.34,2500
2026-04-10 15:20:00,25.31,25.31,25.2833,25.3,1890
2026-04-10 15:25:00,25.28,25.28,25.25,25.25,750
2026-04-10 15:30:00,25.235,25.24,25.22,25.225,2660
2026-04-10 15:35:00,25.29,25.299,25.26,25.26,2030
2026-04-10 15:40:00,25.28,25.3004,25.28,25.3004,860
2026-04-10 15:45:00,25.28,25.29,25.235,25.24,1107
2026-04-10 15:50:00,25.25,25.28,25.2251,25.28,3680
2026-04-10 15:55:00,25.26,25.28,25.23,25.28,4258
2026-04-10 16:00:00,25.27,25.27,25.24,25.24,2086
2026-04-10 16:30:00,25.34,25.34,25.34,25.34,195
2026-04-10 16:35:00,25.34,25.35,25.34,25.35,408
2026-04-10 16:45:00,25.36,25.36,25.36,25.36,100
2026-04-10 16:50:00,25.43,25.45,25.43,25.45,420
2026-04-10 17:05:00,25.4,25.4,25.4,25.4,500
2026-04-10 17:10:00,25.45,25.45,25.45,25.45,100
2026-04-10 17:15:00,25.42,25.45,25.42,25.45,2776
2026-04-10 17:45:00,25.42,25.42,25.42,25.42,234
2026-04-10 17:50:00,25.45,25.45,25.45,25.45,100
2026-04-10 18:00:00,25.45,25.45,25.45,25.45,741
2026-04-10 18:05:00,25.42,25.42,25.42,25.42,300
2026-04-10 18:10:00,25.45,25.45,25.4499,25.45,7959
2026-04-10 19:25:00,25.54,25.54,25.54,25.54,103
2026-04-10 19:30:00,25.54,25.54,25.54,25.54,100
2026-04-10 19:35:00,25.54,25.54,25.54,25.54,300
2026-04-10 19:40:00,25.54,25.54,25.54,25.54,120
2026-04-10 19:45:00,25.54,25.6,25.54,25.6,1290
2026-04-10 19:55:00,25.51,25.59,25.51,25.59,11984
2026-04-13 04:00:00,24.8,24.86,24.45,24.86,11285
2026-04-13 04:05:00,24.7,24.86,24.5,24.5,1256
2026-04-13 04:30:00,24.66,24.71,24.66,24.71,350
2026-04-13 05:20:00,24.7,24.7,24.7,24.7,445
2026-04-13 05:25:00,24.68,24.68,24.68,24.68,376
2026-04-13 05:30:00,24.7,24.71,24.7,24.71,2138
2026-04-13 05:55:00,24.54,24.54,24.54,24.54,496
2026-04-13 06:00:00,24.53,24.53,24.53,24.53,441
2026-04-13 06:05:00,24.61,24.61,24.61,24.61,2180
2026-04-13 06:35:00,24.64,24.64,24.64,24.64,492
2026-04-13 06:45:00,24.68,24.68,24.68,24.68,300
2026-04-13 07:00:00,24.75,24.75,24.75,24.75,100
2026-04-13 07:05:00,24.79,24.79,24.79,24.79,100
2026-04-13 07:30:00,24.73,24.73,24.73,24.73,100
2026-04-13 07:35:00,24.72,24.72,24.72,24.72,1000
2026-04-13 07:40:00,24.7,24.7,24.65,24.65,1087
2026-04-13 07:50:00,24.64,24.6429,24.64,24.6429,460
2026-04-13 07:55:00,24.63,24.63,24.63,24.63,385
2026-04-13 08:00:00,24.68,24.69,24.67,24.69,3391
2026-04-13 08:05:00,24.6,24.65,24.6,24.65,700
2026-04-13 08:10:00,24.62,24.62,24.62,24.62,100
2026-04-13 08:15:00,24.62,24.62,24.62,24.62,300
2026-04-13 08:25:00,24.62,24.62,24.62,24.62,300
2026-04-13 08:30:00,24.61,24.61,24.61,24.61,400
2026-04-13 09:10:00,24.67,24.68,24.67,24.68,400
2026-04-13 09:25:00,24.71,24.73,24.71,24.73,724
2026-04-13 09:30:00,24.79,25.03,24.735,24.82,18244
2026-04-13 09:35:00,24.96,24.96,24.6501,24.6601,10460
2026-04-13 09:40:00,24.75,24.89,24.735,24.84,10682
2026-04-13 09:45:00,24.87,24.87,24.75,24.8,2800
2026-04-13 09:50:00,24.8,24.8825,24.76,24.76,10202
2026-04-13 09:55:00,24.84,24.88,24.79,24.87,4696
2026-04-13 10:00:00,24.9227,25.07,24.9227,24.93,5106
2026-04-13 10:05:00,24.96,24.98,24.83,24.8793,5515
2026-04-13 10:10:00,24.85,24.89,24.81,24.81,4163
2026-04-13 10:15:00,24.83,24.83,24.635,24.635,2799
2026-04-13 10:20:00,24.6974,24.7,24.6242,24.68,5247
2026-04-13 10:25:00,24.6591,24.6699,24.6471,24.6471,1128
2026-04-13 10:30:00,24.62,24.68,24.62,24.6285,4011
2026-04-13 10:35:00,24.7,24.7,24.6101,24.65,2621
2026-04-13 10:40:00,24.6627,24.71,24.66,24.68,1726
2026-04-13 10:45:00,24.68,24.749,24.66,24.66,2301
2026-04-13 10:50:00,24.65,24.65,24.57,24.63,16709
2026-04-13 10:55:00,24.69,24.79,24.69,24.79,30694
2026-04-13 11:00:00,24.77,24.77,24.73,24.74,1664
2026-04-13 11:05:00,24.7,24.71,24.68,24.68,8832
2026-04-13 11:10:00,24.7299,24.8479,24.7299,24.83,2573
2026-04-13 11:15:00,24.825,24.88,24.82,24.82,2729
2026-04-13 11:20:00,24.8197,24.82,24.78,24.79,9042
2026-04-13 11:25:00,24.8154,24.82,24.785,24.82,6877
2026-04-13 11:30:00,24.81,24.81,24.715,24.745,6732
2026-04-13 11:35:00,24.78,24.8598,24.7682,24.8598,6785
2026-04-13 11:40:00,24.875,24.875,24.833,24.833,6496
2026-04-13 11:45:00,24.86,24.89,24.83,24.86,3519
2026-04-13 11:50:00,24.87,24.87,24.87,24.87,241
2026-04-13 11:55:00,24.83,24.83,24.82,24.82,200
2026-04-13 12:00:00,24.84,24.84,24.8114,24.8114,400
2026-04-13 12:05:00,24.86,24.93,24.84,24.93,913
2026-04-13 12:10:00,24.88,24.88,24.88,24.88,200
2026-04-13 12:15:00,24.9172,24.98,24.9172,24.98,4864
2026-04-13 12:20:00,24.98,25.03,24.98,25.02,2644
2026-04-13 12:25:00,25.037,25.04,24.96,24.97,2556
2026-04-13 12:30:00,25,25.1,25,25.09,1559
2026-04-13 12:35:00,25.11,25.14,25.1,25.1,3001
2026-04-13 12:40:00,25.1,25.11,25.01,25.09,2845
2026-04-13 12:45:00,25.08,25.15,25.075,25.15,1122
2026-04-13 12:50:00,25.115,25.22,25.115,25.2,2410
2026-04-13 12:55:00,25.18,25.2347,25.16,25.23,5574
2026-04-13 13:00:00,25.25,25.25,25.21,25.21,800
2026-04-13 13:05:00,25.24,25.24,25.2,25.2,1326
2026-04-13 13:10:00,25.205,25.23,25.2,25.22,2478
2026-04-13 13:15:00,25.26,25.28,25.26,25.28,4100
2026-04-13 13:20:00,25.38,25.38,25.3101,25.3396,12081
2026-04-13 13:25:00,25.3,25.34,25.3,25.33,1500
2026-04-13 13:30:00,25.3475,25.4,25.3475,25.38,5027
2026-04-13 13:35:00,25.3491,25.37,25.34,25.37,2481
2026-04-13 13:40:00,25.37,25.37,25.36,25.36,2632
2026-04-13 13:45:00,25.34,25.34,25.2801,25.2801,2775
2026-04-13 13:50:00,25.29,25.29,25.2601,25.27,11238
2026-04-13 13:55:00,25.28,25.28,25.22,25.23,65191
2026-04-13 14:00:00,25.2467,25.26,25.225,25.2598,1561
2026-04-13 14:05:00,25.27,25.27,25.2599,25.27,1250
2026-04-13 14:10:00,25.28,25.28,25.2758,25.2758,300
2026-04-13 14:15:00,25.29,25.29,25.29,25.29,100
2026-04-13 14:20:00,25.29,25.3,25.29,25.3,1229
2026-04-13 14:25:00,25.25,25.25,25.25,25.25,200
2026-04-13 14:30:00,25.23,25.23,25.23,25.23,1494
2026-04-13 14:35:00,25.22,25.22,25.14,25.155,2025
2026-04-13 14:40:00,25.16,25.21,25.16,25.21,3559
2026-04-13 14:50:00,25.28,25.31,25.28,25.2999,26520
2026-04-13 14:55:00,25.28,25.296,25.26,25.296,2742
2026-04-13 15:00:00,25.287,25.32,25.278,25.32,2735
2026-04-13 15:05:00,25.35,25.35,25.345,25.345,300
2026-04-13 15:10:00,25.345,25.345,25.31,25.32,650
2026-04-13 15:15:00,25.32,25.36,25.32,25.36,1223
2026-04-13 15:20:00,25.34,25.35,25.33,25.35,1500
2026-04-13 15:25:00,25.37,25.3801,25.365,25.37,976
2026-04-13 15:30:00,25.39,25.48,25.39,25.48,789
2026-04-13 15:35:00,25.48,25.54,25.48,25.49,1650
2026-04-13 15:40:00,25.49,25.49,25.45,25.4541,2772
2026-04-13 15:50:00,25.44,25.485,25.44,25.485,1770
2026-04-13 15:55:00,25.4501,25.5499,25.4501,25.525,5904
2026-04-13 16:00:00,25.56,25.57,25.54,25.55,2194
2026-04-13 16:05:00,25.6,25.609,25.59,25.59,1500
2026-04-13 16:10:00,25.58,25.58,25.58,25.58,160
2026-04-13 16:15:00,25.62,25.62,25.59,25.59,1095
2026-04-13 16:30:00,25.59,25.59,25.59,25.59,125
2026-04-13 16:35:00,25.54,25.57,25.54,25.57,406
2026-04-13 16:45:00,25.62,25.64,25.62,25.64,767
2026-04-13 17:00:00,25.56,25.64,25.56,25.64,487
2026-04-13 17:05:00,25.64,25.65,25.55,25.56,2199
2026-04-13 17:10:00,25.59,25.6,25.59,25.59,603
2026-04-13 17:15:00,25.59,25.59,25.59,25.59,105
2026-04-13 17:20:00,25.57,25.57,25.53,25.53,375
2026-04-13 17:25:00,25.61,25.62,25.61,25.62,322
2026-04-13 18:00:00,25.57,25.57,25.57,25.57,268
2026-04-13 18:15:00,25.63,25.63,25.63,25.63,150
2026-04-13 18:20:00,25.6,25.65,25.6,25.65,499
2026-04-13 18:30:00,25.6,25.6,25.6,25.6,100
2026-04-13 18:45:00,25.65,25.65,25.65,25.65,210
2026-04-13 18:55:00,25.7,25.7,25.7,25.7,300
2026-04-13 19:00:00,25.66,25.7,25.66,25.7,1989
2026-04-13 19:10:00,25.7,25.7,25.7,25.7,1768
2026-04-13 19:15:00,25.69,25.7,25.69,25.7,1400
2026-04-13 19:20:00,25.7,25.82,25.7,25.82,2905
2026-04-13 19:25:00,25.8,25.8,25.8,25.8,300
2026-04-13 19:30:00,25.81,25.81,25.81,25.81,299
2026-04-13 19:35:00,25.8,25.8,25.79,25.8,700
2026-04-13 19:40:00,25.8,25.8,25.8,25.8,1000
2026-04-13 19:45:00,25.82,25.89,25.82,25.89,372
2026-04-13 19:55:00,25.88,25.88,25.87,25.87,200
2026-04-13 20:00:00,25.83,25.83,25.83,25.83,312
2026-04-14 04:00:00,25.35,25.52,24.8,25.5,28978
2026-04-14 04:05:00,25.28,25.43,24.86,25.34,3158
2026-04-14 04:10:00,25.29,25.34,25.29,25.34,554
2026-04-14 04:20:00,25.39,25.4,25.39,25.4,400
2026-04-14 04:25:00,25.37,25.37,25.37,25.37,1444
2026-04-14 05:10:00,25.43,25.46,25.43,25.46,2088
2026-04-14 05:15:00,25.47,25.48,25.47,25.48,307
2026-04-14 05:20:00,25.45,25.45,25.43,25.43,1856
2026-04-14 05:30:00,25.43,25.43,25.41,25.41,1203
2026-04-14 05:35:00,25.38,25.38,25.38,25.38,600
2026-04-14 06:05:00,25.44,25.5,25.44,25.5,2952
2026-04-14 06:40:00,25.4,25.4,25.4,25.4,170
2026-04-14 06:50:00,25.46,25.46,25.46,25.46,845
2026-04-14 07:00:00,25.39,25.41,25.37,25.37,1199
2026-04-14 07:05:00,25.36,25.36,25.36,25.36,200
2026-04-14 07:15:00,25.5726,25.5726,25.5,25.5,1611
2026-04-14 07:20:00,25.47,25.5,25.41,25.5,522
2026-04-14 07:25:00,25.52,25.52,25.52,25.52,150
2026-04-14 07:35:00,25.51,25.51,25.51,25.51,350
2026-04-14 07:40:00,25.539,25.54,25.539,25.54,455
2026-04-14 07:45:00,25.55,25.55,25.55,25.55,4832
2026-04-14 07:50:00,25.58,25.64,25.57,25.64,1397
2026-04-14 07:55:00,25.63,25.68,25.63,25.68,7036
2026-04-14 08:00:00,25.63,25.63,25.63,25.63,300
2026-04-14 08:05:00,25.68,25.69,25.66,25.69,1300
2026-04-14 08:10:00,25.67,25.67,25.67,25.67,152
2026-04-14 08:15:00,25.63,25.63,25.63,25.63,109
2026-04-14 08:20:00,25.65,25.65,25.65,25.65,200
2026-04-14 08:30:00,25.65,25.65,25.53,25.53,2009
2026-04-14 08:40:00,25.61,25.61,25.61,25.61,102
2026-04-14 08:55:00,25.57,25.6499,25.57,25.6499,1850
2026-04-14 09:00:00,25.59,25.59,25.59,25.59,300
2026-04-14 09:05:00,25.6991,25.6991,25.65,25.66,1250
2026-04-14 09:10:00,25.65,25.65,25.65,25.65,667
2026-04-14 09:15:00,25.66,25.66,25.66,25.66,155
2026-04-14 09:20:00,25.66,25.7,25.66,25.67,2347
2026-04-14 09:25:00,25.66,25.7,25.66,25.7,400
2026-04-14 09:30:00,25.75,26.1785,25.745,26.11,18556
2026-04-14 09:35:00,26.1,26.42,26.1,26.32,16898
2026-04-14 09:40:00,26.3,26.32,26.1701,26.3182,15613
2026-04-14 09:45:00,26.28,26.53,26.28,26.51,34056
2026-04-14 09:50:00,26.48,26.56,26.41,26.51,29612
2026-04-14 09:55:00,26.507,26.54,26.43,26.43,20984
2026-04-14 10:00:00,26.4597,26.4597,26.3,26.3,8386
2026-04-14 10:05:00,26.29,26.5,26.2728,26.5,9657
2026-04-14 10:10:00,26.5092,26.54,26.4523,26.52,12955
2026-04-14 10:15:00,26.52,26.58,26.52,26.56,8638
2026-04-14 10:20:00,26.56,26.66,26.56,26.6,9806
2026-04-14 10:25:00,26.64,26.68,26.61,26.6657,17698
2026-04-14 10:30:00,26.6696,26.7611,26.661,26.755,25381
2026-04-14 10:35:00,26.74,26.8907,26.7309,26.8907,21550
2026-04-14 10:40:00,26.88,26.95,26.8349,26.92,14120
2026-04-14 10:45:00,26.92,27.1,26.855,27.1,12845
2026-04-14 10:50:00,27.1199,27.39,27.1,27.39,7583
2026-04-14 10:55:00,27.4,27.44,27.28,27.34,16422
2026-04-14 11:00:00,27.311,27.345,27.17,27.305,19524
2026-04-14 11:05:00,27.25,27.25,27.1112,27.1112,8855
2026-04-14 11:10:00,27.12,27.1693,27.1,27.1,4232
2026-04-14 11:15:00,27.08,27.09,26.9615,26.97,10489
2026-04-14 11:20:00,26.97,27.08,26.95,26.98,13097
2026-04-14 11:25:00,27.015,27.0388,27,27.0388,4116
2026-04-14 11:30:00,27.03,27.06,27.02,27.06,8137
2026-04-14 11:35:00,27.04,27.0799,27.0299,27.07,6748
2026-04-14 11:40:00,27.055,27.08,27,27.04,7566
2026-04-14 11:45:00,27.03,27.0753,27.03,27.03,5216
2026-04-14 11:50:00,27.0378,27.05,26.99,26.99,2807
2026-04-14 11:55:00,27.081,27.16,27.08,27.1343,5342
2026-04-14 12:00:00,27.11,27.1627,27.08,27.1627,2937
2026-04-14 12:05:00,27.1195,27.1195,27.06,27.09,5577
2026-04-14 12:10:00,27.07,27.09,27.06,27.06,1918
2026-04-14 12:15:00,27,27,26.85,26.85,3820
2026-04-14 12:20:00,26.83,26.91,26.8,26.875,14812
2026-04-14 12:25:00,26.8714,26.96,26.87,26.9595,13840
2026-04-14 12:30:00,26.91,26.92,26.9,26.92,2093
2026-04-14 12:35:00,26.89,26.91,26.85,26.85,1444
2026-04-14 12:40:00,26.8626,26.89,26.84,26.84,3834
2026-04-14 12:45:00,26.8299,26.8299,26.7878,26.8289,6496
2026-04-14 12:50:00,26.85,26.85,26.79,26.8,3039
2026-04-14 12:55:00,26.8,26.8,26.7426,26.7501,5360
2026-04-14 13:00:00,26.75,26.75,26.73,26.74,2346
2026-04-14 13:05:00,26.74,26.7799,26.74,26.7594,4793
2026-04-14 13:10:00,26.7642,26.8185,26.7642,26.8,5764
2026-04-14 13:15:00,26.83,26.83,26.7952,26.7993,699
2026-04-14 13:20:00,26.79,26.7901,26.78,26.78,1322
2026-04-14 13:25:00,26.7684,26.77,26.75,26.77,636
2026-04-14 13:30:00,26.75,26.77,26.71,26.7175,5360
2026-04-14 13:35:00,26.7,26.706,26.6804,26.681,3712
2026-04-14 13:40:00,26.6807,26.6807,26.6599,26.66,6320
2026-04-14 13:45:00,26.665,26.67,26.64,26.65,6003
2026-04-14 13:50:00,26.64,26.6594,26.59,26.59,1134
2026-04-14 13:55:00,26.5958,26.6188,26.5958,26.6188,3232
2026-04-14 14:00:00,26.62,26.65,26.617,26.64,8533
2026-04-14 14:05:00,26.67,26.73,26.66,26.705,4589
2026-04-14 14:10:00,26.66,26.68,26.66,26.68,200
2026-04-14 14:15:00,26.68,26.68,26.58,26.58,4971
2026-04-14 14:20:00,26.56,26.5643,26.49,26.49,28115
2026-04-14 14:25:00,26.49,26.55,26.4801,26.5312,4626
2026-04-14 14:30:00,26.53,26.5762,26.53,26.57,4775
2026-04-14 14:35:00,26.57,26.594,26.57,26.585,800
2026-04-14 14:40:00,26.55,26.55,26.5309,26.54,22724
2026-04-14 14:45:00,26.55,26.5999,26.54,26.54,11364
2026-04-14 14:50:00,26.55,26.57,26.55,26.57,760
2026-04-14 14:55:00,26.5715,26.5715,26.53,26.56,8770
2026-04-14 15:00:00,26.575,26.63,26.575,26.63,2565
2026-04-14 15:05:00,26.63,26.705,26.63,26.685,2884
2026-04-14 15:10:00,26.7,26.79,26.6696,26.78,7500
2026-04-14 15:15:00,26.76,26.7908,26.76,26.77,2146
2026-04-14 15:20:00,26.75,26.8597,26.75,26.845,2466
2026-04-14 15:25:00,26.85,26.87,26.84,26.87,1578
2026-04-14 15:30:00,26.8999,26.95,26.87,26.931,2859
2026-04-14 15:35:00,26.89,26.9507,26.89,26.9507,1359
2026-04-14 15:40:00,26.98,26.98,26.9,26.9,7049
2026-04-14 15:45:00,26.88,26.89,26.83,26.88,3012
2026-04-14 15:50:00,26.9,26.9,26.8,26.81,3740
2026-04-14 15:55:00,26.84,26.93,26.835,26.85,8200
2026-04-14 16:00:00,26.87,26.9764,26.81,26.9522,1577
2026-04-14 16:10:00,26.91,26.91,26.91,26.91,295
2026-04-14 16:25:00,26.9338,26.9338,26.9338,26.9338,900
2026-04-14 16:30:00,26.9,26.9,26.9,26.9,100
2026-04-14 16:35:00,26.9251,26.93,26.92,26.93,2929
2026-04-14 16:40:00,26.929,26.929,26.929,26.929,100
2026-04-14 16:50:00,26.92,26.92,26.92,26.92,500
2026-04-14 16:55:00,26.93,26.9798,26.93,26.9798,625
2026-04-14 17:10:00,26.95,26.95,26.95,26.95,172
2026-04-14 17:15:00,27,27,27,27,100
2026-04-14 17:50:00,26.99,26.99,26.99,26.99,100
2026-04-14 17:55:00,26.96,26.96,26.96,26.96,197
2026-04-14 18:00:00,26.98,26.98,26.98,26.98,100
2026-04-14 18:10:00,26.961,26.961,26.96,26.961,650
2026-04-14 18:35:00,26.99,27,26.99,27,418
2026-04-14 18:40:00,26.99,27,26.99,27,3803
2026-04-14 18:45:00,26.9985,27,26.9985,27,1188
2026-04-14 18:50:00,27,27,27,27,100
2026-04-14 18:55:00,27,27,26.9987,26.9989,1700
2026-04-14 19:00:00,26.98,27,26.98,27,600
2026-04-14 19:05:00,27,27.03,27,27.03,5015
2026-04-14 19:15:00,27.07,27.07,27.07,27.07,195
2026-04-14 19:30:00,27,27,27,27,350
2026-04-14 19:40:00,27.07,27.07,27.07,27.07,100
2026-04-14 19:45:00,27.07,27.07,27.01,27.01,311
2026-04-14 19:50:00,27.07,27.07,27.05,27.05,300
2026-04-14 19:55:00,27.02,27.02,27.02,27.02,137
2026-04-15 04:00:00,26.98,27.34,26.91,26.91,26493
2026-04-15 04:05:00,27.21,27.21,26.88,26.88,1012
2026-04-15 04:10:00,26.9,26.9,26.9,26.9,301
2026-04-15 04:15:00,26.97,26.97,26.97,26.97,224
2026-04-15 04:20:00,26.95,26.95,26.93,26.93,1972
2026-04-15 04:25:00,27.01,27.01,27.01,27.01,141
2026-04-15 04:35:00,27.03,27.03,27.03,27.03,200
2026-04-15 04:40:00,27.2,27.2,27.2,27.2,2097
2026-04-15 04:50:00,27.19,27.19,27.1,27.14,4822
2026-04-15 04:55:00,27.15,27.15,27.15,27.15,116
2026-04-15 05:05:00,27.16,27.16,27.16,27.16,163
2026-04-15 05:15:00,27.1,27.14,27.1,27.14,295
2026-04-15 05:50:00,27,27,27,27,923
2026-04-15 05:55:00,27.06,27.08,27.05,27.08,4922
2026-04-15 06:10:00,27.01,27.01,27,27,1045
2026-04-15 06:15:00,27,27,27,27,191
2026-04-15 06:25:00,26.8597,26.8597,26.8597,26.8597,117
2026-04-15 06:35:00,26.89,26.89,26.89,26.89,131
2026-04-15 06:40:00,26.91,26.91,26.91,26.91,108
2026-04-15 07:00:00,26.94,26.94,26.94,26.94,1680
2026-04-15 07:05:00,26.87,26.87,26.87,26.87,170
2026-04-15 07:10:00,26.9569,26.9569,26.9569,26.9569,600
2026-04-15 07:15:00,27.06,27.06,27,27,1600
2026-04-15 07:30:00,27.01,27.01,26.87,26.87,11225
2026-04-15 07:35:00,26.8,27.04,26.8,27.04,21666
2026-04-15 07:50:00,27.09,27.09,27.09,27.09,600
2026-04-15 07:55:00,27.09,27.19,27.09,27.19,288
2026-04-15 08:05:00,27,27.06,27,27.06,1101
2026-04-15 08:20:00,27.07,27.1,27.07,27.1,99723
2026-04-15 08:35:00,27.2522,27.279,27.2522,27.279,358
2026-04-15 08:40:00,27.1603,27.1603,27.1603,27.1603,188
2026-04-15 08:45:00,27.2033,27.2041,27.17,27.17,814
2026-04-15 08:50:00,27.21,27.25,27.21,27.2109,2164
2026-04-15 08:55:00,27.26,27.26,27.25,27.25,1604
2026-04-15 09:00:00,27.23,27.25,27.23,27.23,629
2026-04-15 09:05:00,27.2215,27.25,27.2215,27.25,730
2026-04-15 09:10:00,27.29,27.29,27.27,27.27,570
2026-04-15 09:15:00,27.28,27.31,27.28,27.31,418
2026-04-15 09:20:00,27.25,27.25,27.25,27.25,800
2026-04-15 09:25:00,27.32,27.38,27.32,27.38,3373
2026-04-15 09:30:00,27.39,27.44,26.8972,27,18611
2026-04-15 09:35:00,26.975,27.23,26.8802,27.23,13177
2026-04-15 09:40:00,27.27,27.29,27.11,27.11,8645
2026-04-15 09:45:00,27.085,27.085,26.94,27.08,6386
2026-04-15 09:50:00,27.16,27.2,27.15,27.2,1778
2026-04-15 09:55:00,27.305,27.37,27.285,27.3,9873
2026-04-15 10:00:00,27.27,27.38,27.235,27.36,4338
2026-04-15 10:05:00,27.36,27.37,27.21,27.25,7173
2026-04-15 10:10:00,27.2744,27.33,27.25,27.28,8287
2026-04-15 10:15:00,27.3,27.345,27.3,27.345,1400
2026-04-15 10:20:00,27.4,27.43,27.3608,27.43,7637
2026-04-15 10:25:00,27.4122,27.44,27.3749,27.425,11034
2026-04-15 10:30:00,27.43,27.43,27.29,27.29,12880
2026-04-15 10:35:00,27.31,27.32,27.2,27.215,3309
2026-04-15 10:40:00,27.21,27.25,27.18,27.25,8968
2026-04-15 10:45:00,27.227,27.2778,27.21,27.27,2932
2026-04-15 10:50:00,27.3,27.31,27.26,27.27,3601
2026-04-15 10:55:00,27.32,27.3945,27.32,27.3696,3469
2026-04-15 11:00:00,27.3,27.33,27.295,27.3,4519
2026-04-15 11:05:00,27.3383,27.345,27.285,27.345,3886
2026-04-15 11:10:00,27.4,27.44,27.39,27.43,4275
2026-04-15 11:15:00,27.456,27.598,27.456,27.585,9720
2026-04-15 11:20:00,27.6,27.75,27.6,27.67,2845
2026-04-15 11:25:00,27.65,27.71,27.6,27.67,4398
2026-04-15 11:30:00,27.6,27.62,27.5201,27.5201,3408
2026-04-15 11:35:00,27.52,27.525,27.49,27.51,2345
2026-04-15 11:40:00,27.5,27.55,27.5,27.53,1400
2026-04-15 11:45:00,27.525,27.56,27.455,27.515,3414
2026-04-15 11:50:00,27.54,27.5899,27.501,27.501,1085
2026-04-15 11:55:00,27.45,27.48,27.38,27.48,5141
2026-04-15 12:00:00,27.47,27.5,27.45,27.45,4477
2026-04-15 12:05:00,27.42,27.5,27.41,27.47,3306
2026-04-15 12:10:00,27.5461,27.5461,27.46,27.46,1150
2026-04-15 12:15:00,27.44,27.5205,27.44,27.5,2243
2026-04-15 12:20:00,27.51,27.565,27.51,27.565,525
2026-04-15 12:25:00,27.53,27.56,27.53,27.56,2725
2026-04-15 12:30:00,27.565,27.58,27.565,27.575,949
2026-04-15 12:35:00,27.6194,27.64,27.6,27.6198,3754
2026-04-15 12:40:00,27.585,27.585,27.45,27.47,4087
2026-04-15 12:45:00,27.45,27.45,27.34,27.35,3450
2026-04-15 12:50:00,27.48,27.48,27.3826,27.3826,3722
2026-04-15 12:55:00,27.35,27.355,27.29,27.3336,4541
2026-04-15 13:00:00,27.4,27.4,27.4,27.4,175
2026-04-15 13:05:00,27.4,27.4,27.3727,27.3727,700
2026-04-15 13:10:00,27.385,27.385,27.36,27.36,563
2026-04-15 13:15:00,27.37,27.37,27.37,27.37,245
2026-04-15 13:20:00,27.3763,27.38,27.3763,27.38,1400
2026-04-15 13:25:00,27.47,27.5,27.45,27.4696,1921
2026-04-15 13:30:00,27.475,27.5,27.475,27.49,2154
2026-04-15 13:35:00,27.46,27.46,27.4,27.4,802
2026-04-15 13:40:00,27.4,27.4,27.3355,27.3355,7295
2026-04-15 13:45:00,27.39,27.41,27.39,27.41,245
2026-04-15 13:55:00,27.4699,27.4699,27.4699,27.4699,100
2026-04-15 14:00:00,27.46,27.55,27.46,27.545,10070
2026-04-15 14:05:00,27.54,27.56,27.52,27.55,1937
2026-04-15 14:10:00,27.6061,27.6314,27.6061,27.613,824
2026-04-15 14:15:00,27.63,27.66,27.59,27.59,5748
2026-04-15 14:20:00,27.57,27.6086,27.57,27.6,2995
2026-04-15 14:25:00,27.5968,27.5968,27.5968,27.5968,100
2026-04-15 14:30:00,27.62,27.7,27.62,27.68,3192
2026-04-15 14:35:00,27.71,27.72,27.6999,27.71,2520
2026-04-15 14:40:00,27.71,27.71,27.7,27.7,440
2026-04-15 14:45:00,27.7078,27.7468,27.7078,27.7468,475
2026-04-15 14:50:00,27.75,27.76,27.73,27.73,3780
2026-04-15 14:55:00,27.74,27.76,27.74,27.76,400
2026-04-15 15:00:00,27.75,27.75,27.685,27.685,4122
2026-04-15 15:05:00,27.7024,27.7094,27.67,27.7094,3108
2026-04-15 15:10:00,27.7,27.73,27.65,27.65,2055
2026-04-15 15:15:00,27.63,27.63,27.6204,27.6204,450
2026-04-15 15:20:00,27.615,27.615,27.56,27.561,1435
2026-04-15 15:25:00,27.61,27.61,27.61,27.61,100
2026-04-15 15:30:00,27.6597,27.6845,27.64,27.6845,600
2026-04-15 15:35:00,27.67,27.67,27.67,27.67,100
2026-04-15 15:40:00,27.67,27.745,27.64,27.745,3478
2026-04-15 15:45:00,27.71,27.71,27.705,27.705,275
2026-04-15 15:50:00,27.72,27.72,27.66,27.66,3364
2026-04-15 15:55:00,27.705,27.71,27.64,27.67,5446
2026-04-15 16:00:00,27.66,27.6859,27.6,27.6,2526
2026-04-15 16:30:00,27.66,27.66,27.66,27.66,200
2026-04-15 16:45:00,27.71,27.75,27.71,27.75,661
2026-04-15 16:50:00,27.72,27.72,27.71,27.71,408
2026-04-15 17:05:00,27.76,27.76,27.76,27.76,200
2026-04-15 17:15:00,27.75,27.7613,27.75,27.7613,279
2026-04-15 17:20:00,27.77,27.8,27.77,27.8,1068
2026-04-15 17:25:00,27.8,27.8,27.8,27.8,1044
2026-04-15 17:50:00,27.86,27.9,27.86,27.9,582
2026-04-15 18:15:00,27.84,27.84,27.84,27.84,130
2026-04-15 18:30:00,27.88,27.88,27.88,27.88,500
2026-04-15 18:35:00,27.89,27.91,27.89,27.91,277
2026-04-15 18:40:00,27.91,27.95,27.91,27.95,2300
2026-04-15 19:10:00,27.92,27.95,27.92,27.95,411
2026-04-15 19:15:00,27.95,27.95,27.92,27.95,1800
2026-04-15 19:25:00,27.95,27.95,27.95,27.95,400
2026-04-15 19:30:00,27.92,27.921,27.92,27.92,1126
2026-04-15 19:35:00,27.92,27.92,27.92,27.92,1000
2026-04-15 19:40:00,27.92,27.92,27.92,27.92,600
2026-04-15 19:50:00,27.96,28,27.96,28,400
2026-04-15 19:55:00,27.9996,27.9996,27.9996,27.9996,300
2026-04-16 04:00:00,29.28,29.95,29.1,29.77,53174
2026-04-16 04:05:00,29.77,29.9,29.57,29.82,3938
2026-04-16 04:10:00,29.84,29.84,29.79,29.79,1742
2026-04-16 04:15:00,29.7,29.7,29.69,29.69,600
2026-04-16 04:20:00,29.67,29.7,29.58,29.58,1227
2026-04-16 04:25:00,29.66,29.76,29.62,29.7,854
2026-04-16 04:30:00,29.63,29.63,29.56,29.6,2238
2026-04-16 04:35:00,29.6,29.6,29.6,29.6,100
2026-04-16 04:40:00,29.58,29.58,29.55,29.55,3407
2026-04-16 04:45:00,29.66,29.66,29.66,29.66,980
2026-04-16 05:00:00,29.6,29.76,29.6,29.76,801
2026-04-16 05:05:00,29.6,29.6,29.6,29.6,230
2026-04-16 05:15:00,29.7443,29.7443,29.7443,29.7443,100
2026-04-16 05:20:00,29.62,29.66,29.62,29.66,2070
2026-04-16 05:30:00,29.62,29.62,29.62,29.62,120
2026-04-16 05:35:00,29.62,29.62,29.59,29.59,300
2026-04-16 05:40:00,29.65,29.65,29.65,29.65,240
2026-04-16 05:45:00,29.61,29.61,29.57,29.59,900
2026-04-16 05:50:00,29.61,29.61,29.61,29.61,338
2026-04-16 06:00:00,29.61,29.61,29.61,29.61,300
2026-04-16 06:10:00,29.67,29.67,29.63,29.63,422
2026-04-16 06:20:00,29.65,29.66,29.65,29.65,1045
2026-04-16 06:30:00,29.6,29.61,29.58,29.58,353
2026-04-16 06:35:00,29.58,29.58,29.58,29.58,693
2026-04-16 06:40:00,29.56,29.56,29.54,29.54,1953
2026-04-16 06:45:00,29.4,29.4,29.39,29.39,719
2026-04-16 06:50:00,29.37,29.39,29.37,29.39,372
2026-04-16 07:00:00,29.41,29.41,29.2,29.2,2683
2026-04-16 07:05:00,29.3,29.3,29.2,29.3,15927
2026-04-16 07:15:00,29.3846,29.4191,29.38,29.38,2665
2026-04-16 07:20:00,29.35,29.36,29.31,29.36,2588
2026-04-16 07:25:00,29.42,29.42,29.42,29.42,580
2026-04-16 07:30:00,29.48,29.48,29.39,29.39,210
2026-04-16 07:35:00,29.45,29.4818,29.45,29.45,2327
2026-04-16 07:40:00,29.41,29.41,29.41,29.41,245
2026-04-16 07:45:00,29.4685,29.4758,29.44,29.44,513
2026-04-16 07:50:00,29.48,29.48,29.48,29.48,311
2026-04-16 08:05:00,29.391,29.391,29.391,29.391,300
2026-04-16 08:10:00,29.39,29.39,29.39,29.39,100
2026-04-16 08:15:00,29.51,29.52,29.49,29.5,2452
2026-04-16 08:20:00,29.49,29.54,29.49,29.5001,620
2026-04-16 08:25:00,29.5,29.5,29.5,29.5,1356
2026-04-16 08:30:00,29.51,29.51,29.49,29.49,271
2026-04-16 08:35:00,29.53,29.54,29.53,29.54,260
2026-04-16 08:40:00,29.45,29.46,29.42,29.46,2158
2026-04-16 08:45:00,29.41,29.46,29.41,29.46,1000
2026-04-16 08:50:00,29.46,29.46,29.46,29.46,100
2026-04-16 08:55:00,29.35,29.35,29.3,29.3,766
2026-04-16 09:00:00,29.3435,29.4,29.33,29.4,3296
2026-04-16 09:05:00,29.4,29.4,29.36,29.36,500
2026-04-16 09:10:00,29.33,29.33,29.33,29.33,245
2026-04-16 09:15:00,29.25,29.25,29.1256,29.1256,2687
2026-04-16 09:20:00,29.199,29.24,29.199,29.24,4138
2026-04-16 09:25:00,29.33,29.4,29.32,29.38,11781
2026-04-16 09:30:00,29.34,29.78,28.7201,28.7201,82120
2026-04-16 09:35:00,28.7,29.3543,28.675,29.27,28307
2026-04-16 09:40:00,29.29,29.36,29.25,29.3,20817
2026-04-16 09:45:00,29.375,29.43,29.3,29.41,10522
2026-04-16 09:50:00,29.37,29.45,29.06,29.0616,88945
2026-04-16 09:55:00,28.91,29,28.886,28.94,30658
2026-04-16 10:00:00,28.943,29.09,28.86,29.0777,16633
2026-04-16 10:05:00,29,29.201,28.9918,29.2,41696
2026-04-16 10:10:00,29.24,29.31,29.24,29.25,11007
2026-04-16 10:15:00,29.2828,29.4,29.2828,29.33,10547
2026-04-16 10:20:00,29.35,29.46,29.35,29.42,4627
2026-04-16 10:25:00,29.4,29.5718,29.36,29.5718,16364
2026-04-16 10:30:00,29.56,29.79,29.56,29.7799,20420
2026-04-16 10:35:00,29.7786,29.7786,29.6778,29.72,6475
2026-04-16 10:40:00,29.68,29.75,29.66,29.69,6173
2026-04-16 10:45:00,29.71,29.8,29.655,29.78,18312
2026-04-16 10:50:00,29.8,29.8,29.675,29.705,10352
2026-04-16 10:55:00,29.695,29.73,29.64,29.69,6503
2026-04-16 11:00:00,29.71,29.98,29.71,29.98,39693
2026-04-16 11:05:00,29.94,30.08,29.93,30.06,47953
2026-04-16 11:10:00,30.07,30.12,29.98,30,49093
2026-04-16 11:15:00,30.04,30.18,30.04,30.09,18941
2026-04-16 11:20:00,30.09,30.22,30.09,30.2,21791
2026-04-16 11:25:00,30.1889,30.22,30.1,30.11,12171
2026-04-16 11:30:00,30.09,30.1592,30.0655,30.07,7423
2026-04-16 11:35:00,30.1,30.32,30.08,30.21,15479
2026-04-16 11:40:00,30.225,30.225,30.1278,30.1301,19413
2026-04-16 11:45:00,30.165,30.3,30.165,30.245,2822
2026-04-16 11:50:00,30.29,30.4,30.29,30.38,7211
2026-04-16 11:55:00,30.4,30.57,30.4,30.52,15871
2026-04-16 12:00:00,30.54,30.675,30.51,30.675,49947
2026-04-16 12:05:00,30.69,30.7811,30.66,30.66,19600
2026-04-16 12:10:00,30.655,30.69,30.64,30.64,7815
2026-04-16 12:15:00,30.64,30.75,30.64,30.715,3986
2026-04-16 12:20:00,30.715,30.715,30.48,30.5,8021
2026-04-16 12:25:00,30.5274,30.5274,30.43,30.43,4837
2026-04-16 12:30:00,30.43,30.43,30.16,30.25,11987
2026-04-16 12:35:00,30.2601,30.32,30.2204,30.27,8751
2026-04-16 12:40:00,30.2532,30.27,30.165,30.212,2151
2026-04-16 12:45:00,30.2,30.25,30.19,30.25,7236
2026-04-16 12:50:00,30.25,30.31,30.23,30.23,3283
2026-04-16 12:55:00,30.24,30.2499,30.1394,30.15,7277
2026-04-16 13:00:00,30.094,30.094,29.98,30.05,20685
2026-04-16 13:05:00,30.025,30.0654,30.02,30.05,7997
2026-04-16 13:10:00,30.13,30.13,30.11,30.11,818
2026-04-16 13:15:00,30.01,30.04,29.93,30.04,15514
2026-04-16 13:20:00,30.07,30.07,30,30,1153
2026-04-16 13:25:00,30.08,30.08,30.07,30.07,1622
2026-04-16 13:30:00,30.11,30.12,30.08,30.12,4740
2026-04-16 13:35:00,30.09,30.09,30.0414,30.08,2922
2026-04-16 13:40:00,30.08,30.11,30.07,30.07,2048
2026-04-16 13:45:00,30.05,30.07,30,30.01,1190
2026-04-16 13:50:00,30.0114,30.0114,29.935,29.9899,11770
2026-04-16 13:55:00,29.9,29.9,29.8301,29.895,11751
2026-04-16 14:00:00,29.98,30.03,29.98,30.01,3930
2026-04-16 14:05:00,29.99,29.99,29.9,29.927,2489
2026-04-16 14:10:00,29.92,29.94,29.92,29.94,325
2026-04-16 14:15:00,29.94,29.9567,29.93,29.94,3133
2026-04-16 14:20:00,29.975,29.975,29.8743,29.8743,1238
2026-04-16 14:25:00,29.895,29.895,29.85,29.85,317
2026-04-16 14:30:00,29.9,29.9688,29.9,29.93,5549
2026-04-16 14:35:00,30,30.0164,30,30,2400
2026-04-16 14:40:00,29.99,29.99,29.99,29.99,2900
2026-04-16 14:45:00,29.98,29.98,29.9594,29.9594,800
2026-04-16 14:50:00,29.98,29.98,29.95,29.95,1760
2026-04-16 14:55:00,29.93,29.93,29.92,29.9244,1302
2026-04-16 15:00:00,29.95,29.95,29.95,29.95,3535
2026-04-16 15:05:00,29.985,29.985,29.93,29.965,625
2026-04-16 15:10:00,29.93,29.93,29.92,29.92,600
2026-04-16 15:15:00,29.94,29.94,29.92,29.92,2257
2026-04-16 15:20:00,29.92,29.93,29.8565,29.8906,2060
2026-04-16 15:25:00,29.8501,29.8501,29.84,29.84,607
2026-04-16 15:30:00,29.815,29.84,29.8,29.84,3207
2026-04-16 15:35:00,29.795,29.795,29.795,29.795,300
2026-04-16 15:40:00,29.75,29.7899,29.7401,29.75,16374
2026-04-16 15:45:00,29.77,29.77,29.75,29.77,4699
2026-04-16 15:50:00,29.79,29.8599,29.79,29.8593,1904
2026-04-16 15:55:00,29.85,29.9,29.85,29.85,4550
2026-04-16 16:00:00,29.85,30,29.85,30,505
2026-04-16 16:05:00,29.9,29.9,29.75,29.75,370
2026-04-16 16:10:00,29.93,29.93,29.93,29.93,100
2026-04-16 16:55:00,29.91,29.91,29.91,29.91,2000
2026-04-16 17:05:00,29.9,29.9,29.9,29.9,100
2026-04-16 17:30:00,29.89,29.89,29.89,29.89,272
2026-04-16 17:35:00,29.9991,29.9991,29.97,29.98,672
2026-04-16 17:40:00,29.86,29.86,29.84,29.84,697
2026-04-16 17:45:00,29.81,29.81,29.8,29.8,300
2026-04-16 18:05:00,29.83,30,29.75,30,500
2026-04-16 18:10:00,29.7603,29.7603,29.7603,29.7603,800
2026-04-16 19:00:00,29.78,29.78,29.78,29.78,226
2026-04-16 19:20:00,29.8596,29.8596,29.849,29.849,1432
2026-04-16 19:30:00,29.8,29.8,29.8,29.8,502
2026-04-16 19:40:00,29.7619,29.7619,29.7619,29.7619,225
2026-04-16 19:50:00,29.77,29.86,29.77,29.86,200
2026-04-16 19:55:00,29.88,29.9818,29.8799,29.9818,925
2026-04-17 04:00:00,30.25,30.32,29.72,30.02,20241
2026-04-17 04:05:00,30.02,30.19,29.88,29.88,1649
2026-04-17 04:15:00,30.01,30.02,30.01,30.02,430
2026-04-17 04:25:00,30.17,30.19,30.17,30.19,926
2026-04-17 04:40:00,30.2,30.2,30.18,30.18,1045
2026-04-17 05:00:00,30.3,30.3,30.3,30.3,264
2026-04-17 05:10:00,30.16,30.16,30.16,30.16,2000
2026-04-17 05:35:00,30.21,30.23,30.21,30.23,808
2026-04-17 06:00:00,30.23,30.35,30.19,30.19,700
2026-04-17 06:25:00,30.13,30.13,30.13,30.13,211
2026-04-17 06:30:00,30.25,30.25,30.25,30.25,200
2026-04-17 07:15:00,30.21,30.21,30.21,30.21,1550
2026-04-17 07:20:00,30.27,30.27,30.27,30.27,5000
2026-04-17 07:25:00,30.27,30.27,30.24,30.24,410
2026-04-17 07:35:00,30.34,30.34,30.33,30.33,460
2026-04-17 07:40:00,30.31,30.31,30.24,30.31,1040
2026-04-17 07:45:00,30.28,30.28,30.27,30.28,491
2026-04-17 07:50:00,30.31,30.31,30.31,30.31,200
2026-04-17 08:00:00,30.3,30.33,30.3,30.31,4076
2026-04-17 08:05:00,30.35,30.35,30.3297,30.3297,7031
2026-04-17 08:10:00,30.31,30.31,30.31,30.31,100
2026-04-17 08:20:00,30.37,30.37,30.37,30.37,1861
2026-04-17 08:25:00,30.37,30.4,30.37,30.4,625
2026-04-17 08:30:00,30.55,30.6,30.55,30.57,1547
2026-04-17 08:35:00,30.59,30.6,30.59,30.6,3717
2026-04-17 08:40:00,30.64,30.65,30.6,30.61,2742
2026-04-17 08:45:00,30.61,30.65,30.61,30.61,4778
2026-04-17 08:50:00,30.76,31.09,30.72,31.09,11797
2026-04-17 08:55:00,31.12,31.15,31.0482,31.14,1792
2026-04-17 09:00:00,31.11,31.1845,30.84,30.88,4004
2026-04-17 09:05:00,30.93,31.1744,30.9,31.1297,7320
2026-04-17 09:10:00,31.13,31.15,31.08,31.08,2347
2026-04-17 09:15:00,31.06,31.25,31,31.25,5675
2026-04-17 09:20:00,31.23,31.25,31.14,31.14,5561
2026-04-17 09:25:00,31.13,31.13,30.88,30.89,2279
2026-04-17 09:30:00,30.96,30.96,30.38,30.69,46233
2026-04-17 09:35:00,30.72,31.0595,30.72,30.96,14400
2026-04-17 09:40:00,30.97,31.105,30.95,31.105,12485
2026-04-17 09:45:00,31.1,31.26,31.035,31.1612,27107
2026-04-17 09:50:00,31.1884,31.34,31.13,31.3,22529
2026-04-17 09:55:00,31.325,31.5271,31.325,31.38,23625
2026-04-17 10:00:00,31.36,31.37,31.19,31.32,36148
2026-04-17 10:05:00,31.36,31.4148,31.305,31.31,10978
2026-04-17 10:10:00,31.28,31.37,31.181,31.2,22823
2026-04-17 10:15:00,31.2,31.35,31.2,31.335,20867
2026-04-17 10:20:00,31.35,31.4029,31.2993,31.4029,2574
2026-04-17 10:25:00,31.39,31.47,31.3598,31.44,11883
2026-04-17 10:30:00,31.45,31.71,31.45,31.71,6238
2026-04-17 10:35:00,31.68,31.89,31.68,31.88,7358
2026-04-17 10:40:00,31.9,32.03,31.87,31.89,23974
2026-04-17 10:45:00,31.83,31.84,31.7424,31.78,11570
2026-04-17 10:50:00,31.78,31.78,31.64,31.69,19666
2026-04-17 10:55:00,31.6411,31.66,31.5296,31.5296,11889
2026-04-17 11:00:00,31.52,31.52,31.2601,31.32,15094
2026-04-17 11:05:00,31.32,31.39,31.26,31.3584,21195
2026-04-17 11:10:00,31.37,31.4129,31.3411,31.35,12553
2026-04-17 11:15:00,31.375,31.4585,31.311,31.34,4578
2026-04-17 11:20:00,31.32,31.33,31.23,31.295,15753
2026-04-17 11:25:00,31.3,31.3,31.151,31.21,15317
2026-04-17 11:30:00,31.305,31.42,31.28,31.41,4927
2026-04-17 11:35:00,31.42,31.55,31.42,31.528,5399
2026-04-17 11:40:00,31.48,31.48,31.39,31.39,3739
2026-04-17 11:45:00,31.3944,31.46,31.35,31.41,13745
2026-04-17 11:50:00,31.37,31.5,31.37,31.5,2555
2026-04-17 11:55:00,31.5,31.5,31.44,31.4588,2857
2026-04-17 12:00:00,31.4,31.4328,31.36,31.38,4819
2026-04-17 12:05:00,31.41,31.47,31.365,31.365,14466
2026-04-17 12:10:00,31.36,31.36,31.246,31.246,3909
2026-04-17 12:15:00,31.25,31.2899,31.2076,31.2899,2423
2026-04-17 12:20:00,31.3,31.3083,31.28,31.3,1340
2026-04-17 12:25:00,31.28,31.28,31.27,31.2786,1151
2026-04-17 12:30:00,31.3163,31.34,31.31,31.335,2375
2026-04-17 12:35:00,31.34,31.3601,31.33,31.33,2052
2026-04-17 12:40:00,31.3,31.3,31.26,31.28,1667
2026-04-17 12:45:00,31.3,31.42,31.3,31.3923,4426
2026-04-17 12:50:00,31.3835,31.4292,31.37,31.37,1700
2026-04-17 12:55:00,31.3,31.35,31.2903,31.33,60581
2026-04-17 13:00:00,31.29,31.37,31.28,31.37,1222
2026-04-17 13:05:00,31.375,31.4,31.29,31.35,4841
2026-04-17 13:10:00,31.325,31.325,31.2309,31.274,4007
2026-04-17 13:15:00,31.3063,31.325,31.16,31.2,4120
2026-04-17 13:20:00,31.17,31.17,30.895,30.895,13960
2026-04-17 13:25:00,30.95,31,30.9082,30.99,6624
2026-04-17 13:30:00,31.005,31.092,31.005,31.092,8914
2026-04-17 13:35:00,31.06,31.1799,31.032,31.13,6891
2026-04-17 13:40:00,31.13,31.14,31.0163,31.0163,2150
2026-04-17 13:45:00,31.04,31.16,31.04,31.14,1367
2026-04-17 13:50:00,31.15,31.16,31.13,31.145,3427
2026-04-17 13:55:00,31.14,31.14,31.14,31.14,200
2026-04-17 14:00:00,31.1,31.1,31.075,31.085,1820
2026-04-17 14:05:00,31.04,31.08,31.0175,31.02,2126
2026-04-17 14:10:00,31.01,31.01,30.965,30.965,2402
2026-04-17 14:15:00,30.9448,31.05,30.9448,30.99,5152
2026-04-17 14:20:00,30.967,31.08,30.967,31.06,1830
2026-04-17 14:25:00,31.06,31.1399,31.05,31.05,9350
2026-04-17 14:30:00,31.04,31.06,31.04,31.06,915
2026-04-17 14:35:00,31.0953,31.0953,31.0953,31.0953,200
2026-04-17 14:40:00,31.09,31.09,31.0338,31.0338,500
2026-04-17 14:45:00,31.05,31.07,31,31,3069
2026-04-17 14:50:00,31,31,30.95,30.95,477
2026-04-17 14:55:00,30.94,30.98,30.94,30.97,2867
2026-04-17 15:00:00,30.97,30.98,30.9204,30.9204,3135
2026-04-17 15:05:00,30.94,30.95,30.94,30.95,700
2026-04-17 15:10:00,30.9387,30.9387,30.9274,30.9274,1010
2026-04-17 15:15:00,30.95,30.99,30.95,30.955,1608
2026-04-17 15:20:00,30.97,31.02,30.9393,30.96,4714
2026-04-17 15:25:00,30.96,30.96,30.96,30.96,100
2026-04-17 15:30:00,30.96,31.02,30.96,31.0034,3465
2026-04-17 15:35:00,31.02,31.02,31,31.005,1424
2026-04-17 15:40:00,30.98,31.01,30.96,30.98,2342
2026-04-17 15:45:00,30.96,30.9668,30.91,30.91,6982
2026-04-17 15:50:00,30.9,30.9,30.83,30.84,3628
2026-04-17 15:55:00,30.86,30.88,30.82,30.86,5591
2026-04-17 16:00:00,30.87,30.9827,30.84,30.9827,2123
2026-04-17 16:05:00,30.87,30.95,30.87,30.95,200
2026-04-17 16:15:00,30.8256,30.8256,30.8256,30.8256,450
2026-04-17 16:25:00,30.92,30.92,30.92,30.92,100
2026-04-17 16:40:00,30.92,30.92,30.92,30.92,687
2026-04-17 16:45:00,30.92,30.92,30.92,30.92,170
2026-04-17 16:50:00,30.88,30.88,30.88,30.88,119
2026-04-17 17:15:00,30.98,30.98,30.98,30.98,496
2026-04-17 17:25:00,30.95,31.06,30.95,31.06,2060
2026-04-17 17:50:00,31.06,31.06,31.06,31.06,1340
2026-04-17 18:00:00,31.0597,31.0597,31.0597,31.0597,200
2026-04-17 18:05:00,31.01,31.01,31.01,31.01,223
2026-04-17 18:10:00,31,31.05,31,31,692
2026-04-17 18:15:00,30.97,30.97,30.96,30.96,422
2026-04-17 18:20:00,31.04,31.04,31.04,31.04,200
2026-04-17 18:40:00,31.05,31.05,31.05,31.05,425
2026-04-17 19:05:00,31.02,31.02,30.99,30.99,200
2026-04-17 19:15:00,31.07,31.07,31.04,31.04,3300
2026-04-17 19:30:00,31.2,31.2,31.2,31.2,144
2026-04-17 19:35:00,31.04,31.04,31,31,2099
2026-04-20 04:00:00,29.87,30.57,29.75,30.38,27110
2026-04-20 04:05:00,30.14,30.52,29.93,30.44,4508
2026-04-20 04:10:00,30.2,30.34,30.2,30.32,525
2026-04-20 04:15:00,30.2,30.22,30.2,30.2,1020
2026-04-20 04:20:00,30.31,30.31,30.2,30.2,1575
2026-04-20 04:25:00,30.34,30.34,30.2,30.2,1700
2026-04-20 04:35:00,30.22,30.22,30.22,30.22,162
2026-04-20 04:40:00,30.23,30.23,30.23,30.23,230
2026-04-20 05:15:00,30.33,30.33,30.31,30.31,817
2026-04-20 05:25:00,30.31,30.31,30.31,30.31,1400
2026-04-20 05:30:00,30.51,30.51,30.51,30.51,200
2026-04-20 05:35:00,30.34,30.42,30.34,30.36,2869
2026-04-20 05:40:00,30.2,30.2,30.2,30.2,200
2026-04-20 06:15:00,30.48,30.64,30.48,30.64,2022
2026-04-20 06:20:00,30.52,30.59,30.52,30.59,1240
2026-04-20 06:25:00,30.5,30.5,30.5,30.5,100
2026-04-20 06:35:00,30.44,30.44,30.44,30.44,170
2026-04-20 06:40:00,30.5,30.5,30.5,30.5,100
2026-04-20 06:55:00,30.46,30.46,30.46,30.46,1363
2026-04-20 07:05:00,30.42,30.42,30.3595,30.3595,712
2026-04-20 07:15:00,30.4,30.4,30.4,30.4,220
2026-04-20 07:25:00,30.3595,30.3595,30.3595,30.3595,2000
2026-04-20 07:40:00,30.35,30.3836,30.35,30.3836,3170
2026-04-20 07:45:00,30.3864,30.3864,30.3864,30.3864,100
2026-04-20 07:55:00,30.44,30.44,30.44,30.44,100
2026-04-20 08:00:00,30.4,30.4,30.39,30.39,281
2026-04-20 08:05:00,30.41,30.41,30.3612,30.3612,350
2026-04-20 08:30:00,30.39,30.39,30.39,30.39,225
2026-04-20 08:45:00,30.3909,30.3909,30.3909,30.3909,300
2026-04-20 08:50:00,30.49,30.49,30.49,30.49,450
2026-04-20 08:55:00,30.51,30.51,30.51,30.51,155
2026-04-20 09:00:00,30.489,30.489,30.45,30.45,800
2026-04-20 09:05:00,30.51,30.6,30.499,30.6,9118
2026-04-20 09:10:00,30.56,30.56,30.56,30.56,700
2026-04-20 09:20:00,30.6,30.6,30.6,30.6,200
2026-04-20 09:25:00,30.73,30.75,30.61,30.61,1822
2026-04-20 09:30:00,30.62,30.62,30.13,30.355,23215
2026-04-20 09:35:00,30.4,30.59,30.28,30.28,27562
2026-04-20 09:40:00,30.28,30.35,30.2612,30.311,58312
2026-04-20 09:45:00,30.36,30.45,30.245,30.25,160674
2026-04-20 09:50:00,30.25,30.445,30.25,30.445,15800
2026-04-20 09:55:00,30.475,30.55,30.43,30.4462,10637
2026-04-20 10:00:00,30.47,30.47,30.32,30.3294,5693
2026-04-20 10:05:00,30.34,30.44,30.34,30.361,5732
2026-04-20 10:10:00,30.42,30.5299,30.38,30.52,3501
2026-04-20 10:15:00,30.44,30.44,30.375,30.4,400
2026-04-20 10:20:00,30.4,30.555,30.4,30.555,9951
2026-04-20 10:25:00,30.53,30.53,30.5,30.5,598
2026-04-20 10:30:00,30.54,30.55,30.48,30.525,6519
2026-04-20 10:35:00,30.46,30.46,30.44,30.45,820
2026-04-20 10:40:00,30.45,30.45,30.3,30.4,8920
2026-04-20 10:45:00,30.36,30.36,30.33,30.36,537
2026-04-20 10:50:00,30.3,30.3,29.8994,30.09,16690
2026-04-20 10:55:00,30.0478,30.06,30,30.02,13159
2026-04-20 11:00:00,30.17,30.17,30,30,9640
2026-04-20 11:05:00,30.0201,30.0793,29.92,30.005,7208
2026-04-20 11:10:00,30.0115,30.12,30.0115,30.12,11857
2026-04-20 11:15:00,30.105,30.26,30.105,30.26,3094
2026-04-20 11:20:00,30.17,30.3335,30.17,30.31,7780
2026-04-20 11:25:00,30.295,30.4,30.29,30.4,2453
2026-04-20 11:30:00,30.38,30.39,30.33,30.33,5316
2026-04-20 11:35:00,30.33,30.33,30.28,30.3,3538
2026-04-20 11:40:00,30.4,30.4299,30.3501,30.3501,4096
2026-04-20 11:45:00,30.34,30.4,30.34,30.4,3641
2026-04-20 11:50:00,30.3,30.3,30.19,30.19,6065
2026-04-20 11:55:00,30.2,30.22,30.2,30.22,1571
2026-04-20 12:00:00,30.17,30.17,30.17,30.17,575
2026-04-20 12:05:00,30.2,30.22,30.2,30.22,2200
2026-04-20 12:10:00,30.27,30.29,30.27,30.27,1925
2026-04-20 12:15:00,30.28,30.28,30.28,30.28,800
2026-04-20 12:20:00,30.31,30.31,30.31,30.31,325
2026-04-20 12:30:00,30.31,30.36,30.31,30.34,2936
2026-04-20 12:45:00,30.394,30.4,30.39,30.39,1605
2026-04-20 12:50:00,30.39,30.4192,30.39,30.404,2435
2026-04-20 12:55:00,30.41,30.42,30.38,30.42,1660
2026-04-20 13:00:00,30.44,30.44,30.44,30.44,100
2026-04-20 13:05:00,30.5616,30.5799,30.545,30.55,997
2026-04-20 13:10:00,30.5,30.51,30.5,30.51,417
2026-04-20 13:15:00,30.575,30.6,30.57,30.6,6876
2026-04-20 13:20:00,30.56,30.56,30.56,30.56,100
2026-04-20 13:25:00,30.5732,30.59,30.57,30.57,1028
2026-04-20 13:30:00,30.56,30.56,30.56,30.56,225
2026-04-20 13:35:00,30.59,30.65,30.575,30.61,1137
2026-04-20 13:40:00,30.615,30.615,30.615,30.615,758
2026-04-20 13:45:00,30.63,30.65,30.63,30.65,1397
2026-04-20 13:55:00,30.64,30.64,30.59,30.59,1020
2026-04-20 14:00:00,30.5893,30.59,30.5893,30.59,1066
2026-04-20 14:05:00,30.59,30.66,30.59,30.65,2145
2026-04-20 14:10:00,30.6,30.62,30.54,30.54,3442
2026-04-20 14:15:00,30.6302,30.6302,30.625,30.625,299
2026-04-20 14:20:00,30.65,30.685,30.6302,30.685,2565
2026-04-20 14:25:00,30.685,30.69,30.665,30.665,1937
2026-04-20 14:30:00,30.71,30.72,30.69,30.72,375
2026-04-20 14:35:00,30.75,30.75,30.695,30.695,4901
2026-04-20 14:40:00,30.695,30.71,30.695,30.71,6010
2026-04-20 14:45:00,30.735,30.74,30.735,30.74,750
2026-04-20 14:50:00,30.77,30.81,30.77,30.79,1682
2026-04-20 14:55:00,30.78,30.78,30.7699,30.7699,800
2026-04-20 15:05:00,30.705,30.705,30.7,30.7,2018
2026-04-20 15:10:00,30.73,30.755,30.73,30.755,325
2026-04-20 15:20:00,30.7312,30.7312,30.681,30.73,4900
2026-04-20 15:25:00,30.68,30.68,30.66,30.66,2035
2026-04-20 15:35:00,30.6,30.63,30.6,30.61,1784
2026-04-20 15:40:00,30.63,30.63,30.5858,30.5858,4500
2026-04-20 15:45:00,30.5965,30.5965,30.53,30.53,2399
2026-04-20 15:50:00,30.53,30.595,30.5,30.595,3533
2026-04-20 15:55:00,30.61,30.61,30.43,30.5,13915
2026-04-20 16:00:00,30.46,30.56,30.46,30.56,301
2026-04-20 16:50:00,30.46,30.46,30.46,30.46,114
2026-04-20 16:55:00,30.4964,30.4964,30.49,30.49,780
2026-04-20 17:15:00,30.6092,30.6092,30.6092,30.6092,100
2026-04-20 18:05:00,30.4664,30.4664,30.4664,30.4664,500
2026-04-20 18:15:00,30.4412,30.4412,30.4412,30.4412,1000
2026-04-20 18:25:00,30.4725,30.4725,30.4725,30.4725,100
2026-04-20 18:40:00,30.51,30.51,30.51,30.51,150
2026-04-20 19:00:00,30.6094,30.6094,30.6094,30.6094,200
2026-04-21 04:00:00,29.98,30.33,29.76,30.02,24182
2026-04-21 04:05:00,30.03,30.32,29.66,30.08,8086
2026-04-21 04:15:00,30.02,30.04,30.02,30.04,218
2026-04-21 04:20:00,30.02,30.02,30.02,30.02,1500
2026-04-21 04:25:00,30.06,30.08,30.01,30.04,1393
2026-04-21 04:35:00,30.07,30.07,30.07,30.07,696
2026-04-21 05:25:00,30.12,30.12,30.12,30.12,500
2026-04-21 05:55:00,30.13,30.13,30.13,30.13,690
2026-04-21 06:05:00,30.13,30.13,30.13,30.13,138
2026-04-21 06:25:00,30.07,30.07,30.07,30.07,417
2026-04-21 06:30:00,30.1,30.1,30.1,30.1,690
2026-04-21 06:35:00,30.06,30.06,30.06,30.06,100
2026-04-21 06:40:00,30.09,30.09,30.09,30.09,181
2026-04-21 06:45:00,30.1,30.1,30.1,30.1,284
2026-04-21 06:50:00,30.12,30.12,30.12,30.12,161
2026-04-21 07:05:00,30.22,30.22,30.2,30.2,1100
2026-04-21 07:15:00,30.13,30.1525,30.12,30.1525,8085
2026-04-21 07:25:00,30.2114,30.2114,30.2114,30.2114,200
2026-04-21 07:30:00,30.28,30.36,30.28,30.31,1007
2026-04-21 07:35:00,30.31,30.31,30.3,30.31,1750
2026-04-21 07:40:00,30.3169,30.3169,30.3,30.3,847
2026-04-21 07:45:00,30.31,30.3684,30.31,30.3684,508
2026-04-21 08:00:00,30.31,30.31,30.24,30.24,703
2026-04-21 08:25:00,30.24,30.24,30.24,30.24,202
2026-04-21 08:35:00,30.25,30.25,30.2,30.22,2287
2026-04-21 08:40:00,30.03,30.05,30,30.02,3152
2026-04-21 08:45:00,29.99,29.99,29.97,29.97,300
2026-04-21 08:50:00,29.9,29.9,29.9,29.9,595
2026-04-21 08:55:00,29.91,29.91,29.9,29.9,300
2026-04-21 09:10:00,30,30.04,30,30.04,1958
2026-04-21 09:15:00,30.03,30.03,30.03,30.03,435
2026-04-21 09:20:00,29.98,29.98,29.93,29.97,9959
2026-04-21 09:25:00,29.98,30.09,29.98,30.09,1531
2026-04-21 09:30:00,30.11,30.11,29.88,29.98,19199
2026-04-21 09:35:00,29.92,29.93,29.62,29.73,15138
2026-04-21 09:40:00,29.73,29.8899,29.73,29.8,7385
2026-04-21 09:45:00,29.8,29.8,29.536,29.58,23449
2026-04-21 09:50:00,29.5,29.58,29.455,29.46,16907
2026-04-21 09:55:00,29.46,29.58,29.3603,29.58,48499
2026-04-21 10:00:00,29.56,29.6,29.48,29.55,5808
2026-04-21 10:05:00,29.43,29.44,29.33,29.42,8614
2026-04-21 10:10:00,29.37,29.4199,29.29,29.37,36725
2026-04-21 10:15:00,29.37,29.48,29.36,29.44,7029
2026-04-21 10:20:00,29.445,29.45,29.32,29.32,12288
2026-04-21 10:25:00,29.36,29.4,29.36,29.4,1690
2026-04-21 10:30:00,29.4,29.42,29.2,29.22,14139
2026-04-21 10:35:00,29.24,29.25,29.151,29.17,11598
2026-04-21 10:40:00,29.16,29.26,29.14,29.18,11462
2026-04-21 10:45:00,29.165,29.165,28.9775,29.0014,29190
2026-04-21 10:50:00,29.02,29.08,29,29.07,3450
2026-04-21 10:55:00,29,29,28.78,28.81,18067
2026-04-21 11:00:00,28.825,28.83,28.61,28.6501,20489
2026-04-21 11:05:00,28.64,28.737,28.58,28.715,13467
2026-04-21 11:10:00,28.71,28.84,28.71,28.8,6024
2026-04-21 11:15:00,28.85,28.96,28.78,28.96,7124
2026-04-21 11:20:00,28.9583,28.9999,28.845,28.845,5234
2026-04-21 11:25:00,28.73,28.75,28.67,28.7,2076
2026-04-21 11:30:00,28.695,28.742,28.695,28.72,2286
2026-04-21 11:35:00,28.65,28.68,28.5301,28.66,6296
2026-04-21 11:40:00,28.69,28.697,28.59,28.675,3450
2026-04-21 11:45:00,28.68,28.79,28.68,28.76,12006
2026-04-21 11:50:00,28.7377,28.7377,28.65,28.65,1290
2026-04-21 11:55:00,28.6,28.655,28.58,28.63,3378
2026-04-21 12:00:00,28.695,28.8,28.69,28.71,2609
2026-04-21 12:05:00,28.695,28.78,28.69,28.78,7702
2026-04-21 12:10:00,28.71,28.71,28.59,28.59,3971
2026-04-21 12:15:00,28.6581,28.7,28.65,28.7,5971
2026-04-21 12:20:00,28.72,28.7538,28.7,28.75,4100
2026-04-21 12:25:00,28.73,28.74,28.7,28.7,3247
2026-04-21 12:30:00,28.72,28.8,28.72,28.77,3790
2026-04-21 12:35:00,28.77,28.8,28.62,28.62,2512
2026-04-21 12:40:00,28.67,28.72,28.54,28.555,3493
2026-04-21 12:45:00,28.58,28.6402,28.58,28.64,17471
2026-04-21 12:50:00,28.62,28.62,28.56,28.5604,7606
2026-04-21 12:55:00,28.53,28.53,28.5,28.5,1639
2026-04-21 13:00:00,28.5,28.5684,28.5,28.56,3016
2026-04-21 13:05:00,28.53,28.53,28.3927,28.435,5665
2026-04-21 13:10:00,28.4492,28.49,28.37,28.38,5260
2026-04-21 13:15:00,28.41,28.45,28.32,28.32,3191
2026-04-21 13:20:00,28.3292,28.38,28.3,28.37,5912
2026-04-21 13:25:00,28.3555,28.43,28.3555,28.36,500
2026-04-21 13:30:00,28.36,28.5,28.36,28.428,2463
2026-04-21 13:35:00,28.4,28.55,28.3735,28.46,7800
2026-04-21 13:40:00,28.49,28.5956,28.46,28.5956,17938
2026-04-21 13:45:00,28.52,28.54,28.505,28.525,11280
2026-04-21 13:50:00,28.53,28.57,28.48,28.48,17298
2026-04-21 13:55:00,28.5399,28.54,28.42,28.43,20629
2026-04-21 14:00:00,28.49,28.52,28.49,28.52,570
2026-04-21 14:05:00,28.5014,28.53,28.43,28.43,2210
2026-04-21 14:10:00,28.41,28.4299,28.37,28.4,5836
2026-04-21 14:15:00,28.43,28.43,28.3,28.36,8609
2026-04-21 14:20:00,28.34,28.4,28.331,28.35,11240
2026-04-21 14:25:00,28.365,28.37,28.365,28.37,350
2026-04-21 14:30:00,28.5,28.5,28.495,28.495,1300
2026-04-21 14:35:00,28.46,28.46,28.46,28.46,100
2026-04-21 14:40:00,28.36,28.36,28.33,28.33,700
2026-04-21 14:45:00,28.28,28.28,28.2701,28.275,8666
2026-04-21 14:50:00,28.26,28.44,28.23,28.44,2609
2026-04-21 14:55:00,28.42,28.44,28.4,28.44,990
2026-04-21 15:00:00,28.475,28.475,28.465,28.47,2345
2026-04-21 15:05:00,28.5,28.51,28.47,28.49,5705
2026-04-21 15:10:00,28.48,28.5188,28.4,28.4,3344
2026-04-21 15:15:00,28.435,28.435,28.37,28.37,1877
2026-04-21 15:20:00,28.44,28.495,28.44,28.48,2686
2026-04-21 15:25:00,28.53,28.54,28.525,28.525,852
2026-04-21 15:30:00,28.51,28.51,28.47,28.47,700
2026-04-21 15:35:00,28.41,28.415,28.39,28.41,2190
2026-04-21 15:40:00,28.3737,28.3737,28.045,28.09,13943
2026-04-21 15:45:00,28.03,28.1,28.01,28.09,29842
2026-04-21 15:50:00,28.24,28.275,28.15,28.26,8366
2026-04-21 15:55:00,28.29,28.37,28.28,28.37,22594
2026-04-21 16:00:00,28.37,28.38,28.2175,28.2175,12036
2026-04-21 16:05:00,28.4,28.4,28.4,28.4,228
2026-04-21 16:10:00,28.41,28.47,28.41,28.47,2819
2026-04-21 16:15:00,28.56,28.71,28.56,28.71,445
2026-04-21 16:20:00,28.7,28.7,28.7,28.7,333
2026-04-21 16:25:00,28.72,28.8,28.72,28.8,1072
2026-04-21 16:30:00,28.78,28.82,28.75,28.82,1022
2026-04-21 16:35:00,28.83,28.83,28.82,28.82,377
2026-04-21 16:40:00,28.82,28.82,28.78,28.78,917
2026-04-21 17:05:00,28.68,28.82,28.68,28.7924,9724
2026-04-21 17:10:00,28.769,28.78,28.769,28.78,305
2026-04-21 17:35:00,28.67,28.67,28.67,28.67,150
2026-04-21 17:45:00,28.67,28.67,28.67,28.67,100
2026-04-21 17:55:00,28.71,28.72,28.71,28.72,1000
2026-04-21 18:00:00,28.72,28.72,28.72,28.72,403
2026-04-21 18:05:00,28.63,28.63,28.63,28.63,100
2026-04-21 18:15:00,28.68,28.68,28.68,28.68,100
2026-04-21 18:25:00,28.7796,28.7796,28.75,28.75,350
2026-04-21 18:30:00,28.77,28.77,28.77,28.77,636
2026-04-21 18:40:00,28.73,28.73,28.73,28.73,100
2026-04-21 18:45:00,28.721,28.721,28.721,28.721,2000
2026-04-21 18:50:00,28.73,28.73,28.721,28.721,500
2026-04-21 18:55:00,28.72,28.72,28.72,28.72,2184
2026-04-21 19:25:00,28.71,28.71,28.71,28.71,469
2026-04-21 19:30:00,28.67,28.73,28.67,28.67,2300
2026-04-21 19:35:00,28.67,28.67,28.67,28.67,222
2026-04-21 19:40:00,28.75,28.77,28.75,28.77,1300
2026-04-21 19:50:00,28.78,28.78,28.78,28.78,300