2026-04-22 04:00:00,65.79,65.84,65.7,65.83,9338
2026-04-22 04:05:00,65.74,65.74,65.74,65.74,100
2026-04-22 04:20:00,65.88,65.88,65.88,65.88,393
2026-04-22 04:25:00,65.83,65.83,65.83,65.83,125
2026-04-22 04:35:00,65.76,65.76,65.76,65.76,100
2026-04-22 04:40:00,65.81,65.81,65.81,65.81,189
2026-04-22 05:00:00,65.83,65.83,65.83,65.83,1093
2026-04-22 05:05:00,65.83,65.86,65.83,65.86,1214
2026-04-22 05:20:00,65.82,65.82,65.82,65.82,117
2026-04-22 05:35:00,65.84,66,65.84,65.9006,1304
2026-04-22 05:50:00,65.89,65.89,65.89,65.89,425
2026-04-22 05:55:00,65.85,65.89,65.85,65.89,631
2026-04-22 06:05:00,65.86,65.86,65.85,65.85,375
2026-04-22 06:10:00,65.83,65.83,65.81,65.81,200
2026-04-22 06:15:00,65.2,65.2,65.2,65.2,200
2026-04-22 06:20:00,65.81,65.81,65.81,65.81,350
2026-04-22 07:00:00,65.85,65.85,65.85,65.85,125
2026-04-22 07:05:00,65.8564,65.89,65.75,65.75,1235
2026-04-22 07:10:00,65.74,65.8596,65.71,65.8596,15602
2026-04-22 07:20:00,65.78,65.81,65.78,65.81,1887
2026-04-22 07:25:00,65.7864,65.79,65.7864,65.79,380
2026-04-22 07:35:00,65.79,65.79,65.75,65.75,510
2026-04-22 07:40:00,65.7999,65.7999,65.7999,65.7999,100
2026-04-22 07:45:00,65.75,65.75,65.74,65.7417,785
2026-04-22 07:50:00,65.74,65.74,65.74,65.74,145
2026-04-22 08:00:00,65.84,65.84,65.84,65.84,130
2026-04-22 08:05:00,65.82,65.82,65.82,65.82,152
2026-04-22 08:10:00,65.91,65.92,65.91,65.92,400
2026-04-22 08:15:00,65.92,65.9722,65.91,65.9722,816
2026-04-22 08:20:00,65.96,65.96,65.96,65.96,516
2026-04-22 08:25:00,65.95,65.95,65.95,65.95,525
2026-04-22 08:30:00,65.9,65.91,65.9,65.91,990
2026-04-22 08:35:00,65.89,65.89,65.83,65.83,650
2026-04-22 08:40:00,65.8319,65.8319,65.8319,65.8319,920
2026-04-22 08:45:00,65.88,65.88,65.85,65.86,450
2026-04-22 08:50:00,65.85,65.85,65.85,65.85,429
2026-04-22 08:55:00,65.8696,65.8696,65.8696,65.8696,300
2026-04-22 09:05:00,65.8282,65.88,65.8282,65.88,1677
2026-04-22 09:10:00,65.86,65.86,65.81,65.81,364
2026-04-22 09:20:00,65.84,65.85,65.84,65.85,3454
2026-04-22 09:25:00,65.8482,65.9,65.8,65.8,7007
2026-04-22 09:30:00,65.83,65.83,65.53,65.55,39950
2026-04-22 09:35:00,65.52,65.71,65.52,65.685,40256
2026-04-22 09:40:00,65.69,65.83,65.69,65.7901,41473
2026-04-22 09:45:00,65.8,65.89,65.72,65.765,49952
2026-04-22 09:50:00,65.77,65.925,65.75,65.915,27341
2026-04-22 09:55:00,65.93,65.945,65.8246,65.86,77056
2026-04-22 10:00:00,65.87,65.9901,65.87,65.99,30944
2026-04-22 10:05:00,65.97,66.07,65.91,66.0175,127561
2026-04-22 10:10:00,66.02,66.08,66.01,66.07,31122
2026-04-22 10:15:00,66.07,66.12,66.06,66.12,29351
2026-04-22 10:20:00,66.125,66.155,66.0701,66.1299,67154
2026-04-22 10:25:00,66.13,66.2198,66.13,66.2198,42829
2026-04-22 10:30:00,66.22,66.25,66.13,66.175,26542
2026-04-22 10:35:00,66.1701,66.22,66.11,66.21,29299
2026-04-22 10:40:00,66.2,66.21,66.095,66.095,26126
2026-04-22 10:45:00,66.1,66.135,66.0993,66.1299,11128
2026-04-22 10:50:00,66.125,66.15,66.06,66.13,9355
2026-04-22 10:55:00,66.125,66.15,66.11,66.145,9983
2026-04-22 11:00:00,66.15,66.15,66.07,66.09,17791
2026-04-22 11:05:00,66.1,66.195,66.09,66.1799,18915
2026-04-22 11:10:00,66.1843,66.215,66.17,66.19,21273
2026-04-22 11:15:00,66.195,66.22,66.1609,66.22,14160
2026-04-22 11:20:00,66.21,66.255,66.2,66.225,14037
2026-04-22 11:25:00,66.24,66.255,66.19,66.19,35005
2026-04-22 11:30:00,66.19,66.249,66.1801,66.21,8490
2026-04-22 11:35:00,66.21,66.22,66.185,66.205,17148
2026-04-22 11:40:00,66.21,66.2799,66.15,66.15,24157
2026-04-22 11:45:00,66.15,66.225,66.15,66.225,34808
2026-04-22 11:50:00,66.22,66.22,66.16,66.17,10227
2026-04-22 11:55:00,66.2,66.23,66.17,66.18,11231
2026-04-22 12:00:00,66.18,66.215,66.14,66.215,29745
2026-04-22 12:05:00,66.225,66.24,66.1901,66.225,14128
2026-04-22 12:10:00,66.22,66.245,66.175,66.23,12073
2026-04-22 12:15:00,66.2366,66.2499,66.17,66.17,17287
2026-04-22 12:20:00,66.17,66.215,66.17,66.19,4517
2026-04-22 12:25:00,66.18,66.195,66.15,66.15,10472
2026-04-22 12:30:00,66.12,66.18,66.115,66.155,6704
2026-04-22 12:35:00,66.175,66.175,66.12,66.17,4693
2026-04-22 12:40:00,66.16,66.175,66.08,66.135,30725
2026-04-22 12:45:00,66.13,66.15,66.1,66.145,16177
2026-04-22 12:50:00,66.14,66.14,66.071,66.115,9039
2026-04-22 12:55:00,66.11,66.11,66.055,66.09,10165
2026-04-22 13:00:00,66.085,66.19,66.085,66.18,49978
2026-04-22 13:05:00,66.195,66.225,66.17,66.225,13425
2026-04-22 13:10:00,66.235,66.29,66.224,66.235,18214
2026-04-22 13:15:00,66.24,66.265,66.19,66.2,22014
2026-04-22 13:20:00,66.21,66.3,66.21,66.2601,27808
2026-04-22 13:25:00,66.26,66.26,66.2102,66.22,24720
2026-04-22 13:30:00,66.225,66.2875,66.22,66.26,8486
2026-04-22 13:35:00,66.25,66.26,66.21,66.25,6247
2026-04-22 13:40:00,66.25,66.2899,66.25,66.285,6856
2026-04-22 13:45:00,66.295,66.32,66.2499,66.28,21046
2026-04-22 13:50:00,66.295,66.325,66.285,66.3,10677
2026-04-22 13:55:00,66.295,66.3,66.28,66.2901,9745
2026-04-22 14:00:00,66.28,66.335,66.2699,66.33,9778
2026-04-22 14:05:00,66.325,66.35,66.31,66.31,8978
2026-04-22 14:10:00,66.305,66.36,66.305,66.345,11974
2026-04-22 14:15:00,66.345,66.345,66.28,66.3092,15845
2026-04-22 14:20:00,66.3,66.3,66.235,66.25,13769
2026-04-22 14:25:00,66.255,66.265,66.22,66.22,8192
2026-04-22 14:30:00,66.22,66.29,66.21,66.26,18952
2026-04-22 14:35:00,66.2599,66.28,66.245,66.265,88258
2026-04-22 14:40:00,66.2624,66.28,66.2624,66.27,6610
2026-04-22 14:45:00,66.27,66.29,66.255,66.275,12683
2026-04-22 14:50:00,66.275,66.3,66.25,66.25,23169
2026-04-22 14:55:00,66.245,66.245,66.19,66.21,6931
2026-04-22 15:00:00,66.21,66.225,66.18,66.2,15020
2026-04-22 15:05:00,66.215,66.25,66.19,66.25,8948
2026-04-22 15:10:00,66.255,66.268,66.23,66.235,24654
2026-04-22 15:15:00,66.24,66.29,66.24,66.285,66990
2026-04-22 15:20:00,66.29,66.33,66.29,66.31,50398
2026-04-22 15:25:00,66.315,66.34,66.31,66.315,13731
2026-04-22 15:30:00,66.31,66.385,66.31,66.35,18718
2026-04-22 15:35:00,66.35,66.365,66.325,66.355,13649
2026-04-22 15:40:00,66.355,66.37,66.35,66.355,11345
2026-04-22 15:45:00,66.355,66.4,66.355,66.365,20329
2026-04-22 15:50:00,66.37,66.42,66.35,66.4,145378
2026-04-22 15:55:00,66.39,66.41,66.345,66.363,155137
2026-04-22 16:00:00,66.44,66.66,66.42,66.66,117444
2026-04-22 16:05:00,66.6511,66.7,66.4,66.66,2418
2026-04-22 16:10:00,66.6392,66.6503,66.55,66.55,2359
2026-04-22 16:15:00,66.52,66.52,66.39,66.4974,866
2026-04-22 16:25:00,66.46,66.5377,66.46,66.5377,537
2026-04-22 16:30:00,66.5,66.5,66.5,66.5,752
2026-04-22 16:35:00,66.5088,66.5088,66.45,66.45,2668
2026-04-22 16:40:00,66.4439,66.4439,66.3967,66.3967,1400
2026-04-22 16:45:00,66.46,66.46,66.46,66.46,205
2026-04-22 16:50:00,66.47,66.47,66.47,66.47,600
2026-04-22 16:55:00,66.46,66.47,66.46,66.47,200
2026-04-22 17:00:00,66.5,66.5,66.4567,66.46,3825
2026-04-22 17:05:00,66.51,66.52,66.51,66.51,800
2026-04-22 17:10:00,66.54,66.55,66.54,66.55,336
2026-04-22 17:15:00,66.58,66.58,66.58,66.58,671
2026-04-22 17:20:00,66.6,66.6,66.6,66.6,400
2026-04-22 17:25:00,66.51,66.51,66.49,66.49,445
2026-04-22 17:35:00,66.51,66.51,66.48,66.48,1905
2026-04-22 17:40:00,66.48,66.48,66.44,66.44,855
2026-04-22 17:45:00,66.42,66.42,66.42,66.42,200
2026-04-22 17:50:00,66.35,66.35,66.3,66.3,3980
2026-04-22 17:55:00,66.24,66.27,66.2,66.2,2873
2026-04-22 18:00:00,66.15,66.16,66.15,66.16,355
2026-04-22 18:05:00,66.16,66.1711,66.16,66.1711,1894
2026-04-22 18:10:00,66.1592,66.16,66.15,66.15,1600
2026-04-22 18:15:00,66.17,66.17,66.15,66.15,3501
2026-04-22 18:20:00,66.11,66.11,66.1,66.1,351
2026-04-22 18:25:00,66.03,66.03,66.02,66.02,1151
2026-04-22 18:30:00,66.01,66.01,66,66,579
2026-04-22 18:40:00,66,66,66,66,3000
2026-04-22 18:45:00,66.18,66.18,66.18,66.18,286
2026-04-22 18:55:00,66.109,66.119,66.1,66.1,1300
2026-04-22 19:00:00,66.02,66.02,66.02,66.02,362
2026-04-22 19:10:00,66.04,66.04,66.04,66.04,160
2026-04-22 19:15:00,66.1,66.13,66.1,66.13,928
2026-04-22 19:25:00,66.18,66.18,66.18,66.18,200
2026-04-22 19:50:00,66.1117,66.1117,66.1117,66.1117,200
2026-04-23 04:00:00,65.7,65.98,65.46,65.98,8293
2026-04-23 04:05:00,65.66,65.66,65.66,65.66,307
2026-04-23 04:15:00,65.76,65.76,65.76,65.76,470
2026-04-23 04:20:00,65.82,65.82,65.82,65.82,350
2026-04-23 04:25:00,65.72,65.72,65.71,65.71,200
2026-04-23 04:45:00,65.65,65.65,65.65,65.65,300
2026-04-23 05:00:00,65.66,65.66,65.6,65.6,328
2026-04-23 05:05:00,65.4438,65.4438,65.4438,65.4438,231
2026-04-23 05:15:00,65.55,65.55,65.55,65.55,200
2026-04-23 05:35:00,65.52,65.52,65.52,65.52,999
2026-04-23 05:40:00,65.67,65.67,65.67,65.67,100
2026-04-23 05:45:00,65.67,65.67,65.67,65.67,100
2026-04-23 06:00:00,65.52,65.52,65.51,65.51,490
2026-04-23 06:15:00,65.62,65.63,65.62,65.63,657
2026-04-23 06:35:00,65.53,65.53,65.52,65.52,730
2026-04-23 07:00:00,65.66,65.67,65.64,65.64,5192
2026-04-23 07:05:00,65.63,65.66,65.63,65.66,1880
2026-04-23 07:10:00,65.67,65.67,65.67,65.67,403
2026-04-23 07:15:00,65.6352,65.64,65.6352,65.64,666
2026-04-23 07:20:00,65.64,65.64,65.6337,65.6337,400
2026-04-23 07:25:00,65.67,65.67,65.65,65.65,1042
2026-04-23 07:30:00,65.67,65.67,65.63,65.63,2469
2026-04-23 07:40:00,65.68,65.68,65.68,65.68,161
2026-04-23 07:50:00,65.85,65.88,65.85,65.88,1913
2026-04-23 07:55:00,65.879,65.879,65.87,65.87,600
2026-04-23 08:00:00,65.82,65.88,65.77,65.77,2174
2026-04-23 08:05:00,65.88,65.94,65.88,65.89,538
2026-04-23 08:10:00,65.9529,65.97,65.95,65.95,584
2026-04-23 08:20:00,65.9453,65.9453,65.9453,65.9453,2000
2026-04-23 08:25:00,65.88,65.88,65.88,65.88,206
2026-04-23 08:30:00,65.7991,65.88,65.7991,65.88,207
2026-04-23 08:35:00,65.7991,65.8,65.7991,65.8,615
2026-04-23 08:40:00,65.8,65.8,65.8,65.8,379
2026-04-23 08:45:00,65.8,65.8,65.77,65.77,1300
2026-04-23 08:50:00,65.85,65.8845,65.85,65.8845,700
2026-04-23 08:55:00,65.72,65.73,65.71,65.73,2097
2026-04-23 09:00:00,65.84,65.84,65.84,65.84,300
2026-04-23 09:10:00,65.75,65.75,65.75,65.75,115
2026-04-23 09:15:00,65.74,65.74,65.69,65.69,501
2026-04-23 09:20:00,65.74,65.75,65.74,65.75,400
2026-04-23 09:25:00,65.73,65.75,65.71,65.75,969
2026-04-23 09:30:00,65.78,65.78,65.5305,65.765,66626
2026-04-23 09:35:00,65.77,65.89,65.75,65.89,32619
2026-04-23 09:40:00,65.87,65.97,65.815,65.835,33364
2026-04-23 09:45:00,65.8,65.97,65.72,65.8601,28769
2026-04-23 09:50:00,65.83,65.835,65.67,65.715,33511
2026-04-23 09:55:00,65.715,65.765,65.55,65.55,74446
2026-04-23 10:00:00,65.55,65.665,65.46,65.6007,115237
2026-04-23 10:05:00,65.56,65.62,65.56,65.62,56304
2026-04-23 10:10:00,65.62,65.62,65.46,65.475,15355
2026-04-23 10:15:00,65.4807,65.6,65.47,65.47,23528
2026-04-23 10:20:00,65.48,65.565,65.44,65.565,20884
2026-04-23 10:25:00,65.57,65.57,65.455,65.5,23613
2026-04-23 10:30:00,65.515,65.66,65.515,65.65,54840
2026-04-23 10:35:00,65.64,65.71,65.61,65.6501,14376
2026-04-23 10:40:00,65.6544,65.6807,65.59,65.675,9505
2026-04-23 10:45:00,65.71,65.7828,65.71,65.75,30710
2026-04-23 10:50:00,65.7101,65.7973,65.71,65.79,8391
2026-04-23 10:55:00,65.8,65.9258,65.8,65.89,39992
2026-04-23 11:00:00,65.89,65.97,65.89,65.93,26945
2026-04-23 11:05:00,65.935,65.965,65.905,65.965,24880
2026-04-23 11:10:00,65.99,65.995,65.94,65.94,12376
2026-04-23 11:15:00,65.94,66.02,65.915,66.02,21583
2026-04-23 11:20:00,66.04,66.085,66,66.05,11715
2026-04-23 11:25:00,66.04,66.04,65.97,65.97,28131
2026-04-23 11:30:00,65.97,66.03,65.945,65.99,14086
2026-04-23 11:35:00,65.98,65.985,65.91,65.92,12780
2026-04-23 11:40:00,65.92,65.955,65.91,65.92,23719
2026-04-23 11:45:00,65.92,65.92,65.81,65.825,26909
2026-04-23 11:50:00,65.83,65.83,65.755,65.76,27273
2026-04-23 11:55:00,65.76,65.84,65.76,65.825,9236
2026-04-23 12:00:00,65.84,65.865,65.75,65.75,42203
2026-04-23 12:05:00,65.73,65.76,65.67,65.68,11611
2026-04-23 12:10:00,65.68,65.78,65.68,65.76,39336
2026-04-23 12:15:00,65.79,65.79,65.74,65.7601,4062
2026-04-23 12:20:00,65.77,65.77,65.71,65.74,4693
2026-04-23 12:25:00,65.775,65.81,65.75,65.77,6794
2026-04-23 12:30:00,65.76,65.82,65.755,65.82,7218
2026-04-23 12:35:00,65.82,65.835,65.78,65.78,10363
2026-04-23 12:40:00,65.79,65.8,65.72,65.72,10600
2026-04-23 12:45:00,65.71,65.74,65.69,65.71,10403
2026-04-23 12:50:00,65.715,65.725,65.68,65.68,5117
2026-04-23 12:55:00,65.69,65.735,65.67,65.695,6797
2026-04-23 13:00:00,65.69,65.71,65.51,65.53,82136
2026-04-23 13:05:00,65.52,65.53,65.395,65.395,56294
2026-04-23 13:10:00,65.38,65.425,65.34,65.385,38451
2026-04-23 13:15:00,65.39,65.39,65.19,65.24,59931
2026-04-23 13:20:00,65.24,65.27,65.175,65.22,60447
2026-04-23 13:25:00,65.225,65.3207,65.16,65.17,32815
2026-04-23 13:30:00,65.18,65.3101,65.12,65.3101,40064
2026-04-23 13:35:00,65.31,65.46,65.09,65.1004,93435
2026-04-23 13:40:00,65.12,65.12,64.845,64.8901,108391
2026-04-23 13:45:00,64.89,64.95,64.73,64.9,114684
2026-04-23 13:50:00,64.9,65.23,64.81,65.095,199440
2026-04-23 13:55:00,65.1,65.23,65.07,65.205,83684
2026-04-23 14:00:00,65.21,65.35,65.16,65.28,58527
2026-04-23 14:05:00,65.26,65.36,65.23,65.305,55598
2026-04-23 14:10:00,65.3,65.38,65.26,65.3,67605
2026-04-23 14:15:00,65.32,65.33,65.26,65.3,36893
2026-04-23 14:20:00,65.3,65.35,65.26,65.315,20847
2026-04-23 14:25:00,65.29,65.34,65.28,65.33,120929
2026-04-23 14:30:00,65.345,65.4,65.345,65.395,12572
2026-04-23 14:35:00,65.4,65.445,65.3846,65.39,19737
2026-04-23 14:40:00,65.41,65.41,65.31,65.36,10424
2026-04-23 14:45:00,65.345,65.35,65.28,65.28,2310
2026-04-23 14:50:00,65.27,65.325,65.23,65.305,7458
2026-04-23 14:55:00,65.295,65.3,65.14,65.17,15710
2026-04-23 15:00:00,65.19,65.215,65.16,65.19,134188
2026-04-23 15:05:00,65.22,65.305,65.22,65.28,13022
2026-04-23 15:10:00,65.28,65.315,65.26,65.315,7545
2026-04-23 15:15:00,65.345,65.375,65.333,65.34,5932
2026-04-23 15:20:00,65.33,65.3351,65.3099,65.335,4282
2026-04-23 15:25:00,65.33,65.385,65.33,65.37,6246
2026-04-23 15:30:00,65.36,65.43,65.32,65.325,21584
2026-04-23 15:35:00,65.3,65.325,65.24,65.3,40457
2026-04-23 15:40:00,65.31,65.34,65.27,65.285,18437
2026-04-23 15:45:00,65.28,65.34,65.28,65.34,39207
2026-04-23 15:50:00,65.34,65.348,65.17,65.3,157106
2026-04-23 15:55:00,65.29,65.345,65.275,65.31,114014
2026-04-23 16:00:00,65.33,65.33,65.31,65.31,116533
2026-04-23 16:05:00,65.0764,65.3668,65.0764,65.3668,1900
2026-04-23 16:10:00,65.24,65.25,65.17,65.17,3100
2026-04-23 16:20:00,65.07,65.07,65.07,65.07,100
2026-04-23 16:25:00,65.31,65.31,65.31,65.31,574
2026-04-23 16:30:00,65.21,65.21,65.21,65.21,500
2026-04-23 16:35:00,64.9175,65.32,64.9175,65.32,550
2026-04-23 16:45:00,65.15,65.16,65.14,65.16,317
2026-04-23 17:00:00,65.14,65.14,65.14,65.14,677
2026-04-23 17:25:00,65.16,65.16,65.16,65.16,100
2026-04-23 17:30:00,65.35,65.35,65.35,65.35,210
2026-04-23 17:40:00,65.14,65.22,65.14,65.17,1442
2026-04-23 17:55:00,65.23,65.23,65.22,65.22,200
2026-04-23 18:00:00,65.26,65.26,65.26,65.26,300
2026-04-23 18:05:00,65.27,65.27,65.27,65.27,100
2026-04-23 18:10:00,65.3655,65.3655,65.3655,65.3655,125
2026-04-23 18:25:00,65.28,65.28,65.28,65.28,100
2026-04-23 18:40:00,65.28,65.28,65.25,65.25,801
2026-04-23 18:55:00,65.31,65.31,65.31,65.31,207
2026-04-23 19:00:00,65.33,65.33,65.33,65.33,255
2026-04-23 19:10:00,65.3,65.3,65.26,65.26,480
2026-04-23 19:35:00,65.3,65.3,65.3,65.3,117
2026-04-23 19:40:00,65.3,65.3,65.3,65.3,100
2026-04-23 19:55:00,65.39,65.39,65.39,65.39,280
2026-04-24 04:00:00,65.38,65.42,65.21,65.38,22706
2026-04-24 04:05:00,65.25,65.43,65.22,65.39,2127
2026-04-24 04:15:00,65.42,65.96,65.42,65.7,2179
2026-04-24 04:20:00,65.55,65.55,65.43,65.43,200
2026-04-24 04:25:00,65.79,65.79,65.79,65.79,200
2026-04-24 04:30:00,65.43,65.43,65.43,65.43,100
2026-04-24 04:35:00,65.58,65.58,65.58,65.58,200
2026-04-24 04:45:00,65.4,65.4,65.4,65.4,910
2026-04-24 05:00:00,65.4,65.4,65.4,65.4,500
2026-04-24 05:05:00,65.34,65.35,65.34,65.35,490
2026-04-24 05:10:00,65.36,65.36,65.36,65.36,122
2026-04-24 05:15:00,65.37,65.37,65.37,65.37,498
2026-04-24 05:20:00,65.35,65.35,65.35,65.35,814
2026-04-24 05:25:00,65.26,65.28,65.25,65.26,800
2026-04-24 05:30:00,65.26,65.26,65.26,65.26,400
2026-04-24 05:35:00,65.26,65.26,65.26,65.26,163
2026-04-24 05:45:00,65.3,65.35,65.3,65.35,931
2026-04-24 06:05:00,65.44,65.44,65.44,65.44,100
2026-04-24 06:25:00,65.47,65.47,65.47,65.47,500
2026-04-24 06:30:00,65.5,65.51,65.5,65.51,1900
2026-04-24 06:40:00,65.53,65.53,65.53,65.53,500
2026-04-24 06:45:00,65.45,65.45,65.45,65.45,511
2026-04-24 06:50:00,65.43,65.43,65.42,65.42,1998
2026-04-24 07:00:00,65.42,65.5,65.42,65.5,306
2026-04-24 07:05:00,65.64,65.64,65.64,65.64,1500
2026-04-24 07:10:00,65.68,65.69,65.55,65.6137,758
2026-04-24 07:15:00,65.66,65.75,65.66,65.75,3500
2026-04-24 07:20:00,65.699,65.73,65.699,65.73,503
2026-04-24 07:25:00,65.7848,65.81,65.7848,65.81,1763
2026-04-24 07:30:00,65.82,65.82,65.82,65.82,160
2026-04-24 07:35:00,65.7,65.77,65.7,65.77,680
2026-04-24 07:40:00,65.83,65.83,65.83,65.83,950
2026-04-24 07:45:00,65.7,65.81,65.7,65.7,841
2026-04-24 07:50:00,65.71,65.71,65.7,65.7,364
2026-04-24 07:55:00,65.7,65.7,65.69,65.7,3000
2026-04-24 08:00:00,65.72,65.82,65.72,65.82,1168
2026-04-24 08:05:00,65.82,65.82,65.82,65.82,1259
2026-04-24 08:15:00,65.626,65.81,65.626,65.8,1041
2026-04-24 08:20:00,65.72,65.75,65.72,65.75,495
2026-04-24 08:25:00,65.79,65.79,65.79,65.79,3751
2026-04-24 08:30:00,65.75,65.76,65.709,65.709,2278
2026-04-24 08:35:00,65.74,65.75,65.613,65.65,1959
2026-04-24 08:40:00,65.7,65.7,65.7,65.7,1138
2026-04-24 08:45:00,65.6156,65.6345,65.6156,65.6345,828
2026-04-24 08:50:00,65.64,65.64,65.64,65.64,758
2026-04-24 08:55:00,65.6532,65.6532,65.61,65.61,669
2026-04-24 09:00:00,65.65,65.65,65.65,65.65,100
2026-04-24 09:10:00,65.66,65.7262,65.66,65.7262,550
2026-04-24 09:15:00,65.7,65.74,65.7,65.74,256
2026-04-24 09:20:00,65.75,65.9199,65.75,65.9199,1622
2026-04-24 09:25:00,65.6,65.6,65.55,65.55,1200
2026-04-24 09:30:00,65.6,65.635,65.34,65.615,106794
2026-04-24 09:35:00,65.61,65.85,65.595,65.83,63895
2026-04-24 09:40:00,65.825,65.85,65.68,65.725,40846
2026-04-24 09:45:00,65.74,65.98,65.715,65.98,51994
2026-04-24 09:50:00,65.975,66,65.765,65.79,51891
2026-04-24 09:55:00,65.79,65.79,65.685,65.71,82435
2026-04-24 10:00:00,65.69,65.71,65.61,65.68,60084
2026-04-24 10:05:00,65.6611,65.8093,65.66,65.79,33160
2026-04-24 10:10:00,65.79,65.89,65.775,65.8,33298
2026-04-24 10:15:00,65.8,65.835,65.75,65.83,46629
2026-04-24 10:20:00,65.8329,65.895,65.82,65.885,20744
2026-04-24 10:25:00,65.87,65.875,65.7109,65.7109,10313
2026-04-24 10:30:00,65.74,65.74,65.66,65.725,22365
2026-04-24 10:35:00,65.72,65.83,65.699,65.805,83767
2026-04-24 10:40:00,65.82,65.92,65.82,65.91,26564
2026-04-24 10:45:00,65.91,66,65.87,65.96,39585
2026-04-24 10:50:00,65.96,65.995,65.9277,65.975,11972
2026-04-24 10:55:00,65.98,66.075,65.98,66.03,61356
2026-04-24 11:00:00,66.06,66.08,66.02,66.07,16433
2026-04-24 11:05:00,66.075,66.085,66.011,66.055,36408
2026-04-24 11:10:00,66.06,66.115,66.05,66.115,13718
2026-04-24 11:15:00,66.12,66.125,66.07,66.09,26837
2026-04-24 11:20:00,66.09,66.25,66.09,66.2202,42772
2026-04-24 11:25:00,66.22,66.29,66.18,66.26,26326
2026-04-24 11:30:00,66.265,66.355,66.265,66.325,23440
2026-04-24 11:35:00,66.32,66.34,66.27,66.275,18319
2026-04-24 11:40:00,66.275,66.43,66.24,66.41,104383
2026-04-24 11:45:00,66.405,66.47,66.31,66.4,147546
2026-04-24 11:50:00,66.41,66.54,66.41,66.44,74807
2026-04-24 11:55:00,66.445,66.47,66.41,66.44,44509
2026-04-24 12:00:00,66.44,66.4799,66.41,66.47,9457
2026-04-24 12:05:00,66.47,66.48,66.31,66.34,46569
2026-04-24 12:10:00,66.33,66.43,66.32,66.39,22256
2026-04-24 12:15:00,66.37,66.44,66.34,66.42,73869
2026-04-24 12:20:00,66.415,66.475,66.415,66.44,20087
2026-04-24 12:25:00,66.45,66.47,66.39,66.42,13941
2026-04-24 12:30:00,66.415,66.5,66.415,66.48,38170
2026-04-24 12:35:00,66.49,66.5,66.455,66.4899,19989
2026-04-24 12:40:00,66.48,66.49,66.39,66.42,15256
2026-04-24 12:45:00,66.43,66.435,66.38,66.405,9662
2026-04-24 12:50:00,66.41,66.45,66.405,66.42,24381
2026-04-24 12:55:00,66.445,66.5,66.435,66.49,93330
2026-04-24 13:00:00,66.5,66.52,66.48,66.5,51111
2026-04-24 13:05:00,66.505,66.555,66.49,66.545,33457
2026-04-24 13:10:00,66.54,66.56,66.52,66.555,14730
2026-04-24 13:15:00,66.55,66.55,66.495,66.5,8129
2026-04-24 13:20:00,66.505,66.5102,66.425,66.4899,12530
2026-04-24 13:25:00,66.49,66.5,66.445,66.445,22717
2026-04-24 13:30:00,66.44,66.45,66.405,66.445,37958
2026-04-24 13:35:00,66.44,66.5166,66.44,66.44,36292
2026-04-24 13:40:00,66.44,66.495,66.431,66.49,12374
2026-04-24 13:45:00,66.49,66.5,66.4799,66.49,30009
2026-04-24 13:50:00,66.5,66.62,66.5,66.555,72994
2026-04-24 13:55:00,66.55,66.58,66.545,66.55,37021
2026-04-24 14:00:00,66.545,66.568,66.51,66.525,10236
2026-04-24 14:05:00,66.52,66.535,66.48,66.53,15202
2026-04-24 14:10:00,66.5418,66.5418,66.51,66.525,7037
2026-04-24 14:15:00,66.5267,66.535,66.49,66.495,4357
2026-04-24 14:20:00,66.49,66.495,66.46,66.495,30844
2026-04-24 14:25:00,66.49,66.51,66.44,66.45,10842
2026-04-24 14:30:00,66.45,66.5,66.44,66.5,37115
2026-04-24 14:35:00,66.495,66.54,66.495,66.53,16880
2026-04-24 14:40:00,66.525,66.55,66.485,66.495,13820
2026-04-24 14:45:00,66.5,66.52,66.465,66.51,22758
2026-04-24 14:50:00,66.5,66.53,66.49,66.4993,33199
2026-04-24 14:55:00,66.5,66.54,66.49,66.53,16348
2026-04-24 15:00:00,66.54,66.57,66.5301,66.56,14605
2026-04-24 15:05:00,66.56,66.62,66.55,66.62,23029
2026-04-24 15:10:00,66.63,66.675,66.62,66.67,10138
2026-04-24 15:15:00,66.68,66.72,66.68,66.7,70556
2026-04-24 15:20:00,66.69,66.69,66.64,66.64,15831
2026-04-24 15:25:00,66.65,66.66,66.625,66.64,30519
2026-04-24 15:30:00,66.63,66.66,66.59,66.65,59098
2026-04-24 15:35:00,66.645,66.66,66.62,66.64,55659
2026-04-24 15:40:00,66.635,66.67,66.63,66.655,209267
2026-04-24 15:45:00,66.655,66.66,66.6188,66.635,82399
2026-04-24 15:50:00,66.64,66.7,66.6,66.7,131184
2026-04-24 15:55:00,66.695,66.695,66.6,66.61,381999
2026-04-24 16:00:00,66.57,66.62,66.57,66.6199,283567
2026-04-24 16:05:00,66.59,66.61,66.59,66.59,735
2026-04-24 16:10:00,66.58,66.58,66.521,66.521,680
2026-04-24 16:20:00,66.55,66.55,66.55,66.55,1000
2026-04-24 16:55:00,66.59,66.59,66.59,66.59,1500
2026-04-24 17:00:00,66.57,66.57,66.5,66.55,1500
2026-04-24 17:05:00,66.56,66.57,66.5091,66.57,1400
2026-04-24 17:10:00,66.51,66.51,66.51,66.51,240
2026-04-24 17:35:00,66.52,66.52,66.51,66.51,949
2026-04-24 17:45:00,66.55,66.55,66.5499,66.55,670
2026-04-24 17:50:00,66.5309,66.5309,66.52,66.52,699
2026-04-24 17:55:00,66.57,66.57,66.57,66.57,800
2026-04-24 18:05:00,66.49,66.5,66.49,66.4999,1200
2026-04-24 18:10:00,66.5,66.52,66.49,66.52,498
2026-04-24 18:15:00,66.51,66.52,66.5,66.5,301
2026-04-24 18:20:00,66.56,66.6,66.56,66.6,364
2026-04-24 18:25:00,66.5101,66.5101,66.5101,66.5101,100
2026-04-24 18:30:00,66.54,66.57,66.54,66.57,350
2026-04-24 18:45:00,66.55,66.55,66.55,66.55,110
2026-04-24 18:55:00,66.52,66.52,66.52,66.52,200
2026-04-24 19:00:00,66.5056,66.5155,66.5056,66.5155,219
2026-04-24 19:05:00,66.5058,66.5061,66.5058,66.5061,640
2026-04-24 19:20:00,66.56,66.56,66.56,66.56,180
2026-04-24 19:25:00,66.57,66.57,66.57,66.57,100
2026-04-24 19:35:00,66.57,66.57,66.56,66.56,334
2026-04-24 19:55:00,66.6,66.6,66.6,66.6,3000
2026-04-27 04:00:00,66.87,66.89,66.53,66.56,8269
2026-04-27 04:05:00,66.67,66.67,66.5399,66.5399,290
2026-04-27 04:10:00,66.59,66.82,66.48,66.48,890
2026-04-27 04:15:00,66.43,66.43,66.43,66.43,100
2026-04-27 04:25:00,66.49,66.49,66.49,66.49,100
2026-04-27 04:45:00,66.5004,66.5004,66.5004,66.5004,104
2026-04-27 04:50:00,66.62,66.62,66.62,66.62,125
2026-04-27 04:55:00,66.6,66.6,66.6,66.6,100
2026-04-27 05:05:00,66.64,66.64,66.6,66.6,425
2026-04-27 05:15:00,66.6,66.6,66.6,66.6,104
2026-04-27 05:25:00,66.6,66.6,66.6,66.6,100
2026-04-27 05:30:00,66.6,66.62,66.6,66.62,920
2026-04-27 05:40:00,66.57,66.57,66.57,66.57,959
2026-04-27 05:55:00,66.56,66.62,66.56,66.62,732
2026-04-27 06:00:00,66.61,66.61,66.61,66.61,226
2026-04-27 06:20:00,66.5905,66.6,66.5905,66.6,731
2026-04-27 06:30:00,66.61,66.61,66.61,66.61,100
2026-04-27 06:40:00,66.62,66.64,66.61,66.61,981
2026-04-27 07:00:00,66.65,66.65,66.65,66.65,145
2026-04-27 07:05:00,66.65,66.7556,66.6343,66.65,1900
2026-04-27 07:10:00,66.65,66.65,66.6493,66.6493,300
2026-04-27 07:15:00,66.64,66.64,66.6,66.6,1927
2026-04-27 07:20:00,66.64,66.64,66.61,66.63,500
2026-04-27 07:25:00,66.61,66.6305,66.6,66.6305,781
2026-04-27 07:30:00,66.6,66.61,66.6,66.6,1151
2026-04-27 07:40:00,66.63,66.63,66.61,66.61,1566
2026-04-27 07:50:00,66.63,66.63,66.63,66.63,200
2026-04-27 07:55:00,66.542,66.61,66.542,66.61,410
2026-04-27 08:00:00,66.6129,66.6129,66.5182,66.57,3584
2026-04-27 08:05:00,66.5955,66.6,66.565,66.565,756
2026-04-27 08:10:00,66.57,66.57,66.57,66.57,183
2026-04-27 08:15:00,66.6,66.6,66.6,66.6,489
2026-04-27 08:20:00,66.543,66.6,66.54,66.59,1136
2026-04-27 08:25:00,66.5,66.5346,66.45,66.48,1952
2026-04-27 08:30:00,66.47,66.52,66.45,66.51,3767
2026-04-27 08:35:00,66.49,66.49,66.48,66.48,217
2026-04-27 08:40:00,66.4545,66.4545,66.4545,66.4545,1000
2026-04-27 08:45:00,66.4767,66.49,66.438,66.49,941
2026-04-27 08:50:00,66.55,66.55,66.55,66.55,1405
2026-04-27 08:55:00,66.51,66.51,66.5,66.5,559
2026-04-27 09:00:00,66.55,66.55,66.46,66.5,1325
2026-04-27 09:05:00,66.4,66.4,66.25,66.29,2371
2026-04-27 09:10:00,66.4,66.4,66.3264,66.3264,1922
2026-04-27 09:15:00,66.41,66.42,66.3252,66.3252,801
2026-04-27 09:25:00,66.37,66.4,66.3346,66.38,1600
2026-04-27 09:30:00,66.345,66.44,66.17,66.205,115187
2026-04-27 09:35:00,66.2,66.355,66.18,66.345,35405
2026-04-27 09:40:00,66.355,66.39,66.2799,66.37,30387
2026-04-27 09:45:00,66.33,66.34,66.21,66.28,46235
2026-04-27 09:50:00,66.27,66.35,66.1001,66.345,100357
2026-04-27 09:55:00,66.345,66.365,66.24,66.275,23180
2026-04-27 10:00:00,66.27,66.35,66.25,66.34,20877
2026-04-27 10:05:00,66.31,66.355,66.27,66.305,35835
2026-04-27 10:10:00,66.3,66.315,66.235,66.295,17385
2026-04-27 10:15:00,66.308,66.31,66.215,66.245,19097
2026-04-27 10:20:00,66.26,66.345,66.24,66.345,10410
2026-04-27 10:25:00,66.36,66.45,66.36,66.45,9450
2026-04-27 10:30:00,66.46,66.46,66.34,66.42,22230
2026-04-27 10:35:00,66.43,66.54,66.43,66.5051,26144
2026-04-27 10:40:00,66.4999,66.54,66.43,66.5295,14533
2026-04-27 10:45:00,66.5308,66.54,66.49,66.535,11514
2026-04-27 10:50:00,66.53,66.565,66.4728,66.495,7232
2026-04-27 10:55:00,66.5,66.56,66.49,66.55,18081
2026-04-27 11:00:00,66.57,66.59,66.4,66.4,17092
2026-04-27 11:05:00,66.39,66.465,66.38,66.45,14815
2026-04-27 11:10:00,66.435,66.44,66.3708,66.385,7298
2026-04-27 11:15:00,66.375,66.435,66.36,66.375,10668
2026-04-27 11:20:00,66.38,66.38,66.29,66.32,7723
2026-04-27 11:25:00,66.29,66.39,66.29,66.39,12209
2026-04-27 11:30:00,66.3896,66.42,66.36,66.3999,6470
2026-04-27 11:35:00,66.405,66.4198,66.375,66.41,4546
2026-04-27 11:40:00,66.42,66.455,66.403,66.41,6500
2026-04-27 11:45:00,66.39,66.42,66.375,66.41,6939
2026-04-27 11:50:00,66.4,66.41,66.38,66.395,6214
2026-04-27 11:55:00,66.41,66.435,66.395,66.43,3950
2026-04-27 12:00:00,66.48,66.51,66.46,66.51,26606
2026-04-27 12:05:00,66.53,66.58,66.53,66.57,2874
2026-04-27 12:10:00,66.5693,66.62,66.565,66.62,19116
2026-04-27 12:15:00,66.6225,66.66,66.62,66.65,12719
2026-04-27 12:20:00,66.6559,66.66,66.62,66.63,9735
2026-04-27 12:25:00,66.655,66.675,66.65,66.675,6824
2026-04-27 12:30:00,66.6701,66.76,66.6701,66.755,17654
2026-04-27 12:35:00,66.755,66.805,66.755,66.8,22649
2026-04-27 12:40:00,66.805,66.84,66.8,66.835,10426
2026-04-27 12:45:00,66.83,66.8553,66.815,66.85,16148
2026-04-27 12:50:00,66.85,66.855,66.82,66.83,11734
2026-04-27 12:55:00,66.81,66.82,66.78,66.82,15631
2026-04-27 13:00:00,66.82,66.86,66.82,66.855,74511
2026-04-27 13:05:00,66.855,66.91,66.85,66.91,48603
2026-04-27 13:10:00,66.92,66.99,66.905,66.985,26224
2026-04-27 13:15:00,66.99,67,66.895,66.92,44775
2026-04-27 13:20:00,66.92,67.01,66.9,66.99,83383
2026-04-27 13:25:00,66.99,67.045,66.99,67.0373,12233
2026-04-27 13:30:00,67.035,67.145,67.035,67.145,35430
2026-04-27 13:35:00,67.15,67.15,67.085,67.085,39573
2026-04-27 13:40:00,67.0851,67.109,67.085,67.105,10076
2026-04-27 13:45:00,67.11,67.11,67.075,67.105,16207
2026-04-27 13:50:00,67.1099,67.125,67.08,67.095,25165
2026-04-27 13:55:00,67.11,67.15,67.105,67.15,5570
2026-04-27 14:00:00,67.125,67.16,67.125,67.1298,20495
2026-04-27 14:05:00,67.14,67.16,67.12,67.15,22787
2026-04-27 14:10:00,67.145,67.16,67.125,67.14,21635
2026-04-27 14:15:00,67.15,67.18,67.14,67.165,10136
2026-04-27 14:20:00,67.17,67.17,67.1357,67.15,10739
2026-04-27 14:25:00,67.16,67.16,67.12,67.14,7995
2026-04-27 14:30:00,67.14,67.165,67.135,67.145,137801
2026-04-27 14:35:00,67.12,67.135,67.105,67.11,16820
2026-04-27 14:40:00,67.11,67.12,67.09,67.095,26279
2026-04-27 14:45:00,67.095,67.095,67.05,67.06,19983
2026-04-27 14:50:00,67.055,67.08,67.005,67.005,19548
2026-04-27 14:55:00,67.005,67.06,67,67.04,82709
2026-04-27 15:00:00,67.04,67.065,67.015,67.025,120984
2026-04-27 15:05:00,67.03,67.035,66.99,67.005,149049
2026-04-27 15:10:00,67.005,67.06,66.99,67.06,99171
2026-04-27 15:15:00,67.06,67.085,67.055,67.08,18110
2026-04-27 15:20:00,67.07,67.08,67.034,67.07,15885
2026-04-27 15:25:00,67.065,67.08,67.035,67.06,25721
2026-04-27 15:30:00,67.07,67.115,67.065,67.115,8527
2026-04-27 15:35:00,67.105,67.12,67.05,67.09,23673
2026-04-27 15:40:00,67.11,67.12,67.09,67.12,42880
2026-04-27 15:45:00,67.115,67.15,67.115,67.1299,74830
2026-04-27 15:50:00,67.125,67.14,67.06,67.08,78931
2026-04-27 15:55:00,67.08,67.1053,67.055,67.08,120428
2026-04-27 16:00:00,67.08,67.1,67.075,67.1,76626
2026-04-27 16:05:00,67.06,67.0915,67.02,67.02,872
2026-04-27 16:10:00,67.069,67.099,67.069,67.099,900
2026-04-27 16:20:00,67.0589,67.0589,67.0589,67.0589,2000
2026-04-27 16:30:00,67.05,67.05,67.05,67.05,232
2026-04-27 16:35:00,67.0067,67.0939,67.0067,67.0939,965
2026-04-27 16:40:00,67.07,67.07,67.07,67.07,182
2026-04-27 17:05:00,67.0897,67.1,67.0865,67.1,654
2026-04-27 17:10:00,67.1,67.1,67.1,67.1,200
2026-04-27 17:20:00,67.0982,67.1,67.0982,67.1,1100
2026-04-27 17:30:00,67.0993,67.0993,67.09,67.09,1714
2026-04-27 17:35:00,67.1,67.17,67.1,67.17,2330
2026-04-27 17:40:00,67.178,67.178,67.13,67.13,900
2026-04-27 17:50:00,67.1682,67.1682,67.14,67.14,398
2026-04-27 17:55:00,67.1694,67.1694,67.15,67.15,1600
2026-04-27 18:00:00,67.169,67.17,67.169,67.17,792
2026-04-27 18:05:00,67.13,67.13,67.13,67.13,250
2026-04-27 18:20:00,67.21,67.22,67.21,67.22,304
2026-04-27 18:25:00,67.23,67.23,67.23,67.23,243
2026-04-27 18:30:00,67.21,67.25,67.1801,67.25,2867
2026-04-27 18:35:00,67.1608,67.2,67.1608,67.1717,600
2026-04-27 18:45:00,67.2,67.2,67.2,67.2,100
2026-04-27 18:50:00,67.23,67.23,67.2,67.2,571
2026-04-27 18:55:00,67.22,67.2397,67.2,67.23,2211
2026-04-27 19:00:00,67.23,67.23,67.23,67.23,634
2026-04-27 19:05:00,67.2498,67.25,67.2383,67.2383,2676
2026-04-27 19:10:00,67.23,67.24,67.215,67.24,349
2026-04-27 19:15:00,67.25,67.25,67.25,67.25,900
2026-04-27 19:20:00,67.25,67.26,67.25,67.26,338
2026-04-27 19:35:00,67.28,67.29,67.28,67.29,200
2026-04-27 19:40:00,67.28,67.28,67.28,67.28,197
2026-04-27 19:45:00,67.2566,67.2566,67.2566,67.2566,100
2026-04-27 19:50:00,67.28,67.28,67.22,67.25,3870
2026-04-27 19:55:00,67.29,67.3,67.29,67.3,1291
2026-04-28 04:00:00,66.99,67.03,66.73,66.83,18187
2026-04-28 04:05:00,66.79,66.85,66.78,66.85,777
2026-04-28 04:10:00,66.87,66.92,66.77,66.77,1554
2026-04-28 04:15:00,66.77,66.77,66.77,66.77,110
2026-04-28 04:40:00,67,67,67,67,197
2026-04-28 05:45:00,66.77,66.77,66.77,66.77,910
2026-04-28 05:50:00,66.69,66.69,66.69,66.69,100
2026-04-28 06:00:00,66.64,66.8,66.64,66.8,1113
2026-04-28 06:20:00,66.83,66.93,66.8,66.8,405
2026-04-28 06:40:00,66.73,66.73,66.73,66.73,600
2026-04-28 06:45:00,66.72,66.72,66.69,66.7,1200
2026-04-28 06:50:00,66.7,66.71,66.7,66.71,1627
2026-04-28 07:00:00,66.77,66.88,66.77,66.88,5150
2026-04-28 07:05:00,66.75,66.75,66.6,66.6,3809
2026-04-28 07:10:00,66.659,66.67,66.6,66.67,870
2026-04-28 07:15:00,66.6,66.6,66.56,66.56,2048
2026-04-28 07:20:00,66.51,66.51,66.5,66.5,240
2026-04-28 07:25:00,66.4994,66.4994,66.4,66.44,2600
2026-04-28 07:30:00,66.43,66.45,66.4,66.45,9064
2026-04-28 07:35:00,66.42,66.42,66.2003,66.2003,3446
2026-04-28 07:40:00,66.2016,66.3984,66.2016,66.3984,1304
2026-04-28 07:45:00,66.4602,66.4602,66.38,66.38,3100
2026-04-28 07:50:00,66.25,66.2525,66.15,66.15,1237
2026-04-28 07:55:00,66.25,66.25,66.25,66.25,1245
2026-04-28 08:00:00,66.17,66.2387,66.17,66.2387,2100
2026-04-28 08:05:00,66.24,66.26,66.2,66.26,4778
2026-04-28 08:10:00,66.2131,66.2131,66.18,66.19,5060
2026-04-28 08:15:00,66.25,66.27,66.2163,66.2163,2075
2026-04-28 08:20:00,66.2,66.27,66.18,66.18,1064
2026-04-28 08:25:00,66.18,66.18,66.16,66.16,7467
2026-04-28 08:30:00,66.1124,66.16,66.1124,66.16,600
2026-04-28 08:35:00,66.1892,66.1892,66.18,66.18,1247
2026-04-28 08:40:00,66.18,66.2351,66.18,66.2351,449
2026-04-28 08:45:00,66.19,66.19,66.19,66.19,100
2026-04-28 08:50:00,66.1195,66.32,66.1195,66.2509,1750
2026-04-28 08:55:00,66.32,66.32,66.3,66.3,200
2026-04-28 09:00:00,66.2701,66.4,66.2701,66.3964,5540
2026-04-28 09:05:00,66.36,66.3721,66.299,66.299,4080
2026-04-28 09:10:00,66.2818,66.35,66.2617,66.35,1677
2026-04-28 09:15:00,66.33,66.33,66.33,66.33,174
2026-04-28 09:20:00,66.35,66.39,66.2669,66.39,1700
2026-04-28 09:25:00,66.4,66.5,66.4,66.5,5490
2026-04-28 09:30:00,66.55,66.6,66.29,66.38,95454
2026-04-28 09:35:00,66.39,66.65,66.375,66.61,91436
2026-04-28 09:40:00,66.61,66.655,66.53,66.645,37025
2026-04-28 09:45:00,66.64,66.885,66.63,66.8309,86488
2026-04-28 09:50:00,66.83,66.9002,66.75,66.75,37641
2026-04-28 09:55:00,66.75,66.8,66.6,66.78,22959
2026-04-28 10:00:00,66.76,66.91,66.74,66.83,44556
2026-04-28 10:05:00,66.83,67.06,66.82,66.984,56717
2026-04-28 10:10:00,66.97,66.99,66.8818,66.96,155583
2026-04-28 10:15:00,66.97,67,66.91,66.91,33152
2026-04-28 10:20:00,66.905,66.97,66.86,66.89,65127
2026-04-28 10:25:00,66.86,66.965,66.85,66.91,10120
2026-04-28 10:30:00,66.9149,66.975,66.8807,66.91,26859
2026-04-28 10:35:00,66.92,66.92,66.615,66.69,48479
2026-04-28 10:40:00,66.67,66.73,66.595,66.73,27124
2026-04-28 10:45:00,66.735,66.76,66.62,66.625,52419
2026-04-28 10:50:00,66.62,66.63,66.51,66.53,74616
2026-04-28 10:55:00,66.515,66.65,66.49,66.65,51186
2026-04-28 11:00:00,66.65,66.725,66.64,66.67,32762
2026-04-28 11:05:00,66.68,66.7,66.56,66.605,21709
2026-04-28 11:10:00,66.62,66.73,66.62,66.73,75662
2026-04-28 11:15:00,66.74,66.74,66.64,66.68,42488
2026-04-28 11:20:00,66.68,66.68,66.55,66.57,25447
2026-04-28 11:25:00,66.58,66.58,66.49,66.54,72556
2026-04-28 11:30:00,66.53,66.54,66.5,66.54,17810
2026-04-28 11:35:00,66.5351,66.57,66.5034,66.565,9100
2026-04-28 11:40:00,66.555,66.585,66.535,66.545,11296
2026-04-28 11:45:00,66.52,66.56,66.4702,66.515,8753
2026-04-28 11:50:00,66.51,66.555,66.5001,66.555,9029
2026-04-28 11:55:00,66.54,66.57,66.5001,66.57,8111
2026-04-28 12:00:00,66.58,66.6091,66.555,66.6091,10842
2026-04-28 12:05:00,66.585,66.6,66.54,66.58,6621
2026-04-28 12:10:00,66.565,66.59,66.555,66.578,6160
2026-04-28 12:15:00,66.56,66.61,66.555,66.61,8348
2026-04-28 12:20:00,66.63,66.655,66.625,66.63,4303
2026-04-28 12:25:00,66.625,66.63,66.595,66.62,9372
2026-04-28 12:30:00,66.62,66.64,66.59,66.595,4044
2026-04-28 12:35:00,66.5792,66.59,66.545,66.58,12873
2026-04-28 12:40:00,66.59,66.6,66.555,66.59,23229
2026-04-28 12:45:00,66.59,66.64,66.585,66.6,16858
2026-04-28 12:50:00,66.62,66.7198,66.61,66.71,22321
2026-04-28 12:55:00,66.7199,66.725,66.665,66.69,8577
2026-04-28 13:00:00,66.71,66.72,66.6,66.62,7391
2026-04-28 13:05:00,66.61,66.61,66.575,66.605,5805
2026-04-28 13:10:00,66.605,66.605,66.54,66.58,13636
2026-04-28 13:15:00,66.565,66.59,66.54,66.555,9110
2026-04-28 13:20:00,66.56,66.578,66.55,66.56,12849
2026-04-28 13:25:00,66.5793,66.635,66.5699,66.62,5537
2026-04-28 13:30:00,66.6299,66.655,66.62,66.63,4146
2026-04-28 13:35:00,66.6537,66.6537,66.63,66.635,3101
2026-04-28 13:40:00,66.6501,66.66,66.63,66.6391,3824
2026-04-28 13:45:00,66.64,66.675,66.64,66.655,13624
2026-04-28 13:50:00,66.65,66.675,66.645,66.655,15046
2026-04-28 13:55:00,66.655,66.7057,66.655,66.695,9909
2026-04-28 14:00:00,66.705,66.705,66.68,66.695,5794
2026-04-28 14:05:00,66.69,66.76,66.68,66.74,21506
2026-04-28 14:10:00,66.735,66.74,66.715,66.74,6258
2026-04-28 14:15:00,66.75,66.78,66.741,66.78,6775
2026-04-28 14:20:00,66.785,66.85,66.78,66.815,21381
2026-04-28 14:25:00,66.815,66.836,66.8,66.8301,14311
2026-04-28 14:30:00,66.835,66.84,66.78,66.78,9746
2026-04-28 14:35:00,66.78,66.81,66.77,66.805,5879
2026-04-28 14:40:00,66.81,66.8599,66.8045,66.8599,9687
2026-04-28 14:45:00,66.86,66.86,66.825,66.855,8700
2026-04-28 14:50:00,66.845,66.88,66.84,66.875,11922
2026-04-28 14:55:00,66.875,66.875,66.825,66.865,20172
2026-04-28 15:00:00,66.865,66.885,66.85,66.86,11466
2026-04-28 15:05:00,66.87,66.93,66.87,66.9299,9942
2026-04-28 15:10:00,66.93,66.98,66.92,66.92,25642
2026-04-28 15:15:00,66.91,66.92,66.865,66.87,9512
2026-04-28 15:20:00,66.86,66.88,66.84,66.86,26182
2026-04-28 15:25:00,66.88,66.9,66.875,66.9,28096
2026-04-28 15:30:00,66.91,66.9397,66.88,66.89,15051
2026-04-28 15:35:00,66.88,66.9,66.86,66.895,10751
2026-04-28 15:40:00,66.9,66.925,66.88,66.892,22111
2026-04-28 15:45:00,66.895,66.9,66.865,66.885,26367
2026-04-28 15:50:00,66.89,66.955,66.85,66.87,96731
2026-04-28 15:55:00,66.86,66.92,66.852,66.87,204530
2026-04-28 16:00:00,66.88,66.88,66.86,66.86,251947
2026-04-28 16:10:00,66.83,66.84,66.8262,66.8262,570
2026-04-28 16:20:00,66.83,66.83,66.8,66.82,1400
2026-04-28 16:25:00,66.8425,66.8425,66.7068,66.7068,1200
2026-04-28 16:30:00,66.81,66.81,66.81,66.81,500
2026-04-28 16:35:00,66.761,66.761,66.761,66.761,543
2026-04-28 16:55:00,66.7554,66.77,66.7554,66.77,300
2026-04-28 17:05:00,66.8,66.8,66.8,66.8,359
2026-04-28 17:10:00,66.8,66.8,66.76,66.76,300
2026-04-28 17:15:00,66.75,66.75,66.74,66.74,515
2026-04-28 17:20:00,66.8566,66.8566,66.8566,66.8566,250
2026-04-28 17:25:00,66.78,66.8566,66.7,66.8566,724
2026-04-28 17:50:00,66.77,66.77,66.77,66.77,201
2026-04-28 18:00:00,66.78,66.81,66.78,66.81,1600
2026-04-28 18:10:00,66.83,66.83,66.83,66.83,199
2026-04-28 18:25:00,66.81,66.81,66.81,66.81,100
2026-04-28 18:30:00,66.8,66.8,66.8,66.8,230
2026-04-28 18:40:00,66.82,66.82,66.82,66.82,100
2026-04-28 18:45:00,66.83,66.83,66.81,66.81,820
2026-04-28 18:50:00,66.81,66.81,66.81,66.81,306
2026-04-28 19:00:00,66.8031,66.81,66.8031,66.81,950
2026-04-28 19:10:00,66.82,66.82,66.81,66.81,455
2026-04-28 19:15:00,66.81,66.81,66.8035,66.8035,250
2026-04-28 19:20:00,66.81,66.81,66.81,66.81,258
2026-04-28 19:35:00,66.803,66.8102,66.8,66.8102,300
2026-04-28 19:45:00,66.81,66.81,66.81,66.81,550
2026-04-28 19:50:00,66.85,66.85,66.85,66.85,392
2026-04-28 19:55:00,66.859,66.859,66.8202,66.8202,842
2026-04-29 04:00:00,67.04,67.06,66.97,66.99,6741
2026-04-29 04:05:00,66.84,67.04,66.84,67.04,1180
2026-04-29 04:25:00,66.77,66.77,66.77,66.77,200
2026-04-29 04:45:00,66.86,66.9,66.86,66.9,13789
2026-04-29 04:55:00,66.13,66.73,66.1,66.68,13804
2026-04-29 05:05:00,66.86,66.86,66.85,66.86,3599
2026-04-29 05:15:00,66.92,66.92,66.92,66.92,349
2026-04-29 05:20:00,66.91,66.91,66.91,66.91,100
2026-04-29 05:25:00,66.95,66.95,66.95,66.95,140
2026-04-29 05:30:00,66.88,66.95,66.88,66.95,1431
2026-04-29 05:40:00,66.7,66.7,66.7,66.7,1200
2026-04-29 06:00:00,66.83,66.83,66.83,66.83,144
2026-04-29 06:05:00,66.76,66.76,66.76,66.76,200
2026-04-29 06:20:00,66.83,66.83,66.83,66.83,500
2026-04-29 06:35:00,66.84,66.84,66.84,66.84,157
2026-04-29 06:40:00,66.76,66.76,66.76,66.76,308
2026-04-29 06:50:00,66.8,66.8,66.8,66.8,120
2026-04-29 06:55:00,66.7611,66.79,66.7611,66.79,550
2026-04-29 07:00:00,66.8,66.8362,66.798,66.8362,40153
2026-04-29 07:05:00,66.78,66.78,66.75,66.7638,5784
2026-04-29 07:10:00,66.79,66.818,66.779,66.818,3750
2026-04-29 07:15:00,66.77,66.77,66.77,66.77,1180
2026-04-29 07:20:00,66.7478,66.7518,66.7478,66.7518,1850
2026-04-29 07:25:00,66.7583,66.7583,66.74,66.74,389
2026-04-29 07:30:00,66.73,66.75,66.72,66.75,5530
2026-04-29 07:35:00,66.729,66.7667,66.729,66.7667,3666
2026-04-29 07:40:00,66.73,66.73,66.68,66.68,2657
2026-04-29 07:45:00,66.68,66.68,66.6344,66.6344,360
2026-04-29 07:50:00,66.72,66.73,66.72,66.73,1924
2026-04-29 07:55:00,66.7062,66.74,66.7062,66.74,1140
2026-04-29 08:00:00,66.7627,66.7627,66.7,66.7,1035
2026-04-29 08:05:00,66.7,66.74,66.7,66.73,500
2026-04-29 08:10:00,66.73,66.74,66.73,66.74,300
2026-04-29 08:30:00,66.72,66.72,66.61,66.61,509
2026-04-29 08:40:00,66.64,66.64,66.64,66.64,1498
2026-04-29 08:50:00,66.63,66.63,66.63,66.63,213
2026-04-29 08:55:00,66.61,66.61,66.61,66.61,196
2026-04-29 09:05:00,66.63,66.68,66.63,66.67,550
2026-04-29 09:10:00,66.6822,66.6822,66.6822,66.6822,300
2026-04-29 09:15:00,66.67,66.69,66.67,66.68,2033
2026-04-29 09:20:00,66.6204,66.6204,66.6204,66.6204,100
2026-04-29 09:25:00,66.61,66.6297,66.4785,66.4785,23096
2026-04-29 09:30:00,66.5,66.51,66.17,66.25,101400
2026-04-29 09:35:00,66.26,66.385,66.18,66.38,78686
2026-04-29 09:40:00,66.39,66.46,66.3643,66.45,17381
2026-04-29 09:45:00,66.385,66.6,66.37,66.6,27961
2026-04-29 09:50:00,66.6,66.76,66.59,66.7599,20236
2026-04-29 09:55:00,66.76,66.785,66.685,66.75,27366
2026-04-29 10:00:00,66.7,66.71,66.575,66.71,14619
2026-04-29 10:05:00,66.695,66.7378,66.645,66.68,19255
2026-04-29 10:10:00,66.685,66.79,66.66,66.785,55893
2026-04-29 10:15:00,66.77,66.8,66.725,66.79,22322
2026-04-29 10:20:00,66.7899,66.8,66.705,66.8,21850
2026-04-29 10:25:00,66.815,66.935,66.81,66.935,22494
2026-04-29 10:30:00,66.93,67.005,66.825,66.99,24926
2026-04-29 10:35:00,67,67.035,66.97,66.985,28067
2026-04-29 10:40:00,66.959,66.99,66.9,66.99,18187
2026-04-29 10:45:00,67.01,67.01,66.92,66.935,9773
2026-04-29 10:50:00,66.93,66.945,66.895,66.92,6996
2026-04-29 10:55:00,66.895,66.9136,66.86,66.875,25839
2026-04-29 11:00:00,66.875,66.88,66.8,66.8,12505
2026-04-29 11:05:00,66.795,66.8234,66.725,66.725,9854
2026-04-29 11:10:00,66.7007,66.73,66.64,66.64,39099
2026-04-29 11:15:00,66.63,66.73,66.615,66.705,8845
2026-04-29 11:20:00,66.72,66.76,66.7,66.755,5966
2026-04-29 11:25:00,66.76,66.805,66.7439,66.79,15196
2026-04-29 11:30:00,66.8,66.84,66.77,66.84,20612
2026-04-29 11:35:00,66.85,66.85,66.8,66.815,15407
2026-04-29 11:40:00,66.815,66.815,66.7601,66.765,6861
2026-04-29 11:45:00,66.77,66.835,66.77,66.79,24952
2026-04-29 11:50:00,66.79,66.81,66.55,66.565,89656
2026-04-29 11:55:00,66.58,66.625,66.54,66.62,20617
2026-04-29 12:00:00,66.615,66.64,66.605,66.625,12464
2026-04-29 12:05:00,66.605,66.67,66.605,66.635,7538
2026-04-29 12:10:00,66.638,66.68,66.63,66.635,7096
2026-04-29 12:15:00,66.63,66.665,66.5,66.5,12733
2026-04-29 12:20:00,66.485,66.55,66.485,66.53,25541
2026-04-29 12:25:00,66.515,66.53,66.42,66.43,173881
2026-04-29 12:30:00,66.43,66.43,66.28,66.305,68700
2026-04-29 12:35:00,66.31,66.34,66.255,66.34,39071
2026-04-29 12:40:00,66.36,66.425,66.355,66.4101,7505
2026-04-29 12:45:00,66.395,66.435,66.395,66.435,25046
2026-04-29 12:50:00,66.435,66.4799,66.415,66.435,12481
2026-04-29 12:55:00,66.425,66.445,66.39,66.41,3097
2026-04-29 13:00:00,66.42,66.425,66.36,66.405,29413
2026-04-29 13:05:00,66.405,66.495,66.405,66.495,8329
2026-04-29 13:10:00,66.51,66.52,66.475,66.49,4662
2026-04-29 13:15:00,66.475,66.515,66.455,66.5,8982
2026-04-29 13:20:00,66.5,66.57,66.5,66.535,19777
2026-04-29 13:25:00,66.5203,66.54,66.495,66.54,8020
2026-04-29 13:30:00,66.55,66.58,66.525,66.545,25944
2026-04-29 13:35:00,66.545,66.545,66.515,66.535,3937
2026-04-29 13:40:00,66.535,66.56,66.525,66.56,9256
2026-04-29 13:45:00,66.57,66.625,66.555,66.595,27855
2026-04-29 13:50:00,66.61,66.65,66.565,66.57,18376
2026-04-29 13:55:00,66.565,66.5999,66.565,66.58,8990
2026-04-29 14:00:00,66.59,66.595,66.455,66.47,63010
2026-04-29 14:05:00,66.48,66.53,66.4,66.41,40008
2026-04-29 14:10:00,66.39,66.49,66.376,66.485,14552
2026-04-29 14:15:00,66.49,66.59,66.49,66.5694,32921
2026-04-29 14:20:00,66.565,66.615,66.535,66.545,21839
2026-04-29 14:25:00,66.54,66.54,66.4799,66.485,28280
2026-04-29 14:30:00,66.48,66.505,66.415,66.48,23678
2026-04-29 14:35:00,66.485,66.65,66.485,66.52,92193
2026-04-29 14:40:00,66.5,66.53,66.46,66.47,29796
2026-04-29 14:45:00,66.455,66.615,66.43,66.6041,25668
2026-04-29 14:50:00,66.615,66.67,66.605,66.605,9638
2026-04-29 14:55:00,66.615,66.7511,66.615,66.75,20911
2026-04-29 15:00:00,66.76,66.77,66.685,66.685,24745
2026-04-29 15:05:00,66.675,66.685,66.63,66.6491,152911
2026-04-29 15:10:00,66.645,66.74,66.635,66.74,42284
2026-04-29 15:15:00,66.75,66.785,66.745,66.76,34091
2026-04-29 15:20:00,66.755,66.765,66.725,66.765,25907
2026-04-29 15:25:00,66.77,66.775,66.715,66.725,26398
2026-04-29 15:30:00,66.7251,66.749,66.605,66.635,22124
2026-04-29 15:35:00,66.62,66.68,66.605,66.655,63462
2026-04-29 15:40:00,66.655,66.66,66.565,66.565,52988
2026-04-29 15:45:00,66.57,66.61,66.5601,66.585,91633
2026-04-29 15:50:00,66.585,66.59,66.52,66.585,162831
2026-04-29 15:55:00,66.58,66.61,66.505,66.61,145594
2026-04-29 16:00:00,66.58,67,66.06,66.2886,410162
2026-04-29 16:05:00,66.3663,66.75,66.1,66.27,6959
2026-04-29 16:10:00,66.5617,66.5617,65.302,65.302,25824
2026-04-29 16:15:00,65.345,65.724,65.112,65.724,33874
2026-04-29 16:20:00,65.75,66.2217,65.75,66.13,6894
2026-04-29 16:25:00,66.01,66.24,66.01,66.15,16770
2026-04-29 16:30:00,66.25,66.2779,65.8959,66.1,2555
2026-04-29 16:35:00,66.198,66.27,66.19,66.27,6315
2026-04-29 16:40:00,66.27,66.34,65.9248,66.2,14430
2026-04-29 16:45:00,66.196,66.25,66.196,66.25,2835
2026-04-29 16:50:00,66,66.01,66,66,1991
2026-04-29 16:55:00,66,66,65.79,65.8,7014
2026-04-29 17:00:00,65.81,65.81,65.5297,65.63,2640
2026-04-29 17:05:00,65.8,65.8,65.67,65.67,800
2026-04-29 17:10:00,65.85,65.87,65.6669,65.6669,2467
2026-04-29 17:15:00,65.7,65.92,65.7,65.92,400
2026-04-29 17:20:00,66,66.2566,66,66.2566,1350
2026-04-29 17:25:00,65.9346,65.9346,65.9346,65.9346,1000
2026-04-29 17:30:00,66,66,66,66,200
2026-04-29 17:35:00,66.1429,66.1429,66.14,66.14,880
2026-04-29 17:40:00,66.3,66.46,66.3,66.46,500
2026-04-29 17:45:00,66.46,66.47,66.35,66.46,1971
2026-04-29 17:50:00,66.28,66.4,66.28,66.4,2000
2026-04-29 17:55:00,66,66.58,66,66.58,7084
2026-04-29 18:00:00,66.56,67,66.56,67,10774
2026-04-29 18:05:00,66.75,67.15,66.71,67.15,16842
2026-04-29 18:10:00,67.21,67.25,67.08,67.25,7172
2026-04-29 18:15:00,67.34,67.3994,67.34,67.38,6772
2026-04-29 18:20:00,67.38,67.39,67.17,67.17,4788
2026-04-29 18:25:00,67.24,67.3382,67.04,67.3382,2749
2026-04-29 18:30:00,67.19,67.2,67.18,67.18,3304
2026-04-29 18:35:00,67.19,67.3699,67.19,67.325,1095
2026-04-29 18:40:00,67.12,67.15,67.12,67.15,900
2026-04-29 18:45:00,67.24,67.24,67.18,67.18,800
2026-04-29 18:50:00,67.18,67.18,67.09,67.09,950
2026-04-29 18:55:00,67.1002,67.1002,67.0796,67.0796,4649
2026-04-29 19:00:00,67.02,67.05,67.02,67.05,1843
2026-04-29 19:05:00,67,67,67,67,198
2026-04-29 19:10:00,66.8916,67,66.8916,67,816
2026-04-29 19:15:00,66.96,67,66.87,66.87,700
2026-04-29 19:20:00,66.8862,66.91,66.8862,66.91,763
2026-04-29 19:25:00,66.98,67,66.91,67,400
2026-04-29 19:30:00,66.9243,66.96,66.9243,66.96,900
2026-04-29 19:35:00,67,67.0635,67,67.0635,3518
2026-04-29 19:40:00,67.04,67.1692,67.04,67.09,1651
2026-04-29 19:45:00,67.0156,67.102,67.0156,67.09,2462
2026-04-29 19:50:00,67.03,67.14,67.03,67.14,1452
2026-04-29 19:55:00,67.04,67.04,67,67,480
2026-04-30 04:00:00,66.29,66.72,66.1,66.7,8321
2026-04-30 04:05:00,66.6,66.6,66.6,66.6,100
2026-04-30 04:10:00,66.6,66.6,66.6,66.6,220
2026-04-30 04:40:00,66.6,66.6,66.55,66.55,760
2026-04-30 04:45:00,66.681,66.681,66.681,66.681,283
2026-04-30 04:50:00,66.67,66.67,66.67,66.67,119
2026-04-30 05:00:00,66.55,66.55,66.55,66.55,820
2026-04-30 05:10:00,66.51,66.51,66.51,66.51,100
2026-04-30 05:25:00,66.29,66.29,66.29,66.29,666
2026-04-30 05:35:00,66.61,66.72,66.61,66.72,520
2026-04-30 05:45:00,66.59,66.59,66.59,66.59,101
2026-04-30 06:25:00,66.6,66.6,66.6,66.6,100
2026-04-30 06:30:00,66.6,66.6,66.6,66.6,795
2026-04-30 06:35:00,66.56,66.66,66.52,66.52,600
2026-04-30 06:45:00,66.4,66.4,66.4,66.4,160
2026-04-30 06:50:00,66.4,66.4,66.4,66.4,160
2026-04-30 07:00:00,66.5,66.65,66.4,66.5,6011
2026-04-30 07:05:00,66.6175,66.6175,66.6175,66.6175,120
2026-04-30 07:10:00,66.62,66.62,66.62,66.62,500
2026-04-30 07:15:00,66.6408,66.67,66.6408,66.67,750
2026-04-30 07:20:00,66.69,66.6923,66.65,66.6923,3275
2026-04-30 07:25:00,66.71,66.71,66.7,66.7,2072
2026-04-30 07:30:00,66.78,66.78,66.78,66.78,6100
2026-04-30 07:35:00,66.78,66.78,66.7782,66.7782,600
2026-04-30 07:40:00,66.65,66.76,66.64,66.74,1427
2026-04-30 07:45:00,66.68,66.7,66.68,66.7,300
2026-04-30 07:50:00,66.7,66.7,66.7,66.7,100
2026-04-30 07:55:00,66.63,66.63,66.63,66.63,150
2026-04-30 08:05:00,66.71,66.76,66.71,66.74,1053
2026-04-30 08:10:00,66.76,66.76,66.75,66.75,730
2026-04-30 08:15:00,66.81,66.94,66.81,66.94,398
2026-04-30 08:20:00,66.92,66.92,66.89,66.89,298
2026-04-30 08:30:00,67,67.04,66.89,66.89,6288
2026-04-30 08:35:00,66.93,66.93,66.93,66.93,100
2026-04-30 08:40:00,66.92,66.92,66.88,66.894,1504
2026-04-30 08:45:00,66.86,66.9,66.86,66.9,500
2026-04-30 08:50:00,66.88,66.92,66.88,66.92,1523
2026-04-30 08:55:00,66.94,66.94,66.94,66.94,200
2026-04-30 09:00:00,66.98,66.98,66.94,66.98,336
2026-04-30 09:05:00,66.95,67,66.89,66.99,1026
2026-04-30 09:10:00,66.85,66.99,66.85,66.85,1350
2026-04-30 09:15:00,66.809,66.86,66.809,66.86,249
2026-04-30 09:20:00,66.88,67,66.88,67,1721
2026-04-30 09:25:00,66.94,67.02,66.77,66.8,10403
2026-04-30 09:30:00,66.705,66.82,65.9901,66.01,220133
2026-04-30 09:35:00,65.995,66,65.6,65.6,190766
2026-04-30 09:40:00,65.59,65.73,65.38,65.73,176630
2026-04-30 09:45:00,65.71,65.78,65.4,65.6801,101311
2026-04-30 09:50:00,65.675,65.75,65.35,65.35,142699
2026-04-30 09:55:00,65.33,65.385,65.24,65.33,99769
2026-04-30 10:00:00,65.34,65.5067,65.33,65.45,72814
2026-04-30 10:05:00,65.4599,65.52,65.18,65.255,100274
2026-04-30 10:10:00,65.25,65.34,65.16,65.285,76041
2026-04-30 10:15:00,65.29,65.29,64.94,65.035,165651
2026-04-30 10:20:00,65.03,65.175,65.03,65.08,100476
2026-04-30 10:25:00,65.07,65.095,64.89,65.09,196262
2026-04-30 10:30:00,65.09,65.22,65.01,65.06,74063
2026-04-30 10:35:00,65.065,65.13,64.92,64.945,42327
2026-04-30 10:40:00,64.95,65.18,64.95,65.135,42652
2026-04-30 10:45:00,65.145,65.32,65.145,65.22,102704
2026-04-30 10:50:00,65.215,65.46,65.19,65.45,59988
2026-04-30 10:55:00,65.44,65.59,65.44,65.54,89108
2026-04-30 11:00:00,65.54,65.705,65.54,65.64,76439
2026-04-30 11:05:00,65.62,65.665,65.5,65.665,65563
2026-04-30 11:10:00,65.68,65.69,65.61,65.69,77320
2026-04-30 11:15:00,65.695,65.72,65.595,65.625,22208
2026-04-30 11:20:00,65.625,65.64,65.52,65.585,33445
2026-04-30 11:25:00,65.585,65.62,65.52,65.5599,103396
2026-04-30 11:30:00,65.55,65.68,65.525,65.525,58926
2026-04-30 11:35:00,65.515,65.515,65.365,65.4,235123
2026-04-30 11:40:00,65.395,65.455,65.355,65.42,24761
2026-04-30 11:45:00,65.39,65.475,65.33,65.475,18236
2026-04-30 11:50:00,65.485,65.585,65.485,65.56,40849
2026-04-30 11:55:00,65.57,65.6,65.51,65.51,29174
2026-04-30 12:00:00,65.5,65.54,65.415,65.5101,32535
2026-04-30 12:05:00,65.51,65.62,65.51,65.53,210748
2026-04-30 12:10:00,65.5,65.695,65.5,65.695,44578
2026-04-30 12:15:00,65.675,65.7,65.635,65.7,17679
2026-04-30 12:20:00,65.71,65.73,65.615,65.615,28655
2026-04-30 12:25:00,65.59,65.62,65.56,65.56,43338
2026-04-30 12:30:00,65.57,65.665,65.57,65.6301,49849
2026-04-30 12:35:00,65.6207,65.6397,65.57,65.61,24484
2026-04-30 12:40:00,65.6,65.6,65.49,65.5,9329
2026-04-30 12:45:00,65.48,65.57,65.465,65.57,39169
2026-04-30 12:50:00,65.56,65.575,65.46,65.495,46458
2026-04-30 12:55:00,65.485,65.495,65.41,65.485,12746
2026-04-30 13:00:00,65.48,65.675,65.48,65.67,70642
2026-04-30 13:05:00,65.67,65.7307,65.65,65.73,49363
2026-04-30 13:10:00,65.73,65.825,65.71,65.81,24512
2026-04-30 13:15:00,65.81,65.81,65.7301,65.76,23063
2026-04-30 13:20:00,65.75,65.79,65.72,65.77,12692
2026-04-30 13:25:00,65.76,65.83,65.74,65.83,15695
2026-04-30 13:30:00,65.825,65.92,65.825,65.89,37501
2026-04-30 13:35:00,65.885,65.915,65.86,65.915,19033
2026-04-30 13:40:00,65.92,65.92,65.855,65.89,19067
2026-04-30 13:45:00,65.87,65.95,65.87,65.9193,95892
2026-04-30 13:50:00,65.915,65.945,65.9,65.915,32303
2026-04-30 13:55:00,65.92,66.06,65.92,66.06,18710
2026-04-30 14:00:00,66.055,66.25,66.04,66.24,85626
2026-04-30 14:05:00,66.234,66.265,66.16,66.175,33255
2026-04-30 14:10:00,66.165,66.23,66.145,66.2299,36236
2026-04-30 14:15:00,66.235,66.3,66.2,66.24,22557
2026-04-30 14:20:00,66.23,66.245,66.19,66.19,31168
2026-04-30 14:25:00,66.2,66.28,66.185,66.28,18980
2026-04-30 14:30:00,66.27,66.33,66.26,66.31,96852
2026-04-30 14:35:00,66.32,66.38,66.315,66.3501,20375
2026-04-30 14:40:00,66.35,66.3966,66.345,66.365,25496
2026-04-30 14:45:00,66.36,66.39,66.335,66.335,23470
2026-04-30 14:50:00,66.33,66.36,66.305,66.345,29975
2026-04-30 14:55:00,66.345,66.355,66.29,66.33,20668
2026-04-30 15:00:00,66.33,66.4,66.31,66.4,36556
2026-04-30 15:05:00,66.4,66.44,66.39,66.405,48115
2026-04-30 15:10:00,66.41,66.435,66.39,66.425,128878
2026-04-30 15:15:00,66.42,66.4402,66.39,66.4101,75878
2026-04-30 15:20:00,66.4,66.49,66.39,66.49,29232
2026-04-30 15:25:00,66.49,66.51,66.465,66.475,25770
2026-04-30 15:30:00,66.46,66.505,66.44,66.465,36888
2026-04-30 15:35:00,66.46,66.49,66.41,66.485,51546
2026-04-30 15:40:00,66.48,66.51,66.415,66.5,47385
2026-04-30 15:45:00,66.5,66.505,66.38,66.4,40231
2026-04-30 15:50:00,66.4,66.45,66.295,66.345,150170
2026-04-30 15:55:00,66.35,66.37,66.2,66.22,163701
2026-04-30 16:00:00,66.24,66.48,66.24,66.25,44556
2026-04-30 16:05:00,66.28,66.28,66.22,66.22,4394
2026-04-30 16:10:00,66.28,66.4631,66.28,66.4631,598
2026-04-30 16:15:00,66.25,66.25,66.25,66.25,128
2026-04-30 16:20:00,66.3353,66.3353,66.25,66.29,1105
2026-04-30 16:25:00,66.26,66.47,66.26,66.47,250
2026-04-30 16:30:00,66.23,66.36,66.2,66.36,579
2026-04-30 16:40:00,66.22,66.26,66.17,66.25,1946
2026-04-30 16:50:00,66.3,66.3,66.29,66.29,200
2026-04-30 16:55:00,66.27,66.27,66.27,66.27,117
2026-04-30 17:00:00,66.3,66.3295,66.3,66.3295,1200
2026-04-30 17:05:00,66.27,66.27,66.1101,66.1101,5493
2026-04-30 17:10:00,66.22,66.221,66.22,66.221,900
2026-04-30 17:15:00,66.18,66.18,66.18,66.18,120
2026-04-30 17:20:00,66.18,66.18,66.18,66.18,380
2026-04-30 17:25:00,66.21,66.22,66.21,66.21,1454
2026-04-30 17:30:00,66.3,66.41,66.3,66.36,4914
2026-04-30 17:35:00,66.58,66.734,66.55,66.734,1015
2026-04-30 17:40:00,66.5,66.55,66.5,66.55,600
2026-04-30 17:45:00,66.5,66.56,66.5,66.56,1277
2026-04-30 17:50:00,66.55,66.56,66.55,66.56,653
2026-04-30 18:05:00,66.7443,66.7443,66.62,66.62,274
2026-04-30 18:30:00,66.5,66.5,66.5,66.5,500
2026-04-30 18:55:00,66.45,66.45,66.45,66.45,100
2026-04-30 19:40:00,66.4,66.4,66.4,66.4,375
2026-04-30 19:45:00,66.53,66.53,66.53,66.53,158
2026-04-30 19:50:00,66.5519,66.5519,66.5519,66.5519,150
2026-05-01 04:00:00,66.43,66.7894,66.43,66.63,7408
2026-05-01 04:05:00,66.62,66.62,66.62,66.62,600
2026-05-01 04:15:00,66.59,66.59,66.59,66.59,500
2026-05-01 04:35:00,66.54,66.54,66.54,66.54,115
2026-05-01 05:05:00,66.51,66.51,66.5,66.5,432
2026-05-01 05:30:00,66.3,66.3,66.3,66.3,160
2026-05-01 06:05:00,66.51,66.51,66.5,66.5,1512
2026-05-01 06:10:00,66.47,66.47,66.47,66.47,195
2026-05-01 06:20:00,66.53,66.53,66.53,66.53,100
2026-05-01 06:55:00,66.44,66.46,66.44,66.46,899
2026-05-01 07:05:00,66.5,66.5,66.5,66.5,208
2026-05-01 07:10:00,66.41,66.41,66.41,66.41,400
2026-05-01 07:15:00,66.51,66.51,66.51,66.51,1148
2026-05-01 07:20:00,66.41,66.44,66.41,66.44,300
2026-05-01 07:25:00,66.4195,66.4195,66.4195,66.4195,100
2026-05-01 07:35:00,66.44,66.5,66.44,66.5,300
2026-05-01 07:45:00,66.46,66.495,66.46,66.495,204
2026-05-01 07:50:00,66.51,66.51,66.51,66.51,712
2026-05-01 07:55:00,66.54,66.54,66.54,66.54,100
2026-05-01 08:00:00,66.55,66.6,66.55,66.6,2067
2026-05-01 08:05:00,66.54,66.61,66.54,66.61,269
2026-05-01 08:10:00,66.63,66.65,66.55,66.55,643
2026-05-01 08:20:00,66.68,66.68,66.68,66.68,100
2026-05-01 08:25:00,66.67,66.67,66.66,66.66,200
2026-05-01 08:30:00,66.66,66.66,66.66,66.66,1135
2026-05-01 08:35:00,66.66,66.66,66.66,66.66,400
2026-05-01 08:40:00,66.68,66.68,66.68,66.68,2725
2026-05-01 08:50:00,66.6531,66.6609,66.6531,66.6609,312
2026-05-01 08:55:00,66.61,66.61,66.6,66.6,624
2026-05-01 09:05:00,66.61,66.61,66.61,66.61,150
2026-05-01 09:10:00,66.63,66.63,66.58,66.58,300
2026-05-01 09:15:00,66.65,66.66,66.65,66.66,1200
2026-05-01 09:25:00,66.6693,66.68,66.6693,66.68,790
2026-05-01 09:30:00,66.68,66.86,66.51,66.82,52056
2026-05-01 09:35:00,66.83,66.85,66.59,66.78,43626
2026-05-01 09:40:00,66.79,66.87,66.64,66.71,73627
2026-05-01 09:45:00,66.695,66.76,66.62,66.76,46403
2026-05-01 09:50:00,66.74,66.87,66.67,66.815,124555
2026-05-01 09:55:00,66.82,66.99,66.82,66.98,80096
2026-05-01 10:00:00,66.99,67.11,66.95,67.0557,89669
2026-05-01 10:05:00,67.05,67.23,66.95,67.18,75458
2026-05-01 10:10:00,67.19,67.29,67.16,67.225,41572
2026-05-01 10:15:00,67.21,67.25,67.105,67.205,68140
2026-05-01 10:20:00,67.21,67.2893,67.18,67.18,42548
2026-05-01 10:25:00,67.175,67.2,67.135,67.2,26038
2026-05-01 10:30:00,67.181,67.181,66.915,66.93,72352
2026-05-01 10:35:00,66.94,66.95,66.76,66.8701,49641
2026-05-01 10:40:00,66.89,67.037,66.85,66.985,24306
2026-05-01 10:45:00,66.98,67.14,66.975,67.13,27952
2026-05-01 10:50:00,67.09,67.14,67.04,67.11,18794
2026-05-01 10:55:00,67.13,67.18,67.121,67.1403,18074
2026-05-01 11:00:00,67.12,67.125,66.97,67.06,22119
2026-05-01 11:05:00,67.03,67.07,66.99,67.05,15760
2026-05-01 11:10:00,67.09,67.1699,67.06,67.165,24038
2026-05-01 11:15:00,67.19,67.21,67.125,67.13,17019
2026-05-01 11:20:00,67.17,67.2499,67.1601,67.22,14744
2026-05-01 11:25:00,67.22,67.25,67.18,67.24,22176
2026-05-01 11:30:00,67.25,67.2995,67.22,67.27,20863
2026-05-01 11:35:00,67.28,67.42,67.26,67.41,34430
2026-05-01 11:40:00,67.3901,67.42,67.36,67.3601,15256
2026-05-01 11:45:00,67.38,67.465,67.37,67.445,16675
2026-05-01 11:50:00,67.46,67.47,67.24,67.26,107448
2026-05-01 11:55:00,67.275,67.3629,67.275,67.31,12429
2026-05-01 12:00:00,67.29,67.34,67.29,67.31,9767
2026-05-01 12:05:00,67.29,67.29,67.12,67.13,16715
2026-05-01 12:10:00,67.12,67.2,67.12,67.18,7778
2026-05-01 12:15:00,67.18,67.255,67.18,67.25,4903
2026-05-01 12:20:00,67.25,67.305,67.16,67.2499,48561
2026-05-01 12:25:00,67.23,67.23,67.15,67.22,24941
2026-05-01 12:30:00,67.21,67.21,67.1,67.1502,14443
2026-05-01 12:35:00,67.1914,67.1914,67.135,67.18,18594
2026-05-01 12:40:00,67.19,67.19,67.1,67.11,12488
2026-05-01 12:45:00,67.1,67.135,67.05,67.07,8315
2026-05-01 12:50:00,67.065,67.19,67.065,67.18,28713
2026-05-01 12:55:00,67.19,67.24,67.16,67.16,15524
2026-05-01 13:00:00,67.18,67.19,67.16,67.16,37002
2026-05-01 13:05:00,67.155,67.2,67.15,67.175,13670
2026-05-01 13:10:00,67.17,67.215,67.17,67.215,12635
2026-05-01 13:15:00,67.2495,67.28,67.24,67.28,11811
2026-05-01 13:20:00,67.3,67.355,67.2901,67.33,7812
2026-05-01 13:25:00,67.32,67.35,67.32,67.345,14296
2026-05-01 13:30:00,67.34,67.35,67.26,67.26,69889
2026-05-01 13:35:00,67.2507,67.2901,67.25,67.2901,4182
2026-05-01 13:40:00,67.31,67.33,67.29,67.31,6308
2026-05-01 13:45:00,67.31,67.3199,67.25,67.2699,32339
2026-05-01 13:50:00,67.27,67.3,67.25,67.285,24122
2026-05-01 13:55:00,67.28,67.3,67.28,67.28,4430
2026-05-01 14:00:00,67.28,67.29,67.21,67.21,12505
2026-05-01 14:05:00,67.21,67.255,67.1845,67.245,3967
2026-05-01 14:10:00,67.255,67.255,67.17,67.1754,45940
2026-05-01 14:15:00,67.175,67.2,67.15,67.16,8342
2026-05-01 14:20:00,67.18,67.24,67.165,67.24,5135
2026-05-01 14:25:00,67.245,67.245,67.18,67.225,40337
2026-05-01 14:30:00,67.225,67.225,67.1327,67.15,63109
2026-05-01 14:35:00,67.14,67.16,67.11,67.125,33683
2026-05-01 14:40:00,67.12,67.12,67.05,67.07,29925
2026-05-01 14:45:00,67.05,67.06,67.0002,67.0051,7881
2026-05-01 14:50:00,67.01,67.025,66.98,67.005,26822
2026-05-01 14:55:00,67.01,67.025,66.99,67.02,13936
2026-05-01 15:00:00,67.02,67.1151,67.0101,67.09,24381
2026-05-01 15:05:00,67.09,67.105,67.08,67.105,11047
2026-05-01 15:10:00,67.1,67.12,67.08,67.12,13775
2026-05-01 15:15:00,67.11,67.135,67.09,67.09,15409
2026-05-01 15:20:00,67.085,67.11,67.06,67.1,61964
2026-05-01 15:25:00,67.1,67.17,67.1,67.17,15467
2026-05-01 15:30:00,67.175,67.18,67.11,67.1501,16911
2026-05-01 15:35:00,67.15,67.16,67.095,67.14,19099
2026-05-01 15:40:00,67.14,67.16,67.1037,67.1037,28563
2026-05-01 15:45:00,67.11,67.13,67.06,67.075,23723
2026-05-01 15:50:00,67.08,67.1,66.915,66.93,148582
2026-05-01 15:55:00,66.935,66.95,66.885,66.92,450824
2026-05-01 16:00:00,66.87,66.93,66.87,66.93,226062
2026-05-01 16:10:00,66.91,66.91,66.91,66.91,128
2026-05-01 16:20:00,66.84,66.84,66.84,66.84,416
2026-05-01 16:30:00,66.88,66.88,66.88,66.88,100
2026-05-01 16:55:00,66.77,66.84,66.7,66.73,3086
2026-05-01 17:20:00,66.86,66.86,66.86,66.86,100
2026-05-01 17:25:00,66.889,66.889,66.889,66.889,300
2026-05-01 17:35:00,66.9449,66.9449,66.89,66.89,205
2026-05-01 17:45:00,66.9377,66.9377,66.9377,66.9377,185
2026-05-01 17:55:00,66.8843,66.9657,66.8843,66.9657,2330
2026-05-01 18:00:00,66.88,66.88,66.88,66.88,100
2026-05-01 18:05:00,66.8753,66.8753,66.8753,66.8753,400
2026-05-01 18:35:00,66.8757,66.96,66.8757,66.96,500
2026-05-01 18:45:00,66.9,66.9,66.9,66.9,100
2026-05-01 18:55:00,66.88,66.88,66.88,66.88,232
2026-05-01 19:55:00,66.9,66.9,66.8512,66.8512,300
2026-05-04 04:00:00,67.06,67.16,67.02,67.11,7514
2026-05-04 04:05:00,67.02,67.02,67,67,298
2026-05-04 04:10:00,66.91,67.14,66.91,67.12,8375
2026-05-04 04:15:00,66.97,67,66.97,67,900
2026-05-04 04:20:00,67,67,67,67,1000
2026-05-04 04:25:00,67.12,67.19,67.12,67.19,654
2026-05-04 04:50:00,67.09,67.1,66.91,67.08,1191
2026-05-04 04:55:00,67.1418,67.15,67.1418,67.15,450
2026-05-04 05:00:00,67.12,67.12,67.08,67.08,492
2026-05-04 05:35:00,67.11,67.11,67.11,67.11,280
2026-05-04 05:50:00,67.14,67.15,67.14,67.15,500
2026-05-04 06:00:00,67.1,67.1,67,67,661
2026-05-04 06:05:00,66.91,66.91,66.3,66.3,600
2026-05-04 06:10:00,66.5,66.5,66.5,66.5,135
2026-05-04 06:20:00,66.54,66.57,66.5,66.57,832
2026-05-04 06:30:00,66.7,66.98,66.7,66.76,400
2026-05-04 06:50:00,66.87,66.87,66.87,66.87,200
2026-05-04 06:55:00,66.88,66.88,66.88,66.88,100
2026-05-04 07:00:00,66.88,66.88,66.8,66.86,3780
2026-05-04 07:05:00,66.9602,66.9602,66.826,66.826,225
2026-05-04 07:20:00,66.87,66.87,66.87,66.87,150
2026-05-04 07:35:00,66.8,66.8,66.8,66.8,2000
2026-05-04 07:45:00,66.8,66.8,66.75,66.75,4063
2026-05-04 07:55:00,66.87,66.88,66.87,66.87,4935
2026-05-04 08:00:00,66.7538,66.7538,66.7538,66.7538,400
2026-05-04 08:05:00,66.82,66.82,66.8181,66.8181,900
2026-05-04 08:10:00,66.89,66.89,66.87,66.8701,559
2026-05-04 08:15:00,66.9,66.9,66.9,66.9,150
2026-05-04 08:25:00,66.93,66.96,66.93,66.96,600
2026-05-04 08:35:00,66.9,66.9,66.9,66.9,200
2026-05-04 08:40:00,66.9,66.9,66.9,66.9,100
2026-05-04 08:50:00,66.9,66.93,66.9,66.93,350
2026-05-04 08:55:00,66.9,66.9,66.87,66.87,4690
2026-05-04 09:00:00,66.85,66.85,66.8,66.83,1600
2026-05-04 09:05:00,66.8156,66.8156,66.8156,66.8156,127
2026-05-04 09:10:00,66.95,66.95,66.95,66.95,2216
2026-05-04 09:15:00,66.86,66.87,66.86,66.87,200
2026-05-04 09:20:00,66.78,66.78,66.78,66.78,195
2026-05-04 09:25:00,66.9,66.9,66.9,66.9,100
2026-05-04 09:30:00,66.92,67.05,66.82,66.97,86018
2026-05-04 09:35:00,66.95,67.06,66.88,66.95,55250
2026-05-04 09:40:00,66.945,67.11,66.915,66.991,78216
2026-05-04 09:45:00,66.995,67.07,66.97,67.04,30628
2026-05-04 09:50:00,66.99,67.04,66.79,66.85,40314
2026-05-04 09:55:00,66.84,66.9101,66.74,66.85,28354
2026-05-04 10:00:00,66.85,66.87,66.72,66.72,23193
2026-05-04 10:05:00,66.71,66.8,66.61,66.6378,59640
2026-05-04 10:10:00,66.635,66.8398,66.635,66.825,28527
2026-05-04 10:15:00,66.815,66.96,66.81,66.94,40272
2026-05-04 10:20:00,66.96,66.96,66.8501,66.895,18343
2026-05-04 10:25:00,66.87,66.92,66.82,66.83,18944
2026-05-04 10:30:00,66.82,66.975,66.81,66.95,14859
2026-05-04 10:35:00,66.96,67.07,66.905,67.045,27227
2026-05-04 10:40:00,67.045,67.155,67.045,67.115,35988
2026-05-04 10:45:00,67.13,67.21,67.13,67.185,37660
2026-05-04 10:50:00,67.185,67.24,67.17,67.185,20202
2026-05-04 10:55:00,67.185,67.21,66.97,66.99,36403
2026-05-04 11:00:00,66.98,67.13,66.92,67.12,47455
2026-05-04 11:05:00,67.085,67.105,67.02,67.07,14006
2026-05-04 11:10:00,67.05,67.07,66.92,66.96,30225
2026-05-04 11:15:00,66.955,67.01,66.72,66.74,33368
2026-05-04 11:20:00,66.73,66.755,66.535,66.65,40366
2026-05-04 11:25:00,66.635,66.81,66.63,66.7799,48310
2026-05-04 11:30:00,66.78,66.79,66.61,66.678,75068
2026-05-04 11:35:00,66.67,66.68,66.52,66.6,68332
2026-05-04 11:40:00,66.585,66.7001,66.502,66.6973,26621
2026-05-04 11:45:00,66.69,66.7,66.62,66.62,38546
2026-05-04 11:50:00,66.625,66.73,66.54,66.73,35548
2026-05-04 11:55:00,66.725,66.755,66.64,66.645,26344
2026-05-04 12:00:00,66.67,66.67,66.57,66.6249,24900
2026-05-04 12:05:00,66.625,66.625,66.38,66.535,91593
2026-05-04 12:10:00,66.52,66.58,66.452,66.55,39609
2026-05-04 12:15:00,66.535,66.76,66.45,66.7,55462
2026-05-04 12:20:00,66.71,66.76,66.685,66.69,71121
2026-05-04 12:25:00,66.69,66.76,66.655,66.675,22736
2026-05-04 12:30:00,66.6509,66.76,66.63,66.745,8541
2026-05-04 12:35:00,66.755,66.76,66.66,66.71,31674
2026-05-04 12:40:00,66.695,66.785,66.695,66.755,12472
2026-05-04 12:45:00,66.75,66.76,66.69,66.73,9119
2026-05-04 12:50:00,66.735,66.75,66.67,66.705,28867
2026-05-04 12:55:00,66.705,66.75,66.705,66.75,8367
2026-05-04 13:00:00,66.74,66.835,66.74,66.81,22224
2026-05-04 13:05:00,66.825,66.87,66.825,66.85,13918
2026-05-04 13:10:00,66.855,66.87,66.81,66.865,12637
2026-05-04 13:15:00,66.86,66.99,66.85,66.9891,35493
2026-05-04 13:20:00,66.995,67.03,66.97,66.995,14204
2026-05-04 13:25:00,66.995,67,66.95,66.9599,7844
2026-05-04 13:30:00,66.955,66.99,66.94,66.94,11133
2026-05-04 13:35:00,66.93,66.97,66.89,66.97,13070
2026-05-04 13:40:00,66.965,67.0064,66.945,67,10156
2026-05-04 13:45:00,66.99,66.995,66.95,66.985,14633
2026-05-04 13:50:00,66.98,67.05,66.975,67.035,11267
2026-05-04 13:55:00,67.04,67.0801,67.035,67.035,26692
2026-05-04 14:00:00,67.025,67.09,67.02,67.09,20762
2026-05-04 14:05:00,67.09,67.115,67.04,67.055,9104
2026-05-04 14:10:00,67.05,67.05,67,67.01,12785
2026-05-04 14:15:00,67.01,67.01,66.96,66.975,13393
2026-05-04 14:20:00,66.97,66.975,66.93,66.955,17857
2026-05-04 14:25:00,66.945,66.97,66.8601,66.97,8669
2026-05-04 14:30:00,66.975,66.975,66.895,66.91,24467
2026-05-04 14:35:00,66.895,66.895,66.85,66.88,10238
2026-05-04 14:40:00,66.885,66.905,66.8207,66.8207,8282
2026-05-04 14:45:00,66.82,66.87,66.805,66.87,8595
2026-05-04 14:50:00,66.865,66.87,66.8,66.81,24236
2026-05-04 14:55:00,66.805,66.91,66.805,66.9,7000
2026-05-04 15:00:00,66.905,66.905,66.83,66.85,6678
2026-05-04 15:05:00,66.855,66.92,66.81,66.92,54338
2026-05-04 15:10:00,66.915,66.95,66.88,66.9495,11578
2026-05-04 15:15:00,66.95,66.955,66.925,66.93,8637
2026-05-04 15:20:00,66.93,66.95,66.915,66.9299,69292
2026-05-04 15:25:00,66.93,66.985,66.87,66.97,25389
2026-05-04 15:30:00,66.97,67.0101,66.97,66.995,16464
2026-05-04 15:35:00,66.98,67,66.955,66.955,10879
2026-05-04 15:40:00,66.955,66.96,66.92,66.92,13781
2026-05-04 15:45:00,66.925,66.955,66.91,66.9516,40576
2026-05-04 15:50:00,66.95,66.95,66.855,66.89,97654
2026-05-04 15:55:00,66.89,66.95,66.885,66.95,96356
2026-05-04 16:00:00,66.97,66.97,66.7401,66.7401,28620
2026-05-04 16:05:00,66.82,66.82,66.82,66.82,100
2026-05-04 16:40:00,66.8,66.8,66.8,66.8,109
2026-05-04 17:10:00,66.84,66.85,66.84,66.85,963
2026-05-04 17:15:00,66.83,66.85,66.83,66.85,273
2026-05-04 17:25:00,66.88,66.88,66.88,66.88,226
2026-05-04 17:35:00,66.84,66.9589,66.8,66.8,500
2026-05-04 18:05:00,66.9392,66.9392,66.9392,66.9392,215
2026-05-04 18:35:00,66.95,66.95,66.9,66.9,245
2026-05-04 19:30:00,66.85,66.85,66.85,66.85,500
2026-05-05 04:00:00,66.95,67.15,66.95,67.09,14423
2026-05-05 04:05:00,66.99,66.99,66.99,66.99,140
2026-05-05 04:25:00,67.16,67.16,67.16,67.16,200
2026-05-05 04:30:00,67.16,67.16,67.16,67.16,100
2026-05-05 04:40:00,67.14,67.14,67.14,67.14,100
2026-05-05 04:45:00,67.17,67.17,67.17,67.17,232
2026-05-05 05:10:00,67.1,67.1,67.1,67.1,100
2026-05-05 05:50:00,67.1,67.1,67.1,67.1,459
2026-05-05 05:55:00,67.1,67.1,67.1,67.1,113
2026-05-05 06:10:00,67.12,67.12,67.12,67.12,100
2026-05-05 06:15:00,67.12,67.12,67.12,67.12,200
2026-05-05 06:25:00,67.13,67.13,67.13,67.13,100
2026-05-05 06:30:00,67.17,67.17,67.17,67.17,2610
2026-05-05 07:00:00,67.19,67.19,67.1456,67.1456,1276
2026-05-05 07:15:00,67.12,67.12,67.12,67.12,108
2026-05-05 07:30:00,67.1397,67.1397,67.13,67.13,489
2026-05-05 07:35:00,67.11,67.11,67.11,67.11,240
2026-05-05 07:40:00,67.12,67.1398,67.12,67.1398,259
2026-05-05 07:45:00,67.12,67.12,67.12,67.12,292
2026-05-05 07:50:00,67.11,67.11,67.0591,67.0591,1439
2026-05-05 08:05:00,67.12,67.15,67.12,67.15,655
2026-05-05 08:10:00,67.15,67.21,67.15,67.2,2253
2026-05-05 08:20:00,67.26,67.27,67.26,67.27,200
2026-05-05 08:30:00,67.21,67.21,67.21,67.21,300
2026-05-05 08:35:00,67.2323,67.2323,67.22,67.22,800
2026-05-05 08:40:00,67.2,67.2,67.15,67.15,1919
2026-05-05 08:45:00,67.171,67.171,67.171,67.171,100
2026-05-05 08:50:00,67.2,67.2,67.2,67.2,5000
2026-05-05 09:00:00,67.2,67.24,67.2,67.24,200
2026-05-05 09:05:00,67.26,67.32,67.26,67.32,2400
2026-05-05 09:20:00,67.29,67.29,67.27,67.27,1000
2026-05-05 09:25:00,67.3166,67.39,67.3166,67.39,3315
2026-05-05 09:30:00,67.36,67.62,67.29,67.545,56114
2026-05-05 09:35:00,67.54,67.61,67.425,67.46,52234
2026-05-05 09:40:00,67.46,67.66,67.46,67.62,39761
2026-05-05 09:45:00,67.63,67.72,67.5,67.5,41623
2026-05-05 09:50:00,67.52,67.62,67.42,67.42,42856
2026-05-05 09:55:00,67.41,67.46,67.32,67.33,18392
2026-05-05 10:00:00,67.34,67.4875,67.27,67.4875,39210
2026-05-05 10:05:00,67.47,67.5093,67.415,67.4187,14623
2026-05-05 10:10:00,67.405,67.435,67.18,67.185,28365
2026-05-05 10:15:00,67.17,67.215,67.05,67.1,68892
2026-05-05 10:20:00,67.12,67.3,67.12,67.2956,20941
2026-05-05 10:25:00,67.2999,67.35,67.26,67.29,49776
2026-05-05 10:30:00,67.29,67.35,67.24,67.35,25577
2026-05-05 10:35:00,67.3372,67.39,67.26,67.285,12006
2026-05-05 10:40:00,67.27,67.33,67.24,67.25,12141
2026-05-05 10:45:00,67.25,67.26,67.145,67.2,40340
2026-05-05 10:50:00,67.19,67.19,67.09,67.13,14643
2026-05-05 10:55:00,67.16,67.16,67.12,67.12,15039
2026-05-05 11:00:00,67.11,67.14,67.06,67.14,20982
2026-05-05 11:05:00,67.14,67.165,67.0914,67.14,30186
2026-05-05 11:10:00,67.13,67.17,67.11,67.12,13944
2026-05-05 11:15:00,67.12,67.13,67.06,67.09,18065
2026-05-05 11:20:00,67.1,67.15,67.09,67.12,15416
2026-05-05 11:25:00,67.1313,67.1815,67.12,67.18,8268
2026-05-05 11:30:00,67.19,67.21,67.139,67.15,10791
2026-05-05 11:35:00,67.185,67.22,67.175,67.205,8718
2026-05-05 11:40:00,67.215,67.2298,67.195,67.225,16777
2026-05-05 11:45:00,67.21,67.23,67.18,67.18,15590
2026-05-05 11:50:00,67.16,67.1801,67.14,67.1499,22727
2026-05-05 11:55:00,67.14,67.14,67.07,67.07,23731
2026-05-05 12:00:00,67.09,67.12,67.05,67.105,17417
2026-05-05 12:05:00,67.1045,67.125,67.0738,67.0738,5508
2026-05-05 12:10:00,67.1,67.1,67.07,67.09,2239
2026-05-05 12:15:00,67.075,67.0851,67.05,67.085,5987
2026-05-05 12:20:00,67.09,67.135,67.06,67.065,17849
2026-05-05 12:25:00,67.06,67.06,66.95,67,33501
2026-05-05 12:30:00,66.99,67.035,66.975,67.0201,14565
2026-05-05 12:35:00,67.03,67.06,67.03,67.03,16872
2026-05-05 12:40:00,67.01,67.06,66.98,67.045,12810
2026-05-05 12:45:00,67.04,67.065,67.025,67.03,30458
2026-05-05 12:50:00,67.02,67.035,66.985,66.995,15440
2026-05-05 12:55:00,66.995,67.035,66.995,67,23325
2026-05-05 13:00:00,66.995,67.02,66.97,66.97,11156
2026-05-05 13:05:00,66.97,66.97,66.91,66.92,19260
2026-05-05 13:10:00,66.91,66.94,66.9,66.925,103151
2026-05-05 13:15:00,66.93,66.97,66.92,66.925,30071
2026-05-05 13:20:00,66.965,66.9847,66.93,66.965,19548
2026-05-05 13:25:00,66.96,67,66.9501,67,10317
2026-05-05 13:30:00,67.02,67.04,66.975,66.98,20080
2026-05-05 13:35:00,66.98,67.01,66.975,66.99,2795
2026-05-05 13:40:00,66.98,67.04,66.98,67.03,11920
2026-05-05 13:45:00,67.05,67.05,67.015,67.0211,10754
2026-05-05 13:50:00,67.05,67.1,67.05,67.075,7225
2026-05-05 13:55:00,67.07,67.095,67.06,67.06,9854
2026-05-05 14:00:00,67.05,67.11,67.05,67.105,6843
2026-05-05 14:05:00,67.115,67.115,67.08,67.08,28300
2026-05-05 14:10:00,67.0851,67.135,67.0851,67.1302,4669
2026-05-05 14:15:00,67.1307,67.145,67.125,67.135,9878
2026-05-05 14:20:00,67.135,67.18,67.135,67.135,7897
2026-05-05 14:25:00,67.135,67.135,67.11,67.11,5824
2026-05-05 14:30:00,67.105,67.11,67.06,67.06,63216
2026-05-05 14:35:00,67.06,67.0997,67.06,67.07,47608
2026-05-05 14:40:00,67.07,67.1,67.065,67.08,48331
2026-05-05 14:45:00,67.08,67.12,67.08,67.08,48000
2026-05-05 14:50:00,67.0793,67.1,67,67.005,16291
2026-05-05 14:55:00,67.015,67.045,67.015,67.03,5576
2026-05-05 15:00:00,67.0299,67.07,67.0299,67.07,23994
2026-05-05 15:05:00,67.095,67.115,67.08,67.095,20488
2026-05-05 15:10:00,67.1,67.15,67.1,67.125,15316
2026-05-05 15:15:00,67.125,67.195,67.1101,67.1899,35405
2026-05-05 15:20:00,67.18,67.22,67.159,67.215,148284
2026-05-05 15:25:00,67.215,67.23,67.17,67.185,36816
2026-05-05 15:30:00,67.185,67.195,67.16,67.1602,15048
2026-05-05 15:35:00,67.16,67.19,67.135,67.17,26113
2026-05-05 15:40:00,67.185,67.195,67.16,67.175,9791
2026-05-05 15:45:00,67.18,67.195,67.175,67.175,8057
2026-05-05 15:50:00,67.17,67.17,67.1,67.15,198168
2026-05-05 15:55:00,67.14,67.145,67.08,67.11,104627
2026-05-05 16:00:00,67.11,67.11,67.11,67.11,30179
2026-05-05 16:05:00,67.11,67.1826,67.11,67.1826,500
2026-05-05 16:10:00,67.1,67.1,67.1,67.1,300
2026-05-05 16:15:00,67.12,67.12,67.12,67.12,500
2026-05-05 16:20:00,67.1625,67.1625,67.0981,67.1,390
2026-05-05 16:25:00,67.18,67.2285,67.18,67.2285,1190
2026-05-05 16:30:00,67.121,67.2,67.121,67.2,1200
2026-05-05 16:35:00,67.25,67.25,67.25,67.25,450
2026-05-05 16:40:00,67.24,67.24,67.1782,67.1782,221
2026-05-05 16:45:00,67.17,67.2799,67.15,67.2799,2544
2026-05-05 16:50:00,67.19,67.21,67.19,67.21,300
2026-05-05 16:55:00,67.1333,67.1909,67.1333,67.1909,1345
2026-05-05 17:00:00,67.15,67.15,67.14,67.14,300
2026-05-05 17:05:00,67.1993,67.1993,67.1993,67.1993,1056
2026-05-05 17:15:00,67.16,67.175,67.16,67.175,804
2026-05-05 17:20:00,67.1948,67.1948,67.17,67.17,380
2026-05-05 17:25:00,67.1948,67.1948,67.1948,67.1948,190
2026-05-05 17:50:00,67.1,67.1,67.1,67.1,400
2026-05-05 17:55:00,67.03,67.03,66.9281,66.9281,321
2026-05-05 18:05:00,67.08,67.174,67.08,67.174,1141
2026-05-05 18:10:00,67.01,67.1817,66.96,66.96,1694
2026-05-05 18:15:00,67.1663,67.1663,67.1545,67.1545,713
2026-05-05 18:20:00,67.1545,67.1545,67.1545,67.1545,333
2026-05-05 18:25:00,66.89,66.89,66.89,66.89,111
2026-05-05 18:45:00,66.9,66.9,66.9,66.9,122
2026-05-05 18:50:00,66.9,67.189,66.9,67.189,871
2026-05-05 19:05:00,67.001,67.0166,67.001,67.0166,320
2026-05-05 19:10:00,67.07,67.07,67.04,67.04,545
2026-05-05 19:15:00,67.07,67.08,67.07,67.08,857
2026-05-05 19:20:00,67.1,67.1,67.1,67.1,380
2026-05-05 19:25:00,67.0818,67.0818,67.0818,67.0818,191
2026-05-05 19:30:00,67.1,67.1,67.1,67.1,100
2026-05-05 19:35:00,67.1076,67.1076,67.1076,67.1076,100
2026-05-05 19:40:00,67.1435,67.1435,67.12,67.12,300
2026-05-05 19:45:00,67.11,67.14,67.11,67.14,5146
2026-05-05 19:50:00,67.08,67.1598,67.08,67.1598,1615
2026-05-06 04:00:00,66.88,67.12,66.87,67.12,19626
2026-05-06 04:10:00,66.98,67,66.98,66.98,632
2026-05-06 04:35:00,66.92,66.94,66.92,66.94,1113
2026-05-06 04:50:00,66.96,67.1095,66.96,67.1095,778
2026-05-06 04:55:00,67.2,67.3,67.2,67.3,1455
2026-05-06 05:00:00,67.4,67.4,67.28,67.28,5517
2026-05-06 05:05:00,67.2,67.2,67.2,67.2,200
2026-05-06 05:10:00,67.2,67.2,67.2,67.2,170
2026-05-06 05:15:00,67.25,67.25,67.25,67.25,100
2026-05-06 05:25:00,67.3,67.3,67.3,67.3,210
2026-05-06 05:40:00,67.41,67.41,67.41,67.41,186
2026-05-06 05:45:00,67.4,67.4,67.4,67.4,147
2026-05-06 05:50:00,67.41,67.46,67.41,67.46,257
2026-05-06 05:55:00,67.45,67.45,67.42,67.44,1108
2026-05-06 06:00:00,67.46,67.5,67.46,67.5,5073
2026-05-06 06:10:00,67.5,67.6666,67.49,67.6666,1800
2026-05-06 06:15:00,67.59,67.59,67.59,67.59,119
2026-05-06 06:20:00,67.63,67.64,67.63,67.64,3441
2026-05-06 06:30:00,67.67,67.72,67.67,67.72,3434
2026-05-06 06:35:00,67.73,67.73,67.73,67.73,203
2026-05-06 06:40:00,67.73,67.74,67.73,67.74,820
2026-05-06 06:45:00,67.76,67.76,67.74,67.74,405
2026-05-06 06:50:00,67.7,67.7,67.7,67.7,131
2026-05-06 06:55:00,67.73,67.73,67.73,67.73,104
2026-05-06 07:00:00,67.68,67.77,67.6695,67.77,1742
2026-05-06 07:10:00,67.75,67.75,67.7016,67.75,998
2026-05-06 07:15:00,67.7274,67.7274,67.72,67.72,600
2026-05-06 07:20:00,67.72,67.72,67.7,67.7,785
2026-05-06 07:25:00,67.6803,67.6803,67.6803,67.6803,100
2026-05-06 07:30:00,67.69,67.6948,67.66,67.67,4985
2026-05-06 07:35:00,67.7,67.7,67.7,67.7,2739
2026-05-06 07:40:00,67.7536,67.7536,67.63,67.63,1967
2026-05-06 07:45:00,67.63,67.64,67.63,67.64,2763
2026-05-06 07:50:00,67.59,67.6,67.59,67.6,1162
2026-05-06 08:00:00,67.5117,67.5117,67.51,67.51,200
2026-05-06 08:05:00,67.54,67.54,67.4965,67.4965,303
2026-05-06 08:10:00,67.529,67.5731,67.42,67.42,1525
2026-05-06 08:15:00,67.36,67.4,67.36,67.4,1100
2026-05-06 08:20:00,67.45,67.46,67.45,67.46,442
2026-05-06 08:25:00,67.46,67.46,67.46,67.46,285
2026-05-06 08:30:00,67.35,67.4109,67.35,67.4109,715
2026-05-06 08:50:00,67.44,67.44,67.4014,67.4014,2709
2026-05-06 08:55:00,67.4,67.41,67.4,67.41,2154
2026-05-06 09:00:00,67.4,67.4,67.4,67.4,153
2026-05-06 09:05:00,67.33,67.33,67.3,67.3,7750
2026-05-06 09:10:00,67.3,67.33,67.3,67.33,506
2026-05-06 09:15:00,67.22,67.22,67.22,67.22,975
2026-05-06 09:25:00,67.2455,67.2455,67.13,67.15,1680
2026-05-06 09:30:00,67.2,67.28,67,67.21,100803
2026-05-06 09:35:00,67.21,67.32,67.145,67.245,75914
2026-05-06 09:40:00,67.26,67.39,67.24,67.35,74767
2026-05-06 09:45:00,67.36,67.5439,67.33,67.53,61915
2026-05-06 09:50:00,67.53,67.67,67.37,67.625,119741
2026-05-06 09:55:00,67.64,67.68,67.58,67.64,32361
2026-05-06 10:00:00,67.66,67.72,67.62,67.635,73979
2026-05-06 10:05:00,67.675,67.805,67.59,67.799,24488
2026-05-06 10:10:00,67.799,68.0299,67.799,67.965,55226
2026-05-06 10:15:00,67.9642,68.065,67.925,67.945,33390
2026-05-06 10:20:00,67.94,68.0776,67.94,68.03,25323
2026-05-06 10:25:00,68.0331,68.11,68.02,68.0351,36526
2026-05-06 10:30:00,68.03,68.14,67.9899,68.135,28065
2026-05-06 10:35:00,68.15,68.2,68.14,68.19,39566
2026-05-06 10:40:00,68.2,68.23,68.135,68.22,60848
2026-05-06 10:45:00,68.235,68.235,68.15,68.215,19768
2026-05-06 10:50:00,68.195,68.195,68.115,68.135,11245
2026-05-06 10:55:00,68.13,68.195,68.11,68.13,27907
2026-05-06 11:00:00,68.15,68.21,68.1,68.105,16103
2026-05-06 11:05:00,68.11,68.14,68.045,68.045,5775
2026-05-06 11:10:00,68.05,68.051,67.88,67.9201,29407
2026-05-06 11:15:00,67.935,68.0248,67.91,68.02,21490
2026-05-06 11:20:00,68.01,68.05,68,68.04,8025
2026-05-06 11:25:00,68.03,68.065,68.03,68.04,7054
2026-05-06 11:30:00,68.07,68.1,68.04,68.1,12246
2026-05-06 11:35:00,68.09,68.1,68.0599,68.07,21889
2026-05-06 11:40:00,68.0835,68.11,68.015,68.07,33374
2026-05-06 11:45:00,68.09,68.1725,68.07,68.16,8106
2026-05-06 11:50:00,68.17,68.18,68.11,68.15,11833
2026-05-06 11:55:00,68.1501,68.19,68.1371,68.18,26145
2026-05-06 12:00:00,68.18,68.215,68.155,68.19,5594
2026-05-06 12:05:00,68.195,68.215,68.17,68.175,8415
2026-05-06 12:10:00,68.195,68.29,68.18,68.29,39242
2026-05-06 12:15:00,68.29,68.33,68.265,68.318,20210
2026-05-06 12:20:00,68.31,68.32,68.275,68.275,6615
2026-05-06 12:25:00,68.3,68.355,68.3,68.32,7345
2026-05-06 12:30:00,68.33,68.33,68.28,68.28,13739
2026-05-06 12:35:00,68.27,68.27,68.22,68.25,14477
2026-05-06 12:40:00,68.25,68.275,68.23,68.26,4144
2026-05-06 12:45:00,68.25,68.26,68.1991,68.205,17896
2026-05-06 12:50:00,68.215,68.22,68.14,68.14,7736
2026-05-06 12:55:00,68.125,68.235,68.125,68.235,36785
2026-05-06 13:00:00,68.23,68.3,68.2,68.2996,11641
2026-05-06 13:05:00,68.3,68.3337,68.3,68.3337,31595
2026-05-06 13:10:00,68.35,68.3999,68.3424,68.37,7994
2026-05-06 13:15:00,68.39,68.39,68.3,68.36,163838
2026-05-06 13:20:00,68.38,68.41,68.35,68.35,4333
2026-05-06 13:25:00,68.34,68.37,68.34,68.35,4856
2026-05-06 13:30:00,68.34,68.35,68.33,68.33,4925
2026-05-06 13:35:00,68.32,68.36,68.32,68.32,4999
2026-05-06 13:40:00,68.31,68.34,68.305,68.33,43280
2026-05-06 13:45:00,68.32,68.36,68.305,68.355,17313
2026-05-06 13:50:00,68.35,68.36,68.335,68.335,146174
2026-05-06 13:55:00,68.34,68.39,68.339,68.355,23698
2026-05-06 14:00:00,68.36,68.4,68.36,68.36,14068
2026-05-06 14:05:00,68.36,68.42,68.36,68.41,17858
2026-05-06 14:10:00,68.41,68.475,68.4,68.465,13148
2026-05-06 14:15:00,68.46,68.52,68.46,68.485,25605
2026-05-06 14:20:00,68.49,68.49,68.4407,68.45,189448
2026-05-06 14:25:00,68.442,68.48,68.4203,68.47,15773
2026-05-06 14:30:00,68.46,68.485,68.4451,68.46,8665
2026-05-06 14:35:00,68.48,68.525,68.47,68.48,14519
2026-05-06 14:40:00,68.49,68.51,68.47,68.48,307704
2026-05-06 14:45:00,68.47,68.5,68.44,68.45,7811
2026-05-06 14:50:00,68.44,68.49,68.435,68.49,10821
2026-05-06 14:55:00,68.4883,68.5,68.4666,68.4666,5715
2026-05-06 15:00:00,68.49,68.52,68.49,68.5,11216
2026-05-06 15:05:00,68.49,68.53,68.48,68.5,10101
2026-05-06 15:10:00,68.5,68.51,68.48,68.49,9333
2026-05-06 15:15:00,68.485,68.5,68.47,68.47,15261
2026-05-06 15:20:00,68.475,68.485,68.44,68.44,8131
2026-05-06 15:25:00,68.44,68.47,68.425,68.47,28156
2026-05-06 15:30:00,68.46,68.46,68.405,68.415,61920
2026-05-06 15:35:00,68.41,68.455,68.4,68.455,21938
2026-05-06 15:40:00,68.45,68.45,68.39,68.3993,7651
2026-05-06 15:45:00,68.39,68.44,68.3875,68.415,14690
2026-05-06 15:50:00,68.42,68.52,68.42,68.49,155231
2026-05-06 15:55:00,68.49,68.51,68.44,68.46,85522
2026-05-06 16:00:00,68.46,68.46,68.3316,68.36,69283
2026-05-06 16:05:00,68.43,68.43,68.43,68.43,538
2026-05-06 16:10:00,68.38,68.38,68.38,68.38,300
2026-05-06 16:15:00,68.45,68.45,68.4408,68.4408,950
2026-05-06 16:20:00,68.2924,68.2924,68.2924,68.2924,147
2026-05-06 16:25:00,68.371,68.38,68.361,68.38,1273
2026-05-06 16:30:00,68.3509,68.3509,68.3509,68.3509,230
2026-05-06 16:35:00,68.41,68.41,68.41,68.41,588
2026-05-06 16:45:00,68.35,68.35,68.34,68.34,200
2026-05-06 16:55:00,68.2665,68.2665,68.2247,68.2247,2000
2026-05-06 17:00:00,68.36,68.36,68.36,68.36,161
2026-05-06 17:10:00,68.2807,68.2807,68.2807,68.2807,220
2026-05-06 17:20:00,68.36,68.36,68.36,68.36,100
2026-05-06 17:25:00,68.36,68.36,68.34,68.34,200
2026-05-06 17:40:00,68.39,68.39,68.31,68.31,400
2026-05-06 17:45:00,68.3,68.3,68.3,68.3,315
2026-05-06 17:50:00,68.2,68.2225,68.2,68.2225,520
2026-05-06 17:55:00,68.2083,68.26,68.2083,68.26,281
2026-05-06 18:05:00,68.2415,68.2415,68.2415,68.2415,200
2026-05-06 18:20:00,68.31,68.32,68.31,68.32,300
2026-05-06 18:30:00,68.259,68.259,68.259,68.259,650
2026-05-06 18:40:00,68.35,68.35,68.35,68.35,100
2026-05-06 18:50:00,68.32,68.32,68.32,68.32,200
2026-05-06 18:55:00,68.34,68.34,68.34,68.34,200
2026-05-06 19:05:00,68.26,68.26,68.26,68.26,1013
2026-05-06 19:10:00,68.35,68.4,68.35,68.4,9770
2026-05-06 19:15:00,68.31,68.31,68.31,68.31,100
2026-05-06 19:25:00,68.3,68.41,68.3,68.3992,1400
2026-05-06 19:45:00,68.31,68.33,68.3,68.3,1654
2026-05-07 04:00:00,68.46,68.68,68.37,68.66,5157
2026-05-07 04:05:00,68.68,68.68,68.44,68.44,739
2026-05-07 04:10:00,68.42,68.43,68.41,68.43,318
2026-05-07 04:20:00,68.69,68.7,68.69,68.7,404
2026-05-07 04:25:00,68.62,68.62,68.62,68.62,109
2026-05-07 04:40:00,68.66,68.66,68.66,68.66,300
2026-05-07 04:55:00,68.7,68.7,68.7,68.7,300
2026-05-07 05:20:00,68.69,68.69,68.69,68.69,100
2026-05-07 05:40:00,68.75,68.75,68.75,68.75,100
2026-05-07 05:50:00,68.8953,68.8953,68.8953,68.8953,100
2026-05-07 05:55:00,68.81,68.81,68.76,68.76,504
2026-05-07 06:10:00,68.76,68.77,68.76,68.77,200
2026-05-07 06:15:00,68.68,68.68,68.68,68.68,200
2026-05-07 06:30:00,68.7,68.71,68.7,68.7,300
2026-05-07 06:40:00,68.79,68.79,68.79,68.79,147
2026-05-07 06:55:00,68.72,68.72,68.71,68.71,1909
2026-05-07 07:00:00,68.673,68.83,68.673,68.83,1743
2026-05-07 07:10:00,68.8017,68.86,68.8017,68.86,655
2026-05-07 07:25:00,68.87,68.88,68.87,68.88,530
2026-05-07 07:30:00,68.8206,68.8206,68.8206,68.8206,300
2026-05-07 07:35:00,68.8201,68.92,68.8201,68.92,430
2026-05-07 07:45:00,68.86,68.86,68.84,68.84,219
2026-05-07 07:50:00,68.86,68.91,68.85,68.89,1170
2026-05-07 07:55:00,68.91,68.91,68.91,68.91,100
2026-05-07 08:00:00,68.91,68.9197,68.91,68.9197,1600
2026-05-07 08:05:00,68.91,68.94,68.91,68.94,453
2026-05-07 08:10:00,68.92,68.9761,68.92,68.9761,600
2026-05-07 08:20:00,68.9,68.96,68.86,68.96,550
2026-05-07 08:30:00,68.94,68.94,68.94,68.94,114
2026-05-07 08:40:00,68.962,68.962,68.92,68.9388,1050
2026-05-07 08:45:00,68.974,68.974,68.974,68.974,588
2026-05-07 08:50:00,68.97,68.97,68.9,68.9,15634
2026-05-07 08:55:00,68.97,68.98,68.96,68.9685,3032
2026-05-07 09:25:00,69,69,68.911,69,3776
2026-05-07 09:30:00,68.98,69.0153,68.82,68.9793,70618
2026-05-07 09:35:00,69.01,69.23,69.01,69.2164,49550
2026-05-07 09:40:00,69.2002,69.28,69.14,69.15,76210
2026-05-07 09:45:00,69.14,69.2,68.99,68.99,26411
2026-05-07 09:50:00,68.995,69.14,68.9806,69.125,38017
2026-05-07 09:55:00,69.15,69.24,69.1279,69.23,83985
2026-05-07 10:00:00,69.25,69.36,69.24,69.36,46010
2026-05-07 10:05:00,69.365,69.39,69.285,69.32,26148
2026-05-07 10:10:00,69.3213,69.365,69.2699,69.315,69331
2026-05-07 10:15:00,69.32,69.335,69.165,69.25,40194
2026-05-07 10:20:00,69.26,69.365,69.245,69.33,19882
2026-05-07 10:25:00,69.38,69.43,69.34,69.34,19747
2026-05-07 10:30:00,69.33,69.3499,69.2499,69.27,11942
2026-05-07 10:35:00,69.27,69.37,69.25,69.37,16819
2026-05-07 10:40:00,69.38,69.4099,69.33,69.4099,25132
2026-05-07 10:45:00,69.465,69.485,69.32,69.35,94807
2026-05-07 10:50:00,69.38,69.4398,69.34,69.4398,10418
2026-05-07 10:55:00,69.44,69.4899,69.39,69.39,13311
2026-05-07 11:00:00,69.39,69.42,69.35,69.36,19410
2026-05-07 11:05:00,69.355,69.355,69.155,69.29,33334
2026-05-07 11:10:00,69.3,69.3001,69.195,69.195,23355
2026-05-07 11:15:00,69.2099,69.2746,69.2099,69.2746,5258
2026-05-07 11:20:00,69.295,69.3093,69.23,69.2499,22704
2026-05-07 11:25:00,69.27,69.2799,69.17,69.21,11293
2026-05-07 11:30:00,69.215,69.32,69.215,69.295,5796
2026-05-07 11:35:00,69.29,69.35,69.27,69.32,3008
2026-05-07 11:40:00,69.305,69.34,69.24,69.31,7623
2026-05-07 11:45:00,69.325,69.365,69.31,69.34,21501
2026-05-07 11:50:00,69.3,69.3359,69.26,69.3099,5562
2026-05-07 11:55:00,69.3,69.3079,69.17,69.19,14675
2026-05-07 12:00:00,69.195,69.195,69.08,69.08,18254
2026-05-07 12:05:00,69.07,69.07,68.98,69.06,62259
2026-05-07 12:10:00,69.065,69.065,68.925,68.9402,29016
2026-05-07 12:15:00,68.93,68.93,68.77,68.83,42950
2026-05-07 12:20:00,68.78,68.94,68.76,68.94,25099
2026-05-07 12:25:00,68.96,69.125,68.96,69.125,18698
2026-05-07 12:30:00,69.1,69.165,69.075,69.135,26276
2026-05-07 12:35:00,69.13,69.14,69.05,69.05,26209
2026-05-07 12:40:00,69.05,69.1002,69.01,69.05,12165
2026-05-07 12:45:00,69.0801,69.1,69.01,69.03,9554
2026-05-07 12:50:00,69,69,68.94,68.975,5388
2026-05-07 12:55:00,68.975,68.9854,68.86,68.96,18122
2026-05-07 13:00:00,68.97,69.01,68.94,68.97,6270
2026-05-07 13:05:00,68.985,69.02,68.9,68.9,23816
2026-05-07 13:10:00,68.91,68.925,68.85,68.925,4299
2026-05-07 13:15:00,68.87,68.885,68.785,68.85,18945
2026-05-07 13:20:00,68.82,68.98,68.82,68.98,19992
2026-05-07 13:25:00,68.98,69.02,68.69,68.83,56592
2026-05-07 13:30:00,68.84,68.87,68.77,68.825,19175
2026-05-07 13:35:00,68.81,68.94,68.81,68.94,12462
2026-05-07 13:40:00,68.95,69,68.9,68.9,32406
2026-05-07 13:45:00,68.91,68.915,68.805,68.805,4514
2026-05-07 13:50:00,68.825,68.84,68.79,68.84,8078
2026-05-07 13:55:00,68.85,69.02,68.83,69,30493
2026-05-07 14:00:00,69.01,69.01,68.96,68.96,10843
2026-05-07 14:05:00,68.96,69.04,68.95,68.95,15216
2026-05-07 14:10:00,68.94,69.0384,68.94,69.01,5923
2026-05-07 14:15:00,69.035,69.11,69.03,69.07,30119
2026-05-07 14:20:00,69.07,69.11,69.02,69.02,21683
2026-05-07 14:25:00,68.995,69.0551,68.99,69.005,9216
2026-05-07 14:30:00,69,69.055,69,69.05,2652
2026-05-07 14:35:00,69.06,69.06,68.9674,69.005,12122
2026-05-07 14:40:00,68.9901,68.995,68.79,68.82,36433
2026-05-07 14:45:00,68.82,68.86,68.77,68.79,14676
2026-05-07 14:50:00,68.79,68.835,68.755,68.82,37758
2026-05-07 14:55:00,68.81,68.92,68.8,68.89,29410
2026-05-07 15:00:00,68.89,68.89,68.79,68.795,10065
2026-05-07 15:05:00,68.82,68.84,68.78,68.78,8159
2026-05-07 15:10:00,68.78,68.87,68.7793,68.87,19009
2026-05-07 15:15:00,68.86,68.87,68.75,68.77,24456
2026-05-07 15:20:00,68.76,68.79,68.74,68.74,30220
2026-05-07 15:25:00,68.73,68.84,68.73,68.815,9725
2026-05-07 15:30:00,68.82,68.8799,68.82,68.85,5134
2026-05-07 15:35:00,68.84,68.89,68.82,68.875,12827
2026-05-07 15:40:00,68.88,68.89,68.86,68.865,8159
2026-05-07 15:45:00,68.87,68.87,68.82,68.83,31665
2026-05-07 15:50:00,68.83,68.93,68.76,68.8,294767
2026-05-07 15:55:00,68.79,68.985,68.78,68.98,155011
2026-05-07 16:00:00,68.89,69.172,68.89,69.16,82221
2026-05-07 16:05:00,69,69,69,69,160
2026-05-07 16:20:00,69.02,69.02,69.01,69.01,1026
2026-05-07 16:30:00,69.02,69.08,69.02,69.08,1324
2026-05-07 16:35:00,69.0023,69.0023,68.92,68.92,1001
2026-05-07 16:45:00,68.99,68.99,68.99,68.99,100
2026-05-07 16:55:00,68.91,68.91,68.91,68.91,270
2026-05-07 17:10:00,68.79,68.79,68.79,68.79,110
2026-05-07 17:15:00,68.8,68.8,68.8,68.8,143
2026-05-07 17:40:00,68.73,68.73,68.69,68.69,3219
2026-05-07 17:45:00,68.66,68.66,68.66,68.66,627
2026-05-07 17:50:00,68.593,68.61,68.5011,68.5011,800
2026-05-07 18:00:00,68.53,68.67,68.49,68.49,10955
2026-05-07 18:05:00,68.62,68.63,68.62,68.63,280
2026-05-07 18:15:00,68.71,68.73,68.71,68.73,300
2026-05-07 18:20:00,68.8,68.81,68.8,68.81,200
2026-05-07 18:25:00,68.5977,68.5977,68.5977,68.5977,400
2026-05-07 18:30:00,68.751,68.751,68.72,68.72,304
2026-05-07 19:45:00,68.735,68.735,68.735,68.735,152
2026-05-07 19:50:00,68.75,68.9,68.75,68.9,750
2026-05-07 19:55:00,68.9,68.9,68.9,68.9,600
2026-05-08 04:00:00,69,69.25,69,69.25,4614
2026-05-08 04:05:00,69.13,69.13,69.13,69.13,197
2026-05-08 04:15:00,69.21,69.21,69.21,69.21,249
2026-05-08 04:35:00,69.35,69.35,69.35,69.35,444
2026-05-08 05:20:00,69.42,69.42,69.42,69.42,483
2026-05-08 05:45:00,69.33,69.33,69.33,69.33,100
2026-05-08 05:55:00,69.2,69.2,69.2,69.2,200
2026-05-08 06:45:00,69.28,69.28,69.28,69.28,163
2026-05-08 07:10:00,69.306,69.3588,69.2865,69.2865,640
2026-05-08 07:20:00,69.25,69.26,69.25,69.26,660
2026-05-08 07:45:00,69.35,69.39,69.35,69.38,1089
2026-05-08 07:55:00,69.3827,69.3827,69.35,69.35,200
2026-05-08 08:00:00,69.28,69.28,69.27,69.27,750
2026-05-08 08:05:00,69.36,69.36,69.28,69.28,300
2026-05-08 08:20:00,69.2234,69.2234,69.2234,69.2234,135
2026-05-08 08:30:00,69.3644,69.3782,69.3644,69.3782,1588
2026-05-08 08:35:00,69.38,69.38,69.3306,69.3306,625
2026-05-08 08:40:00,69.3703,69.3703,69.3703,69.3703,2099
2026-05-08 08:45:00,69.3934,69.399,69.37,69.399,1459
2026-05-08 09:00:00,69.27,69.27,69.27,69.27,200
2026-05-08 09:10:00,69.2883,69.2883,69.2,69.2,2920
2026-05-08 09:20:00,69.25,69.29,69.25,69.29,4386
2026-05-08 09:25:00,69.27,69.27,69.17,69.17,1414
2026-05-08 09:30:00,69.1,69.43,69.08,69.41,102948
2026-05-08 09:35:00,69.43,69.45,69.328,69.39,31007
2026-05-08 09:40:00,69.39,69.545,69.29,69.54,50661
2026-05-08 09:45:00,69.55,69.7801,69.55,69.7801,61227
2026-05-08 09:50:00,69.78,69.78,69.645,69.685,20237
2026-05-08 09:55:00,69.695,69.83,69.67,69.83,26574
2026-05-08 10:00:00,69.83,69.83,69.72,69.78,62323
2026-05-08 10:05:00,69.79,69.79,69.68,69.73,16318
2026-05-08 10:10:00,69.72,69.8,69.7,69.74,22240
2026-05-08 10:15:00,69.74,69.75,69.6299,69.69,17666
2026-05-08 10:20:00,69.68,69.78,69.68,69.78,16420
2026-05-08 10:25:00,69.79,69.81,69.63,69.63,362480
2026-05-08 10:30:00,69.575,69.605,69.49,69.525,42963
2026-05-08 10:35:00,69.53,69.5493,69.46,69.53,45035
2026-05-08 10:40:00,69.55,69.61,69.4855,69.59,30216
2026-05-08 10:45:00,69.5654,69.625,69.55,69.62,28064
2026-05-08 10:50:00,69.63,69.65,69.605,69.625,6818
2026-05-08 10:55:00,69.7,69.71,69.635,69.635,9881
2026-05-08 11:00:00,69.63,69.7441,69.612,69.7,4107
2026-05-08 11:05:00,69.695,69.71,69.645,69.67,21630
2026-05-08 11:10:00,69.6617,69.725,69.625,69.625,14288
2026-05-08 11:15:00,69.62,69.6309,69.54,69.57,75028
2026-05-08 11:20:00,69.5603,69.64,69.5603,69.59,27234
2026-05-08 11:25:00,69.5999,69.63,69.585,69.63,4030
2026-05-08 11:30:00,69.64,69.655,69.56,69.61,30198
2026-05-08 11:35:00,69.64,69.7,69.625,69.665,19612
2026-05-08 11:40:00,69.68,69.69,69.585,69.635,34288
2026-05-08 11:45:00,69.62,69.7,69.62,69.655,13982
2026-05-08 11:50:00,69.64,69.645,69.555,69.5978,26763
2026-05-08 11:55:00,69.585,69.585,69.5,69.5107,39602
2026-05-08 12:00:00,69.54,69.57,69.54,69.56,7317
2026-05-08 12:05:00,69.57,69.595,69.565,69.575,14882
2026-05-08 12:10:00,69.585,69.65,69.585,69.645,14273
2026-05-08 12:15:00,69.64,69.64,69.56,69.56,9126
2026-05-08 12:20:00,69.585,69.585,69.55,69.58,5755
2026-05-08 12:25:00,69.595,69.625,69.58,69.595,8313
2026-05-08 12:30:00,69.58,69.58,69.51,69.555,17716
2026-05-08 12:35:00,69.54,69.5665,69.53,69.54,5264
2026-05-08 12:40:00,69.56,69.56,69.465,69.47,6037
2026-05-08 12:45:00,69.49,69.545,69.49,69.54,10417
2026-05-08 12:50:00,69.5401,69.5401,69.48,69.48,4831
2026-05-08 12:55:00,69.48,69.485,69.44,69.465,7479
2026-05-08 13:00:00,69.46,69.53,69.46,69.53,14389
2026-05-08 13:05:00,69.53,69.54,69.5,69.52,5648
2026-05-08 13:10:00,69.52,69.5299,69.492,69.51,5135
2026-05-08 13:15:00,69.525,69.58,69.525,69.58,6425
2026-05-08 13:20:00,69.57,69.57,69.51,69.53,9056
2026-05-08 13:25:00,69.53,69.535,69.48,69.5299,11429
2026-05-08 13:30:00,69.535,69.5599,69.51,69.5599,9934
2026-05-08 13:35:00,69.555,69.56,69.51,69.51,6369
2026-05-08 13:40:00,69.5107,69.5175,69.46,69.46,5169
2026-05-08 13:45:00,69.46,69.5,69.455,69.48,13436
2026-05-08 13:50:00,69.48,69.525,69.465,69.52,6427
2026-05-08 13:55:00,69.53,69.54,69.49,69.49,14233
2026-05-08 14:00:00,69.48,69.59,69.48,69.56,50176
2026-05-08 14:05:00,69.57,69.5723,69.49,69.49,10586
2026-05-08 14:10:00,69.49,69.52,69.47,69.51,6049
2026-05-08 14:15:00,69.5201,69.555,69.495,69.54,4475
2026-05-08 14:20:00,69.55,69.57,69.5475,69.57,3569
2026-05-08 14:25:00,69.585,69.61,69.58,69.61,3839
2026-05-08 14:30:00,69.61,69.62,69.59,69.61,11386
2026-05-08 14:35:00,69.625,69.6301,69.565,69.57,7364
2026-05-08 14:40:00,69.57,69.57,69.51,69.51,5260
2026-05-08 14:45:00,69.5015,69.52,69.5,69.51,11773
2026-05-08 14:50:00,69.51,69.53,69.465,69.47,7299
2026-05-08 14:55:00,69.46,69.5269,69.44,69.47,11449
2026-05-08 15:00:00,69.485,69.485,69.4621,69.485,5206
2026-05-08 15:05:00,69.51,69.57,69.5,69.53,16961
2026-05-08 15:10:00,69.525,69.53,69.51,69.52,17158
2026-05-08 15:15:00,69.53,69.555,69.53,69.535,20361
2026-05-08 15:20:00,69.5301,69.55,69.5,69.52,45945
2026-05-08 15:25:00,69.525,69.55,69.52,69.52,16295
2026-05-08 15:30:00,69.51,69.565,69.5,69.55,11986
2026-05-08 15:35:00,69.55,69.55,69.53,69.54,8760
2026-05-08 15:40:00,69.545,69.58,69.545,69.56,42812
2026-05-08 15:45:00,69.56,69.62,69.5501,69.6,14737
2026-05-08 15:50:00,69.6,69.7,69.59,69.695,102226
2026-05-08 15:55:00,69.69,69.7,69.58,69.6,110406
2026-05-08 16:00:00,69.62,69.62,69.54,69.54,99885
2026-05-08 16:05:00,69.699,69.709,69.699,69.709,600
2026-05-08 16:10:00,69.6903,69.6903,69.6903,69.6903,400
2026-05-08 16:15:00,69.639,69.639,69.639,69.639,147
2026-05-08 16:30:00,69.536,69.536,69.536,69.536,250
2026-05-08 16:35:00,69.6794,69.6794,69.6794,69.6794,500
2026-05-08 16:55:00,69.57,69.58,69.57,69.58,552
2026-05-08 17:00:00,69.55,69.55,69.4269,69.4269,2012
2026-05-08 17:10:00,69.57,69.57,69.57,69.57,142
2026-05-08 17:15:00,69.51,69.51,69.51,69.51,210
2026-05-08 17:20:00,69.51,69.51,69.51,69.51,200
2026-05-08 17:25:00,69.5864,69.5864,69.5864,69.5864,600
2026-05-08 17:30:00,69.4187,69.4187,69.4187,69.4187,198
2026-05-08 17:35:00,69.5,69.5,69.5,69.5,187
2026-05-08 17:50:00,69.5566,69.5566,69.55,69.55,875
2026-05-08 18:00:00,69.53,69.53,69.53,69.53,100
2026-05-08 18:05:00,69.46,69.46,69.42,69.42,200
2026-05-08 18:15:00,69.48,69.48,69.48,69.48,265
2026-05-08 18:25:00,69.493,69.493,69.493,69.493,150
2026-05-08 18:35:00,69.5034,69.5034,69.5034,69.5034,139
2026-05-08 18:50:00,69.53,69.58,69.53,69.58,1301
2026-05-08 18:55:00,69.53,69.57,69.53,69.57,398
2026-05-08 19:30:00,69.54,69.54,69.52,69.52,500
2026-05-08 19:35:00,69.6,69.6,69.6,69.6,110
2026-05-08 19:40:00,69.5999,69.5999,69.5999,69.5999,500
2026-05-11 04:00:00,68.89,69.27,68.89,69.22,5115
2026-05-11 04:05:00,69.17,69.17,69.15,69.15,310
2026-05-11 04:20:00,69.19,69.2,69.17,69.17,742
2026-05-11 04:35:00,69.2,69.2,69.2,69.2,260
2026-05-11 04:40:00,69.15,69.17,69.15,69.15,551
2026-05-11 04:50:00,69.25,69.25,69.25,69.25,100
2026-05-11 05:05:00,69.24,69.24,69.24,69.24,270
2026-05-11 05:15:00,69.2,69.2,69.2,69.2,200
2026-05-11 05:35:00,69.15,69.15,69.15,69.15,100
2026-05-11 06:15:00,69.14,69.14,69.14,69.14,200
2026-05-11 06:20:00,69.08,69.08,69.08,69.08,270
2026-05-11 06:35:00,69,69,69,69,220
2026-05-11 06:50:00,69.11,69.11,69.1,69.1,3277
2026-05-11 07:00:00,69.11,69.11,69.11,69.11,147
2026-05-11 07:10:00,69.0892,69.17,69.0892,69.17,1249
2026-05-11 07:15:00,69.19,69.2,69.15,69.15,1355
2026-05-11 07:25:00,69.1406,69.17,69.1406,69.17,770
2026-05-11 07:30:00,69.2,69.2,69.2,69.2,240
2026-05-11 07:40:00,69.22,69.22,69.19,69.2,2988
2026-05-11 07:45:00,69.18,69.2,69.14,69.2,647
2026-05-11 07:50:00,69.14,69.14,69.0877,69.0877,2100
2026-05-11 07:55:00,69.13,69.13,69.13,69.13,110
2026-05-11 08:00:00,69.1,69.1,69.1,69.1,248
2026-05-11 08:05:00,69.07,69.1592,69.07,69.1592,510
2026-05-11 08:10:00,69.11,69.11,69.11,69.11,100
2026-05-11 08:20:00,69.08,69.15,69.08,69.15,970
2026-05-11 08:30:00,69.11,69.11,69.11,69.11,100
2026-05-11 08:40:00,69.0503,69.0503,69.0503,69.0503,130
2026-05-11 08:45:00,69.06,69.06,69.0028,69.0028,930
2026-05-11 08:50:00,69.04,69.04,69.02,69.02,210
2026-05-11 09:00:00,69.01,69.01,69,69,2007
2026-05-11 09:10:00,69.0193,69.0193,68.94,68.94,8564
2026-05-11 09:15:00,68.98,69.02,68.98,69.02,551
2026-05-11 09:20:00,68.962,68.962,68.962,68.962,100
2026-05-11 09:25:00,68.91,68.91,68.81,68.81,2100
2026-05-11 09:30:00,68.87,69.03,68.75,69.03,141407
2026-05-11 09:35:00,69.01,69.0915,68.9,69.0915,68210
2026-05-11 09:40:00,69.0967,69.1907,69.0675,69.145,66867
2026-05-11 09:45:00,69.14,69.315,69.14,69.19,48578
2026-05-11 09:50:00,69.195,69.265,69.105,69.145,33623
2026-05-11 09:55:00,69.14,69.165,69.09,69.14,21459
2026-05-11 10:00:00,69.17,69.205,69.115,69.175,28195
2026-05-11 10:05:00,69.185,69.24,69.13,69.145,10934
2026-05-11 10:10:00,69.14,69.165,69.09,69.1481,12743
2026-05-11 10:15:00,69.17,69.225,69.15,69.19,20245
2026-05-11 10:20:00,69.18,69.24,69.18,69.198,13415
2026-05-11 10:25:00,69.22,69.2209,69.03,69.03,29864
2026-05-11 10:30:00,69.02,69.06,68.93,69.0301,34841
2026-05-11 10:35:00,69.03,69.12,69.005,69.12,30166
2026-05-11 10:40:00,69.1,69.135,69.08,69.13,17934
2026-05-11 10:45:00,69.11,69.2,69.06,69.2,27462
2026-05-11 10:50:00,69.205,69.3,69.1999,69.3,20504
2026-05-11 10:55:00,69.32,69.32,69.255,69.2998,14065
2026-05-11 11:00:00,69.315,69.32,69.265,69.31,13271
2026-05-11 11:05:00,69.305,69.445,69.28,69.44,17860
2026-05-11 11:10:00,69.445,69.4551,69.37,69.4,16816
2026-05-11 11:15:00,69.39,69.52,69.39,69.48,36257
2026-05-11 11:20:00,69.465,69.55,69.465,69.55,24079
2026-05-11 11:25:00,69.56,69.725,69.5302,69.7,32911
2026-05-11 11:30:00,69.71,69.74,69.64,69.6967,67999
2026-05-11 11:35:00,69.7,69.7401,69.6801,69.72,17636
2026-05-11 11:40:00,69.73,69.8,69.71,69.74,48934
2026-05-11 11:45:00,69.745,69.79,69.72,69.72,28170
2026-05-11 11:50:00,69.705,69.74,69.69,69.725,9365
2026-05-11 11:55:00,69.73,69.77,69.705,69.72,22039
2026-05-11 12:00:00,69.72,69.735,69.68,69.7,47559
2026-05-11 12:05:00,69.7,69.72,69.67,69.695,19831
2026-05-11 12:10:00,69.7,69.78,69.6801,69.765,25017
2026-05-11 12:15:00,69.755,69.7637,69.72,69.73,13614
2026-05-11 12:20:00,69.74,69.74,69.705,69.7201,16325
2026-05-11 12:25:00,69.72,69.775,69.715,69.76,25505
2026-05-11 12:30:00,69.78,69.85,69.78,69.83,7369
2026-05-11 12:35:00,69.81,69.81,69.74,69.74,10832
2026-05-11 12:40:00,69.74,69.7551,69.6,69.65,46414
2026-05-11 12:45:00,69.64,69.6602,69.61,69.61,21677
2026-05-11 12:50:00,69.625,69.635,69.59,69.615,4099
2026-05-11 12:55:00,69.605,69.61,69.56,69.58,8028
2026-05-11 13:00:00,69.61,69.62,69.565,69.59,23234
2026-05-11 13:05:00,69.585,69.585,69.53,69.55,7964
2026-05-11 13:10:00,69.53,69.53,69.4501,69.48,11753
2026-05-11 13:15:00,69.475,69.48,69.45,69.465,42206
2026-05-11 13:20:00,69.465,69.535,69.455,69.535,5526
2026-05-11 13:25:00,69.52,69.57,69.52,69.55,8198
2026-05-11 13:30:00,69.55,69.57,69.5401,69.57,3116
2026-05-11 13:35:00,69.575,69.645,69.571,69.61,7149
2026-05-11 13:40:00,69.61,69.66,69.605,69.66,2100
2026-05-11 13:45:00,69.69,69.71,69.67,69.6728,11618
2026-05-11 13:50:00,69.675,69.7,69.66,69.66,9619
2026-05-11 13:55:00,69.66,69.685,69.64,69.645,18197
2026-05-11 14:00:00,69.67,69.7772,69.67,69.76,7797
2026-05-11 14:05:00,69.75,69.77,69.7321,69.75,5223
2026-05-11 14:10:00,69.745,69.77,69.725,69.725,4924
2026-05-11 14:15:00,69.72,69.73,69.68,69.685,6173
2026-05-11 14:20:00,69.695,69.7376,69.66,69.73,23510
2026-05-11 14:25:00,69.7308,69.7308,69.69,69.715,17586
2026-05-11 14:30:00,69.715,69.715,69.63,69.63,27888
2026-05-11 14:35:00,69.635,69.67,69.6,69.6,19606
2026-05-11 14:40:00,69.6,69.62,69.59,69.6,10848
2026-05-11 14:45:00,69.6,69.638,69.58,69.61,19357
2026-05-11 14:50:00,69.615,69.64,69.56,69.57,19070
2026-05-11 14:55:00,69.57,69.6,69.48,69.48,22706
2026-05-11 15:00:00,69.49,69.54,69.47,69.51,6084
2026-05-11 15:05:00,69.48,69.5501,69.48,69.5501,9919
2026-05-11 15:10:00,69.57,69.62,69.56,69.57,25307
2026-05-11 15:15:00,69.57,69.57,69.5093,69.52,19099
2026-05-11 15:20:00,69.52,69.52,69.46,69.465,16598
2026-05-11 15:25:00,69.47,69.53,69.465,69.51,13941
2026-05-11 15:30:00,69.51,69.56,69.485,69.545,78544
2026-05-11 15:35:00,69.54,69.57,69.53,69.57,41884
2026-05-11 15:40:00,69.57,69.59,69.48,69.48,45051
2026-05-11 15:45:00,69.47,69.5,69.46,69.48,15343
2026-05-11 15:50:00,69.48,69.51,69.4,69.4,38069
2026-05-11 15:55:00,69.41,69.45,69.38,69.445,110568
2026-05-11 16:00:00,69.44,69.44,69.44,69.44,9655
2026-05-11 16:10:00,69.41,69.41,69.37,69.37,1062
2026-05-11 16:20:00,69.53,69.53,69.45,69.45,1200
2026-05-11 16:25:00,69.4,69.4,69.4,69.4,951
2026-05-11 16:35:00,69.3,69.41,69.2896,69.41,953
2026-05-11 17:05:00,69.57,69.57,69.57,69.57,150
2026-05-11 17:25:00,69.2776,69.2776,69.2776,69.2776,300
2026-05-11 17:30:00,69.01,69.01,69.01,69.01,700
2026-05-11 17:45:00,69.4,69.48,69.39,69.39,817
2026-05-11 18:00:00,69.4,69.4,69.4,69.4,120
2026-05-11 18:10:00,69.41,69.43,69.41,69.43,300
2026-05-11 18:20:00,69.43,69.44,69.41,69.41,605
2026-05-11 18:45:00,69.42,69.42,69.42,69.42,157
2026-05-11 18:50:00,69.45,69.48,69.45,69.48,700
2026-05-11 19:05:00,69.43,69.43,69.43,69.43,100
2026-05-11 19:25:00,69.44,69.44,69.44,69.44,395
2026-05-11 19:30:00,69.44,69.44,69.44,69.44,100
2026-05-11 19:35:00,69.47,69.47,69.47,69.47,100
2026-05-11 19:45:00,69.46,69.46,69.46,69.46,564
2026-05-12 04:00:00,69.1957,69.23,68.9,69.05,15943
2026-05-12 04:10:00,68.94,69.17,68.94,68.99,1242
2026-05-12 04:55:00,68.44,68.83,68.44,68.83,222
2026-05-12 05:20:00,68.93,68.93,68.8387,68.8387,310
2026-05-12 06:05:00,68.92,68.92,68.92,68.92,100
2026-05-12 06:10:00,68.92,68.92,68.92,68.92,377
2026-05-12 06:15:00,68.9274,68.9274,68.9274,68.9274,100
2026-05-12 06:20:00,68.9429,68.9429,68.9429,68.9429,100
2026-05-12 06:40:00,68.92,68.92,68.92,68.92,116
2026-05-12 06:50:00,68.9,68.9,68.88,68.9,1247
2026-05-12 06:55:00,68.9,68.94,68.89,68.9,1149
2026-05-12 07:00:00,68.9766,68.9766,68.85,68.85,2000
2026-05-12 07:05:00,68.88,68.8965,68.88,68.8965,220
2026-05-12 07:10:00,68.9,68.9,68.9,68.9,370
2026-05-12 07:20:00,68.86,68.87,68.86,68.87,300
2026-05-12 07:30:00,68.86,68.89,68.85,68.86,2715
2026-05-12 07:35:00,68.86,68.93,68.86,68.93,605
2026-05-12 07:40:00,68.92,68.92,68.9,68.92,965
2026-05-12 07:45:00,68.93,68.93,68.93,68.93,1025
2026-05-12 07:50:00,68.93,68.93,68.93,68.93,100
2026-05-12 07:55:00,68.94,68.94,68.915,68.915,870
2026-05-12 08:10:00,68.8729,68.9385,68.8729,68.9385,300
2026-05-12 08:15:00,68.8763,68.94,68.8763,68.94,852
2026-05-12 08:20:00,68.9,68.95,68.844,68.88,1513
2026-05-12 08:25:00,68.93,68.93,68.93,68.93,100
2026-05-12 08:30:00,68.87,68.88,68.87,68.88,519
2026-05-12 08:35:00,68.99,69.08,68.99,69.08,750
2026-05-12 08:40:00,69.09,69.1,69.01,69.02,1660
2026-05-12 08:45:00,69,69.08,69,69.08,595
2026-05-12 08:50:00,69.11,69.2,69.11,69.2,1797
2026-05-12 08:55:00,69.12,69.15,69.12,69.15,219
2026-05-12 09:10:00,69.23,69.23,69.23,69.23,270
2026-05-12 09:15:00,69.23,69.23,69.23,69.23,110
2026-05-12 09:20:00,69.21,69.21,69.0799,69.0799,368
2026-05-12 09:30:00,69.13,69.28,69.095,69.15,68464
2026-05-12 09:35:00,69.15,69.17,68.98,69.16,24985
2026-05-12 09:40:00,69.18,69.46,69.14,69.44,44922
2026-05-12 09:45:00,69.425,69.43,69.14,69.2,32416
2026-05-12 09:50:00,69.17,69.325,69.09,69.27,21401
2026-05-12 09:55:00,69.27,69.27,69.01,69.08,47610
2026-05-12 10:00:00,69.105,69.105,68.955,69.055,34119
2026-05-12 10:05:00,69.065,69.13,69.005,69.065,60080
2026-05-12 10:10:00,69.065,69.15,68.97,69.15,27433
2026-05-12 10:15:00,69.155,69.26,69.11,69.26,26567
2026-05-12 10:20:00,69.265,69.28,69.16,69.18,18608
2026-05-12 10:25:00,69.175,69.215,68.975,68.975,49402
2026-05-12 10:30:00,68.97,68.98,68.84,68.93,34818
2026-05-12 10:35:00,68.93,69.05,68.875,69.035,28184
2026-05-12 10:40:00,69.035,69.05,68.95,68.99,31370
2026-05-12 10:45:00,69,69,68.88,68.895,25046
2026-05-12 10:50:00,68.89,68.92,68.83,68.875,29676
2026-05-12 10:55:00,68.875,68.905,68.765,68.805,37505
2026-05-12 11:00:00,68.8,68.85,68.76,68.805,33253
2026-05-12 11:05:00,68.785,68.89,68.77,68.865,36076
2026-05-12 11:10:00,68.87,68.875,68.78,68.79,16802
2026-05-12 11:15:00,68.79,68.79,68.71,68.75,69501
2026-05-12 11:20:00,68.75,68.77,68.58,68.63,35876
2026-05-12 11:25:00,68.62,68.65,68.57,68.65,51522
2026-05-12 11:30:00,68.65,68.71,68.605,68.7,39803
2026-05-12 11:35:00,68.6803,68.73,68.625,68.73,31662
2026-05-12 11:40:00,68.73,68.8,68.71,68.795,17095
2026-05-12 11:45:00,68.795,68.82,68.75,68.75,10495
2026-05-12 11:50:00,68.74,68.75,68.7,68.705,8340
2026-05-12 11:55:00,68.69,68.7,68.62,68.645,33468
2026-05-12 12:00:00,68.635,68.78,68.585,68.755,12308
2026-05-12 12:05:00,68.77,68.77,68.7,68.7,7565
2026-05-12 12:10:00,68.695,68.77,68.66,68.77,15548
2026-05-12 12:15:00,68.745,68.745,68.675,68.6881,13223
2026-05-12 12:20:00,68.665,68.68,68.585,68.61,19799
2026-05-12 12:25:00,68.63,68.665,68.615,68.62,15435
2026-05-12 12:30:00,68.595,68.6,68.5,68.53,25186
2026-05-12 12:35:00,68.53,68.59,68.53,68.56,17718
2026-05-12 12:40:00,68.56,68.6001,68.51,68.5477,15409
2026-05-12 12:45:00,68.56,68.562,68.47,68.49,12312
2026-05-12 12:50:00,68.495,68.495,68.415,68.435,23428
2026-05-12 12:55:00,68.43,68.435,68.35,68.38,41109
2026-05-12 13:00:00,68.385,68.44,68.385,68.425,20044
2026-05-12 13:05:00,68.42,68.45,68.405,68.4301,87197
2026-05-12 13:10:00,68.42,68.455,68.395,68.44,37553
2026-05-12 13:15:00,68.4328,68.52,68.4328,68.52,7703
2026-05-12 13:20:00,68.55,68.7,68.55,68.67,12452
2026-05-12 13:25:00,68.65,68.6534,68.57,68.61,10840
2026-05-12 13:30:00,68.63,68.705,68.62,68.705,12244
2026-05-12 13:35:00,68.705,68.71,68.64,68.69,12063
2026-05-12 13:40:00,68.69,68.7209,68.69,68.7209,1825
2026-05-12 13:45:00,68.7,68.705,68.66,68.69,7022
2026-05-12 13:50:00,68.675,68.75,68.67,68.74,4899
2026-05-12 13:55:00,68.72,68.72,68.69,68.72,1961
2026-05-12 14:00:00,68.725,68.73,68.67,68.73,7047
2026-05-12 14:05:00,68.725,68.73,68.67,68.7,5124
2026-05-12 14:10:00,68.7,68.73,68.68,68.715,4332
2026-05-12 14:15:00,68.73,68.745,68.67,68.695,4161
2026-05-12 14:20:00,68.695,68.75,68.68,68.75,3387
2026-05-12 14:25:00,68.74,68.855,68.7365,68.82,18199
2026-05-12 14:30:00,68.82,68.86,68.785,68.795,4158
2026-05-12 14:35:00,68.79,68.85,68.765,68.78,8388
2026-05-12 14:40:00,68.7902,68.805,68.77,68.79,6299
2026-05-12 14:45:00,68.785,68.8,68.76,68.8,4208
2026-05-12 14:50:00,68.805,68.855,68.79,68.835,14421
2026-05-12 14:55:00,68.84,68.875,68.825,68.83,3761
2026-05-12 15:00:00,68.825,68.875,68.82,68.865,6063
2026-05-12 15:05:00,68.855,68.935,68.855,68.915,4276
2026-05-12 15:10:00,68.91,68.98,68.91,68.965,2909
2026-05-12 15:15:00,68.97,69,68.96,68.965,20611
2026-05-12 15:20:00,68.97,69.01,68.96,69.01,4375
2026-05-12 15:25:00,69.02,69.08,69.02,69.075,2340
2026-05-12 15:30:00,69.09,69.13,69.08,69.125,9986
2026-05-12 15:35:00,69.125,69.13,69.09,69.11,4177
2026-05-12 15:40:00,69.105,69.16,69.1,69.16,6783
2026-05-12 15:45:00,69.16,69.16,69.0999,69.12,8671
2026-05-12 15:50:00,69.13,69.25,69.125,69.125,73597
2026-05-12 15:55:00,69.14,69.14,69.055,69.13,76473
2026-05-12 16:00:00,69.12,69.15,69.12,69.15,124533
2026-05-12 16:05:00,69.12,69.13,69.12,69.13,947
2026-05-12 16:15:00,69.01,69.01,69,69,900
2026-05-12 16:50:00,68.7385,68.7385,68.7385,68.7385,350
2026-05-12 17:05:00,69.122,69.122,69.122,69.122,200
2026-05-12 17:10:00,69.06,69.06,69.06,69.06,400
2026-05-12 17:30:00,68.94,68.94,68.94,68.94,124
2026-05-12 17:45:00,69,69,69,69,206
2026-05-12 18:15:00,69.1,69.1,69.1,69.1,400
2026-05-12 18:30:00,69.14,69.16,69.14,69.16,1210
2026-05-12 18:35:00,69.3127,69.3127,69.3127,69.3127,150
2026-05-12 18:40:00,69.21,69.21,69.21,69.21,200
2026-05-12 18:50:00,69.14,69.14,69.14,69.14,108
2026-05-12 18:55:00,69.14,69.14,69.14,69.14,370
2026-05-12 19:00:00,69.16,69.16,69.15,69.15,645
2026-05-12 19:25:00,69.21,69.21,69.21,69.21,516
2026-05-12 19:40:00,69.14,69.14,69.05,69.05,773
2026-05-12 19:45:00,69.111,69.111,69.111,69.111,150
2026-05-12 19:55:00,69.0799,69.0799,69.0799,69.0799,100
2026-05-13 04:00:00,69.429,69.58,69.31,69.58,23099
2026-05-13 04:05:00,69.55,69.55,69.41,69.42,4982
2026-05-13 04:15:00,69.58,69.58,69.58,69.58,195
2026-05-13 04:25:00,69.67,69.67,69.67,69.67,500
2026-05-13 05:30:00,69.39,69.39,69.39,69.39,400
2026-05-13 06:00:00,69.49,69.49,69.49,69.49,300
2026-05-13 06:05:00,69.47,69.47,69.43,69.43,3196
2026-05-13 06:10:00,69.42,69.42,69.42,69.42,2231
2026-05-13 06:20:00,69.43,69.43,69.43,69.43,200
2026-05-13 06:25:00,69.43,69.45,69.42,69.45,1814
2026-05-13 06:35:00,69.43,69.43,69.43,69.43,125
2026-05-13 06:55:00,69.49,69.49,69.49,69.49,200
2026-05-13 07:00:00,69.49,69.49,69.49,69.49,100
2026-05-13 07:05:00,69.44,69.44,69.44,69.44,100
2026-05-13 07:10:00,69.4,69.4,69.39,69.4,375
2026-05-13 07:25:00,69.42,69.42,69.42,69.42,171
2026-05-13 07:40:00,69.47,69.47,69.47,69.47,100
2026-05-13 07:45:00,69.46,69.46,69.46,69.46,100
2026-05-13 08:00:00,69.42,69.42,69.42,69.42,699
2026-05-13 08:05:00,69.4,69.41,69.39,69.4,1476
2026-05-13 08:10:00,69.39,69.39,69.35,69.35,959
2026-05-13 08:20:00,69.29,69.29,69.29,69.29,370
2026-05-13 08:25:00,69.35,69.35,69.35,69.35,300
2026-05-13 08:30:00,69.29,69.29,69.23,69.23,1240
2026-05-13 08:35:00,69.2,69.2,69.04,69.05,1289
2026-05-13 08:40:00,69.02,69.03,69,69.03,1885
2026-05-13 08:45:00,68.9148,69.14,68.9148,69.14,1500
2026-05-13 08:55:00,69.09,69.12,69.08,69.12,1959
2026-05-13 09:00:00,69.1,69.1169,68.9977,69.1169,1599
2026-05-13 09:05:00,69.24,69.25,69.24,69.25,400
2026-05-13 09:20:00,69.17,69.17,69.17,69.17,220
2026-05-13 09:25:00,69.25,69.25,69.24,69.24,200
2026-05-13 09:30:00,69.22,69.31,69,69.31,36697
2026-05-13 09:35:00,69.325,69.35,69.215,69.225,34358
2026-05-13 09:40:00,69.21,69.32,69.14,69.265,31748
2026-05-13 09:45:00,69.26,69.27,68.88,69.02,67134
2026-05-13 09:50:00,69.04,69.34,68.965,69.34,16600
2026-05-13 09:55:00,69.35,69.3599,69.21,69.345,33234
2026-05-13 10:00:00,69.315,69.4,69.3,69.35,31910
2026-05-13 10:05:00,69.39,69.49,69.38,69.405,49583
2026-05-13 10:10:00,69.445,69.595,69.415,69.55,31197
2026-05-13 10:15:00,69.56,69.61,69.49,69.515,25832
2026-05-13 10:20:00,69.53,69.665,69.53,69.62,34144
2026-05-13 10:25:00,69.63,69.72,69.63,69.65,19553
2026-05-13 10:30:00,69.64,69.71,69.63,69.71,15020
2026-05-13 10:35:00,69.718,69.75,69.62,69.63,13174
2026-05-13 10:40:00,69.635,69.8,69.635,69.8,12810
2026-05-13 10:45:00,69.765,69.785,69.71,69.785,5780
2026-05-13 10:50:00,69.805,69.905,69.785,69.86,28032
2026-05-13 10:55:00,69.87,69.9469,69.86,69.92,22752
2026-05-13 11:00:00,69.925,70.055,69.925,70,32864
2026-05-13 11:05:00,70.0093,70.0351,69.95,70.029,21330
2026-05-13 11:10:00,70.045,70.0565,69.96,70,7380
2026-05-13 11:15:00,70.015,70.07,69.99,70.05,14687
2026-05-13 11:20:00,70.07,70.1,70.01,70.025,12515
2026-05-13 11:25:00,70.04,70.14,69.99,70.135,12224
2026-05-13 11:30:00,70.12,70.25,70.06,70.225,13341
2026-05-13 11:35:00,70.22,70.27,70.2054,70.27,8401
2026-05-13 11:40:00,70.27,70.37,70.27,70.37,21121
2026-05-13 11:45:00,70.369,70.37,70.28,70.29,29028
2026-05-13 11:50:00,70.28,70.28,70.195,70.26,28307
2026-05-13 11:55:00,70.2199,70.225,70.17,70.1701,21422
2026-05-13 12:00:00,70.185,70.255,70.155,70.255,23405
2026-05-13 12:05:00,70.255,70.295,70.225,70.295,11501
2026-05-13 12:10:00,70.305,70.355,70.28,70.355,13342
2026-05-13 12:15:00,70.375,70.39,70.315,70.3299,16418
2026-05-13 12:20:00,70.335,70.5,70.32,70.47,35153
2026-05-13 12:25:00,70.485,70.57,70.4707,70.545,29679
2026-05-13 12:30:00,70.54,70.575,70.5,70.545,29840
2026-05-13 12:35:00,70.54,70.579,70.53,70.535,14351
2026-05-13 12:40:00,70.52,70.55,70.5021,70.51,7201
2026-05-13 12:45:00,70.51,70.55,70.495,70.52,16814
2026-05-13 12:50:00,70.52,70.545,70.485,70.54,12276
2026-05-13 12:55:00,70.55,70.62,70.55,70.585,21478
2026-05-13 13:00:00,70.59,70.6699,70.59,70.645,6050
2026-05-13 13:05:00,70.659,70.6839,70.605,70.61,23308
2026-05-13 13:10:00,70.63,70.655,70.605,70.61,7968
2026-05-13 13:15:00,70.635,70.65,70.585,70.605,13762
2026-05-13 13:20:00,70.605,70.605,70.525,70.5265,5654
2026-05-13 13:25:00,70.525,70.5807,70.525,70.575,30159
2026-05-13 13:30:00,70.575,70.58,70.51,70.54,10653
2026-05-13 13:35:00,70.525,70.5351,70.495,70.5101,9798
2026-05-13 13:40:00,70.51,70.55,70.5,70.55,19857
2026-05-13 13:45:00,70.558,70.58,70.54,70.5745,13178
2026-05-13 13:50:00,70.575,70.59,70.545,70.56,6229
2026-05-13 13:55:00,70.555,70.56,70.455,70.455,6103
2026-05-13 14:00:00,70.46,70.6,70.46,70.6,8812
2026-05-13 14:05:00,70.61,70.635,70.6,70.63,14013
2026-05-13 14:10:00,70.64,70.72,70.63,70.72,8540
2026-05-13 14:15:00,70.75,70.77,70.72,70.72,7925
2026-05-13 14:20:00,70.72,70.765,70.71,70.715,13425
2026-05-13 14:25:00,70.71,70.715,70.685,70.685,17362
2026-05-13 14:30:00,70.68,70.705,70.66,70.705,17223
2026-05-13 14:35:00,70.705,70.71,70.63,70.6793,9602
2026-05-13 14:40:00,70.67,70.695,70.6,70.6,18518
2026-05-13 14:45:00,70.605,70.648,70.605,70.63,14868
2026-05-13 14:50:00,70.63,70.635,70.605,70.63,12300
2026-05-13 14:55:00,70.63,70.63,70.51,70.51,11161
2026-05-13 15:00:00,70.525,70.57,70.525,70.5301,19403
2026-05-13 15:05:00,70.54,70.64,70.54,70.635,15209
2026-05-13 15:10:00,70.63,70.64,70.6101,70.635,20028
2026-05-13 15:15:00,70.635,70.65,70.615,70.64,23867
2026-05-13 15:20:00,70.635,70.635,70.47,70.47,15975
2026-05-13 15:25:00,70.465,70.55,70.46,70.55,31428
2026-05-13 15:30:00,70.55,70.565,70.52,70.55,20024
2026-05-13 15:35:00,70.545,70.5799,70.54,70.57,13876
2026-05-13 15:40:00,70.58,70.58,70.53,70.565,15839
2026-05-13 15:45:00,70.56,70.59,70.53,70.545,18051
2026-05-13 15:50:00,70.54,70.54,70.42,70.48,96844
2026-05-13 15:55:00,70.49,70.54,70.47,70.53,157425
2026-05-13 16:00:00,70.53,70.53,70.46,70.46,147233
2026-05-13 16:05:00,70.47,70.47,70.47,70.47,100
2026-05-13 16:10:00,70.5,70.51,70.5,70.51,605
2026-05-13 16:15:00,70.51,70.51,70.51,70.51,300
2026-05-13 16:30:00,70.51,70.51,70.51,70.51,263
2026-05-13 16:45:00,70.53,70.53,70.5285,70.5285,382
2026-05-13 16:55:00,70.56,70.56,70.54,70.54,400
2026-05-13 17:05:00,70.5909,70.5909,70.5909,70.5909,150
2026-05-13 17:10:00,70.586,70.586,70.586,70.586,1000
2026-05-13 17:15:00,70.55,70.55,70.55,70.55,335
2026-05-13 17:20:00,70.56,70.56,70.56,70.56,585
2026-05-13 17:25:00,70.54,70.54,70.54,70.54,100
2026-05-13 17:30:00,70.6,70.6,70.6,70.6,100
2026-05-13 17:50:00,70.56,70.56,70.56,70.56,100
2026-05-13 18:00:00,70.55,70.55,70.53,70.53,1699
2026-05-13 18:20:00,70.51,70.53,70.51,70.53,454
2026-05-13 18:35:00,70.51,70.51,70.51,70.51,300
2026-05-13 18:40:00,70.55,70.55,70.55,70.55,100
2026-05-13 18:45:00,70.54,70.6,70.54,70.6,1040
2026-05-13 18:50:00,70.62,70.62,70.62,70.62,100
2026-05-13 18:55:00,70.6,70.6261,70.6,70.6261,334
2026-05-13 19:05:00,70.68,70.68,70.665,70.665,380
2026-05-13 19:10:00,70.68,70.68,70.68,70.68,190
2026-05-13 19:15:00,70.6755,70.6755,70.6755,70.6755,190
2026-05-13 19:25:00,70.68,70.7,70.66,70.7,4499
2026-05-13 19:30:00,70.68,70.68,70.68,70.68,100
2026-05-13 19:35:00,70.6861,70.6861,70.68,70.68,450
2026-05-13 19:40:00,70.67,70.67,70.67,70.67,5000
2026-05-13 19:50:00,70.6998,70.6998,70.6935,70.6935,375
2026-05-13 19:55:00,70.69,71,70.69,71,511
2026-05-14 04:00:00,70.84,70.9,70.39,70.82,19721
2026-05-14 04:05:00,70.78,70.8,70.78,70.8,235
2026-05-14 04:10:00,70.86,70.86,70.86,70.86,210
2026-05-14 04:15:00,70.85,70.85,70.85,70.85,100
2026-05-14 04:35:00,70.9,70.9,70.9,70.9,100
2026-05-14 05:25:00,70.84,70.84,70.84,70.84,120
2026-05-14 05:35:00,70.78,70.78,70.78,70.78,338
2026-05-14 05:40:00,70.7,70.7,70.65,70.65,909
2026-05-14 05:50:00,70.71,70.71,70.71,70.71,400
2026-05-14 06:05:00,70.83,70.85,70.83,70.85,4314
2026-05-14 06:30:00,70.87,70.87,70.87,70.87,100
2026-05-14 06:55:00,70.86,70.86,70.86,70.86,100
2026-05-14 07:00:00,70.95,70.95,70.95,70.95,990
2026-05-14 07:05:00,70.95,70.95,70.95,70.95,100
2026-05-14 07:10:00,70.95,70.95,70.94,70.95,855
2026-05-14 07:15:00,70.94,70.94,70.92,70.9322,3742
2026-05-14 07:20:00,70.92,70.92,70.87,70.87,1361
2026-05-14 07:25:00,70.87,70.87,70.87,70.87,4471
2026-05-14 07:30:00,70.83,70.8841,70.83,70.8662,897
2026-05-14 07:35:00,70.9,70.9,70.9,70.9,140
2026-05-14 07:40:00,70.9,70.91,70.8965,70.91,2305
2026-05-14 07:45:00,70.91,70.95,70.9,70.95,1187
2026-05-14 07:55:00,70.95,70.95,70.94,70.94,1067
2026-05-14 08:00:00,70.92,70.92,70.92,70.92,160
2026-05-14 08:10:00,70.95,70.96,70.949,70.949,300
2026-05-14 08:15:00,70.94,70.94,70.94,70.94,100
2026-05-14 08:20:00,70.9559,70.9559,70.9559,70.9559,150
2026-05-14 08:25:00,70.95,70.95,70.95,70.95,1300
2026-05-14 08:30:00,70.92,70.92,70.91,70.91,2600
2026-05-14 08:35:00,70.9,70.9,70.8546,70.8546,1057
2026-05-14 08:40:00,70.86,70.86,70.86,70.86,1495
2026-05-14 08:45:00,70.82,70.911,70.82,70.911,250
2026-05-14 08:50:00,70.88,70.88,70.82,70.82,401
2026-05-14 08:55:00,70.77,70.77,70.77,70.77,100
2026-05-14 09:00:00,70.77,70.77,70.77,70.77,200
2026-05-14 09:05:00,70.7,70.72,70.7,70.72,360
2026-05-14 09:10:00,70.7,70.7,70.7,70.7,125
2026-05-14 09:15:00,70.673,70.68,70.673,70.68,230
2026-05-14 09:20:00,70.67,70.8566,70.66,70.8566,704
2026-05-14 09:25:00,70.73,70.73,70.6,70.6,3600
2026-05-14 09:30:00,70.72,70.73,70.47,70.56,84089
2026-05-14 09:35:00,70.54,70.59,70.5001,70.53,104096
2026-05-14 09:40:00,70.5,70.6343,70.445,70.6,48345
2026-05-14 09:45:00,70.6,70.735,70.555,70.62,58522
2026-05-14 09:50:00,70.61,70.65,70.495,70.495,93753
2026-05-14 09:55:00,70.485,70.56,70.37,70.4,37362
2026-05-14 10:00:00,70.395,70.6,70.385,70.58,21181
2026-05-14 10:05:00,70.58,70.5835,70.45,70.53,26966
2026-05-14 10:10:00,70.525,70.61,70.485,70.56,41102
2026-05-14 10:15:00,70.56,70.73,70.55,70.725,37029
2026-05-14 10:20:00,70.71,70.81,70.66,70.75,12637
2026-05-14 10:25:00,70.76,70.7692,70.58,70.6,16219
2026-05-14 10:30:00,70.63,70.68,70.58,70.645,15873
2026-05-14 10:35:00,70.65,70.725,70.63,70.68,6880
2026-05-14 10:40:00,70.665,70.8,70.665,70.795,11180
2026-05-14 10:45:00,70.795,70.86,70.79,70.81,134213
2026-05-14 10:50:00,70.82,70.92,70.82,70.851,22520
2026-05-14 10:55:00,70.87,70.895,70.77,70.78,20886
2026-05-14 11:00:00,70.79,70.8451,70.76,70.82,8710
2026-05-14 11:05:00,70.79,70.9,70.79,70.875,103932
2026-05-14 11:10:00,70.875,70.925,70.855,70.915,55450
2026-05-14 11:15:00,70.938,70.978,70.938,70.9587,16730
2026-05-14 11:20:00,70.98,71.01,70.915,70.97,24209
2026-05-14 11:25:00,70.98,71,70.96,70.965,14365
2026-05-14 11:30:00,70.96,71.06,70.96,71.02,27044
2026-05-14 11:35:00,71.021,71.06,71,71.0397,21682
2026-05-14 11:40:00,71.045,71.095,71.025,71.0873,6826
2026-05-14 11:45:00,71.09,71.09,70.99,71.015,16379
2026-05-14 11:50:00,71.02,71.03,70.985,71.0181,6992
2026-05-14 11:55:00,71.02,71.095,71.02,71.065,35264
2026-05-14 12:00:00,71.065,71.15,71.065,71.15,7417
2026-05-14 12:05:00,71.15,71.16,71.12,71.1379,7653
2026-05-14 12:10:00,71.13,71.15,71.0399,71.0399,11836
2026-05-14 12:15:00,71.04,71.1,71.03,71.04,4903
2026-05-14 12:20:00,71.0693,71.14,71.045,71.05,7254
2026-05-14 12:25:00,71.045,71.05,70.908,70.908,29605
2026-05-14 12:30:00,70.94,70.95,70.86,70.86,8029
2026-05-14 12:35:00,70.88,70.955,70.88,70.95,8093
2026-05-14 12:40:00,70.95,70.9781,70.925,70.93,6909
2026-05-14 12:45:00,70.94,70.95,70.85,70.905,24874
2026-05-14 12:50:00,70.9,70.91,70.83,70.91,4456
2026-05-14 12:55:00,70.92,70.94,70.87,70.92,9487
2026-05-14 13:00:00,70.93,70.97,70.93,70.9399,3805
2026-05-14 13:05:00,70.93,70.935,70.815,70.815,18475
2026-05-14 13:10:00,70.8,70.835,70.76,70.76,6871
2026-05-14 13:15:00,70.76,70.79,70.69,70.71,12662
2026-05-14 13:20:00,70.73,70.82,70.72,70.77,19125
2026-05-14 13:25:00,70.76,70.88,70.73,70.8705,17216
2026-05-14 13:30:00,70.865,70.9,70.845,70.856,10584
2026-05-14 13:35:00,70.86,70.9278,70.825,70.9135,6464
2026-05-14 13:40:00,70.9189,70.93,70.9,70.93,5552
2026-05-14 13:45:00,70.94,71,70.94,70.99,20881
2026-05-14 13:50:00,70.985,71.01,70.98,71.01,12147
2026-05-14 13:55:00,71.02,71.035,71.005,71.005,6466
2026-05-14 14:00:00,71,71,70.815,70.835,18369
2026-05-14 14:05:00,70.84,70.86,70.8301,70.848,1830
2026-05-14 14:10:00,70.8401,70.9007,70.83,70.9,18404
2026-05-14 14:15:00,70.892,70.9393,70.8893,70.9393,4249
2026-05-14 14:20:00,70.91,70.91,70.865,70.87,10311
2026-05-14 14:25:00,70.87,70.87,70.8,70.82,5541
2026-05-14 14:30:00,70.815,70.85,70.815,70.8299,6881
2026-05-14 14:35:00,70.81,70.82,70.8,70.82,1826
2026-05-14 14:40:00,70.8,70.8399,70.8,70.825,4075
2026-05-14 14:45:00,70.8001,70.88,70.8,70.875,208378
2026-05-14 14:50:00,70.88,70.9001,70.87,70.9001,422666
2026-05-14 14:55:00,70.915,70.93,70.88,70.89,12285
2026-05-14 15:00:00,70.9,70.955,70.9,70.95,11758
2026-05-14 15:05:00,70.97,70.985,70.945,70.985,3970
2026-05-14 15:10:00,70.96,70.97,70.9,70.9,2972
2026-05-14 15:15:00,70.9226,70.95,70.91,70.95,1804
2026-05-14 15:20:00,70.945,70.97,70.925,70.925,3511
2026-05-14 15:25:00,70.925,70.935,70.89,70.89,5196
2026-05-14 15:30:00,70.89,70.9201,70.885,70.885,6089
2026-05-14 15:35:00,70.885,70.8951,70.8641,70.88,17397
2026-05-14 15:40:00,70.89,70.91,70.88,70.8929,15987
2026-05-14 15:45:00,70.88,70.9,70.85,70.88,163701
2026-05-14 15:50:00,70.875,70.875,70.81,70.875,50497
2026-05-14 15:55:00,70.86,70.885,70.81,70.87,105456
2026-05-14 16:00:00,70.88,70.94,70.87,70.87,369333
2026-05-14 16:05:00,70.89,70.89,70.89,70.89,100
2026-05-14 16:10:00,70.6705,70.6705,70.6705,70.6705,2245
2026-05-14 16:15:00,70.79,70.79,70.75,70.77,4964
2026-05-14 16:35:00,70.67,70.67,70.67,70.67,101
2026-05-14 16:50:00,70.75,70.75,70.75,70.75,299
2026-05-14 17:20:00,70.6939,70.78,70.6939,70.78,1122
2026-05-14 17:25:00,70.725,70.725,70.725,70.725,300
2026-05-14 17:30:00,70.73,70.73,70.73,70.73,110
2026-05-14 17:55:00,70.77,70.77,70.77,70.77,100
2026-05-14 18:00:00,70.77,70.77,70.77,70.77,400
2026-05-14 18:25:00,70.84,70.84,70.84,70.84,100
2026-05-14 18:45:00,70.84,70.84,70.84,70.84,516
2026-05-14 19:00:00,70.85,70.85,70.85,70.85,100
2026-05-14 19:10:00,70.9259,70.9259,70.9259,70.9259,100
2026-05-14 19:15:00,70.8504,70.8504,70.8504,70.8504,300
2026-05-15 04:00:00,69.93,70.56,69.75,69.96,42145
2026-05-15 04:10:00,69.89,69.9,69.79,69.87,514
2026-05-15 04:25:00,69.78,69.78,69.5,69.5,900
2026-05-15 04:30:00,69.57,69.57,69.57,69.57,113
2026-05-15 04:35:00,69.61,69.67,69.55,69.64,634
2026-05-15 04:50:00,69.75,69.75,69.75,69.75,200
2026-05-15 05:00:00,69.76,69.76,69.75,69.76,300
2026-05-15 05:10:00,69.69,69.69,69.68,69.69,800
2026-05-15 05:15:00,69.68,69.68,69.5,69.5,430
2026-05-15 05:20:00,69.62,69.62,69.62,69.62,569
2026-05-15 05:25:00,69.65,69.65,69.63,69.63,297
2026-05-15 05:30:00,69.74,69.82,69.74,69.82,1098
2026-05-15 05:40:00,69.63,69.66,69.5145,69.62,5593
2026-05-15 05:45:00,69.62,69.62,69.5,69.6,3193
2026-05-15 05:50:00,69.56,69.56,69.47,69.47,1289
2026-05-15 05:55:00,69.65,69.68,69.62,69.62,1231
2026-05-15 06:00:00,69.62,69.64,69.61,69.61,986
2026-05-15 06:05:00,69.7,69.7,69.69,69.69,1012
2026-05-15 06:10:00,69.7,69.76,69.4174,69.58,3440
2026-05-15 06:15:00,69.78,69.8,69.72,69.72,2670
2026-05-15 06:20:00,69.72,69.77,69.72,69.75,785
2026-05-15 06:25:00,69.71,69.71,69.48,69.65,814
2026-05-15 06:30:00,69.73,69.8,69.73,69.8,881
2026-05-15 06:35:00,69.71,69.71,69.65,69.67,600
2026-05-15 06:40:00,69.69,69.75,69.69,69.75,520
2026-05-15 06:45:00,69.79,69.8,69.79,69.8,1488
2026-05-15 06:50:00,69.82,69.86,69.8,69.86,939
2026-05-15 07:00:00,69.89,70,69.84,69.84,5959
2026-05-15 07:05:00,69.844,69.844,69.844,69.844,150
2026-05-15 07:10:00,69.95,69.95,69.95,69.95,261
2026-05-15 07:15:00,70,70,69.92,69.92,1887
2026-05-15 07:20:00,69.94,70.01,69.94,69.98,770
2026-05-15 07:25:00,69.85,69.9439,69.85,69.9439,706
2026-05-15 07:30:00,69.8802,69.9,69.8802,69.9,262
2026-05-15 07:35:00,69.85,69.85,69.7379,69.7379,1452
2026-05-15 07:50:00,69.9,69.93,69.9,69.93,540
2026-05-15 08:00:00,69.82,69.83,69.82,69.83,400
2026-05-15 08:05:00,69.81,69.81,69.72,69.72,1513
2026-05-15 08:15:00,69.7,69.7147,69.69,69.69,520
2026-05-15 08:20:00,69.79,69.79,69.7,69.7,2300
2026-05-15 08:25:00,69.69,69.71,69.69,69.7,1489
2026-05-15 08:30:00,69.7,69.7,69.66,69.66,2675
2026-05-15 08:40:00,69.6,69.62,69.6,69.6,2560
2026-05-15 08:45:00,69.6,69.6073,69.55,69.6,1844
2026-05-15 08:50:00,69.5,69.5,69.5,69.5,355
2026-05-15 09:00:00,69.5005,69.5005,69.5,69.5,573
2026-05-15 09:05:00,69.6,69.6,69.56,69.56,1900
2026-05-15 09:10:00,69.59,69.64,69.571,69.64,1101
2026-05-15 09:15:00,69.54,69.54,69.54,69.54,176
2026-05-15 09:20:00,69.62,69.62,69.62,69.62,380
2026-05-15 09:25:00,69.7,70.13,69.561,70.13,4631
2026-05-15 09:30:00,70.02,70.065,69.6201,69.71,70741
2026-05-15 09:35:00,69.7,69.85,69.6,69.655,63351
2026-05-15 09:40:00,69.66,69.8,69.63,69.655,58133
2026-05-15 09:45:00,69.67,69.81,69.48,69.8051,55902
2026-05-15 09:50:00,69.81,69.94,69.77,69.925,35289
2026-05-15 09:55:00,69.94,69.99,69.71,69.71,38208
2026-05-15 10:00:00,69.72,69.87,69.67,69.83,36162
2026-05-15 10:05:00,69.82,69.985,69.78,69.94,29423
2026-05-15 10:10:00,69.97,70.105,69.87,70.1,26574
2026-05-15 10:15:00,70.11,70.1599,70.06,70.11,23210
2026-05-15 10:20:00,70.09,70.198,70.085,70.09,37174
2026-05-15 10:25:00,70.07,70.08,69.92,69.96,38707
2026-05-15 10:30:00,69.96,70.145,69.955,70.145,33976
2026-05-15 10:35:00,70.15,70.21,70.06,70.13,30659
2026-05-15 10:40:00,70.145,70.24,70.145,70.22,18744
2026-05-15 10:45:00,70.23,70.2378,70.05,70.06,16158
2026-05-15 10:50:00,70.03,70.18,70,70.18,13789
2026-05-15 10:55:00,70.2,70.235,70.125,70.135,17487
2026-05-15 11:00:00,70.14,70.18,70.085,70.145,11514
2026-05-15 11:05:00,70.15,70.23,70.07,70.23,9878
2026-05-15 11:10:00,70.25,70.27,70.13,70.17,14307
2026-05-15 11:15:00,70.17,70.27,70.13,70.25,12352
2026-05-15 11:20:00,70.27,70.33,70.215,70.235,14797
2026-05-15 11:25:00,70.23,70.275,70.15,70.21,18943
2026-05-15 11:30:00,70.24,70.315,70.235,70.235,22838
2026-05-15 11:35:00,70.205,70.31,70.17,70.205,9544
2026-05-15 11:40:00,70.165,70.205,70.02,70.05,20809
2026-05-15 11:45:00,70.06,70.075,69.985,70,9883
2026-05-15 11:50:00,69.9901,69.9901,69.92,69.96,11918
2026-05-15 11:55:00,69.92,70.065,69.92,70.05,25656
2026-05-15 12:00:00,70.07,70.15,70.035,70.06,12816
2026-05-15 12:05:00,70.06,70.115,70.02,70.115,6708
2026-05-15 12:10:00,70.11,70.11,69.995,70.07,42529
2026-05-15 12:15:00,70.07,70.07,69.99,70.045,14413
2026-05-15 12:20:00,70.04,70.185,70.03,70.185,6637
2026-05-15 12:25:00,70.18,70.255,70.17,70.245,10469
2026-05-15 12:30:00,70.24,70.28,70.23,70.25,4755
2026-05-15 12:35:00,70.235,70.27,70.2019,70.2399,11017
2026-05-15 12:40:00,70.23,70.23,70.165,70.205,6148
2026-05-15 12:45:00,70.205,70.235,70.195,70.2,4729
2026-05-15 12:50:00,70.205,70.22,70.115,70.125,6118
2026-05-15 12:55:00,70.1,70.18,70.1,70.16,5819
2026-05-15 13:00:00,70.15,70.21,70.13,70.1786,9830
2026-05-15 13:05:00,70.16,70.265,70.16,70.255,21518
2026-05-15 13:10:00,70.26,70.35,70.26,70.35,18657
2026-05-15 13:15:00,70.3,70.365,70.29,70.365,8168
2026-05-15 13:20:00,70.36,70.425,70.355,70.425,16598
2026-05-15 13:25:00,70.43,70.505,70.43,70.5,11388
2026-05-15 13:30:00,70.5,70.62,70.48,70.62,42292
2026-05-15 13:35:00,70.61,70.625,70.535,70.585,7563
2026-05-15 13:40:00,70.5899,70.59,70.505,70.54,10451
2026-05-15 13:45:00,70.54,70.565,70.535,70.55,5755
2026-05-15 13:50:00,70.55,70.5999,70.535,70.575,18664
2026-05-15 13:55:00,70.57,70.59,70.55,70.59,5327
2026-05-15 14:00:00,70.6,70.635,70.6,70.6075,10388
2026-05-15 14:05:00,70.605,70.655,70.59,70.605,12413
2026-05-15 14:10:00,70.59,70.62,70.58,70.5801,16675
2026-05-15 14:15:00,70.575,70.575,70.385,70.39,10407
2026-05-15 14:20:00,70.385,70.5,70.38,70.47,12343
2026-05-15 14:25:00,70.48,70.485,70.36,70.395,8242
2026-05-15 14:30:00,70.39,70.393,70.23,70.275,15194
2026-05-15 14:35:00,70.275,70.37,70.265,70.37,21891
2026-05-15 14:40:00,70.37,70.37,70.28,70.31,62594
2026-05-15 14:45:00,70.31,70.34,70.2501,70.31,34924
2026-05-15 14:50:00,70.325,70.35,70.285,70.345,5780
2026-05-15 14:55:00,70.34,70.365,70.28,70.315,11166
2026-05-15 15:00:00,70.32,70.33,70.19,70.195,11191
2026-05-15 15:05:00,70.21,70.225,70.17,70.205,15372
2026-05-15 15:10:00,70.16,70.175,70.11,70.155,10453
2026-05-15 15:15:00,70.15,70.16,70.09,70.12,13990
2026-05-15 15:20:00,70.11,70.16,70.05,70.05,16022
2026-05-15 15:25:00,70.06,70.085,70.05,70.075,13872
2026-05-15 15:30:00,70.08,70.13,70.045,70.075,14372
2026-05-15 15:35:00,70.08,70.155,70.07,70.1501,6717
2026-05-15 15:40:00,70.175,70.175,70.08,70.085,9123
2026-05-15 15:45:00,70.08,70.105,70.04,70.085,15040
2026-05-15 15:50:00,70.08,70.08,69.88,69.8808,218431
2026-05-15 15:55:00,69.89,70.01,69.86,69.93,1002477
2026-05-15 16:00:00,69.84,69.84,69.768,69.768,232639
2026-05-15 16:05:00,69.7186,69.7186,69.7186,69.7186,350
2026-05-15 16:10:00,69.899,69.899,69.899,69.899,183
2026-05-15 16:20:00,69.82,69.82,69.7,69.7,28780
2026-05-15 16:30:00,69.71,69.71,69.71,69.71,212
2026-05-15 16:35:00,69.74,69.75,69.69,69.7,39970
2026-05-15 16:40:00,69.7,69.7,69.676,69.676,2365
2026-05-15 16:45:00,69.7,69.7,69.7,69.7,41833
2026-05-15 16:55:00,69.72,69.78,69.72,69.78,2200
2026-05-15 17:00:00,69.78,69.8444,69.78,69.8,1784
2026-05-15 17:15:00,69.78,69.78,69.78,69.78,154
2026-05-15 17:25:00,69.8,69.8,69.711,69.755,3219
2026-05-15 17:30:00,69.71,69.71,69.71,69.71,197
2026-05-15 17:35:00,69.7,69.7,69.6492,69.6492,308
2026-05-15 17:45:00,69.72,69.72,69.72,69.72,235
2026-05-15 17:55:00,69.7,69.74,69.7,69.74,353
2026-05-15 18:00:00,69.71,69.71,69.71,69.71,186
2026-05-15 18:05:00,69.74,69.74,69.74,69.74,120
2026-05-15 18:20:00,69.73,69.78,69.73,69.78,1924
2026-05-15 19:00:00,69.7,69.7,69.6473,69.6473,1300
2026-05-15 19:05:00,69.7,69.7,69.64,69.64,1085
2026-05-15 19:25:00,69.68,69.68,69.6799,69.6799,200
2026-05-15 19:30:00,69.66,69.66,69.64,69.64,400
2026-05-15 19:40:00,69.64,69.64,69.62,69.62,500
2026-05-18 04:00:00,69.28,69.54,69.2,69.54,14350
2026-05-18 04:10:00,69.7575,69.7575,69.7575,69.7575,200
2026-05-18 04:20:00,69.75,69.75,69.7,69.7,340
2026-05-18 04:50:00,69.52,69.52,69.52,69.52,143
2026-05-18 04:55:00,69.66,69.66,69.66,69.66,372
2026-05-18 05:20:00,69.73,69.73,69.73,69.73,120
2026-05-18 05:35:00,69.68,69.68,69.68,69.68,100
2026-05-18 06:05:00,69.53,69.53,69.52,69.52,312
2026-05-18 07:00:00,69.5,69.5,69.5,69.5,440
2026-05-18 07:20:00,69.45,69.45,69.45,69.45,100
2026-05-18 07:30:00,69.3073,69.5,69.3073,69.5,1894
2026-05-18 07:35:00,69.49,69.6,69.4035,69.6,2839
2026-05-18 07:40:00,69.7,69.74,69.5,69.5,1405
2026-05-18 07:45:00,69.74,69.75,69.5156,69.5156,803
2026-05-18 07:50:00,69.5304,69.5304,69.5304,69.5304,100
2026-05-18 07:55:00,69.74,69.78,69.7,69.7,661
2026-05-18 08:25:00,69.71,69.71,69.71,69.71,700
2026-05-18 08:30:00,69.7,69.7,69.7,69.7,100
2026-05-18 08:35:00,69.83,69.88,69.83,69.88,1029
2026-05-18 08:40:00,69.88,69.92,69.87,69.92,499
2026-05-18 08:45:00,69.99,70.1,69.99,70.1,578
2026-05-18 08:50:00,70.07,70.07,70.07,70.07,100
2026-05-18 08:55:00,70,70.02,70,70.02,725
2026-05-18 09:00:00,69.95,69.95,69.95,69.95,480
2026-05-18 09:05:00,69.97,69.97,69.97,69.97,710
2026-05-18 09:10:00,69.94,69.94,69.94,69.94,100
2026-05-18 09:15:00,69.93,69.93,69.84,69.84,959
2026-05-18 09:20:00,69.89,69.89,69.89,69.89,354
2026-05-18 09:25:00,69.78,69.78,69.77,69.77,460
2026-05-18 09:30:00,69.82,69.845,69.6204,69.69,84084
2026-05-18 09:35:00,69.69,69.935,69.67,69.88,77505
2026-05-18 09:40:00,69.85,69.92,69.69,69.715,114539
2026-05-18 09:45:00,69.69,69.86,69.6,69.78,66646
2026-05-18 09:50:00,69.77,70.1,69.77,70.06,52604
2026-05-18 09:55:00,70.09,70.15,69.985,70.14,43631
2026-05-18 10:00:00,70.12,70.12,69.8413,69.92,22636
2026-05-18 10:05:00,69.93,70.16,69.87,70.1304,73685
2026-05-18 10:10:00,70.075,70.19,70.0593,70.13,37077
2026-05-18 10:15:00,70.14,70.27,70.105,70.22,32424
2026-05-18 10:20:00,70.23,70.25,70.06,70.08,31150
2026-05-18 10:25:00,70.07,70.12,69.91,69.94,25042
2026-05-18 10:30:00,69.94,70,69.555,69.59,61345
2026-05-18 10:35:00,69.58,69.72,69.42,69.685,46989
2026-05-18 10:40:00,69.69,69.87,69.57,69.81,48575
2026-05-18 10:45:00,69.8,69.825,69.57,69.61,29419
2026-05-18 10:50:00,69.6,69.79,69.59,69.66,41160
2026-05-18 10:55:00,69.665,69.75,69.61,69.72,17760
2026-05-18 11:00:00,69.71,69.75,69.48,69.55,62038
2026-05-18 11:05:00,69.55,69.592,69.49,69.54,16267
2026-05-18 11:10:00,69.52,69.68,69.5,69.625,10024
2026-05-18 11:15:00,69.605,69.615,69.42,69.46,17354
2026-05-18 11:20:00,69.46,69.52,69.395,69.46,20493
2026-05-18 11:25:00,69.47,69.545,69.325,69.33,25657
2026-05-18 11:30:00,69.335,69.45,69.295,69.45,28531
2026-05-18 11:35:00,69.47,69.5565,69.47,69.505,9771
2026-05-18 11:40:00,69.52,69.59,69.44,69.44,6796
2026-05-18 11:45:00,69.41,69.495,69.4,69.47,5450
2026-05-18 11:50:00,69.44,69.515,69.35,69.51,11907
2026-05-18 11:55:00,69.5,69.53,69.44,69.44,10819
2026-05-18 12:00:00,69.46,69.46,69.35,69.385,16170
2026-05-18 12:05:00,69.385,69.49,69.36,69.46,23798
2026-05-18 12:10:00,69.45,69.535,69.44,69.535,5343
2026-05-18 12:15:00,69.55,69.6,69.545,69.6,3323
2026-05-18 12:20:00,69.57,69.67,69.47,69.49,58863
2026-05-18 12:25:00,69.49,69.505,69.155,69.19,42791
2026-05-18 12:30:00,69.15,69.33,69.11,69.28,23474
2026-05-18 12:35:00,69.26,69.42,69.26,69.36,6960
2026-05-18 12:40:00,69.38,69.38,69.272,69.28,4646
2026-05-18 12:45:00,69.28,69.295,69.25,69.28,6280
2026-05-18 12:50:00,69.3,69.47,69.295,69.47,28042
2026-05-18 12:55:00,69.475,69.53,69.46,69.47,13664
2026-05-18 13:00:00,69.46,69.48,69.39,69.445,24278
2026-05-18 13:05:00,69.44,69.55,69.43,69.5163,13500
2026-05-18 13:10:00,69.51,69.56,69.43,69.43,20040
2026-05-18 13:15:00,69.43,69.525,69.425,69.49,9351
2026-05-18 13:20:00,69.51,69.51,69.43,69.45,4618
2026-05-18 13:25:00,69.43,69.5499,69.43,69.5499,10915
2026-05-18 13:30:00,69.5307,69.55,69.43,69.47,31894
2026-05-18 13:35:00,69.44,69.46,69.4067,69.42,5183
2026-05-18 13:40:00,69.44,69.56,69.42,69.53,6908
2026-05-18 13:45:00,69.53,69.53,69.45,69.49,6654
2026-05-18 13:50:00,69.48,69.56,69.48,69.55,4740
2026-05-18 13:55:00,69.53,69.57,69.51,69.56,3526
2026-05-18 14:00:00,69.56,69.565,69.38,69.415,12730
2026-05-18 14:05:00,69.42,69.44,69.35,69.38,21515
2026-05-18 14:10:00,69.33,69.38,69.29,69.29,11405
2026-05-18 14:15:00,69.29,69.29,69.16,69.17,13765
2026-05-18 14:20:00,69.16,69.2,69.13,69.2,7059
2026-05-18 14:25:00,69.17,69.23,69.12,69.22,14152
2026-05-18 14:30:00,69.22,69.29,69.2,69.21,41970
2026-05-18 14:35:00,69.22,69.24,69.14,69.14,8844
2026-05-18 14:40:00,69.13,69.13,69.08,69.105,14603
2026-05-18 14:45:00,69.11,69.12,69.03,69.04,16201
2026-05-18 14:50:00,69.025,69.0624,69,69.015,19112
2026-05-18 14:55:00,69,69.08,68.99,68.995,28447
2026-05-18 15:00:00,69,69.54,69,69.4,103699
2026-05-18 15:05:00,69.4,69.47,69.28,69.35,30067
2026-05-18 15:10:00,69.37,69.4,69.3,69.31,8756
2026-05-18 15:15:00,69.33,69.365,69.2654,69.29,9373
2026-05-18 15:20:00,69.28,69.32,69.205,69.22,12895
2026-05-18 15:25:00,69.22,69.26,69.15,69.26,10834
2026-05-18 15:30:00,69.27,69.37,69.24,69.34,17597
2026-05-18 15:35:00,69.35,69.41,69.35,69.405,23362
2026-05-18 15:40:00,69.4199,69.4699,69.41,69.44,8231
2026-05-18 15:45:00,69.44,69.47,69.38,69.45,31590
2026-05-18 15:50:00,69.47,69.48,69.4,69.44,72584
2026-05-18 15:55:00,69.43,69.47,69.35,69.46,73022
2026-05-18 16:00:00,69.46,69.46,69.46,69.46,106082
2026-05-18 16:05:00,69.37,69.37,69.36,69.36,500
2026-05-18 16:20:00,69.7053,69.7053,69.7053,69.7053,400
2026-05-18 17:10:00,69.41,69.43,69.41,69.43,5123
2026-05-18 18:20:00,69.57,69.6,69.57,69.6,1100
2026-05-18 18:40:00,69.481,69.481,69.481,69.481,300
2026-05-18 18:55:00,69.55,69.56,69.55,69.56,200
2026-05-18 19:00:00,69.52,69.52,69.52,69.52,300
2026-05-18 19:10:00,69.52,69.52,69.52,69.52,2000
2026-05-18 19:25:00,69.55,69.6,69.55,69.6,1415
2026-05-18 19:30:00,69.6,69.6,69.6,69.6,585
2026-05-18 19:40:00,69.77,69.83,69.77,69.83,600
2026-05-18 19:45:00,69.85,69.85,69.63,69.68,700
2026-05-18 19:50:00,69.57,69.61,69.4994,69.51,2307
2026-05-19 04:00:00,69.23,69.71,69.16,69.49,3454
2026-05-19 04:05:00,69.5,69.5,69.45,69.45,571
2026-05-19 04:20:00,69.45,69.45,69.44,69.44,589
2026-05-19 04:35:00,69.29,69.29,69.29,69.29,107
2026-05-19 05:20:00,69.23,69.23,69.23,69.23,400
2026-05-19 05:30:00,69.13,69.18,69.1,69.1,629
2026-05-19 05:40:00,69.06,69.06,69.06,69.06,100
2026-05-19 05:45:00,69.07,69.07,69.06,69.06,315
2026-05-19 05:50:00,69.08,69.08,69.08,69.08,248
2026-05-19 05:55:00,69.07,69.07,69.07,69.07,100
2026-05-19 07:05:00,69.29,69.29,69.29,69.29,100
2026-05-19 07:30:00,69.26,69.28,69.26,69.26,1060
2026-05-19 07:35:00,69.28,69.2894,69.26,69.2894,470
2026-05-19 07:45:00,69.2522,69.2522,69.2,69.2,900
2026-05-19 07:55:00,69.2,69.2,69.2,69.2,108
2026-05-19 08:05:00,69.17,69.17,69.17,69.17,346
2026-05-19 08:10:00,69.2,69.21,69.2,69.21,412
2026-05-19 08:15:00,69.18,69.18,69.18,69.18,419
2026-05-19 08:20:00,69.2,69.21,69.1275,69.1275,1300
2026-05-19 08:25:00,69.21,69.21,69.21,69.21,106
2026-05-19 08:35:00,69.3,69.3,69.3,69.3,500
2026-05-19 08:40:00,69.2425,69.2425,69.2425,69.2425,250
2026-05-19 08:55:00,69.46,69.46,69.46,69.46,100
2026-05-19 09:00:00,69.1526,69.1526,69.1526,69.1526,100
2026-05-19 09:05:00,69.27,69.27,69.19,69.19,201
2026-05-19 09:10:00,69.2,69.2,69.2,69.2,100
2026-05-19 09:15:00,69.1551,69.1551,69.1551,69.1551,100
2026-05-19 09:20:00,69.17,69.17,69.08,69.08,5090
2026-05-19 09:30:00,69.15,69.22,68.99,69.03,65661
2026-05-19 09:35:00,69.02,69.19,68.852,69.005,56140
2026-05-19 09:40:00,69.03,69.03,68.835,68.835,141751
2026-05-19 09:45:00,68.82,69.035,68.7,68.96,78291
2026-05-19 09:50:00,68.94,69.125,68.875,69.115,29559
2026-05-19 09:55:00,69.12,69.16,68.9607,69,45409
2026-05-19 10:00:00,69,69,68.825,68.96,23905
2026-05-19 10:05:00,68.965,68.965,68.62,68.79,44348
2026-05-19 10:10:00,68.75,68.87,68.61,68.61,59179
2026-05-19 10:15:00,68.56,68.63,68.5,68.535,47357
2026-05-19 10:20:00,68.56,68.59,68.37,68.495,45112
2026-05-19 10:25:00,68.5,68.51,68.405,68.425,31972
2026-05-19 10:30:00,68.435,68.54,68.39,68.425,43648
2026-05-19 10:35:00,68.43,68.51,68.43,68.49,29513
2026-05-19 10:40:00,68.47,68.59,68.4,68.44,24933
2026-05-19 10:45:00,68.43,68.43,68.23,68.3,38113
2026-05-19 10:50:00,68.29,68.435,68.27,68.36,12874
2026-05-19 10:55:00,68.34,68.5099,68.34,68.5,26245
2026-05-19 11:00:00,68.5,68.525,68.41,68.49,12030
2026-05-19 11:05:00,68.485,68.485,68.38,68.445,14655
2026-05-19 11:10:00,68.485,68.57,68.48,68.515,11427
2026-05-19 11:15:00,68.5103,68.55,68.415,68.42,74979
2026-05-19 11:20:00,68.41,68.44,68.275,68.275,13239
2026-05-19 11:25:00,68.25,68.35,68.24,68.275,9358
2026-05-19 11:30:00,68.27,68.41,68.26,68.32,48032
2026-05-19 11:35:00,68.31,68.425,68.29,68.38,9813
2026-05-19 11:40:00,68.35,68.415,68.32,68.35,38421
2026-05-19 11:45:00,68.365,68.365,68.265,68.325,33183
2026-05-19 11:50:00,68.31,68.33,68.21,68.25,11276
2026-05-19 11:55:00,68.2251,68.235,68.15,68.205,19073
2026-05-19 12:00:00,68.23,68.34,68.22,68.325,6997
2026-05-19 12:05:00,68.345,68.36,68.22,68.22,10186
2026-05-19 12:10:00,68.21,68.235,68.12,68.155,34396
2026-05-19 12:15:00,68.165,68.26,68.13,68.23,13449
2026-05-19 12:20:00,68.24,68.265,68.215,68.255,8352
2026-05-19 12:25:00,68.26,68.335,68.26,68.29,13506
2026-05-19 12:30:00,68.28,68.345,68.28,68.325,13268
2026-05-19 12:35:00,68.34,68.355,68.255,68.3445,7668
2026-05-19 12:40:00,68.345,68.4,68.335,68.4,9770
2026-05-19 12:45:00,68.41,68.44,68.37,68.44,11060
2026-05-19 12:50:00,68.425,68.61,68.41,68.605,14233
2026-05-19 12:55:00,68.605,68.665,68.6,68.655,19642
2026-05-19 13:00:00,68.655,68.77,68.625,68.76,16232
2026-05-19 13:05:00,68.745,68.785,68.745,68.78,15911
2026-05-19 13:10:00,68.79,68.805,68.745,68.77,7052
2026-05-19 13:15:00,68.77,68.82,68.77,68.78,6674
2026-05-19 13:20:00,68.8,68.8511,68.785,68.8295,179617
2026-05-19 13:25:00,68.83,68.83,68.71,68.75,12323
2026-05-19 13:30:00,68.755,68.825,68.705,68.72,10412
2026-05-19 13:35:00,68.71,68.77,68.71,68.76,109403
2026-05-19 13:40:00,68.77,68.79,68.73,68.745,18544
2026-05-19 13:45:00,68.75,68.75,68.65,68.71,26704
2026-05-19 13:50:00,68.69,68.72,68.64,68.7,41908
2026-05-19 13:55:00,68.695,68.79,68.695,68.7706,13591
2026-05-19 14:00:00,68.79,68.8299,68.755,68.81,17198
2026-05-19 14:05:00,68.83,68.8372,68.795,68.8372,6955
2026-05-19 14:10:00,68.825,68.845,68.78,68.78,8848
2026-05-19 14:15:00,68.785,68.785,68.73,68.755,5419
2026-05-19 14:20:00,68.77,68.78,68.71,68.75,26460
2026-05-19 14:25:00,68.74,68.805,68.72,68.745,12247
2026-05-19 14:30:00,68.73,68.77,68.7,68.76,17581
2026-05-19 14:35:00,68.755,68.78,68.71,68.71,6736
2026-05-19 14:40:00,68.7,68.73,68.69,68.7299,5596
2026-05-19 14:45:00,68.73,68.73,68.655,68.715,7187
2026-05-19 14:50:00,68.72,68.72,68.6,68.62,4168
2026-05-19 14:55:00,68.58,68.62,68.54,68.61,9164
2026-05-19 15:00:00,68.61,68.645,68.585,68.595,8848
2026-05-19 15:05:00,68.6,68.68,68.545,68.68,7411
2026-05-19 15:10:00,68.66,68.705,68.645,68.7001,3340
2026-05-19 15:15:00,68.7,68.71,68.65,68.67,4855
2026-05-19 15:20:00,68.675,68.685,68.575,68.58,13477
2026-05-19 15:25:00,68.57,68.665,68.54,68.64,28362
2026-05-19 15:30:00,68.66,68.695,68.605,68.615,32762
2026-05-19 15:35:00,68.62,68.635,68.56,68.59,23576
2026-05-19 15:40:00,68.585,68.585,68.535,68.545,12385
2026-05-19 15:45:00,68.54,68.565,68.505,68.545,42317
2026-05-19 15:50:00,68.54,68.57,68.465,68.47,200066
2026-05-19 15:55:00,68.475,68.575,68.405,68.57,89111
2026-05-19 16:00:00,68.53,68.65,68.3461,68.3461,50763
2026-05-19 16:10:00,68.45,68.45,68.45,68.45,100
2026-05-19 16:45:00,68.53,68.53,68.52,68.52,800
2026-05-19 17:00:00,68.65,68.65,68.65,68.65,100
2026-05-19 17:10:00,68.53,68.53,68.53,68.53,400
2026-05-19 17:30:00,68.5,68.5,68.5,68.5,100
2026-05-19 17:35:00,68.66,68.78,68.66,68.78,1200
2026-05-19 17:40:00,68.7232,68.7232,68.7232,68.7232,100
2026-05-19 17:55:00,68.8,68.8,68.8,68.8,500
2026-05-19 18:00:00,68.57,68.57,68.57,68.57,396
2026-05-19 18:05:00,68.61,68.61,68.61,68.61,400
2026-05-19 18:10:00,68.6,68.6,68.5527,68.6,844
2026-05-19 18:15:00,68.348,68.55,68.348,68.5,1776
2026-05-19 18:40:00,68.42,68.42,68.42,68.42,100
2026-05-19 18:45:00,68.4,68.4,68.4,68.4,160
2026-05-19 18:50:00,68.4,68.4,68.4,68.4,187
2026-05-19 19:00:00,68.625,68.625,68.625,68.625,100
2026-05-19 19:10:00,68.52,68.53,68.52,68.53,200
2026-05-19 19:25:00,68.44,68.44,68.44,68.44,106
2026-05-20 04:00:00,68.53,68.77,68.44,68.77,2242
2026-05-20 04:05:00,68.53,68.53,68.49,68.49,998
2026-05-20 04:45:00,68.84,68.84,68.84,68.84,240
2026-05-20 05:55:00,68.77,68.77,68.77,68.77,100
2026-05-20 06:15:00,68.84,68.84,68.84,68.84,100
2026-05-20 06:30:00,68.77,68.77,68.76,68.76,440
2026-05-20 06:40:00,68.78,68.78,68.78,68.78,1089
2026-05-20 07:05:00,68.8,68.8,68.8,68.8,480
2026-05-20 07:15:00,68.83,68.83,68.79,68.79,1214
2026-05-20 07:30:00,68.813,68.813,68.793,68.793,1500
2026-05-20 07:35:00,68.82,68.82,68.82,68.82,151
2026-05-20 07:40:00,68.82,68.82,68.82,68.82,100
2026-05-20 07:45:00,68.81,68.85,68.76,68.76,1005
2026-05-20 07:50:00,68.76,68.76,68.76,68.76,100
2026-05-20 08:20:00,68.8,68.8,68.8,68.8,1600
2026-05-20 08:30:00,68.88,68.9,68.84,68.9,500
2026-05-20 08:35:00,68.9,68.9,68.9,68.9,250
2026-05-20 08:55:00,68.8,68.8,68.8,68.8,835
2026-05-20 09:00:00,68.77,68.8,68.75,68.8,759
2026-05-20 09:05:00,68.77,68.77,68.77,68.77,150
2026-05-20 09:10:00,68.8,68.8,68.8,68.8,145
2026-05-20 09:25:00,68.74,68.74,68.65,68.65,1917
2026-05-20 09:30:00,68.61,68.92,68.61,68.9,64475
2026-05-20 09:35:00,68.88,68.88,68.63,68.7,67774
2026-05-20 09:40:00,68.72,68.9,68.67,68.825,48807
2026-05-20 09:45:00,68.86,69.005,68.8,68.815,46421
2026-05-20 09:50:00,68.82,68.87,68.64,68.66,28123
2026-05-20 09:55:00,68.7,68.72,68.565,68.69,36436
2026-05-20 10:00:00,68.71,68.73,68.57,68.65,25348
2026-05-20 10:05:00,68.64,68.64,68.505,68.525,11454
2026-05-20 10:10:00,68.525,68.74,68.47,68.635,88037
2026-05-20 10:15:00,68.64,68.96,68.64,68.85,60619
2026-05-20 10:20:00,68.86,68.91,68.65,68.67,30853
2026-05-20 10:25:00,68.63,68.77,68.6,68.76,15958
2026-05-20 10:30:00,68.77,68.91,68.77,68.84,18723
2026-05-20 10:35:00,68.83,68.875,68.78,68.83,15847
2026-05-20 10:40:00,68.82,68.865,68.78,68.865,5876
2026-05-20 10:45:00,68.87,68.91,68.81,68.87,12897
2026-05-20 10:50:00,68.885,69.035,68.86,69.03,10174
2026-05-20 10:55:00,69.03,69.1299,69.03,69.105,18401
2026-05-20 11:00:00,69.08,69.1,69,69,6258
2026-05-20 11:05:00,69.01,69.04,68.95,68.99,7232
2026-05-20 11:10:00,69,69,68.94,68.95,8950
2026-05-20 11:15:00,69,69.3,68.985,69.16,123841
2026-05-20 11:20:00,69.1646,69.24,69.16,69.18,18681
2026-05-20 11:25:00,69.19,69.19,69.06,69.06,18576
2026-05-20 11:30:00,69.08,69.14,69.08,69.13,17532
2026-05-20 11:35:00,69.14,69.155,69.07,69.09,47072
2026-05-20 11:40:00,69.1,69.138,69.05,69.1374,20605
2026-05-20 11:45:00,69.16,69.215,69.16,69.215,6073
2026-05-20 11:50:00,69.2301,69.2301,69.17,69.17,6564
2026-05-20 11:55:00,69.175,69.2,69.105,69.17,27739
2026-05-20 12:00:00,69.185,69.205,69.165,69.195,10821
2026-05-20 12:05:00,69.18,69.235,69.1401,69.15,7224
2026-05-20 12:10:00,69.17,69.17,69.12,69.14,4911
2026-05-20 12:15:00,69.145,69.145,69.0428,69.07,5918
2026-05-20 12:20:00,69.09,69.1099,68.99,69.0611,17942
2026-05-20 12:25:00,69.04,69.06,69.005,69.05,8477
2026-05-20 12:30:00,69.02,69.05,69,69.0101,6822
2026-05-20 12:35:00,69.0008,69.03,68.98,69.015,8906
2026-05-20 12:40:00,68.995,69.11,68.995,69.11,12994
2026-05-20 12:45:00,69.13,69.14,69.01,69.0366,12283
2026-05-20 12:50:00,69.05,69.09,69.05,69.07,4669
2026-05-20 12:55:00,69.07,69.12,69.01,69.09,9561
2026-05-20 13:00:00,69.11,69.16,69.08,69.1,16091
2026-05-20 13:05:00,69.06,69.06,69.05,69.0551,2323
2026-05-20 13:10:00,69.025,69.19,69.02,69.14,40577
2026-05-20 13:15:00,69.16,69.1901,69.12,69.17,3728
2026-05-20 13:20:00,69.17,69.19,69.13,69.15,9872
2026-05-20 13:25:00,69.155,69.22,69.14,69.2055,20426
2026-05-20 13:30:00,69.23,69.235,69.155,69.175,10930
2026-05-20 13:35:00,69.18,69.29,69.17,69.26,35154
2026-05-20 13:40:00,69.25,69.255,69.2299,69.255,8942
2026-05-20 13:45:00,69.24,69.24,69.205,69.225,6319
2026-05-20 13:50:00,69.225,69.235,69.185,69.19,4077
2026-05-20 13:55:00,69.18,69.225,69.18,69.205,1810
2026-05-20 14:00:00,69.22,69.2403,69.16,69.2403,20232
2026-05-20 14:05:00,69.235,69.26,69.225,69.2357,4154
2026-05-20 14:10:00,69.23,69.23,69.19,69.218,7073
2026-05-20 14:15:00,69.22,69.26,69.22,69.2399,4945
2026-05-20 14:20:00,69.2551,69.265,69.195,69.195,5780
2026-05-20 14:25:00,69.195,69.24,69.17,69.2302,29576
2026-05-20 14:30:00,69.26,69.28,69.245,69.245,2992
2026-05-20 14:35:00,69.278,69.34,69.26,69.33,9895
2026-05-20 14:40:00,69.32,69.32,69.24,69.25,6069
2026-05-20 14:45:00,69.21,69.27,69.21,69.25,12141
2026-05-20 14:50:00,69.24,69.271,69.1951,69.26,3968
2026-05-20 14:55:00,69.24,69.28,69.24,69.2799,1973
2026-05-20 15:00:00,69.27,69.3,69.22,69.23,22070
2026-05-20 15:05:00,69.2107,69.2107,69.16,69.16,5288
2026-05-20 15:10:00,69.16,69.24,69.16,69.24,1940
2026-05-20 15:15:00,69.245,69.25,69.21,69.225,4158
2026-05-20 15:20:00,69.225,69.245,69.225,69.235,3624
2026-05-20 15:25:00,69.233,69.255,69.225,69.25,902
2026-05-20 15:30:00,69.2491,69.255,69.2,69.235,34424
2026-05-20 15:35:00,69.24,69.32,69.24,69.295,50893
2026-05-20 15:40:00,69.3,69.355,69.295,69.35,23880
2026-05-20 15:45:00,69.345,69.375,69.315,69.33,17042
2026-05-20 15:50:00,69.33,69.44,69.28,69.395,66936
2026-05-20 15:55:00,69.4,69.465,69.39,69.45,138199
2026-05-20 16:00:00,69.49,69.49,69.49,69.49,106088
2026-05-20 16:05:00,69.42,69.5,69.42,69.5,747
2026-05-20 16:15:00,69.4564,69.4564,69.3845,69.3845,432
2026-05-20 16:20:00,69.23,69.3,69.12,69.3,3465
2026-05-20 16:25:00,69.045,69.5,69.045,69.5,3751
2026-05-20 16:45:00,69.459,69.479,69.4,69.4,1000
2026-05-20 16:50:00,69.409,69.409,69.409,69.409,100
2026-05-20 17:00:00,69.25,69.25,69.25,69.25,100
2026-05-20 17:15:00,69.35,69.35,69.35,69.35,192
2026-05-20 17:35:00,69.1457,69.1457,69.1457,69.1457,250
2026-05-20 18:05:00,69.16,69.16,69.12,69.12,812
2026-05-20 18:15:00,69.05,69.05,69,69,400
2026-05-20 18:20:00,69.03,69.03,68.94,68.94,802
2026-05-20 18:55:00,69.11,69.11,69.11,69.11,100
2026-05-20 19:45:00,69.15,69.15,69.15,69.15,500
2026-05-21 04:00:00,69.5876,69.6,69.2,69.35,10278
2026-05-21 04:05:00,69.44,69.58,69.35,69.48,1434
2026-05-21 04:30:00,69.77,69.78,69.77,69.78,1100
2026-05-21 05:00:00,69.67,69.78,69.67,69.78,1000
2026-05-21 05:35:00,69.57,69.57,69.57,69.57,130
2026-05-21 05:40:00,69.76,69.76,69.76,69.76,143
2026-05-21 05:45:00,69.61,69.61,69.6,69.6,819
2026-05-21 06:30:00,69.4,69.4,69.34,69.34,700
2026-05-21 06:40:00,69.37,69.37,69.37,69.37,100
2026-05-21 07:00:00,69.3,69.31,69.3,69.31,440
2026-05-21 07:05:00,69.309,69.309,69.309,69.309,100
2026-05-21 07:30:00,69.42,69.42,69.42,69.42,300
2026-05-21 07:35:00,69.45,69.45,69.45,69.45,100
2026-05-21 08:15:00,69.34,69.34,69.34,69.34,100
2026-05-21 08:20:00,69.34,69.34,69.34,69.34,301
2026-05-21 08:25:00,69.34,69.34,69.31,69.31,1028
2026-05-21 08:30:00,69.34,69.42,69.34,69.42,1629
2026-05-21 08:35:00,69.46,69.46,69.46,69.46,225
2026-05-21 08:40:00,69.32,69.32,69.32,69.32,131
2026-05-21 08:45:00,69.33,69.33,69.33,69.33,100
2026-05-21 08:50:00,69.33,69.33,69.33,69.33,100
2026-05-21 08:55:00,69.34,69.34,69.29,69.29,600
2026-05-21 09:00:00,69.46,69.5,69.33,69.33,3208
2026-05-21 09:20:00,69.47,69.47,69.37,69.37,412
2026-05-21 09:25:00,69.37,69.37,69.358,69.358,252
2026-05-21 09:30:00,69.29,69.54,69.17,69.54,34832
2026-05-21 09:35:00,69.58,69.58,69.23,69.26,45265
2026-05-21 09:40:00,69.25,69.37,69.25,69.29,26368
2026-05-21 09:45:00,69.32,69.35,69.1191,69.12,25220
2026-05-21 09:50:00,69.14,69.27,69.06,69.27,46560
2026-05-21 09:55:00,69.27,69.29,69.0209,69.13,17653
2026-05-21 10:00:00,69.115,69.18,69.06,69.06,12770
2026-05-21 10:05:00,69.055,69.2,69.005,69.2,11990
2026-05-21 10:10:00,69.188,69.23,69.025,69.035,37290
2026-05-21 10:15:00,69.04,69.04,68.89,68.89,22018
2026-05-21 10:20:00,68.84,68.87,68.75,68.75,25404
2026-05-21 10:25:00,68.75,68.86,68.72,68.84,14382
2026-05-21 10:30:00,68.86,68.95,68.825,68.86,14416
2026-05-21 10:35:00,68.87,69,68.87,68.95,19187
2026-05-21 10:40:00,68.97,68.97,68.89,68.94,8850
2026-05-21 10:45:00,68.95,68.975,68.84,68.89,10325
2026-05-21 10:50:00,68.88,69.005,68.85,69,16464
2026-05-21 10:55:00,69.04,69.105,69.02,69.09,3710
2026-05-21 11:00:00,69.09,69.16,69.06,69.11,3167
2026-05-21 11:05:00,69.09,69.09,68.95,68.98,47141
2026-05-21 11:10:00,68.97,69.16,68.91,69.16,59801
2026-05-21 11:15:00,69.16,69.19,69.125,69.18,22732
2026-05-21 11:20:00,69.185,69.22,69.13,69.13,11949
2026-05-21 11:25:00,69.13,69.21,69.13,69.2,12463
2026-05-21 11:30:00,69.19,69.205,69.1,69.1,13010
2026-05-21 11:35:00,69.13,69.29,69.13,69.285,3750
2026-05-21 11:40:00,69.28,69.325,69.25,69.275,5807
2026-05-21 11:45:00,69.3,69.33,69.3,69.33,5189
2026-05-21 11:50:00,69.35,69.35,69.2998,69.31,7645
2026-05-21 11:55:00,69.3,69.32,69.3,69.32,3300
2026-05-21 12:00:00,69.34,69.3701,69.31,69.315,5532
2026-05-21 12:05:00,69.318,69.3207,69.26,69.3207,2968
2026-05-21 12:10:00,69.315,69.315,69.205,69.215,17786
2026-05-21 12:15:00,69.22,69.26,69.21,69.2303,4889
2026-05-21 12:20:00,69.25,69.2551,69.13,69.17,13280
2026-05-21 12:25:00,69.19,69.19,69.14,69.14,42358
2026-05-21 12:30:00,69.18,69.215,69.165,69.205,4888
2026-05-21 12:35:00,69.21,69.21,69.1899,69.1899,6380
2026-05-21 12:40:00,69.16,69.19,69.15,69.18,2361
2026-05-21 12:45:00,69.2,69.22,69.14,69.15,3490
2026-05-21 12:50:00,69.1294,69.19,69.105,69.17,2386
2026-05-21 12:55:00,69.17,69.22,69.17,69.22,2984
2026-05-21 13:00:00,69.29,69.32,69.2782,69.31,4385
2026-05-21 13:05:00,69.3,69.315,69.3,69.3099,2925
2026-05-21 13:10:00,69.32,69.4899,69.32,69.42,31712
2026-05-21 13:15:00,69.44,69.64,69.44,69.575,41779
2026-05-21 13:20:00,69.59,69.71,69.49,69.585,34712
2026-05-21 13:25:00,69.595,69.635,69.595,69.61,9690
2026-05-21 13:30:00,69.6,69.6501,69.59,69.62,11293
2026-05-21 13:35:00,69.625,69.695,69.625,69.695,17511
2026-05-21 13:40:00,69.7,69.81,69.7,69.77,9567
2026-05-21 13:45:00,69.78,69.785,69.73,69.7799,9346
2026-05-21 13:50:00,69.79,69.9,69.77,69.9,11541
2026-05-21 13:55:00,69.91,69.93,69.815,69.818,11762
2026-05-21 14:00:00,69.8,69.86,69.715,69.715,23077
2026-05-21 14:05:00,69.72,69.7693,69.68,69.74,6290
2026-05-21 14:10:00,69.73,69.73,69.64,69.64,9173
2026-05-21 14:15:00,69.63,69.68,69.61,69.66,5864
2026-05-21 14:20:00,69.665,69.6865,69.64,69.66,10437
2026-05-21 14:25:00,69.695,69.695,69.66,69.68,5570
2026-05-21 14:30:00,69.65,69.685,69.62,69.6301,10947
2026-05-21 14:35:00,69.62,69.6401,69.605,69.61,9706
2026-05-21 14:40:00,69.64,69.6992,69.64,69.69,2924
2026-05-21 14:45:00,69.68,69.6999,69.51,69.56,16888
2026-05-21 14:50:00,69.58,69.61,69.35,69.35,18327
2026-05-21 14:55:00,69.32,69.38,69.3,69.3651,29216
2026-05-21 15:00:00,69.38,69.455,69.38,69.455,10268
2026-05-21 15:05:00,69.45,69.49,69.35,69.48,9738
2026-05-21 15:10:00,69.48,69.4988,69.45,69.45,8031
2026-05-21 15:15:00,69.4899,69.53,69.47,69.53,3704
2026-05-21 15:20:00,69.55,69.55,69.49,69.52,6837
2026-05-21 15:25:00,69.53,69.555,69.5051,69.555,9576
2026-05-21 15:30:00,69.57,69.595,69.53,69.53,7595
2026-05-21 15:35:00,69.54,69.59,69.54,69.56,5998
2026-05-21 15:40:00,69.605,69.605,69.555,69.5701,9010
2026-05-21 15:45:00,69.56,69.56,69.525,69.525,12499
2026-05-21 15:50:00,69.53,69.57,69.405,69.43,33051
2026-05-21 15:55:00,69.43,69.525,69.38,69.48,93843
2026-05-21 16:00:00,69.5,69.5,69.3511,69.3511,75931
2026-05-21 16:20:00,69.4,69.4,69.4,69.4,100
2026-05-21 16:25:00,69.44,69.44,69.3,69.3,200
2026-05-21 16:30:00,69.659,69.704,69.659,69.704,988
2026-05-21 16:35:00,69.51,69.6,69.51,69.51,4455
2026-05-21 17:15:00,69.47,69.47,69.47,69.47,600
2026-05-21 18:00:00,69.5,69.5,69.5,69.5,112
2026-05-21 18:55:00,69.61,69.62,69.61,69.62,250
2026-05-21 19:00:00,69.67,69.67,69.67,69.67,100
2026-05-21 19:25:00,69.58,69.58,69.58,69.58,100
2026-05-22 04:00:00,69.75,69.76,69.67,69.7,9397
2026-05-22 04:05:00,69.71,69.71,69.71,69.71,101
2026-05-22 04:20:00,69.77,69.8,69.7,69.7,990
2026-05-22 04:30:00,69.75,69.76,69.75,69.76,270
2026-05-22 05:35:00,69.45,69.45,69.45,69.45,135
2026-05-22 05:40:00,69.45,69.5,69.4,69.5,1510
2026-05-22 05:50:00,69.5793,69.5793,69.5793,69.5793,150
2026-05-22 06:05:00,69.55,69.55,69.55,69.55,227
2026-05-22 06:45:00,69.47,69.47,69.47,69.47,135
2026-05-22 06:55:00,69.35,69.3727,69.35,69.3727,297
2026-05-22 07:00:00,69.47,69.49,69.47,69.49,235
2026-05-22 07:05:00,69.56,69.56,69.529,69.529,790
2026-05-22 07:20:00,69.52,69.52,69.52,69.52,178
2026-05-22 07:35:00,69.5,69.5,69.5,69.5,1316
2026-05-22 07:45:00,69.55,69.56,69.55,69.56,1250
2026-05-22 07:50:00,69.5269,69.5269,69.5269,69.5269,100
2026-05-22 08:05:00,69.5783,69.5783,69.5783,69.5783,190
2026-05-22 08:10:00,69.59,69.64,69.59,69.64,313
2026-05-22 08:20:00,69.75,69.75,69.65,69.65,9000
2026-05-22 08:35:00,69.66,69.68,69.66,69.68,3797
2026-05-22 08:40:00,69.7,69.7,69.7,69.7,230
2026-05-22 08:45:00,69.68,69.68,69.68,69.68,135
2026-05-22 08:50:00,69.75,69.75,69.75,69.75,203
2026-05-22 08:55:00,69.68,69.68,69.68,69.68,100
2026-05-22 09:00:00,69.74,69.75,69.72,69.75,410
2026-05-22 09:05:00,69.77,69.8,69.748,69.8,1195
2026-05-22 09:10:00,69.7655,69.849,69.7655,69.81,2002
2026-05-22 09:15:00,69.8266,69.83,69.79,69.79,1357
2026-05-22 09:25:00,69.75,69.75,69.75,69.75,270
2026-05-22 09:30:00,69.76,69.95,69.65,69.93,51171
2026-05-22 09:35:00,69.94,69.9705,69.84,69.89,60772
2026-05-22 09:40:00,69.895,69.9105,69.68,69.68,67001
2026-05-22 09:45:00,69.7,69.76,69.595,69.66,23174
2026-05-22 09:50:00,69.67,69.67,69.56,69.62,37723
2026-05-22 09:55:00,69.62,69.63,69.52,69.625,27310
2026-05-22 10:00:00,69.62,69.62,69.43,69.515,23093
2026-05-22 10:05:00,69.495,69.5206,69.41,69.45,26826
2026-05-22 10:10:00,69.4969,69.54,69.47,69.49,7796
2026-05-22 10:15:00,69.47,69.56,69.47,69.505,8270
2026-05-22 10:20:00,69.52,69.53,69.445,69.48,14493
2026-05-22 10:25:00,69.48,69.56,69.48,69.52,13371
2026-05-22 10:30:00,69.57,69.65,69.5303,69.61,10758
2026-05-22 10:35:00,69.615,69.66,69.605,69.65,3916
2026-05-22 10:40:00,69.64,69.745,69.64,69.72,20074
2026-05-22 10:45:00,69.72,69.77,69.6712,69.75,17770
2026-05-22 10:50:00,69.74,69.77,69.71,69.745,5131
2026-05-22 10:55:00,69.76,69.81,69.74,69.8,24618
2026-05-22 11:00:00,69.825,69.85,69.775,69.835,6235
2026-05-22 11:05:00,69.8699,69.93,69.8699,69.93,7671
2026-05-22 11:10:00,69.93,69.94,69.89,69.89,19585
2026-05-22 11:15:00,69.9,69.92,69.88,69.9,8983
2026-05-22 11:20:00,69.915,69.915,69.8447,69.85,21940
2026-05-22 11:25:00,69.86,69.89,69.815,69.89,25926
2026-05-22 11:30:00,69.885,69.895,69.83,69.84,14188
2026-05-22 11:35:00,69.83,69.87,69.8,69.81,6115
2026-05-22 11:40:00,69.8,69.815,69.7607,69.79,21971
2026-05-22 11:45:00,69.77,69.7803,69.72,69.72,4656
2026-05-22 11:50:00,69.77,69.8164,69.77,69.805,3416
2026-05-22 11:55:00,69.8001,69.855,69.79,69.845,10190
2026-05-22 12:00:00,69.82,69.87,69.8,69.86,7214
2026-05-22 12:05:00,69.84,69.84,69.81,69.81,6542
2026-05-22 12:10:00,69.8,69.83,69.79,69.8108,3549
2026-05-22 12:15:00,69.785,69.785,69.71,69.71,17987
2026-05-22 12:20:00,69.73,69.7568,69.7007,69.7007,6072
2026-05-22 12:25:00,69.7,69.725,69.69,69.71,30615
2026-05-22 12:30:00,69.71,69.725,69.635,69.6399,5628
2026-05-22 12:35:00,69.64,69.66,69.6001,69.62,4185
2026-05-22 12:40:00,69.61,69.62,69.575,69.575,7842
2026-05-22 12:45:00,69.6,69.64,69.5901,69.605,9286
2026-05-22 12:50:00,69.6,69.6141,69.585,69.6141,4061
2026-05-22 12:55:00,69.6105,69.6199,69.59,69.6199,9380
2026-05-22 13:00:00,69.63,69.665,69.63,69.65,2648
2026-05-22 13:05:00,69.66,69.66,69.635,69.65,11590
2026-05-22 13:10:00,69.645,69.69,69.645,69.685,7162
2026-05-22 13:15:00,69.6803,69.705,69.61,69.6175,13197
2026-05-22 13:20:00,69.61,69.68,69.6,69.67,25100
2026-05-22 13:25:00,69.6707,69.85,69.67,69.85,65482
2026-05-22 13:30:00,69.86,69.88,69.77,69.78,13676
2026-05-22 13:35:00,69.775,69.82,69.7301,69.81,12042
2026-05-22 13:40:00,69.81,69.82,69.76,69.76,14963
2026-05-22 13:45:00,69.775,69.775,69.73,69.73,2433
2026-05-22 13:50:00,69.725,69.725,69.63,69.635,10543
2026-05-22 13:55:00,69.64,69.64,69.565,69.57,3866
2026-05-22 14:00:00,69.57,69.58,69.48,69.52,34622
2026-05-22 14:05:00,69.53,69.58,69.52,69.58,8303
2026-05-22 14:10:00,69.57,69.59,69.54,69.545,2071
2026-05-22 14:15:00,69.555,69.57,69.53,69.5539,5088
2026-05-22 14:20:00,69.5428,69.6,69.5428,69.6,4822
2026-05-22 14:25:00,69.6,69.62,69.58,69.61,1878
2026-05-22 14:30:00,69.61,69.65,69.6,69.6401,5727
2026-05-22 14:35:00,69.62,69.69,69.575,69.66,28692
2026-05-22 14:40:00,69.64,69.695,69.64,69.69,8430
2026-05-22 14:45:00,69.68,69.68,69.605,69.61,248173
2026-05-22 14:50:00,69.6,69.64,69.595,69.63,4479
2026-05-22 14:55:00,69.63,69.649,69.605,69.605,3234
2026-05-22 15:00:00,69.61,69.64,69.52,69.56,40656
2026-05-22 15:05:00,69.57,69.58,69.5,69.53,9372
2026-05-22 15:10:00,69.53,69.5401,69.465,69.48,5866
2026-05-22 15:15:00,69.49,69.49,69.43,69.47,7006
2026-05-22 15:20:00,69.44,69.45,69.415,69.425,19710
2026-05-22 15:25:00,69.435,69.445,69.355,69.375,16927
2026-05-22 15:30:00,69.36,69.42,69.33,69.41,14005
2026-05-22 15:35:00,69.41,69.445,69.385,69.4,25565
2026-05-22 15:40:00,69.41,69.415,69.35,69.3775,15150
2026-05-22 15:45:00,69.37,69.3799,69.32,69.345,36167
2026-05-22 15:50:00,69.34,69.385,69.28,69.365,114851
2026-05-22 15:55:00,69.37,69.44,69.35,69.385,456048
2026-05-22 16:00:00,69.36,69.5486,69.35,69.35,340196
2026-05-22 16:30:00,69.38,69.38,69.38,69.38,600
2026-05-22 16:35:00,69.38,69.38,69.37,69.37,2600
2026-05-22 16:40:00,69.36,69.36,69.36,69.36,107
2026-05-22 16:45:00,69.38,69.38,69.38,69.38,280
2026-05-22 16:50:00,69.38,69.38,69.38,69.38,400
2026-05-22 16:55:00,69.37,69.37,69.37,69.37,112
2026-05-22 17:50:00,69.32,69.32,69.32,69.32,300
2026-05-22 17:55:00,69.1645,69.28,69.1038,69.28,1469
2026-05-22 18:00:00,69.2,69.2,69.2,69.2,1150
2026-05-22 18:05:00,69.36,69.36,69.36,69.36,200
2026-05-22 18:10:00,69.33,69.34,69.33,69.34,399
2026-05-22 18:15:00,69.29,69.3,69.29,69.3,1048
2026-05-22 18:20:00,69.28,69.29,69.28,69.29,1299
2026-05-22 18:35:00,69.3,69.3,69.3,69.3,500
2026-05-22 18:45:00,69.2019,69.24,69.2019,69.24,440
2026-05-22 18:50:00,69.26,69.26,69.25,69.25,800
2026-05-22 19:20:00,69.26,69.26,69.25,69.25,668
2026-05-22 19:50:00,69.31,69.31,69.31,69.31,243