2026-03-23 04:05:00,159.48,159.98,159,159,500
2026-03-23 04:10:00,159,159,159,159,200
2026-03-23 04:30:00,158.98,158.98,158.98,158.98,121
2026-03-23 04:40:00,159.65,159.7,159.65,159.7,200
2026-03-23 04:45:00,159.1,159.39,159.1,159.39,513
2026-03-23 04:50:00,159.12,159.12,159.12,159.12,235
2026-03-23 05:00:00,158.64,158.64,158,158,370
2026-03-23 05:20:00,159.41,159.41,159.41,159.41,200
2026-03-23 05:25:00,158.6,158.6,158.6,158.6,120
2026-03-23 05:30:00,158.8,158.8,157.5,157.5,300
2026-03-23 05:35:00,157,157,157,157,100
2026-03-23 05:45:00,157.29,157.29,157.29,157.29,100
2026-03-23 06:05:00,157.82,157.82,157.82,157.82,326
2026-03-23 06:25:00,156.01,156.01,156.01,156.01,100
2026-03-23 06:35:00,156.52,156.76,156.52,156.76,396
2026-03-23 06:50:00,156,156,156,156,150
2026-03-23 07:00:00,158.78,158.78,157.22,157.22,422
2026-03-23 07:05:00,157.4,178.19,157.24,178,6113
2026-03-23 07:10:00,175.75,183.5,173,181.62,4965
2026-03-23 07:15:00,179.18,179.19,174.88,178,3274
2026-03-23 07:20:00,176.61,176.63,175.25,176.63,1325
2026-03-23 07:25:00,176,176.63,174.12,174.92,2536
2026-03-23 07:30:00,176.5,179.58,176.5,179.58,2932
2026-03-23 07:35:00,179.75,179.75,177.48,177.56,1281
2026-03-23 07:40:00,177,177,175.15,175.94,1535
2026-03-23 07:45:00,174.2,174.2,172.04,173.2,1624
2026-03-23 07:55:00,171.91,171.91,167.07,167.62,1024
2026-03-23 08:00:00,173.9,184.54,155,169.91,44825
2026-03-23 08:05:00,170.58,170.88,158.42,170.88,3058
2026-03-23 08:10:00,170.4071,170.4071,169.5,169.5,1100
2026-03-23 08:15:00,169,173.88,169,173.22,1550
2026-03-23 08:20:00,173.88,175,173.69,173.69,695
2026-03-23 08:25:00,174.8265,174.8265,173.55,173.55,275
2026-03-23 08:30:00,175,175,172.07,172.07,225
2026-03-23 08:35:00,172,172,172,172,185
2026-03-23 08:40:00,173.48,174.9,173.48,174.9,8554
2026-03-23 08:45:00,175,177.95,175,177,2340
2026-03-23 08:50:00,177,177.38,177,177.38,2385
2026-03-23 08:55:00,176.49,176.98,175.2943,176.85,1753
2026-03-23 09:00:00,177,177,176,176,1127
2026-03-23 09:05:00,175.43,175.43,175.43,175.43,125
2026-03-23 09:10:00,175.77,175.88,175.57,175.88,650
2026-03-23 09:15:00,174.28,174.28,173.77,174.14,442
2026-03-23 09:20:00,173.95,175,173.95,175,908
2026-03-23 09:25:00,174.06,174.77,173.59,174.24,1895
2026-03-23 09:30:00,173.63,176,168.8,173.3286,22606
2026-03-23 09:35:00,173,173.62,169.775,171.03,9728
2026-03-23 09:40:00,171.51,172,170,170,9205
2026-03-23 09:45:00,169.445,176.65,169.445,176.0072,8678
2026-03-23 09:50:00,174.03,174.03,171,171.105,2566
2026-03-23 09:55:00,171.14,171.14,167.1875,168.55,12939
2026-03-23 10:00:00,168.74,169.2008,166.3,166.3,8028
2026-03-23 10:05:00,166.7891,170.8999,166.5,170,16176
2026-03-23 10:10:00,170.02,172.5199,169.92,171.84,8134
2026-03-23 10:15:00,170.86,171.41,170.28,170.34,4021
2026-03-23 10:20:00,170.33,174,170.33,173.1,5421
2026-03-23 10:25:00,173.7103,174.8,172,172.1,5383
2026-03-23 10:30:00,172.17,172.44,171.5,172.43,5013
2026-03-23 10:35:00,171.11,171.9357,170,170.62,4507
2026-03-23 10:40:00,171.13,171.23,170.26,170.87,4481
2026-03-23 10:45:00,170.5,170.92,169.62,169.64,5777
2026-03-23 10:50:00,169,169.81,169,169.81,2252
2026-03-23 10:55:00,169.12,169.12,168.5,168.95,4300
2026-03-23 11:00:00,168.58,169.13,167.7,168.25,3962
2026-03-23 11:05:00,168,169.11,167.69,168.4681,6111
2026-03-23 11:10:00,169.5,169.5,167.6,168,4701
2026-03-23 11:15:00,168.01,168.5819,167.85,168,6243
2026-03-23 11:20:00,168.47,168.47,165.96,165.96,4968
2026-03-23 11:25:00,166.36,166.74,163.0001,164.47,9663
2026-03-23 11:30:00,164.65,165.71,163.3638,164.02,3495
2026-03-23 11:35:00,163.465,163.84,160.57,161.6,17138
2026-03-23 11:40:00,161.64,162,161.01,161.335,2990
2026-03-23 11:45:00,161.02,161.186,158.12,159.06,45100
2026-03-23 11:50:00,159.408,159.57,156.34,157.5,9228
2026-03-23 11:55:00,157.5,157.5,154.1001,155.01,21850
2026-03-23 12:00:00,155.3,157.065,155.28,155.3201,6788
2026-03-23 12:05:00,155.93,158.0739,155.317,157.815,6723
2026-03-23 12:10:00,157.55,159.2,157.235,158.68,3508
2026-03-23 12:15:00,158.95,158.95,156.51,157.57,4137
2026-03-23 12:20:00,156.97,157.49,156.04,156.5411,11744
2026-03-23 12:25:00,155.415,155.415,153.5,153.91,28785
2026-03-23 12:30:00,153.935,157.489,153.6,156,9799
2026-03-23 12:35:00,156.8,157.05,156.755,156.95,4447
2026-03-23 12:40:00,157,157.14,156.66,157.14,1540
2026-03-23 12:45:00,157.18,157.6,156.37,156.87,3043
2026-03-23 12:50:00,156.44,156.681,155.98,156.681,5112
2026-03-23 12:55:00,156,156,155,155.4,2968
2026-03-23 13:00:00,155.11,155.11,153.775,154.32,8862
2026-03-23 13:05:00,154.4,154.98,154.4,154.98,500
2026-03-23 13:10:00,155.75,155.75,154.555,154.555,1225
2026-03-23 13:15:00,155.8,155.8,155.8,155.8,100
2026-03-23 13:20:00,154.32,154.89,154.32,154.5,2382
2026-03-23 13:25:00,154.455,155.3,154.455,155.3,600
2026-03-23 13:30:00,156.3,157.6899,156.275,156.93,3592
2026-03-23 13:35:00,156.96,157.385,156.51,156.51,1435
2026-03-23 13:40:00,156.5,156.68,156,156,1315
2026-03-23 13:45:00,155.91,155.91,154.93,155.125,2980
2026-03-23 13:50:00,155.595,156.06,155.595,156,1225
2026-03-23 13:55:00,156.94,156.94,156.94,156.94,100
2026-03-23 14:00:00,157.4,159,157.4,159,1351
2026-03-23 14:05:00,159.29,159.49,157.52,157.605,2057
2026-03-23 14:10:00,158,158.1957,157.56,157.98,2488
2026-03-23 14:15:00,157.84,157.84,157.84,157.84,281
2026-03-23 14:20:00,157.81,158.0837,156.745,156.745,1243
2026-03-23 14:25:00,157.77,158.15,157.77,158,482
2026-03-23 14:30:00,158.26,158.29,158.26,158.28,600
2026-03-23 14:35:00,159.9,159.9,158.5499,158.5499,1071
2026-03-23 14:40:00,158.91,158.91,158,158.01,630
2026-03-23 14:45:00,158.08,158.195,158.08,158.19,913
2026-03-23 14:50:00,157.5,157.5,157.03,157.03,200
2026-03-23 14:55:00,156.88,157.15,156.44,157.04,800
2026-03-23 15:00:00,156.2301,156.69,156.2301,156.69,700
2026-03-23 15:05:00,156.69,158,156.69,158,1012
2026-03-23 15:10:00,157.67,157.67,157.65,157.65,200
2026-03-23 15:15:00,157.2,157.2,156.34,156.3911,1647
2026-03-23 15:20:00,157,157,157,157,100
2026-03-23 15:25:00,157.35,157.95,157.35,157.8396,662
2026-03-23 15:30:00,157.83,157.83,157.6,157.6,600
2026-03-23 15:35:00,158.02,158.2,157.745,158.2,1441
2026-03-23 15:40:00,158.05,158.2099,157.68,157.93,2093
2026-03-23 15:45:00,157.95,158.22,157.28,157.56,4146
2026-03-23 15:50:00,157.76,158.265,157.0701,157.54,7316
2026-03-23 15:55:00,157.08,157.2061,156.07,156.07,4445
2026-03-23 16:00:00,156,156,155.1,155.3463,1184
2026-03-23 16:05:00,155.3243,155.3243,155.3243,155.3243,172
2026-03-23 16:10:00,156,156,156,156,300
2026-03-23 16:20:00,155.26,155.26,155.26,155.26,100
2026-03-23 16:25:00,156,156,156,156,500
2026-03-23 16:40:00,156.32,156.32,156.32,156.32,221
2026-03-23 17:05:00,155.45,155.45,155.45,155.45,120
2026-03-23 17:10:00,155.5426,155.5426,155.5426,155.5426,279
2026-03-23 17:20:00,155.99,155.99,155.6518,155.6518,300
2026-03-23 17:35:00,156.19,156.2,156.0005,156.0005,1250
2026-03-23 18:00:00,156,156,156,156,806
2026-03-23 18:05:00,155.6,155.6,155.6,155.6,100
2026-03-23 18:10:00,155.81,155.81,155.81,155.81,247
2026-03-23 18:20:00,155.591,155.647,155.5898,155.647,665
2026-03-23 19:50:00,156,156,156,156,100
2026-03-24 04:00:00,159.33,159.53,159.33,159.33,306
2026-03-24 04:05:00,159.98,159.98,159.98,159.98,100
2026-03-24 04:10:00,159.66,159.66,159.66,159.66,116
2026-03-24 04:35:00,156.99,157,156.99,157,345
2026-03-24 04:40:00,157.56,157.56,157.56,157.56,196
2026-03-24 04:50:00,157.34,157.34,157.34,157.34,200
2026-03-24 04:55:00,155.65,155.65,155.65,155.65,480
2026-03-24 05:00:00,155.7,155.7,155.7,155.7,200
2026-03-24 05:05:00,155.58,155.58,155.45,155.45,200
2026-03-24 05:10:00,155.01,155.5,155.01,155.5,370
2026-03-24 05:35:00,155,155,155,155,348
2026-03-24 05:55:00,157.5,158.2,157.5,158.2,720
2026-03-24 06:10:00,157.99,158.12,157.99,158.12,542
2026-03-24 06:20:00,158.65,158.65,158.65,158.65,200
2026-03-24 06:25:00,158.29,158.29,158.29,158.29,156
2026-03-24 06:30:00,157.09,157.09,157.09,157.09,100
2026-03-24 07:10:00,156.86,157,156.86,157,626
2026-03-24 07:25:00,156,156,156,156,100
2026-03-24 07:40:00,155.98,155.98,155.98,155.98,726
2026-03-24 07:45:00,156.62,156.72,156.62,156.72,500
2026-03-24 08:00:00,159.68,160.54,152.8,159.93,11497
2026-03-24 08:05:00,152.81,152.81,152.8,152.8,325
2026-03-24 08:10:00,154.16,154.16,154.16,154.16,336
2026-03-24 08:15:00,154.13,154.48,154,154.48,1314
2026-03-24 08:20:00,153.51,153.6,153.51,153.51,606
2026-03-24 08:25:00,154.1322,154.95,154.1322,154.95,220
2026-03-24 08:30:00,152.24,152.24,152.23,152.23,868
2026-03-24 08:35:00,152.6,152.64,151.78,151.78,1147
2026-03-24 08:45:00,152.1,152.5,151.0794,151.0794,1703
2026-03-24 08:50:00,151.8,153,151.23,153,1114
2026-03-24 08:55:00,152.76,152.76,152.76,152.76,100
2026-03-24 09:00:00,152.04,152.35,152.02,152.16,500
2026-03-24 09:05:00,151.89,151.89,151,151,691
2026-03-24 09:10:00,151.88,151.88,151.88,151.88,100
2026-03-24 09:20:00,151,152.01,151,152,808
2026-03-24 09:25:00,152.41,153.2,152.41,153.2,394
2026-03-24 09:30:00,153.63,156.4471,151.57,152.72,23385
2026-03-24 09:35:00,153.41,154.77,151,151,6678
2026-03-24 09:40:00,151.21,151.21,145.8401,146.45,14075
2026-03-24 09:45:00,146.995,147.7,146,146.9,5595
2026-03-24 09:50:00,146.605,148.7324,145.3,147.66,11802
2026-03-24 09:55:00,148.22,152,147.4925,151.4,16473
2026-03-24 10:00:00,151.435,152,150.81,151,3453
2026-03-24 10:05:00,151.4,152.5351,150.4657,151.64,3809
2026-03-24 10:10:00,151.64,151.64,149,149.625,5639
2026-03-24 10:15:00,150.4791,150.4791,149.1001,149.751,10076
2026-03-24 10:20:00,149,149.15,146,147.4999,8375
2026-03-24 10:25:00,147.46,147.51,146.1464,146.6401,10980
2026-03-24 10:30:00,147.57,149.53,147.57,148.58,5001
2026-03-24 10:35:00,147.92,147.92,146.33,146.33,1554
2026-03-24 10:40:00,147.39,147.63,147.01,147.01,3545
2026-03-24 10:45:00,146.51,148.61,146.51,148,2973
2026-03-24 10:50:00,148.115,150,148.115,149.96,4687
2026-03-24 10:55:00,149.5,150.49,146.5,148.01,5441
2026-03-24 11:00:00,149.19,149.19,146.56,147.18,1990
2026-03-24 11:05:00,146.4,148.15,146.4,147.69,5971
2026-03-24 11:10:00,147.3,147.3,147.09,147.09,551
2026-03-24 11:15:00,148.28,148.7,148.28,148.54,1627
2026-03-24 11:20:00,147.91,149,147.91,148.25,1930
2026-03-24 11:25:00,148.98,148.98,147.7,147.91,1004
2026-03-24 11:30:00,147.7166,147.7166,147.3,147.6,666
2026-03-24 11:35:00,147.6,148.4779,147.6,148.4779,1610
2026-03-24 11:40:00,148.39,148.39,148.1,148.1,700
2026-03-24 11:45:00,147.55,147.66,147.12,147.13,2307
2026-03-24 11:50:00,147.5,149,147.445,149,10643
2026-03-24 11:55:00,148.75,149.3699,147.27,148.61,3685
2026-03-24 12:00:00,148.5,148.5,147.3265,147.3265,1464
2026-03-24 12:05:00,147.4,147.9,147.4,147.9,589
2026-03-24 12:10:00,147.745,147.745,147.3401,147.3401,347
2026-03-24 12:15:00,148,148,147.97,147.97,500
2026-03-24 12:20:00,148.275,149.03,148.07,148.65,1903
2026-03-24 12:25:00,148.39,148.52,147.8723,148,1549
2026-03-24 12:30:00,148.53,148.53,148.53,148.53,200
2026-03-24 12:35:00,148.435,148.445,148,148,427
2026-03-24 12:40:00,147.955,148.77,147.955,148.77,500
2026-03-24 12:45:00,149.11,149.11,148.77,148.77,2550
2026-03-24 12:50:00,148.79,148.79,147.91,147.91,500
2026-03-24 12:55:00,147.41,147.949,147,147.949,950
2026-03-24 13:00:00,147.76,148,147.34,147.95,879
2026-03-24 13:05:00,146.67,146.9,146.34,146.66,1305
2026-03-24 13:10:00,146,146,146,146,408
2026-03-24 13:15:00,146.44,146.44,145.5,145.76,2923
2026-03-24 13:20:00,145.785,146.12,145.5001,145.925,903
2026-03-24 13:25:00,145.992,146.3376,145.992,146.3376,700
2026-03-24 13:30:00,145.7,145.7,144.805,145.22,3004
2026-03-24 13:35:00,144.885,144.92,144.1348,144.745,3731
2026-03-24 13:40:00,145,145,144.5,144.679,1191
2026-03-24 13:45:00,144.71,145.15,144.71,145.15,1102
2026-03-24 13:50:00,144.96,145.77,144.35,145.77,3315
2026-03-24 13:55:00,145.88,146.92,145.8,146.535,3054
2026-03-24 14:00:00,146.5,147,146.5,147,1471
2026-03-24 14:05:00,147,147.22,147,147,2694
2026-03-24 14:10:00,147.18,147.2,147.18,147.2,555
2026-03-24 14:15:00,147.295,147.295,146.45,146.45,550
2026-03-24 14:20:00,146.3,146.3,146.3,146.3,100
2026-03-24 14:25:00,147,147.27,147,147.27,647
2026-03-24 14:30:00,148,148.1578,147.86,147.86,1995
2026-03-24 14:35:00,148.32,148.79,148.14,148.79,1334
2026-03-24 14:40:00,148.85,148.85,147.45,147.45,400
2026-03-24 14:45:00,147.325,147.41,147.325,147.41,200
2026-03-24 14:50:00,147.99,147.99,147.4401,147.4401,1600
2026-03-24 14:55:00,146.8901,148,146.795,148,620
2026-03-24 15:00:00,148.28,149,148.28,148.36,1118
2026-03-24 15:05:00,148.11,148.11,148.11,148.11,168
2026-03-24 15:10:00,148.87,149.12,148.59,149.12,1400
2026-03-24 15:15:00,148.78,150.5,148.78,150.5,995
2026-03-24 15:20:00,150,150.02,149.25,149.9,4132
2026-03-24 15:25:00,150.42,150.44,149.21,149.255,2398
2026-03-24 15:30:00,149.11,150.45,148.7444,150.4423,1230
2026-03-24 15:35:00,150.255,150.4,150,150.4,1763
2026-03-24 15:40:00,150.02,150.61,149.8,149.95,4592
2026-03-24 15:45:00,149.712,150.5,149.67,150.5,1222
2026-03-24 15:50:00,150,151.43,150,150.4,1657
2026-03-24 15:55:00,150.68,150.68,148.9,149.49,21539
2026-03-24 16:00:00,149.11,149.11,149.11,149.11,142
2026-03-24 16:05:00,149.2,150.25,149.2,149.39,800
2026-03-24 16:10:00,149.41,149.44,149.41,149.44,215
2026-03-24 16:20:00,151.64,153,151.64,153,2941
2026-03-24 16:25:00,153.53,155.06,153.51,155.06,2496
2026-03-24 16:30:00,152.28,153,152.28,153,1081
2026-03-24 16:35:00,154.24,154.6,153.94,153.94,386
2026-03-24 16:40:00,151.8175,151.85,151.8175,151.85,450
2026-03-24 16:45:00,151.35,151.66,151.35,151.66,1747
2026-03-24 16:50:00,151.85,152.1,151.85,152.1,1370
2026-03-24 17:00:00,150.001,150.466,150.001,150.466,429
2026-03-24 17:25:00,152,152,152,152,200
2026-03-24 17:50:00,152.49,152.74,152.49,152.5,975
2026-03-24 17:55:00,152.7,152.72,152.7,152.7,300
2026-03-24 18:00:00,152.75,153,152.75,153,507
2026-03-24 18:05:00,152,152,152,152,1366
2026-03-24 18:10:00,152.5,152.97,152.5,152.97,252
2026-03-24 18:25:00,152.29,152.29,152.29,152.29,100
2026-03-24 18:30:00,152.8,152.8,152.8,152.8,100
2026-03-24 18:35:00,152.6414,152.6414,152.6414,152.6414,150
2026-03-24 18:50:00,152.5,152.5,152.2,152.2,1300
2026-03-24 18:55:00,152.2,152.88,152.2,152.88,1200
2026-03-24 19:10:00,153,153.03,153,153.03,225
2026-03-24 19:15:00,153.97,153.99,153.7,153.7,500
2026-03-24 19:20:00,154,154,154,154,200
2026-03-24 19:25:00,153.55,153.55,153.55,153.55,100
2026-03-24 19:35:00,153.2,153.2,153.2,153.2,105
2026-03-24 19:50:00,153.6,153.6,153.6,153.6,1000
2026-03-25 04:00:00,152.25,152.25,152.25,152.25,100
2026-03-25 04:15:00,153,153,153,153,400
2026-03-25 04:20:00,152.82,152.82,152.82,152.82,100
2026-03-25 04:25:00,152.47,152.47,152,152,448
2026-03-25 04:35:00,153.52,153.52,153.37,153.37,218
2026-03-25 04:40:00,154.69,154.69,154.3,154.3,412
2026-03-25 04:45:00,154.36,155.05,154.03,154.03,949
2026-03-25 04:50:00,153.47,153.5,153.47,153.5,200
2026-03-25 05:10:00,154.87,154.9,154.87,154.9,202
2026-03-25 05:15:00,154.7,154.7,154.7,154.7,197
2026-03-25 06:00:00,153.73,153.73,153.73,153.73,100
2026-03-25 06:05:00,153.3,153.3,153.3,153.3,966
2026-03-25 06:10:00,152.3,152.3,152.3,152.3,400
2026-03-25 06:25:00,152,152,151.7,151.7,1357
2026-03-25 06:30:00,151,151,150.5,150.95,1000
2026-03-25 06:35:00,150,150,150,150,100
2026-03-25 06:40:00,149.99,150.24,149.7,149.7,440
2026-03-25 06:45:00,149.05,149.05,149.05,149.05,100
2026-03-25 06:55:00,150,150,150,150,100
2026-03-25 07:05:00,150.591,150.591,150.591,150.591,200
2026-03-25 07:10:00,149.68,149.68,149.68,149.68,200
2026-03-25 07:15:00,149.6,149.6,149.37,149.41,412
2026-03-25 07:20:00,149.97,150,149.97,150,651
2026-03-25 07:35:00,151.5,151.5,151,151,300
2026-03-25 07:45:00,150.4,150.4,150,150,1447
2026-03-25 07:50:00,149.67,149.67,149.67,149.67,101
2026-03-25 07:55:00,149.3,149.3,149.3,149.3,101
2026-03-25 08:00:00,150.56,155.5,149,151,12361
2026-03-25 08:05:00,150.92,150.92,150.92,150.92,222
2026-03-25 08:10:00,149,149.19,149,149.19,1496
2026-03-25 08:15:00,148.0897,148.0897,146,146,1084
2026-03-25 08:20:00,145.72,146.28,145,145.11,1409
2026-03-25 08:25:00,145.5,145.5,144.65,144.83,620
2026-03-25 08:30:00,144,144,142.8,143,935
2026-03-25 08:35:00,143.69,145.19,143.68,145.02,1350
2026-03-25 08:40:00,145.247,145.247,144.03,144.03,700
2026-03-25 08:45:00,144.0238,145.59,144.0238,145.56,1270
2026-03-25 08:50:00,145,145.04,145,145.04,2000
2026-03-25 08:55:00,144.1247,144.22,141.3985,141.85,5776
2026-03-25 09:00:00,142.1686,142.725,141.9315,141.9315,1602
2026-03-25 09:05:00,141.5702,141.75,141,141.31,4141
2026-03-25 09:10:00,140.69,142.12,140.69,141.72,3943
2026-03-25 09:15:00,141.5,142.27,141.219,142.21,1706
2026-03-25 09:20:00,141.8,142.22,141.65,142.22,1304
2026-03-25 09:25:00,143,143.17,139.37,140,4387
2026-03-25 09:30:00,139.43,139.67,131.31,135.39,41241
2026-03-25 09:35:00,135.01,140,135,139.6056,16868
2026-03-25 09:40:00,140,142.51,137,137.87,15708
2026-03-25 09:45:00,137.795,137.94,135.14,135.84,13727
2026-03-25 09:50:00,135.13,135.13,132.5,133.2,12380
2026-03-25 09:55:00,133.68,138.38,133.68,138.06,7217
2026-03-25 10:00:00,138.07,140.713,136.64,140.01,12166
2026-03-25 10:05:00,139.81,139.8434,138.91,139.5,3420
2026-03-25 10:10:00,139,139.75,138.1467,139,5830
2026-03-25 10:15:00,139.03,142.24,138.8301,142.2244,4249
2026-03-25 10:20:00,142.34,144,142.34,142.71,7847
2026-03-25 10:25:00,143.57,143.57,139.05,139.77,4435
2026-03-25 10:30:00,140.8299,140.8299,138.31,138.795,4219
2026-03-25 10:35:00,138.3,140.135,137.85,139.58,3083
2026-03-25 10:40:00,139.86,139.86,138.18,138.79,5950
2026-03-25 10:45:00,138.905,138.99,137.18,137.78,5538
2026-03-25 10:50:00,137.76,138.7999,136.8,136.8,2390
2026-03-25 10:55:00,136.27,137.13,136.0986,136.655,2764
2026-03-25 11:00:00,136.5,136.6373,135.3551,136.1,6298
2026-03-25 11:05:00,136,136.155,135.25,135.25,2228
2026-03-25 11:10:00,135,135.19,134.38,134.975,8247
2026-03-25 11:15:00,135,135.61,132.81,133.0601,11171
2026-03-25 11:20:00,133.53,135.9799,133.53,135.9799,3446
2026-03-25 11:25:00,135,135.7,134.26,135.7,1925
2026-03-25 11:30:00,135.64,136,135,135.91,2140
2026-03-25 11:35:00,135.8,136.2,134.62,135.0147,4871
2026-03-25 11:40:00,134.81,135.9391,134.81,135.9391,1558
2026-03-25 11:45:00,135.855,136.19,135.55,135.87,808
2026-03-25 11:50:00,136.4296,137.07,136,136.38,2807
2026-03-25 11:55:00,136.94,137.0259,136.9332,136.9332,411
2026-03-25 12:00:00,137.04,137.04,136.3502,136.3502,628
2026-03-25 12:05:00,136.4101,138.95,136.4101,138.95,836
2026-03-25 12:10:00,138.6696,138.8158,138.38,138.52,1263
2026-03-25 12:15:00,137.7,137.885,137.7,137.77,400
2026-03-25 12:20:00,138.1,139,138.1,138.88,3479
2026-03-25 12:25:00,139.29,139.55,138.8539,139.24,1050
2026-03-25 12:30:00,138,138,137.34,138,906
2026-03-25 12:35:00,137.94,137.94,137.234,137.5,913
2026-03-25 12:40:00,137.505,137.505,136.4001,136.4001,2376
2026-03-25 12:45:00,136.6,136.6,136.6,136.6,112
2026-03-25 12:50:00,136.9,136.9,136.9,136.9,100
2026-03-25 12:55:00,136.815,136.815,136.5,136.5,300
2026-03-25 13:00:00,137,137.32,136,136.25,3969
2026-03-25 13:10:00,135.625,136.05,135.625,136.05,650
2026-03-25 13:15:00,136.39,136.9437,136.39,136.9437,610
2026-03-25 13:20:00,136.79,136.96,136.79,136.96,230
2026-03-25 13:25:00,138.11,138.11,138.11,138.11,200
2026-03-25 13:30:00,137.68,138,137.68,138,10346
2026-03-25 13:35:00,139.01,140.0391,139,140,7726
2026-03-25 13:40:00,140.3639,141,140.03,140.5,2748
2026-03-25 13:45:00,139.82,139.83,138.32,139.19,1650
2026-03-25 13:50:00,138.54,139.1,138.215,138.215,610
2026-03-25 13:55:00,138.1,138.45,138,138.45,1859
2026-03-25 14:00:00,138.6,138.6,138.6,138.6,200
2026-03-25 14:10:00,139.93,139.93,139.93,139.93,357
2026-03-25 14:15:00,139.37,139.37,139.025,139.25,565
2026-03-25 14:20:00,138.9,139.4,138.9,139.4,436
2026-03-25 14:30:00,138.98,139.76,138.98,139.76,200
2026-03-25 14:35:00,138.5001,139.4899,138.5001,139.4899,400
2026-03-25 14:40:00,138.6779,138.6779,138.6779,138.6779,600
2026-03-25 14:50:00,139.2202,139.2202,138.45,138.45,709
2026-03-25 14:55:00,138.1,138.15,137.56,137.56,450
2026-03-25 15:00:00,137.55,137.55,137.2,137.2,683
2026-03-25 15:05:00,136.51,137.43,136,136.43,2778
2026-03-25 15:15:00,137.87,137.87,137.31,137.31,1200
2026-03-25 15:20:00,138.13,138.44,138.13,138.2484,1101
2026-03-25 15:30:00,137.6,137.6,137.01,137.01,529
2026-03-25 15:35:00,137.215,137.215,137.0607,137.0607,400
2026-03-25 15:45:00,138.49,138.49,138.49,138.49,100
2026-03-25 15:50:00,139.71,139.9,138.6701,138.6701,400
2026-03-25 15:55:00,139,139.5599,137.991,139.2,3976
2026-03-25 16:00:00,138.8,138.81,138.8,138.81,221
2026-03-25 16:05:00,138.9293,138.95,138.9293,138.95,250
2026-03-25 16:10:00,138.8,138.8,138.8,138.8,150
2026-03-25 16:15:00,138.8,138.8,138.8,138.8,100
2026-03-25 16:25:00,138.92,138.98,138.0854,138.0854,400
2026-03-25 16:30:00,138.19,138.19,138.19,138.19,212
2026-03-25 17:15:00,137.61,137.61,137.61,137.61,100
2026-03-25 17:20:00,137.79,137.94,137.79,137.94,405
2026-03-25 18:00:00,136.89,136.89,136.89,136.89,199
2026-03-25 18:10:00,136.4,136.4,136.12,136.12,398
2026-03-25 18:40:00,136.77,136.77,136.77,136.77,1000
2026-03-25 18:50:00,136.55,136.55,136.55,136.55,100
2026-03-25 19:00:00,136.24,136.24,136,136,300
2026-03-25 19:15:00,135.3,135.3,135.2,135.2,201
2026-03-25 19:25:00,135.22,135.22,135.22,135.22,150
2026-03-25 19:30:00,135.2,135.2,135.2,135.2,111
2026-03-25 19:35:00,135.0132,135.0132,134.91,134.91,896
2026-03-25 19:40:00,134.71,134.71,134.71,134.71,116
2026-03-25 19:50:00,134.81,134.9967,134.81,134.9967,200
2026-03-26 04:10:00,132,132,131.3,131.3,706
2026-03-26 04:20:00,131,131,131,131,287
2026-03-26 04:30:00,130.62,130.84,130.62,130.84,1000
2026-03-26 04:35:00,131.16,131.16,131,131,200
2026-03-26 04:40:00,132.5,132.5,132.5,132.5,140
2026-03-26 05:00:00,132.88,132.88,132.88,132.88,100
2026-03-26 05:10:00,132.98,132.98,132.98,132.98,389
2026-03-26 05:25:00,131.53,131.53,131.2,131.2,400
2026-03-26 06:00:00,131,131,131,131,100
2026-03-26 06:10:00,132.24,132.24,131.65,131.65,812
2026-03-26 06:20:00,132.07,132.07,132.04,132.04,685
2026-03-26 07:00:00,132.4,133,132,133,310
2026-03-26 07:25:00,132.77,132.77,132.16,132.16,876
2026-03-26 07:40:00,131.93,131.93,131.27,131.27,405
2026-03-26 07:45:00,131.27,131.27,131.01,131.04,3264
2026-03-26 07:50:00,131.11,131.11,131,131,594
2026-03-26 08:00:00,131.03,136.5,130.62,130.62,11822
2026-03-26 08:05:00,130.17,136.5,129.93,130.12,1227
2026-03-26 08:10:00,131.2335,131.2505,131.23,131.2505,410
2026-03-26 08:15:00,131,131.4401,131,131.4401,250
2026-03-26 08:20:00,131.53,131.53,131.53,131.53,100
2026-03-26 08:30:00,130,130,130,130,100
2026-03-26 08:35:00,129.97,129.97,129.97,129.97,100
2026-03-26 08:40:00,129.89,130.58,129.89,130.58,1100
2026-03-26 08:45:00,130.4855,131.4852,130.4855,131.4852,1000
2026-03-26 08:50:00,131.02,131.56,131.02,131.5,900
2026-03-26 09:00:00,131.66,131.66,131.5,131.5,300
2026-03-26 09:15:00,131.47,132.36,131.47,131.74,610
2026-03-26 09:25:00,130,130.04,129.01,130.04,890
2026-03-26 09:30:00,130.56,133.091,126.83,133,15165
2026-03-26 09:35:00,132.94,133,129.68,130.54,5449
2026-03-26 09:40:00,129.5146,129.5146,127,129.055,8053
2026-03-26 09:45:00,129.51,130,127.21,127.21,4333
2026-03-26 09:50:00,127.455,128.95,127,128.84,6170
2026-03-26 09:55:00,128.16,128.16,125.3835,126.33,7824
2026-03-26 10:00:00,126.91,126.94,125.2263,125.935,5559
2026-03-26 10:05:00,125.96,127.4399,125.96,126.4,3886
2026-03-26 10:10:00,126.54,127.525,125.589,126.995,2701
2026-03-26 10:15:00,127.3001,128.68,127.3001,127.766,4815
2026-03-26 10:20:00,127.77,128.84,127.77,128.84,203
2026-03-26 10:25:00,128.5397,128.5397,126.2,126.2,1594
2026-03-26 10:30:00,127.265,127.27,126.36,126.36,4476
2026-03-26 10:35:00,127.48,128.4,127.31,127.94,5709
2026-03-26 10:40:00,127.08,127.08,127,127,2183
2026-03-26 10:45:00,126.6,126.61,124.02,124.39,10576
2026-03-26 10:50:00,124.3,125.03,124,124,6686
2026-03-26 10:55:00,123.6,125.7299,123.6,125.72,4489
2026-03-26 11:00:00,125,125.88,125,125.88,1629
2026-03-26 11:05:00,126.13,126.35,125.6348,125.885,3050
2026-03-26 11:10:00,125.11,125.8791,125,125.8791,3070
2026-03-26 11:15:00,125.8699,125.8699,124.51,124.51,1484
2026-03-26 11:20:00,124.6173,126.5,124.6173,126.5,2774
2026-03-26 11:25:00,126.5,127,126.48,127,728
2026-03-26 11:30:00,126.75,126.75,126.34,126.5,544
2026-03-26 11:35:00,125.77,125.77,125.77,125.77,100
2026-03-26 11:40:00,126.28,127,126.28,127,1162
2026-03-26 11:45:00,127.2,128,127.2,127.69,830
2026-03-26 11:50:00,127.95,128,127.1141,127.8,613
2026-03-26 11:55:00,127.77,127.99,127,127,500
2026-03-26 12:00:00,127.4,127.9799,127.4,127.9799,800
2026-03-26 12:05:00,127.65,128.29,127.4,128.29,2211
2026-03-26 12:10:00,127.66,128.06,127.66,128.06,451
2026-03-26 12:15:00,127.4,127.715,126.93,127.6899,2447
2026-03-26 12:20:00,126.9,126.98,126.3,126.3,912
2026-03-26 12:25:00,126.01,126.1,125.5,126.02,1686
2026-03-26 12:30:00,125,125,124.61,124.87,1415
2026-03-26 12:35:00,124.98,125.4,124.55,124.55,4365
2026-03-26 12:40:00,124.49,124.6,124.04,124.6,3299
2026-03-26 12:45:00,124.33,124.46,123.17,123.17,6519
2026-03-26 12:50:00,123.08,124,122.51,124,3772
2026-03-26 12:55:00,124.41,124.41,123.53,123.53,1029
2026-03-26 13:00:00,123.5,123.5,123.5,123.5,100
2026-03-26 13:05:00,123.65,123.65,122.55,122.55,2157
2026-03-26 13:10:00,123,123.59,122.86,123.05,1302
2026-03-26 13:15:00,123.1215,123.1215,123.1215,123.1215,158
2026-03-26 13:20:00,122.28,122.625,121.609,122.26,5488
2026-03-26 13:25:00,121.6,122.46,121.2,122.46,27184
2026-03-26 13:30:00,122.45,122.66,122.405,122.66,1858
2026-03-26 13:40:00,121.69,122,121,121,1621
2026-03-26 13:45:00,121.27,121.27,119.58,119.58,7545
2026-03-26 13:50:00,120.16,120.16,119.175,119.4,5720
2026-03-26 13:55:00,118.79,119.9999,118.67,119.54,4451
2026-03-26 14:00:00,119,119.8299,118.4721,118.815,1732
2026-03-26 14:05:00,118.4201,120.63,118.4201,120.255,4862
2026-03-26 14:10:00,119.66,120.01,119.03,119.24,3069
2026-03-26 14:15:00,119.32,119.32,118.68,118.89,2059
2026-03-26 14:20:00,118.62,119.67,118.61,119.35,2732
2026-03-26 14:25:00,118.8183,119.161,117.24,117.97,4521
2026-03-26 14:30:00,118,118.27,117.859,117.859,5691
2026-03-26 14:35:00,117.6,117.84,117.25,117.25,4948
2026-03-26 14:40:00,117.76,118.1199,117.76,118.1199,500
2026-03-26 14:45:00,117.45,118.14,117.2501,118.14,4860
2026-03-26 14:50:00,117.9924,119.8199,117.9924,119.5,5447
2026-03-26 14:55:00,119.345,119.54,119,119.47,2220
2026-03-26 15:00:00,120,120.69,119.8401,120.39,1736
2026-03-26 15:05:00,119.655,119.655,119.65,119.65,476
2026-03-26 15:10:00,118.5,119,118.5,119,988
2026-03-26 15:15:00,119.58,120.95,119.2101,120.6,3262
2026-03-26 15:20:00,120.785,120.94,120.0495,120.7719,5019
2026-03-26 15:25:00,120.165,120.165,120.165,120.165,250
2026-03-26 15:30:00,121.2,121.2,120.37,120.6,862
2026-03-26 15:35:00,120.89,121,120.89,121,1487
2026-03-26 15:40:00,121.0404,121.23,120.3232,120.3499,2141
2026-03-26 15:45:00,119.9283,120.325,119.2001,119.93,4869
2026-03-26 15:50:00,120.91,121.03,120.19,120.19,4356
2026-03-26 15:55:00,120.16,120.27,119.4401,119.6,2805
2026-03-26 16:00:00,119.51,120.2,119,119,3123
2026-03-26 16:05:00,120,120,120,120,1000
2026-03-26 16:10:00,120.26,123,120.26,123,2493
2026-03-26 16:15:00,121.98,121.98,121.69,121.69,600
2026-03-26 16:20:00,121.2,121.2,121.2,121.2,144
2026-03-26 16:25:00,120,120,120,120,100
2026-03-26 16:40:00,122.09,122.1,122.09,122.1,223
2026-03-26 16:50:00,121.35,121.98,121.32,121.32,300
2026-03-26 17:15:00,121.63,121.7,121.63,121.7,400
2026-03-26 17:20:00,121.6,121.6,121.6,121.6,1100
2026-03-26 17:25:00,121.02,121.02,121.02,121.02,100
2026-03-26 17:30:00,120,120.34,120,120.33,325
2026-03-26 17:50:00,121.65,121.65,121.15,121.2943,500
2026-03-26 17:55:00,121.22,121.22,121.22,121.22,100
2026-03-26 18:00:00,121.7,121.7,121.7,121.7,400
2026-03-26 18:05:00,121,121,121,121,117
2026-03-26 18:20:00,121.07,121.07,121,121,230
2026-03-26 18:25:00,121,121,121,121,171
2026-03-26 18:40:00,120.8,120.8,120.8,120.8,200
2026-03-26 18:55:00,120.3,120.3,120.3,120.3,100
2026-03-26 19:10:00,120.3,120.3,120.3,120.3,386
2026-03-26 19:20:00,120.12,120.12,120.12,120.12,247
2026-03-26 19:30:00,120.23,120.25,120.23,120.25,900
2026-03-26 19:35:00,120.5,120.5,120.5,120.5,100
2026-03-26 19:40:00,120,120,120,120,355
2026-03-26 19:45:00,120.1119,120.1119,120.1119,120.1119,200
2026-03-26 19:55:00,120.45,120.47,120.45,120.47,200
2026-03-27 04:15:00,121.25,121.25,121.25,121.25,110
2026-03-27 04:25:00,120.7,120.7,120.65,120.65,740
2026-03-27 04:30:00,120.66,120.66,120.66,120.66,100
2026-03-27 04:35:00,120.5,120.5,119.99,119.99,937
2026-03-27 04:40:00,119,119,119,119,100
2026-03-27 05:10:00,118.3,118.3,118.3,118.3,100
2026-03-27 05:15:00,118.49,118.49,118.49,118.49,421
2026-03-27 05:45:00,119.01,119.01,119,119,750
2026-03-27 06:00:00,118,118.01,118,118,527
2026-03-27 06:05:00,118,118,118,118,217
2026-03-27 06:40:00,117.83,117.84,117.83,117.84,339
2026-03-27 06:45:00,117,117,117,117,100
2026-03-27 06:50:00,116.5,116.5,116.5,116.5,947
2026-03-27 06:55:00,115,115,115,115,100
2026-03-27 07:00:00,115,115,115,115,300
2026-03-27 07:10:00,113.9,113.9,113.2,113.2,893
2026-03-27 07:15:00,113.72,113.72,113.66,113.67,580
2026-03-27 07:25:00,113.67,113.88,113.67,113.88,552
2026-03-27 07:40:00,115,115,115,115,103
2026-03-27 07:45:00,115,115,115,115,348
2026-03-27 07:50:00,115.111,115.58,115.111,115.58,300
2026-03-27 07:55:00,116,116,116,116,100
2026-03-27 08:00:00,115.5,127.83,112.46,126.98,32611
2026-03-27 08:05:00,115.25,115.6,114.67,114.67,2265
2026-03-27 08:10:00,114.78,116,114.68,115.92,893
2026-03-27 08:15:00,116.32,116.77,116.32,116.77,740
2026-03-27 08:20:00,116.45,116.45,116.45,116.45,250
2026-03-27 08:25:00,117.4,117.4,117.4,117.4,230
2026-03-27 08:35:00,117.5889,117.5889,117.22,117.22,300
2026-03-27 08:40:00,117.9,117.93,117.9,117.93,400
2026-03-27 08:45:00,119,119,117.89,117.89,900
2026-03-27 08:50:00,118.621,118.621,118.621,118.621,150
2026-03-27 08:55:00,118.2294,118.2294,118.2294,118.2294,170
2026-03-27 09:00:00,117.92,117.92,117.55,117.55,500
2026-03-27 09:05:00,117,117.96,117,117.96,800
2026-03-27 09:10:00,118.2,119.22,118.2,118.86,2533
2026-03-27 09:15:00,119.35,121.14,119.35,120.17,2434
2026-03-27 09:20:00,120.79,122,120.77,121.74,880
2026-03-27 09:25:00,121,121.28,120,120,958
2026-03-27 09:30:00,122.445,122.445,118.5985,120.6,12309
2026-03-27 09:35:00,120.825,124,120.74,124,16070
2026-03-27 09:40:00,124.54,125.415,122.41,124.5,8372
2026-03-27 09:45:00,124.66,127.29,124.56,126.82,11636
2026-03-27 09:50:00,126.82,126.825,122.6311,123,13984
2026-03-27 09:55:00,122.5,122.705,120.8911,122.395,3084
2026-03-27 10:00:00,122.3,123.5,122.2,123,3554
2026-03-27 10:05:00,123.35,123.35,121,122.7633,2765
2026-03-27 10:10:00,122.99,124.43,122.99,124,2478
2026-03-27 10:15:00,124.25,124.62,124.17,124.5,2282
2026-03-27 10:20:00,124.4,124.56,122.935,123.18,3731
2026-03-27 10:25:00,123.47,123.55,122.6,122.6,1684
2026-03-27 10:30:00,122.5338,122.91,122.305,122.91,2439
2026-03-27 10:35:00,122.92,123.1247,122.04,122.04,4166
2026-03-27 10:40:00,121.9444,123.0401,121.9444,123.02,1778
2026-03-27 10:45:00,123.2,124.54,122.66,124.54,3382
2026-03-27 10:50:00,124.47,125.41,124.4,125.03,3668
2026-03-27 10:55:00,125.11,125.16,124.88,124.8914,2092
2026-03-27 11:00:00,125,125.67,125,125.66,1596
2026-03-27 11:05:00,125.19,126,125.19,125.8,7727
2026-03-27 11:10:00,126.215,126.454,126.12,126.205,4109
2026-03-27 11:15:00,125.62,125.72,124.6985,124.6985,1793
2026-03-27 11:20:00,125.2,127,124.73,126.4211,4168
2026-03-27 11:25:00,126.33,128,126.33,127.5,9322
2026-03-27 11:30:00,127.2,128.44,127.2,128.1799,7976
2026-03-27 11:35:00,127.46,128.04,126.55,126.55,4475
2026-03-27 11:40:00,126.23,126.72,125.011,125.96,6614
2026-03-27 11:45:00,127.2865,127.2865,126.695,126.695,1038
2026-03-27 11:50:00,127.35,127.38,126.5497,126.5497,1950
2026-03-27 11:55:00,126.805,127.27,126.805,127.27,298
2026-03-27 12:00:00,126.45,127.27,126.45,127.27,578
2026-03-27 12:05:00,125.95,125.95,125.8,125.8,1260
2026-03-27 12:10:00,125.52,125.95,125.52,125.8,3486
2026-03-27 12:15:00,125.62,125.65,125.1111,125.54,5718
2026-03-27 12:20:00,125.27,125.55,125.11,125.24,703
2026-03-27 12:25:00,125,125.27,124.869,124.869,743
2026-03-27 12:30:00,125.04,125.04,125,125.02,1183
2026-03-27 12:35:00,124.66,124.8558,124.61,124.675,1390
2026-03-27 12:40:00,124.21,125.3,124.21,125.3,2600
2026-03-27 12:45:00,125.31,126.26,125.31,126.26,330
2026-03-27 12:50:00,125.7825,126.0978,125.7825,126.0978,600
2026-03-27 12:55:00,125.655,125.655,125.655,125.655,100
2026-03-27 13:00:00,125.25,125.25,124.87,124.87,680
2026-03-27 13:10:00,124.87,124.87,124.87,124.87,100
2026-03-27 13:15:00,124.88,124.88,124.05,124.05,494
2026-03-27 13:20:00,124.28,124.28,122.9,123.01,12925
2026-03-27 13:25:00,122.84,123.03,121.7,121.81,11734
2026-03-27 13:30:00,121.89,122.28,121.66,121.66,3224
2026-03-27 13:35:00,122.09,122.1403,121.48,121.5175,6383
2026-03-27 13:40:00,121.195,121.31,120.74,120.74,8326
2026-03-27 13:45:00,121.13,121.67,120.89,121.67,516
2026-03-27 13:50:00,121.96,121.96,121.96,121.96,298
2026-03-27 13:55:00,122.4,122.5,121.68,121.82,1600
2026-03-27 14:00:00,121.36,121.36,121.36,121.36,100
2026-03-27 14:05:00,121.49,121.49,121.21,121.21,935
2026-03-27 14:10:00,121.16,121.65,121.16,121.65,430
2026-03-27 14:15:00,121.435,122.3485,121.435,122.165,2230
2026-03-27 14:20:00,122.14,122.17,121.95,121.95,498
2026-03-27 14:25:00,121.89,121.89,121.89,121.89,200
2026-03-27 14:30:00,121.2,121.2,121.17,121.17,230
2026-03-27 14:35:00,121.01,121.2999,121.01,121.2999,800
2026-03-27 14:40:00,121.26,121.52,121.24,121.33,1890
2026-03-27 14:45:00,121.105,121.105,121.105,121.105,300
2026-03-27 14:50:00,120.85,120.85,120.43,120.68,1532
2026-03-27 14:55:00,120.2575,120.638,120.0777,120.638,520
2026-03-27 15:00:00,120.58,120.58,119.9975,120,1708
2026-03-27 15:05:00,120.38,120.38,120.2,120.2,400
2026-03-27 15:15:00,119.47,119.64,119.47,119.64,400
2026-03-27 15:25:00,119.8,119.8,119.8,119.8,300
2026-03-27 15:30:00,120.2,120.295,120.2,120.295,206
2026-03-27 15:35:00,120.545,120.545,120.39,120.39,458
2026-03-27 15:40:00,120.63,120.8,120.2444,120.8,717
2026-03-27 15:45:00,120.65,121,120.65,121,520
2026-03-27 15:50:00,120.06,120.53,119.87,120.44,2248
2026-03-27 15:55:00,120.68,120.9,120.43,120.66,2367
2026-03-27 16:00:00,120.86,120.86,120.45,120.45,247
2026-03-27 16:25:00,119.4707,119.4707,119.43,119.43,1018
2026-03-27 16:45:00,119.48,119.48,119.48,119.48,300
2026-03-27 17:05:00,119.2,119.2,119.2,119.2,101
2026-03-27 17:10:00,119.42,119.42,119.42,119.42,100
2026-03-27 17:40:00,119,119.41,119,119.41,479
2026-03-27 17:55:00,118.91,118.91,118.91,118.91,100
2026-03-27 18:05:00,118.5,118.5,118.5,118.5,100
2026-03-27 18:15:00,118,118,118,118,460
2026-03-27 18:25:00,117.5,117.5,117.5,117.5,200
2026-03-27 18:45:00,118,118,118,118,380
2026-03-27 19:35:00,117.7,117.7,117.7,117.7,474
2026-03-27 19:55:00,117.8,117.8,117.75,117.75,800
2026-03-30 04:00:00,119.5,120,119.5,120,302
2026-03-30 04:05:00,119,119.1,119,119.1,200
2026-03-30 04:10:00,120.51,120.51,120.51,120.51,283
2026-03-30 04:15:00,121.15,121.15,121.15,121.15,428
2026-03-30 04:35:00,123.96,123.96,123.96,123.96,100
2026-03-30 04:40:00,124.24,125,124.24,125,468
2026-03-30 04:45:00,124.78,124.78,124.78,124.78,100
2026-03-30 05:00:00,124.75,124.75,124.48,124.48,475
2026-03-30 05:05:00,124.58,124.9,124.58,124.9,331
2026-03-30 05:15:00,123.94,123.94,123.61,123.62,930
2026-03-30 05:45:00,124.01,124.01,123.94,123.94,777
2026-03-30 06:40:00,120.5886,120.5886,120.5886,120.5886,151
2026-03-30 06:50:00,123,123,123,123,800
2026-03-30 07:00:00,122.99,122.99,122.99,122.99,100
2026-03-30 07:05:00,122.79,122.79,122.79,122.79,138
2026-03-30 07:10:00,123.99,123.99,123.99,123.99,180
2026-03-30 07:15:00,123.62,123.62,123.62,123.62,100
2026-03-30 07:20:00,124,124,124,124,150
2026-03-30 07:30:00,126.06,126.48,126.06,126.48,1812
2026-03-30 07:35:00,125.46,125.46,125.46,125.46,623
2026-03-30 07:45:00,123.96,123.96,123.96,123.96,240
2026-03-30 07:55:00,124.7491,124.7491,124,124,1700
2026-03-30 08:05:00,125.2533,125.2533,124.74,124.74,350
2026-03-30 08:15:00,126.4,126.4,126.4,126.4,180
2026-03-30 08:20:00,126.409,126.409,126.409,126.409,154
2026-03-30 08:25:00,126.9,126.9,126.9,126.9,200
2026-03-30 08:30:00,126.5,126.5,126.5,126.5,200
2026-03-30 08:35:00,127,127,126.9,127,732
2026-03-30 08:40:00,127.28,127.28,127.28,127.28,1000
2026-03-30 08:45:00,126.68,126.68,126.68,126.68,180
2026-03-30 08:50:00,126.5,126.5,126.5,126.5,412
2026-03-30 08:55:00,126.85,126.85,126.85,126.85,1000
2026-03-30 09:00:00,127.0941,127.27,127,127,685
2026-03-30 09:05:00,126,126,126,126,200
2026-03-30 09:15:00,126.47,126.47,126.47,126.47,424
2026-03-30 09:30:00,123.66,123.66,118,119.24,13633
2026-03-30 09:35:00,118.5,118.77,112.81,112.96,14425
2026-03-30 09:40:00,112.88,113.33,110.9067,112.77,15443
2026-03-30 09:45:00,112.1,112.78,111,112.39,24293
2026-03-30 09:50:00,112.65,113.26,112,112,6077
2026-03-30 09:55:00,111,111.63,109.63,111,9996
2026-03-30 10:00:00,111.55,112.3439,111.41,112.02,2147
2026-03-30 10:05:00,111.97,112.08,111.6575,111.93,792
2026-03-30 10:10:00,112.75,113.9999,112.75,113.5328,7663
2026-03-30 10:15:00,113.31,113.31,112.045,112.045,2214
2026-03-30 10:20:00,112.09,112.09,111.03,111.1751,1943
2026-03-30 10:25:00,110.9801,110.9801,108.71,109.1,5457
2026-03-30 10:30:00,109.3,110.36,109.3,110,3582
2026-03-30 10:35:00,109.1795,109.5,107.5501,109.4,6630
2026-03-30 10:40:00,109.465,109.465,107.67,108.65,1783
2026-03-30 10:45:00,108.78,109.61,108.505,109.61,3752
2026-03-30 10:50:00,109.2447,109.2447,107.855,108.94,3177
2026-03-30 10:55:00,108.4,109.66,108.4,109.66,2730
2026-03-30 11:00:00,110.5,110.88,109.3991,109.64,5885
2026-03-30 11:05:00,110.06,110.06,108.32,108.67,3322
2026-03-30 11:10:00,108.59,108.59,107.56,107.59,8879
2026-03-30 11:15:00,107,107,106.2323,106.84,6472
2026-03-30 11:20:00,106.71,107.27,106.42,107.0385,5380
2026-03-30 11:25:00,107.865,107.89,107.32,107.32,1168
2026-03-30 11:30:00,107.57,107.89,107.57,107.89,536
2026-03-30 11:35:00,108,108.23,108,108.23,4570
2026-03-30 11:40:00,107.52,107.52,107.52,107.52,100
2026-03-30 11:45:00,107.7,107.7,106.98,106.98,525
2026-03-30 11:50:00,106.805,106.805,106.1502,106.1502,2216
2026-03-30 11:55:00,106.1,106.1,104.2501,104.55,17378
2026-03-30 12:00:00,104.27,104.27,103.25,103.25,4987
2026-03-30 12:05:00,103.7,103.7495,102.481,102.49,5278
2026-03-30 12:10:00,102.6,103.75,102.6,103.75,1882
2026-03-30 12:15:00,103.1597,104.2364,102.76,104.2,2662
2026-03-30 12:20:00,104.13,104.485,102.71,102.9,2962
2026-03-30 12:25:00,103,103,102,102.365,3786
2026-03-30 12:30:00,102.235,102.795,102.07,102.795,1894
2026-03-30 12:35:00,102.77,103,102.3,103,601
2026-03-30 12:40:00,102.9,103.42,102.69,102.97,2448
2026-03-30 12:45:00,102.88,102.88,102.65,102.72,998
2026-03-30 12:50:00,102.72,102.72,102.5568,102.5568,500
2026-03-30 12:55:00,102.7025,102.7025,102.375,102.375,295
2026-03-30 13:00:00,102.05,102.05,101.6,101.6,1540
2026-03-30 13:05:00,101.415,102,101.23,102,664
2026-03-30 13:10:00,101.28,101.4647,100.7,101.215,1862
2026-03-30 13:15:00,101.52,102,100.79,102,3774
2026-03-30 13:20:00,101.7472,101.7472,100.27,100.325,1252
2026-03-30 13:25:00,100.0674,100.0836,99.15,99.15,3584
2026-03-30 13:30:00,99.1176,100.08,98.79,100.08,3620
2026-03-30 13:35:00,99.74,100.86,99.4001,100.53,3360
2026-03-30 13:40:00,100.88,100.98,100.88,100.98,300
2026-03-30 13:45:00,101.06,101.7199,100.782,101.7199,1147
2026-03-30 13:50:00,101.3716,101.3716,101,101.34,604
2026-03-30 13:55:00,101.2012,101.37,101.2012,101.37,200
2026-03-30 14:00:00,101.34,101.34,100.9,101.29,1826
2026-03-30 14:05:00,100.5,100.5,99.99,100.035,5188
2026-03-30 14:10:00,100.22,100.8369,100.22,100.8369,1220
2026-03-30 14:15:00,100.2,100.2,99.85,100.19,3880
2026-03-30 14:20:00,100.2,100.39,99.5,99.55,5093
2026-03-30 14:25:00,99.59,99.8334,99.08,99.08,650
2026-03-30 14:30:00,99.12,99.14,98.5,98.79,4551
2026-03-30 14:35:00,99.13,99.18,98.49,98.7391,1846
2026-03-30 14:40:00,99,99.12,98.505,98.505,2627
2026-03-30 14:45:00,98.5,98.5,97.85,97.85,7418
2026-03-30 14:50:00,98.2337,98.5846,98.2,98.5846,859
2026-03-30 14:55:00,98.5,98.5,97.51,97.53,1771
2026-03-30 15:00:00,97.84,97.84,97,97,238
2026-03-30 15:05:00,97.18,97.18,96.0399,96.67,9008
2026-03-30 15:10:00,96.49,96.49,95.805,95.805,3181
2026-03-30 15:15:00,95.96,96.32,95.8672,95.8672,1642
2026-03-30 15:20:00,96.4301,96.74,95.58,95.58,9463
2026-03-30 15:25:00,95.5485,95.8,94.8001,95.03,8746
2026-03-30 15:30:00,95.3501,96.71,94.44,96.59,7392
2026-03-30 15:35:00,96.12,97.71,96.12,97.054,1417
2026-03-30 15:40:00,97.18,97.41,96.84,97.37,3500
2026-03-30 15:45:00,96.99,97.7686,96.99,97.25,2811
2026-03-30 15:50:00,97.24,97.77,96.2,97.2,6017
2026-03-30 15:55:00,97,97.85,97,97.1,5550
2026-03-30 16:00:00,96.71,97.12,96.71,97.12,623
2026-03-30 16:05:00,96.7,96.7,96.22,96.22,450
2026-03-30 16:15:00,96.33,96.33,96.33,96.33,155
2026-03-30 16:20:00,96,96,96,96,108
2026-03-30 16:40:00,95.52,95.52,95.47,95.47,736
2026-03-30 16:45:00,96,96.1695,96,96.1695,1103
2026-03-30 16:50:00,96.1073,96.1073,96.1073,96.1073,100
2026-03-30 16:55:00,96.21,96.21,96.21,96.21,273
2026-03-30 17:40:00,95.53,95.53,95.53,95.53,100
2026-03-30 18:30:00,95,95.06,94.5,94.5,1770
2026-03-30 18:35:00,94.97,94.97,94.97,94.97,1000
2026-03-30 18:40:00,94.52,94.52,94.4,94.4,448
2026-03-30 18:45:00,94.07,94.77,94.07,94.27,1637
2026-03-30 18:55:00,94.35,94.35,94.35,94.35,100
2026-03-30 19:00:00,93.81,93.81,93.6,93.6,1070
2026-03-30 19:05:00,93.92,93.92,93.6185,93.6185,600
2026-03-30 19:10:00,93.61,93.61,93.61,93.61,700
2026-03-30 19:15:00,93.4,93.4,93.4,93.4,155
2026-03-30 19:20:00,93.71,93.76,93.25,93.267,1854
2026-03-30 19:25:00,93.78,93.78,93.76,93.76,1400
2026-03-30 19:30:00,93.7,93.7,93.04,93.04,637
2026-03-30 19:35:00,93.11,93.29,93,93,1328
2026-03-30 19:40:00,92.99,92.99,92.16,92.3,3221
2026-03-30 19:45:00,92.21,92.53,92,92.11,2565
2026-03-30 19:50:00,92,92.3915,92,92.3915,2464
2026-03-30 19:55:00,92.171,92.171,92,92,5395
2026-03-31 04:00:00,94,98.68,93.71,98.68,4370
2026-03-31 04:05:00,98.76,99.52,98.76,99.52,1033
2026-03-31 04:10:00,99.94,100,99.5,99.5,955
2026-03-31 05:05:00,98.38,98.38,98.38,98.38,300
2026-03-31 06:05:00,96.72,96.72,96.72,96.72,100
2026-03-31 06:20:00,96.41,96.42,96.41,96.41,400
2026-03-31 06:30:00,95.8726,95.8726,95.8726,95.8726,100
2026-03-31 06:35:00,94.44,94.45,94.4,94.4,400
2026-03-31 06:50:00,93.25,93.71,93.25,93.71,300
2026-03-31 06:55:00,94.45,94.45,94.45,94.45,300
2026-03-31 07:10:00,94.81,95.6,94.81,95,2046
2026-03-31 07:15:00,95.6,95.6,95.2,95.2,846
2026-03-31 07:20:00,94.6,94.6,94.6,94.6,100
2026-03-31 07:25:00,96.01,96.01,95.5,95.5,200
2026-03-31 07:30:00,95.5,95.5,94.88,95.44,1671
2026-03-31 07:35:00,95,95.73,95,95.73,780
2026-03-31 07:40:00,96.33,96.35,96.03,96.03,442
2026-03-31 07:45:00,96.03,96.03,95.9,95.9,725
2026-03-31 07:50:00,95.92,95.92,95.78,95.78,425
2026-03-31 07:55:00,95.6323,95.6323,95.6323,95.6323,1500
2026-03-31 08:00:00,95.43,95.74,95.43,95.66,800
2026-03-31 08:05:00,95.23,95.82,95.21,95.82,500
2026-03-31 08:15:00,94,94.74,93.44,94.74,600
2026-03-31 08:20:00,94.34,94.34,94.1,94.1,1119
2026-03-31 08:25:00,93.72,94.2,93.72,94.2,806
2026-03-31 08:30:00,94.44,94.44,94.42,94.42,200
2026-03-31 08:35:00,95.41,95.8,95.4,95.8,700
2026-03-31 08:40:00,95.8,96.8,95.8,96.8,792
2026-03-31 08:45:00,97,97.34,96.76,97.04,2141
2026-03-31 08:50:00,97.07,97.63,96.86,96.86,2121
2026-03-31 08:55:00,97,97,96.16,96.21,1846
2026-03-31 09:00:00,96.2,96.35,95.41,95.41,2794
2026-03-31 09:05:00,95.0916,95.0916,94.0679,94.36,1892
2026-03-31 09:10:00,95.46,95.8898,95.46,95.8898,656
2026-03-31 09:15:00,95.41,95.48,95.41,95.47,375
2026-03-31 09:20:00,96.49,96.49,95.99,96,1193
2026-03-31 09:25:00,96.001,96.54,95.36,96.54,2688
2026-03-31 09:30:00,96.44,98.44,95.43,97.22,14214
2026-03-31 09:35:00,97.33,97.47,92.3,92.3925,28874
2026-03-31 09:40:00,92.3,93.87,90.5438,93.65,17942
2026-03-31 09:45:00,93.96,95,93.29,95,12215
2026-03-31 09:50:00,95.015,95.68,93.5,94.74,7070
2026-03-31 09:55:00,95.07,100.04,95.07,99.57,20259
2026-03-31 10:00:00,98.69,100.79,98.35,100.58,23707
2026-03-31 10:05:00,100.24,100.59,99.08,99.23,14587
2026-03-31 10:10:00,99.13,99.35,97.44,98.655,47567
2026-03-31 10:15:00,98.39,101.07,98.38,100.225,4999
2026-03-31 10:20:00,100.265,100.85,99.05,100,17067
2026-03-31 10:25:00,99.53,99.53,98.254,98.8,6862
2026-03-31 10:30:00,98.78,100.68,98.78,100.58,3809
2026-03-31 10:35:00,100.68,101.5799,99.915,100.09,6692
2026-03-31 10:40:00,100.98,101,98.7095,99.605,5701
2026-03-31 10:45:00,99.6,100.8,98.51,99.12,10594
2026-03-31 10:50:00,98.955,99.26,97.5,97.825,12823
2026-03-31 10:55:00,97.95,98.0711,96.7262,97.21,5050
2026-03-31 11:00:00,97.57,97.8656,97.1931,97.61,633
2026-03-31 11:05:00,98,99.14,96.7546,97.27,8043
2026-03-31 11:10:00,97.27,97.92,96.9,97.81,4021
2026-03-31 11:15:00,97.51,97.93,97.35,97.56,2373
2026-03-31 11:20:00,97.345,98,97,97.56,2811
2026-03-31 11:25:00,97.65,98.1,97.41,98.1,1540
2026-03-31 11:30:00,97.93,97.93,97,97.09,1570
2026-03-31 11:35:00,97.055,97.38,95.9001,96,4564
2026-03-31 11:40:00,96.4732,96.4732,95.135,95.135,1147
2026-03-31 11:45:00,94.65,94.695,93.75,94.1,7762
2026-03-31 11:50:00,93.71,95.6699,93.71,95.025,2301
2026-03-31 11:55:00,95.05,95.05,94.44,94.64,550
2026-03-31 12:00:00,94.58,96.34,94.58,96.19,3249
2026-03-31 12:05:00,96.49,97.6,96.49,97.6,3843
2026-03-31 12:10:00,97.375,98.395,97.3,98.135,11665
2026-03-31 12:15:00,97.933,98.4,97.5,97.5,1527
2026-03-31 12:20:00,98.09,98.11,97.72,98.11,828
2026-03-31 12:25:00,98.03,98.115,97.37,97.82,3263
2026-03-31 12:30:00,97.6,97.6,97.6,97.6,200
2026-03-31 12:35:00,98.0734,99.35,98.0734,99.35,2593
2026-03-31 12:40:00,99.8,103.08,99.783,102.33,17785
2026-03-31 12:45:00,102.8,103.49,101,101.3218,7330
2026-03-31 12:50:00,102,102,101,101.0301,3971
2026-03-31 12:55:00,102,102,100.8,100.8,2986
2026-03-31 13:00:00,100.37,102.54,100.15,102.35,15441
2026-03-31 13:05:00,102,102.18,101.06,101.5,4476
2026-03-31 13:10:00,101.48,101.64,101.1101,101.415,1463
2026-03-31 13:15:00,102.025,102.35,101.865,102.04,2246
2026-03-31 13:20:00,102.28,102.28,101.63,101.63,2950
2026-03-31 13:25:00,101.83,101.83,100.6,101.2499,3450
2026-03-31 13:30:00,100.88,101.6,100.81,100.95,1722
2026-03-31 13:35:00,100.42,100.9,100,100.9,1786
2026-03-31 13:40:00,100.47,101.01,100.24,100.35,2091
2026-03-31 13:45:00,100.2501,100.41,100.06,100.06,350
2026-03-31 13:50:00,100.055,100.14,99.64,100.02,1630
2026-03-31 13:55:00,99.79,99.79,98.2101,98.2986,4277
2026-03-31 14:00:00,98.5025,99.34,98.3212,98.49,8075
2026-03-31 14:05:00,98.865,99.305,98.86,98.86,2300
2026-03-31 14:10:00,99.18,99.6,98.93,99.6,3696
2026-03-31 14:15:00,100.77,100.77,100.18,100.18,1196
2026-03-31 14:20:00,100.17,100.6263,99.89,100.315,2363
2026-03-31 14:25:00,99.83,100.53,99.74,100.53,1073
2026-03-31 14:30:00,100.17,100.17,100.01,100.01,200
2026-03-31 14:35:00,100.7769,100.7769,100.7769,100.7769,100
2026-03-31 14:40:00,101.3437,101.79,101.3437,101.79,2994
2026-03-31 14:45:00,101.9223,102.2265,101.8979,102,4285
2026-03-31 14:50:00,102,102.9999,102,102.27,2050
2026-03-31 14:55:00,102.82,103.25,102.82,103.25,1678
2026-03-31 15:00:00,103.44,104.24,103.38,103.5617,3797
2026-03-31 15:05:00,103.7,103.86,102.59,103.07,2745
2026-03-31 15:10:00,103.21,104.005,103.21,104,4016
2026-03-31 15:15:00,103.98,104.97,103.98,104.95,1908
2026-03-31 15:20:00,105,105.63,105,105.4,6523
2026-03-31 15:25:00,105.4,105.9,105.1901,105.41,5481
2026-03-31 15:30:00,105.16,105.48,104.7301,104.94,5002
2026-03-31 15:35:00,105,105.9218,105,105.8,2426
2026-03-31 15:40:00,105.775,105.775,104.78,104.915,5690
2026-03-31 15:45:00,105.3749,105.64,105.23,105.23,3025
2026-03-31 15:50:00,105.47,105.9299,104.8429,105.65,12303
2026-03-31 15:55:00,106,106.89,105.59,106.435,9437
2026-03-31 16:00:00,106.36,106.36,106.05,106.14,1251
2026-03-31 16:05:00,106.99,107,106.1,107,1328
2026-03-31 16:15:00,107.6681,107.7,107.6681,107.7,225
2026-03-31 16:20:00,107.6999,107.6999,107.6999,107.6999,2970
2026-03-31 16:25:00,107.36,108,107.36,108,1841
2026-03-31 16:30:00,107.7,107.7,107.7,107.7,370
2026-03-31 16:35:00,107.21,107.35,107.21,107.35,952
2026-03-31 16:40:00,106.11,106.11,106.11,106.11,650
2026-03-31 16:45:00,105.71,106.3603,105.71,106.3603,400
2026-03-31 17:00:00,106.27,106.94,106.16,106.94,790
2026-03-31 17:10:00,106.22,106.22,106.22,106.22,600
2026-03-31 17:20:00,105.19,106,105.19,106,500
2026-03-31 17:40:00,105.8,105.8,105.8,105.8,100
2026-03-31 17:45:00,105.6,105.6,105.6,105.6,100
2026-03-31 17:55:00,105.67,105.68,105.67,105.68,800
2026-03-31 18:00:00,106.17,106.3,106.17,106.3,2300
2026-03-31 18:05:00,107,107,106.99,106.99,906
2026-03-31 18:25:00,108.31,108.31,108.31,108.31,100
2026-03-31 18:30:00,109,109,109,109,100
2026-03-31 18:40:00,109.3713,109.3713,109.3713,109.3713,200
2026-03-31 18:55:00,108.47,108.53,108.47,108.53,763
2026-03-31 19:00:00,108.88,108.88,108.88,108.88,100
2026-03-31 19:05:00,109,109,108.62,108.62,855
2026-03-31 19:10:00,108.62,109,108.62,109,800
2026-03-31 19:20:00,108.8716,108.8716,108.8716,108.8716,300
2026-03-31 19:35:00,108.48,108.75,108.48,108.75,1500
2026-03-31 19:40:00,108.72,108.72,108,108,682
2026-03-31 19:45:00,108.72,108.72,108.72,108.72,150
2026-04-01 04:00:00,112.58,114.22,109.86,111.8,8115
2026-04-01 04:05:00,109,109,109,109,579
2026-04-01 04:20:00,110.9978,110.9978,110.9978,110.9978,133
2026-04-01 04:35:00,111,111,111,111,188
2026-04-01 04:55:00,110.38,111,110.38,111,978
2026-04-01 05:00:00,110.05,110.75,109.68,110.75,634
2026-04-01 05:10:00,110,110,110,110,100
2026-04-01 05:15:00,109,109,109,109,921
2026-04-01 05:20:00,107.58,108,107.58,108,303
2026-04-01 05:30:00,108.83,108.83,108.83,108.83,127
2026-04-01 05:40:00,108,108,108,108,100
2026-04-01 06:00:00,110.01,110.01,110.01,110.01,774
2026-04-01 06:30:00,110.64,110.64,110.64,110.64,113
2026-04-01 06:45:00,110.96,112,110.95,112,685
2026-04-01 06:50:00,112,112,112,112,200
2026-04-01 07:00:00,110.34,111.62,110.34,111.08,1445
2026-04-01 07:05:00,111.19,111.19,111.04,111.04,494
2026-04-01 07:10:00,111.87,111.95,111.87,111.95,876
2026-04-01 07:15:00,112,112,112,112,200
2026-04-01 07:20:00,111.8,112.15,111.8,112.15,500
2026-04-01 07:25:00,112.7415,112.96,112.5,112.5,727
2026-04-01 07:35:00,112.5,112.5,112.365,112.365,287
2026-04-01 07:40:00,112.88,113,112.62,112.62,629
2026-04-01 07:45:00,112.1003,113.04,112.1003,113.04,515
2026-04-01 07:50:00,113.5,113.5,113.5,113.5,100
2026-04-01 07:55:00,113.63,113.63,113.32,113.41,5646
2026-04-01 08:00:00,113,113.2775,113,113.2775,500
2026-04-01 08:10:00,113.37,113.37,113.37,113.37,622
2026-04-01 08:15:00,113.8,113.8,113.8,113.8,195
2026-04-01 08:25:00,113.14,113.14,113.14,113.14,200
2026-04-01 08:30:00,113.01,113.01,113.01,113.01,100
2026-04-01 08:35:00,112.58,112.58,112.5,112.5,1200
2026-04-01 08:40:00,112.1,113,112.1,113,2219
2026-04-01 08:45:00,113.92,114.5,112.96,112.96,2196
2026-04-01 08:50:00,113.3,113.37,113.3,113.31,1135
2026-04-01 08:55:00,112.58,113,112.5,112.5,4082
2026-04-01 09:00:00,112.6,112.99,112,112.14,9780
2026-04-01 09:05:00,112,112,111.5,111.5,1753
2026-04-01 09:15:00,112.32,112.32,112.32,112.32,100
2026-04-01 09:20:00,112.72,113.55,112.72,113.55,1337
2026-04-01 09:25:00,113.89,115.55,113.47,113.47,1505
2026-04-01 09:30:00,113.175,115.674,110,115.14,29470
2026-04-01 09:35:00,114.85,118.18,114.85,117.72,26516
2026-04-01 09:40:00,117.1148,118.07,114.69,114.71,15973
2026-04-01 09:45:00,115.11,115.26,113.81,114.0917,7726
2026-04-01 09:50:00,114.09,116.26,113.42,116.0051,9315
2026-04-01 09:55:00,115.8,117.8,115.8,117.28,6869
2026-04-01 10:00:00,117.28,121,117.28,121,17029
2026-04-01 10:05:00,121.0672,122.245,120.42,121.93,18932
2026-04-01 10:10:00,122.16,122.41,120.7493,122.28,13717
2026-04-01 10:15:00,122.5,124.8,122.395,123.24,11696
2026-04-01 10:20:00,123.79,125.9049,123.79,123.84,35133
2026-04-01 10:25:00,124,124.03,122.6,122.9512,4824
2026-04-01 10:30:00,122.83,123.955,122.83,122.83,8565
2026-04-01 10:35:00,122.6,123.867,121.51,123.21,23333
2026-04-01 10:40:00,123.35,123.8291,122.5228,123.6109,25087
2026-04-01 10:45:00,123.5747,125.18,122.54,125.08,23153
2026-04-01 10:50:00,125.07,127,125.0615,126,34041
2026-04-01 10:55:00,126.055,126.2,125.445,125.94,21167
2026-04-01 11:00:00,125.54,126.8,125,126.55,2574
2026-04-01 11:05:00,126.63,127.77,126.55,127.77,6023
2026-04-01 11:10:00,127.86,127.8747,126.09,126.165,4387
2026-04-01 11:15:00,127,127.1,126.5,127.1,3053
2026-04-01 11:20:00,127.1,128.1999,126.89,127.58,15806
2026-04-01 11:25:00,127.98,128.645,127.6,127.69,13982
2026-04-01 11:30:00,127.65,127.7,126.9741,127.34,8814
2026-04-01 11:35:00,127.12,128,127.12,127.76,1070
2026-04-01 11:40:00,127.77,129,127.5,129,5167
2026-04-01 11:45:00,129.3,129.81,129.2,129.36,5999
2026-04-01 11:50:00,129.2,130.41,129,130.22,5704
2026-04-01 11:55:00,130.68,131.06,130.27,130.62,6638
2026-04-01 12:00:00,130.53,131.3755,130.0101,130.0778,8256
2026-04-01 12:05:00,130.15,130.8,129.65,130.75,5758
2026-04-01 12:10:00,130.62,130.62,129.795,129.86,1972
2026-04-01 12:15:00,129.85,130.28,129.8259,130.28,2300
2026-04-01 12:20:00,130.04,130.44,129.37,129.37,3154
2026-04-01 12:25:00,129.63,130.1,129.34,129.5,5029
2026-04-01 12:30:00,129.5336,129.575,128.86,128.985,6891
2026-04-01 12:35:00,128.89,129.28,128.5606,128.5606,3853
2026-04-01 12:40:00,129,129.42,128.7601,129.12,1320
2026-04-01 12:45:00,129.6,130,129.305,130,4646
2026-04-01 12:50:00,130.47,130.7,130.29,130.7,1667
2026-04-01 12:55:00,130.7,130.7,130.1,130.135,2094
2026-04-01 13:00:00,130.13,131.315,130.13,131.285,5457
2026-04-01 13:05:00,131.45,131.575,130.905,130.93,3941
2026-04-01 13:10:00,130.445,130.9799,130.17,130.97,3360
2026-04-01 13:15:00,131,131,130.34,130.415,2349
2026-04-01 13:20:00,130.28,130.72,130.28,130.295,1311
2026-04-01 13:25:00,130.5,130.5,130.5,130.5,232
2026-04-01 13:30:00,130.54,130.6,129.96,129.96,3030
2026-04-01 13:35:00,130,131,129.72,129.89,2627
2026-04-01 13:40:00,129.6,130.02,129.095,129.095,3124
2026-04-01 13:45:00,128.9398,129,128.5987,128.81,3003
2026-04-01 13:50:00,128.73,128.81,127.85,127.8916,6544
2026-04-01 13:55:00,128.066,128.2,127.78,127.78,1873
2026-04-01 14:00:00,127.2,127.5477,126.46,126.79,17611
2026-04-01 14:05:00,126.95,127.3207,125.63,126,16267
2026-04-01 14:10:00,126.5,126.56,125.85,126.32,1982
2026-04-01 14:15:00,126.5491,126.6219,125.1,125.26,10115
2026-04-01 14:20:00,125.1,125.75,125,125.75,11032
2026-04-01 14:25:00,125.26,126.1539,125.25,125.61,11779
2026-04-01 14:30:00,125.26,125.28,124.49,124.49,5838
2026-04-01 14:35:00,124.53,125.0048,124.1,125.0048,5808
2026-04-01 14:40:00,125.17,126.51,125.17,126.12,5711
2026-04-01 14:45:00,125.92,125.94,124.51,124.51,1050
2026-04-01 14:50:00,124.435,124.435,124,124.26,2128
2026-04-01 14:55:00,123.99,124.32,123.78,124.32,820
2026-04-01 15:00:00,124.34,124.36,123.95,123.95,1264
2026-04-01 15:05:00,124.355,125.18,124.355,124.935,1619
2026-04-01 15:10:00,125,125.11,124.4,124.83,1880
2026-04-01 15:15:00,125.05,125.19,124.855,124.925,2200
2026-04-01 15:20:00,125.963,125.963,125.405,125.75,9092
2026-04-01 15:25:00,125.93,126.5007,125.92,126.165,4809
2026-04-01 15:30:00,125.94,126.61,125.31,125.55,4403
2026-04-01 15:35:00,125.6,126.07,125.2621,125.95,2200
2026-04-01 15:40:00,125.66,125.735,125.56,125.735,1150
2026-04-01 15:45:00,125.64,126.13,125.64,126.07,700
2026-04-01 15:50:00,126.3,126.305,124.4501,125.1993,5791
2026-04-01 15:55:00,125.21,125.6905,124.86,125.54,6363
2026-04-01 16:00:00,125.66,125.66,125.28,125.28,609
2026-04-01 16:05:00,126.9,126.9,126.9,126.9,788
2026-04-01 16:10:00,127,127,127,127,100
2026-04-01 17:00:00,127.95,127.95,127.95,127.95,100
2026-04-01 17:05:00,127.5992,127.5992,127.28,127.28,300
2026-04-01 17:15:00,127.55,127.77,127.53,127.75,565
2026-04-01 17:20:00,127.7,127.7,127.7,127.7,200
2026-04-01 17:30:00,127,127,127,127,100
2026-04-01 17:40:00,127,127.56,127,127.56,400
2026-04-01 18:00:00,127.54,127.56,127.49,127.56,900
2026-04-01 18:05:00,127.56,127.56,127.56,127.56,100
2026-04-01 18:10:00,127,127,127,127,200
2026-04-01 18:25:00,126.95,127,126.95,127,901
2026-04-01 18:45:00,127,127,127,127,100
2026-04-01 18:50:00,126.83,126.83,126.83,126.83,100
2026-04-01 19:00:00,126.76,126.76,126.76,126.76,154
2026-04-01 19:05:00,127,127,127,127,205
2026-04-01 19:10:00,126.8,126.8,126.8,126.8,100
2026-04-01 19:20:00,127.7,127.7,127.2,127.3,500
2026-04-01 19:30:00,127.5,127.5,127.5,127.5,200
2026-04-01 19:40:00,127.57,127.57,127.57,127.57,108
2026-04-01 19:50:00,127.57,127.57,127.57,127.57,500
2026-04-02 04:00:00,116.75,117.35,112.5,117.35,8368
2026-04-02 04:05:00,115,115,115,115,400
2026-04-02 04:20:00,114.02,114.07,114.01,114.07,500
2026-04-02 04:25:00,114.76,114.76,114.5,114.5,642
2026-04-02 04:45:00,116,116,115.99,115.99,1300
2026-04-02 05:00:00,114.55,114.55,114.55,114.55,100
2026-04-02 05:10:00,114.08,114.08,114,114,267
2026-04-02 05:15:00,114.1,114.32,114.1,114.32,606
2026-04-02 05:20:00,114.5,114.5,114.3,114.33,800
2026-04-02 05:25:00,115.15,115.15,115,115,200
2026-04-02 05:40:00,114.53,114.53,114.53,114.53,100
2026-04-02 06:00:00,114.32,114.32,114.32,114.32,180
2026-04-02 06:10:00,113.58,113.58,113.56,113.56,300
2026-04-02 06:15:00,112.7,113.09,112.5,113.09,515
2026-04-02 06:20:00,112.62,112.62,112.62,112.62,150
2026-04-02 06:25:00,112.36,112.36,112.36,112.36,270
2026-04-02 06:35:00,113.8,113.8,113.8,113.8,100
2026-04-02 06:50:00,113.53,113.53,113.53,113.53,100
2026-04-02 07:00:00,114.11,114.11,114.11,114.11,100
2026-04-02 07:10:00,112.35,112.35,112.35,112.35,249
2026-04-02 07:15:00,112,112,111.8792,111.8792,1871
2026-04-02 07:25:00,111.62,111.62,111,111.3583,10198
2026-04-02 07:30:00,112.39,112.39,111.6501,111.6501,1484
2026-04-02 07:35:00,111.71,111.71,111.11,111.11,958
2026-04-02 07:40:00,110.8651,110.8651,110.8651,110.8651,102
2026-04-02 07:45:00,111.34,111.5,111.06,111.39,4388
2026-04-02 07:50:00,111.41,111.42,110.97,111.28,5538
2026-04-02 07:55:00,111.3611,111.8,110.09,110.39,12211
2026-04-02 08:00:00,110.13,111.06,110.12,111.06,2400
2026-04-02 08:05:00,111.19,111.19,110.23,110.23,1200
2026-04-02 08:10:00,110.6994,110.6994,110.07,110.25,2610
2026-04-02 08:15:00,110.34,110.37,110,110.1,3736
2026-04-02 08:20:00,111.65,111.78,111.65,111.78,500
2026-04-02 08:25:00,111.25,111.25,111.25,111.25,100
2026-04-02 08:30:00,111.201,111.8,111.201,111.72,1682
2026-04-02 08:35:00,111.82,112,111.3,111.3,1230
2026-04-02 08:40:00,111.4,111.4,111.04,111.04,1445
2026-04-02 08:45:00,111.06,111.1,110.94,110.94,1084
2026-04-02 08:50:00,110.94,110.94,110.94,110.94,100
2026-04-02 08:55:00,111,111,110.03,110.03,941
2026-04-02 09:00:00,110,110.13,109.97,110.12,1319
2026-04-02 09:05:00,110,110,109.68,109.68,505
2026-04-02 09:10:00,110.58,111,110.58,111,700
2026-04-02 09:15:00,110.81,111.08,110.81,110.81,451
2026-04-02 09:20:00,109.52,109.52,109.01,109.01,792
2026-04-02 09:25:00,108.02,108.02,106.39,106.39,1233
2026-04-02 09:30:00,106.8,111.78,106.44,110.9157,22550
2026-04-02 09:35:00,110.86,110.86,106.72,107.05,8218
2026-04-02 09:40:00,107.5,109.42,107.5,109,34121
2026-04-02 09:45:00,108.9,112.8709,108.5,112.79,12142
2026-04-02 09:50:00,112.52,115.7283,112.02,115.265,16449
2026-04-02 09:55:00,115.38,116.2399,114,115.86,14221
2026-04-02 10:00:00,116.1875,116.9168,115,116.71,24732
2026-04-02 10:05:00,116.795,118.8,116.61,118.5,22326
2026-04-02 10:10:00,118.63,119.22,118,118.0514,4427
2026-04-02 10:15:00,118.02,121.2,117.94,121.165,11211
2026-04-02 10:20:00,121.25,121.7447,118.91,118.91,7008
2026-04-02 10:25:00,118.55,118.55,116.63,117.43,9060
2026-04-02 10:30:00,117.18,119.57,116.95,118.8447,5899
2026-04-02 10:35:00,118.65,123.5,118.64,123.35,13128
2026-04-02 10:40:00,122.88,123.03,120.7505,122,9806
2026-04-02 10:45:00,122.1911,123.3064,120.99,121.66,10822
2026-04-02 10:50:00,119.9562,122.33,119.9562,121.67,2922
2026-04-02 10:55:00,122.15,123.2,122.15,122.185,4245
2026-04-02 11:00:00,120.76,120.76,119.809,120.41,3131
2026-04-02 11:05:00,120.835,120.835,119.74,120.77,1320
2026-04-02 11:10:00,120.93,121.94,120.75,121.48,2745
2026-04-02 11:15:00,121.36,122,121.36,121.81,1346
2026-04-02 11:20:00,122.4,122.4,121.19,121.19,1257
2026-04-02 11:25:00,121.6181,122.6199,121.6181,122.31,1152
2026-04-02 11:30:00,122,122,121,121.58,3410
2026-04-02 11:35:00,122,123.1,122,122.25,1477
2026-04-02 11:40:00,122.3,122.3,121.76,122.18,705
2026-04-02 11:45:00,121.635,121.635,121.42,121.42,1400
2026-04-02 11:50:00,120.15,120.61,119.98,120.61,5261
2026-04-02 11:55:00,120.73,121.3,120.73,120.83,1080
2026-04-02 12:00:00,120.45,120.45,120.45,120.45,100
2026-04-02 12:05:00,120.5118,120.5118,120.17,120.17,330
2026-04-02 12:10:00,120.3094,120.67,120.3094,120.67,1100
2026-04-02 12:15:00,120.6,120.78,119.06,119.06,1471
2026-04-02 12:20:00,119.02,119.02,118.58,118.58,2492
2026-04-02 12:25:00,118.5,119.36,118.38,119.36,814
2026-04-02 12:30:00,119.46,120.9139,119.31,120.9139,1620
2026-04-02 12:35:00,120.62,120.62,119.33,119.33,500
2026-04-02 12:40:00,120.67,121.77,120.62,121.21,1683
2026-04-02 12:45:00,121.11,121.11,121.11,121.11,123
2026-04-02 12:50:00,121.61,121.9,121.61,121.9,1194
2026-04-02 12:55:00,121.54,121.56,121.25,121.5,960
2026-04-02 13:00:00,121.1775,121.1775,121,121.01,315
2026-04-02 13:05:00,121.635,121.65,121.54,121.54,4134
2026-04-02 13:10:00,121.88,121.94,121.88,121.92,860
2026-04-02 13:15:00,122.74,122.74,122.2606,122.3501,9285
2026-04-02 13:20:00,122.745,122.745,122.745,122.745,100
2026-04-02 13:25:00,122.67,122.87,122.53,122.87,1072
2026-04-02 13:30:00,122.9471,122.9471,122.48,122.59,1587
2026-04-02 13:35:00,122,122.1,121.89,121.89,3717
2026-04-02 13:40:00,121.705,122,121.5353,121.97,4720
2026-04-02 13:45:00,121.06,121.06,121.03,121.03,588
2026-04-02 13:50:00,120.88,121.23,120.789,121.13,1400
2026-04-02 13:55:00,121,121,121,121,275
2026-04-02 14:00:00,121.89,121.99,121.875,121.99,700
2026-04-02 14:05:00,122.08,122.12,122.08,122.12,300
2026-04-02 14:10:00,122.33,122.89,122.03,122.89,1150
2026-04-02 14:15:00,122.64,123.28,122.5676,123.26,2016
2026-04-02 14:20:00,122.78,122.78,122.78,122.78,100
2026-04-02 14:25:00,122.34,122.44,122.25,122.42,1262
2026-04-02 14:30:00,122.5,122.5,122.2,122.4451,1200
2026-04-02 14:35:00,122.4977,122.4977,122.4977,122.4977,1000
2026-04-02 14:40:00,122.74,123.1411,122.74,122.815,855
2026-04-02 14:45:00,123.36,123.8753,123.36,123.8753,1262
2026-04-02 14:50:00,123.83,123.84,123.4877,123.73,2627
2026-04-02 14:55:00,123.38,123.48,123.38,123.48,509
2026-04-02 15:00:00,123.34,124.3758,123.34,124,550
2026-04-02 15:05:00,123.745,124.3144,123.65,124.18,929
2026-04-02 15:10:00,124.18,124.27,124.16,124.16,1400
2026-04-02 15:15:00,123.65,123.65,123.65,123.65,100
2026-04-02 15:20:00,122.965,123.33,122.88,122.88,900
2026-04-02 15:25:00,122.75,122.75,122.75,122.75,100
2026-04-02 15:30:00,122.89,123,122.66,122.66,372
2026-04-02 15:40:00,122.7601,123.355,122.7601,123.11,1500
2026-04-02 15:45:00,123.735,123.909,123.7,123.909,300
2026-04-02 15:50:00,123.83,124.37,123.75,123.75,6334
2026-04-02 15:55:00,123.915,124.26,123.79,123.97,3824
2026-04-02 16:00:00,124.05,124.05,123.79,123.79,560
2026-04-02 16:05:00,123.3711,123.75,123.3711,123.75,374
2026-04-02 16:10:00,123.18,123.3102,123.18,123.3102,400
2026-04-02 16:25:00,123.23,123.23,123.23,123.23,100
2026-04-02 17:00:00,123.01,123.01,123.01,123.01,100
2026-04-02 17:05:00,123.01,123.01,123.01,123.01,100
2026-04-02 17:55:00,123.05,123.05,123.05,123.05,149
2026-04-02 18:35:00,122.8865,122.8865,122.8865,122.8865,550
2026-04-02 18:40:00,123.34,123.34,123.34,123.34,121
2026-04-02 19:10:00,123.3,123.3,123.3,123.3,3391
2026-04-02 19:20:00,123.46,123.46,123.46,123.46,1535
2026-04-02 19:45:00,122.5,122.5,122.5,122.5,350
2026-04-02 19:55:00,122.95,122.95,122.95,122.95,100
2026-04-06 04:00:00,130.7,131.09,129.33,131.09,1206
2026-04-06 04:05:00,132.65,132.65,132.65,132.65,140
2026-04-06 04:10:00,133,133,133,133,100
2026-04-06 04:20:00,132.49,132.5,132.49,132.5,275
2026-04-06 04:25:00,133.49,133.5,133.49,133.5,200
2026-04-06 04:30:00,134,134,133.83,133.83,283
2026-04-06 04:35:00,134.83,134.92,134.83,134.92,300
2026-04-06 04:40:00,134.98,135,134.98,135,300
2026-04-06 04:50:00,133,133,133,133,123
2026-04-06 04:55:00,133,133,133,133,100
2026-04-06 05:00:00,134.66,134.66,133.33,133.33,347
2026-04-06 05:05:00,133.3,133.3,133.3,133.3,200
2026-04-06 05:10:00,134,134,133.48,133.48,200
2026-04-06 05:30:00,133.4,133.4,133.4,133.4,200
2026-04-06 05:45:00,133.5,133.5,133.5,133.5,200
2026-04-06 06:20:00,131.97,131.97,131.96,131.96,214
2026-04-06 06:35:00,132,132,132,132,300
2026-04-06 07:00:00,130.01,130.03,130.01,130.03,700
2026-04-06 07:05:00,130.49,130.7786,130.48,130.7786,450
2026-04-06 07:10:00,130,130,130,130,1132
2026-04-06 07:15:00,131.5,131.5,131.5,131.5,119
2026-04-06 07:20:00,130.83,130.86,130.82,130.82,400
2026-04-06 07:25:00,131.57,132.19,131.57,132.18,500
2026-04-06 07:30:00,132.2,132.5611,132.2,132.49,715
2026-04-06 07:35:00,131.83,132.09,131.83,132.09,200
2026-04-06 07:40:00,132,132,131.0889,131.24,925
2026-04-06 07:50:00,132.4,132.4,132,132,1297
2026-04-06 07:55:00,132.05,132.05,132.05,132.05,200
2026-04-06 08:00:00,131.99,132.1064,131.99,132.0602,1300
2026-04-06 08:10:00,132.8,132.8,132.8,132.8,100
2026-04-06 08:15:00,132.9,133,132.9,133,600
2026-04-06 08:20:00,132.75,132.75,132.5,132.5129,639
2026-04-06 08:25:00,132.52,132.52,132.52,132.52,107
2026-04-06 08:35:00,133.15,133.15,133.15,133.15,150
2026-04-06 08:45:00,133.25,133.25,133.25,133.25,400
2026-04-06 09:00:00,132.28,132.3899,132,132.3899,748
2026-04-06 09:05:00,131.61,131.8,131.5,131.8,3257
2026-04-06 09:20:00,131.5,131.5,131.5,131.5,157
2026-04-06 09:25:00,131.01,131.01,128.81,128.81,2978
2026-04-06 09:30:00,128.705,131.9,128,130.77,18242
2026-04-06 09:35:00,130.92,130.92,127,129.53,9763
2026-04-06 09:40:00,128.49,133.54,128,133.3661,27598
2026-04-06 09:45:00,133.48,135.01,133.02,135,8976
2026-04-06 09:50:00,135.31,136.55,134.0964,135.8674,24400
2026-04-06 09:55:00,136.04,136.5,133.1409,133.51,4404
2026-04-06 10:00:00,133.39,134.4899,132.52,132.52,4813
2026-04-06 10:05:00,132.54,132.71,130.1328,131.25,4124
2026-04-06 10:10:00,131.74,133,131.2275,132.575,7637
2026-04-06 10:15:00,132.38,133.42,131.7,132.815,3496
2026-04-06 10:20:00,132,132.73,132,132.73,600
2026-04-06 10:25:00,132.1,132.176,131.3,131.3,593
2026-04-06 10:30:00,131.61,132.5,131.56,131.77,950
2026-04-06 10:35:00,131.84,132,130.4301,130.4301,3376
2026-04-06 10:40:00,131.4425,131.4425,130.4164,130.81,1617
2026-04-06 10:45:00,130.93,131,130.5,130.505,1411
2026-04-06 10:50:00,130.99,132.54,130.5,132.4848,3977
2026-04-06 10:55:00,131.94,131.97,131.18,131.97,771
2026-04-06 11:00:00,132.9657,133.62,132.4,132.4,4676
2026-04-06 11:05:00,132.05,132.7987,131.945,132.04,3986
2026-04-06 11:10:00,131.62,132,131.474,131.5736,5138
2026-04-06 11:15:00,132.4549,132.6,131.97,132.6,4070
2026-04-06 11:20:00,133,133,131.845,131.845,2396
2026-04-06 11:25:00,131.56,132,131.56,131.98,953
2026-04-06 11:35:00,132.97,132.97,131.835,132,1079
2026-04-06 11:40:00,131.96,133.26,131.96,133.13,1568
2026-04-06 11:45:00,132.99,133.74,132.9306,133.3601,2815
2026-04-06 11:50:00,133.34,133.9329,132.7,133.8194,2445
2026-04-06 11:55:00,133.86,134,133.86,134,200
2026-04-06 12:00:00,134.52,134.9662,133.4125,133.4125,2616
2026-04-06 12:05:00,133.415,133.5,133,133,1053
2026-04-06 12:10:00,133.03,133.54,133.03,133.3,500
2026-04-06 12:15:00,133.4,133.99,133.4,133.7,1002
2026-04-06 12:20:00,133.9,134,133.67,133.71,870
2026-04-06 12:25:00,133.81,134.15,133.81,134.035,1250
2026-04-06 12:30:00,134.015,134.25,133.5814,133.73,666
2026-04-06 12:35:00,134,134.36,134,134.17,1000
2026-04-06 12:40:00,134.0301,134.29,133.985,133.985,465
2026-04-06 12:45:00,134.25,134.6,134.0823,134.6,3386
2026-04-06 12:50:00,134.38,134.4706,133.945,133.945,650
2026-04-06 12:55:00,134.26,134.4093,133.8001,133.99,645
2026-04-06 13:00:00,133.3577,133.7,132.17,132.17,5218
2026-04-06 13:05:00,132.66,133.06,132.4,133.06,660
2026-04-06 13:10:00,132.49,132.5,131,131.5,3664
2026-04-06 13:15:00,131.85,131.94,131.27,131.94,4135
2026-04-06 13:20:00,132.29,132.9,132.29,132.9,200
2026-04-06 13:25:00,133.49,133.49,133.49,133.49,100
2026-04-06 13:30:00,134,134.2,133.405,133.405,910
2026-04-06 13:35:00,133.4,133.4,133.049,133.049,324
2026-04-06 13:40:00,132.7,132.7,132.7,132.7,113
2026-04-06 13:45:00,132.28,132.28,132,132.14,2480
2026-04-06 14:00:00,132.07,132.18,132.07,132.18,200
2026-04-06 14:05:00,132.2199,132.5499,131.7901,132.275,2000
2026-04-06 14:10:00,132.86,133.52,132.82,133.3744,850
2026-04-06 14:15:00,133.175,133.175,133.175,133.175,120
2026-04-06 14:25:00,132.66,133.17,132.5555,133.17,800
2026-04-06 14:30:00,132.945,133.18,132.63,132.63,300
2026-04-06 14:35:00,133.29,133.34,133.09,133.09,1302
2026-04-06 14:40:00,133.2499,133.2499,133.2499,133.2499,900
2026-04-06 14:50:00,133.6899,133.6899,133,133.48,1149
2026-04-06 14:55:00,133.3,133.44,133.26,133.41,2300
2026-04-06 15:00:00,133.5,133.5,133.08,133.09,1450
2026-04-06 15:05:00,132.56,132.56,132.56,132.56,500
2026-04-06 15:10:00,132.11,132.455,132.01,132.455,983
2026-04-06 15:15:00,132,133,132,133,2371
2026-04-06 15:20:00,132.52,132.52,132.05,132.05,300
2026-04-06 15:25:00,132.6999,132.6999,132.6499,132.6499,700
2026-04-06 15:30:00,131.7025,132.34,131.7025,132.28,900
2026-04-06 15:35:00,132.52,132.975,132.2704,132.975,1000
2026-04-06 15:40:00,131.73,131.73,131.73,131.73,100
2026-04-06 15:45:00,131.885,131.885,131.635,131.635,200
2026-04-06 15:50:00,131.97,132,131.25,131.25,4577
2026-04-06 15:55:00,131.455,131.88,131.4,131.62,1682
2026-04-06 16:00:00,131.87,131.87,131.5,131.5,1591
2026-04-06 16:05:00,131,131,131,131,350
2026-04-06 16:15:00,130.8,131.7,130.8,131.7,586
2026-04-06 16:25:00,131.38,131.4,131.38,131.4,300
2026-04-06 16:35:00,132,132,132,132,500
2026-04-06 16:45:00,131.9,131.9,131.9,131.9,300
2026-04-06 17:05:00,131.15,131.15,131,131,5904
2026-04-06 17:10:00,131.77,131.77,131.77,131.77,500
2026-04-06 17:15:00,131.76,131.76,131.75,131.75,200
2026-04-06 17:20:00,131.78,131.8,131.78,131.8,200
2026-04-06 17:25:00,131.98,131.98,131.98,131.98,100
2026-04-06 17:30:00,132,132.5066,132,132.5066,218
2026-04-06 17:35:00,132.5496,132.5496,132.5496,132.5496,200
2026-04-06 18:20:00,132.5,132.5,132.5,132.5,200
2026-04-06 18:25:00,131.3831,131.55,131.3831,131.55,350
2026-04-06 18:35:00,131.4,131.4,131.4,131.4,100
2026-04-06 18:45:00,132.2,132.2,132.2,132.2,200
2026-04-06 18:50:00,132.48,132.5,132.48,132.5,200
2026-04-06 19:05:00,133.95,133.97,133.7776,133.7776,330
2026-04-06 19:10:00,133.8737,134.3,133.8737,134.3,500
2026-04-06 19:15:00,134.5,134.5,134.4331,134.4331,300
2026-04-06 19:30:00,133.33,133.33,133.33,133.33,144
2026-04-06 19:45:00,133.2,133.2,133.2,133.2,100
2026-04-06 19:50:00,133.4,133.4,133.4,133.4,200
2026-04-06 19:55:00,133.0085,134.353,133.0085,134.353,1689
2026-04-07 04:00:00,132,132.78,130.44,132.78,1106
2026-04-07 04:30:00,133.58,133.58,133.58,133.58,100
2026-04-07 04:35:00,133.8,133.8,133.8,133.8,102
2026-04-07 04:50:00,133.53,133.53,133.53,133.53,100
2026-04-07 05:30:00,133.83,133.83,133.83,133.83,150
2026-04-07 05:35:00,134,134,133.98,133.98,207
2026-04-07 05:40:00,133.74,133.83,133.74,133.8,356
2026-04-07 05:45:00,133.48,133.48,133.48,133.48,100
2026-04-07 06:00:00,133.48,133.48,133.48,133.48,291
2026-04-07 06:10:00,132.57,132.78,132.57,132.78,262
2026-04-07 06:15:00,132.81,132.81,132.81,132.81,100
2026-04-07 06:55:00,129,129,128.66,128.93,1232
2026-04-07 07:00:00,129.24,129.24,127.74,127.74,712
2026-04-07 07:05:00,128.06,128.06,127.89,127.89,994
2026-04-07 07:10:00,128.6456,128.87,128.6456,128.87,495
2026-04-07 07:15:00,129.09,129.09,129.09,129.09,100
2026-04-07 07:25:00,128.501,129.5,128.501,129.5,608
2026-04-07 07:35:00,128.38,128.38,128.12,128.1896,810
2026-04-07 07:40:00,128.66,128.7834,128.3465,128.68,2154
2026-04-07 07:45:00,128.77,128.95,128.7,128.7,425
2026-04-07 07:50:00,128.4,128.4,128.4,128.4,1845
2026-04-07 07:55:00,128.37,128.37,128.27,128.27,344
2026-04-07 08:00:00,128.18,128.18,128.18,128.18,138
2026-04-07 08:05:00,128.15,128.15,127.4,127.4,2455
2026-04-07 08:10:00,126.36,127,126.36,126.8,2020
2026-04-07 08:15:00,126,126,125.3,125.3,400
2026-04-07 08:20:00,126.5,126.5,126.33,126.33,2505
2026-04-07 08:25:00,126.01,126.01,126,126,200
2026-04-07 08:30:00,125.58,126.4318,125.58,125.73,400
2026-04-07 08:35:00,126.84,126.84,126.84,126.84,100
2026-04-07 09:05:00,126.8,126.8,126.8,126.8,136
2026-04-07 09:10:00,126.52,126.52,126.51,126.51,600
2026-04-07 09:15:00,126.52,126.52,126.52,126.52,234
2026-04-07 09:20:00,127,127,127,127,113
2026-04-07 09:25:00,127,130.55,127,130.55,9257
2026-04-07 09:30:00,129.5,132.084,128.68,131.68,9779
2026-04-07 09:35:00,132.2,132.27,130.16,131.3518,2742
2026-04-07 09:40:00,130.65,131.5,129.625,130.825,6363
2026-04-07 09:45:00,130.5,130.5,126.75,127.6,12039
2026-04-07 09:50:00,127.72,127.98,126.22,126.63,6322
2026-04-07 09:55:00,126.775,126.99,126,126.6717,6460
2026-04-07 10:00:00,126.15,126.4,124,124.3761,12552
2026-04-07 10:05:00,123.8,123.9,122.0634,122.39,12819
2026-04-07 10:10:00,122.39,124.04,122.03,123.6337,6968
2026-04-07 10:15:00,123.9612,125.6,123.9612,125.05,6392
2026-04-07 10:20:00,125.55,127.22,125.5,127.22,8278
2026-04-07 10:25:00,127.215,127.215,125.8158,125.8158,2320
2026-04-07 10:30:00,126.59,127,126.14,127,2910
2026-04-07 10:35:00,127,127,125.81,125.81,878
2026-04-07 10:40:00,125.43,125.82,125.05,125.56,2044
2026-04-07 10:45:00,125.9636,126.5,125.56,125.56,1150
2026-04-07 10:50:00,125.64,125.64,124.7592,124.8401,4181
2026-04-07 10:55:00,125.62,125.62,124.5,124.5,1327
2026-04-07 11:00:00,124.02,124.17,123.6072,124,1440
2026-04-07 11:05:00,123.1439,123.3588,122.5,122.5,635
2026-04-07 11:10:00,122.92,124.4925,122.92,124.04,2217
2026-04-07 11:15:00,124.45,125.4,124.1,124.68,2061
2026-04-07 11:20:00,124.55,124.74,124.55,124.55,1000
2026-04-07 11:25:00,124.92,126.23,124.77,126.23,1322
2026-04-07 11:30:00,126.03,126.9126,126.03,126.9126,730
2026-04-07 11:35:00,126.675,127.46,126.46,126.59,3608
2026-04-07 11:40:00,126.11,126.11,126.11,126.11,100
2026-04-07 11:45:00,126.05,126.85,126.05,126.85,1342
2026-04-07 11:50:00,126.8,127.2,126.8,127.2,800
2026-04-07 11:55:00,127.37,128.41,127.27,127.27,5696
2026-04-07 12:00:00,128.9,129.67,128.9,129.67,400
2026-04-07 12:05:00,130,130,128.9014,128.9014,2577
2026-04-07 12:10:00,128.865,129.835,128.865,129.76,1900
2026-04-07 12:15:00,129.34,129.6199,128.78,128.78,4237
2026-04-07 12:20:00,128.415,129.0599,127.9825,129.0599,6095
2026-04-07 12:25:00,128.42,128.42,127.3904,127.76,791
2026-04-07 12:30:00,128.6499,128.6499,128.095,128.5,964
2026-04-07 12:35:00,128.5,128.5,128.5,128.5,100
2026-04-07 12:40:00,128.6,128.68,128.385,128.68,900
2026-04-07 12:45:00,129.83,129.83,129.17,129.17,700
2026-04-07 12:50:00,129.335,129.8553,129.335,129.8553,2215
2026-04-07 12:55:00,129.895,130.03,129.66,129.9,1629
2026-04-07 13:00:00,129.5,130.3299,129.45,130.31,1970
2026-04-07 13:05:00,130.5,130.79,130.39,130.79,510
2026-04-07 13:10:00,130.235,130.235,130.11,130.21,652
2026-04-07 13:15:00,130.33,130.33,129.86,129.86,800
2026-04-07 13:20:00,129.395,129.395,129.0705,129.3,1494
2026-04-07 13:25:00,129.75,129.8,129.75,129.8,4436
2026-04-07 13:30:00,129.9276,130.59,129.9276,130.42,1400
2026-04-07 13:35:00,130.59,131.85,130.59,131.56,2990
2026-04-07 13:40:00,131,131.0782,130.0679,130.645,10867
2026-04-07 13:45:00,130.705,130.705,130.705,130.705,1500
2026-04-07 13:50:00,130.2285,130.865,130.2285,130.63,810
2026-04-07 13:55:00,129.81,130.34,129.81,130.02,2156
2026-04-07 14:00:00,130.5,130.725,130.49,130.595,915
2026-04-07 14:05:00,130.25,130.295,129.94,129.96,400
2026-04-07 14:10:00,130.015,130.015,129.47,129.925,1400
2026-04-07 14:15:00,130.02,130.02,130.02,130.02,100
2026-04-07 14:25:00,130.435,130.5,129.93,129.93,1059
2026-04-07 14:30:00,129.985,130.495,129.985,130.495,607
2026-04-07 14:35:00,130.33,130.44,130.275,130.3,550
2026-04-07 14:40:00,129.935,129.9625,129,129.33,3680
2026-04-07 14:45:00,128.1555,128.43,128,128.025,5174
2026-04-07 14:50:00,128,128.47,127.03,127.03,17975
2026-04-07 14:55:00,127.021,127.19,123.63,126.6001,76564
2026-04-07 15:00:00,126.61,127.83,126.18,127.81,13980
2026-04-07 15:05:00,127.08,127.55,125.98,125.98,4700
2026-04-07 15:10:00,125.9901,127.57,125.9901,127.075,2492
2026-04-07 15:15:00,127.31,127.605,126.63,126.995,2965
2026-04-07 15:20:00,127.405,129.112,127.345,128.3,4415
2026-04-07 15:25:00,127.95,128.16,125.5,126.61,3485
2026-04-07 15:30:00,126.61,126.61,126.61,126.61,666
2026-04-07 15:35:00,126.56,128.035,126.56,128.035,900
2026-04-07 15:40:00,128.34,128.51,128.34,128.51,200
2026-04-07 15:45:00,128.465,130.75,128.465,130.75,5053
2026-04-07 15:50:00,130.63,131.25,130.24,130.36,4080
2026-04-07 15:55:00,130.2,131.34,130.2,130.7101,2715
2026-04-07 16:00:00,131.2,131.78,131.16,131.78,1104
2026-04-07 16:05:00,133,133,132.32,132.32,200
2026-04-07 16:10:00,132,132,132,132,250
2026-04-07 16:15:00,132.5873,132.5873,132.5873,132.5873,100
2026-04-07 16:40:00,132.49,132.9622,132.49,132.9622,1014
2026-04-07 16:45:00,131.6,132,131.6,132,688
2026-04-07 17:00:00,132.68,132.68,132.68,132.68,375
2026-04-07 17:05:00,133,133,133,133,100
2026-04-07 17:15:00,132.04,132.05,132.01,132.05,400
2026-04-07 17:30:00,133,133,132.79,132.8299,442
2026-04-07 17:35:00,133,133,133,133,3200
2026-04-07 17:40:00,133,133,133,133,5434
2026-04-07 17:50:00,133.8,133.8,133.8,133.8,197
2026-04-07 18:00:00,133.8,136.5,133.8,136.5,897
2026-04-07 18:05:00,136.46,137.79,136.0579,136.0579,1499
2026-04-07 18:10:00,136.49,136.7,136.49,136.7,219
2026-04-07 18:15:00,136.37,136.7313,135.2587,135.2587,1919
2026-04-07 18:20:00,136.4,136.4,136.4,136.4,100
2026-04-07 18:25:00,136,136,136,136,944
2026-04-07 18:30:00,136.75,136.75,135.2,135.767,1328
2026-04-07 18:35:00,138,143.78,137.94,143.78,5412
2026-04-07 18:40:00,143.99,144.44,141,142,2869
2026-04-07 18:45:00,142,143,138.12,142,2343
2026-04-07 18:50:00,141.77,144,141.77,144,1823
2026-04-07 18:55:00,144.5,144.95,144,144.95,2178
2026-04-07 19:00:00,144.44,145.5,143.51,145,2251
2026-04-07 19:05:00,145,145,145,145,200
2026-04-07 19:10:00,144.97,145,143.5,145,6800
2026-04-07 19:15:00,145,146.7,145,146.5,1570
2026-04-07 19:20:00,147,153,147,153,4962
2026-04-07 19:25:00,152.35,152.39,148.46,149.47,5239
2026-04-07 19:30:00,148.75,149.37,148.75,149.37,450
2026-04-07 19:35:00,148.18,148.9012,146.5,148,4275
2026-04-07 19:40:00,147.52,147.52,147.52,147.52,400
2026-04-07 19:45:00,147.02,148,146.5,148,2200
2026-04-07 19:50:00,149.37,149.37,148.42,148.42,360
2026-04-07 19:55:00,147.5,148,147.5,147.78,1600
2026-04-07 20:00:00,148.5,148.5,148.5,148.5,140
2026-04-08 04:00:00,153.41,156.26,151.89,155,9551
2026-04-08 04:05:00,153.62,153.75,153.62,153.75,1017
2026-04-08 04:10:00,153.83,155.45,152.23,152.42,809
2026-04-08 04:15:00,153.75,154.85,153.75,154.85,1376
2026-04-08 04:20:00,155.64,155.64,155.64,155.64,100
2026-04-08 04:25:00,155.84,156.31,155.84,156.31,1083
2026-04-08 04:30:00,157.41,158.32,157.41,158,3817
2026-04-08 04:35:00,157.86,157.86,157.19,157.19,1480
2026-04-08 04:40:00,156.61,156.61,156.61,156.61,173
2026-04-08 04:45:00,158,158,158,158,200
2026-04-08 04:50:00,157.61,157.7,157.61,157.7,403
2026-04-08 04:55:00,157.99,159.72,157.98,159.72,4005
2026-04-08 05:00:00,159.84,161,159.84,160.13,778
2026-04-08 05:10:00,160,160,160,160,143
2026-04-08 05:20:00,160.23,160.35,160.23,160.32,504
2026-04-08 05:30:00,160.06,160.06,159.52,159.52,200
2026-04-08 05:40:00,159.22,159.22,158.86,159,400
2026-04-08 05:45:00,158.46,158.75,158.35,158.75,1550
2026-04-08 05:50:00,159.69,160,159.69,160,906
2026-04-08 06:00:00,159.5,159.5,159,159,500
2026-04-08 06:10:00,158.85,158.85,158.85,158.85,120
2026-04-08 06:25:00,158.51,158.51,158.51,158.51,100
2026-04-08 06:30:00,158.2,158.2,158.2,158.2,150
2026-04-08 06:50:00,157.2,157.2,157.12,157.12,1551
2026-04-08 06:55:00,156,156,155.73,155.73,1093
2026-04-08 07:00:00,155.2,156.36,155.2,155.36,4545
2026-04-08 07:05:00,155,155.5,154.5,155.5,2367
2026-04-08 07:10:00,155.8,155.8,154.9985,155,751
2026-04-08 07:15:00,154.59,154.98,154.59,154.98,300
2026-04-08 07:20:00,154.42,155.33,154.14,155.33,1810
2026-04-08 07:25:00,155.78,156.61,155.78,156.5,1415
2026-04-08 07:30:00,156,156.04,156,156.04,392
2026-04-08 07:35:00,156.03,156.03,155.89,155.89,1012
2026-04-08 07:40:00,156.03,156.03,156.03,156.03,204
2026-04-08 07:50:00,156.69,156.98,156.49,156.51,805
2026-04-08 07:55:00,156.11,156.11,155.57,155.57,664
2026-04-08 08:00:00,155.6,155.67,155.58,155.6,415
2026-04-08 08:05:00,156,156,156,156,229
2026-04-08 08:10:00,155.24,155.24,155.24,155.24,100
2026-04-08 08:15:00,155.7,155.7,154.88,154.88,723
2026-04-08 08:20:00,154.08,154.25,153.27,153.97,2963
2026-04-08 08:25:00,153.4,153.76,153.4,153.76,650
2026-04-08 08:35:00,153.78,153.7886,153.69,153.7658,600
2026-04-08 08:40:00,153.54,153.69,153.54,153.69,403
2026-04-08 08:45:00,154,154.29,154,154,2879
2026-04-08 08:50:00,154.12,154.12,154,154.1,1182
2026-04-08 08:55:00,155,155,155,155,158
2026-04-08 09:05:00,154.87,154.87,154.87,154.87,187
2026-04-08 09:20:00,154.76,155,154,154,2348
2026-04-08 09:25:00,154.44,158.26,154.44,157.4,10944
2026-04-08 09:30:00,157.43,158,153.64,154.1739,16999
2026-04-08 09:35:00,153.97,157.47,153.94,154.3135,15711
2026-04-08 09:40:00,154.24,154.8,152,153.33,21886
2026-04-08 09:45:00,152.535,154.01,152,153.0884,14529
2026-04-08 09:50:00,152.4,152.4,150.08,150.3,22615
2026-04-08 09:55:00,150,151.83,149.95,151.75,11298
2026-04-08 10:00:00,151.5,153.04,151.5,152.55,8719
2026-04-08 10:05:00,153,153,151.13,151.5075,1409
2026-04-08 10:10:00,151.52,151.52,150,150.8,7792
2026-04-08 10:15:00,150.555,151.2973,149.87,150.6419,5353
2026-04-08 10:20:00,150.94,153.4316,150.94,153.22,7042
2026-04-08 10:25:00,153.635,153.95,152.8,152.8,10997
2026-04-08 10:30:00,152.96,153,151.3,151.5,1326
2026-04-08 10:35:00,151.3,151.61,151.21,151.45,3834
2026-04-08 10:40:00,151.24,151.39,148.501,148.501,16970
2026-04-08 10:45:00,148.495,148.615,146.5,148.491,8752
2026-04-08 10:50:00,148.54,149.385,148,148.17,9379
2026-04-08 10:55:00,147.3,148.45,146.23,147.928,10297
2026-04-08 11:00:00,148.5,149.8885,148.44,149.87,8104
2026-04-08 11:05:00,150,150.5574,148.8,148.88,15529
2026-04-08 11:10:00,148.87,150.2343,148.53,149.86,4299
2026-04-08 11:15:00,149.99,151.02,149.7284,151.02,3307
2026-04-08 11:20:00,151.07,151.09,150.06,150.06,2669
2026-04-08 11:25:00,149.6615,150.22,149.6615,150.22,2105
2026-04-08 11:30:00,149.5,149.91,149.35,149.35,2133
2026-04-08 11:35:00,150.22,151.2,150.22,150.77,1280
2026-04-08 11:40:00,150.17,150.26,149.995,150.21,1106
2026-04-08 11:45:00,151,151,150.4901,150.4901,793
2026-04-08 11:50:00,151.2,151.4799,150.6754,151,4873
2026-04-08 11:55:00,151.19,151.3866,151.16,151.21,1487
2026-04-08 12:00:00,151.26,152.2,151.26,151.6095,4710
2026-04-08 12:05:00,151.6,152.05,151.51,151.898,1300
2026-04-08 12:10:00,151.7,151.7,151,151.13,2316
2026-04-08 12:15:00,150.5,150.77,150.5,150.77,400
2026-04-08 12:20:00,151.22,151.99,151.22,151.95,1197
2026-04-08 12:25:00,152.1014,152.25,152.06,152.25,900
2026-04-08 12:30:00,152.4,153.08,152.4,152.66,5834
2026-04-08 12:35:00,152.72,153.325,152.72,152.83,3748
2026-04-08 12:40:00,152.9,153,152.9,153,301
2026-04-08 12:45:00,153.02,153.06,153.02,153.06,719
2026-04-08 12:50:00,152.86,153.3,152.86,153.3,276
2026-04-08 12:55:00,153.2992,153.3,153.03,153.03,819
2026-04-08 13:00:00,152.99,152.99,152.55,152.73,1083
2026-04-08 13:05:00,152.125,152.23,151.92,151.98,1403
2026-04-08 13:10:00,151.725,151.89,151.725,151.89,1805
2026-04-08 13:15:00,151.99,151.99,151.75,151.8,500
2026-04-08 13:20:00,152.1,152.1,152,152,1300
2026-04-08 13:25:00,151.92,151.92,151.5,151.645,2981
2026-04-08 13:30:00,151.73,152.03,151.73,152.03,900
2026-04-08 13:35:00,151.7365,151.85,151.7365,151.85,316
2026-04-08 13:40:00,151.79,152,151.32,151.51,3435
2026-04-08 13:45:00,151.91,152.19,151.89,152.04,4468
2026-04-08 13:50:00,152.2,152.36,150.82,150.82,1713
2026-04-08 13:55:00,151.23,151.23,151.23,151.23,100
2026-04-08 14:05:00,151.55,152.3469,151.43,152.3469,5090
2026-04-08 14:10:00,152.05,152.44,151.76,152.44,1775
2026-04-08 14:15:00,152.0601,152.48,150.74,150.75,4628
2026-04-08 14:20:00,151.2,151.55,151.06,151.36,1804
2026-04-08 14:25:00,151.29,151.32,150.69,150.79,2755
2026-04-08 14:30:00,150.78,150.78,150.5338,150.5338,1968
2026-04-08 14:35:00,150.8967,150.8967,150.72,150.72,865
2026-04-08 14:40:00,150.06,150.06,149.95,150,9166
2026-04-08 14:45:00,150.01,150.06,149.75,149.75,4452
2026-04-08 14:50:00,149.7026,149.8167,148.7101,149.2999,5867
2026-04-08 14:55:00,148.805,148.805,148.23,148.445,600
2026-04-08 15:00:00,148.3,149.5795,148.3,148.55,1570
2026-04-08 15:05:00,148.7,150,148.7,150,769
2026-04-08 15:10:00,149.855,150.85,149.855,150,3641
2026-04-08 15:15:00,150.1522,150.1522,149.6005,149.97,1711
2026-04-08 15:20:00,149.63,150.05,149.53,149.58,1058
2026-04-08 15:25:00,150.16,150.2,149.66,149.66,718
2026-04-08 15:30:00,150.47,150.5,150.35,150.42,1171
2026-04-08 15:35:00,150.78,151.5,150.78,151.11,500
2026-04-08 15:40:00,150.58,150.79,150.58,150.635,1105
2026-04-08 15:45:00,150.8525,150.8833,150.315,150.8833,1020
2026-04-08 15:50:00,151.12,151.395,150.904,151.155,4972
2026-04-08 15:55:00,151.5,151.7334,150.85,151.52,8286
2026-04-08 16:00:00,151.84,151.85,151.84,151.85,1279
2026-04-08 16:10:00,150.82,150.82,150.62,150.62,210
2026-04-08 16:20:00,150.61,150.61,150.61,150.61,800
2026-04-08 16:35:00,150,150.0599,150,150,1500
2026-04-08 16:40:00,149.36,149.4071,149.36,149.4071,900
2026-04-08 16:45:00,149.4946,149.95,149.4946,149.94,375
2026-04-08 17:00:00,149.6694,149.6694,149.6694,149.6694,175
2026-04-08 17:05:00,151.06,151.06,151.06,151.06,500
2026-04-08 17:10:00,149.8831,149.8831,149.8831,149.8831,425
2026-04-08 17:25:00,150.5,150.5,150.5,150.5,100
2026-04-08 18:00:00,149.7,149.7,149.7,149.7,100
2026-04-08 18:10:00,150.01,150.01,150.01,150.01,100
2026-04-08 18:15:00,150,150,150,150,150
2026-04-08 18:20:00,149.2061,149.5,149.01,149.03,7604
2026-04-08 18:25:00,149.01,149.03,149,149,2800
2026-04-08 18:30:00,148.7,148.7,148.67,148.67,300
2026-04-08 18:35:00,149.99,150,149.99,150,1800
2026-04-08 18:45:00,149.1,149.23,149.08,149.22,2087
2026-04-08 18:50:00,149.03,149.03,148.46,148.46,2500
2026-04-08 18:55:00,148.23,148.23,148.03,148.041,3763
2026-04-08 19:00:00,148.03,148.03,147.25,147.28,5682
2026-04-08 19:15:00,148.8089,148.8089,148.8089,148.8089,1000
2026-04-08 19:45:00,147.92,147.92,147.92,147.92,100
2026-04-08 19:50:00,147,147.2431,147,147.2431,2100
2026-04-09 04:00:00,148,148,144.59,145.53,4206
2026-04-09 04:05:00,145,145,145,145,100
2026-04-09 04:10:00,144,144,143.7,143.7,200
2026-04-09 04:40:00,144.5,144.5,144.5,144.5,226
2026-04-09 05:05:00,144.5,144.5,144.5,144.5,158
2026-04-09 05:20:00,145.78,145.95,145.78,145.95,600
2026-04-09 05:40:00,146.97,147,146.97,147,392
2026-04-09 05:50:00,147.04,147.04,147.04,147.04,100
2026-04-09 05:55:00,148.6,148.6,148.6,148.6,522
2026-04-09 06:00:00,149.97,149.99,149.97,149.99,300
2026-04-09 06:10:00,148.95,148.95,148.95,148.95,240
2026-04-09 06:15:00,148.3,148.3,148.22,148.25,1870
2026-04-09 06:25:00,150,150.85,150,150.7,400
2026-04-09 06:30:00,150,150,150,150,192
2026-04-09 06:45:00,148.5,148.5,148.5,148.5,298
2026-04-09 06:55:00,147.9,147.9,147.9,147.9,131
2026-04-09 07:00:00,148.1,148.2,148.08,148.2,402
2026-04-09 07:05:00,147.3806,149.8086,147.3806,149.8086,1885
2026-04-09 07:20:00,149.53,149.56,149.33,149.55,1100
2026-04-09 07:25:00,148.08,148.08,148.08,148.08,100
2026-04-09 07:35:00,149.99,149.99,149.99,149.99,100
2026-04-09 07:40:00,150.78,150.78,150.78,150.78,100
2026-04-09 07:45:00,150.6,150.6,150.39,150.39,940
2026-04-09 08:00:00,152,152.02,151.57,151.85,541
2026-04-09 08:05:00,151.82,153,151.82,152.5,558
2026-04-09 08:10:00,152,152.269,152,152,2093
2026-04-09 08:15:00,151.5,151.5,151.5,151.5,555
2026-04-09 08:20:00,151.4,151.4,151.03,151.03,383
2026-04-09 08:30:00,151.75,151.8,151.64,151.8,1195
2026-04-09 08:35:00,151.49,152,151.49,151.8,1557
2026-04-09 08:40:00,151.99,151.99,151.9142,151.9142,700
2026-04-09 08:55:00,151.36,151.36,150.8647,150.8647,245
2026-04-09 09:00:00,151.72,151.72,151.72,151.72,100
2026-04-09 09:05:00,152.25,152.25,151.5,151.5,1468
2026-04-09 09:10:00,152,152,152,152,100
2026-04-09 09:15:00,152.15,152.34,152.05,152.34,1107
2026-04-09 09:20:00,152.2,152.2,151.87,151.87,200
2026-04-09 09:25:00,151.97,153,151.97,153,1276
2026-04-09 09:30:00,152.51,156,151.91,152.83,13518
2026-04-09 09:35:00,153.5,157.8999,153,155.775,15106
2026-04-09 09:40:00,155.04,157.46,154.5,157.1389,6527
2026-04-09 09:45:00,156.72,157.36,156.32,156.64,5441
2026-04-09 09:50:00,156.56,156.98,153.85,154.32,7118
2026-04-09 09:55:00,154.2819,154.2819,152.625,153.55,4346
2026-04-09 10:00:00,152.98,153.09,152.54,153.08,2212
2026-04-09 10:05:00,153.24,153.28,150.77,150.9524,5791
2026-04-09 10:10:00,150.22,151.95,149.75,151.735,9375
2026-04-09 10:15:00,150.06,150.06,147.18,147.25,8518
2026-04-09 10:20:00,148.08,149.3899,147.99,148.705,5449
2026-04-09 10:25:00,148,148,145.39,146.9,7988
2026-04-09 10:30:00,147.0999,147.5199,145.8,147.02,10438
2026-04-09 10:35:00,147.09,147.09,145.7457,146.38,4170
2026-04-09 10:40:00,146.98,147.2499,146.5,147.04,6818
2026-04-09 10:45:00,147.28,148.2,147.07,147.99,8036
2026-04-09 10:50:00,148.29,149.99,148.01,149.8438,5508
2026-04-09 10:55:00,149.85,149.99,148.73,149.78,9755
2026-04-09 11:00:00,149.43,149.45,148,148,4750
2026-04-09 11:05:00,147.97,147.97,147.97,147.97,111
2026-04-09 11:10:00,148.44,149,148.44,149,1493
2026-04-09 11:15:00,149.8,151.3678,149.74,151.18,2830
2026-04-09 11:20:00,150.9,151.07,150.4971,151.07,2028
2026-04-09 11:25:00,150.4,151.13,150.11,151.0614,4956
2026-04-09 11:30:00,151.0799,152.355,151.07,151.92,2327
2026-04-09 11:35:00,152.51,152.98,151.48,151.9,13902
2026-04-09 11:40:00,151.77,152.6728,151.77,152.59,821
2026-04-09 11:45:00,151.5,152.09,151.07,152,1060
2026-04-09 11:50:00,151.18,151.735,150.18,151.735,1897
2026-04-09 11:55:00,152,152,151.74,151.98,2837
2026-04-09 12:00:00,151.98,153.7399,151.98,152.68,3254
2026-04-09 12:05:00,152.6088,152.6088,151.99,152,300
2026-04-09 12:10:00,151.99,152.335,151.6694,151.9,2903
2026-04-09 12:15:00,151.915,152.2,151.915,152.2,1600
2026-04-09 12:20:00,152.7599,152.7599,152,152,700
2026-04-09 12:25:00,152.21,152.84,152.06,152.625,3146
2026-04-09 12:30:00,152.6,152.6,152.17,152.17,2362
2026-04-09 12:35:00,152.13,152.35,152.13,152.35,400
2026-04-09 12:40:00,151.74,151.74,151.62,151.63,400
2026-04-09 12:45:00,151.1388,151.5,151.05,151.5,2136
2026-04-09 12:50:00,151.31,152.13,151.31,152.13,300
2026-04-09 12:55:00,152.6,152.6,151.98,152.1352,530
2026-04-09 13:05:00,152.81,152.81,152.81,152.81,100
2026-04-09 13:10:00,152.5625,152.5625,152.555,152.555,200
2026-04-09 13:15:00,152.6,152.6,152.49,152.49,1312
2026-04-09 13:20:00,153,153.11,153,153,941
2026-04-09 13:25:00,153.3,154.2,153.3,154.2,945
2026-04-09 13:30:00,154.6,155.22,154.6,155.21,600
2026-04-09 13:35:00,155,157,155,156.83,13239
2026-04-09 13:40:00,156.5851,156.8,156.5,156.595,1321
2026-04-09 13:45:00,156.48,156.48,156.25,156.25,300
2026-04-09 13:50:00,156,156.25,155.5701,156,1328
2026-04-09 13:55:00,155.8,155.8,155.495,155.76,1513
2026-04-09 14:00:00,155.96,156.25,154.58,154.58,5942
2026-04-09 14:05:00,155.02,155.02,154.57,154.7225,12710
2026-04-09 14:10:00,155.225,155.225,154.3599,154.3599,398
2026-04-09 14:15:00,154.69,155,154.69,155,250
2026-04-09 14:20:00,155.3679,155.3679,154.43,154.43,859
2026-04-09 14:25:00,155,155.73,154.8475,155.73,1385
2026-04-09 14:30:00,156.23,156.25,156,156.2,1917
2026-04-09 14:35:00,156,156.5,156,156.5,6037
2026-04-09 14:40:00,156.89,157.3,156.89,157.09,1088
2026-04-09 14:45:00,157.5,159.1,157.5,159.1,2088
2026-04-09 14:50:00,159.01,159.02,158.29,158.69,2906
2026-04-09 14:55:00,158.695,158.695,158.3,158.33,2365
2026-04-09 15:00:00,158.53,159.7,158.53,159.7,1493
2026-04-09 15:05:00,159.8,160.265,159.5149,160.265,9075
2026-04-09 15:10:00,160.745,161.075,160.41,161,2767
2026-04-09 15:15:00,161.0755,161.322,160.56,160.715,1310
2026-04-09 15:20:00,160.57,161,160.5495,160.8256,1568
2026-04-09 15:25:00,160.8634,162,160.86,161.94,6114
2026-04-09 15:30:00,162.02,163.6299,162.02,163.6299,5710
2026-04-09 15:35:00,163.59,164,162.935,163.41,5937
2026-04-09 15:40:00,163.23,163.32,162.69,163.2999,2198
2026-04-09 15:45:00,163.43,163.5,163.15,163.5,872
2026-04-09 15:50:00,163.97,164.02,163,163.26,4147
2026-04-09 15:55:00,163,163.083,162.22,162.63,5450
2026-04-09 16:00:00,162.97,162.97,161.51,161.51,797
2026-04-09 16:05:00,162,162,162,162,1202
2026-04-09 16:10:00,162.4,162.4,162.22,162.22,200
2026-04-09 16:20:00,162,162,161.5,161.5,251
2026-04-09 16:35:00,161.5,162,161.5,162,1500
2026-04-09 16:40:00,162,162,162,162,100
2026-04-09 16:45:00,162.43,162.43,162.43,162.43,100
2026-04-09 16:55:00,162,162,162,162,430
2026-04-09 17:05:00,163.322,163.322,163.322,163.322,341
2026-04-09 17:10:00,163,163,163,163,300
2026-04-09 17:25:00,161.18,161.18,161.18,161.18,620
2026-04-09 17:35:00,162,162,162,162,200
2026-04-09 17:40:00,162,162,162,162,208
2026-04-09 17:45:00,162,162,162,162,221
2026-04-09 17:50:00,161.51,161.51,161.51,161.51,290
2026-04-09 17:55:00,162.01,162.01,162,162,627
2026-04-09 18:00:00,161.97,161.97,161.97,161.97,268
2026-04-09 18:05:00,161.94,162,161.94,162,1140
2026-04-09 18:20:00,162.29,162.48,162.29,162.48,239
2026-04-09 18:25:00,161.5,161.5,161.5,161.5,115
2026-04-09 18:35:00,161.59,161.59,161.59,161.59,100
2026-04-09 18:45:00,161,161,161,161,500
2026-04-09 18:50:00,161.22,161.22,161.22,161.22,483
2026-04-09 19:05:00,159.75,159.75,159.15,159.15,385
2026-04-09 19:15:00,159.66,159.66,159.66,159.66,100
2026-04-09 19:20:00,159.83,159.83,159.83,159.83,100
2026-04-09 19:25:00,159.72,159.72,159.72,159.72,100
2026-04-09 19:30:00,159.27,159.3,159.03,159.03,815
2026-04-09 19:35:00,159,159.03,158.9892,159.03,1705
2026-04-09 19:55:00,159.28,159.28,159.28,159.28,230
2026-04-10 04:00:00,161.1,162,159.47,159.6,3219
2026-04-10 04:05:00,159.53,160.35,159.53,160.35,267
2026-04-10 04:15:00,158.88,159.95,158.88,159.93,607
2026-04-10 04:25:00,159.58,159.59,159.36,159.36,600
2026-04-10 04:30:00,159.68,159.68,159.65,159.65,701
2026-04-10 04:35:00,159.65,159.65,159.65,159.65,100
2026-04-10 04:40:00,159.65,160,159.65,160,3883
2026-04-10 04:50:00,160.41,160.41,160.41,160.41,190
2026-04-10 04:55:00,159.5,159.5,159.5,159.5,200
2026-04-10 05:05:00,160,160,159.97,160,500
2026-04-10 05:15:00,160.4,160.4,160.4,160.4,100
2026-04-10 05:20:00,161.51,161.51,161.51,161.51,100
2026-04-10 05:30:00,161.7,161.7,161.7,161.7,100
2026-04-10 05:35:00,161.13,161.13,161,161,200
2026-04-10 05:40:00,161.34,161.34,161.24,161.24,200
2026-04-10 05:45:00,161.38,161.38,161.38,161.38,198
2026-04-10 05:55:00,161.88,161.88,161.88,161.88,100
2026-04-10 06:15:00,162.86,162.86,162.52,162.52,284
2026-04-10 07:00:00,162.97,162.97,162.97,162.97,200
2026-04-10 07:05:00,163.24,163.24,163,163,300
2026-04-10 07:15:00,163.22,163.25,163.22,163.25,483
2026-04-10 07:20:00,163.23,163.23,163.23,163.23,433
2026-04-10 07:25:00,164,164,164,164,300
2026-04-10 07:35:00,163.44,163.6,163.44,163.5,393
2026-04-10 07:40:00,163,163.22,163,163.22,356
2026-04-10 07:50:00,163.76,163.76,163.76,163.76,300
2026-04-10 07:55:00,163.6715,163.6715,163.6715,163.6715,500
2026-04-10 08:00:00,162.57,162.57,162.57,162.57,200
2026-04-10 08:05:00,163,163,163,163,247
2026-04-10 08:10:00,162.5565,162.5565,162.5565,162.5565,400
2026-04-10 08:15:00,162.61,163.1,162.61,163.1,2965
2026-04-10 08:30:00,162,163,161.16,161.5019,1600
2026-04-10 08:35:00,161.39,161.6566,161.33,161.6566,1450
2026-04-10 08:45:00,162.87,163.13,162.87,163.1,336
2026-04-10 08:50:00,163.02,163.02,163.02,163.02,200
2026-04-10 08:55:00,163.1,163.1,162.77,162.77,350
2026-04-10 09:00:00,162.95,162.95,162.95,162.95,100
2026-04-10 09:05:00,163.6,164.6,163.6,164.6,492
2026-04-10 09:10:00,165,165,165,165,500
2026-04-10 09:15:00,164.7661,164.7661,164.7661,164.7661,100
2026-04-10 09:25:00,162.12,162.1597,161.6,161.6,460
2026-04-10 09:30:00,161.48,162,158.73,159.07,12144
2026-04-10 09:35:00,159.0214,159.0214,154.16,154.8431,15679
2026-04-10 09:40:00,153.51,158.735,153.48,158.735,8191
2026-04-10 09:45:00,158.605,163.4345,158.605,161.2,13780
2026-04-10 09:50:00,161.242,163,161.242,163,5465
2026-04-10 09:55:00,162.85,163.17,160.93,160.93,3166
2026-04-10 10:00:00,161.8,162,159.42,159.865,8793
2026-04-10 10:05:00,159.8479,161.27,159.76,160.4663,2343
2026-04-10 10:10:00,159.54,160.31,159.06,160.31,1355
2026-04-10 10:15:00,160.5,161.18,160.5,161,1172
2026-04-10 10:20:00,162,162.34,161,161.04,2233
2026-04-10 10:25:00,160.96,161,159.64,161,13017
2026-04-10 10:30:00,161,162.12,161,161.01,3332
2026-04-10 10:35:00,160.99,160.99,160.035,160.63,2152
2026-04-10 10:40:00,161.25,161.25,160.3101,161,1813
2026-04-10 10:45:00,160.67,161.51,160.67,160.87,5077
2026-04-10 10:50:00,161.01,162.23,161.01,162.07,1270
2026-04-10 10:55:00,162.72,163.31,162.5,163.31,6775
2026-04-10 11:00:00,163.16,163.16,162,162,6674
2026-04-10 11:05:00,162.1199,162.1199,161.51,161.99,1465
2026-04-10 11:10:00,161.03,162.24,160.6861,162.23,953
2026-04-10 11:15:00,161.89,163.75,161.89,163.75,1112
2026-04-10 11:20:00,163.643,164,163.33,163.47,2286
2026-04-10 11:25:00,163.165,163.165,161.91,161.91,3405
2026-04-10 11:30:00,162,162.07,161.47,161.47,2367
2026-04-10 11:35:00,160.74,160.74,160,160,3000
2026-04-10 11:40:00,159.58,159.685,158.9111,159.02,1614
2026-04-10 11:45:00,159.2,159.7195,158.74,159.19,4299
2026-04-10 11:50:00,159.105,159.105,158.56,158.56,758
2026-04-10 11:55:00,158.4659,158.5764,156.9,157.18,7204
2026-04-10 12:00:00,157.51,158.03,157,157.27,2400
2026-04-10 12:05:00,157.27,158.36,157.27,158.22,1902
2026-04-10 12:10:00,158.2,158.9,158.2,158.5001,3743
2026-04-10 12:15:00,158.5,159.93,158.5,159.1,2370
2026-04-10 12:20:00,159.1,159.648,159.09,159.648,3888
2026-04-10 12:25:00,158.96,159.04,158.89,159.04,8443
2026-04-10 12:30:00,159.52,159.52,158.99,158.99,514
2026-04-10 12:35:00,158.99,158.99,158.92,158.94,400
2026-04-10 12:40:00,158.8948,158.8948,157.7584,158.075,2381
2026-04-10 12:50:00,158.18,158.18,158.18,158.18,100
2026-04-10 12:55:00,158.94,159.39,158.9,159.39,788
2026-04-10 13:05:00,159.49,159.49,159.07,159.29,690
2026-04-10 13:10:00,158.78,159.25,158.78,159.21,1163
2026-04-10 13:15:00,159.735,160,159.735,160,2577
2026-04-10 13:20:00,160,160.3466,159.96,160.075,1788
2026-04-10 13:25:00,160.29,160.543,160.29,160.37,2200
2026-04-10 13:30:00,160.41,161.7284,160.36,161.7284,2893
2026-04-10 13:35:00,161.325,161.51,161.12,161.12,300
2026-04-10 13:40:00,161.4542,162.055,161.4542,162.055,1484
2026-04-10 13:45:00,162.17,162.18,162.17,162.18,766
2026-04-10 13:50:00,161.8772,163.35,161.8772,163.22,3306
2026-04-10 13:55:00,163.5,163.97,163.3601,163.51,2147
2026-04-10 14:00:00,163.5,163.5,162.35,162.35,5520
2026-04-10 14:05:00,162.48,162.48,162.385,162.385,600
2026-04-10 14:10:00,162.6,162.6,162.6,162.6,300
2026-04-10 14:15:00,162.855,162.92,162.5942,162.92,599
2026-04-10 14:20:00,163.54,163.54,163.24,163.24,228
2026-04-10 14:25:00,163.28,163.28,163.27,163.27,200
2026-04-10 14:30:00,163.3,163.3,162.99,162.99,440
2026-04-10 14:35:00,162.91,163.18,162.91,163.08,820
2026-04-10 14:40:00,162.85,162.85,162.6,162.6,383
2026-04-10 14:45:00,161.87,161.87,161.87,161.87,100
2026-04-10 14:50:00,161.97,161.97,161.97,161.97,3951
2026-04-10 14:55:00,161.58,161.58,161.58,161.58,107
2026-04-10 15:00:00,161.67,161.67,161.67,161.67,100
2026-04-10 15:05:00,162,162,162,162,209
2026-04-10 15:10:00,162.715,162.715,162.715,162.715,150
2026-04-10 15:15:00,163,163.4156,163,163.4156,1000
2026-04-10 15:20:00,163.4,163.4,162.8301,162.8301,1712
2026-04-10 15:25:00,163.0999,163.1,162.91,162.91,750
2026-04-10 15:30:00,162.64,163.07,162.59,162.67,1690
2026-04-10 15:35:00,162.64,163.25,162.445,162.795,9152
2026-04-10 15:40:00,162.78,163.02,162.51,162.75,1286
2026-04-10 15:45:00,163.215,163.215,161.6101,161.6101,4565
2026-04-10 15:50:00,162.69,163,161.5917,161.5917,1050
2026-04-10 15:55:00,161.7,161.9,161.42,161.76,1779
2026-04-10 16:00:00,160.98,160.98,160.98,160.98,377
2026-04-10 16:25:00,160.5199,160.5199,160.5199,160.5199,100
2026-04-10 16:35:00,162.2554,162.2554,162.2554,162.2554,100
2026-04-10 17:40:00,160.52,160.52,160.52,160.52,350
2026-04-10 17:55:00,160.3946,160.3946,160.3946,160.3946,100
2026-04-10 18:35:00,160.6,160.6,160.6,160.6,100
2026-04-10 19:55:00,161,161,161,161,113
2026-04-13 04:00:00,156,156,156,156,173
2026-04-13 04:10:00,156.82,156.82,155.76,155.76,249
2026-04-13 04:15:00,155.01,155.01,155.01,155.01,100
2026-04-13 04:30:00,155.1,155.1,155.1,155.1,180
2026-04-13 04:40:00,154.41,154.41,154.41,154.41,100
2026-04-13 04:45:00,153.72,153.72,153.72,153.72,100
2026-04-13 05:00:00,154.5,155.5,154.5,155.5,1176
2026-04-13 05:15:00,155.0843,155.0843,155.0843,155.0843,100
2026-04-13 05:20:00,156.15,156.23,156.01,156.15,880
2026-04-13 05:25:00,156.6,156.8,156.6,156.6,760
2026-04-13 05:35:00,156.71,156.71,156.71,156.71,100
2026-04-13 07:00:00,156.2578,157.93,156.2578,157.81,1300
2026-04-13 07:05:00,157.1614,157.2764,157.1614,157.2764,2700
2026-04-13 07:15:00,157.78,157.78,157.78,157.78,138
2026-04-13 07:20:00,157,157,157,157,100
2026-04-13 07:25:00,156.68,156.68,156.68,156.68,100
2026-04-13 07:30:00,156.3,156.5,156.3,156.5,222
2026-04-13 07:40:00,155.95,155.95,155.95,155.95,100
2026-04-13 07:50:00,156.34,156.4997,156.267,156.267,2476
2026-04-13 07:55:00,155.7,155.7,155.3,155.58,700
2026-04-13 08:00:00,155.3,155.5783,155.23,155.56,3500
2026-04-13 08:05:00,155.48,155.64,155.48,155.5,2658
2026-04-13 08:10:00,155.74,155.74,155.74,155.74,148
2026-04-13 08:15:00,155.86,155.9,155.86,155.9,1800
2026-04-13 08:20:00,156.03,156.27,156.03,156.24,1101
2026-04-13 08:25:00,156.54,156.77,156.08,156.08,5116
2026-04-13 08:30:00,156.14,156.15,156.1,156.13,800
2026-04-13 08:40:00,156.72,156.8,156.72,156.8,500
2026-04-13 08:45:00,157.46,157.92,157.43,157.92,1200
2026-04-13 08:55:00,157.04,157.04,157.04,157.04,300
2026-04-13 09:20:00,157.99,157.99,157.99,157.99,149
2026-04-13 09:30:00,158.08,160.635,158.08,159.62,9665
2026-04-13 09:35:00,159.49,159.68,157.39,158.11,19931
2026-04-13 09:40:00,158.27,158.5299,155,155.85,11192
2026-04-13 09:45:00,156.7041,156.7041,151.55,154.85,13270
2026-04-13 09:50:00,155.5,157,155.35,155.57,9767
2026-04-13 09:55:00,155.6928,158,155.6928,157.41,3347
2026-04-13 10:00:00,157.6616,159.5,155.91,155.91,3820
2026-04-13 10:05:00,156.01,156.01,154.69,155.02,3968
2026-04-13 10:10:00,155.49,155.78,154.5,154.5,2962
2026-04-13 10:15:00,155.19,155.57,154.96,155.57,2700
2026-04-13 10:20:00,155.38,156.56,155.38,155.5,5652
2026-04-13 10:25:00,156.19,156.5,155.85,155.85,1183
2026-04-13 10:30:00,155.405,155.5,154.625,155.5,2821
2026-04-13 10:35:00,155.215,155.8,154.65,155.0029,13559
2026-04-13 10:40:00,155,156,154.9301,155.01,23378
2026-04-13 10:45:00,155.54,156.04,155.3207,155.5,15070
2026-04-13 10:50:00,156,157.5,155.6764,157.5,3129
2026-04-13 10:55:00,157.74,158.8485,156.6443,158.8485,1484
2026-04-13 11:00:00,158.21,158.7713,157.55,158,4590
2026-04-13 11:05:00,158.1,159.5,158.1,159.345,3997
2026-04-13 11:10:00,159.56,161.71,159.56,161.145,6175
2026-04-13 11:15:00,160.87,161,160.5,160.61,6940
2026-04-13 11:20:00,160.5,160.5,159.88,159.96,1760
2026-04-13 11:25:00,159.5,159.5,159.0656,159.46,1915
2026-04-13 11:30:00,158.44,158.77,158.44,158.77,400
2026-04-13 11:35:00,159.14,160.07,158.76,160.07,2543
2026-04-13 11:40:00,159.775,160,159.775,160,365
2026-04-13 11:45:00,159.33,159.33,158.5,158.5,497
2026-04-13 11:50:00,158.28,158.28,157,157.09,4490
2026-04-13 11:55:00,156.505,156.505,156.16,156.5,1422
2026-04-13 12:00:00,156.8366,156.98,155.22,155.22,3933
2026-04-13 12:05:00,155,155,154,154.8,6094
2026-04-13 12:10:00,155.9443,156.01,155.5,156.01,2492
2026-04-13 12:15:00,156,156,155.69,155.69,2784
2026-04-13 12:20:00,156.49,156.5,155,155,1500
2026-04-13 12:25:00,156.25,156.45,156.25,156.45,515
2026-04-13 12:30:00,156.33,156.53,156.1,156.1,3731
2026-04-13 12:35:00,156.6,156.64,156.6,156.64,200
2026-04-13 12:40:00,156.79,156.79,156.11,156.11,600
2026-04-13 12:45:00,156,156.45,156,156.45,430
2026-04-13 12:50:00,157.57,157.615,157.4,157.4,500
2026-04-13 12:55:00,157.29,158.1,157.2001,158,5148
2026-04-13 13:00:00,158.21,158.29,158.0271,158.0271,4778
2026-04-13 13:05:00,157.9999,157.9999,156.84,157,1494
2026-04-13 13:10:00,157.2624,157.2624,157.2624,157.2624,500
2026-04-13 13:15:00,157.8,159,157.8,159,2969
2026-04-13 13:20:00,159.065,159.505,158.5,158.5,1999
2026-04-13 13:25:00,158.48,158.565,158.2127,158.565,2000
2026-04-13 13:30:00,158.59,158.82,158.59,158.59,400
2026-04-13 13:35:00,158.5941,158.86,158.54,158.86,716
2026-04-13 13:40:00,158.74,158.74,158.545,158.545,315
2026-04-13 13:45:00,158.975,158.975,158.975,158.975,100
2026-04-13 13:50:00,158.7,158.7,158.54,158.57,1650
2026-04-13 13:55:00,158.92,159,158.92,159,965
2026-04-13 14:05:00,158.77,158.77,158.76,158.76,595
2026-04-13 14:10:00,158.75,158.75,158.13,158.13,241
2026-04-13 14:15:00,158,158,157.12,157.12,4605
2026-04-13 14:20:00,157.25,157.25,157.12,157.12,639
2026-04-13 14:25:00,157.62,157.62,157.5,157.5,205
2026-04-13 14:30:00,157.945,157.945,157.945,157.945,350
2026-04-13 14:35:00,158.57,159.155,158.43,159.155,2540
2026-04-13 14:40:00,159.36,159.4124,158.9501,158.9501,1250
2026-04-13 14:45:00,160,161.37,160,161.34,3584
2026-04-13 14:50:00,160.73,160.73,160.73,160.73,100
2026-04-13 14:55:00,161.085,161.085,160.6703,161.08,321
2026-04-13 15:00:00,161.8,161.8,161.8,161.8,100
2026-04-13 15:05:00,161.51,162,161.43,162,3032
2026-04-13 15:10:00,162.28,162.28,161.39,161.39,1000
2026-04-13 15:15:00,162,164.1,162,164.1,1333
2026-04-13 15:20:00,164,164.95,163.4501,164,2595
2026-04-13 15:25:00,163.4301,163.8552,163.43,163.8552,2963
2026-04-13 15:30:00,163.39,163.64,162.7925,163.64,1539
2026-04-13 15:35:00,163.65,164,163.35,163.85,1231
2026-04-13 15:40:00,163.825,164.25,163.825,164.25,1232
2026-04-13 15:45:00,164.06,164.5,164.06,164.43,2836
2026-04-13 15:50:00,164.1223,165.76,164.1223,165.405,12723
2026-04-13 15:55:00,164.5,166,164.5,165.97,2157
2026-04-13 16:00:00,166.36,166.36,165.83,165.83,447
2026-04-13 16:05:00,165.87,167.2,165.87,167,1411
2026-04-13 16:15:00,166.62,166.63,166.62,166.63,656
2026-04-13 16:20:00,166.87,167.58,166.87,167.58,883
2026-04-13 16:25:00,167.8,167.8,167.25,167.25,287
2026-04-13 16:30:00,167.9463,167.9463,167.9463,167.9463,150
2026-04-13 16:40:00,167.8,167.8,167,167,300
2026-04-13 16:45:00,167.75,167.99,167.75,167.99,250
2026-04-13 16:50:00,168.02,168.09,168.02,168.09,1070
2026-04-13 16:55:00,168.7486,168.91,168.7486,168.9,900
2026-04-13 17:10:00,167.38,167.51,167.38,167.51,200
2026-04-13 17:15:00,169,169,169,169,100
2026-04-13 17:35:00,168.21,168.7,168.21,168.7,200
2026-04-13 17:40:00,167.38,167.38,167.38,167.38,100
2026-04-13 17:45:00,167,167,167,167,262
2026-04-13 18:00:00,167.3,167.3,167.3,167.3,212
2026-04-13 18:35:00,168.3,168.3,168.3,168.3,100
2026-04-13 18:50:00,168.61,168.61,168.61,168.61,100
2026-04-13 18:55:00,168.917,168.917,168.917,168.917,207
2026-04-13 19:00:00,168.9,168.9,168.5,168.5,300
2026-04-13 19:10:00,168.88,168.88,168.88,168.88,100
2026-04-13 19:25:00,168.2,168.2,168.2,168.2,231
2026-04-13 19:30:00,168.2,168.2,168.2,168.2,329
2026-04-13 19:40:00,168.9388,168.9388,168.9388,168.9388,500
2026-04-13 19:45:00,168.3,168.7,168.3,168.7,500
2026-04-13 20:00:00,169.4161,169.4161,169.4161,169.4161,150
2026-04-14 04:00:00,171.34,174,171.34,172.98,2318
2026-04-14 04:05:00,173.81,173.81,173.81,173.81,101
2026-04-14 04:15:00,173.29,174,173.29,174,500
2026-04-14 04:20:00,174.36,174.67,174.36,174.67,200
2026-04-14 04:25:00,174.97,175,174.97,175,200
2026-04-14 04:30:00,175.35,175.35,175.35,175.35,257
2026-04-14 04:35:00,175.35,176.12,175.35,175.93,5394
2026-04-14 04:45:00,176.4,176.84,176.4,176.5,1298
2026-04-14 04:50:00,176.89,176.89,175.93,175.93,401
2026-04-14 05:00:00,175.78,175.78,175.78,175.78,4729
2026-04-14 05:05:00,175.16,175.16,175.16,175.16,300
2026-04-14 05:15:00,175.05,175.05,175.05,175.05,180
2026-04-14 05:25:00,174.99,174.99,174.99,174.99,986
2026-04-14 05:30:00,174.07,174.07,174.01,174.01,1140
2026-04-14 05:40:00,174.29,174.29,174.29,174.29,450
2026-04-14 05:45:00,174.1,174.1,174,174,200
2026-04-14 06:00:00,173.71,173.71,173.71,173.71,200
2026-04-14 06:10:00,174.95,174.95,174.95,174.95,100
2026-04-14 06:25:00,174.27,174.27,173.65,173.65,200
2026-04-14 06:30:00,172.5,172.5,172.5,172.5,120
2026-04-14 06:35:00,172.14,172.14,171.88,171.88,630
2026-04-14 06:40:00,171.39,171.39,171,171,330
2026-04-14 06:45:00,171.42,171.43,171.1,171.1,500
2026-04-14 07:00:00,173,173,172.49,172.8,1251
2026-04-14 07:05:00,173.9205,173.9205,173.9205,173.9205,100
2026-04-14 07:10:00,172.92,172.92,172.45,172.45,230
2026-04-14 07:15:00,172.4,172.4,172.4,172.4,207
2026-04-14 07:25:00,172.11,172.12,172.06,172.12,1088
2026-04-14 07:30:00,171.67,171.67,171.67,171.67,100
2026-04-14 07:40:00,173.15,173.502,173,173,500
2026-04-14 07:45:00,173.48,173.5,173.48,173.5,600
2026-04-14 07:50:00,173.82,173.82,173.7824,173.7824,500
2026-04-14 07:55:00,173.5,173.5,173.5,173.5,100
2026-04-14 08:00:00,173.41,173.41,173.41,173.41,265
2026-04-14 08:10:00,173.15,173.15,173.15,173.15,200
2026-04-14 08:15:00,171.56,171.56,171.56,171.56,130
2026-04-14 08:20:00,172,172,172,172,228
2026-04-14 08:25:00,171.5,171.64,170,171.64,2199
2026-04-14 08:30:00,171.36,172,170.87,171.87,2128
2026-04-14 08:35:00,172,172,171.87,171.87,270
2026-04-14 08:40:00,172.4828,172.4828,171.77,172.25,2981
2026-04-14 08:45:00,171.92,172.12,171.9,172.12,1430
2026-04-14 08:50:00,172.06,172.13,172.06,172.13,820
2026-04-14 08:55:00,170.64,170.64,170.64,170.64,130
2026-04-14 09:00:00,171,171,170.6,170.6,716
2026-04-14 09:05:00,170.83,171.89,170.83,171.89,221
2026-04-14 09:10:00,171.85,171.85,171.85,171.85,100
2026-04-14 09:15:00,172,172.16,171.57,172.16,923
2026-04-14 09:25:00,171.53,171.89,170.3379,170.3379,909
2026-04-14 09:30:00,173,175.4233,164.6381,169.415,25412
2026-04-14 09:35:00,169.2,169.73,165,165.45,9194
2026-04-14 09:40:00,165,169.3,165,168.8737,6231
2026-04-14 09:45:00,168.9542,170.59,167.435,168.4,10351
2026-04-14 09:50:00,168.81,171.1699,168.81,171.1699,6763
2026-04-14 09:55:00,170.6,170.6,168.34,169.76,3004
2026-04-14 10:00:00,170.07,170.5,168.65,168.65,2206
2026-04-14 10:05:00,169.11,170.1308,168.4767,170.1308,1714
2026-04-14 10:10:00,170.47,172.97,170.47,172.97,12482
2026-04-14 10:15:00,173,176.2099,172.96,174.9166,13427
2026-04-14 10:20:00,175,177.4299,174.99,176.88,6196
2026-04-14 10:25:00,176.775,176.775,175.19,176,2694
2026-04-14 10:30:00,176,176.13,174.36,175.16,8493
2026-04-14 10:35:00,175.2718,175.83,174.595,175.2779,4617
2026-04-14 10:40:00,174.01,174.02,173.4,173.4,1647
2026-04-14 10:45:00,173.5,173.5,172.74,173.38,6161
2026-04-14 10:50:00,173.76,174.8863,173.76,174.55,1343
2026-04-14 10:55:00,174.09,174.09,172.815,173.15,2101
2026-04-14 11:00:00,173.035,173.035,172.13,172.13,975
2026-04-14 11:05:00,171.7199,171.7199,169.37,170.88,4559
2026-04-14 11:10:00,170.47,172.03,170.47,172.03,1219
2026-04-14 11:15:00,172,174,171.845,174,3312
2026-04-14 11:20:00,173.96,174.47,173.96,174.395,1153
2026-04-14 11:25:00,174.73,175.67,174.73,175.3762,1760
2026-04-14 11:30:00,175.5,175.5,174.6701,175.49,1088
2026-04-14 11:35:00,176,176.81,176,176.54,1105
2026-04-14 11:40:00,176.37,176.6062,175.95,176.36,1531
2026-04-14 11:45:00,176.125,178,176.125,178,5270
2026-04-14 11:50:00,177.765,178.15,176.93,176.93,9631
2026-04-14 11:55:00,177.34,177.4499,175.94,175.94,5839
2026-04-14 12:00:00,176.25,178.45,176.0285,178.45,4614
2026-04-14 12:05:00,178.2799,179,178.2799,178.505,2899
2026-04-14 12:10:00,178.37,178.41,177.62,178,1468
2026-04-14 12:15:00,179.14,179.3799,178.93,179.17,2340
2026-04-14 12:20:00,179.12,180.13,179.12,180,5941
2026-04-14 12:25:00,180.09,180.2,179.8,179.8,1733
2026-04-14 12:30:00,179.655,179.655,178.82,178.82,800
2026-04-14 12:35:00,178.94,178.94,178.3001,178.3001,1139
2026-04-14 12:40:00,179.42,179.42,179.4,179.4,600
2026-04-14 12:45:00,180,180,179.64,179.702,884
2026-04-14 12:50:00,180.5,180.7,179.84,179.84,7047
2026-04-14 12:55:00,180.25,180.25,179.13,179.13,1100
2026-04-14 13:00:00,179.91,182.155,179.91,182.12,4261
2026-04-14 13:05:00,182.14,183.8,182.12,182.98,6532
2026-04-14 13:10:00,183,184.21,183,183.77,2161
2026-04-14 13:15:00,184.94,186.2404,184.72,186.2404,10764
2026-04-14 13:20:00,186.08,187.465,185.82,187.229,1980
2026-04-14 13:25:00,187.31,187.6347,186.61,186.61,4499
2026-04-14 13:30:00,186.88,187.78,186.695,187.78,4252
2026-04-14 13:35:00,187.98,189.3769,187.92,188.765,3598
2026-04-14 13:40:00,188.3,188.3,187.27,187.32,5700
2026-04-14 13:45:00,187.55,188.43,187.55,188.25,902
2026-04-14 13:50:00,188.28,189.2,188.28,188.94,1978
2026-04-14 13:55:00,188.78,189.81,188.6503,188.97,7335
2026-04-14 14:00:00,189.5,190.05,189.13,189.93,7233
2026-04-14 14:05:00,190.16,190.81,190.05,190.32,1952
2026-04-14 14:10:00,189.96,190.79,189.96,189.98,5664
2026-04-14 14:15:00,189.5,189.59,189,189.0875,8887
2026-04-14 14:20:00,188.74,188.89,188.04,188.18,3756
2026-04-14 14:25:00,188.13,189.89,188.13,189,8269
2026-04-14 14:30:00,189.395,190.1557,189.395,189.8,990
2026-04-14 14:35:00,189.85,189.85,189.8,189.8,300
2026-04-14 14:40:00,188.64,188.64,187,187.5,1626
2026-04-14 14:50:00,187.54,187.54,186.57,186.585,3963
2026-04-14 14:55:00,187,187,186.5701,186.76,2114
2026-04-14 15:00:00,187.33,187.79,187.305,187.79,1207
2026-04-14 15:05:00,187.922,188.5,187.922,188.5,577
2026-04-14 15:10:00,188.58,189.7,188.58,189.7,500
2026-04-14 15:15:00,189.6,191,189.6,190.08,3461
2026-04-14 15:20:00,190.61,191.24,190.35,191,901
2026-04-14 15:25:00,191.2649,192.2122,191.2649,191.89,2797
2026-04-14 15:30:00,192.06,192.8799,192.06,192.695,5554
2026-04-14 15:35:00,191.5784,192.7,191.5001,192.7,1124
2026-04-14 15:40:00,193,193.0937,192.2001,192.23,3169
2026-04-14 15:45:00,192.4136,192.4136,191.2997,191.625,1884
2026-04-14 15:50:00,192.95,194,192.5171,194,3816
2026-04-14 15:55:00,194.81,196.71,194.7159,196.005,10043
2026-04-14 16:00:00,196.25,196.25,195.5,195.5,499
2026-04-14 16:05:00,195.86,198,195.86,197.61,1790
2026-04-14 16:10:00,198.28,198.28,198.28,198.28,100
2026-04-14 16:15:00,198,198,197.41,197.41,1603
2026-04-14 16:20:00,196.44,197.1759,196.16,196.16,857
2026-04-14 16:35:00,193.57,193.57,193.57,193.57,164
2026-04-14 16:40:00,195,195,195,195,120
2026-04-14 16:50:00,192.6,192.8349,192.6,192.8349,200
2026-04-14 17:00:00,193.6,193.6,193.49,193.49,400
2026-04-14 17:05:00,192.62,192.62,192.62,192.62,100
2026-04-14 17:10:00,191,191,191,191,100
2026-04-14 17:15:00,190.4287,190.4287,190.01,190.01,352
2026-04-14 17:30:00,191.16,191.51,191.16,191.51,600
2026-04-14 17:40:00,192,192,192,192,235
2026-04-14 17:45:00,192.3864,192.3864,192.3864,192.3864,702
2026-04-14 17:55:00,192.13,192.13,192.1,192.1,200
2026-04-14 18:00:00,191.4,191.4,191.4,191.4,314
2026-04-14 18:10:00,192.57,192.57,192.57,192.57,100
2026-04-14 18:15:00,192,192,192,192,481
2026-04-14 18:30:00,192,192,190,190,938
2026-04-14 18:35:00,189.6,190.01,189.6,190,545
2026-04-14 18:40:00,189.7,190.96,189.7,190.96,200
2026-04-14 18:55:00,190.01,190.31,190.01,190.31,460
2026-04-14 19:00:00,190.99,191.22,190.97,191.22,403
2026-04-14 19:20:00,191.1,191.99,191.1,191.99,304
2026-04-14 19:30:00,192.88,192.88,192.88,192.88,100
2026-04-14 19:50:00,192.45,192.45,192.45,192.45,103
2026-04-14 19:55:00,194.4539,194.4539,194.4539,194.4539,125
2026-04-15 04:00:00,187.23,189.8,187.23,188.96,1299
2026-04-15 04:05:00,190,190,190,190,100
2026-04-15 04:15:00,188.98,188.98,188.98,188.98,480
2026-04-15 04:25:00,189.56,189.56,189.55,189.56,300
2026-04-15 04:30:00,189.33,189.33,189.33,189.33,110
2026-04-15 04:45:00,189.97,189.97,189.97,189.97,100
2026-04-15 05:00:00,189.15,189.15,189.15,189.15,100
2026-04-15 05:40:00,187,187,187,187,194
2026-04-15 06:55:00,186.45,186.45,186.45,186.45,100
2026-04-15 07:00:00,185.95,185.95,185.95,185.95,507
2026-04-15 07:05:00,186,186,186,186,173
2026-04-15 07:10:00,186.7607,187,186.7607,187,367
2026-04-15 07:15:00,187,187.23,186.85,186.86,1238
2026-04-15 07:25:00,186.8,186.8,186.8,186.8,140
2026-04-15 07:30:00,187.24,187.24,186.7,186.7,783
2026-04-15 07:50:00,189,189,189,189,205
2026-04-15 08:00:00,188.736,188.736,188.5,188.5,200
2026-04-15 08:05:00,187.97,187.97,187,187.35,809
2026-04-15 08:10:00,186.9,186.9,186.7,186.7,675
2026-04-15 08:20:00,186.96,186.96,186.95,186.95,228
2026-04-15 08:25:00,186.92,186.92,186.92,186.92,517
2026-04-15 08:30:00,186.94,186.94,186.94,186.94,128
2026-04-15 08:35:00,187.86,187.86,187.86,187.86,616
2026-04-15 08:40:00,188.33,188.33,188.3,188.3,236
2026-04-15 09:00:00,187.52,187.52,186.4,186.4,1000
2026-04-15 09:05:00,186.4,186.7,186.4,186.4,1030
2026-04-15 09:10:00,186.24,186.24,186.24,186.24,579
2026-04-15 09:15:00,187.2,187.2,186.44,186.44,635
2026-04-15 09:20:00,186,186,185.68,185.71,433
2026-04-15 09:25:00,185.75,188.5,185.75,188.5,987
2026-04-15 09:30:00,189.49,194.28,187.79,194.28,9044
2026-04-15 09:35:00,194.94,194.94,190,192.03,10101
2026-04-15 09:40:00,191.36,191.48,189,189,6345
2026-04-15 09:45:00,189.55,191.11,188.5701,190.05,7546
2026-04-15 09:50:00,189.2,189.2,185.625,187.74,12954
2026-04-15 09:55:00,187.87,188.75,185.6701,186.12,6512
2026-04-15 10:00:00,185.95,186.11,184,186.11,11822
2026-04-15 10:05:00,185.31,187,182.0659,182.295,16391
2026-04-15 10:10:00,181.65,182.9,181.65,182.17,9046
2026-04-15 10:15:00,182.06,182.07,179,179.5,30204
2026-04-15 10:20:00,179.29,182.5717,178.34,182.26,6833
2026-04-15 10:25:00,183.1101,184.415,183,183,9807
2026-04-15 10:30:00,183.7889,183.7889,182.4026,182.4026,1127
2026-04-15 10:35:00,183.5,184.5043,183.23,184,2130
2026-04-15 10:40:00,183.675,185.67,183.47,185.6416,2348
2026-04-15 10:45:00,186.02,186.3326,185.58,185.58,3285
2026-04-15 10:50:00,185.4511,186.49,185.4511,186.49,578
2026-04-15 10:55:00,185,185.72,185,185,3226
2026-04-15 11:00:00,183,183.45,182.38,183.45,1124
2026-04-15 11:05:00,183.4661,185,183.4661,184.355,2210
2026-04-15 11:10:00,184.9831,185.82,184.8099,185.5225,1325
2026-04-15 11:15:00,186,186,184.8,184.8,1805
2026-04-15 11:20:00,184.189,184.36,184,184,527
2026-04-15 11:25:00,184.02,184.32,184,184.32,617
2026-04-15 11:30:00,183.92,183.92,181.9,182.185,2361
2026-04-15 11:35:00,182.1,182.47,181.92,182.41,1430
2026-04-15 11:40:00,182.68,182.895,182.22,182.65,600
2026-04-15 11:45:00,183.51,183.51,182.9,183.14,776
2026-04-15 11:50:00,182,182.0221,181,181.8069,1211
2026-04-15 11:55:00,181.22,181.22,180.18,180.7,1800
2026-04-15 12:00:00,180.775,181.03,179.67,179.67,1881
2026-04-15 12:05:00,180.3399,180.82,179.7,180.82,943
2026-04-15 12:10:00,181,181.12,180.8075,181.12,1245
2026-04-15 12:15:00,180.955,181.1171,180.8208,181.1171,1374
2026-04-15 12:20:00,181.5,181.545,181.48,181.545,600
2026-04-15 12:25:00,180.6,180.67,180.0801,180.0801,3324
2026-04-15 12:30:00,180,180,178.97,179.13,2382
2026-04-15 12:35:00,179.345,179.5,178.92,179.48,3139
2026-04-15 12:40:00,178.58,178.74,177.31,177.89,6898
2026-04-15 12:45:00,177,177.39,176.121,176.121,4108
2026-04-15 12:50:00,176.565,176.8,174.5,175,5871
2026-04-15 12:55:00,175.8338,176.5,174.04,176.345,3735
2026-04-15 13:00:00,176.95,177.52,176.73,177.52,2472
2026-04-15 13:05:00,177.765,178.7976,177.52,178.77,2854
2026-04-15 13:10:00,178,178,177.6441,177.6441,1100
2026-04-15 13:15:00,178.0412,178.0451,177.71,178.0451,1691
2026-04-15 13:20:00,178.631,178.631,178.485,178.485,1114
2026-04-15 13:25:00,178.575,178.575,178.575,178.575,100
2026-04-15 13:30:00,179.5,179.9299,179.3,179.9299,1648
2026-04-15 13:35:00,180,180.79,180,180.435,1983
2026-04-15 13:40:00,180.6199,180.6199,180.3,180.3,300
2026-04-15 13:45:00,179.4001,180.99,179.4001,180.9,1470
2026-04-15 13:50:00,181.19,181.19,181.08,181.08,393
2026-04-15 13:55:00,181.7209,181.9299,181.5,181.9299,825
2026-04-15 14:00:00,182,182.66,182,182.2222,2400
2026-04-15 14:05:00,181.8162,182.07,181.2101,181.2101,600
2026-04-15 14:10:00,181.3564,182.66,181.3401,182.66,700
2026-04-15 14:15:00,182.8448,183,182.2301,182.6088,1020
2026-04-15 14:25:00,183.36,183.445,183.13,183.25,800
2026-04-15 14:30:00,183.185,183.6498,183,183.235,1838
2026-04-15 14:35:00,183.6615,183.6615,183.32,183.35,1550
2026-04-15 14:50:00,182.905,182.905,182.905,182.905,100
2026-04-15 14:55:00,183.41,183.41,183.41,183.41,100
2026-04-15 15:00:00,184,184,184,184,317
2026-04-15 15:05:00,183.47,184.81,183.47,184.81,1553
2026-04-15 15:10:00,184.76,185.3817,184.68,185.19,1384
2026-04-15 15:15:00,185.32,185.32,185.32,185.32,100
2026-04-15 15:20:00,185.15,185.93,185.15,185.93,882
2026-04-15 15:25:00,186,186.5,185.6201,186.5,5934
2026-04-15 15:30:00,186.74,187.86,186.74,187.425,2226
2026-04-15 15:35:00,187.85,188,187.4701,188,1080
2026-04-15 15:40:00,187.555,187.95,187.0901,187.3648,1300
2026-04-15 15:45:00,186.41,186.52,186.41,186.52,300
2026-04-15 15:50:00,186.04,186.42,186.04,186.42,281
2026-04-15 15:55:00,186,188,186,187.865,2480
2026-04-15 16:00:00,188,188.28,188,188.23,3272
2026-04-15 16:05:00,187,187,186.8624,186.8624,200
2026-04-15 16:10:00,185.34,185.34,185.34,185.34,100
2026-04-15 16:15:00,185.04,185.04,185.04,185.04,100
2026-04-15 16:20:00,186.61,186.61,185.47,185.67,1000
2026-04-15 16:25:00,186.3,186.3,186.3,186.3,100
2026-04-15 16:55:00,186.17,186.29,186.17,186.29,400
2026-04-15 17:00:00,187.19,187.2,187.19,187.2,200
2026-04-15 18:20:00,187.18,187.18,187.18,187.18,1600
2026-04-15 19:20:00,187.32,187.37,187.05,187.05,525
2026-04-15 19:45:00,186.77,186.77,186.77,186.77,184
2026-04-16 04:00:00,189,190.2,189,190,1936
2026-04-16 04:05:00,190.01,190.01,190,190,200
2026-04-16 04:10:00,188.53,188.53,188.53,188.53,100
2026-04-16 04:20:00,188.58,188.58,188.53,188.57,2368
2026-04-16 04:25:00,188.63,188.63,188.5,188.6,1641
2026-04-16 04:35:00,188,188,187.99,188,1293
2026-04-16 05:05:00,189,189.1,189,189.1,1219
2026-04-16 05:10:00,189.1,189.99,189.1,189.99,846
2026-04-16 05:30:00,189.28,189.28,189.28,189.28,200
2026-04-16 06:05:00,188.5,188.5,188.0734,188.0734,1124
2026-04-16 06:10:00,188,188,188,188,847
2026-04-16 06:20:00,187.39,187.39,187.39,187.39,970
2026-04-16 06:30:00,180.01,180.01,180.01,180.01,100
2026-04-16 06:35:00,177.88,179.5,177.88,179.5,600
2026-04-16 06:40:00,178.95,178.95,176.5,176.5,2014
2026-04-16 06:55:00,181,181,180.95,181,1279
2026-04-16 07:00:00,182.159,182.159,180.95,180.95,3788
2026-04-16 07:05:00,180.75,180.75,180.7,180.7,200
2026-04-16 07:10:00,180.2,180.2,179.85,179.85,200
2026-04-16 07:15:00,180.48,181.86,180.48,181.86,1557
2026-04-16 07:20:00,181.7,181.7,181.02,181.02,1089
2026-04-16 07:25:00,180.4067,181.34,180.4067,181.34,400
2026-04-16 07:30:00,180.97,182.2169,180.97,182.03,2599
2026-04-16 07:35:00,182.05,183.3,182,182,3501
2026-04-16 07:40:00,182.05,182.0874,182,182.01,4301
2026-04-16 07:45:00,182.01,182.11,181,181.31,6162
2026-04-16 07:50:00,182,182,181.5,181.92,1909
2026-04-16 07:55:00,181.36,181.36,181.36,181.36,200
2026-04-16 08:00:00,183.35,184,183.35,184,281
2026-04-16 08:20:00,182.33,182.33,182.33,182.33,100
2026-04-16 08:30:00,182.59,182.59,182.59,182.59,100
2026-04-16 08:35:00,182,182,181,181,835
2026-04-16 08:50:00,180.5,180.53,180,180,1176
2026-04-16 08:55:00,180.1,180.1,180.1,180.1,149
2026-04-16 09:00:00,180.9,180.9,180.9,180.9,300
2026-04-16 09:10:00,180.55,180.55,180.18,180.18,1220
2026-04-16 09:15:00,181.96,183.01,181.96,183.01,930
2026-04-16 09:20:00,183,183.52,182.5552,183,1621
2026-04-16 09:25:00,185.31,186.01,185.31,186.01,250
2026-04-16 09:30:00,185.895,185.895,179.0001,184.2897,6355
2026-04-16 09:35:00,183.02,183.1,180.15,182.84,6751
2026-04-16 09:40:00,183.71,184.67,183.4186,183.54,2229
2026-04-16 09:45:00,183.99,185.665,183.99,185.665,4987
2026-04-16 09:50:00,185.34,185.34,181,181,1090
2026-04-16 09:55:00,180.5,187.4,180.5,186.83,10327
2026-04-16 10:00:00,187.48,190.47,185.7718,190.47,21866
2026-04-16 10:05:00,190.5,191.69,189.5,190.18,17964
2026-04-16 10:10:00,190.15,191.5,189.97,190.045,11176
2026-04-16 10:15:00,190,190,187.38,187.77,6486
2026-04-16 10:20:00,187,190.4,186.945,190.4,3643
2026-04-16 10:25:00,190.73,193.4375,190.73,192.4,7530
2026-04-16 10:30:00,191.835,192.6639,190,191.5923,5937
2026-04-16 10:35:00,191.5,191.8821,190.79,191.1,2270
2026-04-16 10:40:00,190.68,191.3,190.1373,191,1273
2026-04-16 10:45:00,192,192,190.38,190.38,1012
2026-04-16 10:50:00,190.06,190.06,189,189,2313
2026-04-16 10:55:00,189.2359,190.339,188.95,189.98,3955
2026-04-16 11:00:00,190.02,192.14,190,191.65,4248
2026-04-16 11:05:00,191.65,191.65,190.1301,190.62,1285
2026-04-16 11:10:00,190.095,190.62,189.5861,189.5861,1983
2026-04-16 11:20:00,188.47,188.76,187.83,187.9,1946
2026-04-16 11:25:00,188,188.76,187.5,188.43,9421
2026-04-16 11:30:00,188.71,190.05,188.71,190.05,2247
2026-04-16 11:35:00,190.18,191.56,190.18,191.3259,2348
2026-04-16 11:40:00,191.5552,192.25,191.5,191.89,7378
2026-04-16 11:45:00,191.8,191.8,189.59,189.59,4250
2026-04-16 11:55:00,191,191,191,191,2801
2026-04-16 12:00:00,190.055,190.51,189.7,190.51,605
2026-04-16 12:05:00,190.46,190.9,190.46,190.56,7152
2026-04-16 12:10:00,190.98,190.98,190.0978,190.0978,358
2026-04-16 12:15:00,191.82,192.8,191.82,192.8,2724
2026-04-16 12:20:00,191.69,192.0484,190,190,3069
2026-04-16 12:25:00,190.6456,190.9,190.17,190.17,1698
2026-04-16 12:30:00,189.51,189.56,188,188,2236
2026-04-16 12:35:00,187.3,187.3,186.96,186.96,270
2026-04-16 12:40:00,188.4901,188.98,188.34,188.98,700
2026-04-16 12:45:00,187.984,190,187.984,190,4125
2026-04-16 12:50:00,190.63,190.63,190.1286,190.1286,1092
2026-04-16 12:55:00,189.8864,190.5,189.6401,189.97,2487
2026-04-16 13:00:00,189.58,189.58,189.58,189.58,100
2026-04-16 13:10:00,189.3193,189.65,189.3193,189.65,666
2026-04-16 13:15:00,188.66,189.12,188.3101,188.3101,3104
2026-04-16 13:20:00,189.63,190.4699,189.63,190.4699,400
2026-04-16 13:25:00,190.25,190.8104,189.76,189.76,444
2026-04-16 13:30:00,191,191.38,190.7078,190.9344,3869
2026-04-16 13:35:00,190.36,190.36,190.1081,190.1081,300
2026-04-16 13:40:00,190.45,190.45,190.45,190.45,100
2026-04-16 13:45:00,190,190,189.9499,189.9499,1200
2026-04-16 13:50:00,188.769,188.769,188.769,188.769,100
2026-04-16 13:55:00,187.2201,188,187.22,187.675,1917
2026-04-16 14:00:00,187.255,187.5,187.255,187.5,436
2026-04-16 14:05:00,186.735,186.735,185.855,185.8748,1226
2026-04-16 14:10:00,184.8359,185.82,184.8359,185.82,400
2026-04-16 14:15:00,186.0675,186.0675,186.0675,186.0675,100
2026-04-16 14:20:00,185.975,186.4,184.82,184.82,2300
2026-04-16 14:25:00,185,185.6999,184.705,185.6999,1810
2026-04-16 14:30:00,185.735,186.95,185.735,186.34,2000
2026-04-16 14:40:00,186.4338,186.4338,186.135,186.135,500
2026-04-16 14:50:00,186.295,186.295,186.0778,186.0778,521
2026-04-16 14:55:00,185.91,185.91,185.91,185.91,100
2026-04-16 15:00:00,187.2,188,187.2,188,948
2026-04-16 15:05:00,188,188,188,188,100
2026-04-16 15:10:00,188.5,188.5,188.275,188.5,700
2026-04-16 15:15:00,188.5379,189.7168,188.5379,188.7801,1225
2026-04-16 15:20:00,188.8666,189,188.8666,189,200
2026-04-16 15:25:00,188.16,188.32,188.16,188.275,300
2026-04-16 15:30:00,188.275,189.29,188.275,189.205,936
2026-04-16 15:35:00,189.0223,189.3599,189.0223,189.3599,420
2026-04-16 15:40:00,188.3279,188.3279,188.19,188.19,685
2026-04-16 15:45:00,187.735,187.735,187.4,187.4,1400
2026-04-16 15:50:00,188.055,188.135,188.055,188.135,300
2026-04-16 15:55:00,188.195,188.92,188.19,188.92,1059
2026-04-16 16:00:00,188.63,188.63,188.63,188.63,199
2026-04-16 16:20:00,188.21,188.21,188.21,188.21,290
2026-04-16 17:10:00,186.05,186.1449,186.05,186.1449,400
2026-04-16 17:30:00,186,186,186,186,100
2026-04-16 18:10:00,187.19,187.19,187.19,187.19,100
2026-04-16 18:30:00,187.8,187.8,187.8,187.8,100
2026-04-16 19:15:00,187.64,187.64,187.64,187.64,2627
2026-04-16 19:30:00,187.18,187.5,187.18,187.5,200
2026-04-16 19:35:00,187.5,187.5,187.5,187.5,400
2026-04-17 04:00:00,184.5,185,183,185,3013
2026-04-17 04:05:00,185.6,185.6,184.62,184.62,230
2026-04-17 04:20:00,185.26,185.26,185.26,185.26,117
2026-04-17 04:50:00,185.6,185.6,185.6,185.6,140
2026-04-17 05:25:00,185.96,185.96,185.96,185.96,215
2026-04-17 06:10:00,189,189,189,189,107
2026-04-17 06:15:00,189,189,189,189,490
2026-04-17 07:00:00,188,189.3,188,189.3,1367
2026-04-17 07:05:00,189.75,189.75,189.75,189.75,125
2026-04-17 07:20:00,191,191,191,191,108
2026-04-17 07:25:00,191.3,191.3,190.54,190.54,453
2026-04-17 07:40:00,190.03,190.03,190.03,190.03,373
2026-04-17 07:45:00,191.4521,191.99,191.4521,191.8,2443
2026-04-17 07:50:00,191.9999,191.9999,191.9999,191.9999,100
2026-04-17 08:00:00,191.2,192,191.2,192,400
2026-04-17 08:05:00,192.98,192.98,192.98,192.98,100
2026-04-17 08:15:00,194.3,194.3,194.02,194.02,600
2026-04-17 08:20:00,195.0427,195.0427,193.86,193.86,640
2026-04-17 08:25:00,193.97,193.97,193.97,193.97,100
2026-04-17 08:30:00,194.06,194.69,194.06,194.69,669
2026-04-17 08:35:00,194.6,194.6,194.6,194.6,200
2026-04-17 08:45:00,196.29,196.7,196.29,196.7,300
2026-04-17 08:50:00,197.61,197.63,197.41,197.63,745
2026-04-17 08:55:00,197.3,200,197.3,200,3038
2026-04-17 09:00:00,197.89,198.9,197.89,198.9,250
2026-04-17 09:05:00,198.1432,200.4,198.1432,200.4,1805
2026-04-17 09:10:00,201,201.869,200.48,200.48,1138
2026-04-17 09:15:00,201,201.02,200.95,201.02,446
2026-04-17 09:20:00,199.15,199.15,199.15,199.15,300
2026-04-17 09:25:00,198.54,198.54,197.02,197.02,1400
2026-04-17 09:30:00,196.25,199.42,194.17,196.07,14223
2026-04-17 09:35:00,198,200.4708,197.96,198.122,14617
2026-04-17 09:40:00,198.12,198.13,194.56,196,8068
2026-04-17 09:45:00,195.72,195.72,193,194,4918
2026-04-17 09:50:00,193.55,195.7899,190.59,190.65,8074
2026-04-17 09:55:00,189.5,190.585,187,190,7697
2026-04-17 10:00:00,190.5,190.66,188.37,189,13097
2026-04-17 10:05:00,189.5,192.7185,189.5,192.39,2597
2026-04-17 10:10:00,192.5886,193.56,190.52,190.52,2358
2026-04-17 10:15:00,190.72,190.72,189.5,190.3717,2239
2026-04-17 10:20:00,189.01,190.3389,187.99,189.42,4486
2026-04-17 10:25:00,190.2793,190.44,189.86,190,1126
2026-04-17 10:30:00,190.6239,190.6239,189.495,190.22,833
2026-04-17 10:35:00,189.43,189.48,188.985,189.48,1900
2026-04-17 10:40:00,190,191.03,190,191.0036,2885
2026-04-17 10:45:00,191.18,192.41,191,192.41,1452
2026-04-17 10:50:00,192.14,192.14,190,190.63,1191
2026-04-17 10:55:00,190.34,190.5,188.66,190.3383,2816
2026-04-17 11:00:00,190.02,191.325,190.02,190.68,1344
2026-04-17 11:05:00,191.0499,191.0499,191,191,375
2026-04-17 11:10:00,191,191,189.3875,189.875,865
2026-04-17 11:15:00,190.47,191.5,190.47,191.5,2961
2026-04-17 11:20:00,190.49,190.49,190.235,190.235,2027
2026-04-17 11:25:00,190.68,190.68,190.68,190.68,100
2026-04-17 11:30:00,191.2725,191.37,190.98,191.2,3612
2026-04-17 11:35:00,191.19,191.3,190,190.54,2055
2026-04-17 11:40:00,189.93,189.93,188.0701,188.12,2729
2026-04-17 11:45:00,188.2,188.86,188.2,188.535,1120
2026-04-17 11:50:00,189,189,188.01,188.42,2700
2026-04-17 11:55:00,188,188,186,186,2945
2026-04-17 12:00:00,185,186.48,184.96,186,4792
2026-04-17 12:05:00,186.5,187.37,186.5,187.27,4291
2026-04-17 12:10:00,187.79,188.5,187,188,3462
2026-04-17 12:15:00,188,188.66,188,188.38,1502
2026-04-17 12:20:00,188.336,188.336,188.336,188.336,500
2026-04-17 12:25:00,188.59,189,188.415,189,500
2026-04-17 12:30:00,189.26,189.9799,189.26,189.52,1690
2026-04-17 12:35:00,190.31,190.5,190.31,190.5,300
2026-04-17 12:40:00,189.9,190.43,189.85,190.43,868
2026-04-17 12:50:00,190.61,190.6299,190.315,190.6299,1038
2026-04-17 12:55:00,190.18,190.18,189.475,189.475,1200
2026-04-17 13:00:00,189.65,190.6,189.65,190.59,700
2026-04-17 13:05:00,190.62,191,190.6109,190.92,500
2026-04-17 13:10:00,190.2114,190.2114,190.2114,190.2114,200
2026-04-17 13:15:00,189.0001,189.0001,189.0001,189.0001,100
2026-04-17 13:20:00,189.01,190,188.28,188.28,1665
2026-04-17 13:30:00,189.7,189.7,189.46,189.46,1388
2026-04-17 13:35:00,189.06,189.1401,189.06,189.1401,1100
2026-04-17 13:45:00,190.1,191.0303,190.1,190.725,1316
2026-04-17 13:50:00,190.59,190.8899,190.26,190.26,1200
2026-04-17 13:55:00,190.9599,190.9599,190.03,190.6242,525
2026-04-17 14:00:00,189.95,189.95,189.93,189.93,1054
2026-04-17 14:10:00,188.9402,189.8,188.8701,189.8,1775
2026-04-17 14:20:00,190,190.23,190,190.23,275
2026-04-17 14:25:00,190.8,191.135,190.37,190.37,2871
2026-04-17 14:30:00,190.985,191.0389,190.84,190.99,1604
2026-04-17 14:35:00,190.72,190.85,189.96,189.96,1055
2026-04-17 14:40:00,189.97,190,189.25,189.48,528
2026-04-17 14:45:00,189.61,189.99,189.61,189.8,500
2026-04-17 14:50:00,189.88,189.9,188.99,188.99,1200
2026-04-17 14:55:00,189.45,190.6,189.45,190.39,1500
2026-04-17 15:00:00,190.27,190.71,189.3,190.29,2269
2026-04-17 15:05:00,190.03,190.03,189.26,189.45,1500
2026-04-17 15:10:00,189.13,189.13,188.59,188.69,1950
2026-04-17 15:15:00,188.505,189.37,187.95,188.12,1900
2026-04-17 15:20:00,187.84,187.84,186.84,187.7,4901
2026-04-17 15:25:00,187.945,187.945,187.8,187.87,700
2026-04-17 15:30:00,188,188.344,187.83,187.8932,1792
2026-04-17 15:35:00,187.7,187.7,187.4,187.445,929
2026-04-17 15:40:00,187.32,187.36,187.2,187.36,349
2026-04-17 15:45:00,188,188,188,188,170
2026-04-17 15:50:00,188.35,188.42,188.35,188.365,1600
2026-04-17 15:55:00,189.05,189.05,186.47,186.83,8057
2026-04-17 16:00:00,186.85,186.85,186.85,186.85,151
2026-04-17 16:05:00,186.06,186.06,186.0592,186.0592,999
2026-04-17 16:10:00,186.16,187.11,186.16,187.07,2550
2026-04-17 16:20:00,186.76,186.76,186.76,186.76,500
2026-04-17 16:25:00,186.76,186.97,186.63,186.63,1867
2026-04-17 16:35:00,187.59,187.59,187.59,187.59,150
2026-04-17 17:45:00,186.88,186.88,186.88,186.88,124
2026-04-17 17:50:00,185.9527,185.9527,185.93,185.93,2206
2026-04-17 17:55:00,185.93,186.3,185.93,185.93,2900
2026-04-17 18:00:00,185.8524,185.8524,185.84,185.84,1499
2026-04-17 18:45:00,185.66,185.87,185.66,185.66,500
2026-04-17 18:50:00,185.66,185.66,185.5,185.5,1283
2026-04-17 18:55:00,185.7,185.7,185.5,185.5,932
2026-04-17 19:00:00,185.51,185.5565,185.5,185.5565,400
2026-04-17 19:05:00,186,186,186,186,100
2026-04-17 19:10:00,185.5,185.6287,185.21,185.21,300
2026-04-17 19:25:00,186.5613,186.5613,186.5613,186.5613,100
2026-04-17 19:55:00,185.3172,185.3172,185.3172,185.3172,150
2026-04-20 04:00:00,181.43,184,180.8,184,2301
2026-04-20 04:30:00,183.52,184,183.5,184,1919
2026-04-20 05:10:00,184,184,184,184,2674
2026-04-20 06:20:00,184.3,184.3,184.3,184.3,100
2026-04-20 07:00:00,183.7,183.7,183.7,183.7,466
2026-04-20 07:05:00,183.5,183.5,183.5,183.5,100
2026-04-20 07:10:00,184.7,185.4,184.7,185.4,258
2026-04-20 07:15:00,185.56,185.56,185.56,185.56,300
2026-04-20 07:25:00,185.2,185.2,185.2,185.2,400
2026-04-20 07:35:00,185.01,185.67,185.01,185.67,300
2026-04-20 07:40:00,185.8,187.09,185.8,187.09,558
2026-04-20 07:45:00,187.04,187.5,187.04,187.5,200
2026-04-20 07:55:00,186.5,186.5,186.5,186.5,459
2026-04-20 08:00:00,186.35,186.39,186.35,186.39,200
2026-04-20 08:05:00,186.11,186.11,186.11,186.11,100
2026-04-20 08:10:00,185.8595,185.8595,185.8595,185.8595,100
2026-04-20 08:15:00,186.18,186.18,186.18,186.18,135
2026-04-20 08:20:00,186.38,186.43,186.38,186.43,200
2026-04-20 08:30:00,186.65,187,186.65,187,525
2026-04-20 08:35:00,187.68,187.68,187.68,187.68,100
2026-04-20 08:40:00,187.5,187.87,187.5,187.87,325
2026-04-20 08:55:00,187.7799,187.7799,187.7799,187.7799,100
2026-04-20 09:00:00,187.99,187.99,187.99,187.99,100
2026-04-20 09:05:00,187.932,187.932,187.932,187.932,1189
2026-04-20 09:10:00,188.26,188.3,188.26,188.3,200
2026-04-20 09:20:00,187.17,187.17,187.17,187.17,105
2026-04-20 09:25:00,186.58,189.98,186.58,189.78,853
2026-04-20 09:30:00,191,194.7718,186.569,188.0088,8610
2026-04-20 09:35:00,187.68,187.686,184.4722,185.782,3504
2026-04-20 09:40:00,185.81,186.34,183.01,186.2039,3053
2026-04-20 09:45:00,185,186,184,184.405,5674
2026-04-20 09:50:00,184.45,185.0811,183.805,183.945,6519
2026-04-20 09:55:00,184.08,184.3,183.945,184,1968
2026-04-20 10:00:00,183.6,183.6,180,180,8047
2026-04-20 10:05:00,180.385,182.26,180.15,182.26,1100
2026-04-20 10:10:00,182.55,184,182.38,182.8299,3993
2026-04-20 10:15:00,181.7,182.17,181,181.94,2892
2026-04-20 10:20:00,182.5,182.5,181.64,181.96,1953
2026-04-20 10:25:00,182.26,182.26,181.5,181.5,692
2026-04-20 10:30:00,181.755,181.755,181.55,181.735,303
2026-04-20 10:35:00,183,183.51,183,183.51,964
2026-04-20 10:40:00,183.9,183.9,182.14,182.145,989
2026-04-20 10:45:00,181.09,181.09,178.83,178.84,11058
2026-04-20 10:50:00,178,178.34,176.2,178.14,7055
2026-04-20 10:55:00,177.475,177.475,175.01,176,5862
2026-04-20 11:00:00,176.18,176.18,172.85,173.7982,6777
2026-04-20 11:05:00,173.49,175.3099,172.8207,175.3099,17882
2026-04-20 11:10:00,175.525,176.5,175,175,3203
2026-04-20 11:15:00,175.4001,175.8,174.779,175.8,4056
2026-04-20 11:20:00,175.71,177.97,175.71,177.7118,3364
2026-04-20 11:25:00,177.725,177.725,177.4,177.62,300
2026-04-20 11:30:00,177.01,177.66,176.7,176.7,2369
2026-04-20 11:35:00,176.87,177.1443,176.079,177.1443,3058
2026-04-20 11:40:00,176.36,176.36,175,175.2,4978
2026-04-20 11:45:00,174.965,175.7166,174.8,174.8,3549
2026-04-20 11:50:00,174.05,174.11,171.68,172.78,4453
2026-04-20 11:55:00,173.6803,174.1,172.675,173.32,3667
2026-04-20 12:00:00,173.32,173.32,172,172.72,1782
2026-04-20 12:05:00,172.6,175.53,172.6,175.53,3355
2026-04-20 12:10:00,176.11,176.565,175.64,176,4751
2026-04-20 12:15:00,175.895,177,175.54,176,5907
2026-04-20 12:20:00,176.76,177.3635,176.76,177.3635,2200
2026-04-20 12:25:00,176.81,177.37,176.25,177.37,899
2026-04-20 12:30:00,177.41,178,177.23,177.23,1785
2026-04-20 12:35:00,177.23,177.49,177.23,177.49,418
2026-04-20 12:40:00,178,178.59,178,178.35,3721
2026-04-20 12:45:00,179.105,179.105,178.5696,178.5696,550
2026-04-20 12:50:00,178.38,178.38,178.055,178.055,484
2026-04-20 12:55:00,178.59,178.855,178.47,178.855,698
2026-04-20 13:00:00,179.5,179.66,179.35,179.6199,2950
2026-04-20 13:05:00,179.12,179.475,179.12,179.475,705
2026-04-20 13:15:00,179.48,179.82,179.48,179.82,569
2026-04-20 13:20:00,179.381,179.69,179.1,179.69,608
2026-04-20 13:25:00,179.07,179.07,179.07,179.07,300
2026-04-20 13:30:00,179.4917,180.24,179.4917,180.24,1806
2026-04-20 13:35:00,181.28,181.34,181.271,181.271,344
2026-04-20 13:40:00,180.945,180.945,180.75,180.75,357
2026-04-20 13:45:00,180.581,181.045,180.581,180.71,389
2026-04-20 13:50:00,181,181,181,181,300
2026-04-20 13:55:00,180.81,180.81,180.81,180.81,120
2026-04-20 14:00:00,181.69,181.69,181.69,181.69,100
2026-04-20 14:05:00,182.01,182.35,182.01,182.35,700
2026-04-20 14:10:00,182,182,181.53,181.53,600
2026-04-20 14:20:00,181.92,181.92,181.295,181.295,400
2026-04-20 14:25:00,181.655,181.655,181.655,181.655,100
2026-04-20 14:30:00,181.33,181.33,180.8,181.05,615
2026-04-20 14:35:00,180,180,180,180,200
2026-04-20 14:40:00,179.935,181.16,179.63,181.16,800
2026-04-20 14:45:00,181,181.13,181,181.13,1490
2026-04-20 14:50:00,181.864,181.864,181.805,181.805,590
2026-04-20 14:55:00,181.66,182,181.39,181.62,2921
2026-04-20 15:00:00,181.9,182.31,181.9,182,692
2026-04-20 15:05:00,181.3,181.47,181.3,181.47,250
2026-04-20 15:15:00,180.8701,180.8701,180.5,180.608,3100
2026-04-20 15:20:00,180.4,180.4,180.245,180.2973,1007
2026-04-20 15:25:00,180.46,180.47,180.46,180.47,200
2026-04-20 15:35:00,180.58,181.105,180.58,181.105,700
2026-04-20 15:40:00,181.4,181.5,181.145,181.5,2300
2026-04-20 15:45:00,181.815,181.86,181.66,181.66,1700
2026-04-20 15:50:00,182,182,180.51,180.925,3612
2026-04-20 15:55:00,181.25,181.5,180.88,181.5,1470
2026-04-20 16:00:00,181.74,181.74,181.74,181.74,214
2026-04-20 16:10:00,180.5,180.5,179.85,179.85,1300
2026-04-20 16:25:00,180.27,180.27,180,180,291
2026-04-20 16:30:00,180.6,180.6,180.6,180.6,100
2026-04-20 16:35:00,182,182,181.62,181.62,2380
2026-04-20 16:45:00,181,181,181,181,100
2026-04-20 17:20:00,180.01,180.01,180.01,180.01,270
2026-04-20 17:45:00,179.99,179.99,179.99,179.99,100
2026-04-20 17:55:00,179.01,179.01,179.01,179.01,2699
2026-04-20 18:10:00,181.5,181.5,181.5,181.5,200
2026-04-20 18:25:00,179.1164,179.1164,178.91,179.1164,300
2026-04-20 19:00:00,180.5,180.5,179,179,400
2026-04-20 19:05:00,179,179.5048,179,179.5048,600
2026-04-20 19:10:00,180.38,180.471,180.38,180.471,1400
2026-04-20 19:15:00,180.42,180.43,180.39,180.39,1300
2026-04-20 19:20:00,179.5,179.5,179,179,400
2026-04-20 19:55:00,180.8,181.5,180.8,181.25,3089
2026-04-21 04:00:00,184.49,184.49,183.8,183.8,486
2026-04-21 04:40:00,185,185.51,185,185.51,1414
2026-04-21 05:50:00,185.9,185.9,185.9,185.9,500
2026-04-21 06:20:00,186.52,186.52,186.52,186.52,100
2026-04-21 06:35:00,186.79,186.79,186.79,186.79,100
2026-04-21 07:00:00,186.02,186.02,185.27,185.27,320
2026-04-21 07:05:00,185.75,185.75,185.75,185.75,100
2026-04-21 07:10:00,186,186,186,186,100
2026-04-21 07:20:00,185.5,185.56,185.11,185.56,500
2026-04-21 07:25:00,185.01,185.01,185.01,185.01,200
2026-04-21 07:55:00,185.56,185.56,185.56,185.56,100
2026-04-21 08:00:00,185.6578,185.6578,185.13,185.13,200
2026-04-21 08:05:00,185.29,185.29,185.29,185.29,241
2026-04-21 08:15:00,184.865,184.865,184.865,184.865,100
2026-04-21 08:20:00,183.92,183.92,183.92,183.92,220
2026-04-21 08:30:00,184.5,184.5,184.5,184.5,480
2026-04-21 08:40:00,183.75,183.75,183.75,183.75,135
2026-04-21 08:45:00,183.8996,183.8996,183.826,183.826,500
2026-04-21 08:50:00,183.5,183.5,183.5,183.5,168
2026-04-21 08:55:00,183.5,183.76,183.5,183.76,1211
2026-04-21 09:00:00,183.7,183.7,183.65,183.65,681
2026-04-21 09:05:00,182.88,182.88,182.88,182.88,139
2026-04-21 09:10:00,183.11,183.11,183.11,183.11,992
2026-04-21 09:20:00,184.13,184.13,184.041,184.041,500
2026-04-21 09:25:00,183.96,185,183.96,184.15,800
2026-04-21 09:30:00,184,189,184,186.79,7937
2026-04-21 09:35:00,186.63,187.13,185.6,185.7324,6775
2026-04-21 09:40:00,185.25,186.0658,184.5403,184.6572,2560
2026-04-21 09:45:00,185.25,186.34,184,184.87,8156
2026-04-21 09:50:00,184.4,186,183.4154,185.5818,4147
2026-04-21 09:55:00,184.5,186,184,184,6729
2026-04-21 10:00:00,183.5,183.6999,182.75,183.2,4001
2026-04-21 10:05:00,183,184.53,183,184.225,2019
2026-04-21 10:10:00,184.065,184.065,182,182,1406
2026-04-21 10:15:00,181.96,182.7899,181.655,182.7899,3976
2026-04-21 10:20:00,181.82,182.61,181.82,181.97,3452
2026-04-21 10:25:00,181.47,181.47,179.87,181.111,6606
2026-04-21 10:30:00,180.043,180.043,178.3613,179.21,3731
2026-04-21 10:35:00,179.39,180.4,179,180.3,4447
2026-04-21 10:40:00,180,180.88,179.6,180.04,2396
2026-04-21 10:45:00,179.94,179.94,178.225,178.6861,1624
2026-04-21 10:50:00,178.59,178.9452,178.59,178.7754,1700
2026-04-21 10:55:00,178.6,178.965,178.005,178.005,1552
2026-04-21 11:00:00,177.855,177.855,175.955,177.53,3381
2026-04-21 11:05:00,177.325,178.54,177.325,178.54,2920
2026-04-21 11:10:00,178.54,179,178.54,178.6,3241
2026-04-21 11:15:00,178.61,178.95,178.11,178.71,1043
2026-04-21 11:20:00,178.98,179.21,178.98,179.21,610
2026-04-21 11:25:00,178.04,178.049,177.95,177.95,1647
2026-04-21 11:30:00,178.28,178.415,177.975,177.975,1380
2026-04-21 11:35:00,177.19,177.815,177.18,177.815,800
2026-04-21 11:40:00,178.0997,178.3,178.0997,178.3,1000
2026-04-21 11:45:00,178.6,178.6,178.14,178.55,1289
2026-04-21 11:50:00,177.89,178,177.605,177.605,841
2026-04-21 11:55:00,178.245,180,178.245,179.645,4462
2026-04-21 12:00:00,181,182.79,181,181.76,5142
2026-04-21 12:05:00,180.135,180.36,179.53,179.53,550
2026-04-21 12:10:00,180.1,180.1,180.1,180.1,130
2026-04-21 12:15:00,181,181,180.99,181,678
2026-04-21 12:20:00,181.275,181.485,181.275,181.4352,512
2026-04-21 12:25:00,181.28,181.28,181,181.05,1335
2026-04-21 12:30:00,181.86,181.8945,181.16,181.39,3900
2026-04-21 12:35:00,181.24,181.31,181,181,4316
2026-04-21 12:40:00,180,180,179.83,179.83,281
2026-04-21 12:45:00,179.45,179.82,179.43,179.82,400
2026-04-21 12:50:00,180.55,180.79,180.08,180.08,800
2026-04-21 12:55:00,180.5,180.5,180.35,180.35,464
2026-04-21 13:00:00,180.99,181,180.99,181,400
2026-04-21 13:05:00,180.19,180.65,180.19,180.65,300
2026-04-21 13:10:00,181.58,182,180.785,182,500
2026-04-21 13:15:00,182.45,182.45,181.625,181.685,2721
2026-04-21 13:20:00,181.4809,181.859,181,181.4,2762
2026-04-21 13:25:00,182.85,182.85,182.33,182.33,1500
2026-04-21 13:30:00,182.52,183.3,182.38,183.3,1422
2026-04-21 13:35:00,182.895,184.23,182.895,184.23,1500
2026-04-21 13:40:00,184.16,184.8,184.16,184.5,879
2026-04-21 13:45:00,183.75,184.14,183.39,183.53,599
2026-04-21 13:50:00,184.49,184.5,184.49,184.5,345
2026-04-21 13:55:00,184.1267,184.3059,183.56,184.3059,669
2026-04-21 14:00:00,183.96,183.96,183.96,183.96,100
2026-04-21 14:05:00,183.97,183.97,183.41,183.41,967
2026-04-21 14:10:00,183.71,184,183.71,183.7648,2268
2026-04-21 14:15:00,183.87,184.3731,182.54,182.54,1440
2026-04-21 14:35:00,183.44,183.545,183.3,183.545,800
2026-04-21 14:45:00,182.825,182.825,182.825,182.825,100
2026-04-21 14:50:00,183.19,183.19,183.19,183.19,100
2026-04-21 14:55:00,183.15,183.22,183.15,183.22,200
2026-04-21 15:00:00,183.05,184.21,182.87,184.21,1925
2026-04-21 15:05:00,184.465,184.465,184.21,184.21,732
2026-04-21 15:10:00,185,185.5999,184.93,185.5999,4409
2026-04-21 15:15:00,184.33,185.2323,184.33,184.87,1665
2026-04-21 15:20:00,184.64,186,184.6,186,1903
2026-04-21 15:25:00,186.1299,186.25,186,186,4019
2026-04-21 15:30:00,186.11,187.115,186.11,187.115,2882
2026-04-21 15:35:00,186.99,186.99,185.51,185.51,400
2026-04-21 15:40:00,184.85,184.85,180.56,181.18,5175
2026-04-21 15:45:00,181.15,182.2999,181.1053,181.75,5476
2026-04-21 15:50:00,182.285,182.285,181.2001,181.5368,2031
2026-04-21 15:55:00,181.9699,182.4577,180.75,182.4577,6893
2026-04-21 16:00:00,182.07,182.07,182.07,182.07,271
2026-04-21 16:05:00,181.98,182,181.98,182,1547
2026-04-21 16:10:00,185,185,184.99,185,3400
2026-04-21 16:15:00,184.1233,185,184.1233,185,600
2026-04-21 16:20:00,184.99,185,184.98,185,917
2026-04-21 16:25:00,186.24,186.24,186.24,186.24,600
2026-04-21 16:30:00,185.05,185.12,185.05,185.12,254
2026-04-21 16:50:00,184.99,184.99,184.8,184.8,480
2026-04-21 16:55:00,184.92,184.92,184.92,184.92,100
2026-04-21 17:50:00,185,185,185,185,200
2026-04-21 17:55:00,185,185,185,185,200
2026-04-21 18:05:00,185,185,185,185,168
2026-04-21 18:15:00,185,185,185,185,197
2026-04-21 18:20:00,185,185,185,185,190
2026-04-21 18:40:00,184.97,184.97,184.97,184.97,200
2026-04-21 18:45:00,185,185,185,185,200
2026-04-21 18:50:00,185,185,185,185,263
2026-04-21 19:40:00,185.44,185.44,185.44,185.44,100
2026-04-21 19:55:00,185.99,185.99,185.99,185.99,500