2026-04-07 04:00:00,196.9,196.9,195,195,550
2026-04-07 04:15:00,197.88,197.98,197.88,197.98,897
2026-04-07 04:20:00,198.84,199.92,198.84,199.92,460
2026-04-07 04:25:00,198.01,198.01,198.01,198.01,700
2026-04-07 04:30:00,199.64,199.64,199.64,199.64,240
2026-04-07 04:35:00,199.67,199.67,198.71,198.8,800
2026-04-07 05:05:00,199,199,199,199,820
2026-04-07 05:10:00,199.07,199.07,199.07,199.07,580
2026-04-07 05:40:00,198.11,198.11,198.11,198.11,100
2026-04-07 05:45:00,198.14,198.14,198.07,198.07,500
2026-04-07 06:25:00,197.02,197.02,196.35,196.35,900
2026-04-07 06:30:00,196.97,196.97,196.97,196.97,200
2026-04-07 07:00:00,194.01,194.5,194.01,194.5,355
2026-04-07 07:05:00,194.6,194.6,194.6,194.6,200
2026-04-07 07:10:00,195,195,193.39,193.39,1300
2026-04-07 07:15:00,193.5287,193.5287,193.5287,193.5287,200
2026-04-07 07:35:00,193.6,193.6,193.24,193.24,225
2026-04-07 07:45:00,196.2892,196.2892,196.2892,196.2892,100
2026-04-07 08:05:00,195.48,195.51,194.5,194.5,600
2026-04-07 08:15:00,194.79,194.79,194.79,194.79,130
2026-04-07 08:20:00,195.01,195.01,195.01,195.01,180
2026-04-07 08:25:00,195.49,195.75,195.49,195.75,640
2026-04-07 08:30:00,195.75,195.75,195.75,195.75,500
2026-04-07 08:50:00,193.57,193.57,193.57,193.57,225
2026-04-07 09:00:00,194.8,194.8,194.8,194.8,1500
2026-04-07 09:05:00,195.6,195.6,195.6,195.6,200
2026-04-07 09:10:00,195.4875,195.4875,195.4875,195.4875,500
2026-04-07 09:15:00,194.6,194.65,194.6,194.6,416
2026-04-07 09:30:00,195.1,198.6899,195.02,196.68,12533
2026-04-07 09:35:00,196.13,197.39,194.6,195.2302,20288
2026-04-07 09:40:00,194.6,195.11,192.9,193.4,7701
2026-04-07 09:45:00,193.965,195.07,193.965,194.28,1495
2026-04-07 09:50:00,194,194.5,193,193.72,13550
2026-04-07 09:55:00,194.01,194.78,193.24,193.3732,2946
2026-04-07 10:00:00,193.07,193.07,189.01,189.2365,27676
2026-04-07 10:05:00,189.16,189.5891,186.08,187.85,12027
2026-04-07 10:10:00,187.13,189.28,187.13,188.6915,12736
2026-04-07 10:15:00,188.82,191.02,188.63,190.01,12432
2026-04-07 10:20:00,189.745,191.9406,189.725,191.9406,2149
2026-04-07 10:25:00,192.37,194.16,191.64,194,21288
2026-04-07 10:30:00,194.15,197.01,194.15,197.01,5427
2026-04-07 10:35:00,197.01,197.01,195.66,196.56,3784
2026-04-07 10:40:00,195.9,195.94,193.8784,194,6810
2026-04-07 10:45:00,194.585,195.145,194.41,195.145,950
2026-04-07 10:50:00,195.2048,196.01,194.63,194.99,2649
2026-04-07 10:55:00,195.45,195.8399,194.41,194.41,5076
2026-04-07 11:00:00,194.37,194.65,193.0201,193.0201,3432
2026-04-07 11:05:00,193.5,193.5,191.3,193.045,19501
2026-04-07 11:10:00,192.285,193.45,192.055,192.64,2349
2026-04-07 11:15:00,192.68,195.25,192.68,195.25,1710
2026-04-07 11:20:00,194.605,194.915,194.23,194.23,1438
2026-04-07 11:25:00,194.18,194.82,194.18,194.82,300
2026-04-07 11:30:00,194.79,195.31,194.79,195.28,973
2026-04-07 11:35:00,194.85,195.17,194.26,194.26,2956
2026-04-07 11:40:00,192.86,192.86,192.28,192.45,800
2026-04-07 11:45:00,192.65,192.65,192.01,192.4,1413
2026-04-07 11:50:00,192.89,193.445,192.89,193.445,350
2026-04-07 11:55:00,194.47,195.11,194.215,195.11,1328
2026-04-07 12:00:00,194.75,197.68,194.75,196.82,2875
2026-04-07 12:05:00,196.575,196.58,195.015,195.113,650
2026-04-07 12:10:00,195.0155,195.0155,194.43,194.43,917
2026-04-07 12:15:00,194.8299,194.8299,193.88,194.15,6250
2026-04-07 12:20:00,194.2251,194.67,193.475,194.17,6000
2026-04-07 12:25:00,194.42,194.42,194,194.295,700
2026-04-07 12:30:00,194.5463,194.5463,194.3,194.3,900
2026-04-07 12:35:00,194.1394,194.705,194.1394,194.67,512
2026-04-07 12:40:00,194.24,194.3,193.8485,193.8485,431
2026-04-07 12:45:00,195.1299,195.1299,194.435,194.44,312
2026-04-07 12:50:00,193.96,194.67,193.96,194.5,3231
2026-04-07 12:55:00,194.65,194.65,193.55,193.55,1462
2026-04-07 13:00:00,195.42,195.42,195.42,195.42,100
2026-04-07 13:05:00,195.17,195.9999,195.17,195.56,798
2026-04-07 13:10:00,195.03,195.145,195.03,195.055,500
2026-04-07 13:15:00,194.795,195.02,194.2,194.2,1800
2026-04-07 13:20:00,194.4366,194.4366,193.72,193.88,1600
2026-04-07 13:25:00,194.555,194.555,194.555,194.555,100
2026-04-07 13:30:00,194.98,196,194.98,195.72,1771
2026-04-07 13:35:00,195.81,199,195.81,198.68,13797
2026-04-07 13:40:00,198.345,198.67,197.83,197.99,2903
2026-04-07 13:45:00,197.79,198.275,197.54,198.275,2500
2026-04-07 13:50:00,198.04,198.81,197.93,197.93,2033
2026-04-07 13:55:00,197.68,197.68,197.03,197.03,1608
2026-04-07 14:00:00,196.97,197.51,196.97,197.07,800
2026-04-07 14:05:00,197.33,197.33,196.44,197.04,1384
2026-04-07 14:10:00,196.53,196.53,196.53,196.53,100
2026-04-07 14:15:00,196.8,196.8,196.8,196.8,100
2026-04-07 14:20:00,197.22,198.2499,197.22,197.49,1039
2026-04-07 14:25:00,197.2,197.26,197,197.13,700
2026-04-07 14:30:00,197.35,197.51,197.25,197.51,624
2026-04-07 14:35:00,197.19,197.19,196.2178,196.2178,400
2026-04-07 14:40:00,196.35,196.35,195.985,196.07,500
2026-04-07 14:45:00,195.7,195.7,195.7,195.7,200
2026-04-07 14:50:00,196.37,196.37,195.82,196.34,850
2026-04-07 14:55:00,195.27,195.27,194.69,194.69,2417
2026-04-07 15:00:00,194.695,195.08,194.22,195.08,1069
2026-04-07 15:05:00,194,195.085,194,194.69,2936
2026-04-07 15:10:00,194.335,195.425,194.335,195.4228,513
2026-04-07 15:15:00,195.52,198,195.52,198,11557
2026-04-07 15:20:00,198.1697,200.705,198.1697,198.6,40879
2026-04-07 15:25:00,198.6,198.6,197.58,198.05,1950
2026-04-07 15:30:00,198.1,198.1,197.25,197.25,1100
2026-04-07 15:35:00,197.64,197.64,197.32,197.55,900
2026-04-07 15:40:00,197.0001,197.35,196.69,196.69,16150
2026-04-07 15:45:00,196.69,199.92,196.685,199.585,6157
2026-04-07 15:50:00,199.4931,200.07,198.64,199.495,22406
2026-04-07 15:55:00,199.585,200.4887,199.36,199.77,23381
2026-04-07 16:00:00,199.77,201.39,199.76,200.45,7649
2026-04-07 16:05:00,201.28,202.06,201.28,201.41,2258
2026-04-07 16:10:00,202.7725,202.7725,202.7725,202.7725,100
2026-04-07 16:20:00,202.605,202.605,202.605,202.605,150
2026-04-07 16:30:00,201.4,201.4,201.4,201.4,150
2026-04-07 16:40:00,201.94,202,201.94,202,300
2026-04-07 16:45:00,202.04,202.04,202.04,202.04,250
2026-04-07 16:55:00,201.9421,201.9421,201.9421,201.9421,435
2026-04-07 17:00:00,201.25,201.25,201,201,1065
2026-04-07 17:05:00,200.66,200.66,200,200.5,2663
2026-04-07 17:10:00,201.99,201.99,201.99,201.99,164
2026-04-07 17:15:00,202,202,202,202,150
2026-04-07 17:30:00,201.88,202.26,201.88,202.26,908
2026-04-07 17:40:00,201.99,201.99,201.99,201.99,100
2026-04-07 17:55:00,201.56,201.56,201.56,201.56,100
2026-04-07 18:00:00,202.1,202.8,202.1,202.8,300
2026-04-07 18:05:00,205.49,205.61,205.49,205.61,203
2026-04-07 18:10:00,206.68,206.68,206.68,206.68,488
2026-04-07 18:15:00,207.8071,207.8071,207.8071,207.8071,500
2026-04-07 18:20:00,204.1,205.4869,204.1,205.4869,800
2026-04-07 18:30:00,204.4,204.4,204.4,204.4,100
2026-04-07 18:35:00,206.9,210,206.9,210,1612
2026-04-07 18:40:00,211.8752,214.873,211.8752,213.84,4652
2026-04-07 18:45:00,214.01,214.94,212.61,212.61,2052
2026-04-07 18:50:00,210.39,214,210.39,213,1180
2026-04-07 18:55:00,214,218.5,213,218.5,6419
2026-04-07 19:00:00,219.95,225,219.9025,224.776,6163
2026-04-07 19:05:00,223.54,224,219.76,220.8,2595
2026-04-07 19:10:00,219.98,220,219.98,220,635
2026-04-07 19:15:00,216.6659,216.6659,216,216,600
2026-04-07 19:20:00,218,221.94,218,220.35,2437
2026-04-07 19:25:00,221.9,221.9,220.5,220.5,950
2026-04-07 19:30:00,219,219.5,219,219.5,200
2026-04-07 19:35:00,218,218.6612,218,218.6612,200
2026-04-07 19:40:00,218.94,218.94,218.94,218.94,382
2026-04-07 19:45:00,218.5,218.5,217.5,218,1191
2026-04-07 19:50:00,218.7502,218.7502,218.66,218.66,200
2026-04-07 19:55:00,218.73,219,218.03,219,911
2026-04-07 20:00:00,218.99,218.99,218.9,218.9,378
2026-04-08 04:00:00,223.17,228,220.74,227.13,18469
2026-04-08 04:10:00,227.21,227.9,221.98,227.9,754
2026-04-08 05:05:00,226,226,226,226,399
2026-04-08 05:30:00,226.01,226.01,226.01,226.01,390
2026-04-08 05:40:00,226,226,224.05,224.05,218
2026-04-08 05:45:00,224.41,224.41,224.41,224.41,141
2026-04-08 06:05:00,225,225,224.5,224.5,890
2026-04-08 06:15:00,224.32,224.6,224,224,12718
2026-04-08 06:30:00,225.41,225.41,225.41,225.41,113
2026-04-08 06:45:00,226,226,226,226,118
2026-04-08 06:50:00,225.9,225.9,225.9,225.9,213
2026-04-08 07:00:00,226,226,223.7527,223.7527,3075
2026-04-08 07:05:00,225,225.02,224.95,225,1894
2026-04-08 07:10:00,225.51,225.81,225,225.81,4306
2026-04-08 07:15:00,225.28,225.75,224.58,224.58,625
2026-04-08 07:20:00,224.32,226.5,224.32,226.5,1190
2026-04-08 07:25:00,226.55,227.5,226.55,227.5,1300
2026-04-08 07:30:00,227,227,226.2575,226.2575,1100
2026-04-08 07:35:00,227.1245,227.1245,226.1909,226.25,700
2026-04-08 07:40:00,226.51,226.53,226.51,226.53,1300
2026-04-08 07:45:00,227,227.6099,226.6,227.6099,880
2026-04-08 07:50:00,227.79,228.18,227.61,227.61,667
2026-04-08 07:55:00,228.11,228.11,228.11,228.11,300
2026-04-08 08:00:00,228,228.4,228,228.4,4101
2026-04-08 08:05:00,228.69,228.73,228.4377,228.4377,330
2026-04-08 08:10:00,228.36,228.7,228.36,228.7,560
2026-04-08 08:15:00,228.52,229,228.51,228.75,1600
2026-04-08 08:20:00,226.5,226.5,226.5,226.5,100
2026-04-08 08:25:00,225.2912,226.5,225.2912,226.5,1040
2026-04-08 08:35:00,226.48,226.48,226.48,226.48,100
2026-04-08 08:40:00,226.5708,226.81,226.03,226.2101,5560
2026-04-08 08:45:00,226.26,226.6,226.14,226.14,1240
2026-04-08 08:50:00,226.1907,226.5268,226.1907,226.5268,1924
2026-04-08 08:55:00,225.7339,226,225.7339,225.99,1126
2026-04-08 09:00:00,226,226,226,226,100
2026-04-08 09:05:00,225.7491,226,225.7491,226,259
2026-04-08 09:10:00,225.77,225.77,225.28,225.5,438
2026-04-08 09:15:00,225.5,225.96,225.5,225.96,651
2026-04-08 09:20:00,225.26,225.281,225,225,12872
2026-04-08 09:25:00,225.72,225.72,225.53,225.53,900
2026-04-08 09:30:00,225.25,227.79,223.55,223.6,63276
2026-04-08 09:35:00,223.43,224.15,217.48,218.275,31382
2026-04-08 09:40:00,219.245,219.85,217.1,217.1,48241
2026-04-08 09:45:00,217.63,221.3699,217.0101,220.7004,28735
2026-04-08 09:50:00,220.35,220.35,216.5601,216.5601,26734
2026-04-08 09:55:00,217.01,218.75,216.67,217.64,30889
2026-04-08 10:00:00,218.14,219.49,217.75,219.125,16909
2026-04-08 10:05:00,219.09,220.18,217.55,219.58,12973
2026-04-08 10:10:00,218.77,219.9099,218.49,219.24,8448
2026-04-08 10:15:00,220,220.6,218.63,218.63,14685
2026-04-08 10:20:00,218.91,220.01,218.395,218.46,9668
2026-04-08 10:25:00,217.89,218.345,216.88,217.34,9517
2026-04-08 10:30:00,217.7924,217.7924,214.81,215.3,27605
2026-04-08 10:35:00,216,216.25,214.3201,215.445,21577
2026-04-08 10:40:00,215.92,216.545,214.29,214.47,12559
2026-04-08 10:45:00,214.47,214.98,212.97,213.35,17040
2026-04-08 10:50:00,212.8678,214,212.459,213.46,14952
2026-04-08 10:55:00,213.25,213.53,210.46,212.43,20017
2026-04-08 11:00:00,213,213.445,212.55,212.695,7373
2026-04-08 11:05:00,212.7,212.7,211.37,211.37,2500
2026-04-08 11:10:00,211,213.43,210.72,213,4979
2026-04-08 11:15:00,213.9,215.37,213.56,215.2241,10578
2026-04-08 11:20:00,215.23,215.23,214.52,215.0699,13529
2026-04-08 11:25:00,215.24,216.48,215.04,215.56,7885
2026-04-08 11:30:00,215.99,216.4399,215.76,216.4399,6413
2026-04-08 11:35:00,216.4,217.195,216.4,217.195,8879
2026-04-08 11:40:00,217.155,217.155,216.4,216.75,2827
2026-04-08 11:45:00,216.9,218.14,216.9,218.14,2225
2026-04-08 11:50:00,218,218.77,218,218.37,9954
2026-04-08 11:55:00,218.37,219,218.2,218.8274,1822
2026-04-08 12:00:00,218.86,219.335,218.76,219.07,1680
2026-04-08 12:05:00,218.95,219.2219,218.49,218.78,2822
2026-04-08 12:10:00,218.29,218.772,217.28,217.5,5066
2026-04-08 12:15:00,217.41,217.41,215.91,216.13,2919
2026-04-08 12:20:00,215.6,215.94,215.6,215.94,650
2026-04-08 12:25:00,215.78,216.09,215.42,215.42,1430
2026-04-08 12:30:00,215.11,216.16,215.01,216.16,1700
2026-04-08 12:35:00,216.11,216.82,215.85,216.315,2980
2026-04-08 12:40:00,216.74,217.33,216.56,217,8228
2026-04-08 12:45:00,217.26,217.99,217.26,217.8178,3741
2026-04-08 12:50:00,216.875,217.6,216.81,217.49,2320
2026-04-08 12:55:00,217,217.03,216.6,216.7101,1106
2026-04-08 13:00:00,217.005,217.385,217.005,217.0138,1800
2026-04-08 13:05:00,217.175,217.2,216.495,216.7,2844
2026-04-08 13:10:00,216.68,216.9818,216.5401,216.8,1700
2026-04-08 13:15:00,216.87,216.87,215.78,215.78,2089
2026-04-08 13:20:00,215.755,216.425,215.18,215.93,1684
2026-04-08 13:25:00,215.93,216.78,215.0601,215.8,3300
2026-04-08 13:30:00,216.25,216.73,214.97,214.98,2650
2026-04-08 13:35:00,215,215.445,214.71,215.005,1300
2026-04-08 13:40:00,215,215,214.03,214.9,1450
2026-04-08 13:45:00,214.8836,215.04,214.44,215.04,700
2026-04-08 13:50:00,215.695,215.715,215.35,215.715,520
2026-04-08 13:55:00,215.5,216.06,215.39,216.06,1906
2026-04-08 14:00:00,215.55,216.3,215.55,216.3,2518
2026-04-08 14:05:00,216.05,216.48,216.05,216.48,600
2026-04-08 14:10:00,216,216.02,215.7935,216.02,3600
2026-04-08 14:15:00,216.26,216.275,213.04,214.165,7781
2026-04-08 14:20:00,214.2234,214.9799,213.995,213.995,2000
2026-04-08 14:25:00,213.5,214.37,213.5,214.335,1290
2026-04-08 14:30:00,214.4085,214.4085,213.06,213.06,1719
2026-04-08 14:35:00,213.31,213.5,211.7,211.7,5032
2026-04-08 14:40:00,212.08,212.08,210.18,210.18,5900
2026-04-08 14:45:00,210.2921,210.8156,209.49,210,6034
2026-04-08 14:50:00,209.65,210.74,209.65,210.21,3509
2026-04-08 14:55:00,210,210,208,208.8062,17012
2026-04-08 15:00:00,208.357,208.55,207.03,207.03,5351
2026-04-08 15:05:00,207.1791,209.72,207.1791,209.5495,6644
2026-04-08 15:10:00,209.935,211.2,209.935,211.18,7111
2026-04-08 15:15:00,211.18,211.24,210.27,210.56,2888
2026-04-08 15:20:00,210.49,210.5051,210.49,210.5051,240
2026-04-08 15:25:00,211.03,211.03,210.71,210.76,500
2026-04-08 15:30:00,210.895,212.25,210.895,211.71,13846
2026-04-08 15:35:00,211.965,212.832,211.3525,211.735,6048
2026-04-08 15:40:00,211.75,211.75,210.835,211.63,5224
2026-04-08 15:45:00,211.63,212.5,211.63,212.5,3140
2026-04-08 15:50:00,212.5,213.87,212.4225,213.87,4506
2026-04-08 15:55:00,213.0101,214.6,213.0101,213.98,19353
2026-04-08 16:00:00,213.66,214.65,213.66,214.05,1510
2026-04-08 16:25:00,213.6731,213.6731,213.6731,213.6731,120
2026-04-08 16:45:00,214.83,214.83,214.64,214.64,700
2026-04-08 16:55:00,214.4382,214.4382,214.4382,214.4382,100
2026-04-08 17:00:00,215.43,215.43,215.36,215.43,900
2026-04-08 17:05:00,215.99,216,215.51,216,1024
2026-04-08 17:15:00,215.9089,215.9089,215.9089,215.9089,360
2026-04-08 18:00:00,215.32,215.32,215.32,215.32,199
2026-04-08 18:20:00,214,214,214,214,100
2026-04-08 18:35:00,214.7541,214.7541,214.7541,214.7541,100
2026-04-08 18:40:00,213.75,213.75,213.5753,213.5753,200
2026-04-08 19:05:00,213.45,213.45,213.45,213.45,220
2026-04-08 19:20:00,212.5,212.6859,212.5,212.6859,650
2026-04-08 19:30:00,212.576,212.576,212.576,212.576,175
2026-04-08 19:55:00,212.89,212.89,212.89,212.89,100
2026-04-09 04:00:00,212.5,212.61,212.5,212.61,212
2026-04-09 04:05:00,211.01,211.01,211.01,211.01,175
2026-04-09 04:20:00,211,211,211,211,111
2026-04-09 06:05:00,212.25,212.25,212.25,212.25,314
2026-04-09 06:10:00,212.56,212.56,212.56,212.56,200
2026-04-09 06:20:00,212.9,212.9,212.9,212.9,140
2026-04-09 07:00:00,214,214,214,214,3305
2026-04-09 07:05:00,213.5,213.5,213.5,213.5,250
2026-04-09 07:25:00,214.4452,214.4452,214.4452,214.4452,150
2026-04-09 07:45:00,216.02,216.02,216.02,216.02,100
2026-04-09 07:50:00,215.75,215.78,215.75,215.75,345
2026-04-09 08:05:00,215.5,215.5,215.5,215.5,200
2026-04-09 08:15:00,214.53,214.53,214.5,214.5,205
2026-04-09 08:40:00,213.5542,214.03,213.5542,214,7158
2026-04-09 09:15:00,215,215,215,215,380
2026-04-09 09:25:00,215.2,216,214.83,214.83,455
2026-04-09 09:30:00,215.03,219.2,214.65,219.2,19258
2026-04-09 09:35:00,219.27,221.8939,219.27,221.62,13974
2026-04-09 09:40:00,221.43,221.43,219.5444,219.69,7165
2026-04-09 09:45:00,219.13,219.2254,217.53,218.08,5968
2026-04-09 09:50:00,217.5,217.5775,214.56,214.73,43520
2026-04-09 09:55:00,214.62,216.045,214.465,215.28,18551
2026-04-09 10:00:00,215.801,216.35,214.89,216,7046
2026-04-09 10:05:00,216.19,216.1999,213.54,213.68,26096
2026-04-09 10:10:00,213.865,214.405,213.12,213.71,27962
2026-04-09 10:15:00,213.95,213.95,210.9,211,8753
2026-04-09 10:20:00,211.82,212.24,211.46,212.24,3258
2026-04-09 10:25:00,212.445,212.635,211.93,211.98,4515
2026-04-09 10:30:00,212.58,212.86,209.68,210,8494
2026-04-09 10:35:00,209.99,211,209.49,211,1825
2026-04-09 10:40:00,210.365,210.365,209.3,209.3,3379
2026-04-09 10:45:00,209.79,211.42,209.79,211.2137,4100
2026-04-09 10:50:00,211.375,212.49,211.375,211.8,7287
2026-04-09 10:55:00,212,212.24,211.3001,212.24,3285
2026-04-09 11:00:00,212.24,212.39,210,210,6335
2026-04-09 11:05:00,210.42,210.42,209.4101,209.885,1255
2026-04-09 11:10:00,209.835,211.1826,209.835,211.1826,1100
2026-04-09 11:15:00,211.75,213.9,211.5,213.515,17577
2026-04-09 11:20:00,213.6188,214.91,213.25,214.79,27879
2026-04-09 11:25:00,214.38,214.5,213.05,213.05,19395
2026-04-09 11:30:00,213.5,215.5,213.5,215,2465
2026-04-09 11:35:00,215.36,216.51,214.495,215.1635,10518
2026-04-09 11:40:00,214.75,216.12,214.75,215.4,3682
2026-04-09 11:45:00,215,216.67,214.655,215.815,3710
2026-04-09 11:50:00,215.525,215.775,214.27,215.04,1613
2026-04-09 11:55:00,215.05,215.05,215,215,300
2026-04-09 12:00:00,215.655,216.5,215.655,216.425,1275
2026-04-09 12:05:00,215.56,216.67,215.56,215.74,2899
2026-04-09 12:10:00,215.33,215.33,215,215,904
2026-04-09 12:15:00,215.805,216.05,215.495,215.9,1996
2026-04-09 12:20:00,215.9,215.9571,215.21,215.5,6428
2026-04-09 12:25:00,215.5592,216.231,215.5592,215.881,2002
2026-04-09 12:30:00,216.1063,216.1063,216.1063,216.1063,100
2026-04-09 12:35:00,216.2,216.5,216.2,216.2876,3782
2026-04-09 12:40:00,215.5,215.6301,215.2701,215.29,2182
2026-04-09 12:45:00,215.63,215.63,214.57,215.015,2062
2026-04-09 12:50:00,215.505,215.85,215.505,215.85,300
2026-04-09 12:55:00,215.71,216.245,215.71,216.245,200
2026-04-09 13:00:00,216.3549,216.3549,215.75,216,1119
2026-04-09 13:05:00,216,217.3699,216,217.3699,2765
2026-04-09 13:10:00,217.1649,217.1649,217.14,217.15,738
2026-04-09 13:15:00,217.4999,217.5,217.0347,217.5,2795
2026-04-09 13:20:00,217.25,217.25,216.87,217.1134,1480
2026-04-09 13:25:00,216.78,217,216.78,217,1532
2026-04-09 13:30:00,217.25,217.37,216.77,216.81,1170
2026-04-09 13:35:00,217.5,219,217.2501,219,17670
2026-04-09 13:40:00,218.59,218.99,218.2901,218.2901,1695
2026-04-09 13:45:00,218.5374,219.3,218.5374,218.8,6706
2026-04-09 13:50:00,218.76,218.76,218.74,218.74,450
2026-04-09 13:55:00,218.3,218.32,217.4305,218.32,13169
2026-04-09 14:00:00,218.065,218.065,215.5201,215.5201,10394
2026-04-09 14:05:00,216.6152,217.35,216,216,9013
2026-04-09 14:10:00,215.32,215.32,215,215.02,911
2026-04-09 14:15:00,215,216,215,215.461,10234
2026-04-09 14:20:00,215.435,215.435,215.03,215.03,300
2026-04-09 14:25:00,214.77,214.88,214.5201,214.5201,550
2026-04-09 14:30:00,214.4,214.47,214.36,214.47,1200
2026-04-09 14:35:00,214.56,215.355,214.56,215.355,860
2026-04-09 14:40:00,215.74,215.74,214.97,215,1607
2026-04-09 14:45:00,215,215.45,214.87,215.45,1469
2026-04-09 14:50:00,215.3,215.5253,214.99,214.99,700
2026-04-09 14:55:00,215.365,215.365,215,215,668
2026-04-09 15:00:00,216,216.21,215.95,215.95,2198
2026-04-09 15:05:00,216.1443,216.95,216,216.95,1428
2026-04-09 15:15:00,216.91,217.205,216.58,216.58,927
2026-04-09 15:20:00,216.68,216.68,216.58,216.58,517
2026-04-09 15:25:00,217,217,216.59,216.59,3204
2026-04-09 15:30:00,217,217.25,216.435,216.435,7735
2026-04-09 15:35:00,216.63,216.63,216.63,216.63,1997
2026-04-09 15:40:00,216.315,216.9899,216.27,216.495,1539
2026-04-09 15:45:00,215.88,215.99,215.15,215.7,3558
2026-04-09 15:50:00,215.8,216.495,215.8,216.495,2411
2026-04-09 15:55:00,216.13,216.345,215,215.3,13176
2026-04-09 16:00:00,215.07,215.07,215,215,7437
2026-04-09 16:05:00,214.5,214.5,214.5,214.5,107
2026-04-09 16:10:00,214.5,214.5,214.4,214.4,653
2026-04-09 16:15:00,214.3,214.36,214.3,214.36,1300
2026-04-09 16:40:00,213.06,213.75,212.31,212.91,4115
2026-04-09 16:45:00,213.91,213.91,213.91,213.91,100
2026-04-09 17:35:00,214.5,214.5,214.5,214.5,100
2026-04-09 18:20:00,214.05,214.241,214.04,214.04,740
2026-04-09 19:35:00,214.11,214.11,214.11,214.11,162
2026-04-09 19:50:00,214.85,214.85,214.85,214.85,293
2026-04-10 04:05:00,214.19,214.19,214.19,214.19,180
2026-04-10 04:50:00,211.07,211.07,211,211,2854
2026-04-10 05:10:00,211.07,211.07,211.07,211.07,100
2026-04-10 05:15:00,213.41,213.41,213.41,213.41,100
2026-04-10 06:15:00,210.45,210.45,210.45,210.45,100
2026-04-10 06:50:00,214.45,214.49,214.45,214.49,400
2026-04-10 07:00:00,214.48,214.48,214.48,214.48,100
2026-04-10 07:15:00,214.4,214.4,214.4,214.4,112
2026-04-10 07:25:00,215.4573,215.5,215.4573,215.5,7400
2026-04-10 07:30:00,215,215,215,215,100
2026-04-10 07:45:00,215.7546,215.7546,215.7546,215.7546,100
2026-04-10 07:55:00,215.4,215.4,215.4,215.4,100
2026-04-10 08:00:00,215.75,215.75,215.75,215.75,275
2026-04-10 08:05:00,215.5,215.5,215.5,215.5,100
2026-04-10 08:15:00,215.5,215.5,215.5,215.5,305
2026-04-10 08:20:00,215.59,216,215.59,216,207
2026-04-10 08:30:00,215.98,217.77,215.98,217.77,595
2026-04-10 08:40:00,217.66,217.66,217.66,217.66,200
2026-04-10 08:45:00,216.42,216.42,216.42,216.42,100
2026-04-10 08:55:00,217.53,217.53,216.28,217.3514,1943
2026-04-10 09:05:00,217.58,217.58,217.58,217.58,300
2026-04-10 09:10:00,216.82,216.82,216.82,216.82,121
2026-04-10 09:15:00,216.68,216.68,216.5,216.5,200
2026-04-10 09:20:00,217,217.65,217,217,3184
2026-04-10 09:30:00,217.36,223,217.36,220.45,20210
2026-04-10 09:35:00,219.6,222,218.76,219.75,7131
2026-04-10 09:40:00,220.44,220.57,218.58,218.955,5497
2026-04-10 09:45:00,219.375,219.375,217.12,217.9,8373
2026-04-10 09:50:00,218.31,220.55,218.31,220.13,2690
2026-04-10 09:55:00,220.59,221,219.775,220.28,3079
2026-04-10 10:00:00,220.65,221.185,220.205,220.6805,2827
2026-04-10 10:05:00,220.89,220.89,219.77,219.9218,740
2026-04-10 10:10:00,219.49,219.49,217.5,218.5,3702
2026-04-10 10:15:00,219.46,220.57,219.46,220.55,3709
2026-04-10 10:20:00,220.7,221,219.82,220.9,2322
2026-04-10 10:25:00,220.76,221.11,219.96,220.815,3337
2026-04-10 10:30:00,220.991,221.22,220.65,220.73,3593
2026-04-10 10:35:00,221.23,221.23,220.7012,221,2277
2026-04-10 10:40:00,220.99,220.99,219,219,3094
2026-04-10 10:45:00,218.17,219.4199,218,218,5227
2026-04-10 10:50:00,217.62,219.14,217.51,218.58,12907
2026-04-10 10:55:00,217.5,218.925,217.129,218.5,3200
2026-04-10 11:00:00,218.15,218.42,217.5,217.81,2062
2026-04-10 11:05:00,217.1446,219.41,217.1446,219.36,1495
2026-04-10 11:10:00,219.6,221,219.6,220.6101,2096
2026-04-10 11:15:00,221,221.3,220.815,221.3,2111
2026-04-10 11:20:00,221.45,222.28,221.1,222.28,4505
2026-04-10 11:25:00,222.01,222.2,221.2,221.4072,5405
2026-04-10 11:30:00,221.5,221.5,221.4,221.4,200
2026-04-10 11:35:00,221.24,221.24,219.529,219.69,4420
2026-04-10 11:40:00,219.2554,219.42,218.6,218.935,1200
2026-04-10 11:45:00,218.9199,218.9199,218.672,218.672,557
2026-04-10 11:50:00,219.4174,219.4174,218.865,218.865,2825
2026-04-10 11:55:00,218.5,218.79,218.041,218.37,2070
2026-04-10 12:00:00,217.46,217.565,216.88,217.565,1812
2026-04-10 12:05:00,217.6,217.6,216.85,216.85,1100
2026-04-10 12:10:00,217.27,218.34,217.27,218.34,420
2026-04-10 12:15:00,218.661,219.2304,218.6389,218.6389,3300
2026-04-10 12:20:00,218.23,218.36,218.23,218.36,2751
2026-04-10 12:25:00,218.45,218.45,218.01,218.0301,4650
2026-04-10 12:30:00,218.435,218.435,218.435,218.435,1110
2026-04-10 12:35:00,217.8501,218.51,217.8501,218.51,1111
2026-04-10 12:40:00,218.4777,218.4777,218.4777,218.4777,100
2026-04-10 12:45:00,218.59,219,218.59,219,700
2026-04-10 12:50:00,219.6968,219.751,219,219.751,691
2026-04-10 12:55:00,220,220,219.6695,219.6695,1000
2026-04-10 13:00:00,219.39,219.39,219.07,219.2434,3208
2026-04-10 13:05:00,219.29,219.45,219.22,219.23,509
2026-04-10 13:10:00,219.01,219.01,219.01,219.01,200
2026-04-10 13:15:00,218.75,218.93,218.71,218.71,500
2026-04-10 13:20:00,218.8,219.005,218.74,218.8,2200
2026-04-10 13:25:00,218.855,218.855,218.7,218.7,489
2026-04-10 13:30:00,218.555,219.18,218.555,218.98,1735
2026-04-10 13:40:00,219.5,219.5,219.345,219.5,3815
2026-04-10 13:45:00,219.5,219.5,219.22,219.22,300
2026-04-10 13:50:00,219.05,219.05,219.04,219.045,320
2026-04-10 13:55:00,219,219,218.84,219,865
2026-04-10 14:00:00,218.75,218.75,218.75,218.75,100
2026-04-10 14:05:00,218.01,218.5578,217.82,218.5578,4032
2026-04-10 14:10:00,218.76,218.95,218.76,218.9,300
2026-04-10 14:15:00,219.0764,219.6607,219.0764,219.6607,948
2026-04-10 14:20:00,219.85,220,218.92,218.92,460
2026-04-10 14:25:00,219.67,219.67,219.67,219.67,100
2026-04-10 14:30:00,219.89,220.5,219.84,220.5,2170
2026-04-10 14:35:00,219.895,220,219.895,220,491
2026-04-10 14:40:00,219.95,219.95,219.01,219.01,700
2026-04-10 14:45:00,219.12,219.12,218.61,218.61,200
2026-04-10 14:50:00,219.13,219.13,219.13,219.13,100
2026-04-10 14:55:00,219.13,219.14,218.8954,218.8954,1000
2026-04-10 15:00:00,219.01,219.01,218.69,218.69,397
2026-04-10 15:05:00,219,219.14,218.4,218.4,767
2026-04-10 15:10:00,218.76,218.76,218.76,218.76,120
2026-04-10 15:15:00,218.8468,219.51,218.8468,219.51,300
2026-04-10 15:25:00,219.5,219.59,218.91,218.91,2341
2026-04-10 15:30:00,218.9,218.9,218.6,218.6,1193
2026-04-10 15:35:00,218.3692,218.3692,217.6,217.6,1113
2026-04-10 15:40:00,217.6,217.6,217.17,217.4,1171
2026-04-10 15:45:00,217.7344,218.22,217.7344,217.9849,889
2026-04-10 15:50:00,217.98,217.98,217,217.41,1452
2026-04-10 15:55:00,217.4545,219.75,217.4101,219.0701,6732
2026-04-10 16:00:00,219.27,219.27,219.14,219.14,594
2026-04-10 16:10:00,218.56,218.77,218.56,218.77,300
2026-04-10 16:15:00,218.61,218.61,218.6,218.6,200
2026-04-10 16:25:00,218,218,218,218,460
2026-04-10 16:40:00,217.75,217.75,217.75,217.75,225
2026-04-10 17:05:00,218,218,218,218,100
2026-04-10 17:30:00,218.51,218.51,218.51,218.51,100
2026-04-10 18:40:00,218,218,218,218,300
2026-04-10 19:15:00,218.1986,218.2,218.1,218.2,4050
2026-04-10 19:35:00,218.4,218.4,218.4,218.4,149
2026-04-10 19:45:00,217.71,217.71,217.5,217.5,300
2026-04-10 19:50:00,218.44,218.44,218.44,218.44,100
2026-04-13 04:00:00,212.52,212.52,211,212.47,691
2026-04-13 04:30:00,213.01,213.01,213.01,213.01,350
2026-04-13 05:10:00,212.2,212.2,212.2,212.2,100
2026-04-13 05:40:00,211.6,211.6,211.6,211.6,600
2026-04-13 05:55:00,211.33,211.33,211.17,211.17,205
2026-04-13 07:00:00,212.7,212.7,212.7,212.7,135
2026-04-13 07:05:00,213.01,213.5,213.01,213.5,200
2026-04-13 07:10:00,213.56,213.56,212.59,212.59,1397
2026-04-13 07:15:00,213.37,213.37,212.62,212.62,1400
2026-04-13 07:25:00,212.04,212.04,211.89,211.94,2340
2026-04-13 07:30:00,211.83,211.83,211.57,211.57,9062
2026-04-13 07:35:00,211.77,211.77,211,211,700
2026-04-13 07:40:00,211.11,211.11,210.54,210.54,9914
2026-04-13 07:50:00,210.4229,210.4229,210.4229,210.4229,140
2026-04-13 08:00:00,210.2,211.65,210.11,211.65,5909
2026-04-13 08:05:00,211,211.5,211,211.5,464
2026-04-13 08:15:00,211.23,211.23,211.23,211.23,800
2026-04-13 08:20:00,211.25,211.25,211.25,211.25,300
2026-04-13 08:35:00,211.59,211.59,211.25,211.25,284
2026-04-13 08:45:00,212,212,212,212,100
2026-04-13 08:50:00,212,212,212,212,125
2026-04-13 08:55:00,212.37,212.37,212.37,212.37,100
2026-04-13 09:00:00,212.46,212.5,212.4107,212.5,350
2026-04-13 09:05:00,212.94,212.94,212.94,212.94,100
2026-04-13 09:10:00,212.97,213,212.97,213,302
2026-04-13 09:20:00,212.96,212.96,212.93,212.93,400
2026-04-13 09:25:00,213,213,213,213,2420
2026-04-13 09:30:00,213.5,216.25,212.71,215,13495
2026-04-13 09:35:00,215.15,216.7,215.12,215.36,3964
2026-04-13 09:40:00,215.06,216.84,214.35,215.6,23500
2026-04-13 09:45:00,215,215.1882,213.21,215.02,10794
2026-04-13 09:50:00,215.72,215.82,213.51,214.76,4230
2026-04-13 09:55:00,214.01,215.76,214,215.76,750
2026-04-13 10:00:00,216.44,216.95,214,214.5873,15124
2026-04-13 10:05:00,214.631,214.631,213.78,213.79,1407
2026-04-13 10:10:00,214,214.36,214,214.17,1600
2026-04-13 10:15:00,214.25,214.89,214.25,214.89,350
2026-04-13 10:20:00,216.44,216.5,214.75,215.12,1540
2026-04-13 10:25:00,214.25,214.25,213.2275,214.115,12636
2026-04-13 10:30:00,213.21,214.7,213.21,214.7,620
2026-04-13 10:35:00,214.6301,215.76,214.6301,215.69,1304
2026-04-13 10:40:00,215.8777,216.68,215.71,216.68,1800
2026-04-13 10:45:00,216.554,217,215.9999,215.9999,1508
2026-04-13 10:50:00,214.2925,214.52,213.74,213.88,2184
2026-04-13 10:55:00,213.5,213.5,213,213.26,5411
2026-04-13 11:00:00,213,213.5299,212,212.065,6645
2026-04-13 11:05:00,211.34,212.4693,210.6841,211.75,11600
2026-04-13 11:10:00,211.5,213,211.15,212.63,3600
2026-04-13 11:15:00,212.39,212.63,210.7,210.7,4674
2026-04-13 11:20:00,210.79,211.12,210.73,210.73,400
2026-04-13 11:25:00,212.51,212.52,211.24,211.68,2922
2026-04-13 11:30:00,211.6699,211.6699,211.181,211.58,650
2026-04-13 11:35:00,211.91,213.05,211.6,212.625,2246
2026-04-13 11:40:00,212.7,212.7701,212,212,1778
2026-04-13 11:45:00,211.715,212.6,211.715,212.6,800
2026-04-13 11:50:00,212.06,213.39,212.06,213.32,999
2026-04-13 11:55:00,213.28,213.9899,213.09,213.9899,1402
2026-04-13 12:00:00,213.575,213.6,212.7,212.7,2520
2026-04-13 12:05:00,213.15,214.525,213.15,214.51,2730
2026-04-13 12:10:00,214.9151,215,214.405,214.455,2291
2026-04-13 12:15:00,213.9439,214.2,213.9439,214,875
2026-04-13 12:20:00,214.29,214.84,214,214.72,1924
2026-04-13 12:25:00,215,215.1201,215,215.1201,908
2026-04-13 12:30:00,215.32,216.52,215.32,216.52,3906
2026-04-13 12:35:00,217,217.185,216.755,216.755,2270
2026-04-13 12:40:00,216.92,216.92,216.54,216.88,800
2026-04-13 12:45:00,217.4,217.77,217.17,217.17,1584
2026-04-13 12:50:00,217.9,218,217.0351,217.0351,2000
2026-04-13 12:55:00,217.52,217.9099,217.23,217.23,776
2026-04-13 13:00:00,218,218.2199,217.745,217.745,3706
2026-04-13 13:05:00,217.47,217.755,217.171,217.22,2443
2026-04-13 13:10:00,217.22,217.5,217.12,217.5,975
2026-04-13 13:15:00,217.75,218,217.75,218,300
2026-04-13 13:20:00,218.165,218.44,218.04,218.44,500
2026-04-13 13:25:00,218.415,218.55,218.415,218.475,8190
2026-04-13 13:30:00,218.72,218.72,218.72,218.72,300
2026-04-13 13:35:00,218.18,218.69,218.18,218.69,795
2026-04-13 13:40:00,217.93,218.085,217.93,218,540
2026-04-13 13:45:00,218.03,218.105,217.84,218.105,400
2026-04-13 13:50:00,217.87,217.87,217,217.04,2135
2026-04-13 13:55:00,217.19,217.4,217.19,217.4,1078
2026-04-13 14:00:00,217,217,217,217,200
2026-04-13 14:05:00,217.5,217.5,216.96,216.96,200
2026-04-13 14:10:00,217.2,217.2,217,217,1000
2026-04-13 14:15:00,216.95,216.95,216.409,216.615,1407
2026-04-13 14:20:00,216.66,216.66,216.33,216.33,630
2026-04-13 14:25:00,216.04,216.1301,215.67,215.67,3200
2026-04-13 14:35:00,217.5,217.95,217.5,217.95,400
2026-04-13 14:40:00,217.01,217.45,217.01,217.45,600
2026-04-13 14:45:00,217.55,218.1,217.55,218.1,1760
2026-04-13 14:50:00,217.73,218.155,217.64,217.86,925
2026-04-13 14:55:00,217.46,217.46,217.46,217.46,300
2026-04-13 15:00:00,217.495,217.495,217.15,217.15,200
2026-04-13 15:05:00,216.561,216.925,216.24,216.925,15478
2026-04-13 15:10:00,216.66,216.66,216.5,216.5,299
2026-04-13 15:15:00,216.545,216.745,216.545,216.745,225
2026-04-13 15:20:00,217.96,217.96,217.96,217.96,100
2026-04-13 15:25:00,217.895,218.11,217.77,217.77,525
2026-04-13 15:30:00,218.35,218.35,217.92,217.92,200
2026-04-13 15:35:00,217.54,217.88,217.07,217.42,900
2026-04-13 15:40:00,217.49,217.84,217.3236,217.815,1282
2026-04-13 15:45:00,217.64,217.81,217.28,217.69,3368
2026-04-13 15:50:00,217.71,218.315,217.71,218.3,3347
2026-04-13 15:55:00,217.71,217.9401,216.812,216.9474,2287
2026-04-13 16:00:00,217.33,217.5,217.07,217.5,3336
2026-04-13 16:20:00,217.5,217.5,217.5,217.5,139
2026-04-13 16:25:00,218,218,217.7,217.7,564
2026-04-13 16:35:00,217,217,217,217,100
2026-04-13 16:40:00,218.09,218.09,218.09,218.09,132
2026-04-13 17:10:00,218,218,218,218,100
2026-04-13 17:40:00,218.1941,218.25,218.1941,218.25,1500
2026-04-13 17:50:00,218,218.25,218,218.25,214
2026-04-13 18:05:00,218.0754,218.0754,218.0754,218.0754,102
2026-04-13 18:20:00,218.19,218.19,218.19,218.19,100
2026-04-13 18:45:00,218.18,218.18,218.18,218.18,100
2026-04-13 18:55:00,218.229,218.229,218.229,218.229,100
2026-04-13 19:00:00,218.25,218.25,218.25,218.25,191
2026-04-13 19:40:00,218.25,218.25,218.25,218.25,500
2026-04-13 19:50:00,217.96,217.96,217.93,217.96,300
2026-04-14 04:00:00,218.88,221.43,218.88,221.43,1753
2026-04-14 04:30:00,223,223,223,223,100
2026-04-14 06:30:00,221.87,221.91,221.87,221.91,465
2026-04-14 07:00:00,222.5,222.5,222.5,222.5,100
2026-04-14 07:05:00,221.46,222,221.46,222,450
2026-04-14 07:10:00,221.5,221.5,221.5,221.5,101
2026-04-14 07:20:00,222,222,222,222,492
2026-04-14 07:25:00,222,222,222,222,100
2026-04-14 07:30:00,222,222,221.8,221.8,400
2026-04-14 07:35:00,221.94,221.94,221.94,221.94,150
2026-04-14 07:45:00,221.96,221.96,221.96,221.96,400
2026-04-14 07:50:00,221.8,221.8,221.8,221.8,100
2026-04-14 07:55:00,222.5,222.8,222.5,222.8,250
2026-04-14 08:05:00,222.5708,222.5708,222.5708,222.5708,150
2026-04-14 08:20:00,220.62,220.62,220.62,220.62,200
2026-04-14 08:50:00,221.16,221.6432,221.16,221.6432,1276
2026-04-14 08:55:00,221,221.62,221,221.62,711
2026-04-14 09:05:00,222.2083,222.2083,222.2083,222.2083,100
2026-04-14 09:20:00,222.9059,222.9059,222.9059,222.9059,275
2026-04-14 09:25:00,223,223,222.7,222.7,2884
2026-04-14 09:30:00,222.76,224.38,220,223.905,26632
2026-04-14 09:35:00,224.5,227.672,223.9775,226.045,26635
2026-04-14 09:40:00,225.79,227,223.9,226.9899,8172
2026-04-14 09:45:00,226.62,228.14,226.25,227.3198,12529
2026-04-14 09:50:00,227,228,226.145,227.7,4727
2026-04-14 09:55:00,227.95,228.4359,227.02,227.51,5014
2026-04-14 10:00:00,227.16,228.88,226.61,226.61,1478
2026-04-14 10:05:00,227.4,228.3799,227.01,228.3,2275
2026-04-14 10:10:00,228.71,229,228.01,228.345,3626
2026-04-14 10:15:00,228.21,228.66,227.39,227.7,3449
2026-04-14 10:20:00,227.74,227.75,226.7,226.81,1964
2026-04-14 10:25:00,226.65,226.65,225.62,225.6721,2932
2026-04-14 10:30:00,226.7999,226.7999,225.5,225.65,2059
2026-04-14 10:35:00,225.24,226.26,225,225.015,3196
2026-04-14 10:40:00,224,224.47,223.9344,224.27,2897
2026-04-14 10:45:00,224.84,224.9899,224.02,224.9899,4850
2026-04-14 10:50:00,224.2317,224.2317,223.65,223.93,5127
2026-04-14 10:55:00,224.25,224.33,222.9,223,16889
2026-04-14 11:00:00,223.07,223.31,222.5,222.5,2664
2026-04-14 11:05:00,222,222.34,221.14,221.725,3240
2026-04-14 11:10:00,221.69,223.5,221.69,222.95,4591
2026-04-14 11:15:00,223.045,224,223.045,224,4988
2026-04-14 11:20:00,224.05,224.57,224,224.5,2706
2026-04-14 11:25:00,224.42,225.4999,224.302,225.14,4878
2026-04-14 11:30:00,225.21,225.73,225.03,225.03,1512
2026-04-14 11:35:00,225.5,225.9899,225.5,225.5,1238
2026-04-14 11:40:00,225,225.4599,224.82,224.82,1902
2026-04-14 11:45:00,224.435,224.435,223.58,223.6693,700
2026-04-14 11:50:00,224.15,224.84,224.15,224.54,1700
2026-04-14 11:55:00,224.4,224.4,223.76,223.78,500
2026-04-14 12:00:00,223.5,224.575,223.5,224.1501,4102
2026-04-14 12:05:00,224.585,224.74,224.57,224.74,900
2026-04-14 12:10:00,224.64,224.64,224.3425,224.355,1492
2026-04-14 12:15:00,224.375,224.375,223.6,224.26,1588
2026-04-14 12:20:00,224.48,224.5,223.98,224.47,2749
2026-04-14 12:25:00,224.89,225.41,224.7,225.2,1459
2026-04-14 12:30:00,225.5399,225.5399,224.61,224.68,938
2026-04-14 12:35:00,224.41,224.46,224,224,976
2026-04-14 12:40:00,224.36,224.36,224.205,224.205,278
2026-04-14 12:45:00,223.915,223.915,223.2401,223.62,1600
2026-04-14 12:50:00,223.63,223.96,223.41,223.41,600
2026-04-14 12:55:00,223.2,223.2,222.83,222.9,6737
2026-04-14 13:00:00,223.2,223.645,223.1,223.645,1242
2026-04-14 13:05:00,224,224.4,224,224.4,697
2026-04-14 13:10:00,224.97,224.97,224.435,224.435,1200
2026-04-14 13:15:00,224.35,224.65,224,224,800
2026-04-14 13:20:00,225.49,225.5699,225.49,225.5699,600
2026-04-14 13:25:00,225.305,225.321,224.71,224.71,856
2026-04-14 13:30:00,224.635,224.94,224.635,224.86,1250
2026-04-14 13:35:00,224.46,224.92,224.46,224.92,652
2026-04-14 13:40:00,224.81,224.81,224.5249,224.72,561
2026-04-14 13:45:00,224.43,224.43,224.37,224.37,550
2026-04-14 13:50:00,223.9073,224.075,223.9073,224.075,636
2026-04-14 13:55:00,223.9001,223.975,223.39,223.975,6662
2026-04-14 14:00:00,224.005,224.005,224.005,224.005,100
2026-04-14 14:05:00,224.119,225,224.119,225,1000
2026-04-14 14:10:00,224.3801,225.08,224.3801,225.08,588
2026-04-14 14:15:00,224.62,224.62,224.08,224.34,600
2026-04-14 14:20:00,224.12,224.12,223.24,223.24,2015
2026-04-14 14:30:00,223.56,223.61,223.4,223.53,1909
2026-04-14 14:35:00,223.12,223.45,223.12,223.25,1309
2026-04-14 14:40:00,223.48,223.48,222.93,222.93,600
2026-04-14 14:45:00,223.02,223.02,223.02,223.02,200
2026-04-14 14:50:00,222.5,223.33,222.5,223.33,550
2026-04-14 14:55:00,223.9999,223.9999,223.575,223.79,675
2026-04-14 15:00:00,224,224.865,224,224.865,725
2026-04-14 15:05:00,224.96,225.22,224.88,225.22,1520
2026-04-14 15:10:00,225.25,225.37,225,225,800
2026-04-14 15:15:00,224.6,224.6,223.5401,224.2042,3283
2026-04-14 15:20:00,224.14,224.2,223.82,223.9,900
2026-04-14 15:25:00,223.91,223.91,223.66,223.82,300
2026-04-14 15:30:00,223.84,223.84,223.84,223.84,100
2026-04-14 15:35:00,223.95,224.35,223.84,224.35,505
2026-04-14 15:40:00,224.068,224.068,223.77,224,883
2026-04-14 15:50:00,224.84,224.85,223.79,223.79,1726
2026-04-14 15:55:00,223.38,225.9,223.38,225.19,5783
2026-04-14 16:00:00,225.04,225.04,225.04,225.04,1681
2026-04-14 16:05:00,224.59,224.59,224.59,224.59,792
2026-04-14 17:35:00,224.85,224.85,224.85,224.85,100
2026-04-14 17:40:00,224.6,224.6,224.48,224.6,400
2026-04-14 17:45:00,224.84,224.85,224.77,224.77,499
2026-04-14 17:50:00,224.85,224.85,224.8499,224.85,557
2026-04-14 18:00:00,225.04,225.04,225.04,225.04,100
2026-04-14 18:20:00,225.47,225.47,225.47,225.47,100
2026-04-14 18:30:00,223.8053,223.8053,223.8053,223.8053,100
2026-04-14 18:50:00,224.36,224.36,224.36,224.36,100
2026-04-14 19:00:00,225.39,225.39,225.39,225.39,200
2026-04-14 19:30:00,224.84,224.84,224.84,224.84,100
2026-04-14 19:35:00,224.65,224.65,224.65,224.65,400
2026-04-14 19:40:00,224.65,224.65,224.65,224.65,300
2026-04-14 19:45:00,224.98,224.98,224.8069,224.8069,200
2026-04-14 19:50:00,224.99,224.99,224.99,224.99,100
2026-04-14 19:55:00,225,225.35,225,225.35,200
2026-04-15 04:00:00,222.2,222.37,222,222.2,2425
2026-04-15 04:25:00,221.35,221.35,221.35,221.35,100
2026-04-15 05:15:00,221.06,221.06,221.06,221.06,200
2026-04-15 05:35:00,220.01,220.01,220.01,220.01,199
2026-04-15 05:40:00,220,220,220,220,346
2026-04-15 05:45:00,219.52,219.52,219.52,219.52,200
2026-04-15 06:10:00,220,220,220,220,118
2026-04-15 06:15:00,218.94,218.94,218.94,218.94,100
2026-04-15 06:20:00,218.71,218.71,218.71,218.71,100
2026-04-15 06:35:00,217.1398,217.1398,217.1398,217.1398,2500
2026-04-15 06:40:00,219,221.4,219,221.4,600
2026-04-15 07:00:00,221,221,218.2398,219,6415
2026-04-15 07:10:00,220,220,220,220,1099
2026-04-15 07:15:00,220,220.2,220,220.2,220
2026-04-15 07:20:00,220.5,220.5,220.5,220.5,120
2026-04-15 07:25:00,220.8,220.8,220.8,220.8,354
2026-04-15 07:35:00,220.93,220.93,220.61,220.61,304
2026-04-15 07:40:00,221.24,221.24,221.24,221.24,200
2026-04-15 07:50:00,221.71,221.99,221.71,221.99,400
2026-04-15 07:55:00,221.99,221.99,221.5,221.96,3446
2026-04-15 08:00:00,221,221,221,221,200
2026-04-15 08:05:00,220.77,220.83,220.77,220.83,218
2026-04-15 08:35:00,220.5,220.95,220.5,220.95,213
2026-04-15 08:40:00,220.5,220.5,220.5,220.5,867
2026-04-15 08:45:00,220.5,220.5,220.5,220.5,476
2026-04-15 09:05:00,221.3302,221.3302,221.3302,221.3302,250
2026-04-15 09:10:00,222,222,222,222,100
2026-04-15 09:20:00,222,222.0957,221.93,221.93,2170
2026-04-15 09:25:00,221.93,222.51,221.45,222.51,405
2026-04-15 09:30:00,221.41,222.17,216,216,28866
2026-04-15 09:35:00,215.925,219.97,215,219.97,21629
2026-04-15 09:40:00,219.98,220.95,219.17,219.5101,4624
2026-04-15 09:45:00,220,220.99,219.76,220.95,3094
2026-04-15 09:50:00,220.33,222.1522,219.92,222.1522,2841
2026-04-15 09:55:00,222.22,223.85,221.89,223,6436
2026-04-15 10:00:00,222.99,223.13,221.83,222.51,2511
2026-04-15 10:05:00,222.97,223,221.85,222,1685
2026-04-15 10:10:00,221.99,223,221.84,223,1022
2026-04-15 10:15:00,222.69,222.69,222.25,222.63,2300
2026-04-15 10:20:00,221.16,221.72,221,221.43,2200
2026-04-15 10:25:00,221,221.165,219.98,221.075,3018
2026-04-15 10:30:00,220.3,220.71,219.57,219.57,1345
2026-04-15 10:35:00,219.13,219.825,218.6501,218.85,2766
2026-04-15 10:40:00,220.1091,220.5803,220.1091,220.5803,553
2026-04-15 10:45:00,219.42,219.73,219.215,219.29,1350
2026-04-15 10:50:00,219.05,219.2,217.065,217.74,9774
2026-04-15 10:55:00,217.315,218.01,216.87,216.87,2775
2026-04-15 11:00:00,217.03,217.1,215.75,215.75,8959
2026-04-15 11:05:00,216.07,216.075,214.262,215.6,8207
2026-04-15 11:10:00,215.53,216.78,215.53,216.51,4359
2026-04-15 11:15:00,216.37,217.56,216.11,216.82,17378
2026-04-15 11:20:00,216.9899,216.9899,214.45,214.525,5854
2026-04-15 11:25:00,214.8,214.8,212.62,212.62,4871
2026-04-15 11:30:00,212.4,213.1034,212,212.64,15906
2026-04-15 11:35:00,213.4,214,213.27,213.509,14445
2026-04-15 11:40:00,214.43,216.155,214.43,216.155,5500
2026-04-15 11:45:00,216,216,215,215.395,2515
2026-04-15 11:50:00,215.4299,215.4299,214.17,214.3,1811
2026-04-15 11:55:00,214.335,214.335,213.5,213.6,2250
2026-04-15 12:00:00,213.3,214,213.3,213.46,675
2026-04-15 12:05:00,214.551,214.551,214.06,214.53,816
2026-04-15 12:10:00,214.8,215.4,214.72,215.03,1150
2026-04-15 12:15:00,214.915,214.915,214.69,214.69,600
2026-04-15 12:20:00,214.725,214.9191,213.77,213.77,4996
2026-04-15 12:25:00,213.85,214.04,213.8,214,2815
2026-04-15 12:30:00,214.28,214.28,213.8,213.8,1300
2026-04-15 12:35:00,214.47,214.83,214.47,214.74,454
2026-04-15 12:40:00,214.22,214.22,213.18,213.335,2640
2026-04-15 12:45:00,213.4018,213.4018,212.8,213.14,2497
2026-04-15 12:50:00,213.16,213.16,212.41,212.41,3372
2026-04-15 12:55:00,213.04,213.05,213.03,213.045,723
2026-04-15 13:00:00,213.26,213.85,213.26,213.85,200
2026-04-15 13:05:00,213.8,213.8,213.5091,213.5091,720
2026-04-15 13:10:00,213.7065,213.7065,212.74,212.76,1784
2026-04-15 13:15:00,212.9,213.0769,212.79,212.79,424
2026-04-15 13:20:00,212.8401,214.35,212.8401,214.35,1999
2026-04-15 13:25:00,214.44,214.55,214.38,214.55,800
2026-04-15 13:30:00,213.73,214.3899,213.73,214.36,501
2026-04-15 13:35:00,214.305,214.31,214.235,214.31,800
2026-04-15 13:40:00,213.96,214.09,213.6953,213.6953,639
2026-04-15 13:45:00,213.8,213.8,213.6,213.6,870
2026-04-15 13:50:00,213.83,213.83,213.83,213.83,100
2026-04-15 13:55:00,214.285,214.285,214.09,214.25,700
2026-04-15 14:00:00,214.1,215.25,213.86,214.55,4741
2026-04-15 14:05:00,215.0195,215.4599,215.0195,215.4599,15890
2026-04-15 14:10:00,214.38,215.115,214.38,215.05,300
2026-04-15 14:15:00,215.28,215.42,215.28,215.4199,1950
2026-04-15 14:20:00,214.7423,214.7423,213.97,213.995,450
2026-04-15 14:25:00,213.71,214.3615,213.66,214.0737,957
2026-04-15 14:30:00,214.24,214.7361,214.24,214.7361,1600
2026-04-15 14:35:00,214.27,214.74,214.27,214.385,3052
2026-04-15 14:40:00,214.07,214.07,213.59,213.85,945
2026-04-15 14:45:00,213.65,213.8,213.6,213.8,1102
2026-04-15 14:50:00,214.0755,215,214.0755,214.845,1195
2026-04-15 14:55:00,214.9,215.26,214.7,214.745,1250
2026-04-15 15:00:00,214.58,214.99,214.21,214.43,723
2026-04-15 15:05:00,214.75,214.76,214.04,214.39,1192
2026-04-15 15:10:00,213.9385,213.9385,213.13,213.505,2160
2026-04-15 15:15:00,213.22,213.9,213.135,213.9,1285
2026-04-15 15:20:00,213.5401,214,213.5401,214,2341
2026-04-15 15:25:00,214.465,214.56,214.13,214.51,1299
2026-04-15 15:30:00,214.82,214.83,214.5372,214.83,339
2026-04-15 15:35:00,214.193,214.193,213.77,213.77,1500
2026-04-15 15:40:00,213.5,213.5,212.53,213,18412
2026-04-15 15:45:00,212.85,213.72,212.82,213.59,1544
2026-04-15 15:50:00,213.86,215,213.6301,214.105,1416
2026-04-15 15:55:00,214.351,214.351,212,212.22,12476
2026-04-15 16:00:00,212.47,213.73,211.1,211.75,3342
2026-04-15 16:05:00,211.07,211.9,211.07,211.9,769
2026-04-15 16:20:00,212,212,212,212,200
2026-04-15 16:30:00,212.06,212.06,212.06,212.06,1300
2026-04-15 18:20:00,213.5287,213.5287,213.5287,213.5287,1000
2026-04-15 19:15:00,213.57,213.97,213.57,213.97,200
2026-04-15 19:25:00,213.88,213.88,213.88,213.88,351
2026-04-15 19:35:00,213.8,213.86,213.8,213.86,300
2026-04-15 19:45:00,213.82,213.87,213.82,213.87,300
2026-04-15 19:50:00,213.87,213.87,213.87,213.87,164
2026-04-15 19:55:00,213.18,213.18,213.18,213.18,100
2026-04-16 04:00:00,216.1,216.1,214.4,215.21,1863
2026-04-16 04:20:00,214.81,214.89,214.81,214.89,900
2026-04-16 04:25:00,214.29,214.8897,214.29,214.8897,300
2026-04-16 04:30:00,213.59,213.59,213.59,213.59,100
2026-04-16 04:35:00,213.5,213.5,213.5,213.5,100
2026-04-16 04:45:00,213.5,213.5,213.5,213.5,200
2026-04-16 05:30:00,213.19,213.19,212.84,212.84,293
2026-04-16 06:45:00,213,213,213,213,301
2026-04-16 07:00:00,214.5,214.8,214.5,214.8,200
2026-04-16 07:05:00,213.75,213.75,213.75,213.75,155
2026-04-16 07:20:00,214.5,214.5,214.5,214.5,100
2026-04-16 07:25:00,214.7,214.7,214.7,214.7,2282
2026-04-16 07:30:00,214.97,215,214.83,214.83,697
2026-04-16 07:40:00,214.57,214.57,214.57,214.57,100
2026-04-16 07:45:00,214.86,214.86,214.86,214.86,186
2026-04-16 08:00:00,215.5,215.6,215.5,215.6,200
2026-04-16 08:10:00,214.5,214.97,214.5,214.97,300
2026-04-16 08:30:00,213.83,213.83,213.83,213.83,100
2026-04-16 08:50:00,213.86,213.86,213.86,213.86,100
2026-04-16 09:00:00,214.5,214.7,214.5,214.7,1000
2026-04-16 09:15:00,214.7,214.7,214.7,214.7,100
2026-04-16 09:20:00,214.17,214.17,214.05,214.08,1750
2026-04-16 09:30:00,214.34,217.49,214,216.9394,15951
2026-04-16 09:35:00,216.905,217.5,214.51,216,14626
2026-04-16 09:40:00,216.32,217.52,215.51,215.685,10517
2026-04-16 09:45:00,215.95,216.96,215.95,216.68,4071
2026-04-16 09:50:00,216.4759,217,213,213,4967
2026-04-16 09:55:00,213,215.36,211.98,215.36,11440
2026-04-16 10:00:00,215.37,215.44,213.66,213.671,4797
2026-04-16 10:05:00,213.53,216.06,213.53,216,21554
2026-04-16 10:10:00,216.25,217.06,216.03,216.97,3250
2026-04-16 10:15:00,216.97,216.97,215.06,215.7575,2215
2026-04-16 10:20:00,215.06,215.45,214.8,215.45,1650
2026-04-16 10:25:00,215.115,215.55,215,215.55,700
2026-04-16 10:30:00,214.5,214.5,213.26,213.76,2868
2026-04-16 10:35:00,213,213.695,212.76,213.29,6822
2026-04-16 10:40:00,212.55,212.64,211.85,212.64,4790
2026-04-16 10:45:00,213.5,214.44,213,213,6950
2026-04-16 10:50:00,212.7,214.22,212.7,214.01,1320
2026-04-16 10:55:00,213.25,213.3,212.83,213.3,400
2026-04-16 11:00:00,213.26,215.325,213.26,214.94,4259
2026-04-16 11:05:00,214.845,215.28,214.845,214.86,3448
2026-04-16 11:10:00,215.08,215.08,213.5,213.5,2685
2026-04-16 11:15:00,214.25,215.5,214.25,214.51,1965
2026-04-16 11:20:00,215.035,215.035,214.1999,214.1999,600
2026-04-16 11:25:00,214.45,214.52,213.96,214,850
2026-04-16 11:30:00,214.2,214.21,213.4,213.71,1443
2026-04-16 11:35:00,213.52,214.85,213.33,214.175,1200
2026-04-16 11:40:00,213.86,213.97,213.3,213.79,877
2026-04-16 11:45:00,213.62,213.975,213.62,213.8,1150
2026-04-16 11:50:00,214.57,214.75,214.465,214.71,700
2026-04-16 11:55:00,214.4,214.47,214.14,214.47,1435
2026-04-16 12:00:00,214.545,214.82,214.545,214.68,350
2026-04-16 12:05:00,214.08,214.17,214,214,500
2026-04-16 12:10:00,214.39,214.39,214.235,214.235,626
2026-04-16 12:20:00,213.925,213.925,213.03,213.06,5843
2026-04-16 12:25:00,213.14,213.295,212.5,213.025,6750
2026-04-16 12:30:00,212.98,213.095,211.5,212.125,3732
2026-04-16 12:35:00,212.52,213,212.52,212.95,600
2026-04-16 12:40:00,212.51,212.51,212.0001,212.45,1115
2026-04-16 12:45:00,212.465,212.72,212.465,212.47,600
2026-04-16 12:50:00,213,213,212,212,3895
2026-04-16 12:55:00,211.935,212.66,211.935,212.66,480
2026-04-16 13:00:00,212.9251,212.9251,212.66,212.66,300
2026-04-16 13:05:00,211.44,212.19,211.1444,212.19,4164
2026-04-16 13:10:00,212.25,212.25,211.1405,211.1405,5920
2026-04-16 13:15:00,211.5,211.56,211.25,211.56,893
2026-04-16 13:20:00,211.615,213.14,211.615,213.14,550
2026-04-16 13:25:00,212.05,212.05,212.05,212.05,100
2026-04-16 13:30:00,212.25,212.34,211.9,211.9,727
2026-04-16 13:35:00,211.525,211.645,211.45,211.4502,2800
2026-04-16 13:40:00,211.335,212,211.335,211.9223,610
2026-04-16 13:45:00,211.95,212,211.85,211.85,400
2026-04-16 13:50:00,211.9,211.995,211.72,211.72,400
2026-04-16 13:55:00,211.63,211.63,210.8,211.465,5679
2026-04-16 14:00:00,211.89,212.5,211.81,212.18,14962
2026-04-16 14:05:00,212.185,212.79,212.185,212.64,1600
2026-04-16 14:10:00,212.02,212.02,212.02,212.02,100
2026-04-16 14:15:00,212.6,212.6,212.42,212.515,300
2026-04-16 14:20:00,212.82,212.82,212.3,212.5965,5250
2026-04-16 14:25:00,211.825,211.825,211.41,211.41,1781
2026-04-16 14:30:00,211.93,211.93,211.92,211.92,400
2026-04-16 14:35:00,212,212.01,211.55,211.56,5250
2026-04-16 14:40:00,211.6401,211.6401,211.4701,211.4701,300
2026-04-16 14:45:00,211.93,211.93,211.93,211.93,100
2026-04-16 14:50:00,211.37,211.71,211.1001,211.71,400
2026-04-16 14:55:00,210.875,210.875,210.4101,210.67,1701
2026-04-16 15:00:00,212,212.3599,212,212.3599,1275
2026-04-16 15:05:00,212.535,212.535,212.08,212.32,400
2026-04-16 15:10:00,212.0879,212.18,211.87,211.94,500
2026-04-16 15:15:00,211.12,211.66,211,211.66,14412
2026-04-16 15:20:00,212.15,212.55,211.8001,212.55,964
2026-04-16 15:25:00,211.51,211.52,211.12,211.52,5300
2026-04-16 15:30:00,211.64,211.64,211.26,211.26,563
2026-04-16 15:35:00,210.8,211.4799,210.66,211.335,1221
2026-04-16 15:40:00,211.93,212,211.595,211.595,750
2026-04-16 15:45:00,211.32,212.145,211.2001,211.79,3586
2026-04-16 15:50:00,211.73,211.73,211.01,211.19,917
2026-04-16 15:55:00,211.23,212.22,210.76,211.36,4140
2026-04-16 16:00:00,211.25,211.25,211.25,211.25,918
2026-04-16 16:10:00,212,212,212,212,100
2026-04-16 16:25:00,211.9579,211.9579,211.9579,211.9579,235
2026-04-16 16:30:00,211.57,211.57,211.5,211.5,1011
2026-04-16 17:20:00,211.76,211.76,211.76,211.76,100
2026-04-16 17:40:00,211.99,211.99,211.99,211.99,100
2026-04-16 18:05:00,211.9,211.9,211.9,211.9,119
2026-04-16 18:20:00,211.9334,211.9334,211.9334,211.9334,120
2026-04-16 18:30:00,211.99,211.99,211.99,211.99,156
2026-04-16 19:40:00,212,212,212,212,100
2026-04-16 19:55:00,211.8,211.94,211.8,211.94,1028
2026-04-17 04:00:00,211.49,211.49,209.99,210,859
2026-04-17 05:00:00,211.74,211.74,211.74,211.74,171
2026-04-17 06:40:00,210,210,210,210,100
2026-04-17 07:10:00,210.34,210.34,210,210,317
2026-04-17 07:25:00,210.5,210.5,210.5,210.5,100
2026-04-17 07:30:00,210.9263,210.9263,210.9263,210.9263,100
2026-04-17 07:35:00,210.3626,210.3626,210.3626,210.3626,1198
2026-04-17 07:45:00,211.55,211.55,211.55,211.55,200
2026-04-17 07:50:00,212.35,212.35,212.35,212.35,944
2026-04-17 08:00:00,211.98,211.99,211.98,211.99,780
2026-04-17 08:15:00,212.7739,212.87,212.4,212.87,4100
2026-04-17 08:20:00,212.68,213.04,212.68,213.04,1386
2026-04-17 08:25:00,214,214.1,213.931,214.1,4272
2026-04-17 08:30:00,214.95,214.95,214.95,214.95,100
2026-04-17 08:35:00,215.18,215.18,215,215,977
2026-04-17 08:45:00,215.5,217.6,215.5,217.5203,1228
2026-04-17 08:50:00,218.5,220.9401,218.5,220.9401,1700
2026-04-17 08:55:00,220.96,222.4,220.69,222.4,2324
2026-04-17 09:00:00,220.85,221.2,220.5,220.6856,1020
2026-04-17 09:05:00,221.5,223.3667,221.5,222.2059,2277
2026-04-17 09:10:00,223.85,225.9,223.85,225.7,4857
2026-04-17 09:15:00,224.5,224.5,222.2526,222.2526,1000
2026-04-17 09:20:00,224.2,224.2,222.0111,223.2439,1591
2026-04-17 09:25:00,223.0336,223.0336,221,221,3655
2026-04-17 09:30:00,220.89,224.99,219.0201,223.445,36387
2026-04-17 09:35:00,223.41,224.52,219,221.485,35249
2026-04-17 09:40:00,220.42,224.48,220.42,222.4,13405
2026-04-17 09:45:00,222.13,222.55,219.58,222,8974
2026-04-17 09:50:00,223,224.97,222,224.63,21012
2026-04-17 09:55:00,224.99,226.4999,224.8,226.4999,20187
2026-04-17 10:00:00,226.02,227.2891,225.7,226.17,22323
2026-04-17 10:05:00,226.24,226.52,225.01,225.98,11882
2026-04-17 10:10:00,226.12,226.94,226,226.14,4691
2026-04-17 10:15:00,225.69,227.5,225.1113,227.5,19617
2026-04-17 10:20:00,227.44,229.45,227,229.45,24992
2026-04-17 10:25:00,229.265,230.01,228.56,228.825,10985
2026-04-17 10:30:00,228.615,230.43,227.81,230.43,4710
2026-04-17 10:35:00,229.04,230.8999,229.04,230.05,8220
2026-04-17 10:40:00,230.13,231.19,230.13,231.02,5500
2026-04-17 10:45:00,231.15,231.88,230.57,231.52,9117
2026-04-17 10:50:00,231.38,231.38,229.915,230.035,3626
2026-04-17 10:55:00,230,230.2,229.51,229.83,5913
2026-04-17 11:00:00,229.01,229.51,227.33,228,12846
2026-04-17 11:05:00,227.67,229.43,227.5483,229.43,3153
2026-04-17 11:10:00,229.2551,229.2599,228.4312,228.956,4729
2026-04-17 11:15:00,229,229.26,227.01,227.01,14749
2026-04-17 11:20:00,226.88,227.38,226.129,226.36,2999
2026-04-17 11:25:00,226.4,226.73,226.01,226.73,5519
2026-04-17 11:30:00,226.04,227.77,226.04,227.77,1012
2026-04-17 11:35:00,228.25,228.59,227.41,228,16543
2026-04-17 11:40:00,228.06,228.06,226.54,226.54,9219
2026-04-17 11:45:00,227.01,228,226.73,228,2752
2026-04-17 11:50:00,227.9,229.69,227.9,229.455,4931
2026-04-17 11:55:00,229.555,230.4,229.505,229.99,6906
2026-04-17 12:00:00,229.7549,230.01,229.5,229.66,954
2026-04-17 12:05:00,229.49,230.11,229.49,230.01,1912
2026-04-17 12:10:00,230,230,229.77,230,400
2026-04-17 12:15:00,230.1,230.1,229.15,229.76,2221
2026-04-17 12:20:00,230.1,230.68,230.06,230.68,2423
2026-04-17 12:25:00,230.485,230.68,230.32,230.32,2100
2026-04-17 12:30:00,230.8103,230.8103,229.8636,229.8636,3350
2026-04-17 12:35:00,229.635,229.85,229.58,229.71,840
2026-04-17 12:40:00,229.26,229.65,229.26,229.65,847
2026-04-17 12:45:00,229,229.125,229,229.125,300
2026-04-17 12:50:00,229.4126,229.5,229.3,229.3,1729
2026-04-17 12:55:00,229.14,229.235,229,229,768
2026-04-17 13:00:00,228.91,228.91,228.22,228.22,1135
2026-04-17 13:05:00,228.625,228.63,226.82,227.8,1200
2026-04-17 13:10:00,226.75,227.105,226.45,226.45,1232
2026-04-17 13:15:00,227.04,227.04,226.4701,226.4701,1736
2026-04-17 13:20:00,226.7,226.7,225,225,19229
2026-04-17 13:25:00,224.51,225.62,224.51,225.62,3444
2026-04-17 13:30:00,225.62,225.62,224.75,224.75,940
2026-04-17 13:35:00,225.36,225.55,225,225.22,1600
2026-04-17 13:40:00,225.075,225.1581,224.2,224.2,1458
2026-04-17 13:45:00,224.22,225.11,224.02,225.11,1830
2026-04-17 13:50:00,225.055,225.41,225.055,225.17,1250
2026-04-17 13:55:00,224.97,224.97,224.97,224.97,500
2026-04-17 14:00:00,225.5,225.585,225.49,225.49,1200
2026-04-17 14:05:00,225.975,225.98,225.47,225.475,1700
2026-04-17 14:10:00,225.53,226.03,225.53,225.71,550
2026-04-17 14:15:00,225.7,225.86,225.6,225.85,750
2026-04-17 14:20:00,225.62,226.13,225.0589,226.13,1125
2026-04-17 14:25:00,226.59,226.99,225.8,225.8,1350
2026-04-17 14:30:00,226.04,226.04,225.695,226.02,300
2026-04-17 14:35:00,225.8,225.8082,225.46,225.5197,1506
2026-04-17 14:40:00,225.01,225.01,224.86,224.86,600
2026-04-17 14:45:00,225.08,225.08,224.825,224.825,413
2026-04-17 14:50:00,224.82,224.82,223.819,223.85,2070
2026-04-17 14:55:00,224.18,224.67,224.155,224.67,500
2026-04-17 15:00:00,224.49,224.49,224.13,224.13,760
2026-04-17 15:05:00,224.09,224.56,224.0501,224.329,1476
2026-04-17 15:10:00,223.7925,223.7925,222.88,223.26,2973
2026-04-17 15:15:00,223.42,223.85,223.27,223.28,2640
2026-04-17 15:20:00,223.485,223.485,222.72,223,1185
2026-04-17 15:25:00,223.02,223.3801,222.93,223.11,1818
2026-04-17 15:30:00,223.5526,223.5526,223.5526,223.5526,100
2026-04-17 15:35:00,223.91,223.91,223.49,223.58,400
2026-04-17 15:40:00,224.015,224.925,224.015,224.49,1150
2026-04-17 15:45:00,225.1,225.1,224.26,224.26,2673
2026-04-17 15:50:00,224.6,224.665,223.76,224.06,3820
2026-04-17 15:55:00,224.16,224.51,223.08,223.17,7299
2026-04-17 16:00:00,223.12,223.14,222,222,4475
2026-04-17 16:05:00,222.2386,222.2386,221.5,221.5,453
2026-04-17 16:40:00,222.01,222.01,222,222,235
2026-04-17 16:55:00,222.42,222.42,222.42,222.42,112
2026-04-17 17:00:00,222.42,222.42,222.42,222.42,388
2026-04-17 18:00:00,222.94,222.94,221.77,221.77,200
2026-04-17 18:05:00,221.8,221.8,221.8,221.8,100
2026-04-20 04:00:00,216.5,216.5,215.28,215.49,2077
2026-04-20 04:05:00,215.22,215.22,215.22,215.22,200
2026-04-20 04:10:00,214.1,215.13,214.1,215.13,300
2026-04-20 04:20:00,215.38,215.48,215.38,215.38,1080
2026-04-20 04:45:00,215.03,215.03,215.03,215.03,366
2026-04-20 05:40:00,215.48,215.48,215.48,215.48,400
2026-04-20 06:05:00,216,216,215.76,215.76,200
2026-04-20 06:10:00,216.28,216.28,216.28,216.28,200
2026-04-20 06:15:00,216.74,216.74,216.74,216.74,600
2026-04-20 07:00:00,215.04,215.04,215.04,215.04,107
2026-04-20 07:10:00,215,215,215,215,100
2026-04-20 07:25:00,215.27,215.27,215.27,215.27,100
2026-04-20 07:30:00,215,215,214.97,214.97,3516
2026-04-20 07:50:00,216.5,216.5,216.5,216.5,100
2026-04-20 08:05:00,217,217,217,217,300
2026-04-20 08:10:00,217.38,217.38,217.38,217.38,646
2026-04-20 08:15:00,216.75,216.75,216.75,216.75,210
2026-04-20 08:20:00,218,218,218,218,100
2026-04-20 08:25:00,218.2217,218.2217,217.28,217.28,300
2026-04-20 08:40:00,217.75,217.75,217.75,217.75,250
2026-04-20 08:45:00,217.23,217.23,217.2,217.2,410
2026-04-20 09:05:00,217,218,217,218,1076
2026-04-20 09:10:00,217.69,218,217.69,218,517
2026-04-20 09:15:00,218.47,218.47,218.47,218.47,250
2026-04-20 09:20:00,218.5,218.68,218.5,218.68,291
2026-04-20 09:25:00,218.99,218.99,218.99,218.99,100
2026-04-20 09:30:00,218.7,219.285,213.25,214.2,31515
2026-04-20 09:35:00,214.38,218.325,214.38,218,18271
2026-04-20 09:40:00,218.045,218.045,216.28,217.365,3588
2026-04-20 09:45:00,217.505,218.6782,216.5,217.25,3956
2026-04-20 09:50:00,216.41,216.87,215.72,216.72,40405
2026-04-20 09:55:00,216.75,217.781,216.11,217.04,8911
2026-04-20 10:00:00,217.5,217.5,215.39,216.375,180699
2026-04-20 10:05:00,217.74,218.2,216.135,216.135,18848
2026-04-20 10:10:00,216.65,216.915,214.56,216.915,6403
2026-04-20 10:15:00,216.98,217.89,216.42,217.89,6070
2026-04-20 10:20:00,217.1396,217.72,217.1396,217.5875,4225
2026-04-20 10:25:00,217.72,218.6599,217.72,218.02,3421
2026-04-20 10:30:00,218.6799,219.49,218.66,219,7260
2026-04-20 10:35:00,217.7,217.7,217.2,217.2,900
2026-04-20 10:40:00,216.71,217.67,216.3162,217.5076,1000
2026-04-20 10:45:00,218.115,218.115,215.89,216.14,3140
2026-04-20 10:50:00,216.67,216.67,213.82,216.5,6370
2026-04-20 10:55:00,215.39,215.8999,214.5,214.5,3748
2026-04-20 11:00:00,215.18,215.59,213.26,213.51,4869
2026-04-20 11:05:00,214.03,214.28,213.1101,213.1101,2967
2026-04-20 11:10:00,214,214.61,213.7085,214.61,2205
2026-04-20 11:15:00,214.2098,215.15,214.2098,214.9477,1961
2026-04-20 11:20:00,214.5,215.98,214.415,215.4901,2340
2026-04-20 11:25:00,215,216.37,215,216.37,2146
2026-04-20 11:30:00,216.085,216.2,215.72,215.72,500
2026-04-20 11:35:00,215.5407,216.2,215.5407,215.7,604
2026-04-20 11:40:00,215.615,216.415,215.43,215.43,1309
2026-04-20 11:45:00,215.6,215.7853,215.45,215.7853,339
2026-04-20 11:50:00,215.7,215.7,215.15,215.17,1020
2026-04-20 11:55:00,216.25,216.53,216.25,216.53,600
2026-04-20 12:00:00,216.07,216.07,215.39,215.44,400
2026-04-20 12:05:00,215.81,216.4699,215.59,216.4699,1029
2026-04-20 12:10:00,216.5,216.5,216.02,216.02,1000
2026-04-20 12:15:00,215.95,216.01,215.5,216.01,362
2026-04-20 12:20:00,216.3965,216.63,216.3965,216.63,550
2026-04-20 12:25:00,215.93,216.3211,215.93,216.3211,200
2026-04-20 12:30:00,215.4601,215.81,215.4601,215.81,900
2026-04-20 12:35:00,215.41,215.41,215,215,1499
2026-04-20 12:40:00,215.09,216.53,215.09,216.53,830
2026-04-20 12:45:00,216.32,216.32,216,216,260
2026-04-20 12:50:00,216.47,216.47,216.02,216.02,200
2026-04-20 12:55:00,215.86,216.09,215.86,216.09,270
2026-04-20 13:00:00,216.3,216.575,215.95,216.575,4290
2026-04-20 13:05:00,215.58,216,215.58,216,544
2026-04-20 13:10:00,215.75,215.75,215.75,215.75,200
2026-04-20 13:15:00,215.6205,216.16,215.6205,216.16,525
2026-04-20 13:20:00,215.94,215.94,215.93,215.93,200
2026-04-20 13:25:00,215.5,215.5,215.5,215.5,100
2026-04-20 13:30:00,215.935,215.935,215.3175,215.3175,652
2026-04-20 13:35:00,216.04,216.8,216.04,216.56,1804
2026-04-20 13:45:00,216.385,216.385,216.385,216.385,100
2026-04-20 13:55:00,216.48,216.48,216.01,216.17,305
2026-04-20 14:00:00,216.75,216.835,216.67,216.67,4304
2026-04-20 14:05:00,217,217.5,216.5234,217.4999,2538
2026-04-20 14:10:00,217.57,217.7399,217.23,217.26,2557
2026-04-20 14:15:00,217.6,217.94,217.04,217.04,1150
2026-04-20 14:20:00,217.01,217.01,217.01,217.01,300
2026-04-20 14:25:00,216.765,217,216.765,216.87,670
2026-04-20 14:30:00,216.91,217.5,216.91,217.34,425
2026-04-20 14:35:00,217.36,217.36,217.36,217.36,250
2026-04-20 14:40:00,217.71,218,217.51,218,955
2026-04-20 14:45:00,218.28,218.5,218.24,218.35,1281
2026-04-20 14:50:00,218.325,218.325,218.325,218.325,200
2026-04-20 14:55:00,217.955,217.955,217.41,217.955,4558
2026-04-20 15:00:00,217.99,217.99,217.71,217.71,372
2026-04-20 15:05:00,217.46,217.85,217.46,217.63,778
2026-04-20 15:10:00,217.72,218,217.72,217.75,350
2026-04-20 15:15:00,218.11,218.11,218.11,218.11,500
2026-04-20 15:20:00,218.235,218.235,218.235,218.235,100
2026-04-20 15:25:00,218.37,218.5,217.9,218.4899,3892
2026-04-20 15:30:00,218.195,218.195,217.66,217.66,3625
2026-04-20 15:35:00,217.69,218.35,217.1201,218,2304
2026-04-20 15:40:00,217.88,217.88,217.5,217.527,660
2026-04-20 15:45:00,218.1862,218.1862,217.77,217.965,490
2026-04-20 15:50:00,218,218.555,217.6801,218.3,1956
2026-04-20 15:55:00,218.115,218.115,217.53,217.78,2062
2026-04-20 16:00:00,218.25,218.25,218.25,218.25,1482
2026-04-20 16:05:00,217.94,217.94,217.94,217.94,100
2026-04-20 16:50:00,217.99,217.99,217.99,217.99,100
2026-04-20 18:05:00,217.8455,217.8455,217.8455,217.8455,200
2026-04-20 18:10:00,217.8552,217.8552,217.8552,217.8552,200
2026-04-20 19:10:00,217.99,217.99,217.9675,217.9675,300
2026-04-20 19:15:00,217.99,217.99,217.99,217.99,1500
2026-04-20 19:20:00,217.7786,217.7786,217.7786,217.7786,257
2026-04-20 19:25:00,217.75,217.75,217.75,217.75,229
2026-04-20 19:50:00,217.63,217.63,217.63,217.63,132
2026-04-21 04:00:00,215.83,215.83,214.2,214.25,3633
2026-04-21 05:20:00,214.3,214.3,214.3,214.3,200
2026-04-21 06:05:00,214.98,214.99,214.98,214.99,1200
2026-04-21 06:20:00,214.8,214.8,214.8,214.8,100
2026-04-21 07:05:00,215,215,214.5,214.5,350
2026-04-21 07:25:00,214.91,214.91,214.91,214.91,200
2026-04-21 07:35:00,215.8,215.8,215.8,215.8,300
2026-04-21 08:15:00,215,215,215,215,1224
2026-04-21 08:20:00,214.49,214.49,214.06,214.06,300
2026-04-21 08:30:00,214,214,213.8,213.8,200
2026-04-21 08:35:00,214.5,214.5,214.5,214.5,373
2026-04-21 08:40:00,213.6,213.6,213.31,213.31,1224
2026-04-21 08:45:00,214,214,214,214,1000
2026-04-21 08:50:00,213.8,214,213.5,213.5,3200
2026-04-21 08:55:00,214,214,214,214,442
2026-04-21 09:05:00,213.53,213.53,212.794,212.794,1266
2026-04-21 09:15:00,212.5,212.9,212.5,212.9,1543
2026-04-21 09:25:00,213.04,213.04,212.5,212.5,2131
2026-04-21 09:30:00,212.42,213.8,211,211.9,20843
2026-04-21 09:35:00,211.5524,212.55,208.51,212.495,21581
2026-04-21 09:40:00,212.66,214.69,212.65,213.94,4086
2026-04-21 09:45:00,213.615,214.33,213.4,213.68,2450
2026-04-21 09:50:00,213.27,213.83,213.2,213.83,2102
2026-04-21 09:55:00,213.01,213.01,210.94,211.275,3071
2026-04-21 10:00:00,211.3,211.69,210.2,211.11,3480
2026-04-21 10:05:00,211.055,211.75,210.3,210.67,2760
2026-04-21 10:10:00,210.7,211.38,209.29,211.38,20770
2026-04-21 10:15:00,210.5,211.5,210.19,211.5,4547
2026-04-21 10:20:00,210.71,210.92,210,210,1525
2026-04-21 10:25:00,209.549,210.03,209,210.03,5924
2026-04-21 10:30:00,210.0677,210.44,208,208.7378,8346
2026-04-21 10:35:00,208.9,208.9,206.74,207.13,17592
2026-04-21 10:40:00,206.955,207.14,204.02,204.815,16369
2026-04-21 10:45:00,205.1991,205.61,201.42,202.19,14678
2026-04-21 10:50:00,202.03,202.03,200.55,201.5036,14728
2026-04-21 10:55:00,201.55,202,199.56,200.08,50576
2026-04-21 11:00:00,200.0002,200.36,198.7784,199.78,64558
2026-04-21 11:05:00,199.52,199.6941,198.0034,199.42,8818
2026-04-21 11:10:00,199.865,201.7699,199.865,201.21,24293
2026-04-21 11:15:00,200.933,202,200.5,201.76,9469
2026-04-21 11:20:00,202.2354,203.07,201.765,202.38,14160
2026-04-21 11:25:00,202.26,202.5,201.5,202.07,5689
2026-04-21 11:30:00,201.8,202.07,201,201.35,2472
2026-04-21 11:35:00,201.15,202.5,201,202.01,14437
2026-04-21 11:40:00,202.23,202.53,201.455,202.35,2322
2026-04-21 11:45:00,202.315,202.755,201,202.755,798
2026-04-21 11:50:00,201.97,202.3,201,201,2047
2026-04-21 11:55:00,200.47,200.7,200.39,200.7,400
2026-04-21 12:00:00,201.265,202.3,201,201,6834
2026-04-21 12:05:00,200.84,200.9572,200.205,200.495,2280
2026-04-21 12:10:00,200.5,201,199.61,200.24,11651
2026-04-21 12:15:00,199.99,201.19,199.99,200.7,8147
2026-04-21 12:20:00,200.33,200.365,199.98,200,6546
2026-04-21 12:25:00,199.6,199.6,198.93,199.14,3983
2026-04-21 12:30:00,199.32,200.35,199.1701,199.61,3599
2026-04-21 12:35:00,199.74,199.74,198.75,199.09,3403
2026-04-21 12:40:00,199.25,199.475,199.2139,199.46,2840
2026-04-21 12:45:00,199.505,200.9099,199.505,200.01,4803
2026-04-21 12:50:00,199.96,199.96,198.4701,198.4701,5762
2026-04-21 12:55:00,198.63,198.69,198.2201,198.26,11033
2026-04-21 13:00:00,198.285,199.19,197.95,197.95,8557
2026-04-21 13:05:00,198.15,198.15,197,197.235,5224
2026-04-21 13:10:00,196.58,196.8999,195.56,196.06,7642
2026-04-21 13:15:00,196.38,196.6913,195.21,195.28,11390
2026-04-21 13:20:00,195.5,196.355,195.3,196.095,6878
2026-04-21 13:25:00,196.29,196.78,195.98,196.1865,3800
2026-04-21 13:30:00,196.88,197.73,196.88,197.3,4524
2026-04-21 13:35:00,197.65,199.86,197.36,199,9170
2026-04-21 13:40:00,199.55,201,199.0201,200.53,14144
2026-04-21 13:45:00,200.325,200.325,199.18,199.41,8232
2026-04-21 13:50:00,199.3495,199.59,199.05,199.59,3580
2026-04-21 13:55:00,198.8825,199.79,198.8825,199.64,2250
2026-04-21 14:00:00,199.83,200.64,199.83,199.915,3108
2026-04-21 14:05:00,199.5,199.99,199.2,199.2,1850
2026-04-21 14:10:00,199.115,199.23,198.51,199.13,4890
2026-04-21 14:15:00,199.29,199.415,197.69,197.94,5781
2026-04-21 14:20:00,197.69,197.86,197.35,197.475,1971
2026-04-21 14:25:00,197.62,197.62,197.16,197.56,1985
2026-04-21 14:30:00,197.78,198.57,197.55,198.57,987
2026-04-21 14:35:00,199.12,199.12,198.15,198.15,1915
2026-04-21 14:40:00,198,198,197.76,197.97,2515
2026-04-21 14:45:00,197.72,197.97,197.51,197.51,1713
2026-04-21 14:50:00,197.6,198.19,197,198.19,5335
2026-04-21 14:55:00,198.405,199.6,198.3,198.935,10991
2026-04-21 15:00:00,199.15,199.85,198.82,198.93,3705
2026-04-21 15:05:00,198.12,198.19,197.87,198.19,3078
2026-04-21 15:10:00,197.62,198.34,196.5,196.99,5438
2026-04-21 15:15:00,197.235,197.74,197.2325,197.3,2000
2026-04-21 15:20:00,197,198.16,196.42,198.16,3067
2026-04-21 15:25:00,197.7501,198.405,197.278,198.405,2232
2026-04-21 15:30:00,198.7,199.5,198,198,2248
2026-04-21 15:35:00,197.66,197.66,195.94,196.02,5818
2026-04-21 15:40:00,195.94,196.2,192.13,192.75,17433
2026-04-21 15:45:00,192.75,194.32,192.5351,193.825,10231
2026-04-21 15:50:00,195.9,195.9,192.87,193,8540
2026-04-21 15:55:00,193.7999,193.7999,190,190.19,45665
2026-04-21 16:00:00,191.17,191.17,191.17,191.17,2673
2026-04-21 16:05:00,191.18,191.18,191.18,191.18,100
2026-04-21 16:10:00,194,196.01,194,196.01,6008
2026-04-21 16:15:00,195.99,195.99,195.7,195.71,1385
2026-04-21 16:20:00,196,196.2,195.9,196.2,1129
2026-04-21 16:25:00,195.61,195.61,195.61,195.61,100
2026-04-21 16:30:00,196.46,196.47,196,196.3056,926
2026-04-21 16:35:00,196.39,196.8,196.39,196.8,819
2026-04-21 16:40:00,196.5,196.5,196.25,196.25,2000
2026-04-21 16:45:00,196.25,196.25,196.25,196.25,262
2026-04-21 16:50:00,196.8,196.8,196.8,196.8,982
2026-04-21 16:55:00,197.64,197.6826,197.64,197.6826,334
2026-04-21 17:00:00,197,197.9,197,197.9,640
2026-04-21 17:05:00,198,198,198,198,454
2026-04-21 17:10:00,198,198,198,198,757
2026-04-21 17:15:00,197.06,197.06,197,197,405
2026-04-21 17:25:00,197.89,198.74,197.89,198.74,1103
2026-04-21 17:30:00,199.61,199.61,199.61,199.61,500
2026-04-21 17:35:00,198.5138,199.61,198.5138,199.61,600
2026-04-21 17:50:00,198,198,198,198,100
2026-04-21 18:00:00,198,199.6,198,199.6,318
2026-04-21 18:15:00,198.99,198.99,198.99,198.99,144
2026-04-21 18:20:00,198.92,198.92,198.92,198.92,110
2026-04-21 18:25:00,198.6,198.6,198.6,198.6,100
2026-04-21 18:30:00,198.01,198.01,198.01,198.01,172
2026-04-21 18:45:00,198.8,198.8,198.8,198.8,200
2026-04-21 18:50:00,198.6103,198.6103,198.6103,198.6103,240
2026-04-21 18:55:00,198.7,199.3878,198.7,199.3878,200
2026-04-21 19:00:00,199.97,200.03,199.97,200.03,992
2026-04-21 19:05:00,199.97,200.19,199.95,200.19,300
2026-04-21 19:10:00,200.7864,200.7864,200.7864,200.7864,128
2026-04-21 19:45:00,200.5,200.6,200.5,200.6,1315
2026-04-21 19:50:00,200.6,200.6,200.6,200.6,406
2026-04-21 19:55:00,200.6,200.83,200.6,200.83,200
2026-04-22 04:00:00,202.07,203.68,202.05,203.68,340
2026-04-22 04:15:00,202,202,202,202,129
2026-04-22 04:30:00,199.74,199.74,199.74,199.74,400
2026-04-22 04:35:00,200,200,200,200,302
2026-04-22 04:40:00,200,200,200,200,761
2026-04-22 04:55:00,200.48,200.48,200.48,200.48,200
2026-04-22 05:15:00,201.5,201.5,201.5,201.5,130
2026-04-22 06:10:00,199,199,199,199,100
2026-04-22 07:00:00,201,201,201,201,1100
2026-04-22 07:20:00,200.8076,200.8076,200.8076,200.8076,258
2026-04-22 07:40:00,199.75,199.75,199.75,199.75,105
2026-04-22 08:30:00,200.17,200.17,200.17,200.17,700
2026-04-22 08:40:00,199,199,198.55,198.55,1225
2026-04-22 08:50:00,198,198,197.9,197.9,200
2026-04-22 08:55:00,198.06,198.45,198.06,198.45,200
2026-04-22 09:00:00,198.03,198.47,198.03,198.47,254
2026-04-22 09:05:00,198.35,198.41,197.8,198.41,548
2026-04-22 09:10:00,198.42,198.42,198,198.35,893
2026-04-22 09:15:00,197.1374,197.5,197.1374,197.5,486
2026-04-22 09:25:00,200,200,200,200,100
2026-04-22 09:30:00,199.57,199.65,195.2,197.275,34916
2026-04-22 09:35:00,197.2811,198.315,197.2811,198.2,6304
2026-04-22 09:40:00,197.62,200.7824,197.5,200.7824,10153
2026-04-22 09:45:00,199.9901,202,199.9901,200.1999,18233
2026-04-22 09:50:00,200.25,200.7999,199,199.97,5517
2026-04-22 09:55:00,200.82,200.91,199.692,200.34,1774
2026-04-22 10:00:00,200.9,201.4,199.44,199.84,3880
2026-04-22 10:05:00,199,199.54,198.8,198.87,17072
2026-04-22 10:10:00,199.46,200.94,199.31,200.8,4264
2026-04-22 10:15:00,200.7345,200.87,199.72,200.5,4504
2026-04-22 10:20:00,200.8,201.96,200.8,201.44,3046
2026-04-22 10:25:00,200.83,201.52,200.83,201.52,1096
2026-04-22 10:30:00,200.41,200.615,199.5,199.5,2591
2026-04-22 10:35:00,199,200.205,198.1,199.3,5300
2026-04-22 10:40:00,199.425,199.5,198.5111,199,1016
2026-04-22 10:45:00,199.851,199.851,199.851,199.851,100
2026-04-22 10:50:00,199.9,199.963,198.81,199.5,2029
2026-04-22 10:55:00,199.36,199.67,198.9915,199.67,900
2026-04-22 11:00:00,200,200,199,199,575
2026-04-22 11:05:00,198.655,199,198.16,198.78,1470
2026-04-22 11:10:00,199,199,198.26,198.26,630
2026-04-22 11:15:00,198.12,199.09,197.68,198.8101,985
2026-04-22 11:20:00,198.775,199.3,198.775,199.2,869
2026-04-22 11:25:00,198.78,199.11,198.49,199.11,775
2026-04-22 11:30:00,198.975,198.975,198.54,198.54,420
2026-04-22 11:35:00,198,198,197.95,197.994,750
2026-04-22 11:40:00,197.5,197.5,196.291,196.5,3247
2026-04-22 11:45:00,196.655,197.6,196.655,197.6,1045
2026-04-22 11:50:00,197.395,197.395,196.7,196.7,1200
2026-04-22 11:55:00,196.84,196.84,196.84,196.84,200
2026-04-22 12:00:00,198,198.24,197.515,197.515,1117
2026-04-22 12:05:00,197.905,197.905,197.4,197.55,2843
2026-04-22 12:10:00,197.81,197.81,197.43,197.75,2725
2026-04-22 12:15:00,197.685,197.685,197,197.25,2977
2026-04-22 12:20:00,197.25,197.4,197.225,197.375,1780
2026-04-22 12:25:00,197.05,197.3,196.6,197.3,12454
2026-04-22 12:30:00,196.87,196.87,196.5,196.7522,4150
2026-04-22 12:35:00,197.155,197.4055,196.84,196.84,1280
2026-04-22 12:40:00,197,197.2,196.865,196.865,1030
2026-04-22 12:45:00,196.57,196.755,196.56,196.755,1230
2026-04-22 12:50:00,196.79,196.79,196.5,196.5,1110
2026-04-22 12:55:00,196.695,196.695,195.8805,195.9201,9638
2026-04-22 13:00:00,196.0001,197.8315,196.0001,197.49,5160
2026-04-22 13:05:00,197.94,197.95,197.34,197.62,2300
2026-04-22 13:10:00,197.71,198.21,197.35,197.35,6238
2026-04-22 13:15:00,197.76,198.035,197.1401,197.1401,1049
2026-04-22 13:20:00,197.53,197.53,197.53,197.53,1000
2026-04-22 13:30:00,198.16,198.95,198.16,198.9499,800
2026-04-22 13:35:00,198.18,198.18,197.9103,197.9103,740
2026-04-22 13:40:00,197.95,197.95,197.87,197.87,500
2026-04-22 13:45:00,197.86,198.7478,197.86,198.7478,740
2026-04-22 13:50:00,197.6829,198.44,197.6829,198.405,2720
2026-04-22 13:55:00,197.975,198.03,197.75,198.03,2629
2026-04-22 14:00:00,197.88,197.88,197.88,197.88,200
2026-04-22 14:05:00,197.86,197.86,197.85,197.85,300
2026-04-22 14:10:00,197.05,197.47,197.05,197.47,600
2026-04-22 14:15:00,197.655,197.655,197.445,197.445,550
2026-04-22 14:20:00,197.03,197.0801,196.34,196.34,3492
2026-04-22 14:25:00,196.97,196.97,196.66,196.66,723
2026-04-22 14:30:00,196.66,196.68,196.66,196.68,700
2026-04-22 14:35:00,196.925,196.925,196.72,196.72,320
2026-04-22 14:40:00,197.14,197.14,196.5,196.525,1485
2026-04-22 14:45:00,196.85,197.33,196.85,197.31,950
2026-04-22 14:50:00,197.32,197.405,197.15,197.15,820
2026-04-22 14:55:00,197,197.2,197,197.2,200
2026-04-22 15:00:00,197.23,197.23,197.19,197.19,674
2026-04-22 15:05:00,196.8038,197.33,196.8038,196.99,900
2026-04-22 15:10:00,197.155,197.155,196.5,196.5,872
2026-04-22 15:15:00,196.79,196.79,196.55,196.55,300
2026-04-22 15:20:00,196.39,196.48,196.34,196.48,300
2026-04-22 15:30:00,197.125,197.125,196.94,196.94,335
2026-04-22 15:35:00,196.945,196.945,196.8,196.9,1762
2026-04-22 15:40:00,196.94,197.34,196.51,196.51,17742
2026-04-22 15:45:00,196.8816,196.8816,196.665,196.715,1535
2026-04-22 15:50:00,196.88,197.28,196.3,196.695,4446
2026-04-22 15:55:00,196.905,196.95,195.5,196.8675,9260
2026-04-22 16:00:00,196.79,196.79,195.76,195.76,3149
2026-04-22 16:05:00,197.42,197.42,196.05,196.05,300
2026-04-22 16:20:00,197.74,197.96,197.74,197.96,200
2026-04-22 18:35:00,197.25,197.25,197.25,197.25,300
2026-04-22 18:40:00,197.94,197.96,197.94,197.96,200
2026-04-22 19:05:00,197.0604,197.0604,197.0604,197.0604,100
2026-04-22 19:45:00,197.5,197.5,197.5,197.5,100
2026-04-22 19:55:00,197.5,197.5,197.5,197.5,985
2026-04-23 04:00:00,192.31,193,192.14,193,679
2026-04-23 04:45:00,190,190,190,190,100
2026-04-23 05:10:00,189,189,189,189,499
2026-04-23 05:20:00,190.49,190.49,190.49,190.49,600
2026-04-23 05:35:00,189.6,189.6,189.6,189.6,100
2026-04-23 06:05:00,189.66,190.22,189.66,190.22,800
2026-04-23 06:30:00,189.99,189.99,189.99,189.99,100
2026-04-23 06:35:00,187.3,187.3,187.3,187.3,293
2026-04-23 07:00:00,188.99,188.99,188.99,188.99,248
2026-04-23 07:05:00,188.5,188.5,188.5,188.5,100
2026-04-23 07:15:00,188.74,189,188,188.81,973
2026-04-23 07:20:00,188.55,188.58,188.27,188.27,545
2026-04-23 07:25:00,188.5,188.5,188,188,2238
2026-04-23 07:30:00,188.58,188.58,187.8488,187.8488,765
2026-04-23 07:40:00,189,189,189,189,441
2026-04-23 07:45:00,190,190,190,190,200
2026-04-23 07:50:00,189.94,190,189.94,190,520
2026-04-23 07:55:00,191,191.36,191,191.36,758
2026-04-23 08:00:00,191.5,192.88,191.5,192.88,442
2026-04-23 08:05:00,192.99,193.68,192.99,193.68,647
2026-04-23 08:10:00,193.33,193.33,193.33,193.33,450
2026-04-23 08:15:00,193.04,193.5,193.04,193.5,338
2026-04-23 08:25:00,192.77,192.77,192.77,192.77,100
2026-04-23 08:30:00,193.4,193.57,193.4,193.57,266
2026-04-23 08:35:00,193.2932,194.39,193.2932,194.39,700
2026-04-23 08:40:00,193.5,193.5,193.5,193.5,154
2026-04-23 08:45:00,193.5,193.5,193.06,193.06,300
2026-04-23 08:55:00,193.72,193.72,193.72,193.72,112
2026-04-23 09:10:00,193.25,193.25,193,193,208
2026-04-23 09:25:00,191.54,191.54,191.54,191.54,200
2026-04-23 09:30:00,191.85,193.4899,189.88,189.88,10817
2026-04-23 09:35:00,190.22,190.98,188.56,190.105,6690
2026-04-23 09:40:00,190.9,193.03,190.9,192.95,4779
2026-04-23 09:45:00,192.56,193.745,192.56,193.35,2970
2026-04-23 09:50:00,193.1,194.86,192,192,5395
2026-04-23 09:55:00,191.435,191.93,190.91,191,940
2026-04-23 10:00:00,190.825,191.14,190.33,190.61,2500
2026-04-23 10:05:00,190.695,190.695,189.415,189.94,4644
2026-04-23 10:10:00,190.015,190.57,189.39,190.57,3464
2026-04-23 10:15:00,190.465,191.55,190.2201,190.75,2516
2026-04-23 10:20:00,191,192,191,192,2501
2026-04-23 10:25:00,191.81,192.655,191.53,192.655,5050
2026-04-23 10:30:00,192.46,192.49,192,192,2357
2026-04-23 10:35:00,191.8,192.08,191.8,191.89,500
2026-04-23 10:40:00,191.495,191.59,190.74,190.98,2502
2026-04-23 10:45:00,190.8801,191.29,190.3,190.79,2296
2026-04-23 10:50:00,190.57,191.64,190.29,191.53,1072
2026-04-23 10:55:00,191.72,191.9,191.24,191.65,1960
2026-04-23 11:00:00,191.2,191.21,190.865,190.865,760
2026-04-23 11:05:00,190.85,190.85,190.17,190.17,850
2026-04-23 11:10:00,190.59,191.1,190.45,190.505,1462
2026-04-23 11:15:00,190.41,191.67,190.325,191.525,5368
2026-04-23 11:20:00,191.49,191.53,190.9,191.33,1902
2026-04-23 11:25:00,191.115,192.47,191.115,191.385,1430
2026-04-23 11:30:00,191,191.85,190.87,191.35,1600
2026-04-23 11:35:00,190.7801,191.13,190.5801,190.76,1440
2026-04-23 11:40:00,190.835,191.3,190.79,191.06,2454
2026-04-23 11:45:00,190.87,190.9546,189.59,189.72,6034
2026-04-23 11:50:00,189.68,189.85,189.5,189.5,1100
2026-04-23 11:55:00,189.71,189.86,189.2001,189.2001,2100
2026-04-23 12:00:00,189.48,190.6388,189.4701,190.305,3428
2026-04-23 12:05:00,189.5601,190.37,189.5601,190.29,1690
2026-04-23 12:10:00,190.16,190.46,189.705,189.705,3181
2026-04-23 12:15:00,190,190.2,189.98,190.11,1175
2026-04-23 12:20:00,189.93,190.185,189.7,190.185,1090
2026-04-23 12:25:00,189.78,189.78,189.48,189.625,769
2026-04-23 12:30:00,189.53,189.71,189.39,189.705,1520
2026-04-23 12:35:00,189.69,189.69,189.255,189.3,1699
2026-04-23 12:40:00,190.02,190.4,189.5,190.4,1300
2026-04-23 12:45:00,190.6599,190.6599,189.64,189.76,1000
2026-04-23 12:50:00,189.75,190,189.12,189.12,1760
2026-04-23 12:55:00,189.11,189.11,188.41,188.56,7126
2026-04-23 13:00:00,188.68,188.78,187.235,187.5,6034
2026-04-23 13:05:00,186.94,187,183.5,184,16319
2026-04-23 13:10:00,183.7601,184.92,183.21,183.7325,4385
2026-04-23 13:15:00,183.705,183.705,182.01,182.4,3862
2026-04-23 13:20:00,182.365,183.3199,182.05,183.1099,4200
2026-04-23 13:25:00,182.23,184.6966,182.23,183.82,5149
2026-04-23 13:30:00,184.24,184.31,183.4633,183.99,3664
2026-04-23 13:35:00,184.1564,184.1564,182.39,182.48,7149
2026-04-23 13:40:00,182.24,182.28,180,180.01,13244
2026-04-23 13:45:00,179.83,181.94,179,181.0051,11063
2026-04-23 13:50:00,180.59,184.44,180.2583,183.47,6829
2026-04-23 13:55:00,183.2,185.62,183.2,185.225,11175
2026-04-23 14:00:00,185.3,187.41,184.84,186.49,11431
2026-04-23 14:05:00,186.5,186.87,185.575,186.33,3750
2026-04-23 14:10:00,186.2,186.97,185.6301,186.48,3979
2026-04-23 14:15:00,185.385,186.33,185.34,186.06,900
2026-04-23 14:20:00,185.26,186.58,185.1,186.09,3140
2026-04-23 14:25:00,186.27,187.45,186.2,187.45,3756
2026-04-23 14:30:00,187.7,188.73,187.6101,188.73,3145
2026-04-23 14:35:00,188.19,189,187.86,187.97,5905
2026-04-23 14:40:00,188.075,188.09,187.7409,188.09,1000
2026-04-23 14:45:00,188.4937,188.4937,187.09,187.26,1659
2026-04-23 14:50:00,187.92,188.42,187.73,187.73,775
2026-04-23 14:55:00,187.26,187.385,186.1101,186.925,6600
2026-04-23 15:00:00,187.53,187.56,185.66,185.81,10320
2026-04-23 15:05:00,185.91,186.21,185.91,185.95,816
2026-04-23 15:10:00,186.29,186.29,185.75,186,775
2026-04-23 15:15:00,186.55,187.09,186.35,186.5,1221
2026-04-23 15:20:00,186.33,186.48,186.33,186.48,353
2026-04-23 15:25:00,186.3268,186.42,185.74,186.42,1645
2026-04-23 15:30:00,186.3,186.75,185.25,185.25,1482
2026-04-23 15:35:00,185.25,185.25,184.64,185.08,2950
2026-04-23 15:40:00,185.4563,185.545,185,185.5231,3415
2026-04-23 15:45:00,185.1701,186.41,185.1701,186.41,700
2026-04-23 15:50:00,185.98,187.7,185.73,187.7,1633
2026-04-23 15:55:00,187.7,188.23,187.105,187.105,5823
2026-04-23 16:00:00,187.32,187.32,187.32,187.32,2072
2026-04-23 16:05:00,188.2241,188.2955,188.2241,188.2955,266
2026-04-23 16:10:00,186.2743,186.2743,186.2743,186.2743,375
2026-04-23 16:15:00,187.02,187.02,187.02,187.02,133
2026-04-23 16:25:00,187.65,187.65,187.65,187.65,127
2026-04-23 16:30:00,187.5,187.91,187.5,187.91,375
2026-04-23 16:50:00,187.45,187.45,187.45,187.45,100
2026-04-23 17:05:00,187.71,187.71,187.71,187.71,146
2026-04-23 17:40:00,187.0284,187.0284,187.0284,187.0284,100
2026-04-23 17:55:00,187.99,187.99,187.99,187.99,197
2026-04-23 18:10:00,188.1765,188.1765,188.1765,188.1765,600
2026-04-23 18:25:00,187.59,187.59,187.59,187.59,100
2026-04-23 19:25:00,188,188,188,188,100
2026-04-23 19:55:00,187.75,187.75,187.6245,187.6245,650
2026-04-24 04:00:00,186.75,186.75,186.02,186.02,993
2026-04-24 04:05:00,185.93,186.01,185.73,185.86,3380
2026-04-24 04:10:00,185.83,185.83,185.54,185.54,1628
2026-04-24 07:00:00,186.7,186.7,186.7,186.7,200
2026-04-24 07:05:00,187,188.47,187,188.47,1189
2026-04-24 07:10:00,189.77,189.77,189.77,189.77,102
2026-04-24 07:20:00,189.77,191.32,189.77,191.02,864
2026-04-24 07:25:00,191.82,192.86,191.82,192.86,2710
2026-04-24 07:30:00,191.3958,193,191.3958,192.56,1383
2026-04-24 07:35:00,192.54,192.55,192.54,192.55,800
2026-04-24 07:40:00,191.6,191.6,191.06,191.06,380
2026-04-24 07:55:00,192,192,192,192,100
2026-04-24 08:05:00,192.5,192.5,192.5,192.5,150
2026-04-24 08:20:00,192.8,192.8,192.5,192.5,438
2026-04-24 08:25:00,192.6045,192.6045,192.6045,192.6045,104
2026-04-24 08:30:00,192,192,192,192,100
2026-04-24 08:40:00,191,191,191,191,169
2026-04-24 08:45:00,190,190,190,190,295
2026-04-24 09:05:00,190.46,190.46,190.46,190.46,100
2026-04-24 09:15:00,190.55,190.55,190.55,190.55,100
2026-04-24 09:20:00,191.02,191.0881,190.97,191.0881,782
2026-04-24 09:30:00,190.7,191.96,188,188.12,8197
2026-04-24 09:35:00,188.55,189.32,187.33,188.98,7784
2026-04-24 09:40:00,189.36,190.41,189.24,190.17,9949
2026-04-24 09:45:00,190.02,191.62,189.45,189.81,1600
2026-04-24 09:50:00,190.395,191.39,189.8101,189.8101,2932
2026-04-24 09:55:00,189.7,192.045,189.7,192.045,3775
2026-04-24 10:00:00,191.965,192.8,191.09,192.8,5353
2026-04-24 10:05:00,192.95,194.68,192.19,194.5122,10403
2026-04-24 10:10:00,194.07,195.94,193.94,194.51,10327
2026-04-24 10:15:00,194.99,196.42,194.985,196.005,12418
2026-04-24 10:20:00,195.845,196.0355,194.4075,194.4075,3444
2026-04-24 10:25:00,194.1,194.8499,193.05,194.702,6597
2026-04-24 10:30:00,193.85,195.17,193.59,194.985,3100
2026-04-24 10:35:00,194.74,195.15,194.13,194.8851,9170
2026-04-24 10:40:00,194.56,195.2999,194.27,194.68,5123
2026-04-24 10:45:00,195.2699,195.2699,193.78,193.78,2380
2026-04-24 10:50:00,194.9799,194.9799,193.4,193.55,3594
2026-04-24 10:55:00,193.76,193.76,192.36,192.6,3327
2026-04-24 11:00:00,192.935,193.27,192.57,192.96,2990
2026-04-24 11:05:00,193.04,193.8,192.6615,193.705,1235
2026-04-24 11:10:00,194,194,193.1,193.1,1328
2026-04-24 11:15:00,193.33,193.42,192.98,193.07,1700
2026-04-24 11:20:00,193.43,193.45,193.01,193.01,900
2026-04-24 11:25:00,192.35,192.4,192,192.4,1020
2026-04-24 11:30:00,192.3274,192.52,192.3274,192.46,500
2026-04-24 11:35:00,192.97,192.97,192.545,192.67,700
2026-04-24 11:40:00,193,194.4899,192.54,194.4899,4563
2026-04-24 11:45:00,194.815,195.76,193.67,194.93,1929
2026-04-24 11:50:00,194.27,195.43,194.155,195.43,7936
2026-04-24 11:55:00,195.07,195.6,194.6501,195.6,4815
2026-04-24 12:00:00,195.8,195.89,195.01,195.5,2856
2026-04-24 12:05:00,195.112,195.112,194.83,195.09,1100
2026-04-24 12:10:00,195.1,195.1,194.6776,194.805,887
2026-04-24 12:15:00,194.62,194.62,194.62,194.62,792
2026-04-24 12:20:00,194.76,195.11,194.64,194.64,1040
2026-04-24 12:25:00,195.22,195.22,194.815,194.815,1291
2026-04-24 12:30:00,195,196.04,195,195.89,9835
2026-04-24 12:35:00,196.08,196.08,195.01,195.01,852
2026-04-24 12:40:00,195.21,195.5,194.5,194.5,1540
2026-04-24 12:45:00,195.0235,195.17,194.87,194.995,965
2026-04-24 12:50:00,195.25,195.9,195.25,195.9,1405
2026-04-24 12:55:00,195.75,196,195.62,196,302
2026-04-24 13:00:00,196.15,196.15,195.64,195.85,1700
2026-04-24 13:05:00,195.5712,195.575,195.45,195.575,600
2026-04-24 13:10:00,195.48,195.675,195.48,195.675,640
2026-04-24 13:15:00,195.54,195.88,195.53,195.88,1500
2026-04-24 13:20:00,195.5,195.75,195.485,195.6632,2097
2026-04-24 13:25:00,195.81,195.81,195.42,195.72,520
2026-04-24 13:30:00,195.7,195.7,195.1,195.37,500
2026-04-24 13:35:00,195.1784,195.556,194.96,194.96,1496
2026-04-24 13:40:00,195.26,195.41,195.105,195.105,2193
2026-04-24 13:45:00,195.2,195.2,194.89,194.89,300
2026-04-24 13:50:00,194.845,195.065,194.845,195.01,1100
2026-04-24 13:55:00,195.425,195.425,194.88,194.88,400
2026-04-24 14:00:00,194.6,195.075,194.6,195.04,2100
2026-04-24 14:05:00,194.87,195.26,194.475,195.26,700
2026-04-24 14:10:00,195.26,195.26,195.08,195.08,425
2026-04-24 14:15:00,195.26,195.26,195.26,195.26,100
2026-04-24 14:20:00,195.165,195.165,195.1,195.1,398
2026-04-24 14:30:00,194.9867,195.03,194.855,195.03,470
2026-04-24 14:35:00,195.031,195.08,194.67,194.67,700
2026-04-24 14:40:00,195.1,195.15,194.835,195.15,500
2026-04-24 14:45:00,194.44,194.66,194.44,194.5562,700
2026-04-24 14:50:00,195.2499,195.2499,195.2499,195.2499,2000
2026-04-24 14:55:00,194.93,195.3568,194.93,195.03,2700
2026-04-24 15:00:00,195.49,196.25,195.2201,195.6,7268
2026-04-24 15:05:00,196.17,196.17,195.13,195.13,5334
2026-04-24 15:10:00,195.19,195.19,195.19,195.19,100
2026-04-24 15:15:00,195.5,195.985,195.5,195.61,1101
2026-04-24 15:20:00,195.19,195.37,194.595,194.595,1900
2026-04-24 15:25:00,194.65,195,194.65,195,380
2026-04-24 15:30:00,194.83,194.99,194.78,194.955,4463
2026-04-24 15:35:00,194.95,195.12,194.7,194.71,3107
2026-04-24 15:40:00,194.745,194.99,194.42,194.4501,1003
2026-04-24 15:45:00,194.42,194.42,194.42,194.42,100
2026-04-24 15:50:00,194,194.65,193.32,194.65,4215
2026-04-24 15:55:00,194.95,196.12,194.95,195.51,6699
2026-04-24 16:00:00,195.39,195.39,195.32,195.32,1017
2026-04-24 16:25:00,195.5,196.3584,195.5,196.3584,1156
2026-04-24 16:35:00,195.55,195.55,195.5,195.5,1100
2026-04-24 16:50:00,195.05,195.05,195.03,195.03,200
2026-04-24 17:00:00,195,195,195,195,150
2026-04-24 17:05:00,195.05,195.05,195.05,195.05,105
2026-04-24 18:15:00,195.1365,195.1365,195.1365,195.1365,100
2026-04-24 18:25:00,195.7659,195.7659,195.7659,195.7659,300
2026-04-24 19:05:00,195.43,195.43,195.43,195.43,100
2026-04-24 19:25:00,195.2,195.2,195.2,195.2,100
2026-04-24 19:50:00,195.1625,195.1625,195.1625,195.1625,575
2026-04-27 04:05:00,193.53,193.53,193.53,193.53,120
2026-04-27 07:25:00,194.6,194.6,194.6,194.6,4768
2026-04-27 07:40:00,193.7,193.8,193.7,193.8,2362
2026-04-27 07:50:00,193.8,193.8,193.8,193.8,1163
2026-04-27 07:55:00,193.8,193.8,193.8,193.8,197
2026-04-27 08:00:00,193.2041,193.5453,193.2041,193.5453,200
2026-04-27 08:05:00,193.55,193.55,193.4445,193.4445,230
2026-04-27 08:10:00,193.88,193.88,193.88,193.88,110
2026-04-27 08:40:00,192.6,192.6,192.6,192.6,550
2026-04-27 08:55:00,192.28,192.28,192.28,192.28,102
2026-04-27 09:05:00,191.956,191.956,191.956,191.956,128
2026-04-27 09:10:00,192.0789,192.0789,192.0789,192.0789,300
2026-04-27 09:15:00,192.4555,192.4555,192.22,192.446,300
2026-04-27 09:25:00,191.69,191.69,191.69,191.69,200
2026-04-27 09:30:00,192,192,188.689,189.51,24202
2026-04-27 09:35:00,189.6,190.5228,187,187.055,13061
2026-04-27 09:40:00,186.88,190.015,186.88,189.915,8735
2026-04-27 09:45:00,189.71,190,187.62,187.62,4976
2026-04-27 09:50:00,187.56,191.14,187.05,191.14,9414
2026-04-27 09:55:00,191.33,192,191.27,191.5,2140
2026-04-27 10:00:00,190.645,190.97,190.4,190.55,800
2026-04-27 10:05:00,190.7,191.07,189.3927,189.3927,2712
2026-04-27 10:10:00,189.34,191,189.0501,191,1073
2026-04-27 10:15:00,189.8,191.49,189.63,191.35,1347
2026-04-27 10:20:00,191.49,191.77,191.195,191.61,13849
2026-04-27 10:25:00,191.1,191.1,190.22,190.22,2940
2026-04-27 10:30:00,190.08,190.08,188.9153,189.145,9622
2026-04-27 10:35:00,189.43,190.05,188.32,188.92,4881
2026-04-27 10:40:00,189.21,189.21,188.5,189.135,2015
2026-04-27 10:45:00,189.72,189.86,189,189.581,1115
2026-04-27 10:50:00,190,190.06,189.12,189.12,1295
2026-04-27 10:55:00,188.9,189.2,188.4935,188.96,3051
2026-04-27 11:00:00,189.06,189.25,187,187,5305
2026-04-27 11:05:00,187.32,188.065,186.95,187.73,3589
2026-04-27 11:10:00,187.94,188.03,187.5,187.5,2014
2026-04-27 11:15:00,187.5,188.08,187.41,187.45,2957
2026-04-27 11:20:00,187.7819,187.85,186.84,186.84,2490
2026-04-27 11:25:00,186.77,188.31,186.77,188.2,6874
2026-04-27 11:30:00,187.955,188.11,187.6,187.6,3297
2026-04-27 11:35:00,187.61,188.15,187.61,188.15,1660
2026-04-27 11:40:00,188.1,188.395,187.72,187.99,3700
2026-04-27 11:45:00,187.57,188.4,187.39,188.4,1040
2026-04-27 11:50:00,187.94,188.02,187.43,187.61,700
2026-04-27 11:55:00,187.655,187.7199,187.5458,187.7199,563
2026-04-27 12:00:00,187.01,187.5561,187.01,187.36,2100
2026-04-27 12:05:00,187.72,187.94,187.565,187.6925,1000
2026-04-27 12:10:00,188.1222,188.29,187.7,187.735,1479
2026-04-27 12:15:00,188.29,188.29,188.03,188.03,2011
2026-04-27 12:20:00,187.985,187.985,187.59,187.8093,950
2026-04-27 12:25:00,187.55,187.935,187.55,187.88,1000
2026-04-27 12:30:00,188.33,188.694,188.33,188.6,500
2026-04-27 12:35:00,189.19,189.69,189.19,189.29,8002
2026-04-27 12:40:00,188.76,189,188.1101,188.5,1303
2026-04-27 12:45:00,188.49,188.49,188.385,188.385,1215
2026-04-27 12:50:00,188.423,188.692,188.36,188.52,1285
2026-04-27 12:55:00,188.345,188.4,188.31,188.4,420
2026-04-27 13:00:00,188.52,188.545,188,188,1159
2026-04-27 13:05:00,188,188.15,187.75,187.75,11588
2026-04-27 13:10:00,187.2,187.575,187.2,187.28,3500
2026-04-27 13:15:00,187.35,187.35,186.72,186.87,2045
2026-04-27 13:20:00,186.945,187.91,186.945,187.9,4300
2026-04-27 13:25:00,188.44,188.44,188.09,188.12,985
2026-04-27 13:30:00,188.26,189.42,188.21,189.42,2227
2026-04-27 13:35:00,189.105,189.44,188.5,188.5,1471
2026-04-27 13:40:00,188.5,188.9,188.5,188.9,700
2026-04-27 13:45:00,188.795,188.795,188.795,188.795,500
2026-04-27 13:50:00,188.46,188.46,188.46,188.46,100
2026-04-27 13:55:00,189.15,189.15,189.15,189.15,155
2026-04-27 14:00:00,188.935,189.13,188.83,188.84,500
2026-04-27 14:05:00,188.9946,188.9946,188.9946,188.9946,115
2026-04-27 14:10:00,189,189.25,189,189,470
2026-04-27 14:15:00,189.41,189.42,189.08,189.24,500
2026-04-27 14:20:00,189.215,189.42,189.215,189.42,500
2026-04-27 14:25:00,190,190,189.09,189.505,725
2026-04-27 14:30:00,189.03,189.03,188.83,188.83,550
2026-04-27 14:35:00,189.19,189.3,189.08,189.28,800
2026-04-27 14:40:00,189.22,189.35,189.1,189.1,500
2026-04-27 14:45:00,189.1925,190,189.1925,190,6940
2026-04-27 14:50:00,190.31,190.75,189.97,189.97,2399
2026-04-27 14:55:00,189.63,189.79,189.63,189.79,824
2026-04-27 15:00:00,189.82,190.23,189.39,189.395,700
2026-04-27 15:05:00,189.3,189.3,189.28,189.28,386
2026-04-27 15:10:00,189.75,190.02,189.75,190,650
2026-04-27 15:15:00,189.75,189.81,189.42,189.78,815
2026-04-27 15:20:00,189.9399,189.9399,189.495,189.72,949
2026-04-27 15:25:00,189.645,189.75,189.5,189.54,6295
2026-04-27 15:30:00,189.38,189.69,189.26,189.31,3880
2026-04-27 15:35:00,189.1801,189.57,189.18,189.57,1729
2026-04-27 15:40:00,189.56,189.56,189.49,189.49,820
2026-04-27 15:45:00,189.525,189.525,189.3,189.45,986
2026-04-27 15:50:00,189.09,189.09,188.7,188.7,2723
2026-04-27 15:55:00,188.6,189.18,188.3455,188.73,8546
2026-04-27 16:00:00,188.84,188.84,188.84,188.84,1912
2026-04-27 16:30:00,188.1759,188.1759,188.1759,188.1759,500
2026-04-27 16:45:00,188.19,188.19,188.19,188.19,116
2026-04-27 18:30:00,188.5,188.5,188.5,188.5,200
2026-04-27 18:35:00,188.35,188.35,188.35,188.35,1000
2026-04-27 18:45:00,188.3158,188.3158,188.3158,188.3158,100
2026-04-27 19:10:00,188.7,188.7,188.7,188.7,100
2026-04-27 19:50:00,188.99,188.99,188.9857,188.9857,200
2026-04-28 04:00:00,187.43,187.43,184.17,187,600
2026-04-28 04:15:00,182.56,182.56,182.54,182.54,371
2026-04-28 04:45:00,183.75,183.75,183.75,183.75,200
2026-04-28 06:10:00,181.33,181.33,181.31,181.31,340
2026-04-28 07:00:00,181.8,181.8,181.8,181.8,200
2026-04-28 07:05:00,181.5,181.5,181.169,181.169,650
2026-04-28 07:10:00,181.05,181.05,180.5754,180.81,765
2026-04-28 07:15:00,180,180.5,180,180.5,500
2026-04-28 07:25:00,180.51,180.51,180,180,2250
2026-04-28 07:30:00,179.875,179.875,179,179,400
2026-04-28 07:35:00,178.2,178.2,177,177.73,1060
2026-04-28 07:40:00,178.03,178.25,178.03,178.25,313
2026-04-28 07:45:00,178.01,178.01,177.2,177.2,640
2026-04-28 07:50:00,177.63,177.7,177,177,763
2026-04-28 07:55:00,177.51,177.7,177.42,177.42,300
2026-04-28 08:00:00,177.48,177.72,177.2826,177.72,476
2026-04-28 08:05:00,178,178.3,177.578,177.65,734
2026-04-28 08:15:00,178.49,178.5,178.49,178.5,500
2026-04-28 08:20:00,179.19,179.3,178.5,179.3,499
2026-04-28 08:25:00,178,178,178,178,200
2026-04-28 08:30:00,178,178,178,178,397
2026-04-28 08:35:00,178.5,178.5,178.5,178.5,241
2026-04-28 08:45:00,179.5,180.15,179.5,179.77,1000
2026-04-28 08:50:00,179.8671,179.93,179.8671,179.93,200
2026-04-28 09:00:00,180.5139,180.5139,179.65,179.65,600
2026-04-28 09:05:00,179.5,179.5,178.75,178.75,670
2026-04-28 09:15:00,178.05,178.05,178.05,178.05,194
2026-04-28 09:20:00,178.9,178.9,178.9,178.9,250
2026-04-28 09:25:00,177.94,177.94,177.94,177.94,127
2026-04-28 09:30:00,178,179,176.44,177.53,32825
2026-04-28 09:35:00,177.52,178,174.81,176.64,16356
2026-04-28 09:40:00,176.699,180.43,176.3801,179.26,17137
2026-04-28 09:45:00,179.395,179.87,178.65,178.86,12081
2026-04-28 09:50:00,178.53,178.88,176.844,177.145,4559
2026-04-28 09:55:00,176.84,177.13,176.49,176.49,2097
2026-04-28 10:00:00,176.13,177,174.3308,174.34,19030
2026-04-28 10:05:00,174.23,175.63,174.06,175.0795,12199
2026-04-28 10:10:00,174.8,175.91,174.52,175,12540
2026-04-28 10:15:00,175.055,175.35,173.66,174.8,17971
2026-04-28 10:20:00,174.99,175.435,173.8,173.995,11351
2026-04-28 10:25:00,174.55,175.26,173.35,174.12,14521
2026-04-28 10:30:00,173.77,174.49,172.59,172.79,13207
2026-04-28 10:35:00,172.58,172.58,171.365,171.535,9768
2026-04-28 10:40:00,171.25,172.6999,170.69,172.205,10280
2026-04-28 10:45:00,172.3,172.72,170.88,170.88,8493
2026-04-28 10:50:00,170.77,171.42,170.31,170.9115,13000
2026-04-28 10:55:00,170.935,172.39,170.8,172.39,4126
2026-04-28 11:00:00,172.55,173.41,171.595,171.595,12374
2026-04-28 11:05:00,171.83,172.21,171,171.6492,6775
2026-04-28 11:10:00,171.7681,172.21,171.14,172,6216
2026-04-28 11:15:00,171.64,172.66,171.35,171.9585,4722
2026-04-28 11:20:00,171.73,172.04,171.2,171.5451,7023
2026-04-28 11:25:00,171.6074,172.5699,171.6074,172.5699,2859
2026-04-28 11:30:00,171.64,171.65,170.88,171.01,2260
2026-04-28 11:35:00,171.15,172.16,170.87,171.03,6295
2026-04-28 11:40:00,171.26,171.695,171.26,171.285,2511
2026-04-28 11:45:00,171.07,171.8,171.07,171.585,1215
2026-04-28 11:50:00,172.16,172.37,172.085,172.215,4638
2026-04-28 11:55:00,172.02,172.105,171.68,172.105,4766
2026-04-28 12:00:00,171.8,171.85,171.285,171.675,1910
2026-04-28 12:05:00,171.635,172.06,171.315,171.47,4849
2026-04-28 12:10:00,171.65,171.86,171.52,171.81,2897
2026-04-28 12:15:00,171.7,171.7,171.17,171.425,4948
2026-04-28 12:20:00,171.56,171.565,171.38,171.38,830
2026-04-28 12:25:00,171.61,171.71,171.4,171.49,2050
2026-04-28 12:30:00,171.65,171.8481,170.91,171.025,3299
2026-04-28 12:35:00,170.91,171.52,170.88,171.3,4201
2026-04-28 12:40:00,171.3,171.625,171,171.131,1892
2026-04-28 12:45:00,171,171.35,170.94,171.17,1813
2026-04-28 12:50:00,171.495,172.3305,171.495,172.3305,3950
2026-04-28 12:55:00,172.07,172.1936,171.37,171.37,2205
2026-04-28 13:00:00,172.045,172.5,171.34,171.7111,1221
2026-04-28 13:05:00,171.22,171.73,171.15,171.5,2100
2026-04-28 13:10:00,171.16,171.49,171.15,171.18,1700
2026-04-28 13:15:00,171.27,171.27,170.65,170.725,6628
2026-04-28 13:20:00,171.315,171.6699,170.8601,171.45,2033
2026-04-28 13:25:00,171.525,171.64,171.2801,171.2801,2000
2026-04-28 13:30:00,171.74,172.9,171.74,172.9,5061
2026-04-28 13:35:00,172.955,173.15,172.955,173.085,4974
2026-04-28 13:40:00,172.98,173.47,172.97,173.205,4143
2026-04-28 13:45:00,173.01,173.095,172.36,172.36,1800
2026-04-28 13:50:00,172.41,172.41,172.08,172.08,715
2026-04-28 13:55:00,172.225,172.38,172.1,172.24,1690
2026-04-28 14:00:00,172.615,172.615,172.48,172.49,900
2026-04-28 14:05:00,172.61,172.9699,172.61,172.9,592
2026-04-28 14:10:00,172.94,172.94,172.5,172.905,1583
2026-04-28 14:15:00,172.95,173.22,172.89,173.22,1990
2026-04-28 14:20:00,173.16,173.77,173.16,173.6522,1802
2026-04-28 14:25:00,173.73,174.56,173.73,174.56,7042
2026-04-28 14:30:00,174.66,174.67,173.7901,173.7901,4504
2026-04-28 14:35:00,173.6,173.7421,173.35,173.7176,3730
2026-04-28 14:40:00,173.645,173.93,173.52,173.64,1668
2026-04-28 14:45:00,173.47,173.7199,173.26,173.565,15286
2026-04-28 14:50:00,173.35,173.82,173.27,173.775,3165
2026-04-28 14:55:00,173.54,173.7972,173.54,173.7972,600
2026-04-28 15:00:00,173.65,174,173.44,173.5999,1600
2026-04-28 15:05:00,173.73,174.55,173.73,173.89,3080
2026-04-28 15:10:00,173.88,174.049,173.3401,173.65,6542
2026-04-28 15:15:00,173.4,173.4,172.5834,172.6482,3940
2026-04-28 15:20:00,172.4,172.7072,172.27,172.7072,1296
2026-04-28 15:25:00,172.86,173.18,172.83,173.18,3400
2026-04-28 15:30:00,172.8936,173.11,172.5296,172.7151,3158
2026-04-28 15:35:00,172.5,172.9,172.5,172.67,5750
2026-04-28 15:40:00,173.03,173.03,172.31,172.43,11148
2026-04-28 15:45:00,172.26,172.62,172.17,172.36,3700
2026-04-28 15:50:00,172.5036,172.78,172.38,172.405,1457
2026-04-28 15:55:00,172.3,172.7999,171.97,172.31,9168
2026-04-28 16:00:00,172.31,172.31,172.31,172.31,1757
2026-04-28 16:05:00,172.21,172.21,172.21,172.21,1350
2026-04-28 16:10:00,171.248,171.61,171.248,171.61,200
2026-04-28 17:25:00,172.2,172.2,172.2,172.2,100
2026-04-28 17:30:00,172.5,172.5,172.5,172.5,100
2026-04-28 17:45:00,173.08,173.1,173.08,173.1,209
2026-04-28 18:30:00,172.2,172.2,172.2,172.2,100
2026-04-28 18:45:00,172.2,172.2,172.2,172.2,157
2026-04-28 18:50:00,172.26,172.26,172.2,172.2,200
2026-04-28 19:05:00,172.05,172.05,172.05,172.05,100
2026-04-28 19:15:00,172.1,172.1,172.1,172.1,100
2026-04-28 19:35:00,172.3349,172.3349,172.3349,172.3349,100
2026-04-28 19:55:00,172,172,172,172,100
2026-04-29 04:00:00,174,174,173,173,423
2026-04-29 04:25:00,169.75,169.75,169.74,169.74,339
2026-04-29 04:35:00,169.09,169.09,169.09,169.09,488
2026-04-29 04:45:00,169.83,169.83,169.83,169.83,200
2026-04-29 05:00:00,169.65,169.65,169.65,169.65,208
2026-04-29 06:00:00,171.2,171.2,171.2,171.2,100
2026-04-29 07:05:00,170.33,170.33,170.01,170.01,2174
2026-04-29 07:15:00,170.5,170.5,170.5,170.5,100
2026-04-29 07:30:00,170.03,170.3,170.03,170.1985,750
2026-04-29 07:35:00,170.02,170.5,170,170.5,1431
2026-04-29 07:45:00,169.87,169.87,169.87,169.87,215
2026-04-29 08:00:00,169.6,169.6,169.6,169.6,100
2026-04-29 08:05:00,169.59,169.59,169.59,169.59,100
2026-04-29 08:35:00,167.98,168,167.26,168,2358
2026-04-29 08:40:00,168,168,168,168,300
2026-04-29 08:45:00,168.2,168.2,167.89,167.89,300
2026-04-29 08:50:00,168,168,167.25,167.25,639
2026-04-29 08:55:00,167.15,167.2,167.15,167.2,200
2026-04-29 09:00:00,167.871,167.871,167.29,167.29,481
2026-04-29 09:10:00,167.27,167.27,167.27,167.27,400
2026-04-29 09:15:00,167.25,167.25,167.25,167.25,704
2026-04-29 09:20:00,166.35,166.35,166,166,789
2026-04-29 09:25:00,165.25,165.84,165.25,165.84,3399
2026-04-29 09:30:00,165.82,167.085,163.75,165.0884,22587
2026-04-29 09:35:00,165.44,168.09,165,167.76,14467
2026-04-29 09:40:00,167.89,168,166.96,167.43,6304
2026-04-29 09:45:00,167.53,167.53,164.195,164.21,14286
2026-04-29 09:50:00,164.0501,165.715,164.0501,165.1,34102
2026-04-29 09:55:00,165.615,166.63,165,165,12200
2026-04-29 10:00:00,164.511,164.75,163.51,163.85,16007
2026-04-29 10:05:00,163.75,164.76,163.75,164.1146,4356
2026-04-29 10:10:00,164.02,165.66,164.02,165.43,5706
2026-04-29 10:15:00,165,166.65,164.91,166.15,32008
2026-04-29 10:20:00,166,166.2265,165.0001,165.135,4114
2026-04-29 10:25:00,165,165.8999,164.6101,164.9201,10093
2026-04-29 10:30:00,164.92,165.5,164.365,164.9,3770
2026-04-29 10:35:00,164.909,165.431,164.71,165.165,3732
2026-04-29 10:40:00,165,165.02,164.4575,164.66,4122
2026-04-29 10:45:00,165,165,164.42,164.715,896
2026-04-29 10:50:00,165,165.66,164.69,164.965,3103
2026-04-29 10:55:00,164.945,165.06,164.93,164.99,2600
2026-04-29 11:00:00,164.99,165.4,164.46,164.77,13072
2026-04-29 11:05:00,164.89,165.14,164.18,164.255,3560
2026-04-29 11:10:00,164.29,164.29,163.3701,163.78,21609
2026-04-29 11:15:00,163.685,165.25,163.64,165.25,4964
2026-04-29 11:20:00,165.02,165.02,164.6,164.655,900
2026-04-29 11:25:00,164.69,164.99,164.18,164.7,3674
2026-04-29 11:30:00,165,165.34,164.59,164.59,2282
2026-04-29 11:35:00,164.365,164.365,164.365,164.365,250
2026-04-29 11:40:00,164.57,165,164.57,165,550
2026-04-29 11:45:00,165.5,166.05,165.305,165.305,6100
2026-04-29 11:50:00,165.39,165.68,163.37,163.4,4448
2026-04-29 11:55:00,163.61,164.75,163.1801,164.75,4219
2026-04-29 12:00:00,164.36,165.876,164.36,165.876,2900
2026-04-29 12:05:00,165.5,165.5,164.86,164.8637,2460
2026-04-29 12:15:00,164.8,164.8,164.61,164.625,900
2026-04-29 12:20:00,164.92,165.4,164.92,165.31,2870
2026-04-29 12:25:00,165.2199,165.2199,165.2199,165.2199,154
2026-04-29 12:30:00,164.76,164.76,163.3901,163.3901,8644
2026-04-29 12:35:00,163.6983,164.4,163.65,163.92,4230
2026-04-29 12:40:00,164.255,164.85,164.255,164.85,3257
2026-04-29 12:45:00,164.75,164.75,164.0901,164.0901,4784
2026-04-29 12:50:00,164.4201,164.4201,164.1,164.16,1030
2026-04-29 12:55:00,164.2099,164.2099,164.2099,164.2099,450
2026-04-29 13:00:00,164,164.04,163.6911,163.6911,544
2026-04-29 13:05:00,163.72,164.0193,163.68,163.88,4486
2026-04-29 13:10:00,163.89,164,163.89,163.9,1400
2026-04-29 13:15:00,164.0426,164.0426,163.69,163.91,3481
2026-04-29 13:20:00,164.27,164.27,164.19,164.19,700
2026-04-29 13:25:00,163.88,163.88,163.5201,163.82,3604
2026-04-29 13:30:00,163.66,164.35,163.66,164.26,1064
2026-04-29 13:35:00,164.135,164.26,163.9,164.26,2244
2026-04-29 13:40:00,163.87,164.04,163.85,164.04,400
2026-04-29 13:45:00,164.1,164.32,163.7,164.2,710
2026-04-29 13:50:00,164.405,164.75,164.0626,164.0626,2720
2026-04-29 13:55:00,164.42,164.465,164.42,164.465,700
2026-04-29 14:00:00,163.96,163.96,163.22,163.22,5302
2026-04-29 14:05:00,163.22,163.56,162.45,162.46,8198
2026-04-29 14:10:00,162.4446,163.02,162.2901,162.2901,4538
2026-04-29 14:15:00,162.2901,163.7337,162.2901,163.0301,6059
2026-04-29 14:20:00,163.235,163.8969,163.235,163.85,3057
2026-04-29 14:25:00,163.0201,163.9899,163.0201,163.1472,6000
2026-04-29 14:30:00,163.62,163.8799,162.691,162.9293,6550
2026-04-29 14:35:00,163.26,164.8748,163.1,163.69,7445
2026-04-29 14:40:00,163.52,163.89,162.375,162.5,6168
2026-04-29 14:45:00,162,162.95,162,162.95,2822
2026-04-29 14:50:00,162.93,163.5799,162.66,163.3,5857
2026-04-29 14:55:00,163,164.46,163,164.46,3411
2026-04-29 15:00:00,164.2951,164.86,164.1802,164.1802,6329
2026-04-29 15:05:00,163.8208,164.18,163.51,163.785,3645
2026-04-29 15:10:00,164.9999,165,164.9999,165,2500
2026-04-29 15:15:00,165.25,165.38,164.5101,165,4556
2026-04-29 15:20:00,164.38,164.54,164.0401,164.54,1182
2026-04-29 15:25:00,164,164.405,163.5001,163.5001,6408
2026-04-29 15:30:00,163.5,163.59,162.7601,162.7601,17192
2026-04-29 15:35:00,162.895,163.5899,162.75,163.16,3857
2026-04-29 15:40:00,163.2665,163.6399,163.175,163.47,3996
2026-04-29 15:45:00,163.65,163.7,163.2642,163.635,5807
2026-04-29 15:50:00,163.53,163.86,163.46,163.86,1814
2026-04-29 15:55:00,163.9,163.9,162.5,163.1,16042
2026-04-29 16:00:00,163.05,163.05,163.05,163.05,2121
2026-04-29 16:10:00,164.35,164.41,164.35,164.41,303
2026-04-29 16:15:00,163.79,163.79,163.59,163.59,200
2026-04-29 16:25:00,163.61,163.61,163.61,163.61,100
2026-04-29 16:35:00,163.61,163.61,163.55,163.55,200
2026-04-29 16:50:00,163.43,163.43,163.4,163.4,600
2026-04-29 17:20:00,163.08,163.08,163.08,163.08,200
2026-04-29 17:25:00,163.52,163.52,163.52,163.52,183
2026-04-29 17:50:00,163.15,163.15,163.15,163.15,129
2026-04-29 18:10:00,163.6,163.6,163.6,163.6,103
2026-04-29 18:25:00,163.3462,163.3462,163.3462,163.3462,100
2026-04-29 18:40:00,163.25,163.5125,163.25,163.5125,200
2026-04-29 19:30:00,163.05,163.3465,163.05,163.3465,636
2026-04-29 19:50:00,163.873,163.873,163.873,163.873,100
2026-04-29 19:55:00,163.93,163.93,163.93,163.93,100
2026-04-30 04:00:00,167,167,162.32,162.32,724
2026-04-30 05:20:00,168.99,168.99,168.99,168.99,260
2026-04-30 05:25:00,169.31,169.31,169.31,169.31,100
2026-04-30 05:50:00,170.3,170.3,168.55,168.55,520
2026-04-30 06:25:00,171.49,171.49,171.49,171.49,100
2026-04-30 06:30:00,172.4,172.4,171.5,171.5,300
2026-04-30 07:00:00,171.25,171.8,170.63,171.8,5892
2026-04-30 07:05:00,171.35,172.13,171.3462,172.13,3918
2026-04-30 07:10:00,172.11,172.5172,172.11,172.5172,300
2026-04-30 07:15:00,172.59,172.59,172.59,172.59,730
2026-04-30 07:20:00,172.5127,173.0414,172.5127,173,3145
2026-04-30 07:25:00,173.1,173.1,173.1,173.1,500
2026-04-30 07:30:00,172.85,172.85,172.55,172.55,613
2026-04-30 07:40:00,172.2,173,172,173,911
2026-04-30 07:45:00,173,173,173,173,200
2026-04-30 07:50:00,172.65,172.9,172.65,172.9,1100
2026-04-30 08:00:00,172.2583,172.5,172.2583,172.5,1507
2026-04-30 08:05:00,172.85,172.85,172.8,172.8,470
2026-04-30 08:10:00,172.5,172.5,172.2347,172.3,421
2026-04-30 08:15:00,172.99,172.99,172.8573,172.8573,401
2026-04-30 08:25:00,173.2,173.2,173.2,173.2,120
2026-04-30 08:30:00,172.5,173.71,172.5,172.55,861
2026-04-30 08:35:00,172.5,172.63,172.49,172.49,1969
2026-04-30 08:40:00,172.5,172.5,172.5,172.5,360
2026-04-30 08:45:00,172.06,172.9071,171.99,172.9071,4793
2026-04-30 08:55:00,172.65,172.8538,171.886,172.8538,614
2026-04-30 09:00:00,173,173.05,173,173.05,541
2026-04-30 09:05:00,173.23,173.23,173.23,173.23,100
2026-04-30 09:10:00,173.11,173.11,173.11,173.11,100
2026-04-30 09:15:00,173.2,173.4015,173.2,173.4015,396
2026-04-30 09:20:00,173.144,173.144,173.144,173.144,100
2026-04-30 09:25:00,173.11,173.8,173.11,173.8,1560
2026-04-30 09:30:00,173.11,175.27,171.765,173.2,42024
2026-04-30 09:35:00,173.63,173.65,169.765,169.775,17160
2026-04-30 09:40:00,169.9017,171.34,169.39,169.635,10617
2026-04-30 09:45:00,169.8,169.8,167.6501,169,18082
2026-04-30 09:50:00,169.285,169.99,168.28,169,17129
2026-04-30 09:55:00,169,170.0699,168.815,169.415,8114
2026-04-30 10:00:00,169.335,169.8499,168.5,168.5,3525
2026-04-30 10:05:00,168.4775,169.055,168.2,168.99,14626
2026-04-30 10:10:00,169.01,169.08,167.67,169.02,6237
2026-04-30 10:15:00,168.79,170.18,168.64,170.18,9766
2026-04-30 10:20:00,170.38,171.2,170.115,171.195,4801
2026-04-30 10:25:00,170.91,171.695,170.15,171.5,5734
2026-04-30 10:30:00,171.335,171.335,170.5,170.5,1483
2026-04-30 10:35:00,170.51,170.68,169.82,169.82,3070
2026-04-30 10:40:00,169.775,170.445,169.775,170.445,709
2026-04-30 10:45:00,170.48,172.29,170.48,171.48,2191
2026-04-30 10:50:00,171,172.54,171,172.24,2125
2026-04-30 10:55:00,171.93,172,171.61,171.61,600
2026-04-30 11:00:00,171.5251,171.81,171.19,171.2675,2720
2026-04-30 11:05:00,170.865,171.36,170.11,171.36,4670
2026-04-30 11:10:00,170.21,170.21,169.59,169.965,1000
2026-04-30 11:15:00,170.23,170.43,169.8139,169.8139,500
2026-04-30 11:20:00,169.975,169.975,169.5,169.79,1931
2026-04-30 11:25:00,170.25,170.89,170.005,170.57,3032
2026-04-30 11:30:00,170.5,171.1899,170.5,171.01,2442
2026-04-30 11:40:00,170.8,171.01,170.57,170.57,1904
2026-04-30 11:45:00,170.24,170.24,169.63,169.78,1843
2026-04-30 11:50:00,170,170.74,170,170.74,454
2026-04-30 11:55:00,170.23,170.3325,170.1397,170.1397,593
2026-04-30 12:00:00,170,170,170,170,125
2026-04-30 12:05:00,170.08,170.1725,170.08,170.12,400
2026-04-30 12:10:00,170.43,170.43,170.43,170.43,100
2026-04-30 12:15:00,169.5,169.54,169.3,169.315,1723
2026-04-30 12:20:00,169.72,169.72,168.87,169.15,4769
2026-04-30 12:25:00,168.9431,169.185,168.6,168.6,1350
2026-04-30 12:30:00,168.79,168.94,168.38,168.93,1329
2026-04-30 12:35:00,168.72,168.79,168.62,168.62,1189
2026-04-30 12:40:00,168.42,168.7,168.37,168.7,791
2026-04-30 12:45:00,168.37,169.25,168.37,169.125,1300
2026-04-30 12:50:00,169.365,169.365,169.105,169.105,1200
2026-04-30 12:55:00,169.065,169.065,168.575,168.701,600
2026-04-30 13:00:00,168.635,169.26,168.635,169.255,800
2026-04-30 13:05:00,169.57,169.57,169.2182,169.45,1700
2026-04-30 13:10:00,169.15,169.15,169.15,169.15,105
2026-04-30 13:15:00,169.08,169.08,168.685,168.99,9554
2026-04-30 13:20:00,169.17,169.59,169.085,169.085,5800
2026-04-30 13:25:00,169.06,169.34,169.06,169.34,250
2026-04-30 13:30:00,169.98,170.46,169.98,170,3575
2026-04-30 13:35:00,169.53,169.7017,169.51,169.7017,401
2026-04-30 13:40:00,169.775,169.775,169.775,169.775,100
2026-04-30 13:45:00,169.9799,169.9799,169.6231,169.8,714
2026-04-30 13:50:00,169.78,169.87,169.61,169.78,900
2026-04-30 13:55:00,169.815,169.82,169.64,169.64,540
2026-04-30 14:00:00,169.6933,170.08,169.51,169.51,880
2026-04-30 14:05:00,169.86,170.24,169.86,170.05,2648
2026-04-30 14:10:00,170.19,170.19,170,170.155,600
2026-04-30 14:15:00,169.9579,169.9579,169.9579,169.9579,500
2026-04-30 14:20:00,170.0532,170.5426,170.0532,170.535,2291
2026-04-30 14:25:00,170.66,170.66,170.455,170.515,1195
2026-04-30 14:30:00,170.36,170.72,170.32,170.72,3418
2026-04-30 14:35:00,170.49,170.5,170.0179,170.0179,1658
2026-04-30 14:40:00,170,170.06,169.6407,170.06,2575
2026-04-30 14:45:00,170.2,170.4,170.11,170.12,1810
2026-04-30 14:50:00,170.45,170.66,170.45,170.66,400
2026-04-30 14:55:00,171,171.1699,170.68,170.89,1936
2026-04-30 15:00:00,171,171.675,171,171.14,2591
2026-04-30 15:05:00,171,171.175,170.615,171.175,1100
2026-04-30 15:10:00,171.1263,171.1263,170.81,170.81,800
2026-04-30 15:15:00,170.725,171.3,170.725,171,1622
2026-04-30 15:20:00,170.55,170.56,170.36,170.56,600
2026-04-30 15:25:00,170.39,170.52,170.23,170.23,1181
2026-04-30 15:30:00,170.235,170.235,169.775,170.05,2471
2026-04-30 15:35:00,169.84,170.26,169.7105,170.26,1050
2026-04-30 15:40:00,170.19,170.245,170.05,170.24,1430
2026-04-30 15:45:00,169.95,170.23,169.795,169.93,1895
2026-04-30 15:50:00,169.77,169.92,168.8,169.5,9880
2026-04-30 15:55:00,169.95,171.22,169.92,170.54,7053
2026-04-30 16:00:00,170.85,172.0054,170.85,172.0054,1266
2026-04-30 16:15:00,171,171,171,171,175
2026-04-30 16:30:00,170.78,170.78,170.78,170.78,100
2026-04-30 16:45:00,171,172.42,171,171.58,500
2026-04-30 17:00:00,172.39,172.89,172.39,172.89,305
2026-04-30 17:20:00,171.01,171.01,171.01,171.01,114
2026-04-30 18:05:00,172.25,172.25,172.25,172.25,100
2026-04-30 18:20:00,172.05,172.12,172.05,172.12,450
2026-04-30 18:40:00,172.73,172.73,172.73,172.73,100
2026-04-30 18:45:00,172.16,172.16,172.16,172.16,130
2026-04-30 18:55:00,172.15,172.15,172.15,172.15,200
2026-04-30 19:15:00,172.2254,172.2254,172.2254,172.2254,100
2026-04-30 19:20:00,172.35,172.35,172.35,172.35,100
2026-04-30 19:50:00,172.21,172.59,172.03,172.47,3739
2026-04-30 19:55:00,172.39,173.5,172.39,173.5,16728
2026-05-01 04:00:00,168,168,168,168,100
2026-05-01 04:25:00,166.74,166.74,166.74,166.74,100
2026-05-01 04:40:00,167.31,167.31,167.31,167.31,260
2026-05-01 05:50:00,166.73,166.73,166.55,166.55,382
2026-05-01 06:40:00,167,167,167,167,200
2026-05-01 06:45:00,166.97,167,166.97,167,389
2026-05-01 07:00:00,167.26,167.26,166.9,166.9,1300
2026-05-01 07:10:00,167.09,167.11,166.87,167.11,600
2026-05-01 07:20:00,167.26,167.26,167.23,167.23,317
2026-05-01 07:30:00,167.2953,167.2953,167.2953,167.2953,110
2026-05-01 07:50:00,168.35,168.35,167.9643,168,820
2026-05-01 08:10:00,168.8,168.8,168.8,168.8,293
2026-05-01 08:15:00,168.8,169,168.8,169,1300
2026-05-01 08:25:00,170.5,170.77,170.5,170.53,925
2026-05-01 08:30:00,170.25,170.25,170.25,170.25,100
2026-05-01 08:35:00,170.39,170.43,170.39,170.43,300
2026-05-01 08:40:00,169.54,169.56,169.54,169.54,300
2026-05-01 09:05:00,169.53,169.53,169.5,169.5,500
2026-05-01 09:25:00,169.03,169.03,168.91,168.92,416
2026-05-01 09:30:00,168.3,169.7711,166.86,169.7711,18046
2026-05-01 09:35:00,169.315,169.315,167.5,168.92,4226
2026-05-01 09:40:00,168.97,170.066,168.57,168.57,6020
2026-05-01 09:45:00,168.96,169,167,167.02,7347
2026-05-01 09:50:00,166.3,168.7,166.3,168.7,8534
2026-05-01 09:55:00,168.52,171.8,168.5,171.61,8549
2026-05-01 10:00:00,171.615,173.45,171.32,172.34,24288
2026-05-01 10:05:00,172.5,172.9999,171.2401,171.54,4791
2026-05-01 10:10:00,171.11,173.52,170.53,173.33,8201
2026-05-01 10:15:00,173.04,173.4189,171.27,171.27,4043
2026-05-01 10:20:00,171.02,172,171,171.23,6438
2026-05-01 10:25:00,170.985,171.2112,169.5,169.5,3600
2026-05-01 10:30:00,169.52,169.52,168.4,168.4,2500
2026-05-01 10:35:00,168.24,168.94,167.98,168.94,3919
2026-05-01 10:40:00,168.5201,168.62,167.5,168.62,3814
2026-05-01 10:45:00,168.41,169.2141,168.4,168.4,2605
2026-05-01 10:50:00,168,168.39,167.5,168,7149
2026-05-01 10:55:00,167.94,168.47,167.9,167.99,1653
2026-05-01 11:00:00,167.82,167.83,166.6,166.95,27847
2026-05-01 11:05:00,166.6,167.265,166.1252,167,12058
2026-05-01 11:10:00,167.26,167.63,167.06,167.481,9220
2026-05-01 11:15:00,167.56,167.56,167.14,167.34,2200
2026-05-01 11:20:00,167.308,167.525,167,167.275,2900
2026-05-01 11:25:00,167.225,167.2901,166.87,166.87,5892
2026-05-01 11:30:00,167.13,167.595,167.13,167.3,2132
2026-05-01 11:35:00,167.11,167.86,167.01,167.585,3460
2026-05-01 11:40:00,167.42,167.48,167.31,167.48,1496
2026-05-01 11:45:00,168.1605,168.3264,167.9,168.07,1397
2026-05-01 11:50:00,168.3,168.3,166.5,167.06,9104
2026-05-01 11:55:00,167.03,167.07,166.86,166.98,1118
2026-05-01 12:00:00,166.89,167.1,166.89,167.1,1138
2026-05-01 12:05:00,167.07,167.2,166.68,167,2799
2026-05-01 12:10:00,166.85,167.56,166.85,167.56,1275
2026-05-01 12:15:00,167.56,168.07,167.56,168.07,1200
2026-05-01 12:20:00,168.07,168.07,167.11,167.2397,2192
2026-05-01 12:25:00,166.72,166.95,166.7,166.76,1362
2026-05-01 12:30:00,166.74,167.18,166.74,167.07,1050
2026-05-01 12:35:00,167.07,167.31,167.07,167.24,1100
2026-05-01 12:45:00,167.25,167.49,167.22,167.49,895
2026-05-01 12:50:00,167.8,168.1361,167.48,168.1361,8259
2026-05-01 12:55:00,168.04,168.22,167.86,167.86,3284
2026-05-01 13:00:00,167.79,168.2,167.6446,167.8325,1051
2026-05-01 13:10:00,167.98,168.05,167.865,168.04,2539
2026-05-01 13:15:00,168.02,168.0825,168.0161,168.0825,811
2026-05-01 13:20:00,168,168,167.91,167.91,600
2026-05-01 13:25:00,167.97,168.52,167.97,168.52,3916
2026-05-01 13:30:00,168.38,168.8,168.36,168.4099,5825
2026-05-01 13:35:00,168.65,168.7,168.41,168.6375,500
2026-05-01 13:40:00,168.67,168.76,168.67,168.72,850
2026-05-01 13:45:00,168.69,168.715,168.66,168.7,1300
2026-05-01 13:50:00,168.76,169.41,168.74,169.41,1905
2026-05-01 13:55:00,169.41,169.49,169.235,169.49,1340
2026-05-01 14:00:00,169.19,169.29,168.61,168.7761,3960
2026-05-01 14:05:00,168.81,168.81,168.51,168.51,1650
2026-05-01 14:10:00,168.41,168.41,167.65,167.89,1527
2026-05-01 14:15:00,167.63,167.755,167.4001,167.55,925
2026-05-01 14:20:00,167.81,167.865,167.73,167.73,300
2026-05-01 14:25:00,168.11,168.34,168.11,168.34,400
2026-05-01 14:30:00,167.9,167.9,167.67,167.67,650
2026-05-01 14:35:00,167.52,167.56,167.48,167.48,400
2026-05-01 14:40:00,167.59,167.7,167.59,167.7,3510
2026-05-01 14:45:00,167.69,167.69,167.68,167.68,400
2026-05-01 14:50:00,167.87,167.9999,167.73,167.9999,3200
2026-05-01 14:55:00,167.59,168.2,167.59,167.87,1380
2026-05-01 15:00:00,168.12,168.12,167.38,167.38,1574
2026-05-01 15:05:00,167.395,167.9,167.395,167.9,700
2026-05-01 15:10:00,168.3307,168.48,167.74,167.815,1547
2026-05-01 15:15:00,168.09,168.125,167.85,167.85,761
2026-05-01 15:20:00,167.79,167.79,167.46,167.46,1160
2026-05-01 15:25:00,167.57,167.75,167.45,167.45,699
2026-05-01 15:30:00,167.26,167.26,167,167,2072
2026-05-01 15:35:00,167.29,167.29,167.29,167.29,400
2026-05-01 15:40:00,167.33,167.33,166.68,166.89,2414
2026-05-01 15:45:00,167.07,167.165,167.01,167.01,2195
2026-05-01 15:50:00,166.895,166.895,166.16,166.62,5446
2026-05-01 15:55:00,167,167,165.65,166,13723
2026-05-01 16:00:00,166.02,166.48,166.02,166.48,3765
2026-05-01 16:05:00,166.4,166.4,166.4,166.4,100
2026-05-01 16:50:00,166,166.31,166,166.28,530
2026-05-04 04:00:00,165,165.5,164.5,165.41,1867
2026-05-04 04:10:00,164.63,164.68,164.63,164.68,221
2026-05-04 04:40:00,164,164,164,164,955
2026-05-04 05:15:00,164.3,164.35,164.3,164.35,200
2026-05-04 06:00:00,162.22,162.22,162.22,162.22,200
2026-05-04 06:10:00,162,162,162,162,100
2026-05-04 06:20:00,159,159,158.66,158.66,220
2026-05-04 06:25:00,161.68,161.68,161.68,161.68,200
2026-05-04 06:35:00,161.68,161.68,161.68,161.68,100
2026-05-04 07:00:00,162.71,163.5,162.26,163.5,784
2026-05-04 07:05:00,163.89,163.89,162.5,162.5,800
2026-05-04 07:10:00,163,163,163,163,100
2026-05-04 07:15:00,162.9,162.9,162.9,162.9,100
2026-05-04 07:30:00,162.4,162.4,162.4,162.4,380
2026-05-04 07:35:00,162.13,162.13,161.95,161.95,400
2026-05-04 07:50:00,162.51,162.51,162.51,162.51,100
2026-05-04 07:55:00,162.34,162.34,162.133,162.133,586
2026-05-04 08:10:00,162.6146,162.86,162.6146,162.86,1875
2026-05-04 08:15:00,163.04,163.04,163.04,163.04,120
2026-05-04 08:20:00,163.89,163.9,163.89,163.9,1216
2026-05-04 08:25:00,163.43,163.43,163.43,163.43,100
2026-05-04 08:35:00,164.03,164.03,164.03,164.03,100
2026-05-04 08:40:00,163.75,163.75,163.75,163.75,424
2026-05-04 09:00:00,163.01,163.01,163.01,163.01,300
2026-05-04 09:05:00,163.5,163.5,163.5,163.5,100
2026-05-04 09:10:00,163.23,164.14,163.23,164.14,907
2026-05-04 09:20:00,163,163.62,163,163.62,515
2026-05-04 09:25:00,163.619,163.619,162.08,162.35,3665
2026-05-04 09:30:00,162.25,165.3,160.11,165.3,21620
2026-05-04 09:35:00,165.57,165.57,164.43,165.215,6869
2026-05-04 09:40:00,165.22,166.851,165.04,165.59,7131
2026-05-04 09:45:00,165.4,166.55,165.16,165.25,3565
2026-05-04 09:50:00,165,165.695,164.58,165.68,5032
2026-05-04 09:55:00,166.7,166.97,166.01,166.2206,1905
2026-05-04 10:00:00,165.875,165.875,165.06,165.18,1190
2026-05-04 10:05:00,165.09,165.09,164,164.005,18120
2026-05-04 10:10:00,164.25,165.4582,164.185,165.09,4130
2026-05-04 10:15:00,165.48,166.6788,165.2458,165.98,7023
2026-05-04 10:20:00,166.45,167,165.63,165.63,8470
2026-05-04 10:25:00,165.93,166.2,164.86,164.86,5586
2026-05-04 10:30:00,164.96,166.3299,164.96,165.92,5503
2026-05-04 10:35:00,166.03,166.37,165.74,165.75,2968
2026-05-04 10:40:00,165.99,166.22,165.81,166.15,2770
2026-05-04 10:45:00,165.89,165.91,164.97,164.97,3500
2026-05-04 10:50:00,164.96,165.79,164.96,165.74,2314
2026-05-04 10:55:00,166.07,166.1325,165.3,165.32,2340
2026-05-04 11:00:00,164.5,164.76,164.35,164.76,5729
2026-05-04 11:05:00,164.77,165.04,164.22,165.04,3264
2026-05-04 11:10:00,164.89,165.13,163.83,164.09,10330
2026-05-04 11:15:00,164.2,165,162.74,162.74,10531
2026-05-04 11:20:00,162.58,163,161.415,162.6757,13402
2026-05-04 11:25:00,162.3464,163.5184,161.67,162.98,4065
2026-05-04 11:30:00,162.5,163.4276,162.3001,163.4276,7166
2026-05-04 11:35:00,163.245,163.245,162.26,163.215,1437
2026-05-04 11:40:00,162.84,162.87,162.3201,162.3201,3268
2026-05-04 11:45:00,162.46,162.57,162,162.285,3082
2026-05-04 11:50:00,162.01,162.5,161.203,162.43,5977
2026-05-04 11:55:00,162.685,162.9999,162.265,162.68,3921
2026-05-04 12:00:00,162.45,163,162.2302,162.74,1800
2026-05-04 12:05:00,162.33,162.67,161,161.205,8123
2026-05-04 12:10:00,161.37,161.555,160.82,161.2,7338
2026-05-04 12:15:00,161,162.5,160.7,162.23,18272
2026-05-04 12:20:00,162,162.105,162,162.105,307
2026-05-04 12:25:00,162.35,162.515,161.51,161.51,4000
2026-05-04 12:30:00,161.93,161.93,161.715,161.845,385
2026-05-04 12:35:00,161.51,161.595,160.46,160.46,18391
2026-05-04 12:40:00,160.889,161,160.29,160.29,2733
2026-05-04 12:45:00,160.22,161,160.22,160.565,2832
2026-05-04 12:50:00,160.45,160.6,160.21,160.55,9009
2026-05-04 12:55:00,160.55,160.55,160.55,160.55,100
2026-05-04 13:00:00,160.9,161.205,160.56,161.16,5762
2026-05-04 13:05:00,160.915,161.4494,160.915,161.37,7734
2026-05-04 13:10:00,161.21,161.5,161.21,161.5,1000
2026-05-04 13:15:00,161.139,162.4,161.139,162.015,4616
2026-05-04 13:20:00,161.7734,161.7734,161.7734,161.7734,188
2026-05-04 13:25:00,162.11,162.11,162.11,162.11,1000
2026-05-04 13:30:00,162.125,162.42,162,162,2110
2026-05-04 13:35:00,162.3,162.3,161.94,162.17,1893
2026-05-04 13:40:00,162.1183,162.1183,162.07,162.07,1802
2026-05-04 13:45:00,162.02,162.04,161.6,161.74,3421
2026-05-04 13:50:00,161.77,161.77,161.49,161.49,1568
2026-05-04 13:55:00,161.48,161.57,161.29,161.29,5423
2026-05-04 14:00:00,161.515,161.53,161.515,161.53,640
2026-05-04 14:05:00,161.55,161.585,161.27,161.27,5444
2026-05-04 14:10:00,161.08,161.12,160.79,160.79,1722
2026-05-04 14:15:00,160.9,160.9,160.5,160.5,1342
2026-05-04 14:20:00,160.5,160.58,160.43,160.58,1267
2026-05-04 14:25:00,160.25,160.68,160.18,160.63,6316
2026-05-04 14:30:00,160.73,160.8278,160.4,160.8278,601
2026-05-04 14:35:00,160.4,160.71,160.01,160.399,1800
2026-05-04 14:40:00,160.2,160.2466,160.04,160.1354,1267
2026-05-04 14:45:00,160.01,160.29,159.77,160.29,21791
2026-05-04 14:50:00,160.33,160.44,159.9,160.05,7899
2026-05-04 14:55:00,159.97,160.44,159.97,160.44,1300
2026-05-04 15:00:00,160.86,160.92,160.365,160.365,1300
2026-05-04 15:05:00,160.74,161.2825,160.74,161.09,3067
2026-05-04 15:10:00,160.85,160.85,160.85,160.85,2000
2026-05-04 15:15:00,160.365,160.365,160.355,160.36,300
2026-05-04 15:20:00,160.01,160.255,159.905,160.255,2570
2026-05-04 15:25:00,160.27,160.7,160,160.4335,10282
2026-05-04 15:30:00,160.6,160.62,160.33,160.4,11546
2026-05-04 15:35:00,160.5,160.605,160.26,160.26,1960
2026-05-04 15:40:00,160.46,160.46,160.13,160.16,2381
2026-05-04 15:45:00,160,160.39,160,160.39,1066
2026-05-04 15:50:00,160.38,160.745,160.37,160.64,4673
2026-05-04 15:55:00,160.8,160.8,160.27,160.53,6785
2026-05-04 16:00:00,160.67,160.67,160.67,160.67,3144
2026-05-04 17:00:00,161,161,160.9645,160.9645,750
2026-05-04 17:05:00,160.948,160.948,160.948,160.948,200
2026-05-04 17:50:00,160.95,160.95,160.95,160.95,200
2026-05-04 18:30:00,160.7,160.7,160.6484,160.6484,200
2026-05-04 18:35:00,160.6,160.6279,160.6,160.6279,230
2026-05-04 18:40:00,160.616,160.616,160.6,160.6,417
2026-05-04 19:30:00,160.81,160.81,160.81,160.81,100
2026-05-05 04:00:00,162.66,164.42,161.5,164.42,862
2026-05-05 04:05:00,162.99,162.99,162.99,162.99,115
2026-05-05 04:30:00,164.93,164.93,164.93,164.93,100
2026-05-05 05:20:00,164.6,164.6,164.6,164.6,100
2026-05-05 06:25:00,164.6,164.6,164.6,164.6,2235
2026-05-05 07:00:00,164.2139,164.2139,163.6,164.2139,1469
2026-05-05 07:05:00,164,164.32,164,164.32,792
2026-05-05 07:10:00,164.2,164.25,164.1,164.1,2260
2026-05-05 07:15:00,164.5,164.5,164.5,164.5,1429
2026-05-05 07:20:00,164.081,164.5,163.99,164.5,2226
2026-05-05 07:25:00,164.25,164.99,164.25,164.99,3400
2026-05-05 07:35:00,165.0004,165.0004,165,165,324
2026-05-05 07:40:00,165.18,165.29,165.07,165.07,1232
2026-05-05 07:45:00,165.4455,165.4455,165.4455,165.4455,127
2026-05-05 07:50:00,165.1,165.1,165.1,165.1,200
2026-05-05 07:55:00,165.3,165.5,165.3,165.5,1493
2026-05-05 08:05:00,164.79,165.5,164.79,165.27,1429
2026-05-05 08:10:00,165.5,166,165.5,166,1440
2026-05-05 08:20:00,166.5,166.5,166.5,166.5,270
2026-05-05 08:25:00,166.5422,167,166.5422,167,1989
2026-05-05 08:30:00,167.2,167.2,167.2,167.2,176
2026-05-05 08:35:00,166,166,166,166,100
2026-05-05 08:40:00,166.3,166.57,166.1757,166.1757,514
2026-05-05 08:45:00,166,166,166,166,200
2026-05-05 08:50:00,165.69,165.69,165.69,165.69,100
2026-05-05 08:55:00,166,166,166,166,120
2026-05-05 09:05:00,166.99,166.99,166.99,166.99,100
2026-05-05 09:10:00,166.99,166.99,166.99,166.99,138
2026-05-05 09:15:00,167.5249,167.5249,167.5,167.5,400
2026-05-05 09:20:00,167.13,167.13,167.13,167.13,100
2026-05-05 09:30:00,166.5,168.1,164.84,164.99,24991
2026-05-05 09:35:00,165.4986,165.4986,163.25,163.51,7592
2026-05-05 09:40:00,163.51,164.6,162.95,163.9799,23619
2026-05-05 09:45:00,163.535,164.22,163,164.22,12852
2026-05-05 09:50:00,163.86,165.52,163.86,165.175,9699
2026-05-05 09:55:00,165.38,165.76,165.19,165.5118,5335
2026-05-05 10:00:00,165.76,166,165.455,165.455,4053
2026-05-05 10:05:00,166,166,165.31,165.4967,1651
2026-05-05 10:10:00,164.7961,165.015,164.33,164.33,5450
2026-05-05 10:15:00,163.615,163.74,162.5,162.72,4635
2026-05-05 10:20:00,162.5591,163.82,162.5591,163.82,550
2026-05-05 10:25:00,164.225,165.25,164.225,164.7,4160
2026-05-05 10:30:00,164.0774,164.33,163.49,163.49,2840
2026-05-05 10:35:00,163.62,164,163.62,164,500
2026-05-05 10:40:00,163.9715,164.92,163.9715,164.87,1000
2026-05-05 10:45:00,164.77,164.77,164.5,164.5,600
2026-05-05 10:50:00,164.305,164.32,164,164.3,800
2026-05-05 10:55:00,164.37,165.23,164.37,165.23,1063
2026-05-05 11:00:00,165.08,165.08,164.56,164.93,1411
2026-05-05 11:05:00,165.02,165.5,165.02,165.5,1820
2026-05-05 11:10:00,164.81,165.24,164.81,165.24,1227
2026-05-05 11:15:00,164.92,165,164.8201,164.8917,1104
2026-05-05 11:20:00,164.6699,164.6699,164.6699,164.6699,100
2026-05-05 11:25:00,164.6,164.6,164.34,164.47,1401
2026-05-05 11:30:00,164.6,165.0854,164.1,164.1,521
2026-05-05 11:35:00,164.27,164.555,164.27,164.555,256
2026-05-05 11:40:00,164.01,164.29,164.01,164.29,515
2026-05-05 11:45:00,164.53,164.53,164.24,164.24,341
2026-05-05 11:50:00,164.07,164.07,163.965,164.0456,1035
2026-05-05 11:55:00,164.2,164.25,164.13,164.14,2250
2026-05-05 12:00:00,164.1974,164.1974,163.75,163.75,6981
2026-05-05 12:05:00,163.75,163.75,163.41,163.55,4928
2026-05-05 12:10:00,163.56,163.56,163.15,163.4527,951
2026-05-05 12:15:00,163.56,163.56,163.18,163.35,1802
2026-05-05 12:20:00,163.26,163.26,162.7614,162.7614,1302
2026-05-05 12:25:00,163.1,163.1,162.5,162.6,10355
2026-05-05 12:30:00,162.44,162.44,162.1,162.33,1822
2026-05-05 12:35:00,162.245,162.72,162.245,162.64,1809
2026-05-05 12:40:00,162.58,162.65,162.44,162.65,907
2026-05-05 12:45:00,162.73,162.75,162.6001,162.7,513
2026-05-05 12:50:00,162.76,162.76,162.3301,162.3301,1116
2026-05-05 12:55:00,162.645,162.645,162.33,162.33,600
2026-05-05 13:00:00,162.34,162.3546,162.05,162.3546,1296
2026-05-05 13:05:00,162.54,162.54,161.94,162.12,992
2026-05-05 13:10:00,162.16,162.54,162.16,162.43,2555
2026-05-05 13:15:00,162.595,162.75,162.595,162.71,450
2026-05-05 13:25:00,162.16,162.33,162.16,162.3,900
2026-05-05 13:30:00,162.25,162.55,162.25,162.38,1543
2026-05-05 13:35:00,162.47,162.48,162.3201,162.34,900
2026-05-05 13:40:00,162.45,162.5,162.2601,162.47,3770
2026-05-05 13:45:00,162.47,162.515,162.425,162.49,700
2026-05-05 13:50:00,162.47,162.54,162.35,162.445,2311
2026-05-05 13:55:00,162.32,162.4,162.19,162.31,728
2026-05-05 14:00:00,162.33,162.39,162.33,162.39,200
2026-05-05 14:05:00,162.4,162.45,162.4,162.45,300
2026-05-05 14:10:00,162.46,162.46,162.39,162.39,430
2026-05-05 14:15:00,163.06,163.06,162.65,162.68,885
2026-05-05 14:20:00,162.61,162.61,162.61,162.61,200
2026-05-05 14:25:00,162.58,162.58,162.39,162.5,828
2026-05-05 14:30:00,162.5,162.5944,162.5,162.55,1428
2026-05-05 14:35:00,162.82,162.82,162.42,162.42,478
2026-05-05 14:45:00,162.71,162.9999,162.57,162.57,3157
2026-05-05 14:50:00,162.14,162.3169,162.14,162.21,391
2026-05-05 14:55:00,162.1986,162.82,162.15,162.82,1150
2026-05-05 15:00:00,162.26,162.26,162.26,162.26,100
2026-05-05 15:05:00,162.02,162.075,161.93,161.97,5604
2026-05-05 15:10:00,162.23,162.23,161.9,161.9,1169
2026-05-05 15:15:00,161.895,161.9,161.7,161.9,1691
2026-05-05 15:20:00,162.145,162.33,162.145,162.33,200
2026-05-05 15:25:00,162.1434,162.1434,162.1434,162.1434,400
2026-05-05 15:30:00,162.3399,162.3399,161.7101,161.7101,1875
2026-05-05 15:40:00,162.12,162.17,161.95,161.95,1238
2026-05-05 15:45:00,162,162.21,162,162.21,648
2026-05-05 15:50:00,161.88,161.9,161.685,161.8133,1533
2026-05-05 15:55:00,161.5,161.5,160.71,161.16,8709
2026-05-05 16:00:00,160.94,160.94,160.94,160.94,3803
2026-05-05 16:10:00,161.39,161.39,161.25,161.25,1895
2026-05-05 16:15:00,161.6492,161.6492,161.6492,161.6492,114
2026-05-05 16:50:00,161.05,161.05,161.05,161.05,200
2026-05-05 17:30:00,161.59,161.59,161,161,1091
2026-05-05 17:40:00,161.53,161.53,161.53,161.53,100
2026-05-05 18:45:00,161.2,161.2,161.2,161.2,500
2026-05-05 18:55:00,161.58,161.6,161.54,161.6,700
2026-05-05 19:00:00,161.6,161.6,161.29,161.29,200
2026-05-05 19:05:00,161.63,161.64,161.6,161.6,594
2026-05-05 19:10:00,161.63,162.22,161.63,162.22,1000
2026-05-05 19:15:00,162.4,162.54,162,162.54,522
2026-05-05 19:25:00,163,163,162.5,162.5,300
2026-05-05 19:30:00,163,163,162.98,162.98,200
2026-05-05 19:55:00,163.03,163.03,162.9706,162.9706,2100
2026-05-06 04:00:00,170.94,173.88,169.32,173.83,5676
2026-05-06 04:05:00,174.74,174.74,174.74,174.74,100
2026-05-06 04:10:00,172.36,172.36,172,172,349
2026-05-06 04:20:00,174.86,175,174.84,174.99,1300
2026-05-06 04:25:00,175.27,175.27,175.27,175.27,300
2026-05-06 04:40:00,176.36,176.36,175,175,201
2026-05-06 04:50:00,179.99,179.99,179.99,179.99,100
2026-05-06 05:00:00,179,179.13,179,179.13,200
2026-05-06 05:05:00,178.83,179.11,178.83,179.11,900
2026-05-06 05:10:00,179.08,179.08,179.08,179.08,1000
2026-05-06 05:30:00,179.99,180.37,179.99,180.37,613
2026-05-06 05:45:00,180.88,180.88,180.88,180.88,500
2026-05-06 05:55:00,180.1,181,180.03,181,2673
2026-05-06 06:00:00,181.65,182.24,181.5,182.24,2957
2026-05-06 06:10:00,181.09,182.61,181.09,182.61,800
2026-05-06 06:45:00,185,185.52,185,185.52,2720
2026-05-06 06:50:00,184.74,185.1,184.74,185.1,1100
2026-05-06 07:00:00,184.905,185,182.04,182.5,12266
2026-05-06 07:05:00,183.73,183.73,182.6,183.5,1150
2026-05-06 07:10:00,183.5,183.5648,183.03,183.5,1344
2026-05-06 07:15:00,183.5,183.88,183.02,183.32,4759
2026-05-06 07:20:00,183.2438,183.2438,183.2438,183.2438,250
2026-05-06 07:25:00,183.3,183.5,182.78,182.78,1732
2026-05-06 07:30:00,182.96,183,182.96,183,504
2026-05-06 07:35:00,182.65,183.4,182.65,183.4,7753
2026-05-06 07:40:00,182.5,183.6,182.5,183.2,860
2026-05-06 07:45:00,182.815,182.8929,182.04,182.04,1500
2026-05-06 07:50:00,181.91,181.93,181.91,181.91,300
2026-05-06 07:55:00,181.31,181.31,181.02,181.16,400
2026-05-06 08:00:00,180.28,180.28,180.1205,180.1205,1100
2026-05-06 08:10:00,180,180,179.0293,179.4,15203
2026-05-06 08:15:00,179,179.4,179,179.4,815
2026-05-06 08:20:00,179.49,180,178.6,180,1843
2026-05-06 08:25:00,180.04,180.04,179.5,179.8,646
2026-05-06 08:35:00,179.4,179.99,179.4,179.99,643
2026-05-06 08:40:00,178.7,179.8252,178.7,179.3843,1290
2026-05-06 08:45:00,178.49,178.49,178.49,178.49,2508
2026-05-06 08:50:00,178.59,179,178.59,179,1278
2026-05-06 08:55:00,178.2709,178.2709,178.2709,178.2709,130
2026-05-06 09:00:00,178.8,179.28,178.68,178.84,1669
2026-05-06 09:05:00,178.31,178.31,178.01,178.01,200
2026-05-06 09:10:00,177.2,177.8414,177.1345,177.47,1209
2026-05-06 09:15:00,177.77,178,177.4,177.96,1733
2026-05-06 09:20:00,179,179,177.4,177.66,1629
2026-05-06 09:25:00,177.5508,177.5508,177.5508,177.5508,600
2026-05-06 09:30:00,178.47,182.5,178.47,182.46,64186
2026-05-06 09:35:00,182.75,183.98,182.3,183.1,29728
2026-05-06 09:40:00,183.41,183.41,180.54,183,21199
2026-05-06 09:45:00,182.5341,185,182.02,184.22,24501
2026-05-06 09:50:00,184.51,184.7857,183.1985,184.43,14506
2026-05-06 09:55:00,184.83,187,184.83,186.05,15962
2026-05-06 10:00:00,186.0188,188.01,186.01,187.4,26946
2026-05-06 10:05:00,187.2411,188.16,185.79,186.9989,12199
2026-05-06 10:10:00,186.905,187.37,186.4022,187.37,6236
2026-05-06 10:15:00,187,187.49,186.485,186.625,6536
2026-05-06 10:20:00,186.6473,187.175,185.94,186.05,4659
2026-05-06 10:25:00,186.07,186.25,184.71,184.97,3820
2026-05-06 10:30:00,185.045,186.11,185.045,185.715,4643
2026-05-06 10:35:00,185.99,186.2,185.25,185.79,6164
2026-05-06 10:40:00,185.79,186.73,185.66,186.61,5676
2026-05-06 10:45:00,186.7,186.7,185.68,186.06,3449
2026-05-06 10:50:00,185.94,185.94,184.85,185.44,4421
2026-05-06 10:55:00,185.35,186.3,185.3,186.2399,20094
2026-05-06 11:00:00,185.49,186.15,185.3801,185.63,4812
2026-05-06 11:05:00,185.75,186.1,185.6116,185.7,2923
2026-05-06 11:10:00,185.465,185.86,185,185.58,1917
2026-05-06 11:15:00,185.86,185.86,185.01,185.34,2082
2026-05-06 11:20:00,184.66,185.24,184.6,185,1350
2026-05-06 11:25:00,184.905,185.57,184.83,185.41,1117
2026-05-06 11:30:00,185.35,185.35,184.5801,184.75,2348
2026-05-06 11:35:00,184.9838,185.52,184.97,185,2226
2026-05-06 11:40:00,185.03,185.25,183.9,185,8651
2026-05-06 11:45:00,183.96,184.25,183.4301,183.4301,1860
2026-05-06 11:50:00,183.79,184.285,183.79,184.11,1611
2026-05-06 11:55:00,184.11,184.3914,183.74,183.93,1770
2026-05-06 12:00:00,183.71,183.99,183.38,183.4477,3166
2026-05-06 12:05:00,183.495,183.495,182.57,182.9,5287
2026-05-06 12:10:00,182.6,183.725,182.6,183,3315
2026-05-06 12:15:00,183,183,182.8,182.915,3000
2026-05-06 12:20:00,182.88,183.5235,182.88,183.5235,2150
2026-05-06 12:25:00,183.27,183.27,182.72,182.86,5702
2026-05-06 12:30:00,182.97,183.2,182.9,183.17,2344
2026-05-06 12:35:00,183,183.61,183,183.61,2257
2026-05-06 12:40:00,183.5,183.5,182.83,183,14573
2026-05-06 12:45:00,182.6911,183.09,182.5201,183.09,4709
2026-05-06 12:50:00,182.75,182.76,182.675,182.675,2551
2026-05-06 12:55:00,182.47,182.5,181.77,181.87,1991
2026-05-06 13:00:00,181.8121,182.91,181.8121,182.91,2000
2026-05-06 13:05:00,182.8,182.84,182.79,182.84,537
2026-05-06 13:10:00,182.8,182.81,182.07,182.28,3038
2026-05-06 13:15:00,182.505,182.6699,182.0436,182.0436,1350
2026-05-06 13:20:00,182.345,182.55,182.345,182.51,1501
2026-05-06 13:25:00,182.315,182.81,182.315,182.78,1000
2026-05-06 13:30:00,182.9,183.1,182.9,183.1,525
2026-05-06 13:35:00,182.78,183,182.6917,182.745,734
2026-05-06 13:40:00,182.7267,183.75,182.7267,183.75,2871
2026-05-06 13:45:00,183.6133,183.7426,183.1554,183.1554,1805
2026-05-06 13:50:00,182.96,183.2,182.96,183.08,2270
2026-05-06 13:55:00,183.0595,183.0595,182.99,182.99,325
2026-05-06 14:00:00,183.11,183.16,182.2501,182.96,2084
2026-05-06 14:05:00,182.78,183.04,182.7,182.93,850
2026-05-06 14:10:00,183.03,183.09,182.69,182.75,2885
2026-05-06 14:15:00,182.685,182.98,182.685,182.98,719
2026-05-06 14:20:00,183.2,183.49,183.2,183.25,1850
2026-05-06 14:25:00,183.23,183.23,183.02,183.22,523
2026-05-06 14:30:00,182.83,182.83,182.57,182.585,1483
2026-05-06 14:35:00,182.585,183.17,182.515,182.515,1011
2026-05-06 14:40:00,182.08,182.195,181.805,181.89,2800
2026-05-06 14:45:00,182.38,182.42,182.3,182.3,820
2026-05-06 14:50:00,182.4426,182.4426,182.3,182.3,200
2026-05-06 14:55:00,182.23,182.23,182.12,182.15,1020
2026-05-06 15:00:00,181.88,182.38,181.88,182.38,1948
2026-05-06 15:05:00,182.33,182.72,182.33,182.72,854
2026-05-06 15:10:00,182.9865,183.64,182.9865,183.5472,1800
2026-05-06 15:15:00,183.9799,184.09,183.83,184.09,3399
2026-05-06 15:20:00,184.5,184.87,184.44,184.87,3700
2026-05-06 15:25:00,184.8,185.18,184.69,184.865,5162
2026-05-06 15:30:00,185.2,185.2,184.62,185.15,2551
2026-05-06 15:35:00,184.89,185,184.6,184.92,2772
2026-05-06 15:40:00,184.885,185.18,184.56,184.8,5714
2026-05-06 15:45:00,184.995,185.39,184.75,185.18,7564
2026-05-06 15:50:00,185.38,185.38,184.69,185.0001,3371
2026-05-06 15:55:00,185.17,185.96,184.395,185.62,21482
2026-05-06 16:00:00,185.48,186.08,185.48,186.08,4206
2026-05-06 16:10:00,186.08,186.3,185,186.3,500
2026-05-06 16:15:00,186.5,186.5,186.5,186.5,250
2026-05-06 16:20:00,186.9151,186.9151,186.9151,186.9151,840
2026-05-06 16:30:00,186.6,186.6,186.6,186.6,200
2026-05-06 16:40:00,186.16,186.16,186.05,186.05,200
2026-05-06 16:45:00,186.11,186.11,186.07,186.07,330
2026-05-06 16:50:00,186.24,186.54,186.24,186.54,200
2026-05-06 17:05:00,186.9211,186.9211,186.9211,186.9211,125
2026-05-06 17:25:00,186.75,186.75,186.75,186.75,100
2026-05-06 17:30:00,186.47,186.47,186.47,186.47,126
2026-05-06 17:35:00,186.54,186.6555,186.54,186.6555,994
2026-05-06 17:55:00,186.8,186.93,186.8,186.93,300
2026-05-06 18:00:00,187,187.01,187,187,705
2026-05-06 18:40:00,187.9811,187.9811,187.5,187.5,665
2026-05-06 18:45:00,187.84,187.84,187.84,187.84,100
2026-05-06 19:00:00,187.94,187.94,187.94,187.94,100
2026-05-06 19:05:00,187.39,187.39,187.39,187.39,141
2026-05-06 19:15:00,187.6,187.6,187.6,187.6,100
2026-05-06 19:35:00,187.75,187.75,187.75,187.75,1000
2026-05-06 19:45:00,187.49,187.49,187.49,187.49,100
2026-05-06 19:50:00,187.3355,187.3355,187.3355,187.3355,100
2026-05-06 19:55:00,187.5,187.5,187.5,187.5,300
2026-05-07 04:00:00,187.3,193.66,187.3,193.47,5242
2026-05-07 04:35:00,193,193,193,193,300
2026-05-07 04:40:00,192.48,192.48,192.45,192.45,279
2026-05-07 05:00:00,192.01,192.01,192.01,192.01,287
2026-05-07 05:50:00,193.03,193.03,193.03,193.03,200
2026-05-07 06:05:00,192.8,192.8,192.8,192.8,650
2026-05-07 06:15:00,193.44,193.44,193.44,193.44,100
2026-05-07 06:20:00,193.44,193.44,193.44,193.44,100
2026-05-07 06:30:00,192.8,192.8,192.8,192.8,100
2026-05-07 06:55:00,193.1,193.1,193.1,193.1,100
2026-05-07 07:00:00,192.63,193.359,192.63,193,12160
2026-05-07 07:10:00,193.26,193.26,192.6,192.6,647
2026-05-07 07:15:00,192.789,192.789,192.789,192.789,125
2026-05-07 07:20:00,193.36,193.36,193.36,193.36,200
2026-05-07 07:25:00,194.12,194.12,194.12,194.12,200
2026-05-07 07:30:00,194.1,194.1,194.1,194.1,100
2026-05-07 07:35:00,194.48,194.5,194.48,194.5,293
2026-05-07 07:50:00,194.3,194.3,193.65,193.65,1078
2026-05-07 07:55:00,194.5,194.8,194.5,194.8,719
2026-05-07 08:00:00,194.86,194.99,194.86,194.99,600
2026-05-07 08:10:00,195,195.97,195,195.97,307
2026-05-07 08:15:00,196,196.48,196,196.3,1070
2026-05-07 08:20:00,196.81,196.81,195.45,195.65,1700
2026-05-07 08:25:00,195.7,196.43,195.45,196.43,763
2026-05-07 08:30:00,196,196.5,195.8,196,787
2026-05-07 08:35:00,195.717,196.383,195.717,196.05,429
2026-05-07 08:40:00,196.5,196.75,196.2,196.75,504
2026-05-07 08:45:00,196.8752,196.8752,196.8752,196.8752,200
2026-05-07 08:50:00,196.6,196.6,196.52,196.52,300
2026-05-07 08:55:00,196.5637,197,196.5637,197,400
2026-05-07 09:00:00,196.47,196.8,195.6,195.6,963
2026-05-07 09:05:00,195.915,196.47,195.717,196.47,1058
2026-05-07 09:10:00,195.9,195.9,195.5,195.5,419
2026-05-07 09:20:00,196.01,196.01,196.01,196.01,100
2026-05-07 09:25:00,195.84,195.84,195.84,195.84,100
2026-05-07 09:30:00,195.75,200.715,195.35,199.01,59853
2026-05-07 09:35:00,199.41,199.791,198.515,199.57,16067
2026-05-07 09:40:00,199.51,199.51,198,198.49,8572
2026-05-07 09:45:00,198,198,195.4,196.145,21815
2026-05-07 09:50:00,195.96,196.49,195.4,195.4,5220
2026-05-07 09:55:00,196.16,196.37,194.84,195.72,31247
2026-05-07 10:00:00,195.23,196.5801,195.04,196.5801,7336
2026-05-07 10:05:00,196.0322,196.43,196.0322,196.4,500
2026-05-07 10:10:00,196.665,198.88,196.665,198.5,9012
2026-05-07 10:15:00,198.24,198.97,197.53,198.7099,11320
2026-05-07 10:20:00,198.4588,199.1,198.095,199.061,4603
2026-05-07 10:25:00,199,199.31,198.6901,199.14,5745
2026-05-07 10:30:00,199.06,199.66,198.84,199.47,8741
2026-05-07 10:35:00,199.5,199.5,198.68,199,6429
2026-05-07 10:40:00,199.115,199.43,198.62,198.62,2867
2026-05-07 10:45:00,198.67,199.61,198.67,199.61,10715
2026-05-07 10:50:00,199.8,200.25,199.6,199.99,8190
2026-05-07 10:55:00,200.25,200.54,199.51,199.51,6753
2026-05-07 11:00:00,199.27,199.62,198.34,199.62,3584
2026-05-07 11:05:00,199.52,199.75,199.045,199.43,3820
2026-05-07 11:10:00,199.44,199.65,198.29,198.6496,2860
2026-05-07 11:15:00,199.22,199.22,198.39,198.8,2328
2026-05-07 11:20:00,198.94,199.2,198.2,198.2,1200
2026-05-07 11:25:00,198.0401,198.725,197.21,197.99,3370
2026-05-07 11:30:00,197.975,198.27,197.975,198.27,500
2026-05-07 11:35:00,198,198.57,197.9401,198.52,2698
2026-05-07 11:40:00,198.26,198.26,198.1601,198.1601,429
2026-05-07 11:45:00,198.74,198.74,197.9,197.92,1420
2026-05-07 11:50:00,197.81,198.2,196.6,196.6,7225
2026-05-07 11:55:00,196.46,196.46,193.41,193.97,10462
2026-05-07 12:00:00,193.54,194.5599,193.29,193.52,10875
2026-05-07 12:05:00,193.98,194.24,192.71,193.1965,6998
2026-05-07 12:10:00,193,193.3,192.13,192.5,6621
2026-05-07 12:15:00,192.23,192.5,190.21,190.21,18271
2026-05-07 12:20:00,190.2,190.64,190.16,190.2183,1977
2026-05-07 12:25:00,191.24,192.5,191.24,192.01,1863
2026-05-07 12:30:00,192.21,192.39,191.71,192,2377
2026-05-07 12:35:00,192.06,192.1,190.7001,190.93,4651
2026-05-07 12:40:00,190.975,191.575,190.965,191.36,1459
2026-05-07 12:45:00,191.0652,191.26,190.255,190.255,4120
2026-05-07 12:50:00,190,190.4551,189.87,190.0001,3622
2026-05-07 12:55:00,190.54,190.54,189.6,190.39,1050
2026-05-07 13:00:00,190.55,190.56,190.5,190.56,800
2026-05-07 13:05:00,190.56,190.56,190.475,190.475,400
2026-05-07 13:10:00,190.25,190.25,188.58,188.7059,1847
2026-05-07 13:15:00,189,189.3,187.35,187.845,11885
2026-05-07 13:20:00,187.67,188.53,187,188.53,5905
2026-05-07 13:25:00,188.78,189.28,183.97,184.05,10702
2026-05-07 13:30:00,184.1,185.505,183.55,185.505,4395
2026-05-07 13:35:00,185.8,185.8,185.45,185.775,500
2026-05-07 13:40:00,186,186.49,185.185,185.185,13914
2026-05-07 13:45:00,185.22,185.72,185.22,185.72,1066
2026-05-07 13:50:00,185.13,185.66,185,185.66,1988
2026-05-07 13:55:00,186.53,188.55,185.37,188.55,15202
2026-05-07 14:00:00,188.0676,188.984,188,188.2,7095
2026-05-07 14:05:00,187.93,188.52,187.93,187.93,626
2026-05-07 14:10:00,188.37,189.09,188.09,188.35,3006
2026-05-07 14:15:00,188.601,188.7899,188,188.6465,7522
2026-05-07 14:20:00,188.175,188.175,187.28,187.28,3071
2026-05-07 14:25:00,187.04,187.9699,186.95,187.9699,6538
2026-05-07 14:30:00,187.76,188.2,186.93,186.93,1092
2026-05-07 14:35:00,187.6007,187.6007,186.5,187.46,6451
2026-05-07 14:40:00,187.49,187.49,186.39,186.39,1921
2026-05-07 14:45:00,185.68,186.23,185.25,185.2601,7600
2026-05-07 14:50:00,185.2,185.74,184.4056,185.74,5905
2026-05-07 14:55:00,185.97,186.29,185.97,186.25,1868
2026-05-07 15:00:00,185.97,185.97,185.97,185.97,300
2026-05-07 15:05:00,186,186.25,185.795,186.02,1288
2026-05-07 15:10:00,185.9422,186.02,185.675,186.02,2909
2026-05-07 15:15:00,185.97,185.97,185.97,185.97,100
2026-05-07 15:20:00,185.77,186,185.68,185.7426,648
2026-05-07 15:25:00,185,185.96,184.19,184.78,3891
2026-05-07 15:30:00,185.31,185.8306,185.31,185.505,325
2026-05-07 15:35:00,185.53,185.81,185.53,185.81,700
2026-05-07 15:40:00,186.06,186.06,185.815,186,460
2026-05-07 15:45:00,185.74,185.94,185.23,185.75,1797
2026-05-07 15:50:00,185.755,185.95,184.675,185.61,3129
2026-05-07 15:55:00,184.88,184.88,182.745,183.47,15137
2026-05-07 16:00:00,183.09,183.09,183.09,183.09,1943
2026-05-07 16:10:00,184.97,185.1,184.97,185.1,360
2026-05-07 16:15:00,184.71,184.71,184,184,447
2026-05-07 16:20:00,183.15,183.15,183.12,183.15,400
2026-05-07 16:30:00,185.3,185.3,185.3,185.3,156
2026-05-07 16:35:00,184.01,184.01,184.01,184.01,100
2026-05-07 16:45:00,183,183,183,183,1388
2026-05-07 16:50:00,182.89,182.89,182.89,182.89,100
2026-05-07 17:05:00,182.3325,182.95,182.3325,182.63,700
2026-05-07 17:25:00,182.25,182.25,182.25,182.25,400
2026-05-07 17:50:00,182.17,182.17,182.17,182.17,103
2026-05-07 18:00:00,181.56,181.56,181.56,181.56,200
2026-05-07 18:25:00,182.65,182.65,182.65,182.65,100
2026-05-07 19:05:00,182.52,182.52,182.52,182.52,375
2026-05-07 19:50:00,184.3,186,184.3,186,713
2026-05-08 04:00:00,186.1,187.55,185.52,186.87,1004
2026-05-08 04:15:00,185.53,185.54,185.49,185.49,470
2026-05-08 04:20:00,186.85,186.85,186.85,186.85,100
2026-05-08 05:05:00,186.32,186.32,186.32,186.32,180
2026-05-08 05:20:00,187.11,187.11,187.11,187.11,326
2026-05-08 05:35:00,186.62,186.62,186.62,186.62,100
2026-05-08 05:50:00,186.15,186.15,186.15,186.15,100
2026-05-08 06:10:00,186.18,186.18,186.18,186.18,200
2026-05-08 06:15:00,186.66,186.71,186.66,186.71,353
2026-05-08 06:35:00,187.96,187.96,187.96,187.96,100
2026-05-08 07:05:00,188.5,188.5,188.25,188.25,4032
2026-05-08 07:10:00,188.12,188.12,188.12,188.12,107
2026-05-08 07:15:00,188.8485,188.8485,188.2125,188.2125,400
2026-05-08 07:20:00,188.29,188.29,188.27,188.27,200
2026-05-08 07:40:00,188.24,188.24,188.24,188.24,100
2026-05-08 07:45:00,187.51,187.51,187.51,187.51,100
2026-05-08 07:50:00,187.96,187.96,187.96,187.96,100
2026-05-08 07:55:00,187.86,188.84,187.86,188.84,400
2026-05-08 08:00:00,187.9812,188.3,187.9,187.9,411
2026-05-08 08:05:00,187.1996,187.45,187.1996,187.45,595
2026-05-08 08:20:00,186.98,186.98,186.98,186.98,200
2026-05-08 08:30:00,186.87,188,186.87,188,1224
2026-05-08 08:35:00,189.3,189.8451,189.05,189.47,604
2026-05-08 08:40:00,189.65,190,189.38,190,935
2026-05-08 08:45:00,189.98,189.98,189.98,189.98,100
2026-05-08 08:50:00,189.86,189.86,189.86,189.86,136
2026-05-08 08:55:00,189.5,189.64,189,189.64,386
2026-05-08 09:05:00,188.55,188.55,188.55,188.55,100
2026-05-08 09:10:00,188.01,188.01,187.5,187.5,750
2026-05-08 09:20:00,188,188,188,188,383
2026-05-08 09:25:00,188.74,188.74,188.74,188.74,100
2026-05-08 09:30:00,188.91,193.385,187.02,193.11,28507
2026-05-08 09:35:00,193.65,194.88,193.11,194.09,10621
2026-05-08 09:40:00,194.25,194.63,192.01,192.735,11572
2026-05-08 09:45:00,192.73,196.48,192.55,196.48,8657
2026-05-08 09:50:00,196.481,197.2,194.68,195.03,9743
2026-05-08 09:55:00,194.865,195.52,193.51,193.62,6884
2026-05-08 10:00:00,194.115,194.445,193.6201,193.75,2363
2026-05-08 10:05:00,194.04,194.04,191.1,191.54,7415
2026-05-08 10:10:00,191.41,191.9799,190.45,190.97,2755
2026-05-08 10:15:00,190.84,191.93,190.84,191,5254
2026-05-08 10:20:00,191.51,191.76,190.64,191.48,2493
2026-05-08 10:25:00,191.71,192.21,190.8201,192.21,3646
2026-05-08 10:30:00,191.095,191.8799,190.21,191.3,2887
2026-05-08 10:35:00,191.37,191.96,190.9,191.5,2281
2026-05-08 10:40:00,192.47,193.065,192.23,192.34,2579
2026-05-08 10:45:00,192.9399,192.9399,192.29,192.48,1311
2026-05-08 10:50:00,192.45,192.58,192.1,192.31,750
2026-05-08 10:55:00,192.675,192.84,192,192.08,2100
2026-05-08 11:00:00,191.5,191.98,190.01,191.38,3567
2026-05-08 11:05:00,191.065,191.615,191.04,191.04,4218
2026-05-08 11:10:00,191.045,191.14,189.72,189.9,5693
2026-05-08 11:15:00,189.725,190.14,189.07,189.139,3672
2026-05-08 11:20:00,189.38,189.96,188.36,189.13,11647
2026-05-08 11:25:00,188.72,189,187.81,188.56,5521
2026-05-08 11:30:00,188.5,189,188.005,188.67,3692
2026-05-08 11:35:00,188.8,189.455,188.66,189.255,3769
2026-05-08 11:40:00,188.99,189,188.04,188.04,1900
2026-05-08 11:45:00,188.27,188.71,188.1221,188.34,1685
2026-05-08 11:50:00,188.7,188.7,188.7,188.7,466
2026-05-08 11:55:00,188.37,188.79,188.345,188.79,400
2026-05-08 12:05:00,188.76,188.79,188.39,188.39,1067
2026-05-08 12:10:00,188.39,189.12,188.39,189.105,3180
2026-05-08 12:15:00,189.13,189.13,189.13,189.13,100
2026-05-08 12:20:00,189.5,189.99,189.33,189.33,5124
2026-05-08 12:25:00,189.905,191,189.8708,191,1593
2026-05-08 12:30:00,190.42,190.774,190.42,190.774,700
2026-05-08 12:35:00,190.42,190.6869,190.395,190.465,1570
2026-05-08 12:40:00,190.72,190.72,189.81,189.98,1460
2026-05-08 12:45:00,190.13,190.77,190.12,190.12,1350
2026-05-08 12:50:00,190.495,190.495,189.7512,189.7512,990
2026-05-08 12:55:00,189.575,189.575,189.575,189.575,200
2026-05-08 13:00:00,189.66,190.19,189.66,189.7301,800
2026-05-08 13:05:00,190,190,189.58,189.58,1509
2026-05-08 13:10:00,190.05,190.255,189.8784,190.21,830
2026-05-08 13:15:00,190.43,190.71,190.37,190.37,400
2026-05-08 13:20:00,190.735,190.735,190.7,190.7,520
2026-05-08 13:25:00,191.18,191.31,191.145,191.25,796
2026-05-08 13:30:00,191.5,191.59,191.125,191.125,4930
2026-05-08 13:35:00,191.155,191.44,191.06,191.295,1010
2026-05-08 13:40:00,191,191.42,191,191.16,880
2026-05-08 13:45:00,191.46,191.48,191.04,191.35,1003
2026-05-08 13:50:00,191.235,191.45,191.08,191.4,640
2026-05-08 13:55:00,191.4,191.4,191.0565,191.0565,300
2026-05-08 14:00:00,191.57,192.055,191.48,191.9999,1949
2026-05-08 14:05:00,192.08,192.08,192.08,192.08,200
2026-05-08 14:10:00,192.7,192.9,192.68,192.82,1400
2026-05-08 14:15:00,192.46,192.7,192.2901,192.2901,400
2026-05-08 14:20:00,192.36,192.36,192.36,192.36,100
2026-05-08 14:25:00,192.47,193,192.47,192.51,1076
2026-05-08 14:30:00,192.3,192.3,191.78,191.78,650
2026-05-08 14:35:00,191.58,191.855,191.58,191.625,685
2026-05-08 14:40:00,191.81,192.15,191.81,192.15,1614
2026-05-08 14:45:00,192.21,192.21,192.21,192.21,100
2026-05-08 14:50:00,191.965,192.34,191.6,191.76,2016
2026-05-08 14:55:00,191.51,191.88,191.51,191.88,625
2026-05-08 15:00:00,192.5,192.63,192.08,192.275,3179
2026-05-08 15:05:00,192.66,192.76,192.44,192.76,464
2026-05-08 15:10:00,192.84,192.84,192.71,192.71,308
2026-05-08 15:15:00,193.07,193.07,192.7,192.7,991
2026-05-08 15:20:00,192.9,192.9,192.76,192.76,500
2026-05-08 15:25:00,192.73,193.18,192.7,192.96,1454
2026-05-08 15:30:00,192.88,193.44,192.86,193.44,2077
2026-05-08 15:35:00,193.071,193.071,193.071,193.071,150
2026-05-08 15:40:00,193.445,193.78,193.3,193.4,2900
2026-05-08 15:45:00,193.8,193.8,192.95,192.95,3654
2026-05-08 15:50:00,192.51,193.07,192.51,192.84,2382
2026-05-08 15:55:00,193,194.23,192.4558,193.93,11829
2026-05-08 16:00:00,193.89,193.89,193.89,193.89,1584
2026-05-08 16:10:00,194.1028,194.1028,194.1028,194.1028,100
2026-05-08 16:15:00,194.67,194.67,194.67,194.67,200
2026-05-08 16:55:00,194.6723,194.6723,194.6723,194.6723,100
2026-05-08 17:00:00,194.8834,194.8834,194.8834,194.8834,257
2026-05-08 17:15:00,194.8833,194.8833,194.8833,194.8833,255
2026-05-08 17:35:00,194.8998,194.8998,194.8998,194.8998,100
2026-05-08 17:40:00,194.7109,194.7109,194.7109,194.7109,121
2026-05-08 18:10:00,194.5,194.5,194.5,194.5,311
2026-05-08 18:20:00,194.02,194.02,193.8807,193.8807,201
2026-05-08 18:30:00,194.49,194.49,194.45,194.45,200
2026-05-08 18:35:00,194.17,194.17,194.17,194.17,100
2026-05-08 18:45:00,194.5,194.5,194.5,194.5,132
2026-05-08 19:15:00,194.805,194.805,194.805,194.805,103
2026-05-08 19:40:00,194,194,194,194,130
2026-05-08 19:45:00,194.24,194.24,194.24,194.24,140