2026-04-22 04:00:00,13,13,12.58,13,6160
2026-04-22 04:05:00,12.72,13.05,12.66,12.71,3040
2026-04-22 04:15:00,12.78,12.78,12.78,12.78,110
2026-04-22 04:20:00,12.84,12.84,12.84,12.84,200
2026-04-22 04:25:00,12.84,12.84,12.78,12.78,569
2026-04-22 04:35:00,12.78,12.78,12.76,12.76,1652
2026-04-22 05:00:00,12.8,12.8,12.8,12.8,100
2026-04-22 05:10:00,12.84,12.84,12.84,12.84,905
2026-04-22 05:30:00,12.84,12.84,12.83,12.83,353
2026-04-22 05:35:00,12.84,12.84,12.84,12.84,100
2026-04-22 05:40:00,12.79,12.79,12.79,12.79,155
2026-04-22 05:45:00,12.79,12.79,12.79,12.79,200
2026-04-22 06:25:00,12.78,12.78,12.78,12.78,151
2026-04-22 06:30:00,12.8,12.8,12.77,12.77,1196
2026-04-22 06:40:00,12.77,12.77,12.77,12.77,269
2026-04-22 06:45:00,12.81,12.81,12.81,12.81,180
2026-04-22 07:45:00,12.831,12.919,12.831,12.9,920
2026-04-22 08:15:00,12.881,12.881,12.881,12.881,700
2026-04-22 08:20:00,12.92,12.92,12.92,12.92,100
2026-04-22 08:25:00,12.89,12.9,12.89,12.9,416
2026-04-22 08:35:00,12.89,12.89,12.89,12.89,310
2026-04-22 08:40:00,12.8809,12.8809,12.8809,12.8809,200
2026-04-22 08:45:00,12.88,12.88,12.88,12.88,417
2026-04-22 08:55:00,12.9,12.9,12.82,12.82,1300
2026-04-22 09:00:00,12.83,12.83,12.83,12.83,118
2026-04-22 09:10:00,12.88,12.88,12.88,12.88,100
2026-04-22 09:25:00,12.85,13,12.85,13,1289
2026-04-22 09:30:00,13,13.1126,12.98,12.98,3624
2026-04-22 09:35:00,12.93,12.96,12.905,12.95,2655
2026-04-22 09:40:00,12.9,12.9,12.8534,12.87,2160
2026-04-22 09:45:00,12.87,12.9555,12.87,12.93,11243
2026-04-22 09:50:00,12.98,13.01,12.96,12.99,4867
2026-04-22 09:55:00,13,13,12.9901,12.9901,1100
2026-04-22 10:00:00,13.01,13.02,13.01,13.02,3090
2026-04-22 10:05:00,13.105,13.1796,13.105,13.14,6850
2026-04-22 10:10:00,13.14,13.1599,13.139,13.1507,1200
2026-04-22 10:15:00,13.1749,13.199,13.1749,13.18,4300
2026-04-22 10:20:00,13.17,13.17,13.08,13.08,1336
2026-04-22 10:25:00,13.045,13.045,13.01,13.01,950
2026-04-22 10:30:00,13.06,13.06,13.03,13.03,1855
2026-04-22 10:35:00,13.04,13.049,13.021,13.04,2468
2026-04-22 10:40:00,13.0696,13.07,13.0399,13.0399,1800
2026-04-22 10:45:00,13.025,13.04,13.025,13.04,406
2026-04-22 10:50:00,13.05,13.05,13.0304,13.0304,435
2026-04-22 11:00:00,13.13,13.13,13.09,13.09,300
2026-04-22 11:05:00,13.13,13.199,13.13,13.19,1940
2026-04-22 11:10:00,13.1701,13.1701,13.12,13.12,700
2026-04-22 11:15:00,13.07,13.07,13.06,13.06,477
2026-04-22 11:20:00,13.1,13.1,13.1,13.1,311
2026-04-22 11:25:00,13,13,13,13,4000
2026-04-22 11:30:00,12.92,12.92,12.92,12.92,1000
2026-04-22 11:35:00,12.93,12.93,12.93,12.93,150
2026-04-22 11:40:00,12.925,12.95,12.925,12.95,3350
2026-04-22 11:50:00,12.95,12.95,12.95,12.95,100
2026-04-22 11:55:00,12.95,12.95,12.945,12.945,300
2026-04-22 12:00:00,12.93,12.94,12.93,12.94,944
2026-04-22 12:05:00,12.94,12.965,12.94,12.965,450
2026-04-22 12:30:00,12.97,13.01,12.9621,13.01,7010
2026-04-22 12:35:00,13,13,12.96,12.96,850
2026-04-22 12:40:00,12.95,12.95,12.95,12.95,100
2026-04-22 12:50:00,12.955,12.955,12.955,12.955,3000
2026-04-22 13:00:00,12.96,12.96,12.96,12.96,2000
2026-04-22 13:05:00,12.97,13,12.97,13,949
2026-04-22 13:10:00,13.05,13.05,13.05,13.05,250
2026-04-22 13:15:00,13.02,13.02,13.02,13.02,549
2026-04-22 13:20:00,12.98,12.98,12.98,12.98,300
2026-04-22 13:30:00,12.95,12.95,12.95,12.95,200
2026-04-22 13:35:00,12.955,12.955,12.941,12.941,875
2026-04-22 13:40:00,12.95,12.9699,12.95,12.9699,200
2026-04-22 13:45:00,12.98,12.98,12.98,12.98,100
2026-04-22 14:00:00,12.94,12.94,12.94,12.94,300
2026-04-22 14:05:00,12.9,12.9,12.9,12.9,422
2026-04-22 14:15:00,12.89,12.89,12.89,12.89,200
2026-04-22 14:35:00,12.909,12.91,12.904,12.91,800
2026-04-22 15:00:00,12.9,12.9,12.88,12.88,600
2026-04-22 15:05:00,12.875,12.875,12.875,12.875,125
2026-04-22 15:15:00,12.94,12.94,12.94,12.94,500
2026-04-22 15:25:00,13,13.02,13,13.02,519
2026-04-22 15:30:00,12.98,12.98,12.98,12.98,100
2026-04-22 15:40:00,12.95,12.95,12.95,12.95,18512
2026-04-22 15:45:00,12.94,12.94,12.94,12.94,8188
2026-04-22 15:50:00,12.92,12.92,12.86,12.87,1479
2026-04-22 15:55:00,12.88,12.94,12.88,12.91,1099
2026-04-22 16:00:00,12.9,12.9,12.9,12.9,142
2026-04-22 16:15:00,12.96,12.968,12.96,12.968,977
2026-04-22 17:45:00,12.92,12.92,12.92,12.92,105
2026-04-22 18:20:00,12.97,12.97,12.97,12.97,537
2026-04-22 18:25:00,12.9004,12.9004,12.9004,12.9004,120
2026-04-22 19:00:00,12.92,12.92,12.92,12.92,276
2026-04-22 19:45:00,13,13,13,13,1500
2026-04-23 04:00:00,12.8,12.9,12.76,12.76,11003
2026-04-23 05:55:00,12.82,12.82,12.79,12.79,312
2026-04-23 06:10:00,12.79,12.79,12.79,12.79,100
2026-04-23 06:30:00,12.87,12.87,12.87,12.87,107
2026-04-23 07:35:00,12.9,12.9,12.9,12.9,150
2026-04-23 08:15:00,13.08,13.08,13.08,13.08,380
2026-04-23 08:20:00,13.1,13.12,13.1,13.12,472
2026-04-23 08:35:00,13.02,13.02,13.02,13.02,1300
2026-04-23 08:40:00,13.05,13.05,13.05,13.05,100
2026-04-23 08:45:00,13.08,13.08,13.08,13.08,200
2026-04-23 09:05:00,13,13.03,13,13.03,224
2026-04-23 09:25:00,13,13,13,13,1100
2026-04-23 09:30:00,13.06,13.0799,12.9,12.9,13291
2026-04-23 09:35:00,13.05,13.07,13.05,13.07,210
2026-04-23 09:40:00,12.98,12.98,12.91,12.97,1304
2026-04-23 09:45:00,12.95,12.95,12.93,12.93,700
2026-04-23 09:50:00,12.92,12.92,12.86,12.87,1100
2026-04-23 09:55:00,12.85,12.85,12.81,12.81,584
2026-04-23 10:00:00,12.78,12.7811,12.75,12.7811,800
2026-04-23 10:05:00,12.88,12.88,12.81,12.88,2447
2026-04-23 10:10:00,12.88,12.88,12.82,12.82,3559
2026-04-23 10:15:00,12.86,12.88,12.86,12.87,610
2026-04-23 10:25:00,12.82,12.82,12.82,12.82,1440
2026-04-23 10:30:00,12.75,12.75,12.75,12.75,100
2026-04-23 10:35:00,12.7336,12.7336,12.5902,12.5902,3640
2026-04-23 10:40:00,12.6003,12.6493,12.6003,12.6493,305
2026-04-23 10:45:00,12.6667,12.69,12.6667,12.69,1470
2026-04-23 10:50:00,12.6601,12.67,12.6201,12.6201,5128
2026-04-23 10:55:00,12.6267,12.64,12.6267,12.64,859
2026-04-23 11:00:00,12.6,12.6,12.6,12.6,100
2026-04-23 11:05:00,12.5861,12.6,12.58,12.6,462
2026-04-23 11:25:00,12.7,12.7,12.7,12.7,100
2026-04-23 11:30:00,12.665,12.665,12.6501,12.6501,1240
2026-04-23 11:35:00,12.689,12.689,12.689,12.689,200
2026-04-23 11:45:00,12.6,12.6,12.6,12.6,200
2026-04-23 12:05:00,12.57,12.5906,12.57,12.5906,583
2026-04-23 12:10:00,12.61,12.61,12.61,12.61,100
2026-04-23 12:25:00,12.65,12.65,12.65,12.65,1214
2026-04-23 12:30:00,12.64,12.64,12.64,12.64,102
2026-04-23 12:35:00,12.615,12.615,12.615,12.615,1000
2026-04-23 13:05:00,12.55,12.55,12.52,12.52,1200
2026-04-23 13:10:00,12.45,12.45,12.44,12.44,2400
2026-04-23 13:15:00,12.44,12.44,12.37,12.37,3060
2026-04-23 13:20:00,12.36,12.36,12.36,12.36,1030
2026-04-23 13:25:00,12.3599,12.39,12.3599,12.39,322
2026-04-23 13:40:00,12.295,12.295,12.26,12.26,4400
2026-04-23 13:45:00,12.24,12.245,12.24,12.245,419
2026-04-23 13:50:00,12.21,12.3,12.21,12.3,2618
2026-04-23 13:55:00,12.3443,12.3443,12.3443,12.3443,479
2026-04-23 14:00:00,12.39,12.39,12.39,12.39,100
2026-04-23 14:05:00,12.43,12.43,12.43,12.43,100
2026-04-23 14:35:00,12.48,12.48,12.47,12.47,2280
2026-04-23 14:40:00,12.47,12.47,12.47,12.47,100
2026-04-23 15:30:00,12.47,12.47,12.47,12.47,570
2026-04-23 15:35:00,12.415,12.415,12.415,12.415,100
2026-04-23 15:50:00,12.49,12.49,12.49,12.49,300
2026-04-23 15:55:00,12.5,12.5,12.5,12.5,400
2026-04-23 16:00:00,12.7,12.7,12.7,12.7,300
2026-04-23 16:05:00,12.51,12.51,12.5,12.5,898
2026-04-23 16:10:00,12.489,12.499,12.489,12.499,500
2026-04-23 16:55:00,12.5787,12.5787,12.5787,12.5787,111
2026-04-23 17:30:00,12.61,12.61,12.61,12.61,100
2026-04-23 17:40:00,12.58,12.58,12.58,12.58,375
2026-04-23 17:50:00,12.65,12.65,12.65,12.65,100
2026-04-23 18:00:00,12.75,12.75,12.66,12.66,256
2026-04-23 18:10:00,12.74,12.74,12.7365,12.7365,753
2026-04-23 18:20:00,12.82,12.82,12.82,12.82,100
2026-04-23 19:05:00,12.74,12.74,12.74,12.74,150
2026-04-23 19:10:00,12.74,12.74,12.74,12.74,200
2026-04-23 19:30:00,12.8,12.8,12.8,12.8,100
2026-04-24 04:00:00,12.77,12.77,12.6,12.67,5690
2026-04-24 04:10:00,12.76,12.76,12.76,12.76,200
2026-04-24 04:20:00,12.61,12.61,12.61,12.61,422
2026-04-24 04:30:00,12.66,12.66,12.66,12.66,100
2026-04-24 04:50:00,12.66,12.66,12.66,12.66,300
2026-04-24 04:55:00,12.7,12.7,12.7,12.7,300
2026-04-24 05:00:00,12.71,12.71,12.71,12.71,373
2026-04-24 05:20:00,12.68,12.68,12.68,12.68,214
2026-04-24 05:25:00,12.68,12.7,12.68,12.7,800
2026-04-24 05:30:00,12.69,12.69,12.69,12.69,527
2026-04-24 06:15:00,12.69,12.69,12.69,12.69,143
2026-04-24 06:25:00,12.7,12.7,12.7,12.7,145
2026-04-24 06:30:00,12.78,12.89,12.78,12.89,895
2026-04-24 06:35:00,12.88,12.88,12.88,12.88,148
2026-04-24 06:40:00,12.89,12.89,12.89,12.89,563
2026-04-24 06:45:00,12.93,12.94,12.93,12.94,550
2026-04-24 06:50:00,12.96,13.02,12.96,13.02,600
2026-04-24 06:55:00,12.94,12.95,12.93,12.95,799
2026-04-24 07:00:00,12.9645,12.97,12.9645,12.97,536
2026-04-24 07:05:00,13.2018,13.2018,13.19,13.19,213
2026-04-24 07:10:00,13.14,13.2,13.14,13.179,1700
2026-04-24 07:15:00,13.17,13.17,13.1445,13.1445,700
2026-04-24 07:20:00,13.08,13.15,13.08,13.14,1113
2026-04-24 07:25:00,13.17,13.2,13.17,13.2,528
2026-04-24 07:30:00,13.3,13.32,13.271,13.271,3499
2026-04-24 07:35:00,13.27,13.41,13.27,13.41,5942
2026-04-24 07:40:00,13.3518,13.3518,13.3518,13.3518,100
2026-04-24 07:45:00,13.4,13.43,13.36,13.36,1400
2026-04-24 07:50:00,13.37,13.37,13.3491,13.3491,1227
2026-04-24 07:55:00,13.34,13.34,13.27,13.27,860
2026-04-24 08:00:00,13.33,13.33,13.33,13.33,415
2026-04-24 08:05:00,13.3,13.32,13.3,13.32,812
2026-04-24 08:15:00,13.42,13.64,13.42,13.64,3986
2026-04-24 08:20:00,13.64,13.64,13.55,13.55,1105
2026-04-24 08:25:00,13.6,13.6,13.55,13.6,922
2026-04-24 08:30:00,13.619,13.74,13.619,13.73,2424
2026-04-24 08:35:00,13.71,13.7796,13.65,13.7796,5632
2026-04-24 08:40:00,13.77,14.3332,13.77,14.2717,15821
2026-04-24 08:45:00,14.29,14.5,14.29,14.41,8957
2026-04-24 08:50:00,14.43,14.51,14.3139,14.32,5532
2026-04-24 08:55:00,14.34,14.4191,14.26,14.26,6189
2026-04-24 09:00:00,14.28,14.29,13.97,14.24,20197
2026-04-24 09:05:00,14.2619,14.3274,14.2619,14.2985,7386
2026-04-24 09:10:00,14.29,14.9547,14.29,14.8,19898
2026-04-24 09:15:00,14.8,15.962,14.8,15.94,23451
2026-04-24 09:20:00,15.919,15.929,15.2663,15.43,16709
2026-04-24 09:25:00,15.29,15.29,14.75,14.75,26955
2026-04-24 09:30:00,14.68,15.8,14.63,15.662,76792
2026-04-24 09:35:00,15.7,15.7,15.1,15.1,50565
2026-04-24 09:40:00,15.05,15.11,14.81,15,34459
2026-04-24 09:45:00,15,15.22,14.97,15.18,27657
2026-04-24 09:50:00,15.18,15.225,14.761,14.761,53195
2026-04-24 09:55:00,14.7646,14.9999,14.62,14.9995,41972
2026-04-24 10:00:00,14.9,14.93,14.74,14.81,13623
2026-04-24 10:05:00,14.7589,14.87,14.75,14.84,6632
2026-04-24 10:10:00,14.809,14.965,14.809,14.85,8055
2026-04-24 10:15:00,14.84,14.88,14.8,14.83,16743
2026-04-24 10:20:00,14.8,14.83,14.76,14.83,9331
2026-04-24 10:25:00,14.83,14.85,14.61,14.61,8252
2026-04-24 10:30:00,14.655,14.6598,14.54,14.58,8045
2026-04-24 10:35:00,14.58,14.6,14.51,14.6,13313
2026-04-24 10:40:00,14.52,14.52,14.3607,14.39,16961
2026-04-24 10:45:00,14.39,14.46,14.37,14.415,14093
2026-04-24 10:50:00,14.4,14.4,14.32,14.32,4925
2026-04-24 10:55:00,14.35,14.539,14.34,14.5324,13595
2026-04-24 11:00:00,14.56,14.6,14.5,14.5,10531
2026-04-24 11:05:00,14.49,14.49,14.4,14.4,6003
2026-04-24 11:10:00,14.39,14.5295,14.39,14.5295,6185
2026-04-24 11:15:00,14.53,14.5418,14.52,14.535,2598
2026-04-24 11:20:00,14.49,14.72,14.49,14.71,3262
2026-04-24 11:25:00,14.7187,14.82,14.7187,14.745,21436
2026-04-24 11:30:00,14.755,14.82,14.72,14.77,2555
2026-04-24 11:35:00,14.77,14.8679,14.77,14.85,7268
2026-04-24 11:40:00,14.81,14.9,14.79,14.9,25925
2026-04-24 11:45:00,14.98,14.98,14.9,14.92,11872
2026-04-24 11:50:00,14.96,15.06,14.95,15.01,12421
2026-04-24 11:55:00,15,15,14.9444,14.9444,11185
2026-04-24 12:00:00,14.953,15.13,14.953,15.13,7563
2026-04-24 12:05:00,15.14,15.2,15.12,15.187,14275
2026-04-24 12:10:00,15.1998,15.4,15.1997,15.395,14039
2026-04-24 12:15:00,15.4,15.409,15.35,15.35,6595
2026-04-24 12:20:00,15.32,15.42,15.32,15.41,34337
2026-04-24 12:25:00,15.399,15.42,15.38,15.38,18225
2026-04-24 12:30:00,15.329,15.37,15.295,15.37,1142
2026-04-24 12:35:00,15.39,15.48,15.39,15.43,3140
2026-04-24 12:40:00,15.41,15.43,15.33,15.34,5451
2026-04-24 12:45:00,15.35,15.35,15.3201,15.3301,3610
2026-04-24 12:50:00,15.21,15.21,15.19,15.21,10570
2026-04-24 12:55:00,15.2,15.21,15.1585,15.21,8756
2026-04-24 13:00:00,15.235,15.26,15.16,15.16,4674
2026-04-24 13:05:00,15.2,15.21,15.195,15.21,1008
2026-04-24 13:10:00,15.25,15.27,15.22,15.24,11396
2026-04-24 13:15:00,15.22,15.22,15.17,15.17,1668
2026-04-24 13:20:00,15.18,15.1996,15.15,15.15,4628
2026-04-24 13:25:00,15.165,15.165,15.165,15.165,142
2026-04-24 13:30:00,15.285,15.34,15.285,15.32,2096
2026-04-24 13:35:00,15.331,15.331,15.29,15.29,8200
2026-04-24 13:40:00,15.3,15.3,15.26,15.26,7185
2026-04-24 13:45:00,15.22,15.22,15.209,15.209,1137
2026-04-24 13:50:00,15.2,15.219,15.19,15.19,697
2026-04-24 13:55:00,15.2,15.2,15.2,15.2,211
2026-04-24 14:00:00,15.19,15.205,15.1838,15.205,5473
2026-04-24 14:05:00,15.19,15.19,15.19,15.19,200
2026-04-24 14:10:00,15.18,15.18,15.15,15.15,336
2026-04-24 14:15:00,15.145,15.16,15.145,15.16,492
2026-04-24 14:20:00,15.12,15.12,15.11,15.11,1100
2026-04-24 14:25:00,15.111,15.145,15.111,15.145,990
2026-04-24 14:30:00,15.155,15.165,15.155,15.165,250
2026-04-24 14:35:00,15.16,15.16,15.16,15.16,200
2026-04-24 14:40:00,15.15,15.15,15.15,15.15,455
2026-04-24 14:45:00,15.111,15.14,15.111,15.14,561
2026-04-24 14:55:00,15.111,15.12,15.1,15.1,1938
2026-04-24 15:00:00,15.1,15.13,15.09,15.11,3969
2026-04-24 15:05:00,15.1099,15.16,15.085,15.14,4050
2026-04-24 15:10:00,15.135,15.16,15.135,15.16,667
2026-04-24 15:15:00,15.17,15.181,15.17,15.181,574
2026-04-24 15:20:00,15.25,15.26,15.25,15.255,2000
2026-04-24 15:25:00,15.259,15.259,15.25,15.25,745
2026-04-24 15:30:00,15.22,15.228,15.185,15.19,1403
2026-04-24 15:35:00,15.25,15.345,15.25,15.345,1100
2026-04-24 15:40:00,15.3464,15.3464,15.29,15.295,1900
2026-04-24 15:45:00,15.309,15.33,15.26,15.26,7450
2026-04-24 15:50:00,15.32,15.42,15.32,15.405,26516
2026-04-24 15:55:00,15.405,15.405,15.3,15.34,5627
2026-04-24 16:00:00,15.36,15.49,15.19,15.19,3035
2026-04-24 16:05:00,15.34,15.34,15.34,15.34,373
2026-04-24 16:10:00,15.35,15.36,15.35,15.36,300
2026-04-24 16:15:00,15.35,15.35,15.35,15.35,100
2026-04-24 16:30:00,15.403,15.403,15.39,15.39,300
2026-04-24 16:35:00,15.4273,15.4273,15.35,15.35,300
2026-04-24 16:45:00,15.4274,15.4274,15.4274,15.4274,450
2026-04-24 16:55:00,15.42,15.44,15.42,15.44,301
2026-04-24 17:00:00,15.44,15.44,15.36,15.36,692
2026-04-24 17:10:00,15.37,15.37,15.37,15.37,100
2026-04-24 17:15:00,15.4,15.4,15.3105,15.3105,781
2026-04-24 17:20:00,15.31,15.31,15.31,15.31,777
2026-04-24 17:35:00,15.31,15.4321,15.31,15.4321,339
2026-04-24 18:00:00,15.4,15.4,15.4,15.4,634
2026-04-24 18:05:00,15.3107,15.4331,15.31,15.31,969
2026-04-24 18:10:00,15.32,15.33,15.3127,15.33,436
2026-04-24 18:15:00,15.31,15.33,15.31,15.32,2340
2026-04-24 18:20:00,15.32,15.32,15.32,15.32,780
2026-04-24 18:25:00,15.32,15.3204,15.32,15.3204,1171
2026-04-24 18:30:00,15.32,15.4253,15.32,15.4253,500
2026-04-24 18:45:00,15.33,15.33,15.33,15.33,140
2026-04-24 18:50:00,15.4334,15.4334,15.4334,15.4334,500
2026-04-24 19:05:00,15.42,15.42,15.42,15.42,100
2026-04-24 19:10:00,15.43,15.43,15.43,15.43,103
2026-04-24 19:15:00,15.4672,15.4672,15.4672,15.4672,200
2026-04-24 19:20:00,15.45,15.48,15.45,15.48,206
2026-04-24 19:35:00,15.44,15.44,15.44,15.44,398
2026-04-24 19:40:00,15.44,15.44,15.44,15.44,408
2026-04-24 19:45:00,15.48,15.49,15.48,15.49,519
2026-04-24 19:55:00,15.5,15.584,15.5,15.584,659
2026-04-27 04:00:00,16.98,17.74,16.75,16.9,279784
2026-04-27 04:05:00,16.98,17.5,16.65,16.98,15426
2026-04-27 04:10:00,16.87,16.87,16.76,16.76,1402
2026-04-27 04:15:00,16.9,17.1,16.83,17.1,25005
2026-04-27 04:20:00,17.1,17.38,17.06,17.36,43058
2026-04-27 04:25:00,17.48,17.49,17.21,17.36,16832
2026-04-27 04:30:00,17.5,17.5,17.24,17.24,17968
2026-04-27 04:35:00,17.47,17.79,17.45,17.7,5721
2026-04-27 04:40:00,17.68,18,17.58,17.99,30049
2026-04-27 04:45:00,17.93,18.04,17.81,18.04,9161
2026-04-27 04:50:00,18.09,18.21,18.04,18.12,5237
2026-04-27 04:55:00,18.12,18.38,18.12,18.365,7247
2026-04-27 05:00:00,18.35,18.54,18.35,18.5,13440
2026-04-27 05:05:00,18.48,18.5,18.29,18.49,3669
2026-04-27 05:10:00,18.49,18.49,18.11,18.11,3393
2026-04-27 05:15:00,18.1,18.29,18.08,18.2,12843
2026-04-27 05:20:00,18.05,18.55,18.05,18.55,7230
2026-04-27 05:25:00,18.55,18.78,18.43,18.6,11821
2026-04-27 05:30:00,18.42,18.59,18.36,18.59,12494
2026-04-27 05:35:00,18.63,18.7,18.53,18.7,17009
2026-04-27 05:40:00,18.72,19.19,18.69,19.12,11428
2026-04-27 05:45:00,19.1,19.38,19.09,19.38,12262
2026-04-27 05:50:00,19.38,19.38,19,19,16544
2026-04-27 05:55:00,18.9,19,18.75,18.81,6939
2026-04-27 06:00:00,18.81,19.08,18.81,19.08,5291
2026-04-27 06:05:00,19.05,19.06,18.78,18.95,6259
2026-04-27 06:10:00,18.88,18.88,18.75,18.75,1818
2026-04-27 06:15:00,18.67,18.81,18.66,18.81,4250
2026-04-27 06:20:00,18.81,19,18.81,18.9,5068
2026-04-27 06:25:00,18.77,18.77,18.51,18.51,3283
2026-04-27 06:30:00,18.62,18.77,18.52,18.77,2353
2026-04-27 06:35:00,18.74,18.9,18.63,18.7,2522
2026-04-27 06:40:00,18.7,18.9,18.7,18.75,3975
2026-04-27 06:45:00,18.73,18.9,18.63,18.9,3195
2026-04-27 06:50:00,18.87,19.08,18.87,18.95,6816
2026-04-27 06:55:00,18.99,19.1,18.9,18.99,4996
2026-04-27 07:00:00,18.87,19.1,18.78,19.01,16417
2026-04-27 07:05:00,19.09,19.49,19.09,19.36,14089
2026-04-27 07:10:00,19.34,19.56,19.32,19.47,15113
2026-04-27 07:15:00,19.47,19.54,19.18,19.54,33757
2026-04-27 07:20:00,19.38,19.49,19.32,19.4584,12958
2026-04-27 07:25:00,19.34,19.57,19.34,19.44,12793
2026-04-27 07:30:00,19.4642,19.66,19.32,19.34,6992
2026-04-27 07:35:00,19.3,19.38,19.3,19.31,3746
2026-04-27 07:40:00,19.3,19.3,19.09,19.11,11306
2026-04-27 07:45:00,19.17,19.28,19.17,19.22,6470
2026-04-27 07:50:00,19.3,19.3,19,19.06,8012
2026-04-27 07:55:00,19.08,19.09,18.96,18.96,10086
2026-04-27 08:00:00,19,19.1,18.95,19.02,6287
2026-04-27 08:05:00,19.02,19.05,18.8,18.8,14921
2026-04-27 08:10:00,18.815,19.0059,18.76,18.94,10127
2026-04-27 08:15:00,18.93,18.93,18.7203,18.73,5947
2026-04-27 08:20:00,18.69,18.73,18.5713,18.6309,9854
2026-04-27 08:25:00,18.59,18.68,18.3,18.4981,28215
2026-04-27 08:30:00,18.4995,18.63,18.29,18.29,11715
2026-04-27 08:35:00,18.28,18.31,17.97,18.27,28931
2026-04-27 08:40:00,18.2128,18.36,18.12,18.36,16084
2026-04-27 08:45:00,18.38,18.38,18.15,18.15,22766
2026-04-27 08:50:00,18.18,18.25,18.1219,18.17,1256
2026-04-27 08:55:00,18.17,18.17,17.73,17.73,43877
2026-04-27 09:00:00,17.73,17.98,17.73,17.9,16202
2026-04-27 09:05:00,17.83,18.06,17.74,17.9824,25590
2026-04-27 09:10:00,17.9836,18.12,17.91,18.12,16386
2026-04-27 09:15:00,18.1,18.1,17.511,17.511,33630
2026-04-27 09:20:00,17.52,17.59,17.3,17.5,34838
2026-04-27 09:25:00,17.49,17.49,16.8,16.87,56353
2026-04-27 09:30:00,16.83,17.81,16.7,17.3444,306066
2026-04-27 09:35:00,17.4,17.44,17.09,17.16,82672
2026-04-27 09:40:00,17.1425,17.2,16.3,16.377,117233
2026-04-27 09:45:00,16.3962,16.4738,15.9,15.92,130100
2026-04-27 09:50:00,15.9,16.22,15.89,16.09,111693
2026-04-27 09:55:00,16.1,16.18,15.91,15.9663,84052
2026-04-27 10:00:00,15.97,16.2398,15.8268,15.8268,61911
2026-04-27 10:05:00,15.84,15.84,15.42,15.46,92470
2026-04-27 10:10:00,15.46,15.54,15.35,15.41,60676
2026-04-27 10:15:00,15.485,15.5,15.33,15.3438,34528
2026-04-27 10:20:00,15.3206,15.4584,15.201,15.24,69942
2026-04-27 10:25:00,15.25,15.27,15.15,15.18,162892
2026-04-27 10:30:00,15.175,15.32,15.15,15.31,47984
2026-04-27 10:35:00,15.3,15.36,15.21,15.215,55828
2026-04-27 10:40:00,15.28,15.28,15.075,15.1064,323208
2026-04-27 10:45:00,15.16,15.3885,15.16,15.28,44785
2026-04-27 10:50:00,15.35,15.45,15.2354,15.2354,26406
2026-04-27 10:55:00,15.25,15.25,15.05,15.07,26676
2026-04-27 11:00:00,15.08,15.16,15.06,15.11,29785
2026-04-27 11:05:00,15.1,15.1,14.92,15.02,24616
2026-04-27 11:10:00,15.031,15.0792,14.98,15.07,12119
2026-04-27 11:15:00,15.055,15.2292,15.048,15.21,19904
2026-04-27 11:20:00,15.2182,15.26,15.15,15.1501,13439
2026-04-27 11:25:00,15.16,15.27,15.14,15.21,12329
2026-04-27 11:30:00,15.23,15.38,15.23,15.3335,15467
2026-04-27 11:35:00,15.34,15.368,15.26,15.26,10734
2026-04-27 11:40:00,15.22,15.245,15.11,15.11,25636
2026-04-27 11:45:00,15.189,15.22,15.15,15.165,8295
2026-04-27 11:50:00,15.175,15.19,15.12,15.12,6852
2026-04-27 11:55:00,15.16,15.16,15.11,15.11,1953
2026-04-27 12:00:00,15.17,15.2,15.17,15.2,5397
2026-04-27 12:05:00,15.2999,15.325,15.271,15.32,5412
2026-04-27 12:10:00,15.33,15.38,15.25,15.34,9089
2026-04-27 12:15:00,15.3595,15.4,15.34,15.4,12664
2026-04-27 12:20:00,15.4,15.44,15.37,15.37,9810
2026-04-27 12:25:00,15.33,15.36,15.3,15.31,4077
2026-04-27 12:30:00,15.3272,15.38,15.3272,15.3593,1887
2026-04-27 12:35:00,15.35,15.3532,15.34,15.34,1322
2026-04-27 12:40:00,15.355,15.45,15.35,15.35,9736
2026-04-27 12:45:00,15.34,15.375,15.3,15.34,3618
2026-04-27 12:50:00,15.34,15.35,15.3,15.35,4376
2026-04-27 12:55:00,15.28,15.385,15.2703,15.385,3617
2026-04-27 13:00:00,15.38,15.42,15.38,15.42,8595
2026-04-27 13:05:00,15.44,15.45,15.364,15.364,14869
2026-04-27 13:10:00,15.371,15.375,15.34,15.34,1628
2026-04-27 13:15:00,15.3,15.31,15.24,15.3,5271
2026-04-27 13:20:00,15.3,15.32,15.28,15.29,10948
2026-04-27 13:25:00,15.295,15.33,15.295,15.315,13154
2026-04-27 13:30:00,15.305,15.37,15.305,15.36,2147
2026-04-27 13:35:00,15.38,15.3897,15.35,15.36,2123
2026-04-27 13:40:00,15.335,15.34,15.33,15.34,3801
2026-04-27 13:45:00,15.39,15.42,15.38,15.38,1990
2026-04-27 13:50:00,15.375,15.39,15.34,15.37,2990
2026-04-27 13:55:00,15.38,15.385,15.37,15.385,988
2026-04-27 14:00:00,15.425,15.425,15.38,15.399,1450
2026-04-27 14:05:00,15.39,15.45,15.39,15.45,18094
2026-04-27 14:10:00,15.47,15.519,15.4632,15.4632,15284
2026-04-27 14:15:00,15.5094,15.5094,15.45,15.45,3648
2026-04-27 14:20:00,15.465,15.47,15.43,15.45,7915
2026-04-27 14:25:00,15.509,15.52,15.509,15.5092,2443
2026-04-27 14:30:00,15.509,15.509,15.4401,15.46,3994
2026-04-27 14:35:00,15.49,15.55,15.49,15.54,9661
2026-04-27 14:40:00,15.55,15.55,15.49,15.49,2153
2026-04-27 14:45:00,15.44,15.46,15.44,15.4404,10681
2026-04-27 14:50:00,15.44,15.4601,15.4301,15.45,2612
2026-04-27 14:55:00,15.46,15.5221,15.46,15.5125,3565
2026-04-27 15:00:00,15.51,15.56,15.51,15.56,2273
2026-04-27 15:05:00,15.56,15.65,15.56,15.635,15470
2026-04-27 15:10:00,15.66,15.73,15.66,15.7,18426
2026-04-27 15:15:00,15.715,15.715,15.6206,15.6398,15787
2026-04-27 15:20:00,15.63,15.66,15.51,15.515,40257
2026-04-27 15:25:00,15.55,15.55,15.4634,15.48,26754
2026-04-27 15:30:00,15.53,15.545,15.51,15.5375,4718
2026-04-27 15:35:00,15.5095,15.5241,15.5053,15.519,2000
2026-04-27 15:40:00,15.56,15.6036,15.56,15.6036,6525
2026-04-27 15:45:00,15.59,15.59,15.44,15.49,12811
2026-04-27 15:50:00,15.48,15.619,15.48,15.6099,16522
2026-04-27 15:55:00,15.65,15.669,15.582,15.6,72174
2026-04-27 16:00:00,15.6,15.6,15.6,15.6,1055
2026-04-27 16:05:00,15.6752,15.72,15.6752,15.68,2109
2026-04-27 16:10:00,15.74,15.81,15.73,15.74,1050
2026-04-27 16:15:00,15.7512,15.81,15.7,15.76,5000
2026-04-27 16:20:00,15.71,15.71,15.71,15.71,1600
2026-04-27 16:25:00,15.67,15.67,15.6,15.6,1724
2026-04-27 16:30:00,15.62,15.68,15.62,15.68,228
2026-04-27 16:40:00,15.7,15.7,15.68,15.68,2755
2026-04-27 16:45:00,15.7035,15.7035,15.601,15.601,1492
2026-04-27 16:50:00,15.65,15.661,15.65,15.661,461
2026-04-27 17:00:00,15.73,15.73,15.73,15.73,160
2026-04-27 17:05:00,15.7293,15.7293,15.65,15.65,1726
2026-04-27 17:10:00,15.61,15.7,15.61,15.7,400
2026-04-27 17:15:00,15.71,15.75,15.71,15.75,800
2026-04-27 17:20:00,15.8,15.8,15.8,15.8,7000
2026-04-27 17:25:00,15.83,15.8649,15.83,15.8649,784
2026-04-27 17:30:00,15.8,15.8,15.8,15.8,100
2026-04-27 17:35:00,15.82,15.82,15.82,15.82,130
2026-04-27 17:40:00,15.79,15.79,15.79,15.79,200
2026-04-27 17:45:00,15.8116,15.82,15.7494,15.7494,1932
2026-04-27 17:50:00,15.73,15.7509,15.73,15.75,2907
2026-04-27 17:55:00,15.79,15.82,15.79,15.81,556
2026-04-27 18:00:00,15.8098,15.8098,15.75,15.8088,7461
2026-04-27 18:05:00,15.8096,15.8096,15.77,15.79,1511
2026-04-27 18:10:00,15.8,15.8,15.79,15.79,700
2026-04-27 18:15:00,15.79,15.79,15.76,15.79,857
2026-04-27 18:20:00,15.74,15.74,15.69,15.69,943
2026-04-27 18:25:00,15.63,15.631,15.6,15.601,4047
2026-04-27 18:30:00,15.63,15.63,15.63,15.63,200
2026-04-27 18:35:00,15.739,15.739,15.72,15.72,891
2026-04-27 18:40:00,15.72,15.73,15.72,15.73,389
2026-04-27 18:45:00,15.74,15.74,15.74,15.74,287
2026-04-27 18:50:00,15.74,15.74,15.7,15.7,1423
2026-04-27 18:55:00,15.7,15.7,15.7,15.7,623
2026-04-27 19:00:00,15.767,15.767,15.72,15.72,841
2026-04-27 19:05:00,15.72,15.7889,15.72,15.7889,805
2026-04-27 19:10:00,15.7833,15.7833,15.78,15.78,280
2026-04-27 19:20:00,15.78,15.78,15.73,15.73,661
2026-04-27 19:25:00,15.78,15.78,15.78,15.78,100
2026-04-27 19:30:00,15.76,15.7668,15.72,15.72,2303
2026-04-27 19:35:00,15.72,15.72,15.72,15.72,500
2026-04-27 19:40:00,15.72,15.72,15.67,15.67,2215
2026-04-27 19:50:00,15.6911,15.71,15.6911,15.7,2786
2026-04-27 19:55:00,15.69,15.69,15.68,15.68,2291
2026-04-28 04:00:00,15.04,15.24,14.71,15.23,51085
2026-04-28 04:05:00,14.92,15.08,14.83,15,4671
2026-04-28 04:10:00,15.08,15.08,15.04,15.04,584
2026-04-28 04:15:00,15,15,15,15,300
2026-04-28 04:20:00,15,15,14.99,14.99,571
2026-04-28 04:25:00,14.98,14.98,14.98,14.98,100
2026-04-28 04:30:00,14.95,15.01,14.95,15.01,333
2026-04-28 04:45:00,15.05,15.06,15.05,15.06,500
2026-04-28 04:50:00,14.98,14.98,14.97,14.97,657
2026-04-28 04:55:00,15,15,15,15,199
2026-04-28 05:00:00,15,15,15,15,150
2026-04-28 05:05:00,15,15,14.96,14.96,1754
2026-04-28 05:10:00,14.95,14.95,14.95,14.95,954
2026-04-28 05:15:00,15,15,14.88,15,6858
2026-04-28 05:20:00,14.85,14.93,14.85,14.88,2974
2026-04-28 05:25:00,14.83,14.83,14.81,14.81,5085
2026-04-28 05:30:00,14.84,14.84,14.64,14.64,2496
2026-04-28 05:35:00,14.69,14.69,14.6,14.6,943
2026-04-28 05:40:00,14.51,14.56,14.51,14.54,1175
2026-04-28 05:45:00,14.59,14.6,14.42,14.44,8575
2026-04-28 05:50:00,14.45,14.52,14.45,14.52,15469
2026-04-28 06:00:00,14.74,14.74,14.58,14.58,1457
2026-04-28 06:05:00,14.58,14.58,14.58,14.58,330
2026-04-28 06:10:00,14.58,14.58,14.58,14.58,190
2026-04-28 06:15:00,14.5,14.5,14.33,14.4,3000
2026-04-28 06:20:00,14.44,14.48,14.4,14.4,1053
2026-04-28 06:25:00,14.44,14.45,14.44,14.45,1203
2026-04-28 06:30:00,14.43,14.46,14.42,14.44,7116
2026-04-28 06:35:00,14.49,14.49,14.471,14.471,1867
2026-04-28 06:40:00,14.45,14.45,14.44,14.44,27185
2026-04-28 06:45:00,14.41,14.41,14.41,14.41,125
2026-04-28 06:55:00,14.47,14.47,14.47,14.47,584
2026-04-28 07:00:00,14.67,14.71,14.55,14.64,5915
2026-04-28 07:05:00,14.44,14.44,14.4,14.4,444
2026-04-28 07:10:00,14.4,14.48,14.37,14.48,6105
2026-04-28 07:15:00,14.43,14.51,14.43,14.51,2504
2026-04-28 07:20:00,14.36,14.38,14.36,14.38,1512
2026-04-28 07:25:00,14.37,14.48,14.36,14.47,4801
2026-04-28 07:30:00,14.47,14.47,14.32,14.39,2971
2026-04-28 07:35:00,14.34,14.39,14.31,14.39,4597
2026-04-28 07:40:00,14.331,14.51,14.331,14.51,1849
2026-04-28 07:45:00,14.55,14.56,14.37,14.373,1367
2026-04-28 07:50:00,14.36,14.5,14.35,14.49,16625
2026-04-28 07:55:00,14.5,14.51,14.49,14.49,758
2026-04-28 08:00:00,14.43,14.49,14.43,14.431,4149
2026-04-28 08:05:00,14.431,14.44,14.43,14.43,3660
2026-04-28 08:10:00,14.43,14.49,14.43,14.49,1050
2026-04-28 08:15:00,14.41,14.47,14.41,14.47,1150
2026-04-28 08:20:00,14.38,14.38,14.12,14.28,9557
2026-04-28 08:25:00,14.28,14.28,14.28,14.28,746
2026-04-28 08:30:00,14.3,14.33,14.28,14.33,938
2026-04-28 08:35:00,14.49,14.58,14.49,14.5,3224
2026-04-28 08:45:00,14.5,14.54,14.5,14.54,1107
2026-04-28 08:50:00,14.55,14.57,14.44,14.44,4222
2026-04-28 08:55:00,14.48,14.6,14.48,14.59,3243
2026-04-28 09:00:00,14.5,14.53,14.4703,14.53,1020
2026-04-28 09:05:00,14.41,14.41,14.21,14.21,2868
2026-04-28 09:10:00,14.24,14.27,14.231,14.27,3044
2026-04-28 09:15:00,14.26,14.2616,14.26,14.2616,1300
2026-04-28 09:20:00,14.35,14.48,14.35,14.47,1116
2026-04-28 09:25:00,14.34,14.45,14.33,14.45,1404
2026-04-28 09:30:00,14.5,14.8594,14.33,14.74,76963
2026-04-28 09:35:00,14.75,14.7998,14.53,14.66,32435
2026-04-28 09:40:00,14.7,14.93,14.6501,14.91,16676
2026-04-28 09:45:00,14.91,15.02,14.7781,14.95,13202
2026-04-28 09:50:00,14.92,14.92,14.8,14.84,8021
2026-04-28 09:55:00,14.84,15.01,14.7676,14.99,14353
2026-04-28 10:00:00,14.915,15,14.9,14.915,5127
2026-04-28 10:05:00,14.95,15.1899,14.95,15.14,12554
2026-04-28 10:10:00,15.12,15.1996,15.1,15.165,13160
2026-04-28 10:15:00,15.18,15.2,15.02,15.11,7018
2026-04-28 10:20:00,15.14,15.15,14.85,14.9745,11022
2026-04-28 10:25:00,14.95,15.05,14.95,15.03,1794
2026-04-28 10:30:00,14.98,15.07,14.81,14.86,65432
2026-04-28 10:35:00,14.88,14.9,14.8304,14.9,9364
2026-04-28 10:40:00,14.86,15,14.86,14.97,5727
2026-04-28 10:45:00,14.991,14.991,14.89,14.94,64296
2026-04-28 10:50:00,14.93,14.95,14.88,14.945,9299
2026-04-28 10:55:00,14.97,15.15,14.97,15.15,11205
2026-04-28 11:00:00,15.19,15.24,15.07,15.07,9069
2026-04-28 11:05:00,15.07,15.07,15,15.04,1373
2026-04-28 11:10:00,15.01,15.04,14.98,15,6981
2026-04-28 11:15:00,15.0508,15.06,15.05,15.05,2992
2026-04-28 11:20:00,15,15,14.9502,14.97,1300
2026-04-28 11:25:00,14.95,15,14.95,15,1190
2026-04-28 11:30:00,15,15,14.93,14.93,6004
2026-04-28 11:35:00,14.92,15,14.92,14.98,700
2026-04-28 11:40:00,14.96,15,14.96,14.98,18580
2026-04-28 11:45:00,14.96,14.98,14.91,14.94,2900
2026-04-28 11:50:00,14.95,14.95,14.9399,14.945,755
2026-04-28 11:55:00,14.945,15,14.945,14.97,3031
2026-04-28 12:00:00,14.93,14.9501,14.92,14.94,2581
2026-04-28 12:05:00,15.01,15.07,15.01,15.06,2500
2026-04-28 12:10:00,15.07,15.07,15.04,15.04,725
2026-04-28 12:15:00,15.05,15.12,15.05,15.115,4240
2026-04-28 12:20:00,15.09,15.188,15.09,15.188,1803
2026-04-28 12:25:00,15.1701,15.1701,15.1667,15.1667,1100
2026-04-28 12:30:00,15.1761,15.1761,15.1761,15.1761,131
2026-04-28 12:35:00,15.1,15.23,15.08,15.2,4442
2026-04-28 12:40:00,15.23,15.24,15.205,15.205,1676
2026-04-28 12:45:00,15.23,15.275,15.23,15.255,3735
2026-04-28 12:50:00,15.28,15.2996,15.2699,15.285,4250
2026-04-28 12:55:00,15.285,15.32,15.285,15.315,3978
2026-04-28 13:00:00,15.31,15.3672,15.31,15.3672,1706
2026-04-28 13:05:00,15.3752,15.435,15.35,15.435,3495
2026-04-28 13:10:00,15.4308,15.48,15.43,15.46,13471
2026-04-28 13:15:00,15.43,15.44,15.4232,15.44,2000
2026-04-28 13:20:00,15.42,15.58,15.42,15.58,30484
2026-04-28 13:25:00,15.58,15.7,15.579,15.69,3646
2026-04-28 13:30:00,15.6999,15.6999,15.62,15.65,12267
2026-04-28 13:35:00,15.67,15.835,15.67,15.835,20827
2026-04-28 13:40:00,15.765,15.84,15.76,15.77,4421
2026-04-28 13:45:00,15.76,15.76,15.58,15.6001,12529
2026-04-28 13:50:00,15.615,15.72,15.6,15.695,14569
2026-04-28 13:55:00,15.69,15.69,15.6163,15.6201,2440
2026-04-28 14:00:00,15.59,15.69,15.59,15.64,12390
2026-04-28 14:05:00,15.645,15.645,15.645,15.645,200
2026-04-28 14:10:00,15.61,15.6101,15.6,15.605,5621
2026-04-28 14:15:00,15.6302,15.66,15.6302,15.66,912
2026-04-28 14:20:00,15.6699,15.72,15.6699,15.709,5840
2026-04-28 14:25:00,15.705,15.705,15.659,15.675,6186
2026-04-28 14:30:00,15.71,15.71,15.69,15.695,2100
2026-04-28 14:35:00,15.699,15.699,15.699,15.699,140
2026-04-28 14:40:00,15.66,15.69,15.66,15.69,1700
2026-04-28 14:45:00,15.685,15.77,15.68,15.77,1441
2026-04-28 14:50:00,15.725,15.7399,15.7159,15.7399,3500
2026-04-28 15:00:00,15.705,15.75,15.705,15.75,600
2026-04-28 15:05:00,15.6,15.6,15.5,15.55,3357
2026-04-28 15:10:00,15.6499,15.6499,15.6499,15.6499,1000
2026-04-28 15:15:00,15.6,15.65,15.6,15.65,1757
2026-04-28 15:25:00,15.6,15.64,15.6,15.63,2296
2026-04-28 15:30:00,15.64,15.69,15.64,15.69,1321
2026-04-28 15:35:00,15.63,15.705,15.63,15.6496,6312
2026-04-28 15:40:00,15.64,15.645,15.61,15.63,5411
2026-04-28 15:45:00,15.651,15.66,15.65,15.655,1521
2026-04-28 15:50:00,15.62,15.65,15.62,15.64,15907
2026-04-28 15:55:00,15.6,15.6,15.5,15.55,26819
2026-04-28 16:00:00,15.54,15.66,15.54,15.54,1689
2026-04-28 16:05:00,15.4865,15.56,15.4865,15.56,707
2026-04-28 16:10:00,15.54,15.54,15.54,15.54,707
2026-04-28 16:15:00,15.57,15.57,15.52,15.52,408
2026-04-28 16:25:00,15.659,15.66,15.57,15.57,832
2026-04-28 16:30:00,15.63,15.63,15.63,15.63,160
2026-04-28 16:45:00,15.65,15.67,15.65,15.67,2391
2026-04-28 16:50:00,15.68,15.69,15.6725,15.69,1832
2026-04-28 16:55:00,15.6,15.6,15.6,15.6,2100
2026-04-28 17:00:00,15.69,15.69,15.69,15.69,100
2026-04-28 17:05:00,15.66,15.66,15.66,15.66,700
2026-04-28 17:10:00,15.51,15.52,15.51,15.51,798
2026-04-28 17:20:00,15.64,15.64,15.26,15.3,1476
2026-04-28 17:25:00,15.27,15.28,15.27,15.28,800
2026-04-28 17:30:00,15.28,15.28,15.28,15.28,300
2026-04-28 17:35:00,15.66,15.66,15.66,15.66,419
2026-04-28 17:45:00,15.49,15.5,15.3811,15.3811,538
2026-04-28 17:55:00,15.6,15.6,15.6,15.6,500
2026-04-28 18:00:00,15.5,15.5,15.5,15.5,338
2026-04-28 18:30:00,15.5,15.5,15.5,15.5,400
2026-04-28 18:40:00,15.5,15.52,15.5,15.52,304
2026-04-28 18:45:00,15.5,15.5,15.5,15.5,1020
2026-04-28 18:50:00,15.5081,15.5081,15.36,15.49,3730
2026-04-28 18:55:00,15.47,15.48,15.46,15.48,2900
2026-04-28 19:25:00,15.43,15.51,15.43,15.51,763
2026-04-28 19:40:00,15.5,15.5,15.5,15.5,100
2026-04-28 19:50:00,15.51,15.51,15.51,15.51,100
2026-04-28 19:55:00,15.5,15.51,15.5,15.51,1352
2026-04-29 04:00:00,15.6,15.6,15.4,15.4,10969
2026-04-29 04:05:00,15.35,15.35,15.35,15.35,400
2026-04-29 04:10:00,15.35,15.39,15.3181,15.3181,1930
2026-04-29 04:15:00,15.32,15.32,15.32,15.32,300
2026-04-29 04:20:00,15.35,15.35,15.35,15.35,1134
2026-04-29 04:25:00,15.4,15.4,15.37,15.37,400
2026-04-29 04:30:00,15.36,15.41,15.35,15.41,900
2026-04-29 04:35:00,15.35,15.35,15.29,15.29,668
2026-04-29 04:40:00,15.29,15.29,15.27,15.27,672
2026-04-29 04:45:00,15.3,15.3,15.3,15.3,670
2026-04-29 05:00:00,15.31,15.31,15.31,15.31,100
2026-04-29 05:10:00,15.31,15.37,15.31,15.37,1083
2026-04-29 05:15:00,15.42,15.42,15.42,15.42,600
2026-04-29 05:20:00,15.38,15.38,15.38,15.38,100
2026-04-29 05:35:00,15.38,15.38,15.38,15.38,400
2026-04-29 05:40:00,15.35,15.35,15.35,15.35,160
2026-04-29 05:55:00,15.36,15.36,15.36,15.36,600
2026-04-29 06:00:00,15.49,15.52,15.49,15.52,1902
2026-04-29 06:05:00,15.5,15.5,15.45,15.47,3424
2026-04-29 06:10:00,15.47,15.49,15.47,15.49,716
2026-04-29 06:15:00,15.49,15.51,15.48,15.51,3179
2026-04-29 06:25:00,15.56,15.69,15.56,15.69,5151
2026-04-29 06:30:00,15.57,15.64,15.48,15.48,3150
2026-04-29 06:35:00,15.57,15.57,15.39,15.39,7032
2026-04-29 06:40:00,15.39,15.39,15.36,15.36,400
2026-04-29 06:50:00,15.42,15.42,15.42,15.42,250
2026-04-29 06:55:00,15.449,15.449,15.449,15.449,170
2026-04-29 07:00:00,15.33,15.33,15.33,15.33,700
2026-04-29 07:05:00,15.33,15.33,15.27,15.3,4293
2026-04-29 07:10:00,15.28,15.38,15.26,15.37,4499
2026-04-29 07:15:00,15.42,15.48,15.42,15.47,393
2026-04-29 07:20:00,15.479,15.479,15.38,15.38,550
2026-04-29 07:30:00,15.32,15.341,15.29,15.3,1992
2026-04-29 07:35:00,15.3,15.3,15.29,15.29,1444
2026-04-29 07:40:00,15.28,15.28,15.24,15.24,5785
2026-04-29 07:45:00,15.23,15.24,15.23,15.24,766
2026-04-29 07:55:00,15.42,15.42,15.38,15.38,441
2026-04-29 08:00:00,15.42,15.43,15.42,15.43,652
2026-04-29 08:05:00,15.42,15.43,15.4,15.43,535
2026-04-29 08:10:00,15.4004,15.44,15.4004,15.44,342
2026-04-29 08:15:00,15.4,15.4,15.4,15.4,1237
2026-04-29 08:20:00,15.38,15.42,15.35,15.42,980
2026-04-29 08:25:00,15.35,15.35,15.35,15.35,298
2026-04-29 08:30:00,15.25,15.3,15.25,15.3,1767
2026-04-29 08:35:00,15.25,15.43,15.25,15.43,247
2026-04-29 08:40:00,15.4596,15.47,15.351,15.3885,5926
2026-04-29 08:45:00,15.46,15.46,15.46,15.46,200
2026-04-29 09:00:00,15.341,15.36,15.34,15.36,3456
2026-04-29 09:05:00,15.469,15.58,15.46,15.58,1032
2026-04-29 09:10:00,15.55,15.6,15.55,15.6,6714
2026-04-29 09:15:00,15.65,15.749,15.5903,15.63,12175
2026-04-29 09:20:00,15.73,15.75,15.66,15.66,5452
2026-04-29 09:25:00,15.64,15.93,15.64,15.93,28880
2026-04-29 09:30:00,15.81,16.0996,15.78,16.0853,59457
2026-04-29 09:35:00,16.07,16.2099,15.96,16.15,58023
2026-04-29 09:40:00,16.14,16.27,16.055,16.16,42762
2026-04-29 09:45:00,16.11,16.24,16.09,16.175,15430
2026-04-29 09:50:00,16.12,16.2,16,16.085,17795
2026-04-29 09:55:00,16.07,16.31,16.07,16.2,43891
2026-04-29 10:00:00,16.24,16.42,16.24,16.345,63521
2026-04-29 10:05:00,16.379,16.49,16.37,16.39,20996
2026-04-29 10:10:00,16.375,16.4201,16.34,16.4167,12936
2026-04-29 10:15:00,16.44,16.4799,16.23,16.3,31147
2026-04-29 10:20:00,16.2899,16.5,16.27,16.47,34067
2026-04-29 10:25:00,16.475,16.735,16.475,16.735,58521
2026-04-29 10:30:00,16.74,16.76,16.545,16.59,21262
2026-04-29 10:35:00,16.61,16.72,16.58,16.7,15195
2026-04-29 10:40:00,16.7,16.84,16.65,16.65,13006
2026-04-29 10:45:00,16.66,16.69,16.56,16.57,7933
2026-04-29 10:50:00,16.59,16.689,16.5299,16.65,11591
2026-04-29 10:55:00,16.66,16.66,16.61,16.61,17605
2026-04-29 11:00:00,16.58,16.58,16.42,16.42,18683
2026-04-29 11:05:00,16.4001,16.4699,16.37,16.39,20437
2026-04-29 11:10:00,16.35,16.38,16.27,16.38,8201
2026-04-29 11:15:00,16.39,16.4599,16.26,16.29,10247
2026-04-29 11:20:00,16.28,16.3,16.26,16.261,8963
2026-04-29 11:25:00,16.26,16.26,16.2,16.2101,43779
2026-04-29 11:30:00,16.243,16.32,16.24,16.32,17062
2026-04-29 11:35:00,16.32,16.345,16.28,16.33,30873
2026-04-29 11:40:00,16.3443,16.42,16.3443,16.39,10973
2026-04-29 11:45:00,16.415,16.4696,16.4121,16.45,5487
2026-04-29 11:50:00,16.44,16.44,16.23,16.26,30832
2026-04-29 11:55:00,16.26,16.29,16.25,16.29,30874
2026-04-29 12:00:00,16.325,16.419,16.325,16.4101,23321
2026-04-29 12:05:00,16.41,16.42,16.37,16.37,3986
2026-04-29 12:10:00,16.37,16.38,16.35,16.369,5154
2026-04-29 12:15:00,16.331,16.36,16.3,16.3004,6138
2026-04-29 12:20:00,16.3,16.3699,16.285,16.33,2261
2026-04-29 12:25:00,16.385,16.385,16.345,16.35,1527
2026-04-29 12:30:00,16.31,16.31,16.25,16.25,1427
2026-04-29 12:35:00,16.27,16.32,16.27,16.31,7658
2026-04-29 12:40:00,16.365,16.43,16.365,16.405,4906
2026-04-29 12:45:00,16.415,16.5,16.41,16.5,1500
2026-04-29 12:50:00,16.52,16.52,16.49,16.49,7642
2026-04-29 12:55:00,16.5,16.51,16.46,16.48,1965
2026-04-29 13:00:00,16.52,16.53,16.495,16.5201,9741
2026-04-29 13:05:00,16.53,16.5899,16.53,16.58,8727
2026-04-29 13:10:00,16.5999,16.6,16.5801,16.6,2411
2026-04-29 13:15:00,16.595,16.595,16.58,16.58,1497
2026-04-29 13:20:00,16.62,16.7,16.62,16.7,34868
2026-04-29 13:25:00,16.7,16.7,16.65,16.65,16280
2026-04-29 13:30:00,16.7,16.7497,16.7,16.74,6447
2026-04-29 13:35:00,16.74,16.77,16.74,16.76,8989
2026-04-29 13:40:00,16.76,16.808,16.75,16.808,8823
2026-04-29 13:45:00,16.82,16.84,16.7,16.7,25672
2026-04-29 13:50:00,16.71,16.77,16.7,16.7,2113
2026-04-29 13:55:00,16.68,16.68,16.64,16.67,6260
2026-04-29 14:00:00,16.641,16.8,16.6401,16.777,6949
2026-04-29 14:05:00,16.76,16.7883,16.72,16.73,4006
2026-04-29 14:10:00,16.6969,16.7462,16.6836,16.7462,6527
2026-04-29 14:15:00,16.78,16.84,16.78,16.84,6985
2026-04-29 14:20:00,16.84,16.85,16.815,16.84,8204
2026-04-29 14:25:00,16.825,16.86,16.8,16.86,4811
2026-04-29 14:30:00,16.86,16.98,16.8401,16.9159,8410
2026-04-29 14:35:00,16.92,16.99,16.92,16.93,6036
2026-04-29 14:40:00,16.99,17.02,16.94,16.942,12060
2026-04-29 14:45:00,16.9485,17.02,16.93,16.995,4776
2026-04-29 14:50:00,17,17.03,16.94,16.95,9118
2026-04-29 14:55:00,16.96,16.99,16.92,16.92,6851
2026-04-29 15:00:00,16.9299,16.9299,16.87,16.87,12354
2026-04-29 15:05:00,16.86,16.8999,16.78,16.8231,15996
2026-04-29 15:10:00,16.8,16.85,16.785,16.8,6590
2026-04-29 15:15:00,16.8599,16.86,16.8,16.82,2140
2026-04-29 15:20:00,16.76,16.85,16.76,16.85,9022
2026-04-29 15:25:00,16.8658,16.95,16.855,16.929,11310
2026-04-29 15:30:00,16.925,16.979,16.87,16.89,11870
2026-04-29 15:35:00,16.95,16.989,16.93,16.95,2180
2026-04-29 15:40:00,16.96,16.9632,16.87,16.909,4600
2026-04-29 15:45:00,16.905,16.9442,16.83,16.89,14650
2026-04-29 15:50:00,16.85,16.85,16.71,16.76,34014
2026-04-29 15:55:00,16.75,16.98,16.75,16.8,36795
2026-04-29 16:00:00,16.74,16.82,14.501,15.32,105181
2026-04-29 16:05:00,15.28,15.3,14.46,14.99,43114
2026-04-29 16:10:00,15.026,15.72,15.026,15.64,24872
2026-04-29 16:15:00,15.75,16.75,15.66,16.75,27792
2026-04-29 16:20:00,16.77,19.28,16.51,19.18,137377
2026-04-29 16:25:00,19.26,21,19.18,20.877,213066
2026-04-29 16:30:00,20.86,21.789,20.79,21,233499
2026-04-29 16:35:00,21.03,21.0894,19.51,19.88,152208
2026-04-29 16:40:00,19.85,20.05,19,19.58,96530
2026-04-29 16:45:00,19.6,20.27,19.38,19.93,83733
2026-04-29 16:50:00,19.98,20.67,19.98,20.48,73272
2026-04-29 16:55:00,20.46,20.52,20.15,20.4,52855
2026-04-29 17:00:00,20.4,20.4,19.96,19.97,21949
2026-04-29 17:05:00,19.83,20.08,19.48,19.73,14955
2026-04-29 17:10:00,19.75,21,19.7018,20.88,42489
2026-04-29 17:15:00,21,21.48,20.8,21.3,58831
2026-04-29 17:20:00,21.26,21.26,20.83,21,19925
2026-04-29 17:25:00,21.15,21.337,20.6,21.09,17669
2026-04-29 17:30:00,21.15,21.24,20.601,21.14,15813
2026-04-29 17:35:00,21.14,21.74,21.14,21.71,13131
2026-04-29 17:40:00,21.8,21.8,21.38,21.76,22003
2026-04-29 17:45:00,21.76,22.6,21.71,21.96,28056
2026-04-29 17:50:00,22.09,22.4,22.05,22.28,6212
2026-04-29 17:55:00,22.23,22.33,22,22,12720
2026-04-29 18:00:00,22,22.18,21.87,22.11,35285
2026-04-29 18:05:00,22.11,22.4,22.11,22.34,12779
2026-04-29 18:10:00,22.4,22.4,21.74,21.8,33259
2026-04-29 18:15:00,21.8,21.9,21.61,21.69,7125
2026-04-29 18:20:00,21.63,21.65,21.46,21.59,7353
2026-04-29 18:25:00,21.63,21.67,21.09,21.22,6373
2026-04-29 18:30:00,21.18,21.5,21.14,21.5,4581
2026-04-29 18:35:00,21.61,21.61,21.16,21.24,8319
2026-04-29 18:40:00,21.2084,21.25,20.97,21.21,3683
2026-04-29 18:45:00,21.1,21.1,20.8,21.02,24049
2026-04-29 18:50:00,21.001,21.12,20.75,21.02,19677
2026-04-29 18:55:00,21.0213,21.0213,20.76,20.77,3293
2026-04-29 19:00:00,20.77,21.04,20.76,21.04,4257
2026-04-29 19:05:00,21.04,21.309,20.77,20.77,3441
2026-04-29 19:10:00,20.92,21,20.8,21,7176
2026-04-29 19:15:00,21,21,20.9,20.95,979
2026-04-29 19:20:00,20.901,20.99,20.9,20.99,5114
2026-04-29 19:25:00,20.96,21.2,20.96,21.2,1600
2026-04-29 19:30:00,21.1,21.24,21.1,21.2384,6261
2026-04-29 19:35:00,21.2,21.5,21.1885,21.39,3212
2026-04-29 19:40:00,21.3894,21.3894,21.26,21.29,2949
2026-04-29 19:45:00,21.29,21.5,21.2878,21.489,14173
2026-04-29 19:50:00,21.36,21.42,21.35,21.37,2597
2026-04-29 19:55:00,21.36,21.39,21.34,21.35,6938
2026-04-30 04:00:00,20.86,21.07,20.21,20.88,35422
2026-04-30 04:05:00,20.87,20.97,20.34,20.34,2803
2026-04-30 04:10:00,20.8,20.84,20.56,20.61,2803
2026-04-30 04:15:00,20.58,20.58,20.33,20.33,4679
2026-04-30 04:20:00,20.35,20.35,20.25,20.27,3108
2026-04-30 04:25:00,20.37,20.68,20.37,20.68,1562
2026-04-30 04:30:00,20.69,20.75,20.65,20.69,1296
2026-04-30 04:35:00,20.62,20.63,20.51,20.55,2708
2026-04-30 04:40:00,20.59,20.59,20.5,20.5,11246
2026-04-30 04:45:00,20.57,20.68,20.56,20.68,4103
2026-04-30 04:50:00,20.65,20.65,20.65,20.65,100
2026-04-30 04:55:00,20.5,20.5,20.38,20.38,766
2026-04-30 05:00:00,20.13,20.13,20.13,20.13,400
2026-04-30 05:05:00,20.27,20.31,20.27,20.29,2158
2026-04-30 05:10:00,20.31,20.32,20.29,20.29,650
2026-04-30 05:15:00,20.24,20.25,20.2,20.25,900
2026-04-30 05:25:00,20.36,20.45,20.36,20.45,550
2026-04-30 05:30:00,20.45,20.53,20.45,20.53,1050
2026-04-30 05:35:00,20.48,20.48,20.39,20.39,509
2026-04-30 05:40:00,20.22,20.22,20.17,20.17,450
2026-04-30 05:45:00,20.18,20.18,20.1,20.12,5250
2026-04-30 05:50:00,20.22,20.3,20.22,20.27,4216
2026-04-30 05:55:00,20.17,20.17,20.17,20.17,200
2026-04-30 06:00:00,20.39,20.39,20.39,20.39,404
2026-04-30 06:05:00,20.48,20.48,20.38,20.45,3741
2026-04-30 06:10:00,20.4,20.48,20.4,20.48,600
2026-04-30 06:15:00,20.49,20.49,20.49,20.49,600
2026-04-30 06:20:00,20.45,20.45,20.45,20.45,405
2026-04-30 06:25:00,20.46,20.6,20.46,20.6,11059
2026-04-30 06:30:00,20.57,20.8,20.57,20.8,1840
2026-04-30 06:35:00,20.84,20.84,20.5,20.52,2712
2026-04-30 06:40:00,20.53,20.6,20.53,20.6,450
2026-04-30 06:45:00,20.6,20.61,20.51,20.51,1241
2026-04-30 06:50:00,20.51,20.51,20.45,20.45,600
2026-04-30 06:55:00,20.48,20.48,20.28,20.33,4855
2026-04-30 07:00:00,20.42,20.5096,20.22,20.47,9171
2026-04-30 07:05:00,20.49,20.49,20.17,20.27,1282
2026-04-30 07:10:00,20.31,20.355,20.1,20.1,5217
2026-04-30 07:15:00,20.36,20.5,20.36,20.5,1200
2026-04-30 07:20:00,20.37,20.38,20.27,20.3,1690
2026-04-30 07:25:00,20.31,20.49,20.3,20.4,4483
2026-04-30 07:30:00,20.331,20.5,20.33,20.5,13097
2026-04-30 07:35:00,20.499,20.59,20.499,20.59,1275
2026-04-30 07:40:00,20.52,20.59,20.47,20.47,6635
2026-04-30 07:45:00,20.47,20.48,20.47,20.48,400
2026-04-30 07:50:00,20.5,20.5,20.3,20.3,7024
2026-04-30 07:55:00,20.3,20.3,20.18,20.18,1220
2026-04-30 08:00:00,20.16,20.28,19.81,19.83,12429
2026-04-30 08:05:00,19.9,20.01,19.76,20.01,70378
2026-04-30 08:10:00,19.87,20,19.8,19.85,6081
2026-04-30 08:15:00,19.88,20.0285,19.77,19.95,20214
2026-04-30 08:20:00,20.15,20.15,20.01,20.01,7581
2026-04-30 08:25:00,20.0109,20.35,20.0109,20.29,2220
2026-04-30 08:30:00,20.26,20.26,20.1,20.15,2388
2026-04-30 08:35:00,20.08,20.259,19.88,20.23,7075
2026-04-30 08:40:00,20.2144,20.25,20.1409,20.1409,1664
2026-04-30 08:45:00,20.17,20.24,20.14,20.24,1905
2026-04-30 08:50:00,20.07,20.16,20.05,20.15,2727
2026-04-30 08:55:00,20.28,20.28,20.02,20.02,7107
2026-04-30 09:00:00,20.13,20.21,20.1,20.21,3295
2026-04-30 09:05:00,20.22,20.22,20.18,20.18,600
2026-04-30 09:10:00,20.15,20.2,19.85,20.001,7326
2026-04-30 09:15:00,20.19,20.74,20.19,20.43,12386
2026-04-30 09:20:00,20.35,20.37,20.13,20.13,3660
2026-04-30 09:25:00,20.01,20.26,19.65,20.21,34762
2026-04-30 09:30:00,20.195,20.195,18.67,19.11,138585
2026-04-30 09:35:00,19,19.23,18.8,18.845,70234
2026-04-30 09:40:00,18.7901,19,18.38,19,83171
2026-04-30 09:45:00,18.97,19.62,18.9,19.595,89492
2026-04-30 09:50:00,19.6299,20.1,19.6299,20.0249,71006
2026-04-30 09:55:00,19.9404,20.6805,19.93,20.6805,68686
2026-04-30 10:00:00,20.716,20.9299,20.24,20.51,87082
2026-04-30 10:05:00,20.52,20.9495,20.46,20.8913,116922
2026-04-30 10:10:00,20.87,21.3685,20.79,21.18,75440
2026-04-30 10:15:00,21.1,21.75,21.01,21.59,103517
2026-04-30 10:20:00,21.56,21.88,21.45,21.65,55495
2026-04-30 10:25:00,21.67,21.68,21.1201,21.2475,37775
2026-04-30 10:30:00,21.2244,21.535,21.2244,21.535,36926
2026-04-30 10:35:00,21.555,21.61,20.99,20.99,84115
2026-04-30 10:40:00,21.02,21.11,20.86,20.92,34319
2026-04-30 10:45:00,20.925,21.5,20.8802,21.47,32056
2026-04-30 10:50:00,21.529,21.645,21.49,21.615,28127
2026-04-30 10:55:00,21.67,22.06,21.62,21.88,37176
2026-04-30 11:00:00,21.85,22.22,21.85,21.9304,51556
2026-04-30 11:05:00,21.93,22.509,21.9291,22.45,42155
2026-04-30 11:10:00,22.58,23.013,22.58,23.01,41286
2026-04-30 11:15:00,23.04,23.295,22.755,23.2,70998
2026-04-30 11:20:00,23.21,23.38,23,23.11,44335
2026-04-30 11:25:00,23.09,23.12,22.9,22.9,51935
2026-04-30 11:30:00,22.92,23.04,22.8,22.8,89608
2026-04-30 11:35:00,22.79,22.82,22.46,22.53,40650
2026-04-30 11:40:00,22.48,22.605,22.46,22.53,13725
2026-04-30 11:45:00,22.5686,22.61,22.34,22.34,10184
2026-04-30 11:50:00,22.34,22.45,22.215,22.35,34337
2026-04-30 11:55:00,22.351,22.4,22.091,22.235,21699
2026-04-30 12:00:00,22.21,22.2903,22.145,22.18,17059
2026-04-30 12:05:00,22.12,22.24,22.065,22.08,20194
2026-04-30 12:10:00,22.04,22.2,22.04,22.1201,13697
2026-04-30 12:15:00,22.14,22.4289,22.14,22.27,9955
2026-04-30 12:20:00,22.09,22.17,22.05,22.13,8817
2026-04-30 12:25:00,22.08,22.19,21.97,22.19,10247
2026-04-30 12:30:00,22.19,22.225,22.17,22.2193,5180
2026-04-30 12:35:00,22.223,22.223,22.12,22.12,3030
2026-04-30 12:40:00,22.03,22.033,21.98,21.98,3623
2026-04-30 12:45:00,21.98,21.98,21.8287,21.8287,27719
2026-04-30 12:50:00,21.83,21.83,21.71,21.71,26688
2026-04-30 12:55:00,21.66,21.7399,21.5,21.52,9544
2026-04-30 13:00:00,21.585,21.6,21.51,21.51,2626
2026-04-30 13:05:00,21.51,21.52,21.44,21.45,10041
2026-04-30 13:10:00,21.51,21.72,21.48,21.695,24203
2026-04-30 13:15:00,21.7,21.76,21.5,21.57,5292
2026-04-30 13:20:00,21.55,21.55,21.46,21.46,1635
2026-04-30 13:25:00,21.43,21.55,21.43,21.54,10677
2026-04-30 13:30:00,21.579,21.73,21.52,21.68,23900
2026-04-30 13:35:00,21.76,21.9496,21.76,21.82,15590
2026-04-30 13:40:00,21.79,21.83,21.7509,21.81,6020
2026-04-30 13:45:00,21.92,21.92,21.785,21.785,3582
2026-04-30 13:50:00,21.78,21.87,21.77,21.87,9520
2026-04-30 13:55:00,21.85,21.9,21.85,21.9,720
2026-04-30 14:00:00,21.89,21.89,21.72,21.73,22100
2026-04-30 14:05:00,21.73,21.75,21.73,21.75,5452
2026-04-30 14:10:00,21.799,21.82,21.789,21.81,29490
2026-04-30 14:15:00,21.84,21.84,21.735,21.735,16126
2026-04-30 14:20:00,21.725,21.74,21.67,21.74,6265
2026-04-30 14:25:00,21.675,21.785,21.657,21.785,2141
2026-04-30 14:30:00,21.7889,21.87,21.7889,21.8,30633
2026-04-30 14:35:00,21.85,21.88,21.8,21.88,720
2026-04-30 14:40:00,21.85,21.87,21.815,21.815,18872
2026-04-30 14:45:00,21.84,22.03,21.84,22,23722
2026-04-30 14:50:00,22,22.005,21.81,21.81,5635
2026-04-30 14:55:00,21.8242,21.8242,21.53,21.53,5925
2026-04-30 15:00:00,21.5,21.55,21.45,21.55,3592
2026-04-30 15:05:00,21.55,21.55,21.52,21.53,1610
2026-04-30 15:10:00,21.56,21.66,21.56,21.66,1420
2026-04-30 15:15:00,21.69,21.69,21.53,21.53,1704
2026-04-30 15:20:00,21.5,21.661,21.46,21.6544,9461
2026-04-30 15:25:00,21.7,21.7,21.69,21.69,630
2026-04-30 15:30:00,21.84,21.88,21.84,21.87,20168
2026-04-30 15:35:00,21.8908,22.05,21.885,22.05,10860
2026-04-30 15:40:00,21.98,21.98,21.88,21.93,2889
2026-04-30 15:45:00,21.94,21.94,21.84,21.895,4214
2026-04-30 15:50:00,21.84,22,21.84,21.93,10047
2026-04-30 15:55:00,21.88,21.94,21.81,21.81,4075
2026-04-30 16:00:00,21.85,21.85,21.85,21.85,2468
2026-04-30 16:05:00,21.53,21.53,21.41,21.44,709
2026-04-30 16:10:00,21.55,21.55,21.55,21.55,269
2026-04-30 16:15:00,21.46,21.52,21.46,21.52,1650
2026-04-30 16:20:00,21.53,21.55,21.53,21.55,700
2026-04-30 16:25:00,21.55,21.55,21.55,21.55,1100
2026-04-30 16:30:00,21.54,21.54,21.54,21.54,168
2026-04-30 16:35:00,21.5055,21.5055,21.5055,21.5055,726
2026-04-30 16:40:00,21.44,21.47,21.2902,21.36,16821
2026-04-30 16:50:00,21.44,21.44,21.39,21.4,2132
2026-04-30 16:55:00,21.36,21.36,21.23,21.23,5518
2026-04-30 17:00:00,21.2,21.26,21.2,21.2,1974
2026-04-30 17:10:00,21.22,21.22,21.2,21.2,550
2026-04-30 17:20:00,21.17,21.17,21.17,21.17,349
2026-04-30 17:35:00,21.49,21.49,21.23,21.26,966
2026-04-30 17:55:00,21.26,21.26,21.26,21.26,200
2026-04-30 18:05:00,21.29,21.3,21.281,21.3,729
2026-04-30 18:20:00,21.3,21.3,21.3,21.3,167
2026-04-30 18:25:00,21.27,21.292,21.27,21.292,450
2026-04-30 18:30:00,21.33,21.33,21.33,21.33,302
2026-04-30 18:40:00,21.3,21.3,21.3,21.3,491
2026-04-30 18:55:00,21.41,21.41,21.41,21.41,300
2026-04-30 19:00:00,21.4,21.41,21.331,21.331,1607
2026-04-30 19:15:00,21.41,21.41,21.4087,21.4087,400
2026-04-30 19:25:00,21.4,21.41,21.4,21.4,3197
2026-04-30 19:30:00,21.41,21.41,21.41,21.41,300
2026-04-30 19:35:00,21.48,21.48,21.48,21.48,100
2026-04-30 19:40:00,21.42,21.42,21.41,21.41,600
2026-04-30 19:45:00,21.41,21.41,21.41,21.41,900
2026-04-30 19:55:00,21.42,21.42,21.17,21.17,5500
2026-05-01 04:00:00,21.87,21.89,21.66,21.68,10173
2026-05-01 04:05:00,21.68,21.68,21.68,21.68,100
2026-05-01 04:25:00,21.54,21.54,21.54,21.54,104
2026-05-01 04:50:00,21.5,21.5,21.5,21.5,100
2026-05-01 04:55:00,21.57,21.57,21.57,21.57,300
2026-05-01 05:10:00,21.52,21.54,21.52,21.54,1112
2026-05-01 05:15:00,21.43,21.43,21.421,21.421,205
2026-05-01 05:25:00,21.51,21.51,21.51,21.51,285
2026-05-01 05:45:00,21.62,21.63,21.62,21.63,400
2026-05-01 07:00:00,21.62,21.62,21.5,21.5,600
2026-05-01 07:05:00,21.48,21.48,21.48,21.48,319
2026-05-01 07:20:00,21.42,21.42,21.42,21.42,483
2026-05-01 07:35:00,21.3,21.321,21.3,21.321,814
2026-05-01 07:45:00,21.3,21.41,21.3,21.41,1304
2026-05-01 07:50:00,21.41,21.41,21.41,21.41,1655
2026-05-01 08:00:00,21.37,21.37,21.37,21.37,1929
2026-05-01 08:05:00,21.45,21.45,21.41,21.41,200
2026-05-01 08:15:00,21.5,21.59,21.5,21.579,2752
2026-05-01 08:20:00,21.6,21.6,21.6,21.6,148
2026-05-01 08:25:00,21.64,21.64,21.58,21.58,713
2026-05-01 08:30:00,21.58,21.6,21.58,21.6,1983
2026-05-01 08:35:00,21.58,21.59,21.58,21.589,2908
2026-05-01 08:40:00,21.56,21.56,21.4107,21.4107,2638
2026-05-01 08:45:00,21.36,21.41,21.36,21.41,766
2026-05-01 08:55:00,21.31,21.31,21.3,21.3,360
2026-05-01 09:00:00,21.3,21.311,21.3,21.301,606
2026-05-01 09:05:00,21.3656,21.3656,21.3656,21.3656,500
2026-05-01 09:10:00,21.35,21.35,21.19,21.201,4041
2026-05-01 09:15:00,21.21,21.21,21.21,21.21,140
2026-05-01 09:20:00,21.25,21.25,21.25,21.25,100
2026-05-01 09:25:00,21.19,21.64,21.06,21.64,11583
2026-05-01 09:30:00,21.67,21.82,20.5801,20.5915,73538
2026-05-01 09:35:00,20.61,20.8,20.2,20.332,49899
2026-05-01 09:40:00,20.484,20.695,20.36,20.36,31830
2026-05-01 09:45:00,20.465,20.6299,20.34,20.5,16281
2026-05-01 09:50:00,20.46,20.46,20.11,20.415,32006
2026-05-01 09:55:00,20.45,20.625,20.225,20.2839,18491
2026-05-01 10:00:00,20.28,20.3605,19.881,20.05,32128
2026-05-01 10:05:00,20.06,20.09,19.75,20.09,20433
2026-05-01 10:10:00,20.12,20.1591,19.925,20.03,27149
2026-05-01 10:15:00,20.02,20.1,19.9,19.9,16124
2026-05-01 10:20:00,19.9,20.0079,19.87,19.98,27004
2026-05-01 10:25:00,19.9966,20.05,19.9,20.0195,17677
2026-05-01 10:30:00,20.11,20.185,20,20.13,21215
2026-05-01 10:35:00,20.16,20.18,19.965,19.99,14670
2026-05-01 10:40:00,19.98,20.15,19.9,20.15,14108
2026-05-01 10:45:00,20.1,20.31,20.05,20.29,45049
2026-05-01 10:50:00,20.3,20.3,20.1,20.155,12605
2026-05-01 10:55:00,20.28,20.35,20.195,20.29,15322
2026-05-01 11:00:00,20.3,20.3,20.05,20.05,7171
2026-05-01 11:05:00,20,20.11,19.98,20.09,7536
2026-05-01 11:10:00,20.07,20.18,20.04,20.13,13957
2026-05-01 11:15:00,20.114,20.15,20.0755,20.0801,11805
2026-05-01 11:20:00,20.145,20.22,19.99,20.035,8648
2026-05-01 11:25:00,20.08,20.18,20.08,20.18,2456
2026-05-01 11:30:00,20.17,20.28,20.17,20.17,26848
2026-05-01 11:35:00,20.2053,20.29,20.2,20.27,10440
2026-05-01 11:40:00,20.27,20.535,20.27,20.535,20529
2026-05-01 11:45:00,20.58,20.7,20.57,20.57,35598
2026-05-01 11:50:00,20.62,20.63,20.52,20.6,10813
2026-05-01 11:55:00,20.6,20.765,20.59,20.74,14364
2026-05-01 12:00:00,20.8,20.8,20.66,20.8,18096
2026-05-01 12:05:00,20.7699,20.8657,20.72,20.7701,23633
2026-05-01 12:10:00,20.82,20.959,20.78,20.86,48284
2026-05-01 12:15:00,20.856,20.939,20.85,20.9,18976
2026-05-01 12:20:00,20.93,21.065,20.92,21.065,7141
2026-05-01 12:25:00,21.1,21.1,20.95,21.06,10194
2026-05-01 12:30:00,21.055,21.06,20.91,21.01,6352
2026-05-01 12:35:00,20.97,21.075,20.97,21.06,6353
2026-05-01 12:40:00,21.08,21.16,21.03,21.05,37523
2026-05-01 12:45:00,21.03,21.05,20.922,21.025,7969
2026-05-01 12:50:00,20.995,21.0783,20.995,21.07,3677
2026-05-01 12:55:00,21.14,21.2,21.09,21.1,10294
2026-05-01 13:00:00,21.1,21.28,21.1,21.25,5618
2026-05-01 13:05:00,21.25,21.3,21.25,21.27,5990
2026-05-01 13:10:00,21.2,21.36,21.2,21.33,5541
2026-05-01 13:15:00,21.39,21.48,21.37,21.42,24178
2026-05-01 13:20:00,21.43,21.55,21.43,21.55,21006
2026-05-01 13:25:00,21.5101,21.629,21.47,21.6199,27752
2026-05-01 13:30:00,21.6038,21.77,21.55,21.77,12797
2026-05-01 13:35:00,21.77,21.77,21.62,21.67,17855
2026-05-01 13:40:00,21.67,21.67,21.52,21.58,8743
2026-05-01 13:45:00,21.588,21.63,21.58,21.61,17345
2026-05-01 13:50:00,21.565,21.63,21.55,21.63,5424
2026-05-01 13:55:00,21.63,21.63,21.41,21.41,7766
2026-05-01 14:00:00,21.4201,21.4577,21.2213,21.28,7358
2026-05-01 14:05:00,21.24,21.24,21.2,21.2,4453
2026-05-01 14:10:00,21.236,21.27,21.23,21.24,2700
2026-05-01 14:15:00,21.21,21.21,21.08,21.08,12643
2026-05-01 14:20:00,21.129,21.14,21.08,21.14,3988
2026-05-01 14:25:00,21.13,21.13,21.11,21.11,1330
2026-05-01 14:30:00,21.085,21.11,21.085,21.1,8212
2026-05-01 14:35:00,21.14,21.14,21.09,21.1301,4154
2026-05-01 14:40:00,21.16,21.16,21.15,21.16,574
2026-05-01 14:45:00,21.18,21.18,21.125,21.125,4663
2026-05-01 14:50:00,21.185,21.19,21.185,21.19,200
2026-05-01 14:55:00,21.2,21.21,21.16,21.1793,750
2026-05-01 15:00:00,21.269,21.269,21.1,21.24,25287
2026-05-01 15:05:00,21.2,21.2,21.175,21.18,6372
2026-05-01 15:10:00,21.23,21.25,21.17,21.17,4609
2026-05-01 15:15:00,21.185,21.199,21.14,21.14,2100
2026-05-01 15:20:00,21.14,21.17,21.125,21.17,1327
2026-05-01 15:25:00,21.2,21.369,21.2,21.369,1251
2026-05-01 15:30:00,21.255,21.255,21.16,21.16,1532
2026-05-01 15:35:00,21.1026,21.1151,21.07,21.09,3042
2026-05-01 15:40:00,21.09,21.1399,21.07,21.11,15833
2026-05-01 15:45:00,21.0599,21.189,21.0599,21.189,1989
2026-05-01 15:50:00,21.055,21.19,20.97,21.19,1906
2026-05-01 15:55:00,21.22,21.22,21.145,21.19,10922
2026-05-01 16:00:00,21.2,21.2,21.18,21.18,520
2026-05-01 16:05:00,21.2,21.2,21.2,21.2,350
2026-05-01 16:10:00,21.27,21.27,21.27,21.27,350
2026-05-01 16:15:00,21.08,21.08,21.08,21.08,149
2026-05-01 16:25:00,21.26,21.26,21.26,21.26,200
2026-05-01 16:30:00,21.22,21.22,21.22,21.22,1000
2026-05-01 16:35:00,21.07,21.18,21.07,21.18,300
2026-05-01 17:05:00,21.07,21.07,21,21,247
2026-05-01 17:20:00,21.04,21.04,21.04,21.04,125
2026-05-01 17:35:00,21.01,21.04,21.01,21.04,445
2026-05-01 17:40:00,21.04,21.15,21.04,21.15,13826
2026-05-01 17:45:00,21.02,21.13,21.02,21.13,298
2026-05-01 17:50:00,21.13,21.13,21.01,21.01,844
2026-05-01 17:55:00,21.01,21.01,21,21,777
2026-05-01 18:00:00,20.96,20.97,20.96,20.97,747
2026-05-01 18:05:00,20.8,20.8,20.8,20.8,5000
2026-05-01 18:10:00,21.1,21.12,21.1,21.12,330
2026-05-01 18:15:00,21.05,21.05,21.041,21.041,300
2026-05-01 18:20:00,21.04,21.04,21.04,21.04,149
2026-05-01 18:45:00,21.11,21.11,21.05,21.05,600
2026-05-01 18:55:00,21.1,21.1,21.03,21.03,364
2026-05-01 19:15:00,21.1,21.1,21.04,21.0513,2050
2026-05-01 19:20:00,21.12,21.12,21.12,21.12,860
2026-05-01 19:25:00,21.1,21.1,21.0502,21.0502,2212
2026-05-01 19:35:00,21.1,21.1,21.1,21.1,1000
2026-05-01 19:40:00,21.08,21.08,21.08,21.08,164
2026-05-01 19:55:00,21.16,21.16,21.09,21.16,2003
2026-05-04 04:00:00,21.4,21.4,21.23,21.4,11075
2026-05-04 04:05:00,21.4,21.4,21.4,21.4,1402
2026-05-04 04:10:00,21.24,21.24,21.24,21.24,3000
2026-05-04 04:15:00,21.38,21.38,21.38,21.38,535
2026-05-04 04:20:00,21.24,21.24,21.24,21.24,141
2026-05-04 04:25:00,21.3,21.3,21.3,21.3,300
2026-05-04 04:30:00,21.3,21.3,21.24,21.24,2200
2026-05-04 04:35:00,21.3,21.3,21.3,21.3,200
2026-05-04 04:40:00,21.2,21.2,21.2,21.2,200
2026-05-04 04:45:00,21.2,21.2,21.2,21.2,500
2026-05-04 04:50:00,21.16,21.16,21.07,21.07,4044
2026-05-04 04:55:00,21.08,21.1,21.07,21.1,1650
2026-05-04 05:00:00,21.1,21.1,20.88,20.89,13795
2026-05-04 05:05:00,20.99,20.99,20.99,20.99,300
2026-05-04 05:15:00,20.99,20.99,20.97,20.97,1217
2026-05-04 05:20:00,20.95,20.95,20.93,20.93,2600
2026-05-04 05:25:00,20.93,20.93,20.93,20.93,258
2026-05-04 05:30:00,21,21,21,21,1029
2026-05-04 05:35:00,21.01,21.01,21.01,21.01,110
2026-05-04 05:40:00,21.01,21.02,21.01,21.02,705
2026-05-04 05:45:00,21.07,21.07,21.07,21.07,600
2026-05-04 05:55:00,21.07,21.07,21.07,21.07,100
2026-05-04 06:00:00,21.13,21.13,20.86,20.86,6330
2026-05-04 06:05:00,20.87,20.93,20.67,20.67,4130
2026-05-04 06:10:00,20.8,20.8,20.64,20.64,500
2026-05-04 06:15:00,20.76,20.76,20.6,20.6,2778
2026-05-04 06:20:00,20.52,20.52,20.38,20.43,11227
2026-05-04 06:25:00,20.61,20.75,20.61,20.75,1936
2026-05-04 06:30:00,20.75,20.9,20.75,20.9,3930
2026-05-04 06:35:00,20.76,20.87,20.76,20.87,750
2026-05-04 06:40:00,20.78,20.88,20.78,20.88,409
2026-05-04 06:50:00,20.9,20.9,20.9,20.9,699
2026-05-04 06:55:00,20.86,20.86,20.86,20.86,900
2026-05-04 07:00:00,20.86,20.91,20.86,20.91,2484
2026-05-04 07:10:00,20.9,20.96,20.9,20.96,600
2026-05-04 07:20:00,20.96,20.97,20.96,20.97,2285
2026-05-04 07:30:00,20.91,20.91,20.91,20.91,100
2026-05-04 07:35:00,20.89,20.89,20.89,20.89,200
2026-05-04 07:40:00,20.82,20.82,20.82,20.82,493
2026-05-04 07:45:00,20.77,20.82,20.77,20.82,1712
2026-05-04 07:50:00,20.85,20.85,20.85,20.85,467
2026-05-04 07:55:00,20.85,20.85,20.85,20.85,200
2026-05-04 08:00:00,20.93,21,20.93,21,10231
2026-05-04 08:05:00,21,21.039,21,21.039,3626
2026-05-04 08:10:00,21.079,21.079,21.068,21.068,339
2026-05-04 08:15:00,20.96,20.97,20.96,20.97,238
2026-05-04 08:20:00,21.02,21.02,21.01,21.01,1351
2026-05-04 08:25:00,21.19,21.19,21.16,21.16,1100
2026-05-04 08:30:00,21.14,21.14,21.14,21.14,100
2026-05-04 08:40:00,21.12,21.12,21.12,21.12,1079
2026-05-04 08:50:00,21.05,21.05,21.04,21.04,450
2026-05-04 09:05:00,20.97,20.97,20.9,20.9,876
2026-05-04 09:15:00,20.9091,20.9091,20.9091,20.9091,1546
2026-05-04 09:25:00,21.09,21.44,21.08,21.44,7837
2026-05-04 09:30:00,21.34,22,20.23,20.3005,114024
2026-05-04 09:35:00,20.35,20.4,19.3,19.46,77995
2026-05-04 09:40:00,19.4,19.47,19.03,19.23,84239
2026-05-04 09:45:00,19.145,19.26,18.78,19.14,43592
2026-05-04 09:50:00,19.14,19.45,18.9,19.4,38234
2026-05-04 09:55:00,19.41,19.41,19.03,19.245,65226
2026-05-04 10:00:00,19.24,19.4199,19.1,19.315,31953
2026-05-04 10:05:00,19.3625,19.69,19.3625,19.6674,46448
2026-05-04 10:10:00,19.67,19.67,19.44,19.4792,27383
2026-05-04 10:15:00,19.5,19.66,19.5,19.6,44786
2026-05-04 10:20:00,19.6112,19.6112,19.341,19.44,18589
2026-05-04 10:25:00,19.42,19.445,19.27,19.295,10142
2026-05-04 10:30:00,19.3071,19.43,19.26,19.2617,32702
2026-05-04 10:35:00,19.245,19.3781,19.2,19.325,20502
2026-05-04 10:40:00,19.36,19.39,19.27,19.27,9601
2026-05-04 10:45:00,19.3,19.3,19.22,19.2299,4978
2026-05-04 10:50:00,19.28,19.42,19.28,19.3609,6143
2026-05-04 10:55:00,19.385,19.39,19.26,19.34,2900
2026-05-04 11:00:00,19.3,19.38,19.25,19.2899,17287
2026-05-04 11:05:00,19.325,19.4,19.3,19.4,3961
2026-05-04 11:10:00,19.38,19.418,19.25,19.26,10016
2026-05-04 11:15:00,19.26,19.37,19.25,19.27,3457
2026-05-04 11:20:00,19.27,19.325,19.14,19.241,12163
2026-05-04 11:25:00,19.22,19.44,19.21,19.44,8491
2026-05-04 11:30:00,19.46,19.54,19.44,19.54,18252
2026-05-04 11:35:00,19.57,19.7362,19.54,19.7,5204
2026-05-04 11:40:00,19.595,19.6,19.49,19.55,8333
2026-05-04 11:45:00,19.4348,19.4348,19.4348,19.4348,200
2026-05-04 11:50:00,19.41,19.42,19.34,19.42,3707
2026-05-04 11:55:00,19.3701,19.38,19.23,19.23,5550
2026-05-04 12:00:00,19.21,19.21,19.08,19.08,31100
2026-05-04 12:05:00,19.06,19.1,18.9405,18.956,12433
2026-05-04 12:10:00,18.95,18.98,18.87,18.98,7007
2026-05-04 12:15:00,18.93,19.1,18.92,19.1,4166
2026-05-04 12:20:00,19.07,19.07,19,19.05,7172
2026-05-04 12:25:00,19.005,19.02,18.9489,18.97,2666
2026-05-04 12:30:00,18.99,19.03,18.9619,19.03,2477
2026-05-04 12:35:00,19,19.0426,18.9756,19.0426,1787
2026-05-04 12:40:00,19.03,19.0799,19.03,19.0799,2280
2026-05-04 12:45:00,19.035,19.065,18.99,18.99,17335
2026-05-04 12:50:00,18.94,18.965,18.93,18.9501,9461
2026-05-04 12:55:00,18.95,18.96,18.904,18.904,7061
2026-05-04 13:00:00,18.9,18.9,18.86,18.9,1690
2026-05-04 13:05:00,18.915,18.915,18.86,18.86,2060
2026-05-04 13:10:00,18.99,19.12,18.99,19.11,4922
2026-05-04 13:15:00,19.0828,19.15,19.05,19.1346,3400
2026-05-04 13:20:00,19.25,19.2886,19.2315,19.2315,1583
2026-05-04 13:25:00,19.23,19.23,19.1801,19.21,1400
2026-05-04 13:30:00,19.215,19.26,19.215,19.26,600
2026-05-04 13:35:00,19.26,19.26,19.26,19.26,1826
2026-05-04 13:40:00,19.32,19.32,19.32,19.32,150
2026-05-04 13:45:00,19.25,19.25,19.22,19.22,2250
2026-05-04 13:50:00,19.1662,19.25,19.1662,19.25,2728
2026-05-04 13:55:00,19.295,19.295,19.295,19.295,200
2026-05-04 14:05:00,19.42,19.42,19.42,19.42,4000
2026-05-04 14:10:00,19.46,19.46,19.375,19.375,673
2026-05-04 14:15:00,19.29,19.29,19.285,19.285,300
2026-05-04 14:20:00,19.27,19.2938,19.27,19.2938,720
2026-05-04 14:25:00,19.3146,19.33,19.3146,19.33,1000
2026-05-04 14:30:00,19.37,19.435,19.37,19.435,900
2026-05-04 14:35:00,19.43,19.43,19.43,19.43,100
2026-05-04 14:40:00,19.43,19.47,19.43,19.43,1334
2026-05-04 14:45:00,19.31,19.315,19.31,19.315,400
2026-05-04 14:50:00,19.325,19.325,19.325,19.325,206
2026-05-04 14:55:00,19.38,19.38,19.38,19.38,1000
2026-05-04 15:00:00,19.4,19.4,19.3701,19.38,1900
2026-05-04 15:05:00,19.38,19.4,19.38,19.39,1820
2026-05-04 15:10:00,19.46,19.46,19.3701,19.41,1305
2026-05-04 15:15:00,19.42,19.42,19.4,19.4,431
2026-05-04 15:20:00,19.4,19.4,19.4,19.4,100
2026-05-04 15:25:00,19.361,19.4,19.36,19.4,600
2026-05-04 15:30:00,19.39,19.3997,19.39,19.3997,1100
2026-05-04 15:40:00,19.385,19.385,19.31,19.31,10300
2026-05-04 15:45:00,19.31,19.34,19.3,19.34,3471
2026-05-04 15:50:00,19.36,19.39,19.31,19.31,3003
2026-05-04 15:55:00,19.26,19.26,19.11,19.13,2848
2026-05-04 16:00:00,19.14,19.14,19.09,19.09,585
2026-05-04 16:10:00,19.08,19.08,19.08,19.08,100
2026-05-04 16:25:00,19.02,19.04,19.02,19.04,1287
2026-05-04 16:30:00,19.12,19.12,19.12,19.12,490
2026-05-04 16:55:00,19.09,19.09,19.09,19.09,1492
2026-05-04 17:05:00,19.01,19.021,19.01,19.01,4800
2026-05-04 17:10:00,19.01,19.01,18.901,18.901,12424
2026-05-04 17:15:00,18.9,18.93,18.88,18.93,2000
2026-05-04 17:20:00,18.88,18.88,18.83,18.83,4299
2026-05-04 17:30:00,18.98,18.98,18.98,18.98,100
2026-05-04 17:40:00,18.83,18.83,18.83,18.83,300
2026-05-04 17:45:00,18.81,18.93,18.8,18.8,13124
2026-05-04 17:50:00,18.8,18.81,18.8,18.81,249
2026-05-04 17:55:00,18.821,18.821,18.8,18.8,1000
2026-05-04 18:00:00,18.8,18.811,18.791,18.791,6158
2026-05-04 18:05:00,18.8,18.8,18.78,18.78,1500
2026-05-04 18:10:00,18.8,18.96,18.8,18.96,2500
2026-05-04 18:20:00,18.78,18.78,18.78,18.78,280
2026-05-04 18:50:00,18.83,18.83,18.83,18.83,147
2026-05-04 19:00:00,18.8244,18.8244,18.8244,18.8244,2000
2026-05-04 19:10:00,18.83,18.83,18.83,18.83,596
2026-05-04 19:20:00,18.82,18.82,18.82,18.82,100
2026-05-04 19:25:00,18.8,18.8,18.78,18.79,1209
2026-05-04 19:35:00,18.8,18.8,18.8,18.8,100
2026-05-04 19:45:00,18.81,18.8844,18.81,18.8844,704
2026-05-04 19:50:00,18.87,18.87,18.87,18.87,101
2026-05-04 19:55:00,18.85,18.85,18.85,18.85,300
2026-05-05 04:00:00,18.92,19.05,18.81,18.84,11940
2026-05-05 04:05:00,19.06,19.06,19.06,19.06,416
2026-05-05 04:20:00,18.9838,18.9838,18.9838,18.9838,148
2026-05-05 04:25:00,19.1,19.1,19.1,19.1,100
2026-05-05 04:30:00,19.115,19.15,19.115,19.15,2463
2026-05-05 04:35:00,19.15,19.15,19.15,19.15,100
2026-05-05 04:50:00,19.17,19.17,19.05,19.05,669
2026-05-05 05:05:00,19.15,19.15,19.06,19.06,1099
2026-05-05 05:30:00,19.15,19.19,19.15,19.19,2900
2026-05-05 05:50:00,19.17,19.17,19.17,19.17,125
2026-05-05 05:55:00,19.2,19.34,19.2,19.34,1100
2026-05-05 06:05:00,19.32,19.32,19.32,19.32,100
2026-05-05 06:15:00,19.27,19.27,19.27,19.27,129
2026-05-05 06:20:00,19.26,19.26,19.26,19.26,448
2026-05-05 06:45:00,19.29,19.29,19.29,19.29,503
2026-05-05 07:00:00,19.14,19.14,19.13,19.13,652
2026-05-05 07:05:00,19.131,19.151,19.131,19.151,3404
2026-05-05 07:10:00,19.22,19.22,19.22,19.22,212
2026-05-05 07:15:00,19.3,19.3,19.3,19.3,200
2026-05-05 07:25:00,19.28,19.28,19.25,19.25,1279
2026-05-05 07:30:00,19.15,19.15,19.15,19.15,400
2026-05-05 07:35:00,19.1303,19.225,19.07,19.225,1302
2026-05-05 07:45:00,19.259,19.259,19.259,19.259,100
2026-05-05 07:50:00,19.21,19.22,19.2,19.22,893
2026-05-05 08:00:00,19.2,19.245,19.2,19.245,900
2026-05-05 08:05:00,19.245,19.26,19.22,19.26,3030
2026-05-05 08:10:00,19.16,19.16,19.16,19.16,954
2026-05-05 08:15:00,19.16,19.16,19.14,19.14,1486
2026-05-05 08:20:00,19.19,19.22,19.19,19.22,3139
2026-05-05 08:25:00,19.15,19.171,19.15,19.171,2900
2026-05-05 08:30:00,19.21,19.21,19.21,19.21,100
2026-05-05 08:35:00,19.2,19.21,19.2,19.21,795
2026-05-05 08:40:00,19.21,19.21,19.21,19.21,204
2026-05-05 08:45:00,19.25,19.25,19.25,19.25,105
2026-05-05 08:50:00,19.251,19.31,19.251,19.31,200
2026-05-05 08:55:00,19.37,19.39,19.37,19.39,716
2026-05-05 09:05:00,19.39,19.45,19.39,19.45,2236
2026-05-05 09:10:00,19.4779,19.48,19.42,19.42,2458
2026-05-05 09:20:00,19.42,19.42,19.4,19.4,980
2026-05-05 09:25:00,19.44,19.4499,18.97,18.97,9529
2026-05-05 09:30:00,18.96,19.235,18.5,18.5,48615
2026-05-05 09:35:00,18.51,19.1084,18.3,19.065,66709
2026-05-05 09:40:00,19.065,19.3099,19.026,19.21,53503
2026-05-05 09:45:00,19.1617,19.34,19.04,19.13,29400
2026-05-05 09:50:00,19.18,19.37,19.18,19.36,35606
2026-05-05 09:55:00,19.355,19.69,19.24,19.67,78473
2026-05-05 10:00:00,19.645,20.12,19.645,20.119,130848
2026-05-05 10:05:00,20.09,20.35,19.95,20.35,91712
2026-05-05 10:10:00,20.37,20.79,20.3501,20.675,126306
2026-05-05 10:15:00,20.6901,21.1,20.6901,21.09,116703
2026-05-05 10:20:00,21.09,21.51,20.87,21.5,84240
2026-05-05 10:25:00,21.58,21.58,21.13,21.28,57522
2026-05-05 10:30:00,21.32,21.4893,21.19,21.3,25261
2026-05-05 10:35:00,21.32,21.38,20.95,21.0474,18342
2026-05-05 10:40:00,21,21.38,20.96,21.38,237639
2026-05-05 10:45:00,21.38,21.46,21.27,21.35,50678
2026-05-05 10:50:00,21.31,21.92,21.31,21.92,146774
2026-05-05 10:55:00,21.92,21.96,21.71,21.85,22031
2026-05-05 11:00:00,21.795,22.43,21.795,22.335,94294
2026-05-05 11:05:00,22.36,22.4199,22.2,22.3,30733
2026-05-05 11:10:00,22.2762,22.5,22.07,22.1977,41130
2026-05-05 11:15:00,22.19,22.422,22.15,22.3984,21362
2026-05-05 11:20:00,22.36,22.55,22.3,22.51,52104
2026-05-05 11:25:00,22.51,22.61,22.34,22.61,20782
2026-05-05 11:30:00,22.66,22.98,22.616,22.82,85056
2026-05-05 11:35:00,22.84,23,22.83,22.87,37942
2026-05-05 11:40:00,22.84,22.88,22.69,22.75,36079
2026-05-05 11:45:00,22.77,22.95,22.745,22.93,14807
2026-05-05 11:50:00,22.914,23.07,22.89,23.07,28552
2026-05-05 11:55:00,23,23.23,22.94,23.1611,38770
2026-05-05 12:00:00,23.18,23.22,22.66,22.69,53984
2026-05-05 12:05:00,22.7058,22.75,22.47,22.555,41093
2026-05-05 12:10:00,22.6216,22.6599,22.5,22.6,12807
2026-05-05 12:15:00,22.54,22.63,22.5,22.63,42036
2026-05-05 12:20:00,22.63,22.7399,22.59,22.59,11561
2026-05-05 12:25:00,22.62,22.71,22.573,22.62,28450
2026-05-05 12:30:00,22.62,22.63,22.34,22.37,28207
2026-05-05 12:35:00,22.37,22.37,22.0001,22.0001,13635
2026-05-05 12:40:00,22,22.225,21.99,22.22,45826
2026-05-05 12:45:00,22.23,22.32,22.1601,22.26,7577
2026-05-05 12:50:00,22.26,22.2761,22.26,22.27,500
2026-05-05 12:55:00,22.295,22.295,22.2,22.2,596
2026-05-05 13:00:00,22.2592,22.39,22.2592,22.39,2204
2026-05-05 13:05:00,22.36,22.36,22.29,22.3,2777
2026-05-05 13:10:00,22.3,22.3,22.3,22.3,500
2026-05-05 13:15:00,22.4,22.42,22.39,22.3962,4257
2026-05-05 13:20:00,22.41,22.41,22.3,22.3,425
2026-05-05 13:25:00,22.3601,22.3601,22.34,22.34,4974
2026-05-05 13:30:00,22.35,22.4,22.2701,22.4,15167
2026-05-05 13:35:00,22.39,22.4109,22.39,22.39,450
2026-05-05 13:40:00,22.385,22.42,22.385,22.42,22040
2026-05-05 13:45:00,22.46,22.665,22.46,22.66,1700
2026-05-05 13:50:00,22.69,22.7005,22.56,22.6313,12235
2026-05-05 13:55:00,22.6561,22.6561,22.5429,22.555,8466
2026-05-05 14:00:00,22.5,22.515,22.43,22.515,3009
2026-05-05 14:05:00,22.52,22.5999,22.5,22.5999,300
2026-05-05 14:10:00,22.52,22.7,22.481,22.7,4315
2026-05-05 14:15:00,22.68,22.68,22.55,22.55,37271
2026-05-05 14:20:00,22.545,22.5999,22.53,22.55,2480
2026-05-05 14:25:00,22.58,22.63,22.58,22.63,200
2026-05-05 14:30:00,22.68,22.79,22.68,22.74,16232
2026-05-05 14:35:00,22.65,22.65,22.4553,22.47,1889
2026-05-05 14:40:00,22.45,22.52,22.38,22.46,2498
2026-05-05 14:50:00,22.6,22.6,22.5729,22.5729,875
2026-05-05 14:55:00,22.57,22.57,22.5117,22.52,3788
2026-05-05 15:00:00,22.54,22.66,22.54,22.66,10980
2026-05-05 15:05:00,22.74,22.8,22.73,22.8,2270
2026-05-05 15:10:00,22.8,22.81,22.72,22.725,8555
2026-05-05 15:15:00,22.76,22.83,22.76,22.8096,1292
2026-05-05 15:20:00,22.7601,22.85,22.76,22.85,5549
2026-05-05 15:25:00,22.865,22.94,22.85,22.94,14101
2026-05-05 15:30:00,22.955,23.1,22.955,23.1,3550
2026-05-05 15:35:00,23.08,23.39,23.06,23.3401,53721
2026-05-05 15:40:00,23.34,23.34,23.2,23.2,31133
2026-05-05 15:45:00,23.235,23.2399,23.1001,23.18,40457
2026-05-05 15:50:00,23.26,23.28,22.9142,22.9142,7804
2026-05-05 15:55:00,22.95,23.3199,22.95,23.28,11065
2026-05-05 16:00:00,23.28,24,23.23,23.35,10950
2026-05-05 16:05:00,23.38,23.54,23.38,23.54,598
2026-05-05 16:15:00,23.131,23.3,23.131,23.3,200
2026-05-05 16:20:00,23.5,23.69,23.42,23.46,9266
2026-05-05 16:25:00,23.83,23.85,23.751,23.85,450
2026-05-05 16:30:00,23.85,23.85,23.48,23.48,1742
2026-05-05 16:35:00,23.5,23.5,23.331,23.331,3832
2026-05-05 16:40:00,22.93,23.18,22.91,23.18,2714
2026-05-05 16:45:00,23.34,23.34,23.34,23.34,200
2026-05-05 16:50:00,23.32,23.42,23.32,23.42,3384
2026-05-05 16:55:00,23.4,23.4,23.2,23.21,808
2026-05-05 17:10:00,23.4,23.45,23.4,23.45,649
2026-05-05 17:15:00,23.45,23.45,23.45,23.45,500
2026-05-05 17:20:00,23.301,23.44,23.301,23.42,396
2026-05-05 17:25:00,23.3,23.4,23.3,23.4,306
2026-05-05 17:30:00,23.5,23.5,23.5,23.5,200
2026-05-05 17:35:00,23.53,23.54,23.5,23.5,3441
2026-05-05 17:40:00,23.49,23.5,23.49,23.5,2918
2026-05-05 17:45:00,23.56,23.6,23.56,23.58,501
2026-05-05 17:50:00,23.51,23.76,23.51,23.76,947
2026-05-05 17:55:00,23.99,24.08,23.99,24.08,919
2026-05-05 18:00:00,24,24,23.77,23.81,839
2026-05-05 18:05:00,23.75,23.85,23.65,23.85,1817
2026-05-05 18:10:00,23.78,23.85,23.7717,23.7717,447
2026-05-05 18:15:00,23.85,23.979,23.83,23.93,3680
2026-05-05 18:20:00,24.06,24.06,24,24,1098
2026-05-05 18:25:00,23.93,24.02,23.93,23.94,1541
2026-05-05 18:30:00,24.03,24.03,24.03,24.03,250
2026-05-05 18:35:00,24.07,24.08,23.96,23.99,2465
2026-05-05 18:40:00,23.995,24.049,23.995,24.03,3756
2026-05-05 18:45:00,24.0213,24.07,24.0213,24.03,1201
2026-05-05 18:50:00,24.1,24.21,24.1,24.13,2452
2026-05-05 18:55:00,24.21,24.4996,24.21,24.49,3848
2026-05-05 19:00:00,24.1764,24.2986,24.1764,24.239,400
2026-05-05 19:05:00,24.12,24.15,23.93,23.99,3672
2026-05-05 19:10:00,24,24,23.71,23.79,2938
2026-05-05 19:15:00,23.78,23.78,23.78,23.78,1858
2026-05-05 19:20:00,23.6311,23.88,23.6311,23.88,4952
2026-05-05 19:25:00,24.46,24.8,24.46,24.8,8793
2026-05-05 19:30:00,24.8,24.86,24.3,24.3,1030
2026-05-05 19:35:00,24.4,24.4,24.4,24.4,400
2026-05-05 19:40:00,24.34,24.61,24.34,24.61,500
2026-05-05 19:45:00,24.61,24.61,24.45,24.45,420
2026-05-05 19:50:00,24.58,24.58,24.5653,24.5653,1614
2026-05-05 19:55:00,24.426,24.66,24.38,24.66,3088
2026-05-06 04:00:00,24.9,25.45,24,24.71,107264
2026-05-06 04:05:00,24.9,25.16,24.73,24.73,3215
2026-05-06 04:10:00,24.8,24.86,24.7,24.72,4393
2026-05-06 04:15:00,24.93,25.13,24.93,25.13,301
2026-05-06 04:20:00,24.92,24.99,24.92,24.92,1480
2026-05-06 04:25:00,25.07,25.08,24.92,25,3756
2026-05-06 04:30:00,25,25,24.8,24.8,2221
2026-05-06 04:35:00,24.96,24.96,24.94,24.94,399
2026-05-06 04:40:00,24.94,25.1,24.9,25.1,1187
2026-05-06 04:45:00,25.06,25.1,25,25.06,3054
2026-05-06 04:50:00,25.05,25.4,25.05,25.06,1229
2026-05-06 04:55:00,25.27,25.29,25.27,25.29,329
2026-05-06 05:00:00,25.19,25.27,24.96,24.96,3445
2026-05-06 05:10:00,25.01,25.09,25,25.09,1205
2026-05-06 05:15:00,25.07,25.09,25.06,25.09,455
2026-05-06 05:20:00,25.17,25.18,25.11,25.18,759
2026-05-06 05:25:00,25.28,25.28,25.18,25.18,300
2026-05-06 05:30:00,25.28,25.28,25.28,25.28,908
2026-05-06 05:35:00,25.28,25.7,25.28,25.69,1565
2026-05-06 05:40:00,25.7,25.7,25.66,25.66,2991
2026-05-06 05:45:00,25.7,25.7,25.5,25.59,2129
2026-05-06 05:50:00,25.6,25.6,25.59,25.59,1631
2026-05-06 05:55:00,25.59,25.92,25.59,25.86,29776
2026-05-06 06:00:00,25.73,25.73,25.7,25.73,675
2026-05-06 06:05:00,25.75,25.97,25.6,25.96,4911
2026-05-06 06:10:00,25.98,26.12,25.98,26.02,10642
2026-05-06 06:15:00,26.1,26.12,26,26,2893
2026-05-06 06:20:00,26.05,26.06,25.95,26,2456
2026-05-06 06:25:00,26,26.14,26,26.14,1226
2026-05-06 06:30:00,26.03,26.17,26.02,26.17,1352
2026-05-06 06:35:00,26.09,26.11,26.03,26.11,1701
2026-05-06 06:40:00,26.2,26.3,26.12,26.18,15786
2026-05-06 06:45:00,26.32,26.34,26.22,26.22,1191
2026-05-06 06:50:00,26.11,26.19,25.95,26.11,2320
2026-05-06 06:55:00,26.07,26.07,25.93,25.93,820
2026-05-06 07:00:00,25.94,26.55,25.93,26.44,50192
2026-05-06 07:05:00,26.57,26.7,26.3785,26.57,9332
2026-05-06 07:10:00,26.52,26.6,26.36,26.36,1671
2026-05-06 07:15:00,26.45,26.5,26.33,26.33,7685
2026-05-06 07:20:00,26.38,26.45,26.2473,26.2473,1900
2026-05-06 07:25:00,26.37,26.4798,26.31,26.38,2862
2026-05-06 07:30:00,26.3788,26.3788,26.05,26.1401,3655
2026-05-06 07:35:00,26.09,26.25,26.09,26.1403,820
2026-05-06 07:40:00,26.15,26.27,26.0114,26.27,12059
2026-05-06 07:45:00,26.06,26.38,26.06,26.2,1920
2026-05-06 07:50:00,26.05,26.07,26.02,26.07,4043
2026-05-06 07:55:00,26,26.05,25.961,25.99,2287
2026-05-06 08:00:00,25.97,26.02,25.8,25.811,3687
2026-05-06 08:05:00,25.83,25.91,25.6008,25.91,9515
2026-05-06 08:10:00,25.76,25.82,25.67,25.82,5545
2026-05-06 08:15:00,25.73,25.73,25.48,25.5,9759
2026-05-06 08:20:00,25.51,25.91,25.51,25.91,2300
2026-05-06 08:25:00,25.8956,25.8956,25.88,25.88,792
2026-05-06 08:30:00,25.761,25.761,25.45,25.45,1952
2026-05-06 08:35:00,25.6,25.6,25.4,25.57,2670
2026-05-06 08:40:00,25.48,25.57,25.25,25.257,2796
2026-05-06 08:45:00,25.261,25.49,25.26,25.37,24442
2026-05-06 08:50:00,25.43,25.69,25.37,25.505,11322
2026-05-06 08:55:00,25.55,25.71,25.45,25.66,5659
2026-05-06 09:00:00,25.68,25.68,25.41,25.41,12210
2026-05-06 09:05:00,25.42,25.42,25.2,25.21,9363
2026-05-06 09:10:00,25.23,25.45,25.23,25.45,8139
2026-05-06 09:15:00,25.49,25.6,25.4,25.6,1900
2026-05-06 09:20:00,25.87,25.93,25.72,25.72,567
2026-05-06 09:25:00,25.51,25.51,25.2,25.38,9291
2026-05-06 09:30:00,25.22,25.9498,25.06,25.26,67966
2026-05-06 09:35:00,25.2,25.76,24.88,24.9,61295
2026-05-06 09:40:00,24.89,25,24.6309,25,86719
2026-05-06 09:45:00,24.98,25.49,24.93,25.385,91953
2026-05-06 09:50:00,25.35,25.5,25.1,25.41,47428
2026-05-06 09:55:00,25.5,25.69,25.25,25.605,46518
2026-05-06 10:00:00,25.57,25.57,24.59,24.59,85804
2026-05-06 10:05:00,24.5,24.54,24.14,24.27,83887
2026-05-06 10:10:00,24.3324,24.44,24.085,24.1354,32825
2026-05-06 10:15:00,24.01,24.32,23.825,23.83,43281
2026-05-06 10:20:00,23.9,23.9576,23.69,23.75,50586
2026-05-06 10:25:00,23.78,23.9699,23.67,23.87,65306
2026-05-06 10:30:00,23.83,24.21,23.67,24.11,47031
2026-05-06 10:35:00,24.085,24.25,23.89,23.99,23215
2026-05-06 10:40:00,23.97,24.12,23.94,23.94,24281
2026-05-06 10:45:00,24,24.22,24,24.05,43697
2026-05-06 10:50:00,24,24.21,23.94,24.19,36362
2026-05-06 10:55:00,24.12,24.12,23.88,23.88,4707
2026-05-06 11:00:00,23.9,24.015,23.84,23.92,7896
2026-05-06 11:05:00,23.92,24.2893,23.85,24.16,31725
2026-05-06 11:10:00,24.22,24.58,24.22,24.48,42699
2026-05-06 11:15:00,24.53,24.53,24.347,24.52,17003
2026-05-06 11:20:00,24.5,24.68,24.3899,24.62,13706
2026-05-06 11:25:00,24.64,24.8599,24.64,24.74,75112
2026-05-06 11:30:00,24.77,25.0899,24.77,25,32155
2026-05-06 11:35:00,24.8999,25.04,24.84,25,33730
2026-05-06 11:40:00,25.03,25.28,25,25.28,14364
2026-05-06 11:45:00,25.25,25.44,25.25,25.38,29702
2026-05-06 11:50:00,25.18,25.37,25.16,25.2403,45159
2026-05-06 11:55:00,25.239,25.3,24.84,24.84,61939
2026-05-06 12:00:00,24.85,25.08,24.84,24.92,36568
2026-05-06 12:05:00,25.1,25.125,25.04,25.094,1372
2026-05-06 12:10:00,25.18,25.28,25.075,25.22,2600
2026-05-06 12:15:00,25.17,25.19,25.1,25.11,21115
2026-05-06 12:20:00,25.14,25.26,25.1,25.1386,10091
2026-05-06 12:25:00,25.24,25.4,25.24,25.4,10995
2026-05-06 12:30:00,25.47,25.63,25.47,25.63,9482
2026-05-06 12:35:00,25.645,25.89,25.61,25.89,21844
2026-05-06 12:40:00,25.85,25.85,25.61,25.6885,7548
2026-05-06 12:45:00,25.7,25.75,25.445,25.495,16991
2026-05-06 12:50:00,25.5,25.55,25.49,25.4901,2126
2026-05-06 12:55:00,25.44,25.46,25.3,25.3,840
2026-05-06 13:00:00,25.26,25.2601,25.0803,25.18,5840
2026-05-06 13:05:00,25.185,25.29,25.1804,25.19,3652
2026-05-06 13:10:00,25.105,25.17,25.0903,25.17,1300
2026-05-06 13:15:00,25.14,25.16,25.12,25.135,2212
2026-05-06 13:20:00,25.14,25.14,25.13,25.13,450
2026-05-06 13:25:00,25.16,25.1801,25.16,25.18,1657
2026-05-06 13:30:00,25.18,25.2,25.13,25.13,3100
2026-05-06 13:35:00,25.06,25.11,25.06,25.06,2466
2026-05-06 13:40:00,25.045,25.285,24.98,25.285,2238
2026-05-06 13:45:00,25.28,25.28,25.155,25.235,471
2026-05-06 13:50:00,25.27,25.3,25.18,25.18,3295
2026-05-06 13:55:00,25.265,25.37,25.26,25.32,4439
2026-05-06 14:00:00,25.439,25.439,25.16,25.16,3658
2026-05-06 14:05:00,25.2,25.2028,25.0451,25.0451,2360
2026-05-06 14:10:00,25.11,25.15,25.11,25.15,400
2026-05-06 14:15:00,25.1001,25.16,25.1001,25.16,2200
2026-05-06 14:20:00,25.14,25.16,25.105,25.105,700
2026-05-06 14:25:00,25.135,25.135,24.981,25.06,1881
2026-05-06 14:30:00,25.08,25.1,25.06,25.1,858
2026-05-06 14:35:00,25.14,25.22,25.14,25.21,11515
2026-05-06 14:40:00,25.18,25.32,25.18,25.32,2385
2026-05-06 14:45:00,25.32,25.32,25.165,25.17,13432
2026-05-06 14:50:00,25.13,25.16,25.01,25.09,7775
2026-05-06 14:55:00,24.98,24.98,24.73,24.8,10955
2026-05-06 15:00:00,24.7,24.7,24.5989,24.5989,1795
2026-05-06 15:05:00,24.58,24.68,24.58,24.68,1639
2026-05-06 15:10:00,24.79,24.95,24.79,24.95,900
2026-05-06 15:15:00,24.99,25,24.92,24.92,1582
2026-05-06 15:20:00,25,25.08,24.969,25.08,11092
2026-05-06 15:25:00,25.09,25.09,24.92,24.92,6340
2026-05-06 15:30:00,24.94,25,24.94,25,200
2026-05-06 15:35:00,24.955,24.97,24.85,24.87,1998
2026-05-06 15:40:00,24.96,24.99,24.7909,24.7909,4151
2026-05-06 15:45:00,24.99,25.07,24.8374,25.021,4950
2026-05-06 15:50:00,25,25.02,24.71,24.75,18979
2026-05-06 15:55:00,24.8,24.8,24.7,24.77,8682
2026-05-06 16:00:00,24.76,25.11,24.75,24.75,2066
2026-05-06 16:05:00,24.77,24.77,24.7,24.7,1441
2026-05-06 16:10:00,24.91,24.91,24.91,24.91,1520
2026-05-06 16:15:00,25.11,25.22,25.0465,25.105,6195
2026-05-06 16:20:00,25.1,25.11,25,25,2280
2026-05-06 16:25:00,25.15,25.15,25.15,25.15,100
2026-05-06 16:30:00,25.1698,25.1698,25.1698,25.1698,198
2026-05-06 16:35:00,25.08,25.08,25.01,25.01,300
2026-05-06 16:40:00,25.01,25.01,25.01,25.01,198
2026-05-06 16:45:00,24.91,24.92,24.89,24.91,2411
2026-05-06 16:50:00,24.85,24.85,24.85,24.85,315
2026-05-06 16:55:00,24.64,24.64,24.64,24.64,289
2026-05-06 17:05:00,24.87,24.87,24.75,24.75,293
2026-05-06 17:10:00,24.69,24.69,24.69,24.69,122
2026-05-06 17:15:00,24.76,24.76,24.52,24.53,651
2026-05-06 17:20:00,24.6,24.6,24.48,24.48,1562
2026-05-06 17:25:00,24.3,24.47,24.26,24.47,2119
2026-05-06 17:30:00,24.28,24.28,24.2,24.2,1945
2026-05-06 17:35:00,24.14,24.14,24.02,24.02,1100
2026-05-06 17:40:00,24.1,24.1,24.08,24.08,1300
2026-05-06 17:45:00,24.07,24.07,24.07,24.07,386
2026-05-06 17:50:00,24.08,24.081,24.08,24.08,1068
2026-05-06 17:55:00,24.13,24.13,24,24,3484
2026-05-06 18:00:00,24,24.1,24,24,1061
2026-05-06 18:05:00,24,24,24,24,150
2026-05-06 18:10:00,24.19,24.19,24.05,24.18,1027
2026-05-06 18:15:00,24.06,24.12,24.05,24.12,700
2026-05-06 18:20:00,24.18,24.25,24.13,24.13,1841
2026-05-06 18:35:00,24.05,24.1,24.05,24.0999,3799
2026-05-06 18:40:00,24.1,24.1,23.98,23.98,300
2026-05-06 18:45:00,23.98,23.98,23.98,23.98,200
2026-05-06 18:55:00,23.99,23.99,23.99,23.99,200
2026-05-06 19:05:00,24.15,24.15,24.15,24.15,213
2026-05-06 19:15:00,24.05,24.05,24.05,24.05,150
2026-05-06 19:20:00,24.29,24.47,24.29,24.47,412
2026-05-06 19:30:00,24.25,24.25,24.25,24.25,116
2026-05-06 19:35:00,24.25,24.25,24.25,24.25,100
2026-05-06 19:40:00,24.25,24.25,24.25,24.25,308
2026-05-06 19:45:00,24.2,24.2,24.2,24.2,1000
2026-05-06 19:50:00,24.21,24.22,24.2,24.2,50883
2026-05-06 19:55:00,24.44,24.44,24.44,24.44,352
2026-05-07 04:00:00,24.75,25.06,24.62,25,7604
2026-05-07 04:05:00,25.15,25.3,24.77,24.96,4104
2026-05-07 04:10:00,24.9,24.9,24.76,24.85,4936
2026-05-07 04:15:00,25.07,25.07,25.07,25.07,389
2026-05-07 04:30:00,25.35,25.3996,25.25,25.25,14283
2026-05-07 04:35:00,25.27,25.31,25.25,25.29,1663
2026-05-07 04:40:00,25.32,25.41,25.29,25.36,3147
2026-05-07 04:45:00,25.36,25.36,25.36,25.36,207
2026-05-07 04:50:00,25,25,25,25,1140
2026-05-07 04:55:00,25.01,25.01,25.01,25.01,100
2026-05-07 05:00:00,24.94,24.94,24.94,24.94,100
2026-05-07 05:05:00,25.06,25.09,25.06,25.09,1316
2026-05-07 05:10:00,24.89,24.89,24.89,24.89,672
2026-05-07 05:15:00,24.88,24.88,24.88,24.88,1000
2026-05-07 05:25:00,25,25,25,25,182
2026-05-07 05:35:00,25.17,25.17,25.17,25.17,550
2026-05-07 05:50:00,25.1,25.1,25.1,25.1,200
2026-05-07 05:55:00,25.14,25.14,25.14,25.14,457
2026-05-07 06:00:00,25.08,25.08,25,25,684
2026-05-07 06:10:00,24.7,24.7,24.69,24.69,1568
2026-05-07 06:15:00,24.69,24.69,24.69,24.69,151
2026-05-07 06:25:00,24.65,24.65,24.65,24.65,300
2026-05-07 06:35:00,24.8,24.8,24.8,24.8,281
2026-05-07 06:40:00,25.11,25.11,24.98,25.02,1306
2026-05-07 07:00:00,24.82,24.82,24.82,24.82,2000
2026-05-07 07:15:00,24.42,24.43,24.4,24.4,1263
2026-05-07 07:20:00,24.5,24.5,24.5,24.5,1615
2026-05-07 07:30:00,24.55,24.55,24.5,24.5,1415
2026-05-07 07:35:00,24.49,24.55,24.49,24.55,364
2026-05-07 07:45:00,24.4,24.4,24.4,24.4,381
2026-05-07 07:50:00,24.4,24.4,24.4,24.4,2419
2026-05-07 07:55:00,24.33,24.4,24.321,24.34,903
2026-05-07 08:00:00,24.4,24.4,24.4,24.4,938
2026-05-07 08:05:00,24.3,24.3,24.3,24.3,500
2026-05-07 08:10:00,24.32,24.32,24.32,24.32,119
2026-05-07 08:15:00,24.31,24.31,24.31,24.31,100
2026-05-07 08:20:00,24.22,24.22,24.17,24.17,1382
2026-05-07 08:25:00,24.17,24.17,24.1,24.17,1100
2026-05-07 08:30:00,24.35,24.35,24.22,24.2969,6350
2026-05-07 08:35:00,24.4,24.42,24.4,24.42,1100
2026-05-07 08:40:00,24.5,24.5,24.23,24.23,78996
2026-05-07 08:45:00,24.23,24.23,24.1,24.1,55448
2026-05-07 08:50:00,24.09,24.09,23.95,23.95,28825
2026-05-07 08:55:00,23.94,23.94,23.81,23.92,10188
2026-05-07 09:00:00,23.99,24.02,23.85,24.02,720
2026-05-07 09:05:00,23.97,24.02,23.95,24.02,800
2026-05-07 09:10:00,24.1,24.1,24.1,24.1,681
2026-05-07 09:15:00,24.12,24.12,24.05,24.12,710
2026-05-07 09:20:00,24.12,24.13,24.12,24.13,1030
2026-05-07 09:25:00,24.13,24.13,24.13,24.13,1671
2026-05-07 09:30:00,24.275,24.5,23.49,23.72,35962
2026-05-07 09:35:00,23.72,24.055,23.63,23.95,158924
2026-05-07 09:40:00,23.91,24.22,23.77,24.13,97432
2026-05-07 09:45:00,24.1,24.188,23.62,23.96,52135
2026-05-07 09:50:00,24,24.02,23.65,23.72,32627
2026-05-07 09:55:00,23.72,24.42,23.69,24.42,21235
2026-05-07 10:00:00,24.37,24.455,24.265,24.3,11384
2026-05-07 10:05:00,24.3,24.54,24.24,24.28,33710
2026-05-07 10:10:00,24.25,24.59,24.2,24.59,56287
2026-05-07 10:15:00,24.619,25.03,24.619,24.77,139854
2026-05-07 10:20:00,24.68,24.92,24.65,24.73,29925
2026-05-07 10:25:00,24.6601,24.74,24.38,24.74,91853
2026-05-07 10:30:00,24.76,25.3054,24.69,24.91,242665
2026-05-07 10:35:00,24.86,25.01,24.7,24.97,75299
2026-05-07 10:40:00,24.905,25.375,24.9,25.19,154159
2026-05-07 10:45:00,25.135,25.425,25.13,25.39,57967
2026-05-07 10:50:00,25.4229,26.28,25.3,26.25,260280
2026-05-07 10:55:00,26.25,26.9,26.25,26.9,300490
2026-05-07 11:00:00,26.9,27.01,26.475,26.825,131181
2026-05-07 11:05:00,26.84,27.4585,26.55,27.4585,187475
2026-05-07 11:10:00,27.46,28.49,27.46,28.255,194540
2026-05-07 11:15:00,28.23,28.75,28.09,28.458,125349
2026-05-07 11:20:00,28.43,29,28.12,28.85,171080
2026-05-07 11:25:00,28.8999,29.03,28.3807,29.021,69615
2026-05-07 11:30:00,29.065,30.48,28.98,30.4288,480430
2026-05-07 11:35:00,30.38,30.9,30.23,30.54,441555
2026-05-07 11:40:00,30.61,32.38,30.56,32.21,349568
2026-05-07 11:45:00,32.24,32.78,30.47,30.5,289246
2026-05-07 11:50:00,30.5,30.5,29.79,29.93,280908
2026-05-07 11:55:00,29.93,29.96,28.53,28.71,122548
2026-05-07 12:00:00,28.72,29.51,28.45,29.36,281389
2026-05-07 12:05:00,29.36,29.42,28.85,29.08,131062
2026-05-07 12:10:00,29.09,29.49,29,29.38,351585
2026-05-07 12:15:00,29.17,29.36,28.45,29.36,99682
2026-05-07 12:20:00,29.23,30.13,29.16,29.9352,205767
2026-05-07 12:25:00,30.0797,30.24,29.7,29.96,99667
2026-05-07 12:30:00,29.88,30.21,29.6601,30.13,156084
2026-05-07 12:35:00,30.16,30.16,29.26,29.32,45817
2026-05-07 12:40:00,29.395,29.4459,28.8942,29.08,28967
2026-05-07 12:45:00,29,29.29,28.97,29.11,50127
2026-05-07 12:50:00,29.1358,29.15,28.81,29.03,24573
2026-05-07 12:55:00,29.02,29.11,28.69,28.75,25987
2026-05-07 13:00:00,28.7,28.805,28.26,28.39,19124
2026-05-07 13:05:00,28.29,28.3,28.06,28.06,31939
2026-05-07 13:10:00,28.08,28.1099,27.41,27.41,57499
2026-05-07 13:15:00,27.35,27.35,26.6,26.6,103382
2026-05-07 13:20:00,26.68,26.87,26.5,26.735,126988
2026-05-07 13:25:00,26.82,27.12,26.5,27.05,46453
2026-05-07 13:30:00,27.06,27.68,27.02,27.5,77999
2026-05-07 13:35:00,27.5,27.81,27.5,27.65,68626
2026-05-07 13:40:00,27.7982,28.06,27.6317,27.845,35730
2026-05-07 13:45:00,27.75,27.82,27.65,27.76,68117
2026-05-07 13:50:00,27.66,27.6688,27.48,27.48,18170
2026-05-07 13:55:00,27.48,27.96,27.47,27.96,37637
2026-05-07 14:00:00,27.935,28.17,27.815,28.12,50077
2026-05-07 14:05:00,28.13,28.265,27.88,27.88,51797
2026-05-07 14:10:00,27.87,28.1,27.87,27.96,30161
2026-05-07 14:15:00,27.89,28.03,27.6714,27.86,4563
2026-05-07 14:20:00,27.845,27.915,27.7,27.74,12329
2026-05-07 14:25:00,27.74,27.81,27.68,27.74,30936
2026-05-07 14:30:00,27.67,27.91,27.51,27.9,42404
2026-05-07 14:35:00,27.9,27.9,27.4472,27.53,30972
2026-05-07 14:40:00,27.54,27.58,27.27,27.34,51463
2026-05-07 14:45:00,27.36,27.36,27,27.005,28966
2026-05-07 14:50:00,27.005,27.09,26.87,27.09,26534
2026-05-07 14:55:00,26.92,27.13,26.92,27.08,7294
2026-05-07 15:00:00,27.045,27.08,26.8961,26.97,2487
2026-05-07 15:05:00,27.105,27.105,27.105,27.105,200
2026-05-07 15:10:00,27.25,27.3799,27.08,27.25,17064
2026-05-07 15:15:00,27.28,27.395,27.24,27.31,2835
2026-05-07 15:20:00,27.2018,27.3599,27.2,27.26,10993
2026-05-07 15:25:00,27.26,27.45,27.15,27.33,9461
2026-05-07 15:30:00,27.3,27.5,27.3,27.5,15957
2026-05-07 15:35:00,27.6979,27.8099,27.57,27.77,19807
2026-05-07 15:40:00,27.72,27.83,27.6,27.6,17453
2026-05-07 15:45:00,27.6,27.67,27.35,27.4304,28540
2026-05-07 15:50:00,27.27,27.425,27.12,27.26,141791
2026-05-07 15:55:00,27.21,27.4399,27.01,27.275,25269
2026-05-07 16:00:00,27.37,27.44,27.25,27.44,10162
2026-05-07 16:05:00,27.29,27.4,27.28,27.37,2049
2026-05-07 16:10:00,27.35,27.5,27.35,27.5,839
2026-05-07 16:30:00,27.47,27.49,27.3,27.3,35783
2026-05-07 16:35:00,27.38,27.39,27.38,27.38,899
2026-05-07 16:40:00,27.15,27.15,27,27.03,1616
2026-05-07 16:45:00,27.07,27.1,26.98,26.98,993
2026-05-07 16:50:00,27,27,26.99,27,4510
2026-05-07 16:55:00,27,27,27,27,15130
2026-05-07 17:00:00,26.92,27.06,26.92,27.06,2713
2026-05-07 17:10:00,27.05,27.06,27.05,27.05,2725
2026-05-07 17:15:00,26.99,26.99,26.99,26.99,2615
2026-05-07 17:25:00,26.99,27.02,26.99,27.02,1019
2026-05-07 17:30:00,27.02,27.0417,26.99,27.04,3557
2026-05-07 17:35:00,26.96,26.96,26.96,26.96,1000
2026-05-07 17:40:00,26.87,26.87,26.87,26.87,726
2026-05-07 17:45:00,26.87,26.87,26.75,26.75,3843
2026-05-07 17:50:00,26.61,26.61,26.23,26.27,6607
2026-05-07 17:55:00,26.3,26.31,26.27,26.27,486
2026-05-07 18:00:00,26.5,26.79,26.5,26.79,800
2026-05-07 18:10:00,26.81,26.9,26.81,26.9,571
2026-05-07 18:15:00,26.92,27.17,26.92,27,610
2026-05-07 18:25:00,27.09,27.09,27.09,27.09,385
2026-05-07 18:30:00,26.99,27,26.94,26.94,2644
2026-05-07 18:40:00,26.91,26.91,26.87,26.87,4546
2026-05-07 18:45:00,26.81,26.85,26.81,26.85,680
2026-05-07 18:50:00,26.8,26.8,26.8,26.8,300
2026-05-07 18:55:00,26.85,27,26.85,27,350
2026-05-07 19:00:00,26.81,26.81,26.81,26.81,190
2026-05-07 19:10:00,26.81,26.81,26.81,26.81,1000
2026-05-07 19:20:00,26.99,26.99,26.99,26.99,299
2026-05-07 19:25:00,27.0083,27.0083,26.9302,26.9302,1242
2026-05-07 19:45:00,26.99,27.05,26.99,27.05,255
2026-05-07 19:50:00,27.05,27.08,27,27,2997
2026-05-07 19:55:00,27.25,27.25,27.1014,27.1014,200
2026-05-08 04:00:00,28.05,29.28,27.94,28.59,158550
2026-05-08 04:05:00,28.79,29.2,28.02,28.9,25925
2026-05-08 04:10:00,28.97,28.98,28.56,28.98,9711
2026-05-08 04:15:00,28.97,28.97,28.88,28.96,3029
2026-05-08 04:20:00,28.98,29.13,28.5,28.5,11722
2026-05-08 04:25:00,28.92,28.94,28.84,28.84,369
2026-05-08 04:30:00,28.9,28.94,28.881,28.94,2374
2026-05-08 04:35:00,29.01,29.04,28.99,29.02,8760
2026-05-08 04:40:00,29.04,29.16,29,29.16,3429
2026-05-08 04:45:00,29.16,29.56,29.16,29.53,50268
2026-05-08 04:50:00,29.5,29.95,29.5,29.53,14628
2026-05-08 04:55:00,29.6,29.98,29.53,29.98,10946
2026-05-08 05:00:00,29.83,30,29.79,29.97,20911
2026-05-08 05:05:00,29.96,30.32,29.85,29.85,9053
2026-05-08 05:10:00,30.1,30.2,29.86,30.11,15627
2026-05-08 05:15:00,29.92,30.17,29.7,30.17,7077
2026-05-08 05:20:00,30.2,30.2,30.01,30.17,5141
2026-05-08 05:25:00,30,30.48,30,30.48,9479
2026-05-08 05:30:00,30.49,30.49,30,30,4049
2026-05-08 05:35:00,29.98,30.01,29.83,30.01,5859
2026-05-08 05:40:00,29.84,29.84,29.65,29.65,2524
2026-05-08 05:45:00,29.7,29.7,29.62,29.62,1137
2026-05-08 05:50:00,29.5,29.8,29.5,29.8,2569
2026-05-08 05:55:00,29.77,29.97,29.77,29.79,746
2026-05-08 06:00:00,29.95,29.95,29.73,29.73,231
2026-05-08 06:05:00,29.76,30,29.76,30,1581
2026-05-08 06:10:00,29.89,30.24,29.89,30.14,4441
2026-05-08 06:15:00,30.29,30.29,30.03,30.03,950
2026-05-08 06:20:00,30.17,30.17,29.99,30.14,7834
2026-05-08 06:25:00,30.19,30.2,30.1,30.2,1958
2026-05-08 06:30:00,30.28,30.28,30.24,30.24,200
2026-05-08 06:35:00,30.2,30.23,30.2,30.22,4685
2026-05-08 06:40:00,30.3,30.3,30.3,30.3,498
2026-05-08 06:45:00,30.35,30.35,30.22,30.26,2852
2026-05-08 06:50:00,30.22,30.22,29.99,29.99,728
2026-05-08 06:55:00,29.96,29.99,29.96,29.99,1025
2026-05-08 07:00:00,29.71,30.43,29.71,30.269,5035
2026-05-08 07:05:00,30.199,30.2,30.1,30.1,22774
2026-05-08 07:10:00,30.2,30.88,30.19,30.87,7344
2026-05-08 07:15:00,30.88,31.109,30.64,30.73,13083
2026-05-08 07:20:00,30.7,30.97,30.68,30.86,2524
2026-05-08 07:25:00,30.9,30.96,30.7,30.7,4245
2026-05-08 07:30:00,30.52,30.76,30.21,30.48,2350
2026-05-08 07:35:00,30.35,30.5,30.22,30.22,744
2026-05-08 07:40:00,30.38,30.51,30.38,30.51,578
2026-05-08 07:45:00,30.24,30.53,30.17,30.53,2954
2026-05-08 07:50:00,30.53,30.64,30.4,30.609,3001
2026-05-08 07:55:00,30.47,30.6,30.47,30.6,1695
2026-05-08 08:00:00,30.57,30.68,30.52,30.68,1935
2026-05-08 08:05:00,30.78,30.96,30.78,30.86,3124
2026-05-08 08:10:00,30.86,30.87,30.76,30.87,2459
2026-05-08 08:15:00,30.861,30.861,30.71,30.8,1728
2026-05-08 08:20:00,30.66,30.74,30.65,30.74,10597
2026-05-08 08:25:00,30.63,30.78,30.5,30.68,1871
2026-05-08 08:30:00,31,31.25,30.7,31.22,4295
2026-05-08 08:35:00,31.25,31.25,30.9,30.936,4760
2026-05-08 08:40:00,31.13,31.2,31,31,2216
2026-05-08 08:45:00,30.93,30.96,30.8,30.8,1528
2026-05-08 08:50:00,30.601,30.601,30.55,30.55,6394
2026-05-08 08:55:00,30.75,30.87,30.4,30.4,6989
2026-05-08 09:00:00,30.44,30.57,30.4306,30.5,11341
2026-05-08 09:05:00,30.55,30.59,30.42,30.59,19745
2026-05-08 09:10:00,30.56,30.6,30.54,30.6,781
2026-05-08 09:15:00,30.59,30.67,30.53,30.53,6953
2026-05-08 09:20:00,30.52,30.84,30.5,30.84,17195
2026-05-08 09:25:00,30.58,30.64,29.68,30.14,15497
2026-05-08 09:30:00,30,30.62,28.9,30.25,234278
2026-05-08 09:35:00,30.21,30.32,29.295,29.3,191818
2026-05-08 09:40:00,29.335,30.68,29.2,30.68,168827
2026-05-08 09:45:00,30.67,31.23,30.46,30.6,204277
2026-05-08 09:50:00,30.5525,31.1,30.23,30.825,76981
2026-05-08 09:55:00,30.835,31.68,30.82,31.68,101057
2026-05-08 10:00:00,31.59,32.07,31.53,31.96,172256
2026-05-08 10:05:00,31.95,31.95,30.91,30.98,77175
2026-05-08 10:10:00,30.85,31.1,30.475,30.8527,99383
2026-05-08 10:15:00,30.895,31.139,30.61,30.61,36475
2026-05-08 10:20:00,30.61,30.74,30.4184,30.4184,32032
2026-05-08 10:25:00,30.54,31.07,30.483,30.75,137147
2026-05-08 10:30:00,30.75,31.29,30.68,31.17,59663
2026-05-08 10:35:00,31.14,31.26,30.74,30.775,66308
2026-05-08 10:40:00,30.74,31.599,30.7,31.55,122216
2026-05-08 10:45:00,31.565,32.22,31.44,32.2,79355
2026-05-08 10:50:00,32.21,32.5,31.92,32.2528,69952
2026-05-08 10:55:00,32.25,32.78,32.13,32.395,134768
2026-05-08 11:00:00,32.325,32.7499,31.96,32.57,20293
2026-05-08 11:05:00,32.55,32.64,32.3707,32.44,23084
2026-05-08 11:10:00,32.45,32.5,31.7012,31.78,40692
2026-05-08 11:15:00,31.85,32.3596,31.72,32.3,15160
2026-05-08 11:20:00,32.31,32.83,32.245,32.805,72029
2026-05-08 11:25:00,32.84,33.27,32.635,33.22,171949
2026-05-08 11:30:00,33.1704,33.7854,33.085,33.28,51141
2026-05-08 11:35:00,33.37,33.82,33.25,33.82,86472
2026-05-08 11:40:00,33.805,34.13,33.46,33.65,198172
2026-05-08 11:45:00,33.5519,33.98,33.5519,33.77,683622
2026-05-08 11:50:00,33.8,34.0899,33.65,33.93,193473
2026-05-08 11:55:00,33.935,34.06,33.19,33.24,523521
2026-05-08 12:00:00,33.3,33.3,32.7901,33.03,634431
2026-05-08 12:05:00,33.03,33.15,32.37,32.43,186540
2026-05-08 12:10:00,32.46,32.575,32.3,32.4,94376
2026-05-08 12:15:00,32.42,32.49,32.1301,32.36,69705
2026-05-08 12:20:00,32.36,32.85,32.36,32.7514,86608
2026-05-08 12:25:00,32.75,33.1404,32.71,32.91,20854
2026-05-08 12:30:00,32.86,32.9,32.49,32.5787,41200
2026-05-08 12:35:00,32.55,32.57,32.27,32.51,102763
2026-05-08 12:40:00,32.49,32.57,32.08,32.19,52634
2026-05-08 12:45:00,32.165,32.44,32.165,32.42,24987
2026-05-08 12:50:00,32.42,32.42,32.18,32.1901,36593
2026-05-08 12:55:00,32.24,32.28,32.015,32.135,30054
2026-05-08 13:00:00,32.11,32.25,31.94,32.15,20463
2026-05-08 13:05:00,32.18,32.2,32.04,32.2,12742
2026-05-08 13:10:00,32.25,32.5801,32.15,32.21,21882
2026-05-08 13:15:00,32.255,32.255,31.9618,32.02,16705
2026-05-08 13:20:00,31.99,31.99,31.7,31.7,9084
2026-05-08 13:25:00,31.74,32.09,31.71,32.09,6386
2026-05-08 13:30:00,32,32,31.73,31.81,11948
2026-05-08 13:35:00,31.86,31.86,31.72,31.8224,2518
2026-05-08 13:40:00,31.79,31.8,31.6,31.65,14717
2026-05-08 13:45:00,31.65,31.81,31.65,31.6863,3800
2026-05-08 13:50:00,31.6,31.61,31.38,31.42,12353
2026-05-08 13:55:00,31.41,31.4101,31.3558,31.3558,2140
2026-05-08 14:00:00,31.52,31.59,31.35,31.35,4690
2026-05-08 14:05:00,31.4,31.4,31.32,31.37,4454
2026-05-08 14:10:00,31.33,31.38,31.1,31.175,112570
2026-05-08 14:15:00,31.18,31.2,30.8,30.92,120525
2026-05-08 14:20:00,30.825,30.9101,30.6113,30.65,88665
2026-05-08 14:25:00,30.635,30.77,30.57,30.77,99972
2026-05-08 14:30:00,30.84,30.87,30.79,30.87,3474
2026-05-08 14:35:00,30.92,31.035,30.84,30.98,4532
2026-05-08 14:40:00,30.98,31.2082,30.98,31.17,11199
2026-05-08 14:45:00,31.14,31.22,30.93,30.93,7066
2026-05-08 14:50:00,30.92,31.0004,30.8,30.8,6790
2026-05-08 14:55:00,30.7627,30.79,30.44,30.45,12199
2026-05-08 15:00:00,30.45,30.75,30.45,30.75,13577
2026-05-08 15:05:00,30.759,31.27,30.759,31.27,5719
2026-05-08 15:10:00,31.35,31.5,31.33,31.5,23599
2026-05-08 15:15:00,31.53,31.72,31.53,31.71,2992
2026-05-08 15:20:00,31.65,31.6699,31.58,31.58,2340
2026-05-08 15:25:00,31.56,31.56,31.37,31.39,2723
2026-05-08 15:30:00,31.34,31.56,31.34,31.56,2290
2026-05-08 15:35:00,31.57,31.66,31.52,31.62,7182
2026-05-08 15:40:00,31.6699,31.6699,31.34,31.49,3861
2026-05-08 15:45:00,31.45,31.7,31.45,31.7,2558
2026-05-08 15:50:00,31.74,31.8599,31.655,31.81,18070
2026-05-08 15:55:00,31.7982,31.89,31.6611,31.71,18988
2026-05-08 16:00:00,31.76,31.76,31.52,31.58,5027
2026-05-08 16:05:00,31.6,31.76,31.6,31.76,5216
2026-05-08 16:10:00,31.66,31.8399,31.66,31.8399,737
2026-05-08 16:15:00,31.8,31.8,31.8,31.8,400
2026-05-08 16:20:00,31.7,31.7,31.7,31.7,250
2026-05-08 16:25:00,31.85,32.06,31.8213,32.06,1327
2026-05-08 16:30:00,32.22,32.3,32.22,32.3,1144
2026-05-08 16:35:00,32.46,32.6,32.46,32.57,2151
2026-05-08 16:40:00,32.56,32.56,32.27,32.5,10408
2026-05-08 16:45:00,32.37,32.37,32.36,32.36,756
2026-05-08 16:50:00,32.33,32.33,32.02,32.02,963
2026-05-08 16:55:00,32.05,32.05,31.85,31.85,200
2026-05-08 17:00:00,32,32,31.901,31.901,217
2026-05-08 17:05:00,31.9004,31.9004,31.9004,31.9004,1235
2026-05-08 17:15:00,32.0299,32.0299,32.0299,32.0299,500
2026-05-08 17:20:00,31.9,31.99,31.9,31.99,621
2026-05-08 17:25:00,32.03,32.0392,31.99,32.0392,851
2026-05-08 17:30:00,32,32,32,32,445
2026-05-08 17:35:00,32.06,32.06,32.06,32.06,108
2026-05-08 17:40:00,32.1,32.1,32.1,32.1,100
2026-05-08 17:45:00,32.1,32.1,32.06,32.08,2437
2026-05-08 17:50:00,32.08,32.08,32,32,1000
2026-05-08 18:00:00,32.08,32.08,32.08,32.08,1054
2026-05-08 18:05:00,32.02,32.03,32.02,32.03,232
2026-05-08 18:10:00,32.2,32.25,32.11,32.17,1838
2026-05-08 18:15:00,32.2496,32.2792,32.19,32.2792,2855
2026-05-08 18:20:00,32.3,32.3,32.21,32.21,1312
2026-05-08 18:25:00,32.3,32.3,32.3,32.3,155
2026-05-08 18:30:00,32.2,32.2,32.2,32.2,2295
2026-05-08 18:35:00,32.1,32.1,32.09,32.09,931
2026-05-08 18:40:00,32.17,32.19,32.17,32.19,282
2026-05-08 18:45:00,32.16,32.16,32.16,32.16,100
2026-05-08 18:50:00,32.19,32.19,32.19,32.19,100
2026-05-08 18:55:00,32.19,32.19,32.11,32.11,519
2026-05-08 19:00:00,32.113,32.2,32.113,32.2,886
2026-05-08 19:05:00,32.12,32.2,32.12,32.2,376
2026-05-08 19:15:00,32.19,32.2,32.11,32.11,608
2026-05-08 19:25:00,32.27,32.27,32.15,32.15,464
2026-05-08 19:30:00,32.27,32.27,32.2,32.2,845
2026-05-08 19:35:00,32.22,32.22,32.1,32.11,1200
2026-05-08 19:40:00,32.15,32.15,32.15,32.15,200
2026-05-08 19:45:00,32.15,32.2,32.15,32.2,836
2026-05-08 19:50:00,32.18,32.25,32.18,32.25,1870
2026-05-08 19:55:00,32.26,32.3,32.26,32.3,313
2026-05-11 04:00:00,32.4,32.8,31.49,32.7,59851
2026-05-11 04:05:00,32.93,33.15,32.56,32.64,5366
2026-05-11 04:10:00,31.67,32.56,31.56,31.78,7937
2026-05-11 04:15:00,31.96,32.03,31.96,32.03,385
2026-05-11 04:20:00,32.2,32.2064,32.2,32.2,10357
2026-05-11 04:25:00,32.2,32.27,32,32,2499
2026-05-11 04:30:00,31.8,31.8,31.8,31.8,860
2026-05-11 04:35:00,31.77,31.9,31.77,31.9,319
2026-05-11 04:40:00,32.24,32.24,32.24,32.24,298
2026-05-11 04:45:00,32.28,32.53,32.25,32.4,962
2026-05-11 04:50:00,32.6,32.65,32.55,32.65,2235
2026-05-11 04:55:00,32.65,32.84,32.65,32.66,10366
2026-05-11 05:00:00,32.66,32.84,32.66,32.84,1827
2026-05-11 05:05:00,32.99,32.99,32.66,32.73,3595
2026-05-11 05:10:00,32.66,32.9,32.66,32.9,2394
2026-05-11 05:15:00,33.01,33.02,32.92,33.01,879
2026-05-11 05:20:00,33.01,33.02,32.66,32.66,3086
2026-05-11 05:25:00,32.66,32.69,32.66,32.68,4304
2026-05-11 05:30:00,33.03,33.27,33.03,33.27,1208
2026-05-11 05:35:00,33.01,33.01,33,33,2661
2026-05-11 05:40:00,32.86,32.86,32.86,32.86,306
2026-05-11 05:45:00,32.88,32.94,32.72,32.78,14277
2026-05-11 05:50:00,32.75,32.76,32.72,32.72,2164
2026-05-11 05:55:00,32.71,32.72,32.68,32.68,8080
2026-05-11 06:00:00,32.87,33.02,32.87,33.02,16500
2026-05-11 06:05:00,33.05,33.05,32.81,32.95,8323
2026-05-11 06:10:00,32.92,32.92,32.6,32.6,1740
2026-05-11 06:15:00,32.6,32.62,32.5,32.5,5902
2026-05-11 06:20:00,32.45,32.76,32.45,32.76,5973
2026-05-11 06:25:00,32.67,32.67,32.66,32.67,1750
2026-05-11 06:35:00,32.6,32.6057,32.59,32.59,3553
2026-05-11 06:40:00,32.58,32.58,32.58,32.58,100
2026-05-11 06:45:00,32.42,32.42,32.42,32.42,950
2026-05-11 06:50:00,32.6,32.99,32.45,32.99,4144
2026-05-11 06:55:00,32.99,32.99,32.91,32.91,4119
2026-05-11 07:00:00,33,33.4,33,33.4,1751
2026-05-11 07:05:00,33.459,33.5,33.13,33.33,6794
2026-05-11 07:10:00,33.469,33.469,33.19,33.35,1885
2026-05-11 07:15:00,33.4,33.54,33.4,33.54,10437
2026-05-11 07:20:00,33.4466,33.7,33.4466,33.7,4152
2026-05-11 07:25:00,33.8,33.989,33.8,33.83,4732
2026-05-11 07:30:00,33.88,34.0282,33.63,33.68,29746
2026-05-11 07:35:00,33.68,33.7391,33.64,33.65,2831
2026-05-11 07:40:00,33.6,33.78,33.5,33.68,4079
2026-05-11 07:45:00,33.65,33.69,33.51,33.59,2248
2026-05-11 07:50:00,33.85,34.5,33.85,34.5,7981
2026-05-11 07:55:00,34.75,36.31,34.75,35.51,24045
2026-05-11 08:00:00,35.4,36.15,35.2,35.66,60455
2026-05-11 08:05:00,35.59,35.7797,35,35.23,31168
2026-05-11 08:10:00,35.3,35.3,35,35.21,7841
2026-05-11 08:15:00,35.26,35.309,34.99,34.99,3881
2026-05-11 08:20:00,34.95,35.11,34.9203,34.96,3273
2026-05-11 08:25:00,35.25,36.89,35.19,36.83,18645
2026-05-11 08:30:00,36.71,36.71,36.28,36.33,16964
2026-05-11 08:35:00,36.45,36.6,35.99,36,6994
2026-05-11 08:40:00,36.01,36.68,35.96,36.12,9300
2026-05-11 08:45:00,36.17,36.65,36,36.65,18582
2026-05-11 08:50:00,36.39,37.44,36.39,37.2,22076
2026-05-11 08:55:00,37.06,37.77,37.06,37.45,32745
2026-05-11 09:00:00,37.4,37.66,37.12,37.28,30913
2026-05-11 09:05:00,37.15,37.5,37.07,37.26,13100
2026-05-11 09:10:00,37.2,38.091,37.2,37.74,26117
2026-05-11 09:15:00,37.74,37.74,37.099,37.3,19694
2026-05-11 09:20:00,37.36,38.06,37,37.99,28772
2026-05-11 09:25:00,37.78,37.819,35.34,35.44,45713
2026-05-11 09:30:00,35.39,40,35.39,39.39,364556
2026-05-11 09:35:00,39.43,39.47,36.88,37.55,127660
2026-05-11 09:40:00,37.75,38.64,37.25,37.73,97024
2026-05-11 09:45:00,37.825,37.99,36.86,36.93,106870
2026-05-11 09:50:00,36.97,37.33,36.3,36.3101,76438
2026-05-11 09:55:00,36.36,36.39,35.36,35.445,91466
2026-05-11 10:00:00,35.4301,36.77,35.4301,36.62,102897
2026-05-11 10:05:00,36.88,37.32,36.58,37.21,99161
2026-05-11 10:10:00,37.2,38.19,37.19,37.86,169812
2026-05-11 10:15:00,37.86,38.75,37.74,38.72,59045
2026-05-11 10:20:00,38.65,39,38,38.11,31466
2026-05-11 10:25:00,38.11,38.11,36.36,36.36,45769
2026-05-11 10:30:00,36.39,37.43,36.34,37.3003,47011
2026-05-11 10:35:00,37.3,37.66,37.12,37.5,38740
2026-05-11 10:40:00,37.67,37.9,37.2,37.2,13145
2026-05-11 10:45:00,36.99,37.47,36.75,37.22,23019
2026-05-11 10:50:00,36.8,36.9499,36.4,36.4,75418
2026-05-11 10:55:00,36.36,36.4,35.95,36.06,79572
2026-05-11 11:00:00,36.075,36.545,36,36.49,15745
2026-05-11 11:05:00,36.6,36.71,36.25,36.54,9136
2026-05-11 11:10:00,36.54,36.84,36.54,36.65,32792
2026-05-11 11:15:00,36.57,36.7199,36.52,36.71,11500
2026-05-11 11:20:00,36.54,37.18,36.47,37.18,9469
2026-05-11 11:25:00,37.16,37.66,37.1,37.64,20409
2026-05-11 11:30:00,37.65,38.08,37.42,38.08,49124
2026-05-11 11:35:00,38.06,38.279,37.85,38.1,20726
2026-05-11 11:40:00,38.21,38.4996,38.17,38.335,14924
2026-05-11 11:45:00,38.3,38.45,38.145,38.3,12810
2026-05-11 11:50:00,38.205,38.33,37.47,37.59,18226
2026-05-11 11:55:00,37.69,38.13,37.69,38.12,14778
2026-05-11 12:00:00,38.13,38.14,37.74,37.88,14465
2026-05-11 12:05:00,38.05,38.1,37.86,37.95,19827
2026-05-11 12:10:00,37.77,37.8,37.39,37.605,7972
2026-05-11 12:15:00,37.57,37.61,37.35,37.47,3524
2026-05-11 12:20:00,37.39,37.39,36.25,36.42,207935
2026-05-11 12:25:00,36.4,36.5187,36.335,36.4,16351
2026-05-11 12:30:00,36.43,36.44,35.9402,36.1152,36395
2026-05-11 12:35:00,36,36,35.3656,35.475,38033
2026-05-11 12:40:00,35.38,35.5,35.23,35.5,21236
2026-05-11 12:45:00,35.5,36.18,35.48,36.175,233251
2026-05-11 12:50:00,36.23,36.32,35.76,36.06,19852
2026-05-11 12:55:00,36.085,36.36,36,36.36,9434
2026-05-11 13:00:00,36.38,36.48,35.96,36.409,15677
2026-05-11 13:05:00,36.42,36.5,36.18,36.5,8351
2026-05-11 13:10:00,36.509,36.58,36.11,36.24,9457
2026-05-11 13:15:00,36.29,36.61,36.1,36.6,16180
2026-05-11 13:20:00,36.53,36.92,36.53,36.92,10694
2026-05-11 13:25:00,36.92,37.3,36.8,37.28,16740
2026-05-11 13:30:00,37.4,37.48,37.24,37.31,170099
2026-05-11 13:35:00,37.175,37.18,36.92,37.05,15052
2026-05-11 13:40:00,37.01,37.1,37.01,37.06,6744
2026-05-11 13:45:00,36.95,36.95,36.76,36.8403,4061
2026-05-11 13:50:00,36.82,37.045,36.74,37.04,12529
2026-05-11 13:55:00,36.94,36.97,36.5,36.5,8755
2026-05-11 14:00:00,36.48,36.5799,36.28,36.42,5731
2026-05-11 14:05:00,36.715,36.93,36.5,36.56,3868
2026-05-11 14:10:00,36.53,36.685,36.48,36.48,5500
2026-05-11 14:15:00,36.58,36.6875,36.38,36.52,4937
2026-05-11 14:20:00,36.63,36.84,36.63,36.84,3867
2026-05-11 14:25:00,36.9,37,36.75,36.91,7851
2026-05-11 14:30:00,36.865,37.3,36.86,37.3,2620
2026-05-11 14:35:00,37.32,37.54,37.27,37.27,9591
2026-05-11 14:40:00,37.12,37.14,36.8,36.8,9150
2026-05-11 14:45:00,36.71,36.7303,36.351,36.5,4829
2026-05-11 14:50:00,36.47,36.84,36.47,36.84,1477
2026-05-11 14:55:00,36.78,36.85,36.35,36.44,5041
2026-05-11 15:00:00,36.445,36.63,36.41,36.43,17982
2026-05-11 15:05:00,36.38,36.9,36.36,36.9,3170
2026-05-11 15:10:00,36.83,37,36.75,36.75,5663
2026-05-11 15:15:00,36.71,36.7499,36.7,36.745,2823
2026-05-11 15:20:00,36.745,36.91,36.745,36.82,13835
2026-05-11 15:25:00,36.62,36.62,36.36,36.41,6915
2026-05-11 15:30:00,36.4,36.45,36.25,36.355,3424
2026-05-11 15:35:00,36.33,36.415,36.15,36.415,13070
2026-05-11 15:40:00,36.45,36.49,36.39,36.39,2464
2026-05-11 15:45:00,36.34,36.54,36.3,36.54,9136
2026-05-11 15:50:00,36.53,37.04,36.345,36.655,30803
2026-05-11 15:55:00,36.67,37.38,36.67,37.045,13819
2026-05-11 16:00:00,37.08,37.08,37.08,37.08,2059
2026-05-11 16:05:00,36.95,36.98,36.9,36.95,1538
2026-05-11 16:10:00,37.06,37.06,36.94,36.94,660
2026-05-11 16:15:00,36.72,36.72,36.72,36.72,159
2026-05-11 16:30:00,36.79,36.97,36.79,36.97,200
2026-05-11 16:35:00,36.81,36.98,36.81,36.98,600
2026-05-11 16:40:00,37,37,37,37,3706
2026-05-11 16:45:00,37,37,37,37,6555
2026-05-11 16:50:00,37,37,37,37,500
2026-05-11 16:55:00,36.97,36.97,36.97,36.97,100
2026-05-11 17:00:00,36.9718,36.9718,36.97,36.97,1140
2026-05-11 17:05:00,36.85,36.85,36.81,36.81,900
2026-05-11 17:10:00,36.85,36.95,36.71,36.71,2155
2026-05-11 17:20:00,36.78,36.78,36.78,36.78,608
2026-05-11 17:30:00,36.85,36.85,36.85,36.85,271
2026-05-11 17:35:00,36.86,36.9,36.86,36.9,300
2026-05-11 17:50:00,36.89,36.89,36.89,36.89,500
2026-05-11 17:55:00,36.83,36.83,36.83,36.83,148
2026-05-11 18:00:00,36.89,36.89,36.89,36.89,380
2026-05-11 18:05:00,36.95,36.95,36.92,36.92,294
2026-05-11 18:10:00,36.89,36.89,36.89,36.89,200
2026-05-11 18:15:00,37,37.11,37,37.11,450
2026-05-11 18:20:00,37.11,37.11,37.11,37.11,200
2026-05-11 18:25:00,37.11,37.28,37.11,37.28,1236
2026-05-11 18:30:00,37.3,37.5,37.28,37.5,7940
2026-05-11 18:35:00,37.5,37.81,37.5,37.759,3532
2026-05-11 18:40:00,37.61,37.646,37.61,37.646,300
2026-05-11 18:45:00,37.707,37.707,37.6,37.6,1674
2026-05-11 18:50:00,37.52,37.6,37.51,37.55,2167
2026-05-11 18:55:00,37.54,37.54,37.54,37.54,898
2026-05-11 19:00:00,37.5,37.5,37.5,37.5,590
2026-05-11 19:05:00,37.45,37.54,37.41,37.54,10108
2026-05-11 19:10:00,37.46,37.46,37.46,37.46,100
2026-05-11 19:15:00,37.41,37.41,37.16,37.27,1266
2026-05-11 19:30:00,37.42,37.42,37.42,37.42,2689
2026-05-11 19:40:00,37.42,37.52,37.35,37.52,11856
2026-05-11 19:50:00,37.6,37.6,37.6,37.6,180
2026-05-11 19:55:00,37.45,37.45,37.45,37.45,200
2026-05-12 04:00:00,34.05,35.69,33.9243,34.85,50896
2026-05-12 04:05:00,35,35.14,35,35.03,2150
2026-05-12 04:10:00,35.18,35.18,34.33,34.647,3337
2026-05-12 04:15:00,34.74,34.74,34.67,34.74,925
2026-05-12 04:20:00,35.18,35.21,35.18,35.21,1339
2026-05-12 04:25:00,35.6,35.6,35.6,35.6,200
2026-05-12 04:30:00,35.51,35.55,35.5,35.55,2040
2026-05-12 04:35:00,35.63,35.64,35.62,35.62,1050
2026-05-12 04:40:00,35.6971,35.75,35.69,35.69,1141
2026-05-12 04:45:00,35.57,35.57,35.57,35.57,163
2026-05-12 04:50:00,35.23,35.23,35.22,35.22,300
2026-05-12 04:55:00,35.48,35.48,35.48,35.48,558
2026-05-12 05:00:00,35.79,35.79,35.78,35.78,419
2026-05-12 05:05:00,35.61,35.9,35.6,35.6,3243
2026-05-12 05:15:00,35.25,35.6,35.25,35.6,276
2026-05-12 05:20:00,35.32,35.58,35.3,35.58,1958
2026-05-12 05:25:00,35.33,35.33,35.33,35.33,170
2026-05-12 05:30:00,35.74,35.74,35.63,35.64,14885
2026-05-12 05:35:00,35.64,35.73,35.64,35.64,2667
2026-05-12 05:40:00,35.51,35.51,35.35,35.35,741
2026-05-12 05:45:00,35.33,35.56,35.33,35.5,495
2026-05-12 05:50:00,35.34,35.34,35.3,35.3,629
2026-05-12 05:55:00,35.3,35.4,35.22,35.4,1441
2026-05-12 06:00:00,35.31,35.48,35.25,35.25,335
2026-05-12 06:05:00,35.46,35.46,35.15,35.21,3543
2026-05-12 06:10:00,35.25,35.48,35.25,35.28,1343
2026-05-12 06:20:00,35.28,35.28,35.2,35.2,315
2026-05-12 06:25:00,35.16,35.16,35.16,35.16,170
2026-05-12 06:35:00,35.2,35.2,35.05,35.14,3553
2026-05-12 06:40:00,35.05,35.15,35,35,1018
2026-05-12 06:45:00,35.02,35.02,34.98,35,911
2026-05-12 06:50:00,35,35,35,35,660
2026-05-12 06:55:00,35.3,35.3,35.3,35.3,108
2026-05-12 07:00:00,35.529,35.529,35.529,35.529,182
2026-05-12 07:05:00,35.1173,35.1173,34.93,34.95,7230
2026-05-12 07:10:00,34.93,34.93,34.67,34.8,750
2026-05-12 07:15:00,34.75,34.75,34.67,34.67,14836
2026-05-12 07:20:00,34.69,34.82,34.69,34.81,3228
2026-05-12 07:25:00,34.82,34.9,34.69,34.69,1998
2026-05-12 07:35:00,34.75,34.93,34.71,34.71,1000
2026-05-12 07:40:00,34.7215,34.7215,34.72,34.72,1700
2026-05-12 07:45:00,34.72,34.72,34.72,34.72,400
2026-05-12 07:50:00,34.72,34.72,34.72,34.72,9363
2026-05-12 07:55:00,34.75,34.8,34.67,34.8,13113
2026-05-12 08:00:00,34.78,34.78,34.41,34.41,70205
2026-05-12 08:05:00,34.31,34.31,34.01,34.02,31369
2026-05-12 08:10:00,34.19,34.5,34.19,34.5,17296
2026-05-12 08:15:00,34.4632,34.4632,34.04,34.04,3266
2026-05-12 08:20:00,34.17,34.17,34.07,34.07,900
2026-05-12 08:25:00,34.1291,34.42,34.1291,34.42,1193
2026-05-12 08:30:00,34.26,34.32,34.18,34.32,2139
2026-05-12 08:35:00,34.6318,35.08,34.62,35.08,5236
2026-05-12 08:40:00,35.35,35.35,34.7,34.7,4221
2026-05-12 08:45:00,34.88,35.18,34.7,35.118,18131
2026-05-12 08:50:00,34.94,34.94,34.72,34.76,490
2026-05-12 08:55:00,34.72,34.72,34.29,34.32,7135
2026-05-12 09:00:00,34.4,34.77,34.37,34.4,2706
2026-05-12 09:05:00,34.2568,34.31,34.05,34.05,2486
2026-05-12 09:10:00,34.07,34.15,34.06,34.15,2036
2026-05-12 09:15:00,34.25,34.25,33.8,33.8,9354
2026-05-12 09:20:00,33.79,33.79,33.21,33.24,5639
2026-05-12 09:25:00,33.27,34.719,33.27,34.41,20108
2026-05-12 09:30:00,34.6,34.6,32.33,32.485,87636
2026-05-12 09:35:00,32.3,33.5978,32.29,33.5978,50943
2026-05-12 09:40:00,33.6699,34.04,33.26,33.42,139688
2026-05-12 09:45:00,33.37,33.52,32.25,32.71,127331
2026-05-12 09:50:00,32.63,33,32.42,32.75,91707
2026-05-12 09:55:00,32.65,32.65,31.88,31.88,79646
2026-05-12 10:00:00,31.92,32.38,31.75,31.82,100994
2026-05-12 10:05:00,31.81,31.81,31.41,31.48,56394
2026-05-12 10:10:00,31.43,31.88,31.3,31.7314,19041
2026-05-12 10:15:00,31.73,31.78,30.94,31.74,138622
2026-05-12 10:20:00,31.75,31.8,30.9,30.91,48220
2026-05-12 10:25:00,30.94,30.94,30.12,30.16,118865
2026-05-12 10:30:00,30.2,30.32,29.88,30.2101,110279
2026-05-12 10:35:00,30.2875,30.5,29.95,30.39,85785
2026-05-12 10:40:00,30.39,30.51,29.811,29.87,84418
2026-05-12 10:45:00,29.84,29.9,29.56,29.58,91332
2026-05-12 10:50:00,29.53,29.72,29.2,29.63,94780
2026-05-12 10:55:00,29.68,29.685,29.16,29.16,92365
2026-05-12 11:00:00,29.18,29.29,28.8,29.135,92570
2026-05-12 11:05:00,29.11,29.2191,28.86,29.155,65232
2026-05-12 11:10:00,29.18,29.2299,28.79,28.79,94770
2026-05-12 11:15:00,28.77,29.015,28.66,28.775,84916
2026-05-12 11:20:00,28.755,28.835,28.39,28.43,72277
2026-05-12 11:25:00,28.46,28.55,27.99,28.04,80057
2026-05-12 11:30:00,28.055,28.31,28.005,28.285,93001
2026-05-12 11:35:00,28.24,28.49,28.08,28.32,74580
2026-05-12 11:40:00,28.24,28.31,27.84,27.915,160921
2026-05-12 11:45:00,27.91,28,27.595,27.835,72713
2026-05-12 11:50:00,27.795,27.85,27.45,27.47,63116
2026-05-12 11:55:00,27.45,27.4587,27.0711,27.1,102754
2026-05-12 12:00:00,27.13,27.62,27.03,27.4,37115
2026-05-12 12:05:00,27.36,27.53,27.09,27.09,20306
2026-05-12 12:10:00,27.05,27.48,26.9579,27.46,38703
2026-05-12 12:15:00,27.4694,27.4694,27.09,27.1,38290
2026-05-12 12:20:00,27.1,27.12,26.805,26.935,42560
2026-05-12 12:25:00,27.005,27.005,26.625,26.64,31649
2026-05-12 12:30:00,26.64,26.74,26.555,26.71,41650
2026-05-12 12:35:00,26.735,26.9,26.42,26.45,117484
2026-05-12 12:40:00,26.47,26.67,26.3213,26.5,191719
2026-05-12 12:45:00,26.44,26.5,26.05,26.145,49860
2026-05-12 12:50:00,26.175,26.34,25.97,26.07,72874
2026-05-12 12:55:00,26.11,26.14,25.85,25.87,38966
2026-05-12 13:00:00,26.16,26.83,26.16,26.72,86892
2026-05-12 13:05:00,26.8,26.949,26.44,26.44,57321
2026-05-12 13:10:00,26.64,26.83,26.32,26.83,12486
2026-05-12 13:15:00,26.855,27.34,26.79,27.26,241615
2026-05-12 13:20:00,27.26,27.55,27.1401,27.42,41722
2026-05-12 13:25:00,27.4,27.425,26.82,27.06,37000
2026-05-12 13:30:00,27.13,27.53,27.08,27.38,50366
2026-05-12 13:35:00,27.33,27.33,26.9,26.9,28117
2026-05-12 13:40:00,26.9314,26.96,26.7501,26.88,23140
2026-05-12 13:45:00,26.8381,27,26.8381,27,4200
2026-05-12 13:50:00,27.1,27.1,26.88,26.923,4729
2026-05-12 13:55:00,26.92,27.32,26.81,27.26,5745
2026-05-12 14:00:00,27.22,27.64,27.22,27.595,15920
2026-05-12 14:05:00,27.61,27.64,27.47,27.47,10711
2026-05-12 14:10:00,27.47,27.74,27.44,27.74,66980
2026-05-12 14:15:00,27.75,27.8905,27.6801,27.69,27552
2026-05-12 14:20:00,27.7,27.7,27.46,27.515,9194
2026-05-12 14:25:00,27.61,27.659,27.49,27.4955,7104
2026-05-12 14:30:00,27.52,27.66,27.46,27.5601,5883
2026-05-12 14:35:00,27.68,27.83,27.565,27.665,3600
2026-05-12 14:40:00,27.66,27.76,27.56,27.59,13670
2026-05-12 14:45:00,27.61,27.775,27.4442,27.76,7495
2026-05-12 14:50:00,27.7794,27.88,27.59,27.6312,15669
2026-05-12 14:55:00,27.66,27.83,27.6,27.68,7121
2026-05-12 15:00:00,27.67,27.77,27.54,27.75,3580
2026-05-12 15:05:00,27.75,27.899,27.7,27.7,12501
2026-05-12 15:10:00,27.71,28.26,27.69,28.199,15998
2026-05-12 15:15:00,28.2034,28.49,28.2034,28.44,25850
2026-05-12 15:20:00,28.43,28.5,27.96,27.99,22867
2026-05-12 15:25:00,28.08,28.08,27.97,27.99,4204
2026-05-12 15:30:00,28,28.13,27.94,28.01,31553
2026-05-12 15:35:00,28.09,28.33,28.03,28.285,16261
2026-05-12 15:40:00,28.3,28.5,28.23,28.35,37557
2026-05-12 15:45:00,28.28,28.53,28.13,28.41,25051
2026-05-12 15:50:00,28.44,28.76,28.4,28.71,16347
2026-05-12 15:55:00,28.56,28.595,28.31,28.5,33255
2026-05-12 16:00:00,28.53,28.72,28.44,28.63,19069
2026-05-12 16:05:00,28.4998,28.8999,28.4998,28.6,6161
2026-05-12 16:10:00,28.62,28.62,28.44,28.44,666
2026-05-12 16:15:00,28.4952,28.54,28.4952,28.53,2544
2026-05-12 16:20:00,28.5003,28.53,28.5,28.5,3257
2026-05-12 16:25:00,28.45,28.5,28.41,28.4103,4459
2026-05-12 16:30:00,28.42,28.58,28.42,28.58,760
2026-05-12 16:35:00,28.789,28.789,28.78,28.78,400
2026-05-12 16:40:00,28.8,28.8,28.709,28.71,1851
2026-05-12 16:45:00,28.68,28.68,28.6018,28.6018,200
2026-05-12 16:50:00,28.6,28.69,28.6,28.69,874
2026-05-12 16:55:00,28.69,28.69,28.6,28.6,1844
2026-05-12 17:00:00,28.6,28.65,28.6,28.64,3065
2026-05-12 17:05:00,28.65,28.65,28.6492,28.65,974
2026-05-12 17:10:00,28.65,28.65,28.63,28.64,2501
2026-05-12 17:15:00,28.611,28.611,28.61,28.61,243
2026-05-12 17:20:00,28.8,28.8,28.62,28.7371,772
2026-05-12 17:25:00,28.69,28.8,28.69,28.8,1050
2026-05-12 17:30:00,28.77,28.93,28.77,28.93,619
2026-05-12 17:35:00,28.95,28.96,28.95,28.95,2984
2026-05-12 17:40:00,28.86,28.96,28.86,28.9,699
2026-05-12 17:45:00,28.9,28.95,28.9,28.9,734
2026-05-12 17:50:00,28.96,29,28.96,29,2908
2026-05-12 17:55:00,29,29,28.999,29,2388
2026-05-12 18:00:00,28.96,29.1,28.96,29.1,1944
2026-05-12 18:10:00,28.98,29.05,28.95,29.05,1178
2026-05-12 18:15:00,29.03,29.06,29.03,29.05,790
2026-05-12 18:20:00,29.04,29.089,29,29.01,4647
2026-05-12 18:25:00,28.979,28.98,28.96,28.979,951
2026-05-12 18:30:00,28.98,29.0086,28.96,28.98,1371
2026-05-12 18:40:00,28.99,28.99,28.9,28.9,1726
2026-05-12 18:45:00,28.9,28.9,28.83,28.83,921
2026-05-12 18:50:00,28.8117,28.84,28.59,28.6,2838
2026-05-12 18:55:00,28.66,28.7492,28.66,28.74,988
2026-05-12 19:00:00,28.73,28.76,28.67,28.76,1512
2026-05-12 19:05:00,28.76,28.76,28.76,28.76,810
2026-05-12 19:10:00,28.8336,28.8336,28.8336,28.8336,100
2026-05-12 19:15:00,28.7795,28.78,28.72,28.7635,2100
2026-05-12 19:20:00,28.77,28.77,28.72,28.77,3460
2026-05-12 19:25:00,28.7219,28.82,28.68,28.68,1570
2026-05-12 19:30:00,28.65,28.7099,28.3,28.34,7285
2026-05-12 19:35:00,28.4,28.4,28.3,28.3,363
2026-05-12 19:40:00,28,28.1,27.96,27.96,14597
2026-05-12 19:45:00,27.96,28.3253,27.9,28.3,64997
2026-05-12 19:50:00,28.0286,28.1,27.9,27.9004,5769
2026-05-12 19:55:00,27.9,28.1,27.81,28.0461,3976
2026-05-13 04:00:00,29.69,30.97,29.38,30.24,252569
2026-05-13 04:05:00,30.45,30.7261,30,30.72,31924
2026-05-13 04:10:00,30.7,30.9,30.64,30.83,15645
2026-05-13 04:15:00,30.84,30.9,30.74,30.9,7432
2026-05-13 04:20:00,30.95,31,30.79,30.79,24752
2026-05-13 04:25:00,30.73,30.93,30.73,30.93,2206
2026-05-13 04:30:00,30.98,31,30.96,30.96,18787
2026-05-13 04:35:00,30.98,31.45,30.91,31.29,46886
2026-05-13 04:40:00,31.49,31.88,31.49,31.67,13880
2026-05-13 04:45:00,31.67,31.8685,31.67,31.67,8080
2026-05-13 04:50:00,31.69,31.7,31.49,31.54,10265
2026-05-13 04:55:00,31.33,31.5,31.3,31.5,3384
2026-05-13 05:00:00,31.45,31.45,31.2,31.2,7887
2026-05-13 05:05:00,31.23,31.26,31.1326,31.2,5974
2026-05-13 05:10:00,31.2,31.2,31.1,31.17,7524
2026-05-13 05:15:00,31.38,31.38,31.34,31.3738,567
2026-05-13 05:20:00,31.16,31.42,31.1,31.3,8710
2026-05-13 05:35:00,31.45,31.55,31.45,31.46,2324
2026-05-13 05:40:00,31.32,31.46,31.32,31.46,706
2026-05-13 05:45:00,31.419,31.61,31.38,31.56,3914
2026-05-13 05:50:00,31.56,31.56,31.27,31.27,7841
2026-05-13 05:55:00,31.24,31.29,31.24,31.26,1578
2026-05-13 06:00:00,31.2547,31.29,31.25,31.29,3490
2026-05-13 06:05:00,31.2,31.28,31.2,31.28,200
2026-05-13 06:10:00,31.2474,31.2474,31.21,31.21,367
2026-05-13 06:15:00,31.35,31.35,31.34,31.35,1167
2026-05-13 06:20:00,31.31,31.31,31.18,31.18,844
2026-05-13 06:25:00,31.18,31.18,31.18,31.18,200
2026-05-13 06:30:00,31.18,31.18,30.998,30.998,5947
2026-05-13 06:35:00,30.85,30.98,30.85,30.97,3232
2026-05-13 06:40:00,30.89,30.92,30.71,30.71,4371
2026-05-13 06:45:00,30.7,30.81,30.64,30.7,2584
2026-05-13 06:50:00,30.68,30.89,30.61,30.89,1791
2026-05-13 06:55:00,30.88,30.88,30.81,30.88,8010
2026-05-13 07:00:00,30.82,30.87,30.56,30.749,9074
2026-05-13 07:05:00,30.7136,30.75,30.58,30.75,5649
2026-05-13 07:10:00,30.7679,31.0144,30.71,31.0144,3671
2026-05-13 07:15:00,31,31,30.875,30.875,12394
2026-05-13 07:20:00,30.85,30.9,30.7,30.7,4040
2026-05-13 07:25:00,30.71,30.799,30.55,30.57,4721
2026-05-13 07:30:00,30.56,30.8439,30.4,30.76,9915
2026-05-13 07:35:00,30.79,30.809,30.7,30.7,4429
2026-05-13 07:40:00,30.6091,30.85,30.6091,30.76,6349
2026-05-13 07:45:00,30.8,30.8,30.6,30.779,2736
2026-05-13 07:50:00,30.72,30.8,30.6861,30.8,3332
2026-05-13 07:55:00,31,31,30.91,30.91,3210
2026-05-13 08:00:00,31.08,31.35,31.08,31.35,1297
2026-05-13 08:05:00,31.41,31.41,31.21,31.22,13066
2026-05-13 08:10:00,31.16,31.41,31.16,31.41,2566
2026-05-13 08:15:00,31.5,31.5,31.41,31.41,7518
2026-05-13 08:20:00,31.4,31.4,31.12,31.1462,11918
2026-05-13 08:25:00,31.2,31.25,31.19,31.2,2525
2026-05-13 08:30:00,31.2,31.2,30.65,30.8,31504
2026-05-13 08:35:00,30.8,30.8,30.2,30.2,18798
2026-05-13 08:40:00,30.2,30.4862,30.06,30.35,10226
2026-05-13 08:45:00,30.4616,30.77,30.44,30.5,3708
2026-05-13 08:50:00,30.5,30.6,30.2,30.2042,4666
2026-05-13 08:55:00,30.2,30.5,30.1,30.4,31522
2026-05-13 09:00:00,30.5,30.9152,30.48,30.78,29905
2026-05-13 09:05:00,30.71,30.98,30.671,30.8781,13086
2026-05-13 09:10:00,30.71,30.84,30.65,30.75,21193
2026-05-13 09:15:00,30.82,30.82,30.69,30.69,7457
2026-05-13 09:20:00,30.69,30.79,30.65,30.77,8977
2026-05-13 09:25:00,30.7,30.7,30.21,30.3,11592
2026-05-13 09:30:00,30.11,30.9,28.65,29.5,227372
2026-05-13 09:35:00,29.42,29.79,28.98,29.42,191452
2026-05-13 09:40:00,29.32,30.199,29.16,29.2499,46786
2026-05-13 09:45:00,29.12,29.12,27.78,28.22,106657
2026-05-13 09:50:00,28.249,28.549,27.83,28.549,230986
2026-05-13 09:55:00,28.5483,28.6,27.78,27.9,77357
2026-05-13 10:00:00,27.93,28.3,27.84,28.02,78909
2026-05-13 10:05:00,27.94,28.01,27.62,28.01,63788
2026-05-13 10:10:00,28.075,28.67,28.05,28.6457,152392
2026-05-13 10:15:00,28.64,28.71,28.23,28.6299,106235
2026-05-13 10:20:00,28.65,29.09,28.47,28.92,48146
2026-05-13 10:25:00,28.88,29.17,28.87,28.975,59366
2026-05-13 10:30:00,28.9,29.41,28.82,29.07,72638
2026-05-13 10:35:00,29.09,29.36,29.07,29.25,33122
2026-05-13 10:40:00,29.37,29.5,29.165,29.43,236669
2026-05-13 10:45:00,29.5,29.85,29.4188,29.5085,41879
2026-05-13 10:50:00,29.5,29.88,29.3006,29.65,42311
2026-05-13 10:55:00,29.66,29.95,29.58,29.86,47697
2026-05-13 11:00:00,29.83,30.1999,29.83,30.09,21196
2026-05-13 11:05:00,30.1,30.1,29.64,29.74,30259
2026-05-13 11:10:00,29.725,29.76,29.3,29.49,34081
2026-05-13 11:15:00,29.47,29.5588,29.351,29.5,35043
2026-05-13 11:20:00,29.54,29.93,29.54,29.795,65063
2026-05-13 11:25:00,29.8,29.8,29.3812,29.5,26277
2026-05-13 11:30:00,29.461,29.5,29.3,29.3,4473
2026-05-13 11:35:00,29.36,29.513,29.2,29.29,36633
2026-05-13 11:40:00,29.32,29.555,29.23,29.555,18432
2026-05-13 11:45:00,29.56,29.925,29.4516,29.8,15336
2026-05-13 11:50:00,29.76,29.79,29.5,29.5,14534
2026-05-13 11:55:00,29.5,29.5,29.18,29.18,11481
2026-05-13 12:00:00,29.12,29.51,29.1101,29.495,16838
2026-05-13 12:05:00,29.38,29.64,29.31,29.64,6583
2026-05-13 12:10:00,29.58,29.7,29.56,29.5899,17055
2026-05-13 12:15:00,29.56,29.705,29.46,29.705,29995
2026-05-13 12:20:00,29.6,29.84,29.57,29.84,20437
2026-05-13 12:25:00,29.9,29.95,29.835,29.905,3446
2026-05-13 12:30:00,30,30.14,29.91,30.07,14602
2026-05-13 12:35:00,30.1099,30.29,30.1099,30.225,24633
2026-05-13 12:40:00,30.2,30.4,30.09,30.35,28498
2026-05-13 12:45:00,30.35,30.43,30.27,30.36,7291
2026-05-13 12:50:00,30.335,30.4288,30.2,30.2,6527
2026-05-13 12:55:00,30.31,30.31,30.1,30.11,6356
2026-05-13 13:00:00,30.23,30.75,30.1872,30.58,37843
2026-05-13 13:05:00,30.535,30.67,30.37,30.37,20385
2026-05-13 13:10:00,30.358,30.62,30.31,30.5,30187
2026-05-13 13:15:00,30.53,30.5399,30.47,30.5399,4538
2026-05-13 13:20:00,30.54,30.56,30.46,30.46,8101
2026-05-13 13:25:00,30.42,30.62,30.42,30.62,3292
2026-05-13 13:30:00,30.63,30.64,30.49,30.49,9210
2026-05-13 13:35:00,30.58,30.62,30.48,30.48,3922
2026-05-13 13:40:00,30.4,30.4699,30.34,30.4699,3777
2026-05-13 13:45:00,30.345,30.349,30.07,30.07,3595
2026-05-13 13:50:00,30.06,30.25,30.06,30.12,6273
2026-05-13 13:55:00,30.09,30.13,29.921,29.921,8736
2026-05-13 14:00:00,29.94,30.02,29.85,29.925,4655
2026-05-13 14:05:00,29.82,29.8444,29.7101,29.7101,8476
2026-05-13 14:10:00,29.71,29.81,29.65,29.66,31809
2026-05-13 14:15:00,29.71,29.71,29.62,29.64,30116
2026-05-13 14:20:00,29.695,29.88,29.695,29.7,7433
2026-05-13 14:25:00,29.715,29.83,29.71,29.81,1527
2026-05-13 14:30:00,29.72,29.75,29.61,29.61,4039
2026-05-13 14:35:00,29.6799,29.6799,29.56,29.64,2948
2026-05-13 14:40:00,29.705,29.705,29.45,29.45,5475
2026-05-13 14:45:00,29.4655,29.505,29.38,29.47,20133
2026-05-13 14:50:00,29.39,29.39,29.22,29.2682,13942
2026-05-13 14:55:00,29.26,29.26,28.95,28.95,18069
2026-05-13 15:00:00,29,29.095,28.93,29.071,5608
2026-05-13 15:05:00,29.058,29.425,29.058,29.37,4390
2026-05-13 15:10:00,29.38,29.38,29.3,29.3145,2968
2026-05-13 15:15:00,29.37,29.7,29.37,29.6599,621
2026-05-13 15:20:00,29.56,29.56,29.38,29.38,15217
2026-05-13 15:25:00,29.4,29.5,29.3801,29.3801,9103
2026-05-13 15:30:00,29.445,29.445,29.04,29.045,11272
2026-05-13 15:35:00,29.08,29.09,28.97,29.0299,22359
2026-05-13 15:40:00,29.03,29.26,29.01,29.235,4050
2026-05-13 15:45:00,29.28,29.49,29.26,29.34,9587
2026-05-13 15:50:00,29.25,29.31,29.04,29.25,28902
2026-05-13 15:55:00,29.27,29.34,29.25,29.3,5927
2026-05-13 16:00:00,29.3,29.3,29.3,29.3,1216
2026-05-13 16:10:00,29.21,29.21,29.21,29.21,100
2026-05-13 16:15:00,29.23,29.23,29.23,29.23,490
2026-05-13 16:20:00,29.1,29.25,29.1,29.25,990
2026-05-13 16:25:00,29.21,29.4325,29.2,29.4325,1409
2026-05-13 16:30:00,29.2,29.2,29.2,29.2,804
2026-05-13 16:40:00,29.31,29.31,29.3,29.3,365
2026-05-13 16:50:00,29.35,29.35,29.35,29.35,390
2026-05-13 16:55:00,29.32,29.32,29.29,29.31,1753
2026-05-13 17:05:00,29.22,29.22,29.22,29.22,100
2026-05-13 17:10:00,29.2688,29.3,29.2688,29.3,449
2026-05-13 17:20:00,29.29,29.29,29.29,29.29,500
2026-05-13 17:45:00,29.37,29.37,29.36,29.36,550
2026-05-13 17:50:00,29.36,29.36,29.36,29.36,337
2026-05-13 17:55:00,29.27,29.28,29.27,29.28,704
2026-05-13 18:00:00,29.25,29.28,29.2,29.28,1353
2026-05-13 18:05:00,29.27,29.27,29.27,29.27,200
2026-05-13 18:10:00,29.22,29.22,29.21,29.22,520
2026-05-13 18:15:00,29.2,29.2,29.2,29.2,239
2026-05-13 18:25:00,29.24,29.24,29.23,29.239,1926
2026-05-13 18:30:00,29.2302,29.2303,29.2302,29.2303,420
2026-05-13 18:35:00,29.2955,29.3,29.2517,29.2517,1648
2026-05-13 18:40:00,29.2517,29.28,29.2517,29.28,300
2026-05-13 18:45:00,29.28,29.3,29.28,29.3,2588
2026-05-13 18:50:00,29.44,29.44,29.44,29.44,100
2026-05-13 18:55:00,29.44,29.5,29.43,29.5,4036
2026-05-13 19:00:00,29.49,29.49,29.49,29.49,547
2026-05-13 19:05:00,29.45,29.5,29.45,29.5,2944
2026-05-13 19:10:00,29.89,29.9,29.88,29.9,1581
2026-05-13 19:15:00,29.89,29.89,29.74,29.74,908
2026-05-13 19:20:00,29.86,29.86,29.66,29.66,422
2026-05-13 19:25:00,29.66,29.75,29.65,29.65,2417
2026-05-13 19:30:00,29.65,29.81,29.65,29.7805,2543
2026-05-13 19:35:00,29.66,29.77,29.65,29.77,2943
2026-05-13 19:40:00,29.68,29.76,29.68,29.76,2609
2026-05-13 19:45:00,29.77,29.87,29.77,29.81,2548
2026-05-13 19:50:00,29.7654,29.7665,29.76,29.76,505
2026-05-13 19:55:00,29.83,29.9,29.8,29.899,2636
2026-05-14 04:00:00,29.3,29.54,28.89,29.05,69696
2026-05-14 04:05:00,28.7909,29,28.76,29,1429
2026-05-14 04:10:00,29.02,29.02,28.99,29,776
2026-05-14 04:15:00,29.24,29.24,29.18,29.18,950
2026-05-14 04:20:00,29.01,29.12,29.01,29.1,550
2026-05-14 04:25:00,29.0409,29.0409,28.98,28.98,2048
2026-05-14 04:30:00,28.82,29.01,28.81,28.85,4102
2026-05-14 04:35:00,28.84,28.85,28.63,28.63,1501
2026-05-14 04:40:00,28.59,28.59,28.13,28.17,6924
2026-05-14 04:45:00,28.18,28.18,27.76,27.9845,9174
2026-05-14 04:50:00,27.85,27.98,27.7055,27.74,12601
2026-05-14 04:55:00,27.9,27.91,27.71,27.71,13480
2026-05-14 05:00:00,27.88,28,27.88,28,427
2026-05-14 05:05:00,27.95,27.95,27.55,27.6,3089
2026-05-14 05:10:00,27.6,27.7,27.5,27.57,17459
2026-05-14 05:15:00,27.6,27.6,27.5,27.5,2899
2026-05-14 05:20:00,27.5,27.55,27.3,27.34,3379
2026-05-14 05:25:00,27.3,27.4,27.29,27.3,8770
2026-05-14 05:30:00,27.2953,27.4,27.27,27.35,5650
2026-05-14 05:35:00,27.27,27.27,26.87,26.9652,24309
2026-05-14 05:40:00,26.97,27.19,26.97,27.04,2914
2026-05-14 05:45:00,27.09,27.49,27.08,27.49,1216
2026-05-14 05:50:00,27.35,27.35,27.3,27.3,234
2026-05-14 05:55:00,27.2,27.2,27.08,27.2,737
2026-05-14 06:00:00,27.47,27.5,27.39,27.5,3464
2026-05-14 06:05:00,27.59,27.66,27.59,27.66,2752
2026-05-14 06:10:00,27.6,27.66,27.3,27.35,2673
2026-05-14 06:15:00,27.27,27.35,27.27,27.28,950
2026-05-14 06:20:00,27.32,27.33,25.98,26.25,24309
2026-05-14 06:25:00,26.2031,26.75,26.2,26.75,7980
2026-05-14 06:30:00,26.66,26.88,26.6,26.7,5346
2026-05-14 06:35:00,26.71,26.9,26.71,26.9,2080
2026-05-14 06:40:00,26.9,26.9,26.7,26.72,982
2026-05-14 06:45:00,26.77,26.79,26.7,26.7,1989
2026-05-14 06:50:00,26.77,26.95,26.77,26.95,852
2026-05-14 06:55:00,26.98,26.98,26.98,26.98,300
2026-05-14 07:00:00,27.09,27.37,26.95,27.15,2551
2026-05-14 07:05:00,27.2,27.49,27.16,27.253,5727
2026-05-14 07:10:00,27.45,27.5,27.38,27.38,1382
2026-05-14 07:15:00,27.32,27.48,27.2742,27.45,4944
2026-05-14 07:20:00,27.39,27.39,27.19,27.2,1987
2026-05-14 07:25:00,27.2,27.39,27.17,27.17,6289
2026-05-14 07:30:00,27.34,27.41,27.3,27.37,627
2026-05-14 07:35:00,27.44,27.44,27.38,27.39,848
2026-05-14 07:40:00,27.37,27.44,27.37,27.44,11049
2026-05-14 07:45:00,27.48,27.48,27.4216,27.4216,400
2026-05-14 07:50:00,27.3,27.3,27.3,27.3,455
2026-05-14 07:55:00,27.4,27.57,27.4,27.53,4521
2026-05-14 08:00:00,27.53,27.53,27.39,27.44,4188
2026-05-14 08:05:00,27.39,27.45,27.32,27.3547,2282
2026-05-14 08:10:00,27.5,27.84,27.5,27.7255,5882
2026-05-14 08:15:00,27.94,27.94,27.85,27.85,1300
2026-05-14 08:20:00,27.9388,27.94,27.7812,27.8,11608
2026-05-14 08:25:00,27.85,27.88,27.76,27.88,1676
2026-05-14 08:30:00,27.69,27.69,27.69,27.69,332
2026-05-14 08:35:00,27.51,27.51,27.33,27.35,9208
2026-05-14 08:40:00,27.6234,27.6234,27.46,27.5,379
2026-05-14 08:45:00,27.51,27.6522,27.45,27.6522,4505
2026-05-14 08:50:00,27.55,27.55,27.4,27.4,1562
2026-05-14 08:55:00,27.35,27.55,27.35,27.55,8080
2026-05-14 09:00:00,27.48,27.55,27.36,27.55,1771
2026-05-14 09:05:00,27.5155,27.5155,27.45,27.45,3845
2026-05-14 09:10:00,27.5,27.51,27.41,27.51,2586
2026-05-14 09:15:00,27.65,27.6945,27.54,27.54,6327
2026-05-14 09:20:00,27.54,27.63,27.53,27.6,1800
2026-05-14 09:25:00,27.53,27.97,27.5,27.97,16018
2026-05-14 09:30:00,27.95,28.19,25.99,26.2799,73451
2026-05-14 09:35:00,26.28,27.7888,26.25,27.565,138414
2026-05-14 09:40:00,27.53,28.025,27.53,27.955,35285
2026-05-14 09:45:00,27.9,28,27.22,27.56,263237
2026-05-14 09:50:00,27.6582,27.73,26.74,26.74,42312
2026-05-14 09:55:00,26.74,27,26.58,26.5825,34752
2026-05-14 10:00:00,26.53,27.03,26.53,26.66,103251
2026-05-14 10:05:00,26.69,26.9298,26.1201,26.151,48947
2026-05-14 10:10:00,26.15,26.7788,26.15,26.66,15377
2026-05-14 10:15:00,26.7,26.8,26.2198,26.24,45498
2026-05-14 10:20:00,26.2,26.62,26.16,26.6,11467
2026-05-14 10:25:00,26.55,26.9,26.52,26.53,42224
2026-05-14 10:30:00,26.5035,26.69,26.5,26.6,11039
2026-05-14 10:35:00,26.69,26.99,26.66,26.945,10775
2026-05-14 10:40:00,26.89,26.9898,26.71,26.71,13052
2026-05-14 10:45:00,26.76,26.76,26.54,26.63,8186
2026-05-14 10:50:00,26.63,26.83,26.63,26.63,7433
2026-05-14 10:55:00,26.68,26.7201,26.4379,26.5,14052
2026-05-14 11:00:00,26.48,26.66,26.43,26.45,10934
2026-05-14 11:05:00,26.43,26.62,26.4,26.58,12384
2026-05-14 11:10:00,26.64,26.7,26.5,26.51,3255
2026-05-14 11:15:00,26.51,26.75,26.5,26.6,34815
2026-05-14 11:20:00,26.6,26.62,26.406,26.47,13725
2026-05-14 11:25:00,26.45,26.63,26.4,26.6198,179150
2026-05-14 11:30:00,26.64,26.68,26.28,26.34,34165
2026-05-14 11:35:00,26.31,26.6,26.301,26.5,42349
2026-05-14 11:40:00,26.52,26.68,26.4753,26.68,80452
2026-05-14 11:45:00,26.67,26.67,26.15,26.18,29500
2026-05-14 11:50:00,26.15,26.339,26.03,26.275,55590
2026-05-14 11:55:00,26.28,26.32,26.15,26.15,14105
2026-05-14 12:00:00,26.2,26.3,26.1,26.1401,16874
2026-05-14 12:05:00,26.15,26.3,26.07,26.26,49172
2026-05-14 12:10:00,26.28,26.49,26.2619,26.44,40951
2026-05-14 12:15:00,26.41,26.74,26.41,26.6795,12311
2026-05-14 12:20:00,26.68,26.85,26.68,26.8,14446
2026-05-14 12:25:00,26.81,26.8837,26.75,26.8,12323
2026-05-14 12:30:00,26.855,26.98,26.74,26.88,11866
2026-05-14 12:35:00,26.821,26.95,26.821,26.92,9347
2026-05-14 12:40:00,26.92,27,26.82,26.82,8523
2026-05-14 12:45:00,26.8429,26.8429,26.5,26.55,10009
2026-05-14 12:50:00,26.51,26.51,26.3299,26.42,4515
2026-05-14 12:55:00,26.42,26.5,26.24,26.44,27896
2026-05-14 13:00:00,26.366,26.3999,26.3,26.3,7623
2026-05-14 13:05:00,26.25,26.259,26.04,26.05,26904
2026-05-14 13:10:00,26.0703,26.24,25.9,26.13,30989
2026-05-14 13:15:00,26.13,26.13,25.78,25.78,20211
2026-05-14 13:20:00,25.7371,26.08,25.7301,25.79,12627
2026-05-14 13:25:00,25.742,25.742,25.57,25.64,17803
2026-05-14 13:30:00,25.67,25.8599,25.67,25.785,3179
2026-05-14 13:35:00,25.82,25.9593,25.77,25.77,181383
2026-05-14 13:40:00,25.8313,26.0499,25.82,26,7575
2026-05-14 13:45:00,26.05,26.08,25.8,25.85,5647
2026-05-14 13:50:00,25.85,25.9,25.81,25.9,1338
2026-05-14 13:55:00,26.08,26.22,26.06,26.12,7090
2026-05-14 14:00:00,26.1,26.1,25.76,25.785,3122
2026-05-14 14:05:00,25.85,25.85,25.8,25.83,1397
2026-05-14 14:10:00,25.84,26.08,25.84,26.035,3800
2026-05-14 14:15:00,26,26.15,25.971,26.12,3133
2026-05-14 14:20:00,26.18,26.3,26.09,26.09,3650
2026-05-14 14:25:00,26.089,26.32,26.07,26.32,6474
2026-05-14 14:30:00,26.42,26.43,26.17,26.17,700
2026-05-14 14:35:00,26.0704,26.091,26.0704,26.09,2147
2026-05-14 14:40:00,26,26,25.95,25.95,255
2026-05-14 14:45:00,26.005,26.245,26,26.245,700
2026-05-14 14:50:00,26.3,26.4,26.3,26.4,4292
2026-05-14 14:55:00,26.35,26.35,26.12,26.22,3420
2026-05-14 15:00:00,26.23,26.23,26.08,26.08,4822
2026-05-14 15:05:00,26.1,26.12,26.09,26.0971,1302
2026-05-14 15:10:00,26.06,26.115,26.05,26.06,2851
2026-05-14 15:15:00,26.1,26.125,26.09,26.09,2464
2026-05-14 15:20:00,26.09,26.125,26.05,26.05,1095
2026-05-14 15:25:00,26,26,25.86,25.866,2286
2026-05-14 15:30:00,25.91,25.96,25.88,25.96,1064
2026-05-14 15:35:00,26,26.1,26,26.1,1850
2026-05-14 15:40:00,26.08,26.09,25.95,26.01,4564
2026-05-14 15:45:00,26.0349,26.2293,25.97,26.21,1695
2026-05-14 15:50:00,26.2,26.2,25.8,25.88,21553
2026-05-14 15:55:00,25.775,25.775,25.604,25.64,12212
2026-05-14 16:00:00,25.71,25.7897,25.71,25.789,1580
2026-05-14 16:05:00,25.71,25.71,25.66,25.66,2200
2026-05-14 16:15:00,25.65,25.65,25.6,25.6,2426
2026-05-14 16:20:00,25.64,25.65,25.52,25.52,999
2026-05-14 16:25:00,25.67,25.67,25.5,25.6,1960
2026-05-14 16:30:00,25.53,25.53,25.51,25.51,2702
2026-05-14 16:35:00,25.49,25.5,25.423,25.423,1809
2026-05-14 16:40:00,25.4,25.48,25.4,25.48,4962
2026-05-14 16:50:00,25.45,25.55,25.45,25.55,1100
2026-05-14 16:55:00,25.65,25.65,25.65,25.65,100
2026-05-14 17:00:00,25.58,25.58,25.58,25.58,100
2026-05-14 17:05:00,25.56,25.56,25.56,25.56,268
2026-05-14 17:10:00,25.55,25.55,25.55,25.55,100
2026-05-14 17:25:00,25.59,25.6798,25.59,25.6704,500
2026-05-14 17:30:00,25.55,25.89,25.55,25.89,496
2026-05-14 17:35:00,25.8,25.88,25.71,25.86,896
2026-05-14 17:40:00,25.81,25.81,25.55,25.55,1807
2026-05-14 17:45:00,25.8,25.81,25.8,25.81,1137
2026-05-14 17:50:00,25.75,25.75,25.75,25.75,500
2026-05-14 17:55:00,25.7,25.79,25.7,25.79,2066
2026-05-14 18:00:00,25.76,25.79,25.71,25.79,1284
2026-05-14 18:05:00,25.72,25.9,25.72,25.9,811
2026-05-14 18:10:00,25.751,25.92,25.751,25.9,533
2026-05-14 18:15:00,25.76,25.76,25.76,25.76,779
2026-05-14 18:20:00,25.85,25.89,25.849,25.89,2180
2026-05-14 18:25:00,25.8895,25.8895,25.75,25.75,922
2026-05-14 18:30:00,25.83,25.84,25.83,25.84,600
2026-05-14 18:35:00,25.92,27.09,25.92,27.0347,6243
2026-05-14 18:40:00,27.18,27.48,27.18,27.4691,14548
2026-05-14 18:45:00,27.4336,27.8,27.18,27.3,23988
2026-05-14 18:50:00,27.3,27.79,26.91,27.79,20954
2026-05-14 18:55:00,27.74,27.9,27.46,27.6,8301
2026-05-14 19:00:00,27.7233,27.7233,27.5,27.5991,767
2026-05-14 19:05:00,27.46,27.46,27.2,27.2,752
2026-05-14 19:10:00,27.26,27.52,27.26,27.52,2194
2026-05-14 19:15:00,27.301,27.4,27.301,27.4,1343
2026-05-14 19:20:00,27.2996,27.3,27.2,27.3,2949
2026-05-14 19:25:00,27.21,27.28,27.21,27.28,2000
2026-05-14 19:30:00,27.33,27.33,27.2017,27.23,603
2026-05-14 19:35:00,27.2,27.2,27.0325,27.14,1737
2026-05-14 19:40:00,27.03,27.03,27.03,27.03,133
2026-05-14 19:45:00,27.04,27.15,27.04,27.15,2453
2026-05-14 19:50:00,27.1412,27.2986,27.1,27.1205,2265
2026-05-14 19:55:00,27.16,27.25,27.08,27.08,1642
2026-05-15 04:00:00,26.35,26.87,24.6,25.4079,120544
2026-05-15 04:05:00,25.64,25.7737,25.5,25.7737,2059
2026-05-15 04:10:00,25.74,25.77,25.69,25.69,1870
2026-05-15 04:15:00,25.69,25.69,25.38,25.43,3692
2026-05-15 04:20:00,25.45,26,25.45,25.98,5898
2026-05-15 04:25:00,25.98,25.98,25.97,25.97,657
2026-05-15 04:30:00,25.3,25.56,25.3,25.56,1650
2026-05-15 04:35:00,25.6151,25.9,25.6151,25.9,1055
2026-05-15 04:40:00,26,26.22,25.9,26.22,12499
2026-05-15 04:45:00,26.28,26.31,26.28,26.31,6005
2026-05-15 04:50:00,26.2,26.2,26.2,26.2,602
2026-05-15 04:55:00,26,26.1848,26,26.11,634
2026-05-15 05:00:00,26,26.1,26,26.1,500
2026-05-15 05:05:00,26.17,26.17,26.17,26.17,500
2026-05-15 05:10:00,26.07,26.07,25.75,25.75,1364
2026-05-15 05:15:00,25.6,25.6,25.6,25.6,218
2026-05-15 05:20:00,25.6,25.6,25.58,25.58,398
2026-05-15 05:25:00,25.8,26.1,25.8,26.1,12335
2026-05-15 05:30:00,26.1,26.1,26.1,26.1,104
2026-05-15 05:35:00,26.09,26.09,26,26,300
2026-05-15 05:40:00,26,26.07,25.79,25.79,1223
2026-05-15 05:45:00,25.62,25.62,25.62,25.62,100
2026-05-15 05:50:00,25.5,25.5,25.4,25.41,1832
2026-05-15 05:55:00,25.59,25.78,25.59,25.66,5997
2026-05-15 06:00:00,25.4,25.46,25.4,25.4,2102
2026-05-15 06:10:00,26,26.3,26,26.3,6539
2026-05-15 06:15:00,26.2,26.27,26.2,26.2,3815
2026-05-15 06:20:00,26.2,26.5,26.18,26.5,7185
2026-05-15 06:25:00,26.6,26.87,26.6,26.65,26317
2026-05-15 06:30:00,26.35,26.59,26.2,26.2,6822
2026-05-15 06:35:00,26.3,26.3,26.2,26.2,900
2026-05-15 06:50:00,26.35,26.57,26.35,26.46,2435
2026-05-15 06:55:00,26.44,26.44,26.21,26.21,1118
2026-05-15 07:00:00,26.28,26.29,26.0364,26.2,7723
2026-05-15 07:05:00,26.45,26.45,26.3,26.3,500
2026-05-15 07:10:00,26.29,26.29,26.29,26.29,1174
2026-05-15 07:15:00,26.34,26.34,26.17,26.17,4892
2026-05-15 07:20:00,26.11,26.15,26.1,26.1,1867
2026-05-15 07:25:00,25.94,25.94,25.94,25.94,125
2026-05-15 07:30:00,26.02,26.02,25.97,25.97,202
2026-05-15 07:35:00,25.901,25.91,25.9,25.91,851
2026-05-15 07:40:00,25.91,25.91,25.91,25.91,200
2026-05-15 07:45:00,25.93,26,25.93,26,1910
2026-05-15 07:50:00,26,26,25.92,25.92,408
2026-05-15 07:55:00,26.0332,26.0332,25.75,25.75,3300
2026-05-15 08:00:00,25.7,25.7,25.6,25.6,1402
2026-05-15 08:05:00,25.6051,25.659,25.5,25.5,2285
2026-05-15 08:10:00,25.55,25.55,25.49,25.49,4868
2026-05-15 08:15:00,25.4,25.7708,25.3803,25.7708,23032
2026-05-15 08:20:00,25.7543,25.78,25.66,25.66,3062
2026-05-15 08:25:00,25.5325,25.6,25.5177,25.5177,805
2026-05-15 08:30:00,25.53,25.57,25.25,25.25,13173
2026-05-15 08:35:00,25.27,25.33,25.27,25.33,250
2026-05-15 08:40:00,25.46,25.95,25.46,25.95,2472
2026-05-15 08:45:00,25.9,25.95,25.9,25.95,1244
2026-05-15 08:50:00,25.75,26,25.75,26,2643
2026-05-15 08:55:00,26.05,26.22,26.001,26.2,4080
2026-05-15 09:00:00,26.25,26.35,25.9781,25.9781,822
2026-05-15 09:05:00,26.04,26.09,26.04,26.09,600
2026-05-15 09:10:00,26,26.15,25.98,26.15,2519
2026-05-15 09:15:00,26.01,26.01,26,26,500
2026-05-15 09:20:00,25.9495,25.9495,25.83,25.83,400
2026-05-15 09:25:00,26.1,26.25,26.09,26.09,6024
2026-05-15 09:30:00,25.98,26.88,25.66,26.16,66089
2026-05-15 09:35:00,26.145,26.53,26,26.465,53366
2026-05-15 09:40:00,26.47,26.87,26.09,26.16,30466
2026-05-15 09:45:00,26.16,26.47,25.7477,26.46,28747
2026-05-15 09:50:00,26.43,27.32,26.03,27.32,107202
2026-05-15 09:55:00,27.3384,27.5,26.37,26.37,76216
2026-05-15 10:00:00,26.4,26.799,26.28,26.52,24224
2026-05-15 10:05:00,26.46,26.6,26.27,26.4899,26136
2026-05-15 10:10:00,26.36,26.59,25.9394,26.48,35702
2026-05-15 10:15:00,26.47,27.02,26.42,26.94,43578
2026-05-15 10:20:00,26.92,27.27,26.92,27.13,79029
2026-05-15 10:25:00,27.058,27.2,26.91,26.97,35366
2026-05-15 10:30:00,27.05,27.19,26.77,26.86,17202
2026-05-15 10:35:00,26.9211,27.1,26.9,27.01,11279
2026-05-15 10:40:00,27.1,27.37,27.1,27.34,102401
2026-05-15 10:45:00,27.36,27.4,27.12,27.12,18254
2026-05-15 10:50:00,27,27.055,26.8,26.8515,14847
2026-05-15 10:55:00,26.86,27.0389,26.67,26.67,46516
2026-05-15 11:00:00,26.665,26.73,26.6,26.73,17709
2026-05-15 11:05:00,26.74,26.76,26.56,26.68,7579
2026-05-15 11:10:00,26.5,26.6,26.23,26.33,15936
2026-05-15 11:15:00,26.3701,26.38,26.2,26.24,8061
2026-05-15 11:20:00,26.24,26.52,26.24,26.25,13582
2026-05-15 11:25:00,26.24,26.53,26.22,26.3237,5810
2026-05-15 11:30:00,26.34,26.34,25.95,25.95,25643
2026-05-15 11:35:00,25.94,26.18,25.93,26,68244
2026-05-15 11:40:00,26.01,26.01,25.6,25.6,11671
2026-05-15 11:45:00,25.55,25.8,25.521,25.74,9473
2026-05-15 11:50:00,25.66,25.755,25.55,25.58,30237
2026-05-15 11:55:00,25.5,25.64,25.43,25.5101,30744
2026-05-15 12:00:00,25.53,25.775,25.53,25.77,8754
2026-05-15 12:05:00,25.86,25.9615,25.715,25.74,2929
2026-05-15 12:10:00,25.885,25.885,25.75,25.78,2066
2026-05-15 12:15:00,25.8,25.8,25.715,25.73,1913
2026-05-15 12:20:00,25.73,25.88,25.73,25.88,2588
2026-05-15 12:25:00,25.97,25.97,25.83,25.83,1413
2026-05-15 12:30:00,25.84,25.9811,25.81,25.9811,2817
2026-05-15 12:35:00,25.9,25.9,25.81,25.81,3731
2026-05-15 12:40:00,25.85,25.915,25.84,25.915,1520
2026-05-15 12:45:00,25.94,26.19,25.94,26.11,2894
2026-05-15 12:50:00,26.0603,26.0603,25.9366,25.9366,700
2026-05-15 12:55:00,25.98,26.1823,25.98,26.18,2483
2026-05-15 13:00:00,26.11,26.1116,26.08,26.08,1016
2026-05-15 13:05:00,26.18,26.32,26.17,26.32,3296
2026-05-15 13:10:00,26.33,26.5,26.2777,26.4725,17295
2026-05-15 13:15:00,26.48,26.4989,26.32,26.47,3306
2026-05-15 13:20:00,26.46,26.51,26.44,26.5004,10434
2026-05-15 13:25:00,26.56,26.63,26.55,26.59,21972
2026-05-15 13:30:00,26.61,26.63,26.5109,26.61,7103
2026-05-15 13:35:00,26.61,26.958,26.61,26.94,13898
2026-05-15 13:40:00,26.94,27.0399,26.9104,27,12517
2026-05-15 13:45:00,27.02,27.08,26.73,26.73,3815
2026-05-15 13:50:00,26.595,26.69,26.595,26.67,4401
2026-05-15 13:55:00,26.7,26.83,26.7,26.83,4098
2026-05-15 14:00:00,26.88,26.9,26.72,26.72,1943
2026-05-15 14:05:00,26.75,27.02,26.75,27.02,2590
2026-05-15 14:10:00,27,27,26.93,26.93,3894
2026-05-15 14:15:00,26.95,26.95,26.6801,26.7,8069
2026-05-15 14:20:00,26.7257,26.87,26.7257,26.845,2950
2026-05-15 14:25:00,26.8,26.8,26.69,26.73,2851
2026-05-15 14:30:00,26.58,26.85,26.58,26.85,4334
2026-05-15 14:35:00,26.9,26.9,26.77,26.835,1111
2026-05-15 14:40:00,26.89,26.915,26.89,26.915,697
2026-05-15 14:45:00,26.7901,26.8,26.79,26.79,600
2026-05-15 14:50:00,26.8005,27,26.8005,26.975,2233
2026-05-15 14:55:00,27,27.01,26.89,26.93,2689
2026-05-15 15:00:00,26.94,26.97,26.9,26.94,2318
2026-05-15 15:05:00,26.907,26.907,26.68,26.75,7167
2026-05-15 15:10:00,26.72,26.89,26.72,26.89,8271
2026-05-15 15:15:00,26.83,26.92,26.7,26.7,1216
2026-05-15 15:20:00,26.78,26.88,26.78,26.84,2067
2026-05-15 15:25:00,26.84,26.84,26.77,26.77,1123
2026-05-15 15:30:00,26.84,26.92,26.84,26.9,1105
2026-05-15 15:35:00,26.88,26.88,26.78,26.82,1175
2026-05-15 15:40:00,26.89,26.89,26.755,26.755,1500
2026-05-15 15:45:00,26.735,26.735,26.6204,26.71,12073
2026-05-15 15:50:00,26.64,26.8,26.33,26.33,11326
2026-05-15 15:55:00,26.33,26.33,25.97,25.98,22220
2026-05-15 16:00:00,25.94,25.94,25.8,25.8,1440
2026-05-15 16:05:00,25.8,25.82,25.761,25.82,1222
2026-05-15 16:10:00,25.71,25.79,25.7,25.7,2199
2026-05-15 16:15:00,25.7,25.7,25.7,25.7,100
2026-05-15 16:20:00,25.7,25.79,25.7,25.79,525
2026-05-15 16:30:00,25.87,25.87,25.87,25.87,100
2026-05-15 16:35:00,25.72,25.78,25.7,25.7,2287
2026-05-15 16:55:00,25.67,25.67,25.67,25.67,200
2026-05-15 17:05:00,25.6,25.6,25.6,25.6,177
2026-05-15 17:10:00,25.58,25.58,25.56,25.5606,523
2026-05-15 17:15:00,25.6,25.72,25.6,25.72,610
2026-05-15 17:20:00,25.61,25.65,25.61,25.65,200
2026-05-15 17:30:00,25.8,25.8,25.8,25.8,200
2026-05-15 17:40:00,25.57,25.57,25.56,25.56,400
2026-05-15 17:45:00,25.67,25.67,25.55,25.55,702
2026-05-15 17:50:00,25.55,25.55,25.55,25.55,100
2026-05-15 18:10:00,25.63,25.63,25.63,25.63,100
2026-05-15 18:15:00,25.63,25.65,25.63,25.65,300
2026-05-15 18:20:00,25.78,25.78,25.7,25.7,200
2026-05-15 18:25:00,25.86,25.86,25.86,25.86,306
2026-05-15 18:30:00,25.65,25.81,25.65,25.81,245
2026-05-15 18:35:00,25.75,25.75,25.711,25.711,1174
2026-05-15 18:50:00,25.52,25.52,25.52,25.52,155
2026-05-15 19:00:00,25.55,25.55,25.55,25.55,100
2026-05-15 19:05:00,25.63,25.63,25.63,25.63,100
2026-05-15 19:10:00,25.52,25.52,25.52,25.52,200
2026-05-15 19:20:00,25.52,25.52,25.52,25.52,150
2026-05-15 19:25:00,25.63,25.63,25.55,25.55,1120
2026-05-15 19:30:00,25.55,25.55,25.55,25.55,100
2026-05-15 19:35:00,25.55,25.55,25.52,25.52,948
2026-05-15 19:40:00,25.52,25.53,25.52,25.52,1144
2026-05-15 19:55:00,25.6286,25.6286,25.6286,25.6286,200
2026-05-18 04:00:00,26,26,25.5,26,10504
2026-05-18 04:05:00,25.94,25.983,25.79,25.983,1459
2026-05-18 04:10:00,26.14,26.14,26.14,26.14,1304
2026-05-18 04:15:00,26.1,26.21,26.0526,26.08,2618
2026-05-18 04:20:00,26.29,26.29,26.2,26.2,293
2026-05-18 04:25:00,26.29,26.3,26.28,26.3,1636
2026-05-18 04:30:00,26.44,26.5,26.32,26.44,1951
2026-05-18 04:35:00,26.31,26.31,26.12,26.12,972
2026-05-18 04:40:00,26.12,26.12,25.8301,25.8301,3799
2026-05-18 04:45:00,25.99,25.99,25.99,25.99,349
2026-05-18 04:50:00,26.14,26.18,26.14,26.18,1239
2026-05-18 04:55:00,26.21,26.21,26.21,26.21,190
2026-05-18 05:00:00,26.24,26.32,26.2,26.2,866
2026-05-18 05:10:00,26.33,26.34,26.33,26.34,979
2026-05-18 05:15:00,26.22,26.22,26.22,26.22,200
2026-05-18 05:20:00,26.256,26.256,26.15,26.15,2229
2026-05-18 05:25:00,26.18,26.18,26.16,26.16,537
2026-05-18 05:30:00,26.26,26.26,26.26,26.26,254
2026-05-18 05:35:00,26.19,26.19,26.19,26.19,300
2026-05-18 05:40:00,26.08,26.08,26.06,26.06,1006
2026-05-18 05:45:00,26.0404,26.0404,26,26,6276
2026-05-18 05:50:00,25.9995,26.04,25.83,25.83,5773
2026-05-18 06:00:00,25.83,25.83,25.8,25.8,600
2026-05-18 06:05:00,25.7,25.77,25.7,25.7,1337
2026-05-18 06:10:00,25.78,25.78,25.7,25.7,400
2026-05-18 06:15:00,25.7,25.76,25.7,25.76,911
2026-05-18 06:20:00,25.72,25.81,25.72,25.81,4144
2026-05-18 06:25:00,25.75,25.81,25.75,25.81,400
2026-05-18 06:35:00,25.6,25.6,25.58,25.58,2641
2026-05-18 06:50:00,25.66,25.66,25.66,25.66,955
2026-05-18 06:55:00,25.66,25.72,25.66,25.72,2000
2026-05-18 07:00:00,25.57,25.57,25.57,25.57,1804
2026-05-18 07:05:00,25.51,25.51,25.42,25.42,707
2026-05-18 07:10:00,25.41,25.53,25.38,25.53,3986
2026-05-18 07:15:00,25.3801,25.3801,25.3801,25.3801,100
2026-05-18 07:20:00,25.46,25.61,25.46,25.61,2127
2026-05-18 07:25:00,25.53,25.53,25.53,25.53,193
2026-05-18 07:30:00,25.51,25.51,25.51,25.51,358
2026-05-18 07:35:00,25.64,25.76,25.64,25.76,880
2026-05-18 07:40:00,25.9,25.93,25.9,25.93,857
2026-05-18 07:45:00,25.9149,25.919,25.76,25.8,1500
2026-05-18 07:50:00,25.57,25.57,25.57,25.57,100
2026-05-18 07:55:00,25.63,25.63,25.5,25.5,468
2026-05-18 08:00:00,25.55,25.55,25.52,25.52,304
2026-05-18 08:05:00,25.67,25.67,25.6677,25.6677,491
2026-05-18 08:10:00,25.7,25.7,25.7,25.7,1800
2026-05-18 08:30:00,25.92,26,25.92,26,2071
2026-05-18 08:35:00,26.19,26.19,26.04,26.15,1300
2026-05-18 08:40:00,26.2408,26.47,26.2408,26.4324,2900
2026-05-18 08:45:00,26.45,26.56,26.4,26.56,7300
2026-05-18 08:50:00,26.52,26.52,26.33,26.5,8829
2026-05-18 08:55:00,26.5,26.86,26.5,26.86,2873
2026-05-18 09:00:00,26.695,26.71,26.58,26.62,3794
2026-05-18 09:05:00,26.88,27.5,26.88,27.36,10621
2026-05-18 09:10:00,27.26,27.44,27.08,27.16,12886
2026-05-18 09:15:00,27.25,27.44,26.9,27.44,22632
2026-05-18 09:20:00,27.5,27.62,27.45,27.54,6054
2026-05-18 09:25:00,27.48,27.48,27.45,27.47,3405
2026-05-18 09:30:00,27.45,28.3699,26.97,27.6,194985
2026-05-18 09:35:00,27.5057,27.725,26.61,26.8,40546
2026-05-18 09:40:00,26.7612,27,25.66,25.66,47239
2026-05-18 09:45:00,25.7699,25.7699,25.19,25.2,30877
2026-05-18 09:50:00,25.18,25.7395,25.18,25.72,29363
2026-05-18 09:55:00,25.77,25.84,25.5,25.5,14649
2026-05-18 10:00:00,25.5,25.5,24.83,25.22,35334
2026-05-18 10:05:00,25.31,25.94,25.27,25.7,24750
2026-05-18 10:10:00,25.7,26.06,25.645,25.9,12416
2026-05-18 10:15:00,26.055,26.1,25.161,25.34,12951
2026-05-18 10:20:00,25.45,25.46,24.88,24.88,8713
2026-05-18 10:25:00,24.88,24.92,24.68,24.83,16255
2026-05-18 10:30:00,24.83,24.83,24.11,24.16,29878
2026-05-18 10:35:00,24.22,24.39,24.07,24.29,14744
2026-05-18 10:40:00,24.24,24.41,24.08,24.34,11084
2026-05-18 10:45:00,24.31,24.37,24.045,24.13,8925
2026-05-18 10:50:00,24.09,24.39,24.055,24.08,6259
2026-05-18 10:55:00,24.08,24.27,23.96,24.245,32260
2026-05-18 11:00:00,24.245,24.81,24.245,24.73,28957
2026-05-18 11:05:00,24.73,24.7595,24.5,24.535,8983
2026-05-18 11:10:00,24.35,24.69,24.35,24.51,6526
2026-05-18 11:15:00,24.63,24.63,24.49,24.51,1999
2026-05-18 11:20:00,24.55,24.66,24.53,24.6225,1693
2026-05-18 11:25:00,24.7,24.7,24.47,24.47,3600
2026-05-18 11:30:00,24.25,24.6333,24.24,24.6333,6579
2026-05-18 11:35:00,24.68,25.03,24.68,24.9,7756
2026-05-18 11:40:00,24.99,25.17,24.985,24.995,4597
2026-05-18 11:45:00,24.99,25.205,24.92,25.205,5361
2026-05-18 11:50:00,25.1893,25.1893,24.9304,25.1,3535
2026-05-18 11:55:00,25.06,25.128,25,25,1217
2026-05-18 12:00:00,24.965,25.035,24.95,24.95,3000
2026-05-18 12:05:00,24.9601,25.0065,24.9,24.98,12718
2026-05-18 12:10:00,25.1,25.249,25.08,25.08,2552
2026-05-18 12:15:00,25.21,25.3,25.2,25.3,5866
2026-05-18 12:20:00,25.39,25.4,25.3,25.3,1514
2026-05-18 12:25:00,25,25,24.83,24.83,18757
2026-05-18 12:30:00,24.82,25,24.78,25,24015
2026-05-18 12:35:00,24.96,25.09,24.92,25.03,3911
2026-05-18 12:40:00,25.02,25.07,25.01,25.01,9960
2026-05-18 12:45:00,25,25.06,25,25.03,2900
2026-05-18 12:50:00,25.06,25.3,25.06,25.3,3128
2026-05-18 12:55:00,25.4,25.4,25.34,25.35,4391
2026-05-18 13:00:00,25.34,25.4426,25.34,25.4,1351
2026-05-18 13:05:00,25.41,25.495,25.34,25.34,4799
2026-05-18 13:10:00,25.4637,25.58,25.4637,25.53,9088
2026-05-18 13:15:00,25.52,25.52,25.3101,25.3101,10189
2026-05-18 13:20:00,25.345,25.45,25.23,25.27,14920
2026-05-18 13:25:00,25.3,25.45,25.24,25.45,2582
2026-05-18 13:30:00,25.5,25.52,25.348,25.49,6479
2026-05-18 13:35:00,25.46,25.625,25.46,25.625,4851
2026-05-18 13:40:00,25.65,26.02,25.65,26.01,11688
2026-05-18 13:45:00,25.94,25.94,25.8,25.83,19533
2026-05-18 13:50:00,25.82,25.82,25.74,25.8,6381
2026-05-18 13:55:00,25.84,26.1,25.84,26.1,1200
2026-05-18 14:00:00,26.095,26.1493,25.96,26,49926
2026-05-18 14:05:00,26.02,26.09,25.88,25.88,11970
2026-05-18 14:10:00,25.8,25.88,25.7501,25.88,3334
2026-05-18 14:15:00,25.79,25.83,25.69,25.7,3183
2026-05-18 14:20:00,25.7599,25.7599,25.69,25.69,5400
2026-05-18 14:25:00,25.644,25.75,25.618,25.7,4276
2026-05-18 14:30:00,25.7706,25.7706,25.7706,25.7706,150
2026-05-18 14:35:00,25.8187,25.8187,25.76,25.76,5611
2026-05-18 14:40:00,25.665,25.665,25.665,25.665,200
2026-05-18 14:45:00,25.77,25.805,25.6,25.63,8881
2026-05-18 14:50:00,25.645,25.66,25.59,25.59,752
2026-05-18 14:55:00,25.67,25.6801,25.67,25.67,2274
2026-05-18 15:00:00,25.85,26.26,25.85,26.13,11684
2026-05-18 15:05:00,26.14,26.14,25.93,25.93,1793
2026-05-18 15:10:00,26.15,26.15,25.88,25.88,3602
2026-05-18 15:15:00,25.8733,25.8733,25.84,25.84,1238
2026-05-18 15:20:00,25.9,25.93,25.855,25.855,3600
2026-05-18 15:25:00,25.85,26,25.85,26,3366
2026-05-18 15:30:00,26.18,26.21,26.09,26.09,3587
2026-05-18 15:35:00,26.15,26.49,26.15,26.4899,9410
2026-05-18 15:40:00,26.485,26.59,26.43,26.46,8181
2026-05-18 15:45:00,26.5,26.74,26.4701,26.5201,10687
2026-05-18 15:50:00,26.52,26.84,26.42,26.84,31277
2026-05-18 15:55:00,26.76,26.76,26.492,26.56,10819
2026-05-18 16:00:00,26.52,26.52,26.52,26.52,802
2026-05-18 16:05:00,26.27,26.27,26.27,26.27,100
2026-05-18 16:15:00,26.74,26.74,26.74,26.74,400
2026-05-18 16:25:00,26.541,26.541,26.54,26.54,974
2026-05-18 16:30:00,26.3481,26.3481,26.3481,26.3481,502
2026-05-18 16:35:00,26.52,26.58,26.52,26.58,300
2026-05-18 16:40:00,26.43,26.44,26.43,26.44,444
2026-05-18 16:50:00,26.6,26.6,26.6,26.6,594
2026-05-18 17:00:00,26.3043,26.35,26.3043,26.34,1095
2026-05-18 17:05:00,26.24,26.24,26.22,26.22,400
2026-05-18 17:10:00,26.13,26.13,26.13,26.13,100
2026-05-18 17:15:00,26.15,26.15,26.13,26.13,611
2026-05-18 17:30:00,26.33,26.33,26.33,26.33,100
2026-05-18 17:50:00,26.2,26.2,26.2,26.2,426
2026-05-18 17:55:00,26.4,26.4,26.4,26.4,193
2026-05-18 18:00:00,26.5,26.5,26.5,26.5,100
2026-05-18 18:05:00,26.35,26.35,26.3,26.3,3125
2026-05-18 18:10:00,26.59,26.59,26.59,26.59,127
2026-05-18 18:15:00,26.58,26.58,26.53,26.53,498
2026-05-18 18:20:00,26.5789,26.58,26.5789,26.58,1998
2026-05-18 18:30:00,26.4452,26.4452,26.4452,26.4452,100
2026-05-18 19:20:00,26.5,26.5,26.5,26.5,305
2026-05-18 19:25:00,26.5,26.55,26.5,26.55,401
2026-05-18 19:35:00,26.6,26.6,26.6,26.6,103
2026-05-18 19:40:00,26.53,26.53,26.53,26.53,200
2026-05-18 19:45:00,26.5,26.5,26.5,26.5,300
2026-05-18 19:50:00,26.58,26.58,26.58,26.58,268
2026-05-18 19:55:00,26.6109,26.6109,26.6109,26.6109,600
2026-05-19 04:00:00,26.59,26.84,25.88,26.52,134171
2026-05-19 04:05:00,26.37,26.71,26.2,26.71,2318
2026-05-19 04:10:00,26.48,26.48,26.48,26.48,200
2026-05-19 04:15:00,26.5,26.51,26.49,26.51,7540
2026-05-19 04:20:00,26.4,26.48,26.35,26.35,622
2026-05-19 04:25:00,26.18,26.18,26.18,26.18,318
2026-05-19 04:50:00,26.26,26.26,26.26,26.26,625
2026-05-19 05:00:00,26.24,26.24,26.24,26.24,460
2026-05-19 05:05:00,26.19,26.19,26.19,26.19,300
2026-05-19 05:15:00,26.18,26.18,26.02,26.02,20765
2026-05-19 05:20:00,25.91,25.91,25.91,25.91,100
2026-05-19 05:25:00,25.74,25.74,25.72,25.72,600
2026-05-19 05:30:00,25.64,25.64,25.41,25.52,1988
2026-05-19 05:45:00,25.72,25.72,25.72,25.72,500
2026-05-19 05:50:00,25.8,25.8,25.8,25.8,200
2026-05-19 06:00:00,25.81,25.81,25.81,25.81,300
2026-05-19 06:05:00,25.73,25.73,25.71,25.71,811
2026-05-19 06:20:00,25.59,25.59,25.59,25.59,100
2026-05-19 06:30:00,25.61,25.73,25.61,25.64,300
2026-05-19 06:45:00,25.64,25.64,25.64,25.64,100
2026-05-19 06:50:00,25.73,25.73,25.73,25.73,159
2026-05-19 06:55:00,25.79,25.79,25.79,25.79,100
2026-05-19 07:00:00,25.95,26.04,25.8,26.04,924
2026-05-19 07:05:00,25.84,25.84,25.81,25.82,766
2026-05-19 07:10:00,25.8,25.8,25.76,25.76,200
2026-05-19 07:15:00,25.62,25.62,25.62,25.62,218
2026-05-19 07:20:00,25.59,25.63,25.59,25.63,500
2026-05-19 07:25:00,25.59,25.6745,25.59,25.6745,1098
2026-05-19 07:30:00,25.65,25.66,25.6,25.6,700
2026-05-19 07:40:00,25.45,25.45,25.45,25.45,500
2026-05-19 07:45:00,25.4,25.46,25.2,25.2,90429
2026-05-19 07:50:00,25.2,25.27,25.17,25.27,21020
2026-05-19 07:55:00,25.04,25.04,25,25,2907
2026-05-19 08:00:00,25.06,25.17,25.06,25.17,437
2026-05-19 08:05:00,25.13,25.2,25.13,25.2,400
2026-05-19 08:15:00,25.34,25.34,25.13,25.13,300
2026-05-19 08:20:00,25.13,25.13,25.13,25.13,103
2026-05-19 08:25:00,25.17,25.43,25.17,25.43,919
2026-05-19 08:30:00,25.44,25.56,25.44,25.56,300
2026-05-19 08:35:00,25.6,25.6,25.6,25.6,500
2026-05-19 08:40:00,25.55,25.55,25.52,25.52,407
2026-05-19 08:45:00,25.53,25.53,25.48,25.48,1600
2026-05-19 08:50:00,25.67,25.67,25.67,25.67,100
2026-05-19 08:55:00,25.8,25.8,25.62,25.63,1935
2026-05-19 09:00:00,25.8,25.8,25.8,25.8,2000
2026-05-19 09:05:00,25.48,25.48,25.48,25.48,1000
2026-05-19 09:10:00,25.25,25.29,25.25,25.2751,373
2026-05-19 09:15:00,25.4006,25.45,25.4,25.45,676
2026-05-19 09:20:00,25.2,25.2,25.2,25.2,261
2026-05-19 09:25:00,25.05,25.38,24.37,24.51,5288
2026-05-19 09:30:00,24.52,25.62,24.512,25.03,65779
2026-05-19 09:35:00,25.035,25.9776,24.95,25.54,38433
2026-05-19 09:40:00,25.525,25.55,24.93,24.93,72493
2026-05-19 09:45:00,24.97,25.055,24.7,24.93,42123
2026-05-19 09:50:00,24.86,24.94,24.56,24.84,22348
2026-05-19 09:55:00,24.72,24.79,24.48,24.48,15082
2026-05-19 10:00:00,24.4143,24.62,24.35,24.37,23499
2026-05-19 10:05:00,24.39,24.39,23.601,23.75,27058
2026-05-19 10:10:00,23.6426,23.8788,23.48,23.53,52256
2026-05-19 10:15:00,23.5,23.535,23.2401,23.43,39592
2026-05-19 10:20:00,23.47,23.58,23.3,23.58,18411
2026-05-19 10:25:00,23.6299,23.9,23.57,23.625,11555
2026-05-19 10:30:00,23.68,23.8382,23.5,23.69,10393
2026-05-19 10:35:00,23.6,24.025,23.6,23.98,87565
2026-05-19 10:40:00,23.9,23.999,23.75,23.75,5750
2026-05-19 10:45:00,23.6501,23.7,23.4,23.42,6210
2026-05-19 10:50:00,23.405,23.96,23.405,23.9,8212
2026-05-19 10:55:00,23.95,23.96,23.625,23.73,12655
2026-05-19 11:00:00,23.93,24.21,23.88,24.18,7666
2026-05-19 11:05:00,24.21,24.2199,23.8,23.8,9042
2026-05-19 11:10:00,23.97,24.02,23.86,23.93,2386
2026-05-19 11:15:00,24,24.2848,23.9905,24.025,13567
2026-05-19 11:20:00,24,24.26,24,24,3452
2026-05-19 11:25:00,23.8899,24.08,23.84,24.07,5213
2026-05-19 11:30:00,24.16,24.31,24.14,24.17,5752
2026-05-19 11:35:00,24.1,24.3318,24.1,24.33,4424
2026-05-19 11:40:00,24.325,24.525,24.325,24.5,4366
2026-05-19 11:45:00,24.55,24.55,24.3,24.33,4535
2026-05-19 11:50:00,24.33,24.46,24.33,24.46,1404
2026-05-19 11:55:00,24.3,24.42,24.3,24.37,1325
2026-05-19 12:00:00,24.44,24.63,24.39,24.63,4547
2026-05-19 12:05:00,24.6499,24.6499,24.44,24.44,7044
2026-05-19 12:10:00,24.41,24.41,24.41,24.41,200
2026-05-19 12:15:00,24.46,24.46,24.43,24.43,500
2026-05-19 12:20:00,24.46,24.51,24.43,24.48,4729
2026-05-19 12:25:00,24.5501,24.71,24.5501,24.65,12593
2026-05-19 12:30:00,24.63,25,24.62,25,13943
2026-05-19 12:35:00,25.0099,25.0366,24.8807,24.98,60849
2026-05-19 12:40:00,25,25.0299,24.803,24.92,25168
2026-05-19 12:45:00,25.0135,25.05,24.86,24.86,30089
2026-05-19 12:50:00,24.86,25,24.81,24.9944,18555
2026-05-19 12:55:00,25.05,25.05,24.9,24.92,4458
2026-05-19 13:00:00,24.91,24.96,24.86,24.92,1914
2026-05-19 13:05:00,24.91,25.1223,24.91,25.1,7920
2026-05-19 13:10:00,25.2,25.209,25.16,25.17,5904
2026-05-19 13:15:00,25.2724,25.54,25.2724,25.54,6899
2026-05-19 13:20:00,25.5,25.63,25.48,25.48,33273
2026-05-19 13:25:00,25.4647,25.4647,25.325,25.42,3389
2026-05-19 13:30:00,25.48,25.555,25.42,25.45,1725
2026-05-19 13:35:00,25.4,25.57,25.395,25.57,4750
2026-05-19 13:40:00,25.55,25.56,25.5,25.5,2211
2026-05-19 13:45:00,25.5,25.5,25.26,25.35,15018
2026-05-19 13:50:00,25.32,25.32,25.2,25.2,72400
2026-05-19 13:55:00,25.3,25.5,25.29,25.5,7762
2026-05-19 14:00:00,25.55,25.74,25.54,25.63,6500
2026-05-19 14:05:00,25.7299,25.7299,25.645,25.65,13460
2026-05-19 14:10:00,25.65,25.65,25.53,25.61,49212
2026-05-19 14:15:00,25.6,25.69,25.4505,25.4505,12997
2026-05-19 14:20:00,25.32,25.33,25.24,25.3,1000
2026-05-19 14:25:00,25.27,25.3862,25.27,25.305,496
2026-05-19 14:30:00,25.27,25.63,25.27,25.55,5120
2026-05-19 14:35:00,25.54,25.55,25.495,25.495,1684
2026-05-19 14:40:00,25.44,25.53,25.44,25.5,1678
2026-05-19 14:45:00,25.29,25.48,25.29,25.48,3022
2026-05-19 14:50:00,25.49,25.49,25.38,25.4551,1700
2026-05-19 14:55:00,25.445,25.45,25.3885,25.45,3296
2026-05-19 15:00:00,25.55,25.55,25.5,25.5,603
2026-05-19 15:05:00,25.548,25.59,25.54,25.59,2000
2026-05-19 15:10:00,25.58,25.66,25.58,25.59,500
2026-05-19 15:15:00,25.665,25.665,25.4531,25.505,4200
2026-05-19 15:20:00,25.435,25.435,25.15,25.15,2288
2026-05-19 15:25:00,25.1,25.15,25.0302,25.15,2341
2026-05-19 15:30:00,25.11,25.165,25.035,25.11,1559
2026-05-19 15:35:00,25.14,25.14,24.95,24.95,2538
2026-05-19 15:40:00,24.95,24.95,24.9,24.95,4998
2026-05-19 15:45:00,24.81,24.85,24.7,24.7,3967
2026-05-19 15:50:00,24.64,24.64,24.5,24.575,7879
2026-05-19 15:55:00,24.67,24.69,24.335,24.48,2871
2026-05-19 16:00:00,24.49,24.49,24.45,24.45,379
2026-05-19 16:10:00,24.69,24.69,24.69,24.69,302
2026-05-19 16:15:00,24.5,24.5,24.5,24.5,400
2026-05-19 16:20:00,24.47,24.49,24.431,24.431,5206
2026-05-19 16:25:00,24.38,24.42,24.36,24.42,5785
2026-05-19 16:40:00,24.48,24.48,24.48,24.48,100
2026-05-19 16:50:00,24.5791,24.5791,24.3908,24.3908,1705
2026-05-19 16:55:00,24.39,24.39,24.39,24.39,100
2026-05-19 17:00:00,24.611,24.611,24.51,24.51,222
2026-05-19 17:05:00,24.36,24.36,24.36,24.36,120
2026-05-19 18:20:00,24.6,24.6,24.6,24.6,200
2026-05-19 18:45:00,24.52,24.52,24.52,24.52,399
2026-05-19 18:55:00,24.4118,24.4118,24.4118,24.4118,200
2026-05-19 19:05:00,24.52,24.52,24.52,24.52,500
2026-05-19 19:25:00,24.53,24.54,24.53,24.54,448
2026-05-19 19:30:00,24.53,24.53,24.53,24.53,261
2026-05-19 19:35:00,24.54,24.54,24.54,24.54,400
2026-05-19 19:45:00,24.7,24.7,24.7,24.7,730
2026-05-19 19:55:00,24.56,24.58,24.56,24.57,1767
2026-05-20 04:00:00,24.6,25.5,24.47,25.5,46607
2026-05-20 04:05:00,25.15,25.53,24.63,25.53,3730
2026-05-20 04:10:00,25.29,25.7488,25.01,25.15,24087
2026-05-20 04:15:00,25.5,25.5,25.46,25.46,566
2026-05-20 04:20:00,25.5,25.66,25.4,25.4,4683
2026-05-20 04:25:00,25.52,25.74,25.52,25.73,2140
2026-05-20 04:30:00,25.78,25.83,25.78,25.83,500
2026-05-20 04:35:00,25.91,25.94,25.88,25.9,1661
2026-05-20 04:40:00,25.92,25.92,25.73,25.76,1693
2026-05-20 04:45:00,25.78,25.78,25.72,25.72,908
2026-05-20 04:50:00,25.67,25.67,25.6351,25.6351,542
2026-05-20 04:55:00,25.61,25.88,25.61,25.61,13706
2026-05-20 05:00:00,25.75,25.75,25.68,25.72,2254
2026-05-20 05:05:00,25.93,25.93,25.93,25.93,113
2026-05-20 05:10:00,25.83,25.84,25.8,25.83,1919
2026-05-20 05:20:00,25.86,25.92,25.86,25.88,4153
2026-05-20 05:25:00,25.89,25.91,25.87,25.91,10415
2026-05-20 05:30:00,25.87,25.93,25.81,25.81,14138
2026-05-20 05:35:00,25.87,25.9,25.86,25.88,1200
2026-05-20 05:40:00,25.89,25.92,25.89,25.92,450
2026-05-20 05:45:00,25.93,25.93,25.93,25.93,289
2026-05-20 05:50:00,25.95,26,25.95,26,299
2026-05-20 05:55:00,25.98,26.06,25.98,26,2075
2026-05-20 06:00:00,26.06,26.28,26.06,26.28,2802
2026-05-20 06:05:00,26.39,26.39,26.2,26.27,645
2026-05-20 06:10:00,26.11,26.3,26.11,26.3,218
2026-05-20 06:15:00,26.04,26.14,26.04,26.05,832
2026-05-20 06:20:00,26.22,26.22,26.22,26.22,100
2026-05-20 06:25:00,26.04,26.13,25.99,25.99,1383
2026-05-20 06:35:00,26.05,26.22,26.05,26.22,1355
2026-05-20 06:40:00,26.2,26.25,26.02,26.02,1434
2026-05-20 06:45:00,26.03,26.14,26.03,26.14,378
2026-05-20 06:50:00,26.09,26.09,26.09,26.09,300
2026-05-20 06:55:00,25.9,25.9,25.9,25.9,949
2026-05-20 07:00:00,25.82,25.959,25.73,25.81,1454
2026-05-20 07:05:00,25.8,25.8,25.7825,25.7825,200
2026-05-20 07:10:00,25.99,26.17,25.99,26.17,1233
2026-05-20 07:15:00,25.87,25.88,25.85,25.88,481
2026-05-20 07:20:00,25.85,25.95,25.85,25.95,224
2026-05-20 07:25:00,25.85,25.85,25.8,25.8,200
2026-05-20 07:30:00,25.9,25.9,25.9,25.9,1000
2026-05-20 07:40:00,25.8698,25.8698,25.8698,25.8698,1500
2026-05-20 07:45:00,25.78,25.79,25.78,25.79,634
2026-05-20 07:50:00,25.88,25.88,25.78,25.81,885
2026-05-20 07:55:00,25.92,25.92,25.92,25.92,455
2026-05-20 08:00:00,25.99,25.99,25.95,25.95,2068
2026-05-20 08:05:00,25.95,26,25.95,26,1390
2026-05-20 08:10:00,26.0252,26.11,26.0252,26.07,1383
2026-05-20 08:15:00,26.07,26.11,26.07,26.11,594
2026-05-20 08:20:00,26.05,26.05,26.05,26.05,100
2026-05-20 08:25:00,26.01,26.06,26.01,26.06,1892
2026-05-20 08:30:00,26.06,26.06,26.04,26.04,648
2026-05-20 08:35:00,25.97,25.97,25.9,25.9,760
2026-05-20 08:40:00,25.88,25.88,25.8717,25.8717,451
2026-05-20 08:45:00,25.75,25.91,25.75,25.91,862
2026-05-20 08:50:00,25.9,25.91,25.87,25.87,1788
2026-05-20 08:55:00,25.87,25.87,25.77,25.77,1203
2026-05-20 09:00:00,25.68,25.87,25.68,25.87,464
2026-05-20 09:05:00,25.6606,25.6606,25.6606,25.6606,300
2026-05-20 09:10:00,25.66,25.68,25.6,25.6013,1846
2026-05-20 09:15:00,25.56,25.56,25.55,25.55,700
2026-05-20 09:20:00,25.54,25.6,25.31,25.5,4804
2026-05-20 09:25:00,25.28,25.55,24.73,24.8,20978
2026-05-20 09:30:00,24.93,25.36,24.405,24.61,187084
2026-05-20 09:35:00,24.55,24.66,24.08,24.56,43816
2026-05-20 09:40:00,24.5496,25.26,24.5496,25.11,72091
2026-05-20 09:45:00,25.14,25.22,24.67,24.75,38246
2026-05-20 09:50:00,24.8,25.21,24.64,24.65,8919
2026-05-20 09:55:00,24.62,24.779,24.42,24.74,18568
2026-05-20 10:00:00,24.755,25,24.6,24.78,9639
2026-05-20 10:05:00,24.9499,25.63,24.91,25.515,59726
2026-05-20 10:10:00,25.5589,25.925,25.41,25.805,67992
2026-05-20 10:15:00,25.78,26.249,25.53,26.08,52756
2026-05-20 10:20:00,26.08,26.19,25.68,25.71,41499
2026-05-20 10:25:00,25.65,26.09,25.63,26.09,35086
2026-05-20 10:30:00,26.1799,26.3,26,26.11,70415
2026-05-20 10:35:00,26.085,26.085,25.63,25.71,68161
2026-05-20 10:40:00,25.75,26,25.6994,25.91,201083
2026-05-20 10:45:00,26,26.01,25.68,25.68,93472
2026-05-20 10:50:00,25.68,25.75,25.6,25.68,24591
2026-05-20 10:55:00,25.61,25.65,25.45,25.45,19166
2026-05-20 11:00:00,25.46,25.7,25.23,25.26,34900
2026-05-20 11:05:00,25.26,25.5,25.26,25.455,25640
2026-05-20 11:10:00,25.45,25.66,25.405,25.66,13608
2026-05-20 11:15:00,25.675,25.89,25.67,25.78,22846
2026-05-20 11:20:00,25.75,25.76,25.56,25.6275,9802
2026-05-20 11:25:00,25.63,25.7535,25.5704,25.73,5224
2026-05-20 11:30:00,25.75,25.75,25.61,25.63,5820
2026-05-20 11:35:00,25.6946,25.7499,25.61,25.65,11348
2026-05-20 11:40:00,25.66,25.66,25.5801,25.66,3089
2026-05-20 11:45:00,25.72,25.76,25.6,25.68,2016
2026-05-20 11:50:00,25.69,25.725,25.64,25.725,42566
2026-05-20 11:55:00,25.745,25.78,25.64,25.66,8581
2026-05-20 12:00:00,25.58,25.69,25.56,25.65,4325
2026-05-20 12:05:00,25.78,25.81,25.76,25.76,924
2026-05-20 12:10:00,25.8,26.3,25.7,25.72,90981
2026-05-20 12:15:00,25.6992,25.75,25.21,25.58,19842
2026-05-20 12:20:00,25.6,25.7,25.55,25.56,31709
2026-05-20 12:25:00,25.55,25.55,25.38,25.43,7931
2026-05-20 12:30:00,25.63,25.9,25.62,25.78,5679
2026-05-20 12:35:00,25.73,25.8484,25.721,25.8,10333
2026-05-20 12:40:00,25.75,25.8,25.75,25.76,1300
2026-05-20 12:45:00,25.77,25.83,25.74,25.83,1400
2026-05-20 12:50:00,25.8625,26.04,25.84,25.9899,3269
2026-05-20 12:55:00,26.05,26.079,25.98,26.05,3692
2026-05-20 13:00:00,26.06,26.115,25.9,25.955,10422
2026-05-20 13:05:00,25.955,26,25.945,25.96,3426
2026-05-20 13:10:00,25.96,26.13,25.96,26.07,8493
2026-05-20 13:15:00,26.1336,26.1499,26,26.05,5732
2026-05-20 13:20:00,26.05,26.1999,25.98,25.98,71543
2026-05-20 13:25:00,26.05,26.1126,25.99,26.1126,74069
2026-05-20 13:30:00,26.18,26.18,26.09,26.18,3146
2026-05-20 13:35:00,26.1349,26.17,26.06,26.09,1780
2026-05-20 13:40:00,26.0777,26.1,26.07,26.08,548
2026-05-20 13:45:00,26.0899,26.1,25.93,25.93,2753
2026-05-20 13:50:00,26.11,26.1462,26.11,26.13,988
2026-05-20 13:55:00,26.12,26.2,26.12,26.1501,1100
2026-05-20 14:00:00,26.2,26.35,26.15,26.3,4634
2026-05-20 14:05:00,26.215,26.25,26.215,26.25,300
2026-05-20 14:10:00,26.195,26.22,26.0801,26.16,1367
2026-05-20 14:15:00,26.15,26.15,26.15,26.15,261
2026-05-20 14:20:00,26.1,26.1,26.07,26.1,1295
2026-05-20 14:25:00,26.07,26.15,26.07,26.13,33700
2026-05-20 14:30:00,26.13,26.2,26,26.13,64833
2026-05-20 14:35:00,26.11,26.25,26.08,26.2,67170
2026-05-20 14:40:00,26.2,26.25,26.14,26.15,67656
2026-05-20 14:45:00,26.2,26.2,26.0597,26.0597,2889
2026-05-20 14:50:00,26.08,26.08,26.07,26.07,200
2026-05-20 14:55:00,26.1,26.13,26.03,26.061,6560
2026-05-20 15:00:00,26.0801,26.27,26.0801,26.19,2697
2026-05-20 15:05:00,26.18,26.42,26.18,26.39,10542
2026-05-20 15:10:00,26.41,26.41,26.1899,26.19,4120
2026-05-20 15:15:00,26.21,26.21,26.09,26.21,3137
2026-05-20 15:20:00,26.16,26.19,26.089,26.16,3917
2026-05-20 15:25:00,26.19,26.22,26.19,26.19,2256
2026-05-20 15:30:00,26.18,26.305,26.18,26.2634,2550
2026-05-20 15:35:00,26.22,26.28,26.05,26.28,2420
2026-05-20 15:40:00,26.135,26.15,26.02,26.02,4325
2026-05-20 15:45:00,26.04,26.09,26.04,26.05,511
2026-05-20 15:50:00,26.02,26.1,25.935,26.05,11019
2026-05-20 15:55:00,26.08,26.24,26.08,26.19,6637
2026-05-20 16:00:00,26.19,26.19,26.19,26.19,514
2026-05-20 16:05:00,26.05,26.19,26.04,26.19,600
2026-05-20 16:10:00,26.1495,26.15,26.09,26.15,592
2026-05-20 16:15:00,26.11,26.16,26.05,26.05,1360
2026-05-20 16:20:00,25.94,25.94,25.78,25.89,3372
2026-05-20 16:25:00,25.89,26.169,25.89,26.169,3501
2026-05-20 16:35:00,25.83,25.83,25.83,25.83,360
2026-05-20 16:45:00,25.86,25.87,25.86,25.87,328
2026-05-20 16:55:00,25.87,25.88,25.87,25.88,2748
2026-05-20 17:00:00,25.85,25.85,25.85,25.85,100
2026-05-20 17:05:00,25.81,25.81,25.81,25.81,213
2026-05-20 17:10:00,25.84,25.85,25.84,25.85,1168
2026-05-20 17:15:00,25.8,25.8,25.8,25.8,197
2026-05-20 17:20:00,25.85,25.99,25.85,25.99,1348
2026-05-20 17:25:00,26,26,26,26,1500
2026-05-20 17:30:00,26,26,26,26,300
2026-05-20 17:40:00,25.93,25.93,25.92,25.92,462
2026-05-20 17:45:00,26.1,26.1,26.1,26.1,400
2026-05-20 17:50:00,25.91,25.91,25.91,25.91,2201
2026-05-20 17:55:00,26,26,25.75,25.75,3137
2026-05-20 18:00:00,25.74,25.74,25.6,25.68,1007
2026-05-20 18:05:00,25.571,25.85,25.28,25.28,1463
2026-05-20 18:10:00,25.15,25.26,25.08,25.26,4235
2026-05-20 18:15:00,25.3,25.3,25,25,1188
2026-05-20 18:20:00,24.98,25.15,24.98,25.15,1051
2026-05-20 18:25:00,25.16,25.16,25.16,25.16,386
2026-05-20 18:30:00,25.16,25.16,25.15,25.15,1025
2026-05-20 18:35:00,25.52,25.52,25.52,25.52,299
2026-05-20 18:40:00,25.17,25.17,25.17,25.17,300
2026-05-20 18:50:00,25.3984,25.3984,25.3984,25.3984,1000
2026-05-20 18:55:00,25.43,25.43,25.4093,25.4093,1019
2026-05-20 19:00:00,25.41,25.41,25.41,25.41,164
2026-05-20 19:05:00,25.61,25.61,25.61,25.61,280
2026-05-20 19:15:00,25.86,25.86,25.69,25.69,5890
2026-05-20 19:20:00,25.58,25.58,25.58,25.58,100
2026-05-20 19:30:00,25.39,25.41,25.35,25.41,4368
2026-05-20 19:35:00,25.35,25.58,25.35,25.35,1700
2026-05-20 19:40:00,25.58,25.58,25.58,25.58,100
2026-05-20 19:45:00,25.56,25.56,25.56,25.56,139
2026-05-20 19:55:00,25.56,25.56,25.56,25.56,164
2026-05-21 04:00:00,26.43,26.73,25.5,26,54440
2026-05-21 04:05:00,26.2365,26.3,26,26,2108
2026-05-21 04:10:00,26.2365,26.2365,26.12,26.18,1306
2026-05-21 04:15:00,26.18,26.18,26.18,26.18,503
2026-05-21 04:20:00,26.03,26.18,25.81,26.18,465
2026-05-21 04:25:00,26.18,26.18,26.18,26.18,100
2026-05-21 04:30:00,26.18,26.18,26.14,26.14,1100
2026-05-21 04:35:00,25.97,26.1,25.97,26.1,666
2026-05-21 04:40:00,26.02,26.02,26.02,26.02,101
2026-05-21 04:45:00,26,26,26,26,5100
2026-05-21 04:50:00,26,26,25.85,25.9,17852
2026-05-21 04:55:00,25.9,25.9,25.9,25.9,10700
2026-05-21 05:00:00,25.95,26,25.95,26,509
2026-05-21 05:05:00,26.05,26.17,26.05,26.16,11197
2026-05-21 05:10:00,26.16,26.16,26.11,26.11,364
2026-05-21 05:15:00,26.09,26.25,26.09,26.2,1211
2026-05-21 05:20:00,26.23,26.25,26.23,26.25,200
2026-05-21 05:25:00,26.15,26.15,26.15,26.15,4890
2026-05-21 05:30:00,26.15,26.15,25.98,26,13734
2026-05-21 05:35:00,25.98,26.09,25.97,26.09,1101
2026-05-21 05:40:00,26.05,26.07,25.97,25.98,1586
2026-05-21 05:45:00,26,26,25.97,25.97,285
2026-05-21 06:00:00,25.99,26.1,25.98,25.99,2270
2026-05-21 06:05:00,25.95,25.95,25.7,25.7,2090
2026-05-21 06:10:00,25.7,25.72,25.7,25.7,1644
2026-05-21 06:15:00,25.8,25.8,25.8,25.8,200
2026-05-21 06:20:00,25.98,25.98,25.81,25.93,2544
2026-05-21 06:25:00,25.57,25.6,25.54,25.54,1083
2026-05-21 06:30:00,25.54,25.6222,25.54,25.61,2447
2026-05-21 06:35:00,25.6,25.6,25.5515,25.5515,355
2026-05-21 06:40:00,25.5,25.5,25.34,25.37,2344
2026-05-21 06:45:00,25.41,25.6,25.41,25.6,623
2026-05-21 06:50:00,25.37,25.38,25.26,25.26,812
2026-05-21 06:55:00,25.4,25.4,25.4,25.4,120
2026-05-21 07:00:00,25.4,25.645,25.31,25.5,1452
2026-05-21 07:05:00,25.49,25.51,25.49,25.51,650
2026-05-21 07:15:00,25.75,25.91,25.75,25.91,1011
2026-05-21 07:20:00,25.97,25.98,25.97,25.98,200
2026-05-21 07:25:00,25.87,25.99,25.85,25.97,500
2026-05-21 07:30:00,25.989,25.989,25.989,25.989,204
2026-05-21 07:35:00,25.75,25.75,25.75,25.75,300
2026-05-21 07:40:00,25.81,25.81,25.7285,25.7285,300
2026-05-21 07:50:00,25.61,25.61,25.61,25.61,320
2026-05-21 07:55:00,25.9,25.9,25.9,25.9,100
2026-05-21 08:05:00,25.67,25.67,25.55,25.55,2518
2026-05-21 08:10:00,25.54,25.55,25.4,25.4,7803
2026-05-21 08:15:00,25.4,25.4,25.39,25.39,1361
2026-05-21 08:30:00,25.58,26.99,25.58,26.38,14165
2026-05-21 08:35:00,26.43,26.49,26.38,26.38,4418
2026-05-21 08:40:00,26.11,26.2488,25.83,25.89,1793
2026-05-21 08:45:00,25.93,25.93,25.93,25.93,260
2026-05-21 08:50:00,26.08,26.08,26.08,26.08,1800
2026-05-21 08:55:00,25.7,25.87,25.59,25.59,3357
2026-05-21 09:00:00,25.88,25.88,25.88,25.88,100
2026-05-21 09:05:00,25.75,25.89,25.7,25.85,816
2026-05-21 09:10:00,25.94,25.94,25.72,25.79,2030
2026-05-21 09:15:00,25.77,25.77,25.7,25.7,300
2026-05-21 09:20:00,25.45,25.53,25.45,25.53,441
2026-05-21 09:25:00,25.39,26.07,25.38,26.07,2348
2026-05-21 09:30:00,25.9,26.6,25.67,26.6,43131
2026-05-21 09:35:00,26.565,26.8,26.3,26.65,26111
2026-05-21 09:40:00,26.7,27.02,26.6301,26.98,67729
2026-05-21 09:45:00,26.98,27.24,26.8802,27.24,38906
2026-05-21 09:50:00,27.25,27.62,27.1511,27.24,164599
2026-05-21 09:55:00,27.24,27.43,27.1,27.41,35460
2026-05-21 10:00:00,27.42,28.0954,27.42,28.04,77776
2026-05-21 10:05:00,28.07,28.09,27.5421,27.74,59576
2026-05-21 10:10:00,27.74,27.81,27.3801,27.75,50362
2026-05-21 10:15:00,27.67,27.71,27.44,27.4784,135588
2026-05-21 10:20:00,27.38,27.55,26.811,27.36,20672
2026-05-21 10:25:00,27.28,27.44,27.2,27.31,18669
2026-05-21 10:30:00,27.29,27.45,27.19,27.19,15877
2026-05-21 10:35:00,27.2904,27.5592,27.2904,27.51,10450
2026-05-21 10:40:00,27.6075,28.12,27.58,27.855,22162
2026-05-21 10:45:00,27.8,27.93,27.64,27.65,6906
2026-05-21 10:50:00,27.56,27.605,27.319,27.54,20932
2026-05-21 10:55:00,27.53,27.53,26.77,26.805,15295
2026-05-21 11:00:00,26.8,26.82,26.1307,26.1307,26035
2026-05-21 11:05:00,26.1777,26.1777,25.4,25.4,53620
2026-05-21 11:10:00,25.4,25.87,24.91,25.81,37894
2026-05-21 11:15:00,25.79,25.79,25.375,25.4,40593
2026-05-21 11:20:00,25.4201,25.81,25.21,25.81,20128
2026-05-21 11:25:00,25.8699,26.01,25.75,25.97,8899
2026-05-21 11:30:00,25.915,26.28,25.86,26.01,15710
2026-05-21 11:35:00,26,26.4945,26,26.4801,8875
2026-05-21 11:40:00,26.65,27.1,26.585,27.1,21341
2026-05-21 11:45:00,27.3,27.7199,27.2605,27.28,36750
2026-05-21 11:50:00,27.27,27.33,27.06,27.072,19304
2026-05-21 11:55:00,27.13,27.37,27.1,27.3001,58109
2026-05-21 12:00:00,27.29,27.56,27.29,27.56,34995
2026-05-21 12:05:00,27.54,27.57,27.38,27.48,8419
2026-05-21 12:10:00,27.545,27.73,27.5,27.73,12478
2026-05-21 12:15:00,27.72,27.75,27.4,27.41,7798
2026-05-21 12:20:00,27.38,27.42,27.2405,27.2901,6571
2026-05-21 12:25:00,27.355,27.36,27.2,27.36,6923
2026-05-21 12:30:00,27.345,27.55,27.32,27.55,6437
2026-05-21 12:35:00,27.49,27.56,27.46,27.56,2468
2026-05-21 12:40:00,27.57,27.65,27.56,27.57,4027
2026-05-21 12:45:00,27.56,27.59,27.49,27.55,2187
2026-05-21 12:50:00,27.52,27.52,27.34,27.5,4890
2026-05-21 12:55:00,27.5521,27.57,27.4401,27.52,5664
2026-05-21 13:00:00,27.555,27.555,27.505,27.55,961
2026-05-21 13:05:00,27.58,27.6,27.5,27.572,7450
2026-05-21 13:10:00,27.64,27.7728,27.64,27.67,6157
2026-05-21 13:15:00,27.65,28,27.65,27.93,18655
2026-05-21 13:20:00,28.04,28.05,27.93,28.05,6657
2026-05-21 13:25:00,28.1,28.2,28.03,28.2,8786
2026-05-21 13:30:00,28.16,28.42,28.14,28.2973,20419
2026-05-21 13:35:00,28.28,28.5,28.28,28.5,16569
2026-05-21 13:40:00,28.53,28.66,28.44,28.66,28450
2026-05-21 13:45:00,28.63,29.09,28.63,28.98,27980
2026-05-21 13:50:00,28.95,29.12,28.95,29.07,17794
2026-05-21 13:55:00,29.04,29.05,28.89,28.91,30883
2026-05-21 14:00:00,28.87,29.05,28.8001,28.96,17051
2026-05-21 14:05:00,28.87,28.9,28.775,28.8,3646
2026-05-21 14:10:00,28.8,28.86,28.615,28.615,7599
2026-05-21 14:15:00,28.565,28.76,28.52,28.76,13418
2026-05-21 14:20:00,28.73,28.76,28.68,28.76,6125
2026-05-21 14:25:00,28.76,28.85,28.69,28.7,6851
2026-05-21 14:30:00,28.75,28.775,28.73,28.75,1317
2026-05-21 14:35:00,28.4099,28.4099,28.32,28.36,1392
2026-05-21 14:40:00,28.4,28.4,28.291,28.33,2514
2026-05-21 14:45:00,28.39,28.39,28.3,28.3,1720
2026-05-21 14:50:00,28.3,28.4,28.2301,28.2301,1375
2026-05-21 14:55:00,28.051,28.2288,27.97,28.071,5033
2026-05-21 15:00:00,28.105,28.22,28.075,28.155,3830
2026-05-21 15:05:00,28.18,28.2221,28.0301,28.195,5660
2026-05-21 15:10:00,28.1314,28.24,28.1314,28.2147,2885
2026-05-21 15:15:00,28.3,28.35,28.27,28.27,3972
2026-05-21 15:20:00,28.28,28.37,28.27,28.37,862
2026-05-21 15:25:00,28.345,28.36,28.2601,28.36,3723
2026-05-21 15:30:00,28.32,28.34,28.32,28.34,1370
2026-05-21 15:35:00,28.44,28.46,28.44,28.46,800
2026-05-21 15:40:00,28.659,28.75,28.535,28.65,2020
2026-05-21 15:45:00,28.62,28.73,28.62,28.7,12985
2026-05-21 15:50:00,28.67,29,28.67,28.96,10492
2026-05-21 15:55:00,29.01,29.11,28.995,28.995,15718
2026-05-21 16:00:00,28.96,29.1,28.79,28.87,2792
2026-05-21 16:05:00,28.81,28.87,28.81,28.87,800
2026-05-21 16:10:00,28.96,28.96,28.92,28.92,633
2026-05-21 16:15:00,28.9,28.93,28.8,28.8,1226
2026-05-21 16:20:00,28.81,28.84,28.8,28.8,1570
2026-05-21 16:25:00,28.78,28.78,28.78,28.78,100
2026-05-21 16:30:00,28.75,28.75,28.75,28.75,300
2026-05-21 16:35:00,28.7,28.834,28.7,28.834,400
2026-05-21 16:40:00,28.66,28.81,28.66,28.72,529
2026-05-21 16:55:00,28.72,28.72,28.68,28.7,968
2026-05-21 17:00:00,28.67,28.67,28.67,28.67,200
2026-05-21 17:05:00,28.67,28.67,28.67,28.67,110
2026-05-21 17:10:00,28.68,28.7,28.68,28.7,888
2026-05-21 17:15:00,28.65,28.8,28.65,28.77,1394
2026-05-21 17:30:00,28.79,28.79,28.65,28.65,424
2026-05-21 17:35:00,28.8,28.8,28.8,28.8,100
2026-05-21 17:40:00,28.75,28.75,28.75,28.75,197
2026-05-21 17:45:00,28.78,28.78,28.7,28.7,586
2026-05-21 17:50:00,28.75,28.75,28.75,28.75,234
2026-05-21 17:55:00,28.75,28.78,28.75,28.78,330
2026-05-21 18:00:00,28.7511,28.7511,28.7511,28.7511,103
2026-05-21 18:05:00,28.93,28.93,28.93,28.93,517
2026-05-21 18:15:00,28.94,29,28.94,28.99,2350
2026-05-21 18:20:00,28.94,28.99,28.93,28.96,930
2026-05-21 18:25:00,28.98,28.98,28.9,28.9,350
2026-05-21 18:30:00,28.999,28.999,28.999,28.999,100
2026-05-21 18:35:00,28.95,28.95,28.95,28.95,300
2026-05-21 18:40:00,28.96,29,28.96,29,1354
2026-05-21 18:45:00,29,29,29,29,563
2026-05-21 18:50:00,29.1,29.1,29.0999,29.0999,340
2026-05-21 18:55:00,29.1,29.1,29.09,29.09,500
2026-05-21 19:00:00,29.12,29.14,29,29.14,3309
2026-05-21 19:05:00,29.16,29.16,29.08,29.08,3095
2026-05-21 19:10:00,29.16,29.16,29.16,29.16,315
2026-05-21 19:15:00,28.83,28.83,28.83,28.83,500
2026-05-21 19:25:00,29.1,29.1,29.1,29.1,453
2026-05-21 19:30:00,29.0989,29.0989,29.0989,29.0989,150
2026-05-21 19:35:00,29.09,29.09,29.02,29.09,500
2026-05-21 19:40:00,29.1,29.1,29.0988,29.0988,404
2026-05-21 19:45:00,29.1,29.16,29.1,29.14,1350
2026-05-21 19:50:00,29.1001,29.1001,29.1,29.1,700
2026-05-22 04:00:00,29.89,30.19,29.61,30,33798
2026-05-22 04:05:00,29.9,30.14,29.9,30.05,7386
2026-05-22 04:10:00,30.1,30.29,30.1,30.19,2352
2026-05-22 04:15:00,30.47,30.47,30.26,30.28,720
2026-05-22 04:20:00,30.2,30.24,30.15,30.16,700
2026-05-22 04:25:00,30.1,30.25,30.01,30.25,635
2026-05-22 04:30:00,30.21,30.26,30.21,30.21,4277
2026-05-22 04:35:00,30.21,30.21,29.97,29.97,3353
2026-05-22 04:40:00,29.97,29.97,29.9,29.9,2493
2026-05-22 04:45:00,29.9,29.98,29.9,29.98,5692
2026-05-22 04:50:00,30,30.03,30,30,12488
2026-05-22 04:55:00,29.9,29.92,29.46,29.5,16269
2026-05-22 05:00:00,29.36,29.36,29.08,29.23,2739
2026-05-22 05:05:00,29.26,29.34,29.1,29.1,2800
2026-05-22 05:10:00,29.2,29.27,29.2,29.27,442
2026-05-22 05:15:00,29.18,29.18,29,29.0031,8230
2026-05-22 05:20:00,29,29.081,28.97,29.08,18799
2026-05-22 05:25:00,28.96,28.96,28.79,28.79,450
2026-05-22 05:30:00,28.71,29,28.7,28.88,4849
2026-05-22 05:35:00,29.01,29.11,29.01,29.11,17156
2026-05-22 05:40:00,29.11,29.11,28.89,28.89,5905
2026-05-22 05:45:00,29.09,29.11,29.09,29.11,4092
2026-05-22 05:50:00,29.24,29.39,29.24,29.39,330
2026-05-22 05:55:00,29.25,29.25,29.25,29.25,169
2026-05-22 06:00:00,29.11,29.11,29,29,397
2026-05-22 06:05:00,28.61,28.92,28.61,28.92,24746
2026-05-22 06:10:00,28.85,28.85,28.85,28.85,200
2026-05-22 06:15:00,28.7,28.7,28.57,28.57,200
2026-05-22 06:20:00,28.42,28.43,28.42,28.4203,822
2026-05-22 06:25:00,28.43,28.43,28.3,28.3,1215
2026-05-22 06:30:00,28.3,28.3,28.1,28.21,1944
2026-05-22 06:35:00,28.2,28.5,28.15,28.5,1284
2026-05-22 06:40:00,28.48,28.48,28.48,28.48,171
2026-05-22 06:45:00,28.33,28.33,28.33,28.33,600
2026-05-22 06:50:00,28.79,28.8,28.72,28.72,1700
2026-05-22 06:55:00,28.6,28.64,28.6,28.64,500
2026-05-22 07:00:00,28.89,29.1,28.89,29.1,4354
2026-05-22 07:05:00,29.07,29.1,28.99,29,1672
2026-05-22 07:10:00,28.95,28.95,28.64,28.64,2132
2026-05-22 07:15:00,28.6,28.6,28.6,28.6,791
2026-05-22 07:20:00,28.85,28.85,28.78,28.8,1318
2026-05-22 07:25:00,28.78,28.78,28.78,28.78,1630
2026-05-22 07:30:00,28.96,28.96,28.96,28.96,200
2026-05-22 07:35:00,29,29.07,29,29.07,4975
2026-05-22 07:40:00,29.13,29.13,29.129,29.129,400
2026-05-22 07:45:00,29.12,29.25,29.12,29.25,4395
2026-05-22 07:50:00,29.18,29.3,29.18,29.3,4426
2026-05-22 07:55:00,29.4,29.4,29.4,29.4,300
2026-05-22 08:00:00,29.48,29.7,29.41,29.7,4309
2026-05-22 08:05:00,29.77,29.77,29.7,29.7,200
2026-05-22 08:10:00,29.43,29.68,29.39,29.62,1267
2026-05-22 08:15:00,29.61,29.62,29.52,29.52,1060
2026-05-22 08:20:00,29.484,29.484,29.39,29.47,1230
2026-05-22 08:25:00,29.5,29.59,29.5,29.59,650
2026-05-22 08:30:00,29.83,29.83,29.68,29.68,628
2026-05-22 08:35:00,29.69,29.74,29.69,29.74,710
2026-05-22 08:40:00,29.74,29.76,29.69,29.7,1574
2026-05-22 08:45:00,29.79,29.86,29.79,29.83,895
2026-05-22 08:50:00,29.8757,30.15,29.8757,30.13,6007
2026-05-22 08:55:00,30.01,30.01,29.91,29.99,1739
2026-05-22 09:00:00,30.07,30.07,29.7,29.7,500
2026-05-22 09:05:00,29.79,29.98,29.79,29.94,500
2026-05-22 09:10:00,29.83,29.83,29.79,29.79,4756
2026-05-22 09:15:00,29.7,29.799,29.67,29.799,2200
2026-05-22 09:20:00,29.52,29.52,29.52,29.52,131
2026-05-22 09:25:00,29.43,29.55,29.16,29.2,20246
2026-05-22 09:30:00,29.22,31.33,29.2,31.33,139474
2026-05-22 09:35:00,31.31,32.47,31.26,32.41,274239
2026-05-22 09:40:00,32.4538,32.64,31.4379,31.64,200275
2026-05-22 09:45:00,31.68,32.7,31.67,32.56,147382
2026-05-22 09:50:00,32.5,32.81,32.25,32.78,117091
2026-05-22 09:55:00,32.75,32.81,32.2,32.74,59685
2026-05-22 10:00:00,32.8,32.88,32.135,32.48,67635
2026-05-22 10:05:00,32.515,33.88,32.51,33.61,185166
2026-05-22 10:10:00,33.56,34.4499,33.415,34.23,164730
2026-05-22 10:15:00,34.215,34.67,33.74,33.97,179575
2026-05-22 10:20:00,34,34.36,33.78,34.35,57608
2026-05-22 10:25:00,34.36,35.43,34.36,35.43,77758
2026-05-22 10:30:00,35.44,36.22,34.98,36.22,117245
2026-05-22 10:35:00,36.198,36.1998,35.6418,36.0883,63306
2026-05-22 10:40:00,36.015,36.5,35.89,36.3947,161135
2026-05-22 10:45:00,36.39,36.4484,35.62,35.62,138611
2026-05-22 10:50:00,35.7,35.7733,35.38,35.47,73420
2026-05-22 10:55:00,35.36,36.33,35.36,36.3,26187
2026-05-22 11:00:00,36.3,36.84,36.26,36.82,75161
2026-05-22 11:05:00,36.79,36.89,36.4313,36.66,43392
2026-05-22 11:10:00,36.5,36.6,36.32,36.435,19361
2026-05-22 11:15:00,36.44,36.69,36.31,36.57,29948
2026-05-22 11:20:00,36.435,36.81,36.34,36.5927,14996
2026-05-22 11:25:00,36.655,36.91,36.1601,36.21,66321
2026-05-22 11:30:00,36.14,36.14,35.74,35.86,74794
2026-05-22 11:35:00,35.85,36.2,35.76,36.2,15087
2026-05-22 11:40:00,36.245,36.72,36.07,36.61,31062
2026-05-22 11:45:00,36.62,36.974,36.55,36.6968,34183
2026-05-22 11:50:00,36.64,37.31,36,36.13,69322
2026-05-22 11:55:00,36.16,36.16,35.81,35.9,30230
2026-05-22 12:00:00,35.96,35.97,35.56,35.765,17191
2026-05-22 12:05:00,35.7301,36.12,35.71,36.04,6746
2026-05-22 12:10:00,36.06,36.19,35.9301,36.07,67755
2026-05-22 12:15:00,36.11,36.11,35.7,35.7,11713
2026-05-22 12:20:00,35.685,36.1,35.675,36.09,36201
2026-05-22 12:25:00,36.1,36.2,35.87,36.2,10293
2026-05-22 12:30:00,36.16,36.16,35.81,35.996,3453
2026-05-22 12:35:00,35.8218,35.935,35.74,35.79,18694
2026-05-22 12:40:00,35.75,35.8,35.6,35.77,21503
2026-05-22 12:45:00,35.73,35.94,35.7,35.7,3826
2026-05-22 12:50:00,35.71,36,35.64,35.82,12318
2026-05-22 12:55:00,35.88,36.17,35.44,35.52,14463
2026-05-22 13:00:00,35.56,35.69,35.45,35.69,4736
2026-05-22 13:05:00,35.7,35.7,35.54,35.67,8055
2026-05-22 13:10:00,35.74,36.02,35.74,35.98,3662
2026-05-22 13:15:00,36,36,35.67,35.6843,8134
2026-05-22 13:20:00,35.63,35.95,35.63,35.8401,2042
2026-05-22 13:25:00,35.9899,36,35.845,35.93,4690
2026-05-22 13:30:00,35.94,35.98,35.7997,35.83,3562
2026-05-22 13:35:00,35.86,36,35.695,36,3780
2026-05-22 13:40:00,36,36.05,35.96,36.05,2179
2026-05-22 13:45:00,35.85,36.03,35.81,35.88,8031
2026-05-22 13:50:00,35.89,35.91,35.751,35.7515,2966
2026-05-22 13:55:00,35.7275,35.815,35.67,35.68,8835
2026-05-22 14:00:00,35.8,35.85,35.65,35.75,10195
2026-05-22 14:05:00,35.77,36.28,35.77,36.26,1846
2026-05-22 14:10:00,36.3,36.3,36.13,36.16,6557
2026-05-22 14:15:00,35.98,36.07,35.98,36.07,930
2026-05-22 14:20:00,36.02,36.22,36.02,36.2,5258
2026-05-22 14:25:00,36.1419,36.3,36.1419,36.3,4199
2026-05-22 14:30:00,36.275,36.275,36.17,36.185,2261
2026-05-22 14:35:00,36.1596,36.2,36.08,36.15,5569
2026-05-22 14:40:00,36.21,36.44,36.1696,36.35,8742
2026-05-22 14:45:00,36.33,36.62,36.24,36.57,5067
2026-05-22 14:50:00,36.57,36.57,36.43,36.5,5525
2026-05-22 14:55:00,36.4737,36.54,36.31,36.31,7619
2026-05-22 15:00:00,36.2,36.242,35.8495,35.96,10859
2026-05-22 15:05:00,35.9505,36.41,35.639,35.965,41131
2026-05-22 15:10:00,35.965,35.965,35.6701,35.72,1825
2026-05-22 15:15:00,35.7,35.71,35.57,35.5948,7556
2026-05-22 15:20:00,35.5,35.53,35.31,35.32,7104
2026-05-22 15:25:00,35.29,35.3513,35.1,35.24,6670
2026-05-22 15:30:00,35.17,35.5298,35.17,35.45,8842
2026-05-22 15:35:00,35.6,35.73,35.56,35.695,4930
2026-05-22 15:40:00,35.705,35.705,35.43,35.608,4906
2026-05-22 15:45:00,35.53,35.66,35.49,35.52,22320
2026-05-22 15:50:00,35.51,35.6,35.4,35.55,8936
2026-05-22 15:55:00,35.4,35.78,35.4,35.68,45200
2026-05-22 16:00:00,35.72,35.72,35.56,35.56,1016
2026-05-22 16:05:00,35.72,35.72,35.72,35.72,135
2026-05-22 16:10:00,35.79,35.96,35.79,35.8,974
2026-05-22 16:20:00,35.67,35.67,35.5,35.5,660
2026-05-22 16:25:00,35.64,35.64,35.57,35.57,550
2026-05-22 16:30:00,35.64,35.64,35.6,35.6,679
2026-05-22 16:35:00,35.59,35.59,35.5,35.51,4053
2026-05-22 16:40:00,35.54,35.58,35.42,35.45,1762
2026-05-22 16:45:00,35.38,35.42,35.35,35.35,1254
2026-05-22 16:50:00,35.34,35.5,35.34,35.35,4264
2026-05-22 16:55:00,35.46,35.47,35.351,35.351,400
2026-05-22 17:00:00,35.4,35.5,35.4,35.5,432
2026-05-22 17:50:00,35.51,35.51,35.5,35.5,1184
2026-05-22 17:55:00,35.4827,35.4827,35.4827,35.4827,200
2026-05-22 18:00:00,35.4,35.4,35.3,35.3,8543
2026-05-22 18:05:00,35.36,35.36,35.36,35.36,100
2026-05-22 18:10:00,35.36,35.36,35.36,35.36,142
2026-05-22 18:15:00,35.3,35.3,35.3,35.3,344
2026-05-22 18:20:00,35.34,35.55,35.34,35.55,330
2026-05-22 18:25:00,35.48,35.48,35.48,35.48,149
2026-05-22 18:30:00,35.52,35.5235,35.52,35.5235,480
2026-05-22 18:40:00,35.48,35.48,35.48,35.48,593
2026-05-22 18:45:00,35.4,35.4,35.34,35.34,537
2026-05-22 18:50:00,35.52,35.52,35.52,35.52,200
2026-05-22 18:55:00,35.38,35.38,35.38,35.38,100
2026-05-22 19:00:00,35.4,35.4,35.37,35.37,600
2026-05-22 19:20:00,35.35,35.35,35.35,35.35,771
2026-05-22 19:25:00,35.34,35.34,35.34,35.34,100
2026-05-22 19:30:00,35.32,35.32,35.32,35.32,200
2026-05-22 19:45:00,35.49,35.49,35.49,35.49,293
2026-05-22 19:50:00,35.54,35.57,35.31,35.31,350
2026-05-22 19:55:00,35.58,35.58,35.58,35.58,427