2026-04-22 07:00:00,131,131,131,131,500
2026-04-22 07:10:00,130.7072,130.7072,130.7072,130.7072,761
2026-04-22 07:20:00,130.09,130.3251,130.09,130.3251,200
2026-04-22 07:35:00,130.22,130.3,130.22,130.3,2474
2026-04-22 07:40:00,130.3999,130.3999,130.3999,130.3999,2939
2026-04-22 07:55:00,129.2,129.2,129.2,129.2,800
2026-04-22 08:25:00,130.49,130.49,129.2,129.2,604
2026-04-22 09:05:00,130.05,130.05,130,130,1700
2026-04-22 09:15:00,130.766,130.766,130.766,130.766,100
2026-04-22 09:25:00,130.04,130.07,130.04,130.07,557
2026-04-22 09:30:00,130.09,130.2,129.77,129.95,16175
2026-04-22 09:35:00,129.91,130.12,129.855,129.99,2716
2026-04-22 09:40:00,129.91,130.15,129.81,130.15,4457
2026-04-22 09:45:00,130,130,129.4,129.5,3970
2026-04-22 09:50:00,129.6,129.665,129.29,129.575,6948
2026-04-22 09:55:00,129.54,129.54,129.34,129.48,2945
2026-04-22 10:00:00,129.485,129.6,129.39,129.39,4444
2026-04-22 10:05:00,129.26,129.315,129.16,129.245,6821
2026-04-22 10:10:00,129.47,129.57,129.305,129.57,2941
2026-04-22 10:15:00,129.595,129.66,129.55,129.62,5747
2026-04-22 10:20:00,129.64,129.83,129.5202,129.7274,3876
2026-04-22 10:25:00,129.64,129.75,129.57,129.615,4053
2026-04-22 10:30:00,129.65,129.67,129.5,129.5,5356
2026-04-22 10:35:00,129.51,129.95,129.49,129.95,10394
2026-04-22 10:40:00,129.81,129.81,129.575,129.575,4554
2026-04-22 10:45:00,129.6302,129.755,129.6302,129.67,3877
2026-04-22 10:50:00,129.64,129.64,129.33,129.33,3733
2026-04-22 10:55:00,129.42,129.582,129.29,129.582,6646
2026-04-22 11:00:00,129.545,129.545,129.345,129.36,2565
2026-04-22 11:05:00,129.43,129.66,129.39,129.52,5048
2026-04-22 11:10:00,129.49,129.545,129.43,129.48,2952
2026-04-22 11:15:00,129.51,129.6099,129.465,129.56,3304
2026-04-22 11:20:00,129.59,129.7,129.4201,129.63,3426
2026-04-22 11:25:00,129.5778,129.72,129.555,129.72,4549
2026-04-22 11:30:00,129.72,129.81,129.7101,129.81,3428
2026-04-22 11:35:00,129.73,129.77,129.645,129.77,3290
2026-04-22 11:40:00,129.78,129.78,129.46,129.46,2416
2026-04-22 11:45:00,129.46,129.73,129.415,129.715,5736
2026-04-22 11:50:00,129.68,129.7,129.62,129.67,2775
2026-04-22 11:55:00,129.6301,129.71,129.525,129.525,3522
2026-04-22 12:00:00,129.57,129.635,129.49,129.635,3656
2026-04-22 12:05:00,129.71,129.79,129.6414,129.65,6932
2026-04-22 12:10:00,129.665,129.71,129.54,129.65,3653
2026-04-22 12:15:00,129.56,129.74,129.56,129.62,2657
2026-04-22 12:20:00,129.55,129.74,129.53,129.74,8967
2026-04-22 12:25:00,129.7,129.73,129.62,129.62,1867
2026-04-22 12:30:00,129.64,129.65,129.53,129.6,4144
2026-04-22 12:35:00,129.7,129.755,129.64,129.74,1562
2026-04-22 12:40:00,129.68,129.73,129.52,129.58,3505
2026-04-22 12:45:00,129.57,129.69,129.57,129.69,2247
2026-04-22 12:50:00,129.61,129.65,129.53,129.65,1294
2026-04-22 12:55:00,129.615,129.615,129.52,129.52,2412
2026-04-22 13:00:00,129.555,129.78,129.555,129.78,6055
2026-04-22 13:05:00,129.6529,129.845,129.6529,129.78,2625
2026-04-22 13:10:00,129.79,129.969,129.79,129.82,2375
2026-04-22 13:15:00,129.86,129.86,129.76,129.76,2507
2026-04-22 13:20:00,129.8,129.97,129.8,129.97,1635
2026-04-22 13:25:00,129.92,130,129.91,129.935,4518
2026-04-22 13:30:00,130,130.025,129.95,129.95,4349
2026-04-22 13:35:00,129.95,130.0299,129.9401,129.9401,2165
2026-04-22 13:40:00,129.975,130.065,129.975,130.065,2950
2026-04-22 13:45:00,130.03,130.06,129.945,130.04,3402
2026-04-22 13:50:00,130.105,130.11,130.05,130.05,4586
2026-04-22 13:55:00,130.01,130.02,129.97,129.97,2065
2026-04-22 14:00:00,129.97,130.0699,129.95,130.0699,4267
2026-04-22 14:05:00,129.96,130.005,129.93,129.93,2798
2026-04-22 14:10:00,130,130,129.9787,129.9787,578
2026-04-22 14:15:00,129.95,130,129.82,129.91,3166
2026-04-22 14:20:00,129.87,129.875,129.745,129.805,3270
2026-04-22 14:25:00,129.87,129.905,129.84,129.855,2098
2026-04-22 14:30:00,129.845,129.9399,129.845,129.89,4521
2026-04-22 14:35:00,129.895,129.91,129.82,129.91,4441
2026-04-22 14:40:00,129.88,130.09,129.88,129.98,2119
2026-04-22 14:45:00,130,130.075,130,130.065,2866
2026-04-22 14:50:00,130.07,130.1878,130.07,130.09,2903
2026-04-22 14:55:00,130.1621,130.1621,129.94,129.94,3848
2026-04-22 15:00:00,129.94,129.94,129.58,129.635,7565
2026-04-22 15:05:00,129.65,129.94,129.63,129.94,2604
2026-04-22 15:10:00,129.7701,130.05,129.7701,130.05,5664
2026-04-22 15:15:00,130.07,130.25,130.03,130.25,4968
2026-04-22 15:20:00,130.225,130.27,130.0548,130.0548,2123
2026-04-22 15:25:00,130.15,130.24,130.07,130.07,16602
2026-04-22 15:30:00,130.11,130.18,130,130.14,8112
2026-04-22 15:35:00,130.13,130.18,130.05,130.11,13582
2026-04-22 15:40:00,130.11,130.18,130.11,130.1787,2463
2026-04-22 15:45:00,130.14,130.1899,130.09,130.15,9265
2026-04-22 15:50:00,130.19,130.21,130.05,130.19,4526
2026-04-22 15:55:00,130.19,130.3,130.125,130.25,6878
2026-04-22 16:00:00,130.25,130.25,130.25,130.25,1362
2026-04-22 17:55:00,130.3,130.3,130.3,130.3,100
2026-04-22 18:20:00,130.392,130.392,130.392,130.392,200
2026-04-23 04:00:00,130.19,130.25,130.19,130.25,1442
2026-04-23 05:25:00,129.82,129.82,129.82,129.82,120
2026-04-23 06:55:00,129.63,129.63,129.63,129.63,100
2026-04-23 07:00:00,129.7935,129.7935,129.7935,129.7935,100
2026-04-23 07:05:00,129.7935,129.7935,129.7935,129.7935,100
2026-04-23 07:55:00,130.38,130.38,130.38,130.38,239
2026-04-23 08:20:00,130.713,130.713,130.713,130.713,100
2026-04-23 09:15:00,130.4917,130.4917,130.4917,130.4917,500
2026-04-23 09:25:00,130.51,130.51,130.51,130.51,500
2026-04-23 09:30:00,130.46,130.69,130.2801,130.5,25243
2026-04-23 09:35:00,130.701,131.13,130.57,131.11,4303
2026-04-23 09:40:00,131.035,131.2383,131.035,131.2134,1908
2026-04-23 09:45:00,131.215,131.25,130.94,131.03,4111
2026-04-23 09:50:00,131.045,131.11,130.78,130.9,6667
2026-04-23 09:55:00,130.82,130.82,130.5,130.655,3172
2026-04-23 10:00:00,130.48,130.48,130.03,130.35,10289
2026-04-23 10:05:00,130.44,130.7399,130.21,130.54,5758
2026-04-23 10:10:00,130.59,130.59,130.1,130.1,6949
2026-04-23 10:15:00,130.2,130.51,130.17,130.245,5361
2026-04-23 10:20:00,130.26,130.59,130.26,130.575,8057
2026-04-23 10:25:00,130.575,130.9299,130.52,130.6,5059
2026-04-23 10:30:00,130.815,131.1,130.815,130.975,5408
2026-04-23 10:35:00,130.91,131.1,130.82,130.83,2452
2026-04-23 10:40:00,130.82,130.82,130.66,130.695,1072
2026-04-23 10:45:00,130.97,131.04,130.845,131.005,3919
2026-04-23 10:50:00,130.98,131.17,130.96,131.17,797
2026-04-23 10:55:00,131.19,131.35,131.175,131.31,2793
2026-04-23 11:00:00,131.27,131.415,131.27,131.35,4550
2026-04-23 11:05:00,131.315,131.32,131.1496,131.29,2608
2026-04-23 11:10:00,131.3,131.405,131.3,131.37,7410
2026-04-23 11:15:00,131.33,131.44,131.215,131.44,2526
2026-04-23 11:20:00,131.47,131.47,131.305,131.469,4846
2026-04-23 11:25:00,131.354,131.42,131.31,131.32,3605
2026-04-23 11:30:00,131.24,131.42,131.24,131.335,2963
2026-04-23 11:35:00,131.335,131.335,131.185,131.2355,2176
2026-04-23 11:40:00,131.27,131.27,131.095,131.095,2122
2026-04-23 11:45:00,131.105,131.105,130.65,130.69,8149
2026-04-23 11:50:00,130.65,130.72,130.55,130.55,11122
2026-04-23 11:55:00,130.56,130.8299,130.56,130.8299,10902
2026-04-23 12:00:00,130.84,130.84,130.55,130.56,2424
2026-04-23 12:05:00,130.48,130.67,130.48,130.62,1548
2026-04-23 12:10:00,130.66,130.75,130.66,130.75,482
2026-04-23 12:15:00,130.87,130.8986,130.8,130.84,1664
2026-04-23 12:20:00,130.84,130.84,130.725,130.82,2750
2026-04-23 12:25:00,130.92,130.97,130.8,130.8,2818
2026-04-23 12:30:00,130.84,130.9199,130.84,130.89,1893
2026-04-23 12:35:00,130.91,130.97,130.825,130.825,5845
2026-04-23 12:40:00,130.8199,130.9,130.75,130.9,2140
2026-04-23 12:45:00,130.9,130.96,130.765,130.765,2440
2026-04-23 12:50:00,130.865,130.94,130.79,130.81,2317
2026-04-23 12:55:00,130.91,130.92,130.8,130.83,2946
2026-04-23 13:00:00,130.815,130.85,130.175,130.175,7031
2026-04-23 13:05:00,130.095,130.195,129.7901,129.7901,7106
2026-04-23 13:10:00,129.73,129.85,129.6,129.665,5451
2026-04-23 13:15:00,129.635,129.635,129.26,129.26,3941
2026-04-23 13:20:00,129.37,129.37,129.18,129.235,3862
2026-04-23 13:25:00,129.1601,129.58,129.1,129.1,3544
2026-04-23 13:30:00,129.34,129.48,129.22,129.48,2595
2026-04-23 13:35:00,129.65,129.6557,129.205,129.24,4061
2026-04-23 13:40:00,129.28,129.28,128.33,128.4,10573
2026-04-23 13:45:00,128.21,128.46,128,128.335,9094
2026-04-23 13:50:00,128.3251,129.14,128.15,129.14,6183
2026-04-23 13:55:00,129.14,129.6499,129.14,129.61,1937
2026-04-23 14:00:00,129.61,129.8,129.435,129.59,5534
2026-04-23 14:05:00,129.58,129.92,129.58,129.81,981
2026-04-23 14:10:00,129.8771,129.91,129.75,129.83,2783
2026-04-23 14:15:00,129.8634,129.98,129.8,129.83,2242
2026-04-23 14:20:00,129.845,129.9199,129.5975,129.735,2470
2026-04-23 14:25:00,129.725,129.87,129.645,129.87,1863
2026-04-23 14:30:00,129.89,130.06,129.89,130.05,2229
2026-04-23 14:35:00,130.125,130.125,129.98,129.98,700
2026-04-23 14:40:00,129.928,129.95,129.8,129.95,2033
2026-04-23 14:45:00,129.925,129.98,129.7,129.7,3614
2026-04-23 14:50:00,129.68,129.68,129.625,129.65,3787
2026-04-23 14:55:00,129.66,129.66,129.1818,129.22,5218
2026-04-23 15:00:00,129.42,129.42,129.12,129.18,2773
2026-04-23 15:05:00,129.205,129.49,129.205,129.345,2286
2026-04-23 15:10:00,129.48,129.48,129.29,129.29,1221
2026-04-23 15:15:00,129.42,129.57,129.42,129.485,1007
2026-04-23 15:20:00,129.43,129.48,129.41,129.45,3177
2026-04-23 15:25:00,129.44,129.48,129.42,129.42,4891
2026-04-23 15:30:00,129.42,129.4799,129.27,129.27,3199
2026-04-23 15:35:00,129.2903,129.2903,129.09,129.16,10039
2026-04-23 15:40:00,129.23,129.3,129.21,129.21,5868
2026-04-23 15:45:00,129.23,129.41,129.215,129.41,2194
2026-04-23 15:50:00,129.41,129.655,129.2,129.655,11461
2026-04-23 15:55:00,129.705,129.93,129.645,129.76,4751
2026-04-23 16:00:00,129.75,129.75,129.75,129.75,751
2026-04-23 16:35:00,129.88,129.88,129.88,129.88,100
2026-04-24 04:00:00,131.48,131.48,131.48,131.48,108
2026-04-24 07:00:00,131.58,131.96,131.57,131.96,1691
2026-04-24 07:05:00,132.25,132.25,132.25,132.25,100
2026-04-24 07:30:00,133,133,133,133,206
2026-04-24 07:35:00,133.3187,133.5,133.3187,133.331,450
2026-04-24 08:00:00,132.93,132.93,132.93,132.93,109
2026-04-24 08:20:00,132.7032,132.7032,132.7017,132.7017,274
2026-04-24 08:35:00,132.2,132.2,132.2,132.2,900
2026-04-24 08:50:00,132.6997,132.6997,132.6997,132.6997,144
2026-04-24 09:25:00,132.45,132.5,132.45,132.5,6100
2026-04-24 09:30:00,132.5,132.89,132.37,132.69,22882
2026-04-24 09:35:00,132.5128,132.5734,132.2001,132.545,32878
2026-04-24 09:40:00,132.44,132.475,132.18,132.2,4744
2026-04-24 09:45:00,132.2486,132.26,131.65,131.94,3749
2026-04-24 09:50:00,131.825,131.825,131.15,131.15,5463
2026-04-24 09:55:00,131,131.55,130.76,131.545,6007
2026-04-24 10:00:00,131.435,131.71,131.25,131.51,8947
2026-04-24 10:05:00,131.38,131.93,131.365,131.92,8343
2026-04-24 10:10:00,131.69,132.06,131.65,131.77,3941
2026-04-24 10:15:00,131.745,131.94,131.66,131.66,14664
2026-04-24 10:20:00,131.805,131.805,131.475,131.71,21287
2026-04-24 10:25:00,131.71,131.71,131.325,131.55,4064
2026-04-24 10:30:00,131.61,131.61,131.37,131.395,2258
2026-04-24 10:35:00,131.59,131.78,131.44,131.78,3026
2026-04-24 10:40:00,131.8,131.89,131.8,131.89,436
2026-04-24 10:45:00,131.89,132.06,131.74,131.82,4070
2026-04-24 10:50:00,131.93,131.96,131.75,131.855,3333
2026-04-24 10:55:00,131.845,132.11,131.845,132.0505,7619
2026-04-24 11:00:00,132.05,132.18,132,132.18,1841
2026-04-24 11:05:00,132.14,132.17,132.02,132.08,3875
2026-04-24 11:10:00,132.01,132.14,132,132.065,10310
2026-04-24 11:15:00,132.13,132.19,131.8665,131.94,15578
2026-04-24 11:20:00,131.825,132.11,131.825,132.1082,752
2026-04-24 11:25:00,132.08,132.1,131.8101,131.8901,1333
2026-04-24 11:30:00,132.15,132.22,132.09,132.09,4587
2026-04-24 11:35:00,132.11,132.11,131.985,132.035,1845
2026-04-24 11:40:00,132.05,132.64,132.05,132.59,13696
2026-04-24 11:45:00,132.8799,132.89,132.47,132.61,4197
2026-04-24 11:50:00,132.75,132.9199,132.48,132.71,2928
2026-04-24 11:55:00,132.71,132.849,132.605,132.849,4465
2026-04-24 12:00:00,132.665,132.73,132.56,132.62,2683
2026-04-24 12:05:00,132.6552,132.75,132.435,132.44,3575
2026-04-24 12:10:00,132.53,132.695,132.46,132.62,2267
2026-04-24 12:15:00,132.6172,132.6172,132.52,132.53,885
2026-04-24 12:20:00,132.525,132.61,132.49,132.61,5143
2026-04-24 12:25:00,132.66,132.67,132.55,132.615,2198
2026-04-24 12:30:00,132.61,132.81,132.61,132.79,3180
2026-04-24 12:35:00,132.86,132.8885,132.7501,132.795,3164
2026-04-24 12:40:00,132.7,132.7,132.48,132.55,2341
2026-04-24 12:45:00,132.5433,132.76,132.5433,132.64,12402
2026-04-24 12:50:00,132.67,132.68,132.645,132.68,1983
2026-04-24 12:55:00,132.74,132.78,132.7,132.76,2947
2026-04-24 13:00:00,132.81,132.8745,132.75,132.75,2088
2026-04-24 13:05:00,132.755,132.8599,132.7,132.74,7999
2026-04-24 13:10:00,132.71,132.8,132.635,132.7575,1702
2026-04-24 13:15:00,132.73,132.73,132.595,132.69,1953
2026-04-24 13:20:00,132.69,132.7394,132.46,132.59,3113
2026-04-24 13:25:00,132.5908,132.68,132.57,132.61,6164
2026-04-24 13:30:00,132.585,132.69,132.54,132.69,3368
2026-04-24 13:35:00,132.7,132.79,132.6309,132.6309,1714
2026-04-24 13:40:00,132.68,132.76,132.68,132.74,2421
2026-04-24 13:45:00,132.765,132.81,132.765,132.77,4703
2026-04-24 13:50:00,132.77,132.99,132.75,132.91,7660
2026-04-24 13:55:00,132.859,132.895,132.845,132.895,800
2026-04-24 14:00:00,132.895,132.984,132.88,132.89,1113
2026-04-24 14:05:00,132.87,132.87,132.795,132.845,1010
2026-04-24 14:10:00,132.84,132.84,132.771,132.771,500
2026-04-24 14:15:00,132.89,132.89,132.691,132.7165,3692
2026-04-24 14:20:00,132.69,132.765,132.635,132.765,2796
2026-04-24 14:25:00,132.695,132.8499,132.695,132.73,2311
2026-04-24 14:30:00,132.8,132.87,132.775,132.84,1140
2026-04-24 14:35:00,132.95,132.97,132.9021,132.93,1862
2026-04-24 14:40:00,132.98,132.98,132.93,132.93,725
2026-04-24 14:45:00,132.87,132.925,132.86,132.86,708
2026-04-24 14:50:00,132.81,132.85,132.771,132.83,4155
2026-04-24 14:55:00,132.82,132.82,132.74,132.82,1157
2026-04-24 15:00:00,132.84,132.955,132.84,132.95,1937
2026-04-24 15:05:00,132.755,132.83,132.68,132.68,2401
2026-04-24 15:10:00,132.815,132.82,132.76,132.77,2946
2026-04-24 15:15:00,132.85,132.8799,132.7727,132.83,2139
2026-04-24 15:20:00,132.805,132.805,132.73,132.73,1200
2026-04-24 15:25:00,132.67,132.72,132.66,132.7,2544
2026-04-24 15:30:00,132.66,132.66,132.59,132.62,3964
2026-04-24 15:35:00,132.61,132.61,132.4,132.51,2152
2026-04-24 15:40:00,132.539,132.57,132.51,132.51,10497
2026-04-24 15:45:00,132.58,132.5899,132.5,132.5899,4269
2026-04-24 15:50:00,132.59,132.655,132.515,132.655,10860
2026-04-24 15:55:00,132.68,132.96,132.6008,132.96,6926
2026-04-24 16:00:00,132.79,132.79,132.79,132.79,760
2026-04-24 16:20:00,132.76,132.76,132.76,132.76,133
2026-04-24 17:30:00,133.5,133.5,133.5,133.5,100
2026-04-24 18:35:00,132.8,132.8,132.8,132.8,225
2026-04-27 04:00:00,133.45,133.45,133.45,133.45,100
2026-04-27 07:05:00,133.66,133.66,133.66,133.66,100
2026-04-27 07:10:00,133.83,133.83,133.2001,133.2001,215
2026-04-27 07:45:00,133.98,133.98,133.98,133.98,120
2026-04-27 08:00:00,133.93,133.93,133.93,133.93,100
2026-04-27 08:25:00,133.9,133.9,133.5,133.5,487
2026-04-27 08:50:00,134.4103,134.4103,134.4103,134.4103,100
2026-04-27 08:55:00,133.4,133.4,133.4,133.4,250
2026-04-27 09:00:00,134.4103,134.4103,134.4103,134.4103,100
2026-04-27 09:20:00,133.25,133.25,133.02,133.02,1145
2026-04-27 09:25:00,132.68,132.68,132.53,132.61,856
2026-04-27 09:30:00,132.61,132.78,132.09,132.33,21112
2026-04-27 09:35:00,132.5239,132.5239,131.985,131.985,4232
2026-04-27 09:40:00,131.92,132.089,131.5501,131.665,8536
2026-04-27 09:45:00,131.55,131.61,131.095,131.095,5738
2026-04-27 09:50:00,131.01,131.67,130.73,131.67,7180
2026-04-27 09:55:00,131.81,131.98,131.76,131.76,2609
2026-04-27 10:00:00,131.96,131.96,131.6,131.79,3732
2026-04-27 10:05:00,131.69,131.69,131.2501,131.2501,823
2026-04-27 10:10:00,131.43,131.78,131.43,131.73,3968
2026-04-27 10:15:00,131.55,131.6,131.374,131.5627,1479
2026-04-27 10:20:00,131.6,131.645,131.48,131.615,3712
2026-04-27 10:25:00,131.62,131.7,131.4,131.43,6593
2026-04-27 10:30:00,131.48,131.5199,131.16,131.5199,935
2026-04-27 10:35:00,131.41,131.72,131.36,131.54,5665
2026-04-27 10:40:00,131.43,131.5,131.28,131.305,806
2026-04-27 10:45:00,131.52,131.52,131.23,131.36,983
2026-04-27 10:50:00,131.35,131.46,131.01,131.065,4562
2026-04-27 10:55:00,131.16,131.2375,131,131.11,2519
2026-04-27 11:00:00,131.0101,131.135,130.9,130.955,3815
2026-04-27 11:05:00,130.94,131.19,130.94,131.19,1650
2026-04-27 11:10:00,131.185,131.27,131.0251,131.095,3240
2026-04-27 11:15:00,131.1,131.17,130.96,130.96,1634
2026-04-27 11:20:00,130.84,130.96,130.84,130.88,725
2026-04-27 11:25:00,130.84,131.01,130.815,130.94,3236
2026-04-27 11:30:00,131.01,131.09,131,131,3179
2026-04-27 11:35:00,131.04,131.14,131.005,131.033,2146
2026-04-27 11:40:00,131.0786,131.23,131.0786,131.225,1627
2026-04-27 11:45:00,131.14,131.2699,131.11,131.2699,730
2026-04-27 11:50:00,131.16,131.19,130.96,131.01,2555
2026-04-27 11:55:00,130.88,131.04,130.85,130.965,14346
2026-04-27 12:00:00,130.91,130.97,130.86,130.97,2805
2026-04-27 12:05:00,130.91,130.965,130.8601,130.965,2717
2026-04-27 12:10:00,130.9301,131.1,130.9301,131.05,1740
2026-04-27 12:15:00,131.09,131.17,131.06,131.13,1225
2026-04-27 12:20:00,131.11,131.1199,130.975,130.975,4038
2026-04-27 12:25:00,130.975,130.99,130.96,130.96,1181
2026-04-27 12:30:00,131,131.14,131,131.14,1906
2026-04-27 12:35:00,131.18,131.18,131.05,131.05,820
2026-04-27 12:40:00,131.01,131.2399,131.01,131.17,1071
2026-04-27 12:45:00,131.155,131.2499,131.155,131.16,2110
2026-04-27 12:50:00,131.2289,131.2289,131.06,131.099,1745
2026-04-27 12:55:00,131.04,131.04,130.9775,131.04,600
2026-04-27 13:00:00,131.158,131.22,131.1,131.13,1021
2026-04-27 13:05:00,131.14,131.14,131.05,131.06,2914
2026-04-27 13:10:00,131.135,131.195,131.07,131.17,1506
2026-04-27 13:15:00,131.1,131.205,130.92,130.955,3116
2026-04-27 13:20:00,130.95,131.12,130.95,131.1,3617
2026-04-27 13:25:00,131.1,131.19,131.1,131.17,2937
2026-04-27 13:30:00,131.24,131.3699,131.24,131.3699,1550
2026-04-27 13:35:00,131.37,131.375,131.338,131.37,743
2026-04-27 13:40:00,131.31,131.355,131.19,131.27,1680
2026-04-27 13:45:00,131.275,131.405,131.275,131.405,532
2026-04-27 13:50:00,131.345,131.345,131.25,131.25,3554
2026-04-27 13:55:00,131.295,131.36,131.2,131.24,4822
2026-04-27 14:00:00,131.285,131.335,131.255,131.32,544
2026-04-27 14:05:00,131.278,131.392,131.278,131.392,1841
2026-04-27 14:10:00,131.435,131.46,131.33,131.33,2916
2026-04-27 14:15:00,131.41,131.41,131.35,131.41,1020
2026-04-27 14:20:00,131.345,131.4799,131.345,131.46,2368
2026-04-27 14:25:00,131.425,131.5499,131.425,131.485,5680
2026-04-27 14:30:00,131.54,131.54,131.49,131.49,1238
2026-04-27 14:35:00,131.4901,131.6087,131.4901,131.56,1675
2026-04-27 14:40:00,131.57,131.575,131.45,131.47,3552
2026-04-27 14:45:00,131.43,131.455,131.395,131.45,1600
2026-04-27 14:50:00,131.55,131.5799,131.5,131.5799,2859
2026-04-27 14:55:00,131.425,131.51,131.34,131.4726,752
2026-04-27 15:00:00,131.51,131.52,131.43,131.48,4936
2026-04-27 15:05:00,131.5,131.53,131.44,131.4756,1133
2026-04-27 15:10:00,131.5299,131.7,131.5115,131.695,2890
2026-04-27 15:15:00,131.695,131.77,131.66,131.77,2101
2026-04-27 15:20:00,131.8155,131.855,131.71,131.71,2950
2026-04-27 15:25:00,131.7,131.765,131.63,131.765,1900
2026-04-27 15:30:00,131.715,131.82,131.715,131.74,3448
2026-04-27 15:35:00,131.75,131.75,131.635,131.7,3306
2026-04-27 15:40:00,131.77,131.77,131.65,131.74,5456
2026-04-27 15:45:00,131.75,131.93,131.75,131.91,3930
2026-04-27 15:50:00,131.93,131.945,131.88,131.945,1497
2026-04-27 15:55:00,131.94,131.95,131.8,131.9,11556
2026-04-27 16:00:00,131.89,131.89,131.89,131.89,633
2026-04-27 16:10:00,130.5558,130.5558,130.5558,130.5558,142
2026-04-27 18:30:00,132,132,132,132,174
2026-04-27 18:50:00,132.7374,132.7374,132.7374,132.7374,215
2026-04-27 19:40:00,132.01,132.01,132.01,132.01,100
2026-04-28 04:45:00,131.03,131.03,131.03,131.03,100
2026-04-28 07:00:00,130.5,130.5,130.5,130.5,125
2026-04-28 07:10:00,129.9024,129.9024,129.9024,129.9024,194
2026-04-28 07:30:00,129.52,129.52,129.52,129.52,100
2026-04-28 07:35:00,129.24,129.24,129.24,129.24,200
2026-04-28 07:40:00,129.2,129.33,129.2,129.31,457
2026-04-28 07:45:00,129.58,129.58,129.58,129.58,200
2026-04-28 07:55:00,129.05,129.05,129.05,129.05,318
2026-04-28 08:15:00,129.1515,129.1515,129.1515,129.1515,100
2026-04-28 08:25:00,129.18,129.18,129.18,129.18,116
2026-04-28 08:40:00,128.72,128.72,128.72,128.72,100
2026-04-28 09:25:00,128.93,128.93,128.9299,128.9299,200
2026-04-28 09:30:00,128.87,129.29,128.05,129.22,23686
2026-04-28 09:35:00,129.2427,129.75,129.2427,129.36,27996
2026-04-28 09:40:00,129.36,130.3599,129.29,130.05,20468
2026-04-28 09:45:00,129.715,129.74,129.51,129.545,3065
2026-04-28 09:50:00,129.39,129.47,129.07,129.16,5336
2026-04-28 09:55:00,129.09,129.495,129,129.47,2037
2026-04-28 10:00:00,129.345,129.345,129.1125,129.12,1730
2026-04-28 10:05:00,129.0001,129.375,129.0001,129.32,1752
2026-04-28 10:10:00,129.35,129.47,129.25,129.26,1844
2026-04-28 10:15:00,129.34,129.39,129.02,129.25,2579
2026-04-28 10:20:00,129.13,129.27,128.945,129,7858
2026-04-28 10:25:00,128.975,129.04,128.8,128.895,19406
2026-04-28 10:30:00,128.87,128.9,128.53,128.53,9529
2026-04-28 10:35:00,128.49,128.51,128.07,128.19,12320
2026-04-28 10:40:00,128.1101,128.36,127.9,128.33,7064
2026-04-28 10:45:00,128.37,128.37,128.01,128.03,9687
2026-04-28 10:50:00,127.93,127.94,127.52,127.685,10437
2026-04-28 10:55:00,127.7,128.15,127.7,128.15,4947
2026-04-28 11:00:00,128.39,128.76,128.31,128.31,2076
2026-04-28 11:05:00,128.32,128.32,128.02,128.26,14484
2026-04-28 11:10:00,128.12,128.53,128.12,128.4,6994
2026-04-28 11:15:00,128.31,128.5,128.27,128.45,5414
2026-04-28 11:20:00,128.4301,128.47,128.32,128.395,6777
2026-04-28 11:25:00,128.33,128.4,128.24,128.36,4633
2026-04-28 11:30:00,128.31,128.31,128.12,128.15,3874
2026-04-28 11:35:00,128.1,128.18,128.08,128.1269,2817
2026-04-28 11:40:00,128.1,128.24,128.1,128.17,3372
2026-04-28 11:45:00,128.12,128.23,127.9701,128.08,10840
2026-04-28 11:50:00,128.13,128.15,128.09,128.145,1241
2026-04-28 11:55:00,128.07,128.25,128.07,128.25,2399
2026-04-28 12:00:00,128.27,128.33,128.22,128.33,562
2026-04-28 12:05:00,128.3401,128.49,128.3,128.36,988
2026-04-28 12:10:00,128.3,128.39,128.3,128.39,3656
2026-04-28 12:15:00,128.36,128.37,128.35,128.35,650
2026-04-28 12:20:00,128.34,128.44,128.315,128.425,3734
2026-04-28 12:25:00,128.36,128.37,128.36,128.37,300
2026-04-28 12:30:00,128.39,128.39,128.2,128.22,5222
2026-04-28 12:35:00,128.18,128.24,128.15,128.1501,3824
2026-04-28 12:40:00,128.22,128.28,128.18,128.18,857
2026-04-28 12:45:00,128.345,128.37,128.2747,128.355,1328
2026-04-28 12:50:00,128.355,128.67,128.21,128.67,1010
2026-04-28 12:55:00,128.445,128.47,128.4136,128.47,2269
2026-04-28 13:00:00,128.435,128.5,128.39,128.39,1827
2026-04-28 13:05:00,128.37,128.37,128.2,128.29,14503
2026-04-28 13:10:00,128.34,128.36,128.27,128.36,1335
2026-04-28 13:15:00,128.36,128.36,128.22,128.22,705
2026-04-28 13:20:00,128.2201,128.34,128.22,128.33,2299
2026-04-28 13:25:00,128.5483,128.5483,128.4,128.535,1410
2026-04-28 13:30:00,128.47,128.7373,128.47,128.6475,646
2026-04-28 13:35:00,128.715,128.755,128.715,128.75,1488
2026-04-28 13:40:00,128.78,128.865,128.78,128.835,1036
2026-04-28 13:45:00,128.87,128.87,128.86,128.86,500
2026-04-28 13:50:00,128.9399,128.9399,128.79,128.79,828
2026-04-28 13:55:00,128.7901,128.925,128.7901,128.925,2218
2026-04-28 14:00:00,128.86,128.86,128.86,128.86,100
2026-04-28 14:05:00,128.825,128.86,128.75,128.815,978
2026-04-28 14:15:00,128.8699,128.96,128.8699,128.96,1105
2026-04-28 14:20:00,129.04,129.15,129.005,129.15,1800
2026-04-28 14:25:00,129.105,129.105,129.105,129.105,364
2026-04-28 14:30:00,129.18,129.2199,129.02,129.055,950
2026-04-28 14:35:00,129.06,129.06,128.94,128.94,1561
2026-04-28 14:40:00,129.04,129.12,129.04,129.065,1951
2026-04-28 14:45:00,129.12,129.125,129.12,129.125,521
2026-04-28 14:50:00,129.17,129.27,129.17,129.27,300
2026-04-28 14:55:00,129.2675,129.2675,129.19,129.19,1140
2026-04-28 15:00:00,129.25,129.31,129.245,129.31,412
2026-04-28 15:05:00,129.34,129.38,129.1818,129.1818,1634
2026-04-28 15:10:00,129.25,129.27,129.18,129.18,1285
2026-04-28 15:15:00,129.12,129.12,129,129,682
2026-04-28 15:20:00,128.94,129.03,128.9,129.03,376
2026-04-28 15:25:00,128.99,128.99,128.8601,128.935,681
2026-04-28 15:30:00,128.9591,128.9591,128.8601,128.9,1438
2026-04-28 15:35:00,128.8993,128.8993,128.85,128.8801,1441
2026-04-28 15:40:00,129.02,129.025,128.91,128.91,605
2026-04-28 15:45:00,128.98,129.0399,128.96,128.96,793
2026-04-28 15:50:00,128.96,128.99,128.93,128.93,1643
2026-04-28 15:55:00,128.925,129.199,128.84,128.94,5659
2026-04-28 16:00:00,128.98,128.98,128.98,128.98,2011
2026-04-28 16:05:00,128.98,128.98,128.98,128.98,116
2026-04-28 17:40:00,129.66,129.75,129.66,129.75,205
2026-04-28 18:10:00,131,131,131,131,150
2026-04-28 19:25:00,128.8438,128.8438,128.8438,128.8438,100
2026-04-29 07:05:00,130.1305,130.1305,130.1305,130.1305,100
2026-04-29 07:40:00,130.01,130.01,130.01,130.01,100
2026-04-29 08:10:00,129.55,129.63,129.55,129.63,220
2026-04-29 09:30:00,129.595,129.75,128.97,129.085,14643
2026-04-29 09:35:00,129.085,129.2,128.89,129.035,4019
2026-04-29 09:40:00,129.1899,129.1899,128.93,128.94,804
2026-04-29 09:45:00,128.9612,129.0462,128.795,128.95,3089
2026-04-29 09:50:00,128.96,129.15,128.85,129.15,4897
2026-04-29 09:55:00,129.25,129.4599,129.24,129.24,4429
2026-04-29 10:00:00,129,129.02,128.855,128.95,1240
2026-04-29 10:05:00,128.93,128.93,128.8,128.91,800
2026-04-29 10:10:00,128.8,129.14,128.8,129.14,797
2026-04-29 10:15:00,129.03,129.21,129.03,129.21,550
2026-04-29 10:20:00,129.33,129.48,129.3124,129.48,3160
2026-04-29 10:25:00,129.58,129.72,129.58,129.72,1100
2026-04-29 10:30:00,129.59,129.73,129.59,129.7261,564
2026-04-29 10:35:00,129.9,129.925,129.78,129.83,1850
2026-04-29 10:40:00,129.8385,129.9028,129.7525,129.8379,2179
2026-04-29 10:45:00,129.86,129.89,129.75,129.75,1745
2026-04-29 10:50:00,129.61,129.75,129.58,129.71,1371
2026-04-29 10:55:00,129.68,129.7423,129.65,129.7423,1158
2026-04-29 11:00:00,129.56,129.5862,129.525,129.58,836
2026-04-29 11:05:00,129.56,129.56,129.42,129.42,678
2026-04-29 11:10:00,129.1,129.16,129,129.09,1195
2026-04-29 11:15:00,129.2,129.46,129.105,129.3,2574
2026-04-29 11:20:00,129.415,129.415,129.4,129.4,331
2026-04-29 11:25:00,129.47,129.5,129.39,129.39,2150
2026-04-29 11:30:00,129.4676,129.49,129.335,129.44,3783
2026-04-29 11:35:00,129.47,129.47,129.36,129.36,1785
2026-04-29 11:40:00,129.4025,129.46,129.4,129.46,434
2026-04-29 11:45:00,129.58,129.58,129.45,129.46,1255
2026-04-29 11:50:00,129.49,129.54,129.3199,129.3199,3440
2026-04-29 11:55:00,129.115,129.115,129.02,129.02,482
2026-04-29 12:00:00,129.1614,129.44,129.1614,129.36,9843
2026-04-29 12:05:00,129.39,129.45,129.245,129.245,1339
2026-04-29 12:10:00,129.29,129.33,129.2,129.2,6691
2026-04-29 12:15:00,129.22,129.22,129.1,129.1,1076
2026-04-29 12:20:00,129.17,129.2399,129.09,129.09,895
2026-04-29 12:25:00,129.065,129.065,129.065,129.065,100
2026-04-29 12:30:00,128.9201,128.9201,128.78,128.78,1050
2026-04-29 12:35:00,128.71,128.9,128.7,128.77,1648
2026-04-29 12:40:00,129.005,129.1,128.975,129.1,1000
2026-04-29 12:45:00,129.115,129.115,129.09,129.09,1735
2026-04-29 12:55:00,129.02,129.02,128.915,128.945,746
2026-04-29 13:00:00,128.89,128.955,128.89,128.925,1127
2026-04-29 13:05:00,128.925,129.075,128.925,129.075,1282
2026-04-29 13:10:00,129.09,129.15,128.99,129.15,1672
2026-04-29 13:15:00,129.06,129.11,128.9901,129.08,1467
2026-04-29 13:20:00,129.19,129.24,129.115,129.12,1750
2026-04-29 13:25:00,129.11,129.11,129.11,129.11,100
2026-04-29 13:30:00,129.17,129.2,129.125,129.125,800
2026-04-29 13:35:00,129.115,129.12,129.07,129.07,400
2026-04-29 13:40:00,129.14,129.14,129.03,129.035,1371
2026-04-29 13:45:00,129.14,129.26,129.105,129.225,1900
2026-04-29 13:50:00,129.28,129.36,129.26,129.299,1375
2026-04-29 13:55:00,129.3,129.39,129.255,129.3201,5306
2026-04-29 14:00:00,129.4377,129.4377,129.21,129.21,1859
2026-04-29 14:05:00,129.22,129.31,129.11,129.11,1786
2026-04-29 14:10:00,129.08,129.08,128.985,129.0781,1251
2026-04-29 14:15:00,129.0197,129.28,129.0197,129.215,3332
2026-04-29 14:20:00,129.33,129.355,129.33,129.355,991
2026-04-29 14:25:00,129.3,129.33,129.2601,129.33,2577
2026-04-29 14:30:00,129.195,129.35,129.06,129.205,1743
2026-04-29 14:35:00,129.28,129.53,129.2401,129.4321,4864
2026-04-29 14:40:00,129.45,129.45,129.22,129.22,7014
2026-04-29 14:45:00,129.21,129.45,129.12,129.44,6614
2026-04-29 14:50:00,129.5325,129.62,129.5325,129.55,300
2026-04-29 14:55:00,129.56,129.8393,129.56,129.695,13664
2026-04-29 15:00:00,129.785,129.83,129.66,129.71,7367
2026-04-29 15:05:00,129.645,129.76,129.64,129.675,5768
2026-04-29 15:10:00,129.7,129.935,129.665,129.935,3682
2026-04-29 15:15:00,129.99,130.04,129.8593,129.95,5348
2026-04-29 15:20:00,129.805,129.9099,129.8,129.9099,2148
2026-04-29 15:25:00,129.78,129.86,129.78,129.83,2759
2026-04-29 15:30:00,129.825,129.825,129.5,129.51,2110
2026-04-29 15:35:00,129.58,129.69,129.5201,129.665,3381
2026-04-29 15:40:00,129.69,129.73,129.6051,129.6051,2400
2026-04-29 15:45:00,129.695,129.74,129.685,129.695,971
2026-04-29 15:50:00,129.61,129.7399,129.54,129.6,1983
2026-04-29 15:55:00,129.75,129.9884,129.75,129.9884,6969
2026-04-29 16:00:00,129.94,129.94,129.94,129.94,984
2026-04-29 16:10:00,129.8,129.8,129.8,129.8,219
2026-04-29 16:15:00,129,129,129,129,296
2026-04-29 18:05:00,129.3645,129.3645,129.3645,129.3645,150
2026-04-30 04:00:00,129.99,130.51,129.99,130.51,745
2026-04-30 04:40:00,130.32,130.32,130.32,130.32,357
2026-04-30 07:25:00,131.7862,131.7862,131.7862,131.7862,100
2026-04-30 07:35:00,131.38,131.38,131.38,131.38,100
2026-04-30 07:40:00,131.97,131.99,131.97,131.99,494
2026-04-30 08:20:00,131.45,131.45,131.45,131.45,130
2026-04-30 09:20:00,132,132,132,132,1500
2026-04-30 09:30:00,131.78,131.78,130.84,130.87,11070
2026-04-30 09:35:00,130.84,131.12,130.8,131.02,6659
2026-04-30 09:40:00,130.94,131.56,130.92,131.485,3302
2026-04-30 09:45:00,131.475,131.6428,131.23,131.27,7468
2026-04-30 09:50:00,131.245,131.25,130.785,130.785,9976
2026-04-30 09:55:00,130.785,131.07,130.6301,130.84,5032
2026-04-30 10:00:00,130.935,131.37,130.935,131.21,1783
2026-04-30 10:05:00,131.14,131.28,130.89,130.98,4014
2026-04-30 10:10:00,130.83,131.235,130.83,131.2325,2072
2026-04-30 10:15:00,131.185,131.185,130.79,131,5011
2026-04-30 10:20:00,131.16,131.38,131.08,131.27,4470
2026-04-30 10:25:00,131.285,131.3699,131.09,131.2865,2540
2026-04-30 10:30:00,131.11,131.46,131.11,131.26,2758
2026-04-30 10:35:00,131.305,131.305,130.96,130.96,6210
2026-04-30 10:40:00,130.99,131.365,130.925,131.365,2650
2026-04-30 10:45:00,131.35,131.65,131.35,131.61,862
2026-04-30 10:50:00,131.52,132.025,131.52,131.97,3721
2026-04-30 10:55:00,131.91,132.23,131.91,132.21,3179
2026-04-30 11:00:00,132.27,132.405,132.25,132.26,1257
2026-04-30 11:05:00,132.3599,132.52,132.2,132.5,5231
2026-04-30 11:10:00,132.57,132.679,132.43,132.63,6960
2026-04-30 11:15:00,132.625,132.69,132.48,132.61,3734
2026-04-30 11:20:00,132.69,132.69,132.5772,132.61,2438
2026-04-30 11:25:00,132.69,132.905,132.665,132.84,3502
2026-04-30 11:30:00,132.84,133.05,132.84,132.97,6735
2026-04-30 11:35:00,132.9,132.9,132.6992,132.6992,1374
2026-04-30 11:40:00,132.68,132.68,132.53,132.605,1293
2026-04-30 11:45:00,132.53,132.6199,132.345,132.6199,2677
2026-04-30 11:50:00,132.525,132.7,132.525,132.66,1975
2026-04-30 11:55:00,132.74,132.84,132.74,132.74,1700
2026-04-30 12:00:00,132.7182,132.785,132.6043,132.785,6742
2026-04-30 12:05:00,132.8,132.89,132.7601,132.83,3800
2026-04-30 12:10:00,132.82,133.02,132.815,133.02,4012
2026-04-30 12:15:00,132.97,132.99,132.85,132.94,3353
2026-04-30 12:20:00,132.94,133,132.925,132.94,1349
2026-04-30 12:25:00,132.92,132.96,132.85,132.91,1750
2026-04-30 12:30:00,132.99,133.04,132.94,132.94,3443
2026-04-30 12:35:00,132.945,133.04,132.9,133.03,2462
2026-04-30 12:40:00,133.035,133.04,133.01,133.02,1552
2026-04-30 12:45:00,133.02,133.02,132.8853,132.9699,4430
2026-04-30 12:50:00,132.93,132.935,132.775,132.79,1158
2026-04-30 12:55:00,132.75,132.75,132.6,132.75,2550
2026-04-30 13:00:00,132.82,132.995,132.79,132.95,4881
2026-04-30 13:05:00,132.985,132.985,132.905,132.9198,2433
2026-04-30 13:10:00,132.9,133.09,132.9,133.075,2311
2026-04-30 13:15:00,133.04,133.045,132.8801,132.98,3266
2026-04-30 13:20:00,133.015,133.1799,133.005,133.1799,3080
2026-04-30 13:25:00,133.15,133.18,133.105,133.12,4689
2026-04-30 13:30:00,133.19,133.45,133.19,133.4,6039
2026-04-30 13:35:00,133.415,133.45,133.38,133.4,3433
2026-04-30 13:40:00,133.46,133.465,133.4,133.435,2524
2026-04-30 13:45:00,133.46,133.52,133.445,133.455,4103
2026-04-30 13:50:00,133.46,133.52,133.455,133.5,2159
2026-04-30 13:55:00,133.515,133.585,133.515,133.585,850
2026-04-30 14:00:00,133.64,133.71,133.595,133.595,3255
2026-04-30 14:05:00,133.6,133.6,133.5193,133.5193,663
2026-04-30 14:10:00,133.54,133.555,133.455,133.495,2552
2026-04-30 14:15:00,133.55,133.6522,133.53,133.57,3762
2026-04-30 14:20:00,133.56,133.5945,133.52,133.59,1928
2026-04-30 14:25:00,133.555,133.57,133.5,133.56,2981
2026-04-30 14:30:00,133.635,133.64,133.58,133.595,1914
2026-04-30 14:35:00,133.66,133.74,133.59,133.67,2527
2026-04-30 14:40:00,133.6026,133.72,133.58,133.6584,2481
2026-04-30 14:45:00,133.61,133.62,133.57,133.62,1965
2026-04-30 14:50:00,133.615,133.615,133.56,133.56,3270
2026-04-30 14:55:00,133.51,133.51,133.3401,133.38,6675
2026-04-30 15:00:00,133.4,133.6299,133.38,133.51,9194
2026-04-30 15:05:00,133.5,133.67,133.5,133.67,4979
2026-04-30 15:10:00,133.675,133.88,133.675,133.8,2419
2026-04-30 15:15:00,133.82,133.9499,133.8,133.9499,4295
2026-04-30 15:20:00,133.84,133.88,133.7601,133.83,14226
2026-04-30 15:25:00,133.83,133.84,133.76,133.76,4878
2026-04-30 15:30:00,133.765,133.83,133.74,133.825,1988
2026-04-30 15:35:00,133.79,133.86,133.78,133.85,5938
2026-04-30 15:40:00,133.85,133.92,133.82,133.865,5200
2026-04-30 15:45:00,133.915,133.98,133.87,133.9484,4831
2026-04-30 15:50:00,133.93,133.93,133.71,133.87,8497
2026-04-30 15:55:00,133.79,134.145,133.79,133.97,27673
2026-04-30 16:00:00,134.03,134.03,134.03,134.03,3287
2026-04-30 16:45:00,134.4106,134.4106,134.4106,134.4106,200
2026-04-30 18:10:00,134.3,134.3,134.3,134.3,100
2026-05-01 05:40:00,134.59,134.59,134.59,134.59,100
2026-05-01 07:00:00,134.9194,134.9194,134.9194,134.9194,100
2026-05-01 07:10:00,134.5,134.5,134.5,134.5,1000
2026-05-01 07:30:00,134.68,134.68,134.68,134.68,100
2026-05-01 07:50:00,134.55,134.55,134.55,134.55,171
2026-05-01 07:55:00,134.68,134.68,134.68,134.68,340
2026-05-01 08:15:00,134.72,134.72,134.72,134.72,100
2026-05-01 08:25:00,134.888,134.888,134.888,134.888,225
2026-05-01 08:45:00,134.5,134.5,134.5,134.5,495
2026-05-01 09:05:00,134.7841,134.7841,134.7841,134.7841,148
2026-05-01 09:25:00,134.03,134.03,134.03,134.03,101
2026-05-01 09:30:00,134,134.154,133.475,133.9301,21434
2026-05-01 09:35:00,134.355,134.56,134.26,134.56,6300
2026-05-01 09:40:00,134.56,134.89,134.55,134.89,13845
2026-05-01 09:45:00,134.91,134.91,134.6,134.6,9159
2026-05-01 09:50:00,134.61,134.82,134.475,134.71,3883
2026-05-01 09:55:00,134.69,135.19,134.69,135.19,11344
2026-05-01 10:00:00,135.345,135.38,135.1,135.38,12661
2026-05-01 10:05:00,135.36,135.36,134.895,135.105,9630
2026-05-01 10:10:00,135.095,135.2607,134.94,135.145,2644
2026-05-01 10:15:00,135.19,135.22,135.08,135.22,2115
2026-05-01 10:20:00,135.25,135.32,135.16,135.29,2493
2026-05-01 10:25:00,135.3296,135.3599,135.18,135.1869,6577
2026-05-01 10:30:00,135.06,135.1414,134.555,134.555,5264
2026-05-01 10:35:00,134.76,134.76,134.305,134.58,2864
2026-05-01 10:40:00,134.65,134.92,134.575,134.885,7390
2026-05-01 10:45:00,134.87,135.0699,134.755,134.83,9678
2026-05-01 10:50:00,134.75,134.75,134.52,134.66,1127
2026-05-01 10:55:00,134.8,134.9678,134.76,134.76,1241
2026-05-01 11:00:00,134.779,134.9199,134.54,134.598,1418
2026-05-01 11:05:00,134.74,134.91,134.66,134.91,1096
2026-05-01 11:10:00,134.8,134.955,134.67,134.955,3068
2026-05-01 11:15:00,135.18,135.18,135.07,135.12,1213
2026-05-01 11:20:00,135.19,135.33,135.1846,135.265,7522
2026-05-01 11:25:00,135.22,135.32,135.135,135.3,4068
2026-05-01 11:30:00,135.38,135.4,135.305,135.355,6252
2026-05-01 11:35:00,135.35,135.47,135.285,135.42,5813
2026-05-01 11:40:00,135.45,135.6199,135.4,135.465,3660
2026-05-01 11:45:00,135.47,135.5899,135.4,135.41,13779
2026-05-01 11:50:00,135.51,135.51,135.035,135.265,6249
2026-05-01 11:55:00,135.39,135.5735,135.26,135.44,2300
2026-05-01 12:00:00,135.425,135.5099,135.335,135.43,6530
2026-05-01 12:05:00,135.4,135.4,135.3,135.3,1720
2026-05-01 12:10:00,135.4199,135.4199,135.28,135.28,1519
2026-05-01 12:15:00,135.45,135.5507,135.405,135.455,1215
2026-05-01 12:20:00,135.545,135.56,135.18,135.34,2384
2026-05-01 12:25:00,135.3873,135.3873,135.055,135.09,3461
2026-05-01 12:30:00,135.1,135.19,135.085,135.128,5415
2026-05-01 12:35:00,135.12,135.45,135.09,135.45,3293
2026-05-01 12:40:00,135.385,135.385,135.055,135.155,3362
2026-05-01 12:45:00,135.15,135.225,135.035,135.12,3780
2026-05-01 12:50:00,135.2199,135.25,135.12,135.235,1493
2026-05-01 12:55:00,135.27,135.29,135.17,135.245,2631
2026-05-01 13:00:00,135.19,135.3,135.12,135.195,1568
2026-05-01 13:05:00,135.1951,135.3,135.13,135.18,3063
2026-05-01 13:10:00,135.29,135.35,135.23,135.31,1589
2026-05-01 13:15:00,135.39,135.43,135.31,135.42,1970
2026-05-01 13:20:00,135.335,135.44,135.335,135.39,904
2026-05-01 13:25:00,135.33,135.4,135.33,135.4,772
2026-05-01 13:30:00,135.38,135.42,135.33,135.39,1135
2026-05-01 13:35:00,135.41,135.41,135.255,135.255,625
2026-05-01 13:40:00,135.35,135.36,135.275,135.33,550
2026-05-01 13:45:00,135.335,135.39,135.3,135.3694,634
2026-05-01 13:50:00,135.38,135.47,135.3775,135.38,931
2026-05-01 13:55:00,135.41,135.46,135.41,135.42,766
2026-05-01 14:00:00,135.36,135.416,135.315,135.36,1370
2026-05-01 14:05:00,135.29,135.31,135.2,135.23,1221
2026-05-01 14:10:00,135.2301,135.275,135.18,135.19,3218
2026-05-01 14:15:00,135.12,135.18,135.01,135.18,1458
2026-05-01 14:20:00,135.21,135.21,135.1,135.135,1508
2026-05-01 14:25:00,135.2599,135.3,135.14,135.3,385
2026-05-01 14:30:00,135.25,135.29,135.19,135.245,4821
2026-05-01 14:35:00,135.19,135.2001,135.16,135.165,1720
2026-05-01 14:40:00,135.135,135.135,135.08,135.08,400
2026-05-01 14:45:00,135.115,135.115,134.9275,134.95,3321
2026-05-01 14:50:00,135,135.07,135,135.07,748
2026-05-01 15:00:00,135.005,135.145,135.005,135.07,1194
2026-05-01 15:05:00,135.0801,135.19,135.08,135.19,2311
2026-05-01 15:10:00,135.15,135.15,135.15,135.15,100
2026-05-01 15:15:00,135.25,135.35,135.2,135.285,2195
2026-05-01 15:20:00,135.35,135.41,135.31,135.41,2230
2026-05-01 15:25:00,135.365,135.5,135.365,135.415,1090
2026-05-01 15:30:00,135.495,135.495,135.31,135.36,28116
2026-05-01 15:35:00,135.34,135.4399,135.23,135.34,8153
2026-05-01 15:40:00,135.305,135.34,135.185,135.205,5447
2026-05-01 15:45:00,135.2854,135.3292,135.16,135.22,7474
2026-05-01 15:50:00,135.29,135.34,135.0501,135.19,9612
2026-05-01 15:55:00,135.15,135.23,135.05,135.09,17494
2026-05-01 16:00:00,135.17,135.17,135.17,135.17,980
2026-05-01 16:05:00,135.4,135.4,135.4,135.4,110
2026-05-01 16:10:00,135.65,135.65,135.65,135.65,228
2026-05-01 17:50:00,136.73,136.73,136.73,136.73,100
2026-05-04 04:00:00,137,137.19,137,137.19,592
2026-05-04 06:05:00,136,136,136,136,227
2026-05-04 06:15:00,135.32,135.32,135.32,135.32,100
2026-05-04 07:25:00,135.85,135.85,135.85,135.85,250
2026-05-04 08:00:00,135.9,135.9,135.88,135.9,563
2026-05-04 08:10:00,136.45,136.45,136.45,136.45,100
2026-05-04 08:50:00,135.89,135.89,135.89,135.89,100
2026-05-04 09:05:00,135.21,136,135.21,136,232
2026-05-04 09:20:00,136.1938,136.1938,136.1938,136.1938,110
2026-05-04 09:30:00,136.18,136.35,135.92,136.09,22124
2026-05-04 09:35:00,136.23,136.28,135.84,136.06,7763
2026-05-04 09:40:00,135.935,136.36,135.8083,136,9637
2026-05-04 09:45:00,136,136.33,135.985,136.18,4432
2026-05-04 09:50:00,135.97,136.48,135.97,136.42,2631
2026-05-04 09:55:00,136.41,136.68,136.325,136.61,6148
2026-05-04 10:00:00,136.55,136.92,136.53,136.82,22739
2026-05-04 10:05:00,136.74,136.82,136.6,136.695,3695
2026-05-04 10:10:00,136.68,136.99,136.68,136.88,3424
2026-05-04 10:15:00,136.85,136.97,136.63,136.72,2872
2026-05-04 10:20:00,136.857,136.9999,136.857,136.8886,10270
2026-05-04 10:25:00,136.76,136.875,136.68,136.68,4772
2026-05-04 10:30:00,136.6,136.77,136.5624,136.62,4989
2026-05-04 10:35:00,136.71,136.79,136.635,136.77,6655
2026-05-04 10:40:00,136.83,136.91,136.78,136.9,4324
2026-05-04 10:45:00,136.91,136.99,136.755,136.81,4146
2026-05-04 10:50:00,136.81,136.9298,136.7601,136.88,5412
2026-05-04 10:55:00,136.91,136.94,136.53,136.53,2946
2026-05-04 11:00:00,136.2,136.6899,136.2,136.6899,3125
2026-05-04 11:05:00,136.7199,136.7199,136.55,136.55,1665
2026-05-04 11:10:00,136.4625,136.705,136.41,136.41,2746
2026-05-04 11:15:00,136.5999,136.5999,136,136,2206
2026-05-04 11:20:00,135.86,135.9,135.51,135.51,3876
2026-05-04 11:25:00,135.59,135.91,135.56,135.9,5958
2026-05-04 11:30:00,135.9087,135.94,135.555,135.83,49351
2026-05-04 11:35:00,135.78,135.91,135.43,135.715,9124
2026-05-04 11:40:00,135.5,135.565,135.2554,135.565,420
2026-05-04 11:45:00,135.735,135.735,135.6,135.605,1863
2026-05-04 11:50:00,135.62,135.79,135.57,135.79,3900
2026-05-04 11:55:00,135.7959,135.85,135.74,135.74,1547
2026-05-04 12:00:00,135.74,135.765,135.3823,135.55,2287
2026-05-04 12:05:00,135.51,135.51,134.915,135.04,5172
2026-05-04 12:10:00,134.985,135.15,134.76,134.93,4058
2026-05-04 12:15:00,134.84,135.325,134.6928,135.325,5007
2026-05-04 12:20:00,135.26,135.4638,135.1201,135.345,6330
2026-05-04 12:25:00,135.48,135.48,135.315,135.39,2557
2026-05-04 12:30:00,135.52,135.61,135.52,135.59,15617
2026-05-04 12:35:00,135.61,135.61,135.12,135.12,3503
2026-05-04 12:40:00,135.39,135.44,135.1201,135.31,3171
2026-05-04 12:45:00,135.29,135.417,135.29,135.417,1605
2026-05-04 12:50:00,135.31,135.37,135.19,135.285,1500
2026-05-04 12:55:00,135.39,135.42,135.36,135.36,1865
2026-05-04 13:00:00,135.41,135.6,135.3256,135.6,2325
2026-05-04 13:05:00,135.63,135.72,135.42,135.555,957
2026-05-04 13:10:00,135.64,135.67,135.6052,135.6052,1859
2026-05-04 13:15:00,135.61,135.99,135.6,135.94,4028
2026-05-04 13:20:00,135.9422,136.1799,135.915,136.17,9069
2026-05-04 13:25:00,136.01,136.119,135.97,136.119,1247
2026-05-04 13:30:00,136.035,136.1599,135.93,135.93,9585
2026-05-04 13:35:00,135.91,135.91,135.83,135.88,1550
2026-05-04 13:40:00,135.94,135.969,135.9,135.95,1770
2026-05-04 13:45:00,135.94,135.98,135.9061,135.92,3679
2026-05-04 13:50:00,135.93,136.0378,135.93,135.96,2025
2026-05-04 13:55:00,136.01,136.015,135.97,135.97,2678
2026-05-04 14:00:00,135.99,136.04,135.97,136.0186,3032
2026-05-04 14:05:00,136.01,136.01,135.845,135.86,2691
2026-05-04 14:10:00,135.855,135.97,135.855,135.97,2204
2026-05-04 14:15:00,135.89,135.935,135.82,135.82,2302
2026-05-04 14:20:00,135.77,135.84,135.61,135.64,886
2026-05-04 14:25:00,135.69,135.7405,135.6,135.7405,1489
2026-05-04 14:30:00,135.88,135.88,135.79,135.83,1730
2026-05-04 14:35:00,135.83,135.83,135.69,135.77,1814
2026-05-04 14:40:00,135.8,135.83,135.505,135.505,3750
2026-05-04 14:45:00,135.52,135.58,135.52,135.58,1243
2026-05-04 14:50:00,135.6,135.61,135.455,135.49,1550
2026-05-04 14:55:00,135.55,135.73,135.52,135.72,1837
2026-05-04 15:00:00,135.67,135.7,135.63,135.7,1700
2026-05-04 15:05:00,135.64,135.8495,135.64,135.8495,2332
2026-05-04 15:10:00,135.77,135.77,135.71,135.75,1782
2026-05-04 15:15:00,135.68,135.78,135.68,135.68,1118
2026-05-04 15:20:00,135.63,135.7,135.535,135.7,1795
2026-05-04 15:25:00,135.68,135.73,135.6,135.73,1916
2026-05-04 15:30:00,135.68,135.76,135.68,135.75,2502
2026-05-04 15:35:00,135.73,135.81,135.72,135.73,2721
2026-05-04 15:40:00,135.74,135.77,135.7,135.77,2641
2026-05-04 15:45:00,135.75,135.91,135.71,135.91,3572
2026-05-04 15:50:00,135.86,135.99,135.7,135.7,5371
2026-05-04 15:55:00,135.725,135.82,135.59,135.68,11301
2026-05-04 16:00:00,135.69,135.69,135.1617,135.1617,1471
2026-05-04 16:20:00,135.71,135.71,135.71,135.71,100
2026-05-04 18:10:00,136.53,136.53,136.53,136.53,400
2026-05-05 04:50:00,136.46,136.46,136.46,136.46,904
2026-05-05 05:50:00,136.6,136.6,136.6,136.6,120
2026-05-05 07:10:00,137.3169,137.3169,137.3169,137.3169,100
2026-05-05 07:15:00,137.2,137.2,137.2,137.2,100
2026-05-05 07:40:00,137.49,137.76,137.49,137.73,787
2026-05-05 07:55:00,137,137,137,137,369
2026-05-05 08:25:00,137.7604,137.7604,137.7604,137.7604,250
2026-05-05 08:30:00,138.1389,138.1389,138.1389,138.1389,100
2026-05-05 08:40:00,137.88,137.88,137.88,137.88,161
2026-05-05 09:00:00,138.24,138.37,137.87,137.87,1746
2026-05-05 09:05:00,138.83,138.83,138.83,138.83,758
2026-05-05 09:15:00,138.83,138.97,138,138,787
2026-05-05 09:20:00,138.2,138.2,138,138,1300
2026-05-05 09:25:00,138.1253,138.1253,138.1253,138.1253,362
2026-05-05 09:30:00,137.8,137.86,137.415,137.49,20050
2026-05-05 09:35:00,137.5677,138.07,137.465,138.005,11472
2026-05-05 09:40:00,137.92,138.09,137.82,137.87,15696
2026-05-05 09:45:00,138.04,138.09,137.74,137.97,15199
2026-05-05 09:50:00,137.82,138.25,137.805,137.9399,10487
2026-05-05 09:55:00,137.93,138.0682,137.8101,137.9,8787
2026-05-05 10:00:00,137.685,137.91,137.685,137.9,2826
2026-05-05 10:05:00,137.9099,138.1086,137.75,138.08,6057
2026-05-05 10:10:00,138.16,138.27,137.88,137.88,7389
2026-05-05 10:15:00,137.88,138.135,137.78,137.925,6406
2026-05-05 10:20:00,137.935,138.33,137.935,138.308,12624
2026-05-05 10:25:00,138.33,138.81,138.33,138.81,4269
2026-05-05 10:30:00,138.7,138.7399,138.41,138.41,8292
2026-05-05 10:35:00,138.47,138.505,138.27,138.27,3060
2026-05-05 10:40:00,138.3,138.34,138.13,138.13,6857
2026-05-05 10:45:00,138.13,138.33,138.11,138.33,600
2026-05-05 10:50:00,138.27,138.449,138.1501,138.435,4186
2026-05-05 10:55:00,138.49,138.55,138.46,138.46,5667
2026-05-05 11:00:00,138.47,138.61,138.4525,138.61,1846
2026-05-05 11:05:00,138.6599,138.78,138.6414,138.78,3704
2026-05-05 11:10:00,138.78,138.91,138.78,138.91,7071
2026-05-05 11:15:00,138.96,138.9999,138.95,138.98,5352
2026-05-05 11:20:00,138.9898,139.09,138.935,139.055,5436
2026-05-05 11:25:00,139.035,139.12,138.965,139.02,9343
2026-05-05 11:30:00,139.04,139.055,138.96,138.96,1715
2026-05-05 11:35:00,138.98,139.18,138.98,139.18,2605
2026-05-05 11:40:00,139.27,139.27,139.115,139.25,2630
2026-05-05 11:45:00,139.27,139.41,139.25,139.37,11715
2026-05-05 11:50:00,139.4689,139.4689,139.3,139.36,3771
2026-05-05 11:55:00,139.35,139.3923,139.21,139.265,3237
2026-05-05 12:00:00,139.3095,139.3095,139.24,139.24,3503
2026-05-05 12:05:00,139.265,139.409,139.265,139.35,2842
2026-05-05 12:10:00,139.32,139.52,139.32,139.5006,2322
2026-05-05 12:15:00,139.46,139.4781,139.355,139.4075,3392
2026-05-05 12:20:00,139.49,139.53,139.42,139.42,3048
2026-05-05 12:25:00,139.415,139.49,139.085,139.19,4256
2026-05-05 12:30:00,139.105,139.13,139.03,139.05,5882
2026-05-05 12:35:00,139.07,139.21,138.955,138.98,7556
2026-05-05 12:40:00,139,139.04,138.91,139.02,2497
2026-05-05 12:45:00,139.095,139.249,139.095,139.175,1123
2026-05-05 12:50:00,139.185,139.1899,139.11,139.14,1598
2026-05-05 12:55:00,139.11,139.17,139.11,139.14,1325
2026-05-05 13:00:00,139.1101,139.2051,139.11,139.205,2151
2026-05-05 13:05:00,139.2254,139.29,139.21,139.21,4454
2026-05-05 13:10:00,139.21,139.25,139.115,139.19,3860
2026-05-05 13:15:00,139.269,139.44,139.2,139.415,3991
2026-05-05 13:20:00,139.4,139.459,139.37,139.38,6859
2026-05-05 13:25:00,139.38,139.46,139.38,139.455,2767
2026-05-05 13:30:00,139.455,139.51,139.37,139.4,4446
2026-05-05 13:35:00,139.41,139.57,139.4,139.46,6927
2026-05-05 13:40:00,139.48,139.48,139.4,139.41,1668
2026-05-05 13:45:00,139.4,139.49,139.4,139.41,2883
2026-05-05 13:50:00,139.405,139.57,139.3,139.4048,7417
2026-05-05 13:55:00,139.385,139.47,139.36,139.37,6908
2026-05-05 14:00:00,139.365,139.43,139.3,139.43,3408
2026-05-05 14:05:00,139.44,139.505,139.39,139.395,5513
2026-05-05 14:10:00,139.44,139.55,139.3698,139.55,7508
2026-05-05 14:15:00,139.495,139.5284,139.455,139.49,4016
2026-05-05 14:20:00,139.529,139.53,139.42,139.45,4810
2026-05-05 14:25:00,139.45,139.55,139.385,139.485,7764
2026-05-05 14:30:00,139.485,139.5413,139.39,139.53,6254
2026-05-05 14:35:00,139.47,139.61,139.47,139.475,4165
2026-05-05 14:40:00,139.48,139.52,139.42,139.5,3093
2026-05-05 14:45:00,139.465,139.51,139.445,139.495,2066
2026-05-05 14:50:00,139.51,139.51,139.3,139.35,5414
2026-05-05 14:55:00,139.41,139.539,139.41,139.45,1727
2026-05-05 15:00:00,139.49,139.5299,139.34,139.35,4070
2026-05-05 15:05:00,139.3825,139.43,139.32,139.37,2921
2026-05-05 15:10:00,139.34,139.429,139.21,139.21,4640
2026-05-05 15:15:00,139.27,139.27,139.19,139.24,4627
2026-05-05 15:20:00,139.2,139.21,139.09,139.135,5628
2026-05-05 15:25:00,139.16,139.17,139.07,139.11,7607
2026-05-05 15:30:00,139.02,139.15,139.01,139.105,3026
2026-05-05 15:35:00,139.16,139.27,139.08,139.22,2112
2026-05-05 15:40:00,139.22,139.22,139.1731,139.22,3203
2026-05-05 15:45:00,139.245,139.2999,139.2001,139.24,4044
2026-05-05 15:50:00,139.17,139.17,138.94,138.955,16340
2026-05-05 15:55:00,139,139.25,138.94,139.25,10222
2026-05-05 16:00:00,139.17,139.17,139.17,139.17,1070
2026-05-05 16:20:00,139.17,139.17,139.17,139.17,157
2026-05-05 17:00:00,139.87,139.87,139.86,139.86,200
2026-05-05 17:05:00,139.91,139.91,139.91,139.91,285
2026-05-05 17:35:00,139.51,139.51,139.51,139.51,100
2026-05-05 19:15:00,140,140,140,140,100
2026-05-05 19:35:00,141.01,141.01,141.01,141.01,100
2026-05-05 19:50:00,140.65,140.65,140.65,140.65,100
2026-05-06 04:00:00,140.88,140.88,140.88,140.88,100
2026-05-06 04:05:00,141.6,141.6,141.6,141.6,141
2026-05-06 04:15:00,141.95,141.95,141.95,141.95,150
2026-05-06 06:10:00,144.16,144.16,143.93,143.93,300
2026-05-06 06:45:00,144.38,144.38,144.38,144.38,200
2026-05-06 06:50:00,143.47,143.47,143.47,143.47,191
2026-05-06 07:00:00,144.73,144.73,144.73,144.73,100
2026-05-06 07:05:00,144,144,144,144,314
2026-05-06 07:10:00,146,146,146,146,200
2026-05-06 07:20:00,145.5,145.5,145.5,145.5,100
2026-05-06 07:30:00,143.194,143.84,143,143.84,500
2026-05-06 07:35:00,144.18,144.18,144.18,144.18,113
2026-05-06 07:40:00,144.24,144.24,144.15,144.18,1125
2026-05-06 07:55:00,143.47,143.47,143.47,143.47,100
2026-05-06 08:00:00,143.8879,143.8879,143.8879,143.8879,2000
2026-05-06 08:05:00,143.3,143.6,143.3,143.6,200
2026-05-06 08:10:00,143.49,143.49,143.49,143.49,200
2026-05-06 08:15:00,143.02,143.2905,143,143,4148
2026-05-06 08:25:00,143.0698,143.0698,143.0698,143.0698,250
2026-05-06 08:35:00,143.25,143.4425,143.25,143.4425,800
2026-05-06 08:40:00,143.25,143.25,143,143,1764
2026-05-06 08:45:00,142.7847,142.7847,142.7847,142.7847,468
2026-05-06 08:50:00,142.95,143.25,142.95,143.25,370
2026-05-06 09:10:00,143.4,143.4,143.4,143.4,100
2026-05-06 09:15:00,143.01,143.6027,143.01,143.6027,1166
2026-05-06 09:20:00,142.6,142.6,142.38,142.38,645
2026-05-06 09:25:00,142.32,142.4,141.93,141.98,8633
2026-05-06 09:30:00,141.96,142.125,141.21,142.11,43922
2026-05-06 09:35:00,142.33,142.3399,141.51,141.839,10704
2026-05-06 09:40:00,141.75,142.15,141.75,141.82,5393
2026-05-06 09:45:00,141.995,142.2056,141.4006,141.56,9304
2026-05-06 09:50:00,141.41,141.9,141.28,141.9,11526
2026-05-06 09:55:00,141.92,142.06,141.57,141.57,8271
2026-05-06 10:00:00,141.6405,141.71,141.14,141.14,10998
2026-05-06 10:05:00,141.135,141.34,140.66,141.34,8697
2026-05-06 10:10:00,141.3,141.4,141.13,141.34,4612
2026-05-06 10:15:00,141.21,141.39,140.67,140.78,10746
2026-05-06 10:20:00,140.72,140.92,140.59,140.86,9442
2026-05-06 10:25:00,141.03,141.27,140.78,140.78,4164
2026-05-06 10:30:00,140.775,141.45,140.6539,141.45,5508
2026-05-06 10:35:00,141.55,141.56,141.4,141.485,10567
2026-05-06 10:40:00,141.535,141.845,141.535,141.845,13684
2026-05-06 10:45:00,141.865,142.08,141.865,142.08,15040
2026-05-06 10:50:00,142.035,142.215,142.035,142.145,5726
2026-05-06 10:55:00,142.22,142.22,142.085,142.085,1635
2026-05-06 11:00:00,142.06,142.2,142.06,142.2,5592
2026-05-06 11:05:00,142.23,142.5,142.23,142.42,8677
2026-05-06 11:10:00,142.405,142.68,142.4,142.51,13301
2026-05-06 11:15:00,142.58,142.82,142.565,142.82,7384
2026-05-06 11:20:00,142.835,142.8599,142.61,142.61,3781
2026-05-06 11:25:00,142.78,142.876,142.67,142.8599,4348
2026-05-06 11:30:00,142.74,142.815,142.65,142.69,1741
2026-05-06 11:35:00,142.735,142.76,142.61,142.61,2375
2026-05-06 11:40:00,142.61,142.76,142.415,142.76,3773
2026-05-06 11:45:00,142.72,142.79,142.62,142.62,1389
2026-05-06 11:50:00,142.665,142.74,142.59,142.74,1308
2026-05-06 11:55:00,142.825,142.825,142.59,142.605,3001
2026-05-06 12:00:00,142.59,142.795,142.585,142.795,3002
2026-05-06 12:05:00,142.83,142.83,142.705,142.705,2364
2026-05-06 12:10:00,142.68,142.8587,142.68,142.8,5394
2026-05-06 12:15:00,142.825,142.825,142.465,142.465,5093
2026-05-06 12:20:00,142.51,142.64,142.45,142.63,6018
2026-05-06 12:25:00,142.74,142.74,142.64,142.65,961
2026-05-06 12:30:00,142.7527,142.7999,142.68,142.68,5600
2026-05-06 12:35:00,142.72,142.875,142.61,142.86,3431
2026-05-06 12:40:00,142.81,142.915,142.81,142.825,1744
2026-05-06 12:45:00,142.77,142.78,142.55,142.55,1921
2026-05-06 12:50:00,142.61,142.655,142.34,142.34,4424
2026-05-06 12:55:00,142.498,142.5575,142.465,142.465,812
2026-05-06 13:00:00,142.49,142.77,142.49,142.77,715
2026-05-06 13:05:00,142.77,142.8,142.7124,142.73,2015
2026-05-06 13:10:00,142.775,142.93,142.775,142.81,3938
2026-05-06 13:15:00,142.85,142.875,142.835,142.835,1514
2026-05-06 13:20:00,142.835,142.89,142.835,142.88,2420
2026-05-06 13:25:00,142.83,142.895,142.825,142.895,3996
2026-05-06 13:30:00,142.89,142.93,142.825,142.825,4132
2026-05-06 13:35:00,142.815,142.98,142.815,142.87,3334
2026-05-06 13:40:00,142.885,143.07,142.885,143.07,1844
2026-05-06 13:45:00,143.06,143.109,142.885,142.9397,5244
2026-05-06 13:50:00,142.89,142.93,142.7901,142.89,3139
2026-05-06 13:55:00,142.87,142.93,142.8,142.845,1636
2026-05-06 14:00:00,142.82,142.88,142.79,142.88,1973
2026-05-06 14:05:00,142.92,143.01,142.87,142.96,3745
2026-05-06 14:10:00,143.0199,143.0199,142.94,142.96,2919
2026-05-06 14:15:00,142.99,143.1783,142.985,143.005,4068
2026-05-06 14:20:00,143.05,143.2,143.05,143.0971,3029
2026-05-06 14:25:00,143.16,143.1899,143.0301,143.165,1934
2026-05-06 14:30:00,143.24,143.28,143.16,143.28,1918
2026-05-06 14:35:00,143.335,143.335,143.2,143.2,1341
2026-05-06 14:40:00,143.27,143.3799,143.14,143.17,4907
2026-05-06 14:45:00,143.14,143.17,143.01,143.08,1553
2026-05-06 14:50:00,143.04,143.22,142.9701,143.12,4254
2026-05-06 14:55:00,143.2,143.22,143.12,143.14,2472
2026-05-06 15:00:00,143.16,143.17,143.01,143.06,13276
2026-05-06 15:05:00,143.0453,143.19,143.0453,143.1501,2572
2026-05-06 15:10:00,143.24,143.4,143.24,143.325,3101
2026-05-06 15:15:00,143.38,143.48,143.35,143.37,3796
2026-05-06 15:20:00,143.425,143.53,143.41,143.53,3533
2026-05-06 15:25:00,143.45,143.52,143.434,143.45,2066
2026-05-06 15:30:00,143.43,143.4356,143.36,143.36,4821
2026-05-06 15:35:00,143.41,143.48,143.37,143.48,6119
2026-05-06 15:40:00,143.5485,143.649,143.4701,143.49,11245
2026-05-06 15:45:00,143.47,143.58,143.42,143.52,5207
2026-05-06 15:50:00,143.44,143.67,143.44,143.6,10663
2026-05-06 15:55:00,143.65,143.8741,143.63,143.63,7583
2026-05-06 16:00:00,143.66,143.66,143.66,143.66,2101
2026-05-06 16:20:00,144.5204,144.5204,144.5204,144.5204,111
2026-05-06 16:30:00,143.68,143.68,143.68,143.68,100
2026-05-06 16:35:00,144.2005,144.2005,144.2005,144.2005,100
2026-05-06 16:40:00,144.8054,144.8054,144.8054,144.8054,115
2026-05-06 16:50:00,143.695,143.695,143.695,143.695,500
2026-05-06 17:00:00,143.5,143.5,143.5,143.5,700
2026-05-06 17:15:00,143.6,143.6,143.6,143.6,2993
2026-05-06 17:20:00,143.782,143.782,143.782,143.782,888
2026-05-06 17:25:00,143.7,143.7,143.7,143.7,100
2026-05-06 17:30:00,143.6001,143.6001,143.6001,143.6001,373
2026-05-06 17:35:00,143.7638,143.7638,143.7638,143.7638,100
2026-05-06 17:40:00,143.61,143.61,143,143,1231
2026-05-06 17:55:00,143.1253,143.1253,143.1253,143.1253,400
2026-05-06 18:15:00,144.4829,144.4829,144.4829,144.4829,245
2026-05-06 18:25:00,143.97,143.97,143.97,143.97,186
2026-05-06 18:35:00,144.01,144.01,144,144,1076
2026-05-06 19:10:00,144.7788,144.7788,144.7788,144.7788,200
2026-05-06 19:30:00,144.86,144.86,144.86,144.86,100
2026-05-07 04:00:00,144.848,144.848,144.21,144.5,509
2026-05-07 07:00:00,144.51,144.51,144.5,144.5,588
2026-05-07 07:20:00,144.41,144.8497,143.8342,143.8342,2145
2026-05-07 07:35:00,144.3,144.3,144.3,144.3,100
2026-05-07 08:30:00,144.21,144.21,144.21,144.21,349
2026-05-07 09:25:00,143.94,143.94,143.92,143.94,589
2026-05-07 09:30:00,143.835,143.91,143.185,143.5591,33683
2026-05-07 09:35:00,143.56,143.6101,143.095,143.28,9939
2026-05-07 09:40:00,143.25,143.26,142.57,142.57,13954
2026-05-07 09:45:00,142.64,142.8,142.25,142.8,6614
2026-05-07 09:50:00,142.7,142.94,142.7,142.8001,3906
2026-05-07 09:55:00,142.95,143.04,142.4,142.48,9785
2026-05-07 10:00:00,142.45,142.62,142.3,142.415,6434
2026-05-07 10:05:00,142.52,142.7,142.505,142.66,3568
2026-05-07 10:10:00,142.63,142.89,142.59,142.84,4627
2026-05-07 10:15:00,142.84,143.2299,142.84,142.88,9548
2026-05-07 10:20:00,142.895,143.17,142.81,142.81,3646
2026-05-07 10:25:00,142.725,143.09,142.725,143.06,4207
2026-05-07 10:30:00,143.0798,143.24,143.025,143.025,2890
2026-05-07 10:35:00,143.05,143.2,143.05,143.2,880
2026-05-07 10:40:00,143.2,143.3499,143.15,143.15,2892
2026-05-07 10:45:00,143.15,143.15,142.845,142.845,2711
2026-05-07 10:50:00,142.95,143.2,142.95,143.2,954
2026-05-07 10:55:00,143.275,143.34,143.1701,143.25,3459
2026-05-07 11:00:00,143.12,143.1899,142.99,143.1899,3122
2026-05-07 11:05:00,143.15,143.15,142.89,143.065,3242
2026-05-07 11:10:00,143.14,143.14,142.88,142.9899,4296
2026-05-07 11:15:00,143.03,143.03,142.8701,142.89,959
2026-05-07 11:20:00,142.88,142.88,142.6001,142.6531,3167
2026-05-07 11:25:00,142.74,142.74,142.5301,142.685,2211
2026-05-07 11:30:00,142.75,142.96,142.75,142.93,26465
2026-05-07 11:35:00,142.865,142.865,142.7301,142.834,2138
2026-05-07 11:40:00,142.79,142.86,142.76,142.8419,1447
2026-05-07 11:45:00,142.8199,142.8199,142.4551,142.4551,3035
2026-05-07 11:50:00,142.4,142.4,142.115,142.29,4552
2026-05-07 11:55:00,142.12,142.12,141.86,141.865,1506
2026-05-07 12:00:00,141.87,141.97,141.6,141.83,4006
2026-05-07 12:05:00,141.735,141.735,141.415,141.57,8228
2026-05-07 12:10:00,141.57,141.57,141.28,141.365,18417
2026-05-07 12:15:00,141.28,141.28,140.92,140.95,11813
2026-05-07 12:20:00,140.9,141.2675,140.9,141.2675,9240
2026-05-07 12:25:00,141.415,141.48,141.41,141.44,1101
2026-05-07 12:30:00,141.38,141.7399,141.38,141.66,2063
2026-05-07 12:35:00,141.6,141.6,141.1603,141.1603,3184
2026-05-07 12:40:00,141.2199,141.4,141.17,141.3,3772
2026-05-07 12:45:00,141.315,141.32,141.175,141.175,1250
2026-05-07 12:50:00,141.185,141.39,141.05,141.345,6960
2026-05-07 12:55:00,141.3501,141.36,141.01,141.13,2478
2026-05-07 13:00:00,141.25,141.35,141.19,141.23,2548
2026-05-07 13:05:00,141.18,141.385,141.17,141.17,8146
2026-05-07 13:10:00,141.145,141.145,140.88,141.059,12516
2026-05-07 13:15:00,140.96,140.96,140.6,140.68,4862
2026-05-07 13:20:00,140.655,141.0401,140.6,140.93,5142
2026-05-07 13:25:00,141.01,141.0284,140.1,140.445,10681
2026-05-07 13:30:00,140.48,140.79,140.46,140.79,6979
2026-05-07 13:35:00,140.76,141.1,140.76,141.035,9872
2026-05-07 13:40:00,141.08,141.1,140.825,140.825,1797
2026-05-07 13:45:00,140.82,140.94,140.75,140.75,7258
2026-05-07 13:50:00,140.865,140.89,140.68,140.78,10669
2026-05-07 13:55:00,140.835,141.2601,140.77,141.2601,2378
2026-05-07 14:00:00,141.28,141.4194,141.24,141.32,3977
2026-05-07 14:05:00,141.34,141.48,141.22,141.22,4191
2026-05-07 14:10:00,141.12,141.28,141.12,141.27,3942
2026-05-07 14:15:00,141.11,141.35,141.11,141.28,1386
2026-05-07 14:20:00,141.3,141.305,141.08,141.13,3104
2026-05-07 14:25:00,141,141,140.8,140.8,1714
2026-05-07 14:30:00,140.98,140.98,140.87,140.87,200
2026-05-07 14:35:00,141.0086,141.0086,140.725,140.88,1864
2026-05-07 14:40:00,140.94,140.9499,140.51,140.51,14906
2026-05-07 14:45:00,140.47,140.74,140.47,140.615,7822
2026-05-07 14:50:00,140.58,140.68,140.48,140.57,5603
2026-05-07 14:55:00,140.54,140.8661,140.53,140.835,4809
2026-05-07 15:00:00,140.8552,140.91,140.71,140.785,3022
2026-05-07 15:05:00,140.785,140.8499,140.66,140.66,2655
2026-05-07 15:10:00,140.75,140.865,140.735,140.8501,700
2026-05-07 15:15:00,140.9675,140.9675,140.625,140.625,5855
2026-05-07 15:20:00,140.62,140.6999,140.51,140.51,6537
2026-05-07 15:25:00,140.48,140.58,140.43,140.465,15484
2026-05-07 15:30:00,140.57,140.8,140.4748,140.74,6192
2026-05-07 15:35:00,140.82,141.03,140.79,141.03,4315
2026-05-07 15:40:00,141.045,141.22,140.995,141.055,4259
2026-05-07 15:45:00,141.11,141.175,141.001,141.17,6807
2026-05-07 15:50:00,141.18,141.3399,140.99,141.06,6750
2026-05-07 15:55:00,141.06,141.13,141,141.01,11289
2026-05-07 16:00:00,141.13,141.13,141.13,141.13,878
2026-05-07 16:10:00,141.2,141.2,141.2,141.2,100
2026-05-07 17:05:00,140.89,140.89,140.89,140.89,109
2026-05-07 17:35:00,141.0213,141.0213,141.0213,141.0213,1000
2026-05-07 17:40:00,140.89,140.89,140.89,140.89,1500
2026-05-07 17:45:00,140.9165,140.9165,140.9165,140.9165,100
2026-05-07 17:50:00,140.919,140.919,140.89,140.89,210
2026-05-07 17:55:00,140.06,140.2,140.06,140.2,359
2026-05-08 04:00:00,141.7,141.7,141.7,141.7,400
2026-05-08 05:50:00,142.59,142.59,141.6,141.6,635
2026-05-08 06:45:00,142.57,142.57,142.57,142.57,140
2026-05-08 07:00:00,142.12,142.12,142.01,142.01,1063
2026-05-08 07:35:00,142.57,142.57,142.57,142.57,196
2026-05-08 07:40:00,142.6781,142.6781,142.6781,142.6781,200
2026-05-08 08:25:00,142.67,142.719,142.67,142.714,736
2026-05-08 08:30:00,142.91,142.91,142.64,142.64,1605
2026-05-08 08:35:00,143.14,143.19,143.14,143.19,1300
2026-05-08 08:50:00,142.983,142.983,142.983,142.983,100
2026-05-08 08:55:00,143.0557,143.0557,143.0557,143.0557,200
2026-05-08 09:05:00,142.83,142.83,142.83,142.83,150
2026-05-08 09:10:00,142.98,142.98,142.98,142.98,200
2026-05-08 09:30:00,143.07,143.12,142.32,142.83,15411
2026-05-08 09:35:00,142.8721,143.0557,142.635,142.755,5806
2026-05-08 09:40:00,142.86,143.15,142.8077,143.12,5393
2026-05-08 09:45:00,143.03,143.18,142.96,142.96,3927
2026-05-08 09:50:00,143.13,143.3199,143.1,143.234,3880
2026-05-08 09:55:00,143.27,143.395,143.08,143.395,7622
2026-05-08 10:00:00,143.49,143.73,143.49,143.6999,3575
2026-05-08 10:05:00,143.59,143.64,143.5,143.6,4960
2026-05-08 10:10:00,143.62,143.62,143.385,143.475,2368
2026-05-08 10:15:00,143.51,143.69,143.51,143.63,5017
2026-05-08 10:20:00,143.63,143.71,143.5701,143.64,3859
2026-05-08 10:25:00,143.6688,143.6688,143.12,143.12,4742
2026-05-08 10:30:00,142.97,143.25,142.97,143.22,2781
2026-05-08 10:35:00,143.115,143.1199,142.92,143.11,1371
2026-05-08 10:40:00,143.1,143.18,142.9475,143.18,4888
2026-05-08 10:45:00,143.215,143.3599,143.21,143.27,2058
2026-05-08 10:50:00,143.27,143.34,143.24,143.29,7734
2026-05-08 10:55:00,143.33,143.42,143.19,143.3,7075
2026-05-08 11:00:00,143.38,143.4073,143.26,143.38,8701
2026-05-08 11:05:00,143.41,143.535,143.39,143.47,3908
2026-05-08 11:10:00,143.4686,143.4686,143.2071,143.275,3574
2026-05-08 11:15:00,143.29,143.33,143.0301,143.2797,8856
2026-05-08 11:20:00,143.25,143.351,143.185,143.29,1140
2026-05-08 11:25:00,143.215,143.3201,143.13,143.3201,3630
2026-05-08 11:30:00,143.36,143.4,143.11,143.26,1952
2026-05-08 11:35:00,143.4399,143.5505,143.325,143.49,15609
2026-05-08 11:40:00,143.44,143.47,143.225,143.225,5454
2026-05-08 11:45:00,143.23,143.37,143.23,143.37,500
2026-05-08 11:50:00,143.395,143.5,143.395,143.5,721
2026-05-08 11:55:00,143.45,143.4912,143.25,143.25,2416
2026-05-08 12:00:00,143.32,143.43,143.32,143.4283,2699
2026-05-08 12:05:00,143.43,143.49,143.35,143.35,4295
2026-05-08 12:10:00,143.35,143.42,143.35,143.39,963
2026-05-08 12:15:00,143.385,143.395,143.26,143.26,1750
2026-05-08 12:20:00,143.27,143.45,143.27,143.45,1030
2026-05-08 12:25:00,143.43,143.65,143.43,143.65,3819
2026-05-08 12:30:00,143.7,143.76,143.67,143.71,2270
2026-05-08 12:35:00,143.7,143.72,143.5401,143.69,6772
2026-05-08 12:40:00,143.76,143.77,143.565,143.585,4853
2026-05-08 12:45:00,143.56,143.7399,143.56,143.7399,5217
2026-05-08 12:50:00,143.71,143.96,143.71,143.9,4655
2026-05-08 12:55:00,143.8406,143.9893,143.8406,143.9893,4216
2026-05-08 13:00:00,143.98,144.25,143.94,144.22,13305
2026-05-08 13:05:00,144.22,144.24,144.085,144.17,4762
2026-05-08 13:10:00,144.2601,144.2853,144.23,144.24,5071
2026-05-08 13:15:00,144.24,144.28,144.175,144.24,8381
2026-05-08 13:20:00,144.24,144.47,144.11,144.47,4788
2026-05-08 13:25:00,144.53,144.56,144.44,144.49,1100
2026-05-08 13:30:00,144.55,144.5902,144.525,144.57,3530
2026-05-08 13:35:00,144.66,144.7102,144.48,144.53,2949
2026-05-08 13:40:00,144.54,144.54,144.385,144.43,5279
2026-05-08 13:45:00,144.5699,144.5699,144.42,144.42,3940
2026-05-08 13:50:00,144.44,144.5399,144.325,144.385,8253
2026-05-08 13:55:00,144.4047,144.51,144.3201,144.3201,3188
2026-05-08 14:00:00,144.36,144.6,144.36,144.52,3374
2026-05-08 14:05:00,144.52,144.699,144.515,144.59,5706
2026-05-08 14:10:00,144.6,144.68,144.6,144.68,1700
2026-05-08 14:15:00,144.725,144.85,144.52,144.56,7970
2026-05-08 14:20:00,144.57,144.595,144.5001,144.59,2648
2026-05-08 14:25:00,144.565,144.6981,144.565,144.695,2494
2026-05-08 14:30:00,144.65,144.65,144.56,144.56,2378
2026-05-08 14:35:00,144.56,144.56,144.515,144.54,2506
2026-05-08 14:40:00,144.48,144.585,144.48,144.58,5247
2026-05-08 14:45:00,144.4656,144.49,144.35,144.35,23529
2026-05-08 14:50:00,144.35,144.5999,144.35,144.435,5917
2026-05-08 14:55:00,144.395,144.395,144.19,144.2,13048
2026-05-08 15:00:00,144.23,144.47,144.15,144.47,2335
2026-05-08 15:05:00,144.51,144.74,144.51,144.685,5020
2026-05-08 15:10:00,144.78,144.8,144.7,144.7,7053
2026-05-08 15:15:00,144.71,144.85,144.6801,144.75,4044
2026-05-08 15:20:00,144.84,144.8499,144.64,144.78,5486
2026-05-08 15:25:00,144.685,144.685,144.29,144.31,7307
2026-05-08 15:30:00,144.26,144.44,144.25,144.36,3114
2026-05-08 15:35:00,144.44,144.5677,144.42,144.55,2020
2026-05-08 15:40:00,144.54,144.73,144.4601,144.7,3331
2026-05-08 15:45:00,144.705,144.71,144.5,144.59,6007
2026-05-08 15:50:00,144.61,144.66,144.57,144.66,2710
2026-05-08 15:55:00,144.7,144.99,144.7,144.9,21004
2026-05-08 16:00:00,144.91,144.91,144.91,144.91,2924
2026-05-08 16:10:00,145.35,146,145.35,146,329
2026-05-08 17:55:00,145.01,145.01,145.01,145.01,100
2026-05-08 18:20:00,145.96,146.5,145.96,146.5,2446
2026-05-08 18:25:00,146.9,146.9,146.9,146.9,300
2026-05-08 18:30:00,147.19,147.5,146.95,147.25,3839
2026-05-08 18:55:00,147.7131,147.7131,147.7131,147.7131,130
2026-05-11 04:10:00,146.02,146.02,146.02,146.02,200
2026-05-11 05:50:00,145.8,145.8,145.8,145.8,138
2026-05-11 06:55:00,145.99,146,145.98,146,300
2026-05-11 07:05:00,146.98,146.98,146.98,146.98,100
2026-05-11 07:20:00,146.55,147.5774,146.55,147.5774,200
2026-05-11 07:25:00,147.5731,147.5731,147.5731,147.5731,100
2026-05-11 07:30:00,147.181,147.181,147.181,147.181,102
2026-05-11 07:35:00,146.95,146.95,146.95,146.95,210
2026-05-11 08:00:00,146.44,146.44,146.42,146.42,569
2026-05-11 08:10:00,146.408,146.408,146.408,146.408,282
2026-05-11 08:20:00,146,146,146,146,200
2026-05-11 08:30:00,146.37,146.37,146.37,146.37,150
2026-05-11 08:45:00,146.217,146.44,146.217,146.44,200
2026-05-11 08:50:00,146.06,146.06,146.06,146.06,200
2026-05-11 09:00:00,146.04,146.04,146.04,146.04,200
2026-05-11 09:15:00,146.11,146.11,146.11,146.11,156
2026-05-11 09:25:00,145.51,145.51,145.51,145.51,112
2026-05-11 09:30:00,145.6,146.67,145.45,146.455,44549
2026-05-11 09:35:00,146.46,146.4899,145.799,146.28,8317
2026-05-11 09:40:00,146.1932,146.51,146.185,146.42,5448
2026-05-11 09:45:00,146.57,146.63,146.315,146.42,16728
2026-05-11 09:50:00,146.42,146.54,146.15,146.3199,7085
2026-05-11 09:55:00,146.225,146.34,145.76,145.8799,18383
2026-05-11 10:00:00,145.78,146.41,145.78,146.32,17220
2026-05-11 10:05:00,146.355,146.73,146.355,146.67,9100
2026-05-11 10:10:00,146.69,147.08,146.545,147.08,7144
2026-05-11 10:15:00,147,147.09,146.9,147.07,6375
2026-05-11 10:20:00,147.0286,147.03,146.74,146.74,4189
2026-05-11 10:25:00,146.715,146.715,145.9575,145.965,6195
2026-05-11 10:30:00,146.0001,146.245,145.78,146.245,4358
2026-05-11 10:35:00,146.3799,146.6,146.24,146.5,5488
2026-05-11 10:40:00,146.52,146.7713,146.52,146.645,2429
2026-05-11 10:45:00,146.75,146.77,146.5833,146.67,6450
2026-05-11 10:50:00,146.63,147.1,146.5101,147.1,5689
2026-05-11 10:55:00,147.05,147.08,146.9,146.975,3447
2026-05-11 11:00:00,147.09,147.25,146.88,147.23,10869
2026-05-11 11:05:00,147.23,147.23,147.14,147.2228,2448
2026-05-11 11:10:00,147.15,147.26,147.01,147.01,5780
2026-05-11 11:15:00,147,147.13,146.88,147.05,2081
2026-05-11 11:20:00,147,147.205,146.985,147.205,4684
2026-05-11 11:25:00,147.29,147.3999,147.26,147.325,7536
2026-05-11 11:30:00,147.36,147.38,147.3,147.35,7872
2026-05-11 11:35:00,147.33,147.44,147.225,147.37,10034
2026-05-11 11:40:00,147.39,147.42,147.28,147.31,4202
2026-05-11 11:45:00,147.295,147.475,147.295,147.475,2678
2026-05-11 11:50:00,147.465,147.58,147.35,147.5426,8396
2026-05-11 11:55:00,147.5799,147.64,147.41,147.54,8872
2026-05-11 12:00:00,147.48,147.64,147.47,147.63,1179
2026-05-11 12:05:00,147.7183,147.84,147.7183,147.79,4074
2026-05-11 12:10:00,147.775,147.94,147.735,147.94,2629
2026-05-11 12:15:00,147.905,147.97,147.7175,147.72,5779
2026-05-11 12:20:00,147.72,147.82,147.705,147.8,3287
2026-05-11 12:25:00,147.825,147.8799,147.7201,147.81,2258
2026-05-11 12:30:00,147.88,147.89,147.76,147.76,3122
2026-05-11 12:35:00,147.7575,147.7575,147.49,147.49,10182
2026-05-11 12:40:00,147.42,147.49,147,147.18,6665
2026-05-11 12:45:00,147.1401,147.445,147.1401,147.445,2340
2026-05-11 12:50:00,147.2901,147.38,147.235,147.3299,3415
2026-05-11 12:55:00,147.235,147.36,147.235,147.33,3556
2026-05-11 13:00:00,147.36,147.4,147.269,147.34,3940
2026-05-11 13:05:00,147.365,147.38,147.155,147.35,4251
2026-05-11 13:10:00,147.2701,147.4199,147.1401,147.1401,9559
2026-05-11 13:15:00,147.16,147.3099,147.15,147.205,6018
2026-05-11 13:20:00,147.16,147.5199,147.15,147.5199,2305
2026-05-11 13:25:00,147.6351,147.7599,147.52,147.7382,1098
2026-05-11 13:30:00,147.68,147.71,147.5906,147.69,2058
2026-05-11 13:35:00,147.675,147.7984,147.675,147.735,4667
2026-05-11 13:40:00,147.71,147.71,147.665,147.71,1900
2026-05-11 13:45:00,147.69,147.7601,147.68,147.76,2739
2026-05-11 13:50:00,147.6651,147.7489,147.65,147.65,4321
2026-05-11 13:55:00,147.74,147.79,147.63,147.63,3492
2026-05-11 14:00:00,147.58,147.65,147.53,147.635,4218
2026-05-11 14:05:00,147.64,147.81,147.64,147.8,3882
2026-05-11 14:10:00,147.86,147.86,147.78,147.825,5913
2026-05-11 14:15:00,147.825,147.89,147.77,147.89,5156
2026-05-11 14:20:00,147.895,147.895,147.79,147.835,3670
2026-05-11 14:25:00,147.845,147.88,147.845,147.86,1592
2026-05-11 14:30:00,147.86,147.89,147.77,147.89,4022
2026-05-11 14:35:00,147.89,147.955,147.81,147.83,2700
2026-05-11 14:40:00,147.875,147.892,147.67,147.83,3464
2026-05-11 14:45:00,147.79,147.79,147.67,147.67,2330
2026-05-11 14:50:00,147.66,147.83,147.66,147.71,3662
2026-05-11 14:55:00,147.7,147.77,147.31,147.31,3825
2026-05-11 15:00:00,147.4599,147.56,147.4599,147.47,1462
2026-05-11 15:05:00,147.34,147.8251,147.34,147.8251,4492
2026-05-11 15:10:00,147.78,147.81,147.64,147.715,4613
2026-05-11 15:15:00,147.68,147.68,147.53,147.58,2724
2026-05-11 15:20:00,147.63,147.63,147.44,147.59,8470
2026-05-11 15:25:00,147.4801,147.55,147.13,147.13,7585
2026-05-11 15:30:00,147.13,147.43,147.13,147.385,24987
2026-05-11 15:35:00,147.32,147.4,147.17,147.4,8282
2026-05-11 15:40:00,147.335,147.49,147.31,147.49,8792
2026-05-11 15:45:00,147.505,147.57,147.33,147.55,18086
2026-05-11 15:50:00,147.55,147.73,147.53,147.73,25568
2026-05-11 15:55:00,147.75,147.97,147.65,147.74,14829
2026-05-11 16:00:00,147.82,147.82,147.82,147.82,3087
2026-05-11 16:05:00,150,150,150,150,100
2026-05-11 16:25:00,147.8,147.8,147.8,147.8,300
2026-05-11 16:40:00,148.22,148.22,148.22,148.22,100
2026-05-11 16:45:00,148.2,148.25,148.12,148.25,698
2026-05-11 17:00:00,148.34,148.34,148.34,148.34,100
2026-05-11 17:20:00,147.94,147.94,147.94,147.94,100
2026-05-11 17:25:00,149.48,149.48,149.48,149.48,115
2026-05-11 18:20:00,147.8237,147.8237,147.8237,147.8237,100
2026-05-11 18:35:00,147.325,147.325,147.325,147.325,265
2026-05-11 18:45:00,148.3575,148.3575,148.3575,148.3575,500
2026-05-11 19:15:00,149.8491,149.8491,149.8491,149.8491,500
2026-05-11 19:50:00,148.7,148.7,148.7,148.7,100
2026-05-12 04:45:00,146.55,146.55,146.55,146.55,100
2026-05-12 05:10:00,146.51,146.51,146.51,146.51,105
2026-05-12 05:45:00,146.62,146.62,146.62,146.62,100
2026-05-12 06:25:00,147.12,147.14,147.12,147.14,200
2026-05-12 06:45:00,147.47,147.47,147.47,147.47,200
2026-05-12 07:20:00,147.4083,147.4083,147.4083,147.4083,100
2026-05-12 07:25:00,146.4892,146.4892,146.01,146.01,1605
2026-05-12 07:35:00,146.2073,146.7,146.2073,146.7,333
2026-05-12 07:50:00,146.4,146.4,146.4,146.4,3074
2026-05-12 08:05:00,146.25,146.25,146.23,146.23,511
2026-05-12 08:15:00,146.2,146.2,146.0343,146.0343,600
2026-05-12 08:20:00,146.25,146.25,146,146,408
2026-05-12 08:25:00,145.99,145.99,145.99,145.99,100
2026-05-12 08:35:00,145.3326,145.8095,145.3326,145.8095,317
2026-05-12 08:45:00,145.63,145.63,145.63,145.63,152
2026-05-12 08:50:00,145.76,145.76,145.76,145.76,346
2026-05-12 09:00:00,146.25,146.25,146.25,146.25,100
2026-05-12 09:10:00,146.1,146.1075,146.1,146.1075,432
2026-05-12 09:15:00,146.02,146.02,146.02,146.02,120
2026-05-12 09:20:00,146.01,146.01,145.98,145.98,500
2026-05-12 09:25:00,146.07,146.07,145.5,145.51,9300
2026-05-12 09:30:00,145.54,145.71,144.8,145.1302,50009
2026-05-12 09:35:00,145,145.5801,144.92,145.5801,9964
2026-05-12 09:40:00,145.6274,145.99,145.4401,145.78,10162
2026-05-12 09:45:00,145.76,145.9367,145.175,145.3631,11239
2026-05-12 09:50:00,145.165,145.35,144.91,145.35,11482
2026-05-12 09:55:00,145.135,145.16,143.9,144.035,17510
2026-05-12 10:00:00,144.03,144.785,143.9,144.28,28012
2026-05-12 10:05:00,144.51,144.81,144.5,144.81,13771
2026-05-12 10:10:00,144.99,145.095,144.54,145.095,7786
2026-05-12 10:15:00,145.095,145.095,144.7,144.95,4599
2026-05-12 10:20:00,144.98,145.08,144.52,144.64,6333
2026-05-12 10:25:00,144.63,144.715,143.79,143.82,14127
2026-05-12 10:30:00,143.82,143.84,143.0341,143.26,34585
2026-05-12 10:35:00,143.26,143.99,143.03,143.81,16119
2026-05-12 10:40:00,143.91,144.1936,143.53,143.8,5863
2026-05-12 10:45:00,143.34,143.5101,143.1,143.195,7767
2026-05-12 10:50:00,143.04,143.31,142.8,143.305,11985
2026-05-12 10:55:00,143.01,143.09,142.81,142.81,7096
2026-05-12 11:00:00,142.85,142.96,142.58,142.695,10412
2026-05-12 11:05:00,142.52,142.8099,142.46,142.8,21757
2026-05-12 11:10:00,142.81,142.81,142.18,142.24,10290
2026-05-12 11:15:00,142.171,142.18,141.647,141.86,20569
2026-05-12 11:20:00,141.86,141.905,141.41,141.42,11309
2026-05-12 11:25:00,141.425,141.67,141.32,141.42,28891
2026-05-12 11:30:00,141.495,142,141.495,141.955,23598
2026-05-12 11:35:00,141.955,142.18,141.78,142.05,11606
2026-05-12 11:40:00,142.04,142.21,141.78,142.17,2217
2026-05-12 11:45:00,142.03,142.0715,141.75,141.76,4472
2026-05-12 11:50:00,141.905,141.905,141.5,141.59,5448
2026-05-12 11:55:00,141.5,141.5,141.03,141.13,7894
2026-05-12 12:00:00,141.01,141.7699,140.93,141.485,10808
2026-05-12 12:05:00,141.54,141.8,141.37,141.53,1891
2026-05-12 12:10:00,141.465,141.775,141.4,141.775,5840
2026-05-12 12:15:00,141.7501,141.7501,141.47,141.47,6801
2026-05-12 12:20:00,141.31,141.68,141.3,141.3,5015
2026-05-12 12:25:00,141.255,141.4,141.11,141.15,3336
2026-05-12 12:30:00,141.35,141.35,140.95,141.0751,4124
2026-05-12 12:35:00,141.055,141.3399,140.9601,141.035,5713
2026-05-12 12:40:00,141.095,141.095,140.56,140.63,12997
2026-05-12 12:45:00,140.83,140.85,140.5301,140.8299,7211
2026-05-12 12:50:00,140.7973,140.905,140.3858,140.54,10446
2026-05-12 12:55:00,140.505,140.72,140.48,140.53,3102
2026-05-12 13:00:00,140.62,141,140.62,141,4202
2026-05-12 13:05:00,141.005,141.4995,141.005,141.17,3065
2026-05-12 13:10:00,141.19,141.62,141.16,141.62,3049
2026-05-12 13:15:00,141.729,142.045,141.71,141.975,4030
2026-05-12 13:20:00,142.005,142.3,142,142.18,2337
2026-05-12 13:25:00,142.18,142.2599,141.8,141.9625,3058
2026-05-12 13:30:00,142.0638,142.205,141.985,142.205,1026
2026-05-12 13:35:00,142.215,142.215,141.94,142.06,1773
2026-05-12 13:40:00,141.99,141.99,141.96,141.96,481
2026-05-12 13:45:00,142.0296,142.0296,141.8047,141.8047,1606
2026-05-12 13:50:00,141.885,141.965,141.76,141.965,1421
2026-05-12 13:55:00,142.025,142.18,142.025,142.18,1168
2026-05-12 14:00:00,142.135,142.3425,142.135,142.3425,2432
2026-05-12 14:05:00,142.4568,142.5,142.155,142.3,3032
2026-05-12 14:10:00,142.3703,142.5,142.25,142.5,1661
2026-05-12 14:15:00,142.55,142.7088,142.31,142.57,1283
2026-05-12 14:20:00,142.58,142.77,142.46,142.51,4381
2026-05-12 14:25:00,142.59,142.79,142.4212,142.64,26082
2026-05-12 14:30:00,142.675,142.84,142.675,142.78,2942
2026-05-12 14:35:00,142.7,142.8075,142.5634,142.725,4840
2026-05-12 14:40:00,142.561,142.775,142.561,142.65,8857
2026-05-12 14:45:00,142.5,142.62,142.33,142.465,2570
2026-05-12 14:50:00,142.51,142.66,142.35,142.56,2783
2026-05-12 14:55:00,142.65,142.76,142.14,142.35,4043
2026-05-12 15:00:00,142.245,142.48,142.245,142.41,3388
2026-05-12 15:05:00,142.49,142.6987,142.37,142.69,6714
2026-05-12 15:10:00,142.63,143.1299,142.63,142.99,3605
2026-05-12 15:15:00,143.055,143.0971,142.92,143,3451
2026-05-12 15:20:00,142.99,142.99,142.68,142.81,1805
2026-05-12 15:25:00,142.9,142.9899,142.8,142.81,3666
2026-05-12 15:30:00,142.88,143.4,142.84,143.4,4410
2026-05-12 15:35:00,143.405,143.58,143.32,143.55,2142
2026-05-12 15:40:00,143.57,143.69,143.57,143.675,4318
2026-05-12 15:45:00,143.675,143.71,143.52,143.705,4932
2026-05-12 15:50:00,143.87,144.08,143.72,143.98,8925
2026-05-12 15:55:00,143.9,144.06,143.81,144.06,8925
2026-05-12 16:00:00,143.98,143.98,143.98,143.98,1813
2026-05-12 16:05:00,144.15,144.15,144.15,144.15,184
2026-05-12 16:20:00,142.4734,142.4734,142.4734,142.4734,100
2026-05-12 17:20:00,143.84,143.84,143.8,143.8,300
2026-05-12 17:55:00,144.95,144.95,144.95,144.95,100
2026-05-12 18:10:00,144.96,144.96,144.96,144.96,252
2026-05-12 18:20:00,145.3762,145.3762,145.3762,145.3762,200
2026-05-12 19:05:00,145.5,145.5,145.5,145.5,165
2026-05-12 19:10:00,145.31,145.31,145.31,145.31,100
2026-05-12 19:25:00,145.43,145.43,145.43,145.43,141
2026-05-12 19:55:00,145,145,145,145,350
2026-05-13 04:00:00,143.5712,145.69,143.5712,145.69,449
2026-05-13 07:00:00,146.58,146.58,145.25,145.25,1100
2026-05-13 07:30:00,145.8,145.8,145.8,145.8,150
2026-05-13 07:45:00,146.39,146.55,146.39,146.55,298
2026-05-13 08:05:00,146.21,146.21,146.21,146.21,100
2026-05-13 08:10:00,146.63,146.63,146.2,146.2,370
2026-05-13 08:20:00,146.1,146.1,146.1,146.1,100
2026-05-13 08:25:00,146.21,146.21,146.21,146.21,100
2026-05-13 08:35:00,145.3,146.3,145.28,146.3,632
2026-05-13 09:05:00,146.3,146.3,146.3,146.3,1800
2026-05-13 09:15:00,146,146,146,146,240
2026-05-13 09:25:00,145,145,145,145,8260
2026-05-13 09:30:00,145.62,145.7099,144.9,145.205,30657
2026-05-13 09:35:00,145.215,145.47,144.4425,144.685,4569
2026-05-13 09:40:00,144.825,145.3307,144.77,144.9099,7914
2026-05-13 09:45:00,144.675,144.6969,143.7999,143.955,10659
2026-05-13 09:50:00,144.46,144.86,143.91,144.785,9698
2026-05-13 09:55:00,144.99,145,144.13,144.355,10295
2026-05-13 10:00:00,144.395,144.58,144.24,144.58,1458
2026-05-13 10:05:00,144.33,144.74,144.04,144.16,2190
2026-05-13 10:10:00,144.385,144.52,143.93,144.1915,2627
2026-05-13 10:15:00,144.2601,144.37,143.91,144.17,2309
2026-05-13 10:20:00,144.5,145.065,144.495,145.065,2213
2026-05-13 10:25:00,145.27,145.3,144.94,144.94,2918
2026-05-13 10:30:00,145.15,145.25,144.98,145.25,1703
2026-05-13 10:35:00,145.255,145.2601,144.95,144.995,2042
2026-05-13 10:40:00,145.05,145.37,144.91,145.26,7788
2026-05-13 10:45:00,145.23,145.4,145.075,145.11,5608
2026-05-13 10:50:00,145.21,145.65,145.12,145.5625,4702
2026-05-13 10:55:00,145.6,145.7,145.485,145.55,5457
2026-05-13 11:00:00,145.6,145.7399,145.56,145.64,15888
2026-05-13 11:05:00,145.5,145.8499,145.5,145.76,20910
2026-05-13 11:10:00,145.8,145.8245,145.54,145.63,3333
2026-05-13 11:15:00,145.7,145.8925,145.64,145.85,7981
2026-05-13 11:20:00,145.8,145.92,145.66,145.75,8219
2026-05-13 11:25:00,145.765,145.778,145.44,145.67,3649
2026-05-13 11:30:00,145.67,145.8011,145.535,145.64,4031
2026-05-13 11:35:00,145.76,145.99,145.71,145.9388,5040
2026-05-13 11:40:00,145.995,146.13,145.9,146.06,23935
2026-05-13 11:45:00,146.02,146.0475,145.77,146,2461
2026-05-13 11:50:00,145.77,145.87,145.57,145.7035,3781
2026-05-13 11:55:00,145.63,145.64,145.18,145.27,7158
2026-05-13 12:00:00,145.29,145.72,145.25,145.665,3090
2026-05-13 12:05:00,145.665,145.84,145.645,145.835,4054
2026-05-13 12:10:00,145.835,146.07,145.8,146.035,7201
2026-05-13 12:15:00,146.085,146.1799,145.97,146.1799,7077
2026-05-13 12:20:00,146.15,146.48,146.0401,146.46,6418
2026-05-13 12:25:00,146.485,146.55,146.39,146.41,3351
2026-05-13 12:30:00,146.495,146.65,146.25,146.48,13645
2026-05-13 12:35:00,146.64,146.655,146.425,146.46,2934
2026-05-13 12:40:00,146.5605,146.72,146.27,146.605,3401
2026-05-13 12:45:00,146.565,146.67,146.25,146.25,6139
2026-05-13 12:50:00,146.4056,146.51,146.35,146.45,916
2026-05-13 12:55:00,146.5,146.7299,146.36,146.54,5550
2026-05-13 13:00:00,146.59,146.9599,146.5375,146.64,8301
2026-05-13 13:05:00,146.765,146.89,146.63,146.8,3423
2026-05-13 13:10:00,146.81,146.8704,146.5,146.72,6271
2026-05-13 13:15:00,146.83,146.88,146.62,146.79,3621
2026-05-13 13:20:00,146.775,146.9,146.68,146.72,4313
2026-05-13 13:25:00,146.78,146.9696,146.75,146.9,2949
2026-05-13 13:30:00,146.925,146.99,146.86,146.88,2256
2026-05-13 13:35:00,146.885,146.97,146.8,146.92,1500
2026-05-13 13:40:00,146.915,147.06,146.86,146.95,5726
2026-05-13 13:45:00,146.88,147,146.86,146.87,1575
2026-05-13 13:50:00,146.935,146.99,146.865,146.975,6316
2026-05-13 13:55:00,146.99,147.03,146.8,146.8,5138
2026-05-13 14:00:00,146.76,146.93,146.76,146.88,1440
2026-05-13 14:05:00,146.9551,147.02,146.89,147.02,1885
2026-05-13 14:10:00,147.025,147.16,146.975,147.07,6170
2026-05-13 14:15:00,147.21,147.31,147.13,147.13,4196
2026-05-13 14:20:00,147.25,147.3787,147.1601,147.256,4821
2026-05-13 14:25:00,147.31,147.56,147.31,147.32,2269
2026-05-13 14:30:00,147.33,147.46,147.09,147.18,9068
2026-05-13 14:35:00,147.17,147.2,146.9201,147.03,12551
2026-05-13 14:40:00,147.21,147.225,147.11,147.125,3983
2026-05-13 14:45:00,147.08,147.095,146.9,146.96,2895
2026-05-13 14:50:00,146.9754,147.02,146.85,146.915,2525
2026-05-13 14:55:00,146.885,146.99,146.58,146.61,3246
2026-05-13 15:00:00,146.635,146.89,146.635,146.88,1648
2026-05-13 15:05:00,146.83,146.8899,146.69,146.82,3376
2026-05-13 15:10:00,146.9899,147.1099,146.83,147.05,8375
2026-05-13 15:15:00,147.02,147.2,146.91,147.2,1566
2026-05-13 15:20:00,147.1,147.1,146.84,146.915,2832
2026-05-13 15:25:00,146.865,147.11,146.86,146.95,2124
2026-05-13 15:30:00,146.96,147.0483,146.9,146.91,4445
2026-05-13 15:35:00,146.98,147.14,146.915,147.07,5544
2026-05-13 15:40:00,147.085,147.13,146.96,146.96,7750
2026-05-13 15:45:00,146.9975,147.12,146.96,147.05,3788
2026-05-13 15:50:00,147.03,147.08,146.475,146.705,15737
2026-05-13 15:55:00,146.705,146.93,146.705,146.79,9557
2026-05-13 16:00:00,146.79,146.98,146.79,146.79,1641
2026-05-13 16:05:00,147.39,147.8375,147.39,147.8375,200
2026-05-13 16:40:00,147.55,147.55,147.55,147.55,101
2026-05-13 16:55:00,147.77,147.79,147.76,147.79,800
2026-05-13 17:25:00,147.76,147.76,147.76,147.76,100
2026-05-13 18:45:00,147.6,147.6,147.6,147.6,100
2026-05-13 19:05:00,147.9501,147.9501,147.9501,147.9501,100
2026-05-13 19:45:00,147.94,147.94,147.94,147.94,100
2026-05-14 07:00:00,147,148,147,148,200
2026-05-14 07:15:00,148,148,148,148,200
2026-05-14 08:30:00,147.5,147.5,147.5,147.5,235
2026-05-14 08:35:00,147.6,147.78,147.6,147.78,600
2026-05-14 08:40:00,147.78,147.78,147.78,147.78,100
2026-05-14 08:45:00,147.5,147.5,147.5,147.5,500
2026-05-14 08:55:00,147.5,147.5,147.5,147.5,120
2026-05-14 09:00:00,147.5,147.5,147.5,147.5,500
2026-05-14 09:05:00,147.3,147.335,146.6776,146.6776,491
2026-05-14 09:10:00,146.6664,146.6664,146.6664,146.6664,100
2026-05-14 09:15:00,147.43,147.43,147.43,147.43,400
2026-05-14 09:30:00,146.64,146.84,145.99,146.29,24659
2026-05-14 09:35:00,146.395,146.8699,146.26,146.6929,13331
2026-05-14 09:40:00,146.83,146.9,146.56,146.56,6858
2026-05-14 09:45:00,146.8,147.34,146.6637,147.285,3816
2026-05-14 09:50:00,147.25,147.42,146.66,146.9,25775
2026-05-14 09:55:00,146.9,147.1,146.08,146.08,4684
2026-05-14 10:00:00,146.375,146.95,146.375,146.95,7918
2026-05-14 10:05:00,146.98,146.98,146.575,146.58,8551
2026-05-14 10:10:00,146.68,147.1599,146.61,147.0865,14053
2026-05-14 10:15:00,146.96,147.33,146.86,147.22,12808
2026-05-14 10:20:00,147.28,147.35,147.1,147.1,4155
2026-05-14 10:25:00,147.21,147.33,147.045,147.24,2294
2026-05-14 10:30:00,147.12,147.37,147.1,147.3,7749
2026-05-14 10:35:00,147.45,147.93,147.45,147.89,5742
2026-05-14 10:40:00,147.86,147.91,147.61,147.73,7393
2026-05-14 10:45:00,147.7,147.875,147.64,147.875,2607
2026-05-14 10:50:00,147.885,148.07,147.8,147.94,6225
2026-05-14 10:55:00,148.1499,148.1499,147.57,147.685,4907
2026-05-14 11:00:00,147.78,147.93,147.6301,147.69,3728
2026-05-14 11:05:00,147.75,147.97,147.66,147.97,1036
2026-05-14 11:10:00,147.88,148.0299,147.77,147.98,6869
2026-05-14 11:15:00,148.065,148.26,148.06,148.17,2202
2026-05-14 11:20:00,148.15,148.24,148.05,148.07,5031
2026-05-14 11:25:00,148.09,148.23,148.02,148.1,2465
2026-05-14 11:30:00,148.14,148.4299,148,148,5724
2026-05-14 11:35:00,147.95,148.13,147.88,147.96,3081
2026-05-14 11:40:00,147.9,148,147.82,147.92,4191
2026-05-14 11:45:00,147.99,147.99,147.87,147.945,3655
2026-05-14 11:50:00,147.955,148.11,147.955,148.11,10245
2026-05-14 11:55:00,148.12,148.12,147.85,147.89,4363
2026-05-14 12:00:00,147.9,148,147.79,148,8284
2026-05-14 12:05:00,148.02,148.05,148,148.03,11988
2026-05-14 12:10:00,148.04,148.3,148.04,148.23,8123
2026-05-14 12:15:00,148.23,148.3,148.14,148.16,7427
2026-05-14 12:20:00,148.03,148.14,148.03,148.09,4722
2026-05-14 12:25:00,148.08,148.08,147.8,147.81,13217
2026-05-14 12:30:00,147.81,147.99,147.81,147.88,6716
2026-05-14 12:35:00,147.91,148,147.91,147.98,3484
2026-05-14 12:40:00,147.98,148.12,147.93,148.0652,3644
2026-05-14 12:45:00,148.0599,148.0599,147.81,148.04,6280
2026-05-14 12:50:00,148.07,148.07,147.91,147.925,2893
2026-05-14 12:55:00,148.0399,148.04,147.8001,147.97,3174
2026-05-14 13:00:00,148.065,148.28,148.065,148.27,8044
2026-05-14 13:05:00,148.21,148.235,147.92,147.92,2222
2026-05-14 13:10:00,147.83,148.085,147.53,147.53,7150
2026-05-14 13:15:00,147.5799,147.5799,147.05,147.12,3417
2026-05-14 13:20:00,147.2899,147.4,147.06,147.12,6522
2026-05-14 13:25:00,147.01,147.17,146.91,147.13,6882
2026-05-14 13:30:00,147,147.4085,147,147.35,3735
2026-05-14 13:35:00,147.36,147.58,147.36,147.58,2226
2026-05-14 13:40:00,147.65,147.65,147.52,147.61,800
2026-05-14 13:45:00,147.62,147.79,147.5438,147.79,7851
2026-05-14 13:50:00,147.82,147.84,147.76,147.84,1264
2026-05-14 13:55:00,147.885,148,147.8,147.81,6505
2026-05-14 14:00:00,147.75,147.75,147.33,147.43,2139
2026-05-14 14:05:00,147.48,147.5,147.32,147.42,7198
2026-05-14 14:10:00,147.395,147.725,147.395,147.725,6375
2026-05-14 14:15:00,147.85,147.85,147.72,147.84,3543
2026-05-14 14:20:00,147.815,147.88,147.65,147.65,3778
2026-05-14 14:25:00,147.62,147.7,147.555,147.5701,1762
2026-05-14 14:30:00,147.74,147.895,147.69,147.895,3193
2026-05-14 14:35:00,147.95,147.97,147.795,147.84,4965
2026-05-14 14:40:00,147.84,147.84,147.58,147.6327,6233
2026-05-14 14:45:00,147.645,147.74,147.645,147.692,5250
2026-05-14 14:50:00,147.83,147.99,147.83,147.915,12353
2026-05-14 14:55:00,147.915,148.02,147.865,147.865,3192
2026-05-14 15:00:00,148.09,148.1,147.97,147.97,2141
2026-05-14 15:05:00,148.02,148.05,147.92,148.02,8088
2026-05-14 15:10:00,148.02,148.04,147.85,147.88,6220
2026-05-14 15:15:00,147.92,147.9999,147.92,147.98,2641
2026-05-14 15:20:00,148.02,148.13,147.985,148.025,6666
2026-05-14 15:25:00,148.025,148.07,147.75,147.765,8278
2026-05-14 15:30:00,147.82,148.1,147.82,148.05,14318
2026-05-14 15:35:00,148.05,148.17,148.02,148.135,29060
2026-05-14 15:40:00,148.18,148.21,148.0401,148.14,12133
2026-05-14 15:45:00,148.12,148.23,148.06,148.21,11194
2026-05-14 15:50:00,148.195,148.195,147.93,148.04,19013
2026-05-14 15:55:00,147.97,148.0184,147.77,147.9199,16577
2026-05-14 16:00:00,147.88,147.88,147.88,147.88,1615
2026-05-14 16:10:00,148.51,148.51,148.51,148.51,101
2026-05-14 17:40:00,148.9538,148.9538,148.9538,148.9538,100
2026-05-14 17:45:00,147.47,147.47,147.47,147.47,200
2026-05-14 19:00:00,148.6,148.6,148.6,148.6,134
2026-05-15 04:00:00,144.5,146.16,144.5,146.16,1453
2026-05-15 04:50:00,144.8,144.8,144.8,144.8,191
2026-05-15 05:20:00,144.4,144.4,144.4,144.4,102
2026-05-15 07:00:00,145,146.19,144.88,144.88,2334
2026-05-15 07:05:00,145,145,145,145,379
2026-05-15 07:20:00,144.703,144.703,144.703,144.703,500
2026-05-15 07:40:00,144.57,144.57,144.57,144.57,120
2026-05-15 07:55:00,144.55,144.59,144.55,144.59,417
2026-05-15 08:00:00,144.54,144.54,144.54,144.54,100
2026-05-15 08:05:00,144.6,144.6,144.6,144.6,100
2026-05-15 08:20:00,144,144,144,144,120
2026-05-15 08:30:00,143.75,143.75,143.75,143.75,250
2026-05-15 08:35:00,143.43,143.43,143.43,143.43,396
2026-05-15 08:40:00,143.5357,143.5357,143.5357,143.5357,100
2026-05-15 08:50:00,143.675,143.675,143.675,143.675,102
2026-05-15 08:55:00,143.68,143.68,143.68,143.68,250
2026-05-15 09:00:00,143.565,143.565,143.565,143.565,200
2026-05-15 09:15:00,143.66,143.66,143.66,143.66,192
2026-05-15 09:20:00,143.4912,143.75,143.4912,143.75,300
2026-05-15 09:25:00,143.41,143.42,143.41,143.42,240
2026-05-15 09:30:00,143.33,143.4,142.16,142.8,49240
2026-05-15 09:35:00,142.895,142.9,142.58,142.61,16477
2026-05-15 09:40:00,142.5,143.15,142.5,142.605,10037
2026-05-15 09:45:00,142.6,142.8,142.0001,142.755,27355
2026-05-15 09:50:00,142.86,143.17,142.33,143.17,14866
2026-05-15 09:55:00,143.185,143.3666,142.0909,142.25,6285
2026-05-15 10:00:00,142.0983,142.64,142.06,142.4948,7022
2026-05-15 10:05:00,142.51,142.9001,142.2701,142.78,10301
2026-05-15 10:10:00,142.91,143.6599,142.6,143.4,3609
2026-05-15 10:15:00,143.635,144.13,143.36,144,12887
2026-05-15 10:20:00,143.94,144.2,143.92,143.94,6959
2026-05-15 10:25:00,143.88,143.88,143.5,143.5674,5281
2026-05-15 10:30:00,143.57,143.7799,143.48,143.575,5912
2026-05-15 10:35:00,143.72,143.7386,143.545,143.61,2354
2026-05-15 10:40:00,143.605,143.74,143.48,143.69,3901
2026-05-15 10:45:00,143.5,143.62,143.1,143.1,13928
2026-05-15 10:50:00,143.4499,143.4499,142.84,143.14,4779
2026-05-15 10:55:00,143.305,143.42,142.98,142.98,4237
2026-05-15 11:00:00,142.94,143.29,142.9,143.2,2510
2026-05-15 11:05:00,143.153,143.18,142.88,142.93,4732
2026-05-15 11:10:00,143.32,143.32,143,143,1100
2026-05-15 11:15:00,143.165,143.2999,143,143.29,8968
2026-05-15 11:20:00,143.315,143.6899,143.2,143.33,3407
2026-05-15 11:25:00,143.63,143.63,143.33,143.33,1557
2026-05-15 11:30:00,143.66,143.885,143.64,143.785,8709
2026-05-15 11:35:00,143.66,143.91,143.59,143.7351,5427
2026-05-15 11:40:00,143.67,143.67,143.34,143.425,4899
2026-05-15 11:45:00,143.39,143.6,143.29,143.29,3865
2026-05-15 11:50:00,143.18,143.38,143.05,143.11,7825
2026-05-15 11:55:00,143.02,143.36,142.89,143.32,2356
2026-05-15 12:00:00,143.305,143.34,143.15,143.34,1423
2026-05-15 12:05:00,143.32,143.435,143.25,143.28,2500
2026-05-15 12:10:00,143.43,143.44,143.1514,143.2,2771
2026-05-15 12:15:00,143.36,143.36,143.11,143.13,3244
2026-05-15 12:20:00,143.265,143.4831,143.265,143.33,3860
2026-05-15 12:25:00,143.65,143.65,143.28,143.495,8171
2026-05-15 12:30:00,143.57,143.6399,143.45,143.63,4000
2026-05-15 12:35:00,143.61,143.68,143.38,143.5,2921
2026-05-15 12:40:00,143.475,143.805,143.38,143.805,14052
2026-05-15 12:45:00,143.635,143.755,143.55,143.61,3698
2026-05-15 12:50:00,143.61,143.63,143.25,143.25,8565
2026-05-15 12:55:00,143.33,143.63,143.33,143.4,2730
2026-05-15 13:00:00,143.425,143.6,143.3601,143.43,2971
2026-05-15 13:05:00,143.44,143.57,143.44,143.57,200
2026-05-15 13:10:00,143.6,143.6632,143.46,143.625,2258
2026-05-15 13:15:00,143.635,143.74,143.3701,143.65,8046
2026-05-15 13:20:00,143.76,143.87,143.675,143.87,3605
2026-05-15 13:25:00,143.97,144.12,143.965,144.12,1743
2026-05-15 13:30:00,143.965,144.0525,143.965,144.01,975
2026-05-15 13:35:00,144.18,144.25,144.12,144.2043,3600
2026-05-15 13:40:00,144.28,144.2999,144.0601,144.205,3268
2026-05-15 13:45:00,144.21,144.21,144.11,144.115,3889
2026-05-15 13:50:00,144.1117,144.195,144.1117,144.19,2010
2026-05-15 13:55:00,144.36,144.4421,144.36,144.39,500
2026-05-15 14:00:00,144.42,144.49,144.41,144.48,1192
2026-05-15 14:05:00,144.53,144.57,144.49,144.52,2419
2026-05-15 14:10:00,144.5,144.6,144.5,144.55,3352
2026-05-15 14:15:00,144.45,144.45,143.96,143.96,11343
2026-05-15 14:20:00,143.975,144.14,143.975,144.12,400
2026-05-15 14:25:00,144.14,144.1842,143.81,143.81,3509
2026-05-15 14:30:00,143.845,143.845,143.5101,143.82,3257
2026-05-15 14:35:00,143.73,143.96,143.7,143.96,2390
2026-05-15 14:40:00,143.99,144.1084,143.825,143.85,2033
2026-05-15 14:45:00,143.79,143.9618,143.79,143.8,4010
2026-05-15 14:50:00,143.98,144.0597,143.91,144.0597,1905
2026-05-15 14:55:00,144.15,144.2,144.03,144.06,2230
2026-05-15 15:00:00,143.96,144.0999,143.9,143.9389,1740
2026-05-15 15:05:00,143.9,143.94,143.6,143.7,6467
2026-05-15 15:10:00,143.66,143.73,143.53,143.68,3256
2026-05-15 15:15:00,143.68,143.75,143.575,143.695,2729
2026-05-15 15:20:00,143.7,143.7,143.57,143.585,2571
2026-05-15 15:25:00,143.51,143.545,143.46,143.47,2409
2026-05-15 15:30:00,143.52,143.72,143.52,143.72,3062
2026-05-15 15:35:00,143.59,143.82,143.56,143.82,5491
2026-05-15 15:40:00,143.7825,143.88,143.535,143.535,6662
2026-05-15 15:45:00,143.58,143.585,143.44,143.585,4862
2026-05-15 15:50:00,143.59,143.59,143.3,143.3,5646
2026-05-15 15:55:00,143.25,143.25,143.01,143.0775,15234
2026-05-15 16:00:00,143.08,144.2685,142.91,144.2685,1373
2026-05-15 16:10:00,142.91,142.91,142.91,142.91,115
2026-05-15 16:20:00,143,143,143,143,239
2026-05-15 17:30:00,142.7545,142.7545,142.7545,142.7545,245
2026-05-15 17:35:00,142.8769,142.8769,142.8769,142.8769,301
2026-05-15 19:00:00,143.4,143.4,143.4,143.4,150
2026-05-18 04:00:00,142.2,142.2,142.2,142.2,250
2026-05-18 04:20:00,143.11,143.11,143.11,143.11,200
2026-05-18 06:45:00,143.61,143.61,143.61,143.61,149
2026-05-18 07:00:00,143.03,143.03,142.78,143,432
2026-05-18 07:30:00,143,143,143,143,145
2026-05-18 07:35:00,142.85,142.85,142.85,142.85,221
2026-05-18 07:55:00,143.6,143.6,143.24,143.24,400
2026-05-18 08:35:00,142.78,143.1506,142.73,143.1506,344
2026-05-18 08:40:00,143.2,143.2,143.2,143.2,947
2026-05-18 08:50:00,143.6,143.6,143.6,143.6,924
2026-05-18 09:20:00,144.8946,144.8946,144.8946,144.8946,900
2026-05-18 09:30:00,144.86,144.93,144,144.15,16519
2026-05-18 09:35:00,144.01,144.01,143.09,143.09,4817
2026-05-18 09:40:00,143.205,143.22,142.35,142.35,15792
2026-05-18 09:45:00,142.355,142.85,142.1701,142.39,8287
2026-05-18 09:50:00,142.3,143.34,142.3,143.05,7232
2026-05-18 09:55:00,143.051,143.21,142.51,142.8075,11131
2026-05-18 10:00:00,142.6412,142.855,141.77,141.9387,15719
2026-05-18 10:05:00,142.06,142.86,141.76,142.715,6929
2026-05-18 10:10:00,142.645,142.87,142.5101,142.87,12120
2026-05-18 10:15:00,142.96,143.08,142.2706,142.2706,1917
2026-05-18 10:20:00,142.605,142.605,142.2557,142.2557,4451
2026-05-18 10:25:00,142.2,142.37,141.76,141.83,5288
2026-05-18 10:30:00,141.875,141.96,140.94,140.99,16759
2026-05-18 10:35:00,140.95,141.6,140.6806,141.455,15368
2026-05-18 10:40:00,141.31,141.71,141.31,141.55,6123
2026-05-18 10:45:00,141.36,141.36,140.9,141.11,3393
2026-05-18 10:50:00,140.9,141.65,140.9,141.41,8644
2026-05-18 10:55:00,141.2,141.615,141.2,141.5405,7472
2026-05-18 11:00:00,141.555,141.915,141.4647,141.725,21500
2026-05-18 11:05:00,141.76,141.9225,141.14,141.17,7266
2026-05-18 11:10:00,141.0201,141.64,141.0201,141.495,1914
2026-05-18 11:15:00,141.505,141.505,140.9,141.02,8379
2026-05-18 11:20:00,141.055,141.28,140.99,141.1,5573
2026-05-18 11:25:00,141.195,141.56,140.9741,141.13,4477
2026-05-18 11:30:00,141.005,141.325,140.875,141.325,5466
2026-05-18 11:35:00,141.35,141.71,141.331,141.61,2549
2026-05-18 11:40:00,141.6,141.68,141.45,141.515,2605
2026-05-18 11:45:00,141.4001,141.57,141.4001,141.45,6457
2026-05-18 11:50:00,141.45,141.535,141.2601,141.535,2831
2026-05-18 11:55:00,141.61,141.65,141.4362,141.4362,2729
2026-05-18 12:00:00,141.21,141.38,141.0801,141.0801,3222
2026-05-18 12:05:00,141.185,141.22,141.12,141.12,3241
2026-05-18 12:10:00,141.21,141.49,141.21,141.35,2726
2026-05-18 12:15:00,141.43,141.48,141.38,141.48,833
2026-05-18 12:20:00,141.49,141.82,141.0601,141.0601,2520
2026-05-18 12:25:00,141.215,141.215,140.4001,140.525,4752
2026-05-18 12:30:00,140.39,140.93,140.25,140.73,6818
2026-05-18 12:35:00,140.71,141.0175,140.7,140.995,3225
2026-05-18 12:40:00,140.69,140.965,140.69,140.855,3196
2026-05-18 12:45:00,140.9049,140.93,140.7601,140.8551,4035
2026-05-18 12:50:00,140.85,141.49,140.78,141.49,10884
2026-05-18 12:55:00,141.6,141.6615,141.58,141.58,3009
2026-05-18 13:00:00,141.4,141.4,141.175,141.26,3846
2026-05-18 13:05:00,141.3501,141.485,141.2601,141.38,1245
2026-05-18 13:10:00,141.375,141.445,141.2801,141.395,2021
2026-05-18 13:15:00,141.2511,141.34,141.17,141.19,2093
2026-05-18 13:20:00,141.3416,141.3416,141.02,141.02,1927
2026-05-18 13:25:00,141.17,141.23,140.87,141.23,5512
2026-05-18 13:30:00,141.3,141.315,141.105,141.105,1423
2026-05-18 13:35:00,141.09,141.24,140.99,141.02,1930
2026-05-18 13:40:00,140.955,141.4208,140.955,141.31,6249
2026-05-18 13:45:00,141.32,141.32,141.02,141.07,1202
2026-05-18 13:50:00,141.03,141.205,141.03,141.187,3110
2026-05-18 13:55:00,141.26,141.27,141.2,141.26,1244
2026-05-18 14:00:00,141.28,141.28,140.8,140.87,1985
2026-05-18 14:05:00,140.86,140.885,140.75,140.785,1500
2026-05-18 14:10:00,140.75,140.86,140.65,140.65,4823
2026-05-18 14:15:00,140.6647,140.6647,140.32,140.32,6572
2026-05-18 14:20:00,140.251,140.355,140.08,140.19,29059
2026-05-18 14:25:00,140.24,140.3,140.0335,140.3,3368
2026-05-18 14:30:00,140.24,140.445,140.24,140.34,2708
2026-05-18 14:35:00,140.42,140.42,140.2207,140.2207,1638
2026-05-18 14:40:00,140.28,140.405,140.2,140.405,4538
2026-05-18 14:45:00,140.3601,140.51,140.13,140.13,11373
2026-05-18 14:50:00,140.01,140.2091,140,140.125,10679
2026-05-18 14:55:00,140.11,140.27,140.025,140.245,3992
2026-05-18 15:00:00,140.31,141.805,140.3,141.31,11047
2026-05-18 15:05:00,141.39,141.39,140.75,140.8,1747
2026-05-18 15:10:00,141.23,141.27,140.91,141,2587
2026-05-18 15:15:00,141.015,141.0999,140.7,140.825,6455
2026-05-18 15:20:00,140.9128,140.9699,140.78,140.82,12214
2026-05-18 15:25:00,140.72,140.84,140.54,140.7,8820
2026-05-18 15:30:00,140.7,140.98,140.67,140.98,8788
2026-05-18 15:35:00,141.1374,141.3557,141.05,141.19,1681
2026-05-18 15:40:00,141.49,141.51,141.49,141.505,1161
2026-05-18 15:45:00,141.61,141.88,141.5301,141.845,2801
2026-05-18 15:50:00,141.74,142.05,141.69,141.88,3515
2026-05-18 15:55:00,141.79,141.94,141.7634,141.82,4253
2026-05-18 16:00:00,141.97,141.97,141.2904,141.2904,907
2026-05-18 17:00:00,139.75,139.75,139.75,139.75,150
2026-05-18 17:05:00,141.4035,141.4035,141.4035,141.4035,200
2026-05-18 18:00:00,142.3889,142.3889,142.3889,142.3889,100
2026-05-18 19:40:00,144.92,144.92,144.92,144.92,500
2026-05-18 19:45:00,142.75,142.75,142.75,142.75,500
2026-05-19 04:00:00,140.22,140.59,140.22,140.56,1258
2026-05-19 04:05:00,140.59,140.59,140.59,140.59,100
2026-05-19 04:45:00,141.48,141.5,141.48,141.5,200
2026-05-19 06:35:00,140.54,140.86,140.54,140.86,300
2026-05-19 07:00:00,139.77,139.77,139.77,139.77,1000
2026-05-19 07:45:00,139.77,139.77,139.77,139.77,1800
2026-05-19 07:50:00,139.295,139.295,139.295,139.295,100
2026-05-19 07:55:00,139.4137,139.4137,139.4137,139.4137,240
2026-05-19 08:00:00,139.25,139.8,139.25,139.8,672
2026-05-19 08:15:00,139.61,139.61,139.61,139.61,287
2026-05-19 08:35:00,140.11,140.11,140.11,140.11,100
2026-05-19 09:15:00,139.62,139.62,139.62,139.62,200
2026-05-19 09:20:00,139.7,139.7,139.7,139.7,165
2026-05-19 09:25:00,139.3,139.3,139.25,139.25,422
2026-05-19 09:30:00,139,140.25,138.68,140.135,26508
2026-05-19 09:35:00,139.9,141.24,139.85,140.82,6918
2026-05-19 09:40:00,140.74,140.74,139.74,139.865,13010
2026-05-19 09:45:00,139.9392,140.27,139.5,139.88,9028
2026-05-19 09:50:00,139.75,140.235,139.6,140.235,20379
2026-05-19 09:55:00,140.39,140.39,139.665,139.725,5934
2026-05-19 10:00:00,139.72,139.72,139.2,139.58,5435
2026-05-19 10:05:00,139.46,139.56,138.2801,138.2801,13235
2026-05-19 10:10:00,138.36,138.7,138,138.02,15582
2026-05-19 10:15:00,138,138.1001,137.66,137.8,19477
2026-05-19 10:20:00,137.915,138.13,137.66,138.13,6516
2026-05-19 10:25:00,138.085,138.57,137.95,138.24,4437
2026-05-19 10:30:00,138.335,138.6429,138.11,138.29,4533
2026-05-19 10:35:00,138.22,138.84,138.14,138.71,5938
2026-05-19 10:40:00,138.55,138.61,138.4,138.4,4602
2026-05-19 10:45:00,138.32,138.44,137.87,137.87,4538
2026-05-19 10:50:00,138.28,138.74,137.9901,138.569,7925
2026-05-19 10:55:00,138.65,138.99,138.41,138.97,7889
2026-05-19 11:00:00,138.96,139.14,138.75,138.8767,3741
2026-05-19 11:05:00,139.075,139.075,138.54,138.655,3590
2026-05-19 11:10:00,138.985,139.3,138.985,139.3,605
2026-05-19 11:15:00,139.52,139.635,139.37,139.37,4977
2026-05-19 11:20:00,139.14,139.31,138.98,138.98,2286
2026-05-19 11:25:00,138.92,139.28,138.6533,139.28,1273
2026-05-19 11:30:00,139.23,139.65,139.23,139.4295,3727
2026-05-19 11:35:00,139.27,139.63,139.22,139.63,3297
2026-05-19 11:40:00,139.64,139.98,139.63,139.81,3622
2026-05-19 11:45:00,139.82,139.8799,139.66,139.83,22861
2026-05-19 11:50:00,139.835,139.8375,139.56,139.7126,4893
2026-05-19 11:55:00,139.52,139.655,139.4,139.64,10961
2026-05-19 12:00:00,139.68,140.16,139.68,140.04,8707
2026-05-19 12:05:00,139.97,139.97,139.5601,139.62,4108
2026-05-19 12:10:00,139.62,139.86,139.59,139.67,2666
2026-05-19 12:15:00,139.745,140.0099,139.745,139.9,2587
2026-05-19 12:20:00,139.97,140.09,139.76,139.92,2907
2026-05-19 12:25:00,140.4299,140.51,140.35,140.5,1071
2026-05-19 12:30:00,140.62,140.91,140.62,140.91,7652
2026-05-19 12:35:00,140.88,140.98,140.71,140.92,2061
2026-05-19 12:40:00,140.98,141,140.9,141,4190
2026-05-19 12:45:00,141.18,141.18,140.89,140.92,3315
2026-05-19 12:50:00,140.85,141.2699,140.76,141.115,2289
2026-05-19 12:55:00,141.25,141.3,140.9801,141.2,1802
2026-05-19 13:00:00,141.32,141.56,141.3,141.56,1503
2026-05-19 13:05:00,141.52,141.52,141.305,141.365,1858
2026-05-19 13:10:00,141.545,141.77,141.545,141.77,322
2026-05-19 13:15:00,141.635,142,141.635,141.99,2871
2026-05-19 13:20:00,141.96,142.23,141.89,142,2906
2026-05-19 13:25:00,141.99,141.99,141.57,141.79,1633
2026-05-19 13:30:00,142.05,142.1799,142,142,9761
2026-05-19 13:35:00,142.11,142.11,141.975,142,1100
2026-05-19 13:40:00,142.13,142.13,141.92,141.92,1150
2026-05-19 13:45:00,141.92,141.9414,141.47,141.47,2001
2026-05-19 13:50:00,141.6,141.68,141.51,141.585,1347
2026-05-19 13:55:00,141.5,141.69,141.44,141.69,2949
2026-05-19 14:00:00,141.87,141.97,141.805,141.83,615
2026-05-19 14:05:00,141.97,141.97,141.925,141.925,800
2026-05-19 14:10:00,141.99,141.99,141.75,141.8601,2409
2026-05-19 14:15:00,141.77,141.8,141.65,141.71,3106
2026-05-19 14:20:00,141.61,141.61,141.38,141.4,978
2026-05-19 14:25:00,141.61,141.61,141.47,141.47,1254
2026-05-19 14:30:00,141.3294,141.5499,141.3,141.4212,1751
2026-05-19 14:35:00,141.4994,141.4994,141.42,141.42,400
2026-05-19 14:40:00,141.31,141.41,141.2301,141.38,2415
2026-05-19 14:45:00,141.395,141.395,141.22,141.31,1682
2026-05-19 14:50:00,141.36,141.38,141.23,141.23,1318
2026-05-19 14:55:00,141,141,140.8333,140.8333,2705
2026-05-19 15:00:00,141.21,141.36,141.21,141.25,1622
2026-05-19 15:05:00,141.29,141.35,141.18,141.28,999
2026-05-19 15:10:00,141.66,141.71,141.5,141.71,1966
2026-05-19 15:15:00,141.76,141.76,141.295,141.295,6536
2026-05-19 15:20:00,141.27,141.285,140.94,140.94,1450
2026-05-19 15:25:00,140.845,140.94,140.845,140.94,1224
2026-05-19 15:30:00,141.09,141.235,141.075,141.14,1401
2026-05-19 15:35:00,141.06,141.1049,140.797,140.881,2470
2026-05-19 15:40:00,141.015,141.015,140.8,140.885,1735
2026-05-19 15:45:00,140.8,140.83,140.54,140.5801,7157
2026-05-19 15:50:00,140.67,140.72,140.2835,140.2835,5988
2026-05-19 15:55:00,140.45,140.64,140.45,140.63,3375
2026-05-19 16:00:00,140.63,140.63,140.63,140.63,1949
2026-05-19 18:30:00,140.81,140.81,140.81,140.81,100
2026-05-20 04:20:00,141.02,141.02,141.02,141.02,159
2026-05-20 05:30:00,142.34,142.34,142.34,142.34,147
2026-05-20 05:40:00,142.34,142.34,142.34,142.34,150
2026-05-20 07:00:00,142.21,142.21,142.21,142.21,100
2026-05-20 07:10:00,142.2974,142.2974,142.29,142.29,335
2026-05-20 07:25:00,142.23,142.23,142.23,142.23,183
2026-05-20 08:05:00,142.3,142.3,142.3,142.3,100
2026-05-20 08:10:00,142.3,142.3,142.3,142.3,200
2026-05-20 08:20:00,142.3,142.3,142.3,142.3,206
2026-05-20 08:30:00,142.3,142.3,142.3,142.3,1446
2026-05-20 08:35:00,142.3581,142.3581,141.89,141.89,6067
2026-05-20 08:40:00,141.98,142,141.83,142,7450
2026-05-20 08:45:00,142,142,141.8867,141.8867,585
2026-05-20 08:50:00,141.8869,141.8869,141.8869,141.8869,309
2026-05-20 09:00:00,142.2,142.44,142.2,142.44,400
2026-05-20 09:05:00,142.44,142.44,142.44,142.44,100
2026-05-20 09:20:00,142.44,142.44,142.44,142.44,300
2026-05-20 09:25:00,142.44,142.44,142,142,1240
2026-05-20 09:30:00,142.14,142.75,142,142.51,19057
2026-05-20 09:35:00,142.5672,142.58,141.8709,142.3,14169
2026-05-20 09:40:00,142.3,143,142.28,143,5281
2026-05-20 09:45:00,143.1618,143.335,142.78,142.95,5111
2026-05-20 09:50:00,142.955,143.07,142.44,142.44,18611
2026-05-20 09:55:00,142.3,142.955,142.3,142.65,3616
2026-05-20 10:00:00,142.93,143.2,142.8,143.14,7788
2026-05-20 10:05:00,142.8,143.33,142.8,143,4978
2026-05-20 10:10:00,142.89,143.3,142.43,143.12,6894
2026-05-20 10:15:00,143.32,144.005,143.18,143.53,3831
2026-05-20 10:20:00,143.66,144.2735,143.66,143.96,5294
2026-05-20 10:25:00,143.615,144.24,143.615,144.17,3705
2026-05-20 10:30:00,144.34,144.58,144.02,144.25,5614
2026-05-20 10:35:00,144.2299,144.26,143.74,144.12,2843
2026-05-20 10:40:00,144.03,144.165,143.65,143.87,2261
2026-05-20 10:45:00,144.26,144.305,143.88,144.06,2326
2026-05-20 10:50:00,144.045,144.3799,143.9301,144.28,4714
2026-05-20 10:55:00,144.25,144.36,144.05,144.05,7718
2026-05-20 11:00:00,144.32,144.35,144,144.25,4730
2026-05-20 11:05:00,144.06,144.415,144.06,144.175,3143
2026-05-20 11:10:00,144.02,144.39,144.02,144.1,2081
2026-05-20 11:15:00,144.19,145.13,144.16,144.78,8445
2026-05-20 11:20:00,144.79,145.02,144.45,144.57,2895
2026-05-20 11:25:00,144.635,144.635,144.27,144.57,1405
2026-05-20 11:30:00,144.27,144.76,144.27,144.39,2734
2026-05-20 11:35:00,144.451,144.81,144.451,144.6,5236
2026-05-20 11:40:00,144.6686,144.7599,144.4322,144.6699,11476
2026-05-20 11:45:00,144.54,144.65,144.47,144.625,2349
2026-05-20 11:50:00,144.7583,144.805,144.41,144.67,1608
2026-05-20 11:55:00,144.76,144.76,144.41,144.6351,2556
2026-05-20 12:00:00,144.71,144.8399,144.4,144.6,3218
2026-05-20 12:05:00,144.51,144.68,144.51,144.66,1434
2026-05-20 12:10:00,144.66,144.67,144.49,144.52,800
2026-05-20 12:15:00,144.46,144.46,144.0801,144.0801,1934
2026-05-20 12:20:00,144.08,144.08,143.85,144.07,3388
2026-05-20 12:25:00,143.79,143.86,143.51,143.85,2735
2026-05-20 12:30:00,143.86,144.19,143.7688,144.1,650
2026-05-20 12:35:00,144.18,144.23,143.93,144.085,1075
2026-05-20 12:40:00,143.93,144.49,143.8,144.49,1616
2026-05-20 12:45:00,144.1,144.4922,143.98,144.13,2055
2026-05-20 12:50:00,144.04,144.07,144.04,144.07,419
2026-05-20 12:55:00,144.13,144.13,144.06,144.06,753
2026-05-20 13:00:00,144.3399,144.3399,143.91,144,760
2026-05-20 13:05:00,144.08,144.08,144.01,144.01,200
2026-05-20 13:10:00,144.075,144.34,144,144.18,9191
2026-05-20 13:15:00,144.19,144.19,144.11,144.11,200
2026-05-20 13:20:00,144.01,144.31,144.01,144.13,2002
2026-05-20 13:25:00,144.2299,144.44,144.14,144.37,1443
2026-05-20 13:30:00,144.335,144.34,144.2,144.29,1744
2026-05-20 13:35:00,144.24,144.63,144.24,144.3,19001
2026-05-20 13:40:00,144.415,144.415,144.24,144.32,1532
2026-05-20 13:45:00,144.39,144.46,144.27,144.4,2274
2026-05-20 13:50:00,144.32,144.449,144.32,144.449,618
2026-05-20 13:55:00,144.34,144.54,144.34,144.43,4026
2026-05-20 14:00:00,144.48,144.779,144.48,144.68,2446
2026-05-20 14:05:00,144.7,144.77,144.57,144.7,988
2026-05-20 14:10:00,144.78,144.79,144.48,144.48,1064
2026-05-20 14:15:00,144.58,144.725,144.58,144.7199,808
2026-05-20 14:20:00,144.5,144.615,144.5,144.53,840
2026-05-20 14:25:00,144.51,144.7,144.42,144.7,4474
2026-05-20 14:30:00,144.52,144.68,144.44,144.6342,593
2026-05-20 14:35:00,144.62,144.87,144.62,144.86,1202
2026-05-20 14:40:00,144.725,144.75,144.66,144.71,966
2026-05-20 14:45:00,144.46,144.7,144.46,144.4901,1671
2026-05-20 14:50:00,144.5375,144.5375,144.51,144.53,600
2026-05-20 14:55:00,144.55,144.62,144.36,144.49,1464
2026-05-20 15:00:00,144.49,144.685,144.49,144.685,900
2026-05-20 15:05:00,144.62,144.8636,144.58,144.74,4444
2026-05-20 15:10:00,144.7894,144.86,144.76,144.795,2993
2026-05-20 15:15:00,144.9,144.9,144.77,144.7701,591
2026-05-20 15:20:00,144.835,144.95,144.8,144.9,1702
2026-05-20 15:25:00,145,145,144.91,144.99,2943
2026-05-20 15:30:00,144.95,145.17,144.95,145.17,4981
2026-05-20 15:35:00,145.15,145.45,145.01,145.135,8257
2026-05-20 15:40:00,145.07,145.1499,145,145.0147,3633
2026-05-20 15:45:00,145.025,145.1973,145.025,145.165,1613
2026-05-20 15:50:00,145.1,145.25,145,145.2,5014
2026-05-20 15:55:00,145.22,145.49,145.18,145.42,6960
2026-05-20 16:00:00,145.44,146.2,145.44,146.2,1662
2026-05-20 16:05:00,145.56,145.56,145.56,145.56,171
2026-05-20 16:15:00,145.85,145.85,145.85,145.85,260
2026-05-20 16:55:00,146.349,146.349,146.349,146.349,340
2026-05-20 18:05:00,145.25,145.25,145.25,145.25,600
2026-05-20 18:50:00,144.97,144.97,144.97,144.97,150
2026-05-20 19:30:00,142.757,142.757,142.757,142.757,100
2026-05-21 04:00:00,145.88,145.88,145.88,145.88,846
2026-05-21 06:00:00,146.11,147.04,146.11,147.04,722
2026-05-21 06:05:00,148,148,146.72,147.76,1371
2026-05-21 06:20:00,148,148,148,148,800
2026-05-21 06:25:00,148,148,148,148,100
2026-05-21 06:30:00,146.9,146.9,146.9,146.9,100
2026-05-21 06:35:00,146.99,147.2,146.99,147,3790
2026-05-21 06:40:00,148,148,148,148,200
2026-05-21 06:45:00,148,148,146.21,146.21,438
2026-05-21 06:55:00,148,148,146.51,146.51,600
2026-05-21 07:00:00,147,148,147,147.8158,22909
2026-05-21 07:05:00,147.96,147.96,147.2,147.22,1350
2026-05-21 07:10:00,147.5,147.5,147.5,147.5,1000
2026-05-21 07:15:00,147.3768,147.6,147.3768,147.6,756
2026-05-21 07:20:00,147.6,148,147.6,147.9625,5385
2026-05-21 07:25:00,147.8,147.8,147.7375,147.7375,1415
2026-05-21 07:30:00,147.73,147.73,147.72,147.72,387
2026-05-21 07:35:00,147.5,147.5,147.5,147.5,138
2026-05-21 07:40:00,147.35,147.97,147.35,147.85,1128
2026-05-21 07:45:00,147.75,147.8395,147.6525,147.8395,1750
2026-05-21 07:55:00,147.55,147.55,147.55,147.55,235
2026-05-21 08:00:00,147.95,147.95,147.2367,147.2367,2869
2026-05-21 08:05:00,147.2367,147.2367,147.1,147.1,204
2026-05-21 08:10:00,147,147,147,147,400
2026-05-21 08:15:00,147.25,147.25,147.2,147.2305,600
2026-05-21 08:20:00,147,147.06,147,147,400
2026-05-21 08:25:00,147,147.06,147,147,1148
2026-05-21 08:30:00,147.25,147.98,147.25,147.55,1282
2026-05-21 08:35:00,147.99,147.99,147.99,147.99,200
2026-05-21 08:40:00,147.9363,147.9363,147,147.12,6020
2026-05-21 08:45:00,147.12,147.8739,147.12,147.8739,800
2026-05-21 08:50:00,147.35,147.81,147,147.81,1250
2026-05-21 08:55:00,147.39,147.49,147,147,1364
2026-05-21 09:00:00,147.602,147.81,147.49,147.49,622
2026-05-21 09:05:00,148,148,147,148,738
2026-05-21 09:10:00,147.3,147.9135,147.3,147.9135,450
2026-05-21 09:15:00,147.72,147.75,147.5,147.5,1200
2026-05-21 09:20:00,147.09,147.21,146.98,147.06,1165
2026-05-21 09:25:00,146.43,146.6,146.27,146.27,2819
2026-05-21 09:30:00,146.2,146.655,145.92,146.655,62815
2026-05-21 09:35:00,146.655,146.87,146.23,146.5,50520
2026-05-21 09:40:00,146.505,146.99,146.505,146.635,26617
2026-05-21 09:45:00,146.82,147.2,146.7901,147.05,20492
2026-05-21 09:50:00,147.06,147.885,146.93,147.885,27002
2026-05-21 09:55:00,147.88,148,147.675,147.925,13594
2026-05-21 10:00:00,148.03,148.3499,148,148.26,14494
2026-05-21 10:05:00,148.24,148.26,148,148.15,16909
2026-05-21 10:10:00,148.33,148.3399,147.83,147.94,13460
2026-05-21 10:15:00,148.13,148.13,147.3,147.3,14929
2026-05-21 10:20:00,147.26,147.43,146.7388,147.21,30174
2026-05-21 10:25:00,147.18,147.3,147.11,147.195,10473
2026-05-21 10:30:00,147.23,147.57,147.03,147.16,12795
2026-05-21 10:35:00,147.25,147.74,147.22,147.69,8109
2026-05-21 10:40:00,147.65,147.86,147.5,147.665,8917
2026-05-21 10:45:00,147.635,147.685,147.17,147.32,6958
2026-05-21 10:50:00,147.32,147.55,147.02,147.515,9950
2026-05-21 10:55:00,147.635,147.69,147.5326,147.69,4694
2026-05-21 11:00:00,147.72,147.74,147.28,147.4699,5809
2026-05-21 11:05:00,147.4899,147.4899,146.94,147.05,11211
2026-05-21 11:10:00,147.05,147.495,146.96,147.4307,8520
2026-05-21 11:15:00,147.41,147.6,147.34,147.45,15731
2026-05-21 11:20:00,147.4808,147.66,147.45,147.49,6219
2026-05-21 11:25:00,147.43,147.6299,147.37,147.37,9228
2026-05-21 11:30:00,147.335,147.385,146.865,146.865,8150
2026-05-21 11:35:00,146.91,147.33,146.91,147.11,5334
2026-05-21 11:40:00,147.3,147.46,147.28,147.43,2941
2026-05-21 11:45:00,147.435,147.78,147.435,147.735,9755
2026-05-21 11:50:00,147.78,147.78,147.5,147.59,8423
2026-05-21 11:55:00,147.565,147.66,147.52,147.63,6933
2026-05-21 12:00:00,147.625,147.8699,147.625,147.775,8569
2026-05-21 12:05:00,147.8,148,147.75,148,7336
2026-05-21 12:10:00,148.08,148.09,147.85,147.865,11651
2026-05-21 12:15:00,147.89,147.98,147.785,147.785,8314
2026-05-21 12:20:00,147.81,147.865,147.55,147.71,4396
2026-05-21 12:25:00,147.75,147.8,147.57,147.74,13304
2026-05-21 12:30:00,147.715,147.92,147.715,147.85,7770
2026-05-21 12:35:00,147.795,147.87,147.64,147.715,8577
2026-05-21 12:40:00,147.77,147.865,147.69,147.77,7463
2026-05-21 12:45:00,147.8,147.8,147.51,147.56,10773
2026-05-21 12:50:00,147.55,147.64,147.435,147.64,10394
2026-05-21 12:55:00,147.63,147.72,147.53,147.65,8145
2026-05-21 13:00:00,147.795,147.95,147.72,147.85,4539
2026-05-21 13:05:00,147.77,147.89,147.77,147.89,4140
2026-05-21 13:10:00,147.81,148.46,147.81,148.19,18797
2026-05-21 13:15:00,148.19,148.98,148.19,148.76,16492
2026-05-21 13:20:00,148.8,149.15,148.28,148.69,12315
2026-05-21 13:25:00,148.77,148.9299,148.66,148.75,13739
2026-05-21 13:30:00,148.8425,149.1199,148.825,149.0199,7919
2026-05-21 13:35:00,149.0009,149.1899,149.0009,149.08,13582
2026-05-21 13:40:00,149.08,149.38,149.055,149.27,37456
2026-05-21 13:45:00,149.32,149.49,149.23,149.49,5344
2026-05-21 13:50:00,149.445,149.74,149.4,149.695,12527
2026-05-21 13:55:00,149.7275,149.7275,149.3,149.3,4491
2026-05-21 14:00:00,149.435,149.57,149.155,149.155,7845
2026-05-21 14:05:00,149.22,149.34,149.1001,149.34,9571
2026-05-21 14:10:00,149.3,149.3,149.04,149.175,12792
2026-05-21 14:15:00,149.06,149.35,148.962,149.2,7068
2026-05-21 14:20:00,149.26,149.3183,149.09,149.265,8838
2026-05-21 14:25:00,149.38,149.38,149.05,149.23,7213
2026-05-21 14:30:00,149.265,149.34,149.23,149.255,5086
2026-05-21 14:35:00,149.295,149.37,149.1,149.1,4588
2026-05-21 14:40:00,149.09,149.195,149.09,149.16,3619
2026-05-21 14:45:00,149.2,149.2799,148.74,148.76,7647
2026-05-21 14:50:00,148.73,148.92,148.16,148.28,7667
2026-05-21 14:55:00,148.16,148.46,148.13,148.4,3746
2026-05-21 15:00:00,148.43,148.695,148.365,148.695,4105
2026-05-21 15:05:00,148.58,148.81,148.52,148.81,4064
2026-05-21 15:10:00,148.79,148.885,148.5301,148.83,11437
2026-05-21 15:15:00,148.795,149,148.795,148.945,4843
2026-05-21 15:20:00,148.9401,149.1499,148.78,149.02,8741
2026-05-21 15:25:00,148.96,149.12,148.81,148.9,7979
2026-05-21 15:30:00,148.785,148.99,148.67,148.785,15161
2026-05-21 15:35:00,148.79,149.0499,148.76,148.88,6455
2026-05-21 15:40:00,148.9501,148.9689,148.73,148.9689,8200
2026-05-21 15:45:00,148.91,148.94,148.68,148.925,10083
2026-05-21 15:50:00,148.98,149.12,148.905,148.97,17938
2026-05-21 15:55:00,148.97,149.5035,148.9375,149.1,34649
2026-05-21 16:00:00,149.33,149.77,149.33,149.7,8260
2026-05-21 16:05:00,149.84,149.84,149.79,149.79,300
2026-05-21 16:20:00,149.5573,149.5573,149.5573,149.5573,233
2026-05-21 16:25:00,149.58,149.58,149.57,149.57,200
2026-05-21 16:30:00,149.61,149.62,149.61,149.62,476
2026-05-21 16:35:00,149.61,149.61,149.2066,149.2066,200
2026-05-21 16:40:00,149.6,149.6,149.6,149.6,100
2026-05-21 16:55:00,149.62,149.62,149.62,149.62,100
2026-05-21 17:15:00,149.99,149.99,149.99,149.99,100
2026-05-21 17:40:00,150,150,150,150,100
2026-05-21 17:50:00,149.93,149.93,149.7325,149.7325,267
2026-05-21 18:00:00,149.95,149.95,149.95,149.95,136
2026-05-21 18:15:00,149.9495,149.9495,149.9495,149.9495,100
2026-05-21 18:25:00,150,150,150,150,100
2026-05-21 18:35:00,150.465,150.465,150.465,150.465,100
2026-05-21 18:45:00,150.4754,150.4754,150.4754,150.4754,200
2026-05-21 18:50:00,150.49,150.49,150.49,150.49,100
2026-05-21 18:55:00,150.5,150.5,150.5,150.5,100
2026-05-21 19:05:00,150.7477,150.7477,150.7477,150.7477,200
2026-05-21 19:10:00,150.96,150.99,150.96,150.99,300
2026-05-21 19:15:00,150.99,150.99,150.99,150.99,100
2026-05-21 19:20:00,150.66,150.66,150.5,150.5,434
2026-05-21 19:40:00,151.14,151.93,151.14,151.93,685
2026-05-21 19:50:00,152,152,151.01,151.01,200
2026-05-21 19:55:00,152,152,152,152,100
2026-05-22 04:00:00,151.63,152.5,151.63,152.3,567
2026-05-22 04:10:00,151.9,151.9,151.9,151.9,100
2026-05-22 04:25:00,152.36,152.36,152.28,152.28,200
2026-05-22 04:40:00,152.31,152.31,152.31,152.31,159
2026-05-22 04:50:00,152,152,152,152,200
2026-05-22 05:00:00,154,154,154,154,172
2026-05-22 05:20:00,151.56,151.56,151.56,151.56,156
2026-05-22 05:25:00,151.56,151.56,151.56,151.56,100
2026-05-22 05:30:00,151.56,151.56,151.11,151.41,478
2026-05-22 06:05:00,150.98,150.98,150.98,150.98,100
2026-05-22 06:10:00,151.4,151.4,151.4,151.4,100
2026-05-22 06:30:00,151,151,151,151,100
2026-05-22 07:00:00,150.82,150.82,150.79,150.79,399
2026-05-22 07:05:00,151,151,150.99,150.99,500
2026-05-22 07:10:00,150.99,151.1351,150.541,151.1351,685
2026-05-22 07:15:00,150.91,151.14,150.91,150.95,5285
2026-05-22 07:20:00,150.86,151,150.86,151,300
2026-05-22 07:30:00,151.19,151.3312,150.99,150.99,730
2026-05-22 07:35:00,151.4,151.4,151.2,151.2,1360
2026-05-22 07:45:00,151.4,151.4,151.2176,151.2176,225
2026-05-22 07:55:00,151.33,151.33,151.33,151.33,195
2026-05-22 08:00:00,151.3,151.3,151.3,151.3,250
2026-05-22 08:05:00,151.2857,151.2857,151.1,151.1,750
2026-05-22 08:10:00,151.39,151.39,151.39,151.39,132
2026-05-22 08:15:00,151.75,153,151.75,153,1844
2026-05-22 08:20:00,152.36,152.36,152.36,152.36,100
2026-05-22 08:25:00,152,152,152,152,100
2026-05-22 08:30:00,152.25,152.25,152.25,152.25,125
2026-05-22 08:35:00,153,153,152.41,152.41,291
2026-05-22 08:40:00,152.5,152.7969,152.5,152.7969,350
2026-05-22 08:45:00,152.731,152.731,152.6,152.6,290
2026-05-22 08:50:00,152.55,152.55,152.55,152.55,196
2026-05-22 08:55:00,152.7,152.8,152.7,152.8,495
2026-05-22 09:00:00,152.6,152.62,152.5,152.62,424
2026-05-22 09:05:00,152.62,152.62,151.83,151.83,500
2026-05-22 09:10:00,152.4874,152.4874,152.4787,152.4787,230
2026-05-22 09:15:00,152.7788,152.7788,152.5,152.5,350
2026-05-22 09:20:00,152.1,152.1,151.2,151.27,4389
2026-05-22 09:25:00,151.3,151.39,151,151.1,7492
2026-05-22 09:30:00,151,151.97,150.78,151.685,66514
2026-05-22 09:35:00,151.685,152.545,151.635,152.4287,149993
2026-05-22 09:40:00,152.42,152.74,152,152.58,29654
2026-05-22 09:45:00,152.81,152.95,152.565,152.67,63878
2026-05-22 09:50:00,152.78,152.8,152.4,152.8,30950
2026-05-22 09:55:00,152.9,153.28,152.7797,153.28,13010
2026-05-22 10:00:00,153.24,153.365,152.7097,152.795,26410
2026-05-22 10:05:00,152.9,153.05,152.68,152.9501,25259
2026-05-22 10:10:00,153,153.34,152.99,153.08,43352
2026-05-22 10:15:00,153.08,153.4099,152.84,153,39670
2026-05-22 10:20:00,153.02,153.1723,152.69,152.71,14636
2026-05-22 10:25:00,152.67,153.2805,152.67,153.22,16834
2026-05-22 10:30:00,153.19,153.635,153.04,153.6,10431
2026-05-22 10:35:00,153.81,153.9889,153.6,153.8,22746
2026-05-22 10:40:00,153.685,154.07,153.685,154.065,19415
2026-05-22 10:45:00,154.07,154.07,153.74,153.76,18485
2026-05-22 10:50:00,153.76,153.84,153.52,153.57,18042
2026-05-22 10:55:00,153.54,153.8,153.475,153.715,13608
2026-05-22 11:00:00,153.79,153.885,153.705,153.885,5045
2026-05-22 11:05:00,153.88,154.03,153.88,154.03,10107
2026-05-22 11:10:00,154.02,154.06,153.835,153.945,20531
2026-05-22 11:15:00,154,154.1,153.944,154.005,19070
2026-05-22 11:20:00,154.02,154.148,153.935,154.008,10425
2026-05-22 11:25:00,153.97,154.2,153.77,154.165,12639
2026-05-22 11:30:00,154.145,154.202,153.965,153.99,11977
2026-05-22 11:35:00,154.06,154.125,153.9,154.125,7669
2026-05-22 11:40:00,154.07,154.16,154.03,154.15,8609
2026-05-22 11:45:00,154.145,154.3,154.06,154.06,13845
2026-05-22 11:50:00,154.03,154.35,154.03,154.28,14778
2026-05-22 11:55:00,154.32,154.4,154.205,154.245,9360
2026-05-22 12:00:00,154.255,154.4,154.2225,154.285,15542
2026-05-22 12:05:00,154.34,154.3699,154.26,154.3,10452
2026-05-22 12:10:00,154.33,154.49,154.22,154.45,10985
2026-05-22 12:15:00,154.46,154.4999,154.1131,154.275,9367
2026-05-22 12:20:00,154.22,154.37,154.2,154.33,9321
2026-05-22 12:25:00,154.27,154.5,154.27,154.495,11020
2026-05-22 12:30:00,154.599,154.8599,154.36,154.455,32952
2026-05-22 12:35:00,154.44,154.68,154.415,154.46,12050
2026-05-22 12:40:00,154.5,154.5099,154.2,154.3395,10876
2026-05-22 12:45:00,154.5324,154.5603,154.35,154.35,11450
2026-05-22 12:50:00,154.36,154.4,154.245,154.38,7986
2026-05-22 12:55:00,154.36,154.3928,154.22,154.27,9293
2026-05-22 13:00:00,154.32,154.5,154.3,154.4349,10489
2026-05-22 13:05:00,154.412,154.5899,154.395,154.445,7371
2026-05-22 13:10:00,154.455,154.52,154.4,154.435,9040
2026-05-22 13:15:00,154.4809,154.4853,154.26,154.26,7029
2026-05-22 13:20:00,154.13,154.42,154.06,154.345,10242
2026-05-22 13:25:00,154.43,154.68,154.38,154.64,11913
2026-05-22 13:30:00,154.67,154.75,154.425,154.6399,6852
2026-05-22 13:35:00,154.49,154.7799,154.26,154.42,24611
2026-05-22 13:40:00,154.385,154.51,154.26,154.51,6906
2026-05-22 13:45:00,154.311,154.44,154.245,154.33,36742
2026-05-22 13:50:00,154.325,154.4,154.14,154.2298,11825
2026-05-22 13:55:00,154.1951,154.2487,154.115,154.125,9969
2026-05-22 14:00:00,154.2097,154.235,153.89,154.11,23856
2026-05-22 14:05:00,153.985,154.185,153.96,154.07,9079
2026-05-22 14:10:00,154.13,154.21,153.92,153.98,9729
2026-05-22 14:15:00,154.0465,154.1484,153.915,154.065,7541
2026-05-22 14:20:00,154.02,154.1499,154,154.09,5955
2026-05-22 14:25:00,154.095,154.1,153.92,153.92,12659
2026-05-22 14:30:00,153.94,154.035,153.76,153.89,19792
2026-05-22 14:35:00,153.86,153.9025,153.745,153.81,10517
2026-05-22 14:40:00,153.87,153.95,153.87,153.88,4541
2026-05-22 14:45:00,153.89,153.89,153.727,153.805,11424
2026-05-22 14:50:00,153.8114,153.95,153.79,153.88,6355
2026-05-22 14:55:00,153.87,153.94,153.755,153.7798,4906
2026-05-22 15:00:00,153.75,153.8,153.45,153.45,12144
2026-05-22 15:05:00,153.62,153.62,153.33,153.55,12959
2026-05-22 15:10:00,153.54,153.64,153.405,153.41,4514
2026-05-22 15:15:00,153.405,153.49,153.18,153.365,8867
2026-05-22 15:20:00,153.425,153.425,153.18,153.25,10568
2026-05-22 15:25:00,153.29,153.3182,152.93,152.9657,8381
2026-05-22 15:30:00,153,153.25,152.91,153.22,11182
2026-05-22 15:35:00,153.27,153.3899,153.2,153.359,6571
2026-05-22 15:40:00,153.38,153.38,153.19,153.255,13802
2026-05-22 15:45:00,153.2198,153.26,153.06,153.26,7243
2026-05-22 15:50:00,153.32,153.4,153.16,153.235,15306
2026-05-22 15:55:00,153.345,153.65,153.1901,153.435,30677
2026-05-22 16:00:00,153.44,153.44,152.234,152.234,4149
2026-05-22 16:10:00,153.0926,153.104,153.0926,153.104,451
2026-05-22 16:15:00,153.7635,153.7635,153.55,153.55,300
2026-05-22 16:35:00,153.7158,153.7158,153.7158,153.7158,123
2026-05-22 17:00:00,153.68,153.68,153.68,153.68,100
2026-05-22 17:15:00,153.79,153.79,153.79,153.79,3231
2026-05-22 17:20:00,153.7532,153.7532,153.7532,153.7532,350
2026-05-22 17:50:00,153.7561,153.7561,153.7561,153.7561,200
2026-05-22 18:05:00,153.8,153.8,153.8,153.8,977
2026-05-22 18:10:00,154.7663,154.7663,154.7663,154.7663,100
2026-05-22 18:15:00,153.89,153.89,153.89,153.89,186
2026-05-22 18:20:00,154,154,154,154,187
2026-05-22 18:35:00,153.8,153.8,153.8,153.8,104
2026-05-22 18:55:00,153.66,153.66,153.66,153.66,100
2026-05-22 19:05:00,154.7232,154.7232,154.06,154.06,200
2026-05-22 19:20:00,153.66,153.66,153.66,153.66,144
2026-05-22 19:45:00,153.6,153.6,153.58,153.58,385
2026-05-22 19:55:00,153,153,153,153,100