2026-04-07 04:00:00,61.65,61.65,61.65,61.65,6610
2026-04-07 06:30:00,62.23,62.23,62.23,62.23,140
2026-04-07 06:35:00,62.21,62.21,62.19,62.2,1072
2026-04-07 07:00:00,62.02,62.02,62,62,464
2026-04-07 07:15:00,61.6886,61.6886,61.6886,61.6886,350
2026-04-07 07:55:00,62.02,62.02,62.02,62.02,100
2026-04-07 08:05:00,61.7,61.7,61.55,61.55,524
2026-04-07 09:30:00,62.1,62.34,62,62.34,4574
2026-04-07 09:35:00,62.275,62.67,62.275,62.5,19398
2026-04-07 09:40:00,62.36,62.39,62.155,62.33,8977
2026-04-07 09:45:00,62.33,62.33,61.95,61.95,9214
2026-04-07 09:50:00,62.05,62.13,61.96,62.09,10359
2026-04-07 09:55:00,62.19,62.21,61.96,61.96,2412
2026-04-07 10:00:00,61.89,61.89,61.74,61.79,3303
2026-04-07 10:05:00,61.77,61.77,61.41,61.44,4017
2026-04-07 10:10:00,61.41,61.69,61.41,61.67,5646
2026-04-07 10:15:00,61.69,61.83,61.69,61.74,4831
2026-04-07 10:20:00,61.75,62.055,61.7,62.055,19825
2026-04-07 10:25:00,62.025,62.025,61.77,61.77,1297
2026-04-07 10:30:00,61.79,62.01,61.79,62.01,17979
2026-04-07 10:35:00,61.95,61.95,61.8,61.84,3913
2026-04-07 10:40:00,61.77,61.8,61.73,61.73,3099
2026-04-07 10:45:00,61.73,61.97,61.73,61.78,14593
2026-04-07 10:50:00,61.805,61.822,61.68,61.82,3285
2026-04-07 10:55:00,61.75,61.75,61.63,61.65,1747
2026-04-07 11:00:00,61.57,61.59,61.46,61.46,8456
2026-04-07 11:05:00,61.48,61.51,61.31,61.345,3881
2026-04-07 11:10:00,61.39,61.61,61.39,61.57,2107
2026-04-07 11:15:00,61.58,61.85,61.555,61.7,14379
2026-04-07 11:20:00,61.6861,61.76,61.6861,61.74,4976
2026-04-07 11:25:00,61.715,61.84,61.715,61.79,959
2026-04-07 11:30:00,61.9,61.9,61.9,61.9,484
2026-04-07 11:35:00,61.94,61.94,61.83,61.83,11564
2026-04-07 11:40:00,61.77,61.82,61.74,61.8,923
2026-04-07 11:45:00,61.79,61.85,61.79,61.83,1731
2026-04-07 11:50:00,61.86,61.9,61.81,61.87,7924
2026-04-07 11:55:00,61.98,62.07,61.95,61.95,2477
2026-04-07 12:00:00,62.02,62.49,62.02,62.35,6386
2026-04-07 12:05:00,62.42,62.42,62.18,62.18,4290
2026-04-07 12:10:00,62.17,62.21,62.13,62.18,6704
2026-04-07 12:15:00,62.21,62.21,62.2,62.2,358
2026-04-07 12:20:00,62.2,62.45,62.2,62.33,6197
2026-04-07 12:25:00,62.32,62.43,62.32,62.43,1400
2026-04-07 12:30:00,62.32,62.3301,62.27,62.33,1813
2026-04-07 12:35:00,62.4,62.43,62.4,62.43,889
2026-04-07 12:40:00,62.39,62.44,62.39,62.44,1500
2026-04-07 12:45:00,62.51,62.58,62.51,62.58,300
2026-04-07 12:50:00,62.579,62.579,62.5206,62.55,1439
2026-04-07 12:55:00,62.58,62.58,62.49,62.53,600
2026-04-07 13:00:00,62.51,62.51,62.42,62.49,680
2026-04-07 13:05:00,62.52,62.53,62.51,62.52,1500
2026-04-07 13:10:00,62.49,62.51,62.48,62.48,1542
2026-04-07 13:15:00,62.46,62.48,62.36,62.36,3110
2026-04-07 13:20:00,62.31,62.34,62.3,62.34,850
2026-04-07 13:25:00,62.34,62.34,62.3,62.305,1500
2026-04-07 13:30:00,62.36,62.4058,62.36,62.4058,1715
2026-04-07 13:35:00,62.45,62.68,62.45,62.62,9637
2026-04-07 13:40:00,62.58,62.58,62.47,62.47,3714
2026-04-07 13:45:00,62.46,62.46,62.425,62.425,1120
2026-04-07 13:50:00,62.445,62.49,62.445,62.49,630
2026-04-07 13:55:00,62.445,62.4499,62.35,62.41,1600
2026-04-07 14:00:00,62.42,62.4261,62.42,62.4261,538
2026-04-07 14:05:00,62.39,62.39,62.34,62.34,938
2026-04-07 14:10:00,62.27,62.3,62.27,62.3,1100
2026-04-07 14:15:00,62.31,62.31,62.29,62.29,234
2026-04-07 14:20:00,62.35,62.36,62.31,62.36,1804
2026-04-07 14:25:00,62.27,62.295,62.27,62.29,500
2026-04-07 14:30:00,62.29,62.3,62.29,62.3,300
2026-04-07 14:35:00,62.32,62.33,62.25,62.25,1186
2026-04-07 14:40:00,62.23,62.23,62.18,62.18,595
2026-04-07 14:45:00,62.16,62.16,62.07,62.08,1865
2026-04-07 14:50:00,62.07,62.07,61.95,61.95,4643
2026-04-07 14:55:00,61.92,61.92,61.82,61.92,10667
2026-04-07 15:00:00,61.93,62.0501,61.9201,62.02,3965
2026-04-07 15:05:00,62,62.01,61.885,61.94,4199
2026-04-07 15:10:00,61.96,62.05,61.96,62.03,3800
2026-04-07 15:15:00,62.05,62.35,62.05,62.34,4706
2026-04-07 15:20:00,62.32,62.64,62.31,62.3638,5904
2026-04-07 15:25:00,62.265,62.36,62.25,62.34,3422
2026-04-07 15:30:00,62.33,62.35,62.32,62.35,1592
2026-04-07 15:35:00,62.35,62.36,62.29,62.31,3890
2026-04-07 15:40:00,62.35,62.405,62.35,62.4,1505
2026-04-07 15:45:00,62.45,62.83,62.45,62.74,27704
2026-04-07 15:50:00,62.74,62.93,62.69,62.8,12659
2026-04-07 15:55:00,62.78,62.97,62.78,62.92,14725
2026-04-07 16:00:00,62.93,63.015,62.93,62.93,10784
2026-04-07 16:10:00,63.1,63.12,63,63,2512
2026-04-07 16:20:00,63.143,63.143,63.1,63.1,375
2026-04-07 16:35:00,63.07,63.07,63.07,63.07,125
2026-04-07 16:40:00,63.11,63.16,63.11,63.16,320
2026-04-07 16:50:00,63.1,63.1,63.1,63.1,640
2026-04-07 18:00:00,63.67,63.67,63.64,63.64,300
2026-04-07 18:20:00,63.8,63.8,63.8,63.8,100
2026-04-07 18:30:00,63.9,64.12,63.46,63.55,23828
2026-04-07 18:40:00,64.76,64.76,64.7,64.7,304
2026-04-07 18:45:00,64.7049,64.7049,64.7049,64.7049,100
2026-04-07 18:50:00,64.7,64.7,64.7,64.7,100
2026-04-07 18:55:00,65,65,65,65,200
2026-04-07 19:00:00,65.6606,65.6606,65.21,65.21,1403
2026-04-07 19:05:00,65.32,65.32,65.32,65.32,401
2026-04-07 19:10:00,65.26,65.26,65.2,65.2,1305
2026-04-07 19:15:00,65.27,65.27,65.1,65.2,1850
2026-04-07 19:20:00,65.38,65.66,65.38,65.66,274
2026-04-07 19:25:00,65.8,65.9,65.76,65.9,910
2026-04-07 19:30:00,65.71,65.71,65.6,65.61,3641
2026-04-07 19:45:00,65.4,65.46,65.39,65.41,2168
2026-04-07 19:55:00,65.2894,65.2894,65.2894,65.2894,200
2026-04-07 20:00:00,65.28,65.28,65.28,65.28,313
2026-04-08 04:00:00,65.73,65.73,65.73,65.73,100
2026-04-08 04:05:00,65.99,65.99,65.35,65.35,5465
2026-04-08 04:10:00,66.22,66.22,66.22,66.22,200
2026-04-08 05:15:00,66.5,66.5,66.5,66.5,470
2026-04-08 05:20:00,66.79,66.79,66.79,66.79,300
2026-04-08 05:55:00,66.4,66.4,66.4,66.4,199
2026-04-08 07:00:00,66.39,66.39,65.96,66.39,2448
2026-04-08 07:05:00,66.4124,66.4124,66.4124,66.4124,100
2026-04-08 07:40:00,66.2,66.2,66.2,66.2,100
2026-04-08 07:55:00,66.27,66.27,66.27,66.27,100
2026-04-08 08:00:00,66.49,66.5,66.49,66.5,655
2026-04-08 09:30:00,66.71,67.09,66.55,66.725,22589
2026-04-08 09:35:00,66.8,66.92,66.64,66.64,14906
2026-04-08 09:40:00,66.55,66.59,66.365,66.55,5675
2026-04-08 09:45:00,66.58,66.74,66.551,66.69,16133
2026-04-08 09:50:00,66.655,66.655,66.345,66.345,11330
2026-04-08 09:55:00,66.37,66.5428,66.37,66.48,10997
2026-04-08 10:00:00,66.41,66.43,66.39,66.41,3753
2026-04-08 10:05:00,66.4716,66.48,66.29,66.42,7214
2026-04-08 10:10:00,66.44,66.54,66.355,66.53,6761
2026-04-08 10:15:00,66.4999,66.5501,66.42,66.42,9796
2026-04-08 10:20:00,66.49,66.56,66.49,66.56,3269
2026-04-08 10:25:00,66.56,66.56,66.48,66.48,4809
2026-04-08 10:30:00,66.51,66.51,66.38,66.41,4753
2026-04-08 10:35:00,66.42,66.42,66.25,66.26,5270
2026-04-08 10:40:00,66.26,66.27,66.03,66.04,33997
2026-04-08 10:45:00,66.04,66.04,65.79,65.94,18820
2026-04-08 10:50:00,65.93,65.98,65.76,65.86,20585
2026-04-08 10:55:00,65.83,65.83,65.48,65.76,18309
2026-04-08 11:00:00,65.8,66,65.8,65.98,14942
2026-04-08 11:05:00,65.99,66.105,65.99,66.03,5199
2026-04-08 11:10:00,65.93,66.18,65.93,66.1,5015
2026-04-08 11:15:00,66.21,66.38,66.21,66.38,1795
2026-04-08 11:20:00,66.385,66.41,66.31,66.37,7883
2026-04-08 11:25:00,66.37,66.37,66.32,66.33,1900
2026-04-08 11:30:00,66.31,66.35,66.28,66.35,4336
2026-04-08 11:35:00,66.405,66.515,66.405,66.5,14478
2026-04-08 11:40:00,66.4334,66.53,66.4334,66.5,2760
2026-04-08 11:45:00,66.52,66.6,66.52,66.59,2336
2026-04-08 11:50:00,66.6,66.66,66.6,66.62,19827
2026-04-08 11:55:00,66.65,66.665,66.62,66.62,30970
2026-04-08 12:00:00,66.62,66.675,66.595,66.64,50229
2026-04-08 12:05:00,66.64,66.675,66.615,66.655,53098
2026-04-08 12:10:00,66.64,66.66,66.56,66.5608,3680
2026-04-08 12:15:00,66.55,66.55,66.5,66.5,2185
2026-04-08 12:20:00,66.56,66.61,66.53,66.61,4320
2026-04-08 12:25:00,66.61,66.65,66.61,66.64,2155
2026-04-08 12:30:00,66.645,66.68,66.645,66.646,600
2026-04-08 12:35:00,66.72,66.75,66.7,66.7,3336
2026-04-08 12:40:00,66.75,66.77,66.73,66.76,2100
2026-04-08 12:45:00,66.775,66.79,66.715,66.77,2017
2026-04-08 12:50:00,66.77,66.8,66.76,66.78,3002
2026-04-08 12:55:00,66.825,66.83,66.785,66.79,5530
2026-04-08 13:00:00,66.83,66.83,66.79,66.79,700
2026-04-08 13:05:00,66.785,66.82,66.77,66.77,2150
2026-04-08 13:10:00,66.79,66.81,66.785,66.81,2009
2026-04-08 13:15:00,66.82,66.82,66.775,66.785,1465
2026-04-08 13:20:00,66.82,66.845,66.74,66.75,5069
2026-04-08 13:25:00,66.76,66.82,66.75,66.7873,3259
2026-04-08 13:30:00,66.78,66.83,66.78,66.79,838
2026-04-08 13:35:00,66.81,66.87,66.78,66.83,2155
2026-04-08 13:40:00,66.84,66.9053,66.83,66.9,4692
2026-04-08 13:45:00,66.89,66.96,66.89,66.96,1931
2026-04-08 13:50:00,66.96,66.985,66.92,66.92,2622
2026-04-08 13:55:00,66.92,66.965,66.91,66.965,5086
2026-04-08 14:00:00,66.93,67.03,66.93,67.03,6756
2026-04-08 14:05:00,67.06,67.09,67.0351,67.09,4563
2026-04-08 14:10:00,67.08,67.115,67.08,67.08,2240
2026-04-08 14:15:00,67.08,67.125,66.805,66.89,23575
2026-04-08 14:20:00,66.87,66.99,66.87,66.94,3874
2026-04-08 14:25:00,66.89,66.96,66.89,66.91,5312
2026-04-08 14:30:00,66.91,66.98,66.91,66.94,3526
2026-04-08 14:35:00,66.96,66.98,66.8513,66.8513,2768
2026-04-08 14:40:00,66.8,66.82,66.77,66.77,5389
2026-04-08 14:45:00,66.7196,66.7899,66.69,66.705,2742
2026-04-08 14:50:00,66.68,66.68,66.605,66.605,1145
2026-04-08 14:55:00,66.56,66.56,66.37,66.39,2852
2026-04-08 15:00:00,66.37,66.49,66.37,66.395,1838
2026-04-08 15:05:00,66.42,66.6,66.42,66.58,3285
2026-04-08 15:10:00,66.65,66.76,66.65,66.745,1900
2026-04-08 15:15:00,66.73,66.73,66.64,66.645,4935
2026-04-08 15:20:00,66.66,66.67,66.62,66.64,4096
2026-04-08 15:25:00,66.66,66.73,66.64,66.64,800
2026-04-08 15:30:00,66.67,66.7501,66.67,66.73,1310
2026-04-08 15:35:00,66.76,66.83,66.73,66.75,8041
2026-04-08 15:40:00,66.745,66.81,66.735,66.81,2419
2026-04-08 15:45:00,66.83,66.88,66.83,66.865,7685
2026-04-08 15:50:00,66.87,66.94,66.87,66.925,45915
2026-04-08 15:55:00,66.93,67.02,66.88,67.01,60280
2026-04-08 16:00:00,67.02,67.02,67.02,67.02,15020
2026-04-08 16:15:00,66.89,66.89,66.89,66.89,373
2026-04-08 16:35:00,66.95,66.95,66.95,66.95,100
2026-04-08 16:45:00,66.88,66.88,66.87,66.87,399
2026-04-08 17:50:00,66.86,66.86,66.86,66.86,100
2026-04-08 18:45:00,66.67,66.67,66.6,66.6,498
2026-04-09 07:35:00,66.5,66.5,66.5,66.5,250
2026-04-09 07:50:00,66.5,66.5,66.5,66.5,159
2026-04-09 09:00:00,67,67,67,67,100
2026-04-09 09:25:00,67.17,67.17,67.17,67.17,4500
2026-04-09 09:30:00,67.15,67.51,67.15,67.3499,38191
2026-04-09 09:35:00,67.3506,67.86,67.3506,67.74,46854
2026-04-09 09:40:00,67.73,67.99,67.64,67.9706,20100
2026-04-09 09:45:00,67.9,67.9,67.755,67.87,11758
2026-04-09 09:50:00,67.85,67.888,67.62,67.74,10141
2026-04-09 09:55:00,67.73,67.805,67.67,67.775,9106
2026-04-09 10:00:00,67.78,67.94,67.78,67.94,1947
2026-04-09 10:05:00,67.94,67.94,67.77,67.77,1546
2026-04-09 10:10:00,67.7,67.78,67.6,67.61,2465
2026-04-09 10:15:00,67.59,67.59,67.29,67.36,15225
2026-04-09 10:20:00,67.4,67.6,67.4,67.54,7914
2026-04-09 10:25:00,67.53,67.53,67.34,67.48,2750
2026-04-09 10:30:00,67.47,67.47,67.39,67.39,2105
2026-04-09 10:35:00,67.42,67.42,67.26,67.34,3303
2026-04-09 10:40:00,67.44,67.47,67.37,67.42,12177
2026-04-09 10:45:00,67.45,67.5992,67.45,67.59,2012
2026-04-09 10:50:00,67.6649,67.77,67.62,67.77,16385
2026-04-09 10:55:00,67.83,67.84,67.68,67.71,2533
2026-04-09 11:00:00,67.76,67.76,67.65,67.67,4093
2026-04-09 11:05:00,67.62,67.68,67.62,67.65,1910
2026-04-09 11:10:00,67.64,67.79,67.635,67.79,20254
2026-04-09 11:15:00,67.79,67.83,67.7,67.83,4910
2026-04-09 11:20:00,67.79,67.795,67.74,67.76,6675
2026-04-09 11:25:00,67.74,67.74,67.64,67.6816,2200
2026-04-09 11:30:00,67.67,68.01,67.67,67.9,10068
2026-04-09 11:35:00,67.93,67.93,67.76,67.79,4165
2026-04-09 11:40:00,67.85,67.93,67.85,67.92,9830
2026-04-09 11:45:00,67.88,67.98,67.84,67.9601,4159
2026-04-09 11:50:00,67.95,68.01,67.94,68.01,754
2026-04-09 11:55:00,68,68.03,67.986,68.02,5734
2026-04-09 12:00:00,68.05,68.21,68.05,68.1,3311
2026-04-09 12:05:00,68.08,68.08,67.99,67.99,12828
2026-04-09 12:10:00,67.96,68.029,67.93,67.95,2656
2026-04-09 12:15:00,67.95,68.05,67.95,68.05,1261
2026-04-09 12:20:00,68.05,68.05,67.98,68.04,2551
2026-04-09 12:25:00,68.01,68.07,68.01,68.07,1250
2026-04-09 12:30:00,68.04,68.04,68.035,68.04,617
2026-04-09 12:35:00,67.99,68.02,67.94,67.94,1097
2026-04-09 12:40:00,67.96,67.96,67.887,67.92,1181
2026-04-09 12:45:00,67.88,67.88,67.84,67.84,750
2026-04-09 12:50:00,67.86,67.99,67.86,67.96,4101
2026-04-09 12:55:00,67.92,67.93,67.9199,67.93,6064
2026-04-09 13:00:00,67.92,67.93,67.87,67.9275,1050
2026-04-09 13:05:00,67.92,68.02,67.92,68,702
2026-04-09 13:10:00,67.98,68.06,67.96,68.02,2900
2026-04-09 13:15:00,68.02,68.08,68.01,68.07,3964
2026-04-09 13:20:00,68.08,68.08,68.03,68.04,1841
2026-04-09 13:25:00,68.04,68.05,68.04,68.05,500
2026-04-09 13:30:00,67.99,68.06,67.95,68.06,1203
2026-04-09 13:35:00,68.09,68.2,68.09,68.2,200
2026-04-09 13:40:00,68.19,68.19,68.13,68.13,2207
2026-04-09 13:45:00,68.13,68.17,68.13,68.17,1650
2026-04-09 13:50:00,68.15,68.15,68.09,68.115,446
2026-04-09 13:55:00,68.15,68.15,68.14,68.14,600
2026-04-09 14:00:00,68.16,68.16,67.86,67.91,3012
2026-04-09 14:05:00,67.95,68.01,67.88,67.96,10162
2026-04-09 14:10:00,67.97,67.98,67.9,67.94,3577
2026-04-09 14:15:00,67.975,68,67.95,67.95,2273
2026-04-09 14:20:00,67.97,67.97,67.9,67.91,982
2026-04-09 14:25:00,67.91,67.945,67.88,67.91,9446
2026-04-09 14:30:00,67.92,67.92,67.86,67.87,5479
2026-04-09 14:35:00,67.86,68,67.86,68,1530
2026-04-09 14:40:00,68,68,67.95,67.9618,1902
2026-04-09 14:45:00,67.97,68.05,67.97,68.045,893
2026-04-09 14:50:00,68.02,68.04,67.98,68.03,1400
2026-04-09 14:55:00,68.005,68.005,68.005,68.005,100
2026-04-09 15:00:00,68.08,68.14,68.08,68.14,1556
2026-04-09 15:05:00,68.15,68.21,68.1,68.21,3018
2026-04-09 15:10:00,68.21,68.26,68.2,68.22,2401
2026-04-09 15:15:00,68.25,68.25,68.2,68.2,1175
2026-04-09 15:20:00,68.19,68.2,68.17,68.2,700
2026-04-09 15:25:00,68.24,68.31,68.24,68.25,5186
2026-04-09 15:30:00,68.3,68.39,68.3,68.36,5534
2026-04-09 15:35:00,68.38,68.4,68.35,68.3662,7204
2026-04-09 15:40:00,68.37,68.395,68.33,68.395,4151
2026-04-09 15:45:00,68.39,68.425,68.37,68.39,9249
2026-04-09 15:50:00,68.4,68.48,68.4,68.48,19157
2026-04-09 15:55:00,68.46,68.46,68.36,68.39,86708
2026-04-09 16:00:00,68.41,68.41,68.26,68.26,46484
2026-04-09 18:00:00,68.5,68.5,68.5,68.5,110
2026-04-09 18:10:00,68.5711,68.5711,68.5711,68.5711,100
2026-04-09 19:55:00,68.47,68.47,68.47,68.47,100
2026-04-10 04:00:00,68.54,68.54,68.45,68.45,3649
2026-04-10 07:05:00,68.93,68.93,68.93,68.93,5930
2026-04-10 07:10:00,68.85,68.85,68.85,68.85,898
2026-04-10 08:30:00,69.39,69.39,69.39,69.39,1000
2026-04-10 08:40:00,69.26,69.26,69.26,69.26,100
2026-04-10 08:55:00,69.2,69.2,69.2,69.2,107
2026-04-10 09:00:00,69.2979,69.2979,69.2979,69.2979,200
2026-04-10 09:05:00,69.29,69.29,69.29,69.29,113
2026-04-10 09:10:00,69.299,69.299,69.299,69.299,500
2026-04-10 09:15:00,69.2,69.2,69.2,69.2,160
2026-04-10 09:20:00,69.28,69.28,69.28,69.28,6018
2026-04-10 09:25:00,69.19,69.19,69.19,69.19,100
2026-04-10 09:30:00,69.16,69.82,69.07,69.54,34762
2026-04-10 09:35:00,69.51,69.8,69.34,69.34,39918
2026-04-10 09:40:00,69.305,69.685,69.26,69.68,7697
2026-04-10 09:45:00,69.72,70.23,69.71,70.15,20817
2026-04-10 09:50:00,70.13,70.228,70.04,70.175,40389
2026-04-10 09:55:00,70.12,70.2,70.04,70.05,11642
2026-04-10 10:00:00,70.05,70.05,69.77,69.7838,23196
2026-04-10 10:05:00,69.79,69.9101,69.75,69.84,11331
2026-04-10 10:10:00,69.8363,69.8363,69.605,69.78,13527
2026-04-10 10:15:00,69.85,69.91,69.7701,69.91,4110
2026-04-10 10:20:00,69.95,70.01,69.95,69.98,17171
2026-04-10 10:25:00,70.01,70.05,69.98,70.05,7625
2026-04-10 10:30:00,70.075,70.16,70.075,70.077,17703
2026-04-10 10:35:00,70.085,70.12,70.02,70.08,5544
2026-04-10 10:40:00,70.0814,70.12,69.98,70.07,9049
2026-04-10 10:45:00,70.03,70.12,70.02,70.12,6829
2026-04-10 10:50:00,70.0899,70.2,70.0899,70.1399,4950
2026-04-10 10:55:00,70.07,70.29,70.07,70.29,1228
2026-04-10 11:00:00,70.29,70.31,70.22,70.22,1878
2026-04-10 11:05:00,70.24,70.32,70.24,70.32,1867
2026-04-10 11:10:00,70.3256,70.37,70.2424,70.37,8447
2026-04-10 11:15:00,70.4072,70.44,70.4072,70.44,2962
2026-04-10 11:20:00,70.42,70.53,70.42,70.52,7125
2026-04-10 11:25:00,70.53,70.53,70.36,70.36,14485
2026-04-10 11:30:00,70.4,70.43,70.26,70.27,3257
2026-04-10 11:35:00,70.31,70.32,70.06,70.06,5804
2026-04-10 11:40:00,70,70.065,70,70.042,2117
2026-04-10 11:45:00,70.12,70.12,70.0356,70.0356,4182
2026-04-10 11:50:00,70.01,70.03,69.97,69.97,2512
2026-04-10 11:55:00,69.94,69.94,69.76,69.85,9706
2026-04-10 12:00:00,69.7999,69.88,69.7999,69.84,750
2026-04-10 12:05:00,69.87,69.92,69.82,69.87,5254
2026-04-10 12:10:00,69.865,70.08,69.865,70.05,6610
2026-04-10 12:15:00,70.02,70.0801,69.97,69.97,9540
2026-04-10 12:20:00,69.92,70.022,69.89,70.022,7958
2026-04-10 12:25:00,69.99,69.99,69.94,69.97,7505
2026-04-10 12:30:00,69.95,70,69.91,69.935,10712
2026-04-10 12:35:00,69.94,69.94,69.87,69.87,1983
2026-04-10 12:40:00,69.86,69.86,69.77,69.8299,900
2026-04-10 12:45:00,69.84,69.92,69.84,69.91,4985
2026-04-10 12:50:00,69.93,69.97,69.88,69.97,4142
2026-04-10 12:55:00,69.98,70.04,69.95,70.04,2054
2026-04-10 13:00:00,70.07,70.07,70.07,70.07,100
2026-04-10 13:05:00,70.01,70.03,69.98,70.03,1927
2026-04-10 13:10:00,70.005,70.01,69.94,69.99,1200
2026-04-10 13:15:00,69.99,69.99,69.99,69.99,100
2026-04-10 13:20:00,69.97,69.97,69.93,69.95,4714
2026-04-10 13:25:00,69.97,69.97,69.97,69.97,211
2026-04-10 13:30:00,69.98,70.1,69.98,70.085,620
2026-04-10 13:35:00,70.13,70.1599,70.085,70.085,4700
2026-04-10 13:40:00,70.17,70.23,70.17,70.23,409
2026-04-10 13:45:00,70.21,70.21,70.19,70.19,1054
2026-04-10 13:50:00,70.2597,70.31,70.2597,70.3099,1539
2026-04-10 13:55:00,70.33,70.35,70.32,70.3493,6989
2026-04-10 14:00:00,70.33,70.34,70.32,70.32,841
2026-04-10 14:05:00,70.28,70.28,70.255,70.275,11854
2026-04-10 14:10:00,70.32,70.32,70.2977,70.2977,1450
2026-04-10 14:15:00,70.33,70.36,70.3199,70.35,7475
2026-04-10 14:20:00,70.36,70.3901,70.35,70.36,5397
2026-04-10 14:25:00,70.34,70.34,70.3,70.31,1800
2026-04-10 14:30:00,70.3028,70.3028,70.2851,70.2851,955
2026-04-10 14:35:00,70.28,70.3,70.25,70.28,10142
2026-04-10 14:40:00,70.1999,70.2,70.1999,70.2,500
2026-04-10 14:45:00,70.19,70.19,70.19,70.19,100
2026-04-10 14:50:00,70.2278,70.27,70.2278,70.27,745
2026-04-10 14:55:00,70.26,70.26,70.23,70.235,725
2026-04-10 15:00:00,70.26,70.26,70.23,70.23,350
2026-04-10 15:05:00,70.28,70.3064,70.28,70.29,1318
2026-04-10 15:10:00,70.29,70.33,70.29,70.33,5164
2026-04-10 15:15:00,70.32,70.36,70.28,70.36,18134
2026-04-10 15:20:00,70.37,70.41,70.37,70.41,4585
2026-04-10 15:25:00,70.39,70.4,70.35,70.36,24564
2026-04-10 15:30:00,70.33,70.33,70.25,70.27,2971
2026-04-10 15:35:00,70.265,70.27,70.2,70.2,5275
2026-04-10 15:40:00,70.105,70.11,70.07,70.1,4700
2026-04-10 15:45:00,70.11,70.14,70.07,70.07,1971
2026-04-10 15:50:00,70.07,70.14,70.05,70.1,42286
2026-04-10 15:55:00,70.09,70.09,69.93,69.97,80405
2026-04-10 16:00:00,69.99,70.07,69.99,70.07,20906
2026-04-10 16:10:00,70.0726,70.0726,70.0726,70.0726,200
2026-04-10 16:15:00,70.05,70.05,70.05,70.05,500
2026-04-10 16:20:00,70.06,70.06,70.06,70.06,356
2026-04-10 16:35:00,70.12,70.12,70.12,70.12,500
2026-04-10 18:10:00,70,70,70,70,100
2026-04-10 18:40:00,70,70,70,70,400
2026-04-10 19:35:00,70.1,70.1,70.1,70.1,10000
2026-04-10 19:45:00,70,70,70,70,111
2026-04-13 04:00:00,68.34,68.34,68.34,68.34,200
2026-04-13 05:20:00,69.79,69.79,69.79,69.79,200
2026-04-13 07:00:00,69.29,69.3261,69.29,69.3261,1801
2026-04-13 07:25:00,69.34,69.34,69.34,69.34,199
2026-04-13 07:40:00,69.3,69.3,69.3,69.3,200
2026-04-13 08:00:00,69.5,69.5,69.5,69.5,2000
2026-04-13 08:10:00,69.17,69.17,69.13,69.13,400
2026-04-13 08:15:00,69.39,69.4,69.39,69.4,1000
2026-04-13 08:20:00,69.4,69.4,69.4,69.4,2186
2026-04-13 08:50:00,69.59,69.59,69.59,69.59,130
2026-04-13 08:55:00,69.42,69.42,69.42,69.42,5989
2026-04-13 09:00:00,69.5,69.5,69.5,69.5,499
2026-04-13 09:20:00,69.63,69.63,69.63,69.63,100
2026-04-13 09:30:00,69.62,70.096,69.62,70.02,24462
2026-04-13 09:35:00,70.12,70.2099,69.97,70.04,26447
2026-04-13 09:40:00,70.0351,70.04,69.86,69.86,26958
2026-04-13 09:45:00,69.73,69.96,69.54,69.91,27460
2026-04-13 09:50:00,69.94,70.05,69.8,70.05,17770
2026-04-13 09:55:00,70,70.02,69.79,70.02,13672
2026-04-13 10:00:00,70.09,70.14,69.8801,70,4714
2026-04-13 10:05:00,70.02,70.02,69.92,69.95,6432
2026-04-13 10:10:00,69.9,69.94,69.84,69.9,4583
2026-04-13 10:15:00,69.86,69.98,69.86,69.98,3444
2026-04-13 10:20:00,69.9901,70.08,69.89,70.01,5803
2026-04-13 10:25:00,70.018,70.02,69.9496,69.958,2382
2026-04-13 10:30:00,69.98,70.04,69.93,70.04,15422
2026-04-13 10:35:00,70.01,70.04,69.99,69.99,2863
2026-04-13 10:40:00,70.03,70.18,70.02,70.18,3121
2026-04-13 10:45:00,70.21,70.22,70.1,70.14,8531
2026-04-13 10:50:00,70.17,70.19,70.13,70.19,2499
2026-04-13 10:55:00,70.19,70.24,70.15,70.24,5562
2026-04-13 11:00:00,70.18,70.18,70.01,70.079,68907
2026-04-13 11:05:00,70.08,70.12,70.08,70.11,3975
2026-04-13 11:10:00,70.19,70.36,70.19,70.2699,4900
2026-04-13 11:15:00,70.28,70.31,70.22,70.22,3637
2026-04-13 11:20:00,70.28,70.32,70.28,70.32,2786
2026-04-13 11:25:00,70.27,70.27,70.2,70.2,1665
2026-04-13 11:30:00,70.09,70.18,70.09,70.1384,1618
2026-04-13 11:35:00,70.13,70.27,70.13,70.23,1076
2026-04-13 11:40:00,70.22,70.2599,70.15,70.16,3292
2026-04-13 11:45:00,70.15,70.15,70.12,70.133,6227
2026-04-13 11:50:00,70.15,70.16,70.14,70.14,549
2026-04-13 11:55:00,70,70.02,69.985,70.02,943
2026-04-13 12:00:00,69.995,69.995,69.97,69.97,200
2026-04-13 12:05:00,69.89,70.1,69.89,70.0995,15290
2026-04-13 12:10:00,70.08,70.18,70.08,70.1,7422
2026-04-13 12:15:00,70.09,70.1,70.05,70.05,8508
2026-04-13 12:20:00,70.09,70.17,70.07,70.14,14292
2026-04-13 12:25:00,70.25,70.32,70.25,70.3,2941
2026-04-13 12:30:00,70.305,70.31,70.28,70.31,1464
2026-04-13 12:35:00,70.34,70.43,70.34,70.36,14880
2026-04-13 12:40:00,70.4,70.43,70.25,70.43,15254
2026-04-13 12:45:00,70.3683,70.53,70.3683,70.53,12742
2026-04-13 12:50:00,70.54,70.59,70.48,70.5,36139
2026-04-13 13:00:00,70.62,70.62,70.58,70.6,14446
2026-04-13 13:05:00,70.578,70.578,70.42,70.44,774
2026-04-13 13:10:00,70.4699,70.4699,70.435,70.46,762
2026-04-13 13:15:00,70.48,70.6,70.48,70.6,1717
2026-04-13 13:20:00,70.555,70.555,70.555,70.555,110
2026-04-13 13:25:00,70.53,70.53,70.52,70.52,241
2026-04-13 13:30:00,70.53,70.545,70.51,70.51,1504
2026-04-13 13:35:00,70.49,70.49,70.45,70.45,3009
2026-04-13 13:40:00,70.48,70.505,70.47,70.47,590
2026-04-13 13:45:00,70.48,70.48,70.44,70.45,822
2026-04-13 13:50:00,70.4,70.4287,70.38,70.4287,3552
2026-04-13 13:55:00,70.42,70.42,70.41,70.41,1436
2026-04-13 14:00:00,70.36,70.445,70.36,70.445,550
2026-04-13 14:05:00,70.44,70.47,70.435,70.47,1888
2026-04-13 14:10:00,70.45,70.46,70.43,70.43,580
2026-04-13 14:15:00,70.43,70.45,70.43,70.45,1216
2026-04-13 14:20:00,70.4213,70.43,70.4213,70.43,355
2026-04-13 14:25:00,70.43,70.43,70.42,70.43,3543
2026-04-13 14:30:00,70.45,70.5,70.45,70.5,1900
2026-04-13 14:35:00,70.54,70.55,70.54,70.55,544
2026-04-13 14:40:00,70.54,70.56,70.54,70.56,2001
2026-04-13 14:45:00,70.67,70.7,70.67,70.7,627
2026-04-13 14:55:00,70.7395,70.77,70.714,70.7151,1842
2026-04-13 15:05:00,70.7869,70.7995,70.7869,70.7995,600
2026-04-13 15:10:00,70.76,70.78,70.75,70.78,3321
2026-04-13 15:15:00,70.8,70.9,70.79,70.9,944
2026-04-13 15:20:00,70.87,70.89,70.87,70.89,409
2026-04-13 15:25:00,70.95,70.95,70.905,70.905,4821
2026-04-13 15:30:00,70.905,70.98,70.905,70.98,400
2026-04-13 15:35:00,70.95,70.98,70.89,70.9,3241
2026-04-13 15:40:00,70.89,70.9,70.87,70.89,1625
2026-04-13 15:45:00,70.94,70.955,70.91,70.95,2654
2026-04-13 15:50:00,70.99,71.1796,70.98,71.16,25756
2026-04-13 15:55:00,71.16,71.19,71.1,71.13,59344
2026-04-13 16:00:00,71.14,71.14,71.14,71.14,7023
2026-04-13 16:05:00,71.11,71.11,71.07,71.07,1792
2026-04-13 16:20:00,71.2,71.3,71.2,71.3,200
2026-04-13 16:25:00,71.17,71.17,71.16,71.16,287
2026-04-13 16:35:00,71.3,71.3,71.3,71.3,135
2026-04-13 16:40:00,71.3,71.3,71.3,71.3,7500
2026-04-13 17:10:00,71.36,71.36,71.35,71.35,349
2026-04-13 17:25:00,71.38,71.38,71.38,71.38,1640
2026-04-13 17:35:00,71.31,71.31,71.31,71.31,900
2026-04-13 18:05:00,71.36,71.36,71.36,71.36,246
2026-04-13 18:10:00,71.3999,71.3999,71.3999,71.3999,100
2026-04-13 18:40:00,71.44,71.44,71.44,71.44,100
2026-04-13 19:15:00,71.51,71.51,71.51,71.51,100
2026-04-13 19:50:00,71.41,71.41,71.41,71.41,100
2026-04-14 04:00:00,71.5,71.5,71.5,71.5,241
2026-04-14 04:35:00,71.85,71.85,71.85,71.85,106
2026-04-14 06:55:00,72.3062,72.3062,72.3062,72.3062,150
2026-04-14 07:00:00,71.83,71.83,71.78,71.78,206
2026-04-14 07:25:00,71.92,71.92,71.92,71.92,150
2026-04-14 07:35:00,71.97,71.97,71.97,71.97,100
2026-04-14 07:45:00,72.1557,72.1557,72.1557,72.1557,1500
2026-04-14 08:15:00,71.95,71.95,71.95,71.95,1108
2026-04-14 09:05:00,71.9,71.9,71.9,71.9,300
2026-04-14 09:25:00,72,72.01,71.99,71.99,1806
2026-04-14 09:30:00,72.06,72.125,71.48,71.545,58451
2026-04-14 09:35:00,71.55,71.72,71.2,71.2,16178
2026-04-14 09:40:00,71.27,71.515,71.175,71.515,11006
2026-04-14 09:45:00,71.51,71.55,71.23,71.34,19987
2026-04-14 09:50:00,71.34,71.56,71.33,71.5,4112
2026-04-14 09:55:00,71.4407,71.445,71.25,71.34,68651
2026-04-14 10:00:00,71.33,71.35,71.2285,71.24,9777
2026-04-14 10:05:00,71.27,71.33,71.25,71.33,2478
2026-04-14 10:10:00,71.35,71.54,71.33,71.54,16345
2026-04-14 10:15:00,71.57,71.68,71.55,71.55,2427
2026-04-14 10:20:00,71.53,71.65,71.52,71.63,5490
2026-04-14 10:25:00,71.62,71.62,71.48,71.56,23651
2026-04-14 10:30:00,71.6,71.61,71.54,71.55,55927
2026-04-14 10:35:00,71.57,71.59,71.54,71.545,1230
2026-04-14 10:40:00,71.565,71.59,71.55,71.58,10934
2026-04-14 10:45:00,71.6,71.72,71.6,71.71,1970
2026-04-14 10:50:00,71.71,71.82,71.69,71.82,2537
2026-04-14 10:55:00,71.8,71.8,71.7969,71.7999,2650
2026-04-14 11:00:00,71.75,71.75,71.55,71.55,1315
2026-04-14 11:05:00,71.55,71.579,71.52,71.52,1302
2026-04-14 11:10:00,71.51,71.64,71.51,71.64,595
2026-04-14 11:15:00,71.6,71.68,71.6,71.68,1183
2026-04-14 11:20:00,71.75,71.7848,71.75,71.7848,4442
2026-04-14 11:25:00,71.82,71.82,71.785,71.785,807
2026-04-14 11:30:00,71.8,71.81,71.7301,71.7301,1671
2026-04-14 11:35:00,71.78,71.84,71.78,71.84,998
2026-04-14 11:40:00,71.7999,71.84,71.79,71.82,3029
2026-04-14 11:45:00,71.84,71.93,71.84,71.92,800
2026-04-14 11:50:00,71.9383,71.95,71.93,71.95,915
2026-04-14 11:55:00,71.89,71.89,71.82,71.82,7926
2026-04-14 12:00:00,71.83,71.93,71.81,71.93,4789
2026-04-14 12:05:00,71.9,71.95,71.9,71.93,647
2026-04-14 12:10:00,71.93,71.93,71.89,71.89,470
2026-04-14 12:15:00,71.92,71.96,71.92,71.9417,4099
2026-04-14 12:20:00,71.95,71.95,71.94,71.94,1727
2026-04-14 12:25:00,71.93,71.945,71.92,71.92,1324
2026-04-14 12:30:00,71.9,71.9,71.81,71.8192,1098
2026-04-14 12:35:00,71.82,71.85,71.8,71.85,840
2026-04-14 12:40:00,71.87,71.9,71.87,71.9,510
2026-04-14 12:45:00,71.92,71.93,71.89,71.93,666
2026-04-14 12:50:00,71.9101,71.9101,71.89,71.89,421
2026-04-14 12:55:00,71.83,71.83,71.83,71.83,416
2026-04-14 13:00:00,71.83,71.87,71.83,71.87,4188
2026-04-14 13:05:00,71.9,71.9,71.87,71.88,1156
2026-04-14 13:10:00,71.92,72.01,71.91,71.99,5340
2026-04-14 13:15:00,72.02,72.14,72.01,72.14,3081
2026-04-14 13:20:00,72.13,72.26,72.13,72.26,32980
2026-04-14 13:25:00,72.23,72.23,72.2,72.2,1849
2026-04-14 13:30:00,72.245,72.2894,72.24,72.2894,932
2026-04-14 13:35:00,72.305,72.36,72.3,72.36,800
2026-04-14 13:40:00,72.29,72.32,72.29,72.3,345
2026-04-14 13:45:00,72.3,72.3,72.29,72.29,610
2026-04-14 13:50:00,72.3,72.315,72.29,72.29,3576
2026-04-14 13:55:00,72.3,72.31,72.255,72.31,10004
2026-04-14 14:00:00,72.31,72.35,72.31,72.35,8738
2026-04-14 14:05:00,72.36,72.38,72.36,72.38,473
2026-04-14 14:10:00,72.35,72.35,72.32,72.33,37285
2026-04-14 14:15:00,72.3493,72.3493,72.25,72.25,30388
2026-04-14 14:20:00,72.24,72.24,72.24,72.24,791
2026-04-14 14:25:00,72.17,72.28,72.17,72.2699,9089
2026-04-14 14:30:00,72.2797,72.29,72.258,72.29,1326
2026-04-14 14:35:00,72.28,72.33,72.28,72.33,3708
2026-04-14 14:40:00,72.29,72.29,72.265,72.2899,2989
2026-04-14 14:45:00,72.28,72.295,72.28,72.295,240
2026-04-14 14:50:00,72.31,72.32,72.31,72.32,200
2026-04-14 14:55:00,72.31,72.32,72.29,72.3,4706
2026-04-14 15:00:00,72.305,72.355,72.305,72.355,700
2026-04-14 15:05:00,72.4,72.445,72.4,72.42,3315
2026-04-14 15:10:00,72.45,72.5,72.42,72.43,2441
2026-04-14 15:15:00,72.45,72.52,72.44,72.51,1961
2026-04-14 15:20:00,72.57,72.58,72.57,72.57,900
2026-04-14 15:25:00,72.55,72.61,72.55,72.61,4216
2026-04-14 15:30:00,72.59,72.6,72.53,72.53,1720
2026-04-14 15:35:00,72.52,72.52,72.47,72.47,1140
2026-04-14 15:40:00,72.51,72.51,72.44,72.46,36703
2026-04-14 15:45:00,72.46,72.46,72.425,72.425,1383
2026-04-14 15:50:00,72.46,72.52,72.405,72.45,5213
2026-04-14 15:55:00,72.47,72.6,72.47,72.6,30679
2026-04-14 16:00:00,72.6,72.67,72.58,72.65,13967
2026-04-14 16:25:00,72.67,72.67,72.67,72.67,150
2026-04-14 16:35:00,72.59,72.59,72.59,72.59,100
2026-04-14 17:00:00,72.6301,72.67,72.6301,72.67,300
2026-04-14 17:05:00,72.71,72.71,72.71,72.71,100
2026-04-14 18:05:00,72.71,72.71,72.71,72.71,100
2026-04-14 18:30:00,72.71,72.71,72.71,72.71,340
2026-04-15 04:40:00,72.97,72.97,72.97,72.97,56000
2026-04-15 06:35:00,72.6,72.6,72.6,72.6,250
2026-04-15 07:25:00,72.57,72.57,72.57,72.57,400
2026-04-15 07:30:00,72.41,72.41,72.41,72.41,267
2026-04-15 08:45:00,72.35,72.35,72.35,72.35,100
2026-04-15 09:20:00,72.33,72.33,72.33,72.33,143
2026-04-15 09:25:00,72.33,72.35,72.33,72.35,852
2026-04-15 09:30:00,72.5,72.755,72.24,72.41,14968
2026-04-15 09:35:00,72.425,72.55,72.28,72.39,6722
2026-04-15 09:40:00,72.37,72.37,71.99,72,26736
2026-04-15 09:45:00,72.07,72.43,72.02,72.32,11197
2026-04-15 09:50:00,72.355,72.355,72.06,72.3,4642
2026-04-15 09:55:00,72.3,72.385,72.22,72.36,9015
2026-04-15 10:00:00,72.395,72.465,72.24,72.465,4534
2026-04-15 10:05:00,72.49,72.49,72.2099,72.2099,550
2026-04-15 10:10:00,72.27,72.27,72.19,72.225,4939
2026-04-15 10:15:00,72.205,72.23,72.06,72.06,2003
2026-04-15 10:20:00,72.13,72.405,72.13,72.38,5871
2026-04-15 10:25:00,72.44,72.47,72.44,72.46,2162
2026-04-15 10:30:00,72.41,72.54,72.4099,72.48,2330
2026-04-15 10:35:00,72.625,72.65,72.52,72.52,1141
2026-04-15 10:40:00,72.58,72.76,72.58,72.76,2445
2026-04-15 10:45:00,72.735,72.74,72.68,72.68,5291
2026-04-15 10:50:00,72.68,72.68,72.58,72.58,1521
2026-04-15 10:55:00,72.52,72.55,72.52,72.52,300
2026-04-15 11:00:00,72.418,72.44,72.34,72.38,1942
2026-04-15 11:05:00,72.44,72.44,72.38,72.44,1486
2026-04-15 11:10:00,72.435,72.55,72.43,72.55,9583
2026-04-15 11:15:00,72.54,72.54,72.49,72.49,561
2026-04-15 11:20:00,72.5,72.5,72.49,72.49,849
2026-04-15 11:25:00,72.44,72.46,72.41,72.41,861
2026-04-15 11:30:00,72.37,72.37,72.23,72.24,1446
2026-04-15 11:35:00,72.24,72.28,72.225,72.225,1238
2026-04-15 11:40:00,72.28,72.37,72.28,72.35,2323
2026-04-15 11:45:00,72.37,72.37,72.325,72.335,3155
2026-04-15 11:50:00,72.23,72.26,72.23,72.23,682
2026-04-15 11:55:00,72.21,72.23,72.16,72.22,1019
2026-04-15 12:00:00,72.2,72.2,72.13,72.14,1905
2026-04-15 12:05:00,72.14,72.265,72.14,72.255,4086
2026-04-15 12:10:00,72.25,72.265,72.21,72.26,1084
2026-04-15 12:15:00,72.21,72.2901,72.21,72.2901,1018
2026-04-15 12:20:00,72.32,72.33,72.31,72.33,1220
2026-04-15 12:25:00,72.21,72.21,72.08,72.08,4906
2026-04-15 12:30:00,72.05,72.05,71.95,71.95,6498
2026-04-15 12:35:00,71.95,71.98,71.85,71.85,1129
2026-04-15 12:40:00,71.805,71.805,71.54,71.565,29231
2026-04-15 12:45:00,71.57,71.57,71.37,71.5,80864
2026-04-15 12:50:00,71.53,71.57,71.16,71.19,43560
2026-04-15 12:55:00,71.17,71.45,71.1,71.43,13960
2026-04-15 13:00:00,71.42,71.52,71.4,71.52,5554
2026-04-15 13:05:00,71.62,71.65,71.6,71.615,2763
2026-04-15 13:10:00,71.63,71.65,71.58,71.64,2420
2026-04-15 13:15:00,71.66,71.66,71.62,71.62,513
2026-04-15 13:20:00,71.61,71.61,71.56,71.56,1040
2026-04-15 13:25:00,71.59,71.64,71.59,71.61,1776
2026-04-15 13:30:00,71.63,71.7034,71.63,71.7034,995
2026-04-15 13:35:00,71.7,71.74,71.7,71.7,2458
2026-04-15 13:40:00,71.67,71.67,71.555,71.555,787
2026-04-15 13:45:00,71.5801,71.63,71.5801,71.63,1378
2026-04-15 13:50:00,71.63,71.68,71.63,71.68,1002
2026-04-15 13:55:00,71.695,71.695,71.67,71.67,460
2026-04-15 14:00:00,71.58,71.81,71.58,71.68,9937
2026-04-15 14:05:00,71.72,71.72,71.67,71.67,1192
2026-04-15 14:10:00,71.66,71.7761,71.66,71.75,1244
2026-04-15 14:15:00,71.84,71.85,71.7999,71.8,622
2026-04-15 14:20:00,71.84,71.84,71.835,71.835,229
2026-04-15 14:25:00,71.85,71.87,71.83,71.86,2641
2026-04-15 14:30:00,71.889,71.9299,71.88,71.905,2563
2026-04-15 14:35:00,71.91,71.95,71.91,71.94,1306
2026-04-15 14:40:00,71.94,71.94,71.88,71.89,3442
2026-04-15 14:45:00,71.87,71.885,71.845,71.87,6223
2026-04-15 14:50:00,71.91,71.935,71.905,71.92,1158
2026-04-15 14:55:00,71.93,71.975,71.93,71.97,1771
2026-04-15 15:00:00,71.97,72.03,71.95,72.03,3877
2026-04-15 15:05:00,72.065,72.17,72.05,72.17,5060
2026-04-15 15:10:00,72.19,72.194,72.15,72.17,5678
2026-04-15 15:15:00,72.2,72.22,72.19,72.22,714
2026-04-15 15:20:00,72.228,72.25,72.21,72.25,2474
2026-04-15 15:25:00,72.25,72.29,72.25,72.29,686
2026-04-15 15:30:00,72.375,72.4499,72.375,72.445,7012
2026-04-15 15:35:00,72.465,72.479,72.42,72.42,5693
2026-04-15 15:40:00,72.38,72.4,72.33,72.39,2949
2026-04-15 15:45:00,72.35,72.445,72.335,72.445,4933
2026-04-15 15:50:00,72.46,72.56,72.46,72.56,19663
2026-04-15 15:55:00,72.57,72.74,72.57,72.705,38414
2026-04-15 16:00:00,72.69,72.69,72.69,72.69,29470
2026-04-15 16:05:00,72.55,72.55,72.55,72.55,344
2026-04-15 16:40:00,72.57,72.57,72.57,72.57,200
2026-04-15 16:45:00,72.68,72.68,72.68,72.68,261
2026-04-15 18:05:00,72.7523,72.7523,72.7523,72.7523,130
2026-04-15 19:15:00,72.65,72.65,72.65,72.65,100
2026-04-15 19:20:00,72.65,72.67,72.65,72.67,980
2026-04-16 04:00:00,73.09,73.09,72.71,72.71,5170
2026-04-16 08:00:00,72.43,72.43,72.43,72.43,125
2026-04-16 08:10:00,72.36,72.36,72.36,72.36,200
2026-04-16 08:25:00,72.4,72.4,72.4,72.4,293
2026-04-16 08:30:00,72.45,72.45,72.44,72.44,200
2026-04-16 08:35:00,72.0126,72.0126,72.0126,72.0126,329
2026-04-16 09:20:00,72.29,72.3,72.2,72.2,3875
2026-04-16 09:25:00,72.38,72.39,72.38,72.39,200
2026-04-16 09:30:00,72.55,72.68,72,72.68,17714
2026-04-16 09:35:00,72.64,72.64,72.21,72.41,4975
2026-04-16 09:40:00,72.44,72.825,72.42,72.605,14329
2026-04-16 09:45:00,72.585,72.645,72.5,72.645,4223
2026-04-16 09:50:00,72.64,72.64,72.05,72.06,6606
2026-04-16 09:55:00,72.06,72.48,72.06,72.48,5560
2026-04-16 10:00:00,72.48,72.7,72.45,72.7,9192
2026-04-16 10:05:00,72.69,72.81,72.62,72.665,2721
2026-04-16 10:10:00,72.675,72.83,72.67,72.75,2477
2026-04-16 10:15:00,72.73,72.74,72.555,72.58,1968
2026-04-16 10:20:00,72.545,72.68,72.54,72.68,4100
2026-04-16 10:25:00,72.66,72.81,72.65,72.81,1855
2026-04-16 10:30:00,72.71,72.83,72.71,72.83,1715
2026-04-16 10:35:00,72.77,72.8399,72.77,72.8101,3122
2026-04-16 10:40:00,72.82,72.85,72.75,72.829,2962
2026-04-16 10:45:00,72.865,73.05,72.865,73.05,3049
2026-04-16 10:50:00,72.99,73.1301,72.99,73.03,1518
2026-04-16 10:55:00,73.04,73.13,73.04,73.11,1715
2026-04-16 11:00:00,73.1513,73.42,73.1513,73.38,1681
2026-04-16 11:05:00,73.41,73.5,73.4,73.49,936
2026-04-16 11:10:00,73.5,73.55,73.44,73.44,4163
2026-04-16 11:15:00,73.45,73.525,73.39,73.39,55566
2026-04-16 11:20:00,73.46,73.48,73.43,73.46,4281
2026-04-16 11:25:00,73.41,73.48,73.37,73.38,17453
2026-04-16 11:30:00,73.35,73.465,73.345,73.465,3514
2026-04-16 11:35:00,73.545,73.66,73.48,73.5812,3761
2026-04-16 11:40:00,73.585,73.585,73.49,73.55,5319
2026-04-16 11:45:00,73.53,73.56,73.33,73.33,3245
2026-04-16 11:50:00,73.36,73.42,73.3299,73.38,2458
2026-04-16 11:55:00,73.38,73.52,73.38,73.505,500
2026-04-16 12:00:00,73.51,73.5101,73.415,73.43,1516
2026-04-16 12:05:00,73.44,73.45,73.3999,73.45,3369
2026-04-16 12:10:00,73.45,73.5194,73.45,73.51,1907
2026-04-16 12:15:00,73.52,73.56,73.5,73.55,4091
2026-04-16 12:20:00,73.59,73.6,73.43,73.44,3049
2026-04-16 12:25:00,73.46,73.4832,73.39,73.39,2148
2026-04-16 12:30:00,73.375,73.375,72.96,73.12,7190
2026-04-16 12:35:00,73.11,73.23,73.11,73.23,2825
2026-04-16 12:40:00,73.3066,73.3066,73.175,73.175,2000
2026-04-16 12:45:00,73.26,73.3378,73.24,73.32,5104
2026-04-16 12:50:00,73.34,73.4,73.27,73.27,2860
2026-04-16 12:55:00,73.27,73.33,73.27,73.27,1388
2026-04-16 13:00:00,73.24,73.31,73.23,73.23,2647
2026-04-16 13:05:00,73.184,73.24,73.14,73.24,2814
2026-04-16 13:10:00,73.2585,73.27,73.14,73.14,2344
2026-04-16 13:15:00,73.1,73.16,73.1,73.128,1055
2026-04-16 13:20:00,73.14,73.25,73.12,73.25,3870
2026-04-16 13:25:00,73.3,73.33,73.26,73.26,2432
2026-04-16 13:30:00,73.29,73.37,73.26,73.37,2221
2026-04-16 13:35:00,73.3,73.325,73.28,73.32,1558
2026-04-16 13:40:00,73.35,73.35,73.33,73.33,1128
2026-04-16 13:45:00,73.33,73.33,73.28,73.32,830
2026-04-16 13:50:00,73.3,73.3,73.25,73.25,1770
2026-04-16 13:55:00,73.21,73.21,73.07,73.1,1700
2026-04-16 14:00:00,73.12,73.2028,73.1,73.12,3368
2026-04-16 14:05:00,73.09,73.1,72.91,72.91,1696
2026-04-16 14:10:00,72.92,73.04,72.88,73.03,857
2026-04-16 14:15:00,73.06,73.06,72.97,73.05,1750
2026-04-16 14:20:00,73.03,73.08,72.99,72.99,800
2026-04-16 14:25:00,72.93,72.93,72.83,72.83,1540
2026-04-16 14:30:00,72.91,72.99,72.91,72.97,6884
2026-04-16 14:35:00,73.005,73.1,72.99,73.07,4149
2026-04-16 14:40:00,73.11,73.12,73.09,73.12,2590
2026-04-16 14:45:00,73.19,73.19,73.16,73.16,499
2026-04-16 14:50:00,73.15,73.17,73.11,73.14,2099
2026-04-16 14:55:00,73.13,73.15,73.1,73.12,5405
2026-04-16 15:00:00,73.21,73.3,73.21,73.3,3047
2026-04-16 15:05:00,73.29,73.33,73.25,73.25,2088
2026-04-16 15:10:00,73.2899,73.3,73.25,73.27,1413
2026-04-16 15:15:00,73.305,73.37,73.3,73.36,2832
2026-04-16 15:20:00,73.35,73.37,73.34,73.35,2281
2026-04-16 15:25:00,73.34,73.34,73.32,73.32,903
2026-04-16 15:30:00,73.31,73.34,73.3,73.33,8082
2026-04-16 15:35:00,73.32,73.36,73.27,73.345,3494
2026-04-16 15:40:00,73.34,73.39,73.33,73.33,2236
2026-04-16 15:45:00,73.33,73.37,73.33,73.35,3942
2026-04-16 15:50:00,73.37,73.45,73.255,73.3,23190
2026-04-16 15:55:00,73.31,73.43,73.23,73.41,52412
2026-04-16 16:00:00,73.42,73.48,73.42,73.48,11227
2026-04-16 16:15:00,73.26,73.26,73.22,73.22,341
2026-04-16 17:10:00,73.3,73.3,73.3,73.3,150
2026-04-16 17:25:00,73.36,73.36,73.36,73.36,100
2026-04-16 19:45:00,73.3519,73.3519,73.3519,73.3519,232
2026-04-17 04:00:00,73.08,73.4,73.08,73.4,1066
2026-04-17 07:05:00,73.98,73.98,73.98,73.98,100
2026-04-17 07:55:00,73.96,73.96,73.96,73.96,100
2026-04-17 08:00:00,73.96,73.96,73.96,73.96,100
2026-04-17 08:15:00,74.06,74.06,74.06,74.06,202
2026-04-17 08:30:00,74.204,74.204,74.204,74.204,200
2026-04-17 08:35:00,74.219,74.219,74.219,74.219,100
2026-04-17 08:45:00,74.23,74.23,74.23,74.23,236
2026-04-17 08:50:00,74.49,74.807,74.49,74.807,300
2026-04-17 09:00:00,74.9144,74.9144,74.9144,74.9144,140
2026-04-17 09:10:00,75.32,75.32,75.32,75.32,200
2026-04-17 09:15:00,75.32,75.32,75.219,75.219,800
2026-04-17 09:30:00,74.7,74.7,74.213,74.51,14887
2026-04-17 09:35:00,74.52,74.72,74.5,74.63,12210
2026-04-17 09:40:00,74.51,74.59,74.28,74.48,48271
2026-04-17 09:45:00,74.45,74.45,74.18,74.4,36186
2026-04-17 09:50:00,74.42,74.53,74.31,74.38,12722
2026-04-17 09:55:00,74.37,74.465,74.13,74.425,37559
2026-04-17 10:00:00,74.45,74.52,74.43,74.44,7389
2026-04-17 10:05:00,74.48,74.73,74.48,74.73,1260
2026-04-17 10:10:00,74.79,74.9,74.79,74.83,5104
2026-04-17 10:15:00,74.79,74.79,74.67,74.67,2572
2026-04-17 10:20:00,74.64,74.64,74.49,74.51,2379
2026-04-17 10:25:00,74.58,74.645,74.58,74.59,4092
2026-04-17 10:30:00,74.65,74.78,74.63,74.78,11633
2026-04-17 10:35:00,74.74,74.76,74.63,74.74,9197
2026-04-17 10:40:00,74.76,74.91,74.75,74.87,11299
2026-04-17 10:45:00,74.865,74.98,74.85,74.98,5568
2026-04-17 10:50:00,74.98,74.98,74.75,74.7699,5686
2026-04-17 10:55:00,74.76,74.789,74.64,74.64,15138
2026-04-17 11:00:00,74.64,74.74,74.57,74.665,10820
2026-04-17 11:05:00,74.72,74.81,74.68,74.81,2900
2026-04-17 11:10:00,74.81,74.82,74.77,74.79,11935
2026-04-17 11:15:00,74.83,74.95,74.81,74.85,13017
2026-04-17 11:20:00,74.86,74.88,74.8,74.84,8894
2026-04-17 11:25:00,74.85,74.86,74.81,74.86,3127
2026-04-17 11:30:00,74.86,74.99,74.86,74.95,12093
2026-04-17 11:35:00,74.95,74.98,74.89,74.97,5980
2026-04-17 11:40:00,74.95,74.95,74.81,74.81,6412
2026-04-17 11:45:00,74.83,74.96,74.83,74.92,18558
2026-04-17 11:50:00,74.91,74.96,74.86,74.88,10520
2026-04-17 11:55:00,74.88,74.9,74.64,74.64,9277
2026-04-17 12:00:00,74.65,74.8,74.585,74.77,22001
2026-04-17 12:05:00,74.82,74.9,74.8,74.87,6920
2026-04-17 12:10:00,74.87,75.01,74.87,74.99,7081
2026-04-17 12:15:00,74.98,75.03,74.95,74.97,10865
2026-04-17 12:20:00,74.99,75.02,74.98,75.02,6199
2026-04-17 12:25:00,75.01,75.04,74.995,75.04,5054
2026-04-17 12:30:00,75.05,75.12,75.04,75.06,6271
2026-04-17 12:35:00,75.055,75.12,75.055,75.08,6766
2026-04-17 12:40:00,75.07,75.07,74.99,75.02,5114
2026-04-17 12:45:00,75.03,75.1,75.03,75.0784,4739
2026-04-17 12:50:00,75.07,75.08,75,75,5588
2026-04-17 12:55:00,74.99,74.99,74.94,74.96,3410
2026-04-17 13:00:00,74.95,75.03,74.9499,75.025,3600
2026-04-17 13:05:00,75.0299,75.05,74.8,74.91,15984
2026-04-17 13:10:00,74.93,74.95,74.86,74.95,6625
2026-04-17 13:15:00,74.98,74.9998,74.88,74.885,3437
2026-04-17 13:20:00,74.86,74.91,74.56,74.65,26259
2026-04-17 13:25:00,74.68,74.74,74.56,74.7,25814
2026-04-17 13:30:00,74.7,74.82,74.68,74.71,19181
2026-04-17 13:35:00,74.71,74.8,74.68,74.72,9497
2026-04-17 13:40:00,74.75,74.8,74.75,74.795,9546
2026-04-17 13:45:00,74.79,74.95,74.79,74.94,3980
2026-04-17 13:50:00,74.92,74.95,74.91,74.94,7568
2026-04-17 13:55:00,74.96,74.98,74.905,74.905,5313
2026-04-17 14:00:00,74.91,74.935,74.82,74.87,2256
2026-04-17 14:05:00,74.87,74.87,74.76,74.78,6053
2026-04-17 14:10:00,74.81,74.86,74.8,74.81,9574
2026-04-17 14:15:00,74.815,74.91,74.81,74.87,9822
2026-04-17 14:20:00,74.86,74.93,74.79,74.92,21186
2026-04-17 14:25:00,74.91,74.99,74.87,74.89,93816
2026-04-17 14:30:00,74.88,74.95,74.875,74.94,167526
2026-04-17 14:35:00,74.93,74.94,74.92,74.92,5146
2026-04-17 14:40:00,74.92,74.93,74.855,74.93,5946
2026-04-17 14:45:00,74.94,74.99,74.93,74.94,7055
2026-04-17 14:50:00,74.93,74.935,74.83,74.87,9568
2026-04-17 14:55:00,74.86,74.94,74.86,74.92,6773
2026-04-17 15:00:00,74.9,74.929,74.86,74.86,4209
2026-04-17 15:05:00,74.86,74.88,74.8,74.81,6583
2026-04-17 15:10:00,74.8127,74.82,74.71,74.755,13552
2026-04-17 15:15:00,74.74,74.82,74.74,74.78,5094
2026-04-17 15:20:00,74.78,74.8,74.77,74.8,5631
2026-04-17 15:25:00,74.81,74.87,74.78,74.79,10061
2026-04-17 15:30:00,74.82,74.91,74.8,74.89,12145
2026-04-17 15:35:00,74.88,74.9,74.79,74.89,16549
2026-04-17 15:40:00,74.895,74.95,74.86,74.94,19997
2026-04-17 15:45:00,74.97,74.97,74.92,74.96,10018
2026-04-17 15:50:00,74.98,75.1,74.93,75.1,38787
2026-04-17 15:55:00,75.11,75.22,75.1,75.2,54148
2026-04-17 16:00:00,75.21,75.21,75.21,75.21,35717
2026-04-17 16:15:00,75.21,75.21,75.21,75.21,200
2026-04-17 17:10:00,75.23,75.23,75.23,75.23,500
2026-04-17 17:15:00,75.243,75.243,75.239,75.24,300
2026-04-17 17:25:00,75.2,75.2,75.2,75.2,496
2026-04-17 17:30:00,75.25,75.25,75.25,75.25,100
2026-04-17 17:45:00,75.14,75.14,75.14,75.14,106
2026-04-17 18:25:00,75.18,75.18,75.18,75.18,200
2026-04-17 18:30:00,75.15,75.15,75.12,75.12,200
2026-04-17 19:45:00,75.15,75.15,75.15,75.15,235
2026-04-17 19:50:00,75.21,75.21,75.21,75.21,100
2026-04-20 07:00:00,74.92,74.92,74.89,74.9,849
2026-04-20 07:05:00,74.8503,74.8503,74.8503,74.8503,1000
2026-04-20 07:20:00,75.08,75.08,75.08,75.08,200
2026-04-20 07:45:00,75.08,75.08,75.08,75.08,335
2026-04-20 07:50:00,75.08,75.08,75.08,75.08,137
2026-04-20 08:00:00,75,75,75,75,165
2026-04-20 08:15:00,75.1,75.1,75.1,75.1,1000
2026-04-20 08:30:00,75.01,75.2,75.01,75.2,871
2026-04-20 08:45:00,75.14,75.14,75.14,75.14,160
2026-04-20 09:00:00,75.31,75.31,75.31,75.31,100
2026-04-20 09:10:00,75.31,75.31,75.31,75.31,100
2026-04-20 09:25:00,75.4,75.44,75.4,75.44,894
2026-04-20 09:30:00,75.55,75.73,75.2,75.43,32884
2026-04-20 09:35:00,75.36,75.36,75.1,75.13,14177
2026-04-20 09:40:00,75.18,75.27,75.09,75.24,14997
2026-04-20 09:45:00,75.2,75.25,75,75,12036
2026-04-20 09:50:00,74.98,75.19,74.98,75.07,7683
2026-04-20 09:55:00,75.21,75.2706,75.19,75.1983,4035
2026-04-20 10:00:00,75.22,75.24,74.99,74.99,13437
2026-04-20 10:05:00,75.015,75.09,75,75.08,28032
2026-04-20 10:10:00,75.15,75.2,75.06,75.15,32187
2026-04-20 10:15:00,75.07,75.08,74.9201,75.01,65015
2026-04-20 10:20:00,75.12,75.145,75.12,75.1399,18514
2026-04-20 10:25:00,75.15,75.16,75.1,75.12,19181
2026-04-20 10:30:00,75.07,75.11,75.049,75.11,5026
2026-04-20 10:35:00,75.06,75.22,75.06,75.22,1255
2026-04-20 10:40:00,75.18,75.18,75,75.1,2395
2026-04-20 10:45:00,75.0603,75.09,75.06,75.07,1377
2026-04-20 10:50:00,75.08,75.08,74.64,74.85,22569
2026-04-20 10:55:00,74.8571,74.8571,74.67,74.72,5133
2026-04-20 11:00:00,74.79,74.83,74.61,74.61,2810
2026-04-20 11:05:00,74.66,74.66,74.485,74.64,13884
2026-04-20 11:10:00,74.64,74.79,74.64,74.73,1900
2026-04-20 11:15:00,74.73,74.86,74.655,74.83,820
2026-04-20 11:20:00,74.87,75.05,74.87,75.02,2540
2026-04-20 11:25:00,75.03,75.14,74.99,75.14,3671
2026-04-20 11:30:00,75.08,75.09,75.03,75.045,4461
2026-04-20 11:35:00,75.01,75.07,74.995,75.03,4315
2026-04-20 11:40:00,75.06,75.08,74.93,74.95,3453
2026-04-20 11:45:00,74.93,75.01,74.93,74.95,1348
2026-04-20 11:50:00,74.88,74.94,74.83,74.92,4299
2026-04-20 11:55:00,74.94,74.9716,74.94,74.9716,3516
2026-04-20 12:00:00,74.95,74.95,74.81,74.81,7340
2026-04-20 12:05:00,74.88,74.96,74.88,74.95,1674
2026-04-20 12:10:00,74.97,75,74.96,74.965,1683
2026-04-20 12:15:00,74.95,74.95,74.9,74.94,1666
2026-04-20 12:20:00,75.0372,75.0372,74.97,74.99,885
2026-04-20 12:25:00,74.98,74.98,74.91,74.95,1010
2026-04-20 12:30:00,74.935,75.01,74.935,75.01,1378
2026-04-20 12:35:00,74.97,74.97,74.875,74.91,3101
2026-04-20 12:40:00,74.9199,75,74.9199,74.99,3080
2026-04-20 12:45:00,74.98,75.02,74.97,74.97,9386
2026-04-20 12:50:00,74.98,74.99,74.915,74.99,1030
2026-04-20 12:55:00,75,75,74.925,74.975,3694
2026-04-20 13:00:00,74.985,75.02,74.95,74.99,2610
2026-04-20 13:05:00,74.9751,75.02,74.96,75,1485
2026-04-20 13:10:00,75.0091,75.01,74.9725,75.01,1779
2026-04-20 13:15:00,75,75.075,74.9922,75.075,4852
2026-04-20 13:20:00,75.07,75.07,75.035,75.05,2727
2026-04-20 13:25:00,75.035,75.04,74.98,74.98,1940
2026-04-20 13:30:00,74.98,75.03,74.96,75.03,1240
2026-04-20 13:35:00,75.03,75.06,75.02,75.05,9008
2026-04-20 13:40:00,75.05,75.08,75.04,75.08,1834
2026-04-20 13:45:00,75.1,75.16,75.1,75.16,1474
2026-04-20 13:50:00,75.19,75.22,75.15,75.22,900
2026-04-20 13:55:00,75.22,75.22,75.17,75.17,1100
2026-04-20 14:00:00,75.18,75.27,75.18,75.23,3662
2026-04-20 14:05:00,75.24,75.2681,75.22,75.2681,2213
2026-04-20 14:10:00,75.25,75.26,75.17,75.24,13233
2026-04-20 14:15:00,75.22,75.27,75.219,75.27,3335
2026-04-20 14:20:00,75.28,75.31,75.26,75.31,5872
2026-04-20 14:25:00,75.32,75.38,75.31,75.37,15157
2026-04-20 14:30:00,75.37,75.37,75.32,75.34,2677
2026-04-20 14:35:00,75.34,75.34,75.24,75.24,3818
2026-04-20 14:40:00,75.24,75.365,75.24,75.365,2154
2026-04-20 14:45:00,75.36,75.421,75.36,75.421,1089
2026-04-20 14:50:00,75.41,75.43,75.39,75.42,2892
2026-04-20 14:55:00,75.45,75.49,75.45,75.475,2073
2026-04-20 15:00:00,75.475,75.52,75.475,75.51,2239
2026-04-20 15:05:00,75.56,75.58,75.55,75.58,2911
2026-04-20 15:10:00,75.57,75.58,75.555,75.57,1768
2026-04-20 15:15:00,75.56,75.56,75.47,75.49,1000
2026-04-20 15:20:00,75.49,75.52,75.47,75.47,3770
2026-04-20 15:25:00,75.4625,75.47,75.41,75.4582,4084
2026-04-20 15:30:00,75.46,75.47,75.405,75.405,1300
2026-04-20 15:35:00,75.385,75.47,75.385,75.47,1500
2026-04-20 15:40:00,75.4902,75.51,75.45,75.45,5394
2026-04-20 15:45:00,75.46,75.51,75.46,75.51,8563
2026-04-20 15:50:00,75.52,75.53,75.395,75.44,23799
2026-04-20 15:55:00,75.45,75.55,75.43,75.54,13636
2026-04-20 16:00:00,75.54,75.54,75.54,75.54,35748
2026-04-20 16:05:00,75.54,75.54,75.5393,75.5393,1700
2026-04-20 16:10:00,75.46,75.46,75.46,75.46,112
2026-04-20 16:30:00,75.53,75.53,75.53,75.53,265
2026-04-20 16:35:00,75.65,75.65,75.65,75.65,100
2026-04-20 16:45:00,75.89,75.89,75.89,75.89,412
2026-04-20 16:55:00,75.85,75.86,75.85,75.86,600
2026-04-20 17:00:00,75.84,75.88,75.84,75.88,600
2026-04-20 17:15:00,75.8,75.8,75.8,75.8,100
2026-04-20 17:45:00,75.8426,75.8426,75.8426,75.8426,100
2026-04-20 18:10:00,75.88,75.88,75.88,75.88,250
2026-04-20 18:35:00,75.8,75.8,75.8,75.8,999
2026-04-21 04:00:00,75.86,76.67,75.86,76.67,2298
2026-04-21 05:55:00,77.2623,77.2623,77.2623,77.2623,194
2026-04-21 06:00:00,76.43,76.43,76.43,76.43,100
2026-04-21 06:35:00,76.42,76.42,76.42,76.42,118
2026-04-21 07:00:00,76.57,76.6,76.42,76.5,1472
2026-04-21 07:05:00,76.4,76.4,76.4,76.4,125
2026-04-21 07:10:00,76.52,76.52,76.52,76.52,500
2026-04-21 07:15:00,76.26,76.5,76.26,76.5,490
2026-04-21 07:20:00,76.28,76.28,76.28,76.28,123
2026-04-21 07:25:00,76.43,76.43,76.43,76.43,200
2026-04-21 07:30:00,76.48,76.48,76.48,76.48,522
2026-04-21 08:35:00,76.26,76.26,76.26,76.26,200
2026-04-21 08:40:00,76.15,76.15,76.15,76.15,100
2026-04-21 08:45:00,76.15,76.15,76.15,76.15,131
2026-04-21 09:10:00,76.05,76.05,76.05,76.05,200
2026-04-21 09:25:00,76.03,76.05,76.03,76.05,303
2026-04-21 09:30:00,76.16,76.41,75.99,76.16,58230
2026-04-21 09:35:00,76.26,76.34,76.15,76.31,55102
2026-04-21 09:40:00,76.31,76.31,76.05,76.14,25830
2026-04-21 09:45:00,76.16,76.18,75.99,76.05,41372
2026-04-21 09:50:00,76.02,76.23,75.98,76.16,18423
2026-04-21 09:55:00,76.17,76.25,76.17,76.22,21874
2026-04-21 10:00:00,76.14,76.34,76.14,76.34,13646
2026-04-21 10:05:00,76.39,76.5,76.39,76.48,13253
2026-04-21 10:10:00,76.4,76.48,76.365,76.42,72040
2026-04-21 10:15:00,76.42,76.505,76.38,76.43,14204
2026-04-21 10:20:00,76.4,76.4,76.26,76.365,19029
2026-04-21 10:25:00,76.37,76.4,76.21,76.28,5326
2026-04-21 10:30:00,76.29,76.295,76.1,76.21,20365
2026-04-21 10:35:00,76.2,76.2999,76.125,76.26,9549
2026-04-21 10:40:00,76.2799,76.29,76.17,76.24,29497
2026-04-21 10:45:00,76.2,76.2,76.08,76.15,21831
2026-04-21 10:50:00,76.12,76.12,75.98,75.98,11665
2026-04-21 10:55:00,75.94,75.96,75.61,75.65,13171
2026-04-21 11:00:00,75.63,75.66,75.35,75.44,44292
2026-04-21 11:05:00,75.45,75.75,75.29,75.73,32122
2026-04-21 11:10:00,75.76,75.95,75.76,75.9,15842
2026-04-21 11:15:00,75.89,76.0751,75.8,76.0751,13957
2026-04-21 11:20:00,76.09,76.16,76,76,12574
2026-04-21 11:25:00,75.74,75.81,75.73,75.74,2263
2026-04-21 11:30:00,75.8,75.99,75.8,75.9,29103
2026-04-21 11:35:00,75.88,75.92,75.73,75.92,8214
2026-04-21 11:40:00,75.94,75.97,75.83,75.96,2747
2026-04-21 11:45:00,75.9,76.03,75.88,75.95,5203
2026-04-21 11:50:00,75.92,75.92,75.855,75.88,4275
2026-04-21 11:55:00,75.9,75.98,75.9,75.9291,8271
2026-04-21 12:00:00,75.98,76.22,75.98,76.06,17177
2026-04-21 12:05:00,76.0501,76.1432,76.01,76.14,11913
2026-04-21 12:10:00,76.1,76.13,76.01,76.0954,10232
2026-04-21 12:15:00,76.11,76.2001,76.11,76.2,2772
2026-04-21 12:20:00,76.16,76.21,76.12,76.12,2212
2026-04-21 12:25:00,76.0899,76.11,76.0698,76.0698,1940
2026-04-21 12:30:00,76.06,76.14,76.06,76.12,1931
2026-04-21 12:35:00,76.16,76.16,75.999,76,3188
2026-04-21 12:40:00,75.94,75.94,75.78,75.78,1235
2026-04-21 12:45:00,75.85,76.01,75.85,76.01,5419
2026-04-21 12:50:00,75.94,75.94,75.92,75.9301,1600
2026-04-21 12:55:00,75.92,75.92,75.84,75.84,5809
2026-04-21 13:00:00,75.93,75.99,75.93,75.97,1044
2026-04-21 13:05:00,75.95,75.98,75.73,75.93,32550
2026-04-21 13:10:00,75.93,75.93,75.69,75.77,20759
2026-04-21 13:15:00,75.7599,75.81,75.64,75.65,4771
2026-04-21 13:20:00,75.59,75.7,75.59,75.7,1386
2026-04-21 13:25:00,75.77,75.78,75.68,75.69,7387
2026-04-21 13:30:00,75.76,75.88,75.76,75.85,4010
2026-04-21 13:35:00,75.85,76.14,75.85,76.08,24676
2026-04-21 13:40:00,76.05,76.24,76.05,76.12,36802
2026-04-21 13:45:00,76.11,76.13,75.99,76.08,8307
2026-04-21 13:50:00,76.1,76.105,76,76,2703
2026-04-21 13:55:00,75.98,76,75.94,75.98,4981
2026-04-21 14:00:00,76.05,76.09,76.05,76.05,2359
2026-04-21 14:05:00,76.09,76.1041,76.08,76.08,450
2026-04-21 14:10:00,76.08,76.13,76.08,76.13,593
2026-04-21 14:15:00,76.1272,76.15,75.86,75.942,43823
2026-04-21 14:20:00,75.94,75.99,75.92,75.95,2970
2026-04-21 14:25:00,75.94,75.96,75.895,75.895,1260
2026-04-21 14:30:00,75.949,76.01,75.949,75.99,2060
2026-04-21 14:35:00,75.98,75.98,75.96,75.98,1641
2026-04-21 14:40:00,76,76.025,75.99,76,1406
2026-04-21 14:45:00,75.9708,76,75.9708,76,943
2026-04-21 14:50:00,75.99,76.24,75.97,76.21,15158
2026-04-21 14:55:00,76.16,76.24,76.09,76.12,26122
2026-04-21 15:00:00,76.18,76.24,76.16,76.24,9598
2026-04-21 15:05:00,76.27,76.31,76.26,76.266,7250
2026-04-21 15:10:00,76.28,76.41,76.17,76.25,35640
2026-04-21 15:15:00,76.27,76.32,76.19,76.24,19562
2026-04-21 15:20:00,76.26,76.36,76.25,76.36,11786
2026-04-21 15:25:00,76.4,76.41,76.34,76.3685,9254
2026-04-21 15:30:00,76.39,76.42,76.34,76.36,5598
2026-04-21 15:35:00,76.39,76.39,76.15,76.21,17239
2026-04-21 15:40:00,76.17,76.22,75.5,75.59,70500
2026-04-21 15:45:00,75.59,75.77,75.56,75.72,24377
2026-04-21 15:50:00,75.73,75.86,75.64,75.64,70400
2026-04-21 15:55:00,75.63,75.95,75.62,75.93,66788
2026-04-21 16:00:00,75.93,75.93,75.93,75.93,22993
2026-04-21 16:05:00,75.77,76,75.77,76,530
2026-04-21 16:10:00,76.23,76.23,76.23,76.23,100
2026-04-21 16:20:00,76.38,76.38,76.2638,76.2638,300
2026-04-21 16:25:00,76.41,76.41,76.41,76.41,100
2026-04-21 16:55:00,76.38,76.38,76.38,76.38,150
2026-04-21 17:00:00,76.3532,76.3532,76.3532,76.3532,100
2026-04-21 17:45:00,76.35,76.35,76.35,76.35,100
2026-04-21 18:00:00,76.27,76.27,76.25,76.25,300
2026-04-21 18:15:00,76.251,76.251,76.251,76.251,134
2026-04-21 18:50:00,76.36,76.36,76.36,76.36,1317
2026-04-21 18:55:00,76.36,76.36,76.36,76.36,100
2026-04-21 19:25:00,76.4,76.4,76.4,76.4,100
2026-04-21 19:30:00,76.4666,76.4666,76.4666,76.4666,480
2026-04-21 19:50:00,76.48,76.48,76.48,76.48,100
2026-04-22 04:00:00,77.34,77.34,77.34,77.34,100
2026-04-22 05:40:00,76.92,76.92,76.92,76.92,100
2026-04-22 05:55:00,76.94,77.07,76.93,77.07,300
2026-04-22 07:00:00,76.83,76.83,76.83,76.83,147
2026-04-22 07:05:00,77.0663,77.0663,77.0663,77.0663,334
2026-04-22 08:00:00,77.03,77.03,77.03,77.03,100
2026-04-22 08:05:00,77.05,77.13,77.01,77.1225,1890
2026-04-22 08:15:00,77.25,77.25,77.25,77.25,281
2026-04-22 08:25:00,77.21,77.21,77.21,77.21,978
2026-04-22 08:50:00,77.12,77.1797,77.12,77.1266,1260
2026-04-22 09:00:00,77.05,77.05,77.05,77.05,200
2026-04-22 09:10:00,76.91,76.91,76.91,76.91,192
2026-04-22 09:25:00,77.16,77.16,77.16,77.16,100
2026-04-22 09:30:00,77.18,77.3499,76.96,77.12,27790
2026-04-22 09:35:00,77.11,77.17,76.82,76.82,19257
2026-04-22 09:40:00,76.83,77.01,76.83,76.97,18431
2026-04-22 09:45:00,76.91,76.93,76.57,76.66,96194
2026-04-22 09:50:00,76.66,76.78,76.41,76.72,93843
2026-04-22 09:55:00,76.71,76.71,76.34,76.56,48679
2026-04-22 10:00:00,76.62,76.73,76.48,76.57,38085
2026-04-22 10:05:00,76.55,76.55,76.435,76.45,64898
2026-04-22 10:10:00,76.5,76.73,76.46,76.73,5085
2026-04-22 10:15:00,76.73,76.8207,76.715,76.76,3000
2026-04-22 10:20:00,76.77,77.03,76.77,76.91,6512
2026-04-22 10:25:00,76.96,76.98,76.9,76.9228,5064
2026-04-22 10:30:00,76.96,77,76.87,76.92,4200
2026-04-22 10:35:00,76.905,77.17,76.89,77.17,40514
2026-04-22 10:40:00,77.16,77.18,77,77.089,16993
2026-04-22 10:45:00,77.13,77.22,77.12,77.12,2592
2026-04-22 10:50:00,77.13,77.13,77.01,77.07,4455
2026-04-22 10:55:00,77.11,77.11,77.055,77.0899,1589
2026-04-22 11:00:00,77.09,77.1,76.98,77.02,4182
2026-04-22 11:05:00,77.03,77.12,77.03,77.07,1441
2026-04-22 11:10:00,77.025,77.06,77.025,77.06,1948
2026-04-22 11:15:00,77.08,77.13,77.0701,77.13,4622
2026-04-22 11:20:00,77.14,77.205,77.13,77.2,2840
2026-04-22 11:25:00,77.22,77.2685,77.17,77.25,4414
2026-04-22 11:30:00,77.24,77.337,77.23,77.337,3744
2026-04-22 11:35:00,77.31,77.38,77.26,77.37,3071
2026-04-22 11:40:00,77.37,77.37,77.14,77.15,5916
2026-04-22 11:45:00,77.13,77.34,77.13,77.335,2430
2026-04-22 11:50:00,77.32,77.32,77.29,77.3,2180
2026-04-22 11:55:00,77.29,77.3,77.18,77.18,1513
2026-04-22 12:00:00,77.23,77.32,77.18,77.32,2290
2026-04-22 12:05:00,77.34,77.34,77.27,77.285,2528
2026-04-22 12:10:00,77.3,77.35,77.28,77.34,3507
2026-04-22 12:15:00,77.35,77.37,77.23,77.23,11999
2026-04-22 12:20:00,77.245,77.42,77.245,77.4,3838
2026-04-22 12:25:00,77.38,77.4158,77.33,77.33,2466
2026-04-22 12:30:00,77.32,77.38,77.2845,77.3599,6446
2026-04-22 12:35:00,77.38,77.42,77.38,77.4,2171
2026-04-22 12:40:00,77.405,77.405,77.31,77.36,3258
2026-04-22 12:45:00,77.37,77.43,77.37,77.41,1500
2026-04-22 12:50:00,77.42,77.46,77.4,77.45,1986
2026-04-22 12:55:00,77.44,77.44,77.37,77.37,1500
2026-04-22 13:00:00,77.4101,77.5,77.4101,77.495,3366
2026-04-22 13:05:00,77.55,77.57,77.55,77.56,1586
2026-04-22 13:10:00,77.61,77.7,77.61,77.62,1325
2026-04-22 13:15:00,77.6492,77.6492,77.58,77.6,2175
2026-04-22 13:20:00,77.61,77.74,77.61,77.74,1557
2026-04-22 13:25:00,77.74,77.7699,77.71,77.71,1509
2026-04-22 13:30:00,77.74,77.77,77.73,77.76,3266
2026-04-22 13:35:00,77.75,77.78,77.745,77.78,1930
2026-04-22 13:40:00,77.79,77.81,77.78,77.81,1776
2026-04-22 13:45:00,77.8297,77.83,77.76,77.83,2636
2026-04-22 13:50:00,77.84,77.88,77.84,77.84,705
2026-04-22 13:55:00,77.855,77.86,77.81,77.855,5020
2026-04-22 14:00:00,77.81,77.87,77.8,77.845,1803
2026-04-22 14:05:00,77.85,77.85,77.8,77.8084,5125
2026-04-22 14:10:00,77.79,77.8546,77.79,77.81,2553
2026-04-22 14:15:00,77.8,77.8,77.71,77.77,7495
2026-04-22 14:20:00,77.75,77.75,77.65,77.67,13971
2026-04-22 14:25:00,77.77,77.79,77.73,77.73,1500
2026-04-22 14:30:00,77.8,77.8091,77.8,77.8091,476
2026-04-22 14:35:00,77.77,77.8,77.754,77.8,741
2026-04-22 14:40:00,77.8399,77.875,77.8399,77.8601,1265
2026-04-22 14:45:00,77.84,77.905,77.84,77.87,1783
2026-04-22 14:50:00,77.87,77.93,77.87,77.92,1400
2026-04-22 14:55:00,77.89,77.89,77.84,77.86,3458
2026-04-22 15:00:00,77.82,77.82,77.39,77.47,47340
2026-04-22 15:05:00,77.48,77.76,77.45,77.76,7322
2026-04-22 15:10:00,77.78,77.85,77.77,77.85,2300
2026-04-22 15:15:00,77.86,77.96,77.83,77.96,4412
2026-04-22 15:20:00,77.96,77.97,77.83,77.83,7376
2026-04-22 15:25:00,77.85,77.94,77.84,77.85,6240
2026-04-22 15:30:00,77.84,77.915,77.74,77.91,5048
2026-04-22 15:35:00,77.89,77.91,77.84,77.85,17481
2026-04-22 15:40:00,77.86,77.94,77.86,77.94,5771
2026-04-22 15:45:00,77.93,77.96,77.89,77.94,15004
2026-04-22 15:50:00,77.95,78.02,77.84,77.94,58076
2026-04-22 15:55:00,77.93,77.99,77.89,77.98,36387
2026-04-22 16:00:00,77.98,78.49,77.97,78.49,40724
2026-04-22 16:05:00,77.99,78.65,77.99,78.65,420
2026-04-22 16:10:00,78.8674,78.8674,78.8674,78.8674,700
2026-04-22 16:15:00,78.77,78.77,78.52,78.55,950
2026-04-22 16:20:00,78.81,78.81,78.6,78.6,1627
2026-04-22 16:25:00,78.6,78.6,78.6,78.6,100
2026-04-22 16:30:00,78.69,78.69,78.69,78.69,103
2026-04-22 17:00:00,78.8,78.8,78.8,78.8,125
2026-04-22 17:10:00,78.67,78.67,78.67,78.67,700
2026-04-22 18:15:00,78.9,78.9,78.9,78.9,100
2026-04-22 18:35:00,78.88,78.88,78.88,78.88,100
2026-04-22 18:45:00,78.88,78.88,78.88,78.88,110
2026-04-22 18:55:00,78.9121,78.9121,78.9121,78.9121,100
2026-04-22 19:05:00,78.85,78.85,78.85,78.85,100
2026-04-22 19:55:00,78.9,78.9,78.9,78.9,150
2026-04-23 04:00:00,78.5,78.5,78.5,78.5,100
2026-04-23 04:20:00,78.48,78.48,78.48,78.48,108
2026-04-23 05:10:00,77.9,77.9,77.9,77.9,100
2026-04-23 06:50:00,78.2,78.2,78.2,78.2,100
2026-04-23 06:55:00,78.45,78.45,78.45,78.45,200
2026-04-23 07:05:00,78.5272,78.5272,78.5272,78.5272,437
2026-04-23 07:15:00,78.4,78.4,78.4,78.4,100
2026-04-23 07:35:00,78.25,78.25,78.25,78.25,200
2026-04-23 07:40:00,78.25,78.25,78.25,78.25,250
2026-04-23 07:55:00,78.39,78.39,78.39,78.39,700
2026-04-23 08:00:00,78.3835,78.3835,78.3835,78.3835,100
2026-04-23 08:05:00,78.4,78.4,78.4,78.4,160
2026-04-23 08:10:00,78.6,78.6,78.6,78.6,100
2026-04-23 08:25:00,78.4679,78.4679,78.4679,78.4679,100
2026-04-23 08:30:00,78.47,78.47,78.47,78.47,925
2026-04-23 08:35:00,78.3662,78.3662,78.3662,78.3662,108
2026-04-23 08:40:00,78.5,78.5,78.5,78.5,100
2026-04-23 08:45:00,78.36,78.36,78.36,78.36,226
2026-04-23 08:55:00,78.37,78.37,78.37,78.37,608
2026-04-23 09:00:00,78.39,78.39,78.39,78.39,198
2026-04-23 09:05:00,78.3,78.37,78.3,78.37,332
2026-04-23 09:15:00,78.3608,78.3608,78.36,78.36,227
2026-04-23 09:30:00,78.42,78.915,78.42,78.775,74898
2026-04-23 09:35:00,78.78,79.41,78.763,79.4044,19284
2026-04-23 09:40:00,79.38,79.64,79.38,79.58,15536
2026-04-23 09:45:00,79.56,79.59,79.38,79.5,8016
2026-04-23 09:50:00,79.52,79.86,79.47,79.71,18816
2026-04-23 09:55:00,79.69,79.69,79.33,79.44,8673
2026-04-23 10:00:00,79.41,79.47,79.13,79.47,19990
2026-04-23 10:05:00,79.45,79.68,79.27,79.67,11049
2026-04-23 10:10:00,79.63,79.6338,79.225,79.225,11800
2026-04-23 10:15:00,79.26,79.4499,79.26,79.399,18117
2026-04-23 10:20:00,79.29,79.47,79.29,79.43,14992
2026-04-23 10:25:00,79.36,79.52,79.36,79.48,14843
2026-04-23 10:30:00,79.57,79.69,79.57,79.59,2783
2026-04-23 10:35:00,79.57,79.73,79.5,79.54,7502
2026-04-23 10:40:00,79.5399,79.54,79.38,79.54,5709
2026-04-23 10:45:00,79.57,79.66,79.53,79.66,3970
2026-04-23 10:50:00,79.58,79.78,79.55,79.7,7043
2026-04-23 10:55:00,79.76,79.82,79.76,79.82,1653
2026-04-23 11:00:00,79.83,79.96,79.8299,79.94,9295
2026-04-23 11:05:00,79.96,80.05,79.88,79.98,6460
2026-04-23 11:10:00,80.02,80.24,80.01,80.24,4052
2026-04-23 11:15:00,80.18,80.2,80.11,80.2,8902
2026-04-23 11:20:00,80.18,80.25,80.13,80.25,6944
2026-04-23 11:25:00,80.2,80.2,80.12,80.12,16501
2026-04-23 11:30:00,80.09,80.3,80.08,80.26,15348
2026-04-23 11:35:00,80.22,80.2268,80.17,80.2268,4108
2026-04-23 11:40:00,80.22,80.3,80.17,80.19,20014
2026-04-23 11:45:00,80.2,80.2,79.97,79.97,6684
2026-04-23 11:50:00,79.94,79.96,79.76,79.76,5563
2026-04-23 11:55:00,79.8,80.01,79.8,79.99,13476
2026-04-23 12:00:00,80.01,80.01,79.66,79.66,9539
2026-04-23 12:05:00,79.67,79.85,79.63,79.76,15348
2026-04-23 12:10:00,79.79,79.99,79.79,79.96,6113
2026-04-23 12:15:00,80.02,80.08,79.98,80.0222,10369
2026-04-23 12:20:00,79.99,80.06,79.92,80.06,5668
2026-04-23 12:25:00,80.0799,80.12,80.07,80.07,2489
2026-04-23 12:30:00,80.09,80.21,80.09,80.21,4187
2026-04-23 12:35:00,80.2662,80.28,80.21,80.21,6013
2026-04-23 12:40:00,80.19,80.26,80.16,80.26,2271
2026-04-23 12:45:00,80.25,80.285,80.16,80.21,5759
2026-04-23 12:50:00,80.198,80.31,80.198,80.2,7341
2026-04-23 12:55:00,80.18,80.24,80.1,80.15,5339
2026-04-23 13:00:00,80.2,80.21,79.8,79.82,21527
2026-04-23 13:05:00,79.8,79.81,79.47,79.49,35395
2026-04-23 13:10:00,79.45,79.5,79.29,79.4,22272
2026-04-23 13:15:00,79.39,79.39,78.98,79.01,16754
2026-04-23 13:20:00,79.0051,79.19,78.94,79.01,11062
2026-04-23 13:25:00,79.02,79.32,78.97,79.07,5790
2026-04-23 13:30:00,79.04,79.22,78.94,79.22,15411
2026-04-23 13:35:00,79.34,79.369,78.99,79.0432,18919
2026-04-23 13:40:00,79.08,79.08,78.37,78.42,30960
2026-04-23 13:45:00,78.43,78.47,78.09,78.37,63142
2026-04-23 13:50:00,78.38,78.86,78.16,78.81,62575
2026-04-23 13:55:00,78.8,79.07,78.75,79.06,28487
2026-04-23 14:00:00,79.08,79.36,78.99,79.135,33895
2026-04-23 14:05:00,79.13,79.28,79.08,79.185,8812
2026-04-23 14:10:00,79.17,79.32,79.07,79.22,39119
2026-04-23 14:15:00,79.13,79.2,79.08,79.1,14030
2026-04-23 14:20:00,79.08,79.12,78.97,79.07,10568
2026-04-23 14:25:00,79.0267,79.14,78.96,79.14,1344
2026-04-23 14:30:00,79.17,79.2569,79.17,79.2569,2139
2026-04-23 14:35:00,79.3017,79.305,79.23,79.23,1148
2026-04-23 14:40:00,79.19,79.25,79.1,79.23,7820
2026-04-23 14:45:00,79.21,79.22,79.16,79.175,2286
2026-04-23 14:50:00,79,79.03,78.97,78.98,8482
2026-04-23 14:55:00,78.97,79.02,78.57,78.67,63734
2026-04-23 15:00:00,78.66,78.73,78.48,78.48,35106
2026-04-23 15:05:00,78.54,78.73,78.54,78.71,5970
2026-04-23 15:10:00,78.7,78.72,78.57,78.655,16557
2026-04-23 15:15:00,78.69,78.8,78.69,78.77,4826
2026-04-23 15:20:00,78.76,78.81,78.74,78.78,2587
2026-04-23 15:25:00,78.79,78.845,78.725,78.725,5441
2026-04-23 15:30:00,78.72,78.86,78.67,78.69,17800
2026-04-23 15:35:00,78.65,78.66,78.53,78.64,10993
2026-04-23 15:40:00,78.67,78.72,78.66,78.7,42821
2026-04-23 15:45:00,78.67,78.89,78.67,78.89,17455
2026-04-23 15:50:00,78.89,79.09,78.77,79.09,115964
2026-04-23 15:55:00,79.085,79.36,79.05,79.31,51178
2026-04-23 16:00:00,79.34,79.36,79.34,79.36,9642
2026-04-23 16:05:00,79.97,80.3,79.97,80.3,9229
2026-04-23 16:10:00,80.16,80.16,80.1,80.1,700
2026-04-23 16:25:00,80.001,80.0144,80.001,80.0144,835
2026-04-23 16:50:00,80.1,80.1,80.1,80.1,1000
2026-04-23 17:05:00,80.1,80.23,80.1,80.23,1352
2026-04-23 17:25:00,80.28,80.28,80.28,80.28,100
2026-04-23 17:30:00,80.3,80.41,80.3,80.41,740
2026-04-23 17:35:00,80.41,80.5,80.41,80.5,1179
2026-04-23 17:50:00,80.4974,80.4974,80.4974,80.4974,125
2026-04-23 17:55:00,80.46,80.56,80.46,80.56,500
2026-04-23 18:00:00,80.6927,80.6927,80.6927,80.6927,100
2026-04-23 18:10:00,80.7979,80.7979,80.7979,80.7979,100
2026-04-23 19:20:00,80.7599,80.7599,80.7599,80.7599,1250
2026-04-23 19:30:00,80.7,80.7,80.7,80.7,100
2026-04-23 19:40:00,80.72,80.72,80.72,80.72,500
2026-04-23 19:50:00,80.72,80.72,80.72,80.72,100
2026-04-24 04:00:00,80.69,81.14,80.69,81.11,2186
2026-04-24 04:05:00,81.1,81.1,81.1,81.1,290
2026-04-24 04:55:00,81.52,81.52,81.52,81.52,100
2026-04-24 05:40:00,81.4,81.41,81.4,81.41,333
2026-04-24 05:50:00,81.45,81.45,81.45,81.45,100
2026-04-24 06:45:00,81.8,81.8,81.8,81.8,100
2026-04-24 06:55:00,83.02,83.02,83.02,83.02,1000
2026-04-24 07:00:00,81.72,82.04,81.72,82.04,2241
2026-04-24 07:10:00,82.47,82.47,82.47,82.47,100
2026-04-24 07:15:00,82.23,82.28,82.23,82.24,1130
2026-04-24 07:25:00,82.84,82.84,82.84,82.84,150
2026-04-24 07:30:00,82.66,82.8,82.66,82.8,323
2026-04-24 07:40:00,82.42,82.42,82.42,82.42,200
2026-04-24 07:50:00,82.5083,82.5083,82.5083,82.5083,500
2026-04-24 08:00:00,82.5,82.5,82.5,82.5,190
2026-04-24 08:10:00,82.4675,82.49,82.4675,82.49,604
2026-04-24 08:15:00,82.5,82.5,82.5,82.5,200
2026-04-24 08:30:00,82.449,82.449,82.33,82.33,550
2026-04-24 08:35:00,82.31,82.31,82.31,82.31,100
2026-04-24 08:45:00,82.14,82.15,82.1,82.1,2002
2026-04-24 08:50:00,82.15,82.15,82.04,82.04,1427
2026-04-24 09:05:00,82.22,82.22,82.22,82.22,100
2026-04-24 09:25:00,82,82,82,82,100
2026-04-24 09:30:00,82.19,82.84,82.16,82.64,66074
2026-04-24 09:35:00,82.6,82.62,82.05,82.4659,49440
2026-04-24 09:40:00,82.31,82.47,81.98,82.03,35413
2026-04-24 09:45:00,82.0899,82.13,81.6,81.69,30944
2026-04-24 09:50:00,81.83,81.8842,81.03,81.1,66591
2026-04-24 09:55:00,81.06,81.6493,80.83,81.6,52184
2026-04-24 10:00:00,81.53,81.86,81.43,81.59,55566
2026-04-24 10:05:00,81.57,82.11,81.53,82.1,18182
2026-04-24 10:10:00,82.07,82.25,81.85,82.05,32557
2026-04-24 10:15:00,81.92,82.16,81.92,81.95,11512
2026-04-24 10:20:00,81.9,81.98,81.68,81.87,66097
2026-04-24 10:25:00,81.82,81.87,81.62,81.7901,21287
2026-04-24 10:30:00,81.88,81.88,81.4899,81.63,33408
2026-04-24 10:35:00,81.66,82.01,81.62,81.96,25140
2026-04-24 10:40:00,82.02,82.09,81.93,82.025,9979
2026-04-24 10:45:00,82.03,82.12,81.93,82.11,7527
2026-04-24 10:50:00,82.11,82.205,81.985,82.1,143070
2026-04-24 10:55:00,82.1,82.4,82.1,82.39,70054
2026-04-24 11:00:00,82.4,82.475,82.33,82.4,42834
2026-04-24 11:05:00,82.4,82.53,82.39,82.45,13956
2026-04-24 11:10:00,82.48,82.5298,82.4,82.52,22160
2026-04-24 11:15:00,82.55,82.55,82.39,82.39,18882
2026-04-24 11:20:00,82.29,82.415,82.26,82.375,21716
2026-04-24 11:25:00,82.36,82.36,82.24,82.35,7232
2026-04-24 11:30:00,82.35,82.47,82.3,82.44,55455
2026-04-24 11:35:00,82.4,82.41,82.26,82.26,4820
2026-04-24 11:40:00,82.31,82.65,82.31,82.63,34275
2026-04-24 11:45:00,82.63,82.72,82.44,82.56,17795
2026-04-24 11:50:00,82.56,82.83,82.56,82.705,19257
2026-04-24 11:55:00,82.6213,82.7,82.61,82.7,2970
2026-04-24 12:00:00,82.6575,82.69,82.58,82.69,3977
2026-04-24 12:05:00,82.795,82.8,82.58,82.6,11500
2026-04-24 12:10:00,82.65,82.78,82.65,82.75,4387
2026-04-24 12:15:00,82.7,82.76,82.64,82.745,8936
2026-04-24 12:20:00,82.75,82.9,82.75,82.9,5178
2026-04-24 12:25:00,82.91,82.93,82.835,82.92,19646
2026-04-24 12:30:00,82.92,83.07,82.92,83.05,20733
2026-04-24 12:35:00,83.05,83.14,82.97,82.9954,37044
2026-04-24 12:40:00,82.9997,82.9997,82.8,82.836,7341
2026-04-24 12:45:00,82.84,82.9214,82.83,82.83,3581
2026-04-24 12:50:00,82.85,82.85,82.795,82.81,1730
2026-04-24 12:55:00,82.88,82.88,82.8,82.88,4071
2026-04-24 13:00:00,82.88,82.9394,82.81,82.9,3301
2026-04-24 13:05:00,82.92,82.93,82.805,82.805,3045
2026-04-24 13:10:00,82.7599,82.83,82.7599,82.8,2570
2026-04-24 13:15:00,82.8,82.8,82.69,82.75,11356
2026-04-24 13:20:00,82.77,82.77,82.52,82.63,5430
2026-04-24 13:25:00,82.6794,82.71,82.64,82.67,1589
2026-04-24 13:30:00,82.64,82.78,82.62,82.78,9917
2026-04-24 13:35:00,82.77,82.87,82.73,82.73,5260
2026-04-24 13:40:00,82.77,82.84,82.77,82.84,7079
2026-04-24 13:45:00,82.84,82.885,82.81,82.81,5757
2026-04-24 13:50:00,82.82,83.01,82.8,82.91,17186
2026-04-24 13:55:00,82.9,82.94,82.88,82.92,9497
2026-04-24 14:00:00,82.92,82.99,82.875,82.875,2255
2026-04-24 14:05:00,82.865,82.87,82.78,82.79,5124
2026-04-24 14:10:00,82.8,82.81,82.6701,82.705,4375
2026-04-24 14:15:00,82.715,82.73,82.59,82.64,5801
2026-04-24 14:20:00,82.6151,82.63,82.53,82.59,17591
2026-04-24 14:25:00,82.61,82.68,82.585,82.59,11255
2026-04-24 14:30:00,82.61,82.7615,82.61,82.7615,9117
2026-04-24 14:35:00,82.78,82.82,82.76,82.81,4107
2026-04-24 14:40:00,82.85,82.8768,82.715,82.715,7257
2026-04-24 14:45:00,82.72,82.78,82.675,82.675,3759
2026-04-24 14:50:00,82.65,82.75,82.63,82.71,10263
2026-04-24 14:55:00,82.71,82.72,82.675,82.7,3500
2026-04-24 15:00:00,82.71,82.79,82.655,82.6597,3986
2026-04-24 15:05:00,82.66,82.71,82.545,82.69,5321
2026-04-24 15:10:00,82.7199,82.7199,82.655,82.69,6735
2026-04-24 15:15:00,82.7,82.775,82.7,82.76,4544
2026-04-24 15:20:00,82.755,82.77,82.72,82.72,18510
2026-04-24 15:25:00,82.715,82.73,82.595,82.6,8969
2026-04-24 15:30:00,82.605,82.61,82.495,82.58,11112
2026-04-24 15:35:00,82.57,82.588,82.48,82.57,6636
2026-04-24 15:40:00,82.56,82.6,82.53,82.57,16849
2026-04-24 15:45:00,82.53,82.54,82.495,82.5,16597
2026-04-24 15:50:00,82.54,82.56,82.46,82.55,26163
2026-04-24 15:55:00,82.64,82.75,82.59,82.73,42792
2026-04-24 16:00:00,82.73,82.9557,82.6868,82.9557,5355
2026-04-24 16:05:00,82.75,82.75,82.72,82.72,966
2026-04-24 16:10:00,82.6501,82.76,82.6501,82.76,300
2026-04-24 16:20:00,82.789,82.789,82.789,82.789,100
2026-04-24 16:50:00,82.82,82.82,82.82,82.82,100
2026-04-24 16:55:00,82.81,82.81,82.81,82.81,300
2026-04-24 17:30:00,82.82,82.82,82.82,82.82,264
2026-04-24 17:35:00,82.74,82.74,82.74,82.74,766
2026-04-24 17:45:00,82.75,82.75,82.73,82.73,586
2026-04-24 17:50:00,82.69,82.69,82.69,82.69,394
2026-04-24 18:05:00,82.73,82.73,82.73,82.73,468
2026-04-24 18:10:00,82.8,82.8,82.8,82.8,200
2026-04-24 18:15:00,82.6764,82.6764,82.6764,82.6764,300
2026-04-24 18:20:00,82.66,82.66,82.66,82.66,479
2026-04-24 18:55:00,82.7136,82.7136,82.7136,82.7136,200
2026-04-24 19:25:00,82.7033,82.7033,82.7033,82.7033,121
2026-04-24 19:55:00,82.9,82.9,82.9,82.9,100
2026-04-27 04:00:00,83.85,84.12,83.85,84.12,2350
2026-04-27 04:05:00,82.95,82.95,82.9,82.9,420
2026-04-27 04:15:00,82.95,82.95,82.9,82.9,1018
2026-04-27 05:30:00,83.44,83.44,83.44,83.44,100
2026-04-27 05:35:00,83.45,83.45,83.4336,83.4336,521
2026-04-27 05:50:00,83.45,83.45,83.45,83.45,240
2026-04-27 05:55:00,83.57,83.57,83.57,83.57,689
2026-04-27 06:10:00,83.3,83.3,83.3,83.3,100
2026-04-27 06:30:00,83.07,83.07,82.76,82.76,393
2026-04-27 07:00:00,83.85,83.85,83.85,83.85,100
2026-04-27 07:10:00,83.73,83.8,83.73,83.8,982
2026-04-27 07:15:00,83.93,83.93,83.81,83.81,300
2026-04-27 07:25:00,83.78,83.97,83.76,83.97,623
2026-04-27 07:35:00,83.96,83.96,83.88,83.88,500
2026-04-27 07:45:00,83.97,83.97,83.7,83.7,2075
2026-04-27 07:50:00,83.81,83.81,83.81,83.81,478
2026-04-27 07:55:00,83.8,83.8,83.8,83.8,100
2026-04-27 08:00:00,83.8655,83.8655,83.61,83.65,1537
2026-04-27 08:05:00,83.55,83.55,83.5,83.5,892
2026-04-27 08:20:00,83.39,83.39,83.2,83.35,550
2026-04-27 08:25:00,83.0364,83.0364,83.0364,83.0364,1000
2026-04-27 08:30:00,83.18,83.18,83.18,83.18,400
2026-04-27 08:35:00,83,83.02,83,83.02,301
2026-04-27 08:50:00,83.1502,83.1502,83.11,83.11,1100
2026-04-27 09:00:00,82.93,82.93,82.9,82.9,1233
2026-04-27 09:20:00,83.06,83.06,83,83,348
2026-04-27 09:25:00,82.8,82.89,82.79,82.8,1773
2026-04-27 09:30:00,82.88,83.03,82.12,82.7,106414
2026-04-27 09:35:00,82.69,82.765,82.06,82.086,70891
2026-04-27 09:40:00,82.08,82.1,81.54,81.7,55139
2026-04-27 09:45:00,81.635,81.64,81.11,81.145,102906
2026-04-27 09:50:00,81.08,81.45,80.71,81.45,82638
2026-04-27 09:55:00,81.585,82.08,81.56,81.99,34220
2026-04-27 10:00:00,81.95,81.95,81.67,81.7,77889
2026-04-27 10:05:00,81.69,81.82,81.43,81.43,56548
2026-04-27 10:10:00,81.45,81.8,81.36,81.745,61728
2026-04-27 10:15:00,81.74,81.74,81.27,81.45,22420
2026-04-27 10:20:00,81.43,81.49,81.27,81.35,19412
2026-04-27 10:25:00,81.37,81.41,80.96,80.96,87538
2026-04-27 10:30:00,80.955,81.08,80.655,81.08,71969
2026-04-27 10:35:00,81.08,81.33,80.985,81.12,75330
2026-04-27 10:40:00,81.15,81.21,80.97,81.12,32159
2026-04-27 10:45:00,81.08,81.11,80.8,81.005,20113
2026-04-27 10:50:00,81.02,81.18,80.82,80.91,8391
2026-04-27 10:55:00,80.9,81.03,80.83,80.9,24713
2026-04-27 11:00:00,80.99,81.05,80.85,80.9099,18872
2026-04-27 11:05:00,80.85,81.22,80.85,81.12,18980
2026-04-27 11:10:00,81.2,81.24,81.0099,81.0099,8619
2026-04-27 11:15:00,81.06,81.17,80.98,81.04,12177
2026-04-27 11:20:00,81.1,81.1,80.88,80.88,4314
2026-04-27 11:25:00,80.9,81.01,80.82,80.96,8566
2026-04-27 11:30:00,81.01,81.14,80.99,81.13,13471
2026-04-27 11:35:00,81.11,81.25,81.11,81.25,10761
2026-04-27 11:40:00,81.25,81.4,81.22,81.36,23838
2026-04-27 11:45:00,81.3899,81.47,81.3,81.32,12808
2026-04-27 11:50:00,81.35,81.35,81.16,81.21,21519
2026-04-27 11:55:00,81.17,81.22,81.09,81.09,5845
2026-04-27 12:00:00,81.1432,81.16,80.96,80.995,14396
2026-04-27 12:05:00,81.02,81.14,80.99,81.08,6919
2026-04-27 12:10:00,81.09,81.13,81.06,81.095,4388
2026-04-27 12:15:00,81.09,81.2,81.09,81.2,3755
2026-04-27 12:20:00,81.21,81.22,81.1,81.1,3850
2026-04-27 12:25:00,81.09,81.13,81.08,81.1,6302
2026-04-27 12:30:00,81.12,81.29,81.11,81.29,4050
2026-04-27 12:35:00,81.31,81.35,81.265,81.35,14788
2026-04-27 12:40:00,81.34,81.38,81.32,81.32,7728
2026-04-27 12:45:00,81.36,81.38,81.31,81.36,4422
2026-04-27 12:50:00,81.34,81.34,81.17,81.17,4229
2026-04-27 12:55:00,81.14,81.17,81.105,81.17,2840
2026-04-27 13:00:00,81.155,81.235,81.155,81.21,6425
2026-04-27 13:05:00,81.2,81.215,81.16,81.16,4624
2026-04-27 13:10:00,81.21,81.25,81.18,81.19,10581
2026-04-27 13:15:00,81.219,81.23,80.94,81.02,31172
2026-04-27 13:20:00,81.03,81.11,80.95,81.04,32887
2026-04-27 13:25:00,81.09,81.12,81.05,81.12,70640
2026-04-27 13:30:00,81.12,81.3,81.11,81.3,14285
2026-04-27 13:35:00,81.29,81.305,81.22,81.255,7578
2026-04-27 13:40:00,81.25,81.2981,81.24,81.29,4622
2026-04-27 13:45:00,81.3,81.45,81.275,81.45,11852
2026-04-27 13:50:00,81.46,81.47,81.3001,81.34,14242
2026-04-27 13:55:00,81.35,81.37,81.28,81.3154,9443
2026-04-27 14:00:00,81.32,81.37,81.285,81.33,5606
2026-04-27 14:05:00,81.325,81.43,81.325,81.43,1200
2026-04-27 14:10:00,81.42,81.45,81.32,81.32,4609
2026-04-27 14:15:00,81.33,81.35,81.3,81.32,4551
2026-04-27 14:20:00,81.34,81.45,81.34,81.45,2192
2026-04-27 14:25:00,81.44,81.475,81.39,81.4,31736
2026-04-27 14:30:00,81.46,81.48,81.41,81.43,5566
2026-04-27 14:35:00,81.4399,81.53,81.4399,81.4696,2616
2026-04-27 14:40:00,81.46,81.47,81.33,81.33,6748
2026-04-27 14:45:00,81.3101,81.37,81.275,81.36,12319
2026-04-27 14:50:00,81.38,81.4,81.265,81.28,11727
2026-04-27 14:55:00,81.28,81.42,81.275,81.365,5907
2026-04-27 15:00:00,81.36,81.45,81.35,81.45,14188
2026-04-27 15:05:00,81.48,81.5,81.425,81.5,4954
2026-04-27 15:10:00,81.5,81.62,81.49,81.6,6822
2026-04-27 15:15:00,81.635,81.69,81.61,81.69,8445
2026-04-27 15:20:00,81.745,81.745,81.55,81.56,8619
2026-04-27 15:25:00,81.54,81.62,81.53,81.6,11615
2026-04-27 15:30:00,81.62,81.72,81.6,81.66,18109
2026-04-27 15:35:00,81.6699,81.69,81.58,81.63,6160
2026-04-27 15:40:00,81.645,81.66,81.54,81.66,19490
2026-04-27 15:45:00,81.66,81.8199,81.66,81.8199,11661
2026-04-27 15:50:00,81.82,81.93,81.79,81.905,59588
2026-04-27 15:55:00,81.9,81.93,81.79,81.93,60189
2026-04-27 16:00:00,81.92,81.92,81.9,81.9,18087
2026-04-27 16:05:00,81.8335,81.98,81.8,81.8,1675
2026-04-27 16:10:00,81.85,81.85,81.85,81.85,122
2026-04-27 16:15:00,81.8615,81.8615,81.8615,81.8615,160
2026-04-27 17:20:00,81.79,81.79,81.78,81.78,1122
2026-04-27 17:40:00,81.77,81.77,81.77,81.77,506
2026-04-27 17:45:00,81.78,81.81,81.78,81.81,300
2026-04-27 18:25:00,81.8907,81.8907,81.8907,81.8907,1070
2026-04-27 18:30:00,81.95,81.95,81.95,81.95,150
2026-04-27 18:40:00,81.96,81.985,81.96,81.985,200
2026-04-27 18:45:00,81.92,81.92,81.87,81.9,1323
2026-04-27 18:55:00,81.98,81.98,81.98,81.98,100
2026-04-28 04:00:00,81.04,81.04,80.65,80.65,976
2026-04-28 04:05:00,80.6,80.62,80.6,80.62,224
2026-04-28 04:10:00,80.64,80.64,80.64,80.64,166
2026-04-28 04:50:00,80.64,80.64,80.63,80.63,452
2026-04-28 05:30:00,80.73,80.73,80.38,80.38,300
2026-04-28 05:45:00,79.81,79.81,79.81,79.81,250
2026-04-28 05:50:00,79.81,79.81,79.81,79.81,437
2026-04-28 06:00:00,79.92,79.92,79.92,79.92,928
2026-04-28 06:10:00,79.79,79.8,79.79,79.8,300
2026-04-28 06:15:00,79.8,79.8,79.8,79.8,300
2026-04-28 06:20:00,79.71,79.71,79.7,79.7,1054
2026-04-28 06:45:00,79.65,79.65,79.65,79.65,100
2026-04-28 07:05:00,79.5504,79.62,79.5,79.5,1991
2026-04-28 07:15:00,79.46,79.48,79.2056,79.2056,700
2026-04-28 07:20:00,79.15,79.15,79.15,79.15,100
2026-04-28 07:25:00,78.95,78.95,78.95,78.95,150
2026-04-28 07:30:00,78.5921,78.62,78.503,78.62,1112
2026-04-28 07:35:00,78.5,78.5,78.345,78.345,870
2026-04-28 07:40:00,78.49,78.92,78.49,78.92,600
2026-04-28 07:45:00,78.66,78.7375,78.59,78.59,2080
2026-04-28 07:50:00,78.5453,78.5453,78.5453,78.5453,200
2026-04-28 07:55:00,78.5475,78.5475,78.5475,78.5475,120
2026-04-28 08:00:00,78.6,78.71,78.6,78.71,400
2026-04-28 08:05:00,78.6,78.6,78.5,78.5487,830
2026-04-28 08:10:00,78.5101,78.6,78.5101,78.54,1543
2026-04-28 08:15:00,78.65,78.65,78.65,78.65,350
2026-04-28 08:20:00,78.5,78.5,78.45,78.45,650
2026-04-28 08:25:00,78.5,78.5,78.5,78.5,122
2026-04-28 08:30:00,78.55,78.56,78.55,78.56,875
2026-04-28 08:35:00,78.74,78.78,78.74,78.78,605
2026-04-28 08:45:00,78.889,78.889,78.7391,78.88,821
2026-04-28 09:00:00,78.941,78.95,78.93,78.95,1250
2026-04-28 09:05:00,78.88,78.88,78.6,78.6,831
2026-04-28 09:10:00,78.54,78.54,78.53,78.53,300
2026-04-28 09:15:00,78.52,78.52,78.52,78.52,414
2026-04-28 09:20:00,78.68,78.68,78.68,78.68,177
2026-04-28 09:25:00,78.58,78.77,78.58,78.76,1246
2026-04-28 09:30:00,78.7,79.18,78.1,79.18,96053
2026-04-28 09:35:00,79.11,79.66,79.11,79.45,77612
2026-04-28 09:40:00,79.41,80.185,79.37,79.94,56129
2026-04-28 09:45:00,79.84,79.86,79.39,79.43,153789
2026-04-28 09:50:00,79.44,79.44,79.04,79.19,84917
2026-04-28 09:55:00,79.18,79.47,78.89,79.43,49944
2026-04-28 10:00:00,79.39,79.44,79.15,79.19,61439
2026-04-28 10:05:00,79.21,79.52,79.21,79.48,67897
2026-04-28 10:10:00,79.48,79.52,79.33,79.39,43414
2026-04-28 10:15:00,79.4,79.47,79.18,79.25,93645
2026-04-28 10:20:00,79.22,79.28,78.95,78.95,57800
2026-04-28 10:25:00,78.97,79.04,78.8,78.9,95398
2026-04-28 10:30:00,78.89,78.98,78.58,78.61,48939
2026-04-28 10:35:00,78.56,78.6,78.15,78.26,99626
2026-04-28 10:40:00,78.25,78.42,77.99,78.39,130615
2026-04-28 10:45:00,78.4,78.45,78.03,78.03,68620
2026-04-28 10:50:00,78.04,78.04,77.66,77.8,101768
2026-04-28 10:55:00,77.78,78.38,77.75,78.38,61261
2026-04-28 11:00:00,78.48,78.52,78.22,78.23,80817
2026-04-28 11:05:00,78.25,78.28,78,78.06,68931
2026-04-28 11:10:00,78.1,78.35,78.05,78.27,158478
2026-04-28 11:15:00,78.2,78.44,78.17,78.35,22911
2026-04-28 11:20:00,78.35,78.35,78.16,78.19,11959
2026-04-28 11:25:00,78.16,78.24,78.02,78.24,11955
2026-04-28 11:30:00,78.11,78.12,77.95,78.02,10735
2026-04-28 11:35:00,78,78.2,77.93,78.1,21155
2026-04-28 11:40:00,78.09,78.15,78.06,78.09,8818
2026-04-28 11:45:00,78.15,78.15,77.945,78.02,7987
2026-04-28 11:50:00,78.045,78.16,78.025,78.08,7881
2026-04-28 11:55:00,78.05,78.22,78.05,78.13,5770
2026-04-28 12:00:00,78.1,78.28,78.06,78.27,16422
2026-04-28 12:05:00,78.28,78.44,78.28,78.37,8421
2026-04-28 12:10:00,78.35,78.35,78.27,78.35,2990
2026-04-28 12:15:00,78.34,78.4,78.3,78.4,5153
2026-04-28 12:20:00,78.465,78.48,78.4,78.445,3082
2026-04-28 12:25:00,78.465,78.465,78.33,78.34,16055
2026-04-28 12:30:00,78.33,78.3701,78.18,78.18,13227
2026-04-28 12:35:00,78.17,78.24,78.13,78.15,13606
2026-04-28 12:40:00,78.23,78.25,78.19,78.24,7115
2026-04-28 12:45:00,78.25,78.38,78.25,78.38,6446
2026-04-28 12:50:00,78.38,78.54,78.17,78.54,66095
2026-04-28 12:55:00,78.51,78.51,78.38,78.43,2607
2026-04-28 13:00:00,78.42,78.5,78.35,78.35,4157
2026-04-28 13:05:00,78.3675,78.41,78.29,78.41,10874
2026-04-28 13:10:00,78.39,78.49,78.39,78.46,7122
2026-04-28 13:15:00,78.44,78.46,78.33,78.33,5197
2026-04-28 13:20:00,78.38,78.46,78.34,78.46,13968
2026-04-28 13:25:00,78.46,78.56,78.44,78.56,9005
2026-04-28 13:30:00,78.6,78.74,78.565,78.71,5478
2026-04-28 13:35:00,78.75,78.87,78.75,78.87,8415
2026-04-28 13:40:00,78.91,78.96,78.85,78.92,6675
2026-04-28 13:45:00,78.96,78.97,78.89,78.89,7249
2026-04-28 13:50:00,78.89,78.96,78.85,78.95,8654
2026-04-28 13:55:00,78.97,78.98,78.95,78.98,8483
2026-04-28 14:00:00,78.99,79,78.9,78.91,3872
2026-04-28 14:05:00,78.9,79,78.9,78.9959,13471
2026-04-28 14:10:00,78.99,79.04,78.94,79.03,30816
2026-04-28 14:15:00,79.07,79.22,79.0699,79.19,19153
2026-04-28 14:20:00,79.22,79.35,79.22,79.3,58714
2026-04-28 14:25:00,79.32,79.35,79.28,79.35,6386
2026-04-28 14:30:00,79.38,79.42,79.2274,79.24,8948
2026-04-28 14:35:00,79.2296,79.24,79.19,79.24,2125
2026-04-28 14:40:00,79.26,79.36,79.26,79.35,6389
2026-04-28 14:45:00,79.34,79.39,79.34,79.37,3990
2026-04-28 14:50:00,79.37,79.4,79.3389,79.4,1151
2026-04-28 14:55:00,79.39,79.41,79.3,79.41,3520
2026-04-28 15:00:00,79.43,79.57,79.43,79.47,6104
2026-04-28 15:05:00,79.56,79.585,79.46,79.475,3125
2026-04-28 15:10:00,79.41,79.49,79.35,79.35,8439
2026-04-28 15:15:00,79.35,79.35,79.155,79.155,6835
2026-04-28 15:20:00,79.08,79.22,79.07,79.17,4300
2026-04-28 15:25:00,79.18,79.18,79.11,79.16,6040
2026-04-28 15:30:00,79.14,79.23,79.11,79.13,20596
2026-04-28 15:35:00,79.12,79.16,79.07,79.13,13710
2026-04-28 15:40:00,79.13,79.19,79.105,79.14,25117
2026-04-28 15:45:00,79.13,79.16,79.12,79.135,14106
2026-04-28 15:50:00,79.15,79.15,78.94,79.03,119871
2026-04-28 15:55:00,79.01,79.05,78.88,78.96,48355
2026-04-28 16:00:00,78.98,78.98,78.98,78.98,32711
2026-04-28 16:05:00,79.23,79.23,79.23,79.23,261
2026-04-28 16:10:00,79.29,79.3,79.23,79.3,2803
2026-04-28 16:15:00,79.32,79.79,79.32,79.79,3148
2026-04-28 16:20:00,79.75,79.75,79.75,79.75,591
2026-04-28 16:25:00,79.64,79.64,79.64,79.64,130
2026-04-28 17:20:00,79.5525,79.5525,79.5525,79.5525,100
2026-04-28 17:25:00,79.57,79.57,79.57,79.57,1100
2026-04-28 17:40:00,79.55,79.55,79.55,79.55,305
2026-04-28 17:55:00,79.77,79.77,79.77,79.77,114
2026-04-28 18:10:00,79.65,79.75,79.64,79.74,2111
2026-04-28 19:35:00,79.66,79.66,79.65,79.65,1100
2026-04-28 19:45:00,79.68,79.68,79.68,79.68,269
2026-04-29 04:00:00,80.09,80.09,80.09,80.09,300
2026-04-29 06:40:00,80.27,80.28,80.27,80.27,641
2026-04-29 06:55:00,80.26,80.26,80.26,80.26,253
2026-04-29 07:00:00,80.26,80.445,80.26,80.37,2320
2026-04-29 07:05:00,80.22,80.48,80.21,80.48,1247
2026-04-29 07:35:00,80.48,80.48,80.48,80.48,130
2026-04-29 08:00:00,80.21,80.21,80.21,80.21,300
2026-04-29 08:10:00,80.2,80.2,80.2,80.2,100
2026-04-29 08:25:00,80.19,80.19,80.19,80.19,316
2026-04-29 08:30:00,80.02,80.03,80,80,867
2026-04-29 08:40:00,80.2,80.2,80.2,80.2,580
2026-04-29 08:45:00,80.2,80.2,80.2,80.2,551
2026-04-29 08:55:00,80.07,80.07,80,80,200
2026-04-29 09:10:00,80.0125,80.14,80.0125,80.14,249
2026-04-29 09:25:00,80.03,80.03,80.01,80.01,1924
2026-04-29 09:30:00,80.02,80.26,79.59,79.88,24100
2026-04-29 09:35:00,79.91,80.13,79.72,80.04,23894
2026-04-29 09:40:00,80.09,80.2,79.9,80.03,14141
2026-04-29 09:45:00,80.03,80.06,79.77,79.88,20730
2026-04-29 09:50:00,79.77,80.16,79.73,80.14,13463
2026-04-29 09:55:00,80.16,80.34,80.09,80.1,8955
2026-04-29 10:00:00,80.1,80.11,79.9,79.98,26040
2026-04-29 10:05:00,80.01,80.06,79.8,79.845,25391
2026-04-29 10:10:00,79.81,80.02,79.8,79.97,6722
2026-04-29 10:15:00,80.04,80.18,80.04,80.07,6203
2026-04-29 10:20:00,80.2,80.37,80.15,80.37,4912
2026-04-29 10:25:00,80.41,80.58,80.33,80.5099,10548
2026-04-29 10:30:00,80.468,80.64,80.43,80.6,8956
2026-04-29 10:35:00,80.65,80.825,80.65,80.82,14941
2026-04-29 10:40:00,80.79,80.79,80.66,80.71,7023
2026-04-29 10:45:00,80.74,80.77,80.62,80.7,4056
2026-04-29 10:50:00,80.53,80.69,80.53,80.6101,3112
2026-04-29 10:55:00,80.67,80.67,80.55,80.65,2554
2026-04-29 11:00:00,80.67,80.7,80.5,80.5,5415
2026-04-29 11:05:00,80.56,80.56,80.29,80.29,4600
2026-04-29 11:10:00,80.25,80.31,80.08,80.28,6234
2026-04-29 11:15:00,80.28,80.43,80.23,80.38,8286
2026-04-29 11:20:00,80.44,80.48,80.36,80.4,5706
2026-04-29 11:25:00,80.37,80.41,80.29,80.37,2793
2026-04-29 11:30:00,80.41,80.42,80.27,80.4,6734
2026-04-29 11:35:00,80.41,80.44,80.28,80.32,114845
2026-04-29 11:40:00,80.39,80.45,80.36,80.39,4408
2026-04-29 11:45:00,80.38,80.4669,80.34,80.38,5683
2026-04-29 11:50:00,80.42,80.425,80.13,80.17,17799
2026-04-29 11:55:00,80.15,80.27,80.13,80.24,8838
2026-04-29 12:00:00,80.24,80.305,80.195,80.305,4590
2026-04-29 12:05:00,80.39,80.39,80.3,80.348,657
2026-04-29 12:10:00,80.3,80.3,80.19,80.19,698
2026-04-29 12:15:00,80.16,80.16,80.03,80.03,14216
2026-04-29 12:20:00,80,80.08,79.98,80.04,3898
2026-04-29 12:25:00,80.05,80.05,79.96,79.98,4456
2026-04-29 12:30:00,79.93,79.93,79.74,79.78,26685
2026-04-29 12:35:00,79.79,79.99,79.75,79.99,8689
2026-04-29 12:40:00,80.01,80.1202,79.95,80.02,6392
2026-04-29 12:45:00,80.03,80.05,79.97,80.01,3005
2026-04-29 12:50:00,80.02,80.12,79.98,80.01,3000
2026-04-29 12:55:00,80,80.02,79.89,79.98,2708
2026-04-29 13:00:00,79.995,80.05,79.92,79.95,5111
2026-04-29 13:05:00,80,80.08,80,80.05,1914
2026-04-29 13:10:00,80.06,80.17,80.06,80.17,3300
2026-04-29 13:15:00,80.17,80.24,80.11,80.159,4265
2026-04-29 13:20:00,80.155,80.25,80.1,80.1,14297
2026-04-29 13:25:00,80.06,80.09,79.98,80.075,6162
2026-04-29 13:30:00,80.085,80.12,80.01,80.01,4323
2026-04-29 13:35:00,80.04,80.08,80.02,80.06,1670
2026-04-29 13:40:00,80.08,80.08,79.96,79.98,2522
2026-04-29 13:45:00,80.07,80.15,80.04,80.12,5174
2026-04-29 13:50:00,80.12,80.22,80.11,80.15,20902
2026-04-29 13:55:00,80.175,80.285,80.175,80.285,5878
2026-04-29 14:00:00,80.31,80.31,80.1,80.1,2556
2026-04-29 14:05:00,80.15,80.26,80.01,80.01,16867
2026-04-29 14:10:00,80.02,80.06,79.95,80.025,7990
2026-04-29 14:15:00,80.014,80.24,80.01,80.125,12143
2026-04-29 14:20:00,80.125,80.24,80.12,80.22,15685
2026-04-29 14:25:00,80.21,80.21,80.14,80.14,4264
2026-04-29 14:30:00,80.15,80.15,79.99,80.07,13365
2026-04-29 14:35:00,80.07,80.36,80.06,80.24,27354
2026-04-29 14:40:00,80.18,80.23,80.04,80.05,16606
2026-04-29 14:45:00,80.05,80.28,79.99,80.28,7004
2026-04-29 14:50:00,80.32,80.47,80.32,80.36,12579
2026-04-29 14:55:00,80.37,80.55,80.36,80.54,6708
2026-04-29 15:00:00,80.54,80.56,80.45,80.53,2800
2026-04-29 15:05:00,80.46,80.64,80.44,80.55,10436
2026-04-29 15:10:00,80.56,80.74,80.52,80.74,4456
2026-04-29 15:15:00,80.82,80.86,80.74,80.74,6518
2026-04-29 15:20:00,80.69,80.72,80.6,80.714,4876
2026-04-29 15:25:00,80.71,80.8301,80.71,80.74,2944
2026-04-29 15:30:00,80.71,80.71,80.58,80.62,2520
2026-04-29 15:35:00,80.59,80.67,80.59,80.67,4274
2026-04-29 15:40:00,80.6898,80.6898,80.57,80.63,11251
2026-04-29 15:45:00,80.67,80.67,80.58,80.6,5073
2026-04-29 15:50:00,80.56,80.67,80.48,80.64,31402
2026-04-29 15:55:00,80.62,80.84,80.57,80.84,63275
2026-04-29 16:00:00,80.87,80.87,80.83,80.87,13663
2026-04-29 16:10:00,80.19,80.19,79.81,79.83,2146
2026-04-29 16:15:00,79.72,80,79.61,79.62,19092
2026-04-29 16:20:00,80,80,80,80,1559
2026-04-29 16:35:00,80.7145,80.7145,80.7145,80.7145,100
2026-04-29 16:50:00,80.5,80.5,80.5,80.5,200
2026-04-29 17:00:00,80.2082,80.2082,80.2082,80.2082,700
2026-04-29 17:15:00,80.6,80.6,80.6,80.6,100
2026-04-29 17:20:00,80.53,80.53,80.52,80.52,1266
2026-04-29 17:35:00,80.68,80.75,80.68,80.75,2499
2026-04-29 17:40:00,80.81,80.82,80.81,80.81,922
2026-04-29 17:45:00,80.87,80.88,80.87,80.88,200
2026-04-29 17:55:00,80.92,80.93,80.88,80.93,2741
2026-04-29 18:00:00,80.84,80.84,80.71,80.71,2400
2026-04-29 18:10:00,81.03,81.33,81.03,81.33,20258
2026-04-29 18:15:00,81.33,81.54,81.33,81.54,217
2026-04-29 18:35:00,81.5,81.5,81.5,81.5,100
2026-04-29 18:40:00,81.66,81.66,81.66,81.66,434
2026-04-29 18:50:00,81.73,81.83,81.73,81.83,666
2026-04-29 18:55:00,81.82,81.8374,81.79,81.79,1050
2026-04-29 19:05:00,81.8344,81.8344,81.7,81.7,600
2026-04-29 19:15:00,81.7,81.7,81.7,81.7,567
2026-04-29 19:25:00,81.7,81.7,81.7,81.7,100
2026-04-29 19:35:00,81.93,81.93,81.93,81.93,590
2026-04-30 04:00:00,80.61,81,80.61,80.83,172204
2026-04-30 05:25:00,82.37,82.37,82.37,82.37,265
2026-04-30 07:00:00,81.8176,81.8176,81.8176,81.8176,200
2026-04-30 07:05:00,81.78,81.78,81.78,81.78,150
2026-04-30 07:40:00,82.02,82.02,82.02,82.02,410
2026-04-30 07:50:00,81.9,81.9,81.9,81.9,109
2026-04-30 07:55:00,82,82,82,82,100
2026-04-30 08:05:00,81.85,81.85,81.85,81.85,208
2026-04-30 08:10:00,81.9,82,81.9,82,2531
2026-04-30 08:20:00,82.08,82.08,82.08,82.08,400
2026-04-30 08:25:00,82.05,82.05,82.01,82.01,712
2026-04-30 08:40:00,81.97,81.97,81.97,81.97,100
2026-04-30 08:45:00,81.98,81.98,81.98,81.98,366
2026-04-30 08:50:00,82.01,82.16,82.01,82.16,1376
2026-04-30 09:00:00,82.17,82.2,82.17,82.2,1267
2026-04-30 09:10:00,82.09,82.09,82,82,300
2026-04-30 09:15:00,82.05,82.05,82.05,82.05,130
2026-04-30 09:20:00,82.07,82.07,82.07,82.07,2000
2026-04-30 09:25:00,82.0352,82.11,82.0352,82.07,3923
2026-04-30 09:30:00,81.96,82,81,81.17,86868
2026-04-30 09:35:00,81.11,81.4,80.91,81.255,61858
2026-04-30 09:40:00,81.26,81.565,80.94,81.55,40444
2026-04-30 09:45:00,81.53,81.72,81.22,81.39,25827
2026-04-30 09:50:00,81.42,81.42,81.04,81.06,36451
2026-04-30 09:55:00,81.08,81.24,80.85,81.24,61806
2026-04-30 10:00:00,81.19,81.49,81.15,81.32,47216
2026-04-30 10:05:00,81.33,81.41,81,81.05,31773
2026-04-30 10:10:00,81.09,81.265,80.78,81.17,27443
2026-04-30 10:15:00,81.12,81.12,80.73,80.95,22060
2026-04-30 10:20:00,81.01,81.2,80.95,81.135,21955
2026-04-30 10:25:00,81.05,81.05,80.82,80.89,7327
2026-04-30 10:30:00,80.85,81.123,80.8,80.86,15036
2026-04-30 10:35:00,80.93,80.94,80.51,80.52,30955
2026-04-30 10:40:00,80.53,80.91,80.5,80.9,17435
2026-04-30 10:45:00,80.95,81.16,80.9,81.0999,13894
2026-04-30 10:50:00,81.08,81.46,81.03,81.4,35714
2026-04-30 10:55:00,81.55,81.6,81.495,81.57,6420
2026-04-30 11:00:00,81.63,81.83,81.61,81.64,19674
2026-04-30 11:05:00,81.61,81.85,81.6,81.85,6834
2026-04-30 11:10:00,81.88,82,81.69,81.89,24529
2026-04-30 11:15:00,81.91,81.96,81.81,81.91,8191
2026-04-30 11:20:00,81.92,81.97,81.87,81.95,6061
2026-04-30 11:25:00,81.915,82.1,81.91,82.1,3877
2026-04-30 11:30:00,82.07,82.31,82.07,82.23,10990
2026-04-30 11:35:00,82.18,82.18,81.97,81.99,7712
2026-04-30 11:40:00,82,82,81.84,81.86,5663
2026-04-30 11:45:00,81.84,81.84,81.67,81.81,12613
2026-04-30 11:50:00,81.79,82.01,81.79,82,9036
2026-04-30 11:55:00,82.03,82.03,81.85,81.88,6816
2026-04-30 12:00:00,81.88,81.95,81.76,81.9262,5475
2026-04-30 12:05:00,81.93,81.998,81.91,81.97,5615
2026-04-30 12:10:00,81.97,82.13,81.97,82.12,3283
2026-04-30 12:15:00,82.14,82.14,82.05,82.09,4020
2026-04-30 12:20:00,82.12,82.13,82.07,82.07,5176
2026-04-30 12:25:00,82.03,82.1,81.97,82.1,7324
2026-04-30 12:30:00,82.13,82.13,82.05,82.075,5484
2026-04-30 12:35:00,82.07,82.1,82.02,82.1,5916
2026-04-30 12:40:00,82.17,82.17,82.07,82.07,2143
2026-04-30 12:45:00,82.03,82.03,81.955,81.96,4260
2026-04-30 12:50:00,81.97,82,81.88,81.88,1708
2026-04-30 12:55:00,81.86,81.95,81.81,81.95,1370
2026-04-30 13:00:00,82.05,82.13,82.05,82.13,1623
2026-04-30 13:05:00,82.14,82.17,82.11,82.17,2630
2026-04-30 13:10:00,82.19,82.2216,82.19,82.2,1322
2026-04-30 13:15:00,82.19,82.21,82.08,82.13,3489
2026-04-30 13:20:00,82.1972,82.2,82.13,82.2,5437
2026-04-30 13:25:00,82.22,82.22,82.18,82.22,1232
2026-04-30 13:30:00,82.25,82.41,82.25,82.375,24062
2026-04-30 13:35:00,82.4114,82.49,82.36,82.49,7173
2026-04-30 13:40:00,82.5,82.5,82.41,82.43,2989
2026-04-30 13:45:00,82.49,82.58,82.49,82.49,6689
2026-04-30 13:50:00,82.52,82.57,82.5,82.56,10080
2026-04-30 13:55:00,82.57,82.67,82.56,82.63,17299
2026-04-30 14:00:00,82.66,82.695,82.61,82.61,19489
2026-04-30 14:05:00,82.64,82.66,82.515,82.54,8032
2026-04-30 14:10:00,82.52,82.52,82.47,82.5,2892
2026-04-30 14:15:00,82.52,82.59,82.48,82.48,4688
2026-04-30 14:20:00,82.46,82.49,82.4,82.44,3411
2026-04-30 14:25:00,82.43,82.46,82.41,82.435,4624
2026-04-30 14:30:00,82.46,82.53,82.46,82.49,13520
2026-04-30 14:35:00,82.47,82.51,82.42,82.42,5432
2026-04-30 14:40:00,82.42,82.43,82.335,82.4,5867
2026-04-30 14:45:00,82.38,82.44,82.37,82.37,4204
2026-04-30 14:50:00,82.36,82.38,82.35,82.36,3390
2026-04-30 14:55:00,82.36,82.4,82.26,82.26,5462
2026-04-30 15:00:00,82.22,82.3702,82.22,82.29,3707
2026-04-30 15:05:00,82.3,82.41,82.295,82.385,10604
2026-04-30 15:10:00,82.4,82.49,82.4,82.49,6362
2026-04-30 15:15:00,82.54,82.585,82.53,82.58,5931
2026-04-30 15:20:00,82.55,82.55,82.48,82.48,4109
2026-04-30 15:25:00,82.46,82.51,82.4,82.4,3461
2026-04-30 15:30:00,82.39,82.45,82.345,82.45,4630
2026-04-30 15:35:00,82.47,82.47,82.38,82.41,4767
2026-04-30 15:40:00,82.41,82.5,82.375,82.49,12312
2026-04-30 15:45:00,82.495,82.51,82.45,82.51,5003
2026-04-30 15:50:00,82.52,82.52,82.24,82.42,51765
2026-04-30 15:55:00,82.43,82.755,82.43,82.67,78678
2026-04-30 16:00:00,82.65,82.65,82.65,82.65,10264
2026-04-30 16:05:00,82.65,82.7,82.65,82.7,615
2026-04-30 16:10:00,82.68,82.68,82.64,82.64,1009
2026-04-30 16:15:00,82.3,82.3,82.3,82.3,500
2026-04-30 16:30:00,82.56,82.56,82.56,82.56,400
2026-04-30 16:40:00,82.2,82.2,82.2,82.2,500
2026-04-30 16:55:00,82.33,82.33,82.33,82.33,600
2026-04-30 17:10:00,82.2784,82.2784,82.2784,82.2784,1800
2026-04-30 17:30:00,82.24,82.4394,82.24,82.4394,2033
2026-04-30 17:50:00,82.37,82.37,82.37,82.37,408
2026-04-30 18:05:00,82.32,82.32,82.32,82.32,400
2026-04-30 18:45:00,82.21,82.21,82.21,82.21,100
2026-04-30 18:55:00,82.01,82.01,82.01,82.01,100
2026-04-30 19:15:00,81.97,81.97,81.97,81.97,547
2026-04-30 19:25:00,81.98,82.02,81.98,82.02,543
2026-04-30 19:30:00,82.14,82.1418,82.14,82.14,4093
2026-05-01 07:35:00,81.768,81.768,81.768,81.768,2000
2026-05-01 08:40:00,81.99,81.99,81.99,81.99,522
2026-05-01 08:50:00,82.15,82.17,82.105,82.105,950
2026-05-01 09:30:00,82.13,82.16,81.69,82.14,22652
2026-05-01 09:35:00,82.17,82.725,82.02,82.71,31705
2026-05-01 09:40:00,82.72,82.945,82.63,82.9,35233
2026-05-01 09:45:00,82.99,82.99,82.45,82.56,28402
2026-05-01 09:50:00,82.61,82.7,82.41,82.53,27495
2026-05-01 09:55:00,82.52,83.11,82.51,83.11,28736
2026-05-01 10:00:00,83.18,83.32,83,83.2308,26079
2026-05-01 10:05:00,83.22,83.2447,83,83.09,17393
2026-05-01 10:10:00,83.07,83.19,82.96,83.09,16769
2026-05-01 10:15:00,83.08,83.15,82.97,82.99,18943
2026-05-01 10:20:00,83.01,83.22,83.01,83.11,24013
2026-05-01 10:25:00,83.105,83.16,82.96,82.96,7775
2026-05-01 10:30:00,82.97,82.97,82.5,82.51,99791
2026-05-01 10:35:00,82.5099,82.71,82.32,82.66,14000
2026-05-01 10:40:00,82.6,82.83,82.595,82.78,11162
2026-05-01 10:45:00,82.75,82.83,82.7,82.72,14257
2026-05-01 10:50:00,82.58,82.83,82.46,82.76,15686
2026-05-01 10:55:00,82.73,82.85,82.62,82.62,9446
2026-05-01 11:00:00,82.61,82.68,82.47,82.67,16044
2026-05-01 11:05:00,82.665,82.72,82.57,82.68,8351
2026-05-01 11:10:00,82.68,82.83,82.64,82.81,7883
2026-05-01 11:15:00,82.87,83.02,82.83,83.02,6212
2026-05-01 11:20:00,83.08,83.08,82.98,83.03,3945
2026-05-01 11:25:00,83.0808,83.098,83.02,83.02,9579
2026-05-01 11:30:00,83.04,83.06,82.9699,82.97,5946
2026-05-01 11:35:00,82.93,83.08,82.93,83.03,7577
2026-05-01 11:40:00,83.08,83.09,82.97,83.03,5122
2026-05-01 11:45:00,82.99,83.02,82.97,83.02,1250
2026-05-01 11:50:00,83,83.0348,82.72,83.0348,35323
2026-05-01 11:55:00,83.02,83.11,83.01,83.11,3625
2026-05-01 12:00:00,83.13,83.19,83.1,83.1,7531
2026-05-01 12:05:00,83.09,83.13,83.06,83.06,4219
2026-05-01 12:10:00,83.05,83.16,83.02,83.08,13584
2026-05-01 12:15:00,83.06,83.2,83.06,83.14,4883
2026-05-01 12:20:00,83.18,83.19,82.99,83.12,18983
2026-05-01 12:25:00,82.99,83.04,82.95,82.9799,10905
2026-05-01 12:30:00,82.95,83.05,82.93,83.05,1949
2026-05-01 12:35:00,83.01,83.12,83.01,83.12,4005
2026-05-01 12:40:00,83.06,83.1199,83.04,83.04,528
2026-05-01 12:45:00,83.03,83.06,83.01,83.06,420
2026-05-01 12:50:00,83.07,83.145,83.06,83.07,3765
2026-05-01 12:55:00,83.13,83.16,83.095,83.095,2113
2026-05-01 13:00:00,83.1,83.13,83.08,83.11,4166
2026-05-01 13:05:00,83.2,83.2,83.165,83.17,3770
2026-05-01 13:10:00,83.19,83.21,83.12,83.21,3208
2026-05-01 13:15:00,83.2,83.2568,83.2,83.25,1250
2026-05-01 13:20:00,83.25,83.25,83.215,83.22,1611
2026-05-01 13:25:00,83.2,83.22,83.14,83.22,3229
2026-05-01 13:30:00,83.24,83.2711,83.21,83.26,2974
2026-05-01 13:35:00,83.27,83.27,83.2,83.2,2692
2026-05-01 13:40:00,83.23,83.29,83.21,83.29,3612
2026-05-01 13:45:00,83.3,83.35,83.3,83.35,540
2026-05-01 13:50:00,83.31,83.34,83.3,83.31,5682
2026-05-01 13:55:00,83.3,83.35,83.3,83.3,2455
2026-05-01 14:00:00,83.3,83.32,83.27,83.27,1899
2026-05-01 14:05:00,83.29,83.36,83.24,83.36,2326
2026-05-01 14:10:00,83.34,83.35,83.31,83.32,2250
2026-05-01 14:15:00,83.32,83.33,83.28,83.32,2103
2026-05-01 14:20:00,83.32,83.34,83.3,83.34,3317
2026-05-01 14:25:00,83.33,83.36,83.3,83.36,8625
2026-05-01 14:30:00,83.345,83.375,83.305,83.35,14920
2026-05-01 14:35:00,83.35,83.35,83.28,83.29,4597
2026-05-01 14:40:00,83.28,83.28,83.2,83.21,4380
2026-05-01 14:45:00,83.19,83.19,83.065,83.16,5574
2026-05-01 14:50:00,83.2126,83.23,83.14,83.23,5425
2026-05-01 14:55:00,83.22,83.29,83.22,83.2899,2669
2026-05-01 15:00:00,83.26,83.3,83.24,83.3,2684
2026-05-01 15:05:00,83.32,83.35,83.265,83.35,4237
2026-05-01 15:10:00,83.33,83.41,83.33,83.37,6142
2026-05-01 15:15:00,83.37,83.5,83.37,83.47,5383
2026-05-01 15:20:00,83.46,83.53,83.45,83.53,4554
2026-05-01 15:25:00,83.535,83.6,83.53,83.58,5733
2026-05-01 15:30:00,83.57,83.57,83.46,83.51,7572
2026-05-01 15:35:00,83.5,83.5,83.45,83.45,3572
2026-05-01 15:40:00,83.43,83.5,83.425,83.47,9560
2026-05-01 15:45:00,83.43,83.434,83.385,83.4299,8905
2026-05-01 15:50:00,83.45,83.5,83.39,83.48,15909
2026-05-01 15:55:00,83.45,83.45,83.35,83.365,26528
2026-05-01 16:00:00,83.35,83.38,83.35,83.38,20485
2026-05-01 16:05:00,83.211,83.211,83.211,83.211,400
2026-05-01 16:15:00,83.36,83.37,83.36,83.37,355
2026-05-01 16:25:00,83.55,83.55,83.236,83.236,700
2026-05-01 16:30:00,83.539,83.539,83.539,83.539,300
2026-05-01 16:55:00,83.32,83.32,83.27,83.27,2246
2026-05-01 17:30:00,83.34,83.34,83.34,83.34,570
2026-05-01 17:40:00,83.36,83.36,83.36,83.36,159
2026-05-01 17:50:00,83.4,83.4,83.4,83.4,200
2026-05-01 18:20:00,83.5534,83.5534,83.5534,83.5534,100
2026-05-01 19:05:00,83.25,83.25,83.25,83.25,102
2026-05-01 19:25:00,83.3438,83.3438,83.3438,83.3438,400
2026-05-04 04:00:00,83.8,84.3,83.8,84.15,483
2026-05-04 05:10:00,84.5,84.5,84.5,84.5,100
2026-05-04 05:55:00,84.33,84.33,84.08,84.08,403
2026-05-04 06:00:00,84.06,84.06,83.77,83.77,2046
2026-05-04 06:05:00,83.08,83.08,82.9,82.9,500
2026-05-04 07:00:00,83.611,83.62,83.611,83.62,200
2026-05-04 07:15:00,83.68,83.68,83.68,83.68,767
2026-05-04 07:45:00,83.6,83.6,83.6,83.6,300
2026-05-04 08:05:00,83.8,83.8,83.8,83.8,100
2026-05-04 08:15:00,83.87,83.87,83.87,83.87,200
2026-05-04 08:30:00,83.8,83.8,83.8,83.8,350
2026-05-04 09:00:00,83.57,83.57,83.57,83.57,600
2026-05-04 09:10:00,83.66,83.66,83.547,83.56,1227
2026-05-04 09:25:00,83.82,83.97,83.74,83.97,1300
2026-05-04 09:30:00,83.995,84.04,83.58,83.665,23981
2026-05-04 09:35:00,83.68,83.77,83.45,83.61,13876
2026-05-04 09:40:00,83.59,83.98,83.447,83.62,20212
2026-05-04 09:45:00,83.61,83.795,83.47,83.6244,33267
2026-05-04 09:50:00,83.44,83.86,83.4395,83.78,11950
2026-05-04 09:55:00,83.72,83.98,83.665,83.98,12926
2026-05-04 10:00:00,83.97,84.12,83.97,84.06,28156
2026-05-04 10:05:00,84.04,84.13,83.86,83.94,45612
2026-05-04 10:10:00,83.93,84.1,83.9,83.9,13176
2026-05-04 10:15:00,83.925,83.925,83.58,83.65,10008
2026-05-04 10:20:00,83.7,83.74,83.585,83.64,8389
2026-05-04 10:25:00,83.58,83.625,83.3,83.3,16273
2026-05-04 10:30:00,83.27,83.47,83.26,83.38,8624
2026-05-04 10:35:00,83.39,83.54,83.34,83.52,8110
2026-05-04 10:40:00,83.56,83.7,83.55,83.66,2686
2026-05-04 10:45:00,83.72,83.74,83.54,83.54,6850
2026-05-04 10:50:00,83.54,83.59,83.495,83.59,10829
2026-05-04 10:55:00,83.66,83.69,83.39,83.39,20501
2026-05-04 11:00:00,83.35,83.45,83.25,83.45,15474
2026-05-04 11:05:00,83.43,83.54,83.425,83.51,5126
2026-05-04 11:10:00,83.46,83.48,83.215,83.215,2430
2026-05-04 11:15:00,83.2,83.265,82.88,82.88,15747
2026-05-04 11:20:00,82.89,82.9,82.5001,82.67,22292
2026-05-04 11:25:00,82.58,83.02,82.58,82.92,20473
2026-05-04 11:30:00,82.94,82.94,82.71,82.925,16079
2026-05-04 11:35:00,82.76,82.895,82.66,82.695,12702
2026-05-04 11:40:00,82.56,82.925,82.5,82.88,10741
2026-05-04 11:45:00,82.88,82.9,82.785,82.785,3908
2026-05-04 11:50:00,82.81,82.97,82.66,82.89,19702
2026-05-04 11:55:00,82.99,82.99,82.78,82.8,46847
2026-05-04 12:00:00,82.8,82.82,82.6199,82.67,7752
2026-05-04 12:05:00,82.59,82.72,82.26,82.39,43372
2026-05-04 12:10:00,82.365,82.4,82.22,82.2419,11144
2026-05-04 12:15:00,82.2,82.63,82.1,82.5,27482
2026-05-04 12:20:00,82.5456,82.66,82.5,82.64,12902
2026-05-04 12:25:00,82.68,82.73,82.54,82.65,13601
2026-05-04 12:30:00,82.65,82.77,82.63,82.73,5331
2026-05-04 12:35:00,82.62,82.6701,82.49,82.5159,9447
2026-05-04 12:40:00,82.51,82.655,82.51,82.6,3722
2026-05-04 12:45:00,82.59,82.66,82.58,82.66,4208
2026-05-04 12:50:00,82.67,82.67,82.55,82.66,6058
2026-05-04 12:55:00,82.6401,82.7,82.6401,82.66,2570
2026-05-04 13:00:00,82.67,82.88,82.67,82.85,7456
2026-05-04 13:05:00,82.87,82.87,82.85,82.865,633
2026-05-04 13:10:00,82.93,82.93,82.84,82.89,3899
2026-05-04 13:15:00,82.89,83.09,82.86,83.09,17691
2026-05-04 13:20:00,83.08,83.17,83.08,83.1,6150
2026-05-04 13:25:00,83.11,83.11,83.1,83.11,587
2026-05-04 13:30:00,83.1,83.1,83.03,83.03,1700
2026-05-04 13:35:00,82.98,82.98,82.9,82.97,919
2026-05-04 13:40:00,83,83,82.96,82.99,1629
2026-05-04 13:45:00,82.99,82.99,82.93,82.95,1594
2026-05-04 13:50:00,82.94,83.01,82.94,83,3870
2026-05-04 13:55:00,83.04,83.045,83.01,83.04,1507
2026-05-04 14:00:00,83.06,83.08,83.03,83.04,4179
2026-05-04 14:05:00,83.04,83.07,83.02,83.04,10916
2026-05-04 14:10:00,83.03,83.0497,83.02,83.02,1285
2026-05-04 14:15:00,83,83,82.93,82.93,1440
2026-05-04 14:20:00,82.93,82.935,82.85,82.88,4302
2026-05-04 14:25:00,82.87,82.9614,82.755,82.9614,2272
2026-05-04 14:30:00,82.97,82.97,82.91,82.9632,3788
2026-05-04 14:35:00,82.96,82.9797,82.9,82.93,1612
2026-05-04 14:40:00,82.94,82.94,82.76,82.76,1276
2026-05-04 14:45:00,82.72,82.8,82.71,82.79,1931
2026-05-04 14:50:00,82.86,82.88,82.79,82.85,8991
2026-05-04 14:55:00,82.84,82.98,82.84,82.98,5102
2026-05-04 15:00:00,83,83,82.899,82.96,820
2026-05-04 15:05:00,82.98,83.14,82.96,83.02,22619
2026-05-04 15:10:00,83.07,83.07,82.97,82.984,1408
2026-05-04 15:15:00,83,83.03,83,83.005,1361
2026-05-04 15:20:00,82.91,82.97,82.89,82.95,1070
2026-05-04 15:25:00,82.91,83.04,82.88,83.0199,9315
2026-05-04 15:30:00,82.97,83.11,82.95,83.07,9687
2026-05-04 15:35:00,83.07,83.09,83.04,83.04,3018
2026-05-04 15:40:00,83.04,83.11,83.02,83.11,12244
2026-05-04 15:45:00,83.09,83.19,83.05,83.18,4701
2026-05-04 15:50:00,83.19,83.2,83.05,83.05,23082
2026-05-04 15:55:00,83.04,83.04,82.855,82.9,282065
2026-05-04 16:00:00,82.94,82.94,82.9,82.9,5855
2026-05-04 16:05:00,82.91,82.91,82.91,82.91,300
2026-05-04 16:10:00,83.02,83.02,82.99,82.99,439
2026-05-04 16:45:00,82.83,82.83,82.83,82.83,482
2026-05-04 16:55:00,82.8097,82.8097,82.8097,82.8097,100
2026-05-04 17:00:00,82.561,82.561,82.561,82.561,293
2026-05-04 17:15:00,82.83,82.83,82.83,82.83,100
2026-05-04 18:10:00,82.9804,82.9804,82.888,82.888,279
2026-05-04 18:15:00,82.731,82.74,82.731,82.74,248
2026-05-04 19:00:00,82.87,82.87,82.87,82.87,100
2026-05-04 19:05:00,82.88,82.88,82.88,82.88,121
2026-05-04 19:10:00,82.85,82.85,82.82,82.82,630
2026-05-05 07:05:00,83.78,83.78,83.78,83.78,100
2026-05-05 07:15:00,83.82,83.82,83.81,83.81,1984
2026-05-05 07:20:00,83.99,83.99,83.99,83.99,178
2026-05-05 08:05:00,84.0595,84.0595,84.0595,84.0595,100
2026-05-05 08:20:00,84.11,84.2105,84.11,84.2105,2529
2026-05-05 08:30:00,84.18,84.18,84.18,84.18,100
2026-05-05 08:35:00,84.1804,84.1804,84.1653,84.1653,200
2026-05-05 08:45:00,84.19,84.19,84.19,84.19,2950
2026-05-05 08:55:00,84.175,84.175,84.175,84.175,100
2026-05-05 09:00:00,84.1449,84.1449,84.1449,84.1449,500
2026-05-05 09:10:00,84.34,84.34,84.34,84.34,769
2026-05-05 09:15:00,84.26,84.26,84.26,84.26,200
2026-05-05 09:25:00,84.4,84.4,84.4,84.4,100
2026-05-05 09:30:00,84.64,84.76,84.38,84.43,33712
2026-05-05 09:35:00,84.51,85.12,84.35,85.07,22966
2026-05-05 09:40:00,85.14,85.27,84.94,85.26,33977
2026-05-05 09:45:00,85.27,85.3,85.02,85.19,26055
2026-05-05 09:50:00,85.13,85.5,85.13,85.31,25290
2026-05-05 09:55:00,85.28,85.53,85.28,85.36,17528
2026-05-05 10:00:00,85.32,85.42,85.19,85.3,28555
2026-05-05 10:05:00,85.3,85.45,85.24,85.44,16693
2026-05-05 10:10:00,85.46,85.52,85.21,85.235,29786
2026-05-05 10:15:00,85.23,85.51,85.115,85.32,39027
2026-05-05 10:20:00,85.31,85.74,85.31,85.74,20152
2026-05-05 10:25:00,85.77,86.04,85.77,85.94,14766
2026-05-05 10:30:00,85.93,86.08,85.883,85.885,9025
2026-05-05 10:35:00,85.88,85.9292,85.7,85.71,4905
2026-05-05 10:40:00,85.6622,85.76,85.61,85.61,11991
2026-05-05 10:45:00,85.63,85.76,85.63,85.66,27429
2026-05-05 10:50:00,85.7,85.915,85.67,85.915,6203
2026-05-05 10:55:00,85.93,85.93,85.79,85.79,1971
2026-05-05 11:00:00,85.83,85.85,85.82,85.8201,2097
2026-05-05 11:05:00,85.95,86.04,85.95,86.03,1742
2026-05-05 11:10:00,86.05,86.18,86.05,86.18,1798
2026-05-05 11:15:00,86.2578,86.33,86.23,86.23,6658
2026-05-05 11:20:00,86.249,86.35,86.21,86.35,2761
2026-05-05 11:25:00,86.3,86.33,86.21,86.21,1315
2026-05-05 11:30:00,86.22,86.3,86.1999,86.28,3220
2026-05-05 11:35:00,86.435,86.5,86.41,86.5,5214
2026-05-05 11:40:00,86.51,86.54,86.47,86.52,10531
2026-05-05 11:45:00,86.53,86.69,86.53,86.69,4799
2026-05-05 11:50:00,86.71,86.73,86.62,86.65,12709
2026-05-05 11:55:00,86.71,86.74,86.57,86.6177,21315
2026-05-05 12:00:00,86.62,86.62,86.58,86.62,2854
2026-05-05 12:05:00,86.69,86.76,86.69,86.75,1833
2026-05-05 12:10:00,86.79,86.91,86.79,86.91,2852
2026-05-05 12:15:00,86.85,86.85,86.7902,86.84,6062
2026-05-05 12:20:00,86.87,86.9,86.79,86.79,7847
2026-05-05 12:25:00,86.78,86.8,86.41,86.505,22314
2026-05-05 12:30:00,86.52,86.54,86.395,86.46,13584
2026-05-05 12:35:00,86.4897,86.58,86.37,86.37,4452
2026-05-05 12:40:00,86.275,86.4301,86.25,86.4301,3176
2026-05-05 12:45:00,86.38,86.62,86.38,86.5999,4730
2026-05-05 12:50:00,86.61,86.61,86.51,86.58,3411
2026-05-05 12:55:00,86.61,86.68,86.61,86.65,9765
2026-05-05 13:00:00,86.58,86.72,86.58,86.72,1268
2026-05-05 13:05:00,86.74,86.74,86.69,86.69,1774
2026-05-05 13:10:00,86.665,86.71,86.665,86.705,820
2026-05-05 13:15:00,86.76,86.84,86.76,86.84,750
2026-05-05 13:20:00,86.8797,86.8797,86.795,86.82,4262
2026-05-05 13:25:00,86.85,86.93,86.85,86.93,1787
2026-05-05 13:30:00,86.9101,86.9101,86.84,86.85,7422
2026-05-05 13:35:00,86.855,86.93,86.85,86.855,6102
2026-05-05 13:40:00,86.855,86.87,86.835,86.84,6471
2026-05-05 13:45:00,86.835,86.88,86.82,86.87,3278
2026-05-05 13:50:00,86.83,86.84,86.8,86.81,3217
2026-05-05 13:55:00,86.81,86.855,86.81,86.85,2195
2026-05-05 14:00:00,86.815,86.91,86.79,86.89,8814
2026-05-05 14:05:00,86.94,87,86.89,86.89,7343
2026-05-05 14:10:00,86.92,86.95,86.89,86.95,2163
2026-05-05 14:15:00,86.859,86.89,86.85,86.89,3134
2026-05-05 14:20:00,86.91,86.91,86.84,86.85,1434
2026-05-05 14:25:00,86.81,86.9,86.81,86.9,1060
2026-05-05 14:30:00,86.92,86.96,86.91,86.96,3007
2026-05-05 14:35:00,87,87.0499,87,87.0499,2210
2026-05-05 14:40:00,87,87.015,86.96,86.97,1859
2026-05-05 14:45:00,86.93,86.935,86.84,86.84,4050
2026-05-05 14:50:00,86.83,86.85,86.66,86.7155,11991
2026-05-05 14:55:00,86.73,86.85,86.73,86.81,4843
2026-05-05 15:00:00,86.82,86.82,86.7,86.7,3789
2026-05-05 15:05:00,86.7,86.7899,86.68,86.7899,3904
2026-05-05 15:10:00,86.773,86.773,86.62,86.62,9851
2026-05-05 15:15:00,86.61,86.61,86.5,86.52,3331
2026-05-05 15:20:00,86.5158,86.5158,86.38,86.38,8986
2026-05-05 15:25:00,86.36,86.42,86.33,86.37,3999
2026-05-05 15:30:00,86.31,86.48,86.3051,86.47,11032
2026-05-05 15:35:00,86.46,86.49,86.43,86.45,7332
2026-05-05 15:40:00,86.45,86.45,86.36,86.44,7562
2026-05-05 15:45:00,86.44,86.45,86.3501,86.37,16963
2026-05-05 15:50:00,86.36,86.41,86.12,86.13,57721
2026-05-05 15:55:00,86.14,86.46,86.13,86.43,99573
2026-05-05 16:00:00,86.41,86.41,86.41,86.41,20295
2026-05-05 16:05:00,86.42,86.43,86.41,86.41,3000
2026-05-05 16:15:00,86.14,86.19,85.93,85.99,2825
2026-05-05 16:20:00,86.8,86.82,86.79,86.82,723
2026-05-05 16:25:00,87,87.31,87,87.31,535
2026-05-05 16:30:00,87.55,87.55,87.55,87.55,100
2026-05-05 16:45:00,87.03,87.1,87.03,87.1,789
2026-05-05 16:50:00,87.23,87.23,87.2168,87.2168,228
2026-05-05 17:10:00,87.53,87.53,87.53,87.53,130
2026-05-05 17:15:00,87.53,87.53,87.53,87.53,200
2026-05-05 17:25:00,87.47,87.47,87.31,87.31,670
2026-05-05 17:35:00,87.32,87.32,87.32,87.32,100
2026-05-05 17:45:00,87.47,87.47,87.46,87.46,214
2026-05-05 17:50:00,87.5,87.5,87.5,87.5,561
2026-05-05 18:10:00,87.9624,87.9624,87.9624,87.9624,1000
2026-05-05 18:35:00,87.92,87.92,87.92,87.92,120
2026-05-05 18:50:00,87.98,88,87.97,88,523
2026-05-05 19:05:00,88.41,88.41,88.0724,88.0724,400
2026-05-05 19:35:00,88.309,88.309,88.309,88.309,100
2026-05-06 04:00:00,88.37,88.38,88.05,88.38,2385
2026-05-06 04:05:00,88.39,88.39,88.39,88.39,123
2026-05-06 04:50:00,89,89,89,89,560
2026-05-06 04:55:00,89.51,89.51,89.51,89.51,300
2026-05-06 05:00:00,89.46,89.46,89.46,89.46,100
2026-05-06 05:15:00,89.3,89.3,89.3,89.3,150
2026-05-06 05:35:00,91.9001,91.9001,91.9001,91.9001,100
2026-05-06 05:40:00,89.9,89.9,89.9,89.9,200
2026-05-06 05:55:00,89.78,89.78,89.78,89.78,100
2026-05-06 06:10:00,89.5,89.97,89.5,89.97,823
2026-05-06 06:30:00,89.51,89.51,89.51,89.51,231
2026-05-06 06:35:00,89.98,89.98,89.98,89.98,100
2026-05-06 06:45:00,90,90,90,90,440
2026-05-06 06:50:00,89.97,89.97,89.97,89.97,1018
2026-05-06 07:00:00,90,90,90,90,100
2026-05-06 07:05:00,90.4883,90.527,90.4883,90.527,1488
2026-05-06 07:10:00,90.43,90.52,90.43,90.52,996
2026-05-06 07:15:00,90.64,90.64,90.64,90.64,125
2026-05-06 07:20:00,90.25,90.3,90.25,90.3,250
2026-05-06 07:25:00,90.3329,90.3329,90.3,90.3,500
2026-05-06 07:30:00,90,90.03,90,90.03,593
2026-05-06 07:35:00,90.2701,90.2701,90.2701,90.2701,355
2026-05-06 07:40:00,90,90,89.98,89.98,599
2026-05-06 07:55:00,90.08,90.08,89.71,89.8,3164
2026-05-06 08:00:00,89.8,89.99,89.62,89.62,2419
2026-05-06 08:05:00,89.62,89.7246,89.62,89.7,1000
2026-05-06 08:10:00,89.7333,89.7333,89.653,89.653,466
2026-05-06 08:15:00,89.31,89.37,89.25,89.3379,2667
2026-05-06 08:20:00,89.52,89.5645,89.52,89.5645,400
2026-05-06 08:25:00,89.3674,89.49,89.3674,89.48,1466
2026-05-06 08:30:00,89.44,89.44,89.44,89.44,799
2026-05-06 08:35:00,89.44,89.44,89.2,89.25,2861
2026-05-06 08:40:00,89.15,89.15,89.1,89.1,200
2026-05-06 08:45:00,89.3163,89.3163,89.3163,89.3163,224
2026-05-06 08:55:00,89.27,89.3,89.26,89.26,4300
2026-05-06 09:00:00,89.27,89.27,89.1,89.13,589
2026-05-06 09:05:00,88.92,88.92,88.92,88.92,578
2026-05-06 09:20:00,88.9,88.9,88.87,88.87,737
2026-05-06 09:25:00,89.1,89.25,88.99,88.99,7580
2026-05-06 09:30:00,88.96,89.55,88.39,89.5,75335
2026-05-06 09:35:00,89.53,89.58,88.74,89.105,96741
2026-05-06 09:40:00,89.08,89.53,89.005,89.42,61721
2026-05-06 09:45:00,89.34,89.61,88.92,88.95,138664
2026-05-06 09:50:00,88.92,89.14,88.7,89.1,232827
2026-05-06 09:55:00,89.11,89.24,88.77,88.77,171082
2026-05-06 10:00:00,88.75,88.86,87.97,88.03,141788
2026-05-06 10:05:00,87.98,88.3101,87.74,88.3,80972
2026-05-06 10:10:00,88.28,88.3999,88,88.26,41718
2026-05-06 10:15:00,88.19,88.23,87.38,87.39,65078
2026-05-06 10:20:00,87.347,87.54,87.08,87.5037,59425
2026-05-06 10:25:00,87.51,87.8562,87.38,87.4,41020
2026-05-06 10:30:00,87.38,88.01,87.35,88.01,54717
2026-05-06 10:35:00,88.035,88.1099,87.88,88.03,44333
2026-05-06 10:40:00,88.08,88.36,88.075,88.33,19135
2026-05-06 10:45:00,88.33,88.67,88.33,88.65,9400
2026-05-06 10:50:00,88.6501,88.895,88.61,88.8063,9584
2026-05-06 10:55:00,88.86,88.86,88.62,88.65,5539
2026-05-06 11:00:00,88.655,88.85,88.63,88.85,21600
2026-05-06 11:05:00,88.88,89.01,88.84,88.975,1773
2026-05-06 11:10:00,89,89.17,89,89.17,13152
2026-05-06 11:15:00,89.19,89.54,89.175,89.535,16574
2026-05-06 11:20:00,89.54,89.58,89.45,89.5,22043
2026-05-06 11:25:00,89.55,89.65,89.55,89.62,7051
2026-05-06 11:30:00,89.58,89.62,89.455,89.47,7232
2026-05-06 11:35:00,89.5,89.5,89.3,89.32,2657
2026-05-06 11:40:00,89.35,89.42,89.21,89.41,29844
2026-05-06 11:45:00,89.41,89.464,89.22,89.25,20418
2026-05-06 11:50:00,89.2542,89.35,89.21,89.345,5576
2026-05-06 11:55:00,89.34,89.34,89.15,89.2,10965
2026-05-06 12:00:00,89.175,89.4101,89.175,89.4101,6505
2026-05-06 12:05:00,89.395,89.4399,89.35,89.365,3007
2026-05-06 12:10:00,89.41,89.54,89.41,89.5,1770
2026-05-06 12:15:00,89.47,89.47,89.18,89.18,3609
2026-05-06 12:20:00,89.17,89.25,89.17,89.242,4514
2026-05-06 12:25:00,89.2828,89.3346,89.225,89.23,1989
2026-05-06 12:30:00,89.26,89.345,89.26,89.32,2942
2026-05-06 12:35:00,89.325,89.42,89.3,89.42,1820
2026-05-06 12:40:00,89.42,89.44,89.37,89.37,770
2026-05-06 12:45:00,89.33,89.33,89.14,89.15,1619
2026-05-06 12:50:00,89.19,89.2,89.05,89.06,2359
2026-05-06 12:55:00,89.1,89.19,89.06,89.12,5105
2026-05-06 13:00:00,89.15,89.305,89.14,89.2999,3937
2026-05-06 13:05:00,89.29,89.36,89.29,89.3,3900
2026-05-06 13:10:00,89.27,89.41,89.27,89.345,4090
2026-05-06 13:15:00,89.375,89.4,89.36,89.39,643
2026-05-06 13:20:00,89.45,89.45,89.37,89.37,1317
2026-05-06 13:25:00,89.36,89.41,89.34,89.3801,8502
2026-05-06 13:30:00,89.43,89.435,89.38,89.39,2951
2026-05-06 13:35:00,89.4,89.535,89.4,89.52,2145
2026-05-06 13:40:00,89.4799,89.62,89.46,89.6,3830
2026-05-06 13:45:00,89.64,89.655,89.34,89.34,3904
2026-05-06 13:50:00,89.31,89.39,89.3,89.375,1502
2026-05-06 13:55:00,89.41,89.43,89.365,89.42,1901
2026-05-06 14:00:00,89.4,89.43,89.38,89.4099,4127
2026-05-06 14:05:00,89.43,89.52,89.43,89.52,4136
2026-05-06 14:10:00,89.51,89.51,89.42,89.42,3063
2026-05-06 14:15:00,89.42,89.47,89.42,89.42,1385
2026-05-06 14:20:00,89.47,89.51,89.45,89.4974,1781
2026-05-06 14:25:00,89.425,89.51,89.425,89.51,1730
2026-05-06 14:30:00,89.515,89.675,89.5,89.675,3958
2026-05-06 14:35:00,89.7,89.77,89.7,89.7,3187
2026-05-06 14:40:00,89.7,89.74,89.665,89.71,3587
2026-05-06 14:45:00,89.7,89.72,89.58,89.595,8174
2026-05-06 14:50:00,89.58,89.66,89.58,89.66,2232
2026-05-06 14:55:00,89.64,89.6408,89.6,89.6,2072
2026-05-06 15:00:00,89.54,89.57,89.45,89.53,4560
2026-05-06 15:05:00,89.54,89.77,89.5,89.75,6752
2026-05-06 15:10:00,89.77,89.84,89.71,89.81,8011
2026-05-06 15:15:00,89.835,89.9,89.82,89.88,6189
2026-05-06 15:20:00,89.9,89.98,89.87,89.95,7799
2026-05-06 15:25:00,89.95,90.09,89.935,90.08,10986
2026-05-06 15:30:00,90.03,90.05,89.9,89.9,9908
2026-05-06 15:35:00,89.91,89.95,89.87,89.95,7470
2026-05-06 15:40:00,89.98,90.01,89.8901,89.895,14955
2026-05-06 15:45:00,89.89,89.97,89.89,89.93,11950
2026-05-06 15:50:00,89.93,89.98,89.75,89.95,61683
2026-05-06 15:55:00,89.95,90.34,89.95,90.315,96481
2026-05-06 16:00:00,90.33,90.3816,90,90,19073
2026-05-06 16:10:00,90.4,90.4,90.4,90.4,400
2026-05-06 16:30:00,90.31,90.31,90.31,90.31,276
2026-05-06 16:35:00,90.1691,90.1691,90.1691,90.1691,100
2026-05-06 16:45:00,90.23,90.23,90.2,90.2,1911
2026-05-06 16:50:00,90.01,90.01,90.01,90.01,234
2026-05-06 16:55:00,89.98,89.98,89.98,89.98,277
2026-05-06 17:10:00,90.3,90.3,90.3,90.3,100
2026-05-06 17:15:00,90,90,90,90,200
2026-05-06 17:25:00,89.7,89.7,89.7,89.7,100
2026-05-06 17:30:00,89.58,89.58,89.57,89.57,977
2026-05-06 17:35:00,89.51,89.51,89.5,89.51,774
2026-05-06 17:40:00,89.41,89.41,89.24,89.24,775
2026-05-06 17:45:00,89.16,89.16,89.16,89.16,177
2026-05-06 17:50:00,89.49,89.49,89.08,89.09,3133
2026-05-06 18:00:00,89.28,89.3,89.28,89.3,2700
2026-05-06 18:25:00,90.11,90.11,90.11,90.11,1510
2026-05-06 18:50:00,89.47,89.47,89.4,89.4,868
2026-05-06 19:05:00,89.45,89.45,89.45,89.45,500
2026-05-06 19:15:00,89.68,89.69,89.68,89.68,1115
2026-05-06 19:20:00,89.7868,89.7868,89.7,89.7,2103
2026-05-06 19:35:00,89.69,89.69,89.69,89.69,289
2026-05-06 19:40:00,89.69,89.69,89.69,89.69,515
2026-05-06 19:45:00,89.57,89.57,89.56,89.57,1354
2026-05-07 04:00:00,89.92,90.75,89.92,90.31,2444
2026-05-07 04:05:00,90.51,90.51,90.51,90.51,200
2026-05-07 04:15:00,90.23,90.23,90.23,90.23,100
2026-05-07 04:35:00,91.17,91.17,91.17,91.17,377
2026-05-07 05:00:00,90.17,90.17,90.17,90.17,110
2026-05-07 05:05:00,90.06,90.06,90.06,90.06,200
2026-05-07 05:20:00,90.7,90.7,90.7,90.7,500
2026-05-07 05:50:00,90.04,90.04,89.97,90,1366
2026-05-07 06:05:00,89.8,89.8,89.8,89.8,100
2026-05-07 06:10:00,89.64,89.65,89.64,89.64,1320
2026-05-07 06:15:00,90.33,90.33,90.33,90.33,170
2026-05-07 07:00:00,89.9,89.9,89.8107,89.8107,633
2026-05-07 07:20:00,89.48,89.48,89.48,89.48,150
2026-05-07 07:40:00,89.4205,89.4205,89.4205,89.4205,500
2026-05-07 07:45:00,89.46,89.46,89.46,89.46,233
2026-05-07 07:50:00,89.4,89.4,89.4,89.4,400
2026-05-07 08:05:00,89.52,89.52,89.52,89.52,100
2026-05-07 08:15:00,89.3,89.3,89.3,89.3,100
2026-05-07 08:20:00,89.19,89.19,89.1,89.1,2641
2026-05-07 08:25:00,89.019,89.019,89.019,89.019,800
2026-05-07 08:35:00,89.28,89.28,89.28,89.28,100
2026-05-07 08:50:00,89.55,89.55,89.55,89.55,100
2026-05-07 09:20:00,89.48,89.48,89.48,89.48,110
2026-05-07 09:25:00,89.51,89.59,89.51,89.57,2301
2026-05-07 09:30:00,89.65,89.66,88.7,89.09,48145
2026-05-07 09:35:00,89.15,89.21,88.79,88.92,17179
2026-05-07 09:40:00,88.88,88.88,88.04,88.04,38684
2026-05-07 09:45:00,88.1,88.4498,87.87,88.4498,54931
2026-05-07 09:50:00,88.45,88.8,88.3886,88.8,26326
2026-05-07 09:55:00,88.86,88.96,88.54,88.54,6993
2026-05-07 10:00:00,88.595,88.665,88.42,88.57,35612
2026-05-07 10:05:00,88.55,88.9,88.54,88.84,14639
2026-05-07 10:10:00,88.84,89,88.75,88.88,39053
2026-05-07 10:15:00,88.94,89.36,88.94,89.16,42026
2026-05-07 10:20:00,89.23,89.62,89.23,89.26,46094
2026-05-07 10:25:00,89.25,89.66,89.25,89.54,28513
2026-05-07 10:30:00,89.54,89.61,89.44,89.45,12762
2026-05-07 10:35:00,89.49,89.735,89.49,89.73,5100
2026-05-07 10:40:00,89.763,89.77,89.48,89.48,9304
2026-05-07 10:45:00,89.48,89.545,89.1699,89.1699,2936
2026-05-07 10:50:00,89.191,89.32,89.08,89.3055,10785
2026-05-07 10:55:00,89.48,89.55,89.425,89.43,8194
2026-05-07 11:00:00,89.38,89.38,89.16,89.2699,6426
2026-05-07 11:05:00,89.25,89.25,89.0367,89.23,12554
2026-05-07 11:10:00,89.23,89.23,89.1,89.18,10681
2026-05-07 11:15:00,89.225,89.225,89.16,89.185,1213
2026-05-07 11:20:00,89.15,89.1999,89.07,89.12,8350
2026-05-07 11:25:00,89.25,89.33,89.09,89.28,8292
2026-05-07 11:30:00,89.4,89.51,89.31,89.44,7768
2026-05-07 11:35:00,89.54,89.54,89.4447,89.4447,4193
2026-05-07 11:40:00,89.4,89.55,89.4,89.525,10044
2026-05-07 11:45:00,89.54,89.54,89.185,89.185,2971
2026-05-07 11:50:00,89.13,89.14,88.83,89,11181
2026-05-07 11:55:00,88.89,88.89,88.48,88.53,12779
2026-05-07 12:00:00,88.575,88.7074,88.43,88.6,17122
2026-05-07 12:05:00,88.54,88.54,88.2,88.36,18747
2026-05-07 12:10:00,88.35,88.36,88.07,88.0925,9705
2026-05-07 12:15:00,88.11,88.11,87.66,87.85,53796
2026-05-07 12:20:00,87.79,88.185,87.79,88.185,19115
2026-05-07 12:25:00,88.25,88.36,88.205,88.205,5889
2026-05-07 12:30:00,88.25,88.54,88.25,88.48,17155
2026-05-07 12:35:00,88.45,88.45,88.05,88.05,1800
2026-05-07 12:40:00,88.07,88.2701,88.03,88.12,20540
2026-05-07 12:45:00,88.15,88.15,88.12,88.12,1861
2026-05-07 12:50:00,88.06,88.27,87.99,88.2,12999
2026-05-07 12:55:00,88.26,88.26,87.9538,88.15,9401
2026-05-07 13:00:00,88.11,88.2,87.95,87.955,9330
2026-05-07 13:05:00,87.99,88.075,87.85,87.85,8186
2026-05-07 13:10:00,87.87,87.87,87.64,87.76,8422
2026-05-07 13:15:00,87.64,87.6651,87.4124,87.4124,11141
2026-05-07 13:20:00,87.35,87.78,87.35,87.75,34128
2026-05-07 13:25:00,87.77,87.86,87.16,87.49,48149
2026-05-07 13:30:00,87.5,87.75,87.4,87.75,10995
2026-05-07 13:35:00,87.7,88.05,87.69,87.92,9253
2026-05-07 13:40:00,87.95,88.07,87.84,87.84,4194
2026-05-07 13:45:00,87.89,87.89,87.81,87.81,4249
2026-05-07 13:50:00,87.7,87.7576,87.57,87.63,19045
2026-05-07 13:55:00,87.66,88.04,87.66,88.04,30331
2026-05-07 14:00:00,88.07,88.15,88.01,88.07,16296
2026-05-07 14:05:00,88.11,88.21,87.76,87.76,13755
2026-05-07 14:10:00,87.69,87.87,87.69,87.74,36091
2026-05-07 14:15:00,87.765,87.9,87.66,87.78,4249
2026-05-07 14:20:00,87.79,87.79,87.63,87.63,9040
2026-05-07 14:25:00,87.55,87.55,87.36,87.44,27605
2026-05-07 14:30:00,87.46,87.67,87.46,87.615,9759
2026-05-07 14:35:00,87.605,87.6599,87.44,87.6,11728
2026-05-07 14:40:00,87.61,87.61,87.46,87.52,17676
2026-05-07 14:45:00,87.4,87.45,87.3,87.35,21531
2026-05-07 14:50:00,87.3,87.31,87.2,87.31,13249
2026-05-07 14:55:00,87.25,87.5,87.24,87.42,8450
2026-05-07 15:00:00,87.43,87.45,87.34,87.4,8526
2026-05-07 15:05:00,87.39,87.485,87.29,87.29,17650
2026-05-07 15:10:00,87.34,87.69,87.31,87.64,35912
2026-05-07 15:15:00,87.64,87.7,87.42,87.485,8722
2026-05-07 15:20:00,87.4,87.48,87.28,87.28,8033
2026-05-07 15:25:00,87.25,87.38,87.23,87.31,131014
2026-05-07 15:30:00,87.33,87.62,87.33,87.6,12498
2026-05-07 15:35:00,87.62,87.85,87.61,87.82,11715
2026-05-07 15:40:00,87.83,87.93,87.82,87.9,19660
2026-05-07 15:45:00,87.94,88.01,87.92,87.97,6423
2026-05-07 15:50:00,88.01,88.16,87.92,87.94,61433
2026-05-07 15:55:00,87.96,87.98,87.77,87.83,139405
2026-05-07 16:00:00,87.89,87.89,87.8,87.8,22673
2026-05-07 16:10:00,88.01,88.01,87.98,87.98,624
2026-05-07 16:30:00,88.36,88.36,88.36,88.36,300
2026-05-07 16:35:00,88.11,88.11,88.11,88.11,435
2026-05-07 16:50:00,88.01,88.01,88,88,500
2026-05-07 16:55:00,88.4616,88.53,88.4616,88.53,400
2026-05-07 17:00:00,88.4677,88.4677,88.4677,88.4677,100
2026-05-07 17:10:00,87.89,87.89,87.86,87.86,600
2026-05-07 17:25:00,87.84,87.85,87.84,87.85,554
2026-05-07 17:30:00,87.5975,87.5975,87.5975,87.5975,150
2026-05-07 17:35:00,87.75,87.75,87.66,87.66,951
2026-05-07 17:40:00,87.6,87.66,87.6,87.66,1055
2026-05-07 17:45:00,87.57,87.57,87.41,87.41,592
2026-05-07 18:25:00,87.72,87.72,87.72,87.72,223
2026-05-07 19:55:00,87.9,87.9,87.9,87.9,100
2026-05-08 06:40:00,89.87,89.87,89.87,89.87,100
2026-05-08 07:00:00,89.76,89.76,89.76,89.76,150
2026-05-08 07:35:00,89.31,89.32,89.31,89.32,200
2026-05-08 08:25:00,89.39,89.39,89.39,89.39,200
2026-05-08 08:30:00,89.63,89.63,89.63,89.63,834
2026-05-08 08:35:00,89.89,90.0205,89.89,89.89,2873
2026-05-08 08:40:00,89.9,90.0831,89.9,90.0831,787
2026-05-08 08:45:00,89.84,89.84,89.84,89.84,200
2026-05-08 08:50:00,89.8487,89.8487,89.8487,89.8487,100
2026-05-08 09:00:00,89.9065,89.9065,89.9065,89.9065,300
2026-05-08 09:10:00,89.81,89.81,89.81,89.81,216
2026-05-08 09:20:00,89.89,89.89,89.89,89.89,2000
2026-05-08 09:25:00,89.8905,89.8905,89.85,89.85,450
2026-05-08 09:30:00,90.05,90.33,89.65,90.33,25671
2026-05-08 09:35:00,90.29,90.48,90.16,90.41,11318
2026-05-08 09:40:00,90.44,90.8469,90.29,90.64,12556
2026-05-08 09:45:00,90.83,90.92,90.74,90.815,57842
2026-05-08 09:50:00,90.855,91.015,90.68,90.98,8208
2026-05-08 09:55:00,91.04,91.105,90.85,91.105,17666
2026-05-08 10:00:00,91.25,91.27,91.09,91.11,23831
2026-05-08 10:05:00,91.12,91.19,91,91.13,14193
2026-05-08 10:10:00,91.0499,91.0499,90.8,90.9299,6695
2026-05-08 10:15:00,90.89,91.04,90.89,90.99,7746
2026-05-08 10:20:00,91.04,91.2,91.025,91.13,17212
2026-05-08 10:25:00,91.1445,91.21,90.74,90.74,8296
2026-05-08 10:30:00,90.75,90.96,90.6501,90.93,13087
2026-05-08 10:35:00,90.85,90.855,90.59,90.71,30254
2026-05-08 10:40:00,90.74,90.8941,90.58,90.89,13617
2026-05-08 10:45:00,90.88,91.01,90.835,90.96,6252
2026-05-08 10:50:00,90.98,90.99,90.89,90.95,7608
2026-05-08 10:55:00,91.0472,91.19,91.005,91.14,6725
2026-05-08 11:00:00,91.17,91.17,91.075,91.17,3946
2026-05-08 11:05:00,91.19,91.33,91.19,91.24,6584
2026-05-08 11:10:00,91.2,91.245,90.99,91.035,16237
2026-05-08 11:15:00,91.04,91.07,90.85,90.98,15988
2026-05-08 11:20:00,90.98,91.24,90.98,91.1,7541
2026-05-08 11:25:00,91.09,91.17,91.07,91.11,6442
2026-05-08 11:30:00,91.1,91.205,90.98,91.19,7540
2026-05-08 11:35:00,91.17,91.365,91.17,91.3,9165
2026-05-08 11:40:00,91.32,91.32,91.1,91.14,9549
2026-05-08 11:45:00,91.14,91.36,91.14,91.31,8575
2026-05-08 11:50:00,91.27,91.4301,91.24,91.4301,3523
2026-05-08 11:55:00,91.39,91.48,91.23,91.23,6360
2026-05-08 12:00:00,91.32,91.4,91.31,91.325,11604
2026-05-08 12:05:00,91.34,91.385,91.21,91.23,12126
2026-05-08 12:10:00,91.2401,91.2699,91.14,91.25,9999
2026-05-08 12:15:00,91.23,91.35,91.22,91.25,3495
2026-05-08 12:20:00,91.25,91.435,91.25,91.43,2333
2026-05-08 12:25:00,91.47,91.65,91.44,91.6101,4627
2026-05-08 12:30:00,91.63,91.6993,91.61,91.68,2546
2026-05-08 12:35:00,91.51,91.64,91.415,91.64,3497
2026-05-08 12:40:00,91.6394,91.66,91.43,91.45,3805
2026-05-08 12:45:00,91.4,91.69,91.4,91.69,16501
2026-05-08 12:50:00,91.69,92,91.69,91.92,6286
2026-05-08 12:55:00,91.902,92.05,91.902,92.02,6643
2026-05-08 13:00:00,92.045,92.37,92.045,92.37,6276
2026-05-08 13:05:00,92.37,92.4024,92.12,92.36,5024
2026-05-08 13:10:00,92.43,92.43,92.29,92.3,7096
2026-05-08 13:15:00,92.33,92.35,92.245,92.245,6402
2026-05-08 13:20:00,92.21,92.57,92.16,92.492,6293
2026-05-08 13:25:00,92.49,92.5697,92.377,92.48,3846
2026-05-08 13:30:00,92.485,92.49,92.375,92.48,2409
2026-05-08 13:35:00,92.44,92.5,92.3799,92.3799,1400
2026-05-08 13:40:00,92.37,92.37,92.24,92.3201,3908
2026-05-08 13:45:00,92.355,92.41,92.1801,92.1801,2391
2026-05-08 13:50:00,92.1699,92.19,92,92.19,10030
2026-05-08 13:55:00,92.2,92.22,92.08,92.1,4674
2026-05-08 14:00:00,92.08,92.25,92.07,92.145,12608
2026-05-08 14:05:00,92.14,92.26,92.14,92.23,8293
2026-05-08 14:10:00,92.19,92.27,92.13,92.25,5383
2026-05-08 14:15:00,92.25,92.25,92.02,92.04,2855
2026-05-08 14:20:00,92.1,92.2,92.1,92.2,1728
2026-05-08 14:25:00,92.2,92.2299,92.18,92.19,2848
2026-05-08 14:30:00,92.1651,92.17,92.15,92.15,406
2026-05-08 14:35:00,92.18,92.21,92.13,92.19,9909
2026-05-08 14:40:00,92.17,92.29,92.16,92.2,7615
2026-05-08 14:45:00,92.18,92.21,92.13,92.1939,7312
2026-05-08 14:50:00,92.235,92.39,92.17,92.26,6555
2026-05-08 14:55:00,92.26,92.26,92.05,92.05,7398
2026-05-08 15:00:00,92.1,92.31,92.1,92.27,8167
2026-05-08 15:05:00,92.39,92.59,92.39,92.58,4537
2026-05-08 15:10:00,92.56,92.67,92.5499,92.5499,4289
2026-05-08 15:15:00,92.55,92.65,92.55,92.605,2976
2026-05-08 15:20:00,92.6,92.6,92.5201,92.53,6663
2026-05-08 15:25:00,92.42,92.43,92.1,92.1,9867
2026-05-08 15:30:00,92.16,92.24,92.16,92.235,4339
2026-05-08 15:35:00,92.23,92.3599,92.2123,92.3599,2436
2026-05-08 15:40:00,92.34,92.43,92.34,92.42,5030
2026-05-08 15:45:00,92.425,92.43,92.37,92.42,7490
2026-05-08 15:50:00,92.35,92.47,92.29,92.4,31809
2026-05-08 15:55:00,92.4,92.7,92.4,92.7,123995
2026-05-08 16:00:00,92.68,92.68,92.5806,92.5806,89522
2026-05-08 16:05:00,92.77,92.77,92.77,92.77,481
2026-05-08 16:10:00,92.65,92.75,92.65,92.75,1600
2026-05-08 16:15:00,92.77,92.77,92.77,92.77,698
2026-05-08 16:25:00,92.68,92.7474,92.68,92.7474,1100
2026-05-08 16:55:00,92.65,92.65,92.65,92.65,303
2026-05-08 17:00:00,92.62,92.62,92.62,92.62,568
2026-05-08 17:05:00,92.55,92.55,92.55,92.55,100
2026-05-08 17:25:00,92.5195,92.54,92.5195,92.54,200
2026-05-08 18:25:00,93.01,93.01,93,93,1145
2026-05-08 18:35:00,92.99,92.99,92.99,92.99,100
2026-05-08 18:55:00,93,93,93,93,669
2026-05-08 19:10:00,93,93,93,93,246
2026-05-08 19:45:00,92.815,92.815,92.815,92.815,100
2026-05-08 19:50:00,92.99,93.31,92.99,93.31,650