2026-04-22 04:00:00,50.44,50.45,50.44,50.44,615
2026-04-22 07:00:00,50.4401,50.4401,50.44,50.44,639
2026-04-22 07:20:00,50.445,50.445,50.445,50.445,399
2026-04-22 07:30:00,50.445,50.445,50.445,50.445,200
2026-04-22 07:40:00,50.445,50.445,50.445,50.445,150
2026-04-22 07:45:00,50.445,50.445,50.445,50.445,400
2026-04-22 07:50:00,50.4401,50.4401,50.4401,50.4401,148
2026-04-22 07:55:00,50.4492,50.4492,50.4413,50.4413,1190
2026-04-22 08:00:00,50.445,50.445,50.445,50.445,145
2026-04-22 08:30:00,50.445,50.445,50.4437,50.4437,2579
2026-04-22 08:35:00,50.445,50.445,50.445,50.445,100
2026-04-22 09:10:00,50.4487,50.4487,50.44,50.44,298
2026-04-22 09:15:00,50.445,50.445,50.445,50.445,319
2026-04-22 09:20:00,50.445,50.445,50.445,50.445,200
2026-04-22 09:30:00,50.45,50.45,50.44,50.442,132613
2026-04-22 09:35:00,50.4418,50.45,50.44,50.445,55504
2026-04-22 09:40:00,50.45,50.45,50.44,50.44,38336
2026-04-22 09:45:00,50.44,50.45,50.44,50.442,25206
2026-04-22 09:50:00,50.44,50.45,50.44,50.44,51876
2026-04-22 09:55:00,50.45,50.45,50.44,50.4422,24034
2026-04-22 10:00:00,50.45,50.45,50.44,50.445,21345
2026-04-22 10:05:00,50.44,50.45,50.44,50.44,35381
2026-04-22 10:10:00,50.44,50.45,50.44,50.44,12307
2026-04-22 10:15:00,50.445,50.45,50.44,50.44,195879
2026-04-22 10:20:00,50.445,50.45,50.44,50.4401,44570
2026-04-22 10:25:00,50.445,50.45,50.44,50.4499,38954
2026-04-22 10:30:00,50.44,50.45,50.44,50.44,17346
2026-04-22 10:35:00,50.445,50.45,50.44,50.44,24267
2026-04-22 10:40:00,50.44,50.45,50.44,50.445,41599
2026-04-22 10:45:00,50.445,50.45,50.44,50.44,19962
2026-04-22 10:50:00,50.445,50.45,50.44,50.44,71942
2026-04-22 10:55:00,50.445,50.45,50.44,50.44,29877
2026-04-22 11:00:00,50.44,50.45,50.44,50.44,18218
2026-04-22 11:05:00,50.44,50.4451,50.44,50.44,16964
2026-04-22 11:10:00,50.445,50.45,50.44,50.445,35175
2026-04-22 11:15:00,50.44,50.45,50.44,50.445,76304
2026-04-22 11:20:00,50.445,50.45,50.44,50.44,53421
2026-04-22 11:25:00,50.44,50.45,50.44,50.44,15762
2026-04-22 11:30:00,50.445,50.45,50.44,50.44,25097
2026-04-22 11:35:00,50.445,50.445,50.44,50.44,42045
2026-04-22 11:40:00,50.445,50.45,50.44,50.44,16212
2026-04-22 11:45:00,50.44,50.45,50.44,50.44,30146
2026-04-22 11:50:00,50.445,50.45,50.44,50.45,83320
2026-04-22 11:55:00,50.445,50.45,50.44,50.442,106939
2026-04-22 12:00:00,50.44,50.45,50.44,50.44,112666
2026-04-22 12:05:00,50.445,50.45,50.44,50.44,20288
2026-04-22 12:10:00,50.44,50.45,50.44,50.44,40343
2026-04-22 12:15:00,50.44,50.4499,50.44,50.445,22232
2026-04-22 12:20:00,50.4448,50.45,50.44,50.44,11975
2026-04-22 12:25:00,50.44,50.445,50.44,50.44,15290
2026-04-22 12:30:00,50.4448,50.45,50.44,50.44,34302
2026-04-22 12:35:00,50.44,50.45,50.44,50.44,37282
2026-04-22 12:40:00,50.445,50.45,50.44,50.445,186352
2026-04-22 12:45:00,50.445,50.45,50.44,50.44,22306
2026-04-22 12:50:00,50.44,50.4499,50.44,50.445,31038
2026-04-22 12:55:00,50.44,50.4499,50.44,50.44,17035
2026-04-22 13:00:00,50.44,50.45,50.44,50.445,15915
2026-04-22 13:05:00,50.4448,50.45,50.44,50.445,19405
2026-04-22 13:10:00,50.445,50.45,50.44,50.4401,13758
2026-04-22 13:15:00,50.44,50.45,50.44,50.44,362999
2026-04-22 13:20:00,50.44,50.45,50.44,50.44,23213
2026-04-22 13:25:00,50.44,50.4499,50.44,50.445,26808
2026-04-22 13:30:00,50.44,50.4499,50.44,50.44,183777
2026-04-22 13:35:00,50.44,50.45,50.44,50.445,18572
2026-04-22 13:40:00,50.44,50.4499,50.44,50.44,13406
2026-04-22 13:45:00,50.4425,50.45,50.44,50.44,88258
2026-04-22 13:50:00,50.44,50.45,50.44,50.445,22500
2026-04-22 13:55:00,50.44,50.45,50.44,50.445,53707
2026-04-22 14:00:00,50.445,50.4485,50.44,50.44,13837
2026-04-22 14:05:00,50.44,50.45,50.44,50.44,45803
2026-04-22 14:10:00,50.44,50.4499,50.44,50.44,13124
2026-04-22 14:15:00,50.445,50.45,50.44,50.44,24210
2026-04-22 14:20:00,50.44,50.45,50.44,50.4401,24425
2026-04-22 14:25:00,50.44,50.445,50.44,50.44,30377
2026-04-22 14:30:00,50.445,50.45,50.44,50.44,230170
2026-04-22 14:35:00,50.44,50.45,50.44,50.44,18197
2026-04-22 14:40:00,50.445,50.4499,50.44,50.44,40887
2026-04-22 14:45:00,50.445,50.45,50.44,50.44,12864
2026-04-22 14:50:00,50.44,50.45,50.44,50.44,12802
2026-04-22 14:55:00,50.44,50.45,50.44,50.44,43564
2026-04-22 15:00:00,50.44,50.45,50.44,50.4437,31115
2026-04-22 15:05:00,50.44,50.45,50.44,50.44,31983
2026-04-22 15:10:00,50.44,50.45,50.44,50.44,22078
2026-04-22 15:15:00,50.44,50.45,50.44,50.44,41297
2026-04-22 15:20:00,50.44,50.45,50.44,50.44,47420
2026-04-22 15:25:00,50.44,50.45,50.44,50.4433,35868
2026-04-22 15:30:00,50.445,50.45,50.44,50.44,45631
2026-04-22 15:35:00,50.44,50.4499,50.44,50.4433,55861
2026-04-22 15:40:00,50.44,50.4499,50.44,50.44,29877
2026-04-22 15:45:00,50.44,50.45,50.44,50.44,46408
2026-04-22 15:50:00,50.44,50.45,50.44,50.445,39678
2026-04-22 15:55:00,50.44,50.45,50.44,50.44,93012
2026-04-22 16:00:00,50.45,50.45,50.44,50.4487,33478
2026-04-22 16:05:00,50.44,50.45,50.44,50.45,7750
2026-04-22 16:10:00,50.44,50.4403,50.44,50.4403,2550
2026-04-22 16:15:00,50.44,50.44,50.44,50.44,1000
2026-04-22 16:20:00,50.45,50.45,50.4401,50.4401,2260
2026-04-22 16:25:00,50.44,50.44,50.44,50.44,1000
2026-04-22 16:30:00,50.44,50.44,50.44,50.44,300
2026-04-22 16:35:00,50.45,50.45,50.45,50.45,500
2026-04-22 16:40:00,50.44,50.44,50.44,50.44,2500
2026-04-22 16:45:00,50.45,50.45,50.45,50.45,138
2026-04-22 16:50:00,50.44,50.4424,50.44,50.4405,2300
2026-04-22 17:00:00,50.4487,50.4487,50.4487,50.4487,987
2026-04-22 17:05:00,50.44,50.44,50.44,50.44,560
2026-04-22 17:20:00,50.4404,50.4404,50.4404,50.4404,100
2026-04-22 17:25:00,50.45,50.45,50.45,50.45,393
2026-04-22 17:40:00,50.4499,50.4499,50.4499,50.4499,143
2026-04-22 18:20:00,50.45,50.45,50.45,50.45,1358
2026-04-22 18:30:00,50.45,50.45,50.45,50.45,595
2026-04-22 18:40:00,50.4487,50.4487,50.4487,50.4487,140
2026-04-22 18:45:00,50.44,50.44,50.44,50.44,700
2026-04-22 18:50:00,50.45,50.45,50.45,50.45,4000
2026-04-22 19:00:00,50.44,50.449,50.44,50.449,1150
2026-04-22 19:05:00,50.4416,50.4487,50.4416,50.4487,2300
2026-04-22 19:20:00,50.44,50.4405,50.44,50.4405,1600
2026-04-22 19:25:00,50.45,50.45,50.4401,50.4401,438
2026-04-22 19:40:00,50.4402,50.4402,50.4402,50.4402,7496
2026-04-22 19:50:00,50.4402,50.4402,50.4402,50.4402,100
2026-04-22 19:55:00,50.4487,50.4499,50.4487,50.4487,4200
2026-04-23 04:00:00,50.5579,50.56,50.49,50.49,2152
2026-04-23 04:10:00,50.45,50.45,50.45,50.45,2650
2026-04-23 07:00:00,50.4503,50.4505,50.45,50.4505,962
2026-04-23 07:10:00,50.4501,50.4505,50.45,50.4503,1100
2026-04-23 07:15:00,50.45,50.4501,50.45,50.4501,740
2026-04-23 07:20:00,50.455,50.455,50.45,50.4501,1480
2026-04-23 07:30:00,50.4501,50.4505,50.45,50.4505,600
2026-04-23 07:40:00,50.45,50.4505,50.45,50.4505,800
2026-04-23 08:05:00,50.45,50.45,50.45,50.45,100
2026-04-23 08:25:00,50.45,50.45,50.45,50.45,2000
2026-04-23 08:40:00,50.45,50.45,50.45,50.45,100
2026-04-23 08:45:00,50.455,50.455,50.455,50.455,100
2026-04-23 09:05:00,50.46,50.46,50.45,50.45,1100
2026-04-23 09:15:00,50.45,50.45,50.45,50.45,100
2026-04-23 09:20:00,50.4503,50.4503,50.45,50.4501,300
2026-04-23 09:25:00,50.45,50.45,50.45,50.45,100
2026-04-23 09:30:00,50.45,50.46,50.45,50.453,134710
2026-04-23 09:35:00,50.4555,50.4555,50.45,50.45,26266
2026-04-23 09:40:00,50.4501,50.455,50.45,50.452,13871
2026-04-23 09:45:00,50.455,50.46,50.45,50.45,21592
2026-04-23 09:50:00,50.45,50.46,50.45,50.455,14435
2026-04-23 09:55:00,50.45,50.46,50.45,50.455,36301
2026-04-23 10:00:00,50.4585,50.46,50.45,50.455,47206
2026-04-23 10:05:00,50.455,50.4599,50.45,50.455,41443
2026-04-23 10:10:00,50.46,50.46,50.45,50.45,39575
2026-04-23 10:15:00,50.4527,50.46,50.45,50.4525,109719
2026-04-23 10:20:00,50.45,50.4599,50.45,50.453,28876
2026-04-23 10:25:00,50.45,50.46,50.45,50.45,9645
2026-04-23 10:30:00,50.4501,50.46,50.45,50.4501,10155
2026-04-23 10:35:00,50.455,50.455,50.45,50.4527,37935
2026-04-23 10:40:00,50.45,50.46,50.45,50.45,24781
2026-04-23 10:45:00,50.4521,50.4599,50.45,50.455,43230
2026-04-23 10:50:00,50.4517,50.455,50.45,50.455,15847
2026-04-23 10:55:00,50.4521,50.46,50.45,50.455,36748
2026-04-23 11:00:00,50.455,50.46,50.45,50.45,18527
2026-04-23 11:05:00,50.4529,50.46,50.45,50.45,28875
2026-04-23 11:10:00,50.4501,50.455,50.45,50.45,22994
2026-04-23 11:15:00,50.4519,50.46,50.45,50.45,70290
2026-04-23 11:20:00,50.455,50.4599,50.45,50.4529,36029
2026-04-23 11:25:00,50.45,50.46,50.45,50.45,34573
2026-04-23 11:30:00,50.4521,50.46,50.45,50.45,2907
2026-04-23 11:35:00,50.4501,50.46,50.45,50.45,18091
2026-04-23 11:40:00,50.4501,50.455,50.45,50.4523,9673
2026-04-23 11:45:00,50.4585,50.4585,50.45,50.45,45965
2026-04-23 11:50:00,50.455,50.46,50.45,50.455,14104
2026-04-23 11:55:00,50.45,50.46,50.45,50.45,23821
2026-04-23 12:00:00,50.4557,50.4599,50.45,50.4501,43598
2026-04-23 12:05:00,50.45,50.455,50.45,50.45,31542
2026-04-23 12:10:00,50.45,50.455,50.45,50.45,8334
2026-04-23 12:15:00,50.46,50.46,50.45,50.4501,78799
2026-04-23 12:20:00,50.455,50.46,50.45,50.45,31044
2026-04-23 12:25:00,50.4523,50.455,50.45,50.455,133827
2026-04-23 12:30:00,50.45,50.46,50.45,50.4521,25351
2026-04-23 12:35:00,50.45,50.4599,50.45,50.4502,29722
2026-04-23 12:40:00,50.45,50.4599,50.45,50.4519,56871
2026-04-23 12:45:00,50.45,50.455,50.45,50.455,119095
2026-04-23 12:50:00,50.4501,50.4599,50.45,50.4513,52734
2026-04-23 12:55:00,50.45,50.46,50.44,50.44,471377
2026-04-23 13:00:00,50.4444,50.4499,50.44,50.445,35980
2026-04-23 13:05:00,50.445,50.45,50.44,50.45,45317
2026-04-23 13:10:00,50.44,50.445,50.44,50.44,12621
2026-04-23 13:15:00,50.445,50.45,50.44,50.44,29716
2026-04-23 13:20:00,50.44,50.45,50.44,50.4402,15851
2026-04-23 13:25:00,50.445,50.45,50.44,50.45,38225
2026-04-23 13:30:00,50.445,50.45,50.44,50.4444,30623
2026-04-23 13:35:00,50.445,50.45,50.44,50.44,49691
2026-04-23 13:40:00,50.445,50.45,50.44,50.44,110414
2026-04-23 13:45:00,50.44,50.45,50.44,50.445,47985
2026-04-23 13:50:00,50.44,50.4499,50.44,50.445,28761
2026-04-23 13:55:00,50.445,50.45,50.44,50.441,163180
2026-04-23 14:00:00,50.445,50.45,50.44,50.4401,63082
2026-04-23 14:05:00,50.45,50.45,50.44,50.445,100932
2026-04-23 14:10:00,50.4403,50.4499,50.44,50.4444,24480
2026-04-23 14:15:00,50.4445,50.45,50.44,50.44,29524
2026-04-23 14:20:00,50.4499,50.45,50.44,50.44,32399
2026-04-23 14:25:00,50.44,50.45,50.44,50.445,39839
2026-04-23 14:30:00,50.445,50.45,50.44,50.445,110818
2026-04-23 14:35:00,50.445,50.446,50.44,50.4401,19618
2026-04-23 14:40:00,50.4401,50.45,50.44,50.44,18785
2026-04-23 14:45:00,50.44,50.45,50.44,50.445,9099
2026-04-23 14:50:00,50.44,50.45,50.44,50.45,10696
2026-04-23 14:55:00,50.444,50.45,50.44,50.44,28578
2026-04-23 15:00:00,50.44,50.45,50.44,50.445,95158
2026-04-23 15:05:00,50.45,50.45,50.44,50.445,44367
2026-04-23 15:10:00,50.445,50.45,50.44,50.4446,26219
2026-04-23 15:15:00,50.4446,50.45,50.44,50.4446,49534
2026-04-23 15:20:00,50.4415,50.45,50.44,50.45,51584
2026-04-23 15:25:00,50.447,50.45,50.44,50.445,27142
2026-04-23 15:30:00,50.445,50.45,50.44,50.445,22307
2026-04-23 15:35:00,50.447,50.45,50.44,50.4451,14151
2026-04-23 15:40:00,50.4499,50.45,50.44,50.45,179802
2026-04-23 15:45:00,50.445,50.45,50.44,50.4411,23956
2026-04-23 15:50:00,50.44,50.45,50.44,50.4499,142006
2026-04-23 15:55:00,50.445,50.45,50.44,50.445,121727
2026-04-23 16:00:00,50.44,50.45,50.44,50.45,18252
2026-04-23 16:05:00,50.45,50.45,50.4484,50.45,10744
2026-04-23 16:10:00,50.4401,50.4401,50.44,50.44,4650
2026-04-23 16:20:00,50.44,50.44,50.44,50.44,100
2026-04-23 16:35:00,50.4416,50.4416,50.4416,50.4416,150
2026-04-23 16:40:00,50.4413,50.4498,50.4413,50.4413,598
2026-04-23 16:50:00,50.44,50.45,50.44,50.45,498
2026-04-23 16:55:00,50.45,50.45,50.45,50.45,102
2026-04-23 17:10:00,50.44,50.44,50.44,50.44,125
2026-04-23 17:15:00,50.4487,50.4487,50.4401,50.4401,520
2026-04-23 17:25:00,50.45,50.45,50.45,50.45,19559
2026-04-23 17:30:00,50.45,50.45,50.45,50.45,889
2026-04-23 17:35:00,50.45,50.45,50.45,50.45,505
2026-04-23 17:50:00,50.45,50.45,50.45,50.45,654
2026-04-23 17:55:00,50.45,50.45,50.45,50.45,168
2026-04-23 18:00:00,50.45,50.45,50.45,50.45,226
2026-04-23 18:10:00,50.45,50.45,50.45,50.45,678
2026-04-23 18:15:00,50.45,50.45,50.45,50.45,525
2026-04-23 18:25:00,50.45,50.45,50.45,50.45,138
2026-04-23 18:40:00,50.45,50.45,50.45,50.45,620
2026-04-23 19:15:00,50.45,50.45,50.45,50.45,800
2026-04-23 19:35:00,50.45,50.45,50.45,50.45,14000
2026-04-23 19:45:00,50.45,50.45,50.45,50.45,198
2026-04-23 19:55:00,50.4574,50.4574,50.4574,50.4574,1189
2026-04-24 04:00:00,50.45,50.45,50.45,50.45,456
2026-04-24 04:10:00,50.45,50.46,50.45,50.46,1242
2026-04-24 05:15:00,50.46,50.46,50.46,50.46,2510
2026-04-24 07:00:00,50.46,50.4605,50.46,50.4605,8757
2026-04-24 07:15:00,50.4607,50.468,50.46,50.4605,1440
2026-04-24 07:20:00,50.47,50.47,50.4696,50.4696,2143
2026-04-24 07:25:00,50.46,50.4605,50.46,50.4605,408
2026-04-24 07:30:00,50.46,50.4605,50.46,50.4605,6715
2026-04-24 07:40:00,50.46,50.4601,50.46,50.46,1300
2026-04-24 08:00:00,50.465,50.465,50.46,50.46,260
2026-04-24 08:05:00,50.46,50.46,50.46,50.46,150
2026-04-24 08:10:00,50.4603,50.4603,50.4603,50.4603,100
2026-04-24 08:15:00,50.46,50.46,50.46,50.46,143
2026-04-24 08:25:00,50.46,50.46,50.46,50.46,150
2026-04-24 08:30:00,50.46,50.4605,50.46,50.4605,440
2026-04-24 08:35:00,50.46,50.4605,50.46,50.4605,1018
2026-04-24 08:50:00,50.46,50.4601,50.46,50.4601,400
2026-04-24 08:55:00,50.46,50.4601,50.46,50.4601,800
2026-04-24 09:00:00,50.46,50.46,50.46,50.46,205
2026-04-24 09:05:00,50.46,50.46,50.46,50.46,1000
2026-04-24 09:10:00,50.46,50.47,50.46,50.46,1926
2026-04-24 09:15:00,50.46,50.4605,50.46,50.46,4462
2026-04-24 09:20:00,50.4697,50.4697,50.46,50.4605,2995
2026-04-24 09:25:00,50.47,50.47,50.46,50.4601,2380
2026-04-24 09:30:00,50.46,50.47,50.46,50.4601,176271
2026-04-24 09:35:00,50.4603,50.4699,50.46,50.4607,83547
2026-04-24 09:40:00,50.465,50.4699,50.46,50.4601,39163
2026-04-24 09:45:00,50.4628,50.47,50.46,50.465,54394
2026-04-24 09:50:00,50.465,50.47,50.46,50.47,68718
2026-04-24 09:55:00,50.465,50.47,50.46,50.46,67190
2026-04-24 10:00:00,50.46,50.47,50.46,50.465,97660
2026-04-24 10:05:00,50.4601,50.47,50.46,50.4603,33446
2026-04-24 10:10:00,50.46,50.47,50.46,50.465,20130
2026-04-24 10:15:00,50.4601,50.47,50.46,50.465,30620
2026-04-24 10:20:00,50.4621,50.47,50.46,50.4601,74566
2026-04-24 10:25:00,50.465,50.47,50.46,50.4628,42364
2026-04-24 10:30:00,50.46,50.47,50.46,50.46,48205
2026-04-24 10:35:00,50.4621,50.4675,50.46,50.46,61765
2026-04-24 10:40:00,50.465,50.47,50.46,50.465,82696
2026-04-24 10:45:00,50.465,50.4699,50.46,50.4619,23875
2026-04-24 10:50:00,50.4601,50.47,50.46,50.46,53054
2026-04-24 10:55:00,50.465,50.47,50.46,50.4601,39947
2026-04-24 11:00:00,50.4699,50.4699,50.46,50.4653,30756
2026-04-24 11:05:00,50.46,50.47,50.46,50.465,27954
2026-04-24 11:10:00,50.4602,50.47,50.46,50.4619,42029
2026-04-24 11:15:00,50.4625,50.47,50.46,50.46,225298
2026-04-24 11:20:00,50.465,50.4699,50.46,50.4601,36580
2026-04-24 11:25:00,50.465,50.47,50.46,50.4601,70013
2026-04-24 11:30:00,50.465,50.465,50.46,50.46,42009
2026-04-24 11:35:00,50.4669,50.47,50.46,50.4601,168575
2026-04-24 11:40:00,50.46,50.47,50.46,50.4601,18247
2026-04-24 11:45:00,50.46,50.466,50.46,50.4601,31621
2026-04-24 11:50:00,50.465,50.4699,50.46,50.46,47398
2026-04-24 11:55:00,50.4601,50.4699,50.46,50.46,44098
2026-04-24 12:00:00,50.46,50.4699,50.46,50.465,20878
2026-04-24 12:05:00,50.46,50.47,50.46,50.4614,31560
2026-04-24 12:10:00,50.46,50.465,50.45,50.455,69254
2026-04-24 12:15:00,50.4544,50.46,50.45,50.4538,53226
2026-04-24 12:20:00,50.455,50.46,50.45,50.455,20312
2026-04-24 12:25:00,50.4551,50.4599,50.45,50.4501,35277
2026-04-24 12:30:00,50.46,50.46,50.45,50.455,23952
2026-04-24 12:35:00,50.4542,50.46,50.45,50.45,17989
2026-04-24 12:40:00,50.455,50.46,50.45,50.455,25768
2026-04-24 12:45:00,50.4542,50.46,50.45,50.455,42936
2026-04-24 12:50:00,50.455,50.46,50.45,50.4542,45299
2026-04-24 12:55:00,50.4542,50.4599,50.45,50.455,60282
2026-04-24 13:00:00,50.4538,50.46,50.45,50.455,23488
2026-04-24 13:05:00,50.455,50.46,50.45,50.455,74269
2026-04-24 13:10:00,50.4542,50.46,50.45,50.46,66817
2026-04-24 13:15:00,50.455,50.46,50.45,50.455,88835
2026-04-24 13:20:00,50.455,50.46,50.45,50.4552,57995
2026-04-24 13:25:00,50.455,50.4599,50.45,50.45,17383
2026-04-24 13:30:00,50.4542,50.46,50.4501,50.455,22577
2026-04-24 13:35:00,50.46,50.46,50.45,50.455,40348
2026-04-24 13:40:00,50.4502,50.46,50.45,50.45,21271
2026-04-24 13:45:00,50.4542,50.455,50.45,50.455,23567
2026-04-24 13:50:00,50.4501,50.46,50.45,50.455,22324
2026-04-24 13:55:00,50.455,50.4599,50.45,50.455,10148
2026-04-24 14:00:00,50.46,50.46,50.45,50.455,18344
2026-04-24 14:05:00,50.455,50.46,50.45,50.455,26285
2026-04-24 14:10:00,50.4501,50.46,50.4501,50.455,28419
2026-04-24 14:15:00,50.455,50.46,50.45,50.455,17875
2026-04-24 14:20:00,50.4539,50.455,50.45,50.455,15164
2026-04-24 14:25:00,50.455,50.46,50.45,50.4599,10863
2026-04-24 14:30:00,50.455,50.46,50.45,50.4503,22402
2026-04-24 14:35:00,50.4544,50.456,50.45,50.455,21597
2026-04-24 14:40:00,50.455,50.46,50.45,50.454,34417
2026-04-24 14:45:00,50.45,50.46,50.45,50.455,21695
2026-04-24 14:50:00,50.455,50.46,50.45,50.4538,37443
2026-04-24 14:55:00,50.46,50.46,50.45,50.45,22105
2026-04-24 15:00:00,50.455,50.46,50.45,50.455,58610
2026-04-24 15:05:00,50.4501,50.46,50.45,50.455,18527
2026-04-24 15:10:00,50.455,50.46,50.45,50.455,25001
2026-04-24 15:15:00,50.455,50.46,50.45,50.455,30788
2026-04-24 15:20:00,50.4538,50.46,50.45,50.455,29446
2026-04-24 15:25:00,50.455,50.46,50.45,50.455,111547
2026-04-24 15:30:00,50.455,50.46,50.45,50.4544,153281
2026-04-24 15:35:00,50.4544,50.46,50.45,50.455,38196
2026-04-24 15:40:00,50.455,50.46,50.45,50.455,90811
2026-04-24 15:45:00,50.455,50.46,50.45,50.46,127091
2026-04-24 15:50:00,50.4599,50.46,50.45,50.46,45110
2026-04-24 15:55:00,50.46,50.46,50.45,50.455,68275
2026-04-24 16:00:00,50.45,50.455,50.45,50.455,10956
2026-04-24 16:05:00,50.46,50.46,50.45,50.455,15514
2026-04-24 16:15:00,50.4501,50.4501,50.4501,50.4501,180
2026-04-24 16:30:00,50.4502,50.4502,50.4501,50.4501,300
2026-04-24 17:00:00,50.4503,50.4503,50.4503,50.4503,2396
2026-04-24 17:05:00,50.45,50.46,50.45,50.46,5200
2026-04-24 17:10:00,50.45,50.45,50.45,50.45,995
2026-04-24 17:15:00,50.45,50.4505,50.45,50.45,2834
2026-04-24 17:25:00,50.46,50.46,50.46,50.46,2467
2026-04-24 17:30:00,50.4599,50.46,50.45,50.4503,3657
2026-04-24 17:35:00,50.4597,50.4597,50.4597,50.4597,354
2026-04-24 17:40:00,50.4501,50.4501,50.45,50.45,666
2026-04-24 18:00:00,50.45,50.45,50.45,50.45,310
2026-04-24 18:10:00,50.4502,50.4502,50.4502,50.4502,186
2026-04-24 18:15:00,50.4585,50.4599,50.4585,50.4599,4762
2026-04-24 18:25:00,50.45,50.45,50.45,50.45,400
2026-04-24 18:30:00,50.4501,50.4505,50.45,50.45,2710
2026-04-24 18:35:00,50.45,50.45,50.45,50.45,135
2026-04-24 18:50:00,50.4587,50.4587,50.455,50.455,620
2026-04-24 19:10:00,50.46,50.46,50.46,50.46,2100
2026-04-24 19:20:00,50.4596,50.4596,50.4596,50.4596,100
2026-04-24 19:25:00,50.45,50.45,50.45,50.45,108
2026-04-24 19:35:00,50.4501,50.4501,50.4501,50.4501,5000
2026-04-24 19:40:00,50.45,50.45,50.45,50.45,368
2026-04-24 19:45:00,50.45,50.4505,50.45,50.4505,800
2026-04-24 19:50:00,50.46,50.46,50.46,50.46,500
2026-04-24 19:55:00,50.4518,50.46,50.45,50.46,6635
2026-04-27 05:30:00,50.315,50.315,50.315,50.315,32000
2026-04-27 05:40:00,50.31,50.31,50.31,50.31,100
2026-04-27 05:55:00,50.315,50.315,50.315,50.315,100
2026-04-27 06:30:00,50.32,50.32,50.32,50.32,1476
2026-04-27 07:00:00,50.315,50.315,50.31,50.3105,6958
2026-04-27 07:05:00,50.31,50.3199,50.31,50.3133,13545
2026-04-27 07:10:00,50.31,50.31,50.31,50.31,100
2026-04-27 07:15:00,50.31,50.3103,50.31,50.3101,3000
2026-04-27 07:20:00,50.31,50.3105,50.31,50.3105,1000
2026-04-27 07:25:00,50.31,50.3101,50.31,50.3101,200
2026-04-27 07:35:00,50.31,50.3101,50.31,50.3101,1600
2026-04-27 07:40:00,50.31,50.31,50.31,50.31,2300
2026-04-27 07:45:00,50.32,50.32,50.32,50.32,28500
2026-04-27 07:50:00,50.31,50.31,50.31,50.31,150
2026-04-27 07:55:00,50.3188,50.3188,50.3188,50.3188,500
2026-04-27 08:00:00,50.31,50.31,50.31,50.31,100
2026-04-27 08:05:00,50.31,50.3101,50.31,50.3101,1312
2026-04-27 08:10:00,50.31,50.3103,50.31,50.3103,4480
2026-04-27 08:30:00,50.31,50.3194,50.31,50.3194,6093
2026-04-27 08:35:00,50.3188,50.3192,50.31,50.3187,2414
2026-04-27 08:40:00,50.3199,50.3199,50.31,50.31,6687
2026-04-27 08:50:00,50.32,50.32,50.32,50.32,122
2026-04-27 09:10:00,50.31,50.31,50.31,50.31,100
2026-04-27 09:15:00,50.31,50.31,50.31,50.31,538
2026-04-27 09:20:00,50.31,50.3121,50.31,50.3103,10680
2026-04-27 09:25:00,50.3135,50.3135,50.31,50.31,4260
2026-04-27 09:30:00,50.31,50.32,50.31,50.31,215192
2026-04-27 09:35:00,50.31,50.32,50.31,50.31,108925
2026-04-27 09:40:00,50.3128,50.32,50.31,50.31,61645
2026-04-27 09:45:00,50.315,50.32,50.31,50.315,118370
2026-04-27 09:50:00,50.32,50.32,50.31,50.31,80038
2026-04-27 09:55:00,50.31,50.32,50.3,50.305,308657
2026-04-27 10:00:00,50.31,50.31,50.3,50.3001,181928
2026-04-27 10:05:00,50.305,50.31,50.3,50.305,43735
2026-04-27 10:10:00,50.3099,50.31,50.3,50.305,37371
2026-04-27 10:15:00,50.305,50.31,50.3,50.305,237209
2026-04-27 10:20:00,50.305,50.31,50.3,50.305,127798
2026-04-27 10:25:00,50.3093,50.31,50.3,50.305,29408
2026-04-27 10:30:00,50.3038,50.31,50.3,50.305,163487
2026-04-27 10:35:00,50.305,50.31,50.304,50.305,60577
2026-04-27 10:40:00,50.305,50.31,50.3,50.305,75368
2026-04-27 10:45:00,50.305,50.31,50.3,50.3055,53374
2026-04-27 10:50:00,50.305,50.31,50.3,50.3052,55548
2026-04-27 10:55:00,50.305,50.3099,50.3,50.305,19889
2026-04-27 11:00:00,50.3075,50.3098,50.3,50.305,36052
2026-04-27 11:05:00,50.305,50.31,50.3,50.305,72352
2026-04-27 11:10:00,50.305,50.31,50.3,50.3,26739
2026-04-27 11:15:00,50.3,50.3074,50.3,50.305,46990
2026-04-27 11:20:00,50.3099,50.31,50.3,50.304,53271
2026-04-27 11:25:00,50.305,50.31,50.3,50.3042,41807
2026-04-27 11:30:00,50.305,50.31,50.3,50.305,21140
2026-04-27 11:35:00,50.305,50.31,50.3,50.3097,41680
2026-04-27 11:40:00,50.3,50.31,50.3,50.305,39712
2026-04-27 11:45:00,50.305,50.31,50.3,50.305,23828
2026-04-27 11:50:00,50.3,50.31,50.3,50.3044,47407
2026-04-27 11:55:00,50.3044,50.31,50.3,50.3099,27845
2026-04-27 12:00:00,50.305,50.31,50.3,50.305,77798
2026-04-27 12:05:00,50.3039,50.31,50.3001,50.3042,11729
2026-04-27 12:10:00,50.305,50.31,50.3,50.305,97398
2026-04-27 12:15:00,50.3043,50.31,50.3,50.305,18430
2026-04-27 12:20:00,50.305,50.31,50.3,50.305,34820
2026-04-27 12:25:00,50.305,50.31,50.3,50.3,24659
2026-04-27 12:30:00,50.305,50.31,50.3,50.305,23933
2026-04-27 12:35:00,50.3042,50.31,50.3022,50.305,53572
2026-04-27 12:40:00,50.305,50.31,50.3037,50.3077,191416
2026-04-27 12:45:00,50.305,50.31,50.3,50.305,38710
2026-04-27 12:50:00,50.305,50.31,50.305,50.305,10019
2026-04-27 12:55:00,50.3,50.31,50.3,50.3042,55244
2026-04-27 13:00:00,50.305,50.31,50.3,50.305,12365
2026-04-27 13:05:00,50.305,50.31,50.3001,50.305,34986
2026-04-27 13:10:00,50.31,50.31,50.3,50.3042,7860
2026-04-27 13:15:00,50.3075,50.31,50.3,50.3077,32688
2026-04-27 13:20:00,50.3001,50.31,50.3,50.305,26848
2026-04-27 13:25:00,50.3044,50.31,50.3,50.3099,102806
2026-04-27 13:30:00,50.3042,50.31,50.3,50.305,9014
2026-04-27 13:35:00,50.3,50.31,50.3,50.3099,19764
2026-04-27 13:40:00,50.3042,50.31,50.3,50.305,19275
2026-04-27 13:45:00,50.3001,50.31,50.3,50.3042,20219
2026-04-27 13:50:00,50.3099,50.31,50.3,50.305,60807
2026-04-27 13:55:00,50.305,50.31,50.3001,50.305,26248
2026-04-27 14:00:00,50.31,50.31,50.3001,50.305,44849
2026-04-27 14:05:00,50.305,50.31,50.3,50.3045,23745
2026-04-27 14:10:00,50.3062,50.31,50.3,50.3042,13245
2026-04-27 14:15:00,50.3042,50.3099,50.3001,50.305,11062
2026-04-27 14:20:00,50.305,50.31,50.3,50.3099,65501
2026-04-27 14:25:00,50.305,50.31,50.3,50.3075,21014
2026-04-27 14:30:00,50.305,50.3099,50.304,50.3077,10581
2026-04-27 14:35:00,50.3042,50.31,50.3,50.305,33811
2026-04-27 14:40:00,50.3042,50.31,50.3,50.3042,37875
2026-04-27 14:45:00,50.305,50.31,50.3,50.3,64500
2026-04-27 14:50:00,50.3099,50.3099,50.3,50.3076,33622
2026-04-27 14:55:00,50.305,50.31,50.3,50.3042,19902
2026-04-27 15:00:00,50.305,50.31,50.3,50.3058,75991
2026-04-27 15:05:00,50.3099,50.31,50.3,50.3099,53069
2026-04-27 15:10:00,50.3043,50.31,50.3,50.3042,79731
2026-04-27 15:15:00,50.305,50.31,50.3,50.3042,88719
2026-04-27 15:20:00,50.305,50.31,50.3,50.3,16738
2026-04-27 15:25:00,50.3075,50.31,50.3,50.305,28065
2026-04-27 15:30:00,50.305,50.31,50.3,50.3099,58691
2026-04-27 15:35:00,50.305,50.31,50.3,50.305,48236
2026-04-27 15:40:00,50.308,50.31,50.3,50.305,27016
2026-04-27 15:45:00,50.3077,50.31,50.3,50.3097,43426
2026-04-27 15:50:00,50.305,50.31,50.3,50.31,64880
2026-04-27 15:55:00,50.305,50.31,50.3,50.31,136027
2026-04-27 16:00:00,50.31,50.31,50.31,50.31,38398
2026-04-27 16:05:00,50.31,50.31,50.31,50.31,10134
2026-04-27 16:10:00,50.31,50.31,50.31,50.31,16300
2026-04-27 16:15:00,50.31,50.31,50.31,50.31,1730
2026-04-27 16:20:00,50.31,50.31,50.31,50.31,9854
2026-04-27 16:25:00,50.31,50.31,50.31,50.31,1820
2026-04-27 16:30:00,50.31,50.31,50.31,50.31,1520
2026-04-27 16:45:00,50.31,50.31,50.31,50.31,4600
2026-04-27 16:55:00,50.31,50.31,50.31,50.31,537
2026-04-27 17:10:00,50.31,50.31,50.31,50.31,2270
2026-04-27 17:30:00,50.31,50.31,50.31,50.31,700
2026-04-27 17:35:00,50.31,50.31,50.31,50.31,976
2026-04-27 18:10:00,50.31,50.31,50.31,50.31,400
2026-04-27 18:40:00,50.31,50.31,50.31,50.31,100
2026-04-27 18:45:00,50.31,50.31,50.31,50.31,198
2026-04-27 19:05:00,50.31,50.31,50.31,50.31,100
2026-04-27 19:10:00,50.31,50.31,50.31,50.31,305
2026-04-27 19:20:00,50.31,50.31,50.31,50.31,329
2026-04-27 19:40:00,50.31,50.31,50.31,50.31,199
2026-04-27 19:55:00,50.3001,50.3001,50.3001,50.3001,120
2026-04-28 04:00:00,50.32,50.32,50.32,50.32,125
2026-04-28 05:30:00,50.32,50.32,50.32,50.32,1649
2026-04-28 05:35:00,50.31,50.31,50.31,50.31,254
2026-04-28 07:20:00,50.3197,50.3197,50.3197,50.3197,318
2026-04-28 07:25:00,50.3193,50.3193,50.3193,50.3193,584
2026-04-28 07:50:00,50.3165,50.3165,50.3165,50.3165,597
2026-04-28 08:35:00,50.32,50.32,50.32,50.32,200
2026-04-28 08:55:00,50.315,50.315,50.315,50.315,100
2026-04-28 09:00:00,50.32,50.32,50.315,50.32,2417
2026-04-28 09:05:00,50.32,50.32,50.31,50.32,5818
2026-04-28 09:25:00,50.3102,50.3102,50.3102,50.3102,100
2026-04-28 09:30:00,50.32,50.32,50.31,50.3149,145332
2026-04-28 09:35:00,50.3101,50.32,50.31,50.32,42193
2026-04-28 09:40:00,50.32,50.32,50.31,50.315,39828
2026-04-28 09:45:00,50.32,50.32,50.31,50.32,54529
2026-04-28 09:50:00,50.32,50.32,50.31,50.32,20205
2026-04-28 09:55:00,50.316,50.32,50.31,50.32,43808
2026-04-28 10:00:00,50.3143,50.32,50.31,50.32,25855
2026-04-28 10:05:00,50.315,50.32,50.31,50.3142,24779
2026-04-28 10:10:00,50.32,50.32,50.31,50.32,24248
2026-04-28 10:15:00,50.3101,50.32,50.31,50.32,31799
2026-04-28 10:20:00,50.315,50.32,50.31,50.315,25912
2026-04-28 10:25:00,50.32,50.32,50.31,50.32,17369
2026-04-28 10:30:00,50.32,50.32,50.31,50.32,17566
2026-04-28 10:35:00,50.32,50.32,50.31,50.32,40675
2026-04-28 10:40:00,50.3101,50.32,50.31,50.32,44194
2026-04-28 10:45:00,50.32,50.32,50.31,50.32,32855
2026-04-28 10:50:00,50.32,50.32,50.31,50.3142,46322
2026-04-28 10:55:00,50.32,50.32,50.31,50.32,34721
2026-04-28 11:00:00,50.32,50.32,50.31,50.32,31549
2026-04-28 11:05:00,50.31,50.32,50.31,50.32,58596
2026-04-28 11:10:00,50.32,50.32,50.31,50.32,16084
2026-04-28 11:15:00,50.32,50.32,50.31,50.32,11066
2026-04-28 11:20:00,50.32,50.32,50.31,50.315,27218
2026-04-28 11:25:00,50.32,50.32,50.3101,50.32,40610
2026-04-28 11:30:00,50.32,50.32,50.31,50.32,11117
2026-04-28 11:35:00,50.315,50.32,50.31,50.32,293566
2026-04-28 11:40:00,50.32,50.32,50.31,50.32,13619
2026-04-28 11:45:00,50.32,50.32,50.31,50.32,15842
2026-04-28 11:50:00,50.3168,50.32,50.31,50.32,68410
2026-04-28 11:55:00,50.3164,50.32,50.31,50.32,25816
2026-04-28 12:00:00,50.32,50.32,50.31,50.32,36136
2026-04-28 12:05:00,50.32,50.32,50.31,50.32,17094
2026-04-28 12:10:00,50.32,50.32,50.31,50.32,12607
2026-04-28 12:15:00,50.32,50.32,50.31,50.3101,13640
2026-04-28 12:20:00,50.32,50.32,50.315,50.32,5038
2026-04-28 12:25:00,50.32,50.32,50.31,50.32,16308
2026-04-28 12:30:00,50.32,50.32,50.31,50.3101,52878
2026-04-28 12:35:00,50.32,50.32,50.31,50.32,8123
2026-04-28 12:40:00,50.32,50.32,50.31,50.3199,40971
2026-04-28 12:45:00,50.32,50.32,50.3145,50.32,9420
2026-04-28 12:50:00,50.32,50.32,50.31,50.32,46657
2026-04-28 12:55:00,50.32,50.32,50.31,50.32,16764
2026-04-28 13:00:00,50.315,50.32,50.3101,50.32,15440
2026-04-28 13:05:00,50.32,50.32,50.3115,50.32,19846
2026-04-28 13:10:00,50.32,50.32,50.31,50.32,26103
2026-04-28 13:15:00,50.3144,50.32,50.31,50.32,55379
2026-04-28 13:20:00,50.3163,50.32,50.31,50.32,116229
2026-04-28 13:25:00,50.32,50.32,50.31,50.32,8521
2026-04-28 13:30:00,50.315,50.32,50.31,50.32,13697
2026-04-28 13:35:00,50.315,50.32,50.31,50.32,11611
2026-04-28 13:40:00,50.32,50.32,50.31,50.32,269217
2026-04-28 13:45:00,50.32,50.32,50.31,50.32,19771
2026-04-28 13:50:00,50.315,50.32,50.31,50.315,40016
2026-04-28 13:55:00,50.315,50.32,50.31,50.32,32671
2026-04-28 14:00:00,50.32,50.32,50.31,50.32,32179
2026-04-28 14:05:00,50.32,50.32,50.31,50.32,17383
2026-04-28 14:10:00,50.3142,50.32,50.31,50.32,47188
2026-04-28 14:15:00,50.3199,50.32,50.3101,50.32,116826
2026-04-28 14:20:00,50.32,50.32,50.3101,50.32,12413
2026-04-28 14:25:00,50.315,50.32,50.31,50.32,18360
2026-04-28 14:30:00,50.32,50.32,50.31,50.3199,33684
2026-04-28 14:35:00,50.32,50.32,50.31,50.32,20709
2026-04-28 14:40:00,50.32,50.32,50.31,50.315,23611
2026-04-28 14:45:00,50.32,50.32,50.31,50.315,11295
2026-04-28 14:50:00,50.32,50.32,50.3101,50.32,21974
2026-04-28 14:55:00,50.32,50.32,50.314,50.315,39361
2026-04-28 15:00:00,50.32,50.32,50.31,50.315,32911
2026-04-28 15:05:00,50.315,50.32,50.31,50.32,55024
2026-04-28 15:10:00,50.32,50.32,50.3101,50.32,52949
2026-04-28 15:15:00,50.32,50.32,50.31,50.315,15803
2026-04-28 15:20:00,50.32,50.32,50.31,50.3145,34849
2026-04-28 15:25:00,50.32,50.32,50.31,50.32,187077
2026-04-28 15:30:00,50.32,50.32,50.31,50.315,292002
2026-04-28 15:35:00,50.32,50.32,50.31,50.315,19120
2026-04-28 15:40:00,50.32,50.32,50.31,50.315,32068
2026-04-28 15:45:00,50.315,50.32,50.31,50.3101,58680
2026-04-28 15:50:00,50.32,50.32,50.31,50.315,274270
2026-04-28 15:55:00,50.315,50.32,50.31,50.32,90597
2026-04-28 16:00:00,50.32,50.32,50.3113,50.3165,5568
2026-04-28 16:05:00,50.31,50.31,50.31,50.31,3554
2026-04-28 16:15:00,50.315,50.315,50.315,50.315,1052
2026-04-28 16:35:00,50.3199,50.3199,50.3199,50.3199,12333
2026-04-28 16:45:00,50.3197,50.32,50.3197,50.32,7986
2026-04-28 16:55:00,50.31,50.31,50.31,50.31,400
2026-04-28 17:25:00,50.31,50.31,50.31,50.31,4074
2026-04-28 17:45:00,50.32,50.32,50.32,50.32,300
2026-04-28 17:55:00,50.31,50.31,50.31,50.31,750
2026-04-28 18:10:00,50.31,50.31,50.31,50.31,497
2026-04-28 18:15:00,50.3103,50.3103,50.3103,50.3103,100
2026-04-28 18:30:00,50.3103,50.3103,50.3103,50.3103,100
2026-04-28 18:40:00,50.3113,50.3113,50.3113,50.3113,100
2026-04-28 19:25:00,50.31,50.3103,50.31,50.3103,360
2026-04-28 19:40:00,50.31,50.31,50.31,50.31,200
2026-04-28 19:50:00,50.3165,50.32,50.3165,50.3195,6099
2026-04-28 19:55:00,50.32,50.32,50.32,50.32,1000
2026-04-29 04:00:00,50.32,50.32,50.32,50.32,449
2026-04-29 04:15:00,50.32,50.32,50.32,50.32,1000
2026-04-29 04:40:00,50.32,50.32,50.32,50.32,998
2026-04-29 04:50:00,50.32,50.32,50.32,50.32,225
2026-04-29 07:05:00,50.3299,50.3299,50.3299,50.3299,500
2026-04-29 07:20:00,50.3259,50.3259,50.3259,50.3259,1645
2026-04-29 07:30:00,50.3203,50.3203,50.3203,50.3203,500
2026-04-29 07:55:00,50.3287,50.3287,50.3287,50.3287,200
2026-04-29 08:25:00,50.3299,50.3299,50.3299,50.3299,500
2026-04-29 08:30:00,50.325,50.325,50.325,50.325,100
2026-04-29 08:35:00,50.3292,50.3292,50.3292,50.3292,700
2026-04-29 08:40:00,50.3287,50.3287,50.32,50.32,805
2026-04-29 08:45:00,50.32,50.32,50.32,50.32,600
2026-04-29 09:05:00,50.32,50.32,50.32,50.32,100
2026-04-29 09:10:00,50.32,50.32,50.32,50.32,317
2026-04-29 09:15:00,50.3265,50.3265,50.32,50.32,2100
2026-04-29 09:20:00,50.3264,50.3264,50.32,50.32,1610
2026-04-29 09:25:00,50.3293,50.3293,50.3293,50.3293,1391
2026-04-29 09:30:00,50.33,50.33,50.32,50.3201,142826
2026-04-29 09:35:00,50.3254,50.33,50.32,50.32,26476
2026-04-29 09:40:00,50.32,50.33,50.32,50.33,67295
2026-04-29 09:45:00,50.33,50.33,50.32,50.3207,36473
2026-04-29 09:50:00,50.325,50.33,50.32,50.325,5508
2026-04-29 09:55:00,50.325,50.33,50.32,50.325,41262
2026-04-29 10:00:00,50.325,50.33,50.32,50.33,176026
2026-04-29 10:05:00,50.325,50.33,50.32,50.325,21468
2026-04-29 10:10:00,50.325,50.3299,50.32,50.32,22793
2026-04-29 10:15:00,50.32,50.33,50.32,50.3201,31090
2026-04-29 10:20:00,50.3201,50.33,50.3201,50.325,14827
2026-04-29 10:25:00,50.3201,50.33,50.32,50.325,10306
2026-04-29 10:30:00,50.3265,50.33,50.32,50.325,60469
2026-04-29 10:35:00,50.33,50.33,50.32,50.325,14220
2026-04-29 10:40:00,50.3245,50.33,50.32,50.32,21979
2026-04-29 10:45:00,50.325,50.33,50.32,50.325,15404
2026-04-29 10:50:00,50.33,50.33,50.32,50.32,15147
2026-04-29 10:55:00,50.3297,50.33,50.32,50.32,19145
2026-04-29 11:00:00,50.3202,50.33,50.32,50.325,32315
2026-04-29 11:05:00,50.325,50.33,50.32,50.32,19208
2026-04-29 11:10:00,50.3247,50.33,50.32,50.325,211903
2026-04-29 11:15:00,50.325,50.33,50.32,50.3205,16755
2026-04-29 11:20:00,50.33,50.33,50.32,50.325,14058
2026-04-29 11:25:00,50.3247,50.33,50.32,50.325,10186
2026-04-29 11:30:00,50.3247,50.3299,50.32,50.325,388435
2026-04-29 11:35:00,50.325,50.325,50.32,50.3245,13342
2026-04-29 11:40:00,50.325,50.33,50.32,50.325,11154
2026-04-29 11:45:00,50.32,50.33,50.32,50.3299,14044
2026-04-29 11:50:00,50.3245,50.33,50.3201,50.3245,63759
2026-04-29 11:55:00,50.325,50.33,50.32,50.327,19582
2026-04-29 12:00:00,50.325,50.325,50.32,50.325,1846
2026-04-29 12:05:00,50.3245,50.33,50.32,50.325,7388
2026-04-29 12:10:00,50.3261,50.33,50.32,50.325,22612
2026-04-29 12:15:00,50.32,50.33,50.32,50.325,33901
2026-04-29 12:20:00,50.3201,50.3258,50.32,50.3247,11167
2026-04-29 12:25:00,50.3299,50.33,50.32,50.325,21767
2026-04-29 12:30:00,50.325,50.33,50.32,50.3245,28797
2026-04-29 12:35:00,50.33,50.33,50.32,50.3243,9203
2026-04-29 12:40:00,50.3245,50.33,50.32,50.3242,40009
2026-04-29 12:45:00,50.325,50.33,50.3241,50.33,12216
2026-04-29 12:50:00,50.33,50.33,50.32,50.325,17095
2026-04-29 12:55:00,50.32,50.33,50.32,50.3299,18980
2026-04-29 13:00:00,50.3245,50.3299,50.32,50.3299,13790
2026-04-29 13:05:00,50.325,50.33,50.32,50.3245,12327
2026-04-29 13:10:00,50.3284,50.33,50.32,50.325,21521
2026-04-29 13:15:00,50.325,50.33,50.32,50.33,19574
2026-04-29 13:20:00,50.33,50.33,50.32,50.325,86210
2026-04-29 13:25:00,50.325,50.33,50.32,50.33,18610
2026-04-29 13:30:00,50.325,50.33,50.3201,50.33,27293
2026-04-29 13:35:00,50.32,50.33,50.32,50.325,78095
2026-04-29 13:40:00,50.325,50.33,50.32,50.325,34640
2026-04-29 13:45:00,50.325,50.33,50.32,50.3242,44524
2026-04-29 13:50:00,50.3247,50.33,50.32,50.325,27483
2026-04-29 13:55:00,50.325,50.33,50.32,50.32,4371
2026-04-29 14:00:00,50.3299,50.33,50.32,50.325,104645
2026-04-29 14:05:00,50.325,50.33,50.32,50.325,16869
2026-04-29 14:10:00,50.325,50.33,50.32,50.325,34881
2026-04-29 14:15:00,50.325,50.33,50.32,50.325,26332
2026-04-29 14:20:00,50.325,50.33,50.32,50.32,15314
2026-04-29 14:25:00,50.325,50.33,50.32,50.3201,72867
2026-04-29 14:30:00,50.325,50.33,50.32,50.3299,66102
2026-04-29 14:35:00,50.3265,50.33,50.32,50.325,41989
2026-04-29 14:40:00,50.3201,50.33,50.32,50.33,15125
2026-04-29 14:45:00,50.3245,50.33,50.32,50.3245,12810
2026-04-29 14:50:00,50.33,50.33,50.32,50.32,27354
2026-04-29 14:55:00,50.325,50.33,50.32,50.325,29186
2026-04-29 15:00:00,50.325,50.33,50.32,50.325,30159
2026-04-29 15:05:00,50.32,50.33,50.32,50.3236,63106
2026-04-29 15:10:00,50.325,50.33,50.32,50.325,40541
2026-04-29 15:15:00,50.3201,50.33,50.32,50.33,24895
2026-04-29 15:20:00,50.325,50.325,50.32,50.325,17908
2026-04-29 15:25:00,50.325,50.33,50.32,50.33,22877
2026-04-29 15:30:00,50.323,50.33,50.32,50.325,29468
2026-04-29 15:35:00,50.325,50.33,50.32,50.32,75136
2026-04-29 15:40:00,50.325,50.33,50.32,50.3264,45717
2026-04-29 15:45:00,50.325,50.33,50.32,50.32,72340
2026-04-29 15:50:00,50.3299,50.33,50.32,50.325,56286
2026-04-29 15:55:00,50.33,50.33,50.32,50.32,150383
2026-04-29 16:00:00,50.33,50.33,50.32,50.32,10346
2026-04-29 16:05:00,50.33,50.33,50.32,50.32,1448
2026-04-29 16:15:00,50.32,50.32,50.32,50.32,1391
2026-04-29 16:20:00,50.3201,50.3201,50.3201,50.3201,1380
2026-04-29 16:25:00,50.33,50.33,50.325,50.33,9839
2026-04-29 16:30:00,50.32,50.325,50.32,50.325,1685
2026-04-29 16:35:00,50.325,50.325,50.325,50.325,471
2026-04-29 16:40:00,50.3201,50.33,50.3201,50.33,2435
2026-04-29 16:45:00,50.3201,50.3201,50.3201,50.3201,1684
2026-04-29 17:05:00,50.33,50.33,50.33,50.33,105
2026-04-29 17:30:00,50.32,50.32,50.32,50.32,188
2026-04-29 18:10:00,50.3204,50.3204,50.3204,50.3204,100
2026-04-29 18:30:00,50.33,50.33,50.33,50.33,318
2026-04-29 18:50:00,50.3205,50.3205,50.3203,50.3203,200
2026-04-29 19:10:00,50.33,50.33,50.33,50.33,500
2026-04-29 19:15:00,50.3298,50.3298,50.325,50.325,5000
2026-04-29 19:20:00,50.325,50.325,50.325,50.325,1000
2026-04-29 19:30:00,50.3201,50.3201,50.3201,50.3201,570
2026-04-29 19:35:00,50.3265,50.3265,50.3265,50.3265,150
2026-04-29 19:40:00,50.33,50.33,50.33,50.33,1500
2026-04-29 19:50:00,50.33,50.33,50.3295,50.3298,1200
2026-04-29 19:55:00,50.33,50.33,50.3295,50.3295,1200
2026-04-30 04:00:00,50.32,50.33,50.32,50.32,1000
2026-04-30 04:10:00,50.33,50.33,50.33,50.33,569
2026-04-30 04:50:00,50.33,50.33,50.33,50.33,200
2026-04-30 05:00:00,50.34,50.34,50.34,50.34,9980
2026-04-30 05:40:00,50.33,50.33,50.33,50.33,700
2026-04-30 05:45:00,50.34,50.34,50.34,50.34,613
2026-04-30 07:00:00,50.33,50.33,50.33,50.33,10500
2026-04-30 07:10:00,50.3397,50.3397,50.3397,50.3397,658
2026-04-30 07:20:00,50.335,50.335,50.335,50.335,199
2026-04-30 07:25:00,50.3399,50.3399,50.3399,50.3399,3020
2026-04-30 07:40:00,50.335,50.335,50.335,50.335,203
2026-04-30 07:45:00,50.335,50.335,50.335,50.335,300
2026-04-30 08:00:00,50.335,50.335,50.335,50.335,300
2026-04-30 08:25:00,50.3387,50.3387,50.335,50.335,396
2026-04-30 08:40:00,50.33,50.335,50.33,50.335,1093
2026-04-30 08:50:00,50.335,50.335,50.335,50.335,872
2026-04-30 08:55:00,50.335,50.335,50.33,50.33,732
2026-04-30 09:00:00,50.335,50.3387,50.335,50.3387,678
2026-04-30 09:05:00,50.33,50.335,50.33,50.335,300
2026-04-30 09:30:00,50.34,50.34,50.33,50.3397,205221
2026-04-30 09:35:00,50.3348,50.34,50.33,50.335,55095
2026-04-30 09:40:00,50.33,50.34,50.33,50.335,36244
2026-04-30 09:45:00,50.335,50.34,50.33,50.335,39449
2026-04-30 09:50:00,50.335,50.34,50.33,50.335,32966
2026-04-30 09:55:00,50.335,50.34,50.33,50.335,87674
2026-04-30 10:00:00,50.34,50.34,50.33,50.335,44030
2026-04-30 10:05:00,50.33,50.34,50.33,50.34,52162
2026-04-30 10:10:00,50.33,50.34,50.33,50.33,45418
2026-04-30 10:15:00,50.33,50.34,50.33,50.335,43919
2026-04-30 10:20:00,50.33,50.335,50.33,50.335,25879
2026-04-30 10:25:00,50.335,50.34,50.33,50.3393,59675
2026-04-30 10:30:00,50.335,50.34,50.33,50.33,47885
2026-04-30 10:35:00,50.33,50.34,50.33,50.3348,36518
2026-04-30 10:40:00,50.335,50.34,50.33,50.3307,26716
2026-04-30 10:45:00,50.335,50.34,50.33,50.335,22055
2026-04-30 10:50:00,50.335,50.34,50.33,50.33,56774
2026-04-30 10:55:00,50.335,50.34,50.33,50.33,36263
2026-04-30 11:00:00,50.335,50.3399,50.33,50.33,18193
2026-04-30 11:05:00,50.33,50.34,50.33,50.335,47573
2026-04-30 11:10:00,50.335,50.34,50.33,50.335,44632
2026-04-30 11:15:00,50.335,50.34,50.33,50.335,43840
2026-04-30 11:20:00,50.33,50.34,50.33,50.335,68626
2026-04-30 11:25:00,50.33,50.34,50.33,50.335,398230
2026-04-30 11:30:00,50.34,50.34,50.33,50.34,149737
2026-04-30 11:35:00,50.335,50.34,50.33,50.3335,15629
2026-04-30 11:40:00,50.335,50.34,50.33,50.34,45426
2026-04-30 11:45:00,50.3301,50.34,50.33,50.3301,50212
2026-04-30 11:50:00,50.335,50.34,50.33,50.34,66532
2026-04-30 11:55:00,50.335,50.34,50.33,50.34,25853
2026-04-30 12:00:00,50.3363,50.34,50.33,50.3399,43254
2026-04-30 12:05:00,50.34,50.34,50.33,50.34,41354
2026-04-30 12:10:00,50.3343,50.34,50.33,50.335,32733
2026-04-30 12:15:00,50.3399,50.34,50.33,50.34,29987
2026-04-30 12:20:00,50.335,50.34,50.33,50.335,31387
2026-04-30 12:25:00,50.33,50.34,50.33,50.335,18681
2026-04-30 12:30:00,50.335,50.34,50.33,50.3314,18696
2026-04-30 12:35:00,50.34,50.34,50.33,50.34,41500
2026-04-30 12:40:00,50.335,50.34,50.33,50.34,37370
2026-04-30 12:45:00,50.33,50.34,50.33,50.33,63070
2026-04-30 12:50:00,50.3399,50.34,50.33,50.3385,21939
2026-04-30 12:55:00,50.335,50.34,50.33,50.335,33738
2026-04-30 13:00:00,50.3369,50.34,50.33,50.34,20290
2026-04-30 13:05:00,50.33,50.34,50.33,50.3399,54848
2026-04-30 13:10:00,50.335,50.34,50.33,50.33,21960
2026-04-30 13:15:00,50.33,50.34,50.33,50.33,29329
2026-04-30 13:20:00,50.335,50.34,50.33,50.335,33805
2026-04-30 13:25:00,50.34,50.34,50.33,50.34,30031
2026-04-30 13:30:00,50.3301,50.34,50.33,50.3374,42014
2026-04-30 13:35:00,50.3399,50.34,50.33,50.33,47374
2026-04-30 13:40:00,50.33,50.34,50.33,50.3344,119135
2026-04-30 13:45:00,50.34,50.34,50.33,50.34,120538
2026-04-30 13:50:00,50.34,50.34,50.33,50.33,39516
2026-04-30 13:55:00,50.3384,50.34,50.33,50.33,112801
2026-04-30 14:00:00,50.33,50.34,50.33,50.33,89139
2026-04-30 14:05:00,50.3399,50.34,50.33,50.335,117416
2026-04-30 14:10:00,50.335,50.34,50.33,50.34,46784
2026-04-30 14:15:00,50.34,50.34,50.33,50.335,44742
2026-04-30 14:20:00,50.335,50.34,50.33,50.34,37662
2026-04-30 14:25:00,50.34,50.34,50.33,50.34,44435
2026-04-30 14:30:00,50.335,50.34,50.33,50.34,82217
2026-04-30 14:35:00,50.335,50.35,50.3301,50.3475,617662
2026-04-30 14:40:00,50.345,50.35,50.34,50.3499,42721
2026-04-30 14:45:00,50.345,50.35,50.34,50.3451,18289
2026-04-30 14:50:00,50.35,50.35,50.34,50.3478,16827
2026-04-30 14:55:00,50.35,50.35,50.3437,50.345,24667
2026-04-30 15:00:00,50.34,50.35,50.34,50.345,42975
2026-04-30 15:05:00,50.345,50.35,50.34,50.3451,145497
2026-04-30 15:10:00,50.345,50.35,50.3401,50.3448,31737
2026-04-30 15:15:00,50.345,50.35,50.34,50.345,88183
2026-04-30 15:20:00,50.345,50.35,50.34,50.345,101707
2026-04-30 15:25:00,50.35,50.35,50.34,50.3451,67029
2026-04-30 15:30:00,50.345,50.35,50.34,50.345,52372
2026-04-30 15:35:00,50.34,50.35,50.34,50.345,57664
2026-04-30 15:40:00,50.3451,50.35,50.34,50.35,74715
2026-04-30 15:45:00,50.35,50.35,50.34,50.34,73040
2026-04-30 15:50:00,50.345,50.35,50.34,50.345,64142
2026-04-30 15:55:00,50.345,50.35,50.34,50.34,96853
2026-04-30 16:00:00,50.35,50.35,50.35,50.35,16230
2026-04-30 16:05:00,50.3497,50.3498,50.3435,50.345,7061
2026-04-30 16:10:00,50.3442,50.3442,50.3402,50.3402,2970
2026-04-30 16:20:00,50.3497,50.3497,50.3413,50.3413,851
2026-04-30 16:30:00,50.3405,50.3405,50.3405,50.3405,124
2026-04-30 16:35:00,50.34,50.3498,50.34,50.34,1290
2026-04-30 16:40:00,50.3413,50.3435,50.34,50.34,711
2026-04-30 16:50:00,50.35,50.35,50.35,50.35,1074
2026-04-30 16:55:00,50.34,50.34,50.34,50.34,199
2026-04-30 17:05:00,50.34,50.34,50.34,50.34,250
2026-04-30 17:20:00,50.3459,50.3459,50.3459,50.3459,105
2026-04-30 17:45:00,50.3499,50.3499,50.3402,50.3402,1100
2026-04-30 17:55:00,50.3465,50.3465,50.3465,50.3465,139
2026-04-30 18:00:00,50.3435,50.3499,50.3435,50.3499,2659
2026-04-30 18:10:00,50.35,50.35,50.35,50.35,8459
2026-04-30 18:25:00,50.3498,50.3498,50.3498,50.3498,175
2026-04-30 18:55:00,50.3499,50.3499,50.34,50.34,25421
2026-04-30 19:00:00,50.34,50.34,50.34,50.34,225
2026-04-30 19:30:00,50.35,50.35,50.3495,50.3495,310
2026-04-30 19:35:00,50.3465,50.3465,50.3465,50.3465,160
2026-04-30 19:45:00,50.3465,50.3465,50.3413,50.3413,500
2026-04-30 19:50:00,50.34,50.34,50.34,50.34,410
2026-05-01 04:00:00,50.36,50.36,50.36,50.36,600
2026-05-01 06:00:00,50.36,50.36,50.36,50.36,500
2026-05-01 07:00:00,50.3601,50.3613,50.3601,50.3613,769
2026-05-01 07:05:00,50.3691,50.3691,50.3691,50.3691,268
2026-05-01 07:10:00,50.365,50.365,50.365,50.365,624
2026-05-01 07:55:00,50.365,50.365,50.365,50.365,29282
2026-05-01 08:15:00,50.36,50.36,50.36,50.36,4538
2026-05-01 08:25:00,50.3663,50.3663,50.36,50.36,204148
2026-05-01 08:30:00,50.36,50.363,50.36,50.363,12600
2026-05-01 08:35:00,50.36,50.36,50.36,50.36,9985
2026-05-01 08:40:00,50.3635,50.3689,50.3635,50.3689,3418
2026-05-01 08:55:00,50.3603,50.3603,50.3603,50.3603,206
2026-05-01 09:00:00,50.36,50.3601,50.36,50.3601,4463
2026-05-01 09:05:00,50.3698,50.3698,50.3688,50.3688,604
2026-05-01 09:15:00,50.37,50.37,50.36,50.36,6930
2026-05-01 09:25:00,50.3603,50.3631,50.3603,50.3631,320
2026-05-01 09:30:00,50.36,50.37,50.36,50.3615,138084
2026-05-01 09:35:00,50.3601,50.37,50.36,50.365,40002
2026-05-01 09:40:00,50.3628,50.37,50.36,50.36,11877
2026-05-01 09:45:00,50.36,50.37,50.36,50.3658,30437
2026-05-01 09:50:00,50.365,50.368,50.36,50.3633,18985
2026-05-01 09:55:00,50.3601,50.37,50.36,50.3603,8750
2026-05-01 10:00:00,50.3622,50.366,50.36,50.365,34325
2026-05-01 10:05:00,50.3601,50.37,50.36,50.36,20774
2026-05-01 10:10:00,50.3622,50.37,50.36,50.3628,34498
2026-05-01 10:15:00,50.365,50.37,50.36,50.36,45984
2026-05-01 10:20:00,50.365,50.37,50.36,50.36,45017
2026-05-01 10:25:00,50.365,50.37,50.36,50.3601,64191
2026-05-01 10:30:00,50.3601,50.3657,50.36,50.36,27573
2026-05-01 10:35:00,50.3601,50.37,50.36,50.3699,28999
2026-05-01 10:40:00,50.365,50.3661,50.36,50.3661,20274
2026-05-01 10:45:00,50.365,50.37,50.36,50.37,56278
2026-05-01 10:50:00,50.365,50.37,50.36,50.365,16399
2026-05-01 10:55:00,50.365,50.3657,50.36,50.365,28176
2026-05-01 11:00:00,50.3657,50.37,50.36,50.3616,26561
2026-05-01 11:05:00,50.3653,50.37,50.3601,50.3626,20684
2026-05-01 11:10:00,50.3601,50.37,50.36,50.365,38042
2026-05-01 11:15:00,50.365,50.37,50.36,50.36,82108
2026-05-01 11:20:00,50.36,50.37,50.36,50.36,64487
2026-05-01 11:25:00,50.36,50.37,50.36,50.3628,288209
2026-05-01 11:30:00,50.36,50.37,50.36,50.36,54268
2026-05-01 11:35:00,50.36,50.37,50.36,50.3643,28794
2026-05-01 11:40:00,50.3656,50.3699,50.36,50.365,31759
2026-05-01 11:45:00,50.365,50.37,50.36,50.36,154442
2026-05-01 11:50:00,50.365,50.37,50.36,50.3626,31575
2026-05-01 11:55:00,50.36,50.37,50.36,50.36,47941
2026-05-01 12:00:00,50.37,50.37,50.36,50.36,30896
2026-05-01 12:05:00,50.36,50.36,50.35,50.35,125970
2026-05-01 12:10:00,50.36,50.36,50.35,50.35,31241
2026-05-01 12:15:00,50.358,50.36,50.35,50.36,14096
2026-05-01 12:20:00,50.35,50.36,50.35,50.3551,62616
2026-05-01 12:25:00,50.355,50.36,50.35,50.3501,26918
2026-05-01 12:30:00,50.355,50.36,50.35,50.355,39768
2026-05-01 12:35:00,50.355,50.36,50.35,50.3502,37211
2026-05-01 12:40:00,50.355,50.36,50.35,50.3559,121956
2026-05-01 12:45:00,50.35,50.36,50.35,50.355,55490
2026-05-01 12:50:00,50.35,50.36,50.35,50.355,2179436
2026-05-01 12:55:00,50.355,50.36,50.35,50.355,35967
2026-05-01 13:00:00,50.355,50.36,50.35,50.3599,11923
2026-05-01 13:05:00,50.36,50.36,50.35,50.355,59432
2026-05-01 13:10:00,50.355,50.36,50.35,50.3555,155979
2026-05-01 13:15:00,50.355,50.36,50.3512,50.355,40551
2026-05-01 13:20:00,50.355,50.36,50.3536,50.355,32581
2026-05-01 13:25:00,50.355,50.36,50.3501,50.3501,12697
2026-05-01 13:30:00,50.3502,50.36,50.35,50.3559,82553
2026-05-01 13:35:00,50.3547,50.36,50.35,50.355,14366
2026-05-01 13:40:00,50.3501,50.36,50.35,50.36,15955
2026-05-01 13:45:00,50.3549,50.36,50.35,50.355,31923
2026-05-01 13:50:00,50.3571,50.36,50.3501,50.3501,29039
2026-05-01 13:55:00,50.36,50.36,50.355,50.355,5786
2026-05-01 14:00:00,50.3554,50.36,50.35,50.36,427582
2026-05-01 14:05:00,50.36,50.36,50.35,50.36,19256
2026-05-01 14:10:00,50.36,50.36,50.35,50.355,42289
2026-05-01 14:15:00,50.3569,50.36,50.35,50.36,19313
2026-05-01 14:20:00,50.355,50.36,50.35,50.36,50103
2026-05-01 14:25:00,50.35,50.36,50.35,50.36,94591
2026-05-01 14:30:00,50.36,50.36,50.35,50.3571,72632
2026-05-01 14:35:00,50.355,50.36,50.35,50.3567,42805
2026-05-01 14:40:00,50.355,50.36,50.35,50.3598,45856
2026-05-01 14:45:00,50.36,50.36,50.35,50.355,282879
2026-05-01 14:50:00,50.355,50.36,50.35,50.36,86006
2026-05-01 14:55:00,50.36,50.36,50.35,50.3575,36290
2026-05-01 15:00:00,50.3571,50.36,50.35,50.3599,31354
2026-05-01 15:05:00,50.355,50.36,50.35,50.3549,37726
2026-05-01 15:10:00,50.3571,50.36,50.35,50.3501,40463
2026-05-01 15:15:00,50.3573,50.36,50.35,50.3599,47873
2026-05-01 15:20:00,50.35,50.36,50.35,50.3551,64263
2026-05-01 15:25:00,50.3599,50.36,50.355,50.3572,27866
2026-05-01 15:30:00,50.35,50.36,50.35,50.3572,47122
2026-05-01 15:35:00,50.355,50.36,50.35,50.36,73286
2026-05-01 15:40:00,50.3599,50.36,50.35,50.3501,203743
2026-05-01 15:45:00,50.3551,50.36,50.35,50.3501,108045
2026-05-01 15:50:00,50.35,50.36,50.35,50.35,66940
2026-05-01 15:55:00,50.355,50.36,50.35,50.36,153488
2026-05-01 16:00:00,50.36,50.36,50.3501,50.36,38624
2026-05-01 16:05:00,50.3513,50.3557,50.3501,50.3501,2687
2026-05-01 16:10:00,50.3587,50.36,50.35,50.35,3585
2026-05-01 16:15:00,50.3599,50.3599,50.35,50.35,19618
2026-05-01 16:30:00,50.36,50.36,50.36,50.36,4670
2026-05-01 16:35:00,50.355,50.36,50.3535,50.3535,1500
2026-05-01 16:40:00,50.35,50.35,50.35,50.35,100
2026-05-01 16:45:00,50.35,50.3513,50.35,50.3513,3800
2026-05-01 16:50:00,50.35,50.35,50.35,50.35,1600
2026-05-01 16:55:00,50.355,50.3598,50.355,50.3598,3855
2026-05-01 17:00:00,50.3564,50.3597,50.3564,50.3597,465
2026-05-01 17:05:00,50.3587,50.36,50.3535,50.36,993
2026-05-01 17:10:00,50.36,50.36,50.36,50.36,6583
2026-05-01 17:15:00,50.36,50.36,50.36,50.36,10100
2026-05-01 17:30:00,50.36,50.36,50.36,50.36,1360
2026-05-01 17:40:00,50.36,50.36,50.36,50.36,2000
2026-05-01 18:00:00,50.36,50.36,50.36,50.36,200
2026-05-01 18:05:00,50.36,50.36,50.36,50.36,999
2026-05-01 18:10:00,50.36,50.36,50.36,50.36,1800
2026-05-01 18:15:00,50.36,50.36,50.36,50.36,2200
2026-05-01 18:25:00,50.36,50.36,50.36,50.36,597
2026-05-01 18:40:00,50.36,50.36,50.36,50.36,1000
2026-05-01 18:50:00,50.36,50.36,50.36,50.36,600
2026-05-01 19:10:00,50.36,50.36,50.36,50.36,1800
2026-05-01 19:15:00,50.36,50.36,50.36,50.36,700
2026-05-01 19:25:00,50.36,50.36,50.36,50.36,4982
2026-05-04 04:00:00,50.36,50.36,50.36,50.36,741
2026-05-04 05:00:00,50.36,50.36,50.36,50.36,613
2026-05-04 07:00:00,50.365,50.365,50.3603,50.3603,1461
2026-05-04 07:05:00,50.365,50.365,50.365,50.365,157
2026-05-04 07:25:00,50.365,50.365,50.365,50.365,895
2026-05-04 07:35:00,50.3687,50.3687,50.3687,50.3687,1000
2026-05-04 07:40:00,50.3687,50.3687,50.3687,50.3687,723
2026-05-04 07:55:00,50.365,50.365,50.365,50.365,100
2026-05-04 08:00:00,50.3687,50.3698,50.365,50.3698,560
2026-05-04 08:10:00,50.365,50.365,50.365,50.365,338
2026-05-04 08:45:00,50.3687,50.3687,50.3687,50.3687,264
2026-05-04 08:55:00,50.3687,50.3687,50.3687,50.3687,1607
2026-05-04 09:15:00,50.365,50.365,50.365,50.365,205
2026-05-04 09:20:00,50.36,50.36,50.36,50.36,4798
2026-05-04 09:25:00,50.365,50.365,50.3602,50.3603,640
2026-05-04 09:30:00,50.36,50.37,50.36,50.365,130099
2026-05-04 09:35:00,50.365,50.37,50.36,50.365,50840
2026-05-04 09:40:00,50.37,50.37,50.36,50.36,27056
2026-05-04 09:45:00,50.365,50.37,50.36,50.37,16894
2026-05-04 09:50:00,50.365,50.37,50.36,50.365,22948
2026-05-04 09:55:00,50.37,50.37,50.36,50.36,40541
2026-05-04 10:00:00,50.3682,50.37,50.36,50.365,49177
2026-05-04 10:05:00,50.3699,50.3699,50.36,50.365,28837
2026-05-04 10:10:00,50.37,50.37,50.36,50.365,35378
2026-05-04 10:15:00,50.365,50.37,50.36,50.365,52492
2026-05-04 10:20:00,50.365,50.37,50.36,50.365,46581
2026-05-04 10:25:00,50.3699,50.37,50.36,50.365,13767
2026-05-04 10:30:00,50.36,50.3699,50.36,50.365,25275
2026-05-04 10:35:00,50.365,50.3677,50.36,50.36,40068
2026-05-04 10:40:00,50.365,50.3699,50.36,50.365,36532
2026-05-04 10:45:00,50.37,50.37,50.36,50.365,46268
2026-05-04 10:50:00,50.365,50.37,50.36,50.365,14236
2026-05-04 10:55:00,50.36,50.37,50.36,50.365,45860
2026-05-04 11:00:00,50.37,50.37,50.36,50.3601,82248
2026-05-04 11:05:00,50.3612,50.37,50.36,50.3698,64691
2026-05-04 11:10:00,50.365,50.37,50.365,50.365,15518
2026-05-04 11:15:00,50.3601,50.37,50.36,50.365,9250
2026-05-04 11:20:00,50.37,50.37,50.36,50.3601,23090
2026-05-04 11:25:00,50.365,50.37,50.36,50.3699,24450
2026-05-04 11:30:00,50.365,50.37,50.3601,50.365,18372
2026-05-04 11:35:00,50.365,50.37,50.36,50.365,9791
2026-05-04 11:40:00,50.3699,50.37,50.36,50.365,20126
2026-05-04 11:45:00,50.37,50.37,50.36,50.37,16632
2026-05-04 11:50:00,50.365,50.37,50.36,50.36,35132
2026-05-04 11:55:00,50.365,50.37,50.36,50.365,31548
2026-05-04 12:00:00,50.365,50.37,50.36,50.3603,37359
2026-05-04 12:05:00,50.36,50.37,50.36,50.368,239799
2026-05-04 12:10:00,50.365,50.37,50.3601,50.3698,18040
2026-05-04 12:15:00,50.37,50.37,50.3601,50.37,25461
2026-05-04 12:20:00,50.37,50.37,50.3601,50.365,29565
2026-05-04 12:25:00,50.365,50.37,50.3601,50.365,42190
2026-05-04 12:30:00,50.3699,50.37,50.36,50.36,97976
2026-05-04 12:35:00,50.365,50.3697,50.36,50.3601,60585
2026-05-04 12:40:00,50.365,50.37,50.36,50.37,25661
2026-05-04 12:45:00,50.365,50.37,50.36,50.365,25161
2026-05-04 12:50:00,50.37,50.37,50.36,50.365,52836
2026-05-04 12:55:00,50.37,50.37,50.36,50.365,32778
2026-05-04 13:00:00,50.365,50.37,50.36,50.365,72202
2026-05-04 13:05:00,50.365,50.37,50.36,50.3601,26686
2026-05-04 13:10:00,50.365,50.37,50.36,50.365,13674
2026-05-04 13:15:00,50.365,50.37,50.36,50.365,31876
2026-05-04 13:20:00,50.365,50.37,50.3601,50.3699,15503
2026-05-04 13:25:00,50.365,50.37,50.36,50.37,25292
2026-05-04 13:30:00,50.3601,50.37,50.36,50.365,18457
2026-05-04 13:35:00,50.3603,50.37,50.36,50.365,16456
2026-05-04 13:40:00,50.365,50.37,50.36,50.365,23639
2026-05-04 13:45:00,50.365,50.37,50.36,50.36,6319
2026-05-04 13:50:00,50.365,50.37,50.36,50.37,36665
2026-05-04 13:55:00,50.365,50.37,50.36,50.3652,13190
2026-05-04 14:00:00,50.365,50.37,50.36,50.365,22826
2026-05-04 14:05:00,50.365,50.37,50.36,50.36,21746
2026-05-04 14:10:00,50.3601,50.37,50.3601,50.365,28402
2026-05-04 14:15:00,50.365,50.37,50.36,50.365,32286
2026-05-04 14:20:00,50.365,50.37,50.36,50.3615,27631
2026-05-04 14:25:00,50.37,50.37,50.36,50.3601,245833
2026-05-04 14:30:00,50.365,50.37,50.36,50.365,12982
2026-05-04 14:35:00,50.365,50.37,50.36,50.3699,87917
2026-05-04 14:40:00,50.365,50.37,50.36,50.365,7640
2026-05-04 14:45:00,50.37,50.37,50.36,50.365,177620
2026-05-04 14:50:00,50.365,50.37,50.36,50.365,15788
2026-05-04 14:55:00,50.365,50.37,50.36,50.365,44767
2026-05-04 15:00:00,50.365,50.37,50.36,50.365,31631
2026-05-04 15:05:00,50.365,50.3656,50.36,50.36,7444
2026-05-04 15:10:00,50.365,50.37,50.36,50.365,63914
2026-05-04 15:15:00,50.365,50.37,50.36,50.365,36753
2026-05-04 15:20:00,50.365,50.37,50.36,50.365,20181
2026-05-04 15:25:00,50.365,50.37,50.36,50.3601,26518
2026-05-04 15:30:00,50.365,50.37,50.36,50.365,51712
2026-05-04 15:35:00,50.365,50.3696,50.36,50.365,58214
2026-05-04 15:40:00,50.365,50.37,50.36,50.365,30990
2026-05-04 15:45:00,50.365,50.3699,50.36,50.365,42901
2026-05-04 15:50:00,50.37,50.37,50.36,50.365,109790
2026-05-04 15:55:00,50.37,50.37,50.36,50.36,140474
2026-05-04 16:00:00,50.37,50.37,50.3602,50.3635,14857
2026-05-04 16:05:00,50.3687,50.3687,50.3687,50.3687,254
2026-05-04 16:10:00,50.365,50.365,50.365,50.365,500
2026-05-04 16:15:00,50.365,50.365,50.365,50.365,100
2026-05-04 16:35:00,50.36,50.365,50.36,50.36,13207
2026-05-04 16:40:00,50.3604,50.3604,50.3604,50.3604,100
2026-05-04 16:50:00,50.3604,50.3604,50.3604,50.3604,100
2026-05-04 16:55:00,50.37,50.37,50.37,50.37,189
2026-05-04 17:05:00,50.36,50.36,50.36,50.36,553
2026-05-04 17:10:00,50.3635,50.3635,50.3635,50.3635,200
2026-05-04 17:20:00,50.365,50.3696,50.365,50.3696,500
2026-05-04 17:25:00,50.37,50.37,50.37,50.37,1192
2026-05-04 17:30:00,50.36,50.36,50.36,50.36,400
2026-05-04 17:35:00,50.36,50.36,50.36,50.36,389
2026-05-04 18:10:00,50.3603,50.3603,50.3603,50.3603,258
2026-05-04 18:25:00,50.37,50.37,50.37,50.37,143
2026-05-04 18:30:00,50.3635,50.3635,50.3603,50.3603,310
2026-05-04 18:35:00,50.365,50.365,50.365,50.365,100
2026-05-04 18:40:00,50.3697,50.3697,50.3697,50.3697,298
2026-05-04 19:20:00,50.3696,50.3696,50.365,50.365,808
2026-05-04 19:25:00,50.365,50.365,50.365,50.365,3000
2026-05-04 19:30:00,50.365,50.365,50.36,50.365,10233
2026-05-04 19:35:00,50.365,50.365,50.365,50.365,400
2026-05-04 19:50:00,50.3603,50.3603,50.3603,50.3603,800
2026-05-04 19:55:00,50.3687,50.3687,50.36,50.36,1569
2026-05-05 04:10:00,50.37,50.37,50.37,50.37,4461
2026-05-05 06:55:00,50.37,50.37,50.37,50.37,132
2026-05-05 07:00:00,50.37,50.3703,50.37,50.3703,2532
2026-05-05 07:25:00,50.37,50.3701,50.37,50.3701,4000
2026-05-05 07:30:00,50.37,50.3705,50.37,50.3705,200
2026-05-05 07:35:00,50.37,50.3701,50.37,50.3701,200
2026-05-05 07:45:00,50.375,50.375,50.375,50.375,222
2026-05-05 08:00:00,50.37,50.3705,50.37,50.3705,324
2026-05-05 08:15:00,50.37,50.3799,50.37,50.3799,1609
2026-05-05 08:35:00,50.37,50.37,50.37,50.37,2050
2026-05-05 08:45:00,50.37,50.3701,50.37,50.3701,200
2026-05-05 08:55:00,50.37,50.3705,50.37,50.3701,982
2026-05-05 09:00:00,50.3796,50.3796,50.3796,50.3796,2000
2026-05-05 09:05:00,50.3764,50.3764,50.3764,50.3764,2176
2026-05-05 09:10:00,50.37,50.3701,50.37,50.3701,1000
2026-05-05 09:20:00,50.3787,50.3787,50.3787,50.3787,150
2026-05-05 09:25:00,50.37,50.3705,50.37,50.3705,440
2026-05-05 09:30:00,50.37,50.38,50.37,50.37,301612
2026-05-05 09:35:00,50.375,50.38,50.37,50.375,62301
2026-05-05 09:40:00,50.375,50.375,50.37,50.375,37249
2026-05-05 09:45:00,50.3703,50.38,50.37,50.37,82401
2026-05-05 09:50:00,50.37,50.38,50.37,50.375,88573
2026-05-05 09:55:00,50.375,50.38,50.37,50.375,44698
2026-05-05 10:00:00,50.37,50.3799,50.37,50.37,24218
2026-05-05 10:05:00,50.3798,50.38,50.37,50.3701,41927
2026-05-05 10:10:00,50.3799,50.38,50.37,50.3799,36463
2026-05-05 10:15:00,50.375,50.38,50.37,50.375,25537
2026-05-05 10:20:00,50.37,50.3753,50.37,50.37,32086
2026-05-05 10:25:00,50.375,50.38,50.37,50.3734,28824
2026-05-05 10:30:00,50.37,50.3799,50.37,50.3702,9080
2026-05-05 10:35:00,50.3715,50.38,50.37,50.375,41746
2026-05-05 10:40:00,50.375,50.38,50.37,50.37,9842
2026-05-05 10:45:00,50.375,50.38,50.37,50.3764,4096
2026-05-05 10:50:00,50.3701,50.38,50.37,50.375,38656
2026-05-05 10:55:00,50.37,50.38,50.37,50.37,78785
2026-05-05 11:00:00,50.375,50.38,50.37,50.375,14248
2026-05-05 11:05:00,50.375,50.3799,50.37,50.3799,16617
2026-05-05 11:10:00,50.37,50.38,50.37,50.375,75250
2026-05-05 11:15:00,50.375,50.38,50.37,50.375,128775
2026-05-05 11:20:00,50.3723,50.38,50.37,50.3701,50201
2026-05-05 11:25:00,50.378,50.38,50.37,50.37,50922
2026-05-05 11:30:00,50.38,50.38,50.37,50.3701,21944
2026-05-05 11:35:00,50.375,50.3799,50.37,50.3752,14987
2026-05-05 11:40:00,50.37,50.38,50.37,50.375,31050
2026-05-05 11:45:00,50.37,50.38,50.37,50.37,68982
2026-05-05 11:50:00,50.37,50.38,50.37,50.375,29466
2026-05-05 11:55:00,50.37,50.3751,50.37,50.375,11021
2026-05-05 12:00:00,50.37,50.3791,50.37,50.3791,11982
2026-05-05 12:05:00,50.37,50.38,50.37,50.3701,18882
2026-05-05 12:10:00,50.3701,50.375,50.37,50.3707,12058
2026-05-05 12:15:00,50.375,50.375,50.37,50.3701,13079
2026-05-05 12:20:00,50.37,50.38,50.37,50.375,20672
2026-05-05 12:25:00,50.37,50.38,50.37,50.375,23580
2026-05-05 12:30:00,50.375,50.38,50.37,50.37,14699
2026-05-05 12:35:00,50.3701,50.3754,50.37,50.375,14736
2026-05-05 12:40:00,50.37,50.38,50.37,50.37,28961
2026-05-05 12:45:00,50.38,50.38,50.37,50.3701,19163
2026-05-05 12:50:00,50.375,50.38,50.37,50.37,40627
2026-05-05 12:55:00,50.375,50.38,50.37,50.375,22955
2026-05-05 13:00:00,50.37,50.3799,50.37,50.3799,18452
2026-05-05 13:05:00,50.3746,50.38,50.37,50.3701,16566
2026-05-05 13:10:00,50.375,50.38,50.37,50.3702,23615
2026-05-05 13:15:00,50.37,50.38,50.37,50.37,9732
2026-05-05 13:20:00,50.37,50.38,50.37,50.37,22013
2026-05-05 13:25:00,50.3702,50.3751,50.37,50.3701,44052
2026-05-05 13:30:00,50.37,50.38,50.37,50.37,36881
2026-05-05 13:35:00,50.375,50.38,50.37,50.37,34234
2026-05-05 13:40:00,50.375,50.38,50.37,50.3701,15087
2026-05-05 13:45:00,50.3701,50.38,50.37,50.375,41095
2026-05-05 13:50:00,50.3701,50.38,50.37,50.3799,23069
2026-05-05 13:55:00,50.375,50.38,50.37,50.3758,36805
2026-05-05 14:00:00,50.3701,50.38,50.37,50.37,18242
2026-05-05 14:05:00,50.375,50.38,50.37,50.375,27304
2026-05-05 14:10:00,50.3701,50.38,50.37,50.375,6358
2026-05-05 14:15:00,50.3701,50.38,50.37,50.3702,11278
2026-05-05 14:20:00,50.375,50.38,50.37,50.3701,31723
2026-05-05 14:25:00,50.37,50.3765,50.37,50.3701,9358
2026-05-05 14:30:00,50.37,50.38,50.37,50.375,59019
2026-05-05 14:35:00,50.375,50.3759,50.37,50.375,23781
2026-05-05 14:40:00,50.371,50.38,50.37,50.3703,26692
2026-05-05 14:45:00,50.375,50.38,50.37,50.375,27715
2026-05-05 14:50:00,50.37,50.38,50.37,50.37,80046
2026-05-05 14:55:00,50.375,50.38,50.37,50.375,51034
2026-05-05 15:00:00,50.375,50.38,50.37,50.37,22359
2026-05-05 15:05:00,50.3704,50.38,50.37,50.375,62675
2026-05-05 15:10:00,50.37,50.38,50.37,50.375,117673
2026-05-05 15:15:00,50.37,50.38,50.37,50.375,9430
2026-05-05 15:20:00,50.3701,50.38,50.37,50.38,57790
2026-05-05 15:25:00,50.3701,50.38,50.37,50.37,38053
2026-05-05 15:30:00,50.371,50.38,50.37,50.371,33119
2026-05-05 15:35:00,50.38,50.38,50.37,50.371,42754
2026-05-05 15:40:00,50.371,50.38,50.37,50.375,51389
2026-05-05 15:45:00,50.37,50.38,50.37,50.375,68323
2026-05-05 15:50:00,50.375,50.38,50.37,50.37,55988
2026-05-05 15:55:00,50.3799,50.38,50.37,50.37,87590
2026-05-05 16:00:00,50.38,50.38,50.37,50.37,12327
2026-05-05 16:05:00,50.3704,50.38,50.3704,50.38,10226
2026-05-05 16:15:00,50.375,50.375,50.375,50.375,795
2026-05-05 16:25:00,50.37,50.37,50.37,50.37,2420
2026-05-05 16:30:00,50.38,50.38,50.38,50.38,293
2026-05-05 16:50:00,50.3702,50.3702,50.3702,50.3702,950
2026-05-05 16:55:00,50.375,50.375,50.37,50.37,255
2026-05-05 17:00:00,50.3799,50.3799,50.3799,50.3799,290
2026-05-05 17:20:00,50.38,50.38,50.37,50.37,280
2026-05-05 17:25:00,50.37,50.37,50.37,50.37,100
2026-05-05 17:35:00,50.37,50.37,50.37,50.37,300
2026-05-05 18:35:00,50.38,50.38,50.38,50.38,600
2026-05-05 18:40:00,50.3702,50.3702,50.3702,50.3702,400
2026-05-05 18:45:00,50.3799,50.3799,50.3741,50.3741,510
2026-05-05 19:10:00,50.375,50.375,50.375,50.375,600
2026-05-05 19:15:00,50.3713,50.3713,50.3713,50.3713,328
2026-05-05 19:25:00,50.38,50.38,50.37,50.3797,5490
2026-05-05 19:30:00,50.38,50.38,50.38,50.38,800
2026-05-05 19:50:00,50.3787,50.3787,50.3765,50.3765,1400
2026-05-06 04:00:00,50.38,50.38,50.38,50.38,3576
2026-05-06 04:10:00,50.38,50.38,50.38,50.38,135
2026-05-06 04:20:00,50.38,50.38,50.38,50.38,993
2026-05-06 05:50:00,50.38,50.38,50.38,50.38,5000
2026-05-06 06:00:00,50.38,50.38,50.37,50.37,3968
2026-05-06 06:15:00,50.375,50.375,50.375,50.375,1848
2026-05-06 06:50:00,50.37,50.37,50.37,50.37,219
2026-05-06 06:55:00,50.37,50.37,50.37,50.37,300
2026-05-06 07:00:00,50.38,50.38,50.37,50.3701,51070
2026-05-06 07:05:00,50.3701,50.3738,50.3701,50.3738,157372
2026-05-06 07:10:00,50.37,50.37,50.37,50.37,300
2026-05-06 07:20:00,50.3713,50.3713,50.3707,50.3707,1384
2026-05-06 07:25:00,50.3706,50.3706,50.3706,50.3706,993
2026-05-06 07:35:00,50.3789,50.3789,50.375,50.375,364
2026-05-06 07:55:00,50.37,50.37,50.37,50.37,200
2026-05-06 08:00:00,50.3702,50.3702,50.3702,50.3702,992
2026-05-06 08:10:00,50.3713,50.3738,50.3713,50.3738,2685
2026-05-06 08:15:00,50.38,50.38,50.38,50.38,200
2026-05-06 08:30:00,50.3713,50.3713,50.3713,50.3713,200
2026-05-06 08:35:00,50.3713,50.3713,50.3713,50.3713,100
2026-05-06 08:45:00,50.3713,50.3713,50.3713,50.3713,100
2026-05-06 08:50:00,50.3737,50.3737,50.3737,50.3737,100
2026-05-06 09:10:00,50.375,50.375,50.3701,50.3701,1000
2026-05-06 09:15:00,50.3703,50.3703,50.3703,50.3703,794
2026-05-06 09:20:00,50.3702,50.3702,50.3702,50.3702,240
2026-05-06 09:30:00,50.37,50.38,50.37,50.37,156834
2026-05-06 09:35:00,50.38,50.38,50.37,50.375,20156
2026-05-06 09:40:00,50.375,50.38,50.37,50.3752,44304
2026-05-06 09:45:00,50.3799,50.38,50.37,50.37,9453
2026-05-06 09:50:00,50.375,50.38,50.37,50.37,67179
2026-05-06 09:55:00,50.37,50.38,50.37,50.38,35340
2026-05-06 10:00:00,50.37,50.38,50.37,50.3715,27381
2026-05-06 10:05:00,50.375,50.38,50.37,50.375,187388
2026-05-06 10:10:00,50.37,50.38,50.37,50.37,28577
2026-05-06 10:15:00,50.37,50.38,50.37,50.375,15896
2026-05-06 10:20:00,50.375,50.38,50.37,50.37,12224
2026-05-06 10:25:00,50.37,50.38,50.37,50.375,32577
2026-05-06 10:30:00,50.37,50.38,50.37,50.375,31467
2026-05-06 10:35:00,50.375,50.38,50.37,50.38,30619
2026-05-06 10:40:00,50.37,50.38,50.37,50.3705,17576
2026-05-06 10:45:00,50.375,50.38,50.37,50.375,119896
2026-05-06 10:50:00,50.375,50.38,50.37,50.375,48010
2026-05-06 10:55:00,50.37,50.38,50.37,50.38,15857
2026-05-06 11:00:00,50.375,50.3799,50.37,50.375,8489
2026-05-06 11:05:00,50.37,50.38,50.37,50.375,52016
2026-05-06 11:10:00,50.375,50.38,50.37,50.375,23753
2026-05-06 11:15:00,50.375,50.38,50.37,50.375,76056
2026-05-06 11:20:00,50.375,50.38,50.37,50.375,33317
2026-05-06 11:25:00,50.375,50.38,50.37,50.375,10097
2026-05-06 11:30:00,50.3701,50.38,50.37,50.375,26465
2026-05-06 11:35:00,50.3748,50.3775,50.37,50.37,8076
2026-05-06 11:40:00,50.375,50.38,50.37,50.3768,53791
2026-05-06 11:45:00,50.38,50.38,50.3702,50.375,56923
2026-05-06 11:50:00,50.375,50.377,50.37,50.375,9432
2026-05-06 11:55:00,50.3744,50.38,50.37,50.37,40230
2026-05-06 12:00:00,50.3769,50.38,50.37,50.375,14385
2026-05-06 12:05:00,50.38,50.38,50.37,50.375,22464
2026-05-06 12:10:00,50.3751,50.38,50.37,50.375,23056
2026-05-06 12:15:00,50.37,50.38,50.37,50.38,13318
2026-05-06 12:20:00,50.375,50.38,50.37,50.37,19664
2026-05-06 12:25:00,50.375,50.38,50.37,50.3714,26091
2026-05-06 12:30:00,50.37,50.38,50.37,50.375,31422
2026-05-06 12:35:00,50.37,50.38,50.37,50.37,21355
2026-05-06 12:40:00,50.37,50.38,50.37,50.3799,47766
2026-05-06 12:45:00,50.375,50.38,50.37,50.375,25581
2026-05-06 12:50:00,50.37,50.38,50.37,50.3752,13380
2026-05-06 12:55:00,50.3799,50.38,50.37,50.375,37824
2026-05-06 13:00:00,50.38,50.38,50.37,50.3748,43900
2026-05-06 13:05:00,50.37,50.38,50.37,50.3701,14366
2026-05-06 13:10:00,50.3746,50.3799,50.3746,50.3799,12378
2026-05-06 13:15:00,50.38,50.38,50.37,50.375,37406
2026-05-06 13:20:00,50.3752,50.38,50.37,50.375,12448
2026-05-06 13:25:00,50.375,50.38,50.37,50.38,15509
2026-05-06 13:30:00,50.3773,50.38,50.37,50.375,13615
2026-05-06 13:35:00,50.3799,50.38,50.37,50.375,28694
2026-05-06 13:40:00,50.375,50.38,50.37,50.375,28181
2026-05-06 13:45:00,50.3774,50.38,50.37,50.37,34916
2026-05-06 13:50:00,50.375,50.38,50.37,50.3799,7607
2026-05-06 13:55:00,50.375,50.38,50.37,50.38,51875
2026-05-06 14:00:00,50.38,50.38,50.37,50.37,26709
2026-05-06 14:05:00,50.3744,50.3799,50.37,50.3748,15655
2026-05-06 14:10:00,50.3785,50.38,50.37,50.375,8160
2026-05-06 14:15:00,50.3748,50.38,50.37,50.375,27918
2026-05-06 14:20:00,50.375,50.38,50.3743,50.375,8683
2026-05-06 14:25:00,50.3744,50.38,50.3715,50.375,22885
2026-05-06 14:30:00,50.3701,50.38,50.37,50.375,22508
2026-05-06 14:35:00,50.375,50.38,50.3746,50.3799,24428
2026-05-06 14:40:00,50.375,50.3771,50.37,50.37,6966
2026-05-06 14:45:00,50.375,50.38,50.37,50.375,24497
2026-05-06 14:50:00,50.375,50.38,50.3701,50.377,20062
2026-05-06 14:55:00,50.3703,50.38,50.37,50.3748,42362
2026-05-06 15:00:00,50.3748,50.3799,50.37,50.3703,17031
2026-05-06 15:05:00,50.3748,50.3798,50.37,50.372,29960
2026-05-06 15:10:00,50.375,50.3799,50.37,50.375,183313
2026-05-06 15:15:00,50.375,50.38,50.37,50.38,216639
2026-05-06 15:20:00,50.3701,50.38,50.37,50.3748,114781
2026-05-06 15:25:00,50.375,50.38,50.37,50.377,77880
2026-05-06 15:30:00,50.375,50.38,50.37,50.375,45028
2026-05-06 15:35:00,50.375,50.38,50.37,50.3773,30682
2026-05-06 15:40:00,50.375,50.38,50.37,50.37,26693
2026-05-06 15:45:00,50.375,50.38,50.37,50.3701,94290
2026-05-06 15:50:00,50.3769,50.38,50.37,50.375,530392
2026-05-06 15:55:00,50.375,50.38,50.37,50.38,85012
2026-05-06 16:00:00,50.38,50.38,50.37,50.37,2737
2026-05-06 16:05:00,50.3787,50.3787,50.3787,50.3787,157
2026-05-06 16:20:00,50.3704,50.3787,50.3704,50.3787,2590
2026-05-06 16:25:00,50.38,50.38,50.37,50.37,6377
2026-05-06 16:40:00,50.3797,50.3798,50.3765,50.3765,940
2026-05-06 16:45:00,50.3787,50.3799,50.3765,50.3798,1394
2026-05-06 17:00:00,50.3796,50.3796,50.3796,50.3796,100
2026-05-06 17:15:00,50.375,50.375,50.375,50.375,2846
2026-05-06 17:20:00,50.38,50.38,50.38,50.38,278
2026-05-06 17:55:00,50.3703,50.3703,50.37,50.37,540
2026-05-06 18:00:00,50.37,50.37,50.37,50.37,3921
2026-05-06 18:10:00,50.37,50.37,50.37,50.37,318
2026-05-06 18:15:00,50.38,50.38,50.38,50.38,300
2026-05-06 18:20:00,50.37,50.37,50.37,50.37,950
2026-05-06 18:25:00,50.38,50.38,50.38,50.38,600
2026-05-06 18:45:00,50.38,50.38,50.38,50.38,100
2026-05-06 18:55:00,50.38,50.38,50.38,50.38,580
2026-05-06 19:00:00,50.37,50.37,50.37,50.37,629
2026-05-06 19:10:00,50.37,50.37,50.37,50.37,595
2026-05-06 19:25:00,50.3765,50.38,50.3713,50.3787,1316
2026-05-06 19:30:00,50.37,50.37,50.37,50.37,300
2026-05-06 19:40:00,50.3713,50.3713,50.37,50.37,2607
2026-05-06 19:45:00,50.3735,50.3737,50.3701,50.3737,6800
2026-05-06 19:50:00,50.3729,50.38,50.37,50.38,8767
2026-05-06 19:55:00,50.37,50.37,50.37,50.37,200
2026-05-07 04:25:00,50.38,50.38,50.38,50.38,500
2026-05-07 07:00:00,50.38,50.38,50.3737,50.3737,9948
2026-05-07 07:10:00,50.38,50.38,50.38,50.38,500
2026-05-07 07:15:00,50.38,50.38,50.38,50.38,500
2026-05-07 07:20:00,50.38,50.38,50.38,50.38,4140
2026-05-07 07:25:00,50.38,50.38,50.38,50.38,1200
2026-05-07 07:35:00,50.38,50.38,50.38,50.38,500
2026-05-07 07:40:00,50.38,50.38,50.38,50.38,961
2026-05-07 07:50:00,50.38,50.38,50.38,50.38,139
2026-05-07 07:55:00,50.38,50.38,50.38,50.38,260
2026-05-07 08:00:00,50.38,50.38,50.38,50.38,400
2026-05-07 08:15:00,50.38,50.38,50.38,50.38,200
2026-05-07 08:20:00,50.38,50.38,50.38,50.38,3400
2026-05-07 08:25:00,50.38,50.38,50.38,50.38,678
2026-05-07 08:30:00,50.38,50.38,50.38,50.38,4985
2026-05-07 08:35:00,50.38,50.38,50.38,50.38,1588
2026-05-07 08:40:00,50.38,50.38,50.38,50.38,700
2026-05-07 08:45:00,50.38,50.38,50.38,50.38,9484
2026-05-07 08:50:00,50.38,50.38,50.38,50.38,3766
2026-05-07 08:55:00,50.38,50.38,50.38,50.38,500
2026-05-07 09:00:00,50.38,50.38,50.38,50.38,298
2026-05-07 09:05:00,50.38,50.38,50.38,50.38,208
2026-05-07 09:10:00,50.38,50.38,50.38,50.38,330
2026-05-07 09:15:00,50.38,50.38,50.38,50.38,3595
2026-05-07 09:25:00,50.38,50.38,50.38,50.38,179
2026-05-07 09:30:00,50.38,50.38,50.38,50.38,158821
2026-05-07 09:35:00,50.38,50.38,50.38,50.38,33863
2026-05-07 09:40:00,50.38,50.38,50.38,50.38,149214
2026-05-07 09:45:00,50.38,50.38,50.38,50.38,33609
2026-05-07 09:50:00,50.38,50.38,50.38,50.38,43231
2026-05-07 09:55:00,50.38,50.38,50.38,50.38,47673
2026-05-07 10:00:00,50.38,50.38,50.38,50.38,39141
2026-05-07 10:05:00,50.38,50.38,50.38,50.38,12428
2026-05-07 10:10:00,50.38,50.38,50.38,50.38,23847
2026-05-07 10:15:00,50.38,50.38,50.38,50.38,24915
2026-05-07 10:20:00,50.38,50.38,50.38,50.38,39185
2026-05-07 10:25:00,50.38,50.38,50.38,50.38,18631
2026-05-07 10:30:00,50.38,50.38,50.38,50.38,39762
2026-05-07 10:35:00,50.38,50.38,50.38,50.38,66122
2026-05-07 10:40:00,50.38,50.38,50.38,50.38,24518
2026-05-07 10:45:00,50.38,50.38,50.38,50.38,23871
2026-05-07 10:50:00,50.38,50.38,50.38,50.38,12246
2026-05-07 10:55:00,50.38,50.38,50.38,50.38,48642
2026-05-07 11:00:00,50.38,50.38,50.38,50.38,21385
2026-05-07 11:05:00,50.38,50.38,50.38,50.38,41904
2026-05-07 11:10:00,50.38,50.38,50.38,50.38,24465
2026-05-07 11:15:00,50.38,50.38,50.38,50.38,31288
2026-05-07 11:20:00,50.38,50.38,50.38,50.38,23156
2026-05-07 11:25:00,50.38,50.38,50.38,50.38,24729
2026-05-07 11:30:00,50.38,50.38,50.38,50.38,40781
2026-05-07 11:35:00,50.38,50.38,50.38,50.38,11488
2026-05-07 11:40:00,50.38,50.38,50.38,50.38,63811
2026-05-07 11:45:00,50.37,50.38,50.37,50.3798,89944
2026-05-07 11:50:00,50.375,50.38,50.37,50.38,105791
2026-05-07 11:55:00,50.375,50.38,50.37,50.375,70823
2026-05-07 12:00:00,50.375,50.38,50.37,50.375,24362
2026-05-07 12:05:00,50.375,50.38,50.37,50.38,19884
2026-05-07 12:10:00,50.38,50.38,50.37,50.3741,12859
2026-05-07 12:15:00,50.3701,50.38,50.37,50.38,104044
2026-05-07 12:20:00,50.375,50.38,50.37,50.3799,46236
2026-05-07 12:25:00,50.3797,50.38,50.37,50.38,21468
2026-05-07 12:30:00,50.375,50.38,50.37,50.375,28638
2026-05-07 12:35:00,50.38,50.38,50.3723,50.38,35553
2026-05-07 12:40:00,50.38,50.38,50.37,50.37,9294
2026-05-07 12:45:00,50.3798,50.38,50.37,50.375,23743
2026-05-07 12:50:00,50.375,50.38,50.37,50.3778,33016
2026-05-07 12:55:00,50.3793,50.38,50.37,50.378,44151
2026-05-07 13:00:00,50.375,50.38,50.37,50.375,27919
2026-05-07 13:05:00,50.3735,50.38,50.3701,50.375,19679
2026-05-07 13:10:00,50.378,50.38,50.375,50.38,13362
2026-05-07 13:15:00,50.3785,50.3799,50.37,50.37,6367
2026-05-07 13:20:00,50.3799,50.38,50.37,50.38,6770
2026-05-07 13:25:00,50.38,50.38,50.37,50.38,61423
2026-05-07 13:30:00,50.3701,50.38,50.37,50.3744,42914
2026-05-07 13:35:00,50.38,50.38,50.3746,50.38,28916
2026-05-07 13:40:00,50.38,50.38,50.3744,50.379,32087
2026-05-07 13:45:00,50.37,50.38,50.37,50.38,18122
2026-05-07 13:50:00,50.38,50.38,50.37,50.38,36905
2026-05-07 13:55:00,50.375,50.38,50.37,50.375,25320
2026-05-07 14:00:00,50.38,50.38,50.3743,50.38,21700
2026-05-07 14:05:00,50.3799,50.38,50.3701,50.3799,22746
2026-05-07 14:10:00,50.3746,50.38,50.3701,50.3779,11229
2026-05-07 14:15:00,50.3746,50.38,50.37,50.37,14336
2026-05-07 14:20:00,50.3782,50.38,50.374,50.375,16011
2026-05-07 14:25:00,50.375,50.38,50.37,50.3748,19882
2026-05-07 14:30:00,50.3799,50.38,50.37,50.3771,19193
2026-05-07 14:35:00,50.3782,50.38,50.3701,50.375,16768
2026-05-07 14:40:00,50.375,50.38,50.37,50.38,9662
2026-05-07 14:45:00,50.3799,50.38,50.3744,50.375,15708
2026-05-07 14:50:00,50.3783,50.38,50.37,50.38,81919
2026-05-07 14:55:00,50.38,50.38,50.37,50.3785,33441
2026-05-07 15:00:00,50.3746,50.38,50.3701,50.3775,439551
2026-05-07 15:05:00,50.375,50.38,50.37,50.38,66868
2026-05-07 15:10:00,50.3701,50.38,50.37,50.375,52622
2026-05-07 15:15:00,50.3701,50.38,50.37,50.375,35050
2026-05-07 15:20:00,50.375,50.38,50.37,50.38,61352
2026-05-07 15:25:00,50.38,50.38,50.37,50.38,48339
2026-05-07 15:30:00,50.3781,50.38,50.3701,50.375,113393
2026-05-07 15:35:00,50.38,50.38,50.37,50.3775,91935
2026-05-07 15:40:00,50.3724,50.38,50.37,50.38,43899
2026-05-07 15:45:00,50.3748,50.38,50.37,50.3701,46116
2026-05-07 15:50:00,50.38,50.38,50.3701,50.3756,75812
2026-05-07 15:55:00,50.375,50.38,50.37,50.38,155484
2026-05-07 16:00:00,50.38,50.38,50.38,50.38,20658
2026-05-07 16:05:00,50.38,50.38,50.38,50.38,11900
2026-05-07 16:10:00,50.38,50.38,50.38,50.38,5300
2026-05-07 16:15:00,50.38,50.38,50.38,50.38,2462
2026-05-07 16:20:00,50.38,50.38,50.38,50.38,6270
2026-05-07 16:35:00,50.38,50.38,50.38,50.38,150
2026-05-07 16:40:00,50.38,50.38,50.38,50.38,200
2026-05-07 16:45:00,50.38,50.38,50.38,50.38,1225
2026-05-07 16:55:00,50.38,50.38,50.38,50.38,400
2026-05-07 17:00:00,50.38,50.38,50.38,50.38,100
2026-05-07 17:10:00,50.38,50.38,50.38,50.38,2086
2026-05-07 17:25:00,50.38,50.38,50.38,50.38,200
2026-05-07 17:30:00,50.38,50.38,50.38,50.38,341
2026-05-07 17:35:00,50.38,50.38,50.38,50.38,2524
2026-05-07 17:50:00,50.38,50.38,50.38,50.38,438
2026-05-07 18:05:00,50.38,50.38,50.38,50.38,1100
2026-05-07 18:10:00,50.38,50.38,50.38,50.38,968
2026-05-07 18:25:00,50.38,50.38,50.38,50.38,793
2026-05-07 18:30:00,50.38,50.38,50.38,50.38,797
2026-05-07 18:35:00,50.38,50.38,50.38,50.38,1100
2026-05-07 19:10:00,50.38,50.38,50.38,50.38,697
2026-05-07 19:15:00,50.38,50.38,50.38,50.38,400
2026-05-07 19:35:00,50.38,50.38,50.38,50.38,396
2026-05-08 05:05:00,50.395,50.395,50.395,50.395,993
2026-05-08 05:15:00,50.4,50.4,50.4,50.4,1725
2026-05-08 07:00:00,50.395,50.395,50.39,50.395,764
2026-05-08 07:05:00,50.3989,50.3989,50.3903,50.3903,2200
2026-05-08 07:10:00,50.3913,50.3913,50.3901,50.3901,497
2026-05-08 07:15:00,50.395,50.395,50.395,50.395,700
2026-05-08 07:20:00,50.3989,50.3989,50.3989,50.3989,377
2026-05-08 08:35:00,50.395,50.395,50.395,50.395,651
2026-05-08 08:45:00,50.395,50.395,50.395,50.395,460
2026-05-08 09:30:00,50.39,50.4,50.39,50.3928,137715
2026-05-08 09:35:00,50.395,50.3974,50.39,50.3966,218681
2026-05-08 09:40:00,50.3901,50.4,50.3901,50.395,53077
2026-05-08 09:45:00,50.395,50.4,50.39,50.395,56982
2026-05-08 09:50:00,50.3925,50.4,50.3901,50.395,19188
2026-05-08 09:55:00,50.395,50.4,50.39,50.395,17224
2026-05-08 10:00:00,50.395,50.3963,50.39,50.3941,8969
2026-05-08 10:05:00,50.3942,50.4,50.39,50.39,74679
2026-05-08 10:10:00,50.3901,50.4,50.39,50.3958,31953
2026-05-08 10:15:00,50.395,50.4,50.39,50.395,38811
2026-05-08 10:20:00,50.3963,50.4,50.39,50.395,22982
2026-05-08 10:25:00,50.3949,50.4,50.39,50.3959,16473
2026-05-08 10:30:00,50.395,50.4,50.39,50.3941,26113
2026-05-08 10:35:00,50.3901,50.4,50.39,50.39,21790
2026-05-08 10:40:00,50.395,50.4,50.39,50.395,23693
2026-05-08 10:45:00,50.3901,50.4,50.39,50.3958,45458
2026-05-08 10:50:00,50.395,50.4,50.3901,50.395,15909
2026-05-08 10:55:00,50.3997,50.4,50.39,50.395,57947
2026-05-08 11:00:00,50.395,50.4,50.39,50.395,44143
2026-05-08 11:05:00,50.395,50.4,50.39,50.395,33086
2026-05-08 11:10:00,50.4,50.4,50.3901,50.3956,15295
2026-05-08 11:15:00,50.395,50.4,50.39,50.3957,74639
2026-05-08 11:20:00,50.395,50.4,50.39,50.395,28089
2026-05-08 11:25:00,50.3957,50.4,50.3901,50.395,8551
2026-05-08 11:30:00,50.395,50.4,50.39,50.395,30565
2026-05-08 11:35:00,50.395,50.4,50.39,50.4,21209
2026-05-08 11:40:00,50.4,50.4,50.39,50.4,12024
2026-05-08 11:45:00,50.395,50.4,50.39,50.395,51595
2026-05-08 11:50:00,50.4,50.4,50.3901,50.395,14990
2026-05-08 11:55:00,50.395,50.4,50.3901,50.3999,1436
2026-05-08 12:00:00,50.395,50.4,50.39,50.4,64616
2026-05-08 12:05:00,50.4,50.4,50.39,50.395,17512
2026-05-08 12:10:00,50.395,50.4,50.39,50.4,13441
2026-05-08 12:15:00,50.4,50.4,50.3901,50.3957,38018
2026-05-08 12:20:00,50.395,50.4,50.39,50.39,22128
2026-05-08 12:25:00,50.4,50.4,50.39,50.395,18263
2026-05-08 12:30:00,50.395,50.4,50.39,50.395,9597
2026-05-08 12:35:00,50.39,50.4,50.39,50.39,6211
2026-05-08 12:40:00,50.3935,50.4,50.3935,50.395,15682
2026-05-08 12:45:00,50.3957,50.4,50.39,50.395,10895
2026-05-08 12:50:00,50.4,50.4,50.39,50.395,64695
2026-05-08 12:55:00,50.396,50.4,50.3901,50.3958,6607
2026-05-08 13:00:00,50.395,50.4,50.39,50.4,16613
2026-05-08 13:05:00,50.3931,50.4,50.39,50.39,6024
2026-05-08 13:10:00,50.3956,50.4,50.39,50.3943,10128
2026-05-08 13:15:00,50.395,50.4,50.39,50.3906,25528
2026-05-08 13:20:00,50.395,50.4,50.39,50.3901,16911
2026-05-08 13:25:00,50.3943,50.4,50.39,50.395,18490
2026-05-08 13:30:00,50.395,50.4,50.39,50.39,19014
2026-05-08 13:35:00,50.395,50.4,50.39,50.39,13284
2026-05-08 13:40:00,50.39,50.4,50.39,50.4,27603
2026-05-08 13:45:00,50.395,50.4,50.39,50.395,95904
2026-05-08 13:50:00,50.395,50.4,50.39,50.3901,22582
2026-05-08 13:55:00,50.3901,50.4,50.39,50.395,15856
2026-05-08 14:00:00,50.3957,50.4,50.39,50.395,69467
2026-05-08 14:05:00,50.3957,50.4,50.39,50.3957,7515
2026-05-08 14:10:00,50.3999,50.4,50.39,50.39,101627
2026-05-08 14:15:00,50.4,50.4,50.39,50.395,4618
2026-05-08 14:20:00,50.395,50.395,50.39,50.395,6539
2026-05-08 14:25:00,50.3959,50.4,50.39,50.3901,32339
2026-05-08 14:30:00,50.3941,50.4,50.39,50.3901,11818
2026-05-08 14:35:00,50.395,50.4,50.39,50.3959,31709
2026-05-08 14:40:00,50.4,50.4,50.39,50.3941,19693
2026-05-08 14:45:00,50.395,50.4,50.39,50.395,155809
2026-05-08 14:50:00,50.3958,50.4,50.39,50.395,38831
2026-05-08 14:55:00,50.3901,50.4,50.39,50.395,15900
2026-05-08 15:00:00,50.3942,50.4,50.39,50.395,68875
2026-05-08 15:05:00,50.3956,50.4,50.3901,50.3941,95297
2026-05-08 15:10:00,50.397,50.4,50.39,50.395,72287
2026-05-08 15:15:00,50.3941,50.4,50.39,50.3947,48969
2026-05-08 15:20:00,50.395,50.3999,50.3903,50.395,36927
2026-05-08 15:25:00,50.3941,50.4,50.39,50.395,69574
2026-05-08 15:30:00,50.395,50.4,50.39,50.395,31808
2026-05-08 15:35:00,50.395,50.4,50.39,50.39,157953
2026-05-08 15:40:00,50.395,50.4,50.39,50.39,86627
2026-05-08 15:45:00,50.3901,50.4,50.39,50.395,42197
2026-05-08 15:50:00,50.395,50.4,50.39,50.395,194385
2026-05-08 15:55:00,50.39,50.4,50.39,50.39,120617
2026-05-08 16:00:00,50.4,50.4,50.3901,50.4,10666
2026-05-08 16:05:00,50.39,50.39,50.39,50.39,100
2026-05-08 16:10:00,50.3987,50.4,50.39,50.39,710
2026-05-08 16:15:00,50.39,50.3987,50.39,50.3935,3700
2026-05-08 16:20:00,50.4,50.4,50.4,50.4,794
2026-05-08 16:25:00,50.4,50.4,50.3913,50.3933,2221
2026-05-08 16:35:00,50.39,50.39,50.39,50.39,195
2026-05-08 16:40:00,50.4,50.4,50.4,50.4,500
2026-05-08 16:45:00,50.3903,50.3903,50.3903,50.3903,106
2026-05-08 16:50:00,50.3987,50.3987,50.39,50.39,833
2026-05-08 16:55:00,50.4,50.4,50.4,50.4,1000
2026-05-08 17:05:00,50.3998,50.4,50.39,50.39,5048
2026-05-08 17:10:00,50.4,50.4,50.4,50.4,188
2026-05-08 17:15:00,50.3999,50.3999,50.3999,50.3999,126
2026-05-08 17:25:00,50.3935,50.3935,50.3935,50.3935,1988
2026-05-08 17:40:00,50.3987,50.3998,50.3987,50.3987,3164
2026-05-08 17:45:00,50.39,50.4,50.39,50.4,1171
2026-05-08 18:10:00,50.4,50.4,50.39,50.39,1892
2026-05-08 18:20:00,50.3965,50.3965,50.3965,50.3965,2000
2026-05-08 18:25:00,50.3987,50.3987,50.3959,50.3987,4000
2026-05-08 18:50:00,50.39,50.39,50.39,50.39,100
2026-05-08 18:55:00,50.39,50.39,50.39,50.39,24852
2026-05-08 19:05:00,50.39,50.39,50.39,50.39,400
2026-05-08 19:10:00,50.4,50.4,50.4,50.4,289
2026-05-08 19:20:00,50.3903,50.3903,50.3903,50.3903,182
2026-05-08 19:35:00,50.4,50.4,50.4,50.4,199
2026-05-08 19:45:00,50.4,50.4,50.4,50.4,450
2026-05-08 19:50:00,50.3903,50.3965,50.3903,50.3965,3200
2026-05-08 19:55:00,50.3965,50.3987,50.39,50.3987,8730
2026-05-11 04:00:00,50.39,50.39,50.39,50.39,563
2026-05-11 04:05:00,50.39,50.39,50.39,50.39,1000
2026-05-11 05:15:00,50.4,50.4,50.4,50.4,100
2026-05-11 05:55:00,50.4,50.4,50.4,50.4,150
2026-05-11 07:00:00,50.395,50.395,50.3903,50.3903,1679
2026-05-11 07:05:00,50.3912,50.3912,50.3912,50.3912,176
2026-05-11 07:10:00,50.3904,50.3904,50.3904,50.3904,851
2026-05-11 07:15:00,50.3901,50.3901,50.3901,50.3901,200
2026-05-11 07:30:00,50.3912,50.3912,50.3912,50.3912,400
2026-05-11 07:45:00,50.3902,50.3902,50.3902,50.3902,1748
2026-05-11 08:00:00,50.3913,50.3913,50.3913,50.3913,815
2026-05-11 08:55:00,50.3913,50.3913,50.3913,50.3913,300
2026-05-11 09:00:00,50.3911,50.3935,50.3911,50.3913,1050
2026-05-11 09:05:00,50.3901,50.3901,50.3901,50.3901,241
2026-05-11 09:15:00,50.395,50.395,50.3913,50.3913,436
2026-05-11 09:20:00,50.4,50.4,50.4,50.4,100
2026-05-11 09:25:00,50.3901,50.3901,50.3901,50.3901,200
2026-05-11 09:30:00,50.4,50.4,50.39,50.395,157847
2026-05-11 09:35:00,50.395,50.4,50.39,50.395,73171
2026-05-11 09:40:00,50.395,50.4,50.39,50.395,22086
2026-05-11 09:45:00,50.395,50.4,50.39,50.395,26383
2026-05-11 09:50:00,50.4,50.4,50.39,50.3901,31857
2026-05-11 09:55:00,50.395,50.4,50.39,50.395,83168
2026-05-11 10:00:00,50.395,50.4,50.39,50.395,18711
2026-05-11 10:05:00,50.395,50.4,50.39,50.395,60342
2026-05-11 10:10:00,50.395,50.4,50.39,50.395,16413
2026-05-11 10:15:00,50.395,50.4,50.39,50.395,24518
2026-05-11 10:20:00,50.395,50.4,50.39,50.3943,30509
2026-05-11 10:25:00,50.395,50.4,50.39,50.395,21863
2026-05-11 10:30:00,50.395,50.4,50.39,50.3901,15436
2026-05-11 10:35:00,50.395,50.3999,50.39,50.395,11780
2026-05-11 10:40:00,50.39,50.4,50.39,50.395,119862
2026-05-11 10:45:00,50.395,50.4,50.39,50.395,22607
2026-05-11 10:50:00,50.395,50.4,50.3943,50.395,14748
2026-05-11 10:55:00,50.4,50.4,50.39,50.395,35263
2026-05-11 11:00:00,50.395,50.4,50.3901,50.395,22972
2026-05-11 11:05:00,50.395,50.4,50.39,50.395,87308
2026-05-11 11:10:00,50.395,50.4,50.39,50.395,63580
2026-05-11 11:15:00,50.395,50.4,50.39,50.395,23864
2026-05-11 11:20:00,50.3957,50.4,50.39,50.395,16263
2026-05-11 11:25:00,50.396,50.4,50.39,50.395,41404
2026-05-11 11:30:00,50.3957,50.4,50.39,50.395,19613
2026-05-11 11:35:00,50.395,50.4,50.39,50.395,21399
2026-05-11 11:40:00,50.395,50.4,50.39,50.395,10658
2026-05-11 11:45:00,50.3947,50.4,50.39,50.395,17718
2026-05-11 11:50:00,50.395,50.4,50.39,50.395,15418
2026-05-11 11:55:00,50.3963,50.4,50.39,50.395,35377
2026-05-11 12:00:00,50.395,50.3999,50.39,50.395,17862
2026-05-11 12:05:00,50.395,50.4,50.39,50.395,105563
2026-05-11 12:10:00,50.395,50.4,50.39,50.3902,11517
2026-05-11 12:15:00,50.395,50.4,50.39,50.395,19446
2026-05-11 12:20:00,50.395,50.4,50.39,50.4,616799
2026-05-11 12:25:00,50.395,50.398,50.39,50.395,15529
2026-05-11 12:30:00,50.395,50.3999,50.39,50.395,13944
2026-05-11 12:35:00,50.395,50.4,50.39,50.395,24440
2026-05-11 12:40:00,50.395,50.3999,50.39,50.395,49711
2026-05-11 12:45:00,50.3999,50.4,50.3947,50.395,24623
2026-05-11 12:50:00,50.395,50.4,50.39,50.395,22915
2026-05-11 12:55:00,50.3945,50.4,50.39,50.395,24978
2026-05-11 13:00:00,50.3942,50.4,50.39,50.395,18919
2026-05-11 13:05:00,50.395,50.4,50.39,50.395,24117
2026-05-11 13:10:00,50.3999,50.4,50.39,50.395,8965
2026-05-11 13:15:00,50.3947,50.4,50.39,50.3945,13700
2026-05-11 13:20:00,50.395,50.4,50.39,50.395,22322
2026-05-11 13:25:00,50.395,50.4,50.39,50.395,12726
2026-05-11 13:30:00,50.395,50.4,50.39,50.39,36311
2026-05-11 13:35:00,50.3953,50.4,50.39,50.395,15540
2026-05-11 13:40:00,50.395,50.3999,50.39,50.395,17333
2026-05-11 13:45:00,50.395,50.4,50.3901,50.395,29818
2026-05-11 13:50:00,50.395,50.4,50.39,50.395,15892
2026-05-11 13:55:00,50.395,50.4,50.39,50.3998,37700
2026-05-11 14:00:00,50.395,50.4,50.39,50.395,25490
2026-05-11 14:05:00,50.395,50.4,50.39,50.395,13913
2026-05-11 14:10:00,50.395,50.4,50.39,50.395,25600
2026-05-11 14:15:00,50.3947,50.4,50.39,50.395,17983
2026-05-11 14:20:00,50.395,50.4,50.39,50.395,13442
2026-05-11 14:25:00,50.395,50.4,50.39,50.3947,24831
2026-05-11 14:30:00,50.395,50.4,50.39,50.4,87729
2026-05-11 14:35:00,50.395,50.4,50.39,50.395,37889
2026-05-11 14:40:00,50.3965,50.4,50.39,50.395,17748
2026-05-11 14:45:00,50.395,50.4,50.39,50.395,9093
2026-05-11 14:50:00,50.39,50.4,50.39,50.3959,16434
2026-05-11 14:55:00,50.395,50.4,50.39,50.395,11497
2026-05-11 15:00:00,50.395,50.4,50.3903,50.395,9716
2026-05-11 15:05:00,50.3997,50.4,50.39,50.3957,31809
2026-05-11 15:10:00,50.395,50.4,50.39,50.395,20813
2026-05-11 15:15:00,50.395,50.4,50.39,50.395,37569
2026-05-11 15:20:00,50.395,50.4,50.39,50.395,29465
2026-05-11 15:25:00,50.395,50.3999,50.39,50.395,47551
2026-05-11 15:30:00,50.395,50.4,50.39,50.395,73755
2026-05-11 15:35:00,50.395,50.4,50.39,50.3976,78620
2026-05-11 15:40:00,50.395,50.4,50.39,50.4,70815
2026-05-11 15:45:00,50.395,50.4,50.39,50.395,94778
2026-05-11 15:50:00,50.395,50.4,50.39,50.398,37575
2026-05-11 15:55:00,50.4,50.4,50.39,50.4,183709
2026-05-11 16:00:00,50.4,50.4,50.39,50.4,10116
2026-05-11 16:05:00,50.3913,50.3999,50.3913,50.3999,468
2026-05-11 16:10:00,50.39,50.4,50.39,50.4,324
2026-05-11 16:25:00,50.3998,50.4,50.3987,50.4,3689
2026-05-11 16:40:00,50.4,50.4,50.4,50.4,2000
2026-05-11 16:45:00,50.3901,50.3901,50.3901,50.3901,100
2026-05-11 16:50:00,50.4,50.4,50.4,50.4,8200
2026-05-11 16:55:00,50.4,50.4,50.4,50.4,4800
2026-05-11 17:00:00,50.4,50.4,50.4,50.4,3266
2026-05-11 17:05:00,50.4,50.4,50.4,50.4,507
2026-05-11 17:10:00,50.4,50.4,50.4,50.4,2032
2026-05-11 17:30:00,50.4,50.4,50.4,50.4,2060
2026-05-11 17:40:00,50.4,50.4,50.4,50.4,4396
2026-05-11 17:45:00,50.4,50.4,50.4,50.4,800
2026-05-11 17:50:00,50.4,50.4,50.4,50.4,152
2026-05-11 17:55:00,50.4,50.4,50.4,50.4,140
2026-05-11 18:00:00,50.4,50.4,50.4,50.4,800
2026-05-11 18:15:00,50.4,50.4,50.4,50.4,100
2026-05-11 18:30:00,50.4,50.4,50.4,50.4,120
2026-05-11 18:35:00,50.4,50.4,50.4,50.4,881
2026-05-11 18:45:00,50.4,50.4,50.4,50.4,100
2026-05-11 19:00:00,50.4,50.4,50.4,50.4,340
2026-05-11 19:05:00,50.4,50.4,50.4,50.4,6680
2026-05-11 19:20:00,50.4,50.4,50.4,50.4,450
2026-05-11 19:30:00,50.4,50.4,50.4,50.4,1701
2026-05-11 19:35:00,50.4,50.4,50.4,50.4,1000
2026-05-11 19:55:00,50.3998,50.3998,50.3998,50.3998,198
2026-05-12 04:00:00,50.4,50.4,50.4,50.4,674
2026-05-12 04:25:00,50.4,50.4,50.4,50.4,1699
2026-05-12 06:30:00,50.405,50.405,50.405,50.405,199
2026-05-12 07:00:00,50.405,50.405,50.405,50.405,150
2026-05-12 07:05:00,50.4,50.4088,50.4,50.4088,250
2026-05-12 07:20:00,50.4035,50.4035,50.4035,50.4035,770
2026-05-12 07:30:00,50.4,50.4099,50.4,50.4099,879
2026-05-12 07:35:00,50.4,50.4,50.4,50.4,200
2026-05-12 07:45:00,50.4001,50.4001,50.4001,50.4001,110
2026-05-12 07:55:00,50.405,50.405,50.405,50.405,9000
2026-05-12 08:05:00,50.4093,50.4093,50.4093,50.4093,890
2026-05-12 08:30:00,50.405,50.405,50.405,50.405,397
2026-05-12 08:35:00,50.4013,50.4013,50.4013,50.4013,400
2026-05-12 08:50:00,50.4,50.405,50.4,50.405,480
2026-05-12 09:00:00,50.4,50.4065,50.4,50.4065,2567
2026-05-12 09:05:00,50.4088,50.4088,50.4087,50.4087,473
2026-05-12 09:15:00,50.4,50.4099,50.4,50.4099,318
2026-05-12 09:30:00,50.4,50.41,50.4,50.405,129133
2026-05-12 09:35:00,50.405,50.41,50.4,50.4044,39210
2026-05-12 09:40:00,50.41,50.41,50.4,50.405,14949
2026-05-12 09:45:00,50.4044,50.41,50.4,50.405,30914
2026-05-12 09:50:00,50.405,50.41,50.4,50.406,40620
2026-05-12 09:55:00,50.405,50.41,50.4,50.4,39997
2026-05-12 10:00:00,50.405,50.41,50.4,50.405,82161
2026-05-12 10:05:00,50.41,50.41,50.4,50.405,29651
2026-05-12 10:10:00,50.405,50.41,50.4,50.405,23442
2026-05-12 10:15:00,50.405,50.41,50.4,50.405,16558
2026-05-12 10:20:00,50.405,50.4099,50.4,50.405,15823
2026-05-12 10:25:00,50.405,50.41,50.4,50.405,15870
2026-05-12 10:30:00,50.405,50.41,50.4,50.4099,24170
2026-05-12 10:35:00,50.4002,50.41,50.4,50.4,39823
2026-05-12 10:40:00,50.405,50.41,50.4001,50.405,24830
2026-05-12 10:45:00,50.405,50.41,50.4,50.405,28829
2026-05-12 10:50:00,50.405,50.41,50.4,50.405,20095
2026-05-12 10:55:00,50.405,50.41,50.4,50.4012,44861
2026-05-12 11:00:00,50.4,50.41,50.4,50.405,76687
2026-05-12 11:05:00,50.405,50.41,50.401,50.405,28831
2026-05-12 11:10:00,50.405,50.41,50.4,50.41,40956
2026-05-12 11:15:00,50.405,50.41,50.4003,50.405,26512
2026-05-12 11:20:00,50.4099,50.41,50.4,50.405,36661
2026-05-12 11:25:00,50.405,50.41,50.4,50.405,11983
2026-05-12 11:30:00,50.405,50.41,50.4,50.405,25806
2026-05-12 11:35:00,50.4,50.405,50.4,50.4043,10786
2026-05-12 11:40:00,50.405,50.41,50.4,50.405,17318
2026-05-12 11:45:00,50.4007,50.41,50.4,50.4026,26427
2026-05-12 11:50:00,50.405,50.405,50.4,50.405,9916
2026-05-12 11:55:00,50.405,50.41,50.4,50.405,44043
2026-05-12 12:00:00,50.405,50.41,50.4,50.405,19224
2026-05-12 12:05:00,50.405,50.41,50.4,50.405,35201
2026-05-12 12:10:00,50.405,50.41,50.4,50.4041,43363
2026-05-12 12:15:00,50.405,50.41,50.4,50.4097,9833
2026-05-12 12:20:00,50.4,50.41,50.4,50.405,24424
2026-05-12 12:25:00,50.4099,50.41,50.4,50.405,75392
2026-05-12 12:30:00,50.405,50.41,50.4007,50.4099,206542
2026-05-12 12:35:00,50.4046,50.41,50.4,50.405,93299
2026-05-12 12:40:00,50.405,50.41,50.4,50.4,55619
2026-05-12 12:45:00,50.405,50.41,50.4,50.4001,202231
2026-05-12 12:50:00,50.405,50.4053,50.4,50.405,5536
2026-05-12 12:55:00,50.4047,50.41,50.4,50.4062,22895
2026-05-12 13:00:00,50.41,50.41,50.4,50.41,17026
2026-05-12 13:05:00,50.4025,50.41,50.4,50.41,29116
2026-05-12 13:10:00,50.405,50.41,50.4,50.41,27104
2026-05-12 13:15:00,50.405,50.41,50.4,50.405,25365
2026-05-12 13:20:00,50.405,50.41,50.4,50.405,26282
2026-05-12 13:25:00,50.4059,50.41,50.4,50.41,21571
2026-05-12 13:30:00,50.405,50.41,50.4,50.4046,28950
2026-05-12 13:35:00,50.405,50.41,50.4001,50.405,32367
2026-05-12 13:40:00,50.405,50.41,50.4,50.405,16576
2026-05-12 13:45:00,50.4099,50.41,50.4,50.405,45916
2026-05-12 13:50:00,50.4001,50.41,50.4001,50.405,7748
2026-05-12 13:55:00,50.405,50.41,50.4,50.405,12585
2026-05-12 14:00:00,50.405,50.41,50.4,50.405,202980
2026-05-12 14:05:00,50.4074,50.41,50.4,50.405,15025
2026-05-12 14:10:00,50.405,50.41,50.4044,50.406,23919
2026-05-12 14:15:00,50.41,50.41,50.4,50.4,27205
2026-05-12 14:20:00,50.4001,50.41,50.4,50.4046,7742
2026-05-12 14:25:00,50.41,50.41,50.4,50.41,20658
2026-05-12 14:30:00,50.41,50.41,50.4,50.405,119561
2026-05-12 14:35:00,50.41,50.41,50.4,50.405,51835
2026-05-12 14:40:00,50.405,50.41,50.4,50.406,24506
2026-05-12 14:45:00,50.4047,50.41,50.4,50.4041,24507
2026-05-12 14:50:00,50.4099,50.41,50.4,50.405,30980
2026-05-12 14:55:00,50.4025,50.41,50.4,50.405,25477
2026-05-12 15:00:00,50.405,50.41,50.4,50.405,27127
2026-05-12 15:05:00,50.4002,50.41,50.4,50.405,33979
2026-05-12 15:10:00,50.405,50.41,50.4001,50.405,23252
2026-05-12 15:15:00,50.4046,50.41,50.4,50.405,68958
2026-05-12 15:20:00,50.405,50.41,50.4,50.405,71414
2026-05-12 15:25:00,50.4001,50.41,50.4,50.405,25459
2026-05-12 15:30:00,50.4044,50.41,50.4,50.406,26182
2026-05-12 15:35:00,50.405,50.41,50.4,50.403,21300
2026-05-12 15:40:00,50.405,50.41,50.4,50.405,36145
2026-05-12 15:45:00,50.405,50.41,50.4,50.405,153360
2026-05-12 15:50:00,50.405,50.41,50.4,50.405,83168
2026-05-12 15:55:00,50.4001,50.41,50.4,50.41,67825
2026-05-12 16:00:00,50.41,50.41,50.405,50.405,16737
2026-05-12 16:05:00,50.41,50.41,50.41,50.41,256
2026-05-12 16:10:00,50.41,50.41,50.4002,50.4002,841
2026-05-12 16:25:00,50.4001,50.4001,50.4001,50.4001,12626
2026-05-12 16:35:00,50.4082,50.41,50.4035,50.41,996
2026-05-12 16:40:00,50.4098,50.4098,50.4098,50.4098,238
2026-05-12 17:15:00,50.41,50.41,50.41,50.41,2000
2026-05-12 17:25:00,50.4065,50.4065,50.4065,50.4065,2000
2026-05-12 17:30:00,50.4098,50.4098,50.4065,50.4065,2400
2026-05-12 17:40:00,50.4004,50.4099,50.4004,50.4099,2100
2026-05-12 17:55:00,50.4,50.4,50.4,50.4,100
2026-05-12 18:20:00,50.4001,50.4001,50.4001,50.4001,200
2026-05-12 18:25:00,50.4003,50.4003,50.4001,50.4001,500
2026-05-12 18:45:00,50.4035,50.4035,50.4035,50.4035,120
2026-05-12 18:50:00,50.4087,50.4087,50.4087,50.4087,444
2026-05-12 18:55:00,50.4099,50.4099,50.4099,50.4099,1982
2026-05-12 19:00:00,50.4067,50.4098,50.405,50.4098,4200
2026-05-12 19:05:00,50.4098,50.4098,50.4098,50.4098,400
2026-05-12 19:15:00,50.4065,50.4087,50.4065,50.4087,691
2026-05-12 19:20:00,50.4097,50.4097,50.4097,50.4097,648
2026-05-12 19:40:00,50.4087,50.4087,50.4,50.4,5060
2026-05-12 19:50:00,50.41,50.41,50.405,50.4065,8540
2026-05-12 19:55:00,50.4087,50.41,50.4087,50.41,8858
2026-05-13 04:00:00,50.45,50.45,50.45,50.45,200
2026-05-13 04:55:00,50.41,50.41,50.41,50.41,200
2026-05-13 06:45:00,50.41,50.41,50.41,50.41,174
2026-05-13 07:00:00,50.405,50.405,50.405,50.405,350
2026-05-13 07:10:00,50.41,50.41,50.41,50.41,400
2026-05-13 07:45:00,50.41,50.41,50.41,50.41,119
2026-05-13 08:05:00,50.4013,50.4013,50.4013,50.4013,100
2026-05-13 08:15:00,50.4097,50.41,50.4097,50.4099,1200
2026-05-13 08:20:00,50.41,50.41,50.41,50.41,128
2026-05-13 08:25:00,50.4005,50.405,50.4005,50.405,1660
2026-05-13 08:35:00,50.4,50.4,50.4,50.4,200
2026-05-13 08:45:00,50.4,50.41,50.4,50.41,493
2026-05-13 08:50:00,50.4013,50.405,50.4013,50.405,320
2026-05-13 09:10:00,50.4013,50.4013,50.4002,50.4013,440
2026-05-13 09:15:00,50.41,50.41,50.41,50.41,2500
2026-05-13 09:20:00,50.4,50.4,50.4,50.4,100
2026-05-13 09:30:00,50.4,50.41,50.4,50.4001,132944
2026-05-13 09:35:00,50.405,50.41,50.4,50.405,30235
2026-05-13 09:40:00,50.408,50.41,50.4046,50.4046,40821
2026-05-13 09:45:00,50.405,50.41,50.4,50.41,41773
2026-05-13 09:50:00,50.4046,50.41,50.4,50.4046,43997
2026-05-13 09:55:00,50.405,50.41,50.4,50.405,81674
2026-05-13 10:00:00,50.4079,50.41,50.4041,50.408,70365
2026-05-13 10:05:00,50.4077,50.41,50.4001,50.405,8585
2026-05-13 10:10:00,50.41,50.41,50.4,50.401,33878
2026-05-13 10:15:00,50.405,50.41,50.4046,50.405,28575
2026-05-13 10:20:00,50.41,50.41,50.4,50.405,86135
2026-05-13 10:25:00,50.41,50.41,50.4,50.4025,12950
2026-05-13 10:30:00,50.405,50.41,50.4,50.405,31838
2026-05-13 10:35:00,50.405,50.41,50.4,50.405,22514
2026-05-13 10:40:00,50.405,50.41,50.4,50.405,20822
2026-05-13 10:45:00,50.4099,50.4099,50.4,50.405,24257
2026-05-13 10:50:00,50.409,50.41,50.4,50.405,35876
2026-05-13 10:55:00,50.405,50.41,50.405,50.405,15909
2026-05-13 11:00:00,50.41,50.41,50.4001,50.41,61372
2026-05-13 11:05:00,50.4099,50.41,50.4,50.41,46899
2026-05-13 11:10:00,50.405,50.41,50.4001,50.405,29535
2026-05-13 11:15:00,50.4076,50.41,50.4015,50.408,9656
2026-05-13 11:20:00,50.405,50.41,50.4,50.41,62685
2026-05-13 11:25:00,50.4081,50.41,50.4,50.405,16333
2026-05-13 11:30:00,50.405,50.41,50.4,50.4099,15192
2026-05-13 11:35:00,50.4078,50.41,50.4,50.405,34867
2026-05-13 11:40:00,50.405,50.41,50.4,50.4003,18099
2026-05-13 11:45:00,50.41,50.41,50.4,50.41,19659
2026-05-13 11:50:00,50.41,50.41,50.4001,50.405,41127
2026-05-13 11:55:00,50.4099,50.41,50.4,50.405,21334
2026-05-13 12:00:00,50.4,50.41,50.4,50.405,9814
2026-05-13 12:05:00,50.4,50.41,50.4,50.405,10781
2026-05-13 12:10:00,50.41,50.41,50.4,50.405,2575
2026-05-13 12:15:00,50.405,50.41,50.4,50.405,43203
2026-05-13 12:20:00,50.41,50.41,50.4,50.409,21817
2026-05-13 12:25:00,50.41,50.41,50.4001,50.405,13275
2026-05-13 12:30:00,50.408,50.41,50.4026,50.4081,14964
2026-05-13 12:35:00,50.41,50.41,50.4,50.4081,6253
2026-05-13 12:40:00,50.405,50.41,50.4,50.403,16366
2026-05-13 12:45:00,50.405,50.405,50.4002,50.405,18229
2026-05-13 12:50:00,50.405,50.41,50.4,50.4,85793
2026-05-13 12:55:00,50.4078,50.41,50.4048,50.41,11342
2026-05-13 13:00:00,50.41,50.41,50.4,50.4099,10683
2026-05-13 13:05:00,50.41,50.41,50.4,50.405,7132
2026-05-13 13:10:00,50.4084,50.41,50.4,50.41,36489
2026-05-13 13:15:00,50.41,50.41,50.4,50.4,372813
2026-05-13 13:20:00,50.405,50.41,50.4044,50.4066,28501
2026-05-13 13:25:00,50.41,50.41,50.4,50.405,982530
2026-05-13 13:30:00,50.405,50.41,50.405,50.41,38008
2026-05-13 13:35:00,50.405,50.41,50.4,50.41,22500
2026-05-13 13:40:00,50.4099,50.41,50.405,50.41,91819
2026-05-13 13:45:00,50.4076,50.41,50.4025,50.41,45422
2026-05-13 13:50:00,50.405,50.41,50.4001,50.41,49796
2026-05-13 13:55:00,50.405,50.41,50.4,50.41,86554
2026-05-13 14:00:00,50.41,50.41,50.4,50.41,55589
2026-05-13 14:05:00,50.4001,50.42,50.4001,50.415,301996
2026-05-13 14:10:00,50.4144,50.42,50.4103,50.42,58701
2026-05-13 14:15:00,50.42,50.42,50.41,50.4101,17185
2026-05-13 14:20:00,50.415,50.42,50.41,50.4101,33006
2026-05-13 14:25:00,50.415,50.42,50.41,50.4151,21876
2026-05-13 14:30:00,50.42,50.42,50.41,50.415,40790
2026-05-13 14:35:00,50.41,50.42,50.41,50.42,27811
2026-05-13 14:40:00,50.415,50.42,50.41,50.415,30738
2026-05-13 14:45:00,50.4101,50.42,50.41,50.4145,17135
2026-05-13 14:50:00,50.42,50.42,50.41,50.415,16911
2026-05-13 14:55:00,50.415,50.42,50.41,50.4199,8475
2026-05-13 15:00:00,50.415,50.42,50.415,50.415,3902
2026-05-13 15:05:00,50.4154,50.42,50.41,50.4151,17950
2026-05-13 15:10:00,50.415,50.42,50.4129,50.415,9169
2026-05-13 15:15:00,50.415,50.42,50.4101,50.415,25827
2026-05-13 15:20:00,50.41,50.42,50.41,50.415,18535
2026-05-13 15:25:00,50.4199,50.42,50.41,50.415,37336
2026-05-13 15:30:00,50.415,50.42,50.41,50.4145,33323
2026-05-13 15:35:00,50.4154,50.42,50.41,50.415,55178
2026-05-13 15:40:00,50.415,50.42,50.41,50.415,341140
2026-05-13 15:45:00,50.415,50.42,50.41,50.42,59244
2026-05-13 15:50:00,50.41,50.42,50.41,50.415,61239
2026-05-13 15:55:00,50.4185,50.42,50.41,50.4142,47443
2026-05-13 16:00:00,50.42,50.42,50.42,50.42,6372
2026-05-13 16:05:00,50.4165,50.4165,50.4159,50.4159,578
2026-05-13 16:10:00,50.42,50.42,50.42,50.42,9331
2026-05-13 16:20:00,50.42,50.42,50.4113,50.4113,900
2026-05-13 16:45:00,50.4101,50.4101,50.4101,50.4101,500
2026-05-13 16:50:00,50.42,50.42,50.42,50.42,932
2026-05-13 17:00:00,50.4104,50.4104,50.4104,50.4104,100
2026-05-13 17:05:00,50.4198,50.4198,50.4198,50.4198,289
2026-05-13 17:45:00,50.41,50.41,50.41,50.41,1522
2026-05-13 18:00:00,50.4101,50.4101,50.4101,50.4101,200
2026-05-13 18:15:00,50.42,50.42,50.41,50.41,1450
2026-05-13 18:40:00,50.4165,50.42,50.4165,50.42,3151
2026-05-13 18:50:00,50.415,50.415,50.415,50.415,1000
2026-05-13 18:55:00,50.41,50.41,50.41,50.41,200
2026-05-13 19:15:00,50.415,50.415,50.415,50.415,800
2026-05-13 19:45:00,50.4102,50.4102,50.4102,50.4102,1031
2026-05-13 19:50:00,50.42,50.42,50.41,50.4165,9050
2026-05-13 19:55:00,50.42,50.42,50.42,50.42,100
2026-05-14 04:00:00,50.42,50.42,50.42,50.42,247
2026-05-14 04:10:00,50.42,50.42,50.42,50.42,553
2026-05-14 05:00:00,50.42,50.42,50.42,50.42,270
2026-05-14 05:35:00,50.42,50.42,50.42,50.42,132
2026-05-14 06:30:00,50.415,50.415,50.415,50.415,858
2026-05-14 07:00:00,50.4103,50.4103,50.4103,50.4103,595
2026-05-14 07:15:00,50.4113,50.4113,50.4113,50.4113,1010
2026-05-14 07:30:00,50.4102,50.4102,50.4102,50.4102,500
2026-05-14 07:35:00,50.415,50.415,50.415,50.415,2000
2026-05-14 07:45:00,50.41,50.41,50.41,50.41,932
2026-05-14 07:50:00,50.41,50.42,50.41,50.42,350
2026-05-14 08:25:00,50.4113,50.4113,50.4113,50.4113,240
2026-05-14 08:35:00,50.41,50.4103,50.41,50.4103,300
2026-05-14 08:55:00,50.4146,50.4146,50.4146,50.4146,495
2026-05-14 09:00:00,50.4135,50.4135,50.4113,50.4113,270
2026-05-14 09:25:00,50.415,50.415,50.415,50.415,991
2026-05-14 09:30:00,50.42,50.42,50.41,50.41,101865
2026-05-14 09:35:00,50.415,50.42,50.41,50.42,81697
2026-05-14 09:40:00,50.415,50.42,50.41,50.42,30174
2026-05-14 09:45:00,50.42,50.42,50.41,50.42,13477
2026-05-14 09:50:00,50.42,50.42,50.41,50.42,14076
2026-05-14 09:55:00,50.4199,50.42,50.41,50.41,14902
2026-05-14 10:00:00,50.42,50.42,50.41,50.415,14126
2026-05-14 10:05:00,50.415,50.42,50.41,50.41,24878
2026-05-14 10:10:00,50.415,50.42,50.41,50.42,67285
2026-05-14 10:15:00,50.42,50.42,50.41,50.42,19344
2026-05-14 10:20:00,50.4151,50.42,50.41,50.415,30386
2026-05-14 10:25:00,50.41,50.42,50.41,50.4199,24391
2026-05-14 10:30:00,50.42,50.42,50.41,50.42,20138
2026-05-14 10:35:00,50.42,50.42,50.41,50.42,17553
2026-05-14 10:40:00,50.415,50.42,50.41,50.42,26999
2026-05-14 10:45:00,50.42,50.42,50.41,50.42,12616
2026-05-14 10:50:00,50.42,50.42,50.41,50.42,18414
2026-05-14 10:55:00,50.42,50.42,50.41,50.415,21555
2026-05-14 11:00:00,50.415,50.42,50.41,50.42,178042
2026-05-14 11:05:00,50.42,50.42,50.4135,50.415,21491
2026-05-14 11:10:00,50.415,50.42,50.415,50.4199,21484
2026-05-14 11:15:00,50.42,50.42,50.41,50.42,48842
2026-05-14 11:20:00,50.415,50.42,50.41,50.41,19446
2026-05-14 11:25:00,50.42,50.42,50.4101,50.42,9131
2026-05-14 11:30:00,50.4155,50.42,50.415,50.4167,32663
2026-05-14 11:35:00,50.42,50.42,50.41,50.4151,14122
2026-05-14 11:40:00,50.415,50.42,50.41,50.4151,96074
2026-05-14 11:45:00,50.415,50.42,50.415,50.415,14824
2026-05-14 11:50:00,50.4151,50.42,50.41,50.415,37114
2026-05-14 11:55:00,50.42,50.42,50.41,50.41,13403
2026-05-14 12:00:00,50.4151,50.42,50.41,50.42,14808
2026-05-14 12:05:00,50.415,50.42,50.41,50.4175,20828
2026-05-14 12:10:00,50.42,50.42,50.41,50.4151,11149
2026-05-14 12:15:00,50.42,50.42,50.41,50.42,24440
2026-05-14 12:20:00,50.42,50.42,50.415,50.415,12088
2026-05-14 12:25:00,50.42,50.42,50.41,50.42,11455
2026-05-14 12:30:00,50.42,50.42,50.41,50.4151,11877
2026-05-14 12:35:00,50.4197,50.42,50.41,50.415,12170
2026-05-14 12:40:00,50.42,50.42,50.4134,50.42,36647
2026-05-14 12:45:00,50.42,50.42,50.41,50.42,29190
2026-05-14 12:50:00,50.42,50.42,50.4101,50.415,8016
2026-05-14 12:55:00,50.42,50.42,50.41,50.4101,18330
2026-05-14 13:00:00,50.42,50.42,50.41,50.42,18306
2026-05-14 13:05:00,50.415,50.42,50.41,50.415,66371
2026-05-14 13:10:00,50.4199,50.42,50.41,50.41,94389
2026-05-14 13:15:00,50.415,50.42,50.415,50.42,40183
2026-05-14 13:20:00,50.4155,50.42,50.41,50.42,18740
2026-05-14 13:25:00,50.42,50.42,50.41,50.4151,37050
2026-05-14 13:30:00,50.415,50.42,50.41,50.42,21096
2026-05-14 13:35:00,50.42,50.42,50.4101,50.415,11996
2026-05-14 13:40:00,50.42,50.42,50.41,50.41,11083
2026-05-14 13:45:00,50.41,50.42,50.41,50.415,11621
2026-05-14 13:50:00,50.415,50.42,50.41,50.4199,24392
2026-05-14 13:55:00,50.42,50.42,50.41,50.4199,35164
2026-05-14 14:00:00,50.42,50.42,50.415,50.415,93815
2026-05-14 14:05:00,50.42,50.42,50.41,50.4135,10775
2026-05-14 14:10:00,50.4151,50.42,50.41,50.42,60331
2026-05-14 14:15:00,50.42,50.42,50.4101,50.4199,68557
2026-05-14 14:20:00,50.42,50.42,50.41,50.415,68199
2026-05-14 14:25:00,50.41,50.42,50.41,50.42,40128
2026-05-14 14:30:00,50.415,50.42,50.41,50.42,135405
2026-05-14 14:35:00,50.42,50.42,50.41,50.42,38606
2026-05-14 14:40:00,50.42,50.42,50.4101,50.415,40270
2026-05-14 14:45:00,50.42,50.42,50.41,50.42,27474
2026-05-14 14:50:00,50.415,50.42,50.41,50.42,47450
2026-05-14 14:55:00,50.42,50.42,50.41,50.42,4109
2026-05-14 15:00:00,50.42,50.42,50.41,50.42,4352
2026-05-14 15:05:00,50.415,50.42,50.41,50.415,12166
2026-05-14 15:10:00,50.42,50.42,50.41,50.42,16128
2026-05-14 15:15:00,50.42,50.42,50.4101,50.415,17431
2026-05-14 15:20:00,50.42,50.42,50.41,50.42,30036
2026-05-14 15:25:00,50.42,50.42,50.41,50.42,23992
2026-05-14 15:30:00,50.42,50.42,50.41,50.42,20658
2026-05-14 15:35:00,50.42,50.42,50.41,50.4101,62555
2026-05-14 15:40:00,50.42,50.42,50.41,50.415,92673
2026-05-14 15:45:00,50.42,50.42,50.4101,50.4151,82340
2026-05-14 15:50:00,50.415,50.42,50.41,50.415,28568
2026-05-14 15:55:00,50.415,50.42,50.41,50.42,95616
2026-05-14 16:00:00,50.42,50.42,50.415,50.415,7163
2026-05-14 16:05:00,50.42,50.42,50.4135,50.4135,91750
2026-05-14 16:10:00,50.4199,50.4199,50.41,50.41,4740
2026-05-14 16:15:00,50.42,50.42,50.4187,50.4187,239
2026-05-14 16:20:00,50.4187,50.42,50.4187,50.42,15148
2026-05-14 16:30:00,50.41,50.42,50.41,50.42,1400
2026-05-14 16:50:00,50.4101,50.4101,50.4101,50.4101,2000
2026-05-14 17:00:00,50.42,50.42,50.42,50.42,148
2026-05-14 17:05:00,50.41,50.41,50.41,50.41,1000
2026-05-14 17:10:00,50.41,50.41,50.41,50.41,1785
2026-05-14 17:30:00,50.41,50.41,50.41,50.41,300
2026-05-14 17:35:00,50.41,50.41,50.41,50.41,357
2026-05-14 17:40:00,50.4187,50.4187,50.4187,50.4187,143
2026-05-14 17:50:00,50.4199,50.4199,50.4199,50.4199,2000
2026-05-14 18:00:00,50.42,50.42,50.42,50.42,486
2026-05-14 18:20:00,50.4113,50.4113,50.4113,50.4113,643
2026-05-14 18:40:00,50.416,50.42,50.41,50.42,5698
2026-05-14 19:20:00,50.4102,50.4199,50.4102,50.4199,258
2026-05-14 19:50:00,50.4113,50.4135,50.4101,50.4113,7412
2026-05-15 04:00:00,50.43,50.44,50.42,50.42,772
2026-05-15 04:10:00,50.425,50.425,50.425,50.425,270
2026-05-15 06:00:00,50.42,50.42,50.42,50.42,350
2026-05-15 06:35:00,50.43,50.43,50.43,50.43,100
2026-05-15 06:45:00,50.425,50.425,50.425,50.425,570
2026-05-15 06:55:00,50.425,50.425,50.425,50.425,2000
2026-05-15 07:00:00,50.425,50.425,50.4203,50.4213,14831
2026-05-15 08:05:00,50.4265,50.4265,50.4265,50.4265,2423
2026-05-15 08:20:00,50.429,50.429,50.429,50.429,200
2026-05-15 08:25:00,50.4203,50.4203,50.4203,50.4203,730
2026-05-15 08:30:00,50.43,50.43,50.43,50.43,100
2026-05-15 08:50:00,50.4213,50.4297,50.4201,50.4297,769
2026-05-15 09:05:00,50.421,50.421,50.42,50.42,800
2026-05-15 09:30:00,50.42,50.43,50.42,50.43,184129
2026-05-15 09:35:00,50.42,50.43,50.42,50.43,127250
2026-05-15 09:40:00,50.42,50.43,50.42,50.43,49293
2026-05-15 09:45:00,50.43,50.43,50.42,50.43,47894
2026-05-15 09:50:00,50.4297,50.43,50.42,50.4251,86384
2026-05-15 09:55:00,50.43,50.43,50.42,50.43,14112
2026-05-15 10:00:00,50.425,50.43,50.42,50.425,41162
2026-05-15 10:05:00,50.43,50.43,50.4201,50.43,50076
2026-05-15 10:10:00,50.43,50.43,50.42,50.43,86615
2026-05-15 10:15:00,50.43,50.43,50.4249,50.425,115900
2026-05-15 10:20:00,50.43,50.43,50.42,50.43,78002
2026-05-15 10:25:00,50.43,50.43,50.42,50.4299,58399
2026-05-15 10:30:00,50.425,50.43,50.425,50.43,88895
2026-05-15 10:35:00,50.43,50.43,50.4201,50.43,39627
2026-05-15 10:40:00,50.425,50.43,50.42,50.43,145437
2026-05-15 10:45:00,50.4249,50.43,50.4201,50.425,32659
2026-05-15 10:50:00,50.4251,50.43,50.42,50.43,40064
2026-05-15 10:55:00,50.425,50.43,50.42,50.429,40016
2026-05-15 11:00:00,50.43,50.43,50.42,50.43,50395
2026-05-15 11:05:00,50.425,50.43,50.42,50.4293,12881
2026-05-15 11:10:00,50.4248,50.43,50.4201,50.425,19484
2026-05-15 11:15:00,50.425,50.43,50.42,50.43,68447
2026-05-15 11:20:00,50.43,50.43,50.4225,50.43,71291
2026-05-15 11:25:00,50.43,50.43,50.4249,50.43,70556
2026-05-15 11:30:00,50.43,50.43,50.425,50.4251,12905
2026-05-15 11:35:00,50.425,50.43,50.4201,50.4286,18170
2026-05-15 11:40:00,50.4251,50.43,50.4201,50.43,24869
2026-05-15 11:45:00,50.425,50.43,50.42,50.4245,39279
2026-05-15 11:50:00,50.425,50.43,50.42,50.43,25878
2026-05-15 11:55:00,50.43,50.43,50.42,50.43,36330
2026-05-15 12:00:00,50.425,50.43,50.42,50.43,38562
2026-05-15 12:05:00,50.43,50.43,50.42,50.425,23522
2026-05-15 12:10:00,50.425,50.43,50.4249,50.43,35681
2026-05-15 12:15:00,50.43,50.43,50.42,50.43,68187
2026-05-15 12:20:00,50.43,50.43,50.42,50.43,69309
2026-05-15 12:25:00,50.425,50.43,50.42,50.43,10071
2026-05-15 12:30:00,50.429,50.43,50.42,50.43,236992
2026-05-15 12:35:00,50.43,50.44,50.43,50.44,83453
2026-05-15 12:40:00,50.435,50.44,50.43,50.435,33704
2026-05-15 12:45:00,50.435,50.44,50.43,50.4376,32200
2026-05-15 12:50:00,50.435,50.44,50.43,50.435,9174
2026-05-15 12:55:00,50.4373,50.44,50.43,50.43,49191
2026-05-15 13:00:00,50.43,50.44,50.43,50.435,45965
2026-05-15 13:05:00,50.435,50.44,50.43,50.435,18755
2026-05-15 13:10:00,50.435,50.44,50.4301,50.435,95165
2026-05-15 13:15:00,50.435,50.44,50.43,50.435,75288
2026-05-15 13:20:00,50.435,50.44,50.43,50.44,34732
2026-05-15 13:25:00,50.435,50.44,50.43,50.435,85688
2026-05-15 13:30:00,50.435,50.44,50.4301,50.435,79923
2026-05-15 13:35:00,50.4301,50.44,50.43,50.435,35892
2026-05-15 13:40:00,50.435,50.44,50.43,50.435,6546
2026-05-15 13:45:00,50.435,50.44,50.4301,50.44,9033
2026-05-15 13:50:00,50.44,50.44,50.43,50.435,25105
2026-05-15 13:55:00,50.44,50.44,50.43,50.4301,123670
2026-05-15 14:00:00,50.44,50.44,50.43,50.435,47713
2026-05-15 14:05:00,50.44,50.44,50.43,50.44,142627
2026-05-15 14:10:00,50.44,50.44,50.43,50.44,30539
2026-05-15 14:15:00,50.44,50.44,50.43,50.435,16727
2026-05-15 14:20:00,50.44,50.44,50.43,50.44,60116
2026-05-15 14:25:00,50.44,50.44,50.43,50.4357,19271
2026-05-15 14:30:00,50.4301,50.44,50.43,50.44,11038
2026-05-15 14:35:00,50.4353,50.44,50.43,50.43,22290
2026-05-15 14:40:00,50.435,50.44,50.43,50.435,34470
2026-05-15 14:45:00,50.4399,50.44,50.43,50.44,49537
2026-05-15 14:50:00,50.4357,50.44,50.43,50.4345,72316
2026-05-15 14:55:00,50.43,50.44,50.43,50.435,28160
2026-05-15 15:00:00,50.435,50.44,50.4301,50.435,32223
2026-05-15 15:05:00,50.435,50.44,50.43,50.44,19521
2026-05-15 15:10:00,50.44,50.44,50.43,50.44,15167
2026-05-15 15:15:00,50.435,50.44,50.4325,50.435,18392
2026-05-15 15:20:00,50.435,50.44,50.43,50.4347,140727
2026-05-15 15:25:00,50.4352,50.44,50.43,50.435,127944
2026-05-15 15:30:00,50.44,50.44,50.43,50.4329,27713
2026-05-15 15:35:00,50.435,50.44,50.43,50.44,30207
2026-05-15 15:40:00,50.4351,50.44,50.43,50.435,34392
2026-05-15 15:45:00,50.435,50.44,50.43,50.435,61165
2026-05-15 15:50:00,50.433,50.44,50.43,50.44,98221
2026-05-15 15:55:00,50.435,50.44,50.43,50.435,116655
2026-05-15 16:00:00,50.43,50.44,50.43,50.44,17589
2026-05-15 16:05:00,50.43,50.4397,50.43,50.4397,1544
2026-05-15 16:45:00,50.44,50.44,50.4338,50.4338,1177
2026-05-15 16:55:00,50.435,50.435,50.4313,50.4313,460
2026-05-15 17:05:00,50.4303,50.4303,50.4303,50.4303,100
2026-05-15 17:10:00,50.44,50.44,50.44,50.44,2600
2026-05-15 17:50:00,50.435,50.435,50.4313,50.4313,910
2026-05-15 18:20:00,50.43,50.43,50.43,50.43,200
2026-05-15 19:05:00,50.43,50.43,50.43,50.43,200
2026-05-15 19:10:00,50.435,50.435,50.435,50.435,198
2026-05-15 19:35:00,50.435,50.435,50.435,50.435,1249
2026-05-15 19:40:00,50.435,50.435,50.435,50.435,3610
2026-05-15 19:50:00,50.43,50.4302,50.43,50.4302,4106
2026-05-15 19:55:00,50.435,50.44,50.4313,50.44,5388
2026-05-18 04:00:00,50.44,50.44,50.44,50.44,800
2026-05-18 04:10:00,50.44,50.44,50.44,50.44,6000
2026-05-18 05:20:00,50.435,50.435,50.435,50.435,350
2026-05-18 07:00:00,50.44,50.44,50.43,50.435,2000
2026-05-18 07:15:00,50.4394,50.4394,50.4394,50.4394,500
2026-05-18 07:20:00,50.435,50.435,50.43,50.43,1000
2026-05-18 07:25:00,50.435,50.435,50.4313,50.4313,1000
2026-05-18 07:30:00,50.4386,50.4387,50.4386,50.4387,397
2026-05-18 07:35:00,50.44,50.44,50.44,50.44,258
2026-05-18 07:45:00,50.435,50.435,50.435,50.435,303
2026-05-18 07:55:00,50.435,50.435,50.435,50.435,610
2026-05-18 08:00:00,50.43,50.4313,50.43,50.4313,500
2026-05-18 08:25:00,50.44,50.44,50.435,50.435,553
2026-05-18 08:30:00,50.44,50.44,50.44,50.44,1976
2026-05-18 08:40:00,50.435,50.435,50.435,50.435,177
2026-05-18 09:00:00,50.4313,50.4313,50.4313,50.4313,460
2026-05-18 09:30:00,50.44,50.44,50.43,50.4301,184072
2026-05-18 09:35:00,50.43,50.44,50.43,50.435,37169
2026-05-18 09:40:00,50.4344,50.44,50.4301,50.44,11305
2026-05-18 09:45:00,50.4375,50.44,50.43,50.44,58252
2026-05-18 09:50:00,50.4343,50.44,50.43,50.4371,80167
2026-05-18 09:55:00,50.435,50.44,50.43,50.44,33401
2026-05-18 10:00:00,50.44,50.44,50.43,50.435,44329
2026-05-18 10:05:00,50.44,50.44,50.43,50.4359,44057
2026-05-18 10:10:00,50.4301,50.44,50.43,50.435,37665
2026-05-18 10:15:00,50.43,50.44,50.43,50.4398,23894
2026-05-18 10:20:00,50.435,50.44,50.43,50.435,9504
2026-05-18 10:25:00,50.435,50.44,50.4301,50.44,14931
2026-05-18 10:30:00,50.4347,50.44,50.43,50.435,15190
2026-05-18 10:35:00,50.4385,50.44,50.4329,50.4399,16021
2026-05-18 10:40:00,50.435,50.44,50.43,50.435,15856
2026-05-18 10:45:00,50.4348,50.44,50.43,50.435,39715
2026-05-18 10:50:00,50.4351,50.44,50.4332,50.435,54851
2026-05-18 10:55:00,50.435,50.44,50.43,50.435,92935
2026-05-18 11:00:00,50.4301,50.44,50.4301,50.435,61699
2026-05-18 11:05:00,50.435,50.44,50.4341,50.435,30787
2026-05-18 11:10:00,50.4349,50.44,50.43,50.435,22509
2026-05-18 11:15:00,50.435,50.44,50.43,50.44,52868
2026-05-18 11:20:00,50.44,50.44,50.43,50.44,33118
2026-05-18 11:25:00,50.435,50.44,50.43,50.4399,60603
2026-05-18 11:30:00,50.435,50.44,50.43,50.435,27065
2026-05-18 11:35:00,50.44,50.44,50.43,50.4335,75331
2026-05-18 11:40:00,50.4399,50.44,50.43,50.44,17489
2026-05-18 11:45:00,50.435,50.44,50.43,50.435,34614
2026-05-18 11:50:00,50.4378,50.44,50.4317,50.435,44612
2026-05-18 11:55:00,50.44,50.44,50.43,50.435,9791
2026-05-18 12:00:00,50.435,50.44,50.43,50.435,51014
2026-05-18 12:05:00,50.438,50.44,50.43,50.4348,22936
2026-05-18 12:10:00,50.4343,50.44,50.43,50.435,82286
2026-05-18 12:15:00,50.435,50.44,50.4345,50.44,15270
2026-05-18 12:20:00,50.435,50.44,50.43,50.435,11214
2026-05-18 12:25:00,50.435,50.44,50.4345,50.44,26697
2026-05-18 12:30:00,50.44,50.44,50.435,50.44,35393
2026-05-18 12:35:00,50.435,50.44,50.43,50.438,3632
2026-05-18 12:40:00,50.43,50.44,50.43,50.435,18521
2026-05-18 12:45:00,50.44,50.44,50.43,50.44,19584
2026-05-18 12:50:00,50.4345,50.44,50.43,50.44,45087
2026-05-18 12:55:00,50.4325,50.44,50.43,50.4345,49830
2026-05-18 13:00:00,50.44,50.44,50.43,50.4397,11427
2026-05-18 13:05:00,50.44,50.44,50.43,50.44,32037
2026-05-18 13:10:00,50.4345,50.44,50.43,50.435,63963
2026-05-18 13:15:00,50.4379,50.44,50.4301,50.435,26496
2026-05-18 13:20:00,50.44,50.44,50.4301,50.435,6791
2026-05-18 13:25:00,50.44,50.44,50.43,50.4348,39552
2026-05-18 13:30:00,50.4399,50.44,50.43,50.43,13088
2026-05-18 13:35:00,50.4348,50.44,50.43,50.435,72809
2026-05-18 13:40:00,50.435,50.44,50.4315,50.435,27449
2026-05-18 13:45:00,50.44,50.44,50.43,50.435,10676
2026-05-18 13:50:00,50.435,50.44,50.43,50.435,40361
2026-05-18 13:55:00,50.435,50.44,50.43,50.435,39687
2026-05-18 14:00:00,50.435,50.44,50.43,50.435,74624
2026-05-18 14:05:00,50.435,50.44,50.43,50.4376,25477
2026-05-18 14:10:00,50.4398,50.44,50.43,50.44,88031
2026-05-18 14:15:00,50.4399,50.44,50.4301,50.435,90209
2026-05-18 14:20:00,50.4385,50.44,50.4348,50.435,19208
2026-05-18 14:25:00,50.435,50.44,50.4301,50.4301,65288
2026-05-18 14:30:00,50.44,50.44,50.43,50.435,88960
2026-05-18 14:35:00,50.435,50.44,50.43,50.44,78512
2026-05-18 14:40:00,50.435,50.44,50.43,50.435,13425
2026-05-18 14:45:00,50.44,50.44,50.43,50.435,29746
2026-05-18 14:50:00,50.435,50.44,50.43,50.4397,24531
2026-05-18 14:55:00,50.435,50.44,50.43,50.435,20289
2026-05-18 15:00:00,50.44,50.44,50.43,50.4399,29650
2026-05-18 15:05:00,50.435,50.44,50.43,50.4399,54277
2026-05-18 15:10:00,50.4399,50.44,50.4348,50.44,131293
2026-05-18 15:15:00,50.44,50.44,50.43,50.44,78732
2026-05-18 15:20:00,50.435,50.44,50.43,50.435,169072
2026-05-18 15:25:00,50.435,50.44,50.43,50.44,23940
2026-05-18 15:30:00,50.44,50.44,50.4301,50.4379,16422
2026-05-18 15:35:00,50.43,50.44,50.43,50.435,46376
2026-05-18 15:40:00,50.44,50.44,50.43,50.4301,21965
2026-05-18 15:45:00,50.44,50.44,50.4301,50.44,81776
2026-05-18 15:50:00,50.4372,50.44,50.43,50.44,63362
2026-05-18 15:55:00,50.44,50.44,50.43,50.4399,159889
2026-05-18 16:00:00,50.44,50.44,50.435,50.44,15107
2026-05-18 16:05:00,50.4399,50.4399,50.4309,50.4309,1100
2026-05-18 16:10:00,50.44,50.44,50.44,50.44,2530
2026-05-18 16:20:00,50.44,50.44,50.44,50.44,594
2026-05-18 16:50:00,50.44,50.44,50.44,50.44,441
2026-05-18 16:55:00,50.44,50.44,50.44,50.44,3803
2026-05-18 17:00:00,50.44,50.44,50.44,50.44,2890
2026-05-18 17:05:00,50.44,50.44,50.44,50.44,1436
2026-05-18 17:15:00,50.44,50.44,50.44,50.44,3034
2026-05-18 17:25:00,50.44,50.44,50.44,50.44,229
2026-05-18 17:30:00,50.44,50.44,50.44,50.44,1379
2026-05-18 17:50:00,50.44,50.44,50.44,50.44,2100
2026-05-18 18:00:00,50.44,50.44,50.44,50.44,159
2026-05-18 18:10:00,50.44,50.44,50.44,50.44,12370
2026-05-18 18:15:00,50.44,50.44,50.44,50.44,5100
2026-05-18 18:20:00,50.44,50.44,50.44,50.44,7200
2026-05-18 18:30:00,50.44,50.44,50.44,50.44,5000
2026-05-18 18:55:00,50.44,50.44,50.44,50.44,125
2026-05-18 19:20:00,50.44,50.44,50.44,50.44,500
2026-05-18 19:25:00,50.44,50.44,50.44,50.44,175
2026-05-18 19:45:00,50.44,50.44,50.44,50.44,200
2026-05-18 19:55:00,50.44,50.44,50.44,50.44,1123
2026-05-19 04:00:00,50.44,50.44,50.44,50.44,100
2026-05-19 06:05:00,50.445,50.445,50.445,50.445,266
2026-05-19 06:10:00,50.44,50.44,50.44,50.44,200
2026-05-19 06:30:00,50.44,50.44,50.44,50.44,100
2026-05-19 06:55:00,50.445,50.445,50.445,50.445,100
2026-05-19 07:00:00,50.4413,50.4413,50.4413,50.4413,697
2026-05-19 07:35:00,50.445,50.445,50.445,50.445,3964
2026-05-19 07:40:00,50.445,50.445,50.4412,50.4412,3173
2026-05-19 07:55:00,50.44,50.4437,50.44,50.4437,4100
2026-05-19 08:15:00,50.44,50.44,50.44,50.44,4510
2026-05-19 08:50:00,50.44,50.44,50.44,50.44,860
2026-05-19 08:55:00,50.445,50.445,50.445,50.445,200
2026-05-19 09:05:00,50.4499,50.4499,50.4487,50.4487,4620
2026-05-19 09:10:00,50.4465,50.4487,50.4465,50.4487,780
2026-05-19 09:15:00,50.4497,50.4497,50.445,50.445,1300
2026-05-19 09:30:00,50.45,50.45,50.44,50.44,147470
2026-05-19 09:35:00,50.4401,50.45,50.44,50.445,46448
2026-05-19 09:40:00,50.445,50.45,50.44,50.45,62680
2026-05-19 09:45:00,50.445,50.45,50.44,50.445,57067
2026-05-19 09:50:00,50.445,50.45,50.44,50.442,66596
2026-05-19 09:55:00,50.445,50.45,50.44,50.445,33280
2026-05-19 10:00:00,50.445,50.45,50.44,50.45,22779
2026-05-19 10:05:00,50.448,50.45,50.44,50.445,29646
2026-05-19 10:10:00,50.445,50.45,50.4402,50.445,16334
2026-05-19 10:15:00,50.445,50.45,50.44,50.45,216483
2026-05-19 10:20:00,50.445,50.45,50.44,50.445,62971
2026-05-19 10:25:00,50.44,50.45,50.44,50.445,58405
2026-05-19 10:30:00,50.445,50.45,50.4401,50.445,41267
2026-05-19 10:35:00,50.445,50.45,50.44,50.445,28126
2026-05-19 10:40:00,50.445,50.45,50.44,50.445,56473
2026-05-19 10:45:00,50.445,50.45,50.44,50.4498,17636
2026-05-19 10:50:00,50.445,50.45,50.44,50.4401,41670
2026-05-19 10:55:00,50.445,50.45,50.445,50.445,26103
2026-05-19 11:00:00,50.45,50.45,50.44,50.445,20595
2026-05-19 11:05:00,50.445,50.45,50.44,50.445,37459
2026-05-19 11:10:00,50.445,50.45,50.44,50.445,8923
2026-05-19 11:15:00,50.45,50.45,50.4401,50.445,17425
2026-05-19 11:20:00,50.445,50.45,50.44,50.4465,19917
2026-05-19 11:25:00,50.445,50.45,50.445,50.445,43296
2026-05-19 11:30:00,50.445,50.45,50.44,50.445,69395
2026-05-19 11:35:00,50.445,50.45,50.44,50.4499,19338
2026-05-19 11:40:00,50.445,50.45,50.44,50.4465,31917
2026-05-19 11:45:00,50.4497,50.45,50.4401,50.45,34562
2026-05-19 11:50:00,50.45,50.45,50.44,50.45,34248
2026-05-19 11:55:00,50.45,50.45,50.44,50.45,14612
2026-05-19 12:00:00,50.445,50.45,50.44,50.45,21885
2026-05-19 12:05:00,50.45,50.45,50.44,50.443,25354
2026-05-19 12:10:00,50.445,50.45,50.44,50.4499,37651
2026-05-19 12:15:00,50.4474,50.45,50.44,50.44,14262
2026-05-19 12:20:00,50.445,50.45,50.44,50.45,37158
2026-05-19 12:25:00,50.4497,50.45,50.44,50.445,29384
2026-05-19 12:30:00,50.44,50.45,50.44,50.445,36930
2026-05-19 12:35:00,50.45,50.45,50.44,50.446,24999
2026-05-19 12:40:00,50.4463,50.45,50.44,50.445,19148
2026-05-19 12:45:00,50.448,50.45,50.4401,50.4415,12014
2026-05-19 12:50:00,50.45,50.45,50.44,50.45,26281
2026-05-19 12:55:00,50.445,50.45,50.44,50.45,139884
2026-05-19 13:00:00,50.45,50.45,50.44,50.45,18208
2026-05-19 13:05:00,50.4499,50.45,50.44,50.45,156152
2026-05-19 13:10:00,50.445,50.45,50.44,50.445,14914
2026-05-19 13:15:00,50.4463,50.45,50.44,50.445,21200
2026-05-19 13:20:00,50.447,50.45,50.44,50.44,27333
2026-05-19 13:25:00,50.4456,50.45,50.44,50.446,88518
2026-05-19 13:30:00,50.44,50.45,50.44,50.4455,24966
2026-05-19 13:35:00,50.4463,50.45,50.445,50.4475,12316
2026-05-19 13:40:00,50.445,50.45,50.44,50.45,25925
2026-05-19 13:45:00,50.445,50.45,50.44,50.4401,12763
2026-05-19 13:50:00,50.445,50.45,50.4401,50.4466,31415
2026-05-19 13:55:00,50.4462,50.45,50.445,50.445,60034
2026-05-19 14:00:00,50.4458,50.45,50.4444,50.4463,15296
2026-05-19 14:05:00,50.445,50.45,50.44,50.4499,23842
2026-05-19 14:10:00,50.4401,50.45,50.44,50.4462,10855
2026-05-19 14:15:00,50.4499,50.45,50.44,50.445,33747
2026-05-19 14:20:00,50.445,50.45,50.44,50.4469,22039
2026-05-19 14:25:00,50.445,50.45,50.44,50.445,28529
2026-05-19 14:30:00,50.4463,50.45,50.445,50.445,11149
2026-05-19 14:35:00,50.45,50.45,50.44,50.45,49706
2026-05-19 14:40:00,50.45,50.45,50.4425,50.445,21441
2026-05-19 14:45:00,50.4401,50.45,50.44,50.446,40692
2026-05-19 14:50:00,50.445,50.45,50.4401,50.45,16213
2026-05-19 14:55:00,50.45,50.45,50.44,50.445,203621
2026-05-19 15:00:00,50.45,50.45,50.44,50.4499,16743
2026-05-19 15:05:00,50.445,50.45,50.44,50.4401,55910
2026-05-19 15:10:00,50.445,50.45,50.44,50.4469,41928
2026-05-19 15:15:00,50.445,50.45,50.44,50.445,115565
2026-05-19 15:20:00,50.445,50.45,50.445,50.445,19757
2026-05-19 15:25:00,50.4401,50.45,50.44,50.45,28422
2026-05-19 15:30:00,50.445,50.45,50.44,50.445,47584
2026-05-19 15:35:00,50.445,50.45,50.44,50.445,67771
2026-05-19 15:40:00,50.445,50.45,50.4444,50.445,33959
2026-05-19 15:45:00,50.445,50.45,50.44,50.45,72062
2026-05-19 15:50:00,50.4493,50.45,50.44,50.445,81781
2026-05-19 15:55:00,50.445,50.45,50.44,50.45,112928
2026-05-19 16:00:00,50.44,50.44,50.44,50.44,7230
2026-05-19 16:05:00,50.445,50.45,50.445,50.45,585
2026-05-19 16:10:00,50.44,50.44,50.44,50.44,150
2026-05-19 16:15:00,50.45,50.45,50.44,50.44,2530
2026-05-19 16:30:00,50.4402,50.4402,50.4402,50.4402,300
2026-05-19 16:40:00,50.44,50.44,50.44,50.44,999
2026-05-19 17:15:00,50.44,50.45,50.44,50.45,11076
2026-05-19 17:25:00,50.45,50.45,50.45,50.45,466
2026-05-19 17:30:00,50.45,50.45,50.45,50.45,1000
2026-05-19 17:35:00,50.45,50.45,50.45,50.45,100
2026-05-19 17:40:00,50.45,50.45,50.45,50.45,2923
2026-05-19 17:45:00,50.45,50.45,50.45,50.45,3998
2026-05-19 17:50:00,50.45,50.45,50.45,50.45,495
2026-05-19 18:00:00,50.45,50.45,50.45,50.45,2000
2026-05-19 18:05:00,50.45,50.45,50.45,50.45,598
2026-05-19 18:15:00,50.45,50.45,50.45,50.45,3797
2026-05-19 18:40:00,50.45,50.45,50.45,50.45,1500
2026-05-19 18:45:00,50.45,50.45,50.45,50.45,800
2026-05-19 19:00:00,50.45,50.45,50.45,50.45,12500
2026-05-19 19:05:00,50.45,50.45,50.45,50.45,2425
2026-05-19 19:25:00,50.45,50.45,50.45,50.45,1100
2026-05-19 19:30:00,50.45,50.45,50.45,50.45,200
2026-05-20 04:00:00,50.44,50.44,50.44,50.44,139
2026-05-20 04:35:00,50.445,50.445,50.445,50.445,100
2026-05-20 07:00:00,50.45,50.45,50.45,50.45,1385
2026-05-20 07:35:00,50.45,50.45,50.45,50.45,495
2026-05-20 07:40:00,50.445,50.445,50.445,50.445,150
2026-05-20 08:35:00,50.45,50.45,50.445,50.445,1000
2026-05-20 08:40:00,50.445,50.445,50.445,50.445,2600
2026-05-20 08:50:00,50.445,50.445,50.4413,50.4413,395
2026-05-20 08:55:00,50.4413,50.45,50.4413,50.445,722
2026-05-20 09:00:00,50.44,50.44,50.44,50.44,198
2026-05-20 09:15:00,50.45,50.45,50.45,50.45,900
2026-05-20 09:20:00,50.45,50.45,50.4493,50.4493,10299
2026-05-20 09:25:00,50.45,50.45,50.45,50.45,200
2026-05-20 09:30:00,50.45,50.45,50.44,50.4499,75823
2026-05-20 09:35:00,50.4474,50.45,50.44,50.44,31689
2026-05-20 09:40:00,50.44,50.45,50.44,50.445,67055
2026-05-20 09:45:00,50.445,50.45,50.44,50.45,89471
2026-05-20 09:50:00,50.4499,50.45,50.44,50.45,67742
2026-05-20 09:55:00,50.445,50.45,50.44,50.45,38092
2026-05-20 10:00:00,50.45,50.45,50.44,50.445,38591
2026-05-20 10:05:00,50.45,50.45,50.44,50.45,83295
2026-05-20 10:10:00,50.45,50.46,50.45,50.46,227212
2026-05-20 10:15:00,50.4554,50.46,50.45,50.455,115129
2026-05-20 10:20:00,50.455,50.46,50.45,50.46,74395
2026-05-20 10:25:00,50.455,50.46,50.45,50.455,46281
2026-05-20 10:30:00,50.455,50.46,50.45,50.4599,13938
2026-05-20 10:35:00,50.455,50.46,50.45,50.45,8309
2026-05-20 10:40:00,50.46,50.46,50.4501,50.455,14782
2026-05-20 10:45:00,50.455,50.46,50.45,50.45,467028
2026-05-20 10:50:00,50.45,50.46,50.45,50.46,293349
2026-05-20 10:55:00,50.4501,50.46,50.45,50.455,30601
2026-05-20 11:00:00,50.455,50.4599,50.45,50.45,15132
2026-05-20 11:05:00,50.455,50.46,50.45,50.45,13675
2026-05-20 11:10:00,50.455,50.46,50.45,50.46,15484
2026-05-20 11:15:00,50.4501,50.46,50.45,50.455,43885
2026-05-20 11:20:00,50.46,50.46,50.45,50.455,53405
2026-05-20 11:25:00,50.4551,50.46,50.45,50.4501,98013
2026-05-20 11:30:00,50.455,50.46,50.45,50.45,24582
2026-05-20 11:35:00,50.45,50.46,50.45,50.45,30902
2026-05-20 11:40:00,50.455,50.46,50.45,50.45,22552
2026-05-20 11:45:00,50.4555,50.46,50.45,50.455,21520
2026-05-20 11:50:00,50.45,50.4568,50.45,50.455,110533
2026-05-20 11:55:00,50.45,50.46,50.45,50.455,65959
2026-05-20 12:00:00,50.45,50.46,50.45,50.45,46562
2026-05-20 12:05:00,50.4599,50.46,50.45,50.45,18146
2026-05-20 12:10:00,50.4501,50.46,50.45,50.45,15673
2026-05-20 12:15:00,50.4525,50.46,50.45,50.4501,72791
2026-05-20 12:20:00,50.45,50.46,50.45,50.45,18023
2026-05-20 12:25:00,50.45,50.4599,50.45,50.45,45128
2026-05-20 12:30:00,50.45,50.46,50.45,50.4553,31466
2026-05-20 12:35:00,50.45,50.46,50.45,50.45,24072
2026-05-20 12:40:00,50.4502,50.46,50.45,50.45,21050
2026-05-20 12:45:00,50.45,50.46,50.45,50.45,38569
2026-05-20 12:50:00,50.45,50.46,50.45,50.45,57684
2026-05-20 12:55:00,50.45,50.4599,50.45,50.455,20089
2026-05-20 13:00:00,50.455,50.46,50.45,50.45,36946
2026-05-20 13:05:00,50.45,50.46,50.45,50.45,21763
2026-05-20 13:10:00,50.45,50.46,50.45,50.45,130163
2026-05-20 13:15:00,50.45,50.46,50.45,50.4599,18781
2026-05-20 13:20:00,50.45,50.46,50.45,50.455,18539
2026-05-20 13:25:00,50.45,50.46,50.45,50.45,37366
2026-05-20 13:30:00,50.45,50.46,50.45,50.45,115953
2026-05-20 13:35:00,50.455,50.46,50.45,50.45,28242
2026-05-20 13:40:00,50.46,50.46,50.45,50.4501,58386
2026-05-20 13:45:00,50.45,50.4599,50.45,50.4558,23729
2026-05-20 13:50:00,50.4501,50.457,50.45,50.4501,9298
2026-05-20 13:55:00,50.455,50.455,50.45,50.45,25096
2026-05-20 14:00:00,50.455,50.46,50.45,50.453,9758
2026-05-20 14:05:00,50.455,50.46,50.45,50.4502,32013
2026-05-20 14:10:00,50.455,50.46,50.45,50.455,17223
2026-05-20 14:15:00,50.455,50.46,50.45,50.455,23588
2026-05-20 14:20:00,50.455,50.46,50.44,50.445,695777
2026-05-20 14:25:00,50.445,50.45,50.44,50.445,26139
2026-05-20 14:30:00,50.4426,50.45,50.4426,50.445,24543
2026-05-20 14:35:00,50.445,50.45,50.44,50.44,12306
2026-05-20 14:40:00,50.445,50.45,50.44,50.44,11812
2026-05-20 14:45:00,50.445,50.45,50.44,50.445,18228
2026-05-20 14:50:00,50.445,50.45,50.44,50.445,18973
2026-05-20 14:55:00,50.445,50.45,50.44,50.445,15122
2026-05-20 15:00:00,50.445,50.45,50.4401,50.445,6754
2026-05-20 15:05:00,50.44,50.45,50.44,50.445,118572
2026-05-20 15:10:00,50.45,50.45,50.44,50.445,54407
2026-05-20 15:15:00,50.445,50.45,50.44,50.445,20721
2026-05-20 15:20:00,50.445,50.45,50.44,50.445,23353
2026-05-20 15:25:00,50.445,50.45,50.44,50.44,78359
2026-05-20 15:30:00,50.445,50.45,50.44,50.45,18227
2026-05-20 15:35:00,50.45,50.45,50.44,50.445,53666
2026-05-20 15:40:00,50.445,50.45,50.44,50.445,48293
2026-05-20 15:45:00,50.44,50.45,50.44,50.445,30039
2026-05-20 15:50:00,50.44,50.45,50.44,50.44,28904
2026-05-20 15:55:00,50.445,50.45,50.44,50.44,67516
2026-05-20 16:00:00,50.44,50.445,50.44,50.445,17200
2026-05-20 16:05:00,50.44,50.4497,50.44,50.4497,2750
2026-05-20 16:10:00,50.4465,50.447,50.4465,50.447,1000
2026-05-20 16:15:00,50.4487,50.4498,50.4464,50.4498,1200
2026-05-20 16:20:00,50.4466,50.45,50.4466,50.45,314
2026-05-20 16:25:00,50.4498,50.4498,50.44,50.44,15615
2026-05-20 16:35:00,50.4499,50.4499,50.4499,50.4499,696
2026-05-20 16:50:00,50.44,50.44,50.44,50.44,210
2026-05-20 16:55:00,50.4435,50.4435,50.4435,50.4435,686
2026-05-20 17:00:00,50.4435,50.4435,50.4435,50.4435,600
2026-05-20 17:05:00,50.4497,50.4497,50.4497,50.4497,300
2026-05-20 17:10:00,50.4401,50.4401,50.4401,50.4401,160
2026-05-20 17:25:00,50.44,50.44,50.44,50.44,100
2026-05-20 18:35:00,50.4487,50.4487,50.4487,50.4487,335
2026-05-20 18:40:00,50.45,50.45,50.45,50.45,1850
2026-05-20 18:45:00,50.44,50.44,50.44,50.44,240
2026-05-20 18:55:00,50.45,50.45,50.45,50.45,198
2026-05-20 19:05:00,50.445,50.445,50.445,50.445,600
2026-05-20 19:15:00,50.45,50.45,50.4435,50.4435,1305
2026-05-20 19:20:00,50.45,50.45,50.45,50.45,1649
2026-05-20 19:25:00,50.4401,50.4401,50.4401,50.4401,150
2026-05-20 19:30:00,50.44,50.44,50.44,50.44,200
2026-05-20 19:35:00,50.44,50.44,50.44,50.44,200
2026-05-20 19:45:00,50.445,50.4487,50.445,50.4487,1400
2026-05-20 19:50:00,50.45,50.45,50.445,50.4487,1764
2026-05-21 04:10:00,50.45,50.45,50.45,50.45,2250
2026-05-21 05:55:00,50.45,50.45,50.45,50.45,200
2026-05-21 06:30:00,50.45,50.45,50.45,50.45,500
2026-05-21 07:00:00,50.45,50.46,50.45,50.46,2199
2026-05-21 07:05:00,50.4599,50.4599,50.4599,50.4599,404
2026-05-21 07:35:00,50.45,50.45,50.45,50.45,3751
2026-05-21 07:50:00,50.45,50.45,50.45,50.45,8412
2026-05-21 08:05:00,50.45,50.45,50.45,50.45,17794
2026-05-21 08:10:00,50.45,50.4563,50.45,50.4563,200
2026-05-21 08:40:00,50.4587,50.4587,50.45,50.45,256
2026-05-21 08:45:00,50.45,50.45,50.45,50.45,240
2026-05-21 08:50:00,50.45,50.4501,50.45,50.4501,600
2026-05-21 08:55:00,50.4588,50.4588,50.4588,50.4588,500
2026-05-21 09:00:00,50.45,50.45,50.45,50.45,120
2026-05-21 09:05:00,50.455,50.455,50.45,50.45,780
2026-05-21 09:10:00,50.4501,50.4501,50.4501,50.4501,151
2026-05-21 09:25:00,50.45,50.45,50.45,50.45,1388
2026-05-21 09:30:00,50.45,50.46,50.45,50.455,209674
2026-05-21 09:35:00,50.455,50.4598,50.45,50.45,81598
2026-05-21 09:40:00,50.455,50.46,50.45,50.455,199842
2026-05-21 09:45:00,50.455,50.4599,50.45,50.455,22567
2026-05-21 09:50:00,50.455,50.46,50.45,50.45,33191
2026-05-21 09:55:00,50.45,50.46,50.45,50.455,25260
2026-05-21 10:00:00,50.4577,50.46,50.4501,50.455,33455
2026-05-21 10:05:00,50.455,50.46,50.45,50.45,26276
2026-05-21 10:10:00,50.455,50.46,50.45,50.45,73166
2026-05-21 10:15:00,50.45,50.46,50.45,50.4529,53416
2026-05-21 10:20:00,50.4515,50.46,50.45,50.455,17495
2026-05-21 10:25:00,50.45,50.46,50.45,50.455,50025
2026-05-21 10:30:00,50.455,50.46,50.45,50.4599,24319
2026-05-21 10:35:00,50.455,50.4599,50.45,50.4501,26965
2026-05-21 10:40:00,50.45,50.46,50.45,50.455,21039
2026-05-21 10:45:00,50.4586,50.46,50.45,50.455,22805
2026-05-21 10:50:00,50.4501,50.46,50.45,50.4599,70549
2026-05-21 10:55:00,50.4501,50.4576,50.45,50.45,28429
2026-05-21 11:00:00,50.45,50.46,50.45,50.45,13866
2026-05-21 11:05:00,50.455,50.46,50.45,50.4501,10858
2026-05-21 11:10:00,50.455,50.4599,50.45,50.4501,15161
2026-05-21 11:15:00,50.45,50.46,50.45,50.45,21341
2026-05-21 11:20:00,50.4525,50.46,50.45,50.45,13929
2026-05-21 11:25:00,50.455,50.46,50.45,50.45,55397
2026-05-21 11:30:00,50.455,50.46,50.45,50.4501,96365
2026-05-21 11:35:00,50.45,50.46,50.45,50.46,14781
2026-05-21 11:40:00,50.45,50.4569,50.45,50.455,21544
2026-05-21 11:45:00,50.45,50.46,50.45,50.4503,16420
2026-05-21 11:50:00,50.45,50.46,50.45,50.46,23422
2026-05-21 11:55:00,50.455,50.46,50.45,50.4542,5957
2026-05-21 12:00:00,50.45,50.46,50.45,50.453,21271
2026-05-21 12:05:00,50.4542,50.455,50.45,50.455,15258
2026-05-21 12:10:00,50.4501,50.46,50.45,50.45,23759
2026-05-21 12:15:00,50.45,50.46,50.45,50.4535,17530
2026-05-21 12:20:00,50.455,50.455,50.45,50.45,16851
2026-05-21 12:25:00,50.455,50.4598,50.45,50.45,25419
2026-05-21 12:30:00,50.4508,50.4599,50.45,50.455,14698
2026-05-21 12:35:00,50.45,50.46,50.45,50.455,9382
2026-05-21 12:40:00,50.46,50.46,50.45,50.455,163378
2026-05-21 12:45:00,50.45,50.455,50.45,50.45,28660
2026-05-21 12:50:00,50.45,50.4599,50.45,50.45,18485
2026-05-21 12:55:00,50.4501,50.46,50.45,50.4501,66266
2026-05-21 13:00:00,50.4502,50.46,50.45,50.45,71752
2026-05-21 13:05:00,50.45,50.4599,50.45,50.45,21912
2026-05-21 13:10:00,50.455,50.455,50.45,50.4501,41817
2026-05-21 13:15:00,50.45,50.46,50.45,50.45,10914
2026-05-21 13:20:00,50.4599,50.4599,50.45,50.455,9110
2026-05-21 13:25:00,50.4501,50.46,50.45,50.451,17928
2026-05-21 13:30:00,50.455,50.46,50.45,50.455,13078
2026-05-21 13:35:00,50.455,50.4575,50.45,50.45,16201
2026-05-21 13:40:00,50.45,50.46,50.45,50.4501,42074
2026-05-21 13:45:00,50.45,50.4599,50.45,50.45,21469
2026-05-21 13:50:00,50.455,50.4599,50.45,50.455,25555
2026-05-21 13:55:00,50.455,50.4599,50.45,50.4501,50410
2026-05-21 14:00:00,50.455,50.4599,50.45,50.45,13050
2026-05-21 14:05:00,50.4525,50.46,50.45,50.455,12797
2026-05-21 14:10:00,50.45,50.455,50.45,50.4502,24688
2026-05-21 14:15:00,50.45,50.46,50.45,50.45,27108
2026-05-21 14:20:00,50.455,50.46,50.45,50.4501,32276
2026-05-21 14:25:00,50.45,50.46,50.45,50.455,58044
2026-05-21 14:30:00,50.455,50.46,50.45,50.455,19477
2026-05-21 14:35:00,50.455,50.46,50.45,50.455,29815
2026-05-21 14:40:00,50.455,50.455,50.45,50.455,70043
2026-05-21 14:45:00,50.45,50.4556,50.45,50.4556,31897
2026-05-21 14:50:00,50.4529,50.46,50.45,50.4501,10671
2026-05-21 14:55:00,50.45,50.4599,50.45,50.455,24417
2026-05-21 15:00:00,50.45,50.46,50.45,50.455,24597
2026-05-21 15:05:00,50.455,50.4599,50.45,50.45,8616
2026-05-21 15:10:00,50.455,50.455,50.45,50.45,30253
2026-05-21 15:15:00,50.4564,50.4597,50.45,50.4507,18431
2026-05-21 15:20:00,50.455,50.46,50.45,50.45,92730
2026-05-21 15:25:00,50.45,50.46,50.45,50.455,44109
2026-05-21 15:30:00,50.4501,50.46,50.45,50.4501,90348
2026-05-21 15:35:00,50.455,50.46,50.45,50.455,31613
2026-05-21 15:40:00,50.455,50.46,50.45,50.456,104191
2026-05-21 15:45:00,50.4535,50.46,50.45,50.45,168440
2026-05-21 15:50:00,50.45,50.46,50.45,50.4501,82452
2026-05-21 15:55:00,50.4502,50.46,50.45,50.45,96319
2026-05-21 16:00:00,50.45,50.4599,50.45,50.45,13979
2026-05-21 16:05:00,50.45,50.45,50.45,50.45,8720
2026-05-21 16:10:00,50.45,50.45,50.45,50.45,726
2026-05-21 16:15:00,50.45,50.45,50.45,50.45,283
2026-05-21 16:20:00,50.45,50.45,50.45,50.45,309
2026-05-21 16:25:00,50.45,50.45,50.45,50.45,902
2026-05-21 16:30:00,50.45,50.45,50.45,50.45,15933
2026-05-21 16:40:00,50.45,50.45,50.45,50.45,1388
2026-05-21 16:45:00,50.45,50.45,50.45,50.45,200
2026-05-21 16:50:00,50.45,50.45,50.45,50.45,10260
2026-05-21 17:15:00,50.45,50.45,50.45,50.45,6323
2026-05-21 17:20:00,50.45,50.45,50.45,50.45,1200
2026-05-21 17:25:00,50.45,50.45,50.45,50.45,3333
2026-05-21 17:30:00,50.45,50.45,50.45,50.45,1780
2026-05-21 17:35:00,50.45,50.45,50.45,50.45,362
2026-05-21 17:50:00,50.45,50.45,50.45,50.45,1700
2026-05-21 17:55:00,50.45,50.45,50.45,50.45,288
2026-05-21 18:00:00,50.45,50.45,50.45,50.45,3000
2026-05-21 18:05:00,50.45,50.45,50.45,50.45,3000
2026-05-21 18:15:00,50.45,50.45,50.45,50.45,2482
2026-05-21 18:30:00,50.45,50.45,50.45,50.45,500
2026-05-21 18:40:00,50.45,50.45,50.45,50.45,171
2026-05-21 18:45:00,50.45,50.45,50.45,50.45,1792
2026-05-21 18:50:00,50.45,50.45,50.45,50.45,15000
2026-05-21 19:00:00,50.45,50.45,50.45,50.45,800
2026-05-21 19:15:00,50.45,50.45,50.45,50.45,4636
2026-05-21 19:30:00,50.45,50.45,50.45,50.45,100
2026-05-21 19:35:00,50.45,50.45,50.45,50.45,500
2026-05-21 19:45:00,50.45,50.45,50.45,50.45,4150
2026-05-22 04:00:00,50.46,50.46,50.46,50.46,275
2026-05-22 04:40:00,50.46,50.46,50.46,50.46,302
2026-05-22 06:20:00,50.465,50.465,50.465,50.465,100
2026-05-22 07:00:00,50.46,50.47,50.46,50.46,37479
2026-05-22 07:45:00,50.465,50.465,50.465,50.465,100
2026-05-22 08:05:00,50.47,50.47,50.47,50.47,2000
2026-05-22 08:10:00,50.46,50.46,50.46,50.46,753
2026-05-22 08:35:00,50.4696,50.4696,50.4696,50.4696,1104
2026-05-22 08:45:00,50.4671,50.4671,50.4671,50.4671,396
2026-05-22 08:50:00,50.4688,50.4688,50.4688,50.4688,200
2026-05-22 09:05:00,50.465,50.465,50.465,50.465,300
2026-05-22 09:10:00,50.465,50.465,50.465,50.465,200
2026-05-22 09:20:00,50.46,50.47,50.46,50.47,14293
2026-05-22 09:25:00,50.47,50.47,50.46,50.4688,45694
2026-05-22 09:30:00,50.47,50.47,50.46,50.465,140096
2026-05-22 09:35:00,50.4679,50.47,50.46,50.4657,64832
2026-05-22 09:40:00,50.465,50.47,50.46,50.46,46037
2026-05-22 09:45:00,50.46,50.47,50.46,50.465,54982
2026-05-22 09:50:00,50.4656,50.47,50.46,50.465,40816
2026-05-22 09:55:00,50.4645,50.47,50.46,50.4624,94973
2026-05-22 10:00:00,50.465,50.47,50.46,50.4699,34695
2026-05-22 10:05:00,50.46,50.47,50.46,50.4645,26409
2026-05-22 10:10:00,50.4645,50.47,50.46,50.47,51499
2026-05-22 10:15:00,50.4655,50.47,50.4601,50.465,39377
2026-05-22 10:20:00,50.465,50.47,50.46,50.47,69938
2026-05-22 10:25:00,50.465,50.47,50.46,50.46,80225
2026-05-22 10:30:00,50.465,50.47,50.46,50.4651,196838
2026-05-22 10:35:00,50.465,50.47,50.46,50.4675,32416
2026-05-22 10:40:00,50.4699,50.47,50.46,50.47,59449
2026-05-22 10:45:00,50.47,50.47,50.46,50.47,49249
2026-05-22 10:50:00,50.465,50.47,50.46,50.46,78929
2026-05-22 10:55:00,50.4601,50.468,50.46,50.46,36474
2026-05-22 11:00:00,50.465,50.47,50.46,50.46,48293
2026-05-22 11:05:00,50.465,50.47,50.46,50.46,33255
2026-05-22 11:10:00,50.46,50.465,50.46,50.465,13003
2026-05-22 11:15:00,50.4625,50.47,50.46,50.46,18717
2026-05-22 11:20:00,50.465,50.47,50.46,50.465,48810
2026-05-22 11:25:00,50.46,50.47,50.46,50.46,19555
2026-05-22 11:30:00,50.4633,50.47,50.46,50.465,8266
2026-05-22 11:35:00,50.464,50.47,50.46,50.46,35264
2026-05-22 11:40:00,50.46,50.47,50.46,50.465,18583
2026-05-22 11:45:00,50.46,50.4698,50.46,50.465,23562
2026-05-22 11:50:00,50.465,50.47,50.46,50.465,15312
2026-05-22 11:55:00,50.465,50.4651,50.4607,50.465,15440
2026-05-22 12:00:00,50.465,50.47,50.46,50.46,18804
2026-05-22 12:05:00,50.465,50.47,50.4607,50.465,11752
2026-05-22 12:10:00,50.465,50.4651,50.46,50.465,11586
2026-05-22 12:15:00,50.465,50.4699,50.46,50.465,5032
2026-05-22 12:20:00,50.465,50.47,50.46,50.465,103268
2026-05-22 12:25:00,50.465,50.47,50.46,50.4645,14528
2026-05-22 12:30:00,50.465,50.4699,50.46,50.465,11775
2026-05-22 12:35:00,50.4601,50.47,50.46,50.46,12212
2026-05-22 12:40:00,50.46,50.468,50.46,50.465,14965
2026-05-22 12:45:00,50.465,50.47,50.46,50.4699,23329
2026-05-22 12:50:00,50.465,50.47,50.46,50.46,23144
2026-05-22 12:55:00,50.465,50.47,50.46,50.465,55106
2026-05-22 13:00:00,50.465,50.47,50.46,50.465,16934
2026-05-22 13:05:00,50.465,50.4651,50.465,50.465,8111
2026-05-22 13:10:00,50.465,50.47,50.46,50.465,11578
2026-05-22 13:15:00,50.47,50.47,50.46,50.4601,19115
2026-05-22 13:20:00,50.465,50.47,50.46,50.465,37820
2026-05-22 13:25:00,50.4698,50.4698,50.46,50.465,15127
2026-05-22 13:30:00,50.465,50.47,50.4601,50.465,41684
2026-05-22 13:35:00,50.4614,50.47,50.46,50.47,25329
2026-05-22 13:40:00,50.465,50.47,50.46,50.46,66035
2026-05-22 13:45:00,50.4601,50.47,50.46,50.465,41230
2026-05-22 13:50:00,50.47,50.47,50.46,50.465,18766
2026-05-22 13:55:00,50.465,50.47,50.46,50.465,21911
2026-05-22 14:00:00,50.46,50.47,50.46,50.465,9914
2026-05-22 14:05:00,50.465,50.47,50.46,50.465,39848
2026-05-22 14:10:00,50.465,50.47,50.46,50.465,17083
2026-05-22 14:15:00,50.465,50.47,50.46,50.46,25597
2026-05-22 14:20:00,50.465,50.47,50.46,50.465,14048
2026-05-22 14:25:00,50.465,50.4699,50.46,50.4605,7202
2026-05-22 14:30:00,50.4699,50.47,50.46,50.4629,109060
2026-05-22 14:35:00,50.465,50.47,50.46,50.46,14620
2026-05-22 14:40:00,50.465,50.47,50.46,50.46,8782
2026-05-22 14:45:00,50.4699,50.47,50.46,50.465,26849
2026-05-22 14:50:00,50.46,50.47,50.46,50.4607,14812
2026-05-22 14:55:00,50.465,50.47,50.46,50.46,28942
2026-05-22 15:00:00,50.465,50.47,50.46,50.465,31802
2026-05-22 15:05:00,50.465,50.47,50.46,50.4601,35472
2026-05-22 15:10:00,50.465,50.47,50.46,50.465,59192
2026-05-22 15:15:00,50.465,50.4698,50.46,50.465,25851
2026-05-22 15:20:00,50.465,50.47,50.46,50.46,36575
2026-05-22 15:25:00,50.46,50.4657,50.46,50.4605,26019
2026-05-22 15:30:00,50.46,50.47,50.46,50.4605,119924
2026-05-22 15:35:00,50.46,50.47,50.46,50.465,54300
2026-05-22 15:40:00,50.465,50.47,50.46,50.465,46540
2026-05-22 15:45:00,50.465,50.47,50.46,50.465,136749
2026-05-22 15:50:00,50.465,50.47,50.46,50.465,65218
2026-05-22 15:55:00,50.465,50.47,50.46,50.47,124364
2026-05-22 16:00:00,50.46,50.4603,50.46,50.46,7805
2026-05-22 16:05:00,50.46,50.47,50.46,50.465,16731
2026-05-22 16:10:00,50.4691,50.47,50.4691,50.4698,3766
2026-05-22 16:15:00,50.47,50.47,50.465,50.4698,2299
2026-05-22 16:30:00,50.4604,50.4604,50.46,50.46,200
2026-05-22 16:35:00,50.46,50.46,50.46,50.46,11234
2026-05-22 16:40:00,50.46,50.46,50.46,50.46,500
2026-05-22 16:45:00,50.4601,50.4601,50.4601,50.4601,100
2026-05-22 17:00:00,50.4699,50.4699,50.4699,50.4699,981
2026-05-22 17:05:00,50.4603,50.4603,50.4603,50.4603,736
2026-05-22 17:45:00,50.4601,50.4601,50.4601,50.4601,499
2026-05-22 18:10:00,50.4604,50.4604,50.4604,50.4604,100
2026-05-22 18:35:00,50.47,50.47,50.47,50.47,10375
2026-05-22 18:55:00,50.46,50.46,50.46,50.46,300
2026-05-22 19:50:00,50.46,50.47,50.46,50.4695,6200
2026-05-22 19:55:00,50.4697,50.47,50.4665,50.47,17800