2026-04-22 09:30:00,79.45,79.45,79.42,79.44,52108
2026-04-22 09:35:00,79.445,79.46,79.445,79.4599,4139
2026-04-22 09:40:00,79.4535,79.47,79.4535,79.455,15305
2026-04-22 09:45:00,79.455,79.46,79.45,79.46,27518
2026-04-22 09:50:00,79.455,79.46,79.4525,79.46,8238
2026-04-22 09:55:00,79.4567,79.46,79.45,79.46,4453
2026-04-22 10:00:00,79.455,79.46,79.45,79.45,12700
2026-04-22 10:05:00,79.455,79.455,79.44,79.4466,23118
2026-04-22 10:10:00,79.4469,79.45,79.44,79.45,7863
2026-04-22 10:15:00,79.455,79.46,79.45,79.4565,40658
2026-04-22 10:20:00,79.46,79.4699,79.455,79.465,16739
2026-04-22 10:25:00,79.465,79.47,79.46,79.4699,3537
2026-04-22 10:30:00,79.465,79.465,79.44,79.445,29208
2026-04-22 10:35:00,79.445,79.45,79.435,79.45,19061
2026-04-22 10:40:00,79.455,79.4559,79.445,79.4499,7532
2026-04-22 10:45:00,79.4471,79.4473,79.4427,79.445,5508
2026-04-22 10:50:00,79.4483,79.4593,79.4411,79.4411,10644
2026-04-22 10:55:00,79.445,79.4499,79.4399,79.44,10234
2026-04-22 11:00:00,79.4335,79.445,79.43,79.43,8198
2026-04-22 11:05:00,79.4297,79.445,79.4263,79.435,14523
2026-04-22 11:10:00,79.435,79.45,79.431,79.4373,18648
2026-04-22 11:15:00,79.44,79.44,79.43,79.44,20855
2026-04-22 11:20:00,79.435,79.445,79.4332,79.44,8742
2026-04-22 11:25:00,79.4497,79.4497,79.4301,79.44,20965
2026-04-22 11:30:00,79.4459,79.4499,79.43,79.435,29180
2026-04-22 11:35:00,79.44,79.4499,79.43,79.43,25907
2026-04-22 11:40:00,79.4301,79.4399,79.42,79.425,36723
2026-04-22 11:45:00,79.425,79.43,79.42,79.425,12448
2026-04-22 11:50:00,79.425,79.43,79.4221,79.425,39482
2026-04-22 11:55:00,79.43,79.44,79.43,79.435,52854
2026-04-22 12:00:00,79.435,79.4374,79.43,79.435,20163
2026-04-22 12:05:00,79.43,79.45,79.43,79.435,75885
2026-04-22 12:10:00,79.435,79.4397,79.425,79.425,15075
2026-04-22 12:15:00,79.425,79.43,79.42,79.4229,257467
2026-04-22 12:20:00,79.425,79.4299,79.42,79.42,39905
2026-04-22 12:25:00,79.42,79.425,79.4118,79.425,62412
2026-04-22 12:30:00,79.425,79.425,79.414,79.42,14139
2026-04-22 12:35:00,79.42,79.42,79.41,79.42,20939
2026-04-22 12:40:00,79.42,79.43,79.405,79.41,17811
2026-04-22 12:45:00,79.41,79.4199,79.4001,79.4101,16728
2026-04-22 12:50:00,79.415,79.42,79.4003,79.41,26262
2026-04-22 12:55:00,79.415,79.415,79.4043,79.4043,34049
2026-04-22 13:00:00,79.41,79.43,79.405,79.425,36720
2026-04-22 13:05:00,79.425,79.43,79.42,79.43,13331
2026-04-22 13:10:00,79.43,79.44,79.4201,79.43,29689
2026-04-22 13:15:00,79.425,79.43,79.4131,79.42,20368
2026-04-22 13:20:00,79.42,79.43,79.415,79.425,18651
2026-04-22 13:25:00,79.42,79.425,79.4101,79.4173,46201
2026-04-22 13:30:00,79.42,79.43,79.42,79.425,20533
2026-04-22 13:35:00,79.425,79.4298,79.42,79.425,119678
2026-04-22 13:40:00,79.425,79.43,79.4201,79.425,18410
2026-04-22 13:45:00,79.43,79.43,79.42,79.43,26268
2026-04-22 13:50:00,79.43,79.4399,79.4277,79.435,30870
2026-04-22 13:55:00,79.435,79.44,79.43,79.435,24837
2026-04-22 14:00:00,79.435,79.44,79.43,79.435,23672
2026-04-22 14:05:00,79.435,79.4399,79.43,79.435,15456
2026-04-22 14:10:00,79.435,79.44,79.43,79.435,25128
2026-04-22 14:15:00,79.435,79.4359,79.425,79.425,24982
2026-04-22 14:20:00,79.425,79.4299,79.42,79.425,27125
2026-04-22 14:25:00,79.4296,79.43,79.42,79.425,22245
2026-04-22 14:30:00,79.425,79.43,79.42,79.425,45062
2026-04-22 14:35:00,79.4299,79.43,79.4201,79.425,16039
2026-04-22 14:40:00,79.425,79.43,79.42,79.4261,19819
2026-04-22 14:45:00,79.425,79.43,79.42,79.43,33190
2026-04-22 14:50:00,79.425,79.4299,79.42,79.4299,20065
2026-04-22 14:55:00,79.425,79.43,79.42,79.4247,14221
2026-04-22 15:00:00,79.425,79.4299,79.42,79.425,67389
2026-04-22 15:05:00,79.42,79.43,79.42,79.425,34850
2026-04-22 15:10:00,79.42,79.43,79.42,79.4244,29495
2026-04-22 15:15:00,79.42,79.43,79.42,79.43,30909
2026-04-22 15:20:00,79.425,79.43,79.4201,79.425,22180
2026-04-22 15:25:00,79.425,79.439,79.425,79.435,29475
2026-04-22 15:30:00,79.435,79.4359,79.4201,79.4299,26537
2026-04-22 15:35:00,79.42,79.43,79.42,79.4299,45893
2026-04-22 15:40:00,79.425,79.43,79.42,79.425,29650
2026-04-22 15:45:00,79.425,79.43,79.41,79.415,79938
2026-04-22 15:50:00,79.41,79.4194,79.41,79.41,31081
2026-04-22 15:55:00,79.415,79.42,79.4,79.405,189444
2026-04-22 16:00:00,79.42,79.4982,79.42,79.4982,143003
2026-04-22 16:35:00,79.41,79.41,79.41,79.41,700
2026-04-22 19:45:00,79.3916,79.3916,79.3916,79.3916,182
2026-04-23 07:55:00,79.43,79.43,79.43,79.43,200
2026-04-23 08:45:00,79.3912,79.3912,79.3912,79.3912,1260
2026-04-23 09:25:00,79.46,79.46,79.45,79.45,1704
2026-04-23 09:30:00,79.45,79.45,79.4,79.4001,89940
2026-04-23 09:35:00,79.405,79.42,79.4008,79.42,15824
2026-04-23 09:40:00,79.42,79.43,79.418,79.4285,35423
2026-04-23 09:45:00,79.42,79.4299,79.41,79.4199,40979
2026-04-23 09:50:00,79.42,79.4299,79.4101,79.425,11082
2026-04-23 09:55:00,79.425,79.425,79.41,79.41,18592
2026-04-23 10:00:00,79.41,79.41,79.4,79.4083,27379
2026-04-23 10:05:00,79.4098,79.415,79.4,79.415,69514
2026-04-23 10:10:00,79.4122,79.4299,79.41,79.4201,26792
2026-04-23 10:15:00,79.425,79.43,79.415,79.425,13991
2026-04-23 10:20:00,79.425,79.4299,79.42,79.425,16536
2026-04-23 10:25:00,79.425,79.425,79.4211,79.425,4278
2026-04-23 10:30:00,79.4277,79.43,79.405,79.405,34887
2026-04-23 10:35:00,79.405,79.415,79.405,79.41,31508
2026-04-23 10:40:00,79.415,79.42,79.41,79.42,24623
2026-04-23 10:45:00,79.43,79.4321,79.42,79.43,17039
2026-04-23 10:50:00,79.43,79.44,79.4201,79.435,21590
2026-04-23 10:55:00,79.4328,79.435,79.4201,79.4201,19092
2026-04-23 11:00:00,79.425,79.43,79.4242,79.425,28699
2026-04-23 11:05:00,79.425,79.43,79.42,79.42,102737
2026-04-23 11:10:00,79.425,79.43,79.4222,79.4298,20001
2026-04-23 11:15:00,79.4299,79.43,79.42,79.425,17902
2026-04-23 11:20:00,79.425,79.4388,79.4222,79.4383,13500
2026-04-23 11:25:00,79.43,79.43,79.42,79.4275,36209
2026-04-23 11:30:00,79.425,79.43,79.4201,79.425,18558
2026-04-23 11:35:00,79.428,79.43,79.42,79.425,48128
2026-04-23 11:40:00,79.4299,79.4299,79.42,79.42,22950
2026-04-23 11:45:00,79.42,79.42,79.405,79.415,24085
2026-04-23 11:50:00,79.415,79.42,79.405,79.405,27694
2026-04-23 11:55:00,79.405,79.42,79.405,79.415,18316
2026-04-23 12:00:00,79.415,79.4199,79.405,79.405,27163
2026-04-23 12:05:00,79.405,79.41,79.4,79.405,11719
2026-04-23 12:10:00,79.41,79.4199,79.4039,79.415,28506
2026-04-23 12:15:00,79.415,79.419,79.41,79.415,24961
2026-04-23 12:20:00,79.415,79.4199,79.41,79.415,20379
2026-04-23 12:25:00,79.42,79.42,79.41,79.415,36233
2026-04-23 12:30:00,79.415,79.42,79.4126,79.42,8779
2026-04-23 12:35:00,79.425,79.43,79.4241,79.425,21665
2026-04-23 12:40:00,79.425,79.4299,79.42,79.425,15342
2026-04-23 12:45:00,79.4201,79.4299,79.4201,79.425,10472
2026-04-23 12:50:00,79.425,79.4299,79.4229,79.425,14913
2026-04-23 12:55:00,79.425,79.427,79.415,79.415,12808
2026-04-23 13:00:00,79.42,79.425,79.4,79.4,64939
2026-04-23 13:05:00,79.395,79.3978,79.365,79.365,45114
2026-04-23 13:10:00,79.355,79.36,79.34,79.3599,24415
2026-04-23 13:15:00,79.35,79.35,79.32,79.32,30115
2026-04-23 13:20:00,79.315,79.33,79.31,79.3199,37113
2026-04-23 13:25:00,79.3199,79.34,79.31,79.315,19680
2026-04-23 13:30:00,79.315,79.3323,79.3125,79.3323,17734
2026-04-23 13:35:00,79.34,79.347,79.31,79.31,15540
2026-04-23 13:40:00,79.31,79.31,79.29,79.2901,20549
2026-04-23 13:45:00,79.295,79.3088,79.28,79.305,51670
2026-04-23 13:50:00,79.3,79.35,79.3,79.335,70085
2026-04-23 13:55:00,79.3377,79.37,79.335,79.365,96520
2026-04-23 14:00:00,79.37,79.385,79.365,79.365,45654
2026-04-23 14:05:00,79.3699,79.37,79.3543,79.3599,11206
2026-04-23 14:10:00,79.355,79.37,79.35,79.365,24388
2026-04-23 14:15:00,79.365,79.375,79.36,79.37,29220
2026-04-23 14:20:00,79.37,79.375,79.36,79.365,17655
2026-04-23 14:25:00,79.365,79.375,79.36,79.36,27638
2026-04-23 14:30:00,79.375,79.38,79.37,79.3742,16148
2026-04-23 14:35:00,79.375,79.38,79.36,79.365,101283
2026-04-23 14:40:00,79.3601,79.3654,79.35,79.365,25112
2026-04-23 14:45:00,79.365,79.3699,79.3501,79.3501,36308
2026-04-23 14:50:00,79.355,79.3799,79.355,79.375,52185
2026-04-23 14:55:00,79.37,79.37,79.35,79.355,34672
2026-04-23 15:00:00,79.35,79.3599,79.35,79.35,23781
2026-04-23 15:05:00,79.355,79.3699,79.35,79.36,26936
2026-04-23 15:10:00,79.3699,79.3699,79.351,79.355,9281
2026-04-23 15:15:00,79.355,79.36,79.355,79.355,26011
2026-04-23 15:20:00,79.355,79.36,79.35,79.35,28109
2026-04-23 15:25:00,79.3501,79.355,79.34,79.345,36191
2026-04-23 15:30:00,79.3499,79.36,79.34,79.345,54613
2026-04-23 15:35:00,79.3402,79.3576,79.34,79.355,21184
2026-04-23 15:40:00,79.355,79.36,79.345,79.345,41130
2026-04-23 15:45:00,79.35,79.36,79.35,79.36,22449
2026-04-23 15:50:00,79.35,79.36,79.345,79.3559,42797
2026-04-23 15:55:00,79.355,79.36,79.34,79.35,112850
2026-04-23 16:00:00,79.34,79.35,79.34,79.35,70713
2026-04-23 19:40:00,79.3089,79.3089,79.3089,79.3089,299
2026-04-24 07:40:00,79.2274,79.2274,79.2274,79.2274,500
2026-04-24 09:20:00,79.326,79.3329,79.326,79.3329,200
2026-04-24 09:30:00,79.36,79.4,79.33,79.33,37944
2026-04-24 09:35:00,79.33,79.34,79.325,79.34,22668
2026-04-24 09:40:00,79.34,79.35,79.34,79.345,34233
2026-04-24 09:45:00,79.345,79.35,79.34,79.3499,48560
2026-04-24 09:50:00,79.345,79.3473,79.34,79.345,47582
2026-04-24 09:55:00,79.345,79.36,79.34,79.36,57727
2026-04-24 10:00:00,79.355,79.3762,79.3439,79.375,70023
2026-04-24 10:05:00,79.375,79.41,79.375,79.405,33485
2026-04-24 10:10:00,79.4,79.43,79.4,79.425,27000
2026-04-24 10:15:00,79.42,79.435,79.4101,79.435,115632
2026-04-24 10:20:00,79.435,79.435,79.42,79.425,27099
2026-04-24 10:25:00,79.4251,79.4297,79.41,79.4199,52013
2026-04-24 10:30:00,79.4151,79.435,79.415,79.435,15522
2026-04-24 10:35:00,79.4391,79.4391,79.4201,79.4375,31923
2026-04-24 10:40:00,79.435,79.4499,79.4307,79.44,36683
2026-04-24 10:45:00,79.4399,79.4459,79.42,79.42,26489
2026-04-24 10:50:00,79.425,79.4372,79.42,79.4372,319053
2026-04-24 10:55:00,79.435,79.4352,79.425,79.43,26851
2026-04-24 11:00:00,79.425,79.4375,79.425,79.432,39169
2026-04-24 11:05:00,79.435,79.435,79.42,79.42,43452
2026-04-24 11:10:00,79.42,79.43,79.415,79.415,51948
2026-04-24 11:15:00,79.415,79.4177,79.405,79.405,35493
2026-04-24 11:20:00,79.405,79.41,79.4001,79.4099,81880
2026-04-24 11:25:00,79.405,79.41,79.4,79.405,8946
2026-04-24 11:30:00,79.405,79.41,79.4,79.4073,170259
2026-04-24 11:35:00,79.405,79.4091,79.4001,79.4091,4973
2026-04-24 11:40:00,79.405,79.45,79.4001,79.44,35533
2026-04-24 11:45:00,79.445,79.45,79.425,79.425,115780
2026-04-24 11:50:00,79.425,79.435,79.425,79.435,3218
2026-04-24 11:55:00,79.445,79.45,79.43,79.43,12357
2026-04-24 12:00:00,79.44,79.44,79.435,79.4369,132692
2026-04-24 12:05:00,79.4399,79.4399,79.415,79.4193,12349
2026-04-24 12:10:00,79.4199,79.4378,79.4199,79.435,88388
2026-04-24 12:15:00,79.43,79.44,79.4201,79.4201,24695
2026-04-24 12:20:00,79.425,79.4399,79.425,79.4399,8215
2026-04-24 12:25:00,79.44,79.449,79.435,79.44,111203
2026-04-24 12:30:00,79.439,79.4487,79.435,79.445,37763
2026-04-24 12:35:00,79.445,79.4491,79.4319,79.445,163707
2026-04-24 12:40:00,79.445,79.4499,79.435,79.435,54599
2026-04-24 12:45:00,79.435,79.445,79.4333,79.44,44523
2026-04-24 12:50:00,79.435,79.45,79.43,79.43,138016
2026-04-24 12:55:00,79.44,79.45,79.4362,79.445,25873
2026-04-24 13:00:00,79.445,79.465,79.4401,79.4619,21883
2026-04-24 13:05:00,79.46,79.4669,79.454,79.455,25187
2026-04-24 13:10:00,79.455,79.46,79.45,79.4525,6569
2026-04-24 13:15:00,79.455,79.459,79.44,79.445,8892
2026-04-24 13:20:00,79.45,79.45,79.44,79.4499,6404
2026-04-24 13:25:00,79.45,79.46,79.45,79.455,3618
2026-04-24 13:30:00,79.45,79.45,79.4411,79.45,19209
2026-04-24 13:35:00,79.45,79.46,79.4401,79.445,10042
2026-04-24 13:40:00,79.4444,79.45,79.44,79.44,5500
2026-04-24 13:45:00,79.44,79.455,79.44,79.455,17223
2026-04-24 13:50:00,79.455,79.465,79.45,79.46,24707
2026-04-24 13:55:00,79.455,79.46,79.4501,79.46,4771
2026-04-24 14:00:00,79.455,79.46,79.455,79.455,59743
2026-04-24 14:05:00,79.4511,79.458,79.4511,79.455,5245
2026-04-24 14:10:00,79.455,79.46,79.45,79.455,11923
2026-04-24 14:15:00,79.455,79.46,79.4504,79.4599,8206
2026-04-24 14:20:00,79.455,79.46,79.4507,79.455,21394
2026-04-24 14:25:00,79.4523,79.4565,79.451,79.455,6045
2026-04-24 14:30:00,79.455,79.455,79.4501,79.455,12240
2026-04-24 14:35:00,79.4599,79.4599,79.45,79.455,5915
2026-04-24 14:40:00,79.455,79.4598,79.45,79.455,15629
2026-04-24 14:45:00,79.4599,79.46,79.4502,79.4539,21387
2026-04-24 14:50:00,79.455,79.46,79.4502,79.4556,5204
2026-04-24 14:55:00,79.455,79.46,79.45,79.455,12833
2026-04-24 15:00:00,79.455,79.4699,79.45,79.46,45447
2026-04-24 15:05:00,79.465,79.4699,79.464,79.4699,16442
2026-04-24 15:10:00,79.4635,79.465,79.4606,79.4641,12456
2026-04-24 15:15:00,79.4699,79.47,79.4601,79.464,28046
2026-04-24 15:20:00,79.465,79.47,79.46,79.465,31901
2026-04-24 15:25:00,79.465,79.4668,79.46,79.465,17980
2026-04-24 15:30:00,79.465,79.47,79.46,79.465,22684
2026-04-24 15:35:00,79.4601,79.4698,79.46,79.465,35065
2026-04-24 15:40:00,79.465,79.47,79.46,79.465,133484
2026-04-24 15:45:00,79.465,79.47,79.46,79.465,86853
2026-04-24 15:50:00,79.468,79.47,79.46,79.465,59982
2026-04-24 15:55:00,79.465,79.47,79.44,79.44,209682
2026-04-24 16:00:00,79.46,79.46,79.46,79.46,98599
2026-04-24 17:30:00,79.5,79.5,79.5,79.5,777
2026-04-24 17:35:00,79.5,79.5,79.5,79.5,6606
2026-04-27 08:25:00,79.44,79.44,79.44,79.44,367
2026-04-27 09:30:00,79.44,79.45,79.4103,79.4299,509653
2026-04-27 09:35:00,79.425,79.43,79.42,79.425,38144
2026-04-27 09:40:00,79.425,79.4258,79.42,79.425,153800
2026-04-27 09:45:00,79.425,79.43,79.42,79.425,31536
2026-04-27 09:50:00,79.425,79.43,79.42,79.43,234944
2026-04-27 09:55:00,79.43,79.435,79.42,79.4259,227459
2026-04-27 10:00:00,79.425,79.4399,79.425,79.435,43984
2026-04-27 10:05:00,79.4399,79.44,79.43,79.435,10610
2026-04-27 10:10:00,79.4359,79.4378,79.42,79.4251,7962
2026-04-27 10:15:00,79.425,79.4274,79.4101,79.4101,38929
2026-04-27 10:20:00,79.4173,79.4199,79.41,79.4161,30706
2026-04-27 10:25:00,79.415,79.415,79.41,79.415,16546
2026-04-27 10:30:00,79.415,79.415,79.4,79.41,21426
2026-04-27 10:35:00,79.405,79.425,79.405,79.4161,33781
2026-04-27 10:40:00,79.41,79.42,79.41,79.41,13040
2026-04-27 10:45:00,79.4156,79.419,79.41,79.41,15590
2026-04-27 10:50:00,79.41,79.4199,79.4006,79.405,25964
2026-04-27 10:55:00,79.405,79.41,79.4,79.4,18076
2026-04-27 11:00:00,79.4,79.4099,79.375,79.375,36833
2026-04-27 11:05:00,79.375,79.379,79.3701,79.375,34496
2026-04-27 11:10:00,79.375,79.38,79.3701,79.38,21900
2026-04-27 11:15:00,79.375,79.38,79.37,79.375,15306
2026-04-27 11:20:00,79.375,79.3798,79.3501,79.355,58618
2026-04-27 11:25:00,79.3501,79.36,79.35,79.36,39637
2026-04-27 11:30:00,79.36,79.3699,79.36,79.36,37105
2026-04-27 11:35:00,79.36,79.36,79.3501,79.355,18939
2026-04-27 11:40:00,79.355,79.3799,79.355,79.375,46279
2026-04-27 11:45:00,79.375,79.38,79.375,79.375,5313
2026-04-27 11:50:00,79.375,79.38,79.37,79.375,16141
2026-04-27 11:55:00,79.375,79.39,79.3701,79.39,11459
2026-04-27 12:00:00,79.39,79.39,79.38,79.385,15803
2026-04-27 12:05:00,79.385,79.39,79.3849,79.385,14050
2026-04-27 12:10:00,79.39,79.39,79.3801,79.385,17349
2026-04-27 12:15:00,79.385,79.39,79.3802,79.385,49540
2026-04-27 12:20:00,79.39,79.3999,79.385,79.3897,51646
2026-04-27 12:25:00,79.385,79.39,79.38,79.385,68966
2026-04-27 12:30:00,79.385,79.39,79.38,79.385,18395
2026-04-27 12:35:00,79.385,79.3895,79.38,79.38,17811
2026-04-27 12:40:00,79.3831,79.39,79.38,79.39,20960
2026-04-27 12:45:00,79.3801,79.4,79.3801,79.395,31107
2026-04-27 12:50:00,79.39,79.395,79.38,79.3852,11709
2026-04-27 12:55:00,79.38,79.38,79.37,79.375,28975
2026-04-27 13:00:00,79.37,79.3768,79.3646,79.37,27416
2026-04-27 13:05:00,79.365,79.37,79.365,79.3674,9013
2026-04-27 13:10:00,79.36,79.3699,79.36,79.365,7668
2026-04-27 13:15:00,79.365,79.37,79.355,79.36,52736
2026-04-27 13:20:00,79.36,79.37,79.355,79.365,36244
2026-04-27 13:25:00,79.3666,79.37,79.365,79.365,6572
2026-04-27 13:30:00,79.37,79.3799,79.3625,79.375,17542
2026-04-27 13:35:00,79.3716,79.38,79.37,79.375,17662
2026-04-27 13:40:00,79.375,79.3798,79.37,79.375,11238
2026-04-27 13:45:00,79.3787,79.38,79.37,79.375,18089
2026-04-27 13:50:00,79.375,79.38,79.3701,79.375,6841
2026-04-27 13:55:00,79.3799,79.38,79.3701,79.3776,11316
2026-04-27 14:00:00,79.375,79.38,79.3723,79.375,18732
2026-04-27 14:05:00,79.37,79.38,79.37,79.375,6852
2026-04-27 14:10:00,79.375,79.3793,79.37,79.375,22451
2026-04-27 14:15:00,79.3759,79.38,79.3701,79.3776,43861
2026-04-27 14:20:00,79.375,79.38,79.3717,79.38,13114
2026-04-27 14:25:00,79.378,79.39,79.378,79.384,18867
2026-04-27 14:30:00,79.38,79.39,79.38,79.38,9427
2026-04-27 14:35:00,79.38,79.39,79.38,79.385,7909
2026-04-27 14:40:00,79.38,79.39,79.38,79.38,22311
2026-04-27 14:45:00,79.38,79.3899,79.38,79.385,21104
2026-04-27 14:50:00,79.38,79.39,79.38,79.38,7548
2026-04-27 14:55:00,79.39,79.39,79.38,79.385,20228
2026-04-27 15:00:00,79.385,79.39,79.38,79.39,19461
2026-04-27 15:05:00,79.385,79.387,79.38,79.38,27475
2026-04-27 15:10:00,79.38,79.39,79.38,79.39,19882
2026-04-27 15:15:00,79.385,79.39,79.38,79.385,31024
2026-04-27 15:20:00,79.385,79.39,79.38,79.385,19413
2026-04-27 15:25:00,79.385,79.3899,79.38,79.38,13491
2026-04-27 15:30:00,79.385,79.39,79.38,79.3899,24817
2026-04-27 15:35:00,79.385,79.3899,79.375,79.375,68504
2026-04-27 15:40:00,79.38,79.38,79.37,79.375,59908
2026-04-27 15:45:00,79.38,79.39,79.3799,79.38,56196
2026-04-27 15:50:00,79.38,79.39,79.38,79.38,46625
2026-04-27 15:55:00,79.38,79.39,79.37,79.39,127646
2026-04-27 16:00:00,79.38,79.38,79.38,79.38,38567
2026-04-28 09:30:00,79.3,79.3393,79.27,79.325,46251
2026-04-28 09:35:00,79.325,79.3299,79.325,79.325,11494
2026-04-28 09:40:00,79.3299,79.35,79.3227,79.345,22954
2026-04-28 09:45:00,79.345,79.35,79.3401,79.345,38755
2026-04-28 09:50:00,79.345,79.345,79.34,79.345,17688
2026-04-28 09:55:00,79.345,79.345,79.32,79.325,43178
2026-04-28 10:00:00,79.325,79.3268,79.31,79.315,66402
2026-04-28 10:05:00,79.315,79.32,79.31,79.315,40960
2026-04-28 10:10:00,79.3171,79.32,79.31,79.315,42975
2026-04-28 10:15:00,79.315,79.32,79.305,79.315,41322
2026-04-28 10:20:00,79.315,79.3299,79.315,79.32,39725
2026-04-28 10:25:00,79.32,79.33,79.32,79.325,37275
2026-04-28 10:30:00,79.325,79.328,79.31,79.315,45203
2026-04-28 10:35:00,79.3122,79.32,79.3,79.305,34461
2026-04-28 10:40:00,79.31,79.32,79.3,79.31,242176
2026-04-28 10:45:00,79.3099,79.32,79.3001,79.315,79741
2026-04-28 10:50:00,79.31,79.3159,79.3,79.305,31745
2026-04-28 10:55:00,79.305,79.32,79.305,79.3153,28643
2026-04-28 11:00:00,79.32,79.34,79.32,79.3241,48408
2026-04-28 11:05:00,79.33,79.33,79.32,79.3231,38164
2026-04-28 11:10:00,79.3293,79.34,79.3238,79.34,32429
2026-04-28 11:15:00,79.335,79.34,79.33,79.3313,53794
2026-04-28 11:20:00,79.335,79.34,79.325,79.325,49362
2026-04-28 11:25:00,79.325,79.33,79.3233,79.325,35993
2026-04-28 11:30:00,79.3299,79.33,79.3201,79.325,20005
2026-04-28 11:35:00,79.325,79.33,79.32,79.325,33111
2026-04-28 11:40:00,79.32,79.33,79.32,79.33,36806
2026-04-28 11:45:00,79.32,79.32,79.3101,79.315,154419
2026-04-28 11:50:00,79.315,79.3189,79.31,79.315,95705
2026-04-28 11:55:00,79.315,79.3199,79.31,79.315,29545
2026-04-28 12:00:00,79.315,79.325,79.31,79.325,70776
2026-04-28 12:05:00,79.325,79.33,79.32,79.32,133123
2026-04-28 12:10:00,79.3279,79.3279,79.325,79.325,18709
2026-04-28 12:15:00,79.325,79.33,79.3201,79.3291,19541
2026-04-28 12:20:00,79.325,79.33,79.32,79.325,23381
2026-04-28 12:25:00,79.32,79.325,79.31,79.32,37311
2026-04-28 12:30:00,79.315,79.3199,79.3101,79.315,9112
2026-04-28 12:35:00,79.315,79.32,79.31,79.3171,12349
2026-04-28 12:40:00,79.3158,79.32,79.3101,79.3144,4782
2026-04-28 12:45:00,79.315,79.32,79.3141,79.3168,5943
2026-04-28 12:50:00,79.3172,79.32,79.3101,79.3199,47199
2026-04-28 12:55:00,79.3129,79.32,79.31,79.3199,7416
2026-04-28 13:00:00,79.32,79.32,79.31,79.31,16348
2026-04-28 13:05:00,79.3111,79.317,79.3027,79.317,12077
2026-04-28 13:10:00,79.31,79.3156,79.31,79.31,3807
2026-04-28 13:15:00,79.315,79.32,79.3001,79.305,13912
2026-04-28 13:20:00,79.3045,79.31,79.3,79.308,4037
2026-04-28 13:25:00,79.3074,79.31,79.3038,79.3076,3641
2026-04-28 13:30:00,79.3078,79.31,79.3018,79.303,7983
2026-04-28 13:35:00,79.305,79.3151,79.303,79.3101,25712
2026-04-28 13:40:00,79.315,79.315,79.3101,79.315,7747
2026-04-28 13:45:00,79.315,79.3197,79.3116,79.3155,21340
2026-04-28 13:50:00,79.315,79.32,79.31,79.315,18353
2026-04-28 13:55:00,79.315,79.3199,79.31,79.315,38269
2026-04-28 14:00:00,79.315,79.3199,79.305,79.305,42857
2026-04-28 14:05:00,79.31,79.3197,79.305,79.315,98494
2026-04-28 14:10:00,79.315,79.32,79.3127,79.3127,45510
2026-04-28 14:15:00,79.3181,79.32,79.315,79.315,32929
2026-04-28 14:20:00,79.315,79.32,79.31,79.31,155786
2026-04-28 14:25:00,79.3128,79.32,79.3128,79.315,23600
2026-04-28 14:30:00,79.315,79.32,79.3101,79.315,34074
2026-04-28 14:35:00,79.3122,79.32,79.3101,79.315,42914
2026-04-28 14:40:00,79.317,79.325,79.3124,79.325,22349
2026-04-28 14:45:00,79.325,79.33,79.32,79.325,40874
2026-04-28 14:50:00,79.3262,79.33,79.3207,79.325,20555
2026-04-28 14:55:00,79.32,79.32,79.3101,79.315,56876
2026-04-28 15:00:00,79.3142,79.32,79.3133,79.315,15529
2026-04-28 15:05:00,79.315,79.325,79.31,79.325,35986
2026-04-28 15:10:00,79.325,79.33,79.32,79.3201,21483
2026-04-28 15:15:00,79.32,79.3299,79.3142,79.315,24736
2026-04-28 15:20:00,79.3101,79.32,79.3101,79.3199,17885
2026-04-28 15:25:00,79.315,79.32,79.31,79.312,16822
2026-04-28 15:30:00,79.315,79.3199,79.31,79.3117,15605
2026-04-28 15:35:00,79.315,79.3181,79.31,79.315,12662
2026-04-28 15:40:00,79.315,79.32,79.31,79.31,28582
2026-04-28 15:45:00,79.315,79.32,79.3125,79.315,18332
2026-04-28 15:50:00,79.32,79.33,79.3129,79.3299,88522
2026-04-28 15:55:00,79.325,79.35,79.32,79.345,424640
2026-04-28 16:00:00,79.36,79.37,79.36,79.37,155865
2026-04-28 16:10:00,79.36,79.36,79.36,79.36,200000
2026-04-28 18:25:00,79.3,79.3,79.3,79.3,9505
2026-04-29 09:15:00,79.35,79.35,79.35,79.35,400
2026-04-29 09:20:00,79.3,79.3,79.3,79.3,100
2026-04-29 09:30:00,79.28,79.28,79.25,79.25,44781
2026-04-29 09:35:00,79.25,79.25,79.24,79.25,20711
2026-04-29 09:40:00,79.25,79.2599,79.25,79.25,9855
2026-04-29 09:45:00,79.255,79.255,79.235,79.239,20776
2026-04-29 09:50:00,79.235,79.24,79.223,79.225,8724
2026-04-29 09:55:00,79.225,79.2299,79.22,79.225,33968
2026-04-29 10:00:00,79.225,79.23,79.21,79.22,18771
2026-04-29 10:05:00,79.22,79.225,79.2101,79.225,16466
2026-04-29 10:10:00,79.225,79.24,79.22,79.2342,20009
2026-04-29 10:15:00,79.24,79.245,79.23,79.245,10935
2026-04-29 10:20:00,79.245,79.245,79.2303,79.245,23400
2026-04-29 10:25:00,79.25,79.25,79.235,79.245,17455
2026-04-29 10:30:00,79.245,79.2461,79.23,79.24,22966
2026-04-29 10:35:00,79.245,79.245,79.23,79.23,4054
2026-04-29 10:40:00,79.2399,79.24,79.23,79.24,10495
2026-04-29 10:45:00,79.24,79.24,79.23,79.235,18271
2026-04-29 10:50:00,79.235,79.24,79.23,79.2382,24202
2026-04-29 10:55:00,79.2399,79.2399,79.23,79.2399,14698
2026-04-29 11:00:00,79.235,79.2399,79.23,79.2399,15239
2026-04-29 11:05:00,79.2303,79.24,79.23,79.23,6045
2026-04-29 11:10:00,79.235,79.24,79.23,79.2367,25114
2026-04-29 11:15:00,79.235,79.2399,79.23,79.2339,9450
2026-04-29 11:20:00,79.235,79.2399,79.23,79.235,14804
2026-04-29 11:25:00,79.237,79.2399,79.23,79.2329,9405
2026-04-29 11:30:00,79.23,79.2323,79.22,79.2218,21678
2026-04-29 11:35:00,79.226,79.23,79.2201,79.225,15179
2026-04-29 11:40:00,79.23,79.23,79.21,79.215,281430
2026-04-29 11:45:00,79.215,79.2387,79.215,79.22,53567
2026-04-29 11:50:00,79.23,79.23,79.1845,79.19,23631
2026-04-29 11:55:00,79.195,79.205,79.1901,79.2,20879
2026-04-29 12:00:00,79.205,79.2199,79.2002,79.215,21489
2026-04-29 12:05:00,79.215,79.2299,79.21,79.225,32683
2026-04-29 12:10:00,79.225,79.2278,79.2112,79.2112,15716
2026-04-29 12:15:00,79.215,79.22,79.2,79.2013,8277
2026-04-29 12:20:00,79.205,79.2197,79.205,79.215,12493
2026-04-29 12:25:00,79.215,79.2199,79.2001,79.2039,6157
2026-04-29 12:30:00,79.2,79.205,79.185,79.19,100997
2026-04-29 12:35:00,79.19,79.2,79.185,79.195,19226
2026-04-29 12:40:00,79.195,79.205,79.195,79.195,19154
2026-04-29 12:45:00,79.2,79.2,79.19,79.19,10302
2026-04-29 12:50:00,79.195,79.2,79.19,79.19,131315
2026-04-29 12:55:00,79.195,79.2,79.1901,79.2,11513
2026-04-29 13:00:00,79.195,79.1999,79.18,79.19,22121
2026-04-29 13:05:00,79.19,79.1999,79.19,79.195,45016
2026-04-29 13:10:00,79.19,79.1974,79.19,79.19,34243
2026-04-29 13:15:00,79.1928,79.1999,79.19,79.195,30337
2026-04-29 13:20:00,79.195,79.21,79.1901,79.2,11605
2026-04-29 13:25:00,79.202,79.2098,79.2,79.205,21891
2026-04-29 13:30:00,79.2099,79.215,79.205,79.215,12166
2026-04-29 13:35:00,79.215,79.215,79.2001,79.205,9009
2026-04-29 13:40:00,79.205,79.21,79.2042,79.21,8979
2026-04-29 13:45:00,79.21,79.22,79.205,79.215,43514
2026-04-29 13:50:00,79.215,79.225,79.21,79.22,27288
2026-04-29 13:55:00,79.22,79.2299,79.215,79.228,8637
2026-04-29 14:00:00,79.23,79.24,79.19,79.195,50147
2026-04-29 14:05:00,79.195,79.205,79.175,79.1799,25604
2026-04-29 14:10:00,79.175,79.175,79.15,79.1575,34200
2026-04-29 14:15:00,79.155,79.188,79.15,79.185,52258
2026-04-29 14:20:00,79.1864,79.1864,79.17,79.18,19610
2026-04-29 14:25:00,79.18,79.1876,79.175,79.185,25000
2026-04-29 14:30:00,79.185,79.195,79.175,79.185,316535
2026-04-29 14:35:00,79.189,79.22,79.171,79.195,3160876
2026-04-29 14:40:00,79.195,79.195,79.14,79.145,731523
2026-04-29 14:45:00,79.145,79.165,79.135,79.1601,230203
2026-04-29 14:50:00,79.165,79.18,79.165,79.175,362659
2026-04-29 14:55:00,79.175,79.18,79.16,79.175,233309
2026-04-29 15:00:00,79.18,79.19,79.17,79.175,207698
2026-04-29 15:05:00,79.18,79.1899,79.175,79.1801,63550
2026-04-29 15:10:00,79.185,79.2,79.18,79.195,88219
2026-04-29 15:15:00,79.195,79.2,79.19,79.195,26819
2026-04-29 15:20:00,79.195,79.1999,79.18,79.18,30091
2026-04-29 15:25:00,79.1899,79.19,79.18,79.185,22306
2026-04-29 15:30:00,79.181,79.185,79.165,79.165,74595
2026-04-29 15:35:00,79.165,79.18,79.165,79.175,97489
2026-04-29 15:40:00,79.175,79.1799,79.1701,79.175,40896
2026-04-29 15:45:00,79.175,79.1771,79.17,79.1701,14755
2026-04-29 15:50:00,79.18,79.18,79.17,79.175,67236
2026-04-29 15:55:00,79.17,79.18,79.17,79.18,108966
2026-04-29 16:00:00,79.17,79.17,79.16,79.16,17986
2026-04-30 04:00:00,79.3,79.3,79.3,79.3,504
2026-04-30 05:40:00,79.32,79.44,79.32,79.44,1233
2026-04-30 08:45:00,79.17,79.17,79.17,79.17,200
2026-04-30 09:30:00,79.27,79.36,79.24,79.25,214395
2026-04-30 09:35:00,79.255,79.255,79.24,79.245,46130
2026-04-30 09:40:00,79.245,79.2499,79.24,79.245,37370
2026-04-30 09:45:00,79.245,79.2599,79.2427,79.255,20684
2026-04-30 09:50:00,79.25,79.2563,79.2436,79.2527,17025
2026-04-30 09:55:00,79.2567,79.2567,79.2401,79.25,39552
2026-04-30 10:00:00,79.255,79.265,79.25,79.255,23201
2026-04-30 10:05:00,79.255,79.2599,79.23,79.235,47463
2026-04-30 10:10:00,79.235,79.24,79.235,79.24,9359
2026-04-30 10:15:00,79.24,79.25,79.23,79.2499,37130
2026-04-30 10:20:00,79.2439,79.25,79.24,79.245,20695
2026-04-30 10:25:00,79.2443,79.26,79.2422,79.26,52390
2026-04-30 10:30:00,79.2601,79.27,79.25,79.265,43952
2026-04-30 10:35:00,79.26,79.26,79.23,79.25,17195
2026-04-30 10:40:00,79.25,79.26,79.24,79.255,36623
2026-04-30 10:45:00,79.256,79.26,79.25,79.255,93105
2026-04-30 10:50:00,79.255,79.2699,79.255,79.265,33936
2026-04-30 10:55:00,79.2664,79.267,79.255,79.26,46911
2026-04-30 11:00:00,79.265,79.2699,79.255,79.265,23571
2026-04-30 11:05:00,79.265,79.265,79.2501,79.2628,39789
2026-04-30 11:10:00,79.265,79.2661,79.2526,79.2526,17775
2026-04-30 11:15:00,79.255,79.2594,79.2501,79.255,37205
2026-04-30 11:20:00,79.255,79.2599,79.254,79.2558,9503
2026-04-30 11:25:00,79.255,79.28,79.255,79.27,58074
2026-04-30 11:30:00,79.265,79.275,79.265,79.2699,32391
2026-04-30 11:35:00,79.2642,79.27,79.2642,79.2697,4787
2026-04-30 11:40:00,79.265,79.27,79.2601,79.265,18298
2026-04-30 11:45:00,79.2641,79.27,79.26,79.265,59587
2026-04-30 11:50:00,79.265,79.2675,79.26,79.2643,34495
2026-04-30 11:55:00,79.265,79.27,79.2601,79.265,27317
2026-04-30 12:00:00,79.265,79.27,79.2505,79.2551,50627
2026-04-30 12:05:00,79.255,79.27,79.255,79.265,44684
2026-04-30 12:10:00,79.265,79.275,79.2606,79.275,20589
2026-04-30 12:15:00,79.27,79.2759,79.2601,79.265,24319
2026-04-30 12:20:00,79.265,79.265,79.2601,79.265,5290
2026-04-30 12:25:00,79.265,79.27,79.25,79.255,19101
2026-04-30 12:30:00,79.26,79.26,79.25,79.25,42848
2026-04-30 12:35:00,79.255,79.255,79.2403,79.2463,82810
2026-04-30 12:40:00,79.245,79.26,79.245,79.255,37478
2026-04-30 12:45:00,79.255,79.2568,79.2405,79.245,30132
2026-04-30 12:50:00,79.245,79.2499,79.2402,79.245,69111
2026-04-30 12:55:00,79.245,79.25,79.24,79.24,11875
2026-04-30 13:00:00,79.245,79.26,79.245,79.255,14929
2026-04-30 13:05:00,79.255,79.26,79.25,79.2568,11934
2026-04-30 13:10:00,79.25,79.26,79.25,79.255,20407
2026-04-30 13:15:00,79.25,79.2596,79.2401,79.25,24723
2026-04-30 13:20:00,79.2499,79.25,79.24,79.245,41836
2026-04-30 13:25:00,79.245,79.25,79.2448,79.2499,105103
2026-04-30 13:30:00,79.25,79.2697,79.25,79.265,50102
2026-04-30 13:35:00,79.265,79.2663,79.2601,79.265,10507
2026-04-30 13:40:00,79.262,79.27,79.262,79.265,22408
2026-04-30 13:45:00,79.265,79.275,79.26,79.275,68840
2026-04-30 13:50:00,79.2798,79.28,79.275,79.275,4556
2026-04-30 13:55:00,79.275,79.28,79.271,79.28,24817
2026-04-30 14:00:00,79.28,79.29,79.28,79.29,39408
2026-04-30 14:05:00,79.29,79.29,79.28,79.285,55189
2026-04-30 14:10:00,79.2899,79.3,79.27,79.2967,140135
2026-04-30 14:15:00,79.2911,79.3,79.2911,79.3,17550
2026-04-30 14:20:00,79.3,79.3,79.29,79.295,10436
2026-04-30 14:25:00,79.295,79.3,79.29,79.2928,15250
2026-04-30 14:30:00,79.29,79.3,79.285,79.2999,65830
2026-04-30 14:35:00,79.295,79.2961,79.28,79.285,28077
2026-04-30 14:40:00,79.2873,79.2896,79.28,79.28,12813
2026-04-30 14:45:00,79.285,79.2899,79.28,79.285,11260
2026-04-30 14:50:00,79.285,79.2999,79.2841,79.29,50841
2026-04-30 14:55:00,79.2801,79.29,79.28,79.29,5878
2026-04-30 15:00:00,79.286,79.29,79.28,79.2899,25944
2026-04-30 15:05:00,79.29,79.29,79.2809,79.285,43719
2026-04-30 15:10:00,79.289,79.2999,79.285,79.2975,57362
2026-04-30 15:15:00,79.295,79.2999,79.2901,79.295,43418
2026-04-30 15:20:00,79.29,79.296,79.28,79.29,29245
2026-04-30 15:25:00,79.285,79.29,79.2701,79.275,42875
2026-04-30 15:30:00,79.275,79.28,79.27,79.275,46911
2026-04-30 15:35:00,79.2798,79.29,79.275,79.285,56935
2026-04-30 15:40:00,79.285,79.2899,79.2801,79.285,17586
2026-04-30 15:45:00,79.2874,79.2899,79.274,79.275,37507
2026-04-30 15:50:00,79.275,79.29,79.2701,79.29,139190
2026-04-30 15:55:00,79.29,79.29,79.26,79.27,264158
2026-04-30 16:00:00,79.27,79.27,79.27,79.27,372836
2026-04-30 16:05:00,79.26,79.26,79.26,79.26,25300
2026-05-01 09:30:00,79.01,79.0309,79,79.02,53138
2026-05-01 09:35:00,79.015,79.02,79.005,79.005,38797
2026-05-01 09:40:00,79.01,79.01,78.9922,78.9922,33478
2026-05-01 09:45:00,78.995,78.9999,78.975,78.975,67441
2026-05-01 09:50:00,78.98,78.995,78.9701,78.9891,35484
2026-05-01 09:55:00,78.99,79.01,78.99,79.009,22865
2026-05-01 10:00:00,79.01,79.05,79.01,79.05,61934
2026-05-01 10:05:00,79.05,79.07,79.05,79.07,48776
2026-05-01 10:10:00,79.0733,79.09,79.0733,79.085,43837
2026-05-01 10:15:00,79.09,79.09,79.083,79.09,22086
2026-05-01 10:20:00,79.095,79.115,79.095,79.115,46463
2026-05-01 10:25:00,79.115,79.115,79.095,79.095,53751
2026-05-01 10:30:00,79.095,79.1,79.08,79.085,34659
2026-05-01 10:35:00,79.0868,79.0868,79.0635,79.065,57671
2026-05-01 10:40:00,79.0693,79.0693,79.054,79.0599,21955
2026-05-01 10:45:00,79.055,79.06,79.05,79.0509,108723
2026-05-01 10:50:00,79.0502,79.0502,79.035,79.035,42657
2026-05-01 10:55:00,79.035,79.0499,79.0301,79.045,25935
2026-05-01 11:00:00,79.045,79.045,79.0141,79.02,40539
2026-05-01 11:05:00,79.015,79.0199,79,79.0072,16596
2026-05-01 11:10:00,79.005,79.015,79.0021,79.015,18802
2026-05-01 11:15:00,79.015,79.02,79.0101,79.015,18892
2026-05-01 11:20:00,79.015,79.025,79.0123,79.025,16788
2026-05-01 11:25:00,79.025,79.03,79.015,79.02,41388
2026-05-01 11:30:00,79.02,79.025,79.02,79.025,21569
2026-05-01 11:35:00,79.025,79.03,79.0201,79.025,28185
2026-05-01 11:40:00,79.025,79.0277,79.02,79.025,17004
2026-05-01 11:45:00,79.0225,79.04,79.02,79.035,111251
2026-05-01 11:50:00,79.035,79.035,79.01,79.015,36756
2026-05-01 11:55:00,79.015,79.02,79.0135,79.0199,21456
2026-05-01 12:00:00,79.0133,79.02,79.0133,79.015,33729
2026-05-01 12:05:00,79.02,79.027,79.015,79.027,24546
2026-05-01 12:10:00,79.025,79.04,79.025,79.035,12274
2026-05-01 12:15:00,79.035,79.05,79.035,79.045,31087
2026-05-01 12:20:00,79.04,79.05,79.03,79.035,190670
2026-05-01 12:25:00,79.035,79.04,79.03,79.035,30119
2026-05-01 12:30:00,79.035,79.035,79.02,79.03,37041
2026-05-01 12:35:00,79.025,79.04,79.0224,79.04,24785
2026-05-01 12:40:00,79.05,79.05,79.0424,79.05,38899
2026-05-01 12:45:00,79.05,79.05,79.0401,79.0445,55769
2026-05-01 12:50:00,79.045,79.05,79.0374,79.0482,13066
2026-05-01 12:55:00,79.045,79.0459,79.0339,79.0399,27115
2026-05-01 13:00:00,79.035,79.04,79.02,79.0299,41394
2026-05-01 13:05:00,79.025,79.03,79.02,79.025,21830
2026-05-01 13:10:00,79.0278,79.03,79.0219,79.0299,17927
2026-05-01 13:15:00,79.025,79.03,79.023,79.0282,29054
2026-05-01 13:20:00,79.025,79.0399,79.025,79.035,18134
2026-05-01 13:25:00,79.035,79.0399,79.03,79.03,38432
2026-05-01 13:30:00,79.03,79.04,79.024,79.024,29082
2026-05-01 13:35:00,79.03,79.03,79.0201,79.03,7096
2026-05-01 13:40:00,79.03,79.03,79.025,79.03,12780
2026-05-01 13:45:00,79.025,79.03,79.024,79.025,7280
2026-05-01 13:50:00,79.025,79.04,79.025,79.0338,18247
2026-05-01 13:55:00,79.035,79.04,79.03,79.035,30903
2026-05-01 14:00:00,79.035,79.04,79.03,79.035,45086
2026-05-01 14:05:00,79.035,79.0376,79.0234,79.025,26428
2026-05-01 14:10:00,79.025,79.0292,79.02,79.025,16841
2026-05-01 14:15:00,79.025,79.03,79.02,79.03,23941
2026-05-01 14:20:00,79.025,79.03,79.0201,79.025,17983
2026-05-01 14:25:00,79.0201,79.03,79.0201,79.03,53666
2026-05-01 14:30:00,79.035,79.0377,79.02,79.0243,34431
2026-05-01 14:35:00,79.025,79.03,79.02,79.0299,11223
2026-05-01 14:40:00,79.025,79.03,79.02,79.025,11767
2026-05-01 14:45:00,79.025,79.03,79.0201,79.0201,16138
2026-05-01 14:50:00,79.0299,79.03,79.02,79.02,8887
2026-05-01 14:55:00,79.02,79.0299,79.02,79.025,30757
2026-05-01 15:00:00,79.025,79.0299,79.02,79.025,34304
2026-05-01 15:05:00,79.0232,79.0289,79.02,79.025,16901
2026-05-01 15:10:00,79.025,79.03,79.02,79.025,34015
2026-05-01 15:15:00,79.025,79.03,79.02,79.0259,45092
2026-05-01 15:20:00,79.025,79.03,79.0201,79.0299,26111
2026-05-01 15:25:00,79.025,79.03,79.015,79.02,46851
2026-05-01 15:30:00,79.015,79.02,79.0141,79.0185,14364
2026-05-01 15:35:00,79.015,79.02,79.01,79.015,22607
2026-05-01 15:40:00,79.0173,79.0183,79,79.0023,32317
2026-05-01 15:45:00,79.005,79.01,79,79.0043,16846
2026-05-01 15:50:00,79.005,79.01,78.995,78.995,112931
2026-05-01 15:55:00,79,79.02,78.99,79,224211
2026-05-01 16:00:00,78.98,78.98,78.98,78.98,110161
2026-05-01 16:20:00,79.0347,79.0347,79.0347,79.0347,114
2026-05-01 16:30:00,78.9513,78.9513,78.9513,78.9513,425
2026-05-04 09:25:00,78.97,78.97,78.97,78.97,2600
2026-05-04 09:30:00,78.98,78.98,78.94,78.96,103113
2026-05-04 09:35:00,78.9676,78.9699,78.955,78.96,22704
2026-05-04 09:40:00,78.96,78.965,78.95,78.965,21343
2026-05-04 09:45:00,78.96,78.965,78.95,78.9559,9051
2026-05-04 09:50:00,78.95,78.96,78.95,78.955,26265
2026-05-04 09:55:00,78.955,78.9561,78.94,78.945,43426
2026-05-04 10:00:00,78.945,78.95,78.94,78.95,37050
2026-05-04 10:05:00,78.95,78.96,78.9401,78.9472,47637
2026-05-04 10:10:00,78.95,78.9599,78.945,78.955,178678
2026-05-04 10:15:00,78.95,78.96,78.95,78.955,33597
2026-05-04 10:20:00,78.955,78.9699,78.955,78.9601,190077
2026-05-04 10:25:00,78.965,78.97,78.96,78.965,33054
2026-05-04 10:30:00,78.965,78.97,78.96,78.965,11122
2026-05-04 10:35:00,78.965,78.97,78.96,78.9664,20956
2026-05-04 10:40:00,78.965,78.965,78.9422,78.945,74015
2026-05-04 10:45:00,78.95,78.959,78.95,78.955,14183
2026-05-04 10:50:00,78.9501,78.96,78.945,78.955,73847
2026-05-04 10:55:00,78.9558,78.96,78.94,78.94,26922
2026-05-04 11:00:00,78.94,78.9559,78.94,78.945,19712
2026-05-04 11:05:00,78.9478,78.9478,78.935,78.94,14675
2026-05-04 11:10:00,78.94,78.94,78.93,78.935,8639
2026-05-04 11:15:00,78.9301,78.95,78.92,78.92,59821
2026-05-04 11:20:00,78.9177,78.9185,78.8998,78.8998,21718
2026-05-04 11:25:00,78.9,78.91,78.9,78.905,87902
2026-05-04 11:30:00,78.905,78.905,78.89,78.895,23746
2026-05-04 11:35:00,78.89,78.9,78.89,78.8901,89537
2026-05-04 11:40:00,78.89,78.8999,78.8801,78.895,45778
2026-05-04 11:45:00,78.895,78.8977,78.88,78.8844,23090
2026-05-04 11:50:00,78.88,78.8899,78.865,78.875,36371
2026-05-04 11:55:00,78.875,78.8798,78.87,78.875,16795
2026-05-04 12:00:00,78.875,78.885,78.86,78.8601,76870
2026-05-04 12:05:00,78.86,78.86,78.82,78.82,69130
2026-05-04 12:10:00,78.825,78.8399,78.82,78.82,37612
2026-05-04 12:15:00,78.82,78.835,78.812,78.835,154382
2026-05-04 12:20:00,78.835,78.85,78.835,78.8499,36335
2026-05-04 12:25:00,78.85,78.8561,78.84,78.8499,48495
2026-05-04 12:30:00,78.845,78.8576,78.8442,78.855,19153
2026-05-04 12:35:00,78.85,78.85,78.833,78.84,15284
2026-05-04 12:40:00,78.85,78.85,78.8301,78.8401,69108
2026-05-04 12:45:00,78.843,78.8562,78.8401,78.8462,19282
2026-05-04 12:50:00,78.845,78.8574,78.8401,78.85,24353
2026-05-04 12:55:00,78.85,78.8599,78.8499,78.855,12192
2026-05-04 13:00:00,78.855,78.87,78.8502,78.865,43793
2026-05-04 13:05:00,78.865,78.8699,78.865,78.865,43477
2026-05-04 13:10:00,78.866,78.875,78.86,78.86,50392
2026-05-04 13:15:00,78.865,78.8899,78.8601,78.8899,11322
2026-05-04 13:20:00,78.885,78.885,78.875,78.875,18651
2026-05-04 13:25:00,78.875,78.885,78.87,78.885,14690
2026-05-04 13:30:00,78.885,78.89,78.8805,78.8866,100810
2026-05-04 13:35:00,78.8899,78.8899,78.8701,78.88,24157
2026-05-04 13:40:00,78.88,78.89,78.87,78.887,73104
2026-05-04 13:45:00,78.885,78.89,78.8801,78.8898,30518
2026-05-04 13:50:00,78.885,78.8882,78.88,78.8872,32059
2026-05-04 13:55:00,78.885,78.89,78.88,78.885,16400
2026-05-04 14:00:00,78.885,78.8899,78.88,78.8899,24837
2026-05-04 14:05:00,78.885,78.8999,78.88,78.885,44829
2026-05-04 14:10:00,78.8801,78.885,78.88,78.885,17345
2026-05-04 14:15:00,78.8859,78.89,78.88,78.885,38223
2026-05-04 14:20:00,78.885,78.8899,78.8701,78.875,37619
2026-05-04 14:25:00,78.8746,78.88,78.8701,78.875,42653
2026-05-04 14:30:00,78.875,78.885,78.87,78.885,39470
2026-05-04 14:35:00,78.8844,78.89,78.87,78.875,13116
2026-05-04 14:40:00,78.88,78.89,78.87,78.87,10775
2026-05-04 14:45:00,78.87,78.89,78.87,78.885,15110
2026-05-04 14:50:00,78.885,78.89,78.88,78.88,17147
2026-05-04 14:55:00,78.8886,78.895,78.88,78.895,45683
2026-05-04 15:00:00,78.8999,78.9,78.89,78.895,20074
2026-05-04 15:05:00,78.9,78.92,78.895,78.905,69380
2026-05-04 15:10:00,78.905,78.9158,78.9001,78.91,26361
2026-05-04 15:15:00,78.915,78.92,78.905,78.915,53243
2026-05-04 15:20:00,78.915,78.92,78.9101,78.915,28159
2026-05-04 15:25:00,78.9199,78.92,78.91,78.915,72138
2026-05-04 15:30:00,78.91,78.92,78.91,78.915,123400
2026-05-04 15:35:00,78.915,78.92,78.91,78.9199,69091
2026-05-04 15:40:00,78.915,78.92,78.91,78.9176,204744
2026-05-04 15:45:00,78.915,78.92,78.91,78.915,212367
2026-05-04 15:50:00,78.915,78.92,78.914,78.915,72266
2026-05-04 15:55:00,78.915,78.94,78.91,78.93,949473
2026-05-04 16:00:00,78.93,78.93,78.93,78.93,1501243
2026-05-04 16:20:00,78.97,79,78.94,78.94,318
2026-05-04 16:55:00,78.92,78.92,78.92,78.92,10141
2026-05-04 17:35:00,78.79,78.79,78.79,78.79,729
2026-05-04 18:40:00,78.8307,78.8307,78.8307,78.8307,164
2026-05-05 08:20:00,78.7425,78.7425,78.7425,78.7425,100
2026-05-05 09:30:00,78.99,78.99,78.96,78.985,195996
2026-05-05 09:35:00,78.985,78.9897,78.965,78.97,28264
2026-05-05 09:40:00,78.97,78.9799,78.9601,78.9799,44904
2026-05-05 09:45:00,78.9799,78.99,78.96,78.965,272858
2026-05-05 09:50:00,78.97,78.97,78.965,78.97,39028
2026-05-05 09:55:00,78.9699,78.975,78.96,78.97,104341
2026-05-05 10:00:00,78.965,78.99,78.965,78.98,338491
2026-05-05 10:05:00,78.98,78.9999,78.975,78.995,49299
2026-05-05 10:10:00,79,79,78.97,78.97,34755
2026-05-05 10:15:00,78.98,78.99,78.965,78.975,245764
2026-05-05 10:20:00,78.9761,78.99,78.9723,78.985,13096
2026-05-05 10:25:00,78.9858,78.99,78.98,78.985,12525
2026-05-05 10:30:00,78.985,78.99,78.9701,78.98,28450
2026-05-05 10:35:00,78.9799,78.98,78.975,78.98,14296
2026-05-05 10:40:00,78.9798,78.99,78.9778,78.9899,24971
2026-05-05 10:45:00,78.986,78.986,78.97,78.9799,26066
2026-05-05 10:50:00,78.98,78.99,78.9799,78.985,33528
2026-05-05 10:55:00,78.99,79,78.98,79,242796
2026-05-05 11:00:00,78.995,78.9999,78.985,78.9999,6616
2026-05-05 11:05:00,78.995,79,78.99,78.9951,17961
2026-05-05 11:10:00,78.995,78.9999,78.99,78.995,11696
2026-05-05 11:15:00,78.995,78.999,78.99,78.999,3903
2026-05-05 11:20:00,78.995,79.015,78.9937,79.005,26175
2026-05-05 11:25:00,79.005,79.01,79,79.01,58040
2026-05-05 11:30:00,79.01,79.015,79,79.0034,103336
2026-05-05 11:35:00,79.001,79.01,79,79.0089,21348
2026-05-05 11:40:00,79.0099,79.01,79.0001,79.0099,14550
2026-05-05 11:45:00,79.005,79.01,79,79.0067,111110
2026-05-05 11:50:00,79,79.01,79,79.005,12818
2026-05-05 11:55:00,79.005,79.02,79.005,79.015,40571
2026-05-05 12:00:00,79.015,79.02,79.015,79.02,305636
2026-05-05 12:05:00,79.02,79.02,79.0123,79.02,35615
2026-05-05 12:10:00,79.015,79.02,79.0135,79.015,25495
2026-05-05 12:15:00,79.015,79.0199,79.0001,79.005,20814
2026-05-05 12:20:00,79.005,79.01,79,79.005,55439
2026-05-05 12:25:00,79.0001,79.01,79.0001,79.01,43592
2026-05-05 12:30:00,79.0089,79.01,79.0001,79.01,96597
2026-05-05 12:35:00,79.005,79.01,79,79.0063,83679
2026-05-05 12:40:00,79.0092,79.0099,79.005,79.0099,5519
2026-05-05 12:45:00,79.01,79.01,79.005,79.005,17679
2026-05-05 12:50:00,79.0099,79.0099,78.9943,78.995,24998
2026-05-05 12:55:00,78.995,79.01,78.9901,78.9986,52396
2026-05-05 13:00:00,78.9981,79,78.995,78.995,89700
2026-05-05 13:05:00,78.995,79,78.9901,79,19616
2026-05-05 13:10:00,78.995,78.9999,78.99,78.9999,21955
2026-05-05 13:15:00,78.9901,79,78.99,78.9994,9845
2026-05-05 13:20:00,78.9933,79,78.99,78.995,20472
2026-05-05 13:25:00,78.995,78.9997,78.99,78.9994,7139
2026-05-05 13:30:00,78.995,79,78.9901,78.9901,6046
2026-05-05 13:35:00,78.9999,79,78.99,78.99,29701
2026-05-05 13:40:00,78.995,79,78.9935,78.995,27516
2026-05-05 13:45:00,78.995,78.995,78.9801,78.9899,16937
2026-05-05 13:50:00,78.99,78.99,78.98,78.985,58047
2026-05-05 13:55:00,78.9873,78.99,78.9801,78.985,77326
2026-05-05 14:00:00,78.985,78.9899,78.98,78.985,94231
2026-05-05 14:05:00,78.985,78.99,78.975,78.975,13927
2026-05-05 14:10:00,78.975,78.98,78.9726,78.98,18479
2026-05-05 14:15:00,78.975,78.98,78.97,78.975,73856
2026-05-05 14:20:00,78.9777,78.98,78.9732,78.975,19439
2026-05-05 14:25:00,78.975,78.98,78.97,78.9797,43280
2026-05-05 14:30:00,78.975,78.98,78.9701,78.9755,17446
2026-05-05 14:35:00,78.97,78.98,78.97,78.97,25917
2026-05-05 14:40:00,78.975,78.98,78.9701,78.975,33000
2026-05-05 14:45:00,78.9735,78.98,78.97,78.9799,12798
2026-05-05 14:50:00,78.9774,78.9899,78.9742,78.9899,38292
2026-05-05 14:55:00,78.9801,79,78.9801,78.9899,291207
2026-05-05 15:00:00,78.985,78.99,78.9824,78.9838,11608
2026-05-05 15:05:00,78.9898,78.99,78.9841,78.9842,20298
2026-05-05 15:10:00,78.985,78.99,78.9801,78.985,37424
2026-05-05 15:15:00,78.985,78.9864,78.9801,78.9811,10027
2026-05-05 15:20:00,78.9807,78.9899,78.98,78.98,14091
2026-05-05 15:25:00,78.985,78.9899,78.98,78.985,41456
2026-05-05 15:30:00,78.9842,78.99,78.98,78.985,35437
2026-05-05 15:35:00,78.98,78.9899,78.98,78.985,46929
2026-05-05 15:40:00,78.98,78.9899,78.9701,78.9772,112768
2026-05-05 15:45:00,78.9721,78.98,78.9701,78.975,65942
2026-05-05 15:50:00,78.975,78.975,78.95,78.9501,198152
2026-05-05 15:55:00,78.955,78.97,78.95,78.97,163883
2026-05-05 16:00:00,78.96,78.96,78.96,78.96,266758
2026-05-06 07:00:00,79.02,79.06,79.02,79.06,669
2026-05-06 07:20:00,79,79,79,79,100
2026-05-06 09:10:00,79,79,79,79,347
2026-05-06 09:30:00,79.1,79.14,79.0901,79.11,64078
2026-05-06 09:35:00,79.115,79.12,79.1003,79.1099,22319
2026-05-06 09:40:00,79.1099,79.1099,79.09,79.095,57826
2026-05-06 09:45:00,79.0928,79.105,79.0901,79.1,18509
2026-05-06 09:50:00,79.1,79.115,79.0901,79.115,100909
2026-05-06 09:55:00,79.115,79.12,79.11,79.111,25236
2026-05-06 10:00:00,79.115,79.12,79.11,79.115,202758
2026-05-06 10:05:00,79.118,79.1199,79.1,79.11,53684
2026-05-06 10:10:00,79.115,79.13,79.115,79.125,73022
2026-05-06 10:15:00,79.125,79.13,79.12,79.13,176071
2026-05-06 10:20:00,79.1201,79.1399,79.1201,79.135,46818
2026-05-06 10:25:00,79.1399,79.1399,79.12,79.12,66219
2026-05-06 10:30:00,79.1299,79.1299,79.12,79.12,13675
2026-05-06 10:35:00,79.12,79.13,79.1101,79.1281,279135
2026-05-06 10:40:00,79.125,79.155,79.12,79.15,80385
2026-05-06 10:45:00,79.15,79.16,79.14,79.14,34627
2026-05-06 10:50:00,79.14,79.1485,79.1301,79.135,39399
2026-05-06 10:55:00,79.14,79.14,79.1301,79.135,39281
2026-05-06 11:00:00,79.135,79.14,79.13,79.135,110850
2026-05-06 11:05:00,79.135,79.1399,79.12,79.125,117001
2026-05-06 11:10:00,79.125,79.1362,79.125,79.125,17984
2026-05-06 11:15:00,79.13,79.145,79.13,79.135,109390
2026-05-06 11:20:00,79.14,79.145,79.13,79.135,233118
2026-05-06 11:25:00,79.135,79.14,79.1301,79.1399,15906
2026-05-06 11:30:00,79.14,79.145,79.1343,79.135,26044
2026-05-06 11:35:00,79.135,79.1399,79.13,79.135,28177
2026-05-06 11:40:00,79.135,79.135,79.1232,79.135,20811
2026-05-06 11:45:00,79.135,79.1399,79.13,79.135,25109
2026-05-06 11:50:00,79.135,79.1399,79.13,79.13,17261
2026-05-06 11:55:00,79.13,79.14,79.13,79.135,63959
2026-05-06 12:00:00,79.135,79.14,79.13,79.13,62961
2026-05-06 12:05:00,79.135,79.135,79.13,79.135,15834
2026-05-06 12:10:00,79.135,79.1399,79.13,79.135,16543
2026-05-06 12:15:00,79.13,79.1395,79.13,79.135,14499
2026-05-06 12:20:00,79.135,79.14,79.1301,79.135,29412
2026-05-06 12:25:00,79.135,79.14,79.13,79.1307,18836
2026-05-06 12:30:00,79.135,79.14,79.13,79.135,50865
2026-05-06 12:35:00,79.135,79.1399,79.13,79.135,18277
2026-05-06 12:40:00,79.135,79.14,79.13,79.135,19523
2026-05-06 12:45:00,79.135,79.1399,79.12,79.125,22097
2026-05-06 12:50:00,79.1278,79.13,79.12,79.1258,10744
2026-05-06 12:55:00,79.125,79.125,79.115,79.115,16472
2026-05-06 13:00:00,79.115,79.125,79.115,79.12,31987
2026-05-06 13:05:00,79.12,79.125,79.12,79.12,11974
2026-05-06 13:10:00,79.12,79.12,79.12,79.12,7645
2026-05-06 13:15:00,79.12,79.12,79.1139,79.115,39882
2026-05-06 13:20:00,79.1197,79.1299,79.115,79.1299,13546
2026-05-06 13:25:00,79.125,79.13,79.1202,79.13,16055
2026-05-06 13:30:00,79.13,79.1399,79.125,79.135,21867
2026-05-06 13:35:00,79.135,79.1399,79.13,79.135,16641
2026-05-06 13:40:00,79.135,79.135,79.13,79.135,18364
2026-05-06 13:45:00,79.135,79.1399,79.13,79.13,11391
2026-05-06 13:50:00,79.14,79.14,79.1245,79.125,43837
2026-05-06 13:55:00,79.125,79.125,79.12,79.125,8374
2026-05-06 14:00:00,79.1234,79.125,79.12,79.125,17208
2026-05-06 14:05:00,79.125,79.13,79.1229,79.125,17848
2026-05-06 14:10:00,79.125,79.13,79.1241,79.125,17709
2026-05-06 14:15:00,79.13,79.135,79.12,79.125,91371
2026-05-06 14:20:00,79.125,79.1398,79.12,79.125,82910
2026-05-06 14:25:00,79.125,79.1299,79.12,79.125,14884
2026-05-06 14:30:00,79.12,79.13,79.12,79.13,26785
2026-05-06 14:35:00,79.13,79.1366,79.1204,79.125,51449
2026-05-06 14:40:00,79.125,79.13,79.12,79.125,49976
2026-05-06 14:45:00,79.125,79.13,79.1201,79.128,12210
2026-05-06 14:50:00,79.13,79.135,79.12,79.125,42640
2026-05-06 14:55:00,79.125,79.14,79.1233,79.125,58622
2026-05-06 15:00:00,79.12,79.135,79.12,79.13,23877
2026-05-06 15:05:00,79.135,79.135,79.13,79.13,37012
2026-05-06 15:10:00,79.125,79.1399,79.1225,79.135,52172
2026-05-06 15:15:00,79.135,79.1399,79.13,79.135,26527
2026-05-06 15:20:00,79.135,79.14,79.1301,79.135,34078
2026-05-06 15:25:00,79.135,79.135,79.13,79.135,48841
2026-05-06 15:30:00,79.135,79.1399,79.13,79.135,66196
2026-05-06 15:35:00,79.1399,79.1399,79.13,79.1318,50376
2026-05-06 15:40:00,79.135,79.14,79.13,79.135,100408
2026-05-06 15:45:00,79.135,79.135,79.1238,79.125,87891
2026-05-06 15:50:00,79.125,79.13,79.12,79.125,42261
2026-05-06 15:55:00,79.13,79.13,79.11,79.125,248623
2026-05-06 16:00:00,79.11,79.11,79.11,79.11,125808
2026-05-06 16:10:00,79.11,79.11,79.11,79.11,393
2026-05-06 16:55:00,79.15,79.15,79.15,79.15,100
2026-05-06 17:05:00,79.12,79.12,79.12,79.12,17691
2026-05-06 17:40:00,79.05,79.05,79.05,79.05,1507
2026-05-07 07:15:00,79.1089,79.1089,79.1089,79.1089,100
2026-05-07 08:35:00,79.17,79.17,79.17,79.17,448
2026-05-07 09:05:00,79.12,79.12,79.12,79.12,350
2026-05-07 09:30:00,79.19,79.25,79.1819,79.1836,43487
2026-05-07 09:35:00,79.19,79.2,79.1822,79.185,15965
2026-05-07 09:40:00,79.185,79.19,79.1845,79.185,20218
2026-05-07 09:45:00,79.185,79.19,79.17,79.17,31189
2026-05-07 09:50:00,79.17,79.17,79.165,79.165,23301
2026-05-07 09:55:00,79.165,79.18,79.1625,79.175,20068
2026-05-07 10:00:00,79.175,79.1858,79.1724,79.1858,24759
2026-05-07 10:05:00,79.185,79.19,79.175,79.18,37282
2026-05-07 10:10:00,79.185,79.19,79.18,79.19,14067
2026-05-07 10:15:00,79.1832,79.19,79.17,79.175,13918
2026-05-07 10:20:00,79.175,79.18,79.1701,79.175,32337
2026-05-07 10:25:00,79.175,79.1799,79.165,79.1659,12871
2026-05-07 10:30:00,79.165,79.17,79.1501,79.155,35707
2026-05-07 10:35:00,79.155,79.16,79.15,79.155,32171
2026-05-07 10:40:00,79.1524,79.1599,79.1501,79.155,14220
2026-05-07 10:45:00,79.15,79.16,79.15,79.1599,516665
2026-05-07 10:50:00,79.16,79.1671,79.155,79.165,15494
2026-05-07 10:55:00,79.165,79.175,79.1601,79.1703,7634
2026-05-07 11:00:00,79.17,79.175,79.15,79.15,19070
2026-05-07 11:05:00,79.155,79.1589,79.14,79.1493,25740
2026-05-07 11:10:00,79.145,79.15,79.135,79.145,30964
2026-05-07 11:15:00,79.1463,79.15,79.1311,79.1438,28676
2026-05-07 11:20:00,79.1476,79.15,79.125,79.125,29053
2026-05-07 11:25:00,79.1204,79.125,79.1,79.1173,18809
2026-05-07 11:30:00,79.115,79.125,79.1122,79.115,15894
2026-05-07 11:35:00,79.1101,79.12,79.11,79.1199,7467
2026-05-07 11:40:00,79.115,79.125,79.11,79.12,20296
2026-05-07 11:45:00,79.1187,79.12,79.105,79.105,11730
2026-05-07 11:50:00,79.105,79.11,79.1033,79.104,11260
2026-05-07 11:55:00,79.1038,79.1099,79.099,79.107,110340
2026-05-07 12:00:00,79.1054,79.1054,79.09,79.095,11633
2026-05-07 12:05:00,79.095,79.0999,79.08,79.0999,8136
2026-05-07 12:10:00,79.095,79.1,79.085,79.085,15159
2026-05-07 12:15:00,79.085,79.0876,79.07,79.08,17586
2026-05-07 12:20:00,79.075,79.097,79.075,79.085,29876
2026-05-07 12:25:00,79.0899,79.0969,79.085,79.0901,4208
2026-05-07 12:30:00,79.0962,79.1,79.0801,79.1,105237
2026-05-07 12:35:00,79.0961,79.099,79.075,79.075,11296
2026-05-07 12:40:00,79.07,79.0867,79.07,79.085,2531454
2026-05-07 12:45:00,79.085,79.085,79.07,79.075,95517
2026-05-07 12:50:00,79.07,79.0872,79.07,79.0872,41992
2026-05-07 12:55:00,79.0801,79.09,79.0727,79.0727,9157
2026-05-07 13:00:00,79.075,79.08,79.07,79.08,9298
2026-05-07 13:05:00,79.0755,79.0755,79.06,79.06,15539
2026-05-07 13:10:00,79.065,79.0677,79.05,79.0599,14693
2026-05-07 13:15:00,79.055,79.06,79.045,79.045,7919
2026-05-07 13:20:00,79.05,79.0677,79.045,79.06,16128
2026-05-07 13:25:00,79.065,79.07,79.021,79.03,38630
2026-05-07 13:30:00,79.03,79.0399,79.03,79.0399,20245
2026-05-07 13:35:00,79.03,79.045,79.03,79.035,37023
2026-05-07 13:40:00,79.0367,79.0399,79.025,79.025,8721
2026-05-07 13:45:00,79.025,79.03,79.0222,79.03,4753
2026-05-07 13:50:00,79.025,79.03,79.02,79.03,14670
2026-05-07 13:55:00,79.025,79.04,79.025,79.035,18570
2026-05-07 14:00:00,79.04,79.04,79.03,79.035,10833
2026-05-07 14:05:00,79.0399,79.0499,79.0301,79.045,21499
2026-05-07 14:10:00,79.0465,79.05,79.04,79.045,15491
2026-05-07 14:15:00,79.04,79.05,79.04,79.0499,23453
2026-05-07 14:20:00,79.045,79.05,79.04,79.04,43872
2026-05-07 14:25:00,79.045,79.05,79.04,79.045,10311
2026-05-07 14:30:00,79.05,79.05,79.04,79.045,36841
2026-05-07 14:35:00,79.05,79.05,79.03,79.035,66843
2026-05-07 14:40:00,79.0301,79.04,79.025,79.0287,215701
2026-05-07 14:45:00,79.025,79.035,79.0241,79.0271,48140
2026-05-07 14:50:00,79.0275,79.04,79.0227,79.035,24181
2026-05-07 14:55:00,79.0313,79.039,79.03,79.035,24573
2026-05-07 15:00:00,79.0389,79.04,79.035,79.035,45531
2026-05-07 15:05:00,79.035,79.0399,79.03,79.035,31493
2026-05-07 15:10:00,79.035,79.04,79.03,79.035,38112
2026-05-07 15:15:00,79.035,79.0399,79.01,79.015,64881
2026-05-07 15:20:00,79.015,79.0299,79.01,79.025,62519
2026-05-07 15:25:00,79.025,79.0297,79.0239,79.025,65654
2026-05-07 15:30:00,79.025,79.04,79.025,79.035,36336
2026-05-07 15:35:00,79.035,79.05,79.035,79.0499,65198
2026-05-07 15:40:00,79.045,79.06,79.0441,79.055,52363
2026-05-07 15:45:00,79.055,79.06,79.04,79.045,82300
2026-05-07 15:50:00,79.05,79.05,79.02,79.04,100242
2026-05-07 15:55:00,79.035,79.06,79.03,79.05,295557
2026-05-07 16:00:00,79.03,79.03,79.03,79.03,124514
2026-05-07 16:05:00,79.0384,79.0384,79.0384,79.0384,310893
2026-05-07 16:10:00,79.02,79.02,79.02,79.02,330
2026-05-07 16:45:00,79.01,79.01,79.01,79.01,100
2026-05-07 16:50:00,79.01,79.01,79.01,79.01,100
2026-05-07 16:55:00,79.01,79.01,79.01,79.01,100
2026-05-07 17:15:00,79.13,79.13,79.13,79.13,100
2026-05-07 17:20:00,79.0412,79.0412,79.0412,79.0412,100
2026-05-07 17:30:00,79.13,79.13,79.05,79.05,200
2026-05-07 17:55:00,79.094,79.094,79.094,79.094,100
2026-05-07 18:00:00,79.0939,79.0939,79.0939,79.0939,100
2026-05-07 18:10:00,79.094,79.094,79.094,79.094,100
2026-05-07 18:20:00,79.094,79.094,79.094,79.094,100
2026-05-07 18:30:00,79.05,79.05,79.05,79.05,100
2026-05-07 18:40:00,79.094,79.094,79.094,79.094,100
2026-05-07 18:45:00,79.0412,79.0412,79.0412,79.0412,100
2026-05-07 18:55:00,79.094,79.094,79.094,79.094,100
2026-05-07 19:05:00,79.094,79.094,79.094,79.094,100
2026-05-07 19:10:00,79.1275,79.1275,79.1275,79.1275,100
2026-05-07 19:20:00,79.13,79.13,79.13,79.13,100
2026-05-07 19:25:00,79.13,79.13,79.13,79.13,100
2026-05-07 19:30:00,79.13,79.13,79.13,79.13,100
2026-05-07 19:35:00,79.13,79.13,79.13,79.13,100
2026-05-07 19:40:00,79.13,79.13,79.13,79.13,100
2026-05-07 19:45:00,79.0412,79.0412,79.0412,79.0412,200
2026-05-07 19:50:00,79.0412,79.05,79.0412,79.05,200
2026-05-07 19:55:00,79.13,79.13,79.05,79.05,200
2026-05-08 04:00:00,79.33,79.33,79.33,79.33,506
2026-05-08 04:45:00,79.03,79.03,79.02,79.02,745
2026-05-08 04:55:00,79.02,79.02,79.02,79.02,470
2026-05-08 09:25:00,79.13,79.13,79.13,79.13,453
2026-05-08 09:30:00,79.15,79.18,79.1494,79.1599,34915
2026-05-08 09:35:00,79.155,79.16,79.14,79.1469,11208
2026-05-08 09:40:00,79.1499,79.165,79.145,79.165,39164
2026-05-08 09:45:00,79.165,79.17,79.155,79.155,24895
2026-05-08 09:50:00,79.15,79.16,79.15,79.155,24357
2026-05-08 09:55:00,79.155,79.1565,79.14,79.145,68928
2026-05-08 10:00:00,79.14,79.15,79.14,79.14,27405
2026-05-08 10:05:00,79.135,79.1499,79.1337,79.1386,16917
2026-05-08 10:10:00,79.13,79.14,79.13,79.1333,17882
2026-05-08 10:15:00,79.135,79.145,79.135,79.145,9749
2026-05-08 10:20:00,79.14,79.1472,79.13,79.14,60173
2026-05-08 10:25:00,79.135,79.14,79.135,79.135,12870
2026-05-08 10:30:00,79.135,79.1399,79.13,79.13,18333
2026-05-08 10:35:00,79.13,79.14,79.13,79.135,7523
2026-05-08 10:40:00,79.13,79.14,79.12,79.14,14671
2026-05-08 10:45:00,79.135,79.137,79.12,79.1299,339791
2026-05-08 10:50:00,79.13,79.13,79.12,79.125,11137
2026-05-08 10:55:00,79.125,79.13,79.11,79.11,135341
2026-05-08 11:00:00,79.11,79.125,79.11,79.115,69771
2026-05-08 11:05:00,79.115,79.125,79.1101,79.12,18556
2026-05-08 11:10:00,79.12,79.12,79.11,79.115,8234
2026-05-08 11:15:00,79.115,79.12,79.11,79.11,7600
2026-05-08 11:20:00,79.11,79.12,79.1,79.115,33603
2026-05-08 11:25:00,79.115,79.12,79.11,79.12,6506
2026-05-08 11:30:00,79.115,79.12,79.11,79.115,13422
2026-05-08 11:35:00,79.12,79.13,79.12,79.12,25529
2026-05-08 11:40:00,79.12,79.12,79.1,79.105,27540
2026-05-08 11:45:00,79.11,79.115,79.1,79.115,26987
2026-05-08 11:50:00,79.115,79.12,79.11,79.115,42560
2026-05-08 11:55:00,79.11,79.12,79.1,79.115,13723
2026-05-08 12:00:00,79.115,79.12,79.1146,79.1199,25609
2026-05-08 12:05:00,79.115,79.125,79.11,79.115,237134
2026-05-08 12:10:00,79.115,79.12,79.1101,79.12,11889
2026-05-08 12:15:00,79.12,79.12,79.1122,79.115,34810
2026-05-08 12:20:00,79.115,79.125,79.1135,79.115,46171
2026-05-08 12:25:00,79.115,79.1226,79.1101,79.1224,13509
2026-05-08 12:30:00,79.125,79.13,79.1201,79.125,7474
2026-05-08 12:35:00,79.125,79.13,79.12,79.1299,7666
2026-05-08 12:40:00,79.1298,79.13,79.11,79.12,38148
2026-05-08 12:45:00,79.12,79.13,79.115,79.125,6166
2026-05-08 12:50:00,79.13,79.13,79.1201,79.1299,5795
2026-05-08 12:55:00,79.1242,79.1299,79.11,79.1101,234356
2026-05-08 13:00:00,79.12,79.125,79.11,79.11,55160
2026-05-08 13:05:00,79.115,79.12,79.115,79.115,5343
2026-05-08 13:10:00,79.1134,79.115,79.11,79.115,722
2026-05-08 13:15:00,79.115,79.12,79.11,79.12,43985
2026-05-08 13:20:00,79.11,79.125,79.11,79.12,57013
2026-05-08 13:25:00,79.12,79.12,79.11,79.117,98377
2026-05-08 13:30:00,79.12,79.12,79.1101,79.1156,3983
2026-05-08 13:35:00,79.115,79.1167,79.115,79.115,6552
2026-05-08 13:40:00,79.115,79.115,79.1134,79.1134,2023
2026-05-08 13:45:00,79.1151,79.12,79.115,79.12,49708
2026-05-08 13:50:00,79.1147,79.12,79.11,79.1167,21369
2026-05-08 13:55:00,79.115,79.1199,79.11,79.1156,31867
2026-05-08 14:00:00,79.11,79.13,79.1,79.1201,125631
2026-05-08 14:05:00,79.125,79.13,79.12,79.125,11610
2026-05-08 14:10:00,79.125,79.14,79.1204,79.135,25085
2026-05-08 14:15:00,79.1341,79.14,79.1299,79.1299,40003
2026-05-08 14:20:00,79.13,79.13,79.12,79.1224,4781
2026-05-08 14:25:00,79.13,79.13,79.12,79.13,14667
2026-05-08 14:30:00,79.13,79.13,79.12,79.13,12776
2026-05-08 14:35:00,79.13,79.13,79.12,79.12,9161
2026-05-08 14:40:00,79.13,79.13,79.12,79.13,15484
2026-05-08 14:45:00,79.125,79.13,79.12,79.125,13428
2026-05-08 14:50:00,79.125,79.13,79.12,79.125,21308
2026-05-08 14:55:00,79.125,79.13,79.12,79.125,10442
2026-05-08 15:00:00,79.125,79.1266,79.12,79.125,7507
2026-05-08 15:05:00,79.125,79.1269,79.12,79.125,19271
2026-05-08 15:10:00,79.1201,79.13,79.12,79.125,11693
2026-05-08 15:15:00,79.125,79.13,79.12,79.125,42624
2026-05-08 15:20:00,79.12,79.1278,79.12,79.125,17619
2026-05-08 15:25:00,79.125,79.13,79.12,79.13,12326
2026-05-08 15:30:00,79.13,79.13,79.11,79.115,26516
2026-05-08 15:35:00,79.115,79.12,79.1135,79.12,13805
2026-05-08 15:40:00,79.125,79.13,79.1201,79.125,10902
2026-05-08 15:45:00,79.125,79.13,79.12,79.13,15304
2026-05-08 15:50:00,79.13,79.14,79.12,79.14,69115
2026-05-08 15:55:00,79.14,79.14,79.13,79.13,45086
2026-05-08 16:00:00,79.13,79.13,79.13,79.13,13704
2026-05-11 07:25:00,79.0321,79.0321,79.0321,79.0321,250
2026-05-11 08:45:00,79.04,79.04,79.04,79.04,116
2026-05-11 09:10:00,79.18,79.18,79.18,79.18,100
2026-05-11 09:30:00,79.1,79.15,79.1,79.14,100404
2026-05-11 09:35:00,79.13,79.135,79.12,79.12,22764
2026-05-11 09:40:00,79.115,79.125,79.115,79.115,42039
2026-05-11 09:45:00,79.115,79.13,79.115,79.1289,6046
2026-05-11 09:50:00,79.13,79.13,79.12,79.125,7662
2026-05-11 09:55:00,79.12,79.13,79.12,79.125,11663
2026-05-11 10:00:00,79.125,79.125,79.11,79.115,27635
2026-05-11 10:05:00,79.11,79.1178,79.11,79.116,22392
2026-05-11 10:10:00,79.115,79.115,79.1001,79.1078,19794
2026-05-11 10:15:00,79.105,79.12,79.105,79.115,17875
2026-05-11 10:20:00,79.115,79.12,79.1009,79.1009,24525
2026-05-11 10:25:00,79.105,79.1092,79.1,79.1065,10248
2026-05-11 10:30:00,79.105,79.105,79.085,79.095,16019
2026-05-11 10:35:00,79.0937,79.1,79.09,79.095,10953
2026-05-11 10:40:00,79.1,79.105,79.095,79.1,12403
2026-05-11 10:45:00,79.105,79.11,79.095,79.095,5053
2026-05-11 10:50:00,79.095,79.1099,79.095,79.0961,6554
2026-05-11 10:55:00,79.1,79.1,79.0924,79.095,19800
2026-05-11 11:00:00,79.095,79.1,79.09,79.09,17614
2026-05-11 11:05:00,79.095,79.1,79.0939,79.1,17165
2026-05-11 11:10:00,79.095,79.1,79.09,79.0931,9035
2026-05-11 11:15:00,79.095,79.11,79.09,79.11,13640
2026-05-11 11:20:00,79.105,79.115,79.101,79.115,12938
2026-05-11 11:25:00,79.115,79.12,79.11,79.115,14548
2026-05-11 11:30:00,79.115,79.12,79.11,79.1199,24969
2026-05-11 11:35:00,79.115,79.125,79.1103,79.125,8561
2026-05-11 11:40:00,79.1267,79.13,79.12,79.12,41112
2026-05-11 11:45:00,79.1165,79.12,79.1101,79.1183,18099
2026-05-11 11:50:00,79.11,79.125,79.11,79.1201,25422
2026-05-11 11:55:00,79.125,79.13,79.12,79.125,7812
2026-05-11 12:00:00,79.12,79.13,79.12,79.125,280568
2026-05-11 12:05:00,79.125,79.1299,79.12,79.12,156397
2026-05-11 12:10:00,79.12,79.12,79.115,79.115,9425
2026-05-11 12:15:00,79.115,79.12,79.115,79.115,5080
2026-05-11 12:20:00,79.1172,79.12,79.11,79.11,54595
2026-05-11 12:25:00,79.115,79.12,79.1133,79.115,3920
2026-05-11 12:30:00,79.115,79.12,79.1128,79.115,10353
2026-05-11 12:35:00,79.11,79.12,79.1,79.105,1137289
2026-05-11 12:40:00,79.105,79.1072,79.09,79.0963,11922
2026-05-11 12:45:00,79.1,79.1,79.095,79.095,6161
2026-05-11 12:50:00,79.09,79.1,79.085,79.085,17815
2026-05-11 12:55:00,79.085,79.09,79.0809,79.0809,10404
2026-05-11 13:00:00,79.09,79.1,79.08,79.0877,9090
2026-05-11 13:05:00,79.08,79.0899,79.08,79.085,11392
2026-05-11 13:10:00,79.085,79.09,79.075,79.075,19460
2026-05-11 13:15:00,79.075,79.08,79.0701,79.08,10150
2026-05-11 13:20:00,79.078,79.09,79.075,79.085,13236
2026-05-11 13:25:00,79.09,79.09,79.08,79.09,13511
2026-05-11 13:30:00,79.085,79.09,79.0801,79.0858,20688
2026-05-11 13:35:00,79.086,79.09,79.08,79.0802,7735
2026-05-11 13:40:00,79.085,79.09,79.08,79.085,6748
2026-05-11 13:45:00,79.085,79.09,79.08,79.085,22248
2026-05-11 13:50:00,79.085,79.09,79.08,79.085,5493
2026-05-11 13:55:00,79.0802,79.09,79.08,79.085,13497
2026-05-11 14:00:00,79.085,79.1,79.0803,79.095,40946
2026-05-11 14:05:00,79.095,79.1,79.0901,79.095,17055
2026-05-11 14:10:00,79.095,79.1,79.0901,79.0999,3613
2026-05-11 14:15:00,79.095,79.1,79.09,79.1,14673
2026-05-11 14:20:00,79.095,79.1,79.095,79.095,36545
2026-05-11 14:25:00,79.095,79.1,79.0902,79.1,5244
2026-05-11 14:30:00,79.0974,79.1,79.09,79.095,10618
2026-05-11 14:35:00,79.095,79.1,79.09,79.09,26129
2026-05-11 14:40:00,79.095,79.095,79.085,79.085,12753
2026-05-11 14:45:00,79.085,79.0899,79.08,79.085,15207
2026-05-11 14:50:00,79.0801,79.0899,79.08,79.08,8103
2026-05-11 14:55:00,79.085,79.0871,79.07,79.07,35429
2026-05-11 15:00:00,79.075,79.075,79.065,79.07,18057
2026-05-11 15:05:00,79.075,79.08,79.07,79.0701,9814
2026-05-11 15:10:00,79.075,79.08,79.07,79.075,45222
2026-05-11 15:15:00,79.0761,79.0783,79.065,79.065,26434
2026-05-11 15:20:00,79.065,79.07,79.06,79.0665,23304
2026-05-11 15:25:00,79.065,79.07,79.0601,79.07,23430
2026-05-11 15:30:00,79.065,79.07,79.06,79.0699,27828
2026-05-11 15:35:00,79.065,79.07,79.0601,79.065,8790
2026-05-11 15:40:00,79.07,79.07,79.06,79.06,11018
2026-05-11 15:45:00,79.0699,79.0699,79.05,79.055,11562
2026-05-11 15:50:00,79.055,79.06,79.05,79.05,10830
2026-05-11 15:55:00,79.055,79.07,79.05,79.06,99523
2026-05-11 16:00:00,79.06,79.1,79.06,79.1,230640
2026-05-11 16:40:00,79.02,79.02,79.02,79.02,126
2026-05-12 04:10:00,79.13,79.13,79.13,79.13,100
2026-05-12 07:00:00,79.0295,79.0295,79.0295,79.0295,148
2026-05-12 09:05:00,79.07,79.07,79.07,79.07,1400
2026-05-12 09:20:00,79.01,79.01,78.98,78.98,300
2026-05-12 09:30:00,78.98,78.99,78.94,78.945,54602
2026-05-12 09:35:00,78.94,78.95,78.9321,78.9321,19975
2026-05-12 09:40:00,78.933,78.955,78.933,78.955,32141
2026-05-12 09:45:00,78.955,78.96,78.9445,78.9473,31989
2026-05-12 09:50:00,78.9471,78.95,78.94,78.95,8286
2026-05-12 09:55:00,78.945,78.9473,78.94,78.947,6578
2026-05-12 10:00:00,78.945,78.9499,78.94,78.945,11152
2026-05-12 10:05:00,78.9473,78.95,78.94,78.95,7942
2026-05-12 10:10:00,78.945,78.9599,78.9401,78.9599,19622
2026-05-12 10:15:00,78.9571,78.96,78.95,78.95,30719
2026-05-12 10:20:00,78.95,78.95,78.94,78.9494,7079
2026-05-12 10:25:00,78.9401,78.95,78.94,78.945,15679
2026-05-12 10:30:00,78.945,78.95,78.94,78.95,10495
2026-05-12 10:35:00,78.95,78.9579,78.9401,78.9432,16401
2026-05-12 10:40:00,78.9439,78.9564,78.9408,78.955,4581
2026-05-12 10:45:00,78.955,78.96,78.95,78.95,13514
2026-05-12 10:50:00,78.9451,78.9499,78.94,78.9461,21505
2026-05-12 10:55:00,78.9485,78.9485,78.93,78.94,97781
2026-05-12 11:00:00,78.9413,78.95,78.93,78.93,21507
2026-05-12 11:05:00,78.935,78.94,78.93,78.935,24278
2026-05-12 11:10:00,78.935,78.94,78.93,78.9301,46349
2026-05-12 11:15:00,78.94,78.94,78.9301,78.9386,5706
2026-05-12 11:20:00,78.935,78.9399,78.9315,78.935,14334
2026-05-12 11:25:00,78.935,78.94,78.93,78.935,4303
2026-05-12 11:30:00,78.939,78.95,78.9341,78.95,107179
2026-05-12 11:35:00,78.94,78.95,78.94,78.9499,7771
2026-05-12 11:40:00,78.95,78.96,78.95,78.96,27177
2026-05-12 11:45:00,78.9562,78.96,78.95,78.9568,19914
2026-05-12 11:50:00,78.955,78.9578,78.94,78.9499,97431
2026-05-12 11:55:00,78.945,78.9499,78.9401,78.9468,6800
2026-05-12 12:00:00,78.945,78.95,78.94,78.945,31974
2026-05-12 12:05:00,78.9427,78.9489,78.94,78.9472,11899
2026-05-12 12:10:00,78.945,78.9499,78.9401,78.9484,7950
2026-05-12 12:15:00,78.945,78.95,78.94,78.945,27203
2026-05-12 12:20:00,78.945,78.95,78.94,78.945,12190
2026-05-12 12:25:00,78.945,78.9453,78.93,78.9398,11286
2026-05-12 12:30:00,78.9328,78.95,78.93,78.945,17078
2026-05-12 12:35:00,78.942,78.95,78.9401,78.9453,3251
2026-05-12 12:40:00,78.95,78.95,78.9434,78.95,9605
2026-05-12 12:45:00,78.945,78.945,78.94,78.945,33997
2026-05-12 12:50:00,78.945,78.95,78.94,78.94,2806
2026-05-12 12:55:00,78.94,78.9456,78.93,78.9374,7875
2026-05-12 13:00:00,78.9399,78.945,78.93,78.945,53404
2026-05-12 13:05:00,78.945,78.9499,78.9401,78.9401,4766
2026-05-12 13:10:00,78.945,78.9499,78.9341,78.94,5939
2026-05-12 13:15:00,78.9399,78.945,78.93,78.941,16535
2026-05-12 13:20:00,78.9426,78.95,78.94,78.9499,8815
2026-05-12 13:25:00,78.945,78.9499,78.935,78.935,11902
2026-05-12 13:30:00,78.9373,78.9399,78.9301,78.9397,8358
2026-05-12 13:35:00,78.9399,78.9399,78.9313,78.9318,6234
2026-05-12 13:40:00,78.9328,78.94,78.9301,78.9398,33601
2026-05-12 13:45:00,78.935,78.94,78.93,78.935,18008
2026-05-12 13:50:00,78.9384,78.94,78.93,78.94,24473
2026-05-12 13:55:00,78.9305,78.95,78.9301,78.945,23912
2026-05-12 14:00:00,78.945,78.9499,78.9302,78.935,29330
2026-05-12 14:05:00,78.935,78.95,78.935,78.945,12997
2026-05-12 14:10:00,78.95,78.95,78.9401,78.9401,14182
2026-05-12 14:15:00,78.945,78.9565,78.9401,78.9503,25379
2026-05-12 14:20:00,78.9501,78.9601,78.95,78.96,83046
2026-05-12 14:25:00,78.96,78.965,78.9525,78.955,13369
2026-05-12 14:30:00,78.9599,78.9599,78.95,78.95,11677
2026-05-12 14:35:00,78.955,78.96,78.95,78.955,18340
2026-05-12 14:40:00,78.95,78.9599,78.95,78.95,23682
2026-05-12 14:45:00,78.95,78.9561,78.94,78.945,41320
2026-05-12 14:50:00,78.94,78.95,78.94,78.94,8739
2026-05-12 14:55:00,78.94,78.95,78.94,78.945,84074
2026-05-12 15:00:00,78.945,78.95,78.94,78.945,6162
2026-05-12 15:05:00,78.9499,78.95,78.94,78.945,17658
2026-05-12 15:10:00,78.945,78.96,78.94,78.9522,39562
2026-05-12 15:15:00,78.96,78.96,78.95,78.955,5987
2026-05-12 15:20:00,78.96,78.96,78.955,78.955,14726
2026-05-12 15:25:00,78.955,78.96,78.9535,78.955,11857
2026-05-12 15:30:00,78.9599,78.96,78.9501,78.96,27718
2026-05-12 15:35:00,78.96,78.96,78.9524,78.9599,18206
2026-05-12 15:40:00,78.96,78.9683,78.96,78.965,62267
2026-05-12 15:45:00,78.965,78.97,78.96,78.965,29937
2026-05-12 15:50:00,78.965,78.97,78.9635,78.965,49432
2026-05-12 15:55:00,78.965,78.98,78.96,78.98,139691
2026-05-12 16:00:00,78.97,78.97,78.97,78.97,73749
2026-05-12 16:10:00,78.93,78.93,78.93,78.93,1260
2026-05-12 18:25:00,78.89,78.89,78.89,78.89,247
2026-05-12 18:35:00,79.111,79.111,79.111,79.111,100
2026-05-13 08:45:00,79,79,79,79,1000
2026-05-13 09:30:00,79.01,79.01,78.96,78.9633,100470
2026-05-13 09:35:00,78.965,78.98,78.96,78.965,15881
2026-05-13 09:40:00,78.965,78.98,78.96,78.98,15654
2026-05-13 09:45:00,78.98,78.985,78.97,78.97,37877
2026-05-13 09:50:00,78.975,78.975,78.96,78.96,12685
2026-05-13 09:55:00,78.965,78.9699,78.96,78.96,29465
2026-05-13 10:00:00,78.96,78.9698,78.95,78.965,75484
2026-05-13 10:05:00,78.965,78.9671,78.955,78.955,3998
2026-05-13 10:10:00,78.955,78.96,78.9501,78.955,26575
2026-05-13 10:15:00,78.9599,78.9599,78.9425,78.945,29789
2026-05-13 10:20:00,78.945,78.945,78.9302,78.935,20980
2026-05-13 10:25:00,78.94,78.94,78.9301,78.94,17046
2026-05-13 10:30:00,78.935,78.9499,78.935,78.945,45531
2026-05-13 10:35:00,78.945,78.95,78.9401,78.9497,30865
2026-05-13 10:40:00,78.945,78.945,78.9301,78.935,52955
2026-05-13 10:45:00,78.935,78.94,78.935,78.935,10108
2026-05-13 10:50:00,78.935,78.935,78.9201,78.93,13187
2026-05-13 10:55:00,78.9398,78.9398,78.93,78.935,8682
2026-05-13 11:00:00,78.935,78.9482,78.93,78.935,29219
2026-05-13 11:05:00,78.935,78.94,78.9301,78.9301,34567
2026-05-13 11:10:00,78.935,78.94,78.9301,78.935,28094
2026-05-13 11:15:00,78.9323,78.9399,78.9301,78.935,18772
2026-05-13 11:20:00,78.9328,78.9357,78.93,78.9301,21129
2026-05-13 11:25:00,78.93,78.9356,78.92,78.9229,11302
2026-05-13 11:30:00,78.9277,78.9299,78.91,78.9201,79762
2026-05-13 11:35:00,78.925,78.945,78.92,78.945,116821
2026-05-13 11:40:00,78.945,78.947,78.9345,78.935,63307
2026-05-13 11:45:00,78.935,78.9399,78.9301,78.935,23783
2026-05-13 11:50:00,78.9335,78.94,78.9335,78.9373,39995
2026-05-13 11:55:00,78.935,78.9378,78.9325,78.935,11214
2026-05-13 12:00:00,78.9398,78.94,78.9301,78.935,34237
2026-05-13 12:05:00,78.935,78.945,78.9302,78.945,53696
2026-05-13 12:10:00,78.945,78.95,78.9401,78.95,32460
2026-05-13 12:15:00,78.95,78.955,78.9401,78.955,15045
2026-05-13 12:20:00,78.9501,78.9893,78.9501,78.98,41463
2026-05-13 12:25:00,78.98,78.9901,78.9749,78.985,12647
2026-05-13 12:30:00,78.985,78.985,78.9742,78.975,15268
2026-05-13 12:35:00,78.975,78.98,78.9701,78.9708,7430
2026-05-13 12:40:00,78.975,78.975,78.9602,78.965,19128
2026-05-13 12:45:00,78.965,78.97,78.9649,78.9671,14944
2026-05-13 12:50:00,78.9644,78.97,78.96,78.97,20431
2026-05-13 12:55:00,78.98,78.9899,78.975,78.985,1547667
2026-05-13 13:00:00,78.985,78.99,78.9631,78.985,30952
2026-05-13 13:05:00,78.985,78.995,78.9803,78.985,89909
2026-05-13 13:10:00,78.9866,79,78.98,78.995,21324
2026-05-13 13:15:00,78.995,78.9999,78.99,78.995,9405
2026-05-13 13:20:00,78.9901,78.995,78.985,78.985,6824
2026-05-13 13:25:00,78.985,78.99,78.9841,78.99,19119
2026-05-13 13:30:00,78.995,78.9972,78.985,78.985,23404
2026-05-13 13:35:00,78.99,78.99,78.985,78.9899,5423
2026-05-13 13:40:00,78.99,78.995,78.98,78.9811,15942
2026-05-13 13:45:00,78.985,78.9859,78.974,78.979,7412
2026-05-13 13:50:00,78.98,78.9899,78.975,78.985,14140
2026-05-13 13:55:00,78.99,78.99,78.98,78.985,15819
2026-05-13 14:00:00,78.9801,78.99,78.9801,78.99,6910
2026-05-13 14:05:00,78.9874,78.995,78.9801,78.995,14230
2026-05-13 14:10:00,78.995,79,78.99,78.9999,22325
2026-05-13 14:15:00,78.99,78.9999,78.99,78.9999,25864
2026-05-13 14:20:00,78.995,79,78.99,78.9957,15737
2026-05-13 14:25:00,78.995,79,78.99,78.99,6900
2026-05-13 14:30:00,79,79,78.99,78.995,16853
2026-05-13 14:35:00,78.995,79,78.995,78.995,1694751
2026-05-13 14:40:00,78.9989,79.01,78.99,78.995,105738
2026-05-13 14:45:00,78.995,79,78.99,78.9935,16421
2026-05-13 14:50:00,78.9992,79.005,78.995,79.005,23128
2026-05-13 14:55:00,79.005,79.005,78.99,78.995,10511
2026-05-13 15:00:00,78.9977,79.01,78.9967,79.0001,44911
2026-05-13 15:05:00,79.005,79.01,79,79.005,16478
2026-05-13 15:10:00,79.006,79.0173,79,79.0173,185173
2026-05-13 15:15:00,79.015,79.0199,79.01,79.015,17447
2026-05-13 15:20:00,79.015,79.0199,79.01,79.015,17382
2026-05-13 15:25:00,79.015,79.0299,79.01,79.025,194495
2026-05-13 15:30:00,79.025,79.03,79.01,79.0199,12061
2026-05-13 15:35:00,79.015,79.02,79.015,79.015,39818
2026-05-13 15:40:00,79.0157,79.02,79.01,79.01,44435
2026-05-13 15:45:00,79.0199,79.0199,79,79,45007
2026-05-13 15:50:00,79.005,79.01,79,79.01,66490
2026-05-13 15:55:00,79.005,79.02,79.005,79.015,101526
2026-05-13 16:00:00,79.02,79.02,79.02,79.02,71020
2026-05-13 17:30:00,79.02,79.02,79.02,79.02,371
2026-05-14 07:00:00,79.05,79.05,79.05,79.05,1114
2026-05-14 07:50:00,79.1,79.1,79.1,79.1,8000
2026-05-14 07:55:00,79.1,79.1,79.1,79.1,9146
2026-05-14 08:15:00,79.1,79.1,79.1,79.1,1900
2026-05-14 09:30:00,79.06,79.0777,79.05,79.0622,47463
2026-05-14 09:35:00,79.065,79.065,79.04,79.045,131613
2026-05-14 09:40:00,79.0467,79.055,79.045,79.055,64697
2026-05-14 09:45:00,79.055,79.0599,79.05,79.05,95968
2026-05-14 09:50:00,79.05,79.0588,79.04,79.055,45725
2026-05-14 09:55:00,79.055,79.055,79.025,79.025,20628
2026-05-14 10:00:00,79.0201,79.03,79.0172,79.0172,17656
2026-05-14 10:05:00,79.02,79.0272,79.02,79.0201,8564
2026-05-14 10:10:00,79.025,79.025,79.0104,79.0199,15978
2026-05-14 10:15:00,79.015,79.0199,79.01,79.0125,21244
2026-05-14 10:20:00,79.015,79.0188,79,79,16818
2026-05-14 10:25:00,79,79,78.985,78.9911,95670
2026-05-14 10:30:00,78.999,79.005,78.99,79.005,8724
2026-05-14 10:35:00,79.005,79.01,79,79.01,9016
2026-05-14 10:40:00,79.009,79.0199,79.009,79.01,12474
2026-05-14 10:45:00,79.02,79.02,79.01,79.015,6166
2026-05-14 10:50:00,79.02,79.0299,79.0172,79.0172,28526
2026-05-14 10:55:00,79.015,79.03,79.015,79.03,41183
2026-05-14 11:00:00,79.025,79.03,79.01,79.015,38735
2026-05-14 11:05:00,79.015,79.0275,79.01,79.02,44937
2026-05-14 11:10:00,79.02,79.0285,79.02,79.026,4553
2026-05-14 11:15:00,79.025,79.027,79.02,79.02,6126
2026-05-14 11:20:00,79.025,79.0399,79.0201,79.03,42627
2026-05-14 11:25:00,79.03,79.03,79.02,79.025,29839
2026-05-14 11:30:00,79.0261,79.03,79.02,79.02,10245
2026-05-14 11:35:00,79.025,79.0399,79.02,79.0201,102433
2026-05-14 11:40:00,79.03,79.03,79.023,79.03,22662
2026-05-14 11:45:00,79.03,79.0368,79.0299,79.035,33452
2026-05-14 11:50:00,79.04,79.04,79.03,79.0398,7054
2026-05-14 11:55:00,79.035,79.04,79.03,79.0323,39680
2026-05-14 12:00:00,79.04,79.045,79.03,79.045,63307
2026-05-14 12:05:00,79.045,79.045,79.04,79.045,7167
2026-05-14 12:10:00,79.045,79.045,79.0301,79.038,3782
2026-05-14 12:15:00,79.0304,79.04,79.0304,79.035,25465
2026-05-14 12:20:00,79.0398,79.04,79.035,79.0387,5614
2026-05-14 12:25:00,79.035,79.0399,79.02,79.03,10515
2026-05-14 12:30:00,79.0299,79.03,79.0201,79.0298,4873
2026-05-14 12:35:00,79.025,79.03,79.0244,79.0281,23172
2026-05-14 12:40:00,79.03,79.035,79.0201,79.0272,18742
2026-05-14 12:45:00,79.025,79.03,79.0201,79.03,13254
2026-05-14 12:50:00,79.035,79.0399,79.025,79.025,4016
2026-05-14 12:55:00,79.025,79.03,79.02,79.025,31572
2026-05-14 13:00:00,79.025,79.0359,79.0204,79.03,3833
2026-05-14 13:05:00,79.031,79.0399,79.03,79.035,8272
2026-05-14 13:10:00,79.035,79.04,79.0303,79.035,146640
2026-05-14 13:15:00,79.04,79.04,79.0301,79.035,18080
2026-05-14 13:20:00,79.035,79.04,79.03,79.03,25864
2026-05-14 13:25:00,79.035,79.04,79.0201,79.025,18387
2026-05-14 13:30:00,79.025,79.03,79.025,79.025,4826
2026-05-14 13:35:00,79.025,79.03,79.02,79.0278,26726
2026-05-14 13:40:00,79.02,79.03,79.02,79.025,6519
2026-05-14 13:45:00,79.025,79.03,79.0245,79.0273,14534
2026-05-14 13:50:00,79.025,79.0299,79.02,79.025,41093
2026-05-14 13:55:00,79.0297,79.03,79.02,79.03,17051
2026-05-14 14:00:00,79.025,79.025,79.015,79.015,155091
2026-05-14 14:05:00,79.017,79.02,79.01,79.01,5483
2026-05-14 14:10:00,79.01,79.0199,79.01,79.015,7238
2026-05-14 14:15:00,79.015,79.02,79.0133,79.0199,10354
2026-05-14 14:20:00,79.019,79.02,79.014,79.015,13239
2026-05-14 14:25:00,79.015,79.02,79.0101,79.02,10869
2026-05-14 14:30:00,79.015,79.02,79.015,79.02,16290
2026-05-14 14:35:00,79.015,79.02,79.0101,79.0101,6895
2026-05-14 14:40:00,79.015,79.0199,79.01,79.0173,11120
2026-05-14 14:45:00,79.015,79.015,79.01,79.015,21128
2026-05-14 14:50:00,79.015,79.02,79.005,79.005,35153
2026-05-14 14:55:00,79.005,79.017,79.0001,79.0101,37541
2026-05-14 15:00:00,79.01,79.0199,79,79.005,25642
2026-05-14 15:05:00,79.005,79.01,79,79.0059,21644
2026-05-14 15:10:00,79.006,79.01,79,79.005,40559
2026-05-14 15:15:00,79,79.0099,79,79.005,10298
2026-05-14 15:20:00,79.005,79.0099,79,79.005,81236
2026-05-14 15:25:00,79.005,79.01,78.99,78.995,65015
2026-05-14 15:30:00,78.9971,79,78.99,78.9955,9114
2026-05-14 15:35:00,78.995,79,78.98,78.985,112105
2026-05-14 15:40:00,78.985,78.9866,78.975,78.975,51126
2026-05-14 15:45:00,78.975,78.9799,78.97,78.97,21346
2026-05-14 15:50:00,78.97,78.98,78.96,78.975,31620
2026-05-14 15:55:00,78.971,78.975,78.95,78.955,145004
2026-05-14 16:00:00,78.97,78.97,78.95,78.95,108453
2026-05-15 04:00:00,78.7,78.8,78.7,78.8,591
2026-05-15 04:20:00,78.51,78.51,78.51,78.51,100
2026-05-15 04:30:00,78.61,78.61,78.61,78.61,200
2026-05-15 04:40:00,78.6,78.62,78.6,78.6,300
2026-05-15 04:45:00,78.59,78.7,78.59,78.7,500
2026-05-15 04:50:00,78.59,78.6,78.59,78.6,400
2026-05-15 04:55:00,78.61,78.61,78.61,78.61,200
2026-05-15 05:05:00,78.7,78.7,78.59,78.6,1029
2026-05-15 07:00:00,78.86,78.86,78.86,78.86,174
2026-05-15 09:05:00,79.05,79.05,79.05,79.05,125
2026-05-15 09:25:00,78.85,78.85,78.85,78.85,127
2026-05-15 09:30:00,78.85,78.87,78.8,78.805,127680
2026-05-15 09:35:00,78.8099,78.82,78.805,78.815,28631
2026-05-15 09:40:00,78.8192,78.82,78.8036,78.805,53609
2026-05-15 09:45:00,78.8,78.81,78.79,78.795,32522
2026-05-15 09:50:00,78.795,78.805,78.795,78.795,29488
2026-05-15 09:55:00,78.794,78.7999,78.7824,78.785,31946
2026-05-15 10:00:00,78.7861,78.79,78.78,78.785,47581
2026-05-15 10:05:00,78.78,78.8,78.78,78.795,60415
2026-05-15 10:10:00,78.795,78.7978,78.785,78.795,50318
2026-05-15 10:15:00,78.795,78.8197,78.79,78.8101,47007
2026-05-15 10:20:00,78.815,78.83,78.81,78.815,42507
2026-05-15 10:25:00,78.815,78.82,78.81,78.816,24986
2026-05-15 10:30:00,78.815,78.84,78.8101,78.84,35256
2026-05-15 10:35:00,78.8361,78.8362,78.83,78.835,30373
2026-05-15 10:40:00,78.835,78.835,78.825,78.825,16381
2026-05-15 10:45:00,78.825,78.83,78.8124,78.815,34292
2026-05-15 10:50:00,78.815,78.82,78.805,78.815,42482
2026-05-15 10:55:00,78.8199,78.8199,78.81,78.81,19890
2026-05-15 11:00:00,78.8101,78.82,78.8,78.805,10631
2026-05-15 11:05:00,78.8,78.8,78.79,78.8,17970
2026-05-15 11:10:00,78.805,78.8199,78.805,78.8134,4951
2026-05-15 11:15:00,78.815,78.8199,78.81,78.81,7088
2026-05-15 11:20:00,78.8157,78.8157,78.8,78.805,7973
2026-05-15 11:25:00,78.805,78.81,78.8014,78.805,11514
2026-05-15 11:30:00,78.805,78.81,78.7901,78.7901,23514
2026-05-15 11:35:00,78.796,78.7974,78.79,78.7901,7844
2026-05-15 11:40:00,78.7945,78.7999,78.7801,78.785,30616
2026-05-15 11:45:00,78.785,78.79,78.783,78.785,26389
2026-05-15 11:50:00,78.7866,78.79,78.78,78.7859,18131
2026-05-15 11:55:00,78.785,78.8,78.78,78.8,11288
2026-05-15 12:00:00,78.8,78.8084,78.7918,78.7918,19536
2026-05-15 12:05:00,78.795,78.8,78.7901,78.7999,9835
2026-05-15 12:10:00,78.7992,78.8,78.79,78.795,7765
2026-05-15 12:15:00,78.7973,78.7999,78.785,78.7899,9418
2026-05-15 12:20:00,78.784,78.79,78.7801,78.7868,22730
2026-05-15 12:25:00,78.785,78.79,78.7845,78.785,5323
2026-05-15 12:30:00,78.785,78.79,78.78,78.7809,7658
2026-05-15 12:35:00,78.785,78.79,78.78,78.79,36457
2026-05-15 12:40:00,78.785,78.79,78.78,78.7875,9974
2026-05-15 12:45:00,78.785,78.79,78.78,78.785,32548
2026-05-15 12:50:00,78.785,78.79,78.78,78.78,7157
2026-05-15 12:55:00,78.785,78.79,78.78,78.785,43895
2026-05-15 13:00:00,78.785,78.7876,78.78,78.785,11958
2026-05-15 13:05:00,78.785,78.7999,78.785,78.795,10582
2026-05-15 13:10:00,78.795,78.8,78.79,78.795,13827
2026-05-15 13:15:00,78.795,78.8,78.7901,78.8,11028
2026-05-15 13:20:00,78.8,78.81,78.8,78.805,21599
2026-05-15 13:25:00,78.805,78.8199,78.8023,78.815,25837
2026-05-15 13:30:00,78.815,78.815,78.8,78.815,16669
2026-05-15 13:35:00,78.815,78.8158,78.805,78.805,14385
2026-05-15 13:40:00,78.805,78.81,78.8,78.8025,30218
2026-05-15 13:45:00,78.81,78.815,78.805,78.8097,7906
2026-05-15 13:50:00,78.81,78.81,78.8,78.81,7062
2026-05-15 13:55:00,78.805,78.81,78.795,78.805,31976
2026-05-15 14:00:00,78.805,78.8086,78.795,78.795,12528
2026-05-15 14:05:00,78.795,78.7966,78.79,78.795,20045
2026-05-15 14:10:00,78.795,78.8,78.7901,78.795,15768
2026-05-15 14:15:00,78.795,78.8067,78.795,78.805,18016
2026-05-15 14:20:00,78.805,78.8199,78.805,78.8158,16537
2026-05-15 14:25:00,78.815,78.82,78.805,78.815,37320
2026-05-15 14:30:00,78.815,78.8169,78.8,78.8057,20124
2026-05-15 14:35:00,78.805,78.8066,78.7901,78.795,24436
2026-05-15 14:40:00,78.795,78.8,78.79,78.7979,27374
2026-05-15 14:45:00,78.795,78.7999,78.79,78.795,53463
2026-05-15 14:50:00,78.795,78.7999,78.7902,78.795,11948
2026-05-15 14:55:00,78.79,78.795,78.78,78.795,41343
2026-05-15 15:00:00,78.795,78.7975,78.79,78.7975,12010
2026-05-15 15:05:00,78.795,78.8,78.79,78.79,20819
2026-05-15 15:10:00,78.7966,78.7999,78.79,78.795,13741
2026-05-15 15:15:00,78.795,78.7991,78.78,78.795,49518
2026-05-15 15:20:00,78.7929,78.7999,78.7901,78.795,13277
2026-05-15 15:25:00,78.795,78.8,78.79,78.795,21121
2026-05-15 15:30:00,78.795,78.8,78.79,78.795,36164
2026-05-15 15:35:00,78.79,78.81,78.79,78.795,44676
2026-05-15 15:40:00,78.795,78.8,78.79,78.79,15618
2026-05-15 15:45:00,78.8,78.8,78.79,78.795,27431
2026-05-15 15:50:00,78.795,78.8,78.79,78.795,48739
2026-05-15 15:55:00,78.795,78.8,78.79,78.8,98099
2026-05-15 16:00:00,78.79,78.79,78.79,78.79,90118
2026-05-15 18:00:00,78.61,78.61,78.61,78.61,100
2026-05-15 18:30:00,78.805,78.805,78.805,78.805,190
2026-05-18 07:20:00,78.78,78.78,78.7265,78.7265,200
2026-05-18 08:45:00,78.79,78.79,78.79,78.79,2000
2026-05-18 08:50:00,78.79,78.8,78.79,78.8,400
2026-05-18 09:25:00,78.83,78.83,78.83,78.83,148
2026-05-18 09:30:00,78.84,78.8727,78.84,78.85,118016
2026-05-18 09:35:00,78.8499,78.85,78.84,78.845,24556
2026-05-18 09:40:00,78.85,78.8689,78.84,78.855,24693
2026-05-18 09:45:00,78.85,78.88,78.84,78.88,51398
2026-05-18 09:50:00,78.88,78.89,78.88,78.885,17997
2026-05-18 09:55:00,78.883,78.895,78.8801,78.885,21974
2026-05-18 10:00:00,78.89,78.89,78.865,78.865,16345
2026-05-18 10:05:00,78.865,78.865,78.845,78.855,64073
2026-05-18 10:10:00,78.855,78.86,78.8531,78.8583,8065
2026-05-18 10:15:00,78.855,78.86,78.8501,78.855,13228
2026-05-18 10:20:00,78.85,78.8599,78.8301,78.8301,12106
2026-05-18 10:25:00,78.8301,78.84,78.8301,78.835,17184
2026-05-18 10:30:00,78.835,78.835,78.81,78.81,29550
2026-05-18 10:35:00,78.815,78.82,78.81,78.81,8474
2026-05-18 10:40:00,78.815,78.82,78.81,78.815,26154
2026-05-18 10:45:00,78.8158,78.8283,78.8101,78.825,13068
2026-05-18 10:50:00,78.83,78.83,78.8201,78.825,5389
2026-05-18 10:55:00,78.825,78.83,78.8201,78.83,5932
2026-05-18 11:00:00,78.83,78.835,78.795,78.81,585212
2026-05-18 11:05:00,78.8,78.82,78.8,78.81,23271
2026-05-18 11:10:00,78.81,78.81,78.8,78.805,56505
2026-05-18 11:15:00,78.805,78.8099,78.8,78.8,14167
2026-05-18 11:20:00,78.8074,78.8099,78.8001,78.8089,49951
2026-05-18 11:25:00,78.805,78.81,78.8,78.805,111846
2026-05-18 11:30:00,78.8,78.805,78.7901,78.7999,43585
2026-05-18 11:35:00,78.795,78.82,78.7901,78.8121,14748
2026-05-18 11:40:00,78.8199,78.82,78.795,78.795,11899
2026-05-18 11:45:00,78.795,78.7999,78.79,78.795,28384
2026-05-18 11:50:00,78.795,78.8,78.7901,78.795,36423
2026-05-18 11:55:00,78.795,78.81,78.795,78.8099,58839
2026-05-18 12:00:00,78.805,78.81,78.8,78.805,54192
2026-05-18 12:05:00,78.805,78.8075,78.8,78.8075,6684
2026-05-18 12:10:00,78.805,78.81,78.8001,78.805,31308
2026-05-18 12:15:00,78.805,78.82,78.8,78.815,29591
2026-05-18 12:20:00,78.811,78.83,78.8,78.805,44240
2026-05-18 12:25:00,78.8083,78.8083,78.78,78.78,40854
2026-05-18 12:30:00,78.7801,78.805,78.7801,78.805,13975
2026-05-18 12:35:00,78.81,78.8199,78.81,78.8161,10413
2026-05-18 12:40:00,78.815,78.82,78.81,78.815,11635
2026-05-18 12:45:00,78.8101,78.82,78.8,78.8098,18336
2026-05-18 12:50:00,78.81,78.815,78.8001,78.8072,17771
2026-05-18 12:55:00,78.805,78.82,78.805,78.815,323345
2026-05-18 13:00:00,78.81,78.81,78.795,78.795,268365
2026-05-18 13:05:00,78.795,78.81,78.795,78.805,32663
2026-05-18 13:10:00,78.8091,78.81,78.8001,78.81,21185
2026-05-18 13:15:00,78.8097,78.82,78.8001,78.8151,24479
2026-05-18 13:20:00,78.8101,78.8199,78.8041,78.8073,79358
2026-05-18 13:25:00,78.81,78.81,78.8,78.8077,11165
2026-05-18 13:30:00,78.8034,78.81,78.8001,78.8001,6914
2026-05-18 13:35:00,78.805,78.805,78.7901,78.8,4435
2026-05-18 13:40:00,78.805,78.81,78.8041,78.8099,18707
2026-05-18 13:45:00,78.8099,78.81,78.8001,78.8099,8518
2026-05-18 13:50:00,78.8098,78.815,78.805,78.815,5835
2026-05-18 13:55:00,78.815,78.815,78.8001,78.805,11679
2026-05-18 14:00:00,78.805,78.81,78.79,78.795,14048
2026-05-18 14:05:00,78.7975,78.7975,78.7801,78.785,26129
2026-05-18 14:10:00,78.785,78.79,78.785,78.785,28888
2026-05-18 14:15:00,78.785,78.7868,78.77,78.775,12429
2026-05-18 14:20:00,78.775,78.78,78.76,78.7615,11636
2026-05-18 14:25:00,78.765,78.765,78.7433,78.75,104604
2026-05-18 14:30:00,78.745,78.76,78.745,78.75,84926
2026-05-18 14:35:00,78.755,78.76,78.75,78.75,147578
2026-05-18 14:40:00,78.745,78.75,78.74,78.75,24385
2026-05-18 14:45:00,78.75,78.76,78.7401,78.755,12140
2026-05-18 14:50:00,78.755,78.76,78.75,78.75,26272
2026-05-18 14:55:00,78.75,78.755,78.74,78.74,56686
2026-05-18 15:00:00,78.745,78.82,78.7428,78.8013,146107
2026-05-18 15:05:00,78.8,78.8101,78.7901,78.795,29254
2026-05-18 15:10:00,78.795,78.8,78.7802,78.79,35302
2026-05-18 15:15:00,78.785,78.795,78.7801,78.7801,24965
2026-05-18 15:20:00,78.785,78.8,78.7801,78.785,81930
2026-05-18 15:25:00,78.7899,78.7899,78.77,78.785,17160
2026-05-18 15:30:00,78.785,78.81,78.785,78.795,37276
2026-05-18 15:35:00,78.795,78.8099,78.795,78.8054,26112
2026-05-18 15:40:00,78.805,78.81,78.8,78.805,10655
2026-05-18 15:45:00,78.805,78.81,78.8,78.805,24323
2026-05-18 15:50:00,78.805,78.8099,78.79,78.79,34028
2026-05-18 15:55:00,78.79,78.8,78.77,78.78,199077
2026-05-18 16:00:00,78.77,78.77,78.76,78.76,235413
2026-05-19 09:10:00,78.75,78.75,78.75,78.75,984
2026-05-19 09:30:00,78.71,78.71,78.68,78.6901,108178
2026-05-19 09:35:00,78.695,78.705,78.685,78.695,46174
2026-05-19 09:40:00,78.69,78.69,78.68,78.6859,20371
2026-05-19 09:45:00,78.6876,78.69,78.68,78.685,148624
2026-05-19 09:50:00,78.685,78.7078,78.68,78.7078,677851
2026-05-19 09:55:00,78.705,78.71,78.695,78.695,122138
2026-05-19 10:00:00,78.695,78.7059,78.69,78.7,156112
2026-05-19 10:05:00,78.705,78.705,78.6847,78.685,47339
2026-05-19 10:10:00,78.685,78.69,78.675,78.675,33156
2026-05-19 10:15:00,78.675,78.6778,78.66,78.665,38399
2026-05-19 10:20:00,78.665,78.665,78.61,78.615,78009
2026-05-19 10:25:00,78.61,78.6275,78.61,78.615,45870
2026-05-19 10:30:00,78.61,78.6278,78.61,78.625,35377
2026-05-19 10:35:00,78.62,78.64,78.62,78.635,15170
2026-05-19 10:40:00,78.6301,78.645,78.62,78.625,28954
2026-05-19 10:45:00,78.625,78.63,78.6172,78.625,20842
2026-05-19 10:50:00,78.6201,78.625,78.6101,78.615,21063
2026-05-19 10:55:00,78.615,78.64,78.6119,78.635,38264
2026-05-19 11:00:00,78.6365,78.6458,78.635,78.64,17839
2026-05-19 11:05:00,78.64,78.64,78.62,78.625,28860
2026-05-19 11:10:00,78.6298,78.63,78.6101,78.625,28456
2026-05-19 11:15:00,78.6299,78.645,78.625,78.64,41036
2026-05-19 11:20:00,78.6403,78.6403,78.62,78.62,17878
2026-05-19 11:25:00,78.625,78.6299,78.62,78.625,7786
2026-05-19 11:30:00,78.63,78.6399,78.62,78.625,30097
2026-05-19 11:35:00,78.625,78.64,78.62,78.6363,272300
2026-05-19 11:40:00,78.635,78.6399,78.625,78.635,15116
2026-05-19 11:45:00,78.6301,78.64,78.63,78.64,27764
2026-05-19 11:50:00,78.635,78.65,78.635,78.645,34510
2026-05-19 11:55:00,78.645,78.65,78.6401,78.65,23807
2026-05-19 12:00:00,78.645,78.66,78.645,78.655,59931
2026-05-19 12:05:00,78.6599,78.6599,78.63,78.63,12079
2026-05-19 12:10:00,78.63,78.6399,78.625,78.6369,15441
2026-05-19 12:15:00,78.635,78.647,78.635,78.645,35478
2026-05-19 12:20:00,78.645,78.65,78.64,78.65,20084
2026-05-19 12:25:00,78.66,78.6788,78.66,78.675,25259
2026-05-19 12:30:00,78.676,78.68,78.67,78.675,84869
2026-05-19 12:35:00,78.675,78.68,78.6639,78.6746,459541
2026-05-19 12:40:00,78.675,78.68,78.675,78.675,22918
2026-05-19 12:45:00,78.675,78.6773,78.675,78.675,12779
2026-05-19 12:50:00,78.675,78.689,78.67,78.689,34057
2026-05-19 12:55:00,78.685,78.69,78.68,78.69,11190
2026-05-19 13:00:00,78.684,78.695,78.684,78.695,18454
2026-05-19 13:05:00,78.695,78.7,78.6901,78.6999,28379
2026-05-19 13:10:00,78.695,78.7,78.6901,78.6994,42469
2026-05-19 13:15:00,78.7,78.7099,78.7,78.705,31666
2026-05-19 13:20:00,78.704,78.71,78.7,78.705,15970
2026-05-19 13:25:00,78.7099,78.7099,78.7002,78.705,15227
2026-05-19 13:30:00,78.705,78.72,78.7033,78.715,32833
2026-05-19 13:35:00,78.715,78.7199,78.714,78.715,21743
2026-05-19 13:40:00,78.715,78.7199,78.7101,78.715,6187
2026-05-19 13:45:00,78.7102,78.72,78.7102,78.715,14873
2026-05-19 13:50:00,78.7101,78.72,78.7101,78.715,19609
2026-05-19 13:55:00,78.72,78.725,78.7102,78.725,26285
2026-05-19 14:00:00,78.728,78.74,78.725,78.74,35332
2026-05-19 14:05:00,78.735,78.74,78.735,78.7399,6177
2026-05-19 14:10:00,78.735,78.74,78.7303,78.735,19943
2026-05-19 14:15:00,78.735,78.735,78.71,78.71,16956
2026-05-19 14:20:00,78.715,78.72,78.7,78.71,24329
2026-05-19 14:25:00,78.705,78.71,78.685,78.6894,18020
2026-05-19 14:30:00,78.685,78.69,78.67,78.6801,54404
2026-05-19 14:35:00,78.6886,78.69,78.6801,78.685,19636
2026-05-19 14:40:00,78.6803,78.7071,78.6803,78.6973,48375
2026-05-19 14:45:00,78.695,78.7,78.6837,78.685,81567
2026-05-19 14:50:00,78.686,78.69,78.67,78.675,6845
2026-05-19 14:55:00,78.67,78.67,78.6514,78.655,33544
2026-05-19 15:00:00,78.6502,78.68,78.6502,78.6668,31843
2026-05-19 15:05:00,78.665,78.67,78.66,78.6655,15886
2026-05-19 15:10:00,78.665,78.67,78.66,78.6601,11003
2026-05-19 15:15:00,78.665,78.67,78.66,78.67,19365
2026-05-19 15:20:00,78.665,78.6699,78.65,78.655,22794
2026-05-19 15:25:00,78.655,78.66,78.6501,78.655,32508
2026-05-19 15:30:00,78.66,78.67,78.655,78.665,25714
2026-05-19 15:35:00,78.6601,78.67,78.66,78.67,39308
2026-05-19 15:40:00,78.665,78.67,78.66,78.665,36496
2026-05-19 15:45:00,78.67,78.68,78.67,78.6738,70689
2026-05-19 15:50:00,78.6756,78.6799,78.66,78.665,51725
2026-05-19 15:55:00,78.665,78.67,78.66,78.67,144780
2026-05-19 16:00:00,78.66,78.67,78.66,78.67,98900
2026-05-20 09:30:00,78.7,78.74,78.69,78.7174,30704
2026-05-20 09:35:00,78.715,78.725,78.695,78.695,127364
2026-05-20 09:40:00,78.693,78.715,78.693,78.715,29524
2026-05-20 09:45:00,78.71,78.7264,78.71,78.715,59027
2026-05-20 09:50:00,78.715,78.7186,78.7001,78.705,31453
2026-05-20 09:55:00,78.705,78.71,78.7,78.71,46371
2026-05-20 10:00:00,78.7087,78.71,78.7001,78.705,11054
2026-05-20 10:05:00,78.7099,78.7099,78.69,78.69,25658
2026-05-20 10:10:00,78.6897,78.715,78.68,78.7,75628
2026-05-20 10:15:00,78.71,78.8,78.7,78.77,93666
2026-05-20 10:20:00,78.78,78.7869,78.765,78.765,18936
2026-05-20 10:25:00,78.7574,78.7775,78.7543,78.771,8188
2026-05-20 10:30:00,78.78,78.8076,78.78,78.795,62021
2026-05-20 10:35:00,78.8,78.8159,78.79,78.81,517855
2026-05-20 10:40:00,78.81,78.81,78.79,78.8,487859
2026-05-20 10:45:00,78.805,78.8075,78.795,78.805,26875
2026-05-20 10:50:00,78.8,78.82,78.795,78.815,37673
2026-05-20 10:55:00,78.825,78.8373,78.825,78.8373,11874
2026-05-20 11:00:00,78.84,78.849,78.8278,78.83,24474
2026-05-20 11:05:00,78.83,78.8378,78.825,78.8298,22337
2026-05-20 11:10:00,78.83,78.8362,78.83,78.8338,3409
2026-05-20 11:15:00,78.835,78.925,78.83,78.889,107001
2026-05-20 11:20:00,78.9,78.91,78.8776,78.88,12227
2026-05-20 11:25:00,78.88,78.8801,78.865,78.8772,28961
2026-05-20 11:30:00,78.865,78.88,78.865,78.875,22338
2026-05-20 11:35:00,78.88,78.89,78.8701,78.8872,20988
2026-05-20 11:40:00,78.895,78.895,78.875,78.88,8951
2026-05-20 11:45:00,78.88,78.895,78.875,78.8901,8812
2026-05-20 11:50:00,78.9,78.9,78.8802,78.8802,9371
2026-05-20 11:55:00,78.88,78.885,78.86,78.87,13326
2026-05-20 12:00:00,78.8762,78.88,78.87,78.878,11620
2026-05-20 12:05:00,78.875,78.8899,78.8701,78.8797,5414
2026-05-20 12:10:00,78.875,78.89,78.875,78.89,8457
2026-05-20 12:15:00,78.8843,78.888,78.8703,78.875,12943
2026-05-20 12:20:00,78.875,78.8799,78.8501,78.855,35064
2026-05-20 12:25:00,78.855,78.8562,78.84,78.84,29294
2026-05-20 12:30:00,78.845,78.85,78.835,78.845,99541
2026-05-20 12:35:00,78.845,78.8487,78.84,78.845,20359
2026-05-20 12:40:00,78.8432,78.87,78.8401,78.87,71472
2026-05-20 12:45:00,78.875,78.875,78.86,78.86,17363
2026-05-20 12:50:00,78.865,78.8799,78.86,78.86,19995
2026-05-20 12:55:00,78.865,78.876,78.865,78.865,5308
2026-05-20 13:00:00,78.8623,78.87,78.86,78.8699,4579
2026-05-20 13:05:00,78.865,78.87,78.86,78.865,27321
2026-05-20 13:10:00,78.8658,78.88,78.855,78.875,34984
2026-05-20 13:15:00,78.87,78.8799,78.865,78.8676,10710
2026-05-20 13:20:00,78.865,78.8799,78.86,78.8672,18649
2026-05-20 13:25:00,78.865,78.8799,78.86,78.875,19118
2026-05-20 13:30:00,78.875,78.8776,78.865,78.87,22602
2026-05-20 13:35:00,78.865,78.89,78.865,78.8867,32271
2026-05-20 13:40:00,78.8801,78.8859,78.87,78.874,22580
2026-05-20 13:45:00,78.875,78.8755,78.861,78.865,8332
2026-05-20 13:50:00,78.865,78.8699,78.86,78.8674,36068
2026-05-20 13:55:00,78.86,78.86,78.85,78.85,11919
2026-05-20 14:00:00,78.85,78.86,78.8445,78.8571,28016
2026-05-20 14:05:00,78.86,78.8699,78.8501,78.8699,19262
2026-05-20 14:10:00,78.8601,78.8699,78.8601,78.865,10592
2026-05-20 14:15:00,78.87,78.88,78.8619,78.8799,39109
2026-05-20 14:20:00,78.88,78.8857,78.87,78.875,61043
2026-05-20 14:25:00,78.88,78.8873,78.87,78.8873,23116
2026-05-20 14:30:00,78.885,78.89,78.88,78.8899,8301
2026-05-20 14:35:00,78.89,78.9,78.8801,78.895,27592
2026-05-20 14:40:00,78.9,78.9,78.8796,78.8796,19904
2026-05-20 14:45:00,78.875,78.89,78.875,78.89,20040
2026-05-20 14:50:00,78.885,78.9,78.885,78.895,30789
2026-05-20 14:55:00,78.8973,78.9099,78.895,78.895,34900
2026-05-20 15:00:00,78.895,78.9099,78.895,78.8999,11536
2026-05-20 15:05:00,78.9,78.9,78.89,78.895,18208
2026-05-20 15:10:00,78.9,78.9,78.89,78.8901,20435
2026-05-20 15:15:00,78.895,78.8999,78.89,78.8999,31357
2026-05-20 15:20:00,78.89,78.9,78.89,78.8963,20615
2026-05-20 15:25:00,78.895,78.8999,78.89,78.895,19973
2026-05-20 15:30:00,78.895,78.8999,78.89,78.895,21931
2026-05-20 15:35:00,78.895,78.9074,78.89,78.9001,53207
2026-05-20 15:40:00,78.905,78.9061,78.8902,78.895,19218
2026-05-20 15:45:00,78.895,78.8999,78.882,78.885,26918
2026-05-20 15:50:00,78.885,78.8963,78.885,78.8879,63639
2026-05-20 15:55:00,78.88,78.89,78.88,78.88,83935
2026-05-20 16:00:00,78.88,78.88,78.875,78.875,126035
2026-05-20 16:10:00,78.94,78.94,78.94,78.94,325
2026-05-21 09:10:00,79.02,79.02,79.02,79.02,1500
2026-05-21 09:30:00,78.8,78.81,78.775,78.775,41786
2026-05-21 09:35:00,78.775,78.775,78.765,78.7689,11705
2026-05-21 09:40:00,78.765,78.7661,78.74,78.745,11973
2026-05-21 09:45:00,78.745,78.76,78.745,78.76,9808
2026-05-21 09:50:00,78.7599,78.8182,78.75,78.8099,49784
2026-05-21 09:55:00,78.81,78.81,78.7842,78.785,32818
2026-05-21 10:00:00,78.78,78.795,78.77,78.77,30207
2026-05-21 10:05:00,78.775,78.78,78.765,78.775,13176
2026-05-21 10:10:00,78.775,78.7899,78.77,78.78,34328
2026-05-21 10:15:00,78.78,78.78,78.7539,78.775,24152
2026-05-21 10:20:00,78.77,78.77,78.754,78.755,37452
2026-05-21 10:25:00,78.755,78.78,78.75,78.775,63232
2026-05-21 10:30:00,78.7701,78.79,78.7701,78.785,4184
2026-05-21 10:35:00,78.7899,78.79,78.78,78.7859,9147
2026-05-21 10:40:00,78.785,78.785,78.755,78.76,23330
2026-05-21 10:45:00,78.76,78.765,78.7504,78.7601,9552
2026-05-21 10:50:00,78.77,78.7799,78.76,78.7799,11973
2026-05-21 10:55:00,78.775,78.7799,78.7701,78.7767,9728
2026-05-21 11:00:00,78.775,78.78,78.7725,78.78,10408
2026-05-21 11:05:00,78.775,78.7776,78.755,78.76,13791
2026-05-21 11:10:00,78.765,78.7872,78.765,78.785,23167
2026-05-21 11:15:00,78.785,78.79,78.7796,78.7801,26846
2026-05-21 11:20:00,78.78,78.785,78.7701,78.7701,13235
2026-05-21 11:25:00,78.77,78.78,78.765,78.765,33045
2026-05-21 11:30:00,78.765,78.7764,78.7604,78.765,8118
2026-05-21 11:35:00,78.765,78.7698,78.7625,78.7625,6506
2026-05-21 11:40:00,78.7699,78.7699,78.7501,78.7501,14367
2026-05-21 11:45:00,78.76,78.77,78.76,78.765,4957
2026-05-21 11:50:00,78.7601,78.77,78.755,78.7664,18816
2026-05-21 11:55:00,78.7659,78.775,78.765,78.775,5391
2026-05-21 12:00:00,78.775,78.8,78.775,78.795,15399
2026-05-21 12:05:00,78.79,78.8,78.79,78.8,18598
2026-05-21 12:10:00,78.7999,78.8,78.77,78.785,1783403
2026-05-21 12:15:00,78.785,78.795,78.7737,78.795,28968
2026-05-21 12:20:00,78.795,78.7956,78.78,78.7851,16066
2026-05-21 12:25:00,78.785,78.8,78.785,78.795,14429
2026-05-21 12:30:00,78.795,78.81,78.7901,78.8,12856
2026-05-21 12:35:00,78.8,78.805,78.79,78.7977,8321
2026-05-21 12:40:00,78.795,78.8,78.7935,78.8,29028
2026-05-21 12:45:00,78.8,78.81,78.8,78.805,26429
2026-05-21 12:50:00,78.805,78.8099,78.805,78.805,11506
2026-05-21 12:55:00,78.81,78.81,78.805,78.8079,37885
2026-05-21 13:00:00,78.8014,78.8099,78.795,78.795,11323
2026-05-21 13:05:00,78.795,78.8,78.7915,78.795,11522
2026-05-21 13:10:00,78.8,78.8499,78.8,78.8499,28671
2026-05-21 13:15:00,78.845,78.885,78.845,78.87,40910
2026-05-21 13:20:00,78.875,78.895,78.865,78.875,29558
2026-05-21 13:25:00,78.875,78.8844,78.87,78.8844,35571
2026-05-21 13:30:00,78.885,78.89,78.87,78.875,8886
2026-05-21 13:35:00,78.8773,78.8899,78.8701,78.885,15199
2026-05-21 13:40:00,78.885,78.9,78.885,78.9,21796
2026-05-21 13:45:00,78.9,78.9099,78.8901,78.905,59635
2026-05-21 13:50:00,78.905,78.91,78.905,78.905,7674
2026-05-21 13:55:00,78.91,78.91,78.9001,78.9061,11647
2026-05-21 14:00:00,78.905,78.9101,78.885,78.885,55821
2026-05-21 14:05:00,78.885,78.89,78.8801,78.8899,5360
2026-05-21 14:10:00,78.885,78.89,78.88,78.885,48607
2026-05-21 14:15:00,78.885,78.9,78.885,78.8998,48329
2026-05-21 14:20:00,78.895,78.91,78.89,78.9081,19198
2026-05-21 14:25:00,78.905,78.91,78.895,78.9,16180
2026-05-21 14:30:00,78.8981,78.9,78.89,78.895,19728
2026-05-21 14:35:00,78.895,78.9,78.895,78.9,17708
2026-05-21 14:40:00,78.9,78.91,78.895,78.91,30843
2026-05-21 14:45:00,78.905,78.9099,78.871,78.875,57640
2026-05-21 14:50:00,78.875,78.89,78.845,78.8468,87885
2026-05-21 14:55:00,78.845,78.8599,78.8434,78.845,27016
2026-05-21 15:00:00,78.85,78.86,78.8401,78.855,26013
2026-05-21 15:05:00,78.86,78.86,78.85,78.855,17350
2026-05-21 15:10:00,78.86,78.87,78.8501,78.8678,71708
2026-05-21 15:15:00,78.87,78.87,78.8601,78.87,15752
2026-05-21 15:20:00,78.87,78.87,78.865,78.865,19021
2026-05-21 15:25:00,78.869,78.87,78.863,78.865,26498
2026-05-21 15:30:00,78.87,78.87,78.86,78.87,26348
2026-05-21 15:35:00,78.865,78.8899,78.865,78.885,33590
2026-05-21 15:40:00,78.885,78.89,78.88,78.885,52767
2026-05-21 15:45:00,78.885,78.89,78.88,78.885,100685
2026-05-21 15:50:00,78.89,78.89,78.86,78.8696,127023
2026-05-21 15:55:00,78.865,78.89,78.86,78.89,75019
2026-05-21 16:00:00,78.9,78.91,78.9,78.91,62258
2026-05-22 04:00:00,79,79,79,79,506
2026-05-22 09:25:00,78.9702,78.98,78.9702,78.98,543
2026-05-22 09:30:00,79,79,78.9218,78.975,120366
2026-05-22 09:35:00,78.975,78.975,78.96,78.96,27473
2026-05-22 09:40:00,78.96,78.96,78.93,78.945,28137
2026-05-22 09:45:00,78.945,78.945,78.91,78.915,14314
2026-05-22 09:50:00,78.915,78.915,78.9028,78.915,27887
2026-05-22 09:55:00,78.915,78.925,78.9132,78.925,34505
2026-05-22 10:00:00,78.92,78.925,78.8608,78.865,51081
2026-05-22 10:05:00,78.8608,78.865,78.85,78.855,22615
2026-05-22 10:10:00,78.855,78.86,78.84,78.8401,28946
2026-05-22 10:15:00,78.85,78.87,78.85,78.8677,14418
2026-05-22 10:20:00,78.869,78.87,78.86,78.86,12929
2026-05-22 10:25:00,78.855,78.8689,78.855,78.865,4155
2026-05-22 10:30:00,78.8688,78.8688,78.86,78.865,12278
2026-05-22 10:35:00,78.8641,78.87,78.845,78.845,24480
2026-05-22 10:40:00,78.84,78.86,78.84,78.8492,672785
2026-05-22 10:45:00,78.85,78.86,78.85,78.855,9729
2026-05-22 10:50:00,78.855,78.8572,78.84,78.8558,12651
2026-05-22 10:55:00,78.855,78.8599,78.84,78.85,8968
2026-05-22 11:00:00,78.845,78.85,78.835,78.85,15415
2026-05-22 11:05:00,78.8482,78.8561,78.8478,78.855,10456
2026-05-22 11:10:00,78.86,78.86,78.8501,78.855,52011
2026-05-22 11:15:00,78.855,78.8674,78.855,78.865,29338
2026-05-22 11:20:00,78.865,78.8697,78.8539,78.86,16142
2026-05-22 11:25:00,78.858,78.859,78.85,78.855,6133
2026-05-22 11:30:00,78.86,78.865,78.855,78.86,17309
2026-05-22 11:35:00,78.865,78.8697,78.855,78.865,7702
2026-05-22 11:40:00,78.865,78.87,78.86,78.87,8971
2026-05-22 11:45:00,78.865,78.87,78.855,78.865,21516
2026-05-22 11:50:00,78.865,78.87,78.865,78.8697,35055
2026-05-22 11:55:00,78.8697,78.8699,78.8537,78.855,7509
2026-05-22 12:00:00,78.855,78.855,78.835,78.84,32345
2026-05-22 12:05:00,78.84,78.8476,78.83,78.84,19193
2026-05-22 12:10:00,78.8484,78.85,78.84,78.845,221437
2026-05-22 12:15:00,78.846,78.8481,78.835,78.8481,6495
2026-05-22 12:20:00,78.8493,78.85,78.845,78.85,9053
2026-05-22 12:25:00,78.845,78.86,78.845,78.8569,19478
2026-05-22 12:30:00,78.855,78.865,78.85,78.85,31741
2026-05-22 12:35:00,78.84,78.845,78.825,78.825,14688
2026-05-22 12:40:00,78.83,78.8398,78.825,78.8313,14006
2026-05-22 12:45:00,78.8301,78.845,78.8301,78.845,13924
2026-05-22 12:50:00,78.845,78.8474,78.835,78.84,11612
2026-05-22 12:55:00,78.845,78.8477,78.84,78.845,13817
2026-05-22 13:00:00,78.85,78.8667,78.85,78.865,42968
2026-05-22 13:05:00,78.8523,78.865,78.8523,78.8612,12778
2026-05-22 13:10:00,78.8675,78.8675,78.855,78.8601,5239
2026-05-22 13:15:00,78.865,78.865,78.855,78.855,6707
2026-05-22 13:20:00,78.855,78.86,78.85,78.86,17915
2026-05-22 13:25:00,78.8699,78.89,78.8626,78.89,37176
2026-05-22 13:30:00,78.895,78.91,78.88,78.88,43894
2026-05-22 13:35:00,78.87,78.88,78.87,78.88,5954
2026-05-22 13:40:00,78.875,78.8899,78.875,78.8899,6769
2026-05-22 13:45:00,78.8799,78.8799,78.8707,78.875,3554
2026-05-22 13:50:00,78.87,78.875,78.8601,78.865,10539
2026-05-22 13:55:00,78.87,78.8798,78.865,78.8733,19797
2026-05-22 14:00:00,78.875,78.875,78.85,78.865,27781
2026-05-22 14:05:00,78.87,78.875,78.8601,78.87,8082
2026-05-22 14:10:00,78.8687,78.8699,78.8601,78.8601,2552
2026-05-22 14:15:00,78.865,78.87,78.8601,78.8601,8041
2026-05-22 14:20:00,78.861,78.8777,78.8601,78.8766,14878
2026-05-22 14:25:00,78.875,78.8792,78.87,78.8703,7007
2026-05-22 14:30:00,78.875,78.8783,78.87,78.875,7434
2026-05-22 14:35:00,78.875,78.89,78.8733,78.885,15574
2026-05-22 14:40:00,78.885,78.8884,78.88,78.885,8666
2026-05-22 14:45:00,78.885,78.8876,78.88,78.88,7426
2026-05-22 14:50:00,78.885,78.8899,78.8801,78.8899,2880
2026-05-22 14:55:00,78.8815,78.8815,78.8701,78.8738,25202
2026-05-22 15:00:00,78.87,78.88,78.854,78.8671,21223
2026-05-22 15:05:00,78.863,78.87,78.85,78.86,16332
2026-05-22 15:10:00,78.8699,78.8699,78.8543,78.855,17575
2026-05-22 15:15:00,78.8523,78.8698,78.8523,78.865,18967
2026-05-22 15:20:00,78.8626,78.8699,78.855,78.865,23101
2026-05-22 15:25:00,78.87,78.87,78.86,78.865,8164
2026-05-22 15:30:00,78.865,78.8699,78.86,78.865,12703
2026-05-22 15:35:00,78.865,78.87,78.8639,78.865,7919
2026-05-22 15:40:00,78.868,78.8775,78.8601,78.8775,12138
2026-05-22 15:45:00,78.875,78.8788,78.8701,78.875,19761
2026-05-22 15:50:00,78.875,78.885,78.8716,78.885,31975
2026-05-22 15:55:00,78.88,78.89,78.87,78.875,65626
2026-05-22 16:00:00,78.87,78.87,78.87,78.87,8487
2026-05-22 16:05:00,78.84,78.84,78.84,78.84,6579
2026-05-22 16:50:00,78.87,78.87,78.87,78.87,100