2026-03-23 04:00:00,37,37.17,36.83,36.95,18282
2026-03-23 04:05:00,36.9,36.9,36.84,36.89,860
2026-03-23 04:10:00,36.81,36.83,36.54,36.55,2620
2026-03-23 04:15:00,36.52,36.83,36.5,36.83,2947
2026-03-23 04:20:00,36.5,36.5,36.39,36.41,1143
2026-03-23 04:25:00,36.44,36.48,36.42,36.42,26898
2026-03-23 04:30:00,36.17,36.17,36.12,36.12,277
2026-03-23 04:35:00,36.17,36.18,36.17,36.18,500
2026-03-23 04:40:00,36.22,36.22,36.22,36.22,100
2026-03-23 04:45:00,36,36,35.8,35.94,7898
2026-03-23 04:50:00,35.93,35.93,35.93,35.93,260
2026-03-23 05:00:00,36.1,36.18,36.06,36.06,1286
2026-03-23 05:05:00,36.03,36.03,35.9,35.9,512
2026-03-23 05:10:00,36.02,36.02,35.98,35.98,201
2026-03-23 05:15:00,36.02,36.02,36.02,36.02,400
2026-03-23 05:20:00,35.9,35.9,35.85,35.85,390
2026-03-23 05:25:00,36.1,36.28,36,36,6119
2026-03-23 05:30:00,36,36,36,36,121
2026-03-23 05:40:00,36.2,36.2,36.2,36.2,700
2026-03-23 05:45:00,36.22,36.32,36.21,36.32,820
2026-03-23 06:00:00,36.37,36.38,36.37,36.38,200
2026-03-23 06:05:00,36.07,36.07,36.07,36.07,149
2026-03-23 06:15:00,36.31,36.37,36.31,36.37,230
2026-03-23 06:20:00,36.37,36.5,36.37,36.5,1000
2026-03-23 06:25:00,36.5,36.5,36.49,36.49,400
2026-03-23 06:35:00,36.53,36.53,36.53,36.53,100
2026-03-23 06:40:00,36.59,36.62,36.51,36.51,1680
2026-03-23 06:50:00,36.49,36.49,36.01,36.3,13157
2026-03-23 07:00:00,36.18,36.25,36.01,36.03,1755
2026-03-23 07:05:00,36.03,36.03,31.19,31.21,73165
2026-03-23 07:10:00,31.28,31.78,30.82,31.09,41205
2026-03-23 07:15:00,31.11,32.37,31.08,32.25,15858
2026-03-23 07:20:00,32.17,32.87,32.17,32.87,27383
2026-03-23 07:25:00,32.66,33.46,32.38,33,16724
2026-03-23 07:30:00,32.8,32.8,32.13,32.15,3871
2026-03-23 07:35:00,32.15,32.53,32.09,32.4,6440
2026-03-23 07:40:00,32.41,32.66,32.05,32.33,7789
2026-03-23 07:45:00,32.29,32.9,32.29,32.75,9651
2026-03-23 07:50:00,32.71,33.1,32.71,32.79,3678
2026-03-23 07:55:00,32.94,33.72,32.94,33.7,9174
2026-03-23 08:00:00,36.1703,37.28,31.0709,33.2718,95887
2026-03-23 08:05:00,33.28,33.46,33.13,33.1432,10147
2026-03-23 08:10:00,33.02,33.12,32.87,32.99,29780
2026-03-23 08:15:00,33.19,33.19,32.53,32.53,29150
2026-03-23 08:20:00,32.56,32.59,32.34,32.461,14488
2026-03-23 08:25:00,32.49,32.51,32.35,32.51,13719
2026-03-23 08:30:00,32.57,32.82,32.5265,32.6292,7250
2026-03-23 08:35:00,32.63,32.66,32.52,32.66,2666
2026-03-23 08:40:00,32.65,32.65,31.99,32,13433
2026-03-23 08:45:00,32.08,32.1,31.88,31.94,5639
2026-03-23 08:50:00,31.91,32.0899,31.83,32.0899,11755
2026-03-23 08:55:00,32.07,32.09,31.9,31.98,16222
2026-03-23 09:00:00,31.97,32,31.8,31.98,5934
2026-03-23 09:05:00,32.3033,32.3033,32.15,32.15,2080
2026-03-23 09:10:00,32.35,32.35,32.24,32.24,804
2026-03-23 09:15:00,32.32,32.32,32.18,32.18,54824
2026-03-23 09:20:00,32.22,32.37,32.1,32.27,3071
2026-03-23 09:25:00,32.38,32.38,32.27,32.331,3483
2026-03-23 09:30:00,32.44,32.765,32.34,32.7,249615
2026-03-23 09:35:00,32.7,32.88,32.26,32.27,187562
2026-03-23 09:40:00,32.28,32.54,31.9,32.24,182147
2026-03-23 09:45:00,32.24,32.32,31.92,31.92,144976
2026-03-23 09:50:00,31.92,32.02,31.79,32,78150
2026-03-23 09:55:00,32.08,32.29,31.95,32,62028
2026-03-23 10:00:00,32,32.15,31.79,32.09,76552
2026-03-23 10:05:00,32.1,32.29,32.05,32.17,57811
2026-03-23 10:10:00,32.17,32.23,31.975,32.06,42233
2026-03-23 10:15:00,32.07,32.1,31.89,31.9,22667
2026-03-23 10:20:00,31.91,31.99,31.64,31.74,66830
2026-03-23 10:25:00,31.74,32.11,31.7,32.1,46551
2026-03-23 10:30:00,32.1,32.4,32.1,32.38,71615
2026-03-23 10:35:00,32.4,32.63,32.26,32.43,39593
2026-03-23 10:40:00,32.47,32.71,32.45,32.66,43610
2026-03-23 10:45:00,32.67,32.76,32.405,32.61,70112
2026-03-23 10:50:00,32.61,32.83,32.57,32.78,48407
2026-03-23 10:55:00,32.79,32.8691,32.73,32.8,24858
2026-03-23 11:00:00,32.79,32.845,32.2,32.23,74101
2026-03-23 11:05:00,32.24,32.33,32.17,32.2,41235
2026-03-23 11:10:00,32.21,32.22,32.09,32.18,25916
2026-03-23 11:15:00,32.18,32.32,32.165,32.24,22046
2026-03-23 11:20:00,32.25,32.41,32.12,32.15,43945
2026-03-23 11:25:00,32.15,32.44,32.1493,32.42,12907
2026-03-23 11:30:00,32.39,32.46,32.31,32.39,23387
2026-03-23 11:35:00,32.41,32.66,32.41,32.6,23756
2026-03-23 11:40:00,32.67,32.83,32.56,32.7,51593
2026-03-23 11:45:00,32.76,32.97,32.7592,32.84,41960
2026-03-23 11:50:00,32.84,33.26,32.74,33.25,63843
2026-03-23 11:55:00,33.26,33.61,33.26,33.55,55847
2026-03-23 12:00:00,33.57,33.58,33.26,33.445,78561
2026-03-23 12:05:00,33.49,33.5,33.12,33.22,36372
2026-03-23 12:10:00,33.27,33.35,33.07,33.17,43538
2026-03-23 12:15:00,33.19,33.49,33.15,33.49,32758
2026-03-23 12:20:00,33.52,33.63,33.42,33.54,30467
2026-03-23 12:25:00,33.56,33.95,33.56,33.9286,30311
2026-03-23 12:30:00,33.94,33.97,33.66,33.67,47673
2026-03-23 12:35:00,33.63,33.65,33.43,33.57,22898
2026-03-23 12:40:00,33.56,33.56,33.36,33.37,32663
2026-03-23 12:45:00,33.41,33.45,33.16,33.25,27749
2026-03-23 12:50:00,33.25,33.48,33.12,33.4,23918
2026-03-23 12:55:00,33.37,33.63,33.35,33.52,18483
2026-03-23 13:00:00,33.49,33.62,33.36,33.62,23470
2026-03-23 13:05:00,33.59,33.65,33.34,33.36,18643
2026-03-23 13:10:00,33.35,33.44,33.26,33.44,25952
2026-03-23 13:15:00,33.46,33.65,33.42,33.5,36200
2026-03-23 13:20:00,33.51,33.73,33.51,33.59,17770
2026-03-23 13:25:00,33.62,33.63,33.39,33.53,20228
2026-03-23 13:30:00,33.52,33.53,33.09,33.11,51288
2026-03-23 13:35:00,33.08,33.09,32.76,32.79,48949
2026-03-23 13:40:00,32.81,33.18,32.81,33.12,25050
2026-03-23 13:45:00,33.09,33.19,33.06,33.08,19301
2026-03-23 13:50:00,33.08,33.08,32.82,32.84,32936
2026-03-23 13:55:00,32.85,32.88,32.65,32.67,11870
2026-03-23 14:00:00,32.69,32.7,32.54,32.55,12542
2026-03-23 14:05:00,32.58,33.09,32.575,32.83,60695
2026-03-23 14:10:00,32.8,32.82,32.66,32.82,20513
2026-03-23 14:15:00,32.83,33.02,32.79,32.92,14325
2026-03-23 14:20:00,32.92,32.955,32.86,32.875,10460
2026-03-23 14:25:00,32.85,32.9,32.67,32.89,39920
2026-03-23 14:30:00,32.86,32.86,32.545,32.55,17574
2026-03-23 14:35:00,32.51,32.67,32.43,32.6,56917
2026-03-23 14:40:00,32.6,32.79,32.56,32.76,20651
2026-03-23 14:45:00,32.76,32.78,32.55,32.58,36669
2026-03-23 14:50:00,32.57,32.78,32.54,32.74,13621
2026-03-23 14:55:00,32.75,32.84,32.71,32.71,13877
2026-03-23 15:00:00,32.74,32.86,32.6999,32.81,25779
2026-03-23 15:05:00,32.81,32.84,32.69,32.695,19126
2026-03-23 15:10:00,32.7,32.75,32.65,32.715,18435
2026-03-23 15:15:00,32.71,32.89,32.655,32.81,23106
2026-03-23 15:20:00,32.82,32.88,32.78,32.78,23772
2026-03-23 15:25:00,32.79,32.92,32.775,32.85,24065
2026-03-23 15:30:00,32.84,32.91,32.77,32.855,23338
2026-03-23 15:35:00,32.84,32.89,32.73,32.77,35284
2026-03-23 15:40:00,32.785,32.79,32.66,32.69,24911
2026-03-23 15:45:00,32.6977,32.7,32.52,32.64,63367
2026-03-23 15:50:00,32.63,32.88,32.63,32.875,113645
2026-03-23 15:55:00,32.88,33.155,32.87,33.06,240822
2026-03-23 16:00:00,33.14,33.2888,33.14,33.28,16310
2026-03-23 16:05:00,33.2756,33.2756,33.0791,33.0791,1372
2026-03-23 16:10:00,33.0812,33.1431,33.08,33.1431,1090
2026-03-23 16:20:00,33.02,33.02,32.95,32.95,600
2026-03-23 16:30:00,33,33,33,33,290
2026-03-23 16:45:00,32.87,32.87,32.87,32.87,100
2026-03-23 16:50:00,32.89,32.89,32.89,32.89,100
2026-03-23 18:00:00,32.93,32.95,32.93,32.95,2118
2026-03-23 18:05:00,33.07,33.08,32.84,32.84,1520
2026-03-23 18:10:00,32.8,32.8,32.8,32.8,249
2026-03-23 18:15:00,32.87,32.87,32.87,32.87,100
2026-03-23 18:30:00,32.75,32.75,32.7054,32.7054,330
2026-03-23 18:35:00,32.88,32.88,32.88,32.88,200
2026-03-23 18:50:00,32.64,32.65,32.63,32.63,400
2026-03-23 18:55:00,32.53,32.53,32.53,32.53,150
2026-03-23 19:15:00,32.62,32.63,32.62,32.63,200
2026-03-23 19:30:00,32.61,32.61,32.61,32.61,100
2026-03-23 19:35:00,32.68,32.69,32.68,32.69,700
2026-03-23 19:40:00,32.65,32.66,32.65,32.66,223
2026-03-23 19:50:00,32.77,32.77,32.77,32.77,114
2026-03-24 04:00:00,32.58,32.58,32.19,32.26,22803
2026-03-24 04:05:00,32.12,32.24,32.12,32.22,433
2026-03-24 04:10:00,32.32,32.32,32.24,32.27,2930
2026-03-24 04:15:00,32.61,32.61,32.6,32.6,300
2026-03-24 04:20:00,32.78,32.78,32.67,32.67,1010
2026-03-24 04:25:00,32.88,32.94,32.87,32.89,710
2026-03-24 04:30:00,32.93,32.97,32.9,32.9,820
2026-03-24 04:35:00,32.84,32.84,32.84,32.84,100
2026-03-24 04:40:00,32.77,32.77,32.77,32.77,130
2026-03-24 04:50:00,32.89,33.09,32.82,32.99,2350
2026-03-24 04:55:00,33.14,33.19,33.14,33.19,230
2026-03-24 05:00:00,33.07,33.07,33.07,33.07,100
2026-03-24 05:05:00,33.04,33.29,33.04,33.29,3343
2026-03-24 05:10:00,33.27,33.29,33.19,33.19,900
2026-03-24 05:15:00,33.37,33.38,33.34,33.34,630
2026-03-24 05:25:00,33.22,33.22,33.12,33.12,330
2026-03-24 05:30:00,33.15,33.16,33.15,33.16,730
2026-03-24 05:45:00,33.13,33.17,33.13,33.17,300
2026-03-24 05:50:00,33.21,33.26,33.21,33.26,1690
2026-03-24 05:55:00,32.97,32.99,32.95,32.95,930
2026-03-24 06:00:00,33.19,33.19,33.15,33.15,1000
2026-03-24 06:05:00,33.09,33.09,33.09,33.09,1000
2026-03-24 06:15:00,33.04,33.04,33.01,33.01,1140
2026-03-24 06:25:00,33.14,33.18,33.14,33.18,350
2026-03-24 06:40:00,33.12,33.12,33.1,33.1,1200
2026-03-24 07:00:00,33.07,33.07,33.07,33.07,200
2026-03-24 07:05:00,33.09,33.09,33.09,33.09,200
2026-03-24 07:10:00,32.97,32.97,32.97,32.97,120
2026-03-24 07:25:00,33.21,33.23,33.21,33.23,250
2026-03-24 07:30:00,33.22,33.22,33.22,33.22,660
2026-03-24 07:40:00,33.25,33.26,33.21,33.21,690
2026-03-24 07:45:00,33.2,33.22,33.2,33.22,790
2026-03-24 07:50:00,33.33,33.62,33.33,33.57,3040
2026-03-24 08:00:00,33.1043,33.61,32.1,33.2,10477
2026-03-24 08:05:00,33.3,33.3888,33.3,33.3888,400
2026-03-24 08:10:00,33.37,33.37,33.2889,33.2889,2036
2026-03-24 08:15:00,33.39,33.39,33.39,33.39,200
2026-03-24 08:20:00,33.38,33.4,33.36,33.37,3120
2026-03-24 08:35:00,33.68,33.7696,33.68,33.73,860
2026-03-24 08:40:00,33.66,33.7,33.66,33.7,230
2026-03-24 08:45:00,33.73,33.81,33.68,33.81,1244
2026-03-24 08:50:00,33.75,33.75,33.64,33.66,4865
2026-03-24 08:55:00,33.71,33.71,33.71,33.71,100
2026-03-24 09:00:00,33.7384,33.7384,33.57,33.6653,930
2026-03-24 09:05:00,33.61,34.28,33.61,34.06,12236
2026-03-24 09:10:00,34.05,34.06,33.92,33.97,6143
2026-03-24 09:15:00,33.95,33.99,33.95,33.99,600
2026-03-24 09:20:00,34.08,34.09,34.03,34.05,1891
2026-03-24 09:25:00,34.05,34.21,34.01,34.08,3290
2026-03-24 09:30:00,34.15,34.24,33.83,33.85,138160
2026-03-24 09:35:00,33.81,34.08,33.81,34.05,76768
2026-03-24 09:40:00,34.06,34.37,34.005,34.25,81499
2026-03-24 09:45:00,34.23,34.34,34.05,34.25,112600
2026-03-24 09:50:00,34.25,34.33,34.09,34.2,57346
2026-03-24 09:55:00,34.18,34.21,33.6797,33.68,85737
2026-03-24 10:00:00,33.69,33.71,33.15,33.165,130441
2026-03-24 10:05:00,33.13,33.325,32.96,32.97,60052
2026-03-24 10:10:00,32.93,33.52,32.92,33.255,62324
2026-03-24 10:15:00,33.25,33.5,33.17,33.39,33238
2026-03-24 10:20:00,33.37,33.65,33.31,33.51,47565
2026-03-24 10:25:00,33.52,33.64,33.2,33.41,37227
2026-03-24 10:30:00,33.42,33.44,33.1,33.12,38653
2026-03-24 10:35:00,33.105,33.39,33.07,33.31,36970
2026-03-24 10:40:00,33.35,33.38,33.11,33.17,19278
2026-03-24 10:45:00,33.16,33.38,33,33.29,45533
2026-03-24 10:50:00,33.28,33.44,32.59,32.99,127234
2026-03-24 10:55:00,32.99,33.53,32.82,33.15,95292
2026-03-24 11:00:00,33.15,33.15,32.86,33.07,49692
2026-03-24 11:05:00,33.09,33.19,33.055,33.14,18315
2026-03-24 11:10:00,33.12,33.234,33.01,33.01,27902
2026-03-24 11:15:00,33.02,33.12,32.97,33.08,20772
2026-03-24 11:20:00,33.09,33.12,32.93,32.93,32619
2026-03-24 11:25:00,32.95,33.1,32.85,33.07,28612
2026-03-24 11:30:00,33.0359,33.24,33,33.16,19086
2026-03-24 11:35:00,33.18,33.18,33.04,33.06,11531
2026-03-24 11:40:00,33.04,33.1,32.99,33.01,23159
2026-03-24 11:45:00,33.02,33.05,32.87,32.935,15107
2026-03-24 11:50:00,32.93,33.03,32.85,32.99,11414
2026-03-24 11:55:00,33.03,33.4,33.03,33.38,33565
2026-03-24 12:00:00,33.39,33.58,33.35,33.57,48182
2026-03-24 12:05:00,33.57,33.64,33.39,33.39,22737
2026-03-24 12:10:00,33.38,33.51,33.38,33.4099,6260
2026-03-24 12:15:00,33.43,33.43,33.15,33.17,21020
2026-03-24 12:20:00,33.18,33.31,33.18,33.24,8800
2026-03-24 12:25:00,33.22,33.37,33.22,33.25,16352
2026-03-24 12:30:00,33.25,33.4,33.22,33.4,6027
2026-03-24 12:35:00,33.4,33.675,33.4,33.64,19462
2026-03-24 12:40:00,33.62,33.63,33.42,33.44,25362
2026-03-24 12:45:00,33.44,33.56,33.35,33.52,36674
2026-03-24 12:50:00,33.54,33.545,33.35,33.39,15319
2026-03-24 12:55:00,33.44,33.58,33.395,33.45,29002
2026-03-24 13:00:00,33.45,33.82,33.41,33.82,22461
2026-03-24 13:05:00,33.84,34.07,33.84,34.04,64409
2026-03-24 13:10:00,34.03,34.18,33.98,34.09,37994
2026-03-24 13:15:00,34.1,34.17,34.02,34.14,20357
2026-03-24 13:20:00,34.15,34.15,33.95,34.025,17751
2026-03-24 13:25:00,34.02,34.04,33.91,33.93,27572
2026-03-24 13:30:00,33.93,34.06,33.77,34.05,16627
2026-03-24 13:35:00,34.05,34.1,33.84,33.875,12850
2026-03-24 13:40:00,33.88,34.06,33.8,34.04,17205
2026-03-24 13:45:00,34.03,34.07,33.88,33.94,20320
2026-03-24 13:50:00,33.94,33.96,33.63,33.86,46327
2026-03-24 13:55:00,33.86,33.89,33.47,33.56,112453
2026-03-24 14:00:00,33.55,33.64,33.41,33.54,28976
2026-03-24 14:05:00,33.57,33.6,33.51,33.59,11555
2026-03-24 14:10:00,33.57,33.685,33.55,33.67,9663
2026-03-24 14:15:00,33.66,33.78,33.59,33.64,34419
2026-03-24 14:20:00,33.63,33.73,33.57,33.68,15854
2026-03-24 14:25:00,33.67,33.68,33.49,33.58,15998
2026-03-24 14:30:00,33.57,33.63,33.395,33.58,24379
2026-03-24 14:35:00,33.57,33.57,33.26,33.27,23006
2026-03-24 14:40:00,33.28,33.56,33.27,33.47,30791
2026-03-24 14:45:00,33.48,33.5825,33.46,33.56,12600
2026-03-24 14:50:00,33.56,33.57,33.41,33.48,16727
2026-03-24 14:55:00,33.51,33.66,33.49,33.585,49196
2026-03-24 15:00:00,33.59,33.59,33.41,33.51,13000
2026-03-24 15:05:00,33.55,33.55,33.39,33.39,15334
2026-03-24 15:10:00,33.4,33.41,33.31,33.34,8013
2026-03-24 15:15:00,33.31,33.43,33.29,33.31,15356
2026-03-24 15:20:00,33.32,33.48,33.32,33.4,23848
2026-03-24 15:25:00,33.38,33.49,33.37,33.49,14314
2026-03-24 15:30:00,33.48,33.57,33.42,33.5,35072
2026-03-24 15:35:00,33.52,33.64,33.52,33.61,27713
2026-03-24 15:40:00,33.59,33.59,33.48,33.59,15370
2026-03-24 15:45:00,33.62,33.76,33.6,33.61,38091
2026-03-24 15:50:00,33.59,33.84,33.59,33.77,122904
2026-03-24 15:55:00,33.78,33.94,33.755,33.8669,469745
2026-03-24 16:00:00,33.84,33.91,33.83,33.84,10399
2026-03-24 16:05:00,33.96,33.97,33.96,33.97,200
2026-03-24 16:10:00,33.9302,33.94,33.9,33.9,1400
2026-03-24 16:15:00,33.9,33.9,33.9,33.9,100
2026-03-24 16:20:00,33.29,33.29,32.6238,32.7,3553
2026-03-24 16:25:00,32.5,32.94,32.32,32.4152,1800
2026-03-24 16:30:00,32.85,32.8799,32.71,32.8799,1000
2026-03-24 16:35:00,32.81,32.85,32.5,32.67,22078
2026-03-24 16:40:00,32.555,33.02,32.555,33.02,1857
2026-03-24 16:45:00,33.14,33.24,32.9021,32.98,3450
2026-03-24 16:50:00,32.9,33.0772,32.9,33.0772,1218
2026-03-24 17:10:00,33.1,33.109,33.1,33.109,300
2026-03-24 17:30:00,33.01,33.01,33.01,33.01,100
2026-03-24 17:35:00,32.8454,32.8454,32.8454,32.8454,300
2026-03-24 17:40:00,32.81,32.8278,32.81,32.8278,400
2026-03-24 18:00:00,32.97,33.03,32.94,32.95,9200
2026-03-24 18:05:00,32.9051,32.91,32.9,32.9,2700
2026-03-24 18:10:00,32.9,32.95,32.8342,32.95,643
2026-03-24 18:15:00,33.05,33.05,33.03,33.05,700
2026-03-24 18:25:00,33.1,33.1,33.09,33.1,1764
2026-03-24 18:30:00,33.14,33.14,33.14,33.14,630
2026-03-24 18:35:00,33.0209,33.0209,33.0209,33.0209,500
2026-03-24 18:40:00,33.03,33.03,33.03,33.03,500
2026-03-24 18:55:00,32.85,32.85,32.85,32.85,250
2026-03-24 19:00:00,32.84,32.84,32.84,32.84,476
2026-03-24 19:05:00,32.9004,32.9004,32.9004,32.9004,500
2026-03-24 19:15:00,32.83,32.88,32.83,32.88,350
2026-03-24 19:25:00,32.8,32.8,32.79,32.79,200
2026-03-24 19:30:00,32.9,32.9,32.9,32.9,242
2026-03-24 19:35:00,32.8401,32.8401,32.8401,32.8401,200
2026-03-24 19:40:00,32.9,32.9,32.88,32.88,5119
2026-03-24 19:45:00,32.84,32.86,32.81,32.86,2525
2026-03-24 19:55:00,32.8,32.8,32.8,32.8,100
2026-03-25 04:05:00,32.47,32.5,32.37,32.5,5804
2026-03-25 04:10:00,32.4,32.42,32.34,32.35,3714
2026-03-25 04:15:00,32.3,32.34,32.3,32.34,2478
2026-03-25 04:20:00,32.33,32.58,32.31,32.58,4061
2026-03-25 04:25:00,32.51,32.52,32.43,32.52,4240
2026-03-25 04:30:00,32.54,32.54,32.49,32.49,520
2026-03-25 04:35:00,32.55,32.74,32.55,32.62,2333
2026-03-25 04:40:00,32.6,32.65,32.59,32.63,1170
2026-03-25 04:45:00,32.63,32.72,32.63,32.72,3485
2026-03-25 04:50:00,32.67,32.81,32.67,32.81,963
2026-03-25 04:55:00,32.89,32.89,32.88,32.88,367
2026-03-25 05:00:00,32.84,32.86,32.77,32.79,1140
2026-03-25 05:05:00,32.78,32.78,32.7,32.72,2910
2026-03-25 05:10:00,32.69,32.69,32.62,32.64,608
2026-03-25 05:15:00,32.67,32.76,32.67,32.75,761
2026-03-25 05:20:00,32.79,32.8,32.79,32.79,460
2026-03-25 05:25:00,32.92,32.92,32.92,32.92,300
2026-03-25 05:30:00,32.9,32.9,32.86,32.86,390
2026-03-25 05:35:00,32.83,32.87,32.83,32.87,750
2026-03-25 05:40:00,32.84,32.91,32.83,32.91,2522
2026-03-25 05:45:00,32.96,33.03,32.96,33.03,2799
2026-03-25 05:50:00,32.99,33,32.94,32.94,1120
2026-03-25 05:55:00,32.97,32.98,32.76,32.84,1622
2026-03-25 06:00:00,32.67,32.71,32.64,32.64,928
2026-03-25 06:05:00,32.73,32.75,32.73,32.75,390
2026-03-25 06:10:00,32.74,32.81,32.71,32.81,1120
2026-03-25 06:15:00,32.78,32.8,32.71,32.71,958
2026-03-25 06:20:00,32.72,32.78,32.72,32.78,1676
2026-03-25 06:25:00,32.77,32.81,32.77,32.8,866
2026-03-25 06:30:00,32.82,32.82,32.82,32.82,530
2026-03-25 06:40:00,32.78,32.78,32.76,32.76,575
2026-03-25 06:45:00,32.83,32.83,32.77,32.77,370
2026-03-25 06:50:00,32.78,32.78,32.78,32.78,130
2026-03-25 07:00:00,32.79,32.79,32.79,32.79,2036
2026-03-25 07:05:00,32.72,32.72,32.72,32.72,100
2026-03-25 07:10:00,32.74,32.76,32.74,32.76,1773
2026-03-25 07:15:00,32.75,32.75,32.75,32.75,200
2026-03-25 07:20:00,32.75,32.75,32.75,32.75,268
2026-03-25 07:25:00,32.71,32.71,32.71,32.71,200
2026-03-25 07:30:00,32.73,32.74,32.681,32.74,960
2026-03-25 07:35:00,32.68,32.68,32.59,32.59,1283
2026-03-25 07:45:00,32.72,33.05,32.72,33.02,5914
2026-03-25 07:50:00,33.02,33.08,32.93,32.93,1008
2026-03-25 07:55:00,32.91,32.92,32.91,32.92,390
2026-03-25 08:00:00,32.7511,33.41,32.3,32.78,3361
2026-03-25 08:05:00,32.78,32.78,32.65,32.65,2123
2026-03-25 08:10:00,32.7853,32.84,32.73,32.73,1399
2026-03-25 08:15:00,32.87,33.2,32.87,33.2,4195
2026-03-25 08:20:00,33.2,33.41,33.1,33.33,2830
2026-03-25 08:25:00,33.15,33.44,33.15,33.44,760
2026-03-25 08:30:00,33.38,33.72,33.38,33.5,5326
2026-03-25 08:35:00,33.51,33.51,33.4,33.43,3030
2026-03-25 08:40:00,33.53,33.53,33.4,33.44,2239
2026-03-25 08:45:00,33.43,33.43,33.43,33.43,140
2026-03-25 08:55:00,33.16,33.16,33.16,33.16,100
2026-03-25 09:00:00,33.22,33.25,33.03,33.06,2314
2026-03-25 09:05:00,33.05,33.07,32.99,33.04,2001
2026-03-25 09:10:00,33.11,33.12,33.11,33.12,484
2026-03-25 09:15:00,33.13,33.13,33.1,33.12,4262
2026-03-25 09:20:00,33.13,33.14,33.1,33.1,530
2026-03-25 09:25:00,33.03,33.03,32.98,32.98,521
2026-03-25 09:30:00,32.95,33,32.71,32.82,112011
2026-03-25 09:35:00,32.83,32.87,32.65,32.83,35361
2026-03-25 09:40:00,32.83,33.02,32.68,32.99,32748
2026-03-25 09:45:00,32.985,33.19,32.95,33.19,58413
2026-03-25 09:50:00,33.2,33.43,33.18,33.43,49415
2026-03-25 09:55:00,33.44,33.45,33.17,33.45,52563
2026-03-25 10:00:00,33.45,33.69,33.27,33.33,31756
2026-03-25 10:05:00,33.36,33.41,33.17,33.27,34165
2026-03-25 10:10:00,33.25,33.37,33.035,33.035,50352
2026-03-25 10:15:00,33.05,33.11,32.9,33.01,28941
2026-03-25 10:20:00,33,33.26,32.88,33.235,41876
2026-03-25 10:25:00,33.22,33.26,32.86,33.21,92131
2026-03-25 10:30:00,33.16,33.3,32.99,32.99,15711
2026-03-25 10:35:00,32.92,33.17,32.92,33.13,102290
2026-03-25 10:40:00,33.09,33.13,32.9135,32.99,18621
2026-03-25 10:45:00,33,33,32.91,32.9291,30874
2026-03-25 10:50:00,32.93,33.01,32.89,32.99,13313
2026-03-25 10:55:00,32.98,33.04,32.9,33.0001,13449
2026-03-25 11:00:00,33.01,33.075,32.95,32.975,18580
2026-03-25 11:05:00,32.98,33.21,32.98,33.21,57278
2026-03-25 11:10:00,33.14,33.47,33.13,33.47,33332
2026-03-25 11:15:00,33.5,34.02,33.34,33.81,66271
2026-03-25 11:20:00,33.82,33.82,33.31,33.38,17694
2026-03-25 11:25:00,33.39,33.475,33.23,33.23,14595
2026-03-25 11:30:00,33.22,33.34,33.18,33.34,15112
2026-03-25 11:35:00,33.33,33.615,33.33,33.6115,21790
2026-03-25 11:40:00,33.61,33.7,33.51,33.56,23781
2026-03-25 11:45:00,33.58,33.68,33.54,33.63,8025
2026-03-25 11:50:00,33.63,33.71,33.5514,33.64,9312
2026-03-25 11:55:00,33.64,33.71,33.42,33.55,18977
2026-03-25 12:00:00,33.57,33.7,33.55,33.7,11868
2026-03-25 12:05:00,33.7,33.78,33.6,33.6199,16410
2026-03-25 12:10:00,33.62,33.74,33.55,33.59,12717
2026-03-25 12:15:00,33.59,33.68,33.57,33.6299,13352
2026-03-25 12:20:00,33.635,33.67,33.31,33.43,13823
2026-03-25 12:25:00,33.3,33.44,33.22,33.3,89989
2026-03-25 12:30:00,33.29,33.38,33.21,33.26,21850
2026-03-25 12:35:00,33.27,33.31,33.23,33.28,7250
2026-03-25 12:40:00,33.27,33.33,33.195,33.23,10600
2026-03-25 12:45:00,33.24,33.34,33.22,33.34,6342
2026-03-25 12:50:00,33.34,33.43,33.2,33.2,10745
2026-03-25 12:55:00,33.22,33.27,33.22,33.23,6421
2026-03-25 13:00:00,33.21,33.28,33.05,33.18,44282
2026-03-25 13:05:00,33.18,33.25,33.13,33.25,5310
2026-03-25 13:10:00,33.26,33.38,33.19,33.19,16842
2026-03-25 13:15:00,33.23,33.39,33.23,33.31,5891
2026-03-25 13:20:00,33.32,33.32,33.2,33.22,5810
2026-03-25 13:25:00,33.19,33.19,33.0501,33.1041,6760
2026-03-25 13:30:00,33.1,33.2,33.08,33.095,5535
2026-03-25 13:35:00,33.06,33.11,33.03,33.035,4600
2026-03-25 13:40:00,33.035,33.12,32.922,33.05,24642
2026-03-25 13:45:00,33.025,33.25,33.02,33.2486,9379
2026-03-25 13:50:00,33.26,33.4,33.15,33.39,25231
2026-03-25 13:55:00,33.4,33.43,33.14,33.35,35434
2026-03-25 14:00:00,33.36,33.4,33.29,33.29,9060
2026-03-25 14:05:00,33.29,33.32,33.21,33.3,4625
2026-03-25 14:10:00,33.31,33.32,33.21,33.21,5500
2026-03-25 14:15:00,33.2,33.22,33.1,33.2099,13703
2026-03-25 14:20:00,33.2,33.245,33.15,33.24,9573
2026-03-25 14:25:00,33.23,33.32,33.205,33.27,7476
2026-03-25 14:30:00,33.26,33.26,33.17,33.18,1850
2026-03-25 14:35:00,33.2,33.23,33.18,33.18,4864
2026-03-25 14:40:00,33.19,33.31,33.19,33.25,7300
2026-03-25 14:45:00,33.25,33.28,33.22,33.24,8276
2026-03-25 14:50:00,33.23,33.27,33.22,33.255,5026
2026-03-25 14:55:00,33.25,33.58,33.24,33.39,55564
2026-03-25 15:00:00,33.39,33.59,33.39,33.49,20813
2026-03-25 15:05:00,33.46,33.5,33.43,33.49,6554
2026-03-25 15:10:00,33.48,33.51,33.39,33.39,6766
2026-03-25 15:15:00,33.39,33.39,33.25,33.26,8153
2026-03-25 15:20:00,33.22,33.24,33.17,33.22,4860
2026-03-25 15:25:00,33.215,33.26,33.18,33.25,11462
2026-03-25 15:30:00,33.24,33.28,33.24,33.25,5362
2026-03-25 15:35:00,33.26,33.4,33.23,33.345,12381
2026-03-25 15:40:00,33.34,33.345,33.2,33.31,22716
2026-03-25 15:45:00,33.3,33.34,33.26,33.29,7254
2026-03-25 15:50:00,33.28,33.33,33.17,33.17,56320
2026-03-25 15:55:00,33.175,33.27,33.11,33.12,251719
2026-03-25 16:00:00,33.12,33.21,33.07,33.19,6852
2026-03-25 16:25:00,33.13,33.13,33.13,33.13,300
2026-03-25 16:30:00,33.25,33.25,33.24,33.24,250
2026-03-25 16:45:00,33.24,33.24,33.24,33.24,1000
2026-03-25 17:30:00,33.24,33.26,33.24,33.26,232
2026-03-25 18:00:00,33.16,33.1729,33.16,33.1729,200
2026-03-25 18:20:00,33.3165,33.3165,33.3165,33.3165,150
2026-03-25 19:05:00,33.31,33.31,33.31,33.31,156
2026-03-25 19:10:00,33.3443,33.3443,33.3443,33.3443,130
2026-03-25 19:15:00,33.41,33.41,33.41,33.41,200
2026-03-25 19:20:00,33.46,33.46,33.34,33.34,300
2026-03-25 19:25:00,33.4319,33.4319,33.4319,33.4319,501
2026-03-25 19:40:00,33.35,33.35,33.35,33.35,300
2026-03-25 19:45:00,33.44,33.44,33.4184,33.4184,475
2026-03-26 04:00:00,33.5,33.57,33.5,33.57,1213
2026-03-26 04:05:00,33.4,33.54,33.36,33.52,1139
2026-03-26 04:10:00,33.57,33.73,33.57,33.73,1566
2026-03-26 04:15:00,33.68,33.83,33.67,33.83,2497
2026-03-26 04:20:00,33.74,33.74,33.74,33.74,130
2026-03-26 04:25:00,33.88,33.88,33.87,33.87,591
2026-03-26 04:30:00,33.85,33.85,33.85,33.85,241
2026-03-26 04:35:00,33.9,33.95,33.9,33.95,250
2026-03-26 04:40:00,33.99,34.03,33.98,34.01,1541
2026-03-26 04:45:00,34.05,34.05,33.96,33.96,1231
2026-03-26 04:55:00,33.87,33.87,33.87,33.87,100
2026-03-26 05:00:00,33.98,34.03,33.98,34.03,330
2026-03-26 05:05:00,33.94,33.94,33.94,33.94,198
2026-03-26 05:20:00,33.94,33.94,33.94,33.94,200
2026-03-26 05:30:00,34.07,34.2,34.07,34.2,1563
2026-03-26 05:35:00,34.14,34.14,34.08,34.14,870
2026-03-26 05:40:00,34.06,34.06,34.04,34.04,330
2026-03-26 05:45:00,34.18,34.18,34.15,34.15,260
2026-03-26 05:50:00,34.13,34.15,34.04,34.09,860
2026-03-26 06:00:00,33.95,33.95,33.95,33.95,230
2026-03-26 06:05:00,33.72,33.72,33.71,33.72,1220
2026-03-26 06:15:00,33.71,33.85,33.71,33.82,720
2026-03-26 06:20:00,33.8,33.8,33.8,33.8,130
2026-03-26 06:25:00,33.7,33.7,33.69,33.69,1514
2026-03-26 06:30:00,33.7,33.73,33.65,33.65,3296
2026-03-26 06:35:00,33.73,33.84,33.73,33.84,398
2026-03-26 06:50:00,33.85,33.85,33.81,33.81,361
2026-03-26 06:55:00,33.87,33.88,33.87,33.88,430
2026-03-26 07:00:00,33.9,33.9,33.82,33.82,523
2026-03-26 07:05:00,33.81,33.82,33.79,33.82,830
2026-03-26 07:10:00,33.89,33.93,33.85,33.87,934
2026-03-26 07:15:00,33.95,33.95,33.95,33.95,200
2026-03-26 07:20:00,34,34,34,34,186
2026-03-26 07:25:00,34.03,34.09,34.02,34.06,920
2026-03-26 07:30:00,34.05,34.12,34.05,34.09,5453
2026-03-26 07:35:00,34.15,34.19,34.14,34.14,1523
2026-03-26 07:40:00,34.19,34.229,34.19,34.229,1154
2026-03-26 07:45:00,34.15,34.15,34.14,34.14,600
2026-03-26 07:50:00,34.14,34.14,34.1,34.1,1394
2026-03-26 08:00:00,33.8884,34.36,33.18,34.36,17103
2026-03-26 08:05:00,34.3,34.3057,34.09,34.2781,7841
2026-03-26 08:10:00,34.2,34.2,34.11,34.11,790
2026-03-26 08:15:00,34.1,34.1,34.07,34.07,673
2026-03-26 08:20:00,34.1,34.1,34.1,34.1,1703
2026-03-26 08:25:00,34.12,34.16,34.12,34.12,2546
2026-03-26 08:30:00,34.23,34.3,34.23,34.3,400
2026-03-26 08:35:00,34.28,34.28,34.28,34.28,100
2026-03-26 08:40:00,34.21,34.3,34.21,34.24,1757
2026-03-26 08:45:00,34.2333,34.2333,34.21,34.21,752
2026-03-26 08:50:00,34.16,34.25,34.16,34.25,13884
2026-03-26 08:55:00,34.13,34.22,34.12,34.12,812
2026-03-26 09:00:00,34.11,34.11,33.9,33.93,4030
2026-03-26 09:05:00,33.95,34.01,33.85,33.9632,7245
2026-03-26 09:10:00,33.9272,33.9272,33.78,33.78,598
2026-03-26 09:15:00,33.95,33.95,33.77,33.81,1520
2026-03-26 09:20:00,33.82,33.82,33.82,33.82,449
2026-03-26 09:25:00,33.93,33.94,33.86,33.909,2700
2026-03-26 09:30:00,33.87,34.1,33.83,33.99,68356
2026-03-26 09:35:00,34.05,34.39,34,34.38,36065
2026-03-26 09:40:00,34.41,34.41,34,34,33758
2026-03-26 09:45:00,34.01,34.01,33.6801,33.83,58617
2026-03-26 09:50:00,33.82,33.82,33.53,33.6,19491
2026-03-26 09:55:00,33.66,34.07,33.66,33.71,30897
2026-03-26 10:00:00,33.68,33.85,33.6601,33.8,38781
2026-03-26 10:05:00,33.82,33.89,33.65,33.77,34806
2026-03-26 10:10:00,33.76,33.8,33.52,33.52,21002
2026-03-26 10:15:00,33.51,33.59,33.42,33.58,10278
2026-03-26 10:20:00,33.58,33.6,33.39,33.505,14771
2026-03-26 10:25:00,33.53,33.69,33.5,33.68,21049
2026-03-26 10:30:00,33.68,33.68,33.52,33.52,12942
2026-03-26 10:35:00,33.54,33.78,33.53,33.68,8528
2026-03-26 10:40:00,33.67,33.98,33.39,33.92,82014
2026-03-26 10:45:00,33.93,34.1501,33.87,34.11,57159
2026-03-26 10:50:00,34.11,34.39,34.02,34.39,24812
2026-03-26 10:55:00,34.4,34.5,34.26,34.3,52730
2026-03-26 11:00:00,34.29,34.29,34.1,34.22,157728
2026-03-26 11:05:00,34.22,34.25,34.06,34.2,34984
2026-03-26 11:10:00,34.15,34.185,34.08,34.185,10986
2026-03-26 11:15:00,34.16,34.35,34.15,34.29,9908
2026-03-26 11:20:00,34.28,34.28,34.19,34.22,20418
2026-03-26 11:25:00,34.21,34.32,34.19,34.27,18040
2026-03-26 11:30:00,34.3,34.44,34.3,34.36,16115
2026-03-26 11:35:00,34.37,34.39,34.3,34.31,10615
2026-03-26 11:40:00,34.3399,34.45,34.28,34.4322,7232
2026-03-26 11:45:00,34.42,34.425,34.19,34.28,30459
2026-03-26 11:50:00,34.28,34.3,34.22,34.27,11695
2026-03-26 11:55:00,34.27,34.37,34.27,34.305,12207
2026-03-26 12:00:00,34.36,34.41,34.32,34.3793,17643
2026-03-26 12:05:00,34.38,34.42,34.28,34.33,14715
2026-03-26 12:10:00,34.31,34.42,34.29,34.34,6977
2026-03-26 12:15:00,34.34,34.64,34.34,34.46,21159
2026-03-26 12:20:00,34.47,34.67,34.47,34.5801,15311
2026-03-26 12:25:00,34.565,34.795,34.565,34.76,44752
2026-03-26 12:30:00,34.78,34.92,34.72,34.77,34927
2026-03-26 12:35:00,34.76,34.77,34.68,34.76,14609
2026-03-26 12:40:00,34.74,34.74,34.63,34.65,15623
2026-03-26 12:45:00,34.65,34.82,34.6,34.79,32901
2026-03-26 12:50:00,34.765,34.81,34.62,34.62,47953
2026-03-26 12:55:00,34.635,34.68,34.58,34.58,5201
2026-03-26 13:00:00,34.59,34.71,34.5299,34.6801,37422
2026-03-26 13:05:00,34.71,34.73,34.65,34.67,5514
2026-03-26 13:10:00,34.7,34.82,34.7,34.82,12522
2026-03-26 13:15:00,34.84,34.84,34.75,34.8293,5660
2026-03-26 13:20:00,34.83,35.09,34.81,35.067,42135
2026-03-26 13:25:00,35.07,35.15,34.98,34.98,24706
2026-03-26 13:30:00,34.98,35.0901,34.94,34.97,12356
2026-03-26 13:35:00,34.94,35.07,34.93,35.07,5743
2026-03-26 13:40:00,35.08,35.2,35.07,35.17,12270
2026-03-26 13:45:00,35.145,35.22,35.11,35.16,13931
2026-03-26 13:50:00,35.18,35.26,35.16,35.25,15988
2026-03-26 13:55:00,35.25,35.34,35.21,35.32,22296
2026-03-26 14:00:00,35.32,35.32,35.21,35.28,28286
2026-03-26 14:05:00,35.28,35.33,35.22,35.22,33183
2026-03-26 14:10:00,35.21,35.32,35.2,35.315,25346
2026-03-26 14:15:00,35.32,35.4,35.32,35.38,16956
2026-03-26 14:20:00,35.39,35.43,35.28,35.28,17299
2026-03-26 14:25:00,35.265,35.42,35.24,35.385,13036
2026-03-26 14:30:00,35.36,35.36,35.25,35.27,20889
2026-03-26 14:35:00,35.26,35.31,35.16,35.18,28748
2026-03-26 14:40:00,35.175,35.27,35.16,35.21,11595
2026-03-26 14:45:00,35.21,35.24,35.095,35.1,20192
2026-03-26 14:50:00,35.1,35.12,34.955,34.955,49115
2026-03-26 14:55:00,34.99,35.11,34.97,35,15271
2026-03-26 15:00:00,34.99,35.22,34.985,35.175,22686
2026-03-26 15:05:00,35.17,35.31,35.17,35.28,15782
2026-03-26 15:10:00,35.25,35.36,35.25,35.32,19578
2026-03-26 15:15:00,35.32,35.33,35.17,35.24,18173
2026-03-26 15:20:00,35.25,35.31,35.22,35.29,15476
2026-03-26 15:25:00,35.295,35.37,35.22,35.22,26811
2026-03-26 15:30:00,35.21,35.42,35.2,35.39,42881
2026-03-26 15:35:00,35.385,35.395,35.3,35.34,22012
2026-03-26 15:40:00,35.34,35.43,35.28,35.41,18225
2026-03-26 15:45:00,35.39,35.525,35.39,35.415,67678
2026-03-26 15:50:00,35.4,35.52,35.34,35.52,69823
2026-03-26 15:55:00,35.515,35.56,35.4,35.52,151308
2026-03-26 16:00:00,35.49,35.62,35.47,35.62,21434
2026-03-26 16:05:00,35.64,35.64,35.506,35.53,400
2026-03-26 16:10:00,35.48,35.48,34.28,34.5576,2365
2026-03-26 16:15:00,34.915,35.03,34.61,34.7024,6341
2026-03-26 16:20:00,34.93,35.2199,34.86,34.86,1000
2026-03-26 16:25:00,35,35.37,35,35.37,583
2026-03-26 16:35:00,34.72,34.85,34.576,34.576,4292
2026-03-26 16:40:00,34.67,34.67,34.66,34.66,682
2026-03-26 16:45:00,34.77,34.77,34.77,34.77,1100
2026-03-26 16:50:00,34.76,34.9,34.76,34.85,1438
2026-03-26 16:55:00,34.94,35.1,34.94,35.04,12300
2026-03-26 17:05:00,35.09,35.1,34.99,34.99,1123
2026-03-26 17:10:00,35.08,35.08,35.08,35.08,100
2026-03-26 17:20:00,34.99,35,34.99,35,300
2026-03-26 17:25:00,34.99,34.99,34.99,34.99,100
2026-03-26 17:35:00,35.1,35.1,35.1,35.1,100
2026-03-26 17:50:00,34.91,34.91,34.91,34.91,100
2026-03-26 18:00:00,34.99,35,34.88,34.9,10559
2026-03-26 18:05:00,34.89,34.91,34.89,34.91,200
2026-03-26 18:10:00,34.93,34.93,34.93,34.93,100
2026-03-26 18:15:00,34.86,34.86,34.86,34.86,100
2026-03-26 18:20:00,34.86,34.86,34.86,34.86,100
2026-03-26 18:25:00,34.91,34.99,34.88,34.88,703
2026-03-26 18:30:00,34.9857,35,34.9857,35,325
2026-03-26 18:40:00,34.87,34.87,34.87,34.87,500
2026-03-26 18:45:00,34.88,34.88,34.88,34.88,100
2026-03-26 18:50:00,34.84,34.88,34.84,34.88,1300
2026-03-26 19:00:00,34.81,34.81,34.81,34.81,350
2026-03-26 19:05:00,34.831,34.831,34.831,34.831,600
2026-03-26 19:10:00,34.89,34.91,34.85,34.85,1192
2026-03-26 19:20:00,34.93,34.93,34.93,34.93,100
2026-03-26 19:35:00,34.86,34.86,34.86,34.86,100
2026-03-26 19:40:00,34.76,34.76,34.76,34.76,125
2026-03-26 19:45:00,34.79,34.8,34.79,34.8,300
2026-03-26 19:50:00,34.79,34.79,34.76,34.76,200
2026-03-26 19:55:00,34.7103,34.73,34.7103,34.73,240
2026-03-27 04:00:00,35.04,35.16,35.04,35.16,1600
2026-03-27 04:05:00,35.34,35.34,35.34,35.34,130
2026-03-27 04:10:00,35.37,35.37,35.37,35.37,400
2026-03-27 04:15:00,35.38,35.42,35.38,35.42,1754
2026-03-27 04:20:00,35.48,35.5,35.34,35.36,1278
2026-03-27 04:25:00,35.55,35.67,35.51,35.67,1582
2026-03-27 04:30:00,35.6,35.62,35.56,35.56,614
2026-03-27 04:35:00,35.56,35.65,35.56,35.61,1563
2026-03-27 04:40:00,35.7,35.7,35.67,35.67,400
2026-03-27 04:45:00,35.64,35.64,35.63,35.63,200
2026-03-27 04:55:00,35.73,35.73,35.67,35.67,390
2026-03-27 05:00:00,35.68,35.8,35.64,35.8,2605
2026-03-27 05:05:00,35.79,35.86,35.79,35.86,2180
2026-03-27 05:10:00,35.88,35.89,35.8,35.8,1264
2026-03-27 05:15:00,35.78,35.8,35.78,35.8,393
2026-03-27 05:25:00,35.49,35.51,35.49,35.5,604
2026-03-27 05:30:00,35.4,35.4,35.4,35.4,100
2026-03-27 05:35:00,35.53,35.53,35.53,35.53,100
2026-03-27 05:40:00,35.6,35.6,35.6,35.6,100
2026-03-27 05:45:00,35.55,35.63,35.55,35.63,300
2026-03-27 05:50:00,35.68,35.68,35.68,35.68,130
2026-03-27 05:55:00,35.64,35.64,35.64,35.64,488
2026-03-27 06:00:00,35.69,35.74,35.67,35.69,679
2026-03-27 06:05:00,35.61,35.61,35.6,35.6,260
2026-03-27 06:10:00,35.64,35.64,35.64,35.64,130
2026-03-27 06:15:00,35.75,35.75,35.68,35.68,230
2026-03-27 06:20:00,35.7,35.7,35.7,35.7,100
2026-03-27 06:25:00,35.58,35.58,35.58,35.58,100
2026-03-27 06:30:00,35.59,35.59,35.59,35.59,130
2026-03-27 06:40:00,35.83,35.86,35.74,35.74,2841
2026-03-27 06:45:00,35.87,35.93,35.87,35.87,1183
2026-03-27 06:50:00,35.9,36,35.9,36,1720
2026-03-27 06:55:00,35.99,36.2,35.99,36.18,6626
2026-03-27 07:00:00,36.11,36.32,36.06,36.27,5440
2026-03-27 07:05:00,36.27,36.31,36.19,36.25,2126
2026-03-27 07:10:00,36.26,36.32,36.26,36.32,1360
2026-03-27 07:15:00,36.21,36.28,36.21,36.28,2110
2026-03-27 07:20:00,36.28,36.3,36.2,36.2,1964
2026-03-27 07:25:00,36.23,36.24,36.14,36.14,1100
2026-03-27 07:30:00,36.14,36.14,36.14,36.14,100
2026-03-27 07:35:00,36.2,36.2,36.14,36.14,200
2026-03-27 07:40:00,36.18,36.18,36.12,36.12,619
2026-03-27 07:45:00,36.02,36.05,36.02,36.05,891
2026-03-27 07:50:00,36,36.05,36,36.03,1607
2026-03-27 07:55:00,35.96,36.1,35.96,36.1,1918
2026-03-27 08:00:00,36.0917,36.3103,34.6,36.17,27150
2026-03-27 08:05:00,36.21,36.26,36.2,36.24,1900
2026-03-27 08:10:00,36.24,36.27,36.23,36.23,900
2026-03-27 08:15:00,36.21,36.21,36.11,36.11,3123
2026-03-27 08:20:00,36.26,36.26,36.21,36.21,1464
2026-03-27 08:25:00,36.14,36.14,36.13,36.13,590
2026-03-27 08:30:00,36.24,36.3,36.2,36.3,900
2026-03-27 08:35:00,36.26,36.28,36.2,36.2,2791
2026-03-27 08:40:00,36.24,36.28,36.23,36.28,4156
2026-03-27 08:45:00,36.32,36.32,36.32,36.32,365
2026-03-27 08:50:00,36.27,36.27,36.16,36.2,1703
2026-03-27 08:55:00,36.22,36.3,36.21,36.28,2860
2026-03-27 09:00:00,36.2736,36.46,36.2736,36.33,2672
2026-03-27 09:05:00,36.38,36.4,36.3,36.4,876
2026-03-27 09:10:00,36.42,36.42,36.33,36.35,1607
2026-03-27 09:15:00,36.31,36.31,36.25,36.2678,1986
2026-03-27 09:20:00,36.29,36.32,36.24,36.32,1364
2026-03-27 09:25:00,36.12,36.15,36.1,36.15,3950
2026-03-27 09:30:00,36.07,36.62,36.04,36.57,134230
2026-03-27 09:35:00,36.53,36.86,36.52,36.73,78375
2026-03-27 09:40:00,36.75,36.85,36.56,36.63,42818
2026-03-27 09:45:00,36.64,36.64,36.3201,36.455,69089
2026-03-27 09:50:00,36.455,37.03,36.45,36.99,59799
2026-03-27 09:55:00,37.06,37.21,37.01,37.05,52534
2026-03-27 10:00:00,37.09,37.25,37.01,37.015,51484
2026-03-27 10:05:00,37.07,37.28,36.99,37.25,32791
2026-03-27 10:10:00,37.2,37.21,36.88,36.93,38345
2026-03-27 10:15:00,36.985,37.015,36.77,36.81,48461
2026-03-27 10:20:00,36.76,37.08,36.705,37.03,14701
2026-03-27 10:25:00,37.02,37.21,36.92,37.18,20610
2026-03-27 10:30:00,37.18,37.2,36.91,36.92,24249
2026-03-27 10:35:00,36.93,37.14,36.9,37.09,17244
2026-03-27 10:40:00,37.11,37.15,37.02,37.02,22316
2026-03-27 10:45:00,37.0327,37.14,36.55,36.55,23749
2026-03-27 10:50:00,36.57,36.72,36.47,36.69,50170
2026-03-27 10:55:00,36.66,36.69,36.55,36.59,11593
2026-03-27 11:00:00,36.57,36.59,36.4,36.42,18976
2026-03-27 11:05:00,36.4,36.58,36.3,36.52,30965
2026-03-27 11:10:00,36.53,36.5999,36.49,36.59,4866
2026-03-27 11:15:00,36.62,36.77,36.6,36.69,14081
2026-03-27 11:20:00,36.7,36.765,36.13,36.47,55901
2026-03-27 11:25:00,36.43,36.47,36.22,36.26,25849
2026-03-27 11:30:00,36.23,36.25,35.97,36,46559
2026-03-27 11:35:00,35.96,36.18,35.93,36.14,28087
2026-03-27 11:40:00,36.15,36.36,36.15,36.25,13803
2026-03-27 11:45:00,36.24,36.2899,36.185,36.185,31956
2026-03-27 11:50:00,36.2,36.42,36.13,36.3793,15282
2026-03-27 11:55:00,36.39,36.61,36.36,36.59,10434
2026-03-27 12:00:00,36.61,36.71,36.57,36.7,4845
2026-03-27 12:05:00,36.73,36.88,36.73,36.88,8698
2026-03-27 12:10:00,36.88,36.92,36.76,36.8,12798
2026-03-27 12:15:00,36.74,36.88,36.74,36.84,6113
2026-03-27 12:20:00,36.785,36.94,36.78,36.94,7713
2026-03-27 12:25:00,36.9681,37.1,36.9681,37.0137,16891
2026-03-27 12:30:00,36.96,37.04,36.96,37.03,15292
2026-03-27 12:35:00,37.06,37.17,37.03,37.1492,13346
2026-03-27 12:40:00,37.18,37.2,36.98,37.04,8259
2026-03-27 12:45:00,37.07,37.07,36.75,36.77,12612
2026-03-27 12:50:00,36.8128,36.94,36.79,36.9001,6770
2026-03-27 12:55:00,36.93,36.93,36.87,36.8862,3386
2026-03-27 13:00:00,36.88,36.98,36.86,36.96,10577
2026-03-27 13:05:00,36.96,36.99,36.59,36.78,57847
2026-03-27 13:10:00,36.79,36.95,36.79,36.87,5294
2026-03-27 13:15:00,36.86,37.03,36.86,37.01,4721
2026-03-27 13:20:00,37.07,37.1,37.04,37.05,6560
2026-03-27 13:25:00,37.06,37.28,37.06,37.265,20174
2026-03-27 13:30:00,37.28,37.28,37.165,37.18,13319
2026-03-27 13:35:00,37.21,37.2401,37.16,37.235,8803
2026-03-27 13:40:00,37.26,37.42,37.23,37.42,9350
2026-03-27 13:45:00,37.4,37.47,37.33,37.46,15244
2026-03-27 13:50:00,37.49,37.54,37.43,37.51,24334
2026-03-27 13:55:00,37.5,37.64,37.5,37.53,16861
2026-03-27 14:00:00,37.53,37.71,37.53,37.71,12730
2026-03-27 14:05:00,37.71,37.81,37.66,37.81,16056
2026-03-27 14:10:00,37.8,37.86,37.71,37.74,14929
2026-03-27 14:15:00,37.76,37.84,37.575,37.58,28541
2026-03-27 14:20:00,37.58,37.72,37.57,37.71,14265
2026-03-27 14:25:00,37.72,37.8,37.66,37.7,12337
2026-03-27 14:30:00,37.69,37.79,37.625,37.76,10859
2026-03-27 14:35:00,37.79,37.86,37.73,37.805,8012
2026-03-27 14:40:00,37.8,37.91,37.6,37.79,29554
2026-03-27 14:45:00,37.82,37.925,37.78,37.925,16102
2026-03-27 14:50:00,37.9,38.01,37.87,37.94,30178
2026-03-27 14:55:00,37.945,38,37.85,37.86,13614
2026-03-27 15:00:00,37.81,37.91,37.77,37.9,18045
2026-03-27 15:05:00,37.88,37.96,37.85,37.915,15622
2026-03-27 15:10:00,37.92,37.96,37.74,37.76,218048
2026-03-27 15:15:00,37.77,37.82,37.58,37.58,22302
2026-03-27 15:20:00,37.61,37.6583,37.52,37.57,12258
2026-03-27 15:25:00,37.58,37.66,37.57,37.655,18249
2026-03-27 15:30:00,37.63,37.78,37.6,37.64,30970
2026-03-27 15:35:00,37.63,37.8203,37.63,37.74,46177
2026-03-27 15:40:00,37.75,37.94,37.73,37.915,17617
2026-03-27 15:45:00,37.92,38.3414,37.92,38.26,88382
2026-03-27 15:50:00,38.26,38.47,38.215,38.28,142287
2026-03-27 15:55:00,38.26,38.29,38.01,38.29,369681
2026-03-27 16:00:00,38.27,38.36,37.88,38.16,21786
2026-03-27 16:05:00,38.22,38.22,38.17,38.17,862
2026-03-27 16:10:00,38.1721,38.18,38.1,38.1721,3412
2026-03-27 16:15:00,37.9559,38.05,37.9559,38.02,1770
2026-03-27 16:20:00,38.1404,38.24,38.1404,38.24,350
2026-03-27 16:25:00,38.13,38.13,38,38.12,2050
2026-03-27 16:30:00,38.13,38.19,38.13,38.19,614
2026-03-27 16:35:00,38.19,38.2,38.17,38.18,588
2026-03-27 16:40:00,38.01,38.01,37.9219,37.9219,1148
2026-03-27 16:50:00,38.0169,38.1,38,38.1,875
2026-03-27 16:55:00,37.8812,37.8812,37.8812,37.8812,152
2026-03-27 17:00:00,38.04,38.07,38.04,38.04,600
2026-03-27 17:15:00,38.2393,38.24,38.2393,38.24,5200
2026-03-27 17:40:00,38.1,38.1,38.046,38.09,1600
2026-03-27 17:45:00,38.08,38.09,38.02,38.03,2258
2026-03-27 17:50:00,38.03,38.05,38,38.05,482
2026-03-27 17:55:00,38.03,38.04,38.03,38.04,300
2026-03-27 18:10:00,38.17,38.18,38.15,38.18,999
2026-03-27 18:20:00,38.14,38.15,38.14,38.15,200
2026-03-27 18:35:00,38.12,38.12,38.12,38.12,400
2026-03-27 18:40:00,38.09,38.09,38.06,38.06,300
2026-03-27 18:45:00,38.07,38.08,38.07,38.08,200
2026-03-27 18:55:00,38.11,38.11,38.06,38.06,1100
2026-03-27 19:00:00,38.06,38.07,38.06,38.07,600
2026-03-27 19:10:00,38.16,38.22,38.11,38.12,1566
2026-03-27 19:20:00,38.17,38.17,38.1434,38.1434,1519
2026-03-27 19:25:00,38.15,38.18,38.15,38.18,889
2026-03-27 19:30:00,38.22,38.24,38.17,38.24,3800
2026-03-27 19:40:00,38.26,38.28,38.26,38.28,400
2026-03-27 19:45:00,38.28,38.34,38.28,38.34,400
2026-03-27 19:50:00,38.34,38.35,38.33,38.35,1000
2026-03-27 19:55:00,38.35,38.35,38.1208,38.1208,976
2026-03-30 04:00:00,38.38,38.38,37.34,37.6,3322
2026-03-30 04:35:00,37.4,37.41,37.37,37.37,520
2026-03-30 04:45:00,37.43,37.43,37.43,37.43,400
2026-03-30 04:50:00,37.39,37.39,37.39,37.39,276
2026-03-30 04:55:00,37.37,37.37,37.37,37.37,190
2026-03-30 05:00:00,37.37,37.37,37.37,37.37,145
2026-03-30 05:05:00,37.36,37.36,37.36,37.36,255
2026-03-30 05:15:00,37.41,37.41,37.41,37.41,130
2026-03-30 05:40:00,37.44,37.44,37.44,37.44,100
2026-03-30 05:45:00,37.44,37.44,37.44,37.44,300
2026-03-30 05:50:00,37.42,37.42,37.42,37.42,200
2026-03-30 05:55:00,37.5,37.5,37.5,37.5,136
2026-03-30 06:10:00,37.36,37.5,37.36,37.5,800
2026-03-30 06:35:00,37.42,37.42,37.42,37.42,130
2026-03-30 06:40:00,37.48,37.48,37.48,37.48,130
2026-03-30 06:50:00,37.4,37.4,37.25,37.25,421
2026-03-30 07:00:00,37.3609,37.3709,37.17,37.27,1556
2026-03-30 07:05:00,37.231,37.25,37.231,37.25,800
2026-03-30 07:10:00,37.25,37.28,37.25,37.28,450
2026-03-30 07:15:00,37.2,37.2,37.04,37.04,3633
2026-03-30 07:20:00,37.08,37.08,36.9704,36.9704,776
2026-03-30 07:25:00,36.96,36.99,36.37,36.8735,10321
2026-03-30 07:30:00,36.82,37,36.82,36.95,2438
2026-03-30 07:35:00,36.93,37,36.93,37,500
2026-03-30 07:40:00,37.0697,37.0997,37.013,37.03,1250
2026-03-30 07:45:00,37.03,37.03,37.02,37.03,693
2026-03-30 07:50:00,37,37.07,37,37.07,1480
2026-03-30 08:00:00,37.2,37.2,37.2,37.2,420
2026-03-30 08:05:00,37,37,37,37,700
2026-03-30 08:10:00,37.05,37.08,37.05,37.06,474
2026-03-30 08:15:00,37.05,37.05,36.95,36.96,1130
2026-03-30 08:20:00,36.95,36.95,36.8,36.8,2250
2026-03-30 08:25:00,36.8,36.86,36.76,36.86,1270
2026-03-30 08:30:00,36.8252,36.83,36.8252,36.83,350
2026-03-30 08:35:00,36.82,36.82,36.82,36.82,130
2026-03-30 08:40:00,36.7347,36.7347,36.72,36.72,300
2026-03-30 08:45:00,36.7011,36.7011,36.69,36.69,685
2026-03-30 08:55:00,36.75,36.8,36.75,36.75,1279
2026-03-30 09:00:00,36.65,36.65,36.65,36.65,714
2026-03-30 09:05:00,36.66,36.7153,36.66,36.7153,2126
2026-03-30 09:10:00,36.75,36.75,36.749,36.75,450
2026-03-30 09:15:00,36.65,36.72,36.65,36.72,1080
2026-03-30 09:20:00,36.679,36.679,36.65,36.65,502
2026-03-30 09:25:00,36.71,36.72,36.62,36.7,22458
2026-03-30 09:30:00,36.61,36.92,36.61,36.92,80536
2026-03-30 09:35:00,36.9,37.16,36.9,37.12,48741
2026-03-30 09:40:00,37.13,37.225,36.94,37.01,44104
2026-03-30 09:45:00,37.03,37.29,36.97,37.22,23609
2026-03-30 09:50:00,37.25,37.27,37,37.2,25654
2026-03-30 09:55:00,37.2,37.4899,37.172,37.45,94424
2026-03-30 10:00:00,37.44,37.44,37.16,37.23,34025
2026-03-30 10:05:00,37.22,37.38,37.15,37.15,17473
2026-03-30 10:10:00,37.15,37.24,36.96,37.04,72876
2026-03-30 10:15:00,37.02,37.3,37,37.23,92154
2026-03-30 10:20:00,37.21,37.33,37.13,37.17,23730
2026-03-30 10:25:00,37.17,37.38,37.14,37.34,17124
2026-03-30 10:30:00,37.33,37.34,37.15,37.2799,19111
2026-03-30 10:35:00,37.27,37.495,37.24,37.3,26602
2026-03-30 10:40:00,37.3,37.61,37.26,37.58,26480
2026-03-30 10:45:00,37.59,37.61,37.12,37.38,51144
2026-03-30 10:50:00,37.36,37.51,37.35,37.39,24779
2026-03-30 10:55:00,37.38,37.47,37.04,37.04,19975
2026-03-30 11:00:00,37.045,37.045,36.78,36.78,42523
2026-03-30 11:05:00,36.765,37.1587,36.69,37.1,25387
2026-03-30 11:10:00,37.07,37.19,37.03,37.18,11234
2026-03-30 11:15:00,37.18,37.34,37.15,37.16,12827
2026-03-30 11:20:00,37.15,37.22,37.07,37.09,12042
2026-03-30 11:25:00,37.08,37.22,37.03,37.21,10274
2026-03-30 11:30:00,37.2,37.25,36.82,36.83,12703
2026-03-30 11:35:00,36.81,36.93,36.76,36.93,28904
2026-03-30 11:40:00,36.94,36.96,36.83,36.84,10915
2026-03-30 11:45:00,36.825,36.94,36.825,36.87,18982
2026-03-30 11:50:00,36.88,36.88,36.77,36.81,20898
2026-03-30 11:55:00,36.86,37.08,36.84,37.03,34204
2026-03-30 12:00:00,37.03,37.31,37.01,37.265,19202
2026-03-30 12:05:00,37.23,37.26,37.1435,37.2,16385
2026-03-30 12:10:00,37.22,37.22,37.04,37.06,11462
2026-03-30 12:15:00,37.06,37.2,37.05,37.2,10718
2026-03-30 12:20:00,37.18,37.3125,37.14,37.3,11734
2026-03-30 12:25:00,37.26,37.425,37.25,37.4,18992
2026-03-30 12:30:00,37.43,37.435,37.31,37.32,20309
2026-03-30 12:35:00,37.35,37.38,37.22,37.275,12226
2026-03-30 12:40:00,37.28,37.48,37.28,37.43,13591
2026-03-30 12:45:00,37.48,37.48,37.41,37.4705,6525
2026-03-30 12:50:00,37.48,37.49,37.4,37.47,5175
2026-03-30 12:55:00,37.505,37.56,37.45,37.45,7060
2026-03-30 13:00:00,37.46,37.59,37.37,37.59,17136
2026-03-30 13:05:00,37.58,37.58,37.3815,37.42,7503
2026-03-30 13:10:00,37.41,37.67,37.41,37.65,12090
2026-03-30 13:15:00,37.6679,37.87,37.6679,37.815,19972
2026-03-30 13:20:00,37.83,38.07,37.76,38.04,30183
2026-03-30 13:25:00,38.04,38.14,38,38.1,18722
2026-03-30 13:30:00,38.09,38.21,38.09,38.1901,24347
2026-03-30 13:35:00,38.18,38.24,37.88,37.89,24297
2026-03-30 13:40:00,37.9,37.98,37.75,37.75,38237
2026-03-30 13:45:00,37.77,37.88,37.58,37.875,65540
2026-03-30 13:50:00,37.87,37.9,37.77,37.85,40270
2026-03-30 13:55:00,37.84,37.97,37.84,37.88,33296
2026-03-30 14:00:00,37.88,37.91,37.81,37.89,7617
2026-03-30 14:05:00,37.87,38.02,37.82,37.98,13406
2026-03-30 14:10:00,38.02,38.02,37.79,37.79,13432
2026-03-30 14:15:00,37.82,37.89,37.68,37.69,17825
2026-03-30 14:20:00,37.67,37.77,37.62,37.76,8555
2026-03-30 14:25:00,37.76,38.02,37.76,38.01,15932
2026-03-30 14:30:00,38.02,38.02,37.8,37.85,19264
2026-03-30 14:35:00,37.79,37.84,37.67,37.84,12944
2026-03-30 14:40:00,37.86,37.9,37.81,37.86,10891
2026-03-30 14:45:00,37.845,37.88,37.78,37.87,9350
2026-03-30 14:50:00,37.87,38.01,37.86,37.96,9725
2026-03-30 14:55:00,37.955,38.0899,37.93,38,6027
2026-03-30 15:00:00,37.96,38.09,37.93,38.04,17717
2026-03-30 15:05:00,38.06,38.32,38.055,38.32,34800
2026-03-30 15:10:00,38.32,38.54,38.31,38.51,95363
2026-03-30 15:15:00,38.49,38.5099,38.35,38.44,48434
2026-03-30 15:20:00,38.4,38.51,38.37,38.48,21510
2026-03-30 15:25:00,38.515,38.59,38.5,38.53,54915
2026-03-30 15:30:00,38.5,38.5,38.34,38.39,22539
2026-03-30 15:35:00,38.3713,38.3713,38.09,38.18,34024
2026-03-30 15:40:00,38.15,38.16,37.97,38.055,37636
2026-03-30 15:45:00,38.055,38.11,37.94,38.08,49618
2026-03-30 15:50:00,38.06,38.13,37.8,37.81,67092
2026-03-30 15:55:00,37.8,37.97,37.69,37.87,154845
2026-03-30 16:00:00,37.88,37.97,37.88,37.97,25336
2026-03-30 16:35:00,38.2117,38.2117,38.2117,38.2117,500
2026-03-30 16:40:00,38.13,38.13,38.11,38.11,497
2026-03-30 17:15:00,38,38,38,38,499
2026-03-30 17:40:00,38.15,38.15,38.15,38.15,100
2026-03-30 18:00:00,38,38,37.96,37.96,1283
2026-03-30 18:05:00,37.9,37.95,37.9,37.95,1224
2026-03-30 18:10:00,38,38,37.99,37.99,663
2026-03-30 18:15:00,37.99,37.99,37.99,37.99,400
2026-03-30 18:30:00,38.05,38.05,38.05,38.05,200
2026-03-30 18:40:00,38.06,38.06,38.06,38.06,790
2026-03-30 18:45:00,38.04,38.07,38.04,38.07,1595
2026-03-30 18:50:00,38.08,38.08,38.03,38.03,3385
2026-03-30 18:55:00,38.0535,38.06,38.0535,38.06,1493
2026-03-30 19:00:00,38.1,38.15,38.1,38.15,400
2026-03-30 19:05:00,38.44,38.44,38.44,38.44,304
2026-03-30 19:10:00,38.39,38.39,38.33,38.33,200
2026-03-30 19:15:00,38.34,38.4096,38.33,38.33,300
2026-03-30 19:20:00,38.32,38.32,38.27,38.28,1735
2026-03-30 19:25:00,38.24,38.24,38.24,38.24,100
2026-03-30 19:30:00,38.34,38.34,38.34,38.34,100
2026-03-30 19:40:00,38.37,38.37,38.37,38.37,100
2026-03-30 19:45:00,38.4551,38.4551,38.4551,38.4551,499
2026-03-30 19:55:00,38.46,38.48,38.46,38.48,400
2026-03-31 04:00:00,36.36,37,36.11,36.42,2929
2026-03-31 04:10:00,36.46,36.56,36.46,36.56,300
2026-03-31 04:15:00,36.52,36.52,36.52,36.52,270
2026-03-31 04:30:00,36.53,36.53,36.53,36.53,500
2026-03-31 04:40:00,36.53,36.53,36.53,36.53,400
2026-03-31 04:50:00,36.59,36.59,36.59,36.59,100
2026-03-31 05:00:00,36.4,36.47,36.4,36.47,200
2026-03-31 05:05:00,36.37,36.37,36.37,36.37,120
2026-03-31 05:15:00,36.44,36.44,36.44,36.44,350
2026-03-31 05:25:00,36.39,36.39,36.39,36.39,130
2026-03-31 05:35:00,36.43,36.43,36.43,36.43,153
2026-03-31 05:50:00,36.41,36.41,36.41,36.41,130
2026-03-31 06:05:00,36.41,36.41,36.41,36.41,100
2026-03-31 06:25:00,36.51,36.51,36.51,36.51,100
2026-03-31 06:40:00,36.7,36.74,36.69,36.74,760
2026-03-31 06:55:00,36.59,36.59,36.59,36.59,200
2026-03-31 07:00:00,36.58,36.58,36.5,36.5,660
2026-03-31 07:05:00,36.55,36.61,36.55,36.5843,822
2026-03-31 07:10:00,36.49,36.49,35.8,36.19,7132
2026-03-31 07:15:00,36.18,36.19,35.95,36.1,8384
2026-03-31 07:20:00,36.07,36.12,36,36.07,11666
2026-03-31 07:25:00,36.07,36.07,36.0443,36.0443,395
2026-03-31 07:35:00,36.27,36.27,36.14,36.14,679
2026-03-31 07:40:00,36.14,36.14,36.14,36.14,200
2026-03-31 07:50:00,36.21,36.24,36.19,36.24,1173
2026-03-31 07:55:00,36.18,36.18,36.18,36.18,130
2026-03-31 08:00:00,36.16,36.16,36.11,36.11,680
2026-03-31 08:05:00,36.11,36.11,35.95,35.95,1440
2026-03-31 08:10:00,36.02,36.3066,36.02,36.3066,2154
2026-03-31 08:15:00,36.44,36.5266,36.32,36.32,3686
2026-03-31 08:30:00,36.06,36.06,36,36,1194
2026-03-31 08:35:00,35.94,35.94,35.8811,35.8811,649
2026-03-31 08:40:00,35.97,35.97,35.82,35.82,15647
2026-03-31 08:45:00,35.9017,35.9017,35.9017,35.9017,400
2026-03-31 08:50:00,35.96,36,35.9,35.92,1799
2026-03-31 08:55:00,35.89,36.1127,35.89,36.1127,880
2026-03-31 09:00:00,36.2,36.28,36.18,36.28,2680
2026-03-31 09:05:00,36.23,36.23,36.09,36.09,2820
2026-03-31 09:10:00,36.0831,36.0831,36.0831,36.0831,500
2026-03-31 09:15:00,36.14,36.17,36.0616,36.0616,9650
2026-03-31 09:20:00,36.0894,36.16,36.08,36.16,1392
2026-03-31 09:25:00,36.22,36.22,36.08,36.09,3345
2026-03-31 09:30:00,36.17,36.245,35.91,36.03,176342
2026-03-31 09:35:00,36.03,36.3638,36.03,36.18,77564
2026-03-31 09:40:00,36.19,36.355,36.07,36.33,78071
2026-03-31 09:45:00,36.32,36.32,35.9001,35.9001,36866
2026-03-31 09:50:00,35.91,35.9698,35.7,35.71,76493
2026-03-31 09:55:00,35.72,35.9,35.68,35.71,25335
2026-03-31 10:00:00,35.71,35.795,35.63,35.73,36178
2026-03-31 10:05:00,35.73,36,35.73,35.99,36725
2026-03-31 10:10:00,35.97,35.97,35.78,35.85,12483
2026-03-31 10:15:00,35.86,35.89,35.64,35.7,14872
2026-03-31 10:20:00,35.7,35.85,35.67,35.7,12352
2026-03-31 10:25:00,35.72,35.74,35.65,35.71,12852
2026-03-31 10:30:00,35.71,35.74,35.65,35.72,14961
2026-03-31 10:35:00,35.7,35.98,35.68,35.9298,54331
2026-03-31 10:40:00,35.89,36.2,35.85,36.15,24621
2026-03-31 10:45:00,36.17,36.44,36.13,36.43,13975
2026-03-31 10:50:00,36.42,36.67,36.4192,36.665,72620
2026-03-31 10:55:00,36.67,36.81,36.6051,36.6409,40176
2026-03-31 11:00:00,36.62,36.62,36.28,36.3,39913
2026-03-31 11:05:00,36.3,36.31,36.09,36.16,80316
2026-03-31 11:10:00,36.1596,36.21,35.89,35.91,39188
2026-03-31 11:15:00,35.9,36,35.88,35.99,55544
2026-03-31 11:20:00,36,36.21,36,36.0704,47605
2026-03-31 11:25:00,36.08,36.29,36.04,36.27,22524
2026-03-31 11:30:00,36.29,36.41,36.26,36.3,14444
2026-03-31 11:35:00,36.29,36.29,36.16,36.25,18666
2026-03-31 11:40:00,36.21,36.3,36.19,36.27,9805
2026-03-31 11:45:00,36.28,36.35,36.24,36.24,6900
2026-03-31 11:50:00,36.29,36.29,36.1,36.17,9300
2026-03-31 11:55:00,36.13,36.34,36.12,36.33,9752
2026-03-31 12:00:00,36.37,36.37,35.99,36.08,26077
2026-03-31 12:05:00,36.05,36.05,35.88,35.9,21213
2026-03-31 12:10:00,35.91,36.06,35.88,35.89,8881
2026-03-31 12:15:00,35.87,35.89,35.78,35.89,23414
2026-03-31 12:20:00,35.85,35.87,35.7,35.7,6940
2026-03-31 12:25:00,35.71,35.79,35.66,35.7707,17343
2026-03-31 12:30:00,35.79,35.92,35.79,35.86,11720
2026-03-31 12:35:00,35.88,35.92,35.39,35.39,82829
2026-03-31 12:40:00,35.38,35.39,34.38,34.79,259649
2026-03-31 12:45:00,34.8,35.1771,34.62,34.86,114799
2026-03-31 12:50:00,34.87,35.11,34.53,34.95,135170
2026-03-31 12:55:00,34.96,35.115,34.895,34.92,37451
2026-03-31 13:00:00,34.91,34.93,34.53,34.57,37805
2026-03-31 13:05:00,34.63,35,34.6,34.94,45858
2026-03-31 13:10:00,34.94,34.98,34.76,34.83,57460
2026-03-31 13:15:00,34.82,34.84,34.69,34.77,86982
2026-03-31 13:20:00,34.77,34.8997,34.76,34.85,24896
2026-03-31 13:25:00,34.8399,34.99,34.83,34.94,20664
2026-03-31 13:30:00,34.94,34.95,34.71,34.71,21805
2026-03-31 13:35:00,34.71,35.06,34.69,34.93,43130
2026-03-31 13:40:00,34.93,35.025,34.84,34.9,18162
2026-03-31 13:45:00,34.9,34.94,34.82,34.86,25620
2026-03-31 13:50:00,34.85,34.88,34.79,34.855,11532
2026-03-31 13:55:00,34.87,35.1,34.86,35.07,34161
2026-03-31 14:00:00,35.07,35.09,34.92,35.06,42667
2026-03-31 14:05:00,35.04,35.06,34.91,34.94,10544
2026-03-31 14:10:00,34.95,35.05,34.875,34.875,14069
2026-03-31 14:15:00,34.9,34.9,34.8,34.82,52004
2026-03-31 14:20:00,34.82,34.94,34.8,34.92,37299
2026-03-31 14:25:00,34.92,35.01,34.79,34.91,25135
2026-03-31 14:30:00,34.92,35.02,34.88,34.96,9126
2026-03-31 14:35:00,34.99,34.99,34.8,34.83,12027
2026-03-31 14:40:00,34.86,34.92,34.84,34.88,9339
2026-03-31 14:45:00,34.86,34.86,34.78,34.8,36530
2026-03-31 14:50:00,34.77,34.78,34.73,34.76,14846
2026-03-31 14:55:00,34.77,34.805,34.74,34.77,10922
2026-03-31 15:00:00,34.8,34.8,34.72,34.775,9933
2026-03-31 15:05:00,34.77,34.91,34.77,34.88,13360
2026-03-31 15:10:00,34.9,34.9,34.68,34.685,34592
2026-03-31 15:15:00,34.67,34.69,34.57,34.65,28863
2026-03-31 15:20:00,34.66,34.68,34.555,34.56,29249
2026-03-31 15:25:00,34.55,34.59,34.51,34.56,35545
2026-03-31 15:30:00,34.56,34.56,34.4076,34.4114,38255
2026-03-31 15:35:00,34.415,34.42,34.265,34.28,25620
2026-03-31 15:40:00,34.29,34.4,34.24,34.34,109902
2026-03-31 15:45:00,34.35,34.355,34.1531,34.21,107792
2026-03-31 15:50:00,34.21,34.535,34.16,34.44,156288
2026-03-31 15:55:00,34.44,34.54,34.24,34.34,344573
2026-03-31 16:00:00,34.35,34.44,34.21,34.23,21824
2026-03-31 16:05:00,34.3,34.33,34.26,34.3,1393
2026-03-31 16:10:00,34.23,34.26,34.23,34.25,1032
2026-03-31 16:15:00,34.2482,34.2482,34.2,34.2,300
2026-03-31 16:20:00,34.13,34.13,34.13,34.13,100
2026-03-31 16:25:00,34.15,34.17,34.15,34.1617,1592
2026-03-31 16:30:00,34.18,34.18,34.18,34.18,150
2026-03-31 16:35:00,34.18,34.18,34.18,34.18,200
2026-03-31 16:40:00,34.2969,34.2969,34.2,34.22,2869
2026-03-31 16:45:00,34.23,34.31,34.22,34.31,12650
2026-03-31 16:55:00,34.1877,34.1877,34.1877,34.1877,300
2026-03-31 17:05:00,34.3,34.3,34.29,34.29,200
2026-03-31 17:10:00,34.3,34.31,34.2,34.31,1597
2026-03-31 17:20:00,34.35,34.35,34.35,34.35,200
2026-03-31 17:30:00,34.4,34.4,34.4,34.4,100
2026-03-31 17:50:00,34.32,34.32,34.32,34.32,116
2026-03-31 17:55:00,34.3,34.3,34.27,34.2901,6100
2026-03-31 18:00:00,34.23,34.35,34,34,12541
2026-03-31 18:10:00,34.17,34.17,34.17,34.17,100
2026-03-31 18:25:00,34.04,34.04,34.04,34.04,200
2026-03-31 18:30:00,34.13,34.13,34.04,34.1,20493
2026-03-31 18:50:00,34.06,34.08,34.06,34.08,200
2026-03-31 19:00:00,34.07,34.1051,34.07,34.1051,688
2026-03-31 19:05:00,34.11,34.11,34.11,34.11,221
2026-03-31 19:10:00,34.11,34.12,34.11,34.12,400
2026-03-31 19:15:00,34.1,34.1,34.09,34.09,441
2026-03-31 19:25:00,34.12,34.12,34.08,34.08,400
2026-03-31 19:30:00,34.04,34.07,34.04,34.07,200
2026-03-31 19:35:00,34.01,34.01,33.9215,33.9215,240
2026-03-31 19:50:00,33.9,33.9,33.9,33.9,200
2026-03-31 19:55:00,33.93,33.93,33.84,33.84,200
2026-04-01 04:00:00,34.04,34.04,33.13,33.84,11506
2026-04-01 04:05:00,33.91,33.99,33.91,33.95,3840
2026-04-01 04:10:00,34.04,34.1,34.04,34.1,1656
2026-04-01 04:15:00,34.07,34.07,33.9,33.9,200
2026-04-01 04:25:00,33.92,33.92,33.92,33.92,100
2026-04-01 04:35:00,33.97,33.98,33.97,33.98,808
2026-04-01 04:50:00,34,34.06,33.96,34.01,1195
2026-04-01 05:00:00,33.8,33.8,33.8,33.8,204
2026-04-01 05:10:00,33.88,33.89,33.88,33.89,2466
2026-04-01 05:20:00,33.99,33.99,33.99,33.99,200
2026-04-01 05:50:00,33.65,33.7,33.65,33.7,931
2026-04-01 05:55:00,33.68,33.68,33.68,33.68,150
2026-04-01 06:00:00,33.71,33.71,33.71,33.71,843
2026-04-01 06:05:00,33.76,33.76,33.76,33.76,1040
2026-04-01 06:10:00,33.78,33.78,33.77,33.78,500
2026-04-01 06:50:00,33.53,33.53,33.53,33.53,100
2026-04-01 06:55:00,33.62,33.62,33.62,33.62,100
2026-04-01 07:00:00,33.57,33.64,33.5377,33.5377,2058
2026-04-01 07:10:00,33.53,33.53,33.52,33.52,1420
2026-04-01 07:15:00,33.52,33.55,33.51,33.51,773
2026-04-01 07:20:00,33.5,33.5,33.5,33.5,806
2026-04-01 07:30:00,33.43,33.43,33.3671,33.3671,520
2026-04-01 07:35:00,33.39,33.4,33.33,33.33,600
2026-04-01 07:40:00,33.35,33.39,33.35,33.36,637
2026-04-01 07:45:00,33.5,33.5,33.5,33.5,100
2026-04-01 07:50:00,33.49,33.49,33.48,33.48,300
2026-04-01 07:55:00,33.38,33.38,33.3799,33.3799,200
2026-04-01 08:00:00,33.41,33.41,33.4,33.4,254
2026-04-01 08:05:00,33.38,33.46,33.38,33.46,800
2026-04-01 08:10:00,33.45,33.45,33.45,33.45,105
2026-04-01 08:25:00,33.65,33.67,33.65,33.67,1644
2026-04-01 08:30:00,33.65,33.68,33.62,33.62,2739
2026-04-01 08:35:00,33.8,33.8,33.8,33.8,137
2026-04-01 08:40:00,33.7505,33.7505,33.15,33.15,3243
2026-04-01 08:45:00,33.47,33.82,33.4,33.82,2468
2026-04-01 08:50:00,33.84,34.0579,33.84,34.0579,4698
2026-04-01 08:55:00,34.12,34.12,34.07,34.07,2700
2026-04-01 09:00:00,34.08,34.16,34.06,34.16,1405
2026-04-01 09:05:00,34.21,34.23,34.12,34.12,4956
2026-04-01 09:10:00,34.09,34.09,33.96,33.97,2075
2026-04-01 09:15:00,33.99,33.99,33.87,33.98,2374
2026-04-01 09:20:00,33.87,33.98,33.8656,33.89,1419
2026-04-01 09:25:00,33.92,33.92,33.85,33.91,3120
2026-04-01 09:30:00,33.86,33.93,33.7164,33.8,89684
2026-04-01 09:35:00,33.81,34,33.8001,33.83,29117
2026-04-01 09:40:00,33.86,34.39,33.86,34.29,37872
2026-04-01 09:45:00,34.28,34.55,34.23,34.47,36826
2026-04-01 09:50:00,34.45,34.5221,34.16,34.38,33680
2026-04-01 09:55:00,34.37,34.51,34.31,34.39,23998
2026-04-01 10:00:00,34.39,34.43,34.2,34.33,23670
2026-04-01 10:05:00,34.32,34.41,34.12,34.21,20872
2026-04-01 10:10:00,34.2,34.32,34.17,34.3,19523
2026-04-01 10:15:00,34.28,34.29,34.19,34.19,17829
2026-04-01 10:20:00,34.18,34.28,34.09,34.22,26553
2026-04-01 10:25:00,34.21,34.23,34.12,34.15,12506
2026-04-01 10:30:00,34.15,34.27,34.05,34.27,17131
2026-04-01 10:35:00,34.28,34.37,33.86,34,46801
2026-04-01 10:40:00,34,34.15,33.89,33.94,21253
2026-04-01 10:45:00,33.91,34.01,33.675,33.675,20139
2026-04-01 10:50:00,33.7,33.72,33.55,33.625,25583
2026-04-01 10:55:00,33.6192,33.66,33.59,33.64,7235
2026-04-01 11:00:00,33.63,33.66,33.565,33.61,15389
2026-04-01 11:05:00,33.61,33.66,33.55,33.58,16959
2026-04-01 11:10:00,33.58,33.655,33.5793,33.63,32657
2026-04-01 11:15:00,33.61,33.63,33.51,33.51,10912
2026-04-01 11:20:00,33.5065,33.55,33.4868,33.55,14915
2026-04-01 11:25:00,33.52,33.525,33.43,33.48,14269
2026-04-01 11:30:00,33.52,33.59,33.46,33.5,10830
2026-04-01 11:35:00,33.49,33.52,33.44,33.495,11427
2026-04-01 11:40:00,33.54,33.56,33.48,33.48,5536
2026-04-01 11:45:00,33.45,33.47,33.42,33.4201,5731
2026-04-01 11:50:00,33.4426,33.4426,33.34,33.3495,17230
2026-04-01 11:55:00,33.335,33.339,33.12,33.17,23713
2026-04-01 12:00:00,33.15,33.25,33.14,33.19,13091
2026-04-01 12:05:00,33.165,33.25,33.145,33.205,10512
2026-04-01 12:10:00,33.19,33.26,33.16,33.21,10325
2026-04-01 12:15:00,33.22,33.248,33.16,33.21,10392
2026-04-01 12:20:00,33.24,33.26,33.2299,33.2299,5473
2026-04-01 12:25:00,33.25,33.3299,33.25,33.32,6549
2026-04-01 12:30:00,33.305,33.4,33.27,33.28,18732
2026-04-01 12:35:00,33.26,33.28,33.23,33.265,10594
2026-04-01 12:40:00,33.25,33.25,33.18,33.18,1555
2026-04-01 12:45:00,33.17,33.19,33.125,33.14,7158
2026-04-01 12:50:00,33.14,33.15,33.12,33.13,4601
2026-04-01 12:55:00,33.14,33.18,33.12,33.15,4188
2026-04-01 13:00:00,33.165,33.215,33.15,33.16,7037
2026-04-01 13:05:00,33.16,33.2112,33.155,33.1801,8688
2026-04-01 13:10:00,33.1745,33.185,33.11,33.18,9246
2026-04-01 13:15:00,33.185,33.205,33.175,33.205,801
2026-04-01 13:20:00,33.18,33.195,33.16,33.19,10531
2026-04-01 13:25:00,33.195,33.198,33.15,33.15,10612
2026-04-01 13:30:00,33.15,33.18,33.11,33.18,10590
2026-04-01 13:35:00,33.16,33.18,33.09,33.11,4037
2026-04-01 13:40:00,33.11,33.185,33.09,33.18,19207
2026-04-01 13:45:00,33.15,33.26,33.15,33.26,8650
2026-04-01 13:50:00,33.24,33.28,33.215,33.28,8758
2026-04-01 13:55:00,33.27,33.44,33.27,33.43,14213
2026-04-01 14:00:00,33.45,33.63,33.445,33.57,30082
2026-04-01 14:05:00,33.565,33.59,33.465,33.56,14673
2026-04-01 14:10:00,33.55,33.59,33.49,33.58,9855
2026-04-01 14:15:00,33.59,33.82,33.59,33.75,15426
2026-04-01 14:20:00,33.76,34.02,33.705,34,41404
2026-04-01 14:25:00,33.99,34.03,33.85,34,16832
2026-04-01 14:30:00,34,34.14,33.98,34.0999,24296
2026-04-01 14:35:00,34.11,34.28,34.04,34.1,62854
2026-04-01 14:40:00,34.12,34.12,33.95,34.08,19091
2026-04-01 14:45:00,34.07,34.22,34.07,34.13,15914
2026-04-01 14:50:00,34.15,34.25,34.095,34.13,21678
2026-04-01 14:55:00,34.19,34.23,34.137,34.16,9920
2026-04-01 15:00:00,34.17,34.18,33.92,33.97,17114
2026-04-01 15:05:00,33.99,33.99,33.88,33.9,25432
2026-04-01 15:10:00,33.92,34.0095,33.91,33.98,10804
2026-04-01 15:15:00,33.96,34.065,33.925,33.925,10641
2026-04-01 15:20:00,33.93,33.96,33.88,33.91,4603
2026-04-01 15:25:00,33.9,33.9,33.755,33.755,10977
2026-04-01 15:30:00,33.74,33.79,33.69,33.74,15716
2026-04-01 15:35:00,33.74,33.8012,33.73,33.78,12543
2026-04-01 15:40:00,33.78,33.78,33.66,33.705,16842
2026-04-01 15:45:00,33.72,33.75,33.58,33.63,23711
2026-04-01 15:50:00,33.6,33.73,33.6,33.7,84621
2026-04-01 15:55:00,33.71,33.76,33.49,33.53,169325
2026-04-01 16:00:00,33.57,33.57,33.38,33.5,12047
2026-04-01 16:05:00,33.53,33.53,33.52,33.52,1787
2026-04-01 16:15:00,33.5,33.6,33.5,33.6,837
2026-04-01 16:20:00,33.4019,33.4019,33.4019,33.4019,300
2026-04-01 16:25:00,33.53,33.53,33.53,33.53,200
2026-04-01 16:50:00,33.46,33.46,33.46,33.46,1108
2026-04-01 17:35:00,33.78,33.78,33.78,33.78,250
2026-04-01 17:50:00,33.64,33.64,33.64,33.64,500
2026-04-01 17:55:00,33.8568,33.8568,33.8568,33.8568,100
2026-04-01 18:00:00,33.53,33.53,33.4,33.4,2600
2026-04-01 18:05:00,33.46,33.48,33.46,33.48,690
2026-04-01 18:20:00,33.48,33.48,33.48,33.48,100
2026-04-01 18:25:00,33.49,33.49,33.49,33.49,400
2026-04-01 18:35:00,33.5,33.5,33.49,33.49,1464
2026-04-01 18:50:00,33.47,33.47,33.47,33.47,252
2026-04-01 18:55:00,33.5818,33.5818,33.5818,33.5818,100
2026-04-01 19:10:00,33.517,33.517,33.517,33.517,298
2026-04-01 19:20:00,33.51,33.5191,33.51,33.5191,3220
2026-04-01 19:25:00,33.47,33.47,33.47,33.47,300
2026-04-01 19:40:00,33.45,33.45,33.45,33.45,250
2026-04-01 19:45:00,33.5288,33.5288,33.5288,33.5288,150
2026-04-01 19:50:00,33.53,33.53,33.4325,33.4325,2486
2026-04-01 19:55:00,33.55,33.55,33.4239,33.4239,750
2026-04-02 04:00:00,35.04,35.31,34.86,34.91,41217
2026-04-02 04:05:00,34.95,34.99,34.95,34.99,4738
2026-04-02 04:10:00,34.99,35.03,34.99,35.03,2772
2026-04-02 04:15:00,35.13,35.16,35.13,35.16,400
2026-04-02 04:20:00,35.2,35.2,35.2,35.2,256
2026-04-02 04:25:00,35.15,35.19,35.15,35.15,1027
2026-04-02 04:30:00,35.12,35.12,35.09,35.09,300
2026-04-02 04:35:00,35.15,35.15,35.15,35.15,200
2026-04-02 04:45:00,35.14,35.15,35.14,35.15,400
2026-04-02 04:55:00,35.11,35.11,35.11,35.11,206
2026-04-02 05:00:00,35.13,35.15,35.11,35.15,5920
2026-04-02 05:05:00,35.15,35.21,35.15,35.21,360
2026-04-02 05:10:00,35.21,35.28,35.21,35.28,680
2026-04-02 05:15:00,35.26,35.26,35.26,35.26,200
2026-04-02 05:20:00,35.17,35.17,35.17,35.17,1600
2026-04-02 05:25:00,35.15,35.15,35.15,35.15,400
2026-04-02 05:45:00,35.25,35.25,35.22,35.22,400
2026-04-02 05:50:00,35.19,35.21,35.19,35.21,800
2026-04-02 05:55:00,35.19,35.19,35.19,35.19,100
2026-04-02 06:10:00,35.26,35.26,35.26,35.26,200
2026-04-02 06:15:00,35.37,35.4644,35.37,35.4,4000
2026-04-02 06:20:00,35.4,35.4,35.38,35.38,2404
2026-04-02 06:40:00,35.41,35.41,35.39,35.39,600
2026-04-02 06:45:00,35.36,35.41,35.35,35.37,1000
2026-04-02 06:55:00,35.43,35.43,35.42,35.42,227
2026-04-02 07:00:00,35.43,35.43,35.36,35.38,6226
2026-04-02 07:05:00,35.45,35.4995,35.45,35.48,4540
2026-04-02 07:10:00,35.48,35.53,35.47,35.51,2811
2026-04-02 07:15:00,35.5391,35.6622,35.5391,35.65,5626
2026-04-02 07:20:00,35.61,35.63,35.58,35.58,5542
2026-04-02 07:25:00,35.6427,35.68,35.6427,35.68,6327
2026-04-02 07:30:00,35.72,35.7908,35.67,35.73,12465
2026-04-02 07:35:00,35.81,35.95,35.81,35.95,4270
2026-04-02 07:40:00,35.96,36.09,35.96,36,15622
2026-04-02 07:45:00,36.01,36.0399,35.99,35.9971,3407
2026-04-02 07:50:00,35.9971,35.9971,35.855,35.9098,4699
2026-04-02 07:55:00,35.87,35.9098,35.87,35.9,2250
2026-04-02 08:00:00,36.12,36.15,36.1,36.15,1140
2026-04-02 08:05:00,36.01,36.01,35.9653,35.9653,1484
2026-04-02 08:10:00,36.05,36.12,36.05,36.06,1072
2026-04-02 08:15:00,36.02,36.02,35.89,35.9,14312
2026-04-02 08:20:00,35.91,35.91,35.75,35.75,6047
2026-04-02 08:25:00,35.771,35.8,35.74,35.8,4448
2026-04-02 08:30:00,35.81,35.8499,35.75,35.78,2900
2026-04-02 08:35:00,35.78,35.8,35.67,35.68,20828
2026-04-02 08:40:00,35.7,35.73,35.67,35.72,22360
2026-04-02 08:45:00,35.71,35.8,35.71,35.75,2380
2026-04-02 08:50:00,35.75,35.79,35.71,35.79,2412
2026-04-02 08:55:00,35.78,35.91,35.78,35.91,2140
2026-04-02 09:00:00,35.95,35.97,35.84,35.84,4746
2026-04-02 09:05:00,35.76,35.81,35.76,35.8,950
2026-04-02 09:10:00,35.8,35.81,35.74,35.7435,1434
2026-04-02 09:15:00,35.74,35.75,35.68,35.68,2916
2026-04-02 09:20:00,35.78,35.78,35.75,35.77,1758
2026-04-02 09:25:00,35.7935,35.8,35.6791,35.6791,3153
2026-04-02 09:30:00,35.63,35.7792,35.52,35.615,145046
2026-04-02 09:35:00,35.625,35.84,35.565,35.84,67702
2026-04-02 09:40:00,35.88,35.98,35.71,35.81,48090
2026-04-02 09:45:00,35.81,35.81,35.405,35.52,75888
2026-04-02 09:50:00,35.52,35.61,35.24,35.3,50659
2026-04-02 09:55:00,35.26,35.28,35.03,35.07,53498
2026-04-02 10:00:00,35.02,35.12,34.87,35.1051,33840
2026-04-02 10:05:00,35.1,35.28,34.92,34.96,25475
2026-04-02 10:10:00,34.97,35.08,34.8701,34.98,53741
2026-04-02 10:15:00,34.97,34.9899,34.72,34.8,29180
2026-04-02 10:20:00,34.81,34.83,34.67,34.83,27071
2026-04-02 10:25:00,34.81,34.87,34.76,34.76,22610
2026-04-02 10:30:00,34.77,34.845,34.3786,34.3786,39834
2026-04-02 10:35:00,34.4,34.49,33.32,33.99,234314
2026-04-02 10:40:00,33.99,34.05,33.68,33.76,144058
2026-04-02 10:45:00,33.76,33.845,33.56,33.83,38080
2026-04-02 10:50:00,33.83,34.1,33.81,33.95,89482
2026-04-02 10:55:00,33.92,33.92,33.6,33.635,38979
2026-04-02 11:00:00,33.67,34.03,33.655,33.9,43624
2026-04-02 11:05:00,33.92,34.1,33.81,34.07,26531
2026-04-02 11:10:00,34.06,34.0872,33.86,33.95,25034
2026-04-02 11:15:00,34,34.11,33.915,34.03,19084
2026-04-02 11:20:00,34.03,34.34,34.01,34.31,13732
2026-04-02 11:25:00,34.3,34.36,34.11,34.14,25225
2026-04-02 11:30:00,34.17,34.28,34.17,34.26,21044
2026-04-02 11:35:00,34.23,34.24,34.04,34.19,24389
2026-04-02 11:40:00,34.14,34.31,34.14,34.24,15755
2026-04-02 11:45:00,34.14,34.28,34.12,34.22,20753
2026-04-02 11:50:00,34.22,34.55,34.22,34.42,51861
2026-04-02 11:55:00,34.44,34.4493,34.26,34.39,13222
2026-04-02 12:00:00,34.36,34.4,34.28,34.38,16494
2026-04-02 12:05:00,34.42,34.59,34.4,34.59,6952
2026-04-02 12:10:00,34.59,34.59,34.48,34.51,21553
2026-04-02 12:15:00,34.55,34.6,34.48,34.57,7266
2026-04-02 12:20:00,34.56,34.71,34.56,34.66,20517
2026-04-02 12:25:00,34.67,34.7601,34.6,34.63,9192
2026-04-02 12:30:00,34.68,34.72,34.44,34.49,18522
2026-04-02 12:35:00,34.49,34.66,34.48,34.59,29250
2026-04-02 12:40:00,34.6,34.6,34.26,34.4068,34499
2026-04-02 12:45:00,34.4,34.425,34.29,34.425,14802
2026-04-02 12:50:00,34.41,34.43,34.33,34.33,8762
2026-04-02 12:55:00,34.32,34.49,34.32,34.46,17111
2026-04-02 13:00:00,34.47,34.63,34.44,34.49,17919
2026-04-02 13:05:00,34.5299,34.5299,34.44,34.5,15550
2026-04-02 13:10:00,34.44,34.46,34.35,34.35,7122
2026-04-02 13:15:00,34.35,34.35,34.15,34.22,18155
2026-04-02 13:20:00,34.2,34.24,34.12,34.12,12660
2026-04-02 13:25:00,34.105,34.14,34.04,34.12,21944
2026-04-02 13:30:00,34.15,34.24,34.135,34.205,8454
2026-04-02 13:35:00,34.17,34.26,34.14,34.2,9113
2026-04-02 13:40:00,34.17,34.23,34.13,34.16,13616
2026-04-02 13:45:00,34.13,34.34,34.12,34.34,9920
2026-04-02 13:50:00,34.33,34.38,34.27,34.28,8432
2026-04-02 13:55:00,34.29,34.3,34.18,34.27,4100
2026-04-02 14:00:00,34.26,34.26,34.045,34.045,12149
2026-04-02 14:05:00,34.05,34.06,33.88,33.97,16368
2026-04-02 14:10:00,33.99,34.01,33.93,33.99,8755
2026-04-02 14:15:00,33.99,34.05,33.95,33.96,6200
2026-04-02 14:20:00,33.96,33.99,33.96,33.99,6867
2026-04-02 14:25:00,33.97,34.1199,33.96,34.04,12648
2026-04-02 14:30:00,34.06,34.065,34.02,34.03,11898
2026-04-02 14:35:00,34.03,34.05,34.01,34.03,3795
2026-04-02 14:40:00,34.07,34.07,33.87,33.945,14367
2026-04-02 14:45:00,33.91,33.91,33.8588,33.89,10341
2026-04-02 14:50:00,33.9,33.925,33.83,33.85,28498
2026-04-02 14:55:00,33.875,33.91,33.8699,33.87,12663
2026-04-02 15:00:00,33.88,33.895,33.815,33.8528,5685
2026-04-02 15:05:00,33.855,33.88,33.7851,33.85,11135
2026-04-02 15:10:00,33.88,33.89,33.77,33.8625,20486
2026-04-02 15:15:00,33.88,33.97,33.87,33.955,10674
2026-04-02 15:20:00,33.94,33.94,33.825,33.825,8404
2026-04-02 15:25:00,33.85,34.02,33.85,34.02,10620
2026-04-02 15:30:00,33.99,34.01,33.91,33.98,14674
2026-04-02 15:35:00,33.99,34,33.86,33.86,18644
2026-04-02 15:40:00,33.87,33.92,33.83,33.88,14069
2026-04-02 15:45:00,33.885,33.905,33.795,33.805,48441
2026-04-02 15:50:00,33.8,33.81,33.59,33.71,53154
2026-04-02 15:55:00,33.71,33.72,33.56,33.62,128120
2026-04-02 16:00:00,33.62,33.63,33.5184,33.58,110265
2026-04-02 16:05:00,33.63,33.63,33.6247,33.6247,2762
2026-04-02 16:10:00,33.62,33.62,33.61,33.61,26132
2026-04-02 16:25:00,33.7183,33.7183,33.63,33.63,1135
2026-04-02 16:30:00,33.63,33.63,33.63,33.63,385
2026-04-02 16:35:00,33.64,33.64,33.64,33.64,400
2026-04-02 16:55:00,33.7,33.7,33.7,33.7,246
2026-04-02 17:00:00,33.7,33.84,33.7,33.84,1146
2026-04-02 17:10:00,33.76,33.8,33.75,33.8,854
2026-04-02 17:35:00,33.9698,33.9698,33.9698,33.9698,250
2026-04-02 17:40:00,33.9698,33.9698,33.9698,33.9698,250
2026-04-02 18:00:00,33.68,33.79,33.62,33.79,3202
2026-04-02 18:05:00,33.79,33.79,33.7795,33.7795,700
2026-04-02 18:10:00,33.74,33.74,33.74,33.74,910
2026-04-02 18:15:00,33.74,33.74,33.69,33.69,1400
2026-04-02 18:20:00,33.69,33.69,33.69,33.69,1000
2026-04-02 18:25:00,33.66,33.66,33.66,33.66,200
2026-04-02 18:30:00,33.66,33.66,33.66,33.66,200
2026-04-02 18:55:00,33.7,33.72,33.7,33.72,400
2026-04-02 19:20:00,33.72,33.72,33.71,33.71,442
2026-04-02 19:50:00,33.8,33.8,33.7977,33.7977,25116
2026-04-02 19:55:00,33.79,33.8,33.79,33.8,975
2026-04-02 20:00:00,33.8,33.8,33.8,33.8,325
2026-04-06 04:00:00,33.5,33.77,33.43,33.43,10094
2026-04-06 04:05:00,33.36,33.37,33.36,33.37,1309
2026-04-06 04:25:00,33.38,33.41,33.38,33.41,1090
2026-04-06 04:30:00,33.41,33.41,33.41,33.41,300
2026-04-06 04:35:00,33.32,33.32,33.32,33.32,184
2026-04-06 04:45:00,33.32,33.32,33.32,33.32,190
2026-04-06 04:50:00,33.32,33.38,33.32,33.38,822
2026-04-06 04:55:00,33.33,33.34,33.33,33.34,224
2026-04-06 05:00:00,33.34,33.34,33.32,33.32,3011
2026-04-06 05:15:00,33.38,33.38,33.38,33.38,100
2026-04-06 05:20:00,33.28,33.29,33.25,33.29,1634
2026-04-06 05:25:00,33.3,33.3,33.3,33.3,240
2026-04-06 05:30:00,33.21,33.23,33.21,33.23,320
2026-04-06 05:50:00,33.27,33.43,33.27,33.36,943
2026-04-06 06:20:00,33.34,33.34,33.34,33.34,100
2026-04-06 06:25:00,33.42,33.45,33.41,33.45,620
2026-04-06 06:45:00,33.4,33.68,33.39,33.48,15811
2026-04-06 07:00:00,33.58,33.59,33.5778,33.5878,1221
2026-04-06 07:05:00,33.58,33.62,33.58,33.6109,1450
2026-04-06 07:10:00,33.5691,33.5691,33.5691,33.5691,100
2026-04-06 07:20:00,33.6208,33.6208,33.6208,33.6208,231
2026-04-06 07:30:00,33.62,33.62,33.55,33.55,220
2026-04-06 07:40:00,33.55,33.55,33.55,33.55,100
2026-04-06 07:50:00,33.59,33.5922,33.59,33.5922,370
2026-04-06 08:05:00,33.5983,33.5983,33.5983,33.5983,600
2026-04-06 08:10:00,33.5276,33.59,33.521,33.59,1372
2026-04-06 08:15:00,33.5219,33.5219,33.5219,33.5219,250
2026-04-06 08:20:00,33.59,33.59,33.59,33.59,400
2026-04-06 08:30:00,33.59,33.59,33.5,33.5,600
2026-04-06 08:35:00,33.5,33.5,33.5,33.5,150
2026-04-06 08:40:00,33.49,33.53,33.49,33.53,1390
2026-04-06 08:45:00,33.5,33.5,33.46,33.46,12421
2026-04-06 08:50:00,33.58,33.58,33.58,33.58,1700
2026-04-06 09:00:00,33.64,33.67,33.63,33.65,656
2026-04-06 09:05:00,33.68,33.7,33.6,33.6,607
2026-04-06 09:15:00,33.6,33.6,33.6,33.6,1100
2026-04-06 09:20:00,33.63,33.63,33.6173,33.6173,220
2026-04-06 09:25:00,33.52,33.59,33.52,33.59,1953
2026-04-06 09:30:00,33.63,33.63,33.34,33.34,42055
2026-04-06 09:35:00,33.33,33.61,33.26,33.5,46878
2026-04-06 09:40:00,33.49,33.6,33.37,33.4238,28360
2026-04-06 09:45:00,33.4,33.4,33.16,33.27,28817
2026-04-06 09:50:00,33.28,33.31,33.1,33.13,31663
2026-04-06 09:55:00,33.12,33.21,32.97,32.99,42992
2026-04-06 10:00:00,32.99,33.285,32.76,33.28,31542
2026-04-06 10:05:00,33.26,33.33,33.05,33.05,18702
2026-04-06 10:10:00,33.03,33.13,32.74,32.77,27386
2026-04-06 10:15:00,32.76,32.795,32.67,32.7,37784
2026-04-06 10:20:00,32.7,32.7,32.54,32.57,14982
2026-04-06 10:25:00,32.56,32.62,32.53,32.6,16691
2026-04-06 10:30:00,32.59,32.66,32.54,32.59,10220
2026-04-06 10:35:00,32.6,33.04,32.57,32.9299,45498
2026-04-06 10:40:00,32.91,32.94,32.7,32.8499,24312
2026-04-06 10:45:00,32.87,32.97,32.84,32.9503,10466
2026-04-06 10:50:00,32.92,32.92,32.71,32.72,8299
2026-04-06 10:55:00,32.71,32.72,32.58,32.66,22425
2026-04-06 11:00:00,32.64,32.73,32.54,32.615,8168
2026-04-06 11:05:00,32.6,32.74,32.58,32.64,11922
2026-04-06 11:10:00,32.68,32.75,32.64,32.66,9660
2026-04-06 11:15:00,32.65,32.67,32.59,32.66,6902
2026-04-06 11:20:00,32.64,32.7,32.6,32.69,6454
2026-04-06 11:25:00,32.7,32.77,32.67,32.7,17385
2026-04-06 11:30:00,32.72,32.89,32.71,32.8,18306
2026-04-06 11:35:00,32.795,32.94,32.79,32.79,13602
2026-04-06 11:40:00,32.77,32.85,32.77,32.7799,6904
2026-04-06 11:45:00,32.775,32.86,32.76,32.76,5281
2026-04-06 11:50:00,32.775,32.775,32.67,32.69,4627
2026-04-06 11:55:00,32.7,32.76,32.7,32.73,4758
2026-04-06 12:00:00,32.73,32.78,32.7093,32.72,7505
2026-04-06 12:05:00,32.73,32.78,32.68,32.78,3150
2026-04-06 12:10:00,32.78,32.79,32.72,32.72,17270
2026-04-06 12:15:00,32.68,32.77,32.64,32.77,5723
2026-04-06 12:20:00,32.77,32.8,32.725,32.76,3560
2026-04-06 12:25:00,32.7275,32.77,32.72,32.77,4995
2026-04-06 12:30:00,32.78,32.8,32.765,32.765,5151
2026-04-06 12:35:00,32.77,32.81,32.72,32.81,3263
2026-04-06 12:40:00,32.84,32.84,32.8,32.8,1073
2026-04-06 12:45:00,32.775,32.7999,32.775,32.78,2100
2026-04-06 12:50:00,32.78,32.97,32.78,32.95,13875
2026-04-06 12:55:00,32.9,32.99,32.86,32.87,19721
2026-04-06 13:00:00,32.87,33.13,32.87,32.99,26633
2026-04-06 13:05:00,33,33.06,32.95,33.01,7473
2026-04-06 13:10:00,32.99,33.33,32.9899,33.195,52606
2026-04-06 13:15:00,33.19,33.235,33.11,33.14,36185
2026-04-06 13:20:00,33.16,33.24,32.96,32.96,58335
2026-04-06 13:25:00,32.94,33.01,32.84,32.85,15613
2026-04-06 13:30:00,32.8496,32.88,32.72,32.74,35965
2026-04-06 13:35:00,32.82,32.87,32.77,32.87,9082
2026-04-06 13:40:00,32.88,32.977,32.88,32.91,4528
2026-04-06 13:45:00,32.93,33.02,32.93,33,3742
2026-04-06 13:50:00,33.015,33.04,32.95,33.02,13130
2026-04-06 13:55:00,33.01,33.03,32.94,33.02,7403
2026-04-06 14:00:00,33.05,33.1,33.02,33.06,18197
2026-04-06 14:05:00,33.06,33.0668,32.98,33.01,11880
2026-04-06 14:10:00,33.02,33.02,32.69,32.855,33037
2026-04-06 14:15:00,32.82,32.82,32.74,32.76,4608
2026-04-06 14:20:00,32.79,32.82,32.71,32.72,9697
2026-04-06 14:25:00,32.77,32.82,32.74,32.8,5239
2026-04-06 14:30:00,32.79,33,32.75,32.97,18897
2026-04-06 14:35:00,32.96,32.96,32.91,32.92,14005
2026-04-06 14:40:00,32.9478,32.99,32.94,32.9645,4510
2026-04-06 14:45:00,32.95,33.01,32.91,32.9858,6870
2026-04-06 14:50:00,32.96,32.96,32.915,32.94,6938
2026-04-06 14:55:00,32.945,32.96,32.94,32.94,13352
2026-04-06 15:00:00,32.99,33.03,32.97,32.97,7690
2026-04-06 15:05:00,32.9612,33.02,32.95,33.015,13197
2026-04-06 15:10:00,33.03,33.045,32.965,32.965,14404
2026-04-06 15:15:00,32.98,33.03,32.97,33.01,4578
2026-04-06 15:20:00,33,33.045,32.96,33.045,9392
2026-04-06 15:25:00,33.02,33.045,32.98,33.045,4788
2026-04-06 15:30:00,33.05,33.06,32.99,33.02,6562
2026-04-06 15:35:00,33.02,33.04,33,33.035,9352
2026-04-06 15:40:00,33.035,33.11,33.015,33.03,20026
2026-04-06 15:45:00,33.025,33.025,32.76,32.78,33367
2026-04-06 15:50:00,32.785,32.885,32.76,32.85,63077
2026-04-06 15:55:00,32.85,32.905,32.7,32.74,97936
2026-04-06 16:00:00,32.71,32.8313,32.58,32.8313,12251
2026-04-06 16:10:00,32.82,32.829,32.82,32.82,511
2026-04-06 16:15:00,32.76,32.76,32.75,32.75,300
2026-04-06 16:25:00,32.7491,32.7491,32.7491,32.7491,100
2026-04-06 16:40:00,32.72,32.72,32.68,32.68,1911
2026-04-06 16:45:00,32.64,32.64,32.64,32.64,252
2026-04-06 16:55:00,32.68,32.68,32.68,32.68,3000
2026-04-06 17:00:00,32.73,32.745,32.73,32.745,300
2026-04-06 17:05:00,32.72,32.72,32.72,32.72,116
2026-04-06 17:10:00,32.75,32.75,32.75,32.75,100
2026-04-06 17:15:00,32.7,32.74,32.6536,32.6536,1275
2026-04-06 17:20:00,32.7488,32.7488,32.7488,32.7488,200
2026-04-06 17:25:00,32.737,32.737,32.737,32.737,200
2026-04-06 17:45:00,32.6648,32.7383,32.6648,32.7383,1100
2026-04-06 18:00:00,32.7017,32.7017,32.61,32.61,851
2026-04-06 18:10:00,32.64,32.64,32.64,32.64,100
2026-04-06 18:15:00,32.63,32.63,32.63,32.63,2000
2026-04-06 18:20:00,32.75,32.79,32.75,32.79,792
2026-04-06 18:30:00,32.82,32.82,32.82,32.82,200
2026-04-06 18:40:00,32.76,32.773,32.76,32.773,950
2026-04-06 18:45:00,32.86,32.86,32.86,32.86,600
2026-04-06 18:55:00,32.8753,32.88,32.8753,32.88,1000
2026-04-06 19:00:00,32.88,32.88,32.8,32.88,1330
2026-04-06 19:05:00,32.79,32.79,32.79,32.79,105
2026-04-06 19:10:00,32.73,32.73,32.73,32.73,500
2026-04-06 19:20:00,32.8576,32.8576,32.8576,32.8576,500
2026-04-06 19:30:00,32.87,32.87,32.87,32.87,100
2026-04-06 19:35:00,32.81,32.81,32.81,32.81,500
2026-04-07 04:00:00,33.18,33.25,32.83,32.83,6889
2026-04-07 04:10:00,32.82,32.82,32.79,32.82,5200
2026-04-07 04:15:00,32.79,32.79,32.73,32.78,1340
2026-04-07 04:20:00,32.66,32.66,32.61,32.62,1090
2026-04-07 04:30:00,32.62,32.62,32.62,32.62,198
2026-04-07 04:45:00,32.7,32.7,32.7,32.7,430
2026-04-07 04:55:00,32.66,32.66,32.66,32.66,300
2026-04-07 05:00:00,32.65,32.65,32.65,32.65,120
2026-04-07 05:05:00,32.7,32.7,32.7,32.7,200
2026-04-07 05:10:00,32.55,32.55,32.55,32.55,200
2026-04-07 05:25:00,32.67,32.74,32.67,32.74,1200
2026-04-07 05:30:00,32.6,32.6,32.6,32.6,1352
2026-04-07 05:50:00,32.71,32.71,32.71,32.71,1220
2026-04-07 06:05:00,32.82,33.14,32.79,33.02,3334
2026-04-07 06:10:00,32.84,32.84,32.84,32.84,200
2026-04-07 06:20:00,32.82,32.88,32.82,32.88,800
2026-04-07 06:25:00,32.97,33.16,32.97,33.04,1563
2026-04-07 06:40:00,33.25,33.33,33.25,33.33,539
2026-04-07 06:45:00,33.3,33.39,33.3,33.39,1840
2026-04-07 06:50:00,33.49,33.53,33.49,33.53,850
2026-04-07 06:55:00,33.6,33.7,33.6,33.7,311
2026-04-07 07:05:00,33.54,33.66,33.54,33.55,1017
2026-04-07 07:10:00,33.63,33.73,33.621,33.73,1520
2026-04-07 07:15:00,33.64,33.7,33.64,33.7,1703
2026-04-07 07:20:00,33.66,33.68,33.66,33.68,3360
2026-04-07 07:25:00,33.69,33.71,33.69,33.71,357
2026-04-07 07:30:00,33.72,33.86,33.72,33.8479,7524
2026-04-07 07:35:00,33.84,33.94,33.81,33.82,2257
2026-04-07 07:40:00,33.75,33.7537,33.7,33.7,1927
2026-04-07 07:45:00,33.78,33.78,33.78,33.78,100
2026-04-07 07:55:00,33.7433,33.7433,33.65,33.65,4008
2026-04-07 08:00:00,33.65,33.7073,33.65,33.7073,1420
2026-04-07 08:05:00,33.72,34,33.61,34,4062
2026-04-07 08:10:00,33.86,33.86,33.8,33.83,2689
2026-04-07 08:15:00,33.89,33.89,33.3858,33.47,6083
2026-04-07 08:20:00,33.5098,33.512,33.33,33.42,28671
2026-04-07 08:25:00,33.41,33.46,33.37,33.37,7291
2026-04-07 08:30:00,33.33,33.4639,33.33,33.44,2389
2026-04-07 08:35:00,33.4242,33.4242,33.4242,33.4242,180
2026-04-07 08:40:00,33.4409,33.4409,33.4409,33.4409,100
2026-04-07 08:45:00,33.55,33.55,33.55,33.55,200
2026-04-07 08:50:00,33.5,33.5,33.48,33.4922,3500
2026-04-07 08:55:00,33.48,33.48,33.11,33.43,6706
2026-04-07 09:00:00,33.51,33.51,33.36,33.36,4613
2026-04-07 09:05:00,33.37,33.38,33.34,33.36,3510
2026-04-07 09:10:00,33.43,33.6,33.43,33.56,5357
2026-04-07 09:15:00,33.43,33.54,33.43,33.53,2220
2026-04-07 09:20:00,33.53,33.53,33.53,33.53,100
2026-04-07 09:25:00,33.44,33.51,33.44,33.51,8580
2026-04-07 09:30:00,33.51,33.66,33.37,33.64,78442
2026-04-07 09:35:00,33.655,33.83,33.56,33.82,65177
2026-04-07 09:40:00,33.85,33.94,33.7,33.94,32506
2026-04-07 09:45:00,33.94,34.13,33.93,34.06,62796
2026-04-07 09:50:00,34.07,34.12,33.9,33.9,40317
2026-04-07 09:55:00,33.91,34.26,33.88,34.245,51474
2026-04-07 10:00:00,34.23,34.39,34.22,34.3699,49049
2026-04-07 10:05:00,34.39,34.68,34.37,34.64,69605
2026-04-07 10:10:00,34.63,34.63,34.43,34.44,38586
2026-04-07 10:15:00,34.46,34.46,34.275,34.39,41880
2026-04-07 10:20:00,34.33,34.34,33.99,34.08,35038
2026-04-07 10:25:00,34.08,34.16,34,34.04,36846
2026-04-07 10:30:00,34.03,34.3,33.94,34.1,47252
2026-04-07 10:35:00,34.1,34.26,34.08,34.18,32367
2026-04-07 10:40:00,34.195,34.33,34.18,34.2701,24327
2026-04-07 10:45:00,34.29,34.32,33.9712,34.29,57775
2026-04-07 10:50:00,34.31,34.42,34.28,34.355,22917
2026-04-07 10:55:00,34.39,34.63,34.39,34.62,53041
2026-04-07 11:00:00,34.64,34.7,34.53,34.64,47307
2026-04-07 11:05:00,34.69,34.79,34.6703,34.72,55428
2026-04-07 11:10:00,34.7,34.7,34.48,34.6,27311
2026-04-07 11:15:00,34.6,34.62,34.21,34.42,110403
2026-04-07 11:20:00,34.4699,34.55,34.4271,34.55,15352
2026-04-07 11:25:00,34.54,34.54,34.32,34.33,33796
2026-04-07 11:30:00,34.3198,34.42,34.28,34.3,25526
2026-04-07 11:35:00,34.35,34.39,34.2,34.38,24565
2026-04-07 11:40:00,34.3833,34.55,34.33,34.54,11254
2026-04-07 11:45:00,34.51,34.56,34.42,34.4801,19857
2026-04-07 11:50:00,34.46,34.51,34.38,34.38,22178
2026-04-07 11:55:00,34.38,34.4091,33.88,34.17,93343
2026-04-07 12:00:00,34.15,34.15,33.47,33.89,68412
2026-04-07 12:05:00,33.89,34.19,33.87,34.19,35872
2026-04-07 12:10:00,34.2,34.2,34.11,34.17,18547
2026-04-07 12:15:00,34.165,34.21,34.08,34.2,15033
2026-04-07 12:20:00,34.2,34.24,33.97,34.09,71546
2026-04-07 12:25:00,34.09,34.16,34.01,34.13,15135
2026-04-07 12:30:00,34.16,34.17,34.06,34.06,8450
2026-04-07 12:35:00,34.0901,34.23,34.04,34.21,13044
2026-04-07 12:40:00,34.2,34.24,34.11,34.13,17246
2026-04-07 12:45:00,34.11,34.11,33.97,33.97,17566
2026-04-07 12:50:00,33.99,34.04,33.97,34.04,8020
2026-04-07 12:55:00,34.05,34.175,34.0414,34.15,20822
2026-04-07 13:00:00,34.18,34.24,34.06,34.13,28459
2026-04-07 13:05:00,34.15,34.195,34.1329,34.17,9967
2026-04-07 13:10:00,34.2,34.26,34.15,34.23,13884
2026-04-07 13:15:00,34.23,34.25,34.1514,34.2321,4772
2026-04-07 13:20:00,34.24,34.35,34.24,34.32,15874
2026-04-07 13:25:00,34.33,34.4399,34.31,34.39,30788
2026-04-07 13:30:00,34.37,34.4,34.17,34.18,21841
2026-04-07 13:35:00,34.17,34.17,33.94,34.07,23992
2026-04-07 13:40:00,34.09,34.315,34.09,34.315,15945
2026-04-07 13:45:00,34.3,34.385,34.3,34.34,12290
2026-04-07 13:50:00,34.32,34.33,34.13,34.19,23950
2026-04-07 13:55:00,34.2,34.25,34.15,34.2499,31941
2026-04-07 14:00:00,34.23,34.35,34.2,34.33,27209
2026-04-07 14:05:00,34.33,34.41,34.33,34.365,8403
2026-04-07 14:10:00,34.37,34.4,34.3,34.31,24623
2026-04-07 14:15:00,34.32,34.339,34.19,34.21,29799
2026-04-07 14:20:00,34.21,34.36,34.195,34.36,9729
2026-04-07 14:25:00,34.35,34.4,34.34,34.385,11987
2026-04-07 14:30:00,34.4,34.47,34.4,34.47,13890
2026-04-07 14:35:00,34.465,34.62,34.4593,34.5801,13295
2026-04-07 14:40:00,34.59,34.74,34.59,34.67,15853
2026-04-07 14:45:00,34.69,34.82,34.67,34.81,44382
2026-04-07 14:50:00,34.81,34.94,34.81,34.94,37327
2026-04-07 14:55:00,34.95,35.1,34.925,34.93,34103
2026-04-07 15:00:00,34.945,35.01,34.88,34.99,41233
2026-04-07 15:05:00,34.99,35.1,34.84,34.96,57428
2026-04-07 15:10:00,34.97,34.97,34.72,34.735,36647
2026-04-07 15:15:00,34.7,34.73,33.96,34.04,103052
2026-04-07 15:20:00,34,34.26,33.93,34.145,79963
2026-04-07 15:25:00,34.16,34.26,34.09,34.17,42246
2026-04-07 15:30:00,34.19,34.3,34.15,34.26,78417
2026-04-07 15:35:00,34.3,34.45,34.3,34.44,55325
2026-04-07 15:40:00,34.45,34.48,34.22,34.28,77620
2026-04-07 15:45:00,34.31,34.385,33.61,33.98,223535
2026-04-07 15:50:00,33.97,34.01,33.645,33.66,115310
2026-04-07 15:55:00,33.65,33.95,33.63,33.94,338405
2026-04-07 16:00:00,33.86,33.9779,33.73,33.73,15213
2026-04-07 16:05:00,33.8,33.8,33.75,33.75,550
2026-04-07 16:10:00,33.71,33.71,33.7,33.7,227
2026-04-07 16:15:00,33.71,33.71,33.6769,33.6769,742
2026-04-07 16:20:00,33.77,33.77,33.69,33.76,400
2026-04-07 16:25:00,33.799,33.799,33.7,33.72,3066
2026-04-07 16:30:00,33.66,33.66,33.55,33.55,1798
2026-04-07 16:35:00,33.65,33.65,33.65,33.65,100
2026-04-07 16:40:00,33.61,33.61,33.4205,33.4205,13600
2026-04-07 16:45:00,33.5,33.5,33.4611,33.47,1200
2026-04-07 16:50:00,33.4489,33.54,33.4489,33.48,450
2026-04-07 16:55:00,33.48,33.5,33.4451,33.5,5600
2026-04-07 17:00:00,33.44,33.47,33.43,33.47,1236
2026-04-07 17:05:00,33.53,33.53,33.46,33.46,350
2026-04-07 17:10:00,33.4045,33.4045,33.4045,33.4045,100
2026-04-07 17:15:00,33.5,33.5,33.5,33.5,106
2026-04-07 17:20:00,33.51,33.79,33.5,33.79,400
2026-04-07 17:25:00,33.76,33.76,33.76,33.76,100
2026-04-07 17:40:00,33.54,33.74,33.52,33.74,808
2026-04-07 17:50:00,33.74,33.74,33.74,33.74,600
2026-04-07 17:55:00,33.4139,33.4139,33.4139,33.4139,400
2026-04-07 18:00:00,33.43,33.43,32.56,32.82,20220
2026-04-07 18:05:00,32.9,32.9,32.61,32.73,3472
2026-04-07 18:10:00,32.78,32.8,32.76,32.8,2575
2026-04-07 18:15:00,32.86,32.9214,32.7906,32.7906,750
2026-04-07 18:20:00,32.89,32.9287,32.79,32.8,2600
2026-04-07 18:25:00,32.74,32.8448,32.73,32.75,2186
2026-04-07 18:30:00,32.77,33.55,32.18,32.28,23342
2026-04-07 18:35:00,32.15,32.22,31.66,31.66,9459
2026-04-07 18:40:00,31.7399,31.94,31.66,31.76,10340
2026-04-07 18:45:00,31.9099,31.97,31.86,31.8998,6424
2026-04-07 18:50:00,31.7937,31.81,31.65,31.68,6762
2026-04-07 18:55:00,31.68,31.7,31.5,31.5,9420
2026-04-07 19:00:00,31.44,31.45,31.3143,31.3143,2933
2026-04-07 19:05:00,31.51,31.51,31.39,31.413,12449
2026-04-07 19:10:00,31.4757,31.4757,31.34,31.42,5235
2026-04-07 19:15:00,31.331,31.38,31.331,31.35,2650
2026-04-07 19:20:00,31.3,31.3684,31.14,31.14,2194
2026-04-07 19:25:00,31.12,31.2323,31.04,31.15,17160
2026-04-07 19:30:00,31.15,31.2,31.12,31.2,1200
2026-04-07 19:35:00,31.28,31.3,31.25,31.3,3200
2026-04-07 19:40:00,31.2248,31.37,31.2172,31.37,2745
2026-04-07 19:45:00,31.42,31.42,31.29,31.29,2368
2026-04-07 19:50:00,31.2108,31.3323,31.15,31.15,670
2026-04-07 19:55:00,31.27,31.28,31.27,31.28,400
2026-04-08 04:00:00,30.86,31.02,30.5,30.751,76130
2026-04-08 04:05:00,30.8,30.84,30.63,30.83,4266
2026-04-08 04:10:00,30.85,30.85,30.77,30.82,982
2026-04-08 04:15:00,30.74,30.74,30.74,30.74,300
2026-04-08 04:20:00,30.71,30.71,30.71,30.71,100
2026-04-08 04:30:00,30.69,30.69,30.67,30.68,680
2026-04-08 04:35:00,30.65,30.74,30.54,30.54,2843
2026-04-08 04:40:00,30.77,30.78,30.77,30.78,740
2026-04-08 04:45:00,30.66,30.66,30.59,30.63,9144
2026-04-08 04:50:00,30.63,30.63,30.63,30.63,500
2026-04-08 04:55:00,30.67,30.67,30.67,30.67,125
2026-04-08 05:00:00,30.58,30.58,30.58,30.58,100
2026-04-08 05:10:00,30.48,30.48,30.48,30.48,200
2026-04-08 05:15:00,30.52,30.52,30.46,30.47,800
2026-04-08 05:20:00,30.4653,30.49,30.4653,30.49,400
2026-04-08 05:25:00,30.4662,30.54,30.4662,30.5,1699
2026-04-08 05:30:00,30.49,30.49,30.46,30.46,375
2026-04-08 05:40:00,30.62,30.62,30.62,30.62,200
2026-04-08 05:45:00,30.64,30.64,30.6,30.6,360
2026-04-08 05:50:00,30.54,30.54,30.53,30.53,500
2026-04-08 06:00:00,30.53,30.59,30.52,30.59,650
2026-04-08 06:05:00,30.59,30.61,30.53,30.53,1248
2026-04-08 06:10:00,30.57,30.64,30.57,30.64,325
2026-04-08 06:15:00,30.67,30.67,30.67,30.67,100
2026-04-08 06:30:00,30.62,30.67,30.62,30.65,955
2026-04-08 06:35:00,30.62,30.62,30.6,30.6,354
2026-04-08 06:40:00,30.65,30.67,30.59,30.59,1364
2026-04-08 06:45:00,30.59,30.6,30.59,30.6,1215
2026-04-08 06:50:00,30.57,30.59,30.54,30.59,4680
2026-04-08 06:55:00,30.59,30.6,30.56,30.6,1860
2026-04-08 07:00:00,30.59,30.629,30.56,30.56,5015
2026-04-08 07:05:00,30.59,30.64,30.55,30.55,1745
2026-04-08 07:10:00,30.58,30.58,30.5465,30.58,2473
2026-04-08 07:15:00,30.5982,30.5982,30.54,30.55,1475
2026-04-08 07:20:00,30.58,30.59,30.48,30.49,7389
2026-04-08 07:25:00,30.48,30.55,30.48,30.55,2920
2026-04-08 07:30:00,30.5,30.52,30.5,30.52,3125
2026-04-08 07:35:00,30.5535,30.57,30.51,30.55,1650
2026-04-08 07:40:00,30.5,30.53,30.5,30.53,225
2026-04-08 07:45:00,30.55,30.59,30.52,30.58,1350
2026-04-08 07:55:00,30.61,30.62,30.61,30.62,1100
2026-04-08 08:00:00,30.59,30.6,30.54,30.5491,2131
2026-04-08 08:05:00,30.55,30.6,30.5,30.6,2224
2026-04-08 08:10:00,30.6,30.61,30.5,30.5,5634
2026-04-08 08:15:00,30.52,30.64,30.48,30.62,8900
2026-04-08 08:20:00,30.69,31.24,30.69,31.1,20404
2026-04-08 08:25:00,31.1,31.1122,30.8785,30.8785,7597
2026-04-08 08:30:00,30.9096,30.9197,30.7,30.7,6705
2026-04-08 08:35:00,30.67,30.67,30.62,30.65,2758
2026-04-08 08:40:00,30.65,30.7,30.63,30.65,5256
2026-04-08 08:45:00,30.63,30.66,30.58,30.59,3443
2026-04-08 08:50:00,30.59,30.6,30.56,30.563,826
2026-04-08 08:55:00,30.63,30.65,30.62,30.64,1025
2026-04-08 09:00:00,30.57,30.57,30.54,30.54,1419
2026-04-08 09:05:00,30.54,30.59,30.52,30.52,2088
2026-04-08 09:10:00,30.55,30.55,30.52,30.52,2620
2026-04-08 09:15:00,30.55,30.59,30.52,30.57,3880
2026-04-08 09:20:00,30.55,30.56,30.47,30.47,1499
2026-04-08 09:25:00,30.45,30.46,30.41,30.45,6039
2026-04-08 09:30:00,30.49,30.54,30.2801,30.29,152863
2026-04-08 09:35:00,30.31,30.35,30.021,30.3001,81863
2026-04-08 09:40:00,30.28,30.75,30.25,30.6289,63217
2026-04-08 09:45:00,30.61,30.65,30.25,30.26,60292
2026-04-08 09:50:00,30.279,30.73,30.279,30.7,36661
2026-04-08 09:55:00,30.66,30.75,30.58,30.59,43795
2026-04-08 10:00:00,30.6,30.6475,30.46,30.47,16544
2026-04-08 10:05:00,30.46,30.89,30.46,30.7101,30586
2026-04-08 10:10:00,30.62,30.74,30.535,30.57,16264
2026-04-08 10:15:00,30.5663,30.6,30.46,30.58,21898
2026-04-08 10:20:00,30.49,30.58,30.4401,30.5618,12674
2026-04-08 10:25:00,30.57,30.77,30.55,30.77,21957
2026-04-08 10:30:00,30.74,30.91,30.655,30.84,36160
2026-04-08 10:35:00,30.82,30.9589,30.77,30.9,11470
2026-04-08 10:40:00,30.91,30.93,30.76,30.92,23197
2026-04-08 10:45:00,30.91,31.1099,30.88,30.9,25529
2026-04-08 10:50:00,30.97,31.14,30.9011,31.09,32400
2026-04-08 10:55:00,31.12,31.74,31.11,31.445,84510
2026-04-08 11:00:00,31.44,31.44,31.13,31.2,27469
2026-04-08 11:05:00,31.24,31.4,31.18,31.4,15797
2026-04-08 11:10:00,31.4,31.44,31.16,31.175,10896
2026-04-08 11:15:00,31.19,31.21,31.1,31.11,12201
2026-04-08 11:20:00,31.1199,31.19,31.07,31.09,10548
2026-04-08 11:25:00,31.06,31.16,31.01,31.16,9334
2026-04-08 11:30:00,31.13,31.24,31.1,31.11,12097
2026-04-08 11:35:00,31.1,31.11,30.99,31.02,13466
2026-04-08 11:40:00,31.05,31.1296,31.02,31.025,8529
2026-04-08 11:45:00,31.02,31.03,30.95,30.9997,8283
2026-04-08 11:50:00,30.99,31.02,30.9555,31.0113,5811
2026-04-08 11:55:00,30.99,30.99,30.925,30.98,14299
2026-04-08 12:00:00,30.965,30.965,30.83,30.91,15790
2026-04-08 12:05:00,30.845,30.89,30.83,30.85,15302
2026-04-08 12:10:00,30.8413,30.92,30.795,30.92,28174
2026-04-08 12:15:00,30.91,30.9901,30.9,30.92,18632
2026-04-08 12:20:00,30.92,30.95,30.86,30.89,8630
2026-04-08 12:25:00,30.92,30.92,30.86,30.89,4850
2026-04-08 12:30:00,30.88,30.9,30.75,30.78,9892
2026-04-08 12:35:00,30.7997,30.85,30.78,30.78,21422
2026-04-08 12:40:00,30.785,30.785,30.6101,30.615,17116
2026-04-08 12:45:00,30.615,30.63,30.58,30.63,19657
2026-04-08 12:50:00,30.62,30.67,30.59,30.67,6728
2026-04-08 12:55:00,30.68,30.68,30.6213,30.66,8925
2026-04-08 13:00:00,30.635,30.72,30.61,30.72,3308
2026-04-08 13:05:00,30.72,30.85,30.72,30.85,15318
2026-04-08 13:10:00,30.87,30.88,30.8,30.82,34148
2026-04-08 13:15:00,30.78,30.92,30.76,30.91,6088
2026-04-08 13:20:00,30.89,31.02,30.85,30.99,156295
2026-04-08 13:25:00,31.01,31.09,30.98,31.06,8195
2026-04-08 13:30:00,31.0699,31.125,31.0301,31.085,16738
2026-04-08 13:35:00,31.0901,31.15,30.9801,31.05,28292
2026-04-08 13:40:00,31.05,31.09,30.95,30.95,7080
2026-04-08 13:45:00,30.99,30.99,30.89,30.97,16055
2026-04-08 13:50:00,30.96,30.97,30.91,30.96,4100
2026-04-08 13:55:00,30.97,30.97,30.87,30.87,2534
2026-04-08 14:00:00,30.89,30.89,30.6797,30.68,57111
2026-04-08 14:05:00,30.68,30.73,30.66,30.66,86152
2026-04-08 14:10:00,30.67,30.72,30.67,30.68,15921
2026-04-08 14:15:00,30.66,31.11,30.63,30.94,53986
2026-04-08 14:20:00,30.92,30.95,30.82,30.91,24644
2026-04-08 14:25:00,30.915,30.96,30.835,30.94,33749
2026-04-08 14:30:00,30.93,30.98,30.87,30.92,12079
2026-04-08 14:35:00,30.89,30.97,30.88,30.969,11413
2026-04-08 14:40:00,30.975,31.08,30.975,31.08,38242
2026-04-08 14:45:00,31.085,31.11,30.94,31.095,42348
2026-04-08 14:50:00,31.095,31.14,31,31.05,16527
2026-04-08 14:55:00,31.065,31.36,31.065,31.305,37130
2026-04-08 15:00:00,31.32,31.33,31.13,31.1689,21887
2026-04-08 15:05:00,31.13,31.175,30.97,31.02,23862
2026-04-08 15:10:00,30.92,30.94,30.81,30.87,11821
2026-04-08 15:15:00,30.8501,30.9837,30.82,30.9837,27528
2026-04-08 15:20:00,31.01,31.13,31,31.07,12591
2026-04-08 15:25:00,31.005,31.205,30.995,31.2,15006
2026-04-08 15:30:00,31.15,31.15,31.03,31.03,9530
2026-04-08 15:35:00,30.99,31.01,30.8599,30.88,42352
2026-04-08 15:40:00,30.9199,30.96,30.805,30.835,19710
2026-04-08 15:45:00,30.83,30.855,30.78,30.81,28793
2026-04-08 15:50:00,30.79,30.8,30.635,30.695,55435
2026-04-08 15:55:00,30.7,30.73,30.53,30.56,107551
2026-04-08 16:00:00,30.86,30.86,30.51,30.61,34478
2026-04-08 16:05:00,30.65,30.65,30.65,30.65,100
2026-04-08 16:15:00,30.69,30.72,30.69,30.72,1400
2026-04-08 16:20:00,30.8,30.8,30.8,30.8,1000
2026-04-08 16:25:00,30.8,30.8,30.8,30.8,900
2026-04-08 16:40:00,30.8,30.8,30.8,30.8,459
2026-04-08 16:50:00,30.8184,30.8184,30.8184,30.8184,175
2026-04-08 16:55:00,30.85,30.85,30.84,30.84,220
2026-04-08 18:00:00,30.98,30.98,30.8,30.8,600
2026-04-08 18:05:00,30.8,30.8,30.6616,30.6616,3272
2026-04-08 18:10:00,30.75,30.76,30.75,30.76,905
2026-04-08 18:15:00,30.84,30.84,30.84,30.84,324
2026-04-08 18:20:00,30.84,30.84,30.84,30.84,100
2026-04-08 18:25:00,30.79,30.88,30.79,30.86,568
2026-04-08 18:30:00,30.8681,30.88,30.85,30.88,700
2026-04-08 18:35:00,30.85,30.85,30.85,30.85,500
2026-04-08 18:45:00,30.89,30.89,30.89,30.89,200
2026-04-08 18:50:00,30.9,30.9,30.9,30.9,100
2026-04-08 19:00:00,30.9,30.9,30.9,30.9,100
2026-04-08 19:05:00,30.84,30.84,30.84,30.84,125
2026-04-08 19:10:00,30.8439,30.8794,30.8439,30.8794,200
2026-04-08 19:20:00,30.93,30.95,30.93,30.95,1767
2026-04-08 19:25:00,30.9,30.9,30.9,30.9,100
2026-04-08 19:30:00,30.92,30.92,30.92,30.92,100
2026-04-08 19:40:00,30.92,30.92,30.92,30.92,100
2026-04-08 19:45:00,30.92,30.92,30.92,30.92,504
2026-04-08 19:55:00,30.97,30.97,30.97,30.97,280
2026-04-09 04:00:00,30.91,31.15,30.75,31.14,8922
2026-04-09 04:10:00,31.17,31.17,31.17,31.17,1000
2026-04-09 04:20:00,31.11,31.11,31.11,31.11,771
2026-04-09 04:25:00,31.09,31.09,31.09,31.09,100
2026-04-09 04:35:00,31.01,31.01,31.01,31.01,120
2026-04-09 04:40:00,31.02,31.02,31,31,660
2026-04-09 04:45:00,30.92,30.95,30.91,30.95,880
2026-04-09 04:55:00,30.96,30.96,30.96,30.96,120
2026-04-09 05:05:00,31.05,31.05,31.05,31.05,125
2026-04-09 05:10:00,30.94,30.94,30.94,30.94,120
2026-04-09 05:15:00,30.9,30.9,30.9,30.9,100
2026-04-09 05:20:00,30.92,30.92,30.92,30.92,200
2026-04-09 06:05:00,30.95,30.95,30.91,30.92,1130
2026-04-09 06:10:00,30.9,30.9,30.9,30.9,350
2026-04-09 06:15:00,30.95,30.95,30.95,30.95,100
2026-04-09 06:30:00,30.9,30.9,30.9,30.9,120
2026-04-09 06:40:00,30.9,30.9,30.9,30.9,100
2026-04-09 06:45:00,30.91,30.91,30.88,30.88,600
2026-04-09 06:50:00,30.91,31.03,30.91,31.03,300
2026-04-09 06:55:00,30.96,30.97,30.96,30.97,360
2026-04-09 07:00:00,30.99,31.06,30.99,31.06,200
2026-04-09 07:05:00,31.12,31.12,31.12,31.12,420
2026-04-09 07:10:00,31.1053,31.1053,31.06,31.06,300
2026-04-09 07:20:00,31.1,31.1,31.1,31.1,250
2026-04-09 07:25:00,31.12,31.1383,31.12,31.1383,600
2026-04-09 07:30:00,31.1198,31.13,31.1,31.1255,1602
2026-04-09 07:35:00,31.05,31.05,31,31,350
2026-04-09 07:40:00,30.92,30.97,30.92,30.95,830
2026-04-09 07:45:00,30.9,30.9,30.85,30.85,3666
2026-04-09 07:50:00,30.87,30.87,30.87,30.87,295
2026-04-09 07:55:00,30.9,30.92,30.9,30.92,400
2026-04-09 08:00:00,30.86,30.87,30.86,30.87,902
2026-04-09 08:10:00,30.86,30.89,30.86,30.88,894
2026-04-09 08:15:00,30.9,30.9,30.9,30.9,260
2026-04-09 08:20:00,30.9,30.92,30.9,30.9101,600
2026-04-09 08:30:00,31.07,31.07,30.96,30.96,360
2026-04-09 08:35:00,31.0286,31.0286,30.95,30.95,3100
2026-04-09 08:40:00,30.82,30.87,30.82,30.87,2007
2026-04-09 08:45:00,30.89,30.89,30.89,30.89,1140
2026-04-09 09:00:00,30.95,31,30.95,30.98,414
2026-04-09 09:05:00,30.9,30.95,30.9,30.95,735
2026-04-09 09:10:00,30.959,30.96,30.9,30.9,840
2026-04-09 09:20:00,30.9,30.93,30.88,30.9,9383
2026-04-09 09:25:00,30.93,30.93,30.82,30.83,1418
2026-04-09 09:30:00,30.81,30.81,30.7,30.8,50538
2026-04-09 09:35:00,30.835,30.845,30.66,30.685,14279
2026-04-09 09:40:00,30.69,30.78,30.63,30.69,14590
2026-04-09 09:45:00,30.695,30.75,30.655,30.67,8594
2026-04-09 09:50:00,30.68,30.88,30.68,30.86,11315
2026-04-09 09:55:00,30.88,30.9,30.78,30.83,12085
2026-04-09 10:00:00,30.8088,30.82,30.67,30.68,20748
2026-04-09 10:05:00,30.7,30.73,30.63,30.68,20484
2026-04-09 10:10:00,30.705,30.72,30.58,30.7,20504
2026-04-09 10:15:00,30.7,30.81,30.67,30.7166,34097
2026-04-09 10:20:00,30.7,30.71,30.55,30.5802,18152
2026-04-09 10:25:00,30.59,30.74,30.59,30.72,22904
2026-04-09 10:30:00,30.67,30.72,30.59,30.59,32990
2026-04-09 10:35:00,30.585,30.67,30.57,30.59,27174
2026-04-09 10:40:00,30.59,30.64,30.56,30.6099,15322
2026-04-09 10:45:00,30.5997,30.5997,30.49,30.54,18826
2026-04-09 10:50:00,30.53,30.53,30.34,30.3501,36118
2026-04-09 10:55:00,30.3499,30.41,30.31,30.395,19664
2026-04-09 11:00:00,30.39,30.48,30.34,30.43,8350
2026-04-09 11:05:00,30.42,30.48,30.41,30.4399,4284
2026-04-09 11:10:00,30.41,30.46,30.35,30.35,7012
2026-04-09 11:15:00,30.33,30.33,30.205,30.2193,12161
2026-04-09 11:20:00,30.21,30.25,30.2,30.21,11809
2026-04-09 11:25:00,30.24,30.335,30.24,30.32,3370
2026-04-09 11:30:00,30.32,30.32,29.93,30.01,59992
2026-04-09 11:35:00,29.98,30.0703,29.93,30.0486,14418
2026-04-09 11:40:00,30,30.06,29.94,30.035,17756
2026-04-09 11:45:00,30.08,30.11,29.9,29.97,7701
2026-04-09 11:50:00,29.98,29.98,29.84,29.91,12817
2026-04-09 11:55:00,29.9,29.94,29.88,29.92,25599
2026-04-09 12:00:00,29.92,29.92,29.705,29.75,40895
2026-04-09 12:05:00,29.76,29.8,29.6712,29.75,28123
2026-04-09 12:10:00,29.72,29.75,29.68,29.75,24304
2026-04-09 12:15:00,29.74,29.74,29.59,29.59,28886
2026-04-09 12:20:00,29.59,29.65,29.59,29.6222,13620
2026-04-09 12:25:00,29.6201,29.6649,29.59,29.61,12667
2026-04-09 12:30:00,29.6,29.66,29.5899,29.625,12361
2026-04-09 12:35:00,29.625,29.695,29.6101,29.66,7533
2026-04-09 12:40:00,29.7,29.715,29.675,29.69,7772
2026-04-09 12:45:00,29.695,29.74,29.68,29.69,25649
2026-04-09 12:50:00,29.68,29.68,29.6,29.635,40748
2026-04-09 12:55:00,29.63,29.68,29.63,29.6599,13650
2026-04-09 13:00:00,29.6566,29.66,29.625,29.625,8932
2026-04-09 13:05:00,29.63,29.65,29.595,29.6,7936
2026-04-09 13:10:00,29.63,29.63,29.57,29.61,6923
2026-04-09 13:15:00,29.615,29.615,29.575,29.605,3186
2026-04-09 13:20:00,29.61,29.625,29.605,29.605,1340
2026-04-09 13:25:00,29.6001,29.6201,29.59,29.6099,10757
2026-04-09 13:30:00,29.615,29.68,29.6,29.61,49480
2026-04-09 13:35:00,29.595,29.605,29.52,29.525,23469
2026-04-09 13:40:00,29.54,29.54,29.45,29.465,20907
2026-04-09 13:45:00,29.47,29.49,29.435,29.455,12475
2026-04-09 13:50:00,29.455,29.53,29.455,29.515,15009
2026-04-09 13:55:00,29.52,29.54,29.51,29.525,9005
2026-04-09 14:00:00,29.52,29.8,29.51,29.715,24153
2026-04-09 14:05:00,29.71,29.73,29.6,29.69,16753
2026-04-09 14:10:00,29.67,29.75,29.67,29.71,7692
2026-04-09 14:15:00,29.71,29.72,29.64,29.7,26200
2026-04-09 14:20:00,29.685,29.81,29.6765,29.77,19139
2026-04-09 14:25:00,29.77,29.87,29.75,29.79,20288
2026-04-09 14:30:00,29.74,29.84,29.74,29.79,7554
2026-04-09 14:35:00,29.785,29.79,29.63,29.64,11651
2026-04-09 14:40:00,29.6474,29.77,29.64,29.75,6099
2026-04-09 14:45:00,29.735,29.74,29.6493,29.67,2700
2026-04-09 14:50:00,29.64,29.69,29.62,29.665,3114
2026-04-09 14:55:00,29.61,29.61,29.57,29.59,31972
2026-04-09 15:00:00,29.61,29.62,29.48,29.52,13066
2026-04-09 15:05:00,29.53,29.57,29.49,29.5,6300
2026-04-09 15:10:00,29.52,29.55,29.5,29.55,6393
2026-04-09 15:15:00,29.52,29.64,29.52,29.63,127379
2026-04-09 15:20:00,29.64,29.66,29.62,29.62,9213
2026-04-09 15:25:00,29.61,29.63,29.54,29.59,11796
2026-04-09 15:30:00,29.585,29.585,29.4601,29.51,18116
2026-04-09 15:35:00,29.51,29.56,29.5,29.53,7951
2026-04-09 15:40:00,29.5301,29.545,29.505,29.54,40785
2026-04-09 15:45:00,29.54,29.56,29.4801,29.495,43224
2026-04-09 15:50:00,29.5,29.5,29.385,29.385,105002
2026-04-09 15:55:00,29.39,29.47,29.38,29.405,77050
2026-04-09 16:00:00,28.98,29.55,28.98,29.55,5749
2026-04-09 16:05:00,29.539,29.55,29.5,29.52,3477
2026-04-09 16:15:00,29.5265,29.5265,29.4722,29.4722,370
2026-04-09 16:20:00,29.4609,29.4609,29.4609,29.4609,200
2026-04-09 16:25:00,29.42,29.42,29.42,29.42,910
2026-04-09 16:30:00,29.4783,29.4783,29.41,29.41,729
2026-04-09 16:40:00,29.4,29.4,29.4,29.4,1250
2026-04-09 17:00:00,29.3834,29.3834,29.3834,29.3834,128
2026-04-09 17:05:00,29.45,29.45,29.45,29.45,470
2026-04-09 17:15:00,29.59,29.59,29.59,29.59,500
2026-04-09 17:25:00,29.5875,29.5875,29.5875,29.5875,500
2026-04-09 17:50:00,29.5,29.5,29.5,29.5,500
2026-04-09 18:00:00,29.452,29.452,29.452,29.452,100
2026-04-09 18:05:00,29.45,29.45,29.45,29.45,600
2026-04-09 18:15:00,29.46,29.46,29.46,29.46,100
2026-04-09 18:20:00,29.47,29.47,29.4685,29.4685,200
2026-04-09 18:30:00,29.45,29.45,29.45,29.45,200
2026-04-09 18:40:00,29.46,29.46,29.46,29.46,504
2026-04-09 18:55:00,29.55,29.55,29.55,29.55,300
2026-04-09 19:00:00,29.5302,29.5302,29.5302,29.5302,200
2026-04-09 19:05:00,29.57,29.57,29.55,29.55,400
2026-04-09 19:15:00,29.56,29.56,29.56,29.56,100
2026-04-09 19:20:00,29.54,29.59,29.52,29.59,798
2026-04-09 19:30:00,29.59,29.59,29.59,29.59,100
2026-04-09 19:40:00,29.59,29.59,29.59,29.59,500
2026-04-09 19:45:00,29.52,29.53,29.52,29.53,200
2026-04-09 19:50:00,29.51,29.52,29.51,29.52,200
2026-04-09 19:55:00,29.52,29.52,29.49,29.49,200
2026-04-10 04:00:00,29.36,29.42,29.36,29.42,1872
2026-04-10 04:25:00,29.35,29.35,29.35,29.35,150
2026-04-10 04:40:00,29.34,29.34,29.34,29.34,200
2026-04-10 04:45:00,29.39,29.39,29.38,29.38,220
2026-04-10 04:55:00,29.45,29.46,29.45,29.46,809
2026-04-10 05:05:00,29.41,29.41,29.41,29.41,220
2026-04-10 05:10:00,29.38,29.38,29.38,29.38,100
2026-04-10 05:15:00,29.35,29.35,29.28,29.31,1510
2026-04-10 05:20:00,29.31,29.41,29.31,29.41,300
2026-04-10 05:40:00,29.39,29.39,29.38,29.38,377
2026-04-10 05:55:00,29.35,29.35,29.35,29.35,200
2026-04-10 06:10:00,29.38,29.38,29.37,29.37,1717
2026-04-10 06:20:00,29.32,29.32,29.32,29.32,240
2026-04-10 06:25:00,29.33,29.33,29.32,29.33,360
2026-04-10 06:30:00,29.33,29.33,29.32,29.32,480
2026-04-10 06:35:00,29.33,29.36,29.33,29.36,440
2026-04-10 06:40:00,29.32,29.32,29.32,29.32,221
2026-04-10 06:55:00,29.35,29.37,29.34,29.35,3064
2026-04-10 07:00:00,29.36,29.36,29.31,29.31,498
2026-04-10 07:05:00,29.36,29.37,29.36,29.37,1300
2026-04-10 07:20:00,29.34,29.35,29.34,29.35,1200
2026-04-10 07:30:00,29.35,29.35,29.35,29.35,4027
2026-04-10 07:35:00,29.36,29.4017,29.36,29.4017,2500
2026-04-10 07:50:00,29.37,29.37,29.36,29.36,300
2026-04-10 07:55:00,29.42,29.42,29.42,29.42,200
2026-04-10 08:00:00,29.41,29.41,29.41,29.41,200
2026-04-10 08:05:00,29.43,29.44,29.39,29.39,880
2026-04-10 08:10:00,29.4,29.4,29.4,29.4,170
2026-04-10 08:15:00,29.37,29.38,29.32,29.32,600
2026-04-10 08:20:00,29.41,29.47,29.41,29.44,1000
2026-04-10 08:25:00,29.43,29.43,29.36,29.36,700
2026-04-10 08:30:00,29.25,29.38,29.15,29.3025,2980
2026-04-10 08:35:00,29.26,29.26,29.26,29.26,381
2026-04-10 08:40:00,29.24,29.31,29.24,29.26,870
2026-04-10 08:45:00,29.27,29.27,29.27,29.27,200
2026-04-10 08:55:00,29.31,29.32,29.25,29.28,2174
2026-04-10 09:00:00,29.29,29.29,29.25,29.26,540
2026-04-10 09:05:00,29.28,29.28,29.28,29.28,300
2026-04-10 09:10:00,29.27,29.27,29.24,29.24,520
2026-04-10 09:15:00,29.27,29.3,29.25,29.25,1117
2026-04-10 09:20:00,29.25,29.25,29.24,29.24,921
2026-04-10 09:25:00,29.25,29.26,29.21,29.2422,2748
2026-04-10 09:30:00,29.25,29.2987,29.155,29.29,71684
2026-04-10 09:35:00,29.31,29.37,29.22,29.325,39194
2026-04-10 09:40:00,29.33,29.33,29.235,29.29,17308
2026-04-10 09:45:00,29.25,29.26,29.2199,29.24,10975
2026-04-10 09:50:00,29.25,29.28,29.19,29.19,35776
2026-04-10 09:55:00,29.17,29.18,29.12,29.1323,12524
2026-04-10 10:00:00,29.14,29.23,29.1,29.135,25600
2026-04-10 10:05:00,29.1201,29.2,29.1,29.18,16981
2026-04-10 10:10:00,29.18,29.24,29.12,29.12,19774
2026-04-10 10:15:00,29.1299,29.16,29.09,29.13,12915
2026-04-10 10:20:00,29.13,29.1678,29.105,29.11,74179
2026-04-10 10:25:00,29.11,29.15,29.09,29.12,22266
2026-04-10 10:30:00,29.12,29.17,29.08,29.165,5984
2026-04-10 10:35:00,29.17,29.23,29.155,29.23,53682
2026-04-10 10:40:00,29.23,29.48,29.23,29.35,37997
2026-04-10 10:45:00,29.34,29.455,29.29,29.455,13317
2026-04-10 10:50:00,29.43,29.5,29.37,29.5,8122
2026-04-10 10:55:00,29.5,29.52,29.4262,29.44,27421
2026-04-10 11:00:00,29.44,29.47,29.43,29.46,8690
2026-04-10 11:05:00,29.45,29.48,29.35,29.385,12352
2026-04-10 11:10:00,29.38,29.4,29.34,29.37,25751
2026-04-10 11:15:00,29.38,29.4,29.36,29.38,7878
2026-04-10 11:20:00,29.38,29.42,29.36,29.37,7359
2026-04-10 11:25:00,29.39,29.47,29.38,29.47,10844
2026-04-10 11:30:00,29.46,29.64,29.42,29.64,172483
2026-04-10 11:35:00,29.63,29.69,29.59,29.6798,51174
2026-04-10 11:40:00,29.67,29.74,29.615,29.615,46274
2026-04-10 11:45:00,29.62,29.73,29.59,29.715,23577
2026-04-10 11:50:00,29.71,29.78,29.7,29.7799,10170
2026-04-10 11:55:00,29.79,29.88,29.785,29.84,31645
2026-04-10 12:00:00,29.82,29.9,29.82,29.87,9414
2026-04-10 12:05:00,29.83,29.9,29.75,29.8,9396
2026-04-10 12:10:00,29.78,29.78,29.51,29.57,17007
2026-04-10 12:15:00,29.59,29.6825,29.58,29.67,15963
2026-04-10 12:20:00,29.71,29.74,29.65,29.65,5656
2026-04-10 12:25:00,29.65,29.72,29.65,29.71,13567
2026-04-10 12:30:00,29.7099,29.75,29.625,29.73,64436
2026-04-10 12:35:00,29.73,29.82,29.73,29.79,12340
2026-04-10 12:40:00,29.805,29.93,29.79,29.88,18318
2026-04-10 12:45:00,29.87,29.8978,29.775,29.7999,15228
2026-04-10 12:50:00,29.755,29.84,29.72,29.75,18824
2026-04-10 12:55:00,29.76,29.8,29.74,29.78,6913
2026-04-10 13:00:00,29.77,29.93,29.77,29.91,6816
2026-04-10 13:05:00,29.925,29.95,29.89,29.9301,5054
2026-04-10 13:10:00,29.93,29.985,29.84,29.885,14340
2026-04-10 13:15:00,29.86,29.9607,29.84,29.94,14339
2026-04-10 13:20:00,29.93,29.99,29.92,29.95,20374
2026-04-10 13:25:00,29.945,29.995,29.88,29.98,8267
2026-04-10 13:30:00,30,30.05,29.9232,29.935,12378
2026-04-10 13:35:00,29.93,29.95,29.87,29.88,9428
2026-04-10 13:40:00,29.885,29.89,29.785,29.81,20768
2026-04-10 13:45:00,29.83,29.84,29.77,29.79,15895
2026-04-10 13:50:00,29.79,29.8,29.76,29.76,35473
2026-04-10 13:55:00,29.77,29.7814,29.76,29.77,15265
2026-04-10 14:00:00,29.78,29.85,29.77,29.83,12165
2026-04-10 14:05:00,29.85,29.87,29.8,29.85,4153
2026-04-10 14:10:00,29.84,29.85,29.79,29.79,8406
2026-04-10 14:15:00,29.79,29.79,29.7,29.7,8172
2026-04-10 14:20:00,29.71,29.77,29.685,29.77,12821
2026-04-10 14:25:00,29.78,29.81,29.77,29.78,7066
2026-04-10 14:30:00,29.8,29.85,29.79,29.79,9628
2026-04-10 14:35:00,29.81,29.81,29.73,29.75,4371
2026-04-10 14:40:00,29.74,29.795,29.74,29.79,3520
2026-04-10 14:45:00,29.8,29.84,29.77,29.81,5872
2026-04-10 14:50:00,29.81,29.86,29.81,29.8466,15560
2026-04-10 14:55:00,29.835,29.865,29.78,29.7899,8217
2026-04-10 15:00:00,29.765,29.78,29.685,29.69,6848
2026-04-10 15:05:00,29.665,29.71,29.64,29.6793,10581
2026-04-10 15:10:00,29.66,29.675,29.61,29.6385,5115
2026-04-10 15:15:00,29.65,29.7,29.65,29.69,13820
2026-04-10 15:20:00,29.68,29.7,29.65,29.69,9078
2026-04-10 15:25:00,29.69,29.74,29.68,29.68,141955
2026-04-10 15:30:00,29.699,29.745,29.69,29.7,127806
2026-04-10 15:35:00,29.695,29.7849,29.69,29.77,59936
2026-04-10 15:40:00,29.77,29.83,29.71,29.745,16397
2026-04-10 15:45:00,29.73,29.83,29.68,29.79,31873
2026-04-10 15:50:00,29.78,29.81,29.71,29.75,39088
2026-04-10 15:55:00,29.76,29.825,29.73,29.76,133689
2026-04-10 16:00:00,29.75,30.27,29.75,29.78,17892
2026-04-10 16:05:00,29.71,29.71,29.71,29.71,948
2026-04-10 16:15:00,29.6552,29.66,29.65,29.65,700
2026-04-10 16:25:00,29.62,29.62,29.62,29.62,100
2026-04-10 16:35:00,29.68,29.68,29.68,29.68,200
2026-04-10 16:40:00,29.59,29.59,29.59,29.59,600
2026-04-10 16:45:00,29.65,29.67,29.6,29.6,2334
2026-04-10 16:50:00,29.5896,29.5896,29.5896,29.5896,747
2026-04-10 16:55:00,29.58,29.59,29.51,29.51,2903
2026-04-10 17:10:00,29.67,29.67,29.67,29.67,100
2026-04-10 18:20:00,29.65,29.65,29.65,29.65,200
2026-04-10 19:00:00,29.6042,29.6042,29.6042,29.6042,500
2026-04-10 19:20:00,29.8588,29.8588,29.71,29.71,1340
2026-04-10 19:25:00,29.67,29.75,29.67,29.75,300
2026-04-10 19:30:00,29.71,29.71,29.69,29.69,400
2026-04-10 19:35:00,29.79,29.79,29.79,29.79,700
2026-04-10 19:45:00,29.603,29.603,29.603,29.603,500
2026-04-13 04:00:00,30.79,30.85,30.59,30.59,3142
2026-04-13 04:05:00,30.53,30.53,30.51,30.51,330
2026-04-13 04:10:00,30.57,30.57,30.56,30.56,212
2026-04-13 04:15:00,30.57,30.57,30.57,30.57,107
2026-04-13 04:25:00,30.52,30.52,30.52,30.52,100
2026-04-13 05:00:00,30.54,30.54,30.54,30.54,300
2026-04-13 05:10:00,30.59,30.6,30.59,30.6,950
2026-04-13 05:15:00,30.52,30.52,30.52,30.52,120
2026-04-13 05:25:00,30.53,30.53,30.53,30.53,480
2026-04-13 05:35:00,30.48,30.48,30.48,30.48,100
2026-04-13 05:40:00,30.53,30.53,30.53,30.53,500
2026-04-13 06:00:00,30.58,30.59,30.58,30.59,1568
2026-04-13 06:10:00,30.57,30.5929,30.57,30.5929,200
2026-04-13 06:45:00,30.55,30.59,30.53,30.53,720
2026-04-13 06:55:00,30.5,30.5,30.5,30.5,250
2026-04-13 07:00:00,30.4382,30.4382,30.25,30.35,4723
2026-04-13 07:05:00,30.38,30.38,30.38,30.38,500
2026-04-13 07:10:00,30.38,30.3912,30.3528,30.3912,1844
2026-04-13 07:15:00,30.3954,30.3954,30.3954,30.3954,500
2026-04-13 07:20:00,30.38,30.47,30.38,30.46,1425
2026-04-13 07:25:00,30.4674,30.4695,30.41,30.46,2600
2026-04-13 07:35:00,30.5,30.6,30.5,30.55,14703
2026-04-13 07:40:00,30.54,30.54,30.54,30.54,200
2026-04-13 07:45:00,30.57,30.6,30.5671,30.5816,2088
2026-04-13 07:50:00,30.5691,30.62,30.5691,30.59,1220
2026-04-13 07:55:00,30.59,30.6,30.59,30.6,200
2026-04-13 08:00:00,30.63,30.75,30.62,30.73,2605
2026-04-13 08:05:00,30.7,30.7,30.69,30.69,200
2026-04-13 08:10:00,30.65,30.65,30.55,30.6153,3300
2026-04-13 08:15:00,30.5503,30.5935,30.5503,30.5565,700
2026-04-13 08:20:00,30.62,30.62,30.5678,30.62,795
2026-04-13 08:25:00,30.5778,30.5778,30.5778,30.5778,1000
2026-04-13 08:40:00,30.5384,30.5384,30.5384,30.5384,200
2026-04-13 08:45:00,30.46,30.46,30.37,30.41,7170
2026-04-13 08:50:00,30.36,30.36,30.33,30.33,7420
2026-04-13 08:55:00,30.3,30.309,30.3,30.309,1100
2026-04-13 09:00:00,30.25,30.25,30.22,30.25,2800
2026-04-13 09:05:00,30.29,30.3022,30.259,30.3,523
2026-04-13 09:10:00,30.22,30.22,30.18,30.19,2314
2026-04-13 09:15:00,30.18,30.19,30.16,30.16,824
2026-04-13 09:20:00,30.15,30.15,30.13,30.13,458
2026-04-13 09:25:00,30.15,30.17,30.06,30.06,3447
2026-04-13 09:30:00,30.16,30.16,29.99,30.06,100526
2026-04-13 09:35:00,30.08,30.24,30.04,30.0665,156831
2026-04-13 09:40:00,30.07,30.09,30.0199,30.0812,26602
2026-04-13 09:45:00,30.08,30.12,29.615,29.64,63689
2026-04-13 09:50:00,29.65,29.73,29.51,29.68,190943
2026-04-13 09:55:00,29.67,29.69,29.52,29.53,54023
2026-04-13 10:00:00,29.55,29.61,29.48,29.54,16923
2026-04-13 10:05:00,29.56,29.6,29.5,29.53,14647
2026-04-13 10:10:00,29.555,29.57,29.5,29.525,18496
2026-04-13 10:15:00,29.525,29.57,29.49,29.49,16369
2026-04-13 10:20:00,29.48,29.57,29.35,29.36,52019
2026-04-13 10:25:00,29.38,29.45,29.37,29.415,22206
2026-04-13 10:30:00,29.4,29.44,29.34,29.36,12336
2026-04-13 10:35:00,29.365,29.4699,29.352,29.43,24160
2026-04-13 10:40:00,29.415,29.415,29.34,29.368,11449
2026-04-13 10:45:00,29.36,29.5,29.3493,29.5,11528
2026-04-13 10:50:00,29.49,29.51,29.4,29.41,9896
2026-04-13 10:55:00,29.41,29.45,29.35,29.405,16070
2026-04-13 11:00:00,29.41,29.54,29.41,29.54,8916
2026-04-13 11:05:00,29.53,29.53,29.46,29.48,28025
2026-04-13 11:10:00,29.4798,29.49,29.41,29.45,10109
2026-04-13 11:15:00,29.45,29.555,29.45,29.55,8404
2026-04-13 11:20:00,29.56,29.56,29.465,29.52,8259
2026-04-13 11:25:00,29.545,29.56,29.49,29.5465,6585
2026-04-13 11:30:00,29.555,29.61,29.54,29.56,20493
2026-04-13 11:35:00,29.5599,29.5599,29.46,29.49,12929
2026-04-13 11:40:00,29.49,29.55,29.475,29.54,8608
2026-04-13 11:45:00,29.56,29.565,29.505,29.525,7769
2026-04-13 11:50:00,29.53,29.56,29.52,29.54,5384
2026-04-13 11:55:00,29.54,29.54,29.465,29.4668,3865
2026-04-13 12:00:00,29.45,29.56,29.45,29.54,4087
2026-04-13 12:05:00,29.53,29.53,29.29,29.44,35425
2026-04-13 12:10:00,29.44,29.44,29.33,29.39,8124
2026-04-13 12:15:00,29.37,29.41,29.31,29.31,31290
2026-04-13 12:20:00,29.3,29.31,29.2,29.25,38710
2026-04-13 12:25:00,29.245,29.28,29.16,29.21,29153
2026-04-13 12:30:00,29.21,29.23,29.09,29.16,47878
2026-04-13 12:35:00,29.16,29.17,29.05,29.165,36633
2026-04-13 12:40:00,29.16,29.27,29.13,29.155,22142
2026-04-13 12:45:00,29.1508,29.17,29.05,29.1389,17723
2026-04-13 12:50:00,29.15,29.16,29.055,29.16,13150
2026-04-13 12:55:00,29.16,29.18,29.12,29.13,9439
2026-04-13 13:00:00,29.14,29.14,29.04,29.06,17795
2026-04-13 13:05:00,29.055,29.095,29.05,29.06,7258
2026-04-13 13:10:00,29.06,29.11,29.05,29.11,8870
2026-04-13 13:15:00,29.11,29.125,29.075,29.1,8677
2026-04-13 13:20:00,29.12,29.15,29.11,29.15,7282
2026-04-13 13:25:00,29.14,29.14,29.09,29.1,4771
2026-04-13 13:30:00,29.095,29.125,29.08,29.115,31325
2026-04-13 13:35:00,29.12,29.135,29.09,29.0922,6816
2026-04-13 13:40:00,29.085,29.1,29.085,29.095,9752
2026-04-13 13:45:00,29.105,29.1382,29.105,29.13,23420
2026-04-13 13:50:00,29.125,29.14,29.06,29.06,13796
2026-04-13 13:55:00,29.08,29.12,29.055,29.12,5258
2026-04-13 14:00:00,29.125,29.125,29.09,29.1,7451
2026-04-13 14:05:00,29.11,29.12,29.105,29.12,9486
2026-04-13 14:10:00,29.11,29.135,29.105,29.13,7170
2026-04-13 14:15:00,29.12,29.165,29.12,29.12,4351
2026-04-13 14:20:00,29.11,29.11,29.08,29.1036,35929
2026-04-13 14:25:00,29.125,29.1699,29.125,29.135,9952
2026-04-13 14:30:00,29.14,29.14,29.09,29.09,4848
2026-04-13 14:35:00,29.1,29.12,29.065,29.08,6906
2026-04-13 14:40:00,29.085,29.1,29.08,29.095,1811
2026-04-13 14:45:00,29.09,29.09,29.01,29.03,18503
2026-04-13 14:50:00,29.03,29.04,29,29.025,30741
2026-04-13 14:55:00,29.025,29.075,29.02,29.05,13522
2026-04-13 15:00:00,29.05,29.05,29.025,29.035,3610
2026-04-13 15:05:00,29.0399,29.07,29.035,29.05,6257
2026-04-13 15:10:00,29.06,29.06,28.995,29,13322
2026-04-13 15:15:00,28.995,28.995,28.94,28.95,13621
2026-04-13 15:20:00,28.945,28.96,28.86,28.865,36254
2026-04-13 15:25:00,28.865,28.87,28.85,28.87,10531
2026-04-13 15:30:00,28.865,28.88,28.795,28.8,45226
2026-04-13 15:35:00,28.795,28.815,28.73,28.755,74450
2026-04-13 15:40:00,28.75,28.775,28.745,28.75,12955
2026-04-13 15:45:00,28.75,28.77,28.73,28.74,30192
2026-04-13 15:50:00,28.74,28.74,28.61,28.65,108727
2026-04-13 15:55:00,28.65,28.685,28.58,28.615,116749
2026-04-13 16:00:00,28.62,28.7,28.61,28.7,31180
2026-04-13 16:10:00,28.65,28.65,28.65,28.65,900
2026-04-13 16:20:00,28.7121,28.7121,28.7121,28.7121,100
2026-04-13 16:25:00,28.7181,28.7181,28.7,28.7,300
2026-04-13 16:30:00,28.65,28.65,28.64,28.64,999
2026-04-13 16:35:00,28.6,28.6,28.6,28.6,229
2026-04-13 16:45:00,28.6,28.6,28.6,28.6,749
2026-04-13 16:50:00,28.59,28.59,28.5,28.5,867
2026-04-13 16:55:00,28.5,28.53,28.5,28.53,445
2026-04-13 17:05:00,28.57,28.57,28.53,28.53,564
2026-04-13 17:10:00,28.69,28.69,28.69,28.69,1000
2026-04-13 17:45:00,28.56,28.56,28.56,28.56,647
2026-04-13 18:00:00,28.52,28.52,28.43,28.45,6367
2026-04-13 18:05:00,28.45,28.46,28.42,28.46,6105
2026-04-13 18:25:00,28.47,28.47,28.47,28.47,154
2026-04-13 18:50:00,28.4151,28.4151,28.4,28.4,3400
2026-04-13 18:55:00,28.4,28.4,28.4,28.4,250
2026-04-13 19:00:00,28.38,28.38,28.38,28.38,250
2026-04-13 19:15:00,28.38,28.38,28.35,28.35,400
2026-04-13 19:25:00,28.4,28.4,28.398,28.398,400
2026-04-13 19:30:00,28.4,28.44,28.39,28.39,4300
2026-04-13 19:35:00,28.4378,28.4378,28.4378,28.4378,2000
2026-04-13 19:50:00,28.41,28.44,28.41,28.44,200
2026-04-14 04:00:00,28.3,28.42,28.14,28.2,18822
2026-04-14 04:15:00,28.11,28.11,28.11,28.11,100
2026-04-14 04:35:00,28.07,28.07,28.07,28.07,420
2026-04-14 04:40:00,28.0764,28.0764,28.0764,28.0764,100
2026-04-14 04:45:00,28.08,28.08,28.08,28.08,120
2026-04-14 04:50:00,28.06,28.06,28.06,28.06,200
2026-04-14 04:55:00,28.09,28.09,28.09,28.09,120
2026-04-14 05:00:00,28.04,28.04,28.04,28.04,100
2026-04-14 05:10:00,28.02,28.02,28.02,28.02,120
2026-04-14 05:15:00,28,28,27.98,27.99,1658
2026-04-14 05:40:00,28.04,28.04,28.04,28.04,120
2026-04-14 05:45:00,28.08,28.1,28.08,28.1,300
2026-04-14 05:55:00,28.11,28.11,28.11,28.11,800
2026-04-14 06:05:00,28.05,28.06,28,28.02,1769
2026-04-14 06:10:00,27.98,27.98,27.98,27.98,240
2026-04-14 06:15:00,27.99,28,27.99,28,420
2026-04-14 06:20:00,27.98,27.99,27.98,27.99,390
2026-04-14 06:25:00,27.98,27.98,27.98,27.98,600
2026-04-14 06:35:00,27.99,28,27.99,28,220
2026-04-14 06:40:00,28.01,28.01,28.01,28.01,120
2026-04-14 06:45:00,28.03,28.03,28.03,28.03,120
2026-04-14 06:50:00,28.05,28.05,28.05,28.05,250
2026-04-14 06:55:00,28.0232,28.03,28.0232,28.03,359
2026-04-14 07:00:00,28.05,28.11,28.05,28.07,2172
2026-04-14 07:05:00,28.11,28.11,28.1,28.1,300
2026-04-14 07:10:00,28.07,28.07,28.0308,28.0308,925
2026-04-14 07:15:00,28.04,28.06,28.03,28.03,632
2026-04-14 07:20:00,28.03,28.03,28.02,28.02,3048
2026-04-14 07:30:00,28.02,28.03,28.02,28.03,240
2026-04-14 07:35:00,28.04,28.04,28.03,28.03,240
2026-04-14 07:40:00,28.03,28.03,28.03,28.03,120
2026-04-14 07:45:00,28.02,28.02,27.9633,27.97,3453
2026-04-14 07:50:00,27.94,27.94,27.94,27.94,200
2026-04-14 07:55:00,27.99,28.02,27.82,27.82,8702
2026-04-14 08:00:00,27.9262,27.9272,27.8665,27.8665,700
2026-04-14 08:05:00,27.86,27.86,27.86,27.86,8941
2026-04-14 08:10:00,27.95,27.96,27.93,27.93,1456
2026-04-14 08:15:00,28,28,27.92,27.93,2140
2026-04-14 08:20:00,27.9039,27.9887,27.9039,27.9887,1300
2026-04-14 08:25:00,27.86,27.86,27.86,27.86,200
2026-04-14 08:30:00,27.8301,27.87,27.8301,27.87,676
2026-04-14 08:35:00,27.87,27.88,27.86,27.87,1696
2026-04-14 08:40:00,27.8813,27.89,27.8813,27.89,306
2026-04-14 08:45:00,27.89,27.93,27.89,27.92,604
2026-04-14 08:50:00,27.89,27.89,27.89,27.89,100
2026-04-14 08:55:00,27.87,27.9093,27.86,27.9088,1492
2026-04-14 09:00:00,27.89,27.9,27.88,27.88,6396
2026-04-14 09:05:00,27.9,27.91,27.89,27.91,3583
2026-04-14 09:10:00,27.9,27.9,27.9,27.9,130
2026-04-14 09:15:00,27.8622,27.8622,27.83,27.8493,17881
2026-04-14 09:20:00,27.8548,27.8548,27.83,27.84,2240
2026-04-14 09:25:00,27.88,27.9,27.86,27.88,8902
2026-04-14 09:30:00,27.87,27.98,27.82,27.945,213061
2026-04-14 09:35:00,27.9393,28.025,27.92,28.01,266651
2026-04-14 09:40:00,28.025,28.08,28.02,28.03,52810
2026-04-14 09:45:00,28.02,28.035,27.98,28.01,28280
2026-04-14 09:50:00,28.01,28.035,27.98,28.0201,22179
2026-04-14 09:55:00,28.025,28.03,27.95,27.99,28025
2026-04-14 10:00:00,28.005,28.005,27.925,27.935,33413
2026-04-14 10:05:00,27.935,27.94,27.92,27.92,10853
2026-04-14 10:10:00,27.92,27.925,27.85,27.87,42672
2026-04-14 10:15:00,27.8699,27.89,27.81,27.86,51827
2026-04-14 10:20:00,27.862,27.88,27.83,27.86,11650
2026-04-14 10:25:00,27.86,27.875,27.81,27.85,31519
2026-04-14 10:30:00,27.85,27.88,27.85,27.875,10664
2026-04-14 10:35:00,27.8701,27.8702,27.8199,27.865,35882
2026-04-14 10:40:00,27.86,27.89,27.855,27.88,10914
2026-04-14 10:45:00,27.88,27.96,27.87,27.96,20650
2026-04-14 10:50:00,27.94,28.07,27.94,28.06,18798
2026-04-14 10:55:00,28.065,28.065,28.02,28.025,15464
2026-04-14 11:00:00,28.02,28.1,28.02,28.1,9462
2026-04-14 11:05:00,28.105,28.2,28.09,28.15,16270
2026-04-14 11:10:00,28.16,28.17,28.1,28.11,36835
2026-04-14 11:15:00,28.12,28.1424,28.065,28.07,6604
2026-04-14 11:20:00,28.07,28.07,27.93,27.94,52936
2026-04-14 11:25:00,27.94,27.942,27.9,27.93,18047
2026-04-14 11:30:00,27.94,27.945,27.915,27.915,7984
2026-04-14 11:35:00,27.915,27.925,27.89,27.925,8192
2026-04-14 11:40:00,27.93,27.945,27.9,27.945,13875
2026-04-14 11:45:00,27.96,28.01,27.94,28,34976
2026-04-14 11:50:00,28.005,28.075,27.995,28.065,14630
2026-04-14 11:55:00,28.065,28.105,28.05,28.095,10558
2026-04-14 12:00:00,28.1,28.11,28.01,28.02,12209
2026-04-14 12:05:00,28.02,28.14,28.02,28.14,18846
2026-04-14 12:10:00,28.14,28.21,28.14,28.19,10090
2026-04-14 12:15:00,28.2,28.205,28.1543,28.16,11641
2026-04-14 12:20:00,28.16,28.2,28.14,28.18,5441
2026-04-14 12:25:00,28.175,28.1785,28.1126,28.12,32395
2026-04-14 12:30:00,28.125,28.22,28.12,28.22,11330
2026-04-14 12:35:00,28.205,28.225,28.17,28.215,12268
2026-04-14 12:40:00,28.215,28.24,28.199,28.22,8712
2026-04-14 12:45:00,28.225,28.23,28.21,28.215,2475
2026-04-14 12:50:00,28.22,28.24,28.21,28.23,5915
2026-04-14 12:55:00,28.215,28.34,28.21,28.31,19457
2026-04-14 13:00:00,28.3,28.3,28.2202,28.23,14245
2026-04-14 13:05:00,28.23,28.23,28.21,28.22,4496
2026-04-14 13:10:00,28.22,28.23,28.2002,28.2002,8263
2026-04-14 13:15:00,28.21,28.22,28.21,28.215,2479
2026-04-14 13:20:00,28.2113,28.2172,28.2,28.2172,2752
2026-04-14 13:25:00,28.215,28.3,28.215,28.2983,19280
2026-04-14 13:30:00,28.3,28.31,28.28,28.28,18563
2026-04-14 13:35:00,28.28,28.3,28.24,28.2502,35833
2026-04-14 13:40:00,28.26,28.2755,28.21,28.22,14360
2026-04-14 13:45:00,28.21,28.22,28.2,28.2,3350
2026-04-14 13:50:00,28.2079,28.27,28.195,28.27,6479
2026-04-14 13:55:00,28.265,28.28,28.265,28.27,3538
2026-04-14 14:00:00,28.27,28.285,28.26,28.285,800
2026-04-14 14:05:00,28.29,28.295,28.2801,28.285,11996
2026-04-14 14:10:00,28.28,28.305,28.28,28.28,3400
2026-04-14 14:15:00,28.29,28.34,28.28,28.31,19628
2026-04-14 14:20:00,28.305,28.3999,28.305,28.36,12057
2026-04-14 14:25:00,28.35,28.405,28.285,28.29,26828
2026-04-14 14:30:00,28.28,28.29,28.27,28.28,7910
2026-04-14 14:35:00,28.285,28.295,28.27,28.275,6484
2026-04-14 14:40:00,28.28,28.29,28.26,28.28,4490
2026-04-14 14:45:00,28.28,28.28,28.215,28.24,20043
2026-04-14 14:50:00,28.24,28.26,28.215,28.23,13773
2026-04-14 14:55:00,28.21,28.2273,28.205,28.205,5663
2026-04-14 15:00:00,28.21,28.2279,28.18,28.18,18149
2026-04-14 15:05:00,28.19,28.21,28.15,28.18,13613
2026-04-14 15:10:00,28.185,28.2,28.16,28.18,11974
2026-04-14 15:15:00,28.185,28.19,28.145,28.165,5450
2026-04-14 15:20:00,28.17,28.21,28.15,28.21,17818
2026-04-14 15:25:00,28.21,28.22,28.18,28.185,12600
2026-04-14 15:30:00,28.19,28.19,28.15,28.15,19745
2026-04-14 15:35:00,28.15,28.18,28.12,28.12,18684
2026-04-14 15:40:00,28.13,28.16,28.125,28.14,10045
2026-04-14 15:45:00,28.14,28.1628,28.13,28.14,14415
2026-04-14 15:50:00,28.145,28.3,28.11,28.29,144768
2026-04-14 15:55:00,28.2889,28.3,28.19,28.215,141441
2026-04-14 16:00:00,28.21,28.215,28.11,28.19,80974
2026-04-14 16:05:00,28.2844,28.2844,28.19,28.19,200
2026-04-14 16:20:00,28.2496,28.2496,28.21,28.21,200
2026-04-14 16:25:00,28.24,28.24,28.24,28.24,100
2026-04-14 16:35:00,28.27,28.27,28.24,28.26,400
2026-04-14 16:40:00,28.17,28.25,28.17,28.25,350
2026-04-14 17:00:00,28.2,28.2,28.19,28.19,200
2026-04-14 18:00:00,28.21,28.21,28.16,28.16,800
2026-04-14 18:05:00,28.16,28.16,28.15,28.15,1400
2026-04-14 18:10:00,28.13,28.13,28.13,28.13,100
2026-04-14 18:15:00,28.15,28.15,28.15,28.15,200
2026-04-14 18:20:00,28.13,28.19,28.13,28.19,600
2026-04-14 18:30:00,28.16,28.17,28.16,28.17,2000
2026-04-14 18:40:00,28.19,28.19,28.18,28.19,1547
2026-04-14 18:45:00,28.16,28.16,28.16,28.16,100
2026-04-14 18:50:00,28.18,28.19,28.18,28.19,200
2026-04-14 19:00:00,28.16,28.16,28.15,28.15,200
2026-04-14 19:35:00,28.07,28.07,28.07,28.07,600
2026-04-14 19:45:00,28.0478,28.0478,28.0478,28.0478,500
2026-04-14 19:50:00,28.0983,28.0983,28.0983,28.0983,210
2026-04-14 20:00:00,28.12,28.12,28.12,28.12,670
2026-04-15 04:00:00,28.1,28.1,27.91,28.02,6684
2026-04-15 04:05:00,28.05,28.08,28.05,28.05,300
2026-04-15 04:15:00,28.09,28.09,28.09,28.09,100
2026-04-15 04:25:00,28.05,28.05,28.04,28.04,362
2026-04-15 04:30:00,28.01,28.01,28.01,28.01,120
2026-04-15 04:35:00,28.01,28.01,28.01,28.01,120
2026-04-15 05:00:00,27.98,27.98,27.96,27.96,291
2026-04-15 05:10:00,28.08,28.08,28.08,28.08,100
2026-04-15 06:45:00,28.13,28.13,28.13,28.13,100
2026-04-15 06:55:00,28.12,28.12,28.11,28.12,500
2026-04-15 07:00:00,28.11,28.12,28.07,28.1,4326
2026-04-15 07:15:00,28.17,28.17,28.17,28.17,100
2026-04-15 07:20:00,28.18,28.18,28.1107,28.1107,695
2026-04-15 07:30:00,28.14,28.14,28.14,28.14,252
2026-04-15 07:35:00,28.2,28.2,28.17,28.17,300
2026-04-15 07:40:00,28.1765,28.1765,28.1765,28.1765,1250
2026-04-15 07:45:00,28.1,28.1,27.96,28.07,2307
2026-04-15 07:55:00,28.08,28.1,28.08,28.1,661
2026-04-15 08:00:00,28.18,28.18,28.16,28.16,320
2026-04-15 08:15:00,28.26,28.26,28.25,28.25,377
2026-04-15 08:20:00,28.2,28.2,28.2,28.2,2353
2026-04-15 08:30:00,28.26,28.26,28.26,28.26,200
2026-04-15 08:35:00,28.23,28.23,28.23,28.23,1150
2026-04-15 09:00:00,28.17,28.1973,28.17,28.1973,722
2026-04-15 09:10:00,28.12,28.12,28.07,28.07,643
2026-04-15 09:20:00,28.05,28.05,28.05,28.05,853
2026-04-15 09:25:00,28.03,28.04,27.96,27.96,1001
2026-04-15 09:30:00,28.02,28.09,27.96,28.06,51567
2026-04-15 09:35:00,28.055,28.08,27.9297,27.9297,73486
2026-04-15 09:40:00,27.93,28.08,27.92,28.06,34447
2026-04-15 09:45:00,28.06,28.06,27.9313,27.995,34045
2026-04-15 09:50:00,28,28.07,28,28.01,29210
2026-04-15 09:55:00,28,28.07,28,28.05,24071
2026-04-15 10:00:00,28.03,28.08,28.02,28.06,7316
2026-04-15 10:05:00,28.08,28.17,28.065,28.065,53654
2026-04-15 10:10:00,28.07,28.08,28.05,28.07,6602
2026-04-15 10:15:00,28.07,28.08,28.01,28.08,18259
2026-04-15 10:20:00,28.08,28.08,27.99,28.04,44613
2026-04-15 10:25:00,28.035,28.0693,28.03,28.0599,14338
2026-04-15 10:30:00,28.05,28.21,28.05,28.205,20654
2026-04-15 10:35:00,28.21,28.395,28.21,28.37,35203
2026-04-15 10:40:00,28.345,28.345,28.2752,28.34,13679
2026-04-15 10:45:00,28.34,28.345,28.27,28.27,10285
2026-04-15 10:50:00,28.265,28.335,28.26,28.335,4627
2026-04-15 10:55:00,28.35,28.355,28.31,28.355,15320
2026-04-15 11:00:00,28.36,28.37,28.34,28.355,18690
2026-04-15 11:05:00,28.345,28.42,28.345,28.365,33895
2026-04-15 11:10:00,28.36,28.36,28.29,28.325,27424
2026-04-15 11:15:00,28.34,28.38,28.32,28.38,9765
2026-04-15 11:20:00,28.39,28.41,28.355,28.408,22275
2026-04-15 11:25:00,28.4,28.4,28.34,28.345,9655
2026-04-15 11:30:00,28.35,28.435,28.345,28.39,51635
2026-04-15 11:35:00,28.41,28.41,28.385,28.41,5094
2026-04-15 11:40:00,28.4,28.41,28.32,28.33,33005
2026-04-15 11:45:00,28.34,28.36,28.33,28.36,7287
2026-04-15 11:50:00,28.36,28.4,28.34,28.4,17106
2026-04-15 11:55:00,28.41,28.435,28.4,28.4,12853
2026-04-15 12:00:00,28.425,28.425,28.39,28.4,9675
2026-04-15 12:05:00,28.4,28.4,28.33,28.35,16783
2026-04-15 12:10:00,28.35,28.365,28.32,28.34,15159
2026-04-15 12:15:00,28.33,28.345,28.325,28.33,4527
2026-04-15 12:20:00,28.325,28.325,28.28,28.29,14012
2026-04-15 12:25:00,28.295,28.34,28.285,28.34,15652
2026-04-15 12:30:00,28.335,28.35,28.32,28.33,3159
2026-04-15 12:35:00,28.33,28.4,28.33,28.4,22549
2026-04-15 12:40:00,28.42,28.57,28.42,28.55,28540
2026-04-15 12:45:00,28.55,28.6,28.465,28.465,24993
2026-04-15 12:50:00,28.47,28.54,28.43,28.54,24665
2026-04-15 12:55:00,28.55,28.61,28.44,28.45,23042
2026-04-15 13:00:00,28.46,28.46,28.38,28.4,6250
2026-04-15 13:05:00,28.39,28.39,28.33,28.3507,12700
2026-04-15 13:10:00,28.35,28.36,28.29,28.31,14615
2026-04-15 13:15:00,28.29,28.3,28.28,28.3,2173
2026-04-15 13:20:00,28.31,28.3574,28.295,28.32,15566
2026-04-15 13:25:00,28.33,28.35,28.32,28.34,5855
2026-04-15 13:30:00,28.34,28.39,28.34,28.345,5371
2026-04-15 13:35:00,28.35,28.37,28.34,28.355,2640
2026-04-15 13:40:00,28.355,28.4,28.35,28.35,4600
2026-04-15 13:45:00,28.34,28.345,28.33,28.33,5112
2026-04-15 13:50:00,28.33,28.34,28.315,28.34,5143
2026-04-15 13:55:00,28.34,28.36,28.34,28.35,1092
2026-04-15 14:00:00,28.36,28.395,28.26,28.335,23448
2026-04-15 14:05:00,28.34,28.345,28.32,28.33,3600
2026-04-15 14:10:00,28.33,28.35,28.32,28.32,4414
2026-04-15 14:15:00,28.315,28.315,28.26,28.275,8367
2026-04-15 14:20:00,28.285,28.29,28.26,28.26,3855
2026-04-15 14:25:00,28.27,28.275,28.26,28.27,1027
2026-04-15 14:30:00,28.265,28.28,28.21,28.26,43436
2026-04-15 14:35:00,28.265,28.27,28.25,28.26,10315
2026-04-15 14:40:00,28.26,28.275,28.253,28.253,2998
2026-04-15 14:45:00,28.25,28.26,28.245,28.25,2227
2026-04-15 14:50:00,28.24,28.255,28.2,28.25,16316
2026-04-15 14:55:00,28.255,28.27,28.23,28.26,8003
2026-04-15 15:00:00,28.27,28.29,28.26,28.26,4232
2026-04-15 15:05:00,28.255,28.265,28.24,28.25,5444
2026-04-15 15:10:00,28.25,28.3,28.22,28.27,23896
2026-04-15 15:15:00,28.27,28.275,28.2241,28.23,10323
2026-04-15 15:20:00,28.2333,28.26,28.2333,28.255,14834
2026-04-15 15:25:00,28.26,28.26,28.215,28.215,10435
2026-04-15 15:30:00,28.22,28.28,28.22,28.26,11264
2026-04-15 15:35:00,28.27,28.31,28.27,28.29,15158
2026-04-15 15:40:00,28.295,28.35,28.29,28.34,29879
2026-04-15 15:45:00,28.355,28.355,28.285,28.33,21862
2026-04-15 15:50:00,28.31,28.35,28.27,28.29,137419
2026-04-15 15:55:00,28.28,28.36,28.27,28.355,89879
2026-04-15 16:00:00,28.22,28.39,28.22,28.3511,12724
2026-04-15 16:15:00,28.4,28.4,28.4,28.4,100
2026-04-15 16:25:00,28.4,28.42,28.4,28.42,1024
2026-04-15 16:35:00,28.4,28.4,28.4,28.4,2923
2026-04-15 16:55:00,28.34,28.34,28.31,28.3108,7778
2026-04-15 17:30:00,28.34,28.34,28.34,28.34,200
2026-04-15 17:55:00,28.4,28.4,28.4,28.4,900
2026-04-15 18:00:00,28.32,28.32,28.31,28.31,6189
2026-04-15 18:35:00,28.27,28.27,28.25,28.25,293
2026-04-15 19:05:00,28.26,28.26,28.26,28.26,300
2026-04-15 19:20:00,28.3,28.3,28.3,28.3,100
2026-04-15 19:35:00,28.3,28.3,28.3,28.3,300
2026-04-15 19:40:00,28.27,28.27,28.25,28.25,345
2026-04-15 19:50:00,28.24,28.24,28.24,28.24,100
2026-04-16 04:00:00,28.22,28.23,28.22,28.23,1940
2026-04-16 04:10:00,28.3,28.3,28.3,28.3,100
2026-04-16 04:20:00,28.31,28.31,28.31,28.31,100
2026-04-16 04:25:00,28.32,28.32,28.31,28.31,210
2026-04-16 04:30:00,28.31,28.32,28.31,28.32,660
2026-04-16 04:55:00,28.31,28.31,28.31,28.31,100
2026-04-16 06:15:00,28.31,28.32,28.31,28.32,680
2026-04-16 06:20:00,28.33,28.34,28.33,28.34,480
2026-04-16 06:35:00,28.36,28.37,28.36,28.37,240
2026-04-16 06:40:00,28.41,28.41,28.41,28.41,120
2026-04-16 06:45:00,28.47,28.51,28.47,28.5,1465
2026-04-16 07:00:00,28.37,28.37,28.37,28.37,120
2026-04-16 07:05:00,28.37,28.37,28.37,28.37,120
2026-04-16 07:10:00,28.36,28.3827,28.36,28.3827,400
2026-04-16 07:15:00,28.381,28.381,28.381,28.381,100
2026-04-16 07:20:00,28.39,28.39,28.37,28.37,220
2026-04-16 07:30:00,28.35,28.35,28.33,28.34,396
2026-04-16 07:40:00,28.36,28.36,28.36,28.36,261
2026-04-16 07:45:00,28.36,28.36,28.36,28.36,200
2026-04-16 07:50:00,28.3,28.3,28.29,28.29,500
2026-04-16 08:05:00,28.35,28.36,28.35,28.36,2552
2026-04-16 08:30:00,28.3,28.3,28.3,28.3,120
2026-04-16 08:35:00,28.3,28.3099,28.3,28.3099,1040
2026-04-16 08:45:00,28.29,28.29,28.29,28.29,120
2026-04-16 08:50:00,28.28,28.28,28.28,28.28,240
2026-04-16 08:55:00,28.28,28.3,28.28,28.28,600
2026-04-16 09:00:00,28.29,28.29,28.27,28.27,1800
2026-04-16 09:05:00,28.25,28.26,28.23,28.26,1344
2026-04-16 09:10:00,28.24,28.24,28.24,28.24,120
2026-04-16 09:15:00,28.23,28.3,28.23,28.29,3690
2026-04-16 09:20:00,28.33,28.33,28.33,28.33,100
2026-04-16 09:25:00,28.35,28.36,28.3,28.3,1181
2026-04-16 09:30:00,28.34,28.426,28.32,28.41,29766
2026-04-16 09:35:00,28.415,28.58,28.39,28.57,26144
2026-04-16 09:40:00,28.57,28.66,28.56,28.6,63029
2026-04-16 09:45:00,28.61,28.66,28.6,28.635,19110
2026-04-16 09:50:00,28.65,28.92,28.635,28.91,45380
2026-04-16 09:55:00,28.9201,28.96,28.74,28.74,31175
2026-04-16 10:00:00,28.745,28.81,28.62,28.66,57912
2026-04-16 10:05:00,28.655,28.68,28.6,28.65,13925
2026-04-16 10:10:00,28.65,28.66,28.55,28.63,29156
2026-04-16 10:15:00,28.62,28.68,28.6,28.68,59202
2026-04-16 10:20:00,28.675,28.72,28.62,28.67,42561
2026-04-16 10:25:00,28.68,28.77,28.66,28.69,19901
2026-04-16 10:30:00,28.695,28.725,28.625,28.6299,13796
2026-04-16 10:35:00,28.63,28.67,28.58,28.615,13561
2026-04-16 10:40:00,28.615,28.66,28.535,28.535,10720
2026-04-16 10:45:00,28.535,28.54,28.48,28.52,19235
2026-04-16 10:50:00,28.51,28.525,28.475,28.52,9233
2026-04-16 10:55:00,28.51,28.58,28.51,28.54,12089
2026-04-16 11:00:00,28.54,28.54,28.48,28.49,10277
2026-04-16 11:05:00,28.5,28.5299,28.43,28.43,13777
2026-04-16 11:10:00,28.43,28.43,28.36,28.37,49695
2026-04-16 11:15:00,28.36,28.36,28.295,28.35,23231
2026-04-16 11:20:00,28.34,28.34,28.3,28.33,63684
2026-04-16 11:25:00,28.325,28.48,28.31,28.46,36642
2026-04-16 11:30:00,28.5,28.525,28.45,28.525,23958
2026-04-16 11:35:00,28.53,28.565,28.37,28.4,26576
2026-04-16 11:40:00,28.405,28.47,28.4,28.42,36175
2026-04-16 11:45:00,28.415,28.455,28.39,28.43,6581
2026-04-16 11:50:00,28.43,28.535,28.41,28.525,4200
2026-04-16 11:55:00,28.52,28.525,28.475,28.51,12230
2026-04-16 12:00:00,28.5,28.54,28.475,28.54,7100
2026-04-16 12:05:00,28.55,28.64,28.545,28.64,8156
2026-04-16 12:10:00,28.625,28.63,28.56,28.58,9547
2026-04-16 12:15:00,28.59,28.62,28.59,28.605,18650
2026-04-16 12:20:00,28.62,28.7,28.615,28.67,9737
2026-04-16 12:25:00,28.67,28.69,28.65,28.675,4688
2026-04-16 12:30:00,28.67,28.86,28.6521,28.74,36874
2026-04-16 12:35:00,28.76,28.76,28.64,28.66,35419
2026-04-16 12:40:00,28.66,28.77,28.62,28.765,21660
2026-04-16 12:45:00,28.77,28.77,28.7301,28.7583,6823
2026-04-16 12:50:00,28.745,28.885,28.74,28.84,13913
2026-04-16 12:55:00,28.82,28.82,28.71,28.74,23010
2026-04-16 13:00:00,28.74,28.765,28.71,28.765,13523
2026-04-16 13:05:00,28.75,28.78,28.715,28.72,7031
2026-04-16 13:10:00,28.7,28.75,28.6713,28.7438,6347
2026-04-16 13:15:00,28.76,28.76,28.71,28.748,38174
2026-04-16 13:20:00,28.725,28.75,28.55,28.55,8328
2026-04-16 13:25:00,28.56,28.5999,28.54,28.58,11210
2026-04-16 13:30:00,28.575,28.575,28.48,28.48,15051
2026-04-16 13:35:00,28.5,28.53,28.455,28.455,8306
2026-04-16 13:40:00,28.44,28.455,28.405,28.415,13627
2026-04-16 13:45:00,28.415,28.4198,28.365,28.375,22325
2026-04-16 13:50:00,28.385,28.41,28.38,28.395,5271
2026-04-16 13:55:00,28.43,28.45,28.41,28.41,17688
2026-04-16 14:00:00,28.4,28.41,28.32,28.36,32202
2026-04-16 14:05:00,28.36,28.385,28.305,28.3599,16125
2026-04-16 14:10:00,28.34,28.41,28.33,28.38,16113
2026-04-16 14:15:00,28.37,28.39,28.355,28.375,31453
2026-04-16 14:20:00,28.37,28.415,28.3287,28.415,9888
2026-04-16 14:25:00,28.405,28.42,28.365,28.37,12711
2026-04-16 14:30:00,28.34,28.35,28.265,28.265,20790
2026-04-16 14:35:00,28.27,28.28,28.21,28.22,5683
2026-04-16 14:40:00,28.215,28.215,28.2,28.2,1954
2026-04-16 14:45:00,28.205,28.22,28.195,28.2183,12851
2026-04-16 14:50:00,28.215,28.22,28.2,28.205,3733
2026-04-16 14:55:00,28.22,28.25,28.205,28.205,11234
2026-04-16 15:00:00,28.2,28.21,28.145,28.21,39734
2026-04-16 15:05:00,28.21,28.23,28.2,28.23,4400
2026-04-16 15:10:00,28.235,28.26,28.215,28.22,12990
2026-04-16 15:15:00,28.21,28.22,28.2,28.2,3673
2026-04-16 15:20:00,28.21,28.22,28.195,28.2,5140
2026-04-16 15:25:00,28.195,28.2,28.16,28.165,18585
2026-04-16 15:30:00,28.17,28.21,28.16,28.17,15754
2026-04-16 15:35:00,28.17,28.17,28.14,28.145,5689
2026-04-16 15:40:00,28.14,28.14,28.08,28.125,22499
2026-04-16 15:45:00,28.13,28.14,28.06,28.0999,28125
2026-04-16 15:50:00,28.08,28.29,28.07,28.24,700202
2026-04-16 15:55:00,28.24,28.32,28.225,28.28,264521
2026-04-16 16:00:00,28.275,28.3,28.15,28.3,9341
2026-04-16 16:05:00,28.35,28.35,28.32,28.32,1600
2026-04-16 16:10:00,28.35,28.35,28.35,28.35,200
2026-04-16 16:15:00,28.35,28.35,28.35,28.35,100
2026-04-16 16:20:00,28.32,28.36,28.3139,28.3139,4396
2026-04-16 16:30:00,28.3195,28.32,28.3,28.32,1270
2026-04-16 16:40:00,28.33,28.34,28.33,28.34,920
2026-04-16 16:50:00,28.29,28.29,28.29,28.29,482
2026-04-16 16:55:00,28.26,28.26,28.26,28.26,100
2026-04-16 17:00:00,28.32,28.32,28.32,28.32,1800
2026-04-16 17:05:00,28.2862,28.2862,28.2862,28.2862,400
2026-04-16 17:20:00,28.3193,28.3193,28.3193,28.3193,200
2026-04-16 17:25:00,28.32,28.32,28.32,28.32,178
2026-04-16 17:55:00,28.39,28.39,28.39,28.39,100
2026-04-16 18:00:00,28.3,28.3,28.3,28.3,706
2026-04-16 18:45:00,28.28,28.29,28.28,28.29,400
2026-04-16 19:20:00,28.3,28.33,28.3,28.33,500
2026-04-16 19:35:00,28.25,28.27,28.25,28.27,800
2026-04-16 19:40:00,28.27,28.27,28.27,28.27,501
2026-04-16 19:50:00,28.25,28.25,28.23,28.25,1810
2026-04-17 04:00:00,28.3,28.3,28.3,28.3,500
2026-04-17 04:15:00,28.16,28.17,28.16,28.17,287
2026-04-17 04:40:00,28.16,28.16,28.16,28.16,387
2026-04-17 05:20:00,28.18,28.18,28.18,28.18,210
2026-04-17 05:50:00,28.11,28.11,28.11,28.11,410
2026-04-17 05:55:00,28.09,28.09,28.09,28.09,500
2026-04-17 06:00:00,28.09,28.09,28.09,28.09,100
2026-04-17 06:15:00,28.13,28.15,28.13,28.15,210
2026-04-17 06:30:00,28.11,28.11,28.11,28.11,110
2026-04-17 07:00:00,28.13,28.13,28.09,28.09,836
2026-04-17 07:05:00,28.15,28.15,28.15,28.15,200
2026-04-17 07:30:00,28.09,28.09,28.04,28.04,510
2026-04-17 07:40:00,28.0262,28.05,28.0262,28.05,810
2026-04-17 07:50:00,28.03,28.03,28.01,28.01,652
2026-04-17 07:55:00,28.0138,28.0138,28.0138,28.0138,200
2026-04-17 08:00:00,28,28.01,28,28.01,950
2026-04-17 08:20:00,28.07,28.07,28,28,656
2026-04-17 08:25:00,27.9,27.93,27.8,27.93,6927
2026-04-17 08:30:00,27.91,27.92,27.91,27.92,2783
2026-04-17 08:35:00,27.9143,27.92,27.9143,27.92,200
2026-04-17 08:40:00,27.95,28.02,27.95,27.98,4058
2026-04-17 08:45:00,27.94,27.94,27.65,27.65,11506
2026-04-17 08:50:00,27.6,27.6,27.5507,27.5759,17828
2026-04-17 08:55:00,27.55,27.609,27.44,27.44,22863
2026-04-17 09:00:00,27.4952,27.6,27.49,27.5,9282
2026-04-17 09:05:00,27.48,27.5,27.25,27.25,24573
2026-04-17 09:10:00,27.2915,27.41,27.29,27.33,12613
2026-04-17 09:15:00,27.3594,27.44,27.32,27.3704,13519
2026-04-17 09:20:00,27.46,27.4989,27.45,27.45,900
2026-04-17 09:25:00,27.46,27.64,27.46,27.64,3871
2026-04-17 09:30:00,27.62,27.72,27.535,27.6,96425
2026-04-17 09:35:00,27.6089,27.67,27.5913,27.63,33927
2026-04-17 09:40:00,27.65,27.84,27.64,27.78,32385
2026-04-17 09:45:00,27.755,27.88,27.69,27.69,42276
2026-04-17 09:50:00,27.69,27.72,27.62,27.67,43500
2026-04-17 09:55:00,27.67,27.68,27.595,27.595,39218
2026-04-17 10:00:00,27.61,27.62,27.57,27.6,29601
2026-04-17 10:05:00,27.6,27.7,27.595,27.675,52571
2026-04-17 10:10:00,27.68,27.76,27.66,27.725,10980
2026-04-17 10:15:00,27.7287,27.76,27.69,27.755,21811
2026-04-17 10:20:00,27.76,27.86,27.755,27.79,34916
2026-04-17 10:25:00,27.8,27.885,27.765,27.87,24147
2026-04-17 10:30:00,27.86,27.88,27.79,27.805,23143
2026-04-17 10:35:00,27.81,27.875,27.81,27.86,34648
2026-04-17 10:40:00,27.865,27.885,27.8,27.87,32461
2026-04-17 10:45:00,27.875,27.88,27.84,27.86,16637
2026-04-17 10:50:00,27.86,27.94,27.84,27.93,48094
2026-04-17 10:55:00,27.93,27.97,27.75,27.7687,60646
2026-04-17 11:00:00,27.76,27.81,27.66,27.7499,104743
2026-04-17 11:05:00,27.74,27.74,27.62,27.68,26042
2026-04-17 11:10:00,27.67,27.7,27.63,27.64,286714
2026-04-17 11:15:00,27.635,27.64,27.531,27.58,32186
2026-04-17 11:20:00,27.585,27.61,27.45,27.455,38957
2026-04-17 11:25:00,27.45,27.46,27.405,27.42,32539
2026-04-17 11:30:00,27.4,27.54,27.4,27.52,41037
2026-04-17 11:35:00,27.53,27.59,27.52,27.58,14514
2026-04-17 11:40:00,27.59,27.685,27.58,27.67,52447
2026-04-17 11:45:00,27.67,27.67,27.56,27.6,44165
2026-04-17 11:50:00,27.61,27.62,27.55,27.6,6840
2026-04-17 11:55:00,27.61,27.69,27.59,27.69,40252
2026-04-17 12:00:00,27.705,27.715,27.635,27.71,47145
2026-04-17 12:05:00,27.71,27.75,27.71,27.74,8737
2026-04-17 12:10:00,27.74,27.74,27.68,27.74,9401
2026-04-17 12:15:00,27.735,27.81,27.735,27.755,12791
2026-04-17 12:20:00,27.76,27.79,27.75,27.7598,22609
2026-04-17 12:25:00,27.755,27.785,27.745,27.77,4347
2026-04-17 12:30:00,27.7601,27.77,27.745,27.76,9947
2026-04-17 12:35:00,27.755,27.795,27.74,27.79,8357
2026-04-17 12:40:00,27.795,27.82,27.78,27.8,6589
2026-04-17 12:45:00,27.81,27.87,27.81,27.87,6948
2026-04-17 12:50:00,27.88,27.88,27.8,27.81,12993
2026-04-17 12:55:00,27.82,27.82,27.755,27.755,2732
2026-04-17 13:00:00,27.75,27.76,27.66,27.67,13067
2026-04-17 13:05:00,27.67,27.815,27.67,27.75,34319
2026-04-17 13:10:00,27.74,27.79,27.73,27.775,17819
2026-04-17 13:15:00,27.76,27.76,27.665,27.68,12399
2026-04-17 13:20:00,27.69,27.96,27.67,27.86,73461
2026-04-17 13:25:00,27.85,27.85,27.67,27.67,27411
2026-04-17 13:30:00,27.68,27.69,27.63,27.68,7691
2026-04-17 13:35:00,27.695,27.695,27.57,27.57,13377
2026-04-17 13:40:00,27.58,27.625,27.57,27.62,10681
2026-04-17 13:45:00,27.61,27.625,27.58,27.61,25068
2026-04-17 13:50:00,27.61,27.625,27.5914,27.625,8454
2026-04-17 13:55:00,27.625,27.69,27.62,27.69,5350
2026-04-17 14:00:00,27.68,27.71,27.66,27.69,10313
2026-04-17 14:05:00,27.6962,27.79,27.69,27.76,9118
2026-04-17 14:10:00,27.74,27.7565,27.72,27.755,10155
2026-04-17 14:15:00,27.745,27.745,27.68,27.72,12682
2026-04-17 14:20:00,27.725,27.7681,27.685,27.72,9680
2026-04-17 14:25:00,27.73,27.73,27.67,27.69,9705
2026-04-17 14:30:00,27.68,27.68,27.615,27.615,13968
2026-04-17 14:35:00,27.615,27.655,27.61,27.64,19361
2026-04-17 14:40:00,27.64,27.685,27.63,27.63,4900
2026-04-17 14:45:00,27.64,27.68,27.625,27.675,8479
2026-04-17 14:50:00,27.67,27.75,27.67,27.72,35596
2026-04-17 14:55:00,27.7301,27.75,27.7,27.75,15896
2026-04-17 15:00:00,27.755,27.815,27.75,27.8,16815
2026-04-17 15:05:00,27.815,27.865,27.78,27.85,13372
2026-04-17 15:10:00,27.87,27.89,27.84,27.87,3046
2026-04-17 15:15:00,27.8799,27.8799,27.8,27.82,7887
2026-04-17 15:20:00,27.81,27.88,27.8,27.83,10683
2026-04-17 15:25:00,27.81,27.85,27.81,27.8264,22427
2026-04-17 15:30:00,27.815,27.825,27.74,27.7597,15280
2026-04-17 15:35:00,27.765,27.77,27.665,27.67,16193
2026-04-17 15:40:00,27.685,27.685,27.65,27.665,7907
2026-04-17 15:45:00,27.67,27.745,27.6686,27.74,23690
2026-04-17 15:50:00,27.74,27.935,27.67,27.89,511999
2026-04-17 15:55:00,27.88,27.99,27.86,27.98,255303
2026-04-17 16:00:00,27.98,27.98,27.5,27.95,18820
2026-04-17 16:05:00,27.96,28,27.94,28,16534
2026-04-17 16:10:00,27.98,27.98,27.98,27.98,9000
2026-04-17 16:15:00,27.9816,27.9816,27.9816,27.9816,800
2026-04-17 16:20:00,28.02,28.07,28.02,28.06,2664
2026-04-17 16:25:00,28.02,28.06,28.02,28.06,11174
2026-04-17 16:30:00,28.05,28.05,28.05,28.05,1800
2026-04-17 16:40:00,28.0754,28.0754,28.0754,28.0754,100
2026-04-17 16:55:00,28.0291,28.0291,28.0291,28.0291,500
2026-04-17 17:05:00,28.02,28.02,28.02,28.02,105
2026-04-17 17:20:00,28.08,28.09,28.08,28.09,292
2026-04-17 18:45:00,28.0805,28.0999,28.0805,28.0808,1041
2026-04-17 19:05:00,28.08,28.1,28.08,28.1,200
2026-04-17 19:35:00,28.12,28.13,28.12,28.13,900
2026-04-20 04:00:00,28.99,28.99,28.6,28.88,15060
2026-04-20 04:05:00,28.9,28.92,28.9,28.92,955
2026-04-20 04:15:00,28.93,28.93,28.93,28.93,100
2026-04-20 04:40:00,28.89,28.89,28.89,28.89,220
2026-04-20 04:45:00,28.86,28.86,28.86,28.86,200
2026-04-20 04:50:00,28.86,28.86,28.82,28.83,2066
2026-04-20 04:55:00,28.84,28.84,28.84,28.84,150
2026-04-20 05:00:00,28.72,28.72,28.66,28.66,222
2026-04-20 05:20:00,28.71,28.71,28.71,28.71,200
2026-04-20 05:30:00,28.67,28.67,28.66,28.66,730
2026-04-20 05:35:00,28.69,28.69,28.69,28.69,220
2026-04-20 05:45:00,28.68,28.69,28.68,28.69,420
2026-04-20 05:55:00,28.71,28.71,28.71,28.71,200
2026-04-20 06:05:00,28.62,28.62,28.6,28.6,1081
2026-04-20 06:15:00,28.55,28.55,28.49,28.49,220
2026-04-20 06:20:00,28.5,28.55,28.5,28.55,500
2026-04-20 06:25:00,28.55,28.55,28.55,28.55,110
2026-04-20 06:30:00,28.57,28.57,28.57,28.57,110
2026-04-20 06:35:00,28.61,28.61,28.61,28.61,110
2026-04-20 06:55:00,28.6246,28.6246,28.6246,28.6246,400
2026-04-20 07:00:00,28.58,28.63,28.55,28.63,620
2026-04-20 07:05:00,28.66,28.66,28.58,28.58,700
2026-04-20 07:10:00,28.63,28.66,28.63,28.66,733
2026-04-20 07:15:00,28.62,28.62,28.62,28.62,100
2026-04-20 07:20:00,28.66,28.66,28.66,28.66,383
2026-04-20 07:25:00,28.7,28.7,28.7,28.7,166
2026-04-20 07:40:00,28.66,28.68,28.63,28.63,1410
2026-04-20 07:45:00,28.57,28.59,28.57,28.59,2610
2026-04-20 07:50:00,28.57,28.6,28.57,28.6,1920
2026-04-20 07:55:00,28.59,28.5982,28.5783,28.5783,420
2026-04-20 08:00:00,28.54,28.54,28.5,28.5,5847
2026-04-20 08:20:00,28.4998,28.4998,28.45,28.45,735
2026-04-20 08:25:00,28.48,28.48,28.45,28.45,4786
2026-04-20 08:30:00,28.43,28.43,28.42,28.42,763
2026-04-20 08:35:00,28.46,28.5,28.46,28.46,310
2026-04-20 08:40:00,28.4762,28.4762,28.4762,28.4762,200
2026-04-20 08:45:00,28.4287,28.4287,28.41,28.41,500
2026-04-20 08:50:00,28.44,28.47,28.44,28.45,5800
2026-04-20 08:55:00,28.47,28.49,28.46,28.49,1700
2026-04-20 09:00:00,28.46,28.4866,28.45,28.47,2980
2026-04-20 09:05:00,28.47,28.5,28.39,28.46,8138
2026-04-20 09:10:00,28.4308,28.435,28.4308,28.435,3206
2026-04-20 09:15:00,28.4399,28.4399,28.4399,28.4399,987
2026-04-20 09:20:00,28.42,28.43,28.41,28.41,3890
2026-04-20 09:25:00,28.41,28.41,28.3,28.3,3977
2026-04-20 09:30:00,28.33,28.33,28.25,28.27,79244
2026-04-20 09:35:00,28.27,28.39,28.23,28.36,32012
2026-04-20 09:40:00,28.365,28.405,28.24,28.245,43815
2026-04-20 09:45:00,28.245,28.3,28.2201,28.295,38009
2026-04-20 09:50:00,28.29,28.3,28.22,28.22,25830
2026-04-20 09:55:00,28.23,28.275,28.19,28.27,20909
2026-04-20 10:00:00,28.265,28.43,28.265,28.43,33934
2026-04-20 10:05:00,28.43,28.4699,28.375,28.42,11364
2026-04-20 10:10:00,28.42,28.54,28.42,28.495,48179
2026-04-20 10:15:00,28.5,28.56,28.48,28.53,24620
2026-04-20 10:20:00,28.53,28.54,28.49,28.505,36349
2026-04-20 10:25:00,28.505,28.595,28.5,28.555,23070
2026-04-20 10:30:00,28.54,28.635,28.5227,28.61,24181
2026-04-20 10:35:00,28.625,28.66,28.555,28.59,14351
2026-04-20 10:40:00,28.59,28.65,28.555,28.56,17844
2026-04-20 10:45:00,28.57,28.57,28.45,28.46,19556
2026-04-20 10:50:00,28.47,28.85,28.46,28.615,130540
2026-04-20 10:55:00,28.635,28.67,28.615,28.615,15128
2026-04-20 11:00:00,28.605,28.76,28.56,28.74,24930
2026-04-20 11:05:00,28.72,28.81,28.69,28.765,33806
2026-04-20 11:10:00,28.765,28.77,28.62,28.65,33560
2026-04-20 11:15:00,28.64,28.72,28.612,28.63,22340
2026-04-20 11:20:00,28.64,28.66,28.5,28.56,37138
2026-04-20 11:25:00,28.54,28.55,28.465,28.5,32400
2026-04-20 11:30:00,28.51,28.65,28.51,28.62,23092
2026-04-20 11:35:00,28.62,28.7,28.61,28.615,7429
2026-04-20 11:40:00,28.6,28.61,28.55,28.59,36455
2026-04-20 11:45:00,28.605,28.61,28.5,28.53,14999
2026-04-20 11:50:00,28.545,28.57,28.52,28.52,4026
2026-04-20 11:55:00,28.48,28.48,28.455,28.455,14584
2026-04-20 12:00:00,28.4663,28.555,28.43,28.55,22461
2026-04-20 12:05:00,28.52,28.52,28.4297,28.445,19934
2026-04-20 12:10:00,28.41,28.42,28.39,28.405,24420
2026-04-20 12:15:00,28.41,28.46,28.375,28.375,14508
2026-04-20 12:20:00,28.37,28.4,28.355,28.37,4413
2026-04-20 12:25:00,28.37,28.39,28.36,28.375,12430
2026-04-20 12:30:00,28.37,28.375,28.3401,28.3401,18870
2026-04-20 12:35:00,28.36,28.405,28.36,28.375,12200
2026-04-20 12:40:00,28.38,28.42,28.32,28.38,25940
2026-04-20 12:45:00,28.385,28.41,28.355,28.41,7082
2026-04-20 12:50:00,28.41,28.42,28.4,28.42,3215
2026-04-20 12:55:00,28.43,28.44,28.41,28.42,4330
2026-04-20 13:00:00,28.425,28.48,28.42,28.47,16134
2026-04-20 13:05:00,28.475,28.475,28.425,28.445,6184
2026-04-20 13:10:00,28.45,28.47,28.4299,28.43,4057
2026-04-20 13:15:00,28.43,28.435,28.375,28.385,15250
2026-04-20 13:20:00,28.39,28.435,28.39,28.41,6229
2026-04-20 13:25:00,28.425,28.45,28.425,28.45,1200
2026-04-20 13:30:00,28.44,28.55,28.44,28.525,16967
2026-04-20 13:35:00,28.52,28.545,28.475,28.53,14497
2026-04-20 13:40:00,28.545,28.59,28.495,28.57,11849
2026-04-20 13:45:00,28.565,28.58,28.515,28.54,3449
2026-04-20 13:50:00,28.545,28.545,28.485,28.49,4800
2026-04-20 13:55:00,28.485,28.51,28.485,28.5,7910
2026-04-20 14:00:00,28.49,28.54,28.485,28.535,4853
2026-04-20 14:05:00,28.52,28.52,28.45,28.4801,7343
2026-04-20 14:10:00,28.49,28.59,28.49,28.56,42327
2026-04-20 14:15:00,28.56,28.58,28.5,28.505,10779
2026-04-20 14:20:00,28.505,28.51,28.47,28.47,16075
2026-04-20 14:25:00,28.47,28.56,28.445,28.51,30900
2026-04-20 14:30:00,28.5,28.53,28.49,28.49,20742
2026-04-20 14:35:00,28.48,28.55,28.475,28.55,34701
2026-04-20 14:40:00,28.55,28.55,28.495,28.515,9075
2026-04-20 14:45:00,28.51,28.55,28.5,28.505,11044
2026-04-20 14:50:00,28.505,28.505,28.485,28.4873,5500
2026-04-20 14:55:00,28.49,28.49,28.47,28.48,14850
2026-04-20 15:00:00,28.47,28.5,28.4645,28.5,5399
2026-04-20 15:05:00,28.495,28.5,28.47,28.5,9089
2026-04-20 15:10:00,28.505,28.505,28.49,28.49,10835
2026-04-20 15:15:00,28.49,28.51,28.485,28.495,17546
2026-04-20 15:20:00,28.5,28.58,28.49,28.58,11991
2026-04-20 15:25:00,28.57,28.615,28.57,28.585,41454
2026-04-20 15:30:00,28.585,28.64,28.565,28.62,26121
2026-04-20 15:35:00,28.625,28.645,28.595,28.645,9050
2026-04-20 15:40:00,28.645,28.715,28.645,28.71,29022
2026-04-20 15:45:00,28.705,28.74,28.68,28.6803,54944
2026-04-20 15:50:00,28.685,28.685,28.36,28.465,955326
2026-04-20 15:55:00,28.47,28.49,28.33,28.33,180522
2026-04-20 16:00:00,28.34,28.47,28.34,28.45,10787
2026-04-20 16:05:00,28.3788,28.3788,28.3788,28.3788,170
2026-04-20 16:10:00,28.33,28.33,28.29,28.29,3544
2026-04-20 16:15:00,28.33,28.33,28.33,28.33,1360
2026-04-20 16:20:00,28.31,28.31,28.31,28.31,372
2026-04-20 16:35:00,28.21,28.23,28.2,28.23,2206
2026-04-20 16:40:00,28.23,28.28,28.23,28.27,505
2026-04-20 16:45:00,28.25,28.25,28.23,28.23,600
2026-04-20 16:50:00,28.25,28.25,28.24,28.24,260
2026-04-20 17:25:00,28.3007,28.33,28.3007,28.33,1692
2026-04-20 17:35:00,28.4621,28.4621,28.4621,28.4621,350
2026-04-20 18:00:00,28.31,28.31,28.16,28.16,2987
2026-04-20 18:10:00,28.18,28.25,28.17,28.25,3400
2026-04-20 18:25:00,28.24,28.24,28.24,28.24,100
2026-04-20 18:35:00,28.25,28.26,28.25,28.26,1376
2026-04-20 18:40:00,28.25,28.25,28.25,28.25,800
2026-04-20 18:50:00,28.25,28.25,28.25,28.25,400
2026-04-20 19:10:00,28.28,28.28,28.28,28.28,200
2026-04-20 19:15:00,28.28,28.28,28.28,28.28,100
2026-04-20 19:25:00,28.28,28.28,28.28,28.28,400
2026-04-20 19:40:00,28.29,28.29,28.29,28.29,500
2026-04-20 19:50:00,28.3,28.3,28.3,28.3,600
2026-04-20 19:55:00,28.28,28.28,28.28,28.28,100
2026-04-21 04:00:00,28.31,28.34,28.23,28.25,1388
2026-04-21 04:20:00,28.31,28.31,28.31,28.31,100
2026-04-21 04:25:00,28.26,28.26,28.25,28.25,231
2026-04-21 04:30:00,28.25,28.25,28.25,28.25,252
2026-04-21 06:25:00,28.1,28.1,28.1,28.1,400
2026-04-21 06:30:00,28.04,28.04,28.03,28.03,667
2026-04-21 06:35:00,28.01,28.01,27.98,27.98,300
2026-04-21 06:40:00,27.96,27.96,27.96,27.96,100
2026-04-21 06:50:00,27.9,27.9,27.9,27.9,100
2026-04-21 07:00:00,27.94,28,27.94,28,1513
2026-04-21 07:05:00,27.97,28.08,27.95,28.08,2305
2026-04-21 07:10:00,28.1,28.11,28.1,28.11,720
2026-04-21 07:15:00,28.13,28.14,28.08,28.08,1028
2026-04-21 07:20:00,28.03,28.07,28.01,28.01,1390
2026-04-21 07:25:00,28.06,28.06,28.06,28.06,2868
2026-04-21 07:30:00,28.01,28.01,28.01,28.01,100
2026-04-21 07:50:00,28.1122,28.14,28.08,28.14,920
2026-04-21 07:55:00,28.17,28.17,28.17,28.17,350
2026-04-21 08:05:00,28.12,28.12,28.12,28.12,1034
2026-04-21 08:10:00,28.13,28.14,28.13,28.14,6935
2026-04-21 08:15:00,28.2,28.2,28.2,28.2,100
2026-04-21 08:20:00,28.18,28.2,28.18,28.2,900
2026-04-21 08:30:00,28.13,28.13,28.13,28.13,295
2026-04-21 08:35:00,28.2,28.2,28.2,28.2,160
2026-04-21 08:40:00,28.2069,28.2069,28.2069,28.2069,100
2026-04-21 08:45:00,28.2,28.2,28.2,28.2,300
2026-04-21 08:55:00,28.22,28.22,28.22,28.22,200
2026-04-21 09:00:00,28.28,28.28,28.26,28.26,207
2026-04-21 09:05:00,28.29,28.3,28.27,28.27,600
2026-04-21 09:15:00,28.2733,28.2733,28.27,28.27,300
2026-04-21 09:20:00,28.32,28.32,28.32,28.32,221
2026-04-21 09:25:00,28.29,28.32,28.26,28.26,4481
2026-04-21 09:30:00,28.3,28.45,28.27,28.4,38358
2026-04-21 09:35:00,28.4,28.435,28.36,28.39,39216
2026-04-21 09:40:00,28.39,28.39,28.25,28.25,35659
2026-04-21 09:45:00,28.275,28.315,28.265,28.285,21565
2026-04-21 09:50:00,28.29,28.3,28.26,28.3,4974
2026-04-21 09:55:00,28.295,28.32,28.28,28.29,35859
2026-04-21 10:00:00,28.28,28.3,28.235,28.27,17450
2026-04-21 10:05:00,28.28,28.34,28.25,28.34,7982
2026-04-21 10:10:00,28.345,28.42,28.335,28.41,16200
2026-04-21 10:15:00,28.42,28.46,28.37,28.42,19064
2026-04-21 10:20:00,28.43,28.615,28.43,28.55,35611
2026-04-21 10:25:00,28.55,28.58,28.47,28.54,13589
2026-04-21 10:30:00,28.52,28.555,28.49,28.555,10546
2026-04-21 10:35:00,28.55,28.575,28.535,28.575,9885
2026-04-21 10:40:00,28.58,28.585,28.46,28.5,21000
2026-04-21 10:45:00,28.5,28.63,28.5,28.5801,31938
2026-04-21 10:50:00,28.58,28.645,28.53,28.56,30655
2026-04-21 10:55:00,28.59,28.74,28.58,28.7374,22249
2026-04-21 11:00:00,28.72,28.92,28.69,28.83,49836
2026-04-21 11:05:00,28.82,28.86,28.64,28.67,39006
2026-04-21 11:10:00,28.65,28.66,28.5965,28.625,19115
2026-04-21 11:15:00,28.62,28.695,28.6,28.635,16958
2026-04-21 11:20:00,28.63,28.75,28.63,28.73,7919
2026-04-21 11:25:00,28.74,28.7955,28.7,28.73,16114
2026-04-21 11:30:00,28.71,28.76,28.685,28.74,15658
2026-04-21 11:35:00,28.74,28.88,28.74,28.8,21533
2026-04-21 11:40:00,28.8,28.8,28.66,28.68,42289
2026-04-21 11:45:00,28.67,28.675,28.515,28.58,21594
2026-04-21 11:50:00,28.58,28.68,28.58,28.68,32858
2026-04-21 11:55:00,28.68,28.68,28.575,28.615,19317
2026-04-21 12:00:00,28.6,28.6,28.42,28.5,59701
2026-04-21 12:05:00,28.51,28.51,28.45,28.48,22710
2026-04-21 12:10:00,28.51,28.59,28.5086,28.555,13765
2026-04-21 12:15:00,28.53,28.605,28.53,28.55,23844
2026-04-21 12:20:00,28.56,28.65,28.56,28.6,22436
2026-04-21 12:25:00,28.6,28.66,28.6,28.63,8283
2026-04-21 12:30:00,28.62,28.62,28.54,28.55,4810
2026-04-21 12:35:00,28.53,28.65,28.53,28.61,8168
2026-04-21 12:40:00,28.62,28.7373,28.6001,28.71,9924
2026-04-21 12:45:00,28.7,28.7,28.6103,28.6103,10670
2026-04-21 12:50:00,28.61,28.67,28.61,28.6692,9116
2026-04-21 12:55:00,28.66,28.75,28.66,28.75,7348
2026-04-21 13:00:00,28.75,28.76,28.6844,28.7,19828
2026-04-21 13:05:00,28.71,28.91,28.71,28.8,56607
2026-04-21 13:10:00,28.81,28.94,28.8,28.89,27520
2026-04-21 13:15:00,28.885,29.04,28.87,29.04,33148
2026-04-21 13:20:00,29.05,29.05,28.91,28.92,29410
2026-04-21 13:25:00,28.92,28.92,28.845,28.87,25012
2026-04-21 13:30:00,28.86,28.87,28.75,28.759,26117
2026-04-21 13:35:00,28.76,28.785,28.53,28.63,39889
2026-04-21 13:40:00,28.63,28.63,28.45,28.55,53368
2026-04-21 13:45:00,28.56,28.58,28.525,28.5519,14873
2026-04-21 13:50:00,28.56,28.61,28.53,28.61,12727
2026-04-21 13:55:00,28.615,28.67,28.615,28.65,25034
2026-04-21 14:00:00,28.63,28.63,28.52,28.58,21221
2026-04-21 14:05:00,28.61,28.615,28.55,28.61,11504
2026-04-21 14:10:00,28.62,28.67,28.615,28.615,11776
2026-04-21 14:15:00,28.62,28.865,28.59,28.76,74521
2026-04-21 14:20:00,28.78,28.8,28.7458,28.77,6459
2026-04-21 14:25:00,28.77,28.795,28.745,28.77,6841
2026-04-21 14:30:00,28.75,28.75,28.58,28.5998,21728
2026-04-21 14:35:00,28.5898,28.645,28.575,28.64,9834
2026-04-21 14:40:00,28.63,28.63,28.58,28.585,8689
2026-04-21 14:45:00,28.595,28.71,28.59,28.71,11428
2026-04-21 14:50:00,28.71,28.74,28.49,28.52,42633
2026-04-21 14:55:00,28.53,28.6097,28.45,28.555,57238
2026-04-21 15:00:00,28.54,28.54,28.49,28.49,23579
2026-04-21 15:05:00,28.49,28.5,28.43,28.48,33331
2026-04-21 15:10:00,28.49,28.65,28.44,28.575,62129
2026-04-21 15:15:00,28.56,28.66,28.525,28.63,48996
2026-04-21 15:20:00,28.625,28.6299,28.5084,28.5084,39041
2026-04-21 15:25:00,28.5,28.52,28.485,28.495,15442
2026-04-21 15:30:00,28.5,28.56,28.47,28.53,31414
2026-04-21 15:35:00,28.53,28.77,28.53,28.74,18265
2026-04-21 15:40:00,28.72,29.37,28.72,29.295,129319
2026-04-21 15:45:00,29.27,29.29,28.965,29.005,100351
2026-04-21 15:50:00,29,29.17,28.89,29.14,221995
2026-04-21 15:55:00,29.14,29.15,28.805,28.84,390150
2026-04-21 16:00:00,28.91,29.076,28.8609,28.93,48405
2026-04-21 16:05:00,29.04,29.04,28.95,28.95,1310
2026-04-21 16:10:00,28.56,28.73,28.5,28.5,13143
2026-04-21 16:15:00,28.6318,28.65,28.55,28.65,3063
2026-04-21 16:20:00,28.65,28.65,28.56,28.56,6564
2026-04-21 16:25:00,28.6,28.6,28.5769,28.5769,200
2026-04-21 16:30:00,28.6737,28.6737,28.56,28.6,1883
2026-04-21 16:35:00,28.57,28.57,28.55,28.55,1255
2026-04-21 16:40:00,28.53,28.53,28.53,28.53,100
2026-04-21 16:45:00,28.5276,28.5843,28.52,28.52,4712
2026-04-21 16:55:00,28.58,28.6,28.5239,28.59,700
2026-04-21 17:55:00,28.6492,28.6492,28.6492,28.6492,500
2026-04-21 18:35:00,28.5142,28.5142,28.5109,28.5109,1108
2026-04-21 18:40:00,28.56,28.56,28.56,28.56,300
2026-04-21 18:45:00,28.58,28.58,28.58,28.58,274
2026-04-21 18:55:00,28.6,28.6,28.6,28.6,100
2026-04-21 19:20:00,28.54,28.54,28.54,28.54,150
2026-04-21 19:30:00,28.55,28.55,28.55,28.55,200
2026-04-21 19:40:00,28.52,28.52,28.52,28.52,140
2026-04-21 19:45:00,28.52,28.52,28.49,28.496,895
2026-04-21 19:50:00,28.5488,28.5488,28.5389,28.5389,1100
2026-04-21 19:55:00,28.54,28.55,28.53,28.54,900