2026-03-23 04:00:00,32,32.15,31.26,31.5,27915
2026-03-23 04:05:00,31.47,31.51,31.1,31.2,26838
2026-03-23 04:10:00,31.2,31.3,30.78,30.88,33832
2026-03-23 04:15:00,30.88,31.21,30.88,30.89,33722
2026-03-23 04:20:00,30.88,31.1,30.77,30.9,16894
2026-03-23 04:25:00,30.95,31.13,30.9,31.11,14330
2026-03-23 04:30:00,31.15,31.16,30.82,30.89,19785
2026-03-23 04:35:00,30.86,31.32,30.86,31.2,41283
2026-03-23 04:40:00,31.17,31.27,30.99,31.1,18781
2026-03-23 04:45:00,31.1,31.18,30.92,31.18,17973
2026-03-23 04:50:00,31.25,31.4,31.2,31.23,25922
2026-03-23 04:55:00,31.25,31.52,31.25,31.3,34320
2026-03-23 05:00:00,31.28,31.67,31.28,31.67,21848
2026-03-23 05:05:00,31.69,31.69,31.59,31.6,29857
2026-03-23 05:10:00,31.64,31.81,31.55,31.66,20235
2026-03-23 05:15:00,31.65,31.65,31.28,31.4,29901
2026-03-23 05:20:00,31.43,31.45,31.04,31.3,17770
2026-03-23 05:25:00,31.29,31.3,31.06,31.1,19493
2026-03-23 05:30:00,31.08,31.54,31.08,31.51,16832
2026-03-23 05:35:00,31.51,32.01,31.5,32,45802
2026-03-23 05:40:00,32.01,32.23,31.94,32.08,37190
2026-03-23 05:45:00,32.11,32.19,31.97,32.02,13864
2026-03-23 05:50:00,32.03,32.16,31.96,32.12,20945
2026-03-23 05:55:00,32.12,32.19,31.96,32,14792
2026-03-23 06:00:00,31.97,32.16,31.88,31.9,15672
2026-03-23 06:05:00,31.92,31.95,31.55,31.57,18557
2026-03-23 06:10:00,31.56,31.7,31.49,31.63,6045
2026-03-23 06:15:00,31.55,31.64,31.55,31.61,4398
2026-03-23 06:20:00,31.63,31.84,31.54,31.54,10262
2026-03-23 06:25:00,31.55,31.8,31.55,31.71,9110
2026-03-23 06:30:00,31.8,31.8,31.65,31.65,4593
2026-03-23 06:35:00,31.71,32.1,31.65,32.03,11397
2026-03-23 06:40:00,32.04,32.12,31.82,31.9,9856
2026-03-23 06:45:00,31.9,32,31.89,31.89,5345
2026-03-23 06:50:00,31.87,31.87,31.48,31.61,64678
2026-03-23 06:55:00,31.62,31.77,31.55,31.57,14342
2026-03-23 07:00:00,31.56,31.6,30.99,31.13,22595
2026-03-23 07:05:00,31.14,31.14,27.68,27.86,261531
2026-03-23 07:10:00,27.731,28.5,27.5,27.59,154383
2026-03-23 07:15:00,27.62,28.5,27.62,28.37,258910
2026-03-23 07:20:00,28.24,29.3,27.93,29.15,117160
2026-03-23 07:25:00,29.1,29.1,28.42,28.43,47157
2026-03-23 07:30:00,28.37,28.47,27.92,28,20630
2026-03-23 07:35:00,28.08,28.58,27.99,28.4,51375
2026-03-23 07:40:00,28.53,28.75,28.34,28.39,11697
2026-03-23 07:45:00,28.39,28.99,28.28,28.7,51285
2026-03-23 07:50:00,28.73,29.11,28.36,28.54,69021
2026-03-23 07:55:00,28.7,29.38,28.7,29.07,44105
2026-03-23 08:00:00,31.58,33.9,27.5,29.11,1616996
2026-03-23 08:05:00,29.05,29.43,28.925,28.97,50806
2026-03-23 08:10:00,28.93,29.16,28.8604,29.16,48437
2026-03-23 08:15:00,29.05,29.05,28.51,28.5503,35319
2026-03-23 08:20:00,28.6,28.65,28.42,28.49,28269
2026-03-23 08:25:00,28.45,28.5,28.25,28.33,23929
2026-03-23 08:30:00,28.3,28.52,28.13,28.25,36175
2026-03-23 08:35:00,28.2101,28.29,28.0621,28.1451,45185
2026-03-23 08:40:00,28.12,28.22,27.66,27.69,370126
2026-03-23 08:45:00,27.69,27.83,27.4452,27.4691,96142
2026-03-23 08:50:00,27.44,27.4698,27.1,27.33,113581
2026-03-23 08:55:00,27.33,27.48,27.11,27.35,32350
2026-03-23 09:00:00,27.35,28.31,27.35,28.16,122746
2026-03-23 09:05:00,28.12,28.46,28.09,28.12,81851
2026-03-23 09:10:00,28.17,28.19,27.59,27.89,42498
2026-03-23 09:15:00,27.91,28.14,27.75,28.14,70937
2026-03-23 09:20:00,28.19,28.5,28.1,28.41,38915
2026-03-23 09:25:00,28.399,28.83,28.36,28.77,50094
2026-03-23 09:30:00,28.74,28.9796,28.4747,28.64,510028
2026-03-23 09:35:00,28.7,28.7,28.29,28.325,195802
2026-03-23 09:40:00,28.27,28.4,27.86,28.37,173072
2026-03-23 09:45:00,28.41,28.455,27.8,27.9,160520
2026-03-23 09:50:00,27.87,27.9503,27.54,27.76,180863
2026-03-23 09:55:00,27.81,28.09,27.7,27.7,106631
2026-03-23 10:00:00,27.7,27.71,27.27,27.51,187042
2026-03-23 10:05:00,27.54,27.61,27.25,27.3701,352110
2026-03-23 10:10:00,27.41,27.52,27.26,27.35,71184
2026-03-23 10:15:00,27.35,27.43,26.64,26.8299,956873
2026-03-23 10:20:00,26.82,26.9,26.37,26.39,237496
2026-03-23 10:25:00,26.39,26.95,26.26,26.82,208705
2026-03-23 10:30:00,26.82,27.06,26.555,26.72,128266
2026-03-23 10:35:00,26.71,26.97,26.585,26.905,503787
2026-03-23 10:40:00,26.95,27.1,26.74,26.8,96483
2026-03-23 10:45:00,26.91,27.0099,26.6801,26.77,144496
2026-03-23 10:50:00,26.78,27.29,26.78,26.98,297264
2026-03-23 10:55:00,26.97,27.01,26.68,26.87,158828
2026-03-23 11:00:00,26.87,26.97,26.49,26.6,154307
2026-03-23 11:05:00,26.61,26.64,26.45,26.46,106905
2026-03-23 11:10:00,26.5,26.75,26.48,26.71,67448
2026-03-23 11:15:00,26.67,27.38,26.67,27.17,122904
2026-03-23 11:20:00,27.21,27.3895,26.86,26.87,75120
2026-03-23 11:25:00,26.88,27.255,26.8602,27.12,42636
2026-03-23 11:30:00,27.14,27.47,27.02,27.43,78189
2026-03-23 11:35:00,27.4399,27.82,27.42,27.69,130720
2026-03-23 11:40:00,27.7,28.0999,27.64,28.0397,119120
2026-03-23 11:45:00,28.11,28.3,27.8504,27.94,119398
2026-03-23 11:50:00,27.97,28.23,27.84,28.22,476962
2026-03-23 11:55:00,28.16,28.96,28.16,28.61,363324
2026-03-23 12:00:00,28.58,28.62,28.24,28.5596,141494
2026-03-23 12:05:00,28.58,28.62,28.14,28.215,108855
2026-03-23 12:10:00,28.26,28.37,27.89,27.99,80576
2026-03-23 12:15:00,28.01,28.34,28,28.29,46385
2026-03-23 12:20:00,28.22,28.41,28.1,28.25,66911
2026-03-23 12:25:00,28.25,28.54,28.25,28.54,93469
2026-03-23 12:30:00,28.53,28.53,28.0899,28.0899,47454
2026-03-23 12:35:00,28.1,28.12,27.89,28.12,63749
2026-03-23 12:40:00,28.08,28.09,27.68,27.7101,89141
2026-03-23 12:45:00,27.73,27.9,27.61,27.61,53815
2026-03-23 12:50:00,27.66,27.76,27.54,27.61,22565
2026-03-23 12:55:00,27.58,27.92,27.56,27.845,64433
2026-03-23 13:00:00,27.81,27.82,27.51,27.7699,72222
2026-03-23 13:05:00,27.85,27.9,27.47,27.52,68016
2026-03-23 13:10:00,27.57,27.64,27.47,27.62,42428
2026-03-23 13:15:00,27.61,27.745,27.43,27.47,59185
2026-03-23 13:20:00,27.46,27.67,27.4303,27.63,65274
2026-03-23 13:25:00,27.57,27.57,27.34,27.42,23399
2026-03-23 13:30:00,27.4,27.4,27.08,27.15,67518
2026-03-23 13:35:00,27.16,27.27,27.08,27.18,96645
2026-03-23 13:40:00,27.275,27.35,27.15,27.3,37743
2026-03-23 13:45:00,27.3,27.5098,27.3,27.5,56121
2026-03-23 13:50:00,27.5,27.5,27.305,27.305,36463
2026-03-23 13:55:00,27.31,27.37,27.165,27.25,31194
2026-03-23 14:00:00,27.255,27.33,27.22,27.2616,29130
2026-03-23 14:05:00,27.26,27.64,27.17,27.42,87865
2026-03-23 14:10:00,27.4,27.4,27.13,27.24,49176
2026-03-23 14:15:00,27.3,27.4,27.17,27.3,36892
2026-03-23 14:20:00,27.315,27.32,27.21,27.23,12105
2026-03-23 14:25:00,27.15,27.15,26.95,27.0598,52541
2026-03-23 14:30:00,27.02,27.02,26.8101,26.8567,33241
2026-03-23 14:35:00,26.84,27,26.8,26.91,54529
2026-03-23 14:40:00,26.93,26.955,26.77,26.84,54858
2026-03-23 14:45:00,26.88,26.88,26.71,26.78,132390
2026-03-23 14:50:00,26.79,27.07,26.79,26.955,43728
2026-03-23 14:55:00,26.9244,27.04,26.9,27,34278
2026-03-23 15:00:00,27.08,27.35,27.035,27.335,39983
2026-03-23 15:05:00,27.31,27.35,27.1772,27.185,26569
2026-03-23 15:10:00,27.18,27.67,27.18,27.62,111088
2026-03-23 15:15:00,27.62,27.71,27.535,27.6272,34327
2026-03-23 15:20:00,27.59,27.72,27.59,27.63,19579
2026-03-23 15:25:00,27.62,27.68,27.4,27.4601,40578
2026-03-23 15:30:00,27.47,27.57,27.405,27.49,32744
2026-03-23 15:35:00,27.47,27.5324,27.41,27.4732,17638
2026-03-23 15:40:00,27.45,27.585,27.35,27.35,38989
2026-03-23 15:45:00,27.34,27.36,27.19,27.31,106700
2026-03-23 15:50:00,27.33,27.6,27.32,27.57,31735
2026-03-23 15:55:00,27.6,27.78,27.585,27.75,149493
2026-03-23 16:00:00,27.73,27.9797,27.73,27.79,20024
2026-03-23 16:05:00,27.8,27.8,27.72,27.72,12709
2026-03-23 16:10:00,27.7,27.72,27.62,27.67,10773
2026-03-23 16:15:00,27.6484,27.68,27.59,27.64,1550
2026-03-23 16:20:00,27.6891,27.69,27.67,27.69,1295
2026-03-23 16:25:00,27.69,27.7556,27.67,27.7,1676
2026-03-23 16:30:00,27.77,27.77,27.73,27.73,7752
2026-03-23 16:35:00,27.77,27.8,27.63,27.63,3186
2026-03-23 16:40:00,27.6219,27.7,27.46,27.46,2481
2026-03-23 16:45:00,27.46,27.5237,27.46,27.5237,3315
2026-03-23 16:50:00,27.49,27.64,27.49,27.6,11812
2026-03-23 16:55:00,27.6152,27.63,27.6152,27.63,530
2026-03-23 17:05:00,27.6012,27.6012,27.6001,27.6001,1100
2026-03-23 17:20:00,27.7218,27.7218,27.6,27.6156,3115
2026-03-23 17:25:00,27.7388,27.7388,27.67,27.67,260
2026-03-23 17:30:00,27.69,27.7,27.69,27.6987,1943
2026-03-23 17:35:00,27.68,27.69,27.68,27.69,729
2026-03-23 17:55:00,27.63,27.6495,27.63,27.6495,297
2026-03-23 18:00:00,27.6,27.81,27.23,27.75,7918
2026-03-23 18:05:00,27.88,28.18,27.8754,27.8754,14693
2026-03-23 18:10:00,27.85,27.9,27.4419,27.6066,5269
2026-03-23 18:15:00,27.7223,27.7223,27.5,27.5,2959
2026-03-23 18:20:00,27.57,27.57,27.45,27.5,682
2026-03-23 18:25:00,27.5787,27.58,27.57,27.57,1200
2026-03-23 18:30:00,27.32,27.6,27.32,27.514,4535
2026-03-23 18:35:00,27.38,27.45,27.32,27.32,1381
2026-03-23 18:40:00,27.4112,27.5,27.3914,27.5,484
2026-03-23 18:45:00,27.4498,27.5,27.33,27.37,4535
2026-03-23 18:50:00,27.3,27.32,27.2,27.2,4398
2026-03-23 18:55:00,27.1605,27.22,27.13,27.18,4723
2026-03-23 19:00:00,27.2,27.25,27.19,27.2,3416
2026-03-23 19:05:00,27.2,27.2,27.03,27.15,3547
2026-03-23 19:10:00,27.19,27.19,27.05,27.05,676
2026-03-23 19:15:00,27.05,27.05,26.87,26.91,9138
2026-03-23 19:20:00,27,27.03,26.9717,27.03,4841
2026-03-23 19:25:00,26.81,26.9,26.75,26.9,17919
2026-03-23 19:30:00,27,27.04,26.9,26.9,1675
2026-03-23 19:35:00,26.89,27.2008,26.89,27.2008,1800
2026-03-23 19:40:00,27.3399,27.3399,27.14,27.14,2275
2026-03-23 19:45:00,27.14,27.15,27.0613,27.0613,7247
2026-03-23 19:50:00,27.08,27.15,27.08,27.15,1624
2026-03-23 19:55:00,27.15,27.23,27.12,27.2,12316
2026-03-24 04:00:00,26.87,27.19,26.8,27.14,10702
2026-03-24 04:05:00,27.18,27.25,27.05,27.1,18515
2026-03-24 04:10:00,27.13,27.2,26.98,27,2843
2026-03-24 04:15:00,27.15,27.43,27.15,27.37,5622
2026-03-24 04:20:00,27.38,27.49,27.3,27.3,12212
2026-03-24 04:25:00,27.41,27.59,27.41,27.53,10498
2026-03-24 04:30:00,27.57,27.65,27.37,27.55,18449
2026-03-24 04:35:00,27.55,27.55,27.37,27.5,37342
2026-03-24 04:40:00,27.5,27.5,27.3,27.46,3894
2026-03-24 04:45:00,27.37,27.37,27.17,27.17,5052
2026-03-24 04:50:00,27.23,27.37,27.1,27.1,15537
2026-03-24 04:55:00,27.16,27.31,27.16,27.23,2793
2026-03-24 05:00:00,27.15,27.29,27.15,27.2,1812
2026-03-24 05:05:00,27.22,27.51,27.2,27.45,10023
2026-03-24 05:10:00,27.44,27.55,27.35,27.55,8970
2026-03-24 05:15:00,27.57,27.62,27.07,27.08,8687
2026-03-24 05:20:00,27.08,27.31,27.08,27.31,2565
2026-03-24 05:25:00,27.28,27.28,27.2,27.2,5170
2026-03-24 05:30:00,27.19,27.24,27.1,27.1,2848
2026-03-24 05:35:00,27.11,27.13,27.09,27.11,2341
2026-03-24 05:40:00,27,27.01,26.91,27,8600
2026-03-24 05:45:00,26.96,27.07,26.95,27.07,845
2026-03-24 05:50:00,27.03,27.08,27.03,27.08,1041
2026-03-24 05:55:00,26.9,26.9,26.78,26.79,8802
2026-03-24 06:00:00,26.86,27.02,26.86,27.01,5652
2026-03-24 06:05:00,26.98,26.98,26.75,26.76,7911
2026-03-24 06:10:00,26.8,26.9,26.8,26.9,688
2026-03-24 06:15:00,26.9,26.91,26.77,26.79,2728
2026-03-24 06:20:00,26.78,27,26.78,26.96,13633
2026-03-24 06:25:00,26.97,26.98,26.93,26.93,4248
2026-03-24 06:30:00,26.96,27.18,26.95,27.18,6312
2026-03-24 06:35:00,27.14,27.14,27.08,27.13,4740
2026-03-24 06:40:00,27.03,27.1,26.97,26.97,5834
2026-03-24 06:45:00,26.96,27.13,26.96,27.11,4376
2026-03-24 06:50:00,27,27,26.91,26.97,2339
2026-03-24 06:55:00,26.98,26.98,26.7,26.7,9587
2026-03-24 07:00:00,26.7,28.06,26.7,26.98,61479
2026-03-24 07:05:00,26.98,27.04,26.73,26.8,13867
2026-03-24 07:10:00,26.78,26.84,26.7,26.72,2980
2026-03-24 07:15:00,26.88,27.08,26.87,27.05,7416
2026-03-24 07:20:00,26.85,26.92,26.76,26.92,4975
2026-03-24 07:25:00,26.98,27.12,26.96,26.96,2558
2026-03-24 07:30:00,27,27,26.69,26.69,6755
2026-03-24 07:35:00,26.68,26.9,26.66,26.81,2812
2026-03-24 07:40:00,26.8,26.95,26.79,26.95,3496
2026-03-24 07:45:00,26.93,26.93,26.79,26.79,9229
2026-03-24 07:50:00,27.05,27.57,27.05,27.37,16424
2026-03-24 07:55:00,27.36,27.36,26.88,26.91,3023
2026-03-24 08:00:00,27.5,30.1,26.57,27.1112,782479
2026-03-24 08:05:00,27.1439,27.23,27.13,27.15,8033
2026-03-24 08:10:00,27.1487,27.27,27.0065,27.06,14145
2026-03-24 08:15:00,27.0501,27.16,27.04,27.14,1933
2026-03-24 08:20:00,27.25,27.68,27.21,27.52,36841
2026-03-24 08:25:00,27.5017,27.52,27.35,27.4906,12509
2026-03-24 08:30:00,27.5,27.86,27.45,27.77,41437
2026-03-24 08:35:00,27.72,28.28,27.68,28.18,82076
2026-03-24 08:40:00,28.19,28.31,28,28.31,37813
2026-03-24 08:45:00,28.3,28.3,27.96,28.0317,25076
2026-03-24 08:50:00,28.03,28.1681,27.9,27.97,35704
2026-03-24 08:55:00,27.95,28.2,27.89,28.1952,39527
2026-03-24 09:00:00,28.1917,28.51,27.86,27.98,63351
2026-03-24 09:05:00,28,28.3,27.8,28.16,34451
2026-03-24 09:10:00,28.25,28.25,27.9,28.01,22066
2026-03-24 09:15:00,27.9766,28.23,27.92,28.17,30634
2026-03-24 09:20:00,28.1692,28.28,28.1087,28.1674,22728
2026-03-24 09:25:00,28.16,28.51,28.14,28.51,81380
2026-03-24 09:30:00,28.55,28.59,28.22,28.4201,299556
2026-03-24 09:35:00,28.38,28.76,28.32,28.7,147138
2026-03-24 09:40:00,28.71,28.7698,28.46,28.59,126849
2026-03-24 09:45:00,28.6,28.76,28.45,28.6901,167681
2026-03-24 09:50:00,28.68,28.82,28.19,28.425,130730
2026-03-24 09:55:00,28.39,28.4,28.07,28.21,83913
2026-03-24 10:00:00,28.2166,28.25,27.99,28,135968
2026-03-24 10:05:00,27.99,28.25,27.91,27.94,90949
2026-03-24 10:10:00,27.9,28.14,27.75,27.88,160041
2026-03-24 10:15:00,27.85,28.14,27.84,28.05,303686
2026-03-24 10:20:00,28.02,28.07,27.88,27.88,49085
2026-03-24 10:25:00,27.89,28,27.6204,27.8,66741
2026-03-24 10:30:00,27.78,27.91,27.53,27.5694,81766
2026-03-24 10:35:00,27.53,27.6899,27.48,27.64,70055
2026-03-24 10:40:00,27.64,27.65,27.24,27.33,104465
2026-03-24 10:45:00,27.321,27.36,27.04,27.31,107900
2026-03-24 10:50:00,27.34,27.42,26.75,27.02,247620
2026-03-24 10:55:00,27.05,27.32,26.89,27.16,112967
2026-03-24 11:00:00,27.15,27.22,26.98,27.0401,106358
2026-03-24 11:05:00,27.08,27.2199,26.97,27.2199,50623
2026-03-24 11:10:00,27.2,27.2899,26.97,27.0099,39056
2026-03-24 11:15:00,27.025,27.04,26.77,26.99,79664
2026-03-24 11:20:00,27,27.1199,26.78,26.8,55850
2026-03-24 11:25:00,26.79,26.86,26.655,26.86,176802
2026-03-24 11:30:00,26.84,26.94,26.74,26.84,42746
2026-03-24 11:35:00,26.83,26.83,26.68,26.79,36626
2026-03-24 11:40:00,26.8,26.81,26.64,26.74,25762
2026-03-24 11:45:00,26.77,26.89,26.71,26.73,25592
2026-03-24 11:50:00,26.7,26.99,26.69,26.99,32853
2026-03-24 11:55:00,26.99,27.25,26.96,27.2454,69441
2026-03-24 12:00:00,27.2,27.4,27.2,27.34,75238
2026-03-24 12:05:00,27.34,27.45,27.15,27.17,42397
2026-03-24 12:10:00,27.18,27.27,27.05,27.065,46589
2026-03-24 12:15:00,27.04,27.1,26.88,26.92,73971
2026-03-24 12:20:00,26.97,27.0174,26.85,26.89,28872
2026-03-24 12:25:00,26.9,27.05,26.8992,26.94,27596
2026-03-24 12:30:00,26.92,27.03,26.88,26.94,23454
2026-03-24 12:35:00,26.97,27.27,26.97,27.23,45057
2026-03-24 12:40:00,27.25,27.289,26.98,27.01,106272
2026-03-24 12:45:00,27,27.15,26.96,27.1,43562
2026-03-24 12:50:00,27.05,27.06,26.97,27.06,34837
2026-03-24 12:55:00,27.07,27.14,26.99,27.08,19501
2026-03-24 13:00:00,27.07,27.29,26.95,27.29,51949
2026-03-24 13:05:00,27.33,27.62,27.31,27.62,132947
2026-03-24 13:10:00,27.62,27.685,27.39,27.4005,56414
2026-03-24 13:15:00,27.4299,27.49,27.35,27.4,46780
2026-03-24 13:20:00,27.38,27.48,27.26,27.45,35244
2026-03-24 13:25:00,27.47,27.69,27.43,27.48,206401
2026-03-24 13:30:00,27.49,27.7691,27.4108,27.755,98786
2026-03-24 13:35:00,27.72,27.86,27.535,27.6007,46211
2026-03-24 13:40:00,27.6,27.8,27.51,27.7408,37869
2026-03-24 13:45:00,27.78,27.905,27.59,27.65,98972
2026-03-24 13:50:00,27.64,27.75,27.5703,27.6,48341
2026-03-24 13:55:00,27.65,27.66,27.275,27.435,89693
2026-03-24 14:00:00,27.43,27.5199,27.33,27.395,29054
2026-03-24 14:05:00,27.395,27.4298,27.2801,27.395,31071
2026-03-24 14:10:00,27.36,27.44,27.2799,27.355,9606
2026-03-24 14:15:00,27.345,27.44,27.24,27.2401,31285
2026-03-24 14:20:00,27.255,27.35,27.21,27.2299,11325
2026-03-24 14:25:00,27.27,27.28,27.14,27.24,29540
2026-03-24 14:30:00,27.19,27.19,26.94,27.1,42627
2026-03-24 14:35:00,27.08,27.09,26.9,26.94,12546
2026-03-24 14:40:00,26.94,27.4,26.94,27.305,38196
2026-03-24 14:45:00,27.32,27.46,27.3,27.36,30860
2026-03-24 14:50:00,27.36,27.36,27.2,27.265,17518
2026-03-24 14:55:00,27.3,27.5,27.29,27.48,20528
2026-03-24 15:00:00,27.41,27.415,27.2106,27.2268,7123
2026-03-24 15:05:00,27.245,27.265,27.08,27.0899,9100
2026-03-24 15:10:00,27.0893,27.0893,26.99,26.99,25124
2026-03-24 15:15:00,27,27.07,26.9,27,30733
2026-03-24 15:20:00,26.975,27.04,26.95,27.005,23681
2026-03-24 15:25:00,27,27.1325,27,27.1325,8737
2026-03-24 15:30:00,27.14,27.2299,27.12,27.216,20963
2026-03-24 15:35:00,27.23,27.36,27.23,27.29,49955
2026-03-24 15:40:00,27.316,27.36,27.22,27.27,9431
2026-03-24 15:45:00,27.27,27.36,27.255,27.335,18534
2026-03-24 15:50:00,27.35,27.415,27.2801,27.31,25174
2026-03-24 15:55:00,27.31,27.3601,27.245,27.27,66458
2026-03-24 16:00:00,27.27,27.3094,27.2297,27.3094,4906
2026-03-24 16:05:00,27.29,27.3684,27.29,27.3684,3723
2026-03-24 16:10:00,27.41,27.41,27.3993,27.4048,1200
2026-03-24 16:15:00,27.38,27.38,27.38,27.38,1000
2026-03-24 16:20:00,27.06,27.09,26.45,26.46,33642
2026-03-24 16:25:00,26.5,26.63,26.02,26.55,104589
2026-03-24 16:30:00,26.5,26.78,26.4261,26.43,26547
2026-03-24 16:35:00,26.43,26.45,26.0452,26.07,20296
2026-03-24 16:40:00,26.0708,26.61,26.0708,26.4002,30480
2026-03-24 16:45:00,26.39,26.43,26.12,26.12,17618
2026-03-24 16:50:00,26.15,26.15,25.97,25.99,15989
2026-03-24 16:55:00,26.0091,26.05,25.9,25.91,120518
2026-03-24 17:00:00,25.9203,25.98,25.92,25.98,6998
2026-03-24 17:05:00,25.9758,25.9826,25.96,25.9826,5978
2026-03-24 17:10:00,25.9809,25.9842,25.95,25.96,5363
2026-03-24 17:15:00,25.9543,25.9885,25.91,25.96,10812
2026-03-24 17:20:00,25.94,25.94,25.89,25.91,3949
2026-03-24 17:25:00,25.9192,25.92,25.89,25.89,9047
2026-03-24 17:30:00,25.9158,25.9158,25.9116,25.9116,1258
2026-03-24 17:40:00,25.88,25.8898,25.85,25.85,4030
2026-03-24 17:45:00,25.89,25.89,25.85,25.8881,9553
2026-03-24 17:50:00,25.89,25.95,25.8814,25.8814,8241
2026-03-24 17:55:00,25.8879,25.89,25.88,25.89,20714
2026-03-24 18:00:00,25.89,25.89,25.7,25.7,7391
2026-03-24 18:05:00,25.66,25.84,25.58,25.68,10190
2026-03-24 18:10:00,25.65,25.77,25.64,25.64,13113
2026-03-24 18:15:00,25.67,25.79,25.67,25.75,8065
2026-03-24 18:20:00,25.75,25.7609,25.67,25.7609,8961
2026-03-24 18:25:00,25.79,25.94,25.79,25.7949,18831
2026-03-24 18:30:00,25.9,26,25.9,25.9418,22911
2026-03-24 18:35:00,25.9492,25.9492,25.84,25.8509,4772
2026-03-24 18:40:00,25.8512,25.9,25.82,25.87,37851
2026-03-24 18:45:00,25.869,25.869,25.521,25.6216,55808
2026-03-24 18:50:00,25.65,25.6743,25.6,25.66,13360
2026-03-24 18:55:00,25.6916,25.6916,25.56,25.56,8037
2026-03-24 19:00:00,25.58,25.79,25.56,25.79,16239
2026-03-24 19:05:00,25.79,25.79,25.5921,25.63,2767
2026-03-24 19:10:00,25.64,25.6522,25.6,25.62,4629
2026-03-24 19:15:00,25.63,25.64,25.41,25.45,15871
2026-03-24 19:20:00,25.4402,25.5,25.3704,25.4,7529
2026-03-24 19:25:00,25.39,25.43,25.22,25.22,17445
2026-03-24 19:30:00,25.23,25.2493,24.99,25.1486,39756
2026-03-24 19:35:00,25.1,25.12,24.6555,24.6555,32216
2026-03-24 19:40:00,24.61,24.84,24.6,24.77,40302
2026-03-24 19:45:00,24.8495,24.9,24.54,24.54,64117
2026-03-24 19:50:00,24.54,24.68,24.52,24.54,18733
2026-03-24 19:55:00,24.51,24.73,24.47,24.6233,48723
2026-03-25 04:00:00,24.6,24.65,24.41,24.48,10537
2026-03-25 04:05:00,24.46,24.62,24.38,24.48,7160
2026-03-25 04:10:00,24.44,24.44,24.34,24.37,12978
2026-03-25 04:15:00,24.36,24.36,24.06,24.06,18588
2026-03-25 04:20:00,24.06,24.24,24.02,24.24,22305
2026-03-25 04:25:00,24.22,24.31,24.2,24.31,5295
2026-03-25 04:30:00,24.37,24.41,24.34,24.35,15725
2026-03-25 04:35:00,24.33,24.66,24.33,24.47,20922
2026-03-25 04:40:00,24.46,24.47,24.34,24.34,615
2026-03-25 04:45:00,24.33,24.36,24.28,24.33,2417
2026-03-25 04:50:00,24.3,24.48,24.28,24.48,9341
2026-03-25 04:55:00,24.54,24.55,24.47,24.52,8162
2026-03-25 05:00:00,24.55,24.56,24.42,24.42,1656
2026-03-25 05:05:00,24.37,24.51,24.3,24.51,12322
2026-03-25 05:10:00,24.4,24.4,24.38,24.38,642
2026-03-25 05:15:00,24.4,24.45,24.4,24.45,2419
2026-03-25 05:20:00,24.46,25.02,24.45,24.97,19398
2026-03-25 05:25:00,24.95,25,24.7,24.7,23045
2026-03-25 05:30:00,24.66,24.76,24.59,24.76,2750
2026-03-25 05:35:00,24.7,24.95,24.69,24.88,13602
2026-03-25 05:40:00,24.85,24.98,24.76,24.97,5779
2026-03-25 05:45:00,24.97,25.4,24.97,25.19,46889
2026-03-25 05:50:00,25.2,25.3,25,25.01,17918
2026-03-25 05:55:00,24.89,24.95,24.73,24.8,9614
2026-03-25 06:00:00,24.77,24.77,24.61,24.74,7813
2026-03-25 06:05:00,24.72,24.9,24.72,24.87,22806
2026-03-25 06:10:00,24.87,24.92,24.87,24.89,1955
2026-03-25 06:15:00,24.9,24.91,24.87,24.87,6045
2026-03-25 06:20:00,24.9,24.96,24.86,24.96,5171
2026-03-25 06:25:00,24.91,24.91,24.88,24.88,1963
2026-03-25 06:30:00,24.9,25.01,24.9,24.98,14007
2026-03-25 06:35:00,25,25.01,24.85,24.87,6081
2026-03-25 06:40:00,24.91,24.98,24.77,24.98,3216
2026-03-25 06:45:00,24.96,24.96,24.7,24.7,2930
2026-03-25 06:50:00,24.7,24.7,24.54,24.54,5031
2026-03-25 06:55:00,24.57,24.65,24.57,24.64,5367
2026-03-25 07:00:00,24.62,24.62,24.48,24.48,14141
2026-03-25 07:05:00,24.48,24.5,24.47,24.48,3230
2026-03-25 07:10:00,24.51,24.58,24.48,24.48,2074
2026-03-25 07:15:00,24.52,24.65,24.52,24.61,9850
2026-03-25 07:20:00,24.66,24.68,24.38,24.39,6960
2026-03-25 07:25:00,24.38,24.43,24.38,24.43,2445
2026-03-25 07:30:00,24.45,24.45,24.38,24.45,4336
2026-03-25 07:35:00,24.39,24.39,24.24,24.39,10267
2026-03-25 07:40:00,24.4,24.43,24.4,24.4,8053
2026-03-25 07:45:00,24.37,24.53,24.33,24.52,6384
2026-03-25 07:50:00,24.48,24.57,24.48,24.52,9170
2026-03-25 07:55:00,24.5,24.5,24.44,24.49,6700
2026-03-25 08:00:00,24.56,25.3696,24.03,24.41,516728
2026-03-25 08:05:00,24.47,24.56,24.4,24.43,5697
2026-03-25 08:10:00,24.48,24.5,24.4,24.43,10792
2026-03-25 08:15:00,24.46,24.8,24.44,24.78,44374
2026-03-25 08:20:00,24.8,24.93,24.69,24.84,40564
2026-03-25 08:25:00,24.866,25.0385,24.72,24.9099,26755
2026-03-25 08:30:00,25,25.2,24.9,24.9,47391
2026-03-25 08:35:00,24.9,24.9,24.62,24.62,30158
2026-03-25 08:40:00,24.67,24.88,24.6479,24.87,32778
2026-03-25 08:45:00,24.88,24.9496,24.8,24.84,20631
2026-03-25 08:50:00,24.83,24.83,24.75,24.77,7648
2026-03-25 08:55:00,24.75,24.7829,24.6358,24.78,12731
2026-03-25 09:00:00,24.71,24.71,24.38,24.38,20105
2026-03-25 09:05:00,24.43,24.57,24.37,24.5505,20431
2026-03-25 09:10:00,24.5563,24.6367,24.4862,24.6367,3087
2026-03-25 09:15:00,24.56,24.63,24.54,24.61,7547
2026-03-25 09:20:00,24.5715,24.75,24.5715,24.66,8512
2026-03-25 09:25:00,24.65,24.76,24.6413,24.6413,5457
2026-03-25 09:30:00,24.62,24.7801,24.4999,24.58,189123
2026-03-25 09:35:00,24.545,24.9,24.53,24.9,188824
2026-03-25 09:40:00,24.87,24.92,24.63,24.845,209068
2026-03-25 09:45:00,24.87,25.1,24.82,25.07,387761
2026-03-25 09:50:00,25.09,25.31,25.09,25.16,189049
2026-03-25 09:55:00,25.17,25.3,24.98,25.18,213439
2026-03-25 10:00:00,25.14,25.43,25.1098,25.185,141671
2026-03-25 10:05:00,25.195,25.375,25.05,25.07,325546
2026-03-25 10:10:00,25.08,25.165,24.97,24.98,110250
2026-03-25 10:15:00,24.96,24.97,24.68,24.7299,147786
2026-03-25 10:20:00,24.725,24.94,24.56,24.92,508553
2026-03-25 10:25:00,24.9,24.94,24.5998,24.6,81252
2026-03-25 10:30:00,24.57,24.6,24.48,24.54,83725
2026-03-25 10:35:00,24.52,24.6101,24.49,24.5799,97659
2026-03-25 10:40:00,24.63,24.64,24.46,24.63,188261
2026-03-25 10:45:00,24.62,24.6339,24.44,24.47,96846
2026-03-25 10:50:00,24.48,24.55,24.28,24.53,169797
2026-03-25 10:55:00,24.52,24.615,24.475,24.52,110079
2026-03-25 11:00:00,24.51,24.61,24.42,24.52,23703
2026-03-25 11:05:00,24.55,24.81,24.51,24.735,72606
2026-03-25 11:10:00,24.76,24.98,24.69,24.98,100737
2026-03-25 11:15:00,24.99,25.5797,24.9408,25.11,550985
2026-03-25 11:20:00,25.07,25.09,24.76,24.8699,153649
2026-03-25 11:25:00,24.89,24.985,24.84,24.86,44239
2026-03-25 11:30:00,24.8,24.8,24.7,24.7201,77745
2026-03-25 11:35:00,24.735,24.9299,24.735,24.8999,103031
2026-03-25 11:40:00,24.8966,25.0099,24.845,24.91,102753
2026-03-25 11:45:00,24.9,25.03,24.9,24.954,42935
2026-03-25 11:50:00,24.9101,24.93,24.84,24.8692,49892
2026-03-25 11:55:00,24.85,24.92,24.78,24.9,71236
2026-03-25 12:00:00,24.91,24.91,24.73,24.83,55371
2026-03-25 12:05:00,24.87,24.9458,24.715,24.74,62317
2026-03-25 12:10:00,24.74,24.91,24.74,24.899,27249
2026-03-25 12:15:00,24.85,25.03,24.8409,24.94,38833
2026-03-25 12:20:00,24.94,24.99,24.75,24.75,41991
2026-03-25 12:25:00,24.745,24.8695,24.68,24.84,58100
2026-03-25 12:30:00,24.83,24.87,24.68,24.805,39818
2026-03-25 12:35:00,24.83,24.83,24.73,24.75,19209
2026-03-25 12:40:00,24.74,24.76,24.67,24.6801,53805
2026-03-25 12:45:00,24.69,24.81,24.68,24.79,31175
2026-03-25 12:50:00,24.8,24.84,24.6901,24.7401,38248
2026-03-25 12:55:00,24.76,24.86,24.76,24.84,28627
2026-03-25 13:00:00,24.86,24.99,24.79,24.93,56505
2026-03-25 13:05:00,24.99,25.09,24.96,25.07,27404
2026-03-25 13:10:00,25.1,25.12,24.9,24.97,47936
2026-03-25 13:15:00,24.97,25.125,24.97,25.03,43158
2026-03-25 13:20:00,25.01,25.0199,24.83,25.0199,66214
2026-03-25 13:25:00,25,25.01,24.92,24.9785,13855
2026-03-25 13:30:00,24.98,25.05,24.85,24.86,41659
2026-03-25 13:35:00,24.84,24.91,24.83,24.87,9174
2026-03-25 13:40:00,24.9002,24.94,24.87,24.87,11700
2026-03-25 13:45:00,24.8651,24.9,24.83,24.8999,20399
2026-03-25 13:50:00,24.91,25.07,24.88,25.04,96967
2026-03-25 13:55:00,25.05,25.06,24.915,25.04,50416
2026-03-25 14:00:00,25.04,25.085,24.81,24.99,68401
2026-03-25 14:05:00,24.98,24.99,24.8902,24.98,13866
2026-03-25 14:10:00,25,25.045,25,25.0297,7525
2026-03-25 14:15:00,25.01,25.2,25.01,25.195,64243
2026-03-25 14:20:00,25.2,25.2099,25.03,25.04,61295
2026-03-25 14:25:00,25.03,25.17,25.0198,25.17,14857
2026-03-25 14:30:00,25.1588,25.16,25.09,25.1202,14602
2026-03-25 14:35:00,25.14,25.27,25.13,25.22,38618
2026-03-25 14:40:00,25.23,25.28,25.1735,25.19,19328
2026-03-25 14:45:00,25.2016,25.29,25.18,25.26,32246
2026-03-25 14:50:00,25.25,25.35,25.235,25.24,61117
2026-03-25 14:55:00,25.25,25.5,25.25,25.29,102452
2026-03-25 15:00:00,25.31,25.47,25.3,25.41,54661
2026-03-25 15:05:00,25.4,25.79,25.365,25.78,161407
2026-03-25 15:10:00,25.76,25.83,25.56,25.5605,165810
2026-03-25 15:15:00,25.57,25.63,25.495,25.59,92316
2026-03-25 15:20:00,25.6,25.6502,25.555,25.565,29367
2026-03-25 15:25:00,25.56,25.65,25.5247,25.65,23197
2026-03-25 15:30:00,25.64,25.64,25.52,25.53,25415
2026-03-25 15:35:00,25.52,25.64,25.48,25.52,36243
2026-03-25 15:40:00,25.53,25.53,25.28,25.41,51710
2026-03-25 15:45:00,25.42,25.5,25.39,25.49,8098
2026-03-25 15:50:00,25.52,25.52,25.42,25.45,24217
2026-03-25 15:55:00,25.46,25.46,25.26,25.26,42403
2026-03-25 16:00:00,25.26,25.31,25.19,25.28,15483
2026-03-25 16:05:00,25.28,25.48,25.28,25.48,9159
2026-03-25 16:10:00,25.47,25.5593,25.44,25.4888,8338
2026-03-25 16:15:00,25.45,25.45,25.4107,25.42,1621
2026-03-25 16:20:00,25.42,25.5461,25.42,25.5461,6121
2026-03-25 16:25:00,25.5398,25.71,25.52,25.61,49871
2026-03-25 16:30:00,25.59,25.6779,25.59,25.63,23367
2026-03-25 16:35:00,25.6416,25.84,25.64,25.8299,12934
2026-03-25 16:40:00,25.82,26.07,25.8019,25.88,27261
2026-03-25 16:45:00,25.9,26,25.88,25.9106,13971
2026-03-25 16:50:00,25.91,25.9495,25.84,25.9495,5876
2026-03-25 16:55:00,25.85,25.8626,25.85,25.8626,231
2026-03-25 17:00:00,25.7901,25.8,25.7901,25.8,800
2026-03-25 17:05:00,25.78,25.78,25.75,25.77,3706
2026-03-25 17:10:00,25.75,25.75,25.75,25.75,951
2026-03-25 17:15:00,25.75,25.7648,25.75,25.7648,648
2026-03-25 17:20:00,25.7519,25.7519,25.75,25.75,280
2026-03-25 17:25:00,25.75,25.7609,25.75,25.7609,6220
2026-03-25 17:30:00,25.76,25.78,25.75,25.78,2625
2026-03-25 17:35:00,25.75,25.7816,25.75,25.75,3825
2026-03-25 17:40:00,25.7519,25.7895,25.7519,25.7895,756
2026-03-25 17:45:00,25.75,25.75,25.75,25.75,4036
2026-03-25 17:50:00,25.77,25.78,25.77,25.78,1720
2026-03-25 18:00:00,25.73,25.85,25.71,25.71,6871
2026-03-25 18:05:00,25.5807,25.84,25.58,25.84,5885
2026-03-25 18:10:00,25.9,25.99,25.9,25.99,1770
2026-03-25 18:15:00,25.93,25.9997,25.93,25.94,2539
2026-03-25 18:20:00,25.9,25.9,25.8,25.83,1137
2026-03-25 18:25:00,25.8,25.83,25.8,25.81,1478
2026-03-25 18:30:00,25.85,25.85,25.7508,25.7961,1885
2026-03-25 18:35:00,25.73,25.75,25.7,25.7,1320
2026-03-25 18:40:00,25.62,25.72,25.61,25.65,19168
2026-03-25 18:45:00,25.71,25.7908,25.71,25.79,1955
2026-03-25 18:50:00,25.7701,25.86,25.7701,25.86,700
2026-03-25 18:55:00,25.8985,25.98,25.89,25.93,6332
2026-03-25 19:00:00,25.93,26.33,25.93,26.2118,25419
2026-03-25 19:05:00,26.24,26.35,26.1784,26.2202,9846
2026-03-25 19:10:00,26.22,26.22,26.17,26.2,2126
2026-03-25 19:15:00,26.22,26.22,26.11,26.2122,3307
2026-03-25 19:20:00,26.21,26.28,26.2,26.26,45940
2026-03-25 19:25:00,26.26,26.35,26.26,26.26,10558
2026-03-25 19:30:00,26.26,26.26,26.11,26.1724,12509
2026-03-25 19:35:00,26.24,26.4,26.24,26.3603,12250
2026-03-25 19:40:00,26.37,26.43,26.2873,26.34,7450
2026-03-25 19:45:00,26.3488,26.36,26.3008,26.36,7331
2026-03-25 19:50:00,26.3219,26.35,26.26,26.26,10931
2026-03-25 19:55:00,26.26,26.34,26.26,26.26,8498
2026-03-26 04:00:00,27,27.24,27,27.16,5301
2026-03-26 04:05:00,27.18,27.2,27.04,27.05,7033
2026-03-26 04:10:00,27.1,27.34,27.1,27.31,4962
2026-03-26 04:15:00,27.28,27.39,27.27,27.27,25705
2026-03-26 04:20:00,27.32,27.6,27.32,27.52,13564
2026-03-26 04:25:00,27.53,27.92,27.505,27.92,18089
2026-03-26 04:30:00,27.86,27.86,27.75,27.77,107944
2026-03-26 04:35:00,27.78,28.03,27.75,27.99,14500
2026-03-26 04:40:00,27.97,28.21,27.8,28.1,28146
2026-03-26 04:45:00,28.12,28.12,27.88,28,6517
2026-03-26 04:50:00,28.03,28.03,27.85,27.85,12147
2026-03-26 04:55:00,27.855,27.9,27.74,27.9,10037
2026-03-26 05:00:00,28,28.17,27.99,28.11,7445
2026-03-26 05:05:00,28.12,28.2,27.97,28.06,11976
2026-03-26 05:10:00,27.98,28.04,27.98,28.01,2132
2026-03-26 05:15:00,28.05,28.15,28.03,28.15,3401
2026-03-26 05:20:00,28.11,28.15,27.96,27.98,6889
2026-03-26 05:25:00,28.04,28.15,28.04,28.15,2630
2026-03-26 05:30:00,28.15,28.32,28.15,28.24,7583
2026-03-26 05:35:00,28.27,28.3,28.18,28.19,6754
2026-03-26 05:40:00,28.19,28.19,28.09,28.1,4276
2026-03-26 05:45:00,28.13,28.24,28.13,28.21,3677
2026-03-26 05:50:00,28.21,28.21,28.09,28.18,5455
2026-03-26 05:55:00,28.26,28.26,28.06,28.08,9784
2026-03-26 06:00:00,28.06,28.13,28.04,28.07,5235
2026-03-26 06:05:00,28.03,28.07,27.9,28.04,8544
2026-03-26 06:10:00,28.03,28.04,27.99,28.04,2489
2026-03-26 06:15:00,28.06,28.07,27.87,27.9,8051
2026-03-26 06:20:00,27.9,27.91,27.82,27.84,8379
2026-03-26 06:25:00,27.82,27.84,27.73,27.84,8320
2026-03-26 06:30:00,27.9,27.9,27.75,27.8,3752
2026-03-26 06:35:00,27.81,28,27.81,28,2723
2026-03-26 06:40:00,28,28.3,27.96,28.21,20515
2026-03-26 06:45:00,28.21,28.25,28.15,28.15,3896
2026-03-26 06:50:00,28.05,28.2,28.05,28.2,5264
2026-03-26 06:55:00,28.1,28.1,28.03,28.03,6455
2026-03-26 07:00:00,28.03,28.03,27.89,27.92,78356
2026-03-26 07:05:00,27.92,27.93,27.92,27.92,8513
2026-03-26 07:10:00,27.92,27.96,27.92,27.93,5648
2026-03-26 07:15:00,28,28.1,28,28.065,24444
2026-03-26 07:20:00,28.07,28.15,28.05,28.14,3035
2026-03-26 07:25:00,28.14,28.25,28.13,28.14,9275
2026-03-26 07:30:00,28.06,28.15,27.98,28,10481
2026-03-26 07:35:00,27.99,28,27.99,28,1954
2026-03-26 07:40:00,27.98,28,27.91,28,3913
2026-03-26 07:45:00,28.04,28.74,28.04,28.74,101866
2026-03-26 07:50:00,28.73,28.8,28.5,28.5,9022
2026-03-26 07:55:00,28.5,28.63,28.44,28.56,25085
2026-03-26 08:00:00,28.0003,28.81,25.31,28.5187,661053
2026-03-26 08:05:00,28.5,28.53,28.2722,28.31,23652
2026-03-26 08:10:00,28.3094,28.3094,28.11,28.11,20861
2026-03-26 08:15:00,28.12,28.15,28.02,28.12,26906
2026-03-26 08:20:00,28.13,28.16,28.05,28.1,25018
2026-03-26 08:25:00,28.12,28.24,28.11,28.18,10117
2026-03-26 08:30:00,28.2,28.38,28.2,28.36,20987
2026-03-26 08:35:00,28.38,28.41,28.3,28.35,19335
2026-03-26 08:40:00,28.3,28.4,28.26,28.4,38177
2026-03-26 08:45:00,28.35,28.42,28.24,28.37,22427
2026-03-26 08:50:00,28.36,28.46,28.291,28.44,19039
2026-03-26 08:55:00,28.43,28.49,28.38,28.46,11585
2026-03-26 09:00:00,28.46,28.59,28,28.07,318458
2026-03-26 09:05:00,28.0506,28.12,27.83,27.86,35365
2026-03-26 09:10:00,27.88,27.91,27.78,27.84,13848
2026-03-26 09:15:00,27.89,27.93,27.84,27.9077,14665
2026-03-26 09:20:00,27.88,27.8905,27.65,27.71,18403
2026-03-26 09:25:00,27.7204,27.7413,27.6,27.74,9655
2026-03-26 09:30:00,27.69,27.93,27.61,27.8001,254558
2026-03-26 09:35:00,27.8,27.94,27.65,27.85,127499
2026-03-26 09:40:00,27.88,27.91,27.41,27.41,121640
2026-03-26 09:45:00,27.39,27.49,27.3,27.47,141762
2026-03-26 09:50:00,27.46,27.4899,27.19,27.21,91833
2026-03-26 09:55:00,27.22,27.5903,27.21,27.22,191466
2026-03-26 10:00:00,27.2099,27.47,27.2,27.38,65515
2026-03-26 10:05:00,27.38,27.49,27.29,27.4198,87415
2026-03-26 10:10:00,27.3901,27.58,27.35,27.41,80260
2026-03-26 10:15:00,27.42,27.43,27.16,27.24,88054
2026-03-26 10:20:00,27.2501,27.31,27.0204,27.1996,95592
2026-03-26 10:25:00,27.21,27.24,27.08,27.195,89156
2026-03-26 10:30:00,27.201,27.201,26.95,26.98,64119
2026-03-26 10:35:00,26.96,27.15,26.94,27.11,44864
2026-03-26 10:40:00,27.12,27.37,26.93,27.33,85216
2026-03-26 10:45:00,27.351,27.42,27.23,27.37,62906
2026-03-26 10:50:00,27.36,27.62,27.28,27.62,40925
2026-03-26 10:55:00,27.63,27.69,27.29,27.3,98406
2026-03-26 11:00:00,27.2991,27.4,27.17,27.39,61486
2026-03-26 11:05:00,27.38,27.5,27.26,27.45,51031
2026-03-26 11:10:00,27.47,27.47,27.37,27.45,12029
2026-03-26 11:15:00,27.44,27.44,27.25,27.38,196690
2026-03-26 11:20:00,27.35,27.56,27.31,27.48,33161
2026-03-26 11:25:00,27.4501,27.52,27.41,27.46,60116
2026-03-26 11:30:00,27.49,27.67,27.49,27.62,49196
2026-03-26 11:35:00,27.62,27.66,27.56,27.65,25316
2026-03-26 11:40:00,27.64,27.8,27.57,27.69,38157
2026-03-26 11:45:00,27.68,27.69,27.55,27.595,38560
2026-03-26 11:50:00,27.59,27.59,27.46,27.53,22649
2026-03-26 11:55:00,27.53,27.85,27.53,27.76,127100
2026-03-26 12:00:00,27.75,27.92,27.72,27.74,95192
2026-03-26 12:05:00,27.74,27.79,27.7,27.77,34776
2026-03-26 12:10:00,27.75,27.88,27.75,27.82,27774
2026-03-26 12:15:00,27.82,28.13,27.82,28.03,97216
2026-03-26 12:20:00,28.06,28.54,28.03,28.45,358219
2026-03-26 12:25:00,28.44,28.65,28.34,28.4,137967
2026-03-26 12:30:00,28.4,28.6,28.3614,28.38,120355
2026-03-26 12:35:00,28.395,28.74,28.395,28.545,108014
2026-03-26 12:40:00,28.51,28.53,28.41,28.4201,104384
2026-03-26 12:45:00,28.45,28.45,28.21,28.3,113354
2026-03-26 12:50:00,28.31,28.34,28.18,28.21,50841
2026-03-26 12:55:00,28.205,28.31,28.12,28.28,47628
2026-03-26 13:00:00,28.305,28.31,28.09,28.16,38752
2026-03-26 13:05:00,28.15,28.15,27.98,28.05,80933
2026-03-26 13:10:00,28.04,28.205,28.03,28.1401,42629
2026-03-26 13:15:00,28.1226,28.24,28.12,28.125,33196
2026-03-26 13:20:00,28.11,28.33,28.1,28.23,62294
2026-03-26 13:25:00,28.23,28.43,28.22,28.335,60879
2026-03-26 13:30:00,28.31,28.43,28.25,28.2533,74657
2026-03-26 13:35:00,28.24,28.4,28.235,28.33,44369
2026-03-26 13:40:00,28.36,28.55,28.36,28.5099,36116
2026-03-26 13:45:00,28.5,28.69,28.4904,28.65,187322
2026-03-26 13:50:00,28.69,28.7799,28.6146,28.69,51278
2026-03-26 13:55:00,28.7,28.78,28.59,28.68,63952
2026-03-26 14:00:00,28.68,28.68,28.51,28.66,55270
2026-03-26 14:05:00,28.63,28.63,28.4799,28.5,80003
2026-03-26 14:10:00,28.5,28.6798,28.495,28.565,51508
2026-03-26 14:15:00,28.6,29.05,28.58,28.855,202709
2026-03-26 14:20:00,28.87,29.19,28.85,28.8709,136001
2026-03-26 14:25:00,28.85,29.04,28.82,28.98,27140
2026-03-26 14:30:00,28.95,28.9894,28.72,28.72,97675
2026-03-26 14:35:00,28.74,28.75,28.55,28.56,119136
2026-03-26 14:40:00,28.53,28.545,28.44,28.465,69489
2026-03-26 14:45:00,28.465,28.51,28.331,28.355,86480
2026-03-26 14:50:00,28.36,28.44,28.3201,28.35,32187
2026-03-26 14:55:00,28.35,28.43,28.33,28.395,62276
2026-03-26 15:00:00,28.36,28.5,28.27,28.5,81613
2026-03-26 15:05:00,28.47,28.61,28.4499,28.6,22568
2026-03-26 15:10:00,28.5998,28.71,28.55,28.55,37903
2026-03-26 15:15:00,28.51,28.55,28.44,28.49,41420
2026-03-26 15:20:00,28.5284,28.5284,28.35,28.38,52032
2026-03-26 15:25:00,28.39,28.6099,28.3799,28.58,37251
2026-03-26 15:30:00,28.55,28.67,28.475,28.475,65322
2026-03-26 15:35:00,28.49,28.5,28.27,28.405,48097
2026-03-26 15:40:00,28.4,28.56,28.39,28.56,21801
2026-03-26 15:45:00,28.55,28.8,28.55,28.67,85863
2026-03-26 15:50:00,28.67,28.88,28.665,28.88,112678
2026-03-26 15:55:00,28.875,28.92,28.74,28.79,346754
2026-03-26 16:00:00,28.75,28.84,28.6607,28.83,16374
2026-03-26 16:05:00,28.82,28.8518,28.76,28.76,6533
2026-03-26 16:10:00,28.7491,28.7491,27.28,27.42,169454
2026-03-26 16:15:00,27.2774,27.95,27.2774,27.8,66336
2026-03-26 16:20:00,27.82,27.96,27.44,27.5915,26185
2026-03-26 16:25:00,27.79,27.98,27.74,27.74,14828
2026-03-26 16:30:00,27.7663,27.85,27.69,27.8,41918
2026-03-26 16:35:00,27.8,27.82,27.47,27.47,15547
2026-03-26 16:40:00,27.5004,27.64,27.4569,27.62,4081
2026-03-26 16:45:00,27.6,27.67,27.6,27.67,946
2026-03-26 16:50:00,27.75,28.01,27.75,28,4410
2026-03-26 16:55:00,28.04,28.14,27.97,28.14,8135
2026-03-26 17:00:00,28.1,28.14,28.1,28.1005,1111
2026-03-26 17:05:00,28.02,28.02,28.01,28.01,411
2026-03-26 17:10:00,28,28.04,27.99,27.9909,2091
2026-03-26 17:15:00,28.01,28.01,28,28,1115
2026-03-26 17:20:00,28,28.01,28,28.0058,1987
2026-03-26 17:25:00,28,28.02,28,28,698
2026-03-26 17:30:00,28.03,28.0321,28.03,28.0321,1531
2026-03-26 17:35:00,28.05,28.05,28.0341,28.0341,4484
2026-03-26 17:40:00,28.0101,28.0217,28.0101,28.0217,8127
2026-03-26 17:45:00,28.0101,28.02,28.0101,28.02,450
2026-03-26 17:50:00,28.0181,28.06,28.0181,28.0565,931
2026-03-26 17:55:00,28.12,28.12,28.06,28.06,1400
2026-03-26 18:00:00,28.06,28.06,27.8,27.8,4054
2026-03-26 18:05:00,27.73,27.8,27.73,27.8,1520
2026-03-26 18:10:00,27.77,27.7709,27.613,27.613,18951
2026-03-26 18:15:00,27.66,27.66,27.55,27.57,831
2026-03-26 18:20:00,27.6,27.65,27.6,27.65,1861
2026-03-26 18:25:00,27.61,27.69,27.61,27.69,4914
2026-03-26 18:30:00,27.6015,27.6033,27.4,27.45,7721
2026-03-26 18:35:00,27.45,27.4673,27.4,27.4,2009
2026-03-26 18:40:00,27.3307,27.4,27.3,27.3,7249
2026-03-26 18:45:00,27.3414,27.42,27.3414,27.41,2912
2026-03-26 18:50:00,27.42,27.53,27.2718,27.39,5118
2026-03-26 18:55:00,27.41,27.43,27.4009,27.43,1210
2026-03-26 19:00:00,27.41,27.4798,27.41,27.4798,4572
2026-03-26 19:05:00,27.56,27.67,27.4811,27.6114,8603
2026-03-26 19:10:00,27.61,27.65,27.55,27.65,4414
2026-03-26 19:15:00,27.67,27.68,27.65,27.65,2637
2026-03-26 19:20:00,27.68,27.8132,27.68,27.76,12925
2026-03-26 19:25:00,27.75,27.75,27.6178,27.62,7820
2026-03-26 19:30:00,27.61,27.62,27.5302,27.5302,1490
2026-03-26 19:35:00,27.53,27.53,27.35,27.42,8016
2026-03-26 19:40:00,27.3,27.51,27.3,27.51,1979
2026-03-26 19:45:00,27.5,27.56,27.429,27.56,8203
2026-03-26 19:50:00,27.6,27.6,27.516,27.5361,2547
2026-03-26 19:55:00,27.51,27.5779,27.49,27.53,8508
2026-03-27 04:00:00,26.88,27.2,26.81,27.07,22839
2026-03-27 04:05:00,27.1,27.1,26.96,27.04,6541
2026-03-27 04:10:00,27.03,27.03,26.96,26.97,4911
2026-03-27 04:15:00,26.96,27.12,26.96,27.12,9291
2026-03-27 04:20:00,27.11,27.21,27.04,27.21,4205
2026-03-27 04:25:00,27.21,27.3,27.17,27.3,11555
2026-03-27 04:30:00,27.29,27.29,27.21,27.27,16698
2026-03-27 04:35:00,27.3,27.4,27.29,27.38,6761
2026-03-27 04:40:00,27.35,27.35,27.16,27.17,11798
2026-03-27 04:45:00,27.21,27.3,27.18,27.26,8493
2026-03-27 04:50:00,27.23,27.42,27.23,27.4,6398
2026-03-27 04:55:00,27.32,27.45,27.32,27.45,5524
2026-03-27 05:00:00,27.47,27.51,27.35,27.51,6871
2026-03-27 05:05:00,27.56,27.64,27.51,27.59,7467
2026-03-27 05:10:00,27.62,27.64,27.45,27.49,7508
2026-03-27 05:15:00,27.44,27.44,27.32,27.33,1733
2026-03-27 05:20:00,27.36,27.4,27.33,27.4,13978
2026-03-27 05:25:00,27.38,27.38,27.24,27.27,6562
2026-03-27 05:30:00,27.3,27.3,27.2,27.25,3236
2026-03-27 05:35:00,27.3,27.36,27.3,27.35,7086
2026-03-27 05:40:00,27.35,27.42,27.34,27.34,1863
2026-03-27 05:45:00,27.44,27.52,27.44,27.5,6450
2026-03-27 05:50:00,27.45,27.52,27.45,27.52,2855
2026-03-27 05:55:00,27.55,27.65,27.52,27.64,9636
2026-03-27 06:00:00,27.57,27.57,27.41,27.52,2326
2026-03-27 06:05:00,27.51,27.51,27.39,27.5,3672
2026-03-27 06:10:00,27.5,27.6,27.48,27.58,4112
2026-03-27 06:15:00,27.56,27.56,27.5,27.5,1600
2026-03-27 06:20:00,27.58,27.58,27.45,27.45,200
2026-03-27 06:25:00,27.45,27.47,27.4,27.43,9772
2026-03-27 06:30:00,27.58,27.59,27.58,27.59,2139
2026-03-27 06:35:00,27.6,27.84,27.6,27.8,10985
2026-03-27 06:40:00,27.79,27.86,27.77,27.81,13810
2026-03-27 06:45:00,27.88,27.95,27.88,27.9,30508
2026-03-27 06:50:00,27.92,27.98,27.79,27.83,6464
2026-03-27 06:55:00,27.88,28.05,27.88,27.98,20699
2026-03-27 07:00:00,27.98,28.12,27.98,28.05,11507
2026-03-27 07:05:00,28.05,28.19,28.03,28.03,15085
2026-03-27 07:10:00,28.02,28.13,27.94,28.03,17300
2026-03-27 07:15:00,28.05,28.1,27.95,28.08,13084
2026-03-27 07:20:00,28.11,28.12,28,28,4303
2026-03-27 07:25:00,28.01,28.01,27.83,27.84,15069
2026-03-27 07:30:00,27.81,27.89,27.79,27.87,18787
2026-03-27 07:35:00,27.91,28.05,27.89,28.05,2390
2026-03-27 07:40:00,28.03,28.1,28,28,55841
2026-03-27 07:45:00,27.95,28.17,27.93,28.11,6934
2026-03-27 07:50:00,27.99,28.12,27.99,28.08,5383
2026-03-27 07:55:00,28.05,28.35,28.04,28.28,12250
2026-03-27 08:00:00,28.22,28.36,26.17,28.3,496762
2026-03-27 08:05:00,28.3,28.51,28.3,28.37,23469
2026-03-27 08:10:00,28.38,28.4,28.1605,28.24,26456
2026-03-27 08:15:00,28.22,28.24,28.06,28.2,76456
2026-03-27 08:20:00,28.24,28.4,28.24,28.28,33110
2026-03-27 08:25:00,28.29,28.34,28.15,28.15,26830
2026-03-27 08:30:00,28.1,28.19,28.1,28.18,7275
2026-03-27 08:35:00,28.1628,28.2,28.0208,28.07,10291
2026-03-27 08:40:00,28.06,28.27,28.06,28.24,26163
2026-03-27 08:45:00,28.21,28.21,28.1226,28.16,21556
2026-03-27 08:50:00,28.2,28.2,28,28.12,71304
2026-03-27 08:55:00,28.1,28.23,28.08,28.15,87137
2026-03-27 09:00:00,28.13,28.32,27.85,28.32,146306
2026-03-27 09:05:00,28.28,28.47,28.18,28.46,96385
2026-03-27 09:10:00,28.42,28.53,28.27,28.35,85327
2026-03-27 09:15:00,28.3,28.3,27.94,27.96,39873
2026-03-27 09:20:00,27.96,28.13,27.9,28.07,76324
2026-03-27 09:25:00,28.1,28.23,27.9695,28.23,50158
2026-03-27 09:30:00,28.21,28.45,28.08,28.31,241744
2026-03-27 09:35:00,28.32,28.46,28.01,28.04,231784
2026-03-27 09:40:00,28.05,28.15,27.9395,27.96,172892
2026-03-27 09:45:00,27.94,27.97,27.63,27.82,198807
2026-03-27 09:50:00,27.82,28.1,27.79,28.1,127426
2026-03-27 09:55:00,28.12,28.35,28.1,28.13,351781
2026-03-27 10:00:00,28.15,28.17,27.6101,27.66,174257
2026-03-27 10:05:00,27.65,27.94,27.49,27.885,341084
2026-03-27 10:10:00,27.89,27.9,27.52,27.53,166150
2026-03-27 10:15:00,27.56,27.58,27.31,27.39,225830
2026-03-27 10:20:00,27.385,27.5,27.28,27.365,214022
2026-03-27 10:25:00,27.365,27.59,27.32,27.55,181518
2026-03-27 10:30:00,27.55,27.64,27.35,27.35,113533
2026-03-27 10:35:00,27.345,27.47,27.28,27.35,60641
2026-03-27 10:40:00,27.335,27.43,27.175,27.2744,146379
2026-03-27 10:45:00,27.28,27.28,26.9002,26.91,179481
2026-03-27 10:50:00,26.9,26.93,26.48,26.695,356685
2026-03-27 10:55:00,26.69,26.69,25.91,26.115,282894
2026-03-27 11:00:00,26.08,26.24,25.82,25.92,240886
2026-03-27 11:05:00,25.93,26.18,25.93,25.95,131586
2026-03-27 11:10:00,25.935,25.98,25.3099,25.4499,528696
2026-03-27 11:15:00,25.42,25.64,25.27,25.4499,259866
2026-03-27 11:20:00,25.45,25.501,25.03,25.46,236795
2026-03-27 11:25:00,25.39,25.44,25.26,25.42,131530
2026-03-27 11:30:00,25.37,25.4998,25.23,25.37,168407
2026-03-27 11:35:00,25.355,25.62,25.34,25.59,182688
2026-03-27 11:40:00,25.63,25.77,25.51,25.6499,216082
2026-03-27 11:45:00,25.64,25.7799,25.54,25.615,250285
2026-03-27 11:50:00,25.6199,25.72,25.51,25.695,79789
2026-03-27 11:55:00,25.71,25.77,25.63,25.75,112225
2026-03-27 12:00:00,25.75,25.9943,25.71,25.755,120620
2026-03-27 12:05:00,25.75,25.93,25.67,25.865,100302
2026-03-27 12:10:00,25.88,25.98,25.72,25.7502,171598
2026-03-27 12:15:00,25.79,25.865,25.6,25.735,129474
2026-03-27 12:20:00,25.73,25.76,25.62,25.76,45936
2026-03-27 12:25:00,25.77,25.86,25.75,25.84,50614
2026-03-27 12:30:00,25.85,26.09,25.81,26.05,213951
2026-03-27 12:35:00,26.06,26.1152,26.015,26.1101,122110
2026-03-27 12:40:00,26.15,26.31,26.075,26.08,160953
2026-03-27 12:45:00,26.09,26.19,25.89,25.93,150539
2026-03-27 12:50:00,25.95,26.18,25.94,26.14,48900
2026-03-27 12:55:00,26.14,26.23,26.06,26.11,100626
2026-03-27 13:00:00,26.12,26.35,26.11,26.21,74177
2026-03-27 13:05:00,26.22,26.32,25.99,26.23,182813
2026-03-27 13:10:00,26.21,26.3,26.16,26.289,66643
2026-03-27 13:15:00,26.29,26.59,26.29,26.55,112161
2026-03-27 13:20:00,26.55,26.73,26.55,26.71,186942
2026-03-27 13:25:00,26.72,26.86,26.6859,26.71,149087
2026-03-27 13:30:00,26.72,26.7442,26.6298,26.67,88903
2026-03-27 13:35:00,26.68,26.81,26.61,26.795,98973
2026-03-27 13:40:00,26.8,26.9,26.79,26.85,49821
2026-03-27 13:45:00,26.825,26.8988,26.7499,26.805,138992
2026-03-27 13:50:00,26.835,26.835,26.6874,26.75,61281
2026-03-27 13:55:00,26.78,26.87,26.78,26.8,41035
2026-03-27 14:00:00,26.805,26.805,26.5638,26.64,107533
2026-03-27 14:05:00,26.62,26.715,26.58,26.65,56370
2026-03-27 14:10:00,26.65,26.73,26.58,26.5801,54746
2026-03-27 14:15:00,26.56,26.57,26.33,26.34,277596
2026-03-27 14:20:00,26.34,26.48,26.3,26.48,53841
2026-03-27 14:25:00,26.46,26.46,26.29,26.33,68795
2026-03-27 14:30:00,26.33,26.33,26.215,26.239,62403
2026-03-27 14:35:00,26.24,26.2799,26.0101,26.17,87526
2026-03-27 14:40:00,26.16,26.225,26.06,26.109,28311
2026-03-27 14:45:00,26.11,26.28,26.11,26.27,89259
2026-03-27 14:50:00,26.275,26.2798,26.176,26.27,196001
2026-03-27 14:55:00,26.28,26.31,26.26,26.2748,34419
2026-03-27 15:00:00,26.28,26.45,26.24,26.45,52367
2026-03-27 15:05:00,26.44,26.6,26.43,26.57,135144
2026-03-27 15:10:00,26.55,26.55,26.4,26.425,53026
2026-03-27 15:15:00,26.45,26.45,26.16,26.165,111253
2026-03-27 15:20:00,26.1601,26.225,26.1101,26.16,65936
2026-03-27 15:25:00,26.16,26.22,26.16,26.18,91611
2026-03-27 15:30:00,26.15,26.1891,26.09,26.13,80923
2026-03-27 15:35:00,26.14,26.42,26.14,26.38,80352
2026-03-27 15:40:00,26.39,26.6669,26.39,26.56,112412
2026-03-27 15:45:00,26.55,26.74,26.5298,26.63,124746
2026-03-27 15:50:00,26.64,26.7401,26.535,26.575,83610
2026-03-27 15:55:00,26.57,26.61,26.4,26.46,178294
2026-03-27 16:00:00,26.42,26.51,26.42,26.461,17044
2026-03-27 16:05:00,26.52,26.55,26.49,26.49,12117
2026-03-27 16:10:00,26.46,26.51,26.46,26.47,13136
2026-03-27 16:15:00,26.4307,26.55,26.4307,26.54,3845
2026-03-27 16:20:00,26.58,26.58,26.51,26.5374,2757
2026-03-27 16:25:00,26.55,26.6099,26.55,26.56,12308
2026-03-27 16:30:00,26.55,26.61,26.521,26.56,4201
2026-03-27 16:35:00,26.56,26.5607,26.47,26.47,2204
2026-03-27 16:40:00,26.46,26.59,26.4,26.57,3068
2026-03-27 16:45:00,26.57,26.67,26.51,26.67,20663
2026-03-27 16:50:00,26.65,26.75,26.65,26.74,3375
2026-03-27 16:55:00,26.7,26.7,26.67,26.68,16651
2026-03-27 17:00:00,26.55,26.68,26.55,26.68,4000
2026-03-27 17:05:00,26.64,26.64,26.56,26.59,3864
2026-03-27 17:10:00,26.6,26.6,26.57,26.57,2150
2026-03-27 17:15:00,26.57,26.6,26.57,26.6,6134
2026-03-27 17:20:00,26.6,26.6,26.585,26.59,4270
2026-03-27 17:25:00,26.56,26.6,26.56,26.59,3603
2026-03-27 17:30:00,26.6,26.6,26.6,26.6,3000
2026-03-27 17:35:00,26.57,26.59,26.57,26.59,3159
2026-03-27 17:40:00,26.57,26.6,26.57,26.6,600
2026-03-27 17:45:00,26.58,26.62,26.58,26.62,900
2026-03-27 17:50:00,26.5804,26.5804,26.5804,26.5804,1300
2026-03-27 17:55:00,26.58,26.6,26.58,26.58,4961
2026-03-27 18:00:00,26.6,26.6,26.58,26.58,5380
2026-03-27 18:10:00,26.58,26.5898,26.58,26.5898,2088
2026-03-27 18:15:00,26.59,26.59,26.59,26.59,957
2026-03-27 18:20:00,26.59,26.59,26.58,26.58,3028
2026-03-27 18:25:00,26.58,26.65,26.58,26.65,1339
2026-03-27 18:30:00,26.6,26.6756,26.6,26.61,2100
2026-03-27 18:35:00,26.62,26.62,26.61,26.61,2100
2026-03-27 18:40:00,26.6106,26.68,26.61,26.68,709
2026-03-27 18:45:00,26.621,26.6365,26.621,26.6365,200
2026-03-27 18:50:00,26.6206,26.6206,26.62,26.62,480
2026-03-27 18:55:00,26.65,26.65,26.62,26.62,16471
2026-03-27 19:00:00,26.62,26.62,26.62,26.62,610
2026-03-27 19:05:00,26.6056,26.6057,26.6056,26.6057,4300
2026-03-27 19:10:00,26.6057,26.611,26.58,26.6,20172
2026-03-27 19:15:00,26.61,26.65,26.6,26.65,2023
2026-03-27 19:20:00,26.62,26.6461,26.58,26.58,14165
2026-03-27 19:25:00,26.61,26.637,26.5846,26.5846,3473
2026-03-27 19:30:00,26.59,26.59,26.59,26.59,508
2026-03-27 19:35:00,26.5863,26.5887,26.5863,26.5887,300
2026-03-27 19:40:00,26.59,26.612,26.58,26.612,3396
2026-03-27 19:45:00,26.6483,26.6483,26.6483,26.6483,376
2026-03-27 19:50:00,26.61,26.61,26.61,26.61,294
2026-03-27 19:55:00,26.61,26.65,26.58,26.64,16103
2026-03-30 04:00:00,26.25,26.66,25.84,26.12,182284
2026-03-30 04:05:00,26.13,26.13,25.94,25.94,20143
2026-03-30 04:10:00,25.93,25.99,25.92,25.97,5488
2026-03-30 04:15:00,25.97,26.03,25.96,26.02,7224
2026-03-30 04:20:00,26.07,26.23,26.07,26.15,3089
2026-03-30 04:25:00,26.14,26.16,26.14,26.15,1116
2026-03-30 04:30:00,26.01,26.01,25.83,25.9,22833
2026-03-30 04:35:00,25.98,25.98,25.81,25.82,26793
2026-03-30 04:40:00,25.82,25.83,25.75,25.83,9003
2026-03-30 04:45:00,25.82,25.83,25.73,25.77,12705
2026-03-30 04:50:00,25.72,25.74,25.7,25.7,4870
2026-03-30 04:55:00,25.76,25.77,25.74,25.75,2200
2026-03-30 05:00:00,25.75,25.77,25.75,25.77,2998
2026-03-30 05:05:00,25.78,25.78,25.68,25.75,3196
2026-03-30 05:10:00,25.84,25.88,25.83,25.85,1286
2026-03-30 05:15:00,25.87,26.01,25.83,25.86,16087
2026-03-30 05:20:00,25.91,25.91,25.72,25.88,10505
2026-03-30 05:25:00,25.78,25.8,25.76,25.77,2359
2026-03-30 05:30:00,25.79,25.9,25.76,25.89,1451
2026-03-30 05:35:00,25.85,25.85,25.66,25.66,2969
2026-03-30 05:40:00,25.68,25.68,25.57,25.59,6417
2026-03-30 05:45:00,25.6,25.62,25.52,25.58,7188
2026-03-30 05:50:00,25.58,25.69,25.58,25.65,4498
2026-03-30 05:55:00,25.64,25.7,25.61,25.65,783
2026-03-30 06:00:00,25.67,25.72,25.67,25.69,1505
2026-03-30 06:05:00,25.71,25.78,25.68,25.78,4036
2026-03-30 06:10:00,25.77,25.8,25.72,25.76,3322
2026-03-30 06:15:00,25.81,25.83,25.81,25.81,3640
2026-03-30 06:20:00,25.785,25.83,25.75,25.83,3900
2026-03-30 06:25:00,25.84,25.88,25.83,25.83,1707
2026-03-30 06:30:00,25.88,25.88,25.84,25.84,200
2026-03-30 06:35:00,25.79,25.9,25.79,25.9,2183
2026-03-30 06:40:00,25.89,25.89,25.8,25.8,3914
2026-03-30 06:45:00,25.82,25.89,25.82,25.89,903
2026-03-30 06:50:00,25.83,25.83,25.79,25.79,300
2026-03-30 06:55:00,25.8305,25.93,25.8305,25.93,5859
2026-03-30 07:00:00,25.89,26.01,25.86,25.97,45646
2026-03-30 07:05:00,25.97,25.9799,25.75,25.75,16640
2026-03-30 07:10:00,25.74,25.74,25.65,25.71,29519
2026-03-30 07:15:00,25.7,25.7,25.53,25.5485,17511
2026-03-30 07:20:00,25.5202,25.67,25.52,25.55,23484
2026-03-30 07:25:00,25.57,25.69,25.39,25.54,17402
2026-03-30 07:30:00,25.53,25.7,25.51,25.67,69825
2026-03-30 07:35:00,25.63,25.74,25.55,25.74,9370
2026-03-30 07:40:00,25.75,25.75,25.41,25.41,14203
2026-03-30 07:45:00,25.42,25.44,25.27,25.33,19554
2026-03-30 07:50:00,25.33,25.35,25.13,25.3496,15996
2026-03-30 07:55:00,25.46,25.54,25.38,25.44,10149
2026-03-30 08:00:00,25.44,25.7263,25.44,25.65,16932
2026-03-30 08:05:00,25.6,25.6,25.4901,25.55,14627
2026-03-30 08:10:00,25.54,25.54,25.45,25.48,7667
2026-03-30 08:15:00,25.4987,25.53,25.3301,25.35,7899
2026-03-30 08:20:00,25.39,25.42,25.33,25.33,7976
2026-03-30 08:25:00,25.34,25.56,25.34,25.46,8547
2026-03-30 08:30:00,25.5099,25.5099,25.32,25.35,16016
2026-03-30 08:35:00,25.35,25.35,25.25,25.27,19758
2026-03-30 08:40:00,25.27,25.32,25.22,25.32,9919
2026-03-30 08:45:00,25.32,25.41,25.31,25.31,11953
2026-03-30 08:50:00,25.32,25.37,25.31,25.33,6212
2026-03-30 08:55:00,25.36,25.42,25.3001,25.3913,8036
2026-03-30 09:00:00,25.35,25.35,25.02,25.16,35819
2026-03-30 09:05:00,25.19,25.51,25.15,25.4297,21689
2026-03-30 09:10:00,25.43,25.52,25.4,25.4863,11277
2026-03-30 09:15:00,25.48,25.58,25.4537,25.51,22398
2026-03-30 09:20:00,25.5199,25.6,25.43,25.4326,13550
2026-03-30 09:25:00,25.52,25.52,25.47,25.47,3309
2026-03-30 09:30:00,25.47,25.775,25.37,25.775,110182
2026-03-30 09:35:00,25.75,25.86,25.69,25.74,81458
2026-03-30 09:40:00,25.76,26.12,25.76,25.98,196984
2026-03-30 09:45:00,26,26.28,26,26.21,140932
2026-03-30 09:50:00,26.21,26.26,26.03,26.15,48689
2026-03-30 09:55:00,26.1163,26.4,26.09,26.26,66299
2026-03-30 10:00:00,26.25,26.25,25.9,26.04,93594
2026-03-30 10:05:00,26.0201,26.2,26,26,44206
2026-03-30 10:10:00,25.99,26,25.82,25.8701,67907
2026-03-30 10:15:00,25.8651,26.11,25.8651,26.0301,34440
2026-03-30 10:20:00,26,26.15,25.9603,26.02,28486
2026-03-30 10:25:00,26.01,26.18,26.0003,26.14,23906
2026-03-30 10:30:00,26.11,26.13,25.8902,25.98,34872
2026-03-30 10:35:00,25.93,26.02,25.83,25.92,41162
2026-03-30 10:40:00,25.905,26.0499,25.84,26.0499,33627
2026-03-30 10:45:00,26.02,26.07,25.68,25.84,66531
2026-03-30 10:50:00,25.85,25.88,25.72,25.75,49399
2026-03-30 10:55:00,25.78,25.84,25.67,25.6999,53253
2026-03-30 11:00:00,25.68,25.7294,25.59,25.63,69862
2026-03-30 11:05:00,25.63,25.815,25.59,25.77,32927
2026-03-30 11:10:00,25.76,25.78,25.645,25.77,16162
2026-03-30 11:15:00,25.8,25.87,25.78,25.814,19637
2026-03-30 11:20:00,25.78,25.93,25.77,25.81,17053
2026-03-30 11:25:00,25.8,25.8,25.68,25.6865,30511
2026-03-30 11:30:00,25.69,25.76,25.56,25.57,25503
2026-03-30 11:35:00,25.55,25.62,25.5101,25.56,24377
2026-03-30 11:40:00,25.6,25.6,25.5,25.5,26578
2026-03-30 11:45:00,25.5,25.57,25.5,25.5673,11343
2026-03-30 11:50:00,25.56,25.61,25.49,25.5,15089
2026-03-30 11:55:00,25.52,25.65,25.48,25.64,9803
2026-03-30 12:00:00,25.63,25.85,25.63,25.85,32619
2026-03-30 12:05:00,25.8495,25.86,25.71,25.82,14981
2026-03-30 12:10:00,25.84,25.8401,25.67,25.69,21478
2026-03-30 12:15:00,25.7,25.83,25.65,25.8199,7609
2026-03-30 12:20:00,25.785,25.85,25.75,25.84,8805
2026-03-30 12:25:00,25.84,25.9069,25.84,25.8995,21300
2026-03-30 12:30:00,25.92,25.96,25.79,25.79,26419
2026-03-30 12:35:00,25.81,25.82,25.7536,25.78,12876
2026-03-30 12:40:00,25.78,25.78,25.72,25.75,7855
2026-03-30 12:45:00,25.71,25.8302,25.69,25.8009,21885
2026-03-30 12:50:00,25.81,25.87,25.8,25.87,14773
2026-03-30 12:55:00,25.88,26.01,25.8601,25.96,39106
2026-03-30 13:00:00,25.98,26.11,25.92,26.11,44706
2026-03-30 13:05:00,26.109,26.11,26.03,26.03,15105
2026-03-30 13:10:00,26.02,26.18,26.02,26.1499,48836
2026-03-30 13:15:00,26.1,26.2,26.0701,26.0701,47320
2026-03-30 13:20:00,26.1,26.2005,26.03,26.0301,51365
2026-03-30 13:25:00,26.045,26.07,25.97,26.01,24082
2026-03-30 13:30:00,26.04,26.21,26.04,26.1728,67675
2026-03-30 13:35:00,26.1568,26.17,26.04,26.0617,30203
2026-03-30 13:40:00,26.04,26.09,25.99,26.0099,21580
2026-03-30 13:45:00,25.97,26.06,25.92,26.04,24450
2026-03-30 13:50:00,26.08,26.11,26.03,26.09,15686
2026-03-30 13:55:00,26.08,26.15,26.08,26.12,9821
2026-03-30 14:00:00,26.09,26.09,25.995,26.0801,13624
2026-03-30 14:05:00,26.08,26.25,26.0706,26.1944,51372
2026-03-30 14:10:00,26.1601,26.195,26.1,26.11,12312
2026-03-30 14:15:00,26.1,26.23,26.1,26.2,12556
2026-03-30 14:20:00,26.18,26.2763,26.18,26.25,16800
2026-03-30 14:25:00,26.2584,26.34,26.24,26.28,25509
2026-03-30 14:30:00,26.25,26.25,26.175,26.2,44456
2026-03-30 14:35:00,26.17,26.24,26.11,26.2301,35801
2026-03-30 14:40:00,26.23,26.23,26.1503,26.1601,10378
2026-03-30 14:45:00,26.1399,26.155,26.0901,26.13,21080
2026-03-30 14:50:00,26.13,26.34,26.12,26.295,16226
2026-03-30 14:55:00,26.3037,26.5,26.2957,26.485,49020
2026-03-30 15:00:00,26.5,26.64,26.4501,26.54,80371
2026-03-30 15:05:00,26.5697,26.589,26.45,26.53,44515
2026-03-30 15:10:00,26.54,26.69,26.54,26.635,36766
2026-03-30 15:15:00,26.6101,26.65,26.5506,26.65,26757
2026-03-30 15:20:00,26.6699,26.72,26.5,26.57,44737
2026-03-30 15:25:00,26.59,26.59,26.52,26.54,14504
2026-03-30 15:30:00,26.51,26.6155,26.419,26.419,37548
2026-03-30 15:35:00,26.43,26.46,26.3199,26.4047,45225
2026-03-30 15:40:00,26.42,26.47,26.41,26.47,27886
2026-03-30 15:45:00,26.46,26.46,26.35,26.42,34539
2026-03-30 15:50:00,26.43,26.43,26.3582,26.41,50404
2026-03-30 15:55:00,26.39,26.39,26.22,26.28,66477
2026-03-30 16:00:00,26.27,26.43,26.27,26.43,7791
2026-03-30 16:05:00,26.4191,26.46,26.4191,26.46,1796
2026-03-30 16:10:00,26.46,26.47,26.29,26.29,2187
2026-03-30 16:15:00,26.29,26.33,26.29,26.33,1753
2026-03-30 16:20:00,26.38,26.44,26.38,26.42,6412
2026-03-30 16:25:00,26.4248,26.4248,26.39,26.39,270
2026-03-30 16:30:00,26.41,26.5,26.41,26.5,1746
2026-03-30 16:35:00,26.4785,26.49,26.4717,26.49,1296
2026-03-30 16:40:00,26.48,26.48,26.39,26.47,1199
2026-03-30 16:45:00,26.44,26.44,26.44,26.44,200
2026-03-30 16:50:00,26.38,26.38,26.35,26.38,8150
2026-03-30 16:55:00,26.35,26.35,26.33,26.35,8601
2026-03-30 17:00:00,26.36,26.36,26.36,26.36,266
2026-03-30 17:05:00,26.36,26.36,26.36,26.36,291
2026-03-30 17:10:00,26.3211,26.3211,26.3211,26.3211,159
2026-03-30 17:15:00,26.35,26.35,26.33,26.33,467
2026-03-30 17:20:00,26.321,26.321,26.32,26.32,685
2026-03-30 17:30:00,26.32,26.32,26.32,26.32,363
2026-03-30 17:35:00,26.35,26.35,26.32,26.32,1457
2026-03-30 17:40:00,26.33,26.33,26.32,26.32,696
2026-03-30 17:45:00,26.3202,26.3202,26.3,26.3,1379
2026-03-30 17:55:00,26.32,26.3763,26.32,26.3763,516
2026-03-30 18:00:00,26.3,26.3,26.14,26.22,1499
2026-03-30 18:05:00,26.2207,26.31,26.2207,26.31,7837
2026-03-30 18:10:00,26.3,26.4,26.3,26.3908,2948
2026-03-30 18:15:00,26.33,26.33,26.33,26.33,163
2026-03-30 18:20:00,26.44,26.5,26.44,26.5,2130
2026-03-30 18:25:00,26.49,26.5,26.4,26.4,4710
2026-03-30 18:30:00,26.39,26.39,26.39,26.39,100
2026-03-30 18:35:00,26.38,26.38,26.38,26.38,439
2026-03-30 18:40:00,26.4,26.42,26.4,26.42,400
2026-03-30 18:45:00,26.46,26.46,26.4,26.4,2203
2026-03-30 18:50:00,26.39,26.41,26.39,26.41,1152
2026-03-30 18:55:00,26.39,26.43,26.36,26.43,1850
2026-03-30 19:00:00,26.45,26.6135,26.45,26.59,10497
2026-03-30 19:05:00,26.59,26.73,26.54,26.73,12652
2026-03-30 19:10:00,26.73,26.75,26.64,26.74,22526
2026-03-30 19:15:00,26.6649,26.6649,26.581,26.581,2147
2026-03-30 19:20:00,26.58,26.59,26.52,26.5606,2948
2026-03-30 19:25:00,26.6,26.61,26.56,26.58,2933
2026-03-30 19:30:00,26.58,26.61,26.57,26.57,2324
2026-03-30 19:35:00,26.59,26.6498,26.52,26.52,7326
2026-03-30 19:40:00,26.53,26.54,26.42,26.42,16697
2026-03-30 19:45:00,26.41,26.4986,26.41,26.46,9377
2026-03-30 19:50:00,26.45,26.48,26.42,26.47,2215
2026-03-30 19:55:00,26.56,26.56,26.5,26.55,6339
2026-03-31 04:00:00,24.43,25.2,23.98,23.99,328365
2026-03-31 04:05:00,23.9896,24.14,23.95,24.14,42269
2026-03-31 04:10:00,24.14,24.23,24.03,24.23,13646
2026-03-31 04:15:00,24.21,24.21,24.08,24.12,11851
2026-03-31 04:20:00,24.14,24.2,24.1,24.15,1598
2026-03-31 04:25:00,24.19,24.21,24.08,24.09,29040
2026-03-31 04:30:00,24.11,24.18,24.1,24.18,9900
2026-03-31 04:35:00,24.15,24.15,23.95,24.06,26721
2026-03-31 04:40:00,24.1,24.1,24.05,24.09,9588
2026-03-31 04:45:00,24.08,24.12,24.03,24.03,11380
2026-03-31 04:50:00,24.01,24.07,23.97,24.0296,13451
2026-03-31 04:55:00,24.01,24.09,24.01,24.08,2445
2026-03-31 05:00:00,24.08,24.11,23.97,23.97,7694
2026-03-31 05:05:00,23.96,24.04,23.92,24.04,4404
2026-03-31 05:10:00,24.01,24.01,23.97,24.01,1979
2026-03-31 05:15:00,24.05,24.12,24,24.03,8114
2026-03-31 05:20:00,24.03,24.03,23.91,23.93,4163
2026-03-31 05:25:00,23.91,24.05,23.9,24.05,6202
2026-03-31 05:30:00,24.08,24.16,24.08,24.13,4529
2026-03-31 05:35:00,24.1,24.21,24.1,24.21,12534
2026-03-31 05:40:00,24.21,24.23,24.15,24.15,4846
2026-03-31 05:45:00,24.22,24.23,24.2,24.22,5552
2026-03-31 05:50:00,24.22,24.25,24.16,24.25,4628
2026-03-31 05:55:00,24.28,24.37,24.28,24.3,7938
2026-03-31 06:00:00,24.23,24.31,24.2,24.2,6295
2026-03-31 06:05:00,24.21,24.21,24.08,24.08,5088
2026-03-31 06:10:00,24.07,24.14,24.06,24.14,26109
2026-03-31 06:15:00,24.13,24.19,24.13,24.18,5913
2026-03-31 06:20:00,24.24,24.28,24.19,24.23,7721
2026-03-31 06:25:00,24.23,24.33,24.21,24.33,6937
2026-03-31 06:30:00,24.29,24.38,24.27,24.38,8805
2026-03-31 06:35:00,24.37,24.64,24.37,24.64,17130
2026-03-31 06:40:00,24.65,24.66,24.46,24.46,11914
2026-03-31 06:45:00,24.5,24.6,24.48,24.56,9643
2026-03-31 06:50:00,24.5,24.5,24.38,24.38,7894
2026-03-31 06:55:00,24.38,24.46,24.38,24.43,5753
2026-03-31 07:00:00,24.41,24.44,24.3,24.37,21771
2026-03-31 07:05:00,24.36,24.44,24.32,24.4328,7344
2026-03-31 07:10:00,24.47,24.48,24.03,24.46,37784
2026-03-31 07:15:00,24.36,24.4101,24.1297,24.2,26863
2026-03-31 07:20:00,24.2,24.2274,24.04,24.04,22171
2026-03-31 07:25:00,24.03,24.12,23.95,24.12,54063
2026-03-31 07:30:00,24.14,24.27,24.1374,24.1374,24909
2026-03-31 07:35:00,24.14,24.2,23.9506,23.9526,18339
2026-03-31 07:40:00,23.98,24.0498,23.97,23.9797,8489
2026-03-31 07:45:00,23.97,24.03,23.9,23.99,16222
2026-03-31 07:50:00,23.97,24.08,23.96,24.0495,13162
2026-03-31 07:55:00,24.04,24.16,24.02,24.06,32070
2026-03-31 08:00:00,24.05,24.05,23.89,23.93,24657
2026-03-31 08:05:00,23.91,23.98,23.75,23.83,57077
2026-03-31 08:10:00,23.83,24.19,23.83,24.19,48421
2026-03-31 08:15:00,24.2503,24.36,24.1,24.11,22246
2026-03-31 08:20:00,24.13,24.2626,24.1226,24.24,16243
2026-03-31 08:25:00,24.25,24.29,24.08,24.08,7626
2026-03-31 08:30:00,24.08,24.15,24.05,24.07,10458
2026-03-31 08:35:00,24.0561,24.07,23.9964,24.02,13742
2026-03-31 08:40:00,24,24.24,24,24.21,12005
2026-03-31 08:45:00,24.22,24.37,24.2,24.3,11086
2026-03-31 08:50:00,24.33,24.33,24.25,24.3,9257
2026-03-31 08:55:00,24.29,24.41,24.25,24.2802,16714
2026-03-31 09:00:00,24.26,24.5,24.24,24.47,22226
2026-03-31 09:05:00,24.43,24.48,24.16,24.16,9836
2026-03-31 09:10:00,24.13,24.24,24.08,24.12,13827
2026-03-31 09:15:00,24.12,24.16,24.06,24.1598,9049
2026-03-31 09:20:00,24.14,24.2337,24.12,24.22,6805
2026-03-31 09:25:00,24.24,24.38,24.24,24.38,22336
2026-03-31 09:30:00,24.385,24.4772,24.15,24.19,149939
2026-03-31 09:35:00,24.16,24.3899,24.135,24.21,54926
2026-03-31 09:40:00,24.22,24.22,24.0599,24.2064,121709
2026-03-31 09:45:00,24.2,24.2,23.99,24.005,73384
2026-03-31 09:50:00,24,24.09,23.74,23.795,74272
2026-03-31 09:55:00,23.78,24.1,23.76,23.8158,86257
2026-03-31 10:00:00,23.855,23.8909,23.51,23.53,133963
2026-03-31 10:05:00,23.53,23.75,23.5,23.67,102014
2026-03-31 10:10:00,23.7,23.775,23.405,23.41,101082
2026-03-31 10:15:00,23.43,23.5391,23.34,23.48,119727
2026-03-31 10:20:00,23.47,23.6899,23.44,23.4999,121481
2026-03-31 10:25:00,23.51,23.67,23.34,23.3916,262836
2026-03-31 10:30:00,23.38,23.4695,23.28,23.4202,43785
2026-03-31 10:35:00,23.43,23.67,23.39,23.67,107221
2026-03-31 10:40:00,23.66,23.78,23.6,23.68,75008
2026-03-31 10:45:00,23.6757,23.85,23.58,23.82,149487
2026-03-31 10:50:00,23.83,23.94,23.77,23.89,72894
2026-03-31 10:55:00,23.91,24.16,23.91,24.04,126767
2026-03-31 11:00:00,24.04,24.04,23.7691,23.7691,221379
2026-03-31 11:05:00,23.755,23.7799,23.62,23.7098,144902
2026-03-31 11:10:00,23.7,23.7063,23.52,23.54,152673
2026-03-31 11:15:00,23.54,23.58,23.45,23.53,256290
2026-03-31 11:20:00,23.57,23.65,23.48,23.5,105491
2026-03-31 11:25:00,23.491,23.721,23.49,23.72,58390
2026-03-31 11:30:00,23.73,23.8101,23.7,23.7,104681
2026-03-31 11:35:00,23.67,23.6801,23.6,23.64,79676
2026-03-31 11:40:00,23.65,23.69,23.615,23.615,122046
2026-03-31 11:45:00,23.615,23.7,23.5999,23.635,101371
2026-03-31 11:50:00,23.65,23.6648,23.42,23.5399,131441
2026-03-31 11:55:00,23.53,23.7,23.5,23.65,59786
2026-03-31 12:00:00,23.68,23.7,23.46,23.525,98163
2026-03-31 12:05:00,23.495,23.53,23.425,23.44,61181
2026-03-31 12:10:00,23.435,23.6,23.425,23.5499,111928
2026-03-31 12:15:00,23.54,23.55,23.4501,23.52,90992
2026-03-31 12:20:00,23.53,23.61,23.45,23.45,67036
2026-03-31 12:25:00,23.455,23.48,23.425,23.46,148800
2026-03-31 12:30:00,23.46,23.49,23.4,23.44,72260
2026-03-31 12:35:00,23.43,23.4801,23.17,23.17,203777
2026-03-31 12:40:00,23.17,23.17,22.56,22.76,653080
2026-03-31 12:45:00,22.84,23.11,22.71,22.8601,151571
2026-03-31 12:50:00,22.876,22.98,22.675,22.91,165896
2026-03-31 12:55:00,22.92,23,22.83,22.95,103750
2026-03-31 13:00:00,22.94,22.94,22.52,22.7,278402
2026-03-31 13:05:00,22.6705,23.01,22.6705,22.97,81740
2026-03-31 13:10:00,23,23.02,22.82,22.85,72156
2026-03-31 13:15:00,22.85,22.96,22.8,22.825,28227
2026-03-31 13:20:00,22.85,22.9492,22.81,22.9,47130
2026-03-31 13:25:00,22.88,23.02,22.87,22.99,46548
2026-03-31 13:30:00,22.99,22.99,22.79,22.79,109336
2026-03-31 13:35:00,22.8,22.965,22.71,22.88,138628
2026-03-31 13:40:00,22.9,22.9,22.8,22.8599,24693
2026-03-31 13:45:00,22.82,22.83,22.75,22.77,69872
2026-03-31 13:50:00,22.77,22.78,22.725,22.73,68506
2026-03-31 13:55:00,22.735,22.87,22.735,22.7999,66383
2026-03-31 14:00:00,22.79,22.8,22.66,22.765,77052
2026-03-31 14:05:00,22.76,22.7602,22.59,22.61,75049
2026-03-31 14:10:00,22.63,22.73,22.59,22.605,92747
2026-03-31 14:15:00,22.61,22.64,22.56,22.64,51930
2026-03-31 14:20:00,22.63,22.665,22.595,22.655,85460
2026-03-31 14:25:00,22.6679,22.76,22.62,22.67,102633
2026-03-31 14:30:00,22.65,22.74,22.63,22.71,69623
2026-03-31 14:35:00,22.7008,22.73,22.56,22.63,85254
2026-03-31 14:40:00,22.64,22.76,22.64,22.73,63755
2026-03-31 14:45:00,22.72,22.79,22.6766,22.76,41131
2026-03-31 14:50:00,22.7582,22.79,22.73,22.7301,65481
2026-03-31 14:55:00,22.74,22.7417,22.6506,22.715,97685
2026-03-31 15:00:00,22.71,22.71,22.6151,22.68,73299
2026-03-31 15:05:00,22.7289,22.81,22.67,22.81,39447
2026-03-31 15:10:00,22.79,22.79,22.635,22.68,78575
2026-03-31 15:15:00,22.67,22.73,22.605,22.667,81950
2026-03-31 15:20:00,22.67,22.67,22.57,22.63,89336
2026-03-31 15:25:00,22.62,22.7,22.61,22.69,46167
2026-03-31 15:30:00,22.69,22.7,22.595,22.63,61769
2026-03-31 15:35:00,22.64,22.64,22.54,22.56,87952
2026-03-31 15:40:00,22.56,22.6699,22.5497,22.59,114268
2026-03-31 15:45:00,22.5979,22.61,22.5,22.535,113615
2026-03-31 15:50:00,22.53,22.625,22.5,22.54,95641
2026-03-31 15:55:00,22.56,22.66,22.5,22.5199,186183
2026-03-31 16:00:00,22.51,22.65,22.5,22.65,18015
2026-03-31 16:05:00,22.64,22.64,22.561,22.59,10152
2026-03-31 16:10:00,22.59,22.59,22.5274,22.53,5909
2026-03-31 16:15:00,22.52,22.54,22.5,22.5,13055
2026-03-31 16:20:00,22.49,22.58,22.481,22.5526,36341
2026-03-31 16:25:00,22.5795,22.6,22.55,22.56,4680
2026-03-31 16:30:00,22.55,22.5501,22.45,22.45,5955
2026-03-31 16:35:00,22.51,22.58,22.5,22.58,4457
2026-03-31 16:40:00,22.58,22.6,22.5399,22.6,6407
2026-03-31 16:45:00,22.57,22.58,22.5539,22.58,2640
2026-03-31 16:50:00,22.56,22.6,22.52,22.6,6100
2026-03-31 16:55:00,22.61,22.61,22.58,22.5807,2166
2026-03-31 17:00:00,22.6039,22.6039,22.6006,22.6006,2200
2026-03-31 17:05:00,22.6,22.62,22.6,22.61,4020
2026-03-31 17:10:00,22.6102,22.66,22.61,22.61,24650
2026-03-31 17:15:00,22.64,22.66,22.64,22.65,10870
2026-03-31 17:20:00,22.63,22.6447,22.63,22.63,2029
2026-03-31 17:25:00,22.64,22.64,22.64,22.64,385
2026-03-31 17:30:00,22.65,22.65,22.64,22.6441,3649
2026-03-31 17:35:00,22.64,22.64,22.64,22.64,300
2026-03-31 17:45:00,22.64,22.64,22.64,22.64,100
2026-03-31 17:50:00,22.6402,22.6467,22.6402,22.6467,392
2026-03-31 17:55:00,22.6489,22.65,22.6489,22.65,1227
2026-03-31 18:00:00,22.64,22.64,22.4,22.47,13534
2026-03-31 18:05:00,22.4317,22.62,22.4226,22.62,6624
2026-03-31 18:10:00,22.61,22.61,22.5,22.562,8841
2026-03-31 18:15:00,22.45,22.5411,22.4226,22.4777,9919
2026-03-31 18:20:00,22.5,22.54,22.48,22.49,4987
2026-03-31 18:25:00,22.42,22.5186,22.3884,22.4609,8392
2026-03-31 18:30:00,22.48,22.49,22.48,22.49,520
2026-03-31 18:35:00,22.5305,22.54,22.4,22.4097,6131
2026-03-31 18:40:00,22.41,22.4199,22.3752,22.3752,3427
2026-03-31 18:45:00,22.44,22.55,22.44,22.55,7789
2026-03-31 18:50:00,22.5,22.5491,22.4617,22.5491,3689
2026-03-31 18:55:00,22.5497,22.5911,22.52,22.52,5379
2026-03-31 19:00:00,22.54,22.56,22.54,22.549,6283
2026-03-31 19:05:00,22.56,22.5934,22.5339,22.5934,2346
2026-03-31 19:10:00,22.58,22.6,22.56,22.58,16440
2026-03-31 19:15:00,22.57,22.59,22.56,22.59,2090
2026-03-31 19:20:00,22.5807,22.68,22.5807,22.6715,13963
2026-03-31 19:25:00,22.68,22.69,22.65,22.6501,6584
2026-03-31 19:30:00,22.6504,22.66,22.63,22.63,4657
2026-03-31 19:35:00,22.61,22.63,22.61,22.62,1700
2026-03-31 19:40:00,22.62,22.75,22.61,22.71,15305
2026-03-31 19:45:00,22.7251,22.7251,22.6385,22.67,4880
2026-03-31 19:50:00,22.66,22.68,22.66,22.68,2100
2026-03-31 19:55:00,22.62,22.62,22.564,22.564,4443
2026-04-01 04:00:00,23.3,23.43,22.46,23.245,309652
2026-04-01 04:05:00,23.24,23.25,23.17,23.17,23535
2026-04-01 04:10:00,23.2,23.28,23.19,23.2,14006
2026-04-01 04:15:00,23.18,23.23,23.07,23.08,8041
2026-04-01 04:20:00,23.05,23.06,22.97,22.97,7406
2026-04-01 04:25:00,22.96,23.08,22.94,23.07,2729
2026-04-01 04:30:00,23.05,23.08,23.01,23.02,5518
2026-04-01 04:35:00,23.02,23.02,22.96,22.965,5598
2026-04-01 04:40:00,22.97,23,22.96,22.97,4255
2026-04-01 04:45:00,23.02,23.06,22.99,22.99,4730
2026-04-01 04:50:00,22.95,23.05,22.92,22.99,6308
2026-04-01 04:55:00,22.99,23.07,22.99,23.05,5618
2026-04-01 05:00:00,23.1,23.11,23.02,23.02,6179
2026-04-01 05:05:00,23,23.1,23,23.1,2050
2026-04-01 05:10:00,23.14,23.14,23.1,23.1,1000
2026-04-01 05:15:00,23.12,23.18,23.1,23.18,1211
2026-04-01 05:20:00,23.19,23.21,23.19,23.21,1500
2026-04-01 05:25:00,23.19,23.2,23.15,23.2,1632
2026-04-01 05:30:00,23.17,23.23,23.1,23.22,2352
2026-04-01 05:35:00,23.21,23.21,23.13,23.13,1688
2026-04-01 05:40:00,23.14,23.14,23.11,23.11,700
2026-04-01 05:45:00,23.11,23.11,22.96,22.96,15841
2026-04-01 05:50:00,22.95,22.97,22.95,22.96,4579
2026-04-01 05:55:00,23.01,23.08,23,23.06,2489
2026-04-01 06:00:00,22.95,23.09,22.95,23.09,600
2026-04-01 06:05:00,23.06,23.07,23.06,23.06,1701
2026-04-01 06:10:00,23.12,23.12,23,23,2798
2026-04-01 06:15:00,23.09,23.1,23.09,23.1,200
2026-04-01 06:20:00,23.07,23.07,22.96,22.99,888
2026-04-01 06:25:00,23.02,23.07,22.94,22.94,1811
2026-04-01 06:30:00,22.93,22.98,22.9,22.98,6869
2026-04-01 06:35:00,22.95,22.95,22.94,22.94,1901
2026-04-01 06:40:00,22.94,22.94,22.83,22.84,9685
2026-04-01 06:45:00,22.84,22.84,22.77,22.79,7178
2026-04-01 06:50:00,22.8,22.86,22.8,22.83,12353
2026-04-01 06:55:00,22.85,22.85,22.81,22.81,900
2026-04-01 07:00:00,22.8,22.84,22.7106,22.7106,36310
2026-04-01 07:05:00,22.72,22.7699,22.71,22.75,10520
2026-04-01 07:10:00,22.7501,22.76,22.69,22.711,12898
2026-04-01 07:15:00,22.6899,22.71,22.65,22.65,15335
2026-04-01 07:20:00,22.64,22.74,22.64,22.72,7801
2026-04-01 07:25:00,22.729,22.73,22.71,22.72,10273
2026-04-01 07:30:00,22.665,22.6698,22.63,22.659,18570
2026-04-01 07:35:00,22.67,22.67,22.54,22.55,27879
2026-04-01 07:40:00,22.5429,22.5754,22.54,22.57,25656
2026-04-01 07:45:00,22.56,22.58,22.52,22.55,19843
2026-04-01 07:50:00,22.5307,22.5631,22.5302,22.5331,8497
2026-04-01 07:55:00,22.53,22.6,22.45,22.6,30011
2026-04-01 08:00:00,22.61,22.78,22.61,22.78,42066
2026-04-01 08:05:00,22.76,22.76,22.6802,22.75,25428
2026-04-01 08:10:00,22.73,22.75,22.7,22.72,11463
2026-04-01 08:15:00,22.77,22.92,22.76,22.9,25340
2026-04-01 08:20:00,22.83,22.88,22.8,22.83,17005
2026-04-01 08:25:00,22.87,22.87,22.8,22.83,22105
2026-04-01 08:30:00,22.75,22.75,22.6201,22.6293,31956
2026-04-01 08:35:00,22.6284,22.7599,22.6,22.7591,10697
2026-04-01 08:40:00,22.7599,22.77,22.38,22.51,94032
2026-04-01 08:45:00,22.54,22.8084,22.46,22.8084,40669
2026-04-01 08:50:00,22.7699,22.91,22.75,22.8696,29159
2026-04-01 08:55:00,22.84,22.9471,22.83,22.91,24558
2026-04-01 09:00:00,22.96,23.06,22.85,23.0132,41856
2026-04-01 09:05:00,23.04,23.0799,22.87,22.89,13626
2026-04-01 09:10:00,22.87,22.87,22.73,22.82,21032
2026-04-01 09:15:00,22.8,22.8369,22.74,22.75,22888
2026-04-01 09:20:00,22.78,22.8669,22.75,22.8,4342
2026-04-01 09:25:00,22.73,22.7361,22.66,22.68,13896
2026-04-01 09:30:00,22.69,22.7571,22.55,22.605,156480
2026-04-01 09:35:00,22.5998,22.65,22.47,22.52,100936
2026-04-01 09:40:00,22.53,22.85,22.53,22.8,131271
2026-04-01 09:45:00,22.79,22.91,22.745,22.85,67561
2026-04-01 09:50:00,22.8451,22.95,22.75,22.89,79750
2026-04-01 09:55:00,22.9,22.97,22.88,22.9,28006
2026-04-01 10:00:00,22.93,23.0617,22.8742,22.88,103603
2026-04-01 10:05:00,22.87,22.95,22.79,22.85,96199
2026-04-01 10:10:00,22.86,22.99,22.86,22.89,47951
2026-04-01 10:15:00,22.885,22.91,22.71,22.7101,57077
2026-04-01 10:20:00,22.71,22.77,22.59,22.77,194254
2026-04-01 10:25:00,22.77,22.95,22.73,22.782,107064
2026-04-01 10:30:00,22.78,22.85,22.71,22.795,40465
2026-04-01 10:35:00,22.81,22.94,22.67,22.72,59515
2026-04-01 10:40:00,22.75,22.8292,22.5701,22.6,55544
2026-04-01 10:45:00,22.59,22.67,22.5301,22.55,81912
2026-04-01 10:50:00,22.56,22.595,22.4742,22.48,77160
2026-04-01 10:55:00,22.48,22.505,22.42,22.4799,71725
2026-04-01 11:00:00,22.475,22.52,22.34,22.3801,93250
2026-04-01 11:05:00,22.39,22.405,22.335,22.35,76451
2026-04-01 11:10:00,22.36,22.45,22.3499,22.4201,141606
2026-04-01 11:15:00,22.42,22.45,22.3602,22.3603,57896
2026-04-01 11:20:00,22.37,22.42,22.3001,22.42,56075
2026-04-01 11:25:00,22.4,22.5,22.39,22.495,38047
2026-04-01 11:30:00,22.49,22.5591,22.4,22.4,44284
2026-04-01 11:35:00,22.39,22.39,22.285,22.325,112766
2026-04-01 11:40:00,22.34,22.355,22.23,22.245,70755
2026-04-01 11:45:00,22.24,22.29,22.23,22.275,57998
2026-04-01 11:50:00,22.28,22.3251,22.26,22.29,26954
2026-04-01 11:55:00,22.29,22.31,22.25,22.29,11273
2026-04-01 12:00:00,22.29,22.37,22.28,22.3,70623
2026-04-01 12:05:00,22.3,22.32,22.25,22.2999,19034
2026-04-01 12:10:00,22.29,22.455,22.29,22.45,42392
2026-04-01 12:15:00,22.45,22.47,22.35,22.36,36978
2026-04-01 12:20:00,22.355,22.4,22.335,22.4,14985
2026-04-01 12:25:00,22.4,22.455,22.39,22.43,26684
2026-04-01 12:30:00,22.44,22.44,22.36,22.38,19861
2026-04-01 12:35:00,22.37,22.38,22.3442,22.37,12374
2026-04-01 12:40:00,22.37,22.37,22.295,22.295,23880
2026-04-01 12:45:00,22.29,22.3,22.27,22.28,12893
2026-04-01 12:50:00,22.28,22.31,22.26,22.2828,8154
2026-04-01 12:55:00,22.29,22.31,22.22,22.2285,19881
2026-04-01 13:00:00,22.22,22.245,22.15,22.195,125315
2026-04-01 13:05:00,22.195,22.205,22.13,22.18,54075
2026-04-01 13:10:00,22.19,22.2,22.155,22.18,13051
2026-04-01 13:15:00,22.185,22.22,22.15,22.16,12324
2026-04-01 13:20:00,22.1809,22.27,22.15,22.15,29722
2026-04-01 13:25:00,22.15,22.165,22.1,22.14,38063
2026-04-01 13:30:00,22.14,22.1752,22.08,22.1673,28157
2026-04-01 13:35:00,22.17,22.1998,22.14,22.14,21232
2026-04-01 13:40:00,22.12,22.12,22.07,22.11,27235
2026-04-01 13:45:00,22.11,22.12,22.07,22.105,41861
2026-04-01 13:50:00,22.119,22.18,22.115,22.17,23240
2026-04-01 13:55:00,22.17,22.23,22.17,22.22,36607
2026-04-01 14:00:00,22.21,22.42,22.21,22.37,71143
2026-04-01 14:05:00,22.36,22.4,22.28,22.4,49005
2026-04-01 14:10:00,22.38,22.38,22.2801,22.36,26461
2026-04-01 14:15:00,22.36,22.54,22.3597,22.5,67110
2026-04-01 14:20:00,22.51,22.66,22.48,22.62,191534
2026-04-01 14:25:00,22.61,22.66,22.57,22.65,54951
2026-04-01 14:30:00,22.66,22.66,22.55,22.63,29620
2026-04-01 14:35:00,22.635,22.76,22.6,22.625,55343
2026-04-01 14:40:00,22.63,22.64,22.4,22.525,77008
2026-04-01 14:45:00,22.49,22.585,22.4801,22.54,12415
2026-04-01 14:50:00,22.53,22.67,22.53,22.59,35999
2026-04-01 14:55:00,22.6,22.6505,22.5701,22.61,19065
2026-04-01 15:00:00,22.59,22.6496,22.57,22.61,19721
2026-04-01 15:05:00,22.56,22.6291,22.49,22.6291,28793
2026-04-01 15:10:00,22.625,22.63,22.56,22.57,11161
2026-04-01 15:15:00,22.59,22.59,22.53,22.54,20822
2026-04-01 15:20:00,22.52,22.56,22.51,22.515,12192
2026-04-01 15:25:00,22.5,22.5,22.44,22.46,16043
2026-04-01 15:30:00,22.46,22.51,22.46,22.5,6440
2026-04-01 15:35:00,22.465,22.47,22.34,22.375,37240
2026-04-01 15:40:00,22.365,22.45,22.34,22.445,19570
2026-04-01 15:45:00,22.44,22.5,22.43,22.5,26922
2026-04-01 15:50:00,22.51,22.645,22.51,22.585,43907
2026-04-01 15:55:00,22.58,22.61,22.53,22.595,84255
2026-04-01 16:00:00,22.58,22.68,22.58,22.68,8863
2026-04-01 16:05:00,22.62,22.65,22.54,22.54,7528
2026-04-01 16:10:00,22.52,22.5364,22.52,22.52,3258
2026-04-01 16:15:00,22.5,22.53,22.5,22.53,1201
2026-04-01 16:20:00,22.53,22.58,22.5285,22.58,1311
2026-04-01 16:25:00,22.57,22.57,22.56,22.57,1892
2026-04-01 16:30:00,22.63,22.63,22.6026,22.62,5240
2026-04-01 16:35:00,22.61,22.65,22.61,22.65,2995
2026-04-01 16:40:00,22.66,22.7,22.66,22.68,1632
2026-04-01 16:45:00,22.65,22.68,22.6,22.6,2882
2026-04-01 16:50:00,22.64,22.72,22.64,22.71,13605
2026-04-01 16:55:00,22.72,22.72,22.67,22.67,2301
2026-04-01 17:00:00,22.67,22.6804,22.67,22.6799,1805
2026-04-01 17:05:00,22.7372,22.7372,22.678,22.678,1050
2026-04-01 17:10:00,22.7093,22.7093,22.6,22.6,2262
2026-04-01 17:15:00,22.61,22.68,22.61,22.67,2450
2026-04-01 17:20:00,22.6698,22.67,22.66,22.67,1613
2026-04-01 17:25:00,22.59,22.65,22.59,22.65,500
2026-04-01 17:30:00,22.6649,22.67,22.6649,22.67,2000
2026-04-01 17:35:00,22.62,22.62,22.6,22.62,5562
2026-04-01 17:45:00,22.6,22.62,22.6,22.62,1200
2026-04-01 17:50:00,22.63,22.66,22.62,22.6548,6826
2026-04-01 17:55:00,22.62,22.62,22.62,22.62,1200
2026-04-01 18:00:00,22.67,22.7293,22.66,22.7293,6517
2026-04-01 18:05:00,22.72,22.97,22.72,22.75,26006
2026-04-01 18:10:00,22.71,22.74,22.69,22.74,14914
2026-04-01 18:15:00,22.7,22.7,22.63,22.6478,3753
2026-04-01 18:20:00,22.68,22.75,22.68,22.7,1583
2026-04-01 18:25:00,22.69,22.71,22.6652,22.67,3874
2026-04-01 18:30:00,22.65,22.65,22.58,22.6093,2058
2026-04-01 18:35:00,22.58,22.5801,22.52,22.5801,3571
2026-04-01 18:40:00,22.62,22.65,22.62,22.65,6248
2026-04-01 18:45:00,22.58,22.5805,22.51,22.52,7172
2026-04-01 18:50:00,22.54,22.54,22.5,22.54,2422
2026-04-01 18:55:00,22.5,22.52,22.5,22.5178,6764
2026-04-01 19:00:00,22.5561,22.56,22.52,22.52,1400
2026-04-01 19:05:00,22.46,22.46,22.3503,22.3503,14314
2026-04-01 19:10:00,22.36,22.3845,22.32,22.3299,4658
2026-04-01 19:15:00,22.3102,22.33,22.26,22.2922,13012
2026-04-01 19:20:00,22.28,22.28,22.2667,22.2667,290
2026-04-01 19:25:00,22.3592,22.3592,22.31,22.31,4618
2026-04-01 19:30:00,22.32,22.369,22.29,22.35,8857
2026-04-01 19:35:00,22.37,22.39,22.3699,22.38,4405
2026-04-01 19:40:00,22.35,22.38,22.35,22.38,3621
2026-04-01 19:45:00,22.4,22.48,22.4,22.45,4749
2026-04-01 19:50:00,22.48,22.54,22.48,22.54,4014
2026-04-01 19:55:00,22.51,22.56,22.5,22.51,6243
2026-04-02 04:00:00,24.4,25.9,24.37,24.72,824408
2026-04-02 04:05:00,24.73,24.86,24.73,24.85,26277
2026-04-02 04:10:00,24.83,24.85,24.7,24.7,29262
2026-04-02 04:15:00,24.71,24.75,24.68,24.73,7901
2026-04-02 04:20:00,24.74,24.86,24.71,24.76,21817
2026-04-02 04:25:00,24.78,24.86,24.77,24.83,13409
2026-04-02 04:30:00,24.81,24.81,24.71,24.76,6966
2026-04-02 04:35:00,24.73,24.81,24.73,24.81,5202
2026-04-02 04:40:00,24.8,24.8,24.74,24.76,6170
2026-04-02 04:45:00,24.74,24.86,24.73,24.835,26497
2026-04-02 04:50:00,24.85,24.94,24.845,24.93,10130
2026-04-02 04:55:00,24.91,24.97,24.88,24.93,27734
2026-04-02 05:00:00,24.94,25,24.9,25,15019
2026-04-02 05:05:00,25.02,25.05,24.955,24.955,11026
2026-04-02 05:10:00,24.99,25.03,24.9,24.94,15514
2026-04-02 05:15:00,24.92,24.925,24.81,24.83,12670
2026-04-02 05:20:00,24.82,24.87,24.77,24.83,6456
2026-04-02 05:25:00,24.84,24.92,24.81,24.9,6689
2026-04-02 05:30:00,24.91,24.95,24.89,24.89,12533
2026-04-02 05:35:00,24.91,24.99,24.91,24.94,9296
2026-04-02 05:40:00,24.93,24.97,24.9,24.97,7396
2026-04-02 05:45:00,24.98,24.98,24.95,24.97,4761
2026-04-02 05:50:00,24.98,25.01,24.98,25.01,12135
2026-04-02 05:55:00,25,25.07,24.96,25.07,28347
2026-04-02 06:00:00,25.07,25.08,24.975,25,9585
2026-04-02 06:05:00,24.98,25,24.905,24.97,9734
2026-04-02 06:10:00,24.92,25.01,24.92,24.995,4420
2026-04-02 06:15:00,25.05,25.16,25.01,25.135,15627
2026-04-02 06:20:00,25.11,25.32,25.11,25.27,14972
2026-04-02 06:25:00,25.21,25.27,25.16,25.27,26844
2026-04-02 06:30:00,25.27,25.27,25.2,25.25,19543
2026-04-02 06:35:00,25.28,25.3,25.24,25.26,14607
2026-04-02 06:40:00,25.26,25.31,25.13,25.14,14791
2026-04-02 06:45:00,25.2,25.22,25.11,25.11,3108
2026-04-02 06:50:00,25.11,25.23,25.11,25.14,7133
2026-04-02 06:55:00,25.14,25.16,25.04,25.04,8904
2026-04-02 07:00:00,25.05,25.17,25.04,25.05,89266
2026-04-02 07:05:00,25.0499,25.12,25.01,25.01,28920
2026-04-02 07:10:00,25.0403,25.05,24.98,25.0299,21839
2026-04-02 07:15:00,25.05,25.1,25.02,25.08,27925
2026-04-02 07:20:00,25.0704,25.11,25,25.0102,17801
2026-04-02 07:25:00,25.07,25.1203,24.99,25.11,20454
2026-04-02 07:30:00,25.13,25.24,25.1199,25.2,23561
2026-04-02 07:35:00,25.22,25.23,25.16,25.18,20482
2026-04-02 07:40:00,25.18,25.5098,25.18,25.4296,79810
2026-04-02 07:45:00,25.4,25.4695,25.3704,25.4,22803
2026-04-02 07:50:00,25.41,25.41,25.22,25.27,18444
2026-04-02 07:55:00,25.3,25.34,25.23,25.29,37316
2026-04-02 08:00:00,25.28,25.3303,25.1898,25.1898,21794
2026-04-02 08:05:00,25.18,25.34,25.13,25.3384,181496
2026-04-02 08:10:00,25.35,25.41,25.27,25.35,158447
2026-04-02 08:15:00,25.34,25.37,25.2,25.24,68552
2026-04-02 08:20:00,25.22,25.25,25.1095,25.12,39109
2026-04-02 08:25:00,25.1,25.2104,25.07,25.2101,61137
2026-04-02 08:30:00,25.2201,25.2694,25.19,25.22,16636
2026-04-02 08:35:00,25.21,25.32,25.1603,25.28,93384
2026-04-02 08:40:00,25.3,25.36,25.28,25.34,42014
2026-04-02 08:45:00,25.3394,25.36,25.26,25.31,39289
2026-04-02 08:50:00,25.275,25.3013,25.23,25.3,15598
2026-04-02 08:55:00,25.3,25.5113,25.29,25.5113,41749
2026-04-02 09:00:00,25.55,25.93,25.55,25.8501,275238
2026-04-02 09:05:00,25.84,25.84,25.44,25.54,52776
2026-04-02 09:10:00,25.56,25.76,25.55,25.69,21726
2026-04-02 09:15:00,25.6803,25.83,25.6503,25.82,176143
2026-04-02 09:20:00,25.84,25.84,25.55,25.7,29490
2026-04-02 09:25:00,25.75,25.8,25.55,25.56,6827
2026-04-02 09:30:00,25.58,25.58,25.38,25.49,432170
2026-04-02 09:35:00,25.49,25.58,25.432,25.46,182454
2026-04-02 09:40:00,25.48,25.59,25.3403,25.45,130095
2026-04-02 09:45:00,25.445,25.445,25.11,25.11,290011
2026-04-02 09:50:00,25.1,25.13,24.85,24.9401,150216
2026-04-02 09:55:00,24.97,25.01,24.8,24.88,103386
2026-04-02 10:00:00,24.87,25.03,24.81,24.945,132236
2026-04-02 10:05:00,24.94,24.95,24.74,24.74,95348
2026-04-02 10:10:00,24.75,24.79,24.61,24.68,113137
2026-04-02 10:15:00,24.69,24.82,24.67,24.695,67309
2026-04-02 10:20:00,24.705,24.75,24.56,24.6,50965
2026-04-02 10:25:00,24.595,24.68,24.52,24.625,126676
2026-04-02 10:30:00,24.64,24.69,24.43,24.43,84392
2026-04-02 10:35:00,24.44,24.44,23.83,24.2,362809
2026-04-02 10:40:00,24.19,24.2,23.86,23.96,153350
2026-04-02 10:45:00,23.96,24.11,23.9,24.06,267093
2026-04-02 10:50:00,24.05,24.295,24.05,24.185,143026
2026-04-02 10:55:00,24.16,24.17,23.99,24.02,70758
2026-04-02 11:00:00,24.04,24.385,24.035,24.23,88991
2026-04-02 11:05:00,24.245,24.36,24.155,24.3168,48603
2026-04-02 11:10:00,24.315,24.33,24.19,24.23,111880
2026-04-02 11:15:00,24.24,24.3,24.07,24.17,110336
2026-04-02 11:20:00,24.18,24.505,24.16,24.47,113508
2026-04-02 11:25:00,24.48,24.53,24.29,24.35,153792
2026-04-02 11:30:00,24.36,24.47,24.36,24.44,36328
2026-04-02 11:35:00,24.43,24.46,24.27,24.33,29965
2026-04-02 11:40:00,24.32,24.47,24.32,24.45,22730
2026-04-02 11:45:00,24.385,24.56,24.37,24.54,42555
2026-04-02 11:50:00,24.53,24.71,24.53,24.6298,97761
2026-04-02 11:55:00,24.63,24.689,24.52,24.6101,37606
2026-04-02 12:00:00,24.6,24.6,24.38,24.4,47820
2026-04-02 12:05:00,24.4121,24.58,24.39,24.58,60895
2026-04-02 12:10:00,24.5845,24.5845,24.46,24.48,22167
2026-04-02 12:15:00,24.48,24.53,24.42,24.52,48445
2026-04-02 12:20:00,24.52,24.65,24.5,24.5499,31838
2026-04-02 12:25:00,24.52,24.59,24.47,24.53,13218
2026-04-02 12:30:00,24.52,24.55,24.35,24.42,81831
2026-04-02 12:35:00,24.41,24.47,24.355,24.395,40285
2026-04-02 12:40:00,24.385,24.385,24.24,24.2701,44409
2026-04-02 12:45:00,24.25,24.3601,24.25,24.28,179128
2026-04-02 12:50:00,24.25,24.3,24.16,24.16,86399
2026-04-02 12:55:00,24.14,24.27,24.13,24.27,139932
2026-04-02 13:00:00,24.26,24.29,24.16,24.16,93370
2026-04-02 13:05:00,24.17,24.2,24.07,24.145,123873
2026-04-02 13:10:00,24.159,24.2,24.12,24.14,35794
2026-04-02 13:15:00,24.13,24.13,24.03,24.08,38778
2026-04-02 13:20:00,24.08,24.1,24.04,24.04,18546
2026-04-02 13:25:00,24.05,24.23,23.9599,24.23,51596
2026-04-02 13:30:00,24.23,24.32,24.205,24.26,21487
2026-04-02 13:35:00,24.28,24.35,24.27,24.3199,9763
2026-04-02 13:40:00,24.32,24.325,24.2101,24.26,44547
2026-04-02 13:45:00,24.27,24.35,24.23,24.34,10606
2026-04-02 13:50:00,24.36,24.38,24.33,24.35,11793
2026-04-02 13:55:00,24.36,24.36,24.28,24.34,20124
2026-04-02 14:00:00,24.35,24.35,24.28,24.33,10091
2026-04-02 14:05:00,24.28,24.3,24.1301,24.19,58102
2026-04-02 14:10:00,24.1999,24.2,24.12,24.1899,10972
2026-04-02 14:15:00,24.2,24.2,24.15,24.1899,4779
2026-04-02 14:20:00,24.175,24.22,24.175,24.22,4083
2026-04-02 14:25:00,24.27,24.32,24.23,24.24,11489
2026-04-02 14:30:00,24.2499,24.2499,24.15,24.17,16979
2026-04-02 14:35:00,24.1699,24.259,24.15,24.259,73441
2026-04-02 14:40:00,24.25,24.29,24.11,24.2,13932
2026-04-02 14:45:00,24.17,24.17,24.04,24.07,19092
2026-04-02 14:50:00,24.07,24.13,24.03,24.04,8814
2026-04-02 14:55:00,24.07,24.09,24.01,24.0262,20117
2026-04-02 15:00:00,24.02,24.07,23.9701,24.02,42232
2026-04-02 15:05:00,24.045,24.05,23.92,23.95,30665
2026-04-02 15:10:00,23.94,24.04,23.91,24.04,26484
2026-04-02 15:15:00,24.0498,24.12,24.0477,24.12,42578
2026-04-02 15:20:00,24.12,24.19,23.95,23.95,38586
2026-04-02 15:25:00,24.03,24.215,24.01,24.215,33024
2026-04-02 15:30:00,24.21,24.28,24.21,24.24,18523
2026-04-02 15:35:00,24.2469,24.27,24.2,24.22,41387
2026-04-02 15:40:00,24.23,24.2399,24.14,24.18,17700
2026-04-02 15:45:00,24.185,24.19,24.13,24.159,30344
2026-04-02 15:50:00,24.158,24.158,24.06,24.085,78731
2026-04-02 15:55:00,24.08,24.09,24.0128,24.085,79042
2026-04-02 16:00:00,24.09,24.1,24.06,24.07,24011
2026-04-02 16:05:00,24.05,24.08,24.05,24.06,4277
2026-04-02 16:10:00,24.05,24.06,24.02,24.0599,6726
2026-04-02 16:15:00,24.06,24.09,24.05,24.08,8654
2026-04-02 16:20:00,24.07,24.1276,24.07,24.08,4080
2026-04-02 16:25:00,24,24.01,23.9966,24.01,8040
2026-04-02 16:30:00,24,24.009,23.9,23.9,16144
2026-04-02 16:35:00,23.91,23.91,23.88,23.8801,5659
2026-04-02 16:40:00,23.89,23.95,23.89,23.95,6936
2026-04-02 16:45:00,23.8999,23.8999,23.8626,23.884,3600
2026-04-02 16:50:00,23.9293,23.9293,23.9008,23.9161,3098
2026-04-02 16:55:00,23.9008,23.9174,23.85,23.85,13572
2026-04-02 17:00:00,23.8799,23.9,23.8799,23.88,2550
2026-04-02 17:15:00,23.9,23.9189,23.9,23.9189,5074
2026-04-02 17:20:00,23.9183,23.92,23.9183,23.92,26758
2026-04-02 17:25:00,23.92,23.92,23.92,23.92,775
2026-04-02 17:30:00,23.92,23.92,23.89,23.91,2332
2026-04-02 17:35:00,23.91,23.93,23.9,23.93,2174
2026-04-02 17:40:00,23.9,23.93,23.9,23.93,1849
2026-04-02 17:45:00,23.8546,23.8546,23.8546,23.8546,200
2026-04-02 17:55:00,23.9344,23.9344,23.9,23.91,1755
2026-04-02 18:05:00,23.9,23.91,23.88,23.88,2952
2026-04-02 18:15:00,23.9002,23.9002,23.88,23.88,1900
2026-04-02 18:20:00,23.8812,23.8812,23.8812,23.8812,200
2026-04-02 18:25:00,23.92,23.92,23.92,23.92,100
2026-04-02 18:30:00,23.92,23.92,23.9,23.9,200
2026-04-02 18:35:00,23.9,23.9,23.8901,23.8901,590
2026-04-02 18:40:00,23.8931,23.9203,23.8906,23.9,1537
2026-04-02 18:45:00,23.92,23.92,23.92,23.92,200
2026-04-02 18:50:00,23.92,23.92,23.9006,23.9006,3645
2026-04-02 18:55:00,23.9017,23.92,23.9017,23.91,4300
2026-04-02 19:00:00,23.91,23.92,23.9,23.92,7851
2026-04-02 19:05:00,23.91,23.92,23.9,23.92,14623
2026-04-02 19:10:00,23.9,23.9,23.9,23.9,1500
2026-04-02 19:15:00,23.8914,23.93,23.8914,23.9203,3725
2026-04-02 19:20:00,23.9203,23.94,23.9203,23.9316,3664
2026-04-02 19:25:00,23.99,23.99,23.99,23.99,1000
2026-04-02 19:30:00,24.04,24.05,24.0254,24.04,17623
2026-04-02 19:35:00,24.04,24.0743,24.04,24.0743,1100
2026-04-02 19:40:00,24.02,24.02,24.02,24.02,426
2026-04-02 19:45:00,24.05,24.05,24.05,24.05,420
2026-04-02 19:50:00,24.07,24.1,24.04,24.1,8384
2026-04-02 19:55:00,24.09,24.09,24.09,24.09,650
2026-04-02 20:00:00,24.09,24.09,24.09,24.09,650
2026-04-06 04:00:00,24.16,24.67,24,24.01,165325
2026-04-06 04:05:00,24.0017,24.2,24,24.18,59764
2026-04-06 04:10:00,24.18,24.19,24.09,24.09,22286
2026-04-06 04:15:00,24.1,24.11,24.05,24.11,10383
2026-04-06 04:20:00,24.1,24.1,23.98,23.98,10900
2026-04-06 04:25:00,23.98,24.01,23.9,23.97,21142
2026-04-06 04:30:00,23.97,24,23.9,23.9,8860
2026-04-06 04:35:00,23.9,23.92,23.85,23.89,5106
2026-04-06 04:40:00,23.88,23.88,23.82,23.83,10623
2026-04-06 04:45:00,23.83,23.83,23.74,23.74,15318
2026-04-06 04:50:00,23.75,23.82,23.75,23.8,2081
2026-04-06 04:55:00,23.78,23.79,23.75,23.75,1855
2026-04-06 05:00:00,23.7,23.7,23.6,23.61,3406
2026-04-06 05:05:00,23.63,23.64,23.62,23.62,6182
2026-04-06 05:10:00,23.61,23.62,23.58,23.58,10725
2026-04-06 05:15:00,23.58,23.62,23.5,23.61,8462
2026-04-06 05:20:00,23.6,23.6,23.51,23.56,4263
2026-04-06 05:25:00,23.53,23.59,23.53,23.54,2255
2026-04-06 05:30:00,23.5,23.55,23.5,23.5,3679
2026-04-06 05:35:00,23.5,23.52,23.5,23.52,2000
2026-04-06 05:40:00,23.55,23.59,23.5,23.5,11452
2026-04-06 05:45:00,23.52,23.61,23.52,23.61,1785
2026-04-06 05:50:00,23.7,23.79,23.65,23.77,28323
2026-04-06 05:55:00,23.79,23.85,23.77,23.8,7805
2026-04-06 06:00:00,23.82,23.82,23.71,23.71,8610
2026-04-06 06:05:00,23.76,23.81,23.75,23.81,782
2026-04-06 06:10:00,23.69,23.82,23.69,23.82,970
2026-04-06 06:15:00,23.8,23.82,23.78,23.82,2542
2026-04-06 06:20:00,23.78,23.78,23.78,23.78,100
2026-04-06 06:25:00,23.83,23.88,23.83,23.86,2074
2026-04-06 06:30:00,23.8014,23.81,23.79,23.79,528
2026-04-06 06:35:00,23.8,23.8,23.69,23.69,3590
2026-04-06 06:40:00,23.69,23.72,23.69,23.72,1111
2026-04-06 06:45:00,23.71,23.89,23.71,23.83,5744
2026-04-06 06:50:00,23.71,23.71,23.67,23.67,1629
2026-04-06 06:55:00,23.7,23.72,23.7,23.72,2048
2026-04-06 07:00:00,23.7148,23.7148,23.57,23.5712,28311
2026-04-06 07:05:00,23.6,23.61,23.52,23.61,7845
2026-04-06 07:10:00,23.61,23.68,23.6,23.67,15935
2026-04-06 07:15:00,23.67,23.72,23.65,23.6502,15893
2026-04-06 07:20:00,23.68,23.75,23.68,23.75,1537
2026-04-06 07:25:00,23.7,23.76,23.7,23.76,2861
2026-04-06 07:30:00,23.7,23.7,23.64,23.7,39686
2026-04-06 07:35:00,23.71,23.71,23.58,23.61,48252
2026-04-06 07:40:00,23.62,23.62,23.5997,23.6,2238
2026-04-06 07:45:00,23.66,23.72,23.66,23.7,12423
2026-04-06 07:50:00,23.69,23.7191,23.65,23.65,4216
2026-04-06 07:55:00,23.63,23.69,23.61,23.69,16445
2026-04-06 08:00:00,23.68,23.68,23.56,23.57,8814
2026-04-06 08:05:00,23.57,23.6,23.48,23.6,12384
2026-04-06 08:10:00,23.59,23.74,23.59,23.74,13029
2026-04-06 08:15:00,23.735,23.78,23.735,23.77,17326
2026-04-06 08:20:00,23.75,23.88,23.75,23.84,22951
2026-04-06 08:25:00,23.9,23.96,23.87,23.88,23407
2026-04-06 08:30:00,23.85,23.85,23.7,23.7,19668
2026-04-06 08:35:00,23.7,23.7,23.579,23.5798,10389
2026-04-06 08:40:00,23.59,23.65,23.59,23.6298,3429
2026-04-06 08:45:00,23.61,23.66,23.6,23.66,2540
2026-04-06 08:50:00,23.68,23.8103,23.68,23.76,10721
2026-04-06 08:55:00,23.8,23.85,23.8,23.82,19083
2026-04-06 09:00:00,23.84,23.8601,23.79,23.8415,23471
2026-04-06 09:05:00,23.9,23.99,23.9,23.96,99225
2026-04-06 09:10:00,23.87,23.95,23.86,23.95,13246
2026-04-06 09:15:00,23.96,24.11,23.94,24.1,10219
2026-04-06 09:20:00,24.1261,24.17,24,24,42052
2026-04-06 09:25:00,23.99,24.06,23.95,23.95,10850
2026-04-06 09:30:00,24.06,24.09,23.87,24,106616
2026-04-06 09:35:00,23.98,24.24,23.94,24.15,59408
2026-04-06 09:40:00,24.14,24.25,24.03,24.25,89049
2026-04-06 09:45:00,24.27,24.38,24.1278,24.3301,82352
2026-04-06 09:50:00,24.34,24.34,24.03,24.03,28332
2026-04-06 09:55:00,24.01,24.12,24,24.09,28397
2026-04-06 10:00:00,24.05,24.33,23.86,24.3001,108865
2026-04-06 10:05:00,24.32,24.4,24.21,24.26,111125
2026-04-06 10:10:00,24.25,24.44,24.16,24.18,51520
2026-04-06 10:15:00,24.16,24.25,24.12,24.13,70330
2026-04-06 10:20:00,24.11,24.15,23.99,24.015,146759
2026-04-06 10:25:00,24.02,24.07,23.97,23.985,11197
2026-04-06 10:30:00,23.98,24.07,23.9466,23.98,20615
2026-04-06 10:35:00,23.985,24.2301,23.91,24.12,96750
2026-04-06 10:40:00,24.1,24.14,23.9,24.05,47922
2026-04-06 10:45:00,24.07,24.16,24.06,24.1499,48010
2026-04-06 10:50:00,24.13,24.18,23.97,24.005,96175
2026-04-06 10:55:00,24.0101,24.09,23.95,24.0237,19700
2026-04-06 11:00:00,24.09,24.33,24.09,24.25,93100
2026-04-06 11:05:00,24.28,24.3497,24.2001,24.265,21667
2026-04-06 11:10:00,24.27,24.41,24.265,24.3699,45079
2026-04-06 11:15:00,24.3444,24.56,24.31,24.3803,98850
2026-04-06 11:20:00,24.38,24.43,24.355,24.4299,28575
2026-04-06 11:25:00,24.43,24.5,24.31,24.33,30179
2026-04-06 11:30:00,24.32,24.33,24.19,24.23,27108
2026-04-06 11:35:00,24.19,24.44,24.1704,24.42,39321
2026-04-06 11:40:00,24.38,24.49,24.37,24.38,17839
2026-04-06 11:45:00,24.41,24.41,24.25,24.27,19781
2026-04-06 11:50:00,24.28,24.28,24.17,24.185,15880
2026-04-06 11:55:00,24.21,24.23,24.17,24.17,18687
2026-04-06 12:00:00,24.17,24.18,24.11,24.17,12254
2026-04-06 12:05:00,24.2,24.205,24.145,24.18,33323
2026-04-06 12:10:00,24.19,24.2,24.08,24.1,15469
2026-04-06 12:15:00,24.105,24.18,24.09,24.15,129947
2026-04-06 12:20:00,24.15,24.16,24.09,24.105,25075
2026-04-06 12:25:00,24.1,24.16,24.09,24.12,23589
2026-04-06 12:30:00,24.16,24.16,24.12,24.145,9591
2026-04-06 12:35:00,24.12,24.15,24.05,24.15,15346
2026-04-06 12:40:00,24.15,24.15,24.09,24.14,11654
2026-04-06 12:45:00,24.145,24.15,24.07,24.07,39529
2026-04-06 12:50:00,24.07,24.16,24.06,24.1499,13331
2026-04-06 12:55:00,24.14,24.22,24.14,24.2,23079
2026-04-06 13:00:00,24.2,24.31,24.1906,24.21,38387
2026-04-06 13:05:00,24.23,24.23,24.18,24.2,16824
2026-04-06 13:10:00,24.16,24.44,24.15,24.31,45254
2026-04-06 13:15:00,24.3,24.47,24.27,24.315,34198
2026-04-06 13:20:00,24.29,24.29,23.99,24.03,58235
2026-04-06 13:25:00,24.04,24.0503,23.9501,24.02,73997
2026-04-06 13:30:00,24.03,24.09,23.9,23.945,57657
2026-04-06 13:35:00,23.9699,23.99,23.9501,23.9799,45872
2026-04-06 13:40:00,23.98,24.07,23.98,24.015,48658
2026-04-06 13:45:00,24.015,24.09,24.015,24.08,6318
2026-04-06 13:50:00,24.06,24.1,24.04,24.1,34930
2026-04-06 13:55:00,24.07,24.12,24.06,24.12,14167
2026-04-06 14:00:00,24.13,24.2,24.1,24.16,2596
2026-04-06 14:05:00,24.17,24.18,24.07,24.0873,10313
2026-04-06 14:10:00,24.08,24.08,23.83,23.98,99933
2026-04-06 14:15:00,23.9727,24,23.85,23.86,14044
2026-04-06 14:20:00,23.8799,23.955,23.855,23.86,73605
2026-04-06 14:25:00,23.88,23.94,23.81,23.89,28832
2026-04-06 14:30:00,23.88,23.91,23.81,23.895,30395
2026-04-06 14:35:00,23.8899,24.0302,23.8899,24.03,14085
2026-04-06 14:40:00,24.04,24.04,23.99,23.99,27058
2026-04-06 14:45:00,24,24,23.94,23.97,38651
2026-04-06 14:50:00,23.965,23.965,23.92,23.92,1460
2026-04-06 14:55:00,23.905,23.92,23.7808,23.79,11119
2026-04-06 15:00:00,23.78,23.84,23.77,23.8,62396
2026-04-06 15:05:00,23.79,23.9201,23.76,23.915,17952
2026-04-06 15:10:00,23.9,23.9,23.86,23.8893,29988
2026-04-06 15:15:00,23.87,23.95,23.87,23.9201,12346
2026-04-06 15:20:00,23.92,23.94,23.89,23.94,11699
2026-04-06 15:25:00,23.95,23.95,23.91,23.93,6048
2026-04-06 15:30:00,23.87,23.9,23.86,23.86,6633
2026-04-06 15:35:00,23.86,23.89,23.86,23.885,7359
2026-04-06 15:40:00,23.885,23.95,23.87,23.87,35724
2026-04-06 15:45:00,23.86,23.86,23.81,23.815,46111
2026-04-06 15:50:00,23.81,23.88,23.8,23.87,88276
2026-04-06 15:55:00,23.87,23.909,23.8501,23.885,59626
2026-04-06 16:00:00,23.88,23.91,23.88,23.91,1002
2026-04-06 16:05:00,23.89,23.9561,23.89,23.9561,5944
2026-04-06 16:10:00,23.9,23.9,23.89,23.9,1420
2026-04-06 16:15:00,23.8902,23.9,23.8902,23.9,1584
2026-04-06 16:20:00,23.89,23.899,23.88,23.88,5870
2026-04-06 16:25:00,23.85,23.85,23.85,23.85,460
2026-04-06 16:30:00,23.88,23.88,23.87,23.87,792
2026-04-06 16:35:00,23.8892,23.96,23.88,23.96,6429
2026-04-06 16:40:00,23.97,24,23.97,23.98,4546
2026-04-06 16:45:00,23.93,23.99,23.92,23.99,1834
2026-04-06 16:50:00,23.9704,23.99,23.97,23.99,23033
2026-04-06 16:55:00,24,24.04,24,24.04,5650
2026-04-06 17:00:00,24.04,24.04,24.02,24.02,770
2026-04-06 17:10:00,24.01,24.0101,24.01,24.0101,200
2026-04-06 17:15:00,24.02,24.02,24.02,24.02,1000
2026-04-06 17:20:00,24.03,24.04,24.03,24.03,944
2026-04-06 17:30:00,24.03,24.05,23.99,23.99,2250
2026-04-06 17:35:00,23.98,23.99,23.98,23.985,4908
2026-04-06 17:40:00,23.95,23.95,23.95,23.95,131
2026-04-06 17:45:00,23.99,23.99,23.9899,23.9899,336
2026-04-06 17:55:00,24.06,24.06,24.06,24.06,949
2026-04-06 18:00:00,24.06,24.06,23.79,23.79,5686
2026-04-06 18:05:00,23.81,23.81,23.79,23.81,1270
2026-04-06 18:10:00,23.85,23.86,23.7,23.75,5228
2026-04-06 18:15:00,23.82,23.82,23.75,23.82,4702
2026-04-06 18:20:00,23.84,23.84,23.84,23.84,100
2026-04-06 18:30:00,23.81,23.85,23.81,23.85,688
2026-04-06 18:45:00,23.89,23.89,23.89,23.89,120
2026-04-06 18:50:00,23.87,23.96,23.86,23.96,1133
2026-04-06 19:00:00,23.93,23.93,23.9,23.9,250
2026-04-06 19:05:00,23.88,23.9,23.83,23.88,3706
2026-04-06 19:10:00,23.8835,23.8835,23.86,23.86,200
2026-04-06 19:15:00,23.87,23.87,23.87,23.87,300
2026-04-06 19:20:00,23.94,23.95,23.91,23.92,3160
2026-04-06 19:25:00,23.97,24,23.97,23.9708,715
2026-04-06 19:30:00,24,24,24,24,375
2026-04-06 19:35:00,23.981,24.04,23.981,24.04,2527
2026-04-06 19:40:00,23.99,24.06,23.99,24.06,7270
2026-04-06 19:45:00,24.01,24.05,23.98,23.98,1250
2026-04-06 19:50:00,24,24,23.9125,23.96,6168
2026-04-06 19:55:00,23.95,23.95,23.92,23.92,1200
2026-04-07 04:00:00,24.35,24.64,23.65,24.18,246364
2026-04-07 04:05:00,24.3,24.31,24.3,24.3,3736
2026-04-07 04:10:00,24.3,24.3,24.13,24.14,8789
2026-04-07 04:15:00,24.11,24.14,24.07,24.12,9013
2026-04-07 04:20:00,24.1,24.11,23.88,23.88,15202
2026-04-07 04:25:00,23.89,24.03,23.88,24.02,12997
2026-04-07 04:30:00,24.04,24.07,23.92,23.98,18312
2026-04-07 04:35:00,24,24,23.91,23.93,5596
2026-04-07 04:40:00,23.95,23.98,23.95,23.95,2067
2026-04-07 04:45:00,23.9,23.99,23.89,23.98,5912
2026-04-07 04:50:00,23.97,23.99,23.96,23.96,2038
2026-04-07 04:55:00,23.95,23.99,23.92,23.92,2888
2026-04-07 05:00:00,23.93,23.93,23.89,23.92,3965
2026-04-07 05:05:00,23.9,23.95,23.9,23.95,1575
2026-04-07 05:10:00,23.9,23.91,23.85,23.88,4200
2026-04-07 05:15:00,23.9,23.96,23.83,23.88,2775
2026-04-07 05:20:00,23.9,23.9,23.85,23.85,753
2026-04-07 05:25:00,23.85,23.93,23.76,23.87,11765
2026-04-07 05:30:00,23.8,23.92,23.8,23.91,23031
2026-04-07 05:35:00,23.91,23.98,23.91,23.97,12464
2026-04-07 05:40:00,23.98,24.12,23.98,24.12,11071
2026-04-07 05:45:00,24.11,24.22,24.11,24.17,40229
2026-04-07 05:50:00,24.2,24.22,24.12,24.13,38182
2026-04-07 05:55:00,24.09,24.09,24,24.02,10673
2026-04-07 06:00:00,24.03,24.08,24.02,24.03,9132
2026-04-07 06:05:00,24.08,24.08,24,24.02,1679
2026-04-07 06:10:00,24.02,24.3,24.02,24.03,16216
2026-04-07 06:15:00,24,24.03,24,24.03,1085
2026-04-07 06:20:00,24.08,24.15,24.08,24.14,975
2026-04-07 06:25:00,24.14,24.38,24.14,24.26,14937
2026-04-07 06:30:00,24.25,24.31,24.19,24.31,2013
2026-04-07 06:35:00,24.31,24.31,24.29,24.29,200
2026-04-07 06:40:00,24.32,24.5,24.32,24.5,11761
2026-04-07 06:45:00,24.36,24.58,24.36,24.58,7136
2026-04-07 06:50:00,24.55,24.55,24.48,24.55,23560
2026-04-07 06:55:00,24.49,24.52,24.45,24.52,6140
2026-04-07 07:00:00,24.46,24.52,24.44,24.5108,19311
2026-04-07 07:05:00,24.4606,24.57,24.42,24.48,4792
2026-04-07 07:10:00,24.5,24.65,24.49,24.6,14229
2026-04-07 07:15:00,24.6,24.73,24.56,24.56,11970
2026-04-07 07:20:00,24.55,24.57,24.49,24.51,12368
2026-04-07 07:25:00,24.5,24.53,24.43,24.52,14172
2026-04-07 07:30:00,24.53,24.57,24.53,24.57,3734
2026-04-07 07:35:00,24.59,24.59,24.42,24.52,8484
2026-04-07 07:40:00,24.52,24.53,24.41,24.41,2801
2026-04-07 07:45:00,24.42,24.49,24.41,24.49,2152
2026-04-07 07:50:00,24.48,24.48,24.45,24.45,5000
2026-04-07 07:55:00,24.46,24.46,24.46,24.46,2609
2026-04-07 08:00:00,24.45,24.47,24.4199,24.45,2427
2026-04-07 08:05:00,24.47,24.53,24.34,24.51,16183
2026-04-07 08:10:00,24.44,24.56,24.42,24.53,3570
2026-04-07 08:15:00,24.53,24.58,24.4394,24.4394,2173
2026-04-07 08:20:00,24.4,24.41,24.38,24.4,4220
2026-04-07 08:25:00,24.33,24.35,24.26,24.29,9451
2026-04-07 08:30:00,24.32,24.41,24.28,24.41,4066
2026-04-07 08:35:00,24.43,24.43,24.33,24.37,3723
2026-04-07 08:40:00,24.37,24.41,24.37,24.4,4231
2026-04-07 08:45:00,24.48,24.6797,24.48,24.6797,55913
2026-04-07 08:50:00,24.67,24.91,24.63,24.75,25094
2026-04-07 08:55:00,24.6913,24.6913,24.44,24.6297,22700
2026-04-07 09:00:00,24.62,24.73,24.55,24.73,16705
2026-04-07 09:05:00,24.64,24.64,24.4487,24.48,9430
2026-04-07 09:10:00,24.5,24.51,24.45,24.51,4573
2026-04-07 09:15:00,24.52,24.58,24.46,24.58,12396
2026-04-07 09:20:00,24.57,24.5703,24.4,24.4187,19485
2026-04-07 09:25:00,24.4397,24.47,24.3607,24.47,11713
2026-04-07 09:30:00,24.49,24.67,24.39,24.585,73869
2026-04-07 09:35:00,24.62,24.7401,24.62,24.73,68232
2026-04-07 09:40:00,24.715,25.1,24.71,25.0484,144619
2026-04-07 09:45:00,25.05,25.05,24.86,24.99,119134
2026-04-07 09:50:00,24.9699,25.035,24.89,24.96,53510
2026-04-07 09:55:00,24.94,25.02,24.83,25,91746
2026-04-07 10:00:00,24.98,25.485,24.95,25.47,138085
2026-04-07 10:05:00,25.49,25.825,25.42,25.82,160142
2026-04-07 10:10:00,25.79,25.81,25.58,25.6799,93903
2026-04-07 10:15:00,25.67,26.05,25.6,25.905,120578
2026-04-07 10:20:00,25.91,26.06,25.405,25.405,148986
2026-04-07 10:25:00,25.41,25.44,25.25,25.43,117684
2026-04-07 10:30:00,25.42,25.4617,25.175,25.185,71320
2026-04-07 10:35:00,25.2,25.25,25.09,25.15,58806
2026-04-07 10:40:00,25.15,25.25,25.13,25.24,78952
2026-04-07 10:45:00,25.25,25.26,25.06,25.2,77327
2026-04-07 10:50:00,25.19,25.29,25.12,25.17,28466
2026-04-07 10:55:00,25.22,25.4,25.22,25.39,33129
2026-04-07 11:00:00,25.41,25.57,25.4014,25.51,111316
2026-04-07 11:05:00,25.51,25.6899,25.51,25.64,87708
2026-04-07 11:10:00,25.63,25.665,25.47,25.52,47679
2026-04-07 11:15:00,25.5,25.5,25.26,25.415,68769
2026-04-07 11:20:00,25.42,25.42,25.29,25.35,25471
2026-04-07 11:25:00,25.34,25.38,25.1601,25.1901,46057
2026-04-07 11:30:00,25.19,25.19,25.05,25.16,133745
2026-04-07 11:35:00,25.15,25.2,25.11,25.17,116751
2026-04-07 11:40:00,25.185,25.2601,25.14,25.15,66183
2026-04-07 11:45:00,25.18,25.21,25.055,25.09,19683
2026-04-07 11:50:00,25.09,25.1301,25.03,25.07,31579
2026-04-07 11:55:00,25.06,25.07,24.92,24.999,173771
2026-04-07 12:00:00,25,25.01,24.705,24.76,72119
2026-04-07 12:05:00,24.79,24.97,24.775,24.96,99132
2026-04-07 12:10:00,24.94,24.98,24.91,24.95,54271
2026-04-07 12:15:00,24.95,24.98,24.91,24.9499,76965
2026-04-07 12:20:00,24.95,25.01,24.75,24.88,66466
2026-04-07 12:25:00,24.91,24.94,24.8,24.845,38495
2026-04-07 12:30:00,24.81,24.88,24.725,24.725,181121
2026-04-07 12:35:00,24.73,24.825,24.73,24.82,53668
2026-04-07 12:40:00,24.82,24.8716,24.795,24.8,102925
2026-04-07 12:45:00,24.8,24.8,24.68,24.72,62819
2026-04-07 12:50:00,24.72,24.79,24.715,24.74,38853
2026-04-07 12:55:00,24.72,24.83,24.72,24.7973,25508
2026-04-07 13:00:00,24.82,24.85,24.66,24.6638,38018
2026-04-07 13:05:00,24.665,24.665,24.5307,24.5801,49895
2026-04-07 13:10:00,24.6,24.66,24.6,24.63,42895
2026-04-07 13:15:00,24.64,24.7,24.61,24.69,14430
2026-04-07 13:20:00,24.71,24.765,24.68,24.7,55369
2026-04-07 13:25:00,24.71,24.71,24.6,24.67,47278
2026-04-07 13:30:00,24.66,24.66,24.47,24.48,86156
2026-04-07 13:35:00,24.4816,24.4816,24.29,24.385,131502
2026-04-07 13:40:00,24.38,24.5,24.34,24.4911,91212
2026-04-07 13:45:00,24.5,24.51,24.41,24.44,57563
2026-04-07 13:50:00,24.44,24.44,24.39,24.41,3741
2026-04-07 13:55:00,24.42,24.51,24.42,24.49,23755
2026-04-07 14:00:00,24.4999,24.4999,24.42,24.43,6251
2026-04-07 14:05:00,24.41,24.52,24.41,24.48,25385
2026-04-07 14:10:00,24.49,24.53,24.45,24.4503,34245
2026-04-07 14:15:00,24.44,24.479,24.42,24.46,38780
2026-04-07 14:20:00,24.41,24.515,24.3999,24.515,12032
2026-04-07 14:25:00,24.51,24.56,24.5,24.51,57555
2026-04-07 14:30:00,24.5075,24.54,24.47,24.48,23560
2026-04-07 14:35:00,24.47,24.5251,24.47,24.49,52144
2026-04-07 14:40:00,24.5,24.62,24.5,24.6098,39521
2026-04-07 14:45:00,24.6,24.68,24.56,24.68,60880
2026-04-07 14:50:00,24.655,24.779,24.655,24.779,36343
2026-04-07 14:55:00,24.78,25.0099,24.78,24.94,93659
2026-04-07 15:00:00,24.95,25.02,24.87,24.91,38069
2026-04-07 15:05:00,24.915,24.99,24.825,24.92,28290
2026-04-07 15:10:00,24.93,24.93,24.81,24.84,51392
2026-04-07 15:15:00,24.84,24.84,24.55,24.56,39656
2026-04-07 15:20:00,24.56,24.59,24.18,24.38,156419
2026-04-07 15:25:00,24.47,24.49,24.37,24.37,51429
2026-04-07 15:30:00,24.38,24.46,24.295,24.3099,17623
2026-04-07 15:35:00,24.31,24.365,24.25,24.325,45375
2026-04-07 15:40:00,24.3199,24.34,24.26,24.32,14476
2026-04-07 15:45:00,24.28,24.29,23.78,23.89,205097
2026-04-07 15:50:00,23.89,23.99,23.8,23.935,58077
2026-04-07 15:55:00,23.95,23.9997,23.86,23.97,31486
2026-04-07 16:00:00,23.96,23.97,23.7713,23.78,24435
2026-04-07 16:05:00,23.81,24.02,23.8,23.95,14582
2026-04-07 16:10:00,23.9,23.9361,23.89,23.91,12150
2026-04-07 16:15:00,23.9353,23.9353,23.83,23.9207,12684
2026-04-07 16:20:00,23.91,23.9187,23.9,23.9,13857
2026-04-07 16:25:00,23.89,23.91,23.8,23.8408,3259
2026-04-07 16:30:00,23.8291,23.91,23.8291,23.87,1401
2026-04-07 16:35:00,23.88,23.9639,23.85,23.93,7292
2026-04-07 16:40:00,23.94,23.94,23.7738,23.7801,10614
2026-04-07 16:45:00,23.9,23.9,23.81,23.839,4192
2026-04-07 16:50:00,23.83,23.87,23.82,23.8694,4503
2026-04-07 16:55:00,23.83,23.86,23.82,23.83,6881
2026-04-07 17:00:00,23.84,23.86,23.84,23.86,225
2026-04-07 17:05:00,23.84,23.8996,23.84,23.8996,484
2026-04-07 17:10:00,23.9,23.9,23.83,23.8608,2034
2026-04-07 17:15:00,23.83,23.87,23.83,23.87,1188
2026-04-07 17:20:00,23.84,23.84,23.84,23.84,400
2026-04-07 17:25:00,23.83,23.84,23.83,23.83,1673
2026-04-07 17:30:00,23.83,23.83,23.83,23.83,200
2026-04-07 17:35:00,23.7862,23.7862,23.7862,23.7862,600
2026-04-07 17:40:00,23.85,23.85,23.85,23.85,400
2026-04-07 17:45:00,23.83,23.83,23.83,23.83,775
2026-04-07 17:50:00,23.89,23.9,23.89,23.9,1750
2026-04-07 17:55:00,23.88,23.9,23.88,23.9,350
2026-04-07 18:00:00,23.76,23.86,23.179,23.35,38333
2026-04-07 18:05:00,23.4,23.4,23,23.1001,27114
2026-04-07 18:10:00,23.13,23.4199,23.13,23.2621,8279
2026-04-07 18:15:00,23.25,23.36,23.25,23.34,4623
2026-04-07 18:20:00,23.3152,23.387,23.3007,23.34,5880
2026-04-07 18:25:00,23.33,23.35,23.25,23.26,3543
2026-04-07 18:30:00,23.2589,23.52,22.86,22.99,28617
2026-04-07 18:35:00,22.91,22.91,22.5,22.51,35157
2026-04-07 18:40:00,22.52,22.5402,22.328,22.37,19175
2026-04-07 18:45:00,22.3519,22.59,22.31,22.54,8912
2026-04-07 18:50:00,22.53,22.53,22.2487,22.2487,20750
2026-04-07 18:55:00,22.24,22.2599,21.7291,21.86,73243
2026-04-07 19:00:00,21.82,21.8517,21.25,21.28,33938
2026-04-07 19:05:00,21.25,21.6,21.25,21.43,44143
2026-04-07 19:10:00,21.45,21.5,21.29,21.46,18469
2026-04-07 19:15:00,21.48,21.64,21.32,21.45,189161
2026-04-07 19:20:00,21.4,21.4,21.08,21.1513,70669
2026-04-07 19:25:00,21.19,21.4,21.14,21.35,81326
2026-04-07 19:30:00,21.35,21.53,21.33,21.48,117510
2026-04-07 19:35:00,21.49,21.53,21.4,21.4,47093
2026-04-07 19:40:00,21.42,21.7235,21.42,21.69,23742
2026-04-07 19:45:00,21.6699,21.6886,21.5452,21.5699,19529
2026-04-07 19:50:00,21.54,21.5791,21.4093,21.4093,14946
2026-04-07 19:55:00,21.4667,21.62,21.4,21.4,17370
2026-04-07 20:00:00,21.4,21.4,21.3,21.3,25300
2026-04-08 04:00:00,21.29,21.55,20.7,21.23,206275
2026-04-08 04:05:00,21.26,21.3,20.73,21.24,11024
2026-04-08 04:10:00,21.25,21.29,21.23,21.23,2528
2026-04-08 04:15:00,21.23,21.23,21.15,21.16,5795
2026-04-08 04:20:00,21.15,21.3,21.13,21.3,3397
2026-04-08 04:25:00,21.31,21.38,21.31,21.33,4871
2026-04-08 04:30:00,21.27,21.32,21.27,21.27,1241
2026-04-08 04:35:00,21.28,21.28,21.2,21.24,4189
2026-04-08 04:40:00,21.2,21.44,21.2,21.42,6007
2026-04-08 04:45:00,21.42,21.42,21.36,21.38,2057
2026-04-08 04:50:00,21.355,21.36,21.29,21.29,1779
2026-04-08 04:55:00,21.29,21.29,21.24,21.24,8897
2026-04-08 05:00:00,21.22,21.22,21.11,21.12,7104
2026-04-08 05:05:00,21.15,21.15,21.07,21.1,6296
2026-04-08 05:10:00,21.09,21.1,21.06,21.06,3238
2026-04-08 05:15:00,21.05,21.1,21.05,21.08,10698
2026-04-08 05:20:00,21.08,21.08,21,21,15594
2026-04-08 05:25:00,20.99,21.12,20.99,21.12,2907
2026-04-08 05:30:00,21.18,21.2,21.18,21.2,1764
2026-04-08 05:35:00,21.23,21.24,21.14,21.15,11952
2026-04-08 05:40:00,21.19,21.3,21.19,21.3,5682
2026-04-08 05:45:00,21.29,21.35,21.29,21.29,7674
2026-04-08 05:50:00,21.29,21.29,21.14,21.21,5627
2026-04-08 05:55:00,21.22,21.26,21.22,21.26,3538
2026-04-08 06:00:00,21.33,21.35,21.21,21.22,9574
2026-04-08 06:05:00,21.24,21.26,21.18,21.18,2700
2026-04-08 06:10:00,21.15,21.16,21.14,21.16,2516
2026-04-08 06:15:00,21.3,21.4,21.29,21.29,3600
2026-04-08 06:20:00,21.32,21.34,21.26,21.26,1789
2026-04-08 06:25:00,21.26,21.3,21.21,21.22,5221
2026-04-08 06:30:00,21.22,21.24,21.19,21.24,1289
2026-04-08 06:35:00,21.21,21.21,21.16,21.16,3100
2026-04-08 06:40:00,21.15,21.23,21.15,21.21,7542
2026-04-08 06:45:00,21.16,21.17,21.16,21.17,3835
2026-04-08 06:50:00,21.17,21.21,21.17,21.18,1210
2026-04-08 06:55:00,21.16,21.24,21.16,21.24,7372
2026-04-08 07:00:00,21.27,21.3,21.24,21.25,32204
2026-04-08 07:05:00,21.25,21.31,21.24,21.26,8473
2026-04-08 07:10:00,21.23,21.24,21.16,21.16,56540
2026-04-08 07:15:00,21.16,21.18,21.135,21.1413,25666
2026-04-08 07:20:00,21.13,21.1413,21.04,21.05,5510
2026-04-08 07:25:00,21.01,21.01,20.85,20.85,27835
2026-04-08 07:30:00,20.85,20.99,20.84,20.8895,15905
2026-04-08 07:35:00,20.9,21.1,20.88,21.07,19855
2026-04-08 07:40:00,21.07,21.08,20.95,20.96,13117
2026-04-08 07:45:00,20.97,20.97,20.91,20.91,12211
2026-04-08 07:50:00,20.9,20.9,20.8399,20.84,17423
2026-04-08 07:55:00,20.8406,20.91,20.82,20.88,9078
2026-04-08 08:00:00,20.9,20.9297,20.79,20.8,16633
2026-04-08 08:05:00,20.81,20.86,20.78,20.84,19247
2026-04-08 08:10:00,20.93,20.93,20.85,20.86,9778
2026-04-08 08:15:00,20.87,20.8987,20.84,20.87,10558
2026-04-08 08:20:00,20.89,21.35,20.89,21.34,104765
2026-04-08 08:25:00,21.31,21.5,21.13,21.22,47132
2026-04-08 08:30:00,21.22,21.22,20.97,20.97,65944
2026-04-08 08:35:00,20.95,20.9601,20.8398,20.8398,78394
2026-04-08 08:40:00,20.84,20.89,20.82,20.86,41027
2026-04-08 08:45:00,20.88,20.905,20.81,20.905,29611
2026-04-08 08:50:00,20.89,20.92,20.86,20.8899,22507
2026-04-08 08:55:00,20.87,20.87,20.7955,20.825,9045
2026-04-08 09:00:00,20.8298,20.8298,20.68,20.7095,56126
2026-04-08 09:05:00,20.72,20.86,20.72,20.85,20025
2026-04-08 09:10:00,20.86,20.97,20.86,20.9513,20651
2026-04-08 09:15:00,21.01,21.1,20.97,21.1,26005
2026-04-08 09:20:00,21.1,21.1687,21.08,21.15,55457
2026-04-08 09:25:00,21.1,21.1,20.9799,21.04,69077
2026-04-08 09:30:00,21.06,21.3,20.95,21.24,439941
2026-04-08 09:35:00,21.245,21.42,21.15,21.3601,295661
2026-04-08 09:40:00,21.38,21.58,21.35,21.57,219321
2026-04-08 09:45:00,21.5601,21.6,21.31,21.335,198142
2026-04-08 09:50:00,21.335,21.5601,21.27,21.53,145455
2026-04-08 09:55:00,21.519,21.6,21.41,21.505,141911
2026-04-08 10:00:00,21.5,21.5,21.3599,21.385,110138
2026-04-08 10:05:00,21.38,21.639,21.34,21.56,90664
2026-04-08 10:10:00,21.54,21.54,21.43,21.4901,65545
2026-04-08 10:15:00,21.515,21.56,21.4199,21.5199,52981
2026-04-08 10:20:00,21.51,21.75,21.51,21.63,143615
2026-04-08 10:25:00,21.62,21.99,21.61,21.835,215844
2026-04-08 10:30:00,21.805,22.19,21.795,22.14,179759
2026-04-08 10:35:00,22.12,22.29,22.09,22.12,178512
2026-04-08 10:40:00,22.1368,22.18,21.9701,22.08,85015
2026-04-08 10:45:00,22.0897,22.385,22.07,22.2701,251362
2026-04-08 10:50:00,22.26,22.49,22.215,22.48,128621
2026-04-08 10:55:00,22.47,22.695,22.36,22.58,286919
2026-04-08 11:00:00,22.59,22.6,22.38,22.41,168000
2026-04-08 11:05:00,22.43,22.49,22.38,22.4899,59289
2026-04-08 11:10:00,22.47,22.62,22.39,22.3912,77695
2026-04-08 11:15:00,22.44,22.54,22.385,22.4,72847
2026-04-08 11:20:00,22.37,22.37,22.21,22.22,98151
2026-04-08 11:25:00,22.22,22.34,22.21,22.33,67287
2026-04-08 11:30:00,22.33,22.37,22.1883,22.21,36207
2026-04-08 11:35:00,22.22,22.22,22.1401,22.1401,28380
2026-04-08 11:40:00,22.125,22.21,22.12,22.19,32162
2026-04-08 11:45:00,22.19,22.2295,22.12,22.185,34120
2026-04-08 11:50:00,22.16,22.16,22.06,22.1063,51419
2026-04-08 11:55:00,22.11,22.1499,22.085,22.14,15969
2026-04-08 12:00:00,22.1399,22.1703,21.9899,21.99,31509
2026-04-08 12:05:00,21.99,22.09,21.99,22.065,48470
2026-04-08 12:10:00,22.05,22.09,22.01,22.085,18473
2026-04-08 12:15:00,22.09,22.39,22.09,22.31,148378
2026-04-08 12:20:00,22.315,22.35,22.26,22.3,84417
2026-04-08 12:25:00,22.3,22.3,22.23,22.26,19228
2026-04-08 12:30:00,22.2501,22.33,22.14,22.14,17976
2026-04-08 12:35:00,22.1401,22.175,22.13,22.17,21600
2026-04-08 12:40:00,22.14,22.14,22.0586,22.08,12045
2026-04-08 12:45:00,22.0701,22.1101,22.03,22.03,19754
2026-04-08 12:50:00,22.035,22.1,22.035,22.1,18072
2026-04-08 12:55:00,22.1099,22.1301,22.075,22.1301,45779
2026-04-08 13:00:00,22.13,22.2002,22.13,22.2,51447
2026-04-08 13:05:00,22.22,22.2703,22.15,22.2,22555
2026-04-08 13:10:00,22.205,22.22,22.17,22.1901,9876
2026-04-08 13:15:00,22.2,22.2861,22.16,22.265,20992
2026-04-08 13:20:00,22.28,22.35,22.21,22.34,26941
2026-04-08 13:25:00,22.34,22.34,22.19,22.1934,67263
2026-04-08 13:30:00,22.19,22.23,22.16,22.23,14464
2026-04-08 13:35:00,22.22,22.39,22.22,22.32,101171
2026-04-08 13:40:00,22.31,22.36,22.28,22.28,24779
2026-04-08 13:45:00,22.28,22.39,22.28,22.39,14826
2026-04-08 13:50:00,22.375,22.375,22.2601,22.2601,38543
2026-04-08 13:55:00,22.325,22.37,22.3,22.35,10507
2026-04-08 14:00:00,22.3592,22.43,22.3,22.325,67442
2026-04-08 14:05:00,22.31,22.34,22.2504,22.3,35006
2026-04-08 14:10:00,22.3198,22.33,22.3009,22.33,8646
2026-04-08 14:15:00,22.33,22.93,22.3022,22.78,144143
2026-04-08 14:20:00,22.78,22.89,22.62,22.81,126244
2026-04-08 14:25:00,22.76,22.9,22.72,22.76,60344
2026-04-08 14:30:00,22.745,22.88,22.72,22.88,40377
2026-04-08 14:35:00,22.85,23.03,22.8,23.01,155431
2026-04-08 14:40:00,23.03,23.23,22.97,23.18,95051
2026-04-08 14:45:00,23.18,23.22,23.09,23.1599,87194
2026-04-08 14:50:00,23.14,23.3127,23.14,23.19,153692
2026-04-08 14:55:00,23.18,23.31,23.16,23.28,76539
2026-04-08 15:00:00,23.28,23.39,23.26,23.32,69240
2026-04-08 15:05:00,23.3165,23.37,23.2,23.21,59943
2026-04-08 15:10:00,23.2001,23.213,22.96,22.96,109239
2026-04-08 15:15:00,22.96,23,22.8918,22.9989,37493
2026-04-08 15:20:00,23.02,23.03,22.98,23.01,51550
2026-04-08 15:25:00,23.01,23.09,22.93,23.08,44588
2026-04-08 15:30:00,23.07,23.08,22.9,22.94,33650
2026-04-08 15:35:00,22.94,22.96,22.82,22.87,93242
2026-04-08 15:40:00,22.85,22.88,22.8141,22.86,35065
2026-04-08 15:45:00,22.85,22.855,22.8003,22.82,28731
2026-04-08 15:50:00,22.82,22.82,22.75,22.7559,48445
2026-04-08 15:55:00,22.765,22.8189,22.76,22.795,32989
2026-04-08 16:00:00,22.79,22.79,22.71,22.79,18876
2026-04-08 16:05:00,22.79,22.85,22.78,22.8394,11861
2026-04-08 16:10:00,22.83,22.86,22.83,22.86,2609
2026-04-08 16:15:00,22.82,22.8799,22.82,22.8799,10437
2026-04-08 16:20:00,22.939,22.939,22.91,22.91,2495
2026-04-08 16:25:00,22.88,22.89,22.86,22.86,32913
2026-04-08 16:30:00,22.87,22.94,22.87,22.94,11855
2026-04-08 16:35:00,22.9398,22.9651,22.93,22.9651,2755
2026-04-08 16:40:00,22.95,22.95,22.911,22.911,6715
2026-04-08 16:45:00,22.92,22.96,22.9103,22.9103,5044
2026-04-08 16:50:00,22.9495,22.9903,22.94,22.9903,2994
2026-04-08 16:55:00,23,23.03,22.97,23.03,9435
2026-04-08 17:00:00,23.02,23.04,22.95,22.95,6200
2026-04-08 17:05:00,23.04,23.04,23.0014,23.0014,1450
2026-04-08 17:10:00,23,23.01,23,23,1488
2026-04-08 17:15:00,23.02,23.02,23.0002,23.0002,717
2026-04-08 17:20:00,23.01,23.01,23.01,23.01,500
2026-04-08 17:25:00,23.01,23.02,23,23,981
2026-04-08 17:30:00,22.94,23.01,22.8551,23.01,1602
2026-04-08 17:35:00,22.96,22.97,22.96,22.97,1442
2026-04-08 17:40:00,22.94,22.94,22.9143,22.9143,200
2026-04-08 17:45:00,22.92,22.9973,22.92,22.9973,1274
2026-04-08 18:00:00,22.98,23.01,22.93,22.94,5275
2026-04-08 18:05:00,22.95,22.99,22.95,22.98,736
2026-04-08 18:10:00,23.01,23.18,23.01,23.16,38150
2026-04-08 18:15:00,23.16,23.19,23.16,23.19,1070
2026-04-08 18:20:00,23.19,23.3,23.18,23.28,9145
2026-04-08 18:25:00,23.28,23.28,23.15,23.2,6372
2026-04-08 18:30:00,23.2,23.2178,23.2,23.2178,735
2026-04-08 18:35:00,23.16,23.16,23.1,23.1397,8227
2026-04-08 18:40:00,23.1226,23.2,23.1226,23.2,1422
2026-04-08 18:45:00,23.1997,23.25,23.17,23.18,5827
2026-04-08 18:50:00,23.18,23.18,23.02,23.02,3011
2026-04-08 18:55:00,23.05,23.0627,23.0004,23.0004,1125
2026-04-08 19:00:00,23.0306,23.2,23.0009,23.2,3580
2026-04-08 19:05:00,23.0609,23.2478,23.0609,23.2478,1402
2026-04-08 19:10:00,23.24,23.2999,23.23,23.2796,6186
2026-04-08 19:15:00,23.2034,23.3,23.2034,23.24,14365
2026-04-08 19:20:00,23.2,23.24,23.2,23.21,21226
2026-04-08 19:25:00,23.21,23.34,23.21,23.34,41009
2026-04-08 19:30:00,23.29,23.37,23.29,23.35,31172
2026-04-08 19:35:00,23.3207,23.33,23.26,23.26,11235
2026-04-08 19:40:00,23.29,23.3,23.25,23.25,6292
2026-04-08 19:45:00,23.24,23.24,23.16,23.16,9851
2026-04-08 19:50:00,23.2,23.2,23.11,23.13,4734
2026-04-08 19:55:00,23.22,23.2991,23.22,23.28,12014
2026-04-08 20:00:00,23.29,23.29,23.25,23.2732,550
2026-04-09 04:00:00,23.03,23.33,22.95,23.06,163261
2026-04-09 04:05:00,23.06,23.3,23.06,23.11,7472
2026-04-09 04:10:00,23.1,23.13,23.1,23.11,10425
2026-04-09 04:15:00,23.15,23.15,23.1,23.1,3120
2026-04-09 04:20:00,23.09,23.09,23.06,23.06,4260
2026-04-09 04:25:00,23.06,23.08,23.06,23.08,2779
2026-04-09 04:30:00,23.13,23.13,23.02,23.04,8337
2026-04-09 04:35:00,23.0698,23.07,23.01,23.02,1618
2026-04-09 04:40:00,23.03,23.05,22.99,23,11566
2026-04-09 04:45:00,22.99,23,22.95,22.98,13228
2026-04-09 04:50:00,23,23.02,23,23.02,1215
2026-04-09 04:55:00,23,23.03,22.98,23.03,2293
2026-04-09 05:00:00,23.07,23.17,23.07,23.17,1000
2026-04-09 05:05:00,23.14,23.15,23.02,23.02,10666
2026-04-09 05:10:00,23.02,23.05,23,23.05,4419
2026-04-09 05:15:00,23.04,23.06,23.02,23.02,2295
2026-04-09 05:20:00,23.05,23.05,23.02,23.02,2118
2026-04-09 05:25:00,23.01,23.05,23.01,23.05,770
2026-04-09 05:30:00,23.04,23.08,23.04,23.07,1864
2026-04-09 05:35:00,23.04,23.04,23.04,23.04,100
2026-04-09 05:40:00,23.08,23.09,23.07,23.09,854
2026-04-09 05:45:00,23.1,23.14,23.1,23.12,5032
2026-04-09 05:50:00,23.14,23.15,23.11,23.11,1554
2026-04-09 05:55:00,23.07,23.07,23.06,23.06,4650
2026-04-09 06:00:00,23.06,23.06,23,23.05,2256
2026-04-09 06:05:00,23.11,23.12,23.07,23.07,1814
2026-04-09 06:10:00,23.12,23.12,23.09,23.1,900
2026-04-09 06:15:00,23.16,23.17,23.09,23.1,2411
2026-04-09 06:20:00,23.05,23.05,23,23,4563
2026-04-09 06:25:00,23,23.01,22.98,23,11667
2026-04-09 06:30:00,22.95,23.02,22.95,23.02,10229
2026-04-09 06:35:00,23.04,23.06,23.03,23.03,2663
2026-04-09 06:45:00,23,23,23,23,200
2026-04-09 06:50:00,23.05,23.05,22.99,23.04,6672
2026-04-09 06:55:00,22.99,23.07,22.99,23.07,2188
2026-04-09 07:00:00,23.06,23.06,23.0087,23.03,13525
2026-04-09 07:05:00,23.05,23.06,23.0099,23.01,3516
2026-04-09 07:10:00,23.03,23.03,23.03,23.03,100
2026-04-09 07:15:00,23.0595,23.0595,22.97,22.97,5255
2026-04-09 07:20:00,22.9797,22.9905,22.9297,22.94,8210
2026-04-09 07:25:00,22.96,22.96,22.9,22.9,8528
2026-04-09 07:30:00,22.91,22.92,22.9,22.9,3474
2026-04-09 07:35:00,22.94,22.94,22.9,22.9,1872
2026-04-09 07:40:00,22.91,22.91,22.8897,22.8897,2362
2026-04-09 07:45:00,22.87,22.88,22.75,22.75,23542
2026-04-09 07:50:00,22.78,22.7996,22.73,22.74,5560
2026-04-09 07:55:00,22.74,22.81,22.72,22.72,6634
2026-04-09 08:00:00,22.71,22.74,22.63,22.73,18888
2026-04-09 08:05:00,22.74,22.81,22.74,22.8,25243
2026-04-09 08:10:00,22.78,22.8084,22.7703,22.8084,6302
2026-04-09 08:15:00,22.81,22.85,22.8,22.85,9724
2026-04-09 08:20:00,22.88,22.94,22.88,22.9113,13381
2026-04-09 08:25:00,22.9104,22.96,22.9,22.92,5695
2026-04-09 08:30:00,22.92,22.9488,22.87,22.91,47473
2026-04-09 08:35:00,22.92,23,22.92,22.97,19657
2026-04-09 08:40:00,22.93,22.94,22.85,22.9287,14209
2026-04-09 08:45:00,22.91,22.96,22.89,22.95,6175
2026-04-09 08:50:00,22.9491,22.95,22.8813,22.9,5471
2026-04-09 08:55:00,22.8898,22.8898,22.8294,22.84,1621
2026-04-09 09:00:00,22.84,22.94,22.84,22.92,3229
2026-04-09 09:05:00,22.88,22.88,22.72,22.73,15740
2026-04-09 09:10:00,22.7113,22.8099,22.6997,22.8088,16014
2026-04-09 09:15:00,22.8,22.8,22.75,22.78,10530
2026-04-09 09:20:00,22.76,22.76,22.7,22.75,5490
2026-04-09 09:25:00,22.72,22.72,22.62,22.6399,8506
2026-04-09 09:30:00,22.63,22.69,22.5799,22.5799,127227
2026-04-09 09:35:00,22.565,22.565,22.3702,22.38,172296
2026-04-09 09:40:00,22.38,22.3999,22.2604,22.295,71301
2026-04-09 09:45:00,22.295,22.36,22.27,22.28,145262
2026-04-09 09:50:00,22.28,22.53,22.28,22.48,169387
2026-04-09 09:55:00,22.49,22.49,22.3823,22.46,84341
2026-04-09 10:00:00,22.44,22.475,22.2701,22.32,76503
2026-04-09 10:05:00,22.33,22.485,22.315,22.48,69657
2026-04-09 10:10:00,22.48,22.5184,22.34,22.42,66484
2026-04-09 10:15:00,22.42,22.66,22.4,22.6,71414
2026-04-09 10:20:00,22.6,22.64,22.535,22.57,53740
2026-04-09 10:25:00,22.5499,22.67,22.5401,22.62,79221
2026-04-09 10:30:00,22.6,22.76,22.585,22.7497,127053
2026-04-09 10:35:00,22.75,22.93,22.745,22.75,151136
2026-04-09 10:40:00,22.7599,22.8803,22.7402,22.82,31600
2026-04-09 10:45:00,22.8084,22.815,22.6251,22.635,29926
2026-04-09 10:50:00,22.63,22.66,22.594,22.6533,49293
2026-04-09 10:55:00,22.665,22.69,22.57,22.57,36394
2026-04-09 11:00:00,22.56,22.66,22.5201,22.62,60124
2026-04-09 11:05:00,22.6011,22.68,22.58,22.68,36767
2026-04-09 11:10:00,22.66,22.66,22.53,22.53,36592
2026-04-09 11:15:00,22.5203,22.525,22.1701,22.18,168115
2026-04-09 11:20:00,22.175,22.209,22.11,22.13,77893
2026-04-09 11:25:00,22.14,22.29,22.1321,22.27,131088
2026-04-09 11:30:00,22.28,22.285,21.98,22.04,144487
2026-04-09 11:35:00,22.01,22.11,21.9202,22.04,126322
2026-04-09 11:40:00,22.045,22.05,21.99,22.04,23475
2026-04-09 11:45:00,22.07,22.11,21.8699,22.005,77630
2026-04-09 11:50:00,22.01,22.03,21.925,21.96,54994
2026-04-09 11:55:00,21.955,22.06,21.95,21.96,29768
2026-04-09 12:00:00,21.96,21.97,21.77,21.84,128179
2026-04-09 12:05:00,21.835,21.87,21.74,21.82,73664
2026-04-09 12:10:00,21.82,21.89,21.795,21.88,87858
2026-04-09 12:15:00,21.89,21.91,21.72,21.74,48162
2026-04-09 12:20:00,21.74,21.79,21.71,21.71,37189
2026-04-09 12:25:00,21.7221,21.7902,21.7221,21.7763,36209
2026-04-09 12:30:00,21.77,21.81,21.73,21.73,24844
2026-04-09 12:35:00,21.72,21.79,21.72,21.745,129603
2026-04-09 12:40:00,21.75,21.85,21.75,21.81,28035
2026-04-09 12:45:00,21.82,21.9387,21.815,21.91,64872
2026-04-09 12:50:00,21.909,21.909,21.81,21.85,18144
2026-04-09 12:55:00,21.8716,21.89,21.85,21.865,11458
2026-04-09 13:00:00,21.86,21.86,21.8,21.83,4580
2026-04-09 13:05:00,21.81,21.8101,21.6999,21.7101,121043
2026-04-09 13:10:00,21.695,21.74,21.66,21.6998,43314
2026-04-09 13:15:00,21.69,21.69,21.62,21.64,27592
2026-04-09 13:20:00,21.6298,21.73,21.6298,21.7,45690
2026-04-09 13:25:00,21.72,21.72,21.6212,21.65,61748
2026-04-09 13:30:00,21.64,21.7283,21.6161,21.6161,45985
2026-04-09 13:35:00,21.62,21.62,21.505,21.54,51597
2026-04-09 13:40:00,21.54,21.61,21.505,21.595,22539
2026-04-09 13:45:00,21.57,21.58,21.48,21.49,50540
2026-04-09 13:50:00,21.5,21.5597,21.5,21.53,48173
2026-04-09 13:55:00,21.5363,21.5601,21.535,21.56,6295
2026-04-09 14:00:00,21.56,21.81,21.54,21.745,80750
2026-04-09 14:05:00,21.7299,21.84,21.66,21.78,43344
2026-04-09 14:10:00,21.76,21.89,21.75,21.845,78858
2026-04-09 14:15:00,21.85,21.8675,21.7299,21.77,34363
2026-04-09 14:20:00,21.78,21.9,21.77,21.8651,25563
2026-04-09 14:25:00,21.87,21.89,21.77,21.7801,47249
2026-04-09 14:30:00,21.79,22.06,21.785,21.955,113911
2026-04-09 14:35:00,21.9606,21.98,21.91,21.93,36989
2026-04-09 14:40:00,21.94,22.05,21.94,22.0437,20405
2026-04-09 14:45:00,22.035,22.04,21.9838,21.9838,37340
2026-04-09 14:50:00,21.98,22.02,21.96,21.98,13312
2026-04-09 14:55:00,21.98,21.99,21.94,21.98,31960
2026-04-09 15:00:00,22,22.02,21.91,21.91,19785
2026-04-09 15:05:00,21.92,21.93,21.835,21.84,24698
2026-04-09 15:10:00,21.83,21.865,21.82,21.85,21941
2026-04-09 15:15:00,21.85,22,21.85,21.9801,25371
2026-04-09 15:20:00,21.9808,22.01,21.9401,21.945,44957
2026-04-09 15:25:00,21.95,21.985,21.91,21.985,6591
2026-04-09 15:30:00,21.98,22,21.905,22,28848
2026-04-09 15:35:00,21.96,21.99,21.96,21.98,6473
2026-04-09 15:40:00,21.9571,21.97,21.9101,21.9399,9168
2026-04-09 15:45:00,21.97,22.0297,21.93,22.015,55005
2026-04-09 15:50:00,22,22.025,21.975,22.005,38973
2026-04-09 15:55:00,22.025,22.12,22.02,22.085,71138
2026-04-09 16:00:00,22.08,22.0999,22.0749,22.0749,7565
2026-04-09 16:05:00,22.09,22.09,22.0639,22.0663,8241
2026-04-09 16:10:00,22.07,22.07,22.06,22.0684,7500
2026-04-09 16:15:00,22.06,22.11,22.0397,22.04,11037
2026-04-09 16:20:00,22.0407,22.0407,22.03,22.03,350
2026-04-09 16:25:00,22.04,22.05,22.03,22.04,3646
2026-04-09 16:30:00,22.05,22.05,22.03,22.03,952
2026-04-09 16:35:00,22.04,22.12,22.04,22.12,3047
2026-04-09 16:40:00,22.12,22.2,22.12,22.19,2104
2026-04-09 16:45:00,22.17,22.1999,22.17,22.1999,2540
2026-04-09 16:50:00,22.1961,22.1961,22.1961,22.1961,400
2026-04-09 16:55:00,22.2,22.286,22.2,22.25,10762
2026-04-09 17:00:00,22.2,22.2,22.2,22.2,972
2026-04-09 17:15:00,22.21,22.211,22.21,22.21,1056
2026-04-09 17:20:00,22.21,22.22,22.21,22.2199,505
2026-04-09 17:25:00,22.22,22.22,22.2,22.2,1570
2026-04-09 17:30:00,22.19,22.2,22.14,22.17,4400
2026-04-09 17:35:00,22.14,22.14,22.14,22.14,452
2026-04-09 17:40:00,22.16,22.16,22.16,22.16,127
2026-04-09 17:45:00,22.12,22.12,22.12,22.12,334
2026-04-09 17:55:00,22.15,22.17,22.15,22.17,6720
2026-04-09 18:00:00,22.15,22.22,22.12,22.22,3571
2026-04-09 18:05:00,22.18,22.19,22.18,22.19,348
2026-04-09 18:10:00,22.2,22.2,22.2,22.2,100
2026-04-09 18:15:00,22.18,22.21,22.16,22.21,5250
2026-04-09 18:20:00,22.185,22.23,22.185,22.23,3610
2026-04-09 18:25:00,22.23,22.25,22.19,22.25,3753
2026-04-09 18:30:00,22.25,22.25,22.25,22.25,120
2026-04-09 18:35:00,22.27,22.29,22.27,22.29,900
2026-04-09 18:40:00,22.29,22.3,22.28,22.29,4132
2026-04-09 18:45:00,22.28,22.29,22.27,22.29,12373
2026-04-09 18:50:00,22.29,22.3,22.29,22.3,3357
2026-04-09 18:55:00,22.29,22.29,22.2522,22.2522,200
2026-04-09 19:00:00,22.2236,22.25,22.21,22.21,2193
2026-04-09 19:05:00,22.28,22.29,22.28,22.29,2350
2026-04-09 19:10:00,22.25,22.27,22.25,22.26,1375
2026-04-09 19:15:00,22.28,22.28,22.28,22.28,5200
2026-04-09 19:20:00,22.28,22.3,22.28,22.2802,6834
2026-04-09 19:25:00,22.27,22.27,22.27,22.27,100
2026-04-09 19:30:00,22.26,22.26,22.2051,22.2051,1988
2026-04-09 19:35:00,22.16,22.16,22.16,22.16,793
2026-04-09 19:45:00,22.2005,22.2005,22.2,22.2,1757
2026-04-09 19:50:00,22.21,22.21,22.2,22.2,551
2026-04-09 19:55:00,22.2,22.2,22.16,22.17,5024
2026-04-10 04:00:00,22.24,22.3,21.76,22.28,204524
2026-04-10 04:05:00,21.94,22.27,21.94,22.26,1340
2026-04-10 04:10:00,22.23,22.28,22.23,22.28,8500
2026-04-10 04:15:00,22.27,22.35,22.27,22.33,8201
2026-04-10 04:20:00,22.33,22.35,22.32,22.34,1772
2026-04-10 04:25:00,22.29,22.33,22.27,22.27,8877
2026-04-10 04:30:00,22.28,22.29,22.25,22.26,2540
2026-04-10 04:35:00,22.31,22.31,22.3,22.3,790
2026-04-10 04:40:00,22.31,22.44,22.31,22.43,12853
2026-04-10 04:45:00,22.43,22.55,22.43,22.5,9272
2026-04-10 04:50:00,22.49,22.56,22.49,22.53,4922
2026-04-10 04:55:00,22.54,22.54,22.5,22.5,6919
2026-04-10 05:00:00,22.47,22.48,22.39,22.4,8262
2026-04-10 05:05:00,22.39,22.39,22.39,22.39,2727
2026-04-10 05:10:00,22.4,22.4,22.36,22.36,4557
2026-04-10 05:15:00,22.37,22.37,22.15,22.17,13502
2026-04-10 05:20:00,22.21,22.28,22.2,22.26,3899
2026-04-10 05:25:00,22.29,22.3,22.29,22.29,3477
2026-04-10 05:30:00,22.3,22.37,22.3,22.34,6516
2026-04-10 05:35:00,22.3,22.32,22.3,22.32,578
2026-04-10 05:40:00,22.36,22.36,22.33,22.33,3419
2026-04-10 05:50:00,22.34,22.34,22.26,22.26,3570
2026-04-10 05:55:00,22.27,22.27,22.24,22.24,1558
2026-04-10 06:00:00,22.22,22.27,22.22,22.27,11110
2026-04-10 06:05:00,22.29,22.34,22.29,22.34,9067
2026-04-10 06:10:00,22.33,22.33,22.3,22.31,4019
2026-04-10 06:15:00,22.3,22.3,22.3,22.3,190
2026-04-10 06:20:00,22.18,22.18,22.14,22.15,2204
2026-04-10 06:25:00,22.14,22.15,22.13,22.15,4090
2026-04-10 06:30:00,22.16,22.16,22.13,22.13,3053
2026-04-10 06:35:00,22.14,22.19,22.13,22.18,12031
2026-04-10 06:40:00,22.14,22.14,22.13,22.13,4432
2026-04-10 06:45:00,22.17,22.1705,22.16,22.16,1006
2026-04-10 06:50:00,22.12,22.13,22.12,22.13,1100
2026-04-10 06:55:00,22.14,22.15,22.09,22.09,3657
2026-04-10 07:00:00,22.14,22.16,22.13,22.15,7729
2026-04-10 07:05:00,22.17,22.19,22.15,22.17,4748
2026-04-10 07:10:00,22.1795,22.19,22.17,22.17,2404
2026-04-10 07:15:00,22.17,22.18,22.17,22.17,5700
2026-04-10 07:20:00,22.15,22.16,22.11,22.12,9849
2026-04-10 07:25:00,22.12,22.14,22.12,22.12,1035
2026-04-10 07:30:00,22.11,22.16,22.1054,22.16,3671
2026-04-10 07:35:00,22.14,22.14,22.0997,22.12,932
2026-04-10 07:40:00,22.13,22.1313,22.08,22.08,1100
2026-04-10 07:45:00,22.08,22.1,22.06,22.07,4204
2026-04-10 07:50:00,22.07,22.08,22.07,22.08,2117
2026-04-10 07:55:00,22.0899,22.0899,22.0402,22.0402,1950
2026-04-10 08:00:00,22.04,22.09,22.04,22.0899,6770
2026-04-10 08:05:00,22.06,22.09,22.06,22.06,6825
2026-04-10 08:10:00,22.0704,22.0704,21.96,21.96,7574
2026-04-10 08:15:00,21.98,21.98,21.9,21.94,2515
2026-04-10 08:20:00,21.94,22,21.9387,21.9787,3634
2026-04-10 08:25:00,21.97,21.97,21.92,21.9294,3418
2026-04-10 08:30:00,21.9,21.9,21.8,21.85,32246
2026-04-10 08:35:00,21.825,21.92,21.8,21.9,24533
2026-04-10 08:40:00,21.88,22,21.86,21.97,17602
2026-04-10 08:45:00,21.9803,22.14,21.98,22.09,67897
2026-04-10 08:50:00,22.04,22.04,21.99,22,5892
2026-04-10 08:55:00,22.06,22.06,21.91,21.91,35530
2026-04-10 09:00:00,21.9,21.95,21.85,21.9182,11343
2026-04-10 09:05:00,21.8982,21.92,21.74,21.77,20710
2026-04-10 09:10:00,21.8,21.84,21.78,21.78,19611
2026-04-10 09:15:00,21.8,21.83,21.71,21.82,23327
2026-04-10 09:20:00,21.7308,21.7308,21.6198,21.6781,14168
2026-04-10 09:25:00,21.66,21.66,21.59,21.65,12054
2026-04-10 09:30:00,21.66,21.73,21.61,21.72,195413
2026-04-10 09:35:00,21.735,21.785,21.65,21.745,116080
2026-04-10 09:40:00,21.75,21.85,21.75,21.805,102748
2026-04-10 09:45:00,21.75,21.85,21.7443,21.77,34525
2026-04-10 09:50:00,21.77,21.82,21.68,21.71,40200
2026-04-10 09:55:00,21.705,21.72,21.68,21.68,48497
2026-04-10 10:00:00,21.67,21.76,21.56,21.64,49262
2026-04-10 10:05:00,21.62,21.725,21.59,21.6899,36804
2026-04-10 10:10:00,21.72,21.845,21.63,21.63,110487
2026-04-10 10:15:00,21.6,21.615,21.4598,21.4598,133721
2026-04-10 10:20:00,21.45,21.49,21.41,21.42,39332
2026-04-10 10:25:00,21.42,21.48,21.37,21.43,100222
2026-04-10 10:30:00,21.43,21.4916,21.38,21.4799,43900
2026-04-10 10:35:00,21.48,21.5,21.42,21.4642,82503
2026-04-10 10:40:00,21.47,21.68,21.4605,21.62,164392
2026-04-10 10:45:00,21.6042,21.69,21.56,21.685,38671
2026-04-10 10:50:00,21.67,21.71,21.57,21.66,89501
2026-04-10 10:55:00,21.65,21.71,21.64,21.6701,39844
2026-04-10 11:00:00,21.66,21.71,21.62,21.71,17444
2026-04-10 11:05:00,21.71,21.785,21.585,21.595,29512
2026-04-10 11:10:00,21.59,21.5991,21.53,21.535,36614
2026-04-10 11:15:00,21.535,21.55,21.49,21.55,57804
2026-04-10 11:20:00,21.56,21.56,21.45,21.4798,21981
2026-04-10 11:25:00,21.4985,21.6,21.49,21.6,60170
2026-04-10 11:30:00,21.6,21.65,21.55,21.62,59443
2026-04-10 11:35:00,21.63,21.87,21.62,21.86,96190
2026-04-10 11:40:00,21.8499,21.8499,21.7501,21.77,115272
2026-04-10 11:45:00,21.78,21.845,21.73,21.83,274807
2026-04-10 11:50:00,21.82,21.855,21.76,21.82,74008
2026-04-10 11:55:00,21.83,21.97,21.8208,21.89,116638
2026-04-10 12:00:00,21.88,21.965,21.88,21.94,93161
2026-04-10 12:05:00,21.94,22.02,21.88,21.88,151289
2026-04-10 12:10:00,21.88,21.88,21.78,21.805,51356
2026-04-10 12:15:00,21.81,21.835,21.77,21.8024,43628
2026-04-10 12:20:00,21.82,21.8942,21.8,21.8,47580
2026-04-10 12:25:00,21.81,21.865,21.8,21.82,29436
2026-04-10 12:30:00,21.85,21.86,21.79,21.824,50596
2026-04-10 12:35:00,21.82,21.82,21.76,21.795,33983
2026-04-10 12:40:00,21.8,21.88,21.785,21.869,42482
2026-04-10 12:45:00,21.86,21.88,21.78,21.8,19363
2026-04-10 12:50:00,21.76,21.77,21.71,21.7199,15121
2026-04-10 12:55:00,21.74,21.76,21.72,21.74,7768
2026-04-10 13:00:00,21.7398,21.8,21.7398,21.8,8953
2026-04-10 13:05:00,21.79,21.82,21.76,21.76,10157
2026-04-10 13:10:00,21.77,21.79,21.69,21.73,9998
2026-04-10 13:15:00,21.715,21.73,21.67,21.69,9181
2026-04-10 13:20:00,21.67,21.73,21.64,21.695,109845
2026-04-10 13:25:00,21.69,21.73,21.66,21.73,14500
2026-04-10 13:30:00,21.73,21.755,21.655,21.68,17147
2026-04-10 13:35:00,21.68,21.7,21.66,21.69,11010
2026-04-10 13:40:00,21.67,21.71,21.6601,21.71,9538
2026-04-10 13:45:00,21.71,21.73,21.69,21.71,1927
2026-04-10 13:50:00,21.7,21.7397,21.69,21.7397,9884
2026-04-10 13:55:00,21.74,21.77,21.73,21.74,16343
2026-04-10 14:00:00,21.73,21.85,21.73,21.845,64031
2026-04-10 14:05:00,21.85,21.865,21.78,21.7899,12593
2026-04-10 14:10:00,21.7951,21.7951,21.72,21.72,11087
2026-04-10 14:15:00,21.71,21.71,21.63,21.6399,23945
2026-04-10 14:20:00,21.65,21.68,21.63,21.66,25938
2026-04-10 14:25:00,21.68,21.68,21.61,21.63,12644
2026-04-10 14:30:00,21.63,21.655,21.575,21.575,24078
2026-04-10 14:35:00,21.5602,21.6,21.56,21.58,26379
2026-04-10 14:40:00,21.575,21.64,21.575,21.64,14834
2026-04-10 14:45:00,21.64,21.735,21.64,21.7135,24782
2026-04-10 14:50:00,21.71,21.71,21.65,21.67,31729
2026-04-10 14:55:00,21.65,21.67,21.63,21.63,5562
2026-04-10 15:00:00,21.63,21.6517,21.62,21.64,10570
2026-04-10 15:05:00,21.63,21.66,21.61,21.66,11017
2026-04-10 15:10:00,21.665,21.6699,21.64,21.645,10552
2026-04-10 15:15:00,21.65,21.655,21.58,21.5869,10924
2026-04-10 15:20:00,21.58,21.65,21.58,21.625,37108
2026-04-10 15:25:00,21.63,21.63,21.58,21.61,6470
2026-04-10 15:30:00,21.62,21.65,21.59,21.6095,16085
2026-04-10 15:35:00,21.61,21.635,21.61,21.635,15664
2026-04-10 15:40:00,21.645,21.66,21.61,21.6184,21065
2026-04-10 15:45:00,21.62,21.69,21.61,21.68,23943
2026-04-10 15:50:00,21.67,21.6901,21.66,21.685,26299
2026-04-10 15:55:00,21.68,21.685,21.6,21.65,130941
2026-04-10 16:00:00,21.63,21.7,21.63,21.7,14363
2026-04-10 16:05:00,21.71,21.71,21.6507,21.6507,3595
2026-04-10 16:10:00,21.6601,21.6601,21.6401,21.6464,1400
2026-04-10 16:15:00,21.69,21.69,21.67,21.69,3736
2026-04-10 16:20:00,21.72,21.73,21.72,21.73,3998
2026-04-10 16:25:00,21.7996,21.811,21.78,21.781,14961
2026-04-10 16:30:00,21.77,21.7879,21.75,21.75,2850
2026-04-10 16:35:00,21.79,21.83,21.76,21.78,7914
2026-04-10 16:40:00,21.73,21.73,21.71,21.7115,2020
2026-04-10 16:45:00,21.7209,21.7209,21.7209,21.7209,1000
2026-04-10 16:50:00,21.72,21.92,21.72,21.82,7291
2026-04-10 16:55:00,21.91,21.9788,21.89,21.9,6464
2026-04-10 17:00:00,21.85,21.86,21.84,21.86,1988
2026-04-10 17:05:00,21.84,21.84,21.84,21.84,400
2026-04-10 17:10:00,21.86,21.87,21.86,21.87,4714
2026-04-10 17:15:00,21.88,21.88,21.8799,21.8799,19728
2026-04-10 17:20:00,21.8799,21.8799,21.831,21.831,750
2026-04-10 17:25:00,21.85,21.87,21.85,21.85,2649
2026-04-10 17:30:00,21.84,21.87,21.8261,21.87,4787
2026-04-10 17:35:00,21.8698,21.8698,21.8698,21.8698,100
2026-04-10 17:40:00,21.86,21.86,21.85,21.85,2064
2026-04-10 17:45:00,21.85,21.85,21.84,21.84,2400
2026-04-10 17:50:00,21.85,21.85,21.85,21.85,160
2026-04-10 17:55:00,21.85,21.85,21.85,21.85,125
2026-04-10 18:00:00,21.85,21.86,21.85,21.8591,760
2026-04-10 18:05:00,21.86,21.86,21.82,21.8305,2458
2026-04-10 18:10:00,21.83,21.83,21.83,21.83,10000
2026-04-10 18:15:00,21.8277,21.83,21.8277,21.83,350
2026-04-10 18:20:00,21.8202,21.83,21.8202,21.83,17904
2026-04-10 18:25:00,21.8262,21.83,21.82,21.83,18249
2026-04-10 18:30:00,21.82,21.85,21.82,21.8201,8451
2026-04-10 18:35:00,21.82,21.8206,21.82,21.82,3120
2026-04-10 18:40:00,21.77,21.77,21.77,21.77,175
2026-04-10 18:45:00,21.82,21.85,21.82,21.85,955
2026-04-10 18:50:00,21.8,21.8,21.8,21.8,491
2026-04-10 18:55:00,21.8,21.8,21.73,21.73,3872
2026-04-10 19:00:00,21.8,21.83,21.75,21.83,1747
2026-04-10 19:05:00,21.85,21.85,21.811,21.811,451
2026-04-10 19:10:00,21.82,21.84,21.81,21.84,2150
2026-04-10 19:15:00,21.8,21.81,21.8,21.81,493
2026-04-10 19:20:00,21.8,21.8,21.798,21.798,200
2026-04-10 19:25:00,21.75,21.75,21.71,21.74,3700
2026-04-10 19:30:00,21.74,21.81,21.74,21.76,2417
2026-04-10 19:40:00,21.78,21.7805,21.78,21.7801,1290
2026-04-10 19:45:00,21.78,21.78,21.75,21.75,761
2026-04-13 04:00:00,22.58,22.92,22.5,22.53,196065
2026-04-13 04:05:00,22.53,22.77,22.52,22.59,34607
2026-04-13 04:10:00,22.6,22.62,22.58,22.58,7713
2026-04-13 04:15:00,22.62,22.65,22.62,22.64,2000
2026-04-13 04:20:00,22.62,22.65,22.61,22.64,1341
2026-04-13 04:25:00,22.63,22.63,22.62,22.63,1242
2026-04-13 04:30:00,22.66,22.66,22.6,22.66,5310
2026-04-13 04:35:00,22.65,22.69,22.65,22.69,1250
2026-04-13 04:40:00,22.72,22.79,22.72,22.79,2278
2026-04-13 04:45:00,22.8,22.8,22.72,22.73,15253
2026-04-13 04:50:00,22.72,22.75,22.71,22.75,3686
2026-04-13 04:55:00,22.76,22.76,22.76,22.76,599
2026-04-13 05:00:00,22.72,22.75,22.7,22.74,3756
2026-04-13 05:05:00,22.76,22.82,22.75,22.82,3336
2026-04-13 05:10:00,22.85,22.85,22.82,22.82,6723
2026-04-13 05:15:00,22.83,22.86,22.8,22.8,9579
2026-04-13 05:20:00,22.8,22.83,22.8,22.8,2870
2026-04-13 05:25:00,22.83,22.83,22.82,22.82,880
2026-04-13 05:30:00,22.83,22.85,22.81,22.81,2397
2026-04-13 05:35:00,22.83,22.85,22.79,22.83,1480
2026-04-13 05:40:00,22.82,22.87,22.79,22.86,1096
2026-04-13 05:45:00,22.82,22.83,22.78,22.83,1380
2026-04-13 05:50:00,22.86,22.86,22.85,22.86,1858
2026-04-13 05:55:00,22.81,22.81,22.81,22.81,510
2026-04-13 06:00:00,22.82,22.83,22.8,22.82,3262
2026-04-13 06:05:00,22.83,22.84,22.81,22.84,539
2026-04-13 06:10:00,22.81,22.82,22.8,22.8,9773
2026-04-13 06:15:00,22.85,22.88,22.85,22.86,3496
2026-04-13 06:20:00,22.86,22.9,22.86,22.9,2302
2026-04-13 06:25:00,22.92,22.95,22.92,22.93,3929
2026-04-13 06:30:00,22.89,22.91,22.89,22.9,700
2026-04-13 06:35:00,22.85,22.85,22.84,22.84,600
2026-04-13 06:40:00,22.84,22.85,22.83,22.83,530
2026-04-13 06:45:00,22.83,22.83,22.8,22.8,1420
2026-04-13 06:50:00,22.8,22.81,22.8,22.81,2330
2026-04-13 06:55:00,22.81,22.81,22.81,22.81,300
2026-04-13 07:00:00,22.8,22.86,22.71,22.8203,21152
2026-04-13 07:05:00,22.81,22.85,22.8,22.84,25636
2026-04-13 07:10:00,22.84,22.93,22.84,22.89,5773
2026-04-13 07:15:00,22.86,22.9301,22.86,22.9301,7131
2026-04-13 07:20:00,22.8896,22.91,22.8896,22.8901,4120
2026-04-13 07:25:00,22.95,22.951,22.93,22.93,17625
2026-04-13 07:30:00,22.93,22.9305,22.86,22.9001,9250
2026-04-13 07:35:00,22.89,23,22.89,22.98,16680
2026-04-13 07:40:00,22.93,23,22.9,22.98,20255
2026-04-13 07:45:00,22.97,23,22.9107,22.96,19447
2026-04-13 07:50:00,22.93,23.01,22.93,22.96,13747
2026-04-13 07:55:00,22.99,23.0099,22.95,22.95,23284
2026-04-13 08:00:00,22.9813,23.0313,22.93,22.9703,12634
2026-04-13 08:05:00,22.99,23.0116,22.9007,22.9093,19568
2026-04-13 08:10:00,22.9097,22.9097,22.8598,22.8602,9556
2026-04-13 08:15:00,22.87,22.88,22.84,22.85,23988
2026-04-13 08:20:00,22.91,22.96,22.91,22.95,11074
2026-04-13 08:25:00,22.9615,23.09,22.96,23.0808,10417
2026-04-13 08:30:00,23.1,23.17,23.051,23.16,26839
2026-04-13 08:35:00,23.17,23.22,23.16,23.2,41197
2026-04-13 08:40:00,23.18,23.2199,23.1702,23.1995,15919
2026-04-13 08:45:00,23.18,23.18,22.97,23,67996
2026-04-13 08:50:00,23,23.0203,22.98,23.02,102059
2026-04-13 08:55:00,23.02,23.13,23.01,23.1097,40733
2026-04-13 09:00:00,23.08,23.1503,22.97,23.1503,19671
2026-04-13 09:05:00,23.12,23.13,23.05,23.0691,22104
2026-04-13 09:10:00,23.08,23.0901,22.96,22.995,57071
2026-04-13 09:15:00,22.97,23.05,22.97,23.0413,21991
2026-04-13 09:20:00,23.0084,23.0084,22.96,22.96,4106
2026-04-13 09:25:00,22.96,22.97,22.92,22.9409,3958
2026-04-13 09:30:00,22.9,22.95,22.8,22.905,140154
2026-04-13 09:35:00,22.89,22.96,22.86,22.96,88140
2026-04-13 09:40:00,22.955,23.09,22.94,22.99,89940
2026-04-13 09:45:00,22.99,23.27,22.99,23.12,140292
2026-04-13 09:50:00,23.14,23.14,22.74,23,227225
2026-04-13 09:55:00,23,23,22.89,22.92,80862
2026-04-13 10:00:00,22.915,22.985,22.84,22.96,141592
2026-04-13 10:05:00,22.955,22.96,22.865,22.925,71398
2026-04-13 10:10:00,22.92,22.9496,22.855,22.9,43738
2026-04-13 10:15:00,22.9,22.985,22.83,22.9723,84327
2026-04-13 10:20:00,22.97,23.1,22.88,23.03,75472
2026-04-13 10:25:00,23,23.055,22.96,22.9901,50457
2026-04-13 10:30:00,23,23.07,22.97,22.99,49360
2026-04-13 10:35:00,22.98,22.99,22.86,22.86,44837
2026-04-13 10:40:00,22.855,22.935,22.855,22.93,71959
2026-04-13 10:45:00,22.92,23,22.844,23,51046
2026-04-13 10:50:00,23.01,23.14,23,23.115,79812
2026-04-13 10:55:00,23.08,23.105,22.95,22.95,38358
2026-04-13 11:00:00,22.96,23.14,22.954,23.12,60318
2026-04-13 11:05:00,23.13,23.2,23.07,23.14,68283
2026-04-13 11:10:00,23.12,23.14,23.03,23.065,41431
2026-04-13 11:15:00,23.0701,23.085,23.02,23.02,27267
2026-04-13 11:20:00,23.02,23.0783,23.005,23.01,15912
2026-04-13 11:25:00,23.01,23.1105,23,23.077,13342
2026-04-13 11:30:00,23.075,23.13,23.07,23.08,57881
2026-04-13 11:35:00,23.07,23.07,22.91,22.97,31477
2026-04-13 11:40:00,22.96,22.995,22.92,22.995,73639
2026-04-13 11:45:00,22.975,23,22.96,22.99,16548
2026-04-13 11:50:00,22.99,22.99,22.93,22.95,11699
2026-04-13 11:55:00,22.945,22.99,22.945,22.98,14964
2026-04-13 12:00:00,22.98,23,22.94,22.985,23309
2026-04-13 12:05:00,22.995,23.015,22.81,22.93,80399
2026-04-13 12:10:00,22.915,22.92,22.86,22.8899,23698
2026-04-13 12:15:00,22.885,22.89,22.755,22.78,47878
2026-04-13 12:20:00,22.78,22.79,22.64,22.67,85184
2026-04-13 12:25:00,22.655,22.655,22.53,22.53,61857
2026-04-13 12:30:00,22.535,22.535,22.06,22.12,255649
2026-04-13 12:35:00,22.12,22.15,22.03,22.1,173546
2026-04-13 12:40:00,22.1,22.1101,21.95,22.03,151796
2026-04-13 12:45:00,22,22.16,21.98,22.15,125859
2026-04-13 12:50:00,22.16,22.2402,22.08,22.2401,128486
2026-04-13 12:55:00,22.245,22.3097,22.22,22.24,68999
2026-04-13 13:00:00,22.241,22.2449,22.17,22.2,49864
2026-04-13 13:05:00,22.195,22.34,22.19,22.305,48280
2026-04-13 13:10:00,22.315,22.33,22.23,22.26,49002
2026-04-13 13:15:00,22.25,22.255,22.14,22.14,66450
2026-04-13 13:20:00,22.14,22.155,22.09,22.12,98504
2026-04-13 13:25:00,22.13,22.16,22.1,22.14,23378
2026-04-13 13:30:00,22.15,22.21,22.15,22.206,12981
2026-04-13 13:35:00,22.23,22.26,22.16,22.1642,17760
2026-04-13 13:40:00,22.18,22.24,22.1607,22.22,10867
2026-04-13 13:45:00,22.21,22.25,22.18,22.23,70409
2026-04-13 13:50:00,22.2299,22.3031,22.22,22.3031,36836
2026-04-13 13:55:00,22.3158,22.32,22.2801,22.32,37673
2026-04-13 14:00:00,22.3291,22.3291,22.2301,22.265,52608
2026-04-13 14:05:00,22.25,22.33,22.25,22.33,32795
2026-04-13 14:10:00,22.37,22.43,22.3499,22.415,55785
2026-04-13 14:15:00,22.4199,22.4599,22.405,22.43,42117
2026-04-13 14:20:00,22.43,22.5,22.38,22.38,37343
2026-04-13 14:25:00,22.395,22.47,22.39,22.395,36260
2026-04-13 14:30:00,22.4,22.42,22.3,22.3,27938
2026-04-13 14:35:00,22.29,22.3,22.25,22.2701,67997
2026-04-13 14:40:00,22.285,22.31,22.28,22.2899,35681
2026-04-13 14:45:00,22.29,22.29,22.19,22.19,17286
2026-04-13 14:50:00,22.2,22.22,22.105,22.12,50927
2026-04-13 14:55:00,22.15,22.15,22.1,22.15,57495
2026-04-13 15:00:00,22.15,22.2197,22.13,22.2197,35398
2026-04-13 15:05:00,22.21,22.24,22.1801,22.22,36639
2026-04-13 15:10:00,22.21,22.24,22.21,22.24,4923
2026-04-13 15:15:00,22.23,22.23,22.15,22.155,18496
2026-04-13 15:20:00,22.16,22.165,22.12,22.13,6328
2026-04-13 15:25:00,22.15,22.15,22.09,22.1203,10364
2026-04-13 15:30:00,22.12,22.13,22.0608,22.1,13874
2026-04-13 15:35:00,22.1199,22.16,22.1,22.14,42659
2026-04-13 15:40:00,22.15,22.19,22.14,22.17,49580
2026-04-13 15:45:00,22.16,22.205,22.16,22.18,21732
2026-04-13 15:50:00,22.19,22.19,22.0801,22.1,25487
2026-04-13 15:55:00,22.1001,22.16,22.08,22.125,75232
2026-04-13 16:00:00,22.13,22.17,22.13,22.17,39797
2026-04-13 16:05:00,22.16,22.16,22.12,22.12,1242
2026-04-13 16:10:00,22.1126,22.1126,22.1126,22.1126,500
2026-04-13 16:20:00,22.15,22.16,22.13,22.1599,15754
2026-04-13 16:25:00,22.15,22.1597,22.15,22.1597,5022
2026-04-13 16:30:00,22.14,22.14,22.14,22.14,1132
2026-04-13 16:35:00,22.1236,22.1236,22.1236,22.1236,314
2026-04-13 16:40:00,22.12,22.13,22.12,22.13,2113
2026-04-13 16:55:00,22.08,22.0901,22.07,22.0901,11394
2026-04-13 17:00:00,22.12,22.12,22.05,22.05,6100
2026-04-13 17:05:00,22.18,22.18,22.18,22.18,200
2026-04-13 17:10:00,22.0501,22.09,22.0501,22.08,536
2026-04-13 17:35:00,22.1,22.1,22.1,22.1,100
2026-04-13 17:40:00,22.1,22.1,22.1,22.1,400
2026-04-13 18:00:00,22.1006,22.1006,22,22,9439
2026-04-13 18:05:00,22,22.07,22,22.06,8262
2026-04-13 18:10:00,22.1,22.1,22,22,2845
2026-04-13 18:15:00,22,22,22,22,500
2026-04-13 18:20:00,22.02,22.0349,22.0009,22.0349,1955
2026-04-13 18:25:00,22.049,22.049,22.049,22.049,200
2026-04-13 18:30:00,22.04,22.04,22,22.0119,1889
2026-04-13 18:35:00,22.0215,22.0234,22.0208,22.0234,3634
2026-04-13 18:40:00,22.02,22.02,22.01,22.01,5500
2026-04-13 18:45:00,22,22.0052,21.95,22.0052,4465
2026-04-13 18:50:00,22.02,22.02,21.96,21.96,10990
2026-04-13 18:55:00,21.9306,21.9306,21.9306,21.9306,100
2026-04-13 19:00:00,21.93,21.9335,21.8993,21.9335,2138
2026-04-13 19:05:00,21.89,21.89,21.8304,21.84,3520
2026-04-13 19:10:00,21.8484,21.87,21.83,21.8506,8178
2026-04-13 19:15:00,21.8935,21.9161,21.89,21.9161,450
2026-04-13 19:20:00,21.9,21.95,21.9,21.95,15546
2026-04-13 19:25:00,21.93,21.96,21.93,21.941,2210
2026-04-13 19:30:00,21.97,21.97,21.97,21.97,250
2026-04-13 19:35:00,21.98,21.98,21.96,21.96,407
2026-04-13 19:40:00,21.9648,21.9648,21.9112,21.9112,2330
2026-04-13 19:45:00,21.9219,21.9498,21.91,21.92,6845
2026-04-13 19:50:00,21.92,21.94,21.92,21.921,852
2026-04-13 19:55:00,21.94,22.0089,21.94,22,4014
2026-04-13 20:00:00,22,22,22,22,100
2026-04-14 04:00:00,20.92,21.59,20.7,20.89,288429
2026-04-14 04:05:00,20.88,21.45,20.85,20.88,23401
2026-04-14 04:10:00,20.89,20.9,20.87,20.9,740
2026-04-14 04:15:00,20.89,20.92,20.86,20.88,4489
2026-04-14 04:20:00,20.88,20.88,20.86,20.88,5709
2026-04-14 04:25:00,20.86,20.86,20.75,20.76,14155
2026-04-14 04:30:00,20.75,20.78,20.7,20.7,29445
2026-04-14 04:35:00,20.71,20.73,20.68,20.69,23687
2026-04-14 04:40:00,20.7,20.79,20.69,20.79,4741
2026-04-14 04:45:00,20.75,20.75,20.7,20.73,5537
2026-04-14 04:50:00,20.75,20.75,20.68,20.72,4471
2026-04-14 04:55:00,20.7,20.72,20.65,20.65,5255
2026-04-14 05:00:00,20.63,20.65,20.63,20.65,13450
2026-04-14 05:05:00,20.74,20.76,20.74,20.74,3780
2026-04-14 05:10:00,20.74,20.75,20.74,20.75,4421
2026-04-14 05:15:00,20.72,20.74,20.71,20.73,3148
2026-04-14 05:20:00,20.74,20.74,20.69,20.73,8026
2026-04-14 05:25:00,20.76,20.81,20.76,20.81,8511
2026-04-14 05:30:00,20.84,20.9,20.83,20.87,22753
2026-04-14 05:35:00,20.86,20.86,20.8305,20.8305,1125
2026-04-14 05:40:00,20.78,20.81,20.77,20.81,4814
2026-04-14 05:45:00,20.83,20.83,20.83,20.83,200
2026-04-14 05:55:00,20.81,20.85,20.78,20.85,3346
2026-04-14 06:00:00,20.84,20.88,20.82,20.87,2460
2026-04-14 06:05:00,20.86,20.86,20.83,20.83,698
2026-04-14 06:10:00,20.81,20.86,20.81,20.86,3027
2026-04-14 06:15:00,20.82,20.82,20.76,20.76,2359
2026-04-14 06:20:00,20.76,20.81,20.76,20.79,2508
2026-04-14 06:25:00,20.86,20.86,20.86,20.86,1604
2026-04-14 06:30:00,20.86,20.9,20.84,20.9,5321
2026-04-14 06:35:00,20.91,21.085,20.9,21.02,42886
2026-04-14 06:40:00,21,21.04,20.95,20.97,32808
2026-04-14 06:45:00,20.97,20.97,20.9,20.9295,5043
2026-04-14 06:50:00,20.89,20.89,20.89,20.89,380
2026-04-14 06:55:00,20.9,20.97,20.89,20.97,1860
2026-04-14 07:00:00,21,21.1,21,21.1,21773
2026-04-14 07:05:00,21.09,21.0901,20.99,21.03,21124
2026-04-14 07:10:00,21.03,21.04,21.01,21.0187,12350
2026-04-14 07:15:00,21.03,21.03,20.96,20.97,22166
2026-04-14 07:20:00,20.96,20.98,20.95,20.98,6969
2026-04-14 07:25:00,20.95,20.95,20.905,20.93,34970
2026-04-14 07:30:00,20.94,21.05,20.93,21.05,9776
2026-04-14 07:35:00,21.04,21.05,20.97,20.98,10194
2026-04-14 07:40:00,20.97,20.99,20.955,20.96,4020
2026-04-14 07:45:00,20.97,21.02,20.93,21.02,7100
2026-04-14 07:50:00,21.02,21.04,21.01,21.01,19019
2026-04-14 07:55:00,21.0399,21.0399,20.87,20.95,18414
2026-04-14 08:00:00,20.93,20.9301,20.8899,20.8899,34500
2026-04-14 08:05:00,20.84,20.85,20.82,20.83,3957
2026-04-14 08:10:00,20.84,21.0001,20.82,20.99,55801
2026-04-14 08:15:00,20.99,21.02,20.95,21,20439
2026-04-14 08:20:00,21.02,21.17,21.02,21.15,7458
2026-04-14 08:25:00,21.11,21.11,20.9687,21.02,12485
2026-04-14 08:30:00,21,21.0187,20.8986,20.91,40950
2026-04-14 08:35:00,20.93,20.9491,20.9,20.9491,1303
2026-04-14 08:40:00,20.91,20.94,20.85,20.94,14836
2026-04-14 08:45:00,20.95,21.001,20.93,20.93,9134
2026-04-14 08:50:00,20.9302,21.1,20.9302,21.07,10574
2026-04-14 08:55:00,21.0497,21.0497,20.96,20.96,3071
2026-04-14 09:00:00,20.9387,20.96,20.84,20.8887,44646
2026-04-14 09:05:00,20.89,20.9887,20.89,20.94,45894
2026-04-14 09:10:00,20.92,20.92,20.78,20.78,36631
2026-04-14 09:15:00,20.7798,20.7798,20.649,20.67,30474
2026-04-14 09:20:00,20.65,20.7102,20.64,20.64,45244
2026-04-14 09:25:00,20.7,20.82,20.6724,20.82,28875
2026-04-14 09:30:00,20.84,20.855,20.6,20.65,145288
2026-04-14 09:35:00,20.645,20.69,20.44,20.6101,294168
2026-04-14 09:40:00,20.61,20.685,20.5,20.65,157665
2026-04-14 09:45:00,20.655,20.69,20.5497,20.55,110298
2026-04-14 09:50:00,20.55,20.645,20.495,20.5299,86977
2026-04-14 09:55:00,20.53,20.57,20.46,20.49,101179
2026-04-14 10:00:00,20.47,20.48,20.34,20.445,163899
2026-04-14 10:05:00,20.44,20.445,20.17,20.2,325113
2026-04-14 10:10:00,20.195,20.27,20.14,20.23,236424
2026-04-14 10:15:00,20.22,20.25,20.13,20.15,136343
2026-04-14 10:20:00,20.14,20.2,20.13,20.2,89170
2026-04-14 10:25:00,20.2,20.21,20.05,20.07,125752
2026-04-14 10:30:00,20.05,20.08,19.885,19.93,189461
2026-04-14 10:35:00,19.9391,20.0974,19.8982,20.08,143632
2026-04-14 10:40:00,20.08,20.11,19.99,20.1001,105215
2026-04-14 10:45:00,20.11,20.16,20.0201,20.0201,51733
2026-04-14 10:50:00,20.03,20.08,20,20,89074
2026-04-14 10:55:00,20,20.04,19.96,20.035,36756
2026-04-14 11:00:00,20.04,20.21,20.035,20.2,81259
2026-04-14 11:05:00,20.21,20.29,20.1607,20.2601,135962
2026-04-14 11:10:00,20.27,20.31,20.2108,20.2914,88214
2026-04-14 11:15:00,20.3,20.3,20.16,20.165,78468
2026-04-14 11:20:00,20.17,20.1799,20.09,20.1261,87331
2026-04-14 11:25:00,20.11,20.145,20.08,20.095,28641
2026-04-14 11:30:00,20.102,20.11,20,20.0252,95546
2026-04-14 11:35:00,20.01,20.02,19.95,19.97,45214
2026-04-14 11:40:00,19.985,20.01,19.9311,19.96,29471
2026-04-14 11:45:00,19.9557,20.02,19.94,19.98,129816
2026-04-14 11:50:00,19.985,20,19.9,19.96,190228
2026-04-14 11:55:00,19.9601,20.0399,19.955,20.02,20067
2026-04-14 12:00:00,20.02,20.0592,19.85,19.87,162620
2026-04-14 12:05:00,19.87,19.88,19.815,19.8198,35594
2026-04-14 12:10:00,19.82,19.955,19.82,19.95,41821
2026-04-14 12:15:00,19.95,19.961,19.85,19.875,37434
2026-04-14 12:20:00,19.87,19.9199,19.8601,19.875,27018
2026-04-14 12:25:00,19.87,19.87,19.8008,19.83,33103
2026-04-14 12:30:00,19.8299,19.9,19.79,19.85,68000
2026-04-14 12:35:00,19.855,19.93,19.855,19.885,64524
2026-04-14 12:40:00,19.865,19.87,19.84,19.86,31658
2026-04-14 12:45:00,19.865,19.92,19.86,19.875,30711
2026-04-14 12:50:00,19.8774,20.01,19.84,20,92390
2026-04-14 12:55:00,20.01,20.095,20.01,20.0797,59666
2026-04-14 13:00:00,20.08,20.095,20,20.0103,55507
2026-04-14 13:05:00,19.995,20.025,19.91,19.985,48659
2026-04-14 13:10:00,19.99,20,19.915,19.98,20732
2026-04-14 13:15:00,20.005,20.03,19.98,20.01,16732
2026-04-14 13:20:00,20,20,19.84,19.89,75815
2026-04-14 13:25:00,19.89,19.919,19.85,19.9,232894
2026-04-14 13:30:00,19.89,19.89,19.84,19.865,47414
2026-04-14 13:35:00,19.86,19.87,19.815,19.82,20256
2026-04-14 13:40:00,19.819,19.83,19.795,19.83,34011
2026-04-14 13:45:00,19.83,19.86,19.81,19.84,40879
2026-04-14 13:50:00,19.85,19.91,19.825,19.89,32215
2026-04-14 13:55:00,19.89,19.935,19.88,19.905,53365
2026-04-14 14:00:00,19.9,19.95,19.9,19.93,23221
2026-04-14 14:05:00,19.93,19.97,19.915,19.9373,42432
2026-04-14 14:10:00,19.92,20,19.92,19.9701,28845
2026-04-14 14:15:00,19.975,20.04,19.96,20.0101,38980
2026-04-14 14:20:00,20.02,20.11,20.02,20.1,253897
2026-04-14 14:25:00,20.0794,20.0794,19.98,19.9901,9650
2026-04-14 14:30:00,19.985,19.985,19.92,19.96,24437
2026-04-14 14:35:00,19.94,19.9479,19.915,19.93,11193
2026-04-14 14:40:00,19.95,20.02,19.945,20.02,24948
2026-04-14 14:45:00,20.0101,20.0301,20,20.01,18022
2026-04-14 14:50:00,20.01,20.03,19.9601,19.97,13989
2026-04-14 14:55:00,19.97,19.975,19.9301,19.95,21749
2026-04-14 15:00:00,19.945,19.945,19.865,19.865,32413
2026-04-14 15:05:00,19.871,19.89,19.8601,19.89,15796
2026-04-14 15:10:00,19.89,19.9373,19.87,19.9373,17640
2026-04-14 15:15:00,19.9337,19.975,19.9337,19.96,10516
2026-04-14 15:20:00,19.93,19.93,19.88,19.925,13681
2026-04-14 15:25:00,19.93,19.9378,19.9,19.905,9872
2026-04-14 15:30:00,19.91,19.91,19.83,19.875,69086
2026-04-14 15:35:00,19.875,19.89,19.83,19.8307,20219
2026-04-14 15:40:00,19.835,19.865,19.835,19.845,33981
2026-04-14 15:45:00,19.845,19.885,19.845,19.87,43085
2026-04-14 15:50:00,19.86,19.8693,19.825,19.855,81812
2026-04-14 15:55:00,19.85,19.85,19.81,19.8187,78617
2026-04-14 16:00:00,19.81,19.82,19.8003,19.8098,5094
2026-04-14 16:05:00,19.8013,19.8098,19.8,19.8,3201
2026-04-14 16:10:00,19.8013,19.8098,19.8,19.8098,2283
2026-04-14 16:15:00,19.8,19.81,19.8,19.81,2701
2026-04-14 16:20:00,19.8087,19.8098,19.8018,19.8018,2300
2026-04-14 16:25:00,19.8098,19.82,19.8,19.8197,13329
2026-04-14 16:30:00,19.817,19.817,19.817,19.817,100
2026-04-14 16:35:00,19.81,19.81,19.8098,19.8098,1801
2026-04-14 16:40:00,19.809,19.809,19.809,19.809,100
2026-04-14 16:45:00,19.8,19.809,19.8,19.809,2501
2026-04-14 16:50:00,19.8006,19.809,19.8006,19.805,2008
2026-04-14 16:55:00,19.81,19.82,19.81,19.81,3145
2026-04-14 17:00:00,19.83,19.84,19.82,19.82,757
2026-04-14 17:05:00,19.83,19.8398,19.83,19.8398,200
2026-04-14 17:10:00,19.84,19.84,19.8226,19.8226,3100
2026-04-14 17:15:00,19.8392,19.84,19.8226,19.8398,2511
2026-04-14 17:20:00,19.8392,19.8399,19.8392,19.8397,1100
2026-04-14 17:25:00,19.83,19.84,19.83,19.84,200
2026-04-14 17:35:00,19.8365,19.8365,19.8365,19.8365,500
2026-04-14 17:40:00,19.83,19.86,19.83,19.86,614
2026-04-14 17:45:00,19.8599,19.8599,19.8599,19.8599,500
2026-04-14 17:50:00,19.8485,19.8699,19.8485,19.8699,1355
2026-04-14 17:55:00,19.85,19.86,19.85,19.86,1285
2026-04-14 18:00:00,19.85,19.9,19.84,19.84,8516
2026-04-14 18:05:00,19.8,19.81,19.8,19.81,2526
2026-04-14 18:10:00,19.8272,19.8599,19.8272,19.85,2704
2026-04-14 18:15:00,19.8301,19.8499,19.83,19.8499,1036
2026-04-14 18:20:00,19.8895,19.89,19.88,19.88,2572
2026-04-14 18:25:00,19.88,19.88,19.84,19.87,1866
2026-04-14 18:30:00,19.9,19.91,19.87,19.88,6074
2026-04-14 18:35:00,19.89,19.89,19.88,19.88,2741
2026-04-14 18:40:00,19.8709,19.89,19.8709,19.8873,1476
2026-04-14 18:45:00,19.89,19.89,19.8839,19.89,2892
2026-04-14 18:50:00,19.9,19.9,19.9,19.9,200
2026-04-14 18:55:00,19.93,19.95,19.92,19.9281,5920
2026-04-14 19:00:00,19.94,19.94,19.89,19.89,5212
2026-04-14 19:05:00,19.87,19.87,19.8205,19.8499,4156
2026-04-14 19:10:00,19.85,19.9,19.85,19.9,2529
2026-04-14 19:15:00,19.88,19.8899,19.8694,19.8694,7006
2026-04-14 19:20:00,19.8796,19.8796,19.8593,19.8593,650
2026-04-14 19:25:00,19.86,19.86,19.86,19.86,100
2026-04-14 19:30:00,19.85,19.85,19.82,19.82,1661
2026-04-14 19:35:00,19.8,19.8,19.75,19.75,8765
2026-04-14 19:40:00,19.74,19.79,19.7347,19.77,2858
2026-04-14 19:45:00,19.75,19.7502,19.74,19.7502,7140
2026-04-14 19:50:00,19.76,19.8285,19.76,19.8035,3783
2026-04-14 19:55:00,19.83,19.84,19.8101,19.82,3704
2026-04-15 04:00:00,19.68,20.1,19.61,19.995,170458
2026-04-15 04:05:00,19.99,20.05,19.92,20,2597
2026-04-15 04:10:00,20.05,20.09,20.03,20.04,25923
2026-04-15 04:15:00,20,20,19.97,19.97,1534
2026-04-15 04:20:00,20,20.04,20,20.04,250
2026-04-15 04:25:00,20.02,20.05,20.02,20.05,400
2026-04-15 04:30:00,20.01,20.03,20.01,20.02,3715
2026-04-15 04:35:00,20,20,20,20,1901
2026-04-15 04:40:00,20.03,20.03,19.98,19.98,3342
2026-04-15 04:45:00,20.01,20.05,20.01,20.01,1194
2026-04-15 04:50:00,20.01,20.01,20,20,1246
2026-04-15 04:55:00,19.99,19.99,19.94,19.94,7853
2026-04-15 05:00:00,19.94,20.03,19.92,20.03,9514
2026-04-15 05:05:00,20.02,20.2,20.02,20.16,23289
2026-04-15 05:10:00,20.16,20.3,20.15,20.15,54218
2026-04-15 05:15:00,20.17,20.26,20.17,20.26,6567
2026-04-15 05:20:00,20.21,20.255,20.19,20.19,9649
2026-04-15 05:25:00,20.19,20.28,20.19,20.27,8041
2026-04-15 05:30:00,20.26,20.28,20.25,20.28,3560
2026-04-15 05:35:00,20.28,20.28,20.25,20.25,2178
2026-04-15 05:40:00,20.3,20.31,20.24,20.2696,6472
2026-04-15 05:45:00,20.27,20.49,20.27,20.44,40471
2026-04-15 05:50:00,20.42,20.43,20.34,20.35,18250
2026-04-15 05:55:00,20.35,20.4,20.32,20.33,29664
2026-04-15 06:00:00,20.33,20.4,20.33,20.34,9599
2026-04-15 06:05:00,20.35,20.38,20.26,20.26,15872
2026-04-15 06:10:00,20.25,20.25,20.21,20.22,25548
2026-04-15 06:15:00,20.2,20.35,20.19,20.31,10902
2026-04-15 06:20:00,20.33,20.35,20.28,20.33,5191
2026-04-15 06:25:00,20.32,20.37,20.32,20.34,7646
2026-04-15 06:30:00,20.34,20.34,20.27,20.34,4908
2026-04-15 06:35:00,20.35,20.35,20.32,20.33,3536
2026-04-15 06:40:00,20.32,20.36,20.3,20.3,7113
2026-04-15 06:45:00,20.25,20.25,20.18,20.25,2553
2026-04-15 06:50:00,20.26,20.27,20.24,20.24,1744
2026-04-15 06:55:00,20.24,20.27,20.21,20.21,6123
2026-04-15 07:00:00,20.21,20.3,20.16,20.3,13231
2026-04-15 07:05:00,20.3,20.32,20.28,20.29,17545
2026-04-15 07:10:00,20.28,20.28,20.19,20.2,22864
2026-04-15 07:15:00,20.19,20.24,20.18,20.2187,8175
2026-04-15 07:20:00,20.25,20.25,20.21,20.21,22629
2026-04-15 07:25:00,20.2013,20.2203,20.1999,20.22,4113
2026-04-15 07:30:00,20.2313,20.24,20.18,20.24,10636
2026-04-15 07:35:00,20.24,20.26,20.2,20.2,4774
2026-04-15 07:40:00,20.2,20.24,20.2,20.24,9828
2026-04-15 07:45:00,20.2113,20.25,20.1,20.25,33340
2026-04-15 07:50:00,20.22,20.22,20.06,20.0791,7818
2026-04-15 07:55:00,20.0799,20.09,20.05,20.06,17131
2026-04-15 08:00:00,20.05,20.09,20.03,20.0802,21847
2026-04-15 08:05:00,20.12,20.18,20.12,20.14,14877
2026-04-15 08:10:00,20.12,20.19,20.12,20.1713,2526
2026-04-15 08:15:00,20.17,20.17,20.1,20.1,8782
2026-04-15 08:20:00,20.09,20.12,20.09,20.1,28196
2026-04-15 08:25:00,20.14,20.19,20.13,20.1787,9264
2026-04-15 08:30:00,20.17,20.2,20.15,20.18,71740
2026-04-15 08:35:00,20.19,20.275,20.18,20.26,27178
2026-04-15 08:40:00,20.26,20.29,20.23,20.29,16907
2026-04-15 08:45:00,20.2998,20.2998,20.27,20.2801,67919
2026-04-15 08:50:00,20.2801,20.285,20.28,20.2813,9660
2026-04-15 08:55:00,20.27,20.28,20.2307,20.28,8279
2026-04-15 09:00:00,20.3,20.31,20.205,20.22,11529
2026-04-15 09:05:00,20.21,20.21,19.99,20.01,38621
2026-04-15 09:10:00,20,20.0186,19.94,19.97,15416
2026-04-15 09:15:00,19.96,19.98,19.92,19.98,9742
2026-04-15 09:20:00,19.99,19.99,19.8705,19.8998,17033
2026-04-15 09:25:00,19.9,19.9001,19.85,19.86,21026
2026-04-15 09:30:00,19.88,19.97,19.85,19.8801,212235
2026-04-15 09:35:00,19.885,19.93,19.745,19.78,220458
2026-04-15 09:40:00,19.75,19.84,19.71,19.8297,59810
2026-04-15 09:45:00,19.83,19.85,19.73,19.74,85755
2026-04-15 09:50:00,19.73,19.76,19.6603,19.691,62266
2026-04-15 09:55:00,19.705,19.705,19.57,19.575,45648
2026-04-15 10:00:00,19.57,19.6,19.53,19.53,159931
2026-04-15 10:05:00,19.54,19.56,19.48,19.55,116927
2026-04-15 10:10:00,19.545,19.55,19.41,19.43,119683
2026-04-15 10:15:00,19.425,19.48,19.325,19.47,84042
2026-04-15 10:20:00,19.47,19.48,19.42,19.48,86534
2026-04-15 10:25:00,19.47,19.5,19.42,19.43,66275
2026-04-15 10:30:00,19.45,19.59,19.42,19.55,119022
2026-04-15 10:35:00,19.55,19.5894,19.5,19.58,58097
2026-04-15 10:40:00,19.59,19.64,19.53,19.55,52498
2026-04-15 10:45:00,19.5599,19.59,19.55,19.57,33744
2026-04-15 10:50:00,19.57,19.61,19.53,19.595,99806
2026-04-15 10:55:00,19.59,19.59,19.53,19.56,36238
2026-04-15 11:00:00,19.5594,19.665,19.5594,19.665,81950
2026-04-15 11:05:00,19.665,19.85,19.665,19.8099,89286
2026-04-15 11:10:00,19.81,19.815,19.64,19.69,134465
2026-04-15 11:15:00,19.69,19.79,19.6698,19.725,48416
2026-04-15 11:20:00,19.71,19.845,19.69,19.84,63202
2026-04-15 11:25:00,19.835,19.86,19.8101,19.8385,89033
2026-04-15 11:30:00,19.8301,20.18,19.8301,20.07,255878
2026-04-15 11:35:00,20.07,20.0788,19.9,19.9297,105544
2026-04-15 11:40:00,19.955,19.955,19.83,19.865,108313
2026-04-15 11:45:00,19.885,19.885,19.83,19.84,41161
2026-04-15 11:50:00,19.85,19.87,19.8,19.82,54571
2026-04-15 11:55:00,19.85,19.955,19.83,19.91,30208
2026-04-15 12:00:00,19.895,19.94,19.82,19.82,18447
2026-04-15 12:05:00,19.825,19.86,19.74,19.7402,33909
2026-04-15 12:10:00,19.775,19.785,19.735,19.74,13805
2026-04-15 12:15:00,19.74,19.8,19.74,19.765,26542
2026-04-15 12:20:00,19.7601,19.8,19.7501,19.8,18624
2026-04-15 12:25:00,19.79,19.845,19.77,19.7803,20820
2026-04-15 12:30:00,19.8,19.89,19.795,19.855,17661
2026-04-15 12:35:00,19.8801,19.9102,19.8701,19.91,27674
2026-04-15 12:40:00,19.93,19.9788,19.93,19.935,77061
2026-04-15 12:45:00,19.96,20.005,19.9401,19.985,43289
2026-04-15 12:50:00,20,20,19.89,19.965,102257
2026-04-15 12:55:00,19.96,20,19.9,19.905,53513
2026-04-15 13:00:00,19.9,19.98,19.895,19.9777,13376
2026-04-15 13:05:00,19.985,20.015,19.985,20.01,36026
2026-04-15 13:10:00,20,20.04,19.995,20.005,33571
2026-04-15 13:15:00,20,20.04,19.97,19.985,8067
2026-04-15 13:20:00,19.98,19.98,19.89,19.89,13302
2026-04-15 13:25:00,19.88,19.88,19.82,19.86,41848
2026-04-15 13:30:00,19.86,19.87,19.81,19.87,33727
2026-04-15 13:35:00,19.87,19.9,19.83,19.89,44082
2026-04-15 13:40:00,19.88,19.9855,19.88,19.96,65376
2026-04-15 13:45:00,19.96,19.9601,19.93,19.9399,9858
2026-04-15 13:50:00,19.94,19.98,19.935,19.95,11766
2026-04-15 13:55:00,19.955,20,19.925,19.9956,11442
2026-04-15 14:00:00,20.005,20.06,19.92,19.92,45962
2026-04-15 14:05:00,19.97,19.979,19.93,19.955,14179
2026-04-15 14:10:00,19.975,20,19.95,19.95,20999
2026-04-15 14:15:00,19.95,19.97,19.92,19.97,14348
2026-04-15 14:20:00,19.9696,19.99,19.96,19.98,3498
2026-04-15 14:25:00,19.96,19.965,19.94,19.955,8545
2026-04-15 14:30:00,19.96,19.97,19.925,19.95,16021
2026-04-15 14:35:00,19.93,19.975,19.93,19.9593,8132
2026-04-15 14:40:00,19.95,19.9993,19.9435,19.97,8571
2026-04-15 14:45:00,19.97,19.9799,19.955,19.96,14043
2026-04-15 14:50:00,19.95,19.95,19.87,19.92,35203
2026-04-15 14:55:00,19.925,19.93,19.88,19.91,11108
2026-04-15 15:00:00,19.925,19.925,19.9099,19.92,6540
2026-04-15 15:05:00,19.9199,19.9199,19.87,19.9,25372
2026-04-15 15:10:00,19.8916,19.8999,19.84,19.895,24483
2026-04-15 15:15:00,19.9,19.955,19.9,19.9385,8104
2026-04-15 15:20:00,19.92,19.92,19.88,19.88,8197
2026-04-15 15:25:00,19.89,19.89,19.8301,19.8301,2575
2026-04-15 15:30:00,19.8492,19.86,19.84,19.86,12470
2026-04-15 15:35:00,19.855,19.875,19.8326,19.87,11847
2026-04-15 15:40:00,19.89,19.93,19.8701,19.88,13900
2026-04-15 15:45:00,19.86,19.88,19.84,19.84,7003
2026-04-15 15:50:00,19.8403,19.8498,19.8101,19.83,14035
2026-04-15 15:55:00,19.83,19.88,19.82,19.865,37490
2026-04-15 16:00:00,19.865,19.9592,19.865,19.9592,25414
2026-04-15 16:05:00,19.96,20,19.9502,20,7366
2026-04-15 16:10:00,19.99,19.99,19.95,19.9639,787
2026-04-15 16:20:00,19.999,20.01,19.98,19.99,10797
2026-04-15 16:25:00,20,20,20,20,600
2026-04-15 16:30:00,20,20.02,20,20.02,1820
2026-04-15 16:35:00,20.02,20.06,20.02,20.049,3760
2026-04-15 16:40:00,20.04,20.05,20.04,20.05,380
2026-04-15 16:45:00,20.06,20.07,20.03,20.06,2171
2026-04-15 16:50:00,20.08,20.11,20.08,20.1039,22145
2026-04-15 16:55:00,20.14,20.14,20.12,20.12,970
2026-04-15 17:00:00,20.11,20.11,20.1,20.1,1110
2026-04-15 17:05:00,20.12,20.12,20.05,20.06,1001
2026-04-15 17:10:00,20.05,20.0503,20.05,20.0503,700
2026-04-15 17:25:00,20.1,20.1,20.1,20.1,100
2026-04-15 17:35:00,20.08,20.08,20.08,20.08,100
2026-04-15 17:40:00,20.079,20.079,20.06,20.06,200
2026-04-15 17:50:00,20.02,20.02,20.02,20.02,111
2026-04-15 17:55:00,20.02,20.02,20.02,20.02,240
2026-04-15 18:00:00,20.08,20.1,20,20.02,7914
2026-04-15 18:05:00,20,20,19.9501,19.9604,5095
2026-04-15 18:10:00,20.0497,20.0497,20.0497,20.0497,200
2026-04-15 18:15:00,20,20,20,20,275
2026-04-15 18:20:00,19.95,19.95,19.94,19.941,800
2026-04-15 18:25:00,19.94,19.95,19.93,19.95,4861
2026-04-15 18:30:00,19.93,19.93,19.93,19.93,705
2026-04-15 18:35:00,19.9201,19.9201,19.9201,19.9201,300
2026-04-15 18:40:00,19.9101,19.94,19.9101,19.94,3900
2026-04-15 18:45:00,19.94,19.94,19.89,19.89,923
2026-04-15 18:50:00,19.9,19.9,19.89,19.89,6100
2026-04-15 18:55:00,19.9,19.9,19.9,19.9,172
2026-04-15 19:00:00,19.89,19.89,19.89,19.89,500
2026-04-15 19:05:00,19.9,19.9,19.8899,19.8899,1800
2026-04-15 19:15:00,19.8998,19.8998,19.88,19.88,1255
2026-04-15 19:20:00,19.88,19.89,19.87,19.88,2609
2026-04-15 19:25:00,19.87,19.87,19.87,19.87,980
2026-04-15 19:30:00,19.87,19.87,19.82,19.82,12763
2026-04-15 19:35:00,19.82,19.8201,19.8,19.8003,3247
2026-04-15 19:40:00,19.81,19.82,19.8007,19.8007,3232
2026-04-15 19:45:00,19.81,19.81,19.79,19.79,4951
2026-04-15 19:50:00,19.78,19.8,19.78,19.8,18729
2026-04-15 19:55:00,19.84,19.84,19.8,19.8,10664
2026-04-15 20:00:00,19.84,19.84,19.84,19.84,200
2026-04-16 04:00:00,19.5,19.59,19.15,19.59,109780
2026-04-16 04:05:00,19.59,19.78,19.44,19.5947,35406
2026-04-16 04:10:00,19.6048,19.66,19.5803,19.66,4389
2026-04-16 04:15:00,19.65,19.67,19.6236,19.65,3258
2026-04-16 04:20:00,19.66,19.72,19.6411,19.71,11328
2026-04-16 04:25:00,19.72,19.75,19.72,19.72,3731
2026-04-16 04:30:00,19.72,19.75,19.72,19.73,3378
2026-04-16 04:35:00,19.75,19.76,19.73,19.76,1364
2026-04-16 04:40:00,19.75,19.75,19.68,19.72,259714
2026-04-16 04:45:00,19.7,19.71,19.68,19.68,1229
2026-04-16 04:50:00,19.72,19.72,19.72,19.72,997
2026-04-16 04:55:00,19.73,19.73,19.71,19.71,1140
2026-04-16 05:00:00,19.71,19.72,19.7,19.7,2221
2026-04-16 05:05:00,19.6905,19.6905,19.68,19.68,1706
2026-04-16 05:10:00,19.68,19.71,19.68,19.71,4561
2026-04-16 05:15:00,19.74,19.75,19.73,19.7495,1718
2026-04-16 05:20:00,19.71,19.75,19.71,19.75,248
2026-04-16 05:25:00,19.75,19.82,19.75,19.8,3624
2026-04-16 05:30:00,19.81,19.86,19.8,19.81,8017
2026-04-16 05:35:00,19.78,19.78,19.76,19.77,1123
2026-04-16 05:40:00,19.76,19.77,19.76,19.76,660
2026-04-16 05:45:00,19.78,19.79,19.765,19.78,3544
2026-04-16 05:50:00,19.78,19.81,19.78,19.78,3079
2026-04-16 05:55:00,19.77,19.83,19.77,19.81,7089
2026-04-16 06:00:00,19.79,19.81,19.78,19.79,1945
2026-04-16 06:05:00,19.77,19.8,19.77,19.8,876
2026-04-16 06:10:00,19.82,19.85,19.82,19.85,1700
2026-04-16 06:15:00,19.87,19.88,19.84,19.84,1837
2026-04-16 06:20:00,19.84,19.84,19.84,19.84,1963
2026-04-16 06:25:00,19.7905,19.82,19.78,19.81,1670
2026-04-16 06:30:00,19.8,19.81,19.79,19.79,2733
2026-04-16 06:35:00,19.79,19.79,19.77,19.79,570
2026-04-16 06:40:00,19.76,19.79,19.76,19.79,1400
2026-04-16 06:45:00,19.79,19.84,19.79,19.84,793
2026-04-16 06:50:00,19.77,19.77,19.72,19.73,3414
2026-04-16 06:55:00,19.6909,19.6909,19.6608,19.6608,1104
2026-04-16 07:00:00,19.67,19.75,19.67,19.7199,7827
2026-04-16 07:05:00,19.6908,19.75,19.6908,19.75,2560
2026-04-16 07:10:00,19.72,19.72,19.7,19.7,3683
2026-04-16 07:15:00,19.69,19.69,19.69,19.69,200
2026-04-16 07:20:00,19.72,19.74,19.72,19.72,1868
2026-04-16 07:25:00,19.7498,19.81,19.7398,19.8098,8133
2026-04-16 07:30:00,19.74,19.79,19.74,19.77,3024
2026-04-16 07:35:00,19.771,19.7898,19.7647,19.78,10976
2026-04-16 07:40:00,19.8,19.83,19.8,19.8087,24160
2026-04-16 07:45:00,19.8,19.86,19.8,19.83,499
2026-04-16 07:50:00,19.78,19.78,19.77,19.77,1963
2026-04-16 07:55:00,19.7287,19.7291,19.72,19.72,639
2026-04-16 08:00:00,19.72,19.7501,19.7199,19.7501,1793
2026-04-16 08:05:00,19.76,19.82,19.76,19.8102,4690
2026-04-16 08:10:00,19.82,19.86,19.7987,19.7987,4223
2026-04-16 08:15:00,19.8,19.81,19.8,19.805,4100
2026-04-16 08:20:00,19.81,19.88,19.81,19.88,3583
2026-04-16 08:25:00,19.91,19.97,19.9098,19.97,6995
2026-04-16 08:30:00,19.9855,20.03,19.9,19.91,38426
2026-04-16 08:35:00,19.9,20.06,19.9,20.04,15552
2026-04-16 08:40:00,20.04,20.0797,20.0298,20.0599,27417
2026-04-16 08:45:00,20.0402,20.05,20.03,20.04,41211
2026-04-16 08:50:00,20.02,20.0298,19.9794,19.9794,4392
2026-04-16 08:55:00,19.96,19.96,19.925,19.94,4035
2026-04-16 09:00:00,19.92,19.92,19.77,19.8,14882
2026-04-16 09:05:00,19.8084,19.85,19.74,19.85,18335
2026-04-16 09:10:00,19.9,19.9,19.84,19.87,4589
2026-04-16 09:15:00,19.85,19.89,19.85,19.8687,3376
2026-04-16 09:20:00,19.84,19.84,19.7992,19.8,6295
2026-04-16 09:25:00,19.801,19.86,19.801,19.86,49791
2026-04-16 09:30:00,19.83,19.9015,19.75,19.7501,84264
2026-04-16 09:35:00,19.76,19.83,19.695,19.77,79642
2026-04-16 09:40:00,19.765,19.87,19.71,19.8206,85014
2026-04-16 09:45:00,19.8309,19.9399,19.785,19.9,56369
2026-04-16 09:50:00,19.905,20.42,19.8999,20.33,335590
2026-04-16 09:55:00,20.33,20.46,20.25,20.25,213088
2026-04-16 10:00:00,20.26,20.54,20.23,20.465,256720
2026-04-16 10:05:00,20.46,20.55,20.215,20.2202,215658
2026-04-16 10:10:00,20.21,20.22,20.13,20.2,122042
2026-04-16 10:15:00,20.1794,20.3,20.145,20.28,41681
2026-04-16 10:20:00,20.27,20.385,20.22,20.3,48943
2026-04-16 10:25:00,20.305,20.3301,20.22,20.22,48890
2026-04-16 10:30:00,20.22,20.32,20.2,20.2799,40794
2026-04-16 10:35:00,20.28,20.34,20.27,20.33,61050
2026-04-16 10:40:00,20.34,20.55,20.33,20.33,169309
2026-04-16 10:45:00,20.33,20.39,20.28,20.34,39138
2026-04-16 10:50:00,20.33,20.38,20.275,20.3,21472
2026-04-16 10:55:00,20.31,20.39,20.31,20.32,26030
2026-04-16 11:00:00,20.33,20.33,20.19,20.2,29566
2026-04-16 11:05:00,20.21,20.21,20.0701,20.0801,49705
2026-04-16 11:10:00,20.09,20.1379,20.02,20.1174,64371
2026-04-16 11:15:00,20.11,20.25,20.0691,20.2,63024
2026-04-16 11:20:00,20.2,20.2,20.15,20.17,20460
2026-04-16 11:25:00,20.2,20.265,20.15,20.26,32818
2026-04-16 11:30:00,20.25,20.28,20.2,20.28,16449
2026-04-16 11:35:00,20.2769,20.33,20.14,20.2,44914
2026-04-16 11:40:00,20.18,20.285,20.18,20.22,38119
2026-04-16 11:45:00,20.215,20.25,20.15,20.235,159844
2026-04-16 11:50:00,20.2199,20.2199,20.14,20.1491,23289
2026-04-16 11:55:00,20.165,20.17,20.11,20.1221,19883
2026-04-16 12:00:00,20.12,20.14,20.0803,20.1,12762
2026-04-16 12:05:00,20.1199,20.15,20.115,20.12,7010
2026-04-16 12:10:00,20.15,20.175,20.13,20.175,5992
2026-04-16 12:15:00,20.145,20.17,20.12,20.13,10757
2026-04-16 12:20:00,20.14,20.2497,20.14,20.2299,27666
2026-04-16 12:25:00,20.23,20.245,20.21,20.22,12160
2026-04-16 12:30:00,20.21,20.435,20.205,20.335,80900
2026-04-16 12:35:00,20.33,20.3444,20.27,20.295,19377
2026-04-16 12:40:00,20.29,20.36,20.28,20.325,19604
2026-04-16 12:45:00,20.31,20.36,20.31,20.36,15880
2026-04-16 12:50:00,20.34,20.36,20.27,20.34,12395
2026-04-16 12:55:00,20.33,20.33,20.2901,20.305,4550
2026-04-16 13:00:00,20.3,20.3,20.2403,20.285,55755
2026-04-16 13:05:00,20.28,20.31,20.25,20.265,30819
2026-04-16 13:10:00,20.27,20.35,20.27,20.34,20796
2026-04-16 13:15:00,20.33,20.35,20.3,20.33,14688
2026-04-16 13:20:00,20.33,20.34,20.27,20.31,13592
2026-04-16 13:25:00,20.3002,20.41,20.3,20.41,24034
2026-04-16 13:30:00,20.42,20.49,20.39,20.49,47196
2026-04-16 13:35:00,20.49,20.5,20.43,20.49,57490
2026-04-16 13:40:00,20.48,20.5,20.4304,20.44,35668
2026-04-16 13:45:00,20.45,20.48,20.4397,20.4397,25099
2026-04-16 13:50:00,20.4319,20.48,20.4319,20.465,34505
2026-04-16 13:55:00,20.48,20.52,20.4301,20.46,109658
2026-04-16 14:00:00,20.46,20.47,20.32,20.3601,48533
2026-04-16 14:05:00,20.38,20.4,20.3401,20.39,11869
2026-04-16 14:10:00,20.38,20.44,20.38,20.4,27694
2026-04-16 14:15:00,20.4,20.41,20.38,20.39,18811
2026-04-16 14:20:00,20.3898,20.4201,20.35,20.42,26406
2026-04-16 14:25:00,20.41,20.42,20.36,20.41,110456
2026-04-16 14:30:00,20.39,20.4,20.36,20.385,11924
2026-04-16 14:35:00,20.38,20.38,20.34,20.34,7985
2026-04-16 14:40:00,20.36,20.36,20.32,20.332,9246
2026-04-16 14:45:00,20.3398,20.35,20.31,20.33,5948
2026-04-16 14:50:00,20.36,20.36,20.31,20.36,10487
2026-04-16 14:55:00,20.36,20.3845,20.35,20.35,12555
2026-04-16 15:00:00,20.35,20.35,20.26,20.28,13511
2026-04-16 15:05:00,20.2752,20.285,20.2502,20.26,34744
2026-04-16 15:10:00,20.2601,20.31,20.245,20.31,37325
2026-04-16 15:15:00,20.29,20.3,20.2401,20.2401,8951
2026-04-16 15:20:00,20.2599,20.2805,20.25,20.26,8125
2026-04-16 15:25:00,20.2709,20.34,20.2709,20.34,11066
2026-04-16 15:30:00,20.33,20.33,20.27,20.305,8987
2026-04-16 15:35:00,20.31,20.325,20.28,20.28,22989
2026-04-16 15:40:00,20.28,20.2901,20.23,20.25,3138
2026-04-16 15:45:00,20.24,20.275,20.215,20.275,23126
2026-04-16 15:50:00,20.27,20.3,20.26,20.27,7253
2026-04-16 15:55:00,20.26,20.27,20.22,20.255,33133
2026-04-16 16:00:00,20.25,20.3,20.25,20.3,607
2026-04-16 16:05:00,20.3387,20.3387,20.32,20.32,3700
2026-04-16 16:10:00,20.328,20.328,20.328,20.328,276
2026-04-16 16:15:00,20.34,20.36,20.34,20.36,10212
2026-04-16 16:20:00,20.36,20.3706,20.3594,20.3706,8803
2026-04-16 16:25:00,20.39,20.39,20.3725,20.38,4098
2026-04-16 16:30:00,20.37,20.3998,20.37,20.3998,3559
2026-04-16 16:40:00,20.3701,20.39,20.3701,20.39,25442
2026-04-16 16:45:00,20.37,20.38,20.37,20.38,1541
2026-04-16 16:50:00,20.3919,20.4102,20.3919,20.4102,1613
2026-04-16 16:55:00,20.41,20.43,20.3662,20.41,17166
2026-04-16 17:00:00,20.3378,20.3378,20.3301,20.3301,530
2026-04-16 17:05:00,20.35,20.35,20.3305,20.34,2100
2026-04-16 17:10:00,20.34,20.34,20.34,20.34,100
2026-04-16 17:15:00,20.35,20.35,20.35,20.35,1247
2026-04-16 17:35:00,20.32,20.32,20.3,20.3,1239
2026-04-16 17:50:00,20.32,20.32,20.32,20.32,157
2026-04-16 18:00:00,20.35,20.38,20.3,20.3194,1470
2026-04-16 18:05:00,20.25,20.25,20.21,20.21,2298
2026-04-16 18:10:00,20.2,20.22,20.2,20.22,1050
2026-04-16 18:15:00,20.22,20.23,20.22,20.23,4481
2026-04-16 18:20:00,20.24,20.2471,20.24,20.2471,1250
2026-04-16 18:30:00,20.2775,20.29,20.27,20.28,6300
2026-04-16 18:35:00,20.21,20.22,20.21,20.22,550
2026-04-16 18:40:00,20.22,20.22,20.22,20.22,300
2026-04-16 18:45:00,20.21,20.21,20.2,20.2,2100
2026-04-16 18:50:00,20.2,20.2,20.2,20.2,452
2026-04-16 19:00:00,20.24,20.25,20.24,20.2448,1500
2026-04-16 19:05:00,20.2298,20.26,20.2297,20.26,900
2026-04-16 19:10:00,20.26,20.26,20.24,20.25,912
2026-04-16 19:15:00,20.2352,20.2352,20.23,20.23,3479
2026-04-16 19:20:00,20.21,20.21,20.21,20.21,1453
2026-04-16 19:25:00,20.2287,20.23,20.2287,20.23,462
2026-04-16 19:30:00,20.23,20.27,20.23,20.27,500
2026-04-16 19:40:00,20.2,20.2,20.2,20.2,500
2026-04-16 19:45:00,20.25,20.26,20.25,20.26,490
2026-04-16 19:50:00,20.26,20.26,20.2345,20.2345,2027
2026-04-16 19:55:00,20.28,20.2897,20.22,20.2897,6409
2026-04-17 04:00:00,20.2,20.35,20.02,20.1,128566
2026-04-17 04:05:00,20.27,20.27,20.07,20.14,7427
2026-04-17 04:10:00,20.14,20.14,20.11,20.11,3443
2026-04-17 04:15:00,20.12,20.13,20.12,20.12,3040
2026-04-17 04:20:00,20.1,20.1,20.1,20.1,500
2026-04-17 04:30:00,20.08,20.08,20.03,20.04,4186
2026-04-17 04:35:00,20.02,20.03,20,20,14357
2026-04-17 04:40:00,19.98,19.98,19.88,19.89,24539
2026-04-17 04:45:00,19.92,19.93,19.92,19.93,2119
2026-04-17 04:50:00,19.92,19.94,19.9,19.9,3157
2026-04-17 04:55:00,19.91,19.92,19.84,19.84,11907
2026-04-17 05:00:00,19.83,19.84,19.71,19.73,25580
2026-04-17 05:05:00,19.76,19.77,19.73,19.73,6993
2026-04-17 05:10:00,19.79,19.79,19.78,19.78,1765
2026-04-17 05:15:00,19.81,19.81,19.76,19.76,3609
2026-04-17 05:20:00,19.75,19.78,19.72,19.76,2506
2026-04-17 05:25:00,19.75,19.75,19.69,19.72,22449
2026-04-17 05:30:00,19.72,19.75,19.7,19.7,2200
2026-04-17 05:35:00,19.69,19.72,19.69,19.72,7695
2026-04-17 05:40:00,19.72,19.74,19.72,19.73,3168
2026-04-17 05:45:00,19.78,19.79,19.76,19.76,1309
2026-04-17 05:50:00,19.75,19.75,19.75,19.75,1500
2026-04-17 05:55:00,19.75,19.78,19.74,19.78,1682
2026-04-17 06:00:00,19.79,19.83,19.79,19.83,2792
2026-04-17 06:05:00,19.82,19.85,19.82,19.84,2528
2026-04-17 06:10:00,19.85,19.86,19.79,19.8,15699
2026-04-17 06:15:00,19.8,19.8,19.8,19.8,100
2026-04-17 06:20:00,19.8,19.82,19.8,19.82,500
2026-04-17 06:25:00,19.82,19.85,19.82,19.85,570
2026-04-17 06:30:00,19.86,19.9,19.86,19.89,10392
2026-04-17 06:35:00,19.86,19.9,19.86,19.89,1405
2026-04-17 06:40:00,19.9,19.97,19.89,19.97,21385
2026-04-17 06:45:00,19.91,19.91,19.91,19.91,100
2026-04-17 06:50:00,19.92,19.97,19.92,19.95,742
2026-04-17 06:55:00,19.95,19.95,19.93,19.93,1800
2026-04-17 07:00:00,19.91,20,19.88,19.97,4548
2026-04-17 07:05:00,19.98,20.01,19.97,19.98,3039
2026-04-17 07:10:00,19.9701,20.0185,19.97,19.99,6978
2026-04-17 07:15:00,20.03,20.03,20.01,20.01,200
2026-04-17 07:20:00,20.02,20.04,19.9501,19.9501,5561
2026-04-17 07:25:00,19.96,19.96,19.95,19.95,3889
2026-04-17 07:30:00,19.95,19.95,19.9,19.92,2925
2026-04-17 07:35:00,19.89,19.9099,19.8897,19.9099,2789
2026-04-17 07:40:00,19.89,19.89,19.8592,19.8687,10227
2026-04-17 07:45:00,19.85,19.85,19.75,19.77,13984
2026-04-17 07:50:00,19.7787,19.7996,19.76,19.769,7394
2026-04-17 07:55:00,19.77,19.8,19.7599,19.7599,4346
2026-04-17 08:00:00,19.76,19.76,19.6787,19.68,19461
2026-04-17 08:05:00,19.66,19.68,19.6492,19.6497,24800
2026-04-17 08:10:00,19.65,19.7101,19.65,19.6898,8659
2026-04-17 08:15:00,19.6901,19.7,19.67,19.68,5127
2026-04-17 08:20:00,19.69,19.69,19.59,19.6,7975
2026-04-17 08:25:00,19.5798,19.6,19.49,19.5,39577
2026-04-17 08:30:00,19.5,19.5091,19.44,19.4899,8140
2026-04-17 08:35:00,19.53,19.53,19.4099,19.4299,17386
2026-04-17 08:40:00,19.42,19.45,19.41,19.45,8497
2026-04-17 08:45:00,19.45,19.47,18.99,18.99,137069
2026-04-17 08:50:00,18.97,19.1,18.81,18.83,131778
2026-04-17 08:55:00,18.82,18.8999,18.7102,18.7102,63880
2026-04-17 09:00:00,18.7,18.98,18.69,18.79,37447
2026-04-17 09:05:00,18.78,18.9,18.48,18.4887,163299
2026-04-17 09:10:00,18.49,18.52,18.3387,18.52,136400
2026-04-17 09:15:00,18.5613,18.7401,18.5499,18.6813,35725
2026-04-17 09:20:00,18.7187,18.84,18.6909,18.6909,28158
2026-04-17 09:25:00,18.7,18.79,18.6501,18.69,26364
2026-04-17 09:30:00,18.73,18.7698,18.54,18.5699,283180
2026-04-17 09:35:00,18.54,18.56,18.44,18.5,184383
2026-04-17 09:40:00,18.51,18.5499,18.415,18.52,199616
2026-04-17 09:45:00,18.5,18.7201,18.435,18.55,360326
2026-04-17 09:50:00,18.535,18.61,18.32,18.34,268056
2026-04-17 09:55:00,18.345,18.4,18.28,18.325,174171
2026-04-17 10:00:00,18.31,18.36,18.26,18.3,141497
2026-04-17 10:05:00,18.28,18.395,18.26,18.32,158187
2026-04-17 10:10:00,18.35,18.51,18.35,18.475,131208
2026-04-17 10:15:00,18.46,18.47,18.3,18.33,119244
2026-04-17 10:20:00,18.355,18.43,18.15,18.16,254033
2026-04-17 10:25:00,18.165,18.26,18.145,18.235,97516
2026-04-17 10:30:00,18.2401,18.28,18.1,18.1,127895
2026-04-17 10:35:00,18.1,18.185,18.0701,18.085,136187
2026-04-17 10:40:00,18.09,18.09,17.985,18.015,354633
2026-04-17 10:45:00,18.025,18.08,17.965,17.99,102513
2026-04-17 10:50:00,18,18.0999,17.995,18.06,82241
2026-04-17 10:55:00,18.065,18.145,18.06,18.145,75314
2026-04-17 11:00:00,18.14,18.28,18.12,18.15,140963
2026-04-17 11:05:00,18.14,18.18,18.045,18.12,94737
2026-04-17 11:10:00,18.125,18.21,18.09,18.19,49187
2026-04-17 11:15:00,18.205,18.36,18.13,18.305,82268
2026-04-17 11:20:00,18.31,18.355,18.23,18.29,95938
2026-04-17 11:25:00,18.29,18.41,18.2801,18.41,74133
2026-04-17 11:30:00,18.405,18.44,18.2802,18.2802,94334
2026-04-17 11:35:00,18.3,18.375,18.3,18.33,36326
2026-04-17 11:40:00,18.32,18.49,18.315,18.45,100079
2026-04-17 11:45:00,18.44,18.47,18.375,18.39,138164
2026-04-17 11:50:00,18.39,18.39,18.28,18.3101,132105
2026-04-17 11:55:00,18.32,18.38,18.29,18.37,23719
2026-04-17 12:00:00,18.3601,18.435,18.3404,18.375,34298
2026-04-17 12:05:00,18.37,18.39,18.24,18.27,65375
2026-04-17 12:10:00,18.28,18.2894,18.25,18.285,22924
2026-04-17 12:15:00,18.295,18.35,18.27,18.315,55930
2026-04-17 12:20:00,18.31,18.385,18.31,18.385,34696
2026-04-17 12:25:00,18.385,18.4,18.3601,18.4,37580
2026-04-17 12:30:00,18.39,18.39,18.285,18.2901,34275
2026-04-17 12:35:00,18.29,18.32,18.28,18.3,18162
2026-04-17 12:40:00,18.3095,18.36,18.3,18.3499,16422
2026-04-17 12:45:00,18.35,18.4,18.33,18.38,34962
2026-04-17 12:50:00,18.39,18.42,18.36,18.42,26397
2026-04-17 12:55:00,18.41,18.43,18.38,18.38,9996
2026-04-17 13:00:00,18.38,18.43,18.36,18.39,55100
2026-04-17 13:05:00,18.395,18.55,18.34,18.4999,98117
2026-04-17 13:10:00,18.51,18.6,18.485,18.52,94089
2026-04-17 13:15:00,18.51,18.585,18.5,18.56,55547
2026-04-17 13:20:00,18.57,18.83,18.49,18.79,202505
2026-04-17 13:25:00,18.78,18.8079,18.71,18.7599,152670
2026-04-17 13:30:00,18.765,18.785,18.68,18.7011,29885
2026-04-17 13:35:00,18.74,18.7751,18.7,18.73,63671
2026-04-17 13:40:00,18.73,18.8099,18.7099,18.8099,47613
2026-04-17 13:45:00,18.795,18.8,18.6699,18.68,153133
2026-04-17 13:50:00,18.68,18.68,18.63,18.665,24806
2026-04-17 13:55:00,18.67,18.67,18.625,18.64,43359
2026-04-17 14:00:00,18.63,18.64,18.57,18.595,68115
2026-04-17 14:05:00,18.595,18.64,18.57,18.6395,20629
2026-04-17 14:10:00,18.635,18.69,18.63,18.68,42422
2026-04-17 14:15:00,18.67,18.6786,18.61,18.63,17863
2026-04-17 14:20:00,18.635,18.655,18.53,18.55,23896
2026-04-17 14:25:00,18.54,18.61,18.49,18.61,35000
2026-04-17 14:30:00,18.62,18.63,18.56,18.575,19816
2026-04-17 14:35:00,18.58,18.64,18.58,18.6298,19548
2026-04-17 14:40:00,18.65,18.67,18.64,18.64,5139
2026-04-17 14:45:00,18.62,18.69,18.62,18.69,11887
2026-04-17 14:50:00,18.7,18.78,18.6901,18.765,77831
2026-04-17 14:55:00,18.77,18.78,18.715,18.73,18089
2026-04-17 15:00:00,18.75,18.79,18.75,18.7892,35036
2026-04-17 15:05:00,18.785,18.85,18.765,18.835,138249
2026-04-17 15:10:00,18.825,18.851,18.775,18.79,117076
2026-04-17 15:15:00,18.79,18.825,18.76,18.825,28224
2026-04-17 15:20:00,18.825,18.91,18.805,18.885,66260
2026-04-17 15:25:00,18.91,18.92,18.87,18.87,48827
2026-04-17 15:30:00,18.87,18.87,18.805,18.81,40982
2026-04-17 15:35:00,18.81,18.84,18.77,18.7827,16938
2026-04-17 15:40:00,18.79,18.815,18.755,18.775,23052
2026-04-17 15:45:00,18.775,18.8365,18.775,18.805,16166
2026-04-17 15:50:00,18.8,18.8601,18.79,18.84,61542
2026-04-17 15:55:00,18.83,18.885,18.8201,18.84,61171
2026-04-17 16:00:00,18.82,18.88,18.82,18.87,9494
2026-04-17 16:05:00,18.88,18.95,18.88,18.94,6123
2026-04-17 16:10:00,18.9104,18.94,18.9,18.9,4470
2026-04-17 16:15:00,18.92,18.93,18.9,18.9,6614
2026-04-17 16:20:00,18.9,18.93,18.891,18.93,7153
2026-04-17 16:25:00,18.93,18.94,18.93,18.94,4014
2026-04-17 16:30:00,18.93,18.94,18.92,18.92,3638
2026-04-17 16:35:00,18.9207,19.01,18.9207,18.9339,20973
2026-04-17 16:40:00,18.95,18.99,18.95,18.9897,7441
2026-04-17 16:45:00,18.9883,19.01,18.981,19.01,6645
2026-04-17 16:50:00,19.0371,19.0474,19.0009,19.02,1919
2026-04-17 16:55:00,19.0252,19.11,19.01,19.11,14689
2026-04-17 17:00:00,19.07,19.1,19.03,19.03,5900
2026-04-17 17:05:00,19.0305,19.0305,19.03,19.03,4200
2026-04-17 17:10:00,19.04,19.04,19.03,19.04,6711
2026-04-17 17:15:00,19.06,19.0655,19.02,19.02,17187
2026-04-17 17:20:00,19.03,19.06,19.03,19.03,700
2026-04-17 17:25:00,19.05,19.07,19.05,19.07,491
2026-04-17 17:30:00,19.05,19.05,19.04,19.04,409
2026-04-17 17:35:00,19.04,19.05,19.04,19.0487,3763
2026-04-17 17:45:00,19.0487,19.0487,19.04,19.04,1000
2026-04-17 17:50:00,19.04,19.0487,19.04,19.0487,800
2026-04-17 17:55:00,19.04,19.05,19.04,19.04,1725
2026-04-17 18:00:00,19.03,19.03,19.03,19.03,1600
2026-04-17 18:05:00,19.0326,19.0326,19.0326,19.0326,200
2026-04-17 18:10:00,19.0474,19.05,19.0474,19.05,600
2026-04-17 18:15:00,19.0387,19.0484,19.03,19.048,2567
2026-04-17 18:20:00,19.04,19.04,19.04,19.04,100
2026-04-17 18:25:00,19.03,19.04,19.03,19.04,2162
2026-04-17 18:30:00,19.0301,19.04,19.03,19.0301,5276
2026-04-17 18:35:00,19.04,19.0498,19.03,19.0498,1644
2026-04-17 18:40:00,19.0326,19.0326,19.0326,19.0326,500
2026-04-17 18:45:00,19.04,19.05,19.031,19.031,20800
2026-04-17 18:50:00,19.04,19.04,19.0302,19.0302,590
2026-04-17 18:55:00,19.04,19.05,19.04,19.04,4952
2026-04-17 19:00:00,19.04,19.05,19.04,19.0474,2952
2026-04-17 19:05:00,19.0402,19.0402,19.04,19.04,6700
2026-04-17 19:10:00,19.05,19.05,19.04,19.05,457
2026-04-17 19:15:00,19.04,19.0402,19.04,19.0402,3372
2026-04-17 19:20:00,19.04,19.0499,19.04,19.04,1299
2026-04-17 19:25:00,19.04,19.04,19.02,19.02,1065
2026-04-17 19:30:00,19.02,19.02,19.02,19.02,1000
2026-04-17 19:35:00,19.01,19.01,19.01,19.01,2000
2026-04-17 19:40:00,19.01,19.01,19.01,19.01,460
2026-04-17 19:45:00,19.0001,19.0102,19.0001,19.0102,460
2026-04-17 19:50:00,19.0197,19.0197,19.01,19.01,470
2026-04-17 19:55:00,19.01,19.01,18.97,18.97,2258
2026-04-20 04:00:00,19.73,19.8,19.44,19.76,231362
2026-04-20 04:05:00,19.59,19.81,19.59,19.8,48140
2026-04-20 04:10:00,19.8196,19.8196,19.75,19.75,27953
2026-04-20 04:15:00,19.78,19.82,19.78,19.79,5642
2026-04-20 04:20:00,19.79,19.82,19.78,19.81,1280
2026-04-20 04:25:00,19.8,19.8,19.75,19.75,6052
2026-04-20 04:30:00,19.78,19.78,19.77,19.78,1660
2026-04-20 04:35:00,19.8,19.82,19.78,19.82,8351
2026-04-20 04:40:00,19.8,19.8,19.8,19.8,100
2026-04-20 04:45:00,19.77,19.77,19.76,19.76,400
2026-04-20 04:50:00,19.75,19.76,19.74,19.74,2970
2026-04-20 04:55:00,19.74,19.75,19.7,19.71,1739
2026-04-20 05:00:00,19.71,19.72,19.68,19.71,3921
2026-04-20 05:05:00,19.71,19.74,19.7,19.74,1990
2026-04-20 05:10:00,19.71,19.71,19.7,19.7,300
2026-04-20 05:15:00,19.74,19.75,19.73,19.75,2912
2026-04-20 05:20:00,19.72,19.74,19.72,19.74,5600
2026-04-20 05:25:00,19.72,19.72,19.72,19.72,150
2026-04-20 05:30:00,19.76,19.81,19.76,19.8,6754
2026-04-20 05:35:00,19.85,19.85,19.85,19.85,100
2026-04-20 05:40:00,19.82,19.82,19.79,19.79,454
2026-04-20 05:45:00,19.78,19.78,19.76,19.77,1306
2026-04-20 05:50:00,19.75,19.77,19.75,19.77,6250
2026-04-20 05:55:00,19.82,19.82,19.8,19.82,4483
2026-04-20 06:00:00,19.82,19.82,19.76,19.77,2278
2026-04-20 06:05:00,19.72,19.72,19.65,19.65,1191
2026-04-20 06:10:00,19.65,19.66,19.65,19.66,225
2026-04-20 06:15:00,19.66,19.66,19.66,19.66,100
2026-04-20 06:20:00,19.66,19.7,19.66,19.7,1012
2026-04-20 06:25:00,19.73,19.73,19.73,19.73,1835
2026-04-20 06:30:00,19.74,19.75,19.74,19.75,1190
2026-04-20 06:35:00,19.74,19.75,19.74,19.75,312
2026-04-20 06:40:00,19.765,19.8,19.765,19.79,3441
2026-04-20 06:45:00,19.8,19.8,19.8,19.8,1482
2026-04-20 06:50:00,19.79,19.81,19.79,19.8,4921
2026-04-20 06:55:00,19.8,19.81,19.79,19.81,1311
2026-04-20 07:00:00,19.8,19.89,19.8,19.8786,17276
2026-04-20 07:05:00,19.8684,19.88,19.7994,19.8205,8001
2026-04-20 07:10:00,19.8,19.8599,19.8,19.85,6989
2026-04-20 07:15:00,19.8487,19.86,19.8303,19.86,17289
2026-04-20 07:20:00,19.849,19.849,19.8101,19.8101,4846
2026-04-20 07:25:00,19.82,19.82,19.8,19.8,3833
2026-04-20 07:30:00,19.82,19.82,19.7696,19.7696,15707
2026-04-20 07:35:00,19.78,19.8,19.75,19.77,7805
2026-04-20 07:40:00,19.76,19.78,19.7302,19.7302,5653
2026-04-20 07:45:00,19.7301,19.7391,19.7,19.71,34524
2026-04-20 07:50:00,19.7099,19.7193,19.65,19.68,7220
2026-04-20 07:55:00,19.68,19.68,19.56,19.56,9333
2026-04-20 08:00:00,19.56,19.63,19.55,19.59,12725
2026-04-20 08:05:00,19.5926,19.63,19.5926,19.63,10873
2026-04-20 08:10:00,19.6301,19.6301,19.58,19.58,17062
2026-04-20 08:15:00,19.61,19.62,19.56,19.58,3010
2026-04-20 08:20:00,19.55,19.57,19.52,19.5633,3295
2026-04-20 08:25:00,19.62,19.734,19.62,19.7228,17775
2026-04-20 08:30:00,19.67,19.68,19.67,19.68,578
2026-04-20 08:35:00,19.7,19.7301,19.69,19.7,19898
2026-04-20 08:40:00,19.7171,19.7171,19.66,19.68,9398
2026-04-20 08:45:00,19.7006,19.7074,19.6666,19.6787,30864
2026-04-20 08:50:00,19.647,19.71,19.64,19.7016,6420
2026-04-20 08:55:00,19.7,19.72,19.651,19.66,10020
2026-04-20 09:00:00,19.65,19.655,19.565,19.5689,42011
2026-04-20 09:05:00,19.56,19.56,19.4,19.4799,56495
2026-04-20 09:10:00,19.4699,19.47,19.44,19.4615,18648
2026-04-20 09:15:00,19.44,19.48,19.43,19.45,7155
2026-04-20 09:20:00,19.44,19.445,19.3701,19.4,10990
2026-04-20 09:25:00,19.4187,19.42,19.32,19.32,5277
2026-04-20 09:30:00,19.31,19.41,19.2931,19.33,134469
2026-04-20 09:35:00,19.33,19.38,19.265,19.37,99811
2026-04-20 09:40:00,19.375,19.4,19.3,19.33,86683
2026-04-20 09:45:00,19.33,19.36,19.28,19.36,39848
2026-04-20 09:50:00,19.32,19.38,19.32,19.33,32409
2026-04-20 09:55:00,19.33,19.36,19.29,19.35,31318
2026-04-20 10:00:00,19.35,19.47,19.35,19.41,74724
2026-04-20 10:05:00,19.41,19.4999,19.4,19.4801,37079
2026-04-20 10:10:00,19.4861,19.5649,19.445,19.445,82142
2026-04-20 10:15:00,19.45,19.5394,19.45,19.49,44639
2026-04-20 10:20:00,19.46,19.47,19.37,19.3789,33430
2026-04-20 10:25:00,19.37,19.4,19.325,19.36,39549
2026-04-20 10:30:00,19.3637,19.39,19.3001,19.36,75513
2026-04-20 10:35:00,19.37,19.455,19.37,19.455,63525
2026-04-20 10:40:00,19.45,19.525,19.43,19.43,48373
2026-04-20 10:45:00,19.4595,19.51,19.44,19.47,20298
2026-04-20 10:50:00,19.48,19.76,19.48,19.57,108074
2026-04-20 10:55:00,19.57,19.66,19.57,19.61,44833
2026-04-20 11:00:00,19.6,19.7085,19.56,19.6731,44650
2026-04-20 11:05:00,19.6499,19.7,19.63,19.6599,88146
2026-04-20 11:10:00,19.66,19.7196,19.59,19.665,40726
2026-04-20 11:15:00,19.67,19.73,19.6301,19.68,26409
2026-04-20 11:20:00,19.6753,19.71,19.54,19.58,42424
2026-04-20 11:25:00,19.57,19.59,19.51,19.515,35748
2026-04-20 11:30:00,19.54,19.58,19.51,19.58,10836
2026-04-20 11:35:00,19.58,19.62,19.58,19.61,9184
2026-04-20 11:40:00,19.59,19.6,19.55,19.59,8738
2026-04-20 11:45:00,19.61,19.63,19.58,19.58,5780
2026-04-20 11:50:00,19.58,19.62,19.58,19.6,22033
2026-04-20 11:55:00,19.59,19.59,19.53,19.54,14232
2026-04-20 12:00:00,19.57,19.625,19.57,19.61,4187
2026-04-20 12:05:00,19.6129,19.62,19.57,19.57,3957
2026-04-20 12:10:00,19.5501,19.57,19.55,19.55,9338
2026-04-20 12:15:00,19.5497,19.59,19.54,19.55,18224
2026-04-20 12:20:00,19.53,19.54,19.49,19.54,42613
2026-04-20 12:25:00,19.54,19.55,19.51,19.52,14608
2026-04-20 12:30:00,19.51,19.56,19.5,19.54,33789
2026-04-20 12:35:00,19.57,19.6,19.57,19.58,16083
2026-04-20 12:40:00,19.58,19.59,19.515,19.545,9589
2026-04-20 12:45:00,19.55,19.55,19.53,19.53,2199
2026-04-20 12:50:00,19.52,19.53,19.495,19.51,56241
2026-04-20 12:55:00,19.53,19.54,19.52,19.525,10192
2026-04-20 13:00:00,19.52,19.54,19.46,19.49,25377
2026-04-20 13:05:00,19.495,19.5,19.465,19.49,8261
2026-04-20 13:10:00,19.49,19.4906,19.47,19.48,14998
2026-04-20 13:15:00,19.48,19.49,19.44,19.4499,6885
2026-04-20 13:20:00,19.445,19.53,19.43,19.53,40578
2026-04-20 13:25:00,19.53,19.59,19.53,19.58,47984
2026-04-20 13:30:00,19.595,19.64,19.56,19.62,55798
2026-04-20 13:35:00,19.6223,19.63,19.55,19.57,53010
2026-04-20 13:40:00,19.57,19.6,19.56,19.59,5373
2026-04-20 13:45:00,19.59,19.62,19.59,19.62,13396
2026-04-20 13:50:00,19.61,19.62,19.6,19.6,15034
2026-04-20 13:55:00,19.59,19.675,19.59,19.65,16299
2026-04-20 14:00:00,19.64,19.64,19.6,19.6,5054
2026-04-20 14:05:00,19.56,19.56,19.54,19.54,11176
2026-04-20 14:10:00,19.545,19.61,19.5397,19.54,16154
2026-04-20 14:15:00,19.555,19.555,19.53,19.53,5240
2026-04-20 14:20:00,19.525,19.55,19.5,19.52,41090
2026-04-20 14:25:00,19.53,19.57,19.53,19.56,28954
2026-04-20 14:30:00,19.55,19.58,19.52,19.52,8486
2026-04-20 14:35:00,19.51,19.57,19.51,19.56,3660
2026-04-20 14:40:00,19.5648,19.565,19.5,19.51,4900
2026-04-20 14:45:00,19.505,19.51,19.47,19.49,42566
2026-04-20 14:50:00,19.49,19.49,19.47,19.49,14354
2026-04-20 14:55:00,19.4699,19.5293,19.465,19.525,7958
2026-04-20 15:00:00,19.5201,19.5201,19.4902,19.51,35183
2026-04-20 15:05:00,19.505,19.51,19.49,19.49,52894
2026-04-20 15:10:00,19.4877,19.495,19.435,19.44,11940
2026-04-20 15:15:00,19.4321,19.47,19.4321,19.47,14111
2026-04-20 15:20:00,19.4902,19.5,19.4627,19.5,9261
2026-04-20 15:25:00,19.49,19.525,19.49,19.525,9550
2026-04-20 15:30:00,19.53,19.56,19.53,19.56,1897
2026-04-20 15:35:00,19.56,19.64,19.56,19.63,69151
2026-04-20 15:40:00,19.62,19.63,19.58,19.6,14529
2026-04-20 15:45:00,19.59,19.6,19.57,19.5896,21298
2026-04-20 15:50:00,19.57,19.5899,19.555,19.57,29387
2026-04-20 15:55:00,19.565,19.6,19.545,19.57,51955
2026-04-20 16:00:00,19.55,19.57,19.55,19.57,1754
2026-04-20 16:05:00,19.57,19.5821,19.57,19.58,500
2026-04-20 16:10:00,19.5844,19.62,19.5844,19.6139,1125
2026-04-20 16:15:00,19.61,19.61,19.61,19.61,1900
2026-04-20 16:20:00,19.6,19.6,19.59,19.59,1442
2026-04-20 16:30:00,19.61,19.61,19.61,19.61,450
2026-04-20 16:35:00,19.62,19.62,19.59,19.59,800
2026-04-20 16:40:00,19.58,19.58,19.58,19.58,1004
2026-04-20 16:45:00,19.5987,19.5987,19.57,19.5845,686
2026-04-20 16:50:00,19.56,19.5615,19.56,19.5601,956
2026-04-20 16:55:00,19.57,19.58,19.57,19.58,685
2026-04-20 17:05:00,19.57,19.6,19.57,19.6,803
2026-04-20 17:15:00,19.59,19.6,19.58,19.6,550
2026-04-20 17:35:00,19.58,19.6,19.58,19.6,549
2026-04-20 17:45:00,19.59,19.5997,19.59,19.59,535
2026-04-20 17:50:00,19.6,19.6199,19.6,19.6199,1002
2026-04-20 18:00:00,19.6,19.6,19.5,19.5397,3828
2026-04-20 18:05:00,19.4904,19.5,19.4333,19.4333,1253
2026-04-20 18:10:00,19.4376,19.45,19.43,19.4315,825
2026-04-20 18:15:00,19.43,19.43,19.35,19.3748,3835
2026-04-20 18:20:00,19.3445,19.4,19.3445,19.4,1523
2026-04-20 18:25:00,19.4093,19.41,19.4093,19.41,518
2026-04-20 18:30:00,19.45,19.45,19.45,19.45,414
2026-04-20 18:35:00,19.45,19.459,19.45,19.459,250
2026-04-20 18:50:00,19.43,19.43,19.42,19.42,1207
2026-04-20 18:55:00,19.42,19.45,19.42,19.45,810
2026-04-20 19:00:00,19.42,19.42,19.4117,19.4117,246
2026-04-20 19:05:00,19.45,19.45,19.45,19.45,129
2026-04-20 19:10:00,19.46,19.4824,19.46,19.4824,750
2026-04-20 19:15:00,19.5275,19.5275,19.5,19.5,2878
2026-04-20 19:20:00,19.47,19.47,19.46,19.46,1255
2026-04-20 19:25:00,19.43,19.43,19.43,19.43,167
2026-04-20 19:30:00,19.46,19.48,19.46,19.4608,1057
2026-04-20 19:35:00,19.46,19.46,19.46,19.46,1420
2026-04-20 19:45:00,19.46,19.49,19.46,19.4779,1141
2026-04-20 19:50:00,19.49,19.5,19.49,19.5,2505
2026-04-20 19:55:00,19.52,19.53,19.4614,19.4614,4711
2026-04-21 04:00:00,20,20.17,19.81,19.98,118801
2026-04-21 04:05:00,19.98,20.15,19.91,20.07,11293
2026-04-21 04:10:00,20.1,20.2,20.1,20.17,3821
2026-04-21 04:15:00,20.14,20.15,20.08,20.09,5972
2026-04-21 04:20:00,20.05,20.05,20.0193,20.02,891
2026-04-21 04:25:00,20.02,20.02,19.98,19.98,4107
2026-04-21 04:30:00,19.98,20,19.98,20,1800
2026-04-21 04:35:00,20,20,19.99,19.99,626
2026-04-21 04:40:00,19.96,19.96,19.92,19.92,1446
2026-04-21 04:45:00,19.94,19.95,19.94,19.95,1150
2026-04-21 04:50:00,19.99,19.99,19.99,19.99,440
2026-04-21 04:55:00,20,20.03,20,20.03,250
2026-04-21 05:00:00,20.07,20.14,20.06,20.14,2056
2026-04-21 05:05:00,20.08,20.08,20.05,20.07,4548
2026-04-21 05:10:00,20.08,20.08,20.08,20.08,200
2026-04-21 05:15:00,20.07,20.07,20.03,20.03,1053
2026-04-21 05:20:00,20.02,20.02,20.02,20.02,100
2026-04-21 05:25:00,20.07,20.07,20.07,20.07,300
2026-04-21 05:30:00,20.04,20.04,20.03,20.03,9916
2026-04-21 05:35:00,20.03,20.03,20.03,20.03,125
2026-04-21 05:40:00,20.03,20.03,20.01,20.01,1483
2026-04-21 05:45:00,20.03,20.03,20.02,20.03,390
2026-04-21 05:50:00,20.02,20.02,20.02,20.02,100
2026-04-21 05:55:00,19.9769,19.99,19.9769,19.98,300
2026-04-21 06:00:00,19.97,19.99,19.97,19.98,450
2026-04-21 06:05:00,19.96,19.96,19.95,19.95,600
2026-04-21 06:10:00,19.98,19.98,19.97,19.97,2140
2026-04-21 06:15:00,19.99,20.01,19.99,20.01,1150
2026-04-21 06:20:00,19.98,19.98,19.98,19.98,1720
2026-04-21 06:25:00,19.99,20.02,19.99,20,3360
2026-04-21 06:30:00,20.01,20.01,20.01,20.01,941
2026-04-21 06:35:00,19.99,19.99,19.99,19.99,140
2026-04-21 06:55:00,19.95,19.96,19.95,19.96,1914
2026-04-21 07:00:00,19.96,20.02,19.95,20.02,25838
2026-04-21 07:05:00,20.01,20.13,19.99,20.1,14553
2026-04-21 07:10:00,20.12,20.12,20.12,20.12,2626
2026-04-21 07:15:00,20.12,20.12,20.08,20.08,8927
2026-04-21 07:20:00,20.06,20.0704,20.06,20.07,3215
2026-04-21 07:25:00,20.0898,20.0987,20.0898,20.0985,2516
2026-04-21 07:30:00,20.03,20.03,19.9901,20.0099,7528
2026-04-21 07:35:00,19.9999,19.9999,19.95,19.95,34378
2026-04-21 07:40:00,19.93,19.93,19.88,19.92,2996
2026-04-21 07:45:00,19.9297,19.9297,19.84,19.86,2079
2026-04-21 07:50:00,19.86,19.89,19.8393,19.89,11216
2026-04-21 07:55:00,19.88,19.88,19.86,19.87,11232
2026-04-21 08:00:00,19.87,19.89,19.86,19.89,1468
2026-04-21 08:05:00,19.9,19.9199,19.89,19.9199,8326
2026-04-21 08:10:00,19.89,19.92,19.89,19.8939,1561
2026-04-21 08:15:00,19.95,20.02,19.94,20.02,1892
2026-04-21 08:20:00,20.0512,20.12,20.0302,20.06,42411
2026-04-21 08:25:00,20.0587,20.07,20.04,20.06,13849
2026-04-21 08:30:00,20.0907,20.2,20,20,39077
2026-04-21 08:35:00,20.03,20.13,20.0093,20.1299,23241
2026-04-21 08:40:00,20.2,20.28,20.12,20.19,35086
2026-04-21 08:45:00,20.1701,20.2,20.13,20.16,39288
2026-04-21 08:50:00,20.19,20.19,20.05,20.06,51309
2026-04-21 08:55:00,20.0297,20.11,20.01,20.09,13003
2026-04-21 09:00:00,20.08,20.15,20.03,20.15,6400
2026-04-21 09:05:00,20.17,20.38,20.17,20.34,34833
2026-04-21 09:10:00,20.3398,20.4,20.33,20.37,29851
2026-04-21 09:15:00,20.365,20.3698,20.2501,20.27,20200
2026-04-21 09:20:00,20.28,20.3026,20.27,20.2804,12012
2026-04-21 09:25:00,20.2997,20.31,20.25,20.25,33914
2026-04-21 09:30:00,20.24,20.25,20.09,20.1301,231743
2026-04-21 09:35:00,20.14,20.27,20,20.02,142357
2026-04-21 09:40:00,20.01,20.075,19.95,20.04,82564
2026-04-21 09:45:00,20.04,20.0899,19.98,20.05,62793
2026-04-21 09:50:00,20.05,20.0699,19.97,20.015,65562
2026-04-21 09:55:00,20.04,20.105,20.035,20.08,47113
2026-04-21 10:00:00,20.12,20.15,20.06,20.07,41827
2026-04-21 10:05:00,20.07,20.07,20.0201,20.045,14132
2026-04-21 10:10:00,20.06,20.13,20.055,20.09,43586
2026-04-21 10:15:00,20.1,20.145,20.09,20.13,43941
2026-04-21 10:20:00,20.14,20.255,20.14,20.2302,80730
2026-04-21 10:25:00,20.235,20.28,20.21,20.22,43529
2026-04-21 10:30:00,20.22,20.36,20.205,20.27,76814
2026-04-21 10:35:00,20.26,20.36,20.26,20.35,43951
2026-04-21 10:40:00,20.34,20.66,20.32,20.66,557638
2026-04-21 10:45:00,20.64,20.96,20.62,20.93,351870
2026-04-21 10:50:00,20.94,20.99,20.81,20.815,146486
2026-04-21 10:55:00,20.841,21.08,20.82,21.03,442140
2026-04-21 11:00:00,21.02,21.08,20.96,21,185217
2026-04-21 11:05:00,20.99,21.1199,20.9301,20.94,125289
2026-04-21 11:10:00,20.93,20.945,20.84,20.875,153025
2026-04-21 11:15:00,20.875,20.95,20.78,20.8,64695
2026-04-21 11:20:00,20.79,20.89,20.79,20.87,49221
2026-04-21 11:25:00,20.89,20.98,20.89,20.95,34500
2026-04-21 11:30:00,20.97,21.02,20.94,20.97,38798
2026-04-21 11:35:00,20.96,21.08,20.96,21.01,42483
2026-04-21 11:40:00,20.98,21.04,20.92,20.9301,41801
2026-04-21 11:45:00,20.95,20.99,20.9,20.93,25661
2026-04-21 11:50:00,20.98,21.01,20.95,20.9802,23261
2026-04-21 11:55:00,20.99,21,20.94,20.955,31348
2026-04-21 12:00:00,20.94,20.94,20.82,20.92,69866
2026-04-21 12:05:00,20.93,20.97,20.9001,20.94,26731
2026-04-21 12:10:00,20.98,21.095,20.98,21.05,72130
2026-04-21 12:15:00,21.03,21.06,20.99,21.03,59481
2026-04-21 12:20:00,21.05,21.1096,21.02,21.05,84128
2026-04-21 12:25:00,21.06,21.25,21.06,21.2198,134823
2026-04-21 12:30:00,21.22,21.22,21.13,21.13,127156
2026-04-21 12:35:00,21.12,21.165,21.055,21.115,106418
2026-04-21 12:40:00,21.105,21.14,21.08,21.14,9993
2026-04-21 12:45:00,21.11,21.12,21.08,21.09,16692
2026-04-21 12:50:00,21.09,21.36,21.09,21.28,176444
2026-04-21 12:55:00,21.275,21.305,21.245,21.28,64124
2026-04-21 13:00:00,21.28,21.28,21.18,21.24,29350
2026-04-21 13:05:00,21.25,21.34,21.25,21.25,98470
2026-04-21 13:10:00,21.25,21.36,21.24,21.305,156701
2026-04-21 13:15:00,21.3,21.35,21.27,21.31,120960
2026-04-21 13:20:00,21.3,21.32,21.17,21.28,65974
2026-04-21 13:25:00,21.28,21.37,21.25,21.2781,90320
2026-04-21 13:30:00,21.27,21.28,21.171,21.205,25389
2026-04-21 13:35:00,21.205,21.21,21.06,21.11,157768
2026-04-21 13:40:00,21.115,21.12,20.94,21.01,220396
2026-04-21 13:45:00,21.01,21.075,21.01,21.075,93960
2026-04-21 13:50:00,21.08,21.125,21.02,21.12,59470
2026-04-21 13:55:00,21.1301,21.15,21.06,21.06,24421
2026-04-21 14:00:00,21.04,21.08,21.01,21.08,19429
2026-04-21 14:05:00,21.1,21.1,21.035,21.09,11618
2026-04-21 14:10:00,21.14,21.17,21.1273,21.13,25808
2026-04-21 14:15:00,21.135,21.25,21.12,21.2199,55874
2026-04-21 14:20:00,21.235,21.27,21.21,21.22,24272
2026-04-21 14:25:00,21.22,21.25,21.2,21.22,28482
2026-04-21 14:30:00,21.18,21.205,21.14,21.15,34523
2026-04-21 14:35:00,21.15,21.19,21.14,21.175,17689
2026-04-21 14:40:00,21.17,21.205,21.16,21.17,8085
2026-04-21 14:45:00,21.2,21.21,21.165,21.21,9866
2026-04-21 14:50:00,21.22,21.25,21.05,21.06,46199
2026-04-21 14:55:00,21.07,21.15,20.99,21.055,45115
2026-04-21 15:00:00,21.045,21.07,21,21.02,15493
2026-04-21 15:05:00,21.0101,21.055,21,21.01,18362
2026-04-21 15:10:00,21.0303,21.125,20.98,21.07,52393
2026-04-21 15:15:00,21.04,21.1,21.01,21.08,17292
2026-04-21 15:20:00,21.0599,21.07,20.9001,20.92,35350
2026-04-21 15:25:00,20.915,20.98,20.89,20.9099,75797
2026-04-21 15:30:00,20.9,20.9481,20.885,20.945,25333
2026-04-21 15:35:00,20.9499,21.15,20.9499,21.135,35498
2026-04-21 15:40:00,21.13,21.75,21.11,21.7,325798
2026-04-21 15:45:00,21.68,21.7396,21.5,21.54,118016
2026-04-21 15:50:00,21.5,21.68,21.5,21.61,121456
2026-04-21 15:55:00,21.595,21.66,21.52,21.64,97324
2026-04-21 16:00:00,21.63,21.7042,21.63,21.69,10641
2026-04-21 16:05:00,21.6919,21.7992,21.53,21.58,25258
2026-04-21 16:10:00,21.56,21.56,21.24,21.39,31846
2026-04-21 16:15:00,21.35,21.35,21.17,21.3,10881
2026-04-21 16:20:00,21.3,21.3,21.15,21.1679,9726
2026-04-21 16:25:00,21.1598,21.18,21.13,21.18,4111
2026-04-21 16:30:00,21.21,21.21,21.12,21.12,6760
2026-04-21 16:35:00,21.11,21.16,21.1001,21.11,11646
2026-04-21 16:40:00,21.15,21.18,21.1418,21.1575,7136
2026-04-21 16:45:00,21.1795,21.1795,21.12,21.12,17955
2026-04-21 16:50:00,21.1004,21.12,21.05,21.07,3286
2026-04-21 16:55:00,21.11,21.11,21.06,21.08,2939
2026-04-21 17:00:00,21.0743,21.0743,21.0608,21.0608,972
2026-04-21 17:05:00,21.08,21.08,21.08,21.08,346
2026-04-21 17:10:00,21.0601,21.08,21.0601,21.08,2673
2026-04-21 17:15:00,21.0662,21.0662,21.0606,21.0606,1766
2026-04-21 17:20:00,21.0601,21.0601,21.0601,21.0601,3380
2026-04-21 17:25:00,21.0948,21.0948,21.08,21.08,1025
2026-04-21 17:30:00,21.08,21.08,21.08,21.08,771
2026-04-21 17:35:00,21.06,21.06,21.06,21.06,4602
2026-04-21 17:40:00,21.05,21.05,21.05,21.05,1184
2026-04-21 17:45:00,21.05,21.05,21.05,21.05,2370
2026-04-21 17:50:00,21.05,21.05,21.03,21.03,1128
2026-04-21 17:55:00,21.05,21.16,21.05,21.06,25838
2026-04-21 18:00:00,21.09,21.09,20.9608,21.01,15074
2026-04-21 18:05:00,20.981,21.0398,20.981,21.0348,22976
2026-04-21 18:10:00,21.0254,21.0254,20.93,20.94,4952
2026-04-21 18:15:00,21.0005,21.0005,21,21,471
2026-04-21 18:20:00,21.04,21.04,20.96,21.02,449
2026-04-21 18:25:00,21.04,21.04,21.02,21.03,5900
2026-04-21 18:30:00,21.01,21.08,20.961,21.08,2819
2026-04-21 18:35:00,20.9945,20.9945,20.9945,20.9945,275
2026-04-21 18:40:00,21.041,21.041,21.041,21.041,400
2026-04-21 18:45:00,21.07,21.11,21.07,21.11,2695
2026-04-21 18:50:00,21.0987,21.1035,21.0889,21.0889,1913
2026-04-21 18:55:00,21.07,21.08,21.07,21.08,701
2026-04-21 19:00:00,21.01,21.01,21.01,21.01,900
2026-04-21 19:05:00,21,21,20.96,20.96,902
2026-04-21 19:10:00,20.91,20.91,20.9,20.91,7201
2026-04-21 19:15:00,20.9096,20.93,20.84,20.84,2800
2026-04-21 19:20:00,20.83,20.83,20.8,20.8,7571
2026-04-21 19:25:00,20.8,20.8159,20.79,20.79,9199
2026-04-21 19:30:00,20.8202,20.8445,20.82,20.82,2119
2026-04-21 19:35:00,20.8419,20.8519,20.8419,20.8519,600
2026-04-21 19:40:00,20.86,20.86,20.85,20.86,1423
2026-04-21 19:45:00,20.7804,20.8,20.7804,20.79,6188
2026-04-21 19:50:00,20.7591,20.76,20.73,20.73,6534
2026-04-21 19:55:00,20.7109,20.78,20.7109,20.75,2070