date,equity,cash,pos,qty,entry_px,decision_date,result_date,buy_th,sell_th,p_day,p_day_source_date,daily_gate_mode,daily_reward_mode,direct_gate_confidence,direct_gate_prob_force_buy,direct_gate_prob_free,direct_gate_prob_force_sell,daily_action,daily_buy_level,daily_sell_level,decision_extreme_base_dir,decision_extreme_region,decision_extreme_label,decision_extreme_window_end_date,decision_extreme_ref_high,decision_extreme_ref_low,decision_extreme_future_max_high,decision_extreme_future_min_low,,QQQ,,Strategy Return,QQQ Return
12/31/2019,100000,100000,0,0,,12/30/2019,12/31/2019,1.42,0.96,0.345083726,12/30/2019,threshold,counterfactual_5m,,,,,FREE,0.34,0.39,sell,sell_high_broken,0,1/7/2020,213.63,211.16,216.16,211.2,12/31/2019,212.61,12/31/2019,0.00%,0.00%
1/2/2020,100000,100000,0,0,,12/31/2019,1/2/2020,1.42,0.96,0.150319783,12/31/2019,threshold,counterfactual_5m,,,,,FORCE_BUY,0.34,0.39,sell,sell_high_broken,0,1/8/2020,212.76,211.2,218.14,212.24,1/2/2020,216.16,1/2/2020,0.00%,1.67%
1/3/2020,100000,100000,0,0,,1/2/2020,1/3/2020,1.42,0.96,0.167444037,1/2/2020,threshold,counterfactual_5m,,,,,FORCE_BUY,0.34,0.39,sell,sell_high_broken,0,1/9/2020,216.16,213.98,219.41,212.24,1/3/2020,214.18,1/3/2020,0.00%,0.74%
1/6/2020,100000,100000,0,0,,1/3/2020,1/6/2020,1.42,0.96,0.315342894,1/3/2020,threshold,counterfactual_5m,,,,,FORCE_BUY,0.34,0.39,sell,sell_high_broken,0,1/10/2020,215.47,213.28,219.87,212.24,1/6/2020,215.56,1/6/2020,0.00%,1.39%
1/7/2020,98580.80127,0,1,465.3110604,214.91,1/6/2020,1/7/2020,1.535,2.325,0.205755802,1/6/2020,threshold,counterfactual_5m,,,,,FORCE_BUY,0.34,0.39,sell,sell_high_broken,0,1/13/2020,215.59,212.24,220.98,214.85,1/7/2020,215.53,1/7/2020,-1.42%,1.37%
1/8/2020,100153.5526,100153.5526,0,0,,1/7/2020,1/8/2020,1.62,-0.5,0.216471442,1/7/2020,threshold,counterfactual_5m,,,,,FORCE_SELL,0.15,0.17,sell,sell_high_broken,0,1/14/2020,216.14,214.85,221.21,215.16,1/8/2020,217.15,1/8/2020,0.15%,2.14%
1/9/2020,100153.5526,100153.5526,0,0,,1/8/2020,1/9/2020,0.775,-0.5,0.264077434,1/8/2020,threshold,counterfactual_5m,,,,,FORCE_BUY,0.34,0.39,sell,sell_high_broken,0,1/15/2020,218.14,215.16,221.21,217.71,1/9/2020,218.99,1/9/2020,0.15%,3.00%
1/10/2020,99997.39973,0,1,457.9264539,218.711,1/9/2020,1/10/2020,1.31,-0.5,0.184487667,1/9/2020,threshold,counterfactual_5m,,,,,FORCE_BUY,0.34,0.39,sell,sell_high_broken,0,1/16/2020,219.41,217.71,222.32,218.04,1/10/2020,218.43,1/10/2020,0.00%,2.74%
1/13/2020,100409.5335,100409.5335,0,0,,1/10/2020,1/13/2020,1.29,2.39,0.333221529,1/10/2020,threshold,counterfactual_5m,,,,,FORCE_SELL,0.15,0.17,sell,sell_high_broken,0,1/17/2020,219.87,218.04,223.56,218.98,1/13/2020,220.95,1/13/2020,0.41%,3.92%
1/14/2020,100350.171,0,1,456.6352883,219.89,1/13/2020,1/14/2020,1.035,-0.5,0.142816346,1/13/2020,threshold,counterfactual_5m,,,,,FORCE_BUY,0.34,0.39,sell,sell_high_broken,0,1/21/2020,220.98,218.98,223.84,219.45,1/14/2020,220.08,1/14/2020,0.35%,3.51%
1/15/2020,100701.7801,0,1,456.6352883,219.89,1/14/2020,1/15/2020,0.95,2.135,0.323233475,1/14/2020,threshold,counterfactual_5m,,,,,FORCE_BUY,0.34,0.39,sell,sell_high_broken,0,1/22/2020,221.21,219.74,225.15,219.45,1/15/2020,220.17,1/15/2020,0.70%,3.56%
1/16/2020,101471.2106,101471.2106,0,0,,1/15/2020,1/16/2020,0.975,1.955,0.258635305,1/15/2020,threshold,counterfactual_5m,,,,,FORCE_SELL,0.15,0.17,sell,sell_high_broken,0,1/23/2020,221.2,219.45,225.15,220.8,1/16/2020,222.28,1/16/2020,1.47%,4.55%
1/17/2020,101471.2106,101471.2106,0,0,,1/16/2020,1/17/2020,0.975,1.955,0.143547175,1/16/2020,threshold,counterfactual_5m,,,,,FORCE_BUY,0.15,0.17,sell,sell_high_broken,0,1/24/2020,222.32,220.8,225.88,221.67,1/17/2020,223.38,1/17/2020,1.47%,5.07%
1/21/2020,101471.2106,101471.2106,0,0,,1/17/2020,1/21/2020,0.975,1.955,0.149206376,1/17/2020,threshold,counterfactual_5m,,,,,FORCE_BUY,0.15,0.17,sell,sell_high_broken,0,1/27/2020,223.56,222.12,225.88,217.18,1/21/2020,223.28,1/21/2020,1.47%,5.02%
1/22/2020,101471.2106,101471.2106,0,0,,1/21/2020,1/22/2020,0.975,1.955,0.19269392,1/21/2020,threshold,counterfactual_5m,,,,,FORCE_SELL,0.15,0.17,sell,sell_high_broken,0,1/28/2020,223.84,222.66,225.88,217.18,1/22/2020,223.87,1/22/2020,1.47%,5.30%
1/23/2020,102183.1461,0,1,453.4620842,223.77,1/22/2020,1/23/2020,1.28,2.395,0.328142396,1/22/2020,threshold,counterfactual_5m,,,,,FORCE_BUY,0.34,0.39,sell,sell_high_broken,0,1/29/2020,225.15,223.59,225.88,217.18,1/23/2020,224.59,1/23/2020,2.18%,5.63%
1/24/2020,100781.9482,0,1,453.4620842,223.77,1/23/2020,1/24/2020,1.87,-0.5,0.139763177,1/23/2020,threshold,counterfactual_5m,,,,,FORCE_BUY,0.34,0.39,sell,sell_high_broken,0,1/30/2020,224.69,222.7,225.88,217.18,1/24/2020,222.7,1/24/2020,0.78%,4.75%
1/27/2020,99199.36554,99199.36554,0,0,,1/24/2020,1/27/2020,1.855,-0.5,0.511509041,1/24/2020,threshold,counterfactual_5m,,,,,FORCE_SELL,0.34,0.39,sell,sell_high_held,1,1/31/2020,225.88,221.67,223.56,217.18,1/27/2020,218.1,1/27/2020,-0.80%,2.58%
1/28/2020,99199.36554,99199.36554,0,0,,1/27/2020,1/28/2020,1.855,-0.5,0.263402169,1/27/2020,threshold,counterfactual_5m,,,,,FORCE_BUY,0.34,0.39,sell,sell_high_broken,0,2/3/2020,219.28,217.18,223.56,218.29,1/28/2020,221.45,1/28/2020,-0.80%,4.16%
1/29/2020,99199.36554,99199.36554,0,0,,1/28/2020,1/29/2020,1.855,-0.5,0.25402178,1/28/2020,threshold,counterfactual_5m,,,,,FORCE_BUY,0.34,0.39,sell,sell_high_broken,0,2/4/2020,221.96,219.06,227.86,218.29,1/29/2020,221.81,1/29/2020,-0.80%,4.33%
1/30/2020,99199.36554,99199.36554,0,0,,1/29/2020,1/30/2020,1.365,-0.5,0.311175282,1/29/2020,threshold,counterfactual_5m,,,,,FORCE_BUY,0.34,0.39,sell,sell_high_broken,0,2/5/2020,222.93,220.83,230.25,218.29,1/30/2020,222.6,1/30/2020,-0.80%,4.70%
1/31/2020,97180.14166,0,1,443.7854675,223.53,1/30/2020,1/31/2020,2.105,-0.5,0.173514618,1/30/2020,threshold,counterfactual_5m,,,,,FORCE_BUY,0.34,0.39,sell,sell_high_broken,0,2/6/2020,222.7,219.69,230.25,218.29,1/31/2020,219.07,1/31/2020,-2.82%,3.04%
2/3/2020,97903.51198,97903.51198,0,0,,1/31/2020,2/3/2020,1.28,-0.5,0.504815391,1/31/2020,threshold,counterfactual_5m,,,,,FORCE_SELL,0.15,0.17,sell,sell_high_broken,0,2/7/2020,223.56,218.29,230.44,219.99,2/3/2020,222.38,2/3/2020,-2.10%,4.60%
2/4/2020,97903.51198,97903.51198,0,0,,2/3/2020,2/4/2020,1.29,-0.5,0.183741565,2/3/2020,threshold,counterfactual_5m,,,,,FORCE_SELL,0.15,0.17,sell,sell_high_broken,0,2/10/2020,222.89,219.99,231.98,224.65,2/4/2020,227.47,2/4/2020,-2.10%,6.99%
2/5/2020,97903.51198,97903.51198,0,0,,2/4/2020,2/5/2020,-0.5,-0.5,0.224549431,2/4/2020,threshold,counterfactual_5m,,,,,FORCE_SELL,0.15,0.17,sell,sell_high_broken,0,2/11/2020,227.86,224.65,234.02,226.85,2/5/2020,228.22,2/5/2020,-2.10%,7.34%
2/6/2020,97903.51198,97903.51198,0,0,,2/5/2020,2/6/2020,0.98,-0.5,0.35416466,2/5/2020,threshold,counterfactual_5m,,,,,FORCE_SELL,0.15,0.17,sell,sell_high_broken,0,2/12/2020,230.25,226.85,234.38,227.98,2/6/2020,230.19,2/6/2020,-2.10%,8.27%
2/7/2020,97903.51198,97903.51198,0,0,,2/6/2020,2/7/2020,1.285,-0.5,0.170663414,2/6/2020,threshold,counterfactual_5m,,,,,FORCE_SELL,0.15,0.17,sell,sell_high_broken,0,2/13/2020,230.25,227.98,234.93,228.38,2/7/2020,229.2,2/7/2020,-2.10%,7.80%
2/10/2020,97903.51198,97903.51198,0,0,,2/7/2020,2/10/2020,1.285,-0.5,0.30585778,2/7/2020,threshold,counterfactual_5m,,,,,FORCE_SELL,0.15,0.17,sell,sell_high_broken,0,2/14/2020,230.44,228.54,234.93,228.38,2/10/2020,231.97,2/10/2020,-2.10%,9.11%
2/11/2020,97836.09692,0,1,421.3440867,232.36,2/10/2020,2/11/2020,1.36,2.405,0.158608899,2/10/2020,threshold,counterfactual_5m,,,,,FORCE_BUY,0.34,0.39,sell,sell_high_broken,0,2/18/2020,231.98,228.38,235.17,231.4,2/11/2020,232.01,2/11/2020,-2.16%,9.12%
2/12/2020,98278.50821,98278.50821,0,0,,2/11/2020,2/12/2020,1.41,-0.5,0.364475822,2/11/2020,threshold,counterfactual_5m,,,,,FREE,0.34,0.39,sell,sell_high_broken,0,2/19/2020,234.02,231.4,237.47,232.36,2/12/2020,234.27,2/12/2020,-1.72%,10.19%
2/13/2020,98278.50821,98278.50821,0,0,,2/12/2020,2/13/2020,1.41,-0.5,0.150407837,2/12/2020,threshold,counterfactual_5m,,,,,FREE,0.15,0.17,sell,sell_high_broken,0,2/20/2020,234.38,232.8,237.47,231.88,2/13/2020,233.97,2/13/2020,-1.72%,10.05%
2/14/2020,98278.50821,98278.50821,0,0,,2/13/2020,2/14/2020,1.41,-0.5,0.23528963,2/13/2020,threshold,counterfactual_5m,,,,,FORCE_SELL,0.15,0.17,sell,sell_high_broken,0,2/21/2020,234.93,232.36,237.47,229.32,2/14/2020,234.64,2/14/2020,-1.72%,10.36%
2/18/2020,98278.50821,98278.50821,0,0,,2/14/2020,2/18/2020,1.41,-0.5,0.161242636,2/14/2020,threshold,counterfactual_5m,,,,,FREE,0.15,0.17,sell,sell_high_broken,0,2/24/2020,234.86,233.55,237.47,220.26,2/18/2020,234.73,2/18/2020,-1.72%,10.40%
2/19/2020,98278.50821,98278.50821,0,0,,2/18/2020,2/19/2020,1.41,-0.5,0.16574925,2/18/2020,threshold,counterfactual_5m,,,,,FREE,0.15,0.17,sell,sell_high_broken,0,2/25/2020,235.17,233.25,237.47,214.74,2/19/2020,236.98,2/19/2020,-1.72%,11.46%
2/20/2020,98278.50821,98278.50821,0,0,,2/19/2020,2/20/2020,0.985,-0.5,0.175909559,2/19/2020,threshold,counterfactual_5m,,,,,FORCE_SELL,0.15,0.17,sell,sell_high_held,1,2/26/2020,237.47,235.85,236.95,214.74,2/20/2020,234.78,2/20/2020,-1.72%,10.43%
2/21/2020,98278.50821,98278.50821,0,0,,2/20/2020,2/21/2020,1.725,-0.5,0.35574711,2/20/2020,threshold,counterfactual_5m,,,,,FORCE_SELL,0.15,0.17,sell,sell_high_held,1,2/27/2020,236.95,231.88,234.01,205.5,2/21/2020,230.27,2/21/2020,-1.72%,8.31%
2/24/2020,98278.50821,98278.50821,0,0,,2/21/2020,2/24/2020,2.455,-0.5,0.410927137,2/21/2020,threshold,counterfactual_5m,,,,,FORCE_SELL,0.15,0.17,sell,sell_high_held,1,2/28/2020,234.01,229.32,224.25,198.17,2/24/2020,221.39,2/24/2020,-1.72%,4.13%
2/25/2020,98278.50821,98278.50821,0,0,,2/24/2020,2/25/2020,2.495,-0.5,0.370899253,2/24/2020,threshold,counterfactual_5m,,,,,FORCE_SELL,0.15,0.17,sell,sell_high_held,1,3/2/2020,224.25,220.26,223.99,198.17,2/25/2020,215.37,2/25/2020,-1.72%,1.30%
2/26/2020,98278.50821,98278.50821,0,0,,2/25/2020,2/26/2020,-0.5,-0.5,0.803403793,2/25/2020,threshold,counterfactual_5m,,,,,FORCE_SELL,0.15,0.17,buy,buy_low_broken,0,3/3/2020,223.99,214.74,220.28,198.17,2/26/2020,216.48,2/26/2020,-1.72%,1.82%
2/27/2020,98278.50821,98278.50821,0,0,,2/26/2020,2/27/2020,-0.5,-0.5,0.687072109,2/26/2020,threshold,counterfactual_5m,,,,,FORCE_SELL,0.15,0.17,buy,buy_low_broken,0,3/4/2020,220.28,214.9,219.61,198.17,2/27/2020,205.64,2/27/2020,-1.72%,-3.28%
2/28/2020,98278.50821,98278.50821,0,0,,2/27/2020,2/28/2020,-0.5,-0.5,0.783308092,2/27/2020,threshold,counterfactual_5m,,,,,FORCE_SELL,0.15,0.17,buy,buy_low_broken,0,3/5/2020,216.42,205.5,219.61,198.17,2/28/2020,205.8,2/28/2020,-1.72%,-3.20%
3/2/2020,98278.50821,98278.50821,0,0,,2/28/2020,3/2/2020,1.565,-0.5,0.486130918,2/28/2020,threshold,counterfactual_5m,,,,,FORCE_SELL,0.15,0.17,buy,buy_low_held,1,3/6/2020,207.17,198.17,219.61,202.91,3/2/2020,216.42,3/2/2020,-1.72%,1.79%
3/3/2020,98278.50821,98278.50821,0,0,,3/2/2020,3/3/2020,2.275,-0.5,0.689960867,3/2/2020,threshold,counterfactual_5m,,,,,FORCE_SELL,0.15,0.17,buy,buy_low_broken,0,3/9/2020,216.57,205.94,219.61,192.11,3/3/2020,209.48,3/3/2020,-1.72%,-1.47%
3/4/2020,98278.50821,98278.50821,0,0,,3/3/2020,3/4/2020,1.795,-0.5,0.770021409,3/3/2020,threshold,counterfactual_5m,,,,,FORCE_SELL,0.15,0.17,buy,buy_low_broken,0,3/10/2020,219.61,207.62,218.33,192.11,3/4/2020,218.22,3/4/2020,-1.72%,2.64%
3/5/2020,98278.50821,98278.50821,0,0,,3/4/2020,3/5/2020,1.795,-0.5,0.576583646,3/4/2020,threshold,counterfactual_5m,,,,,FORCE_SELL,0.15,0.17,buy,buy_low_broken,0,3/11/2020,218.33,211.37,216.36,192.11,3/5/2020,211.59,3/5/2020,-1.72%,-0.48%
3/6/2020,98278.50821,98278.50821,0,0,,3/5/2020,3/6/2020,2.5,-0.5,0.688795867,3/5/2020,threshold,counterfactual_5m,,,,,FORCE_SELL,0.15,0.17,buy,buy_low_broken,0,3/12/2020,216.36,210.1,209.15,176.94,3/6/2020,208.02,3/6/2020,-1.72%,-2.16%
3/9/2020,98278.50821,98278.50821,0,0,,3/6/2020,3/9/2020,-0.5,-0.5,0.514692782,3/6/2020,threshold,counterfactual_5m,,,,,FORCE_SELL,0.15,0.17,buy,buy_low_broken,0,3/13/2020,209.15,202.91,204.3,176.94,3/9/2020,193.57,3/9/2020,-1.72%,-8.96%
3/10/2020,98278.50821,98278.50821,0,0,,3/9/2020,3/10/2020,-0.5,-0.5,0.729440163,3/9/2020,threshold,counterfactual_5m,,,,,FORCE_SELL,0.15,0.17,buy,buy_low_broken,0,3/16/2020,201.16,192.11,204.3,169.16,3/10/2020,204.11,3/10/2020,-1.72%,-4.00%
3/11/2020,98278.50821,98278.50821,0,0,,3/10/2020,3/11/2020,-0.5,-0.5,0.773972254,3/10/2020,threshold,counterfactual_5m,,,,,FORCE_SELL,0.15,0.17,buy,buy_low_broken,0,3/17/2020,204.3,193.68,200.75,169.16,3/11/2020,195.22,3/11/2020,-1.72%,-8.18%
3/12/2020,98278.50821,98278.50821,0,0,,3/11/2020,3/12/2020,-0.5,2.37,0.704114433,3/11/2020,threshold,counterfactual_5m,,,,,FORCE_SELL,0.15,0.17,buy,buy_low_broken,0,3/18/2020,200.75,192.73,194.48,166.8,3/12/2020,177.32,3/12/2020,-1.72%,-16.60%
3/13/2020,98278.50821,98278.50821,0,0,,3/12/2020,3/13/2020,-0.5,2.425,0.770665046,3/12/2020,threshold,counterfactual_5m,,,,,FORCE_SELL,0.15,0.17,buy,buy_low_broken,0,3/19/2020,190.78,176.94,194.48,166.8,3/13/2020,192.34,3/13/2020,-1.72%,-9.53%
3/16/2020,98278.50821,98278.50821,0,0,,3/13/2020,3/16/2020,-0.5,2.425,0.843628527,3/13/2020,threshold,counterfactual_5m,,,,,FORCE_SELL,0.15,0.17,buy,buy_low_broken,0,3/20/2020,194.48,178.13,184.68,166.8,3/16/2020,169.3,3/16/2020,-1.72%,-20.37%
3/17/2020,98278.50821,98278.50821,0,0,,3/16/2020,3/17/2020,-0.5,-0.5,0.78495119,3/16/2020,threshold,counterfactual_5m,,,,,FORCE_SELL,0.15,0.17,buy,buy_low_broken,0,3/23/2020,184.68,169.16,184.39,164.93,3/17/2020,182.14,3/17/2020,-1.72%,-14.33%
3/18/2020,98278.50821,98278.50821,0,0,,3/17/2020,3/18/2020,-0.5,-0.5,0.816635873,3/17/2020,threshold,counterfactual_5m,,,,,FORCE_SELL,0.15,0.17,buy,buy_low_broken,0,3/24/2020,184.39,169.78,183.83,164.93,3/18/2020,176.6,3/18/2020,-1.72%,-16.94%
3/19/2020,98278.50821,98278.50821,0,0,,3/18/2020,3/19/2020,-0.5,-0.5,0.637958478,3/18/2020,threshold,counterfactual_5m,,,,,FORCE_SELL,0.15,0.17,buy,buy_low_broken,0,3/25/2020,179.22,166.8,189.51,164.93,3/19/2020,177.66,3/19/2020,-1.72%,-16.44%
3/20/2020,98278.50821,98278.50821,0,0,,3/19/2020,3/20/2020,-0.5,-0.5,0.672085163,3/19/2020,threshold,counterfactual_5m,,,,,FORCE_SELL,0.15,0.17,buy,buy_low_broken,0,3/26/2020,183.49,171.63,192.72,164.93,3/20/2020,170.7,3/20/2020,-1.72%,-19.71%
3/23/2020,98278.50821,98278.50821,0,0,,3/20/2020,3/23/2020,-0.5,-0.5,0.718394958,3/20/2020,threshold,counterfactual_5m,,,,,FORCE_SELL,0.15,0.17,buy,buy_low_broken,0,3/27/2020,182.87,170.1,192.72,164.93,3/23/2020,170.46,3/23/2020,-1.72%,-19.83%
3/24/2020,98278.50821,98278.50821,0,0,,3/23/2020,3/24/2020,-0.5,-0.5,0.567022927,3/23/2020,threshold,counterfactual_5m,,,,,FORCE_SELL,0.15,0.17,buy,buy_low_held,1,3/30/2020,174.21,164.93,192.72,177.95,3/24/2020,183.66,3/24/2020,-1.72%,-13.62%
3/25/2020,98278.50821,98278.50821,0,0,,3/24/2020,3/25/2020,-0.5,-0.5,0.774851432,3/24/2020,threshold,counterfactual_5m,,,,,FORCE_SELL,0.15,0.17,buy,buy_low_held,1,3/31/2020,183.83,177.95,195.25,179.98,3/25/2020,182.3,3/25/2020,-1.72%,-14.26%
3/26/2020,98278.50821,98278.50821,0,0,,3/25/2020,3/26/2020,-0.5,-0.5,0.78184036,3/25/2020,threshold,counterfactual_5m,,,,,FORCE_SELL,0.15,0.17,buy,buy_low_held,1,4/1/2020,189.51,179.98,195.25,180.86,3/26/2020,191.9,3/26/2020,-1.72%,-9.74%
3/27/2020,98278.50821,98278.50821,0,0,,3/26/2020,3/27/2020,2.285,-0.5,0.725040972,3/26/2020,threshold,counterfactual_5m,,,,,FORCE_SELL,0.15,0.17,buy,buy_low_broken,0,4/2/2020,192.72,183.61,195.25,180.86,3/27/2020,185.3,3/27/2020,-1.72%,-12.85%
3/30/2020,98278.50821,98278.50821,0,0,,3/27/2020,3/30/2020,2.285,-0.5,0.750524679,3/27/2020,threshold,counterfactual_5m,,,,,FORCE_SELL,0.15,0.17,buy,buy_low_broken,0,4/3/2020,190.51,184.66,195.25,180.86,3/30/2020,192.04,3/30/2020,-1.72%,-9.67%
3/31/2020,98278.50821,98278.50821,0,0,,3/30/2020,3/31/2020,-0.5,-0.5,0.584057536,3/30/2020,threshold,counterfactual_5m,,,,,FORCE_SELL,0.15,0.17,buy,buy_low_broken,0,4/6/2020,192.49,186.34,197.65,180.86,3/31/2020,190.4,3/31/2020,-1.72%,-10.45%
4/1/2020,98278.50821,98278.50821,0,0,,3/31/2020,4/1/2020,-0.5,-0.5,0.557468,3/31/2020,threshold,counterfactual_5m,,,,,FORCE_SELL,0.15,0.17,sell,sell_high_broken,0,4/7/2020,195.25,189.2,202.66,180.86,4/1/2020,182.31,4/1/2020,-1.72%,-14.25%
4/2/2020,98278.50821,98278.50821,0,0,,4/1/2020,4/2/2020,-0.5,-0.5,0.575963192,4/1/2020,threshold,counterfactual_5m,,,,,FORCE_SELL,0.15,0.17,sell,sell_high_broken,0,4/8/2020,187.66,180.86,202.66,180.97,4/2/2020,186.01,4/2/2020,-1.72%,-12.51%
4/3/2020,98278.50821,98278.50821,0,0,,4/2/2020,4/3/2020,-0.5,-0.5,0.525621879,4/2/2020,threshold,counterfactual_5m,,,,,FORCE_SELL,0.15,0.17,sell,sell_high_broken,0,4/9/2020,190.1,180.97,203.22,181.29,4/3/2020,183.37,4/3/2020,-1.72%,-13.75%
4/6/2020,98278.50821,98278.50821,0,0,,4/3/2020,4/6/2020,-0.5,-0.5,0.552149507,4/3/2020,threshold,counterfactual_5m,,,,,FORCE_SELL,0.15,0.17,sell,sell_high_broken,0,4/13/2020,187.07,181.29,203.42,189.19,4/6/2020,196.48,4/6/2020,-1.72%,-7.59%
4/7/2020,98278.50821,98278.50821,0,0,,4/6/2020,4/7/2020,-0.5,-0.5,0.530888607,4/6/2020,threshold,counterfactual_5m,,,,,FORCE_SELL,0.15,0.17,sell,sell_high_broken,0,4/14/2020,197.65,189.19,212.5,196,4/7/2020,196.4,4/7/2020,-1.72%,-7.62%
4/8/2020,98278.50821,98278.50821,0,0,,4/7/2020,4/8/2020,-0.5,-0.5,0.70527102,4/7/2020,threshold,counterfactual_5m,,,,,FORCE_SELL,0.15,0.17,sell,sell_high_broken,0,4/15/2020,202.66,196,212.5,196.17,4/8/2020,200.57,4/8/2020,-1.72%,-5.66%
4/9/2020,98278.50821,98278.50821,0,0,,4/8/2020,4/9/2020,2.04,-0.5,0.474224126,4/8/2020,threshold,counterfactual_5m,,,,,FORCE_SELL,0.15,0.17,sell,sell_high_broken,0,4/16/2020,201.17,196.17,214.37,198.75,4/9/2020,200.86,4/9/2020,-1.72%,-5.53%
4/13/2020,98278.50821,98278.50821,0,0,,4/9/2020,4/13/2020,2.04,-0.5,0.50996927,4/9/2020,threshold,counterfactual_5m,,,,,FORCE_SELL,0.15,0.17,sell,sell_high_broken,0,4/17/2020,203.22,199.03,216.51,198.75,4/13/2020,203.03,4/13/2020,-1.72%,-4.51%
4/14/2020,98278.50821,98278.50821,0,0,,4/13/2020,4/14/2020,2.04,-0.5,0.404573669,4/13/2020,threshold,counterfactual_5m,,,,,FORCE_SELL,0.15,0.17,sell,sell_high_broken,0,4/20/2020,203.42,198.75,216.51,206.42,4/14/2020,211.86,4/14/2020,-1.72%,-0.35%
4/15/2020,98278.50821,98278.50821,0,0,,4/14/2020,4/15/2020,2.34,-0.5,0.379692017,4/14/2020,threshold,counterfactual_5m,,,,,FORCE_SELL,0.15,0.17,sell,sell_high_broken,0,4/21/2020,212.5,206.42,216.51,203.63,4/15/2020,209.43,4/15/2020,-1.72%,-1.50%
4/16/2020,98278.50821,98278.50821,0,0,,4/15/2020,4/16/2020,1.685,-0.5,0.535819178,4/15/2020,threshold,counterfactual_5m,,,,,FORCE_SELL,0.15,0.17,sell,sell_high_broken,0,4/22/2020,211.83,207.12,216.51,203.63,4/16/2020,213.25,4/16/2020,-1.72%,0.30%
4/17/2020,98278.50821,98278.50821,0,0,,4/16/2020,4/17/2020,2.03,-0.5,0.452671909,4/16/2020,threshold,counterfactual_5m,,,,,FORCE_SELL,0.15,0.17,sell,sell_high_broken,0,4/23/2020,214.37,209.69,216.51,203.63,4/17/2020,215.29,4/17/2020,-1.72%,1.26%
4/20/2020,98278.50821,98278.50821,0,0,,4/17/2020,4/20/2020,-0.5,-0.5,0.464952084,4/17/2020,threshold,counterfactual_5m,,,,,FORCE_SELL,0.15,0.17,sell,sell_high_held,1,4/24/2020,216.51,212.08,215.88,203.63,4/20/2020,212.74,4/20/2020,-1.72%,0.06%
4/21/2020,98278.50821,98278.50821,0,0,,4/20/2020,4/21/2020,-0.5,-0.5,0.601753155,4/20/2020,threshold,counterfactual_5m,,,,,FORCE_SELL,0.15,0.17,sell,sell_high_broken,0,4/27/2020,215.88,212.57,216.63,203.63,4/21/2020,204.89,4/21/2020,-1.72%,-3.63%
4/22/2020,98278.50821,98278.50821,0,0,,4/21/2020,4/22/2020,2.305,2.4,0.372648875,4/21/2020,threshold,counterfactual_5m,,,,,FORCE_SELL,0.15,0.17,sell,sell_high_broken,0,4/28/2020,211.16,203.63,217.32,208.33,4/22/2020,210.97,4/22/2020,-1.72%,-0.77%
4/23/2020,98278.50821,98278.50821,0,0,,4/22/2020,4/23/2020,2.41,2.33,0.259438537,4/22/2020,threshold,counterfactual_5m,,,,,FORCE_SELL,0.15,0.17,sell,sell_high_broken,0,4/29/2020,212.35,208.33,219.97,209.5,4/23/2020,210.52,4/23/2020,-1.72%,-0.98%
4/24/2020,98278.50821,98278.50821,0,0,,4/23/2020,4/24/2020,-0.5,2.17,0.40660332,4/23/2020,threshold,counterfactual_5m,,,,,FORCE_SELL,0.15,0.17,sell,sell_high_broken,0,4/30/2020,214.44,210.1,220.04,209.5,4/24/2020,213.84,4/24/2020,-1.72%,0.58%
4/27/2020,98278.50821,98278.50821,0,0,,4/24/2020,4/27/2020,1.89,-0.5,0.218131943,4/24/2020,threshold,counterfactual_5m,,,,,FORCE_SELL,0.15,0.17,sell,sell_high_broken,0,5/1/2020,214.3,209.5,220.04,211.21,4/27/2020,215.56,4/27/2020,-1.72%,1.39%
4/28/2020,98278.50821,98278.50821,0,0,,4/27/2020,4/28/2020,1.895,-0.5,0.272550082,4/27/2020,threshold,counterfactual_5m,,,,,FORCE_SELL,0.15,0.17,sell,sell_high_broken,0,5/4/2020,216.63,214.5,220.04,211.12,4/28/2020,211.5,4/28/2020,-1.72%,-0.52%
4/29/2020,98278.50821,98278.50821,0,0,,4/28/2020,4/29/2020,2.15,-0.5,0.476179209,4/28/2020,threshold,counterfactual_5m,,,,,FORCE_SELL,0.15,0.17,sell,sell_high_broken,0,5/5/2020,217.32,211.21,220.14,211.12,4/29/2020,219,4/29/2020,-1.72%,3.01%
4/30/2020,98278.50821,98278.50821,0,0,,4/29/2020,4/30/2020,1.55,-0.5,0.259388786,4/29/2020,threshold,counterfactual_5m,,,,,FORCE_SELL,0.15,0.17,sell,sell_high_broken,0,5/6/2020,219.97,215.14,221.04,211.12,4/30/2020,218.91,4/30/2020,-1.72%,2.96%
5/1/2020,98278.50821,98278.50821,0,0,,4/30/2020,5/1/2020,1.585,2.215,0.289553707,4/30/2020,threshold,counterfactual_5m,,,,,FORCE_SELL,0.15,0.17,sell,sell_high_broken,0,5/7/2020,220.04,217.35,222.73,211.12,5/1/2020,212.74,5/1/2020,-1.72%,0.06%
5/4/2020,98278.50821,98278.50821,0,0,,5/1/2020,5/4/2020,-0.5,-0.5,0.344673929,5/1/2020,threshold,counterfactual_5m,,,,,FORCE_SELL,0.15,0.17,sell,sell_high_broken,0,5/8/2020,216.67,211.68,225,211.12,5/4/2020,215.22,5/4/2020,-1.72%,1.23%
5/5/2020,98278.50821,98278.50821,0,0,,5/4/2020,5/5/2020,-0.5,-0.5,0.165662283,5/4/2020,threshold,counterfactual_5m,,,,,FREE,0.15,0.17,sell,sell_high_broken,0,5/11/2020,215.45,211.12,227.93,216.85,5/5/2020,217.66,5/5/2020,-1.72%,2.38%
5/6/2020,98278.50821,98278.50821,0,0,,5/5/2020,5/6/2020,2.5,-0.5,0.324101986,5/5/2020,threshold,counterfactual_5m,,,,,FORCE_SELL,0.15,0.17,sell,sell_high_broken,0,5/12/2020,220.14,216.85,228.1,218.11,5/6/2020,219,5/6/2020,-1.72%,3.01%
5/7/2020,98278.50821,98278.50821,0,0,,5/6/2020,5/7/2020,2.455,-0.5,0.319786262,5/6/2020,threshold,counterfactual_5m,,,,,FORCE_SELL,0.15,0.17,sell,sell_high_broken,0,5/13/2020,221.04,218.11,228.1,216.71,5/7/2020,221.82,5/7/2020,-1.72%,4.33%
5/8/2020,98278.50821,98278.50821,0,0,,5/7/2020,5/8/2020,2.37,-0.5,0.216872821,5/7/2020,threshold,counterfactual_5m,,,,,FORCE_SELL,0.15,0.17,sell,sell_high_broken,0,5/14/2020,222.73,220.42,228.1,215.99,5/8/2020,224.86,5/8/2020,-1.72%,5.76%
5/11/2020,98387.11285,0,1,434.4185484,226.23,5/8/2020,5/11/2020,2.37,-0.5,0.112494384,5/8/2020,threshold,counterfactual_5m,,,,,FORCE_BUY,0.15,0.17,sell,sell_high_broken,0,5/15/2020,225,222.48,228.1,215.99,5/11/2020,226.87,5/11/2020,-1.61%,6.71%
5/12/2020,98287.19658,98287.19658,0,0,,5/11/2020,5/12/2020,-0.5,-0.5,0.194929586,5/11/2020,threshold,counterfactual_5m,,,,,FORCE_SELL,0.15,0.17,sell,sell_high_broken,0,5/18/2020,227.93,223.25,228.68,215.99,5/12/2020,222.12,5/12/2020,-1.71%,4.47%
5/13/2020,98287.19658,98287.19658,0,0,,5/12/2020,5/13/2020,-0.5,2.155,0.373817691,5/12/2020,threshold,counterfactual_5m,,,,,FORCE_SELL,0.15,0.17,sell,sell_high_broken,0,5/19/2020,228.1,222.09,229.85,215.99,5/13/2020,219.34,5/13/2020,-1.71%,3.17%
5/14/2020,98287.19658,98287.19658,0,0,,5/13/2020,5/14/2020,-0.5,2.17,0.310069731,5/13/2020,threshold,counterfactual_5m,,,,,FORCE_SELL,0.15,0.17,sell,sell_high_broken,0,5/20/2020,224.61,216.71,231.76,215.99,5/14/2020,221.83,5/14/2020,-1.71%,4.34%
5/15/2020,98486.15852,0,1,442.1376365,222.3,5/14/2020,5/15/2020,2.39,2.38,0.126911647,5/14/2020,threshold,counterfactual_5m,,,,,FORCE_BUY,0.15,0.17,sell,sell_high_broken,0,5/21/2020,221.87,215.99,232.14,218.33,5/15/2020,223.27,5/15/2020,-1.51%,5.01%
5/18/2020,100838.3307,0,1,442.1376365,222.3,5/15/2020,5/18/2020,2.39,2.38,0.113359034,5/15/2020,threshold,counterfactual_5m,,,,,FORCE_BUY,0.15,0.17,sell,sell_high_broken,0,5/22/2020,223.33,218.33,232.14,225.47,5/18/2020,227.43,5/18/2020,0.84%,6.97%
5/19/2020,100745.4818,100745.4818,0,0,,5/18/2020,5/19/2020,-0.5,-0.5,0.16070045,5/18/2020,threshold,counterfactual_5m,,,,,FREE,0.15,0.17,sell,sell_high_broken,0,5/26/2020,228.68,225.47,233.57,226.71,5/19/2020,226.86,5/19/2020,0.75%,6.70%
5/20/2020,100745.4818,100745.4818,0,0,,5/19/2020,5/20/2020,-0.5,-0.5,0.25042931,5/19/2020,threshold,counterfactual_5m,,,,,FORCE_SELL,0.15,0.17,sell,sell_high_broken,0,5/27/2020,229.85,226.71,233.57,223.94,5/20/2020,231.39,5/20/2020,0.75%,8.83%
5/21/2020,100934.6629,0,1,439.6491981,229.1497,5/20/2020,5/21/2020,-0.5,-0.5,0.128063936,5/20/2020,threshold,counterfactual_5m,,,,,FORCE_BUY,0.15,0.17,sell,sell_high_broken,0,5/28/2020,231.76,229.48,233.57,223.94,5/21/2020,228.87,5/21/2020,0.93%,7.65%
5/22/2020,100912.6804,100912.6804,0,0,,5/21/2020,5/22/2020,1.375,-0.5,0.272651647,5/21/2020,threshold,counterfactual_5m,,,,,FORCE_SELL,0.15,0.17,sell,sell_high_broken,0,5/29/2020,232.14,228.34,233.6,223.94,5/22/2020,229.66,5/22/2020,0.91%,8.02%
5/26/2020,98957.94494,0,1,431.5089388,233.86,5/22/2020,5/26/2020,2.495,2.245,0.11482422,5/22/2020,threshold,counterfactual_5m,,,,,FORCE_BUY,0.15,0.17,sell,sell_high_broken,0,6/1/2020,229.87,227.5,234.45,223.94,5/26/2020,229.04,5/26/2020,-1.04%,7.73%
5/27/2020,99833.90809,99833.90809,0,0,,5/26/2020,5/27/2020,2.46,1.85,0.327257052,5/26/2020,threshold,counterfactual_5m,,,,,FORCE_SELL,0.11,0.155,sell,sell_high_broken,0,6/2/2020,233.57,228.79,235.69,223.94,5/27/2020,230.29,5/27/2020,-0.17%,8.32%
5/28/2020,99981.49765,0,1,434.8912468,230.52,5/27/2020,5/28/2020,2.135,1.93,0.127440538,5/27/2020,threshold,counterfactual_5m,,,,,FREE,0.11,0.155,sell,sell_high_broken,0,6/3/2020,230.41,223.94,237.47,228.76,5/28/2020,229.99,5/28/2020,-0.02%,8.17%
5/29/2020,99972.79982,99972.79982,0,0,,5/28/2020,5/29/2020,2.375,2.495,0.227749471,5/28/2020,threshold,counterfactual_5m,,,,,FORCE_SELL,0.15,0.17,sell,sell_high_broken,0,6/4/2020,233.47,229.05,237.79,228.76,5/29/2020,233.36,5/29/2020,-0.03%,9.76%
6/1/2020,99972.79982,99972.79982,0,0,,5/29/2020,6/1/2020,1.295,-0.5,0.100963852,5/29/2020,threshold,counterfactual_5m,,,,,FORCE_BUY,0.15,0.17,sell,sell_high_broken,0,6/5/2020,233.6,228.76,240.3,232,6/1/2020,234.06,6/1/2020,-0.03%,10.09%
6/2/2020,100483.4296,0,1,425.5248141,234.94,6/1/2020,6/2/2020,1.425,2.465,0.090505407,6/1/2020,threshold,counterfactual_5m,,,,,FORCE_BUY,0.15,0.17,sell,sell_high_broken,0,6/8/2020,234.45,232,241.68,232.01,6/2/2020,235.63,6/2/2020,0.48%,10.83%
6/3/2020,100738.7445,0,1,425.5248141,234.94,6/2/2020,6/3/2020,1.565,2.465,0.085850955,6/2/2020,threshold,counterfactual_5m,,,,,FORCE_BUY,0.15,0.17,sell,sell_high_broken,0,6/9/2020,235.69,232.01,244.18,233.68,6/3/2020,236.69,6/3/2020,0.74%,11.33%
6/4/2020,99917.4816,0,1,425.5248141,234.94,6/3/2020,6/4/2020,1.485,-0.5,0.142166142,6/3/2020,threshold,counterfactual_5m,,,,,FORCE_BUY,0.15,0.17,sell,sell_high_broken,0,6/10/2020,237.47,235.35,247.82,233.68,6/4/2020,235.03,6/4/2020,-0.08%,10.55%
6/5/2020,102140.8487,102140.8487,0,0,,6/4/2020,6/5/2020,1.48,-0.5,0.215529635,6/4/2020,threshold,counterfactual_5m,,,,,FORCE_SELL,0.11,0.155,sell,sell_high_broken,0,6/11/2020,237.79,233.68,247.82,233.96,6/5/2020,239.69,6/5/2020,2.14%,12.74%
6/8/2020,102140.8487,102140.8487,0,0,,6/5/2020,6/8/2020,-0.5,2.15,0.154990843,6/5/2020,threshold,counterfactual_5m,,,,,FREE,0.11,0.155,sell,sell_high_broken,0,6/12/2020,240.3,235.63,247.82,231.74,6/8/2020,241.55,6/8/2020,2.14%,13.61%
6/9/2020,102334.2894,102334.2894,0,0,,6/8/2020,6/9/2020,-0.5,2.365,0.129336411,6/8/2020,threshold,counterfactual_5m,,,,,FREE,0.11,0.155,sell,sell_high_broken,0,6/15/2020,241.68,237.91,247.82,231.47,6/9/2020,243.3,6/9/2020,2.33%,14.43%
6/10/2020,102334.2894,102334.2894,0,0,,6/9/2020,6/10/2020,-0.5,2.365,0.176300736,6/9/2020,threshold,counterfactual_5m,,,,,FORCE_SELL,0.11,0.155,sell,sell_high_broken,0,6/16/2020,244.18,240.47,247.82,231.47,6/10/2020,246.22,6/10/2020,2.33%,15.81%
6/11/2020,102334.2894,102334.2894,0,0,,6/10/2020,6/11/2020,2.48,-0.5,0.240529039,6/10/2020,threshold,counterfactual_5m,,,,,FORCE_SELL,0.11,0.155,sell,sell_high_held,1,6/17/2020,247.82,244.51,245.5,231.47,6/11/2020,234.02,6/11/2020,2.33%,10.07%
6/12/2020,102334.2894,102334.2894,0,0,,6/11/2020,6/12/2020,2.35,-0.5,0.632920118,6/11/2020,threshold,counterfactual_5m,,,,,FORCE_SELL,0.11,0.155,sell,sell_high_broken,0,6/18/2020,243.59,233.96,245.5,231.47,6/12/2020,235.88,6/12/2020,2.33%,10.94%
6/15/2020,102334.2894,102334.2894,0,0,,6/12/2020,6/15/2020,2.35,-0.5,0.43123612,6/12/2020,threshold,counterfactual_5m,,,,,FORCE_SELL,0.11,0.155,sell,sell_high_broken,0,6/19/2020,240.4,231.74,247,231.47,6/15/2020,238.75,6/15/2020,2.33%,12.29%
6/16/2020,102334.2894,102334.2894,0,0,,6/15/2020,6/16/2020,-0.5,2.26,0.222930979,6/15/2020,threshold,counterfactual_5m,,,,,FORCE_SELL,0.11,0.155,sell,sell_high_broken,0,6/22/2020,239.45,231.47,247,239.1,6/16/2020,242.85,6/16/2020,2.33%,14.22%
6/17/2020,102334.2894,102334.2894,0,0,,6/16/2020,6/17/2020,2.315,-0.5,0.2629644,6/16/2020,threshold,counterfactual_5m,,,,,FORCE_SELL,0.11,0.155,sell,sell_high_broken,0,6/23/2020,244.39,239.1,251.15,242.45,6/17/2020,243.62,6/17/2020,2.33%,14.59%
6/18/2020,102334.2894,102334.2894,0,0,,6/17/2020,6/18/2020,2.36,-0.5,0.266559341,6/17/2020,threshold,counterfactual_5m,,,,,FORCE_SELL,0.11,0.155,sell,sell_high_broken,0,6/24/2020,245.5,242.73,251.15,242.16,6/18/2020,244.28,6/18/2020,2.33%,14.90%
6/19/2020,102334.2894,102334.2894,0,0,,6/18/2020,6/19/2020,2.19,-0.5,0.166980708,6/18/2020,threshold,counterfactual_5m,,,,,FORCE_SELL,0.11,0.155,sell,sell_high_broken,0,6/25/2020,244.53,242.49,251.15,241.14,6/19/2020,244.24,6/19/2020,2.33%,14.88%
6/22/2020,102334.2894,102334.2894,0,0,,6/19/2020,6/22/2020,1.65,-0.5,0.307726862,6/19/2020,threshold,counterfactual_5m,,,,,FORCE_SELL,0.11,0.155,sell,sell_high_broken,0,6/26/2020,247,242.45,251.15,239.68,6/22/2020,246.74,6/22/2020,2.33%,16.05%
6/23/2020,102334.2894,102334.2894,0,0,,6/22/2020,6/23/2020,-0.5,1.925,0.157837574,6/22/2020,threshold,counterfactual_5m,,,,,FORCE_SELL,0.11,0.155,sell,sell_high_broken,0,6/29/2020,246.87,243.38,251.15,237.35,6/23/2020,248.84,6/23/2020,2.33%,17.04%
6/24/2020,102334.2894,102334.2894,0,0,,6/23/2020,6/24/2020,2.415,2.365,0.313193626,6/23/2020,threshold,counterfactual_5m,,,,,FORCE_SELL,0.11,0.155,sell,sell_high_held,1,6/30/2020,251.15,247.82,249.33,237.35,6/24/2020,243.71,6/24/2020,2.33%,14.63%
6/25/2020,102334.2894,102334.2894,0,0,,6/24/2020,6/25/2020,-0.5,2.37,0.394868073,6/24/2020,threshold,counterfactual_5m,,,,,FORCE_SELL,0.11,0.155,sell,sell_high_broken,0,7/1/2020,249.33,242.16,251.52,237.35,6/25/2020,246.03,6/25/2020,2.33%,15.72%
6/26/2020,99924.7966,0,1,416.8744122,245.65,6/25/2020,6/26/2020,2.16,2.305,0.146330835,6/25/2020,threshold,counterfactual_5m,,,,,FREE,0.11,0.155,sell,sell_high_broken,0,7/2/2020,246.34,241.14,254.27,237.35,6/26/2020,240.22,6/26/2020,-0.08%,12.99%
6/29/2020,100224.9462,100224.9462,0,0,,6/26/2020,6/29/2020,2.16,2.305,0.343288948,6/26/2020,threshold,counterfactual_5m,,,,,FORCE_SELL,0.11,0.155,sell,sell_high_broken,0,7/6/2020,245.96,239.68,258.93,237.35,6/29/2020,242.84,6/29/2020,0.22%,14.22%
6/30/2020,100224.9462,100224.9462,0,0,,6/29/2020,6/30/2020,-0.5,2.48,0.253427103,6/29/2020,threshold,counterfactual_5m,,,,,FORCE_SELL,0.11,0.155,buy,buy_low_held,1,7/7/2020,242.85,237.35,260.88,242.58,6/30/2020,247.6,6/30/2020,0.22%,16.46%
7/1/2020,100224.9462,100224.9462,0,0,,6/30/2020,7/1/2020,-0.5,2.475,0.339668304,6/30/2020,threshold,counterfactual_5m,,,,,FORCE_SELL,0.11,0.155,buy,buy_low_held,1,7/8/2020,248.16,242.58,260.88,247.08,7/1/2020,250.49,7/1/2020,0.22%,17.82%
7/2/2020,100224.9462,100224.9462,0,0,,7/1/2020,7/2/2020,1.765,-0.5,0.372915335,7/1/2020,threshold,counterfactual_5m,,,,,FORCE_SELL,0.11,0.155,buy,buy_low_held,1,7/9/2020,251.52,247.08,262.87,251.71,7/2/2020,252.19,7/2/2020,0.22%,18.62%
7/6/2020,100224.9462,100224.9462,0,0,,7/2/2020,7/6/2020,1.765,-0.5,0.523042485,7/2/2020,threshold,counterfactual_5m,,,,,FORCE_SELL,0.11,0.155,buy,buy_low_held,1,7/10/2020,254.27,251.71,264.23,255.43,7/6/2020,258.39,7/6/2020,0.22%,21.53%
7/7/2020,100224.9462,100224.9462,0,0,,7/6/2020,7/7/2020,1.89,-0.5,0.17648157,7/6/2020,threshold,counterfactual_5m,,,,,FORCE_SELL,0.13,0.155,sell,sell_high_broken,0,7/13/2020,258.93,255.43,269.79,256.3,7/7/2020,256.61,7/7/2020,0.22%,20.70%
7/8/2020,100224.9462,100224.9462,0,0,,7/7/2020,7/8/2020,1.79,-0.5,0.34543813,7/7/2020,threshold,counterfactual_5m,,,,,FORCE_SELL,0.13,0.155,sell,sell_high_broken,0,7/14/2020,260.88,256.3,269.79,252.76,7/8/2020,259.99,7/8/2020,0.22%,22.28%
7/9/2020,100224.9462,100224.9462,0,0,,7/8/2020,7/9/2020,1.775,-0.5,0.144181162,7/8/2020,threshold,counterfactual_5m,,,,,FREE,0.13,0.155,sell,sell_high_broken,0,7/15/2020,260.02,256.5,269.79,252.76,7/9/2020,262.18,7/9/2020,0.22%,23.31%
7/10/2020,100224.9462,100224.9462,0,0,,7/9/2020,7/10/2020,1.775,-0.5,0.195909752,7/9/2020,threshold,counterfactual_5m,,,,,FORCE_SELL,0.13,0.155,sell,sell_high_broken,0,7/16/2020,262.87,257.63,269.79,252.76,7/10/2020,263.97,7/10/2020,0.22%,24.16%
7/13/2020,97045.39616,0,1,373.6251489,268.25,7/10/2020,7/13/2020,2.5,-0.5,0.121144279,7/10/2020,threshold,counterfactual_5m,,,,,FORCE_BUY,0.13,0.155,sell,sell_high_broken,0,7/17/2020,264.23,259.26,269.79,252.76,7/13/2020,258.54,7/13/2020,-2.95%,21.60%
7/14/2020,97258.3625,97258.3625,0,0,,7/13/2020,7/14/2020,2.405,-0.5,0.434886806,7/13/2020,threshold,counterfactual_5m,,,,,FORCE_SELL,0.13,0.155,sell,sell_high_held,1,7/20/2020,269.79,257.69,267.43,252.76,7/14/2020,260.37,7/14/2020,-2.74%,22.46%
7/15/2020,97299.34319,97299.34319,0,0,,7/14/2020,7/15/2020,-0.5,0.93,0.141236241,7/14/2020,threshold,counterfactual_5m,,,,,FREE,0.11,0.155,sell,sell_high_broken,0,7/21/2020,260.79,252.76,268.41,255.62,7/15/2020,260.9,7/15/2020,-2.70%,22.71%
7/16/2020,97299.34319,97299.34319,0,0,,7/15/2020,7/16/2020,-0.5,1.46,0.173485439,7/15/2020,threshold,counterfactual_5m,,,,,FORCE_SELL,0.13,0.155,sell,sell_high_broken,0,7/22/2020,262.69,257.49,268.41,255.62,7/16/2020,259.12,7/16/2020,-2.70%,21.88%
7/17/2020,97299.34319,97299.34319,0,0,,7/16/2020,7/17/2020,-0.5,1.46,0.121525461,7/16/2020,threshold,counterfactual_5m,,,,,FORCE_BUY,0.13,0.155,sell,sell_high_broken,0,7/23/2020,259.78,255.62,268.41,256.55,7/17/2020,259.42,7/17/2020,-2.70%,22.02%
7/20/2020,97299.34319,97299.34319,0,0,,7/17/2020,7/20/2020,-0.5,1.46,0.146855467,7/17/2020,threshold,counterfactual_5m,,,,,FREE,0.13,0.155,sell,sell_high_broken,0,7/24/2020,260.31,257.17,268.41,251.32,7/20/2020,266.78,7/20/2020,-2.70%,25.48%
7/21/2020,97299.34319,97299.34319,0,0,,7/20/2020,7/21/2020,2.355,2.475,0.161915632,7/20/2020,threshold,counterfactual_5m,,,,,FORCE_SELL,0.13,0.155,sell,sell_high_broken,0,7/27/2020,267.43,258.79,268.41,251.32,7/21/2020,264,7/21/2020,-2.70%,24.17%
7/22/2020,97299.34319,97299.34319,0,0,,7/21/2020,7/22/2020,2.45,1.66,0.29913238,7/21/2020,threshold,counterfactual_5m,,,,,FORCE_SELL,0.13,0.155,sell,sell_high_held,1,7/28/2020,268.41,263.13,265.89,251.32,7/22/2020,264.93,7/22/2020,-2.70%,24.61%
7/23/2020,94774.08958,0,1,367.0426768,265.09,7/22/2020,7/23/2020,2.455,2.145,0.154527216,7/22/2020,threshold,counterfactual_5m,,,,,FREE,0.13,0.155,sell,sell_high_held,1,7/29/2020,265.89,262.55,265.24,251.32,7/23/2020,258.01,7/23/2020,-5.23%,21.35%
7/24/2020,93129.73838,93129.73838,0,0,,7/23/2020,7/24/2020,2.445,2.29,0.324686949,7/23/2020,threshold,counterfactual_5m,,,,,FORCE_SELL,0.11,0.15,sell,sell_high_held,1,7/30/2020,265.24,256.55,261.71,251.32,7/24/2020,255.56,7/24/2020,-6.87%,20.20%
7/27/2020,94062.84411,94062.84411,0,0,,7/24/2020,7/27/2020,2.445,2.29,0.134083299,7/24/2020,threshold,counterfactual_5m,,,,,FREE,0.1,0.15,sell,sell_high_broken,0,7/31/2020,256.93,251.32,265.95,256.45,7/27/2020,260.12,7/27/2020,-5.94%,22.35%
7/28/2020,94070.14401,0,1,364.9949327,257.71,7/27/2020,7/28/2020,1.97,-0.5,0.112907514,7/27/2020,threshold,counterfactual_5m,,,,,FREE,0.1,0.15,sell,sell_high_broken,0,8/3/2020,260.52,256.45,270.15,256.51,7/28/2020,256.81,7/28/2020,-5.93%,20.79%
7/29/2020,94227.09183,94227.09183,0,0,,7/28/2020,7/29/2020,2.21,2.175,0.244006328,7/28/2020,threshold,counterfactual_5m,,,,,FORCE_SELL,0.1,0.15,sell,sell_high_broken,0,8/4/2020,259.85,256.51,270.48,256.55,7/29/2020,259.77,7/29/2020,-5.77%,22.18%
7/30/2020,95481.47188,95481.47188,0,0,,7/29/2020,7/30/2020,-0.5,2.07,0.144589858,7/29/2020,threshold,counterfactual_5m,,,,,FREE,0.1,0.15,sell,sell_high_broken,0,8/5/2020,260.66,257.91,271.52,256.55,7/30/2020,261.13,7/30/2020,-4.52%,22.82%
7/31/2020,95654.11326,0,1,359.6695366,265.47,7/30/2020,7/31/2020,2.24,2.305,0.1426399,7/30/2020,threshold,counterfactual_5m,,,,,FORCE_BUY,0.35,0.395,sell,sell_high_broken,0,8/6/2020,261.71,256.55,274.98,260.85,7/31/2020,265.79,7/31/2020,-4.35%,25.01%
8/3/2020,96848.21612,0,1,359.6695366,265.47,7/31/2020,8/3/2020,2.24,2.305,0.152596286,7/31/2020,threshold,counterfactual_5m,,,,,FORCE_BUY,0.35,0.395,sell,sell_high_broken,0,8/7/2020,265.95,260.85,274.98,267.87,8/3/2020,269.38,8/3/2020,-3.15%,26.70%
8/4/2020,97193.49888,0,1,359.6695366,265.47,8/3/2020,8/4/2020,1.52,-0.5,0.200602945,8/3/2020,threshold,counterfactual_5m,,,,,FORCE_BUY,0.35,0.395,sell,sell_high_broken,0,8/10/2020,270.15,267.87,274.98,266.67,8/4/2020,270.38,8/4/2020,-2.81%,27.17%
8/5/2020,97322.97991,0,1,359.6695366,265.47,8/4/2020,8/5/2020,1.19,-0.5,0.141370663,8/4/2020,threshold,counterfactual_5m,,,,,FORCE_BUY,0.35,0.395,sell,sell_high_broken,0,8/11/2020,270.48,268.09,274.98,264.63,8/5/2020,271.05,8/5/2020,-2.68%,27.49%
8/6/2020,98732.88449,0,1,359.6695366,265.47,8/5/2020,8/6/2020,1.14,-0.5,0.172179729,8/5/2020,threshold,counterfactual_5m,,,,,FORCE_BUY,0.35,0.395,sell,sell_high_broken,0,8/12/2020,271.52,269.96,274.98,264.63,8/6/2020,274.64,8/6/2020,-1.27%,29.18%
8/7/2020,97603.52215,0,1,359.6695366,265.47,8/6/2020,8/7/2020,0.755,-0.5,0.219793961,8/6/2020,threshold,counterfactual_5m,,,,,FORCE_BUY,0.35,0.395,sell,sell_high_held,1,8/13/2020,274.98,270.19,274.88,264.63,8/7/2020,271.47,8/7/2020,-2.40%,27.68%
8/10/2020,97182.70879,0,1,359.6695366,265.47,8/7/2020,8/10/2020,2.475,1.75,0.273235692,8/7/2020,threshold,counterfactual_5m,,,,,FORCE_BUY,0.35,0.395,sell,sell_high_held,1,8/14/2020,274.88,269.25,274.83,264.63,8/10/2020,270.31,8/10/2020,-2.82%,27.14%
8/11/2020,95880.70507,0,1,359.6695366,265.47,8/10/2020,8/11/2020,2.46,1.725,0.189046267,8/10/2020,threshold,counterfactual_5m,,,,,FORCE_BUY,0.35,0.395,sell,sell_high_broken,0,8/17/2020,271.98,266.67,275.84,264.63,8/11/2020,265.19,8/11/2020,-4.12%,24.73%
8/12/2020,96197.21426,96197.21426,0,0,,8/11/2020,8/12/2020,2.24,2.095,0.378675031,8/11/2020,threshold,counterfactual_5m,,,,,FORCE_SELL,0.1,0.15,sell,sell_high_broken,0,8/18/2020,270.44,264.63,278.46,267.37,8/12/2020,271.86,8/12/2020,-3.80%,27.87%
8/13/2020,96197.21426,96197.21426,0,0,,8/12/2020,8/13/2020,2.24,2.095,0.19548555,8/12/2020,threshold,counterfactual_5m,,,,,FORCE_SELL,0.1,0.15,sell,sell_high_broken,0,8/19/2020,272.84,267.37,279.02,270.72,8/13/2020,272.48,8/13/2020,-3.80%,28.16%
8/14/2020,96112.40919,0,1,353.3544456,272.24,8/13/2020,8/14/2020,-0.5,2.2,0.267856284,8/13/2020,threshold,counterfactual_5m,,,,,FORCE_BUY,0.35,0.395,sell,sell_high_broken,0,8/20/2020,274.83,271.51,280.43,270.72,8/14/2020,272.16,8/14/2020,-3.89%,28.01%
8/17/2020,97455.15609,0,1,353.3544456,272.24,8/14/2020,8/17/2020,-0.5,2.2,0.194303332,8/14/2020,threshold,counterfactual_5m,,,,,FORCE_BUY,0.35,0.395,sell,sell_high_broken,0,8/21/2020,273.4,270.72,282.34,272.2,8/17/2020,275.32,8/17/2020,-2.54%,29.50%
8/18/2020,98409.21309,0,1,353.3544456,272.24,8/17/2020,8/18/2020,-0.5,2.2,0.156261751,8/17/2020,threshold,counterfactual_5m,,,,,FORCE_BUY,0.35,0.395,sell,sell_high_broken,0,8/24/2020,275.84,272.2,286,274.86,8/18/2020,277.97,8/18/2020,-1.59%,30.74%
8/19/2020,97327.94849,0,1,353.3544456,272.24,8/18/2020,8/19/2020,2.45,-0.5,0.156357244,8/18/2020,threshold,counterfactual_5m,,,,,FORCE_BUY,0.35,0.395,sell,sell_high_broken,0,8/25/2020,278.46,274.91,286.06,274.86,8/19/2020,276.1,8/19/2020,-2.67%,29.86%
8/20/2020,99122.98907,0,1,353.3544456,272.24,8/19/2020,8/20/2020,2.43,2.06,0.325151365,8/19/2020,threshold,counterfactual_5m,,,,,FORCE_BUY,0.35,0.395,sell,sell_high_broken,0,8/26/2020,279.02,275.57,292.22,274.86,8/20/2020,279.93,8/20/2020,-0.88%,31.66%
8/21/2020,99751.95998,0,1,353.3544456,272.24,8/20/2020,8/21/2020,1.91,2.065,0.154577719,8/20/2020,threshold,counterfactual_5m,,,,,FORCE_BUY,0.35,0.395,sell,sell_high_broken,0,8/27/2020,280.43,274.86,293.85,279.46,8/21/2020,281.87,8/21/2020,-0.25%,32.58%
8/24/2020,100391.5315,0,1,353.3544456,272.24,8/21/2020,8/24/2020,1.91,2.065,0.148541145,8/21/2020,threshold,counterfactual_5m,,,,,FORCE_BUY,0.35,0.395,sell,sell_high_broken,0,8/28/2020,282.34,279.46,293.85,281.27,8/24/2020,283.63,8/24/2020,0.39%,33.40%
8/25/2020,101274.5643,0,1,353.3544456,272.24,8/24/2020,8/25/2020,1.765,1.85,0.22848842,8/24/2020,threshold,counterfactual_5m,,,,,FORCE_BUY,0.35,0.395,sell,sell_high_broken,0,8/31/2020,286,281.27,296.75,282.37,8/25/2020,285.86,8/25/2020,1.27%,34.45%
8/26/2020,103161.8304,0,1,353.3544456,272.24,8/25/2020,8/26/2020,2.16,2.255,0.124773232,8/25/2020,threshold,counterfactual_5m,,,,,FORCE_BUY,0.35,0.395,sell,sell_high_broken,0,9/1/2020,286.06,282.37,300.04,285.83,8/26/2020,291.96,8/26/2020,3.16%,37.32%
8/27/2020,103172.431,0,1,353.3544456,272.24,8/26/2020,8/27/2020,1.595,-0.5,0.168943563,8/26/2020,threshold,counterfactual_5m,,,,,FORCE_BUY,0.35,0.395,sell,sell_high_broken,0,9/2/2020,292.22,285.83,303.5,288.71,8/27/2020,291.05,8/27/2020,3.17%,36.89%
8/28/2020,103469.2488,0,1,353.3544456,272.24,8/27/2020,8/28/2020,1.73,-0.5,0.277584919,8/27/2020,threshold,counterfactual_5m,,,,,FORCE_BUY,0.35,0.395,sell,sell_high_broken,0,9/3/2020,293.85,288.71,303.5,284.41,8/28/2020,292.53,8/28/2020,3.47%,37.59%
8/31/2020,104522.245,0,1,353.3544456,272.24,8/28/2020,8/31/2020,1.73,-0.5,0.159191862,8/28/2020,threshold,counterfactual_5m,,,,,FORCE_BUY,0.35,0.395,sell,sell_high_broken,0,9/4/2020,293.18,290.93,303.5,271.8,8/31/2020,294.88,8/31/2020,4.52%,38.70%
9/1/2020,106536.3653,0,1,353.3544456,272.24,8/31/2020,9/1/2020,-0.5,-0.5,0.264012377,8/31/2020,threshold,counterfactual_5m,,,,,FORCE_BUY,0.35,0.395,sell,sell_high_broken,0,9/8/2020,296.75,292.62,303.5,269.66,9/1/2020,299.92,9/1/2020,6.54%,41.07%
9/2/2020,107059.3299,0,1,353.3544456,272.24,9/1/2020,9/2/2020,-0.5,-0.5,0.156694716,9/1/2020,threshold,counterfactual_5m,,,,,FORCE_BUY,0.35,0.395,sell,sell_high_broken,0,9/9/2020,300.04,295.79,303.5,269.66,9/2/2020,302.76,9/2/2020,7.06%,42.40%
9/3/2020,100006.3752,0,1,353.3544456,272.24,9/2/2020,9/3/2020,1.915,-0.5,0.198278936,9/2/2020,threshold,counterfactual_5m,,,,,FORCE_BUY,0.35,0.395,sell,sell_high_held,1,9/10/2020,303.5,296.89,298.62,269.66,9/3/2020,287.41,9/3/2020,0.01%,35.18%
9/4/2020,101554.0677,101554.0677,0,0,,9/3/2020,9/4/2020,1.915,-0.5,0.585662244,9/3/2020,threshold,counterfactual_5m,,,,,FORCE_SELL,0.35,0.395,sell,sell_high_held,1,9/11/2020,298.62,284.41,288.93,266.9,9/4/2020,283.58,9/4/2020,1.55%,33.38%
9/8/2020,99396.25495,0,1,369.0637715,274.64,9/4/2020,9/8/2020,-0.5,-0.5,0.376139145,9/4/2020,threshold,counterfactual_5m,,,,,FREE,0.35,0.395,sell,sell_high_held,1,9/14/2020,288.93,271.8,282.2,266.9,9/8/2020,269.95,9/8/2020,-0.60%,26.97%
9/9/2020,103038.9144,0,1,369.0637715,274.64,9/8/2020,9/9/2020,-0.5,-0.5,0.308204047,9/8/2020,threshold,counterfactual_5m,,,,,FORCE_BUY,0.35,0.37,sell,sell_high_broken,0,9/15/2020,278.22,269.66,282.2,266.9,9/9/2020,277.88,9/9/2020,3.04%,30.70%
9/10/2020,100894.6539,0,1,369.0637715,274.64,9/9/2020,9/10/2020,1.6,-0.5,0.176933974,9/9/2020,threshold,counterfactual_5m,,,,,FORCE_BUY,0.35,0.37,sell,sell_high_broken,0,9/16/2020,280.05,273,282.2,266.9,9/10/2020,272.34,9/10/2020,0.89%,28.09%
9/11/2020,99554.95237,0,1,369.0637715,274.64,9/10/2020,9/11/2020,2.39,-0.5,0.320734286,9/10/2020,threshold,counterfactual_5m,,,,,FORCE_BUY,0.35,0.37,sell,sell_high_held,1,9/17/2020,282.2,270.56,280.45,266.68,9/11/2020,270.45,9/11/2020,-0.45%,27.20%
9/14/2020,101725.0473,0,1,369.0637715,274.64,9/11/2020,9/14/2020,2.44,2.415,0.216647554,9/11/2020,threshold,counterfactual_5m,,,,,FORCE_BUY,0.35,0.37,sell,sell_high_broken,0,9/18/2020,275.22,266.9,280.45,262.63,9/14/2020,275.16,9/14/2020,1.73%,29.42%
9/15/2020,102957.7203,0,1,369.0637715,274.64,9/14/2020,9/15/2020,2.44,2.43,0.174725267,9/14/2020,threshold,counterfactual_5m,,,,,FORCE_BUY,0.35,0.37,sell,sell_high_broken,0,9/21/2020,277.22,272.96,280.45,260.11,9/15/2020,279.06,9/15/2020,2.96%,31.25%
9/16/2020,101573.7312,0,1,369.0637715,274.64,9/15/2020,9/16/2020,-0.5,-0.5,0.158160808,9/15/2020,threshold,counterfactual_5m,,,,,FORCE_BUY,0.35,0.37,sell,sell_high_held,1,9/22/2020,280.45,275.13,280.36,260.11,9/16/2020,274.61,9/16/2020,1.57%,29.16%
9/17/2020,99813.29701,0,1,369.0637715,274.64,9/16/2020,9/17/2020,2.335,-0.5,0.282620398,9/16/2020,threshold,counterfactual_5m,,,,,FORCE_BUY,0.35,0.37,sell,sell_high_held,1,9/23/2020,280.36,274.25,274.4,260.11,9/17/2020,270.32,9/17/2020,-0.19%,27.14%
9/18/2020,98444.07042,0,1,369.0637715,274.64,9/17/2020,9/18/2020,2.04,-0.5,0.168596847,9/17/2020,threshold,counterfactual_5m,,,,,FORCE_BUY,0.35,0.37,sell,sell_high_held,1,9/24/2020,274.4,266.68,273.08,260.11,9/18/2020,266.87,9/18/2020,-1.56%,25.52%
9/21/2020,97229.85061,97229.85061,0,0,,9/18/2020,9/21/2020,2.41,-0.5,0.187622748,9/18/2020,threshold,counterfactual_5m,,,,,FORCE_SELL,0.125,0.15,sell,sell_high_broken,0,9/25/2020,272.09,262.63,273.08,260.11,9/21/2020,267.51,9/21/2020,-2.77%,25.82%
9/22/2020,98784.04318,0,1,363.9795254,267.13,9/21/2020,9/22/2020,2.415,-0.5,0.095706975,9/21/2020,threshold,counterfactual_5m,,,,,FORCE_BUY,0.35,0.37,sell,sell_high_broken,0,9/28/2020,267.65,260.11,277.2,261.22,9/22/2020,272.48,9/22/2020,-1.22%,28.16%
9/23/2020,95515.50705,0,1,363.9795254,267.13,9/22/2020,9/23/2020,2.475,-0.5,0.116314851,9/22/2020,threshold,counterfactual_5m,,,,,FORCE_BUY,0.35,0.37,sell,sell_high_broken,0,9/29/2020,273.08,266.54,277.71,261.22,9/23/2020,264.16,9/23/2020,-4.48%,24.25%
9/24/2020,97262.60877,0,1,363.9795254,267.13,9/23/2020,9/24/2020,2.39,-0.5,0.256316337,9/23/2020,threshold,counterfactual_5m,,,,,FORCE_BUY,0.35,0.37,sell,sell_high_broken,0,9/30/2020,272.34,263.25,281.09,261.22,9/24/2020,265.39,9/24/2020,-2.74%,24.82%
9/25/2020,98642.09117,0,1,363.9795254,267.13,9/24/2020,9/25/2020,-0.5,-0.5,0.156562503,9/24/2020,threshold,counterfactual_5m,,,,,FORCE_BUY,0.35,0.37,sell,sell_high_broken,0,10/1/2020,268.7,261.22,282.88,264.3,9/25/2020,271.56,9/25/2020,-1.36%,27.73%
9/28/2020,101353.7386,0,1,363.9795254,267.13,9/25/2020,9/28/2020,-0.5,-0.5,0.15149033,9/25/2020,threshold,counterfactual_5m,,,,,FORCE_BUY,0.35,0.37,sell,sell_high_broken,0,10/2/2020,272.4,264.3,282.88,271.67,9/28/2020,277.2,9/28/2020,1.35%,30.38%
9/29/2020,100676.7367,0,1,363.9795254,267.13,9/28/2020,9/29/2020,2.425,-0.5,0.156440786,9/28/2020,threshold,counterfactual_5m,,,,,FORCE_BUY,0.35,0.37,sell,sell_high_broken,0,10/5/2020,277.2,271.67,282.88,273.44,9/29/2020,275.95,9/29/2020,0.68%,29.79%
9/30/2020,101579.4059,0,1,363.9795254,267.13,9/29/2020,9/30/2020,2.08,-0.5,0.255745723,9/29/2020,threshold,counterfactual_5m,,,,,FORCE_BUY,0.35,0.37,sell,sell_high_broken,0,10/6/2020,277.71,275.37,282.88,273.44,9/30/2020,277.84,9/30/2020,1.58%,30.68%
10/1/2020,102733.221,0,1,363.9795254,267.13,9/30/2020,10/1/2020,2.135,-0.5,0.289570971,9/30/2020,threshold,counterfactual_5m,,,,,FORCE_BUY,0.35,0.37,sell,sell_high_broken,0,10/7/2020,281.09,275.87,282.88,273.44,10/1/2020,282.25,10/1/2020,2.73%,32.75%
10/2/2020,99421.00735,0,1,363.9795254,267.13,10/1/2020,10/2/2020,2.36,-0.5,0.208391522,10/1/2020,threshold,counterfactual_5m,,,,,FORCE_BUY,0.35,0.37,sell,sell_high_held,1,10/8/2020,282.88,279.84,282.47,273.44,10/2/2020,274.31,10/2/2020,-0.58%,29.02%
10/5/2020,100461.9888,100461.9888,0,0,,10/2/2020,10/5/2020,2.36,-0.5,0.382560463,10/2/2020,threshold,counterfactual_5m,,,,,FORCE_SELL,0.35,0.37,sell,sell_high_broken,0,10/9/2020,282.24,273.44,285.79,274.25,10/5/2020,280.16,10/5/2020,0.46%,31.77%
10/6/2020,99051.75552,0,1,360.6734717,278.54,10/5/2020,10/6/2020,-0.5,1.885,0.157803589,10/5/2020,threshold,counterfactual_5m,,,,,FORCE_BUY,0.35,0.395,sell,sell_high_broken,0,10/12/2020,280.49,276.23,297.46,274.25,10/6/2020,275.16,10/6/2020,-0.95%,29.42%
10/7/2020,101215.7964,0,1,360.6734717,278.54,10/6/2020,10/7/2020,-0.5,1.955,0.337215281,10/6/2020,threshold,counterfactual_5m,,,,,FORCE_BUY,0.35,0.395,sell,sell_high_broken,0,10/13/2020,281.19,274.25,297.46,277.28,10/7/2020,279.92,10/7/2020,1.22%,31.66%
10/8/2020,101883.0423,0,1,360.6734717,278.54,10/7/2020,10/8/2020,-0.5,1.955,0.158610375,10/7/2020,threshold,counterfactual_5m,,,,,FORCE_BUY,0.35,0.395,sell,sell_high_broken,0,10/14/2020,280.74,277.28,297.46,280.31,10/8/2020,281.41,10/8/2020,1.88%,32.36%
10/9/2020,103231.9611,0,1,360.6734717,278.54,10/8/2020,10/9/2020,-0.5,1.955,0.215125819,10/8/2020,threshold,counterfactual_5m,,,,,FORCE_BUY,0.35,0.395,sell,sell_high_broken,0,10/15/2020,282.47,280.31,297.46,282.71,10/9/2020,285.71,10/9/2020,3.23%,34.38%
10/12/2020,106524.9099,0,1,360.6734717,278.54,10/9/2020,10/12/2020,-0.5,1.955,0.140055957,10/9/2020,threshold,counterfactual_5m,,,,,FORCE_BUY,0.35,0.395,sell,sell_high_broken,0,10/16/2020,285.79,282.71,297.46,286.54,10/12/2020,294.53,10/12/2020,6.52%,38.53%
10/13/2020,106539.3368,0,1,360.6734717,278.54,10/12/2020,10/13/2020,-0.5,-0.5,0.256375379,10/12/2020,threshold,counterfactual_5m,,,,,FORCE_BUY,0.35,0.395,sell,sell_high_held,1,10/19/2020,297.46,289.47,297.05,282.79,10/13/2020,294.52,10/13/2020,6.54%,38.53%
10/14/2020,105208.4517,0,1,360.6734717,278.54,10/13/2020,10/14/2020,2.465,-0.5,0.279321531,10/13/2020,threshold,counterfactual_5m,,,,,FORCE_BUY,0.35,0.395,sell,sell_high_held,1,10/20/2020,297.05,293.11,296.35,282.79,10/14/2020,292.06,10/14/2020,5.21%,37.37%
10/15/2020,104826.1378,0,1,360.6734717,278.54,10/14/2020,10/15/2020,2.2,2.315,0.318185367,10/14/2020,threshold,counterfactual_5m,,,,,FORCE_BUY,0.35,0.395,sell,sell_high_held,1,10/21/2020,296.35,290.26,293.27,282.79,10/15/2020,290.1,10/15/2020,4.83%,36.45%
10/16/2020,103733.2972,0,1,360.6734717,278.54,10/15/2020,10/16/2020,2.445,-0.5,0.151903083,10/15/2020,threshold,counterfactual_5m,,,,,FORCE_BUY,0.35,0.395,sell,sell_high_broken,0,10/22/2020,290.71,286.54,293.27,280.82,10/16/2020,288.51,10/16/2020,3.73%,35.70%
10/19/2020,104478.8235,104478.8235,0,0,,10/16/2020,10/19/2020,-0.5,0.63,0.365967205,10/16/2020,threshold,counterfactual_5m,,,,,FREE,0.35,0.395,sell,sell_high_held,1,10/23/2020,293.27,288.15,291.48,280.82,10/19/2020,283.8,10/19/2020,4.48%,33.48%
10/20/2020,104478.8235,104478.8235,0,0,,10/19/2020,10/20/2020,-0.5,0.645,0.405704557,10/19/2020,threshold,counterfactual_5m,,,,,FORCE_SELL,0.35,0.395,sell,sell_high_held,1,10/26/2020,291.48,282.79,287.62,276.76,10/20/2020,284.41,10/20/2020,4.48%,33.77%
10/21/2020,104111.7159,0,1,367.107602,284.6,10/20/2020,10/21/2020,-0.5,1.785,0.281881527,10/20/2020,threshold,counterfactual_5m,,,,,FORCE_BUY,0.35,0.395,sell,sell_high_held,1,10/27/2020,287.62,282.95,287.32,276.76,10/21/2020,284.19,10/21/2020,4.11%,33.67%
10/22/2020,104464.1392,0,1,367.107602,284.6,10/21/2020,10/22/2020,-0.5,1.335,0.281626195,10/21/2020,threshold,counterfactual_5m,,,,,FORCE_BUY,0.35,0.395,sell,sell_high_held,1,10/28/2020,287.32,283.69,285.98,271.38,10/22/2020,284.18,10/22/2020,4.46%,33.66%
10/23/2020,104625.6666,0,1,367.107602,284.6,10/22/2020,10/23/2020,-0.5,1.37,0.192961865,10/22/2020,threshold,counterfactual_5m,,,,,FORCE_BUY,0.35,0.395,sell,sell_high_held,1,10/29/2020,285.98,280.82,285.3,271.38,10/23/2020,284.74,10/23/2020,4.63%,33.93%
10/26/2020,102881.9055,0,1,367.107602,284.6,10/23/2020,10/26/2020,2.03,2.26,0.123600461,10/23/2020,threshold,counterfactual_5m,,,,,FORCE_BUY,0.35,0.395,sell,sell_high_broken,0,10/30/2020,284.91,281.78,285.3,267.07,10/26/2020,280.47,10/26/2020,2.88%,31.92%
10/27/2020,103322.4346,0,1,367.107602,284.6,10/26/2020,10/27/2020,2.03,2.28,0.295739057,10/26/2020,threshold,counterfactual_5m,,,,,FORCE_BUY,0.35,0.395,sell,sell_high_held,1,11/2/2020,285.3,276.76,283.51,266.97,10/27/2020,282.66,10/27/2020,3.32%,32.95%
10/28/2020,100220.3753,0,1,367.107602,284.6,10/27/2020,10/28/2020,2.47,2.195,0.159572598,10/27/2020,threshold,counterfactual_5m,,,,,FORCE_BUY,0.35,0.395,sell,sell_high_held,1,11/3/2020,283.51,280.2,279.49,266.97,10/28/2020,271.64,10/28/2020,0.22%,27.76%
10/29/2020,100765.9465,100765.9465,0,0,,10/28/2020,10/29/2020,2.485,2.26,0.392779373,10/28/2020,threshold,counterfactual_5m,,,,,FREE,0.35,0.395,sell,sell_high_broken,0,11/4/2020,278.64,271.38,288.77,266.97,10/29/2020,276.39,10/29/2020,0.77%,30.00%
10/30/2020,100171.4132,0,1,371.5832526,271.18,10/29/2020,10/30/2020,2.46,-0.5,0.287348198,10/29/2020,threshold,counterfactual_5m,,,,,FORCE_BUY,0.35,0.395,sell,sell_high_broken,0,11/5/2020,279.49,272.52,295.39,266.97,10/30/2020,269.38,10/30/2020,0.17%,26.70%
11/2/2020,100743.6515,0,1,371.5832526,271.18,10/30/2020,11/2/2020,-0.5,-0.5,0.262738137,10/30/2020,threshold,counterfactual_5m,,,,,FORCE_BUY,0.35,0.395,sell,sell_high_broken,0,11/6/2020,275.24,267.07,295.39,266.97,11/2/2020,269.98,11/2/2020,0.74%,26.98%
11/3/2020,101824.9587,0,1,371.5832526,271.18,11/2/2020,11/3/2020,-0.5,-0.5,0.209369466,11/2/2020,threshold,counterfactual_5m,,,,,FORCE_BUY,0.35,0.395,sell,sell_high_broken,0,11/9/2020,273.52,266.97,299.14,270.84,11/3/2020,274.65,11/3/2020,1.82%,29.18%
11/4/2020,107253.79,0,1,371.5832526,271.18,11/3/2020,11/4/2020,-0.5,-0.5,0.163575501,11/3/2020,threshold,counterfactual_5m,,,,,FORCE_BUY,0.35,0.395,sell,sell_high_broken,0,11/10/2020,276.82,270.84,299.14,280.62,11/4/2020,286.91,11/4/2020,7.25%,34.95%
11/5/2020,108925.9147,0,1,371.5832526,271.18,11/4/2020,11/5/2020,-0.5,-0.5,0.264892347,11/4/2020,threshold,counterfactual_5m,,,,,FORCE_BUY,0.35,0.395,sell,sell_high_broken,0,11/11/2020,288.77,281.87,299.14,280.62,11/5/2020,294.39,11/5/2020,8.93%,38.46%
11/6/2020,109598.4804,0,1,371.5832526,271.18,11/5/2020,11/6/2020,1.67,2.49,0.218058593,11/5/2020,threshold,counterfactual_5m,,,,,FORCE_BUY,0.35,0.395,sell,sell_high_broken,0,11/12/2020,295.39,292,299.14,280.62,11/6/2020,294.61,11/6/2020,9.60%,38.57%
11/9/2020,107235.2109,0,1,371.5832526,271.18,11/6/2020,11/9/2020,1.67,2.49,0.194445417,11/6/2020,threshold,counterfactual_5m,,,,,FORCE_BUY,0.35,0.395,sell,sell_high_broken,0,11/13/2020,295.36,289.83,299.14,280.62,11/9/2020,288.59,11/9/2020,7.24%,35.74%
11/10/2020,105537.0754,105537.0754,0,0,,11/9/2020,11/10/2020,1.67,2.49,0.481515847,11/9/2020,threshold,counterfactual_5m,,,,,FORCE_SELL,0.35,0.395,sell,sell_high_held,1,11/16/2020,299.14,288.12,293.51,280.62,11/10/2020,283.42,11/10/2020,5.54%,33.31%
11/11/2020,106682.976,0,1,368.4567797,286.43,11/10/2020,11/11/2020,1.635,-0.5,0.26359273,11/10/2020,threshold,counterfactual_5m,,,,,FORCE_BUY,0.35,0.395,sell,sell_high_broken,0,11/17/2020,286.66,280.62,293.74,283.38,11/11/2020,289.76,11/11/2020,6.68%,36.29%
11/12/2020,106307.1501,0,1,368.4567797,286.43,11/11/2020,11/12/2020,1.525,-0.5,0.181393826,11/11/2020,threshold,counterfactual_5m,,,,,FORCE_BUY,0.35,0.395,sell,sell_high_broken,0,11/18/2020,290.25,283.38,293.74,287.25,11/12/2020,288.4,11/12/2020,6.31%,35.65%
11/13/2020,107220.9229,0,1,368.4567797,286.43,11/12/2020,11/13/2020,1.66,2.41,0.298227289,11/12/2020,threshold,counterfactual_5m,,,,,FORCE_BUY,0.35,0.395,sell,sell_high_broken,0,11/19/2020,292.07,287.25,293.74,287.87,11/13/2020,290.93,11/13/2020,7.22%,36.84%
11/16/2020,108278.3939,0,1,368.4567797,286.43,11/13/2020,11/16/2020,2.305,2.49,0.160756709,11/13/2020,threshold,counterfactual_5m,,,,,FORCE_BUY,0.35,0.395,sell,sell_high_broken,0,11/20/2020,291.57,287.87,293.74,288.85,11/16/2020,293.2,11/16/2020,8.28%,37.91%
11/17/2020,107397.7822,0,1,368.4567797,286.43,11/16/2020,11/17/2020,1.985,2.48,0.132128266,11/16/2020,threshold,counterfactual_5m,,,,,FORCE_BUY,0.35,0.395,sell,sell_high_broken,0,11/23/2020,293.51,289.99,293.74,288.07,11/17/2020,292.27,11/17/2020,7.40%,37.47%
11/18/2020,106664.5532,0,1,368.4567797,286.43,11/17/2020,11/18/2020,1.925,2.48,0.243844277,11/17/2020,threshold,counterfactual_5m,,,,,FORCE_BUY,0.35,0.395,sell,sell_high_broken,0,11/24/2020,293.74,291.61,294.98,288.07,11/18/2020,290.11,11/18/2020,6.66%,36.45%
11/19/2020,107394.0976,0,1,368.4567797,286.43,11/18/2020,11/19/2020,1.65,2.23,0.297253592,11/18/2020,threshold,counterfactual_5m,,,,,FORCE_BUY,0.35,0.395,sell,sell_high_broken,0,11/25/2020,293.37,290.02,296.94,288.07,11/19/2020,292.38,11/19/2020,7.39%,37.52%
11/20/2020,106948.2649,0,1,368.4567797,286.43,11/19/2020,11/20/2020,1.995,2,0.120729679,11/19/2020,threshold,counterfactual_5m,,,,,FORCE_BUY,0.35,0.395,sell,sell_high_broken,0,11/27/2020,292.7,288.85,300.17,288.07,11/20/2020,290.38,11/20/2020,6.95%,36.58%
11/23/2020,107419.8896,0,1,368.4567797,286.43,11/20/2020,11/23/2020,1.995,2,0.309984582,11/20/2020,threshold,counterfactual_5m,,,,,FORCE_BUY,0.35,0.395,sell,sell_high_broken,0,11/30/2020,293.07,290.29,300.17,288.07,11/23/2020,290.39,11/23/2020,7.42%,36.58%
11/24/2020,109118.4753,0,1,368.4567797,286.43,11/23/2020,11/24/2020,1.755,1.13,0.213486067,11/23/2020,threshold,counterfactual_5m,,,,,FORCE_BUY,0.35,0.395,sell,sell_high_broken,0,12/1/2020,292.75,288.07,305.14,289.63,11/24/2020,294.47,11/24/2020,9.12%,38.50%
11/25/2020,109453.771,0,1,368.4567797,286.43,11/24/2020,11/25/2020,-0.5,2.425,0.175348688,11/24/2020,threshold,counterfactual_5m,,,,,FORCE_BUY,0.35,0.395,sell,sell_high_broken,0,12/2/2020,294.98,289.63,305.14,294.59,11/25/2020,296.28,11/25/2020,9.45%,39.35%
11/27/2020,110190.6845,0,1,368.4567797,286.43,11/25/2020,11/27/2020,-0.5,2.425,0.161668012,11/25/2020,threshold,counterfactual_5m,,,,,FORCE_BUY,0.35,0.395,sell,sell_high_broken,0,12/3/2020,296.94,294.59,305.88,294.78,11/27/2020,299.01,11/27/2020,10.19%,40.64%
11/30/2020,111108.1419,0,1,368.4567797,286.43,11/27/2020,11/30/2020,1.82,1.985,0.242401451,11/27/2020,threshold,counterfactual_5m,,,,,FORCE_BUY,0.35,0.395,sell,sell_high_broken,0,12/4/2020,300.17,297.9,305.88,294.78,11/30/2020,299.62,11/30/2020,11.11%,40.92%
12/1/2020,111763.995,0,1,368.4567797,286.43,11/30/2020,12/1/2020,1.48,2.03,0.158342276,11/30/2020,threshold,counterfactual_5m,,,,,FORCE_BUY,0.35,0.395,sell,sell_high_broken,0,12/7/2020,299.97,294.78,307.63,300.35,12/1/2020,303.46,12/1/2020,11.76%,42.73%
12/2/2020,112029.2839,0,1,368.4567797,286.43,12/1/2020,12/2/2020,2.035,2.45,0.245747773,12/1/2020,threshold,counterfactual_5m,,,,,FORCE_BUY,0.35,0.395,sell,sell_high_broken,0,12/8/2020,305.14,300.83,308.6,300.35,12/2/2020,303.85,12/2/2020,12.03%,42.91%
12/3/2020,112268.7808,0,1,368.4567797,286.43,12/2/2020,12/3/2020,1.905,2.445,0.173927935,12/2/2020,threshold,counterfactual_5m,,,,,FORCE_BUY,0.35,0.395,sell,sell_high_broken,0,12/9/2020,304.2,300.35,308.6,300.21,12/3/2020,304.28,12/3/2020,12.27%,43.12%
12/4/2020,112401.4252,0,1,368.4567797,286.43,12/3/2020,12/4/2020,1.75,-0.5,0.270038534,12/3/2020,threshold,counterfactual_5m,,,,,FORCE_BUY,0.35,0.395,sell,sell_high_broken,0,12/10/2020,305.88,303.53,308.6,298.09,12/4/2020,305.52,12/4/2020,12.40%,43.70%
12/7/2020,112998.3252,0,1,368.4567797,286.43,12/4/2020,12/7/2020,1.75,-0.5,0.157700252,12/4/2020,threshold,counterfactual_5m,,,,,FORCE_BUY,0.35,0.395,sell,sell_high_broken,0,12/11/2020,305.67,303.63,308.6,298.09,12/7/2020,307.25,12/7/2020,13.00%,44.51%
12/8/2020,113742.6079,0,1,368.4567797,286.43,12/7/2020,12/8/2020,1.31,1.315,0.163726823,12/7/2020,threshold,counterfactual_5m,,,,,FORCE_BUY,0.35,0.395,sell,sell_high_broken,0,12/14/2020,307.63,305.52,308.6,298.09,12/8/2020,308.29,12/8/2020,13.74%,45.00%
12/9/2020,111104.4574,0,1,368.4567797,286.43,12/8/2020,12/9/2020,2.345,-0.5,0.186891609,12/8/2020,threshold,counterfactual_5m,,,,,FORCE_BUY,0.35,0.395,sell,sell_high_held,1,12/15/2020,308.6,304.95,308.36,298.09,12/9/2020,301.31,12/9/2020,11.10%,41.72%
12/10/2020,111646.0888,111646.0888,0,0,,12/9/2020,12/10/2020,2.305,-0.5,0.545210813,12/9/2020,threshold,counterfactual_5m,,,,,FORCE_SELL,0.35,0.395,sell,sell_high_broken,0,12/16/2020,308.36,300.21,309.79,298.09,12/10/2020,302.52,12/10/2020,11.65%,42.29%
12/11/2020,112039.7188,0,1,371.3490398,300.65,12/10/2020,12/11/2020,2.475,-0.5,0.242571704,12/10/2020,threshold,counterfactual_5m,,,,,FORCE_BUY,0.35,0.395,sell,sell_high_broken,0,12/17/2020,303.68,298.09,311.24,298.47,12/11/2020,301.85,12/11/2020,12.04%,41.97%
12/14/2020,113016.3668,0,1,371.3490398,300.65,12/11/2020,12/14/2020,2.475,-0.5,0.1612939,12/11/2020,threshold,counterfactual_5m,,,,,FORCE_BUY,0.35,0.395,sell,sell_high_broken,0,12/18/2020,301.98,298.47,311.98,303.01,12/14/2020,304.04,12/14/2020,13.02%,43.00%
12/15/2020,114048.7171,0,1,371.3490398,300.65,12/14/2020,12/15/2020,1.63,1.905,0.311269583,12/14/2020,threshold,counterfactual_5m,,,,,FORCE_BUY,0.35,0.395,sell,sell_high_broken,0,12/21/2020,306.05,303.01,311.98,303.6,12/15/2020,307.29,12/15/2020,14.05%,44.53%
12/16/2020,114817.4096,0,1,371.3490398,300.65,12/15/2020,12/16/2020,2.39,2.475,0.137310836,12/15/2020,threshold,counterfactual_5m,,,,,FORCE_BUY,0.35,0.395,sell,sell_high_broken,0,12/22/2020,307.29,304.11,311.98,303.6,12/16/2020,308.98,12/16/2020,14.82%,45.33%
12/17/2020,115348.4387,0,1,371.3490398,300.65,12/16/2020,12/17/2020,-0.5,1.99,0.179625444,12/16/2020,threshold,counterfactual_5m,,,,,FORCE_BUY,0.35,0.395,sell,sell_high_broken,0,12/23/2020,309.79,306.62,311.98,303.6,12/17/2020,311,12/17/2020,15.35%,46.28%
12/18/2020,115500.6919,0,1,371.3490398,300.65,12/17/2020,12/18/2020,2.095,-0.5,0.142933363,12/17/2020,threshold,counterfactual_5m,,,,,FORCE_BUY,0.35,0.395,sell,sell_high_broken,0,12/24/2020,311.24,309.39,311.98,303.6,12/18/2020,310.06,12/18/2020,15.50%,45.84%
12/21/2020,114772.8477,0,1,371.3490398,300.65,12/18/2020,12/21/2020,2.125,2.015,0.24278919,12/18/2020,threshold,counterfactual_5m,,,,,FORCE_BUY,0.35,0.395,sell,sell_high_broken,0,12/28/2020,311.98,307.61,313.17,303.6,12/21/2020,308.92,12/21/2020,14.77%,45.30%
12/22/2020,114464.628,0,1,371.3490398,300.65,12/21/2020,12/22/2020,2.175,1.81,0.210976552,12/21/2020,threshold,counterfactual_5m,,,,,FORCE_BUY,0.35,0.395,sell,sell_high_broken,0,12/29/2020,309.47,303.6,314.69,306.85,12/22/2020,309.76,12/22/2020,14.46%,45.69%
12/23/2020,114449.7741,0,1,371.3490398,300.65,12/22/2020,12/23/2020,-0.5,1.185,0.170590696,12/22/2020,threshold,counterfactual_5m,,,,,FORCE_BUY,0.35,0.395,sell,sell_high_broken,0,12/30/2020,310.71,306.85,314.69,308.04,12/23/2020,308.2,12/23/2020,14.45%,44.96%
12/24/2020,114858.258,0,1,371.3490398,300.65,12/23/2020,12/24/2020,1.89,0.99,0.290930342,12/23/2020,threshold,counterfactual_5m,,,,,FORCE_BUY,0.35,0.395,sell,sell_high_broken,0,12/31/2020,310.18,308.04,314.69,308.39,12/24/2020,309.56,12/24/2020,14.86%,45.60%
12/28/2020,116332.5137,0,1,371.3490398,300.65,12/24/2020,12/28/2020,1.89,0.99,0.123235965,12/24/2020,threshold,counterfactual_5m,,,,,FORCE_BUY,0.35,0.395,sell,sell_high_broken,0,1/4/2021,310.02,308.39,315.29,305.18,12/28/2020,312.68,12/28/2020,16.33%,47.07%
12/29/2020,116091.1368,0,1,371.3490398,300.65,12/28/2020,12/29/2020,-0.5,-0.5,0.137905939,12/28/2020,threshold,counterfactual_5m,,,,,FORCE_BUY,0.35,0.395,sell,sell_high_broken,0,1/5/2021,313.17,310.36,315.29,305.18,12/29/2020,312.96,12/29/2020,16.09%,47.20%
12/30/2020,116265.6709,0,1,371.3490398,300.65,12/29/2020,12/30/2020,-0.5,-0.5,0.219806862,12/29/2020,threshold,counterfactual_5m,,,,,FORCE_BUY,0.35,0.395,sell,sell_high_broken,0,1/6/2021,314.69,312.03,315.29,305.18,12/30/2020,312.97,12/30/2020,16.27%,47.20%
12/31/2020,116547.8961,0,1,371.3490398,300.65,12/30/2020,12/31/2020,1.12,2.17,0.198634912,12/30/2020,threshold,counterfactual_5m,,,,,FORCE_BUY,0.35,0.395,sell,sell_high_broken,0,1/7/2021,314.49,312.33,315.84,305.18,12/31/2020,313.74,12/31/2020,16.55%,47.57%
1/4/2021,114861.9715,0,1,371.3490398,300.65,12/31/2020,1/4/2021,1.78,2.375,0.137172836,12/31/2020,threshold,counterfactual_5m,,,,,FORCE_BUY,0.35,0.395,sell,sell_high_broken,0,1/8/2021,314.24,311.76,319.39,305.18,1/4/2021,309.31,1/4/2021,14.86%,45.48%
1/5/2021,114958.5223,114958.5223,0,0,,1/4/2021,1/5/2021,1.72,2.375,0.478461516,1/4/2021,threshold,counterfactual_5m,,,,,FORCE_SELL,0.35,0.395,sell,sell_high_broken,0,1/11/2021,315.29,305.18,319.39,305.98,1/5/2021,311.86,1/5/2021,14.96%,46.68%
1/6/2021,115770.2494,0,1,374.0678194,307.32,1/5/2021,1/6/2021,1.485,1.555,0.155828571,1/5/2021,threshold,counterfactual_5m,,,,,FORCE_BUY,0.35,0.395,sell,sell_high_broken,0,1/12/2021,312.14,308.29,319.39,305.98,1/6/2021,307.54,1/6/2021,15.77%,44.65%
1/7/2021,116697.9376,116697.9376,0,0,,1/6/2021,1/7/2021,1.485,1.555,0.352227625,1/6/2021,threshold,counterfactual_5m,,,,,FREE,0.35,0.395,sell,sell_high_broken,0,1/13/2021,311.88,305.98,319.39,310.25,1/7/2021,314.98,1/7/2021,16.70%,48.15%
1/8/2021,116697.9376,116697.9376,0,0,,1/7/2021,1/8/2021,1.485,1.555,0.195002766,1/7/2021,threshold,counterfactual_5m,,,,,FORCE_BUY,0.35,0.395,sell,sell_high_broken,0,1/14/2021,315.84,310.25,319.39,311.2,1/8/2021,319.03,1/8/2021,16.70%,50.05%
1/11/2021,116273.9167,0,1,368.7138629,316.5,1/8/2021,1/11/2021,2.155,1.31,0.144321459,1/8/2021,threshold,counterfactual_5m,,,,,FORCE_BUY,0.35,0.395,sell,sell_high_held,1,1/15/2021,319.39,315.08,317.53,310.58,1/11/2021,314.42,1/11/2021,16.27%,47.89%
1/12/2021,115846.2086,0,1,368.7138629,316.5,1/11/2021,1/12/2021,2,1.245,0.263973061,1/11/2021,threshold,counterfactual_5m,,,,,FORCE_BUY,0.35,0.395,sell,sell_high_broken,0,1/19/2021,317.19,313.75,317.53,310.58,1/12/2021,313.92,1/12/2021,15.85%,47.65%
1/13/2021,116779.0547,0,1,368.7138629,316.5,1/12/2021,1/13/2021,1.93,2.175,0.205348683,1/12/2021,threshold,counterfactual_5m,,,,,FORCE_BUY,0.35,0.395,sell,sell_high_broken,0,1/20/2021,315.58,311.2,324.74,310.58,1/13/2021,316.04,1/13/2021,16.78%,48.65%
1/14/2021,115875.7057,0,1,368.7138629,316.5,1/13/2021,1/14/2021,1.92,-0.5,0.167770651,1/13/2021,threshold,counterfactual_5m,,,,,FORCE_BUY,0.35,0.395,sell,sell_high_broken,0,1/21/2021,316.86,313.57,327.13,310.58,1/14/2021,314.35,1/14/2021,15.88%,47.85%
1/15/2021,114754.8156,0,1,368.7138629,316.5,1/14/2021,1/15/2021,1.975,-0.5,0.338616129,1/14/2021,threshold,counterfactual_5m,,,,,FORCE_BUY,0.35,0.395,sell,sell_high_broken,0,1/22/2021,317.53,313.86,327.13,310.58,1/15/2021,311.86,1/15/2021,14.75%,46.68%
1/19/2021,117147.7685,0,1,368.7138629,316.5,1/15/2021,1/19/2021,1.975,-0.5,0.298732917,1/15/2021,threshold,counterfactual_5m,,,,,FORCE_BUY,0.35,0.395,sell,sell_high_broken,0,1/25/2021,315.12,310.58,330.32,313.12,1/19/2021,316.41,1/19/2021,17.15%,48.82%
1/20/2021,119913.1225,0,1,368.7138629,316.5,1/19/2021,1/20/2021,1.975,-0.5,0.163401132,1/19/2021,threshold,counterfactual_5m,,,,,FORCE_BUY,0.35,0.395,sell,sell_high_broken,0,1/26/2021,316.93,313.12,330.32,316.51,1/20/2021,323.77,1/20/2021,19.91%,52.28%
1/21/2021,120160.1608,0,1,368.7138629,316.5,1/20/2021,1/21/2021,1.975,-0.5,0.23373018,1/20/2021,threshold,counterfactual_5m,,,,,FORCE_BUY,0.35,0.395,sell,sell_high_broken,0,1/27/2021,324.74,316.51,330.32,317.36,1/21/2021,326.36,1/21/2021,20.16%,53.50%
1/22/2021,120053.2338,0,1,368.7138629,316.5,1/21/2021,1/22/2021,0.74,2.245,0.172920101,1/21/2021,threshold,counterfactual_5m,,,,,FORCE_BUY,0.35,0.395,sell,sell_high_broken,0,1/28/2021,327.13,323.73,330.32,317.36,1/22/2021,325.42,1/22/2021,20.05%,53.06%
1/25/2021,120798.0358,0,1,368.7138629,316.5,1/22/2021,1/25/2021,1.925,1.875,0.209052093,1/22/2021,threshold,counterfactual_5m,,,,,FORCE_BUY,0.35,0.395,sell,sell_high_broken,0,1/29/2021,326.46,324.71,330.32,312.76,1/25/2021,328.11,1/25/2021,20.80%,54.32%
1/26/2021,121808.3118,0,1,368.7138629,316.5,1/25/2021,1/26/2021,2.02,2.265,0.291831718,1/25/2021,threshold,counterfactual_5m,,,,,FORCE_BUY,0.35,0.395,sell,sell_high_held,1,2/1/2021,330.32,321.41,329.76,312.76,1/26/2021,328.59,1/26/2021,21.81%,54.55%
1/27/2021,116956.0373,0,1,368.7138629,316.5,1/26/2021,1/27/2021,2.205,-0.5,0.195924709,1/26/2021,threshold,counterfactual_5m,,,,,FORCE_BUY,0.35,0.395,sell,sell_high_held,1,2/2/2021,329.76,327.22,328.87,312.76,1/27/2021,319.43,1/27/2021,16.96%,50.24%
1/28/2021,119444.8559,119444.8559,0,0,,1/27/2021,1/28/2021,1.875,-0.5,0.615872658,1/27/2021,threshold,counterfactual_5m,,,,,FORCE_SELL,0.35,0.395,sell,sell_high_broken,0,2/3/2021,326.27,317.36,330.2,312.76,1/28/2021,321.32,1/28/2021,19.44%,51.13%
1/29/2021,119444.8559,119444.8559,0,0,,1/28/2021,1/29/2021,2.285,-0.5,0.523053795,1/28/2021,threshold,counterfactual_5m,,,,,FORCE_SELL,0.35,0.395,sell,sell_high_broken,0,2/4/2021,326.42,320.03,330.33,312.76,1/29/2021,314.56,1/29/2021,19.44%,47.95%
2/1/2021,119444.8559,119444.8559,0,0,,1/29/2021,2/1/2021,2.285,-0.5,0.459200024,1/29/2021,threshold,counterfactual_5m,,,,,FORCE_SELL,0.35,0.395,sell,sell_high_broken,0,2/5/2021,320.72,312.76,332.4,316.02,2/1/2021,322.42,2/1/2021,19.44%,51.65%
2/2/2021,119444.8559,119444.8559,0,0,,2/1/2021,2/2/2021,-0.5,2.47,0.310555456,2/1/2021,threshold,counterfactual_5m,,,,,FORCE_BUY,0.35,0.395,sell,sell_high_broken,0,2/8/2021,323.54,316.02,333.74,325.31,2/2/2021,327.68,2/2/2021,19.44%,54.12%
2/3/2021,119084.6893,0,1,364.0620279,328.0893,2/2/2021,2/3/2021,2.22,1.805,0.283225122,2/2/2021,threshold,counterfactual_5m,,,,,FORCE_BUY,0.35,0.395,sell,sell_high_broken,0,2/9/2021,328.87,325.31,334.81,326.32,2/3/2021,326.38,2/3/2021,19.08%,53.51%
2/4/2021,119860.1415,119860.1415,0,0,,2/3/2021,2/4/2021,2.135,1.825,0.469960113,2/3/2021,threshold,counterfactual_5m,,,,,FORCE_SELL,0.35,0.395,sell,sell_high_broken,0,2/10/2021,330.2,326.32,335.46,326.46,2/4/2021,330.24,2/4/2021,19.86%,55.33%
2/5/2021,119860.1415,119860.1415,0,0,,2/4/2021,2/5/2021,2.2,2.075,0.206733977,2/4/2021,threshold,counterfactual_5m,,,,,FORCE_BUY,0.35,0.395,sell,sell_high_broken,0,2/11/2021,330.33,326.46,335.46,329.5,2/5/2021,331.36,2/5/2021,19.86%,55.85%
2/8/2021,119860.1415,119860.1415,0,0,,2/5/2021,2/8/2021,2.02,-0.5,0.283700199,2/5/2021,threshold,counterfactual_5m,,,,,FORCE_BUY,0.35,0.395,sell,sell_high_broken,0,2/12/2021,332.4,329.53,336.62,329.5,2/8/2021,333.58,2/8/2021,19.86%,56.90%
2/9/2021,119860.1415,119860.1415,0,0,,2/8/2021,2/9/2021,1.625,1.965,0.195419382,2/8/2021,threshold,counterfactual_5m,,,,,FORCE_BUY,0.35,0.395,sell,sell_high_broken,0,2/16/2021,333.74,331.41,338.19,329.5,2/9/2021,333.51,2/9/2021,19.86%,56.86%
2/10/2021,120193.2875,0,1,362.115231,331,2/9/2021,2/10/2021,1.33,2.045,0.332639329,2/9/2021,threshold,counterfactual_5m,,,,,FORCE_BUY,0.35,0.395,sell,sell_high_broken,0,2/17/2021,334.81,332.61,338.19,329.5,2/10/2021,332.75,2/10/2021,20.19%,56.51%
2/11/2021,121127.5448,0,1,362.115231,331,2/10/2021,2/11/2021,1.85,2.5,0.34472854,2/10/2021,threshold,counterfactual_5m,,,,,FORCE_BUY,0.35,0.395,sell,sell_high_broken,0,2/18/2021,335.46,329.5,338.19,328.36,2/11/2021,334.58,2/11/2021,21.13%,57.37%
2/12/2021,121942.304,0,1,362.115231,331,2/11/2021,2/12/2021,1.58,2.355,0.188290815,2/11/2021,threshold,counterfactual_5m,,,,,FORCE_BUY,0.31,0.35,sell,sell_high_broken,0,2/19/2021,335,332.12,338.19,328.36,2/12/2021,336.45,2/12/2021,21.94%,58.25%
2/16/2021,121080.4698,0,1,362.115231,331,2/12/2021,2/16/2021,1.395,-0.5,0.185121432,2/12/2021,threshold,counterfactual_5m,,,,,FORCE_BUY,0.31,0.35,sell,sell_high_broken,0,2/22/2021,336.62,332.63,338.19,322.23,2/16/2021,335.54,2/16/2021,21.08%,57.82%
2/17/2021,120504.8024,120504.8024,0,0,,2/16/2021,2/17/2021,1.795,2.49,0.313643113,2/16/2021,threshold,counterfactual_5m,,,,,FREE,0.31,0.35,sell,sell_high_held,1,2/23/2021,338.19,334.34,335.66,311,2/17/2021,333.93,2/17/2021,20.50%,57.06%
2/18/2021,120352.5903,0,1,362.4095587,332.51,2/17/2021,2/18/2021,1.975,2.13,0.248744287,2/17/2021,threshold,counterfactual_5m,,,,,FORCE_BUY,0.35,0.395,sell,sell_high_held,1,2/24/2021,335.66,330.17,333.99,311,2/18/2021,332.47,2/18/2021,20.35%,56.38%
2/19/2021,119946.6916,0,1,362.4095587,332.51,2/18/2021,2/19/2021,1.97,-0.5,0.238360343,2/18/2021,threshold,counterfactual_5m,,,,,FORCE_BUY,0.35,0.395,sell,sell_high_broken,0,2/25/2021,333.87,328.36,333.99,311,2/19/2021,331.02,2/19/2021,19.95%,55.69%
2/22/2021,116663.261,0,1,362.4095587,332.51,2/19/2021,2/22/2021,1.97,-0.5,0.344490906,2/19/2021,threshold,counterfactual_5m,,,,,FORCE_BUY,0.35,0.395,sell,sell_high_held,1,2/26/2021,333.99,329.97,327.8,310.88,2/22/2021,322.44,2/22/2021,16.66%,51.66%
2/23/2021,115996.4275,115996.4275,0,0,,2/22/2021,2/23/2021,-0.5,2.455,0.413732772,2/22/2021,threshold,counterfactual_5m,,,,,FORCE_SELL,0.35,0.395,sell,sell_high_held,1,3/1/2021,327.8,322.23,324.45,310.88,2/23/2021,321.48,2/23/2021,16.00%,51.21%
2/24/2021,116060.7805,0,1,357.5171134,324.45,2/23/2021,2/24/2021,2.32,2.415,0.342640994,2/23/2021,threshold,counterfactual_5m,,,,,FORCE_BUY,0.35,0.395,sell,sell_high_broken,0,3/2/2021,323.2,311,324.45,310.88,2/24/2021,324.13,2/24/2021,16.06%,52.45%
2/25/2021,111337.9795,0,1,357.5171134,324.45,2/24/2021,2/25/2021,1.79,1.385,0.232015822,2/24/2021,threshold,counterfactual_5m,,,,,FORCE_BUY,0.35,0.395,sell,sell_high_held,1,3/3/2021,324.45,315.96,324.33,309.1,2/25/2021,312.83,2/25/2021,11.34%,47.14%
2/26/2021,112106.6413,112106.6413,0,0,,2/25/2021,2/26/2021,-0.5,1.395,0.594586946,2/25/2021,threshold,counterfactual_5m,,,,,FORCE_SELL,0.35,0.395,sell,sell_high_broken,0,3/4/2021,324.03,311.24,324.33,300.11,2/26/2021,314.14,2/26/2021,12.11%,47.75%
3/1/2021,112401.5756,112401.5756,0,0,,2/26/2021,3/1/2021,-0.5,-0.5,0.374457331,2/26/2021,threshold,counterfactual_5m,,,,,FREE,0.35,0.395,sell,sell_high_broken,0,3/5/2021,319.11,310.88,324.33,297.45,3/1/2021,323.59,3/1/2021,12.40%,52.20%
3/2/2021,112047.6707,0,1,350.4008217,320.78,3/1/2021,3/2/2021,2.14,2.215,0.20773929,3/1/2021,threshold,counterfactual_5m,,,,,FORCE_BUY,0.35,0.395,sell,sell_high_broken,0,3/8/2021,323.94,317.94,324.33,297.45,3/2/2021,318.4,3/2/2021,12.05%,49.76%
3/3/2021,108025.0693,0,1,350.4008217,320.78,3/2/2021,3/3/2021,2.3,2.195,0.424297358,3/2/2021,threshold,counterfactual_5m,,,,,FORCE_SELL,0.35,0.395,sell,sell_high_held,1,3/9/2021,324.33,318.14,318.24,297.45,3/3/2021,309.16,3/3/2021,8.03%,45.41%
3/4/2021,105414.5832,0,1,350.4008217,320.78,3/3/2021,3/4/2021,-0.5,-0.5,0.492144968,3/3/2021,threshold,counterfactual_5m,,,,,FORCE_SELL,0.35,0.395,sell,sell_high_held,1,3/10/2021,318.24,309.1,316.47,297.45,3/4/2021,304.1,3/4/2021,5.41%,43.03%
3/5/2021,106749.6103,106749.6103,0,0,,3/4/2021,3/5/2021,-0.5,-0.5,0.413969473,3/4/2021,threshold,counterfactual_5m,,,,,FORCE_SELL,0.35,0.395,sell,sell_high_broken,0,3/11/2021,312.04,300.11,319.86,297.45,3/5/2021,308.68,3/5/2021,6.75%,45.19%
3/8/2021,105190.3307,0,1,348.8321362,306.02,3/5/2021,3/8/2021,-0.5,-0.5,0.248562434,3/5/2021,threshold,counterfactual_5m,,,,,FORCE_BUY,0.35,0.395,sell,sell_high_broken,0,3/12/2021,309.61,297.45,319.86,299.51,3/8/2021,299.94,3/8/2021,5.19%,41.08%
3/9/2021,107454.2512,107454.2512,0,0,,3/8/2021,3/9/2021,-0.5,-0.5,0.441001021,3/8/2021,threshold,counterfactual_5m,,,,,FORCE_SELL,0.35,0.395,sell,sell_high_broken,0,3/15/2021,310.06,299.51,319.86,306.92,3/9/2021,311.77,3/9/2021,7.45%,46.64%
3/10/2021,107233.2585,0,1,345.3011062,311.19,3/9/2021,3/10/2021,1.525,-0.5,0.310611578,3/9/2021,threshold,counterfactual_5m,,,,,FORCE_BUY,0.35,0.395,sell,sell_high_broken,0,3/16/2021,313.73,306.92,324.2,310.17,3/10/2021,310.88,3/10/2021,7.23%,46.22%
3/11/2021,109391.3904,109391.3904,0,0,,3/10/2021,3/11/2021,1.695,-0.5,0.433779103,3/10/2021,threshold,counterfactual_5m,,,,,FORCE_SELL,0.35,0.395,sell,sell_high_broken,0,3/17/2021,316.47,310.17,324.2,311.39,3/11/2021,318.04,3/11/2021,9.39%,49.59%
3/12/2021,110405.3719,0,1,349.6608293,312.85,3/11/2021,3/12/2021,1.755,-0.5,0.328051925,3/11/2021,threshold,counterfactual_5m,,,,,FORCE_BUY,0.35,0.395,sell,sell_high_broken,0,3/18/2021,319.86,314.85,324.2,311.39,3/12/2021,315.46,3/12/2021,10.41%,48.37%
3/15/2021,111384.4572,0,1,349.6608293,312.85,3/12/2021,3/15/2021,-0.5,2.435,0.341367013,3/12/2021,threshold,counterfactual_5m,,,,,FORCE_BUY,0.35,0.395,sell,sell_high_broken,0,3/19/2021,318.23,311.39,324.2,309.66,3/15/2021,318.83,3/15/2021,11.38%,49.96%
3/16/2021,112181.6839,0,1,349.6608293,312.85,3/15/2021,3/16/2021,1.405,2.46,0.227516696,3/15/2021,threshold,counterfactual_5m,,,,,FORCE_BUY,0.35,0.395,sell,sell_high_broken,0,3/22/2021,319,314.1,324.2,309.66,3/16/2021,320.58,3/16/2021,12.18%,50.78%
3/17/2021,111912.445,111912.445,0,0,,3/16/2021,3/17/2021,1.425,-0.5,0.42968158,3/16/2021,threshold,counterfactual_5m,,,,,FORCE_SELL,0.35,0.395,sell,sell_high_held,1,3/23/2021,324.2,319.1,323.85,309.66,3/17/2021,321.9,3/17/2021,11.91%,51.40%
3/18/2021,109670.5416,0,1,351.3955194,318.48,3/17/2021,3/18/2021,1.76,-0.5,0.323947175,3/17/2021,threshold,counterfactual_5m,,,,,FORCE_BUY,0.35,0.395,sell,sell_high_held,1,3/24/2021,323.85,315.68,321.09,309.66,3/18/2021,312.04,3/18/2021,9.67%,46.77%
3/19/2021,109923.5464,0,1,351.3955194,318.48,3/18/2021,3/19/2021,1.78,-0.5,0.550806305,3/18/2021,threshold,counterfactual_5m,,,,,FORCE_SELL,0.35,0.395,sell,sell_high_broken,0,3/25/2021,317.88,311.57,321.09,307.39,3/19/2021,313.14,3/19/2021,9.92%,47.28%
3/22/2021,112102.1986,0,1,351.3955194,318.48,3/19/2021,3/22/2021,1.78,-0.5,0.351004811,3/19/2021,threshold,counterfactual_5m,,,,,FREE,0.35,0.395,sell,sell_high_broken,0,3/26/2021,314.73,309.66,321.09,307.39,3/22/2021,318.61,3/22/2021,12.10%,49.86%
3/23/2021,112518.719,0,1,354.2780824,316.95,3/22/2021,3/23/2021,1.22,-0.5,0.36136665,3/22/2021,threshold,counterfactual_5m,,,,,FREE,0.35,0.395,sell,sell_high_broken,0,3/29/2021,320.74,315.21,321.09,307.39,3/23/2021,317.22,3/23/2021,12.52%,49.20%
3/24/2021,112766.7136,112766.7136,0,0,,3/23/2021,3/24/2021,2.245,-0.5,0.470049857,3/23/2021,threshold,counterfactual_5m,,,,,FORCE_SELL,0.35,0.395,sell,sell_high_held,1,3/30/2021,321.09,316.38,318.67,307.39,3/24/2021,311.87,3/24/2021,12.77%,46.69%
3/25/2021,112766.7136,112766.7136,0,0,,3/24/2021,3/25/2021,2.38,-0.5,0.547424546,3/24/2021,threshold,counterfactual_5m,,,,,FORCE_SELL,0.35,0.395,sell,sell_high_broken,0,3/31/2021,318.67,311.72,320.74,307.39,3/25/2021,311.33,3/25/2021,12.77%,46.43%
3/26/2021,114672.7833,0,1,363.0608939,310.6,3/25/2021,3/26/2021,2.33,1.75,0.250363511,3/25/2021,threshold,counterfactual_5m,,,,,FORCE_BUY,0.35,0.395,sell,sell_high_broken,0,4/1/2021,312.89,307.39,324.71,309.67,3/26/2021,316,3/26/2021,14.67%,48.63%
3/29/2021,114879.728,0,1,363.0608939,310.6,3/26/2021,3/29/2021,1.82,2.065,0.224800074,3/26/2021,threshold,counterfactual_5m,,,,,FORCE_BUY,0.35,0.395,sell,sell_high_broken,0,4/5/2021,316.33,309.67,331.84,311.54,3/29/2021,315.91,3/29/2021,14.88%,48.59%
3/30/2021,114135.4532,0,1,363.0608939,310.6,3/29/2021,3/30/2021,1.765,1.915,0.225970115,3/29/2021,threshold,counterfactual_5m,,,,,FORCE_BUY,0.35,0.395,sell,sell_high_broken,0,4/6/2021,316.99,312.47,332.83,311.54,3/30/2021,314.32,3/30/2021,14.14%,47.84%
3/31/2021,116117.7657,0,1,363.0608939,310.6,3/30/2021,3/31/2021,1.485,1.84,0.196111965,3/30/2021,threshold,counterfactual_5m,,,,,FORCE_BUY,0.35,0.395,sell,sell_high_broken,0,4/7/2021,314.91,311.54,332.83,315.81,3/31/2021,319.13,3/31/2021,16.12%,50.10%
4/1/2021,118103.7088,0,1,363.0608939,310.6,3/31/2021,4/1/2021,1.485,1.84,0.272457286,3/31/2021,threshold,counterfactual_5m,,,,,FORCE_BUY,0.35,0.395,sell,sell_high_broken,0,4/8/2021,320.74,315.81,335.27,322.81,4/1/2021,324.57,4/1/2021,18.10%,52.66%
4/5/2021,120492.6495,0,1,363.0608939,310.6,4/1/2021,4/5/2021,1.485,1.84,0.183847751,4/1/2021,threshold,counterfactual_5m,,,,,FORCE_BUY,0.35,0.395,sell,sell_high_broken,0,4/9/2021,324.71,322.81,337.32,326.88,4/5/2021,331.05,4/5/2021,20.49%,55.71%
4/6/2021,120296.5966,0,1,363.0608939,310.6,4/5/2021,4/6/2021,1.485,1.84,0.253141291,4/5/2021,threshold,counterfactual_5m,,,,,FORCE_BUY,0.35,0.395,sell,sell_high_broken,0,4/12/2021,331.84,326.88,337.32,329.37,4/6/2021,330.82,4/6/2021,20.30%,55.60%
4/7/2021,120695.9636,0,1,363.0608939,310.6,4/6/2021,4/7/2021,0.915,-0.5,0.339603321,4/6/2021,threshold,counterfactual_5m,,,,,FORCE_BUY,0.35,0.395,sell,sell_high_broken,0,4/13/2021,332.83,330.02,341.08,329.37,4/7/2021,331.62,4/7/2021,20.70%,55.98%
4/8/2021,122133.6847,0,1,363.0608939,310.6,4/7/2021,4/8/2021,0.89,-0.5,0.239963574,4/7/2021,threshold,counterfactual_5m,,,,,FORCE_BUY,0.35,0.395,sell,sell_high_broken,0,4/14/2021,332.48,329.37,341.08,332.92,4/8/2021,335.08,4/8/2021,22.13%,57.60%
4/9/2021,122148.2071,0,1,363.0608939,310.6,4/8/2021,4/9/2021,0.93,-0.5,0.200418242,4/8/2021,threshold,counterfactual_5m,,,,,FORCE_BUY,0.35,0.395,sell,sell_high_broken,0,4/15/2021,335.27,333.74,342.01,332.92,4/9/2021,337.11,4/9/2021,22.15%,58.56%
4/12/2021,122286.1703,0,1,363.0608939,310.6,4/9/2021,4/12/2021,0.825,2.485,0.224512426,4/9/2021,threshold,counterfactual_5m,,,,,FORCE_BUY,0.35,0.395,sell,sell_high_broken,0,4/16/2021,337.32,332.92,342.23,334.73,4/12/2021,336.67,4/12/2021,22.29%,58.35%
4/13/2021,123593.1895,0,1,363.0608939,310.6,4/12/2021,4/13/2021,0.605,2.485,0.202851778,4/12/2021,threshold,counterfactual_5m,,,,,FORCE_BUY,0.35,0.395,sell,sell_high_broken,0,4/19/2021,337.1,334.73,342.23,335.67,4/13/2021,340.6,4/13/2021,23.59%,60.20%
4/14/2021,122206.2969,0,1,363.0608939,310.6,4/13/2021,4/14/2021,-0.5,-0.5,0.235770909,4/13/2021,threshold,counterfactual_5m,,,,,FORCE_BUY,0.35,0.395,sell,sell_high_broken,0,4/20/2021,341.08,338.02,342.23,334.38,4/14/2021,336.51,4/14/2021,22.21%,58.28%
4/15/2021,122812.6086,122812.6086,0,0,,4/14/2021,4/15/2021,-0.5,2.41,0.493156239,4/14/2021,threshold,counterfactual_5m,,,,,FORCE_SELL,0.35,0.395,sell,sell_high_broken,0,4/21/2021,340.98,335.67,342.23,333.97,4/15/2021,341.61,4/15/2021,22.81%,60.67%
4/16/2021,123165.8084,0,1,360.4079369,340.76,4/15/2021,4/16/2021,1.02,2.485,0.273178189,4/15/2021,threshold,counterfactual_5m,,,,,FORCE_BUY,0.35,0.395,sell,sell_high_broken,0,4/22/2021,342.01,336.22,342.23,333.97,4/16/2021,342.01,4/16/2021,23.17%,60.86%
4/19/2021,122253.9763,0,1,360.4079369,340.76,4/16/2021,4/19/2021,1.775,1.81,0.17776952,4/16/2021,threshold,counterfactual_5m,,,,,FORCE_BUY,0.35,0.395,sell,sell_high_held,1,4/23/2021,342.23,340.08,341.58,333.97,4/19/2021,338.88,4/19/2021,22.25%,59.39%
4/20/2021,120754.6793,0,1,360.4079369,340.76,4/19/2021,4/20/2021,2.35,1.54,0.307028373,4/19/2021,threshold,counterfactual_5m,,,,,FORCE_BUY,0.35,0.395,sell,sell_high_broken,0,4/26/2021,341.58,336.9,341.92,333.97,4/20/2021,336.41,4/20/2021,20.75%,58.23%
4/21/2021,121972.8581,0,1,360.4079369,340.76,4/20/2021,4/21/2021,2.42,2.18,0.334692695,4/20/2021,threshold,counterfactual_5m,,,,,FORCE_BUY,0.35,0.395,sell,sell_high_broken,0,4/27/2021,339.52,334.38,342.15,333.97,4/21/2021,339.29,4/21/2021,21.97%,59.58%
4/22/2021,120895.2383,0,1,360.4079369,340.76,4/21/2021,4/22/2021,1.92,2.185,0.196011854,4/21/2021,threshold,counterfactual_5m,,,,,FORCE_BUY,0.35,0.395,sell,sell_high_broken,0,4/28/2021,339.48,333.97,342.15,334.01,4/22/2021,335.2,4/22/2021,20.90%,57.66%
4/23/2021,121280.8748,121280.8748,0,0,,4/22/2021,4/23/2021,2.455,2.39,0.392191088,4/22/2021,threshold,counterfactual_5m,,,,,FREE,0.35,0.395,sell,sell_high_broken,0,4/29/2021,339.9,334.01,342.8,335.85,4/23/2021,339.42,4/23/2021,21.28%,59.64%
4/26/2021,121280.8748,121280.8748,0,0,,4/23/2021,4/26/2021,2.455,2.39,0.192837072,4/23/2021,threshold,counterfactual_5m,,,,,FORCE_BUY,0.35,0.395,sell,sell_high_broken,0,4/30/2021,340.77,335.85,342.8,336.9,4/26/2021,341.63,4/26/2021,21.28%,60.68%
4/27/2021,121280.8748,121280.8748,0,0,,4/26/2021,4/27/2021,2.455,2.39,0.133703496,4/26/2021,threshold,counterfactual_5m,,,,,FORCE_BUY,0.35,0.395,sell,sell_high_broken,0,5/3/2021,341.92,338.9,342.8,335.73,4/27/2021,340.15,4/27/2021,21.28%,59.99%
4/28/2021,121280.8748,121280.8748,0,0,,4/27/2021,4/28/2021,1.115,1.08,0.237535403,4/27/2021,threshold,counterfactual_5m,,,,,FORCE_BUY,0.35,0.395,sell,sell_high_broken,0,5/4/2021,342.15,339.17,342.8,326.21,4/28/2021,339,4/28/2021,21.28%,59.45%
4/29/2021,121280.8748,121280.8748,0,0,,4/28/2021,4/29/2021,-0.5,1.16,0.228260503,4/28/2021,threshold,counterfactual_5m,,,,,FORCE_BUY,0.35,0.395,sell,sell_high_broken,0,5/5/2021,340.85,338.33,342.8,326.21,4/29/2021,340.22,4/29/2021,21.28%,60.02%
4/30/2021,121051.7323,0,1,358.0352921,338.74,4/29/2021,4/30/2021,0.94,1.27,0.227696512,4/29/2021,threshold,counterfactual_5m,,,,,FORCE_BUY,0.35,0.395,sell,sell_high_held,1,5/6/2021,342.8,336.9,340.26,326.21,4/30/2021,337.99,4/30/2021,21.05%,58.97%
5/3/2021,120170.9654,0,1,358.0352921,338.74,4/30/2021,5/3/2021,1.86,1.63,0.207080421,4/30/2021,threshold,counterfactual_5m,,,,,FORCE_BUY,0.35,0.395,sell,sell_high_held,1,5/7/2021,340.26,337.05,340,326.21,5/3/2021,336.19,5/3/2021,20.17%,58.13%
5/4/2021,118054.9769,0,1,358.0352921,338.74,5/3/2021,5/4/2021,2.165,1.895,0.270149307,5/3/2021,threshold,counterfactual_5m,,,,,FORCE_BUY,0.35,0.395,sell,sell_high_held,1,5/10/2021,340,335.73,336.65,325.55,5/4/2021,330.14,5/4/2021,18.05%,55.28%
5/5/2021,117836.5753,0,1,358.0352921,338.74,5/4/2021,5/5/2021,2.295,1.95,0.238556565,5/4/2021,threshold,counterfactual_5m,,,,,FORCE_BUY,0.35,0.395,sell,sell_high_broken,0,5/11/2021,333.89,326.21,336.65,319.02,5/5/2021,329.03,5/5/2021,17.84%,54.76%
5/6/2021,118831.9134,0,1,358.0352921,338.74,5/5/2021,5/6/2021,2.495,2.315,0.273165682,5/5/2021,threshold,counterfactual_5m,,,,,FORCE_BUY,0.35,0.395,sell,sell_high_broken,0,5/12/2021,333.14,328.23,336.65,316,5/6/2021,331.51,5/6/2021,18.83%,55.92%
5/7/2021,119762.8052,0,1,358.0352921,338.74,5/6/2021,5/7/2021,2.29,2.355,0.125677534,5/6/2021,threshold,counterfactual_5m,,,,,FORCE_BUY,0.35,0.395,sell,sell_high_broken,0,5/13/2021,331.67,326.45,336.65,316,5/7/2021,334.2,5/7/2021,19.76%,57.19%
5/10/2021,116397.2735,0,1,358.0352921,338.74,5/7/2021,5/10/2021,2.29,2.355,0.203750066,5/7/2021,threshold,counterfactual_5m,,,,,FORCE_BUY,0.35,0.395,sell,sell_high_held,1,5/14/2021,336.65,331.69,332.96,316,5/10/2021,325.76,5/10/2021,16.40%,53.22%
5/11/2021,116422.3359,0,1,358.0352921,338.74,5/10/2021,5/11/2021,2.395,2.05,0.361908723,5/10/2021,threshold,counterfactual_5m,,,,,FREE,0.35,0.395,sell,sell_high_held,1,5/17/2021,332.96,325.55,327.33,316,5/11/2021,325.31,5/11/2021,16.42%,53.01%
5/12/2021,113618.9196,0,1,358.0352921,338.74,5/11/2021,5/12/2021,1.94,2.08,0.148791204,5/11/2021,threshold,counterfactual_5m,,,,,FORCE_BUY,0.35,0.395,sell,sell_high_broken,0,5/18/2021,326.13,319.02,327.33,316,5/12/2021,316.89,5/12/2021,13.62%,49.05%
5/13/2021,114453.1418,0,1,358.0352921,338.74,5/12/2021,5/13/2021,2.435,-0.5,0.337172649,5/12/2021,threshold,counterfactual_5m,,,,,FORCE_BUY,0.35,0.395,sell,sell_high_broken,0,5/19/2021,322.62,316,327.33,316.3,5/13/2021,319.34,5/13/2021,14.45%,50.20%
5/14/2021,117310.2635,0,1,358.0352921,338.74,5/13/2021,5/14/2021,-0.5,2.345,0.269007589,5/13/2021,threshold,counterfactual_5m,,,,,FORCE_BUY,0.35,0.395,sell,sell_high_broken,0,5/20/2021,322.4,316.9,329.71,316.3,5/14/2021,326.39,5/14/2021,17.31%,53.52%
5/17/2021,116372.211,0,1,358.0352921,338.74,5/14/2021,5/17/2021,1.5,-0.5,0.174245914,5/14/2021,threshold,counterfactual_5m,,,,,FORCE_BUY,0.35,0.395,sell,sell_high_broken,0,5/21/2021,327.33,322.08,330.86,316.3,5/17/2021,324.41,5/17/2021,16.37%,52.58%
5/18/2021,114972.293,0,1,358.0352921,338.74,5/17/2021,5/18/2021,1.405,-0.5,0.171789691,5/17/2021,threshold,counterfactual_5m,,,,,FORCE_BUY,0.35,0.395,sell,sell_high_broken,0,5/24/2021,326.37,321.45,333.67,316.3,5/18/2021,322.22,5/18/2021,14.97%,51.55%
5/19/2021,115108.3464,0,1,358.0352921,338.74,5/18/2021,5/19/2021,2.115,-0.5,0.330983134,5/18/2021,threshold,counterfactual_5m,,,,,FORCE_BUY,0.35,0.395,sell,sell_high_broken,0,5/25/2021,326.65,321.94,334.81,316.3,5/19/2021,322.59,5/19/2021,15.11%,51.73%
5/20/2021,118029.9144,0,1,358.0352921,338.74,5/19/2021,5/20/2021,2.185,2.37,0.138535309,5/19/2021,threshold,counterfactual_5m,,,,,FORCE_BUY,0.35,0.395,sell,sell_high_broken,0,5/26/2021,322.9,316.3,334.81,323.89,5/20/2021,328.83,5/20/2021,18.03%,54.66%
5/21/2021,117102.603,0,1,358.0352921,338.74,5/20/2021,5/21/2021,2.185,2.37,0.185214305,5/20/2021,threshold,counterfactual_5m,,,,,FORCE_BUY,0.35,0.395,sell,sell_high_broken,0,5/27/2021,329.71,323.89,334.81,326.64,5/21/2021,327.01,5/21/2021,17.10%,53.81%
5/24/2021,119225.7523,0,1,358.0352921,338.74,5/21/2021,5/24/2021,2.185,2.37,0.335326837,5/21/2021,threshold,counterfactual_5m,,,,,FORCE_BUY,0.35,0.395,sell,sell_high_broken,0,5/28/2021,330.86,326.64,335.57,326.9,5/24/2021,332.51,5/24/2021,19.23%,56.39%
5/25/2021,119537.243,0,1,358.0352921,338.74,5/24/2021,5/25/2021,2.185,2.37,0.225051287,5/24/2021,threshold,counterfactual_5m,,,,,FORCE_BUY,0.35,0.395,sell,sell_high_broken,0,6/1/2021,333.67,326.9,335.79,331.43,5/25/2021,332.97,5/25/2021,19.54%,56.61%
5/26/2021,119662.5553,0,1,358.0352921,338.74,5/25/2021,5/26/2021,1.705,-0.5,0.296025943,5/25/2021,threshold,counterfactual_5m,,,,,FORCE_BUY,0.35,0.395,sell,sell_high_broken,0,6/2/2021,334.81,331.76,335.79,331.43,5/26/2021,334.13,5/26/2021,19.66%,57.16%
5/27/2021,119619.5911,0,1,358.0352921,338.74,5/26/2021,5/27/2021,1.75,-0.5,0.177089107,5/26/2021,threshold,counterfactual_5m,,,,,FORCE_BUY,0.35,0.395,sell,sell_high_broken,0,6/3/2021,334.61,332.95,335.79,328.28,5/27/2021,332.88,5/27/2021,19.62%,56.57%
5/28/2021,119512.2163,0,1,358.0352921,338.74,5/27/2021,5/28/2021,1.75,-0.5,0.31642761,5/27/2021,threshold,counterfactual_5m,,,,,FORCE_BUY,0.35,0.395,sell,sell_high_broken,0,6/4/2021,334.54,332.67,336.06,328.28,5/28/2021,333.93,5/28/2021,19.51%,57.06%
6/1/2021,119025.2525,0,1,358.0352921,338.74,5/28/2021,6/1/2021,1.065,-0.5,0.319046697,5/28/2021,threshold,counterfactual_5m,,,,,FORCE_BUY,0.35,0.395,sell,sell_high_broken,0,6/7/2021,335.57,333.6,336.66,328.28,6/1/2021,332.82,6/1/2021,19.03%,56.54%
6/2/2021,119476.377,0,1,358.0352921,338.74,6/1/2021,6/2/2021,1.025,2.04,0.349679402,6/1/2021,threshold,counterfactual_5m,,,,,FORCE_BUY,0.35,0.395,sell,sell_high_broken,0,6/8/2021,335.79,331.43,339.29,328.28,6/2/2021,333.47,6/2/2021,19.48%,56.85%
6/3/2021,117886.7003,0,1,358.0352921,338.74,6/2/2021,6/3/2021,1.46,-0.5,0.212316828,6/2/2021,threshold,counterfactual_5m,,,,,FORCE_BUY,0.35,0.395,sell,sell_high_broken,0,6/9/2021,334.34,331.7,339.29,328.28,6/3/2021,330,6/3/2021,17.89%,55.21%
6/4/2021,120228.2511,0,1,358.0352921,338.74,6/3/2021,6/4/2021,1.29,1.545,0.267811434,6/3/2021,threshold,counterfactual_5m,,,,,FORCE_BUY,0.35,0.395,sell,sell_high_broken,0,6/10/2021,331.86,328.28,340.46,331.78,6/4/2021,335.6,6/4/2021,20.23%,57.85%
6/7/2021,120657.8934,0,1,358.0352921,338.74,6/4/2021,6/7/2021,1.09,1.605,0.215887483,6/4/2021,threshold,counterfactual_5m,,,,,FORCE_BUY,0.35,0.395,sell,sell_high_broken,0,6/11/2021,336.06,331.78,341.25,334.34,6/7/2021,336.6,6/7/2021,20.66%,58.32%
6/8/2021,120632.831,0,1,358.0352921,338.74,6/7/2021,6/8/2021,1.09,1.475,0.164555663,6/7/2021,threshold,counterfactual_5m,,,,,FORCE_BUY,0.35,0.395,sell,sell_high_broken,0,6/14/2021,336.66,334.34,344.52,335.03,6/8/2021,336.76,6/8/2021,20.63%,58.39%
6/9/2021,120579.1257,0,1,358.0352921,338.74,6/8/2021,6/9/2021,1.09,1.475,0.344145953,6/8/2021,threshold,counterfactual_5m,,,,,FORCE_BUY,0.35,0.395,sell,sell_high_broken,0,6/15/2021,339.29,335.03,344.52,336.65,6/9/2021,336.84,6/9/2021,20.58%,58.43%
6/10/2021,120711.5987,120711.5987,0,0,,6/9/2021,6/10/2021,0.685,1.9,0.398490131,6/9/2021,threshold,counterfactual_5m,,,,,FORCE_SELL,0.35,0.395,sell,sell_high_broken,0,6/16/2021,338.97,336.65,344.52,336.73,6/10/2021,340.35,6/10/2021,20.71%,60.08%
6/11/2021,121187.2605,0,1,354.9714719,340.06,6/10/2021,6/11/2021,0.78,1.855,0.181974588,6/10/2021,threshold,counterfactual_5m,,,,,FORCE_BUY,0.35,0.395,sell,sell_high_broken,0,6/17/2021,340.46,336.73,346.38,337.45,6/11/2021,341.24,6/11/2021,21.19%,60.50%
6/14/2021,122145.6835,0,1,354.9714719,340.06,6/11/2021,6/14/2021,0.78,1.855,0.146517607,6/11/2021,threshold,counterfactual_5m,,,,,FORCE_BUY,0.35,0.395,sell,sell_high_broken,0,6/18/2021,341.25,339.69,346.38,337.45,6/14/2021,344.51,6/14/2021,22.15%,62.04%
6/15/2021,121492.536,0,1,354.9714719,340.06,6/14/2021,6/15/2021,0.78,1.855,0.215788829,6/14/2021,threshold,counterfactual_5m,,,,,FORCE_BUY,0.35,0.395,sell,sell_high_broken,0,6/21/2021,344.52,340.46,346.38,337.45,6/15/2021,342.26,6/15/2021,21.49%,60.98%
6/16/2021,121343.9889,0,1,358.2004631,340.7,6/15/2021,6/16/2021,1.365,1.975,0.351028244,6/15/2021,threshold,counterfactual_5m,,,,,FREE,0.35,0.395,sell,sell_high_broken,0,6/22/2021,344.47,341.52,348.03,337.45,6/16/2021,341.01,6/16/2021,21.34%,60.39%
6/17/2021,123887.2122,0,1,358.2004631,340.7,6/16/2021,6/17/2021,1.305,1.83,0.362773909,6/16/2021,threshold,counterfactual_5m,,,,,FREE,0.35,0.395,sell,sell_high_broken,0,6/23/2021,343.84,337.45,348.92,339.92,6/17/2021,345.34,6/17/2021,23.89%,62.43%
6/18/2021,122454.4103,0,1,358.2004631,340.7,6/17/2021,6/18/2021,1.02,1.71,0.272230031,6/17/2021,threshold,counterfactual_5m,,,,,FORCE_BUY,0.35,0.395,sell,sell_high_broken,0,6/24/2021,346.38,339.92,351.46,340.15,6/18/2021,342.63,6/18/2021,22.45%,61.15%
6/21/2021,122801.692,122801.692,0,0,,6/18/2021,6/21/2021,1.305,1.915,0.361602259,6/18/2021,threshold,counterfactual_5m,,,,,FREE,0.35,0.395,sell,sell_high_broken,0,6/25/2021,344.81,341.86,351.46,340.15,6/21/2021,344.36,6/21/2021,22.80%,61.97%
6/22/2021,122801.692,122801.692,0,0,,6/21/2021,6/22/2021,1.305,1.965,0.200109279,6/21/2021,threshold,counterfactual_5m,,,,,FORCE_BUY,0.35,0.395,sell,sell_high_broken,0,6/28/2021,344.69,340.15,353.85,343.84,6/22/2021,347.57,6/22/2021,22.80%,63.48%
6/23/2021,123020.7536,0,1,353.3251582,347.56,6/22/2021,6/23/2021,1.305,1.965,0.214215075,6/22/2021,threshold,counterfactual_5m,,,,,FORCE_BUY,0.35,0.395,sell,sell_high_broken,0,6/29/2021,348.03,343.84,355.02,346.88,6/23/2021,347.74,6/23/2021,23.02%,63.56%
6/24/2021,123543.6748,0,1,353.3251582,347.56,6/23/2021,6/24/2021,-0.5,1.895,0.281616327,6/23/2021,threshold,counterfactual_5m,,,,,FORCE_BUY,0.35,0.395,sell,sell_high_broken,0,6/30/2021,348.92,346.88,355.23,348.84,6/24/2021,349.89,6/24/2021,23.54%,64.57%
6/25/2021,123469.4765,0,1,353.3251582,347.56,6/24/2021,6/25/2021,-0.5,1.895,0.321046294,6/24/2021,threshold,counterfactual_5m,,,,,FORCE_BUY,0.35,0.395,sell,sell_high_broken,0,7/1/2021,351.46,349.17,355.23,348.84,6/25/2021,349.46,6/25/2021,23.47%,64.37%
6/28/2021,124776.7796,0,1,353.3251582,347.56,6/25/2021,6/28/2021,-0.5,1.28,0.279763819,6/25/2021,threshold,counterfactual_5m,,,,,FORCE_BUY,0.35,0.375,sell,sell_high_broken,0,7/2/2021,350.72,348.84,358.97,350.72,6/28/2021,353.71,6/28/2021,24.78%,66.37%
6/29/2021,125614.1602,0,1,353.3251582,347.56,6/28/2021,6/29/2021,-0.5,1.525,0.177155761,6/28/2021,threshold,counterfactual_5m,,,,,FORCE_BUY,0.35,0.375,sell,sell_high_broken,0,7/6/2021,353.85,350.72,360.48,352.67,6/29/2021,354.99,6/29/2021,25.61%,66.97%
6/30/2021,125366.8326,0,1,353.3251582,347.56,6/29/2021,6/30/2021,0.595,1.525,0.161075515,6/29/2021,threshold,counterfactual_5m,,,,,FORCE_BUY,0.35,0.375,sell,sell_high_broken,0,7/7/2021,355.02,352.67,362.76,352.68,6/30/2021,354.43,6/30/2021,25.37%,66.70%
7/1/2021,125151.3043,0,1,353.3251582,347.56,6/30/2021,7/1/2021,0.625,1.445,0.225174576,6/30/2021,threshold,counterfactual_5m,,,,,FORCE_BUY,0.35,0.375,sell,sell_high_broken,0,7/8/2021,355.23,353.83,362.76,352.68,7/1/2021,354.57,7/1/2021,25.15%,66.77%
7/2/2021,126638.8032,0,1,353.3251582,347.56,7/1/2021,7/2/2021,0.765,1.695,0.160443614,7/1/2021,threshold,counterfactual_5m,,,,,FORCE_BUY,0.35,0.375,sell,sell_high_broken,0,7/9/2021,355.09,352.68,362.76,354.42,7/2/2021,358.64,7/2/2021,26.64%,68.68%
7/6/2021,127144.0582,0,1,353.3251582,347.56,7/2/2021,7/6/2021,0.765,1.695,0.167798063,7/2/2021,threshold,counterfactual_5m,,,,,FORCE_BUY,0.35,0.375,sell,sell_high_broken,0,7/12/2021,358.97,356.28,362.89,354.42,7/6/2021,360.19,7/6/2021,27.14%,69.41%
7/7/2021,127546.8488,0,1,353.3251582,347.56,7/6/2021,7/7/2021,-0.5,1.535,0.176614779,7/6/2021,threshold,counterfactual_5m,,,,,FORCE_BUY,0.35,0.375,sell,sell_high_broken,0,7/13/2021,360.48,356.49,365.47,354.42,7/7/2021,360.95,7/7/2021,27.55%,69.77%
7/8/2021,126504.5396,0,1,353.3251582,347.56,7/7/2021,7/8/2021,1.26,2.48,0.235896834,7/7/2021,threshold,counterfactual_5m,,,,,FORCE_BUY,0.35,0.375,sell,sell_high_broken,0,7/14/2021,362.76,358.94,365.49,354.42,7/8/2021,358.77,7/8/2021,26.50%,68.75%
7/9/2021,127571.5816,0,1,353.3251582,347.56,7/8/2021,7/9/2021,0.92,2.425,0.196515827,7/8/2021,threshold,counterfactual_5m,,,,,FORCE_BUY,0.35,0.375,sell,sell_high_broken,0,7/15/2021,359.65,354.42,365.49,357.57,7/9/2021,361.01,7/9/2021,27.57%,69.80%
7/12/2021,128140.4351,0,1,353.3251582,347.56,7/9/2021,7/12/2021,0.92,2.425,0.156026783,7/9/2021,threshold,counterfactual_5m,,,,,FORCE_BUY,0.35,0.375,sell,sell_high_broken,0,7/16/2021,361.5,357.57,365.49,357.24,7/12/2021,362.42,7/12/2021,28.14%,70.46%
7/13/2021,127836.5755,0,1,353.3251582,347.56,7/12/2021,7/13/2021,0.92,2.425,0.137133225,7/12/2021,threshold,counterfactual_5m,,,,,FORCE_BUY,0.35,0.375,sell,sell_high_broken,0,7/19/2021,362.89,360.83,365.49,352.04,7/13/2021,362.42,7/13/2021,27.84%,70.46%
7/14/2021,128324.1642,0,1,353.3251582,347.56,7/13/2021,7/14/2021,-0.5,1.84,0.311685386,7/13/2021,threshold,counterfactual_5m,,,,,FORCE_BUY,0.35,0.375,sell,sell_high_broken,0,7/20/2021,365.47,361.54,365.49,352.04,7/14/2021,363.07,7/14/2021,28.32%,70.77%
7/15/2021,127059.2601,0,1,353.3251582,347.56,7/14/2021,7/15/2021,1.28,1.97,0.271552701,7/14/2021,threshold,counterfactual_5m,,,,,FORCE_BUY,0.35,0.375,sell,sell_high_held,1,7/21/2021,365.49,362.22,363.19,352.04,7/15/2021,360.52,7/15/2021,27.06%,69.57%
7/16/2021,126239.5458,0,1,353.3251582,347.56,7/15/2021,7/16/2021,1.185,-0.5,0.255079315,7/15/2021,threshold,counterfactual_5m,,,,,FORCE_BUY,0.35,0.375,sell,sell_high_broken,0,7/22/2021,363.19,358.46,363.96,352.04,7/16/2021,357.6,7/16/2021,26.24%,68.20%
7/19/2021,125317.3671,125317.3671,0,0,,7/16/2021,7/19/2021,2.5,-0.5,0.394959047,7/16/2021,threshold,counterfactual_5m,,,,,FORCE_SELL,0.35,0.375,sell,sell_high_broken,0,7/23/2021,362.41,357.24,368.49,352.04,7/19/2021,354.67,7/19/2021,25.32%,66.82%
7/20/2021,125317.3671,125317.3671,0,0,,7/19/2021,7/20/2021,2.49,-0.5,0.154155398,7/19/2021,threshold,counterfactual_5m,,,,,FORCE_BUY,0.35,0.375,sell,sell_high_broken,0,7/26/2021,355.18,352.04,368.89,353.8,7/20/2021,358.79,7/20/2021,25.32%,68.75%
7/21/2021,125317.3671,125317.3671,0,0,,7/20/2021,7/21/2021,0.655,1.99,0.222373373,7/20/2021,threshold,counterfactual_5m,,,,,FORCE_BUY,0.35,0.375,sell,sell_high_broken,0,7/27/2021,360.28,353.8,368.89,358.12,7/21/2021,361.56,7/21/2021,25.32%,70.06%
7/22/2021,125317.3671,125317.3671,0,0,,7/21/2021,7/22/2021,1.955,2.105,0.124814954,7/21/2021,threshold,counterfactual_5m,,,,,FORCE_BUY,0.35,0.375,sell,sell_high_broken,0,7/28/2021,361.56,358.12,368.89,360.16,7/22/2021,363.95,7/22/2021,25.32%,71.18%
7/23/2021,125317.3671,125317.3671,0,0,,7/22/2021,7/23/2021,1.955,2.105,0.113345985,7/22/2021,threshold,counterfactual_5m,,,,,FORCE_BUY,0.35,0.375,sell,sell_high_broken,0,7/29/2021,363.96,361.77,368.89,360.16,7/23/2021,368.2,7/23/2021,25.32%,73.18%
7/26/2021,125317.3671,125317.3671,0,0,,7/23/2021,7/26/2021,0.79,1.07,0.16738126,7/23/2021,threshold,counterfactual_5m,,,,,FORCE_BUY,0.35,0.375,sell,sell_high_broken,0,7/30/2021,368.49,363.92,368.89,360.16,7/26/2021,368.49,7/26/2021,25.32%,73.32%
7/27/2021,124011.5872,0,1,340.9346984,367.57,7/26/2021,7/27/2021,2.29,1.69,0.136766434,7/26/2021,threshold,counterfactual_5m,,,,,FORCE_BUY,0.35,0.375,sell,sell_high_held,1,8/2/2021,368.89,366.6,368.22,360.16,7/27/2021,364.43,7/27/2021,24.01%,71.41%
7/28/2021,124550.264,0,1,340.9346984,367.57,7/27/2021,7/28/2021,2.395,2.265,0.311725602,7/27/2021,threshold,counterfactual_5m,,,,,FORCE_BUY,0.35,0.375,sell,sell_high_held,1,8/3/2021,368.22,360.16,367.68,362,7/28/2021,365.83,7/28/2021,24.55%,72.07%
7/29/2021,123578.6001,0,1,340.9346984,367.57,7/28/2021,7/29/2021,1.855,1.295,0.222355596,7/28/2021,threshold,counterfactual_5m,,,,,FORCE_BUY,0.35,0.375,sell,sell_high_broken,0,8/4/2021,367.45,363.24,368.32,362,7/29/2021,366.48,7/29/2021,23.58%,72.37%
7/30/2021,124441.1649,0,1,340.9346984,367.57,7/29/2021,7/30/2021,1.87,1.35,0.20701847,7/29/2021,threshold,counterfactual_5m,,,,,FORCE_BUY,0.35,0.375,sell,sell_high_broken,0,8/5/2021,367.68,365.25,369.91,362,7/30/2021,364.57,7/30/2021,24.44%,71.47%
8/2/2021,124335.4752,0,1,340.9346984,367.57,7/30/2021,8/2/2021,1.225,-0.5,0.141914183,7/30/2021,threshold,counterfactual_5m,,,,,FORCE_BUY,0.35,0.375,sell,sell_high_broken,0,8/6/2021,365.17,362.41,369.91,362,8/2/2021,364.6,8/2/2021,24.34%,71.49%
8/3/2021,124925.2922,0,1,340.9346984,367.57,8/2/2021,8/3/2021,1.195,-0.5,0.287971089,8/2/2021,threshold,counterfactual_5m,,,,,FORCE_BUY,0.35,0.375,sell,sell_high_broken,0,8/9/2021,366.88,363.87,369.91,362,8/3/2021,366.81,8/3/2021,24.93%,72.53%
8/4/2021,125344.6419,0,1,340.9346984,367.57,8/3/2021,8/4/2021,1.085,0.98,0.16102202,8/3/2021,threshold,counterfactual_5m,,,,,FORCE_BUY,0.35,0.375,sell,sell_high_broken,0,8/10/2021,366.93,362,369.91,365.62,8/4/2021,367.34,8/4/2021,25.34%,72.78%
8/5/2021,126006.0552,0,1,340.9346984,367.57,8/4/2021,8/5/2021,1.22,1.335,0.1705126,8/4/2021,threshold,counterfactual_5m,,,,,FORCE_BUY,0.35,0.375,sell,sell_high_broken,0,8/11/2021,368.32,365.63,369.91,364.84,8/5/2021,369.67,8/5/2021,26.01%,73.87%
8/6/2021,125423.0569,0,1,340.9346984,367.57,8/5/2021,8/6/2021,0.775,1.385,0.130970559,8/5/2021,threshold,counterfactual_5m,,,,,FORCE_BUY,0.35,0.375,sell,sell_high_held,1,8/12/2021,369.91,367.45,369.56,364.3,8/6/2021,368.05,8/6/2021,25.42%,73.11%
8/9/2021,125675.3485,0,1,340.9346984,367.57,8/6/2021,8/9/2021,0.955,1.625,0.214619154,8/6/2021,threshold,counterfactual_5m,,,,,FORCE_BUY,0.35,0.375,sell,sell_high_broken,0,8/13/2021,369.37,366.91,369.56,364.3,8/9/2021,368.73,8/9/2021,25.68%,73.43%
8/10/2021,124983.2511,0,1,340.9346984,367.57,8/9/2021,8/10/2021,-0.5,1.405,0.156194272,8/9/2021,threshold,counterfactual_5m,,,,,FORCE_BUY,0.35,0.375,sell,sell_high_broken,0,8/16/2021,369.27,367.39,369.56,363.7,8/10/2021,366.84,8/10/2021,24.98%,72.54%
8/11/2021,124635.4977,0,1,340.9346984,367.57,8/10/2021,8/11/2021,0.905,-0.5,0.299651847,8/10/2021,threshold,counterfactual_5m,,,,,FORCE_BUY,0.35,0.375,sell,sell_high_held,1,8/17/2021,369.56,365.62,369.16,363.23,8/11/2021,366.21,8/11/2021,24.64%,72.24%
8/12/2021,125242.3615,0,1,340.9346984,367.57,8/11/2021,8/12/2021,0.83,-0.5,0.278683126,8/11/2021,threshold,counterfactual_5m,,,,,FORCE_BUY,0.285,0.32,sell,sell_high_broken,0,8/18/2021,368.65,364.84,369.16,361.87,8/12/2021,367.53,8/12/2021,25.24%,72.87%
8/13/2021,125668.5298,0,1,340.9346984,367.57,8/12/2021,8/13/2021,0.455,1.96,0.151830524,8/12/2021,threshold,counterfactual_5m,,,,,FORCE_BUY,0.285,0.32,sell,sell_high_broken,0,8/19/2021,367.9,364.3,369.16,359.96,8/13/2021,368.82,8/13/2021,25.67%,73.47%
8/16/2021,125760.5822,0,1,340.9346984,367.57,8/13/2021,8/16/2021,0.455,1.96,0.14155688,8/13/2021,threshold,counterfactual_5m,,,,,FORCE_BUY,0.285,0.32,sell,sell_high_held,1,8/20/2021,369.16,367.38,369.02,359.96,8/16/2021,368.98,8/16/2021,25.76%,73.55%
8/17/2021,124325.2471,0,1,340.9346984,367.57,8/16/2021,8/17/2021,1.445,-0.5,0.167312271,8/16/2021,threshold,counterfactual_5m,,,,,FORCE_BUY,0.285,0.32,sell,sell_high_broken,0,8/23/2021,369.02,363.7,373.94,359.96,8/17/2021,365.73,8/17/2021,24.33%,72.02%
8/18/2021,123408.1328,0,1,340.9346984,367.57,8/17/2021,8/18/2021,1.425,1.105,0.214541011,8/17/2021,threshold,counterfactual_5m,,,,,FORCE_BUY,0.285,0.32,sell,sell_high_broken,0,8/24/2021,367.15,363.23,374.99,359.96,8/18/2021,362.21,8/18/2021,23.41%,70.36%
8/19/2021,122941.0522,122941.0522,0,0,,8/18/2021,8/19/2021,2.035,1.74,0.432886144,8/18/2021,threshold,counterfactual_5m,,,,,FORCE_SELL,0.285,0.32,sell,sell_high_broken,0,8/25/2021,366.62,361.87,375.39,359.96,8/19/2021,363.96,8/19/2021,22.94%,71.19%
8/20/2021,122941.0522,122941.0522,0,0,,8/19/2021,8/20/2021,-0.5,2.16,0.240991721,8/19/2021,threshold,counterfactual_5m,,,,,FORCE_BUY,0.285,0.32,sell,sell_high_broken,0,8/26/2021,365.68,359.96,375.39,364.74,8/20/2021,367.73,8/20/2021,22.94%,72.96%
8/23/2021,122941.0522,122941.0522,0,0,,8/20/2021,8/23/2021,-0.5,2.16,0.182925437,8/20/2021,threshold,counterfactual_5m,,,,,FORCE_BUY,0.285,0.32,sell,sell_high_broken,0,8/27/2021,368.14,364.74,376.56,368.79,8/23/2021,373.23,8/23/2021,22.94%,75.55%
8/24/2021,123092.2793,0,1,328.754552,373.96,8/23/2021,8/24/2021,-0.5,2.16,0.20136147,8/23/2021,threshold,counterfactual_5m,,,,,FORCE_BUY,0.285,0.32,sell,sell_high_broken,0,8/30/2021,373.94,368.79,380.76,371.97,8/24/2021,374.37,8/24/2021,23.09%,76.08%
8/25/2021,123138.305,0,1,328.754552,373.96,8/24/2021,8/25/2021,0.44,0.64,0.179651672,8/24/2021,threshold,counterfactual_5m,,,,,FORCE_BUY,0.285,0.32,sell,sell_high_broken,0,8/31/2021,374.99,373.36,380.76,371.97,8/25/2021,374.8,8/25/2021,23.14%,76.29%
8/26/2021,122461.0706,0,1,328.754552,373.96,8/25/2021,8/26/2021,1.03,0.485,0.195715071,8/25/2021,threshold,counterfactual_5m,,,,,FORCE_BUY,0.285,0.32,sell,sell_high_broken,0,9/1/2021,375.39,373.86,382.71,371.97,8/26/2021,372.42,8/26/2021,22.46%,75.17%
8/27/2021,122865.4387,122865.4387,0,0,,8/26/2021,8/27/2021,0.96,0.48,0.335092998,8/26/2021,threshold,counterfactual_5m,,,,,FORCE_SELL,0.285,0.32,sell,sell_high_broken,0,9/2/2021,374.62,371.97,382.71,372.57,8/27/2021,376.04,8/27/2021,22.87%,76.87%
8/30/2021,122865.4387,122865.4387,0,0,,8/27/2021,8/30/2021,0.96,0.48,0.205304071,8/27/2021,threshold,counterfactual_5m,,,,,FORCE_BUY,0.285,0.32,sell,sell_high_broken,0,9/3/2021,376.56,372.57,382.71,376.83,8/30/2021,380.26,8/30/2021,22.87%,78.85%
8/31/2021,123092.0381,0,1,323.7134467,379.55,8/30/2021,8/31/2021,-0.5,0.75,0.198858003,8/30/2021,threshold,counterfactual_5m,,,,,FORCE_BUY,0.285,0.32,sell,sell_high_broken,0,9/7/2021,380.76,376.83,382.78,378.36,8/31/2021,379.95,8/31/2021,23.09%,78.71%
9/1/2021,123260.3691,0,1,323.7134467,379.55,8/31/2021,9/1/2021,-0.5,0.76,0.207223998,8/31/2021,threshold,counterfactual_5m,,,,,FORCE_BUY,0.285,0.32,sell,sell_high_broken,0,9/8/2021,380.58,378.36,382.78,378.45,9/1/2021,380.58,9/1/2021,23.26%,79.00%
9/2/2021,123658.5366,123658.5366,0,0,,9/1/2021,9/2/2021,-0.5,0.845,0.371666544,9/1/2021,threshold,counterfactual_5m,,,,,FORCE_SELL,0.285,0.32,sell,sell_high_broken,0,9/9/2021,382.71,380.37,382.78,378.45,9/2/2021,380.4,9/2/2021,23.66%,78.92%
9/3/2021,123905.2141,0,1,324.8694653,381.52,9/2/2021,9/3/2021,0.77,0.955,0.296742597,9/2/2021,threshold,counterfactual_5m,,,,,FREE,0.285,0.32,sell,sell_high_broken,0,9/10/2021,382.31,379.15,382.78,376.25,9/3/2021,381.57,9/3/2021,23.91%,79.47%
9/7/2021,124038.4106,0,1,324.8694653,381.52,9/3/2021,9/7/2021,0.945,0.725,0.175808051,9/3/2021,threshold,counterfactual_5m,,,,,FORCE_BUY,0.285,0.32,sell,sell_high_broken,0,9/13/2021,381.98,379.2,382.78,374.22,9/7/2021,382.11,9/7/2021,24.04%,79.72%
9/8/2021,123544.609,0,1,324.8694653,381.52,9/7/2021,9/8/2021,0.925,0.615,0.204337374,9/7/2021,threshold,counterfactual_5m,,,,,FORCE_BUY,0.285,0.32,sell,sell_high_held,1,9/14/2021,382.78,380.49,382.15,374.22,9/8/2021,380.78,9/8/2021,23.54%,79.10%
9/9/2021,123261.9725,0,1,324.8694653,381.52,9/8/2021,9/9/2021,1.21,1.045,0.230265165,9/8/2021,threshold,counterfactual_5m,,,,,FORCE_BUY,0.35,0.385,sell,sell_high_broken,0,9/15/2021,381.93,378.45,382.15,373.37,9/9/2021,379.47,9/9/2021,23.26%,78.48%
9/10/2021,122215.8929,0,1,324.8694653,381.52,9/9/2021,9/10/2021,1.71,-0.5,0.371162164,9/9/2021,threshold,counterfactual_5m,,,,,FORCE_SELL,0.285,0.32,sell,sell_high_held,1,9/16/2021,382.15,379.22,381.97,373.37,9/10/2021,376.59,9/10/2021,22.22%,77.13%
9/13/2021,122001.479,122001.479,0,0,,9/10/2021,9/13/2021,2.305,1.325,0.526573261,9/10/2021,threshold,counterfactual_5m,,,,,FORCE_SELL,0.285,0.32,sell,sell_high_held,1,9/17/2021,381.97,376.25,379.43,372.76,9/13/2021,376.33,9/13/2021,22.00%,77.00%
9/14/2021,122001.479,122001.479,0,0,,9/13/2021,9/14/2021,2.465,1.11,0.348183025,9/13/2021,threshold,counterfactual_5m,,,,,FORCE_BUY,0.35,0.385,sell,sell_high_held,1,9/20/2021,379.43,374.22,378.9,360.93,9/14/2021,375.26,9/14/2021,22.00%,76.50%
9/15/2021,122001.479,122001.479,0,0,,9/14/2021,9/15/2021,1.83,1.26,0.322370798,9/14/2021,threshold,counterfactual_5m,,,,,FORCE_BUY,0.35,0.385,sell,sell_high_broken,0,9/21/2021,378.61,374.28,378.9,360.93,9/15/2021,378.05,9/15/2021,22.00%,77.81%
9/16/2021,122409.9334,0,1,324.1444259,376.38,9/15/2021,9/16/2021,1.9,1.01,0.176181165,9/15/2021,threshold,counterfactual_5m,,,,,FORCE_BUY,0.35,0.385,sell,sell_high_broken,0,9/22/2021,378.41,373.37,378.9,360.93,9/16/2021,378.31,9/16/2021,22.41%,77.94%
9/17/2021,121035.5286,0,1,324.1444259,376.38,9/16/2021,9/17/2021,2.035,0.955,0.166969366,9/16/2021,threshold,counterfactual_5m,,,,,FORCE_BUY,0.35,0.385,sell,sell_high_held,1,9/23/2021,378.9,374.7,377.87,360.93,9/17/2021,373.83,9/17/2021,21.04%,75.83%
9/20/2021,118881.6699,0,1,324.6181802,369.47,9/17/2021,9/20/2021,2.445,1.6,0.354472221,9/17/2021,threshold,counterfactual_5m,,,,,FREE,0.35,0.385,sell,sell_high_held,1,9/24/2021,377.87,372.76,374.04,360.93,9/20/2021,365.7,9/20/2021,18.88%,72.01%
9/21/2021,118466.1587,0,1,324.6181802,369.47,9/20/2021,9/21/2021,2.395,-0.5,0.269669967,9/20/2021,threshold,counterfactual_5m,,,,,FORCE_BUY,0.3,0.345,sell,sell_high_broken,0,9/27/2021,369.25,360.93,374.04,364.99,9/21/2021,366.15,9/21/2021,18.47%,72.22%
9/22/2021,120202.8659,0,1,324.6181802,369.47,9/21/2021,9/22/2021,2.46,1.755,0.288363521,9/21/2021,threshold,counterfactual_5m,,,,,FORCE_BUY,0.3,0.345,sell,sell_high_broken,0,9/28/2021,368.81,364.99,374.04,359.35,9/22/2021,369.57,9/22/2021,20.20%,73.83%
9/23/2021,121089.0736,0,1,324.6181802,369.47,9/22/2021,9/23/2021,2.46,1.755,0.204342243,9/22/2021,threshold,counterfactual_5m,,,,,FORCE_BUY,0.3,0.345,sell,sell_high_broken,0,9/29/2021,371.07,365.96,374.04,358.64,9/23/2021,372.98,9/23/2021,21.09%,75.43%
9/24/2021,121290.3044,0,1,324.6181802,369.47,9/23/2021,9/24/2021,2.115,1.32,0.187290867,9/23/2021,threshold,counterfactual_5m,,,,,FORCE_BUY,0.3,0.345,sell,sell_high_held,1,9/30/2021,374.04,370.1,373.76,357.1,9/24/2021,373.33,9/24/2021,21.29%,75.59%
9/27/2021,120024.2935,0,1,324.6181802,369.47,9/24/2021,9/27/2021,2.065,1.21,0.147937372,9/24/2021,threshold,counterfactual_5m,,,,,FORCE_BUY,0.3,0.345,sell,sell_high_held,1,10/1/2021,373.76,370.27,371.25,354.38,9/27/2021,370.35,9/27/2021,20.02%,74.19%
9/28/2021,117112.5009,0,1,324.6181802,369.47,9/27/2021,9/28/2021,2.095,1.42,0.170328711,9/27/2021,threshold,counterfactual_5m,,,,,FORCE_BUY,0.3,0.345,sell,sell_high_held,1,10/4/2021,371.25,367.73,370.3,350.32,9/28/2021,359.87,9/28/2021,17.11%,69.26%
9/29/2021,117985.7238,117985.7238,0,0,,9/28/2021,9/29/2021,2.295,1.95,0.472774717,9/28/2021,threshold,counterfactual_5m,,,,,FORCE_SELL,0.3,0.345,sell,sell_high_held,1,10/5/2021,370.3,359.35,363.37,350.32,9/29/2021,359.28,9/29/2021,17.99%,68.99%
9/30/2021,117442.2069,0,1,327.4197968,360.35,9/29/2021,9/30/2021,-0.5,0.74,0.323157566,9/29/2021,threshold,counterfactual_5m,,,,,FREE,0.3,0.345,sell,sell_high_held,1,10/6/2021,363.37,358.64,362.68,350.32,9/30/2021,357.96,9/30/2021,17.44%,68.36%
10/1/2021,116607.2864,116607.2864,0,0,,9/30/2021,10/1/2021,-0.5,1.005,0.356612269,9/30/2021,threshold,counterfactual_5m,,,,,FORCE_SELL,0.3,0.345,sell,sell_high_broken,0,10/7/2021,362.68,357.1,365.69,350.32,10/1/2021,360.18,10/1/2021,16.61%,69.41%
10/4/2021,115278.4936,0,1,326.4847307,357.16,10/1/2021,10/4/2021,2.485,1.34,0.194130823,10/1/2021,threshold,counterfactual_5m,,,,,FORCE_BUY,0.35,0.385,sell,sell_high_broken,0,10/8/2021,361.25,354.38,365.69,350.32,10/4/2021,352.62,10/4/2021,15.28%,65.85%
10/5/2021,116515.8707,0,1,326.4847307,357.16,10/4/2021,10/5/2021,2.485,1.565,0.307649321,10/4/2021,threshold,counterfactual_5m,,,,,FORCE_BUY,0.35,0.385,sell,sell_high_broken,0,10/11/2021,358.86,350.32,365.69,353.15,10/5/2021,357.38,10/5/2021,16.52%,68.09%
10/6/2021,117870.7823,0,1,326.4847307,357.16,10/5/2021,10/6/2021,-0.5,2.1,0.226866764,10/5/2021,threshold,counterfactual_5m,,,,,FORCE_BUY,0.35,0.375,sell,sell_high_broken,0,10/12/2021,359.69,353.48,365.69,353.15,10/6/2021,359.67,10/6/2021,17.87%,69.17%
10/7/2021,118778.4099,0,1,326.4847307,357.16,10/6/2021,10/7/2021,-0.5,2.16,0.151164022,10/6/2021,threshold,counterfactual_5m,,,,,FORCE_BUY,0.35,0.375,sell,sell_high_broken,0,10/13/2021,359.95,353.15,365.69,356.48,10/7/2021,362.97,10/7/2021,18.78%,70.72%
10/8/2021,117812.0151,0,1,326.4847307,357.16,10/7/2021,10/8/2021,0.825,-0.5,0.28731331,10/7/2021,threshold,counterfactual_5m,,,,,FORCE_BUY,0.3,0.345,sell,sell_high_broken,0,10/14/2021,365.69,362.25,366.85,356.48,10/8/2021,361.16,10/8/2021,17.81%,69.87%
10/11/2021,116972.5766,0,1,326.7299143,359.53,10/8/2021,10/11/2021,-0.5,1.465,0.312356251,10/8/2021,threshold,counterfactual_5m,,,,,FREE,0.3,0.345,sell,sell_high_broken,0,10/15/2021,364.32,360.61,369.06,356.48,10/11/2021,358.39,10/11/2021,16.97%,68.57%
10/12/2021,117394.0582,117394.0582,0,0,,10/11/2021,10/12/2021,2.15,-0.5,0.360874942,10/11/2021,threshold,counterfactual_5m,,,,,FORCE_SELL,0.3,0.345,sell,sell_high_broken,0,10/18/2021,363.2,358.3,372.87,356.48,10/12/2021,357.14,10/12/2021,17.39%,67.98%
10/13/2021,117394.0582,117394.0582,0,0,,10/12/2021,10/13/2021,-0.5,1.685,0.293094651,10/12/2021,threshold,counterfactual_5m,,,,,FORCE_BUY,0.3,0.345,sell,sell_high_broken,0,10/19/2021,360.33,356.48,375.52,357.43,10/13/2021,360,10/13/2021,17.39%,69.32%
10/14/2021,118928.3249,0,1,323.6849515,362.68,10/13/2021,10/14/2021,-0.5,1.68,0.158224515,10/13/2021,threshold,counterfactual_5m,,,,,FORCE_BUY,0.3,0.345,sell,sell_high_broken,0,10/20/2021,360.69,357.43,376.57,363.01,10/14/2021,366.63,10/14/2021,18.93%,72.44%
10/15/2021,119533.6158,0,1,323.6849515,362.68,10/14/2021,10/15/2021,1.55,1.375,0.20210662,10/14/2021,threshold,counterfactual_5m,,,,,FORCE_BUY,0.3,0.345,sell,sell_high_broken,0,10/21/2021,366.85,363.01,377.47,366.82,10/15/2021,368.94,10/15/2021,19.53%,73.53%
10/18/2021,120663.2762,0,1,323.6849515,362.68,10/15/2021,10/18/2021,1.55,1.375,0.185665477,10/15/2021,threshold,counterfactual_5m,,,,,FORCE_BUY,0.3,0.345,sell,sell_high_broken,0,10/22/2021,369.06,366.82,377.47,366.99,10/18/2021,372.65,10/18/2021,20.66%,75.27%
10/19/2021,121589.0152,0,1,323.6849515,362.68,10/18/2021,10/19/2021,1.55,1.375,0.209424729,10/18/2021,threshold,counterfactual_5m,,,,,FORCE_BUY,0.3,0.345,sell,sell_high_broken,0,10/25/2021,372.87,366.99,378.87,372.39,10/19/2021,375.47,10/19/2021,21.59%,76.60%
10/20/2021,121009.6191,0,1,323.6849515,362.68,10/19/2021,10/20/2021,0.775,1.08,0.18108012,10/19/2021,threshold,counterfactual_5m,,,,,FORCE_BUY,0.3,0.345,sell,sell_high_broken,0,10/26/2021,375.52,372.7,382.71,372.39,10/20/2021,374.98,10/20/2021,21.01%,76.37%
10/21/2021,121446.5938,0,1,323.6849515,362.68,10/20/2021,10/21/2021,-0.5,1.75,0.291569948,10/20/2021,threshold,counterfactual_5m,,,,,FORCE_BUY,0.3,0.345,sell,sell_high_broken,0,10/27/2021,376.57,373.46,383.15,372.39,10/21/2021,377.27,10/21/2021,21.45%,77.45%
10/22/2021,120902.8031,0,1,323.6849515,362.68,10/21/2021,10/22/2021,1.66,-0.5,0.200988134,10/21/2021,threshold,counterfactual_5m,,,,,FORCE_BUY,0.3,0.345,sell,sell_high_broken,0,10/28/2021,377.47,373.85,384.48,372.39,10/22/2021,374.1,10/22/2021,20.90%,75.96%
10/25/2021,121453.0675,121453.0675,0,0,,10/22/2021,10/25/2021,1.66,-0.5,0.373091671,10/22/2021,threshold,counterfactual_5m,,,,,FORCE_SELL,0.3,0.345,sell,sell_high_broken,0,10/29/2021,376.97,372.39,386.28,373.56,10/25/2021,377.93,10/25/2021,21.45%,77.76%
10/26/2021,121453.0675,121453.0675,0,0,,10/25/2021,10/26/2021,1.66,-0.5,0.259793667,10/25/2021,threshold,counterfactual_5m,,,,,FORCE_BUY,0.3,0.345,sell,sell_high_broken,0,11/1/2021,378.87,373.56,387.56,377.91,10/26/2021,379.12,10/26/2021,21.45%,78.32%
10/27/2021,121453.0675,121453.0675,0,0,,10/26/2021,10/27/2021,1.66,-0.5,0.429321439,10/26/2021,threshold,counterfactual_5m,,,,,FORCE_SELL,0.3,0.345,sell,sell_high_broken,0,11/2/2021,382.71,377.91,389.54,379.31,10/27/2021,380,10/27/2021,21.45%,78.73%
10/28/2021,121453.0675,121453.0675,0,0,,10/27/2021,10/28/2021,1.66,-0.5,0.419805436,10/27/2021,threshold,counterfactual_5m,,,,,FORCE_SELL,0.3,0.345,sell,sell_high_broken,0,11/3/2021,383.15,379.31,393.61,380.7,10/28/2021,384.22,10/28/2021,21.45%,80.72%
10/29/2021,121453.0675,121453.0675,0,0,,10/28/2021,10/29/2021,0.6,1.105,0.19396141,10/28/2021,threshold,counterfactual_5m,,,,,FORCE_BUY,0.3,0.345,sell,sell_high_broken,0,11/4/2021,384.48,381.16,399.2,380.7,10/29/2021,386.11,10/29/2021,21.45%,81.60%
11/1/2021,121745.5967,0,1,314.5474659,386.12,10/29/2021,11/1/2021,1.445,1.195,0.218310692,10/29/2021,threshold,counterfactual_5m,,,,,FORCE_BUY,0.3,0.345,sell,sell_high_broken,0,11/5/2021,386.28,380.7,400.99,384.42,11/1/2021,387.43,11/1/2021,21.75%,82.23%
11/2/2021,122236.2907,0,1,314.5474659,386.12,11/1/2021,11/2/2021,-0.5,1.11,0.175152274,11/1/2021,threshold,counterfactual_5m,,,,,FORCE_BUY,0.3,0.345,sell,sell_high_broken,0,11/8/2021,387.56,384.42,400.99,386.75,11/2/2021,389.05,11/2/2021,22.24%,82.99%
11/3/2021,124110.9936,0,1,314.5474659,386.12,11/2/2021,11/3/2021,-0.5,1.525,0.189734319,11/2/2021,threshold,counterfactual_5m,,,,,FORCE_BUY,0.3,0.345,sell,sell_high_broken,0,11/9/2021,389.54,386.75,400.99,388.48,11/3/2021,393.18,11/3/2021,24.11%,84.93%
11/4/2021,125293.6921,0,1,314.5474659,386.12,11/3/2021,11/4/2021,0.415,1.64,0.231989808,11/3/2021,threshold,counterfactual_5m,,,,,FORCE_BUY,0.3,0.345,sell,sell_high_broken,0,11/10/2021,393.61,388.48,400.99,387.53,11/4/2021,398.22,11/4/2021,25.29%,87.30%
11/5/2021,125243.3645,0,1,314.5474659,386.12,11/4/2021,11/5/2021,0.44,1.185,0.266429291,11/4/2021,threshold,counterfactual_5m,,,,,FORCE_BUY,0.3,0.345,sell,sell_high_broken,0,11/11/2021,399.2,393.92,400.99,387.53,11/5/2021,398.6,11/5/2021,25.24%,87.48%
11/8/2021,124903.6532,0,1,314.5474659,386.12,11/5/2021,11/8/2021,1.97,0.735,0.345332159,11/5/2021,threshold,counterfactual_5m,,,,,FORCE_SELL,0.3,0.345,sell,sell_high_held,1,11/12/2021,400.99,397.16,399.62,387.53,11/8/2021,398.06,11/8/2021,24.90%,87.23%
11/9/2021,124051.2296,0,1,314.5474659,386.12,11/8/2021,11/9/2021,1.905,-0.5,0.284859934,11/8/2021,threshold,counterfactual_5m,,,,,FORCE_BUY,0.3,0.345,sell,sell_high_held,1,11/15/2021,399.62,397.4,399.57,387.53,11/9/2021,395.32,11/9/2021,24.05%,85.94%
11/10/2021,123805.8826,123805.8826,0,0,,11/9/2021,11/10/2021,2.445,-0.5,0.372170566,11/9/2021,threshold,counterfactual_5m,,,,,FORCE_SELL,0.3,0.345,sell,sell_high_held,1,11/16/2021,399.57,393.92,397.93,387.53,11/10/2021,389.51,11/10/2021,23.81%,83.20%
11/11/2021,123805.8826,123805.8826,0,0,,11/10/2021,11/11/2021,2.295,-0.5,0.437823526,11/10/2021,threshold,counterfactual_5m,,,,,FORCE_SELL,0.3,0.345,sell,sell_high_broken,0,11/17/2021,395.36,387.53,399.72,390.13,11/11/2021,390.59,11/11/2021,23.81%,83.71%
11/12/2021,123805.8826,123805.8826,0,0,,11/11/2021,11/12/2021,1.365,1.095,0.328615416,11/11/2021,threshold,counterfactual_5m,,,,,FREE,0.3,0.345,sell,sell_high_broken,0,11/18/2021,392.75,390.24,402.27,390.13,11/12/2021,394.7,11/12/2021,23.81%,85.65%
11/15/2021,124019.5197,0,1,314.1723109,394.07,11/12/2021,11/15/2021,1.365,1.095,0.202334614,11/12/2021,threshold,counterfactual_5m,,,,,FORCE_BUY,0.3,0.345,sell,sell_high_broken,0,11/19/2021,395.25,390.13,405.3,392.1,11/15/2021,394.61,11/15/2021,24.02%,85.60%
11/16/2021,124889.777,0,1,314.1723109,394.07,11/15/2021,11/16/2021,1.51,1.7,0.213942064,11/15/2021,threshold,counterfactual_5m,,,,,FORCE_BUY,0.3,0.345,sell,sell_high_broken,0,11/22/2021,396.24,392.1,408.71,393.66,11/16/2021,397.42,11/16/2021,24.89%,86.92%
11/17/2021,125075.1387,0,1,314.1723109,394.07,11/16/2021,11/17/2021,1.555,1.7,0.173721877,11/16/2021,threshold,counterfactual_5m,,,,,FORCE_BUY,0.3,0.345,sell,sell_high_broken,0,11/23/2021,397.93,393.66,408.71,392.92,11/17/2021,397.63,11/17/2021,25.08%,87.02%
11/18/2021,126382.0955,0,1,314.1723109,394.07,11/17/2021,11/18/2021,1.555,1.7,0.278986995,11/17/2021,threshold,counterfactual_5m,,,,,FORCE_BUY,0.3,0.345,sell,sell_high_broken,0,11/24/2021,399.72,396.64,408.71,392.54,11/18/2021,401.75,11/18/2021,26.38%,88.96%
11/19/2021,127019.8653,0,1,314.1723109,394.07,11/18/2021,11/19/2021,-0.5,1.605,0.205063661,11/18/2021,threshold,counterfactual_5m,,,,,FORCE_BUY,0.3,0.345,sell,sell_high_broken,0,11/26/2021,402.27,397.45,408.71,389.77,11/19/2021,403.99,11/19/2021,27.02%,90.01%
11/22/2021,125621.7985,0,1,314.1723109,394.07,11/19/2021,11/22/2021,-0.5,1.605,0.239919829,11/19/2021,threshold,counterfactual_5m,,,,,FORCE_BUY,0.3,0.345,sell,sell_high_broken,0,11/29/2021,405.3,402.58,408.71,389.77,11/22/2021,399.3,11/22/2021,25.62%,87.81%
11/23/2021,125335.9017,125335.9017,0,0,,11/22/2021,11/23/2021,1.545,1.79,0.539827334,11/22/2021,threshold,counterfactual_5m,,,,,FORCE_SELL,0.3,0.345,sell,sell_high_held,1,11/30/2021,408.71,399.19,401.19,389.77,11/23/2021,397.48,11/23/2021,25.34%,86.95%
11/24/2021,126566.1461,0,1,317.0732923,395.29,11/23/2021,11/24/2021,1.76,1.68,0.238056972,11/23/2021,threshold,counterfactual_5m,,,,,FORCE_BUY,0.3,0.345,sell,sell_high_broken,0,12/1/2021,400.23,392.92,401.19,386.64,11/24/2021,398.76,11/24/2021,26.57%,87.55%
11/26/2021,123937.6085,0,1,317.0732923,395.29,11/24/2021,11/26/2021,2.09,-0.5,0.159883277,11/24/2021,threshold,counterfactual_5m,,,,,FORCE_BUY,0.3,0.345,sell,sell_high_broken,0,12/2/2021,399.05,392.54,401.19,384.34,11/26/2021,391.2,11/26/2021,23.94%,84.00%
11/29/2021,125174.1943,125174.1943,0,0,,11/26/2021,11/29/2021,-0.5,-0.5,0.350805124,11/26/2021,threshold,counterfactual_5m,,,,,FORCE_SELL,0.3,0.345,sell,sell_high_broken,0,12/3/2021,397.54,389.77,401.19,378.9,11/29/2021,399.69,11/29/2021,25.17%,87.99%
11/30/2021,124452.4113,0,1,315.1890878,397.14,11/29/2021,11/30/2021,1.43,-0.5,0.223365481,11/29/2021,threshold,counterfactual_5m,,,,,FORCE_BUY,0.3,0.345,sell,sell_high_broken,0,12/6/2021,400.73,395.14,401.19,378.9,11/30/2021,393.82,11/30/2021,24.45%,85.23%
12/1/2021,125580.7883,125580.7883,0,0,,11/30/2021,12/1/2021,2.255,-0.5,0.381775866,11/30/2021,threshold,counterfactual_5m,,,,,FORCE_SELL,0.3,0.345,sell,sell_high_held,1,12/7/2021,401.19,391.75,400.48,378.9,12/1/2021,387.12,12/1/2021,25.58%,82.08%
12/2/2021,125580.7883,125580.7883,0,0,,12/1/2021,12/2/2021,2.385,-0.5,0.588395213,12/1/2021,threshold,counterfactual_5m,,,,,FORCE_SELL,0.3,0.345,sell,sell_high_held,1,12/8/2021,400.48,386.64,399.82,378.9,12/2/2021,389.91,12/2/2021,25.58%,83.39%
12/3/2021,124270.9622,0,1,325.0188629,386.38,12/2/2021,12/3/2021,2.255,-0.5,0.197143568,12/2/2021,threshold,counterfactual_5m,,,,,FORCE_BUY,0.3,0.345,sell,sell_high_broken,0,12/9/2021,391.74,384.34,400.2,378.9,12/3/2021,383.13,12/3/2021,24.27%,80.20%
12/6/2021,124459.4732,124459.4732,0,0,,12/3/2021,12/6/2021,2.195,-0.5,0.438163032,12/3/2021,threshold,counterfactual_5m,,,,,FORCE_SELL,0.3,0.345,sell,sell_high_broken,0,12/10/2021,392.34,378.9,400.2,379.3,12/6/2021,386.2,12/6/2021,24.46%,81.65%
12/7/2021,124459.4732,124459.4732,0,0,,12/6/2021,12/7/2021,2.195,-0.5,0.18648031,12/6/2021,threshold,counterfactual_5m,,,,,FORCE_BUY,0.3,0.345,sell,sell_high_broken,0,12/13/2021,387.6,379.3,400.2,391.88,12/7/2021,397.83,12/7/2021,24.46%,87.12%
12/8/2021,124459.4732,124459.4732,0,0,,12/7/2021,12/8/2021,2.195,-0.5,0.192890989,12/7/2021,threshold,counterfactual_5m,,,,,FORCE_BUY,0.3,0.345,sell,sell_high_broken,0,12/14/2021,398.46,392.99,400.2,383.63,12/8/2021,399.61,12/8/2021,24.46%,87.95%
12/9/2021,124459.4732,124459.4732,0,0,,12/8/2021,12/9/2021,1.19,-0.5,0.153075561,12/8/2021,threshold,counterfactual_5m,,,,,FORCE_BUY,0.3,0.345,sell,sell_high_broken,0,12/15/2021,399.82,396.22,400.2,383.63,12/9/2021,393.73,12/9/2021,24.46%,85.19%
12/10/2021,124459.4732,124459.4732,0,0,,12/9/2021,12/10/2021,1.675,1.755,0.408750816,12/9/2021,threshold,counterfactual_5m,,,,,FORCE_SELL,0.3,0.345,sell,sell_high_held,1,12/16/2021,400.2,393.53,398.48,383.63,12/10/2021,398.01,12/10/2021,24.46%,87.20%
12/13/2021,124573.6795,0,1,317.2396849,392.32,12/10/2021,12/13/2021,1.675,1.755,0.16639379,12/10/2021,threshold,counterfactual_5m,,,,,FORCE_BUY,0.3,0.345,sell,sell_high_broken,0,12/17/2021,398.28,393.36,398.48,381.77,12/13/2021,392.26,12/13/2021,24.57%,84.50%
12/14/2021,123260.3072,0,1,317.2396849,392.32,12/13/2021,12/14/2021,1.775,1.36,0.3970132,12/13/2021,threshold,counterfactual_5m,,,,,FORCE_SELL,0.3,0.345,sell,sell_high_broken,0,12/20/2021,398.33,391.88,398.48,377.47,12/14/2021,388.2,12/14/2021,23.26%,82.59%
12/15/2021,126169.3951,0,1,317.2396849,392.32,12/14/2021,12/15/2021,1.735,1.59,0.223978332,12/14/2021,threshold,counterfactual_5m,,,,,FORCE_BUY,0.3,0.345,sell,sell_high_broken,0,12/21/2021,390.09,383.63,398.48,377.47,12/15/2021,397.05,12/15/2021,26.17%,86.75%
12/16/2021,122743.2065,0,1,317.2396849,392.32,12/15/2021,12/16/2021,2.14,1.675,0.24839459,12/15/2021,threshold,counterfactual_5m,,,,,FORCE_BUY,0.3,0.345,sell,sell_high_broken,0,12/22/2021,397.42,383.88,398.48,377.47,12/16/2021,386.84,12/16/2021,22.74%,81.95%
12/17/2021,121509.1441,121509.1441,0,0,,12/16/2021,12/17/2021,2.435,1.335,0.511865018,12/16/2021,threshold,counterfactual_5m,,,,,FORCE_SELL,0.3,0.345,sell,sell_high_held,1,12/23/2021,398.48,385.21,398.43,377.47,12/17/2021,384.91,12/17/2021,21.51%,81.04%
12/20/2021,122659.2744,122659.2744,0,0,,12/17/2021,12/20/2021,2.435,1.335,0.316589761,12/17/2021,threshold,counterfactual_5m,,,,,FREE,0.3,0.345,sell,sell_high_broken,0,12/27/2021,389.19,381.77,403.48,377.47,12/20/2021,380.69,12/20/2021,22.66%,79.06%
12/21/2021,122659.2744,122659.2744,0,0,,12/20/2021,12/21/2021,2.435,1.335,0.148951751,12/20/2021,threshold,counterfactual_5m,,,,,FORCE_BUY,0.3,0.345,sell,sell_high_broken,0,12/28/2021,381.5,377.47,404.58,380.2,12/21/2021,389.21,12/21/2021,22.66%,83.06%
12/22/2021,122659.2744,122659.2744,0,0,,12/21/2021,12/22/2021,2.435,1.335,0.200881211,12/21/2021,threshold,counterfactual_5m,,,,,FORCE_BUY,0.3,0.345,sell,sell_high_broken,0,12/29/2021,389.53,380.2,404.58,388.23,12/22/2021,393.95,12/22/2021,22.66%,85.29%
12/23/2021,122659.2744,122659.2744,0,0,,12/22/2021,12/23/2021,2.435,1.335,0.18169925,12/22/2021,threshold,counterfactual_5m,,,,,FORCE_BUY,0.3,0.345,sell,sell_high_broken,0,12/30/2021,394.16,388.23,404.58,394.14,12/23/2021,396.92,12/23/2021,22.66%,86.69%
12/27/2021,122659.2744,122659.2744,0,0,,12/23/2021,12/27/2021,2.435,1.335,0.251636133,12/23/2021,threshold,counterfactual_5m,,,,,FORCE_BUY,0.3,0.345,sell,sell_high_broken,0,12/31/2021,398.43,394.14,404.58,397.34,12/27/2021,403.48,12/27/2021,22.66%,89.77%
12/28/2021,122659.2744,122659.2744,0,0,,12/27/2021,12/28/2021,2.435,1.335,0.180742225,12/27/2021,threshold,counterfactual_5m,,,,,FORCE_BUY,0.3,0.345,sell,sell_high_broken,0,1/3/2022,403.48,398.22,404.58,396.88,12/28/2021,401.61,12/28/2021,22.66%,88.90%
12/29/2021,122659.2744,122659.2744,0,0,,12/28/2021,12/29/2021,0.785,1.645,0.401559201,12/28/2021,threshold,counterfactual_5m,,,,,FORCE_SELL,0.3,0.345,sell,sell_high_held,1,1/4/2022,404.58,400.71,403.57,393.29,12/29/2021,401.55,12/29/2021,22.66%,88.87%
12/30/2021,121610.7482,0,1,304.8041209,402.42,12/29/2021,12/30/2021,0.8,1.485,0.281181257,12/29/2021,threshold,counterfactual_5m,,,,,FORCE_BUY,0.3,0.345,sell,sell_high_broken,0,1/5/2022,403.05,399.11,403.57,384.03,12/30/2021,400.35,12/30/2021,21.61%,88.30%
12/31/2021,121982.6092,121982.6092,0,0,,12/30/2021,12/31/2021,1.52,2.11,0.412810978,12/30/2021,threshold,counterfactual_5m,,,,,FORCE_SELL,0.3,0.345,sell,sell_high_held,1,1/6/2022,403.57,399.75,402.28,380.13,12/31/2021,397.85,12/31/2021,21.98%,87.13%
1/3/2022,121982.6092,121982.6092,0,0,,12/31/2021,1/3/2022,1.52,2.11,0.407291993,12/31/2021,threshold,counterfactual_5m,,,,,FORCE_SELL,0.3,0.345,sell,sell_high_broken,0,1/7/2022,401.06,397.34,402.28,378.04,1/3/2022,401.68,1/3/2022,21.98%,88.93%
1/4/2022,121982.6092,121982.6092,0,0,,1/3/2022,1/4/2022,1.52,2.11,0.205179011,1/3/2022,threshold,counterfactual_5m,,,,,FORCE_BUY,0.3,0.345,sell,sell_high_broken,0,1/10/2022,401.94,396.88,402.28,369.31,1/4/2022,396.47,1/4/2022,21.98%,86.48%
1/5/2022,121982.6092,121982.6092,0,0,,1/4/2022,1/5/2022,2.5,-0.5,0.45974609,1/4/2022,threshold,counterfactual_5m,,,,,FORCE_SELL,0.3,0.345,sell,sell_high_held,1,1/11/2022,402.28,393.29,395.89,369.31,1/5/2022,384.29,1/5/2022,21.98%,80.75%
1/6/2022,121982.6092,121982.6092,0,0,,1/5/2022,1/6/2022,2.49,-0.5,0.642472559,1/5/2022,threshold,counterfactual_5m,,,,,FORCE_SELL,0.3,0.345,sell,sell_high_held,1,1/12/2022,395.89,384.03,390.2,369.31,1/6/2022,384.02,1/6/2022,21.98%,80.62%
1/7/2022,121902.1589,0,1,321.0317046,380.15,1/6/2022,1/7/2022,-0.5,-0.5,0.323658646,1/6/2022,threshold,counterfactual_5m,,,,,FREE,0.3,0.345,sell,sell_high_broken,0,1/13/2022,387.35,380.13,390.2,369.31,1/7/2022,379.86,1/7/2022,21.90%,78.67%
1/10/2022,120633.7626,120633.7626,0,0,,1/7/2022,1/10/2022,-0.5,1.975,0.412677483,1/7/2022,threshold,counterfactual_5m,,,,,FORCE_SELL,0.3,0.345,sell,sell_high_broken,0,1/14/2022,385.76,378.04,390.2,369.31,1/10/2022,380.11,1/10/2022,20.63%,78.78%
1/11/2022,120633.7626,120633.7626,0,0,,1/10/2022,1/11/2022,-0.5,2.49,0.511551968,1/10/2022,threshold,counterfactual_5m,,,,,FORCE_SELL,0.3,0.345,buy,buy_low_held,1,1/18/2022,380.64,369.31,390.2,369.77,1/11/2022,385.82,1/11/2022,20.63%,81.47%
1/12/2022,120633.7626,120633.7626,0,0,,1/11/2022,1/12/2022,-0.5,2.485,0.520652528,1/11/2022,threshold,counterfactual_5m,,,,,FORCE_SELL,0.3,0.345,buy,buy_low_broken,0,1/19/2022,385.99,377.22,390.2,366.21,1/12/2022,387.35,1/12/2022,20.63%,82.19%
1/13/2022,120633.7626,120633.7626,0,0,,1/12/2022,1/13/2022,2.14,1.79,0.612877819,1/12/2022,threshold,counterfactual_5m,,,,,FORCE_SELL,0.3,0.345,buy,buy_low_broken,0,1/20/2022,390.2,385.01,389.47,361.17,1/13/2022,377.66,1/13/2022,20.63%,77.63%
1/14/2022,120633.7626,120633.7626,0,0,,1/13/2022,1/14/2022,-0.5,1.87,0.799733548,1/13/2022,threshold,counterfactual_5m,,,,,FORCE_SELL,0.3,0.345,buy,buy_low_broken,0,1/21/2022,389.47,376.7,380.35,351.4,1/14/2022,380.01,1/14/2022,20.63%,78.74%
1/18/2022,120633.7626,120633.7626,0,0,,1/14/2022,1/18/2022,2.485,1.955,0.392797709,1/14/2022,threshold,counterfactual_5m,,,,,FORCE_SELL,0.35,0.37,buy,buy_low_broken,0,1/24/2022,380.35,374.86,376.22,334.15,1/18/2022,370.55,1/18/2022,20.63%,74.29%
1/19/2022,120633.7626,120633.7626,0,0,,1/18/2022,1/19/2022,2.24,1.99,0.629883432,1/18/2022,threshold,counterfactual_5m,,,,,FORCE_SELL,0.28,0.32,buy,buy_low_broken,0,1/25/2022,376.22,369.77,374.69,334.15,1/19/2022,366.48,1/19/2022,20.63%,72.37%
1/20/2022,120633.7626,120633.7626,0,0,,1/19/2022,1/20/2022,2.295,2.465,0.72417542,1/19/2022,threshold,counterfactual_5m,,,,,FORCE_SELL,0.28,0.32,buy,buy_low_broken,0,1/26/2022,374.69,366.21,373.87,334.15,1/20/2022,361.72,1/20/2022,20.63%,70.13%
1/21/2022,120633.7626,120633.7626,0,0,,1/20/2022,1/21/2022,-0.5,2.345,0.768840353,1/20/2022,threshold,counterfactual_5m,,,,,FORCE_SELL,0.28,0.32,buy,buy_low_broken,0,1/27/2022,373.87,361.17,362.18,334.15,1/21/2022,351.69,1/21/2022,20.63%,65.42%
1/24/2022,120633.7626,120633.7626,0,0,,1/21/2022,1/24/2022,-0.5,-0.5,0.714886808,1/21/2022,threshold,counterfactual_5m,,,,,FORCE_SELL,0.28,0.32,buy,buy_low_broken,0,1/28/2022,362.18,351.4,356.88,334.15,1/24/2022,353.3,1/24/2022,20.63%,66.17%
1/25/2022,120633.7626,120633.7626,0,0,,1/24/2022,1/25/2022,-0.5,-0.5,0.541577829,1/24/2022,threshold,counterfactual_5m,,,,,FORCE_SELL,0.28,0.32,buy,buy_low_held,1,1/31/2022,353.98,334.15,363.65,337.95,1/25/2022,345.11,1/25/2022,20.63%,62.32%
1/26/2022,120633.7626,120633.7626,0,0,,1/25/2022,1/26/2022,-0.5,-0.5,0.398691727,1/25/2022,threshold,counterfactual_5m,,,,,FORCE_SELL,0.28,0.32,buy,buy_low_broken,0,2/1/2022,351.03,341.68,366.19,337.95,1/26/2022,344.57,1/26/2022,20.63%,62.07%
1/27/2022,120633.7626,120633.7626,0,0,,1/26/2022,1/27/2022,-0.5,-0.5,0.636877097,1/26/2022,threshold,counterfactual_5m,,,,,FORCE_SELL,0.28,0.32,buy,buy_low_broken,0,2/2/2022,356.88,340.78,370.1,337.95,1/27/2022,341.1,1/27/2022,20.63%,60.43%
1/28/2022,120633.7626,120633.7626,0,0,,1/27/2022,1/28/2022,-0.5,-0.5,0.549669615,1/27/2022,threshold,counterfactual_5m,,,,,FORCE_SELL,0.28,0.32,buy,buy_low_broken,0,2/3/2022,351.27,340.05,370.1,337.95,1/28/2022,351.8,1/28/2022,20.63%,65.47%
1/31/2022,120633.7626,120633.7626,0,0,,1/28/2022,1/31/2022,-0.5,-0.5,0.348953503,1/28/2022,threshold,counterfactual_5m,,,,,FORCE_SELL,0.28,0.32,buy,buy_low_held,1,2/4/2022,352.02,337.95,370.1,351.52,1/31/2022,363.05,1/31/2022,20.63%,70.76%
2/1/2022,120633.7626,120633.7626,0,0,,1/31/2022,2/1/2022,-0.5,-0.5,0.399402875,1/31/2022,threshold,counterfactual_5m,,,,,FORCE_SELL,0.28,0.32,buy,buy_low_held,1,2/7/2022,363.65,351.52,370.1,351.97,2/1/2022,365.52,2/1/2022,20.63%,71.92%
2/2/2022,120633.7626,120633.7626,0,0,,2/1/2022,2/2/2022,-0.5,-0.5,0.350296283,2/1/2022,threshold,counterfactual_5m,,,,,FORCE_SELL,0.28,0.32,buy,buy_low_broken,0,2/8/2022,366.19,359.14,370.1,351.97,2/2/2022,368.49,2/2/2022,20.63%,73.32%
2/3/2022,120633.7626,120633.7626,0,0,,2/2/2022,2/3/2022,-0.5,-0.5,0.442841574,2/2/2022,threshold,counterfactual_5m,,,,,FORCE_SELL,0.28,0.32,buy,buy_low_broken,0,2/9/2022,370.1,364.29,366.81,351.97,2/3/2022,353.55,2/3/2022,20.63%,66.29%
2/4/2022,120633.7626,120633.7626,0,0,,2/3/2022,2/4/2022,-0.5,-0.5,0.611575936,2/3/2022,threshold,counterfactual_5m,,,,,FORCE_SELL,0.28,0.32,buy,buy_low_broken,0,2/10/2022,361.93,352.46,366.81,351.97,2/4/2022,358.01,2/4/2022,20.63%,68.39%
2/7/2022,120633.7626,120633.7626,0,0,,2/4/2022,2/7/2022,2.5,-0.5,0.47224425,2/4/2022,threshold,counterfactual_5m,,,,,FORCE_SELL,0.28,0.32,buy,buy_low_broken,0,2/11/2022,361.4,351.97,366.81,345.8,2/7/2022,355.13,2/7/2022,20.63%,67.03%
2/8/2022,120633.7626,120633.7626,0,0,,2/7/2022,2/8/2022,2.06,-0.5,0.570772583,2/7/2022,threshold,counterfactual_5m,,,,,FORCE_SELL,0.28,0.32,buy,buy_low_broken,0,2/14/2022,361.05,353.84,366.81,343.89,2/8/2022,359.12,2/8/2022,20.63%,68.91%
2/9/2022,120633.7626,120633.7626,0,0,,2/8/2022,2/9/2022,-0.5,2.465,0.353784407,2/8/2022,threshold,counterfactual_5m,,,,,FORCE_SELL,0.28,0.32,buy,buy_low_broken,0,2/15/2022,360.24,352.8,366.81,343.89,2/9/2022,366.73,2/9/2022,20.63%,72.49%
2/10/2022,120633.7626,120633.7626,0,0,,2/9/2022,2/10/2022,2.09,2.16,0.333774232,2/9/2022,threshold,counterfactual_5m,,,,,FORCE_SELL,0.28,0.32,buy,buy_low_broken,0,2/16/2022,366.81,362.12,366.49,343.89,2/10/2022,358.43,2/10/2022,20.63%,68.59%
2/11/2022,120633.7626,120633.7626,0,0,,2/10/2022,2/11/2022,2.48,2.485,0.652985475,2/10/2022,threshold,counterfactual_5m,,,,,FORCE_SELL,0.28,0.32,buy,buy_low_broken,0,2/17/2022,366.49,356.54,360.07,343.89,2/11/2022,347.06,2/11/2022,20.63%,63.24%
2/14/2022,120633.7626,120633.7626,0,0,,2/11/2022,2/14/2022,2.48,2.485,0.727427287,2/11/2022,threshold,counterfactual_5m,,,,,FORCE_SELL,0.28,0.32,buy,buy_low_broken,0,2/18/2022,360.07,345.8,357.09,339.14,2/14/2022,347.49,2/14/2022,20.63%,63.44%
2/15/2022,120633.7626,120633.7626,0,0,,2/14/2022,2/15/2022,-0.5,2.395,0.41815756,2/14/2022,threshold,counterfactual_5m,,,,,FORCE_SELL,0.28,0.32,buy,buy_low_broken,0,2/22/2022,350.98,343.89,357.09,334.35,2/15/2022,356.13,2/15/2022,20.63%,67.50%
2/16/2022,120633.7626,120633.7626,0,0,,2/15/2022,2/16/2022,-0.5,2.425,0.380476815,2/15/2022,threshold,counterfactual_5m,,,,,FORCE_SELL,0.28,0.32,buy,buy_low_broken,0,2/23/2022,356.37,351.82,357.09,329.1,2/16/2022,356.04,2/16/2022,20.63%,67.46%
2/17/2022,120633.7626,120633.7626,0,0,,2/16/2022,2/17/2022,-0.5,-0.5,0.391988952,2/16/2022,threshold,counterfactual_5m,,,,,FORCE_SELL,0.28,0.32,buy,buy_low_broken,0,2/24/2022,357.09,350.71,353.46,318.26,2/17/2022,345.45,2/17/2022,20.63%,62.48%
2/18/2022,120633.7626,120633.7626,0,0,,2/17/2022,2/18/2022,-0.5,-0.5,0.645755901,2/17/2022,threshold,counterfactual_5m,,,,,FORCE_SELL,0.28,0.32,buy,buy_low_broken,0,2/25/2022,353.46,345.02,346.81,318.26,2/18/2022,341.51,2/18/2022,20.63%,60.63%
2/22/2022,120633.7626,120633.7626,0,0,,2/18/2022,2/22/2022,-0.5,-0.5,0.540703455,2/18/2022,threshold,counterfactual_5m,,,,,FORCE_SELL,0.28,0.32,buy,buy_low_broken,0,2/28/2022,346.81,339.14,348.54,318.26,2/22/2022,338.08,2/22/2022,20.63%,59.01%
2/23/2022,120633.7626,120633.7626,0,0,,2/22/2022,2/23/2022,-0.5,2.355,0.45384733,2/22/2022,threshold,counterfactual_5m,,,,,FORCE_SELL,0.28,0.32,buy,buy_low_broken,0,3/1/2022,344.04,334.35,348.54,318.26,2/23/2022,329.42,2/23/2022,20.63%,54.94%
2/24/2022,120633.7626,120633.7626,0,0,,2/23/2022,2/24/2022,-0.5,2.355,0.665074845,2/23/2022,threshold,counterfactual_5m,,,,,FORCE_SELL,0.28,0.32,buy,buy_low_broken,0,3/2/2022,342.18,329.1,348.59,318.26,2/24/2022,340.49,2/24/2022,20.63%,60.15%
2/25/2022,120633.7626,120633.7626,0,0,,2/24/2022,2/25/2022,-0.5,-0.5,0.357703196,2/24/2022,threshold,counterfactual_5m,,,,,FORCE_SELL,0.28,0.32,buy,buy_low_held,1,3/3/2022,341.04,318.26,350.04,337.39,2/25/2022,345.77,2/25/2022,20.63%,62.63%
2/28/2022,121990.2289,0,1,352.0641528,347.2,2/25/2022,2/28/2022,1.81,2.315,0.315046847,2/25/2022,threshold,counterfactual_5m,,,,,FREE,0.28,0.32,buy,buy_low_broken,0,3/4/2022,345.98,337.39,350.04,334.92,2/28/2022,346.8,2/28/2022,21.99%,63.12%
3/1/2022,121462.1327,121462.1327,0,0,,2/28/2022,3/1/2022,1.81,2.425,0.327302053,2/28/2022,threshold,counterfactual_5m,,,,,FORCE_SELL,0.28,0.32,buy,buy_low_broken,0,3/7/2022,348.54,341.32,350.04,324.65,3/1/2022,341.49,3/1/2022,21.46%,60.62%
3/2/2022,121462.1327,121462.1327,0,0,,3/1/2022,3/2/2022,2.08,2.065,0.559109313,3/1/2022,threshold,counterfactual_5m,,,,,FORCE_SELL,0.28,0.33,buy,buy_low_broken,0,3/8/2022,348.08,338.9,350.04,319.94,3/2/2022,347.22,3/2/2022,21.46%,63.31%
3/3/2022,121462.1327,121462.1327,0,0,,3/2/2022,3/3/2022,-0.5,2.4,0.332469455,3/2/2022,threshold,counterfactual_5m,,,,,FORCE_SELL,0.28,0.33,buy,buy_low_broken,0,3/9/2022,348.59,340.24,350.04,319.94,3/3/2022,342.26,3/3/2022,21.46%,60.98%
3/4/2022,121462.1327,121462.1327,0,0,,3/3/2022,3/4/2022,-0.5,2.47,0.56842481,3/3/2022,threshold,counterfactual_5m,,,,,FORCE_SELL,0.28,0.33,buy,buy_low_broken,0,3/10/2022,350.04,340.35,341.31,319.94,3/4/2022,337.3,3/4/2022,21.46%,58.65%
3/7/2022,121462.1327,121462.1327,0,0,,3/4/2022,3/7/2022,-0.5,-0.5,0.384141977,3/4/2022,threshold,counterfactual_5m,,,,,FORCE_SELL,0.28,0.33,buy,buy_low_broken,0,3/11/2022,341.31,334.92,338.48,319.94,3/7/2022,324.86,3/7/2022,21.46%,52.80%
3/8/2022,121462.1327,121462.1327,0,0,,3/7/2022,3/8/2022,2.44,1.32,0.582034139,3/7/2022,threshold,counterfactual_5m,,,,,FORCE_SELL,0.28,0.33,buy,buy_low_broken,0,3/14/2022,338.48,324.65,336.38,317.45,3/8/2022,323.35,3/8/2022,21.46%,52.09%
3/9/2022,121462.1327,121462.1327,0,0,,3/8/2022,3/9/2022,-0.5,1.365,0.478985349,3/8/2022,threshold,counterfactual_5m,,,,,FORCE_SELL,0.28,0.33,buy,buy_low_broken,0,3/15/2022,333.21,319.94,336.38,317.45,3/9/2022,334.99,3/9/2022,21.46%,57.56%
3/10/2022,122461.9125,0,1,370.2888016,328.02,3/9/2022,3/10/2022,-0.5,-0.5,0.24351944,3/9/2022,threshold,counterfactual_5m,,,,,FORCE_BUY,0.28,0.33,buy,buy_low_broken,0,3/16/2022,336.38,329.09,340.44,317.45,3/10/2022,331.27,3/10/2022,22.46%,55.81%
3/11/2022,119973.5717,0,1,370.2888016,328.02,3/10/2022,3/11/2022,-0.5,2.32,0.196064716,3/10/2022,threshold,counterfactual_5m,,,,,FORCE_BUY,0.28,0.33,buy,buy_low_broken,0,3/17/2022,332.51,326.71,344.5,317.45,3/11/2022,324.4,3/11/2022,19.97%,52.58%
3/14/2022,118355.4097,0,1,370.2888016,328.02,3/11/2022,3/14/2022,-0.5,2.195,0.4645661,3/11/2022,threshold,counterfactual_5m,,,,,FORCE_SELL,0.28,0.32,buy,buy_low_broken,0,3/18/2022,334.64,323.9,351.79,317.45,3/14/2022,318.17,3/14/2022,18.36%,49.65%
3/15/2022,118899.7342,118899.7342,0,0,,3/14/2022,3/15/2022,-0.5,2.035,0.406595785,3/14/2022,threshold,counterfactual_5m,,,,,FORCE_SELL,0.28,0.32,buy,buy_low_held,1,3/21/2022,326.59,317.45,352.48,319.23,3/15/2022,328.15,3/15/2022,18.90%,54.34%
3/16/2022,121731.3858,0,1,357.0358874,333.019,3/15/2022,3/16/2022,2.395,-0.5,0.306465124,3/15/2022,threshold,counterfactual_5m,,,,,FREE,0.28,0.32,buy,buy_low_held,1,3/22/2022,328.95,319.23,357.85,328.4,3/16/2022,340.32,3/16/2022,21.73%,60.07%
3/17/2022,120910.2033,120910.2033,0,0,,3/16/2022,3/17/2022,2.06,-0.5,0.419039877,3/16/2022,threshold,counterfactual_5m,,,,,FORCE_SELL,0.28,0.32,buy,buy_low_held,1,3/23/2022,340.44,328.4,357.85,337.04,3/17/2022,344.44,3/17/2022,20.91%,62.01%
3/18/2022,121571.5612,121571.5612,0,0,,3/17/2022,3/18/2022,2.005,-0.5,0.328959657,3/17/2022,threshold,counterfactual_5m,,,,,FREE,0.28,0.33,buy,buy_low_held,1,3/24/2022,344.5,337.04,359.7,341.55,3/18/2022,351.49,3/18/2022,21.57%,65.32%
3/21/2022,121571.5612,121571.5612,0,0,,3/18/2022,3/21/2022,2.46,-0.5,0.35959567,3/18/2022,threshold,counterfactual_5m,,,,,FORCE_SELL,0.28,0.33,buy,buy_low_held,1,3/25/2022,351.79,341.55,360.67,345.58,3/21/2022,350.08,3/21/2022,21.57%,64.66%
3/22/2022,121571.5612,121571.5612,0,0,,3/21/2022,3/22/2022,1.845,-0.5,0.348237127,3/21/2022,threshold,counterfactual_5m,,,,,FORCE_SELL,0.28,0.33,buy,buy_low_held,1,3/28/2022,352.48,345.58,365.01,350.2,3/22/2022,356.96,3/22/2022,21.57%,67.89%
3/23/2022,121725.1682,0,1,345.3000345,352.25,3/22/2022,3/23/2022,1.83,-0.5,0.323420967,3/22/2022,threshold,counterfactual_5m,,,,,FREE,0.28,0.33,buy,buy_low_held,1,3/29/2022,357.85,350.2,371.83,351.59,3/23/2022,351.83,3/23/2022,21.73%,65.48%
3/24/2022,122236.2122,122236.2122,0,0,,3/23/2022,3/24/2022,1.865,-0.5,0.547268661,3/23/2022,threshold,counterfactual_5m,,,,,FORCE_SELL,0.28,0.33,buy,buy_low_broken,0,3/30/2022,357.66,351.77,371.83,351.59,3/24/2022,359.65,3/24/2022,22.24%,69.16%
3/25/2022,123205.5143,123205.5143,0,0,,3/24/2022,3/25/2022,1.82,-0.5,0.305184283,3/24/2022,threshold,counterfactual_5m,,,,,FREE,0.28,0.33,buy,buy_low_held,1,3/31/2022,359.7,351.59,371.83,354.94,3/25/2022,359.35,3/25/2022,23.21%,69.02%
3/28/2022,123205.5143,123205.5143,0,0,,3/25/2022,3/28/2022,-0.5,-0.5,0.348415739,3/25/2022,threshold,counterfactual_5m,,,,,FORCE_SELL,0.28,0.33,buy,buy_low_held,1,4/1/2022,360.67,354.94,371.83,358.07,3/28/2022,364.91,3/28/2022,23.21%,71.63%
3/29/2022,123205.5143,123205.5143,0,0,,3/28/2022,3/29/2022,-0.5,-0.5,0.345570711,3/28/2022,threshold,counterfactual_5m,,,,,FORCE_SELL,0.28,0.33,buy,buy_low_held,1,4/4/2022,365.01,358.07,371.83,358.59,3/29/2022,371.19,3/29/2022,23.21%,74.59%
3/30/2022,123205.5143,123205.5143,0,0,,3/29/2022,3/30/2022,2.06,-0.5,0.394183087,3/29/2022,threshold,counterfactual_5m,,,,,FORCE_SELL,0.28,0.33,buy,buy_low_broken,0,4/5/2022,371.83,366.06,370.98,358.59,3/30/2022,367.09,3/30/2022,23.21%,72.66%
3/31/2022,123205.5143,123205.5143,0,0,,3/30/2022,3/31/2022,2.38,1.99,0.553491509,3/30/2022,threshold,counterfactual_5m,,,,,FORCE_SELL,0.28,0.33,buy,buy_low_broken,0,4/6/2022,370.98,365.57,369.31,350.56,3/31/2022,362.54,3/31/2022,23.21%,70.52%
4/1/2022,123205.5143,123205.5143,0,0,,3/31/2022,4/1/2022,2.255,1.91,0.59969163,3/31/2022,threshold,counterfactual_5m,,,,,FORCE_SELL,0.28,0.33,buy,buy_low_broken,0,4/7/2022,367.6,361.68,369.31,348.69,4/1/2022,361.85,4/1/2022,23.21%,70.19%
4/4/2022,123205.5143,123205.5143,0,0,,4/1/2022,4/4/2022,2.255,1.91,0.374036711,4/1/2022,threshold,counterfactual_5m,,,,,FORCE_SELL,0.28,0.33,buy,buy_low_broken,0,4/8/2022,363.61,358.59,369.31,348.5,4/4/2022,369.3,4/4/2022,23.21%,73.70%
4/5/2022,122389.225,122389.225,0,0,,4/4/2022,4/5/2022,2.295,-0.5,0.309387766,4/4/2022,threshold,counterfactual_5m,,,,,FREE,0.28,0.33,buy,buy_low_broken,0,4/11/2022,369.31,362.44,368.54,340.54,4/5/2022,361.1,4/5/2022,22.39%,69.84%
4/6/2022,122389.225,122389.225,0,0,,4/5/2022,4/6/2022,2.295,-0.5,0.626439986,4/5/2022,threshold,counterfactual_5m,,,,,FORCE_SELL,0.28,0.33,buy,buy_low_broken,0,4/12/2022,368.54,359.93,356.78,338.04,4/6/2022,353.26,4/6/2022,22.39%,66.15%
4/7/2022,122389.225,122389.225,0,0,,4/6/2022,4/7/2022,1.46,2.435,0.439429642,4/6/2022,threshold,counterfactual_5m,,,,,FORCE_SELL,0.28,0.33,buy,buy_low_broken,0,4/13/2022,356.78,350.56,356.35,338.04,4/7/2022,354.1,4/7/2022,22.39%,66.55%
4/8/2022,122389.225,122389.225,0,0,,4/7/2022,4/8/2022,2.275,2.435,0.356813271,4/7/2022,threshold,counterfactual_5m,,,,,FORCE_SELL,0.28,0.33,buy,buy_low_broken,0,4/14/2022,356.35,348.69,353.09,338.04,4/8/2022,349.15,4/8/2022,22.39%,64.22%
4/11/2022,122389.225,122389.225,0,0,,4/8/2022,4/11/2022,2.475,-0.5,0.43073542,4/8/2022,threshold,counterfactual_5m,,,,,FORCE_SELL,0.28,0.33,buy,buy_low_broken,0,4/18/2022,353.09,348.5,347.69,335.79,4/11/2022,340.89,4/11/2022,22.39%,60.34%
4/12/2022,122389.225,122389.225,0,0,,4/11/2022,4/12/2022,2.49,-0.5,0.384605944,4/11/2022,threshold,counterfactual_5m,,,,,FORCE_SELL,0.28,0.33,buy,buy_low_broken,0,4/19/2022,345.75,340.54,347.69,335.79,4/12/2022,339.45,4/12/2022,22.39%,59.66%
4/13/2022,122389.225,122389.225,0,0,,4/12/2022,4/13/2022,2.165,-0.5,0.442332223,4/12/2022,threshold,counterfactual_5m,,,,,FORCE_SELL,0.28,0.33,buy,buy_low_broken,0,4/20/2022,347.69,338.04,347.56,335.79,4/13/2022,346.35,4/13/2022,22.39%,62.90%
4/14/2022,122389.225,122389.225,0,0,,4/13/2022,4/14/2022,2.275,-0.5,0.369725189,4/13/2022,threshold,counterfactual_5m,,,,,FORCE_SELL,0.28,0.33,buy,buy_low_broken,0,4/21/2022,347.43,339.06,347.87,333.2,4/14/2022,338.43,4/14/2022,22.39%,59.18%
4/18/2022,122389.225,122389.225,0,0,,4/14/2022,4/18/2022,2.205,-0.5,0.533047864,4/14/2022,threshold,counterfactual_5m,,,,,FORCE_SELL,0.28,0.33,buy,buy_low_broken,0,4/22/2022,346.97,338.21,347.87,324.96,4/18/2022,338.69,4/18/2022,22.39%,59.30%
4/19/2022,122881.488,122881.488,0,0,,4/18/2022,4/19/2022,2.08,-0.5,0.29927492,4/18/2022,threshold,counterfactual_5m,,,,,FREE,0.28,0.33,buy,buy_low_broken,0,4/25/2022,341.04,335.79,347.87,322.43,4/19/2022,346.26,4/19/2022,22.88%,62.86%
4/20/2022,122881.488,122881.488,0,0,,4/19/2022,4/20/2022,-0.5,-0.5,0.369141916,4/19/2022,threshold,counterfactual_5m,,,,,FORCE_SELL,0.28,0.33,buy,buy_low_broken,0,4/26/2022,346.85,336.98,347.87,316.86,4/20/2022,341.21,4/20/2022,22.88%,60.49%
4/21/2022,122881.488,122881.488,0,0,,4/20/2022,4/21/2022,2.43,-0.5,0.487206654,4/20/2022,threshold,counterfactual_5m,,,,,FORCE_SELL,0.28,0.33,buy,buy_low_broken,0,4/27/2022,347.56,339.96,347.87,315,4/21/2022,334.15,4/21/2022,22.88%,57.17%
4/22/2022,122881.488,122881.488,0,0,,4/21/2022,4/22/2022,2.43,-0.5,0.589585283,4/21/2022,threshold,counterfactual_5m,,,,,FORCE_SELL,0.28,0.33,buy,buy_low_broken,0,4/28/2022,347.87,333.2,335.56,315,4/22/2022,325.4,4/22/2022,22.88%,53.05%
4/25/2022,122881.488,122881.488,0,0,,4/22/2022,4/25/2022,-0.5,-0.5,0.569199126,4/22/2022,threshold,counterfactual_5m,,,,,FORCE_SELL,0.28,0.33,buy,buy_low_broken,0,4/29/2022,335.56,324.96,329.9,312.6,4/25/2022,329.58,4/25/2022,22.88%,55.02%
4/26/2022,120312.9871,0,1,379.9557465,323.41,4/25/2022,4/26/2022,-0.5,2.31,0.238125545,4/25/2022,threshold,counterfactual_5m,,,,,FORCE_BUY,0.28,0.33,buy,buy_low_broken,0,5/2/2022,329.9,322.43,329.89,309.65,4/26/2022,317.14,4/26/2022,20.31%,49.17%
4/27/2022,121361.665,121361.665,0,0,,4/26/2022,4/27/2022,-0.5,2.2,0.580831087,4/26/2022,threshold,counterfactual_5m,,,,,FORCE_SELL,0.28,0.33,buy,buy_low_broken,0,5/3/2022,327.66,316.86,329.89,309.65,4/27/2022,316.76,4/27/2022,21.36%,48.99%
4/28/2022,121361.665,121361.665,0,0,,4/27/2022,4/28/2022,-0.5,-0.5,0.444063066,4/27/2022,threshold,counterfactual_5m,,,,,FORCE_SELL,0.28,0.33,buy,buy_low_broken,0,5/4/2022,322.88,315,330.29,309.65,4/28/2022,328.01,4/28/2022,21.36%,54.28%
4/29/2022,121361.665,121361.665,0,0,,4/28/2022,4/29/2022,-0.5,-0.5,0.517431004,4/28/2022,threshold,counterfactual_5m,,,,,FORCE_SELL,0.28,0.33,buy,buy_low_broken,0,5/5/2022,329.89,317.52,330.29,309.62,4/29/2022,313.25,4/29/2022,21.36%,47.34%
5/2/2022,121361.665,121361.665,0,0,,4/29/2022,5/2/2022,-0.5,2.32,0.599730019,4/29/2022,threshold,counterfactual_5m,,,,,FORCE_SELL,0.28,0.33,buy,buy_low_broken,0,5/6/2022,327.23,312.6,330.29,305.11,5/2/2022,318.48,5/2/2022,21.36%,49.80%
5/3/2022,121700.6322,0,1,380.8619646,318.65,5/2/2022,5/3/2022,2.485,2.32,0.24900714,5/2/2022,threshold,counterfactual_5m,,,,,FORCE_BUY,0.28,0.33,buy,buy_low_broken,0,5/9/2022,318.72,309.65,330.29,295.72,5/3/2022,318.82,5/3/2022,21.70%,49.96%
5/4/2022,126186.2719,126186.2719,0,0,,5/3/2022,5/4/2022,2.5,2.29,0.295755256,5/3/2022,threshold,counterfactual_5m,,,,,FREE,0.28,0.33,buy,buy_low_broken,0,5/10/2022,321.17,315.98,330.29,295.72,5/4/2022,329.6,5/4/2022,26.19%,55.03%
5/5/2022,126186.2719,126186.2719,0,0,,5/4/2022,5/5/2022,-0.5,2.295,0.431256683,5/4/2022,threshold,counterfactual_5m,,,,,FORCE_SELL,0.28,0.33,buy,buy_low_broken,0,5/11/2022,330.29,313.89,325.25,290.95,5/5/2022,313,5/5/2022,26.19%,47.22%
5/6/2022,126186.2719,126186.2719,0,0,,5/5/2022,5/6/2022,-0.5,-0.5,0.567383069,5/5/2022,threshold,counterfactual_5m,,,,,FORCE_SELL,0.28,0.33,buy,buy_low_broken,0,5/12/2022,325.25,309.62,315.09,284.94,5/6/2022,309.25,5/6/2022,26.19%,45.45%
5/9/2022,126186.2719,126186.2719,0,0,,5/6/2022,5/9/2022,-0.5,-0.5,0.377683613,5/6/2022,threshold,counterfactual_5m,,,,,FORCE_SELL,0.28,0.33,buy,buy_low_broken,0,5/13/2022,315.09,305.11,309.35,284.94,5/9/2022,297.15,5/9/2022,26.19%,39.76%
5/10/2022,126186.2719,126186.2719,0,0,,5/9/2022,5/10/2022,-0.5,2.28,0.442684079,5/9/2022,threshold,counterfactual_5m,,,,,FORCE_SELL,0.28,0.33,buy,buy_low_broken,0,5/16/2022,309.35,295.72,305.76,284.94,5/10/2022,300.76,5/10/2022,26.19%,41.46%
5/11/2022,126186.2719,126186.2719,0,0,,5/10/2022,5/11/2022,-0.5,2.41,0.355176819,5/10/2022,threshold,counterfactual_5m,,,,,FORCE_SELL,0.28,0.33,buy,buy_low_broken,0,5/17/2022,305.76,296.57,306.56,284.94,5/11/2022,291.84,5/11/2022,26.19%,37.27%
5/12/2022,126186.2719,126186.2719,0,0,,5/11/2022,5/12/2022,-0.5,1.44,0.449590317,5/11/2022,threshold,counterfactual_5m,,,,,FORCE_SELL,0.28,0.33,buy,buy_low_broken,0,5/18/2022,304.09,290.95,306.56,284.94,5/12/2022,291.15,5/12/2022,26.19%,36.94%
5/13/2022,129059.3811,0,1,426.9107243,295.58,5/12/2022,5/13/2022,-0.5,2.4,0.270584436,5/12/2022,threshold,counterfactual_5m,,,,,FORCE_BUY,0.28,0.33,buy,buy_low_held,1,5/19/2022,295.75,284.94,306.56,287.58,5/13/2022,301.94,5/13/2022,29.06%,42.02%
5/16/2022,128360.9124,128360.9124,0,0,,5/13/2022,5/16/2022,-0.5,-0.5,0.367894334,5/13/2022,threshold,counterfactual_5m,,,,,FORCE_SELL,0.28,0.33,buy,buy_low_broken,0,5/20/2022,303,294.08,306.56,280.21,5/16/2022,298.44,5/16/2022,28.36%,40.37%
5/17/2022,128360.9124,128360.9124,0,0,,5/16/2022,5/17/2022,-0.5,-0.5,0.394249431,5/16/2022,threshold,counterfactual_5m,,,,,FORCE_SELL,0.28,0.33,buy,buy_low_broken,0,5/23/2022,302.26,297.13,306.56,280.21,5/17/2022,306.17,5/17/2022,28.36%,44.01%
5/18/2022,121980.5229,0,1,423.1027504,303.38,5/17/2022,5/18/2022,-0.5,-0.5,0.304461983,5/17/2022,threshold,counterfactual_5m,,,,,FREE,0.28,0.33,buy,buy_low_broken,0,5/24/2022,306.56,300.55,302.25,280.21,5/18/2022,291.14,5/18/2022,21.98%,36.94%
5/19/2022,124104.4987,124104.4987,0,0,,5/18/2022,5/19/2022,-0.5,-0.5,0.528251901,5/18/2022,threshold,counterfactual_5m,,,,,FORCE_SELL,0.28,0.33,buy,buy_low_broken,0,5/25/2022,302.25,289.85,294.39,280.21,5/19/2022,289.58,5/19/2022,24.10%,36.20%
5/20/2022,121902.2841,0,1,421.8802011,294.17,5/19/2022,5/20/2022,-0.5,-0.5,0.264055481,5/19/2022,threshold,counterfactual_5m,,,,,FORCE_BUY,0.28,0.33,buy,buy_low_broken,0,5/26/2022,294.39,287.58,300.92,280.21,5/20/2022,288.68,5/20/2022,21.90%,35.78%
5/23/2022,122277.7575,0,1,421.8802011,294.17,5/20/2022,5/23/2022,-0.5,-0.5,0.271852192,5/20/2022,threshold,counterfactual_5m,,,,,FORCE_BUY,0.28,0.33,buy,buy_low_held,1,5/27/2022,293.8,280.21,309.25,282.25,5/23/2022,293.48,5/23/2022,22.28%,38.04%
5/24/2022,121948.6909,0,1,421.8802011,294.17,5/23/2022,5/24/2022,-0.5,-0.5,0.160568173,5/23/2022,threshold,counterfactual_5m,,,,,FORCE_BUY,0.28,0.33,buy,buy_low_broken,0,5/31/2022,293.87,287.29,311.33,282.25,5/24/2022,287.24,5/24/2022,21.95%,35.10%
5/25/2022,122311.5079,0,1,421.8802011,294.17,5/24/2022,5/25/2022,-0.5,-0.5,0.145060254,5/24/2022,threshold,counterfactual_5m,,,,,FORCE_BUY,0.28,0.33,buy,buy_low_held,1,6/1/2022,288.86,282.25,312.65,285.5,5/25/2022,291.26,5/25/2022,22.31%,36.99%
5/26/2022,126395.3082,0,1,421.8802011,294.17,5/25/2022,5/26/2022,-0.5,-0.5,0.217658188,5/25/2022,threshold,counterfactual_5m,,,,,FORCE_BUY,0.28,0.33,buy,buy_low_held,1,6/2/2022,293.39,285.5,314.56,290.15,5/26/2022,299.33,5/26/2022,26.40%,40.79%
5/27/2022,130972.7084,0,1,421.8802011,294.17,5/26/2022,5/27/2022,-0.5,-0.5,0.142930848,5/26/2022,threshold,counterfactual_5m,,,,,FORCE_BUY,0.28,0.33,sell,sell_high_broken,0,6/3/2022,300.92,290.15,314.56,302.42,5/27/2022,309.1,5/27/2022,30.97%,45.38%
5/31/2022,130656.2983,0,1,421.8802011,294.17,5/27/2022,5/31/2022,-0.5,2.29,0.116499776,5/27/2022,threshold,counterfactual_5m,,,,,FORCE_BUY,0.28,0.33,sell,sell_high_broken,0,6/6/2022,309.25,302.42,314.56,303.4,5/31/2022,308.28,5/31/2022,30.66%,45.00%
6/1/2022,128669.2425,0,1,421.8802011,294.17,5/31/2022,6/1/2022,2.465,2.25,0.174999195,5/31/2022,threshold,counterfactual_5m,,,,,FORCE_BUY,0.28,0.33,sell,sell_high_broken,0,6/7/2022,311.33,304.33,314.56,302.69,6/1/2022,306,6/1/2022,28.67%,43.93%
6/2/2022,132942.889,0,1,421.8802011,294.17,6/1/2022,6/2/2022,2.41,2.305,0.256956044,6/1/2022,threshold,counterfactual_5m,,,,,FORCE_BUY,0.28,0.33,sell,sell_high_broken,0,6/8/2022,312.65,303.73,314.56,302.69,6/2/2022,314.38,6/2/2022,32.94%,47.87%
6/3/2022,129006.7467,0,1,421.8802011,294.17,6/2/2022,6/3/2022,2.41,2.435,0.141437156,6/2/2022,threshold,counterfactual_5m,,,,,FORCE_BUY,0.28,0.33,sell,sell_high_held,1,6/9/2022,314.56,303.4,312.35,299.23,6/3/2022,306.2,6/3/2022,29.01%,44.02%
6/6/2022,129669.0986,0,1,421.8802011,294.17,6/3/2022,6/6/2022,-0.5,0.93,0.217154392,6/3/2022,threshold,counterfactual_5m,,,,,FORCE_BUY,0.28,0.33,sell,sell_high_broken,0,6/10/2022,310.47,304.92,312.35,288.38,6/6/2022,307.22,6/6/2022,29.67%,44.50%
6/7/2022,130331.4505,0,1,421.8802011,294.17,6/6/2022,6/7/2022,-0.5,0.745,0.212713444,6/6/2022,threshold,counterfactual_5m,,,,,FORCE_BUY,0.28,0.33,sell,sell_high_held,1,6/13/2022,312.35,305.62,311.72,274.53,6/7/2022,309.87,6/7/2022,30.33%,45.75%
6/8/2022,129863.1635,0,1,421.8802011,294.17,6/7/2022,6/8/2022,-0.5,1.91,0.100309723,6/7/2022,threshold,counterfactual_5m,,,,,FORCE_BUY,0.28,0.33,sell,sell_high_broken,0,6/14/2022,310.67,302.69,311.72,273.34,6/8/2022,307.64,6/8/2022,29.86%,44.70%
6/9/2022,126445.9339,0,1,421.8802011,294.17,6/8/2022,6/9/2022,2.435,2.305,0.196347964,6/8/2022,threshold,counterfactual_5m,,,,,FORCE_BUY,0.28,0.33,sell,sell_high_held,1,6/15/2022,311.72,306.77,309.05,273.34,6/9/2022,299.4,6/9/2022,26.45%,40.82%
6/10/2022,121775.72,0,1,421.8802011,294.17,6/9/2022,6/10/2022,2.435,1.965,0.266314259,6/9/2022,threshold,counterfactual_5m,,,,,FORCE_BUY,0.28,0.33,sell,sell_high_held,1,6/16/2022,309.05,299.23,294.87,269.28,6/10/2022,288.84,6/10/2022,21.78%,35.85%
6/13/2022,117615.9813,117615.9813,0,0,,6/10/2022,6/13/2022,-0.5,-0.5,0.469668703,6/10/2022,threshold,counterfactual_5m,,,,,FORCE_SELL,0.28,0.33,buy,buy_low_broken,0,6/17/2022,294.87,288.38,286.83,269.28,6/13/2022,275.41,6/13/2022,17.62%,29.54%
6/14/2022,117615.9813,117615.9813,0,0,,6/13/2022,6/14/2022,-0.5,-0.5,0.386110899,6/13/2022,threshold,counterfactual_5m,,,,,FORCE_SELL,0.28,0.33,buy,buy_low_broken,0,6/21/2022,282.34,274.53,286.83,269.28,6/14/2022,275.91,6/14/2022,17.62%,29.77%
6/15/2022,118891.7874,0,1,416.9301002,282.1,6/14/2022,6/15/2022,-0.5,-0.5,0.263164174,6/14/2022,threshold,counterfactual_5m,,,,,FORCE_BUY,0.28,0.33,buy,buy_low_broken,0,6/22/2022,278.66,273.34,286.83,269.28,6/15/2022,282.8,6/15/2022,18.89%,33.01%
6/16/2022,113154.8292,113154.8292,0,0,,6/15/2022,6/16/2022,-0.5,-0.5,0.466824441,6/15/2022,threshold,counterfactual_5m,,,,,FORCE_SELL,0.28,0.33,buy,buy_low_broken,0,6/23/2022,286.83,276.61,285.72,269.28,6/16/2022,271.39,6/16/2022,13.15%,27.65%
6/17/2022,115899.6222,0,1,421.4531715,274.28,6/16/2022,6/17/2022,-0.5,2.495,0.291569263,6/16/2022,threshold,counterfactual_5m,,,,,FREE,0.28,0.33,buy,buy_low_held,1,6/24/2022,276.06,269.28,295.04,270.51,6/17/2022,274.69,6/17/2022,15.90%,29.20%
6/21/2022,118470.4865,0,1,421.4531715,274.28,6/17/2022,6/21/2022,-0.5,-0.5,0.25251599,6/17/2022,threshold,counterfactual_5m,,,,,FORCE_BUY,0.28,0.33,buy,buy_low_held,1,6/27/2022,277.19,270.51,296.58,277.91,6/21/2022,281.08,6/21/2022,18.47%,32.20%
6/22/2022,116205.5326,0,1,416.6566244,281.07,6/21/2022,6/22/2022,-0.5,-0.5,0.284100308,6/21/2022,threshold,counterfactual_5m,,,,,FREE,0.28,0.33,buy,buy_low_broken,0,6/28/2022,283.45,278.64,296.58,277.91,6/22/2022,280.67,6/22/2022,16.21%,32.01%
6/23/2022,117226.3413,117226.3413,0,0,,6/22/2022,6/23/2022,-0.5,-0.5,0.335923999,6/22/2022,threshold,counterfactual_5m,,,,,FORCE_SELL,0.28,0.33,buy,buy_low_held,1,6/29/2022,285.18,277.91,296.58,280.31,6/23/2022,284.85,6/23/2022,17.23%,33.98%
6/24/2022,117226.3413,117226.3413,0,0,,6/23/2022,6/24/2022,-0.5,-0.5,0.213045428,6/23/2022,threshold,counterfactual_5m,,,,,FORCE_BUY,0.28,0.33,buy,buy_low_broken,0,6/30/2022,285.72,280.31,296.58,275.78,6/24/2022,294.61,6/24/2022,17.23%,38.57%
6/27/2022,117057.3826,0,1,399.4450866,293.69,6/24/2022,6/27/2022,2.415,-0.5,0.304642888,6/24/2022,threshold,counterfactual_5m,,,,,FREE,0.28,0.33,buy,buy_low_broken,0,7/1/2022,295.04,287.5,296.58,275.78,6/27/2022,292.45,6/27/2022,17.06%,37.55%
6/28/2022,117940.1563,117940.1563,0,0,,6/27/2022,6/28/2022,2.415,-0.5,0.569669662,6/27/2022,threshold,counterfactual_5m,,,,,FORCE_SELL,0.28,0.33,buy,buy_low_broken,0,7/5/2022,296.58,291.29,295.65,275.78,6/28/2022,283.54,6/28/2022,17.94%,33.36%
6/29/2022,117940.1563,117940.1563,0,0,,6/28/2022,6/29/2022,2.405,-0.5,0.693611923,6/28/2022,threshold,counterfactual_5m,,,,,FORCE_SELL,0.28,0.33,buy,buy_low_broken,0,7/6/2022,295.65,283.35,290.95,275.78,6/29/2022,283.8,6/29/2022,17.94%,33.48%
6/30/2022,117940.1563,117940.1563,0,0,,6/29/2022,6/30/2022,-0.5,2.31,0.356706733,6/29/2022,threshold,counterfactual_5m,,,,,FORCE_SELL,0.28,0.33,buy,buy_low_broken,0,7/7/2022,285.34,280.84,295.7,275.78,6/30/2022,280.28,6/30/2022,17.94%,31.83%
7/1/2022,117940.1563,117940.1563,0,0,,6/30/2022,7/1/2022,-0.5,2.37,0.404146738,6/30/2022,threshold,counterfactual_5m,,,,,FORCE_SELL,0.28,0.33,buy,buy_low_held,1,7/8/2022,283.94,275.78,296.75,276.75,7/1/2022,282.13,7/1/2022,17.94%,32.70%
7/5/2022,118822.8954,0,1,415.0148281,286.93,7/1/2022,7/5/2022,-0.5,-0.5,0.290167896,7/1/2022,threshold,counterfactual_5m,,,,,FREE,0.28,0.33,buy,buy_low_broken,0,7/11/2022,282.53,277.03,296.75,276.75,7/5/2022,286.96,7/5/2022,18.82%,34.97%
7/6/2022,118959.8503,118959.8503,0,0,,7/5/2022,7/6/2022,-0.5,-0.5,0.364722046,7/5/2022,threshold,counterfactual_5m,,,,,FORCE_SELL,0.28,0.33,buy,buy_low_held,1,7/12/2022,287.08,276.75,296.75,284.61,7/6/2022,288.8,7/6/2022,18.96%,35.84%
7/7/2022,118959.8503,118959.8503,0,0,,7/6/2022,7/7/2022,-0.5,-0.5,0.396744516,7/6/2022,threshold,counterfactual_5m,,,,,FORCE_SELL,0.28,0.33,buy,buy_low_broken,0,7/13/2022,290.95,285.59,296.75,280.02,7/7/2022,294.98,7/7/2022,18.96%,38.74%
7/8/2022,118959.8503,118959.8503,0,0,,7/7/2022,7/8/2022,1.605,-0.5,0.358381603,7/7/2022,threshold,counterfactual_5m,,,,,FORCE_SELL,0.28,0.33,buy,buy_low_broken,0,7/14/2022,295.7,289.63,296.75,279.8,7/8/2022,295.35,7/8/2022,18.96%,38.92%
7/11/2022,118959.8503,118959.8503,0,0,,7/8/2022,7/11/2022,2.15,-0.5,0.40037532,7/8/2022,threshold,counterfactual_5m,,,,,FORCE_SELL,0.28,0.33,buy,buy_low_broken,0,7/15/2022,296.75,291.12,293.11,279.8,7/11/2022,289.04,7/11/2022,18.96%,35.95%
7/12/2022,118959.8503,118959.8503,0,0,,7/11/2022,7/12/2022,2.48,-0.5,0.475492273,7/11/2022,threshold,counterfactual_5m,,,,,FORCE_SELL,0.28,0.33,buy,buy_low_broken,0,7/18/2022,293.11,288.14,296.16,279.8,7/12/2022,286.24,7/12/2022,18.96%,34.63%
7/13/2022,118959.8503,118959.8503,0,0,,7/12/2022,7/13/2022,2.465,-0.5,0.534615116,7/12/2022,threshold,counterfactual_5m,,,,,FORCE_SELL,0.28,0.33,buy,buy_low_broken,0,7/19/2022,292.28,284.61,298.6,279.8,7/13/2022,285.65,7/13/2022,18.96%,34.35%
7/14/2022,118959.8503,118959.8503,0,0,,7/13/2022,7/14/2022,2.465,-0.5,0.362931394,7/13/2022,threshold,counterfactual_5m,,,,,FORCE_SELL,0.28,0.33,buy,buy_low_broken,0,7/20/2022,288.05,280.02,304.24,279.8,7/14/2022,286.67,7/14/2022,18.96%,34.83%
7/15/2022,118959.8503,118959.8503,0,0,,7/14/2022,7/15/2022,2.465,-0.5,0.293395836,7/14/2022,threshold,counterfactual_5m,,,,,FREE,0.28,0.33,buy,buy_low_held,1,7/21/2022,287.56,279.8,307.44,288.08,7/15/2022,291.87,7/15/2022,18.96%,37.28%
7/18/2022,118959.8503,118959.8503,0,0,,7/15/2022,7/18/2022,2.01,-0.5,0.309546154,7/15/2022,threshold,counterfactual_5m,,,,,FREE,0.28,0.33,buy,buy_low_held,1,7/22/2022,291.98,288.08,308.55,288.2,7/18/2022,289.4,7/18/2022,18.96%,36.12%
7/19/2022,118959.8503,118959.8503,0,0,,7/18/2022,7/19/2022,2.06,-0.5,0.527051173,7/18/2022,threshold,counterfactual_5m,,,,,FORCE_SELL,0.28,0.33,buy,buy_low_held,1,7/25/2022,296.16,288.2,308.55,291.47,7/19/2022,298.3,7/19/2022,18.96%,40.30%
7/20/2022,118959.8503,118959.8503,0,0,,7/19/2022,7/20/2022,1.855,-0.5,0.328820041,7/19/2022,threshold,counterfactual_5m,,,,,FREE,0.28,0.33,buy,buy_low_held,1,7/26/2022,298.6,291.47,308.55,293.54,7/20/2022,303.03,7/20/2022,18.96%,42.53%
7/21/2022,119685.7895,0,1,392.3995591,303.16,7/20/2022,7/21/2022,1.555,-0.5,0.13199553,7/20/2022,threshold,counterfactual_5m,,,,,FORCE_BUY,0.28,0.33,sell,sell_high_broken,0,7/27/2022,304.24,297.93,308.55,293.54,7/21/2022,307.38,7/21/2022,19.69%,44.57%
7/22/2022,118273.1511,0,1,392.3995591,303.16,7/21/2022,7/22/2022,1.8,-0.5,0.117368215,7/21/2022,threshold,counterfactual_5m,,,,,FORCE_BUY,0.28,0.33,sell,sell_high_broken,0,7/28/2022,307.44,300.78,310.4,293.54,7/22/2022,301.99,7/22/2022,18.27%,42.04%
7/25/2022,117288.2282,0,1,392.3995591,303.16,7/22/2022,7/25/2022,-0.5,1.565,0.255166908,7/22/2022,threshold,counterfactual_5m,,,,,FORCE_BUY,0.28,0.33,sell,sell_high_broken,0,7/29/2022,308.55,300.12,316.39,293.54,7/25/2022,300.27,7/25/2022,17.29%,41.23%
7/26/2022,117162.6604,0,1,392.3995591,303.16,7/25/2022,7/26/2022,2.215,1.7,0.152812942,7/25/2022,threshold,counterfactual_5m,,,,,FORCE_BUY,0.28,0.33,sell,sell_high_broken,0,8/1/2022,302.5,298.22,318.81,293.54,7/26/2022,294.37,7/26/2022,17.16%,38.46%
7/27/2022,119980.0892,0,1,392.3995591,303.16,7/26/2022,7/27/2022,2.26,1.93,0.237526631,7/26/2022,threshold,counterfactual_5m,,,,,FORCE_BUY,0.28,0.33,sell,sell_high_broken,0,8/2/2022,298.79,293.54,318.81,298.46,7/27/2022,306.81,7/27/2022,19.98%,44.31%
7/28/2022,123056.5017,0,1,392.3995591,303.16,7/27/2022,7/28/2022,-0.5,2.37,0.204115814,7/27/2022,threshold,counterfactual_5m,,,,,FORCE_BUY,0.28,0.33,sell,sell_high_broken,0,8/3/2022,308.54,298.46,323.73,302.75,7/28/2022,309.81,7/28/2022,23.06%,45.72%
7/29/2022,123668.645,0,1,392.3995591,303.16,7/28/2022,7/29/2022,-0.5,2.37,0.146597861,7/28/2022,threshold,counterfactual_5m,,,,,FORCE_BUY,0.28,0.33,sell,sell_high_broken,0,8/4/2022,310.4,302.75,324.72,309.93,7/29/2022,315.46,7/29/2022,23.67%,48.37%
8/1/2022,123578.3932,0,1,392.3995591,303.16,7/29/2022,8/1/2022,2.185,2.26,0.147202403,7/29/2022,threshold,counterfactual_5m,,,,,FORCE_BUY,0.28,0.33,sell,sell_high_broken,0,8/5/2022,316.39,309.93,324.72,311.84,8/1/2022,315.27,8/1/2022,23.58%,48.29%
8/2/2022,123154.6016,0,1,392.3995591,303.16,8/1/2022,8/2/2022,2.39,-0.5,0.235577909,8/1/2022,threshold,counterfactual_5m,,,,,FORCE_BUY,0.28,0.33,sell,sell_high_broken,0,8/8/2022,318.81,312.53,326.47,311.84,8/2/2022,314.33,8/2/2022,23.15%,47.84%
8/3/2022,126340.886,0,1,392.3995591,303.16,8/2/2022,8/3/2022,-0.5,-0.5,0.256564183,8/2/2022,threshold,counterfactual_5m,,,,,FORCE_BUY,0.28,0.33,sell,sell_high_broken,0,8/9/2022,318.55,311.84,326.47,315.42,8/3/2022,322.89,8/3/2022,26.34%,51.87%
8/4/2022,127302.108,0,1,392.3995591,303.16,8/3/2022,8/4/2022,0.93,-0.5,0.178702713,8/3/2022,threshold,counterfactual_5m,,,,,FORCE_BUY,0.29,0.33,sell,sell_high_broken,0,8/10/2022,323.73,315.99,326.47,315.42,8/4/2022,324.4,8/4/2022,27.30%,52.58%
8/5/2022,126085.8263,0,1,392.3995591,303.16,8/4/2022,8/5/2022,1.92,-0.5,0.127044051,8/4/2022,threshold,counterfactual_5m,,,,,FORCE_BUY,0.29,0.33,sell,sell_high_broken,0,8/11/2022,324.72,320.77,330.36,315.42,8/5/2022,321.75,8/5/2022,26.09%,51.33%
8/8/2022,126207.4702,0,1,392.3995591,303.16,8/5/2022,8/8/2022,1.92,-0.5,0.203450063,8/5/2022,threshold,counterfactual_5m,,,,,FORCE_BUY,0.29,0.33,sell,sell_high_broken,0,8/12/2022,323.83,318.39,330.59,315.42,8/8/2022,320.71,8/8/2022,26.21%,50.84%
8/9/2022,124602.556,0,1,392.3995591,303.16,8/8/2022,8/9/2022,2.2,1.755,0.279699939,8/8/2022,threshold,counterfactual_5m,,,,,FORCE_BUY,0.29,0.33,sell,sell_high_broken,0,8/15/2022,326.47,319.21,333.57,315.42,8/9/2022,317.08,8/9/2022,24.60%,49.14%
8/10/2022,127926.1803,0,1,392.3995591,303.16,8/9/2022,8/10/2022,2.375,2.44,0.155033835,8/9/2022,threshold,counterfactual_5m,,,,,FORCE_BUY,0.29,0.33,sell,sell_high_broken,0,8/16/2022,319.03,315.42,334.42,322.06,8/10/2022,325.93,8/10/2022,27.93%,53.30%
8/11/2022,127357.2009,0,1,392.3995591,303.16,8/10/2022,8/11/2022,1.635,2.18,0.088238201,8/10/2022,threshold,counterfactual_5m,,,,,FORCE_BUY,0.29,0.33,sell,sell_high_broken,0,8/17/2022,326.23,322.06,334.42,323.36,8/11/2022,324.08,8/11/2022,27.36%,52.43%
8/12/2022,129766.5342,0,1,392.3995591,303.16,8/11/2022,8/12/2022,1.705,2.345,0.23796126,8/11/2022,threshold,counterfactual_5m,,,,,FORCE_BUY,0.29,0.33,sell,sell_high_broken,0,8/18/2022,330.36,323.36,334.42,325.1,8/12/2022,330.39,8/12/2022,29.77%,55.40%
8/15/2022,130669.0532,0,1,392.3995591,303.16,8/12/2022,8/15/2022,1.705,2.345,0.090145807,8/12/2022,threshold,counterfactual_5m,,,,,FORCE_BUY,0.29,0.33,sell,sell_high_broken,0,8/19/2022,330.59,325.1,334.42,322.08,8/15/2022,333.06,8/15/2022,30.67%,56.65%
8/16/2022,130398.2975,0,1,392.3995591,303.16,8/15/2022,8/16/2022,2.425,2.43,0.078873764,8/15/2022,threshold,counterfactual_5m,,,,,FORCE_BUY,0.29,0.33,sell,sell_high_broken,0,8/22/2022,333.57,329.4,334.42,313.53,8/16/2022,332.28,8/16/2022,30.40%,56.29%
8/17/2022,128495.1596,0,1,392.3995591,303.16,8/16/2022,8/17/2022,2.495,2.43,0.130237139,8/16/2022,threshold,counterfactual_5m,,,,,FORCE_BUY,0.29,0.33,sell,sell_high_held,1,8/23/2022,334.42,329.16,331.43,313.33,8/17/2022,328.49,8/17/2022,28.50%,54.50%
8/18/2022,129217.1748,0,1,392.3995591,303.16,8/17/2022,8/18/2022,2.5,2.02,0.177366266,8/17/2022,threshold,counterfactual_5m,,,,,FORCE_BUY,0.29,0.33,sell,sell_high_held,1,8/24/2022,331.43,326.36,330.49,312.99,8/18/2022,329.28,8/18/2022,29.22%,54.88%
8/19/2022,126195.6982,0,1,392.3995591,303.16,8/18/2022,8/19/2022,2.435,2.075,0.113062285,8/18/2022,threshold,counterfactual_5m,,,,,FORCE_BUY,0.29,0.33,sell,sell_high_held,1,8/25/2022,330.49,326.79,326.84,312.99,8/19/2022,322.86,8/19/2022,26.20%,51.86%
8/22/2022,123774.5929,0,1,392.3995591,303.16,8/19/2022,8/22/2022,-0.5,1.835,0.209826661,8/19/2022,threshold,counterfactual_5m,,,,,FORCE_BUY,0.29,0.33,sell,sell_high_held,1,8/26/2022,326.84,322.08,321.51,307.35,8/22/2022,314.36,8/22/2022,23.77%,47.86%
8/23/2022,123213.4616,0,1,392.3995591,303.16,8/22/2022,8/23/2022,-0.5,1.45,0.214447408,8/22/2022,threshold,counterfactual_5m,,,,,FORCE_BUY,0.29,0.33,sell,sell_high_broken,0,8/29/2022,318.74,313.53,321.51,303.28,8/23/2022,314.1,8/23/2022,23.21%,47.74%
8/24/2022,123605.8611,0,1,392.3995591,303.16,8/23/2022,8/24/2022,-0.5,1.39,0.175912043,8/23/2022,threshold,counterfactual_5m,,,,,FORCE_BUY,0.29,0.33,sell,sell_high_broken,0,8/30/2022,317,313.33,321.51,298.44,8/24/2022,315.01,8/24/2022,23.61%,48.16%
8/25/2022,125650.2628,0,1,392.3995591,303.16,8/24/2022,8/25/2022,-0.5,1.945,0.112226323,8/24/2022,threshold,counterfactual_5m,,,,,FORCE_BUY,0.29,0.33,sell,sell_high_broken,0,8/31/2022,316.87,312.99,321.51,298.44,8/25/2022,320.58,8/25/2022,25.65%,50.78%
8/26/2022,120113.505,0,1,392.3995591,303.16,8/25/2022,8/26/2022,2.42,2.025,0.080873956,8/25/2022,threshold,counterfactual_5m,,,,,FORCE_BUY,0.29,0.33,sell,sell_high_broken,0,9/1/2022,320.6,315.76,321.51,292.95,8/26/2022,307.44,8/26/2022,20.11%,44.60%
8/29/2022,120258.6929,120258.6929,0,0,,8/26/2022,8/29/2022,-0.5,-0.5,0.425754069,8/26/2022,threshold,counterfactual_5m,,,,,FORCE_SELL,0.29,0.33,sell,sell_high_held,1,9/2/2022,321.51,307.35,307.22,292.95,8/29/2022,304.41,8/29/2022,20.26%,43.18%
8/30/2022,117700.3297,0,1,390.5897979,307.89,8/29/2022,8/30/2022,-0.5,-0.5,0.125124884,8/29/2022,threshold,counterfactual_5m,,,,,FORCE_BUY,0.29,0.33,sell,sell_high_held,1,9/6/2022,307.22,303.28,306.73,290.87,8/30/2022,301.02,8/30/2022,17.70%,41.58%
8/31/2022,115923.1461,0,1,390.5897979,307.89,8/30/2022,8/31/2022,-0.5,2.07,0.194814684,8/30/2022,threshold,counterfactual_5m,,,,,FORCE_BUY,0.29,0.33,sell,sell_high_held,1,9/7/2022,306.73,298.44,304.91,290.87,8/31/2022,299.27,8/31/2022,15.92%,40.76%
9/1/2022,117079.2919,0,1,390.5897979,307.89,8/31/2022,9/1/2022,-0.5,2.2,0.213868199,8/31/2022,threshold,counterfactual_5m,,,,,FORCE_BUY,0.29,0.33,sell,sell_high_held,1,9/8/2022,304.91,299.16,303.75,290.87,9/1/2022,299.4,9/1/2022,17.08%,40.82%
9/2/2022,117723.0554,117723.0554,0,0,,9/1/2022,9/2/2022,-0.5,2.33,0.293181172,9/1/2022,threshold,counterfactual_5m,,,,,FREE,0.29,0.33,buy,buy_low_broken,0,9/9/2022,299.78,292.95,307.6,290.87,9/2/2022,295.17,9/2/2022,17.72%,38.83%
9/6/2022,117723.0554,117723.0554,0,0,,9/2/2022,9/6/2022,2.45,2.5,0.562552941,9/2/2022,threshold,counterfactual_5m,,,,,FORCE_SELL,0.29,0.33,buy,buy_low_broken,0,9/12/2022,303.75,293.52,311.08,290.87,9/6/2022,293.05,9/6/2022,17.72%,37.83%
9/7/2022,117723.0554,117723.0554,0,0,,9/6/2022,9/7/2022,2.5,2.1,0.431629379,9/6/2022,threshold,counterfactual_5m,,,,,FORCE_SELL,0.29,0.33,buy,buy_low_held,1,9/13/2022,296.6,290.87,311.08,292.79,9/7/2022,298.97,9/7/2022,17.72%,40.62%
9/8/2022,117723.0554,117723.0554,0,0,,9/7/2022,9/8/2022,2.425,2.45,0.421673099,9/7/2022,threshold,counterfactual_5m,,,,,FORCE_SELL,0.29,0.33,buy,buy_low_broken,0,9/14/2022,299.99,293.27,311.08,292.79,9/8/2022,300.52,9/8/2022,17.72%,41.35%
9/9/2022,117723.0554,117723.0554,0,0,,9/8/2022,9/9/2022,2.425,2.45,0.409689837,9/8/2022,threshold,counterfactual_5m,,,,,FORCE_SELL,0.29,0.33,buy,buy_low_broken,0,9/15/2022,301.87,295.45,311.08,289.46,9/9/2022,307.09,9/9/2022,17.72%,44.44%
9/12/2022,117723.0554,117723.0554,0,0,,9/9/2022,9/12/2022,-0.5,-0.5,0.424194354,9/9/2022,threshold,counterfactual_5m,,,,,FORCE_SELL,0.29,0.33,buy,buy_low_broken,0,9/16/2022,307.6,300.52,311.08,285.62,9/12/2022,310.74,9/12/2022,17.72%,46.15%
9/13/2022,114439.2974,0,1,389.1169582,302.539,9/12/2022,9/13/2022,2.08,-0.5,0.114089281,9/12/2022,threshold,counterfactual_5m,,,,,FORCE_BUY,0.29,0.33,sell,sell_high_held,1,9/19/2022,311.08,308.18,303.02,285.62,9/13/2022,293.7,9/13/2022,14.44%,38.14%
9/14/2022,114816.7408,114816.7408,0,0,,9/13/2022,9/14/2022,-0.5,-0.5,0.501281222,9/13/2022,threshold,counterfactual_5m,,,,,FORCE_SELL,0.29,0.33,sell,sell_high_held,1,9/20/2022,303.02,292.79,296.93,285.62,9/14/2022,296.03,9/14/2022,14.82%,39.24%
9/15/2022,111907.4871,0,1,387.3839902,296.39,9/14/2022,9/15/2022,-0.5,-0.5,0.154619937,9/14/2022,threshold,counterfactual_5m,,,,,FORCE_BUY,0.29,0.33,sell,sell_high_held,1,9/21/2022,296.93,293.06,296.53,283.42,9/15/2022,291.1,9/15/2022,11.91%,36.92%
9/16/2022,112261.5722,112261.5722,0,0,,9/15/2022,9/16/2022,-0.5,2.37,0.294767977,9/15/2022,threshold,counterfactual_5m,,,,,FREE,0.29,0.33,sell,sell_high_held,1,9/22/2022,296.53,289.46,293.95,278.82,9/16/2022,289.32,9/16/2022,12.26%,36.08%
9/19/2022,112261.5722,112261.5722,0,0,,9/16/2022,9/19/2022,-0.5,2.37,0.120597425,9/16/2022,threshold,counterfactual_5m,,,,,FORCE_BUY,0.29,0.33,sell,sell_high_broken,0,9/23/2022,289.72,285.62,293.95,272.02,9/19/2022,291.05,9/19/2022,12.26%,36.89%
9/20/2022,111823.9279,0,1,387.2958402,289.86,9/19/2022,9/20/2022,2.22,-0.5,0.114563967,9/19/2022,threshold,counterfactual_5m,,,,,FORCE_BUY,0.29,0.33,sell,sell_high_broken,0,9/26/2022,291.21,286.04,293.95,272.02,9/20/2022,288.73,9/20/2022,11.82%,35.80%
9/21/2022,108919.2091,0,1,387.2958402,289.86,9/20/2022,9/21/2022,2.16,-0.5,0.198565022,9/20/2022,threshold,counterfactual_5m,,,,,FORCE_BUY,0.29,0.33,sell,sell_high_broken,0,9/27/2022,291.07,286.38,293.95,272.02,9/21/2022,283.56,9/21/2022,8.92%,33.37%
9/22/2022,110050.113,110050.113,0,0,,9/21/2022,9/22/2022,-0.5,-0.5,0.405587933,9/21/2022,threshold,counterfactual_5m,,,,,FORCE_SELL,0.29,0.33,sell,sell_high_held,1,9/28/2022,293.95,283.42,283.03,272.02,9/22/2022,280.07,9/22/2022,10.05%,31.73%
9/23/2022,110050.113,110050.113,0,0,,9/22/2022,9/23/2022,-0.5,-0.5,0.534060169,9/22/2022,threshold,counterfactual_5m,,,,,FORCE_SELL,0.28,0.33,buy,buy_low_broken,0,9/29/2022,283.03,278.82,281.25,268.84,9/23/2022,275.51,9/23/2022,10.05%,29.58%
9/26/2022,110050.113,110050.113,0,0,,9/23/2022,9/26/2022,-0.5,-0.5,0.482661151,9/23/2022,threshold,counterfactual_5m,,,,,FORCE_SELL,0.28,0.33,buy,buy_low_broken,0,9/30/2022,277.85,272.02,281.25,267.1,9/26/2022,274.37,9/26/2022,10.05%,29.05%
9/27/2022,110050.113,110050.113,0,0,,9/26/2022,9/27/2022,-0.5,-0.5,0.560926676,9/26/2022,threshold,counterfactual_5m,,,,,FORCE_SELL,0.28,0.33,buy,buy_low_broken,0,10/3/2022,279.49,273.56,281.25,267.1,9/27/2022,274.48,9/27/2022,10.05%,29.10%
9/28/2022,110050.113,110050.113,0,0,,9/27/2022,9/28/2022,-0.5,1.89,0.575821836,9/27/2022,threshold,counterfactual_5m,,,,,FORCE_SELL,0.28,0.33,buy,buy_low_broken,0,10/4/2022,280.21,272.11,282.85,267.1,9/28/2022,279.94,9/28/2022,10.05%,31.67%
9/29/2022,110050.113,110050.113,0,0,,9/28/2022,9/29/2022,-0.5,1.71,0.426489523,9/28/2022,threshold,counterfactual_5m,,,,,FORCE_SELL,0.28,0.33,buy,buy_low_broken,0,10/5/2022,281.25,272.95,283.81,267.1,9/29/2022,271.87,9/29/2022,10.05%,27.87%
9/30/2022,110050.113,110050.113,0,0,,9/29/2022,9/30/2022,-0.5,2.07,0.492335765,9/29/2022,threshold,counterfactual_5m,,,,,FORCE_SELL,0.28,0.33,buy,buy_low_broken,0,10/6/2022,276.25,268.84,284.18,267.1,9/30/2022,267.26,9/30/2022,10.05%,25.70%
10/3/2022,110050.113,110050.113,0,0,,9/30/2022,10/3/2022,-0.5,2.07,0.634650416,9/30/2022,threshold,counterfactual_5m,,,,,FORCE_SELL,0.28,0.33,buy,buy_low_held,1,10/7/2022,275.19,267.1,284.18,267.53,10/3/2022,273.53,10/3/2022,10.05%,28.65%
10/4/2022,110050.113,110050.113,0,0,,10/3/2022,10/4/2022,-0.5,2.37,0.451548344,10/3/2022,threshold,counterfactual_5m,,,,,FORCE_SELL,0.28,0.33,buy,buy_low_broken,0,10/10/2022,275.16,267.53,284.18,263.64,10/4/2022,282.13,10/4/2022,10.05%,32.70%
10/5/2022,110050.113,110050.113,0,0,,10/4/2022,10/5/2022,-0.5,-0.5,0.44611865,10/4/2022,threshold,counterfactual_5m,,,,,FORCE_SELL,0.28,0.33,buy,buy_low_broken,0,10/11/2022,282.85,278.99,284.18,261.03,10/5/2022,281.98,10/5/2022,10.05%,32.63%
10/6/2022,110050.113,110050.113,0,0,,10/5/2022,10/6/2022,2.48,-0.5,0.511650283,10/5/2022,threshold,counterfactual_5m,,,,,FORCE_SELL,0.28,0.33,buy,buy_low_broken,0,10/12/2022,283.81,275.42,284.18,261.03,10/6/2022,279.76,10/6/2022,10.05%,31.58%
10/7/2022,110050.113,110050.113,0,0,,10/6/2022,10/7/2022,2.45,-0.5,0.674137149,10/6/2022,threshold,counterfactual_5m,,,,,FORCE_SELL,0.28,0.33,buy,buy_low_broken,0,10/13/2022,284.18,279.43,275.15,254.26,10/7/2022,269.1,10/7/2022,10.05%,26.57%
10/10/2022,110050.113,110050.113,0,0,,10/7/2022,10/10/2022,-0.5,2.34,0.606920216,10/7/2022,threshold,counterfactual_5m,,,,,FORCE_SELL,0.28,0.33,buy,buy_low_broken,0,10/14/2022,275.15,267.74,271.81,254.26,10/10/2022,266.41,10/10/2022,10.05%,25.30%
10/11/2022,110050.113,110050.113,0,0,,10/10/2022,10/11/2022,-0.5,2.3,0.499533973,10/10/2022,threshold,counterfactual_5m,,,,,FORCE_SELL,0.28,0.33,buy,buy_low_broken,0,10/17/2022,269.7,263.64,271.81,254.26,10/11/2022,262.75,10/11/2022,10.05%,23.58%
10/12/2022,110050.113,110050.113,0,0,,10/11/2022,10/12/2022,-0.5,2.475,0.550341482,10/11/2022,threshold,counterfactual_5m,,,,,FORCE_SELL,0.28,0.33,buy,buy_low_broken,0,10/18/2022,267.63,261.03,277.21,254.26,10/12/2022,262.66,10/12/2022,10.05%,23.54%
10/13/2022,110050.113,110050.113,0,0,,10/12/2022,10/13/2022,-0.5,2.29,0.499236259,10/12/2022,threshold,counterfactual_5m,,,,,FORCE_SELL,0.28,0.33,buy,buy_low_broken,0,10/19/2022,265.36,261.95,277.21,254.26,10/13/2022,268.82,10/13/2022,10.05%,26.44%
10/14/2022,110050.113,110050.113,0,0,,10/13/2022,10/14/2022,-0.5,-0.5,0.520024686,10/13/2022,threshold,counterfactual_5m,,,,,FORCE_SELL,0.28,0.33,buy,buy_low_held,1,10/20/2022,270.17,254.26,277.21,260.14,10/14/2022,260.74,10/14/2022,10.05%,22.64%
10/17/2022,110050.113,110050.113,0,0,,10/14/2022,10/17/2022,-0.5,-0.5,0.58416413,10/14/2022,threshold,counterfactual_5m,,,,,FORCE_SELL,0.28,0.33,buy,buy_low_held,1,10/21/2022,271.81,260.14,277.21,266.74,10/17/2022,269.35,10/17/2022,10.05%,26.69%
10/18/2022,110050.113,110050.113,0,0,,10/17/2022,10/18/2022,1.365,-0.5,0.390986914,10/17/2022,threshold,counterfactual_5m,,,,,FORCE_SELL,0.28,0.33,buy,buy_low_held,1,10/24/2022,270.24,266.74,279.4,266.82,10/18/2022,271.48,10/18/2022,10.05%,27.69%
10/19/2022,110050.113,110050.113,0,0,,10/18/2022,10/19/2022,1.395,-0.5,0.608947704,10/18/2022,threshold,counterfactual_5m,,,,,FORCE_SELL,0.28,0.33,buy,buy_low_broken,0,10/25/2022,277.21,268.74,284.6,266.82,10/19/2022,270.49,10/19/2022,10.05%,27.22%
10/20/2022,110050.113,110050.113,0,0,,10/19/2022,10/20/2022,2.1,-0.5,0.485382425,10/19/2022,threshold,counterfactual_5m,,,,,FORCE_SELL,0.28,0.33,buy,buy_low_broken,0,10/26/2022,273.68,268.07,284.6,266.82,10/20/2022,269.11,10/20/2022,10.05%,26.57%
10/21/2022,110050.113,110050.113,0,0,,10/20/2022,10/21/2022,1.96,-0.5,0.591309102,10/20/2022,threshold,counterfactual_5m,,,,,FORCE_SELL,0.28,0.33,buy,buy_low_broken,0,10/27/2022,274.84,267.92,284.6,266.82,10/21/2022,275.42,10/21/2022,10.05%,29.54%
10/24/2022,110050.113,110050.113,0,0,,10/21/2022,10/24/2022,1.96,-0.5,0.427907142,10/21/2022,threshold,counterfactual_5m,,,,,FORCE_SELL,0.28,0.33,buy,buy_low_held,1,10/28/2022,275.97,266.82,284.6,271.97,10/24/2022,278.45,10/24/2022,10.05%,30.97%
10/25/2022,110050.113,110050.113,0,0,,10/24/2022,10/25/2022,1.695,-0.5,0.400849317,10/24/2022,threshold,counterfactual_5m,,,,,FORCE_SELL,0.28,0.33,buy,buy_low_held,1,10/31/2022,279.4,271.97,284.6,272.06,10/25/2022,284.21,10/25/2022,10.05%,33.68%
10/26/2022,110050.113,110050.113,0,0,,10/25/2022,10/26/2022,2.255,-0.5,0.411144564,10/25/2022,threshold,counterfactual_5m,,,,,FORCE_SELL,0.28,0.33,buy,buy_low_broken,0,11/1/2022,284.6,277.9,283.98,272.06,10/26/2022,277.93,10/26/2022,10.05%,30.72%
10/27/2022,110050.113,110050.113,0,0,,10/26/2022,10/27/2022,2.17,-0.5,0.646684175,10/26/2022,threshold,counterfactual_5m,,,,,FORCE_SELL,0.28,0.33,buy,buy_low_broken,0,11/2/2022,283.98,277.43,282.07,265.61,10/27/2022,272.87,10/27/2022,10.05%,28.34%
10/28/2022,110050.113,110050.113,0,0,,10/27/2022,10/28/2022,-0.5,-0.5,0.598541466,10/27/2022,threshold,counterfactual_5m,,,,,FORCE_SELL,0.28,0.33,buy,buy_low_broken,0,11/3/2022,278.28,272.34,282.07,260.1,10/28/2022,281.22,10/28/2022,10.05%,32.27%
10/31/2022,110050.113,110050.113,0,0,,10/28/2022,10/31/2022,-0.5,-0.5,0.437861913,10/28/2022,threshold,counterfactual_5m,,,,,FORCE_SELL,0.28,0.33,buy,buy_low_broken,0,11/4/2022,281.7,272.06,282.07,259.08,10/31/2022,277.95,10/31/2022,10.05%,30.73%
11/1/2022,110050.113,110050.113,0,0,,10/31/2022,11/1/2022,-0.5,-0.5,0.413854307,10/31/2022,threshold,counterfactual_5m,,,,,FORCE_SELL,0.28,0.33,buy,buy_low_broken,0,11/7/2022,279.76,275.99,282.07,259.08,11/1/2022,275.11,11/1/2022,10.05%,29.40%
11/2/2022,110050.113,110050.113,0,0,,11/1/2022,11/2/2022,-0.5,-0.5,0.645680745,11/1/2022,threshold,counterfactual_5m,,,,,FORCE_SELL,0.28,0.33,buy,buy_low_broken,0,11/8/2022,282.07,274.74,278.21,259.08,11/2/2022,265.68,11/2/2022,10.05%,24.96%
11/3/2022,110050.113,110050.113,0,0,,11/2/2022,11/3/2022,2.465,2.45,0.739356117,11/2/2022,threshold,counterfactual_5m,,,,,FORCE_SELL,0.28,0.33,buy,buy_low_broken,0,11/9/2022,278.21,265.61,272.85,259.08,11/3/2022,260.49,11/3/2022,10.05%,22.52%
11/4/2022,110050.113,110050.113,0,0,,11/3/2022,11/4/2022,-0.5,-0.5,0.556340158,11/3/2022,threshold,counterfactual_5m,,,,,FORCE_SELL,0.28,0.33,buy,buy_low_broken,0,11/10/2022,264.5,260.1,283.05,259.08,11/4/2022,264.68,11/4/2022,10.05%,24.49%
11/7/2022,110050.113,110050.113,0,0,,11/4/2022,11/7/2022,-0.5,-0.5,0.410051033,11/4/2022,threshold,counterfactual_5m,,,,,FORCE_SELL,0.28,0.33,buy,buy_low_held,1,11/11/2022,266.61,259.08,288.64,263.03,11/7/2022,267.59,11/7/2022,10.05%,25.86%
11/8/2022,110628.8344,0,1,410.1161608,269.755,11/7/2022,11/8/2022,-0.5,-0.5,0.304021683,11/7/2022,threshold,counterfactual_5m,,,,,FREE,0.28,0.33,buy,buy_low_broken,0,11/14/2022,268.14,263.57,289.21,263.03,11/8/2022,269.54,11/8/2022,10.63%,26.78%
11/9/2022,110575.5193,110575.5193,0,0,,11/8/2022,11/9/2022,2.475,-0.5,0.460462844,11/8/2022,threshold,counterfactual_5m,,,,,FORCE_SELL,0.28,0.33,buy,buy_low_broken,0,11/15/2022,272.85,265.52,293.26,263.03,11/9/2022,263.32,11/9/2022,10.58%,23.85%
11/10/2022,110575.5193,110575.5193,0,0,,11/9/2022,11/10/2022,1.95,-0.5,0.525298925,11/9/2022,threshold,counterfactual_5m,,,,,FORCE_SELL,0.285,0.33,buy,buy_low_held,1,11/16/2022,268.56,263.03,293.26,273.85,11/10/2022,282.75,11/10/2022,10.58%,32.99%
11/11/2022,110575.5193,110575.5193,0,0,,11/10/2022,11/11/2022,1.985,-0.5,0.535595745,11/10/2022,threshold,counterfactual_5m,,,,,FORCE_SELL,0.285,0.33,buy,buy_low_held,1,11/17/2022,283.05,273.85,293.26,280.72,11/11/2022,287.96,11/11/2022,10.58%,35.44%
11/14/2022,110421.0303,0,1,386.2225613,286.3,11/11/2022,11/14/2022,-0.5,-0.5,0.173186412,11/11/2022,threshold,counterfactual_5m,,,,,FORCE_BUY,0.285,0.33,sell,sell_high_broken,0,11/18/2022,288.64,281.19,293.26,280.72,11/14/2022,285.44,11/14/2022,10.42%,34.26%
11/15/2022,111640.7118,0,1,387.8568364,288.22,11/14/2022,11/15/2022,-0.5,2.5,0.290187024,11/14/2022,threshold,counterfactual_5m,,,,,FREE,0.285,0.33,sell,sell_high_broken,0,11/21/2022,289.21,284.44,293.26,280.72,11/15/2022,289.39,11/15/2022,11.64%,36.11%
11/16/2022,111683.5654,0,1,389.8612958,285.88,11/15/2022,11/16/2022,-0.5,-0.5,0.314123754,11/15/2022,threshold,counterfactual_5m,,,,,FREE,0.285,0.33,sell,sell_high_held,1,11/22/2022,293.26,285.97,289.48,280.46,11/16/2022,285.44,11/16/2022,11.68%,34.26%
11/17/2022,111188.8615,111188.8615,0,0,,11/16/2022,11/17/2022,-0.5,-0.5,0.313196369,11/16/2022,threshold,counterfactual_5m,,,,,FREE,0.285,0.33,sell,sell_high_held,1,11/23/2022,289.48,284.6,289.46,280.46,11/17/2022,284.81,11/17/2022,11.19%,33.96%
11/18/2022,112011.2876,0,1,393.505314,282.56,11/17/2022,11/18/2022,-0.5,-0.5,0.170833224,11/17/2022,threshold,counterfactual_5m,,,,,FORCE_BUY,0.285,0.33,sell,sell_high_broken,0,11/25/2022,286.32,280.72,289.46,280.46,11/18/2022,284.82,11/18/2022,12.01%,33.96%
11/21/2022,111118.0306,0,1,393.505314,282.56,11/18/2022,11/21/2022,-0.5,-0.5,0.225214525,11/18/2022,threshold,counterfactual_5m,,,,,FORCE_BUY,0.285,0.33,sell,sell_high_broken,0,11/28/2022,287.99,282.32,289.46,280.46,11/21/2022,281.89,11/21/2022,11.12%,32.59%
11/22/2022,112396.9228,0,1,393.505314,282.56,11/21/2022,11/22/2022,-0.5,2.205,0.215549749,11/21/2022,threshold,counterfactual_5m,,,,,FORCE_BUY,0.285,0.33,sell,sell_high_broken,0,11/29/2022,284.58,281.04,289.46,279.17,11/22/2022,285.95,11/22/2022,12.40%,34.50%
11/23/2022,112636.9611,112636.9611,0,0,,11/22/2022,11/23/2022,-0.5,2.175,0.37181879,11/22/2022,threshold,counterfactual_5m,,,,,FORCE_SELL,0.285,0.33,buy,buy_low_broken,0,11/30/2022,286.11,280.46,293.47,279.17,11/23/2022,288.82,11/23/2022,12.64%,35.84%
11/25/2022,112636.9611,112636.9611,0,0,,11/23/2022,11/25/2022,-0.5,-0.5,0.412210456,11/23/2022,threshold,counterfactual_5m,,,,,FORCE_SELL,0.285,0.33,buy,buy_low_broken,0,12/1/2022,289.46,285.79,295.75,279.17,11/25/2022,286.92,11/25/2022,12.64%,34.95%
11/28/2022,112636.9611,112636.9611,0,0,,11/25/2022,11/28/2022,-0.5,2.13,0.380745371,11/25/2022,threshold,counterfactual_5m,,,,,FORCE_SELL,0.285,0.33,buy,buy_low_broken,0,12/2/2022,287.91,286.42,295.75,279.17,11/28/2022,282.71,11/28/2022,12.64%,32.97%
11/29/2022,112636.9611,112636.9611,0,0,,11/28/2022,11/29/2022,-0.5,1.925,0.48578047,11/28/2022,threshold,counterfactual_5m,,,,,FORCE_SELL,0.285,0.33,buy,buy_low_broken,0,12/5/2022,286.96,281.76,295.75,279.17,11/29/2022,280.57,11/29/2022,12.64%,31.96%
11/30/2022,112636.9611,112636.9611,0,0,,11/29/2022,11/30/2022,-0.5,1.765,0.444875177,11/29/2022,threshold,counterfactual_5m,,,,,FORCE_SELL,0.285,0.33,buy,buy_low_held,1,12/6/2022,283.35,279.17,295.75,279.97,11/30/2022,293.36,11/30/2022,12.64%,37.98%
12/1/2022,112636.9611,112636.9611,0,0,,11/30/2022,12/1/2022,2.055,1.765,0.702558174,11/30/2022,threshold,counterfactual_5m,,,,,FORCE_SELL,0.285,0.33,buy,buy_low_broken,0,12/7/2022,293.47,279.97,295.75,278.78,12/1/2022,293.72,12/1/2022,12.64%,38.15%
12/2/2022,112636.9611,112636.9611,0,0,,12/1/2022,12/2/2022,1.515,2.195,0.528520372,12/1/2022,threshold,counterfactual_5m,,,,,FORCE_SELL,0.285,0.33,buy,buy_low_broken,0,12/8/2022,295.75,290.88,293.45,278.78,12/2/2022,292.55,12/2/2022,12.64%,37.60%
12/5/2022,112636.9611,112636.9611,0,0,,12/2/2022,12/5/2022,-0.5,-0.5,0.397547106,12/2/2022,threshold,counterfactual_5m,,,,,FORCE_SELL,0.285,0.33,buy,buy_low_broken,0,12/9/2022,293.45,288.36,291.68,278.78,12/5/2022,287.64,12/5/2022,12.64%,35.29%
12/6/2022,112636.9611,112636.9611,0,0,,12/5/2022,12/6/2022,-0.5,-0.5,0.538914609,12/5/2022,threshold,counterfactual_5m,,,,,FORCE_SELL,0.285,0.33,buy,buy_low_broken,0,12/12/2022,291.68,286.15,287.62,278.78,12/6/2022,281.68,12/6/2022,12.64%,32.49%
12/7/2022,112636.9611,112636.9611,0,0,,12/6/2022,12/7/2022,-0.5,-0.5,0.61648123,12/6/2022,threshold,counterfactual_5m,,,,,FORCE_SELL,0.285,0.33,buy,buy_low_broken,0,12/13/2022,287.62,280.26,296.88,278.78,12/7/2022,280.53,12/7/2022,12.64%,31.95%
12/8/2022,112636.9611,112636.9611,0,0,,12/7/2022,12/8/2022,-0.5,1.98,0.389378019,12/7/2022,threshold,counterfactual_5m,,,,,FORCE_SELL,0.285,0.33,buy,buy_low_held,1,12/14/2022,282.57,278.78,296.88,279.79,12/8/2022,283.85,12/8/2022,12.64%,33.51%
12/9/2022,112636.9611,112636.9611,0,0,,12/8/2022,12/9/2022,-0.5,1.99,0.352307968,12/8/2022,threshold,counterfactual_5m,,,,,FORCE_SELL,0.285,0.33,buy,buy_low_broken,0,12/15/2022,284.84,279.79,296.88,275.67,12/9/2022,282.04,12/9/2022,12.64%,32.66%
12/12/2022,112636.9611,112636.9611,0,0,,12/9/2022,12/12/2022,-0.5,-0.5,0.525887611,12/9/2022,threshold,counterfactual_5m,,,,,FORCE_SELL,0.285,0.33,buy,buy_low_broken,0,12/16/2022,285.64,281.59,296.88,272.61,12/12/2022,285.58,12/12/2022,12.64%,34.32%
12/13/2022,113079.8736,113079.8736,0,0,,12/12/2022,12/13/2022,-0.5,-0.5,0.302307666,12/12/2022,threshold,counterfactual_5m,,,,,FREE,0.285,0.33,buy,buy_low_broken,0,12/19/2022,285.64,281.16,296.88,268.49,12/13/2022,288.65,12/13/2022,13.08%,35.77%
12/14/2022,113079.8736,113079.8736,0,0,,12/13/2022,12/14/2022,2.17,2.15,0.765250042,12/13/2022,threshold,counterfactual_5m,,,,,FORCE_SELL,0.285,0.33,buy,buy_low_broken,0,12/20/2022,296.88,285.91,291.41,266.95,12/14/2022,286.51,12/14/2022,13.08%,34.76%
12/15/2022,113079.8736,113079.8736,0,0,,12/14/2022,12/15/2022,-0.5,2.13,0.556119094,12/14/2022,threshold,counterfactual_5m,,,,,FORCE_SELL,0.285,0.33,buy,buy_low_broken,0,12/21/2022,291.41,283.19,283.01,266.95,12/15/2022,276.89,12/15/2022,13.08%,30.23%
12/16/2022,113079.8736,113079.8736,0,0,,12/15/2022,12/16/2022,-0.5,2.35,0.569687614,12/15/2022,threshold,counterfactual_5m,,,,,FORCE_SELL,0.285,0.33,buy,buy_low_broken,0,12/22/2022,283.01,275.67,277.77,262.46,12/16/2022,274.25,12/16/2022,13.08%,28.99%
12/19/2022,113079.8736,113079.8736,0,0,,12/16/2022,12/19/2022,-0.5,-0.5,0.444513826,12/16/2022,threshold,counterfactual_5m,,,,,FORCE_SELL,0.285,0.33,buy,buy_low_broken,0,12/23/2022,277.77,272.61,274.78,262.46,12/19/2022,269.75,12/19/2022,13.08%,26.88%
12/20/2022,113079.8736,113079.8736,0,0,,12/19/2022,12/20/2022,-0.5,2.225,0.477690622,12/19/2022,threshold,counterfactual_5m,,,,,FORCE_SELL,0.285,0.33,buy,buy_low_broken,0,12/27/2022,273.96,268.49,274.78,262.46,12/20/2022,269.54,12/20/2022,13.08%,26.78%
12/21/2022,113079.8736,113079.8736,0,0,,12/20/2022,12/21/2022,-0.5,2.21,0.343450141,12/20/2022,threshold,counterfactual_5m,,,,,FORCE_SELL,0.285,0.33,buy,buy_low_broken,0,12/28/2022,271.32,266.95,274.78,259.73,12/21/2022,273.45,12/21/2022,13.08%,28.62%
12/22/2022,113079.8736,113079.8736,0,0,,12/21/2022,12/22/2022,-0.5,2.325,0.398115578,12/21/2022,threshold,counterfactual_5m,,,,,FORCE_SELL,0.285,0.33,buy,buy_low_broken,0,12/29/2022,274.78,269.74,270.51,259.73,12/22/2022,266.76,12/22/2022,13.08%,25.47%
12/23/2022,113079.8736,113079.8736,0,0,,12/22/2022,12/23/2022,2.49,2.41,0.492350864,12/22/2022,threshold,counterfactual_5m,,,,,FORCE_SELL,0.285,0.33,buy,buy_low_broken,0,12/30/2022,270.51,262.46,268.04,259.73,12/23/2022,267.36,12/23/2022,13.08%,25.75%
12/27/2022,111498.4258,0,1,423.9806291,266.71,12/23/2022,12/27/2022,2.49,-0.5,0.265561693,12/23/2022,threshold,counterfactual_5m,,,,,FORCE_BUY,0.285,0.33,buy,buy_low_broken,0,1/3/2023,268.04,263.53,270.15,259.73,12/27/2022,263.58,12/27/2022,11.50%,23.97%
12/28/2022,112251.8818,112251.8818,0,0,,12/27/2022,12/28/2022,2.41,-0.5,0.435557203,12/27/2022,threshold,counterfactual_5m,,,,,FORCE_SELL,0.285,0.33,buy,buy_low_broken,0,1/4/2023,266.85,263.03,270.15,259.73,12/28/2022,260.1,12/28/2022,12.25%,22.34%
12/29/2022,112251.8818,112251.8818,0,0,,12/28/2022,12/29/2022,2.495,2.205,0.532258374,12/28/2022,threshold,counterfactual_5m,,,,,FORCE_SELL,0.285,0.33,buy,buy_low_held,1,1/5/2023,265.47,259.73,270.15,261.26,12/29/2022,266.44,12/29/2022,12.25%,25.32%
12/30/2022,112251.8818,112251.8818,0,0,,12/29/2022,12/30/2022,-0.5,2.325,0.371178261,12/29/2022,threshold,counterfactual_5m,,,,,FORCE_SELL,0.285,0.33,buy,buy_low_broken,0,1/6/2023,267.4,262.25,270.15,260.34,12/30/2022,266.28,12/30/2022,12.25%,25.24%
1/3/2023,110440.6945,0,1,417.3242688,268.98,12/30/2022,1/3/2023,-0.5,2.2,0.246078556,12/30/2022,threshold,counterfactual_5m,,,,,FORCE_BUY,0.285,0.33,buy,buy_low_broken,0,1/9/2023,266.41,262.29,275.29,260.34,1/3/2023,264.48,1/3/2023,10.44%,24.40%
1/4/2023,111150.1457,111150.1457,0,0,,1/3/2023,1/4/2023,-0.5,2.2,0.511447936,1/3/2023,threshold,counterfactual_5m,,,,,FORCE_SELL,0.285,0.33,buy,buy_low_broken,0,1/10/2023,270.15,262.13,275.29,260.34,1/4/2023,265.74,1/4/2023,11.15%,24.99%
1/5/2023,111150.1457,111150.1457,0,0,,1/4/2023,1/5/2023,2.415,-0.5,0.372297371,1/4/2023,threshold,counterfactual_5m,,,,,FORCE_SELL,0.285,0.33,buy,buy_low_broken,0,1/11/2023,267.45,262.53,277.66,260.34,1/5/2023,261.58,1/5/2023,11.15%,23.03%
1/6/2023,111150.1457,111150.1457,0,0,,1/5/2023,1/6/2023,2.495,2.245,0.473925679,1/5/2023,threshold,counterfactual_5m,,,,,FORCE_SELL,0.285,0.33,buy,buy_low_broken,0,1/12/2023,264.21,261.26,280.1,260.34,1/6/2023,268.8,1/6/2023,11.15%,26.43%
1/9/2023,111150.1457,111150.1457,0,0,,1/6/2023,1/9/2023,1.93,2.05,0.468958062,1/6/2023,threshold,counterfactual_5m,,,,,FORCE_SELL,0.285,0.33,buy,buy_low_held,1,1/13/2023,269.94,260.34,281.22,268.97,1/9/2023,270.54,1/9/2023,11.15%,27.25%
1/10/2023,111150.1457,111150.1457,0,0,,1/9/2023,1/10/2023,1.78,2.05,0.608346183,1/9/2023,threshold,counterfactual_5m,,,,,FORCE_SELL,0.285,0.33,buy,buy_low_broken,0,1/17/2023,275.29,269.92,282.85,268.97,1/10/2023,272.83,1/10/2023,11.15%,28.32%
1/11/2023,112966.0053,0,1,407.143391,273,1/10/2023,1/11/2023,1.965,1.935,0.326015695,1/10/2023,threshold,counterfactual_5m,,,,,FREE,0.285,0.33,buy,buy_low_held,1,1/18/2023,272.94,268.97,284.69,273.12,1/11/2023,277.55,1/11/2023,12.97%,30.54%
1/12/2023,113511.5774,0,1,407.143391,273,1/11/2023,1/12/2023,1.965,1.935,0.148359961,1/11/2023,threshold,counterfactual_5m,,,,,FORCE_BUY,0.285,0.33,sell,sell_high_broken,0,1/19/2023,277.66,273.12,284.69,273.74,1/12/2023,279.05,1/12/2023,13.51%,31.25%
1/13/2023,114248.507,0,1,407.143391,273,1/12/2023,1/13/2023,1.965,1.935,0.207527873,1/12/2023,threshold,counterfactual_5m,,,,,FORCE_BUY,0.285,0.33,sell,sell_high_broken,0,1/20/2023,280.1,273.74,284.69,273.89,1/13/2023,280.97,1/13/2023,14.25%,32.15%
1/17/2023,114236.2926,0,1,407.143391,273,1/13/2023,1/17/2023,1.965,1.935,0.15817475,1/13/2023,threshold,counterfactual_5m,,,,,FORCE_BUY,0.285,0.33,sell,sell_high_broken,0,1/23/2023,281.22,276.16,290.21,273.89,1/17/2023,281.54,1/17/2023,14.24%,32.42%
1/18/2023,112880.5052,0,1,407.143391,273,1/17/2023,1/18/2023,1.765,0.995,0.177932216,1/17/2023,threshold,counterfactual_5m,,,,,FORCE_BUY,0.285,0.33,sell,sell_high_broken,0,1/24/2023,282.85,279.58,290.21,273.89,1/18/2023,277.88,1/18/2023,12.88%,30.70%
1/19/2023,112400.076,0,1,407.143391,273,1/18/2023,1/19/2023,2.395,0.725,0.43165171,1/18/2023,threshold,counterfactual_5m,,,,,FORCE_SELL,0.285,0.33,sell,sell_high_broken,0,1/25/2023,284.69,277.67,290.21,273.89,1/19/2023,275.15,1/19/2023,12.40%,29.42%
1/20/2023,115262.294,0,1,407.143391,273,1/19/2023,1/20/2023,2.39,1.095,0.24760784,1/19/2023,threshold,counterfactual_5m,,,,,FORCE_BUY,0.285,0.33,sell,sell_high_broken,0,1/26/2023,277.38,273.89,293.52,275.71,1/20/2023,282.68,1/20/2023,15.26%,32.96%
1/23/2023,117558.5827,0,1,407.143391,273,1/20/2023,1/23/2023,2.39,1.095,0.177260413,1/20/2023,threshold,counterfactual_5m,,,,,FORCE_BUY,0.285,0.33,sell,sell_high_broken,0,1/27/2023,283.02,275.71,298.26,281.18,1/23/2023,288.96,1/23/2023,17.56%,35.91%
1/24/2023,116573.2957,0,1,407.143391,273,1/23/2023,1/24/2023,-0.5,1.87,0.216464927,1/23/2023,threshold,counterfactual_5m,,,,,FORCE_BUY,0.285,0.33,sell,sell_high_broken,0,1/30/2023,290.21,282.73,298.26,281.18,1/24/2023,288.37,1/24/2023,16.57%,35.63%
1/25/2023,117375.3682,0,1,407.143391,273,1/24/2023,1/25/2023,2.155,2.025,0.202971391,1/24/2023,threshold,counterfactual_5m,,,,,FORCE_BUY,0.285,0.33,sell,sell_high_broken,0,1/31/2023,289.55,286.78,298.26,281.18,1/25/2023,287.73,1/25/2023,17.38%,35.33%
1/26/2023,118881.8395,0,1,407.143391,273,1/25/2023,1/26/2023,-0.5,2.315,0.196600939,1/25/2023,threshold,counterfactual_5m,,,,,FORCE_BUY,0.285,0.33,sell,sell_high_broken,0,2/1/2023,288.36,281.18,303.43,288.52,1/26/2023,293.34,1/26/2023,18.88%,37.97%
1/27/2023,120510.3723,0,1,407.143391,273,1/26/2023,1/27/2023,-0.5,2.175,0.151635317,1/26/2023,threshold,counterfactual_5m,,,,,FORCE_BUY,0.285,0.33,sell,sell_high_broken,0,2/2/2023,293.52,288.52,313.68,289.89,1/27/2023,296.26,1/27/2023,20.51%,39.34%
1/30/2023,118364.7266,0,1,407.143391,273,1/27/2023,1/30/2023,2.135,1.265,0.218065606,1/27/2023,threshold,counterfactual_5m,,,,,FORCE_BUY,0.285,0.33,sell,sell_high_broken,0,2/3/2023,298.26,291.88,313.68,289.89,1/30/2023,290.27,1/30/2023,18.36%,36.53%
1/31/2023,117705.1543,117705.1543,0,0,,1/30/2023,1/31/2023,2.42,-0.5,0.343797463,1/30/2023,threshold,counterfactual_5m,,,,,FORCE_SELL,0.285,0.33,sell,sell_high_broken,0,2/6/2023,294.38,289.89,313.68,290.2,1/31/2023,294.62,1/31/2023,17.71%,38.57%
2/1/2023,117705.1543,117705.1543,0,0,,1/31/2023,2/1/2023,2.285,2.21,0.153018458,1/31/2023,threshold,counterfactual_5m,,,,,FORCE_BUY,0.3,0.35,sell,sell_high_broken,0,2/7/2023,294.72,290.2,313.68,292.3,2/1/2023,300.92,2/1/2023,17.71%,41.54%
2/2/2023,117705.1543,117705.1543,0,0,,2/1/2023,2/2/2023,2.285,2.21,0.318822819,2/1/2023,threshold,counterfactual_5m,,,,,FREE,0.3,0.35,sell,sell_high_broken,0,2/8/2023,303.43,292.3,313.68,302.22,2/2/2023,311.72,2/2/2023,17.71%,46.62%
2/3/2023,119093.8245,0,1,389.3609197,305.96,2/2/2023,2/3/2023,-0.5,1.955,0.318473769,2/2/2023,threshold,counterfactual_5m,,,,,FREE,0.3,0.35,sell,sell_high_held,1,2/9/2023,313.68,306.73,312.39,300.2,2/3/2023,306.18,2/3/2023,19.09%,44.01%
2/6/2023,118030.8692,118030.8692,0,0,,2/3/2023,2/6/2023,-0.5,2.295,0.440636347,2/3/2023,threshold,counterfactual_5m,,,,,FORCE_SELL,0.3,0.35,sell,sell_high_held,1,2/10/2023,312.39,304.54,311.03,297.25,2/6/2023,303.59,2/6/2023,18.03%,42.79%
2/7/2023,120038.6188,0,1,387.5964442,304.52,2/6/2023,2/7/2023,-0.5,1.91,0.248472039,2/6/2023,threshold,counterfactual_5m,,,,,FORCE_BUY,0.3,0.35,sell,sell_high_broken,0,2/13/2023,305.91,302.22,311.03,297.25,2/7/2023,309.88,2/7/2023,20.04%,45.75%
2/8/2023,118263.4271,0,1,387.5964442,304.52,2/7/2023,2/8/2023,-0.5,2.03,0.240842331,2/7/2023,threshold,counterfactual_5m,,,,,FORCE_BUY,0.3,0.35,sell,sell_high_held,1,2/14/2023,311.03,302.32,309.5,297.25,2/8/2023,304.37,2/8/2023,18.26%,43.16%
2/9/2023,119077.3796,119077.3796,0,0,,2/8/2023,2/9/2023,-0.5,-0.5,0.376602347,2/8/2023,threshold,counterfactual_5m,,,,,FORCE_SELL,0.3,0.35,sell,sell_high_held,1,2/15/2023,309.5,303.67,309.27,297.25,2/9/2023,301.68,2/9/2023,19.08%,41.89%
2/10/2023,119077.3796,119077.3796,0,0,,2/9/2023,2/10/2023,-0.5,-0.5,0.434444279,2/9/2023,threshold,counterfactual_5m,,,,,FORCE_SELL,0.3,0.35,sell,sell_high_broken,0,2/16/2023,308.99,300.2,309.27,297.25,2/10/2023,299.7,2/10/2023,19.08%,40.96%
2/13/2023,120207.0486,0,1,394.9891518,301.47,2/10/2023,2/13/2023,-0.5,-0.5,0.18708489,2/10/2023,threshold,counterfactual_5m,,,,,FORCE_BUY,0.3,0.35,sell,sell_high_broken,0,2/17/2023,301.57,297.25,309.27,298.1,2/13/2023,304.5,2/13/2023,20.21%,43.22%
2/14/2023,120787.6826,0,1,394.9891518,301.47,2/13/2023,2/14/2023,-0.5,-0.5,0.144339811,2/13/2023,threshold,counterfactual_5m,,,,,FORCE_BUY,0.3,0.35,sell,sell_high_broken,0,2/21/2023,305.1,299.93,309.27,293.89,2/14/2023,306.75,2/14/2023,20.79%,44.28%
2/15/2023,122442.6872,0,1,394.9891518,301.47,2/14/2023,2/15/2023,-0.5,-0.5,0.164395126,2/14/2023,threshold,counterfactual_5m,,,,,FORCE_BUY,0.3,0.35,sell,sell_high_broken,0,2/22/2023,307.72,300.91,309.27,292.56,2/15/2023,309.1,2/15/2023,22.44%,45.38%
2/16/2023,119298.5735,0,1,394.9891518,301.47,2/15/2023,2/16/2023,2.245,-0.5,0.118615564,2/15/2023,threshold,counterfactual_5m,,,,,FORCE_BUY,0.3,0.35,sell,sell_high_held,1,2/23/2023,309.27,304.2,308.43,292.55,2/16/2023,303.3,2/16/2023,19.30%,42.66%
2/17/2023,119702.496,0,1,397.023204,299.05,2/16/2023,2/17/2023,2.28,2.195,0.310999936,2/16/2023,threshold,counterfactual_5m,,,,,FREE,0.3,0.35,sell,sell_high_held,1,2/24/2023,308.43,303.15,301.93,290.05,2/17/2023,301.16,2/17/2023,19.70%,41.65%
2/21/2023,116955.0954,0,1,397.023204,299.05,2/17/2023,2/21/2023,2.465,2.355,0.103859105,2/17/2023,threshold,counterfactual_5m,,,,,FORCE_BUY,0.3,0.35,sell,sell_high_held,1,2/27/2023,301.93,298.1,298.73,290.05,2/21/2023,294.03,2/21/2023,16.96%,38.30%
2/22/2023,117455.3447,0,1,397.023204,299.05,2/21/2023,2/22/2023,2.455,-0.5,0.260394129,2/21/2023,threshold,counterfactual_5m,,,,,FORCE_BUY,0.3,0.35,sell,sell_high_held,1,2/28/2023,298.73,293.89,298.13,290.05,2/22/2023,294.25,2/22/2023,17.46%,38.40%
2/23/2023,117725.3204,0,1,397.023204,299.05,2/22/2023,2/23/2023,-0.5,-0.5,0.149642032,2/22/2023,threshold,counterfactual_5m,,,,,FORCE_BUY,0.3,0.35,sell,sell_high_broken,0,3/1/2023,296.36,292.56,298.13,290.05,2/23/2023,296.82,2/23/2023,17.73%,39.61%
2/24/2023,115831.5198,0,1,397.023204,299.05,2/23/2023,2/24/2023,2.145,-0.5,0.139570666,2/23/2023,threshold,counterfactual_5m,,,,,FORCE_BUY,0.3,0.35,sell,sell_high_held,1,3/2/2023,298.13,292.55,296.49,288.37,2/24/2023,291.85,2/24/2023,15.83%,37.27%
2/27/2023,117600.4552,117600.4552,0,0,,2/24/2023,2/27/2023,1.85,-0.5,0.347524258,2/24/2023,threshold,counterfactual_5m,,,,,FREE,0.3,0.35,buy,buy_low_broken,0,3/3/2023,292.97,290.05,299.92,288.37,2/27/2023,293.94,2/27/2023,17.60%,38.25%
2/28/2023,117600.4552,117600.4552,0,0,,2/27/2023,2/28/2023,1.795,-0.5,0.511240124,2/27/2023,threshold,counterfactual_5m,,,,,FORCE_SELL,0.3,0.35,buy,buy_low_broken,0,3/6/2023,296.49,293.34,304,288.37,2/28/2023,293.56,2/28/2023,17.60%,38.07%
3/1/2023,117600.4552,117600.4552,0,0,,2/28/2023,3/1/2023,1.8,-0.5,0.518223023,2/28/2023,threshold,counterfactual_5m,,,,,FORCE_SELL,0.3,0.35,buy,buy_low_broken,0,3/7/2023,296.12,292.96,304,288.37,3/1/2023,291.2,3/1/2023,17.60%,36.96%
3/2/2023,117600.4552,117600.4552,0,0,,3/1/2023,3/2/2023,1.72,-0.5,0.496975348,3/1/2023,threshold,counterfactual_5m,,,,,FORCE_SELL,0.3,0.35,buy,buy_low_broken,0,3/8/2023,293.93,290.2,304,288.37,3/2/2023,293.61,3/2/2023,17.60%,38.10%
3/3/2023,117600.4552,117600.4552,0,0,,3/2/2023,3/3/2023,1.62,-0.5,0.397876682,3/2/2023,threshold,counterfactual_5m,,,,,FORCE_SELL,0.34,0.365,buy,buy_low_held,1,3/9/2023,294.43,288.37,304,291.83,3/3/2023,299.68,3/3/2023,17.60%,40.95%
3/6/2023,117600.4552,117600.4552,0,0,,3/3/2023,3/6/2023,2.19,-0.5,0.45239368,3/3/2023,threshold,counterfactual_5m,,,,,FORCE_SELL,0.34,0.365,buy,buy_low_broken,0,3/10/2023,299.92,294.87,304,287.38,3/6/2023,300.02,3/6/2023,17.60%,41.11%
3/7/2023,117600.4552,117600.4552,0,0,,3/6/2023,3/7/2023,2.21,-0.5,0.635346499,3/6/2023,threshold,counterfactual_5m,,,,,FORCE_SELL,0.34,0.365,buy,buy_low_broken,0,3/13/2023,304,299.82,301.01,285.19,3/7/2023,296.34,3/7/2023,17.60%,39.38%
3/8/2023,117600.4552,117600.4552,0,0,,3/7/2023,3/8/2023,1.845,2.385,0.658144552,3/7/2023,threshold,counterfactual_5m,,,,,FORCE_SELL,0.34,0.365,buy,buy_low_broken,0,3/14/2023,301.01,295.72,300.98,285.19,3/8/2023,297.82,3/8/2023,17.60%,40.08%
3/9/2023,117600.4552,117600.4552,0,0,,3/8/2023,3/9/2023,2.065,2.345,0.381110518,3/8/2023,threshold,counterfactual_5m,,,,,FORCE_SELL,0.34,0.365,buy,buy_low_broken,0,3/15/2023,298.43,294.88,300.98,285.19,3/9/2023,292.66,3/9/2023,17.60%,37.65%
3/10/2023,117600.4552,117600.4552,0,0,,3/9/2023,3/10/2023,2.08,2.38,0.754980922,3/9/2023,threshold,counterfactual_5m,,,,,FORCE_SELL,0.34,0.365,buy,buy_low_broken,0,3/16/2023,300.98,291.83,307.18,285.19,3/10/2023,288.55,3/10/2023,17.60%,35.72%
3/13/2023,117600.4552,117600.4552,0,0,,3/10/2023,3/13/2023,2.43,2.345,0.689335401,3/10/2023,threshold,counterfactual_5m,,,,,FORCE_SELL,0.34,0.365,buy,buy_low_broken,0,3/17/2023,294.35,287.38,309.15,285.19,3/13/2023,290.69,3/13/2023,17.60%,36.72%
3/14/2023,117600.4552,117600.4552,0,0,,3/13/2023,3/14/2023,1.385,2.46,0.623529127,3/13/2023,threshold,counterfactual_5m,,,,,FORCE_SELL,0.34,0.365,buy,buy_low_held,1,3/20/2023,294.47,285.19,309.15,293.24,3/14/2023,297.37,3/14/2023,17.60%,39.87%
3/15/2023,117600.4552,117600.4552,0,0,,3/14/2023,3/15/2023,1.29,2.485,0.460538164,3/14/2023,threshold,counterfactual_5m,,,,,FORCE_SELL,0.34,0.365,buy,buy_low_broken,0,3/21/2023,297.93,293.45,310.8,293.24,3/15/2023,298.93,3/15/2023,17.60%,40.60%
3/16/2023,117600.4552,117600.4552,0,0,,3/15/2023,3/16/2023,-0.5,-0.5,0.48274121,3/15/2023,threshold,counterfactual_5m,,,,,FORCE_SELL,0.34,0.365,buy,buy_low_held,1,3/22/2023,299.27,293.24,315.25,297.19,3/16/2023,306.81,3/16/2023,17.60%,44.31%
3/17/2023,117600.4552,117600.4552,0,0,,3/16/2023,3/17/2023,-0.5,-0.5,0.575104829,3/16/2023,threshold,counterfactual_5m,,,,,FORCE_SELL,0.34,0.365,buy,buy_low_held,1,3/23/2023,307.18,297.19,315.25,302.01,3/17/2023,305.36,3/17/2023,17.60%,43.62%
3/20/2023,117600.4552,117600.4552,0,0,,3/17/2023,3/20/2023,2.215,-0.5,0.646292877,3/17/2023,threshold,counterfactual_5m,,,,,FORCE_SELL,0.34,0.365,buy,buy_low_broken,0,3/24/2023,309.15,303.37,315.25,302.01,3/20/2023,305.97,3/20/2023,17.60%,43.91%
3/21/2023,117600.4552,117600.4552,0,0,,3/20/2023,3/21/2023,2.075,-0.5,0.384824273,3/20/2023,threshold,counterfactual_5m,,,,,FORCE_SELL,0.34,0.365,buy,buy_low_held,1,3/27/2023,306.3,302.01,315.25,305.95,3/21/2023,310.34,3/21/2023,17.60%,45.97%
3/22/2023,117600.4552,117600.4552,0,0,,3/21/2023,3/22/2023,2.075,-0.5,0.166618701,3/21/2023,threshold,counterfactual_5m,,,,,FORCE_BUY,0.3,0.35,sell,sell_high_broken,0,3/28/2023,310.8,306.4,315.25,304.77,3/22/2023,306.12,3/22/2023,17.60%,43.98%
3/23/2023,117600.4552,117600.4552,0,0,,3/22/2023,3/23/2023,2.075,-0.5,0.464171055,3/22/2023,threshold,counterfactual_5m,,,,,FORCE_SELL,0.3,0.35,sell,sell_high_held,1,3/29/2023,315.25,305.95,314.15,304.77,3/23/2023,309.75,3/23/2023,17.60%,45.69%
3/24/2023,117325.5669,0,1,376.562464,311.415,3/23/2023,3/24/2023,-0.5,2.255,0.322044966,3/23/2023,threshold,counterfactual_5m,,,,,FREE,0.3,0.35,sell,sell_high_broken,0,3/30/2023,314.15,307.01,316.32,304.77,3/24/2023,310.89,3/24/2023,17.33%,46.23%
3/27/2023,116467.0045,0,1,376.562464,311.415,3/24/2023,3/27/2023,1.72,1.445,0.139742722,3/24/2023,threshold,counterfactual_5m,,,,,FORCE_BUY,0.34,0.365,sell,sell_high_broken,0,3/31/2023,310.99,306.95,321.17,304.77,3/27/2023,308.76,3/27/2023,16.47%,45.22%
3/28/2023,115890.8639,0,1,376.562464,311.415,3/27/2023,3/28/2023,1.735,1.355,0.312312222,3/27/2023,threshold,counterfactual_5m,,,,,FORCE_BUY,0.34,0.365,sell,sell_high_broken,0,4/3/2023,312.7,307.89,321.17,304.77,3/28/2023,307.12,3/28/2023,15.89%,44.45%
3/29/2023,117547.7388,0,1,376.562464,311.415,3/28/2023,3/29/2023,-0.5,1.7,0.162046809,3/28/2023,threshold,counterfactual_5m,,,,,FORCE_BUY,0.3,0.35,sell,sell_high_broken,0,4/4/2023,308.2,304.77,321.63,310.05,3/29/2023,312.72,3/29/2023,17.55%,47.09%
3/30/2023,118986.2074,0,1,376.562464,311.415,3/29/2023,3/30/2023,1.395,2.12,0.174196651,3/29/2023,threshold,counterfactual_5m,,,,,FORCE_BUY,0.3,0.35,sell,sell_high_broken,0,4/5/2023,313.35,310.05,321.63,312.81,3/30/2023,315.68,3/30/2023,18.99%,48.48%
3/31/2023,121008.3478,0,1,376.562464,311.415,3/30/2023,3/31/2023,1.395,2.12,0.171894915,3/30/2023,threshold,counterfactual_5m,,,,,FORCE_BUY,0.265,0.3,sell,sell_high_broken,0,4/6/2023,316.32,312.81,321.63,312.82,3/31/2023,320.93,3/31/2023,21.01%,50.95%
4/3/2023,120368.1916,0,1,376.562464,311.415,3/31/2023,4/3/2023,1.485,1.985,0.203571964,3/31/2023,threshold,counterfactual_5m,,,,,FORCE_BUY,0.265,0.3,sell,sell_high_broken,0,4/10/2023,321.17,315.6,321.63,312.82,4/3/2023,320.15,4/3/2023,20.37%,50.58%
4/4/2023,120341.8322,0,1,376.562464,311.415,4/3/2023,4/4/2023,1.39,1.985,0.170984479,4/3/2023,threshold,counterfactual_5m,,,,,FORCE_BUY,0.265,0.3,sell,sell_high_broken,0,4/11/2023,320.42,317.42,321.63,312.82,4/4/2023,319.07,4/4/2023,20.34%,50.07%
4/5/2023,118730.1449,0,1,376.562464,311.415,4/4/2023,4/5/2023,2.12,-0.5,0.305048159,4/4/2023,threshold,counterfactual_5m,,,,,FORCE_SELL,0.265,0.3,sell,sell_high_held,1,4/12/2023,321.63,317.83,319.06,312.57,4/5/2023,315.92,4/5/2023,18.73%,48.59%
4/6/2023,118496.6762,118496.6762,0,0,,4/5/2023,4/6/2023,2.07,2.415,0.362924304,4/5/2023,threshold,counterfactual_5m,,,,,FORCE_SELL,0.265,0.3,sell,sell_high_broken,0,4/13/2023,319.06,314.07,319.65,312.57,4/6/2023,318.05,4/6/2023,18.50%,49.59%
4/10/2023,118496.6762,118496.6762,0,0,,4/6/2023,4/10/2023,1.215,2.47,0.213896595,4/6/2023,threshold,counterfactual_5m,,,,,FORCE_BUY,0.34,0.365,sell,sell_high_broken,0,4/14/2023,318.55,312.82,320.36,312.57,4/10/2023,317.87,4/10/2023,18.50%,49.51%
4/11/2023,118515.4209,0,1,374.8945715,316.08,4/10/2023,4/11/2023,1.15,2.385,0.156753713,4/10/2023,threshold,counterfactual_5m,,,,,FORCE_BUY,0.34,0.365,sell,sell_high_broken,0,4/17/2023,317.92,313.25,320.36,312.57,4/11/2023,315.83,4/11/2023,18.52%,48.55%
4/12/2023,117117.0641,0,1,374.8945715,316.08,4/11/2023,4/12/2023,1.265,-0.5,0.295616671,4/11/2023,threshold,counterfactual_5m,,,,,FORCE_BUY,0.34,0.365,sell,sell_high_broken,0,4/18/2023,317.89,315.31,321.42,312.57,4/12/2023,313.04,4/12/2023,17.12%,47.24%
4/13/2023,117743.1381,117743.1381,0,0,,4/12/2023,4/13/2023,1.8,1.71,0.434211247,4/12/2023,threshold,counterfactual_5m,,,,,FORCE_SELL,0.34,0.365,sell,sell_high_broken,0,4/19/2023,318.42,312.57,321.42,313.63,4/13/2023,319.17,4/13/2023,17.74%,50.12%
4/14/2023,117920.6291,0,1,369.773061,318.42,4/13/2023,4/14/2023,1.69,1.245,0.239572816,4/13/2023,threshold,counterfactual_5m,,,,,FORCE_BUY,0.34,0.365,sell,sell_high_broken,0,4/20/2023,319.65,313.63,321.42,314.97,4/14/2023,318.57,4/14/2023,17.92%,49.84%
4/17/2023,117772.7199,0,1,369.773061,318.42,4/14/2023,4/17/2023,1.85,1.155,0.253785301,4/14/2023,threshold,counterfactual_5m,,,,,FORCE_BUY,0.34,0.365,sell,sell_high_broken,0,4/21/2023,320.36,315.61,321.42,314.1,4/17/2023,318.84,4/17/2023,17.77%,49.96%
4/18/2023,117787.5108,0,1,369.773061,318.42,4/17/2023,4/18/2023,1.85,1.225,0.159590877,4/17/2023,threshold,counterfactual_5m,,,,,FORCE_BUY,0.34,0.365,sell,sell_high_broken,0,4/24/2023,319.2,316.04,321.42,313.74,4/18/2023,318.86,4/18/2023,17.79%,49.97%
4/19/2023,117373.365,0,1,369.773061,318.42,4/18/2023,4/19/2023,1.5,1.44,0.3027962,4/18/2023,threshold,counterfactual_5m,,,,,FORCE_BUY,0.34,0.37,sell,sell_high_held,1,4/25/2023,321.42,317.64,319.79,309.89,4/19/2023,318.71,4/19/2023,17.37%,49.90%
4/20/2023,117018.3829,0,1,369.773061,318.42,4/19/2023,4/20/2023,1.48,1.445,0.2022625,4/19/2023,threshold,counterfactual_5m,,,,,FORCE_BUY,0.34,0.37,sell,sell_high_held,1,4/26/2023,319.79,316.28,319.27,309.89,4/20/2023,316.28,4/20/2023,17.02%,48.76%
4/21/2023,117025.7783,0,1,369.773061,318.42,4/20/2023,4/21/2023,1.335,1.165,0.296878204,4/20/2023,threshold,counterfactual_5m,,,,,FORCE_BUY,0.34,0.37,sell,sell_high_broken,0,4/27/2023,319.27,314.97,320.86,309.89,4/21/2023,316.61,4/21/2023,17.03%,48.92%
4/24/2023,116752.1463,0,1,369.773061,318.42,4/21/2023,4/24/2023,1.4,1.085,0.168326351,4/21/2023,threshold,counterfactual_5m,,,,,FORCE_BUY,0.34,0.37,sell,sell_high_broken,0,4/28/2023,317.4,314.1,322.65,309.89,4/24/2023,315.95,4/24/2023,16.75%,48.61%
4/25/2023,115971.9251,0,1,369.773061,318.42,4/24/2023,4/25/2023,1.93,-0.5,0.208750586,4/24/2023,threshold,counterfactual_5m,,,,,FORCE_BUY,0.34,0.37,sell,sell_high_broken,0,5/1/2023,317.74,313.74,323.63,309.89,4/25/2023,309.99,4/25/2023,15.97%,45.80%
4/26/2023,116241.8594,116241.8594,0,0,,4/25/2023,4/26/2023,1.76,0.85,0.380469594,4/25/2023,threshold,counterfactual_5m,,,,,FORCE_SELL,0.34,0.37,sell,sell_high_broken,0,5/2/2023,314.97,309.89,323.63,311.34,4/26/2023,311.87,4/26/2023,16.24%,46.69%
4/27/2023,116045.9401,0,1,362.8136317,320.39,4/26/2023,4/27/2023,-0.5,1.415,0.311729046,4/26/2023,threshold,counterfactual_5m,,,,,FORCE_BUY,0.34,0.37,sell,sell_high_broken,0,5/3/2023,314.94,311.34,323.63,315.05,4/27/2023,320.35,4/27/2023,16.05%,50.67%
4/28/2023,117116.2403,0,1,362.8136317,320.39,4/27/2023,4/28/2023,-0.5,1.785,0.214038353,4/27/2023,threshold,counterfactual_5m,,,,,FORCE_BUY,0.34,0.37,sell,sell_high_broken,0,5/4/2023,320.86,315.05,323.63,315.12,4/28/2023,322.56,4/28/2023,17.12%,51.71%
5/1/2023,116746.1704,0,1,362.8136317,320.39,4/28/2023,5/1/2023,0.955,-0.5,0.157050714,4/28/2023,threshold,counterfactual_5m,,,,,FORCE_BUY,0.34,0.37,sell,sell_high_broken,0,5/5/2023,322.65,318.96,323.76,315.12,5/1/2023,322.19,5/1/2023,16.75%,51.54%
5/2/2023,115846.3926,0,1,362.8136317,320.39,5/1/2023,5/2/2023,1.615,0.92,0.23756906,5/1/2023,threshold,counterfactual_5m,,,,,FORCE_BUY,0.34,0.37,sell,sell_high_broken,0,5/8/2023,323.63,321.09,324.04,315.12,5/2/2023,319.38,5/2/2023,15.85%,50.22%
5/3/2023,115770.6921,115770.6921,0,0,,5/2/2023,5/3/2023,1.745,1.85,0.360278406,5/2/2023,threshold,counterfactual_5m,,,,,FREE,0.34,0.37,sell,sell_high_broken,0,5/9/2023,322.45,317.61,324.04,315.12,5/3/2023,317.29,5/3/2023,15.77%,49.24%
5/4/2023,115770.6921,115770.6921,0,0,,5/3/2023,5/4/2023,1.595,-0.5,0.42382343,5/3/2023,threshold,counterfactual_5m,,,,,FORCE_SELL,0.34,0.37,sell,sell_high_broken,0,5/10/2023,322.47,317.18,326.01,315.12,5/4/2023,316.17,5/4/2023,15.77%,48.71%
5/5/2023,116351.2765,0,1,360.6114257,321.04,5/4/2023,5/5/2023,1.385,1.465,0.262936323,5/4/2023,threshold,counterfactual_5m,,,,,FORCE_BUY,0.34,0.37,sell,sell_high_broken,0,5/11/2023,318.23,315.12,326.75,316.21,5/5/2023,322.89,5/5/2023,16.35%,51.87%
5/8/2023,116585.6739,0,1,360.6114257,321.04,5/5/2023,5/8/2023,1.385,1.465,0.240725148,5/5/2023,threshold,counterfactual_5m,,,,,FORCE_BUY,0.34,0.37,sell,sell_high_broken,0,5/12/2023,323.76,316.21,327.17,321.32,5/8/2023,323.69,5/8/2023,16.59%,52.25%
5/9/2023,116051.969,0,1,360.6114257,321.04,5/8/2023,5/9/2023,1.58,1.105,0.128301684,5/8/2023,threshold,counterfactual_5m,,,,,FORCE_BUY,0.34,0.37,sell,sell_high_broken,0,5/15/2023,324.04,321.32,327.17,321.32,5/9/2023,321.64,5/9/2023,16.05%,51.28%
5/10/2023,117364.5946,0,1,360.6114257,321.04,5/9/2023,5/10/2023,1.07,1.65,0.268886078,5/9/2023,threshold,counterfactual_5m,,,,,FORCE_BUY,0.34,0.37,sell,sell_high_broken,0,5/16/2023,322.88,321.32,328.9,321.6,5/10/2023,325.14,5/10/2023,17.36%,52.93%
5/11/2023,117707.1755,0,1,360.6114257,321.04,5/10/2023,5/11/2023,1.225,1.655,0.198428292,5/10/2023,threshold,counterfactual_5m,,,,,FORCE_BUY,0.34,0.37,sell,sell_high_broken,0,5/17/2023,326.01,321.6,331.71,322.94,5/11/2023,326.2,5/11/2023,17.71%,53.43%
5/12/2023,116946.2854,0,1,360.6114257,321.04,5/11/2023,5/12/2023,1.115,0.995,0.157400691,5/11/2023,threshold,counterfactual_5m,,,,,FORCE_BUY,0.34,0.37,sell,sell_high_broken,0,5/18/2023,326.75,324.12,337.49,322.94,5/12/2023,325.03,5/12/2023,16.95%,52.88%
5/15/2023,117764.8733,0,1,360.6114257,321.04,5/12/2023,5/15/2023,1.115,0.995,0.244162128,5/12/2023,threshold,counterfactual_5m,,,,,FORCE_BUY,0.34,0.37,sell,sell_high_broken,0,5/19/2023,327.17,322.94,338.21,323.96,5/15/2023,326.79,5/15/2023,17.76%,53.70%
5/16/2023,118136.3031,0,1,360.6114257,321.04,5/15/2023,5/16/2023,-0.5,1.525,0.14662713,5/15/2023,threshold,counterfactual_5m,,,,,FORCE_BUY,0.34,0.37,sell,sell_high_broken,0,5/22/2023,327.03,323.96,338.67,326.02,5/16/2023,327.16,5/16/2023,18.14%,53.88%
5/17/2023,119402.0492,0,1,360.6114257,321.04,5/16/2023,5/17/2023,0.99,1.55,0.244406664,5/16/2023,threshold,counterfactual_5m,,,,,FORCE_BUY,0.265,0.295,sell,sell_high_broken,0,5/23/2023,328.9,326.02,338.67,327.04,5/17/2023,331.12,5/17/2023,19.40%,55.74%
5/18/2023,121962.3903,0,1,360.6114257,321.04,5/17/2023,5/18/2023,1.26,1.53,0.20442798,5/17/2023,threshold,counterfactual_5m,,,,,FORCE_BUY,0.265,0.295,sell,sell_high_broken,0,5/24/2023,331.71,327.04,338.67,329.56,5/18/2023,337.27,5/18/2023,21.96%,58.63%
5/19/2023,121331.3203,0,1,360.6114257,321.04,5/18/2023,5/19/2023,1.13,1.305,0.222842021,5/18/2023,threshold,counterfactual_5m,,,,,FORCE_BUY,0.265,0.295,sell,sell_high_broken,0,5/25/2023,337.49,331.5,341.01,329.56,5/19/2023,336.51,5/19/2023,21.33%,58.28%
5/22/2023,122095.8165,0,1,360.6114257,321.04,5/19/2023,5/22/2023,1.13,1.305,0.272673624,5/19/2023,threshold,counterfactual_5m,,,,,FORCE_BUY,0.305,0.35,sell,sell_high_broken,0,5/26/2023,338.21,335.43,349.25,329.56,5/22/2023,337.64,5/22/2023,22.10%,58.81%
5/23/2023,120404.5489,0,1,360.6114257,321.04,5/22/2023,5/23/2023,2.445,-0.5,0.212106788,5/22/2023,threshold,counterfactual_5m,,,,,FORCE_BUY,0.305,0.35,sell,sell_high_broken,0,5/30/2023,338.67,336.24,353.93,329.56,5/23/2023,333.36,5/23/2023,20.40%,56.79%
5/24/2023,119445.3225,119445.3225,0,0,,5/23/2023,5/24/2023,2.435,1.185,0.464851438,5/23/2023,threshold,counterfactual_5m,,,,,FORCE_SELL,0.305,0.35,sell,sell_high_broken,0,5/31/2023,337.06,333,353.93,329.56,5/24/2023,331.65,5/24/2023,19.45%,55.99%
5/25/2023,119445.3225,119445.3225,0,0,,5/24/2023,5/25/2023,-0.5,0.905,0.258165206,5/24/2023,threshold,counterfactual_5m,,,,,FORCE_BUY,0.305,0.35,sell,sell_high_broken,0,6/1/2023,332.91,329.56,353.93,336.67,5/25/2023,339.72,5/25/2023,19.45%,59.79%
5/26/2023,119445.3225,119445.3225,0,0,,5/25/2023,5/26/2023,-0.5,0.905,0.253838527,5/25/2023,threshold,counterfactual_5m,,,,,FORCE_BUY,0.305,0.35,sell,sell_high_broken,0,6/2/2023,341.01,336.67,355.83,340.66,5/26/2023,348.4,5/26/2023,19.45%,63.87%
5/30/2023,119445.3225,119445.3225,0,0,,5/26/2023,5/30/2023,-0.5,-0.5,0.354830138,5/26/2023,threshold,counterfactual_5m,,,,,FORCE_SELL,0.305,0.35,sell,sell_high_broken,0,6/5/2023,349.25,340.66,357.5,346.51,5/30/2023,349.98,5/30/2023,19.45%,64.61%
5/31/2023,119445.3225,119445.3225,0,0,,5/30/2023,5/31/2023,2.345,1.82,0.423170941,5/30/2023,threshold,counterfactual_5m,,,,,FORCE_SELL,0.305,0.35,sell,sell_high_broken,0,6/6/2023,353.93,348.53,357.5,346.51,5/31/2023,347.99,5/31/2023,19.45%,63.68%
6/1/2023,119445.3225,119445.3225,0,0,,5/31/2023,6/1/2023,2.025,1.795,0.390637832,5/31/2023,threshold,counterfactual_5m,,,,,FORCE_SELL,0.305,0.35,sell,sell_high_broken,0,6/7/2023,350.6,346.51,357.5,346.66,6/1/2023,352.01,6/1/2023,19.45%,65.57%
6/2/2023,119445.3225,119445.3225,0,0,,6/1/2023,6/2/2023,-0.5,2.125,0.323849034,6/1/2023,threshold,counterfactual_5m,,,,,FREE,0.305,0.35,sell,sell_high_broken,0,6/8/2023,353.36,346.66,357.5,348.18,6/2/2023,354.65,6/2/2023,19.45%,66.81%
6/5/2023,119529.6504,0,1,337.3113511,354.11,6/2/2023,6/5/2023,-0.5,2.125,0.244284281,6/2/2023,threshold,counterfactual_5m,,,,,FORCE_BUY,0.305,0.35,sell,sell_high_broken,0,6/9/2023,355.83,352.01,357.66,348.18,6/5/2023,354.9,6/5/2023,19.53%,66.93%
6/6/2023,119792.7532,0,1,337.3113511,354.11,6/5/2023,6/6/2023,0.98,1.72,0.310253554,6/5/2023,threshold,counterfactual_5m,,,,,FREE,0.305,0.35,sell,sell_high_broken,0,6/12/2023,357.5,353.85,360.59,348.18,6/6/2023,354.84,6/6/2023,19.79%,66.90%
6/7/2023,117644.0799,0,1,337.3113511,354.11,6/6/2023,6/7/2023,2.005,-0.5,0.223718069,6/6/2023,threshold,counterfactual_5m,,,,,FORCE_BUY,0.305,0.35,sell,sell_high_broken,0,6/13/2023,355.82,352.93,364.11,348.18,6/7/2023,348.82,6/7/2023,17.64%,64.07%
6/8/2023,117657.5724,117657.5724,0,0,,6/7/2023,6/8/2023,1.56,-0.5,0.546966816,6/7/2023,threshold,counterfactual_5m,,,,,FORCE_SELL,0.305,0.35,sell,sell_high_broken,0,6/14/2023,357.12,348.18,366.19,348.89,6/8/2023,353.15,6/8/2023,17.66%,66.10%
6/9/2023,117823.8728,0,1,332.6009113,353.75,6/8/2023,6/9/2023,1.165,1.865,0.210793237,6/8/2023,threshold,counterfactual_5m,,,,,FORCE_BUY,0.305,0.35,sell,sell_high_broken,0,6/15/2023,353.62,348.89,371.77,353.03,6/9/2023,354.5,6/9/2023,17.82%,66.74%
6/12/2023,120065.603,0,1,332.6009113,353.75,6/9/2023,6/12/2023,1.065,1.62,0.32280217,6/9/2023,threshold,counterfactual_5m,,,,,FREE,0.305,0.35,sell,sell_high_broken,0,6/16/2023,357.66,353.03,372.85,355.2,6/12/2023,360.49,6/12/2023,20.07%,69.55%
6/13/2023,120910.4093,0,1,332.6009113,353.75,6/12/2023,6/13/2023,1.09,2.42,0.201469331,6/12/2023,threshold,counterfactual_5m,,,,,FORCE_BUY,0.305,0.35,sell,sell_high_broken,0,6/20/2023,360.59,355.2,372.85,360.03,6/13/2023,363.26,6/13/2023,20.91%,70.86%
6/14/2023,121791.8017,0,1,332.6009113,353.75,6/13/2023,6/14/2023,1.105,2.25,0.200982096,6/13/2023,threshold,counterfactual_5m,,,,,FORCE_BUY,0.305,0.35,sell,sell_high_broken,0,6/21/2023,364.11,360.03,372.85,360.42,6/14/2023,365.9,6/14/2023,21.79%,72.10%
6/15/2023,122999.143,0,1,332.6009113,353.75,6/14/2023,6/15/2023,1.005,2.185,0.205191212,6/14/2023,threshold,counterfactual_5m,,,,,FORCE_BUY,0.305,0.35,sell,sell_high_broken,0,6/22/2023,366.19,360.42,372.85,360.22,6/15/2023,370.26,6/15/2023,23.00%,74.15%
6/16/2023,122987.984,0,1,333.8707929,369.3,6/15/2023,6/16/2023,1.185,2.49,0.31068701,6/15/2023,threshold,counterfactual_5m,,,,,FREE,0.305,0.35,sell,sell_high_broken,0,6/23/2023,371.77,363.98,372.85,360.22,6/16/2023,367.93,6/16/2023,22.99%,73.05%
6/20/2023,122450.452,122450.452,0,0,,6/16/2023,6/20/2023,-0.5,2.035,0.411481807,6/16/2023,threshold,counterfactual_5m,,,,,FORCE_SELL,0.305,0.35,sell,sell_high_held,1,6/26/2023,372.85,367.48,368.32,357.59,6/20/2023,366.9,6/20/2023,22.45%,72.57%
6/21/2023,122352.4024,0,1,338.1021399,362.17,6/20/2023,6/21/2023,2.12,1.08,0.23406711,6/20/2023,threshold,counterfactual_5m,,,,,FORCE_BUY,0.305,0.35,sell,sell_high_held,1,6/27/2023,368.32,363.89,366.33,357.59,6/21/2023,361.9,6/21/2023,22.35%,70.22%
6/22/2023,123897.5292,0,1,338.1021399,362.17,6/21/2023,6/22/2023,2.18,0.845,0.367098953,6/21/2023,threshold,counterfactual_5m,,,,,FORCE_SELL,0.305,0.35,sell,sell_high_broken,0,6/28/2023,366.18,360.96,366.52,357.59,6/22/2023,366.17,6/22/2023,23.90%,72.23%
6/23/2023,122453.833,0,1,338.1021399,362.17,6/22/2023,6/23/2023,2.38,0.94,0.200455742,6/22/2023,threshold,counterfactual_5m,,,,,FORCE_BUY,0.305,0.35,sell,sell_high_broken,0,6/29/2023,366.33,360.22,366.52,357.59,6/23/2023,362.54,6/23/2023,22.45%,70.52%
6/26/2023,121243.4274,0,1,338.1021399,362.17,6/23/2023,6/26/2023,1.945,1.34,0.26409745,6/23/2023,threshold,counterfactual_5m,,,,,FORCE_BUY,0.305,0.35,sell,sell_high_broken,0,6/30/2023,364.88,360.82,370.49,357.59,6/26/2023,357.68,6/26/2023,21.24%,68.23%
6/27/2023,121463.1938,121463.1938,0,0,,6/26/2023,6/27/2023,1.9,1.475,0.42548988,6/26/2023,threshold,counterfactual_5m,,,,,FORCE_SELL,0.305,0.35,sell,sell_high_broken,0,7/3/2023,364.84,357.59,370.93,358.51,6/27/2023,363.83,6/27/2023,21.46%,71.13%
6/28/2023,122610.7824,0,1,335.5522232,361.98,6/27/2023,6/28/2023,2.06,1.54,0.200433069,6/27/2023,threshold,counterfactual_5m,,,,,FORCE_BUY,0.305,0.35,sell,sell_high_broken,0,7/5/2023,364.57,358.51,372.01,361.9,6/28/2023,364.54,6/28/2023,22.61%,71.46%
6/29/2023,122214.8307,0,1,335.5522232,361.98,6/28/2023,6/29/2023,1.88,1.5,0.229322512,6/28/2023,threshold,counterfactual_5m,,,,,FORCE_BUY,0.305,0.35,sell,sell_high_broken,0,7/6/2023,366.52,361.9,372.01,362.14,6/29/2023,363.81,6/29/2023,22.21%,71.12%
6/30/2023,123902.6584,0,1,335.5522232,361.98,6/29/2023,6/30/2023,1.79,1.475,0.178365798,6/29/2023,threshold,counterfactual_5m,,,,,FORCE_BUY,0.305,0.35,sell,sell_high_broken,0,7/7/2023,364.89,362.14,372.01,364.52,6/30/2023,369.42,6/30/2023,23.90%,73.75%
7/3/2023,124171.1002,0,1,335.5522232,361.98,6/30/2023,7/3/2023,1.575,1.53,0.216501574,6/30/2023,threshold,counterfactual_5m,,,,,FORCE_BUY,0.305,0.35,sell,sell_high_broken,0,7/10/2023,370.49,367.23,372.01,363.41,7/3/2023,370.29,7/3/2023,24.17%,74.16%
7/5/2023,124208.011,0,1,335.5522232,361.98,7/3/2023,7/5/2023,2.265,1.8,0.1717911,7/3/2023,threshold,counterfactual_5m,,,,,FORCE_BUY,0.31,0.36,sell,sell_high_broken,0,7/11/2023,370.93,368.97,372.01,363.41,7/5/2023,370.28,7/5/2023,24.21%,74.16%
7/6/2023,123234.9095,0,1,335.5522232,361.98,7/5/2023,7/6/2023,2.265,1.845,0.231770654,7/5/2023,threshold,counterfactual_5m,,,,,FORCE_BUY,0.31,0.36,sell,sell_high_broken,0,7/12/2023,372.01,368.66,374.19,363.41,7/6/2023,367.46,7/6/2023,23.23%,72.83%
7/7/2023,122939.6235,0,1,335.5522232,361.98,7/6/2023,7/7/2023,1.17,2.145,0.172999608,7/6/2023,threshold,counterfactual_5m,,,,,FORCE_BUY,0.31,0.36,sell,sell_high_broken,0,7/13/2023,367.91,364.52,379.99,363.41,7/7/2023,366.24,7/7/2023,22.94%,72.26%
7/10/2023,122979.8898,0,1,335.5522232,361.98,7/7/2023,7/10/2023,1.14,1.21,0.352125506,7/7/2023,threshold,counterfactual_5m,,,,,FREE,0.31,0.36,sell,sell_high_broken,0,7/14/2023,370.48,366.01,382.86,363.41,7/10/2023,366.36,7/10/2023,22.98%,72.32%
7/11/2023,123580.5283,0,1,335.5522232,361.98,7/10/2023,7/11/2023,1.15,1.24,0.149327994,7/10/2023,threshold,counterfactual_5m,,,,,FORCE_BUY,0.31,0.36,sell,sell_high_broken,0,7/17/2023,367.05,363.41,383.5,364.62,7/11/2023,368.17,7/11/2023,23.58%,73.17%
7/12/2023,125275.067,0,1,335.5522232,361.98,7/11/2023,7/12/2023,1.15,1.24,0.154075452,7/11/2023,threshold,counterfactual_5m,,,,,FORCE_BUY,0.305,0.35,sell,sell_high_broken,0,7/18/2023,368.63,364.62,387.13,370.3,7/12/2023,372.82,7/12/2023,25.28%,75.35%
7/13/2023,127278.3138,0,1,335.5522232,361.98,7/12/2023,7/13/2023,1.15,1.24,0.195792039,7/12/2023,threshold,counterfactual_5m,,,,,FORCE_BUY,0.305,0.35,sell,sell_high_broken,0,7/19/2023,374.19,370.3,387.98,375.46,7/13/2023,379.15,7/13/2023,27.28%,78.33%
7/14/2023,127211.2033,0,1,335.5522232,361.98,7/13/2023,7/14/2023,1.6,1.36,0.215758265,7/13/2023,threshold,counterfactual_5m,,,,,FORCE_BUY,0.305,0.35,sell,sell_high_broken,0,7/20/2023,379.99,375.46,387.98,375.72,7/14/2023,379.07,7/14/2023,27.21%,78.29%
7/17/2023,127321.9356,127321.9356,0,0,,7/14/2023,7/17/2023,1.26,1.08,0.336879144,7/14/2023,threshold,counterfactual_5m,,,,,FREE,0.305,0.35,sell,sell_high_broken,0,7/21/2023,382.86,378.18,387.98,375.19,7/17/2023,382.61,7/17/2023,27.32%,79.96%
7/18/2023,127388.3592,0,1,330.4659873,385.28,7/17/2023,7/18/2023,1.05,1.185,0.202066865,7/17/2023,threshold,counterfactual_5m,,,,,FORCE_BUY,0.305,0.35,sell,sell_high_broken,0,7/24/2023,383.5,379.31,387.98,374.34,7/18/2023,385.74,7/18/2023,27.39%,81.43%
7/19/2023,126568.4731,0,1,330.4659873,385.28,7/18/2023,7/19/2023,0.99,1.145,0.271135408,7/18/2023,threshold,counterfactual_5m,,,,,FORCE_BUY,0.305,0.35,sell,sell_high_broken,0,7/25/2023,387.13,380,387.98,374.34,7/19/2023,385.65,7/19/2023,26.57%,81.39%
7/20/2023,124410.5302,0,1,330.4659873,385.28,7/19/2023,7/20/2023,1.975,-0.5,0.312724494,7/19/2023,threshold,counterfactual_5m,,,,,FREE,0.305,0.35,sell,sell_high_held,1,7/26/2023,387.98,384.3,384.1,374.34,7/20/2023,376.76,7/20/2023,24.41%,77.21%
7/21/2023,124859.964,124859.964,0,0,,7/20/2023,7/21/2023,1.76,-0.5,0.556886624,7/20/2023,threshold,counterfactual_5m,,,,,FORCE_SELL,0.305,0.35,sell,sell_high_broken,0,7/27/2023,384.1,375.72,384.71,374.34,7/21/2023,375.63,7/21/2023,24.86%,76.68%
7/24/2023,124859.964,124859.964,0,0,,7/21/2023,7/24/2023,1.76,-0.5,0.422270948,7/21/2023,threshold,counterfactual_5m,,,,,FORCE_SELL,0.305,0.35,sell,sell_high_broken,0,7/28/2023,379.92,375.19,384.71,374.34,7/24/2023,376.23,7/24/2023,24.86%,76.96%
7/25/2023,125094.9244,0,1,330.9301987,377.3,7/24/2023,7/25/2023,1.79,1.12,0.210675328,7/24/2023,threshold,counterfactual_5m,,,,,FORCE_BUY,0.305,0.35,sell,sell_high_broken,0,7/31/2023,377.58,374.34,384.88,375.18,7/25/2023,378.78,7/25/2023,25.09%,78.16%
7/26/2023,125263.6988,0,1,330.9301987,377.3,7/25/2023,7/26/2023,-0.5,-0.5,0.229499514,7/25/2023,threshold,counterfactual_5m,,,,,FORCE_BUY,0.305,0.35,sell,sell_high_broken,0,8/1/2023,380.47,376.93,384.88,375.18,7/26/2023,377.52,7/26/2023,25.26%,77.56%
7/27/2023,124800.3965,0,1,330.9301987,377.3,7/26/2023,7/27/2023,2.29,1.6,0.245792814,7/26/2023,threshold,counterfactual_5m,,,,,FORCE_BUY,0.305,0.35,sell,sell_high_broken,0,8/2/2023,379.24,375.18,384.88,373.13,7/27/2023,376.62,7/27/2023,24.80%,77.14%
7/28/2023,126987.8452,0,1,330.9301987,377.3,7/27/2023,7/28/2023,2.16,1.595,0.579077621,7/27/2023,threshold,counterfactual_5m,,,,,FORCE_SELL,0.305,0.35,sell,sell_high_broken,0,8/3/2023,384.71,375.31,384.88,371.77,7/28/2023,383.48,7/28/2023,26.99%,80.37%
7/31/2023,127017.6289,0,1,330.9301987,377.3,7/28/2023,7/31/2023,1.635,-0.5,0.23008453,7/28/2023,threshold,counterfactual_5m,,,,,FORCE_BUY,0.305,0.35,sell,sell_high_broken,0,8/4/2023,384.52,380.22,384.88,371.53,7/31/2023,383.68,7/31/2023,27.02%,80.46%
8/1/2023,126173.7569,0,1,330.9301987,377.3,7/31/2023,8/1/2023,1.61,-0.5,0.222588933,7/31/2023,threshold,counterfactual_5m,,,,,FORCE_BUY,0.305,0.35,sell,sell_high_held,1,8/7/2023,384.88,382.34,383.56,371.51,8/1/2023,382.79,8/1/2023,26.17%,80.04%
8/2/2023,124088.8966,0,1,330.9301987,377.3,8/1/2023,8/2/2023,1.75,1.175,0.18854319,8/1/2023,threshold,counterfactual_5m,,,,,FORCE_BUY,0.305,0.35,sell,sell_high_held,1,8/8/2023,383.56,380.69,379.26,368.82,8/2/2023,374.39,8/2/2023,24.09%,76.09%
8/3/2023,124029.3292,124029.3292,0,0,,8/2/2023,8/3/2023,1.91,-0.5,0.380346961,8/2/2023,threshold,counterfactual_5m,,,,,FORCE_SELL,0.305,0.35,sell,sell_high_held,1,8/9/2023,379.26,373.13,378.1,367.14,8/3/2023,373.79,8/3/2023,24.03%,75.81%
8/4/2023,122705.936,0,1,330.023227,375.82,8/3/2023,8/4/2023,1.845,-0.5,0.248021116,8/3/2023,threshold,counterfactual_5m,,,,,FORCE_BUY,0.305,0.35,sell,sell_high_broken,0,8/10/2023,375.95,371.77,378.1,367.04,8/4/2023,372.04,8/4/2023,22.71%,74.99%
8/7/2023,123511.1927,123511.1927,0,0,,8/4/2023,8/7/2023,1.845,-0.5,0.445829136,8/4/2023,threshold,counterfactual_5m,,,,,FORCE_SELL,0.19,0.23,sell,sell_high_held,1,8/11/2023,378.1,371.53,375.29,364.69,8/7/2023,375.19,8/7/2023,23.51%,76.47%
8/8/2023,123094.2605,0,1,330.8985498,373.26,8/7/2023,8/8/2023,2.075,-0.5,0.141771932,8/7/2023,threshold,counterfactual_5m,,,,,FORCE_BUY,0.19,0.23,sell,sell_high_held,1,8/14/2023,375.29,371.51,374.36,364.69,8/8/2023,372,8/8/2023,23.09%,74.97%
8/9/2023,122055.2391,0,1,330.8985498,373.26,8/8/2023,8/9/2023,2.14,1.345,0.156719796,8/8/2023,threshold,counterfactual_5m,,,,,FORCE_BUY,0.19,0.23,sell,sell_high_broken,0,8/15/2023,372.66,368.82,374.36,364.69,8/9/2023,367.91,8/9/2023,22.06%,73.04%
8/10/2023,122531.733,122531.733,0,0,,8/9/2023,8/10/2023,2.48,1.8,0.356870386,8/9/2023,threshold,counterfactual_5m,,,,,FORCE_SELL,0.19,0.23,sell,sell_high_broken,0,8/16/2023,372.45,367.14,374.36,362.44,8/10/2023,368.59,8/10/2023,22.53%,73.36%
8/11/2023,122531.733,122531.733,0,0,,8/10/2023,8/11/2023,1.965,-0.5,0.418787729,8/10/2023,threshold,counterfactual_5m,,,,,FORCE_SELL,0.31,0.36,sell,sell_high_held,1,8/17/2023,374.36,367.04,370.47,358.16,8/11/2023,366.24,8/11/2023,22.53%,72.26%
8/14/2023,124228.6352,0,1,334.6947091,366.1,8/11/2023,8/14/2023,1.59,1.56,0.212815735,8/11/2023,threshold,counterfactual_5m,,,,,FORCE_BUY,0.31,0.36,sell,sell_high_broken,0,8/18/2023,368,364.69,370.47,354.71,8/14/2023,370.35,8/14/2023,24.23%,74.19%
8/15/2023,122786.101,0,1,334.6947091,366.1,8/14/2023,8/15/2023,1.6,1.555,0.16751771,8/14/2023,threshold,counterfactual_5m,,,,,FORCE_BUY,0.31,0.36,sell,sell_high_held,1,8/21/2023,370.47,364.7,370.17,354.71,8/15/2023,366.42,8/15/2023,22.79%,72.34%
8/16/2023,123023.7342,123023.7342,0,0,,8/15/2023,8/16/2023,2.375,-0.5,0.34779086,8/15/2023,threshold,counterfactual_5m,,,,,FORCE_SELL,0.19,0.23,sell,sell_high_held,1,8/22/2023,370.17,365.74,367.43,354.71,8/16/2023,362.54,8/16/2023,23.02%,70.52%
8/17/2023,123023.7342,123023.7342,0,0,,8/16/2023,8/17/2023,2.365,2.205,0.375510252,8/16/2023,threshold,counterfactual_5m,,,,,FORCE_SELL,0.19,0.23,sell,sell_high_broken,0,8/23/2023,367.43,362.44,370.22,354.71,8/17/2023,358.58,8/17/2023,23.02%,68.66%
8/18/2023,123023.7342,123023.7342,0,0,,8/17/2023,8/18/2023,2.2,2.21,0.384017959,8/17/2023,threshold,counterfactual_5m,,,,,FORCE_SELL,0.19,0.23,sell,sell_high_broken,0,8/24/2023,364.31,358.16,372.74,354.71,8/18/2023,358.13,8/18/2023,23.02%,68.44%
8/21/2023,123023.7342,123023.7342,0,0,,8/18/2023,8/21/2023,2.2,2.21,0.172931498,8/18/2023,threshold,counterfactual_5m,,,,,FORCE_BUY,0.19,0.23,sell,sell_high_broken,0,8/25/2023,359.41,354.71,372.74,358.58,8/21/2023,363.9,8/21/2023,23.02%,71.16%
8/22/2023,123023.7342,123023.7342,0,0,,8/21/2023,8/22/2023,-0.5,1.725,0.165393505,8/21/2023,threshold,counterfactual_5m,,,,,FORCE_BUY,0.19,0.23,sell,sell_high_broken,0,8/28/2023,364.59,359.15,372.74,358.58,8/22/2023,363.38,8/22/2023,23.02%,70.91%
8/23/2023,123023.7342,123023.7342,0,0,,8/22/2023,8/23/2023,1.64,1.95,0.296446269,8/22/2023,threshold,counterfactual_5m,,,,,FORCE_SELL,0.19,0.23,sell,sell_high_broken,0,8/29/2023,366.56,362.68,375.13,358.58,8/23/2023,369.11,8/23/2023,23.02%,73.61%
8/24/2023,121448.8366,0,1,336.516588,365.58,8/23/2023,8/24/2023,1.7,2.04,0.221743805,8/23/2023,threshold,counterfactual_5m,,,,,FORCE_BUY,0.31,0.36,sell,sell_high_broken,0,8/30/2023,370.22,364.36,377.45,358.58,8/24/2023,361.22,8/24/2023,21.45%,69.90%
8/25/2023,121802.179,121802.179,0,0,,8/24/2023,8/25/2023,1.53,1.31,0.573698652,8/24/2023,threshold,counterfactual_5m,,,,,FORCE_SELL,0.19,0.22,sell,sell_high_broken,0,8/31/2023,372.74,361.01,379.72,358.58,8/25/2023,364.02,8/25/2023,21.80%,71.21%
8/28/2023,121802.179,121802.179,0,0,,8/25/2023,8/28/2023,1.53,1.31,0.244716825,8/25/2023,threshold,counterfactual_5m,,,,,FORCE_SELL,0.19,0.22,sell,sell_high_broken,0,9/1/2023,365.74,358.58,380.83,364.25,8/28/2023,366.76,8/28/2023,21.80%,72.50%
8/29/2023,121802.179,121802.179,0,0,,8/28/2023,8/29/2023,1.53,1.31,0.189066328,8/28/2023,threshold,counterfactual_5m,,,,,FORCE_BUY,0.19,0.22,sell,sell_high_broken,0,9/5/2023,367.71,364.25,380.83,366.23,8/29/2023,374.77,8/29/2023,21.80%,76.27%
8/30/2023,121802.179,121802.179,0,0,,8/29/2023,8/30/2023,1.53,1.31,0.258298984,8/29/2023,threshold,counterfactual_5m,,,,,FORCE_SELL,0.19,0.22,sell,sell_high_broken,0,9/6/2023,375.13,366.23,380.83,372.7,8/30/2023,376.86,8/30/2023,21.80%,77.25%
8/31/2023,122329.6573,0,1,323.60631,376.39,8/30/2023,8/31/2023,1.405,0.89,0.183614222,8/30/2023,threshold,counterfactual_5m,,,,,FORCE_BUY,0.31,0.36,sell,sell_high_broken,0,9/7/2023,377.45,373.86,380.83,369.15,8/31/2023,377.99,8/31/2023,22.33%,77.79%
9/1/2023,122129.0214,0,1,323.60631,376.39,8/31/2023,9/1/2023,1.57,0.965,0.272971362,8/31/2023,threshold,counterfactual_5m,,,,,FORCE_BUY,0.31,0.36,sell,sell_high_broken,0,9/8/2023,379.72,376.87,380.83,369.15,9/1/2023,377.59,9/1/2023,22.13%,77.60%
9/5/2023,122898.2879,0,1,325.3687596,377.9,9/1/2023,9/5/2023,1.39,1.09,0.326241177,9/1/2023,threshold,counterfactual_5m,,,,,FREE,0.31,0.36,sell,sell_high_held,1,9/11/2023,380.83,376.08,379.31,369.15,9/5/2023,378.07,9/5/2023,22.90%,77.82%
9/6/2023,121886.391,0,1,325.3687596,377.9,9/5/2023,9/6/2023,1.375,0.855,0.232350418,9/5/2023,threshold,counterfactual_5m,,,,,FORCE_BUY,0.31,0.36,sell,sell_high_held,1,9/12/2023,379.31,375.83,377.63,369.15,9/6/2023,374.74,9/6/2023,21.89%,76.26%
9/7/2023,121478.1001,121478.1001,0,0,,9/6/2023,9/7/2023,2.26,-0.5,0.327642457,9/6/2023,threshold,counterfactual_5m,,,,,FREE,0.31,0.36,sell,sell_high_held,1,9/13/2023,377.63,372.7,377.49,369.15,9/7/2023,372.06,9/7/2023,21.48%,75.00%
9/8/2023,121478.1001,121478.1001,0,0,,9/7/2023,9/8/2023,1.94,1.23,0.193252156,9/7/2023,threshold,counterfactual_5m,,,,,FORCE_BUY,0.31,0.36,sell,sell_high_broken,0,9/14/2023,372.85,369.15,378.27,371.6,9/8/2023,372.58,9/8/2023,21.48%,75.24%
9/11/2023,121478.1001,121478.1001,0,0,,9/8/2023,9/11/2023,1.94,1.23,0.310589184,9/8/2023,threshold,counterfactual_5m,,,,,FREE,0.31,0.36,sell,sell_high_broken,0,9/15/2023,374.85,371.6,378.27,369.86,9/11/2023,376.97,9/11/2023,21.48%,77.31%
9/12/2023,121478.1001,121478.1001,0,0,,9/11/2023,9/12/2023,1.145,1.01,0.192464579,9/11/2023,threshold,counterfactual_5m,,,,,FORCE_BUY,0.31,0.36,sell,sell_high_broken,0,9/18/2023,377.49,373.66,378.27,369.03,9/12/2023,372.79,9/12/2023,21.48%,75.34%
9/13/2023,121478.1001,121478.1001,0,0,,9/12/2023,9/13/2023,1.16,1.075,0.407485763,9/12/2023,threshold,counterfactual_5m,,,,,FORCE_SELL,0.31,0.36,sell,sell_high_broken,0,9/19/2023,376.95,372.5,378.27,366.8,9/13/2023,374.21,9/13/2023,21.48%,76.01%
9/14/2023,121478.1001,121478.1001,0,0,,9/13/2023,9/14/2023,1.54,1.655,0.256314833,9/13/2023,threshold,counterfactual_5m,,,,,FORCE_BUY,0.31,0.36,sell,sell_high_broken,0,9/20/2023,375.84,371.88,378.27,364.46,9/14/2023,377.27,9/14/2023,21.48%,77.45%
9/15/2023,119658.7239,0,1,323.1574049,375.91,9/14/2023,9/15/2023,2.015,-0.5,0.237695407,9/14/2023,threshold,counterfactual_5m,,,,,FORCE_BUY,0.31,0.36,sell,sell_high_held,1,9/21/2023,378.27,373.89,376.32,357.69,9/15/2023,370.81,9/15/2023,19.66%,74.41%
9/18/2023,119949.5979,119949.5979,0,0,,9/15/2023,9/18/2023,2.245,1.035,0.474893206,9/15/2023,threshold,counterfactual_5m,,,,,FORCE_SELL,0.31,0.36,sell,sell_high_held,1,9/22/2023,376.32,369.86,371.79,357.59,9/18/2023,370.66,9/18/2023,19.95%,74.34%
9/19/2023,119949.5979,119949.5979,0,0,,9/18/2023,9/19/2023,2.245,1.07,0.207433078,9/18/2023,threshold,counterfactual_5m,,,,,FORCE_BUY,0.31,0.36,sell,sell_high_held,1,9/25/2023,371.79,369.03,371.31,355.93,9/19/2023,369.87,9/19/2023,19.95%,73.97%
9/20/2023,118184.6294,0,1,325.0402349,369.03,9/19/2023,9/20/2023,2.315,-0.5,0.207497049,9/19/2023,threshold,counterfactual_5m,,,,,FORCE_BUY,0.31,0.36,sell,sell_high_broken,0,9/26/2023,370.68,366.8,371.31,353.21,9/20/2023,364.54,9/20/2023,18.18%,71.46%
9/21/2023,116331.9001,116331.9001,0,0,,9/20/2023,9/21/2023,2.44,-0.5,0.514888218,9/20/2023,threshold,counterfactual_5m,,,,,FORCE_SELL,0.31,0.36,sell,sell_high_held,1,9/27/2023,371.31,364.46,361.8,351.36,9/21/2023,357.86,9/21/2023,16.33%,68.32%
9/22/2023,116331.9001,116331.9001,0,0,,9/21/2023,9/22/2023,1.575,2.145,0.39013459,9/21/2023,threshold,counterfactual_5m,,,,,FORCE_SELL,0.31,0.36,sell,sell_high_broken,0,9/28/2023,361.6,357.69,361.8,351.36,9/22/2023,357.91,9/22/2023,16.33%,68.34%
9/25/2023,117203.9877,0,1,325.9469038,359.71,9/22/2023,9/25/2023,2.1,1.725,0.356867512,9/22/2023,threshold,counterfactual_5m,,,,,FREE,0.31,0.36,sell,sell_high_broken,0,9/29/2023,361.8,357.59,362.95,351.36,9/25/2023,359.61,9/25/2023,17.20%,69.14%
9/26/2023,115681.8156,0,1,325.9469038,359.71,9/25/2023,9/26/2023,2.26,1.725,0.140558884,9/25/2023,threshold,counterfactual_5m,,,,,FORCE_BUY,0.31,0.36,sell,sell_high_broken,0,10/2/2023,359.7,355.93,362.95,351.36,9/26/2023,354.21,9/26/2023,15.68%,66.60%
9/27/2023,115251.5657,115251.5657,0,0,,9/26/2023,9/27/2023,2.32,-0.5,0.611154239,9/26/2023,threshold,counterfactual_5m,,,,,FORCE_SELL,0.31,0.36,buy,buy_low_broken,0,10/3/2023,357.54,353.21,362.95,351.36,9/27/2023,355.04,9/27/2023,15.25%,66.99%
9/28/2023,115251.5657,115251.5657,0,0,,9/27/2023,9/28/2023,1.755,2.055,0.514349027,9/27/2023,threshold,counterfactual_5m,,,,,FORCE_SELL,0.31,0.36,buy,buy_low_held,1,10/4/2023,356.98,351.36,362.95,353.24,9/28/2023,358.01,9/28/2023,15.25%,68.39%
9/29/2023,115251.5657,115251.5657,0,0,,9/28/2023,9/29/2023,1.905,2.18,0.533596142,9/28/2023,threshold,counterfactual_5m,,,,,FORCE_SELL,0.31,0.36,buy,buy_low_held,1,10/5/2023,360.17,353.24,362.95,353.28,9/29/2023,358.27,9/29/2023,15.25%,68.51%
10/2/2023,115251.5657,115251.5657,0,0,,9/29/2023,10/2/2023,1.43,2.2,0.657910469,9/29/2023,threshold,counterfactual_5m,,,,,FORCE_SELL,0.31,0.36,buy,buy_low_broken,0,10/6/2023,362.95,357.02,365.91,353.28,10/2/2023,361.26,10/2/2023,15.25%,69.92%
10/3/2023,115251.5657,115251.5657,0,0,,10/2/2023,10/3/2023,1.49,2.2,0.47643871,10/2/2023,threshold,counterfactual_5m,,,,,FORCE_SELL,0.31,0.36,buy,buy_low_broken,0,10/9/2023,362.68,357.92,367.11,353.28,10/3/2023,354.92,10/3/2023,15.25%,66.93%
10/4/2023,115251.5657,115251.5657,0,0,,10/3/2023,10/4/2023,1.515,2.205,0.670924167,10/3/2023,threshold,counterfactual_5m,,,,,FORCE_SELL,0.31,0.36,buy,buy_low_held,1,10/10/2023,361.01,353.28,371.28,354.85,10/4/2023,359.75,10/4/2023,15.25%,69.21%
10/5/2023,115251.5657,115251.5657,0,0,,10/4/2023,10/5/2023,2.23,2.345,0.429153942,10/4/2023,threshold,counterfactual_5m,,,,,FORCE_SELL,0.31,0.36,buy,buy_low_broken,0,10/11/2023,360.61,355.3,371.41,354.85,10/5/2023,358.69,10/5/2023,15.25%,68.71%
10/6/2023,115251.5657,115251.5657,0,0,,10/5/2023,10/6/2023,2.33,2.045,0.434661302,10/5/2023,threshold,counterfactual_5m,,,,,FORCE_SELL,0.31,0.36,buy,buy_low_broken,0,10/12/2023,360.15,355.14,373.74,354.85,10/6/2023,364.7,10/6/2023,15.25%,71.53%
10/9/2023,116896.0135,0,1,318.6914216,361.64,10/6/2023,10/9/2023,-0.5,1.7,0.244810278,10/6/2023,threshold,counterfactual_5m,,,,,FORCE_BUY,0.31,0.36,sell,sell_high_broken,0,10/13/2023,365.91,354.85,373.74,360.78,10/9/2023,366.56,10/9/2023,16.90%,72.41%
10/10/2023,117587.5738,0,1,318.6914216,361.64,10/9/2023,10/10/2023,1.495,1.7,0.145111566,10/9/2023,threshold,counterfactual_5m,,,,,FORCE_BUY,0.31,0.36,sell,sell_high_broken,0,10/16/2023,367.11,360.78,373.74,363.86,10/10/2023,368.59,10/10/2023,17.59%,73.36%
10/11/2023,118581.8911,0,1,318.6914216,361.64,10/10/2023,10/11/2023,-0.5,1.585,0.2399604,10/10/2023,threshold,counterfactual_5m,,,,,FORCE_BUY,0.31,0.36,sell,sell_high_broken,0,10/17/2023,371.28,366.39,373.74,363.66,10/11/2023,371.22,10/11/2023,18.58%,74.60%
10/12/2023,117985.9381,0,1,318.6914216,361.64,10/11/2023,10/12/2023,-0.5,1.565,0.131968795,10/11/2023,threshold,counterfactual_5m,,,,,FORCE_BUY,0.31,0.36,sell,sell_high_broken,0,10/18/2023,371.41,368.19,373.74,362.02,10/12/2023,369.93,10/12/2023,17.99%,73.99%
10/13/2023,116127.9671,0,1,318.6914216,361.64,10/12/2023,10/13/2023,1.475,-0.5,0.305146045,10/12/2023,threshold,counterfactual_5m,,,,,FORCE_BUY,0.31,0.36,sell,sell_high_held,1,10/19/2023,373.74,367.5,371.16,359.16,10/13/2023,365.28,10/13/2023,16.13%,71.81%
10/16/2023,116625.1257,116625.1257,0,0,,10/13/2023,10/16/2023,1.475,-0.5,0.454242416,10/13/2023,threshold,counterfactual_5m,,,,,FORCE_SELL,0.31,0.36,sell,sell_high_held,1,10/20/2023,371.16,363.86,370.48,354.37,10/16/2023,369.41,10/16/2023,16.63%,73.75%
10/17/2023,116302.345,0,1,316.451744,368.54,10/16/2023,10/17/2023,1.82,1.285,0.173571207,10/16/2023,threshold,counterfactual_5m,,,,,FORCE_BUY,0.31,0.36,sell,sell_high_held,1,10/23/2023,370.48,366.47,369.92,351.12,10/17/2023,368.2,10/17/2023,16.30%,73.18%
10/18/2023,115011.2218,0,1,316.451744,368.54,10/17/2023,10/18/2023,1.795,1.07,0.206431092,10/17/2023,threshold,counterfactual_5m,,,,,FORCE_BUY,0.31,0.36,sell,sell_high_held,1,10/24/2023,369.92,363.66,367.91,351.12,10/18/2023,363.37,10/18/2023,15.01%,70.91%
10/19/2023,113571.3664,0,1,316.451744,368.54,10/18/2023,10/19/2023,2.02,1.185,0.306050626,10/18/2023,threshold,counterfactual_5m,,,,,FORCE_BUY,0.31,0.36,sell,sell_high_held,1,10/25/2023,367.91,362.02,366.02,349.75,10/19/2023,359.97,10/19/2023,13.57%,69.31%
10/20/2023,113631.4922,113631.4922,0,0,,10/19/2023,10/20/2023,-0.5,1.13,0.695448798,10/19/2023,threshold,counterfactual_5m,,,,,FORCE_SELL,0.31,0.36,buy,buy_low_broken,0,10/26/2023,366.02,359.16,360.04,342.35,10/20/2023,354.6,10/20/2023,13.63%,66.78%
10/23/2023,113631.4922,113631.4922,0,0,,10/20/2023,10/23/2023,2.425,1.84,0.644804632,10/20/2023,threshold,counterfactual_5m,,,,,FORCE_SELL,0.31,0.36,buy,buy_low_broken,0,10/27/2023,360.04,354.37,359.91,342.35,10/23/2023,355.67,10/23/2023,13.63%,67.29%
10/24/2023,113631.4922,113631.4922,0,0,,10/23/2023,10/24/2023,2.04,1.31,0.559193808,10/23/2023,threshold,counterfactual_5m,,,,,FORCE_SELL,0.31,0.36,buy,buy_low_broken,0,10/30/2023,359.26,351.12,359.91,342.35,10/24/2023,359.13,10/24/2023,13.63%,68.91%
10/25/2023,113631.4922,113631.4922,0,0,,10/24/2023,10/25/2023,2.04,1.58,0.393686213,10/24/2023,threshold,counterfactual_5m,,,,,FORCE_SELL,0.31,0.36,buy,buy_low_broken,0,10/31/2023,359.91,355.79,356.88,342.35,10/25/2023,350.34,10/25/2023,13.63%,64.78%
10/26/2023,113631.4922,113631.4922,0,0,,10/25/2023,10/26/2023,2.365,2.15,0.660765221,10/25/2023,threshold,counterfactual_5m,,,,,FORCE_SELL,0.31,0.36,buy,buy_low_broken,0,11/1/2023,356.88,349.75,357.53,342.35,10/26/2023,343.66,10/26/2023,13.63%,61.64%
10/27/2023,113631.4922,113631.4922,0,0,,10/26/2023,10/27/2023,2.365,1.785,0.620088871,10/26/2023,threshold,counterfactual_5m,,,,,FORCE_SELL,0.31,0.36,buy,buy_low_held,1,11/2/2023,350.07,342.35,363.68,344.08,10/27/2023,345.31,10/27/2023,13.63%,62.41%
10/30/2023,113631.4922,113631.4922,0,0,,10/27/2023,10/30/2023,1.53,-0.5,0.58347327,10/27/2023,threshold,counterfactual_5m,,,,,FORCE_SELL,0.31,0.36,buy,buy_low_held,1,11/3/2023,348.84,344.08,369.02,346.45,10/30/2023,349.2,10/30/2023,13.63%,64.24%
10/31/2023,113631.4922,113631.4922,0,0,,10/30/2023,10/31/2023,1.285,-0.5,0.423545578,10/30/2023,threshold,counterfactual_5m,,,,,FORCE_SELL,0.31,0.36,buy,buy_low_held,1,11/6/2023,350.54,346.45,369.78,346.62,10/31/2023,350.87,10/31/2023,13.63%,65.03%
11/1/2023,115428.9641,115428.9641,0,0,,10/31/2023,11/1/2023,1.5,2.39,0.357783038,10/31/2023,threshold,counterfactual_5m,,,,,FREE,0.31,0.36,buy,buy_low_held,1,11/7/2023,351.25,346.62,373.58,351.62,11/1/2023,356.96,11/1/2023,15.43%,67.89%
11/2/2023,115428.9641,115428.9641,0,0,,11/1/2023,11/2/2023,1.77,2.33,0.459626665,11/1/2023,threshold,counterfactual_5m,,,,,FORCE_SELL,0.31,0.36,buy,buy_low_held,1,11/8/2023,357.53,351.62,373.79,360.3,11/2/2023,363.44,11/2/2023,15.43%,70.94%
11/3/2023,115428.9641,115428.9641,0,0,,11/2/2023,11/3/2023,1.77,2.33,0.15517996,11/2/2023,threshold,counterfactual_5m,,,,,FORCE_BUY,0.31,0.36,sell,sell_high_broken,0,11/9/2023,363.68,360.3,374.8,364.52,11/3/2023,367.71,11/3/2023,15.43%,72.95%
11/6/2023,115428.9641,115428.9641,0,0,,11/3/2023,11/6/2023,1.77,2.33,0.216867884,11/3/2023,threshold,counterfactual_5m,,,,,FORCE_BUY,0.31,0.36,sell,sell_high_broken,0,11/10/2023,369.02,364.52,378.54,366.91,11/6/2023,369.21,11/6/2023,15.43%,73.66%
11/7/2023,115428.9641,115428.9641,0,0,,11/6/2023,11/7/2023,1.77,2.33,0.166562579,11/6/2023,threshold,counterfactual_5m,,,,,FORCE_BUY,0.31,0.36,sell,sell_high_broken,0,11/13/2023,369.78,366.91,378.54,369.05,11/7/2023,372.7,11/7/2023,15.43%,75.30%
11/8/2023,115428.9641,115428.9641,0,0,,11/7/2023,11/8/2023,1.77,2.33,0.196638742,11/7/2023,threshold,counterfactual_5m,,,,,FORCE_BUY,0.31,0.36,sell,sell_high_broken,0,11/14/2023,373.58,369.05,386.26,369.57,11/8/2023,372.94,11/8/2023,15.43%,75.41%
11/9/2023,115428.9641,115428.9641,0,0,,11/8/2023,11/9/2023,0.48,1.17,0.175644509,11/8/2023,threshold,counterfactual_5m,,,,,FORCE_BUY,0.31,0.36,sell,sell_high_broken,0,11/15/2023,373.79,370.62,387.75,369.57,11/9/2023,370.07,11/9/2023,15.43%,74.06%
11/10/2023,115428.9641,115428.9641,0,0,,11/9/2023,11/10/2023,0.535,1.815,0.365346715,11/9/2023,threshold,counterfactual_5m,,,,,FORCE_SELL,0.31,0.36,sell,sell_high_broken,0,11/16/2023,374.8,369.57,387.75,371.28,11/10/2023,378.39,11/10/2023,15.43%,77.97%
11/13/2023,115591.2124,0,1,306.1289029,377.06,11/10/2023,11/13/2023,1.29,2.405,0.192099444,11/10/2023,threshold,counterfactual_5m,,,,,FORCE_BUY,0.31,0.36,sell,sell_high_broken,0,11/17/2023,378.54,371.28,387.75,375.24,11/13/2023,377.21,11/13/2023,15.59%,77.42%
11/14/2023,118150.4501,0,1,306.1289029,377.06,11/13/2023,11/14/2023,1.285,1.94,0.187185814,11/13/2023,threshold,counterfactual_5m,,,,,FORCE_BUY,0.31,0.36,sell,sell_high_broken,0,11/20/2023,378.28,375.24,391.41,383.18,11/14/2023,385.33,11/14/2023,18.15%,81.24%
11/15/2023,117933.0985,0,1,306.1289029,377.06,11/14/2023,11/15/2023,-0.5,1.22,0.192865116,11/14/2023,threshold,counterfactual_5m,,,,,FORCE_BUY,0.31,0.36,sell,sell_high_broken,0,11/21/2023,386.26,383.18,391.41,383.56,11/15/2023,385.62,11/15/2023,17.93%,81.37%
11/16/2023,118116.7759,0,1,306.1289029,377.06,11/15/2023,11/16/2023,-0.5,1.76,0.247884392,11/15/2023,threshold,counterfactual_5m,,,,,FORCE_BUY,0.31,0.36,sell,sell_high_broken,0,11/22/2023,387.75,384.24,393.07,383.56,11/16/2023,385.95,11/16/2023,18.12%,81.53%
11/17/2023,118058.6114,0,1,306.1289029,377.06,11/16/2023,11/17/2023,0.88,-0.5,0.158622726,11/16/2023,threshold,counterfactual_5m,,,,,FORCE_BUY,0.31,0.36,sell,sell_high_broken,0,11/24/2023,386.19,383.56,393.07,384.29,11/17/2023,386.04,11/17/2023,18.06%,81.57%
11/20/2023,119727.0139,0,1,306.1289029,377.06,11/17/2023,11/20/2023,1.64,1.205,0.183547797,11/17/2023,threshold,counterfactual_5m,,,,,FORCE_BUY,0.31,0.36,sell,sell_high_broken,0,11/27/2023,387.07,384.29,393.07,386.05,11/20/2023,390.74,11/20/2023,19.73%,83.78%
11/21/2023,118729.0337,0,1,306.1289029,377.06,11/20/2023,11/21/2023,1.6,1.255,0.196990235,11/20/2023,threshold,counterfactual_5m,,,,,FORCE_BUY,0.31,0.36,sell,sell_high_broken,0,11/28/2023,391.41,386.05,393.07,386.7,11/21/2023,388.47,11/21/2023,18.73%,82.71%
11/22/2023,119399.456,0,1,306.1289029,377.06,11/21/2023,11/22/2023,1.565,1.4,0.169811122,11/21/2023,threshold,counterfactual_5m,,,,,FORCE_BUY,0.31,0.36,sell,sell_high_broken,0,11/29/2023,389.23,386.7,394.14,388.05,11/22/2023,390.06,11/22/2023,19.40%,83.46%
11/24/2023,119151.4916,0,1,306.1289029,377.06,11/22/2023,11/24/2023,1.575,-0.5,0.283829253,11/22/2023,threshold,counterfactual_5m,,,,,FORCE_BUY,0.31,0.36,sell,sell_high_broken,0,11/30/2023,393.07,389.04,394.14,385.82,11/24/2023,389.51,11/24/2023,19.15%,83.20%
11/27/2023,119108.756,0,1,306.1289029,377.06,11/24/2023,11/27/2023,1.71,1.635,0.155864271,11/24/2023,threshold,counterfactual_5m,,,,,FORCE_BUY,0.31,0.36,sell,sell_high_broken,0,12/1/2023,390.25,388.5,394.14,385.82,11/27/2023,389.17,11/27/2023,19.11%,83.04%
11/28/2023,119580.072,0,1,306.1289029,377.06,11/27/2023,11/28/2023,1.71,1.11,0.228438591,11/27/2023,threshold,counterfactual_5m,,,,,FORCE_BUY,0.31,0.36,sell,sell_high_broken,0,12/4/2023,391.15,388.28,394.14,382.66,11/28/2023,390.19,11/28/2023,19.58%,83.52%
11/29/2023,119497.4172,0,1,306.1289029,377.06,11/28/2023,11/29/2023,1.6,1.17,0.157774995,11/28/2023,threshold,counterfactual_5m,,,,,FORCE_BUY,0.31,0.36,sell,sell_high_broken,0,12/5/2023,390.78,388.05,394.14,382.66,11/29/2023,389.81,11/29/2023,19.50%,83.35%
11/30/2023,119614.1078,119614.1078,0,0,,11/29/2023,11/30/2023,1.375,1.455,0.348763929,11/29/2023,threshold,counterfactual_5m,,,,,FREE,0.31,0.36,sell,sell_high_held,1,12/6/2023,394.14,389.46,390.55,382.66,11/30/2023,388.83,11/30/2023,19.61%,82.88%
12/1/2023,120611.1493,0,1,308.6815686,387.5,11/30/2023,12/1/2023,1.27,1.675,0.192353536,11/30/2023,threshold,counterfactual_5m,,,,,FORCE_BUY,0.31,0.36,sell,sell_high_broken,0,12/7/2023,390.55,385.82,391.27,382.66,12/1/2023,389.94,12/1/2023,20.61%,83.41%
12/4/2023,119030.6997,0,1,308.6815686,387.5,12/1/2023,12/4/2023,1.95,1.735,0.153029432,12/1/2023,threshold,counterfactual_5m,,,,,FORCE_BUY,0.31,0.36,sell,sell_high_broken,0,12/8/2023,390.54,386.07,392.62,382.66,12/4/2023,386.32,12/4/2023,19.03%,81.70%
12/5/2023,119950.5707,0,1,308.6815686,387.5,12/4/2023,12/5/2023,2.075,1.86,0.122833172,12/4/2023,threshold,counterfactual_5m,,,,,FORCE_BUY,0.31,0.36,sell,sell_high_broken,0,12/11/2023,386.6,382.66,395.79,384.21,12/5/2023,387.29,12/5/2023,19.95%,82.16%
12/6/2023,118848.5775,0,1,308.6815686,387.5,12/5/2023,12/6/2023,1.31,-0.5,0.17465548,12/5/2023,threshold,counterfactual_5m,,,,,FORCE_BUY,0.31,0.36,sell,sell_high_broken,0,12/12/2023,388.5,384.21,398.79,384.7,12/6/2023,385.05,12/6/2023,18.85%,81.11%
12/7/2023,119021.4392,119021.4392,0,0,,12/6/2023,12/7/2023,1.265,2.44,0.375142639,12/6/2023,threshold,counterfactual_5m,,,,,FORCE_SELL,0.31,0.36,sell,sell_high_broken,0,12/13/2023,390.37,384.7,404.36,386.96,12/7/2023,390.43,12/7/2023,19.02%,83.64%
12/8/2023,120061.4086,0,1,305.8733532,389.12,12/7/2023,12/8/2023,1.055,1.405,0.166420638,12/7/2023,threshold,counterfactual_5m,,,,,FORCE_BUY,0.31,0.36,sell,sell_high_broken,0,12/14/2023,391.27,386.96,406.3,388.48,12/8/2023,392.17,12/8/2023,20.06%,84.46%
12/11/2023,121144.2003,0,1,305.8733532,389.12,12/8/2023,12/11/2023,1.055,1.405,0.141876128,12/8/2023,threshold,counterfactual_5m,,,,,FORCE_BUY,0.31,0.36,sell,sell_high_broken,0,12/15/2023,392.62,388.48,406.54,391.53,12/11/2023,395.52,12/11/2023,21.14%,86.03%
12/12/2023,122168.876,0,1,305.8733532,389.12,12/11/2023,12/12/2023,1.055,1.405,0.142365721,12/11/2023,threshold,counterfactual_5m,,,,,FORCE_BUY,0.31,0.36,sell,sell_high_broken,0,12/18/2023,395.79,391.53,407.99,394.41,12/12/2023,398.67,12/12/2023,22.17%,87.51%
12/13/2023,124114.2305,0,1,305.8733532,389.12,12/12/2023,12/13/2023,1.055,1.405,0.1584751,12/12/2023,threshold,counterfactual_5m,,,,,FORCE_BUY,0.31,0.36,sell,sell_high_broken,0,12/19/2023,398.79,394.41,409.28,398.84,12/13/2023,403.74,12/13/2023,24.11%,89.90%
12/14/2023,123404.6044,0,1,305.8733532,389.12,12/13/2023,12/14/2023,1.085,2.045,0.216572721,12/13/2023,threshold,counterfactual_5m,,,,,FORCE_BUY,0.31,0.36,sell,sell_high_broken,0,12/20/2023,404.36,398.84,410.47,400.34,12/14/2023,403.39,12/14/2023,23.40%,89.73%
12/15/2023,124083.6432,0,1,305.8733532,389.12,12/14/2023,12/15/2023,1.25,2.45,0.303230792,12/14/2023,threshold,counterfactual_5m,,,,,FORCE_BUY,0.31,0.36,sell,sell_high_broken,0,12/21/2023,406.3,400.34,410.47,402.9,12/15/2023,405.34,12/15/2023,24.08%,90.65%
12/18/2023,124407.869,0,1,305.8733532,389.12,12/15/2023,12/18/2023,1.675,1.6,0.191678277,12/15/2023,threshold,counterfactual_5m,,,,,FORCE_BUY,0.31,0.36,sell,sell_high_broken,0,12/22/2023,406.54,403.57,410.47,402.9,12/18/2023,407.08,12/18/2023,24.41%,91.47%
12/19/2023,125249.0207,0,1,305.8733532,389.12,12/18/2023,12/19/2023,1.675,1.98,0.159905659,12/18/2023,threshold,counterfactual_5m,,,,,FORCE_BUY,0.31,0.36,sell,sell_high_broken,0,12/26/2023,407.99,404.6,411.56,402.9,12/19/2023,409.16,12/19/2023,25.25%,92.45%
12/20/2023,123569.776,0,1,305.8733532,389.12,12/19/2023,12/20/2023,1.24,1.795,0.116866975,12/19/2023,threshold,counterfactual_5m,,,,,FORCE_BUY,0.31,0.36,sell,sell_high_broken,0,12/27/2023,409.28,407.35,411.79,402.9,12/20/2023,403.08,12/20/2023,23.57%,89.59%
12/21/2023,124248.8148,124248.8148,0,0,,12/20/2023,12/21/2023,1.285,-0.5,0.490574278,12/20/2023,threshold,counterfactual_5m,,,,,FORCE_SELL,0.31,0.36,sell,sell_high_broken,0,12/28/2023,410.47,402.9,412.92,404.47,12/21/2023,407.77,12/21/2023,24.25%,91.79%
12/22/2023,124688.6769,0,1,305.459767,406.76,12/21/2023,12/22/2023,-0.5,2.175,0.146293822,12/21/2023,threshold,counterfactual_5m,,,,,FORCE_BUY,0.31,0.36,sell,sell_high_broken,0,12/29/2023,408.14,404.47,412.92,406.48,12/22/2023,408.38,12/22/2023,24.69%,92.08%
12/26/2023,125510.3637,0,1,305.459767,406.76,12/22/2023,12/26/2023,-0.5,2.175,0.182406329,12/22/2023,threshold,counterfactual_5m,,,,,FORCE_BUY,0.31,0.36,sell,sell_high_broken,0,1/2/2024,409.97,406.48,412.92,400.24,12/26/2023,410.88,12/26/2023,25.51%,93.26%
12/27/2023,125818.878,0,1,305.459767,406.76,12/26/2023,12/27/2023,-0.5,2.175,0.147089389,12/26/2023,threshold,counterfactual_5m,,,,,FORCE_BUY,0.31,0.36,sell,sell_high_broken,0,1/3/2024,411.56,409.15,412.92,397.89,12/27/2023,411.5,12/27/2023,25.82%,93.55%
12/28/2023,125751.6769,0,1,305.459767,406.76,12/27/2023,12/28/2023,-0.5,2.175,0.123013057,12/27/2023,threshold,counterfactual_5m,,,,,FORCE_BUY,0.31,0.36,sell,sell_high_broken,0,1/4/2024,411.79,410.08,412.92,396.06,12/28/2023,411.3,12/28/2023,25.75%,93.45%
12/29/2023,124951.3723,0,1,305.459767,406.76,12/28/2023,12/29/2023,1.68,1.595,0.258744428,12/28/2023,threshold,counterfactual_5m,,,,,FORCE_BUY,0.31,0.36,sell,sell_high_held,1,1/5/2024,412.92,410.94,411.64,395.34,12/29/2023,409.52,12/29/2023,24.95%,92.62%
1/2/2024,122926.174,0,1,305.459767,406.76,12/29/2023,1/2/2024,1.68,1.595,0.253499702,12/29/2023,threshold,counterfactual_5m,,,,,FORCE_BUY,0.31,0.36,sell,sell_high_held,1,1/8/2024,411.64,407.58,406.09,395.34,1/2/2024,402.59,1/2/2024,22.93%,89.36%
1/3/2024,121814.3005,0,1,305.459767,406.76,1/2/2024,1/3/2024,1.875,-0.5,0.296150928,1/2/2024,threshold,counterfactual_5m,,,,,FORCE_BUY,0.31,0.36,sell,sell_high_broken,0,1/9/2024,406.09,400.24,406.69,395.34,1/3/2024,398.33,1/3/2024,21.81%,87.35%
1/4/2024,121139.2344,0,1,305.459767,406.76,1/3/2024,1/4/2024,2.135,-0.5,0.292835646,1/3/2024,threshold,counterfactual_5m,,,,,FORCE_BUY,0.31,0.36,sell,sell_high_broken,0,1/10/2024,401,397.89,409.52,395.34,1/4/2024,396.28,1/4/2024,21.14%,86.39%
1/5/2024,121368.3292,121368.3292,0,0,,1/4/2024,1/5/2024,2.485,1.56,0.642327025,1/4/2024,threshold,counterfactual_5m,,,,,FORCE_SELL,0.31,0.36,buy,buy_low_broken,0,1/11/2024,399.59,396.06,411.2,395.34,1/5/2024,396.75,1/5/2024,21.37%,86.61%
1/8/2024,121368.3292,121368.3292,0,0,,1/5/2024,1/8/2024,2.485,1.56,0.590285563,1/5/2024,threshold,counterfactual_5m,,,,,FORCE_SELL,0.31,0.36,buy,buy_low_held,1,1/12/2024,399.56,395.34,411.25,397.84,1/8/2024,404.95,1/8/2024,21.37%,90.47%
1/9/2024,121368.3292,121368.3292,0,0,,1/8/2024,1/9/2024,0.82,2.295,0.534031487,1/8/2024,threshold,counterfactual_5m,,,,,FORCE_SELL,0.31,0.36,buy,buy_low_held,1,1/16/2024,405.24,397.84,411.25,401.71,1/9/2024,405.75,1/9/2024,21.37%,90.84%
1/10/2024,121368.3292,121368.3292,0,0,,1/9/2024,1/10/2024,0.81,2.455,0.481988497,1/9/2024,threshold,counterfactual_5m,,,,,FORCE_SELL,0.31,0.36,buy,buy_low_held,1,1/17/2024,406.69,401.71,411.25,402.92,1/10/2024,408.5,1/10/2024,21.37%,92.14%
1/11/2024,121368.3292,121368.3292,0,0,,1/10/2024,1/11/2024,0.515,-0.5,0.501211406,1/10/2024,threshold,counterfactual_5m,,,,,FORCE_SELL,0.31,0.36,buy,buy_low_broken,0,1/18/2024,409.52,405.17,413.58,402.92,1/11/2024,409.35,1/11/2024,21.37%,92.54%
1/12/2024,121368.3292,121368.3292,0,0,,1/11/2024,1/12/2024,0.35,2.475,0.610198121,1/11/2024,threshold,counterfactual_5m,,,,,FORCE_SELL,0.31,0.36,buy,buy_low_broken,0,1/19/2024,411.2,404.24,421.34,402.92,1/12/2024,409.56,1/12/2024,21.37%,92.63%
1/16/2024,121368.3292,121368.3292,0,0,,1/12/2024,1/16/2024,0.99,1.835,0.584335366,1/12/2024,threshold,counterfactual_5m,,,,,FORCE_SELL,0.31,0.36,buy,buy_low_broken,0,1/22/2024,411.25,408.15,424.73,402.92,1/16/2024,409.52,1/16/2024,21.37%,92.62%
1/17/2024,121368.3292,121368.3292,0,0,,1/16/2024,1/17/2024,0.705,1.555,0.545845283,1/16/2024,threshold,counterfactual_5m,,,,,FORCE_SELL,0.31,0.36,buy,buy_low_broken,0,1/23/2024,411.12,406.83,424.73,402.92,1/17/2024,407.21,1/17/2024,21.37%,91.53%
1/18/2024,121368.3292,121368.3292,0,0,,1/17/2024,1/18/2024,0.945,1.91,0.451884155,1/17/2024,threshold,counterfactual_5m,,,,,FORCE_SELL,0.31,0.36,buy,buy_low_held,1,1/24/2024,407.59,402.92,429.85,409.16,1/18/2024,412.99,1/18/2024,21.37%,94.25%
1/19/2024,121368.3292,121368.3292,0,0,,1/18/2024,1/19/2024,0.945,1.91,0.193999325,1/18/2024,threshold,counterfactual_5m,,,,,FORCE_BUY,0.31,0.36,sell,sell_high_broken,0,1/25/2024,413.58,409.16,429.85,414.63,1/19/2024,421.18,1/19/2024,21.37%,98.10%
1/22/2024,121575.7479,0,1,288.1214994,421.2401,1/19/2024,1/22/2024,0.945,1.91,0.235876444,1/19/2024,threshold,counterfactual_5m,,,,,FORCE_BUY,0.31,0.36,sell,sell_high_broken,0,1/26/2024,421.34,414.63,429.85,420.57,1/22/2024,421.73,1/22/2024,21.58%,98.36%
1/23/2024,122396.8942,0,1,288.1214994,421.2401,1/22/2024,1/23/2024,2.185,1.615,0.336393001,1/22/2024,threshold,counterfactual_5m,,,,,FREE,0.31,0.36,sell,sell_high_broken,0,1/29/2024,424.73,421.12,429.85,420.57,1/23/2024,423.48,1/23/2024,22.40%,99.18%
1/24/2024,122661.9659,0,1,288.1214994,421.2401,1/23/2024,1/24/2024,2.185,1.685,0.180579485,1/23/2024,threshold,counterfactual_5m,,,,,FORCE_BUY,0.31,0.36,sell,sell_high_broken,0,1/30/2024,423.7,420.57,429.85,423.15,1/24/2024,425.83,1/24/2024,22.66%,100.29%
1/25/2024,123226.6841,123226.6841,0,0,,1/24/2024,1/25/2024,2.46,1.585,0.448511641,1/24/2024,threshold,counterfactual_5m,,,,,FORCE_SELL,0.31,0.36,sell,sell_high_held,1,1/31/2024,429.85,425.33,429.04,416.79,1/25/2024,426.35,1/25/2024,23.23%,100.53%
1/26/2024,123226.6841,123226.6841,0,0,,1/25/2024,1/26/2024,2.455,1.395,0.354226828,1/25/2024,threshold,counterfactual_5m,,,,,FREE,0.31,0.36,sell,sell_high_held,1,2/1/2024,429.04,423.98,428.35,416.79,1/26/2024,423.81,1/26/2024,23.23%,99.34%
1/29/2024,123226.6841,123226.6841,0,0,,1/26/2024,1/29/2024,2.455,1.395,0.344497553,1/26/2024,threshold,counterfactual_5m,,,,,FREE,0.31,0.36,sell,sell_high_broken,0,2/2/2024,426.21,423.15,430.24,416.79,1/29/2024,428.15,1/29/2024,23.23%,101.38%
1/30/2024,123226.6841,123226.6841,0,0,,1/29/2024,1/30/2024,1.785,-0.5,0.22477594,1/29/2024,threshold,counterfactual_5m,,,,,FORCE_BUY,0.31,0.36,sell,sell_high_broken,0,2/5/2024,428.35,423.61,430.24,416.79,1/30/2024,425.3,1/30/2024,23.23%,100.04%
1/31/2024,123385.1596,123385.1596,0,0,,1/30/2024,1/31/2024,1.625,-0.5,0.315608389,1/30/2024,threshold,counterfactual_5m,,,,,FREE,0.31,0.36,sell,sell_high_broken,0,2/6/2024,427.68,424.38,430.24,416.79,1/31/2024,416.97,1/31/2024,23.39%,96.12%
2/1/2024,123385.1596,123385.1596,0,0,,1/31/2024,2/1/2024,1.93,1.155,0.477624203,1/31/2024,threshold,counterfactual_5m,,,,,FORCE_SELL,0.31,0.36,sell,sell_high_broken,0,2/7/2024,422.87,416.79,432.83,417.81,2/1/2024,421.88,2/1/2024,23.39%,98.43%
2/2/2024,123891.5362,0,1,289.3580348,426.41,2/1/2024,2/2/2024,2.275,1.275,0.19831335,2/1/2024,threshold,counterfactual_5m,,,,,FORCE_BUY,0.31,0.36,sell,sell_high_broken,0,2/8/2024,422.38,417.81,433.56,422.79,2/2/2024,429.01,2/2/2024,23.89%,101.78%
2/5/2024,124044.8959,0,1,289.3580348,426.41,2/2/2024,2/5/2024,2.275,1.275,0.269720261,2/2/2024,threshold,counterfactual_5m,,,,,FORCE_BUY,0.31,0.36,sell,sell_high_broken,0,2/9/2024,430.24,422.79,437.85,425,2/5/2024,428.45,2/5/2024,24.04%,101.52%
2/6/2024,123715.0278,0,1,289.3580348,426.41,2/5/2024,2/6/2024,-0.5,1.565,0.229880524,2/5/2024,threshold,counterfactual_5m,,,,,FORCE_BUY,0.31,0.36,sell,sell_high_broken,0,2/12/2024,429.61,425,439.14,425.22,2/6/2024,427.59,2/6/2024,23.72%,101.11%
2/7/2024,124996.8839,0,1,289.3580348,426.41,2/6/2024,2/7/2024,-0.5,1.39,0.314883914,2/6/2024,threshold,counterfactual_5m,,,,,FORCE_SELL,0.195,0.22,sell,sell_high_broken,0,2/13/2024,430.22,425.22,439.14,425.33,2/7/2024,431.99,2/7/2024,25.00%,103.18%
2/8/2024,125002.5669,0,1,288.9030389,432.6,2/7/2024,2/8/2024,1.13,1.435,0.208296951,2/7/2024,threshold,counterfactual_5m,,,,,FREE,0.195,0.22,sell,sell_high_broken,0,2/14/2024,432.83,429.09,439.14,425.33,2/8/2024,432.79,2/8/2024,25.00%,103.56%
2/9/2024,125802.1709,0,1,287.725387,436.99,2/8/2024,2/9/2024,-0.5,2.045,0.202742233,2/8/2024,threshold,counterfactual_5m,,,,,FREE,0.195,0.22,sell,sell_high_broken,0,2/15/2024,433.56,431.42,439.14,425.33,2/9/2024,437.05,2/9/2024,25.80%,105.56%
2/12/2024,125016.6806,0,1,287.725387,436.99,2/9/2024,2/12/2024,1.09,-0.5,0.227786945,2/9/2024,threshold,counterfactual_5m,,,,,FORCE_SELL,0.195,0.22,sell,sell_high_broken,0,2/16/2024,437.85,433.14,439.14,425.33,2/12/2024,435.34,2/12/2024,25.02%,104.76%
2/13/2024,123353.6279,0,1,287.725387,436.99,2/12/2024,2/13/2024,2.28,-0.5,0.396691555,2/12/2024,threshold,counterfactual_5m,,,,,FORCE_SELL,0.195,0.22,sell,sell_high_held,1,2/20/2024,439.14,434.65,434.99,423.5,2/13/2024,428.55,2/13/2024,23.35%,101.57%
2/14/2024,123883.0426,123883.0426,0,0,,2/13/2024,2/14/2024,2.255,1.565,0.469856803,2/13/2024,threshold,counterfactual_5m,,,,,FORCE_SELL,0.195,0.22,sell,sell_high_broken,0,2/21/2024,431.27,425.33,434.99,421.63,2/14/2024,433.22,2/14/2024,23.88%,103.76%
2/15/2024,123883.0426,123883.0426,0,0,,2/14/2024,2/15/2024,2.255,1.565,0.20932023,2/14/2024,threshold,counterfactual_5m,,,,,FREE,0.165,0.215,sell,sell_high_broken,0,2/22/2024,433.65,428.88,439.12,421.63,2/15/2024,434.51,2/15/2024,23.88%,104.37%
2/16/2024,123883.0426,123883.0426,0,0,,2/15/2024,2/16/2024,0.81,1.05,0.184848088,2/15/2024,threshold,counterfactual_5m,,,,,FREE,0.165,0.215,sell,sell_high_broken,0,2/23/2024,434.98,431.33,440.59,421.63,2/16/2024,430.57,2/16/2024,23.88%,102.52%
2/20/2024,123883.0426,123883.0426,0,0,,2/16/2024,2/20/2024,1.835,-0.5,0.404579103,2/16/2024,threshold,counterfactual_5m,,,,,FORCE_SELL,0.165,0.215,sell,sell_high_broken,0,2/26/2024,434.99,429.85,440.59,421.63,2/20/2024,427.32,2/20/2024,23.88%,100.99%
2/21/2024,123883.0426,123883.0426,0,0,,2/20/2024,2/21/2024,2.025,1.835,0.277345505,2/20/2024,threshold,counterfactual_5m,,,,,FORCE_SELL,0.165,0.215,sell,sell_high_broken,0,2/27/2024,430.08,423.5,440.59,421.63,2/21/2024,425.61,2/21/2024,23.88%,100.18%
2/22/2024,123883.0426,123883.0426,0,0,,2/21/2024,2/22/2024,1.95,2.065,0.15469191,2/21/2024,threshold,counterfactual_5m,,,,,FORCE_BUY,0.31,0.36,sell,sell_high_broken,0,2/28/2024,425.7,421.63,440.59,433.71,2/22/2024,438.07,2/22/2024,23.88%,106.04%
2/23/2024,123883.0426,123883.0426,0,0,,2/22/2024,2/23/2024,1.605,1.88,0.269110392,2/22/2024,threshold,counterfactual_5m,,,,,FORCE_BUY,0.31,0.36,sell,sell_high_broken,0,2/29/2024,439.12,433.71,440.59,434.3,2/23/2024,436.78,2/23/2024,23.88%,105.44%
2/26/2024,123883.0426,123883.0426,0,0,,2/23/2024,2/26/2024,-0.5,1.765,0.373846162,2/23/2024,threshold,counterfactual_5m,,,,,FORCE_SELL,0.31,0.36,sell,sell_high_broken,0,3/1/2024,440.59,435.79,446.58,434.3,2/26/2024,436.55,2/26/2024,23.88%,105.33%
2/27/2024,124033.4253,124033.4253,0,0,,2/26/2024,2/27/2024,2.495,1.765,0.34437812,2/26/2024,threshold,counterfactual_5m,,,,,FREE,0.31,0.36,sell,sell_high_broken,0,3/4/2024,438.6,436.36,446.58,434.3,2/27/2024,437.6,2/27/2024,24.03%,105.82%
2/28/2024,124033.4253,124033.4253,0,0,,2/27/2024,2/28/2024,1.975,1.91,0.180788201,2/27/2024,threshold,counterfactual_5m,,,,,FORCE_BUY,0.31,0.36,sell,sell_high_broken,0,3/5/2024,437.99,435.03,446.58,433.65,2/28/2024,435.27,2/28/2024,24.03%,104.73%
2/29/2024,124033.4253,124033.4253,0,0,,2/28/2024,2/29/2024,2.295,2.38,0.271267264,2/28/2024,threshold,counterfactual_5m,,,,,FORCE_SELL,0.165,0.215,sell,sell_high_broken,0,3/6/2024,436.67,434.3,446.58,433.65,2/29/2024,439,2/29/2024,24.03%,106.48%
3/1/2024,124033.4253,124033.4253,0,0,,2/29/2024,3/1/2024,0.865,2.2,0.22070655,2/29/2024,threshold,counterfactual_5m,,,,,FORCE_BUY,0.31,0.36,sell,sell_high_broken,0,3/7/2024,440.09,435.02,446.72,433.65,3/1/2024,445.61,3/1/2024,24.03%,109.59%
3/4/2024,123453.7908,0,1,278.6704381,445.09,3/1/2024,3/4/2024,1.065,-0.5,0.228715138,3/1/2024,threshold,counterfactual_5m,,,,,FORCE_BUY,0.31,0.36,sell,sell_high_broken,0,3/8/2024,446.58,439.84,448.64,433.65,3/4/2024,444.02,3/4/2024,23.45%,108.84%
3/5/2024,121614.5659,0,1,278.6704381,445.09,3/4/2024,3/5/2024,1.73,-0.5,0.33960637,3/4/2024,threshold,counterfactual_5m,,,,,FORCE_SELL,0.165,0.215,sell,sell_high_broken,0,3/11/2024,446.04,443.77,448.64,433.65,3/5/2024,436.05,3/5/2024,21.61%,105.09%
3/6/2024,122394.8431,122394.8431,0,0,,3/5/2024,3/6/2024,2.18,1.56,0.427552263,3/5/2024,threshold,counterfactual_5m,,,,,FORCE_SELL,0.165,0.215,sell,sell_high_broken,0,3/12/2024,440.95,433.65,448.64,435.44,3/6/2024,438.79,3/6/2024,22.39%,106.38%
3/7/2024,122394.8431,122394.8431,0,0,,3/6/2024,3/7/2024,-0.5,1.19,0.37603785,3/6/2024,threshold,counterfactual_5m,,,,,FORCE_SELL,0.165,0.215,sell,sell_high_broken,0,3/13/2024,441.99,436.89,448.64,435.44,3/7/2024,445.45,3/7/2024,22.39%,109.52%
3/8/2024,122394.8431,122394.8431,0,0,,3/7/2024,3/8/2024,1.925,1.74,0.231927705,3/7/2024,threshold,counterfactual_5m,,,,,FORCE_SELL,0.165,0.215,sell,sell_high_broken,0,3/14/2024,446.72,440.86,448.64,435.44,3/8/2024,439.02,3/8/2024,22.39%,106.49%
3/11/2024,122394.8431,122394.8431,0,0,,3/8/2024,3/11/2024,-0.5,1.225,0.515779689,3/8/2024,threshold,counterfactual_5m,,,,,FORCE_SELL,0.165,0.215,sell,sell_high_held,1,3/15/2024,448.64,438.34,444.02,432.74,3/11/2024,437.39,3/11/2024,22.39%,105.72%
3/12/2024,122371.6934,122371.6934,0,0,,3/11/2024,3/12/2024,2.16,1.225,0.211858882,3/11/2024,threshold,counterfactual_5m,,,,,FREE,0.165,0.215,sell,sell_high_broken,0,3/18/2024,438.66,435.44,444.02,432.74,3/12/2024,443.66,3/12/2024,22.37%,108.67%
3/13/2024,122371.6934,122371.6934,0,0,,3/12/2024,3/13/2024,2.115,1.65,0.242038485,3/12/2024,threshold,counterfactual_5m,,,,,FORCE_SELL,0.165,0.215,sell,sell_high_held,1,3/19/2024,444.02,436.46,442.67,432.74,3/13/2024,440.25,3/13/2024,22.37%,107.07%
3/14/2024,122371.6934,122371.6934,0,0,,3/13/2024,3/14/2024,2.175,-0.5,0.288092834,3/13/2024,threshold,counterfactual_5m,,,,,FORCE_SELL,0.165,0.215,sell,sell_high_broken,0,3/20/2024,442.67,439.12,444.11,432.74,3/14/2024,439.14,3/14/2024,22.37%,106.55%
3/15/2024,122371.6934,122371.6934,0,0,,3/14/2024,3/15/2024,2.49,0.815,0.340872176,3/14/2024,threshold,counterfactual_5m,,,,,FORCE_SELL,0.165,0.215,sell,sell_high_broken,0,3/21/2024,442.03,436.39,449.34,432.74,3/15/2024,433.92,3/15/2024,22.37%,104.09%
3/18/2024,122371.6934,122371.6934,0,0,,3/15/2024,3/18/2024,2.175,-0.5,0.386953032,3/15/2024,threshold,counterfactual_5m,,,,,FORCE_SELL,0.165,0.215,sell,sell_high_broken,0,3/22/2024,438.87,432.74,449.34,433.33,3/18/2024,437.48,3/18/2024,22.37%,105.77%
3/19/2024,122371.6934,122371.6934,0,0,,3/18/2024,3/19/2024,1.855,-0.5,0.368847962,3/18/2024,threshold,counterfactual_5m,,,,,FORCE_SELL,0.165,0.215,sell,sell_high_broken,0,3/25/2024,441.04,437.24,449.34,433.33,3/19/2024,438.57,3/19/2024,22.37%,106.28%
3/20/2024,122371.6934,122371.6934,0,0,,3/19/2024,3/20/2024,1.785,1.645,0.179422562,3/19/2024,threshold,counterfactual_5m,,,,,FREE,0.165,0.215,sell,sell_high_broken,0,3/26/2024,438.98,433.33,449.34,438.06,3/20/2024,443.77,3/20/2024,22.37%,108.72%
3/21/2024,122371.6934,122371.6934,0,0,,3/20/2024,3/21/2024,1.785,1.645,0.202917322,3/20/2024,threshold,counterfactual_5m,,,,,FREE,0.165,0.215,sell,sell_high_broken,0,3/27/2024,444.11,438.06,449.34,441.93,3/21/2024,445.87,3/21/2024,22.37%,109.71%
3/22/2024,122371.6934,122371.6934,0,0,,3/21/2024,3/22/2024,1.225,1.47,0.386898689,3/21/2024,threshold,counterfactual_5m,,,,,FORCE_SELL,0.165,0.215,sell,sell_high_held,1,3/28/2024,449.34,445.67,447.49,441.93,3/22/2024,446.38,3/22/2024,22.37%,109.95%
3/25/2024,122371.6934,122371.6934,0,0,,3/22/2024,3/25/2024,1.24,1.82,0.23735691,3/22/2024,threshold,counterfactual_5m,,,,,FORCE_SELL,0.165,0.215,sell,sell_high_broken,0,4/1/2024,447.49,444.49,447.53,441.93,3/25/2024,444.76,3/25/2024,22.37%,109.19%
3/26/2024,122371.6934,122371.6934,0,0,,3/25/2024,3/26/2024,1.265,1.74,0.229159223,3/25/2024,threshold,counterfactual_5m,,,,,FORCE_SELL,0.165,0.215,sell,sell_high_broken,0,4/2/2024,446.26,442.54,447.53,438.03,3/26/2024,443.32,3/26/2024,22.37%,108.51%
3/27/2024,122371.6934,122371.6934,0,0,,3/26/2024,3/27/2024,1.145,1.35,0.409954826,3/26/2024,threshold,counterfactual_5m,,,,,FORCE_SELL,0.165,0.215,sell,sell_high_broken,0,4/3/2024,447.23,443.09,447.53,438.03,3/27/2024,444.83,3/27/2024,22.37%,109.22%
3/28/2024,122371.6934,122371.6934,0,0,,3/27/2024,3/28/2024,-0.5,1.34,0.244489571,3/27/2024,threshold,counterfactual_5m,,,,,FORCE_SELL,0.165,0.215,sell,sell_high_broken,0,4/4/2024,446.54,441.93,447.53,435.11,3/28/2024,444.01,3/28/2024,22.37%,108.84%
4/1/2024,122371.6934,122371.6934,0,0,,3/28/2024,4/1/2024,1.25,-0.5,0.289231575,3/28/2024,threshold,counterfactual_5m,,,,,FORCE_SELL,0.165,0.215,sell,sell_high_broken,0,4/5/2024,445.64,443.65,447.53,435.11,4/1/2024,444.95,4/1/2024,22.37%,109.28%
4/2/2024,122371.6934,122371.6934,0,0,,4/1/2024,4/2/2024,1.705,1.575,0.278710645,4/1/2024,threshold,counterfactual_5m,,,,,FORCE_SELL,0.165,0.215,sell,sell_high_held,1,4/8/2024,447.53,443.02,446.95,435.11,4/2/2024,441.11,4/2/2024,22.37%,107.47%
4/3/2024,122371.6934,122371.6934,0,0,,4/2/2024,4/3/2024,1.73,1.575,0.17775196,4/2/2024,threshold,counterfactual_5m,,,,,FREE,0.165,0.215,sell,sell_high_broken,0,4/9/2024,441.43,438.03,446.95,435.11,4/3/2024,442.1,4/3/2024,22.37%,107.94%
4/4/2024,122371.6934,122371.6934,0,0,,4/3/2024,4/4/2024,1.73,1.575,0.236215246,4/3/2024,threshold,counterfactual_5m,,,,,FORCE_SELL,0.165,0.215,sell,sell_high_broken,0,4/10/2024,444,438.95,446.95,435.11,4/4/2024,435.34,4/4/2024,22.37%,104.76%
4/5/2024,122371.6934,122371.6934,0,0,,4/4/2024,4/5/2024,1.73,1.575,0.635728754,4/4/2024,threshold,counterfactual_5m,,,,,FORCE_SELL,0.165,0.215,sell,sell_high_held,1,4/11/2024,446.95,435.11,446.33,435.96,4/5/2024,440.47,4/5/2024,22.37%,107.17%
4/8/2024,122371.6934,122371.6934,0,0,,4/5/2024,4/8/2024,1.315,2.09,0.290903059,4/5/2024,threshold,counterfactual_5m,,,,,FORCE_SELL,0.165,0.215,sell,sell_high_broken,0,4/12/2024,443.17,435.96,446.33,436.28,4/8/2024,440.6,4/8/2024,22.37%,107.23%
4/9/2024,122371.6934,122371.6934,0,0,,4/8/2024,4/9/2024,1.035,2.03,0.239378077,4/8/2024,threshold,counterfactual_5m,,,,,FORCE_SELL,0.165,0.215,sell,sell_high_broken,0,4/15/2024,442.5,439.2,446.33,430.21,4/9/2024,442.23,4/9/2024,22.37%,108.00%
4/10/2024,122371.6934,122371.6934,0,0,,4/9/2024,4/10/2024,1.065,1.84,0.225652755,4/9/2024,threshold,counterfactual_5m,,,,,FORCE_SELL,0.165,0.215,sell,sell_high_broken,0,4/16/2024,443.24,437.44,446.33,429.7,4/10/2024,438.37,4/10/2024,22.37%,106.19%
4/11/2024,123028.7789,123028.7789,0,0,,4/10/2024,4/11/2024,0.915,2.21,0.194832299,4/10/2024,threshold,counterfactual_5m,,,,,FREE,0.165,0.215,sell,sell_high_broken,0,4/17/2024,439.24,436.28,446.33,424.9,4/11/2024,445.37,4/11/2024,23.03%,109.48%
4/12/2024,123028.7789,123028.7789,0,0,,4/11/2024,4/12/2024,2.045,2.07,0.290374035,4/11/2024,threshold,counterfactual_5m,,,,,FORCE_SELL,0.195,0.22,sell,sell_high_held,1,4/18/2024,446.33,437.96,442.24,422.83,4/12/2024,438.27,4/12/2024,23.03%,106.14%
4/15/2024,123028.7789,123028.7789,0,0,,4/12/2024,4/15/2024,2.045,2.07,0.385855533,4/12/2024,threshold,counterfactual_5m,,,,,FORCE_SELL,0.195,0.22,sell,sell_high_held,1,4/19/2024,442.24,436.88,442.15,413.07,4/15/2024,431.06,4/15/2024,23.03%,102.75%
4/16/2024,123028.7789,123028.7789,0,0,,4/15/2024,4/16/2024,2.485,1.645,0.547724066,4/15/2024,threshold,counterfactual_5m,,,,,FORCE_SELL,0.195,0.22,sell,sell_high_held,1,4/22/2024,442.15,430.21,433.76,413.07,4/16/2024,431.1,4/16/2024,23.03%,102.77%
4/17/2024,123028.7789,123028.7789,0,0,,4/16/2024,4/17/2024,-0.5,-0.5,0.235074481,4/16/2024,threshold,counterfactual_5m,,,,,FORCE_SELL,0.195,0.22,sell,sell_high_held,1,4/23/2024,433.76,429.7,433.12,413.07,4/17/2024,425.84,4/17/2024,23.03%,100.29%
4/18/2024,123028.7789,123028.7789,0,0,,4/17/2024,4/18/2024,2.42,-0.5,0.369544878,4/17/2024,threshold,counterfactual_5m,,,,,FORCE_SELL,0.195,0.22,sell,sell_high_held,1,4/24/2024,433.12,424.9,429.73,413.07,4/18/2024,423.41,4/18/2024,23.03%,99.15%
4/19/2024,123028.7789,123028.7789,0,0,,4/18/2024,4/19/2024,-0.5,-0.5,0.297720817,4/18/2024,threshold,counterfactual_5m,,,,,FORCE_SELL,0.195,0.22,sell,sell_high_broken,0,4/25/2024,428.24,422.83,429.73,413.07,4/19/2024,414.65,4/19/2024,23.03%,95.03%
4/22/2024,123028.7789,123028.7789,0,0,,4/19/2024,4/22/2024,-0.5,2.125,0.3349982,4/19/2024,threshold,counterfactual_5m,,,,,FORCE_SELL,0.195,0.22,sell,sell_high_broken,0,4/26/2024,422.75,413.07,432.55,413.94,4/22/2024,418.82,4/22/2024,23.03%,96.99%
4/23/2024,124537.5872,124537.5872,0,0,,4/22/2024,4/23/2024,-0.5,2.175,0.208889215,4/22/2024,threshold,counterfactual_5m,,,,,FREE,0.195,0.22,sell,sell_high_broken,0,4/29/2024,421.18,413.94,433.76,418.14,4/23/2024,425.07,4/23/2024,24.54%,99.93%
4/24/2024,122911.1689,0,1,291.4728093,427.27,4/23/2024,4/24/2024,1.91,2.02,0.188848177,4/23/2024,threshold,counterfactual_5m,,,,,FORCE_BUY,0.195,0.22,sell,sell_high_broken,0,4/30/2024,426.28,418.87,433.76,418.14,4/24/2024,426.51,4/24/2024,22.91%,100.61%
4/25/2024,123103.541,123103.541,0,0,,4/24/2024,4/25/2024,1.65,1.98,0.284009878,4/24/2024,threshold,counterfactual_5m,,,,,FORCE_SELL,0.195,0.22,sell,sell_high_broken,0,5/1/2024,429.73,424.2,433.76,418.14,4/25/2024,424.45,4/25/2024,23.10%,99.64%
4/26/2024,123792.6819,0,1,287.1420531,428.72,4/25/2024,4/26/2024,1.79,2.475,0.181037271,4/25/2024,threshold,counterfactual_5m,,,,,FORCE_BUY,0.195,0.22,sell,sell_high_broken,0,5/2/2024,425.32,418.14,433.76,420.63,4/26/2024,431,4/26/2024,23.79%,102.72%
4/29/2024,124280.8234,0,1,287.1420531,428.72,4/26/2024,4/29/2024,1.79,2.475,0.232118069,4/26/2024,threshold,counterfactual_5m,,,,,FORCE_SELL,0.195,0.22,sell,sell_high_broken,0,5/3/2024,432.55,426.92,436.48,420.63,4/29/2024,432.75,4/29/2024,24.28%,103.54%
4/30/2024,121509.9026,0,1,287.1420531,428.72,4/29/2024,4/30/2024,2.295,-0.5,0.190722873,4/29/2024,threshold,counterfactual_5m,,,,,FORCE_BUY,0.195,0.22,sell,sell_high_broken,0,5/6/2024,433.76,429.98,440.34,420.63,4/30/2024,424.59,4/30/2024,21.51%,99.70%
5/1/2024,121432.3742,121432.3742,0,0,,4/30/2024,5/1/2024,2.305,1.8,0.54545109,4/30/2024,threshold,counterfactual_5m,,,,,FORCE_SELL,0.195,0.22,sell,sell_high_broken,0,5/7/2024,432.56,424.51,441.97,420.63,5/1/2024,421.52,5/1/2024,21.43%,98.26%
5/2/2024,121432.3742,121432.3742,0,0,,5/1/2024,5/2/2024,2.29,1.665,0.508178356,5/1/2024,threshold,counterfactual_5m,,,,,FORCE_SELL,0.195,0.22,sell,sell_high_broken,0,5/8/2024,430.14,420.66,441.97,420.63,5/2/2024,426.9,5/2/2024,21.43%,100.79%
5/3/2024,121432.3742,121432.3742,0,0,,5/2/2024,5/3/2024,2.41,1.355,0.23777573,5/2/2024,threshold,counterfactual_5m,,,,,FORCE_SELL,0.195,0.22,sell,sell_high_broken,0,5/9/2024,427.81,420.63,441.97,432.62,5/3/2024,435.48,5/3/2024,21.43%,104.83%
5/6/2024,121432.3742,121432.3742,0,0,,5/3/2024,5/6/2024,2.41,1.355,0.202525624,5/3/2024,threshold,counterfactual_5m,,,,,FREE,0.195,0.22,sell,sell_high_broken,0,5/10/2024,436.48,432.62,444.31,436.52,5/6/2024,440.25,5/6/2024,21.43%,107.07%
5/7/2024,121432.3742,121432.3742,0,0,,5/6/2024,5/7/2024,1.205,1.195,0.151079011,5/6/2024,threshold,counterfactual_5m,,,,,FORCE_BUY,0.195,0.22,sell,sell_high_broken,0,5/13/2024,440.34,436.52,444.31,437.55,5/7/2024,440.32,5/7/2024,21.43%,107.10%
5/8/2024,121432.3742,121432.3742,0,0,,5/7/2024,5/8/2024,1.105,1.235,0.277773177,5/7/2024,threshold,counterfactual_5m,,,,,FORCE_SELL,0.195,0.22,sell,sell_high_broken,0,5/14/2024,441.97,439.58,446.47,437.55,5/8/2024,440.06,5/8/2024,21.43%,106.98%
5/9/2024,121432.3742,121432.3742,0,0,,5/8/2024,5/9/2024,1.465,1.05,0.254779456,5/8/2024,threshold,counterfactual_5m,,,,,FORCE_SELL,0.195,0.22,sell,sell_high_broken,0,5/15/2024,441.48,437.55,453.15,438.46,5/9/2024,441.02,5/9/2024,21.43%,107.43%
5/10/2024,121432.3742,121432.3742,0,0,,5/9/2024,5/10/2024,1.55,1.395,0.196902045,5/9/2024,threshold,counterfactual_5m,,,,,FREE,0.195,0.22,sell,sell_high_broken,0,5/16/2024,441.6,438.46,454.69,440.5,5/10/2024,442.06,5/10/2024,21.43%,107.92%
5/13/2024,121432.3742,121432.3742,0,0,,5/10/2024,5/13/2024,1.55,1.395,0.276663854,5/10/2024,threshold,counterfactual_5m,,,,,FORCE_SELL,0.195,0.22,sell,sell_high_broken,0,5/17/2024,444.31,440.5,454.69,441.65,5/13/2024,443.08,5/13/2024,21.43%,108.40%
5/14/2024,121432.3742,121432.3742,0,0,,5/13/2024,5/14/2024,-0.5,-0.5,0.233024054,5/13/2024,threshold,counterfactual_5m,,,,,FORCE_SELL,0.195,0.22,sell,sell_high_broken,0,5/20/2024,444.09,441.65,455.58,442.46,5/14/2024,445.93,5/14/2024,21.43%,109.74%
5/15/2024,123499.5325,0,1,272.3492817,445.87,5/14/2024,5/15/2024,-0.5,1.7,0.174079283,5/14/2024,threshold,counterfactual_5m,,,,,FORCE_BUY,0.195,0.22,sell,sell_high_broken,0,5/21/2024,446.47,442.46,455.99,446.9,5/15/2024,452.9,5/15/2024,23.50%,113.02%
5/16/2024,123507.3212,0,1,273.258377,452.37,5/15/2024,5/16/2024,0.715,1.955,0.215673885,5/15/2024,threshold,counterfactual_5m,,,,,FREE,0.195,0.22,sell,sell_high_broken,0,5/22/2024,453.15,446.9,456.82,449.54,5/16/2024,451.98,5/16/2024,23.51%,112.59%
5/17/2024,123389.8201,0,1,273.258377,452.37,5/16/2024,5/17/2024,1.22,1.35,0.342606441,5/16/2024,threshold,counterfactual_5m,,,,,FORCE_SELL,0.195,0.22,sell,sell_high_broken,0,5/23/2024,454.69,451.81,460.58,449.54,5/17/2024,451.76,5/17/2024,23.39%,112.48%
5/20/2024,124291.2743,124291.2743,0,0,,5/17/2024,5/20/2024,-0.5,0.835,0.207459095,5/17/2024,threshold,counterfactual_5m,,,,,FREE,0.195,0.22,sell,sell_high_broken,0,5/24/2024,452.72,449.54,460.58,451.79,5/20/2024,454.91,5/20/2024,24.29%,113.96%
5/21/2024,124835.9193,0,1,273.690957,454.13,5/20/2024,5/21/2024,1.835,0.855,0.1809187,5/20/2024,threshold,counterfactual_5m,,,,,FORCE_BUY,0.195,0.22,sell,sell_high_broken,0,5/28/2024,455.58,451.79,460.58,451.85,5/21/2024,455.8,5/21/2024,24.84%,114.38%
5/22/2024,125262.6035,0,1,273.690957,454.13,5/21/2024,5/22/2024,-0.5,1.045,0.148404842,5/21/2024,threshold,counterfactual_5m,,,,,FORCE_BUY,0.195,0.22,sell,sell_high_broken,0,5/29/2024,455.99,452.84,460.58,451.85,5/22/2024,455.71,5/22/2024,25.26%,114.34%
5/23/2024,124912.9568,0,1,275.2902629,456.92,5/22/2024,5/23/2024,-0.5,0.935,0.21985169,5/22/2024,threshold,counterfactual_5m,,,,,FREE,0.195,0.22,sell,sell_high_broken,0,5/30/2024,456.82,453.08,460.58,450.21,5/23/2024,453.66,5/23/2024,24.91%,113.38%
5/24/2024,125270.8341,125270.8341,0,0,,5/23/2024,5/24/2024,2.43,1.295,0.572171446,5/23/2024,threshold,counterfactual_5m,,,,,FORCE_SELL,0.185,0.215,sell,sell_high_held,1,5/31/2024,460.58,451.85,459.74,443.06,5/24/2024,457.95,5/24/2024,25.27%,115.39%
5/28/2024,125270.8341,125270.8341,0,0,,5/24/2024,5/28/2024,2.43,1.295,0.231428437,5/24/2024,threshold,counterfactual_5m,,,,,FORCE_SELL,0.185,0.215,sell,sell_high_broken,0,6/3/2024,459.23,453.57,459.74,443.06,5/28/2024,459.68,5/28/2024,25.27%,116.21%
5/29/2024,125270.8341,125270.8341,0,0,,5/28/2024,5/29/2024,1.345,-0.5,0.152404167,5/28/2024,threshold,counterfactual_5m,,,,,FORCE_BUY,0.185,0.215,sell,sell_high_held,1,6/4/2024,459.74,456.69,458.24,443.06,5/29/2024,456.44,5/29/2024,25.27%,114.68%
5/30/2024,125270.8341,125270.8341,0,0,,5/29/2024,5/30/2024,2.005,1.205,0.240819108,5/29/2024,threshold,counterfactual_5m,,,,,FORCE_SELL,0.185,0.215,sell,sell_high_broken,0,6/5/2024,458.24,455.34,463.61,443.06,5/30/2024,451.55,5/30/2024,25.27%,112.38%
5/31/2024,125270.8341,125270.8341,0,0,,5/30/2024,5/31/2024,1.98,1.545,0.340384044,5/30/2024,threshold,counterfactual_5m,,,,,FORCE_SELL,0.185,0.215,sell,sell_high_broken,0,6/6/2024,455.64,450.21,464.54,443.06,5/31/2024,450.71,5/31/2024,25.27%,111.99%
6/3/2024,125270.8341,125270.8341,0,0,,5/31/2024,6/3/2024,1.98,1.545,0.278093389,5/31/2024,threshold,counterfactual_5m,,,,,FORCE_SELL,0.185,0.215,sell,sell_high_broken,0,6/7/2024,452.48,443.06,465.74,447.9,6/3/2024,453.13,6/3/2024,25.27%,113.13%
6/4/2024,125270.8341,125270.8341,0,0,,6/3/2024,6/4/2024,1.98,1.545,0.257246064,6/3/2024,threshold,counterfactual_5m,,,,,FORCE_SELL,0.185,0.215,sell,sell_high_broken,0,6/10/2024,455.58,447.9,465.74,451.13,6/4/2024,454.37,6/4/2024,25.27%,113.71%
6/5/2024,125270.8341,125270.8341,0,0,,6/4/2024,6/5/2024,1.98,1.545,0.164440814,6/4/2024,threshold,counterfactual_5m,,,,,FORCE_BUY,0.185,0.215,sell,sell_high_broken,0,6/11/2024,455.58,451.13,468.14,454.41,6/5/2024,463.53,6/5/2024,25.27%,118.02%
6/6/2024,125270.8341,125270.8341,0,0,,6/5/2024,6/6/2024,1.98,1.545,0.214735914,6/5/2024,threshold,counterfactual_5m,,,,,FREE,0.185,0.215,sell,sell_high_broken,0,6/12/2024,463.61,454.41,476.5,461.53,6/6/2024,463.37,6/6/2024,25.27%,117.94%
6/7/2024,125270.8341,125270.8341,0,0,,6/6/2024,6/7/2024,1.98,1.545,0.173034103,6/6/2024,threshold,counterfactual_5m,,,,,FORCE_BUY,0.185,0.215,sell,sell_high_broken,0,6/13/2024,464.54,462.19,478.39,461.53,6/7/2024,462.96,6/7/2024,25.27%,117.75%
6/10/2024,125270.8341,125270.8341,0,0,,6/7/2024,6/10/2024,1.39,1.115,0.257093774,6/7/2024,threshold,counterfactual_5m,,,,,FORCE_SELL,0.185,0.215,sell,sell_high_broken,0,6/14/2024,465.74,461.84,479.26,461.53,6/10/2024,464.83,6/10/2024,25.27%,118.63%
6/11/2024,126480.7889,0,1,270.0791974,463.83,6/10/2024,6/11/2024,1.355,1.165,0.132603563,6/10/2024,threshold,counterfactual_5m,,,,,FORCE_BUY,0.185,0.215,sell,sell_high_broken,0,6/17/2024,465.19,461.53,486.86,462.03,6/11/2024,468.02,6/11/2024,26.48%,120.13%
6/12/2024,128752.155,0,1,270.0791974,463.83,6/11/2024,6/12/2024,1.65,1.84,0.142405389,6/11/2024,threshold,counterfactual_5m,,,,,FORCE_BUY,0.185,0.215,sell,sell_high_broken,0,6/18/2024,468.14,462.03,486.86,471.29,6/12/2024,474.15,6/12/2024,28.75%,123.01%
6/13/2024,128892.5962,0,1,270.0791974,463.83,6/12/2024,6/13/2024,0.77,1.325,0.216921163,6/12/2024,threshold,counterfactual_5m,,,,,FORCE_SELL,0.185,0.215,sell,sell_high_broken,0,6/20/2024,476.5,471.29,486.86,474.42,6/13/2024,476.72,6/13/2024,28.89%,124.22%
6/14/2024,129424.2199,129424.2199,0,0,,6/13/2024,6/14/2024,0.665,1.615,0.186228123,6/13/2024,threshold,counterfactual_5m,,,,,FREE,0.185,0.215,sell,sell_high_broken,0,6/21/2024,478.39,474.42,486.86,476.05,6/14/2024,479.19,6/14/2024,29.42%,125.38%
6/17/2024,131310.3654,0,1,270.6091118,478.27,6/14/2024,6/17/2024,1.315,2.04,0.121826069,6/14/2024,threshold,counterfactual_5m,,,,,FORCE_BUY,0.185,0.215,sell,sell_high_broken,0,6/24/2024,479.26,476.05,486.86,473.82,6/17/2024,485.06,6/17/2024,31.31%,128.15%
6/18/2024,131583.6806,131583.6806,0,0,,6/17/2024,6/18/2024,1.405,2.04,0.22585015,6/17/2024,threshold,counterfactual_5m,,,,,FORCE_SELL,0.185,0.215,sell,sell_high_held,1,6/25/2024,486.86,478.14,486.84,473.82,6/18/2024,485.21,6/18/2024,31.58%,128.22%
6/20/2024,131623.2587,0,1,272.9527161,482.075,6/18/2024,6/20/2024,1.585,-0.5,0.147932232,6/18/2024,threshold,counterfactual_5m,,,,,FORCE_BUY,0.185,0.215,sell,sell_high_broken,0,6/26/2024,485.9,483.43,486.84,473.82,6/20/2024,481.47,6/20/2024,31.62%,126.46%
6/21/2024,131342.1174,131342.1174,0,0,,6/20/2024,6/21/2024,1.645,1.6,0.393231417,6/20/2024,threshold,counterfactual_5m,,,,,FORCE_SELL,0.185,0.215,sell,sell_high_held,1,6/27/2024,486.84,479.62,483.1,473.82,6/21/2024,480.18,6/21/2024,31.34%,125.85%
6/24/2024,131342.1174,131342.1174,0,0,,6/21/2024,6/24/2024,1.885,-0.5,0.242707748,6/21/2024,threshold,counterfactual_5m,,,,,FORCE_SELL,0.185,0.215,sell,sell_high_broken,0,6/28/2024,482.54,478.67,487.2,473.82,6/24/2024,473.96,6/24/2024,31.34%,122.92%
6/25/2024,131342.1174,131342.1174,0,0,,6/24/2024,6/25/2024,1.77,0.53,0.352697361,6/24/2024,threshold,counterfactual_5m,,,,,FORCE_SELL,0.185,0.215,sell,sell_high_broken,0,7/1/2024,479.93,473.82,487.2,475.12,6/25/2024,479.38,6/25/2024,31.34%,125.47%
6/26/2024,131229.6247,0,1,274.3725035,478.7,6/25/2024,6/26/2024,2.37,0.585,0.138161732,6/25/2024,threshold,counterfactual_5m,,,,,FORCE_BUY,0.185,0.215,sell,sell_high_broken,0,7/2/2024,479.68,475.12,487.2,476.26,6/26/2024,480.37,6/26/2024,31.23%,125.94%
6/27/2024,132438.7843,0,1,274.3725035,478.7,6/26/2024,6/27/2024,2.37,0.585,0.145093533,6/26/2024,threshold,counterfactual_5m,,,,,FORCE_BUY,0.185,0.215,sell,sell_high_broken,0,7/3/2024,480.92,478.13,491.17,476.26,6/27/2024,481.61,6/27/2024,32.44%,126.52%
6/28/2024,131572.5903,0,1,274.3725035,478.7,6/27/2024,6/28/2024,2.37,0.585,0.183721489,6/27/2024,threshold,counterfactual_5m,,,,,FORCE_BUY,0.185,0.215,sell,sell_high_broken,0,7/5/2024,483.1,479.3,496.6,476.26,6/28/2024,479.11,6/28/2024,31.57%,125.35%
7/1/2024,131613.7462,131613.7462,0,0,,6/28/2024,7/1/2024,2.37,0.585,0.428026613,6/28/2024,threshold,counterfactual_5m,,,,,FORCE_SELL,0.185,0.215,sell,sell_high_broken,0,7/8/2024,487.2,478.46,497.895,476.26,7/1/2024,481.92,7/1/2024,31.61%,126.67%
7/2/2024,131613.7462,131613.7462,0,0,,7/1/2024,7/2/2024,2.37,0.585,0.181812,7/1/2024,threshold,counterfactual_5m,,,,,FORCE_BUY,0.185,0.215,sell,sell_high_broken,0,7/9/2024,482.49,476.26,500,480.28,7/2/2024,486.98,7/2/2024,31.61%,129.05%
7/3/2024,131613.7462,131613.7462,0,0,,7/2/2024,7/3/2024,2.37,0.585,0.177328681,7/2/2024,threshold,counterfactual_5m,,,,,FORCE_BUY,0.185,0.215,sell,sell_high_broken,0,7/10/2024,487.04,480.28,503.52,486.22,7/3/2024,491.04,7/3/2024,31.61%,130.96%
7/5/2024,131613.7462,131613.7462,0,0,,7/3/2024,7/5/2024,2.37,0.585,0.147156596,7/3/2024,threshold,counterfactual_5m,,,,,FORCE_BUY,0.185,0.215,sell,sell_high_broken,0,7/11/2024,491.17,486.22,503.52,490.725,7/5/2024,496.16,7/5/2024,31.61%,133.37%
7/8/2024,131613.7462,131613.7462,0,0,,7/5/2024,7/8/2024,2.37,0.585,0.18076724,7/5/2024,threshold,counterfactual_5m,,,,,FREE,0.165,0.215,sell,sell_high_broken,0,7/12/2024,496.6,491.59,503.52,490.725,7/8/2024,497.34,7/8/2024,31.61%,133.92%
7/9/2024,131613.7462,131613.7462,0,0,,7/8/2024,7/9/2024,2.37,0.585,0.145415605,7/8/2024,threshold,counterfactual_5m,,,,,FORCE_BUY,0.165,0.215,sell,sell_high_broken,0,7/15/2024,497.895,495.5,503.52,490.725,7/9/2024,497.77,7/9/2024,31.61%,134.12%
7/10/2024,131613.7462,131613.7462,0,0,,7/9/2024,7/10/2024,2.37,0.585,0.238715718,7/9/2024,threshold,counterfactual_5m,,,,,FORCE_SELL,0.185,0.215,sell,sell_high_broken,0,7/16/2024,500,496.24,503.52,490.725,7/10/2024,502.96,7/10/2024,31.61%,136.56%
7/11/2024,131613.7462,131613.7462,0,0,,7/10/2024,7/11/2024,1.965,-0.5,0.187945357,7/10/2024,threshold,counterfactual_5m,,,,,FREE,0.185,0.215,sell,sell_high_held,1,7/17/2024,503.52,498.39,503.28,481.7,7/11/2024,491.93,7/11/2024,31.61%,131.38%
7/12/2024,131613.7462,131613.7462,0,0,,7/11/2024,7/12/2024,1.265,2.06,0.642235939,7/11/2024,threshold,counterfactual_5m,,,,,FORCE_SELL,0.185,0.215,sell,sell_high_held,1,7/18/2024,503.28,490.725,501.01,476.27,7/12/2024,494.82,7/12/2024,31.61%,132.74%
7/15/2024,131613.7462,131613.7462,0,0,,7/12/2024,7/15/2024,1.265,2.06,0.382209993,7/12/2024,threshold,counterfactual_5m,,,,,FORCE_SELL,0.185,0.215,sell,sell_high_broken,0,7/19/2024,499.62,492.04,501.01,473.94,7/15/2024,496.15,7/15/2024,31.61%,133.36%
7/16/2024,131613.7462,131613.7462,0,0,,7/15/2024,7/16/2024,1.065,1.265,0.375129483,7/15/2024,threshold,counterfactual_5m,,,,,FORCE_SELL,0.185,0.215,sell,sell_high_held,1,7/22/2024,501.01,494.09,498.44,473.94,7/16/2024,496.34,7/16/2024,31.61%,133.45%
7/17/2024,131613.7462,131613.7462,0,0,,7/16/2024,7/17/2024,2.255,-0.5,0.243130379,7/16/2024,threshold,counterfactual_5m,,,,,FORCE_SELL,0.185,0.215,sell,sell_high_held,1,7/23/2024,498.44,493.15,488.7984,473.94,7/17/2024,481.77,7/17/2024,31.61%,126.60%
7/18/2024,131613.7462,131613.7462,0,0,,7/17/2024,7/18/2024,2.265,-0.5,0.707725216,7/17/2024,threshold,counterfactual_5m,,,,,FORCE_SELL,0.185,0.215,buy,buy_low_broken,0,7/24/2024,488.7984,481.7,485.71,462.51,7/18/2024,479.49,7/18/2024,31.61%,125.53%
7/19/2024,131613.7462,131613.7462,0,0,,7/18/2024,7/19/2024,1.995,1.055,0.709534644,7/18/2024,threshold,counterfactual_5m,,,,,FORCE_SELL,0.185,0.215,buy,buy_low_broken,0,7/25/2024,485.71,476.27,484.43,455.63,7/19/2024,475.24,7/19/2024,31.61%,123.53%
7/22/2024,131613.7462,131613.7462,0,0,,7/19/2024,7/22/2024,1.995,1.055,0.747072703,7/19/2024,threshold,counterfactual_5m,,,,,FORCE_SELL,0.185,0.215,buy,buy_low_broken,0,7/26/2024,481.69,473.94,484.43,455.63,7/22/2024,482.32,7/22/2024,31.61%,126.86%
7/23/2024,131613.7462,131613.7462,0,0,,7/22/2024,7/23/2024,1.635,2.405,0.421529868,7/22/2024,threshold,counterfactual_5m,,,,,FORCE_SELL,0.185,0.215,buy,buy_low_broken,0,7/29/2024,483.35,477.7068,484.43,455.63,7/23/2024,480.62,7/23/2024,31.61%,126.06%
7/24/2024,131613.7462,131613.7462,0,0,,7/23/2024,7/24/2024,2.42,-0.5,0.584037588,7/23/2024,threshold,counterfactual_5m,,,,,FORCE_SELL,0.185,0.215,buy,buy_low_broken,0,7/30/2024,484.43,480.14,474.19,454.15,7/24/2024,463.38,7/24/2024,31.61%,117.95%
7/25/2024,131613.7462,131613.7462,0,0,,7/24/2024,7/25/2024,2.46,-0.5,0.72967911,7/24/2024,threshold,counterfactual_5m,,,,,FORCE_SELL,0.185,0.215,buy,buy_low_broken,0,7/31/2024,474.19,462.51,472.79,454.15,7/25/2024,458.27,7/25/2024,31.61%,115.54%
7/26/2024,131613.7462,131613.7462,0,0,,7/25/2024,7/26/2024,2.42,-0.5,0.672525534,7/25/2024,threshold,counterfactual_5m,,,,,FORCE_SELL,0.185,0.215,buy,buy_low_broken,0,8/1/2024,467.94,455.63,475.55,454.15,7/26/2024,462.97,7/26/2024,31.61%,117.76%
7/29/2024,131613.7462,131613.7462,0,0,,7/26/2024,7/29/2024,2.455,-0.5,0.47358278,7/26/2024,threshold,counterfactual_5m,,,,,FORCE_SELL,0.185,0.215,buy,buy_low_broken,0,8/2/2024,465.93,459.77,475.55,444.47,7/29/2024,463.9,7/29/2024,31.61%,118.19%
7/30/2024,131613.7462,131613.7462,0,0,,7/29/2024,7/30/2024,2.01,-0.5,0.491856907,7/29/2024,threshold,counterfactual_5m,,,,,FORCE_SELL,0.185,0.215,buy,buy_low_broken,0,8/5/2024,467.91,461.615,475.55,423.45,7/30/2024,457.53,7/30/2024,31.61%,115.20%
7/31/2024,131613.7462,131613.7462,0,0,,7/30/2024,7/31/2024,-0.5,2.385,0.634621006,7/30/2024,threshold,counterfactual_5m,,,,,FORCE_SELL,0.185,0.215,buy,buy_low_broken,0,8/6/2024,466.561,454.15,475.55,423.45,7/31/2024,471.07,7/31/2024,31.61%,121.57%
8/1/2024,131613.7462,131613.7462,0,0,,7/31/2024,8/1/2024,2.47,2.465,0.567627408,7/31/2024,threshold,counterfactual_5m,,,,,FORCE_SELL,0.185,0.215,buy,buy_low_broken,0,8/7/2024,472.79,466.41,475.55,423.45,8/1/2024,459.66,8/1/2024,31.61%,116.20%
8/2/2024,131613.7462,131613.7462,0,0,,8/1/2024,8/2/2024,2.49,-0.5,0.751871474,8/1/2024,threshold,counterfactual_5m,,,,,FORCE_SELL,0.185,0.215,buy,buy_low_broken,0,8/8/2024,475.55,455.98,453.57,423.45,8/2/2024,448.75,8/2/2024,31.61%,111.07%
8/5/2024,131613.7462,131613.7462,0,0,,8/2/2024,8/5/2024,-0.5,-0.5,0.563609684,8/2/2024,threshold,counterfactual_5m,,,,,FORCE_SELL,0.185,0.215,buy,buy_low_broken,0,8/9/2024,453.57,444.47,452.06,423.45,8/5/2024,435.37,8/5/2024,31.61%,104.77%
8/6/2024,131613.7462,131613.7462,0,0,,8/5/2024,8/6/2024,-0.5,-0.5,0.62127582,8/5/2024,threshold,counterfactual_5m,,,,,FORCE_SELL,0.185,0.215,buy,buy_low_held,1,8/12/2024,442.29,423.45,454.37,434.37,8/6/2024,439.53,8/6/2024,31.61%,106.73%
8/7/2024,131613.7462,131613.7462,0,0,,8/6/2024,8/7/2024,-0.5,-0.5,0.468318367,8/6/2024,threshold,counterfactual_5m,,,,,FORCE_SELL,0.185,0.215,buy,buy_low_broken,0,8/13/2024,447.07,434.56,462.85,434.37,8/7/2024,434.77,8/7/2024,31.61%,104.49%
8/8/2024,131613.7462,131613.7462,0,0,,8/7/2024,8/8/2024,-0.5,-0.5,0.60645456,8/7/2024,threshold,counterfactual_5m,,,,,FORCE_SELL,0.185,0.215,buy,buy_low_held,1,8/14/2024,449,434.37,465.1093,437.15,8/8/2024,448.07,8/8/2024,31.61%,110.75%
8/9/2024,131613.7462,131613.7462,0,0,,8/8/2024,8/9/2024,2.09,-0.5,0.363767287,8/8/2024,threshold,counterfactual_5m,,,,,FORCE_SELL,0.185,0.215,buy,buy_low_held,1,8/15/2024,448.99,437.15,474.82,445.61,8/9/2024,450.41,8/9/2024,31.61%,111.85%
8/12/2024,131613.7462,131613.7462,0,0,,8/9/2024,8/12/2024,2.09,-0.5,0.36186694,8/9/2024,threshold,counterfactual_5m,,,,,FORCE_SELL,0.185,0.215,buy,buy_low_held,1,8/16/2024,452.06,445.61,476.41,448.5546,8/12/2024,451.38,8/12/2024,31.61%,112.30%
8/13/2024,131613.7462,131613.7462,0,0,,8/12/2024,8/13/2024,2.09,-0.5,0.535132948,8/12/2024,threshold,counterfactual_5m,,,,,FORCE_SELL,0.185,0.215,buy,buy_low_held,1,8/19/2024,454.37,448.5546,481.31,455.68,8/13/2024,462.58,8/13/2024,31.61%,117.57%
8/14/2024,131613.7462,131613.7462,0,0,,8/13/2024,8/14/2024,2.09,-0.5,0.173694488,8/13/2024,threshold,counterfactual_5m,,,,,FORCE_BUY,0.185,0.215,sell,sell_high_broken,0,8/20/2024,462.85,455.68,482.94,458.4,8/14/2024,462.73,8/14/2024,31.61%,117.64%
8/15/2024,131613.7462,131613.7462,0,0,,8/14/2024,8/15/2024,2.09,-0.5,0.216046865,8/14/2024,threshold,counterfactual_5m,,,,,FORCE_SELL,0.16,0.205,sell,sell_high_broken,0,8/21/2024,465.1093,458.4,484.37,468.38,8/15/2024,474.42,8/15/2024,31.61%,123.14%
8/16/2024,131613.7462,131613.7462,0,0,,8/15/2024,8/16/2024,1.18,-0.5,0.196379277,8/15/2024,threshold,counterfactual_5m,,,,,FREE,0.185,0.21,sell,sell_high_broken,0,8/22/2024,474.82,468.38,485.54,471.65,8/16/2024,475.03,8/16/2024,31.61%,123.43%
8/19/2024,132612.2445,132612.2445,0,0,,8/16/2024,8/19/2024,1.805,-0.5,0.197292902,8/16/2024,threshold,counterfactual_5m,,,,,FREE,0.185,0.21,sell,sell_high_broken,0,8/23/2024,476.41,471.65,485.54,473.37,8/19/2024,481.27,8/19/2024,32.61%,126.36%
8/20/2024,132094.7843,0,1,275.420558,481.49,8/19/2024,8/20/2024,1.78,-0.5,0.180177911,8/19/2024,threshold,counterfactual_5m,,,,,FORCE_BUY,0.185,0.21,sell,sell_high_broken,0,8/26/2024,481.31,473.37,485.54,473.24,8/20/2024,480.26,8/20/2024,32.09%,125.89%
8/21/2024,132364.366,132364.366,0,0,,8/20/2024,8/21/2024,1.62,-0.5,0.28710552,8/20/2024,threshold,counterfactual_5m,,,,,FORCE_SELL,0.175,0.205,sell,sell_high_broken,0,8/27/2024,482.94,478.55,485.54,471.71,8/21/2024,482.5,8/21/2024,32.36%,126.94%
8/22/2024,132364.366,132364.366,0,0,,8/21/2024,8/22/2024,1.63,-0.5,0.209821059,8/21/2024,threshold,counterfactual_5m,,,,,FORCE_SELL,0.175,0.205,sell,sell_high_broken,0,8/28/2024,484.37,479.32,485.54,467.89,8/22/2024,474.85,8/22/2024,32.36%,123.34%
8/23/2024,132364.366,132364.366,0,0,,8/22/2024,8/23/2024,1.905,-0.5,0.423924931,8/22/2024,threshold,counterfactual_5m,,,,,FORCE_SELL,0.175,0.205,sell,sell_high_held,1,8/29/2024,485.54,473.81,482.74,467.89,8/23/2024,480,8/23/2024,32.36%,125.77%
8/26/2024,132364.366,132364.366,0,0,,8/23/2024,8/26/2024,1.84,-0.5,0.252847033,8/23/2024,threshold,counterfactual_5m,,,,,FORCE_SELL,0.175,0.205,sell,sell_high_held,1,8/30/2024,482.74,475.28,480.38,467.89,8/26/2024,475.34,8/26/2024,32.36%,123.57%
8/27/2024,132364.366,132364.366,0,0,,8/26/2024,8/27/2024,1.865,-0.5,0.352626396,8/26/2024,threshold,counterfactual_5m,,,,,FORCE_SELL,0.175,0.205,sell,sell_high_held,1,9/3/2024,480.38,473.24,477.93,459.4101,8/27/2024,476.76,8/27/2024,32.36%,124.24%
8/28/2024,132364.366,132364.366,0,0,,8/27/2024,8/28/2024,1.835,-0.5,0.215178309,8/27/2024,threshold,counterfactual_5m,,,,,FORCE_SELL,0.175,0.205,sell,sell_high_broken,0,9/4/2024,477.84,471.71,477.93,457.73,8/28/2024,471.35,8/28/2024,32.36%,121.70%
8/29/2024,132364.366,132364.366,0,0,,8/28/2024,8/29/2024,1.93,-0.5,0.425296012,8/28/2024,threshold,counterfactual_5m,,,,,FORCE_SELL,0.175,0.205,sell,sell_high_broken,0,9/5/2024,477.02,467.89,477.93,457.73,8/29/2024,470.66,8/29/2024,32.36%,121.37%
8/30/2024,132364.366,132364.366,0,0,,8/29/2024,8/30/2024,1.365,-0.5,0.43886964,8/29/2024,threshold,counterfactual_5m,,,,,FORCE_SELL,0.175,0.205,sell,sell_high_held,1,9/6/2024,477.93,469.372,476.9,448.19,8/30/2024,476.27,8/30/2024,32.36%,124.01%
9/3/2024,132364.366,132364.366,0,0,,8/30/2024,9/3/2024,1.98,-0.5,0.213375588,8/30/2024,threshold,counterfactual_5m,,,,,FORCE_SELL,0.175,0.205,sell,sell_high_held,1,9/9/2024,476.9,470.51,473.33,448.19,9/3/2024,461.81,9/3/2024,32.36%,117.21%
9/4/2024,132364.366,132364.366,0,0,,9/3/2024,9/4/2024,2.3,-0.5,0.58047482,9/3/2024,threshold,counterfactual_5m,,,,,FORCE_SELL,0.175,0.205,sell,sell_high_held,1,9/10/2024,473.33,459.4101,465.36,448.19,9/4/2024,460.61,9/4/2024,32.36%,116.65%
9/5/2024,132364.366,132364.366,0,0,,9/4/2024,9/5/2024,2.375,-0.5,0.325204067,9/4/2024,threshold,counterfactual_5m,,,,,FORCE_SELL,0.175,0.205,sell,sell_high_broken,0,9/11/2024,464.45,457.73,469.37,448.19,9/5/2024,461.04,9/5/2024,32.36%,116.85%
9/6/2024,132364.366,132364.366,0,0,,9/5/2024,9/6/2024,2.49,-0.5,0.342821274,9/5/2024,threshold,counterfactual_5m,,,,,FORCE_SELL,0.175,0.205,sell,sell_high_broken,0,9/12/2024,465.36,457.939,474.04,448.19,9/6/2024,448.69,9/6/2024,32.36%,111.04%
9/9/2024,132364.366,132364.366,0,0,,9/6/2024,9/9/2024,2.16,-0.5,0.529539266,9/6/2024,threshold,counterfactual_5m,,,,,FORCE_SELL,0.175,0.205,sell,sell_high_broken,0,9/13/2024,461.22,448.19,476.53,449.82343,9/9/2024,454.46,9/9/2024,32.36%,113.75%
9/10/2024,132364.366,132364.366,0,0,,9/9/2024,9/10/2024,1.88,-0.5,0.185707556,9/9/2024,threshold,counterfactual_5m,,,,,FREE,0.175,0.205,sell,sell_high_broken,0,9/16/2024,455.46,449.82343,476.53,451.28,9/10/2024,458.66,9/10/2024,32.36%,115.73%
9/11/2024,132323.8593,132323.8593,0,0,,9/10/2024,9/11/2024,1.95,-0.5,0.196408991,9/10/2024,threshold,counterfactual_5m,,,,,FREE,0.175,0.205,sell,sell_high_broken,0,9/17/2024,459.17,452.23,477.6,451.28,9/11/2024,468.62,9/11/2024,32.32%,120.41%
9/12/2024,132323.8593,132323.8593,0,0,,9/11/2024,9/12/2024,1.95,-0.5,0.38989679,9/11/2024,threshold,counterfactual_5m,,,,,FORCE_SELL,0.175,0.205,sell,sell_high_broken,0,9/18/2024,469.37,451.28,478.83,466.8491,9/12/2024,473.22,9/12/2024,32.32%,122.58%
9/13/2024,132323.8593,132323.8593,0,0,,9/12/2024,9/13/2024,1.95,-0.5,0.22890653,9/12/2024,threshold,counterfactual_5m,,,,,FORCE_SELL,0.175,0.205,sell,sell_high_broken,0,9/19/2024,474.04,466.8491,486.23,469.89,9/13/2024,475.34,9/13/2024,32.32%,123.57%
9/16/2024,132323.8593,132323.8593,0,0,,9/13/2024,9/16/2024,1.775,-0.5,0.245610762,9/13/2024,threshold,counterfactual_5m,,,,,FORCE_SELL,0.175,0.205,sell,sell_high_broken,0,9/20/2024,476.53,472.25,486.23,469.89,9/16/2024,473.24,9/16/2024,32.32%,122.59%
9/17/2024,132413.2522,132413.2522,0,0,,9/16/2024,9/17/2024,1.775,-0.5,0.192728218,9/16/2024,threshold,counterfactual_5m,,,,,FREE,0.175,0.205,sell,sell_high_broken,0,9/23/2024,473.8599,469.89,486.23,470.83,9/17/2024,473.49,9/17/2024,32.41%,122.70%
9/18/2024,132413.2522,132413.2522,0,0,,9/17/2024,9/18/2024,-0.5,-0.5,0.357870754,9/17/2024,threshold,counterfactual_5m,,,,,FORCE_SELL,0.175,0.205,sell,sell_high_broken,0,9/24/2024,477.6,470.97,486.33,470.83,9/18/2024,471.44,9/18/2024,32.41%,121.74%
9/19/2024,132413.2522,132413.2522,0,0,,9/18/2024,9/19/2024,-0.5,-0.5,0.450931686,9/18/2024,threshold,counterfactual_5m,,,,,FORCE_SELL,0.175,0.205,sell,sell_high_broken,0,9/25/2024,478.83,470.83,487.79,478.3,9/19/2024,483.36,9/19/2024,32.41%,127.35%
9/20/2024,132413.2522,132413.2522,0,0,,9/19/2024,9/20/2024,0.95,-0.5,0.302023354,9/19/2024,threshold,counterfactual_5m,,,,,FORCE_SELL,0.175,0.205,sell,sell_high_broken,0,9/26/2024,486.23,480.49,493.7,478.3,9/20/2024,482.44,9/20/2024,32.41%,126.91%
9/23/2024,132413.2522,132413.2522,0,0,,9/20/2024,9/23/2024,-0.5,-0.5,0.226903681,9/20/2024,threshold,counterfactual_5m,,,,,FORCE_SELL,0.185,0.21,sell,sell_high_broken,0,9/27/2024,483.69,478.3,493.7,480.17,9/23/2024,483.04,9/23/2024,32.41%,127.20%
9/24/2024,132413.2522,132413.2522,0,0,,9/23/2024,9/24/2024,1.025,1.64,0.232544504,9/23/2024,threshold,counterfactual_5m,,,,,FORCE_SELL,0.185,0.21,sell,sell_high_broken,0,9/30/2024,484.14,481.6,493.7,480.17,9/24/2024,485.37,9/24/2024,32.41%,128.29%
9/25/2024,132413.2522,132413.2522,0,0,,9/24/2024,9/25/2024,1.31,1.875,0.214303156,9/24/2024,threshold,counterfactual_5m,,,,,FORCE_SELL,0.185,0.21,sell,sell_high_broken,0,10/1/2024,486.33,480.17,493.7,477.4,9/25/2024,485.82,9/25/2024,32.41%,128.50%
9/26/2024,132413.2522,132413.2522,0,0,,9/25/2024,9/26/2024,1.31,1.875,0.264911455,9/25/2024,threshold,counterfactual_5m,,,,,FREE,0.24,0.28,sell,sell_high_broken,0,10/2/2024,487.79,484.56,493.7,477.4,9/26/2024,489.47,9/26/2024,32.41%,130.22%
9/27/2024,132413.2522,132413.2522,0,0,,9/26/2024,9/27/2024,1.31,1.875,0.377687621,9/26/2024,threshold,counterfactual_5m,,,,,FORCE_SELL,0.24,0.28,sell,sell_high_held,1,10/3/2024,493.7,485.8,490.64,477.4,9/27/2024,486.75,9/27/2024,32.41%,128.94%
9/30/2024,132413.2522,132413.2522,0,0,,9/27/2024,9/30/2024,1.95,-0.5,0.442056808,9/27/2024,threshold,counterfactual_5m,,,,,FORCE_SELL,0.24,0.28,sell,sell_high_held,1,10/4/2024,490.64,485.56,488.41,477.4,9/30/2024,488.07,9/30/2024,32.41%,129.56%
10/1/2024,132413.2522,132413.2522,0,0,,9/30/2024,10/1/2024,2.115,1.34,0.198137898,9/30/2024,threshold,counterfactual_5m,,,,,FORCE_BUY,0.24,0.28,sell,sell_high_held,1,10/7/2024,488.41,482.92,488,477.4,10/1/2024,481.27,10/1/2024,32.41%,126.36%
10/2/2024,132413.2522,132413.2522,0,0,,10/1/2024,10/2/2024,2.45,-0.5,0.47590466,10/1/2024,threshold,counterfactual_5m,,,,,FORCE_SELL,0.24,0.28,sell,sell_high_broken,0,10/8/2024,488,477.4,489.99,477.72,10/2/2024,481.95,10/2/2024,32.41%,126.68%
10/3/2024,132954.5034,0,1,276.1485968,479.5,10/2/2024,10/3/2024,2.465,-0.5,0.220270734,10/2/2024,threshold,counterfactual_5m,,,,,FORCE_BUY,0.24,0.28,sell,sell_high_broken,0,10/9/2024,483.88,477.72,493.73,478.99,10/3/2024,481.59,10/3/2024,32.95%,126.51%
10/4/2024,133313.4966,133313.4966,0,0,,10/3/2024,10/4/2024,2.47,-0.5,0.275539702,10/3/2024,threshold,counterfactual_5m,,,,,FORCE_SELL,0.215,0.255,sell,sell_high_broken,0,10/10/2024,484.545,478.99,494.47,480.87,10/4/2024,487.32,10/4/2024,33.31%,129.21%
10/7/2024,133364.2621,0,1,276.8022437,481.62,10/4/2024,10/7/2024,2.47,-0.5,0.189221325,10/4/2024,threshold,counterfactual_5m,,,,,FORCE_BUY,0.215,0.255,sell,sell_high_broken,0,10/11/2024,487.88,482.385,494.47,480.87,10/7/2024,482.1,10/7/2024,33.36%,126.75%
10/8/2024,134055.3266,134055.3266,0,0,,10/7/2024,10/8/2024,1.42,2.485,0.358578057,10/7/2024,threshold,counterfactual_5m,,,,,FORCE_SELL,0.215,0.255,sell,sell_high_broken,0,10/14/2024,486.57,480.87,498.83,483.845,10/8/2024,489.3,10/8/2024,34.06%,130.14%
10/9/2024,135401.236,0,1,274.6753952,488.05,10/8/2024,10/9/2024,-0.5,-0.5,0.204014675,10/8/2024,threshold,counterfactual_5m,,,,,FORCE_BUY,0.215,0.255,sell,sell_high_broken,0,10/15/2024,489.99,483.845,498.83,487.95,10/9/2024,493.15,10/9/2024,35.40%,131.95%
10/10/2024,135467.1581,0,1,274.6753952,488.05,10/9/2024,10/10/2024,-0.5,-0.5,0.184744432,10/9/2024,threshold,counterfactual_5m,,,,,FORCE_BUY,0.205,0.225,sell,sell_high_broken,0,10/16/2024,493.73,487.95,498.83,487.57,10/10/2024,492.59,10/10/2024,35.47%,131.69%
10/11/2024,135217.5094,0,1,274.5533187,492.5,10/10/2024,10/11/2024,1.55,1.985,0.224418746,10/10/2024,threshold,counterfactual_5m,,,,,FREE,0.205,0.225,sell,sell_high_broken,0,10/17/2024,494.47,489.53,498.83,487.57,10/11/2024,493.36,10/11/2024,35.22%,132.05%
10/14/2024,135530.5002,135530.5002,0,0,,10/11/2024,10/14/2024,1.55,1.985,0.208172297,10/11/2024,threshold,counterfactual_5m,,,,,FREE,0.205,0.225,sell,sell_high_broken,0,10/18/2024,494.39,490.17,498.83,487.57,10/14/2024,497.5,10/14/2024,35.53%,134.00%
10/15/2024,134034.6449,0,1,272.9663053,496.51,10/14/2024,10/15/2024,1.965,-0.5,0.212722918,10/14/2024,threshold,counterfactual_5m,,,,,FREE,0.205,0.225,sell,sell_high_held,1,10/21/2024,498.83,495.26,498.5,487.57,10/15/2024,490.85,10/15/2024,34.03%,130.87%
10/16/2024,134217.5323,134217.5323,0,0,,10/15/2024,10/16/2024,1.735,1.31,0.551360945,10/15/2024,threshold,counterfactual_5m,,,,,FORCE_SELL,0.175,0.21,sell,sell_high_held,1,10/22/2024,498.5,488.68,497.445,487.57,10/16/2024,490.91,10/16/2024,34.22%,130.90%
10/17/2024,134217.5323,134217.5323,0,0,,10/16/2024,10/17/2024,1.37,2.155,0.204655772,10/16/2024,threshold,counterfactual_5m,,,,,FREE,0.175,0.21,sell,sell_high_broken,0,10/23/2024,491.69,487.57,497.445,485.05,10/17/2024,491.25,10/17/2024,34.22%,131.06%
10/18/2024,134217.5323,134217.5323,0,0,,10/17/2024,10/18/2024,-0.5,1.41,0.447225788,10/17/2024,threshold,counterfactual_5m,,,,,FORCE_SELL,0.16,0.21,sell,sell_high_broken,0,10/24/2024,496.49,491.1901,497.445,485.05,10/18/2024,494.47,10/18/2024,34.22%,132.57%
10/21/2024,134217.5323,134217.5323,0,0,,10/18/2024,10/21/2024,1.32,1.87,0.226605993,10/18/2024,threshold,counterfactual_5m,,,,,FORCE_SELL,0.16,0.21,sell,sell_high_broken,0,10/25/2024,495.57,493.3,500.28,485.05,10/21/2024,495.42,10/21/2024,34.22%,133.02%
10/22/2024,134217.5323,134217.5323,0,0,,10/21/2024,10/22/2024,1.275,1.415,0.210165142,10/21/2024,threshold,counterfactual_5m,,,,,FORCE_SELL,0.16,0.21,sell,sell_high_broken,0,10/28/2024,496.23,491.31,500.28,485.05,10/22/2024,495.96,10/22/2024,34.22%,133.27%
10/23/2024,134217.5323,134217.5323,0,0,,10/22/2024,10/23/2024,1.915,1.72,0.258999056,10/22/2024,threshold,counterfactual_5m,,,,,FORCE_SELL,0.16,0.21,sell,sell_high_broken,0,10/29/2024,497.445,491.97,501.35,485.05,10/23/2024,488.36,10/23/2024,34.22%,129.70%
10/24/2024,134217.5323,134217.5323,0,0,,10/23/2024,10/24/2024,1.945,1.735,0.4552051,10/23/2024,threshold,counterfactual_5m,,,,,FORCE_SELL,0.16,0.21,sell,sell_high_broken,0,10/30/2024,494.25,485.05,501.35,489.44,10/24/2024,492.32,10/24/2024,34.22%,131.56%
10/25/2024,133973.6728,0,1,270.9549456,495.35,10/24/2024,10/25/2024,1.325,1.76,0.208523456,10/24/2024,threshold,counterfactual_5m,,,,,FREE,0.16,0.21,sell,sell_high_broken,0,10/31/2024,493,489.44,501.35,483.75,10/25/2024,495.32,10/25/2024,33.97%,132.97%
10/28/2024,135366.3813,135366.3813,0,0,,10/25/2024,10/28/2024,1.485,-0.5,0.437595062,10/25/2024,threshold,counterfactual_5m,,,,,FORCE_SELL,0.16,0.21,sell,sell_high_broken,0,11/1/2024,500.28,494.43,501.35,483.75,10/28/2024,495.4,10/28/2024,35.37%,133.01%
10/29/2024,135366.3813,135366.3813,0,0,,10/28/2024,10/29/2024,1.44,2.5,0.406545473,10/28/2024,threshold,counterfactual_5m,,,,,FORCE_SELL,0.16,0.21,sell,sell_high_broken,0,11/4/2024,498.52,495.1,501.35,483.75,10/29/2024,500.16,10/29/2024,35.37%,135.25%
10/30/2024,135366.3813,135366.3813,0,0,,10/29/2024,10/30/2024,1.745,1.375,0.221719333,10/29/2024,threshold,counterfactual_5m,,,,,FORCE_SELL,0.16,0.21,sell,sell_high_held,1,11/5/2024,501.35,493.85,500.35,483.75,10/30/2024,496.38,10/30/2024,35.37%,133.47%
10/31/2024,135366.3813,135366.3813,0,0,,10/30/2024,10/31/2024,2.27,-0.5,0.421546542,10/30/2024,threshold,counterfactual_5m,,,,,FORCE_SELL,0.16,0.21,sell,sell_high_broken,0,11/6/2024,500.35,495.89,506.41,483.75,10/31/2024,483.85,10/31/2024,35.37%,127.58%
11/1/2024,135366.3813,135366.3813,0,0,,10/31/2024,11/1/2024,2.2,2.185,0.533706537,10/31/2024,threshold,counterfactual_5m,,,,,FORCE_SELL,0.16,0.21,sell,sell_high_broken,0,11/7/2024,492.43,483.75,514.33,484.2545,11/1/2024,487.43,11/1/2024,35.37%,129.26%
11/4/2024,135366.3813,135366.3813,0,0,,11/1/2024,11/4/2024,1.62,-0.5,0.309240311,11/1/2024,threshold,counterfactual_5m,,,,,FORCE_SELL,0.16,0.21,sell,sell_high_broken,0,11/8/2024,490.7507,485.2,514.9175,484.2545,11/4/2024,486.01,11/4/2024,35.37%,128.59%
11/5/2024,135366.3813,135366.3813,0,0,,11/4/2024,11/5/2024,1.56,1.89,0.27669537,11/4/2024,threshold,counterfactual_5m,,,,,FORCE_SELL,0.16,0.21,sell,sell_high_broken,0,11/11/2024,489.38,484.2545,515.58,487.52,11/5/2024,492.21,11/5/2024,35.37%,131.51%
11/6/2024,135366.3813,135366.3813,0,0,,11/5/2024,11/6/2024,1.56,1.89,0.186595191,11/5/2024,threshold,counterfactual_5m,,,,,FREE,0.16,0.21,sell,sell_high_broken,0,11/12/2024,492.88,487.52,515.58,499.6,11/6/2024,505.58,11/6/2024,35.37%,137.80%
11/7/2024,135366.3813,135366.3813,0,0,,11/6/2024,11/7/2024,1.56,1.89,0.256110039,11/6/2024,threshold,counterfactual_5m,,,,,FORCE_SELL,0.16,0.21,sell,sell_high_broken,0,11/13/2024,506.41,499.6,515.58,508.34,11/7/2024,513.54,11/7/2024,35.37%,141.54%
11/8/2024,135366.3813,135366.3813,0,0,,11/7/2024,11/8/2024,1.56,1.89,0.226650848,11/7/2024,threshold,counterfactual_5m,,,,,FORCE_SELL,0.16,0.21,sell,sell_high_broken,0,11/14/2024,514.33,508.34,515.58,507.77,11/8/2024,514.14,11/8/2024,35.37%,141.82%
11/11/2024,135540.9759,135540.9759,0,0,,11/8/2024,11/11/2024,1.56,1.89,0.204059003,11/8/2024,threshold,counterfactual_5m,,,,,FREE,0.16,0.21,sell,sell_high_broken,0,11/15/2024,514.9175,512.41,515.58,494.49,11/11/2024,513.84,11/11/2024,35.54%,141.68%
11/12/2024,135540.9759,135540.9759,0,0,,11/11/2024,11/12/2024,1.47,1.59,0.236564517,11/11/2024,threshold,counterfactual_5m,,,,,FORCE_SELL,0.16,0.21,sell,sell_high_held,1,11/18/2024,515.58,510.92,514.98,494.49,11/12/2024,512.91,11/12/2024,35.54%,141.24%
11/13/2024,135540.9759,135540.9759,0,0,,11/12/2024,11/13/2024,1.34,1.605,0.260028634,11/12/2024,threshold,counterfactual_5m,,,,,FORCE_SELL,0.16,0.21,sell,sell_high_broken,0,11/19/2024,514.66,509.83,514.98,494.49,11/13/2024,512.25,11/13/2024,35.54%,140.93%
11/14/2024,135540.9759,135540.9759,0,0,,11/13/2024,11/14/2024,1.19,-0.5,0.287481686,11/13/2024,threshold,counterfactual_5m,,,,,FORCE_SELL,0.16,0.21,sell,sell_high_held,1,11/20/2024,514.98,509.95,512.79,494.49,11/14/2024,508.69,11/14/2024,35.54%,139.26%
11/15/2024,135540.9759,135540.9759,0,0,,11/14/2024,11/15/2024,1.33,-0.5,0.374515835,11/14/2024,threshold,counterfactual_5m,,,,,FORCE_SELL,0.16,0.21,sell,sell_high_held,1,11/21/2024,512.79,507.77,506.96,494.49,11/15/2024,496.57,11/15/2024,35.54%,133.56%
11/18/2024,135540.9759,135540.9759,0,0,,11/15/2024,11/18/2024,0.965,-0.5,0.417331964,11/15/2024,threshold,counterfactual_5m,,,,,FORCE_SELL,0.16,0.21,sell,sell_high_broken,0,11/22/2024,503.33,494.49,506.96,496.555,11/18/2024,500.02,11/18/2024,35.54%,135.18%
11/19/2024,135540.9759,135540.9759,0,0,,11/18/2024,11/19/2024,1.065,1.81,0.227552758,11/18/2024,threshold,counterfactual_5m,,,,,FORCE_SELL,0.16,0.21,sell,sell_high_broken,0,11/25/2024,502.14,496.73,511.4525,496.555,11/19/2024,503.46,11/19/2024,35.54%,136.80%
11/20/2024,135540.9759,135540.9759,0,0,,11/19/2024,11/20/2024,1.045,1.88,0.210511483,11/19/2024,threshold,counterfactual_5m,,,,,FORCE_SELL,0.16,0.21,sell,sell_high_broken,0,11/26/2024,503.9536,497.08,511.4525,496.555,11/20/2024,503.17,11/20/2024,35.54%,136.66%
11/21/2024,137122.5731,0,1,272.2198307,497.91,11/20/2024,11/21/2024,-0.5,-0.5,0.205588279,11/20/2024,threshold,counterfactual_5m,,,,,FREE,0.16,0.21,sell,sell_high_broken,0,11/27/2024,503.48,496.555,511.4525,497.56,11/21/2024,504.98,11/21/2024,37.12%,137.51%
11/22/2024,137348.5156,137348.5156,0,0,,11/21/2024,11/22/2024,0.79,2,0.281394817,11/21/2024,threshold,counterfactual_5m,,,,,FORCE_SELL,0.16,0.21,sell,sell_high_broken,0,11/29/2024,506.96,497.56,511.4525,501.93,11/22/2024,505.79,11/22/2024,37.35%,137.90%
11/25/2024,136233.5072,0,1,269.9778188,508.74,11/22/2024,11/25/2024,1.135,1.505,0.171209611,11/22/2024,threshold,counterfactual_5m,,,,,FORCE_BUY,0.175,0.21,sell,sell_high_broken,0,12/2/2024,506.53,502.78,516.26,501.93,11/25/2024,506.59,11/25/2024,36.23%,138.27%
11/26/2024,136889.5533,136889.5533,0,0,,11/25/2024,11/26/2024,1.095,1.58,0.342985194,11/25/2024,threshold,counterfactual_5m,,,,,FORCE_SELL,0.175,0.21,sell,sell_high_broken,0,12/3/2024,511.4525,504.2625,517.15,501.93,11/26/2024,509.31,11/26/2024,36.89%,139.55%
11/27/2024,136299.6398,0,1,269.3668771,508.19,11/26/2024,11/27/2024,1.41,1.205,0.179575216,11/26/2024,threshold,counterfactual_5m,,,,,FREE,0.175,0.21,sell,sell_high_broken,0,12/4/2024,510.14,507.23,523.52,501.93,11/27/2024,505.3,11/27/2024,36.30%,137.67%
11/29/2024,136736.0141,136736.0141,0,0,,11/27/2024,11/29/2024,1.41,1.205,0.266622765,11/27/2024,threshold,counterfactual_5m,,,,,FORCE_SELL,0.175,0.21,sell,sell_high_broken,0,12/5/2024,508.24,501.93,524.0399,505.31,11/29/2024,509.74,11/29/2024,36.74%,139.75%
12/2/2024,136736.0141,136736.0141,0,0,,11/29/2024,12/2/2024,1.41,1.205,0.166825011,11/29/2024,threshold,counterfactual_5m,,,,,FORCE_BUY,0.29,0.335,sell,sell_high_broken,0,12/6/2024,510.34,505.31,526.72,510.62,12/2/2024,515.29,12/2/2024,36.74%,142.36%
12/3/2024,137818.94,0,1,266.0751394,513.9,12/2/2024,12/3/2024,1.41,1.205,0.171942329,12/2/2024,threshold,counterfactual_5m,,,,,FORCE_BUY,0.29,0.335,sell,sell_high_broken,0,12/9/2024,516.26,510.62,526.72,513.37,12/3/2024,516.87,12/3/2024,37.82%,143.11%
12/4/2024,138976.3668,0,1,266.0751394,513.9,12/3/2024,12/4/2024,1.41,1.205,0.128434708,12/3/2024,threshold,counterfactual_5m,,,,,FORCE_BUY,0.175,0.21,sell,sell_high_broken,0,12/10/2024,517.15,513.37,526.72,519.16,12/4/2024,523.26,12/4/2024,38.98%,146.11%
12/5/2024,138720.9347,0,1,266.0751394,513.9,12/4/2024,12/5/2024,1.145,1.97,0.158275806,12/4/2024,threshold,counterfactual_5m,,,,,FORCE_BUY,0.175,0.21,sell,sell_high_broken,0,12/11/2024,523.52,519.6,530.61,519.16,12/5/2024,521.81,12/5/2024,38.72%,145.43%
12/6/2024,138949.4932,138949.4932,0,0,,12/5/2024,12/6/2024,0.615,2.2,0.273144857,12/5/2024,threshold,counterfactual_5m,,,,,FORCE_SELL,0.175,0.21,sell,sell_high_broken,0,12/12/2024,524.0399,521.42,530.61,519.16,12/6/2024,526.48,12/6/2024,38.95%,147.63%
12/9/2024,138111.1417,0,1,264.4642049,525.4,12/6/2024,12/9/2024,1.475,-0.5,0.149034142,12/6/2024,threshold,counterfactual_5m,,,,,FORCE_BUY,0.29,0.335,sell,sell_high_broken,0,12/13/2024,526.72,522.35,533.1661,519.16,12/9/2024,522.38,12/9/2024,38.11%,145.70%
12/10/2024,138534.2844,138534.2844,0,0,,12/9/2024,12/10/2024,2.18,1.06,0.370186612,12/9/2024,threshold,counterfactual_5m,,,,,FORCE_SELL,0.29,0.335,sell,sell_high_broken,0,12/16/2024,526.35,521.22,539.15,519.16,12/10/2024,520.6,12/10/2024,38.53%,144.86%
12/11/2024,138534.2844,138534.2844,0,0,,12/10/2024,12/11/2024,2.21,1.185,0.376937899,12/10/2024,threshold,counterfactual_5m,,,,,FORCE_SELL,0.29,0.335,sell,sell_high_broken,0,12/17/2024,525.38,519.16,539.15,524.59,12/11/2024,529.92,12/11/2024,38.53%,149.25%
12/12/2024,138534.2844,138534.2844,0,0,,12/11/2024,12/12/2024,2.21,1.185,0.195368361,12/11/2024,threshold,counterfactual_5m,,,,,FORCE_BUY,0.29,0.335,sell,sell_high_broken,0,12/18/2024,530.61,524.59,539.15,515.01,12/12/2024,526.5,12/12/2024,38.53%,147.64%
12/13/2024,138534.2844,138534.2844,0,0,,12/12/2024,12/13/2024,2.21,1.185,0.344328872,12/12/2024,threshold,counterfactual_5m,,,,,FORCE_SELL,0.29,0.335,sell,sell_high_broken,0,12/19/2024,528.96,526.02,539.15,513.83,12/13/2024,530.53,12/13/2024,38.53%,149.53%
12/16/2024,138534.2844,138534.2844,0,0,,12/13/2024,12/16/2024,2.21,1.185,0.290085497,12/13/2024,threshold,counterfactual_5m,,,,,FREE,0.29,0.335,sell,sell_high_broken,0,12/20/2024,533.1661,527.3001,539.15,509.29,12/16/2024,538.17,12/16/2024,38.53%,153.13%
12/17/2024,138534.2844,138534.2844,0,0,,12/16/2024,12/17/2024,1.4,1.405,0.243241415,12/16/2024,threshold,counterfactual_5m,,,,,FORCE_BUY,0.29,0.335,sell,sell_high_held,1,12/23/2024,539.15,533,537.48,509.29,12/17/2024,535.8,12/17/2024,38.53%,152.01%
12/18/2024,134582.6274,0,1,259.917394,533.97,12/17/2024,12/18/2024,1.68,-0.5,0.297171979,12/17/2024,threshold,counterfactual_5m,,,,,FREE,0.29,0.335,sell,sell_high_held,1,12/24/2024,537.48,534.13,536.8799,509.29,12/18/2024,516.47,12/18/2024,34.58%,142.92%
12/19/2024,133873.0529,133873.0529,0,0,,12/18/2024,12/19/2024,1.53,-0.5,0.902300786,12/18/2024,threshold,counterfactual_5m,,,,,FORCE_SELL,0.175,0.21,sell,sell_high_held,1,12/26/2024,536.8799,515.01,531.24,509.29,12/19/2024,514.17,12/19/2024,33.87%,141.84%
12/20/2024,133873.0529,133873.0529,0,0,,12/19/2024,12/20/2024,2.47,-0.5,0.576817143,12/19/2024,threshold,counterfactual_5m,,,,,FORCE_SELL,0.175,0.21,sell,sell_high_broken,0,12/27/2024,521.7599,513.83,531.24,509.29,12/20/2024,518.66,12/20/2024,33.87%,143.95%
12/23/2024,133873.0529,133873.0529,0,0,,12/20/2024,12/23/2024,2.47,-0.5,0.497965668,12/20/2024,threshold,counterfactual_5m,,,,,FORCE_SELL,0.175,0.21,sell,sell_high_broken,0,12/30/2024,524.82,509.29,531.24,511.83,12/23/2024,522.87,12/23/2024,33.87%,145.93%
12/24/2024,133873.0529,133873.0529,0,0,,12/23/2024,12/24/2024,1.29,2.39,0.229246931,12/23/2024,threshold,counterfactual_5m,,,,,FORCE_SELL,0.175,0.21,sell,sell_high_broken,0,12/31/2024,523.25,516.13,531.24,510.26,12/24/2024,529.96,12/24/2024,33.87%,149.26%
12/26/2024,134055.5622,134055.5622,0,0,,12/24/2024,12/26/2024,1.37,-0.5,0.20905668,12/24/2024,threshold,counterfactual_5m,,,,,FREE,0.175,0.21,sell,sell_high_broken,0,1/2/2025,530.05,524.19,531.24,505.71,12/26/2024,529.6,12/26/2024,34.06%,149.09%
12/27/2024,134055.5622,134055.5622,0,0,,12/26/2024,12/27/2024,1.22,-0.5,0.274513998,12/26/2024,threshold,counterfactual_5m,,,,,FORCE_SELL,0.175,0.21,sell,sell_high_held,1,1/3/2025,531.24,526.31,526.45,505.71,12/27/2024,522.56,12/27/2024,34.06%,145.78%
12/30/2024,134055.5622,134055.5622,0,0,,12/27/2024,12/30/2024,1.91,-0.5,0.351275229,12/27/2024,threshold,counterfactual_5m,,,,,FORCE_SELL,0.175,0.21,sell,sell_high_broken,0,1/6/2025,526.45,517.86,527.92,505.71,12/30/2024,515.61,12/30/2024,34.06%,142.51%
12/31/2024,134055.5622,134055.5622,0,0,,12/30/2024,12/31/2024,1.93,-0.5,0.302314727,12/30/2024,threshold,counterfactual_5m,,,,,FORCE_SELL,0.175,0.21,sell,sell_high_broken,0,1/7/2025,519.36,511.83,527.92,505.71,12/31/2024,511.23,12/31/2024,34.06%,140.45%
1/2/2025,134055.5622,134055.5622,0,0,,12/31/2024,1/2/2025,2.365,-0.5,0.405864877,12/31/2024,threshold,counterfactual_5m,,,,,FORCE_SELL,0.175,0.21,sell,sell_high_broken,0,1/8/2025,517.66,510.26,527.92,505.71,1/2/2025,510.23,1/2/2025,34.06%,139.98%
1/3/2025,134055.5622,134055.5622,0,0,,1/2/2025,1/3/2025,2.265,-0.5,0.390580334,1/2/2025,threshold,counterfactual_5m,,,,,FORCE_SELL,0.175,0.21,sell,sell_high_broken,0,1/10/2025,516.64,505.71,527.92,503.92,1/3/2025,518.58,1/3/2025,34.06%,143.91%
1/6/2025,134055.5622,134055.5622,0,0,,1/3/2025,1/6/2025,2.265,-0.5,0.231000695,1/3/2025,threshold,counterfactual_5m,,,,,FORCE_SELL,0.175,0.21,sell,sell_high_broken,0,1/13/2025,519.6454,512.53,527.92,499.7,1/6/2025,524.54,1/6/2025,34.06%,146.71%
1/7/2025,134055.5622,134055.5622,0,0,,1/6/2025,1/7/2025,1.375,-0.5,0.350452483,1/6/2025,threshold,counterfactual_5m,,,,,FORCE_SELL,0.175,0.21,sell,sell_high_held,1,1/14/2025,527.92,522.03,525.99,499.7,1/7/2025,515.18,1/7/2025,34.06%,142.31%
1/8/2025,134055.5622,134055.5622,0,0,,1/7/2025,1/8/2025,1.5,2.205,0.53946192,1/7/2025,threshold,counterfactual_5m,,,,,FORCE_SELL,0.175,0.21,sell,sell_high_held,1,1/15/2025,525.99,513.28,517.85,499.7,1/8/2025,515.27,1/8/2025,34.06%,142.35%
1/10/2025,134055.5622,134055.5622,0,0,,1/8/2025,1/10/2025,1.695,1.88,0.263854909,1/8/2025,threshold,counterfactual_5m,,,,,FORCE_SELL,0.175,0.21,sell,sell_high_broken,0,1/16/2025,516.9199,510.57,519.0599,499.7,1/10/2025,507.19,1/10/2025,34.06%,138.55%
1/13/2025,134055.5622,134055.5622,0,0,,1/10/2025,1/13/2025,1.695,1.88,0.380471466,1/10/2025,threshold,counterfactual_5m,,,,,FORCE_SELL,0.175,0.21,sell,sell_high_broken,0,1/17/2025,511.58,503.92,524.0733,499.7,1/13/2025,505.56,1/13/2025,34.06%,137.79%
1/14/2025,133409.4795,0,1,263.7072139,508.35,1/13/2025,1/14/2025,-0.5,-0.5,0.207022245,1/13/2025,threshold,counterfactual_5m,,,,,FREE,0.175,0.21,sell,sell_high_broken,0,1/21/2025,506.02,499.7,525.97,501.59,1/14/2025,505.08,1/14/2025,33.41%,137.56%
1/15/2025,133522.8736,133522.8736,0,0,,1/14/2025,1/15/2025,1.92,-0.5,0.397304204,1/14/2025,threshold,counterfactual_5m,,,,,FORCE_SELL,0.175,0.21,sell,sell_high_broken,0,1/22/2025,510.155,501.59,533.82,511.46,1/15/2025,516.7,1/15/2025,33.52%,143.03%
1/16/2025,133522.8736,133522.8736,0,0,,1/15/2025,1/16/2025,1.575,-0.5,0.299441088,1/15/2025,threshold,counterfactual_5m,,,,,FORCE_SELL,0.175,0.21,sell,sell_high_broken,0,1/23/2025,517.85,511.46,533.82,512.95,1/16/2025,513.08,1/16/2025,33.52%,141.32%
1/17/2025,133522.8736,133522.8736,0,0,,1/16/2025,1/17/2025,1.63,1.375,0.509897083,1/16/2025,threshold,counterfactual_5m,,,,,FORCE_SELL,0.175,0.21,sell,sell_high_broken,0,1/24/2025,519.0599,512.95,533.82,513.1086,1/17/2025,521.74,1/17/2025,33.52%,145.40%
1/21/2025,133522.8736,133522.8736,0,0,,1/17/2025,1/21/2025,1.63,1.375,0.367593859,1/17/2025,threshold,counterfactual_5m,,,,,FORCE_SELL,0.175,0.21,sell,sell_high_broken,0,1/27/2025,524.0733,513.1086,533.82,510.15,1/21/2025,524.8,1/21/2025,33.52%,146.84%
1/22/2025,133522.8736,133522.8736,0,0,,1/21/2025,1/22/2025,1.63,1.375,0.268715336,1/21/2025,threshold,counterfactual_5m,,,,,FORCE_SELL,0.175,0.21,sell,sell_high_broken,0,1/28/2025,525.97,520.06,533.82,510.15,1/22/2025,531.51,1/22/2025,33.52%,149.99%
1/23/2025,133522.8736,133522.8736,0,0,,1/22/2025,1/23/2025,-0.5,-0.5,0.374691855,1/22/2025,threshold,counterfactual_5m,,,,,FORCE_SELL,0.175,0.21,sell,sell_high_held,1,1/29/2025,533.82,529.26,533.79,510.15,1/23/2025,532.64,1/23/2025,33.52%,150.52%
1/24/2025,133522.8736,133522.8736,0,0,,1/23/2025,1/24/2025,1.045,-0.5,0.236762383,1/23/2025,threshold,counterfactual_5m,,,,,FORCE_SELL,0.175,0.21,sell,sell_high_broken,0,1/30/2025,532.76,528.45,533.79,510.15,1/24/2025,529.63,1/24/2025,33.52%,149.11%
1/27/2025,133522.8736,133522.8736,0,0,,1/24/2025,1/27/2025,1.045,-0.5,0.449126215,1/24/2025,threshold,counterfactual_5m,,,,,FORCE_SELL,0.175,0.21,sell,sell_high_held,1,1/31/2025,533.79,528.15,531.5178,510.15,1/27/2025,514.21,1/27/2025,33.52%,141.86%
1/28/2025,133522.8736,133522.8736,0,0,,1/27/2025,1/28/2025,2.13,-0.5,0.341838376,1/27/2025,threshold,counterfactual_5m,,,,,FORCE_SELL,0.175,0.21,sell,sell_high_broken,0,2/3/2025,517.99,510.15,531.5178,511.05,1/28/2025,521.81,1/28/2025,33.52%,145.43%
1/29/2025,133522.8736,133522.8736,0,0,,1/28/2025,1/29/2025,1.715,1.885,0.327820743,1/28/2025,threshold,counterfactual_5m,,,,,FORCE_SELL,0.175,0.21,sell,sell_high_broken,0,2/4/2025,523,511.78,531.5178,511.05,1/29/2025,520.83,1/29/2025,33.52%,144.97%
1/30/2025,133522.8736,133522.8736,0,0,,1/29/2025,1/30/2025,1.89,1.665,0.282916696,1/29/2025,threshold,counterfactual_5m,,,,,FORCE_SELL,0.175,0.21,sell,sell_high_broken,0,2/5/2025,522.59,516.8988,531.5178,511.05,1/30/2025,523.05,1/30/2025,33.52%,146.01%
1/31/2025,133522.8736,133522.8736,0,0,,1/30/2025,1/31/2025,1.84,1.435,0.337850127,1/30/2025,threshold,counterfactual_5m,,,,,FORCE_SELL,0.175,0.21,sell,sell_high_broken,0,2/6/2025,526.095,518.21,531.5178,511.05,1/31/2025,522.29,1/31/2025,33.52%,145.66%
2/3/2025,133522.8736,133522.8736,0,0,,1/31/2025,2/3/2025,1.435,2.125,0.54887392,1/31/2025,threshold,counterfactual_5m,,,,,FORCE_SELL,0.175,0.21,sell,sell_high_broken,0,2/7/2025,531.5178,521.19,532.1,511.05,2/3/2025,518.11,2/3/2025,33.52%,143.69%
2/4/2025,133522.8736,133522.8736,0,0,,2/3/2025,2/4/2025,1.065,2.325,0.311348439,2/3/2025,threshold,counterfactual_5m,,,,,FORCE_SELL,0.175,0.21,sell,sell_high_broken,0,2/10/2025,520.8496,511.05,532.1,518.23,2/4/2025,524.47,2/4/2025,33.52%,146.68%
2/5/2025,133522.8736,133522.8736,0,0,,2/4/2025,2/5/2025,1.195,2.21,0.261737255,2/4/2025,threshold,counterfactual_5m,,,,,FORCE_SELL,0.175,0.21,sell,sell_high_broken,0,2/11/2025,525.11,518.23,532.1,520.62,2/5/2025,526.85,2/5/2025,33.52%,147.80%
2/6/2025,134328.5199,0,1,253.7468736,526.205,2/5/2025,2/6/2025,1.205,2.23,0.229702183,2/5/2025,threshold,counterfactual_5m,,,,,FORCE_BUY,0.235,0.285,sell,sell_high_broken,0,2/12/2025,527.01,520.62,532.1,521.95,2/6/2025,529.6,2/6/2025,34.33%,149.09%
2/7/2025,132417.806,0,1,253.7468736,526.205,2/6/2025,2/7/2025,1.14,-0.5,0.224846353,2/6/2025,threshold,counterfactual_5m,,,,,FORCE_BUY,0.235,0.285,sell,sell_high_broken,0,2/13/2025,529.81,525.7413,536.22,521.95,2/7/2025,522.92,2/7/2025,32.42%,145.95%
2/10/2025,133719.6797,133719.6797,0,0,,2/7/2025,2/10/2025,-0.5,2.49,0.557067044,2/7/2025,threshold,counterfactual_5m,,,,,FORCE_SELL,0.175,0.21,sell,sell_high_broken,0,2/14/2025,532.1,522.19,538.84,521.95,2/10/2025,529.25,2/10/2025,33.72%,148.93%
2/11/2025,133719.6797,133719.6797,0,0,,2/10/2025,2/11/2025,-0.5,2.405,0.255918082,2/10/2025,threshold,counterfactual_5m,,,,,FORCE_SELL,0.175,0.21,sell,sell_high_broken,0,2/18/2025,530.3571,526.75,540,521.95,2/11/2025,527.99,2/11/2025,33.72%,148.34%
2/12/2025,133719.6797,133719.6797,0,0,,2/11/2025,2/12/2025,0.815,-0.5,0.286889004,2/11/2025,threshold,counterfactual_5m,,,,,FORCE_SELL,0.175,0.21,sell,sell_high_broken,0,2/19/2025,529.92,525.83,540.81,521.95,2/12/2025,528.3,2/12/2025,33.72%,148.48%
2/13/2025,133719.6797,133719.6797,0,0,,2/12/2025,2/13/2025,0.815,-0.5,0.242455934,2/12/2025,threshold,counterfactual_5m,,,,,FORCE_SELL,0.175,0.21,sell,sell_high_broken,0,2/20/2025,529.19,521.95,540.81,529.19,2/13/2025,535.9,2/13/2025,33.72%,152.06%
2/14/2025,133719.6797,133719.6797,0,0,,2/13/2025,2/14/2025,0.815,-0.5,0.225153425,2/13/2025,threshold,counterfactual_5m,,,,,FORCE_SELL,0.175,0.21,sell,sell_high_broken,0,2/21/2025,536.22,529.19,540.81,525.71,2/14/2025,538.15,2/14/2025,33.72%,153.12%
2/18/2025,133719.6797,133719.6797,0,0,,2/14/2025,2/18/2025,0.815,-0.5,0.220504458,2/14/2025,threshold,counterfactual_5m,,,,,FORCE_SELL,0.175,0.21,sell,sell_high_broken,0,2/24/2025,538.84,535.67,540.81,519.53,2/18/2025,539.37,2/18/2025,33.72%,153.69%
2/19/2025,133588.1058,133588.1058,0,0,,2/18/2025,2/19/2025,1.295,2.105,0.17924158,2/18/2025,threshold,counterfactual_5m,,,,,FREE,0.175,0.21,sell,sell_high_broken,0,2/25/2025,540,536.04,540.81,509.44,2/19/2025,539.52,2/19/2025,33.59%,153.76%
2/20/2025,133588.1058,133588.1058,0,0,,2/19/2025,2/20/2025,1.35,2.355,0.211914477,2/19/2025,threshold,counterfactual_5m,,,,,FORCE_SELL,0.18,0.21,sell,sell_high_held,1,2/26/2025,540.81,536.46,539.1,509.44,2/20/2025,537.23,2/20/2025,33.59%,152.68%
2/21/2025,133588.1058,133588.1058,0,0,,2/20/2025,2/21/2025,1.815,-0.5,0.276375099,2/20/2025,threshold,counterfactual_5m,,,,,FORCE_SELL,0.18,0.21,sell,sell_high_held,1,2/27/2025,539.1,532.46,538.4,500.05,2/21/2025,526.08,2/21/2025,33.59%,147.44%
2/24/2025,133588.1058,133588.1058,0,0,,2/21/2025,2/24/2025,2.16,2,0.644770792,2/21/2025,threshold,counterfactual_5m,,,,,FORCE_SELL,0.18,0.21,sell,sell_high_held,1,2/28/2025,538.4,525.71,529.069,496.93,2/24/2025,519.87,2/24/2025,33.59%,144.52%
2/25/2025,133588.1058,133588.1058,0,0,,2/24/2025,2/25/2025,2.34,-0.5,0.510017376,2/24/2025,threshold,counterfactual_5m,,,,,FORCE_SELL,0.18,0.21,sell,sell_high_held,1,3/3/2025,529.069,519.53,519.66,493.58,2/25/2025,513.32,2/25/2025,33.59%,141.44%
2/26/2025,133588.1058,133588.1058,0,0,,2/25/2025,2/26/2025,2.445,-0.5,0.355191843,2/25/2025,threshold,counterfactual_5m,,,,,FORCE_SELL,0.18,0.21,sell,sell_high_broken,0,3/4/2025,519.32,509.44,519.66,487.735,2/26/2025,514.56,2/26/2025,33.59%,142.02%
2/27/2025,133588.1058,133588.1058,0,0,,2/26/2025,2/27/2025,2.495,1.53,0.339432141,2/26/2025,threshold,counterfactual_5m,,,,,FORCE_SELL,0.18,0.21,sell,sell_high_held,1,3/5/2025,519.66,511.37,519.0699,487.735,2/27/2025,500.27,2/27/2025,33.59%,135.30%
2/28/2025,133588.1058,133588.1058,0,0,,2/27/2025,2/28/2025,2.45,1.57,0.622271095,2/27/2025,threshold,counterfactual_5m,,,,,FORCE_SELL,0.18,0.21,sell,sell_high_held,1,3/6/2025,519.0699,500.05,513.04,486.2,2/28/2025,508.17,2/28/2025,33.59%,139.02%
3/3/2025,133588.1058,133588.1058,0,0,,2/28/2025,3/3/2025,2.45,1.57,0.225314495,2/28/2025,threshold,counterfactual_5m,,,,,FORCE_SELL,0.18,0.21,sell,sell_high_broken,0,3/7/2025,508.78,496.93,513.04,480.53,3/3/2025,497.05,3/3/2025,33.59%,133.78%
3/4/2025,133588.1058,133588.1058,0,0,,3/3/2025,3/4/2025,2.035,-0.5,0.549780963,3/3/2025,threshold,counterfactual_5m,,,,,FORCE_SELL,0.18,0.21,sell,sell_high_held,1,3/10/2025,513.04,493.58,503.74,468.66,3/4/2025,495.55,3/4/2025,33.59%,133.08%
3/5/2025,133588.1058,133588.1058,0,0,,3/4/2025,3/5/2025,-0.5,2.445,0.341795394,3/4/2025,threshold,counterfactual_5m,,,,,FORCE_SELL,0.18,0.21,sell,sell_high_held,1,3/11/2025,503.74,487.735,503.63,467.01,3/5/2025,502.01,3/5/2025,33.59%,136.12%
3/6/2025,133588.1058,133588.1058,0,0,,3/5/2025,3/6/2025,-0.5,2.435,0.214696621,3/5/2025,threshold,counterfactual_5m,,,,,FORCE_SELL,0.18,0.21,sell,sell_high_held,1,3/12/2025,503.63,491.26,498.58,467.01,3/6/2025,488.2,3/6/2025,33.59%,129.62%
3/7/2025,133588.1058,133588.1058,0,0,,3/6/2025,3/7/2025,-0.5,-0.5,0.378380527,3/6/2025,threshold,counterfactual_5m,,,,,FORCE_SELL,0.18,0.21,sell,sell_high_held,1,3/13/2025,498.58,486.2,493.28,466.43,3/7/2025,491.79,3/7/2025,33.59%,131.31%
3/10/2025,129622.0073,0,1,276.1322639,480.69,3/7/2025,3/10/2025,2.475,-0.5,0.188584083,3/7/2025,threshold,counterfactual_5m,,,,,FREE,0.18,0.21,sell,sell_high_held,1,3/14/2025,493.28,480.53,483.97,466.43,3/10/2025,472.73,3/10/2025,29.62%,122.35%
3/11/2025,130889.4544,130889.4544,0,0,,3/10/2025,3/11/2025,2.49,-0.5,0.329904442,3/10/2025,threshold,counterfactual_5m,,,,,FORCE_SELL,0.18,0.21,sell,sell_high_broken,0,3/17/2025,483.97,468.66,485.84,466.43,3/11/2025,471.6,3/11/2025,30.89%,121.81%
3/12/2025,130889.4544,130889.4544,0,0,,3/11/2025,3/12/2025,2.39,-0.5,0.24594997,3/11/2025,threshold,counterfactual_5m,,,,,FORCE_SELL,0.18,0.21,sell,sell_high_broken,0,3/18/2025,478.805,467.01,485.84,466.43,3/12/2025,476.92,3/12/2025,30.89%,124.32%
3/13/2025,130889.4544,130889.4544,0,0,,3/12/2025,3/13/2025,-0.5,-0.5,0.2119396,3/12/2025,threshold,counterfactual_5m,,,,,FORCE_SELL,0.18,0.21,sell,sell_high_broken,0,3/19/2025,481.06,471.79,485.84,466.43,3/13/2025,468.34,3/13/2025,30.89%,120.28%
3/14/2025,130889.4544,130889.4544,0,0,,3/13/2025,3/14/2025,-0.5,-0.5,0.289762474,3/13/2025,threshold,counterfactual_5m,,,,,FORCE_SELL,0.18,0.21,sell,sell_high_broken,0,3/20/2025,476.2801,466.43,485.84,472.41,3/14/2025,479.66,3/14/2025,30.89%,125.61%
3/17/2025,130889.4544,130889.4544,0,0,,3/14/2025,3/17/2025,-0.5,-0.5,0.170009615,3/14/2025,threshold,counterfactual_5m,,,,,FORCE_BUY,0.18,0.21,sell,sell_high_broken,0,3/21/2025,480.56,473.12,485.84,472.41,3/17/2025,482.77,3/17/2025,30.89%,127.07%
3/18/2025,130889.4544,130889.4544,0,0,,3/17/2025,3/18/2025,2.28,2.275,0.233288938,3/17/2025,threshold,counterfactual_5m,,,,,FORCE_SELL,0.18,0.21,sell,sell_high_broken,0,3/24/2025,485.84,477.8,491.51,472.41,3/18/2025,474.54,3/18/2025,30.89%,123.20%
3/19/2025,130889.4544,130889.4544,0,0,,3/18/2025,3/19/2025,2.15,2.125,0.30693118,3/18/2025,threshold,counterfactual_5m,,,,,FORCE_SELL,0.18,0.21,sell,sell_high_broken,0,3/25/2025,479.61,472.41,493.62,472.905,3/19/2025,480.89,3/19/2025,30.89%,126.18%
3/20/2025,130889.4544,130889.4544,0,0,,3/19/2025,3/20/2025,1.92,2.315,0.286952582,3/19/2025,threshold,counterfactual_5m,,,,,FORCE_SELL,0.18,0.21,sell,sell_high_broken,0,3/26/2025,485.33,474.87,493.62,472.905,3/20/2025,479.26,3/20/2025,30.89%,125.42%
3/21/2025,130889.4544,130889.4544,0,0,,3/20/2025,3/21/2025,2.145,2.315,0.322484778,3/20/2025,threshold,counterfactual_5m,,,,,FORCE_SELL,0.18,0.21,sell,sell_high_broken,0,3/27/2025,484.55,476.18,493.62,472.905,3/21/2025,480.84,3/21/2025,30.89%,126.16%
3/24/2025,130889.4544,130889.4544,0,0,,3/21/2025,3/24/2025,2.145,2.315,0.185449945,3/21/2025,threshold,counterfactual_5m,,,,,FREE,0.18,0.21,sell,sell_high_broken,0,3/28/2025,481.61,472.905,493.62,468.05,3/24/2025,490.66,3/24/2025,30.89%,130.78%
3/25/2025,132140.6036,0,1,267.3395719,489.6,3/24/2025,3/25/2025,2.115,1.795,0.202160724,3/24/2025,threshold,counterfactual_5m,,,,,FREE,0.18,0.21,sell,sell_high_broken,0,3/31/2025,491.51,487.12,493.62,457.33,3/25/2025,493.46,3/25/2025,32.14%,132.10%
3/26/2025,129151.8541,0,1,267.3395719,489.6,3/25/2025,3/26/2025,2.305,1.985,0.160929383,3/25/2025,threshold,counterfactual_5m,,,,,FORCE_BUY,0.18,0.21,sell,sell_high_held,1,4/1/2025,493.62,490.42,493.16,457.33,3/26/2025,484.38,3/26/2025,29.15%,127.83%
3/27/2025,129239.9693,129239.9693,0,0,,3/26/2025,3/27/2025,2.4,-0.5,0.529763036,3/26/2025,threshold,counterfactual_5m,,,,,FORCE_SELL,0.18,0.21,sell,sell_high_held,1,4/2/2025,493.16,482.82,486.5799,457.33,3/27/2025,481.62,3/27/2025,29.24%,126.53%
3/28/2025,129239.9693,129239.9693,0,0,,3/27/2025,3/28/2025,2.05,-0.5,0.397683012,3/27/2025,threshold,counterfactual_5m,,,,,FORCE_SELL,0.18,0.21,sell,sell_high_held,1,4/3/2025,486.5799,480.25,480.52,450.14,3/28/2025,468.94,3/28/2025,29.24%,120.56%
3/31/2025,129239.9693,129239.9693,0,0,,3/28/2025,3/31/2025,1.825,-0.5,0.559810626,3/28/2025,threshold,counterfactual_5m,,,,,FORCE_SELL,0.18,0.21,sell,sell_high_held,1,4/4/2025,480.52,468.05,479.56,422.67,3/31/2025,468.92,3/31/2025,29.24%,120.55%
4/1/2025,129239.9693,129239.9693,0,0,,3/31/2025,4/1/2025,1.825,-0.5,0.522349086,3/31/2025,threshold,counterfactual_5m,,,,,FORCE_SELL,0.18,0.21,buy,buy_low_broken,0,4/7/2025,469.86,457.33,479.56,402.39,4/1/2025,472.7,4/1/2025,29.24%,122.33%
4/2/2025,129239.9693,129239.9693,0,0,,4/1/2025,4/2/2025,2.025,2.195,0.485804501,4/1/2025,threshold,counterfactual_5m,,,,,FORCE_SELL,0.18,0.21,buy,buy_low_broken,0,4/8/2025,473.63,464.42,479.56,402.39,4/2/2025,476.15,4/2/2025,29.24%,123.95%
4/3/2025,129239.9693,129239.9693,0,0,,4/2/2025,4/3/2025,1.87,2.22,0.619310141,4/2/2025,threshold,counterfactual_5m,,,,,FORCE_SELL,0.18,0.21,buy,buy_low_broken,0,4/9/2025,479.56,465.86,467.83,402.39,4/3/2025,450.66,4/3/2025,29.24%,111.97%
4/4/2025,129239.9693,129239.9693,0,0,,4/3/2025,4/4/2025,1.505,-0.5,0.707493554,4/3/2025,threshold,counterfactual_5m,,,,,FORCE_SELL,0.18,0.21,buy,buy_low_broken,0,4/10/2025,460.07,450.14,467.83,402.39,4/4/2025,422.67,4/4/2025,29.24%,98.80%
4/7/2025,129239.9693,129239.9693,0,0,,4/4/2025,4/7/2025,1.505,-0.5,0.841998684,4/4/2025,threshold,counterfactual_5m,,,,,FORCE_SELL,0.18,0.21,buy,buy_low_broken,0,4/11/2025,440.37,422.67,467.83,402.39,4/7/2025,423.69,4/7/2025,29.24%,99.28%
4/8/2025,129239.9693,129239.9693,0,0,,4/7/2025,4/8/2025,-0.5,-0.5,0.749671774,4/7/2025,threshold,counterfactual_5m,,,,,FORCE_SELL,0.18,0.21,buy,buy_low_held,1,4/14/2025,443.14,402.39,467.83,409.79,4/8/2025,416.06,4/8/2025,29.24%,95.69%
4/9/2025,129239.9693,129239.9693,0,0,,4/8/2025,4/9/2025,-0.5,-0.5,0.774795713,4/8/2025,threshold,counterfactual_5m,,,,,FORCE_SELL,0.18,0.21,buy,buy_low_held,1,4/15/2025,443.1384,409.79,467.83,415.43,4/9/2025,466,4/9/2025,29.24%,119.18%
4/10/2025,129239.9693,129239.9693,0,0,,4/9/2025,4/10/2025,2.065,-0.5,0.876699207,4/9/2025,threshold,counterfactual_5m,,,,,FORCE_SELL,0.18,0.21,buy,buy_low_held,1,4/16/2025,467.83,415.43,465.05,432.63,4/10/2025,446.18,4/10/2025,29.24%,109.86%
4/11/2025,129239.9693,129239.9693,0,0,,4/10/2025,4/11/2025,2.215,-0.5,0.710953385,4/10/2025,threshold,counterfactual_5m,,,,,FORCE_SELL,0.18,0.21,buy,buy_low_held,1,4/17/2025,455.59,432.63,465.05,437.76,4/11/2025,454.4,4/11/2025,29.24%,113.72%
4/14/2025,129239.9693,129239.9693,0,0,,4/11/2025,4/14/2025,-0.5,-0.5,0.614113777,4/11/2025,threshold,counterfactual_5m,,,,,FORCE_SELL,0.18,0.21,buy,buy_low_broken,0,4/21/2025,455.79,441.33,465.05,427.93,4/14/2025,457.48,4/14/2025,29.24%,115.17%
4/15/2025,129239.9693,129239.9693,0,0,,4/14/2025,4/15/2025,-0.5,-0.5,0.740442533,4/14/2025,threshold,counterfactual_5m,,,,,FORCE_SELL,0.18,0.21,buy,buy_low_broken,0,4/22/2025,465.05,452.63,462.38,427.93,4/15/2025,457.99,4/15/2025,29.24%,115.41%
4/16/2025,129239.9693,129239.9693,0,0,,4/15/2025,4/16/2025,-0.5,-0.5,0.740168641,4/15/2025,threshold,counterfactual_5m,,,,,FORCE_SELL,0.18,0.21,buy,buy_low_broken,0,4/23/2025,462.38,456.15,463.38,427.93,4/16/2025,444.18,4/16/2025,29.24%,108.92%
4/17/2025,129239.9693,129239.9693,0,0,,4/16/2025,4/17/2025,-0.5,-0.5,0.640379707,4/16/2025,threshold,counterfactual_5m,,,,,FORCE_SELL,0.18,0.21,buy,buy_low_broken,0,4/24/2025,452.62,437.76,467.66,427.93,4/17/2025,444.1,4/17/2025,29.24%,108.88%
4/21/2025,129239.9693,129239.9693,0,0,,4/17/2025,4/21/2025,-0.5,-0.5,0.629298634,4/17/2025,threshold,counterfactual_5m,,,,,FORCE_SELL,0.18,0.21,buy,buy_low_broken,0,4/25/2025,447.75,441.36,473.09,427.93,4/21/2025,433.11,4/21/2025,29.24%,103.71%
4/22/2025,129239.9693,129239.9693,0,0,,4/21/2025,4/22/2025,-0.5,-0.5,0.569167173,4/21/2025,threshold,counterfactual_5m,,,,,FORCE_SELL,0.18,0.21,buy,buy_low_held,1,4/28/2025,439.08,427.93,474.808,437.62,4/22/2025,444.48,4/22/2025,29.24%,109.06%
4/23/2025,129239.9693,129239.9693,0,0,,4/22/2025,4/23/2025,2.45,-0.5,0.556681597,4/22/2025,threshold,counterfactual_5m,,,,,FORCE_SELL,0.18,0.21,buy,buy_low_held,1,4/29/2025,447.58,437.62,476.4243,452.88,4/23/2025,454.56,4/23/2025,29.24%,113.80%
4/24/2025,129239.9693,129239.9693,0,0,,4/23/2025,4/24/2025,2.495,-0.5,0.758206539,4/23/2025,threshold,counterfactual_5m,,,,,FORCE_SELL,0.18,0.21,buy,buy_low_held,1,4/30/2025,463.38,452.88,477.2,455.83,4/24/2025,467.35,4/24/2025,29.24%,119.82%
4/25/2025,129239.9693,129239.9693,0,0,,4/24/2025,4/25/2025,1.565,-0.5,0.548430658,4/24/2025,threshold,counterfactual_5m,,,,,FORCE_SELL,0.18,0.21,buy,buy_low_held,1,5/1/2025,467.66,455.83,487.18,462.43,4/25/2025,472.56,4/25/2025,29.24%,122.27%
4/28/2025,129239.9693,129239.9693,0,0,,4/25/2025,4/28/2025,1.585,-0.5,0.247967319,4/25/2025,threshold,counterfactual_5m,,,,,FORCE_SELL,0.18,0.21,sell,sell_high_broken,0,5/2/2025,473.09,465.39,490.91,462.43,4/28/2025,472.41,4/28/2025,29.24%,122.20%
4/29/2025,129239.9693,129239.9693,0,0,,4/28/2025,4/29/2025,1.59,-0.5,0.338391211,4/28/2025,threshold,counterfactual_5m,,,,,FORCE_SELL,0.18,0.21,sell,sell_high_broken,0,5/5/2025,474.808,466.03,490.91,462.43,4/29/2025,475.53,4/29/2025,29.24%,123.66%
4/30/2025,129239.9693,129239.9693,0,0,,4/29/2025,4/30/2025,1.925,-0.5,0.286812294,4/29/2025,threshold,counterfactual_5m,,,,,FORCE_SELL,0.18,0.21,sell,sell_high_broken,0,5/6/2025,476.4243,469.59,490.91,462.43,4/30/2025,475.47,4/30/2025,29.24%,123.63%
5/1/2025,129239.9693,129239.9693,0,0,,4/30/2025,5/1/2025,1.925,-0.5,0.34753325,4/30/2025,threshold,counterfactual_5m,,,,,FORCE_SELL,0.18,0.21,sell,sell_high_broken,0,5/7/2025,477.2,462.43,490.91,476.782,5/1/2025,481.68,5/1/2025,29.24%,126.56%
5/2/2025,129239.9693,129239.9693,0,0,,5/1/2025,5/2/2025,1.925,-0.5,0.549903994,5/1/2025,threshold,counterfactual_5m,,,,,FORCE_SELL,0.18,0.21,sell,sell_high_broken,0,5/8/2025,487.18,480.74,492.7,476.782,5/2/2025,488.83,5/2/2025,29.24%,129.92%
5/5/2025,129239.9693,129239.9693,0,0,,5/2/2025,5/5/2025,-0.5,-0.5,0.351671327,5/2/2025,threshold,counterfactual_5m,,,,,FORCE_SELL,0.18,0.21,sell,sell_high_broken,0,5/9/2025,490.91,484.83,492.7,476.782,5/5/2025,485.93,5/5/2025,29.24%,128.55%
5/6/2025,129239.9693,129239.9693,0,0,,5/5/2025,5/6/2025,2.5,-0.5,0.383125081,5/5/2025,threshold,counterfactual_5m,,,,,FORCE_SELL,0.18,0.21,sell,sell_high_broken,0,5/12/2025,489.03,484.1,507.89,476.782,5/6/2025,481.41,5/6/2025,29.24%,126.43%
5/7/2025,129239.9693,129239.9693,0,0,,5/6/2025,5/7/2025,-0.5,-0.5,0.361884283,5/6/2025,threshold,counterfactual_5m,,,,,FORCE_SELL,0.18,0.21,sell,sell_high_broken,0,5/13/2025,485.05,478.19,517.39,476.782,5/7/2025,483.3,5/7/2025,29.24%,127.32%
5/8/2025,129239.9693,129239.9693,0,0,,5/7/2025,5/8/2025,1.83,-0.5,0.31286266,5/7/2025,threshold,counterfactual_5m,,,,,FORCE_SELL,0.18,0.21,sell,sell_high_broken,0,5/14/2025,485.8,476.782,519.2279,484.17,5/8/2025,488.29,5/8/2025,29.24%,129.66%
5/9/2025,129239.9693,129239.9693,0,0,,5/8/2025,5/9/2025,2.18,-0.5,0.332938987,5/8/2025,threshold,counterfactual_5m,,,,,FORCE_SELL,0.18,0.21,sell,sell_high_broken,0,5/15/2025,492.7,484.17,521.93,486.195,5/9/2025,487.97,5/9/2025,29.24%,129.51%
5/12/2025,129239.9693,129239.9693,0,0,,5/9/2025,5/12/2025,2.18,-0.5,0.306903815,5/9/2025,threshold,counterfactual_5m,,,,,FORCE_SELL,0.18,0.21,sell,sell_high_broken,0,5/16/2025,491.54,486.195,521.93,501.48,5/12/2025,507.85,5/12/2025,29.24%,138.86%
5/13/2025,129239.9693,129239.9693,0,0,,5/12/2025,5/13/2025,2.18,-0.5,0.252412805,5/12/2025,threshold,counterfactual_5m,,,,,FORCE_SELL,0.18,0.21,sell,sell_high_broken,0,5/19/2025,507.89,501.48,522.53,508.42,5/13/2025,515.59,5/13/2025,29.24%,142.51%
5/14/2025,129239.9693,129239.9693,0,0,,5/13/2025,5/14/2025,-0.5,-0.5,0.314329292,5/13/2025,threshold,counterfactual_5m,,,,,FORCE_SELL,0.18,0.21,sell,sell_high_broken,0,5/20/2025,517.39,508.42,522.53,514.24,5/14/2025,518.68,5/14/2025,29.24%,143.96%
5/15/2025,129239.9693,129239.9693,0,0,,5/14/2025,5/15/2025,-0.5,-0.5,0.238129626,5/14/2025,threshold,counterfactual_5m,,,,,FORCE_SELL,0.18,0.21,sell,sell_high_broken,0,5/21/2025,519.2279,515.75,523,511.24,5/15/2025,519.25,5/15/2025,29.24%,144.23%
5/16/2025,129239.9693,129239.9693,0,0,,5/15/2025,5/16/2025,2.025,-0.5,0.276925357,5/15/2025,threshold,counterfactual_5m,,,,,FORCE_SELL,0.18,0.21,sell,sell_high_broken,0,5/22/2025,521.93,515.17,523,511.24,5/16/2025,521.51,5/16/2025,29.24%,145.29%
5/19/2025,129239.9693,129239.9693,0,0,,5/16/2025,5/19/2025,2.025,-0.5,0.17157512,5/16/2025,threshold,counterfactual_5m,,,,,FORCE_BUY,0.18,0.21,sell,sell_high_broken,0,5/23/2025,521.7,517.1,523,505.58,5/19/2025,522.01,5/19/2025,29.24%,145.52%
5/20/2025,129239.9693,129239.9693,0,0,,5/19/2025,5/20/2025,-0.5,2.38,0.171043075,5/19/2025,threshold,counterfactual_5m,,,,,FORCE_SELL,0.135,0.16,sell,sell_high_broken,0,5/27/2025,522.53,514.24,523,505.58,5/20/2025,520.27,5/20/2025,29.24%,144.71%
5/21/2025,129239.9693,129239.9693,0,0,,5/20/2025,5/21/2025,2.345,1.865,0.17644964,5/20/2025,threshold,counterfactual_5m,,,,,FORCE_SELL,0.135,0.16,sell,sell_high_broken,0,5/28/2025,520.93,516.66,523.68,505.58,5/21/2025,513.04,5/21/2025,29.24%,141.31%
5/22/2025,129239.9693,129239.9693,0,0,,5/21/2025,5/22/2025,2.295,2.255,0.496964394,5/21/2025,threshold,counterfactual_5m,,,,,FORCE_SELL,0.135,0.16,sell,sell_high_broken,0,5/29/2025,523,511.24,526.48,505.58,5/22/2025,514,5/22/2025,29.24%,141.76%
5/23/2025,129239.9693,129239.9693,0,0,,5/22/2025,5/23/2025,1.74,2.28,0.286298033,5/22/2025,threshold,counterfactual_5m,,,,,FORCE_SELL,0.135,0.16,sell,sell_high_broken,0,5/30/2025,517.71,512.3,526.48,505.58,5/23/2025,509.24,5/23/2025,29.24%,139.52%
5/27/2025,129239.9693,129239.9693,0,0,,5/23/2025,5/27/2025,1.74,2.28,0.248324577,5/23/2025,threshold,counterfactual_5m,,,,,FORCE_SELL,0.135,0.16,sell,sell_high_broken,0,6/2/2025,511.84,505.58,526.48,511.93,5/27/2025,521.22,5/27/2025,29.24%,145.15%
5/28/2025,129239.9693,129239.9693,0,0,,5/27/2025,5/28/2025,1.485,2.475,0.156178774,5/27/2025,threshold,counterfactual_5m,,,,,FREE,0.135,0.16,sell,sell_high_broken,0,6/3/2025,521.71,514.59,528.74,511.93,5/28/2025,518.91,5/28/2025,29.24%,144.07%
5/29/2025,129239.9693,129239.9693,0,0,,5/28/2025,5/29/2025,2.01,-0.5,0.271001064,5/28/2025,threshold,counterfactual_5m,,,,,FORCE_SELL,0.135,0.16,sell,sell_high_broken,0,6/4/2025,523.68,518.39,529.84,511.93,5/29/2025,519.93,5/29/2025,29.24%,144.55%
5/30/2025,129239.9693,129239.9693,0,0,,5/29/2025,5/30/2025,1.93,-0.5,0.306806537,5/29/2025,threshold,counterfactual_5m,,,,,FORCE_SELL,0.135,0.16,sell,sell_high_broken,0,6/5/2025,526.48,517.32,533.05,511.93,5/30/2025,519.11,5/30/2025,29.24%,144.16%
6/2/2025,129239.9693,129239.9693,0,0,,5/30/2025,6/2/2025,1.93,-0.5,0.164287243,5/30/2025,threshold,counterfactual_5m,,,,,FORCE_SELL,0.135,0.16,sell,sell_high_broken,0,6/6/2025,520.68,511.93,533.05,515.97,6/2/2025,523.21,6/2/2025,29.24%,146.09%
6/3/2025,129239.9693,129239.9693,0,0,,6/2/2025,6/3/2025,1.93,-0.5,0.123423141,6/2/2025,threshold,counterfactual_5m,,,,,FORCE_BUY,0.135,0.16,sell,sell_high_broken,0,6/9/2025,523.45,515.97,533.05,522.66,6/3/2025,527.3,6/3/2025,29.24%,148.01%
6/4/2025,129239.9693,129239.9693,0,0,,6/3/2025,6/4/2025,1.93,-0.5,0.114046517,6/3/2025,threshold,counterfactual_5m,,,,,FORCE_BUY,0.135,0.16,sell,sell_high_broken,0,6/10/2025,528.74,522.69,534.9,522.66,6/4/2025,528.77,6/4/2025,29.24%,148.70%
6/5/2025,129239.9693,129239.9693,0,0,,6/4/2025,6/5/2025,1.81,-0.5,0.108749043,6/4/2025,threshold,counterfactual_5m,,,,,FORCE_BUY,0.135,0.16,sell,sell_high_broken,0,6/11/2025,529.84,525.9694,536.78,522.66,6/5/2025,524.79,6/5/2025,29.24%,146.83%
6/6/2025,129239.9693,129239.9693,0,0,,6/5/2025,6/6/2025,1.81,-0.5,0.274864788,6/5/2025,threshold,counterfactual_5m,,,,,FORCE_SELL,0.135,0.16,sell,sell_high_broken,0,6/12/2025,533.05,522.66,536.78,528.21,6/6/2025,529.92,6/6/2025,29.24%,149.25%
6/9/2025,129239.9693,129239.9693,0,0,,6/6/2025,6/9/2025,0.86,2.43,0.154801262,6/6/2025,threshold,counterfactual_5m,,,,,FREE,0.135,0.16,sell,sell_high_broken,0,6/13/2025,531.8,528.21,536.78,525.73,6/9/2025,530.7,6/9/2025,29.24%,149.61%
6/10/2025,129571.4475,129571.4475,0,0,,6/9/2025,6/10/2025,0.88,2.5,0.14529036,6/9/2025,threshold,counterfactual_5m,,,,,FREE,0.135,0.16,sell,sell_high_broken,0,6/16/2025,532.35,529.01,536.78,525.73,6/10/2025,534.21,6/10/2025,29.57%,151.26%
6/11/2025,129454.4794,0,1,243.683607,531.72,6/10/2025,6/11/2025,0.825,-0.5,0.117101807,6/10/2025,threshold,counterfactual_5m,,,,,FORCE_BUY,0.15,0.17,sell,sell_high_broken,0,6/17/2025,534.9,528.89,536.78,525.73,6/11/2025,532.41,6/11/2025,29.45%,150.42%
6/12/2025,129493.4688,129493.4688,0,0,,6/11/2025,6/12/2025,0.83,-0.5,0.219429589,6/11/2025,threshold,counterfactual_5m,,,,,FORCE_SELL,0.15,0.17,sell,sell_high_held,1,6/18/2025,536.78,530.11,535.37,525.73,6/12/2025,533.66,6/12/2025,29.49%,151.00%
6/13/2025,129493.4688,129493.4688,0,0,,6/12/2025,6/13/2025,0.725,-0.5,0.128864676,6/12/2025,threshold,counterfactual_5m,,,,,FORCE_BUY,0.15,0.17,sell,sell_high_broken,0,6/20/2025,534.6438,530.84,535.37,524.88,6/13/2025,526.96,6/13/2025,29.49%,147.85%
6/16/2025,129493.4688,129493.4688,0,0,,6/13/2025,6/16/2025,1.935,-0.5,0.249910417,6/13/2025,threshold,counterfactual_5m,,,,,FORCE_SELL,0.15,0.17,sell,sell_high_broken,0,6/23/2025,531.87,525.73,535.37,523.65,6/16/2025,534.29,6/16/2025,29.49%,151.30%
6/17/2025,129493.4688,129493.4688,0,0,,6/16/2025,6/17/2025,1.005,-0.5,0.141168387,6/16/2025,threshold,counterfactual_5m,,,,,FREE,0.13,0.155,sell,sell_high_broken,0,6/24/2025,535.37,530.45,540.7,523.65,6/17/2025,529.08,6/17/2025,29.49%,148.85%
6/18/2025,129493.4688,129493.4688,0,0,,6/17/2025,6/18/2025,1.77,2.5,0.242898785,6/17/2025,threshold,counterfactual_5m,,,,,FORCE_SELL,0.13,0.155,sell,sell_high_broken,0,6/25/2025,533.325,527.91,543.31,523.65,6/18/2025,528.99,6/18/2025,29.49%,148.81%
6/20/2025,129493.4688,129493.4688,0,0,,6/18/2025,6/20/2025,1.77,2.5,0.216411975,6/18/2025,threshold,counterfactual_5m,,,,,FORCE_SELL,0.13,0.155,sell,sell_high_broken,0,6/26/2025,532.55,527.4,546.67,523.65,6/20/2025,526.83,6/20/2025,29.49%,147.79%
6/23/2025,129493.4688,129493.4688,0,0,,6/20/2025,6/23/2025,-0.5,2.3,0.579333298,6/20/2025,threshold,counterfactual_5m,,,,,FORCE_SELL,0.13,0.155,buy,buy_low_broken,0,6/27/2025,533.56,524.88,549.99,523.65,6/23/2025,531.65,6/23/2025,29.49%,150.06%
6/24/2025,129493.4688,129493.4688,0,0,,6/23/2025,6/24/2025,0.655,2.365,0.374911091,6/23/2025,threshold,counterfactual_5m,,,,,FORCE_SELL,0.13,0.155,buy,buy_low_held,1,6/30/2025,532.17,523.65,552.8,536.27,6/24/2025,539.78,6/24/2025,29.49%,153.88%
6/25/2025,129712.7001,129712.7001,0,0,,6/24/2025,6/25/2025,0.68,-0.5,0.136663246,6/24/2025,threshold,counterfactual_5m,,,,,FREE,0.13,0.155,sell,sell_high_broken,0,7/1/2025,540.7,536.27,552.8,539.38,6/25/2025,541.16,6/25/2025,29.71%,154.53%
6/26/2025,129712.7001,129712.7001,0,0,,6/25/2025,6/26/2025,0.495,-0.5,0.175750759,6/25/2025,threshold,counterfactual_5m,,,,,FORCE_SELL,0.13,0.155,sell,sell_high_broken,0,7/2/2025,543.31,539.38,552.8,541.52,6/26/2025,546.22,6/26/2025,29.71%,156.91%
6/27/2025,129696.1391,129696.1391,0,0,,6/26/2025,6/27/2025,0.65,-0.5,0.13638714,6/26/2025,threshold,counterfactual_5m,,,,,FREE,0.13,0.155,sell,sell_high_broken,0,7/3/2025,546.67,541.52,557.2,544.545,6/27/2025,548.09,6/27/2025,29.70%,157.79%
6/30/2025,129696.1391,129696.1391,0,0,,6/27/2025,6/30/2025,0.65,-0.5,0.175372929,6/27/2025,threshold,counterfactual_5m,,,,,FORCE_SELL,0.13,0.155,sell,sell_high_broken,0,7/7/2025,549.99,544.545,557.2,544.66,6/30/2025,551.64,6/30/2025,29.70%,159.46%
7/1/2025,129777.7298,0,1,237.0975771,548.19,6/30/2025,7/1/2025,1.32,1.76,0.154094872,6/30/2025,threshold,counterfactual_5m,,,,,FREE,0.13,0.155,sell,sell_high_broken,0,7/8/2025,552.8,549.01,557.2,544.66,7/1/2025,546.99,7/1/2025,29.78%,157.27%
7/2/2025,130626.5391,0,1,237.0975771,548.19,7/1/2025,7/2/2025,1.355,1.785,0.23224637,7/1/2025,threshold,counterfactual_5m,,,,,FORCE_SELL,0.13,0.155,sell,sell_high_broken,0,7/9/2025,550.71,544.66,557.63,546.12,7/2/2025,550.8,7/2/2025,30.63%,159.07%
7/3/2025,131781.2043,0,1,237.0975771,548.19,7/2/2025,7/3/2025,-0.5,2.395,0.127915278,7/2/2025,threshold,counterfactual_5m,,,,,FORCE_BUY,0.13,0.155,sell,sell_high_broken,0,7/10/2025,551,546.12,557.63,549.58,7/3/2025,556.22,7/3/2025,31.78%,161.62%
7/7/2025,130756.9428,130756.9428,0,0,,7/3/2025,7/7/2025,1.445,1.625,0.156058921,7/3/2025,threshold,counterfactual_5m,,,,,FORCE_SELL,0.13,0.155,sell,sell_high_broken,0,7/11/2025,557.2,553.18,557.63,549.58,7/7/2025,552.03,7/7/2025,30.76%,159.64%
7/8/2025,130756.9428,130756.9428,0,0,,7/7/2025,7/8/2025,1.265,-0.5,0.186673711,7/7/2025,threshold,counterfactual_5m,,,,,FORCE_SELL,0.13,0.16,sell,sell_high_broken,0,7/14/2025,554.34,549.58,557.63,551.1,7/8/2025,552.34,7/8/2025,30.76%,159.79%
7/9/2025,130756.9428,130756.9428,0,0,,7/8/2025,7/9/2025,1.65,1.87,0.193515462,7/8/2025,threshold,counterfactual_5m,,,,,FORCE_SELL,0.13,0.16,sell,sell_high_broken,0,7/15/2025,554.01,551.1,560.8,551.63,7/9/2025,556.25,7/9/2025,30.76%,161.63%
7/10/2025,130756.9428,130756.9428,0,0,,7/9/2025,7/10/2025,1.22,1.885,0.177036461,7/9/2025,threshold,counterfactual_5m,,,,,FORCE_SELL,0.13,0.16,sell,sell_high_broken,0,7/16/2025,557.63,553.1,560.8,551.56,7/10/2025,555.45,7/10/2025,30.76%,161.25%
7/11/2025,130756.9428,130756.9428,0,0,,7/10/2025,7/11/2025,0.835,-0.5,0.194211441,7/10/2025,threshold,counterfactual_5m,,,,,FORCE_SELL,0.13,0.16,sell,sell_high_broken,0,7/17/2025,557.3,552.75,562.31,551.56,7/11/2025,554.2,7/11/2025,30.76%,160.67%
7/14/2025,130756.9428,130756.9428,0,0,,7/11/2025,7/14/2025,1.32,1.765,0.20003928,7/11/2025,threshold,counterfactual_5m,,,,,FORCE_SELL,0.13,0.16,sell,sell_high_broken,0,7/18/2025,555.79,552.05,564.7262,551.56,7/14/2025,556.21,7/14/2025,30.76%,161.61%
7/15/2025,130756.9428,130756.9428,0,0,,7/14/2025,7/15/2025,0.79,1.835,0.181114481,7/14/2025,threshold,counterfactual_5m,,,,,FORCE_SELL,0.13,0.16,sell,sell_high_broken,0,7/21/2025,556.945,551.63,566.06,551.56,7/15/2025,556.72,7/15/2025,30.76%,161.85%
7/16/2025,130756.9428,130756.9428,0,0,,7/15/2025,7/16/2025,0.79,1.835,0.393361473,7/15/2025,threshold,counterfactual_5m,,,,,FORCE_SELL,0.13,0.16,sell,sell_high_broken,0,7/22/2025,560.8,556.66,566.06,551.56,7/16/2025,557.29,7/16/2025,30.76%,162.12%
7/17/2025,130756.9428,130756.9428,0,0,,7/16/2025,7/17/2025,0.985,2.455,0.310270259,7/16/2025,threshold,counterfactual_5m,,,,,FORCE_SELL,0.13,0.16,sell,sell_high_broken,0,7/23/2025,560.21,551.56,566.06,557.21,7/17/2025,561.8,7/17/2025,30.76%,164.24%
7/18/2025,130756.9428,130756.9428,0,0,,7/17/2025,7/18/2025,-0.5,2.465,0.162168748,7/17/2025,threshold,counterfactual_5m,,,,,FORCE_SELL,0.13,0.16,sell,sell_high_broken,0,7/24/2025,562.31,557.21,566.24,558.61,7/18/2025,561.26,7/18/2025,30.76%,163.99%
7/21/2025,130756.9428,130756.9428,0,0,,7/18/2025,7/21/2025,1.415,1.57,0.280042634,7/18/2025,threshold,counterfactual_5m,,,,,FORCE_SELL,0.13,0.16,sell,sell_high_broken,0,7/25/2025,564.7262,559.98,567.695,558.61,7/21/2025,564.17,7/21/2025,30.76%,165.35%
7/22/2025,130756.9428,130756.9428,0,0,,7/21/2025,7/22/2025,1.455,1.605,0.215594305,7/21/2025,threshold,counterfactual_5m,,,,,FORCE_SELL,0.13,0.16,sell,sell_high_broken,0,7/28/2025,566.06,562.06,569.04,558.61,7/22/2025,561.25,7/22/2025,30.76%,163.98%
7/23/2025,130756.9428,130756.9428,0,0,,7/22/2025,7/23/2025,1.73,1.655,0.247319691,7/22/2025,threshold,counterfactual_5m,,,,,FORCE_SELL,0.13,0.16,sell,sell_high_broken,0,7/29/2025,564.35,558.61,572.11,562.04,7/23/2025,563.81,7/23/2025,30.76%,165.19%
7/24/2025,130756.9428,130756.9428,0,0,,7/23/2025,7/24/2025,-0.5,1.555,0.105133375,7/23/2025,threshold,counterfactual_5m,,,,,FORCE_BUY,0.13,0.16,sell,sell_high_broken,0,7/30/2025,563.85,562.04,572.11,563.295,7/24/2025,565.01,7/24/2025,30.76%,165.75%
7/25/2025,130756.9428,130756.9428,0,0,,7/24/2025,7/25/2025,-0.5,1.465,0.194611583,7/24/2025,threshold,counterfactual_5m,,,,,FORCE_SELL,0.13,0.16,sell,sell_high_broken,0,7/31/2025,566.24,563.295,574.63,563.87,7/25/2025,566.37,7/25/2025,30.76%,166.39%
7/28/2025,130756.9428,130756.9428,0,0,,7/25/2025,7/28/2025,-0.5,1.465,0.176577045,7/25/2025,threshold,counterfactual_5m,,,,,FORCE_SELL,0.13,0.16,sell,sell_high_broken,0,8/1/2025,567.695,564.27,574.63,551.68,7/28/2025,568.14,7/28/2025,30.76%,167.22%
7/29/2025,130756.9428,130756.9428,0,0,,7/28/2025,7/29/2025,1.395,2.185,0.167293245,7/28/2025,threshold,counterfactual_5m,,,,,FORCE_SELL,0.13,0.16,sell,sell_high_broken,0,8/4/2025,569.04,566.87,574.63,551.68,7/29/2025,567.26,7/29/2025,30.76%,166.81%
7/30/2025,130756.9428,130756.9428,0,0,,7/29/2025,7/30/2025,1.395,2.185,0.411498833,7/29/2025,threshold,counterfactual_5m,,,,,FORCE_SELL,0.13,0.16,sell,sell_high_broken,0,8/5/2025,572.11,566.53,574.63,551.68,7/30/2025,568.02,7/30/2025,30.76%,167.17%
7/31/2025,130756.9428,130756.9428,0,0,,7/30/2025,7/31/2025,-0.5,0.99,0.250711032,7/30/2025,threshold,counterfactual_5m,,,,,FORCE_SELL,0.13,0.16,sell,sell_high_broken,0,8/6/2025,570.62,565.05,574.63,551.68,7/31/2025,565.01,7/31/2025,30.76%,165.75%
8/1/2025,130756.9428,130756.9428,0,0,,7/31/2025,8/1/2025,2.02,2.385,0.552230638,7/31/2025,threshold,counterfactual_5m,,,,,FORCE_SELL,0.13,0.16,sell,sell_high_held,1,8/7/2025,574.63,563.87,573.32,551.68,8/1/2025,553.88,8/1/2025,30.76%,160.51%
8/4/2025,130756.9428,130756.9428,0,0,,8/1/2025,8/4/2025,2.02,2.385,0.368740925,8/1/2025,threshold,counterfactual_5m,,,,,FORCE_SELL,0.13,0.16,sell,sell_high_broken,0,8/8/2025,559.02,551.68,574.77,558.95,8/4/2025,564.1,8/4/2025,30.76%,165.32%
8/5/2025,130756.9428,130756.9428,0,0,,8/4/2025,8/5/2025,2.02,2.385,0.146104947,8/4/2025,threshold,counterfactual_5m,,,,,FREE,0.13,0.16,sell,sell_high_broken,0,8/11/2025,564.315,558.95,576.8,559.73,8/5/2025,560.27,8/5/2025,30.76%,163.52%
8/6/2025,130756.9428,130756.9428,0,0,,8/5/2025,8/6/2025,1.48,2.215,0.368466257,8/5/2025,threshold,counterfactual_5m,,,,,FORCE_SELL,0.13,0.16,sell,sell_high_broken,0,8/12/2025,566.5607,559.73,580.35,560.63,8/6/2025,567.32,8/6/2025,30.76%,166.84%
8/7/2025,130756.9428,130756.9428,0,0,,8/6/2025,8/7/2025,1.765,2.45,0.174226421,8/6/2025,threshold,counterfactual_5m,,,,,FORCE_SELL,0.13,0.16,sell,sell_high_broken,0,8/13/2025,567.76,560.63,583.3199,565.11,8/7/2025,569.24,8/7/2025,30.76%,167.74%
8/8/2025,130756.9428,130756.9428,0,0,,8/7/2025,8/8/2025,-0.5,2.195,0.299520172,8/7/2025,threshold,counterfactual_5m,,,,,FORCE_SELL,0.13,0.16,sell,sell_high_broken,0,8/14/2025,573.32,565.11,583.3199,570.15,8/8/2025,574.55,8/8/2025,30.76%,170.24%
8/11/2025,130497.1834,0,1,227.859097,573.85,8/8/2025,8/11/2025,1.155,0.47,0.146807346,8/8/2025,threshold,counterfactual_5m,,,,,FREE,0.13,0.16,sell,sell_high_broken,0,8/15/2025,574.77,570.15,583.3199,571.57,8/11/2025,572.85,8/11/2025,30.50%,169.44%
8/12/2025,130679.4707,130679.4707,0,0,,8/11/2025,8/12/2025,-0.5,0.985,0.313040878,8/11/2025,threshold,counterfactual_5m,,,,,FORCE_SELL,0.13,0.16,sell,sell_high_broken,0,8/18/2025,576.8,571.57,583.3199,572.485,8/12/2025,580.05,8/12/2025,30.68%,172.82%
8/13/2025,130679.4707,130679.4707,0,0,,8/12/2025,8/13/2025,1.38,-0.5,0.188694439,8/12/2025,threshold,counterfactual_5m,,,,,FORCE_SELL,0.13,0.16,sell,sell_high_broken,0,8/19/2025,580.35,572.485,583.3199,568.25,8/13/2025,580.34,8/13/2025,30.68%,172.96%
8/14/2025,130679.4707,130679.4707,0,0,,8/13/2025,8/14/2025,1.395,0.985,0.266546205,8/13/2025,threshold,counterfactual_5m,,,,,FORCE_SELL,0.13,0.16,sell,sell_high_held,1,8/20/2025,583.3199,578.94,581.88,558.84,8/14/2025,579.89,8/14/2025,30.68%,172.75%
8/15/2025,130679.4707,130679.4707,0,0,,8/14/2025,8/15/2025,1.385,-0.5,0.210556088,8/14/2025,threshold,counterfactual_5m,,,,,FORCE_SELL,0.13,0.16,sell,sell_high_held,1,8/21/2025,581.88,577.91,579.84,558.84,8/15/2025,577.34,8/15/2025,30.68%,171.55%
8/18/2025,130679.4707,130679.4707,0,0,,8/15/2025,8/18/2025,0.88,0.775,0.244494145,8/15/2025,threshold,counterfactual_5m,,,,,FORCE_SELL,0.13,0.16,sell,sell_high_held,1,8/22/2025,579.84,575.5743,577.765,558.84,8/18/2025,577.11,8/18/2025,30.68%,171.44%
8/19/2025,129461.7209,0,1,227.8934672,569.03,8/18/2025,8/19/2025,0.905,0.925,0.133752043,8/18/2025,threshold,counterfactual_5m,,,,,FREE,0.13,0.16,sell,sell_high_held,1,8/25/2025,577.765,575.2412,576.56,558.84,8/19/2025,569.28,8/19/2025,29.46%,167.76%
8/20/2025,129628.0831,129628.0831,0,0,,8/19/2025,8/20/2025,2.03,-0.5,0.702280936,8/19/2025,threshold,counterfactual_5m,,,,,FORCE_SELL,0.13,0.16,buy,buy_low_broken,0,8/26/2025,576.56,568.25,573.99,558.84,8/20/2025,565.9,8/20/2025,29.63%,166.17%
8/21/2025,129628.0831,129628.0831,0,0,,8/20/2025,8/21/2025,2.01,-0.5,0.540196115,8/20/2025,threshold,counterfactual_5m,,,,,FORCE_SELL,0.13,0.16,buy,buy_low_held,1,8/27/2025,568.45,558.84,574.405,560.98,8/21/2025,563.28,8/21/2025,29.63%,164.94%
8/22/2025,129628.0831,129628.0831,0,0,,8/21/2025,8/22/2025,1.015,1.825,0.560977873,8/21/2025,threshold,counterfactual_5m,,,,,FORCE_SELL,0.13,0.16,buy,buy_low_held,1,8/28/2025,566.49,560.98,578,563.27,8/22/2025,571.97,8/22/2025,29.63%,169.02%
8/25/2025,129628.0831,129628.0831,0,0,,8/22/2025,8/25/2025,1.84,-0.5,0.588715581,8/22/2025,threshold,counterfactual_5m,,,,,FORCE_SELL,0.13,0.16,buy,buy_low_held,1,8/29/2025,573.99,563.27,578,568.54,8/25/2025,570.32,8/25/2025,29.63%,168.25%
8/26/2025,129628.0831,129628.0831,0,0,,8/25/2025,8/26/2025,1.175,1.21,0.590174707,8/25/2025,threshold,counterfactual_5m,,,,,FORCE_SELL,0.13,0.16,buy,buy_low_broken,0,9/2/2025,573.2871,569.16,578,559.535,8/26/2025,572.61,8/26/2025,29.63%,169.32%
8/27/2025,129628.0831,129628.0831,0,0,,8/26/2025,8/27/2025,0.855,0.845,0.391566035,8/26/2025,threshold,counterfactual_5m,,,,,FORCE_SELL,0.13,0.16,buy,buy_low_broken,0,9/3/2025,572.92,568.8,578,559.535,8/27/2025,573.49,8/27/2025,29.63%,169.74%
8/28/2025,129628.0831,129628.0831,0,0,,8/27/2025,8/28/2025,0.855,0.845,0.453244493,8/27/2025,threshold,counterfactual_5m,,,,,FORCE_SELL,0.13,0.16,buy,buy_low_broken,0,9/4/2025,574.405,570.37,578,559.535,8/28/2025,577.08,8/28/2025,29.63%,171.43%
8/29/2025,129628.0831,129628.0831,0,0,,8/28/2025,8/29/2025,1.165,-0.5,0.499619713,8/28/2025,threshold,counterfactual_5m,,,,,FORCE_SELL,0.13,0.16,buy,buy_low_broken,0,9/5/2025,578,572.46,581.12,559.535,8/29/2025,570.4,8/29/2025,29.63%,168.28%
9/2/2025,129628.0831,129628.0831,0,0,,8/29/2025,9/2/2025,1.165,-0.5,0.660961816,8/29/2025,threshold,counterfactual_5m,,,,,FORCE_SELL,0.13,0.16,buy,buy_low_broken,0,9/8/2025,575.03,568.54,581.12,559.535,9/2/2025,565.62,9/2/2025,29.63%,166.04%
9/3/2025,129628.0831,129628.0831,0,0,,9/2/2025,9/3/2025,1.59,1.605,0.42436049,9/2/2025,threshold,counterfactual_5m,,,,,FORCE_SELL,0.13,0.16,buy,buy_low_held,1,9/9/2025,565.965,559.535,581.12,566.725,9/3/2025,570.07,9/3/2025,29.63%,168.13%
9/4/2025,129628.0831,129628.0831,0,0,,9/3/2025,9/4/2025,1.67,1.58,0.45041504,9/3/2025,threshold,counterfactual_5m,,,,,FORCE_SELL,0.13,0.16,buy,buy_low_held,1,9/10/2025,571.695,566.725,583.77,569.025,9/4/2025,575.23,9/4/2025,29.63%,170.56%
9/5/2025,129628.0831,129628.0831,0,0,,9/4/2025,9/5/2025,1.67,1.58,0.469687539,9/4/2025,threshold,counterfactual_5m,,,,,FORCE_SELL,0.13,0.16,buy,buy_low_held,1,9/11/2025,575.6,569.025,584.88,571.53,9/5/2025,576.06,9/5/2025,29.63%,170.95%
9/8/2025,129628.0831,129628.0831,0,0,,9/5/2025,9/8/2025,1.27,-0.5,0.6909941,9/5/2025,threshold,counterfactual_5m,,,,,FORCE_SELL,0.13,0.16,buy,buy_low_held,1,9/12/2025,581.12,571.53,587.86,577.04,9/8/2025,578.87,9/8/2025,29.63%,172.27%
9/9/2025,129628.0831,129628.0831,0,0,,9/8/2025,9/9/2025,1.195,1.585,0.571946037,9/8/2025,threshold,counterfactual_5m,,,,,FORCE_SELL,0.13,0.16,buy,buy_low_broken,0,9/15/2025,580.84,577.77,591.79,577.04,9/9/2025,580.51,9/9/2025,29.63%,173.04%
9/10/2025,129628.0831,129628.0831,0,0,,9/9/2025,9/10/2025,0.885,1.995,0.446531871,9/9/2025,threshold,counterfactual_5m,,,,,FORCE_SELL,0.13,0.16,buy,buy_low_held,1,9/16/2025,580.94,577.04,592.86,578.55,9/10/2025,580.7,9/10/2025,29.63%,173.13%
9/11/2025,129628.0831,129628.0831,0,0,,9/10/2025,9/11/2025,0.905,-0.5,0.319246212,9/10/2025,threshold,counterfactual_5m,,,,,FORCE_SELL,0.13,0.16,sell,sell_high_broken,0,9/17/2025,583.77,578.55,592.86,581.62,9/11/2025,584.08,9/11/2025,29.63%,174.72%
9/12/2025,129628.0831,129628.0831,0,0,,9/11/2025,9/12/2025,1.005,1.785,0.180663591,9/11/2025,threshold,counterfactual_5m,,,,,FORCE_SELL,0.13,0.16,sell,sell_high_broken,0,9/18/2025,584.88,581.62,598.14,584.1,9/12/2025,586.66,9/12/2025,29.63%,175.93%
9/15/2025,129628.0831,129628.0831,0,0,,9/12/2025,9/15/2025,1.005,1.785,0.21975566,9/12/2025,threshold,counterfactual_5m,,,,,FORCE_SELL,0.13,0.16,sell,sell_high_broken,0,9/19/2025,587.86,584.1,600.05,584.365,9/15/2025,591.68,9/15/2025,29.63%,178.29%
9/16/2025,129628.0831,129628.0831,0,0,,9/15/2025,9/16/2025,1.105,1.315,0.174456301,9/15/2025,threshold,counterfactual_5m,,,,,FORCE_SELL,0.13,0.16,sell,sell_high_broken,0,9/22/2025,591.79,588.295,602.87,584.365,9/16/2025,591.18,9/16/2025,29.63%,178.06%
9/17/2025,129628.0831,129628.0831,0,0,,9/16/2025,9/17/2025,1.16,2.205,0.294109525,9/16/2025,threshold,counterfactual_5m,,,,,FORCE_SELL,0.13,0.16,sell,sell_high_broken,0,9/23/2025,592.86,590.49,602.87,584.365,9/17/2025,590,9/17/2025,29.63%,177.50%
9/18/2025,129628.0831,129628.0831,0,0,,9/17/2025,9/18/2025,0.855,2.285,0.264249449,9/17/2025,threshold,counterfactual_5m,,,,,FORCE_SELL,0.13,0.16,sell,sell_high_broken,0,9/24/2025,591.75,584.365,602.87,592.96,9/18/2025,595.32,9/18/2025,29.63%,180.01%
9/19/2025,129628.0831,129628.0831,0,0,,9/18/2025,9/19/2025,0.66,2.455,0.319423284,9/18/2025,threshold,counterfactual_5m,,,,,FORCE_SELL,0.13,0.16,sell,sell_high_broken,0,9/25/2025,598.14,592.96,602.87,588.5,9/19/2025,599.35,9/19/2025,29.63%,181.90%
9/22/2025,129628.0831,129628.0831,0,0,,9/19/2025,9/22/2025,1.21,1.395,0.172798813,9/19/2025,threshold,counterfactual_5m,,,,,FORCE_SELL,0.13,0.16,sell,sell_high_broken,0,9/26/2025,600.05,595.85,602.87,588.5,9/22/2025,602.2,9/22/2025,29.63%,183.24%
9/23/2025,129628.0831,129628.0831,0,0,,9/22/2025,9/23/2025,1.195,1.405,0.184609974,9/22/2025,threshold,counterfactual_5m,,,,,FORCE_SELL,0.13,0.16,sell,sell_high_held,1,9/29/2025,602.87,597.72,602.57,588.5,9/23/2025,598.2,9/23/2025,29.63%,181.36%
9/24/2025,129628.0831,129628.0831,0,0,,9/23/2025,9/24/2025,1.335,1.23,0.400688943,9/23/2025,threshold,counterfactual_5m,,,,,FORCE_SELL,0.13,0.16,sell,sell_high_held,1,9/30/2025,602.57,596.98,602.05,588.5,9/24/2025,596.1,9/24/2025,29.63%,180.37%
9/25/2025,129628.0831,129628.0831,0,0,,9/24/2025,9/25/2025,1.325,1.28,0.32378577,9/24/2025,threshold,counterfactual_5m,,,,,FORCE_SELL,0.13,0.16,sell,sell_high_broken,0,10/1/2025,599.9,593.36,603.79,588.5,9/25/2025,593.53,9/25/2025,29.63%,179.16%
9/26/2025,129628.0831,129628.0831,0,0,,9/25/2025,9/26/2025,1.25,1.27,0.251279545,9/25/2025,threshold,counterfactual_5m,,,,,FORCE_SELL,0.13,0.16,sell,sell_high_broken,0,10/2/2025,595.115,588.5,607.16,591.06,9/26/2025,595.97,9/26/2025,29.63%,180.31%
9/29/2025,129628.0831,129628.0831,0,0,,9/26/2025,9/29/2025,1.25,1.27,0.177595315,9/26/2025,threshold,counterfactual_5m,,,,,FORCE_SELL,0.13,0.16,sell,sell_high_broken,0,10/3/2025,596.3,591.06,607.3255,596.1,9/29/2025,598.73,9/29/2025,29.63%,181.61%
9/30/2025,129628.0831,129628.0831,0,0,,9/29/2025,9/30/2025,1.015,1.175,0.300351538,9/29/2025,threshold,counterfactual_5m,,,,,FORCE_SELL,0.13,0.16,sell,sell_high_broken,0,10/6/2025,602.05,597.41,609.36,596.1,9/30/2025,600.37,9/30/2025,29.63%,182.38%
10/1/2025,130671.5384,130671.5384,0,0,,9/30/2025,10/1/2025,-0.5,1.195,0.156928715,9/30/2025,threshold,counterfactual_5m,,,,,FREE,0.13,0.16,sell,sell_high_broken,0,10/7/2025,600.71,596.1,609.71,596.34,10/1/2025,603.25,10/1/2025,30.67%,183.74%
10/2/2025,130671.5384,130671.5384,0,0,,10/1/2025,10/2/2025,-0.5,1.195,0.182307769,10/1/2025,threshold,counterfactual_5m,,,,,FORCE_SELL,0.13,0.16,sell,sell_high_broken,0,10/8/2025,603.79,596.34,611.75,601.385,10/2/2025,605.73,10/2/2025,30.67%,184.90%
10/3/2025,130671.5384,130671.5384,0,0,,10/2/2025,10/3/2025,1.05,1.815,0.213166583,10/2/2025,threshold,counterfactual_5m,,,,,FORCE_SELL,0.13,0.16,sell,sell_high_broken,0,10/9/2025,607.16,602.93,611.75,601.385,10/3/2025,603.18,10/3/2025,30.67%,183.70%
10/6/2025,130671.5384,130671.5384,0,0,,10/3/2025,10/6/2025,1.05,1.815,0.299506353,10/3/2025,threshold,counterfactual_5m,,,,,FORCE_SELL,0.13,0.16,sell,sell_high_broken,0,10/10/2025,607.3255,601.385,613.18,589.05,10/6/2025,607.71,10/6/2025,30.67%,185.83%
10/7/2025,130671.5384,130671.5384,0,0,,10/6/2025,10/7/2025,0.86,1.18,0.201039694,10/6/2025,threshold,counterfactual_5m,,,,,FORCE_SELL,0.13,0.16,sell,sell_high_broken,0,10/13/2025,609.36,605.97,613.18,589.05,10/7/2025,604.51,10/7/2025,30.67%,184.33%
10/8/2025,130671.5384,130671.5384,0,0,,10/7/2025,10/8/2025,-0.5,1.78,0.349568041,10/7/2025,threshold,counterfactual_5m,,,,,FORCE_SELL,0.13,0.16,sell,sell_high_broken,0,10/14/2025,609.71,603.03,613.18,589.05,10/8/2025,611.44,10/8/2025,30.67%,187.59%
10/9/2025,130671.5384,130671.5384,0,0,,10/8/2025,10/9/2025,1.05,1.57,0.16290828,10/8/2025,threshold,counterfactual_5m,,,,,FORCE_SELL,0.13,0.16,sell,sell_high_broken,0,10/15/2025,611.75,605.26,613.18,589.05,10/9/2025,610.7,10/9/2025,30.67%,187.24%
10/10/2025,130671.5384,130671.5384,0,0,,10/9/2025,10/10/2025,1.255,2.18,0.177596294,10/9/2025,threshold,counterfactual_5m,,,,,FORCE_SELL,0.13,0.16,sell,sell_high_broken,0,10/16/2025,611.61,607.48,613.18,589.05,10/10/2025,589.5,10/10/2025,30.67%,177.27%
10/13/2025,130671.5384,130671.5384,0,0,,10/10/2025,10/13/2025,1.255,2.18,0.784815626,10/10/2025,threshold,counterfactual_5m,,,,,FORCE_SELL,0.13,0.16,sell,sell_high_held,1,10/17/2025,613.18,589.05,608.31,590.13,10/13/2025,602.01,10/13/2025,30.67%,183.15%
10/14/2025,130671.5384,130671.5384,0,0,,10/13/2025,10/14/2025,1.33,-0.5,0.193132717,10/13/2025,threshold,counterfactual_5m,,,,,FORCE_SELL,0.13,0.16,sell,sell_high_broken,0,10/20/2025,602.95,597.23,612.8,590.13,10/14/2025,598,10/14/2025,30.67%,181.27%
10/15/2025,130671.5384,130671.5384,0,0,,10/14/2025,10/15/2025,0.9,2.495,0.303300279,10/14/2025,threshold,counterfactual_5m,,,,,FORCE_SELL,0.13,0.16,sell,sell_high_broken,0,10/21/2025,602.69,590.13,612.8,595.5,10/15/2025,602.22,10/15/2025,30.67%,183.25%
10/16/2025,130671.5384,130671.5384,0,0,,10/15/2025,10/16/2025,0.79,-0.5,0.317571398,10/15/2025,threshold,counterfactual_5m,,,,,FORCE_SELL,0.13,0.16,sell,sell_high_broken,0,10/22/2025,606.7,595.93,612.8,595.5,10/16/2025,599.99,10/16/2025,30.67%,182.20%
10/17/2025,130671.5384,130671.5384,0,0,,10/16/2025,10/17/2025,1.955,-0.5,0.468212116,10/16/2025,threshold,counterfactual_5m,,,,,FORCE_SELL,0.13,0.16,sell,sell_high_broken,0,10/23/2025,608.31,595.5,612.8,596.37,10/17/2025,603.93,10/17/2025,30.67%,184.06%
10/20/2025,130671.5384,130671.5384,0,0,,10/17/2025,10/20/2025,1.955,-0.5,0.216387301,10/17/2025,threshold,counterfactual_5m,,,,,FORCE_SELL,0.13,0.16,sell,sell_high_broken,0,10/24/2025,605.51,596.37,618.42,599.74,10/20/2025,611.54,10/20/2025,30.67%,187.63%
10/21/2025,130671.5384,130671.5384,0,0,,10/20/2025,10/21/2025,-0.5,1.93,0.198330022,10/20/2025,threshold,counterfactual_5m,,,,,FORCE_SELL,0.13,0.16,sell,sell_high_broken,0,10/27/2025,612.8,607.0601,628.55,599.74,10/21/2025,611.38,10/21/2025,30.67%,187.56%
10/22/2025,130671.5384,130671.5384,0,0,,10/21/2025,10/22/2025,1.485,-0.5,0.207982966,10/21/2025,threshold,counterfactual_5m,,,,,FORCE_SELL,0.13,0.16,sell,sell_high_broken,0,10/28/2025,612.7213,609.32,634.68,599.74,10/22/2025,605.49,10/22/2025,30.67%,184.79%
10/23/2025,130671.5384,130671.5384,0,0,,10/22/2025,10/23/2025,1.75,2.455,0.334925254,10/22/2025,threshold,counterfactual_5m,,,,,FORCE_SELL,0.13,0.16,sell,sell_high_broken,0,10/29/2025,611.41,599.74,637.01,604.52,10/23/2025,610.58,10/23/2025,30.67%,187.18%
10/24/2025,130671.5384,130671.5384,0,0,,10/23/2025,10/24/2025,1.675,2.365,0.189479821,10/23/2025,threshold,counterfactual_5m,,,,,FORCE_SELL,0.13,0.16,sell,sell_high_broken,0,10/30/2025,611.37,604.52,637.01,615.13,10/24/2025,617.1,10/24/2025,30.67%,190.25%
10/27/2025,130671.5384,130671.5384,0,0,,10/24/2025,10/27/2025,1.2,2.345,0.210902635,10/24/2025,threshold,counterfactual_5m,,,,,FORCE_SELL,0.13,0.16,sell,sell_high_broken,0,10/31/2025,618.42,615.13,637.01,624.03,10/27/2025,628.09,10/27/2025,30.67%,195.42%
10/28/2025,130671.5384,130671.5384,0,0,,10/27/2025,10/28/2025,1.2,2.345,0.176105406,10/27/2025,threshold,counterfactual_5m,,,,,FORCE_SELL,0.13,0.16,sell,sell_high_broken,0,11/3/2025,628.55,624.03,637.01,625.94,10/28/2025,632.92,10/28/2025,30.67%,197.69%
10/29/2025,130671.5384,130671.5384,0,0,,10/28/2025,10/29/2025,1.28,-0.5,0.229367027,10/28/2025,threshold,counterfactual_5m,,,,,FORCE_SELL,0.13,0.16,sell,sell_high_broken,0,11/4/2025,634.68,629.25,637.01,618.455,10/29/2025,635.77,10/29/2025,30.67%,199.03%
10/30/2025,130671.5384,130671.5384,0,0,,10/29/2025,10/30/2025,1.37,-0.5,0.213700258,10/29/2025,threshold,counterfactual_5m,,,,,FORCE_SELL,0.13,0.16,sell,sell_high_held,1,11/5/2025,637.01,630.25,635.82,617.21,10/30/2025,626.05,10/30/2025,30.67%,194.46%
10/31/2025,130671.5384,130671.5384,0,0,,10/30/2025,10/31/2025,2.21,1.61,0.485669334,10/30/2025,threshold,counterfactual_5m,,,,,FORCE_SELL,0.13,0.16,sell,sell_high_broken,0,11/6/2025,633.5,625.94,635.82,610.3,10/31/2025,629.07,10/31/2025,30.67%,195.88%
11/3/2025,130671.5384,130671.5384,0,0,,10/31/2025,11/3/2025,1.7,0.89,0.398185669,10/31/2025,threshold,counterfactual_5m,,,,,FORCE_SELL,0.13,0.16,sell,sell_high_broken,0,11/7/2025,634.2,626.69,635.82,598.67,11/3/2025,632.08,11/3/2025,30.67%,197.30%
11/4/2025,130671.5384,130671.5384,0,0,,11/3/2025,11/4/2025,2.125,1.595,0.301764142,11/3/2025,threshold,counterfactual_5m,,,,,FORCE_SELL,0.13,0.16,sell,sell_high_held,1,11/10/2025,635.82,629.85,626.95,598.67,11/4/2025,619.25,11/4/2025,30.67%,191.26%
11/5/2025,130671.5384,130671.5384,0,0,,11/4/2025,11/5/2025,1.665,1.035,0.369710138,11/4/2025,threshold,counterfactual_5m,,,,,FORCE_SELL,0.13,0.16,sell,sell_high_held,1,11/11/2025,626.95,618.455,626.6,598.67,11/5/2025,623.28,11/5/2025,30.67%,193.16%
11/6/2025,130671.5384,130671.5384,0,0,,11/5/2025,11/6/2025,2.23,0.78,0.271634309,11/5/2025,threshold,counterfactual_5m,,,,,FORCE_SELL,0.13,0.16,sell,sell_high_held,1,11/12/2025,626.6,617.21,624.86,598.67,11/6/2025,611.67,11/6/2025,30.67%,187.70%
11/7/2025,130671.5384,130671.5384,0,0,,11/6/2025,11/7/2025,2.04,1.465,0.464650261,11/6/2025,threshold,counterfactual_5m,,,,,FORCE_SELL,0.13,0.16,sell,sell_high_broken,0,11/13/2025,622.04,610.3,624.86,598.67,11/7/2025,609.74,11/7/2025,30.67%,186.79%
11/10/2025,130671.5384,130671.5384,0,0,,11/7/2025,11/10/2025,2.04,1.465,0.196794705,11/7/2025,threshold,counterfactual_5m,,,,,FORCE_SELL,0.13,0.16,sell,sell_high_broken,0,11/14/2025,609.95,598.67,624.86,597.17,11/10/2025,623.23,11/10/2025,30.67%,193.13%
11/11/2025,130671.5384,130671.5384,0,0,,11/10/2025,11/11/2025,1.25,-0.5,0.194018729,11/10/2025,threshold,counterfactual_5m,,,,,FORCE_SELL,0.13,0.16,sell,sell_high_broken,0,11/17/2025,624.31,616.89,624.86,597.17,11/11/2025,621.57,11/11/2025,30.67%,192.35%
11/12/2025,130671.5384,130671.5384,0,0,,11/11/2025,11/12/2025,1.31,2.155,0.168468845,11/11/2025,threshold,counterfactual_5m,,,,,FORCE_SELL,0.13,0.16,sell,sell_high_broken,0,11/18/2025,622.72,617.52,624.86,591.34,11/12/2025,621.08,11/12/2025,30.67%,192.12%
11/13/2025,130671.5384,130671.5384,0,0,,11/12/2025,11/13/2025,1.52,1.955,0.27296807,11/12/2025,threshold,counterfactual_5m,,,,,FORCE_SELL,0.13,0.16,sell,sell_high_held,1,11/19/2025,624.86,617.81,618.12,591.34,11/13/2025,608.4,11/13/2025,30.67%,186.16%
11/14/2025,130671.5384,130671.5384,0,0,,11/13/2025,11/14/2025,2.29,-0.5,0.427070865,11/13/2025,threshold,counterfactual_5m,,,,,FORCE_SELL,0.13,0.16,sell,sell_high_held,1,11/20/2025,618.12,606.08,614.03,584.75,11/14/2025,608.86,11/14/2025,30.67%,186.37%
11/17/2025,130671.5384,130671.5384,0,0,,11/14/2025,11/17/2025,2.485,-0.5,0.274956994,11/14/2025,threshold,counterfactual_5m,,,,,FORCE_SELL,0.13,0.16,sell,sell_high_broken,0,11/21/2025,613.35,597.17,614.03,580.74,11/17/2025,603.66,11/17/2025,30.67%,183.93%
11/18/2025,130671.5384,130671.5384,0,0,,11/17/2025,11/18/2025,2.125,-0.5,0.385828788,11/17/2025,threshold,counterfactual_5m,,,,,FORCE_SELL,0.13,0.16,sell,sell_high_broken,0,11/24/2025,612.48,599.87,614.03,580.74,11/18/2025,596.31,11/18/2025,30.67%,180.47%
11/19/2025,130671.5384,130671.5384,0,0,,11/18/2025,11/19/2025,2.16,2.455,0.275795257,11/18/2025,threshold,counterfactual_5m,,,,,FORCE_SELL,0.13,0.16,sell,sell_high_broken,0,11/25/2025,602.31,591.34,614.03,580.74,11/19/2025,599.87,11/19/2025,30.67%,182.15%
11/20/2025,130671.5384,130671.5384,0,0,,11/19/2025,11/20/2025,-0.5,2.425,0.28911939,11/19/2025,threshold,counterfactual_5m,,,,,FORCE_SELL,0.13,0.16,sell,sell_high_broken,0,11/26/2025,606.16,594.59,616.19,580.74,11/20/2025,585.67,11/20/2025,30.67%,175.47%
11/21/2025,130671.5384,130671.5384,0,0,,11/20/2025,11/21/2025,2.425,2.09,0.671646581,11/20/2025,threshold,counterfactual_5m,,,,,FORCE_SELL,0.13,0.16,sell,sell_high_broken,0,11/28/2025,614.03,584.75,619.32,580.74,11/21/2025,590.07,11/21/2025,30.67%,177.54%
11/24/2025,130671.5384,130671.5384,0,0,,11/21/2025,11/24/2025,2.425,2.09,0.593743674,11/21/2025,threshold,counterfactual_5m,,,,,FORCE_SELL,0.13,0.16,buy,buy_low_held,1,12/1/2025,596.98,580.74,619.4401,595.16,11/24/2025,605.16,11/24/2025,30.67%,184.63%
11/25/2025,130671.5384,130671.5384,0,0,,11/24/2025,11/25/2025,2.06,2.375,0.498539602,11/24/2025,threshold,counterfactual_5m,,,,,FORCE_SELL,0.13,0.16,buy,buy_low_held,1,12/2/2025,606.68,595.16,623.75,597.32,11/25/2025,608.89,11/25/2025,30.67%,186.39%
11/26/2025,130671.5384,130671.5384,0,0,,11/25/2025,11/26/2025,2.06,2.425,0.497172766,11/25/2025,threshold,counterfactual_5m,,,,,FORCE_SELL,0.13,0.16,buy,buy_low_held,1,12/3/2025,610.2601,597.32,624.22,610.39,11/26/2025,614.27,11/26/2025,30.67%,188.92%
11/28/2025,130671.5384,130671.5384,0,0,,11/26/2025,11/28/2025,2.06,2.425,0.508673949,11/26/2025,threshold,counterfactual_5m,,,,,FORCE_SELL,0.13,0.16,buy,buy_low_held,1,12/4/2025,616.19,610.39,624.94,612.52,11/28/2025,619.25,11/28/2025,30.67%,191.26%
12/1/2025,130671.5384,130671.5384,0,0,,11/28/2025,12/1/2025,1.465,-0.5,0.168829351,11/28/2025,threshold,counterfactual_5m,,,,,FORCE_SELL,0.13,0.16,sell,sell_high_broken,0,12/5/2025,619.32,615.4174,628.92,612.52,12/1/2025,617.17,12/1/2025,30.67%,190.28%
12/2/2025,130671.5384,130671.5384,0,0,,12/1/2025,12/2/2025,1.465,-0.5,0.215639196,12/1/2025,threshold,counterfactual_5m,,,,,FORCE_SELL,0.13,0.16,sell,sell_high_broken,0,12/8/2025,619.4401,612.52,628.92,617.59,12/2/2025,622,12/2/2025,30.67%,192.55%
12/3/2025,130671.5384,130671.5384,0,0,,12/2/2025,12/3/2025,1.275,-0.5,0.213952663,12/2/2025,threshold,counterfactual_5m,,,,,FORCE_SELL,0.13,0.16,sell,sell_high_broken,0,12/9/2025,623.75,617.59,628.92,618.03,12/3/2025,623.52,12/3/2025,30.67%,193.27%
12/4/2025,130671.5384,130671.5384,0,0,,12/3/2025,12/4/2025,1.285,2.26,0.172216271,12/3/2025,threshold,counterfactual_5m,,,,,FORCE_SELL,0.13,0.16,sell,sell_high_broken,0,12/10/2025,624.22,618.03,629.21,619.54,12/4/2025,622.94,12/4/2025,30.67%,193.00%
12/5/2025,130671.5384,130671.5384,0,0,,12/4/2025,12/5/2025,0.855,2.47,0.207968553,12/4/2025,threshold,counterfactual_5m,,,,,FORCE_SELL,0.13,0.16,sell,sell_high_broken,0,12/11/2025,624.94,619.54,629.21,617.72,12/5/2025,625.48,12/5/2025,30.67%,194.19%
12/8/2025,130671.5384,130671.5384,0,0,,12/5/2025,12/8/2025,0.855,2.47,0.260042757,12/5/2025,threshold,counterfactual_5m,,,,,FORCE_SELL,0.13,0.16,sell,sell_high_broken,0,12/12/2025,628.92,623.71,629.21,611.36,12/8/2025,624.28,12/8/2025,30.67%,193.63%
12/9/2025,130671.5384,130671.5384,0,0,,12/8/2025,12/9/2025,-0.5,1.31,0.293735237,12/8/2025,threshold,counterfactual_5m,,,,,FORCE_SELL,0.13,0.16,sell,sell_high_broken,0,12/15/2025,628.84,621.69,629.21,609.32,12/9/2025,625.05,12/9/2025,30.67%,193.99%
12/10/2025,130671.5384,130671.5384,0,0,,12/9/2025,12/10/2025,1.32,2.305,0.172034262,12/9/2025,threshold,counterfactual_5m,,,,,FORCE_SELL,0.13,0.16,sell,sell_high_broken,0,12/16/2025,625.87,621,629.21,606.9101,12/10/2025,627.61,12/10/2025,30.67%,195.19%
12/11/2025,130671.5384,130671.5384,0,0,,12/10/2025,12/11/2025,1.3,2.425,0.196761109,12/10/2025,threshold,counterfactual_5m,,,,,FORCE_SELL,0.13,0.16,sell,sell_high_held,1,12/17/2025,629.21,620.99,625.78,600.28,12/11/2025,625.58,12/11/2025,30.67%,194.24%
12/12/2025,130671.5384,130671.5384,0,0,,12/11/2025,12/12/2025,1.49,2.09,0.161987043,12/11/2025,threshold,counterfactual_5m,,,,,FORCE_SELL,0.13,0.16,sell,sell_high_held,1,12/18/2025,625.78,617.72,623.54,600.28,12/12/2025,613.62,12/12/2025,30.67%,188.61%
12/15/2025,130671.5384,130671.5384,0,0,,12/12/2025,12/15/2025,2.02,1.71,0.415641305,12/12/2025,threshold,counterfactual_5m,,,,,FORCE_SELL,0.13,0.16,sell,sell_high_held,1,12/19/2025,623.54,611.36,618.42,600.28,12/15/2025,610.54,12/15/2025,30.67%,187.16%
12/16/2025,130671.5384,130671.5384,0,0,,12/15/2025,12/16/2025,1.62,1.325,0.367205212,12/15/2025,threshold,counterfactual_5m,,,,,FORCE_SELL,0.13,0.16,sell,sell_high_broken,0,12/22/2025,618.42,609.32,621.65,600.28,12/16/2025,611.75,12/16/2025,30.67%,187.73%
12/17/2025,130671.5384,130671.5384,0,0,,12/16/2025,12/17/2025,1.56,-0.5,0.182292003,12/16/2025,threshold,counterfactual_5m,,,,,FORCE_SELL,0.13,0.16,sell,sell_high_broken,0,12/23/2025,613.51,606.9101,622.41,600.28,12/17/2025,600.41,12/17/2025,30.67%,182.40%
12/18/2025,130671.5384,130671.5384,0,0,,12/17/2025,12/18/2025,1.95,-0.5,0.481051879,12/17/2025,threshold,counterfactual_5m,,,,,FORCE_SELL,0.13,0.16,sell,sell_high_broken,0,12/24/2025,613.65,600.28,624.28,606.92,12/18/2025,609.11,12/18/2025,30.67%,186.49%
12/19/2025,130671.5384,130671.5384,0,0,,12/18/2025,12/19/2025,1.95,-0.5,0.272173836,12/18/2025,threshold,counterfactual_5m,,,,,FORCE_SELL,0.13,0.16,sell,sell_high_broken,0,12/26/2025,612.93,606.92,625.515,611.87,12/19/2025,617.05,12/19/2025,30.67%,190.23%
12/22/2025,130671.5384,130671.5384,0,0,,12/19/2025,12/22/2025,1.95,-0.5,0.156556093,12/19/2025,threshold,counterfactual_5m,,,,,FREE,0.13,0.16,sell,sell_high_broken,0,12/29/2025,617.62,611.87,625.515,617.77,12/22/2025,619.21,12/22/2025,30.67%,191.24%
12/23/2025,130671.5384,130671.5384,0,0,,12/22/2025,12/23/2025,1.285,1.67,0.230173526,12/22/2025,threshold,counterfactual_5m,,,,,FORCE_SELL,0.13,0.16,sell,sell_high_broken,0,12/30/2025,621.65,617.77,625.515,617.78,12/23/2025,622.11,12/23/2025,30.67%,192.61%
12/24/2025,130709.2466,130709.2466,0,0,,12/23/2025,12/24/2025,1.285,1.67,0.148256031,12/23/2025,threshold,counterfactual_5m,,,,,FREE,0.13,0.16,sell,sell_high_broken,0,12/31/2025,622.41,617.78,625.515,614.05,12/24/2025,623.93,12/24/2025,30.71%,193.46%
12/26/2025,130709.2466,130709.2466,0,0,,12/24/2025,12/26/2025,1.285,1.67,0.134810749,12/24/2025,threshold,counterfactual_5m,,,,,FREE,0.13,0.16,sell,sell_high_broken,0,1/2/2026,624.28,621.72,625.515,610.15,12/26/2025,623.89,12/26/2025,30.71%,193.44%
12/29/2025,130709.2466,130709.2466,0,0,,12/26/2025,12/29/2025,1.285,1.67,0.214595197,12/26/2025,threshold,counterfactual_5m,,,,,FORCE_SELL,0.13,0.16,sell,sell_high_held,1,1/5/2026,625.515,623.14,622.85,610.15,12/29/2025,620.87,12/29/2025,30.71%,192.02%
12/30/2025,130709.2466,130709.2466,0,0,,12/29/2025,12/30/2025,1.21,1.565,0.201948924,12/29/2025,threshold,counterfactual_5m,,,,,FORCE_SELL,0.13,0.16,sell,sell_high_broken,0,1/6/2026,622.78,618.73,624.0213,610.15,12/30/2025,619.43,12/30/2025,30.71%,191.35%
12/31/2025,130709.2466,130709.2466,0,0,,12/30/2025,12/31/2025,1.19,1.255,0.288717209,12/30/2025,threshold,counterfactual_5m,,,,,FORCE_SELL,0.13,0.16,sell,sell_high_broken,0,1/7/2026,622.18,619.215,627.94,610.15,12/31/2025,614.31,12/31/2025,30.71%,188.94%
1/2/2026,130709.2466,130709.2466,0,0,,12/31/2025,1/2/2026,1.61,-0.5,0.349701355,12/31/2025,threshold,counterfactual_5m,,,,,FORCE_SELL,0.13,0.16,sell,sell_high_broken,0,1/8/2026,619.96,614.05,627.94,610.15,1/2/2026,613.12,1/2/2026,30.71%,188.38%
1/5/2026,130709.2466,130709.2466,0,0,,1/2/2026,1/5/2026,-0.5,-0.5,0.389180848,1/2/2026,threshold,counterfactual_5m,,,,,FORCE_SELL,0.13,0.16,sell,sell_high_broken,0,1/9/2026,622.85,610.15,627.94,616.72,1/5/2026,617.99,1/5/2026,30.71%,190.67%
1/6/2026,130709.2466,130709.2466,0,0,,1/5/2026,1/6/2026,1.04,1.905,0.245037501,1/5/2026,threshold,counterfactual_5m,,,,,FORCE_SELL,0.13,0.16,sell,sell_high_broken,0,1/12/2026,620.81,616.72,628.845,617.8,1/6/2026,623.42,1/6/2026,30.71%,193.22%
1/7/2026,130318.8641,0,1,208.7606954,626.12,1/6/2026,1/7/2026,-0.5,2.41,0.152850032,1/6/2026,threshold,counterfactual_5m,,,,,FREE,0.13,0.16,sell,sell_high_broken,0,1/13/2026,624.0213,618.54,629.47,617.8,1/7/2026,624.02,1/7/2026,30.32%,193.50%
1/8/2026,129650.8299,129650.8299,0,0,,1/7/2026,1/8/2026,1.89,-0.5,0.271829676,1/7/2026,threshold,counterfactual_5m,,,,,FORCE_SELL,0.13,0.16,sell,sell_high_broken,0,1/14/2026,627.94,622.56,629.47,614.56,1/8/2026,620.47,1/8/2026,29.65%,191.83%
1/9/2026,129650.8299,129650.8299,0,0,,1/8/2026,1/9/2026,1.47,2.41,0.257970841,1/8/2026,threshold,counterfactual_5m,,,,,FORCE_SELL,0.13,0.16,sell,sell_high_broken,0,1/15/2026,623.42,617.8,630,614.56,1/9/2026,626.65,1/9/2026,29.65%,194.74%
1/12/2026,129650.8299,129650.8299,0,0,,1/9/2026,1/12/2026,-0.5,-0.5,0.228627046,1/9/2026,threshold,counterfactual_5m,,,,,FORCE_SELL,0.13,0.16,sell,sell_high_broken,0,1/16/2026,627.89,619.06,630,614.56,1/12/2026,627.17,1/12/2026,29.65%,194.99%
1/13/2026,129650.8299,129650.8299,0,0,,1/12/2026,1/13/2026,-0.5,-0.5,0.195180712,1/12/2026,threshold,counterfactual_5m,,,,,FORCE_SELL,0.13,0.16,sell,sell_high_broken,0,1/20/2026,628.845,622.26,630,607.05,1/13/2026,626.24,1/13/2026,29.65%,194.55%
1/14/2026,129650.8299,129650.8299,0,0,,1/13/2026,1/14/2026,1.355,-0.5,0.258762836,1/13/2026,threshold,counterfactual_5m,,,,,FORCE_SELL,0.13,0.16,sell,sell_high_broken,0,1/21/2026,629.47,623.695,630,607.05,1/14/2026,619.55,1/14/2026,29.65%,191.40%
1/15/2026,129650.8299,129650.8299,0,0,,1/14/2026,1/15/2026,1.35,2.44,0.301157191,1/14/2026,threshold,counterfactual_5m,,,,,FORCE_SELL,0.13,0.16,sell,sell_high_broken,0,1/22/2026,623.45,614.56,630,607.05,1/15/2026,621.78,1/15/2026,29.65%,192.45%
1/16/2026,129650.8299,129650.8299,0,0,,1/15/2026,1/16/2026,1.495,-0.5,0.355665354,1/15/2026,threshold,counterfactual_5m,,,,,FORCE_SELL,0.13,0.16,sell,sell_high_held,1,1/23/2026,630,620.75,626.08,607.05,1/16/2026,621.26,1/16/2026,29.65%,192.21%
1/20/2026,129650.8299,129650.8299,0,0,,1/16/2026,1/20/2026,1.495,-0.5,0.273381718,1/16/2026,threshold,counterfactual_5m,,,,,FORCE_SELL,0.13,0.16,sell,sell_high_broken,0,1/26/2026,626.08,618.88,627.61,607.05,1/20/2026,608.06,1/20/2026,29.65%,186.00%
1/21/2026,129650.8299,129650.8299,0,0,,1/20/2026,1/21/2026,2.425,2.36,0.315991988,1/20/2026,threshold,counterfactual_5m,,,,,FORCE_SELL,0.13,0.16,sell,sell_high_broken,0,1/27/2026,615.055,607.05,632.0427,607.8636,1/21/2026,616.28,1/21/2026,29.65%,189.86%
1/22/2026,129650.8299,129650.8299,0,0,,1/21/2026,1/22/2026,1.475,2.32,0.279886827,1/21/2026,threshold,counterfactual_5m,,,,,FORCE_SELL,0.13,0.16,sell,sell_high_broken,0,1/28/2026,620.42,607.8636,636.6,617.78,1/22/2026,620.76,1/22/2026,29.65%,191.97%
1/23/2026,129650.8299,129650.8299,0,0,,1/22/2026,1/23/2026,1.825,2.16,0.183958814,1/22/2026,threshold,counterfactual_5m,,,,,FORCE_SELL,0.13,0.16,sell,sell_high_broken,0,1/29/2026,622.46,617.78,636.6,618.27,1/23/2026,622.72,1/23/2026,29.65%,192.89%
1/26/2026,129650.8299,129650.8299,0,0,,1/23/2026,1/26/2026,1.52,1.94,0.230694411,1/23/2026,threshold,counterfactual_5m,,,,,FORCE_SELL,0.13,0.16,sell,sell_high_broken,0,1/30/2026,625.3999,618.65,636.6,618.27,1/26/2026,625.46,1/26/2026,29.65%,194.18%
1/27/2026,129650.8299,129650.8299,0,0,,1/26/2026,1/27/2026,1.52,2.36,0.206044318,1/26/2026,threshold,counterfactual_5m,,,,,FORCE_SELL,0.13,0.16,sell,sell_high_broken,0,2/2/2026,627.61,622.12,636.6,618.27,1/27/2026,631.13,1/27/2026,29.65%,196.85%
1/28/2026,129650.8299,129650.8299,0,0,,1/27/2026,1/28/2026,1.235,1.89,0.183489339,1/27/2026,threshold,counterfactual_5m,,,,,FORCE_SELL,0.13,0.16,sell,sell_high_broken,0,2/3/2026,632.0427,627.34,636.6,610.96,1/28/2026,633.22,1/28/2026,29.65%,197.83%
1/29/2026,129650.8299,129650.8299,0,0,,1/28/2026,1/29/2026,2.12,2.3,0.278258754,1/28/2026,threshold,counterfactual_5m,,,,,FORCE_SELL,0.13,0.16,sell,sell_high_held,1,2/4/2026,636.6,631.81,633.67,600.47,1/29/2026,629.43,1/29/2026,29.65%,196.05%
1/30/2026,129650.8299,129650.8299,0,0,,1/29/2026,1/30/2026,1.515,2.31,0.369786958,1/29/2026,threshold,counterfactual_5m,,,,,FORCE_SELL,0.13,0.16,sell,sell_high_held,1,2/5/2026,633.67,618.27,629.98,594.76,1/30/2026,621.87,1/30/2026,29.65%,192.49%
2/2/2026,129650.8299,129650.8299,0,0,,1/30/2026,2/2/2026,-0.5,2.375,0.341264706,1/30/2026,threshold,counterfactual_5m,,,,,FORCE_SELL,0.13,0.16,sell,sell_high_broken,0,2/6/2026,628.256,619.2975,629.98,594.76,2/2/2026,626.14,2/2/2026,29.65%,194.50%
2/3/2026,129650.8299,129650.8299,0,0,,2/2/2026,2/3/2026,2.465,2.405,0.229519098,2/2/2026,threshold,counterfactual_5m,,,,,FORCE_SELL,0.13,0.16,sell,sell_high_broken,0,2/9/2026,628.49,618.66,629.98,594.76,2/3/2026,616.52,2/3/2026,29.65%,189.98%
2/4/2026,129650.8299,129650.8299,0,0,,2/3/2026,2/4/2026,2.35,2.315,0.508381832,2/3/2026,threshold,counterfactual_5m,,,,,FORCE_SELL,0.13,0.16,sell,sell_high_held,1,2/10/2026,629.98,610.96,617.02,594.76,2/4/2026,605.75,2/4/2026,29.65%,184.91%
2/5/2026,129650.8299,129650.8299,0,0,,2/4/2026,2/5/2026,2.5,-0.5,0.38593816,2/4/2026,threshold,counterfactual_5m,,,,,FORCE_SELL,0.13,0.16,sell,sell_high_broken,0,2/11/2026,615.1,600.47,617.52,594.76,2/5/2026,597.03,2/5/2026,29.65%,180.81%
2/6/2026,129650.8299,129650.8299,0,0,,2/5/2026,2/6/2026,2.5,-0.5,0.6897612,2/5/2026,threshold,counterfactual_5m,,,,,FORCE_SELL,0.13,0.16,buy,buy_low_held,1,2/12/2026,604.81,594.76,617.52,598.77,2/6/2026,609.65,2/6/2026,29.65%,186.75%
2/9/2026,129650.8299,129650.8299,0,0,,2/6/2026,2/9/2026,1.68,-0.5,0.582875037,2/6/2026,threshold,counterfactual_5m,,,,,FORCE_SELL,0.13,0.16,buy,buy_low_broken,0,2/13/2026,611.41,598.77,617.52,596.42,2/9/2026,614.32,2/9/2026,29.65%,188.94%
2/10/2026,129650.8299,129650.8299,0,0,,2/9/2026,2/10/2026,1.77,2.17,0.536618845,2/9/2026,threshold,counterfactual_5m,,,,,FORCE_SELL,0.13,0.16,buy,buy_low_broken,0,2/17/2026,616.46,605.07,617.52,593.34,2/10/2026,611.47,2/10/2026,29.65%,187.60%
2/11/2026,129650.8299,129650.8299,0,0,,2/10/2026,2/11/2026,1.93,2.11,0.677036551,2/10/2026,threshold,counterfactual_5m,,,,,FORCE_SELL,0.13,0.16,buy,buy_low_broken,0,2/18/2026,617.02,611.01,617.52,593.34,2/11/2026,613.11,2/11/2026,29.65%,188.37%
2/12/2026,129650.8299,129650.8299,0,0,,2/11/2026,2/12/2026,2.5,-0.5,0.608019339,2/11/2026,threshold,counterfactual_5m,,,,,FORCE_SELL,0.13,0.16,buy,buy_low_broken,0,2/19/2026,617.52,607.69,615.81,593.34,2/12/2026,600.64,2/12/2026,29.65%,182.51%
2/13/2026,129650.8299,129650.8299,0,0,,2/12/2026,2/13/2026,2.465,-0.5,0.799584479,2/12/2026,threshold,counterfactual_5m,,,,,FORCE_SELL,0.13,0.16,buy,buy_low_broken,0,2/20/2026,615.81,599.5699,610.35,593.34,2/13/2026,601.92,2/13/2026,29.65%,183.11%
2/17/2026,129650.8299,129650.8299,0,0,,2/13/2026,2/17/2026,2.46,1.84,0.578870654,2/13/2026,threshold,counterfactual_5m,,,,,FORCE_SELL,0.13,0.16,buy,buy_low_broken,0,2/23/2026,606.48,596.42,610.35,593.34,2/17/2026,601.3,2/17/2026,29.65%,182.82%
2/18/2026,129650.8299,129650.8299,0,0,,2/17/2026,2/18/2026,2.48,1.99,0.499728361,2/17/2026,threshold,counterfactual_5m,,,,,FORCE_SELL,0.13,0.16,buy,buy_low_held,1,2/24/2026,603.95,593.34,610.35,599.05,2/18/2026,605.79,2/18/2026,29.65%,184.93%
2/19/2026,129650.8299,129650.8299,0,0,,2/18/2026,2/19/2026,2.02,1.49,0.565862288,2/18/2026,threshold,counterfactual_5m,,,,,FORCE_SELL,0.13,0.16,buy,buy_low_broken,0,2/25/2026,609.771,600.72,616.83,599.05,2/19/2026,603.47,2/19/2026,29.65%,183.84%
2/20/2026,129650.8299,129650.8299,0,0,,2/19/2026,2/20/2026,2.04,1.535,0.500321204,2/19/2026,threshold,counterfactual_5m,,,,,FORCE_SELL,0.13,0.16,buy,buy_low_broken,0,2/26/2026,605.815,600.75,616.83,599.05,2/20/2026,608.81,2/20/2026,29.65%,186.35%
2/23/2026,129650.8299,129650.8299,0,0,,2/20/2026,2/23/2026,2.09,-0.5,0.501485365,2/20/2026,threshold,counterfactual_5m,,,,,FORCE_SELL,0.13,0.16,buy,buy_low_broken,0,2/27/2026,610.35,599.23,616.83,599.05,2/23/2026,601.41,2/23/2026,29.65%,182.87%
2/24/2026,129650.8299,129650.8299,0,0,,2/23/2026,2/24/2026,2.09,2.025,0.635700426,2/23/2026,threshold,counterfactual_5m,,,,,FORCE_SELL,0.13,0.16,buy,buy_low_broken,0,3/2/2026,608.01,599.05,616.83,597.99,2/24/2026,607.87,2/24/2026,29.65%,185.91%
2/25/2026,129650.8299,129650.8299,0,0,,2/24/2026,2/25/2026,1.825,2.04,0.481236049,2/24/2026,threshold,counterfactual_5m,,,,,FORCE_SELL,0.13,0.16,buy,buy_low_broken,0,3/3/2026,608.99,599.73,616.83,591.87,2/25/2026,616.68,2/25/2026,29.65%,190.05%
2/26/2026,129650.8299,129650.8299,0,0,,2/25/2026,2/26/2026,1.62,1.835,0.161118636,2/25/2026,threshold,counterfactual_5m,,,,,FORCE_SELL,0.13,0.16,sell,sell_high_held,1,3/4/2026,616.83,611,615.59,591.87,2/26/2026,609.24,2/26/2026,29.65%,186.55%
2/27/2026,129650.8299,129650.8299,0,0,,2/26/2026,2/27/2026,1.635,1.43,0.401394656,2/26/2026,threshold,counterfactual_5m,,,,,FORCE_SELL,0.13,0.16,sell,sell_high_held,1,3/5/2026,615.59,603.98,612.88,591.87,2/27/2026,607.29,2/27/2026,29.65%,185.64%
3/2/2026,129650.8299,129650.8299,0,0,,2/27/2026,3/2/2026,1.635,1.43,0.212929594,2/27/2026,threshold,counterfactual_5m,,,,,FORCE_SELL,0.13,0.16,sell,sell_high_broken,0,3/6/2026,608.32,602.19,612.88,591.87,3/2/2026,608.09,3/2/2026,29.65%,186.01%
3/3/2026,129650.8299,129650.8299,0,0,,3/2/2026,3/3/2026,1.635,1.43,0.232183732,3/2/2026,threshold,counterfactual_5m,,,,,FORCE_SELL,0.13,0.16,sell,sell_high_broken,0,3/9/2026,609.92,597.99,612.88,591.33,3/3/2026,601.58,3/3/2026,29.65%,182.95%
3/4/2026,129650.8299,129650.8299,0,0,,3/3/2026,3/4/2026,2.09,2.255,0.232812878,3/3/2026,threshold,counterfactual_5m,,,,,FORCE_SELL,0.13,0.16,sell,sell_high_broken,0,3/10/2026,603.96,591.87,613.29,591.33,3/4/2026,610.75,3/4/2026,29.65%,187.26%
3/5/2026,129650.8299,129650.8299,0,0,,3/4/2026,3/5/2026,1.8,2,0.227027045,3/4/2026,threshold,counterfactual_5m,,,,,FORCE_SELL,0.13,0.16,sell,sell_high_broken,0,3/11/2026,612.88,603.43,613.29,591.33,3/5/2026,608.91,3/5/2026,29.65%,186.40%
3/6/2026,129650.8299,129650.8299,0,0,,3/5/2026,3/6/2026,-0.5,1.515,0.30086815,3/5/2026,threshold,counterfactual_5m,,,,,FORCE_SELL,0.13,0.16,sell,sell_high_broken,0,3/12/2026,612.76,602.26,613.29,591.33,3/6/2026,599.75,3/6/2026,29.65%,182.09%
3/9/2026,129650.8299,129650.8299,0,0,,3/6/2026,3/9/2026,-0.5,1.515,0.395549583,3/6/2026,threshold,counterfactual_5m,,,,,FORCE_SELL,0.13,0.16,sell,sell_high_broken,0,3/13/2026,606,598.33,613.29,591.33,3/9/2026,607.76,3/9/2026,29.65%,185.86%
3/10/2026,129650.8299,129650.8299,0,0,,3/9/2026,3/10/2026,-0.5,1.515,0.567798955,3/9/2026,threshold,counterfactual_5m,,,,,FORCE_SELL,0.13,0.16,buy,buy_low_held,1,3/16/2026,609.27,591.33,613.29,592.57,3/10/2026,607.77,3/10/2026,29.65%,185.86%
3/11/2026,129650.8299,129650.8299,0,0,,3/10/2026,3/11/2026,2.5,2.305,0.638706603,3/10/2026,threshold,counterfactual_5m,,,,,FORCE_SELL,0.13,0.16,buy,buy_low_broken,0,3/17/2026,613.29,605.42,612.43,592.57,3/11/2026,607.69,3/11/2026,29.65%,185.82%
3/12/2026,129650.8299,129650.8299,0,0,,3/11/2026,3/12/2026,2.495,-0.5,0.581098079,3/11/2026,threshold,counterfactual_5m,,,,,FORCE_SELL,0.35,0.395,buy,buy_low_broken,0,3/18/2026,612.43,605.03,605.9,592.57,3/12/2026,597.26,3/12/2026,29.65%,180.92%
3/13/2026,129650.8299,129650.8299,0,0,,3/12/2026,3/13/2026,2.42,-0.5,0.652626804,3/12/2026,threshold,counterfactual_5m,,,,,FORCE_SELL,0.35,0.395,buy,buy_low_broken,0,3/19/2026,604.14,597.05,605.9,587.08,3/13/2026,593.72,3/13/2026,29.65%,179.25%
3/16/2026,129650.8299,129650.8299,0,0,,3/13/2026,3/16/2026,2.42,1.5,0.671202744,3/13/2026,threshold,counterfactual_5m,,,,,FORCE_SELL,0.35,0.395,buy,buy_low_broken,0,3/20/2026,603.5999,592.57,605.9,578.54,3/16/2026,600.38,3/16/2026,29.65%,182.39%
3/17/2026,129650.8299,129650.8299,0,0,,3/16/2026,3/17/2026,2.42,1.5,0.576765272,3/16/2026,threshold,counterfactual_5m,,,,,FORCE_SELL,0.35,0.395,buy,buy_low_broken,0,3/23/2026,603.86,599.11,605.9,578.54,3/17/2026,603.31,3/17/2026,29.65%,183.76%
3/18/2026,129650.8299,129650.8299,0,0,,3/17/2026,3/18/2026,2.46,2.365,0.536460556,3/17/2026,threshold,counterfactual_5m,,,,,FORCE_SELL,0.35,0.395,buy,buy_low_broken,0,3/24/2026,605.9,601.87,603.16,578.54,3/18/2026,594.9,3/18/2026,29.65%,179.81%
3/19/2026,129650.8299,129650.8299,0,0,,3/18/2026,3/19/2026,2.41,-0.5,0.702073719,3/18/2026,threshold,counterfactual_5m,,,,,FORCE_SELL,0.35,0.395,buy,buy_low_broken,0,3/25/2026,603.16,594.56,595.8,578.54,3/19/2026,593.02,3/19/2026,29.65%,178.92%
3/20/2026,129650.8299,129650.8299,0,0,,3/19/2026,3/20/2026,2.43,1.705,0.508335821,3/19/2026,threshold,counterfactual_5m,,,,,FORCE_SELL,0.35,0.395,buy,buy_low_broken,0,3/26/2026,595.8,587.08,595.08,573.43,3/20/2026,582.06,3/20/2026,29.65%,173.77%
3/23/2026,129650.8299,129650.8299,0,0,,3/20/2026,3/23/2026,2.495,-0.5,0.687353508,3/20/2026,threshold,counterfactual_5m,,,,,FORCE_SELL,0.35,0.395,buy,buy_low_broken,0,3/27/2026,591.17,578.54,595.08,561.57,3/23/2026,588,3/23/2026,29.65%,176.56%
3/24/2026,129650.8299,129650.8299,0,0,,3/23/2026,3/24/2026,2.395,1.825,0.669022741,3/23/2026,threshold,counterfactual_5m,,,,,FORCE_SELL,0.35,0.395,buy,buy_low_broken,0,3/30/2026,595.08,585.96,591.37,555.6,3/24/2026,583.98,3/24/2026,29.65%,174.67%
3/25/2026,129650.8299,129650.8299,0,0,,3/24/2026,3/25/2026,1.925,2.31,0.543718576,3/24/2026,threshold,counterfactual_5m,,,,,FORCE_SELL,0.24,0.27,buy,buy_low_broken,0,3/31/2026,587.93,581.93,591.37,555.6,3/25/2026,587.82,3/25/2026,29.65%,176.48%
3/26/2026,129650.8299,129650.8299,0,0,,3/25/2026,3/26/2026,2.11,-0.5,0.563175042,3/25/2026,threshold,counterfactual_5m,,,,,FORCE_SELL,0.24,0.27,buy,buy_low_broken,0,4/1/2026,591.37,585.69,587.739,555.6,3/26/2026,573.79,3/26/2026,29.65%,169.88%
3/27/2026,129650.8299,129650.8299,0,0,,3/26/2026,3/27/2026,2.185,-0.5,0.695931885,3/26/2026,threshold,counterfactual_5m,,,,,FORCE_SELL,0.24,0.27,buy,buy_low_broken,0,4/2/2026,584.63,573.43,587.739,555.6,3/27/2026,562.58,3/27/2026,29.65%,164.61%
3/30/2026,129650.8299,129650.8299,0,0,,3/27/2026,3/30/2026,2.48,2.005,0.678225634,3/27/2026,threshold,counterfactual_5m,,,,,FORCE_SELL,0.24,0.27,buy,buy_low_broken,0,4/6/2026,571.02,561.57,590.61,555.6,3/30/2026,558.28,3/30/2026,29.65%,162.58%
3/31/2026,129650.8299,129650.8299,0,0,,3/30/2026,3/31/2026,2.37,2.11,0.661744401,3/30/2026,threshold,counterfactual_5m,,,,,FORCE_SELL,0.24,0.27,buy,buy_low_held,1,4/7/2026,568.05,555.6,605.87,564.21,3/31/2026,577.18,3/31/2026,29.65%,171.47%
4/1/2026,129650.8299,129650.8299,0,0,,3/31/2026,4/1/2026,2.37,2.11,0.606316259,3/31/2026,threshold,counterfactual_5m,,,,,FORCE_SELL,0.24,0.27,buy,buy_low_held,1,4/8/2026,578.64,564.21,610.07,571.92,4/1/2026,584.31,4/1/2026,29.65%,174.83%
4/2/2026,129650.8299,129650.8299,0,0,,4/1/2026,4/2/2026,2.19,2.395,0.614813151,4/1/2026,threshold,counterfactual_5m,,,,,FORCE_SELL,0.24,0.27,buy,buy_low_broken,0,4/9/2026,587.739,580.42,610.5,571.92,4/2/2026,584.98,4/2/2026,29.65%,175.14%
4/6/2026,129650.8299,129650.8299,0,0,,4/2/2026,4/6/2026,2.19,2.395,0.520522282,4/2/2026,threshold,counterfactual_5m,,,,,FORCE_SELL,0.24,0.27,buy,buy_low_held,1,4/10/2026,586.05,571.92,613.67,578.4001,4/6/2026,587.04,4/6/2026,29.65%,176.11%
4/7/2026,129236.6616,129236.6616,0,0,,4/6/2026,4/7/2026,2.13,2.455,0.266999576,4/6/2026,threshold,counterfactual_5m,,,,,FREE,0.24,0.27,sell,sell_high_broken,0,4/13/2026,590.61,584.542,626.74,578.4001,4/7/2026,605.17,4/7/2026,29.24%,184.64%
4/8/2026,129236.6616,129236.6616,0,0,,4/7/2026,4/8/2026,2.095,2.455,0.430934452,4/7/2026,threshold,counterfactual_5m,,,,,FORCE_SELL,0.35,0.395,sell,sell_high_broken,0,4/14/2026,605.87,578.4001,629.3734,602.12,4/8/2026,604.52,4/8/2026,29.24%,184.33%
4/9/2026,130580.0894,0,1,214.2764841,603.1304,4/8/2026,4/9/2026,1.92,2.39,0.375216727,4/8/2026,threshold,counterfactual_5m,,,,,FREE,0.35,0.395,sell,sell_high_broken,0,4/15/2026,610.07,602.12,638.49,602.68,4/9/2026,609.4,4/9/2026,30.58%,186.63%
4/10/2026,131242.2037,0,1,214.2764841,603.1304,4/9/2026,4/10/2026,1.45,1.59,0.207373941,4/9/2026,threshold,counterfactual_5m,,,,,FORCE_BUY,0.35,0.395,sell,sell_high_broken,0,4/16/2026,610.5,602.9,642.18,602.68,4/10/2026,612.49,4/10/2026,31.24%,188.08%
4/13/2026,132519.2916,0,1,214.2764841,603.1304,4/10/2026,4/13/2026,1.45,1.59,0.198723564,4/10/2026,threshold,counterfactual_5m,,,,,FORCE_BUY,0.35,0.395,sell,sell_high_broken,0,4/17/2026,613.67,609.06,650,602.68,4/13/2026,618.45,4/13/2026,32.52%,190.88%
4/14/2026,134299.9292,134299.9292,0,0,,4/13/2026,4/14/2026,1.45,1.59,0.386441758,4/13/2026,threshold,counterfactual_5m,,,,,FREE,0.35,0.395,sell,sell_high_broken,0,4/20/2026,626.74,602.68,650,616.927,4/14/2026,628.92,4/14/2026,34.30%,195.81%
4/15/2026,134299.9292,134299.9292,0,0,,4/14/2026,4/15/2026,1.45,1.59,0.225276489,4/14/2026,threshold,counterfactual_5m,,,,,FORCE_BUY,0.35,0.395,sell,sell_high_broken,0,4/21/2026,629.3734,616.927,650.59,626.95,4/15/2026,638.36,4/15/2026,34.30%,200.25%
4/16/2026,134299.9292,134299.9292,0,0,,4/15/2026,4/16/2026,1.45,1.59,0.201260017,4/15/2026,threshold,counterfactual_5m,,,,,FORCE_BUY,0.35,0.395,sell,sell_high_broken,0,4/22/2026,638.49,626.95,656.34,635.255,4/16/2026,640.24,4/16/2026,34.30%,201.13%
4/17/2026,134299.9292,134299.9292,0,0,,4/16/2026,4/17/2026,1.45,1.59,0.219424724,4/16/2026,threshold,counterfactual_5m,,,,,FORCE_BUY,0.35,0.395,sell,sell_high_broken,0,4/23/2026,642.18,635.255,656.92,639.55,4/17/2026,648.97,4/17/2026,34.30%,205.24%
4/20/2026,134299.9292,134299.9292,0,0,,4/17/2026,4/20/2026,1.1,0.905,0.218580599,4/17/2026,threshold,counterfactual_5m,,,,,FORCE_BUY,0.35,0.395,sell,sell_high_broken,0,4/24/2026,650,639.55,664.51,642.21,4/20/2026,647.9701,4/20/2026,34.30%,204.77%
4/21/2026,134353.8791,0,1,207.4995429,647.23,4/20/2026,4/21/2026,0.905,1.265,0.189454522,4/20/2026,threshold,counterfactual_5m,,,,,FORCE_BUY,0.35,0.395,sell,sell_high_broken,0,4/27/2026,649.336,642.52,666.55,642.21,4/21/2026,647.49,4/21/2026,34.35%,204.54%
4/22/2026,136005.5754,0,1,207.4995429,647.23,4/21/2026,4/22/2026,2.325,1.7,0.253020076,4/21/2026,threshold,counterfactual_5m,,,,,FORCE_BUY,0.35,0.395,sell,sell_high_broken,0,4/28/2026,650.59,642.21,666.55,645.52,4/22/2026,655.45,4/22/2026,36.01%,208.29%
4/23/2026,135945.4005,0,1,207.4995429,647.23,4/22/2026,4/23/2026,2.28,2.34,0.199809427,4/22/2026,threshold,counterfactual_5m,,,,,FORCE_BUY,0.35,0.395,sell,sell_high_broken,0,4/29/2026,656.34,647.51,666.9,645.52,4/23/2026,655.16,4/23/2026,35.95%,208.15%
4/24/2026,137667.6468,0,1,207.4995429,647.23,4/23/2026,4/24/2026,2.365,2.28,0.248339892,4/23/2026,threshold,counterfactual_5m,,,,,FORCE_BUY,0.35,0.395,sell,sell_high_broken,0,4/30/2026,656.92,645.52,669.5,651.908,4/24/2026,663.46,4/24/2026,37.67%,212.05%
4/27/2026,138051.5209,0,1,207.4995429,647.23,4/24/2026,4/27/2026,2.365,2.28,0.216307546,4/24/2026,threshold,counterfactual_5m,,,,,FORCE_BUY,0.35,0.395,sell,sell_high_broken,0,5/1/2026,664.51,651.908,675.97,653.81,4/27/2026,665.31,4/27/2026,38.05%,212.93%
4/28/2026,136821.0486,0,1,207.4995429,647.23,4/27/2026,4/28/2026,2.05,1.66,0.169331765,4/27/2026,threshold,counterfactual_5m,,,,,FORCE_BUY,0.35,0.395,sell,sell_high_broken,0,5/4/2026,666.55,660.69,677.35,653.81,4/28/2026,659.38,4/28/2026,36.82%,210.14%
4/29/2026,138375.2202,0,1,207.4995429,647.23,4/28/2026,4/29/2026,1.71,1.685,0.255042187,4/28/2026,threshold,counterfactual_5m,,,,,FORCE_BUY,0.35,0.395,sell,sell_high_broken,0,5/5/2026,664.21,653.81,688.27,655.75,4/29/2026,666.87,4/29/2026,38.38%,213.66%
4/30/2026,138586.8905,0,1,207.4995429,647.23,4/29/2026,4/30/2026,1.71,1.685,0.19383958,4/29/2026,threshold,counterfactual_5m,,,,,FORCE_BUY,0.35,0.395,sell,sell_high_broken,0,5/6/2026,666.9,655.75,697.64,657.56,4/30/2026,667.8901,4/30/2026,38.59%,214.14%
5/1/2026,139761.3379,0,1,207.4995429,647.23,4/30/2026,5/1/2026,-0.5,2.165,0.199285413,4/30/2026,threshold,counterfactual_5m,,,,,FORCE_BUY,0.35,0.395,sell,sell_high_broken,0,5/7/2026,669.5,657.56,701.24,666.62,5/1/2026,673.5501,5/1/2026,39.76%,216.80%
5/4/2026,139439.6928,0,1,207.4995429,647.23,5/1/2026,5/4/2026,1.8,1.455,0.213052474,5/1/2026,threshold,counterfactual_5m,,,,,FORCE_BUY,0.35,0.395,sell,sell_high_broken,0,5/8/2026,675.97,666.62,712.63,668.9,5/4/2026,672,5/4/2026,39.44%,216.07%
5/5/2026,142604.0609,0,1,207.4995429,647.23,5/4/2026,5/5/2026,1.645,2.035,0.286055726,5/4/2026,threshold,counterfactual_5m,,,,,FORCE_BUY,0.35,0.395,sell,sell_high_broken,0,5/11/2026,677.35,668.9,714.59,673.98,5/5/2026,687.25,5/5/2026,42.60%,223.24%
5/6/2026,144110.5076,0,1,207.4995429,647.23,5/5/2026,5/6/2026,1.76,2.39,0.236509424,5/5/2026,threshold,counterfactual_5m,,,,,FORCE_BUY,0.35,0.395,sell,sell_high_broken,0,5/12/2026,688.27,673.98,714.59,685.72,5/6/2026,694.51,5/6/2026,44.11%,226.66%
5/7/2026,144156.1575,0,1,207.4995429,647.23,5/6/2026,5/7/2026,1.405,-0.5,0.265575709,5/6/2026,threshold,counterfactual_5m,,,,,FORCE_BUY,0.35,0.395,sell,sell_high_broken,0,5/13/2026,697.64,685.72,716.65,690.75,5/7/2026,694.73,5/7/2026,44.16%,226.76%
5/8/2026,147739.6746,0,1,207.4995429,647.23,5/7/2026,5/8/2026,1.405,-0.5,0.300757149,5/7/2026,threshold,counterfactual_5m,,,,,FORCE_BUY,0.35,0.395,sell,sell_high_broken,0,5/14/2026,701.24,690.75,722.03,694.419,5/8/2026,712,5/8/2026,47.74%,234.89%
5/11/2026,148017.6617,0,1,207.4995429,647.23,5/8/2026,5/11/2026,-0.5,-0.5,0.28621616,5/8/2026,threshold,counterfactual_5m,,,,,FORCE_BUY,0.35,0.395,sell,sell_high_broken,0,5/15/2026,712.63,694.419,722.03,696.64,5/11/2026,713.29,5/11/2026,48.02%,235.49%
5/12/2026,146266.4278,0,1,207.4995429,647.23,5/11/2026,5/12/2026,2.255,-0.5,0.198350174,5/11/2026,threshold,counterfactual_5m,,,,,FORCE_BUY,0.35,0.395,sell,sell_high_broken,0,5/18/2026,714.59,708.91,722.03,696.64,5/12/2026,707.24,5/12/2026,46.27%,232.65%
5/13/2026,149044.8467,0,1,207.4995429,647.23,5/12/2026,5/13/2026,2.255,-0.5,0.237716755,5/12/2026,threshold,counterfactual_5m,,,,,FORCE_BUY,0.35,0.395,sell,sell_high_broken,0,5/19/2026,710.18,696.64,722.03,695.25,5/13/2026,714.71,5/13/2026,49.04%,236.16%
5/14/2026,149341.571,0,1,207.4995429,647.23,5/13/2026,5/14/2026,2.36,-0.5,0.23523405,5/13/2026,threshold,counterfactual_5m,,,,,FORCE_BUY,0.35,0.395,sell,sell_high_broken,0,5/20/2026,716.65,704.83,722.03,695.25,5/14/2026,719.79,5/14/2026,49.34%,238.55%
5/15/2026,146517.5023,0,1,207.4995429,647.23,5/14/2026,5/15/2026,2.375,-0.5,0.22116343,5/14/2026,threshold,counterfactual_5m,,,,,FORCE_BUY,0.35,0.395,sell,sell_high_held,1,5/21/2026,722.03,714.22,717.12,695.25,5/15/2026,708.93,5/15/2026,46.52%,233.44%
5/18/2026,146608.8021,0,1,207.4995429,647.23,5/15/2026,5/18/2026,-0.5,-0.5,0.255931134,5/15/2026,threshold,counterfactual_5m,,,,,FORCE_BUY,0.35,0.395,sell,sell_high_broken,0,5/22/2026,715.13,705.55,722.12,695.25,5/18/2026,705.88,5/18/2026,46.61%,232.01%
5/19/2026,145718.629,0,1,207.4995429,647.23,5/18/2026,5/19/2026,-0.5,1.73,0.24223368,5/18/2026,threshold,counterfactual_5m,,,,,FORCE_BUY,0.35,0.395,sell,sell_high_broken,0,5/26/2026,712.07,698.85,731.17,695.25,5/19/2026,701.53,5/19/2026,45.72%,229.96%
5/20/2026,146961.5513,0,1,207.4995429,647.23,5/19/2026,5/20/2026,2.085,1.55,0.208839869,5/19/2026,threshold,counterfactual_5m,,,,,FORCE_BUY,0.35,0.395,sell,sell_high_broken,0,5/27/2026,706.49,695.25,733.32,703.79,5/20/2026,713.15,5/20/2026,46.96%,235.43%
5/21/2026,148773.8315,0,1,207.4995429,647.23,5/20/2026,5/21/2026,1.525,1.725,0.152714197,5/20/2026,threshold,counterfactual_5m,,,,,FORCE_BUY,0.35,0.395,sell,sell_high_broken,0,5/28/2026,713.15,703.79,736.6,706.77,5/21/2026,714.51,5/21/2026,48.77%,236.07%
5/22/2026,148426.4981,0,1,207.4995429,647.23,5/21/2026,5/22/2026,1.815,1.25,0.190743849,5/21/2026,threshold,counterfactual_5m,,,,,FORCE_BUY,0.35,0.395,sell,sell_high_broken,0,5/29/2026,717.12,706.77,741.63,715.95,5/22/2026,717.54,5/22/2026,48.43%,237.49%
5/26/2026,151626.141,0,1,207.4995429,647.23,5/22/2026,5/26/2026,1.815,1.25,0.265939435,5/22/2026,threshold,counterfactual_5m,,,,,FORCE_BUY,0.35,0.395,sell,sell_high_broken,0,6/1/2026,722.12,715.95,745.65,724.16,5/26/2026,730.28,5/26/2026,51.63%,243.48%
5/27/2026,151021.6948,0,1,207.4995429,647.23,5/26/2026,5/27/2026,1.815,1.25,0.17927104,5/26/2026,threshold,counterfactual_5m,,,,,FORCE_BUY,0.35,0.395,sell,sell_high_broken,0,6/2/2026,731.17,724.16,746.44,725.44,5/27/2026,729.45,5/27/2026,51.02%,243.09%
5/28/2026,152628.3638,0,1,207.4995429,647.23,5/27/2026,5/28/2026,1.94,-0.5,0.235446947,5/27/2026,threshold,counterfactual_5m,,,,,FORCE_BUY,0.35,0.395,sell,sell_high_broken,0,6/3/2026,733.32,725.44,748.65,726.41,5/28/2026,735.6,5/28/2026,52.63%,245.99%
5/29/2026,153062.0378,0,1,207.4995429,647.23,5/28/2026,5/29/2026,1.94,-0.5,0.198964079,5/28/2026,threshold,counterfactual_5m,,,,,FORCE_BUY,0.35,0.395,sell,sell_high_broken,0,6/4/2026,736.6,726.41,748.65,732.62,5/29/2026,738.31,5/29/2026,53.06%,247.26%
6/1/2026,153607.7616,0,1,207.4995429,647.23,5/29/2026,6/1/2026,1.94,-0.5,0.248906841,5/29/2026,threshold,counterfactual_5m,,,,,FORCE_BUY,0.35,0.395,sell,sell_high_broken,0,6/5/2026,741.63,735.25,748.65,704.32,6/1/2026,742.74,6/1/2026,53.61%,249.34%
6/2/2026,154807.109,0,1,207.4995429,647.23,6/1/2026,6/2/2026,1.675,1.8,0.243608755,6/1/2026,threshold,counterfactual_5m,,,,,FORCE_BUY,0.35,0.395,sell,sell_high_broken,0,6/8/2026,745.65,735.99,748.65,704.32,6/2/2026,746.16,6/2/2026,54.81%,250.95%
6/3/2026,153192.7626,0,1,207.4995429,647.23,6/2/2026,6/3/2026,1.465,1.35,0.163080243,6/2/2026,threshold,counterfactual_5m,,,,,FORCE_BUY,0.35,0.395,sell,sell_high_broken,0,6/9/2026,746.44,739.23,748.65,686.37,6/3/2026,744.21,6/3/2026,53.19%,250.04%
6/4/2026,152591.0139,0,1,207.4995429,647.23,6/3/2026,6/4/2026,1.96,1.845,0.292867249,6/3/2026,threshold,counterfactual_5m,,,,,FORCE_BUY,0.35,0.395,sell,sell_high_held,1,6/10/2026,748.65,741.01,743.4988,686.37,6/4/2026,740.61,6/4/2026,52.59%,248.34%
6/5/2026,145311.9299,0,1,207.4995429,647.23,6/4/2026,6/5/2026,2.4,-0.5,0.245043306,6/4/2026,threshold,counterfactual_5m,,,,,FORCE_BUY,0.35,0.395,sell,sell_high_held,1,6/11/2026,743.4988,732.62,731.69,686.37,6/5/2026,705.06,6/5/2026,45.31%,231.62%
6/8/2026,148125.6237,148125.6237,0,0,,6/5/2026,6/8/2026,2.4,-0.5,0.699111772,6/5/2026,threshold,counterfactual_5m,,,,,FORCE_SELL,0.35,0.395,sell,sell_high_held,1,6/12/2026,731.69,704.32,725.66,686.37,6/8/2026,716.07,6/8/2026,48.13%,236.80%
6/9/2026,143557.5755,0,1,203.1465542,705.89,6/8/2026,6/9/2026,2.4,-0.5,0.380199874,6/8/2026,threshold,counterfactual_5m,,,,,FREE,0.35,0.395,sell,pending,,,,,,,6/9/2026,707.83,6/9/2026,43.56%,232.92%
6/10/2026,143208.1634,143208.1634,0,0,,6/9/2026,6/10/2026,-0.5,-0.5,0.629010904,6/9/2026,threshold,counterfactual_5m,,,,,FORCE_SELL,0.345,0.38,sell,pending,,,,,,,6/10/2026,693.69,6/10/2026,43.21%,226.27%
6/11/2026,143208.1634,143208.1634,0,0,,6/10/2026,6/11/2026,2.49,-0.5,0.473872841,6/10/2026,threshold,counterfactual_5m,,,,,FORCE_SELL,0.345,0.38,sell,pending,,,,,,,6/11/2026,717.12,6/11/2026,43.21%,237.29%
6/12/2026,146407.6029,146407.6029,0,0,,6/11/2026,6/12/2026,2.48,-0.5,0.347040129,6/11/2026,threshold,counterfactual_5m,,,,,FREE,0.345,0.38,sell,pending,,,,,,,,,,,
,,,,,,,,,,,,,,,,,,,,,,,,,,,,,,,,,
