date,equity,cash,pos,buy_th,sell_th,p_day,daily_action,daily_buy_level,daily_sell_level
2018-10-01,100000.0,100000.0,0,0.3,0.3,0.20080080462710656,FREE,0.2,0.3
2018-10-02,100000.0,100000.0,0,0.3,0.3,0.19879385202811184,FORCE_BUY,0.2,0.3
2018-10-03,100000.0,100000.0,0,0.3,0.3,0.21672555241300484,FREE,0.2,0.3
2018-10-04,100000.0,100000.0,0,0.3,0.3,0.23552165594254315,FREE,0.2,0.3
2018-10-05,100000.0,100000.0,0,0.3,0.3,0.2316128127601963,FREE,0.2,0.3
2018-10-08,100000.0,100000.0,0,0.3,0.3,0.08601645203843138,FORCE_BUY,0.2,0.3
2018-10-09,100000.0,100000.0,0,0.3,0.3,0.10531362841375135,FORCE_BUY,0.2,0.3
2018-10-10,100000.0,100000.0,0,0.3,0.3,0.37731682209081335,FORCE_SELL,0.2,0.3
2018-10-11,100000.0,100000.0,0,0.3,0.3,0.10160535336146359,FORCE_BUY,0.2,0.3
2018-10-12,100000.0,100000.0,0,0.3,0.3,0.06914654099230921,FORCE_BUY,0.2,0.3
2018-10-15,100000.0,100000.0,0,0.3,0.3,0.08884327946125753,FORCE_BUY,0.2,0.3
2018-10-16,100000.0,100000.0,0,0.3,0.3,0.045307787421485335,FORCE_BUY,0.2,0.3
2018-10-17,100000.0,100000.0,0,0.3,0.3,0.056771427180354994,FORCE_BUY,0.2,0.3
2018-10-18,100000.0,100000.0,0,0.3,0.3,0.1280651975056887,FORCE_BUY,0.2,0.3
2018-10-19,100000.0,100000.0,0,0.3,0.3,0.13886328333298156,FORCE_BUY,0.2,0.3
2018-10-22,100000.0,100000.0,0,0.3,0.3,0.07457286232771043,FORCE_BUY,0.2,0.3
2018-10-23,100000.0,100000.0,0,0.3,0.3,0.024266065938537206,FORCE_BUY,0.2,0.3
2018-10-24,100000.0,100000.0,0,0.3,0.3,0.29294178480467975,FREE,0.2,0.3
2018-10-25,100000.0,100000.0,0,0.3,0.3,0.09856762125665552,FORCE_BUY,0.2,0.3
2018-10-26,100000.0,100000.0,0,0.3,0.3,0.05921285009993293,FORCE_BUY,0.2,0.3
2018-10-29,100000.0,100000.0,0,0.3,0.3,0.19198891999700682,FORCE_BUY,0.2,0.3
2018-10-30,100000.0,100000.0,0,0.3,0.3,0.11581106011848537,FORCE_BUY,0.2,0.3
2018-10-31,100000.0,100000.0,0,-0.5,-0.5,0.17218510805827889,FORCE_BUY,0.2,0.3
2018-11-01,100000.0,100000.0,0,-0.5,-0.5,0.1313377832636868,FORCE_BUY,0.2,0.3
2018-11-02,100000.0,100000.0,0,1.5499999999999994,-0.5,0.19868285529606558,FORCE_BUY,0.2,0.3
2018-11-05,100000.0,100000.0,0,1.5499999999999994,-0.5,0.1352579520052549,FORCE_BUY,0.2,0.3
2018-11-06,100000.0,100000.0,0,-0.5,1.2999999999999996,0.13962228439934543,FORCE_BUY,0.2,0.3
2018-11-07,100000.0,100000.0,0,-0.5,2.4499999999999993,0.15757402713675425,FORCE_BUY,0.2,0.3
2018-11-08,100000.0,100000.0,0,-0.5,-0.5,0.2052076372861857,FREE,0.2,0.3
2018-11-09,100000.0,100000.0,0,-0.5,1.7499999999999996,0.21301228071527498,FREE,0.2,0.3
2018-11-12,100000.0,100000.0,0,-0.5,1.7499999999999996,0.31158246184826294,FORCE_SELL,0.2,0.3
2018-11-13,100000.0,100000.0,0,2.2999999999999994,0.24999999999999978,0.25294851050120704,FREE,0.2,0.3
2018-11-14,100000.0,100000.0,0,-0.5,0.24999999999999978,0.24352824515526714,FREE,0.2,0.3
2018-11-15,100000.0,100000.0,0,-0.5,0.5499999999999998,0.13708839320456348,FORCE_BUY,0.2,0.3
2018-11-16,100000.0,100000.0,0,-0.5,0.8499999999999996,0.14575560256254608,FORCE_BUY,0.2,0.3
2018-11-19,100000.0,100000.0,0,2.3999999999999995,-0.5,0.24717791559216537,FREE,0.2,0.3
2018-11-20,100000.0,100000.0,0,2.3999999999999995,-0.5,0.23027773740492774,FREE,0.2,0.3
2018-11-21,100000.0,100000.0,0,-0.5,-0.5,0.2315965005047457,FREE,0.2,0.3
2018-11-23,100000.0,100000.0,0,-0.5,-0.5,0.22603002738128983,FREE,0.2,0.3
2018-11-26,100000.0,100000.0,0,-0.5,-0.5,0.16949908184913406,FORCE_BUY,0.2,0.3
2018-11-27,100000.0,100000.0,0,-0.5,-0.5,0.16668763568649325,FORCE_BUY,0.2,0.3
2018-11-28,100000.0,100000.0,0,-0.5,-0.5,0.1118214883457302,FORCE_BUY,0.2,0.3
2018-11-29,100000.0,100000.0,0,0.9999999999999996,-0.5,0.1388866683459595,FORCE_BUY,0.2,0.3
2018-11-30,100000.0,100000.0,0,0.7999999999999998,-0.5,0.10646901396666059,FORCE_BUY,0.2,0.3
2018-12-03,100000.0,100000.0,0,0.6499999999999997,1.1499999999999997,0.16406133713334697,FORCE_BUY,0.2,0.3
2018-12-04,100000.0,100000.0,0,0.9999999999999996,1.0499999999999996,0.298771218407023,FREE,0.2,0.3
2018-12-06,100000.0,100000.0,0,-0.5,1.1499999999999997,0.17365028039654748,FORCE_BUY,0.2,0.3
2018-12-07,100000.0,100000.0,0,2.1499999999999995,0.7999999999999998,0.27555820166166867,FREE,0.2,0.3
2018-12-10,100000.0,100000.0,0,-0.5,1.6499999999999995,0.18682445302900808,FORCE_BUY,0.2,0.3
2018-12-11,100000.0,100000.0,0,-0.5,2.3999999999999995,0.2276283740281679,FREE,0.2,0.3
2018-12-12,100000.0,100000.0,0,-0.5,1.2499999999999996,0.25433553178558227,FREE,0.2,0.3
2018-12-13,100000.0,100000.0,0,-0.5,1.4499999999999995,0.20530749186760833,FREE,0.2,0.3
2018-12-14,100000.0,100000.0,0,-0.5,0.5499999999999998,0.20827276570642753,FREE,0.2,0.3
2018-12-17,100000.0,100000.0,0,-0.5,0.5499999999999998,0.30405434816570287,FORCE_SELL,0.2,0.3
2018-12-18,100000.0,100000.0,0,-0.5,-0.5,0.2446296715079658,FREE,0.2,0.3
2018-12-19,100000.0,100000.0,0,-0.5,-0.5,0.29138106813701775,FREE,0.2,0.3
2018-12-20,100000.0,100000.0,0,-0.5,-0.5,0.22037771403285858,FREE,0.2,0.3
2018-12-21,100000.0,100000.0,0,-0.5,-0.5,0.23631737728285637,FREE,0.2,0.3
2018-12-24,100000.0,100000.0,0,1.6499999999999995,-0.5,0.17915022505861686,FORCE_BUY,0.2,0.3
2018-12-26,100000.0,100000.0,0,1.6499999999999995,-0.5,0.12044432894618935,FORCE_BUY,0.2,0.3
2018-12-27,100000.0,100000.0,0,1.2999999999999996,-0.5,0.11397088746839222,FREE,0.05,0.15
2018-12-28,100000.0,100000.0,0,1.2999999999999996,-0.5,0.1559527083910641,FORCE_SELL,0.05,0.15
2018-12-31,100000.0,100000.0,0,1.2999999999999996,-0.5,0.13487327304695912,FREE,0.05,0.15
2019-01-02,100000.0,100000.0,0,2.4499999999999993,2.499999999999999,0.11228683926665084,FREE,0.05,0.15
2019-01-03,100000.0,100000.0,0,2.2999999999999994,-0.5,0.1581233374979034,FORCE_SELL,0.05,0.15
2019-01-04,100000.0,100000.0,0,-0.5,-0.5,0.10816670500981669,FREE,0.05,0.15
2019-01-07,100000.0,100000.0,0,-0.5,-0.5,0.11063855945411771,FREE,0.05,0.15
2019-01-08,100000.0,100000.0,0,-0.5,-0.5,0.11788764578847748,FREE,0.05,0.15
2019-01-09,100000.0,100000.0,0,-0.5,-0.5,0.12305282968488658,FREE,0.05,0.15
2019-01-10,100000.0,100000.0,0,-0.5,-0.5,0.09946414431633015,FREE,0.05,0.15
2019-01-11,100000.0,100000.0,0,2.499999999999999,-0.5,0.1014496770849015,FREE,0.05,0.15
2019-01-14,100000.0,100000.0,0,0.9499999999999997,1.2499999999999996,0.1763160813669583,FORCE_SELL,0.05,0.15
2019-01-15,100000.0,100000.0,0,-0.5,1.5999999999999996,0.15401704288808132,FORCE_SELL,0.05,0.15
2019-01-16,100000.0,100000.0,0,-0.5,1.4499999999999995,0.2134655464880418,FORCE_SELL,0.05,0.15
2019-01-17,100000.0,100000.0,0,-0.5,0.8999999999999997,0.16221426726680271,FORCE_SELL,0.05,0.15
2019-01-18,100000.0,100000.0,0,-0.5,1.6499999999999995,0.167917156696425,FORCE_SELL,0.05,0.15
2019-01-22,100000.0,100000.0,0,-0.5,1.6499999999999995,0.22475390709509535,FORCE_SELL,0.05,0.15
2019-01-23,100000.0,100000.0,0,2.2999999999999994,1.1499999999999997,0.19441529559316198,FORCE_SELL,0.05,0.15
2019-01-24,100000.0,100000.0,0,2.349999999999999,1.3999999999999995,0.17175408892990288,FORCE_SELL,0.05,0.15
2019-01-25,100000.0,100000.0,0,2.349999999999999,1.3999999999999995,0.17787136554902652,FORCE_SELL,0.05,0.15
2019-01-28,100000.0,100000.0,0,2.499999999999999,1.0999999999999996,0.15454646545873726,FORCE_SELL,0.05,0.15
2019-01-29,100000.0,100000.0,0,2.499999999999999,1.2999999999999996,0.2054575487296141,FORCE_SELL,0.05,0.15
2019-01-30,100000.0,100000.0,0,0.6499999999999997,2.1499999999999995,0.15408703922866737,FORCE_SELL,0.05,0.15
2019-01-31,100000.0,100000.0,0,0.9999999999999996,-0.5,0.15900637436655904,FORCE_SELL,0.05,0.15
2019-02-01,100000.0,100000.0,0,1.0999999999999996,-0.5,0.19255244950873077,FORCE_SELL,0.05,0.15
2019-02-04,100000.0,100000.0,0,2.0499999999999994,0.9999999999999996,0.13615581420114622,FREE,0.05,0.15
2019-02-05,100000.0,100000.0,0,2.1999999999999993,1.4499999999999995,0.14674525953252862,FREE,0.05,0.15
2019-02-06,100000.0,100000.0,0,1.1999999999999997,1.5499999999999994,0.16216077880802096,FORCE_SELL,0.05,0.15
2019-02-07,100000.0,100000.0,0,2.4499999999999993,0.6499999999999997,0.1771713759530137,FORCE_SELL,0.05,0.15
2019-02-08,100000.0,100000.0,0,2.3999999999999995,1.2999999999999996,0.14070962704505607,FREE,0.05,0.15
2019-02-11,100000.0,100000.0,0,1.5499999999999994,1.3999999999999995,0.1842817323873043,FORCE_SELL,0.05,0.15
2019-02-12,100000.0,100000.0,0,1.6499999999999995,2.4499999999999993,0.1651836748685078,FORCE_SELL,0.05,0.15
2019-02-13,100000.0,100000.0,0,1.6499999999999995,2.4499999999999993,0.17666035678420977,FORCE_SELL,0.05,0.15
2019-02-14,100000.0,100000.0,0,0.24999999999999978,2.3999999999999995,0.15552546745152632,FORCE_SELL,0.05,0.15
2019-02-15,100000.0,100000.0,0,0.24999999999999978,2.4499999999999993,0.14635991072069623,FREE,0.05,0.15
2019-02-19,100000.0,100000.0,0,0.8499999999999996,0.5499999999999998,0.15934884095434185,FORCE_SELL,0.05,0.15
2019-02-20,100000.0,100000.0,0,0.9499999999999997,1.0499999999999996,0.1685056029923178,FORCE_SELL,0.05,0.15
2019-02-21,100000.0,100000.0,0,0.8499999999999996,0.9999999999999996,0.18332862565715688,FORCE_SELL,0.05,0.15
2019-02-22,100000.0,100000.0,0,0.7499999999999998,1.1999999999999997,0.16032113950089746,FORCE_SELL,0.05,0.15
2019-02-25,100000.0,100000.0,0,1.8499999999999996,1.3499999999999996,0.22005183088756006,FORCE_SELL,0.05,0.15
2019-02-26,100000.0,100000.0,0,0.9499999999999997,1.4999999999999996,0.1969908190801988,FORCE_SELL,0.05,0.15
2019-02-27,100000.0,100000.0,0,1.0499999999999996,1.3499999999999996,0.16700237374706783,FORCE_SELL,0.05,0.15
2019-02-28,100000.0,100000.0,0,1.4499999999999995,1.3999999999999995,0.18904822165185484,FORCE_SELL,0.05,0.15
2019-03-01,100000.0,100000.0,0,1.0499999999999996,-0.5,0.17455837248942732,FORCE_SELL,0.05,0.15
2019-03-04,100000.0,100000.0,0,1.0499999999999996,-0.5,0.19318733966324886,FORCE_SELL,0.05,0.15
2019-03-05,100000.0,100000.0,0,1.4499999999999995,1.1499999999999997,0.18261146654360907,FORCE_SELL,0.05,0.15
2019-03-06,100000.0,100000.0,0,0.8499999999999996,1.1999999999999997,0.21205671750967225,FORCE_SELL,0.05,0.15
2019-03-07,100000.0,100000.0,0,1.7999999999999994,-0.5,0.20544626472887673,FORCE_SELL,0.05,0.15
2019-03-08,100000.0,100000.0,0,1.7499999999999996,0.7999999999999998,0.15015298358807583,FORCE_SELL,0.05,0.15
2019-03-11,100000.0,100000.0,0,1.7499999999999996,0.7999999999999998,0.1635236450483397,FORCE_SELL,0.05,0.15
2019-03-12,100000.0,100000.0,0,1.7499999999999996,0.7999999999999998,0.16894919737851197,FORCE_SELL,0.05,0.15
2019-03-13,100000.0,100000.0,0,1.7499999999999996,0.7999999999999998,0.18005499503902644,FORCE_SELL,0.05,0.15
2019-03-14,100000.0,100000.0,0,0.4999999999999998,-0.5,0.21381066700757922,FORCE_SELL,0.05,0.15
2019-03-15,100000.0,100000.0,0,0.2999999999999998,-0.5,0.17109653937591526,FORCE_SELL,0.05,0.15
2019-03-18,100000.0,100000.0,0,0.2999999999999998,-0.5,0.16557802547074685,FORCE_SELL,0.05,0.15
2019-03-19,100000.0,100000.0,0,0.2999999999999998,-0.5,0.19678246905685873,FORCE_SELL,0.05,0.15
2019-03-20,100000.0,100000.0,0,-0.5,1.0499999999999996,0.18739543323785549,FORCE_SELL,0.05,0.15
2019-03-21,100000.0,100000.0,0,-0.5,1.5499999999999994,0.16871236067816098,FORCE_SELL,0.05,0.15
2019-03-22,100000.0,100000.0,0,2.2999999999999994,-0.5,0.27238391142082813,FORCE_SELL,0.05,0.15
2019-03-25,100000.0,100000.0,0,1.6499999999999995,0.4999999999999998,0.17497230233224226,FORCE_SELL,0.05,0.15
2019-03-26,100000.0,100000.0,0,2.0499999999999994,0.8999999999999997,0.2031785317233988,FORCE_SELL,0.05,0.15
2019-03-27,100000.0,100000.0,0,2.0499999999999994,0.8999999999999997,0.1957549927369915,FORCE_SELL,0.05,0.15
2019-03-28,100000.0,100000.0,0,-0.5,0.7999999999999998,0.19184514667227145,FORCE_SELL,0.05,0.15
2019-03-29,100000.0,100000.0,0,1.9499999999999993,0.7999999999999998,0.18589011221472018,FORCE_SELL,0.05,0.15
2019-04-01,100000.0,100000.0,0,-0.5,2.499999999999999,0.18610657488239704,FORCE_SELL,0.05,0.15
2019-04-02,100000.0,100000.0,0,-0.5,2.3999999999999995,0.18419852854674448,FORCE_SELL,0.05,0.15
2019-04-03,100000.0,100000.0,0,0.8499999999999996,-0.5,0.16888561385210313,FORCE_SELL,0.05,0.15
2019-04-04,100000.0,100000.0,0,0.8499999999999996,-0.5,0.1650352670172841,FORCE_SELL,0.05,0.15
2019-04-05,100000.0,100000.0,0,1.0999999999999996,-0.5,0.15855388163638282,FORCE_SELL,0.05,0.15
2019-04-08,100000.0,100000.0,0,1.0999999999999996,-0.5,0.14798812696449268,FREE,0.05,0.15
2019-04-09,100000.0,100000.0,0,0.6999999999999997,0.5999999999999996,0.17275478622643284,FORCE_SELL,0.05,0.15
2019-04-10,100000.0,100000.0,0,0.5999999999999996,0.7999999999999998,0.14798133863613788,FREE,0.05,0.15
2019-04-11,100000.0,100000.0,0,0.5499999999999998,0.44999999999999973,0.16273721793926801,FORCE_SELL,0.05,0.15
2019-04-12,100000.0,100000.0,0,-0.5,0.5499999999999998,0.14886062994780672,FREE,0.05,0.15
2019-04-15,100000.0,100000.0,0,1.1999999999999997,0.9999999999999996,0.1496912391753772,FREE,0.05,0.15
2019-04-16,100000.0,100000.0,0,1.1499999999999997,0.9999999999999996,0.1573948583362676,FORCE_SELL,0.05,0.15
2019-04-17,100000.0,100000.0,0,-0.5,0.44999999999999973,0.17073585159267546,FORCE_SELL,0.05,0.15
2019-04-18,100000.0,100000.0,0,0.5999999999999996,0.5999999999999996,0.16099848892876437,FORCE_SELL,0.05,0.15
2019-04-22,100000.0,100000.0,0,-0.5,0.6999999999999997,0.14683431212859452,FREE,0.05,0.15
2019-04-23,100000.0,100000.0,0,-0.5,1.1999999999999997,0.15191712644437702,FORCE_SELL,0.05,0.15
2019-04-24,100000.0,100000.0,0,-0.5,-0.5,0.1732119071257411,FORCE_SELL,0.05,0.15
2019-04-25,100000.0,100000.0,0,0.9999999999999996,0.5499999999999998,0.16199041016918383,FORCE_SELL,0.05,0.15
2019-04-26,100000.0,100000.0,0,1.1999999999999997,0.4999999999999998,0.1572107677582227,FORCE_SELL,0.05,0.15
2019-04-29,100000.0,100000.0,0,1.6999999999999993,-0.5,0.15362320160420126,FORCE_SELL,0.05,0.15
2019-04-30,100000.0,100000.0,0,1.6999999999999993,0.4999999999999998,0.15795099791479503,FORCE_SELL,0.05,0.15
2019-05-01,100000.0,100000.0,0,-0.5,0.8499999999999996,0.1860218930747525,FORCE_SELL,0.05,0.15
2019-05-02,100000.0,100000.0,0,-0.5,0.8499999999999996,0.17883811989428713,FORCE_SELL,0.05,0.15
2019-05-03,100000.0,100000.0,0,1.8999999999999995,1.8999999999999995,0.149247875441032,FREE,0.05,0.15
2019-05-06,100000.0,100000.0,0,1.8999999999999995,1.8999999999999995,0.16849438373665626,FORCE_SELL,0.05,0.15
2019-05-07,100000.0,100000.0,0,-0.5,-0.5,0.18995556256899873,FORCE_SELL,0.05,0.15
2019-05-08,100000.0,100000.0,0,1.1999999999999997,-0.5,0.17105264395587713,FORCE_SELL,0.05,0.15
2019-05-09,100000.0,100000.0,0,1.6499999999999995,1.0499999999999996,0.20029875447497517,FORCE_SELL,0.05,0.15
2019-05-10,100000.0,100000.0,0,2.1999999999999993,1.4499999999999995,0.2014792360554901,FORCE_SELL,0.05,0.15
2019-05-13,100000.0,100000.0,0,2.499999999999999,-0.5,0.21102602511398472,FORCE_SELL,0.05,0.15
2019-05-14,100000.0,100000.0,0,2.499999999999999,-0.5,0.21539757485067415,FORCE_SELL,0.05,0.15
2019-05-15,100000.0,100000.0,0,2.1499999999999995,-0.5,0.19863239045228417,FORCE_SELL,0.05,0.15
2019-05-16,100000.0,100000.0,0,1.3499999999999996,-0.5,0.20953416565866592,FORCE_SELL,0.05,0.15
2019-05-17,100000.0,100000.0,0,1.0999999999999996,-0.5,0.2406842409457672,FORCE_SELL,0.05,0.15
2019-05-20,100000.0,100000.0,0,1.0999999999999996,-0.5,0.214604199316245,FORCE_SELL,0.05,0.15
2019-05-21,100000.0,100000.0,0,2.1999999999999993,2.2999999999999994,0.2015838647789939,FORCE_SELL,0.05,0.15
2019-05-22,100000.0,100000.0,0,2.1499999999999995,1.2999999999999996,0.22731538929583714,FORCE_SELL,0.05,0.15
2019-05-23,100000.0,100000.0,0,2.4499999999999993,0.4999999999999998,0.18688692418215255,FORCE_SELL,0.05,0.15
2019-05-24,100000.0,100000.0,0,-0.5,0.6499999999999997,0.23458933829534367,FORCE_SELL,0.05,0.15
2019-05-28,100000.0,100000.0,0,2.2999999999999994,1.6499999999999995,0.27994670845103586,FORCE_SELL,0.05,0.15
2019-05-29,100000.0,100000.0,0,-0.5,1.5999999999999996,0.18907037011598102,FORCE_SELL,0.05,0.15
2019-05-30,100000.0,100000.0,0,2.349999999999999,1.6499999999999995,0.21212252472646065,FORCE_SELL,0.05,0.15
2019-05-31,100000.0,100000.0,0,2.499999999999999,1.9999999999999996,0.19639410686649647,FORCE_SELL,0.05,0.15
2019-06-03,100000.0,100000.0,0,1.9499999999999993,-0.5,0.20207711169233758,FORCE_SELL,0.05,0.15
2019-06-04,100000.0,100000.0,0,1.9499999999999993,2.2499999999999996,0.18618235316213028,FORCE_SELL,0.05,0.15
2019-06-05,100000.0,100000.0,0,0.6999999999999997,2.349999999999999,0.1949092598135287,FORCE_SELL,0.05,0.15
2019-06-06,100000.0,100000.0,0,0.7999999999999998,2.4499999999999993,0.20097485690772196,FORCE_SELL,0.05,0.15
2019-06-07,100000.0,100000.0,0,0.7499999999999998,-0.5,0.12493861172955324,FREE,0.05,0.15
2019-06-10,100000.0,100000.0,0,0.7499999999999998,-0.5,0.12359724048460284,FREE,0.05,0.15
2019-06-11,100000.0,100000.0,0,1.8499999999999996,1.8499999999999996,0.14757962625031862,FREE,0.05,0.15
2019-06-12,100000.0,100000.0,0,-0.5,1.9499999999999993,0.14490498951569694,FREE,0.05,0.15
2019-06-13,100000.0,100000.0,0,1.3499999999999996,1.7999999999999994,0.1320272253495325,FREE,0.05,0.15
2019-06-14,100000.0,100000.0,0,1.3999999999999995,1.7499999999999996,0.1291864195280465,FREE,0.05,0.15
2019-06-17,100000.0,100000.0,0,0.4999999999999998,1.2499999999999996,0.1301004894597005,FREE,0.05,0.15
2019-06-18,100000.0,100000.0,0,0.6999999999999997,1.7499999999999996,0.14400869556756987,FREE,0.05,0.15
2019-06-19,100000.0,100000.0,0,0.6999999999999997,1.7499999999999996,0.13083782315075562,FREE,0.05,0.15
2019-06-20,100000.0,100000.0,0,0.6999999999999997,1.7499999999999996,0.1421569066989239,FREE,0.05,0.15
2019-06-21,100000.0,100000.0,0,0.6999999999999997,1.7499999999999996,0.14459831831129857,FREE,0.05,0.15
2019-06-24,100000.0,100000.0,0,0.6999999999999997,1.7499999999999996,0.1355848213784914,FREE,0.05,0.15
2019-06-25,100000.0,100000.0,0,-0.5,0.5999999999999996,0.1675122441929936,FORCE_SELL,0.05,0.15
2019-06-26,100000.0,100000.0,0,2.4499999999999993,0.6999999999999997,0.1501073444810613,FORCE_SELL,0.05,0.15
2019-06-27,100000.0,100000.0,0,2.499999999999999,0.5999999999999996,0.12333251166879343,FREE,0.05,0.15
2019-06-28,100000.0,100000.0,0,2.2999999999999994,0.7499999999999998,0.11810978458695383,FREE,0.05,0.15
2019-07-01,100000.0,100000.0,0,2.2999999999999994,0.7499999999999998,0.1340852669376628,FREE,0.05,0.15
2019-07-02,100000.0,100000.0,0,2.2999999999999994,0.7499999999999998,0.10237795245274346,FREE,0.05,0.15
2019-07-03,100000.0,100000.0,0,2.2999999999999994,0.7499999999999998,0.08999605583566439,FREE,0.05,0.15
2019-07-05,100000.0,100000.0,0,0.9499999999999997,2.349999999999999,0.1122297590940629,FREE,0.05,0.15
2019-07-08,100000.0,100000.0,0,1.1999999999999997,-0.5,0.1004032969505021,FREE,0.05,0.15
2019-07-09,100000.0,100000.0,0,1.1499999999999997,-0.5,0.10573677281202336,FREE,0.05,0.15
2019-07-10,100000.0,100000.0,0,-0.5,0.9499999999999997,0.113982627655359,FREE,0.05,0.15
2019-07-11,100000.0,100000.0,0,1.0999999999999996,0.9999999999999996,0.1296973289682195,FREE,0.05,0.15
2019-07-12,100000.0,100000.0,0,0.9499999999999997,0.8999999999999997,0.10485828891805897,FREE,0.05,0.15
2019-07-15,100000.0,100000.0,0,0.9499999999999997,0.8999999999999997,0.09054183663145256,FREE,0.05,0.15
2019-07-16,100000.0,100000.0,0,1.1999999999999997,0.6499999999999997,0.13312318544107737,FREE,0.05,0.15
2019-07-17,100000.0,100000.0,0,1.5499999999999994,0.44999999999999973,0.16376029495951142,FORCE_SELL,0.05,0.15
2019-07-18,100000.0,100000.0,0,1.6499999999999995,-0.5,0.09985964528157308,FREE,0.05,0.15
2019-07-19,100000.0,100000.0,0,1.6999999999999993,-0.5,0.16825827965599638,FORCE_SELL,0.05,0.15
2019-07-22,100000.0,100000.0,0,1.6999999999999993,-0.5,0.09872167079882195,FREE,0.05,0.15
2019-07-23,100000.0,100000.0,0,0.9499999999999997,1.8499999999999996,0.09978114990613789,FREE,0.05,0.15
2019-07-24,100000.0,100000.0,0,0.8499999999999996,1.7999999999999994,0.09310623614718773,FREE,0.05,0.15
2019-07-25,100000.0,100000.0,0,0.9499999999999997,2.1499999999999995,0.1519368037648837,FORCE_SELL,0.05,0.15
2019-07-26,100000.0,100000.0,0,1.1499999999999997,2.0999999999999996,0.10050267006902858,FREE,0.05,0.15
2019-07-29,100000.0,100000.0,0,1.1499999999999997,1.0499999999999996,0.14123120045472284,FREE,0.05,0.15
2019-07-30,100000.0,100000.0,0,1.8499999999999996,1.2499999999999996,0.15410890985726092,FORCE_SELL,0.05,0.15
2019-07-31,100000.0,100000.0,0,1.8499999999999996,1.2999999999999996,0.2456301572606879,FORCE_SELL,0.05,0.15
2019-08-01,100000.0,100000.0,0,2.499999999999999,1.1999999999999997,0.26661055277150647,FORCE_SELL,0.05,0.15
2019-08-02,100000.0,100000.0,0,2.499999999999999,0.4999999999999998,0.2690852734302265,FORCE_SELL,0.05,0.15
2019-08-05,100000.0,100000.0,0,2.3999999999999995,-0.5,0.3226824956705742,FORCE_SELL,0.05,0.15
2019-08-06,100000.0,100000.0,0,2.499999999999999,-0.5,0.2696972174891834,FORCE_SELL,0.05,0.15
2019-08-07,100000.0,100000.0,0,2.1999999999999993,-0.5,0.24639348766023714,FORCE_SELL,0.05,0.15
2019-08-08,100000.0,100000.0,0,2.0499999999999994,-0.5,0.2442950814741415,FORCE_SELL,0.05,0.15
2019-08-09,100000.0,100000.0,0,2.2999999999999994,-0.5,0.2765423315102437,FORCE_SELL,0.05,0.15
2019-08-12,100000.0,100000.0,0,2.2999999999999994,1.6499999999999995,0.33352153154675307,FORCE_SELL,0.05,0.15
2019-08-13,100000.0,100000.0,0,2.4499999999999993,1.4499999999999995,0.12202286311162569,FREE,0.05,0.15
2019-08-14,100000.0,100000.0,0,2.3999999999999995,0.9999999999999996,0.2351489326932978,FORCE_SELL,0.05,0.15
2019-08-15,100000.0,100000.0,0,2.499999999999999,-0.5,0.15985128021569864,FORCE_SELL,0.05,0.15
2019-08-16,100000.0,100000.0,0,2.4499999999999993,2.0999999999999996,0.14488221459319275,FREE,0.05,0.15
2019-08-19,100000.0,100000.0,0,2.4499999999999993,2.0999999999999996,0.15497799537551407,FORCE_SELL,0.05,0.15
2019-08-20,100000.0,100000.0,0,1.6499999999999995,-0.5,0.22636497813918788,FORCE_SELL,0.05,0.15
2019-08-21,100000.0,100000.0,0,1.5499999999999994,-0.5,0.14448252784461588,FREE,0.05,0.15
2019-08-22,100000.0,100000.0,0,1.1499999999999997,-0.5,0.15854174147488656,FORCE_SELL,0.05,0.15
2019-08-23,100000.0,100000.0,0,0.8499999999999996,-0.5,0.27587998773314326,FORCE_SELL,0.05,0.15
2019-08-26,100000.0,100000.0,0,2.4499999999999993,-0.5,0.12352832270155296,FREE,0.05,0.15
2019-08-27,100000.0,100000.0,0,2.1999999999999993,-0.5,0.19242969344834646,FORCE_SELL,0.05,0.15
2019-08-28,100000.0,100000.0,0,2.1499999999999995,-0.5,0.14110861468865407,FREE,0.05,0.15
2019-08-29,100000.0,100000.0,0,1.0999999999999996,-0.5,0.16023869178894398,FORCE_SELL,0.05,0.15
2019-08-30,100000.0,100000.0,0,1.0999999999999996,-0.5,0.19911343747881016,FORCE_SELL,0.05,0.15
2019-09-03,100000.0,100000.0,0,2.2999999999999994,2.2499999999999996,0.1551176961434382,FORCE_SELL,0.05,0.15
2019-09-04,100000.0,100000.0,0,2.2999999999999994,2.1999999999999993,0.133486016632328,FREE,0.05,0.15
2019-09-05,100000.0,100000.0,0,2.2999999999999994,2.1999999999999993,0.1719717445764757,FORCE_SELL,0.05,0.15
2019-09-06,100000.0,100000.0,0,2.2999999999999994,2.1999999999999993,0.1843192882078932,FORCE_SELL,0.05,0.15
2019-09-09,100000.0,100000.0,0,2.2499999999999996,-0.5,0.20039242090941653,FORCE_SELL,0.05,0.15
2019-09-10,100000.0,100000.0,0,2.4499999999999993,-0.5,0.1444066972258097,FREE,0.05,0.15
2019-09-11,100000.0,100000.0,0,2.1999999999999993,-0.5,0.13331891045030328,FREE,0.05,0.15
2019-09-12,100000.0,100000.0,0,2.1999999999999993,-0.5,0.20602474820921532,FORCE_SELL,0.05,0.15
2019-09-13,100000.0,100000.0,0,2.2999999999999994,2.4499999999999993,0.19866929794088908,FORCE_SELL,0.05,0.15
2019-09-16,100000.0,100000.0,0,1.8999999999999995,0.8499999999999996,0.14639806148265802,FREE,0.05,0.15
2019-09-17,100000.0,100000.0,0,2.3999999999999995,1.4499999999999995,0.12714600411424823,FREE,0.05,0.15
2019-09-18,100000.0,100000.0,0,1.9499999999999993,0.9499999999999997,0.1386764509308113,FREE,0.05,0.15
2019-09-19,100000.0,100000.0,0,2.1999999999999993,1.8999999999999995,0.17256839407991195,FORCE_SELL,0.05,0.15
2019-09-20,100000.0,100000.0,0,2.0499999999999994,1.6499999999999995,0.22731299986760303,FORCE_SELL,0.05,0.15
2019-09-23,100000.0,100000.0,0,1.9499999999999993,1.3499999999999996,0.13866127217471133,FREE,0.05,0.15
2019-09-24,100000.0,100000.0,0,2.1999999999999993,-0.5,0.250435409528891,FORCE_SELL,0.05,0.15
2019-09-25,100000.0,100000.0,0,2.1499999999999995,1.4999999999999996,0.12691314460024075,FREE,0.05,0.15
2019-09-26,100000.0,100000.0,0,1.1999999999999997,0.7499999999999998,0.1209375317157723,FREE,0.05,0.15
2019-09-27,100000.0,100000.0,0,1.5999999999999996,0.7499999999999998,0.17884487184325523,FORCE_SELL,0.05,0.15
2019-09-30,100000.0,100000.0,0,1.2499999999999996,1.7999999999999994,0.09578852117575239,FREE,0.05,0.15
2019-10-01,100000.0,100000.0,0,1.2999999999999996,2.349999999999999,0.1910917231883064,FORCE_SELL,0.05,0.15
2019-10-02,100000.0,100000.0,0,1.4999999999999996,1.9999999999999996,0.16798607444962488,FORCE_SELL,0.05,0.15
2019-10-03,100000.0,100000.0,0,2.349999999999999,-0.5,0.21593970462202927,FORCE_SELL,0.05,0.15
2019-10-04,100000.0,100000.0,0,-0.5,1.9499999999999993,0.22309812006411875,FORCE_SELL,0.05,0.15
2019-10-07,100000.0,100000.0,0,-0.5,1.9499999999999993,0.3571611027985167,FORCE_SELL,0.05,0.15
2019-10-08,100000.0,100000.0,0,2.4499999999999993,-0.5,0.44548343195346013,FORCE_SELL,0.05,0.15
2019-10-09,100000.0,100000.0,0,2.499999999999999,-0.5,0.29946316862956807,FORCE_SELL,0.05,0.15
2019-10-10,100000.0,100000.0,0,2.499999999999999,-0.5,0.24728064298750518,FORCE_SELL,0.05,0.15
2019-10-11,100000.0,100000.0,0,0.8999999999999997,-0.5,0.17269852676115305,FORCE_SELL,0.05,0.15
2019-10-14,100000.0,100000.0,0,1.6999999999999993,2.499999999999999,0.1477900729738676,FREE,0.05,0.15
2019-10-15,100000.0,100000.0,0,-0.5,2.4499999999999993,0.12898500336555122,FREE,0.05,0.15
2019-10-16,100000.0,100000.0,0,0.9499999999999997,-0.5,0.14381442851327653,FREE,0.05,0.15
2019-10-17,100000.0,100000.0,0,-0.5,-0.5,0.16547290349373364,FORCE_SELL,0.05,0.15
2019-10-18,100000.0,100000.0,0,2.3999999999999995,-0.5,0.18347947491515768,FORCE_SELL,0.05,0.15
2019-10-21,100000.0,100000.0,0,2.3999999999999995,-0.5,0.11784122434009892,FREE,0.05,0.15
2019-10-22,100000.0,100000.0,0,2.3999999999999995,-0.5,0.23964123879156926,FORCE_SELL,0.05,0.15
2019-10-23,100000.0,100000.0,0,1.1999999999999997,1.0999999999999996,0.1106102375757887,FREE,0.05,0.15
2019-10-24,100000.0,100000.0,0,-0.5,2.1499999999999995,0.1287185540880836,FREE,0.05,0.15
2019-10-25,100000.0,100000.0,0,-0.5,2.1499999999999995,0.12368395255205673,FREE,0.05,0.15
2019-10-28,100000.0,100000.0,0,-0.5,2.1499999999999995,0.1480791859147542,FREE,0.05,0.15
2019-10-29,100000.0,100000.0,0,-0.5,1.9999999999999996,0.22111838241531326,FORCE_SELL,0.05,0.15
2019-10-30,100000.0,100000.0,0,-0.5,2.349999999999999,0.13920925667688577,FREE,0.05,0.15
2019-10-31,100000.0,100000.0,0,1.7999999999999994,2.4499999999999993,0.19085111205331598,FORCE_SELL,0.05,0.15
2019-11-01,100000.0,100000.0,0,1.7999999999999994,2.3999999999999995,0.11477583807133966,FREE,0.05,0.15
2019-11-04,100000.0,100000.0,0,-0.5,1.5499999999999994,0.1612696765572407,FORCE_SELL,0.05,0.15
2019-11-05,100000.0,100000.0,0,-0.5,1.5499999999999994,0.1811632099446172,FORCE_SELL,0.05,0.15
2019-11-06,100000.0,100000.0,0,-0.5,1.5499999999999994,0.13154211800771468,FREE,0.05,0.15
2019-11-07,100000.0,100000.0,0,-0.5,1.5499999999999994,0.22382202818753716,FORCE_SELL,0.05,0.15
2019-11-08,100000.0,100000.0,0,1.9499999999999993,0.9999999999999996,0.11516020487672944,FREE,0.05,0.15
2019-11-11,100000.0,100000.0,0,0.8999999999999997,0.8999999999999997,0.09894423731076207,FREE,0.05,0.15
2019-11-12,100000.0,100000.0,0,0.9999999999999996,0.9499999999999997,0.15977552891802924,FORCE_SELL,0.05,0.15
2019-11-13,100000.0,100000.0,0,0.9499999999999997,0.8499999999999996,0.11991014089933531,FREE,0.05,0.15
2019-11-14,100000.0,100000.0,0,0.9999999999999996,0.9499999999999997,0.11560988583758514,FREE,0.05,0.15
2019-11-15,100000.0,100000.0,0,-0.5,1.0999999999999996,0.09737053452386624,FREE,0.05,0.15
2019-11-18,100000.0,100000.0,0,-0.5,-0.5,0.11598498083937002,FREE,0.05,0.15
2019-11-19,100000.0,100000.0,0,1.1499999999999997,1.3999999999999995,0.16424306844917325,FORCE_SELL,0.05,0.15
2019-11-20,100000.0,100000.0,0,1.2999999999999996,-0.5,0.1640907485306203,FORCE_SELL,0.05,0.15
2019-11-21,100000.0,100000.0,0,1.0999999999999996,-0.5,0.13120563395235876,FREE,0.05,0.15
2019-11-22,100000.0,100000.0,0,0.9499999999999997,0.7499999999999998,0.12000841633655636,FREE,0.05,0.15
2019-11-25,100000.0,100000.0,0,0.9499999999999997,0.7499999999999998,0.0992090021127307,FREE,0.05,0.15
2019-11-26,100000.0,100000.0,0,0.9499999999999997,0.7499999999999998,0.1091685403235955,FREE,0.05,0.15
2019-11-27,100000.0,100000.0,0,0.9499999999999997,0.7499999999999998,0.11990950673646163,FREE,0.05,0.15
2019-11-29,100000.0,100000.0,0,0.9999999999999996,-0.5,0.1828816917814804,FORCE_SELL,0.05,0.15
2019-12-02,100000.0,100000.0,0,0.9999999999999996,-0.5,0.27497702649674244,FORCE_SELL,0.05,0.15
2019-12-03,100000.0,100000.0,0,2.2999999999999994,1.3499999999999996,0.14740227920167562,FREE,0.05,0.15
2019-12-04,100000.0,100000.0,0,2.349999999999999,1.2999999999999996,0.13702003012534078,FREE,0.05,0.15
2019-12-05,100000.0,100000.0,0,1.6999999999999993,1.1499999999999997,0.12390666762090219,FREE,0.05,0.15
2019-12-06,100000.0,100000.0,0,1.8499999999999996,1.4999999999999996,0.11451239141594616,FREE,0.05,0.15
2019-12-09,100000.0,100000.0,0,1.0499999999999996,1.0499999999999996,0.26155240804134144,FORCE_SELL,0.05,0.15
2019-12-10,100000.0,100000.0,0,0.8999999999999997,1.3499999999999996,0.16561968223856025,FORCE_SELL,0.05,0.15
2019-12-11,100000.0,100000.0,0,0.9499999999999997,1.3499999999999996,0.09995606742229075,FREE,0.05,0.15
2019-12-12,100000.0,100000.0,0,-0.5,-0.5,0.14202706716719815,FREE,0.05,0.15
2019-12-13,100000.0,100000.0,0,-0.5,-0.5,0.1381952126539677,FREE,0.05,0.15
2019-12-16,100000.0,100000.0,0,1.4999999999999996,-0.5,0.13082299640492348,FREE,0.05,0.15
2019-12-17,100000.0,100000.0,0,-0.5,-0.5,0.15440434205193368,FORCE_SELL,0.05,0.15
2019-12-18,100000.0,100000.0,0,-0.5,-0.5,0.19897705165498325,FORCE_SELL,0.05,0.15
2019-12-19,100000.0,100000.0,0,0.9499999999999997,1.3999999999999995,0.10638130608703512,FREE,0.05,0.15
2019-12-20,100000.0,100000.0,0,0.9499999999999997,1.3499999999999996,0.19920146862987467,FORCE_SELL,0.05,0.15
2019-12-23,100000.0,100000.0,0,0.9499999999999997,1.3499999999999996,0.1606790527379049,FORCE_SELL,0.05,0.15
2019-12-24,100000.0,100000.0,0,0.9499999999999997,1.3499999999999996,0.1269929973384046,FREE,0.05,0.15
2019-12-26,100000.0,100000.0,0,0.9499999999999997,1.3499999999999996,0.14743668160322623,FREE,0.05,0.15
2019-12-27,100000.0,100000.0,0,0.9499999999999997,1.3499999999999996,0.23496988208762062,FORCE_SELL,0.05,0.15
2019-12-30,100000.0,100000.0,0,1.5999999999999996,0.4999999999999998,0.257665306912564,FORCE_SELL,0.05,0.15
2019-12-31,100000.0,100000.0,0,1.6499999999999995,0.3999999999999998,0.120660692195254,FREE,0.05,0.15
2020-01-02,100000.0,100000.0,0,1.6499999999999995,0.3999999999999998,0.12941149806425653,FREE,0.05,0.15
2020-01-03,100000.0,100000.0,0,1.6499999999999995,0.3999999999999998,0.1749659677106681,FORCE_SELL,0.05,0.15
2020-01-06,100000.0,100000.0,0,1.6499999999999995,0.3999999999999998,0.13667052381087916,FREE,0.05,0.15
2020-01-07,100000.0,100000.0,0,1.9999999999999996,1.9499999999999993,0.1742648318180816,FORCE_SELL,0.05,0.15
2020-01-08,100000.0,100000.0,0,2.4499999999999993,1.8999999999999995,0.16274037844429193,FORCE_SELL,0.05,0.15
2020-01-09,100000.0,100000.0,0,-0.5,1.7499999999999996,0.14304180650297213,FREE,0.05,0.15
2020-01-10,100000.0,100000.0,0,1.9499999999999993,1.5999999999999996,0.23747349530274675,FORCE_SELL,0.05,0.15
2020-01-13,100000.0,100000.0,0,1.5999999999999996,0.8499999999999996,0.11669365087068946,FREE,0.05,0.15
2020-01-14,100000.0,100000.0,0,1.9999999999999996,-0.5,0.18971631639823064,FORCE_SELL,0.05,0.15
2020-01-15,100000.0,100000.0,0,1.9999999999999996,0.24999999999999978,0.196802837707115,FORCE_SELL,0.05,0.15
2020-01-16,100000.0,100000.0,0,1.7499999999999996,0.3999999999999998,0.1547802302303381,FORCE_SELL,0.05,0.15
2020-01-17,100000.0,100000.0,0,1.7499999999999996,0.3999999999999998,0.1422209230317991,FREE,0.05,0.15
2020-01-21,100000.0,100000.0,0,1.7499999999999996,0.3999999999999998,0.15441910117669796,FORCE_SELL,0.05,0.15
2020-01-22,100000.0,100000.0,0,1.7499999999999996,0.3999999999999998,0.26023076418243923,FORCE_SELL,0.05,0.15
2020-01-23,100000.0,100000.0,0,1.9999999999999996,0.7999999999999998,0.1241701401751008,FREE,0.05,0.15
2020-01-24,100000.0,100000.0,0,1.9999999999999996,1.1499999999999997,0.3210608019810878,FORCE_SELL,0.05,0.15
2020-01-27,100000.0,100000.0,0,1.8499999999999996,0.6499999999999997,0.1802243764727054,FORCE_SELL,0.05,0.15
2020-01-28,100000.0,100000.0,0,1.6999999999999993,0.5999999999999996,0.17313356448717612,FORCE_SELL,0.05,0.15
2020-01-29,100000.0,100000.0,0,1.6999999999999993,0.5999999999999996,0.25236228820113626,FORCE_SELL,0.05,0.15
2020-01-30,100000.0,100000.0,0,2.2499999999999996,1.9999999999999996,0.12336449080862272,FREE,0.05,0.15
2020-01-31,100000.0,100000.0,0,2.2999999999999994,1.7499999999999996,0.3330135782403468,FORCE_SELL,0.05,0.15
2020-02-03,100000.0,100000.0,0,0.7999999999999998,1.7499999999999996,0.16121683700382486,FORCE_SELL,0.05,0.15
2020-02-04,100000.0,100000.0,0,0.7999999999999998,1.7499999999999996,0.2031748336038556,FORCE_SELL,0.05,0.15
2020-02-05,100000.0,100000.0,0,0.8999999999999997,-0.5,0.21161254331239202,FORCE_SELL,0.05,0.15
2020-02-06,100000.0,100000.0,0,0.9999999999999996,-0.5,0.14409964504032569,FREE,0.05,0.15
2020-02-07,100000.0,100000.0,0,0.9499999999999997,-0.5,0.21611239436463658,FORCE_SELL,0.05,0.15
2020-02-10,100000.0,100000.0,0,0.9499999999999997,-0.5,0.13546998668126403,FREE,0.05,0.15
2020-02-11,100000.0,100000.0,0,-0.5,0.8499999999999996,0.2949789735766823,FORCE_SELL,0.05,0.15
2020-02-12,100000.0,100000.0,0,-0.5,0.8999999999999997,0.1324528358934076,FREE,0.05,0.15
2020-02-13,100000.0,100000.0,0,-0.5,0.8999999999999997,0.16122014676451962,FORCE_SELL,0.05,0.15
2020-02-14,100000.0,100000.0,0,-0.5,0.8999999999999997,0.1565227944813507,FORCE_SELL,0.05,0.15
2020-02-18,100000.0,100000.0,0,-0.5,0.8999999999999997,0.12788945822226774,FREE,0.05,0.15
2020-02-19,100000.0,100000.0,0,-0.5,0.8999999999999997,0.14418738814851628,FREE,0.05,0.15
2020-02-20,100000.0,100000.0,0,1.9999999999999996,-0.5,0.23457272703415435,FORCE_SELL,0.05,0.15
2020-02-21,100000.0,100000.0,0,2.1499999999999995,-0.5,0.2436307811662114,FORCE_SELL,0.05,0.15
2020-02-24,100000.0,100000.0,0,-0.5,-0.5,0.2040363442853453,FORCE_SELL,0.05,0.15
2020-02-25,100000.0,100000.0,0,-0.5,-0.5,0.6896108745317303,FORCE_SELL,0.05,0.15
2020-02-26,100000.0,100000.0,0,-0.5,-0.5,0.5440851139985489,FORCE_SELL,0.05,0.15
2020-02-27,100000.0,100000.0,0,-0.5,2.3999999999999995,0.6593979657034961,FORCE_SELL,0.05,0.15
2020-02-28,100000.0,100000.0,0,-0.5,1.9999999999999996,0.28810368178629875,FORCE_SELL,0.05,0.15
2020-03-02,100000.0,100000.0,0,-0.5,-0.5,0.45309217112826755,FORCE_SELL,0.05,0.15
2020-03-03,100000.0,100000.0,0,1.4999999999999996,-0.5,0.6354370502677281,FORCE_SELL,0.05,0.15
2020-03-04,100000.0,100000.0,0,1.9499999999999993,-0.5,0.3881588280181579,FORCE_SELL,0.05,0.15
2020-03-05,100000.0,100000.0,0,1.9499999999999993,-0.5,0.5128279679586716,FORCE_SELL,0.05,0.15
2020-03-06,100000.0,100000.0,0,1.0999999999999996,-0.5,0.3306753814841826,FORCE_SELL,0.05,0.15
2020-03-09,100000.0,100000.0,0,-0.5,2.3999999999999995,0.5547875036568447,FORCE_SELL,0.05,0.15
2020-03-10,100000.0,100000.0,0,-0.5,2.499999999999999,0.48405043128370434,FORCE_SELL,0.05,0.15
2020-03-11,100000.0,100000.0,0,-0.5,-0.5,0.5453078950811879,FORCE_SELL,0.05,0.15
2020-03-12,100000.0,100000.0,0,-0.5,-0.5,0.6306625697425892,FORCE_SELL,0.05,0.15
2020-03-13,100000.0,100000.0,0,-0.5,-0.5,0.5413408541659219,FORCE_SELL,0.05,0.15
2020-03-16,100000.0,100000.0,0,-0.5,-0.5,0.7046556049779489,FORCE_SELL,0.05,0.15
2020-03-17,100000.0,100000.0,0,-0.5,-0.5,0.5541560577800008,FORCE_SELL,0.05,0.15
2020-03-18,100000.0,100000.0,0,-0.5,-0.5,0.4967729124681351,FORCE_SELL,0.05,0.15
2020-03-19,100000.0,100000.0,0,-0.5,-0.5,0.48959974318755006,FORCE_SELL,0.05,0.15
2020-03-20,100000.0,100000.0,0,-0.5,-0.5,0.6843229442926849,FORCE_SELL,0.05,0.15
2020-03-23,100000.0,100000.0,0,-0.5,-0.5,0.3393639076281942,FORCE_SELL,0.05,0.15
2020-03-24,100000.0,100000.0,0,-0.5,-0.5,0.2520459044695519,FORCE_SELL,0.05,0.15
2020-03-25,100000.0,100000.0,0,-0.5,-0.5,0.31940374685501166,FORCE_SELL,0.05,0.15
2020-03-26,100000.0,100000.0,0,-0.5,-0.5,0.2650568962532223,FORCE_SELL,0.05,0.15
2020-03-27,100000.0,100000.0,0,-0.5,-0.5,0.34188532733163407,FORCE_SELL,0.05,0.15
2020-03-30,100000.0,100000.0,0,-0.5,-0.5,0.2411068467532903,FORCE_SELL,0.05,0.15
2020-03-31,100000.0,100000.0,0,-0.5,-0.5,0.16258196449398743,FORCE_SELL,0.05,0.15
2020-04-01,100000.0,100000.0,0,-0.5,-0.5,0.1742994383327691,FORCE_SELL,0.05,0.15
2020-04-02,100000.0,100000.0,0,-0.5,-0.5,0.14739286607170485,FREE,0.05,0.15
2020-04-03,100000.0,100000.0,0,-0.5,-0.5,0.15846989301440362,FORCE_SELL,0.05,0.15
2020-04-06,100000.0,100000.0,0,2.1999999999999993,-0.5,0.19292440686416523,FORCE_SELL,0.05,0.15
2020-04-07,100000.0,100000.0,0,1.9999999999999996,-0.5,0.266540441268468,FORCE_SELL,0.05,0.15
2020-04-08,100000.0,100000.0,0,-0.5,-0.5,0.1462018742313775,FREE,0.05,0.15
2020-04-09,100000.0,100000.0,0,1.4499999999999995,-0.5,0.16498693131193187,FORCE_SELL,0.05,0.15
2020-04-13,100000.0,100000.0,0,1.4499999999999995,-0.5,0.12021102311726937,FREE,0.05,0.15
2020-04-14,100000.0,100000.0,0,1.4499999999999995,-0.5,0.15905604532670364,FORCE_SELL,0.05,0.15
2020-04-15,100000.0,100000.0,0,-0.5,2.0499999999999994,0.203382063475545,FORCE_SELL,0.05,0.15
2020-04-16,100000.0,100000.0,0,-0.5,2.0499999999999994,0.16051836103660858,FORCE_SELL,0.05,0.15
2020-04-17,100000.0,100000.0,0,-0.5,2.2499999999999996,0.1650976163435143,FORCE_SELL,0.05,0.15
2020-04-20,100000.0,100000.0,0,-0.5,-0.5,0.312562729098303,FORCE_SELL,0.05,0.15
2020-04-21,100000.0,100000.0,0,-0.5,1.5999999999999996,0.22620712313585775,FORCE_SELL,0.05,0.15
2020-04-22,100000.0,100000.0,0,-0.5,2.0999999999999996,0.13856032862155532,FREE,0.05,0.15
2020-04-23,100000.0,100000.0,0,-0.5,2.499999999999999,0.23254838749168025,FORCE_SELL,0.05,0.15
2020-04-24,100000.0,100000.0,0,-0.5,2.499999999999999,0.11057178055466338,FREE,0.05,0.15
2020-04-27,100000.0,100000.0,0,0.8999999999999997,-0.5,0.1398739524396746,FREE,0.05,0.15
2020-04-28,100000.0,100000.0,0,1.9999999999999996,-0.5,0.2346435864335409,FORCE_SELL,0.05,0.15
2020-04-29,100000.0,100000.0,0,1.8499999999999996,-0.5,0.16392806910076915,FORCE_SELL,0.05,0.15
2020-04-30,100000.0,100000.0,0,0.3999999999999998,-0.5,0.1882231665250913,FORCE_SELL,0.05,0.15
2020-05-01,100000.0,100000.0,0,1.0999999999999996,-0.5,0.17968908573563916,FORCE_SELL,0.05,0.15
2020-05-04,100000.0,100000.0,0,-0.5,2.499999999999999,0.1345358540811786,FREE,0.05,0.15
2020-05-05,100000.0,100000.0,0,-0.5,2.0999999999999996,0.201051323291513,FORCE_SELL,0.05,0.15
2020-05-06,100000.0,100000.0,0,-0.5,-0.5,0.20066186058932048,FORCE_SELL,0.05,0.15
2020-05-07,100000.0,100000.0,0,-0.5,-0.5,0.17477829621370758,FORCE_SELL,0.05,0.15
2020-05-08,100000.0,100000.0,0,-0.5,-0.5,0.13540285480502676,FREE,0.05,0.15
2020-05-11,100000.0,100000.0,0,-0.5,-0.5,0.15727900780376156,FORCE_SELL,0.05,0.15
2020-05-12,100000.0,100000.0,0,2.499999999999999,-0.5,0.2934193988507397,FORCE_SELL,0.05,0.15
2020-05-13,100000.0,100000.0,0,2.4499999999999993,0.8999999999999997,0.22835540719803596,FORCE_SELL,0.05,0.15
2020-05-14,100000.0,100000.0,0,-0.5,1.3999999999999995,0.13587724903862597,FREE,0.05,0.15
2020-05-15,100000.0,100000.0,0,2.499999999999999,2.4499999999999993,0.13858761694351557,FREE,0.05,0.15
2020-05-18,100000.0,100000.0,0,2.499999999999999,2.4499999999999993,0.18148176896613655,FORCE_SELL,0.05,0.15
2020-05-19,100000.0,100000.0,0,1.4999999999999996,-0.5,0.26159643336810673,FORCE_SELL,0.05,0.15
2020-05-20,100000.0,100000.0,0,-0.5,-0.5,0.14370533003533292,FREE,0.05,0.15
2020-05-21,100000.0,100000.0,0,-0.5,-0.5,0.23358983510956446,FORCE_SELL,0.05,0.15
2020-05-22,100000.0,100000.0,0,-0.5,-0.5,0.13007032410969654,FREE,0.05,0.15
2020-05-26,100000.0,100000.0,0,2.3999999999999995,-0.5,0.2412681653034856,FORCE_SELL,0.05,0.15
2020-05-27,100000.0,100000.0,0,2.2999999999999994,2.4499999999999993,0.1697303974714842,FORCE_SELL,0.05,0.15
2020-05-28,100000.0,100000.0,0,2.0999999999999996,2.2499999999999996,0.21616665023456413,FORCE_SELL,0.05,0.15
2020-05-29,100000.0,100000.0,0,1.6999999999999993,2.2999999999999994,0.14683874452103204,FREE,0.05,0.15
2020-06-01,100000.0,100000.0,0,0.5999999999999996,-0.5,0.14065136067921125,FREE,0.05,0.15
2020-06-02,100000.0,100000.0,0,0.8999999999999997,2.2499999999999996,0.14044712582192065,FREE,0.05,0.15
2020-06-03,100000.0,100000.0,0,0.7499999999999998,2.4499999999999993,0.16035923215242553,FORCE_SELL,0.05,0.15
2020-06-04,100000.0,100000.0,0,0.6999999999999997,2.499999999999999,0.16845306965493204,FORCE_SELL,0.05,0.15
2020-06-05,100000.0,100000.0,0,0.8499999999999996,2.499999999999999,0.1352420337288034,FREE,0.05,0.15
2020-06-08,100000.0,100000.0,0,2.1499999999999995,2.1499999999999995,0.13342853726364126,FREE,0.05,0.15
2020-06-09,100000.0,100000.0,0,2.2499999999999996,2.4499999999999993,0.1545840794660824,FORCE_SELL,0.05,0.15
2020-06-10,100000.0,100000.0,0,2.2499999999999996,2.4499999999999993,0.15787209478514783,FORCE_SELL,0.05,0.15
2020-06-11,100000.0,100000.0,0,2.349999999999999,-0.5,0.3132784563306822,FORCE_SELL,0.05,0.15
2020-06-12,100000.0,100000.0,0,2.349999999999999,-0.5,0.17041768891149944,FORCE_SELL,0.05,0.15
2020-06-15,100000.0,100000.0,0,2.349999999999999,-0.5,0.11118761202217882,FREE,0.05,0.15
2020-06-16,100000.0,100000.0,0,2.1999999999999993,-0.5,0.13907103928558343,FREE,0.05,0.15
2020-06-17,100000.0,100000.0,0,2.349999999999999,-0.5,0.15080108176495585,FORCE_SELL,0.05,0.15
2020-06-18,100000.0,100000.0,0,2.1499999999999995,-0.5,0.10580222928106438,FREE,0.05,0.15
2020-06-19,100000.0,100000.0,0,2.2999999999999994,-0.5,0.1955311672766541,FORCE_SELL,0.05,0.15
2020-06-22,100000.0,100000.0,0,1.5999999999999996,-0.5,0.09829074057176988,FREE,0.05,0.15
2020-06-23,100000.0,100000.0,0,-0.5,2.499999999999999,0.1781665997093985,FORCE_SELL,0.05,0.15
2020-06-24,100000.0,100000.0,0,2.4499999999999993,-0.5,0.1934397139606392,FORCE_SELL,0.05,0.15
2020-06-25,100000.0,100000.0,0,-0.5,2.3999999999999995,0.11440856607958157,FREE,0.05,0.15
2020-06-26,100000.0,100000.0,0,-0.5,2.499999999999999,0.2059919019178532,FORCE_SELL,0.05,0.15
2020-06-29,100000.0,100000.0,0,-0.5,2.499999999999999,0.206442058949415,FORCE_SELL,0.05,0.15
2020-06-30,100000.0,100000.0,0,1.4499999999999995,2.1999999999999993,0.24559634811345155,FORCE_SELL,0.05,0.15
2020-07-01,100000.0,100000.0,0,1.3499999999999996,2.3999999999999995,0.2541897728439433,FORCE_SELL,0.05,0.15
2020-07-02,100000.0,100000.0,0,-0.5,-0.5,0.37157573078278966,FORCE_SELL,0.05,0.15
2020-07-06,100000.0,100000.0,0,-0.5,-0.5,0.15053609405384083,FORCE_SELL,0.05,0.15
2020-07-07,100000.0,100000.0,0,-0.5,-0.5,0.21739534999804322,FORCE_SELL,0.05,0.15
2020-07-08,100000.0,100000.0,0,-0.5,0.7499999999999998,0.11969108151946795,FREE,0.05,0.15
2020-07-09,100000.0,100000.0,0,-0.5,1.9499999999999993,0.146318112727684,FREE,0.05,0.15
2020-07-10,100000.0,100000.0,0,-0.5,1.9499999999999993,0.12434822647781855,FREE,0.05,0.15
2020-07-13,100000.0,100000.0,0,2.499999999999999,-0.5,0.34185654261179327,FORCE_SELL,0.05,0.15
2020-07-14,100000.0,100000.0,0,2.3999999999999995,-0.5,0.1405787094747771,FREE,0.05,0.15
2020-07-15,100000.0,100000.0,0,2.349999999999999,1.3499999999999996,0.15559148886639076,FORCE_SELL,0.05,0.15
2020-07-16,100000.0,100000.0,0,2.2999999999999994,1.1999999999999997,0.13680498697987734,FREE,0.05,0.15
2020-07-17,100000.0,100000.0,0,2.4499999999999993,0.8499999999999996,0.13088248705579453,FREE,0.05,0.15
2020-07-20,100000.0,100000.0,0,2.4499999999999993,0.8499999999999996,0.14477892698700726,FREE,0.05,0.15
2020-07-21,100000.0,100000.0,0,1.4999999999999996,-0.5,0.23047289298960658,FORCE_SELL,0.05,0.15
2020-07-22,100000.0,100000.0,0,2.499999999999999,-0.5,0.13212791316749492,FREE,0.05,0.15
2020-07-23,100000.0,100000.0,0,2.2499999999999996,-0.5,0.24152880314865377,FORCE_SELL,0.05,0.15
2020-07-24,100000.0,100000.0,0,2.3999999999999995,-0.5,0.11586593678621343,FREE,0.05,0.15
2020-07-27,100000.0,100000.0,0,2.3999999999999995,-0.5,0.11467580676593718,FREE,0.05,0.15
2020-07-28,100000.0,100000.0,0,1.7999999999999994,-0.5,0.20089380731057047,FORCE_SELL,0.05,0.15
2020-07-29,100000.0,100000.0,0,1.6999999999999993,0.9999999999999996,0.1250863020715669,FREE,0.05,0.15
2020-07-30,100000.0,100000.0,0,0.7499999999999998,2.3999999999999995,0.11549041892999207,FREE,0.05,0.15
2020-07-31,100000.0,100000.0,0,0.5999999999999996,2.2499999999999996,0.1310230134665661,FREE,0.05,0.15
2020-08-03,100000.0,100000.0,0,0.5999999999999996,2.2499999999999996,0.15343768449607434,FORCE_SELL,0.05,0.15
2020-08-04,100000.0,100000.0,0,1.2499999999999996,-0.5,0.12550843342927706,FREE,0.05,0.15
2020-08-05,100000.0,100000.0,0,1.4999999999999996,-0.5,0.12418391559976216,FREE,0.05,0.15
2020-08-06,100000.0,100000.0,0,1.1999999999999997,-0.5,0.15589415562210499,FORCE_SELL,0.05,0.15
2020-08-07,100000.0,100000.0,0,1.4999999999999996,-0.5,0.166305369435551,FORCE_SELL,0.05,0.15
2020-08-10,100000.0,100000.0,0,2.2499999999999996,1.4999999999999996,0.1513930698410694,FORCE_SELL,0.05,0.15
2020-08-11,100000.0,100000.0,0,1.8999999999999995,2.2499999999999996,0.24398256263349474,FORCE_SELL,0.05,0.15
2020-08-12,100000.0,100000.0,0,-0.5,1.7499999999999996,0.15417900663497341,FORCE_SELL,0.05,0.15
2020-08-13,100000.0,100000.0,0,-0.5,1.7499999999999996,0.17837681421076493,FORCE_SELL,0.05,0.15
2020-08-14,100000.0,100000.0,0,-0.5,1.6499999999999995,0.15358848041011597,FORCE_SELL,0.05,0.15
2020-08-17,100000.0,100000.0,0,-0.5,1.6499999999999995,0.12640847955983534,FREE,0.05,0.15
2020-08-18,100000.0,100000.0,0,-0.5,1.6499999999999995,0.13800700024334475,FREE,0.05,0.15
2020-08-19,100000.0,100000.0,0,2.0999999999999996,-0.5,0.22492446476195185,FORCE_SELL,0.05,0.15
2020-08-20,100000.0,100000.0,0,1.9999999999999996,1.3999999999999995,0.13953853923240653,FREE,0.05,0.15
2020-08-21,100000.0,100000.0,0,1.2499999999999996,0.8499999999999996,0.13856232143555605,FREE,0.05,0.15
2020-08-24,100000.0,100000.0,0,1.2499999999999996,0.8499999999999996,0.20071091399279062,FORCE_SELL,0.05,0.15
2020-08-25,100000.0,100000.0,0,2.2499999999999996,1.6999999999999993,0.14138745186450105,FREE,0.05,0.15
2020-08-26,100000.0,100000.0,0,2.2499999999999996,1.8999999999999995,0.20686268056575927,FORCE_SELL,0.05,0.15
2020-08-27,100000.0,100000.0,0,-0.5,1.1499999999999997,0.221236734246013,FORCE_SELL,0.05,0.15
2020-08-28,100000.0,100000.0,0,2.2999999999999994,1.2499999999999996,0.15237043196692654,FORCE_SELL,0.05,0.15
2020-08-31,100000.0,100000.0,0,2.2999999999999994,1.2499999999999996,0.2398326504457016,FORCE_SELL,0.05,0.15
2020-09-01,100000.0,100000.0,0,-0.5,2.2999999999999994,0.17535371008896863,FORCE_SELL,0.05,0.15
2020-09-02,100000.0,100000.0,0,-0.5,2.2999999999999994,0.2039639776176211,FORCE_SELL,0.05,0.15
2020-09-03,100000.0,100000.0,0,-0.5,-0.5,0.3358354839266149,FORCE_SELL,0.05,0.15
2020-09-04,100000.0,100000.0,0,-0.5,-0.5,0.19984338568367313,FORCE_SELL,0.05,0.15
2020-09-08,100000.0,100000.0,0,-0.5,-0.5,0.17532223679986428,FORCE_SELL,0.05,0.15
2020-09-09,100000.0,100000.0,0,-0.5,-0.5,0.1438011282925817,FREE,0.05,0.15
2020-09-10,100000.0,100000.0,0,-0.5,-0.5,0.22011240640552923,FORCE_SELL,0.05,0.15
2020-09-11,100000.0,100000.0,0,2.499999999999999,-0.5,0.15007739611489265,FORCE_SELL,0.05,0.15
2020-09-14,100000.0,100000.0,0,2.2999999999999994,-0.5,0.14743501584441396,FREE,0.05,0.15
2020-09-15,100000.0,100000.0,0,2.4499999999999993,-0.5,0.14697016828366374,FREE,0.05,0.15
2020-09-16,100000.0,100000.0,0,2.3999999999999995,-0.5,0.1984552351033461,FORCE_SELL,0.05,0.15
2020-09-17,100000.0,100000.0,0,2.2999999999999994,-0.5,0.12496842697727455,FREE,0.05,0.15
2020-09-18,100000.0,100000.0,0,1.6499999999999995,-0.5,0.14780677404194262,FREE,0.05,0.15
2020-09-21,100000.0,100000.0,0,2.2999999999999994,-0.5,0.12040756633527622,FREE,0.05,0.15
2020-09-22,100000.0,100000.0,0,1.8499999999999996,-0.5,0.13660323711610625,FREE,0.05,0.15
2020-09-23,100000.0,100000.0,0,1.7999999999999994,-0.5,0.20731978144171556,FORCE_SELL,0.05,0.15
2020-09-24,100000.0,100000.0,0,2.2999999999999994,-0.5,0.14777213604060765,FREE,0.05,0.15
2020-09-25,100000.0,100000.0,0,2.0499999999999994,-0.5,0.14015870477828551,FREE,0.05,0.15
2020-09-28,100000.0,100000.0,0,2.0499999999999994,-0.5,0.15206198543508,FORCE_SELL,0.05,0.15
2020-09-29,100000.0,100000.0,0,-0.5,-0.5,0.16889090173931684,FORCE_SELL,0.05,0.15
2020-09-30,100000.0,100000.0,0,-0.5,-0.5,0.18826034954640636,FORCE_SELL,0.05,0.15
2020-10-01,100000.0,100000.0,0,1.8499999999999996,-0.5,0.16813396092338528,FORCE_SELL,0.05,0.15
2020-10-02,100000.0,100000.0,0,2.2999999999999994,-0.5,0.22634594031905228,FORCE_SELL,0.05,0.15
2020-10-05,100000.0,100000.0,0,2.2999999999999994,-0.5,0.16311426459308123,FORCE_SELL,0.05,0.15
2020-10-06,100000.0,100000.0,0,-0.5,2.4499999999999993,0.2570938346276225,FORCE_SELL,0.05,0.15
2020-10-07,100000.0,100000.0,0,-0.5,2.4499999999999993,0.16719930758963863,FORCE_SELL,0.05,0.15
2020-10-08,100000.0,100000.0,0,-0.5,2.4499999999999993,0.19745939508479274,FORCE_SELL,0.05,0.15
2020-10-09,100000.0,100000.0,0,-0.5,2.4499999999999993,0.1582525666678941,FORCE_SELL,0.05,0.15
2020-10-12,100000.0,100000.0,0,-0.5,2.4499999999999993,0.21705122745009509,FORCE_SELL,0.05,0.15
2020-10-13,100000.0,100000.0,0,0.44999999999999973,-0.5,0.22467373524526724,FORCE_SELL,0.05,0.15
2020-10-14,100000.0,100000.0,0,1.2999999999999996,1.9499999999999993,0.23943223785387366,FORCE_SELL,0.05,0.15
2020-10-15,100000.0,100000.0,0,1.5999999999999996,-0.5,0.16109608576309772,FORCE_SELL,0.05,0.15
2020-10-16,100000.0,100000.0,0,0.9999999999999996,1.7999999999999994,0.2662806421841389,FORCE_SELL,0.05,0.15
2020-10-19,100000.0,100000.0,0,2.349999999999999,2.1999999999999993,0.27503628595673263,FORCE_SELL,0.05,0.15
2020-10-20,100000.0,100000.0,0,2.1999999999999993,1.4999999999999996,0.2266485481965429,FORCE_SELL,0.05,0.15
2020-10-21,100000.0,100000.0,0,1.5499999999999994,1.0999999999999996,0.2058779274901548,FORCE_SELL,0.05,0.15
2020-10-22,100000.0,100000.0,0,1.6499999999999995,1.0999999999999996,0.1738365929550961,FORCE_SELL,0.05,0.15
2020-10-23,100000.0,100000.0,0,-0.5,1.1499999999999997,0.14256066600743805,FREE,0.05,0.15
2020-10-26,100000.0,100000.0,0,2.3999999999999995,-0.5,0.22551793722063782,FORCE_SELL,0.05,0.15
2020-10-27,100000.0,100000.0,0,2.0999999999999996,2.4499999999999993,0.1760184403098036,FORCE_SELL,0.05,0.15
2020-10-28,100000.0,100000.0,0,2.0999999999999996,-0.5,0.24366466423332037,FORCE_SELL,0.05,0.15
2020-10-29,100000.0,100000.0,0,2.499999999999999,2.2499999999999996,0.18176717576760093,FORCE_SELL,0.05,0.15
2020-10-30,100000.0,100000.0,0,1.7499999999999996,2.1999999999999993,0.1847778637545854,FORCE_SELL,0.05,0.15
2020-11-02,100000.0,100000.0,0,1.8999999999999995,2.1999999999999993,0.17454130631365963,FORCE_SELL,0.05,0.15
2020-11-03,100000.0,100000.0,0,1.2499999999999996,2.349999999999999,0.17581645721857622,FORCE_SELL,0.05,0.15
2020-11-04,100000.0,100000.0,0,-0.5,2.4499999999999993,0.18118295922939778,FORCE_SELL,0.05,0.15
2020-11-05,100000.0,100000.0,0,2.1499999999999995,-0.5,0.20230721007468513,FORCE_SELL,0.05,0.15
2020-11-06,100000.0,100000.0,0,0.6999999999999997,-0.5,0.1617930917899252,FORCE_SELL,0.05,0.15
2020-11-09,100000.0,100000.0,0,0.6999999999999997,-0.5,0.28838876418837694,FORCE_SELL,0.05,0.15
2020-11-10,100000.0,100000.0,0,0.6999999999999997,-0.5,0.1764098998910999,FORCE_SELL,0.05,0.15
2020-11-11,100000.0,100000.0,0,-0.5,-0.5,0.16526333771605864,FORCE_SELL,0.05,0.15
2020-11-12,100000.0,100000.0,0,-0.5,-0.5,0.20811625513187967,FORCE_SELL,0.05,0.15
2020-11-13,100000.0,100000.0,0,-0.5,1.3999999999999995,0.15490066460247529,FORCE_SELL,0.05,0.15
2020-11-16,100000.0,100000.0,0,-0.5,-0.5,0.14271919727369406,FREE,0.05,0.15
2020-11-17,100000.0,100000.0,0,-0.5,-0.5,0.1784185140472299,FORCE_SELL,0.05,0.15
2020-11-18,100000.0,100000.0,0,-0.5,-0.5,0.2247796039387748,FORCE_SELL,0.05,0.15
2020-11-19,100000.0,100000.0,0,-0.5,-0.5,0.13730722746589516,FREE,0.05,0.15
2020-11-20,100000.0,100000.0,0,-0.5,2.499999999999999,0.21446314900433672,FORCE_SELL,0.05,0.15
2020-11-23,100000.0,100000.0,0,-0.5,2.499999999999999,0.15814688433969107,FORCE_SELL,0.05,0.15
2020-11-24,100000.0,100000.0,0,-0.5,0.9499999999999997,0.15608888951664737,FORCE_SELL,0.05,0.15
2020-11-25,100000.0,100000.0,0,1.3499999999999996,1.5999999999999996,0.15953509872661278,FORCE_SELL,0.05,0.15
2020-11-27,100000.0,100000.0,0,1.3499999999999996,1.5999999999999996,0.1973942897854574,FORCE_SELL,0.05,0.15
2020-11-30,100000.0,100000.0,0,2.499999999999999,-0.5,0.1711356956774559,FORCE_SELL,0.05,0.15
2020-12-01,100000.0,100000.0,0,1.7999999999999994,-0.5,0.22386223211197628,FORCE_SELL,0.05,0.15
2020-12-02,100000.0,100000.0,0,2.1999999999999993,-0.5,0.2080484914924571,FORCE_SELL,0.05,0.15
2020-12-03,100000.0,100000.0,0,2.3999999999999995,-0.5,0.20308859003443644,FORCE_SELL,0.05,0.15
2020-12-04,100000.0,100000.0,0,1.4999999999999996,-0.5,0.17626191717438364,FORCE_SELL,0.05,0.15
2020-12-07,100000.0,100000.0,0,1.4999999999999996,-0.5,0.14276791660992083,FREE,0.05,0.15
2020-12-08,100000.0,100000.0,0,2.499999999999999,2.1499999999999995,0.15073852939294366,FORCE_SELL,0.05,0.15
2020-12-09,100000.0,100000.0,0,2.499999999999999,1.0999999999999996,0.3197908169224845,FORCE_SELL,0.05,0.15
2020-12-10,100000.0,100000.0,0,2.3999999999999995,-0.5,0.19442205289061756,FORCE_SELL,0.05,0.15
2020-12-11,100000.0,100000.0,0,2.2999999999999994,-0.5,0.15646215659548815,FORCE_SELL,0.05,0.15
2020-12-14,100000.0,100000.0,0,2.2999999999999994,-0.5,0.23709064320440917,FORCE_SELL,0.05,0.15
2020-12-15,100000.0,100000.0,0,1.5999999999999996,2.499999999999999,0.13894365504003725,FREE,0.05,0.15
2020-12-16,100000.0,100000.0,0,-0.5,-0.5,0.14851829880161135,FREE,0.05,0.15
2020-12-17,100000.0,100000.0,0,-0.5,-0.5,0.14839057487602722,FREE,0.05,0.15
2020-12-18,100000.0,100000.0,0,1.2999999999999996,2.499999999999999,0.1626621448484085,FORCE_SELL,0.05,0.15
2020-12-21,100000.0,100000.0,0,2.3999999999999995,1.9499999999999993,0.16498267370523978,FORCE_SELL,0.05,0.15
2020-12-22,100000.0,100000.0,0,2.499999999999999,1.1499999999999997,0.16177935144957786,FORCE_SELL,0.05,0.15
2020-12-23,100000.0,100000.0,0,1.0499999999999996,1.4499999999999995,0.22449764715654352,FORCE_SELL,0.05,0.15
2020-12-24,100000.0,100000.0,0,1.3499999999999996,1.6999999999999993,0.13446985939471737,FREE,0.05,0.15
2020-12-28,100000.0,100000.0,0,1.3499999999999996,1.6999999999999993,0.14731881820913395,FREE,0.05,0.15
2020-12-29,100000.0,100000.0,0,-0.5,1.4499999999999995,0.19472580407508447,FORCE_SELL,0.05,0.15
2020-12-30,100000.0,100000.0,0,1.2999999999999996,0.6999999999999997,0.19390056065231706,FORCE_SELL,0.05,0.15
2020-12-31,100000.0,100000.0,0,1.2499999999999996,2.1499999999999995,0.1710502214161355,FORCE_SELL,0.05,0.15
2021-01-04,100000.0,100000.0,0,1.6999999999999993,1.8999999999999995,0.28148619575418504,FORCE_SELL,0.05,0.15
2021-01-05,100000.0,100000.0,0,1.8499999999999996,2.0999999999999996,0.14141507765117764,FREE,0.05,0.15
2021-01-06,100000.0,100000.0,0,0.8999999999999997,1.7999999999999994,0.22434446274799544,FORCE_SELL,0.05,0.15
2021-01-07,100000.0,100000.0,0,0.8999999999999997,1.7999999999999994,0.14392729142923086,FREE,0.05,0.15
2021-01-08,100000.0,100000.0,0,0.8999999999999997,1.7999999999999994,0.1359490891662948,FREE,0.05,0.15
2021-01-11,100000.0,100000.0,0,2.499999999999999,2.349999999999999,0.20526269442115405,FORCE_SELL,0.05,0.15
2021-01-12,100000.0,100000.0,0,2.499999999999999,2.499999999999999,0.1692864757198865,FORCE_SELL,0.05,0.15
2021-01-13,100000.0,100000.0,0,2.1999999999999993,-0.5,0.15058643878525793,FORCE_SELL,0.05,0.15
2021-01-14,100000.0,100000.0,0,2.4499999999999993,-0.5,0.23414949997222512,FORCE_SELL,0.05,0.15
2021-01-15,100000.0,100000.0,0,1.6499999999999995,-0.5,0.2013219873869799,FORCE_SELL,0.05,0.15
2021-01-19,100000.0,100000.0,0,1.6499999999999995,-0.5,0.16189595920880392,FORCE_SELL,0.05,0.15
2021-01-20,100000.0,100000.0,0,1.6499999999999995,-0.5,0.16623800289152502,FORCE_SELL,0.05,0.15
2021-01-21,100000.0,100000.0,0,1.6499999999999995,-0.5,0.15411174633269542,FORCE_SELL,0.05,0.15
2021-01-22,100000.0,100000.0,0,0.9999999999999996,1.8999999999999995,0.18145845057110613,FORCE_SELL,0.05,0.15
2021-01-25,100000.0,100000.0,0,-0.5,1.7999999999999994,0.19309938838534627,FORCE_SELL,0.05,0.15
2021-01-26,100000.0,100000.0,0,-0.5,0.7999999999999998,0.18232601348866054,FORCE_SELL,0.05,0.15
2021-01-27,100000.0,100000.0,0,-0.5,0.9499999999999997,0.31540575094331263,FORCE_SELL,0.05,0.15
2021-01-28,100000.0,100000.0,0,-0.5,-0.5,0.23049307323686366,FORCE_SELL,0.05,0.15
2021-01-29,100000.0,100000.0,0,-0.5,0.3999999999999998,0.22325813406191117,FORCE_SELL,0.05,0.15
2021-02-01,100000.0,100000.0,0,-0.5,0.3999999999999998,0.17440204686905872,FORCE_SELL,0.05,0.15
2021-02-02,100000.0,100000.0,0,-0.5,-0.5,0.16827191298529653,FORCE_SELL,0.05,0.15
2021-02-03,100000.0,100000.0,0,1.6499999999999995,-0.5,0.22112069739269113,FORCE_SELL,0.05,0.15
2021-02-04,100000.0,100000.0,0,1.9999999999999996,-0.5,0.14062744462491406,FREE,0.05,0.15
2021-02-05,100000.0,100000.0,0,1.2499999999999996,-0.5,0.15777901627267896,FORCE_SELL,0.05,0.15
2021-02-08,100000.0,100000.0,0,1.5499999999999994,-0.5,0.13333767993726767,FREE,0.05,0.15
2021-02-09,100000.0,100000.0,0,1.5999999999999996,-0.5,0.1939605721198759,FORCE_SELL,0.05,0.15
2021-02-10,100000.0,100000.0,0,1.4999999999999996,1.0999999999999996,0.20263146146989772,FORCE_SELL,0.05,0.15
2021-02-11,100000.0,100000.0,0,1.3999999999999995,0.5499999999999998,0.15303300684070054,FORCE_SELL,0.05,0.15
2021-02-12,100000.0,100000.0,0,2.1499999999999995,1.1999999999999997,0.13371527380673584,FREE,0.05,0.15
2021-02-16,100000.0,100000.0,0,1.8499999999999996,-0.5,0.19504452550784868,FORCE_SELL,0.05,0.15
2021-02-17,100000.0,100000.0,0,1.8999999999999995,1.5499999999999994,0.17250787714616123,FORCE_SELL,0.05,0.15
2021-02-18,100000.0,100000.0,0,1.7999999999999994,1.2499999999999996,0.16923837880283943,FORCE_SELL,0.05,0.15
2021-02-19,100000.0,100000.0,0,1.6499999999999995,1.2499999999999996,0.21163895979203473,FORCE_SELL,0.05,0.15
2021-02-22,100000.0,100000.0,0,1.6499999999999995,1.2499999999999996,0.2249119998598861,FORCE_SELL,0.05,0.15
2021-02-23,100000.0,100000.0,0,2.3999999999999995,-0.5,0.1831717617746543,FORCE_SELL,0.05,0.15
2021-02-24,100000.0,100000.0,0,2.4499999999999993,-0.5,0.14480979120789408,FREE,0.05,0.15
2021-02-25,100000.0,100000.0,0,1.3999999999999995,-0.5,0.2961378489559869,FORCE_SELL,0.05,0.15
2021-02-26,100000.0,100000.0,0,2.349999999999999,-0.5,0.20114176448409027,FORCE_SELL,0.05,0.15
2021-03-01,100000.0,100000.0,0,2.1999999999999993,-0.5,0.140026503941576,FREE,0.05,0.15
2021-03-02,100000.0,100000.0,0,1.7499999999999996,-0.5,0.23386989004614836,FORCE_SELL,0.05,0.15
2021-03-03,100000.0,100000.0,0,1.9499999999999993,-0.5,0.25793643088205803,FORCE_SELL,0.05,0.15
2021-03-04,100000.0,100000.0,0,1.6499999999999995,-0.5,0.2132211361616364,FORCE_SELL,0.05,0.15
2021-03-05,100000.0,100000.0,0,-0.5,-0.5,0.14450992891275144,FREE,0.05,0.15
2021-03-08,100000.0,100000.0,0,2.0999999999999996,-0.5,0.2118219499500922,FORCE_SELL,0.05,0.15
2021-03-09,100000.0,100000.0,0,-0.5,-0.5,0.17071053961367352,FORCE_SELL,0.05,0.15
2021-03-10,100000.0,100000.0,0,1.0499999999999996,-0.5,0.20034515462228872,FORCE_SELL,0.05,0.15
2021-03-11,100000.0,100000.0,0,0.6499999999999997,-0.5,0.18860597391174197,FORCE_SELL,0.05,0.15
2021-03-12,100000.0,100000.0,0,1.2999999999999996,-0.5,0.18249220973528732,FORCE_SELL,0.05,0.15
2021-03-15,100000.0,100000.0,0,1.6499999999999995,2.0999999999999996,0.15137520531656665,FORCE_SELL,0.05,0.15
2021-03-16,100000.0,100000.0,0,1.2999999999999996,2.0999999999999996,0.22278212817613882,FORCE_SELL,0.05,0.15
2021-03-17,100000.0,100000.0,0,2.2999999999999994,-0.5,0.1871679997056843,FORCE_SELL,0.05,0.15
2021-03-18,100000.0,100000.0,0,2.4499999999999993,-0.5,0.280971930043384,FORCE_SELL,0.05,0.15
2021-03-19,100000.0,100000.0,0,2.349999999999999,-0.5,0.19045431581493166,FORCE_SELL,0.05,0.15
2021-03-22,100000.0,100000.0,0,2.349999999999999,-0.5,0.19292853991156786,FORCE_SELL,0.05,0.15
2021-03-23,100000.0,100000.0,0,2.3999999999999995,-0.5,0.2710861001794602,FORCE_SELL,0.05,0.15
2021-03-24,100000.0,100000.0,0,2.0999999999999996,1.1999999999999997,0.31783593123001824,FORCE_SELL,0.05,0.15
2021-03-25,100000.0,100000.0,0,2.499999999999999,2.4499999999999993,0.16294514341552774,FORCE_SELL,0.05,0.15
2021-03-26,100000.0,100000.0,0,2.4499999999999993,-0.5,0.15730552185080174,FORCE_SELL,0.05,0.15
2021-03-29,100000.0,100000.0,0,0.8499999999999996,2.1499999999999995,0.1765294920637259,FORCE_SELL,0.05,0.15
2021-03-30,100000.0,100000.0,0,0.8999999999999997,1.9999999999999996,0.1412351084127096,FREE,0.05,0.15
2021-03-31,100000.0,100000.0,0,-0.5,1.5999999999999996,0.19071155809203275,FORCE_SELL,0.05,0.15
2021-04-01,100000.0,100000.0,0,-0.5,1.5999999999999996,0.1429857597485057,FREE,0.05,0.15
2021-04-05,100000.0,100000.0,0,-0.5,1.5999999999999996,0.1930146044552501,FORCE_SELL,0.05,0.15
2021-04-06,100000.0,100000.0,0,-0.5,1.5999999999999996,0.25208893492214063,FORCE_SELL,0.05,0.15
2021-04-07,100000.0,100000.0,0,2.349999999999999,-0.5,0.18595164609677464,FORCE_SELL,0.05,0.15
2021-04-08,100000.0,100000.0,0,2.4499999999999993,-0.5,0.1649182725430689,FORCE_SELL,0.05,0.15
2021-04-09,100000.0,100000.0,0,-0.5,-0.5,0.168153645578731,FORCE_SELL,0.05,0.15
2021-04-12,100000.0,100000.0,0,2.0499999999999994,1.9499999999999993,0.1625288188204493,FORCE_SELL,0.05,0.15
2021-04-13,100000.0,100000.0,0,1.4999999999999996,1.9999999999999996,0.15992987121245336,FORCE_SELL,0.05,0.15
2021-04-14,100000.0,100000.0,0,-0.5,1.8499999999999996,0.3000866159188548,FORCE_SELL,0.05,0.15
2021-04-15,100000.0,100000.0,0,1.5999999999999996,2.4499999999999993,0.1891518139466348,FORCE_SELL,0.05,0.15
2021-04-16,100000.0,100000.0,0,1.8499999999999996,1.4499999999999995,0.14436690102015973,FREE,0.05,0.15
2021-04-19,100000.0,100000.0,0,1.6999999999999993,2.2999999999999994,0.2173990860422844,FORCE_SELL,0.05,0.15
2021-04-20,100000.0,100000.0,0,1.9999999999999996,-0.5,0.23188448615579663,FORCE_SELL,0.05,0.15
2021-04-21,100000.0,100000.0,0,2.349999999999999,1.9999999999999996,0.15595597473061032,FORCE_SELL,0.05,0.15
2021-04-22,100000.0,100000.0,0,1.7499999999999996,1.7499999999999996,0.2574942456921205,FORCE_SELL,0.05,0.15
2021-04-23,100000.0,100000.0,0,2.0999999999999996,2.4499999999999993,0.1586931724876012,FORCE_SELL,0.05,0.15
2021-04-26,100000.0,100000.0,0,2.0999999999999996,2.4499999999999993,0.14113115293306996,FREE,0.05,0.15
2021-04-27,100000.0,100000.0,0,2.0999999999999996,2.4499999999999993,0.1866969163872302,FORCE_SELL,0.05,0.15
2021-04-28,100000.0,100000.0,0,-0.5,1.8499999999999996,0.18362454775729584,FORCE_SELL,0.05,0.15
2021-04-29,100000.0,100000.0,0,0.9499999999999997,1.9499999999999993,0.18242021392999866,FORCE_SELL,0.05,0.15
2021-04-30,100000.0,100000.0,0,0.9499999999999997,1.5499999999999994,0.1779420158281062,FORCE_SELL,0.05,0.15
2021-05-03,100000.0,100000.0,0,2.499999999999999,2.1999999999999993,0.19279432368107638,FORCE_SELL,0.05,0.15
2021-05-04,100000.0,100000.0,0,2.499999999999999,1.5499999999999994,0.17536002448264945,FORCE_SELL,0.05,0.15
2021-05-05,100000.0,100000.0,0,2.4499999999999993,2.1999999999999993,0.20505333152691566,FORCE_SELL,0.05,0.15
2021-05-06,100000.0,100000.0,0,2.4499999999999993,1.3499999999999996,0.11114653268407708,FREE,0.05,0.15
2021-05-07,100000.0,100000.0,0,1.7999999999999994,1.5999999999999996,0.14126836515309205,FREE,0.05,0.15
2021-05-10,100000.0,100000.0,0,1.7999999999999994,1.5999999999999996,0.2481033612165747,FORCE_SELL,0.05,0.15
2021-05-11,100000.0,100000.0,0,2.4499999999999993,-0.5,0.12249754790077323,FREE,0.05,0.15
2021-05-12,100000.0,100000.0,0,1.5999999999999996,-0.5,0.207815897553267,FORCE_SELL,0.05,0.15
2021-05-13,100000.0,100000.0,0,2.349999999999999,1.3999999999999995,0.13273168737000088,FREE,0.05,0.15
2021-05-14,100000.0,100000.0,0,-0.5,2.4499999999999993,0.10261298895431974,FREE,0.05,0.15
2021-05-17,100000.0,100000.0,0,1.4999999999999996,-0.5,0.11254094638243127,FREE,0.05,0.15
2021-05-18,100000.0,100000.0,0,1.1499999999999997,-0.5,0.20497543210456057,FORCE_SELL,0.05,0.15
2021-05-19,100000.0,100000.0,0,1.8499999999999996,-0.5,0.09998835617843037,FREE,0.05,0.15
2021-05-20,100000.0,100000.0,0,1.8499999999999996,-0.5,0.1324889061347183,FREE,0.05,0.15
2021-05-21,100000.0,100000.0,0,1.8499999999999996,-0.5,0.2082095468783783,FORCE_SELL,0.05,0.15
2021-05-24,100000.0,100000.0,0,1.8499999999999996,-0.5,0.1420272597867509,FREE,0.05,0.15
2021-05-25,100000.0,100000.0,0,1.8499999999999996,-0.5,0.20134478026053068,FORCE_SELL,0.05,0.15
2021-05-26,100000.0,100000.0,0,1.0499999999999996,-0.5,0.14177816151415515,FREE,0.05,0.15
2021-05-27,100000.0,100000.0,0,1.1499999999999997,-0.5,0.20392555747362007,FORCE_SELL,0.05,0.15
2021-05-28,100000.0,100000.0,0,1.1499999999999997,-0.5,0.23231029343422946,FORCE_SELL,0.05,0.15
2021-06-01,100000.0,100000.0,0,1.3499999999999996,-0.5,0.23891268805924962,FORCE_SELL,0.05,0.15
2021-06-02,100000.0,100000.0,0,1.3499999999999996,1.4999999999999996,0.18081983462811255,FORCE_SELL,0.05,0.15
2021-06-03,100000.0,100000.0,0,2.0999999999999996,-0.5,0.20013771234825106,FORCE_SELL,0.05,0.15
2021-06-04,100000.0,100000.0,0,2.1499999999999995,1.6499999999999995,0.1457797917728677,FREE,0.05,0.15
2021-06-07,100000.0,100000.0,0,-0.5,2.1499999999999995,0.13364543224269224,FREE,0.05,0.15
2021-06-08,100000.0,100000.0,0,-0.5,2.2999999999999994,0.241146955479395,FORCE_SELL,0.05,0.15
2021-06-09,100000.0,100000.0,0,-0.5,2.2999999999999994,0.29932901219352925,FORCE_SELL,0.05,0.15
2021-06-10,100000.0,100000.0,0,1.2999999999999996,-0.5,0.14068728926056437,FREE,0.05,0.15
2021-06-11,100000.0,100000.0,0,0.24999999999999978,2.349999999999999,0.1342746199006848,FREE,0.05,0.15
2021-06-14,100000.0,100000.0,0,0.24999999999999978,2.349999999999999,0.17623487409359484,FORCE_SELL,0.05,0.15
2021-06-15,100000.0,100000.0,0,0.24999999999999978,2.349999999999999,0.26739753126749355,FORCE_SELL,0.05,0.15
2021-06-16,100000.0,100000.0,0,1.8499999999999996,-0.5,0.2734720237034154,FORCE_SELL,0.05,0.15
2021-06-17,100000.0,100000.0,0,1.8499999999999996,2.1999999999999993,0.19476229164645528,FORCE_SELL,0.05,0.15
2021-06-18,100000.0,100000.0,0,1.6499999999999995,2.2499999999999996,0.26387369518564396,FORCE_SELL,0.05,0.15
2021-06-21,100000.0,100000.0,0,1.5499999999999994,2.2499999999999996,0.14242669838118063,FREE,0.05,0.15
2021-06-22,100000.0,100000.0,0,1.5499999999999994,2.2499999999999996,0.14571156243961259,FREE,0.05,0.15
2021-06-23,100000.0,100000.0,0,1.5499999999999994,2.2499999999999996,0.18835510163963406,FORCE_SELL,0.05,0.15
2021-06-24,100000.0,100000.0,0,1.0499999999999996,2.4499999999999993,0.21766268906708316,FORCE_SELL,0.05,0.15
2021-06-25,100000.0,100000.0,0,1.0499999999999996,2.4499999999999993,0.20436073399631208,FORCE_SELL,0.05,0.15
2021-06-28,100000.0,100000.0,0,-0.5,0.3999999999999998,0.13807557772305437,FREE,0.05,0.15
2021-06-29,100000.0,100000.0,0,-0.5,0.9499999999999997,0.14577257953927344,FREE,0.05,0.15
2021-06-30,100000.0,100000.0,0,1.3999999999999995,0.6499999999999997,0.15367269516850954,FORCE_SELL,0.05,0.15
2021-07-01,100000.0,100000.0,0,1.5999999999999996,0.34999999999999987,0.14802447047123837,FREE,0.05,0.15
2021-07-02,100000.0,100000.0,0,2.4499999999999993,1.6999999999999993,0.148767129802983,FREE,0.05,0.15
2021-07-06,100000.0,100000.0,0,2.4499999999999993,1.6999999999999993,0.14572664282070977,FREE,0.05,0.15
2021-07-07,100000.0,100000.0,0,-0.5,1.2499999999999996,0.16613706399033093,FORCE_SELL,0.05,0.15
2021-07-08,100000.0,100000.0,0,2.3999999999999995,1.4499999999999995,0.16849057139523727,FORCE_SELL,0.05,0.15
2021-07-09,100000.0,100000.0,0,1.4499999999999995,0.6999999999999997,0.12428972532316605,FREE,0.05,0.15
2021-07-12,100000.0,100000.0,0,1.4499999999999995,0.6999999999999997,0.10967299977188105,FREE,0.05,0.15
2021-07-13,100000.0,100000.0,0,1.4499999999999995,0.6999999999999997,0.218509223639944,FORCE_SELL,0.05,0.15
2021-07-14,100000.0,100000.0,0,1.9999999999999996,-0.5,0.17301557346312188,FORCE_SELL,0.05,0.15
2021-07-15,100000.0,100000.0,0,2.1499999999999995,-0.5,0.19860576544333675,FORCE_SELL,0.05,0.15
2021-07-16,100000.0,100000.0,0,2.499999999999999,-0.5,0.28461339375384737,FORCE_SELL,0.05,0.15
2021-07-19,100000.0,100000.0,0,2.4499999999999993,1.9999999999999996,0.13890053055345095,FREE,0.05,0.15
2021-07-20,100000.0,100000.0,0,2.2999999999999994,2.0999999999999996,0.1521182684882407,FORCE_SELL,0.05,0.15
2021-07-21,100000.0,100000.0,0,1.7999999999999994,1.8499999999999996,0.10620750934404645,FREE,0.05,0.15
2021-07-22,100000.0,100000.0,0,1.2499999999999996,1.9499999999999993,0.10855573915945178,FREE,0.05,0.15
2021-07-23,100000.0,100000.0,0,1.2499999999999996,1.9499999999999993,0.14029394165388748,FREE,0.05,0.15
2021-07-26,100000.0,100000.0,0,1.9999999999999996,1.4999999999999996,0.11512860623715944,FREE,0.05,0.15
2021-07-27,100000.0,100000.0,0,2.1499999999999995,1.3999999999999995,0.2403470423077597,FORCE_SELL,0.05,0.15
2021-07-28,100000.0,100000.0,0,2.1499999999999995,1.6999999999999993,0.17263783123236098,FORCE_SELL,0.05,0.15
2021-07-29,100000.0,100000.0,0,2.499999999999999,1.8499999999999996,0.17270546273593254,FORCE_SELL,0.05,0.15
2021-07-30,100000.0,100000.0,0,2.499999999999999,1.7999999999999994,0.13323942889290522,FREE,0.05,0.15
2021-08-02,100000.0,100000.0,0,-0.5,1.9499999999999993,0.2237330355641299,FORCE_SELL,0.05,0.15
2021-08-03,100000.0,100000.0,0,-0.5,-0.5,0.13570061986627102,FREE,0.05,0.15
2021-08-04,100000.0,100000.0,0,0.9499999999999997,2.2999999999999994,0.15208773116998991,FORCE_SELL,0.05,0.15
2021-08-05,100000.0,100000.0,0,0.5499999999999998,-0.5,0.11727953324623268,FREE,0.05,0.15
2021-08-06,100000.0,100000.0,0,1.1999999999999997,-0.5,0.16699384126790037,FORCE_SELL,0.05,0.15
2021-08-09,100000.0,100000.0,0,1.0499999999999996,0.9999999999999996,0.14888972452306626,FREE,0.05,0.15
2021-08-10,100000.0,100000.0,0,0.3999999999999998,-0.5,0.24428422592813157,FORCE_SELL,0.05,0.15
2021-08-11,100000.0,100000.0,0,1.0499999999999996,0.9999999999999996,0.20832683626008094,FORCE_SELL,0.05,0.15
2021-08-12,100000.0,100000.0,0,0.8499999999999996,0.9999999999999996,0.1428691207378768,FREE,0.05,0.15
2021-08-13,100000.0,100000.0,0,0.8999999999999997,1.1499999999999997,0.14433044887365845,FREE,0.05,0.15
2021-08-16,100000.0,100000.0,0,0.8999999999999997,1.1499999999999997,0.16642706761987222,FORCE_SELL,0.05,0.15
2021-08-17,100000.0,100000.0,0,0.8499999999999996,-0.5,0.18902170772577817,FORCE_SELL,0.05,0.15
2021-08-18,100000.0,100000.0,0,1.2499999999999996,-0.5,0.2999010961121087,FORCE_SELL,0.05,0.15
2021-08-19,100000.0,100000.0,0,1.6999999999999993,1.7499999999999996,0.18084930023985782,FORCE_SELL,0.05,0.15
2021-08-20,100000.0,100000.0,0,1.7499999999999996,1.7999999999999994,0.12414131192594428,FREE,0.05,0.15
2021-08-23,100000.0,100000.0,0,1.7499999999999996,1.7999999999999994,0.14693977592248578,FREE,0.05,0.15
2021-08-24,100000.0,100000.0,0,1.7499999999999996,1.7999999999999994,0.1497536520306001,FREE,0.05,0.15
2021-08-25,100000.0,100000.0,0,-0.5,2.0499999999999994,0.15303958060209927,FORCE_SELL,0.05,0.15
2021-08-26,100000.0,100000.0,0,0.8499999999999996,2.0499999999999994,0.2594208265752669,FORCE_SELL,0.05,0.15
2021-08-27,100000.0,100000.0,0,0.6999999999999997,2.0999999999999996,0.13829399749495072,FREE,0.05,0.15
2021-08-30,100000.0,100000.0,0,0.6999999999999997,2.0999999999999996,0.1508797499574798,FORCE_SELL,0.05,0.15
2021-08-31,100000.0,100000.0,0,-0.5,0.5999999999999996,0.16596693322650027,FORCE_SELL,0.05,0.15
2021-09-01,100000.0,100000.0,0,0.9999999999999996,0.3999999999999998,0.22871161345370508,FORCE_SELL,0.05,0.15
2021-09-02,100000.0,100000.0,0,-0.5,0.5999999999999996,0.22499442992773466,FORCE_SELL,0.05,0.15
2021-09-03,100000.0,100000.0,0,1.7499999999999996,0.5499999999999998,0.15509340982043818,FORCE_SELL,0.05,0.15
2021-09-07,100000.0,100000.0,0,1.2999999999999996,-0.5,0.17539799717048976,FORCE_SELL,0.05,0.15
2021-09-08,100000.0,100000.0,0,1.4499999999999995,1.2499999999999996,0.18142919389695847,FORCE_SELL,0.05,0.15
2021-09-09,100000.0,100000.0,0,1.1999999999999997,-0.5,0.28367414884635905,FORCE_SELL,0.05,0.15
2021-09-10,100000.0,100000.0,0,0.9999999999999996,-0.5,0.3588144615780182,FORCE_SELL,0.05,0.15
2021-09-13,100000.0,100000.0,0,1.3999999999999995,2.1499999999999995,0.24017588463099146,FORCE_SELL,0.05,0.15
2021-09-14,100000.0,100000.0,0,1.6999999999999993,1.6499999999999995,0.26088584105467866,FORCE_SELL,0.05,0.15
2021-09-15,100000.0,100000.0,0,1.8499999999999996,1.4499999999999995,0.15760196779818061,FORCE_SELL,0.05,0.15
2021-09-16,100000.0,100000.0,0,1.6499999999999995,1.1999999999999997,0.17065799946473237,FORCE_SELL,0.05,0.15
2021-09-17,100000.0,100000.0,0,1.6499999999999995,1.3999999999999995,0.2848796564751323,FORCE_SELL,0.05,0.15
2021-09-20,100000.0,100000.0,0,2.4499999999999993,-0.5,0.22977794392296014,FORCE_SELL,0.05,0.15
2021-09-21,100000.0,100000.0,0,2.2999999999999994,-0.5,0.20291040316339073,FORCE_SELL,0.05,0.15
2021-09-22,100000.0,100000.0,0,2.499999999999999,2.1499999999999995,0.14322369933475312,FREE,0.05,0.15
2021-09-23,100000.0,100000.0,0,2.499999999999999,2.1499999999999995,0.136493898989914,FREE,0.05,0.15
2021-09-24,100000.0,100000.0,0,1.9499999999999993,2.499999999999999,0.12076063455574015,FREE,0.05,0.15
2021-09-27,100000.0,100000.0,0,2.0499999999999994,1.8499999999999996,0.15578706502840908,FORCE_SELL,0.05,0.15
2021-09-28,100000.0,100000.0,0,2.3999999999999995,-0.5,0.306763791727696,FORCE_SELL,0.05,0.15
2021-09-29,100000.0,100000.0,0,2.499999999999999,2.3999999999999995,0.20491292242749096,FORCE_SELL,0.05,0.15
2021-09-30,100000.0,100000.0,0,-0.5,-0.5,0.22298400303417068,FORCE_SELL,0.05,0.15
2021-10-01,100000.0,100000.0,0,-0.5,1.5499999999999994,0.13511725427113352,FREE,0.05,0.15
2021-10-04,100000.0,100000.0,0,1.8499999999999996,1.9999999999999996,0.2091681563581567,FORCE_SELL,0.05,0.15
2021-10-05,100000.0,100000.0,0,1.8499999999999996,1.9999999999999996,0.15717024224616793,FORCE_SELL,0.05,0.15
2021-10-06,100000.0,100000.0,0,-0.5,-0.5,0.12471548150810596,FREE,0.05,0.15
2021-10-07,100000.0,100000.0,0,-0.5,2.3999999999999995,0.19163443754209353,FORCE_SELL,0.05,0.15
2021-10-08,100000.0,100000.0,0,0.8999999999999997,-0.5,0.20415173546378654,FORCE_SELL,0.05,0.15
2021-10-11,100000.0,100000.0,0,1.7999999999999994,-0.5,0.25330059629803686,FORCE_SELL,0.05,0.15
2021-10-12,100000.0,100000.0,0,2.0499999999999994,2.0999999999999996,0.20903164717340736,FORCE_SELL,0.05,0.15
2021-10-13,100000.0,100000.0,0,0.9999999999999996,2.0999999999999996,0.1270154706534893,FREE,0.05,0.15
2021-10-14,100000.0,100000.0,0,-0.5,2.4499999999999993,0.13701447463303906,FREE,0.05,0.15
2021-10-15,100000.0,100000.0,0,-0.5,2.499999999999999,0.1430139850740231,FREE,0.05,0.15
2021-10-18,100000.0,100000.0,0,-0.5,2.499999999999999,0.16070772674103362,FORCE_SELL,0.05,0.15
2021-10-19,100000.0,100000.0,0,-0.5,2.499999999999999,0.14397008196266506,FREE,0.05,0.15
2021-10-20,100000.0,100000.0,0,0.5999999999999996,-0.5,0.20133274697007217,FORCE_SELL,0.05,0.15
2021-10-21,100000.0,100000.0,0,0.4999999999999998,-0.5,0.14916757482485163,FREE,0.05,0.15
2021-10-22,100000.0,100000.0,0,1.3999999999999995,-0.5,0.2514283868058211,FORCE_SELL,0.05,0.15
2021-10-25,100000.0,100000.0,0,1.3999999999999995,-0.5,0.18268731647645764,FORCE_SELL,0.05,0.15
2021-10-26,100000.0,100000.0,0,1.3999999999999995,-0.5,0.2828303744768557,FORCE_SELL,0.05,0.15
2021-10-27,100000.0,100000.0,0,1.3999999999999995,-0.5,0.2842701324347508,FORCE_SELL,0.05,0.15
2021-10-28,100000.0,100000.0,0,1.3999999999999995,-0.5,0.16023527069986035,FORCE_SELL,0.05,0.15
2021-10-29,100000.0,100000.0,0,-0.5,1.4999999999999996,0.1628160003389875,FORCE_SELL,0.05,0.15
2021-11-01,100000.0,100000.0,0,1.9499999999999993,1.7499999999999996,0.14837930902165303,FREE,0.05,0.15
2021-11-02,100000.0,100000.0,0,1.2999999999999996,1.4999999999999996,0.1567949994824324,FORCE_SELL,0.05,0.15
2021-11-03,100000.0,100000.0,0,-0.5,2.1999999999999993,0.1721217718731648,FORCE_SELL,0.05,0.15
2021-11-04,100000.0,100000.0,0,-0.5,2.1999999999999993,0.20175057367153224,FORCE_SELL,0.05,0.15
2021-11-05,100000.0,100000.0,0,1.1999999999999997,1.6499999999999995,0.24656250554741857,FORCE_SELL,0.05,0.15
2021-11-08,100000.0,100000.0,0,-0.5,0.5999999999999996,0.23346882189471815,FORCE_SELL,0.05,0.15
2021-11-09,100000.0,100000.0,0,2.499999999999999,0.7999999999999998,0.2720631467585069,FORCE_SELL,0.05,0.15
2021-11-10,100000.0,100000.0,0,-0.5,0.24999999999999978,0.29149090464007404,FORCE_SELL,0.05,0.15
2021-11-11,100000.0,100000.0,0,1.9499999999999993,0.19999999999999984,0.22203017005025405,FORCE_SELL,0.05,0.15
2021-11-12,100000.0,100000.0,0,1.7499999999999996,1.0499999999999996,0.15140546643323147,FORCE_SELL,0.05,0.15
2021-11-15,100000.0,100000.0,0,1.7499999999999996,1.0499999999999996,0.16372121933761888,FORCE_SELL,0.05,0.15
2021-11-16,100000.0,100000.0,0,-0.5,1.3499999999999996,0.1482916845180358,FREE,0.05,0.15
2021-11-17,100000.0,100000.0,0,0.8499999999999996,1.9999999999999996,0.2305266287440766,FORCE_SELL,0.05,0.15
2021-11-18,100000.0,100000.0,0,0.8499999999999996,1.9999999999999996,0.17572742768419655,FORCE_SELL,0.05,0.15
2021-11-19,100000.0,100000.0,0,-0.5,2.349999999999999,0.18084492048905954,FORCE_SELL,0.05,0.15
2021-11-22,100000.0,100000.0,0,-0.5,2.349999999999999,0.3522087386214184,FORCE_SELL,0.05,0.15
2021-11-23,100000.0,100000.0,0,-0.5,1.6999999999999993,0.19211006969649866,FORCE_SELL,0.05,0.15
2021-11-24,100000.0,100000.0,0,-0.5,1.2999999999999996,0.14248275092463933,FREE,0.05,0.15
2021-11-26,100000.0,100000.0,0,-0.5,1.1499999999999997,0.2687815486157245,FORCE_SELL,0.05,0.15
2021-11-29,100000.0,100000.0,0,-0.5,2.2499999999999996,0.12993319545024257,FREE,0.05,0.15
2021-11-30,100000.0,100000.0,0,1.4499999999999995,2.499999999999999,0.23504025087178848,FORCE_SELL,0.05,0.15
2021-12-01,100000.0,100000.0,0,2.0999999999999996,-0.5,0.3402365265047122,FORCE_SELL,0.05,0.15
2021-12-02,100000.0,100000.0,0,2.4499999999999993,1.7499999999999996,0.1219971887178654,FREE,0.05,0.15
2021-12-03,100000.0,100000.0,0,2.4499999999999993,1.2999999999999996,0.2501040679325153,FORCE_SELL,0.05,0.15
2021-12-06,100000.0,100000.0,0,2.0999999999999996,2.3999999999999995,0.1198262341019849,FREE,0.05,0.15
2021-12-07,100000.0,100000.0,0,2.0999999999999996,-0.5,0.11734415235161873,FREE,0.05,0.15
2021-12-08,100000.0,100000.0,0,2.0999999999999996,-0.5,0.1041332487357155,FREE,0.05,0.15
2021-12-09,100000.0,100000.0,0,1.4499999999999995,-0.5,0.25431683345968703,FORCE_SELL,0.05,0.15
2021-12-10,100000.0,100000.0,0,1.2999999999999996,-0.5,0.11304389385927964,FREE,0.05,0.15
2021-12-13,100000.0,100000.0,0,1.2999999999999996,-0.5,0.24258397352345618,FORCE_SELL,0.05,0.15
2021-12-14,100000.0,100000.0,0,2.3999999999999995,2.2499999999999996,0.158693754393486,FORCE_SELL,0.05,0.15
2021-12-15,100000.0,100000.0,0,2.349999999999999,1.9499999999999993,0.14033772472194064,FREE,0.05,0.15
2021-12-16,100000.0,100000.0,0,-0.5,2.3999999999999995,0.28626112746301613,FORCE_SELL,0.05,0.15
2021-12-17,100000.0,100000.0,0,-0.5,2.0499999999999994,0.17592880103485287,FORCE_SELL,0.05,0.15
2021-12-20,100000.0,100000.0,0,-0.5,2.0499999999999994,0.09951589156440688,FREE,0.05,0.15
2021-12-21,100000.0,100000.0,0,-0.5,2.0499999999999994,0.13101432999278087,FREE,0.05,0.15
2021-12-22,100000.0,100000.0,0,-0.5,2.0499999999999994,0.11367450220414378,FREE,0.05,0.15
2021-12-23,100000.0,100000.0,0,-0.5,2.0499999999999994,0.15296456400881334,FORCE_SELL,0.05,0.15
2021-12-27,100000.0,100000.0,0,-0.5,2.0499999999999994,0.14799128669284298,FREE,0.05,0.15
2021-12-28,100000.0,100000.0,0,-0.5,2.0499999999999994,0.2347261918450724,FORCE_SELL,0.05,0.15
2021-12-29,100000.0,100000.0,0,1.9499999999999993,-0.5,0.21517013040071684,FORCE_SELL,0.05,0.15
2021-12-30,100000.0,100000.0,0,1.5999999999999996,-0.5,0.3093091699848435,FORCE_SELL,0.05,0.15
2021-12-31,100000.0,100000.0,0,1.3499999999999996,2.1999999999999993,0.27430313494008524,FORCE_SELL,0.05,0.15
2022-01-03,100000.0,100000.0,0,1.3499999999999996,2.1999999999999993,0.17460444490669172,FORCE_SELL,0.05,0.15
2022-01-04,100000.0,100000.0,0,1.3499999999999996,2.1999999999999993,0.33458033141439686,FORCE_SELL,0.05,0.15
2022-01-05,100000.0,100000.0,0,2.3999999999999995,-0.5,0.4756648524531462,FORCE_SELL,0.05,0.15
2022-01-06,100000.0,100000.0,0,2.0499999999999994,-0.5,0.22879692759036963,FORCE_SELL,0.05,0.15
2022-01-07,100000.0,100000.0,0,-0.5,-0.5,0.27800748864723,FORCE_SELL,0.05,0.15
2022-01-10,100000.0,100000.0,0,-0.5,-0.5,0.4221089164439527,FORCE_SELL,0.05,0.15
2022-01-11,100000.0,100000.0,0,-0.5,-0.5,0.4356162416707452,FORCE_SELL,0.05,0.15
2022-01-12,100000.0,100000.0,0,1.8499999999999996,-0.5,0.5314411691980419,FORCE_SELL,0.05,0.15
2022-01-13,100000.0,100000.0,0,2.4499999999999993,-0.5,0.7193905367381621,FORCE_SELL,0.05,0.15
2022-01-14,100000.0,100000.0,0,2.1499999999999995,-0.5,0.37639995984718033,FORCE_SELL,0.05,0.15
2022-01-18,100000.0,100000.0,0,-0.5,-0.5,0.5903238277729456,FORCE_SELL,0.05,0.15
2022-01-19,100000.0,100000.0,0,-0.5,1.3999999999999995,0.5888631216666599,FORCE_SELL,0.05,0.15
2022-01-20,100000.0,100000.0,0,2.499999999999999,1.9499999999999993,0.5979309132888245,FORCE_SELL,0.05,0.15
2022-01-21,100000.0,100000.0,0,-0.5,-0.5,0.5156765344218733,FORCE_SELL,0.05,0.15
2022-01-24,100000.0,100000.0,0,-0.5,-0.5,0.2882830509220606,FORCE_SELL,0.05,0.15
2022-01-25,100000.0,100000.0,0,-0.5,-0.5,0.3175008373755908,FORCE_SELL,0.05,0.15
2022-01-26,100000.0,100000.0,0,-0.5,-0.5,0.5079870125639041,FORCE_SELL,0.05,0.15
2022-01-27,100000.0,100000.0,0,-0.5,-0.5,0.4312314084273822,FORCE_SELL,0.05,0.15
2022-01-28,100000.0,100000.0,0,-0.5,-0.5,0.2519163489202986,FORCE_SELL,0.05,0.15
2022-01-31,100000.0,100000.0,0,-0.5,-0.5,0.24776840877345466,FORCE_SELL,0.05,0.15
2022-02-01,100000.0,100000.0,0,-0.5,-0.5,0.2334898390231885,FORCE_SELL,0.05,0.15
2022-02-02,100000.0,100000.0,0,1.9499999999999993,-0.5,0.3358343603576011,FORCE_SELL,0.05,0.15
2022-02-03,100000.0,100000.0,0,2.3999999999999995,-0.5,0.4417532073454662,FORCE_SELL,0.05,0.15
2022-02-04,100000.0,100000.0,0,2.3999999999999995,-0.5,0.31521532764688687,FORCE_SELL,0.05,0.15
2022-02-07,100000.0,100000.0,0,-0.5,1.8999999999999995,0.3805553352985244,FORCE_SELL,0.05,0.15
2022-02-08,100000.0,100000.0,0,-0.5,2.499999999999999,0.22886840004839515,FORCE_SELL,0.05,0.15
2022-02-09,100000.0,100000.0,0,-0.5,2.3999999999999995,0.2034442329284899,FORCE_SELL,0.05,0.15
2022-02-10,100000.0,100000.0,0,-0.5,-0.5,0.42294731731627605,FORCE_SELL,0.05,0.15
2022-02-11,100000.0,100000.0,0,-0.5,-0.5,0.4825495085193947,FORCE_SELL,0.05,0.15
2022-02-14,100000.0,100000.0,0,-0.5,-0.5,0.26259519201363296,FORCE_SELL,0.05,0.15
2022-02-15,100000.0,100000.0,0,2.499999999999999,1.0999999999999996,0.20878076836389145,FORCE_SELL,0.05,0.15
2022-02-16,100000.0,100000.0,0,2.499999999999999,1.1999999999999997,0.23371755607715783,FORCE_SELL,0.05,0.15
2022-02-17,100000.0,100000.0,0,-0.5,2.1499999999999995,0.46021364171243623,FORCE_SELL,0.05,0.15
2022-02-18,100000.0,100000.0,0,-0.5,2.1499999999999995,0.35325457406943944,FORCE_SELL,0.05,0.15
2022-02-22,100000.0,100000.0,0,-0.5,2.1499999999999995,0.29760178243040086,FORCE_SELL,0.05,0.15
2022-02-23,100000.0,100000.0,0,-0.5,-0.5,0.47230403341578026,FORCE_SELL,0.05,0.15
2022-02-24,100000.0,100000.0,0,-0.5,-0.5,0.2405476496590063,FORCE_SELL,0.05,0.15
2022-02-25,100000.0,100000.0,0,-0.5,2.4499999999999993,0.191438863852711,FORCE_SELL,0.05,0.15
2022-02-28,100000.0,100000.0,0,1.6499999999999995,-0.5,0.20004517501905217,FORCE_SELL,0.05,0.15
2022-03-01,100000.0,100000.0,0,1.5999999999999996,-0.5,0.3103512910990125,FORCE_SELL,0.05,0.15
2022-03-02,100000.0,100000.0,0,-0.5,-0.5,0.18321646718766904,FORCE_SELL,0.05,0.15
2022-03-03,100000.0,100000.0,0,-0.5,2.2999999999999994,0.3085643121901643,FORCE_SELL,0.05,0.15
2022-03-04,100000.0,100000.0,0,2.499999999999999,-0.5,0.2190271903177173,FORCE_SELL,0.05,0.15
2022-03-07,100000.0,100000.0,0,-0.5,-0.5,0.3711418204934904,FORCE_SELL,0.05,0.15
2022-03-08,100000.0,100000.0,0,-0.5,1.8499999999999996,0.2719786370955795,FORCE_SELL,0.05,0.15
2022-03-09,100000.0,100000.0,0,-0.5,1.6999999999999993,0.1686262189198439,FORCE_SELL,0.05,0.15
2022-03-10,100000.0,100000.0,0,-0.5,1.6499999999999995,0.1345827354768444,FREE,0.05,0.15
2022-03-11,100000.0,100000.0,0,-0.5,1.9999999999999996,0.329390405947026,FORCE_SELL,0.05,0.15
2022-03-14,100000.0,100000.0,0,-0.5,-0.5,0.30698023514390776,FORCE_SELL,0.05,0.15
2022-03-15,100000.0,100000.0,0,-0.5,-0.5,0.1640038479256205,FORCE_SELL,0.05,0.15
2022-03-16,100000.0,100000.0,0,2.0499999999999994,-0.5,0.1800883016561123,FORCE_SELL,0.05,0.15
2022-03-17,100000.0,100000.0,0,2.2999999999999994,-0.5,0.10230359668445795,FREE,0.05,0.15
2022-03-18,100000.0,100000.0,0,2.2999999999999994,-0.5,0.11280522119671506,FREE,0.05,0.15
2022-03-21,100000.0,100000.0,0,-0.5,-0.5,0.13258943442524868,FREE,0.05,0.15
2022-03-22,100000.0,100000.0,0,-0.5,-0.5,0.12555952842011514,FREE,0.05,0.15
2022-03-23,100000.0,100000.0,0,-0.5,-0.5,0.22753210031486285,FORCE_SELL,0.05,0.15
2022-03-24,100000.0,100000.0,0,-0.5,-0.5,0.1188133396207874,FREE,0.05,0.15
2022-03-25,100000.0,100000.0,0,-0.5,-0.5,0.12084460673992348,FREE,0.05,0.15
2022-03-28,100000.0,100000.0,0,-0.5,2.1499999999999995,0.11689114158918273,FREE,0.05,0.15
2022-03-29,100000.0,100000.0,0,-0.5,1.8999999999999995,0.13222790276858998,FREE,0.05,0.15
2022-03-30,100000.0,100000.0,0,2.1999999999999993,-0.5,0.18694502959348017,FORCE_SELL,0.05,0.15
2022-03-31,100000.0,100000.0,0,2.499999999999999,-0.5,0.2092577118552195,FORCE_SELL,0.05,0.15
2022-04-01,100000.0,100000.0,0,2.499999999999999,-0.5,0.1283482386570575,FREE,0.05,0.15
2022-04-04,100000.0,100000.0,0,2.499999999999999,-0.5,0.1108946612591077,FREE,0.05,0.15
2022-04-05,100000.0,100000.0,0,2.2999999999999994,-0.5,0.2349419243445138,FORCE_SELL,0.05,0.15
2022-04-06,100000.0,100000.0,0,2.2999999999999994,-0.5,0.16427947552309521,FORCE_SELL,0.05,0.15
2022-04-07,100000.0,100000.0,0,-0.5,1.6499999999999995,0.14207818907944272,FREE,0.05,0.15
2022-04-08,100000.0,100000.0,0,-0.5,-0.5,0.1733805282277383,FORCE_SELL,0.05,0.15
2022-04-11,100000.0,100000.0,0,2.3999999999999995,-0.5,0.1912014604711181,FORCE_SELL,0.05,0.15
2022-04-12,100000.0,100000.0,0,2.3999999999999995,0.5999999999999996,0.20037013588383312,FORCE_SELL,0.05,0.15
2022-04-13,100000.0,100000.0,0,2.2499999999999996,2.2999999999999994,0.1018507870051385,FREE,0.05,0.15
2022-04-14,100000.0,100000.0,0,1.8499999999999996,1.3999999999999995,0.2017690902318762,FORCE_SELL,0.05,0.15
2022-04-18,100000.0,100000.0,0,-0.5,-0.5,0.10360630004882805,FREE,0.05,0.15
2022-04-19,100000.0,100000.0,0,1.1999999999999997,2.4499999999999993,0.10738625757417535,FREE,0.05,0.15
2022-04-20,100000.0,100000.0,0,1.2999999999999996,1.8499999999999996,0.15566607270404406,FORCE_SELL,0.05,0.15
2022-04-21,100000.0,100000.0,0,1.7499999999999996,-0.5,0.23344845715820642,FORCE_SELL,0.05,0.15
2022-04-22,100000.0,100000.0,0,1.5999999999999996,-0.5,0.30405945377534094,FORCE_SELL,0.05,0.15
2022-04-25,100000.0,100000.0,0,-0.5,-0.5,0.12922038631024724,FREE,0.05,0.15
2022-04-26,100000.0,100000.0,0,-0.5,-0.5,0.2736383357743097,FORCE_SELL,0.05,0.15
2022-04-27,100000.0,100000.0,0,-0.5,-0.5,0.19560937027641545,FORCE_SELL,0.05,0.15
2022-04-28,100000.0,100000.0,0,-0.5,-0.5,0.20665614856107176,FORCE_SELL,0.05,0.15
2022-04-29,100000.0,100000.0,0,-0.5,2.499999999999999,0.3015013230478075,FORCE_SELL,0.05,0.15
2022-05-02,100000.0,100000.0,0,-0.5,-0.5,0.13307236265161956,FREE,0.05,0.15
2022-05-03,100000.0,100000.0,0,-0.5,-0.5,0.17245478493666258,FORCE_SELL,0.05,0.15
2022-05-04,100000.0,100000.0,0,-0.5,2.4499999999999993,0.23005793324767373,FORCE_SELL,0.05,0.15
2022-05-05,100000.0,100000.0,0,-0.5,-0.5,0.28852337746805196,FORCE_SELL,0.05,0.15
2022-05-06,100000.0,100000.0,0,-0.5,-0.5,0.19230289129438197,FORCE_SELL,0.05,0.15
2022-05-09,100000.0,100000.0,0,-0.5,-0.5,0.2445132122378345,FORCE_SELL,0.05,0.15
2022-05-10,100000.0,100000.0,0,-0.5,2.4499999999999993,0.18807334947890952,FORCE_SELL,0.05,0.15
2022-05-11,100000.0,100000.0,0,-0.5,2.1499999999999995,0.2159943558943144,FORCE_SELL,0.05,0.15
2022-05-12,100000.0,100000.0,0,-0.5,-0.5,0.15192163781130893,FORCE_SELL,0.05,0.15
2022-05-13,100000.0,100000.0,0,-0.5,-0.5,0.15908277359125866,FORCE_SELL,0.05,0.15
2022-05-16,100000.0,100000.0,0,2.2999999999999994,-0.5,0.21309826255623968,FORCE_SELL,0.05,0.15
2022-05-17,100000.0,100000.0,0,2.0999999999999996,-0.5,0.17843114495078496,FORCE_SELL,0.05,0.15
2022-05-18,100000.0,100000.0,0,1.6499999999999995,-0.5,0.31262816877930305,FORCE_SELL,0.05,0.15
2022-05-19,100000.0,100000.0,0,2.499999999999999,-0.5,0.20618667299952406,FORCE_SELL,0.05,0.15
2022-05-20,100000.0,100000.0,0,2.4499999999999993,-0.5,0.21156333130119273,FORCE_SELL,0.05,0.15
2022-05-23,100000.0,100000.0,0,2.4499999999999993,-0.5,0.15025578800248557,FORCE_SELL,0.05,0.15
2022-05-24,100000.0,100000.0,0,-0.5,-0.5,0.1469955314771346,FREE,0.05,0.15
2022-05-25,100000.0,100000.0,0,2.1499999999999995,-0.5,0.18801476907386558,FORCE_SELL,0.05,0.15
2022-05-26,100000.0,100000.0,0,-0.5,-0.5,0.08294457231850504,FREE,0.05,0.15
2022-05-27,100000.0,100000.0,0,-0.5,-0.5,0.07304093065253342,FREE,0.05,0.15
2022-05-31,100000.0,100000.0,0,-0.5,-0.5,0.09133576542120975,FREE,0.05,0.15
2022-06-01,100000.0,100000.0,0,-0.5,-0.5,0.130530283509968,FREE,0.05,0.15
2022-06-02,100000.0,100000.0,0,-0.5,-0.5,0.09634337680721468,FREE,0.05,0.15
2022-06-03,100000.0,100000.0,0,-0.5,-0.5,0.12171935734599615,FREE,0.05,0.15
2022-06-06,100000.0,100000.0,0,-0.5,2.0999999999999996,0.14008957899048305,FREE,0.05,0.15
2022-06-07,100000.0,100000.0,0,-0.5,2.1499999999999995,0.0884153884817712,FREE,0.05,0.15
2022-06-08,100000.0,100000.0,0,-0.5,2.499999999999999,0.1359422848911913,FREE,0.05,0.15
2022-06-09,100000.0,100000.0,0,-0.5,-0.5,0.17132645862086482,FORCE_SELL,0.05,0.15
2022-06-10,100000.0,100000.0,0,-0.5,1.4499999999999995,0.24008936361701325,FORCE_SELL,0.05,0.15
2022-06-13,100000.0,100000.0,0,-0.5,-0.5,0.20291278889298958,FORCE_SELL,0.05,0.15
2022-06-14,100000.0,100000.0,0,-0.5,-0.5,0.13238874662158998,FREE,0.05,0.15
2022-06-15,100000.0,100000.0,0,-0.5,-0.5,0.1744494002569353,FORCE_SELL,0.05,0.15
2022-06-16,100000.0,100000.0,0,-0.5,-0.5,0.14732855259651004,FREE,0.05,0.15
2022-06-17,100000.0,100000.0,0,-0.5,-0.5,0.1290679833361713,FREE,0.05,0.15
2022-06-21,100000.0,100000.0,0,2.4499999999999993,-0.5,0.17610072896696946,FORCE_SELL,0.05,0.15
2022-06-22,100000.0,100000.0,0,2.499999999999999,-0.5,0.18113765944829296,FORCE_SELL,0.05,0.15
2022-06-23,100000.0,100000.0,0,-0.5,-0.5,0.13949059280625556,FREE,0.05,0.15
2022-06-24,100000.0,100000.0,0,-0.5,-0.5,0.17812246990230376,FORCE_SELL,0.05,0.15
2022-06-27,100000.0,100000.0,0,-0.5,-0.5,0.23822296126054732,FORCE_SELL,0.05,0.15
2022-06-28,100000.0,100000.0,0,-0.5,-0.5,0.3219453599838954,FORCE_SELL,0.05,0.15
2022-06-29,100000.0,100000.0,0,-0.5,-0.5,0.15669858815794963,FORCE_SELL,0.05,0.15
2022-06-30,100000.0,100000.0,0,-0.5,1.6999999999999993,0.17756819790921533,FORCE_SELL,0.05,0.15
2022-07-01,100000.0,100000.0,0,-0.5,2.1499999999999995,0.12004434537334076,FREE,0.05,0.15
2022-07-05,100000.0,100000.0,0,2.0499999999999994,2.1999999999999993,0.17142471563121883,FORCE_SELL,0.05,0.15
2022-07-06,100000.0,100000.0,0,1.3999999999999995,2.1999999999999993,0.2237271199787033,FORCE_SELL,0.05,0.15
2022-07-07,100000.0,100000.0,0,1.3999999999999995,2.1999999999999993,0.2157271151163788,FORCE_SELL,0.05,0.15
2022-07-08,100000.0,100000.0,0,-0.5,-0.5,0.2186658588046794,FORCE_SELL,0.05,0.15
2022-07-11,100000.0,100000.0,0,2.499999999999999,-0.5,0.27442642513070714,FORCE_SELL,0.05,0.15
2022-07-12,100000.0,100000.0,0,2.499999999999999,-0.5,0.31729619027854916,FORCE_SELL,0.05,0.15
2022-07-13,100000.0,100000.0,0,-0.5,-0.5,0.24112252749707172,FORCE_SELL,0.05,0.15
2022-07-14,100000.0,100000.0,0,-0.5,-0.5,0.22748465938758247,FORCE_SELL,0.05,0.15
2022-07-15,100000.0,100000.0,0,-0.5,-0.5,0.20541651370319972,FORCE_SELL,0.05,0.15
2022-07-18,100000.0,100000.0,0,1.6999999999999993,-0.5,0.36334277037507584,FORCE_SELL,0.05,0.15
2022-07-19,100000.0,100000.0,0,1.6999999999999993,-0.5,0.25672465793197236,FORCE_SELL,0.05,0.15
2022-07-20,100000.0,100000.0,0,1.2499999999999996,-0.5,0.14452451025500496,FREE,0.05,0.15
2022-07-21,100000.0,100000.0,0,0.9999999999999996,-0.5,0.13546787836118127,FREE,0.05,0.15
2022-07-22,100000.0,100000.0,0,1.5499999999999994,-0.5,0.2071930223570605,FORCE_SELL,0.05,0.15
2022-07-25,100000.0,100000.0,0,-0.5,-0.5,0.1656356939234939,FORCE_SELL,0.05,0.15
2022-07-26,100000.0,100000.0,0,-0.5,1.4499999999999995,0.19944682591322974,FORCE_SELL,0.05,0.15
2022-07-27,100000.0,100000.0,0,1.7499999999999996,-0.5,0.18053089995654378,FORCE_SELL,0.05,0.15
2022-07-28,100000.0,100000.0,0,-0.5,-0.5,0.1329958009398771,FREE,0.05,0.15
2022-07-29,100000.0,100000.0,0,-0.5,-0.5,0.14328343053412518,FREE,0.05,0.15
2022-08-01,100000.0,100000.0,0,-0.5,-0.5,0.18826671349719773,FORCE_SELL,0.05,0.15
2022-08-02,100000.0,100000.0,0,-0.5,-0.5,0.21900466863357212,FORCE_SELL,0.05,0.15
2022-08-03,100000.0,100000.0,0,-0.5,-0.5,0.14302658679864197,FREE,0.05,0.15
2022-08-04,100000.0,100000.0,0,-0.5,-0.5,0.11533100714757039,FREE,0.05,0.15
2022-08-05,100000.0,100000.0,0,1.9499999999999993,-0.5,0.16100162633367854,FORCE_SELL,0.05,0.15
2022-08-08,100000.0,100000.0,0,1.9499999999999993,-0.5,0.19311240368604907,FORCE_SELL,0.05,0.15
2022-08-09,100000.0,100000.0,0,-0.5,1.9499999999999993,0.15505887950847427,FORCE_SELL,0.05,0.15
2022-08-10,100000.0,100000.0,0,-0.5,-0.5,0.1160206219238293,FREE,0.05,0.15
2022-08-11,100000.0,100000.0,0,-0.5,-0.5,0.17791623719811314,FORCE_SELL,0.05,0.15
2022-08-12,100000.0,100000.0,0,-0.5,-0.5,0.10846449383134653,FREE,0.05,0.15
2022-08-15,100000.0,100000.0,0,-0.5,-0.5,0.11139177200316192,FREE,0.05,0.15
2022-08-16,100000.0,100000.0,0,1.3499999999999996,-0.5,0.14043578721479852,FREE,0.05,0.15
2022-08-17,100000.0,100000.0,0,2.349999999999999,-0.5,0.17381039959639208,FORCE_SELL,0.05,0.15
2022-08-18,100000.0,100000.0,0,2.0499999999999994,-0.5,0.1369614417592865,FREE,0.05,0.15
2022-08-19,100000.0,100000.0,0,2.499999999999999,-0.5,0.18626758833961155,FORCE_SELL,0.05,0.15
2022-08-22,100000.0,100000.0,0,-0.5,2.3999999999999995,0.18061096074503924,FORCE_SELL,0.05,0.15
2022-08-23,100000.0,100000.0,0,-0.5,1.6999999999999993,0.17072741482175655,FORCE_SELL,0.05,0.15
2022-08-24,100000.0,100000.0,0,-0.5,2.0999999999999996,0.12426172957116115,FREE,0.05,0.15
2022-08-25,100000.0,100000.0,0,-0.5,2.3999999999999995,0.106955270294117,FREE,0.05,0.15
2022-08-26,100000.0,100000.0,0,-0.5,2.2499999999999996,0.2661774235758551,FORCE_SELL,0.05,0.15
2022-08-29,100000.0,100000.0,0,-0.5,-0.5,0.13301629960936187,FREE,0.05,0.15
2022-08-30,100000.0,100000.0,0,-0.5,-0.5,0.16573205407840974,FORCE_SELL,0.05,0.15
2022-08-31,100000.0,100000.0,0,-0.5,-0.5,0.16961412372566445,FORCE_SELL,0.05,0.15
2022-09-01,100000.0,100000.0,0,-0.5,2.1999999999999993,0.2210800996680278,FORCE_SELL,0.05,0.15
2022-09-02,100000.0,100000.0,0,-0.5,-0.5,0.4085230512674161,FORCE_SELL,0.05,0.15
2022-09-06,100000.0,100000.0,0,1.9999999999999996,-0.5,0.30318836177914343,FORCE_SELL,0.05,0.15
2022-09-07,100000.0,100000.0,0,1.6499999999999995,-0.5,0.26359486933567194,FORCE_SELL,0.05,0.15
2022-09-08,100000.0,100000.0,0,1.8999999999999995,-0.5,0.26557672803568594,FORCE_SELL,0.05,0.15
2022-09-09,100000.0,100000.0,0,1.8999999999999995,-0.5,0.2805874436239402,FORCE_SELL,0.05,0.15
2022-09-12,100000.0,100000.0,0,-0.5,-0.5,0.12273305109783095,FREE,0.05,0.15
2022-09-13,100000.0,100000.0,0,-0.5,-0.5,0.24409298654279044,FORCE_SELL,0.05,0.15
2022-09-14,100000.0,100000.0,0,-0.5,-0.5,0.12825593425448759,FREE,0.05,0.15
2022-09-15,100000.0,100000.0,0,-0.5,-0.5,0.23696500975119297,FORCE_SELL,0.05,0.15
2022-09-16,100000.0,100000.0,0,-0.5,2.1999999999999993,0.13747481909256834,FREE,0.05,0.15
2022-09-19,100000.0,100000.0,0,-0.5,2.1999999999999993,0.14177044587275053,FREE,0.05,0.15
2022-09-20,100000.0,100000.0,0,-0.5,-0.5,0.20934379999314004,FORCE_SELL,0.05,0.15
2022-09-21,100000.0,100000.0,0,-0.5,-0.5,0.32134485588395645,FORCE_SELL,0.05,0.15
2022-09-22,100000.0,100000.0,0,-0.5,-0.5,0.34533279918843984,FORCE_SELL,0.05,0.15
2022-09-23,100000.0,100000.0,0,-0.5,-0.5,0.31132747635704033,FORCE_SELL,0.05,0.15
2022-09-26,100000.0,100000.0,0,-0.5,-0.5,0.41033874850183577,FORCE_SELL,0.05,0.15
2022-09-27,100000.0,100000.0,0,-0.5,-0.5,0.412851468868801,FORCE_SELL,0.05,0.15
2022-09-28,100000.0,100000.0,0,-0.5,-0.5,0.3216630541102414,FORCE_SELL,0.05,0.15
2022-09-29,100000.0,100000.0,0,-0.5,-0.5,0.34385874862284366,FORCE_SELL,0.05,0.15
2022-09-30,100000.0,100000.0,0,-0.5,-0.5,0.4140906965844173,FORCE_SELL,0.05,0.15
2022-10-03,100000.0,100000.0,0,-0.5,-0.5,0.31560662013163643,FORCE_SELL,0.05,0.15
2022-10-04,100000.0,100000.0,0,1.3999999999999995,-0.5,0.2859063990678081,FORCE_SELL,0.05,0.15
2022-10-05,100000.0,100000.0,0,1.3999999999999995,-0.5,0.3137457247078076,FORCE_SELL,0.05,0.15
2022-10-06,100000.0,100000.0,0,-0.5,-0.5,0.40366706562314,FORCE_SELL,0.05,0.15
2022-10-07,100000.0,100000.0,0,2.3999999999999995,-0.5,0.371560088508572,FORCE_SELL,0.05,0.15
2022-10-10,100000.0,100000.0,0,-0.5,2.499999999999999,0.2841849905335038,FORCE_SELL,0.05,0.15
2022-10-11,100000.0,100000.0,0,-0.5,2.2499999999999996,0.3187401752863106,FORCE_SELL,0.05,0.15
2022-10-12,100000.0,100000.0,0,-0.5,2.1499999999999995,0.2984542758929845,FORCE_SELL,0.05,0.15
2022-10-13,100000.0,100000.0,0,-0.5,2.2499999999999996,0.32080699341667257,FORCE_SELL,0.05,0.15
2022-10-14,100000.0,100000.0,0,-0.5,2.2999999999999994,0.40979583419439863,FORCE_SELL,0.05,0.15
2022-10-17,100000.0,100000.0,0,-0.5,2.2999999999999994,0.23364240526380964,FORCE_SELL,0.05,0.15
2022-10-18,100000.0,100000.0,0,2.4499999999999993,-0.5,0.33003988908925613,FORCE_SELL,0.05,0.15
2022-10-19,100000.0,100000.0,0,2.3999999999999995,2.3999999999999995,0.2861605852845363,FORCE_SELL,0.05,0.15
2022-10-20,100000.0,100000.0,0,1.6999999999999993,-0.5,0.31443546151668694,FORCE_SELL,0.05,0.15
2022-10-21,100000.0,100000.0,0,-0.5,-0.5,0.2643946476325853,FORCE_SELL,0.05,0.15
2022-10-24,100000.0,100000.0,0,-0.5,-0.5,0.23507608757689813,FORCE_SELL,0.05,0.15
2022-10-25,100000.0,100000.0,0,2.0999999999999996,-0.5,0.22502611042236853,FORCE_SELL,0.05,0.15
2022-10-26,100000.0,100000.0,0,2.349999999999999,-0.5,0.32249287196362403,FORCE_SELL,0.05,0.15
2022-10-27,100000.0,100000.0,0,2.349999999999999,-0.5,0.32499096902850894,FORCE_SELL,0.05,0.15
2022-10-28,100000.0,100000.0,0,-0.5,-0.5,0.24526130020803674,FORCE_SELL,0.05,0.15
2022-10-31,100000.0,100000.0,0,-0.5,-0.5,0.22253822802278797,FORCE_SELL,0.05,0.15
2022-11-01,100000.0,100000.0,0,-0.5,-0.5,0.3057512411980577,FORCE_SELL,0.05,0.15
2022-11-02,100000.0,100000.0,0,-0.5,-0.5,0.38668907172378675,FORCE_SELL,0.05,0.15
2022-11-03,100000.0,100000.0,0,-0.5,-0.5,0.27668370892915883,FORCE_SELL,0.05,0.15
2022-11-04,100000.0,100000.0,0,-0.5,-0.5,0.22868926741841364,FORCE_SELL,0.05,0.15
2022-11-07,100000.0,100000.0,0,-0.5,-0.5,0.19310577575808688,FORCE_SELL,0.05,0.15
2022-11-08,100000.0,100000.0,0,-0.5,-0.5,0.2786469399217659,FORCE_SELL,0.05,0.15
2022-11-09,100000.0,100000.0,0,-0.5,-0.5,0.31102219666134995,FORCE_SELL,0.05,0.15
2022-11-10,100000.0,100000.0,0,-0.5,-0.5,0.2509787004089126,FORCE_SELL,0.05,0.15
2022-11-11,100000.0,100000.0,0,-0.5,-0.5,0.13399677094746612,FREE,0.05,0.15
2022-11-14,100000.0,100000.0,0,-0.5,-0.5,0.1786466352207098,FORCE_SELL,0.05,0.15
2022-11-15,100000.0,100000.0,0,-0.5,-0.5,0.17378422277253422,FORCE_SELL,0.05,0.15
2022-11-16,100000.0,100000.0,0,-0.5,-0.5,0.21316170913799126,FORCE_SELL,0.05,0.15
2022-11-17,100000.0,100000.0,0,-0.5,-0.5,0.14667363293236316,FREE,0.05,0.15
2022-11-18,100000.0,100000.0,0,-0.5,-0.5,0.15844032703740407,FORCE_SELL,0.05,0.15
2022-11-21,100000.0,100000.0,0,-0.5,2.499999999999999,0.1573484254737291,FORCE_SELL,0.05,0.15
2022-11-22,100000.0,100000.0,0,2.499999999999999,2.4499999999999993,0.19058967693666898,FORCE_SELL,0.05,0.15
2022-11-23,100000.0,100000.0,0,1.9999999999999996,2.4499999999999993,0.20702022538125275,FORCE_SELL,0.05,0.15
2022-11-25,100000.0,100000.0,0,-0.5,-0.5,0.2443173910615892,FORCE_SELL,0.05,0.15
2022-11-28,100000.0,100000.0,0,-0.5,1.4999999999999996,0.2994547895744403,FORCE_SELL,0.05,0.15
2022-11-29,100000.0,100000.0,0,2.1999999999999993,-0.5,0.2563577653965018,FORCE_SELL,0.05,0.15
2022-11-30,100000.0,100000.0,0,-0.5,2.1499999999999995,0.33170147926251237,FORCE_SELL,0.05,0.15
2022-12-01,100000.0,100000.0,0,0.8999999999999997,1.4999999999999996,0.2580485626458038,FORCE_SELL,0.05,0.15
2022-12-02,100000.0,100000.0,0,0.6999999999999997,-0.5,0.23376561852033764,FORCE_SELL,0.05,0.15
2022-12-05,100000.0,100000.0,0,-0.5,-0.5,0.3088292954587831,FORCE_SELL,0.05,0.15
2022-12-06,100000.0,100000.0,0,-0.5,-0.5,0.33589681315177633,FORCE_SELL,0.05,0.15
2022-12-07,100000.0,100000.0,0,-0.5,-0.5,0.24343221865470388,FORCE_SELL,0.05,0.15
2022-12-08,100000.0,100000.0,0,-0.5,1.5999999999999996,0.2313963649544192,FORCE_SELL,0.05,0.15
2022-12-09,100000.0,100000.0,0,-0.5,1.5999999999999996,0.28100841217614864,FORCE_SELL,0.05,0.15
2022-12-12,100000.0,100000.0,0,-0.5,-0.5,0.23119416673664447,FORCE_SELL,0.05,0.15
2022-12-13,100000.0,100000.0,0,-0.5,-0.5,0.3611950190497073,FORCE_SELL,0.05,0.15
2022-12-14,100000.0,100000.0,0,-0.5,-0.5,0.2840857760807276,FORCE_SELL,0.05,0.15
2022-12-15,100000.0,100000.0,0,-0.5,-0.5,0.3039896800162705,FORCE_SELL,0.05,0.15
2022-12-16,100000.0,100000.0,0,-0.5,-0.5,0.25975768293602125,FORCE_SELL,0.05,0.15
2022-12-19,100000.0,100000.0,0,-0.5,-0.5,0.2721683873276675,FORCE_SELL,0.05,0.15
2022-12-20,100000.0,100000.0,0,-0.5,1.4499999999999995,0.21369450718892122,FORCE_SELL,0.05,0.15
2022-12-21,100000.0,100000.0,0,-0.5,1.3999999999999995,0.22336232034352244,FORCE_SELL,0.05,0.15
2022-12-22,100000.0,100000.0,0,-0.5,1.4999999999999996,0.2723249801081844,FORCE_SELL,0.05,0.15
2022-12-23,100000.0,100000.0,0,-0.5,0.8499999999999996,0.20520558274238174,FORCE_SELL,0.05,0.15
2022-12-27,100000.0,100000.0,0,-0.5,-0.5,0.2561648778511754,FORCE_SELL,0.05,0.15
2022-12-28,100000.0,100000.0,0,-0.5,2.3999999999999995,0.3079217631919169,FORCE_SELL,0.05,0.15
2022-12-29,100000.0,100000.0,0,-0.5,-0.5,0.22609808395352415,FORCE_SELL,0.05,0.15
2022-12-30,100000.0,100000.0,0,-0.5,2.3999999999999995,0.20337220353892724,FORCE_SELL,0.05,0.15
2023-01-03,100000.0,100000.0,0,2.499999999999999,2.0999999999999996,0.2825187538204021,FORCE_SELL,0.05,0.15
2023-01-04,100000.0,100000.0,0,2.499999999999999,1.7499999999999996,0.2217424850414985,FORCE_SELL,0.05,0.15
2023-01-05,100000.0,100000.0,0,2.3999999999999995,0.5999999999999996,0.2583256622304556,FORCE_SELL,0.05,0.15
2023-01-06,100000.0,100000.0,0,-0.5,-0.5,0.2655124757699474,FORCE_SELL,0.05,0.15
2023-01-09,100000.0,100000.0,0,-0.5,-0.5,0.31578448002505505,FORCE_SELL,0.05,0.15
2023-01-10,100000.0,100000.0,0,2.349999999999999,-0.5,0.19188752225445924,FORCE_SELL,0.05,0.15
2023-01-11,100000.0,100000.0,0,2.1999999999999993,-0.5,0.14918779863162304,FREE,0.05,0.15
2023-01-12,100000.0,100000.0,0,2.1999999999999993,-0.5,0.15096892861977426,FORCE_SELL,0.05,0.15
2023-01-13,100000.0,100000.0,0,2.1999999999999993,-0.5,0.14416478642660588,FREE,0.05,0.15
2023-01-17,100000.0,100000.0,0,2.1999999999999993,-0.5,0.1494313892210342,FREE,0.05,0.15
2023-01-18,100000.0,100000.0,0,-0.5,2.1999999999999993,0.228144923827595,FORCE_SELL,0.05,0.15
2023-01-19,100000.0,100000.0,0,-0.5,1.1499999999999997,0.17828136740582304,FORCE_SELL,0.05,0.15
2023-01-20,100000.0,100000.0,0,-0.5,2.2999999999999994,0.18811200021275645,FORCE_SELL,0.05,0.15
2023-01-23,100000.0,100000.0,0,-0.5,2.2999999999999994,0.17903239612131228,FORCE_SELL,0.05,0.15
2023-01-24,100000.0,100000.0,0,-0.5,-0.5,0.1755324981492287,FORCE_SELL,0.05,0.15
2023-01-25,100000.0,100000.0,0,-0.5,-0.5,0.1883064920363807,FORCE_SELL,0.05,0.15
2023-01-26,100000.0,100000.0,0,-0.5,1.9999999999999996,0.1633664639380714,FORCE_SELL,0.05,0.15
2023-01-27,100000.0,100000.0,0,-0.5,-0.5,0.1992026971766255,FORCE_SELL,0.05,0.15
2023-01-30,100000.0,100000.0,0,-0.5,-0.5,0.24040278102885482,FORCE_SELL,0.05,0.15
2023-01-31,100000.0,100000.0,0,1.8999999999999995,-0.5,0.17271473004447155,FORCE_SELL,0.05,0.15
2023-02-01,100000.0,100000.0,0,2.499999999999999,-0.5,0.21966565673080196,FORCE_SELL,0.05,0.15
2023-02-02,100000.0,100000.0,0,2.499999999999999,-0.5,0.2267835862394573,FORCE_SELL,0.05,0.15
2023-02-03,100000.0,100000.0,0,-0.5,-0.5,0.2587668973544192,FORCE_SELL,0.05,0.15
2023-02-06,100000.0,100000.0,0,-0.5,-0.5,0.2227263521754943,FORCE_SELL,0.05,0.15
2023-02-07,100000.0,100000.0,0,-0.5,-0.5,0.2237310873949299,FORCE_SELL,0.05,0.15
2023-02-08,100000.0,100000.0,0,-0.5,2.1499999999999995,0.24397238298964286,FORCE_SELL,0.05,0.15
2023-02-09,100000.0,100000.0,0,-0.5,2.349999999999999,0.26028310696489015,FORCE_SELL,0.05,0.15
2023-02-10,100000.0,100000.0,0,-0.5,-0.5,0.1689984464427344,FORCE_SELL,0.05,0.15
2023-02-13,100000.0,100000.0,0,-0.5,-0.5,0.1667293589075307,FORCE_SELL,0.05,0.15
2023-02-14,100000.0,100000.0,0,-0.5,-0.5,0.17204976175432599,FORCE_SELL,0.05,0.15
2023-02-15,100000.0,100000.0,0,-0.5,-0.5,0.16623377741415968,FORCE_SELL,0.05,0.15
2023-02-16,100000.0,100000.0,0,-0.5,-0.5,0.25397919423408427,FORCE_SELL,0.05,0.15
2023-02-17,100000.0,100000.0,0,-0.5,2.349999999999999,0.15969525467345744,FORCE_SELL,0.05,0.15
2023-02-21,100000.0,100000.0,0,-0.5,-0.5,0.23567950145215263,FORCE_SELL,0.05,0.15
2023-02-22,100000.0,100000.0,0,2.4499999999999993,-0.5,0.1797940210647119,FORCE_SELL,0.05,0.15
2023-02-23,100000.0,100000.0,0,-0.5,1.9999999999999996,0.17397957677349163,FORCE_SELL,0.05,0.15
2023-02-24,100000.0,100000.0,0,-0.5,-0.5,0.26854239370436805,FORCE_SELL,0.05,0.15
2023-02-27,100000.0,100000.0,0,1.8499999999999996,1.9499999999999993,0.3244127046058952,FORCE_SELL,0.05,0.15
2023-02-28,100000.0,100000.0,0,2.2999999999999994,2.349999999999999,0.3455444936906773,FORCE_SELL,0.05,0.15
2023-03-01,100000.0,100000.0,0,1.8999999999999995,2.4499999999999993,0.3351437154862121,FORCE_SELL,0.05,0.15
2023-03-02,100000.0,100000.0,0,2.1499999999999995,2.0499999999999994,0.3056780406185454,FORCE_SELL,0.05,0.15
2023-03-03,100000.0,100000.0,0,-0.5,2.4499999999999993,0.3009022475658112,FORCE_SELL,0.05,0.15
2023-03-06,100000.0,100000.0,0,-0.5,-0.5,0.364963994381099,FORCE_SELL,0.05,0.15
2023-03-07,100000.0,100000.0,0,-0.5,-0.5,0.39361239758453587,FORCE_SELL,0.05,0.15
2023-03-08,100000.0,100000.0,0,2.499999999999999,-0.5,0.27966510629621694,FORCE_SELL,0.05,0.15
2023-03-09,100000.0,100000.0,0,2.499999999999999,-0.5,0.4288669965467516,FORCE_SELL,0.05,0.15
2023-03-10,100000.0,100000.0,0,1.9499999999999993,2.1499999999999995,0.3678468376467423,FORCE_SELL,0.05,0.15
2023-03-13,100000.0,100000.0,0,2.4499999999999993,2.4499999999999993,0.34936272629439796,FORCE_SELL,0.05,0.15
2023-03-14,100000.0,100000.0,0,1.4999999999999996,2.2999999999999994,0.24817734329161836,FORCE_SELL,0.05,0.15
2023-03-15,100000.0,100000.0,0,1.8499999999999996,2.1499999999999995,0.2602641467789945,FORCE_SELL,0.05,0.15
2023-03-16,100000.0,100000.0,0,1.9499999999999993,2.1499999999999995,0.30000957128812294,FORCE_SELL,0.05,0.15
2023-03-17,100000.0,100000.0,0,1.9499999999999993,2.1499999999999995,0.3459886851378524,FORCE_SELL,0.05,0.15
2023-03-20,100000.0,100000.0,0,-0.5,2.3999999999999995,0.23569698657399737,FORCE_SELL,0.05,0.15
2023-03-21,100000.0,100000.0,0,-0.5,2.3999999999999995,0.16245693603597527,FORCE_SELL,0.05,0.15
2023-03-22,100000.0,100000.0,0,-0.5,2.3999999999999995,0.27134127716777606,FORCE_SELL,0.05,0.15
2023-03-23,100000.0,100000.0,0,-0.5,2.3999999999999995,0.2519664775525408,FORCE_SELL,0.05,0.15
2023-03-24,100000.0,100000.0,0,-0.5,-0.5,0.1801963714171967,FORCE_SELL,0.05,0.15
2023-03-27,100000.0,100000.0,0,-0.5,-0.5,0.21215752808903013,FORCE_SELL,0.05,0.15
2023-03-28,100000.0,100000.0,0,2.499999999999999,0.9999999999999996,0.1720275191252196,FORCE_SELL,0.05,0.15
2023-03-29,100000.0,100000.0,0,-0.5,2.349999999999999,0.18223662747295363,FORCE_SELL,0.05,0.15
2023-03-30,100000.0,100000.0,0,2.1499999999999995,2.499999999999999,0.1683007822651795,FORCE_SELL,0.05,0.15
2023-03-31,100000.0,100000.0,0,2.1499999999999995,2.499999999999999,0.18554301249299818,FORCE_SELL,0.05,0.15
2023-04-03,100000.0,100000.0,0,-0.5,2.0499999999999994,0.18235778451151555,FORCE_SELL,0.05,0.15
2023-04-04,100000.0,100000.0,0,2.4499999999999993,1.9499999999999993,0.20517765014500752,FORCE_SELL,0.05,0.15
2023-04-05,100000.0,100000.0,0,2.1999999999999993,-0.5,0.2291104369322111,FORCE_SELL,0.05,0.15
2023-04-06,100000.0,100000.0,0,-0.5,-0.5,0.20845053761412233,FORCE_SELL,0.05,0.15
2023-04-10,100000.0,100000.0,0,-0.5,-0.5,0.18957389290634272,FORCE_SELL,0.05,0.15
2023-04-11,100000.0,100000.0,0,2.4499999999999993,-0.5,0.22747853726513648,FORCE_SELL,0.05,0.15
2023-04-12,100000.0,100000.0,0,-0.5,0.9999999999999996,0.26194834528998195,FORCE_SELL,0.05,0.15
2023-04-13,100000.0,100000.0,0,-0.5,1.9999999999999996,0.2153081707424138,FORCE_SELL,0.05,0.15
2023-04-14,100000.0,100000.0,0,-0.5,1.9999999999999996,0.20227212375997725,FORCE_SELL,0.05,0.15
2023-04-17,100000.0,100000.0,0,1.9499999999999993,2.2499999999999996,0.180581228747428,FORCE_SELL,0.05,0.15
2023-04-18,100000.0,100000.0,0,1.9499999999999993,2.1499999999999995,0.2249963304147855,FORCE_SELL,0.05,0.15
2023-04-19,100000.0,100000.0,0,2.1999999999999993,1.8999999999999995,0.1933420951247898,FORCE_SELL,0.05,0.15
2023-04-20,100000.0,100000.0,0,2.2999999999999994,2.3999999999999995,0.22373296499400833,FORCE_SELL,0.05,0.15
2023-04-21,100000.0,100000.0,0,2.1499999999999995,-0.5,0.17078706261202667,FORCE_SELL,0.05,0.15
2023-04-24,100000.0,100000.0,0,2.2499999999999996,1.4999999999999996,0.18346511716520122,FORCE_SELL,0.05,0.15
2023-04-25,100000.0,100000.0,0,2.349999999999999,-0.5,0.2252790538800272,FORCE_SELL,0.05,0.15
2023-04-26,100000.0,100000.0,0,-0.5,-0.5,0.20870042125684296,FORCE_SELL,0.05,0.15
2023-04-27,100000.0,100000.0,0,1.3499999999999996,1.8999999999999995,0.19040498197964761,FORCE_SELL,0.05,0.15
2023-04-28,100000.0,100000.0,0,-0.5,2.1999999999999993,0.16047218857230183,FORCE_SELL,0.05,0.15
2023-05-01,100000.0,100000.0,0,0.9999999999999996,-0.5,0.18393137071096424,FORCE_SELL,0.05,0.15
2023-05-02,100000.0,100000.0,0,2.1999999999999993,-0.5,0.22068692582623903,FORCE_SELL,0.05,0.15
2023-05-03,100000.0,100000.0,0,2.1499999999999995,1.7999999999999994,0.24827828119436743,FORCE_SELL,0.05,0.15
2023-05-04,100000.0,100000.0,0,-0.5,2.499999999999999,0.1858670698734873,FORCE_SELL,0.05,0.15
2023-05-05,100000.0,100000.0,0,1.2499999999999996,-0.5,0.17752292295064165,FORCE_SELL,0.05,0.15
2023-05-08,100000.0,100000.0,0,1.2499999999999996,-0.5,0.14650431345917864,FREE,0.05,0.15
2023-05-09,100000.0,100000.0,0,1.7499999999999996,2.4499999999999993,0.20473777233934912,FORCE_SELL,0.05,0.15
2023-05-10,100000.0,100000.0,0,1.0499999999999996,2.2999999999999994,0.18017203577850685,FORCE_SELL,0.05,0.15
2023-05-11,100000.0,100000.0,0,-0.5,2.2499999999999996,0.16912084088577473,FORCE_SELL,0.05,0.15
2023-05-12,100000.0,100000.0,0,1.8499999999999996,-0.5,0.19751209161710456,FORCE_SELL,0.05,0.15
2023-05-15,100000.0,100000.0,0,1.8499999999999996,-0.5,0.1891925160208636,FORCE_SELL,0.05,0.15
2023-05-16,100000.0,100000.0,0,-0.5,1.7499999999999996,0.21377323243838564,FORCE_SELL,0.05,0.15
2023-05-17,100000.0,100000.0,0,-0.5,2.2499999999999996,0.19088708611875851,FORCE_SELL,0.05,0.15
2023-05-18,100000.0,100000.0,0,-0.5,2.499999999999999,0.20966403914805873,FORCE_SELL,0.05,0.15
2023-05-19,100000.0,100000.0,0,-0.5,1.0999999999999996,0.22718682561003212,FORCE_SELL,0.05,0.15
2023-05-22,100000.0,100000.0,0,-0.5,1.0999999999999996,0.2043970572386904,FORCE_SELL,0.05,0.15
2023-05-23,100000.0,100000.0,0,-0.5,-0.5,0.3023127498267459,FORCE_SELL,0.05,0.15
2023-05-24,100000.0,100000.0,0,2.1999999999999993,-0.5,0.24425309082331528,FORCE_SELL,0.05,0.15
2023-05-25,100000.0,100000.0,0,-0.5,1.7999999999999994,0.21993345967288988,FORCE_SELL,0.05,0.15
2023-05-26,100000.0,100000.0,0,-0.5,1.7999999999999994,0.25850828312252777,FORCE_SELL,0.05,0.15
2023-05-30,100000.0,100000.0,0,-0.5,2.4499999999999993,0.2603056865860367,FORCE_SELL,0.05,0.15
2023-05-31,100000.0,100000.0,0,2.0999999999999996,1.5499999999999994,0.29145090899855125,FORCE_SELL,0.05,0.15
2023-06-01,100000.0,100000.0,0,2.3999999999999995,2.0499999999999994,0.26995096168135596,FORCE_SELL,0.05,0.15
2023-06-02,100000.0,100000.0,0,-0.5,2.3999999999999995,0.2108317821031905,FORCE_SELL,0.05,0.15
2023-06-05,100000.0,100000.0,0,-0.5,2.3999999999999995,0.223452953495653,FORCE_SELL,0.05,0.15
2023-06-06,100000.0,100000.0,0,1.9999999999999996,-0.5,0.21247953295363356,FORCE_SELL,0.05,0.15
2023-06-07,100000.0,100000.0,0,2.4499999999999993,-0.5,0.33322882934978354,FORCE_SELL,0.05,0.15
2023-06-08,100000.0,100000.0,0,2.499999999999999,1.0499999999999996,0.22379278461461682,FORCE_SELL,0.05,0.15
2023-06-09,100000.0,100000.0,0,-0.5,-0.5,0.23782305664710743,FORCE_SELL,0.05,0.15
2023-06-12,100000.0,100000.0,0,1.8999999999999995,2.2499999999999996,0.22837073756564796,FORCE_SELL,0.05,0.15
2023-06-13,100000.0,100000.0,0,1.4499999999999995,2.4499999999999993,0.19904756902234244,FORCE_SELL,0.05,0.15
2023-06-14,100000.0,100000.0,0,-0.5,2.4499999999999993,0.20253873769428554,FORCE_SELL,0.05,0.15
2023-06-15,100000.0,100000.0,0,1.3999999999999995,2.499999999999999,0.2744550751296002,FORCE_SELL,0.05,0.15
2023-06-16,100000.0,100000.0,0,0.7999999999999998,2.499999999999999,0.25225746024818246,FORCE_SELL,0.05,0.15
2023-06-20,100000.0,100000.0,0,-0.5,1.7999999999999994,0.23333017350208488,FORCE_SELL,0.05,0.15
2023-06-21,100000.0,100000.0,0,-0.5,1.2999999999999996,0.26037824019583655,FORCE_SELL,0.05,0.15
2023-06-22,100000.0,100000.0,0,-0.5,1.3499999999999996,0.22634957345284934,FORCE_SELL,0.05,0.15
2023-06-23,100000.0,100000.0,0,-0.5,0.5999999999999996,0.24569000004537334,FORCE_SELL,0.05,0.15
2023-06-26,100000.0,100000.0,0,1.8999999999999995,1.7999999999999994,0.29722161695639765,FORCE_SELL,0.05,0.15
2023-06-27,100000.0,100000.0,0,1.9999999999999996,2.3999999999999995,0.21948586852332785,FORCE_SELL,0.05,0.15
2023-06-28,100000.0,100000.0,0,-0.5,1.9999999999999996,0.22283433522216903,FORCE_SELL,0.05,0.15
2023-06-29,100000.0,100000.0,0,2.349999999999999,1.9499999999999993,0.2037457631593115,FORCE_SELL,0.05,0.15
2023-06-30,100000.0,100000.0,0,2.0999999999999996,2.1499999999999995,0.2436852444887604,FORCE_SELL,0.05,0.15
2023-07-03,100000.0,100000.0,0,1.5999999999999996,-0.5,0.20919971739764476,FORCE_SELL,0.05,0.15
2023-07-05,100000.0,100000.0,0,1.1499999999999997,2.2499999999999996,0.21651047782638422,FORCE_SELL,0.05,0.15
2023-07-06,100000.0,100000.0,0,1.1999999999999997,2.1999999999999993,0.1920109665473774,FORCE_SELL,0.05,0.15
2023-07-07,100000.0,100000.0,0,-0.5,2.1999999999999993,0.24565779540442537,FORCE_SELL,0.05,0.15
2023-07-10,100000.0,100000.0,0,1.6499999999999995,1.3999999999999995,0.18038276779117624,FORCE_SELL,0.05,0.15
2023-07-11,100000.0,100000.0,0,1.5999999999999996,1.0499999999999996,0.18397855216986028,FORCE_SELL,0.05,0.15
2023-07-12,100000.0,100000.0,0,1.5999999999999996,1.0499999999999996,0.1827282497365381,FORCE_SELL,0.05,0.15
2023-07-13,100000.0,100000.0,0,1.5999999999999996,1.0499999999999996,0.21457237517719796,FORCE_SELL,0.05,0.15
2023-07-14,100000.0,100000.0,0,-0.5,2.2999999999999994,0.2302426419951399,FORCE_SELL,0.05,0.15
2023-07-17,100000.0,100000.0,0,1.5499999999999994,2.1999999999999993,0.19594046496676978,FORCE_SELL,0.05,0.15
2023-07-18,100000.0,100000.0,0,1.3499999999999996,2.3999999999999995,0.22029029965348568,FORCE_SELL,0.05,0.15
2023-07-19,100000.0,100000.0,0,2.3999999999999995,1.9999999999999996,0.23045087972643205,FORCE_SELL,0.05,0.15
2023-07-20,100000.0,100000.0,0,1.8499999999999996,-0.5,0.29984010022649493,FORCE_SELL,0.05,0.15
2023-07-21,100000.0,100000.0,0,1.6499999999999995,-0.5,0.2612042987072745,FORCE_SELL,0.05,0.15
2023-07-24,100000.0,100000.0,0,1.6499999999999995,-0.5,0.21187626659564385,FORCE_SELL,0.05,0.15
2023-07-25,100000.0,100000.0,0,2.349999999999999,1.6499999999999995,0.21626375677632195,FORCE_SELL,0.05,0.15
2023-07-26,100000.0,100000.0,0,1.8999999999999995,-0.5,0.21251586205917894,FORCE_SELL,0.05,0.15
2023-07-27,100000.0,100000.0,0,1.8999999999999995,0.7999999999999998,0.3297843744560596,FORCE_SELL,0.05,0.15
2023-07-28,100000.0,100000.0,0,1.3999999999999995,1.3999999999999995,0.21756463521326452,FORCE_SELL,0.05,0.15
2023-07-31,100000.0,100000.0,0,0.8999999999999997,-0.5,0.21490841270126512,FORCE_SELL,0.05,0.15
2023-08-01,100000.0,100000.0,0,0.9499999999999997,1.1999999999999997,0.20566589017319417,FORCE_SELL,0.05,0.15
2023-08-02,100000.0,100000.0,0,2.2999999999999994,-0.5,0.26922206417464767,FORCE_SELL,0.05,0.15
2023-08-03,100000.0,100000.0,0,1.5999999999999996,0.7999999999999998,0.21516979296547603,FORCE_SELL,0.05,0.15
2023-08-04,100000.0,100000.0,0,1.4499999999999995,0.8499999999999996,0.2791698093857085,FORCE_SELL,0.05,0.15
2023-08-07,100000.0,100000.0,0,1.4499999999999995,0.8499999999999996,0.172844955575601,FORCE_SELL,0.05,0.15
2023-08-08,100000.0,100000.0,0,1.7499999999999996,1.9999999999999996,0.17814049896292902,FORCE_SELL,0.05,0.15
2023-08-09,100000.0,100000.0,0,1.6999999999999993,-0.5,0.2410922073398575,FORCE_SELL,0.05,0.15
2023-08-10,100000.0,100000.0,0,1.6499999999999995,-0.5,0.2619968467482754,FORCE_SELL,0.05,0.15
2023-08-11,100000.0,100000.0,0,1.9999999999999996,-0.5,0.19210848460993435,FORCE_SELL,0.05,0.15
2023-08-14,100000.0,100000.0,0,-0.5,2.1499999999999995,0.18842222851694027,FORCE_SELL,0.05,0.15
2023-08-15,100000.0,100000.0,0,2.2999999999999994,2.1499999999999995,0.2481642856655465,FORCE_SELL,0.05,0.15
2023-08-16,100000.0,100000.0,0,1.6499999999999995,2.0999999999999996,0.25391254576040023,FORCE_SELL,0.05,0.15
2023-08-17,100000.0,100000.0,0,2.4499999999999993,-0.5,0.26027326056483097,FORCE_SELL,0.05,0.15
2023-08-18,100000.0,100000.0,0,1.9499999999999993,1.3999999999999995,0.18240240032313992,FORCE_SELL,0.05,0.15
2023-08-21,100000.0,100000.0,0,1.9499999999999993,1.3999999999999995,0.18992367142077185,FORCE_SELL,0.05,0.15
2023-08-22,100000.0,100000.0,0,0.8999999999999997,2.0999999999999996,0.22242265546375437,FORCE_SELL,0.05,0.15
2023-08-23,100000.0,100000.0,0,-0.5,2.499999999999999,0.20235345022276252,FORCE_SELL,0.05,0.15
2023-08-24,100000.0,100000.0,0,0.8499999999999996,2.499999999999999,0.3297798431123675,FORCE_SELL,0.05,0.15
2023-08-25,100000.0,100000.0,0,1.9999999999999996,2.0499999999999994,0.2064134701454782,FORCE_SELL,0.05,0.15
2023-08-28,100000.0,100000.0,0,1.9999999999999996,2.0499999999999994,0.18051600812473567,FORCE_SELL,0.05,0.15
2023-08-29,100000.0,100000.0,0,1.9999999999999996,2.0499999999999994,0.22031904134393368,FORCE_SELL,0.05,0.15
2023-08-30,100000.0,100000.0,0,1.9999999999999996,2.0499999999999994,0.1836456083055099,FORCE_SELL,0.05,0.15
2023-08-31,100000.0,100000.0,0,1.1999999999999997,-0.5,0.21487647509301497,FORCE_SELL,0.05,0.15
2023-09-01,100000.0,100000.0,0,-0.5,2.2999999999999994,0.22625417063500156,FORCE_SELL,0.05,0.15
2023-09-05,100000.0,100000.0,0,1.2999999999999996,1.3499999999999996,0.23143196735034863,FORCE_SELL,0.05,0.15
2023-09-06,100000.0,100000.0,0,1.3499999999999996,-0.5,0.23607586913767065,FORCE_SELL,0.05,0.15
2023-09-07,100000.0,100000.0,0,1.7499999999999996,2.1999999999999993,0.19200409412441935,FORCE_SELL,0.05,0.15
2023-09-08,100000.0,100000.0,0,0.9999999999999996,1.3999999999999995,0.2189290991629784,FORCE_SELL,0.05,0.15
2023-09-11,100000.0,100000.0,0,0.9999999999999996,1.3999999999999995,0.1977419062724338,FORCE_SELL,0.05,0.15
2023-09-12,100000.0,100000.0,0,1.6999999999999993,2.3999999999999995,0.261334805939612,FORCE_SELL,0.05,0.15
2023-09-13,100000.0,100000.0,0,-0.5,1.9499999999999993,0.2117590605441696,FORCE_SELL,0.05,0.15
2023-09-14,100000.0,100000.0,0,1.4499999999999995,2.1499999999999995,0.21748632580904334,FORCE_SELL,0.05,0.15
2023-09-15,100000.0,100000.0,0,2.4499999999999993,-0.5,0.28679096351724126,FORCE_SELL,0.05,0.15
2023-09-18,100000.0,100000.0,0,1.5499999999999994,1.9999999999999996,0.2044055125570424,FORCE_SELL,0.05,0.15
2023-09-19,100000.0,100000.0,0,1.6499999999999995,1.3499999999999996,0.20525207461010797,FORCE_SELL,0.05,0.15
2023-09-20,100000.0,100000.0,0,2.349999999999999,-0.5,0.29058336627771153,FORCE_SELL,0.05,0.15
2023-09-21,100000.0,100000.0,0,2.2999999999999994,2.1999999999999993,0.24284720104142923,FORCE_SELL,0.05,0.15
2023-09-22,100000.0,100000.0,0,2.4499999999999993,1.3499999999999996,0.2381783365759925,FORCE_SELL,0.05,0.15
2023-09-25,100000.0,100000.0,0,2.0999999999999996,1.4499999999999995,0.17274230383819067,FORCE_SELL,0.05,0.15
2023-09-26,100000.0,100000.0,0,2.499999999999999,-0.5,0.31453756043792125,FORCE_SELL,0.05,0.15
2023-09-27,100000.0,100000.0,0,2.499999999999999,-0.5,0.2665825155789499,FORCE_SELL,0.05,0.15
2023-09-28,100000.0,100000.0,0,2.3999999999999995,1.7999999999999994,0.276598041763122,FORCE_SELL,0.05,0.15
2023-09-29,100000.0,100000.0,0,2.2499999999999996,2.1499999999999995,0.31910697458593473,FORCE_SELL,0.05,0.15
2023-10-02,100000.0,100000.0,0,1.5999999999999996,2.4499999999999993,0.26302701690141117,FORCE_SELL,0.05,0.15
2023-10-03,100000.0,100000.0,0,1.7499999999999996,2.4499999999999993,0.3327097161666085,FORCE_SELL,0.05,0.15
2023-10-04,100000.0,100000.0,0,2.349999999999999,1.8999999999999995,0.2487764182427781,FORCE_SELL,0.05,0.15
2023-10-05,100000.0,100000.0,0,2.1999999999999993,2.1999999999999993,0.2476738420715426,FORCE_SELL,0.05,0.15
2023-10-06,100000.0,100000.0,0,1.1499999999999997,1.8499999999999996,0.20223647374373369,FORCE_SELL,0.05,0.15
2023-10-09,100000.0,100000.0,0,1.0999999999999996,-0.5,0.17543673576508198,FORCE_SELL,0.05,0.15
2023-10-10,100000.0,100000.0,0,0.5999999999999996,-0.5,0.2024779804547097,FORCE_SELL,0.05,0.15
2023-10-11,100000.0,100000.0,0,-0.5,-0.5,0.1630582796645756,FORCE_SELL,0.05,0.15
2023-10-12,100000.0,100000.0,0,0.6499999999999997,-0.5,0.220587068378994,FORCE_SELL,0.05,0.15
2023-10-13,100000.0,100000.0,0,0.6499999999999997,-0.5,0.2673988378394077,FORCE_SELL,0.05,0.15
2023-10-16,100000.0,100000.0,0,0.6499999999999997,-0.5,0.18795090222407504,FORCE_SELL,0.05,0.15
2023-10-17,100000.0,100000.0,0,1.6499999999999995,2.499999999999999,0.21338335724234736,FORCE_SELL,0.05,0.15
2023-10-18,100000.0,100000.0,0,2.3999999999999995,2.499999999999999,0.2342689984217157,FORCE_SELL,0.05,0.15
2023-10-19,100000.0,100000.0,0,2.1999999999999993,-0.5,0.3702132869569343,FORCE_SELL,0.05,0.15
2023-10-20,100000.0,100000.0,0,-0.5,-0.5,0.35172644743576614,FORCE_SELL,0.05,0.15
2023-10-23,100000.0,100000.0,0,-0.5,2.0999999999999996,0.30942701488776125,FORCE_SELL,0.05,0.15
2023-10-24,100000.0,100000.0,0,1.8499999999999996,1.9999999999999996,0.24764676761782356,FORCE_SELL,0.05,0.15
2023-10-25,100000.0,100000.0,0,2.2499999999999996,1.2499999999999996,0.35224657049406044,FORCE_SELL,0.05,0.15
2023-10-26,100000.0,100000.0,0,2.499999999999999,-0.5,0.33544915509760925,FORCE_SELL,0.05,0.15
2023-10-27,100000.0,100000.0,0,-0.5,2.1999999999999993,0.309934542489676,FORCE_SELL,0.05,0.15
2023-10-30,100000.0,100000.0,0,-0.5,-0.5,0.25150140124143255,FORCE_SELL,0.05,0.15
2023-10-31,100000.0,100000.0,0,-0.5,-0.5,0.22941507026023814,FORCE_SELL,0.05,0.15
2023-11-01,100000.0,100000.0,0,0.6999999999999997,-0.5,0.2549718157316326,FORCE_SELL,0.05,0.15
2023-11-02,100000.0,100000.0,0,0.8999999999999997,-0.5,0.16265350225630187,FORCE_SELL,0.05,0.15
2023-11-03,100000.0,100000.0,0,0.8999999999999997,-0.5,0.17924603157338126,FORCE_SELL,0.05,0.15
2023-11-06,100000.0,100000.0,0,0.8999999999999997,-0.5,0.16640699766268774,FORCE_SELL,0.05,0.15
2023-11-07,100000.0,100000.0,0,0.8999999999999997,-0.5,0.18119245727431443,FORCE_SELL,0.05,0.15
2023-11-08,100000.0,100000.0,0,0.8999999999999997,-0.5,0.16692552412794007,FORCE_SELL,0.05,0.15
2023-11-09,100000.0,100000.0,0,2.349999999999999,2.3999999999999995,0.21681053619530274,FORCE_SELL,0.05,0.15
2023-11-10,100000.0,100000.0,0,2.1999999999999993,2.1499999999999995,0.1739543602953368,FORCE_SELL,0.05,0.15
2023-11-13,100000.0,100000.0,0,-0.5,1.8999999999999995,0.18925511173816667,FORCE_SELL,0.05,0.15
2023-11-14,100000.0,100000.0,0,2.4499999999999993,1.9499999999999993,0.17165618728895363,FORCE_SELL,0.05,0.15
2023-11-15,100000.0,100000.0,0,1.7999999999999994,2.2499999999999996,0.19309518384677302,FORCE_SELL,0.05,0.15
2023-11-16,100000.0,100000.0,0,-0.5,1.8999999999999995,0.2020219168508869,FORCE_SELL,0.05,0.15
2023-11-17,100000.0,100000.0,0,-0.5,1.9999999999999996,0.19394790722321967,FORCE_SELL,0.05,0.15
2023-11-20,100000.0,100000.0,0,-0.5,2.2999999999999994,0.20578350920761193,FORCE_SELL,0.05,0.15
2023-11-21,100000.0,100000.0,0,-0.5,1.9499999999999993,0.18209704246956726,FORCE_SELL,0.05,0.15
2023-11-22,100000.0,100000.0,0,2.3999999999999995,1.7499999999999996,0.21664464848336107,FORCE_SELL,0.05,0.15
2023-11-24,100000.0,100000.0,0,2.499999999999999,-0.5,0.17967234097900606,FORCE_SELL,0.05,0.15
2023-11-27,100000.0,100000.0,0,1.1499999999999997,1.2499999999999996,0.21047718513961958,FORCE_SELL,0.05,0.15
2023-11-28,100000.0,100000.0,0,1.3999999999999995,1.1499999999999997,0.18070581691714585,FORCE_SELL,0.05,0.15
2023-11-29,100000.0,100000.0,0,1.1999999999999997,1.1999999999999997,0.2577648888052084,FORCE_SELL,0.05,0.15
2023-11-30,100000.0,100000.0,0,1.3499999999999996,0.7499999999999998,0.1999929051462943,FORCE_SELL,0.05,0.15
2023-12-01,100000.0,100000.0,0,1.2999999999999996,1.4999999999999996,0.18713191891811945,FORCE_SELL,0.05,0.15
2023-12-04,100000.0,100000.0,0,1.6499999999999995,1.0499999999999996,0.16924487202202085,FORCE_SELL,0.05,0.15
2023-12-05,100000.0,100000.0,0,1.7499999999999996,0.5499999999999998,0.1827963100945684,FORCE_SELL,0.05,0.15
2023-12-06,100000.0,100000.0,0,1.7499999999999996,0.9499999999999997,0.24705999523533415,FORCE_SELL,0.05,0.15
2023-12-07,100000.0,100000.0,0,1.7499999999999996,1.7499999999999996,0.18701535248970988,FORCE_SELL,0.05,0.15
2023-12-08,100000.0,100000.0,0,1.0999999999999996,1.6999999999999993,0.16800884151673937,FORCE_SELL,0.05,0.15
2023-12-11,100000.0,100000.0,0,1.0999999999999996,1.6999999999999993,0.16983576893697547,FORCE_SELL,0.05,0.15
2023-12-12,100000.0,100000.0,0,1.0999999999999996,1.6999999999999993,0.17081488387378163,FORCE_SELL,0.05,0.15
2023-12-13,100000.0,100000.0,0,1.0999999999999996,1.6999999999999993,0.19752927362157122,FORCE_SELL,0.05,0.15
2023-12-14,100000.0,100000.0,0,0.9999999999999996,-0.5,0.21634557109628186,FORCE_SELL,0.05,0.15
2023-12-15,100000.0,100000.0,0,0.6999999999999997,2.499999999999999,0.17834949658327628,FORCE_SELL,0.05,0.15
2023-12-18,100000.0,100000.0,0,2.1499999999999995,1.0999999999999996,0.17581291592460044,FORCE_SELL,0.05,0.15
2023-12-19,100000.0,100000.0,0,2.499999999999999,1.0999999999999996,0.1578230181548356,FORCE_SELL,0.05,0.15
2023-12-20,100000.0,100000.0,0,-0.5,0.7999999999999998,0.25824119686281666,FORCE_SELL,0.05,0.15
2023-12-21,100000.0,100000.0,0,2.499999999999999,1.3499999999999996,0.16686261958117313,FORCE_SELL,0.05,0.15
2023-12-22,100000.0,100000.0,0,1.8499999999999996,0.7499999999999998,0.17231387701967205,FORCE_SELL,0.05,0.15
2023-12-26,100000.0,100000.0,0,1.8499999999999996,0.7499999999999998,0.17567319098497344,FORCE_SELL,0.05,0.15
2023-12-27,100000.0,100000.0,0,1.8499999999999996,0.7499999999999998,0.16287433904520035,FORCE_SELL,0.05,0.15
2023-12-28,100000.0,100000.0,0,1.8499999999999996,0.7499999999999998,0.21058368152906867,FORCE_SELL,0.05,0.15
2023-12-29,100000.0,100000.0,0,2.2499999999999996,1.5999999999999996,0.2076298801371955,FORCE_SELL,0.05,0.15
2024-01-02,100000.0,100000.0,0,2.2499999999999996,1.5999999999999996,0.20424949450889493,FORCE_SELL,0.05,0.15
2024-01-03,100000.0,100000.0,0,1.9499999999999993,-0.5,0.20680477504420317,FORCE_SELL,0.05,0.15
2024-01-04,100000.0,100000.0,0,2.4499999999999993,-0.5,0.3745075786499294,FORCE_SELL,0.05,0.15
2024-01-05,100000.0,100000.0,0,2.2999999999999994,1.2499999999999996,0.32644477470953875,FORCE_SELL,0.05,0.15
2024-01-08,100000.0,100000.0,0,2.2999999999999994,1.2499999999999996,0.3153623448905508,FORCE_SELL,0.05,0.15
2024-01-09,100000.0,100000.0,0,1.0499999999999996,2.0999999999999996,0.2863925558805586,FORCE_BUY,0.32,0.34
2024-01-10,100678.88328618866,0.0,1,0.6999999999999997,2.2999999999999994,0.28486638583597906,FORCE_BUY,0.32,0.34
2024-01-11,100980.69896124989,0.0,1,0.3999999999999998,1.2999999999999996,0.32356020326399443,FREE,0.32,0.34
2024-01-12,101030.1326653063,0.0,1,0.6999999999999997,1.1499999999999997,0.30632376815838563,FORCE_BUY,0.32,0.34
2024-01-16,101173.49040706991,0.0,1,1.4499999999999995,1.5999999999999996,0.2431781631383857,FORCE_BUY,0.32,0.34
2024-01-17,100617.3612364352,0.0,1,1.2499999999999996,0.8499999999999996,0.2145756405462994,FORCE_BUY,0.32,0.34
2024-01-18,102387.08784165501,0.0,1,1.7499999999999996,2.3999999999999995,0.1539280851479643,FORCE_BUY,0.32,0.34
2024-01-19,104295.22881823278,0.0,1,1.7499999999999996,2.3999999999999995,0.17399625021447365,FORCE_BUY,0.32,0.34
2024-01-22,104295.22881823278,0.0,1,1.7499999999999996,2.3999999999999995,0.20718126079834187,FORCE_BUY,0.32,0.34
2024-01-23,104999.65910103676,0.0,1,-0.5,2.499999999999999,0.1929207159285032,FORCE_BUY,0.32,0.34
2024-01-24,105227.05413969628,0.0,1,-0.5,2.499999999999999,0.26728279261038573,FORCE_BUY,0.32,0.34
2024-01-25,104725.30204352362,0.0,1,-0.5,2.0999999999999996,0.27127372351431916,FORCE_BUY,0.32,0.34
2024-01-26,104626.43463541078,0.0,1,-0.5,2.499999999999999,0.2344173918826302,FORCE_BUY,0.32,0.34
2024-01-29,105948.78621891998,0.0,1,-0.5,2.499999999999999,0.2089699700094294,FORCE_BUY,0.32,0.34
2024-01-30,104277.92702181303,0.0,1,2.499999999999999,-0.5,0.22532759590280307,FORCE_BUY,0.32,0.34
2024-01-31,103454.85584927365,0.0,1,2.499999999999999,2.2499999999999996,0.28543446889424706,FORCE_BUY,0.32,0.34
2024-02-01,104752.70777811331,104752.70777811331,0,-0.5,-0.5,0.1968018410779453,FREE,0.195,0.33
2024-02-02,104386.67148771348,104386.67148771348,0,2.1499999999999995,2.4499999999999993,0.23141137812245963,FREE,0.2,0.33
2024-02-05,104386.67148771348,104386.67148771348,0,2.1499999999999995,2.4499999999999993,0.22701567393334554,FORCE_BUY,0.32,0.34
2024-02-06,104218.4788776665,0.0,1,-0.5,-0.5,0.24600677698457626,FORCE_BUY,0.32,0.34
2024-02-07,105298.32418564933,0.0,1,1.7999999999999994,1.6499999999999995,0.2066280478334022,FORCE_BUY,0.32,0.34
2024-02-08,105468.95436975497,0.0,1,1.2999999999999996,2.1499999999999995,0.19742116425443057,FORCE_BUY,0.32,0.34
2024-02-09,106578.05056644163,0.0,1,1.5499999999999994,2.1999999999999993,0.22866018182952316,FORCE_BUY,0.32,0.34
2024-02-12,105912.59284842963,0.0,1,2.2999999999999994,-0.5,0.2844256752518141,FORCE_BUY,0.32,0.34
2024-02-13,104503.67504252878,0.0,1,2.4499999999999993,-0.5,0.29428873875763095,FORCE_BUY,0.32,0.34
2024-02-14,105600.58336892218,0.0,1,2.3999999999999995,1.5999999999999996,0.21443990564501977,FORCE_BUY,0.32,0.34
2024-02-15,106036.90912542088,0.0,1,2.3999999999999995,1.5999999999999996,0.20718295374903758,FORCE_BUY,0.32,0.34
2024-02-16,104723.05670780745,0.0,1,2.4499999999999993,1.7499999999999996,0.28143363779537983,FORCE_BUY,0.32,0.34
2024-02-20,103835.77975045812,0.0,1,2.2999999999999994,-0.5,0.25532377472532214,FREE,0.245,0.33
2024-02-21,105130.13157560234,0.0,1,1.7999999999999994,2.0999999999999996,0.1973090580337208,FORCE_BUY,0.245,0.33
2024-02-22,105829.59702755409,0.0,1,1.6499999999999995,2.0999999999999996,0.2600072645006081,FREE,0.245,0.33
2024-02-23,105358.11492976171,0.0,1,1.7499999999999996,1.8999999999999995,0.261213413901819,FORCE_BUY,0.265,0.33
2024-02-26,105454.82920623194,0.0,1,1.7999999999999994,2.0999999999999996,0.25122354942289266,FORCE_BUY,0.265,0.33
2024-02-27,105730.46489417211,0.0,1,2.499999999999999,2.4499999999999993,0.1999111367479698,FORCE_BUY,0.265,0.33
2024-02-28,105140.50780770367,0.0,1,2.0999999999999996,1.9999999999999996,0.24847859854705243,FORCE_BUY,0.265,0.33
2024-02-29,106259.97555784664,0.0,1,1.9499999999999993,2.4499999999999993,0.2234248973248946,FORCE_BUY,0.265,0.33
2024-03-01,107618.81114225344,0.0,1,-0.5,2.3999999999999995,0.21797046549957824,FORCE_BUY,0.265,0.33
2024-03-04,107735.56204441877,0.0,1,1.6499999999999995,-0.5,0.2806163558155144,FREE,0.265,0.33
2024-03-05,106130.50863819054,0.0,1,1.9999999999999996,-0.5,0.309406458051336,FREE,0.265,0.33
2024-03-06,106813.88106540867,0.0,1,1.9499999999999993,2.349999999999999,0.30276860368697234,FREE,0.265,0.33
2024-03-07,108488.18694263358,0.0,1,-0.5,1.6999999999999993,0.23656622000165717,FORCE_BUY,0.265,0.33
2024-03-08,106969.91940884147,0.0,1,1.9499999999999993,-0.5,0.32229914384625796,FREE,0.265,0.33
2024-03-11,107277.63406936322,0.0,1,2.3999999999999995,2.2499999999999996,0.2417767092257538,FORCE_BUY,0.265,0.32
2024-03-12,108383.94153933437,0.0,1,1.7999999999999994,2.2999999999999994,0.2617098127718203,FORCE_BUY,0.265,0.32
2024-03-13,108854.59512771164,0.0,1,1.6999999999999993,1.9999999999999996,0.26910980049766514,FREE,0.265,0.32
2024-03-14,109673.5690262359,109673.5690262359,0,1.5499999999999994,1.6999999999999993,0.2816163863888716,FREE,0.265,0.32
2024-03-15,108383.83575626553,0.0,1,2.3999999999999995,1.1499999999999997,0.29002497938024213,FREE,0.265,0.32
2024-03-18,109553.5059923405,0.0,1,2.0499999999999994,-0.5,0.2845976838392542,FREE,0.265,0.29
2024-03-19,110042.84180718135,0.0,1,2.2999999999999994,-0.5,0.21534498348111855,FORCE_BUY,0.265,0.29
2024-03-20,111937.44970566766,0.0,1,2.0999999999999996,2.1999999999999993,0.22693076166555115,FORCE_BUY,0.265,0.29
2024-03-21,112401.6913761577,112401.6913761577,0,2.0999999999999996,2.1999999999999993,0.2758530400413153,FREE,0.265,0.29
2024-03-22,112576.11433140238,112576.11433140238,0,-0.5,1.9999999999999996,0.2669600947381719,FREE,0.265,0.29
2024-03-25,112523.07315213875,0.0,1,1.2999999999999996,1.8499999999999996,0.2403878166968382,FORCE_BUY,0.265,0.29
2024-03-26,112752.91826228116,112752.91826228116,0,0.5499999999999998,2.0999999999999996,0.31110809082395596,FORCE_SELL,0.265,0.29
2024-03-27,112550.2528209901,0.0,1,0.9499999999999997,1.8499999999999996,0.2411680160247356,FORCE_BUY,0.265,0.29
2024-03-28,112474.25328050597,0.0,1,-0.5,2.349999999999999,0.2591952539234044,FORCE_BUY,0.265,0.29
2024-04-01,112575.58600115149,0.0,1,1.5499999999999994,-0.5,0.2469034068170002,FORCE_BUY,0.265,0.29
2024-04-02,111719.32451169676,0.0,1,1.9999999999999996,1.2499999999999996,0.20778048840257377,FORCE_BUY,0.265,0.29
2024-04-03,112431.18687423161,0.0,1,2.0499999999999994,1.6999999999999993,0.22988010304808645,FORCE_BUY,0.265,0.29
2024-04-04,112679.45203981317,112679.45203981317,0,2.0499999999999994,1.6999999999999993,0.38609164158927006,FORCE_SELL,0.265,0.29
2024-04-05,113545.02574445338,0.0,1,2.0499999999999994,1.6999999999999993,0.2552599633693508,FORCE_BUY,0.265,0.29
2024-04-08,113573.37141504297,0.0,1,1.4999999999999996,-0.5,0.21291677932215256,FORCE_BUY,0.265,0.29
2024-04-09,114003.7102321758,0.0,1,1.2999999999999996,1.9999999999999996,0.21739697239754593,FORCE_BUY,0.265,0.29
2024-04-10,112728.15505564435,0.0,1,1.0999999999999996,1.5499999999999994,0.20875619386176045,FORCE_BUY,0.265,0.29
2024-04-11,114825.73467927382,0.0,1,1.1499999999999997,2.3999999999999995,0.24871117123478456,FORCE_BUY,0.265,0.29
2024-04-12,113147.36025180071,0.0,1,1.5499999999999994,-0.5,0.2738293092921298,FREE,0.265,0.29
2024-04-15,111514.33224816652,0.0,1,1.5499999999999994,-0.5,0.3456524310161943,FORCE_SELL,0.265,0.29
2024-04-16,111946.26944912778,0.0,1,2.2499999999999996,-0.5,0.21397499216081636,FORCE_BUY,0.265,0.29
2024-04-17,112064.88280586213,0.0,1,-0.5,-0.5,0.26524675748375676,FREE,0.265,0.29
2024-04-18,110864.34712892928,0.0,1,-0.5,-0.5,0.2387207210537524,FORCE_BUY,0.265,0.29
2024-04-19,109067.75364380378,0.0,1,-0.5,1.6499999999999995,0.2661193842526998,FREE,0.265,0.29
2024-04-22,110187.81635489757,0.0,1,1.2999999999999996,2.4499999999999993,0.2096284593367159,FORCE_BUY,0.265,0.29
2024-04-23,112636.14166926494,0.0,1,1.2999999999999996,2.499999999999999,0.20122372820308823,FORCE_BUY,0.265,0.29
2024-04-24,111133.93991556267,0.0,1,-0.5,2.499999999999999,0.24262417495808128,FORCE_BUY,0.265,0.29
2024-04-25,113078.89587035612,0.0,1,1.3499999999999996,1.9499999999999993,0.19948435064098458,FORCE_BUY,0.24,0.26
2024-04-26,113619.16141335432,0.0,1,1.4499999999999995,-0.5,0.22725572604422592,FORCE_BUY,0.24,0.26
2024-04-29,114067.18649779183,0.0,1,1.4499999999999995,-0.5,0.20168391412443668,FORCE_BUY,0.24,0.26
2024-04-30,113930.14353078742,113930.14353078742,0,2.3999999999999995,-0.5,0.34817890005323204,FORCE_SELL,0.24,0.26
2024-05-01,113930.14353078742,113930.14353078742,0,1.9499999999999993,1.4499999999999995,0.3352797347756233,FORCE_SELL,0.24,0.26
2024-05-02,113977.88610177014,113977.88610177014,0,-0.5,2.4499999999999993,0.24089968123344754,FREE,0.24,0.26
2024-05-03,113977.88610177014,113977.88610177014,0,-0.5,2.499999999999999,0.19196599139864476,FORCE_BUY,0.265,0.29
2024-05-06,113977.88610177014,113977.88610177014,0,-0.5,2.499999999999999,0.18241663266995056,FORCE_BUY,0.265,0.29
2024-05-07,114242.43825519786,0.0,1,1.1499999999999997,-0.5,0.22689277634305458,FORCE_BUY,0.265,0.29
2024-05-08,114003.82258740033,0.0,1,1.1999999999999997,2.499999999999999,0.25142154559883156,FORCE_BUY,0.265,0.29
2024-05-09,114496.6158143735,0.0,1,1.2499999999999996,2.499999999999999,0.21808057404015993,FORCE_BUY,0.265,0.29
2024-05-10,114444.74284311316,0.0,1,0.6499999999999997,2.499999999999999,0.22220692367457362,FORCE_BUY,0.265,0.29
2024-05-13,114859.72661319585,0.0,1,0.6499999999999997,2.499999999999999,0.2545429481027545,FORCE_BUY,0.265,0.29
2024-05-14,115710.44334186532,0.0,1,-0.5,-0.5,0.18767649411045575,FORCE_BUY,0.265,0.29
2024-05-15,117611.61367504222,0.0,1,-0.5,2.4499999999999993,0.2051887811323669,FORCE_BUY,0.265,0.29
2024-05-16,117227.72775123012,0.0,1,-0.5,2.499999999999999,0.23815762443312216,FORCE_BUY,0.265,0.29
2024-05-17,117116.20086302039,0.0,1,1.4999999999999996,-0.5,0.22408495948416682,FORCE_BUY,0.265,0.29
2024-05-20,117894.29543192542,0.0,1,-0.5,-0.5,0.1972982417689533,FORCE_BUY,0.265,0.29
2024-05-21,118301.49825631904,0.0,1,1.9999999999999996,1.4999999999999996,0.1723020756467154,FORCE_BUY,0.265,0.29
2024-05-22,118705.84806729334,0.0,1,-0.5,1.1999999999999997,0.20390598112860228,FORCE_BUY,0.265,0.29
2024-05-23,119201.49430768583,119201.49430768583,0,2.499999999999999,1.4499999999999995,0.33158930647483453,FORCE_SELL,0.265,0.29
2024-05-24,120053.49531164444,0.0,1,2.349999999999999,1.8999999999999995,0.22745313182729843,FORCE_BUY,0.265,0.29
2024-05-28,120428.37575338624,0.0,1,2.349999999999999,1.8999999999999995,0.19320443755782732,FORCE_BUY,0.265,0.29
2024-05-29,119138.57731047043,0.0,1,2.0499999999999994,-0.5,0.23695146380713847,FORCE_BUY,0.265,0.29
2024-05-30,119162.17118442622,119162.17118442622,0,1.8499999999999996,1.7999999999999994,0.2704266305445988,FREE,0.265,0.29
2024-05-31,120490.81978844387,0.0,1,2.3999999999999995,2.1999999999999993,0.23630964802119717,FORCE_BUY,0.265,0.29
2024-06-03,120888.34718201541,0.0,1,2.3999999999999995,2.1999999999999993,0.22549537535695932,FORCE_BUY,0.265,0.29
2024-06-04,121445.95272064932,0.0,1,2.3999999999999995,2.1999999999999993,0.18367503878573221,FORCE_BUY,0.265,0.29
2024-06-05,123764.41785496927,0.0,1,2.3999999999999995,2.1999999999999993,0.20218866942901936,FORCE_BUY,0.265,0.29
2024-06-06,123687.04675152247,0.0,1,2.3999999999999995,2.1999999999999993,0.17248545123167905,FORCE_BUY,0.265,0.29
2024-06-07,123313.53107971027,0.0,1,2.3999999999999995,2.1999999999999993,0.1973808034591832,FORCE_BUY,0.265,0.29
2024-06-10,123820.44520574111,0.0,1,-0.5,2.1499999999999995,0.1896490857521683,FORCE_BUY,0.265,0.29
2024-06-11,124943.66019026205,0.0,1,-0.5,1.5999999999999996,0.17632538945975573,FORCE_BUY,0.265,0.29
2024-06-12,127187.42219021957,0.0,1,0.8999999999999997,2.0499999999999994,0.19672901724832914,FORCE_BUY,0.265,0.29
2024-06-13,127326.15658260696,0.0,1,-0.5,1.6499999999999995,0.18321171761193358,FORCE_BUY,0.265,0.29
2024-06-14,127849.07852314401,0.0,1,1.0499999999999996,-0.5,0.16885626355268893,FORCE_BUY,0.265,0.29
2024-06-17,129460.53185010518,0.0,1,-0.5,1.2999999999999996,0.2327516127782913,FORCE_BUY,0.265,0.29
2024-06-18,129599.26624249257,0.0,1,-0.5,1.9999999999999996,0.1963394829654128,FORCE_BUY,0.265,0.29
2024-06-20,130268.92648267013,130268.92648267013,0,1.7999999999999994,-0.5,0.3147400375941178,FORCE_SELL,0.265,0.29
2024-06-21,130111.87157005694,0.0,1,2.1999999999999993,-0.5,0.2326367281829207,FORCE_BUY,0.265,0.29
2024-06-24,129823.87275485416,0.0,1,2.4499999999999993,-0.5,0.28242156880153646,FREE,0.265,0.29
2024-06-25,131134.2578494592,0.0,1,2.349999999999999,-0.5,0.18731582523892723,FORCE_BUY,0.265,0.29
2024-06-26,130844.27701432738,0.0,1,2.3999999999999995,1.9499999999999993,0.18616802982179878,FORCE_BUY,0.265,0.29
2024-06-27,132049.8860147291,0.0,1,2.3999999999999995,1.9499999999999993,0.2165011746125117,FORCE_BUY,0.265,0.29
2024-06-28,132190.22579625985,132190.22579625985,0,2.3999999999999995,1.9499999999999993,0.3164160086756566,FORCE_SELL,0.265,0.29
2024-07-01,132944.35150450532,0.0,1,2.3999999999999995,1.9499999999999993,0.24319887820797736,FORCE_BUY,0.265,0.29
2024-07-02,134389.06852066788,0.0,1,2.3999999999999995,1.9499999999999993,0.24457606196830037,FORCE_BUY,0.265,0.29
2024-07-03,135584.09534353996,0.0,1,2.3999999999999995,1.9499999999999993,0.20398653101980155,FORCE_BUY,0.265,0.29
2024-07-05,136930.44453380283,0.0,1,2.3999999999999995,1.9499999999999993,0.23076291385658898,FORCE_BUY,0.265,0.29
2024-07-08,137866.8863473384,0.0,1,2.3999999999999995,1.9499999999999993,0.18395353479979218,FORCE_BUY,0.265,0.29
2024-07-09,137609.98638079324,0.0,1,2.3999999999999995,1.9499999999999993,0.23883565447797273,FORCE_BUY,0.265,0.29
2024-07-10,138861.33783073904,0.0,1,2.3999999999999995,1.9499999999999993,0.23567049596670694,FORCE_BUY,0.265,0.29
2024-07-11,136521.6144795159,136521.6144795159,0,1.2999999999999996,-0.5,0.4062240945485284,FORCE_SELL,0.265,0.29
2024-07-12,136521.6144795159,136521.6144795159,0,1.0999999999999996,-0.5,0.31009607380834553,FORCE_SELL,0.265,0.29
2024-07-15,136521.6144795159,136521.6144795159,0,1.0999999999999996,-0.5,0.3202634524312975,FORCE_SELL,0.265,0.32
2024-07-16,136540.90303136487,0.0,1,0.7499999999999998,-0.5,0.25697148099886363,FORCE_BUY,0.265,0.32
2024-07-17,135085.99512047207,135085.99512047207,0,2.4499999999999993,-0.5,0.4428009981452719,FORCE_SELL,0.265,0.32
2024-07-18,135085.99512047207,135085.99512047207,0,2.499999999999999,1.0999999999999996,0.4561359421187618,FORCE_SELL,0.265,0.32
2024-07-19,135085.99512047207,135085.99512047207,0,2.0499999999999994,0.04999999999999982,0.46142877993284714,FORCE_SELL,0.265,0.32
2024-07-22,135085.99512047207,135085.99512047207,0,2.0499999999999994,0.04999999999999982,0.30554181947654935,FREE,0.265,0.32
2024-07-23,135085.99512047207,135085.99512047207,0,2.3999999999999995,-0.5,0.37416523544959107,FORCE_SELL,0.265,0.32
2024-07-24,135085.99512047207,135085.99512047207,0,2.3999999999999995,-0.5,0.4604809968769792,FORCE_SELL,0.265,0.32
2024-07-25,135085.99512047207,135085.99512047207,0,2.1499999999999995,-0.5,0.43023088501561696,FORCE_SELL,0.265,0.32
2024-07-26,135275.3863343308,135275.3863343308,0,1.9999999999999996,-0.5,0.3099195387117786,FREE,0.265,0.32
2024-07-29,135275.3863343308,135275.3863343308,0,0.6999999999999997,-0.5,0.3400763060763419,FORCE_SELL,0.265,0.32
2024-07-30,135275.3863343308,135275.3863343308,0,0.5999999999999996,2.2499999999999996,0.4173552855742746,FORCE_SELL,0.265,0.32
2024-07-31,135275.3863343308,135275.3863343308,0,-0.5,1.8499999999999996,0.35355511554536023,FORCE_SELL,0.265,0.32
2024-08-01,135275.3863343308,135275.3863343308,0,2.4499999999999993,-0.5,0.4779776500719883,FORCE_SELL,0.265,0.32
2024-08-02,135275.3863343308,135275.3863343308,0,2.1499999999999995,-0.5,0.36919459835724755,FORCE_SELL,0.265,0.32
2024-08-05,135275.3863343308,135275.3863343308,0,-0.5,-0.5,0.3800713747941979,FORCE_SELL,0.265,0.32
2024-08-06,134870.75861468067,0.0,1,-0.5,-0.5,0.2633748631128052,FORCE_BUY,0.265,0.435
2024-08-07,133056.80324288923,0.0,1,2.499999999999999,-0.5,0.284787022038197,FREE,0.25,0.435
2024-08-08,138756.2432928383,0.0,1,-0.5,-0.5,0.20994387763175618,FORCE_BUY,0.25,0.27
2024-08-09,138894.95329946227,0.0,1,-0.5,-0.5,0.20326601582731482,FORCE_BUY,0.25,0.27
2024-08-12,139412.80399085837,139412.80399085837,0,-0.5,-0.5,0.2864209312203963,FORCE_SELL,0.25,0.27
2024-08-13,139412.80399085837,139412.80399085837,0,-0.5,-0.5,0.13532322014319506,FORCE_BUY,0.25,0.27
2024-08-14,139451.97504756885,0.0,1,-0.5,-0.5,0.14811139568188128,FORCE_BUY,0.25,0.27
2024-08-15,143125.01490372984,0.0,1,-0.5,-0.5,0.14497488537795322,FORCE_BUY,0.25,0.27
2024-08-16,142908.06751271785,0.0,1,2.3999999999999995,-0.5,0.14067448127551216,FORCE_BUY,0.25,0.27
2024-08-19,145005.22562583358,0.0,1,-0.5,-0.5,0.1607421750669775,FORCE_BUY,0.25,0.27
2024-08-20,144514.44241683316,0.0,1,-0.5,-0.5,0.20155275249510027,FORCE_BUY,0.25,0.27
2024-08-21,145631.9625332015,0.0,1,-0.5,-0.5,0.1678855697146627,FORCE_BUY,0.25,0.27
2024-08-22,143468.5149394988,0.0,1,-0.5,-0.5,0.24171039556073604,FORCE_BUY,0.25,0.27
2024-08-23,144652.68611543914,0.0,1,-0.5,-0.5,0.20532123665013835,FORCE_BUY,0.24,0.265
2024-08-26,143064.75173955984,0.0,1,2.0999999999999996,0.4999999999999998,0.22627141935314454,FORCE_BUY,0.24,0.265
2024-08-27,143200.34385894233,0.0,1,2.1999999999999993,0.44999999999999973,0.183321403304992,FORCE_BUY,0.24,0.265
2024-08-28,141267.24263663092,0.0,1,2.3999999999999995,1.9999999999999996,0.2552846654157664,FREE,0.24,0.265
2024-08-29,143691.06630973893,0.0,1,2.3999999999999995,-0.5,0.24998364628131245,FREE,0.24,0.265
2024-08-30,145107.8374942776,0.0,1,2.349999999999999,2.0999999999999996,0.18554138351096727,FORCE_BUY,0.24,0.265
2024-09-03,144236.44704529253,144236.44704529253,0,2.4499999999999993,-0.5,0.3179315009243045,FORCE_SELL,0.24,0.265
2024-09-04,144582.2171968634,0.0,1,2.2499999999999996,-0.5,0.20219352188495207,FORCE_BUY,0.24,0.265
2024-09-05,144478.48615139214,0.0,1,2.2999999999999994,-0.5,0.19650626257706696,FORCE_BUY,0.24,0.265
2024-09-06,141601.28773087694,0.0,1,2.3999999999999995,-0.5,0.26142027612972,FREE,0.24,0.265
2024-09-09,144246.6118680171,0.0,1,2.0999999999999996,-0.5,0.13828807345923047,FORCE_BUY,0.24,0.265
2024-09-10,145222.7930170624,0.0,1,1.7999999999999994,2.2999999999999994,0.15511512755897836,FORCE_BUY,0.24,0.265
2024-09-11,148392.2123321445,0.0,1,-0.5,2.499999999999999,0.2137079219096265,FORCE_BUY,0.24,0.265
2024-09-12,150019.8042330186,0.0,1,-0.5,2.499999999999999,0.18323250191335014,FORCE_BUY,0.24,0.265
2024-09-13,150439.65720968755,0.0,1,-0.5,2.499999999999999,0.19206529620828014,FORCE_BUY,0.24,0.265
2024-09-16,149989.59966694587,0.0,1,2.2999999999999994,2.4499999999999993,0.1714708524417042,FORCE_BUY,0.24,0.265
2024-09-17,150233.6449542072,0.0,1,2.2999999999999994,2.499999999999999,0.2273260045137578,FORCE_BUY,0.24,0.265
2024-09-18,151338.2526813648,151338.2526813648,0,-0.5,2.2499999999999996,0.24363147046964975,FREE,0.24,0.265
2024-09-19,151803.77334888035,0.0,1,-0.5,1.9999999999999996,0.1900996844063605,FORCE_BUY,0.24,0.265
2024-09-20,151668.5207225076,0.0,1,-0.5,2.349999999999999,0.2049848343295945,FORCE_BUY,0.24,0.265
2024-09-23,151866.68154719324,0.0,1,1.6499999999999995,-0.5,0.19493996797075183,FORCE_BUY,0.24,0.265
2024-09-24,152750.5417334896,0.0,1,2.349999999999999,2.2999999999999994,0.1760091311145402,FORCE_BUY,0.24,0.265
2024-09-25,153480.27683391937,0.0,1,2.0999999999999996,2.2999999999999994,0.20084461484871732,FORCE_BUY,0.24,0.265
2024-09-26,154949.18326452578,154949.18326452578,0,2.0999999999999996,2.2999999999999994,0.24751380011160137,FREE,0.24,0.265
2024-09-27,154949.18326452578,154949.18326452578,0,2.0999999999999996,2.2999999999999994,0.3061899718297674,FORCE_SELL,0.24,0.265
2024-09-30,155520.2451312381,0.0,1,2.3999999999999995,2.2499999999999996,0.2004232888084874,FORCE_BUY,0.24,0.265
2024-10-01,155740.3751245518,155740.3751245518,0,2.1499999999999995,-0.5,0.3280299877269926,FORCE_SELL,0.24,0.265
2024-10-02,157470.56297022756,0.0,1,1.8499999999999996,2.499999999999999,0.21875472306193436,FORCE_BUY,0.24,0.265
2024-10-03,157770.44481235676,157770.44481235676,0,2.1499999999999995,1.8499999999999996,0.2798220254274844,FORCE_SELL,0.24,0.265
2024-10-04,158837.22133900085,0.0,1,2.0999999999999996,-0.5,0.23307092888544592,FORCE_BUY,0.24,0.265
2024-10-07,157962.91542509643,157962.91542509643,0,2.0999999999999996,-0.5,0.31462798351575194,FORCE_SELL,0.24,0.265
2024-10-08,159391.35206222982,0.0,1,1.4499999999999995,1.3999999999999995,0.2367000014353585,FORCE_BUY,0.24,0.265
2024-10-09,160764.34709472558,0.0,1,-0.5,2.1999999999999993,0.1984933836032927,FORCE_BUY,0.24,0.265
2024-10-10,160842.61759539045,0.0,1,1.6999999999999993,2.1999999999999993,0.22074932909303038,FORCE_BUY,0.24,0.265
2024-10-11,160617.58990597902,0.0,1,-0.5,2.0999999999999996,0.2327154895253344,FORCE_BUY,0.24,0.265
2024-10-14,162323.23456630038,0.0,1,-0.5,2.0999999999999996,0.19837669577622205,FORCE_BUY,0.24,0.265
2024-10-15,160059.912588742,160059.912588742,0,1.9499999999999993,1.0999999999999996,0.37546479669791516,FORCE_SELL,0.24,0.265
2024-10-16,159747.03458567712,0.0,1,1.9999999999999996,-0.5,0.20922047463379312,FORCE_BUY,0.24,0.265
2024-10-17,160913.8088054399,160913.8088054399,0,-0.5,1.4999999999999996,0.29190358063939936,FORCE_SELL,0.24,0.265
2024-10-18,161279.03286790109,0.0,1,1.5499999999999994,1.5499999999999994,0.2087669841761229,FORCE_BUY,0.24,0.265
2024-10-21,161546.42905648873,0.0,1,1.3999999999999995,2.1999999999999993,0.21523719794055773,FORCE_BUY,0.24,0.265
2024-10-22,162407.61810024508,0.0,1,1.1499999999999997,1.5999999999999996,0.24085668785128636,FREE,0.24,0.265
2024-10-23,162145.53823240806,162145.53823240806,0,1.8999999999999995,1.4499999999999995,0.3193609950409548,FORCE_SELL,0.24,0.265
2024-10-24,162194.9557725565,0.0,1,2.2999999999999994,2.349999999999999,0.21379855639353137,FORCE_BUY,0.24,0.265
2024-10-25,163067.99898184574,163067.99898184574,0,0.9999999999999996,1.8999999999999995,0.2915158024147486,FORCE_SELL,0.24,0.265
2024-10-28,163067.99898184574,163067.99898184574,0,1.5999999999999996,-0.5,0.30300914978629556,FORCE_SELL,0.24,0.265
2024-10-29,163067.99898184574,163067.99898184574,0,1.4999999999999996,2.1999999999999993,0.21252589076348724,FORCE_BUY,0.24,0.265
2024-10-30,163067.99898184574,163067.99898184574,0,1.1499999999999997,2.2499999999999996,0.32362957232569384,FORCE_SELL,0.24,0.265
2024-10-31,163067.99898184574,163067.99898184574,0,2.3999999999999995,-0.5,0.3523885391692941,FORCE_SELL,0.24,0.265
2024-11-01,163067.99898184574,163067.99898184574,0,2.349999999999999,1.2999999999999996,0.2583608386885762,FREE,0.24,0.265
2024-11-04,163067.99898184574,163067.99898184574,0,2.0999999999999996,1.7499999999999996,0.24683951679152258,FREE,0.24,0.265
2024-11-05,163067.99898184574,163067.99898184574,0,1.4999999999999996,1.6999999999999993,0.2086619450668,FORCE_BUY,0.24,0.265
2024-11-06,163067.99898184574,163067.99898184574,0,1.4999999999999996,1.6999999999999993,0.21019800568643743,FORCE_BUY,0.24,0.265
2024-11-07,163067.99898184574,163067.99898184574,0,1.4999999999999996,1.6999999999999993,0.20558922901089635,FORCE_BUY,0.24,0.265
2024-11-08,163067.99898184574,163067.99898184574,0,1.4999999999999996,1.6999999999999993,0.1966783550742979,FORCE_BUY,0.24,0.265
2024-11-11,163695.78416875674,0.0,1,1.4999999999999996,1.6999999999999993,0.20466592336771716,FORCE_BUY,0.24,0.265
2024-11-12,163163.44145061725,0.0,1,-0.5,-0.5,0.23277708592611027,FORCE_BUY,0.24,0.265
2024-11-13,163214.58841635287,0.0,1,2.3999999999999995,-0.5,0.23615135814397906,FORCE_BUY,0.24,0.265
2024-11-14,163622.4894515032,163622.4894515032,0,1.9999999999999996,-0.5,0.2887831093166234,FORCE_SELL,0.24,0.265
2024-11-15,163622.4894515032,163622.4894515032,0,1.9499999999999993,-0.5,0.27472773404753453,FORCE_SELL,0.24,0.265
2024-11-18,164464.683381445,0.0,1,1.1999999999999997,-0.5,0.19740311573166838,FORCE_BUY,0.24,0.265
2024-11-19,165984.58023938682,0.0,1,1.0999999999999996,2.499999999999999,0.20328171859310115,FORCE_BUY,0.24,0.265
2024-11-20,164731.15880459064,0.0,1,-0.5,2.0999999999999996,0.21406810953052977,FORCE_BUY,0.24,0.265
2024-11-21,167755.0066290812,0.0,1,-0.5,-0.5,0.2582065889126959,FREE,0.24,0.265
2024-11-22,168734.1214537646,0.0,1,1.1499999999999997,-0.5,0.18423487529976493,FORCE_BUY,0.24,0.265
2024-11-25,169426.83718961244,169426.83718961244,0,0.3999999999999998,2.0499999999999994,0.25928001279220475,FREE,0.24,0.265
2024-11-26,169807.00960255635,0.0,1,0.6499999999999997,2.3999999999999995,0.18855387630964207,FORCE_BUY,0.24,0.265
2024-11-27,168743.1938154589,0.0,1,1.5499999999999994,1.9999999999999996,0.22783034834887952,FORCE_BUY,0.24,0.265
2024-11-29,170140.49417531418,0.0,1,1.5499999999999994,1.9999999999999996,0.18535357929295515,FORCE_BUY,0.24,0.265
2024-12-02,171794.57765619297,0.0,1,1.5499999999999994,1.9999999999999996,0.1802309453769265,FORCE_BUY,0.24,0.265
2024-12-03,172735.00415137006,0.0,1,1.5499999999999994,1.9999999999999996,0.1610790443664866,FORCE_BUY,0.24,0.265
2024-12-04,174185.6620428666,0.0,1,1.5499999999999994,1.9999999999999996,0.18833621588478086,FORCE_BUY,0.24,0.265
2024-12-05,173865.51685301907,0.0,1,1.5499999999999994,-0.5,0.2213907027064379,FORCE_BUY,0.24,0.265
2024-12-06,175396.2110419775,0.0,1,-0.5,-0.5,0.1598539644644442,FORCE_BUY,0.24,0.265
2024-12-09,175359.52773897414,175359.52773897414,0,2.0999999999999996,1.0499999999999996,0.2931410920849927,FORCE_SELL,0.24,0.265
2024-12-10,175359.52773897414,175359.52773897414,0,2.2999999999999994,1.6999999999999993,0.2741071453824056,FORCE_SELL,0.24,0.265
2024-12-11,175359.52773897414,175359.52773897414,0,-0.5,1.0499999999999996,0.1784019194541052,FORCE_BUY,0.24,0.265
2024-12-12,175359.52773897414,175359.52773897414,0,-0.5,1.0499999999999996,0.2626272407099844,FREE,0.24,0.265
2024-12-13,174930.27529854956,0.0,1,-0.5,1.0499999999999996,0.2190609702258425,FORCE_BUY,0.24,0.265
2024-12-16,177509.09188294626,0.0,1,-0.5,1.0499999999999996,0.23969988662304534,FORCE_BUY,0.24,0.265
2024-12-17,177313.7115462376,0.0,1,1.8999999999999995,1.3499999999999996,0.263508006740675,FREE,0.24,0.265
2024-12-18,177565.53525407522,177565.53525407522,0,2.1499999999999995,1.4999999999999996,0.4874095672748697,FORCE_SELL,0.24,0.265
2024-12-19,174529.9354389364,0.0,1,2.1999999999999993,-0.5,0.2580056900910863,FREE,0.24,0.265
2024-12-20,177667.85884334956,0.0,1,2.2999999999999994,-0.5,0.23438325255939252,FORCE_BUY,0.24,0.265
2024-12-23,178182.8875760304,0.0,1,2.2999999999999994,-0.5,0.1570145778546912,FORCE_BUY,0.24,0.265
2024-12-24,180758.0312394347,0.0,1,-0.5,2.4499999999999993,0.15130472543630838,FORCE_BUY,0.24,0.265
2024-12-26,180358.93513340165,0.0,1,1.8999999999999995,-0.5,0.1969370358581467,FORCE_BUY,0.24,0.265
2024-12-27,178189.7091486487,0.0,1,2.0999999999999996,-0.5,0.22784746660130187,FORCE_BUY,0.24,0.265
2024-12-30,175505.42032335178,0.0,1,2.499999999999999,2.4499999999999993,0.20681978766391618,FORCE_BUY,0.24,0.265
2024-12-31,174373.03926871574,0.0,1,2.4499999999999993,2.4499999999999993,0.2385802186070869,FORCE_BUY,0.24,0.265
2025-01-02,174581.0972335736,0.0,1,2.2999999999999994,-0.5,0.22581650980042522,FORCE_BUY,0.24,0.265
2025-01-03,177043.07100724045,0.0,1,2.349999999999999,-0.5,0.17925766686992142,FORCE_BUY,0.24,0.265
2025-01-06,177848.63051773421,177848.63051773421,0,2.349999999999999,-0.5,0.24397885029345548,FREE,0.24,0.265
2025-01-07,177848.63051773421,177848.63051773421,0,2.2499999999999996,-0.5,0.3487301954268938,FORCE_SELL,0.24,0.265
2025-01-08,178798.4437927273,0.0,1,2.2499999999999996,2.0999999999999996,0.21942226458464623,FORCE_BUY,0.24,0.265
2025-01-10,178648.8101933813,178648.8101933813,0,2.1999999999999993,-0.5,0.29228885300472607,FORCE_SELL,0.24,0.265
2025-01-13,181491.64840284776,0.0,1,2.1999999999999993,-0.5,0.18827601402211233,FORCE_BUY,0.24,0.265
2025-01-14,180677.36811169406,0.0,1,-0.5,2.2499999999999996,0.26409175311927996,FREE,0.24,0.265
2025-01-15,184759.4837818199,0.0,1,-0.5,1.8499999999999996,0.21387337683670274,FORCE_BUY,0.24,0.265
2025-01-16,185548.76423947327,185548.76423947327,0,1.1999999999999997,1.4999999999999996,0.32880751629545096,FORCE_SELL,0.24,0.265
2025-01-17,185548.76423947327,185548.76423947327,0,1.1499999999999997,2.349999999999999,0.2862755153404507,FORCE_SELL,0.24,0.265
2025-01-21,185548.76423947327,185548.76423947327,0,1.1499999999999997,2.349999999999999,0.22280594080069674,FORCE_BUY,0.24,0.265
2025-01-22,185548.76423947327,185548.76423947327,0,1.1499999999999997,2.349999999999999,0.2965493006044378,FORCE_SELL,0.24,0.265
2025-01-23,185744.68268727118,185744.68268727118,0,0.4999999999999998,-0.5,0.2543946177470547,FREE,0.24,0.265
2025-01-24,185744.68268727118,185744.68268727118,0,0.5499999999999998,-0.5,0.32659668464789576,FORCE_SELL,0.24,0.265
2025-01-27,186068.3620630503,186068.3620630503,0,0.5499999999999998,-0.5,0.2555327029781,FREE,0.24,0.265
2025-01-28,187491.69445713484,0.0,1,-0.5,2.1499999999999995,0.23943257023454131,FORCE_BUY,0.24,0.265
2025-01-29,187639.0596797547,0.0,1,-0.5,2.1999999999999993,0.21993153025134146,FORCE_BUY,0.24,0.265
2025-01-30,190113.97894527973,190113.97894527973,0,-0.5,1.2499999999999996,0.26459862668736683,FREE,0.24,0.265
2025-01-31,190113.97894527973,190113.97894527973,0,-0.5,1.2499999999999996,0.35855731738956326,FORCE_SELL,0.24,0.265
2025-02-03,190113.97894527973,190113.97894527973,0,1.7499999999999996,2.499999999999999,0.2887065942713111,FORCE_SELL,0.24,0.265
2025-02-04,191957.25029552946,0.0,1,1.7499999999999996,-0.5,0.22491937852871147,FORCE_BUY,0.24,0.265
2025-02-05,193572.8666184575,0.0,1,2.1499999999999995,2.499999999999999,0.20136379131505291,FORCE_BUY,0.24,0.265
2025-02-06,194380.67477992157,0.0,1,-0.5,2.3999999999999995,0.21353302667125837,FORCE_BUY,0.24,0.265
2025-02-07,195188.48294138562,195188.48294138562,0,-0.5,-0.5,0.38258521454030436,FORCE_SELL,0.24,0.265
2025-02-10,195907.37848810863,0.0,1,1.1999999999999997,2.4499999999999993,0.21940008036358008,FORCE_BUY,0.24,0.265
2025-02-11,195933.3313959326,0.0,1,1.0499999999999996,2.4499999999999993,0.2423417543131654,FREE,0.24,0.265
2025-02-12,196693.38083934784,0.0,1,1.1999999999999997,-0.5,0.21133770207684685,FORCE_BUY,0.24,0.265
2025-02-13,198539.74485310784,0.0,1,1.1999999999999997,-0.5,0.1878137655406481,FORCE_BUY,0.24,0.265
2025-02-14,199507.41755911458,0.0,1,1.1999999999999997,-0.5,0.17870492293069226,FORCE_BUY,0.24,0.265
2025-02-18,200267.17039786902,0.0,1,1.1999999999999997,-0.5,0.17006648626532475,FORCE_BUY,0.24,0.265
2025-02-19,199844.80536082573,0.0,1,1.4999999999999996,-0.5,0.19244097389030787,FORCE_BUY,0.24,0.265
2025-02-20,201269.83816872025,201269.83816872025,0,1.7499999999999996,2.4499999999999993,0.2632446401882287,FREE,0.24,0.265
2025-02-21,201269.83816872025,201269.83816872025,0,2.1999999999999993,-0.5,0.41450455331083913,FORCE_SELL,0.24,0.265
2025-02-24,201269.83816872025,201269.83816872025,0,2.0499999999999994,-0.5,0.3333337218647487,FORCE_SELL,0.24,0.265
2025-02-25,201269.83816872025,201269.83816872025,0,2.1499999999999995,-0.5,0.26569472203490463,FORCE_SELL,0.24,0.265
2025-02-26,201269.83816872025,201269.83816872025,0,2.3999999999999995,1.9999999999999996,0.26773423394092993,FORCE_SELL,0.24,0.265
2025-02-27,201269.83816872025,201269.83816872025,0,2.2999999999999994,1.1499999999999997,0.41531835190804406,FORCE_SELL,0.24,0.265
2025-02-28,204300.25987044984,0.0,1,-0.5,1.0999999999999996,0.2226229539751272,FORCE_BUY,0.24,0.265
2025-03-03,200622.75873373557,0.0,1,-0.5,1.0999999999999996,0.4031448317266247,FORCE_SELL,0.24,0.265
2025-03-04,200530.318814452,200530.318814452,0,2.3999999999999995,-0.5,0.3070626813119684,FORCE_SELL,0.24,0.265
2025-03-05,201991.53935856183,0.0,1,2.499999999999999,-0.5,0.22587768318963705,FORCE_BUY,0.24,0.265
2025-03-06,200594.90314789332,200594.90314789332,0,1.9999999999999996,-0.5,0.33085728118669655,FORCE_SELL,0.24,0.265
2025-03-07,200534.0363510925,0.0,1,2.1499999999999995,2.499999999999999,0.20642340599507347,FORCE_BUY,0.24,0.265
2025-03-10,198074.44585755118,198074.44585755118,0,2.499999999999999,-0.5,0.3069436218513027,FORCE_SELL,0.24,0.265
2025-03-11,195926.64909906476,0.0,1,2.349999999999999,-0.5,0.24025105982460418,FREE,0.24,0.265
2025-03-12,198336.8675790456,0.0,1,2.0999999999999996,2.4499999999999993,0.21360718458921726,FORCE_BUY,0.24,0.265
2025-03-13,195338.43623503722,195338.43623503722,0,2.3999999999999995,2.4499999999999993,0.26783235910882336,FORCE_SELL,0.24,0.265
2025-03-14,195739.61298262735,0.0,1,2.349999999999999,-0.5,0.20759205435524253,FORCE_BUY,0.24,0.265
2025-03-17,195715.10366091324,195715.10366091324,0,2.349999999999999,-0.5,0.25525248580883386,FREE,0.24,0.265
2025-03-18,195715.10366091324,195715.10366091324,0,2.4499999999999993,1.9499999999999993,0.30097151719506415,FORCE_SELL,0.24,0.265
2025-03-19,195715.10366091324,195715.10366091324,0,2.4499999999999993,2.4499999999999993,0.27005305035596083,FORCE_SELL,0.24,0.265
2025-03-20,195715.10366091324,195715.10366091324,0,2.0999999999999996,1.9499999999999993,0.28265769665230406,FORCE_SELL,0.24,0.265
2025-03-21,196781.52625079837,0.0,1,1.7499999999999996,-0.5,0.2035745861594784,FORCE_BUY,0.24,0.265
2025-03-24,200290.54688075723,0.0,1,1.7499999999999996,-0.5,0.20093255233748383,FORCE_BUY,0.24,0.265
2025-03-25,201958.3746085933,0.0,1,1.6999999999999993,2.499999999999999,0.19125396049559176,FORCE_BUY,0.24,0.265
2025-03-26,201276.02758747907,201276.02758747907,0,1.9499999999999993,2.2499999999999996,0.3875952707977963,FORCE_SELL,0.24,0.265
2025-03-27,201276.02758747907,201276.02758747907,0,2.4499999999999993,2.499999999999999,0.328559919506018,FORCE_SELL,0.24,0.265
2025-03-28,201276.02758747907,201276.02758747907,0,2.499999999999999,-0.5,0.40014747998080263,FORCE_SELL,0.245,0.265
2025-03-31,201276.02758747907,201276.02758747907,0,1.8999999999999995,-0.5,0.368131550627993,FORCE_SELL,0.245,0.265
2025-04-01,201276.02758747907,201276.02758747907,0,2.1499999999999995,-0.5,0.33245065068748575,FORCE_SELL,0.245,0.265
2025-04-02,201276.02758747907,201276.02758747907,0,-0.5,-0.5,0.425477705767122,FORCE_SELL,0.245,0.265
2025-04-03,201276.02758747907,201276.02758747907,0,-0.5,2.499999999999999,0.45903328974835,FORCE_SELL,0.245,0.265
2025-04-04,201276.02758747907,201276.02758747907,0,-0.5,-0.5,0.496035449822831,FORCE_SELL,0.245,0.265
2025-04-07,201276.02758747907,201276.02758747907,0,-0.5,-0.5,0.5040227484412773,FORCE_SELL,0.245,0.265
2025-04-08,201276.02758747907,201276.02758747907,0,-0.5,-0.5,0.5436312576656785,FORCE_SELL,0.245,0.265
2025-04-09,201276.02758747907,201276.02758747907,0,-0.5,-0.5,0.5249099342595213,FORCE_SELL,0.245,0.265
2025-04-10,201276.02758747907,201276.02758747907,0,-0.5,-0.5,0.4517058635562941,FORCE_SELL,0.245,0.265
2025-04-11,201276.02758747907,201276.02758747907,0,-0.5,-0.5,0.40869106260291216,FORCE_SELL,0.245,0.265
2025-04-14,201276.02758747907,201276.02758747907,0,2.349999999999999,-0.5,0.4615076446227056,FORCE_SELL,0.245,0.265
2025-04-15,201276.02758747907,201276.02758747907,0,2.4499999999999993,-0.5,0.4794472210941984,FORCE_SELL,0.245,0.265
2025-04-16,201276.02758747907,201276.02758747907,0,2.499999999999999,-0.5,0.40686689114611707,FORCE_SELL,0.245,0.265
2025-04-17,201276.02758747907,201276.02758747907,0,-0.5,-0.5,0.3548490984712016,FORCE_SELL,0.245,0.265
2025-04-21,201276.02758747907,201276.02758747907,0,-0.5,-0.5,0.3202109245116203,FORCE_SELL,0.245,0.265
2025-04-22,201276.02758747907,201276.02758747907,0,-0.5,-0.5,0.28322730325511536,FORCE_SELL,0.245,0.265
2025-04-23,201276.02758747907,201276.02758747907,0,-0.5,-0.5,0.40484897618147436,FORCE_SELL,0.245,0.265
2025-04-24,201276.02758747907,201276.02758747907,0,-0.5,-0.5,0.34554344756973904,FORCE_SELL,0.245,0.265
2025-04-25,202424.21110773715,0.0,1,1.9499999999999993,-0.5,0.17686173256755822,FORCE_BUY,0.245,0.265
2025-04-28,202204.75137789693,0.0,1,1.6499999999999995,-0.5,0.239733175796453,FORCE_BUY,0.245,0.265
2025-04-29,202610.80323373235,0.0,1,2.0999999999999996,-0.5,0.20501065592659828,FORCE_BUY,0.245,0.265
2025-04-30,206304.12903038046,0.0,1,-0.5,-0.5,0.2239915723605209,FORCE_BUY,0.245,0.265
2025-05-01,206603.70354459292,206603.70354459292,0,2.1499999999999995,-0.5,0.30487985057041656,FORCE_SELL,0.245,0.265
2025-05-02,207622.87827226502,0.0,1,2.1499999999999995,-0.5,0.21400753443380757,FORCE_BUY,0.245,0.265
2025-05-05,205877.54155112657,205877.54155112657,0,-0.5,-0.5,0.2990583953244345,FORCE_SELL,0.245,0.265
2025-05-06,205877.54155112657,205877.54155112657,0,-0.5,2.4499999999999993,0.3001394179266054,FORCE_SELL,0.245,0.265
2025-05-07,206392.4874087806,206392.4874087806,0,-0.5,-0.5,0.2620346331301232,FREE,0.245,0.265
2025-05-08,205403.31206684635,0.0,1,2.3999999999999995,-0.5,0.24319179401272803,FORCE_BUY,0.245,0.265
2025-05-09,206316.72078684522,206316.72078684522,0,2.4499999999999993,-0.5,0.2646008183905189,FREE,0.245,0.265
2025-05-12,206251.60583630498,0.0,1,2.4499999999999993,-0.5,0.1902712958346443,FORCE_BUY,0.245,0.265
2025-05-13,205852.77676424582,205852.77676424582,0,2.4499999999999993,-0.5,0.2470637311496863,FREE,0.245,0.265
2025-05-14,206151.1717827483,0.0,1,1.3999999999999995,2.349999999999999,0.201146184473834,FORCE_BUY,0.25,0.27
2025-05-15,206556.98900791167,0.0,1,1.4999999999999996,2.0999999999999996,0.20857825222860737,FORCE_BUY,0.25,0.27
2025-05-16,204746.72589566332,0.0,1,2.499999999999999,2.4499999999999993,0.20246030185278185,FORCE_BUY,0.25,0.27
2025-05-19,207850.0340880891,0.0,1,2.499999999999999,2.4499999999999993,0.1713693824649394,FORCE_BUY,0.25,0.27
2025-05-20,206823.55522444058,0.0,1,-0.5,1.1999999999999997,0.17721590104689086,FORCE_BUY,0.25,0.27
2025-05-21,205761.26895857172,205761.26895857172,0,1.8999999999999995,1.5499999999999994,0.3496701322761764,FORCE_SELL,0.25,0.27
2025-05-22,205845.39049126123,0.0,1,2.0999999999999996,0.3999999999999998,0.19970071348506394,FORCE_BUY,0.25,0.27
2025-05-23,203630.19013043714,0.0,1,-0.5,0.9499999999999997,0.17416422615067706,FORCE_BUY,0.25,0.27
2025-05-27,208829.70200810384,0.0,1,-0.5,0.9499999999999997,0.12858129099317162,FORCE_BUY,0.25,0.27
2025-05-28,211685.82833227667,0.0,1,1.8999999999999995,2.499999999999999,0.18563034342876208,FORCE_BUY,0.25,0.27
2025-05-29,207359.57807967265,0.0,1,1.6999999999999993,-0.5,0.19652019262409492,FORCE_BUY,0.25,0.27
2025-05-30,207696.06421043075,0.0,1,1.6999999999999993,2.3999999999999995,0.14491849457915507,FORCE_BUY,0.25,0.27
2025-06-02,209202.24022430027,0.0,1,1.6999999999999993,2.3999999999999995,0.13210672698315365,FORCE_BUY,0.25,0.27
2025-06-03,211269.22645609995,0.0,1,1.6999999999999993,2.3999999999999995,0.11155402900788432,FORCE_BUY,0.25,0.27
2025-06-04,211665.799395922,0.0,1,1.6999999999999993,2.3999999999999995,0.11566576554590517,FORCE_BUY,0.25,0.27
2025-06-05,209771.06201677228,0.0,1,2.0499999999999994,1.8999999999999995,0.23838972093756272,FORCE_BUY,0.25,0.27
2025-06-06,212623.18255367418,0.0,1,1.9999999999999996,2.1999999999999993,0.16478541198030894,FORCE_BUY,0.25,0.27
2025-06-09,212735.34459726023,0.0,1,1.8499999999999996,1.8999999999999995,0.17206708730859868,FORCE_BUY,0.25,0.27
2025-06-10,213897.02290582983,0.0,1,1.7999999999999994,1.6999999999999993,0.1259699298317923,FORCE_BUY,0.25,0.27
2025-06-11,212803.44298086604,0.0,1,1.6999999999999993,1.7499999999999996,0.18774310720315326,FORCE_BUY,0.25,0.27
2025-06-12,212334.76587016726,0.0,1,1.8499999999999996,2.0999999999999996,0.16356841456110752,FORCE_BUY,0.25,0.27
2025-06-13,211096.97760345,0.0,1,1.7999999999999994,-0.5,0.24475677750437583,FORCE_BUY,0.25,0.27
2025-06-16,212490.99157373354,0.0,1,2.2499999999999996,1.2999999999999996,0.15110342881855113,FORCE_BUY,0.25,0.27
2025-06-17,211429.41788906444,0.0,1,1.4999999999999996,1.0999999999999996,0.24211122742428737,FORCE_BUY,0.25,0.27
2025-06-18,211890.12348309407,0.0,1,0.9499999999999997,2.0999999999999996,0.1898694969215676,FORCE_BUY,0.24,0.265
2025-06-20,212246.63855020682,212246.63855020682,0,0.9499999999999997,2.0999999999999996,0.43595439568097866,FORCE_SELL,0.24,0.265
2025-06-23,212246.63855020682,212246.63855020682,0,-0.5,-0.5,0.29927459259288547,FORCE_SELL,0.24,0.265
2025-06-24,213551.23903302546,0.0,1,-0.5,2.2999999999999994,0.12327483916484971,FORCE_BUY,0.24,0.265
2025-06-25,213926.8058386854,0.0,1,-0.5,-0.5,0.18744028893871478,FORCE_BUY,0.24,0.265
2025-06-26,216002.30660680597,0.0,1,0.4999999999999998,2.499999999999999,0.18795925998559834,FORCE_BUY,0.24,0.265
2025-06-27,216480.66011717284,0.0,1,0.9499999999999997,-0.5,0.19619663637913354,FORCE_BUY,0.24,0.265
2025-06-30,218050.13403135163,0.0,1,0.9499999999999997,-0.5,0.18318230130418978,FORCE_BUY,0.24,0.265
2025-07-01,216389.73341685516,0.0,1,1.8999999999999995,0.8999999999999997,0.22705227792487118,FORCE_BUY,0.24,0.265
2025-07-02,217805.0272739736,0.0,1,1.4999999999999996,0.8999999999999997,0.14991051346755493,FORCE_BUY,0.225,0.265
2025-07-03,219730.3013198302,0.0,1,-0.5,2.349999999999999,0.17551391124760443,FORCE_BUY,0.225,0.265
2025-07-07,218145.0140664657,0.0,1,1.7999999999999994,1.1999999999999997,0.1923664635562644,FORCE_BUY,0.225,0.265
2025-07-08,218441.51417619723,0.0,1,1.6499999999999995,0.7499999999999998,0.17504023280285566,FORCE_BUY,0.225,0.265
2025-07-09,219750.06799381232,0.0,1,1.6499999999999995,1.7999999999999994,0.17549632347012337,FORCE_BUY,0.225,0.265
2025-07-10,219856.80803331567,0.0,1,1.6499999999999995,2.1999999999999993,0.18151307655682167,FORCE_BUY,0.225,0.265
2025-07-11,218817.08098185714,0.0,1,1.6999999999999993,1.7499999999999996,0.18166788852389262,FORCE_BUY,0.225,0.265
2025-07-14,219678.90796747673,0.0,1,1.5499999999999994,2.499999999999999,0.17802234901906885,FORCE_BUY,0.225,0.265
2025-07-15,219718.44131544096,0.0,1,1.6499999999999995,-0.5,0.2963472573112635,FORCE_SELL,0.225,0.265
2025-07-16,222290.06565702162,222290.06565702162,0,1.6499999999999995,0.6999999999999997,0.23099877098132024,FREE,0.225,0.265
2025-07-17,222290.06565702162,222290.06565702162,0,1.3999999999999995,0.9999999999999996,0.1500443434542353,FORCE_BUY,0.225,0.265
2025-07-18,222575.49509235247,0.0,1,-0.5,0.9999999999999996,0.21725117552365428,FORCE_BUY,0.225,0.265
2025-07-21,223697.39134511113,0.0,1,1.3499999999999996,1.9999999999999996,0.1935305918309647,FORCE_BUY,0.225,0.265
2025-07-22,222900.56750481256,0.0,1,1.9499999999999993,1.6499999999999995,0.19589195641618307,FORCE_BUY,0.225,0.265
2025-07-23,224252.39302492107,0.0,1,1.5499999999999994,2.2499999999999996,0.10636094837733867,FORCE_BUY,0.225,0.265
2025-07-24,224303.92889518914,0.0,1,-0.5,-0.5,0.1746394967209461,FORCE_BUY,0.225,0.265
2025-07-25,224791.5375138793,0.0,1,1.1499999999999997,1.1999999999999997,0.1459182527360877,FORCE_BUY,0.225,0.265
2025-07-28,225596.28994960376,0.0,1,1.1499999999999997,1.1999999999999997,0.1353367246865696,FORCE_BUY,0.225,0.265
2025-07-29,226175.07741569122,226175.07741569122,0,1.1999999999999997,1.8999999999999995,0.27990879262676455,FORCE_SELL,0.225,0.265
2025-07-30,228459.8751918058,0.0,1,1.1999999999999997,1.8999999999999995,0.17433837782893277,FORCE_BUY,0.225,0.265
2025-07-31,229311.69875293563,229311.69875293563,0,-0.5,1.4999999999999996,0.3601706733180399,FORCE_SELL,0.225,0.265
2025-08-01,226352.2730526738,0.0,1,2.2999999999999994,-0.5,0.22439552242045258,FORCE_BUY,0.225,0.265
2025-08-04,231231.2244671344,0.0,1,2.2999999999999994,-0.5,0.10304478673769635,FORCE_BUY,0.225,0.265
2025-08-05,228476.7664593396,0.0,1,2.2999999999999994,-0.5,0.1942714912259047,FORCE_BUY,0.225,0.265
2025-08-06,232471.34449144613,0.0,1,-0.5,2.0999999999999996,0.11681071462457321,FORCE_BUY,0.225,0.265
2025-08-07,233371.76167081445,0.0,1,1.3999999999999995,2.0999999999999996,0.15519733997831928,FORCE_BUY,0.225,0.265
2025-08-08,235743.7470176457,0.0,1,1.1499999999999997,1.9999999999999996,0.09087714784603838,FORCE_BUY,0.225,0.265
2025-08-11,234399.05581636642,0.0,1,1.8999999999999995,-0.5,0.1436450662050848,FORCE_BUY,0.225,0.255
2025-08-12,237648.74327281374,0.0,1,-0.5,2.3999999999999995,0.08981836153741912,FORCE_BUY,0.225,0.255
2025-08-13,237570.93904290558,0.0,1,1.6499999999999995,-0.5,0.1120802194698296,FORCE_BUY,0.225,0.255
2025-08-14,236993.89441509134,0.0,1,1.5999999999999996,0.6999999999999997,0.09487318985135824,FORCE_BUY,0.225,0.255
2025-08-15,236179.42614829913,0.0,1,1.4999999999999996,0.6499999999999997,0.11522713123821998,FORCE_BUY,0.225,0.255
2025-08-18,236281.74628231823,0.0,1,1.2499999999999996,0.8999999999999997,0.07047253948236751,FORCE_BUY,0.225,0.255
2025-08-19,236060.73479283694,236060.73479283694,0,1.9999999999999996,1.0999999999999996,0.3923757151168699,FORCE_SELL,0.225,0.255
2025-08-20,236060.73479283694,236060.73479283694,0,1.8999999999999995,-0.5,0.2775892124114842,FORCE_SELL,0.225,0.255
2025-08-21,236060.73479283694,236060.73479283694,0,1.3999999999999995,1.0499999999999996,0.31938245822411954,FORCE_SELL,0.225,0.255
2025-08-22,236060.73479283694,236060.73479283694,0,1.0499999999999996,2.2999999999999994,0.3027537720049948,FORCE_SELL,0.225,0.255
2025-08-25,235742.46551758263,0.0,1,1.1999999999999997,-0.5,0.2672287164515876,FREE,0.225,0.305
2025-08-26,236978.3423137,0.0,1,-0.5,-0.5,0.1723241822703636,FORCE_BUY,0.225,0.255
2025-08-27,235936.73377650406,0.0,1,-0.5,2.3999999999999995,0.20270219769267794,FORCE_BUY,0.225,0.255
2025-08-28,238081.9513590623,238081.9513590623,0,-0.5,2.3999999999999995,0.230906784460838,FREE,0.225,0.255
2025-08-29,238081.9513590623,238081.9513590623,0,1.2999999999999996,-0.5,0.30655238877836904,FORCE_SELL,0.225,0.255
2025-09-02,238081.9513590623,238081.9513590623,0,1.2999999999999996,-0.5,0.18512106036027667,FORCE_BUY,0.225,0.255
2025-09-03,238127.93410768313,0.0,1,1.3999999999999995,-0.5,0.18245493073045102,FORCE_BUY,0.225,0.305
2025-09-04,240874.35827530795,0.0,1,-0.5,2.4499999999999993,0.16888386307922912,FORCE_BUY,0.225,0.305
2025-09-05,241702.04775048257,241702.04775048257,0,-0.5,2.4499999999999993,0.26922756612712767,FREE,0.225,0.305
2025-09-08,241663.4346990943,0.0,1,0.8999999999999997,-0.5,0.20845376087705067,FORCE_BUY,0.225,0.305
2025-09-09,242489.96271799883,0.0,1,1.1499999999999997,2.1499999999999995,0.16216022294840404,FORCE_BUY,0.225,0.305
2025-09-10,242644.4149235517,0.0,1,1.0499999999999996,1.7999999999999994,0.16366324603689153,FORCE_BUY,0.225,0.305
2025-09-11,243921.77640731327,0.0,1,1.0499999999999996,-0.5,0.1091778751589245,FORCE_BUY,0.225,0.305
2025-09-12,244886.05909603517,0.0,1,0.6499999999999997,2.349999999999999,0.17349815487024414,FORCE_BUY,0.225,0.305
2025-09-15,246935.68160756104,0.0,1,0.6499999999999997,2.349999999999999,0.1657713299736574,FORCE_BUY,0.225,0.305
2025-09-16,246952.3791432965,0.0,1,-0.5,1.9999999999999996,0.2193156167874503,FORCE_BUY,0.225,0.305
2025-09-17,246731.13679480183,246731.13679480183,0,0.7499999999999998,1.5999999999999996,0.23148471463571832,FREE,0.225,0.305
2025-09-18,248836.56079115195,248836.56079115195,0,1.1499999999999997,1.0999999999999996,0.2451961338733759,FREE,0.225,0.305
2025-09-19,249961.97112321132,0.0,1,0.6999999999999997,1.2999999999999996,0.16248530069806302,FORCE_BUY,0.225,0.305
2025-09-22,251024.85865904513,0.0,1,2.3999999999999995,1.8999999999999995,0.18356184835974063,FORCE_BUY,0.225,0.305
2025-09-23,249424.27507567182,0.0,1,-0.5,1.5999999999999996,0.300215757324855,FREE,0.225,0.305
2025-09-24,248176.86605072673,248176.86605072673,0,1.7999999999999994,1.9999999999999996,0.2477387121444452,FREE,0.225,0.305
2025-09-25,246674.76142895917,0.0,1,1.9999999999999996,1.9499999999999993,0.22568863290007932,FREE,0.225,0.305
2025-09-26,247914.60476140177,0.0,1,1.6499999999999995,1.7499999999999996,0.17078192353754476,FORCE_BUY,0.255,0.305
2025-09-29,249532.8488336924,0.0,1,1.6499999999999995,1.7499999999999996,0.27059176663937595,FREE,0.255,0.305
2025-09-30,249682.9713718032,0.0,1,1.3499999999999996,1.1499999999999997,0.18682620887370652,FORCE_BUY,0.255,0.305
2025-10-01,251638.73443774687,0.0,1,1.2999999999999996,1.0999999999999996,0.18603703609722363,FORCE_BUY,0.255,0.305
2025-10-02,252727.12283905022,0.0,1,1.2999999999999996,1.0999999999999996,0.20414298515861717,FORCE_BUY,0.255,0.305
2025-10-03,251442.7411241022,0.0,1,1.4499999999999995,1.6499999999999995,0.24231899199867712,FORCE_BUY,0.255,0.305
2025-10-06,253027.36791527187,0.0,1,1.4499999999999995,1.6499999999999995,0.1808443719894253,FORCE_BUY,0.255,0.305
2025-10-07,253609.9777814815,253609.9777814815,0,1.2499999999999996,1.4999999999999996,0.27704119629189156,FREE,0.255,0.305
2025-10-08,253609.9777814815,253609.9777814815,0,-0.5,2.3999999999999995,0.16606338199732276,FORCE_BUY,0.255,0.305
2025-10-09,253639.13312062237,0.0,1,1.2499999999999996,1.0499999999999996,0.19197081745728006,FORCE_BUY,0.23,0.305
2025-10-10,253609.9777814815,253609.9777814815,0,2.0499999999999994,1.5499999999999994,0.5198587587586898,FORCE_SELL,0.23,0.305
2025-10-13,254961.44587329752,0.0,1,2.0499999999999994,1.5499999999999994,0.1814100437891287,FORCE_BUY,0.23,0.305
2025-10-14,252735.8051907446,0.0,1,2.3999999999999995,2.3999999999999995,0.2688635072530005,FREE,0.23,0.305
2025-10-15,257447.6920790773,257447.6920790773,0,1.9499999999999993,2.0999999999999996,0.26310877510950226,FREE,0.23,0.305
2025-10-16,257447.6920790773,257447.6920790773,0,1.4999999999999996,1.3499999999999996,0.35688870295846004,FORCE_SELL,0.23,0.305
2025-10-17,263586.52772198507,0.0,1,1.7999999999999994,1.7999999999999994,0.18918270911357535,FORCE_BUY,0.23,0.305
2025-10-20,266666.8377287528,0.0,1,1.7999999999999994,1.7999999999999994,0.1801899291030773,FORCE_BUY,0.23,0.305
2025-10-21,265878.2435120273,0.0,1,1.2499999999999996,-0.5,0.19462802188126072,FORCE_BUY,0.23,0.305
2025-10-22,263128.2461868533,0.0,1,2.0499999999999994,1.9499999999999993,0.26569304103638697,FREE,0.23,0.305
2025-10-23,266369.0000794423,0.0,1,1.4999999999999996,2.4499999999999993,0.1826123143757233,FORCE_BUY,0.23,0.265
2025-10-24,268881.38116723695,0.0,1,-0.5,2.499999999999999,0.1773128066495058,FORCE_BUY,0.23,0.265
2025-10-27,273853.89278294146,0.0,1,2.349999999999999,2.4499999999999993,0.17129144942444532,FORCE_BUY,0.23,0.265
2025-10-28,275843.768271888,0.0,1,1.0999999999999996,2.499999999999999,0.21911512120618826,FORCE_BUY,0.23,0.265
2025-10-29,276366.2738707361,0.0,1,-0.5,1.9499999999999993,0.20273980057755878,FORCE_BUY,0.23,0.265
2025-10-30,276758.1530698722,276758.1530698722,0,-0.5,-0.5,0.3373090248976964,FORCE_SELL,0.23,0.305
2025-10-31,276758.1530698722,276758.1530698722,0,2.4499999999999993,1.7499999999999996,0.31686123904092645,FORCE_SELL,0.23,0.305
2025-11-03,276646.91024987673,0.0,1,2.349999999999999,-0.5,0.2589178120713296,FREE,0.23,0.305
2025-11-04,272460.20595486177,0.0,1,2.3999999999999995,1.8999999999999995,0.3046516322645462,FREE,0.23,0.305
2025-11-05,275845.87605047255,275845.87605047255,0,2.3999999999999995,1.4499999999999995,0.23884039441101246,FREE,0.23,0.265
2025-11-06,275845.87605047255,275845.87605047255,0,2.4499999999999993,1.2499999999999996,0.3495594677036647,FORCE_SELL,0.23,0.265
2025-11-07,276532.52055139246,0.0,1,2.2499999999999996,2.3999999999999995,0.19893317843595826,FORCE_BUY,0.23,0.265
2025-11-10,281804.32405516563,0.0,1,2.2499999999999996,2.3999999999999995,0.19698614201529754,FORCE_BUY,0.23,0.265
2025-11-11,281194.47532079596,0.0,1,-0.5,2.4499999999999993,0.18532213696214053,FORCE_BUY,0.23,0.265
2025-11-12,282624.2650846833,0.0,1,1.7999999999999994,2.499999999999999,0.25402752915606336,FREE,0.23,0.265
2025-11-13,283636.8956019332,283636.8956019332,0,1.7999999999999994,2.0499999999999994,0.3396628251212556,FORCE_SELL,0.23,0.265
2025-11-14,286136.18774165516,0.0,1,1.9999999999999996,2.0999999999999996,0.25456469830993494,FREE,0.23,0.265
2025-11-17,287292.22736433556,287292.22736433556,0,2.4499999999999993,-0.5,0.31433652950666086,FORCE_SELL,0.23,0.265
2025-11-18,290652.6980174786,290652.6980174786,0,2.499999999999999,-0.5,0.25623408851987706,FREE,0.23,0.265
2025-11-19,296834.3254564995,296834.3254564995,0,2.2499999999999996,1.5499999999999994,0.2633276525737935,FREE,0.23,0.305
2025-11-20,296834.3254564995,296834.3254564995,0,2.349999999999999,1.0999999999999996,0.48137255096965886,FORCE_SELL,0.23,0.305
2025-11-21,296834.3254564995,296834.3254564995,0,-0.5,1.6499999999999995,0.4149168760216866,FORCE_SELL,0.23,0.305
2025-11-24,296834.3254564995,296834.3254564995,0,-0.5,1.6499999999999995,0.370341147966541,FORCE_SELL,0.23,0.305
2025-11-25,296834.3254564995,296834.3254564995,0,1.6999999999999993,-0.5,0.374906064290712,FORCE_SELL,0.23,0.305
2025-11-26,296834.3254564995,296834.3254564995,0,1.6999999999999993,-0.5,0.3693525535971635,FORCE_SELL,0.23,0.305
2025-11-28,296834.3254564995,296834.3254564995,0,1.6999999999999993,-0.5,0.1600195263445343,FORCE_BUY,0.23,0.305
2025-12-01,298206.098627158,0.0,1,-0.5,-0.5,0.19799171214196756,FORCE_BUY,0.23,0.305
2025-12-02,300790.24879019416,0.0,1,-0.5,-0.5,0.18090569924638356,FORCE_BUY,0.23,0.305
2025-12-03,300886.8525346067,0.0,1,1.1999999999999997,-0.5,0.15848192221495708,FORCE_BUY,0.23,0.305
2025-12-04,301152.5128317413,0.0,1,1.2499999999999996,-0.5,0.17115026446240067,FORCE_BUY,0.23,0.305
2025-12-05,302133.0408375289,0.0,1,1.3999999999999995,-0.5,0.19931304100205546,FORCE_BUY,0.23,0.305
2025-12-08,304264.12144162937,0.0,1,1.3999999999999995,-0.5,0.2761306435946393,FREE,0.23,0.305
2025-12-09,303543.46388404083,0.0,1,1.5999999999999996,2.3999999999999995,0.19633410126812004,FORCE_BUY,0.23,0.305
2025-12-10,303943.0291659199,0.0,1,1.3999999999999995,2.1999999999999993,0.198890614984106,FORCE_BUY,0.23,0.305
2025-12-11,303587.88164884725,0.0,1,1.6499999999999995,1.1499999999999997,0.17452262021831552,FORCE_BUY,0.23,0.305
2025-12-12,302765.6908216518,302765.6908216518,0,2.2999999999999994,2.1499999999999995,0.31523516252604494,FORCE_SELL,0.23,0.305
2025-12-15,301109.69621766335,0.0,1,2.0999999999999996,-0.5,0.2958591342872044,FREE,0.23,0.305
2025-12-16,301941.0125306996,0.0,1,2.1999999999999993,1.2999999999999996,0.18862757449369716,FORCE_BUY,0.23,0.305
2025-12-17,303311.69478493195,303311.69478493195,0,2.0499999999999994,0.3999999999999998,0.36747043311702726,FORCE_SELL,0.23,0.305
2025-12-18,304338.8509331257,304338.8509331257,0,2.2499999999999996,0.4999999999999998,0.23820962834211237,FREE,0.23,0.305
2025-12-19,304338.8509331257,304338.8509331257,0,2.2499999999999996,0.4999999999999998,0.159115793372588,FORCE_BUY,0.23,0.305
2025-12-22,304338.8509331257,304338.8509331257,0,2.2499999999999996,0.4999999999999998,0.19767862765686547,FORCE_BUY,0.23,0.305
2025-12-23,304338.8509331257,304338.8509331257,0,1.1499999999999997,2.4499999999999993,0.16039597580818604,FORCE_BUY,0.23,0.305
2025-12-24,304338.8509331257,304338.8509331257,0,1.1499999999999997,2.4499999999999993,0.12898735344637915,FORCE_BUY,0.23,0.305
2025-12-26,304177.7811837826,0.0,1,1.1499999999999997,2.4499999999999993,0.16759296273605492,FORCE_BUY,0.23,0.305
2025-12-29,302594.61197478435,0.0,1,1.1499999999999997,2.4499999999999993,0.1854389932524991,FORCE_BUY,0.23,0.305
2025-12-30,301620.1888002733,0.0,1,1.4499999999999995,1.3499999999999996,0.23246309743562496,FREE,0.23,0.305
2025-12-31,300586.8981210195,0.0,1,1.6999999999999993,1.7499999999999996,0.26639238804028603,FREE,0.23,0.305
2026-01-02,303338.7060674519,303338.7060674519,0,1.2499999999999996,2.0999999999999996,0.28127364159334106,FREE,0.23,0.305
2026-01-05,303529.5525322268,0.0,1,-0.5,-0.5,0.2074918041298058,FORCE_BUY,0.23,0.305
2026-01-06,306715.29229623394,0.0,1,0.4999999999999998,-0.5,0.1651517497788322,FORCE_BUY,0.23,0.305
2026-01-07,306893.11085962673,0.0,1,0.7499999999999998,1.6499999999999995,0.21924580686292292,FORCE_BUY,0.23,0.305
2026-01-08,304852.8923412968,0.0,1,1.9499999999999993,1.2999999999999996,0.22366663082965502,FORCE_BUY,0.23,0.305
2026-01-09,308181.152430235,0.0,1,1.4499999999999995,2.0499999999999994,0.2148943773535226,FORCE_BUY,0.23,0.305
2026-01-12,307468.3049961197,0.0,1,1.0499999999999996,2.4499999999999993,0.16678517645674443,FORCE_BUY,0.23,0.305
2026-01-13,307851.76775378175,0.0,1,1.1999999999999997,1.7999999999999994,0.20419475075178387,FORCE_BUY,0.23,0.305
2026-01-14,304624.6875733773,0.0,1,2.0499999999999994,-0.5,0.23982446638022545,FREE,0.23,0.305
2026-01-15,306406.72304309433,306406.72304309433,0,2.3999999999999995,2.499999999999999,0.25280446420420843,FREE,0.23,0.305
2026-01-16,306406.72304309433,306406.72304309433,0,1.4999999999999996,-0.5,0.25707336430947936,FREE,0.23,0.305
2026-01-20,306245.797783573,0.0,1,1.4999999999999996,-0.5,0.26496939365718997,FREE,0.23,0.305
2026-01-21,307649.52030120237,307649.52030120237,0,2.1999999999999993,1.6999999999999993,0.23382081868335003,FREE,0.23,0.305
2026-01-22,308180.9095094452,0.0,1,2.0999999999999996,2.1499999999999995,0.18904699280198756,FORCE_BUY,0.235,0.305
2026-01-23,309487.1741485845,0.0,1,2.2499999999999996,1.9999999999999996,0.23596193102441873,FREE,0.235,0.305
2026-01-26,312091.1702244498,0.0,1,1.8999999999999995,2.499999999999999,0.20677829780553392,FORCE_BUY,0.235,0.305
2026-01-27,315805.474378552,0.0,1,1.2499999999999996,2.1499999999999995,0.19020207166453088,FORCE_BUY,0.235,0.305
2026-01-28,315277.7046193901,0.0,1,0.8999999999999997,2.1499999999999995,0.21608408198917026,FORCE_BUY,0.235,0.305
2026-01-29,311842.222224845,311842.222224845,0,2.1999999999999993,-0.5,0.3066500700382961,FORCE_SELL,0.235,0.305
2026-01-30,312072.52839971933,0.0,1,1.7999999999999994,-0.5,0.2850587045908762,FREE,0.235,0.305
2026-02-02,311489.5632436364,311489.5632436364,0,2.0999999999999996,2.2999999999999994,0.23625628373691163,FREE,0.235,0.305
2026-02-03,311489.5632436364,311489.5632436364,0,1.8499999999999996,2.499999999999999,0.3871300455318696,FORCE_SELL,0.25,0.305
2026-02-04,311489.5632436364,311489.5632436364,0,2.4499999999999993,1.0499999999999996,0.3106566986713736,FORCE_SELL,0.25,0.305
2026-02-05,311489.5632436364,311489.5632436364,0,2.1499999999999995,-0.5,0.4751374489941312,FORCE_SELL,0.24,0.265
2026-02-06,311489.5632436364,311489.5632436364,0,-0.5,2.1999999999999993,0.3713971758207868,FORCE_SELL,0.24,0.265
2026-02-09,311489.5632436364,311489.5632436364,0,1.8999999999999995,-0.5,0.37468218674459,FORCE_SELL,0.24,0.265
2026-02-10,311489.5632436364,311489.5632436364,0,2.349999999999999,-0.5,0.47150793898749094,FORCE_SELL,0.24,0.265
2026-02-11,311489.5632436364,311489.5632436364,0,1.4999999999999996,-0.5,0.4328788497511953,FORCE_SELL,0.24,0.265
2026-02-12,311489.5632436364,311489.5632436364,0,2.4499999999999993,-0.5,0.5828393910306543,FORCE_SELL,0.24,0.265
2026-02-13,311489.5632436364,311489.5632436364,0,2.2999999999999994,-0.5,0.41557267021929284,FORCE_SELL,0.24,0.265
2026-02-17,311489.5632436364,311489.5632436364,0,2.499999999999999,1.2999999999999996,0.36734413670522476,FORCE_SELL,0.24,0.265
2026-02-18,311489.5632436364,311489.5632436364,0,2.499999999999999,1.6999999999999993,0.420881043643248,FORCE_SELL,0.24,0.265
2026-02-19,311489.5632436364,311489.5632436364,0,2.3999999999999995,1.2999999999999996,0.37140872589218965,FORCE_SELL,0.24,0.265
2026-02-20,311489.5632436364,311489.5632436364,0,2.1999999999999993,0.8999999999999997,0.37459752402066065,FORCE_SELL,0.24,0.265
2026-02-23,311489.5632436364,311489.5632436364,0,2.4499999999999993,-0.5,0.47311467298190585,FORCE_SELL,0.24,0.265
2026-02-24,311489.5632436364,311489.5632436364,0,1.0499999999999996,1.7999999999999994,0.3555410568443041,FORCE_SELL,0.24,0.265
2026-02-25,311489.5632436364,311489.5632436364,0,1.4999999999999996,2.0999999999999996,0.15293774662261547,FORCE_BUY,0.24,0.265
2026-02-26,311489.5632436364,311489.5632436364,0,1.8499999999999996,-0.5,0.29402129619737205,FORCE_SELL,0.24,0.265
2026-02-27,311170.87755186897,0.0,1,1.9999999999999996,1.3499999999999996,0.20214181854024127,FORCE_BUY,0.24,0.265
2026-03-02,311407.3217747932,0.0,1,1.9999999999999996,1.3499999999999996,0.2454086229686532,FORCE_BUY,0.25,0.305
2026-03-03,309150.8214734078,0.0,1,1.9999999999999996,1.3499999999999996,0.2300845194168769,FORCE_BUY,0.25,0.305
2026-03-04,314941.854502002,0.0,1,2.499999999999999,2.499999999999999,0.21240898416864792,FORCE_BUY,0.25,0.305
2026-03-05,316892.6482316572,316892.6482316572,0,1.3499999999999996,2.2999999999999994,0.26387908646441066,FREE,0.25,0.305
2026-03-06,314763.74486214336,0.0,1,2.2999999999999994,1.8999999999999995,0.3022253476649619,FREE,0.25,0.305
2026-03-09,312629.57518255035,312629.57518255035,0,2.2999999999999994,1.8999999999999995,0.38228288604448424,FORCE_SELL,0.25,0.3
2026-03-10,312629.57518255035,312629.57518255035,0,2.2999999999999994,1.8999999999999995,0.43241009003072084,FORCE_SELL,0.25,0.3
2026-03-11,312629.57518255035,312629.57518255035,0,1.7999999999999994,-0.5,0.3892032119181341,FORCE_SELL,0.25,0.3
2026-03-12,312629.57518255035,312629.57518255035,0,2.499999999999999,-0.5,0.4657280014544897,FORCE_SELL,0.25,0.385
2026-03-13,312629.57518255035,312629.57518255035,0,2.4499999999999993,2.2499999999999996,0.4472680265967455,FORCE_SELL,0.25,0.385
2026-03-16,313036.3800949545,0.0,1,1.9499999999999993,1.6999999999999993,0.3317845528999377,FREE,0.25,0.385
2026-03-17,314450.07141956326,314450.07141956326,0,2.1999999999999993,2.2999999999999994,0.3138297468241354,FREE,0.25,0.385
2026-03-18,314450.07141956326,314450.07141956326,0,2.499999999999999,2.3999999999999995,0.42668616624889016,FORCE_SELL,0.25,0.385
2026-03-19,314921.8366391503,0.0,1,2.349999999999999,1.4499999999999995,0.30742311376887893,FREE,0.25,0.385
2026-03-20,312043.538726389,312043.538726389,0,-0.5,1.7999999999999994,0.40943584918281606,FORCE_SELL,0.25,0.385
2026-03-23,312043.538726389,312043.538726389,0,-0.5,-0.5,0.39264160009984167,FORCE_SELL,0.25,0.385
2026-03-24,313828.74942844803,0.0,1,2.349999999999999,-0.5,0.31877847407027887,FREE,0.25,0.425
2026-03-25,315573.77752546105,0.0,1,-0.5,-0.5,0.3145658664782014,FREE,0.25,0.425
2026-03-26,310830.3784857448,0.0,1,-0.5,1.1499999999999997,0.40907237441921945,FREE,0.25,0.425
2026-03-27,302376.5954622697,0.0,1,2.499999999999999,-0.5,0.39497711255773177,FORCE_SELL,0.25,0.385
2026-03-30,301323.4353658481,301323.4353658481,0,-0.5,2.499999999999999,0.3739689247266837,FREE,0.25,0.425
2026-03-31,302511.03078269237,302511.03078269237,0,-0.5,1.9999999999999996,0.29754775977149467,FREE,0.25,0.425
2026-04-01,302422.97709590197,0.0,1,-0.5,1.9999999999999996,0.31384570004843115,FREE,0.25,0.425
2026-04-02,298886.4371867189,298886.4371867189,0,-0.5,1.9999999999999996,0.2918577658515699,FREE,0.25,0.425
