date,p_day,buy_level,sell_level,chosen_action,reward_force_buy,reward_free,reward_force_sell,chosen_reward,best_action_ex_post,oracle_equity,close,buy_th_5m,sell_th_5m
2012-02-13,0.243554387095142,0.2,0.3,FREE,0.0,0.0,0.0,0.0,FORCE_BUY,100000.0,0.6567,0.3,0.3
2012-02-14,0.22902521810839416,0.2,0.3,FREE,0.0,0.0,0.0,0.0,FORCE_BUY,100000.0,0.6707,0.3,0.3
2012-02-15,0.2593734146502863,0.2,0.3,FREE,0.0,0.0,0.0,0.0,FORCE_BUY,100000.0,0.6667,0.3,0.3
2012-02-16,0.2731686835262341,0.2,0.3,FREE,0.0,0.0,0.0,0.0,FORCE_BUY,100000.0,0.7342,0.3,0.3
2012-02-17,0.25772378197953655,0.2,0.3,FREE,0.0,0.0,0.0,0.0,FORCE_BUY,100000.0,0.7167,0.3,0.3
2012-02-21,0.22313822131236252,0.2,0.3,FREE,0.0,0.0,0.0,0.0,FORCE_BUY,100000.0,0.6825,0.3,0.3
2012-02-22,0.21708378316706642,0.2,0.3,FREE,0.0,0.0,0.0,0.0,FORCE_BUY,100000.0,0.6667,0.3,0.3
2012-02-23,0.20282541020210268,0.2,0.3,FREE,0.0,0.0,0.0,0.0,FORCE_BUY,100000.0,0.6782,0.3,0.3
2012-02-24,0.2271162552522298,0.2,0.3,FREE,0.0,0.0,0.0,0.0,FORCE_BUY,100000.0,0.6712,0.3,0.3
2012-02-27,0.18136002764793288,0.2,0.3,FORCE_BUY,0.0,0.0,0.0,0.0,FORCE_BUY,100000.0,0.6707,0.3,0.3
2012-02-28,0.1547380353881254,0.2,0.3,FORCE_BUY,0.0,0.0,0.0,0.0,FORCE_BUY,100000.0,0.7067,0.3,0.3
2012-02-29,0.15488509695871502,0.2,0.3,FORCE_BUY,0.0,0.0,0.0,0.0,FORCE_BUY,100000.0,0.6742,0.3,0.3
2012-03-01,0.14372412170460683,0.2,0.3,FORCE_BUY,0.0,0.0,0.0,0.0,FORCE_BUY,100000.0,0.6738,0.3,0.3
2012-03-02,0.1381620674106165,0.2,0.3,FORCE_BUY,0.0,0.0,0.0,0.0,FORCE_BUY,100000.0,0.6542,0.3,0.3
2012-03-05,0.14869370687405267,0.2,0.3,FORCE_BUY,0.0,0.0,0.0,0.0,FORCE_BUY,100000.0,0.6043,0.3,0.3
2012-03-06,0.17223704736189752,0.2,0.3,FORCE_BUY,0.0,0.0,0.0,0.0,FORCE_BUY,100000.0,0.5833,0.3,0.3
2012-03-07,0.14168283521260927,0.2,0.3,FORCE_BUY,0.0,0.0,0.0,0.0,FORCE_BUY,100000.0,0.6142,0.3,0.3
2012-03-08,0.14657945549924964,0.2,0.3,FORCE_BUY,0.0,0.0,0.0,0.0,FORCE_BUY,100000.0,0.6442,0.3,0.3
2012-03-09,0.1458794904081239,0.2,0.3,FORCE_BUY,0.0,0.0,0.0,0.0,FORCE_BUY,100000.0,0.661,0.3,0.3
2012-03-12,0.13699301048398213,0.2,0.3,FORCE_BUY,0.0,0.0,0.0,0.0,FORCE_BUY,100000.0,0.643,0.3,0.3
2012-03-13,0.21257846838586322,0.2,0.3,FREE,0.0,0.0,0.0,0.0,FORCE_BUY,100000.0,0.6825,0.3,0.3
2012-03-14,0.2296874506210296,0.2,0.3,FREE,0.0,0.0,0.0,0.0,FORCE_BUY,100000.0,0.6817,0.3,0.3
2012-03-15,0.24428178855382243,0.2,0.3,FREE,0.0,0.0,0.0,0.0,FORCE_BUY,100000.0,0.7058,0.3,0.3
2012-03-16,0.24018521277979257,0.2,0.3,FREE,0.0,0.0,0.0,0.0,FORCE_BUY,100000.0,0.7183,0.3,0.3
2012-03-19,0.20963576106926332,0.2,0.3,FREE,0.0,0.0,0.0,0.0,FORCE_BUY,100000.0,0.7357,0.3,0.3
2012-03-20,0.22138006403135568,0.2,0.3,FREE,0.0,0.0,0.0,0.0,FORCE_BUY,100000.0,0.7213,0.3,0.3
2012-03-21,0.22061192804134003,0.2,0.3,FREE,0.0,0.0,0.0,0.0,FORCE_BUY,100000.0,0.7283,0.3,0.3
2012-03-22,0.22507553585764817,0.2,0.3,FREE,0.0,0.0,0.0,0.0,FORCE_BUY,100000.0,0.7158,0.3,0.3
2012-03-23,0.22814725546769443,0.2,0.3,FREE,0.0,0.0,0.0,0.0,FORCE_BUY,100000.0,0.7213,0.3,0.3
2012-03-26,0.21809655839442862,0.2,0.3,FREE,0.0,0.0,0.0,0.0,FORCE_BUY,100000.0,0.7517,0.3,0.3
2012-03-27,0.2136292141294572,0.2,0.3,FREE,0.0,0.0,0.0,0.0,FORCE_BUY,100000.0,0.7475,0.3,0.3
2012-03-28,0.2320013838991486,0.2,0.3,FREE,0.0,0.0,0.0,0.0,FORCE_BUY,100000.0,0.7243,0.3,0.3
2012-03-29,0.22561312790404178,0.2,0.3,FREE,0.0,0.0,0.0,0.0,FORCE_BUY,100000.0,0.727,0.3,0.3
2012-03-30,0.22201311891074668,0.2,0.3,FREE,0.0,0.0,0.0,0.0,FORCE_BUY,100000.0,0.7337,0.3,0.3
2012-04-02,0.22852917132354353,0.2,0.3,FREE,0.0,0.0,0.0,0.0,FORCE_BUY,100000.0,0.733,0.3,0.3
2012-04-03,0.22925202154392224,0.2,0.3,FREE,0.0,0.0,0.0,0.0,FORCE_BUY,100000.0,0.7023,0.3,0.3
2012-04-04,0.22699385260796476,0.2,0.3,FREE,0.0,0.0,0.0,0.0,FORCE_BUY,100000.0,0.656,0.3,0.3
2012-04-05,0.22539931254235132,0.2,0.3,FREE,0.0,0.0,0.0,0.0,FORCE_BUY,100000.0,0.6633,0.3,0.3
2012-04-09,0.2223052506613584,0.2,0.3,FREE,0.0,0.0,0.0,0.0,FORCE_BUY,100000.0,0.6303,0.3,0.3
2012-04-10,0.23892629040111305,0.2,0.3,FREE,0.0,0.0,0.0,0.0,FORCE_BUY,100000.0,0.6083,0.3,0.3
2012-04-11,0.24363054597565248,0.2,0.3,FREE,0.0,0.0,0.0,0.0,FORCE_BUY,100000.0,0.6252,0.3,0.3
2012-04-12,0.2510957216906139,0.2,0.3,FREE,0.0,0.0,0.0,0.0,FORCE_BUY,100000.0,0.65,0.3,0.3
2012-04-13,0.2291570280318016,0.2,0.3,FREE,0.0,0.0,0.0,0.0,FORCE_BUY,100000.0,0.625,0.3,0.3
2012-04-16,0.22919948247449015,0.2,0.3,FREE,0.0,0.0,0.0,0.0,FORCE_BUY,100000.0,0.6167,0.3,0.3
2012-04-17,0.22187647866937563,0.2,0.3,FREE,0.0,0.0,0.0,0.0,FORCE_BUY,100000.0,0.6542,0.3,0.3
2012-04-18,0.22371822600340271,0.2,0.3,FREE,0.0,0.0,0.0,0.0,FORCE_BUY,100000.0,0.638,0.3,0.3
2012-04-19,0.2500681876164544,0.2,0.3,FREE,0.0,0.0,0.0,0.0,FORCE_BUY,100000.0,0.6187,0.3,0.3
2012-04-20,0.2389607266098135,0.2,0.3,FREE,0.0,0.0,0.0,0.0,FORCE_BUY,100000.0,0.575,0.3,0.3
2012-04-23,0.24907163635293075,0.2,0.3,FREE,0.0,0.0,0.0,0.0,FORCE_BUY,100000.0,0.5517,0.3,0.3
2012-04-24,0.2300802312400262,0.2,0.3,FREE,0.0,0.0,0.0,0.0,FORCE_BUY,100000.0,0.5635,-0.5,-0.5
2012-04-25,0.23378579330490978,0.2,0.3,FREE,0.03369584596184694,0.03993581743626317,0.0,0.03993581743626317,FREE,103993.58174362632,0.5798,-0.5,-0.5
2012-04-26,0.2298550150728589,0.2,0.3,FREE,0.02499999999999999,0.006657719212623928,0.0,0.006657719212623928,FORCE_BUY,106593.42128721696,0.615,-0.5,-0.5
2012-04-27,0.21908936799824277,0.2,0.3,FREE,-0.019335250878875117,0.004691035474592485,-0.017737296260786302,0.004691035474592485,FREE,107093.45480783346,0.6137,-0.5,-0.5
2012-04-30,0.2238473810700566,0.2,0.3,FREE,-0.013850415512465408,-0.013850415512465408,-0.013850415512465408,-0.013850415512465408,FORCE_BUY,105610.16596007952,0.6052,-0.5,-0.5
2012-05-01,0.22121646504565784,0.2,0.3,FREE,0.010905485789821541,-0.0004384359808241749,0.019167217448777262,-0.0004384359808241749,FORCE_SELL,107634.41897583783,0.6118,-0.5,-0.5
2012-05-02,0.2318278525255557,0.2,0.3,FREE,0.03501167055685222,0.02829609869956654,0.005668556185395075,0.02829609869956654,FORCE_BUY,111402.87979359807,0.6208,2.2999999999999994,-0.5
2012-05-03,0.2166069474521791,0.2,0.3,FREE,-0.0327321309285236,-0.0327321309285236,0.0,-0.0327321309285236,FORCE_SELL,111402.87979359807,0.5792,2.499999999999999,-0.5
2012-05-04,0.21940660560628633,0.2,0.3,FREE,-0.03980446927374299,-0.04451815642458101,-0.04451815642458101,-0.04451815642458101,FORCE_BUY,106968.54728784731,0.55,-0.5,-0.5
2012-05-07,0.22993058821453002,0.2,0.3,FREE,0.0,0.0,0.0,0.0,FORCE_BUY,106968.54728784731,0.5392,-0.5,-0.5
2012-05-08,0.22824165625487378,0.2,0.3,FREE,0.012947448591013088,-0.029149474849383634,0.0,-0.029149474849383634,FORCE_BUY,108353.51705471207,0.532,-0.5,-0.5
2012-05-09,0.23022858912935665,0.235,0.255,FORCE_BUY,0.05421686746987949,0.002610441767068345,0.0,0.05421686746987949,FORCE_BUY,114228.10532876271,0.525,-0.5,-0.5
2012-05-10,0.2198374482523516,0.235,0.255,FORCE_BUY,-0.015287597936174293,0.018154022549207085,0.018154022549207085,-0.015287597936174293,FREE,116301.80492865428,0.5153,-0.5,-0.5
2012-05-11,0.21325854669132463,0.235,0.255,FORCE_BUY,0.031680440771349995,0.05234159779614344,0.05234159779614344,0.031680440771349995,FREE,122389.22722519544,0.5243,-0.5,-0.5
2012-05-14,0.2188787135845509,0.235,0.255,FORCE_BUY,-0.00450097847358106,0.005280716239620255,0.004305283757338602,-0.00450097847358106,FREE,123035.5300049581,0.5087,-0.5,-0.5
2012-05-15,0.21301210302661325,0.235,0.255,FORCE_BUY,-0.041029610992839326,-0.02290866781673518,0.0,-0.041029610992839326,FORCE_SELL,123035.5300049581,0.4955,-0.5,-0.5
2012-05-16,0.20973291537511077,0.235,0.255,FORCE_BUY,-0.046290681220941855,-0.04068062640459454,-0.03214069132807756,-0.046290681220941855,FORCE_SELL,119081.08301268233,0.4718,-0.5,-0.5
2012-05-17,0.21160416589419437,0.05,0.15,FORCE_SELL,-0.04845250800426892,-0.04845250800426892,-0.04845250800426892,-0.04845250800426892,FORCE_BUY,113311.30588485333,0.4458,-0.5,-0.5
2012-05-18,0.21206227921658438,0.05,0.15,FORCE_SELL,-0.08514452162222712,-0.08514452162222712,-0.08514452162222712,-0.08514452162222712,FORCE_BUY,103663.46895089764,0.4083,-0.5,-0.5
2012-05-21,0.2385505098854843,0.05,0.15,FORCE_SELL,0.07850241545893713,0.06642512077294688,0.06642512077294688,0.06642512077294688,FORCE_BUY,111801.30165839563,0.4465,-0.5,-0.5
2012-05-22,0.22281147151079672,0.24,0.26,FORCE_BUY,-0.0029646522234891073,-0.0029646522234891073,0.0,-0.0029646522234891073,FORCE_SELL,111801.30165839563,0.4372,-0.5,-0.5
2012-05-23,0.23375209534937624,0.24,0.26,FORCE_BUY,0.053976594220205384,0.04653608081573618,0.022211607356102274,0.053976594220205384,FORCE_BUY,117835.95515130162,0.4413,-0.5,-0.5
2012-05-24,0.22224839636136604,0.24,0.26,FORCE_BUY,-0.05777777777777779,-0.01893469441172617,-0.017777777777777715,-0.05777777777777779,FORCE_SELL,115741.0937263896,0.424,-0.5,-0.5
2012-05-25,0.22364158761863054,0.05,0.235,FREE,0.0547418967587036,0.055950908561498855,0.04849939975990383,0.055950908561498855,FREE,122216.9130782827,0.4393,-0.5,-0.5
2012-05-29,0.25092599524028886,0.05,0.235,FORCE_SELL,0.061433447098976156,0.020084798260788177,0.021615472127417466,0.021615472127417466,FORCE_BUY,129725.11934247754,0.4665,-0.5,-0.5
2012-05-30,0.24438063827776965,0.255,0.275,FORCE_BUY,-0.0040742417383431125,-0.0040742417383431125,0.0,-0.0040742417383431125,FORCE_SELL,129725.11934247754,0.44,-0.5,-0.5
2012-05-31,0.24836512849339307,0.255,0.275,FORCE_BUY,-0.03365165984538435,-0.019971941361900527,-0.04433833560709405,-0.03365165984538435,FREE,127134.25686580404,0.425,-0.5,-0.5
2012-06-01,0.24232657734607668,0.255,0.275,FORCE_BUY,-0.06362725450901786,-0.04708163996524906,-0.04809619238476952,-0.06362725450901786,FREE,121148.56755679876,0.3738,-0.5,-0.5
2012-06-04,0.27397583590288477,0.255,0.275,FREE,-0.0026688017080331193,-0.011742727515345485,-0.011742727515345485,-0.011742727515345485,FORCE_BUY,120825.24605277742,0.3737,-0.5,-0.5
2012-06-05,0.29649488784540246,0.275,0.3,FREE,0.0,0.0,0.0,0.0,FORCE_BUY,120825.24605277742,0.3983,-0.5,-0.5
2012-06-06,0.28371974772075015,0.275,0.3,FREE,0.016573295985060764,0.01143790849673224,0.0,0.01143790849673224,FORCE_BUY,122827.71861807791,0.4355,-0.5,-0.5
2012-06-07,0.23544765258284653,0.285,0.305,FORCE_BUY,-0.046143406469124584,-0.046143406469124584,0.0,-0.046143406469124584,FORCE_SELL,122827.71861807791,0.4217,-0.5,-0.5
2012-06-08,0.2666318854515133,0.285,0.305,FORCE_BUY,0.04991600671946238,0.030748443052136587,0.008639308855291492,0.04991600671946238,FORCE_BUY,128958.78784595412,0.4375,-0.5,-0.5
2012-06-11,0.23929622927335936,0.285,0.305,FORCE_BUY,-0.08622222222222235,-0.053063452721244804,0.0037777777777776916,-0.08622222222222235,FORCE_SELL,129445.96548892772,0.4112,-0.5,-0.5
2012-06-12,0.30999179611959066,0.05,0.235,FORCE_SELL,0.052732502396931835,0.0541706011646345,0.030201342281879217,0.030201342281879217,FREE,136458.13125779948,0.4392,-0.5,-0.5
2012-06-13,0.2760429474303167,0.05,0.235,FORCE_SELL,-0.006091846298031724,0.0034934906607471585,0.0,0.0,FREE,136934.84646493162,0.4242,-0.5,-0.5
2012-06-14,0.2881362571495078,0.05,0.235,FORCE_SELL,0.031722791605661306,0.02638462099998734,0.0,0.0,FORCE_BUY,141278.80206289186,0.4228,-0.5,-0.5
2012-06-15,0.30946562535734873,0.29,0.31,FREE,0.0,0.0,0.0,0.0,FORCE_BUY,141278.80206289186,0.4475,-0.5,-0.5
2012-06-18,0.29121962944986807,0.29,0.31,FREE,0.0,0.0,0.0,0.0,FORCE_BUY,141278.80206289186,0.465,-0.5,-0.5
2012-06-19,0.2721048143691496,0.29,0.31,FORCE_BUY,0.0,0.0,0.0,0.0,FORCE_BUY,141278.80206289186,0.4767,-0.5,-0.5
2012-06-20,0.27364178669558054,0.29,0.31,FORCE_BUY,-0.002888384567773878,0.004828382324331697,0.0,-0.002888384567773878,FREE,141960.9501335751,0.4833,-0.5,-0.5
2012-06-21,0.23320645528623504,0.05,0.31,FREE,-0.11427401187794392,-0.08727605012373375,-0.030718820397296804,-0.08727605012373375,FORCE_SELL,137600.0772029922,0.4325,-0.5,-0.5
2012-06-22,0.2872460656926797,0.05,0.15,FORCE_SELL,0.015402298850574545,0.03954022988505749,0.03954022988505749,0.03954022988505749,FREE,143040.81588780019,0.4417,-0.5,-0.5
2012-06-25,0.2887065545622927,0.05,0.15,FORCE_SELL,-0.06947890818858564,-0.0606976265841441,0.0,0.0,FORCE_SELL,143040.81588780019,0.4125,2.3999999999999995,-0.5
2012-06-26,0.30280000645167104,0.05,0.15,FORCE_SELL,0.01436710428536033,0.006911647238622642,0.0,0.0,FORCE_BUY,145095.89820672324,0.4095,2.3999999999999995,-0.5
2012-06-27,0.3282457810690296,0.05,0.15,FORCE_SELL,0.040163540163540006,0.013227513227513164,0.0,0.0,FORCE_BUY,150923.4631419139,0.4325,-0.5,-0.5
2012-06-28,0.30524393201845895,0.05,0.15,FORCE_SELL,0.035317362311681984,0.00024697456162014325,0.0,0.0,FORCE_BUY,156253.68177103068,0.4192,-0.5,-0.5
2012-06-29,0.31201581132072104,0.05,0.15,FORCE_SELL,0.01566920565832423,0.03685570741275406,0.0,0.0,FREE,162012.52174854936,0.4667,-0.5,-0.5
2012-07-02,0.2761271365057734,0.05,0.15,FORCE_SELL,0.01956521739130421,0.016304347826086914,0.0,0.0,FORCE_BUY,165182.33195667312,0.469,-0.5,1.8999999999999995
2012-07-03,0.2909333096448676,0.05,0.15,FORCE_SELL,0.007198683669271933,0.007198683669271933,0.0,0.0,FORCE_BUY,166371.42731218188,0.4897,-0.5,1.8999999999999995
2012-07-05,0.3221113410567347,0.05,0.15,FORCE_SELL,-0.03466450435840249,-0.04500304074599624,0.0,0.0,FORCE_SELL,166371.42731218188,0.4762,-0.5,1.8999999999999995
2012-07-06,0.3156990576666431,0.05,0.15,FORCE_SELL,-0.03793328973185086,-0.052103771528231924,0.0,0.0,FORCE_SELL,166371.42731218188,0.4413,-0.5,1.8999999999999995
2012-07-09,0.3314507557063058,0.05,0.15,FORCE_SELL,-0.005824790307548861,-0.005125815470643127,0.0,0.0,FORCE_SELL,166371.42731218188,0.4267,-0.5,-0.5
2012-07-10,0.3028714542063458,0.05,0.15,FORCE_SELL,-0.0037518759379689083,-0.0037518759379689083,0.0,0.0,FORCE_SELL,166371.42731218188,0.3983,-0.5,-0.5
2012-07-11,0.33932590656819506,0.05,0.15,FORCE_SELL,-0.008614137319483179,-0.004023207160427419,0.0,0.0,FORCE_SELL,166371.42731218188,0.3913,-0.5,-0.5
2012-07-12,0.3236084795882355,0.05,0.15,FORCE_SELL,0.021270793564221395,0.012035239619364492,0.0,0.0,FORCE_BUY,169910.27959752418,0.3745,-0.5,-0.5
2012-07-13,0.3516392017143131,0.05,0.15,FORCE_SELL,0.006171183257311582,0.006171183257311582,0.0,0.0,FORCE_BUY,170958.82707022154,0.375,-0.5,0.9999999999999996
2012-07-16,0.3074622973600569,0.05,0.15,FORCE_SELL,0.027186098654708436,0.05111902434656761,0.0,0.0,FREE,179698.07551348483,0.3665,-0.5,0.4999999999999998
2012-07-17,0.31780425317762623,0.05,0.315,FORCE_SELL,0.009555930297920115,0.009450541801249268,0.0,0.0,FORCE_BUY,181415.25779776205,0.3592,-0.5,0.4999999999999998
2012-07-18,0.3699134319113994,0.05,0.315,FORCE_SELL,0.10444505044995905,0.04922216853411511,0.0,0.0,FORCE_BUY,200363.18355084164,0.405,-0.5,-0.5
2012-07-19,0.3558648138310363,0.05,0.315,FORCE_SELL,0.02399808015358771,0.041080678118862214,0.0,0.0,FREE,208594.23900116427,0.4267,-0.5,-0.5
2012-07-20,0.3401213915116228,0.05,0.37,FREE,-0.0174334140435834,0.00046221169128614884,0.0,0.00046221169128614884,FREE,208690.65369716557,0.4058,-0.5,-0.5
2012-07-23,0.38741043881215914,0.05,0.37,FORCE_SELL,0.0,0.024250325945241118,0.024784763892512447,0.024784763892512447,FORCE_SELL,213863.0022756239,0.3833,-0.5,-0.5
2012-07-24,0.3186993483595842,0.05,0.37,FREE,-0.03099173553719018,0.011176437961062482,0.0,0.011176437961062482,FREE,216253.22885272396,0.3752,-0.5,-0.5
2012-07-25,0.33671128783416343,0.05,0.37,FREE,0.0,0.0,0.0,0.0,FORCE_BUY,216253.22885272396,0.4033,-0.5,-0.5
2012-07-26,0.30413646765156,0.05,0.37,FREE,0.0,0.0,0.0,0.0,FORCE_BUY,216253.22885272396,0.4333,-0.5,-0.5
2012-07-27,0.3119923992931603,0.05,0.37,FREE,0.0,0.0,0.0,0.0,FORCE_BUY,216253.22885272396,0.4622,-0.5,-0.5
2012-07-30,0.27680675065231936,0.05,0.37,FREE,0.0,0.0,0.0,0.0,FORCE_BUY,216253.22885272396,0.4542,-0.5,-0.5
2012-07-31,0.278811631682413,0.05,0.37,FREE,-0.009038089089735385,0.010220656451432192,0.0,0.010220656451432192,FREE,218463.4788113406,0.4605,-0.5,-0.5
2012-08-01,0.2875722132139504,0.05,0.37,FREE,-0.008198489751887863,0.00906148867313925,0.00906148867313925,0.00906148867313925,FREE,220443.0831500842,0.4597,-0.5,-0.5
2012-08-02,0.3236799482763712,0.05,0.37,FREE,0.015614543832255174,0.01758746222087828,0.0,0.01758746222087828,FREE,224320.11754684022,0.4553,-0.5,-0.5
2012-08-03,0.2957595330057872,0.05,0.37,FREE,0.037634408602150414,0.017634408602150597,0.017634408602150597,0.017634408602150597,FORCE_BUY,232762.27250828044,0.4825,2.0499999999999994,-0.5
2012-08-06,0.2888862735308447,0.05,0.37,FREE,-0.010860820595333895,-0.010860820595333895,0.0,-0.010860820595333895,FORCE_SELL,232762.27250828044,0.4918,2.0499999999999994,-0.5
2012-08-07,0.26358745850952414,0.05,0.37,FREE,0.04999999999999997,0.025423406279733763,0.02640000000000004,0.025423406279733763,FORCE_BUY,244400.38613369447,0.525,2.0499999999999994,-0.5
2012-08-08,0.2961605567334998,0.05,0.37,FREE,0.03974031084005495,0.050256234718972004,0.029510131811922014,0.050256234718972004,FREE,256683.0293046368,0.5285,2.499999999999999,-0.5
2012-08-09,0.3980541542823799,0.05,0.37,FORCE_SELL,0.03294249022892258,-0.008561325144239797,0.0,0.0,FORCE_BUY,265138.807489435,0.555,1.1499999999999997,-0.5
2012-08-10,0.38894431609550084,0.05,0.37,FORCE_SELL,0.0,0.0,0.0,0.0,FORCE_BUY,265138.807489435,0.5452,1.7999999999999994,-0.5
2012-08-13,0.33898553723782937,0.05,0.37,FREE,0.006411465208372563,0.01562258497871084,0.0,0.01562258497871084,FREE,269280.96104059275,0.5337,1.7999999999999994,-0.5
2012-08-14,0.3529412406374604,0.05,0.37,FREE,-0.026563677467973015,-0.007505998984620381,0.0,-0.007505998984620381,FORCE_SELL,269280.96104059275,0.5167,-0.5,-0.5
2012-08-15,0.3506377587967477,0.05,0.37,FREE,0.03382209188660815,0.0478245437829904,0.02991202346041074,0.0478245437829904,FREE,282159.20015180437,0.5288,-0.5,-0.5
2012-08-16,0.4082210246480904,0.05,0.37,FORCE_SELL,0.052960090788727085,0.012294306790240184,0.012294306790240184,0.012294306790240184,FORCE_BUY,297102.37700871855,0.5567,-0.5,-0.5
2012-08-17,0.34395119159377585,0.05,0.37,FREE,0.011710037174721074,0.016414971475390512,0.0,0.016414971475390512,FREE,301979.30405258737,0.5443,-0.5,-0.5
2012-08-20,0.34027747861068497,0.05,0.37,FREE,0.005303030303030365,0.007020518395802872,0.0,0.007020518395802872,FREE,304099.3553118403,0.5308,-0.5,-0.5
2012-08-21,0.3338611012054691,0.05,0.37,FREE,-0.02098674521354932,-0.02061855670103086,0.0,-0.02061855670103086,FORCE_SELL,304099.3553118403,0.5318,-0.5,-0.5
2012-08-22,0.3320813662684475,0.05,0.37,FREE,0.013229571984435843,0.010757610437170878,0.0,0.010757610437170878,FORCE_BUY,308122.4596233588,0.5208,-0.5,-0.5
2012-08-23,0.3539957950007661,0.05,0.37,FREE,0.003934684241589594,0.014151815362923844,0.0,0.014151815362923844,FREE,312482.9517811185,0.5103,-0.5,1.5499999999999994
2012-08-24,0.33473720204110874,0.05,0.37,FREE,0.03564356435643553,0.028592528215002484,0.006534653465346411,0.028592528215002484,FORCE_BUY,323620.9579832177,0.523,-0.5,1.2999999999999996
2012-08-27,0.3219900212937262,0.05,0.37,FREE,0.010418714369962511,0.029740122266513864,0.0,0.029740122266513864,FREE,333245.484841645,0.514,-0.5,2.349999999999999
2012-08-28,0.3139764611895682,0.05,0.37,FREE,-0.0009838646202282527,0.025562024182714197,0.01298701298701307,0.025562024182714197,FREE,341763.9139839474,0.5077,-0.5,-0.5
2012-08-29,0.3265648593040735,0.05,0.37,FREE,0.007450980392156886,0.0017757514816338115,0.0,0.0017757514816338115,FORCE_BUY,344310.39020578866,0.5138,-0.5,-0.5
2012-08-30,0.3221908319354834,0.05,0.37,FREE,-0.03326732673267318,-0.025165110950996834,-0.023168316831683,-0.025165110950996834,FORCE_SELL,336333.2979970606,0.4882,-0.5,-0.5
2012-08-31,0.3039192932871477,0.05,0.37,FREE,0.0035878014749848265,0.0159457843332669,0.0159457843332669,0.0159457843332669,FREE,341696.39623101807,0.5035,-0.5,-0.5
2012-09-04,0.32042506202453946,0.05,0.37,FREE,-0.0161579892280071,-0.031684266726814604,0.0,-0.031684266726814604,FORCE_SELL,341696.39623101807,0.4932,-0.5,-0.5
2012-09-05,0.28935266868178366,0.05,0.37,FREE,0.013513513513513509,0.06383075204333516,0.0,0.06383075204333516,FREE,363507.1341729414,0.4875,-0.5,-0.5
2012-09-06,0.3011158896084099,0.05,0.37,FREE,0.06976280645804263,0.014949172812437609,0.014949172812437609,0.014949172812437609,FORCE_BUY,388866.41202036606,0.5367,-0.5,-0.5
2012-09-07,0.301801404894968,0.05,0.37,FREE,-0.016962073565847096,-0.016962073565847096,0.0,-0.016962073565847096,FORCE_SELL,388866.41202036606,0.5158,-0.5,-0.5
2012-09-10,0.3119999741568333,0.05,0.37,FREE,-0.04718242597898748,-0.04718242597898748,-0.04718242597898748,-0.04718242597898748,FORCE_BUY,370518.7513195007,0.4988,-0.5,-0.5
2012-09-11,0.33183972078028007,0.05,0.37,FREE,0.01724483657509529,0.01724483657509529,0.01724483657509529,0.01724483657509529,FORCE_BUY,376908.2866340138,0.5073,-0.5,-0.5
2012-09-12,0.30362863818872327,0.05,0.37,FREE,-0.0052173913043477545,0.010494308023522197,0.004830917874396177,0.010494308023522197,FREE,380863.67829056917,0.5148,-0.5,-0.5
2012-09-13,0.29659397949620775,0.05,0.37,FREE,0.05298013245033124,0.028357675223448408,0.0,0.028357675223448408,FORCE_BUY,401041.88641192386,0.5247,-0.5,-0.5
2012-09-14,0.36396569852459426,0.05,0.37,FREE,-0.004567878677142403,-0.004567878677142403,0.0,-0.004567878677142403,FORCE_SELL,401041.88641192386,0.5448,-0.5,-0.5
2012-09-17,0.3113632487832338,0.05,0.37,FREE,-0.04073872895165659,-0.0535526086391297,-0.03711750860039816,-0.0535526086391297,FORCE_SELL,386156.21074390935,0.5298,-0.5,-0.5
2012-09-18,0.3336916063637416,0.05,0.37,FREE,-0.012552301255230325,-0.012552301255230325,-0.012552301255230325,-0.012552301255230325,FORCE_BUY,381309.0616550736,0.5192,-0.5,-0.5
2012-09-19,0.3284035088805594,0.05,0.37,FREE,-0.017822920659256614,-0.017822920659256614,-0.017822920659256614,-0.017822920659256614,FORCE_BUY,374513.02050253964,0.5125,-0.5,-0.5
2012-09-20,0.33421235544485056,0.05,0.37,FREE,-0.017312610662994096,-0.01513458098684938,-0.021444029116663307,-0.01513458098684938,FREE,368844.9228631144,0.4995,-0.5,-0.5
2012-09-21,0.30424672719074003,0.05,0.37,FREE,-0.014209591474245081,-0.004610898686662742,0.0011841326228536901,-0.004610898686662742,FORCE_SELL,369281.68416905054,0.4995,-0.5,-0.5
2012-09-24,0.31978655501835934,0.05,0.37,FREE,-0.02403944935278424,-0.02403944935278424,-0.02403944935278424,-0.02403944935278424,FORCE_BUY,360404.3558255578,0.475,-0.5,-0.5
2012-09-25,0.284952663117641,0.05,0.37,FREE,-0.08195020746887957,-0.08195020746887957,-0.08195020746887957,-0.08195020746887957,FORCE_BUY,330869.1440929654,0.4425,-0.5,-0.5
2012-09-26,0.3264655682323244,0.05,0.37,FREE,-0.00730260155180271,-0.011088320886452509,-0.03240529438612502,-0.011088320886452509,FORCE_BUY,328452.9385678685,0.435,-0.5,-0.5
2012-09-27,0.29872932593190016,0.05,0.37,FREE,-0.0017286084701813912,-0.0017286084701813912,0.0,-0.0017286084701813912,FORCE_SELL,328452.9385678685,0.462,-0.5,-0.5
2012-09-28,0.2853444734676865,0.05,0.37,FREE,-0.017524644030668113,-0.010565987237613855,-0.003285870755750318,-0.010565987237613855,FORCE_SELL,327373.6846623881,0.4485,-0.5,-0.5
2012-10-01,0.27593765403284554,0.05,0.37,FREE,-0.032729653065677336,0.014884618546133646,0.013964651974689166,0.014884618546133646,FREE,332246.51708062994,0.4433,-0.5,1.2499999999999996
2012-10-02,0.2883728746984735,0.05,0.37,FREE,0.004603244191144337,0.004603244191144337,0.004603244191144337,0.004603244191144337,FORCE_BUY,333775.9289304093,0.4583,-0.5,1.2499999999999996
2012-10-03,0.2666441530297116,0.05,0.37,FREE,-0.027686941356006033,-0.027686941356006033,-0.027686941356006033,-0.027686941356006033,FORCE_BUY,324534.6943600666,0.446,-0.5,1.2499999999999996
2012-10-04,0.29630566849765444,0.05,0.37,FREE,0.013549533540648487,0.00799644602398918,0.00799644602398918,0.00799644602398918,FORCE_BUY,328931.9880864025,0.4563,-0.5,1.2499999999999996
2012-10-05,0.2637369147679216,0.05,0.37,FREE,-0.028015397775876662,-0.022772762380924766,0.0,-0.022772762380924766,FORCE_SELL,328931.9880864025,0.4545,-0.5,-0.5
2012-10-08,0.277523332395067,0.05,0.37,FREE,-0.015463917525773002,-0.015463917525773002,-0.015463917525773002,-0.015463917525773002,FORCE_BUY,323845.4109510458,0.4393,-0.5,-0.5
2012-10-09,0.2993778327487155,0.05,0.37,FREE,-0.03923818265259303,-0.03923818265259303,-0.03923818265259303,-0.03923818265259303,FORCE_BUY,311138.30556494463,0.4187,-0.5,-0.5
2012-10-10,0.28452725506756105,0.05,0.37,FREE,-0.03561973525872428,-0.03561973525872428,-0.03561973525872428,-0.03561973525872428,FORCE_BUY,300055.64149187325,0.4007,-0.5,-0.5
2012-10-11,0.26986501097512217,0.05,0.37,FREE,-0.015640273704789792,-0.015640273704789792,-0.015640273704789792,-0.015640273704789792,FORCE_BUY,295362.68913227407,0.4028,-0.5,-0.5
2012-10-12,0.29060958905118256,0.05,0.37,FREE,-0.016575952498763088,-0.0108857001484414,-0.0108857001484414,-0.0108857001484414,FREE,292147.45946334285,0.3975,-0.5,-0.5
2012-10-15,0.2844437126877825,0.05,0.37,FREE,0.02372127501853224,0.022498822430195176,0.021003212255992037,0.022498822430195176,FORCE_BUY,299077.5696952383,0.4143,-0.5,-0.5
2012-10-16,0.2831925187440066,0.05,0.37,FREE,-0.01164958061509799,0.008853681267474184,0.0,0.008853681267474184,FREE,301725.50717157073,0.4242,-0.5,-0.5
2012-10-17,0.259969403562504,0.05,0.37,FREE,0.026928343222272996,0.03466194325110356,0.0,0.03466194325110356,FREE,312183.8995785621,0.45,-0.5,-0.5
2012-10-18,0.25541059001400274,0.05,0.37,FREE,-0.019146482122260635,-0.019146482122260635,-0.019146482122260635,-0.019146482122260635,FORCE_BUY,306206.6761264236,0.4252,-0.5,-0.5
2012-10-19,0.25188801326546645,0.05,0.37,FREE,-0.08752941176470584,-0.07989076909302521,-0.0647058823529411,-0.07989076909302521,FORCE_SELL,286393.3029653021,0.3878,-0.5,-0.5
2012-10-22,0.28371233312791533,0.05,0.37,FREE,0.0015030060120240572,0.0015030060120240572,0.0015030060120240572,0.0015030060120240572,FORCE_BUY,286823.75382146233,0.3998,-0.5,-0.5
2012-10-23,0.2926328896448041,0.05,0.37,FREE,0.0746673907140918,0.0746673907140918,0.0746673907140918,0.0746673907140918,FORCE_BUY,308240.13511413196,0.3958,-0.5,-0.5
2012-10-24,0.2614469610201077,0.05,0.37,FREE,-0.039370078740157535,-0.03481613125986334,-0.030988061976123957,-0.03481613125986334,FORCE_SELL,298688.37070368644,0.3782,-0.5,-0.5
2012-10-25,0.29685534921864437,0.05,0.37,FREE,0.00515065670873032,0.00515065670873032,0.00515065670873032,0.00515065670873032,FORCE_BUY,300226.81196407106,0.3903,-0.5,-0.5
2012-10-26,0.27359158844660564,0.05,0.37,FREE,0.029924538121259288,0.030528903121166205,0.019255789747593084,0.030528903121166205,FREE,309392.4072208988,0.3958,-0.5,-0.5
2012-10-31,0.27008263735147753,0.05,0.37,FREE,-0.0040312421264803305,0.00279195251262323,0.0,0.00279195251262323,FREE,310256.2161296257,0.3953,-0.5,-0.5
2012-11-01,0.2593093024941584,0.05,0.37,FREE,0.017313991576977193,0.007955077211043673,0.0,0.007955077211043673,FORCE_BUY,315627.9896423988,0.4348,-0.5,-0.5
2012-11-02,0.24474064022977282,0.05,0.37,FREE,-0.04245500692201209,-0.03434021884507988,0.0,-0.03434021884507988,FORCE_SELL,315627.9896423988,0.415,-0.5,-0.5
2012-11-05,0.28049356354916394,0.05,0.37,FREE,0.019761904761904772,0.017724109701187256,0.007142857142857172,0.017724109701187256,FORCE_BUY,321865.3999139034,0.4283,-0.5,-0.5
2012-11-06,0.3018555462455337,0.05,0.37,FREE,0.0,0.0,0.0,0.0,FORCE_BUY,321865.3999139034,0.4373,-0.5,-0.5
2012-11-07,0.2552699504423301,0.05,0.37,FREE,-0.00823529411764693,-0.0016371354002349678,0.0,-0.0016371354002349678,FORCE_SELL,321865.3999139034,0.4215,-0.5,-0.5
2012-11-08,0.26634483848167684,0.05,0.37,FREE,-0.03165780570323838,-0.020392438591370132,0.0,-0.020392438591370132,FORCE_SELL,321865.3999139034,0.4007,-0.5,-0.5
2012-11-09,0.2676138268722599,0.05,0.37,FREE,0.006250000000000084,0.003063904867786276,0.016250000000000042,0.003063904867786276,FORCE_SELL,327095.71266250435,0.4025,-0.5,-0.5
2012-11-12,0.27928927073232973,0.05,0.37,FREE,-0.01249081557678176,-0.020124178302635222,-0.023512123438648058,-0.020124178302635222,FORCE_BUY,323010.020439681,0.4032,-0.5,-0.5
2012-11-13,0.27214153875356945,0.05,0.37,FREE,-0.023031203566121882,-0.032796009127679826,-0.018821198613174904,-0.032796009127679826,FORCE_SELL,316930.5846909401,0.3945,-0.5,-0.5
2012-11-14,0.24616298629549316,0.05,0.37,FREE,-0.05439121756487023,-0.05439121756487023,-0.05439121756487023,-0.05439121756487023,FORCE_BUY,299692.34430605365,0.379,-0.5,-0.5
2012-11-15,0.23886296188052394,0.05,0.37,FREE,-0.060787894599530296,-0.060787894599530296,-0.060787894599530296,-0.060787894599530296,FORCE_BUY,281474.67766809114,0.36,-0.5,-0.5
2012-11-16,0.2530064014081448,0.05,0.37,FREE,-0.02571041948579162,-0.012719891745602169,-0.012719891745602169,-0.012719891745602169,FREE,277894.35023902473,0.36,-0.5,-0.5
2012-11-19,0.2647543701918549,0.05,0.37,FREE,0.0,0.0,0.0,0.0,FORCE_BUY,277894.35023902473,0.3833,-0.5,-0.5
2012-11-20,0.25161298869406257,0.05,0.37,FREE,0.018259935553168568,0.01755893070855121,0.0,0.01755893070855121,FORCE_BUY,282968.683164979,0.3792,-0.5,-0.5
2012-11-21,0.2463898812230021,0.05,0.37,FREE,0.0,0.0,0.0,0.0,FORCE_BUY,282968.683164979,0.381,-0.5,-0.5
2012-11-23,0.26464363309423006,0.05,0.37,FREE,0.0,0.0,0.0,0.0,FORCE_BUY,282968.683164979,0.3997,-0.5,-0.5
2012-11-26,0.28141277775759826,0.05,0.37,FREE,0.0,0.0,0.0,0.0,FORCE_BUY,282968.683164979,0.4092,-0.5,-0.5
2012-11-27,0.2687388928442692,0.05,0.37,FREE,0.0,0.0,0.0,0.0,FORCE_BUY,282968.683164979,0.4015,-0.5,-0.5
2012-11-28,0.30760594124499374,0.05,0.37,FREE,0.0,0.0,0.0,0.0,FORCE_BUY,282968.683164979,0.4167,-0.5,-0.5
2012-11-29,0.3297706481228676,0.05,0.37,FREE,0.0,0.0,0.0,0.0,FORCE_BUY,282968.683164979,0.4117,-0.5,-0.5
2012-11-30,0.3136627859671086,0.05,0.37,FREE,0.0,0.0,0.0,0.0,FORCE_BUY,282968.683164979,0.4197,-0.5,-0.5
2012-12-03,0.3300534602459626,0.05,0.37,FREE,0.0014591439688716277,0.0014591439688716277,0.0,0.0014591439688716277,FORCE_BUY,283381.5752123987,0.4118,-0.5,-0.5
2012-12-04,0.30595508453548687,0.05,0.37,FREE,0.01232777374909352,0.00370722481729837,-0.007251631617113772,0.00370722481729837,FORCE_BUY,286875.0391562789,0.4188,-0.5,-0.5
2012-12-05,0.2956378123586877,0.05,0.37,FREE,0.002167108114615918,0.00233477330866114,-0.0038526366482060626,0.00233477330866114,FREE,287544.8273406221,0.4162,-0.5,-0.5
2012-12-06,0.3586527814887643,0.05,0.37,FREE,0.0306073648971783,0.03399891398715509,0.02749880439980877,0.03399891398715509,FREE,297321.03919282724,0.431,-0.5,-0.5
2012-12-07,0.3384390965130333,0.05,0.37,FREE,0.01355140186915899,0.004672897196261805,0.0,0.004672897196261805,FORCE_BUY,301350.1560790852,0.4338,-0.5,-0.5
2012-12-10,0.348302138075411,0.05,0.37,FREE,0.0,0.0,0.0,0.0,FORCE_BUY,301350.1560790852,0.4417,-0.5,-0.5
2012-12-11,0.3526934692922419,0.05,0.37,FREE,0.0,0.0,0.0,0.0,FORCE_BUY,301350.1560790852,0.4697,-0.5,-0.5
2012-12-12,0.3377809799132592,0.05,0.37,FREE,0.00129757785467131,0.00129757785467131,0.0,0.00129757785467131,FORCE_BUY,301741.1813681152,0.463,-0.5,-0.5
2012-12-13,0.26432978951207436,0.05,0.37,FREE,-0.008474576271186519,0.003255666642159817,0.013689700130378178,0.003255666642159817,FORCE_SELL,305871.92765803076,0.4563,-0.5,-0.5
2012-12-14,0.2861732689587932,0.05,0.37,FREE,0.0,0.0,0.0,0.0,FORCE_BUY,305871.92765803076,0.4333,-0.5,-0.5
2012-12-17,0.2978290962888593,0.05,0.37,FREE,0.0,0.0,0.0,0.0,FORCE_BUY,305871.92765803076,0.4458,-0.5,-0.5
2012-12-18,0.30685545161164596,0.05,0.37,FREE,0.008785086779515701,0.008351666763713479,0.0,0.008351666763713479,FORCE_BUY,308559.0390859243,0.4708,-0.5,-0.5
2012-12-19,0.35349993470055746,0.05,0.37,FREE,-0.005499153976311347,-0.005499153976311347,0.0,-0.005499153976311347,FORCE_SELL,308559.0390859243,0.4702,-0.5,-0.5
2012-12-20,0.3123240411885631,0.05,0.37,FREE,-0.006981171990691841,-0.006981171990691841,-0.006981171990691841,-0.006981171990691841,FORCE_BUY,306404.93536478287,0.4694,1.9999999999999996,-0.5
2012-12-21,0.2872090569082764,0.05,0.37,FREE,-0.0010989010989011603,-0.0010989010989011603,-0.0010989010989011603,-0.0010989010989011603,FORCE_BUY,306068.22664460173,0.4545,-0.5,-0.5
2012-12-24,0.2764771155076191,0.05,0.37,FREE,-0.010325131810193284,-0.010325131810193284,-0.010325131810193284,-0.010325131810193284,FORCE_BUY,302908.0318615841,0.4505,-0.5,-0.5
2012-12-26,0.2755376517907926,0.05,0.37,FREE,-0.019469026548672604,-0.012709523307655502,0.0022123893805309778,-0.012709523307655502,FORCE_SELL,303578.18237455224,0.4432,-0.5,-0.5
2012-12-27,0.2996317951163426,0.05,0.37,FREE,-0.0052391799544420446,-0.023917995444191365,-0.023917995444191365,-0.023917995444191365,FORCE_BUY,301987.68164684955,0.4367,-0.5,0.7499999999999998
2012-12-28,0.29398052339278785,0.05,0.37,FREE,0.0059059768485708024,0.009388226941515374,0.0,0.009388226941515374,FREE,304822.81053569226,0.4258,-0.5,1.1499999999999997
2012-12-31,0.3399617384449196,0.05,0.37,FREE,0.04699860400186132,0.04699860400186132,0.04699860400186132,0.04699860400186132,FORCE_BUY,319149.0570987937,0.45,-0.5,2.2999999999999994
2013-01-02,0.37657550067554624,0.05,0.37,FORCE_SELL,0.075887131252672,0.04264402675385577,0.020735356990166702,0.020735356990166702,FORCE_BUY,343368.3634840164,0.5033,-0.5,2.2999999999999994
2013-01-03,0.364005325389686,0.05,0.38,FREE,-0.011006603962377353,-0.011006603962377353,0.0,-0.011006603962377353,FORCE_SELL,343368.3634840164,0.4942,-0.5,2.2999999999999994
2013-01-04,0.29390360134728466,0.05,0.38,FREE,-0.027135678391959808,-0.00482387666487784,-0.0060301507537688336,-0.00482387666487784,FREE,341711.9968479485,0.484,-0.5,-0.5
2013-01-07,0.2817350783605746,0.05,0.38,FREE,-0.003663749236718933,-0.003663749236718933,-0.003663749236718933,-0.003663749236718933,FORCE_BUY,340460.04978031915,0.4895,-0.5,-0.5
2013-01-08,0.2658421326693159,0.05,0.38,FREE,-0.03250204415372044,-0.018400803679630973,-0.021872444807849688,-0.018400803679630973,FREE,334195.3112435541,0.4733,-0.5,-0.5
2013-01-09,0.3015383468585876,0.05,0.38,FREE,0.015208333333333273,0.02980132578238703,0.014166666666666725,0.02980132578238703,FREE,344154.7745888695,0.4873,-0.5,-0.5
2013-01-10,0.3505384408411765,0.05,0.38,FREE,0.019304242911723283,0.009853207319525338,0.0,0.009853207319525338,FORCE_BUY,350798.42195676244,0.5069,-0.5,-0.5
2013-01-11,0.34723345291442703,0.05,0.38,FREE,0.0,0.0,0.0,0.0,FORCE_BUY,350798.42195676244,0.5158,-0.5,-0.5
2013-01-14,0.2862943993893318,0.05,0.38,FREE,0.0,0.0,0.0,0.0,FORCE_BUY,350798.42195676244,0.5115,-0.5,-0.5
2013-01-15,0.2812928274066743,0.05,0.38,FREE,0.010024057738572706,0.008420208500400934,0.0,0.008420208500400934,FORCE_BUY,354314.84559305717,0.5038,-0.5,-0.5
2013-01-16,0.2978936715256993,0.05,0.38,FREE,0.015375632541845232,0.0038925652004671747,0.0,0.0038925652004671747,FORCE_BUY,359762.66046301665,0.5217,-0.5,-0.5
2013-01-17,0.32059375281780933,0.05,0.38,FREE,-0.014993600292558227,0.003291278113000414,0.0,0.003291278113000414,FREE,360946.7394332734,0.5387,-0.5,-0.5
2013-01-18,0.2788756244076559,0.05,0.38,FREE,0.0,0.0,0.0,0.0,FORCE_BUY,360946.7394332734,0.5443,-0.5,-0.5
2013-01-22,0.2789161590808754,0.05,0.38,FREE,0.03213077790304383,0.01807707233631489,0.0,0.01807707233631489,FORCE_BUY,372544.2389528317,0.5493,-0.5,-0.5
2013-01-23,0.3290997534474341,0.05,0.38,FREE,-0.018736223365172607,0.002755326965466689,0.0,0.002755326965466689,FREE,373570.7201402477,0.5342,-0.5,-0.5
2013-01-24,0.26017281996746283,0.05,0.38,FREE,0.004259259259259143,0.0027777777777776296,0.0,0.0027777777777776296,FORCE_BUY,375161.8546889932,0.5423,-0.5,2.2999999999999994
2013-01-25,0.31302923596261073,0.05,0.38,FREE,0.0035682426404996144,0.0035682426404996144,0.0,0.0035682426404996144,FORCE_BUY,376500.5232159834,0.5625,-0.5,2.2999999999999994
2013-01-28,0.3246922648968365,0.05,0.38,FREE,-0.0035192679922576697,0.0035693755849440707,-0.004047158191096576,0.0035693755849440707,FREE,377844.39499126916,0.5663,-0.5,-0.5
2013-01-29,0.2777530162119517,0.05,0.38,FREE,-0.008915834522111293,-0.001542499231856716,0.0,-0.001542499231856716,FORCE_SELL,377844.39499126916,0.5558,-0.5,-0.5
2013-01-30,0.2780215908816646,0.05,0.38,FREE,0.013916500994035779,0.013916500994035779,0.013916500994035779,0.013916500994035779,FORCE_BUY,383102.66688975604,0.561,-0.5,-0.5
2013-01-31,0.2625977241570831,0.05,0.38,FREE,0.0063613231552162265,0.013610459284553362,0.016539440203562353,0.013610459284553362,FORCE_SELL,389438.97054060444,0.5537,-0.5,-0.5
2013-02-01,0.3108002802433432,0.05,0.38,FREE,0.03869472182596302,0.018544935805991574,0.018544935805991574,0.018544935805991574,FORCE_BUY,404508.20317386254,0.5825,-0.5,-0.5
2013-02-04,0.28573307340881693,0.05,0.38,FREE,-0.003928571428571574,-0.003928571428571574,0.0,-0.003928571428571574,FORCE_SELL,404508.20317386254,0.5578,-0.5,-0.5
2013-02-05,0.31705074283920004,0.05,0.38,FREE,0.041726105563480796,0.03887352680445031,0.03905135520684746,0.03887352680445031,FORCE_BUY,421386.75516078906,0.5842,-0.5,-0.5
2013-02-06,0.3184658685223361,0.05,0.38,FREE,0.05915238954012631,0.05915238954012631,0.05915238954012631,0.05915238954012631,FORCE_BUY,446312.7886491099,0.5873,-0.5,-0.5
2013-02-07,0.3041636465137528,0.05,0.38,FREE,-0.02160337552742619,-0.013848192976288542,-0.00388185654008444,-0.013848192976288542,FORCE_SELL,444580.266431569,0.5797,-0.5,-0.5
2013-02-08,0.32732524835404814,0.05,0.38,FREE,0.0,0.0,0.0,0.0,FORCE_BUY,444580.266431569,0.6022,-0.5,0.2999999999999998
2013-02-11,0.32850058185442554,0.05,0.38,FREE,0.0,0.0,0.0,0.0,FORCE_BUY,444580.266431569,0.6,-0.5,0.2999999999999998
2013-02-12,0.3315583065346756,0.05,0.38,FREE,0.003637566137566154,0.021501736119325515,-0.0009920634920635137,0.021501736119325515,FREE,454139.51400424005,0.607,-0.5,0.2999999999999998
2013-02-13,0.32361092480108217,0.05,0.38,FREE,-0.005350194552529064,-0.0032080674619540442,0.0,-0.0032080674619540442,FORCE_SELL,454139.51400424005,0.6135,-0.5,-0.5
2013-02-14,0.32178154736769904,0.05,0.38,FREE,0.0,0.0,0.0,0.0,FORCE_BUY,454139.51400424005,0.631,-0.5,1.5999999999999996
2013-02-15,0.3159016457676565,0.05,0.38,FREE,0.007325411036952844,0.007162624125020591,0.0,0.007162624125020591,FORCE_BUY,457466.27261244314,0.6188,-0.5,1.5999999999999996
2013-02-19,0.33117706085616344,0.05,0.38,FREE,0.009763779527559,0.006456692913385848,0.0,0.006456692913385848,FORCE_BUY,461932.8724395252,0.6412,-0.5,1.5999999999999996
2013-02-20,0.2973737154280068,0.05,0.38,FREE,-0.06046803832260099,-0.05524261028212616,0.0,-0.05524261028212616,FORCE_SELL,461932.8724395252,0.5982,-0.5,1.5999999999999996
2013-02-21,0.25600309788462994,0.05,0.38,FREE,-0.034911043974488035,-0.034911043974488035,-0.034911043974488035,-0.034911043974488035,FORCE_BUY,445806.31361652736,0.575,-0.5,-0.5
2013-02-22,0.2834366166247792,0.05,0.38,FREE,0.03283479456764654,0.03283479456764654,0.03283479456764654,0.03283479456764654,FORCE_BUY,460444.2723410859,0.6008,-0.5,-0.5
2013-02-25,0.27168099737308954,0.05,0.38,FREE,-0.08322237017310265,-0.05566601507164802,0.023635153129161014,-0.05566601507164802,FORCE_SELL,471326.94322531257,0.5508,-0.5,-0.5
2013-02-26,0.2928158386955373,0.05,0.38,FREE,0.013791899441340776,0.008205307262569825,0.008205307262569825,0.008205307262569825,FORCE_BUY,477827.43703027064,0.5807,-0.5,-0.5
2013-02-27,0.2819338117052395,0.05,0.38,FREE,0.0250126753422342,0.0250126753422342,0.0,0.0250126753422342,FORCE_BUY,489779.1795823206,0.6065,-0.5,1.9999999999999996
2013-02-28,0.30931128122861756,0.05,0.38,FREE,-0.020603263556947554,0.0215922202076809,0.0215922202076809,0.0215922202076809,FREE,500354.59948099934,0.5942,-0.5,1.9999999999999996
2013-03-01,0.29565938387940316,0.05,0.38,FREE,0.0,0.0,0.0,0.0,FORCE_BUY,500354.59948099934,0.6,-0.5,1.9999999999999996
2013-03-04,0.3039931227918638,0.05,0.38,FREE,0.00539993250084366,0.004377035061197164,0.0,0.004377035061197164,FORCE_BUY,503056.48054468335,0.5958,-0.5,1.9999999999999996
2013-03-05,0.31301330206023853,0.05,0.38,FREE,0.04097818902842042,0.00908790482485139,0.00908790482485139,0.00908790482485139,FORCE_BUY,523670.8240964153,0.63,-0.5,1.9999999999999996
2013-03-06,0.36006015444320827,0.05,0.38,FREE,0.0,0.0,0.0,0.0,FORCE_BUY,523670.8240964153,0.6345,-0.5,1.9999999999999996
2013-03-07,0.3664385641798293,0.05,0.38,FREE,0.005790297339593126,0.005946791862284847,0.0,0.005946791862284847,FREE,526784.9854916679,0.6427,-0.5,1.9999999999999996
2013-03-08,0.3536144245186173,0.05,0.38,FREE,0.0,0.0,0.0,0.0,FORCE_BUY,526784.9854916679,0.6442,-0.5,1.9999999999999996
2013-03-11,0.324012811891747,0.05,0.38,FREE,0.0,0.0,0.0,0.0,FORCE_BUY,526784.9854916679,0.6472,-0.5,1.9999999999999996
2013-03-12,0.32688060859044255,0.05,0.38,FREE,0.0,0.0,0.0,0.0,FORCE_BUY,526784.9854916679,0.6568,-0.5,1.9999999999999996
2013-03-13,0.35276779581233636,0.05,0.38,FREE,0.0,0.0,0.0,0.0,FORCE_BUY,526784.9854916679,0.6627,-0.5,1.9999999999999996
2013-03-14,0.35071780559752636,0.05,0.38,FREE,0.0,0.0,0.0,0.0,FORCE_BUY,526784.9854916679,0.6718,-0.5,1.9999999999999996
2013-03-15,0.27988797433375795,0.05,0.38,FREE,0.0,0.0,0.0,0.0,FORCE_BUY,526784.9854916679,0.6433,-0.5,1.9999999999999996
2013-03-18,0.2869235285797231,0.05,0.38,FREE,0.0,0.0,0.0,0.0,FORCE_BUY,526784.9854916679,0.6147,-0.5,1.9999999999999996
2013-03-19,0.23235705416972174,0.05,0.38,FREE,0.00530679933665001,0.00530679933665001,0.0,0.00530679933665001,FORCE_BUY,529580.5277032322,0.6062,-0.5,1.9999999999999996
2013-03-20,0.23371946034778143,0.05,0.38,FREE,0.024723487312947424,0.026404442534978794,0.01984385165907615,0.026404442534978794,FREE,543563.806314616,0.63,-0.5,1.9999999999999996
2013-03-21,0.23124220890240407,0.05,0.38,FREE,-0.006586530545035398,0.00793499237925337,0.0,0.00793499237925337,FREE,547876.9809753604,0.6033,-0.5,2.2999999999999994
2013-03-22,0.23179379139168688,0.05,0.38,FREE,0.06283783783783786,0.06369399849341857,0.04932432432432432,0.06369399849341857,FREE,582773.4565761837,0.6292,-0.5,1.5999999999999996
2013-03-25,0.23141409092885654,0.05,0.38,FREE,-0.010763052208835343,-0.015118792194217245,0.0,-0.015118792194217245,FORCE_SELL,582773.4565761837,0.6158,-0.5,-0.5
2013-03-26,0.23305865937978734,0.05,0.38,FREE,0.01377763537327793,0.01377763537327793,0.0,0.01377763537327793,FORCE_BUY,590802.6967661151,0.6328,-0.5,-0.5
2013-03-27,0.23167011166453966,0.05,0.38,FREE,0.02811244979919658,0.02811244979919658,0.02811244979919658,0.02811244979919658,FORCE_BUY,607411.6079201826,0.64,-0.5,-0.5
2013-03-28,0.23310402787163362,0.05,0.38,FREE,-0.019586507072905306,0.009948702005285337,0.009948702005285337,0.009948702005285337,FREE,613454.5650019317,0.6307,-0.5,-0.5
2013-04-01,0.22908258283117858,0.05,0.38,FREE,-0.030182684670373144,-0.01721149377117531,0.0,-0.01721149377117531,FORCE_SELL,613454.5650019317,0.6105,-0.5,-0.5
2013-04-02,0.22729093405458758,0.05,0.38,FREE,-0.035257461462774635,-0.022395951754717706,0.0,-0.022395951754717706,FORCE_SELL,613454.5650019317,0.5883,-0.5,-0.5
2013-04-03,0.22945008650495538,0.05,0.38,FREE,-0.09631911788551968,-0.09631911788551968,-0.09631911788551968,-0.09631911788551968,FORCE_BUY,554367.1624381004,0.5573,-0.5,-0.5
2013-04-04,0.22935408164006785,0.05,0.38,FREE,0.03709677419354818,0.027270496758510905,0.022939068100358197,0.027270496758510905,FORCE_BUY,574932.3958833847,0.5787,-0.5,-0.5
2013-04-05,0.2281294624113557,0.05,0.38,FREE,0.0,0.0,0.0,0.0,FORCE_BUY,574932.3958833847,0.5703,-0.5,-0.5
2013-04-08,0.23066933390179856,0.05,0.38,FREE,0.0,0.0,0.0,0.0,FORCE_BUY,574932.3958833847,0.5918,-0.5,-0.5
2013-04-09,0.23116142413426688,0.05,0.38,FREE,0.0,0.0,0.0,0.0,FORCE_BUY,574932.3958833847,0.6075,-0.5,-0.5
2013-04-10,0.23428577254660107,0.05,0.38,FREE,0.0,0.0,0.0,0.0,FORCE_BUY,574932.3958833847,0.6475,-0.5,-0.5
2013-04-11,0.23737776479545722,0.05,0.38,FREE,0.014224751066856271,0.014224751066856271,0.0,0.014224751066856271,FORCE_BUY,583110.6660950972,0.6417,-0.5,-0.5
2013-04-12,0.23302258725297245,0.05,0.38,FREE,0.02055016181229766,0.009296035172679587,0.0,0.009296035172679587,FORCE_BUY,595093.6846378281,0.6307,-0.5,-0.5
2013-04-15,0.2417199654009369,0.05,0.38,FREE,-0.054798962386511066,-0.041599999318144655,0.0,-0.041599999318144655,FORCE_SELL,595093.6846378281,0.583,-0.5,-0.5
2013-04-16,0.24114399787922572,0.05,0.38,FREE,0.007954545454545572,0.007954545454545572,0.007954545454545572,0.007954545454545572,FORCE_BUY,599827.3844019928,0.6209,-0.5,-0.5
2013-04-17,0.23981828166242022,0.05,0.38,FREE,-0.06326359832635996,-0.06326359832635996,-0.06326359832635996,-0.06326359832635996,FORCE_BUY,561880.145690034,0.5597,-0.5,-0.5
2013-04-18,0.237066728317766,0.05,0.38,FREE,-0.04924044002095329,0.009997591296864453,0.017111925964728544,0.009997591296864453,FORCE_SELL,571494.9971441327,0.5445,-0.5,-0.5
2013-04-19,0.2452087906990192,0.05,0.38,FREE,0.009597971749366146,0.013803259531273671,0.0,0.013803259531273671,FREE,579383.4909105377,0.5575,-0.5,-0.5
2013-04-22,0.24149707216384927,0.05,0.38,FREE,0.052197802197802075,0.020146520146520117,0.0,0.020146520146520117,FORCE_BUY,609626.0357657579,0.5745,-0.5,-0.5
2013-04-23,0.2403548562709321,0.05,0.38,FREE,0.0,0.0,0.0,0.0,FORCE_BUY,609626.0357657579,0.6102,-0.5,-0.5
2013-04-24,0.2636424921071517,0.05,0.38,FREE,0.0,0.0,0.0,0.0,FORCE_BUY,609626.0357657579,0.63,-0.5,-0.5
2013-04-25,0.27459151188154385,0.05,0.38,FREE,0.0025954198473281172,0.0025954198473281172,0.0,0.0025954198473281172,FORCE_BUY,611208.2712784323,0.6567,-0.5,-0.5
2013-04-26,0.2649905744524434,0.05,0.38,FREE,0.008267090620031729,0.01867314982776462,0.0,0.01867314982776462,FREE,622621.4549039835,0.6342,-0.5,-0.5
2013-04-29,0.27284073814364657,0.05,0.38,FREE,0.04342333807042482,0.010579504184430811,0.010579504184430811,0.010579504184430811,FORCE_BUY,649657.7568301789,0.6608,-0.5,-0.5
2013-04-30,0.2823103747038324,0.05,0.38,FREE,0.01442091031996403,0.0027039206849933774,0.0,0.0027039206849933774,FORCE_BUY,659026.4130800959,0.6753,-0.5,-0.5
2013-05-01,0.2827434523584669,0.05,0.38,FREE,-0.0006091061367442153,-0.0006091061367442153,0.0,-0.0006091061367442153,FORCE_SELL,659026.4130800959,0.6563,-0.5,-0.5
2013-05-02,0.28454365618878047,0.05,0.38,FREE,0.02366332185113082,0.02178135137371596,0.01243073236483478,0.02178135137371596,FORCE_BUY,674621.1672012066,0.6835,-0.5,-0.5
2013-05-03,0.27909488386711795,0.05,0.38,FREE,0.0,0.0,0.0,0.0,FORCE_BUY,674621.1672012066,0.7033,-0.5,-0.5
2013-05-06,0.2822196153491802,0.05,0.38,FREE,0.0006973500697349883,0.0006973500697349883,0.0,0.0006973500697349883,FORCE_BUY,675091.614319199,0.7175,-0.5,-0.5
2013-05-07,0.28341471281934516,0.05,0.38,FREE,-0.0031997774067890074,0.009169376108140363,-0.0029215358931551807,0.009169376108140363,FREE,681281.7832383434,0.7165,-0.5,-0.5
2013-05-08,0.28111981426375493,0.05,0.38,FREE,0.0,0.0,0.0,0.0,FORCE_BUY,681281.7832383434,0.7447,-0.5,-0.5
2013-05-09,0.2822209293951186,0.05,0.38,FREE,0.0,0.0,0.0,0.0,FORCE_BUY,681281.7832383434,0.7565,-0.5,-0.5
2013-05-10,0.29228898997864383,0.05,0.38,FREE,0.0069966312516194975,0.0025913449080072026,0.0,0.0025913449080072026,FORCE_BUY,686048.4606541079,0.7772,-0.5,-0.5
2013-05-13,0.2770819371889119,0.05,0.38,FREE,-0.01270464963981654,0.012719440851599718,0.0,0.012719440851599718,FREE,694774.6134707289,0.7538,-0.5,-0.5
2013-05-14,0.28278267931297246,0.05,0.38,FREE,0.016739736946990838,0.017280253234504665,0.0,0.017280253234504665,FREE,706780.4947324082,0.7653,-0.5,-0.5
2013-05-15,0.2804038368490226,0.05,0.38,FREE,-0.007327858496525694,-0.010739102969046076,0.0,-0.010739102969046076,FORCE_SELL,706780.4947324082,0.7857,-0.5,-0.5
2013-05-16,0.27741082002796563,0.05,0.38,FREE,0.0,0.0,0.0,0.0,FORCE_BUY,706780.4947324082,0.7707,-0.5,-0.5
2013-05-17,0.28743432592222146,0.05,0.38,FREE,0.0,0.0,0.0,0.0,FORCE_BUY,706780.4947324082,0.7933,-0.5,-0.5
2013-05-20,0.27750402681329006,0.05,0.38,FREE,0.0,0.0,0.0,0.0,FORCE_BUY,706780.4947324082,0.7952,-0.5,-0.5
2013-05-21,0.28172030884032623,0.05,0.38,FREE,0.004430379746835312,0.00442387690502957,0.0,0.00442387690502957,FORCE_BUY,709911.8007217288,0.7935,-0.5,-0.5
2013-05-22,0.26424840626600893,0.05,0.38,FREE,-0.05743370617066734,-0.05743370617066734,0.0,-0.05743370617066734,FORCE_SELL,709911.8007217288,0.75,-0.5,-0.5
2013-05-23,0.27265301515389095,0.05,0.38,FREE,0.0,0.0,0.0,0.0,FORCE_BUY,709911.8007217288,0.7563,-0.5,1.0999999999999996
2013-05-24,0.27783031518635637,0.05,0.38,FREE,0.005733333333333209,0.0006666666666664988,0.0,0.0006666666666664988,FORCE_BUY,713981.9617125333,0.7543,-0.5,2.499999999999999
2013-05-28,0.27738061759146765,0.05,0.38,FREE,0.0,0.0,0.0,0.0,FORCE_BUY,713981.9617125333,0.7763,-0.5,2.499999999999999
2013-05-29,0.2758813842644569,0.05,0.38,FREE,0.035036880927291986,0.030175085244378567,0.032665964172813595,0.030175085244378567,FORCE_BUY,738997.6626892897,0.7858,-0.5,2.499999999999999
2013-05-30,0.2655183407603972,0.05,0.38,FREE,0.04940635771734951,0.0501024023969721,0.04238478233116305,0.0501024023969721,FREE,776023.2209557702,0.822,-0.5,-0.5
2013-05-31,0.2643567895987648,0.05,0.38,FREE,-0.025147928994082826,-0.012185771502032457,0.0,-0.012185771502032457,FORCE_SELL,776023.2209557702,0.7908,-0.5,-0.5
2013-06-03,0.26209799238089865,0.05,0.38,FREE,0.006542526421741539,-0.007045797684952044,-0.007045797684952044,-0.007045797684952044,FORCE_BUY,781100.3733827583,0.8,-0.5,-0.5
2013-06-04,0.2649217206383337,0.05,0.38,FREE,-0.006136475208640241,0.0018409425625920558,0.0,0.0018409425625920558,FREE,782538.3343057752,0.8098,-0.5,-0.5
2013-06-05,0.2639847271260351,0.05,0.38,FREE,-0.0012970168612193161,0.012321660181582171,0.0,0.012321660181582171,FREE,792180.5057401523,0.77,-0.5,-0.5
2013-06-06,0.2654906464681864,0.05,0.38,FREE,-0.006219227779217479,-0.011044672473727986,-0.017491578129049157,-0.011044672473727986,FORCE_BUY,787253.7547326987,0.767,-0.5,-0.5
2013-06-07,0.2702740060059134,0.05,0.38,FREE,0.028406909788867594,-0.004222648752399195,-0.004222648752399195,-0.004222648752399195,FORCE_BUY,809617.2011243376,0.8037,-0.5,-0.5
2013-06-10,0.2726799315388882,0.05,0.38,FREE,0.0,0.0,0.0,0.0,FORCE_BUY,809617.2011243376,0.8163,-0.5,-0.5
2013-06-11,0.25817972432998987,0.05,0.38,FREE,-0.01862077822011036,-0.01862077822011036,0.0,-0.01862077822011036,FORCE_SELL,809617.2011243376,0.7642,-0.5,-0.5
2013-06-12,0.2664322840396149,0.05,0.38,FREE,-0.06013021830716214,-0.05250830170476074,-0.031916251755393955,-0.05250830170476074,FORCE_SELL,783777.2547077559,0.7362,-0.5,-0.5
2013-06-13,0.26415275368481766,0.05,0.38,FREE,0.0646393017864447,0.03531978726305741,0.03531978726305741,0.03531978726305741,FORCE_BUY,834440.0692081616,0.7807,-0.5,-0.5
2013-06-14,0.2555987868965349,0.05,0.38,FREE,-0.0014224751066856357,-0.0014224751066856357,0.0,-0.0014224751066856357,FORCE_SELL,834440.0692081616,0.7722,-0.5,-0.5
2013-06-17,0.260097495414499,0.05,0.38,FREE,0.013848671786478686,0.013848671786478686,0.013848671786478686,0.013848671786478686,FORCE_BUY,845995.955852112,0.8053,-0.5,-0.5
2013-06-18,0.2621186879047372,0.05,0.38,FREE,0.03403942696216498,0.005939862612534408,0.0037957634382270043,0.005939862612534408,FORCE_BUY,874793.1734016269,0.8445,-0.5,-0.5
2013-06-19,0.2662728033386061,0.05,0.38,FREE,-0.03256364712847859,-0.009578242433003778,-0.010894020130254556,-0.009578242433003778,FREE,866414.1923080494,0.817,-0.5,-0.5
2013-06-20,0.26137012071961113,0.05,0.38,FREE,-0.036295043580070276,-0.036295043580070276,0.0,-0.036295043580070276,FORCE_SELL,866414.1923080494,0.7408,-0.5,-0.5
2013-06-21,0.26261476410012274,0.05,0.38,FREE,-0.01556112356587087,-0.01556112356587087,-0.01556112356587087,-0.01556112356587087,FORCE_BUY,852931.8140023196,0.7465,-0.5,-0.5
2013-06-24,0.2587685638828068,0.05,0.38,FREE,-0.027777777777777762,-0.027777777777777762,-0.027777777777777762,-0.027777777777777762,FORCE_BUY,829239.2636133663,0.7,-0.5,-0.5
2013-06-25,0.26902903749040546,0.05,0.38,FREE,0.03793103448275858,0.020689655172413907,0.020689655172413907,0.020689655172413907,FORCE_BUY,860693.1667159422,0.7525,-0.5,-0.5
2013-06-26,0.26709558130117256,0.05,0.38,FREE,0.0,0.0,0.0,0.0,FORCE_BUY,860693.1667159422,0.7617,-0.5,-0.5
2013-06-27,0.2630839118883766,0.05,0.38,FREE,-0.0096252566735113,0.005903490759753575,0.0,0.005903490759753575,FREE,865774.2608726327,0.7717,-0.5,-0.5
2013-06-28,0.2660024484904074,0.05,0.38,FREE,0.0,0.0,0.0,0.0,FORCE_BUY,865774.2608726327,0.781,-0.5,-0.5
2013-07-01,0.26346656041537764,0.05,0.38,FREE,0.0015483870967741952,0.0015483870967741952,0.0,0.0015483870967741952,FORCE_BUY,867114.8145668872,0.7762,-0.5,-0.5
2013-07-02,0.26359821167178393,0.05,0.38,FREE,0.0027054882762174728,-0.0044031599358951845,0.01816542128317446,-0.0044031599358951845,FORCE_SELL,882866.3204743766,0.7783,-0.5,-0.5
2013-07-03,0.26434886497921334,0.05,0.38,FREE,-0.003403933434190751,-0.003403933434190751,0.0,-0.003403933434190751,FORCE_SELL,882866.3204743766,0.7905,-0.5,-0.5
2013-07-05,0.25648229627803487,0.05,0.38,FREE,0.0056324231664014,0.01991559409782466,0.002448879637565743,0.01991559409782466,FREE,900449.1277555842,0.8213,-0.5,-0.5
2013-07-08,0.2489547252180486,0.05,0.38,FREE,-0.03618215845290081,-0.02962052125290116,0.0,-0.02962052125290116,FORCE_SELL,900449.1277555842,0.7725,-0.5,-0.5
2013-07-09,0.255571964164561,0.05,0.38,FREE,0.002517940324814351,0.002517940324814351,0.002517940324814351,0.002517940324814351,FORCE_BUY,902716.4049248039,0.7963,-0.5,-0.5
2013-07-10,0.25533440147442027,0.05,0.38,FREE,0.037013722774770226,0.016996097192496517,0.016996097192496517,0.016996097192496517,FORCE_BUY,936129.2996809278,0.8237,-0.5,-0.5
2013-07-11,0.2604991156969465,0.05,0.38,FREE,0.028547932330827006,0.013040413533834479,0.0,0.013040413533834479,FORCE_BUY,962853.8555811235,0.8755,-0.5,-0.5
2013-07-12,0.25872959221472,0.05,0.38,FREE,0.0,0.0,0.0,0.0,FORCE_BUY,962853.8555811235,0.8912,-0.5,-0.5
2013-07-15,0.2561415853701829,0.05,0.38,FREE,0.0,0.0,0.0,0.0,FORCE_BUY,962853.8555811235,0.8833,-0.5,-0.5
2013-07-16,0.2565499513057035,0.05,0.38,FREE,0.015860428231562265,0.021526177894081434,0.021071711793361227,0.021526177894081434,FREE,983580.4189623649,0.8967,-0.5,-0.5
2013-07-17,0.2546823597995837,0.05,0.38,FREE,0.005582226191805262,0.02221812865283399,0.0,0.02221812865283399,FREE,1005433.7352512791,0.9007,-0.5,-0.5
2013-07-18,0.25089201388148835,0.05,0.38,FREE,-0.035612046261307706,-0.039775029589953624,0.0,-0.039775029589953624,FORCE_SELL,1005433.7352512791,0.8422,-0.5,-0.5
2013-07-19,0.2515187571166476,0.05,0.38,FREE,0.00810185185185194,0.00810185185185194,0.00810185185185194,0.00810185185185194,FORCE_BUY,1013579.610421139,0.871,-0.5,-0.5
2013-07-22,0.25006086410657286,0.05,0.38,FREE,-0.014217470427661541,-0.011702321073291737,-0.009099181073703404,-0.011702321073291737,FORCE_SELL,1004356.8660133033,0.8667,-0.5,-0.5
2013-07-23,0.24755096816861524,0.05,0.38,FREE,-0.012413793103448334,-0.014999461446590876,-0.0034482758620690145,-0.014999461446590876,FORCE_SELL,1000893.5664753263,0.8592,-0.5,-0.5
2013-07-24,0.24798720885295814,0.05,0.38,FREE,-0.08277884290064297,-0.08277884290064297,-0.08277884290064297,-0.08277884290064297,FORCE_BUY,918040.755175801,0.8133,-0.5,-0.5
2013-07-25,0.2508966994071937,0.05,0.38,FREE,0.0177711958533875,-0.006911020609650852,-0.006911020609650852,-0.006911020609650852,FORCE_BUY,934355.4372374219,0.8247,-0.5,-0.5
2013-07-26,0.24772078049898225,0.05,0.38,FREE,0.009690410269317882,0.008828096512849132,0.0,0.008828096512849132,FORCE_BUY,943409.7247616203,0.8023,-0.5,-0.5
2013-07-29,0.24631012513806286,0.05,0.38,FREE,-0.004540867810292543,-0.003279515640766845,0.0,-0.003279515640766845,FORCE_SELL,943409.7247616203,0.7892,-0.5,-0.5
2013-07-30,0.24444894000156578,0.05,0.38,FREE,0.011535599106921337,0.01930311214392491,0.0,0.01930311214392491,FREE,961620.4684763631,0.8155,-0.5,-0.5
2013-07-31,0.2435325642942571,0.05,0.38,FREE,0.004251184258472069,0.008878508740322607,0.013360864812340702,0.008878508740322607,FORCE_SELL,974468.5495564555,0.8268,-0.5,-0.5
2013-08-01,0.2460783916772984,0.05,0.38,FREE,0.025882352941176356,0.016470588235294018,0.016470588235294018,0.016470588235294018,FORCE_BUY,999690.088486152,0.872,-0.5,-0.5
2013-08-02,0.24283763596861052,0.05,0.38,FREE,0.01579197340299224,0.00225599620042738,0.0,0.00225599620042738,FORCE_BUY,1015477.1677747604,0.8555,-0.5,-0.5
2013-08-05,0.24434802182424745,0.05,0.38,FREE,0.0,0.0,0.0,0.0,FORCE_BUY,1015477.1677747604,0.8515,-0.5,-0.5
2013-08-06,0.24326143849791548,0.05,0.38,FREE,-0.009263657957244478,0.0019508374899790196,0.0,0.0019508374899790196,FREE,1017458.1987038731,0.8342,-0.5,-0.5
2013-08-07,0.24094191531452594,0.05,0.38,FREE,-0.01642935377875139,-0.00923270528403141,-0.013265181939880799,-0.00923270528403141,FREE,1008064.3070164188,0.8082,-0.5,-0.5
2013-08-08,0.24155143340568028,0.05,0.38,FREE,0.012673956262425507,0.0008697813121272465,0.0,0.0008697813121272465,FORCE_BUY,1020840.469953257,0.815,-0.5,-0.5
2013-08-09,0.2330824968554267,0.05,0.38,FREE,0.0008771929824560331,0.017572509728443212,0.0,0.017572509728443212,FREE,1038779.1990426991,0.7987,-0.5,-0.5
2013-08-12,0.23378589498935728,0.05,0.38,FREE,0.022151898734177215,0.019001387395457554,0.023544303797468323,0.019001387395457554,FORCE_SELL,1063236.5320834513,0.8075,-0.5,-0.5
2013-08-13,0.23240420751288923,0.05,0.38,FREE,0.011288343558282288,0.022116975853272644,0.008588957055214709,0.022116975853272644,FREE,1086752.1087898584,0.8242,-0.5,-0.5
2013-08-14,0.23115270704177113,0.05,0.38,FREE,-0.028770812928501414,-0.04093652299620292,-0.015548481880509248,-0.04093652299620292,FORCE_SELL,1069854.763317734,0.7933,-0.5,-0.5
2013-08-15,0.23167578096652397,0.05,0.38,FREE,-0.05724803249555716,-0.05724803249555716,-0.05724803249555716,-0.05724803249555716,FORCE_BUY,1008607.6830617937,0.7427,-0.5,2.2999999999999994
2013-08-16,0.23407140253088965,0.05,0.38,FREE,0.009829002288945702,0.009829002288945702,0.009829002288945702,0.009829002288945702,FORCE_BUY,1018521.2902872564,0.75,-0.5,-0.5
2013-08-19,0.23401204500607717,0.05,0.38,FREE,-0.008786158421194904,0.0002029221670265656,0.007704785077048017,0.0002029221670265656,FORCE_SELL,1026368.7779253173,0.7333,-0.5,-0.5
2013-08-20,0.23352314172881064,0.05,0.38,FREE,0.017651052274270225,0.017651052274270225,0.017651052274270225,0.017651052274270225,FORCE_BUY,1044485.266877156,0.7495,-0.5,-0.5
2013-08-21,0.23373952254241837,0.05,0.38,FREE,-0.02894453419493798,-0.02894453419493798,-0.02894453419493798,-0.02894453419493798,FORCE_BUY,1014253.1273539212,0.7213,-0.5,-0.5
2013-08-22,0.23042180422331168,0.05,0.38,FREE,0.03694581280788188,0.03694581280788188,0.03694581280788188,0.03694581280788188,FORCE_BUY,1051725.533536948,0.7578,-0.5,-0.5
2013-08-23,0.2322382137348281,0.05,0.38,FREE,-0.010835509138381105,0.01652964360016079,-0.004960835509138445,0.01652964360016079,FREE,1069110.1817715026,0.7577,-0.5,-0.5
2013-08-26,0.2301845948868105,0.05,0.38,FREE,-0.020462046204620447,-0.020462046204620447,0.0,-0.020462046204620447,FORCE_SELL,1069110.1817715026,0.742,-0.5,-0.5
2013-08-27,0.23050904794036123,0.05,0.38,FREE,-0.060393637098948606,-0.05512013429046784,-0.0338366136424912,-0.05512013429046784,FORCE_SELL,1032935.1136096467,0.697,-0.5,-0.5
2013-08-28,0.23132903834061644,0.05,0.38,FREE,0.02461932545894399,0.029141783171314453,0.03628860111000412,0.029141783171314453,FORCE_SELL,1070418.8839199438,0.72,-0.5,-0.5
2013-08-29,0.2318473052383023,0.05,0.15,FORCE_SELL,0.018808777429467072,0.014493136145578506,0.0034073872154831582,0.0034073872154831582,FORCE_BUY,1090552.1544638926,0.7475,-0.5,-0.5
2013-08-30,0.23301545249142655,0.05,0.15,FORCE_SELL,-0.018893387314439992,-0.004449317738791449,0.0,0.0,FORCE_SELL,1090552.1544638926,0.727,-0.5,-0.5
2013-09-03,0.23152603490367263,0.05,0.15,FORCE_SELL,-0.014814814814814748,-0.019179894179894085,0.0,0.0,FORCE_SELL,1090552.1544638926,0.7448,-0.5,-0.5
2013-09-04,0.22781053423118877,0.05,0.15,FORCE_SELL,0.0,0.0,0.0,0.0,FORCE_BUY,1090552.1544638926,0.802,-0.5,-0.5
2013-09-05,0.22918336750249954,0.05,0.15,FORCE_SELL,0.0,0.0,0.0,0.0,FORCE_BUY,1090552.1544638926,0.8208,-0.5,-0.5
2013-09-06,0.2276321200034821,0.05,0.15,FORCE_SELL,-0.009165342783820207,0.002077477697665708,0.0,0.0,FREE,1092817.7522429326,0.8108,-0.5,-0.5
2013-09-09,0.2257103814469137,0.05,0.15,FORCE_SELL,0.0,0.0,0.0,0.0,FORCE_BUY,1092817.7522429326,0.8433,-0.5,-0.5
2013-09-10,0.22902024264006982,0.05,0.15,FORCE_SELL,0.0,0.0,0.0,0.0,FORCE_BUY,1092817.7522429326,0.8843,-0.5,-0.5
2013-09-11,0.23167881638447788,0.05,0.15,FORCE_SELL,0.0037534121929025666,0.0037534121929025666,0.0,0.0,FORCE_BUY,1096919.5477188216,0.8825,-0.5,-0.5
2013-09-12,0.23178875747008396,0.05,0.15,FORCE_SELL,-0.009029868025005933,-0.009029868025005933,0.0,0.0,FORCE_SELL,1096919.5477188216,0.856,-0.5,-0.5
2013-09-13,0.22930707637553904,0.05,0.15,FORCE_SELL,0.02341020265548578,0.004309340787328115,0.0,0.0,FORCE_BUY,1122598.656627683,0.8787,-0.5,-0.5
2013-09-16,0.2239727262411023,0.05,0.15,FORCE_SELL,0.0015769317413831248,0.0015769317413831248,0.0,0.0,FORCE_BUY,1124368.9180821532,0.8892,-0.5,-0.5
2013-09-17,0.22062112165589912,0.05,0.225,FREE,0.006881243063263028,0.008986298478998156,0.0,0.008986298478998156,FREE,1134472.8327805477,0.9072,-0.5,-0.5
2013-09-18,0.2149273555133497,0.05,0.225,FREE,0.02726871274011917,0.008605621624022043,-0.002539191874586026,0.008605621624022043,FORCE_BUY,1165408.4465691098,0.9305,-0.5,-0.5
2013-09-19,0.21758203799419987,0.05,0.225,FREE,-0.006473888649115159,-0.006473888649115159,0.0,-0.006473888649115159,FORCE_SELL,1165408.4465691098,0.9208,-0.5,-0.5
2013-09-20,0.21783434171083219,0.05,0.225,FREE,-0.014360313315926845,-0.014360313315926845,-0.014360313315926845,-0.014360313315926845,FORCE_BUY,1148672.81613535,0.906,-0.5,-0.5
2013-09-23,0.2142929521075545,0.05,0.225,FREE,0.0,0.0,0.0,0.0,FORCE_BUY,1148672.81613535,0.9038,-0.5,-0.5
2013-09-24,0.210906225231128,0.05,0.225,FREE,0.008066298342541333,0.005193370165745648,0.005193370165745648,0.005193370165745648,FORCE_BUY,1157938.3537682646,0.9123,-0.5,-0.5
2013-09-25,0.21112070948782002,0.05,0.225,FREE,0.017124430112309543,0.013462116288664559,0.0,0.013462116288664559,FORCE_BUY,1177767.388181732,0.9147,-0.5,2.4499999999999993
2013-09-26,0.2107078373719733,0.05,0.225,FREE,-0.022162740899357734,0.0015024552265170486,-0.007708779443254928,0.0015024552265170486,FREE,1179536.930949727,0.9133,-0.5,2.4499999999999993
2013-09-27,0.2080757797903986,0.05,0.225,FREE,0.002246433786364136,0.005015082868189504,0.0,0.005015082868189504,FREE,1185452.4064045297,0.8923,-0.5,2.4499999999999993
2013-09-30,0.21622407187259327,0.05,0.225,FREE,0.003592276605298642,0.003592276605298642,0.0,0.003592276605298642,FORCE_BUY,1189710.8793507516,0.894,-0.5,-0.5
2013-10-01,0.21636486537949076,0.05,0.225,FREE,0.01933763058457437,0.014892198266281445,0.014892198266281445,0.014892198266281445,FORCE_BUY,1212717.0688380855,0.9172,-0.5,-0.5
2013-10-02,0.21276426329674436,0.05,0.225,FREE,0.005721830985915474,0.005721830985915474,0.0,0.005721830985915474,FORCE_BUY,1219656.030939712,0.914,-0.5,-0.5
2013-10-03,0.21107421853031105,0.05,0.225,FREE,-0.00164889524018909,-0.008059879466067068,0.01055292953721009,-0.008059879466067068,FORCE_SELL,1232526.975093852,0.9082,-0.5,-0.5
2013-10-04,0.21435480770145798,0.05,0.225,FREE,-0.0019348597226701535,-0.0019348597226701535,0.0,-0.0019348597226701535,FORCE_SELL,1232526.975093852,0.9285,-0.5,2.2999999999999994
2013-10-07,0.2130373003627014,0.05,0.225,FREE,0.008711954124393462,0.02558447287163655,0.02558447287163655,0.02558447287163655,FREE,1264060.528051701,0.9147,-0.5,2.349999999999999
2013-10-08,0.2109698772146452,0.05,0.225,FREE,-0.018582782939661865,-0.007298234048546049,0.0,-0.007298234048546049,FORCE_SELL,1264060.528051701,0.8767,-0.5,2.349999999999999
2013-10-09,0.21676112537614586,0.05,0.225,FREE,-0.013422048870024118,-0.028564873236205133,-0.028564873236205133,-0.028564873236205133,FORCE_BUY,1247094.2458695224,0.86,-0.5,1.9499999999999993
2013-10-10,0.22149790176804932,0.05,0.225,FREE,0.004154367552202973,0.0032797638570023235,0.0,0.0032797638570023235,FORCE_BUY,1252275.1337391017,0.9185,-0.5,-0.5
2013-10-11,0.22478861340357156,0.05,0.225,FREE,0.0,0.0,0.0,0.0,FORCE_BUY,1252275.1337391017,0.927,-0.5,-0.5
2013-10-14,0.2221965303757701,0.05,0.225,FREE,0.0,0.0,0.0,0.0,FORCE_BUY,1252275.1337391017,0.9605,-0.5,-0.5
2013-10-15,0.21344443467698024,0.05,0.225,FREE,0.0,0.0,0.0,0.0,FORCE_BUY,1252275.1337391017,0.921,-0.5,-0.5
2013-10-16,0.21360506254214717,0.05,0.225,FREE,0.0,0.0,0.0,0.0,FORCE_BUY,1252275.1337391017,0.9472,-0.5,-0.5
2013-10-17,0.21429965986632812,0.05,0.225,FREE,0.0,0.0,0.0,0.0,FORCE_BUY,1252275.1337391017,0.9672,-0.5,-0.5
2013-10-18,0.21474271879313797,0.05,0.225,FREE,0.0,0.0,0.0,0.0,FORCE_BUY,1252275.1337391017,0.9737,-0.5,-0.5
2013-10-21,0.23255528749809215,0.05,0.225,FORCE_SELL,0.0,0.0,0.0,0.0,FORCE_BUY,1252275.1337391017,0.9852,-0.5,-0.5
2013-10-22,0.22953887481837612,0.05,0.225,FORCE_SELL,0.0,0.0,0.0,0.0,FORCE_BUY,1252275.1337391017,0.9787,-0.5,-0.5
2013-10-23,0.20777408571936043,0.05,0.225,FREE,-0.05445969125214404,-0.06598806710953495,0.0,-0.06598806710953495,FORCE_SELL,1252275.1337391017,0.882,-0.5,-0.5
2013-10-24,0.21294622581639536,0.05,0.15,FORCE_SELL,0.004446914952751585,-0.002445803224013332,-0.002445803224013332,-0.002445803224013332,FORCE_BUY,1257843.894756285,0.9035,-0.5,-0.5
2013-10-25,0.21483761695445067,0.05,0.15,FORCE_SELL,0.0,0.0,0.0,0.0,FORCE_BUY,1257843.894756285,0.9135,-0.5,-0.5
2013-10-28,0.21212154638694494,0.05,0.15,FORCE_SELL,0.015466724757651658,0.0162336935829974,0.0,0.0,FREE,1278263.3471190026,0.9323,-0.5,-0.5
2013-10-29,0.2171561396980732,0.05,0.15,FORCE_SELL,0.00547520661157026,0.00547520661157026,0.0,0.0,FORCE_BUY,1285262.1030484764,0.9733,-0.5,-0.5
2013-10-30,0.2036356535094753,0.05,0.15,FORCE_SELL,-0.008478081058726175,-0.0019644334160460776,0.0,0.0,FORCE_SELL,1285262.1030484764,0.959,-0.5,-0.5
2013-10-31,0.2123784060758411,0.05,0.15,FORCE_SELL,-0.009651529005384483,-0.005321586529251318,0.0,0.0,FORCE_SELL,1285262.1030484764,0.9748,-0.5,-0.5
2013-11-01,0.20469719889713225,0.05,0.15,FORCE_SELL,-0.007510288065843574,-0.007510288065843574,0.0,0.0,FORCE_SELL,1285262.1030484764,0.9647,-0.5,-0.5
2013-11-04,0.20813669481834704,0.05,0.15,FORCE_SELL,0.0,0.0,0.0,0.0,FORCE_BUY,1285262.1030484764,0.9628,-0.5,-0.5
2013-11-05,0.21214172890869368,0.05,0.15,FORCE_SELL,0.01835645677694771,0.0012563952895585392,0.0,0.0,FORCE_BUY,1308854.9612901346,0.9542,-0.5,-0.5
2013-11-06,0.21660040205853706,0.05,0.15,FORCE_SELL,0.008370827665585385,0.008370827665585385,0.0,0.0,FORCE_BUY,1319811.1606103408,0.9637,-0.5,-0.5
2013-11-07,0.2312997132928383,0.05,0.15,FORCE_SELL,-0.012889948006932416,-0.012889948006932416,0.0,0.0,FORCE_SELL,1319811.1606103408,0.9113,-0.5,-0.5
2013-11-08,0.2333996139500787,0.05,0.15,FORCE_SELL,0.04042081949058684,0.04042081949058684,0.0,0.0,FORCE_BUY,1373159.0092950333,0.9395,-0.5,-0.5
2013-11-11,0.22921827505681047,0.05,0.15,FORCE_SELL,0.011637931034482693,0.011637931034482693,0.0,0.0,FORCE_BUY,1389139.7391445874,0.9388,-0.5,-0.5
2013-11-12,0.22691565969944114,0.22,0.245,FREE,0.01672347677886658,0.033442436742301976,0.0,0.033442436742301976,FREE,1435595.9569971482,0.9545,-0.5,-0.5
2013-11-13,0.2223622865856535,0.22,0.245,FREE,0.0,0.0,0.0,0.0,FORCE_BUY,1435595.9569971482,0.9815,-0.5,-0.5
2013-11-14,0.22249506036181652,0.22,0.245,FREE,0.003733665214685674,0.003733665214685674,0.0,0.003733665214685674,FORCE_BUY,1440955.991684132,0.9678,-0.5,-0.5
2013-11-15,0.22650258966591727,0.22,0.245,FREE,0.013878893800760829,-0.00616839724478254,-0.00616839724478254,-0.00616839724478254,FORCE_BUY,1460954.8668642861,0.9862,-0.5,-0.5
2013-11-18,0.22785617081668996,0.22,0.245,FREE,-0.013570473938521704,-0.013570473938521704,0.0,-0.013570473938521704,FORCE_SELL,1460954.8668642861,0.9595,-0.5,-0.5
2013-11-19,0.2254341841750704,0.22,0.245,FREE,-0.03938640132669989,-0.03938640132669989,-0.03938640132669989,-0.03938640132669989,FORCE_BUY,1403413.112157774,0.9268,-0.5,-0.5
2013-11-20,0.225023332024022,0.22,0.245,FREE,-0.003012372243141517,-0.01861215707369553,-0.01861215707369553,-0.01861215707369553,FORCE_BUY,1399185.509453049,0.9267,-0.5,-0.5
2013-11-21,0.22971410288783398,0.22,0.245,FREE,0.004590984974958169,0.004590984974958169,0.0,0.004590984974958169,FORCE_BUY,1405609.149104127,0.9628,-0.5,-0.5
2013-11-22,0.22988901075181853,0.22,0.245,FREE,0.005431944009192498,0.004909641700616331,0.004909641700616331,0.004909641700616331,FORCE_BUY,1413244.3393008693,0.9625,-0.5,-0.5
2013-11-25,0.23458102969898179,0.22,0.245,FREE,-0.002910602910602836,-0.002836648939575558,0.0,-0.002836648939575558,FORCE_SELL,1413244.3393008693,0.9592,-0.5,-0.5
2013-11-26,0.23429754366798825,0.22,0.245,FREE,0.009750590167299587,-0.00033751394409222904,-0.005747716309144973,-0.00033751394409222904,FORCE_BUY,1427024.3056596483,0.9838,-0.5,-0.5
2013-11-27,0.2409291086472769,0.22,0.245,FREE,0.0,0.0,0.0,0.0,FORCE_BUY,1427024.3056596483,0.9975,-0.5,-0.5
2013-11-29,0.23757529373484362,0.22,0.245,FREE,-0.0033006601320262684,-0.0033006601320262684,0.0,-0.0033006601320262684,FORCE_SELL,1427024.3056596483,0.9965,-0.5,-0.5
2013-12-02,0.22689252184249986,0.22,0.245,FREE,-0.012732517656421046,-0.007596158568690588,-0.0005968367651449104,-0.007596158568690588,FORCE_SELL,1426172.6050892752,0.9925,-0.5,-0.5
2013-12-03,0.22472977957840168,0.22,0.245,FREE,0.01706449974606402,0.017751142712036694,0.021838496698831977,0.017751142712036694,FORCE_SELL,1457318.070817482,1.0013,-0.5,-0.5
2013-12-04,0.22446864904674382,0.22,0.245,FREE,0.0017201254679754736,0.006273398765557152,0.0,0.006273398765557152,FREE,1466460.4082039725,0.99,-0.5,-0.5
2013-12-05,0.22997333165916722,0.22,0.245,FREE,0.007287449392712416,0.011639676113360267,0.0,0.011639676113360267,FREE,1483529.532388533,0.9952,-0.5,-0.5
2013-12-06,0.24105286543755758,0.22,0.245,FREE,0.0,0.0,0.0,0.0,FORCE_BUY,1483529.532388533,1.0295,-0.5,-0.5
2013-12-09,0.23530617040831206,0.22,0.245,FREE,-0.003362151777137232,0.005505419019429776,0.0,0.005505419019429776,FREE,1491696.9840920304,1.0375,-0.5,-0.5
2013-12-10,0.22892260693160485,0.22,0.245,FREE,-0.0006769825918761828,0.013245775737173181,0.006479690522243686,0.013245775737173181,FREE,1511455.6678111309,1.0333,-0.5,-0.5
2013-12-11,0.22681995122709706,0.22,0.245,FREE,-0.03225181598062955,-0.025129037393637137,-0.005811138014527913,-0.025129037393637137,FORCE_SELL,1502672.3903226398,0.9992,-0.5,-0.5
2013-12-12,0.223740410524874,0.22,0.245,FREE,-0.02873505475735962,-0.021339129057837573,-0.01617602732844368,-0.021339129057837573,FORCE_SELL,1478365.120671083,0.9667,-0.5,-0.5
2013-12-13,0.22945634493806788,0.22,0.245,FREE,-0.015559849486423263,0.005439909341970355,0.003050950879690923,0.005439909341970355,FREE,1486407.2929018647,0.968,-0.5,-0.5
2013-12-16,0.23242528677873878,0.22,0.245,FREE,0.024102511949557523,0.024102511949557523,0.024102511949557523,0.024102511949557523,FORCE_BUY,1522233.4424409412,1.007,-0.5,-0.5
2013-12-17,0.23357053417329612,0.22,0.245,FREE,0.031082423038729014,0.010962291165532592,0.012909632571996192,0.010962291165532592,FORCE_BUY,1569548.1462625912,1.0383,-0.5,-0.5
2013-12-18,0.2297798635649848,0.22,0.245,FREE,0.0190531177829099,-0.025981524249422527,-0.025981524249422527,-0.025981524249422527,FORCE_BUY,1599452.9319592803,1.059,-0.5,-0.5
2013-12-19,0.23601799895061384,0.22,0.245,FREE,-0.004975124378109377,-0.004975124378109377,0.0,-0.004975124378109377,FORCE_SELL,1599452.9319592803,1.04,-0.5,-0.5
2013-12-20,0.23582788085110162,0.22,0.245,FREE,0.0,0.0,0.0,0.0,FORCE_BUY,1599452.9319592803,1.0665,-0.5,-0.5
2013-12-23,0.24751538314819785,0.22,0.245,FORCE_SELL,0.0,0.0,0.0,0.0,FORCE_BUY,1599452.9319592803,1.093,-0.5,-0.5
2013-12-24,0.24557468476482577,0.22,0.245,FORCE_SELL,0.0,0.0,0.0,0.0,FORCE_BUY,1599452.9319592803,1.106,-0.5,-0.5
2013-12-26,0.2518962091300871,0.22,0.245,FORCE_SELL,0.0,0.0,0.0,0.0,FORCE_BUY,1599452.9319592803,1.1162,-0.5,-0.5
2013-12-27,0.24451418207667786,0.22,0.245,FREE,0.0,0.0,0.0,0.0,FORCE_BUY,1599452.9319592803,1.1132,-0.5,-0.5
2013-12-30,0.2503485273472592,0.22,0.245,FORCE_SELL,0.0,0.0,0.0,0.0,FORCE_BUY,1599452.9319592803,1.1217,-0.5,-0.5
2013-12-31,0.24866909957463826,0.22,0.245,FORCE_SELL,0.0,0.0,0.0,0.0,FORCE_BUY,1599452.9319592803,1.1515,-0.5,-0.5
2014-01-02,0.22940504241287327,0.22,0.245,FREE,0.010828668440855206,0.008626227402037202,0.0,0.008626227402037202,FORCE_BUY,1616772.877446221,1.1015,-0.5,-0.5
2014-01-03,0.22877549098060465,0.22,0.245,FREE,0.002197198571820912,0.001446704511011723,0.0,0.001446704511011723,FORCE_BUY,1620325.2485035048,1.0947,-0.5,-0.5
2014-01-06,0.23146052059029676,0.22,0.245,FREE,-0.004910590197349916,0.0022236634855926987,0.0,0.0022236634855926987,FREE,1623928.306593386,1.074,-0.5,-0.5
2014-01-07,0.22744492690113968,0.22,0.245,FREE,0.0,0.0,0.0,0.0,FORCE_BUY,1623928.306593386,1.099,-0.5,-0.5
2014-01-08,0.22891639094202385,0.22,0.245,FREE,0.00843437005798622,0.009837605101610506,0.0,0.009837605101610506,FREE,1639903.8719869787,1.1478,-0.5,-0.5
2014-01-09,0.23241569719775326,0.22,0.245,FREE,-0.009785770960063644,-0.0056547511868631686,0.0,-0.0056547511868631686,FORCE_SELL,1639903.8719869787,1.1232,-0.5,-0.5
2014-01-10,0.23086870048443076,0.22,0.245,FREE,0.01201816077628426,0.007834060357874305,0.007834060357874305,0.007834060357874305,FORCE_BUY,1659612.5003781694,1.1368,-0.5,-0.5
2014-01-13,0.22932909322169293,0.22,0.245,FREE,-0.03324514991181645,-0.03324514991181645,0.0,-0.03324514991181645,FORCE_SELL,1659612.5003781694,1.0963,-0.5,2.2499999999999996
2014-01-14,0.22992636042770018,0.22,0.245,FREE,0.0639244529192772,0.02033959865613369,0.02033959865613369,0.02033959865613369,FORCE_BUY,1765702.3215228377,1.1717,-0.5,2.2499999999999996
2014-01-15,0.22718795873544625,0.22,0.245,FREE,0.0,0.0,0.0,0.0,FORCE_BUY,1765702.3215228377,1.1935,-0.5,2.2499999999999996
2014-01-16,0.22929046429021907,0.22,0.245,FREE,0.0,0.0,0.0,0.0,FORCE_BUY,1765702.3215228377,1.137,-0.5,2.2499999999999996
2014-01-17,0.23187810916929,0.22,0.245,FREE,0.0,0.0,0.0,0.0,FORCE_BUY,1765702.3215228377,1.161,-0.5,2.2499999999999996
2014-01-21,0.22567465670967282,0.22,0.245,FREE,0.0,0.0,0.0,0.0,FORCE_BUY,1765702.3215228377,1.1998,-0.5,2.2499999999999996
2014-01-22,0.2239162053202324,0.22,0.245,FREE,0.0,0.0,0.0,0.0,FORCE_BUY,1765702.3215228377,1.2243,-0.5,2.2499999999999996
2014-01-23,0.22785207139587604,0.22,0.245,FREE,-0.017392027960389463,-0.008702354987084859,0.0,-0.008702354987084859,FORCE_SELL,1765702.3215228377,1.1808,-0.5,2.2499999999999996
2014-01-24,0.22249074852897407,0.22,0.245,FREE,-0.038461538461538346,-0.038461538461538346,-0.038461538461538346,-0.038461538461538346,FORCE_BUY,1697790.6937719595,1.1,-0.5,2.2499999999999996
2014-01-27,0.2262054788450105,0.22,0.245,FREE,-0.034554878603255235,-0.044518927036395116,-0.023370010002727846,-0.044518927036395116,FORCE_SELL,1658113.3082759706,1.0617,-0.5,-0.5
2014-01-28,0.22707227550573547,0.05,0.15,FORCE_SELL,0.04260465116279072,0.03255813953488378,0.03255813953488378,0.03255813953488378,FORCE_BUY,1728756.6473634492,1.1208,-0.5,2.3999999999999995
2014-01-29,0.22712882051746916,0.05,0.15,FORCE_SELL,0.0,0.0,0.0,0.0,FORCE_BUY,1728756.6473634492,1.0792,-0.5,2.0999999999999996
2014-01-30,0.22184285457136413,0.05,0.15,FORCE_SELL,0.0,0.0,0.0,0.0,FORCE_BUY,1728756.6473634492,1.1183,-0.5,-0.5
2014-01-31,0.22094455147462247,0.05,0.15,FORCE_SELL,0.0,0.0,0.0,0.0,FORCE_BUY,1728756.6473634492,1.0985,-0.5,-0.5
2014-02-03,0.22040695763755203,0.05,0.15,FORCE_SELL,0.0006804043545880434,0.0006804043545880434,0.0,0.0,FORCE_BUY,1729932.9009143384,1.0295,-0.5,-0.5
2014-02-04,0.22406438200546072,0.05,0.15,FORCE_SELL,0.010622602537621734,0.010622602537621734,0.0,0.0,FORCE_BUY,1748309.2905375063,1.0275,-0.5,-0.5
2014-02-05,0.22204345444201234,0.05,0.15,FORCE_SELL,0.006305781916957828,0.006305781916957828,0.0,0.0,FORCE_BUY,1759333.7476470273,1.0373,-0.5,-0.5
2014-02-06,0.22709507042977947,0.23,0.255,FORCE_BUY,0.0,0.0,0.0,0.0,FORCE_BUY,1759333.7476470273,1.0867,-0.5,-0.5
2014-02-07,0.22445297659778204,0.23,0.255,FORCE_BUY,0.03989046097672318,0.007028753993610291,0.0,0.03989046097672318,FORCE_BUY,1829514.3818525732,1.1392,-0.5,-0.5
2014-02-10,0.21751525457646825,0.23,0.255,FORCE_BUY,0.02154905943654509,0.00971473990991782,0.00971473990991782,0.02154905943654509,FORCE_BUY,1868938.6960071283,1.1567,-0.5,-0.5
2014-02-11,0.21544764374436168,0.23,0.255,FORCE_BUY,0.021783526208305017,-0.010976855003403627,-0.010976855003403627,0.021783526208305017,FORCE_BUY,1909650.771073315,1.2008,-0.5,-0.5
2014-02-12,0.2086224023965871,0.23,0.255,FORCE_BUY,0.012713254593175754,0.0012303149606297532,0.0012303149606297532,0.012713254593175754,FORCE_BUY,1933928.6475100247,1.2347,-0.5,-0.5
2014-02-13,0.21604311479333274,0.23,0.255,FORCE_BUY,0.06999161777032677,0.037049455155071236,0.037049455155071236,0.06999161777032677,FORCE_BUY,2069287.4422016314,1.2765,-0.5,-0.5
2014-02-14,0.20959181403165525,0.23,0.255,FORCE_BUY,0.01673443853612766,0.01673443853612766,0.01673443853612766,0.01673443853612766,FORCE_BUY,2103915.8057167353,1.3002,-0.5,-0.5
2014-02-18,0.20610872129853583,0.23,0.255,FORCE_BUY,-0.0025114155251141986,0.010809176567424644,0.0028158295281583523,-0.0025114155251141986,FREE,2126657.403143723,1.3107,-0.5,-0.5
2014-02-19,0.2023892188222676,0.23,0.255,FORCE_BUY,0.0019154152620289632,0.012446236606154846,0.007508427827152986,0.0019154152620289632,FREE,2153126.2843634808,1.3077,-0.5,-0.5
2014-02-20,0.20323271964395864,0.23,0.255,FORCE_BUY,0.018316416087918785,0.018316416087918785,0.018316416087918785,0.018316416087918785,FORCE_BUY,2192563.8412777167,1.3343,-0.5,-0.5
2014-02-21,0.20515823409079384,0.23,0.255,FORCE_BUY,-0.019124869772287653,-0.019124869772287653,-0.019124869772287653,-0.019124869772287653,FORCE_BUY,2150631.3433458535,1.3181,-0.5,-0.5
2014-02-24,0.21596766519069555,0.23,0.255,FORCE_BUY,-0.0031401869158878557,-0.0001783070600589473,0.0031401869158878557,-0.0031401869158878557,FORCE_SELL,2157384.7277511265,1.3333,-0.5,-0.5
2014-02-25,0.22282168864635318,0.23,0.255,FORCE_BUY,-0.010841740701701491,-0.010841740701701491,-0.010841740701701491,-0.010841740701701491,FORCE_BUY,2133994.9219390377,1.3138,-0.5,-0.5
2014-02-26,0.20833300196017415,0.23,0.37,FORCE_BUY,0.012550086943373279,0.009732854209198834,0.023436909352082813,0.012550086943373279,FORCE_SELL,2184009.1674823277,1.3393,-0.5,-0.5
2014-02-27,0.21664231026511116,0.23,0.37,FORCE_BUY,0.0063001575039376085,0.026029965512284713,0.008925223130578188,0.0063001575039376085,FREE,2240858.850790406,1.3417,-0.5,-0.5
2014-02-28,0.216519418504337,0.23,0.255,FORCE_BUY,-0.0031401869158878557,0.020045669051605913,0.00800000000000002,-0.0031401869158878557,FREE,2285778.365704713,1.3333,-0.5,-0.5
2014-03-03,0.21634108163382373,0.23,0.255,FORCE_BUY,0.013915732508697253,0.013915732508697253,0.013915732508697253,0.013915732508697253,FORCE_BUY,2317586.646016027,1.3115,-0.5,-0.5
2014-03-04,0.21180837962726182,0.23,0.255,FORCE_BUY,0.012976539589442664,-0.008649468568436387,-0.012243401759531007,0.012976539589442664,FORCE_BUY,2347660.9008800173,1.3817,-0.5,-0.5
2014-03-05,0.21828274308618512,0.23,0.255,FORCE_BUY,0.006306632837984994,0.006596592968466934,0.006596592968466934,0.006306632837984994,FREE,2363147.464271107,1.3882,-0.5,-0.5
2014-03-06,0.20440833616664322,0.23,0.255,FORCE_BUY,0.0,0.0017857142857144305,0.0017857142857144305,0.0,FREE,2367367.370457306,1.4,-0.5,-0.5
2014-03-07,0.20986684938908673,0.23,0.255,FORCE_BUY,-0.021465171028943318,-0.0076166735909153505,-0.0076166735909153505,-0.021465171028943318,FREE,2349335.905926749,1.4132,-0.5,-0.5
2014-03-10,0.22470421542853736,0.23,0.255,FORCE_BUY,0.001783548548191497,0.002211600199757472,0.002211600199757472,0.001783548548191497,FREE,2354531.6976855937,1.4042,-0.5,-0.5
2014-03-11,0.21364928114145232,0.23,0.255,FORCE_BUY,-0.032435481596389586,-0.0175253345596367,-0.0010576787477082185,-0.032435481596389586,FORCE_SELL,2352041.3595481464,1.3722,-0.5,-0.5
2014-03-12,0.22178066235219238,0.23,0.255,FORCE_BUY,0.03431408337592182,0.03380302255968459,0.03380302255968459,0.03431408337592182,FORCE_BUY,2432749.502863298,1.4167,-0.5,-0.5
2014-03-13,0.2170732580631439,0.23,0.255,FORCE_BUY,-0.0599986030593001,-0.04543118009622385,0.0011175525598938825,-0.0599986030593001,FORCE_SELL,2435468.2282978036,1.3458,-0.5,-0.5
2014-03-14,0.2144982248685853,0.23,0.255,FORCE_BUY,-0.006600165004125127,0.004379517382671292,0.00855021375534386,-0.006600165004125127,FORCE_SELL,2456292.0022440986,1.3245,-0.5,-0.5
2014-03-17,0.20839193149082294,0.05,0.15,FORCE_SELL,0.010392865040171135,0.021464142612722656,0.014962777327338464,0.014962777327338464,FREE,2509014.204078756,1.3708,-0.5,-0.5
2014-03-18,0.20851233845573558,0.05,0.15,FORCE_SELL,0.0009089637812894219,0.0009089637812894219,0.0,0.0,FORCE_BUY,2511294.807117004,1.4315,-0.5,-0.5
2014-03-19,0.19946749993789004,0.05,0.15,FORCE_SELL,0.0,0.0,0.0,0.0,FORCE_BUY,2511294.807117004,1.4273,-0.5,-0.5
2014-03-20,0.20388561510235284,0.05,0.15,FORCE_SELL,0.0,0.0,0.0,0.0,FORCE_BUY,2511294.807117004,1.5067,-0.5,-0.5
2014-03-21,0.20132026155655544,0.05,0.15,FORCE_SELL,-0.02035368702035366,-0.02035368702035366,0.0,0.0,FORCE_SELL,2511294.807117004,1.468,-0.5,-0.5
2014-03-24,0.21775252468678774,0.05,0.15,FORCE_SELL,-0.0058287046561064275,-0.011863128300075342,0.0,0.0,FORCE_SELL,2511294.807117004,1.4498,-0.5,-0.5
2014-03-25,0.21840812547720553,0.05,0.15,FORCE_SELL,0.0003379977016155372,0.0003379977016155372,0.0,0.0,FORCE_BUY,2512143.6189898886,1.4798,-0.5,-0.5
2014-03-26,0.21272344219659645,0.05,0.15,FORCE_SELL,-0.04054416298083363,-0.012608871363957622,0.0,0.0,FORCE_SELL,2512143.6189898886,1.4317,-0.5,-0.5
2014-03-27,0.2275151660341791,0.05,0.15,FORCE_SELL,-0.022149245388485287,-0.022149245388485287,0.0,0.0,FORCE_SELL,2512143.6189898886,1.3995,-0.5,-0.5
2014-03-28,0.2163587679190313,0.05,0.15,FORCE_SELL,0.0,0.0,0.0,0.0,FORCE_BUY,2512143.6189898886,1.4297,-0.5,-0.5
2014-03-31,0.21126592930504995,0.05,0.15,FORCE_SELL,0.0,0.0,0.0,0.0,FORCE_BUY,2512143.6189898886,1.4942,-0.5,-0.5
2014-04-01,0.20385858257580566,0.05,0.15,FORCE_SELL,0.0,0.0,0.0,0.0,FORCE_BUY,2512143.6189898886,1.5685,-0.5,-0.5
2014-04-02,0.20732314727083234,0.05,0.15,FORCE_SELL,0.015414634146341455,0.006504065040650521,0.0,0.0,FORCE_BUY,2550867.393799684,1.5612,-0.5,-0.5
2014-04-03,0.2124384642079077,0.05,0.15,FORCE_SELL,-0.011037527593818965,-0.011037527593818965,0.0,0.0,FORCE_SELL,2550867.393799684,1.568,-0.5,-0.5
2014-04-04,0.23785382616709452,0.05,0.15,FORCE_SELL,-0.07699228791773796,-0.04110926518820616,0.0,0.0,FORCE_SELL,2550867.393799684,1.4362,-0.5,2.499999999999999
2014-04-07,0.2280881607088451,0.05,0.15,FORCE_SELL,-0.018913366862647805,0.014564288763258281,0.0,0.0,FREE,2588018.9631197625,1.385,-0.5,-0.5
2014-04-08,0.22061785861151814,0.05,0.15,FORCE_SELL,0.0027685492801773257,0.0013842746400886629,0.0,0.0,FORCE_BUY,2595184.0211571925,1.4488,-0.5,-0.5
2014-04-09,0.21599135596433702,0.05,0.15,FORCE_SELL,0.0,0.0,0.0,0.0,FORCE_BUY,2595184.0211571925,1.4973,-0.5,-0.5
2014-04-10,0.23178384454512146,0.05,0.15,FORCE_SELL,-0.0654630650496141,-0.054235365027774006,0.0,0.0,FORCE_SELL,2595184.0211571925,1.3562,-0.5,-0.5
2014-04-11,0.2355158006516389,0.05,0.15,FORCE_SELL,-0.02097690268837563,-0.018780764861794787,0.0,0.0,FORCE_SELL,2595184.0211571925,1.2928,-0.5,-0.5
2014-04-14,0.23042709715032839,0.05,0.15,FORCE_SELL,-0.011282970933273583,-0.00686671331585416,0.0,0.0,FORCE_SELL,2595184.0211571925,1.3232,-0.5,1.4999999999999996
2014-04-15,0.2290548013557987,0.05,0.15,FORCE_SELL,0.024814084079526354,0.020434334875886632,0.0,0.0,FORCE_BUY,2659581.1356600304,1.3505,-0.5,-0.5
2014-04-16,0.2350069603998994,0.05,0.15,FORCE_SELL,0.0300728807057919,0.017895527702837012,0.0,0.0,FORCE_BUY,2739562.401880109,1.3427,-0.5,-0.5
2014-04-17,0.23187724951193078,0.05,0.15,FORCE_SELL,-0.0018273826258084738,-0.0018273826258084738,0.0,0.0,FORCE_SELL,2739562.401880109,1.4202,-0.5,-0.5
2014-04-21,0.22035356054534216,0.05,0.15,FORCE_SELL,0.0,0.0,0.0,0.0,FORCE_BUY,2739562.401880109,1.4577,-0.5,-0.5
2014-04-22,0.20252194586462466,0.05,0.15,FORCE_SELL,0.0,0.0,0.0,0.0,FORCE_BUY,2739562.401880109,1.4982,-0.5,-0.5
2014-04-23,0.2124879039993456,0.05,0.15,FORCE_SELL,0.0,0.0,0.0,0.0,FORCE_BUY,2739562.401880109,1.5092,-0.5,-0.5
2014-04-24,0.20896150488819978,0.05,0.15,FORCE_SELL,0.0,0.0,0.0,0.0,FORCE_BUY,2739562.401880109,1.5332,-0.5,-0.5
2014-04-25,0.23886950051218583,0.05,0.15,FORCE_SELL,-0.05296273248980165,-0.05296273248980165,0.0,0.0,FORCE_SELL,2739562.401880109,1.3697,-0.5,-0.5
2014-04-28,0.23235354515523174,0.05,0.15,FORCE_SELL,-0.025014501160092774,-0.05017401392111367,0.0,0.0,FORCE_SELL,2739562.401880109,1.3447,-0.5,-0.5
2014-04-29,0.2233933338962654,0.05,0.15,FORCE_SELL,0.015953105290494974,0.01868238508435767,0.0,0.0,FREE,2790743.961634661,1.3692,-0.5,-0.5
2014-04-30,0.21754070707536602,0.05,0.15,FORCE_SELL,0.008852821836960468,0.031032288494062008,0.0,0.0,FREE,2877347.133365169,1.3675,-0.5,-0.5
2014-05-01,0.2328429944288429,0.05,0.15,FORCE_SELL,-0.005393743257820951,0.016396979503775597,0.0,0.0,FREE,2924526.935336205,1.383,-0.5,-0.5
2014-05-02,0.22991653231920114,0.05,0.15,FORCE_SELL,0.0,0.0,0.0,0.0,FORCE_BUY,2924526.935336205,1.3913,-0.5,-0.5
2014-05-05,0.22665805236373146,0.05,0.15,FORCE_SELL,0.028848984397998125,0.03515355625535377,0.0,0.0,FREE,3027334.457477844,1.398,-0.5,-0.5
2014-05-06,0.23504597820705467,0.05,0.23,FORCE_SELL,-0.007544187383244677,0.011917371513482492,0.0,0.0,FREE,3063412.3269031746,1.3813,-0.5,-0.5
2014-05-07,0.23108085997732777,0.05,0.23,FORCE_SELL,0.0034802784222737683,0.01947045358282806,0.0,0.0,FREE,3123058.3544192063,1.384,-0.5,-0.5
2014-05-08,0.24072113416523408,0.05,0.23,FORCE_SELL,0.0,0.0,0.0,0.0,FORCE_BUY,3123058.3544192063,1.4123,-0.5,-0.5
2014-05-09,0.22352048242089437,0.05,0.23,FREE,0.01507246376811613,0.03423859699340798,0.0,0.03423859699340798,FREE,3229987.4908030615,1.4008,-0.5,-0.5
2014-05-12,0.22029878727086874,0.05,0.23,FREE,0.0,0.0,0.0,0.0,FORCE_BUY,3229987.4908030615,1.4767,-0.5,-0.5
2014-05-13,0.2341361979646374,0.05,0.23,FORCE_SELL,0.0,0.0,0.0,0.0,FORCE_BUY,3229987.4908030615,1.444,-0.5,-0.5
2014-05-14,0.2346362110782597,0.05,0.23,FORCE_SELL,-0.006214689265536603,-0.006214689265536603,0.0,0.0,FORCE_SELL,3229987.4908030615,1.4072,-0.5,-0.5
2014-05-15,0.2353341095431655,0.05,0.23,FORCE_SELL,-0.026666666666666825,-0.03548387096774214,0.0,0.0,FORCE_SELL,3229987.4908030615,1.3578,-0.5,-0.5
2014-05-16,0.22425932482936917,0.05,0.23,FREE,0.0,0.0,0.0,0.0,FORCE_BUY,3229987.4908030615,1.398,-0.5,-0.5
2014-05-19,0.22647280489040666,0.05,0.23,FREE,0.0,0.0,0.0,0.0,FORCE_BUY,3229987.4908030615,1.4428,-0.5,-0.5
2014-05-20,0.2295153110609315,0.05,0.23,FREE,-0.0018944709514453577,-0.0022198170226836664,0.0,-0.0022198170226836664,FORCE_SELL,3229987.4908030615,1.4225,-0.5,-0.5
2014-05-21,0.2261549779058772,0.05,0.23,FREE,0.005574912891986075,0.005574912891986075,0.0,0.005574912891986075,FORCE_BUY,3247994.389706493,1.443,-0.5,-0.5
2014-05-22,0.22495432487941658,0.05,0.23,FREE,0.007846916299559413,-0.0024421354560340332,0.0010324889867840172,-0.0024421354560340332,FORCE_BUY,3273481.129823958,1.4642,-0.5,-0.5
2014-05-23,0.22412919123542374,0.05,0.23,FREE,0.02782335247470609,0.015919610938154947,0.013604047033087105,0.015919610938154947,FORCE_BUY,3364560.349118349,1.5035,-0.5,-0.5
2014-05-27,0.20510003508991584,0.05,0.23,FREE,0.0,0.0,0.0,0.0,FORCE_BUY,3364560.349118349,1.5585,-0.5,-0.5
2014-05-28,0.22240800277756692,0.05,0.23,FREE,0.0,0.0,0.0,0.0,FORCE_BUY,3364560.349118349,1.566,-0.5,-0.5
2014-05-29,0.22157929380747166,0.05,0.23,FREE,0.0,0.0,0.0,0.0,FORCE_BUY,3364560.349118349,1.5757,-0.5,-0.5
2014-05-30,0.22071276409294097,0.05,0.23,FREE,-0.03313790466479727,0.008029569207239382,0.0,0.008029569207239382,FREE,3391576.3192935283,1.5172,-0.5,-0.5
2014-06-02,0.2200732132997859,0.05,0.23,FREE,0.0,0.0,0.0,0.0,FORCE_BUY,3391576.3192935283,1.6078,-0.5,-0.5
2014-06-03,0.2200403269353638,0.05,0.23,FREE,0.010932632993342723,0.01701451962800598,0.0,0.01701451962800598,FREE,3449282.3611480286,1.6552,-0.5,-0.5
2014-06-04,0.21914709902527793,0.05,0.23,FREE,0.01843065693430669,0.008211678832117028,0.0,0.008211678832117028,FORCE_BUY,3512854.9010159033,1.6743,-0.5,-0.5
2014-06-05,0.2191030421097607,0.05,0.23,FREE,0.0,0.0,0.0,0.0,FORCE_BUY,3512854.9010159033,1.7022,-0.5,-0.5
2014-06-06,0.21711288569115436,0.05,0.23,FREE,0.0,0.0,0.0,0.0,FORCE_BUY,3512854.9010159033,1.7272,-0.5,-0.5
2014-06-09,0.21792632865810882,0.05,0.23,FREE,0.0,0.0,0.0,0.0,FORCE_BUY,3512854.9010159033,1.7365,-0.5,-0.5
2014-06-10,0.2168586660942319,0.05,0.23,FREE,0.0,0.0,0.0,0.0,FORCE_BUY,3512854.9010159033,1.7567,-0.5,-0.5
2014-06-11,0.2170721029736726,0.05,0.23,FREE,0.0,0.0,0.0,0.0,FORCE_BUY,3512854.9010159033,1.7793,-0.5,-0.5
2014-06-12,0.22084661902584993,0.05,0.23,FREE,0.007912733849545094,0.004328440233155866,0.0,0.004328440233155866,FORCE_BUY,3540651.1868997123,1.7833,-0.5,-0.5
2014-06-13,0.21578863751683983,0.05,0.23,FREE,0.01604758164066877,0.01604758164066877,0.0,0.01604758164066877,FORCE_BUY,3597470.075882616,1.8108,-0.5,2.2499999999999996
2014-06-16,0.21611141428955363,0.05,0.23,FREE,0.015692104393789146,0.012022423871218239,0.007598282127518922,0.012022423871218239,FORCE_BUY,3653921.9518668987,1.8447,-0.5,-0.5
2014-06-17,0.21368510715548428,0.05,0.23,FREE,0.0,0.0,0.0,0.0,FORCE_BUY,3653921.9518668987,1.8862,-0.5,-0.5
2014-06-18,0.2172757954370297,0.05,0.23,FREE,0.01553133514986381,0.009809264305177106,0.0,0.009809264305177106,FORCE_BUY,3710672.2383127883,1.8635,-0.5,-0.5
2014-06-19,0.21804438744945587,0.05,0.23,FREE,0.0054647765393355694,0.00038335571671719996,0.0,0.00038335571671719996,FORCE_BUY,3730950.2329058843,1.8583,-0.5,-0.5
2014-06-20,0.21683052080649803,0.05,0.23,FREE,0.010455764075067105,0.010455764075067105,0.0,0.010455764075067105,FORCE_BUY,3769960.168316965,1.8845,-0.5,-0.5
2014-06-23,0.21763630527785757,0.05,0.23,FREE,0.0,0.0,0.0,0.0,FORCE_BUY,3769960.168316965,1.8642,-0.5,-0.5
2014-06-24,0.220572661689342,0.05,0.23,FREE,0.008409405255878247,0.008409405255878247,0.0,0.008409405255878247,FORCE_BUY,3801663.2911708616,1.8227,-0.5,-0.5
2014-06-25,0.216873821069712,0.05,0.23,FREE,0.013659237958303334,0.021843720621578456,0.021843720621578456,0.021843720621578456,FREE,3884705.7620005086,1.833,-0.5,-0.5
2014-06-26,0.21823714482783765,0.05,0.23,FREE,-0.006554511688879311,-0.016932488529604554,-0.016932488529604554,-0.016932488529604554,FORCE_BUY,3859243.4126756196,1.8188,-0.5,-0.5
2014-06-27,0.21452800831743324,0.05,0.23,FREE,0.0,0.0,0.0,0.0,FORCE_BUY,3859243.4126756196,1.8275,-0.5,0.8499999999999996
2014-06-30,0.21707949911572952,0.05,0.23,FREE,0.0,0.0,0.0,0.0,FORCE_BUY,3859243.4126756196,1.8847,-0.5,0.8499999999999996
2014-07-01,0.21717812507011405,0.05,0.23,FREE,0.0,0.0,0.0,0.0,FORCE_BUY,3859243.4126756196,1.9623,-0.5,0.8499999999999996
2014-07-02,0.21081549459230817,0.05,0.23,FREE,0.0,0.0,0.0,0.0,FORCE_BUY,3859243.4126756196,1.9743,-0.5,0.8499999999999996
2014-07-03,0.20817277146820445,0.05,0.23,FREE,0.0,0.0,0.0,0.0,FORCE_BUY,3859243.4126756196,2.017,-0.5,0.8499999999999996
2014-07-07,0.21398355555666274,0.05,0.23,FREE,-0.020922161626177327,-0.010787603120582755,-0.01279127416955863,-0.010787603120582755,FREE,3817611.4263939513,1.9748,-0.5,0.8499999999999996
2014-07-08,0.21379185135363157,0.05,0.23,FREE,-0.013091130505378619,-0.021629635504611062,-0.023239293687842534,-0.021629635504611062,FORCE_BUY,3767634.5769922035,1.945,-0.5,0.8499999999999996
2014-07-09,0.2108314101804273,0.05,0.23,FREE,0.009946442234124091,0.00251382553795541,-0.004998724815098069,0.00251382553795541,FORCE_BUY,3805109.1366715445,1.98,-0.5,-0.5
2014-07-10,0.2136982835155583,0.05,0.23,FREE,0.008793255056121569,0.00010345005948371789,0.0,0.00010345005948371789,FORCE_BUY,3838568.4318266762,1.9503,-0.5,-0.5
2014-07-11,0.21142264395794785,0.05,0.23,FREE,0.011228978007761905,0.013158037742217632,0.0,0.013158037742217632,FREE,3889076.4601287367,1.9542,-0.5,-0.5
2014-07-14,0.2116301502089315,0.05,0.23,FREE,0.005883247958614419,0.0006593295126032948,0.0,0.0006593295126032948,FORCE_BUY,3911956.8612736845,1.9833,-0.5,-0.5
2014-07-15,0.2135281100697811,0.05,0.23,FREE,0.010643741684576815,0.009046543140317507,0.0,0.009046543140317507,FORCE_BUY,3953594.7195862895,1.975,-0.5,-0.5
2014-07-16,0.209878837532485,0.05,0.23,FREE,0.0,0.0,0.0,0.0,FORCE_BUY,3953594.7195862895,2.0167,-0.5,-0.5
2014-07-17,0.21414158513467899,0.05,0.23,FREE,-0.004986208359855751,-0.004986208359855751,0.0,-0.004986208359855751,FORCE_SELL,3953594.7195862895,1.8758,-0.5,-0.5
2014-07-18,0.21097738823082368,0.05,0.23,FREE,0.025947368421052733,0.027898653015364403,0.012000000000000103,0.027898653015364403,FREE,4063894.6868314045,1.9493,-0.5,-0.5
2014-07-21,0.209814980671042,0.05,0.23,FREE,0.008259798891853163,0.006706643434459511,-0.00020521239482860124,0.006706643434459511,FORCE_BUY,4097461.639662302,1.9653,-0.5,-0.5
2014-07-22,0.20903335832720074,0.05,0.23,FREE,0.005016302984700105,0.007424128417356303,0.0,0.007424128417356303,FREE,4127881.721060347,2.0035,-0.5,-0.5
2014-07-23,0.21785381997253253,0.05,0.23,FREE,-0.014475784992016918,-0.014475784992016918,0.0,-0.014475784992016918,FORCE_SELL,4127881.721060347,1.8518,-0.5,-0.5
2014-07-24,0.21461855079985112,0.05,0.23,FREE,-0.02719227674979875,-0.02719227674979875,-0.02719227674979875,-0.02719227674979875,FORCE_BUY,4015635.2189108385,1.8138,-0.5,-0.5
2014-07-25,0.21735959061827956,0.05,0.23,FREE,-0.03635753439982107,-0.03786917433540123,-0.038762725137040044,-0.03786917433540123,FORCE_BUY,3869636.6233021547,1.7228,-0.5,-0.5
2014-07-28,0.21497275670535057,0.05,0.23,FREE,-0.005839416058394241,-0.010802919708029187,-0.010802919708029187,-0.010802919708029187,FORCE_BUY,3847040.205063894,1.7025,-0.5,-0.5
2014-07-29,0.2165594864322883,0.05,0.23,FREE,-0.0017112173246002652,-0.0017112173246002652,0.0,-0.0017112173246002652,FORCE_SELL,3847040.205063894,1.6918,-0.5,-0.5
2014-07-30,0.2146139506255346,0.05,0.23,FREE,0.012124376377769948,0.012124376377769948,0.012124376377769948,0.012124376377769948,FORCE_BUY,3893683.1684505017,1.7447,-0.5,-0.5
2014-07-31,0.21748353083983205,0.05,0.23,FREE,-0.021404919583727526,-0.019620464659554842,-0.02542573320719004,-0.019620464659554842,FREE,3817287.2954484154,1.655,-0.5,-0.5
2014-08-01,0.21697246763200018,0.05,0.23,FREE,0.025731428217974875,0.0343475654328086,0.03606111214201763,0.0343475654328086,FORCE_SELL,3954942.92068788,1.6583,-0.5,-0.5
2014-08-04,0.21646167014598086,0.05,0.23,FREE,0.0,0.0,0.0,0.0,FORCE_BUY,3954942.92068788,1.6713,-0.5,-0.5
2014-08-05,0.21856232070049345,0.05,0.23,FREE,-0.007224637237494539,0.025884720883153467,0.0,0.025884720883153467,FREE,4057315.514298689,1.6215,-0.5,-0.5
2014-08-06,0.2167898300957302,0.05,0.23,FREE,0.02442078897933618,0.02442078897933618,0.02442078897933618,0.02442078897933618,FORCE_BUY,4156398.3602959644,1.636,-0.5,-0.5
2014-08-07,0.21172459618498066,0.05,0.23,FREE,-0.05919674387981084,-0.05919674387981084,-0.05919674387981084,-0.05919674387981084,FORCE_BUY,3910353.1110990583,1.5718,-0.5,-0.5
2014-08-08,0.19870944956305073,0.05,0.23,FREE,0.023307086614173245,0.020598425196850522,0.020598425196850522,0.020598425196850522,FORCE_BUY,4001492.0497514457,1.6245,-0.5,-0.5
2014-08-11,0.20461695947768765,0.2,0.23,FREE,-0.0023845007451565293,0.0006544665503873939,0.0,0.0006544665503873939,FREE,4004110.892449649,1.6735,-0.5,-0.5
2014-08-12,0.20326833768315855,0.2,0.23,FREE,0.0020435148455342877,0.01314526904263196,0.008354369515566753,0.01314526904263196,FREE,4056746.007407433,1.6672,-0.5,-0.5
2014-08-13,0.20194087356959378,0.2,0.23,FREE,0.0,0.0,0.0,0.0,FORCE_BUY,4056746.007407433,1.7152,-0.5,-0.5
2014-08-14,0.1992944731302274,0.2,0.23,FORCE_BUY,0.009610904007455708,0.003902609506057682,0.0,0.009610904007455708,FORCE_BUY,4095735.0038672546,1.7333,-0.5,-0.5
2014-08-15,0.1986298472694841,0.2,0.23,FORCE_BUY,0.01668571428571421,0.004742857142857064,0.004742857142857064,0.01668571428571421,FORCE_BUY,4164075.267931782,1.7792,-0.5,-0.5
2014-08-18,0.19670538666155798,0.2,0.23,FORCE_BUY,0.152510262077676,0.152510262077676,0.152510262077676,0.152510262077676,FORCE_BUY,4799139.478355227,1.825,-0.5,-0.5
2014-08-19,0.1958332752467147,0.2,0.23,FORCE_BUY,0.017997563406800365,0.017997563406800365,0.017997563406800365,0.017997563406800365,FORCE_BUY,4885512.295415004,1.8383,-0.5,-0.5
2014-08-20,0.196464264893749,0.2,0.23,FORCE_BUY,0.024587934504705217,0.027144644508513158,0.027144644508513158,0.024587934504705217,FREE,5018127.789916013,1.8835,-0.5,-0.5
2014-08-21,0.19447846597178672,0.2,0.23,FORCE_BUY,0.013273161667109295,0.006530395540217813,0.006530395540217813,0.013273161667109295,FORCE_BUY,5084734.211337782,1.9085,-0.5,-0.5
2014-08-22,0.19963274233924835,0.2,0.23,FORCE_BUY,-0.0018265316772780307,0.0019292399933375222,0.0028702640642938385,-0.0018265316772780307,FORCE_SELL,5099328.741221071,1.9127,-0.5,-0.5
2014-08-25,0.20325477581878326,0.2,0.23,FREE,-0.03127403229941022,-0.010984431452663904,-0.010356318892591466,-0.010984431452663904,FORCE_SELL,5046518.466638829,1.8895,-0.5,-0.5
2014-08-26,0.19763865600633,0.2,0.23,FORCE_BUY,0.003182686187141918,0.003182686187141918,0.003182686187141918,0.003182686187141918,FORCE_BUY,5062579.951255757,1.8912,-0.5,-0.5
2014-08-27,0.1913851651383367,0.2,0.23,FORCE_BUY,0.005978203364723298,0.003632768808341005,-0.003914929637075523,0.005978203364723298,FORCE_BUY,5092845.083754536,1.9015,-0.5,-0.5
2014-08-28,0.1899157782561043,0.2,0.23,FORCE_BUY,0.031165383594372122,0.031165383594372122,0.031165383594372122,0.031165383594372122,FORCE_BUY,5251565.554376458,1.9422,-0.5,-0.5
2014-08-29,0.19858897166054099,0.2,0.23,FORCE_BUY,0.007025641025641085,0.007025641025641085,0.007025641025641085,0.007025641025641085,FORCE_BUY,5288461.1687841285,1.9637,-0.5,-0.5
2014-09-02,0.19600294841399243,0.2,0.23,FORCE_BUY,-0.014999745767020676,-0.02126355951528951,-0.0035592617074286215,-0.014999745767020676,FORCE_SELL,5269638.151454852,1.9372,-0.5,-0.5
2014-09-03,0.19382666867876738,0.2,0.23,FORCE_BUY,0.003340528317401636,0.017987460170623772,0.017987460170623772,0.003340528317401636,FREE,5364425.557817746,1.9523,-0.5,-0.5
2014-09-04,0.19868999172904497,0.2,0.23,FORCE_BUY,0.0020354162426216636,0.004532183241881524,0.01134744555261548,0.0020354162426216636,FORCE_SELL,5425298.0847561415,1.9692,-0.5,-0.5
2014-09-05,0.19446012446230396,0.2,0.23,FORCE_BUY,0.026036104754640355,0.018893159671493097,0.014391050088990534,0.026036104754640355,FORCE_BUY,5566551.714016003,2.0177,-0.5,-0.5
2014-09-08,0.19801134588509242,0.2,0.23,FORCE_BUY,0.006737008966166463,0.0012478740808513067,0.0029722098380145358,0.006737008966166463,FORCE_BUY,5604053.622823957,2.0323,-0.5,-0.5
2014-09-09,0.19743828261002905,0.2,0.23,FORCE_BUY,-0.026583961010190463,-0.026583961010190463,-0.026583961010190463,-0.026583961010190463,FORCE_BUY,5455075.679815789,1.9773,-0.5,-0.5
2014-09-10,0.19302087277413196,0.2,0.23,FORCE_BUY,-0.0007082511256133033,0.0014165022512270045,0.0014165022512270045,-0.0007082511256133033,FREE,5462802.806796861,1.9753,-0.5,-0.5
2014-09-11,0.18904538770920723,0.2,0.23,FORCE_BUY,0.016756066411238897,0.001685823754789367,0.001685823754789367,0.016756066411238897,FORCE_BUY,5554337.893419052,1.9903,-0.5,-0.5
2014-09-12,0.19404598138309448,0.2,0.23,FORCE_BUY,-0.03158374247102311,-0.0285468441565015,-0.0285468441565015,-0.03158374247102311,FREE,5395779.075183067,1.9133,-0.5,-0.5
2014-09-15,0.19190922825927825,0.2,0.23,FORCE_BUY,-0.0451559509646717,-0.0451559509646717,-0.0451559509646717,-0.0451559509646717,FORCE_BUY,5152127.539847898,1.846,-0.5,-0.5
2014-09-16,0.18723639366004807,0.2,0.23,FORCE_BUY,0.055921589980942085,0.04621783441384363,0.03256193846991565,0.055921589980942085,FORCE_BUY,5440242.703660792,1.9392,-0.5,-0.5
2014-09-17,0.1837815044799859,0.2,0.23,FORCE_BUY,0.019779090675571574,0.028769586437195033,0.028769586437195033,0.019779090675571574,FREE,5596756.23636308,1.985,-0.5,-0.5
2014-09-18,0.18016772428317876,0.2,0.23,FORCE_BUY,0.028209585299230153,0.0012416190712689393,0.0012416190712689393,0.028209585299230153,FORCE_BUY,5754638.408811763,2.0703,-0.5,-0.5
2014-09-19,0.2003527204174658,0.2,0.23,FREE,-0.04180866893870304,0.015792252676042822,0.015792252676042822,0.015792252676042822,FREE,5845517.112622979,1.9962,-0.5,-0.5
2014-09-22,0.20044003088570816,0.2,0.23,FREE,-0.0203748981255094,-0.0028759372630466824,0.0,-0.0028759372630466824,FORCE_SELL,5845517.112622979,1.9232,-0.5,-0.5
2014-09-23,0.1872567833505936,0.2,0.23,FORCE_BUY,0.00394570707070726,0.00394570707070726,0.0,0.00394570707070726,FORCE_BUY,5868581.810826195,1.9083,-0.5,-0.5
2014-09-24,0.18817971624024618,0.2,0.23,FORCE_BUY,0.028404952658412207,0.020375909309974596,0.01409842888357093,0.028404952658412207,FORCE_BUY,6035278.599334733,1.9768,-0.5,-0.5
2014-09-25,0.1989104152319442,0.2,0.23,FORCE_BUY,-0.052476803731683716,-0.049941692440298086,-0.049941692440298086,-0.052476803731683716,FREE,5733866.571735244,1.8688,-0.5,-0.5
2014-09-26,0.19035303409400353,0.2,0.23,FORCE_BUY,0.019388830347734556,0.02840142499558347,0.010010537407797903,0.019388830347734556,FREE,5896716.553107066,1.9348,-0.5,-0.5
2014-09-29,0.18546515693670199,0.2,0.23,FORCE_BUY,0.05483170466883823,0.06134636264929415,0.06134636264929415,0.05483170466883823,FREE,6258458.665214067,1.943,-0.5,-0.5
2014-09-30,0.1874760621093561,0.2,0.23,FORCE_BUY,-0.026564587401089104,-0.027072579218180626,-0.025536943787894145,-0.026564587401089104,FORCE_SELL,6098636.758081636,1.8945,-0.5,-0.5
2014-10-01,0.2100051408476812,0.2,0.23,FREE,-0.06750450737087708,-0.06883467047003522,-0.0348393254852051,-0.06883467047003522,FORCE_SELL,5886164.367050794,1.7585,-0.5,-0.5
2014-10-02,0.19551424183387664,0.2,0.23,FORCE_BUY,-0.012068866899273438,-0.012068866899273438,-0.012068866899273438,-0.012068866899273438,FORCE_BUY,5815125.032757612,1.7272,-0.5,-0.5
2014-10-03,0.2066311906250767,0.2,0.23,FREE,0.0025731930466607487,0.00898229130516183,0.010235590118938858,0.00898229130516183,FORCE_SELL,5874646.2690833,1.7533,-0.5,-0.5
2014-10-06,0.19772542866919685,0.2,0.23,FORCE_BUY,-0.03578472809242017,-0.04294167371090432,-0.04294167371090432,-0.03578472809242017,FORCE_BUY,5664423.649705003,1.711,-0.5,-0.5
2014-10-07,0.20687781548335837,0.2,0.23,FREE,-0.04468185574312357,-0.03163339848765482,-0.005253216857513734,-0.03163339848765482,FORCE_SELL,5634667.203900273,1.6185,-0.5,-0.5
2014-10-08,0.20477321212816824,0.2,0.23,FREE,0.06852697863933811,-0.007902210149401189,-0.007902210149401189,-0.007902210149401189,FORCE_BUY,6020793.923021726,1.7308,-0.5,-0.5
2014-10-09,0.20946366345619402,0.2,0.23,FREE,-0.09650324655983804,-0.044854280385685716,0.0,-0.044854280385685716,FORCE_SELL,6020793.923021726,1.5167,-0.5,-0.5
2014-10-10,0.23127119181660993,0.2,0.23,FORCE_SELL,-0.1530313124583609,-0.1530313124583609,-0.1530313124583609,-0.1530313124583609,FORCE_BUY,5099423.926940388,1.2713,-0.5,-0.5
2014-10-13,0.2228514995232976,0.2,0.23,FREE,-0.05509946321439838,-0.05509946321439838,-0.05509946321439838,-0.05509946321439838,FORCE_BUY,4818448.405863313,1.197,-0.5,-0.5
2014-10-14,0.22350521658022812,0.2,0.23,FREE,0.06990014265335232,0.06990014265335232,0.06990014265335232,0.06990014265335232,FORCE_BUY,5155258.6368009765,1.275,-0.5,-0.5
2014-10-15,0.2042715406751866,0.2,0.23,FREE,-0.01799999999999993,-0.01799999999999993,-0.01799999999999993,-0.01799999999999993,FORCE_BUY,5062463.98133856,1.2275,-0.5,-0.5
2014-10-16,0.2034482422165972,0.2,0.23,FREE,0.12136796091540243,0.08836890374560719,0.08836890374560719,0.08836890374560719,FORCE_BUY,5676884.91196129,1.3083,-0.5,-0.5
2014-10-17,0.26261576252252405,0.2,0.23,FORCE_SELL,-0.03035778821828695,-0.01627759138487244,0.0,0.0,FORCE_SELL,5676884.91196129,1.3415,-0.5,-0.5
2014-10-20,0.23253349922048397,0.2,0.23,FORCE_SELL,0.06537458069325384,0.04718723812304963,0.0,0.0,FORCE_BUY,6048008.882724619,1.4292,-0.5,-0.5
2014-10-21,0.23579325144923016,0.2,0.23,FORCE_SELL,0.03181999733723869,0.008853681267474333,0.0,0.0,FORCE_BUY,6240456.509268511,1.55,-0.5,-0.5
2014-10-22,0.22271558595300123,0.2,0.23,FREE,-0.007697368421052766,0.005033762862250884,0.0,0.005033762862250884,FREE,6271869.487488359,1.5083,-0.5,-0.5
2014-10-23,0.1952243483403292,0.2,0.23,FORCE_BUY,0.011230186741962507,0.016471104966739526,0.0,0.011230186741962507,FREE,6375174.10815447,1.5758,-0.5,-0.5
2014-10-24,0.14437120437473713,0.2,0.23,FORCE_BUY,0.029928557636609295,0.030407864092510443,0.018858209435540865,0.029928557636609295,FREE,6569029.536001323,1.6002,-0.5,-0.5
2014-10-27,0.13656032035316165,0.2,0.23,FORCE_BUY,0.011316296710812655,0.01036735571621325,-0.007647826897966834,0.011316296710812655,FORCE_BUY,6643366.623332806,1.6265,-0.5,-0.5
2014-10-28,0.12907099488118157,0.2,0.23,FORCE_BUY,0.010449574726610098,0.014167972894098164,0.012332928311057149,0.010449574726610098,FREE,6737489.661577742,1.6632,-0.5,-0.5
2014-10-29,0.12267665481100176,0.2,0.23,FORCE_BUY,0.0103550295857988,0.009171597633136108,0.009171597633136108,0.0103550295857988,FORCE_BUY,6807256.566357393,1.7075,-0.5,-0.5
2014-10-30,0.1632339359044992,0.2,0.23,FORCE_BUY,-0.025919584341973202,-0.01447605489680403,-0.026864261675621358,-0.025919584341973202,FREE,6708714.346606174,1.6498,-0.5,-0.5
2014-10-31,0.13679368481834372,0.2,0.23,FORCE_BUY,0.060258992805755446,0.002417266187050324,0.002417266187050324,0.060258992805755446,FORCE_BUY,7112974.716154184,1.8422,-0.5,-0.5
2014-11-03,0.13618526369488224,0.2,0.23,FORCE_BUY,0.018515501981864742,0.019059107172912065,0.013194331324320123,0.018515501981864742,FREE,7248541.66358758,1.8758,-0.5,-0.5
2014-11-04,0.1625441594138721,0.2,0.23,FORCE_BUY,-0.0014523937600859464,0.015053021191422577,0.011726734803657896,-0.0014523937600859464,FREE,7357654.114856474,1.8563,-0.5,-0.5
2014-11-05,0.1309773843785759,0.2,0.23,FORCE_BUY,-0.020382630454047736,0.03412639791905163,-0.000834071834436679,-0.020382630454047736,FREE,7608744.346930813,1.8792,-0.5,-0.5
2014-11-06,0.16603902638768353,0.2,0.23,FORCE_BUY,-0.025737405377186193,-0.029391803706604012,-0.029391803706604012,-0.025737405377186193,FORCE_BUY,7412915.009262481,1.8662,-0.5,-0.5
2014-11-07,0.1807742128917095,0.2,0.23,FORCE_BUY,-0.029418068802914983,-0.00562640660165049,-0.00562640660165049,-0.029418068802914983,FREE,7371206.935316892,1.8113,-0.5,-0.5
2014-11-10,0.1489031161505908,0.2,0.235,FORCE_BUY,0.022974540233059094,0.009719997790909532,0.009719997790909532,0.022974540233059094,FORCE_BUY,7540557.025618534,1.8523,-0.5,-0.5
2014-11-11,0.16689305501878934,0.2,0.23,FORCE_BUY,-0.012703006914294723,-0.012703006914294723,-0.012703006914294723,-0.012703006914294723,FORCE_BUY,7444769.277584468,1.842,-0.5,-0.5
2014-11-12,0.15730579383132515,0.2,0.23,FORCE_BUY,0.011646519843241047,0.011646519843241047,0.011646519843241047,0.011646519843241047,FORCE_BUY,7531474.930704206,1.8328,-0.5,-0.5
2014-11-13,0.1649966166133194,0.2,0.225,FORCE_BUY,-0.007567567567567599,0.014806839455191902,-0.001513513513513563,-0.007567567567567599,FREE,7642992.270863946,1.836,-0.5,-0.5
2014-11-14,0.15506985238925586,0.15,0.225,FREE,0.005989304812834207,-0.022591735411258893,-0.027165775401069583,-0.022591735411258893,FORCE_BUY,7688768.481256285,1.8812,-0.5,-0.5
2014-11-17,0.16342903926207877,0.16,0.225,FREE,-0.0008071893666254442,-0.01485228434590762,-0.01485228434590762,-0.01485228434590762,FORCE_BUY,7682562.189095769,1.8568,-0.5,-0.5
2014-11-18,0.1402270338886645,0.16,0.225,FORCE_BUY,0.0,0.0,0.0,0.0,FORCE_BUY,7682562.189095769,1.9717,-0.5,-0.5
2014-11-19,0.17792506846171663,0.16,0.23,FREE,0.0,0.0,0.0,0.0,FORCE_BUY,7682562.189095769,1.9263,-0.5,-0.5
2014-11-20,0.15635134068363946,0.16,0.23,FORCE_BUY,0.05122080679405513,0.039105439460484046,0.0,0.05122080679405513,FORCE_BUY,8076069.222666757,1.9805,-0.5,-0.5
2014-11-21,0.16299873852886537,0.16,0.23,FREE,0.009553509553509391,-0.0007425007425008016,-0.0007425007425008016,-0.0007425007425008016,FORCE_BUY,8153224.027140306,2.0395,-0.5,-0.5
2014-11-24,0.1478863754157621,0.2,0.23,FORCE_BUY,0.0,0.0,0.0,0.0,FORCE_BUY,8153224.027140306,2.1023,-0.5,-0.5
2014-11-25,0.1746086673967657,0.2,0.23,FORCE_BUY,0.0,0.0,0.0,0.0,FORCE_BUY,8153224.027140306,2.1017,-0.5,-0.5
2014-11-26,0.1591952313290432,0.2,0.23,FORCE_BUY,0.0,0.0,0.0,0.0,FORCE_BUY,8153224.027140306,2.2372,-0.5,-0.5
2014-11-28,0.1522238973126122,0.2,0.23,FORCE_BUY,0.0,0.0,0.0,0.0,FORCE_BUY,8153224.027140306,2.25,-0.5,-0.5
2014-12-01,0.20216102015093815,0.2,0.23,FREE,0.0,0.0,0.0,0.0,FORCE_BUY,8153224.027140306,2.1833,-0.5,-0.5
2014-12-02,0.17202003718390935,0.2,0.23,FORCE_BUY,0.028730822873082474,0.015109251510925365,0.0,0.028730822873082474,FORCE_BUY,8387472.862508635,2.2128,-0.5,-0.5
2014-12-03,0.17292323509426655,0.2,0.23,FORCE_BUY,0.05977968833960221,0.01909975904377195,0.016165144187712484,0.05977968833960221,FORCE_BUY,8888873.376186272,2.3667,-0.5,-0.5
2014-12-04,0.17413263920135136,0.2,0.23,FORCE_BUY,-0.008689446729913584,0.005709008479556742,0.005709008479556742,-0.008689446729913584,FREE,8939620.029664626,2.3615,-0.5,-0.5
2014-12-05,0.15869593753109187,0.2,0.23,FORCE_BUY,0.010256197317609935,-0.008695141975537593,-0.012581489017148987,0.010256197317609935,FORCE_BUY,9031306.536633324,2.433,-0.5,-0.5
2014-12-08,0.23483371374929055,0.2,0.225,FORCE_SELL,-0.04141963109354423,0.0021559481065515957,0.0018115942028984512,0.0018115942028984512,FREE,9050777.564860666,2.3282,-0.5,-0.5
2014-12-09,0.24651649321272193,0.2,0.225,FORCE_SELL,0.008586296617519515,0.008586296617519515,0.0,0.0,FORCE_BUY,9128490.22565175,2.3258,-0.5,-0.5
2014-12-10,0.2457161196959985,0.2,0.225,FORCE_SELL,-0.038809888427039946,-0.038809888427039946,0.0,0.0,FORCE_SELL,9128490.22565175,2.1968,-0.5,-0.5
2014-12-11,0.223212992895347,0.2,0.225,FREE,-0.039854596417465964,-0.028862178763064288,0.0,-0.028862178763064288,FORCE_SELL,9128490.22565175,2.1923,-0.5,-0.5
2014-12-12,0.24165447489245828,0.2,0.23,FORCE_SELL,-0.024784234088706322,-0.007191774524699179,0.016061291364748057,0.016061291364748057,FORCE_SELL,9275105.566886198,2.113,-0.5,-0.5
2014-12-15,0.2434006530136339,0.2,0.23,FORCE_SELL,-0.022616893629178212,-0.022428373404205445,0.0,0.0,FORCE_SELL,9275105.566886198,2.0527,-0.5,-0.5
2014-12-16,0.21044781495841622,0.2,0.23,FREE,-0.015632633121641454,-0.015632633121641454,0.0,-0.015632633121641454,FORCE_SELL,9275105.566886198,2.015,-0.5,-0.5
2014-12-17,0.19020669910835042,0.2,0.23,FORCE_BUY,0.07066264762563623,0.05020954575526219,0.032613529673370674,0.07066264762563623,FORCE_BUY,9930509.083249655,2.1667,-0.5,-0.5
2014-12-18,0.17531940197419585,0.2,0.23,FORCE_BUY,0.022556051788694995,0.024072314610156735,0.015022330491270806,0.022556051788694995,FREE,10169559.42214066,2.2667,-0.5,-0.5
2014-12-19,0.20557450951964026,0.2,0.23,FREE,-0.016853687289874575,-0.025891804567087343,-0.025891804567087343,-0.025891804567087343,FORCE_BUY,9998164.847764103,2.2517,-0.5,-0.5
2014-12-22,0.18284125033438395,0.2,0.23,FORCE_BUY,0.0,0.0,0.0,0.0,FORCE_BUY,9998164.847764103,2.35,-0.5,-0.5
2014-12-23,0.19925722068487248,0.2,0.23,FORCE_BUY,0.00021433470507526613,0.00021433470507526613,0.0,0.00021433470507526613,FORCE_BUY,10000307.801478043,2.3333,-0.5,-0.5
2014-12-24,0.18152020535216581,0.2,0.23,FORCE_BUY,0.0025597269624574493,0.0014111245680930812,0.004266211604095633,0.0025597269624574493,FORCE_SELL,10042971.230665237,2.35,-0.5,-0.5
2014-12-26,0.18455786308930464,0.2,0.23,FORCE_BUY,-0.007260447446180091,0.0020638779172576583,-0.0009708737864079837,-0.007260447446180091,FREE,10063698.697211862,2.3518,-0.5,-0.5
2014-12-29,0.1813519799360479,0.2,0.23,FORCE_BUY,-0.0033765012608455336,-0.004743377309176314,-0.0041458306620506934,-0.0033765012608455336,FORCE_BUY,10029718.605871957,2.3318,-0.5,-0.5
2014-12-30,0.1705168964340901,0.2,0.23,FORCE_BUY,0.00328342526924097,0.00328342526924097,0.00328342526924097,0.00328342526924097,FORCE_BUY,10062650.437385853,2.2917,-0.5,-0.5
2014-12-31,0.1804617738417218,0.2,0.23,FORCE_BUY,-0.02227830476024707,-0.02227830476024707,-0.02227830476024707,-0.02227830476024707,FORCE_BUY,9838471.644245937,2.247,-0.5,-0.5
2015-01-02,0.18751354171385304,0.2,0.23,FORCE_BUY,-0.017488632388947115,-0.028200419727177184,-0.028200419727177184,-0.017488632388947115,FORCE_BUY,9666410.23039064,2.2472,-0.5,-0.5
2015-01-05,0.2060499476345826,0.2,0.225,FREE,-0.028992809050519965,-0.021259843809631387,-0.008702422937754934,-0.021259843809631387,FORCE_SELL,9582289.040275939,2.12,-0.5,-0.5
2015-01-06,0.19625509568197652,0.2,0.225,FORCE_BUY,-0.0712160566706023,-0.0712160566706023,-0.0712160566706023,-0.0712160566706023,FORCE_BUY,8899876.200949557,1.9667,-0.5,-0.5
2015-01-07,0.1899811189876481,0.2,0.225,FORCE_BUY,0.012535442471272988,0.00947567752351173,0.01750982440431793,0.012535442471272988,FORCE_SELL,9055711.470448352,2.0355,-0.5,-0.5
2015-01-08,0.20114879029912572,0.2,0.225,FREE,0.0641247002398081,0.00719424460431653,0.00719424460431653,0.00719424460431653,FORCE_BUY,9636406.253949044,2.2187,-0.5,-0.5
2015-01-09,0.18094725900350828,0.205,0.225,FORCE_BUY,0.0,0.0,0.0,0.0,FORCE_BUY,9636406.253949044,2.2262,-0.5,-0.5
2015-01-12,0.2132962286856033,0.205,0.225,FREE,-0.04127493694106847,-0.040188409032799265,0.0,-0.040188409032799265,FORCE_SELL,9636406.253949044,2.0905,-0.5,-0.5
2015-01-13,0.22812422106346872,0.205,0.225,FORCE_SELL,-0.05091249415067864,0.05162144550550675,0.020917173607861547,0.020917173607861547,FREE,10133851.4742562,2.0282,-0.5,-0.5
2015-01-14,0.18891188817276647,0.205,0.23,FORCE_BUY,0.016399286987522254,0.027824071563707253,0.0,0.016399286987522254,FREE,10415816.482891886,1.9957,-0.5,-0.5
2015-01-15,0.2089027207016406,0.205,0.23,FREE,-0.05372855527699937,-0.047989088482553635,0.011060315587671407,-0.047989088482553635,FORCE_SELL,10531018.70029594,1.925,-0.5,-0.5
2015-01-16,0.16470604203488465,0.205,0.23,FORCE_BUY,0.045974025974026056,0.044000000000000095,0.044000000000000095,0.045974025974026056,FORCE_BUY,11015172.027556298,2.0135,-0.5,-0.5
2015-01-20,0.17554121202331238,0.205,0.23,FORCE_BUY,0.00741638390693162,-0.004037911862592301,-0.015996122152205798,0.00741638390693162,FORCE_BUY,11096864.77211355,2.0783,-0.5,-0.5
2015-01-21,0.16784327990969627,0.205,0.23,FORCE_BUY,0.044094028325302966,0.033289531318440625,0.033289531318440625,0.044094028325302966,FORCE_BUY,11586170.241697183,2.1453,-0.5,-0.5
2015-01-22,0.1668134409650461,0.205,0.23,FORCE_BUY,0.015937180559427475,0.03179336685149883,-0.00023232041631825328,0.015937180559427475,FREE,11954533.602595381,2.1865,-0.5,-0.5
2015-01-23,0.1678745267606686,0.205,0.23,FORCE_BUY,0.0024523412918750747,0.012169165278549013,0.012169165278549013,0.0024523412918750747,FREE,12100010.29783333,2.1665,-0.5,-0.5
2015-01-26,0.15982823712274505,0.205,0.23,FORCE_BUY,4.580432392819209e-05,-0.008702821546353923,-0.008702821546353923,4.580432392819209e-05,FORCE_BUY,12100564.530624548,2.1833,-0.5,-0.5
2015-01-27,0.18636752571750959,0.205,0.23,FORCE_BUY,-0.032450175849941296,-0.020904684264577124,-0.03085580304806563,-0.032450175849941296,FREE,11847606.0496887,2.0633,-0.5,-0.5
2015-01-28,0.1820342813677515,0.205,0.23,FORCE_BUY,-0.062485351333614596,-0.03054307914152967,0.024844138189659207,-0.062485351333614596,FORCE_SELL,12141949.611603808,2.0,-0.5,-0.5
2015-01-29,0.17737219244839805,0.205,0.23,FORCE_BUY,0.024385368778732708,-0.014341395162902294,-0.014341395162902294,0.024385368778732708,FORCE_BUY,12438035.530575557,2.05,-0.5,-0.5
2015-01-30,0.20494692198428002,0.205,0.23,FORCE_BUY,-0.040834709503077445,-0.033132136903407154,-0.00750638042335978,-0.040834709503077445,FORCE_SELL,12344670.90416379,1.9167,-0.5,-0.5
2015-02-02,0.1567066443621075,0.205,0.23,FORCE_BUY,-0.0026863666890530593,-0.025821674472936717,-0.04520328563310423,-0.0026863666890530593,FORCE_BUY,12311508.591459522,1.9305,-0.5,-0.5
2015-02-03,0.16638267378352833,0.205,0.23,FORCE_BUY,0.04444329470198664,0.03743603004088794,0.03425082781456957,0.04444329470198664,FORCE_BUY,12858672.596015798,2.0187,-0.5,-0.5
2015-02-04,0.1564265775302315,0.205,0.23,FORCE_BUY,0.01955929685565744,0.010646199554345065,0.010646199554345065,0.01955929685565744,FORCE_BUY,13110179.19049098,2.059,-0.5,-0.5
2015-02-05,0.16760331706727596,0.205,0.23,FORCE_BUY,0.022279141697274425,0.019717765319930507,0.019717765319930507,0.022279141697274425,FORCE_BUY,13402262.730352588,2.1153,-0.5,-0.5
2015-02-06,0.17309804466958334,0.205,0.23,FORCE_BUY,-0.021235611933286342,-0.0043401346039158096,-0.0032887009631192886,-0.021235611933286342,FORCE_SELL,13358186.6960033,2.0833,-0.5,-0.5
2015-02-09,0.19302536758413913,0.205,0.23,FORCE_BUY,-0.015919523390956,-0.015919523390956,-0.015919523390956,-0.015919523390956,FORCE_BUY,13145530.730435517,2.0152,-0.5,-0.5
2015-02-10,0.1542190597354076,0.205,0.23,FORCE_BUY,0.06237434179033043,-0.0017711823839157241,-0.0017711823839157241,0.06237434179033043,FORCE_BUY,13965474.557230994,2.2193,-0.5,-0.5
2015-02-11,0.16413104898812378,0.205,0.23,FORCE_BUY,0.08397494141839237,0.061737841327531115,0.061737841327531115,0.08397494141839237,FORCE_BUY,15138224.465054516,2.2667,-0.5,-0.5
2015-02-12,0.15321004925887896,0.205,0.23,FORCE_BUY,0.03705494505494525,0.007196122033963455,0.0029450549450549747,0.03705494505494525,FORCE_BUY,15699170.54083654,2.3593,-0.5,-0.5
2015-02-13,0.1574440685053021,0.205,0.23,FORCE_BUY,0.0045625784847217075,0.008162411050648818,0.008162411050648818,0.0045625784847217075,FREE,15827313.623945083,2.3999,-0.5,-0.5
2015-02-17,0.13945911602601818,0.205,0.23,FORCE_BUY,0.009622193526887968,-0.008622485108510018,-0.008622485108510018,0.009622193526887968,FORCE_BUY,15979607.098645432,2.4238,-0.5,-0.5
2015-02-18,0.16155470794819318,0.205,0.23,FORCE_BUY,-0.008592200925313804,-0.006650693985459267,-0.006650693985459267,-0.008592200925313804,FREE,15873331.62182447,2.4,-0.5,-0.5
2015-02-19,0.1510040567872932,0.18,0.2,FORCE_BUY,0.016024834298179462,0.019722526002821334,0.018038426042453263,0.016024834298179462,FREE,16186393.817487309,2.422,-0.5,-0.5
2015-02-20,0.15532604213524703,0.205,0.23,FORCE_BUY,0.025542890423496046,0.011720819690843334,0.00370247108744486,0.025542890423496046,FORCE_BUY,16599841.10111894,2.4652,-0.5,-0.5
2015-02-23,0.1765872337072183,0.205,0.23,FORCE_BUY,-0.01822832088340381,-0.021922702176031292,-0.021922702176031292,-0.01822832088340381,FORCE_BUY,16297253.87091423,2.4183,-0.5,-0.5
2015-02-24,0.16018015321579612,0.205,0.23,FORCE_BUY,0.04423676012461032,0.009345794392523268,0.009345794392523268,0.04423676012461032,FORCE_BUY,17018191.58109174,2.514,-0.5,-0.5
2015-02-25,0.16889885459568602,0.205,0.23,FORCE_BUY,-0.016626889419252087,0.0005719745246061336,-0.0015910898965791707,-0.016626889419252087,FREE,17027925.55313099,2.4722,-0.5,-0.5
2015-02-26,0.16066088680836896,0.205,0.23,FORCE_BUY,0.006706051413060832,0.006706051413060832,0.006706051413060832,0.006706051413060832,FORCE_BUY,17142115.69734806,2.522,-0.5,-0.5
2015-02-27,0.183080776918348,0.205,0.23,FORCE_BUY,-0.009376854599406428,0.0032771933497607315,0.004470820969337399,-0.009376854599406428,FORCE_SELL,17218755.02766657,2.5038,-0.5,-0.5
2015-03-02,0.16741449134954248,0.18,0.2,FORCE_BUY,0.06692371247590204,0.06413030648778377,0.06413030648778377,0.06692371247590204,FORCE_BUY,18371098.03833112,2.7118,-0.5,-0.5
2015-03-03,0.21804948433184212,0.18,0.2,FORCE_SELL,-0.05664134523194936,-0.053838778670993556,-0.053838778670993556,-0.053838778670993556,FREE,17382020.55710229,2.5582,-0.5,-0.5
2015-03-04,0.18475093148733937,0.18,0.2,FREE,0.007782562319756687,0.007782562319756687,0.0,0.007782562319756687,FORCE_BUY,17517297.21533123,2.551,-0.5,-0.5
2015-03-05,0.21040258915231883,0.18,0.2,FORCE_SELL,-0.013674817475953114,0.008768566832702811,-0.0026654305249739266,-0.0026654305249739266,FREE,17670898.806692183,2.5533,-0.5,-0.5
2015-03-06,0.20968192464065205,0.18,0.2,FORCE_SELL,-0.02327140772295192,-0.006104331103792979,0.0,0.0,FORCE_SELL,17670898.806692183,2.4763,-0.5,-0.5
2015-03-09,0.18104588346390435,0.18,0.2,FREE,0.012200064850843049,0.013900265716976053,0.0,0.013900265716976053,FREE,17916528.995562997,2.4973,-0.5,-0.5
2015-03-10,0.21141089105161004,0.18,0.2,FORCE_SELL,-0.007232968881413111,-0.001670428748339448,0.0,0.0,FORCE_SELL,17916528.995562997,2.3608,-0.5,-0.5
2015-03-11,0.22513760589668239,0.18,0.2,FORCE_SELL,-0.01077953968452172,-0.003989310507737042,0.0,0.0,FORCE_SELL,17916528.995562997,2.3768,-0.5,-0.5
2015-03-12,0.1983860840509948,0.18,0.2,FREE,0.018085518666838933,0.018085518666838933,0.0,0.018085518666838933,FORCE_BUY,18240558.71515721,2.3643,-0.5,-0.5
2015-03-13,0.19656873588788026,0.18,0.2,FREE,0.022350577599196442,-0.0017441872420672553,-0.0024694458396115975,-0.0017441872420672553,FORCE_BUY,18648245.73817303,2.4426,-0.5,-0.5
2015-03-16,0.19940937488158794,0.205,0.23,FORCE_BUY,0.014763108276166366,0.0046134713363020245,0.0,0.014763108276166366,FORCE_BUY,18923551.809166238,2.5295,-0.5,-0.5
2015-03-17,0.19541104446873805,0.205,0.23,FORCE_BUY,-0.002457893464420992,-0.016036747521959716,-0.016036747521959716,-0.002457893464420992,FORCE_BUY,18877039.734850854,2.4757,-0.5,-0.5
2015-03-18,0.21208603086550673,0.205,0.23,FREE,0.0253292806484296,0.009061812032959252,-0.01471124620060779,0.009061812032959252,FORCE_BUY,19355181.572106447,2.53,-0.5,-0.5
2015-03-19,0.1890677872072717,0.205,0.23,FORCE_BUY,0.006640316205533764,0.01792877788971124,0.013833992094861719,0.006640316205533764,FREE,19702196.323527776,2.5468,-0.5,-0.5
2015-03-20,0.18436931961757796,0.205,0.23,FORCE_BUY,0.028055104094110345,0.009659932545145742,0.008938936614813132,0.028055104094110345,FORCE_BUY,20254943.492266946,2.6567,2.2499999999999996,-0.5
2015-03-23,0.21604443925280248,0.205,0.23,FREE,-0.011525837722311322,-0.0018384221158322459,0.0009541256392641823,-0.0018384221158322459,FORCE_SELL,20274269.253174767,2.59,1.3999999999999995,-0.5
2015-03-24,0.2158675378482272,0.205,0.23,FREE,-0.021171626136275316,-0.015563059737601852,0.002330821226012063,-0.015563059737601852,FORCE_SELL,20321524.95029195,2.5197,1.3999999999999995,-0.5
2015-03-25,0.310350889223097,0.205,0.23,FORCE_SELL,-0.12663324517427868,-0.12663324517427868,-0.12663324517427868,-0.12663324517427868,FORCE_BUY,17748144.29894641,2.2125,-0.5,-0.5
2015-03-26,0.25175086014260734,0.205,0.23,FORCE_SELL,-0.02177177177177178,-0.02177177177177178,-0.02177177177177178,-0.02177177177177178,FORCE_BUY,17361735.751897275,2.0848,-0.5,-0.5
2015-03-27,0.2577347860657491,0.205,0.23,FORCE_SELL,0.07565741857659838,0.02311218335343816,0.023112183353437992,0.023112183353437992,FORCE_BUY,18675279.86089486,2.2293,-0.5,-0.5
2015-03-30,0.2409546887784727,0.205,0.23,FORCE_SELL,0.0310114922361611,0.011360645670672895,0.0,0.0,FORCE_BUY,19254428.157309134,2.3505,-0.5,-0.5
2015-03-31,0.2689157722101311,0.205,0.23,FORCE_SELL,-0.014817067871730354,-0.014817067871730354,0.0,0.0,FORCE_SELL,19254428.157309134,2.2673,-0.5,-0.5
2015-04-01,0.2480434651381959,0.205,0.23,FORCE_SELL,-0.0052309205525997516,0.0054941096131299215,0.0,0.0,FREE,19360214.096143525,2.225,-0.5,-0.5
2015-04-02,0.28274248744402963,0.205,0.23,FORCE_SELL,-0.014299758691572208,0.00191793108100556,0.0,0.0,FREE,19397345.65249344,2.2058,-0.5,-0.5
2015-04-06,0.23576401928791665,0.205,0.23,FORCE_SELL,0.043490447050030384,0.03932751658096435,0.0,0.0,FORCE_BUY,20240944.88650434,2.2338,-0.5,-0.5
2015-04-07,0.2461696948143874,0.205,0.23,FORCE_SELL,0.0,0.0,0.0,0.0,FORCE_BUY,20240944.88650434,2.2298,-0.5,-0.5
2015-04-08,0.2348038873126396,0.205,0.23,FORCE_SELL,0.0,0.0,0.0,0.0,FORCE_BUY,20240944.88650434,2.2798,-0.5,-0.5
2015-04-09,0.20885752797294888,0.205,0.23,FREE,0.0,0.0,0.0,0.0,FORCE_BUY,20240944.88650434,2.3683,-0.5,-0.5
2015-04-10,0.18396640702692865,0.205,0.23,FORCE_BUY,0.005373635600335726,0.0032325776658269564,0.0,0.005373635600335726,FORCE_BUY,20349712.348530896,2.3948,-0.5,-0.5
2015-04-13,0.21375341262067785,0.205,0.23,FREE,-0.019417070319024506,0.0,0.0,0.0,FREE,20349712.348530896,2.3483,-0.5,-0.5
2015-04-14,0.22488029870597714,0.205,0.235,FREE,-0.01813170248503376,-0.01813170248503376,0.0,-0.01813170248503376,FORCE_SELL,20349712.348530896,2.2798,-0.5,-0.5
2015-04-15,0.1986129900847816,0.205,0.235,FORCE_BUY,0.026195266018918844,0.0036382313915165284,0.0036382313915165284,0.026195266018918844,FORCE_BUY,20882778.476909142,2.3975,-0.5,-0.5
2015-04-16,0.19712248340995733,0.205,0.235,FORCE_BUY,0.008787646105281122,0.008787646105281122,0.008787646105281122,0.008787646105281122,FORCE_BUY,21066288.9438592,2.3648,-0.5,-0.5
2015-04-17,0.21720559086079586,0.205,0.235,FREE,-0.021823681936041416,-0.022133301766021338,-0.015427830596369877,-0.022133301766021338,FORCE_SELL,20741281.806739163,2.2635,-0.5,-0.5
2015-04-20,0.2016804197418671,0.205,0.235,FORCE_BUY,0.004131342255884972,0.004131342255884972,0.0,0.004131342255884972,FORCE_BUY,20826971.140708566,2.3333,-0.5,-0.5
2015-04-21,0.19680715716155905,0.205,0.235,FORCE_BUY,0.032102099486017985,0.032102099486017985,0.032102099486017985,0.032102099486017985,FORCE_BUY,21495560.64026002,2.3695,-0.5,-0.5
2015-04-22,0.1833580229804771,0.205,0.235,FORCE_BUY,-0.002042347449149783,0.020268911024618877,0.013379459819939859,-0.002042347449149783,FREE,21931252.246301748,2.3943,-0.5,-0.5
2015-04-23,0.19863525340131183,0.205,0.235,FORCE_BUY,-0.015282837164510404,-0.018339404597412325,-0.018339404597412325,-0.015282837164510404,FORCE_BUY,21596080.489407714,2.3518,-0.5,-0.5
2015-04-24,0.22680087342377986,0.205,0.235,FREE,-0.05523404255319139,-0.05223009960378872,-0.05795744680851068,-0.05223009960378872,FREE,20468115.05439451,2.2202,-0.5,-0.5
2015-04-27,0.21017277041227686,0.205,0.235,FREE,0.0,0.0,0.0,0.0,FORCE_BUY,20468115.05439451,2.2602,-0.5,-0.5
2015-04-28,0.19192476696466665,0.205,0.24,FORCE_BUY,0.03569794050343236,0.023019459352988807,0.0,0.03569794050343236,FORCE_BUY,21198784.607823692,2.263,-0.5,-0.5
2015-04-29,0.1890532704726107,0.205,0.24,FORCE_BUY,-0.0069180986386966035,-0.006485015594973322,-0.007676857844231072,-0.0069180986386966035,FREE,21061310.159047477,2.225,-0.5,-0.5
2015-04-30,0.20136952879410183,0.205,0.24,FORCE_BUY,-0.0169545454545454,-0.018812186456568444,0.008090909090909069,-0.0169545454545454,FORCE_SELL,21231715.30487977,2.1627,-0.5,-0.5
2015-05-01,0.20757049647126344,0.205,0.24,FREE,0.060385263445512115,0.014927283015983176,0.02386265312628084,0.014927283015983176,FORCE_BUY,22513798.02696505,2.3285,-0.5,-0.5
2015-05-04,0.2094047598656119,0.205,0.24,FREE,-0.01058133605303413,-0.004122046574876761,-0.004122046574876761,-0.004122046574876761,FREE,22420995.10292053,2.3283,-0.5,-0.5
2015-05-05,0.23424598895162232,0.205,0.24,FREE,-0.054611650485436716,-0.041752228995330036,-0.038964979195561765,-0.041752228995330036,FORCE_SELL,21547361.49519144,2.1812,-0.5,-0.5
2015-05-06,0.2188948873082619,0.205,0.24,FREE,-0.013080801199073617,0.015068885239133226,0.003906072580278734,0.015068885239133226,FREE,21872056.212768596,2.1729,-0.5,-0.5
2015-05-07,0.19535572472740445,0.205,0.24,FORCE_BUY,0.0,0.0,0.0,0.0,FORCE_BUY,21872056.212768596,2.2462,-0.5,-0.5
2015-05-08,0.20555299526881013,0.205,0.24,FREE,0.0,0.0,0.0,0.0,FORCE_BUY,21872056.212768596,2.2892,-0.5,-0.5
2015-05-11,0.1903240308933171,0.205,0.24,FORCE_BUY,0.003473428273706082,-0.0002154931605668135,0.0,0.003473428273706082,FORCE_BUY,21948027.231222115,2.3112,-0.5,-0.5
2015-05-12,0.19431052044841657,0.205,0.24,FORCE_BUY,-0.023970231914157213,0.004271676272753074,-0.012763932156455526,-0.023970231914157213,FREE,22041782.098379463,2.2558,-0.5,-0.5
2015-05-13,0.19938861292791465,0.205,0.24,FORCE_BUY,0.006453028972783087,0.006453028972783087,0.006453028972783087,0.006453028972783087,FORCE_BUY,22184018.356872078,2.2927,-0.5,-0.5
2015-05-14,0.187896132633929,0.205,0.24,FORCE_BUY,0.011617477469781897,0.004878795262955831,-0.00034169051381698496,0.011617477469781897,FORCE_BUY,22441740.69032227,2.3685,-0.5,-0.5
2015-05-15,0.18718137537970125,0.205,0.24,FORCE_BUY,-0.004583333333333391,0.001250000000000121,0.001250000000000121,-0.004583333333333391,FREE,22469792.866185177,2.389,-0.5,-0.5
2015-05-18,0.17096217866167454,0.205,0.24,FORCE_BUY,0.030886246165482942,0.0007563978652771088,0.0007563978652771088,0.030886246165482942,FORCE_BUY,23163800.419937585,2.4532,-0.5,-0.5
2015-05-19,0.18613638291302834,0.205,0.24,FORCE_BUY,-0.014594397373008437,0.00693073375173628,0.006729638788665047,-0.014594397373008437,FREE,23324342.553326532,2.4307,-0.5,-0.5
2015-05-20,0.18532728536301676,0.205,0.24,FORCE_BUY,-0.020620211016167216,-0.019261792510662155,-0.015244513980824152,-0.020620211016167216,FORCE_SELL,22968774.287178814,2.4413,-0.5,-0.5
2015-05-21,0.1850809325955506,0.205,0.24,FORCE_BUY,0.03136219205216042,0.00855458586853562,0.009903850121734965,0.03136219205216042,FORCE_BUY,23689125.39757604,2.4993,-0.5,-0.5
2015-05-22,0.18791312694744233,0.205,0.24,FORCE_BUY,0.0034977686648173067,0.00808426833944108,0.0069955373296346135,0.0034977686648173067,FREE,23880634.644016717,2.496,-0.5,-0.5
2015-05-26,0.20930328247107008,0.205,0.24,FREE,-0.01184652084259891,-0.01318077063033185,-0.01318077063033185,-0.01318077063033185,FORCE_BUY,23597732.207971882,2.444,-0.5,-0.5
2015-05-27,0.20320426657761684,0.205,0.24,FORCE_BUY,0.0,0.0,0.0,0.0,FORCE_BUY,23597732.207971882,2.7227,-0.5,-0.5
2015-05-28,0.1851195062071409,0.205,0.24,FORCE_BUY,0.0,0.0,0.0,0.0,FORCE_BUY,23597732.207971882,2.74,-0.5,-0.5
2015-05-29,0.17814533782978204,0.205,0.24,FORCE_BUY,0.0,0.0,0.0,0.0,FORCE_BUY,23597732.207971882,2.7633,-0.5,-0.5
2015-06-01,0.18022735628834394,0.205,0.24,FORCE_BUY,0.0,0.0,0.0,0.0,FORCE_BUY,23597732.207971882,2.7727,-0.5,-0.5
2015-06-02,0.19981655356436237,0.205,0.24,FORCE_BUY,-0.011336779911373869,0.0019671361556144115,0.0,-0.011336779911373869,FREE,23644152.16018869,2.6773,-0.5,-0.5
2015-06-03,0.20459897471507527,0.205,0.24,FORCE_BUY,-0.038780960743423715,-0.018615274534167277,-0.0029268649617678515,-0.038780960743423715,FORCE_SELL,23574948.919680327,2.6273,-0.5,-0.5
2015-06-04,0.19118545766510964,0.18,0.2,FREE,-0.013674817475953095,-0.00453053487056162,0.009271062695561388,-0.00453053487056162,FORCE_SELL,23793513.749159344,2.5533,-0.5,-0.5
2015-06-05,0.17234085337557858,0.18,0.2,FORCE_BUY,0.009659559429850362,0.009659559429850362,0.009659559429850362,0.009659559429850362,FORCE_BUY,24023348.60926431,2.5713,-0.5,-0.5
2015-06-08,0.19287020892082476,0.18,0.2,FREE,-0.0603810264385691,-0.05794973886045121,-0.0057153965785380545,-0.05794973886045121,FORCE_SELL,23886045.644817896,2.4167,-0.5,-0.5
2015-06-09,0.18564842752793498,0.18,0.2,FREE,-0.0016616125950233754,0.004389676671432378,0.006646450380093683,0.004389676671432378,FORCE_SELL,24044803.06197283,2.4033,-0.5,-0.5
2015-06-10,0.1868447394547097,0.18,0.2,FREE,-0.006359300476947576,-0.022257551669316342,-0.022257551669316342,-0.022257551669316342,FORCE_BUY,23891894.934392717,2.5,-0.5,-0.5
2015-06-11,0.19527707481101544,0.18,0.2,FREE,-0.002121697357886336,0.0014087690366984952,0.0,0.0014087690366984952,FREE,23925553.09620434,2.4927,-0.5,-0.5
2015-06-12,0.19495163845931254,0.18,0.2,FREE,-0.01964986051024944,-0.01964986051024944,-0.01964986051024944,-0.01964986051024944,FORCE_BUY,23455419.315233357,2.4247,-0.5,-0.5
2015-06-15,0.1762634295593634,0.18,0.2,FORCE_BUY,0.013169520764084649,0.0041002825726130345,-0.00311356081962392,0.013169520764084649,FORCE_BUY,23764315.94693564,2.408,-0.5,-0.5
2015-06-16,0.19219549245880974,0.18,0.2,FREE,0.015321671606896667,0.004479118741336677,0.005594288815597078,0.004479118741336677,FORCE_BUY,24128424.991837125,2.432,-0.5,-0.5
2015-06-17,0.1889798878631893,0.18,0.2,FREE,-0.005183673469387898,-0.006573494336609997,0.0018775510204081468,-0.006573494336609997,FORCE_SELL,24173727.340801388,2.4373,-0.5,-0.5
2015-06-18,0.18937953585607104,0.18,0.2,FREE,0.044137590925903226,0.022701989391428673,0.0,0.022701989391428673,FORCE_BUY,25240697.429324,2.5407,-0.5,-0.5
2015-06-19,0.18490617362192208,0.18,0.2,FREE,-0.01574803149606314,-0.01574803149606314,0.0,-0.01574803149606314,FORCE_SELL,25240697.429324,2.5,-0.5,-0.5
2015-06-22,0.17175733615648392,0.18,0.2,FORCE_BUY,0.000276319425255558,0.000276319425255558,0.000276319425255558,0.000276319425255558,FORCE_BUY,25247671.92433072,2.534,-0.5,-0.5
2015-06-23,0.19720506255754222,0.18,0.2,FREE,-0.02976675592812536,-0.006006858230149458,0.0033764116893699415,-0.006006858230149458,FORCE_SELL,25332918.45894541,2.5,-0.5,-0.5
2015-06-24,0.20121871291656293,0.18,0.2,FORCE_SELL,-0.025995222929936442,-0.018197251432716333,0.0,0.0,FORCE_SELL,25332918.45894541,2.4467,-0.5,-0.5
2015-06-25,0.18941187678155647,0.18,0.2,FREE,-0.01274793304280546,-0.01274793304280546,0.0,-0.01274793304280546,FORCE_SELL,25332918.45894541,2.424,-0.5,-0.5
2015-06-26,0.23479634339311825,0.18,0.2,FORCE_SELL,-0.04201680672268919,-0.039201680672268875,-0.039201680672268875,-0.039201680672268875,FREE,24339825.479021203,2.28,-0.5,-0.5
2015-06-29,0.22244324435284354,0.18,0.2,FORCE_SELL,-0.02995475113122176,-0.010242937086873944,0.0,0.0,FORCE_SELL,24339825.479021203,2.1438,-0.5,-0.5
2015-06-30,0.2594987194908626,0.18,0.2,FORCE_SELL,0.008684324793747198,0.005814259849107166,0.0,0.0,FORCE_BUY,24551200.428904146,2.0907,-0.5,-0.5
2015-07-01,0.2940497431836193,0.18,0.2,FORCE_SELL,-0.013999348867494526,-0.010799423115716258,0.0,0.0,FORCE_SELL,24551200.428904146,2.12,-0.5,-0.5
2015-07-02,0.24763430839499392,0.18,0.2,FORCE_SELL,0.021690951101051664,0.0029323068073548973,0.0,0.0,FORCE_BUY,25083739.316879626,2.1667,-0.5,-0.5
2015-07-06,0.30644850094563164,0.18,0.2,FORCE_SELL,0.0,0.0,0.0,0.0,FORCE_BUY,25083739.316879626,2.052,-0.5,-0.5
2015-07-07,0.27956435219331904,0.18,0.2,FORCE_SELL,0.029046484513610808,0.024484209459117032,0.0,0.0,FORCE_BUY,25812333.762490824,2.03,-0.5,-0.5
2015-07-08,0.2754759262053213,0.18,0.2,FORCE_SELL,-0.03215767634854762,0.007638335827684086,0.0,0.0,FREE,26009497.036264997,1.866,-0.5,-0.5
2015-07-09,0.2992707166076137,0.18,0.2,FORCE_SELL,-0.03223530688663374,-0.015600157906465417,0.0,0.0,FORCE_SELL,26009497.036264997,1.7833,-0.5,-0.5
2015-07-10,0.29012286312355545,0.18,0.2,FORCE_SELL,0.025475305649808787,0.020089405935261432,0.0,0.0,FORCE_BUY,26672096.923061643,1.904,-0.5,-0.5
2015-07-13,0.28504171681448126,0.18,0.2,FORCE_SELL,0.0,0.0,0.0,0.0,FORCE_BUY,26672096.923061643,1.9353,-0.5,-0.5
2015-07-14,0.2687544041978287,0.18,0.2,FORCE_SELL,0.017584756499265167,0.01591243095322579,0.0,0.0,FORCE_BUY,27141119.252778485,2.008,-0.5,-0.5
2015-07-15,0.2990898025059849,0.18,0.2,FORCE_SELL,0.045391241553618344,0.009594057873833,0.0,0.0,FORCE_BUY,28373088.352816917,2.0267,-0.5,-0.5
2015-07-16,0.28954225604307254,0.18,0.2,FORCE_SELL,0.015453562046051523,-0.0016998918250657128,0.0,0.0,FORCE_BUY,28811553.63411527,1.9713,-0.5,-0.5
2015-07-17,0.27669286216485095,0.18,0.2,FORCE_SELL,0.0039032407169636756,0.010546064224026194,0.0,0.0,FREE,29115402.12913463,1.9547,-0.5,-0.5
2015-07-20,0.30957810771540867,0.18,0.2,FORCE_SELL,-0.021650326797385513,-0.021650326797385513,0.0,0.0,FORCE_SELL,29115402.12913463,1.916,-0.5,-0.5
2015-07-21,0.32525275189550035,0.18,0.2,FORCE_SELL,-0.04461297071129705,-0.04461297071129705,0.0,0.0,FORCE_SELL,29115402.12913463,1.8267,-0.5,-0.5
2015-07-22,0.31516648144885023,0.18,0.2,FORCE_SELL,0.01738888888888882,-0.00011782111255148255,0.0,0.0,FORCE_BUY,29621686.62171347,1.8313,-0.5,-0.5
2015-07-23,0.300350135234964,0.18,0.2,FORCE_SELL,0.020607028753993693,-0.01666666666666649,0.0,0.0,FORCE_BUY,30232101.56966891,1.9167,-0.5,-0.5
2015-07-24,0.3413466614727824,0.18,0.2,FORCE_SELL,-0.015078782402439626,-0.015078782402439626,0.0,0.0,FORCE_SELL,30232101.56966891,1.744,-0.5,-0.5
2015-07-27,0.3025486597633193,0.18,0.2,FORCE_SELL,0.015506649967197523,0.015506649967197523,0.0,0.0,FORCE_BUY,30700900.186482526,1.7027,-0.5,-0.5
2015-07-28,0.32439784142991007,0.18,0.2,FORCE_SELL,0.07361275088547815,0.02189111019472021,0.0,0.0,FORCE_BUY,32960877.903869998,1.8187,-0.5,-0.5
2015-07-29,0.28784157947246186,0.18,0.2,FORCE_SELL,0.0,0.0,0.0,0.0,FORCE_BUY,32960877.903869998,1.7867,-0.5,-0.5
2015-07-30,0.30517497608205035,0.18,0.2,FORCE_SELL,0.04147982062780281,0.032122358384368985,0.0,0.0,FORCE_BUY,34328089.20705744,1.858,-0.5,-0.5
2015-07-31,0.3357209709760918,0.18,0.2,FORCE_SELL,-0.01482756705725555,-0.01482756705725555,0.0,0.0,FORCE_SELL,34328089.20705744,1.774,-0.5,-0.5
2015-08-03,0.2986320013563479,0.18,0.2,FORCE_SELL,-0.0007394766780432587,-0.0007394766780432587,0.0,0.0,FORCE_SELL,34328089.20705744,1.7567,-0.5,-0.5
2015-08-04,0.3039038466434888,0.18,0.2,FORCE_SELL,-0.014337957856852698,-0.013293086434086079,0.0,0.0,FORCE_SELL,34328089.20705744,1.698,-0.5,-0.5
2015-08-05,0.2678798185136508,0.18,0.2,FORCE_SELL,0.0,0.0,0.0,0.0,FORCE_BUY,34328089.20705744,1.76,-0.5,-0.5
2015-08-06,0.2916812171515824,0.18,0.2,FORCE_SELL,-0.03692378699590386,-0.03692378699590386,0.0,0.0,FORCE_SELL,34328089.20705744,1.6693,-0.5,-0.5
2015-08-07,0.27142605327708375,0.18,0.2,FORCE_SELL,0.047501057593521516,0.02296488789508676,0.0,0.0,FORCE_BUY,35958709.74955742,1.7333,-0.5,-0.5
2015-08-10,0.27627533197720394,0.18,0.2,FORCE_SELL,0.0,0.0,0.0,0.0,FORCE_BUY,35958709.74955742,1.8227,-0.5,-0.5
2015-08-11,0.307685963449443,0.18,0.2,FORCE_SELL,-0.001175571621701184,-0.001175571621701184,0.0,0.0,FORCE_SELL,35958709.74955742,1.6993,-0.5,-0.5
2015-08-12,0.299844546702806,0.18,0.2,FORCE_SELL,0.06316113161131609,0.026260762607626147,0.0,0.0,FORCE_BUY,38229902.54862233,1.7287,-0.5,-0.5
2015-08-13,0.3184827647157686,0.18,0.2,FORCE_SELL,0.01148331052537619,0.01148331052537619,0.0,0.0,FORCE_BUY,38668908.390943035,1.7,-0.5,-0.5
2015-08-14,0.2940476235095513,0.18,0.2,FORCE_SELL,-0.010220645704322611,-0.004017439865856929,0.0,0.0,FORCE_SELL,38668908.390943035,1.6463,-0.5,-0.5
2015-08-17,0.27544852182396395,0.18,0.2,FORCE_SELL,0.0,0.0,0.0,0.0,FORCE_BUY,38668908.390943035,1.6967,-0.5,-0.5
2015-08-18,0.2943934008468053,0.18,0.2,FORCE_SELL,-0.004954480708490798,-0.004954480708490798,0.0,0.0,FORCE_SELL,38668908.390943035,1.6067,-0.5,-0.5
2015-08-19,0.2818283616880604,0.18,0.2,FORCE_SELL,-0.02146464646464654,-0.02146464646464654,0.0,0.0,FORCE_SELL,38668908.390943035,1.55,-0.5,-0.5
2015-08-20,0.3150754380062861,0.18,0.2,FORCE_SELL,-0.09517488551138245,-0.08369548308507642,0.0,0.0,FORCE_SELL,38668908.390943035,1.3633,-0.5,-0.5
2015-08-21,0.3060281405090371,0.18,0.2,FORCE_SELL,-0.04770806849622363,-0.04770806849622363,0.0,0.0,FORCE_SELL,38668908.390943035,1.2735,-0.5,-0.5
2015-08-24,0.3293765957593174,0.18,0.2,FORCE_SELL,0.00913514897976581,0.00913514897976581,0.0,0.0,FORCE_BUY,39022154.629979216,1.182,-0.5,-0.5
2015-08-25,0.34344426714603044,0.18,0.2,FORCE_SELL,-0.08210609659540777,-0.08210609659540777,0.0,0.0,FORCE_SELL,39022154.629979216,1.1593,-0.5,-0.5
2015-08-26,0.32127783051670966,0.18,0.2,FORCE_SELL,0.0,0.0,0.0,0.0,FORCE_BUY,39022154.629979216,1.32,-0.5,-0.5
2015-08-27,0.297630687728337,0.18,0.2,FORCE_SELL,0.0,0.0,0.0,0.0,FORCE_BUY,39022154.629979216,1.4707,-0.5,-0.5
2015-08-28,0.28453970617890295,0.18,0.2,FORCE_SELL,0.0,0.0,0.0,0.0,FORCE_BUY,39022154.629979216,1.4853,-0.5,-0.5
2015-08-31,0.26535407884600826,0.18,0.2,FORCE_SELL,0.0,0.0,0.0,0.0,FORCE_BUY,39022154.629979216,1.4673,-0.5,-0.5
2015-09-01,0.2937974168830083,0.18,0.2,FORCE_SELL,-0.029267578839540606,-0.029267578839540606,0.0,0.0,FORCE_SELL,39022154.629979216,1.3267,-0.5,-0.5
2015-09-02,0.26878745701865087,0.18,0.2,FORCE_SELL,0.0,0.0,0.0,0.0,FORCE_BUY,39022154.629979216,1.4333,-0.5,-0.5
2015-09-03,0.2805155995637808,0.18,0.2,FORCE_SELL,-0.04614764559682933,-0.04614764559682933,0.0,0.0,FORCE_SELL,39022154.629979216,1.42,-0.5,-0.5
2015-09-04,0.2788918924211527,0.18,0.2,FORCE_SELL,-0.024726649038805067,-0.024726649038805067,0.0,0.0,FORCE_SELL,39022154.629979216,1.3647,-0.5,-0.5
2015-09-08,0.22807795257120797,0.18,0.2,FORCE_SELL,0.012499999999999963,0.010227272727272679,0.0,0.0,FORCE_BUY,39509931.562853955,1.5147,-0.5,-0.5
2015-09-09,0.24721166387618107,0.18,0.2,FORCE_SELL,-0.008512064343163454,-0.008512064343163454,0.0,0.0,FORCE_SELL,39509931.562853955,1.4793,-0.5,-0.5
2015-09-10,0.21450671704730204,0.18,0.2,FORCE_SELL,0.03666597091769294,0.06060944061502752,0.0,0.0,FREE,41904606.41361655,1.49,-0.5,-0.5
2015-09-11,0.21087982870127484,0.18,0.2,FORCE_SELL,0.015785813630041782,0.0063601018795078025,0.0,0.0,FORCE_BUY,42566104.72070216,1.4607,-0.5,-0.5
2015-09-14,0.21206155831045495,0.18,0.2,FORCE_SELL,0.0,0.0,0.0,0.0,FORCE_BUY,42566104.72070216,1.5,-0.5,-0.5
2015-09-15,0.2118979608984007,0.18,0.2,FORCE_SELL,-0.0029767682650617827,-0.0003882741215297895,0.0,0.0,FORCE_SELL,42566104.72070216,1.5407,-0.5,-0.5
2015-09-16,0.20683227208095858,0.18,0.2,FORCE_SELL,0.022739187418086504,0.007380901444826301,0.0,0.0,FORCE_BUY,43534023.3536041,1.5607,-0.5,-0.5
2015-09-17,0.2182734127704888,0.18,0.2,FORCE_SELL,-0.02035110533159945,-0.016618989054371088,0.0,0.0,FORCE_SELL,43534023.3536041,1.5067,-0.5,-0.5
2015-09-18,0.2193306996561799,0.18,0.2,FORCE_SELL,-0.009134615384615269,-0.00556696148620378,0.0,0.0,FORCE_SELL,43534023.3536041,1.4427,-0.5,-0.5
2015-09-21,0.22368979510720557,0.18,0.2,FORCE_SELL,-0.013812154696132723,-0.017058011049723813,0.0,0.0,FORCE_SELL,43534023.3536041,1.428,-0.5,-0.5
2015-09-22,0.22052987013369207,0.18,0.2,FORCE_SELL,-0.03422575976845133,-0.03214496831475796,0.0,0.0,FORCE_SELL,43534023.3536041,1.3347,-0.5,-0.5
2015-09-23,0.22341668359786593,0.18,0.2,FORCE_SELL,-0.006617479272837859,-0.006617479272837859,0.0,0.0,FORCE_SELL,43534023.3536041,1.306,-0.5,-0.5
2015-09-24,0.21569727878728984,0.18,0.2,FORCE_SELL,0.025182970016526435,-0.015365902528124609,0.0,0.0,FORCE_BUY,44630339.35841668,1.3027,-0.5,-0.5
2015-09-25,0.21523950621554908,0.18,0.2,FORCE_SELL,-0.019885305727266028,0.0027207918416987872,0.0,0.0,FREE,44751769.221635304,1.316,-0.5,-0.5
2015-09-28,0.2210226835090975,0.18,0.2,FORCE_SELL,-0.03792191132846951,-0.03792191132846951,0.0,0.0,FORCE_SELL,44751769.221635304,1.2,-0.5,-0.5
2015-09-29,0.21906244466851052,0.18,0.2,FORCE_SELL,0.02544275380394102,0.02544275380394102,0.0,0.0,FORCE_BUY,45890377.468232155,1.2333,-0.5,-0.5
2015-09-30,0.21753019540371524,0.18,0.2,FORCE_SELL,0.025641025641025734,0.0037377588397997396,0.0,0.0,FORCE_BUY,47067053.813571446,1.372,-0.5,-0.5
2015-10-01,0.22666157962323852,0.18,0.2,FORCE_SELL,0.057866898239520126,0.02925253804699934,0.0,0.0,FORCE_BUY,49790678.2270354,1.34,-0.5,-0.5
2015-10-02,0.22264545331136823,0.18,0.2,FORCE_SELL,0.0,0.0,0.0,0.0,FORCE_BUY,49790678.2270354,1.4133,-0.5,-0.5
2015-10-05,0.2180836532655918,0.18,0.2,FORCE_SELL,0.0,0.0,0.0,0.0,FORCE_BUY,49790678.2270354,1.492,-0.5,-0.5
2015-10-06,0.21272393349804508,0.18,0.2,FORCE_SELL,0.050111513799832724,0.01435401449679406,0.0,0.0,FORCE_BUY,52285764.48611252,1.5067,-0.5,-0.5
2015-10-07,0.21457224810660205,0.18,0.2,FORCE_SELL,0.0361900974348778,0.011002850135878662,0.0,0.0,FORCE_BUY,54177991.39732201,1.5633,-0.5,-0.5
2015-10-08,0.21026524610234146,0.18,0.2,FORCE_SELL,0.0,0.0,0.0,0.0,FORCE_BUY,54177991.39732201,1.6,-0.5,-0.5
2015-10-09,0.22221133305660223,0.18,0.2,FORCE_SELL,0.0021171489061397376,0.0021171489061397376,0.0,0.0,FORCE_BUY,54292694.272545695,1.562,-0.5,-0.5
2015-10-12,0.2122398538625512,0.18,0.2,FORCE_SELL,0.014223831382944203,0.027357304601056873,0.0,0.0,FREE,55777996.04737178,1.5687,-0.5,-0.5
2015-10-13,0.2221733954875156,0.18,0.2,FORCE_SELL,0.014461315979754006,0.024180304471135988,0.0,0.0,FREE,57126724.97458705,1.5433,-0.5,-0.5
2015-10-14,0.206078638422721,0.21,0.24,FORCE_BUY,0.08035024465619367,0.016804017512232764,0.0,0.08035024465619367,FORCE_BUY,61716871.30270221,1.678,-0.5,-0.5
2015-10-15,0.20383603745862702,0.21,0.24,FORCE_BUY,-0.021493212669683286,-0.031278280542986564,-0.031278280542986564,-0.021493212669683286,FORCE_BUY,60390377.46248576,1.73,-0.5,-0.5
2015-10-16,0.2023385833672929,0.21,0.24,FORCE_BUY,-0.0007500144233543341,-0.0007500144233543341,-0.0007500144233543341,-0.0007500144233543341,FORCE_BUY,60345083.80835708,1.732,-0.5,-0.5
2015-10-19,0.21049337883853156,0.21,0.24,FREE,0.02108592514496569,0.02108592514496569,0.02108592514496569,0.02108592514496569,FORCE_BUY,61617515.72840679,1.7433,-0.5,-0.5
2015-10-20,0.20771188364221815,0.21,0.24,FORCE_BUY,-0.011472494693971087,-0.011472494693971087,-0.011472494693971087,-0.011472494693971087,FORCE_BUY,60910609.10615696,1.7233,-0.5,-0.5
2015-10-21,0.2136411617809312,0.21,0.24,FREE,0.00413199750948104,0.029576838942969575,0.02377313635591782,0.029576838942969575,FREE,62712152.38160794,1.774,-0.5,-0.5
2015-10-22,0.2101106826360238,0.21,0.24,FREE,0.08159712472623126,0.07370761337755885,0.06261582523726628,0.07370761337755885,FORCE_BUY,67829283.70134042,1.926,-0.5,-0.5
2015-10-23,0.20636926869645603,0.21,0.24,FORCE_BUY,0.03269981775579271,0.031341414676684456,0.0,0.03269981775579271,FORCE_BUY,70047288.9168802,1.9833,-0.5,-0.5
2015-10-26,0.21407428159742037,0.21,0.24,FREE,-0.050339164584077195,-0.03885490868267784,-0.03978171061355647,-0.03885490868267784,FREE,67325607.90254568,1.862,-0.5,-0.5
2015-10-27,0.21325822720888252,0.21,0.24,FREE,0.016057434098755954,0.03700623887448059,0.0,0.03700623887448059,FREE,69817075.4309569,1.854,-0.5,-0.5
2015-10-28,0.20540244836209484,0.21,0.24,FORCE_BUY,0.0,0.0,0.0,0.0,FORCE_BUY,69817075.4309569,1.93,-0.5,-0.5
2015-10-29,0.21714806346777246,0.21,0.24,FREE,0.0,0.0,0.0,0.0,FORCE_BUY,69817075.4309569,1.7867,-0.5,-0.5
2015-10-30,0.20787613842569597,0.21,0.24,FORCE_BUY,0.013342340820807286,0.013736418397793099,0.0,0.013342340820807286,FREE,70776111.9903868,1.8,-0.5,-0.5
2015-11-02,0.20603820157495467,0.21,0.24,FORCE_BUY,0.016152149944873042,5.5126791620719714e-05,5.5126791620719714e-05,0.016152149944873042,FORCE_BUY,71919298.36377066,1.8433,-0.5,-0.5
2015-11-03,0.2078293222571174,0.21,0.24,FORCE_BUY,0.017749224152011765,0.01056242173463281,0.01056242173463281,0.017749224152011765,FORCE_BUY,73195810.11128464,1.8693,-0.5,-0.5
2015-11-04,0.2050568628362536,0.21,0.24,FORCE_BUY,-0.007444036794810344,0.0010006028159862126,-0.005689370978890714,-0.007444036794810344,FREE,73269050.04500037,1.8667,-0.5,-0.5
2015-11-05,0.21550942175460672,0.21,0.24,FREE,-0.05977035600062919,-0.04992494995727243,-0.06721543543228653,-0.04992494995727243,FREE,69611096.38808684,1.7933,-0.5,-0.5
2015-11-06,0.20699968824118672,0.21,0.24,FORCE_BUY,0.010611768451212311,0.010611768451212311,0.0,0.010611768451212311,FORCE_BUY,70349793.22459224,1.9047,-0.5,-0.5
2015-11-09,0.20572840697715944,0.21,0.24,FORCE_BUY,-0.021156185539747165,-0.021156185539747165,-0.021156185539747165,-0.021156185539747165,FORCE_BUY,68861459.94644992,1.8507,-0.5,-0.5
2015-11-10,0.21429975208416333,0.21,0.24,FREE,-0.02847943152167885,-0.02847943152167885,-0.02847943152167885,-0.02847943152167885,FORCE_BUY,66900324.713422164,1.75,-0.5,-0.5
2015-11-11,0.21273884291040238,0.21,0.24,FREE,-0.0022753128555176158,0.00521029572970352,0.015927189988623466,0.00521029572970352,FORCE_SELL,67965858.89543344,1.754,-0.5,-0.5
2015-11-12,0.20975878314981608,0.21,0.24,FORCE_BUY,-0.0299660001152538,-0.002576804824390339,0.007318619258917815,-0.0299660001152538,FORCE_SELL,68463275.13929446,1.6833,-0.5,-0.5
2015-11-13,0.20658874593954482,0.21,0.24,FORCE_BUY,-0.0372173087196534,-0.0372173087196534,-0.0372173087196534,-0.0372173087196534,FORCE_BUY,65915256.292476766,1.622,-0.5,-0.5
2015-11-16,0.20138388360776005,0.21,0.24,FORCE_BUY,0.05594579474109535,0.0394728662895505,0.0394728662895505,0.05594579474109535,FORCE_BUY,69602937.69132236,1.6987,-0.5,-0.5
2015-11-17,0.20528854495561813,0.21,0.24,FORCE_BUY,0.015614035087719354,-0.004185779816513819,0.0,0.015614035087719354,FORCE_BUY,70689720.40264301,1.7367,-0.5,-0.5
2015-11-18,0.20574703368490066,0.21,0.24,FORCE_BUY,0.005228537696070102,-0.017440640167912882,-0.02811041772080748,0.005228537696070102,FORCE_BUY,71059324.27049288,1.788,-0.5,-0.5
2015-11-19,0.21759928407314866,0.21,0.24,FREE,0.006371206617112928,0.0027943888671547986,0.0027943888671547986,0.0027943888671547986,FORCE_BUY,71512057.90749262,1.8007,-0.5,-0.5
2015-11-20,0.21601500858194322,0.21,0.24,FREE,0.0,0.0,0.0,0.0,FORCE_BUY,71512057.90749262,1.8213,-0.5,-0.5
2015-11-23,0.2261737810860042,0.21,0.24,FREE,-0.016566180199470287,-0.0027015595664376946,0.0,-0.0027015595664376946,FORCE_SELL,71512057.90749262,1.7453,-0.5,-0.5
2015-11-24,0.21683083803731543,0.21,0.24,FREE,0.0405552687431882,0.0405552687431882,0.0405552687431882,0.0405552687431882,FORCE_BUY,74412248.63430943,1.814,-0.5,-0.5
2015-11-25,0.21562723301906495,0.21,0.24,FREE,-0.030226156420359456,-0.030226156420359456,-0.030226156420359456,-0.030226156420359456,FORCE_BUY,72163052.36749811,1.7967,-0.5,-0.5
2015-11-27,0.20975037773570956,0.21,0.24,FORCE_BUY,0.013076881163842457,0.013076881163842457,0.013076881163842457,0.013076881163842457,FORCE_BUY,73106720.02772802,1.8593,-0.5,-0.5
2015-11-30,0.2065327716048987,0.21,0.24,FORCE_BUY,0.02893890675241154,0.026399917482848565,0.01822079314040725,0.02893890675241154,FORCE_BUY,75222348.5815851,1.92,-0.5,-0.5
2015-12-01,0.20738888768861144,0.21,0.24,FORCE_BUY,0.03772116432314638,0.013179058786903959,0.013179058786903959,0.03772116432314638,FORCE_BUY,78059823.15320405,2.0,-0.5,-0.5
2015-12-02,0.21315971240054363,0.21,0.24,FREE,0.013389037096693096,0.011410921332207277,0.009362259022499656,0.011410921332207277,FORCE_BUY,79104969.02116361,2.0133,-0.5,-0.5
2015-12-03,0.2156965923026177,0.21,0.24,FREE,-0.0255243871619914,-0.017636690594273495,0.0,-0.017636690594273495,FORCE_SELL,79104969.02116361,1.928,-0.5,-0.5
2015-12-04,0.21085746868143565,0.21,0.24,FREE,0.04381774284686898,0.03184876971284738,0.03184876971284738,0.03184876971284738,FORCE_BUY,82571170.21164249,2.032,-0.5,-0.5
2015-12-07,0.21381062007055376,0.21,0.24,FREE,-0.016975308641975217,-0.0021311852753881214,0.0,-0.0021311852753881214,FORCE_SELL,82571170.21164249,1.9747,-0.5,-0.5
2015-12-08,0.20591696516911004,0.21,0.24,FORCE_BUY,0.025549582157875114,0.04677579803491646,0.0,0.025549582157875114,FREE,86433502.59296899,1.9267,-0.5,-0.5
2015-12-09,0.21288813373336998,0.21,0.24,FREE,-0.03176846182027533,-0.019167355435345312,0.009420631182289209,-0.019167355435345312,FORCE_SELL,87247760.74269079,1.85,-0.5,-0.5
2015-12-10,0.20823670824926976,0.21,0.24,FORCE_BUY,-0.011191089160931075,-0.011191089160931075,0.0,-0.011191089160931075,FORCE_SELL,87247760.74269079,1.882,-0.5,-0.5
2015-12-11,0.20774303758704937,0.21,0.28,FORCE_BUY,-0.0527807486631016,-0.03310959463271409,-0.019625668449197966,-0.0527807486631016,FORCE_SELL,85535465.11741978,1.7713,-0.5,-0.5
2015-12-14,0.20961628130745313,0.21,0.28,FORCE_BUY,-0.019194941568339775,-0.018428720195718593,-0.030486083667363006,-0.019194941568339775,FREE,83959155.9639602,1.7373,-0.5,-0.5
2015-12-15,0.20630801509322885,0.21,0.28,FORCE_BUY,0.020293122886133164,0.007891770011274038,0.007891770011274038,0.020293122886133164,FORCE_BUY,85662949.43335286,1.81,-0.5,-0.5
2015-12-16,0.20924739958137314,0.21,0.28,FORCE_BUY,0.015256361357816184,-0.020705061842750488,-0.020705061842750488,0.015256361357816184,FORCE_BUY,86969854.34488443,1.8633,-0.5,-0.5
2015-12-17,0.2189799503076801,0.21,0.28,FREE,-0.060396570203644105,-0.012878308994444233,0.017524115755627002,-0.012878308994444233,FORCE_SELL,88493924.1396742,1.7533,-0.5,-0.5
2015-12-18,0.21152375216026453,0.21,0.28,FREE,-0.012643678160919576,-0.012643678160919576,-0.012643678160919576,-0.012643678160919576,FORCE_BUY,87375035.44365533,1.718,-0.5,-0.5
2015-12-21,0.20653470549429345,0.21,0.28,FORCE_BUY,0.03545490936123979,0.01902763415668986,0.013324183679304597,0.03545490936123979,FORCE_BUY,90472909.40574524,1.8107,-0.5,-0.5
2015-12-22,0.21118299900506865,0.21,0.28,FREE,-0.008351528384279504,-0.002292576419214014,-0.002292576419214014,-0.002292576419214014,FREE,90265493.34706394,1.8167,-0.5,-0.5
2015-12-23,0.2074584603848116,0.21,0.28,FORCE_BUY,0.0,0.0,0.0,0.0,FORCE_BUY,90265493.34706394,1.856,-0.5,-0.5
2015-12-24,0.20657857818315947,0.21,0.28,FORCE_BUY,0.0,0.0,0.0,0.0,FORCE_BUY,90265493.34706394,1.8633,-0.5,-0.5
2015-12-28,0.22010704048006227,0.21,0.28,FREE,0.0,0.0,0.0,0.0,FORCE_BUY,90265493.34706394,1.8253,-0.5,-0.5
2015-12-29,0.20932474425207273,0.21,0.28,FORCE_BUY,0.0,0.0,0.0,0.0,FORCE_BUY,90265493.34706394,1.9207,-0.5,-0.5
2015-12-30,0.22433318842012231,0.21,0.28,FREE,-0.012415769087918561,-0.012415769087918561,0.0,-0.012415769087918561,FORCE_SELL,90265493.34706394,1.8613,-0.5,-0.5
2015-12-31,0.23091311956743643,0.21,0.28,FREE,-0.02862896641811349,-0.01719915092799202,-0.01719915092799202,-0.01719915092799202,FREE,88713003.50339812,1.7847,-0.5,-0.5
2016-01-04,0.21715376013230084,0.21,0.28,FREE,0.04484848484848481,0.037999999999999985,0.0,0.037999999999999985,FORCE_BUY,92691647.29688387,1.724,-0.5,-0.5
2016-01-05,0.23696168805179144,0.21,0.28,FREE,-0.020289685099395976,0.006551891374930847,0.0,0.006551891374930847,FREE,93298952.90133646,1.6707,-0.5,-0.5
2016-01-06,0.23000091744838913,0.21,0.28,FREE,-0.0415136615422917,-0.0415136615422917,0.0,-0.0415136615422917,FORCE_SELL,93298952.90133646,1.54,-0.5,-0.5
2016-01-07,0.2403415139532378,0.21,0.28,FREE,-0.05917566916672397,-0.05686642556476043,0.011697515998073385,-0.05686642556476043,FORCE_SELL,94390318.89550334,1.3673,-0.5,-0.5
2016-01-08,0.23901756226266802,0.21,0.24,FREE,-0.06378571428571424,-0.035628893662728096,-0.021428571428571283,-0.035628893662728096,FORCE_SELL,92367669.20488544,1.3107,-0.5,-0.5
2016-01-11,0.2390257075143333,0.21,0.23,FORCE_SELL,0.009090909090909023,0.012803030303030215,0.012803030303030215,0.012803030303030215,FREE,93550255.27273585,1.332,-0.5,-0.5
2016-01-12,0.24482062552660908,0.21,0.23,FORCE_SELL,0.03545130190541264,0.016852653154178974,0.0,0.0,FORCE_BUY,96866733.61573802,1.364,-0.5,-0.5
2016-01-13,0.25999726228102826,0.21,0.23,FORCE_SELL,-0.10262373719020275,-0.08086564466268796,0.0,0.0,FORCE_SELL,96866733.61573802,1.2347,-0.5,-0.5
2016-01-14,0.24841722912706543,0.21,0.23,FORCE_SELL,0.06795404546565627,0.048398924468345116,0.0,0.0,FORCE_BUY,103449220.03597149,1.3107,-0.5,-0.5
2016-01-15,0.2588926143932759,0.21,0.23,FORCE_SELL,0.0,0.0,0.0,0.0,FORCE_BUY,103449220.03597149,1.1593,-0.5,-0.5
2016-01-19,0.26092409440382075,0.21,0.23,FORCE_SELL,0.013718154284696143,0.019686442187778444,0.0,0.0,FREE,105485767.12558042,1.138,-0.5,-0.5
2016-01-20,0.2555934866858643,0.21,0.23,FORCE_SELL,0.08047690014903111,0.03374679048854739,0.0,0.0,FORCE_BUY,113974934.6736897,1.16,-0.5,-0.5
2016-01-21,0.250898470965117,0.21,0.28,FREE,0.008877457894300167,0.013855471666804954,0.0,0.013855471666804954,FREE,115554111.15178694,1.216,-0.5,-0.5
2016-01-22,0.25251139062557776,0.21,0.28,FREE,0.0,0.0,0.0,0.0,FORCE_BUY,115554111.15178694,1.2667,-0.5,-0.5
2016-01-25,0.2477862838274154,0.21,0.28,FREE,-0.0032573289902280227,-0.0032573289902280227,0.0,-0.0032573289902280227,FORCE_SELL,115554111.15178694,1.224,-0.5,-0.5
2016-01-26,0.24913473223388136,0.21,0.28,FREE,-0.0036998310946674425,0.004182417759189151,0.004182417759189151,0.004182417759189151,FREE,116037406.71841548,1.2387,-0.5,-0.5
2016-01-27,0.25322224965217116,0.21,0.28,FREE,0.002722772277227862,-0.022662616178633424,0.0,-0.022662616178633424,FORCE_BUY,116353350.1525498,1.2153,-0.5,-0.5
2016-01-28,0.24683409505956974,0.21,0.28,FREE,0.010223431445296341,0.008761484410829605,0.0,0.008761484410829605,FORCE_BUY,117542880.65126495,1.2253,-0.5,-0.5
2016-01-29,0.24387237014344917,0.21,0.28,FREE,0.024452254542735488,0.007477753682793745,0.0,0.007477753682793745,FORCE_BUY,120417069.08863606,1.37,-0.5,-0.5
2016-02-01,0.23054184207839024,0.21,0.28,FREE,0.0,0.0,0.0,0.0,FORCE_BUY,120417069.08863606,1.388,-0.5,-0.5
2016-02-02,0.24461520897662936,0.21,0.28,FREE,-0.008973239101088062,-0.008973239101088062,0.0,-0.008973239101088062,FORCE_SELL,120417069.08863606,1.248,-0.5,-0.5
2016-02-03,0.23824492733682115,0.21,0.28,FREE,-0.01955177743431221,-0.019314758286640577,-0.06282843894899545,-0.019314758286640577,FREE,118091242.50560336,1.2687,-0.5,-0.5
2016-02-04,0.23551696807776168,0.21,0.28,FREE,0.04420936291150227,-0.006888561781729904,-0.007420857345859309,-0.006888561781729904,FORCE_BUY,123311981.10220382,1.3227,-0.5,-0.5
2016-02-05,0.24546196420542885,0.21,0.28,FREE,-0.06164545957480443,-0.05487623527820482,0.0,-0.05487623527820482,FORCE_SELL,123311981.10220382,1.1873,-0.5,-0.5
2016-02-08,0.2410016646791822,0.21,0.24,FORCE_SELL,-0.09077834179357015,-0.09077834179357015,-0.09077834179357015,-0.09077834179357015,FORCE_BUY,112117923.93446569,1.0747,-0.5,-0.5
2016-02-09,0.24980252256998092,0.21,0.24,FORCE_SELL,0.012468360363738561,0.04135802928787239,0.04002999906252922,0.04002999906252922,FREE,116754900.31624277,1.08,-0.5,-0.5
2016-02-10,0.2517144981841815,0.21,0.24,FORCE_SELL,-0.017362083450013933,0.021242929105268715,0.0,0.0,FREE,119235116.38635343,1.0527,-0.5,-0.5
2016-02-11,0.23692143496141518,0.21,0.24,FREE,0.028000000000000077,0.028000000000000077,0.0,0.028000000000000077,FORCE_BUY,122573699.64517133,1.028,-0.5,-0.5
2016-02-12,0.2392428924849915,0.21,0.24,FREE,0.01851851851851846,0.028566204621784188,-0.025925925925925995,0.028566204621784188,FREE,126075165.03048442,1.1,-0.5,-0.5
2016-02-16,0.24122189477383546,0.21,0.24,FORCE_SELL,0.030874785591766686,0.017753001715265955,0.0,0.0,FORCE_BUY,129967708.71924722,1.202,-0.5,-0.5
2016-02-17,0.23607132925607144,0.21,0.28,FREE,0.0,0.0,0.0,0.0,FORCE_BUY,129967708.71924722,1.3047,-0.5,-0.5
2016-02-18,0.25011470874237407,0.21,0.28,FREE,0.0004692265582232757,0.0004692265582232757,0.0,0.0004692265582232757,FORCE_BUY,130028693.01988973,1.2793,-0.5,-0.5
2016-02-19,0.24165940921185644,0.21,0.28,FREE,0.020966343501221583,0.03814681106309799,0.02963663592653898,0.03814681106309799,FREE,134988873.00530103,1.2953,-0.5,-0.5
2016-02-22,0.23299690685707475,0.21,0.28,FREE,-0.003891336270190963,0.0024982620799814136,0.0,0.0024982620799814136,FREE,135326110.5879496,1.3567,-0.5,-0.5
2016-02-23,0.23231981178094188,0.21,0.28,FREE,-0.049295243838094444,-0.035570099902150785,-0.009572623803422083,-0.035570099902150785,FORCE_SELL,134030684.64051087,1.2613,-0.5,-0.5
2016-02-24,0.22739653028654513,0.21,0.28,FREE,0.07860752386299845,0.07860752386299845,0.07860752386299845,0.07860752386299845,FORCE_BUY,144566504.88176385,1.3447,-0.5,-0.5
2016-02-25,0.22142739146548526,0.21,0.28,FREE,0.02397360703812323,0.00497396499499134,-0.003445747800586583,0.00497396499499134,FORCE_BUY,148032285.46067417,1.3967,-0.5,-0.5
2016-02-26,0.21442950164237262,0.21,0.28,FREE,0.0014265335235377412,0.007703281027104277,0.0,0.007703281027104277,FREE,149172619.75666225,1.404,-0.5,-0.5
2016-02-29,0.22795170426887013,0.21,0.28,FREE,-0.02034722222222225,0.0007638888888888577,0.0007638888888888577,0.0007638888888888577,FREE,149286571.0634208,1.4107,-0.5,-0.5
2016-03-01,0.2235725373367136,0.21,0.28,FREE,0.0,0.0,0.0,0.0,FORCE_BUY,149286571.0634208,1.5273,-0.5,-0.5
2016-03-02,0.218296906234093,0.21,0.28,FREE,0.0196168181520956,0.009608927458082039,0.0,0.009608927458082039,FORCE_BUY,152215098.58052185,1.5593,-0.5,-0.5
2016-03-03,0.2199642632019281,0.21,0.28,FREE,0.03037793534118244,-0.002601964483184916,0.0,-0.002601964483184916,FORCE_BUY,156839079.00315264,1.584,-0.5,-0.5
2016-03-04,0.2280955624882105,0.21,0.28,FREE,-0.004068399974572464,0.009471743690801698,0.0,0.009471743690801698,FREE,158324618.56017187,1.5667,-0.5,-0.5
2016-03-07,0.23123480589688658,0.21,0.28,FREE,0.03569834895136105,0.034795891934785286,0.0,0.034795891934785286,FORCE_BUY,163976546.04112405,1.6247,-0.5,-0.5
2016-03-08,0.2394108701169099,0.21,0.28,FREE,-0.049686716791980036,-0.033604262003318765,-0.03132832080200509,-0.033604262003318765,FORCE_SELL,158839436.20274296,1.5167,-0.5,-0.5
2016-03-09,0.2287202336485993,0.21,0.28,FREE,0.010030612909529033,0.00722985735686828,0.00722985735686828,0.00722985735686828,FORCE_BUY,160432693.10206053,1.5507,-0.5,-0.5
2016-03-10,0.24627827555462622,0.21,0.28,FREE,-0.01336848051214449,-0.03847360823448192,0.0,-0.03847360823448192,FORCE_SELL,160432693.10206053,1.572,-0.5,-0.5
2016-03-11,0.2379505657909585,0.21,0.24,FREE,0.012575941676792242,0.004860267314702297,0.0,0.004860267314702297,FORCE_BUY,162450285.29356277,1.6667,-0.5,-0.5
2016-03-14,0.23942529619836894,0.21,0.24,FREE,0.0,0.0,0.0,0.0,FORCE_BUY,162450285.29356277,1.628,-0.5,-0.5
2016-03-15,0.23969018084685276,0.21,0.24,FREE,0.0045418277788007565,0.002455042042595072,0.002455042042595072,0.002455042042595072,FORCE_BUY,163188106.5119832,1.6367,-0.5,-0.5
2016-03-16,0.24817629858921064,0.21,0.24,FORCE_SELL,0.03494954467142495,0.006194244023285532,0.0,0.0,FORCE_BUY,168891456.53036898,1.682,-0.5,-0.5
2016-03-17,0.24093429884767428,0.21,0.24,FORCE_SELL,0.03370854150364171,0.01486787455607059,0.0,0.0,FORCE_BUY,174584541.20243344,1.7173,-0.5,-0.5
2016-03-18,0.23829760704032976,0.21,0.28,FREE,0.0,0.0,0.0,0.0,FORCE_BUY,174584541.20243344,1.7873,-0.5,-0.5
2016-03-21,0.23395799874173817,0.21,0.28,FREE,0.02631578947368426,0.018437419822880365,0.0,0.018437419822880365,FORCE_BUY,179178871.23407644,1.794,-0.5,-0.5
2016-03-22,0.23462615253495664,0.21,0.28,FREE,0.0002841716396703167,0.0010074026870181619,0.0,0.0010074026870181619,FREE,179359376.51041454,1.76,-0.5,-0.5
2016-03-23,0.24498254499966776,0.21,0.28,FREE,-0.035185185185185174,-0.035185185185185174,-0.035185185185185174,-0.035185185185185174,FORCE_BUY,173048583.63319623,1.7193,-0.5,-0.5
2016-03-24,0.23912330607146629,0.26,0.28,FORCE_BUY,0.0279259303649548,0.014359601277026362,0.0111464013903038,0.0279259303649548,FORCE_BUY,177881126.32949093,1.7153,-0.5,-0.5
2016-03-28,0.2457372215154577,0.26,0.28,FORCE_BUY,-0.017208742040956813,-0.014914243102162562,-0.014914243102162562,-0.017208742040956813,FREE,175228163.96812642,1.7133,-0.5,-0.5
2016-03-29,0.24826699059057966,0.26,0.28,FORCE_BUY,0.04876179245283024,0.009846698113207632,0.009846698113207632,0.04876179245283024,FORCE_BUY,183772603.3314307,1.7787,-0.5,-0.5
2016-03-30,0.23874438904694686,0.26,0.28,FORCE_BUY,0.024737167594310428,0.03823016810029801,0.03823016810029801,0.024737167594310428,FREE,190798260.8490207,1.8227,-0.5,-0.5
2016-03-31,0.2463957502866052,0.21,0.24,FORCE_SELL,-0.008042747755191943,-0.0018292914834104666,0.002589103729411299,0.002589103729411299,FORCE_SELL,191292257.33775008,1.8007,-0.5,-0.5
2016-04-01,0.24733863961504218,0.21,0.24,FORCE_SELL,0.04588997877588473,0.04935212892534432,0.0,0.0,FREE,200732937.48430285,1.8233,-0.5,-0.5
2016-04-04,0.24891313878214627,0.21,0.28,FREE,-0.031996469355105764,-0.024971748358587037,0.0,-0.024971748358587037,FORCE_SELL,200732937.48430285,1.7547,-0.5,-0.5
2016-04-05,0.2541951983618916,0.21,0.28,FREE,0.006486796785304288,0.019757255824867672,0.02485648679678541,0.019757255824867672,FORCE_SELL,205722453.09456137,1.7533,-0.5,-0.5
2016-04-06,0.26094404168564633,0.21,0.28,FREE,0.031633643579055425,0.010677782218922967,0.010677782218922967,0.010677782218922967,FORCE_BUY,212230203.85196367,1.8067,-0.5,-0.5
2016-04-07,0.2628457819195997,0.21,0.28,FREE,-0.013010832807932622,-0.0050204041138429915,0.0,-0.0050204041138429915,FORCE_SELL,212230203.85196367,1.722,-0.5,-0.5
2016-04-08,0.26652389454264014,0.21,0.28,FREE,-0.013933547695605595,-0.01243071313307892,0.0014666892311164471,-0.01243071313307892,FORCE_SELL,212541479.60647097,1.748,-0.5,-0.5
2016-04-11,0.26913394791386946,0.21,0.24,FORCE_SELL,-0.03676957001102526,-0.02697013083180106,0.0,0.0,FORCE_SELL,212541479.60647097,1.7473,-0.5,-0.5
2016-04-12,0.2584695107649466,0.21,0.24,FORCE_SELL,0.005605964283650291,0.01412388028523242,0.0,0.0,FREE,215543390.02007893,1.74,-0.5,-0.5
2016-04-13,0.25062617314651897,0.21,0.24,FORCE_SELL,0.03642550343057961,0.005912868857031181,0.0,0.0,FORCE_BUY,223394666.51269406,1.858,2.0999999999999996,-0.5
2016-04-14,0.24105823369249268,0.21,0.24,FORCE_SELL,0.0,0.0,0.0,0.0,FORCE_BUY,223394666.51269406,1.8133,-0.5,-0.5
2016-04-15,0.2566964553952601,0.21,0.24,FORCE_SELL,-0.01303131991051459,-0.01303131991051459,0.0,0.0,FORCE_SELL,223394666.51269406,1.7647,-0.5,-0.5
2016-04-18,0.2415229308081479,0.21,0.24,FORCE_SELL,0.015281208709140116,0.020223427758723513,0.0,0.0,FREE,227912472.41259766,1.7673,-0.5,-0.5
2016-04-19,0.2584168336120955,0.21,0.245,FORCE_SELL,-0.028571428571428546,-0.02897142857142856,0.0,0.0,FORCE_SELL,227912472.41259766,1.7,-0.5,-0.5
2016-04-20,0.24349194049829168,0.21,0.245,FREE,0.028571428571428546,0.028571428571428546,0.0,0.028571428571428546,FORCE_BUY,234424257.33867186,1.8,-0.5,-0.5
2016-04-21,0.24150655175081837,0.21,0.245,FREE,-0.004335852815374715,-0.006654991340232722,0.0,-0.006654991340232722,FORCE_SELL,234424257.33867186,1.6993,-0.5,-0.5
2016-04-22,0.2540908722596537,0.21,0.245,FORCE_SELL,0.0031335228921254834,0.009440805987153742,0.023211280682411694,0.023211280682411694,FORCE_SELL,239865544.57452568,1.7287,-0.5,-0.5
2016-04-25,0.2517634969632726,0.21,0.245,FORCE_SELL,-0.007426900584795401,0.004750105968807694,0.0,0.0,FREE,241004931.32952046,1.6973,-0.5,-0.5
2016-04-26,0.2530557875820471,0.21,0.245,FORCE_SELL,-0.024408117249154527,-0.024408117249154527,0.0,0.0,FORCE_SELL,241004931.32952046,1.7307,-0.5,-0.5
2016-04-27,0.24830412662953058,0.21,0.245,FORCE_SELL,0.06301050175029178,0.048808709136808306,0.0,0.0,FORCE_BUY,256190772.97688815,1.822,-0.5,-0.5
2016-04-28,0.2583595565104478,0.21,0.25,FORCE_SELL,-0.03629701723249547,-0.03629701723249547,0.0,0.0,FORCE_SELL,256190772.97688815,1.6833,-0.5,-0.5
2016-04-29,0.26652091680645756,0.21,0.25,FORCE_SELL,0.011392653702612414,0.0034649627000363278,0.0,0.0,FORCE_BUY,259109465.7352184,1.5447,-0.5,-0.5
2016-05-02,0.2490136656347356,0.21,0.25,FREE,0.006374705169885843,0.003378593740039462,0.0,0.003378593740039462,FORCE_BUY,260761212.18600708,1.5787,-0.5,-0.5
2016-05-03,0.24874675978450903,0.21,0.25,FREE,-0.002157849996730494,-0.004773425750343237,0.0,-0.004773425750343237,FORCE_SELL,260761212.18600708,1.526,-0.5,-0.5
2016-05-04,0.26166958195914286,0.21,0.25,FORCE_SELL,-0.016510695187165754,0.00019514087183062734,0.0,0.0,FREE,260812097.35629267,1.4713,-0.5,-0.5
2016-05-05,0.25942351882365494,0.21,0.25,FORCE_SELL,-0.019832088318900043,-0.019832088318900043,0.0,0.0,FORCE_SELL,260812097.35629267,1.4827,-0.5,-0.5
2016-05-06,0.2505993615784959,0.21,0.25,FORCE_SELL,0.00134526131701086,0.00134526131701086,0.0,0.0,FORCE_BUY,261162957.78187457,1.4887,-0.5,-0.5
2016-05-09,0.2606344530607847,0.21,0.25,FORCE_SELL,0.0008779631255488643,0.013420001450000035,0.0,0.0,FREE,264667765.05399364,1.482,-0.5,-0.5
2016-05-10,0.2541887635049532,0.21,0.25,FORCE_SELL,0.09313100114147566,0.01663699479276718,0.0,0.0,FORCE_BUY,289316538.9833489,1.628,-0.5,-0.5
2016-05-11,0.2573027234466296,0.26,0.28,FORCE_BUY,0.0,0.0,0.0,0.0,FORCE_BUY,289316538.9833489,1.5233,-0.5,-0.5
2016-05-12,0.27098065303485774,0.26,0.28,FREE,-0.04203187250996006,-0.054913678618857854,0.0,-0.054913678618857854,FORCE_SELL,289316538.9833489,1.4427,-0.5,-0.5
2016-05-13,0.2535883549281334,0.21,0.25,FORCE_SELL,0.004610197481593596,0.004610197481593596,0.0,0.0,FORCE_BUY,290650345.3627533,1.46,-0.5,-0.5
2016-05-16,0.25830623630899036,0.21,0.255,FORCE_SELL,0.010114365042638988,0.004440288694915896,0.0,0.0,FORCE_BUY,293590089.05552125,1.528,-0.5,-0.5
2016-05-17,0.2562204434242798,0.21,0.255,FORCE_SELL,-0.022193211488250566,-0.015218844206206741,0.0,0.0,FORCE_SELL,293590089.05552125,1.498,-0.5,-0.5
2016-05-18,0.2576070163244345,0.21,0.255,FORCE_SELL,0.035603613107404196,0.029299339955859188,0.0,0.0,FORCE_BUY,304042956.9984224,1.5707,-0.5,-0.5
2016-05-19,0.2607082413030988,0.21,0.255,FORCE_SELL,-0.00722021660649814,-0.011926250644662208,0.0,0.0,FORCE_SELL,304042956.9984224,1.54,-0.5,-0.5
2016-05-20,0.24958059370089003,0.21,0.255,FREE,0.0,0.0,0.0,0.0,FORCE_BUY,304042956.9984224,1.712,-0.5,-0.5
2016-05-23,0.24694006134830673,0.21,0.255,FREE,-0.011494252873563197,-0.003587581969752389,0.0,-0.003587581969752389,FORCE_SELL,304042956.9984224,1.72,-0.5,-0.5
2016-05-24,0.2465461708019128,0.21,0.255,FREE,0.06427046673974496,0.04961633877574567,0.04961633877574567,0.04961633877574567,FORCE_BUY,323583939.75364316,1.8447,-0.5,-0.5
2016-05-25,0.21166169853969297,0.21,0.255,FREE,0.0,0.0,0.0,0.0,FORCE_BUY,323583939.75364316,1.8867,-0.5,-0.5
2016-05-26,0.21271911123624224,0.21,0.255,FREE,0.0,0.0,0.0,0.0,FORCE_BUY,323583939.75364316,1.9,-0.5,-0.5
2016-05-27,0.2097785538127763,0.21,0.255,FORCE_BUY,0.0037902388369678718,0.004368825195701118,0.0,0.0037902388369678718,FREE,324997621.4225631,1.9333,-0.5,-0.5
2016-05-31,0.20625683698086425,0.21,0.255,FORCE_BUY,0.017276159933791856,0.01880566811973389,0.0,0.017276159933791856,FREE,331109418.8307387,1.9667,-0.5,-0.5
2016-06-01,0.2127989560321715,0.21,0.255,FREE,0.016966423803943663,0.0027003617465736164,0.0027003617465736164,0.0027003617465736164,FORCE_BUY,336727161.5560986,1.996,-0.5,-0.5
2016-06-02,0.2200227370795411,0.26,0.28,FORCE_BUY,0.045847882192196786,0.0073882900662921155,0.0,0.045847882192196786,FORCE_BUY,352165388.7900354,2.0667,-0.5,-0.5
2016-06-03,0.21749724380917893,0.26,0.28,FORCE_BUY,0.003288981910599504,0.0046344745103901646,0.0046344745103901646,0.003288981910599504,FREE,353797490.3078245,2.0133,-0.5,-0.5
2016-06-06,0.23443529865824664,0.26,0.28,FORCE_BUY,-0.013479484520811725,0.007900064188021479,0.007900064188021479,-0.013479484520811725,FREE,356592513.19081724,1.998,-0.5,-0.5
2016-06-07,0.2063579726263518,0.26,0.28,FORCE_BUY,0.0161561264822136,0.00558300395256909,0.00558300395256909,0.0161561264822136,FORCE_BUY,362353666.9365385,2.0567,-0.5,-0.5
2016-06-08,0.21274387999674257,0.26,0.28,FORCE_BUY,-0.0016547427848347422,0.003499136203369898,0.0044775393001411454,-0.0016547427848347422,FORCE_SELL,363976119.72079706,2.0513,-0.5,-0.5
2016-06-09,0.22259744552255303,0.26,0.28,FORCE_BUY,0.021934197407776756,0.03301316667943239,0.021934197407776756,0.021934197407776756,FREE,375992124.0284728,2.05,-0.5,-0.5
2016-06-10,0.2262774112462985,0.26,0.28,FORCE_BUY,-0.019057171514543746,-0.0032669105371594914,-0.01003009027081253,-0.019057171514543746,FREE,374763791.3965952,1.956,-0.5,-0.5
2016-06-13,0.23079324473338106,0.21,0.255,FREE,0.004477534232311094,0.019240734235141495,0.03373769979694906,0.019240734235141495,FORCE_SELL,387407459.6854999,1.9293,-0.5,-0.5
2016-06-14,0.23407180218452686,0.21,0.255,FREE,0.012258641553112027,0.026861856831664813,0.01367917083179883,0.026861856831664813,FREE,397813943.4030907,1.924,-0.5,-0.5
2016-06-15,0.2311740840913975,0.21,0.255,FREE,-0.01294779938587503,-0.011926006217537475,-0.010235414534288655,-0.011926006217537475,FORCE_SELL,393742152.78484005,1.9287,-0.5,-0.5
2016-06-16,0.22763218080749328,0.21,0.255,FREE,0.03632835660001074,0.0,0.0,0.0,FORCE_BUY,408046158.11966366,1.9227,-0.5,-0.5
2016-06-17,0.22975138252388194,0.21,0.255,FREE,0.0,0.0,0.0,0.0,FORCE_BUY,408046158.11966366,1.8747,-0.5,-0.5
2016-06-20,0.22535937799739317,0.21,0.255,FREE,0.0,0.0,0.0,0.0,FORCE_BUY,408046158.11966366,1.9393,-0.5,-0.5
2016-06-21,0.21616977153229144,0.21,0.255,FREE,0.0,0.0,0.0,0.0,FORCE_BUY,408046158.11966366,1.958,-0.5,-0.5
2016-06-22,0.2244453711664259,0.21,0.255,FREE,0.0010270631130283212,0.0010270631130283212,0.0,0.0010270631130283212,FORCE_BUY,408465247.27708125,1.9493,-0.5,-0.5
2016-06-23,0.2271327310317187,0.21,0.255,FREE,0.043974983995666635,0.035066225884768536,0.021962869946323876,0.035066225884768536,FORCE_BUY,426427499.98887694,2.12,-0.5,-0.5
2016-06-24,0.23794438445115196,0.23,0.255,FREE,-0.0625167407724862,-0.0625167407724862,0.0,-0.0625167407724862,FORCE_SELL,426427499.98887694,1.75,-0.5,-0.5
2016-06-27,0.2608064505196969,0.23,0.255,FORCE_SELL,-0.08024911032028463,-0.06903702320358938,-0.07906287069988138,-0.07906287069988138,FREE,396988214.7774962,1.5507,-0.5,-0.5
2016-06-28,0.243136028224108,0.26,0.28,FORCE_BUY,0.022373839818058957,0.0004917327432540558,0.0,0.022373839818058957,FORCE_BUY,405870365.5045851,1.6633,-0.5,-0.5
2016-06-29,0.23932924719658477,0.26,0.28,FORCE_BUY,0.03482703940799893,0.0,0.0,0.03482703940799893,FORCE_BUY,420005628.71855223,1.762,-0.5,-0.5
2016-06-30,0.23733197642603884,0.26,0.28,FORCE_BUY,0.04659558865008175,0.003723134202064689,0.003723134202064689,0.04659558865008175,FORCE_BUY,439576038.22504085,1.8553,-0.5,-0.5
2016-07-01,0.23520248712176575,0.26,0.28,FORCE_BUY,-0.029838666163060433,-0.029838666163060433,-0.029838666163060433,-0.029838666163060433,FORCE_BUY,426459675.56716317,1.798,-0.5,-0.5
2016-07-05,0.245472170139484,0.26,0.28,FORCE_BUY,-0.018793103448275766,0.0016362430070814675,-0.010919540229885037,-0.018793103448275766,FREE,427157467.2291122,1.7073,-0.5,-0.5
2016-07-06,0.24402164389909975,0.26,0.28,FORCE_BUY,0.028799424011519758,0.017617475033190774,0.015599688006239905,0.028799424011519758,FORCE_BUY,439459356.2475302,1.7147,-0.5,-0.5
2016-07-07,0.24176184425148528,0.26,0.28,FORCE_BUY,0.03133522892125568,0.006888433419120049,0.004294086926246075,0.03133522892125568,FORCE_BUY,453229915.7771342,1.7773,-0.5,-0.5
2016-07-08,0.2297282247633544,0.26,0.28,FORCE_BUY,0.05247909036243383,0.003279943147652074,0.003279943147652074,0.05247909036243383,FORCE_BUY,477015009.48216075,1.9253,-0.5,-0.5
2016-07-11,0.21890313022746014,0.26,0.28,FORCE_BUY,0.04155196592738792,0.014543188074585711,0.014543188074585711,0.04155196592738792,FORCE_BUY,496835920.90301615,2.0053,-0.5,-0.5
2016-07-12,0.2144885792843494,0.26,0.28,FORCE_BUY,0.02740664611168219,-0.000978808789702729,-0.000978808789702729,0.02740664611168219,FORCE_BUY,510452527.1627768,2.0993,-0.5,-0.5
2016-07-13,0.22696447736847183,0.26,0.28,FORCE_BUY,-0.007309033583337387,-0.0050637749008741965,-0.0050637749008741965,-0.007309033583337387,FREE,507867710.4676422,2.078,-0.5,-0.5
2016-07-14,0.21794085739788138,0.26,0.28,FORCE_BUY,-0.03703703703703713,-0.01203703703703706,-0.01203703703703706,-0.03703703703703713,FREE,501754488.02682793,2.08,-0.5,-0.5
2016-07-15,0.22854974994226882,0.26,0.28,FORCE_BUY,-0.03360474419918098,-0.03360474419918098,-0.03360474419918098,-0.03360474419918098,FORCE_BUY,484893156.8058953,2.0533,-0.5,-0.5
2016-07-18,0.21309112273774086,0.26,0.28,FORCE_BUY,0.047035442199403636,0.0440543226233852,0.0440543226233852,0.047035442199403636,FORCE_BUY,507700320.8557254,2.2127,-0.5,-0.5
2016-07-19,0.22571515986230836,0.255,0.275,FORCE_BUY,0.003320143721289708,-0.005152614301613991,-0.001819256833583534,0.003320143721289708,FORCE_BUY,509385958.8883113,2.206,-0.5,-0.5
2016-07-20,0.20956491767653898,0.255,0.275,FORCE_BUY,0.045444154894161946,0.061902802541946716,0.061902802541946716,0.045444154894161946,FREE,540918377.3190147,2.2867,-0.5,-0.5
2016-07-21,0.222358247773543,0.255,0.275,FORCE_BUY,-0.03110820244328083,-0.01639642919128795,0.0020506108202444136,-0.03110820244328083,FORCE_SELL,542027590.3964142,2.2207,-0.5,-0.5
2016-07-22,0.23224424170210178,0.255,0.275,FORCE_BUY,0.02242856502041012,0.016711449574280557,0.008388283317633503,0.02242856502041012,FORCE_BUY,554184491.4504764,2.2793,-0.5,-0.5
2016-07-25,0.20315846006784846,0.255,0.275,FORCE_BUY,0.050739130434782675,0.028387385159212325,-0.0144782608695651,0.050739130434782675,FORCE_BUY,582303330.6471158,2.4167,-0.5,-0.5
2016-07-26,0.23384938577170403,0.255,0.275,FORCE_BUY,0.1269311422090982,0.04961706493407384,0.04848718277913304,0.1269311422090982,FORCE_BUY,656215757.5183164,2.6333,-0.5,-0.5
2016-07-27,0.21819260028364795,0.255,0.275,FORCE_BUY,-0.02880457263189561,-0.03181288308953492,-0.03181288308953492,-0.02880457263189561,FORCE_BUY,637313743.0686857,2.5827,-0.5,-0.5
2016-07-28,0.23230304556935963,0.255,0.275,FORCE_BUY,-0.015758702133426377,-0.0008337386081608494,0.002826499399852744,-0.015758702133426377,FORCE_SELL,639115109.9809872,2.542,-0.5,-0.5
2016-07-29,0.23642254158628448,0.255,0.275,FORCE_BUY,-0.008645419892325383,0.002436436515109768,0.002436436515109768,-0.008645419892325383,FREE,640672273.3723032,2.5227,-0.5,-0.5
2016-08-01,0.223375696579611,0.255,0.275,FORCE_BUY,-0.002615622399238934,-0.007926128482542746,-0.007926128482542746,-0.002615622399238934,FORCE_BUY,638996516.6234993,2.5167,-0.5,-0.5
2016-08-02,0.2289089847857899,0.255,0.275,FORCE_BUY,-0.046375884540039214,-0.05326916879084655,-0.050093951145404415,-0.046375884540039214,FORCE_BUY,609362487.9470806,2.3853,-0.5,-0.5
2016-08-03,0.21003986485986278,0.255,0.275,FORCE_BUY,0.025191163976210813,0.024936278674596482,0.024936278674596482,0.025191163976210813,FORCE_BUY,624713038.3019073,2.4133,-0.5,-0.5
2016-08-04,0.20922720915335835,0.255,0.275,FORCE_BUY,0.01834862385321101,-0.0009050890689923521,-0.0009050890689923521,0.01834862385321101,FORCE_BUY,636175662.8579055,2.4753,-0.5,-0.5
2016-08-05,0.2153939078702285,0.255,0.275,FORCE_BUY,0.02390438247011947,0.018326693227091698,0.018326693227091698,0.02390438247011947,FORCE_BUY,651383049.2210426,2.57,-0.5,-0.5
2016-08-08,0.224851070054928,0.255,0.275,FORCE_BUY,-0.013377023901310675,-0.00952197378565915,-0.00952197378565915,-0.013377023901310675,FREE,645180596.9019371,2.5593,-0.5,-0.5
2016-08-09,0.20636507920744576,0.255,0.275,FORCE_BUY,0.006131912773540794,0.0065896888761423624,0.004100716667305278,0.006131912773540794,FREE,649432136.3044447,2.6253,-0.5,-0.5
2016-08-10,0.23195208553472954,0.255,0.275,FORCE_BUY,-0.02694190414753532,-0.01618445367978549,-0.013395059386027988,-0.02694190414753532,FORCE_SELL,640732954.2714516,2.5643,-0.5,-0.5
2016-08-11,0.2212294587164323,0.255,0.275,FORCE_BUY,0.007238803081330225,0.008883239096043716,0.0010451747764488731,0.007238803081330225,FREE,646424738.3009595,2.602,-0.5,-0.5
2016-08-12,0.20687129956738956,0.255,0.275,FORCE_BUY,0.013346153846153803,0.008461538461538253,0.008461538461538253,0.013346153846153803,FORCE_BUY,655052022.3082838,2.6347,-0.5,-0.5
2016-08-15,0.2126976204267602,0.255,0.275,FORCE_BUY,0.03286579174970859,0.005264543300868537,0.005264543300868537,0.03286579174970859,FORCE_BUY,676580825.6586933,2.7467,-0.5,-0.5
2016-08-16,0.2214744024551193,0.255,0.275,FORCE_BUY,-0.020693430656934415,-0.020693430656934415,-0.020693430656934415,-0.020693430656934415,FORCE_BUY,662580047.2591137,2.6833,-0.5,-0.5
2016-08-17,0.22269226303976034,0.255,0.275,FORCE_BUY,-0.0037119524870080117,-0.01559020044543414,-0.01559020044543414,-0.0037119524870080117,FORCE_BUY,660120581.6048483,2.684,-0.5,-0.5
2016-08-18,0.22538958776177198,0.255,0.275,FORCE_BUY,0.03594563223125022,0.009473171827610727,0.009473171827610727,0.03594563223125022,FORCE_BUY,683849033.2594951,2.7667,-0.5,-0.5
2016-08-19,0.21117594794220426,0.255,0.275,FORCE_BUY,0.027262773722627778,0.011897497393117878,0.009014598540145925,0.027262773722627778,FORCE_BUY,702492654.7136866,2.8147,-0.5,-0.5
2016-08-22,0.21488563201371136,0.255,0.275,FORCE_BUY,0.006165359942979405,0.000725667360955687,0.003100498930862549,0.006165359942979405,FORCE_BUY,706823774.7872956,2.8233,-0.5,-0.5
2016-08-23,0.21741922965647098,0.255,0.275,FORCE_BUY,0.010289434081125549,0.01332789441678744,0.010744409057501758,0.010289434081125549,FREE,716244247.4289358,2.8867,-0.5,-0.5
2016-08-24,0.2462001107809173,0.255,0.275,FORCE_BUY,-0.025844305521601125,-0.01659895058520144,-0.008137463765585379,-0.025844305521601125,FORCE_SELL,710415835.8181739,2.7893,-0.5,-0.5
2016-08-25,0.24124672712989462,0.255,0.275,FORCE_BUY,0.0007088930634814781,0.012694334559064694,0.006628150143550809,0.0007088930634814781,FREE,719434092.1141074,2.8233,-0.5,-0.5
2016-08-26,0.22709331751095238,0.255,0.275,FORCE_BUY,0.007531763629324534,0.017353613492041724,0.01362052581564777,0.007531763629324534,FREE,731918873.2816535,2.8627,-0.5,-0.5
2016-08-29,0.22440515331798283,0.255,0.275,FORCE_BUY,0.004410794290278708,0.008300628625012957,0.008300628625012957,0.004410794290278708,FREE,737994260.0324024,2.892,-0.5,-0.5
2016-08-30,0.2295933538721087,0.255,0.275,FORCE_BUY,-0.006904408464804816,0.012635067490592827,0.012635067490592827,-0.006904408464804816,FREE,747318867.3155819,2.8767,-0.5,-0.5
2016-08-31,0.2334828770259275,0.255,0.275,FORCE_BUY,0.017269503546099314,0.029392164106264055,0.018439716312056605,0.017269503546099314,FREE,769284186.1034288,2.8687,-0.5,-0.5
2016-09-01,0.22362659742085822,0.255,0.275,FORCE_BUY,0.017523243355338156,-0.0012123413184279006,-0.006670583762485754,0.017523243355338156,FORCE_BUY,782764540.1059324,2.944,-0.5,-0.5
2016-09-02,0.2273320238343803,0.255,0.275,FORCE_BUY,-0.016789791806581692,0.001495079028091793,-0.006279382135661641,-0.016789791806581692,FREE,783934834.9537787,2.928,-0.5,-0.5
2016-09-06,0.2485679198449738,0.255,0.275,FORCE_BUY,-0.02465817851983737,-0.021759441169077916,-0.013672859206503789,-0.02465817851983737,FORCE_SELL,773216204.328382,2.9033,-0.5,-0.5
2016-09-07,0.2428080769171237,0.26,0.28,FORCE_BUY,-0.024731219730017587,-0.020595804407318112,-0.023803798990141966,-0.024731219730017587,FREE,757291194.6194657,2.8393,-0.5,-0.5
2016-09-08,0.22791985957521813,0.26,0.28,FORCE_BUY,0.004763089610066483,0.004763089610066483,0.004763089610066483,0.004763089610066483,FORCE_BUY,760898240.4403526,2.8267,-0.5,-0.5
2016-09-09,0.24965431477573977,0.26,0.28,FORCE_BUY,-0.09635974304068524,-0.09635974304068524,-0.09635974304068524,-0.09635974304068524,FORCE_BUY,687578281.5114106,2.532,-0.5,-0.5
2016-09-12,0.2627404143916377,0.26,0.28,FREE,0.06305578011317697,0.058569118835893254,0.058569118835893254,0.058569118835893254,FORCE_BUY,730934066.4409902,2.63,-0.5,-0.5
2016-09-13,0.24660421712544855,0.26,0.28,FORCE_BUY,-0.008160919540229803,0.02230111266896828,0.0,-0.008160919540229803,FREE,747234709.4102778,2.5887,-0.5,-0.5
2016-09-14,0.2395621792856514,0.26,0.28,FORCE_BUY,0.025416875264759296,0.00793314591597053,0.00793314591597053,0.025416875264759296,FORCE_BUY,766227080.8128575,2.6627,-0.5,-0.5
2016-09-15,0.2557751667669867,0.26,0.28,FORCE_BUY,0.056998476572660085,0.00808574533853071,0.0002600973507227186,0.056998476572660085,FORCE_BUY,809900857.1279069,2.8447,-0.5,-0.5
2016-09-16,0.2504107862411098,0.26,0.28,FORCE_BUY,0.01571821526810279,0.013110420462258422,0.013110420462258422,0.01571821526810279,FORCE_BUY,822631053.1460643,2.8433,-0.5,-0.5
2016-09-19,0.2268765021985729,0.26,0.28,FORCE_BUY,-0.027460268424123878,-0.011463099812734707,0.0011670614080252356,-0.027460268424123878,FORCE_SELL,823591114.1012342,2.8333,-0.5,-0.5
2016-09-20,0.2342842108270631,0.26,0.28,FORCE_BUY,-0.020552455550549343,-0.020552455550549343,-0.020552455550549343,-0.020552455550549343,FORCE_BUY,806664294.3368412,2.826,-0.5,-0.5
2016-09-21,0.23703041640573055,0.26,0.28,FORCE_BUY,0.02584972229014573,0.01327418171656137,0.01327418171656137,0.02584972229014573,FORCE_BUY,827516342.3268249,2.9367,-0.5,-0.5
2016-09-22,0.2186857751424545,0.26,0.28,FORCE_BUY,-0.015464772840407728,-0.009491255434241504,-0.009491255434241504,-0.015464772840407728,FREE,819662173.3457918,2.9667,-0.5,-0.5
2016-09-23,0.23072357071793123,0.26,0.28,FORCE_BUY,-0.04579124579124581,-0.025306462851982382,-0.007643097643097764,-0.04579124579124581,FORCE_SELL,813397415.3205562,2.834,-0.5,-0.5
2016-09-26,0.2242530129888902,0.26,0.28,FORCE_BUY,-0.014150776523861763,-0.014150776523861763,-0.014150776523861763,-0.014150776523861763,FORCE_BUY,801887210.2712682,2.7867,-0.5,-0.5
2016-09-27,0.24224764135836718,0.26,0.28,FORCE_BUY,0.0563669064748202,0.022924924376595282,0.013201438848920864,0.0563669064748202,FORCE_BUY,847087111.6559833,2.9367,-0.5,-0.5
2016-09-28,0.23914685863916077,0.26,0.28,FORCE_BUY,-0.00404312668463606,-0.004481132075471718,-0.004481132075471718,-0.00404312668463606,FORCE_BUY,843662231.1506357,2.956,-0.5,-0.5
2016-09-29,0.22704973472081202,0.26,0.28,FORCE_BUY,0.037449255751014786,0.050390410708407996,-0.011502029769959449,0.037449255751014786,FREE,886174717.477488,3.0667,-0.5,-0.5
2016-09-30,0.22228582301062463,0.26,0.28,FORCE_BUY,0.03304667117595922,0.01891865901304555,0.02209553257963747,0.03304667117595922,FORCE_BUY,915459841.9704151,3.2073,-0.5,-0.5
2016-10-03,0.22699182588244823,0.26,0.28,FORCE_BUY,-0.022593595369246593,-0.022593595369246593,-0.022593595369246593,-0.022593595369246593,FORCE_BUY,894776312.7241411,3.1407,-0.5,-0.5
2016-10-04,0.23668284205748,0.26,0.28,FORCE_BUY,-0.016952926208651433,-0.009304490454447803,-0.011227735368956859,-0.016952926208651433,FREE,886450875.0635333,3.0907,-0.5,-0.5
2016-10-05,0.2378920535733188,0.26,0.28,FORCE_BUY,0.01693837989004357,0.01693837989004357,0.01693837989004357,0.01693837989004357,FORCE_BUY,901465916.739221,3.2,-0.5,-0.5
2016-10-06,0.2335255430117982,0.26,0.28,FORCE_BUY,0.01737058288652676,0.0023202583639043107,0.0023202583639043107,0.01737058288652676,FORCE_BUY,917124905.1653184,3.2447,-0.5,-0.5
2016-10-07,0.21333839666997037,0.26,0.28,FORCE_BUY,-0.012247397428046555,-0.008968013707296768,-0.01938150642988354,-0.012247397428046555,FREE,908900116.4444926,3.226,-0.5,-0.5
2016-10-10,0.22517879056829035,0.26,0.28,FORCE_BUY,-0.03383698659289207,-0.017777577724097795,-0.004438634359894148,-0.03383698659289207,FORCE_SELL,904865841.1579303,3.178,-0.5,-0.5
2016-10-11,0.24267938822047683,0.26,0.28,FORCE_BUY,-0.0625235997482695,-0.0625235997482695,-0.0625235997482695,-0.0625235997482695,FORCE_BUY,848290371.4794906,2.9793,-0.5,-0.5
2016-10-12,0.2206763278289896,0.26,0.28,FORCE_BUY,-0.011177122142785089,-0.011177122142785089,-0.011177122142785089,-0.011177122142785089,FORCE_BUY,838808926.3849158,2.946,-0.5,-0.5
2016-10-13,0.2265643483947393,0.26,0.28,FORCE_BUY,-0.005837732023630736,-0.04153545052625701,-0.039850386269094894,-0.005837732023630736,FORCE_BUY,833912184.6536514,2.844,-0.5,-0.5
2016-10-14,0.22844050643153535,0.26,0.28,FORCE_BUY,0.025381605386540662,0.026536372046399637,0.021856382416187783,0.025381605386540662,FREE,856041188.6396465,2.9087,-0.5,-0.5
2016-10-17,0.23239774778416478,0.26,0.28,FORCE_BUY,-0.012229246554046972,-0.001968139577506714,0.013127439803779402,-0.012229246554046972,FORCE_SELL,867278817.8130693,2.8593,-0.5,-0.5
2016-10-18,0.2257947057117727,0.26,0.28,FORCE_BUY,-0.05556666666666656,-0.05556666666666656,-0.05556666666666656,-0.05556666666666656,FORCE_BUY,819087024.8365899,2.8333,-0.5,-0.5
2016-10-19,0.225170145072192,0.26,0.28,FORCE_BUY,-0.014844804318488421,-0.014844804318488421,-0.014844804318488421,-0.014844804318488421,FORCE_BUY,806927838.2330779,2.92,-0.5,-0.5
2016-10-20,0.23248389829702124,0.26,0.28,FORCE_BUY,0.021472602739726006,0.021472602739726006,0.021472602739726006,0.021472602739726006,FORCE_BUY,824254679.1430827,2.9827,-0.5,-0.5
2016-10-21,0.22768219972447093,0.26,0.28,FORCE_BUY,-0.002696598914618845,-0.002696598914618845,-0.002696598914618845,-0.002696598914618845,FORCE_BUY,822031994.869936,2.9587,-0.5,-0.5
2016-10-24,0.22398559230736026,0.26,0.28,FORCE_BUY,0.04722593582887698,0.010690280028437594,0.002673796791443759,0.04722593582887698,FORCE_BUY,860853225.1089473,3.1333,-0.5,-0.5
2016-10-25,0.22423145702624572,0.26,0.28,FORCE_BUY,-0.005965483140332342,-0.005965483140332342,-0.005965483140332342,-0.005965483140332342,FORCE_BUY,855717819.7082592,3.116,-0.5,-0.5
2016-10-26,0.22838169529924854,0.26,0.28,FORCE_BUY,-0.008388991062497811,-0.008388991062497811,-0.008388991062497811,-0.008388991062497811,FORCE_BUY,848539210.5667065,3.0733,-0.5,-0.5
2016-10-27,0.22973064463486573,0.26,0.28,FORCE_BUY,-0.04169415904734988,-0.029984372182920296,0.002513589091023259,-0.04169415904734988,FORCE_SELL,850672089.4696925,3.05,-0.5,-0.5
2016-10-28,0.23447709501019812,0.26,0.28,FORCE_BUY,-0.02445360958659434,-0.029128679114472797,-0.0013639463514434596,-0.02445360958659434,FORCE_SELL,849511818.3769855,3.004,-0.5,-0.5
2016-10-31,0.22503041076983385,0.26,0.28,FORCE_BUY,-0.0036879895561356965,0.0037052850841684617,0.005874673629242735,-0.0036879895561356965,FORCE_SELL,854502423.0541348,3.0527,-0.5,-0.5
2016-11-01,0.23718331791847105,0.26,0.28,FORCE_BUY,-0.05262986271888344,-0.05262986271888344,-0.05262986271888344,-0.05262986271888344,FORCE_BUY,809530077.8358425,2.9053,-0.5,-0.5
2016-11-02,0.2334922746530239,0.26,0.28,FORCE_BUY,-0.029582815073789053,-0.029582815073789053,-0.029582815073789053,-0.029582815073789053,FORCE_BUY,785581899.2465547,2.8867,-0.5,-0.5
2016-11-03,0.22806185376756413,0.26,0.28,FORCE_BUY,-0.01188356164383568,0.016909507639099673,0.01599315068493135,-0.01188356164383568,FREE,798865702.3730028,2.8853,-0.5,-0.5
2016-11-04,0.23561678324808058,0.26,0.28,FORCE_BUY,0.002368076909482899,-0.0002022448444415118,-0.001979288163149878,0.002368076909482899,FORCE_BUY,800757477.7965702,2.836,-0.5,-0.5
2016-11-07,0.2369002390829867,0.26,0.28,FORCE_BUY,0.02209175042292771,0.005075131853915771,0.005075131853915771,0.02209175042292771,FORCE_BUY,818447612.1453451,3.0813,-0.5,-0.5
2016-11-08,0.2353756576285284,0.26,0.28,FORCE_BUY,0.006490766884107365,-0.011878103397916505,-0.011878103397916505,0.006490766884107365,FORCE_BUY,823759964.802635,3.1013,-0.5,-0.5
2016-11-09,0.24290168407869217,0.26,0.28,FORCE_BUY,0.1031192395272345,0.1031192395272345,0.1031192395272345,0.1031192395272345,FORCE_BUY,908705465.9260641,3.052,-0.5,-0.5
2016-11-10,0.249241765775303,0.26,0.28,FORCE_BUY,-0.06546540820542145,-0.02237154171785883,0.0,-0.06546540820542145,FORCE_SELL,908705465.9260641,2.9407,-0.5,-0.5
2016-11-11,0.24178030247114826,0.26,0.28,FORCE_BUY,0.100701766515712,0.023828310388383424,0.021882670169737654,0.100701766515712,FORCE_BUY,1000213711.5873019,3.184,-0.5,-0.5
2016-11-14,0.24212839958142907,0.26,0.28,FORCE_BUY,-0.03194878297714401,-0.0033322495532123915,-0.010299075248198316,-0.03194878297714401,FREE,996880749.8937482,3.13,-0.5,-0.5
2016-11-15,0.22543536826320332,0.26,0.28,FORCE_BUY,0.03955671365334522,0.00854352160689686,0.0006278843437039791,0.03955671365334522,FORCE_BUY,1036314076.2638272,3.3113,-0.5,-0.5
2016-11-16,0.21446236263485416,0.26,0.28,FORCE_BUY,0.04789599726308596,0.06531359615509942,0.03340279289646383,0.04789599726308596,FREE,1103999475.3307679,3.3693,-0.5,-0.5
2016-11-17,0.21377181849552507,0.26,0.28,FORCE_BUY,-0.005106817601498059,-0.0058728402417227215,-0.0058728402417227215,-0.005106817601498059,FORCE_BUY,1098361551.378104,3.5067,-0.5,-0.5
2016-11-18,0.21222194326171848,0.26,0.28,FORCE_BUY,0.015185601799775073,0.00019685039370093447,0.00019685039370093447,0.015185601799775073,FORCE_BUY,1115040832.529515,3.61,-0.5,-0.5
2016-11-21,0.21320872928624648,0.26,0.28,FORCE_BUY,-0.0014832312467381915,0.008791832922508229,0.008240173592990499,-0.0014832312467381915,FREE,1124844085.230889,3.6353,-0.5,-0.5
2016-11-22,0.20256137991207335,0.26,0.28,FORCE_BUY,0.023511688591181804,0.023511688591181804,0.023511688591181804,0.023511688591181804,FORCE_BUY,1151291069.0764706,3.8047,-0.5,-0.5
2016-11-23,0.2031699053741128,0.26,0.28,FORCE_BUY,-0.018561364286271278,0.007511496479042489,-0.008838744898224365,-0.018561364286271278,FREE,1159938987.8881917,3.7753,-0.5,-0.5
2016-11-25,0.20251671218590436,0.26,0.28,FORCE_BUY,-0.0051867219917012515,-0.0051867219917012515,-0.0051867219917012515,-0.0051867219917012515,FORCE_BUY,1153922706.8306804,3.836,-0.5,-0.5
2016-11-28,0.21223953215946492,0.26,0.28,FORCE_BUY,-0.00332748185605375,-0.00332748185605375,-0.00332748185605375,-0.00332748185605375,FORCE_BUY,1150083049.9604127,3.804,-0.5,-0.5
2016-11-29,0.2194569064503233,0.26,0.28,FORCE_BUY,-0.005783385909568833,-0.015248390654253449,-0.007176656151419479,-0.005783385909568833,FORCE_BUY,1143431675.8544378,3.782,-0.5,-0.5
2016-11-30,0.21486392863912007,0.26,0.28,FORCE_BUY,-0.0193541573152378,-0.014621818128018988,-0.010376785572835404,-0.0193541573152378,FORCE_SELL,1131566530.5369084,3.714,-0.5,1.6499999999999995
2016-12-01,0.2722100242852321,0.26,0.28,FREE,-0.1537277563254395,-0.1537277563254395,-0.1537277563254395,-0.1537277563254395,FORCE_BUY,957613346.6645075,3.134,-0.5,2.0499999999999994
2016-12-02,0.22368217344852792,0.26,0.28,FORCE_BUY,0.05997484925676333,0.05115229616793432,0.04730274401057625,0.05997484925676333,FORCE_BUY,1015046062.776976,3.2873,-0.5,2.0499999999999994
2016-12-05,0.23534002749918925,0.26,0.28,FORCE_BUY,0.02220022200222022,0.01677280801160052,0.011010110101101154,0.02220022200222022,FORCE_BUY,1037580310.7131044,3.4073,-0.5,-0.5
2016-12-06,0.22695862071333286,0.26,0.28,FORCE_BUY,0.0321989528795812,-0.0013670738801629294,-0.0013670738801629294,0.0321989528795812,FORCE_BUY,1070989310.2465369,3.5487,-0.5,-0.5
2016-12-07,0.2353263189165713,0.26,0.28,FORCE_BUY,0.06191427686938896,-0.0056285706244899175,-0.0056285706244899175,0.06191427686938896,FORCE_BUY,1137298838.9252968,3.7733,-0.5,-0.5
2016-12-08,0.21744053632541324,0.26,0.28,FORCE_BUY,0.042985169323499134,0.022206360536124917,0.022206360536124917,0.042985169323499134,FORCE_BUY,1186185822.0879195,3.9453,-0.5,-0.5
2016-12-09,0.23990003965661458,0.26,0.28,FORCE_BUY,-0.031429802549869525,0.013864598382885899,0.013864598382885899,-0.031429802549869525,FREE,1202631812.1186419,3.8213,-0.5,-0.5
2016-12-12,0.23049817291412353,0.26,0.28,FORCE_BUY,-0.018036967896300573,-0.006763724258276222,-0.013146478058528258,-0.018036967896300573,FREE,1194497542.1572404,3.7347,-0.5,-0.5
2016-12-13,0.2411663188147278,0.26,0.28,FORCE_BUY,0.020867071972814396,0.020867071972814396,0.020867071972814396,0.020867071972814396,FORCE_BUY,1219423208.3407853,3.8453,-0.5,-0.5
2016-12-14,0.2302385368517715,0.26,0.28,FORCE_BUY,0.0034396255204696665,0.023517318181471982,0.011198179326040439,0.0034396255204696665,FREE,1248100771.929207,3.88,-0.5,-0.5
2016-12-15,0.2153693537865317,0.26,0.28,FORCE_BUY,0.0502314814814815,0.018733917032937312,0.014223251028806564,0.0502314814814815,FORCE_BUY,1310794722.741392,4.0833,-0.5,-0.5
2016-12-16,0.23389039969588277,0.26,0.28,FORCE_BUY,-0.0509520238066437,0.011865762117264646,0.0,-0.0509520238066437,FREE,1326348301.106007,3.9227,-0.5,-0.5
2016-12-19,0.22981078264166355,0.26,0.28,FORCE_BUY,0.041911385883565064,0.02809409927016397,0.023518804739824796,0.041911385883565064,FORCE_BUY,1381937396.569672,4.0447,-0.5,-0.5
2016-12-20,0.22500231568467977,0.26,0.28,FORCE_BUY,-0.009632420831981502,-0.009632420831981502,-0.009632420831981502,-0.009632420831981502,FORCE_BUY,1368625994.0024602,3.9687,-0.5,-0.5
2016-12-21,0.22357963736502073,0.26,0.28,FORCE_BUY,0.014647436698577857,0.014647436698577857,0.014647436698577857,0.014647436698577857,FORCE_BUY,1388672856.6136394,4.0593,-0.5,-0.5
2016-12-22,0.22963675247826013,0.26,0.28,FORCE_BUY,-0.017667242596062723,-0.017667242596062723,-0.017667242596062723,-0.017667242596062723,FORCE_BUY,1364138836.369279,4.0367,-0.5,-0.5
2016-12-23,0.2242950722817425,0.26,0.28,FORCE_BUY,0.02510794419347588,0.014880918729297204,0.012129682781341123,0.02510794419347588,FORCE_BUY,1398389558.1449919,4.1073,-0.5,-0.5
2016-12-27,0.21154738376878457,0.26,0.28,FORCE_BUY,0.0336257309941519,0.028154525107967218,0.018201754385964854,0.0336257309941519,FORCE_BUY,1445411429.2522063,4.242,-0.5,-0.5
2016-12-28,0.22890044111111618,0.26,0.28,FORCE_BUY,-0.08275448272679017,-0.08061373029788321,-0.0485542196478435,-0.08275448272679017,FORCE_SELL,1375230605.2347913,3.9747,-0.5,-0.5
2016-12-29,0.22533132092765604,0.26,0.28,FORCE_BUY,0.007058764212065501,0.009443695146563567,-0.0018655305417601578,0.007058764212065501,FREE,1388217863.8268528,3.9947,-0.5,-0.5
2016-12-30,0.25424683903151796,0.26,0.28,FORCE_BUY,-0.0681957261400631,-0.013539945965346491,-0.0012973343450909016,-0.0681957261400631,FORCE_SELL,1386416881.1136415,3.8067,-0.5,-0.5
2017-01-03,0.25870558249684206,0.245,0.265,FREE,-0.022692966971115804,0.04205616653916338,0.01652723411876068,0.04205616653916338,FREE,1444724260.3584645,3.82,-0.5,-0.5
2017-01-04,0.24297756491704506,0.245,0.265,FORCE_BUY,0.003652205671353667,0.011403426817770727,0.007565283176375453,0.003652205671353667,FREE,1461199067.7333202,3.8473,-0.5,-0.5
2017-01-05,0.24855906427227983,0.245,0.265,FREE,-0.04337073386613904,-0.001251007559379039,0.012339572540546248,-0.001251007559379039,FORCE_SELL,1479229639.625794,3.6747,-0.5,-0.5
2017-01-06,0.23375819279696783,0.245,0.265,FORCE_BUY,0.015909633282952845,0.007663140031288917,0.007663140031288917,0.015909633282952845,FORCE_BUY,1502763640.733515,3.8313,-0.5,-0.5
2017-01-09,0.23775862731305064,0.245,0.265,FORCE_BUY,0.022396358652080714,0.02032741097059503,0.02032741097059503,0.022396358652080714,FORCE_BUY,1536420074.2006896,3.9533,-0.5,-0.5
2017-01-10,0.2351293690350225,0.245,0.265,FORCE_BUY,0.024398859536244974,0.01522734832479129,0.012615749501678129,0.024398859536244974,FORCE_BUY,1573906971.7797792,4.06,-0.5,-0.5
2017-01-11,0.23327329827047574,0.245,0.265,FORCE_BUY,0.012491568191470771,0.012491568191470771,0.012491568191470771,0.012491568191470771,FORCE_BUY,1593567538.0447977,4.0527,-0.5,-0.5
2017-01-12,0.24672512449159675,0.245,0.265,FREE,-0.024732503069636872,-0.03157340817400451,-0.03157340817400451,-0.03157340817400451,FORCE_BUY,1554154624.018431,3.892,-0.5,-0.5
2017-01-13,0.21729054292265004,0.245,0.265,FORCE_BUY,0.0158333333333335,0.011869967693837196,0.012196969696969682,0.0158333333333335,FORCE_BUY,1578762072.2320566,4.0227,-0.5,-0.5
2017-01-17,0.2463508062578745,0.245,0.265,FREE,0.0020986358866736127,0.0020986358866736127,0.0020986358866736127,0.0020986358866736127,FORCE_BUY,1582075318.9733622,3.82,-0.5,-0.5
2017-01-18,0.22686165545194917,0.245,0.265,FORCE_BUY,0.03869086364464811,0.037310906865935904,0.037310906865935904,0.03869086364464811,FORCE_BUY,1643287179.4153237,3.9893,-0.5,-0.5
2017-01-19,0.22763633614633907,0.245,0.265,FORCE_BUY,0.03255340793489321,0.030356075365413498,0.019328585961342827,0.03255340793489321,FORCE_BUY,1696781777.3210108,4.06,-0.5,-0.5
2017-01-20,0.22853913548352697,0.245,0.265,FORCE_BUY,0.005065532249735522,0.013159953507817871,0.00954090540241476,0.005065532249735522,FREE,1719111346.6234682,4.0873,-0.5,-0.5
2017-01-23,0.235899954480944,0.245,0.265,FORCE_BUY,-0.018676430835770277,-0.021944806232030125,-0.021944806232030125,-0.018676430835770277,FORCE_BUY,1687004482.459267,3.9933,-0.5,-0.5
2017-01-24,0.222807031585509,0.245,0.265,FORCE_BUY,0.07702098984201457,0.04125589637357419,0.04125589637357419,0.07702098984201457,FORCE_BUY,1816939237.5661952,4.3153,-0.5,-0.5
2017-01-25,0.20997301999305926,0.245,0.265,FORCE_BUY,0.015392426095585379,0.0,0.0,0.015392426095585379,FORCE_BUY,1844906340.500602,4.4,-0.5,-0.5
2017-01-26,0.23874708937648847,0.245,0.265,FORCE_BUY,-0.021726919360999315,0.0011920954446101666,-0.004358864897656461,-0.021726919360999315,FREE,1847105644.944845,4.354,-0.5,-0.5
2017-01-27,0.205099117423756,0.245,0.265,FORCE_BUY,0.029148543711429335,0.017010907931591997,0.017010907931591997,0.029148543711429335,FORCE_BUY,1900946084.5761478,4.5193,-0.5,-0.5
2017-01-30,0.22196798825314787,0.245,0.265,FORCE_BUY,0.009068855283741798,0.0,0.0,0.009068855283741798,FORCE_BUY,1918185489.5193646,4.4507,-0.5,-0.5
2017-01-31,0.23858344521724326,0.245,0.265,FORCE_BUY,-0.008969426548591888,-0.03314137143042176,-0.03749402417647467,-0.008969426548591888,FORCE_BUY,1900980465.6645458,4.3533,-0.5,-0.5
2017-02-01,0.21603630621315317,0.245,0.265,FORCE_BUY,-0.014860513813523069,0.0019588859117825727,0.0019588859117825727,-0.014860513813523069,FREE,1904704269.51731,4.3753,-0.5,-0.5
2017-02-02,0.2330652329845498,0.245,0.265,FORCE_BUY,0.018022727272727218,0.004090909090908944,0.004090909090908944,0.018022727272727218,FORCE_BUY,1939032235.1020193,4.4793,-0.5,-0.5
2017-02-03,0.21486579080731902,0.245,0.265,FORCE_BUY,0.00962222222222226,0.0,0.0,0.00962222222222226,FORCE_BUY,1957690034.1642232,4.5433,-0.5,-0.5
2017-02-06,0.20577329723960214,0.245,0.265,FORCE_BUY,0.012342141802393397,0.008375024794481347,0.008375024794481347,0.012342141802393397,FORCE_BUY,1981852122.1710105,4.5933,-0.5,-0.5
2017-02-07,0.21212945766833172,0.245,0.265,FORCE_BUY,0.007510799487702743,0.018307005773379986,0.01054985130353618,0.007510799487702743,FREE,2018133900.4135807,4.6413,-0.5,-0.5
2017-02-08,0.21104416929394362,0.245,0.265,FORCE_BUY,-0.010879477445761853,0.003296353702473863,0.00014845290861665808,-0.010879477445761853,FREE,2024786383.5682971,4.664,-0.5,-0.5
2017-02-09,0.24047954619262643,0.245,0.265,FORCE_BUY,-0.04061108388553889,-0.023726221320651934,0.0004261393901944753,-0.04061108388553889,FORCE_SELL,2025649224.803065,4.5027,-0.5,-0.5
2017-02-10,0.22726440766970346,0.245,0.265,FORCE_BUY,-0.021465437190921352,-0.035394065301483306,-0.03239251085149119,-0.021465437190921352,FORCE_BUY,1982167778.5972164,4.5313,-0.5,-0.5
2017-02-13,0.23882687461183938,0.245,0.265,FORCE_BUY,0.01107836837790519,0.01107836837790519,0.01107836837790519,0.01107836837790519,FORCE_BUY,2004126963.4353304,4.5633,-0.5,-0.5
2017-02-14,0.23156157934145027,0.245,0.265,FORCE_BUY,-0.02280701754385931,-0.02280701754385931,-0.02280701754385931,-0.02280701754385931,FORCE_BUY,1958418804.6201394,4.456,-0.5,-0.5
2017-02-15,0.20883207823104613,0.245,0.265,FORCE_BUY,0.020348517810446838,0.023529262828327787,0.003515942602237131,0.020348517810446838,FREE,2004498955.401986,4.6433,-0.5,-0.5
2017-02-16,0.22705498686969974,0.245,0.265,FORCE_BUY,0.009378993653475463,0.0057616912513267955,0.0057616912513267955,0.009378993653475463,FORCE_BUY,2023299138.383099,4.66,-0.5,-0.5
2017-02-17,0.23030539147190277,0.245,0.265,FORCE_BUY,0.030725220011792183,0.008785560156283258,0.004083593562334741,0.030725220011792183,FORCE_BUY,2085465449.5595894,4.72,-0.5,-0.5
2017-02-21,0.21046880563753823,0.245,0.265,FORCE_BUY,0.00806831445948428,-0.014457436569532862,-0.014457436569532862,0.00806831445948428,FORCE_BUY,2102291640.6010258,4.9227,-0.5,-0.5
2017-02-22,0.20634560774625488,0.245,0.265,FORCE_BUY,0.00040677690320756193,-0.002725405251489725,-0.002725405251489725,0.00040677690320756193,FORCE_BUY,2103146804.2842288,4.9187,-0.5,-0.5
2017-02-23,0.25015971583896784,0.245,0.265,FREE,-0.052917591028432964,-0.0639202814022362,-0.0597561720228766,-0.0639202814022362,FORCE_BUY,1991853341.8223603,4.6533,-0.5,-0.5
2017-02-24,0.23714507687958863,0.245,0.265,FORCE_BUY,0.030309046390047077,0.023382524871506633,0.023382524871506633,0.030309046390047077,FORCE_BUY,2052224517.1618245,4.6707,-0.5,-0.5
2017-02-27,0.21375639194882476,0.245,0.265,FORCE_BUY,0.021966728755861083,0.00085640268054038,0.00085640268054038,0.021966728755861083,FORCE_BUY,2097305176.4764464,4.7733,-0.5,-0.5
2017-02-28,0.23230513679352963,0.245,0.265,FORCE_BUY,-0.02173100871730995,0.00041511000415137515,0.00041511000415137515,-0.02173100871730995,FREE,2098175788.8369603,4.7133,-0.5,-0.5
2017-03-01,0.21996417974605034,0.245,0.265,FORCE_BUY,0.01155297895856341,-0.008758576105770223,-0.008758576105770223,0.01155297895856341,FORCE_BUY,2122415969.5767608,4.8507,-0.5,-0.5
2017-03-02,0.24822719309958918,0.245,0.265,FREE,-0.02226302501721363,0.024814050615862483,0.02378617480751977,0.024814050615862483,FREE,2175081706.8737535,4.686,-0.5,-0.5
2017-03-03,0.2305414655779737,0.245,0.265,FORCE_BUY,-0.000576923076923062,0.005665031832466575,-0.0016452991452991232,-0.000576923076923062,FREE,2187403613.981409,4.6773,-0.5,-0.5
2017-03-06,0.22945944981184338,0.245,0.265,FORCE_BUY,0.001582109336583112,-0.030060077395078395,-0.030060077395078395,0.001582109336583112,FORCE_BUY,2190864325.661965,4.6847,-0.5,-0.5
2017-03-07,0.22775771744496556,0.245,0.265,FORCE_BUY,0.012578616352201158,0.010847515855544708,0.010153046987357113,0.012578616352201158,FORCE_BUY,2218422367.4941907,4.7173,-0.5,-0.5
2017-03-08,0.21995178064318946,0.245,0.265,FORCE_BUY,-0.011791128579449799,-0.011791128579449799,-0.011791128579449799,-0.011791128579449799,FORCE_BUY,2192264664.1155396,4.752,-0.5,-0.5
2017-03-09,0.209529423937618,0.245,0.265,FORCE_BUY,0.006760610990218268,0.012698190811408773,0.011831069232882059,0.006760610990218268,FREE,2220102459.1295877,4.7653,-0.5,-0.5
2017-03-10,0.20994114381176043,0.245,0.265,FORCE_BUY,0.045730739101898996,0.045730739101898996,0.045730739101898996,0.045730739101898996,FORCE_BUY,2321629385.4675274,4.9393,-0.5,-0.5
2017-03-13,0.20589668646632056,0.245,0.265,FORCE_BUY,0.024422654881510842,-0.004344116669315707,-0.00672478708196593,0.024422654881510842,FORCE_BUY,2378329738.7115746,5.088,-0.5,-0.5
2017-03-14,0.20227460087819268,0.245,0.265,FORCE_BUY,-0.000539568345323727,-0.006534772182254142,-0.006534772182254142,-0.000539568345323727,FORCE_BUY,2377046467.2698236,5.0013,-0.5,-0.5
2017-03-15,0.20826192697901083,0.245,0.265,FORCE_BUY,0.023242370482588082,0.028436204965711323,0.005302290350230112,0.023242370482588082,FREE,2444640647.8261285,5.1333,-0.5,-0.5
2017-03-16,0.21920254361836589,0.245,0.265,FORCE_BUY,-0.011225734027522426,0.0020922562262153293,-0.006716085702672897,-0.011225734027522426,FREE,2449755462.442402,5.1087,-0.5,-0.5
2017-03-17,0.20623338992755058,0.245,0.265,FORCE_BUY,-0.0028342360180923544,-0.0034942635839495923,-0.0034942635839495923,-0.0028342360180923544,FORCE_BUY,2442812277.275229,5.1367,-0.5,-0.5
2017-03-20,0.20880020307988667,0.245,0.265,FORCE_BUY,0.01834506564275609,0.004925080229443993,0.006321872515368433,0.01834506564275609,FORCE_BUY,2487625828.8547735,5.2513,-0.5,-0.5
2017-03-21,0.23639768930681582,0.245,0.265,FORCE_BUY,-0.06834669721267671,0.017146259965352476,0.015139366170293975,-0.06834669721267671,FREE,2530279308.0128427,4.88,-0.5,-0.5
2017-03-22,0.2122398231473743,0.245,0.265,FORCE_BUY,0.03859706967255353,0.06009180656577773,0.01922641003977177,0.03859706967255353,FREE,2682328362.74734,5.04,-0.5,-0.5
2017-03-23,0.21670828068605688,0.245,0.265,FORCE_BUY,0.005297619047619138,0.01544572079626461,0.002638888888888915,0.005297619047619138,FREE,2723758857.722237,5.0667,-0.5,-0.5
2017-03-24,0.23837585913379858,0.245,0.265,FORCE_BUY,-0.0032385052456027426,-0.012520832740605595,-0.0006593363973082651,-0.0032385052456027426,FORCE_SELL,2721962984.36985,5.14,-0.5,-0.5
2017-03-27,0.22787633047153946,0.245,0.265,FORCE_BUY,0.027059999999999928,0.01126354115301661,0.01388000000000002,0.027059999999999928,FORCE_BUY,2795619302.7268977,5.1353,-0.5,-0.5
2017-03-28,0.2244597870207481,0.245,0.265,FORCE_BUY,-0.003982300884955814,-0.01162476738807455,-0.007560600230858046,-0.003982300884955814,FORCE_BUY,2784486305.5036488,5.1773,-0.5,-0.5
2017-03-29,0.21394379761551463,0.245,0.265,FORCE_BUY,-0.013796539368041984,-0.011688288457111723,-0.011248011957000896,-0.013796539368041984,FORCE_SELL,2753166370.2452383,5.1467,-0.5,-0.5
2017-03-30,0.2085060375344955,0.245,0.265,FORCE_BUY,0.030771028492414417,0.014516721669585118,0.008569147175102808,0.030771028492414417,FORCE_BUY,2837884131.0684114,5.2927,-0.5,-0.5
2017-03-31,0.21702446940232323,0.245,0.265,FORCE_BUY,-0.009916094584286802,0.002288329519450851,0.002288329519450851,-0.009916094584286802,FREE,2844378145.0983167,5.192,-0.5,-0.5
2017-04-03,0.23866859518188754,0.245,0.265,FORCE_BUY,-0.022965741816312047,-0.022965741816312047,-0.022965741816312047,-0.022965741816312047,FORCE_BUY,2779054890.990028,5.1307,-0.5,-0.5
2017-04-04,0.23515803539940708,0.245,0.265,FORCE_BUY,0.005560741167358343,0.005560741167358343,0.005560741167358343,0.005560741167358343,FORCE_BUY,2794508495.9287047,5.0633,-0.5,-0.5
2017-04-05,0.23105983677487918,0.245,0.265,FORCE_BUY,-0.01998688733037976,-0.014907485723336899,0.027159120259074503,-0.01998688733037976,FORCE_SELL,2870404888.2346377,4.9327,-0.5,-0.5
2017-04-06,0.2197711781097865,0.245,0.265,FORCE_BUY,0.00745329000812338,0.024907734558087907,0.0087936636880583,0.00745329000812338,FREE,2941900171.265024,4.9607,-0.5,-0.5
2017-04-07,0.21706662742917246,0.245,0.265,FORCE_BUY,0.012894646706828166,0.0022968589446537564,0.0022968589446537564,0.012894646706828166,FORCE_BUY,2979834934.620244,5.0273,-0.5,-0.5
2017-04-10,0.22433886867061106,0.245,0.265,FORCE_BUY,-0.023969948124739026,-0.020917041434562026,0.001967682308747362,-0.023969948124739026,FORCE_SELL,2985698303.1040835,4.9107,-0.5,-0.5
2017-04-11,0.22820729282540866,0.245,0.27,FORCE_BUY,-0.012510305028854266,-0.012510305028854266,-0.012510305028854266,-0.012510305028854266,FORCE_BUY,2948346306.6081185,4.7913,-0.5,-0.5
2017-04-12,0.23551918177065592,0.245,0.27,FORCE_BUY,-0.047051904131745335,-0.047051904131745335,-0.047051904131745335,-0.047051904131745335,FORCE_BUY,2809620998.842408,4.5367,-0.5,-0.5
2017-04-13,0.23780450610573386,0.245,0.27,FORCE_BUY,-0.007292595896520902,-0.007292595896520902,-0.007292595896520902,-0.007292595896520902,FORCE_BUY,2789131568.275471,4.4513,-0.5,-0.5
2017-04-17,0.22262746979853118,0.245,0.27,FORCE_BUY,0.031295212233178306,0.02544127139581999,0.02544127139581999,0.031295212233178306,FORCE_BUY,2876418032.6509094,4.6333,-0.5,-0.5
2017-04-18,0.22232217048940117,0.245,0.27,FORCE_BUY,0.012987012987012898,0.004177489177489235,0.004177489177489235,0.012987012987012898,FORCE_BUY,2913774110.997025,4.68,-0.5,-0.5
2017-04-19,0.22597953124296657,0.245,0.27,FORCE_BUY,0.005454507311137502,0.012921086162072397,0.005307655191222341,0.005454507311137502,FREE,2951423237.3420334,4.7927,-0.5,-0.5
2017-04-20,0.22067601497928524,0.245,0.27,FORCE_BUY,0.019962840627580507,0.011181816333583987,0.0035714285714285574,0.019962840627580507,FORCE_BUY,3010342029.05363,4.9407,-0.5,-0.5
2017-04-21,0.21563404668028366,0.245,0.27,FORCE_BUY,-0.012162244339488697,0.013604786241322392,0.000547300995276981,-0.012162244339488697,FREE,3051297088.8721733,4.8733,-0.5,-0.5
2017-04-24,0.2155158367698431,0.245,0.27,FORCE_BUY,0.02478661522777697,0.013980188767660497,0.015451656105702996,0.02478661522777697,FORCE_BUY,3126928415.7596836,5.1267,-0.5,-0.5
2017-04-25,0.19425031757669778,0.245,0.27,FORCE_BUY,0.016673076923076766,0.0,0.0,0.016673076923076766,FORCE_BUY,3179063933.7685995,5.2867,-0.5,-0.5
2017-04-26,0.21352290280011177,0.245,0.27,FORCE_BUY,-0.022266514806378153,-0.021013667425968056,-0.021013667425968056,-0.022266514806378153,FREE,3112260141.5384965,5.1507,-0.5,-0.5
2017-04-27,0.2023468505235492,0.245,0.27,FORCE_BUY,0.02970968179265203,0.02449274659267779,0.015493967036585024,0.02970968179265203,FORCE_BUY,3204724399.9995594,5.3167,-0.5,-0.5
2017-04-28,0.22272559635857567,0.245,0.27,FORCE_BUY,-0.042105263157894736,-0.036447522314558264,-0.030018796992481212,-0.042105263157894736,FORCE_SELL,3108522428.8191214,5.096,-0.5,-0.5
2017-05-01,0.20816451144664785,0.245,0.27,FORCE_BUY,0.021820874003935634,0.012312038498256139,0.01155337346815516,0.021820874003935634,FORCE_BUY,3176353105.0767913,5.2447,-0.5,-0.5
2017-05-02,0.21039038654522976,0.245,0.265,FORCE_BUY,-0.03282279953470355,-0.012543621558743669,-0.012543621558743669,-0.03282279953470355,FREE,3136510133.7897677,4.9887,-0.5,-0.5
2017-05-03,0.2099925110888097,0.245,0.265,FORCE_BUY,0.028985507246376982,0.03578057504346904,0.016437147954377195,0.028985507246376982,FREE,3248736270.0064335,5.1333,-0.5,-0.5
2017-05-04,0.21760191402551618,0.245,0.265,FORCE_BUY,-0.012347346285185162,0.0,0.0,-0.012347346285185162,FREE,3248736270.0064335,5.1193,-0.5,-0.5
2017-05-05,0.20402331122610473,0.245,0.265,FORCE_BUY,0.005038076229968801,0.006858500032429472,-0.0003875443253822794,0.005038076229968801,FREE,3271017727.8196273,5.1867,-0.5,-0.5
2017-05-08,0.22593326887483203,0.245,0.265,FORCE_BUY,-0.00864123379768659,0.005205435833695325,-0.0002518745277352355,-0.00864123379768659,FREE,3288044800.712672,5.1167,-0.5,-0.5
2017-05-09,0.2081107645662327,0.245,0.265,FORCE_BUY,0.04663161803506166,0.0587911137312359,0.03183692614380364,0.04663161803506166,FREE,3481352616.5447693,5.3553,-0.5,-0.5
2017-05-10,0.19316840025970047,0.245,0.265,FORCE_BUY,0.030548398969451423,0.01162966324647083,0.0029444239970555872,0.030548398969451423,FORCE_BUY,3587702365.228323,5.6,-0.5,-0.5
2017-05-11,0.20991440983513232,0.245,0.265,FORCE_BUY,0.015057271407316981,-0.007676154111710371,-0.003943571082868803,0.015057271407316981,FORCE_BUY,3641723373.4702387,5.6627,-0.5,-0.5
2017-05-12,0.20686772993994504,0.245,0.265,FORCE_BUY,0.005154185796963814,0.005154185796963814,0.005154185796963814,0.005154185796963814,FORCE_BUY,3660493492.3582506,5.714,-0.5,-0.5
2017-05-15,0.20300317880211635,0.245,0.265,FORCE_BUY,0.04450293722872044,0.009878389580110008,0.0028936496592118,0.04450293722872044,FORCE_BUY,3823396204.4748096,5.992,-0.5,-0.5
2017-05-16,0.19109799155219884,0.245,0.265,FORCE_BUY,0.03662349263063872,0.006732502936165316,0.006732502936165316,0.03662349263063872,FORCE_BUY,3963422327.193405,6.2667,-0.5,-0.5
2017-05-17,0.23114166682807566,0.245,0.265,FORCE_BUY,-0.09008949615150082,-0.07543388460759705,-0.04652810970283333,-0.09008949615150082,FORCE_SELL,3779011778.355091,5.5207,-0.5,-0.5
2017-05-18,0.22728884245841752,0.245,0.265,FORCE_BUY,0.05699596439825292,0.061905211816281544,0.05612987635211081,0.05699596439825292,FREE,4012952302.9503856,5.736,2.0499999999999994,-0.5
2017-05-19,0.2260337901469188,0.245,0.265,FORCE_BUY,0.010227214618098838,0.004714836580396456,0.0,0.010227214618098838,FORCE_BUY,4053993627.4048533,5.9267,-0.5,-0.5
2017-05-22,0.21759567053831252,0.245,0.265,FORCE_BUY,0.02248327237793477,0.012589958370552606,0.012589958370552606,0.02248327237793477,FORCE_BUY,4145140670.348208,6.0667,-0.5,-0.5
2017-05-23,0.2209217764659306,0.245,0.265,FORCE_BUY,-0.00011538398140677113,0.009890055549145266,0.009890055549145266,-0.00011538398140677113,FREE,4186136341.8369727,6.066,-0.5,-0.5
2017-05-24,0.2111143137780347,0.245,0.265,FORCE_BUY,0.003375018342490904,0.0008804395676063228,0.0008804395676063228,0.003375018342490904,FORCE_BUY,4200264628.774841,6.154,-0.5,-0.5
2017-05-25,0.19925233427632238,0.245,0.265,FORCE_BUY,0.003850287969454466,0.0,0.0,0.003850287969454466,FORCE_BUY,4216436857.1435375,6.2573,-0.5,-0.5
2017-05-26,0.19844464849029542,0.245,0.265,FORCE_BUY,0.017137809187279137,0.004818503051718566,0.004818503051718566,0.017137809187279137,FORCE_BUY,4288697347.451474,6.3327,-0.5,-0.5
2017-05-30,0.19964211596539272,0.245,0.265,FORCE_BUY,0.014373425692695096,0.0,0.0,0.014373425692695096,FORCE_BUY,4350340620.093527,6.4433,-0.5,-0.5
2017-05-31,0.21302293397244734,0.245,0.265,FORCE_BUY,-0.01334046454767718,0.005913814180929205,0.005913814180929205,-0.01334046454767718,FREE,4376067726.144508,6.4567,-0.5,-0.5
2017-06-01,0.21173584961785577,0.245,0.265,FORCE_BUY,0.00729263028060447,0.005900025201143007,-0.00010792476102368188,0.00729263028060447,FORCE_BUY,4407980770.154165,6.5333,-0.5,-0.5
2017-06-02,0.2032953254767176,0.245,0.265,FORCE_BUY,0.011118358184052145,0.010312719821618363,0.004944863257845859,0.011118358184052145,FORCE_BUY,4456990279.225153,6.666,-0.5,-0.5
2017-06-05,0.20190425801597237,0.245,0.265,FORCE_BUY,-0.01911788623896611,0.002764922449100417,0.00276492244910029,-0.01911788623896611,FREE,4469313511.703605,6.634,-0.5,-0.5
2017-06-06,0.2054071468906533,0.245,0.265,FORCE_BUY,0.018599907000465103,0.004987574812500137,0.011489942550287237,0.018599907000465103,FORCE_BUY,4552442327.377214,6.7907,-0.5,-0.5
2017-06-07,0.2055441755163433,0.245,0.265,FORCE_BUY,0.010962773159404388,0.003942894650206127,0.007905426063156185,0.010962773159404388,FORCE_BUY,4602349719.933522,6.944,-0.5,-0.5
2017-06-08,0.20497797879672555,0.245,0.265,FORCE_BUY,0.04761428571428579,0.015592845296662432,0.008285714285714302,0.04761428571428579,FORCE_BUY,4821487314.455501,7.3333,-0.5,2.2999999999999994
2017-06-09,0.25315943428185383,0.245,0.265,FREE,-0.14054379855344237,0.0,0.0,0.0,FREE,4821487314.455501,6.4167,-0.5,2.2999999999999994
2017-06-12,0.21491124577071186,0.245,0.265,FORCE_BUY,0.07313073335724903,0.06549386890832531,0.0,0.07313073335724903,FORCE_BUY,5174086217.634305,6.282,-0.5,2.2999999999999994
2017-06-13,0.22360036943186734,0.245,0.265,FORCE_BUY,-0.008350472420245317,-0.0029429837260554104,0.016391668084185105,-0.008350472420245317,FORCE_SELL,5258898121.552723,6.4127,-0.5,2.2999999999999994
2017-06-14,0.22031383794424533,0.245,0.265,FORCE_BUY,-0.03285001559089481,-0.03084641007453955,0.0010134081696290043,-0.03285001559089481,FORCE_SELL,5264227531.872351,6.2033,-0.5,-0.5
2017-06-15,0.2097434713432563,0.245,0.265,FORCE_BUY,-0.01010883905013197,-0.009146408867172452,-0.0032981530343009343,-0.01010883905013197,FORCE_SELL,5246865303.864856,6.0027,-0.5,-0.5
2017-06-16,0.22268028138132176,0.245,0.265,FORCE_BUY,-0.02468189233278953,-0.003031564525926254,0.004845024469820513,-0.02468189233278953,FORCE_SELL,5272286494.651934,5.9787,-0.5,-0.5
2017-06-19,0.20314275521885375,0.245,0.265,FORCE_BUY,0.036948027531185285,0.0048643521584680145,0.0010790131933888028,0.036948027531185285,FORCE_BUY,5467087081.20863,6.3427,-0.5,2.4499999999999993
2017-06-20,0.22153784577560373,0.245,0.265,FORCE_BUY,-0.05628262115322073,-0.013833072134417052,0.0,-0.05628262115322073,FORCE_SELL,5467087081.20863,6.0933,-0.5,-0.5
2017-06-21,0.20614727085793327,0.245,0.265,FORCE_BUY,0.024469820554649396,0.03536676436503644,0.00957585644371945,0.024469820554649396,FREE,5660440261.77287,6.28,-0.5,-0.5
2017-06-22,0.2151528563160081,0.245,0.265,FORCE_BUY,0.011173814898419987,0.006270244026733959,0.015801354401805873,0.011173814898419987,FORCE_SELL,5749882884.419394,6.2713,-0.5,-0.5
2017-06-23,0.23015744057026613,0.245,0.265,FORCE_BUY,0.024010372480911882,0.015338737110773083,0.010148384101932046,0.024010372480911882,FORCE_BUY,5887939714.195924,6.3973,-0.5,-0.5
2017-06-26,0.246859378754303,0.245,0.265,FREE,-0.05246913580246923,-0.045404886247674074,-0.040740740740740806,-0.045404886247674074,FORCE_SELL,5648060688.802756,6.14,-0.5,-0.5
2017-06-27,0.24022756372093393,0.245,0.265,FORCE_BUY,-0.06972222222222237,-0.05181510896456064,-0.04482026143790857,-0.06972222222222237,FORCE_SELL,5394913132.113443,5.6933,-0.5,-0.5
2017-06-28,0.22965678276086665,0.245,0.265,FORCE_BUY,0.059999647060899754,0.052802282315904725,0.025058676125434547,0.059999647060899754,FORCE_BUY,5718606015.964462,6.0067,-0.5,-0.5
2017-06-29,0.25150301450267626,0.245,0.265,FREE,-0.09160343121082147,-0.031691736646974014,-0.022319366545694448,-0.031691736646974014,FORCE_SELL,5590970352.163738,5.5067,-0.5,-0.5
2017-06-30,0.24529992484639718,0.245,0.265,FREE,-0.021044133476856925,-0.021044133476856925,-0.021044133476856925,-0.021044133476856925,FORCE_BUY,5473313225.807654,5.4567,-0.5,-0.5
2017-07-03,0.25440668325887983,0.245,0.265,FREE,-0.06023530262230484,-0.06023530262230484,-0.06023530262230484,-0.06023530262230484,FORCE_BUY,5143626547.304467,5.2,-0.5,-0.5
2017-07-05,0.23178659623866346,0.245,0.265,FORCE_BUY,0.041966449382901734,0.041966449382901734,0.041966449382901734,0.041966449382901734,FORCE_BUY,5359486290.446469,5.5467,-0.5,-0.5
2017-07-06,0.23233333380345148,0.245,0.265,FORCE_BUY,-0.0020503329522980457,-0.009716539375416802,-0.018870320976901986,-0.0020503329522980457,FORCE_BUY,5348497559.097777,5.5,-0.5,-0.5
2017-07-07,0.23642443975095992,0.245,0.265,FORCE_BUY,0.051822854738690624,0.03199351416979574,0.01218285254358191,0.051822854738690624,FORCE_BUY,5625671971.173142,5.75,-0.5,-0.5
2017-07-10,0.2265689584303298,0.245,0.265,FORCE_BUY,0.021920415224913233,0.0,0.0,0.021920415224913233,FORCE_BUY,5748989036.700414,5.9067,-0.5,-0.5
2017-07-11,0.2034924623457132,0.245,0.265,FORCE_BUY,0.03768732970027244,0.008736376021798282,0.008736376021798282,0.03768732970027244,FORCE_BUY,5965653081.969794,6.0933,-0.5,-0.5
2017-07-12,0.20342508166869133,0.245,0.265,FORCE_BUY,0.030006660926356024,-0.0035741556057381977,-0.0035741556057381977,0.030006660926356024,FORCE_BUY,6144662411.204733,6.34,-0.5,-0.5
2017-07-13,0.2229691135453453,0.245,0.265,FORCE_BUY,-0.015919342000530672,0.011660135743904608,0.004057871490331313,-0.015919342000530672,FREE,6216310009.019848,6.3053,-0.5,-0.5
2017-07-14,0.20813946051382307,0.245,0.265,FORCE_BUY,0.029519368159907026,0.007607640170295285,0.003030445773862771,0.029519368159907026,FORCE_BUY,6399811552.77222,6.5567,-0.5,-0.5
2017-07-17,0.2193947175273918,0.245,0.265,FORCE_BUY,-0.015113273988544108,0.0,0.0,-0.015113273988544108,FREE,6399811552.77222,6.5167,-0.5,-0.5
2017-07-18,0.2108164441834156,0.245,0.265,FORCE_BUY,0.011972060030665718,0.0021434033192315838,-0.0030820697879721747,0.011972060030665718,FORCE_BUY,6476430480.866956,6.534,-0.5,-0.5
2017-07-19,0.19164847951937877,0.245,0.265,FORCE_BUY,0.013592203487753383,0.0004105027898986669,0.0004105027898986669,0.013592203487753383,FORCE_BUY,6564459441.837188,6.6667,-0.5,-0.5
2017-07-20,0.20628316626772347,0.245,0.265,FORCE_BUY,0.004960420596141556,-0.006979393388840844,-0.010099059896336138,0.004960420596141556,FORCE_BUY,6597021921.655013,6.7667,-0.5,-0.5
2017-07-21,0.2176330655149535,0.245,0.265,FORCE_BUY,-0.01851545958283909,-0.01141261093508313,-0.01141261093508313,-0.01851545958283909,FREE,6521732677.13295,6.536,-0.5,-0.5
2017-07-24,0.22670626455910403,0.245,0.265,FORCE_BUY,-0.017952208106473196,0.006964046712414064,-3.0248033877803566e-05,-0.017952208106473196,FREE,6567150328.142382,6.4933,-0.5,-0.5
2017-07-25,0.2094812182688521,0.245,0.265,FORCE_BUY,0.03308669551863757,0.0031023624490051057,0.0031023624490051057,0.03308669551863757,FORCE_BUY,6784435631.47475,6.66,-0.5,-0.5
2017-07-26,0.20198445569989962,0.245,0.265,FORCE_BUY,0.01099494502527485,-0.008803052120600353,0.0,0.01099494502527485,FORCE_BUY,6859030128.27033,6.74,-0.5,-0.5
2017-07-27,0.25088208981678967,0.23,0.26,FREE,-0.05893880678385654,-0.042186061125210846,0.0,-0.042186061125210846,FORCE_SELL,6859030128.27033,6.3867,-0.5,-0.5
2017-07-28,0.2268850775676112,0.23,0.26,FORCE_BUY,-0.00802634286890293,0.0072813209616992445,0.002944575490366905,-0.00802634286890293,FREE,6908972928.120233,6.266,-0.5,-0.5
2017-07-31,0.2408230188049706,0.21,0.23,FORCE_SELL,-0.022350589457447268,-0.012298998069198049,0.0010545700659501645,0.0010545700659501645,FORCE_SELL,6916258924.156688,6.2113,-0.5,-0.5
2017-08-01,0.20915224209366232,0.21,0.23,FORCE_BUY,0.03597815611949895,0.045052494542840514,0.0,0.03597815611949895,FREE,7227853641.59413,6.45,-0.5,-0.5
2017-08-02,0.23643861146318215,0.21,0.23,FORCE_SELL,-0.04457307353009439,-0.038938391563159744,-0.04879822945846798,-0.04879822945846798,FREE,6946412646.336528,6.1733,-0.5,-0.5
2017-08-03,0.21413193511584494,0.21,0.23,FREE,0.0021810429649066127,0.0021810429649066127,0.0,0.0021810429649066127,FORCE_BUY,6961563070.770158,6.1113,-0.5,-0.5
2017-08-04,0.22507078674105596,0.21,0.23,FREE,-0.005853658536585341,-0.006957803478119968,0.004878048780487752,-0.006957803478119968,FORCE_SELL,6995521915.0178175,6.114,-0.5,-0.5
2017-08-07,0.2151073954786474,0.21,0.23,FREE,0.045045484080571976,0.01744703691799622,0.014278752436647286,0.01744703691799622,FORCE_BUY,7310638586.076046,6.4333,-0.5,-0.5
2017-08-08,0.2317788135192411,0.225,0.25,FREE,-0.018691588785046665,-0.012426617614100936,0.0,-0.012426617614100936,FORCE_SELL,7310638586.076046,6.3,-0.5,-0.5
2017-08-09,0.21841047984685294,0.21,0.23,FREE,-0.004766974401347464,0.0007913840648738742,-0.0037023501183801057,0.0007913840648738742,FREE,7316424108.957119,6.2633,-0.5,-0.5
2017-08-10,0.23812971612510037,0.21,0.23,FORCE_SELL,-0.10013147429758648,-0.10244959064854477,0.0,0.0,FORCE_SELL,7316424108.957119,5.544,-0.5,-0.5
2017-08-11,0.22435632958337262,0.21,0.23,FREE,0.06468653980917487,0.06226520794283392,0.0,0.06226520794283392,FORCE_BUY,7789698268.341981,5.9253,-0.5,-0.5
2017-08-14,0.22754105992071705,0.21,0.23,FREE,0.006266485492766391,0.009527615698185816,0.0,0.009527615698185816,FREE,7863915519.847567,6.2947,-0.5,-0.5
2017-08-15,0.21083829522432995,0.21,0.23,FREE,0.0,0.0,0.0,0.0,FORCE_BUY,7863915519.847567,6.3333,-0.5,-0.5
2017-08-16,0.2228463083996587,0.21,0.23,FREE,-0.0027485112230874794,0.005686574944319047,0.0,0.005686574944319047,FREE,7908634264.806974,6.3133,-0.5,-0.5
2017-08-17,0.23333122535444584,0.21,0.23,FORCE_SELL,-0.04698917619731253,-0.04061622493062682,0.0,0.0,FORCE_SELL,7908634264.806974,5.908,-0.5,-0.5
2017-08-18,0.22509623140621238,0.21,0.23,FREE,-0.008656999683686672,-0.002125790875597636,0.0,-0.002125790875597636,FORCE_SELL,7908634264.806974,5.9547,-0.5,-0.5
2017-08-21,0.2298816693113693,0.21,0.23,FREE,-0.013584345979471843,-0.02212933780526851,-0.02212933780526851,-0.02212933780526851,FORCE_BUY,7801200640.72873,5.8527,-0.5,-0.5
2017-08-22,0.22139916692485564,0.21,0.23,FREE,0.014657468526146928,0.005757109533972027,0.0,0.005757109533972027,FORCE_BUY,7915546493.586369,6.1333,-0.5,-0.5
2017-08-23,0.21518326708283533,0.21,0.23,FREE,0.0,0.0,0.0,0.0,FORCE_BUY,7915546493.586369,6.1027,-0.5,-0.5
2017-08-24,0.2167030792605972,0.21,0.23,FREE,0.0,0.0,0.0,0.0,FORCE_BUY,7915546493.586369,6.1093,-0.5,-0.5
2017-08-25,0.241984496134776,0.21,0.23,FORCE_SELL,0.004304136937772066,0.004304136937772066,0.0,0.0,FORCE_BUY,7949616089.632066,6.0667,-0.5,-0.5
2017-08-28,0.21576910759751833,0.21,0.23,FREE,-0.012209810747933413,-0.012920567384517075,0.0,-0.012920567384517075,FORCE_SELL,7949616089.632066,5.9867,-0.5,-0.5
2017-08-29,0.22303893997005042,0.21,0.23,FREE,0.03433814771945744,0.015432875379531386,0.015432875379531386,0.015432875379531386,FORCE_BUY,8222591181.230828,6.166,-0.5,-0.5
2017-08-30,0.19871302293394674,0.21,0.23,FORCE_BUY,0.03275366943203584,0.00244455924867352,-0.007769623484365025,0.03275366943203584,FORCE_BUY,8491911214.655636,6.4733,-0.5,-0.5
2017-08-31,0.19688369648989537,0.21,0.23,FORCE_BUY,0.026675081195068322,0.001015900380193125,0.001015900380193125,0.026675081195068322,FORCE_BUY,8718433635.807886,6.67,-0.5,-0.5
2017-09-01,0.20854235891870712,0.21,0.23,FORCE_BUY,0.00488986586514743,0.012860197688155241,0.012860197688155241,0.00488986586514743,FREE,8830554415.895437,6.72,-0.5,-0.5
2017-09-05,0.22272564484245927,0.21,0.23,FREE,-0.01254308839384704,0.005808774859587961,0.012861980471656417,0.005808774859587961,FORCE_SELL,8944132834.346582,6.5027,-0.5,-0.5
2017-09-06,0.213035752883068,0.21,0.23,FREE,-0.0024605164008796804,0.025052119094542583,0.009011641318221655,0.025052119094542583,FREE,9168202315.310041,6.4867,-0.5,-0.5
2017-09-07,0.20858186672982248,0.21,0.23,FORCE_BUY,0.0010255154363034138,-9.217900583251721e-05,-0.0003979612140877014,0.0010255154363034138,FORCE_BUY,9177604448.307545,6.54,-0.5,-0.5
2017-09-08,0.22131901654926103,0.21,0.23,FREE,-0.03118125740304893,-0.02595660956123329,-0.024920393188425965,-0.02595660956123329,FORCE_SELL,8948894936.927874,6.298,-0.5,-0.5
2017-09-11,0.20825336069692443,0.21,0.23,FORCE_BUY,0.007547511585430235,0.007547511585430235,0.0,0.007547511585430235,FORCE_BUY,9016436825.141134,6.6747,-0.5,-0.5
2017-09-12,0.20205585752476252,0.21,0.23,FORCE_BUY,0.0038614052544814065,-0.0008619526715474721,0.0022871400353468357,0.0038614052544814065,FORCE_BUY,9051252941.674435,6.7593,-0.5,-0.5
2017-09-13,0.2043465160567556,0.21,0.23,FORCE_BUY,0.00404043393964498,-0.006088153889719273,-0.00079920671333646,0.00404043393964498,FORCE_BUY,9087823931.256287,6.784,-0.5,-0.5
2017-09-14,0.2018313657062817,0.21,0.23,FORCE_BUY,0.016032393503369186,0.02311473695220157,0.02311473695220157,0.016032393503369186,FREE,9297886590.895199,6.8,-0.5,-0.5
2017-09-15,0.1919183433385405,0.21,0.23,FORCE_BUY,0.05504360465116286,0.030661259322793958,0.02867732558139538,0.05504360465116286,FORCE_BUY,9809675784.495783,7.2587,-0.5,-0.5
2017-09-18,0.19426685619238274,0.21,0.23,FORCE_BUY,0.022731921508734057,0.0038181991736325085,0.0038181991736325085,0.022731921508734057,FORCE_BUY,10032668564.45507,7.5,-0.5,-0.5
2017-09-19,0.18892930317236947,0.21,0.23,FORCE_BUY,0.012202619620422307,0.010165967847645903,0.014260892809409322,0.012202619620422307,FORCE_SELL,10175743375.445093,7.5733,-0.5,-0.5
2017-09-20,0.22945957414348114,0.21,0.23,FREE,-0.05378944186718884,-0.05378944186718884,-0.05378944186718884,-0.05378944186718884,FORCE_BUY,9628395818.696157,7.2,-0.5,-0.5
2017-09-21,0.20784528551514028,0.21,0.23,FORCE_BUY,-0.0023194444444445046,-0.0023194444444445046,-0.0023194444444445046,-0.0023194444444445046,FORCE_BUY,9606063289.50557,7.1833,-0.5,-0.5
2017-09-22,0.20426037595035287,0.21,0.23,FORCE_BUY,0.030494261149464106,0.039055078822360034,0.025058941453842028,0.030494261149464106,FREE,9981228848.44979,7.2993,-0.5,-0.5
2017-09-25,0.2275268608619784,0.21,0.23,FREE,-0.04643097967440538,-0.04643097967440538,-0.04643097967440538,-0.04643097967440538,FORCE_BUY,9517790614.661829,6.9293,-0.5,-0.5
2017-09-26,0.22468597358606726,0.21,0.23,FREE,0.010479259194751477,0.022214972085148457,0.0,0.022214972085148457,FREE,9729228067.47883,6.962,-0.5,-0.5
2017-09-27,0.21520480532093858,0.21,0.23,FREE,0.043221272880797926,0.011427328092325498,0.004780101040459021,0.011427328092325498,FORCE_BUY,10149737688.70285,7.2893,-0.5,-0.5
2017-09-28,0.21061059863893436,0.21,0.23,FREE,0.0,0.0,0.0,0.0,FORCE_BUY,10149737688.70285,7.4947,-0.5,-0.5
2017-09-29,0.19771391546883002,0.21,0.23,FORCE_BUY,0.0,0.0,0.0,0.0,FORCE_BUY,10149737688.70285,7.68,-0.5,-0.5
2017-10-02,0.2068695644317721,0.21,0.23,FORCE_BUY,0.0,0.0,0.0,0.0,FORCE_BUY,10149737688.70285,7.8333,-0.5,-0.5
2017-10-03,0.196637900730067,0.21,0.23,FORCE_BUY,0.0,0.0,0.0,0.0,FORCE_BUY,10149737688.70285,7.8733,-0.5,-0.5
2017-10-04,0.19750954206049942,0.21,0.23,FORCE_BUY,0.007973811252499713,0.027600917504223384,0.0,0.007973811252499713,FREE,10429879761.338243,7.9133,-0.5,-0.5
2017-10-05,0.20324715191270468,0.21,0.23,FORCE_BUY,-0.005738522954091863,-0.00036494297268478194,0.002994011976047768,-0.005738522954091863,FORCE_SELL,10461106946.25243,7.97,-0.5,-0.5
2017-10-06,0.1974202329531726,0.21,0.23,FORCE_BUY,0.02421279837480955,0.02371157860869751,0.012353986795327477,0.02421279837480955,FORCE_BUY,10714399619.51936,8.0667,-0.5,-0.5
2017-10-09,0.19336736937856677,0.21,0.23,FORCE_BUY,0.021914204524302986,0.014388198953072754,0.010088475808753418,0.021914204524302986,FORCE_BUY,10949197164.136621,8.2353,-0.5,-0.5
2017-10-10,0.19858658902043502,0.21,0.23,FORCE_BUY,-0.00040540379410256347,-0.00040540379410256347,-0.00040540379410256347,-0.00040540379410256347,FORCE_BUY,10944758318.063904,8.3833,-0.5,-0.5
2017-10-11,0.1942183455690425,0.21,0.23,FORCE_BUY,0.023097225705516485,0.023097225705516485,0.023097225705516485,0.023097225705516485,FORCE_BUY,11197551871.228554,8.5667,-0.5,-0.5
2017-10-12,0.2100995340015219,0.21,0.23,FREE,-0.0016495234055588191,0.004511808360448377,0.015599778492571213,0.004511808360448377,FORCE_SELL,11372231200.078796,8.4733,-0.5,-0.5
2017-10-13,0.20734805015997967,0.21,0.23,FORCE_BUY,0.015645539906103397,0.0054017172296261596,0.006185446009389642,0.015645539906103397,FORCE_BUY,11550155897.141062,8.6533,-0.5,-0.5
2017-10-16,0.19039838131948406,0.21,0.23,FORCE_BUY,0.01571763726929177,0.009315011499300793,0.009315011499300793,0.01571763726929177,FORCE_BUY,11731697057.936096,8.7887,-0.5,-0.5
2017-10-17,0.19781309862239146,0.21,0.23,FORCE_BUY,-0.002820278602420533,-0.0007647088606482202,-0.0009134505594883916,-0.002820278602420533,FREE,11722725725.245453,8.7333,-0.5,-0.5
2017-10-18,0.20584319791705985,0.21,0.23,FORCE_BUY,0.005725212691651612,-0.02143652607533937,-0.016946629567288343,0.005725212691651612,FORCE_BUY,11789840823.34838,8.7833,-0.5,-0.5
2017-10-19,0.21568409563386612,0.21,0.23,FREE,0.019017783316058478,0.016036428430013804,0.016036428430013804,0.016036428430013804,FORCE_BUY,12014057461.45764,8.75,-0.5,-0.5
2017-10-20,0.20727446382787185,0.21,0.23,FORCE_BUY,-0.00015764523066852826,-0.00015764523066852826,0.0,-0.00015764523066852826,FORCE_SELL,12014057461.45764,8.8793,-0.5,-0.5
2017-10-23,0.2031139553875527,0.21,0.23,FORCE_BUY,0.000744444444444408,-0.0013078384385507382,0.005477777777777773,0.000744444444444408,FORCE_SELL,12079867798.440956,9.0067,-0.5,-0.5
2017-10-24,0.19435629842080196,0.21,0.23,FORCE_BUY,-0.013731055417356027,0.006363934068333311,0.0,-0.013731055417356027,FREE,12156743280.664415,9.0,-0.5,-0.5
2017-10-25,0.23524745057998833,0.21,0.23,FORCE_SELL,-0.017033333333333334,-0.014811111111111185,-0.014811111111111185,-0.014811111111111185,FREE,11976688405.18524,8.8467,-0.5,-0.5
2017-10-26,0.2062025021480304,0.21,0.23,FORCE_BUY,0.0,0.0,0.0,0.0,FORCE_BUY,11976688405.18524,9.0667,-0.5,-0.5
2017-10-27,0.21275935345397512,0.21,0.23,FREE,0.04642352709316464,0.006284694469687848,0.0,0.006284694469687848,FORCE_BUY,12532688523.849747,9.5573,-0.5,-0.5
2017-10-30,0.2056803516521399,0.21,0.23,FORCE_BUY,0.0,0.0,0.0,0.0,FORCE_BUY,12532688523.849747,9.64,-0.5,-0.5
2017-10-31,0.20428206905084878,0.21,0.23,FORCE_BUY,0.0035316987776452687,0.0035316987776452687,0.0,0.0035316987776452687,FORCE_BUY,12576950204.590036,9.86,-0.5,-0.5
2017-11-01,0.21879467659818688,0.21,0.23,FREE,-0.041447105788423276,-0.03246506986027947,-0.03246506986027947,-0.03246506986027947,FREE,12168638637.568764,9.6047,-0.5,-0.5
2017-11-02,0.2124324790927884,0.21,0.23,FREE,0.02492115833050822,0.016641498967610562,0.0,0.016641498967610562,FORCE_BUY,12471895207.722355,9.9773,-0.5,-0.5
2017-11-03,0.2113264591641084,0.21,0.23,FREE,0.05432832189454697,0.007787756558253118,0.0,0.007787756558253118,FORCE_BUY,13149472345.202553,10.4,-0.5,-0.5
2017-11-06,0.19867576034728993,0.21,0.23,FORCE_BUY,0.0,0.0,0.0,0.0,FORCE_BUY,13149472345.202553,10.772,-0.5,-0.5
2017-11-07,0.19896400962728142,0.21,0.23,FORCE_BUY,0.011501865671641694,0.0020429104477610012,0.0,0.011501865671641694,FORCE_BUY,13300715809.77004,10.8433,-0.5,-0.5
2017-11-08,0.1966077756481864,0.21,0.23,FORCE_BUY,0.013534434010364051,0.010333096206115605,0.0011773103556960837,0.013534434010364051,FORCE_BUY,13480733470.187979,10.9333,-0.5,-0.5
2017-11-09,0.23056457247417472,0.21,0.23,FORCE_SELL,-0.029921773142112026,-0.05569938536040215,-0.05569938536040215,-0.05569938536040215,FORCE_BUY,13077366021.503738,10.4167,-0.5,-0.5
2017-11-10,0.19876929240115318,0.21,0.23,FORCE_BUY,0.0,0.0,0.0,0.0,FORCE_BUY,13077366021.503738,10.4947,-0.5,-0.5
2017-11-13,0.20489866905202025,0.21,0.23,FORCE_BUY,0.025694039992234685,0.015073695300007565,0.0,0.025694039992234685,FORCE_BUY,13413376387.053347,10.5667,-0.5,-0.5
2017-11-14,0.19445359994459074,0.21,0.23,FORCE_BUY,-0.0027162597009275052,0.0014894831260772268,0.0038519780427786685,-0.0027162597009275052,FORCE_SELL,13465044418.375801,10.5373,-0.5,-0.5
2017-11-15,0.19339379677943735,0.21,0.23,FORCE_BUY,-0.00511119516618675,-0.007013890816350578,0.002191897737301818,-0.00511119516618675,FORCE_SELL,13494558418.769108,10.258,-0.5,-0.5
2017-11-16,0.19809864928745366,0.21,0.23,FORCE_BUY,0.05154026125950478,0.028126414188991682,0.026779099239618,0.05154026125950478,FORCE_BUY,14190071485.254118,10.7867,-0.5,0.6999999999999997
2017-11-17,0.2109102356324403,0.21,0.23,FREE,-0.031745157945923155,0.0005024649222601182,0.0,0.0005024649222601182,FREE,14197201498.41982,10.5533,-0.5,2.1499999999999995
2017-11-20,0.17875332950981482,0.21,0.23,FORCE_BUY,0.02499367189477526,0.014809431829639967,0.008559348252036622,0.02499367189477526,FORCE_BUY,14552041694.495337,10.9333,-0.5,2.1499999999999995
2017-11-21,0.17919961336028958,0.21,0.23,FORCE_BUY,0.011226644569778914,0.007401775486824318,-0.0026106403642420905,0.011226644569778914,FORCE_BUY,14715412294.364038,11.3493,-0.5,2.1499999999999995
2017-11-22,0.1887553575440527,0.21,0.23,FORCE_BUY,-0.03488361952436168,-0.030943730004455234,-0.02831677814890068,-0.03488361952436168,FORCE_SELL,14298719229.054926,11.0667,-0.5,-0.5
2017-11-24,0.1693940708337867,0.21,0.23,FORCE_BUY,0.023806753600100136,0.016467829557964074,0.016467829557964074,0.023806753600100136,FORCE_BUY,14639125314.53805,11.4393,-0.5,-0.5
2017-11-27,0.21024437554189332,0.21,0.23,FREE,-0.04203152364273206,-0.0210669276999467,-0.018677758318739024,-0.0210669276999467,FORCE_SELL,14365699269.915375,10.94,-0.5,-0.5
2017-11-28,0.19270508337771416,0.21,0.23,FORCE_BUY,-0.010367944414790052,-0.006908070843448868,0.010196050048401932,-0.010367944414790052,FORCE_SELL,14512172658.651724,10.9387,-0.5,-0.5
2017-11-29,0.2607885034150919,0.21,0.23,FORCE_SELL,-0.12120909090909085,-0.10654930691438445,-0.11240909090909082,-0.11240909090909082,FREE,12965910720.050503,9.6667,-0.5,-0.5
2017-11-30,0.22042624476340764,0.21,0.23,FREE,-0.014561115668580898,-0.015549403428173653,0.0,-0.015549403428173653,FORCE_SELL,12965910720.050503,9.61,-0.5,-0.5
2017-12-01,0.2232465833028724,0.21,0.23,FREE,-0.023860561914672253,-0.023860561914672253,-0.023860561914672253,-0.023860561914672253,FORCE_BUY,12656536804.534626,9.3807,-0.5,-0.5
2017-12-04,0.2422089571902195,0.21,0.23,FORCE_SELL,-0.08629649459859527,-0.1009415685000965,-0.07579813759146688,-0.07579813759146688,FORCE_SELL,11697194886.393045,8.7033,-0.5,-0.5
2017-12-05,0.22596932678391712,0.21,0.23,FREE,0.01627906976744189,0.01627906976744189,0.0,0.01627906976744189,FORCE_BUY,11887614338.032003,8.74,-0.5,-0.5
2017-12-06,0.20077125639240467,0.21,0.23,FORCE_BUY,0.029856115107913462,0.029856115107913462,0.029856115107913462,0.029856115107913462,FORCE_BUY,12242532320.06677,8.8753,-0.5,-0.5
2017-12-07,0.20290948995197108,0.21,0.23,FORCE_BUY,0.0033137088133608373,0.0033137088133608373,0.0033137088133608373,0.0033137088133608373,FORCE_BUY,12283100507.313631,9.0833,-0.5,-0.5
2017-12-08,0.2296504310676953,0.21,0.23,FREE,-0.041742227979274495,-0.02469208606086808,0.00029145077720214813,-0.02469208606086808,FORCE_SELL,12286680426.50294,8.8773,-0.5,-0.5
2017-12-11,0.198181295348694,0.21,0.23,FORCE_BUY,0.008673123325142319,0.026963779550431156,0.014166101431065403,0.008673123325142319,FREE,12617975768.929762,9.0713,-0.5,-0.5
2017-12-12,0.20645018813590008,0.21,0.23,FORCE_BUY,-0.021155979587308645,-0.015021078322609174,-0.015021078322609174,-0.021155979587308645,FREE,12428440166.631884,8.8233,-0.5,-0.5
2017-12-13,0.2040914676035043,0.21,0.23,FORCE_BUY,-0.009741573033707965,0.00435491393463661,-0.0017191011235955058,-0.009741573033707965,FREE,12482564953.899345,8.8133,-0.5,-0.5
2017-12-14,0.19731163710763536,0.21,0.23,FORCE_BUY,-0.00903067041439497,0.0032662402070357094,-0.008059873344847538,-0.00903067041439497,FREE,12523336009.438707,8.7787,-0.5,-0.5
2017-12-15,0.20365977683723258,0.21,0.23,FORCE_BUY,0.04322916079262859,0.01556732952059183,0.0,0.04322916079262859,FORCE_BUY,13064709315.450848,9.25,-0.5,-0.5
2017-12-18,0.16600089872973434,0.21,0.23,FORCE_BUY,0.0446808510638298,0.02539361702127657,0.02539361702127657,0.0446808510638298,FORCE_BUY,13648451646.566738,9.82,-0.5,-0.5
2017-12-19,0.17576665638898106,0.21,0.23,FORCE_BUY,0.010266940451745372,0.006160164271047387,0.006160164271047387,0.010266940451745372,FORCE_BUY,13788579486.880566,9.84,-0.5,-0.5
2017-12-20,0.19286187752436193,0.21,0.23,FORCE_BUY,0.0012074864157776129,0.00576443699681736,0.0060374320788888665,0.0012074864157776129,FORCE_SELL,13871827098.99697,9.95,-0.5,-0.5
2017-12-21,0.2350277067178742,0.21,0.23,FORCE_SELL,-0.03753737238393312,0.004528051226391487,0.001799874008819469,0.001799874008819469,FREE,13934639442.704872,9.6253,-0.5,-0.5
2017-12-22,0.19898170822637914,0.21,0.23,FORCE_BUY,0.0035539945853846145,0.0035539945853846145,0.0,0.0035539945853846145,FORCE_BUY,13984163075.833532,9.6007,-0.5,-0.5
2017-12-26,0.1991441830283727,0.21,0.23,FORCE_BUY,0.0008517887563885811,-0.009369676320272368,-0.009369676320272368,0.0008517887563885811,FORCE_BUY,13996074628.709032,9.4,-0.5,-0.5
2017-12-27,0.210591908322707,0.21,0.23,FREE,0.010371864039556913,0.0018496980115507591,0.002788712151276906,0.0018496980115507591,FORCE_BUY,14141240011.845493,9.42,-0.5,-0.5
2017-12-28,0.21465841837897545,0.21,0.23,FREE,-0.0002848101265823493,0.006759974842151514,0.005485232067510533,0.006759974842151514,FREE,14236834438.562393,9.4773,-0.5,-0.5
2017-12-29,0.23067719985412205,0.21,0.23,FORCE_SELL,-0.045400000000000044,-0.04093892069291468,-0.004284210526315722,-0.004284210526315722,FORCE_SELL,14175840842.59929,9.0687,-0.5,-0.5
2018-01-02,0.21979921863300034,0.21,0.23,FREE,0.0,0.0,0.0,0.0,FORCE_BUY,14175840842.59929,9.9867,-0.5,-0.5
2018-01-03,0.18991881266556407,0.21,0.23,FORCE_BUY,0.03488486712404386,0.024284742030982315,0.0,0.03488486712404386,FORCE_BUY,14670363166.764961,10.4987,-0.5,-0.5
2018-01-04,0.18631461606626878,0.21,0.23,FORCE_BUY,0.013517758717526416,0.0027225908402906123,0.0027225908402906123,0.013517758717526416,FORCE_BUY,14868673596.351776,10.6467,-0.5,-0.5
2018-01-05,0.194087622022616,0.21,0.23,FORCE_BUY,0.0030833333333332245,0.0021733982411095407,-0.0030833333333333507,0.0030833333333332245,FORCE_BUY,14914518673.27386,10.8333,-0.5,-0.5
2018-01-08,0.18610390436388335,0.21,0.23,FORCE_BUY,0.021415450509078563,0.011576132553333021,0.009230797633223453,0.021415450509078563,FORCE_BUY,15233919809.788088,11.0653,-0.5,-0.5
2018-01-09,0.21741941141655965,0.21,0.23,FREE,-0.03937959242121842,-0.019226542927825264,-0.0016646827705332774,-0.019226542927825264,FORCE_SELL,15208560165.953047,10.7333,-0.5,-0.5
2018-01-10,0.21733623224795662,0.21,0.23,FREE,-0.023191295270518116,-0.022811557599450402,0.0,-0.022811557599450402,FORCE_SELL,15208560165.953047,10.3867,-0.5,-0.5
2018-01-11,0.1879515355204112,0.21,0.23,FORCE_BUY,0.014478764478764509,0.016158357047047905,0.0,0.014478764478764509,FREE,15454305511.286024,10.51,-0.5,-0.5
2018-01-12,0.1940717930248109,0.21,0.23,FORCE_BUY,0.021522220007025264,0.007832303266782362,0.007832303266782362,0.021522220007025264,FORCE_BUY,15786916474.555706,10.76,-0.5,-0.5
2018-01-16,0.2077613154071909,0.21,0.23,FORCE_BUY,-0.003869790754885711,-0.011221876714834428,0.0,-0.003869790754885711,FORCE_SELL,15786916474.555706,10.8113,-0.5,-0.5
2018-01-17,0.1957634332439153,0.21,0.23,FORCE_BUY,0.07160186455616842,0.00729561570962364,-0.0004179804276122058,0.07160186455616842,FORCE_BUY,16917289129.726389,11.7933,-0.5,-0.5
2018-01-18,0.18932622874272212,0.21,0.23,FORCE_BUY,0.022146507666098644,0.023219761499148277,0.023219761499148277,0.022146507666098644,FREE,17310104548.53077,12.0,-0.5,-0.5
2018-01-19,0.19394198618616842,0.21,0.23,FORCE_BUY,-0.011162952588528672,0.0027596608849146964,0.0027596608849146964,-0.011162952588528672,FREE,17357874566.967136,11.932,-0.5,-0.5
2018-01-22,0.17315310685003363,0.21,0.23,FORCE_BUY,0.03363224941334217,0.02036736118757444,0.009445189406637538,0.03363224941334217,FORCE_BUY,17941658933.68888,12.3333,-0.5,-0.5
2018-01-23,0.16853973928096544,0.21,0.23,FORCE_BUY,-0.036334913112164524,0.007065960160319025,-5.529225908384419e-05,-0.036334913112164524,FREE,18068433980.924362,12.2,-0.5,-0.5
2018-01-24,0.21766848869770516,0.21,0.23,FREE,-0.02923022406816823,0.02992473802977607,0.005933397611807491,0.02992473802977607,FREE,18609127134.411827,11.78,-0.5,-0.5
2018-01-25,0.23387599939597173,0.21,0.23,FORCE_SELL,-0.029094494940833687,-0.020690351276935342,0.0,0.0,FORCE_SELL,18609127134.411827,11.3227,-0.5,-0.5
2018-01-26,0.19698042535206506,0.21,0.23,FORCE_BUY,0.0,0.0,0.0,0.0,FORCE_BUY,18609127134.411827,12.0773,-0.5,-0.5
2018-01-29,0.19489903117366267,0.21,0.23,FORCE_BUY,0.017311246375828572,0.03487157978406709,0.0,0.017311246375828572,FREE,19258056795.991318,12.0,-0.5,-0.5
2018-01-30,0.2206536997913079,0.21,0.23,FREE,-0.009272858421615154,0.0012271908361277826,0.016798908462026387,0.0012271908361277826,FORCE_SELL,19581571129.26368,11.4,-0.5,-0.5
2018-01-31,0.21999119070948225,0.21,0.23,FREE,-0.002516036512584673,-0.0019399035336737803,-0.003314641958558591,-0.0019399035336737803,FREE,19543584770.235138,11.616,-0.5,-0.5
2018-02-01,0.2371084724917237,0.21,0.23,FORCE_SELL,0.01125856201831827,0.024907372429681378,0.027617156403908626,0.027617156403908626,FORCE_SELL,20083323007.52777,11.56,-0.5,-0.5
2018-02-02,0.2297219101959486,0.21,0.23,FREE,-0.06725892857142853,-0.05773470093381383,0.0,-0.05773470093381383,FORCE_SELL,20083323007.52777,10.4467,-0.5,-0.5
2018-02-05,0.20482864129548883,0.21,0.23,FORCE_BUY,-0.139576354679803,-0.09741470697858107,0.017733990147783214,-0.139576354679803,FORCE_SELL,20439480459.878017,8.7333,-0.5,-0.5
2018-02-06,0.18920644469741985,0.21,0.23,FORCE_BUY,0.19651496962421328,0.20445413998904557,0.04178641153431068,0.19651496962421328,FREE,24618416859.12528,9.8673,-0.5,-0.5
2018-02-07,0.19596241924972405,0.21,0.23,FORCE_BUY,-0.07125633232016193,-0.06701664497913995,0.012228976697062,-0.07125633232016193,FORCE_SELL,24919474905.21408,9.1667,-0.5,-0.5
2018-02-08,0.2007337579102257,0.21,0.23,FORCE_BUY,-0.08993492829162492,-0.03275910692636314,0.033517865043650896,-0.08993492829162492,FORCE_SELL,25754722502.045692,8.4333,-0.5,-0.5
2018-02-09,0.18529583276043546,0.21,0.23,FORCE_BUY,0.05107602339181284,0.023976608187134468,0.023976608187134468,0.05107602339181284,FORCE_BUY,27070171311.009827,8.9867,-0.5,-0.5
2018-02-12,0.1750113259357039,0.21,0.23,FORCE_BUY,0.02713941781571446,-0.0078025826220178285,-0.0078025826220178285,0.02713941781571446,FORCE_BUY,27804840000.56229,9.386,-0.5,-0.5
2018-02-13,0.1656357467575633,0.21,0.23,FORCE_BUY,0.016186992133121893,-0.00935608145294448,-0.00935608145294448,0.016186992133121893,FORCE_BUY,28254916726.914104,9.4167,-0.5,-0.5
2018-02-14,0.1770141751595755,0.21,0.23,FORCE_BUY,0.04291849978577335,0.014488363911454695,-0.0002717022143728785,0.04291849978577335,FORCE_BUY,29467575364.405212,9.98,-0.5,-0.5
2018-02-15,0.16237028646083335,0.21,0.23,FORCE_BUY,0.009740228116142523,-0.0127304781477983,-0.0127304781477983,0.009740228116142523,FORCE_BUY,29754596270.48414,10.3667,-0.5,-0.5
2018-02-16,0.16785124321323278,0.21,0.23,FORCE_BUY,-0.028638095238095275,-0.0062308885441437105,-0.0031714285714284527,-0.028638095238095275,FORCE_SELL,29660231693.740604,10.1993,-0.5,-0.5
2018-02-20,0.16304074453664205,0.21,0.23,FORCE_BUY,0.08000000000000013,0.07291267886533993,0.040199999999999944,0.08000000000000013,FORCE_BUY,32033050229.239857,10.8,-0.5,-0.5
2018-02-21,0.17851638306678064,0.21,0.23,FORCE_BUY,-0.052070623035681364,-0.027343824808955128,0.006590867073396091,-0.052070623035681364,FORCE_SELL,32244175805.256195,10.2547,-0.5,-0.5
2018-02-22,0.17551989156405712,0.21,0.23,FORCE_BUY,-0.015783018867924468,-0.01870827119004874,-0.006292452830188619,-0.015783018867924468,FORCE_SELL,32041280849.953312,10.4327,-0.5,-0.5
2018-02-23,0.16279210328498048,0.21,0.23,FORCE_BUY,0.04272165418244991,0.031025414637388095,0.01620574748654266,0.04272165418244991,FORCE_BUY,33410137369.987774,10.9833,-0.5,-0.5
2018-02-26,0.15802057073564338,0.21,0.23,FORCE_BUY,0.060541601898061084,0.00501049655618703,0.0041815520830490675,0.060541601898061084,FORCE_BUY,35432840606.00111,11.6667,-0.5,-0.5
2018-02-27,0.16695840120916572,0.21,0.23,FORCE_BUY,-0.0025684931506849426,0.010523872051482206,0.004452054794520568,-0.0025684931506849426,FREE,35805731286.95923,11.65,-0.5,-0.5
2018-02-28,0.17658037494770082,0.21,0.23,FORCE_BUY,-0.021985589711363947,-0.006173177754472014,0.011190785679237697,-0.021985589711363947,FORCE_SELL,36206425551.87997,11.3613,-0.5,-0.5
2018-03-01,0.17461983248548885,0.21,0.23,FORCE_BUY,-0.0325207603043357,0.011236551456320281,0.012728229554110558,-0.0325207603043357,FORCE_SELL,36667269247.63811,10.8467,-0.5,-0.5
2018-03-02,0.16735222029173003,0.21,0.23,FORCE_BUY,0.053118584004424735,0.00892497210946211,0.00892497210946211,0.053118584004424735,FORCE_BUY,38614982669.38164,11.2333,-0.5,-0.5
2018-03-05,0.15800486924201668,0.21,0.23,FORCE_BUY,0.041317488974517855,0.006482584915232318,0.004805403608992862,0.041317488974517855,FORCE_BUY,40210456790.07501,11.5933,-0.5,-0.5
2018-03-06,0.16079661176620927,0.21,0.23,FORCE_BUY,-0.027816880631864774,-0.02078847238386362,-0.006684480709414856,-0.027816880631864774,FORCE_SELL,39941670767.34499,11.5333,-0.5,-0.5
2018-03-07,0.15850037386584495,0.21,0.23,FORCE_BUY,0.05360048468063,0.030232288087447347,0.0226155444002079,0.05360048468063,FORCE_BUY,42082563679.42883,12.1733,-0.5,-0.5
2018-03-08,0.1626165401611319,0.21,0.23,FORCE_BUY,-0.0012544087580537288,0.013266322940715143,0.0041216287764627105,-0.0012544087580537288,FREE,42640844559.373344,12.2613,-0.5,-0.5
2018-03-09,0.15914803829661414,0.21,0.23,FORCE_BUY,0.06434954018588067,0.008903441097901232,-0.0017431394430097859,0.06434954018588067,FORCE_BUY,45384763299.90663,13.0667,-0.5,-0.5
2018-03-12,0.16293108218763544,0.21,0.23,FORCE_BUY,-0.00045002137601536267,-0.00235511186781394,-0.00235511186781394,-0.00045002137601536267,FORCE_BUY,45364339186.276276,13.3267,-0.5,-0.5
2018-03-13,0.18145496687975216,0.21,0.23,FORCE_BUY,-0.05615803413772821,0.0006984122181954498,0.0030385520894643013,-0.05615803413772821,FORCE_SELL,45502181093.8979,12.8287,-0.5,-0.5
2018-03-14,0.1691321085906725,0.21,0.23,FORCE_BUY,-0.007851921899343582,0.03683743411155859,0.006565229860556644,-0.007851921899343582,FREE,47178364691.87657,12.8,-0.5,-0.5
2018-03-15,0.1754556528289907,0.21,0.23,FORCE_BUY,0.010476467215882664,0.002098701884782168,0.005238233607941332,0.010476467215882664,FORCE_BUY,47672627282.86997,12.8667,-0.5,-0.5
2018-03-16,0.17708585621426534,0.21,0.23,FORCE_BUY,-0.00792533943648907,0.006278719767682222,-0.007724306436148896,-0.00792533943648907,FREE,47971950350.168274,12.8307,-0.5,-0.5
2018-03-19,0.1789887333294843,0.21,0.23,FORCE_BUY,-0.04245132460900095,-0.043668095788581884,-0.06309447813597192,-0.04245132460900095,FORCE_BUY,45935477513.7264,12.0,-0.5,-0.5
2018-03-20,0.17120409763899422,0.21,0.23,FORCE_BUY,0.02691923397169026,0.020754319632918756,0.017094088259783473,0.02691923397169026,FORCE_BUY,47172025380.519714,12.3333,-0.5,-0.5
2018-03-21,0.1756845580156894,0.21,0.23,FORCE_BUY,0.008095086698134085,0.008199761108094747,0.020755378382124014,0.008095086698134085,FORCE_SELL,48151098616.34355,12.366,-0.5,-0.5
2018-03-22,0.18834996416885394,0.21,0.23,FORCE_BUY,-0.09899619809008985,-0.07120242617063761,-0.016119446728485084,-0.09899619809008985,FORCE_SELL,47374929547.27937,11.0673,-0.5,-0.5
2018-03-23,0.19737271298135295,0.21,0.23,FORCE_BUY,-0.05230169938984425,0.030108329119305808,0.028495472293760944,-0.05230169938984425,FREE,48801309518.09279,10.2667,-0.5,-0.5
2018-03-26,0.182698448699281,0.21,0.23,FORCE_BUY,0.10126930781426514,0.043116284964970816,0.03816467773632189,0.10126930781426514,FORCE_BUY,53743384353.41976,11.6,-0.5,-0.5
2018-03-27,0.2129896682833783,0.21,0.23,FREE,-0.12826369371587726,-0.06958991928204349,0.005892691873349447,-0.06958991928204349,FORCE_SELL,54060077557.645454,10.2667,-0.5,-0.5
2018-03-28,0.20815675067998338,0.21,0.23,FORCE_BUY,-0.05426402040397505,0.0012453417238822628,0.016289955341874322,-0.05426402040397505,FORCE_SELL,54940713806.83776,9.678,-0.5,-0.5
2018-03-29,0.19220275819554375,0.21,0.23,FORCE_BUY,0.03960314773205286,0.00849224287236138,0.0020519765664276115,0.03960314773205286,FORCE_BUY,57116539012.23439,10.1327,-0.5,-0.5
2018-04-02,0.20722427489172654,0.21,0.23,FORCE_BUY,-0.08487727313896985,-0.07362576420215368,-0.005706119737941088,-0.08487727313896985,FORCE_SELL,56790625201.6138,9.0933,-0.5,1.5999999999999996
2018-04-03,0.199068515571209,0.21,0.23,FORCE_BUY,0.03043482964934496,0.054607833923521545,0.02596643837839593,0.03043482964934496,FREE,59891838231.03649,9.524,-0.5,-0.5
2018-04-04,0.24810391961373504,0.21,0.23,FORCE_SELL,0.12069760381410721,0.08038119478305049,0.01063722127894036,0.01063722127894036,FORCE_BUY,67120639593.54473,9.9667,-0.5,-0.5
2018-04-05,0.24772416419301246,0.21,0.23,FORCE_SELL,-0.07272857332638452,-0.07272857332638452,0.0,0.0,FORCE_SELL,67120639593.54473,9.074,-0.5,-0.5
2018-04-06,0.25362804175830517,0.21,0.23,FORCE_SELL,-0.049616711176464344,-0.049616711176464344,0.0,0.0,FORCE_SELL,67120639593.54473,8.79,-0.5,-0.5
2018-04-09,0.2623660934446325,0.21,0.23,FORCE_SELL,-0.05555263628051651,-0.05555263628051651,0.0,0.0,FORCE_SELL,67120639593.54473,8.9867,-0.5,-0.5
2018-04-10,0.24018585097400855,0.21,0.23,FORCE_SELL,0.00918293791331056,0.013239972421983118,0.0,0.0,FREE,68009315010.70914,9.66,-0.5,-0.5
2018-04-11,0.2342899325987854,0.21,0.23,FORCE_SELL,0.014788441692466436,0.0037874097007224205,0.0,0.0,FORCE_BUY,69015066800.2896,9.8333,-0.5,-0.5
2018-04-12,0.2045105015367229,0.21,0.23,FORCE_BUY,0.016890159731808355,0.02995665671235791,0.0,0.016890159731808355,FREE,71082527464.40633,10.3133,-0.5,-0.5
2018-04-13,0.2255397653289193,0.21,0.23,FREE,-0.03331507586458726,0.023222532553894597,0.012232504059884448,0.023222532553894597,FREE,72733243772.46161,10.06,-0.5,-0.5
2018-04-16,0.20870793197928109,0.21,0.23,FORCE_BUY,-0.009258897145091895,-0.013928360166105172,0.0,-0.009258897145091895,FORCE_SELL,72733243772.46161,10.1333,-0.5,-0.5
2018-04-17,0.1892373206744609,0.21,0.23,FORCE_BUY,0.01895443925233639,0.00012655763239879253,0.00012655763239879253,0.01895443925233639,FORCE_BUY,74111861623.1721,10.4667,-0.5,-0.5
2018-04-18,0.2064420212912709,0.21,0.23,FORCE_BUY,-0.007901248722137814,0.029284299098857804,0.006363037060391548,-0.007901248722137814,FREE,76282175545.71823,10.384,-0.5,-0.5
2018-04-19,0.23883080659147768,0.21,0.23,FORCE_SELL,-0.1228834480555313,-0.1312189596584473,-0.1312189596584473,-0.1312189596584473,FORCE_BUY,66908358789.48305,9.06,-0.5,-0.5
2018-04-20,0.22784890059723084,0.21,0.23,FREE,-0.030669052037380642,0.008260516038910924,0.0,0.008260516038910924,FREE,67461056360.40077,8.7233,-0.5,-0.5
2018-04-23,0.2533017918865155,0.21,0.23,FORCE_SELL,-0.04148838279273079,-0.044112570520837814,0.004520358868184868,0.004520358868184868,FORCE_SELL,67766004544.77663,8.3333,-0.5,-0.5
2018-04-24,0.2493327029553024,0.21,0.23,FORCE_SELL,-0.025124980974792935,-0.025124980974792935,0.0,0.0,FORCE_SELL,67766004544.77663,8.3267,-0.5,-0.5
2018-04-25,0.23894785326898513,0.21,0.23,FORCE_SELL,0.04627666827823006,0.07688411072957975,0.0,0.0,FREE,72976133541.89844,8.44,-0.5,-0.5
2018-04-26,0.22722177859404327,0.21,0.23,FREE,0.049528301886792414,0.0008608490566037034,0.0,0.0008608490566037034,FORCE_BUY,76590517514.49246,8.9,-0.5,-0.5
2018-04-27,0.26465715140264884,0.21,0.23,FORCE_SELL,0.0,0.0,0.0,0.0,FORCE_BUY,76590517514.49246,8.41,-0.5,-0.5
2018-04-30,0.2537033819324562,0.21,0.23,FORCE_SELL,-0.032780217019393015,-0.008542989099827753,0.0,0.0,FORCE_SELL,76590517514.49246,8.0847,-0.5,-0.5
2018-05-01,0.23358806889193065,0.21,0.23,FORCE_SELL,0.07075798860540017,0.02414309917371994,0.0,0.0,FORCE_BUY,82009908480.06462,8.6453,-0.5,-0.5
2018-05-02,0.23841279502995136,0.205,0.23,FORCE_SELL,0.0,0.0,0.0,0.0,FORCE_BUY,82009908480.06462,8.37,-0.5,-0.5
2018-05-03,0.23332262203201085,0.205,0.23,FORCE_SELL,0.040494091069194674,0.028384730302551883,0.0,0.0,FORCE_BUY,85330825182.63268,8.5667,-0.5,-0.5
2018-05-04,0.20010025983658788,0.21,0.23,FORCE_BUY,0.08870967741935483,0.03383843452241451,0.0,0.08870967741935483,FORCE_BUY,92900495158.51137,9.18,-0.5,-0.5
2018-05-07,0.1975866261799426,0.21,0.23,FORCE_BUY,0.008104651037803714,0.0068147861511505545,0.0068147861511505545,0.008104651037803714,FORCE_BUY,93653421253.01028,9.3787,-0.5,-0.5
2018-05-08,0.18662517601255002,0.21,0.23,FORCE_BUY,0.03493094174247529,-0.00021430025608879248,-0.00021430025608879248,0.03493094174247529,FORCE_BUY,96924823454.78268,9.6587,-0.5,-0.5
2018-05-09,0.18921764237762537,0.21,0.23,FORCE_BUY,0.033057851239669374,0.010207900157303199,0.0027582644628098957,0.033057851239669374,FORCE_BUY,100128949849.9821,10.0,-0.5,-0.5
2018-05-10,0.1845452033081473,0.21,0.23,FORCE_BUY,0.02653731343283582,0.0016616915422887086,0.0016616915422887086,0.02653731343283582,FORCE_BUY,102786103175.85176,10.3167,-0.5,-0.5
2018-05-11,0.21538093040345022,0.21,0.23,FREE,-0.011167464114832498,0.008252543435046292,0.0033779904306221794,0.008252543435046292,FREE,103634349956.82962,10.3333,-0.5,-0.5
2018-05-14,0.20906536198444944,0.205,0.225,FREE,-0.005841638981173856,-0.005537098560354537,0.0,-0.005537098560354537,FORCE_SELL,103634349956.82962,10.7727,-0.5,-0.5
2018-05-15,0.21166240754491983,0.205,0.225,FREE,0.015387018667499686,0.011481683980316912,0.0,0.011481683980316912,FORCE_BUY,105228973634.20955,10.4,-0.5,-0.5
2018-05-16,0.20002509980182978,0.205,0.225,FORCE_BUY,0.0008081521183801203,0.0008081521183801203,0.0,0.0008081521183801203,FORCE_BUY,105314014652.16699,10.774,-0.5,-0.5
2018-05-17,0.2109124024959681,0.205,0.225,FREE,-0.014906878592790574,-0.01607072395485676,0.004295044394547932,-0.01607072395485676,FORCE_SELL,105766343020.46613,10.5733,-0.5,-0.5
2018-05-18,0.24267896963454674,0.205,0.225,FORCE_SELL,-0.023698720460214075,-0.023698720460214075,0.0,0.0,FORCE_SELL,105766343020.46613,10.2167,-0.5,-0.5
2018-05-21,0.24609892482355678,0.205,0.225,FORCE_SELL,0.019312933025404308,0.00876680116021943,0.0,0.0,FORCE_BUY,107809001319.56232,10.5927,-0.5,-0.5
2018-05-22,0.23367240033478734,0.205,0.225,FORCE_SELL,-0.00433355342081019,0.001189744174858075,0.0,0.0,FREE,107937266450.87953,10.7067,-0.5,-0.5
2018-05-23,0.22782401846816724,0.205,0.225,FORCE_SELL,0.03802248569484258,0.020770034409055785,0.0,0.0,FORCE_BUY,112041309620.44852,10.83,-0.5,-0.5
2018-05-24,0.20595639118080944,0.205,0.23,FREE,0.0,0.0,0.0,0.0,FORCE_BUY,112041309620.44852,11.006,-0.5,-0.5
2018-05-25,0.1885293493695862,0.205,0.23,FORCE_BUY,0.0,0.0,0.0,0.0,FORCE_BUY,112041309620.44852,11.24,-0.5,-0.5
2018-05-29,0.2196541297087926,0.205,0.23,FREE,-0.005982053838484427,0.0006313975913475804,0.0,0.0006313975913475804,FREE,112112052233.4743,11.0667,-0.5,-0.5
2018-05-30,0.22217733762573663,0.205,0.23,FREE,0.0,0.0,0.0,0.0,FORCE_BUY,112112052233.4743,11.2667,-0.5,-0.5
2018-05-31,0.23553110216430895,0.205,0.23,FORCE_SELL,-0.014487040504582651,0.013754938322233089,0.0,0.0,FREE,113654146597.12471,11.0,-0.5,-0.5
2018-06-01,0.20842728203745053,0.205,0.23,FREE,0.007612884399165737,-0.0005149639954341032,0.0,-0.0005149639954341032,FORCE_BUY,114519382476.65445,11.74,-0.5,-0.5
2018-06-04,0.2086371170689033,0.21,0.23,FORCE_BUY,0.0,0.0,0.0,0.0,FORCE_BUY,114519382476.65445,12.0,-0.5,-0.5
2018-06-05,0.2128520458871185,0.21,0.23,FREE,0.0,0.0,0.0,0.0,FORCE_BUY,114519382476.65445,12.2,-0.5,-0.5
2018-06-06,0.20430981078214228,0.21,0.23,FORCE_BUY,0.0,0.0,0.0,0.0,FORCE_BUY,114519382476.65445,12.4153,-0.5,-0.5
2018-06-07,0.23365915235923276,0.205,0.23,FORCE_SELL,0.0,0.0,0.0,0.0,FORCE_BUY,114519382476.65445,12.0133,-0.5,-0.5
2018-06-08,0.21760623649103103,0.205,0.23,FREE,0.005736105073853518,0.007440742540080375,0.0,0.007440742540080375,FREE,115371491717.51224,11.8,-0.5,-0.5
2018-06-11,0.23047343432555825,0.205,0.23,FORCE_SELL,0.0020554984583760526,0.0012664756852259935,0.0,0.0,FORCE_BUY,115608637640.87813,11.7,-0.5,-0.5
2018-06-12,0.21074010506156884,0.205,0.23,FREE,0.01648309327582222,0.0024068289860707318,0.0,0.0024068289860707318,FORCE_BUY,117514225598.60345,11.8773,-0.5,-0.5
2018-06-13,0.23432903377539108,0.205,0.23,FORCE_SELL,0.000278793920602942,0.000278793920602942,0.0,0.0,FORCE_BUY,117546987850.28471,11.84,-0.5,-0.5
2018-06-14,0.22721601575421355,0.205,0.23,FREE,0.00677244099074004,-0.0015136336622095605,0.0,-0.0015136336622095605,FORCE_BUY,118343067889.14001,12.1007,-0.5,-0.5
2018-06-15,0.22009777568777888,0.205,0.23,FREE,0.01694915254237281,0.02596360777443455,0.0,0.02596360777443455,FREE,121415680886.63692,12.0,-0.5,-0.5
2018-06-18,0.22984155120429242,0.205,0.23,FREE,-0.026804456644598757,-0.016376183508450135,0.0,-0.016376183508450135,FORCE_SELL,121415680886.63692,11.4513,-0.5,-0.5
2018-06-19,0.2414268369695529,0.205,0.225,FORCE_SELL,0.000826174633773547,-0.002841161951234131,-0.010900175006884765,-0.010900175006884765,FORCE_BUY,121515991442.32782,11.266,-0.5,-0.5
2018-06-20,0.2574199577461073,0.205,0.225,FORCE_SELL,0.0,0.0,0.0,0.0,FORCE_BUY,121515991442.32782,11.5333,-0.5,-0.5
2018-06-21,0.30813535406033843,0.205,0.225,FORCE_SELL,-0.006804018822332664,-0.006804018822332664,0.0,0.0,FORCE_SELL,121515991442.32782,10.9333,-0.5,-0.5
2018-06-22,0.2909361864309407,0.205,0.225,FORCE_SELL,-0.01680779735642595,-0.01680779735642595,0.0,0.0,FORCE_SELL,121515991442.32782,10.7633,-0.5,-0.5
2018-06-25,0.2941215189300059,0.205,0.225,FORCE_SELL,-0.05344302898230737,-0.06157420296255055,0.0,0.0,FORCE_SELL,121515991442.32782,9.86,-0.5,-0.5
2018-06-26,0.27250646576010634,0.205,0.225,FORCE_SELL,0.014343531138817171,0.005832794693623318,0.0,0.0,FORCE_BUY,123258959849.44508,9.95,-0.5,-0.5
2018-06-27,0.31513485012599873,0.205,0.225,FORCE_SELL,-0.04019594615632115,-0.0067183494642428345,0.0,0.0,FORCE_SELL,123258959849.44508,9.248,-0.5,-0.5
2018-06-28,0.2661319251626271,0.205,0.225,FORCE_SELL,0.03367818622055911,0.024213075060532503,0.0,0.0,FORCE_BUY,127410098052.6071,9.392,-0.5,-0.5
2018-06-29,0.30684413168427316,0.205,0.225,FORCE_SELL,-0.010372949503113911,-0.0037774654372578847,0.0,0.0,FORCE_SELL,127410098052.6071,9.55,-0.5,-0.5
2018-07-02,0.25858334630308705,0.205,0.225,FORCE_SELL,0.04389729770843054,0.019739117092825425,0.0,0.0,FORCE_BUY,133003057057.88274,9.6073,-0.5,-0.5
2018-07-03,0.3134022293351461,0.205,0.225,FORCE_SELL,0.0,0.0,0.0,0.0,FORCE_BUY,133003057057.88274,9.0833,-0.5,-0.5
2018-07-05,0.258455102896125,0.205,0.225,FORCE_SELL,0.013208551128360722,0.02170125303869707,0.0,0.0,FREE,135889390054.01611,9.7113,-0.5,-0.5
2018-07-06,0.2648488754457872,0.205,0.225,FORCE_SELL,0.0,0.0,0.0,0.0,FORCE_BUY,135889390054.01611,10.16,-0.5,-0.5
2018-07-09,0.21440884888176362,0.205,0.225,FREE,0.0,0.0,0.0,0.0,FORCE_BUY,135889390054.01611,10.3967,-0.5,-0.5
2018-07-10,0.2050812964918436,0.205,0.225,FREE,-0.02183820736802126,-0.02183820736802126,0.0,-0.02183820736802126,FORCE_SELL,135889390054.01611,10.302,-0.5,-0.5
2018-07-11,0.2537882781415151,0.205,0.225,FORCE_SELL,-0.0468443498882567,-0.0468443498882567,-0.0468443498882567,-0.0468443498882567,FORCE_BUY,129523739920.224,9.7667,-0.5,-0.5
2018-07-12,0.2233085239461707,0.205,0.225,FREE,0.017087780108850967,0.019256691700365803,0.0,0.019256691700365803,FREE,132017938647.74612,10.0353,-0.5,-0.5
2018-07-13,0.24271072938172475,0.2,0.225,FORCE_SELL,0.0025486818378716346,0.0025486818378716346,0.0,0.0,FORCE_BUY,132354410370.2509,9.952,-0.5,-0.5
2018-07-16,0.24108284661988214,0.2,0.225,FORCE_SELL,-0.02463621523639753,-0.02463621523639753,0.0,0.0,FORCE_SELL,132354410370.2509,9.7393,-0.5,-0.5
2018-07-17,0.2280734709342247,0.2,0.225,FORCE_SELL,0.06666116912166428,0.01787389318957272,0.0,0.0,FORCE_BUY,141177310103.94037,10.348,-0.5,-0.5
2018-07-18,0.2074989589515447,0.2,0.225,FREE,0.013674425750940926,0.009574018591073059,0.0,0.009574018591073059,FORCE_BUY,143107828748.67426,10.556,-0.5,-0.5
2018-07-19,0.21519753937615801,0.2,0.225,FREE,0.012095502880563973,0.0379614608007342,0.0,0.0379614608007342,FREE,148540410979.99524,10.5933,-0.5,-0.5
2018-07-20,0.22849828626392124,0.2,0.225,FORCE_SELL,-0.008009615384615367,-0.008009615384615367,0.0,0.0,FORCE_SELL,148540410979.99524,10.3167,-0.5,-0.5
2018-07-23,0.22299315117445576,0.2,0.225,FREE,0.04881000403388469,0.01640769444533433,0.0,0.01640769444533433,FORCE_BUY,155790669039.12372,10.4,-0.5,-0.5
2018-07-24,0.26412446420801144,0.2,0.225,FORCE_SELL,-0.051560250555359455,-0.01890365126203885,0.0033655267096970695,0.0033655267096970695,FORCE_SELL,156314986696.89645,9.9479,-0.5,-0.5
2018-07-25,0.2119163967640232,0.2,0.225,FREE,0.03980550270302927,0.060666014868190586,0.0,0.060666014868190586,FREE,165797994003.97137,10.3287,-0.5,-0.5
2018-07-26,0.1906913459110958,0.2,0.225,FORCE_BUY,0.0,0.0,0.0,0.0,FORCE_BUY,165797994003.97137,10.64,-0.5,-0.5
2018-07-27,0.23706318201974405,0.2,0.225,FORCE_SELL,0.0,0.0,0.0,0.0,FORCE_BUY,165797994003.97137,10.5907,-0.5,-0.5
2018-07-30,0.2285650606471401,0.2,0.225,FORCE_SELL,-0.009227099236641365,-0.015195610687023011,0.0,0.0,FORCE_SELL,165797994003.97137,10.3833,-0.5,-0.5
2018-07-31,0.2517398973407601,0.2,0.225,FORCE_SELL,0.011036150590673942,0.01415536269182705,0.0,0.0,FREE,168144924742.675,10.5353,-0.5,-0.5
2018-08-01,0.2286747339532623,0.2,0.225,FORCE_SELL,-0.003140972559321563,-0.0010579133672038083,0.0,0.0,FORCE_SELL,168144924742.675,10.4733,-0.5,-0.5
2018-08-02,0.21214049193079001,0.2,0.225,FREE,0.05884729064039402,0.04474876847290631,0.0,0.04474876847290631,FORCE_BUY,178039797998.71436,10.7473,-0.5,-0.5
2018-08-03,0.19173022737631937,0.2,0.225,FORCE_BUY,0.0,0.0,0.0,0.0,FORCE_BUY,178039797998.71436,10.8,-0.5,-0.5
2018-08-06,0.185224349024967,0.2,0.225,FORCE_BUY,0.0416619398752129,0.019824639763718115,0.0,0.0416619398752129,FORCE_BUY,185457281358.33185,11.0187,-0.5,-0.5
2018-08-07,0.15705424208994365,0.2,0.225,FORCE_BUY,0.014740923957851886,0.0026636949253892868,0.0026636949253892868,0.014740923957851886,FORCE_BUY,188191093040.26498,11.2,-0.5,-0.5
2018-08-08,0.16350792973621386,0.2,0.225,FORCE_BUY,0.005911225114718518,0.0005920862014764885,0.001775142677092758,0.005911225114718518,FORCE_BUY,189303532955.8109,11.3333,-0.5,-0.5
2018-08-09,0.201376304587377,0.2,0.225,FREE,-0.04336791289146052,-0.04336791289146052,-0.04336791289146052,-0.04336791289146052,FORCE_BUY,181093833828.5376,10.78,-0.5,-0.5
2018-08-10,0.21358983057737757,0.2,0.225,FREE,-0.04975170730343879,-0.04802039897965453,-0.04239143599824842,-0.04802039897965453,FORCE_SELL,173417006162.1177,10.1993,-0.5,-0.5
2018-08-13,0.20923776033429897,0.2,0.24,FREE,-0.011750101045095104,-0.006953614719112859,0.0,-0.006953614719112859,FORCE_SELL,173417006162.1177,10.2693,-0.5,-0.5
2018-08-14,0.2313872039340478,0.2,0.24,FREE,-0.01807711229224337,-0.01637194786551842,-0.007041778000713922,-0.01637194786551842,FORCE_SELL,172195842103.17563,10.1793,-0.5,-0.5
2018-08-15,0.24795504909181046,0.2,0.225,FORCE_SELL,-0.03827798472437682,-0.052298754038752296,-0.052298754038752296,-0.052298754038752296,FORCE_BUY,165604532289.54907,9.7333,-0.5,-0.5
2018-08-16,0.25354328044350977,0.2,0.225,FORCE_SELL,-0.03424326795639721,-0.03424326795639721,0.0,0.0,FORCE_SELL,165604532289.54907,9.4,-0.5,-0.5
2018-08-17,0.2327713214699052,0.2,0.225,FORCE_SELL,0.03872197751627117,0.03872197751627117,0.0,0.0,FORCE_BUY,172017067265.4576,9.48,-0.5,-0.5
2018-08-20,0.23359090368996782,0.2,0.24,FREE,0.0025071405902886584,-0.009292889518417544,0.0,-0.009292889518417544,FORCE_BUY,172448338237.02124,9.4767,-0.5,-0.5
2018-08-21,0.2301911480278497,0.2,0.24,FREE,0.0,0.0,0.0,0.0,FORCE_BUY,172448338237.02124,9.7733,-0.5,-0.5
2018-08-22,0.2322116404879099,0.2,0.24,FREE,0.0,0.0,0.0,0.0,FORCE_BUY,172448338237.02124,10.1333,-0.5,-0.5
2018-08-23,0.2127243545418113,0.2,0.24,FREE,-0.011373415740885634,-0.011373415740885634,0.0,-0.011373415740885634,FORCE_SELL,172448338237.02124,10.1093,-0.5,-0.5
2018-08-24,0.18378768832905693,0.2,0.24,FORCE_BUY,0.03538624874594559,0.019386434675516456,0.011688273739370942,0.03538624874594559,FORCE_BUY,178550638029.70142,10.63,-0.5,-0.5
2018-08-27,0.20738343378887905,0.2,0.24,FREE,0.038736624741881186,0.012455415806269953,0.012455415806269953,0.012455415806269953,FORCE_BUY,185467087092.4814,11.0667,-0.5,-0.5
2018-08-28,0.18507302537620704,0.2,0.24,FORCE_BUY,-0.0005862862320450562,-0.0005862862320450562,-0.0005862862320450562,-0.0005862862320450562,FORCE_BUY,185358350292.8216,11.2507,-0.5,-0.5
2018-08-29,0.1937141883113124,0.2,0.24,FORCE_BUY,0.007955647708969392,0.011166240095975808,0.007537397773486502,0.007955647708969392,FREE,187428106135.98523,11.3267,-0.5,-0.5
2018-08-30,0.23453526157305574,0.2,0.24,FREE,-0.030563929774782818,-0.019375715978051124,-0.0021280368859726965,-0.019375715978051124,FORCE_SELL,187029252212.65985,10.9333,-0.5,-0.5
2018-08-31,0.21291143048063269,0.195,0.24,FREE,0.02743910804606108,0.01741154011624839,0.013536626636056879,0.01741154011624839,FORCE_BUY,192161168071.897,11.2333,-0.5,-0.5
2018-09-04,0.20241402912349038,0.195,0.24,FREE,0.03975891638880596,0.013773383473712512,0.0,0.013773383473712512,FORCE_BUY,199801287886.44284,11.5067,-0.5,-0.5
2018-09-05,0.21010852818865086,0.195,0.24,FREE,-0.006235772429736867,-0.007135825273034392,0.0,-0.007135825273034392,FORCE_SELL,199801287886.44284,11.2193,-0.5,-0.5
2018-09-06,0.27051223281789355,0.195,0.24,FORCE_SELL,-0.0754435637764384,-0.0754435637764384,-0.0754435637764384,-0.0754435637764384,FORCE_BUY,184727566681.16748,10.4167,-0.5,-0.5
2018-09-07,0.25268040724767915,0.195,0.24,FORCE_SELL,-0.013394230769230709,-0.02273742364015774,0.0,0.0,FORCE_SELL,184727566681.16748,10.2607,1.6999999999999993,-0.5
2018-09-10,0.21208904900198167,0.195,0.24,FREE,0.0,0.0,0.0,0.0,FORCE_BUY,184727566681.16748,10.6,-0.5,-0.5
2018-09-11,0.24194060064061684,0.195,0.24,FORCE_SELL,-0.010788818686578655,-0.020092796456927946,0.0,0.0,FORCE_SELL,184727566681.16748,10.3333,-0.5,-0.5
2018-09-12,0.24948554609491405,0.195,0.24,FORCE_SELL,-0.026858622639824598,-0.025459632690723853,0.0,0.0,FORCE_SELL,184727566681.16748,9.808,-0.5,-0.5
2018-09-13,0.2652165392995669,0.195,0.24,FORCE_SELL,0.0019455252918289991,0.0019455252918289991,0.0,0.0,FORCE_BUY,185086958834.2437,10.3,-0.5,-0.5
2018-09-14,0.2479991628022752,0.195,0.24,FORCE_SELL,0.0023986954130874234,0.007862342341071872,0.0,0.0,FREE,186542175867.46643,10.5727,-0.5,-0.5
2018-09-17,0.26692057880390346,0.195,0.24,FORCE_SELL,-0.03123592706506846,-0.018647290287150786,0.0,0.0,FORCE_SELL,186542175867.46643,10.1107,-0.5,-0.5
2018-09-18,0.26064864736153126,0.195,0.24,FORCE_SELL,0.002557471264367762,0.004749889577547483,0.0,0.0,FREE,187428230604.39233,10.4667,-0.5,-0.5
2018-09-19,0.2590910584291769,0.19,0.24,FORCE_SELL,0.00697877569043816,0.0030054074291045395,0.0,0.0,FORCE_BUY,188736250183.83612,10.49,-0.5,-0.5
2018-09-20,0.20869005359101536,0.19,0.24,FREE,-0.005744304336949932,0.003029657287391344,0.0,0.003029657287391344,FREE,189308056339.6005,10.7313,-0.5,-0.5
2018-09-21,0.22201159910513546,0.19,0.24,FREE,-0.0019156909971823658,-0.0019156909971823658,0.0,-0.0019156909971823658,FORCE_SELL,189308056339.6005,10.7327,-0.5,-0.5
2018-09-24,0.21590818773011533,0.19,0.24,FREE,0.037628278221208684,0.03956818924418793,0.017740402888635487,0.03956818924418793,FREE,196798633338.2952,10.92,-0.5,-0.5
2018-09-25,0.2472197200697038,0.19,0.24,FORCE_SELL,-0.02555196986760296,-0.007246658819784877,0.0,0.0,FORCE_SELL,196798633338.2952,10.2967,-0.5,-0.5
2018-09-26,0.24271109863757787,0.19,0.24,FORCE_SELL,-0.02246686137946522,-0.01636805031872794,0.0,0.0,FORCE_SELL,196798633338.2952,10.0073,-0.5,-0.5
2018-09-27,0.22095699029843963,0.19,0.24,FREE,-0.004080503492634309,-0.004080503492634309,0.0,-0.004080503492634309,FORCE_SELL,196798633338.2952,10.08,-0.5,-0.5
2018-09-28,0.224559060050186,0.19,0.24,FREE,0.03402279527283279,0.03979223952514234,0.02255511192498979,0.03979223952514234,FREE,204629691694.31332,10.3333,-0.5,-0.5
2018-10-01,0.2349803828150289,0.19,0.24,FREE,-0.0031917034878704816,0.006376272830411747,-0.001083070552940915,0.006376272830411747,FREE,205934466437.7593,10.4,-0.5,-0.5
2018-10-02,0.24161615728135852,0.19,0.24,FORCE_SELL,0.011730632793290105,0.011730632793290105,0.011730632793290105,0.011730632793290105,FORCE_BUY,208350208043.02277,10.41,-0.5,-0.5
2018-10-03,0.22969812662327008,0.19,0.24,FREE,-0.005084276897541793,-0.007197064071477639,-0.01682676256522257,-0.007197064071477639,FORCE_BUY,207290897893.6716,10.43,-0.5,-0.5
2018-10-04,0.25965165203729457,0.19,0.24,FORCE_SELL,-0.045154984370917244,-0.045154984370917244,-0.045154984370917244,-0.045154984370917244,FORCE_BUY,197930680639.04947,9.8667,-0.5,-0.5
2018-10-05,0.2939051038511576,0.19,0.24,FORCE_SELL,-0.07373737373737382,-0.07373737373737382,-0.07373737373737382,-0.07373737373737382,FORCE_BUY,183335792066.67508,9.17,-0.5,-0.5
2018-10-08,0.2764448151551185,0.19,0.24,FORCE_SELL,-0.022874915901044724,-0.0024663846030053365,-0.030165330274521132,-0.030165330274521132,FREE,182883615491.94205,8.8593,-0.5,-0.5
2018-10-09,0.2552470229527036,0.19,0.24,FORCE_SELL,0.024725561338634773,0.04079851322815676,0.0,0.0,FREE,190344995097.8032,8.84,-0.5,-0.5
2018-10-10,0.3080321205093815,0.19,0.24,FORCE_SELL,-0.12432094332410562,-0.12432094332410562,0.0,0.0,FORCE_SELL,190344995097.8032,7.56,-0.5,-0.5
2018-10-11,0.305309324636283,0.19,0.24,FORCE_SELL,0.04607247690289066,0.04607247690289066,0.0,0.0,FORCE_BUY,199114660488.02756,7.7333,-0.5,-0.5
2018-10-12,0.2979627368021857,0.19,0.24,FORCE_SELL,0.007362483456897941,0.012264092508452024,0.0,0.0,FREE,201556621104.04175,7.84,-0.5,-0.5
2018-10-15,0.2792492021191291,0.19,0.24,FORCE_SELL,-0.013618727366787443,0.008990146857219878,0.0,0.0,FREE,203368644727.81207,7.6267,-0.5,-0.5
2018-10-16,0.277853275850631,0.19,0.24,FORCE_SELL,0.08813098249583708,0.02008466065821755,0.0,0.0,FORCE_BUY,221291723196.521,8.56,-0.5,-0.5
2018-10-17,0.28468622544269007,0.19,0.24,FORCE_SELL,0.0,0.0,0.0,0.0,FORCE_BUY,221291723196.521,8.2667,-0.5,-0.5
2018-10-18,0.28992636692996543,0.19,0.24,FORCE_SELL,-0.05700709687664136,-0.04469613169143719,0.0,0.0,FORCE_SELL,221291723196.521,7.72,-0.5,-0.5
2018-10-19,0.29617302003966045,0.19,0.24,FORCE_SELL,-0.06327032625582607,-0.05246612191204206,0.0,0.0,FORCE_SELL,221291723196.521,7.2353,-0.5,-0.5
2018-10-22,0.264344551836134,0.19,0.24,FORCE_SELL,0.0,0.0,0.0,0.0,FORCE_BUY,221291723196.521,7.4333,-0.5,-0.5
2018-10-23,0.2616704702186041,0.19,0.24,FORCE_SELL,-0.016944444444444418,-0.024872677651369815,0.0,0.0,FORCE_SELL,221291723196.521,7.078,-0.5,-0.5
2018-10-24,0.31318244218874897,0.19,0.24,FORCE_SELL,-0.09668031903427464,-0.06975120383824933,0.0,0.0,FORCE_SELL,221291723196.521,5.8667,-0.5,-0.5
2018-10-25,0.2657831423457382,0.195,0.24,FORCE_SELL,-0.013001836137164388,-0.022028093538942372,0.0,0.0,FORCE_SELL,221291723196.521,5.9667,-0.5,-0.5
2018-10-26,0.29963163989719654,0.195,0.24,FORCE_SELL,0.042753966998787626,0.06604921486209198,0.0,0.0,FREE,235907867769.13058,5.934,-0.5,-0.5
2018-10-29,0.2984584401025751,0.195,0.24,FORCE_SELL,-0.04416821834163677,-0.04416821834163677,0.0,0.0,FORCE_SELL,235907867769.13058,5.698,-0.5,-0.5
2018-10-30,0.28213223737402715,0.195,0.24,FORCE_SELL,0.15140027987883728,0.09634475972256772,0.0,0.0,FORCE_BUY,271624384974.99667,6.5,-0.5,-0.5
2018-10-31,0.2683732456001489,0.195,0.24,FORCE_SELL,0.0,0.0,0.0,0.0,FORCE_BUY,271624384974.99667,6.7293,-0.5,-0.5
2018-11-01,0.27289172377905374,0.195,0.24,FORCE_SELL,0.0,0.0,0.0,0.0,FORCE_BUY,271624384974.99667,7.3007,-0.5,-0.5
2018-11-02,0.2844574931156035,0.195,0.24,FORCE_SELL,0.0,0.0,0.0,0.0,FORCE_BUY,271624384974.99667,7.35,-0.5,-0.5
2018-11-05,0.26294450770512157,0.195,0.24,FORCE_SELL,0.010282266630787316,0.009848453832544,0.0,0.0,FORCE_BUY,274417299324.73322,7.1333,-0.5,-0.5
2018-11-06,0.2504216433844842,0.195,0.24,FORCE_SELL,0.042003990877993114,0.04910039091455057,0.0,0.0,FREE,287891295995.29285,7.3107,-0.5,-0.5
2018-11-07,0.23905353915520736,0.195,0.24,FREE,-0.014972419227738367,-0.020273447073438422,0.0,-0.020273447073438422,FORCE_SELL,287891295995.29285,7.5,-0.5,-0.5
2018-11-08,0.23185472430877063,0.195,0.24,FREE,0.006333190210390705,0.006333190210390705,0.0,0.006333190210390705,FORCE_BUY,289714566332.74695,7.5,-0.5,-0.5
2018-11-09,0.23877316101218746,0.195,0.24,FREE,-0.037541079732180606,-0.017493003358861437,-0.025636480165818962,-0.017493003358861437,FREE,284646588450.77716,7.058,-0.5,-0.5
2018-11-12,0.27388735324606794,0.195,0.24,FORCE_SELL,-0.10116601565336085,-0.07418751299496211,-0.08131616013475261,-0.08131616013475261,FREE,263529365971.11353,6.19,-0.5,-0.5
2018-11-13,0.2713678685924871,0.195,0.24,FORCE_SELL,0.037129226301597325,0.031196847754698047,0.0,0.0,FORCE_BUY,273314007437.3715,6.5,-0.5,-0.5
2018-11-14,0.2548161926865285,0.195,0.24,FORCE_SELL,-0.0122631331013418,0.021727196009390343,0.0,0.0,FREE,279252354449.07526,6.5,-0.5,-0.5
2018-11-15,0.2618220086934467,0.195,0.24,FORCE_SELL,0.006632015670064894,0.07910447974564144,0.0,0.0,FREE,301342466665.51483,6.5267,-0.5,-0.5
2018-11-16,0.258327838294172,0.195,0.285,FREE,0.0947373407228459,0.07287463669428072,0.0,0.07287463669428072,FORCE_BUY,329890850604.2685,6.9333,-0.5,-0.5
2018-11-19,0.28623358894173156,0.195,0.285,FORCE_SELL,-0.13110624472211485,-0.13110624472211485,-0.13110624472211485,-0.13110624472211485,FORCE_BUY,286640100013.35864,6.0707,-0.5,-0.5
2018-11-20,0.26328272127341945,0.195,0.285,FREE,0.016759682906799314,0.02234065731476347,0.02234065731476347,0.02234065731476347,FREE,293043828260.42664,6.0667,-0.5,-0.5
2018-11-21,0.26556016833278734,0.195,0.285,FREE,-0.006298783517381743,0.032886970523517974,0.0,0.032886970523517974,FREE,302681152002.5261,6.2,-0.5,-0.5
2018-11-23,0.24254729727117644,0.195,0.285,FREE,0.019315188762071986,0.015183693940074534,0.02574254145476831,0.015183693940074534,FORCE_SELL,310472934105.5282,6.1533,-0.5,-0.5
2018-11-26,0.23263190454288254,0.195,0.285,FREE,-0.01031437982278443,0.009515066011525701,-0.005164921830299871,0.009515066011525701,FREE,313427104568.33435,6.4,-0.5,-0.5
2018-11-27,0.23478991592478646,0.195,0.285,FREE,0.046606974552309215,0.09786590484585496,0.030584354382657893,0.09786590484585496,FREE,344100931760.1308,6.6627,-0.5,-0.5
2018-11-28,0.23136826147917336,0.195,0.285,FREE,0.07526881720430126,0.008278083360370241,0.0,0.008278083360370241,FORCE_BUY,370001001892.61383,7.0,-0.5,-0.5
2018-11-29,0.2512835611035598,0.195,0.285,FREE,0.0,0.0,0.0,0.0,FORCE_BUY,370001001892.61383,6.8447,-0.5,-0.5
2018-11-30,0.2404167327847205,0.195,0.285,FREE,0.0,0.0,0.0,0.0,FORCE_BUY,370001001892.61383,7.0,-0.5,-0.5
2018-12-03,0.20950129692692399,0.195,0.285,FREE,0.0,0.0,0.0,0.0,FORCE_BUY,370001001892.61383,7.6327,-0.5,-0.5
2018-12-04,0.26152079554071944,0.195,0.285,FREE,-0.11275496688741724,-0.08424804902021076,0.0,-0.08424804902021076,FORCE_SELL,370001001892.61383,6.6987,-0.5,-0.5
2018-12-06,0.2147990394214785,0.195,0.285,FREE,0.0645009949363403,0.02473589697959979,0.02473589697959979,0.02473589697959979,FORCE_BUY,393866434642.1301,6.58,-0.5,-0.5
2018-12-07,0.2692649155733364,0.195,0.285,FREE,-0.10073759882732704,-0.08540864222558363,0.0,-0.08540864222558363,FORCE_SELL,393866434642.1301,5.7667,-0.5,-0.5
2018-12-10,0.23714666600601642,0.195,0.285,FREE,0.05979908353894945,0.09755582351307313,0.0,0.09755582351307313,FREE,432290399027.80115,6.0133,-0.5,-0.5
2018-12-11,0.24992035303922214,0.195,0.285,FREE,0.004401582591493533,0.014664128345362326,0.0,0.014664128345362326,FREE,438629560921.61273,6.0927,-0.5,-0.5
2018-12-12,0.22796928946779713,0.195,0.285,FREE,0.02000536844930764,0.007894778393570478,0.007894778393570478,0.007894778393570478,FORCE_BUY,447404506900.6076,6.46,-0.5,-0.5
2018-12-13,0.23587102323019415,0.195,0.285,FREE,0.0,0.0,0.0,0.0,FORCE_BUY,447404506900.6076,6.2333,-0.5,-0.5
2018-12-14,0.2354909809812161,0.195,0.285,FREE,0.0,0.0,0.0,0.0,FORCE_BUY,447404506900.6076,6.0267,-0.5,-0.5
2018-12-17,0.24179952914630523,0.195,0.285,FREE,-0.01127813248873008,-0.005868934378542414,0.0,-0.005868934378542414,FORCE_SELL,447404506900.6076,5.9,-0.5,-0.5
2018-12-18,0.2331639449022498,0.195,0.285,FREE,-0.004551110505053983,0.0009021989611054294,0.011931750387781891,0.0009021989611054294,FORCE_SELL,452742825799.3143,5.84,-0.5,-0.5
2018-12-19,0.26504644846654507,0.195,0.285,FREE,-0.10352798258786207,-0.0679851064820336,0.0,-0.0679851064820336,FORCE_SELL,452742825799.3143,5.3133,-0.5,-0.5
2018-12-20,0.2471387005631821,0.195,0.24,FORCE_SELL,-0.017891130567186837,-0.017891130567186837,-0.017891130567186837,-0.017891130567186837,FORCE_BUY,444642744789.5816,5.16,-0.5,-0.5
2018-12-21,0.262606842040515,0.195,0.24,FORCE_SELL,-0.07253468424385448,-0.07253468424385448,-0.07253468424385448,-0.07253468424385448,FORCE_BUY,412390723694.94855,4.8333,-0.5,-0.5
2018-12-24,0.26013110471581735,0.195,0.24,FORCE_SELL,-0.09703438656073736,-0.09204624556414545,-0.017526836072533178,-0.017526836072533178,FORCE_SELL,405162819082.9139,4.4667,-0.5,-0.5
2018-12-26,0.2595591793202598,0.195,0.24,FORCE_SELL,0.13703452649071796,0.13703452649071796,0.0,0.0,FORCE_BUY,460684114147.58545,5.2,-0.5,-0.5
2018-12-27,0.25175041128361775,0.195,0.26,FREE,0.07061149555147585,0.0487676473812304,0.0,0.0487676473812304,FORCE_BUY,493213708424.3533,5.3067,-0.5,-0.5
2018-12-28,0.26358011690944266,0.195,0.26,FORCE_SELL,-0.014789078274789343,0.009168137085478298,0.009168137085478298,0.009168137085478298,FREE,497735559315.6249,5.416,-0.5,-0.5
2018-12-31,0.25122292343786573,0.195,0.26,FREE,0.017550644567219106,0.012811073220988432,0.0,0.012811073220988432,FORCE_BUY,506471139205.6394,5.5253,-0.5,-0.5
2019-01-02,0.24323722234884684,0.195,0.26,FREE,0.026438539106199494,0.060440206842863956,0.0,0.060440206842863956,FREE,537082359619.1692,5.3033,-0.5,-0.5
2019-01-03,0.2740799406063335,0.195,0.26,FORCE_SELL,-0.09764793835183162,-0.09764793835183162,-0.09764793835183162,-0.09764793835183162,FORCE_BUY,484637374477.2203,4.7073,-0.5,-0.5
2019-01-04,0.2481164780162846,0.195,0.26,FREE,0.08026530612244902,0.02244897959183672,0.02244897959183672,0.02244897959183672,FORCE_BUY,523536941698.0143,5.2933,-0.5,-0.5
2019-01-07,0.24751227217544147,0.195,0.26,FREE,-0.011070825119684775,0.0004675346535965097,0.0,0.0004675346535965097,FREE,523781713360.69604,5.6187,-0.5,-0.5
2019-01-08,0.25482926851114585,0.195,0.26,FREE,-0.017646955017911612,-0.006795692378692429,0.011523461626696442,-0.006795692378692429,FORCE_SELL,529817491835.3733,5.5667,-0.5,-0.5
2019-01-09,0.2384413441422657,0.195,0.26,FREE,0.0,0.0,0.0,0.0,FORCE_BUY,529817491835.3733,5.9,-0.5,-0.5
2019-01-10,0.22861653367991952,0.195,0.26,FREE,0.04215553226942448,0.05070551553074214,0.0,0.05070551553074214,FREE,556682160896.0906,6.0667,-0.5,-0.5
2019-01-11,0.24088551422004464,0.195,0.26,FREE,0.01630443643715445,-0.0036408751211834955,0.000961961749792027,-0.0036408751211834955,FORCE_BUY,565758549804.1187,6.2333,-0.5,-0.5
2019-01-14,0.23780819785504848,0.195,0.26,FREE,-0.02276441179801635,-0.0143042425535947,-0.013170029284708713,-0.0143042425535947,FORCE_SELL,558307493135.1241,6.04,-0.5,-0.5
2019-01-15,0.24755741140190324,0.195,0.26,FREE,-0.014136376397536048,-0.011744416141344916,-0.008802206331643327,-0.011744416141344916,FORCE_SELL,553393155384.0463,5.9697,-0.5,-0.5
2019-01-16,0.2446431343740231,0.19,0.26,FREE,-0.04093846077963921,-0.04093846077963921,0.0,-0.04093846077963921,FORCE_SELL,553393155384.0463,5.8333,-0.5,-0.5
2019-01-17,0.223119830709421,0.19,0.26,FREE,0.04804095633737265,0.011046127858453424,-0.0012583386482341306,0.011046127858453424,FORCE_BUY,579978691799.2522,6.08,-0.5,-0.5
2019-01-18,0.2252274564276914,0.19,0.26,FREE,-0.012106057602878532,-0.012106057602878532,0.0,-0.012106057602878532,FORCE_SELL,579978691799.2522,6.4793,-0.5,-0.5
2019-01-22,0.24509846150643946,0.19,0.26,FREE,-0.06189506260559268,-0.0454079984904268,-0.03672650908688998,-0.0454079984904268,FORCE_SELL,558678099104.6843,5.9413,-0.5,-0.5
2019-01-23,0.24912825388388463,0.195,0.26,FREE,0.0,0.0,0.0,0.0,FORCE_BUY,558678099104.6843,5.9747,-0.5,-0.5
2019-01-24,0.24518730830347327,0.195,0.26,FREE,-0.0014150872386227437,-0.0014150872386227437,0.0,-0.0014150872386227437,FORCE_SELL,558678099104.6843,6.6333,-0.5,-0.5
2019-01-25,0.24178483450012958,0.195,0.26,FREE,0.07898106043883267,-0.0035318528983267665,-0.0035318528983267665,-0.0035318528983267665,FORCE_BUY,602803087815.9235,7.332,-0.5,-0.5
2019-01-28,0.25618893280801625,0.195,0.26,FREE,-0.053571680318046544,-0.08759365673536972,0.0,-0.08759365673536972,FORCE_SELL,602803087815.9235,6.7133,-0.5,-0.5
2019-01-29,0.27196520298590904,0.195,0.26,FORCE_SELL,-0.005847953216374181,-0.02645456095802052,-0.03359649122807022,-0.03359649122807022,FORCE_BUY,599277923559.6901,6.8,-0.5,-0.5
2019-01-30,0.25689610263137,0.195,0.26,FREE,0.0683870774484402,0.03313798774131854,0.0,0.03313798774131854,FORCE_BUY,640260789331.3071,7.1333,-0.5,-0.5
2019-01-31,0.25503811677784277,0.195,0.26,FREE,-0.013006566015641343,0.0005576234090305623,0.0005576234090305623,0.0005576234090305623,FREE,640617813735.3226,7.08,-0.5,-0.5
2019-02-01,0.24609452583174132,0.195,0.26,FREE,0.002186389723968276,0.0009155506969116707,0.0,0.0009155506969116707,FORCE_BUY,642018453940.2645,7.334,-0.5,-0.5
2019-02-04,0.2343179578837674,0.195,0.26,FREE,0.009878304773141753,0.017746214888817096,0.0,0.017746214888817096,FREE,653411851386.4745,7.3607,-0.5,-0.5
2019-02-05,0.23947848682632963,0.195,0.26,FREE,0.021835286571432366,0.025814477568566092,0.0,0.025814477568566092,FREE,670279336967.1259,7.6467,-0.5,-0.5
2019-02-06,0.2504794244432072,0.195,0.26,FREE,-0.0066737560045471486,-0.0066737560045471486,0.0,-0.0066737560045471486,FORCE_SELL,670279336967.1259,8.1267,-0.5,-0.5
2019-02-07,0.26263733599792677,0.195,0.26,FORCE_SELL,-0.05110309265478875,-0.05110309265478875,-0.05110309265478875,-0.05110309265478875,FORCE_BUY,636025989905.5045,7.6,-0.5,-0.5
2019-02-08,0.24370287307105812,0.195,0.26,FREE,0.024258760107816597,0.024258760107816597,0.024258760107816597,0.024258760107816597,FORCE_BUY,651455191816.9587,7.6,-0.5,-0.5
2019-02-11,0.2373211806595399,0.195,0.26,FREE,0.015355263157894913,0.0037569677225875366,-0.0014868421052631193,0.0037569677225875366,FORCE_BUY,661458457722.885,7.7167,-0.5,-0.5
2019-02-12,0.23913911906513738,0.195,0.26,FREE,0.025926433744250795,0.01745048425093779,0.0,0.01745048425093779,FORCE_BUY,678607716601.6117,8.2307,-0.5,-0.5
2019-02-13,0.2482056861535923,0.195,0.26,FREE,0.0,0.0,0.0,0.0,FORCE_BUY,678607716601.6117,8.1,-0.5,-0.5
2019-02-14,0.2438236556958975,0.195,0.26,FREE,0.0,0.0,0.0,0.0,FORCE_BUY,678607716601.6117,8.414,-0.5,-0.5
2019-02-15,0.2387709887881987,0.195,0.26,FREE,0.015684062736251114,0.0302452838378658,0.0,0.0302452838378658,FREE,699132399604.7933,8.464,-0.5,-0.5
2019-02-19,0.2453042050191029,0.195,0.26,FREE,0.007635518408343543,0.0035895020968874135,0.0,0.0035895020968874135,FORCE_BUY,704470637911.8452,8.3667,-0.5,-0.5
2019-02-20,0.24208797682028163,0.195,0.26,FREE,0.025342473891192395,0.001407672031845806,0.005382156902348699,0.001407672031845806,FORCE_BUY,722323666660.2379,8.63,-0.5,-0.5
2019-02-21,0.2520558376249748,0.195,0.26,FREE,0.007406257092685708,0.007406257092685708,0.0,0.007406257092685708,FORCE_BUY,727673381439.655,8.4333,-0.5,-0.5
2019-02-22,0.23195400187687387,0.195,0.26,FREE,0.015156610578316696,0.01118932692520134,0.005032876045133507,0.01118932692520134,FORCE_BUY,738702443510.3428,8.754,-0.5,-0.5
2019-02-25,0.2458563910427307,0.195,0.26,FREE,-0.024470428369478218,0.0024645004139170978,0.0,0.0024645004139170978,FREE,740522975988.1355,8.902,-0.5,-0.5
2019-02-26,0.23841705746609212,0.195,0.26,FREE,-0.006933973040895423,-0.006933973040895423,-0.006933973040895423,-0.006933973040895423,FORCE_BUY,735388209636.4701,8.6933,-0.5,-0.5
2019-02-27,0.24381305590921717,0.195,0.26,FREE,-0.012130684800485207,-0.01924331059800747,-0.030186742561207455,-0.01924331059800747,FORCE_BUY,726467447059.377,8.4693,-0.5,-0.5
2019-02-28,0.2266347381145757,0.195,0.26,FREE,0.0030759402321150616,0.00863311904161217,0.0,0.00863311904161217,FREE,732739127009.6967,8.4787,-0.5,-0.5
2019-03-01,0.23776875060253744,0.195,0.26,FREE,8.031206975671135e-05,8.031206975671135e-05,0.0,8.031206975671135e-05,FORCE_BUY,732797974805.5786,8.7167,-0.5,-0.5
2019-03-04,0.2542872186459695,0.195,0.26,FREE,-0.017190048707039173,-0.0205598824915966,0.003193904205687501,-0.0205598824915966,FORCE_SELL,735138461339.2294,8.616,-0.5,-0.5
2019-03-05,0.2534012181056166,0.195,0.26,FREE,0.0,0.0,0.0,0.0,FORCE_BUY,735138461339.2294,8.5267,-0.5,-0.5
2019-03-06,0.26819152795390205,0.195,0.26,FORCE_SELL,-0.03628399041243083,-0.024798204850561393,0.0,0.0,FORCE_SELL,735138461339.2294,8.162,-0.5,-0.5
2019-03-07,0.24996877590154712,0.195,0.26,FREE,-0.024916840046345454,-0.024916840046345454,0.0,-0.024916840046345454,FORCE_SELL,735138461339.2294,7.8267,-0.5,-0.5
2019-03-08,0.24052530089208576,0.195,0.26,FREE,0.009437727735074031,0.01201058664457592,0.003862644366333204,0.01201058664457592,FREE,743967905524.9044,7.84,-0.5,-0.5
2019-03-11,0.2695840777843426,0.195,0.26,FORCE_SELL,0.04099592974221699,0.026715722188112502,0.0,0.0,FORCE_BUY,774467561510.2677,8.5167,-0.5,-0.5
2019-03-12,0.2619726986914151,0.195,0.26,FORCE_SELL,0.012818534651585101,0.018990421706051985,0.0,0.0,FREE,789175027101.0054,8.5333,-0.5,-0.5
2019-03-13,0.2709933936738617,0.195,0.26,FORCE_SELL,-0.00891968849703246,0.004722860704197891,0.0,0.0,FREE,792902190825.235,8.6667,-0.5,-0.5
2019-03-14,0.27366825741666684,0.195,0.26,FORCE_SELL,0.0010062363251316095,0.008245751970085698,0.0,0.0,FREE,799440265627.3174,8.5553,-0.5,-0.5
2019-03-15,0.2171483477383996,0.195,0.26,FREE,0.0024734943828794817,0.0024734943828794817,0.0,0.0024734943828794817,FORCE_BUY,801417676633.7942,9.2,-0.5,-0.5
2019-03-18,0.2215954497915101,0.195,0.26,FREE,-0.012884845737965065,-0.023595130042904963,-0.003453224988399322,-0.023595130042904963,FORCE_SELL,798650201086.6975,9.1473,-0.5,-0.5
2019-03-19,0.19397283598765147,0.195,0.26,FORCE_BUY,0.0,0.0,0.0,0.0,FORCE_BUY,798650201086.6975,9.4093,-0.5,-0.5
2019-03-20,0.23166612920223537,0.195,0.26,FREE,0.011992149804287245,0.010856538222268937,0.0,0.010856538222268937,FORCE_BUY,808227733939.3533,9.3333,-0.5,-0.5
2019-03-21,0.2403361748091104,0.195,0.26,FREE,0.10071546505228379,-0.00309711116147075,-0.00309711116147075,-0.00309711116147075,FORCE_BUY,889628766031.2089,10.2,-0.5,-0.5
2019-03-22,0.27035068454679645,0.26,0.285,FREE,-0.04722393584207291,-0.04722393584207291,0.0,-0.04722393584207291,FORCE_SELL,889628766031.2089,9.2667,-0.5,-0.5
2019-03-25,0.2584247314580669,0.26,0.285,FORCE_BUY,-0.033097003248189524,-0.030767690842152168,-0.03458620652443706,-0.033097003248189524,FREE,862256943193.6753,8.96,-0.5,-0.5
2019-03-26,0.25362712070689913,0.26,0.285,FORCE_BUY,-0.0025432847500732997,-0.0021085352201462145,-0.0021085352201462145,-0.0025432847500732997,FREE,860438844060.1359,9.1773,-0.5,-0.5
2019-03-27,0.2867504141751031,0.26,0.285,FORCE_SELL,-0.045553145336225544,0.02339627523527109,-0.005780911062906686,-0.005780911062906686,FREE,880569908078.8853,8.8,-0.5,-0.5
2019-03-28,0.2695544284280468,0.26,0.285,FREE,-0.008655104163172356,-0.026770438458183766,0.0,-0.026770438458183766,FORCE_SELL,880569908078.8853,8.8653,-0.5,-0.5
2019-03-29,0.23853750198572685,0.26,0.285,FORCE_BUY,0.014218951973749649,0.008694883607879692,0.0,0.014218951973749649,FORCE_BUY,893090689311.3881,9.18,-0.5,-0.5
2019-04-01,0.23679094613704177,0.26,0.285,FORCE_BUY,0.040489294051781484,0.003517593247911136,0.003517593247911136,0.040489294051781484,FORCE_BUY,929251300845.8252,9.85,-0.5,-0.5
2019-04-02,0.23325575927514294,0.26,0.285,FORCE_BUY,-0.002367092336919423,0.004470045614783648,0.004470045614783648,-0.002367092336919423,FREE,933405096548.2031,9.82,-0.5,-0.5
2019-04-03,0.22041634057791978,0.26,0.285,FORCE_BUY,0.04019049489395128,0.001967652391536262,0.00026512175962304133,0.04019049489395128,FORCE_BUY,970919109315.0118,10.5933,-0.5,-0.5
2019-04-04,0.22606109046636147,0.26,0.285,FORCE_BUY,0.0048857142857143075,0.017676988109168915,0.020828571428571387,0.0048857142857143075,FORCE_SELL,991141967334.7445,10.5513,-0.5,-0.5
2019-04-05,0.19093209441557737,0.26,0.285,FORCE_BUY,0.018923278651409654,0.017995280187633068,0.012508607922118322,0.018923278651409654,FORCE_BUY,1009897622965.7263,10.8013,-0.5,-0.5
2019-04-08,0.19271523287650139,0.26,0.285,FORCE_BUY,0.02259601434013836,0.005195024009435342,0.005195024009435342,0.02259601434013836,FORCE_BUY,1032717284136.3317,10.9247,-0.5,-0.5
2019-04-09,0.22481426107390654,0.26,0.285,FORCE_BUY,-0.04085877037186985,-0.049171146400307605,-0.03472995481608943,-0.04085877037186985,FORCE_SELL,996851059520.4823,10.4227,-0.5,-0.5
2019-04-10,0.2200784529174041,0.26,0.285,FORCE_BUY,0.0247695202257759,-0.0014502654738752752,-0.0004985888993415544,0.0247695202257759,FORCE_BUY,1021542582001.361,10.8933,-0.5,-0.5
2019-04-11,0.22143180635486112,0.26,0.285,FORCE_BUY,0.0005003103777343775,0.0065570449216888925,0.006985815274290564,0.0005003103777343775,FORCE_SELL,1028678889774.0443,10.7987,-0.5,-0.5
2019-04-12,0.19333575680669743,0.26,0.285,FORCE_BUY,0.01861704546488035,0.015575763903497268,0.007039371367766225,0.01861704546488035,FORCE_BUY,1047829851433.7303,11.2,-0.5,-0.5
2019-04-15,0.22577939605616934,0.26,0.285,FORCE_BUY,-0.019032237916358156,-0.024385891338681118,-0.024385891338681118,-0.019032237916358156,FORCE_BUY,1027887304405.3815,10.994,-0.5,-0.5
2019-04-16,0.2181853255452321,0.26,0.285,FORCE_BUY,0.09551525603370076,0.0028203677256519147,0.0028203677256519147,0.09551525603370076,FORCE_BUY,1126066223459.452,12.1967,-0.5,-0.5
2019-04-17,0.23459973505565712,0.26,0.285,FORCE_BUY,0.013876582149854119,0.023471657956968314,0.012901075496086004,0.013876582149854119,FREE,1152496864693.3872,12.472,-0.5,-0.5
2019-04-18,0.2211579120005198,0.26,0.285,FORCE_BUY,0.02159281427425957,0.03632475381289833,0.020620894652012247,0.02159281427425957,FREE,1194361029573.5117,12.6133,-0.5,-0.5
2019-04-22,0.21872495691858176,0.26,0.285,FORCE_BUY,0.004500385633751246,-0.004953703499413377,-0.0037609229766154347,0.004500385633751246,FORCE_BUY,1199736114792.5168,12.6333,-0.5,-0.5
2019-04-23,0.20941072127848337,0.26,0.285,FORCE_BUY,0.002546735725389933,0.00610904437858619,-0.0002577984016499959,0.002546735725389933,FREE,1207065355960.377,12.8333,-0.5,-0.5
2019-04-24,0.21899608650900582,0.26,0.285,FORCE_BUY,0.02415384615384613,0.010170479585053994,0.0035923076923076377,0.02415384615384613,FORCE_BUY,1236220626865.8816,13.314,-0.5,-0.5
2019-04-25,0.26756925585134006,0.26,0.285,FREE,-0.09356915618845638,-0.09356915618845638,-0.09356915618845638,-0.09356915618845638,FORCE_BUY,1120548505947.2764,11.9667,-0.5,-0.5
2019-04-26,0.23771173584499014,0.26,0.285,FORCE_BUY,0.030976076475061103,0.014990850066430918,0.014990850066430918,0.030976076475061103,FORCE_BUY,1155258702161.5146,12.338,-0.5,-0.5
2019-04-29,0.235884259021326,0.26,0.285,FORCE_BUY,-0.025278058645096087,-0.013572774907343913,-0.0023619817997978867,-0.025278058645096087,FORCE_SELL,1152530002132.9512,12.05,-0.5,-0.5
2019-04-30,0.23552410640393806,0.26,0.285,FORCE_BUY,0.05466227428412596,0.04360229864386557,0.04360229864386557,0.05466227428412596,FORCE_BUY,1215529913230.227,12.902,-0.5,-0.5
2019-05-01,0.2794068054438262,0.26,0.285,FREE,-0.06443057842932585,-0.03148772334522542,0.01005157229786675,-0.03148772334522542,FORCE_SELL,1227747900033.2803,12.1,-0.5,-0.5
2019-05-02,0.26471458552041505,0.26,0.285,FREE,0.035766560637158266,0.030758188902184652,0.0,0.030758188902184652,FORCE_BUY,1271660219746.9644,12.6667,-0.5,-0.5
2019-05-03,0.23112045284577798,0.26,0.285,FORCE_BUY,0.0,0.0,0.0,0.0,FORCE_BUY,1271660219746.9644,12.89,-0.5,-0.5
2019-05-06,0.2577888899944329,0.26,0.285,FORCE_BUY,0.03175623002921206,0.02432902435472411,0.0,0.03175623002921206,FORCE_BUY,1312043354204.2473,12.044,-0.5,-0.5
2019-05-07,0.2849231069183927,0.26,0.285,FREE,-0.05773681634549185,-0.05995854840407833,-0.041203845802881896,-0.05995854840407833,FORCE_SELL,1257982122150.9194,11.3587,-0.5,-0.5
2019-05-08,0.30421655252948493,0.26,0.285,FORCE_SELL,0.003263618809323122,0.005795838369121556,0.0,0.0,FREE,1265273183202.1506,11.0667,-0.5,-0.5
2019-05-09,0.27255320384868004,0.26,0.285,FREE,0.01776028826095214,0.01776028826095214,0.0,0.01776028826095214,FORCE_BUY,1287744799664.6733,10.7333,-0.5,-0.5
2019-05-10,0.29086389797433554,0.26,0.285,FORCE_SELL,0.004350945189270665,-0.005507881276324514,0.0077702104664921934,0.0077702104664921934,FORCE_SELL,1297750847785.1987,10.78,-0.5,-0.5
2019-05-13,0.312180585680504,0.26,0.285,FORCE_SELL,-0.08960000000000005,-0.06496732937430083,0.0,0.0,FORCE_SELL,1297750847785.1987,9.104,-0.5,-0.5
2019-05-14,0.3174990902953267,0.26,0.285,FORCE_SELL,0.018943589743589614,0.02191792670714127,0.0,0.0,FREE,1326194855751.0852,9.9347,-0.5,-0.5
2019-05-15,0.3291729122369546,0.26,0.285,FORCE_SELL,0.03205864260816089,0.01317487290825708,0.0,0.0,FORCE_BUY,1368710862660.3906,10.0667,-0.5,-0.5
2019-05-16,0.335402287975244,0.26,0.285,FORCE_SELL,-0.011851717134976191,0.0029186226546397812,0.0,0.0,FREE,1372705613191.803,9.78,-0.5,-0.5
2019-05-17,0.34451477993464663,0.26,0.285,FORCE_SELL,-0.04472519462959636,-0.011438203730989277,0.0,0.0,FORCE_SELL,1372705613191.803,9.0433,-0.5,-0.5
2019-05-20,0.344639459401429,0.26,0.285,FORCE_SELL,-0.07544458005863096,-0.06635133766923966,0.0,0.0,FORCE_SELL,1372705613191.803,8.1053,-0.5,-0.5
2019-05-21,0.3417109436898911,0.26,0.285,FORCE_SELL,0.02703389830508478,0.016222760290556918,0.0,0.0,FORCE_BUY,1409815197141.6494,8.4833,-0.5,-0.5
2019-05-22,0.3460783630631479,0.26,0.285,FORCE_SELL,-0.04754973313925271,-0.024542210255670778,0.0,0.0,FORCE_SELL,1409815197141.6494,7.852,-0.5,-0.5
2019-05-23,0.30029726851927824,0.26,0.285,FORCE_SELL,-0.003984751683557538,0.009558861006257082,0.0,0.0,FREE,1423291424655.6355,7.4987,-0.5,-0.5
2019-05-24,0.3733652371517155,0.26,0.285,FORCE_SELL,-0.037544493299832435,-0.037544493299832435,0.0,0.0,FORCE_SELL,1423291424655.6355,7.3547,-0.5,-0.5
2019-05-28,0.3268567467571617,0.26,0.285,FORCE_SELL,-0.022371333892502194,-0.023806655891315264,0.0,0.0,FORCE_SELL,1423291424655.6355,7.11,-0.5,-0.5
2019-05-29,0.29310301507613856,0.26,0.285,FORCE_SELL,0.04715646651270209,0.04715646651270209,0.0,0.0,FORCE_BUY,1490408819060.2249,7.2547,-0.5,-0.5
2019-05-30,0.3062733841152383,0.26,0.285,FORCE_SELL,-0.016279357061480215,0.009009808914123821,0.0,0.0,FREE,1503837117723.8823,7.1667,-0.5,-0.5
2019-05-31,0.3147247465941654,0.26,0.285,FORCE_SELL,0.0,0.0,0.0,0.0,FORCE_BUY,1503837117723.8823,7.0667,-0.5,-0.5
2019-06-03,0.31180198479107263,0.26,0.285,FORCE_SELL,-0.01688169277214457,-0.020094828192852646,0.0,0.0,FORCE_SELL,1503837117723.8823,7.262,-0.5,-0.5
2019-06-04,0.29869273178111305,0.26,0.285,FORCE_SELL,0.04983247422680402,0.014175257731958789,0.0,0.0,FORCE_BUY,1578777042134.1687,8.1467,-0.5,-0.5
2019-06-05,0.26478812841582544,0.26,0.285,FREE,-0.058441795624170546,-0.0212632751814657,0.0,-0.0212632751814657,FORCE_SELL,1578777042134.1687,7.7333,-0.5,-0.5
2019-06-06,0.24332055989872456,0.26,0.285,FORCE_BUY,0.03338531958867455,0.027696945131132956,0.01436595787845355,0.03338531958867455,FORCE_BUY,1631485018245.0803,8.15,-0.5,-0.5
2019-06-07,0.21143479753856412,0.26,0.285,FORCE_BUY,0.02419345083285954,0.004028209563671206,0.004028209563671206,0.02419345083285954,FORCE_BUY,1670956270818.5398,8.4667,-0.5,-0.5
2019-06-10,0.24791170573381663,0.26,0.285,FORCE_BUY,0.049211943108376545,0.0033708527598344234,0.00022958685844832075,0.049211943108376545,FORCE_BUY,1753187275754.647,9.14,-0.5,-0.5
2019-06-11,0.24668839406013188,0.26,0.285,FORCE_BUY,-0.008703623813632502,0.01955349439171698,0.01955349439171698,-0.008703623813632502,FREE,1787468213318.745,9.1913,-0.5,-0.5
2019-06-12,0.27612007857426396,0.26,0.285,FREE,-0.025761363636363607,-0.007551608314768473,0.01136363636363636,-0.007551608314768473,FORCE_SELL,1807780352106.4583,8.5733,-0.5,-0.5
2019-06-13,0.239849997546141,0.26,0.285,FORCE_BUY,-0.06105463271007462,-0.05771415248665947,0.0038601087321918923,-0.06105463271007462,FORCE_SELL,1814758580829.5093,8.1,-0.5,-0.5
2019-06-14,0.25845356770193506,0.26,0.285,FORCE_BUY,0.004104276229086407,0.004744448720275457,0.004656533581012404,0.004104276229086407,FREE,1823368609855.9348,8.0,-0.5,-0.5
2019-06-17,0.291398359897605,0.26,0.285,FORCE_SELL,-0.015642346601469414,-0.007209832379777659,0.007384584679481626,0.007384584679481626,FORCE_SELL,1836833429757.3245,7.8913,-0.5,-0.5
2019-06-18,0.31069396185043296,0.26,0.285,FORCE_SELL,0.10410288566756426,0.064660101065988,0.0,0.0,FORCE_BUY,2028053090285.7112,8.98,-0.5,-0.5
2019-06-19,0.2978039438333088,0.26,0.285,FORCE_SELL,0.0,0.0,0.0,0.0,FORCE_BUY,2028053090285.7112,9.0333,-0.5,-0.5
2019-06-20,0.31460001932406584,0.26,0.285,FORCE_SELL,-0.02070191597142659,0.014086725959052351,0.0,0.0,FREE,2056621718398.975,9.144,-0.5,-0.5
2019-06-21,0.2929928779302677,0.26,0.285,FORCE_SELL,-0.016080534842994605,-0.016080534842994605,0.0,0.0,FORCE_SELL,2056621718398.975,8.9333,-0.5,-0.5
2019-06-24,0.28229470763064296,0.26,0.285,FREE,-0.0003649110391119246,0.0010515625925139533,0.0,0.0010515625925139533,FREE,2058784384864.9954,9.04,-0.5,-0.5
2019-06-25,0.3014769574402611,0.26,0.285,FORCE_SELL,-0.018235163861824607,-0.0045100918947721036,0.010329937998228398,0.010329937998228398,FORCE_SELL,2080051499912.3716,8.8673,-0.5,-0.5
2019-06-26,0.2491568915121757,0.26,0.285,FORCE_BUY,0.000350467289719568,0.000350467289719568,0.0,0.000350467289719568,FORCE_BUY,2080780489924.0232,9.4193,-0.5,-0.5
2019-06-27,0.24972114830881895,0.26,0.285,FORCE_BUY,0.028294134168287768,0.028294134168287768,0.028294134168287768,0.028294134168287768,FORCE_BUY,2139654372280.6892,9.8853,-0.5,-0.5
2019-06-28,0.2642690335275248,0.26,0.285,FREE,0.006481583673633226,0.030095102831755934,0.010695616402620825,0.030095102831755934,FREE,2204047490638.893,10.0313,-0.5,-0.5
2019-07-01,0.30016321906312066,0.26,0.285,FORCE_SELL,-0.023469583748730854,-0.023469583748730854,0.0,0.0,FORCE_SELL,2204047490638.893,10.6767,-0.5,-0.5
2019-07-02,0.2753800788119299,0.245,0.265,FORCE_SELL,-0.028481102788299944,-0.030883009123446707,0.0,0.0,FORCE_SELL,2204047490638.893,10.2333,-0.5,-0.5
2019-07-03,0.2690409174837594,0.245,0.265,FORCE_SELL,0.0,0.0,0.0,0.0,FORCE_BUY,2204047490638.893,10.0833,-0.5,-0.5
2019-07-05,0.23952281797848263,0.245,0.265,FORCE_BUY,0.002496639139619647,0.002031016047702253,0.0,0.002496639139619647,FORCE_BUY,2209550201869.6025,9.918,-0.5,-0.5
2019-07-08,0.2473102359284073,0.245,0.265,FREE,-0.008558248487152245,0.007936000855675245,0.002640420001438529,0.007936000855675245,FREE,2227085194162.2974,9.65,-0.5,-0.5
2019-07-09,0.2378825310842927,0.245,0.265,FORCE_BUY,0.04365829697782769,0.04812698127691568,0.0442920975630367,0.04365829697782769,FREE,2334268081603.8423,9.88,-0.5,-0.5
2019-07-10,0.2887946841170667,0.245,0.265,FORCE_SELL,0.013870000000000089,-0.024591747810858464,-0.01667000000000013,-0.01667000000000013,FORCE_BUY,2366644379895.6875,10.1387,-0.5,-0.5
2019-07-11,0.2442023445817624,0.245,0.265,FORCE_BUY,0.00023839796567069657,-0.009747107779614175,0.0,0.00023839796567069657,FORCE_BUY,2367208583101.3203,10.0696,-0.5,-0.5
2019-07-12,0.24319900686631357,0.245,0.265,FORCE_BUY,0.049601244893989656,-0.007002528690916072,-0.007002528690916072,0.049601244893989656,FORCE_BUY,2484625075746.8833,10.792,-0.5,-0.5
2019-07-15,0.23223756419957833,0.245,0.265,FORCE_BUY,0.03815099288122891,0.014733982765080507,0.014733982765080507,0.03815099288122891,FORCE_BUY,2579415989324.2256,11.0833,-0.5,-0.5
2019-07-16,0.2545092400741739,0.245,0.265,FREE,-0.022313059541119153,-0.008961126449993013,-0.020465830841403743,-0.008961126449993013,FREE,2556301516476.7573,10.6913,-0.5,-0.5
2019-07-17,0.2441856063567793,0.245,0.265,FORCE_BUY,-0.024262480916379517,-0.024262480916379517,0.0,-0.024262480916379517,FORCE_SELL,2556301516476.7573,10.6733,-0.5,-0.5
2019-07-18,0.22564314872594857,0.245,0.265,FORCE_BUY,0.06283233145461528,0.025198578301276392,0.025198578301276392,0.06283233145461528,FORCE_BUY,2716919900657.961,11.3333,-0.5,-0.5
2019-07-19,0.24448433583272677,0.245,0.265,FORCE_BUY,-0.020585354662807812,0.005708840320118558,0.005708840320118558,-0.020585354662807812,FREE,2732430362533.3696,11.1,-0.5,-0.5
2019-07-22,0.23194479123198444,0.245,0.265,FORCE_BUY,0.037906816054857434,-0.008746381184784727,-0.008746381184784727,0.037906816054857434,FORCE_BUY,2836008097668.6294,11.8667,-0.5,-0.5
2019-07-23,0.2177380544205524,0.245,0.265,FORCE_BUY,0.05444166666666675,-0.013891666666666592,-0.013891666666666592,0.05444166666666675,FORCE_BUY,2990405105185.8726,12.6533,-0.5,-0.5
2019-07-24,0.2527831503331676,0.245,0.265,FREE,0.046295195288037105,0.033770125329972325,0.033770125329972325,0.033770125329972325,FORCE_BUY,3128846493520.7954,13.1987,-0.5,-0.5
2019-07-25,0.27115469226227223,0.245,0.265,FORCE_SELL,-0.010982867033783488,-0.010982867033783488,0.0,0.0,FORCE_SELL,3128846493520.7954,12.9133,-0.5,-0.5
2019-07-26,0.27832594825521045,0.245,0.265,FORCE_SELL,-0.005296168344180068,-0.005296168344180068,0.0,0.0,FORCE_SELL,3128846493520.7954,12.64,-0.5,-0.5
2019-07-29,0.2381879827041334,0.245,0.265,FORCE_BUY,0.013941698352344746,0.023588266935556657,0.0,0.013941698352344746,FREE,3202650559810.3447,12.8,-0.5,-0.5
2019-07-30,0.23132845242946987,0.245,0.265,FORCE_BUY,0.008090447049061434,-0.013560029709948076,-0.00393352109979019,0.008090447049061434,FORCE_BUY,3228561434581.137,12.6347,-0.5,-0.5
2019-07-31,0.3046250217529693,0.245,0.265,FORCE_SELL,-0.11135751623633758,-0.11135751623633758,-0.11135751623633758,-0.11135751623633758,FORCE_BUY,2869036852209.755,11.22,-0.5,-0.5
2019-08-01,0.34121100492039286,0.245,0.265,FORCE_SELL,-0.04429578898002868,-0.03324821526074207,0.0378009609513951,0.0378009609513951,FORCE_SELL,2977489202228.2495,10.8007,-0.5,-0.5
2019-08-02,0.2863561069391627,0.245,0.265,FORCE_SELL,-0.005015093502560433,0.018779270467892573,0.0,0.0,FREE,3033404277272.1235,10.3167,-0.5,-0.5
2019-08-05,0.26011861971548417,0.245,0.265,FREE,-0.14642018475798355,-0.14642018475798355,0.0,-0.14642018475798355,FORCE_SELL,3033404277272.1235,8.2513,-0.5,-0.5
2019-08-06,0.2962463435218014,0.245,0.265,FORCE_SELL,0.03351955307262576,0.10560470008952541,0.04469273743016756,0.04469273743016756,FREE,3353746026223.73,9.25,-0.5,-0.5
2019-08-07,0.2596402105257906,0.245,0.265,FREE,0.03449294711154405,0.03814797386765304,0.0,0.03814797386765304,FREE,3481684641990.8584,9.4533,-0.5,-0.5
2019-08-08,0.2747680468924733,0.245,0.265,FORCE_SELL,0.0,0.0,0.0,0.0,FORCE_BUY,3481684641990.8584,9.9967,-0.5,-0.5
2019-08-09,0.28296242402220356,0.245,0.265,FORCE_SELL,-0.019059553525411083,0.01091105036094392,0.0,0.0,FREE,3519673478460.546,9.7067,-0.5,2.1499999999999995
2019-08-12,0.2669700401206348,0.245,0.265,FORCE_SELL,-0.02407962884158301,-0.02407962884158301,0.0,0.0,FORCE_SELL,3519673478460.546,9.4027,-0.5,-0.5
2019-08-13,0.298742900845244,0.245,0.265,FORCE_SELL,0.11572471708963089,0.1190942556985218,0.0,0.0,FREE,3938846371679.6313,10.2833,-0.5,-0.5
2019-08-14,0.27464456288671796,0.26,0.3,FREE,-0.04228042311565089,-0.010421344434464689,0.0,-0.010421344434464689,FORCE_SELL,3938846371679.6313,9.226,-0.5,-0.5
2019-08-15,0.2874203576942392,0.26,0.3,FREE,0.025850472967109177,0.027772324924239093,0.0,0.027772324924239093,FREE,4048237292940.5786,9.4567,-0.5,-0.5
2019-08-16,0.27225582095874373,0.26,0.3,FREE,0.03601865083918345,0.032207310425926776,0.0,0.032207310425926776,FORCE_BUY,4194049338509.167,9.932,-0.5,-0.5
2019-08-19,0.28787590267676655,0.26,0.3,FREE,0.0,0.0,0.0,0.0,FORCE_BUY,4194049338509.167,10.464,-0.5,-0.5
2019-08-20,0.2557549195418075,0.26,0.3,FORCE_BUY,-0.013637284896682807,-0.008344057671239465,0.0,-0.013637284896682807,FORCE_SELL,4194049338509.167,10.22,-0.5,-0.5
2019-08-21,0.25037071915951753,0.26,0.3,FORCE_BUY,0.006243730488342068,0.017300626043280067,-0.0015656201074372063,0.006243730488342068,FREE,4266609017721.78,10.7333,-0.5,-0.5
2019-08-22,0.2115275972680616,0.26,0.3,FORCE_BUY,-0.005226069976511001,-0.011922799491590247,-0.012706708047581805,-0.005226069976511001,FORCE_BUY,4244311420432.753,10.5453,-0.5,-0.5
2019-08-23,0.2875835915092186,0.26,0.3,FREE,-0.13871361502347412,-0.07270352296291371,-0.02034741784037564,-0.07270352296291371,FORCE_SELL,4157950642516.5293,9.1727,-0.5,-0.5
2019-08-26,0.26274259863877353,0.26,0.3,FREE,0.018634541605321613,0.030811148802438366,0.025770259959377977,0.030811148802438366,FREE,4286061878476.3,9.4787,-0.5,-0.5
2019-08-27,0.25129334087750227,0.26,0.3,FORCE_BUY,-0.01673640167364017,-0.02790088111329019,-0.008158995815899605,-0.01673640167364017,FORCE_SELL,4251091917543.125,9.4,-0.5,-0.5
2019-08-28,0.22377330554754168,0.26,0.3,FORCE_BUY,0.026037993772579746,-0.0033198442060039845,-0.0033198442060039845,0.026037993772579746,FORCE_BUY,4361781822418.7764,9.4573,-0.5,-0.5
2019-08-29,0.24672965555017845,0.26,0.3,FORCE_BUY,0.02491041791438689,0.010556982327205526,0.010556982327205526,0.02491041791438689,FORCE_BUY,4470435630466.6045,10.0967,-0.5,-0.5
2019-08-30,0.23053244351953608,0.26,0.3,FORCE_BUY,-0.009548719625359458,0.011472142262500639,0.0077601377015759565,-0.009548719625359458,FREE,4521721103994.669,10.3,-0.5,-0.5
2019-09-03,0.23756510659206143,0.26,0.3,FORCE_BUY,-0.006216218956932583,0.0007603263587214919,-0.009390242665774227,-0.006216218956932583,FREE,4525159087736.823,9.8,-0.5,-0.5
2019-09-04,0.22729477291670466,0.26,0.3,FORCE_BUY,0.03766136046045769,0.033805356372473304,0.014403955713210783,0.03766136046045769,FORCE_BUY,4695582735280.995,10.6187,-0.5,-0.5
2019-09-05,0.24330713461951067,0.26,0.3,FORCE_BUY,0.06569999999999995,0.006063636363636459,0.006063636363636459,0.06569999999999995,FORCE_BUY,5004082520988.956,11.7227,-0.5,-0.5
2019-09-06,0.23494189152776515,0.26,0.3,FORCE_BUY,-0.006609340176078189,0.006500173653860644,-0.006609340176078189,-0.006609340176078189,FREE,5036609926353.633,11.6333,-0.5,-0.5
2019-09-09,0.22578614363624147,0.26,0.3,FORCE_BUY,0.0038693291742306645,0.017879382364378787,0.006366495359361836,0.0038693291742306645,FREE,5126661401047.135,11.7787,-0.5,-0.5
2019-09-10,0.21084658760022937,0.26,0.3,FORCE_BUY,0.0159764771867802,0.007468835843792587,-0.011013571507482639,0.0159764771867802,FORCE_BUY,5208567389965.312,11.9553,-0.5,-0.5
2019-09-11,0.2000089460690424,0.26,0.3,FORCE_BUY,0.06720510271703121,-0.009054009277667233,-0.009054009277667233,0.06720510271703121,FORCE_BUY,5558609696416.51,12.8833,-0.5,-0.5
2019-09-12,0.22398628259233558,0.26,0.3,FORCE_BUY,0.005321822664421823,0.028994757964781712,0.028994757964781712,0.005321822664421823,FREE,5719780239184.796,12.6,-0.5,-0.5
2019-09-13,0.2281519291730417,0.26,0.3,FORCE_BUY,-0.027487104479005445,-0.024195093478883194,-0.025619879719605214,-0.027487104479005445,FREE,5581389621619.051,12.5,-0.5,-0.5
2019-09-16,0.22133884374166035,0.26,0.3,FORCE_BUY,0.010027946736807387,0.010027946736807387,0.010027946736807387,0.010027946736807387,FORCE_BUY,5637359499462.017,12.288,-0.5,-0.5
2019-09-17,0.20675416945959732,0.26,0.3,FORCE_BUY,0.010646400288271834,0.00953262302734491,0.00953262302734491,0.010646400288271834,FORCE_BUY,5697377085262.181,12.3407,-0.5,-0.5
2019-09-18,0.20553543914390593,0.26,0.3,FORCE_BUY,-0.0013522267206478502,-0.012512014185665984,-0.002696356275303575,-0.0013522267206478502,FORCE_BUY,5689672939729.883,12.3333,-0.5,-0.5
2019-09-19,0.23176590057149937,0.26,0.3,FORCE_BUY,-0.004569190600522213,-0.004569190600522213,-0.004569190600522213,-0.004569190600522213,FORCE_BUY,5663675739613.624,12.2,-0.5,-0.5
2019-09-20,0.2653725912028587,0.26,0.3,FREE,-0.07073170731707326,-0.02309111747948962,-0.024390243902439074,-0.02309111747948962,FREE,5532895137744.471,11.43,-0.5,-0.5
2019-09-23,0.23247838150019254,0.26,0.3,FORCE_BUY,0.05198331121462086,0.024053015517794665,0.024053015517794665,0.05198331121462086,FORCE_BUY,5820513347607.704,12.128,-0.5,-0.5
2019-09-24,0.27516145343035253,0.26,0.3,FREE,-0.07286064781541969,-0.06529263756323193,-0.0031886859474774963,-0.06529263756323193,FORCE_SELL,5801953558489.082,11.2233,-0.5,-0.5
2019-09-25,0.2543315200710383,0.26,0.3,FORCE_BUY,0.06567635903919075,0.04305886027613565,0.03425139967491417,0.06567635903919075,FORCE_BUY,6183004743525.121,11.8013,-0.5,-0.5
2019-09-26,0.22263255798756273,0.26,0.3,FORCE_BUY,-0.03351964670292364,0.006025231274649621,0.0033519646702925582,-0.03351964670292364,FREE,6220258777077.115,11.5333,-0.5,-0.5
2019-09-27,0.28160436530877037,0.26,0.3,FREE,-0.048853448275861994,-0.0005171702755625355,0.004594827586206894,-0.0005171702755625355,FORCE_SELL,6248839793699.375,11.0333,-0.5,-0.5
2019-09-30,0.23156090824788036,0.26,0.3,FORCE_BUY,0.01653730228588196,-5.3346136405972835e-05,-5.3346136405972835e-05,0.01653730228588196,FORCE_BUY,6352178746303.829,11.4333,-0.5,-0.5
2019-10-01,0.3046584872963561,0.26,0.3,FORCE_SELL,-0.03807928337687807,-0.025721935805237038,0.0032376504899875027,0.0032376504899875027,FORCE_SELL,6372744880934.288,11.082,-0.5,-0.5
2019-10-02,0.25526028485986485,0.26,0.3,FORCE_BUY,-0.023906906543188045,-0.017008063284754092,0.0,-0.023906906543188045,FORCE_SELL,6372744880934.288,10.4767,-0.5,-0.5
2019-10-03,0.2654931541100934,0.26,0.3,FREE,0.04469082506870033,0.012309295601312243,0.0015784419066817604,0.012309295601312243,FORCE_BUY,6657548107615.578,10.9867,-0.5,-0.5
2019-10-04,0.243422248698247,0.26,0.3,FORCE_BUY,0.05733636363636355,0.02145454545454555,0.02145454545454555,0.05733636363636355,FORCE_BUY,7039267706840.409,11.6307,-0.5,-0.5
2019-10-07,0.2756821904368523,0.26,0.3,FREE,-0.01502413671448114,-0.012646465288447274,0.0005162933578860369,-0.012646465288447274,FORCE_SELL,7042902034001.832,11.4467,-0.5,-0.5
2019-10-08,0.2962775346038477,0.26,0.3,FREE,-0.07945344580330817,-0.04988108705140416,-0.04988108705140416,-0.04988108705140416,FREE,6691594424549.275,10.3347,-0.5,-0.5
2019-10-09,0.27466899819119955,0.26,0.3,FREE,-0.04019251258312222,0.0056027039935339406,0.0,0.0056027039935339406,FREE,6729085447354.808,10.45,-0.5,-0.5
2019-10-10,0.29121170999578555,0.26,0.3,FREE,0.0,0.0,0.0,0.0,FORCE_BUY,6729085447354.808,11.3133,-0.5,-0.5
2019-10-11,0.30896953131022037,0.26,0.3,FORCE_SELL,0.0,0.0,0.0,0.0,FORCE_BUY,6729085447354.808,12.0667,-0.5,-0.5
2019-10-14,0.2506063931111689,0.26,0.31,FORCE_BUY,0.0,0.0,0.0,0.0,FORCE_BUY,6729085447354.808,12.0127,-0.5,-0.5
2019-10-15,0.25291830538623983,0.26,0.3,FORCE_BUY,0.0,0.0,0.0,0.0,FORCE_BUY,6729085447354.808,12.734,-0.5,-0.5
2019-10-16,0.2941107626636863,0.26,0.3,FREE,-0.03868410872602971,-0.022703571089736762,0.0,-0.022703571089736762,FORCE_SELL,6729085447354.808,12.1767,-0.5,-0.5
2019-10-17,0.2818462120877279,0.245,0.265,FORCE_SELL,-0.00992180614068415,-0.008639490695005988,-0.01604308344182349,-0.01604308344182349,FREE,6670949576246.485,12.244,-0.5,-0.5
2019-10-18,0.2801280221801073,0.245,0.265,FORCE_SELL,-0.019556617768254597,-0.00022564317154653046,0.0,0.0,FORCE_SELL,6670949576246.485,11.8967,-0.5,-0.5
2019-10-21,0.2566046003492712,0.245,0.265,FREE,0.0,0.0,0.0,0.0,FORCE_BUY,6670949576246.485,12.5267,-0.5,-0.5
2019-10-22,0.2892998237349311,0.26,0.3,FREE,-0.09427011954084916,-0.0798993005448564,0.0,-0.0798993005448564,FORCE_SELL,6670949576246.485,11.4333,-0.5,-0.5
2019-10-23,0.2798961541719733,0.245,0.265,FORCE_SELL,0.03197083729407765,0.046559583658520934,0.015924372312871145,0.015924372312871145,FREE,6981546211123.508,11.8333,-0.5,-0.5
2019-10-24,0.2587538011899471,0.26,0.3,FORCE_BUY,0.042327335848048854,0.014712754948759982,0.0,0.042327335848048854,FORCE_BUY,7277056462340.406,12.49,1.9499999999999993,-0.5
2019-10-25,0.2715512645918481,0.26,0.3,FREE,0.04317161786706548,0.054578058668544885,-0.0003166235267112299,0.054578058668544885,FREE,7674224076876.335,13.1787,-0.5,-0.5
2019-10-28,0.24711429269670007,0.26,0.3,FORCE_BUY,0.05303757931436078,0.05802806175545925,0.04860580668093496,0.05303757931436078,FREE,8119544425534.547,13.924,-0.5,-0.5
2019-10-29,0.27746657063661534,0.26,0.3,FREE,-0.019839176955921717,0.004108681284732594,0.016089529162723146,0.004108681284732594,FORCE_SELL,8250184072357.212,13.5667,-0.5,-0.5
2019-10-30,0.2611386168260446,0.26,0.3,FREE,-0.008736564057160818,-0.01181915653035024,-0.01634630159438632,-0.01181915653035024,FORCE_BUY,8178105810725.695,13.5473,-0.5,-0.5
2019-10-31,0.23235929624666915,0.26,0.3,FORCE_BUY,0.0,0.0,0.0,0.0,FORCE_BUY,8178105810725.695,13.284,-0.5,-0.5
2019-11-01,0.24340468631701137,0.245,0.265,FORCE_BUY,0.0,0.0,0.0,0.0,FORCE_BUY,8178105810725.695,14.1293,-0.5,-0.5
2019-11-04,0.21705070715530186,0.245,0.265,FORCE_BUY,0.0,0.0,0.0,0.0,FORCE_BUY,8178105810725.695,15.1467,-0.5,-0.5
2019-11-05,0.23710621437363374,0.245,0.265,FORCE_BUY,0.0,0.0,0.0,0.0,FORCE_BUY,8178105810725.695,15.0667,-0.5,-0.5
2019-11-06,0.2535466600767064,0.245,0.265,FREE,0.010746208017334695,0.01480904658721556,0.0,0.01480904658721556,FREE,8299215760671.91,14.9267,-0.5,-0.5
2019-11-07,0.24748090431759276,0.245,0.265,FREE,-0.006210654462361771,0.019004759323322826,0.0,0.019004759323322826,FREE,8456940358775.808,15.2653,-0.5,-0.5
2019-11-08,0.23000087113095943,0.245,0.265,FORCE_BUY,0.021600000000000143,0.009378654533751392,0.0,0.021600000000000143,FORCE_BUY,8639610270525.365,15.324,-0.5,-0.5
2019-11-11,0.21315867587270412,0.245,0.265,FORCE_BUY,0.01494144568582574,0.016626471230107513,0.012202180643424371,0.01494144568582574,FREE,8783256502127.596,15.08,-0.5,-0.5
2019-11-12,0.24323730649144526,0.245,0.265,FORCE_BUY,-0.013585123176586975,0.0038210017757733094,0.002181217944939028,-0.013585123176586975,FREE,8816817340819.299,15.0593,-0.5,-0.5
2019-11-13,0.22293388440935571,0.245,0.265,FORCE_BUY,0.029277027027027055,0.009804400703127655,0.011574324324324228,0.029277027027027055,FORCE_BUY,9074947540398.826,15.2333,-0.5,-0.5
2019-11-14,0.2072497895953963,0.245,0.265,FORCE_BUY,0.013157894736841987,-0.009690789473684241,-0.009690789473684241,0.013157894736841987,FORCE_BUY,9194354744877.758,15.4,-0.5,-0.5
2019-11-15,0.23575686000599164,0.245,0.265,FORCE_BUY,-0.00444122647669181,0.004897879357230491,0.007020628753547276,-0.00444122647669181,FORCE_SELL,9258904896169.96,15.4,-0.5,-0.5
2019-11-18,0.23316088709868213,0.245,0.265,FORCE_BUY,-0.01016731016731013,-0.011904952621632438,0.0076769626769627244,-0.01016731016731013,FORCE_SELL,9329985163487.406,15.382,-0.5,-0.5
2019-11-19,0.25169332970316055,0.245,0.265,FREE,-0.02825348513160341,-0.02730824367255698,-0.0003852747972491883,-0.02730824367255698,FORCE_SELL,9326390555345.207,15.1333,-0.5,-0.5
2019-11-20,0.26316559933737843,0.245,0.265,FREE,-0.03584918296276457,-0.0027488581647276134,-0.003261451915349553,-0.0027488581647276134,FREE,9300753630519.709,14.3967,-0.5,-0.5
2019-11-21,0.27012307961444226,0.245,0.265,FORCE_SELL,-0.019444444444444545,-0.015542356583496057,-0.019027777777777873,-0.019027777777777873,FREE,9156198001098.926,14.12,-0.5,-0.5
2019-11-22,0.2864170967269916,0.245,0.265,FORCE_SELL,-0.006055186689854773,0.0055655190843434685,0.0,0.0,FREE,9207156995814.07,14.1167,-0.5,-0.5
2019-11-25,0.25918897902283156,0.245,0.265,FREE,0.01213171577123039,0.006265831222503562,0.0,0.006265831222503562,FORCE_BUY,9318855607548.383,15.184,-0.5,-0.5
2019-11-26,0.26167155850386054,0.245,0.265,FREE,0.002836831869090076,0.0023893712106105775,0.0,0.0023893712106105775,FORCE_BUY,9345291634119.326,14.9533,-0.5,-0.5
2019-11-27,0.22883369594244565,0.245,0.265,FORCE_BUY,-0.007019736842105269,-0.007019736842105269,-0.007019736842105269,-0.007019736842105269,FORCE_BUY,9279690146135.082,15.0933,-0.5,-0.5
2019-11-29,0.27659617394985353,0.245,0.265,FORCE_SELL,-0.022024277586514384,-0.022024277586514384,-0.022024277586514384,-0.022024277586514384,FORCE_BUY,9075311674439.762,14.8,-0.5,-0.5
2019-12-02,0.31087828392958444,0.245,0.265,FORCE_SELL,-0.06719999999999998,-0.048408445647528005,-0.04528000000000001,-0.04528000000000001,FORCE_SELL,8664381561821.13,13.992,-0.5,-0.5
2019-12-03,0.22848735124821987,0.245,0.265,FORCE_BUY,-0.01783527696793017,-0.022448979591836855,0.0,-0.01783527696793017,FORCE_SELL,8664381561821.13,13.4753,-0.5,-0.5
2019-12-04,0.2705706390891531,0.245,0.265,FORCE_SELL,0.013218718224235097,0.005598965358954517,0.005913447323443982,0.005913447323443982,FORCE_BUY,8778913580274.102,14.05,-0.5,-0.5
2019-12-05,0.27307112520904553,0.245,0.265,FORCE_SELL,0.0,0.0,0.0,0.0,FORCE_BUY,8778913580274.102,14.2667,-0.5,-0.5
2019-12-06,0.2530060325140792,0.245,0.265,FREE,-0.0012928724544481822,0.00022106109324745583,0.0,0.00022106109324745583,FREE,8780854256507.682,14.9087,-0.5,-0.5
2019-12-09,0.2798390066547584,0.245,0.265,FORCE_SELL,-0.01812080536912739,-0.012564506138766815,0.0,0.0,FORCE_SELL,8780854256507.682,14.63,-0.5,-0.5
2019-12-10,0.2662470369258936,0.245,0.265,FORCE_SELL,0.03284007225232747,0.0521984139180214,0.0,0.0,FREE,9239200921542.69,14.8667,-0.5,-0.5
2019-12-11,0.20653755336577598,0.26,0.3,FORCE_BUY,0.005329712512769088,0.0036356253212102623,0.0,0.005329712512769088,FORCE_BUY,9288443206302.225,15.8447,-0.5,-0.5
2019-12-12,0.23325064384947322,0.26,0.3,FORCE_BUY,0.08750000000000002,0.03535749375558104,0.004956249999999993,0.08750000000000002,FORCE_BUY,10101181986853.668,17.4,-0.5,-0.5
2019-12-13,0.2584003311186492,0.26,0.3,FORCE_BUY,-0.04235369268762868,0.0038041897418057084,0.0038041897418057084,-0.04235369268762868,FREE,10139608799748.17,16.7907,-0.5,-0.5
2019-12-16,0.2442865931401409,0.255,0.275,FORCE_BUY,0.013899001761597052,0.014873752201996323,0.014873752201996323,0.013899001761597052,FREE,10290422828460.807,17.2667,-0.5,-0.5
2019-12-17,0.22202841853669877,0.255,0.275,FORCE_BUY,0.0016374014553409042,0.006675559779466116,0.006675559779466116,0.0016374014553409042,FREE,10359117161208.18,17.4953,-0.5,-0.5
2019-12-18,0.2268002926990337,0.255,0.275,FORCE_BUY,0.010840603193983977,0.0039539673754898684,0.0039539673754898684,0.010840603193983977,FORCE_BUY,10471416239792.828,17.7167,-0.5,-0.5
2019-12-19,0.20144460182149415,0.255,0.275,FORCE_BUY,0.017354684236444828,0.0046018781096642475,0.0046018781096642475,0.017354684236444828,FORCE_BUY,10653144362142.814,17.9733,-0.5,-0.5
2019-12-20,0.2001029621406921,0.255,0.275,FORCE_BUY,0.030274561252341816,0.011796810969011653,0.004519503910788328,0.030274561252341816,FORCE_BUY,10975663633664.547,18.5333,-0.5,-0.5
2019-12-23,0.23151492947701055,0.255,0.275,FORCE_BUY,-0.0026785666454164415,-0.0026785666454164415,-0.0026785666454164415,-0.0026785666454164415,FORCE_BUY,10946264587144.104,18.6167,-0.5,-0.5
2019-12-24,0.19471128836143395,0.255,0.275,FORCE_BUY,0.0030749945089384983,0.0030749945089384983,0.0030749945089384983,0.0030749945089384983,FORCE_BUY,10979924290642.96,18.7241,-0.5,-0.5
2019-12-26,0.20205099588585596,0.255,0.275,FORCE_BUY,0.0038737591448957435,0.0038737591448957435,0.0038737591448957435,0.0038737591448957435,FORCE_BUY,11022457872774.104,18.84,-0.5,-0.5
2019-12-27,0.22200196069216896,0.255,0.275,FORCE_BUY,-0.022253659932285327,-0.0029083632589858837,0.0060084881817168805,-0.022253659932285327,FORCE_SELL,11088686180636.139,18.4533,-0.5,-0.5
2019-12-30,0.23113180958078705,0.255,0.275,FORCE_BUY,-0.015162427504643517,0.026836396154921453,0.005415152680229885,-0.015162427504643517,FREE,11386266555817.293,18.1867,-0.5,-0.5
