Feature,Importance
bsp3_bi_amp_rate,2.5377562046051025
bsp3_zs_height,1.5291191339492798
rsi,1.4722360372543335
kdj_j,1.4261250495910645
kdj_d,1.3853366374969482
macd_value,1.361696720123291
kdj_k,1.3177108764648438
macd_diff,1.2515594959259033
macd_dea,1.2425892353057861
volume,1.2415924072265625
ppo,1.160390019416809
bsp3_bi_amp,1.1285051107406616
