side,seen_idx,exec_px,qty,fee,reason,ts,pred,th,gate,pnl,entry_px,entry_idx
buy,7331,47.25,2116.4021164021165,0.0,5m BUY signal,2010-03-15 06:40:00,2.054844379425049,1.2999999999999996,FREE,,,
sell,7481,47.34,2116.4021164021165,0.0,5m SELL signal,2010-03-16 08:30:00,0.28267666697502136,-0.5,FREE,190.4761904761977,47.25,7331.0
buy,7502,47.26,2119.984684521291,0.0,5m BUY signal,2010-03-16 10:15:00,2.92171311378479,-0.5,FREE,,,
sell,7508,47.34,2119.984684521291,0.0,5m SELL signal,2010-03-16 10:45:00,0.5143831372261047,-0.5,FREE,169.59877476171474,47.26,7502.0
buy,7544,47.43,2115.9619431844385,0.0,5m BUY signal,2010-03-16 13:45:00,2.576115846633911,-0.5,FREE,,,
sell,7562,47.51,2115.9619431844385,0.0,5m SELL signal,2010-03-16 15:15:00,0.4710419178009033,-0.5,FREE,169.27695545475146,47.43,7544.0
buy,7762,47.68,2108.4176157863394,0.0,5m BUY signal,2010-03-18 09:00:00,2.952453851699829,-0.5,FREE,,,
sell,7810,47.73,2108.4176157863394,0.0,5m SELL signal,2010-03-18 13:00:00,0.7131528854370117,0.6999999999999997,FREE,105.42088078931098,47.68,7762.0
buy,7823,47.79,2105.7705126905626,0.0,5m BUY signal,2010-03-18 14:05:00,2.7210617065429688,-0.5,FREE,,,
sell,7838,47.775,2105.7705126905626,0.0,5m SELL signal,2010-03-18 15:20:00,0.860565185546875,0.6999999999999997,FREE,-31.586557690359637,47.79,7823.0
buy,7863,47.86,2102.0306361009534,0.0,5m BUY signal,2010-03-18 17:40:00,2.6268274784088135,-0.5,FREE,,,
sell,7903,47.85,2102.0306361009534,0.0,ADAPTIVE_FORCE_SELL->first acceptable 5m signal,2010-03-19 08:30:00,1.0722205638885498,0.8499999999999996,FORCE_SELL,-21.020306361005353,47.86,7863.0
buy,8029,47.37,2123.330503217873,0.0,5m BUY signal,2010-03-22 04:15:00,3.1235973834991455,-0.5,FREE,,,
sell,8049,47.35,2123.330503217873,0.0,5m SELL signal,2010-03-22 08:30:00,1.3537119626998901,0.34999999999999987,FREE,-42.466610064349005,47.37,8029.0
buy,8061,47.36,2122.882164851484,0.0,5m BUY signal,2010-03-22 09:30:00,2.7390074729919434,-0.5,FREE,,,
sell,8062,47.4399,2122.882164851484,0.0,5m SELL signal,2010-03-22 09:35:00,0.7968126535415649,0.34999999999999987,FREE,169.618284971638,47.36,8061.0
buy,8085,47.8,2106.889489797865,0.0,5m BUY signal,2010-03-22 11:30:00,2.979743480682373,-0.5,FREE,,,
sell,8103,47.98,2106.889489797865,0.0,5m SELL signal,2010-03-22 13:00:00,1.4874414205551147,0.34999999999999987,FREE,379.24010816361505,47.8,8085.0
buy,8115,47.93,2109.0873715940234,0.0,5m BUY signal,2010-03-22 14:00:00,2.7795932292938232,-0.5,FREE,,,
sell,8121,48.02,2109.0873715940234,0.0,5m SELL signal,2010-03-22 14:30:00,1.6996749639511108,0.34999999999999987,FREE,189.8178634434693,47.93,8115.0
buy,8133,47.99,2110.4058258792456,0.0,5m BUY signal,2010-03-22 15:30:00,2.6551880836486816,-0.5,FREE,,,
sell,8161,47.99,2110.4058258792456,0.0,5m SELL signal,2010-03-22 18:15:00,1.0181798934936523,0.34999999999999987,FREE,0.0,47.99,8133.0
buy,8221,47.79,2119.2378234765642,0.0,5m BUY signal,2010-03-23 11:00:00,1.8093016147613525,1.3499999999999996,FREE,,,
sell,8466,48.19,2119.2378234765642,0.0,ADAPTIVE_FORCE_SELL->first acceptable 5m signal,2010-03-25 04:15:00,0.8678116202354431,0.7999999999999998,FORCE_SELL,847.6951293906227,47.79,8221.0
buy,8684,48.05,2125.4125018384107,0.0,5m BUY signal,2010-03-26 12:20:00,1.8180084228515625,1.6499999999999995,FREE,,,
sell,8760,48.28,2125.4125018384107,0.0,5m SELL signal,2010-03-29 04:55:00,0.7683883309364319,-0.5,FREE,488.8448754228429,48.05,8684.0
buy,9052,48.18,2129.8239018007152,0.0,5m BUY signal,2010-03-31 08:35:00,2.161897659301758,1.7499999999999996,FREE,,,
sell,9061,48.25,2129.8239018007152,0.0,5m SELL signal,2010-03-31 09:20:00,0.8040850758552551,-0.5,FREE,149.08767312605067,48.18,9052.0
buy,9066,48.13,2135.134079823073,0.0,5m BUY signal,2010-03-31 09:45:00,1.9984619617462158,1.7499999999999996,FREE,,,
sell,9074,48.3,2135.134079823073,0.0,5m SELL signal,2010-03-31 10:25:00,0.7825926542282104,-0.5,FREE,362.9727935699109,48.13,9066.0
buy,9085,48.32,2134.2503322734774,0.0,5m BUY signal,2010-03-31 11:20:00,1.7787038087844849,1.7499999999999996,FREE,,,
sell,9090,48.41,2134.2503322734774,0.0,5m SELL signal,2010-03-31 11:45:00,1.381286859512329,-0.5,FREE,192.08252990460508,48.32,9085.0
buy,9127,48.23,2142.215604092039,0.0,5m BUY signal,2010-03-31 14:50:00,1.8044673204421997,1.7499999999999996,FREE,,,
sell,9198,48.36,2142.215604092039,0.0,5m SELL signal,2010-04-01 08:30:00,1.3250985145568848,0.6499999999999997,FREE,278.48802853197054,48.23,9127.0
buy,9220,48.5005,2136.0098682259154,0.0,5m BUY signal,2010-04-01 10:20:00,1.6032168865203857,-0.5,FREE,,,
sell,9276,47.99,2136.0098682259154,0.0,5m SELL signal,2010-04-01 15:00:00,1.1744080781936646,0.6499999999999997,FREE,-1090.4330377293306,48.5005,9220.0
buy,9568,48.7675,2101.9554739562554,0.0,ADAPTIVE_FORCE_BUY->first acceptable 5m signal,2010-04-06 15:30:00,0.9405469298362732,0.7999999999999998,FORCE_BUY,,,
sell,13039,47.52,2101.9554739562554,0.0,5m SELL signal,2010-05-10 04:15:00,0.962235689163208,-0.5,FREE,-2622.1894537604185,48.7675,9568.0
buy,13091,47.3,2111.7320110444243,0.0,5m BUY signal,2010-05-10 09:20:00,2.571556568145752,2.499999999999999,FREE,,,
sell,13122,47.76,2111.7320110444243,0.0,5m SELL signal,2010-05-10 11:55:00,0.826357901096344,-0.5,FREE,971.396725080437,47.3,13091.0
buy,13137,47.3701,2129.1135304228133,0.0,5m BUY signal,2010-05-10 13:10:00,2.6438136100769043,2.499999999999999,FREE,,,
sell,13170,47.76,2129.1135304228133,0.0,5m SELL signal,2010-05-10 15:55:00,0.8118093013763428,-0.5,FREE,830.141365511849,47.3701,13137.0
buy,13217,47.34,2148.003004076754,0.0,5m BUY signal,2010-05-11 04:15:00,1.4177908897399902,1.1999999999999997,FREE,,,
sell,13248,47.33,2148.003004076754,0.0,5m SELL signal,2010-05-11 08:25:00,5.251952648162842,-0.5,FREE,-21.48003004077853,47.34,13217.0
buy,13261,47.35,2147.0957166410303,0.0,5m BUY signal,2010-05-11 09:30:00,1.6608692407608032,1.1999999999999997,FREE,,,
sell,13265,47.59,2147.0957166410303,0.0,5m SELL signal,2010-05-11 09:50:00,5.357409954071045,-0.5,FREE,515.3029719938515,47.35,13261.0
buy,13318,48.09,2124.7719932407285,0.0,5m BUY signal,2010-05-11 14:15:00,1.24472177028656,1.1999999999999997,FREE,,,
sell,13382,47.77,2124.7719932407285,0.0,5m SELL signal,2010-05-11 19:55:00,5.142726421356201,-0.5,FREE,-679.9270378370337,48.09,13318.0
buy,13691,47.65,2130.1229405479457,0.0,5m BUY signal,2010-05-14 05:05:00,1.7058809995651245,1.4999999999999996,FREE,,,
sell,13791,46.65,2130.1229405479457,0.0,5m SELL signal,2010-05-14 14:50:00,4.923374652862549,-0.5,FREE,-2130.1229405479457,47.65,13691.0
buy,13796,46.58,2133.3240699133034,0.0,5m BUY signal,2010-05-14 15:15:00,1.564111351966858,1.4999999999999996,FREE,,,
sell,13803,46.97,2133.3240699133034,0.0,5m SELL signal,2010-05-14 15:50:00,5.4896745681762695,-0.5,FREE,831.9963872661896,46.58,13796.0
buy,13847,46.88,2137.4196152693657,0.0,5m BUY signal,2010-05-14 19:40:00,1.5347621440887451,1.4999999999999996,FREE,,,
sell,13852,47.08,2137.4196152693657,0.0,5m SELL signal,2010-05-17 05:10:00,5.223809719085693,-0.5,FREE,427.48392305386403,46.88,13847.0
buy,14062,46.61,2158.9726558009384,0.0,5m BUY signal,2010-05-18 12:00:00,2.9157302379608154,2.499999999999999,FREE,,,
sell,14069,46.86,2158.9726558009384,0.0,5m SELL signal,2010-05-18 12:35:00,5.366429328918457,-0.5,FREE,539.7431639502346,46.61,14062.0
buy,14085,46.48,2176.623464949053,0.0,5m BUY signal,2010-05-18 13:55:00,2.621676206588745,2.499999999999999,FREE,,,
sell,14100,46.58,2176.623464949053,0.0,5m SELL signal,2010-05-18 15:10:00,6.215970516204834,-0.5,FREE,217.66234649490838,46.48,14085.0
buy,14150,46.22,2193.5768281550604,0.0,5m BUY signal,2010-05-18 19:25:00,2.554237127304077,2.499999999999999,FREE,,,
sell,14168,46.14,2193.5768281550604,0.0,5m SELL signal,2010-05-19 07:00:00,6.060813903808594,-0.5,FREE,-175.48614625240108,46.22,14150.0
buy,14175,46.1,2195.480148613329,0.0,5m BUY signal,2010-05-19 07:35:00,2.7859785556793213,2.4499999999999993,FREE,,,
sell,14184,46.31,2195.480148613329,0.0,5m SELL signal,2010-05-19 08:20:00,4.626784324645996,-0.5,FREE,461.050831208801,46.1,14175.0
buy,14206,46.055,2207.636210667317,0.0,5m BUY signal,2010-05-19 10:10:00,2.8319649696350098,2.4499999999999993,FREE,,,
sell,14233,45.99,2207.636210667317,0.0,5m SELL signal,2010-05-19 12:25:00,7.101602554321289,-0.5,FREE,-143.49635369337057,46.055,14206.0
buy,14316,45.62,2225.5411952781656,0.0,5m BUY signal,2010-05-20 06:35:00,3.354315996170044,2.2999999999999994,FREE,,,
sell,14365,44.84,2225.5411952781656,0.0,5m SELL signal,2010-05-20 10:50:00,5.298707962036133,-0.5,FREE,-1735.9221323169559,45.62,14316.0
buy,14378,44.81,2227.0311804568832,0.0,5m BUY signal,2010-05-20 11:55:00,3.4107487201690674,2.2999999999999994,FREE,,,
sell,14410,45.1,2227.0311804568832,0.0,5m SELL signal,2010-05-20 14:35:00,5.155983924865723,-0.5,FREE,645.8390423324943,44.81,14378.0
buy,14422,44.86,2238.945747628298,0.0,5m BUY signal,2010-05-20 15:35:00,3.337644338607788,2.2999999999999994,FREE,,,
sell,14477,44.57,2238.945747628298,0.0,5m SELL signal,2010-05-21 04:30:00,4.850493431091309,-0.5,FREE,-649.2942668122045,44.86,14422.0
buy,14485,44.16,2259.733060955463,0.0,5m BUY signal,2010-05-21 06:35:00,3.929741382598877,-0.5,FREE,,,
sell,14540,44.73,2259.733060955463,0.0,5m SELL signal,2010-05-21 11:15:00,5.3849711418151855,-0.5,FREE,1288.0478447446144,44.16,14485.0
buy,14565,44.68,2262.261858024571,0.0,5m BUY signal,2010-05-21 13:20:00,3.176736831665039,-0.5,FREE,,,
sell,14594,44.55,2262.261858024571,0.0,5m SELL signal,2010-05-21 15:45:00,6.241250991821289,-0.5,FREE,-294.09404154320003,44.68,14565.0
buy,14598,44.81,2249.135589711998,0.0,5m BUY signal,2010-05-21 16:05:00,2.9161980152130127,-0.5,FREE,,,
sell,14678,45.04,2249.135589711998,0.0,5m SELL signal,2010-05-24 09:35:00,8.988411903381348,-0.5,FREE,517.3011856337525,44.81,14598.0
buy,14698,45.0,2251.1348213472975,0.0,5m BUY signal,2010-05-24 11:15:00,3.5151290893554688,-0.5,FREE,,,
sell,14708,45.24,2251.1348213472975,0.0,5m SELL signal,2010-05-24 12:05:00,5.02481746673584,-0.5,FREE,540.2723571233558,45.0,14698.0
buy,14743,45.0413,2261.0657178578713,0.0,5m BUY signal,2010-05-24 15:00:00,3.5034852027893066,-0.5,FREE,,,
sell,14914,44.2,2261.0657178578713,0.0,5m SELL signal,2010-05-25 14:40:00,8.794127464294434,-0.5,FREE,-1902.23458843382,45.0413,14743.0
buy,14984,44.87,2227.3034261047005,0.0,5m BUY signal,2010-05-26 06:15:00,2.3638882637023926,2.2999999999999994,FREE,,,
sell,14994,45.09,2227.3034261047005,0.0,5m SELL signal,2010-05-26 07:20:00,6.161952972412109,-0.5,FREE,490.0067537430474,44.87,14984.0
buy,15020,45.17,2223.358677951316,0.0,5m BUY signal,2010-05-26 09:30:00,2.3021202087402344,2.2999999999999994,FREE,,,
sell,15025,45.3801,2223.358677951316,0.0,5m SELL signal,2010-05-26 09:55:00,8.840003967285156,-0.5,FREE,467.127658237565,45.17,15020.0
buy,15058,45.02,2241.1425842136496,0.0,5m BUY signal,2010-05-26 12:40:00,2.391677141189575,2.2999999999999994,FREE,,,
sell,15069,45.19,2241.1425842136496,0.0,5m SELL signal,2010-05-26 13:35:00,6.29265832901001,-0.5,FREE,380.9942393163083,45.02,15058.0
buy,15077,45.055,2247.85780447486,0.0,5m BUY signal,2010-05-26 14:15:00,2.4951419830322266,2.2999999999999994,FREE,,,
sell,15140,44.93,2247.85780447486,0.0,5m SELL signal,2010-05-26 19:55:00,8.667984962463379,-0.5,FREE,-280.9822255593575,45.055,15077.0
buy,15460,45.11,2238.8882987154834,0.0,5m BUY signal,2010-06-01 04:25:00,2.430964231491089,2.2999999999999994,FREE,,,
sell,15468,45.15,2238.8882987154834,0.0,5m SELL signal,2010-06-01 07:05:00,6.662819862365723,-0.5,FREE,89.55553194861743,45.11,15460.0
buy,15566,45.61,2216.307973843545,0.0,5m BUY signal,2010-06-01 15:15:00,2.439117431640625,2.2999999999999994,FREE,,,
sell,15726,46.15,2216.307973843545,0.0,ADAPTIVE_FORCE_SELL->first acceptable 5m signal,2010-06-02 15:25:00,7.226765155792236,-0.5,FORCE_SELL,1196.8063058755124,45.61,15566.0
buy,17501,47.0,2176.2258083591405,0.0,5m BUY signal,2010-06-18 07:05:00,1.1205207109451294,-0.5,FREE,,,
sell,17523,47.06,2176.2258083591405,0.0,5m SELL signal,2010-06-18 09:20:00,7.222447872161865,-0.5,FREE,130.57354850155338,47.0,17501.0
buy,17551,47.07,2175.7634701801817,0.0,5m BUY signal,2010-06-18 11:40:00,1.491410255432129,-0.5,FREE,,,
sell,17574,47.0475,2175.7634701801817,0.0,5m SELL signal,2010-06-18 13:35:00,8.230602264404297,-0.5,FREE,-48.954678079055945,47.07,17551.0
buy,17670,47.48,2155.9442262700527,0.0,5m BUY signal,2010-06-21 08:20:00,1.4941917657852173,1.4499999999999995,FREE,,,
sell,17680,47.58,2155.9442262700527,0.0,5m SELL signal,2010-06-21 09:10:00,6.954370975494385,-0.5,FREE,215.59442262700833,47.48,17670.0
buy,17702,47.32,2167.790073667141,0.0,5m BUY signal,2010-06-21 11:00:00,1.4615131616592407,1.4499999999999995,FREE,,,
sell,17833,46.76,2167.790073667141,0.0,ADAPTIVE_FORCE_SELL->first acceptable 5m signal,2010-06-22 08:55:00,3.1478934288024902,-0.5,FORCE_SELL,-1213.9624412536039,47.32,17702.0
buy,21561,46.62,2174.2999537682435,0.0,5m BUY signal,2010-07-27 07:45:00,0.9757153987884521,-0.5,FREE,,,
sell,21571,46.72,2174.2999537682435,0.0,5m SELL signal,2010-07-27 08:35:00,3.358617067337036,2.4499999999999993,FREE,217.42999537682743,46.62,21561.0
buy,21632,46.23,2197.345746053479,0.0,5m BUY signal,2010-07-27 13:40:00,1.2474546432495117,-0.5,FREE,,,
sell,21652,46.51,2197.345746053479,0.0,5m SELL signal,2010-07-27 15:20:00,2.8983914852142334,2.4499999999999993,FREE,615.2568088949766,46.23,21632.0
buy,21714,46.36,2204.4553634371723,0.0,5m BUY signal,2010-07-28 08:30:00,1.471278190612793,-0.5,FREE,,,
sell,21723,46.41,2204.4553634371723,0.0,5m SELL signal,2010-07-28 09:15:00,2.7792627811431885,2.0999999999999996,FREE,110.22276817185235,46.36,21714.0
buy,21733,46.36,2206.8329037342355,0.0,5m BUY signal,2010-07-28 10:05:00,1.7117156982421875,-0.5,FREE,,,
sell,21751,46.29,2206.8329037342355,0.0,5m SELL signal,2010-07-28 11:35:00,2.647117853164673,2.0999999999999996,FREE,-154.47830326139712,46.36,21733.0
buy,21765,46.21,2210.653432457428,0.0,5m BUY signal,2010-07-28 12:45:00,1.1314858198165894,-0.5,FREE,,,
sell,21832,45.98,2210.653432457428,0.0,5m SELL signal,2010-07-28 19:30:00,4.628667831420898,2.0999999999999996,FREE,-508.4502894652173,46.21,21765.0
buy,21853,46.14,2202.987534122075,0.0,5m BUY signal,2010-07-29 08:20:00,0.9878482222557068,-0.5,FREE,,,
sell,21855,46.18,2202.987534122075,0.0,5m SELL signal,2010-07-29 08:30:00,2.8107829093933105,-0.5,FREE,88.11950136488112,46.14,21853.0
buy,21873,46.07,2208.2475434286393,0.0,5m BUY signal,2010-07-29 10:00:00,1.0871973037719727,-0.5,FREE,,,
sell,21908,45.47,2208.2475434286393,0.0,5m SELL signal,2010-07-29 12:55:00,4.34397029876709,-0.5,FREE,-1324.9485260571867,46.07,21873.0
buy,21942,45.79,2192.8153701616125,0.0,5m BUY signal,2010-07-29 15:45:00,1.2769547700881958,-0.5,FREE,,,
sell,21947,45.7,2192.8153701616125,0.0,5m SELL signal,2010-07-29 16:10:00,2.2603485584259033,-0.5,FREE,-197.353383314537,45.79,21942.0
buy,21963,45.65,2195.217139460804,0.0,5m BUY signal,2010-07-29 17:35:00,1.5555152893066406,-0.5,FREE,,,
sell,22016,45.54,2195.217139460804,0.0,ADAPTIVE_FORCE_SELL->first acceptable 5m signal,2010-07-30 10:00:00,5.093615531921387,-0.5,FORCE_SELL,-241.4738853406872,45.65,21963.0
buy,24407,44.94,2224.5257795070097,0.0,5m BUY signal,2010-08-23 10:10:00,3.121696710586548,-0.5,FREE,,,
sell,24525,44.2,2224.5257795070097,0.0,ADAPTIVE_FORCE_SELL->first acceptable 5m signal,2010-08-24 06:35:00,1.1647197008132935,-0.5,FORCE_SELL,-1646.1490768351757,44.94,24407.0
buy,25116,43.98,2235.653466444062,0.0,5m BUY signal,2010-08-30 07:10:00,4.559946537017822,-0.5,FREE,,,
sell,25147,44.175,2235.653466444062,0.0,5m SELL signal,2010-08-30 09:45:00,0.6084790229797363,0.5999999999999996,FREE,435.9524259565927,43.98,25116.0
buy,25155,44.02,2243.525485692104,0.0,5m BUY signal,2010-08-30 10:25:00,4.146488189697266,-0.5,FREE,,,
sell,25410,43.93,2243.525485692104,0.0,ADAPTIVE_FORCE_SELL->first acceptable 5m signal,2010-09-01 05:10:00,2.426185131072998,-0.5,FORCE_SELL,-201.91729371229704,44.02,25155.0
buy,25606,44.79,2200.448193490827,0.0,5m BUY signal,2010-09-02 09:40:00,1.847488522529602,1.5499999999999994,FREE,,,
sell,25618,45.02,2200.448193490827,0.0,5m SELL signal,2010-09-02 10:40:00,3.5718564987182617,2.499999999999999,FREE,506.103084502899,44.79,25606.0
buy,25731,45.19,2192.170340140674,0.0,5m BUY signal,2010-09-03 07:50:00,1.4968976974487305,1.1499999999999997,FREE,,,
sell,25739,45.7,2192.170340140674,0.0,5m SELL signal,2010-09-03 08:30:00,4.2344279289245605,-0.5,FREE,1118.006873471755,45.19,25731.0
buy,25975,45.69,2192.6501322921604,0.0,5m BUY signal,2010-09-07 15:00:00,1.6995635032653809,1.1499999999999997,FREE,,,
sell,25982,45.75,2192.6501322921604,0.0,5m SELL signal,2010-09-07 15:35:00,3.2571909427642822,-0.5,FREE,131.5590079375346,45.69,25975.0
buy,25985,45.63,2198.4164705756375,0.0,5m BUY signal,2010-09-07 15:50:00,1.7647905349731445,1.1499999999999997,FREE,,,
sell,26036,45.94,2198.4164705756375,0.0,5m SELL signal,2010-09-08 08:25:00,3.8297739028930664,-0.5,FREE,681.509105878437,45.63,25985.0
buy,26041,45.83,2203.6930538565302,0.0,5m BUY signal,2010-09-08 08:50:00,1.842111349105835,1.1499999999999997,FREE,,,
sell,26051,46.05,2203.6930538565302,0.0,5m SELL signal,2010-09-08 09:40:00,3.77884840965271,-0.5,FREE,484.81247184843414,45.83,26041.0
buy,26127,46.2742,2193.016089529224,0.0,5m BUY signal,2010-09-08 16:00:00,1.8447779417037964,1.1499999999999997,FREE,,,
sell,26158,46.38,2193.016089529224,0.0,5m SELL signal,2010-09-09 07:00:00,4.360424041748047,-0.5,FREE,232.02110227219652,46.2742,26127.0
buy,26198,46.5,2187.3566931691485,0.0,5m BUY signal,2010-09-09 10:30:00,1.626076579093933,1.1499999999999997,FREE,,,
sell,26431,46.97,2187.3566931691485,0.0,5m SELL signal,2010-09-13 04:00:00,5.232056617736816,-0.5,FREE,1028.0576457894972,46.5,26198.0
buy,26441,46.93,2189.2210500352635,0.0,5m BUY signal,2010-09-13 07:15:00,1.3396943807601929,1.1999999999999997,FREE,,,
sell,26465,46.93,2189.2210500352635,0.0,5m SELL signal,2010-09-13 09:20:00,4.927141189575195,-0.5,FREE,0.0,46.93,26441.0
buy,26692,47.42,2166.5994069623557,0.0,5m BUY signal,2010-09-14 16:15:00,2.102321147918701,2.0499999999999994,FREE,,,
sell,26725,47.52,2166.5994069623557,0.0,5m SELL signal,2010-09-15 04:00:00,4.473381519317627,-0.5,FREE,216.65994069623866,47.42,26692.0
buy,26731,47.34,2174.837427521148,0.0,5m BUY signal,2010-09-15 07:05:00,2.5964317321777344,2.2999999999999994,FREE,,,
sell,26752,47.29,2174.837427521148,0.0,5m SELL signal,2010-09-15 09:20:00,3.870114803314209,-0.5,FREE,-108.74187137606668,47.34,26731.0
buy,26814,47.57,2162.036198181104,0.0,5m BUY signal,2010-09-15 14:30:00,2.43392276763916,2.2999999999999994,FREE,,,
sell,26824,47.72,2162.036198181104,0.0,5m SELL signal,2010-09-15 15:20:00,4.454554557800293,-0.5,FREE,324.3054297271625,47.57,26814.0
buy,26893,47.62,2166.57638339358,0.0,5m BUY signal,2010-09-16 09:45:00,2.3106863498687744,2.1999999999999993,FREE,,,
sell,26928,47.6605,2166.57638339358,0.0,5m SELL signal,2010-09-16 12:40:00,4.782677173614502,-0.5,FREE,87.7463435274433,47.62,26893.0
buy,27017,48.14,2144.996130468004,0.0,5m BUY signal,2010-09-17 06:50:00,2.2635443210601807,2.1999999999999993,FREE,,,
sell,27038,48.14,2144.996130468004,0.0,5m SELL signal,2010-09-17 08:35:00,4.340571403503418,-0.5,FREE,0.0,48.14,27017.0
buy,27072,47.93,2154.3941940481895,0.0,5m BUY signal,2010-09-17 11:25:00,2.593069076538086,2.1999999999999993,FREE,,,
sell,27078,47.95,2154.3941940481895,0.0,5m SELL signal,2010-09-17 11:55:00,4.5362372398376465,-0.5,FREE,43.08788388097052,47.93,27072.0
buy,27093,47.931,2155.2482027208007,0.0,5m BUY signal,2010-09-17 13:10:00,2.2163867950439453,2.1999999999999993,FREE,,,
sell,27101,47.9805,2155.2482027208007,0.0,5m SELL signal,2010-09-17 13:50:00,4.498340129852295,-0.5,FREE,106.68478603468368,47.931,27093.0
buy,27195,48.16,2147.2152489751948,0.0,5m BUY signal,2010-09-20 08:40:00,2.0500848293304443,1.9999999999999996,FREE,,,
sell,27210,48.26,2147.2152489751948,0.0,5m SELL signal,2010-09-20 09:55:00,4.3107123374938965,-0.5,FREE,214.72152489752253,48.16,27195.0
buy,27338,48.69,2128.2523704157506,0.0,5m BUY signal,2010-09-21 08:25:00,3.289832353591919,1.9999999999999996,FREE,,,
sell,27339,48.82,2128.2523704157506,0.0,5m SELL signal,2010-09-21 08:30:00,1.207709789276123,-0.5,FREE,276.67280815405303,48.69,27338.0
buy,27408,48.94,2123.033933872026,0.0,5m BUY signal,2010-09-21 14:15:00,3.6369035243988037,1.9999999999999996,FREE,,,
sell,27493,48.68,2123.033933872026,0.0,5m SELL signal,2010-09-22 08:15:00,1.3302345275878906,1.2999999999999996,FREE,-551.9888228067225,48.94,27408.0
buy,27502,48.57,2127.84212272782,0.0,5m BUY signal,2010-09-22 09:00:00,2.7998366355895996,-0.5,FREE,,,
sell,27740,48.7,2127.84212272782,0.0,5m SELL signal,2010-09-23 16:30:00,1.1578572988510132,1.1499999999999997,FREE,276.61947595462203,48.57,27502.0
buy,27767,48.67,2129.1537163929493,0.0,5m BUY signal,2010-09-23 19:15:00,3.6378495693206787,-0.5,FREE,,,
sell,27799,49.0,2129.1537163929493,0.0,5m SELL signal,2010-09-24 08:00:00,0.9265440702438354,-0.5,FREE,702.6207264096696,48.67,27767.0
buy,27869,49.57,2104.6708110400346,0.0,5m BUY signal,2010-09-24 13:50:00,2.9794936180114746,-0.5,FREE,,,
sell,27891,49.61,2104.6708110400346,0.0,5m SELL signal,2010-09-24 15:40:00,0.7148142457008362,-0.5,FREE,84.18683244159959,49.57,27869.0
buy,27982,49.44,2111.907745463109,0.0,5m BUY signal,2010-09-27 11:15:00,3.1484122276306152,-0.5,FREE,,,
sell,28102,49.54,2111.907745463109,0.0,5m SELL signal,2010-09-28 08:40:00,1.0171629190444946,0.9999999999999996,FREE,211.19077454631392,49.44,27982.0
buy,28112,49.35,2120.03869726935,0.0,5m BUY signal,2010-09-28 09:30:00,2.119314193725586,2.0999999999999996,FREE,,,
sell,28124,49.01,2120.03869726935,0.0,5m SELL signal,2010-09-28 10:30:00,1.5240840911865234,0.9999999999999996,FREE,-720.8131570715863,49.35,28112.0
buy,28175,49.225,2110.779005651007,0.0,5m BUY signal,2010-09-28 14:45:00,2.1276845932006836,2.0999999999999996,FREE,,,
sell,28185,49.44,2110.779005651007,0.0,5m SELL signal,2010-09-28 15:35:00,1.4948021173477173,0.9999999999999996,FREE,453.8174862149587,49.225,28175.0
buy,28405,49.21,2120.644463307982,0.0,5m BUY signal,2010-09-30 11:00:00,2.4690985679626465,2.2999999999999994,FREE,,,
sell,28424,48.96,2120.644463307982,0.0,5m SELL signal,2010-09-30 12:35:00,1.5946992635726929,1.1499999999999997,FREE,-530.1611158269955,49.21,28405.0
buy,28554,48.85,2125.419711843578,0.0,5m BUY signal,2010-10-01 10:35:00,2.2604355812072754,2.2499999999999996,FREE,,,
sell,28566,48.98,2125.419711843578,0.0,5m SELL signal,2010-10-01 11:35:00,1.1838551759719849,-0.5,FREE,276.3045625396555,48.85,28554.0
buy,28617,49.01,2124.118699981605,0.0,5m BUY signal,2010-10-01 15:50:00,2.2804274559020996,2.2499999999999996,FREE,,,
sell,28609,49.1,2124.118699981605,0.0,5m SELL signal,2010-10-01 15:10:00,0.9336541891098022,-0.5,FREE,191.1706829983517,49.01,28617.0
buy,28619,49.02,2127.585233967703,0.0,5m BUY signal,2010-10-01 16:00:00,2.266347885131836,2.2499999999999996,FREE,,,
sell,28684,49.04,2127.585233967703,0.0,5m SELL signal,2010-10-04 09:40:00,1.5748170614242554,1.4999999999999996,FREE,42.5517046793456,49.02,28619.0
buy,29034,48.97,2130.626503446522,0.0,5m BUY signal,2010-10-06 13:15:00,2.1285970211029053,2.0499999999999994,FREE,,,
sell,29121,49.43,2130.626503446522,0.0,5m SELL signal,2010-10-07 08:45:00,2.3422799110412598,-0.5,FREE,980.0881915854019,48.97,29034.0
buy,29279,49.13,2143.636638822747,0.0,5m BUY signal,2010-10-08 10:25:00,1.546157717704773,1.4499999999999995,FREE,,,
sell,29290,49.6,2143.636638822747,0.0,5m SELL signal,2010-10-08 11:20:00,2.192648410797119,2.1499999999999995,FREE,1007.5092202466886,49.13,29279.0
buy,30030,50.715,2096.50748862483,0.0,5m BUY signal,2010-10-15 10:15:00,0.5261222124099731,0.4999999999999998,FREE,,,
sell,30041,50.98,2096.50748862483,0.0,5m SELL signal,2010-10-15 11:10:00,2.340198278427124,-0.5,FREE,555.5744844855662,50.715,30030.0
buy,30332,50.76,2105.5940065030304,0.0,5m BUY signal,2010-10-19 09:00:00,2.965090274810791,0.34999999999999987,FREE,,,
sell,30347,51.03,2105.5940065030304,0.0,5m SELL signal,2010-10-19 10:15:00,3.7594542503356934,1.8999999999999995,FREE,568.5103817558248,50.76,30332.0
buy,30357,50.93,2109.728296718037,0.0,5m BUY signal,2010-10-19 11:05:00,3.183474540710449,0.34999999999999987,FREE,,,
sell,30364,51.1,2109.728296718037,0.0,5m SELL signal,2010-10-19 11:40:00,3.719998836517334,1.8999999999999995,FREE,358.6538104420699,50.93,30357.0
buy,30373,51.12,2108.9028944110273,0.0,5m BUY signal,2010-10-19 12:25:00,2.8120081424713135,0.34999999999999987,FREE,,,
sell,30415,50.83,2108.9028944110273,0.0,5m SELL signal,2010-10-19 15:55:00,3.706660270690918,1.8999999999999995,FREE,-611.5818393791961,51.12,30373.0
buy,30445,50.74,2112.6435578027695,0.0,5m BUY signal,2010-10-19 19:05:00,2.952726364135742,0.34999999999999987,FREE,,,
sell,30458,51.07,2112.6435578027695,0.0,5m SELL signal,2010-10-20 06:50:00,1.9669625759124756,-0.5,FREE,697.1723740749103,50.74,30445.0
buy,30476,50.99,2115.958158403362,0.0,5m BUY signal,2010-10-20 08:25:00,2.8987929821014404,-0.5,FREE,,,
sell,30609,51.5,2115.958158403362,0.0,5m SELL signal,2010-10-21 06:30:00,1.5507934093475342,1.1499999999999997,FREE,1079.1386607857105,50.99,30476.0
buy,30627,51.56,2113.4958331608445,0.0,5m BUY signal,2010-10-21 08:15:00,2.6879849433898926,-0.5,FREE,,,
sell,30649,51.65,2113.4958331608445,0.0,5m SELL signal,2010-10-21 10:05:00,1.4438297748565674,1.1499999999999997,FREE,190.2146249844682,51.56,30627.0
buy,30665,51.51,2119.2401433266864,0.0,5m BUY signal,2010-10-21 11:25:00,3.2493081092834473,-0.5,FREE,,,
sell,30704,51.05,2119.2401433266864,0.0,5m SELL signal,2010-10-21 14:40:00,1.7844135761260986,1.1499999999999997,FREE,-974.8504659302776,51.51,30665.0
buy,31012,51.81,2088.153046068854,0.0,5m BUY signal,2010-10-25 16:00:00,3.102933168411255,-0.5,FREE,,,
sell,31082,51.68,2088.153046068854,0.0,5m SELL signal,2010-10-26 10:00:00,2.9936490058898926,1.4999999999999996,FREE,-271.45989598895636,51.81,31012.0
buy,31128,51.9709,2076.464895178617,0.0,5m BUY signal,2010-10-26 13:50:00,1.8202931880950928,-0.5,FREE,,,
sell,31138,52.02,2076.464895178617,0.0,5m SELL signal,2010-10-26 14:40:00,1.9584591388702393,1.4999999999999996,FREE,101.95442635327593,51.9709,31128.0
buy,31151,52.01,2076.864138573191,0.0,5m BUY signal,2010-10-26 15:45:00,2.125515937805176,-0.5,FREE,,,
sell,31158,52.07,2076.864138573191,0.0,5m SELL signal,2010-10-26 16:20:00,1.9371223449707031,1.4999999999999996,FREE,124.6118483143962,52.01,31151.0
buy,31209,51.81,2087.286541121522,0.0,5m BUY signal,2010-10-27 07:55:00,2.373063325881958,-0.5,FREE,,,
sell,31253,51.83,2087.286541121522,0.0,5m SELL signal,2010-10-27 11:35:00,2.3941879272460938,2.2499999999999996,FREE,41.74573082242214,51.81,31209.0
buy,31408,51.95,2082.4650900159477,0.0,ADAPTIVE_FORCE_BUY->first acceptable 5m signal,2010-10-28 12:00:00,2.5359885692596436,1.9499999999999993,FORCE_BUY,,,
sell,31529,52.29,2082.4650900159477,0.0,5m SELL signal,2010-10-29 09:25:00,2.143463134765625,2.0499999999999994,FREE,708.0381306054145,51.95,31408.0
buy,31545,52.24,2084.4582610439106,0.0,5m BUY signal,2010-10-29 10:45:00,2.234008550643921,-0.5,FREE,,,
sell,31563,52.35,2084.4582610439106,0.0,5m SELL signal,2010-10-29 12:15:00,2.4088239669799805,2.0499999999999994,FREE,229.29040871482897,52.24,31545.0
buy,31573,52.3,2086.451050968427,0.0,5m BUY signal,2010-10-29 13:05:00,2.059492826461792,-0.5,FREE,,,
sell,32880,53.02,2086.451050968427,0.0,5m SELL signal,2010-11-11 08:20:00,1.198813557624817,0.3999999999999998,FREE,1502.2447566972799,52.3,31573.0
buy,32894,52.77,2096.33569684188,0.0,5m BUY signal,2010-11-11 09:30:00,2.586167097091675,2.1999999999999993,FREE,,,
sell,32901,53.1058,2096.33569684188,0.0,5m SELL signal,2010-11-11 10:05:00,0.9208005666732788,0.3999999999999998,FREE,703.9495269995011,52.77,32894.0
buy,33012,52.88,2105.2871454112233,0.0,5m BUY signal,2010-11-12 04:00:00,2.8404250144958496,2.0999999999999996,FREE,,,
sell,33177,52.71,2105.2871454112233,0.0,5m SELL signal,2010-11-15 06:50:00,1.5495563745498657,0.5999999999999996,FREE,-357.89881471991157,52.88,33012.0
buy,33208,52.71,2105.2871454112233,0.0,5m BUY signal,2010-11-15 09:30:00,2.2734384536743164,2.0499999999999994,FREE,,,
sell,33248,52.65,2105.2871454112233,0.0,5m SELL signal,2010-11-15 12:50:00,0.684130072593689,0.5999999999999996,FREE,-126.31722872467819,52.71,33208.0
buy,33265,52.57,2108.490930300569,0.0,5m BUY signal,2010-11-15 14:15:00,2.344736099243164,2.0499999999999994,FREE,,,
sell,33337,51.93,2108.490930300569,0.0,5m SELL signal,2010-11-16 07:10:00,2.2219228744506836,2.0499999999999994,FREE,-1349.4341953923652,52.57,33265.0
buy,33376,51.8799,2110.527082945583,0.0,5m BUY signal,2010-11-16 10:30:00,2.455595016479492,2.349999999999999,FREE,,,
sell,33411,51.5901,2110.527082945583,0.0,5m SELL signal,2010-11-16 13:25:00,2.958631753921509,2.0499999999999994,FREE,-611.6307486376292,51.8799,33376.0
buy,33585,51.67,2107.2634654900507,0.0,5m BUY signal,2010-11-17 15:00:00,2.534167766571045,2.499999999999999,FREE,,,
sell,33595,51.65,2107.2634654900507,0.0,5m SELL signal,2010-11-17 15:50:00,2.6161391735076904,2.0499999999999994,FREE,-42.1452693098076,51.67,33585.0
buy,33720,52.67,2066.454490080902,0.0,5m BUY signal,2010-11-18 13:05:00,1.9316800832748413,-0.5,FREE,,,
sell,33760,52.53,2066.454490080902,0.0,5m SELL signal,2010-11-18 16:25:00,2.194777250289917,1.5999999999999996,FREE,-289.30362861132744,52.67,33720.0
buy,33838,52.19,2079.916734315957,0.0,ADAPTIVE_FORCE_BUY->first acceptable 5m signal,2010-11-19 09:50:00,2.1909377574920654,2.0499999999999994,FORCE_BUY,,,
sell,34148,52.24,2079.916734315957,0.0,5m SELL signal,2010-11-23 10:40:00,3.0011963844299316,-0.5,FREE,103.99583671580672,52.19,33838.0
buy,34154,51.981,2090.280106205452,0.0,5m BUY signal,2010-11-23 11:10:00,2.6072444915771484,1.5999999999999996,FREE,,,
sell,34201,52.02,2090.280106205452,0.0,5m SELL signal,2010-11-23 15:05:00,2.425445318222046,-0.5,FREE,81.52092414201572,51.981,34154.0
buy,34207,51.98,2091.888632643471,0.0,5m BUY signal,2010-11-23 15:35:00,1.8639464378356934,1.5999999999999996,FREE,,,
sell,34237,52.17,2091.888632643471,0.0,5m SELL signal,2010-11-23 18:45:00,2.891037940979004,-0.5,FREE,397.4588402022696,51.98,34207.0
buy,34250,52.2,2090.686397797124,0.0,5m BUY signal,2010-11-24 04:05:00,1.8485119342803955,1.6999999999999993,FREE,,,
sell,34265,52.27,2090.686397797124,0.0,5m SELL signal,2010-11-24 08:00:00,3.015254020690918,-0.5,FREE,146.34804784579927,52.2,34250.0
buy,34396,52.79,2070.092404107893,0.0,5m BUY signal,2010-11-26 04:00:00,1.6521718502044678,1.4999999999999996,FREE,,,
sell,34409,52.6,2070.092404107893,0.0,5m SELL signal,2010-11-26 07:35:00,3.622011423110962,-0.5,FREE,-393.31755678049495,52.79,34396.0
buy,34557,52.27,2083.161669333751,0.0,5m BUY signal,2010-11-29 09:55:00,2.0024378299713135,1.7499999999999996,FREE,,,
sell,34618,52.74,2083.161669333751,0.0,5m SELL signal,2010-11-29 15:00:00,4.505260467529297,-0.5,FREE,979.0859845868606,52.27,34557.0
buy,34690,52.33,2099.483020077623,0.0,5m BUY signal,2010-11-30 07:55:00,2.0117833614349365,1.7499999999999996,FREE,,,
sell,34719,52.36,2099.483020077623,0.0,5m SELL signal,2010-11-30 10:20:00,2.2121379375457764,-0.5,FREE,62.984490602331086,52.33,34690.0
buy,34728,52.2,2105.9182170740296,0.0,5m BUY signal,2010-11-30 11:05:00,1.940502643585205,1.7499999999999996,FREE,,,
sell,37397,54.85,2105.9182170740296,0.0,5m SELL signal,2010-12-28 06:40:00,0.8573544025421143,0.7999999999999998,FREE,5580.683275246175,52.2,34728.0
buy,37424,54.83,2106.686379837872,0.0,5m BUY signal,2010-12-28 09:30:00,1.3182859420776367,1.2999999999999996,FREE,,,
sell,37562,54.8899,2106.686379837872,0.0,5m SELL signal,2010-12-29 10:25:00,1.0420204401016235,0.9999999999999996,FREE,126.19051415228634,54.83,37424.0
buy,37573,54.785,2110.720173782291,0.0,5m BUY signal,2010-12-29 11:20:00,1.157652497291565,1.1499999999999997,FREE,,,
sell,37731,54.64,2110.720173782291,0.0,5m SELL signal,2010-12-30 13:50:00,1.1661217212677002,0.9999999999999996,FREE,-306.0544251984238,54.785,37573.0
buy,37789,54.58,2113.0404964357713,0.0,5m BUY signal,2010-12-31 07:50:00,0.9965935349464417,-0.5,FREE,,,
sell,42917,57.95,2113.0404964357713,0.0,5m SELL signal,2011-02-22 05:55:00,1.4008183479309082,-0.5,FREE,7120.9464729885585,54.58,37789.0
buy,42923,57.85,2116.6931161357465,0.0,5m BUY signal,2011-02-22 06:40:00,1.6346977949142456,-0.5,FREE,,,
sell,42931,57.98,2116.6931161357465,0.0,5m SELL signal,2011-02-22 07:20:00,1.5361155271530151,-0.5,FREE,275.1701050976374,57.85,42923.0
buy,42994,57.501,2134.3257834394285,0.0,5m BUY signal,2011-02-22 12:35:00,1.9033865928649902,-0.5,FREE,,,
sell,44321,58.26,2134.3257834394285,0.0,5m SELL signal,2011-03-07 07:05:00,2.9689693450927734,-0.5,FREE,1619.953269630527,57.501,42994.0
buy,44330,58.07,2141.3091121608595,0.0,5m BUY signal,2011-03-07 07:50:00,1.211255431175232,1.1999999999999997,FREE,,,
sell,44339,58.12,2141.3091121608595,0.0,5m SELL signal,2011-03-07 08:35:00,2.927488088607788,-0.5,FREE,107.06545560803688,58.07,44330.0
buy,44358,57.929,2148.369307234531,0.0,5m BUY signal,2011-03-07 10:10:00,1.327187418937683,1.1999999999999997,FREE,,,
sell,44513,57.2867,2148.369307234531,0.0,5m SELL signal,2011-03-08 10:10:00,1.8758114576339722,-0.5,FREE,-1379.8976060367365,57.929,44358.0
buy,44682,56.85,2164.8722602067264,0.0,5m BUY signal,2011-03-09 10:50:00,2.76820707321167,2.3999999999999995,FREE,,,
sell,45119,56.38,2164.8722602067264,0.0,5m SELL signal,2011-03-14 06:05:00,0.6375620365142822,-0.5,FREE,-1017.489962297159,56.85,44682.0
buy,45173,56.07,2176.841413063229,0.0,5m BUY signal,2011-03-14 10:55:00,3.0082168579101562,-0.5,FREE,,,
sell,45200,56.1401,2176.841413063229,0.0,5m SELL signal,2011-03-14 13:10:00,0.6907230615615845,-0.5,FREE,152.59658305572475,56.07,45173.0
buy,45205,56.015,2181.703019075444,0.0,5m BUY signal,2011-03-14 13:35:00,2.7334141731262207,-0.5,FREE,,,
sell,45211,56.205,2181.703019075444,0.0,5m SELL signal,2011-03-14 14:05:00,1.105459213256836,-0.5,FREE,414.5235736243294,56.015,45205.0
buy,45263,56.08,2186.565944849061,0.0,5m BUY signal,2011-03-14 19:30:00,3.140472650527954,-0.5,FREE,,,
sell,45297,55.05,2186.565944849061,0.0,5m SELL signal,2011-03-15 07:00:00,4.794388294219971,-0.5,FREE,-2252.1629231945353,56.08,45263.0
buy,45315,54.64,2202.9731929710983,0.0,5m BUY signal,2011-03-15 08:30:00,2.68595027923584,-0.5,FREE,,,
sell,45322,54.82,2202.9731929710983,0.0,5m SELL signal,2011-03-15 09:05:00,3.7359049320220947,-0.5,FREE,396.53517473479707,54.64,45315.0
buy,45326,54.64,2210.2304253051907,0.0,5m BUY signal,2011-03-15 09:25:00,2.4318904876708984,-0.5,FREE,,,
sell,45331,54.86,2210.2304253051907,0.0,5m SELL signal,2011-03-15 09:50:00,3.1836626529693604,-0.5,FREE,486.2506935671394,54.64,45326.0
buy,45366,55.26,2194.2316527731227,0.0,5m BUY signal,2011-03-15 12:45:00,2.1666157245635986,-0.5,FREE,,,
sell,45386,55.58,2194.2316527731227,0.0,5m SELL signal,2011-03-15 14:25:00,2.6073710918426514,-0.5,FREE,702.1541288873999,55.26,45366.0
buy,45426,55.15,2211.33989594071,0.0,5m BUY signal,2011-03-15 18:05:00,2.635899066925049,-0.5,FREE,,,
sell,45437,55.14,2211.33989594071,0.0,5m SELL signal,2011-03-15 19:00:00,2.1210360527038574,-0.5,FREE,-22.1133989594027,55.15,45426.0
buy,45458,55.28,2205.739541645636,0.0,5m BUY signal,2011-03-16 05:40:00,2.299422264099121,2.2499999999999996,FREE,,,
sell,45538,54.6499,2205.739541645636,0.0,5m SELL signal,2011-03-16 12:45:00,2.8365659713745117,2.499999999999999,FREE,-1389.8364851909125,55.28,45458.0
buy,45548,54.355,2217.7066576576185,0.0,5m BUY signal,2011-03-16 13:35:00,2.6854662895202637,2.2499999999999996,FREE,,,
sell,45788,55.03,2217.7066576576185,0.0,5m SELL signal,2011-03-18 04:00:00,3.0651867389678955,2.349999999999999,FREE,1496.951993918902,54.355,45548.0
buy,45836,54.81,2226.60823519246,0.0,5m BUY signal,2011-03-18 10:00:00,2.871701955795288,2.499999999999999,FREE,,,
sell,45873,54.74,2226.60823519246,0.0,5m SELL signal,2011-03-18 13:05:00,2.436122179031372,2.349999999999999,FREE,-155.86257646347283,54.81,45836.0
buy,45887,54.58,2233.1354854238784,0.0,5m BUY signal,2011-03-18 14:15:00,2.579707145690918,2.499999999999999,FREE,,,
sell,46170,55.43,2233.1354854238784,0.0,5m SELL signal,2011-03-22 11:40:00,2.962979793548584,-0.5,FREE,1898.1651626102998,54.58,45887.0
buy,46184,55.4219,2233.461861773876,0.0,5m BUY signal,2011-03-22 12:50:00,1.1576844453811646,-0.5,FREE,,,
sell,46196,55.41,2233.461861773876,0.0,5m SELL signal,2011-03-22 13:50:00,2.7309701442718506,-0.5,FREE,-26.578196155118597,55.4219,46184.0
buy,46254,55.39,2234.268311263594,0.0,5m BUY signal,2011-03-22 19:50:00,1.470111608505249,-0.5,FREE,,,
sell,48038,57.38,2234.268311263594,0.0,5m SELL signal,2011-04-08 07:00:00,1.0399943590164185,0.5499999999999998,FREE,4446.193939414557,55.39,46254.0
buy,48126,57.015,2248.57170394291,0.0,5m BUY signal,2011-04-08 14:30:00,2.5673606395721436,2.349999999999999,FREE,,,
sell,48138,56.885,2248.57170394291,0.0,5m SELL signal,2011-04-08 15:30:00,1.3068307638168335,0.5499999999999998,FREE,-292.31432151258406,57.015,48126.0
buy,48239,56.77,2253.12667568773,0.0,5m BUY signal,2011-04-11 11:55:00,2.667903184890747,-0.5,FREE,,,
sell,48256,56.755,2253.12667568773,0.0,5m SELL signal,2011-04-11 13:20:00,0.6375476717948914,0.44999999999999973,FREE,-33.79690013531723,56.77,48239.0
buy,48275,56.66,2256.9044207316824,0.0,5m BUY signal,2011-04-11 14:55:00,2.8310585021972656,-0.5,FREE,,,
sell,48285,56.74,2256.9044207316824,0.0,5m SELL signal,2011-04-11 15:45:00,0.9890903234481812,0.44999999999999973,FREE,180.5523536585468,56.66,48275.0
buy,48279,56.632,2261.208448091462,0.0,5m BUY signal,2011-04-11 15:15:00,2.0047590732574463,-0.5,FREE,,,
sell,48341,56.47,2261.208448091462,0.0,5m SELL signal,2011-04-12 06:50:00,1.7533260583877563,0.8499999999999996,FREE,-366.3157685908146,56.632,48279.0
buy,48349,56.41,2263.6135625549523,0.0,5m BUY signal,2011-04-12 07:40:00,2.8557257652282715,2.0999999999999996,FREE,,,
sell,48410,56.39,2263.6135625549523,0.0,5m SELL signal,2011-04-12 12:45:00,1.5967613458633423,0.8499999999999996,FREE,-45.27227125109004,56.41,48349.0
buy,48421,56.3084,2266.8939055713495,0.0,5m BUY signal,2011-04-12 13:40:00,2.9494993686676025,2.0999999999999996,FREE,,,
sell,48426,56.47,2266.8939055713495,0.0,5m SELL signal,2011-04-12 14:05:00,1.6395267248153687,0.8499999999999996,FREE,366.33005514033,56.3084,48421.0
buy,48432,56.365,2271.1168073736203,0.0,5m BUY signal,2011-04-12 14:35:00,3.095716714859009,2.0999999999999996,FREE,,,
sell,48448,56.39,2271.1168073736203,0.0,5m SELL signal,2011-04-12 15:55:00,1.2777290344238281,0.8499999999999996,FREE,56.77792018433728,56.365,48432.0
buy,48479,56.41,2270.3115895727433,0.0,5m BUY signal,2011-04-12 19:10:00,3.319228172302246,2.0999999999999996,FREE,,,
sell,48485,56.52,2270.3115895727433,0.0,5m SELL signal,2011-04-13 04:10:00,1.6452720165252686,0.7999999999999998,FREE,249.73427485301661,56.41,48479.0
buy,48640,56.41,2274.7387172957183,0.0,5m BUY signal,2011-04-14 06:00:00,3.3381967544555664,-0.5,FREE,,,
sell,48654,56.43,2274.7387172957183,0.0,5m SELL signal,2011-04-14 07:35:00,1.7257434129714966,1.2999999999999996,FREE,45.49477434592148,56.41,48640.0
buy,48665,56.36,2277.5639783001666,0.0,5m BUY signal,2011-04-14 08:30:00,3.2348227500915527,-0.5,FREE,,,
sell,48673,56.45,2277.5639783001666,0.0,5m SELL signal,2011-04-14 09:10:00,1.4527497291564941,1.2999999999999996,FREE,204.98075804702276,56.36,48665.0
buy,48694,56.545,2273.737493589962,0.0,5m BUY signal,2011-04-14 10:55:00,3.2093210220336914,-0.5,FREE,,,
sell,48709,56.62,2273.737493589962,0.0,5m SELL signal,2011-04-14 12:10:00,1.3639538288116455,1.2999999999999996,FREE,170.53031201923747,56.545,48694.0
buy,48723,56.47,2279.777171720624,0.0,5m BUY signal,2011-04-14 13:20:00,3.0952022075653076,-0.5,FREE,,,
sell,48735,56.535,2279.777171720624,0.0,5m SELL signal,2011-04-14 14:20:00,1.3680191040039062,1.2999999999999996,FREE,148.18551616183538,56.47,48723.0
buy,48755,56.56,2278.769490863251,0.0,5m BUY signal,2011-04-14 16:00:00,3.1928608417510986,-0.5,FREE,,,
sell,48828,56.61,2278.769490863251,0.0,5m SELL signal,2011-04-15 09:05:00,1.7582756280899048,1.1499999999999997,FREE,113.93847454315608,56.56,48755.0
buy,48836,56.29,2291.723945243714,0.0,5m BUY signal,2011-04-15 09:45:00,2.943559408187866,-0.5,FREE,,,
sell,48855,56.65,2291.723945243714,0.0,5m SELL signal,2011-04-15 11:20:00,1.176702857017517,1.1499999999999997,FREE,825.0206202877357,56.29,48836.0
buy,48879,56.75,2287.685665163989,0.0,5m BUY signal,2011-04-15 13:20:00,1.770326018333435,-0.5,FREE,,,
sell,49009,55.619,2287.685665163989,0.0,5m SELL signal,2011-04-18 11:35:00,1.5459198951721191,1.2999999999999996,FREE,-2587.372487300472,56.75,48879.0
buy,49028,55.6001,2288.4633123097965,0.0,5m BUY signal,2011-04-18 13:10:00,5.014739036560059,1.7999999999999994,FREE,,,
sell,49036,55.85,2288.4633123097965,0.0,5m SELL signal,2011-04-18 13:50:00,1.5962011814117432,1.2999999999999996,FREE,571.8869817462268,55.6001,49028.0
buy,49720,58.64,2179.5817870481264,0.0,5m BUY signal,2011-04-26 07:25:00,2.066307544708252,1.0499999999999996,FREE,,,
sell,49757,58.82,2179.5817870481264,0.0,5m SELL signal,2011-04-26 10:40:00,2.9806089401245117,2.499999999999999,FREE,392.32472166866216,58.64,49720.0
buy,49822,58.67,2185.1542647719584,0.0,5m BUY signal,2011-04-26 16:05:00,1.7076945304870605,1.0499999999999996,FREE,,,
sell,49857,58.94,2185.1542647719584,0.0,5m SELL signal,2011-04-27 06:40:00,3.77274227142334,2.499999999999999,FREE,589.9916514884201,58.67,49822.0
buy,49888,58.88,2187.3809844711145,0.0,5m BUY signal,2011-04-27 09:35:00,1.8181501626968384,1.0499999999999996,FREE,,,
sell,49905,58.77,2187.3809844711145,0.0,5m SELL signal,2011-04-27 11:00:00,2.967400074005127,2.499999999999999,FREE,-240.61190829182135,58.88,49888.0
buy,49924,58.9,2182.5531486819596,0.0,5m BUY signal,2011-04-27 12:35:00,2.5122554302215576,1.0499999999999996,FREE,,,
sell,49925,58.88,2182.5531486819596,0.0,5m SELL signal,2011-04-27 12:40:00,4.077231407165527,2.499999999999999,FREE,-43.65106297363051,58.9,49924.0
buy,49974,59.21,2170.388944340378,0.0,5m BUY signal,2011-04-27 16:45:00,2.593623638153076,1.0499999999999996,FREE,,,
sell,50101,59.07,2170.388944340378,0.0,5m SELL signal,2011-04-28 16:05:00,3.1980230808258057,2.499999999999999,FREE,-303.85445220765416,59.21,49974.0
buy,50114,58.96,2174.438177445491,0.0,5m BUY signal,2011-04-28 17:10:00,2.644927740097046,-0.5,FREE,,,
sell,50175,59.13,2174.438177445491,0.0,5m SELL signal,2011-04-29 09:40:00,4.421474933624268,-0.5,FREE,369.6544901657372,58.96,50114.0
buy,50570,58.71,2189.9936881681465,0.0,5m BUY signal,2011-05-04 04:00:00,1.2319371700286865,1.0999999999999996,FREE,,,
sell,50598,58.75,2189.9936881681465,0.0,5m SELL signal,2011-05-04 09:00:00,0.8454217910766602,0.2999999999999998,FREE,87.59974752672399,58.71,50570.0
buy,50618,58.46,2200.857495379381,0.0,5m BUY signal,2011-05-04 10:40:00,1.365276575088501,1.0999999999999996,FREE,,,
sell,50650,58.39,2200.857495379381,0.0,5m SELL signal,2011-05-04 13:20:00,0.30080705881118774,0.2999999999999998,FREE,-154.06002467655728,58.46,50618.0
buy,50765,58.471,2197.8086428349447,0.0,5m BUY signal,2011-05-05 11:15:00,1.4014261960983276,1.3999999999999995,FREE,,,
sell,50769,58.7293,2197.8086428349447,0.0,5m SELL signal,2011-05-05 11:35:00,1.739695429801941,0.5499999999999998,FREE,567.6939724442784,58.471,50765.0
buy,50809,58.55,2204.539079891483,0.0,5m BUY signal,2011-05-05 14:55:00,1.4272513389587402,1.3999999999999995,FREE,,,
sell,50822,58.41,2204.539079891483,0.0,5m SELL signal,2011-05-05 16:00:00,0.7709832787513733,0.5499999999999998,FREE,-308.6354711848089,58.55,50809.0
buy,51050,58.47,2202.2768540527027,0.0,5m BUY signal,2011-05-09 10:20:00,1.4594570398330688,-0.5,FREE,,,
sell,51061,58.57,2202.2768540527027,0.0,5m SELL signal,2011-05-09 11:15:00,1.209580659866333,1.1499999999999997,FREE,220.2276854052734,58.47,51050.0
buy,51066,58.49,2205.289029609622,0.0,5m BUY signal,2011-05-09 11:40:00,1.4897468090057373,-0.5,FREE,,,
sell,51068,58.67,2205.289029609622,0.0,5m SELL signal,2011-05-09 11:50:00,1.2756460905075073,1.1499999999999997,FREE,396.9520253297313,58.49,51066.0
buy,51080,58.8,2200.4133905985805,0.0,5m BUY signal,2011-05-09 12:50:00,1.5974615812301636,-0.5,FREE,,,
sell,51148,58.98,2200.4133905985805,0.0,5m SELL signal,2011-05-10 07:00:00,2.523350954055786,1.9999999999999996,FREE,396.07441030774385,58.8,51080.0
buy,51165,58.91,2203.028039000242,0.0,5m BUY signal,2011-05-10 08:45:00,0.6211873292922974,0.4999999999999998,FREE,,,
sell,51179,59.08,2203.028039000242,0.0,5m SELL signal,2011-05-10 09:55:00,2.571904182434082,1.9999999999999996,FREE,374.5147666300449,58.91,51165.0
buy,51188,58.945,2208.0735693296174,0.0,5m BUY signal,2011-05-10 10:40:00,0.8335615992546082,0.4999999999999998,FREE,,,
sell,51235,59.105,2208.0735693296174,0.0,5m SELL signal,2011-05-10 14:35:00,2.565314769744873,1.9999999999999996,FREE,353.29177109273127,58.945,51188.0
buy,51256,59.13,2207.140001948707,0.0,5m BUY signal,2011-05-10 16:20:00,0.5975886583328247,0.4999999999999998,FREE,,,
sell,51279,59.3,2207.140001948707,0.0,5m SELL signal,2011-05-10 18:50:00,2.098994255065918,1.9999999999999996,FREE,375.21380033126826,59.13,51256.0
buy,51317,59.12,2213.8599816569404,0.0,5m BUY signal,2011-05-11 09:35:00,0.17668655514717102,-0.5,FREE,,,
sell,51513,58.8601,2213.8599816569404,0.0,5m SELL signal,2011-05-12 12:55:00,2.1186609268188477,2.0999999999999996,FREE,-575.382209232627,59.12,51317.0
buy,51642,58.41,2230.9197039261376,0.0,5m BUY signal,2011-05-13 12:10:00,1.3749977350234985,1.2999999999999996,FREE,,,
sell,51975,57.405,2230.9197039261376,0.0,5m SELL signal,2011-05-17 14:50:00,1.9177067279815674,-0.5,FREE,-2242.074302445758,58.41,51642.0
buy,52039,57.4,2231.1140349108,0.0,5m BUY signal,2011-05-18 08:05:00,2.0236518383026123,1.6999999999999993,FREE,,,
sell,52050,57.48,2231.1140349108,0.0,5m SELL signal,2011-05-18 09:00:00,1.509082317352295,1.4999999999999996,FREE,178.4891227928602,57.4,52039.0
buy,52313,58.06,2208.825951200013,0.0,5m BUY signal,2011-05-20 07:10:00,1.5064263343811035,-0.5,FREE,,,
sell,52469,57.11,2208.825951200013,0.0,5m SELL signal,2011-05-23 07:45:00,2.1048943996429443,1.7499999999999996,FREE,-2098.3846536400188,58.06,52313.0
buy,52499,56.671,2225.9365473175476,0.0,5m BUY signal,2011-05-23 10:15:00,3.0069637298583984,1.6999999999999993,FREE,,,
sell,52606,57.01,2225.9365473175476,0.0,5m SELL signal,2011-05-24 06:05:00,1.8202046155929565,-0.5,FREE,754.5924895406456,56.671,52499.0
buy,52639,56.91,2229.8478749353962,0.0,5m BUY signal,2011-05-24 09:40:00,2.4328250885009766,2.0999999999999996,FREE,,,
sell,52693,56.75,2229.8478749353962,0.0,5m SELL signal,2011-05-24 14:10:00,1.3551291227340698,-0.5,FREE,-356.7756599896558,56.91,52639.0
buy,52714,56.57,2236.943024617001,0.0,5m BUY signal,2011-05-24 15:55:00,2.492961883544922,2.0999999999999996,FREE,,,
sell,52736,56.48,2236.943024617001,0.0,5m SELL signal,2011-05-24 18:10:00,1.437855839729309,-0.5,FREE,-201.3248722155377,56.57,52714.0
buy,52768,56.49,2236.5470354110143,0.0,5m BUY signal,2011-05-25 08:30:00,2.2476699352264404,2.1999999999999993,FREE,,,
sell,52782,56.6,2236.5470354110143,0.0,5m SELL signal,2011-05-25 09:40:00,1.2762186527252197,1.0999999999999996,FREE,246.02017389521032,56.49,52768.0
buy,52824,56.81,2228.2795670526916,0.0,5m BUY signal,2011-05-25 13:10:00,2.2599947452545166,2.1999999999999993,FREE,,,
sell,52846,56.94,2228.2795670526916,0.0,5m SELL signal,2011-05-25 15:00:00,1.8268095254898071,1.0999999999999996,FREE,289.67634371683977,56.81,52824.0
buy,52865,56.74,2236.133918716607,0.0,5m BUY signal,2011-05-25 16:35:00,2.4749348163604736,2.1999999999999993,FREE,,,
sell,52875,56.78,2236.133918716607,0.0,5m SELL signal,2011-05-25 18:00:00,1.6229263544082642,1.0999999999999996,FREE,89.44535674866236,56.74,52865.0
buy,52907,56.62,2242.4529124819665,0.0,5m BUY signal,2011-05-26 09:25:00,2.481048107147217,2.4499999999999993,FREE,,,
sell,52912,56.82,2242.4529124819665,0.0,5m SELL signal,2011-05-26 09:50:00,1.5553933382034302,0.8999999999999997,FREE,448.49058249639967,56.62,52907.0
buy,52925,56.74,2245.614636715286,0.0,5m BUY signal,2011-05-26 10:55:00,2.4701592922210693,2.4499999999999993,FREE,,,
sell,52931,56.91,2245.614636715286,0.0,5m SELL signal,2011-05-26 11:25:00,1.8779174089431763,0.8999999999999997,FREE,381.7544882415865,56.74,52925.0
buy,52989,57.18,2235.0109999207225,0.0,5m BUY signal,2011-05-26 16:25:00,3.0367228984832764,2.4499999999999993,FREE,,,
sell,53013,57.15,2235.0109999207225,0.0,5m SELL signal,2011-05-27 04:40:00,1.300500750541687,1.1999999999999997,FREE,-67.05032999762422,57.18,52989.0
buy,53205,57.7,2213.7067356233842,0.0,5m BUY signal,2011-05-31 12:00:00,0.4975656270980835,-0.5,FREE,,,
sell,53210,57.8,2213.7067356233842,0.0,5m SELL signal,2011-05-31 12:25:00,1.8698701858520508,1.5999999999999996,FREE,221.37067356232583,57.7,53205.0
buy,53292,58.34,2193.216477871642,0.0,5m BUY signal,2011-05-31 19:55:00,0.801702618598938,-0.5,FREE,,,
sell,53485,57.26,2193.216477871642,0.0,5m SELL signal,2011-06-02 09:55:00,1.5434709787368774,-0.5,FREE,-2368.673796101385,58.34,53292.0
buy,53499,57.23,2194.366163252319,0.0,5m BUY signal,2011-06-02 11:05:00,1.694637417793274,1.4499999999999995,FREE,,,
sell,53513,57.085,2194.366163252319,0.0,5m SELL signal,2011-06-02 12:15:00,1.2416611909866333,-0.5,FREE,-318.1830936715775,57.23,53499.0
buy,53529,57.11,2193.405575718064,0.0,5m BUY signal,2011-06-02 13:35:00,1.6260578632354736,1.4499999999999995,FREE,,,
sell,53534,57.24,2193.405575718064,0.0,5m SELL signal,2011-06-02 14:00:00,1.6697824001312256,-0.5,FREE,285.14272484335396,57.11,53529.0
buy,53553,57.225,2193.9805182018695,0.0,5m BUY signal,2011-06-02 15:35:00,1.6639724969863892,1.4499999999999995,FREE,,,
sell,53598,57.0,2193.9805182018695,0.0,5m SELL signal,2011-06-03 07:40:00,1.6244741678237915,1.1499999999999997,FREE,-493.64561659542375,57.225,53553.0
buy,53686,56.4495,2215.37639018072,0.0,5m BUY signal,2011-06-03 15:00:00,2.396350145339966,1.5499999999999994,FREE,,,
sell,53786,56.45,2215.37639018072,0.0,5m SELL signal,2011-06-06 11:10:00,1.8585063219070435,1.1999999999999997,FREE,1.1076881950956492,56.4495,53686.0
buy,53796,56.3538,2219.158197418837,0.0,5m BUY signal,2011-06-06 12:00:00,3.1644489765167236,1.4499999999999995,FREE,,,
sell,53883,56.15,2219.158197418837,0.0,5m SELL signal,2011-06-06 19:55:00,1.4876030683517456,1.1999999999999997,FREE,-452.26444063396144,56.3538,53796.0
buy,53915,56.07,2222.324465579948,0.0,5m BUY signal,2011-06-07 09:30:00,3.4268698692321777,-0.5,FREE,,,
sell,53923,56.11,2222.324465579948,0.0,5m SELL signal,2011-06-07 10:10:00,1.701490879058838,1.6999999999999993,FREE,88.89297862319603,56.07,53915.0
buy,53938,55.97,2227.883254666623,0.0,5m BUY signal,2011-06-07 11:25:00,3.7093331813812256,-0.5,FREE,,,
sell,53958,56.075,2227.883254666623,0.0,5m SELL signal,2011-06-07 13:05:00,1.7558881044387817,1.6999999999999993,FREE,233.92774174000428,55.97,53938.0
buy,53966,56.02,2230.070573106585,0.0,5m BUY signal,2011-06-07 13:45:00,3.5077192783355713,-0.5,FREE,,,
sell,54066,55.69,2230.070573106585,0.0,5m SELL signal,2011-06-08 09:40:00,1.8890248537063599,1.3999999999999995,FREE,-735.9232891251851,56.02,53966.0
buy,54112,55.46,2239.3189725262478,0.0,5m BUY signal,2011-06-08 13:30:00,5.209749698638916,-0.5,FREE,,,
sell,54124,55.4415,2239.3189725262478,0.0,5m SELL signal,2011-06-08 14:30:00,1.5766005516052246,1.3999999999999995,FREE,-41.42740099174246,55.46,54112.0
buy,54133,55.34,2243.4261441148165,0.0,5m BUY signal,2011-06-08 15:15:00,5.161709308624268,-0.5,FREE,,,
sell,54222,55.48,2243.4261441148165,0.0,5m SELL signal,2011-06-09 10:10:00,1.4862407445907593,-0.5,FREE,314.07966017605963,55.34,54133.0
buy,54237,55.45,2244.639900369522,0.0,5m BUY signal,2011-06-09 11:25:00,4.682943344116211,-0.5,FREE,,,
sell,54242,55.53,2244.639900369522,0.0,5m SELL signal,2011-06-09 11:50:00,1.5072487592697144,-0.5,FREE,179.57119202955792,55.45,54237.0
buy,54251,55.555,2243.629802313375,0.0,5m BUY signal,2011-06-09 12:35:00,5.064845561981201,-0.5,FREE,,,
sell,54258,55.635,2243.629802313375,0.0,5m SELL signal,2011-06-09 13:10:00,1.3643590211868286,-0.5,FREE,179.49038418506618,55.555,54251.0
buy,54356,55.21,2260.900997132849,0.0,5m BUY signal,2011-06-10 09:00:00,5.392544269561768,-0.5,FREE,,,
sell,54556,54.62,2260.900997132849,0.0,5m SELL signal,2011-06-13 13:25:00,1.5921822786331177,1.3999999999999995,FREE,-1333.9315883083887,55.21,54356.0
buy,54570,54.7597,2255.1331081688945,0.0,5m BUY signal,2011-06-13 14:35:00,4.102349758148193,-0.5,FREE,,,
sell,54622,55.09,2255.1331081688945,0.0,5m SELL signal,2011-06-14 04:05:00,2.602741003036499,2.2499999999999996,FREE,744.8704656281884,54.7597,54570.0
buy,54632,54.94,2261.290188005541,0.0,5m BUY signal,2011-06-14 06:40:00,1.623738408088684,1.5499999999999994,FREE,,,
sell,54650,55.13,2261.290188005541,0.0,5m SELL signal,2011-06-14 08:30:00,2.4616687297821045,2.2499999999999996,FREE,429.6451357210637,54.94,54632.0
buy,54961,54.32,2295.0097213686577,0.0,5m BUY signal,2011-06-16 09:35:00,1.404261589050293,1.2499999999999996,FREE,,,
sell,54976,54.43,2295.0097213686577,0.0,5m SELL signal,2011-06-16 10:50:00,2.3523595333099365,2.349999999999999,FREE,252.45106935055105,54.32,54961.0
buy,54989,54.35,2298.387840553745,0.0,5m BUY signal,2011-06-16 11:55:00,1.3530396223068237,1.2499999999999996,FREE,,,
sell,55096,54.43,2298.387840553745,0.0,5m SELL signal,2011-06-17 07:50:00,2.3713927268981934,-0.5,FREE,183.87102724429568,54.35,54989.0
buy,55226,53.5,2338.341124511034,0.0,5m BUY signal,2011-06-20 04:00:00,1.792485237121582,0.7999999999999998,FREE,,,
sell,55231,53.67,2338.341124511034,0.0,5m SELL signal,2011-06-20 06:10:00,1.6079883575439453,-0.5,FREE,397.5179911668798,53.5,55226.0
buy,55242,53.57,2342.706144343984,0.0,5m BUY signal,2011-06-20 07:40:00,1.0801525115966797,0.7999999999999998,FREE,,,
sell,55287,53.8901,2342.706144343984,0.0,5m SELL signal,2011-06-20 11:30:00,2.1623520851135254,-0.5,FREE,749.900236804501,53.57,55242.0
buy,55332,54.0,2337.9383035057726,0.0,5m BUY signal,2011-06-20 15:15:00,0.9124976396560669,0.7999999999999998,FREE,,,
sell,55362,54.15,2337.9383035057726,0.0,5m SELL signal,2011-06-20 19:20:00,1.9686083793640137,-0.5,FREE,350.69074552586255,54.0,55332.0
buy,55385,54.27,2332.768732906534,0.0,5m BUY signal,2011-06-21 08:40:00,1.183889627456665,0.7999999999999998,FREE,,,
sell,55400,54.47,2332.768732906534,0.0,5m SELL signal,2011-06-21 09:55:00,2.5891053676605225,-0.5,FREE,466.5537465812968,54.27,55385.0
buy,55866,55.07,2307.3526944147247,0.0,5m BUY signal,2011-06-24 09:30:00,0.5211181044578552,-0.5,FREE,,,
sell,55967,54.38,2307.3526944147247,0.0,5m SELL signal,2011-06-24 17:55:00,2.584678888320923,2.499999999999999,FREE,-1592.0733591461549,55.07,55866.0
buy,56382,56.055,2238.405842873477,0.0,5m BUY signal,2011-06-29 14:20:00,1.64111328125,1.5999999999999996,FREE,,,
sell,56390,56.16,2238.405842873477,0.0,5m SELL signal,2011-06-29 15:00:00,2.1246068477630615,-0.5,FREE,235.03261350170808,56.055,56382.0
buy,56561,56.97,2206.580167382385,0.0,5m BUY signal,2011-06-30 17:30:00,1.2614264488220215,1.2499999999999996,FREE,,,
sell,56584,57.06,2206.580167382385,0.0,5m SELL signal,2011-07-01 06:10:00,2.895948886871338,2.4499999999999993,FREE,198.59221506442216,56.97,56561.0
buy,56702,57.79,2178.7067719473766,0.0,5m BUY signal,2011-07-01 16:50:00,1.1411187648773193,0.7999999999999998,FREE,,,
sell,56712,57.82,2178.7067719473766,0.0,5m SELL signal,2011-07-01 18:10:00,3.028729200363159,2.4499999999999993,FREE,65.36120315842378,57.79,56702.0
buy,56888,58.05,2170.0745142807464,0.0,ADAPTIVE_FORCE_BUY->first acceptable 5m signal,2011-07-06 07:10:00,1.3822442293167114,0.7999999999999998,FORCE_BUY,,,
sell,57584,57.96,2170.0745142807464,0.0,5m SELL signal,2011-07-12 14:10:00,1.0832464694976807,-0.5,FREE,-195.30670628525917,58.05,56888.0
buy,57591,57.84,2174.5767435634866,0.0,5m BUY signal,2011-07-12 14:45:00,2.926297426223755,-0.5,FREE,,,
sell,57642,57.97,2174.5767435634866,0.0,5m SELL signal,2011-07-13 04:10:00,0.5086696743965149,-0.5,FREE,282.6949766632434,57.84,57591.0
buy,57653,57.95,2175.3272445966404,0.0,5m BUY signal,2011-07-13 07:05:00,3.0660972595214844,-0.5,FREE,,,
sell,57658,58.0,2175.3272445966404,0.0,5m SELL signal,2011-07-13 07:40:00,0.9544062614440918,-0.5,FREE,108.76636222982584,57.95,57653.0
buy,57662,57.94,2177.5799134726467,0.0,5m BUY signal,2011-07-13 08:05:00,2.75439453125,-0.5,FREE,,,
sell,57679,57.99,2177.5799134726467,0.0,5m SELL signal,2011-07-13 09:30:00,0.9846826791763306,-0.5,FREE,108.87899567364161,57.94,57662.0
buy,57684,57.785,2185.305168854872,0.0,5m BUY signal,2011-07-13 09:55:00,2.816544532775879,-0.5,FREE,,,
sell,57691,58.28,2185.305168854872,0.0,5m SELL signal,2011-07-13 10:30:00,1.0899955034255981,-0.5,FREE,1081.7260585831716,57.785,57684.0
buy,57707,58.2201,2187.553529465974,0.0,5m BUY signal,2011-07-13 11:50:00,2.0414810180664062,-0.5,FREE,,,
sell,57745,57.945,2187.553529465974,0.0,5m SELL signal,2011-07-13 15:00:00,0.5154659748077393,-0.5,FREE,-601.7959759560936,58.2201,57707.0
buy,57746,57.86,2190.767183976942,0.0,5m BUY signal,2011-07-13 15:05:00,3.1177728176116943,-0.5,FREE,,,
sell,57758,57.71,2190.767183976942,0.0,5m SELL signal,2011-07-13 16:05:00,0.3180207908153534,-0.5,FREE,-328.6150775965382,57.86,57746.0
buy,57769,57.27,2207.5986413010182,0.0,5m BUY signal,2011-07-13 17:00:00,2.2990763187408447,-0.5,FREE,,,
sell,57783,57.38,2207.5986413010182,0.0,5m SELL signal,2011-07-13 18:10:00,0.20896804332733154,-0.5,FREE,242.83585054311075,57.27,57769.0
buy,57798,57.36,2208.3683758342477,0.0,5m BUY signal,2011-07-13 19:35:00,3.1079845428466797,-0.5,FREE,,,
sell,57804,57.84,2208.3683758342477,0.0,5m SELL signal,2011-07-14 04:25:00,1.2472038269042969,-0.5,FREE,1060.0168204004476,57.36,57798.0
buy,58110,57.38,2226.0722700985166,0.0,5m BUY signal,2011-07-18 06:15:00,3.0928759574890137,2.349999999999999,FREE,,,
sell,58196,57.31,2226.0722700985166,0.0,5m SELL signal,2011-07-18 13:50:00,1.2619706392288208,-0.5,FREE,-155.8250589068968,57.38,58110.0
buy,58619,58.51,2180.4170534839513,0.0,5m BUY signal,2011-07-21 09:30:00,1.3399447202682495,1.1999999999999997,FREE,,,
sell,58626,58.99,2180.4170534839513,0.0,5m SELL signal,2011-07-21 10:05:00,3.9797704219818115,-0.5,FREE,1046.6001856723053,58.51,58619.0
buy,58646,58.83,2186.3471355603992,0.0,5m BUY signal,2011-07-21 11:45:00,1.2495001554489136,1.1999999999999997,FREE,,,
sell,58656,59.0,2186.3471355603992,0.0,5m SELL signal,2011-07-21 12:35:00,3.1315643787384033,-0.5,FREE,371.6790130452716,58.83,58646.0
buy,58760,58.93,2188.9441879868245,0.0,5m BUY signal,2011-07-22 08:45:00,1.208077073097229,0.6999999999999997,FREE,,,
sell,58769,59.14,2188.9441879868245,0.0,5m SELL signal,2011-07-22 09:30:00,3.766740560531616,-0.5,FREE,459.67827947723504,58.93,58760.0
buy,58778,59.03,2193.0231962991834,0.0,5m BUY signal,2011-07-22 10:15:00,1.0052704811096191,0.6999999999999997,FREE,,,
sell,58786,59.17,2193.0231962991834,0.0,5m SELL signal,2011-07-22 10:55:00,3.7898213863372803,-0.5,FREE,307.0232474818869,59.03,58778.0
buy,58897,59.25,2190.062152321058,0.0,5m BUY signal,2011-07-25 06:35:00,0.6613775491714478,-0.5,FREE,,,
sell,58904,59.34,2190.062152321058,0.0,5m SELL signal,2011-07-25 07:15:00,3.647538661956787,-0.5,FREE,197.1055937089027,59.25,58897.0
buy,58920,59.27,2192.6486944277303,0.0,5m BUY signal,2011-07-25 08:35:00,0.41310983896255493,-0.5,FREE,,,
sell,58937,59.3725,2192.6486944277303,0.0,5m SELL signal,2011-07-25 10:00:00,3.422788381576538,-0.5,FREE,224.7464911788405,59.27,58920.0
buy,58981,59.6605,2182.064089471433,0.0,5m BUY signal,2011-07-25 13:40:00,0.7125083208084106,-0.5,FREE,,,
sell,59134,59.791,2182.064089471433,0.0,5m SELL signal,2011-07-26 14:10:00,2.63832426071167,2.2499999999999996,FREE,284.7593636760173,59.6605,58981.0
buy,59145,59.725,2184.4754118641513,0.0,5m BUY signal,2011-07-26 15:05:00,1.344630479812622,1.2499999999999996,FREE,,,
sell,59239,58.67,2184.4754118641513,0.0,ADAPTIVE_FORCE_SELL->first acceptable 5m signal,2011-07-27 10:55:00,2.7791683673858643,2.3999999999999995,FORCE_SELL,-2304.621559516679,59.725,59145.0
buy,59413,58.71,2182.987096134726,0.0,5m BUY signal,2011-07-28 12:35:00,2.1807596683502197,1.7999999999999994,FREE,,,
sell,59420,58.82,2182.987096134726,0.0,5m SELL signal,2011-07-28 13:10:00,1.1654001474380493,-0.5,FREE,240.1285805748186,58.71,59413.0
buy,59436,58.45,2196.805833954569,0.0,5m BUY signal,2011-07-28 14:30:00,1.8770431280136108,1.7999999999999994,FREE,,,
sell,59460,58.34,2196.805833954569,0.0,5m SELL signal,2011-07-28 16:35:00,2.1172609329223633,-0.5,FREE,-241.64864173500135,58.45,59436.0
buy,59470,58.16,2203.6047515974824,0.0,5m BUY signal,2011-07-28 17:30:00,1.941186547279358,1.7999999999999994,FREE,,,
sell,59515,58.08,2203.6047515974824,0.0,5m SELL signal,2011-07-29 08:20:00,2.2056453227996826,1.6999999999999993,FREE,-176.28838012779482,58.16,59470.0
buy,59530,57.64,2220.4261619150207,0.0,5m BUY signal,2011-07-29 09:35:00,2.476752996444702,1.5499999999999994,FREE,,,
sell,59651,58.58,2220.4261619150207,0.0,5m SELL signal,2011-08-01 04:00:00,1.5005608797073364,-0.5,FREE,2087.2005922001144,57.64,59530.0
buy,59677,58.62,2218.911029767689,0.0,5m BUY signal,2011-08-01 07:40:00,1.8740882873535156,1.8499999999999996,FREE,,,
sell,59686,58.67,2218.911029767689,0.0,5m SELL signal,2011-08-01 08:25:00,1.5123183727264404,-0.5,FREE,110.9455514883939,58.62,59677.0
buy,59705,57.57,2261.3081486272417,0.0,5m BUY signal,2011-08-01 10:00:00,2.7766611576080322,1.8499999999999996,FREE,,,
sell,59739,57.29,2261.3081486272417,0.0,5m SELL signal,2011-08-01 12:50:00,1.223681926727295,-0.5,FREE,-633.1662816156303,57.57,59705.0
buy,59758,57.16,2266.451081785421,0.0,5m BUY signal,2011-08-01 14:25:00,3.4271841049194336,1.8499999999999996,FREE,,,
sell,59763,57.43,2266.451081785421,0.0,5m SELL signal,2011-08-01 14:50:00,1.2696549892425537,-0.5,FREE,611.9417920820708,57.16,59758.0
buy,59903,56.87,2288.768869824806,0.0,5m BUY signal,2011-08-02 13:35:00,3.9783384799957275,2.3999999999999995,FREE,,,
sell,59912,56.8171,2288.768869824806,0.0,5m SELL signal,2011-08-02 14:20:00,1.5551056861877441,1.3499999999999996,FREE,-121.07587321371841,56.87,59903.0
buy,59925,56.55,2299.579305989797,0.0,5m BUY signal,2011-08-02 15:25:00,4.097486972808838,2.3999999999999995,FREE,,,
sell,60062,56.4984,2299.579305989797,0.0,5m SELL signal,2011-08-03 13:30:00,1.2438007593154907,0.5999999999999996,FREE,-118.65829218907474,56.55,59925.0
buy,60073,56.48,2300.32846072121,0.0,5m BUY signal,2011-08-03 14:25:00,3.7510204315185547,2.3999999999999995,FREE,,,
sell,60080,56.701,2300.32846072121,0.0,5m SELL signal,2011-08-03 15:00:00,1.2561501264572144,0.5999999999999996,FREE,508.3725898193958,56.48,60073.0
buy,60094,56.66,2301.993011848806,0.0,5m BUY signal,2011-08-03 16:10:00,3.985117197036743,2.3999999999999995,FREE,,,
sell,60117,56.7,2301.993011848806,0.0,5m SELL signal,2011-08-03 18:25:00,0.9843223094940186,0.5999999999999996,FREE,92.07972047396663,56.66,60094.0
buy,60136,56.38,2315.0585982942052,0.0,5m BUY signal,2011-08-04 05:10:00,3.8228354454040527,-0.5,FREE,,,
sell,60355,54.39,2315.0585982942052,0.0,ADAPTIVE_FORCE_SELL->first acceptable 5m signal,2011-08-05 10:20:00,2.047602415084839,1.0999999999999996,FORCE_SELL,-4606.966610605473,56.38,60136.0
buy,60654,49.62,2537.6065530274454,0.0,5m BUY signal,2011-08-09 05:20:00,3.022538661956787,-0.5,FREE,,,
sell,60665,50.68,2537.6065530274454,0.0,5m SELL signal,2011-08-09 06:45:00,11.045002937316895,-0.5,FREE,2689.862946209098,49.62,60654.0
buy,60677,50.69,2537.1059401742145,0.0,5m BUY signal,2011-08-09 07:45:00,2.380388021469116,-0.5,FREE,,,
sell,60682,51.01,2537.1059401742145,0.0,5m SELL signal,2011-08-09 08:10:00,10.001596450805664,-0.5,FREE,811.8739008557494,50.69,60677.0
buy,60716,51.76,2500.343392741242,0.0,5m BUY signal,2011-08-09 11:00:00,2.5985352993011475,-0.5,FREE,,,
sell,60722,52.03,2500.343392741242,0.0,5m SELL signal,2011-08-09 11:30:00,10.568923950195312,-0.5,FREE,675.0927160401432,51.76,60716.0
buy,62491,52.16,2494.11170867191,0.0,5m BUY signal,2011-08-24 10:45:00,3.513775110244751,-0.5,FREE,,,
sell,62516,52.02,2494.11170867191,0.0,5m SELL signal,2011-08-24 12:50:00,2.552983283996582,-0.5,FREE,-349.1756392140511,52.16,62491.0
buy,62556,52.62,2465.672578584431,0.0,5m BUY signal,2011-08-24 16:10:00,2.008040428161621,-0.5,FREE,,,
sell,62596,52.42,2465.672578584431,0.0,ADAPTIVE_FORCE_SELL->first acceptable 5m signal,2011-08-25 04:00:00,3.842519998550415,-0.5,FORCE_SELL,-493.1345157168757,52.62,62556.0
buy,63072,54.28,2381.1819559579194,0.0,5m BUY signal,2011-08-30 08:10:00,2.5789923667907715,2.1499999999999995,FREE,,,
sell,63089,54.51,2381.1819559579194,0.0,5m SELL signal,2011-08-30 09:35:00,10.923022270202637,-0.5,FREE,547.671849870314,54.28,63072.0
buy,63126,54.66,2374.6474280875627,0.0,5m BUY signal,2011-08-30 12:40:00,2.4208083152770996,2.1499999999999995,FREE,,,
sell,63147,55.08,2374.6474280875627,0.0,5m SELL signal,2011-08-30 14:25:00,11.466337203979492,-0.5,FREE,997.3519197967804,54.66,63126.0
buy,63166,54.82,2385.909893087613,0.0,5m BUY signal,2011-08-30 16:00:00,2.4553821086883545,2.1499999999999995,FREE,,,
sell,63210,55.26,2385.909893087613,0.0,ADAPTIVE_FORCE_SELL->first acceptable 5m signal,2011-08-31 04:30:00,9.797801971435547,-0.5,FORCE_SELL,1049.8003529585444,54.82,63166.0
buy,63667,52.7,2501.809880304013,0.0,5m BUY signal,2011-09-06 04:05:00,2.762918710708618,2.499999999999999,FREE,,,
sell,63749,52.68,2501.809880304013,0.0,5m SELL signal,2011-09-06 13:20:00,2.3314013481140137,-0.5,FREE,-50.03619760608808,52.7,63667.0
buy,63772,52.67,2502.284877433366,0.0,5m BUY signal,2011-09-06 15:15:00,2.7280566692352295,2.499999999999999,FREE,,,
sell,63777,52.99,2502.284877433366,0.0,5m SELL signal,2011-09-06 15:40:00,1.828450322151184,-0.5,FREE,800.7311607786778,52.67,63772.0
buy,64274,52.4,2530.4594590685897,0.0,5m BUY signal,2011-09-12 04:00:00,5.801403999328613,2.3999999999999995,FREE,,,
sell,64388,53.53,2530.4594590685897,0.0,5m SELL signal,2011-09-12 15:40:00,1.9808576107025146,-0.5,FREE,2859.4191887475126,52.4,64274.0
buy,70372,56.28,2406.814051953476,0.0,5m BUY signal,2011-11-03 04:00:00,5.447537899017334,-0.5,FREE,,,
sell,70378,56.96,2406.814051953476,0.0,5m SELL signal,2011-11-03 05:50:00,2.704012632369995,1.7999999999999994,FREE,1636.633555328363,56.28,70372.0
buy,70390,56.84,2411.89529203501,0.0,5m BUY signal,2011-11-03 07:10:00,3.2560946941375732,-0.5,FREE,,,
sell,70398,57.08,2411.89529203501,0.0,5m SELL signal,2011-11-03 07:50:00,2.550989866256714,1.7999999999999994,FREE,578.85487008839,56.84,70390.0
buy,70423,57.03,2414.0098767202935,0.0,5m BUY signal,2011-11-03 09:55:00,2.7149815559387207,-0.5,FREE,,,
sell,70430,57.12,2414.0098767202935,0.0,5m SELL signal,2011-11-03 10:30:00,2.403777599334717,1.7999999999999994,FREE,217.2608889048175,57.03,70423.0
buy,70447,57.41,2401.8157839795017,0.0,5m BUY signal,2011-11-03 11:55:00,2.778093099594116,-0.5,FREE,,,
sell,70453,57.57,2401.8157839795017,0.0,5m SELL signal,2011-11-03 12:25:00,3.03751277923584,1.7999999999999994,FREE,384.2905254367291,57.41,70447.0
buy,71013,58.07,2381.135434539348,0.0,5m BUY signal,2011-11-09 04:30:00,1.9490394592285156,1.8999999999999995,FREE,,,
sell,71037,57.85,2381.135434539348,0.0,5m SELL signal,2011-11-09 07:10:00,4.29946756362915,-0.5,FREE,-523.8497955986538,58.07,71013.0
buy,71067,57.7093,2386.9408377523428,0.0,5m BUY signal,2011-11-09 09:40:00,2.0198540687561035,1.8999999999999995,FREE,,,
sell,71084,57.615,2386.9408377523428,0.0,5m SELL signal,2011-11-09 11:05:00,3.6585333347320557,-0.5,FREE,-225.0885210000386,57.7093,71067.0
buy,71110,57.52,2390.883107912052,0.0,5m BUY signal,2011-11-09 13:15:00,1.9787168502807617,1.8999999999999995,FREE,,,
sell,71135,56.98,2390.883107912052,0.0,5m SELL signal,2011-11-09 15:20:00,3.869370460510254,-0.5,FREE,-1291.076878272523,57.52,71110.0
buy,71139,56.7,2402.68993807458,0.0,5m BUY signal,2011-11-09 15:40:00,3.471036195755005,1.8999999999999995,FREE,,,
sell,71188,57.19,2402.68993807458,0.0,ADAPTIVE_FORCE_SELL->first acceptable 5m signal,2011-11-10 04:05:00,2.916811943054199,-0.5,FORCE_SELL,1177.3180696565319,56.7,71139.0
buy,79416,60.73,2262.6352306682898,0.0,ADAPTIVE_FORCE_BUY->first acceptable 5m signal,2012-01-31 06:55:00,1.8210020065307617,-0.5,FORCE_BUY,,,
sell,79560,60.77,2262.6352306682898,0.0,ADAPTIVE_FORCE_SELL->first acceptable 5m signal,2012-02-01 04:25:00,1.7032533884048462,0.9499999999999997,FORCE_SELL,90.50540922674574,60.73,79416.0
buy,80027,61.72,2227.808538038107,0.0,ADAPTIVE_FORCE_BUY->first acceptable 5m signal,2012-02-06 08:40:00,2.402275323867798,1.2999999999999996,FORCE_BUY,,,
sell,81082,63.64,2227.808538038107,0.0,5m SELL signal,2012-02-15 07:15:00,0.6835899949073792,0.5999999999999996,FREE,4277.392393033169,61.72,80027.0
buy,81174,62.86,2255.4523601773008,0.0,5m BUY signal,2012-02-15 14:55:00,2.649343729019165,1.8999999999999995,FREE,,,
sell,82393,64.76,2255.4523601773008,0.0,5m SELL signal,2012-02-29 05:10:00,1.3394185304641724,1.1499999999999997,FREE,4285.359484336885,62.86,81174.0
buy,82489,64.567,2262.1942299484567,0.0,5m BUY signal,2012-02-29 14:45:00,2.0278704166412354,1.1499999999999997,FREE,,,
sell,92150,60.86,2262.1942299484567,0.0,ADAPTIVE_FORCE_SELL->first acceptable 5m signal,2012-06-04 09:30:00,2.642925262451172,2.499999999999999,FORCE_SELL,-8385.954010418915,64.567,82489.0
buy,93600,62.93,2187.7823110545537,0.0,ADAPTIVE_FORCE_BUY->first acceptable 5m signal,2012-06-18 07:45:00,3.611090898513794,-0.5,FORCE_BUY,,,
sell,94845,62.83,2187.7823110545537,0.0,5m SELL signal,2012-06-29 04:00:00,2.0029449462890625,1.6499999999999995,FREE,-218.77823110545847,62.93,93600.0
buy,95465,63.72,2157.2247740671314,0.0,ADAPTIVE_FORCE_BUY->first acceptable 5m signal,2012-07-06 14:05:00,1.0846056938171387,-0.5,FORCE_BUY,,,
sell,95651,64.27,2157.2247740671314,0.0,5m SELL signal,2012-07-10 04:45:00,1.8476511240005493,-0.5,FREE,1186.4736257369161,63.72,95465.0
buy,95670,64.13,2161.9341373662023,0.0,5m BUY signal,2012-07-10 08:25:00,2.757796287536621,1.7999999999999994,FREE,,,
sell,95675,64.34,2161.9341373662023,0.0,5m SELL signal,2012-07-10 08:50:00,2.3739020824432373,-0.5,FREE,454.0061688469197,64.13,95670.0
buy,95740,63.45,2192.259139450614,0.0,5m BUY signal,2012-07-10 14:15:00,4.015746116638184,1.7999999999999994,FREE,,,
sell,103098,69.85,2192.259139450614,0.0,5m SELL signal,2012-09-25 07:50:00,0.6280718445777893,-0.5,FREE,14030.458492483911,63.45,95740.0
buy,103148,69.81,2193.5152684518744,0.0,5m BUY signal,2012-09-25 12:15:00,2.09799861907959,2.0499999999999994,FREE,,,
sell,106784,66.1,2193.5152684518744,0.0,5m SELL signal,2012-11-02 08:30:00,2.0236713886260986,-0.5,FREE,-8137.941645956471,69.81,103148.0
buy,106841,65.76,2204.8564362023853,0.0,5m BUY signal,2012-11-02 13:15:00,1.7703887224197388,1.6499999999999995,FREE,,,
sell,107190,65.93,2204.8564362023853,0.0,5m SELL signal,2012-11-07 04:20:00,2.224776029586792,-0.5,FREE,374.82559415440926,65.76,106841.0
buy,107198,65.47,2220.3480195329657,0.0,5m BUY signal,2012-11-07 07:10:00,1.6030149459838867,1.1499999999999997,FREE,,,
sell,107256,64.318,2220.3480195329657,0.0,5m SELL signal,2012-11-07 12:00:00,2.701852798461914,-0.5,FREE,-2557.8409185019786,65.47,107198.0
buy,107264,64.25,2222.6979598493585,0.0,5m BUY signal,2012-11-07 12:40:00,2.0792839527130127,1.1499999999999997,FREE,,,
sell,107269,64.41,2222.6979598493585,0.0,5m SELL signal,2012-11-07 13:05:00,2.75948166847229,-0.5,FREE,355.6316735758898,64.25,107264.0
buy,107282,64.32,2225.808078263327,0.0,5m BUY signal,2012-11-07 14:10:00,1.36813223361969,1.1499999999999997,FREE,,,
sell,107297,64.52,2225.808078263327,0.0,5m SELL signal,2012-11-07 15:25:00,2.1814088821411133,-0.5,FREE,445.1616156526717,64.32,107282.0
buy,108132,62.14,2311.0578887922406,0.0,5m BUY signal,2012-11-15 09:55:00,4.072259426116943,-0.5,FREE,,,
sell,108174,62.17,2311.0578887922406,0.0,5m SELL signal,2012-11-15 13:25:00,2.5405495166778564,1.8999999999999995,FREE,69.33173666376985,62.14,108132.0
buy,108187,62.11,2313.290435456667,0.0,5m BUY signal,2012-11-15 14:30:00,2.9884164333343506,-0.5,FREE,,,
sell,108267,62.2,2313.290435456667,0.0,5m SELL signal,2012-11-16 08:10:00,2.640871524810791,1.8499999999999996,FREE,208.19613919110793,62.11,108187.0
buy,108279,62.18,2314.034497996216,0.0,5m BUY signal,2012-11-16 09:10:00,3.3246724605560303,2.3999999999999995,FREE,,,
sell,108311,61.84,2314.034497996216,0.0,5m SELL signal,2012-11-16 11:50:00,1.8902819156646729,1.8499999999999996,FREE,-786.771729318705,62.18,108279.0
buy,108341,62.04,2306.5746833669573,0.0,5m BUY signal,2012-11-16 14:20:00,3.2447454929351807,2.3999999999999995,FREE,,,
sell,108355,62.35,2306.5746833669573,0.0,5m SELL signal,2012-11-16 15:30:00,1.9736886024475098,1.8499999999999996,FREE,715.038151843762,62.04,108341.0
buy,108889,64.59,2226.582001980644,0.0,ADAPTIVE_FORCE_BUY->first acceptable 5m signal,2012-11-23 12:20:00,2.099792718887329,-0.5,FORCE_BUY,,,
sell,111112,65.541,2226.582001980644,0.0,5m SELL signal,2012-12-17 15:55:00,1.4894130229949951,-0.5,FREE,2117.4794838835774,64.59,108889.0
buy,111584,65.01,2244.768666233093,0.0,5m BUY signal,2012-12-21 04:00:00,2.655646800994873,0.8999999999999997,FREE,,,
sell,111602,65.08,2244.768666233093,0.0,5m SELL signal,2012-12-21 07:15:00,2.1446568965911865,-0.5,FREE,157.1338066363012,65.01,111584.0
buy,111611,65.05,2245.8039169631006,0.0,5m BUY signal,2012-12-21 08:00:00,2.358854055404663,0.8999999999999997,FREE,,,
sell,111707,65.23,2245.8039169631006,0.0,5m SELL signal,2012-12-21 16:00:00,1.5894042253494263,-0.5,FREE,404.2447050533734,65.05,111611.0
buy,111983,64.405,2274.5716870352157,0.0,ADAPTIVE_FORCE_BUY->first acceptable 5m signal,2012-12-27 09:30:00,2.6272807121276855,2.499999999999999,FORCE_BUY,,,
sell,112326,65.1313,2274.5716870352157,0.0,ADAPTIVE_FORCE_SELL->first acceptable 5m signal,2012-12-31 14:55:00,1.5079245567321777,1.4499999999999995,FORCE_SELL,1652.0214162936654,64.405,111983.0
buy,112795,66.5,2227.7565551849134,0.0,5m BUY signal,2013-01-07 04:25:00,0.46906089782714844,-0.5,FREE,,,
sell,112833,66.55,2227.7565551849134,0.0,5m SELL signal,2013-01-07 10:25:00,2.894932985305786,-0.5,FREE,111.38782775923934,66.5,112795.0
buy,113915,67.1,2209.49625555225,0.0,ADAPTIVE_FORCE_BUY->first acceptable 5m signal,2013-01-17 09:45:00,1.9925590753555298,1.2499999999999996,FORCE_BUY,,,
sell,114460,66.75,2209.49625555225,0.0,5m SELL signal,2013-01-24 04:00:00,1.5179589986801147,1.4999999999999996,FREE,-773.323689443275,67.1,113915.0
buy,114497,66.72,2210.4897340844227,0.0,5m BUY signal,2013-01-24 08:35:00,1.0255048274993896,0.7499999999999998,FREE,,,
sell,114512,67.02,2210.4897340844227,0.0,5m SELL signal,2013-01-24 09:50:00,1.876806616783142,1.4999999999999996,FREE,663.1469202253205,66.72,114497.0
buy,114537,67.1899,2204.900170685445,0.0,5m BUY signal,2013-01-24 11:55:00,0.8011462688446045,0.7499999999999998,FREE,,,
sell,114568,66.72,2204.900170685445,0.0,5m SELL signal,2013-01-24 14:30:00,1.9510034322738647,1.4999999999999996,FREE,-1036.0825902050808,67.1899,114537.0
buy,114596,66.58,2209.536488256727,0.0,5m BUY signal,2013-01-24 16:50:00,1.1889739036560059,0.7499999999999998,FREE,,,
sell,117206,66.72,2209.536488256727,0.0,5m SELL signal,2013-02-21 19:20:00,0.619733452796936,-0.5,FREE,309.335108355943,66.58,114596.0
buy,120538,68.89,2139.937211445621,0.0,ADAPTIVE_FORCE_BUY->first acceptable 5m signal,2013-03-28 08:35:00,0.9937498569488525,0.44999999999999973,FORCE_BUY,,,
sell,121543,68.58,2139.937211445621,0.0,5m SELL signal,2013-04-09 13:05:00,1.6856794357299805,1.6499999999999995,FREE,-663.3805355481473,68.89,120538.0
buy,122205,68.74,2134.9562694346914,0.0,5m BUY signal,2013-04-16 06:40:00,1.8552030324935913,1.6499999999999995,FREE,,,
sell,122214,68.8,2134.9562694346914,0.0,5m SELL signal,2013-04-16 07:40:00,1.901876449584961,-0.5,FREE,128.09737616608635,68.74,122205.0
buy,122293,69.352,2117.96330800996,0.0,5m BUY signal,2013-04-16 14:15:00,1.7395050525665283,1.6499999999999995,FREE,,,
sell,122308,69.45,2117.96330800996,0.0,5m SELL signal,2013-04-16 15:30:00,2.245506763458252,-0.5,FREE,207.56040418497392,69.352,122293.0
buy,123476,69.32,2121.9352530480633,0.0,ADAPTIVE_FORCE_BUY->first acceptable 5m signal,2013-04-26 12:10:00,1.317318320274353,1.2999999999999996,FORCE_BUY,,,
sell,124618,72.68,2121.9352530480633,0.0,5m SELL signal,2013-05-09 09:40:00,0.34745654463768005,-0.5,FREE,7129.702450241522,69.32,123476.0
buy,124671,72.96,2113.7918611778136,0.0,5m BUY signal,2013-05-09 14:05:00,2.475386142730713,2.2499999999999996,FREE,,,
sell,124688,72.7,2113.7918611778136,0.0,5m SELL signal,2013-05-09 15:30:00,0.8008705973625183,-0.5,FREE,-549.5858839062123,72.96,124671.0
buy,124942,73.03,2104.240289026798,0.0,ADAPTIVE_FORCE_BUY->first acceptable 5m signal,2013-05-13 13:45:00,3.4781711101531982,2.1999999999999993,FORCE_BUY,,,
sell,125842,74.79,2104.240289026798,0.0,ADAPTIVE_FORCE_SELL->first acceptable 5m signal,2013-05-22 10:15:00,0.8018742203712463,0.5999999999999996,FORCE_SELL,3703.4629086871755,73.03,124942.0
buy,125943,73.02,2155.2469353096994,0.0,5m BUY signal,2013-05-23 04:00:00,1.9436442852020264,1.4999999999999996,FREE,,,
sell,125985,73.21,2155.2469353096994,0.0,5m SELL signal,2013-05-23 08:45:00,0.5459479093551636,0.4999999999999998,FREE,409.496917708838,73.02,125943.0
buy,126108,73.0,2161.446960740042,0.0,ADAPTIVE_FORCE_BUY->first acceptable 5m signal,2013-05-24 07:05:00,2.2009153366088867,2.0499999999999994,FORCE_BUY,,,
sell,126237,74.15,2161.446960740042,0.0,5m SELL signal,2013-05-28 04:00:00,1.1206798553466797,0.5999999999999996,FREE,2485.6640048510603,73.0,126108.0
buy,126391,73.34,2185.3189547160364,0.0,ADAPTIVE_FORCE_BUY->first acceptable 5m signal,2013-05-29 06:55:00,2.273740291595459,2.2499999999999996,FORCE_BUY,,,
sell,126683,73.43,2185.3189547160364,0.0,ADAPTIVE_FORCE_SELL->first acceptable 5m signal,2013-05-31 06:30:00,1.6623494625091553,1.4499999999999995,FORCE_SELL,196.67870592445072,73.34,126391.0
buy,129963,71.63,2240.2341315761355,0.0,ADAPTIVE_FORCE_BUY->first acceptable 5m signal,2013-07-01 06:20:00,2.836623191833496,2.1999999999999993,FORCE_BUY,,,
sell,136235,75.67,2240.2341315761355,0.0,5m SELL signal,2013-08-29 04:15:00,0.8806418180465698,-0.5,FREE,9050.5458915676,71.63,129963.0
buy,136245,75.51,2244.981018889765,0.0,5m BUY signal,2013-08-29 06:15:00,2.3948206901550293,2.2999999999999994,FREE,,,
sell,136256,75.69,2244.981018889765,0.0,5m SELL signal,2013-08-29 07:30:00,1.0025359392166138,-0.5,FREE,404.0965834001411,75.51,136245.0
buy,136277,75.41,2253.3167128996993,0.0,5m BUY signal,2013-08-29 09:15:00,2.6431727409362793,2.2999999999999994,FREE,,,
sell,136281,75.77,2253.3167128996993,0.0,5m SELL signal,2013-08-29 09:35:00,0.6505589485168457,-0.5,FREE,811.1940166438904,75.41,136277.0
buy,136420,75.97,2247.384590448996,0.0,ADAPTIVE_FORCE_BUY->first acceptable 5m signal,2013-08-30 08:35:00,2.660991668701172,2.1999999999999993,FORCE_BUY,,,
sell,136534,76.32,2247.384590448996,0.0,5m SELL signal,2013-09-03 04:05:00,1.437711477279663,0.9499999999999997,FREE,786.5846066571357,75.97,136420.0
buy,136635,75.681,2266.3600103469475,0.0,5m BUY signal,2013-09-03 13:00:00,2.461696147918701,1.5499999999999994,FREE,,,
sell,136699,75.81,2266.3600103469475,0.0,5m SELL signal,2013-09-03 19:55:00,1.8675720691680908,0.9499999999999997,FREE,292.3604413347673,75.681,136635.0
buy,136713,75.79,2266.9580734186843,0.0,ADAPTIVE_FORCE_BUY->first acceptable 5m signal,2013-09-04 06:20:00,2.413048267364502,1.5499999999999994,FORCE_BUY,,,
sell,137023,76.94,2266.9580734186843,0.0,5m SELL signal,2013-09-06 07:05:00,1.7024143934249878,1.6499999999999995,FREE,2607.0017844314675,75.79,136713.0
buy,137417,77.93,2238.159298971302,0.0,ADAPTIVE_FORCE_BUY->first acceptable 5m signal,2013-09-10 14:30:00,1.3051902055740356,1.0499999999999996,FORCE_BUY,,,
sell,137884,78.69,2238.159298971302,0.0,5m SELL signal,2013-09-16 04:00:00,2.5978496074676514,2.0499999999999994,FREE,1701.0010672181693,77.93,137417.0
buy,137895,78.78,2235.60237669525,0.0,5m BUY signal,2013-09-16 06:30:00,1.7399728298187256,0.8999999999999997,FREE,,,
sell,137949,78.25,2235.60237669525,0.0,5m SELL signal,2013-09-16 11:25:00,2.112499713897705,2.0499999999999994,FREE,-1184.869259648485,78.78,137895.0
buy,137967,78.03,2241.905497583023,0.0,5m BUY signal,2013-09-16 12:55:00,1.1264855861663818,0.8999999999999997,FREE,,,
sell,138252,78.79,2241.905497583023,0.0,5m SELL signal,2013-09-18 14:00:00,1.7007800340652466,1.1499999999999997,FREE,1703.848178163109,78.03,137967.0
buy,138279,79.3,2227.487189843208,0.0,5m BUY signal,2013-09-18 16:15:00,2.633636951446533,2.4499999999999993,FREE,,,
sell,138670,78.675,2227.487189843208,0.0,5m SELL signal,2013-09-23 11:35:00,1.4063729047775269,0.34999999999999987,FREE,-1392.179493652005,79.3,138279.0
buy,138704,78.8099,2223.6743690946746,0.0,5m BUY signal,2013-09-23 14:25:00,1.8969351053237915,1.5499999999999994,FREE,,,
sell,138804,79.04,2223.6743690946746,0.0,5m SELL signal,2013-09-24 10:45:00,1.365501046180725,1.1999999999999997,FREE,511.66747232870085,78.8099,138704.0
buy,138890,78.65,2234.7008535695245,0.0,5m BUY signal,2013-09-25 04:25:00,1.865492820739746,1.1999999999999997,FREE,,,
sell,138895,78.92,2234.7008535695245,0.0,5m SELL signal,2013-09-25 05:15:00,0.9382997751235962,0.7499999999999998,FREE,603.3692304637627,78.65,138890.0
buy,138901,78.84,2236.9684343443287,0.0,5m BUY signal,2013-09-25 06:05:00,1.5109950304031372,1.1999999999999997,FREE,,,
sell,138916,78.78,2236.9684343443287,0.0,5m SELL signal,2013-09-25 08:00:00,0.9935625195503235,0.7499999999999998,FREE,-134.2181060606648,78.84,138901.0
buy,138933,78.6601,2240.3782000994943,0.0,5m BUY signal,2013-09-25 09:30:00,1.7583656311035156,1.1999999999999997,FREE,,,
sell,138945,78.77,2240.3782000994943,0.0,5m SELL signal,2013-09-25 10:30:00,1.0360779762268066,0.7499999999999998,FREE,246.2175641909257,78.6601,138933.0
buy,138952,78.6661,2243.3372294017013,0.0,5m BUY signal,2013-09-25 11:05:00,1.8443819284439087,1.1999999999999997,FREE,,,
sell,138956,78.91,2243.3372294017013,0.0,5m SELL signal,2013-09-25 11:25:00,1.6289770603179932,0.7499999999999998,FREE,547.149950251067,78.6661,138952.0
buy,138981,78.59,2252.471571091592,0.0,5m BUY signal,2013-09-25 13:30:00,1.8956102132797241,1.1999999999999997,FREE,,,
sell,138990,78.65,2252.471571091592,0.0,5m SELL signal,2013-09-25 14:15:00,1.174544095993042,0.7499999999999998,FREE,135.14829426550065,78.59,138981.0
buy,139009,78.59,2254.191233825598,0.0,5m BUY signal,2013-09-25 15:50:00,1.858933925628662,1.1999999999999997,FREE,,,
sell,139011,78.61,2254.191233825598,0.0,5m SELL signal,2013-09-25 16:00:00,1.5581228733062744,0.7499999999999998,FREE,45.08382467650299,78.59,139009.0
buy,139098,79.1,2240.227217332873,0.0,5m BUY signal,2013-09-26 10:45:00,2.5596261024475098,1.2999999999999996,FREE,,,
sell,139109,79.07,2240.227217332873,0.0,5m SELL signal,2013-09-26 11:40:00,1.0418121814727783,0.6499999999999997,FREE,-67.20681651998873,79.1,139098.0
buy,139317,78.915,2244.627334150798,0.0,5m BUY signal,2013-09-27 15:00:00,2.3585360050201416,2.349999999999999,FREE,,,
sell,139329,79.14,2244.627334150798,0.0,5m SELL signal,2013-09-27 16:00:00,1.2946982383728027,1.1499999999999997,FREE,505.04115018391684,78.915,139317.0
buy,139629,79.5,2234.462983958417,0.0,5m BUY signal,2013-10-01 13:35:00,2.0430760383605957,1.5499999999999994,FREE,,,
sell,139657,79.66,2234.462983958417,0.0,5m SELL signal,2013-10-01 15:55:00,2.1210148334503174,1.4499999999999995,FREE,357.51407743333914,79.5,139629.0
buy,139659,79.7,2233.3415470781365,0.0,5m BUY signal,2013-10-01 16:05:00,2.2795655727386475,1.5499999999999994,FREE,,,
sell,139670,79.77,2233.3415470781365,0.0,5m SELL signal,2013-10-01 17:05:00,1.7465380430221558,1.4499999999999995,FREE,156.3339082954543,79.7,139659.0
buy,141628,79.94,2228.59213423096,0.0,5m BUY signal,2013-10-17 09:15:00,0.7799766063690186,0.2999999999999998,FREE,,,
sell,141649,80.42,2228.59213423096,0.0,5m SELL signal,2013-10-17 11:00:00,2.4552254676818848,2.4499999999999993,FREE,1069.7242244308695,79.94,141628.0
buy,141682,80.6,2223.6151294646875,0.0,5m BUY signal,2013-10-17 13:45:00,1.1547104120254517,0.2999999999999998,FREE,,,
sell,141693,80.6201,2223.6151294646875,0.0,5m SELL signal,2013-10-17 14:40:00,2.7554070949554443,2.4499999999999993,FREE,44.694664102238754,80.6,141682.0
buy,142036,82.2451,2179.680906205428,0.0,ADAPTIVE_FORCE_BUY->first acceptable 5m signal,2013-10-21 14:00:00,0.7198815941810608,0.5999999999999996,FORCE_BUY,,,
sell,142112,82.4,2179.680906205428,0.0,5m SELL signal,2013-10-22 07:35:00,0.6047331094741821,-0.5,FREE,337.632572371247,82.2451,142036.0
buy,142149,82.46,2178.09491476264,0.0,5m BUY signal,2013-10-22 10:40:00,2.971850633621216,0.5999999999999996,FREE,,,
sell,142191,82.49,2178.09491476264,0.0,5m SELL signal,2013-10-22 14:10:00,0.2693440020084381,-0.5,FREE,65.34284744288168,82.46,142149.0
buy,142207,82.5092,2177.5880691943466,0.0,5m BUY signal,2013-10-22 15:30:00,2.3803188800811768,0.5999999999999996,FREE,,,
sell,142221,82.43,2177.5880691943466,0.0,5m SELL signal,2013-10-22 16:40:00,0.18295636773109436,-0.5,FREE,-172.4649750801926,82.5092,142207.0
buy,142227,82.32,2180.4978686065356,0.0,5m BUY signal,2013-10-22 18:25:00,2.291959047317505,0.5999999999999996,FREE,,,
sell,142300,82.13,2180.4978686065356,0.0,5m SELL signal,2013-10-23 09:30:00,0.9879783391952515,0.7499999999999998,FREE,-414.2945950352368,82.32,142227.0
buy,142306,81.82,2188.759349164688,0.0,5m BUY signal,2013-10-23 10:00:00,2.5842177867889404,-0.5,FREE,,,
sell,142473,82.12,2188.759349164688,0.0,5m SELL signal,2013-10-24 10:10:00,1.154037356376648,-0.5,FREE,656.6278047494313,81.82,142306.0
buy,142539,82.27,2184.7686611572162,0.0,ADAPTIVE_FORCE_BUY->first acceptable 5m signal,2013-10-24 15:40:00,2.319582939147949,-0.5,FORCE_BUY,,,
sell,142747,83.07,2184.7686611572162,0.0,5m SELL signal,2013-10-28 04:00:00,0.32406744360923767,-0.5,FREE,1747.8149289257667,82.27,142539.0
buy,142770,83.03,2185.821181287847,0.0,5m BUY signal,2013-10-28 06:35:00,2.4079346656799316,-0.5,FREE,,,
sell,142812,82.92,2185.821181287847,0.0,5m SELL signal,2013-10-28 10:15:00,0.4996242821216583,-0.5,FREE,-240.44032994166193,83.03,142770.0
buy,142819,82.6301,2193.4899310588794,0.0,5m BUY signal,2013-10-28 10:50:00,2.38509202003479,-0.5,FREE,,,
sell,142832,82.76,2193.4899310588794,0.0,5m SELL signal,2013-10-28 11:55:00,0.09282232075929642,-0.5,FREE,284.93434204456236,82.6301,142819.0
buy,142869,82.9301,2188.9908090600743,0.0,5m BUY signal,2013-10-28 15:00:00,2.0372636318206787,-0.5,FREE,,,
sell,142899,82.86,2188.9908090600743,0.0,5m SELL signal,2013-10-28 17:30:00,0.30770429968833923,-0.5,FREE,-153.44825571510356,82.9301,142869.0
buy,142939,83.01,2185.035278143811,0.0,5m BUY signal,2013-10-29 05:20:00,1.725858449935913,1.3499999999999996,FREE,,,
sell,143021,83.06,2185.035278143811,0.0,5m SELL signal,2013-10-29 12:25:00,1.2927335500717163,1.1999999999999997,FREE,109.25176390718434,83.01,142939.0
buy,143256,82.87,2190.045012702123,0.0,ADAPTIVE_FORCE_BUY->first acceptable 5m signal,2013-10-30 18:10:00,2.3979814052581787,1.8499999999999996,FORCE_BUY,,,
sell,143299,82.9,2190.045012702123,0.0,5m SELL signal,2013-10-31 06:15:00,1.2576282024383545,0.6999999999999997,FREE,65.70135038106618,82.87,143256.0
buy,143333,82.77,2193.4847354476988,0.0,5m BUY signal,2013-10-31 09:25:00,2.1966042518615723,2.0999999999999996,FREE,,,
sell,143346,82.66,2193.4847354476988,0.0,5m SELL signal,2013-10-31 10:30:00,0.8560580015182495,0.6999999999999997,FREE,-241.2833208992456,82.77,143333.0
buy,143379,83.165,2180.1653127169693,0.0,5m BUY signal,2013-10-31 13:15:00,2.1348013877868652,2.0999999999999996,FREE,,,
sell,144017,82.83,2180.1653127169693,0.0,ADAPTIVE_FORCE_SELL->first acceptable 5m signal,2013-11-07 07:35:00,1.2669641971588135,0.9499999999999997,FORCE_SELL,-730.355379760202,83.165,143379.0
buy,144346,82.51,2188.620686611884,0.0,ADAPTIVE_FORCE_BUY->first acceptable 5m signal,2013-11-11 08:25:00,1.8263822793960571,1.5999999999999996,FORCE_BUY,,,
sell,144468,82.22,2188.620686611884,0.0,5m SELL signal,2013-11-12 06:25:00,1.9377833604812622,-0.5,FREE,-634.69999911746,82.51,144346.0
buy,144945,83.89,2145.0517684256656,0.0,ADAPTIVE_FORCE_BUY->first acceptable 5m signal,2013-11-15 07:10:00,1.035229206085205,0.7499999999999998,FORCE_BUY,,,
sell,145108,83.92,2145.0517684256656,0.0,ADAPTIVE_FORCE_SELL->first acceptable 5m signal,2013-11-18 09:40:00,2.058518886566162,1.9499999999999993,FORCE_SELL,64.3515530527724,83.89,144945.0
buy,145211,83.02,2168.305762542542,0.0,5m BUY signal,2013-11-19 05:10:00,2.823007583618164,0.7499999999999998,FREE,,,
sell,145239,83.16,2168.305762542542,0.0,5m SELL signal,2013-11-19 09:05:00,2.339674472808838,1.9499999999999993,FREE,303.5628067559571,83.02,145211.0
buy,145260,83.27,2165.441422037202,0.0,5m BUY signal,2013-11-19 10:50:00,1.5420174598693848,0.7499999999999998,FREE,,,
sell,145275,83.3,2165.441422037202,0.0,5m SELL signal,2013-11-19 12:05:00,3.0738656520843506,1.9499999999999993,FREE,64.96324266111851,83.27,145260.0
buy,145284,83.21,2167.7835651448013,0.0,5m BUY signal,2013-11-19 12:50:00,1.1128109693527222,0.7499999999999998,FREE,,,
sell,145307,82.98,2167.7835651448013,0.0,5m SELL signal,2013-11-19 14:45:00,2.900160551071167,1.9499999999999993,FREE,-498.5902199832821,83.21,145284.0
buy,145317,82.8999,2169.878132973811,0.0,5m BUY signal,2013-11-19 15:35:00,1.7084234952926636,0.7499999999999998,FREE,,,
sell,145365,83.03,2169.878132973811,0.0,ADAPTIVE_FORCE_SELL->first acceptable 5m signal,2013-11-20 08:15:00,2.767364978790283,-0.5,FORCE_SELL,282.3011450998901,82.8999,145317.0
buy,145601,83.53,2156.889517308937,0.0,ADAPTIVE_FORCE_BUY->first acceptable 5m signal,2013-11-21 15:50:00,1.680149793624878,1.4999999999999996,FORCE_BUY,,,
sell,146418,85.44,2156.889517308937,0.0,5m SELL signal,2013-12-03 09:15:00,1.6169121265411377,1.1999999999999997,FREE,4119.658978060062,83.53,145601.0
buy,146442,85.42,2157.394525390723,0.0,5m BUY signal,2013-12-03 11:15:00,0.8765841126441956,0.4999999999999998,FREE,,,
sell,146459,85.359,2157.394525390723,0.0,5m SELL signal,2013-12-03 12:40:00,1.462071418762207,1.1999999999999997,FREE,-131.60106604884933,85.42,146442.0
buy,146470,85.15,2162.689833151224,0.0,5m BUY signal,2013-12-03 13:35:00,0.7143037915229797,0.4999999999999998,FREE,,,
sell,146496,85.36,2162.689833151224,0.0,5m SELL signal,2013-12-03 15:45:00,1.4882235527038574,1.1999999999999997,FREE,454.1648649617435,85.15,146470.0
buy,146733,85.2599,2165.22895473474,0.0,5m BUY signal,2013-12-05 11:35:00,1.6444905996322632,1.4499999999999995,FREE,,,
sell,147242,86.25,2165.22895473474,0.0,ADAPTIVE_FORCE_SELL->first acceptable 5m signal,2013-12-11 05:05:00,0.739445149898529,0.5999999999999996,FORCE_SELL,2143.7931880828623,85.2599,146733.0
buy,147446,85.05,2195.778922350045,0.0,5m BUY signal,2013-12-12 10:15:00,1.7957789897918701,0.4999999999999998,FREE,,,
sell,147586,85.36,2195.778922350045,0.0,5m SELL signal,2013-12-13 09:25:00,1.152626633644104,-0.5,FREE,680.6914659285189,85.05,147446.0
buy,147592,84.96,2206.116864545667,0.0,5m BUY signal,2013-12-13 09:55:00,1.930657148361206,1.6999999999999993,FREE,,,
sell,147630,84.99,2206.116864545667,0.0,5m SELL signal,2013-12-13 13:05:00,0.8786613345146179,-0.5,FREE,66.18350593637251,84.96,147592.0
buy,147643,84.76,2212.103260001607,0.0,5m BUY signal,2013-12-13 14:10:00,1.7091442346572876,1.6999999999999993,FREE,,,
sell,147652,84.89,2212.103260001607,0.0,5m SELL signal,2013-12-13 14:55:00,1.472564697265625,-0.5,FREE,287.57342380019884,84.76,147643.0
buy,147798,85.33,2200.696656996794,0.0,5m BUY signal,2013-12-16 15:20:00,1.408905267715454,1.2999999999999996,FREE,,,
sell,147836,85.26,2200.696656996794,0.0,5m SELL signal,2013-12-17 05:40:00,1.267795205116272,-0.5,FREE,-154.04876598976057,85.33,147798.0
buy,147867,85.13,2204.0572885650968,0.0,5m BUY signal,2013-12-17 09:40:00,1.4301481246948242,1.3499999999999996,FREE,,,
sell,147873,85.32,2204.0572885650968,0.0,5m SELL signal,2013-12-17 10:10:00,1.4790915250778198,-0.5,FREE,418.7708848273634,85.13,147867.0
buy,147943,85.09,2210.0149002276885,0.0,5m BUY signal,2013-12-17 16:00:00,1.374463438987732,1.3499999999999996,FREE,,,
sell,148272,85.9,2210.0149002276885,0.0,5m SELL signal,2013-12-19 17:45:00,1.4148340225219727,-0.5,FREE,1790.1120691844328,85.09,147943.0
buy,148279,85.8,2212.590675169679,0.0,5m BUY signal,2013-12-20 04:20:00,1.0824122428894043,0.9999999999999996,FREE,,,
sell,148315,86.115,2212.590675169679,0.0,5m SELL signal,2013-12-20 09:50:00,1.5183666944503784,1.4499999999999995,FREE,696.9660626784438,85.8,148279.0
buy,148319,86.07,2213.7474845153583,0.0,5m BUY signal,2013-12-20 10:10:00,1.0864225625991821,0.9999999999999996,FREE,,,
sell,148320,86.16,2213.7474845153583,0.0,5m SELL signal,2013-12-20 10:15:00,1.4673974514007568,1.4499999999999995,FREE,199.2372736063898,86.07,148319.0
buy,148383,86.545,2203.8995119977267,0.0,5m BUY signal,2013-12-20 15:30:00,1.0084460973739624,0.9999999999999996,FREE,,,
sell,148413,86.64,2203.8995119977267,0.0,5m SELL signal,2013-12-20 18:30:00,1.6155061721801758,1.4499999999999995,FREE,209.37045363978152,86.545,148383.0
buy,148468,87.16,2190.750960526423,0.0,ADAPTIVE_FORCE_BUY->first acceptable 5m signal,2013-12-23 09:10:00,1.0010485649108887,0.9499999999999997,FORCE_BUY,,,
sell,148813,87.77,2190.750960526423,0.0,5m SELL signal,2013-12-27 06:45:00,1.4886010885238647,-0.5,FREE,1336.3580859211168,87.16,148468.0
buy,148845,87.7,2192.499564485794,0.0,5m BUY signal,2013-12-27 10:30:00,0.607903778553009,-0.5,FREE,,,
sell,148857,87.64,2192.499564485794,0.0,5m SELL signal,2013-12-27 11:30:00,1.5270112752914429,-0.5,FREE,-131.54997386915264,87.7,148845.0
buy,148872,87.58,2194.0016194511873,0.0,5m BUY signal,2013-12-27 12:45:00,0.2753438353538513,-0.5,FREE,,,
sell,148892,87.57,2194.0016194511873,0.0,5m SELL signal,2013-12-27 14:25:00,1.3550666570663452,-0.5,FREE,-21.940016194523096,87.58,148872.0
buy,148898,87.47,2196.5099098586998,0.0,5m BUY signal,2013-12-27 14:55:00,0.7231919169425964,-0.5,FREE,,,
sell,148971,87.38,2196.5099098586998,0.0,5m SELL signal,2013-12-30 11:10:00,1.8561745882034302,-0.5,FREE,-197.68589188729047,87.47,148898.0
buy,148990,87.31,2198.270941741532,0.0,5m BUY signal,2013-12-30 12:45:00,1.1435738801956177,-0.5,FREE,,,
sell,149012,87.45,2198.270941741532,0.0,5m SELL signal,2013-12-30 14:35:00,1.5241048336029053,-0.5,FREE,307.75793184381575,87.31,148990.0
buy,149020,87.421,2199.000169928244,0.0,5m BUY signal,2013-12-30 15:15:00,0.4486018121242523,-0.5,FREE,,,
sell,149032,87.39,2199.000169928244,0.0,5m SELL signal,2013-12-30 16:15:00,1.6716711521148682,-0.5,FREE,-68.16900526778856,87.421,149020.0
buy,149095,87.76,2189.7290889930405,0.0,5m BUY signal,2013-12-31 12:05:00,1.7637892961502075,1.5499999999999994,FREE,,,
sell,149139,87.87,2189.7290889930405,0.0,5m SELL signal,2013-12-31 15:45:00,1.378816843032837,1.2499999999999996,FREE,240.8701997892332,87.76,149095.0
buy,149171,87.83,2190.72634691812,0.0,5m BUY signal,2014-01-02 04:05:00,2.2642555236816406,2.0999999999999996,FREE,,,
sell,149227,87.34,2190.72634691812,0.0,5m SELL signal,2014-01-02 10:40:00,2.0904266834259033,1.6499999999999995,FREE,-1073.4559099898675,87.83,149171.0
buy,149350,86.94,2200.8056031726314,0.0,5m BUY signal,2014-01-03 11:10:00,2.7234315872192383,2.4499999999999993,FREE,,,
sell,149512,86.38,2200.8056031726314,0.0,5m SELL signal,2014-01-06 13:50:00,0.8051975965499878,-0.5,FREE,-1232.4511377766787,86.94,149350.0
buy,149595,86.67,2193.4416522678193,0.0,5m BUY signal,2014-01-07 09:30:00,1.52747642993927,1.2999999999999996,FREE,,,
sell,149596,86.79,2193.4416522678193,0.0,5m SELL signal,2014-01-07 09:35:00,1.3863660097122192,1.0999999999999996,FREE,263.2129982721483,86.67,149595.0
buy,149621,86.99,2188.398678012692,0.0,5m BUY signal,2014-01-07 11:40:00,1.5717082023620605,1.2999999999999996,FREE,,,
sell,149631,87.06,2188.398678012692,0.0,5m SELL signal,2014-01-07 12:30:00,1.2592859268188477,1.0999999999999996,FREE,153.18790746090463,86.99,149621.0
buy,149801,87.1948,2185.015492985648,0.0,5m BUY signal,2014-01-08 15:15:00,1.861696720123291,1.2999999999999996,FREE,,,
sell,150350,87.65,2185.015492985648,0.0,ADAPTIVE_FORCE_SELL->first acceptable 5m signal,2014-01-14 14:50:00,1.8198957443237305,1.0499999999999996,FORCE_SELL,994.6190524070778,87.1948,149801.0
buy,150874,88.32,2168.43985462174,0.0,ADAPTIVE_FORCE_BUY->first acceptable 5m signal,2014-01-21 10:15:00,0.8327525854110718,0.44999999999999973,FORCE_BUY,,,
sell,151143,88.75,2168.43985462174,0.0,5m SELL signal,2014-01-23 07:40:00,1.4810841083526611,1.2999999999999996,FREE,932.4291374873629,88.32,150874.0
buy,151156,88.6,2172.111028190513,0.0,5m BUY signal,2014-01-23 08:45:00,0.5958408713340759,0.44999999999999973,FREE,,,
sell,151361,87.36,2172.111028190513,0.0,ADAPTIVE_FORCE_SELL->first acceptable 5m signal,2014-01-24 11:50:00,2.181380271911621,-0.5,FORCE_SELL,-2693.4176749562253,88.6,151156.0
buy,152597,84.09,2256.5777074886814,0.0,5m BUY signal,2014-02-05 10:15:00,3.031057357788086,2.349999999999999,FREE,,,
sell,152706,85.13,2256.5777074886814,0.0,5m SELL signal,2014-02-06 04:50:00,1.369784951210022,-0.5,FREE,2346.840815788211,84.09,152597.0
buy,152726,84.86,2263.7574857236796,0.0,5m BUY signal,2014-02-06 07:35:00,2.372455596923828,2.349999999999999,FREE,,,
sell,152736,85.09,2263.7574857236796,0.0,5m SELL signal,2014-02-06 08:25:00,1.143088459968567,-0.5,FREE,520.6642217164554,84.86,152726.0
buy,152829,85.63,2249.481775782178,0.0,5m BUY signal,2014-02-06 16:10:00,2.9563896656036377,2.349999999999999,FREE,,,
sell,152916,86.6,2249.481775782178,0.0,5m SELL signal,2014-02-07 11:30:00,2.3436038494110107,1.9499999999999993,FREE,2181.99732250871,85.63,152829.0
buy,153051,87.35,2230.167393047929,0.0,5m BUY signal,2014-02-10 10:45:00,1.2323579788208008,1.1499999999999997,FREE,,,
sell,153058,87.62,2230.167393047929,0.0,5m SELL signal,2014-02-10 11:20:00,2.538717746734619,1.9499999999999993,FREE,602.1451961229637,87.35,153051.0
buy,153274,88.65,2204.2556906808745,0.0,5m BUY signal,2014-02-11 16:10:00,1.2890644073486328,1.1499999999999997,FREE,,,
sell,153348,88.92,2204.2556906808745,0.0,5m SELL signal,2014-02-12 09:20:00,3.8203518390655518,1.9499999999999993,FREE,595.1490364838273,88.65,153274.0
buy,153410,88.95,2203.5122654900883,0.0,5m BUY signal,2014-02-12 14:30:00,1.4786818027496338,1.1499999999999997,FREE,,,
sell,153479,88.6,2203.5122654900883,0.0,5m SELL signal,2014-02-13 07:00:00,3.791909694671631,-0.5,FREE,-771.2292929215497,88.95,153410.0
buy,153537,89.31,2185.994700732525,0.0,5m BUY signal,2014-02-13 11:55:00,0.9945234060287476,0.5499999999999998,FREE,,,
sell,153546,89.4,2185.994700732525,0.0,5m SELL signal,2014-02-13 12:40:00,3.973822832107544,-0.5,FREE,196.7395230659347,89.31,153537.0
buy,153656,89.47,2184.284410925313,0.0,5m BUY signal,2014-02-14 09:30:00,1.1422210931777954,0.2999999999999998,FREE,,,
sell,153668,89.76,2184.284410925313,0.0,5m SELL signal,2014-02-14 10:30:00,4.160266399383545,-0.5,FREE,633.4424791683543,89.47,153656.0
buy,153725,89.8799,2181.370570335037,0.0,5m BUY signal,2014-02-14 15:15:00,0.5125659704208374,0.2999999999999998,FREE,,,
sell,153745,89.86,2181.370570335037,0.0,5m SELL signal,2014-02-14 17:00:00,4.099386215209961,-0.5,FREE,-43.40927434968231,89.8799,153725.0
buy,154231,90.27,2171.462938410396,0.0,5m BUY signal,2014-02-21 08:10:00,2.0961697101593018,1.7999999999999994,FREE,,,
sell,154293,90.25,2171.462938410396,0.0,5m SELL signal,2014-02-21 13:20:00,2.6885428428649902,-0.5,FREE,-43.429258768199276,90.27,154231.0
buy,154302,90.08,2175.560947952245,0.0,5m BUY signal,2014-02-21 14:05:00,2.1271820068359375,1.7999999999999994,FREE,,,
sell,154317,90.06,2175.560947952245,0.0,5m SELL signal,2014-02-21 15:20:00,4.743825435638428,-0.5,FREE,-43.51121895903624,90.08,154302.0
buy,154323,89.901,2179.4086714561486,0.0,5m BUY signal,2014-02-21 15:50:00,2.3355634212493896,1.7999999999999994,FREE,,,
sell,154451,90.8,2179.4086714561486,0.0,5m SELL signal,2014-02-24 13:30:00,3.4661152362823486,2.349999999999999,FREE,1959.2883956390795,89.901,154323.0
buy,154475,90.56,2185.184489490043,0.0,5m BUY signal,2014-02-24 15:30:00,2.4811997413635254,1.8499999999999996,FREE,,,
sell,154661,90.61,2185.184489490043,0.0,ADAPTIVE_FORCE_SELL->first acceptable 5m signal,2014-02-26 04:05:00,1.4011110067367554,0.8999999999999997,FORCE_SELL,109.25922447449592,90.56,154475.0
buy,154806,90.12,2197.065763345459,0.0,5m BUY signal,2014-02-27 04:05:00,2.2225053310394287,1.8999999999999995,FREE,,,
sell,154866,90.1,2197.065763345459,0.0,5m SELL signal,2014-02-27 10:35:00,1.616524338722229,0.9499999999999997,FREE,-43.94131526693166,90.12,154806.0
buy,154915,90.2301,2193.897881942122,0.0,5m BUY signal,2014-02-27 14:40:00,1.9815505743026733,1.8999999999999995,FREE,,,
sell,154920,90.38,2193.897881942122,0.0,5m SELL signal,2014-02-27 15:05:00,1.2160274982452393,0.9499999999999997,FREE,328.86529250312924,90.2301,154915.0
buy,155301,90.6,2188.570536091931,0.0,ADAPTIVE_FORCE_BUY->first acceptable 5m signal,2014-03-04 08:00:00,2.1732139587402344,-0.5,FORCE_BUY,,,
sell,155567,91.22,2188.570536091931,0.0,5m SELL signal,2014-03-06 04:00:00,1.441131830215454,1.1999999999999997,FREE,1356.9137323770071,90.6,155301.0
buy,155646,91.03,2193.1385730232446,0.0,5m BUY signal,2014-03-06 13:25:00,1.609069585800171,-0.5,FREE,,,
sell,155732,91.25,2193.1385730232446,0.0,5m SELL signal,2014-03-07 08:30:00,1.464415431022644,1.1999999999999997,FREE,482.4904860651113,91.03,155646.0
buy,155740,91.26,2192.8982554062136,0.0,5m BUY signal,2014-03-07 09:10:00,0.9933764338493347,-0.5,FREE,,,
sell,155769,90.33,2192.8982554062136,0.0,5m SELL signal,2014-03-07 11:35:00,2.098804473876953,1.1999999999999997,FREE,-2039.3953775277937,91.26,155740.0
buy,155786,90.15,2197.2767544186718,0.0,5m BUY signal,2014-03-07 13:00:00,1.966989278793335,-0.5,FREE,,,
sell,155986,90.74,2197.2767544186718,0.0,ADAPTIVE_FORCE_SELL->first acceptable 5m signal,2014-03-11 08:40:00,1.3658214807510376,1.2999999999999996,FORCE_SELL,1296.3932851069926,90.15,155786.0
buy,156110,89.88,2218.300986826327,0.0,5m BUY signal,2014-03-12 06:05:00,1.6165273189544678,1.4499999999999995,FREE,,,
sell,156124,89.91,2218.300986826327,0.0,5m SELL signal,2014-03-12 07:50:00,1.8841122388839722,1.3999999999999995,FREE,66.54902960479234,89.88,156110.0
buy,156133,89.77,2221.7605182750926,0.0,5m BUY signal,2014-03-12 08:35:00,1.5825451612472534,1.4499999999999995,FREE,,,
sell,156235,90.64,2221.7605182750926,0.0,5m SELL signal,2014-03-12 17:05:00,1.4158574342727661,1.3999999999999995,FREE,1932.9316508993406,89.77,156133.0
buy,156246,90.58,2223.232207732992,0.0,5m BUY signal,2014-03-12 18:30:00,1.4558948278427124,1.4499999999999995,FREE,,,
sell,156254,90.75,2223.232207732992,0.0,5m SELL signal,2014-03-12 19:55:00,1.9837901592254639,1.3999999999999995,FREE,377.9494753146124,90.58,156246.0
buy,157004,89.65,2250.5111305272617,0.0,5m BUY signal,2014-03-20 06:35:00,1.7784935235977173,1.6999999999999993,FREE,,,
sell,157072,90.39,2250.5111305272617,0.0,5m SELL signal,2014-03-20 12:30:00,2.476452589035034,2.3999999999999995,FREE,1665.378236590162,89.65,157004.0
buy,157103,90.29,2253.003666943838,0.0,5m BUY signal,2014-03-20 15:05:00,1.7342621088027954,1.6999999999999993,FREE,,,
sell,157145,90.55,2253.003666943838,0.0,ADAPTIVE_FORCE_SELL->first acceptable 5m signal,2014-03-21 04:50:00,1.3953924179077148,1.1499999999999997,FORCE_SELL,585.7809534053774,90.29,157103.0
buy,157296,89.23,2286.332870579004,0.0,5m BUY signal,2014-03-24 05:15:00,2.2723944187164307,2.0499999999999994,FREE,,,
sell,157324,89.32,2286.332870579004,0.0,5m SELL signal,2014-03-24 09:25:00,2.46386456489563,-0.5,FREE,205.76995835208567,89.23,157296.0
buy,157507,88.03,2319.8370101115147,0.0,5m BUY signal,2014-03-25 11:45:00,2.1880156993865967,2.0499999999999994,FREE,,,
sell,157581,88.7,2319.8370101115147,0.0,5m SELL signal,2014-03-25 19:00:00,1.4967923164367676,-0.5,FREE,1554.2907967747187,88.03,157507.0
buy,157785,87.33,2356.229735450491,0.0,5m BUY signal,2014-03-27 08:35:00,3.993816614151001,1.9499999999999993,FREE,,,
sell,157793,87.33,2356.229735450491,0.0,5m SELL signal,2014-03-27 09:15:00,2.6438398361206055,-0.5,FREE,0.0,87.33,157785.0
buy,157796,87.07,2363.2656804512617,0.0,5m BUY signal,2014-03-27 09:30:00,4.596232891082764,1.9499999999999993,FREE,,,
sell,157802,87.1,2363.2656804512617,0.0,5m SELL signal,2014-03-27 10:00:00,3.1733200550079346,-0.5,FREE,70.89797041354053,87.07,157796.0
buy,157815,87.01,2365.7101570774034,0.0,5m BUY signal,2014-03-27 11:05:00,3.7804954051971436,1.9499999999999993,FREE,,,
sell,157920,87.32,2365.7101570774034,0.0,5m SELL signal,2014-03-28 05:55:00,1.4844526052474976,0.6999999999999997,FREE,733.3701486939668,87.01,157815.0
buy,157928,87.23,2368.150990668335,0.0,5m BUY signal,2014-03-28 06:55:00,3.1778366565704346,2.499999999999999,FREE,,,
sell,157938,87.26,2368.150990668335,0.0,5m SELL signal,2014-03-28 07:55:00,1.8964831829071045,0.6999999999999997,FREE,71.04452972005274,87.23,157928.0
buy,157946,87.2,2369.7804523591617,0.0,5m BUY signal,2014-03-28 08:35:00,3.350101947784424,2.499999999999999,FREE,,,
sell,157963,87.73,2369.7804523591617,0.0,5m SELL signal,2014-03-28 10:00:00,1.4338164329528809,0.6999999999999997,FREE,1255.9836397503584,87.2,157946.0
buy,157982,87.73,2369.7804523591617,0.0,5m BUY signal,2014-03-28 11:35:00,2.96865177154541,2.499999999999999,FREE,,,
sell,158036,87.12,2369.7804523591617,0.0,5m SELL signal,2014-03-28 16:05:00,1.7948189973831177,0.6999999999999997,FREE,-1445.5660759390873,87.73,157982.0
buy,158129,87.75,2352.76664398325,0.0,ADAPTIVE_FORCE_BUY->first acceptable 5m signal,2014-03-31 11:20:00,3.230333089828491,-0.5,FORCE_BUY,,,
sell,158771,86.51,2352.76664398325,0.0,ADAPTIVE_FORCE_SELL->first acceptable 5m signal,2014-04-04 15:10:00,2.6908371448516846,-0.5,FORCE_SELL,-2917.4306385392183,87.75,158129.0
buy,158823,85.9,2369.4743000115363,0.0,5m BUY signal,2014-04-07 04:00:00,3.512216329574585,2.4499999999999993,FREE,,,
sell,158861,85.85,2369.4743000115363,0.0,5m SELL signal,2014-04-07 08:00:00,2.3745830059051514,-0.5,FREE,-118.47371500060376,85.9,158823.0
buy,158879,86.04,2364.2418486284328,0.0,5m BUY signal,2014-04-07 09:30:00,2.5532848834991455,2.4499999999999993,FREE,,,
sell,158880,85.85,2364.2418486284328,0.0,5m SELL signal,2014-04-07 09:35:00,2.4670214653015137,-0.5,FREE,-449.2059512394304,86.04,158879.0
buy,158907,85.68,2368.9328046772985,0.0,5m BUY signal,2014-04-07 11:50:00,2.878755569458008,2.4499999999999993,FREE,,,
sell,159192,86.53,2368.9328046772985,0.0,5m SELL signal,2014-04-09 08:15:00,1.8704360723495483,1.2999999999999996,FREE,2013.5928839756903,85.68,158907.0
buy,159491,85.11,2408.456768754866,0.0,5m BUY signal,2014-04-11 04:15:00,4.233388900756836,2.3999999999999995,FREE,,,
sell,159835,85.2,2408.456768754866,0.0,5m SELL signal,2014-04-15 08:25:00,2.5850226879119873,-0.5,FREE,216.76110918794615,85.11,159491.0
buy,159856,84.74,2421.530761127149,0.0,5m BUY signal,2014-04-15 10:10:00,3.920229911804199,2.2999999999999994,FREE,,,
sell,159872,84.29,2421.530761127149,0.0,5m SELL signal,2014-04-15 11:30:00,2.6722609996795654,-0.5,FREE,-1089.6888425071895,84.74,159856.0
buy,159877,83.77,2436.5623475636553,0.0,5m BUY signal,2014-04-15 11:55:00,3.3303425312042236,2.2999999999999994,FREE,,,
sell,159896,83.94,2436.5623475636553,0.0,5m SELL signal,2014-04-15 13:30:00,2.735719680786133,-0.5,FREE,414.21559908582554,83.77,159877.0
buy,159926,85.16,2401.6562171734763,0.0,5m BUY signal,2014-04-15 16:00:00,3.3794195652008057,2.2999999999999994,FREE,,,
sell,160624,87.51,2401.6562171734763,0.0,5m SELL signal,2014-04-23 09:20:00,3.7274866104125977,2.2999999999999994,FREE,5643.8921103576895,85.16,159926.0
buy,160632,86.8801,2419.068757573379,0.0,5m BUY signal,2014-04-23 10:00:00,2.235297918319702,2.1499999999999995,FREE,,,
sell,160718,88.0,2419.068757573379,0.0,5m SELL signal,2014-04-23 17:10:00,3.900385618209839,2.2999999999999994,FREE,2709.11510160643,86.8801,160632.0
buy,160849,87.56,2431.2248819832957,0.0,5m BUY signal,2014-04-24 13:40:00,1.5603007078170776,-0.5,FREE,,,
sell,160860,87.57,2431.2248819832957,0.0,5m SELL signal,2014-04-24 14:35:00,3.463858127593994,-0.5,FREE,24.312248819810847,87.56,160849.0
buy,160874,87.5627,2431.4275703613202,0.0,5m BUY signal,2014-04-24 15:45:00,1.4899624586105347,-0.5,FREE,,,
sell,160877,87.71,2431.4275703613202,0.0,5m SELL signal,2014-04-24 16:00:00,3.5353903770446777,-0.5,FREE,358.1492811141911,87.5627,160874.0
buy,160918,87.52,2436.7060351507243,0.0,5m BUY signal,2014-04-25 04:35:00,1.9125252962112427,1.8499999999999996,FREE,,,
sell,160981,86.49,2436.7060351507243,0.0,5m SELL signal,2014-04-25 11:25:00,2.9470701217651367,-0.5,FREE,-2509.807216205249,87.52,160918.0
buy,160995,86.42,2438.6797613999784,0.0,5m BUY signal,2014-04-25 12:35:00,1.9932790994644165,1.8499999999999996,FREE,,,
sell,161113,86.8735,2438.6797613999784,0.0,ADAPTIVE_FORCE_SELL->first acceptable 5m signal,2014-04-28 10:10:00,3.3424506187438965,-0.5,FORCE_SELL,1105.9412717949033,86.42,160995.0
buy,161264,86.79,2441.0259966814265,0.0,ADAPTIVE_FORCE_BUY->first acceptable 5m signal,2014-04-29 09:35:00,2.9688031673431396,2.2999999999999994,FORCE_BUY,,,
sell,161418,87.09,2441.0259966814265,0.0,5m SELL signal,2014-04-30 10:30:00,1.7418838739395142,1.5499999999999994,FREE,732.307799004421,86.79,161264.0
buy,161426,86.99,2443.832096229284,0.0,5m BUY signal,2014-04-30 11:10:00,2.420863389968872,2.3999999999999995,FREE,,,
sell,161438,87.18,2443.832096229284,0.0,5m SELL signal,2014-04-30 12:10:00,1.7605619430541992,1.5499999999999994,FREE,464.32809828359314,86.99,161426.0
buy,161536,87.51,2434.6164112589304,0.0,5m BUY signal,2014-05-01 08:45:00,2.1693456172943115,1.9999999999999996,FREE,,,
sell,161560,87.85,2434.6164112589304,0.0,5m SELL signal,2014-05-01 10:45:00,2.3732852935791016,1.4999999999999996,FREE,827.76957982801,87.51,161536.0
buy,161633,87.74,2437.66869989853,0.0,5m BUY signal,2014-05-01 16:50:00,2.034850835800171,1.9999999999999996,FREE,,,
sell,161667,87.86,2437.66869989853,0.0,5m SELL signal,2014-05-02 08:30:00,1.803866982460022,1.6499999999999995,FREE,292.5202439878347,87.74,161633.0
buy,161683,87.59,2445.18292011742,0.0,5m BUY signal,2014-05-02 09:50:00,2.2854013442993164,1.9499999999999993,FREE,,,
sell,161703,87.72,2445.18292011742,0.0,5m SELL signal,2014-05-02 11:30:00,2.3032989501953125,1.6499999999999995,FREE,317.8737796152535,87.59,161683.0
buy,161732,87.47,2452.17155313479,0.0,5m BUY signal,2014-05-02 13:55:00,2.1768505573272705,1.9499999999999993,FREE,,,
sell,161740,87.59,2452.17155313479,0.0,5m SELL signal,2014-05-02 14:35:00,2.503626585006714,1.6499999999999995,FREE,294.2605863761859,87.47,161732.0
buy,161757,87.7604,2447.410293698254,0.0,5m BUY signal,2014-05-02 16:00:00,1.9899979829788208,1.9499999999999993,FREE,,,
sell,161830,87.39,2447.410293698254,0.0,5m SELL signal,2014-05-05 10:00:00,1.1677533388137817,-0.5,FREE,-906.5207727858422,87.7604,161757.0
buy,161868,87.57,2442.3796456125438,0.0,5m BUY signal,2014-05-05 13:10:00,2.4313600063323975,1.4999999999999996,FREE,,,
sell,161872,87.67,2442.3796456125438,0.0,5m SELL signal,2014-05-05 13:30:00,2.79976487159729,-0.5,FREE,244.2379645612752,87.57,161868.0
buy,161944,87.95,2434.6040196799513,0.0,5m BUY signal,2014-05-06 07:15:00,1.7962077856063843,1.5999999999999996,FREE,,,
sell,161962,87.83,2434.6040196799513,0.0,5m SELL signal,2014-05-06 09:25:00,2.6626036167144775,2.2499999999999996,FREE,-292.1524823616052,87.95,161944.0
buy,161964,87.66,2439.3254739731933,0.0,5m BUY signal,2014-05-06 09:35:00,1.7969971895217896,1.5999999999999996,FREE,,,
sell,161975,87.8,2439.3254739731933,0.0,5m SELL signal,2014-05-06 10:30:00,2.4328856468200684,2.2499999999999996,FREE,341.50556635624844,87.66,161964.0
buy,161979,87.57,2445.732289766431,0.0,5m BUY signal,2014-05-06 10:50:00,1.8765583038330078,1.5999999999999996,FREE,,,
sell,162140,86.3,2445.732289766431,0.0,5m SELL signal,2014-05-07 11:40:00,2.890001058578491,2.4499999999999993,FREE,-3106.0800080033578,87.57,161979.0
buy,162152,86.06,2452.5528306628285,0.0,5m BUY signal,2014-05-07 12:40:00,2.1498682498931885,1.7999999999999994,FREE,,,
sell,162261,86.81,2452.5528306628285,0.0,ADAPTIVE_FORCE_SELL->first acceptable 5m signal,2014-05-08 09:45:00,2.314831256866455,2.1499999999999995,FORCE_SELL,1839.4146229971213,86.06,162152.0
buy,162405,86.09,2473.0643655458257,0.0,5m BUY signal,2014-05-09 09:35:00,2.4194881916046143,2.1999999999999993,FREE,,,
sell,162441,86.64,2473.0643655458257,0.0,5m SELL signal,2014-05-09 12:35:00,1.8710287809371948,1.6999999999999993,FREE,1360.185401050197,86.09,162405.0
buy,162461,86.31,2482.519947061642,0.0,5m BUY signal,2014-05-09 14:15:00,2.43215012550354,2.1999999999999993,FREE,,,
sell,163017,86.93,2482.519947061642,0.0,5m SELL signal,2014-05-15 12:30:00,1.648032307624817,-0.5,FREE,1539.1623671782295,86.31,162461.0
buy,163031,86.809,2485.9802439616697,0.0,5m BUY signal,2014-05-15 13:40:00,1.7402838468551636,0.8999999999999997,FREE,,,
sell,163036,87.09,2485.9802439616697,0.0,5m SELL signal,2014-05-15 14:05:00,0.9772313237190247,-0.5,FREE,698.5604485532439,86.809,163031.0
buy,164150,90.7,2387.0343930167787,0.0,ADAPTIVE_FORCE_BUY->first acceptable 5m signal,2014-05-28 15:55:00,1.4672207832336426,1.3499999999999996,FORCE_BUY,,,
sell,164838,91.5,2387.0343930167787,0.0,5m SELL signal,2014-06-05 04:15:00,0.5101248621940613,0.44999999999999973,FREE,1909.6275144134163,90.7,164150.0
buy,164917,92.23,2368.141027442646,0.0,5m BUY signal,2014-06-05 13:25:00,1.281320571899414,0.6499999999999997,FREE,,,
sell,164926,92.33,2368.141027442646,0.0,5m SELL signal,2014-06-05 14:10:00,0.6925376057624817,0.44999999999999973,FREE,236.81410274425116,92.23,164917.0
buy,165374,92.45,2365.0671829505627,0.0,ADAPTIVE_FORCE_BUY->first acceptable 5m signal,2014-06-11 07:10:00,2.7702510356903076,0.6999999999999997,FORCE_BUY,,,
sell,165608,92.11,2365.0671829505627,0.0,5m SELL signal,2014-06-12 16:00:00,1.2559493780136108,1.1999999999999997,FREE,-804.1228422031994,92.45,165374.0
buy,165685,91.97,2368.667372203722,0.0,ADAPTIVE_FORCE_BUY->first acceptable 5m signal,2014-06-13 10:00:00,3.1069865226745605,2.3999999999999995,FORCE_BUY,,,
sell,165812,92.62,2368.667372203722,0.0,5m SELL signal,2014-06-16 10:15:00,0.8112250566482544,0.6999999999999997,FREE,1539.6337919324328,91.97,165685.0
buy,165816,92.42,2373.7932483608392,0.0,5m BUY signal,2014-06-16 10:35:00,2.266627550125122,2.2499999999999996,FREE,,,
sell,165833,92.15,2373.7932483608392,0.0,5m SELL signal,2014-06-16 12:00:00,0.8684273958206177,0.6999999999999997,FREE,-640.9241770574172,92.42,165816.0
buy,165842,92.2,2372.505941827021,0.0,5m BUY signal,2014-06-16 12:45:00,2.2607195377349854,2.2499999999999996,FREE,,,
sell,165861,92.39,2372.505941827021,0.0,5m SELL signal,2014-06-16 14:20:00,1.2787359952926636,0.6999999999999997,FREE,450.7761289471286,92.2,165842.0
buy,165914,92.36,2373.276569569061,0.0,ADAPTIVE_FORCE_BUY->first acceptable 5m signal,2014-06-17 08:30:00,2.5204930305480957,1.8999999999999995,FORCE_BUY,,,
sell,166024,92.57,2373.276569569061,0.0,5m SELL signal,2014-06-18 04:35:00,1.1954909563064575,0.9999999999999996,FREE,498.38807960948793,92.36,165914.0
buy,166089,92.13,2384.611006675437,0.0,5m BUY signal,2014-06-18 13:30:00,2.460686683654785,2.349999999999999,FREE,,,
sell,166100,92.565,2384.611006675437,0.0,5m SELL signal,2014-06-18 14:25:00,1.093477725982666,0.9999999999999996,FREE,1037.3057879038204,92.13,166089.0
buy,166187,92.77,2379.3415741393965,0.0,ADAPTIVE_FORCE_BUY->first acceptable 5m signal,2014-06-19 10:55:00,2.1520426273345947,1.9499999999999993,FORCE_BUY,,,
sell,166545,92.7,2379.3415741393965,0.0,ADAPTIVE_FORCE_SELL->first acceptable 5m signal,2014-06-24 07:30:00,0.7814433574676514,-0.5,FORCE_SELL,-166.55391018974152,92.77,166187.0
buy,166847,92.93,2373.452748549683,0.0,ADAPTIVE_FORCE_BUY->first acceptable 5m signal,2014-06-26 12:25:00,1.3956280946731567,1.0999999999999996,FORCE_BUY,,,
sell,167699,94.2,2373.452748549683,0.0,5m SELL signal,2014-07-08 12:50:00,2.166813373565674,1.5499999999999994,FREE,3014.2849906580877,92.93,166847.0
buy,167727,94.16,2374.461012249152,0.0,5m BUY signal,2014-07-08 15:10:00,1.4110360145568848,1.2499999999999996,FREE,,,
sell,167957,94.29,2374.461012249152,0.0,5m SELL signal,2014-07-10 10:20:00,2.5186197757720947,1.0499999999999996,FREE,308.67993159241274,94.16,167727.0
buy,168073,94.85,2360.4420542432536,0.0,ADAPTIVE_FORCE_BUY->first acceptable 5m signal,2014-07-11 08:45:00,1.8911585807800293,1.5999999999999996,FORCE_BUY,,,
sell,168350,96.01,2360.4420542432536,0.0,5m SELL signal,2014-07-15 09:30:00,1.921689748764038,1.8999999999999995,FREE,2738.1127829221996,94.85,168073.0
buy,168365,95.26,2379.026261052853,0.0,5m BUY signal,2014-07-15 10:45:00,1.487496018409729,1.3499999999999996,FREE,,,
sell,168371,95.55,2379.026261052853,0.0,5m SELL signal,2014-07-15 11:15:00,2.2374627590179443,1.8999999999999995,FREE,689.9176157053084,95.26,168365.0
buy,168375,95.34,2384.2664070023084,0.0,5m BUY signal,2014-07-15 11:35:00,1.510328769683838,1.3499999999999996,FREE,,,
sell,168608,95.7,2384.2664070023084,0.0,ADAPTIVE_FORCE_SELL->first acceptable 5m signal,2014-07-17 04:00:00,2.3393609523773193,1.5999999999999996,FORCE_SELL,858.3359065208297,95.34,168375.0
buy,168957,95.75,2383.0213592701925,0.0,ADAPTIVE_FORCE_BUY->first acceptable 5m signal,2014-07-21 10:05:00,1.4332975149154663,1.3999999999999995,FORCE_BUY,,,
sell,170087,96.3,2383.0213592701925,0.0,ADAPTIVE_FORCE_SELL->first acceptable 5m signal,2014-07-31 05:25:00,2.485726833343506,1.3499999999999996,FORCE_SELL,1310.661747598599,95.75,168957.0
buy,170248,94.68,2423.7954889915454,0.0,5m BUY signal,2014-08-01 04:20:00,2.3060717582702637,1.4999999999999996,FREE,,,
sell,170262,94.39,2423.7954889915454,0.0,5m SELL signal,2014-08-01 06:00:00,2.473567008972168,1.0499999999999996,FREE,-702.9006918075634,94.68,170248.0
buy,170317,94.755,2414.4589331002267,0.0,5m BUY signal,2014-08-01 10:55:00,2.0399813652038574,1.4999999999999996,FREE,,,
sell,170346,94.35,2414.4589331002267,0.0,5m SELL signal,2014-08-01 13:20:00,3.177349328994751,1.0499999999999996,FREE,-977.8558679055946,94.755,170317.0
buy,170376,94.65,2406.8061314105266,0.0,5m BUY signal,2014-08-01 15:50:00,1.5526045560836792,1.4999999999999996,FREE,,,
sell,170381,94.65,2406.8061314105266,0.0,5m SELL signal,2014-08-01 16:15:00,2.4641494750976562,1.0499999999999996,FREE,0.0,94.65,170376.0
buy,170455,94.7,2405.5353784372373,0.0,5m BUY signal,2014-08-04 10:45:00,1.9504960775375366,1.8499999999999996,FREE,,,
sell,170463,94.97,2405.5353784372373,0.0,5m SELL signal,2014-08-04 11:25:00,0.9490549564361572,-0.5,FREE,649.4945521780445,94.7,170455.0
buy,170521,95.23,2398.9677086021675,0.0,5m BUY signal,2014-08-04 16:15:00,1.8702808618545532,1.8499999999999996,FREE,,,
sell,170675,94.69,2398.9677086021675,0.0,5m SELL signal,2014-08-05 17:00:00,2.7096505165100098,1.9999999999999996,FREE,-1295.4425626451855,95.23,170521.0
buy,171002,93.62,2426.3859466731383,0.0,5m BUY signal,2014-08-08 04:00:00,1.9022576808929443,1.5499999999999994,FREE,,,
sell,171011,93.92,2426.3859466731383,0.0,5m SELL signal,2014-08-08 05:50:00,1.1822350025177002,1.1499999999999997,FREE,727.9157840019346,93.62,171002.0
buy,171079,94.385,2414.432040171014,0.0,5m BUY signal,2014-08-08 11:50:00,1.558678388595581,1.5499999999999994,FREE,,,
sell,171097,94.711,2414.432040171014,0.0,5m SELL signal,2014-08-08 13:20:00,1.1982572078704834,1.1499999999999997,FREE,787.1048450957346,94.385,171079.0
buy,171451,95.79,2387.235337265235,0.0,ADAPTIVE_FORCE_BUY->first acceptable 5m signal,2014-08-13 07:20:00,1.2865376472473145,0.9499999999999997,FORCE_BUY,,,
sell,171745,97.29,2387.235337265235,0.0,5m SELL signal,2014-08-15 05:00:00,3.058529853820801,2.499999999999999,FREE,3580.8530058978527,95.79,171451.0
buy,172540,99.075,2344.225344057883,0.0,ADAPTIVE_FORCE_BUY->first acceptable 5m signal,2014-08-22 14:05:00,1.8410648107528687,-0.5,FORCE_BUY,,,
sell,172872,99.62,2344.225344057883,0.0,5m SELL signal,2014-08-27 05:20:00,0.7517797946929932,-0.5,FREE,1277.6028125115502,99.075,172540.0
buy,172886,99.56,2345.6380953700914,0.0,5m BUY signal,2014-08-27 07:40:00,2.9269113540649414,2.4499999999999993,FREE,,,
sell,172922,99.51,2345.6380953700914,0.0,5m SELL signal,2014-08-27 10:50:00,0.8473725318908691,-0.5,FREE,-117.2819047684979,99.56,172886.0
buy,172944,99.57,2344.2246346316947,0.0,5m BUY signal,2014-08-27 12:40:00,2.924731731414795,2.4499999999999993,FREE,,,
sell,172962,99.63,2344.2246346316947,0.0,5m SELL signal,2014-08-27 14:10:00,0.2925431728363037,-0.5,FREE,140.653478077907,99.57,172944.0
buy,172972,99.416,2349.2707446322097,0.0,5m BUY signal,2014-08-27 15:00:00,2.6702942848205566,2.4499999999999993,FREE,,,
sell,172979,99.44,2349.2707446322097,0.0,5m SELL signal,2014-08-27 15:35:00,0.38613465428352356,-0.5,FREE,56.38249787117517,99.416,172972.0
buy,173001,99.34,2351.635623577883,0.0,ADAPTIVE_FORCE_BUY->first acceptable 5m signal,2014-08-28 04:00:00,3.027714252471924,2.0999999999999996,FORCE_BUY,,,
sell,173511,99.64,2351.635623577883,0.0,5m SELL signal,2014-09-03 12:35:00,0.8256235718727112,0.34999999999999987,FREE,705.4906870733582,99.34,173001.0
buy,173533,99.59,2352.81628208957,0.0,5m BUY signal,2014-09-03 14:25:00,1.1964919567108154,-0.5,FREE,,,
sell,173606,99.81,2352.81628208957,0.0,ADAPTIVE_FORCE_SELL->first acceptable 5m signal,2014-09-04 08:30:00,1.2029221057891846,0.5999999999999996,FORCE_SELL,517.6195820597027,99.59,173533.0
buy,173719,99.3,2364.9002327830813,0.0,5m BUY signal,2014-09-05 04:50:00,2.0606276988983154,1.3499999999999996,FREE,,,
sell,173737,99.29,2364.9002327830813,0.0,5m SELL signal,2014-09-05 07:00:00,0.6942303776741028,0.34999999999999987,FREE,-23.649002327809303,99.3,173719.0
buy,173766,99.19,2367.284445135923,0.0,5m BUY signal,2014-09-05 09:35:00,1.663962721824646,1.3499999999999996,FREE,,,
sell,173921,100.06,2367.284445135923,0.0,5m SELL signal,2014-09-08 09:30:00,0.9020723104476929,0.3999999999999998,FREE,2059.5374672682638,99.19,173766.0
buy,173931,100.15,2365.15708018273,0.0,5m BUY signal,2014-09-08 10:20:00,1.4160465002059937,1.1999999999999997,FREE,,,
sell,173943,100.2499,2365.15708018273,0.0,5m SELL signal,2014-09-08 11:20:00,0.40576934814453125,0.3999999999999998,FREE,236.27919231023344,100.15,173931.0
buy,173965,100.04,2370.1195599021457,0.0,5m BUY signal,2014-09-08 13:10:00,1.3359711170196533,1.1999999999999997,FREE,,,
sell,173978,99.8,2370.1195599021457,0.0,5m SELL signal,2014-09-08 14:15:00,0.920759379863739,0.3999999999999998,FREE,-568.8286943765365,100.04,173965.0
buy,174352,99.74,2371.5453386628647,0.0,ADAPTIVE_FORCE_BUY->first acceptable 5m signal,2014-09-11 09:30:00,2.2418482303619385,1.3999999999999995,FORCE_BUY,,,
sell,174623,99.55,2371.5453386628647,0.0,5m SELL signal,2014-09-15 08:45:00,1.2453813552856445,1.1499999999999997,FREE,-450.5936143459389,99.74,174352.0
buy,174742,98.36,2400.237275964703,0.0,5m BUY signal,2014-09-16 04:00:00,1.2213695049285889,0.9499999999999997,FREE,,,
sell,174757,98.43,2400.237275964703,0.0,5m SELL signal,2014-09-16 07:10:00,1.0962436199188232,-0.5,FREE,168.01660931754694,98.36,174742.0
buy,174783,98.22,2405.369121087413,0.0,5m BUY signal,2014-09-16 09:30:00,1.168895959854126,0.9499999999999997,FREE,,,
sell,174787,98.57,2405.369121087413,0.0,5m SELL signal,2014-09-16 09:50:00,0.767096221446991,-0.5,FREE,841.8791923805809,98.22,174783.0
buy,174802,98.37,2410.2595737072916,0.0,5m BUY signal,2014-09-16 11:05:00,1.0868793725967407,0.9499999999999997,FREE,,,
sell,174807,98.72,2410.2595737072916,0.0,5m SELL signal,2014-09-16 11:30:00,1.2732709646224976,-0.5,FREE,843.5908507975383,98.37,174802.0
buy,174863,99.37,2394.49356059559,0.0,5m BUY signal,2014-09-16 16:10:00,1.3404563665390015,0.9499999999999997,FREE,,,
sell,174930,99.45,2394.49356059559,0.0,5m SELL signal,2014-09-17 09:30:00,0.5574395060539246,0.24999999999999978,FREE,191.55948484764315,99.37,174863.0
buy,174965,99.23,2399.8023239063937,0.0,5m BUY signal,2014-09-17 12:25:00,1.165549397468567,0.8999999999999997,FREE,,,
sell,174971,99.25,2399.8023239063937,0.0,5m SELL signal,2014-09-17 12:55:00,0.7320787310600281,0.24999999999999978,FREE,47.99604647811832,99.23,174965.0
buy,175218,100.4,2372.3145482839595,0.0,ADAPTIVE_FORCE_BUY->first acceptable 5m signal,2014-09-19 07:05:00,0.40907302498817444,-0.5,FORCE_BUY,,,
sell,175564,98.78,2372.3145482839595,0.0,5m SELL signal,2014-09-23 08:55:00,0.9867011904716492,-0.5,FREE,-3843.1495682200252,100.4,175218.0
buy,175570,98.67,2374.9592690735735,0.0,5m BUY signal,2014-09-23 09:25:00,0.8965980410575867,0.6999999999999997,FREE,,,
sell,175572,98.88,2374.9592690735735,0.0,5m SELL signal,2014-09-23 09:35:00,1.1292353868484497,-0.5,FREE,498.7414465054356,98.67,175570.0
buy,175629,98.78,2377.3635607004953,0.0,5m BUY signal,2014-09-23 14:20:00,1.100479245185852,0.6999999999999997,FREE,,,
sell,175642,99.02,2377.3635607004953,0.0,5m SELL signal,2014-09-23 15:25:00,0.6793920397758484,-0.5,FREE,570.5672545681067,98.78,175629.0
buy,175655,98.57,2388.2168994680233,0.0,5m BUY signal,2014-09-23 16:30:00,2.1085281372070312,0.6999999999999997,FREE,,,
sell,175671,98.58,2388.2168994680233,0.0,5m SELL signal,2014-09-23 18:00:00,0.5008612871170044,-0.5,FREE,23.88216899469245,98.57,175655.0
buy,176170,97.82,2406.771845732547,0.0,ADAPTIVE_FORCE_BUY->first acceptable 5m signal,2014-09-29 09:00:00,2.8671200275421143,1.0999999999999996,FORCE_BUY,,,
sell,176468,98.59,2406.771845732547,0.0,5m SELL signal,2014-10-01 09:10:00,1.4353221654891968,1.3499999999999996,FREE,1853.2143212140857,97.82,176170.0
buy,176475,97.99,2421.5086873229084,0.0,5m BUY signal,2014-10-01 09:45:00,2.0694656372070312,1.4999999999999996,FREE,,,
sell,176491,98.0035,2421.5086873229084,0.0,5m SELL signal,2014-10-01 11:05:00,1.7480601072311401,1.3499999999999996,FREE,32.69036727887771,97.99,176475.0
buy,176499,97.7,2429.030978895094,0.0,5m BUY signal,2014-10-01 11:45:00,2.2379868030548096,1.4999999999999996,FREE,,,
sell,177083,97.37,2429.030978895094,0.0,5m SELL signal,2014-10-07 10:10:00,2.2082457542419434,2.1999999999999993,FREE,-801.5802230353769,97.7,176499.0
buy,177092,97.36,2429.2804685190563,0.0,5m BUY signal,2014-10-07 10:55:00,2.3777151107788086,2.1999999999999993,FREE,,,
sell,177108,97.57,2429.2804685190563,0.0,5m SELL signal,2014-10-07 12:15:00,2.4176127910614014,2.1999999999999993,FREE,510.14889838898665,97.36,177092.0
buy,177167,96.54,2455.198832747092,0.0,5m BUY signal,2014-10-07 17:10:00,2.25109601020813,2.1999999999999993,FREE,,,
sell,177200,96.74,2455.198832747092,0.0,5m SELL signal,2014-10-08 06:40:00,2.2739975452423096,1.4499999999999995,FREE,491.03976654939055,96.54,177167.0
buy,177223,96.73,2455.4526525375136,0.0,5m BUY signal,2014-10-08 08:40:00,2.492595672607422,1.8999999999999995,FREE,,,
sell,177256,96.65,2455.4526525375136,0.0,5m SELL signal,2014-10-08 11:25:00,2.260098695755005,1.4499999999999995,FREE,-196.4362122029969,96.73,177223.0
buy,177956,93.67,2533.5699676283834,0.0,5m BUY signal,2014-10-14 12:30:00,2.4895455837249756,2.4499999999999993,FREE,,,
sell,177964,93.82,2533.5699676283834,0.0,5m SELL signal,2014-10-14 13:10:00,2.881680965423584,-0.5,FREE,380.03549514423594,93.67,177956.0
buy,177978,93.1025,2553.095076532799,0.0,5m BUY signal,2014-10-14 14:20:00,2.700812816619873,2.4499999999999993,FREE,,,
sell,178025,93.5,2553.095076532799,0.0,5m SELL signal,2014-10-14 18:15:00,3.8932318687438965,-0.5,FREE,1014.8552929217716,93.1025,177978.0
buy,178218,91.12,2619.7803956959688,0.0,5m BUY signal,2014-10-16 05:15:00,2.6126632690429688,2.2999999999999994,FREE,,,
sell,178268,91.34,2619.7803956959688,0.0,5m SELL signal,2014-10-16 09:35:00,4.1360039710998535,2.4499999999999993,FREE,576.3516870531101,91.12,178218.0
buy,178276,90.79,2635.6508573947544,0.0,5m BUY signal,2014-10-16 10:15:00,2.8051717281341553,2.2999999999999994,FREE,,,
sell,178277,91.27,2635.6508573947544,0.0,5m SELL signal,2014-10-16 10:20:00,4.561731815338135,2.4499999999999993,FREE,1265.1124115494551,90.79,178276.0
buy,178399,92.68,2595.553018498265,0.0,ADAPTIVE_FORCE_BUY->first acceptable 5m signal,2014-10-17 05:55:00,2.2915570735931396,-0.5,FORCE_BUY,,,
sell,178907,97.06,2595.553018498265,0.0,5m SELL signal,2014-10-22 06:45:00,4.923924446105957,-0.5,FREE,11368.52222102239,92.68,178399.0
buy,178940,96.73,2604.4078980196587,0.0,5m BUY signal,2014-10-22 09:35:00,1.8670001029968262,-0.5,FREE,,,
sell,179758,99.88,2604.4078980196587,0.0,5m SELL signal,2014-10-29 08:15:00,2.3923840522766113,1.8999999999999995,FREE,8203.884878761903,96.73,178940.0
buy,179784,99.82,2605.973360591099,0.0,5m BUY signal,2014-10-29 10:25:00,2.6025683879852295,-0.5,FREE,,,
sell,179845,99.76,2605.973360591099,0.0,5m SELL signal,2014-10-29 15:30:00,2.1399688720703125,1.8999999999999995,FREE,-156.35840163543483,99.82,179784.0
buy,179853,99.81,2604.667893523375,0.0,5m BUY signal,2014-10-29 16:10:00,2.114941358566284,-0.5,FREE,,,
sell,179887,99.62,2604.667893523375,0.0,5m SELL signal,2014-10-30 04:35:00,3.5915963649749756,0.8999999999999997,FREE,-494.88689976943533,99.81,179853.0
buy,179891,99.33,2612.2723804771836,0.0,5m BUY signal,2014-10-30 05:20:00,3.8672709465026855,1.9499999999999993,FREE,,,
sell,180049,101.03,2612.2723804771836,0.0,5m SELL signal,2014-10-31 04:00:00,2.836764335632324,-0.5,FREE,4440.86304681122,99.33,179891.0
buy,180173,101.085,2610.8510520810196,0.0,5m BUY signal,2014-10-31 14:45:00,2.8163235187530518,2.499999999999999,FREE,,,
sell,180187,101.4,2610.8510520810196,0.0,5m SELL signal,2014-10-31 15:55:00,2.8788516521453857,-0.5,FREE,822.4180814055524,101.085,180173.0
buy,180195,101.29,2613.6864120941395,0.0,5m BUY signal,2014-10-31 16:35:00,3.519304037094116,2.499999999999999,FREE,,,
sell,180211,101.38,2613.6864120941395,0.0,5m SELL signal,2014-10-31 19:20:00,3.235896587371826,-0.5,FREE,235.23177708844432,101.29,180195.0
buy,180325,101.47,2611.3681724460807,0.0,5m BUY signal,2014-11-03 15:25:00,2.0905027389526367,-0.5,FREE,,,
sell,180453,101.22,2611.3681724460807,0.0,5m SELL signal,2014-11-04 12:45:00,1.3119852542877197,-0.5,FREE,-652.8420431115202,101.47,180325.0
buy,180460,101.12,2613.9506172368697,0.0,5m BUY signal,2014-11-04 13:20:00,2.0355162620544434,-0.5,FREE,,,
sell,180466,101.35,2613.9506172368697,0.0,5m SELL signal,2014-11-04 13:50:00,1.6751900911331177,-0.5,FREE,601.2086419644532,101.12,180460.0
buy,180474,101.26,2616.2738994366655,0.0,5m BUY signal,2014-11-04 14:30:00,2.548499822616577,-0.5,FREE,,,
sell,180484,101.45,2616.2738994366655,0.0,5m SELL signal,2014-11-04 15:20:00,1.5774569511413574,-0.5,FREE,497.0920408929605,101.26,180474.0
buy,180570,101.4,2617.5639753239616,0.0,5m BUY signal,2014-11-05 09:45:00,2.7207283973693848,-0.5,FREE,,,
sell,180585,101.54,2617.5639753239616,0.0,5m SELL signal,2014-11-05 11:00:00,1.2720690965652466,-0.5,FREE,366.4589565453561,101.4,180570.0
buy,180616,101.13,2628.1760709423024,0.0,5m BUY signal,2014-11-05 13:35:00,2.8608858585357666,-0.5,FREE,,,
sell,180623,101.19,2628.1760709423024,0.0,5m SELL signal,2014-11-05 14:10:00,1.358313798904419,-0.5,FREE,157.69056425654412,101.13,180616.0
buy,180631,101.17,2628.6956273465607,0.0,5m BUY signal,2014-11-05 14:50:00,2.421734094619751,-0.5,FREE,,,
sell,180645,101.32,2628.6956273465607,0.0,5m SELL signal,2014-11-05 16:00:00,1.3432613611221313,-0.5,FREE,394.3043441019617,101.17,180631.0
buy,180675,101.17,2632.593070700341,0.0,5m BUY signal,2014-11-05 19:50:00,2.625124454498291,-0.5,FREE,,,
sell,181439,102.97,2632.593070700341,0.0,5m SELL signal,2014-11-13 09:45:00,1.5236037969589233,1.2999999999999996,FREE,4738.667527260606,101.17,180675.0
buy,181457,102.85,2635.664642586428,0.0,5m BUY signal,2014-11-13 11:15:00,1.5966087579727173,1.4999999999999996,FREE,,,
sell,181537,102.8,2635.664642586428,0.0,5m SELL signal,2014-11-13 18:55:00,1.353042483329773,1.2999999999999996,FREE,-131.7832321293139,102.85,181457.0
buy,181580,102.65,2639.516076550265,0.0,ADAPTIVE_FORCE_BUY->first acceptable 5m signal,2014-11-14 09:45:00,1.6074784994125366,1.5499999999999994,FORCE_BUY,,,
sell,182279,104.04,2639.516076550265,0.0,5m SELL signal,2014-11-21 04:00:00,1.617653489112854,-0.5,FREE,3668.92734640487,102.65,181580.0
buy,182317,104.5,2627.8971541080346,0.0,5m BUY signal,2014-11-21 08:40:00,1.374358057975769,-0.5,FREE,,,
sell,182326,104.59,2627.8971541080346,0.0,5m SELL signal,2014-11-21 09:25:00,0.4888686239719391,-0.5,FREE,236.51074386973207,104.5,182317.0
buy,182328,104.53,2629.405561543665,0.0,5m BUY signal,2014-11-21 09:35:00,1.2800711393356323,-0.5,FREE,,,
sell,182379,103.92,2629.405561543665,0.0,5m SELL signal,2014-11-21 13:50:00,0.6723294854164124,-0.5,FREE,-1603.9373925416342,104.53,182328.0
buy,182386,103.69,2635.237978161999,0.0,5m BUY signal,2014-11-21 14:25:00,2.0858516693115234,-0.5,FREE,,,
sell,182393,103.875,2635.237978161999,0.0,5m SELL signal,2014-11-21 15:00:00,1.0754213333129883,-0.5,FREE,487.5190259599758,103.69,182386.0
buy,183620,105.16,2603.036753343264,0.0,ADAPTIVE_FORCE_BUY->first acceptable 5m signal,2014-12-05 15:45:00,1.8638103008270264,1.4499999999999995,FORCE_BUY,,,
sell,183876,104.9,2603.036753343264,0.0,5m SELL signal,2014-12-09 13:35:00,2.619112968444824,2.349999999999999,FREE,-676.789555869225,105.16,183620.0
buy,183887,104.54,2612.0007215009414,0.0,5m BUY signal,2014-12-09 14:30:00,2.412879467010498,2.3999999999999995,FREE,,,
sell,184011,104.47,2612.0007215009414,0.0,ADAPTIVE_FORCE_SELL->first acceptable 5m signal,2014-12-10 13:10:00,1.8561019897460938,1.6999999999999993,FORCE_SELL,-182.8400505050852,104.54,183887.0
buy,184898,103.19,2644.4007692141035,0.0,ADAPTIVE_FORCE_BUY->first acceptable 5m signal,2014-12-18 06:05:00,2.304588794708252,1.3499999999999996,FORCE_BUY,,,
sell,185826,104.67,2644.4007692141035,0.0,5m SELL signal,2014-12-30 10:55:00,1.546779990196228,-0.5,FREE,3913.7131384368836,103.19,184898.0
buy,185830,104.61,2645.9174888981956,0.0,5m BUY signal,2014-12-30 11:15:00,1.8040944337844849,1.4999999999999996,FREE,,,
sell,186134,103.07,2645.9174888981956,0.0,ADAPTIVE_FORCE_SELL->first acceptable 5m signal,2015-01-02 15:40:00,1.959033727645874,-0.5,FORCE_SELL,-4074.7129329032377,104.61,185830.0
buy,186161,102.51,2660.371823048844,0.0,5m BUY signal,2015-01-05 05:30:00,2.9210140705108643,-0.5,FREE,,,
sell,186936,101.87,2660.371823048844,0.0,ADAPTIVE_FORCE_SELL->first acceptable 5m signal,2015-01-12 10:40:00,2.4631423950195312,2.3999999999999995,FORCE_SELL,-1702.6379667512615,102.51,186161.0
buy,187185,100.82,2688.0785321760145,0.0,5m BUY signal,2015-01-14 04:00:00,3.58972430229187,1.5499999999999994,FREE,,,
sell,187293,101.02,2688.0785321760145,0.0,5m SELL signal,2015-01-14 15:15:00,3.306511163711548,2.499999999999999,FREE,537.6157064352105,100.82,187185.0
buy,187302,101.07,2686.748721880093,0.0,5m BUY signal,2015-01-14 16:00:00,3.3462719917297363,1.5499999999999994,FREE,,,
sell,187310,101.25,2686.748721880093,0.0,5m SELL signal,2015-01-14 16:40:00,3.0433411598205566,2.499999999999999,FREE,483.6147699384351,101.07,187302.0
buy,187515,98.76,2754.4887412956605,0.0,5m BUY signal,2015-01-16 05:00:00,3.574871063232422,-0.5,FREE,,,
sell,187525,99.12,2754.4887412956605,0.0,5m SELL signal,2015-01-16 06:25:00,3.500781536102295,-0.5,FREE,991.6159468664362,98.76,187515.0
buy,187529,99.0,2757.827515527534,0.0,5m BUY signal,2015-01-16 07:20:00,2.907891035079956,-0.5,FREE,,,
sell,187543,99.27,2757.827515527534,0.0,5m SELL signal,2015-01-16 08:30:00,2.5296661853790283,-0.5,FREE,744.6134291924233,99.0,187529.0
buy,187690,101.47,2698.0342708822145,0.0,ADAPTIVE_FORCE_BUY->first acceptable 5m signal,2015-01-20 08:45:00,1.5777462720870972,-0.5,FORCE_BUY,,,
sell,188502,102.45,2698.0342708822145,0.0,5m SELL signal,2015-01-27 14:20:00,2.591839075088501,-0.5,FREE,2644.073585464581,101.47,187690.0
buy,188509,102.14,2706.2229396111507,0.0,5m BUY signal,2015-01-27 14:55:00,3.016897439956665,1.9999999999999996,FREE,,,
sell,188528,102.67,2706.2229396111507,0.0,5m SELL signal,2015-01-27 16:30:00,3.8563954830169678,-0.5,FREE,1434.2981579939128,102.14,188509.0
buy,188534,102.64,2707.013924492175,0.0,5m BUY signal,2015-01-27 17:00:00,3.860325336456299,1.9999999999999996,FREE,,,
sell,188567,102.8,2707.013924492175,0.0,ADAPTIVE_FORCE_SELL->first acceptable 5m signal,2015-01-28 04:40:00,3.746779680252075,-0.5,FORCE_SELL,433.1222279187388,102.64,188534.0
buy,189843,102.81,2706.750621902496,0.0,ADAPTIVE_FORCE_BUY->first acceptable 5m signal,2015-02-09 10:20:00,2.407802104949951,2.3999999999999995,FORCE_BUY,,,
sell,192359,107.65,2706.750621902496,0.0,ADAPTIVE_FORCE_SELL->first acceptable 5m signal,2015-03-06 14:00:00,1.2372618913650513,0.8999999999999997,FORCE_SELL,13100.67301000809,102.81,189843.0
buy,192441,107.27,2716.339185679162,0.0,ADAPTIVE_FORCE_BUY->first acceptable 5m signal,2015-03-09 09:45:00,1.8031203746795654,1.6999999999999993,FORCE_BUY,,,
sell,193404,106.53,2716.339185679162,0.0,ADAPTIVE_FORCE_SELL->first acceptable 5m signal,2015-03-18 08:55:00,3.200185775756836,2.499999999999999,FORCE_SELL,-2010.0909974025658,107.27,192441.0
buy,193543,108.0,2679.366791207418,0.0,ADAPTIVE_FORCE_BUY->first acceptable 5m signal,2015-03-19 08:15:00,1.9481453895568848,1.7999999999999994,FORCE_BUY,,,
sell,193940,108.42,2679.366791207418,0.0,5m SELL signal,2015-03-24 07:00:00,2.214038610458374,-0.5,FREE,1125.3340523071201,108.0,193543.0
buy,194010,108.22,2684.3184947579766,0.0,5m BUY signal,2015-03-24 13:25:00,2.6675431728363037,2.3999999999999995,FREE,,,
sell,194030,108.26,2684.3184947579766,0.0,5m SELL signal,2015-03-24 15:05:00,2.0830376148223877,-0.5,FREE,107.37273979033586,108.22,194010.0
buy,194282,104.47,2781.701160548469,0.0,ADAPTIVE_FORCE_BUY->first acceptable 5m signal,2015-03-26 10:15:00,2.513012409210205,2.3999999999999995,FORCE_BUY,,,
sell,194698,106.26,2781.701160548469,0.0,5m SELL signal,2015-03-31 07:40:00,1.6573108434677124,-0.5,FREE,4979.245077381777,104.47,194282.0
buy,194786,106.08,2786.421241703246,0.0,5m BUY signal,2015-03-31 15:05:00,2.013880491256714,1.7499999999999996,FREE,,,
sell,195817,107.75,2786.421241703246,0.0,5m SELL signal,2015-04-13 08:10:00,2.725724697113037,2.2499999999999996,FREE,4653.323473644426,106.08,194786.0
buy,195904,107.52,2792.381778213586,0.0,5m BUY signal,2015-04-13 15:25:00,0.9182770848274231,-0.5,FREE,,,
sell,197292,110.71,2792.381778213586,0.0,5m SELL signal,2015-04-27 06:45:00,3.2910194396972656,2.2999999999999994,FREE,8907.697872501334,107.52,195904.0
buy,197368,110.4,2800.2227053082074,0.0,5m BUY signal,2015-04-27 13:20:00,0.9377533197402954,0.7999999999999998,FREE,,,
sell,197484,109.8,2800.2227053082074,0.0,5m SELL signal,2015-04-28 10:40:00,4.030797958374023,-0.5,FREE,-1680.1336231849484,110.4,197368.0
buy,197590,109.82,2799.712739417603,0.0,5m BUY signal,2015-04-29 08:05:00,1.7658653259277344,1.5999999999999996,FREE,,,
sell,197745,108.9,2799.712739417603,0.0,ADAPTIVE_FORCE_SELL->first acceptable 5m signal,2015-04-30 08:10:00,4.26209020614624,-0.5,FORCE_SELL,-2575.73572026416,109.82,197590.0
buy,197947,108.3,2815.223613320194,0.0,ADAPTIVE_FORCE_BUY->first acceptable 5m signal,2015-05-01 11:55:00,1.6258865594863892,1.5499999999999994,FORCE_BUY,,,
sell,198031,109.21,2815.223613320194,0.0,5m SELL signal,2015-05-04 06:45:00,3.633002758026123,1.7999999999999994,FREE,2561.853488121367,108.3,197947.0
buy,198140,109.2,2815.481417680388,0.0,5m BUY signal,2015-05-04 16:00:00,1.989737868309021,1.7999999999999994,FREE,,,
sell,198378,107.0951,2815.481417680388,0.0,ADAPTIVE_FORCE_SELL->first acceptable 5m signal,2015-05-06 11:05:00,2.148927688598633,-0.5,FORCE_SELL,-5926.3068360754505,109.2,198140.0
buy,198479,105.9,2847.254617324107,0.0,ADAPTIVE_FORCE_BUY->first acceptable 5m signal,2015-05-07 04:45:00,2.9028759002685547,2.499999999999999,FORCE_BUY,,,
sell,198793,108.7,2847.254617324107,0.0,5m SELL signal,2015-05-11 07:40:00,1.4481174945831299,1.2499999999999996,FREE,7972.312928507492,105.9,198479.0
buy,198892,108.18,2860.940810714831,0.0,5m BUY signal,2015-05-11 16:10:00,2.136023998260498,2.0499999999999994,FREE,,,
sell,198909,108.18,2860.940810714831,0.0,5m SELL signal,2015-05-11 18:20:00,1.326524019241333,1.2499999999999996,FREE,0.0,108.18,198892.0
buy,198920,107.62,2875.827698412288,0.0,ADAPTIVE_FORCE_BUY->first acceptable 5m signal,2015-05-12 04:00:00,1.639655351638794,1.1499999999999997,FORCE_BUY,,,
sell,199089,108.48,2875.827698412288,0.0,5m SELL signal,2015-05-13 03:55:00,3.391866683959961,2.499999999999999,FREE,2473.2118206345663,107.62,198920.0
buy,199184,107.94,2890.2148297550953,0.0,5m BUY signal,2015-05-13 14:20:00,1.2675963640213013,-0.5,FREE,,,
sell,199210,108.06,2890.2148297550953,0.0,5m SELL signal,2015-05-13 16:30:00,2.656331777572632,2.499999999999999,FREE,346.82577957062455,107.94,199184.0
buy,199519,109.34,2856.3802314188365,0.0,ADAPTIVE_FORCE_BUY->first acceptable 5m signal,2015-05-18 06:00:00,1.1751329898834229,1.0999999999999996,FORCE_BUY,,,
sell,200207,110.42,2856.3802314188365,0.0,ADAPTIVE_FORCE_SELL->first acceptable 5m signal,2015-05-26 07:35:00,2.91160249710083,-0.5,FORCE_SELL,3084.8906499323384,109.34,199519.0
buy,200521,110.53,2853.5375477541656,0.0,ADAPTIVE_FORCE_BUY->first acceptable 5m signal,2015-05-28 10:35:00,1.5661200284957886,1.3999999999999995,FORCE_BUY,,,
sell,200678,110.4,2853.5375477541656,0.0,5m SELL signal,2015-05-29 12:00:00,2.0239486694335938,1.7499999999999996,FREE,-370.95988120802855,110.53,200521.0
buy,200800,109.93,2865.7376991909387,0.0,ADAPTIVE_FORCE_BUY->first acceptable 5m signal,2015-06-01 09:50:00,1.6475571393966675,1.0499999999999996,FORCE_BUY,,,
sell,201249,110.4,2865.7376991909387,0.0,5m SELL signal,2015-06-04 10:00:00,2.5324530601501465,1.9499999999999993,FREE,1346.8967186197378,109.93,200800.0
buy,201288,109.44,2890.875749183842,0.0,5m BUY signal,2015-06-04 13:15:00,1.9464975595474243,1.8999999999999995,FREE,,,
sell,201309,109.6,2890.875749183842,0.0,5m SELL signal,2015-06-04 15:00:00,2.011012077331543,1.9499999999999993,FREE,462.54011986940486,109.44,201288.0
buy,201353,109.45,2894.8376620424765,0.0,ADAPTIVE_FORCE_BUY->first acceptable 5m signal,2015-06-05 06:10:00,1.51508367061615,0.6999999999999997,FORCE_BUY,,,
sell,201508,109.36,2894.8376620424765,0.0,5m SELL signal,2015-06-08 08:30:00,2.1486635208129883,1.2999999999999996,FREE,-260.53538958383274,109.45,201353.0
buy,201514,109.21,2898.8137232942518,0.0,5m BUY signal,2015-06-08 09:00:00,1.8249468803405762,1.5999999999999996,FREE,,,
sell,201573,108.13,2898.8137232942518,0.0,5m SELL signal,2015-06-08 13:55:00,2.006239652633667,1.2999999999999996,FREE,-3130.718821157787,109.21,201514.0
buy,201591,108.35,2892.927807104822,0.0,5m BUY signal,2015-06-08 15:25:00,1.7290077209472656,1.5999999999999996,FREE,,,
sell,202495,109.15,2892.927807104822,0.0,5m SELL signal,2015-06-17 04:30:00,2.7243826389312744,1.2999999999999996,FREE,2314.3422456838907,108.35,201591.0
buy,202567,108.49,2910.526962351289,0.0,5m BUY signal,2015-06-17 12:55:00,1.7539063692092896,1.6999999999999993,FREE,,,
sell,202572,108.6,2910.526962351289,0.0,5m SELL signal,2015-06-17 13:20:00,1.811865210533142,1.2999999999999996,FREE,320.1579658586401,108.49,202567.0
buy,202604,109.01,2899.5801129378037,0.0,5m BUY signal,2015-06-17 16:00:00,1.7318094968795776,1.6999999999999993,FREE,,,
sell,202618,108.94,2899.5801129378037,0.0,5m SELL signal,2015-06-17 17:45:00,2.606318950653076,1.2999999999999996,FREE,-202.9706079056677,109.01,202604.0
buy,202620,108.88,2901.1779711925456,0.0,5m BUY signal,2015-06-17 18:05:00,1.9050275087356567,1.6999999999999993,FREE,,,
sell,202890,109.79,2901.1779711925456,0.0,5m SELL signal,2015-06-19 18:40:00,3.0763394832611084,2.2999999999999994,FREE,2640.071953785248,108.88,202620.0
buy,203092,110.45,2883.841823967674,0.0,ADAPTIVE_FORCE_BUY->first acceptable 5m signal,2015-06-23 10:45:00,0.9594948291778564,0.9499999999999997,FORCE_BUY,,,
sell,203204,110.66,2883.841823967674,0.0,ADAPTIVE_FORCE_SELL->first acceptable 5m signal,2015-06-24 09:25:00,2.562140703201294,2.499999999999999,FORCE_SELL,605.6067830331934,110.45,203092.0
buy,203466,109.91,2903.5204825790443,0.0,5m BUY signal,2015-06-26 08:40:00,0.9004253149032593,0.8499999999999996,FREE,,,
sell,203473,109.98,2903.5204825790443,0.0,5m SELL signal,2015-06-26 09:15:00,2.4059031009674072,2.0499999999999994,FREE,203.24643378055455,109.91,203466.0
buy,203491,109.63,2912.7901365870957,0.0,5m BUY signal,2015-06-26 10:45:00,0.9165526032447815,0.8499999999999996,FREE,,,
sell,203542,109.3,2912.7901365870957,0.0,5m SELL signal,2015-06-26 15:00:00,3.4376606941223145,2.0499999999999994,FREE,-961.2207450737367,109.63,203491.0
buy,203549,109.265,2913.723167793617,0.0,5m BUY signal,2015-06-26 15:35:00,0.9470518827438354,0.8499999999999996,FREE,,,
sell,203763,107.21,2913.723167793617,0.0,ADAPTIVE_FORCE_SELL->first acceptable 5m signal,2015-06-30 05:00:00,1.777281403541565,-0.5,FORCE_SELL,-5987.701109815903,109.265,203549.0
buy,205975,112.81,2769.083067273767,0.0,ADAPTIVE_FORCE_BUY->first acceptable 5m signal,2015-07-21 16:35:00,2.3360142707824707,2.1999999999999993,FORCE_BUY,,,
sell,206170,113.01,2769.083067273767,0.0,ADAPTIVE_FORCE_SELL->first acceptable 5m signal,2015-07-23 06:20:00,1.9348242282867432,-0.5,FORCE_SELL,553.8166134547613,112.81,205975.0
buy,207779,110.11,2842.013236151198,0.0,5m BUY signal,2015-08-07 08:30:00,2.329808235168457,1.7999999999999994,FREE,,,
sell,207857,109.88,2842.013236151198,0.0,5m SELL signal,2015-08-07 15:00:00,2.3287160396575928,2.0999999999999996,FREE,-653.6630443147868,110.11,207779.0
buy,209932,104.25,2995.4955816622887,0.0,5m BUY signal,2015-08-27 06:25:00,3.4035837650299072,-0.5,FREE,,,
sell,209969,104.96,2995.4955816622887,0.0,5m SELL signal,2015-08-27 09:40:00,3.137983798980713,2.4499999999999993,FREE,2126.8018629802064,104.25,209932.0
buy,210103,104.67,3003.79493886762,0.0,5m BUY signal,2015-08-28 07:05:00,3.1598241329193115,-0.5,FREE,,,
sell,210133,105.58,3003.79493886762,0.0,5m SELL signal,2015-08-28 09:35:00,2.3757987022399902,2.2999999999999994,FREE,2733.453394369524,104.67,210103.0
buy,210140,105.05,3018.949734846676,0.0,5m BUY signal,2015-08-28 10:10:00,3.2698309421539307,-0.5,FREE,,,
sell,210154,105.74,3018.949734846676,0.0,5m SELL signal,2015-08-28 11:20:00,2.7709767818450928,2.2999999999999994,FREE,2083.0753170442,105.05,210140.0
buy,210161,105.15,3035.889157990371,0.0,5m BUY signal,2015-08-28 11:55:00,3.4331376552581787,-0.5,FREE,,,
sell,210256,105.13,3035.889157990371,0.0,ADAPTIVE_FORCE_SELL->first acceptable 5m signal,2015-08-31 06:20:00,2.373185157775879,-0.5,FORCE_SELL,-60.71778315983848,105.15,210161.0
buy,210623,102.28,3120.4832536129024,0.0,5m BUY signal,2015-09-02 08:20:00,4.259943962097168,-0.5,FREE,,,
sell,210628,102.64,3120.4832536129024,0.0,5m SELL signal,2015-09-02 08:45:00,3.357497215270996,-0.5,FREE,1123.373971300643,102.28,210623.0
buy,210646,102.11,3136.6800621959483,0.0,5m BUY signal,2015-09-02 10:15:00,4.609822750091553,-0.5,FREE,,,
sell,210659,102.53,3136.6800621959483,0.0,5m SELL signal,2015-09-02 11:20:00,7.711397171020508,-0.5,FREE,1317.4056261223036,102.11,210646.0
buy,210665,102.09,3150.198910539236,0.0,5m BUY signal,2015-09-02 11:50:00,4.42014217376709,-0.5,FREE,,,
sell,210673,102.22,3150.198910539236,0.0,5m SELL signal,2015-09-02 12:30:00,10.631922721862793,-0.5,FREE,409.5258583700863,102.09,210665.0
buy,210699,102.59,3138.837436741599,0.0,5m BUY signal,2015-09-02 14:40:00,4.596646785736084,-0.5,FREE,,,
sell,210709,103.0,3138.837436741599,0.0,5m SELL signal,2015-09-02 15:30:00,1.808593511581421,-0.5,FREE,1286.923349064045,102.59,210699.0
buy,210729,104.09,3105.9684502294617,0.0,5m BUY signal,2015-09-02 17:10:00,3.6928915977478027,-0.5,FREE,,,
sell,210738,104.33,3105.9684502294617,0.0,5m SELL signal,2015-09-02 18:05:00,4.676918983459473,-0.5,FREE,745.432428055055,104.09,210729.0
buy,211892,104.87,3089.975096905118,0.0,ADAPTIVE_FORCE_BUY->first acceptable 5m signal,2015-09-15 04:25:00,2.156078815460205,1.0499999999999996,FORCE_BUY,,,
sell,212217,107.02,3089.975096905118,0.0,ADAPTIVE_FORCE_SELL->first acceptable 5m signal,2015-09-17 08:30:00,5.34228515625,-0.5,FORCE_SELL,6643.446458345977,104.87,211892.0
buy,212355,106.04,3118.532015001751,0.0,5m BUY signal,2015-09-18 06:20:00,1.4277832508087158,0.9499999999999997,FREE,,,
sell,212403,106.18,3118.532015001751,0.0,5m SELL signal,2015-09-18 10:25:00,3.684528112411499,-0.5,FREE,436.5944821002469,106.04,212355.0
buy,212430,105.69,3132.9901537788433,0.0,5m BUY signal,2015-09-18 12:40:00,1.0176290273666382,0.9499999999999997,FREE,,,
sell,212476,105.77,3132.9901537788433,0.0,5m SELL signal,2015-09-18 16:30:00,4.294996738433838,-0.5,FREE,250.63921230230213,105.69,212430.0
buy,212493,105.56,3139.2228928115596,0.0,5m BUY signal,2015-09-18 18:00:00,0.9740180373191833,0.9499999999999997,FREE,,,
sell,213045,103.19,3139.2228928115596,0.0,5m SELL signal,2015-09-24 08:10:00,3.130253553390503,2.2499999999999996,FREE,-7439.958255963411,105.56,212493.0
buy,213059,103.01,3144.708380829287,0.0,5m BUY signal,2015-09-24 09:20:00,2.821077823638916,2.4499999999999993,FREE,,,
sell,213124,103.81,3144.708380829287,0.0,5m SELL signal,2015-09-24 14:45:00,2.901968479156494,2.2499999999999996,FREE,2515.7667046634206,103.01,213059.0
buy,213830,101.41,3219.1320088145967,0.0,5m BUY signal,2015-09-30 17:45:00,2.674294948577881,-0.5,FREE,,,
sell,213856,102.94,3219.1320088145967,0.0,5m SELL signal,2015-10-01 04:10:00,5.4404401779174805,1.8499999999999996,FREE,4925.271973486337,101.41,213830.0
buy,215739,108.32,3059.245282379751,0.0,ADAPTIVE_FORCE_BUY->first acceptable 5m signal,2015-10-19 04:00:00,1.5922250747680664,1.4499999999999995,FORCE_BUY,,,
sell,218281,113.7,3059.245282379751,0.0,5m SELL signal,2015-11-11 04:00:00,1.4033377170562744,-0.5,FREE,16458.73961920309,108.32,215739.0
buy,218315,113.394,3067.500825498507,0.0,5m BUY signal,2015-11-11 09:30:00,2.4421286582946777,2.2999999999999994,FREE,,,
sell,218337,113.3199,3067.500825498507,0.0,5m SELL signal,2015-11-11 11:20:00,1.5094419717788696,-0.5,FREE,-227.30181116944362,113.394,218315.0
buy,218424,112.95,3077.5465851740437,0.0,5m BUY signal,2015-11-12 05:20:00,2.1386637687683105,1.7999999999999994,FREE,,,
sell,218919,111.84,3077.5465851740437,0.0,5m SELL signal,2015-11-17 04:40:00,3.762749671936035,2.499999999999999,FREE,-3416.0767095431866,112.95,218424.0
buy,219542,114.79,2998.4563993890147,0.0,ADAPTIVE_FORCE_BUY->first acceptable 5m signal,2015-11-23 10:40:00,1.5962350368499756,1.4999999999999996,FORCE_BUY,,,
sell,220020,114.52,2998.4563993890147,0.0,5m SELL signal,2015-11-30 06:00:00,2.801265001296997,2.0499999999999994,FREE,-809.5832278350647,114.79,219542.0
buy,220027,114.61,2996.1017961611547,0.0,5m BUY signal,2015-11-30 07:10:00,2.553863525390625,2.1999999999999993,FREE,,,
sell,220033,114.77,2996.1017961611547,0.0,5m SELL signal,2015-11-30 07:50:00,3.564547538757324,2.0499999999999994,FREE,479.3762873857745,114.61,220027.0
buy,220667,114.11,3013.430927573532,0.0,5m BUY signal,2015-12-04 11:40:00,2.466693639755249,1.4999999999999996,FREE,,,
sell,220673,114.33,3013.430927573532,0.0,5m SELL signal,2015-12-04 12:10:00,2.177415132522583,1.8499999999999996,FREE,662.9548040661736,114.11,220667.0
buy,220880,114.01,3021.888939123602,0.0,5m BUY signal,2015-12-08 04:10:00,1.489205241203308,1.2999999999999996,FREE,,,
sell,220927,114.0199,3021.888939123602,0.0,5m SELL signal,2015-12-08 10:35:00,2.906940460205078,-0.5,FREE,29.91670049732909,114.01,220880.0
buy,221285,113.45,3037.068970030667,0.0,ADAPTIVE_FORCE_BUY->first acceptable 5m signal,2015-12-10 15:15:00,1.8358811140060425,1.6999999999999993,FORCE_BUY,,,
sell,221526,110.63,3037.068970030667,0.0,5m SELL signal,2015-12-14 08:00:00,3.0760080814361572,1.7499999999999996,FREE,-8564.534495486503,113.45,221285.0
buy,221543,110.98,3027.490900653205,0.0,5m BUY signal,2015-12-14 09:25:00,1.8972609043121338,1.1499999999999997,FREE,,,
sell,221574,110.03,3027.490900653205,0.0,5m SELL signal,2015-12-14 12:00:00,1.9675222635269165,1.7499999999999996,FREE,-2876.1163556205533,110.98,221543.0
buy,221591,110.69,3009.439188715079,0.0,5m BUY signal,2015-12-14 13:25:00,2.1501734256744385,1.1499999999999997,FREE,,,
sell,221608,111.29,3009.439188715079,0.0,5m SELL signal,2015-12-14 14:50:00,2.075870990753174,1.7499999999999996,FREE,1805.663513229073,110.69,221591.0
buy,222034,114.1,2935.3241657502294,0.0,5m BUY signal,2015-12-17 09:35:00,1.387450933456421,-0.5,FREE,,,
sell,222061,113.2878,2935.3241657502294,0.0,5m SELL signal,2015-12-17 11:50:00,4.646903038024902,2.499999999999999,FREE,-2384.070287422307,114.1,222034.0
buy,222111,112.07,2967.2206391066197,0.0,5m BUY signal,2015-12-17 16:00:00,1.8612966537475586,-0.5,FREE,,,
sell,222184,111.58,2967.2206391066197,0.0,5m SELL signal,2015-12-18 08:20:00,2.3739936351776123,-0.5,FREE,-1453.9381131622285,112.07,222111.0
buy,222205,111.1,2980.0403142350733,0.0,5m BUY signal,2015-12-18 10:05:00,2.7551064491271973,1.4999999999999996,FREE,,,
sell,222217,111.22,2980.0403142350733,0.0,5m SELL signal,2015-12-18 11:05:00,2.2366273403167725,-0.5,FREE,357.60483770822236,111.1,222205.0
buy,222231,110.73,2993.227524150861,0.0,5m BUY signal,2015-12-18 12:15:00,2.5448238849639893,1.4999999999999996,FREE,,,
sell,222251,110.72,2993.227524150861,0.0,5m SELL signal,2015-12-18 13:55:00,2.734144449234009,-0.5,FREE,-29.93227524152392,110.73,222231.0
buy,222263,110.48,2999.729828692825,0.0,5m BUY signal,2015-12-18 14:55:00,2.203312873840332,1.4999999999999996,FREE,,,
sell,222295,110.02,2999.729828692825,0.0,5m SELL signal,2015-12-18 17:35:00,1.854317307472229,-0.5,FREE,-1379.8757211987233,110.48,222263.0
buy,222338,110.85,2977.269064075639,0.0,ADAPTIVE_FORCE_BUY->first acceptable 5m signal,2015-12-21 06:55:00,2.591749906539917,1.9999999999999996,FORCE_BUY,,,
sell,222797,112.57,2977.269064075639,0.0,5m SELL signal,2015-12-24 09:25:00,2.0051910877227783,1.7499999999999996,FREE,5120.902790210096,110.85,222338.0
buy,222805,112.5899,2976.7428387714585,0.0,5m BUY signal,2015-12-24 10:05:00,1.6359713077545166,1.5499999999999994,FREE,,,
sell,222816,112.7,2976.7428387714585,0.0,5m SELL signal,2015-12-24 11:00:00,2.2280659675598145,1.7499999999999996,FREE,327.73938654874576,112.5899,222805.0
buy,222823,112.6684,2977.5777230309773,0.0,5m BUY signal,2015-12-24 11:35:00,1.5631358623504639,1.5499999999999994,FREE,,,
sell,222828,112.85,2977.5777230309773,0.0,5m SELL signal,2015-12-24 12:00:00,2.7006781101226807,1.7499999999999996,FREE,540.7281145023924,112.6684,222823.0
buy,222904,111.65,3009.580349700365,0.0,ADAPTIVE_FORCE_BUY->first acceptable 5m signal,2015-12-28 10:45:00,2.6893324851989746,-0.5,FORCE_BUY,,,
sell,223182,113.84,3009.580349700365,0.0,5m SELL signal,2015-12-30 10:50:00,3.6252200603485107,1.9499999999999993,FREE,6590.980965843793,111.65,222904.0
buy,223238,113.47,3019.3939103718126,0.0,5m BUY signal,2015-12-30 15:30:00,1.2438393831253052,-0.5,FREE,,,
sell,223379,112.25,3019.3939103718126,0.0,ADAPTIVE_FORCE_SELL->first acceptable 5m signal,2015-12-31 15:35:00,2.406597852706909,1.9499999999999993,FORCE_SELL,-3683.660570653608,113.47,223238.0
buy,223410,110.08,3078.915029426199,0.0,5m BUY signal,2016-01-04 04:00:00,2.8542864322662354,1.1499999999999997,FREE,,,
sell,223542,109.27,3078.915029426199,0.0,5m SELL signal,2016-01-04 15:45:00,2.8318088054656982,-0.5,FREE,-2493.9211738352283,110.08,223410.0
buy,223594,109.1,3083.7126055490444,0.0,5m BUY signal,2016-01-05 05:00:00,3.534883975982666,2.3999999999999995,FREE,,,
sell,223602,109.17,3083.7126055490444,0.0,5m SELL signal,2016-01-05 06:05:00,1.7859477996826172,-0.5,FREE,215.8598823884559,109.1,223594.0
buy,223640,109.53,3073.5771491626874,0.0,5m BUY signal,2016-01-05 09:55:00,3.121432065963745,2.3999999999999995,FREE,,,
sell,223652,109.79,3073.5771491626874,0.0,5m SELL signal,2016-01-05 10:55:00,2.003715991973877,-0.5,FREE,799.1300587823144,109.53,223640.0
buy,223665,109.12,3092.4490029927733,0.0,5m BUY signal,2016-01-05 12:00:00,3.432694435119629,2.3999999999999995,FREE,,,
sell,223684,109.26,3092.4490029927733,0.0,5m SELL signal,2016-01-05 13:35:00,2.138348340988159,-0.5,FREE,432.94286041899005,109.12,223665.0
buy,223698,109.51,3085.389261866409,0.0,5m BUY signal,2016-01-05 14:45:00,2.431082010269165,2.3999999999999995,FREE,,,
sell,223802,107.41,3085.389261866409,0.0,ADAPTIVE_FORCE_SELL->first acceptable 5m signal,2016-01-06 08:55:00,2.935709238052368,-0.5,FORCE_SELL,-6479.317449919486,109.51,223698.0
buy,224312,104.42,3173.7374125365923,0.0,5m BUY signal,2016-01-11 07:55:00,2.714210271835327,2.499999999999999,FREE,,,
sell,224316,104.8,3173.7374125365923,0.0,5m SELL signal,2016-01-11 08:15:00,1.7963443994522095,0.9499999999999997,FREE,1206.0202167638906,104.42,224312.0
buy,224326,104.68,3177.3756289055677,0.0,5m BUY signal,2016-01-11 09:05:00,3.2102599143981934,2.499999999999999,FREE,,,
sell,224359,104.32,3177.3756289055677,0.0,5m SELL signal,2016-01-11 11:50:00,2.3729608058929443,0.9499999999999997,FREE,-1143.8552264060477,104.68,224326.0
buy,224365,103.71,3196.064271598002,0.0,5m BUY signal,2016-01-11 12:20:00,3.1297569274902344,2.499999999999999,FREE,,,
sell,224393,103.822,3196.064271598002,0.0,5m SELL signal,2016-01-11 14:40:00,1.7762701511383057,0.9499999999999997,FREE,357.9591984190049,103.71,224365.0
buy,224400,103.24,3214.0816040860886,0.0,5m BUY signal,2016-01-11 15:15:00,3.0199544429779053,2.499999999999999,FREE,,,
sell,224404,104.56,3214.0816040860886,0.0,5m SELL signal,2016-01-11 15:35:00,1.910785436630249,0.9499999999999997,FREE,4242.587717393661,103.24,224400.0
buy,224809,101.7,3304.467773089886,0.0,5m BUY signal,2016-01-14 05:30:00,2.354139566421509,1.7499999999999996,FREE,,,
sell,224880,103.31,3304.467773089886,0.0,5m SELL signal,2016-01-14 12:00:00,4.644887447357178,-0.5,FREE,5320.193114674715,101.7,224809.0
buy,224934,103.84,3287.601749209516,0.0,5m BUY signal,2016-01-14 16:30:00,2.693991184234619,1.7499999999999996,FREE,,,
sell,224963,104.1,3287.601749209516,0.0,5m SELL signal,2016-01-14 19:00:00,5.749367713928223,-0.5,FREE,854.7764547944442,103.84,224934.0
buy,224973,102.39,3342.50749187138,0.0,5m BUY signal,2016-01-15 04:00:00,2.8477418422698975,2.0499999999999994,FREE,,,
sell,224996,102.17,3342.50749187138,0.0,5m SELL signal,2016-01-15 06:40:00,4.50146484375,-0.5,FREE,-735.3516482116997,102.39,224973.0
buy,225018,101.6,3361.2597484694775,0.0,5m BUY signal,2016-01-15 08:30:00,2.6354284286499023,2.0499999999999994,FREE,,,
sell,225071,100.36,3361.2597484694775,0.0,5m SELL signal,2016-01-15 12:55:00,3.9847705364227295,-0.5,FREE,-4167.962088102135,101.6,225018.0
buy,225089,100.18,3367.2991451027824,0.0,5m BUY signal,2016-01-15 14:25:00,3.196911334991455,2.0499999999999994,FREE,,,
sell,225097,101.04,3367.2991451027824,0.0,5m SELL signal,2016-01-15 15:05:00,4.079920291900635,-0.5,FREE,2895.877264788391,100.18,225089.0
buy,225221,101.055,3366.7993233505035,0.0,5m BUY signal,2016-01-19 11:20:00,2.454287052154541,2.4499999999999993,FREE,,,
sell,225226,101.511,3366.7993233505035,0.0,5m SELL signal,2016-01-19 11:45:00,4.386559009552002,-0.5,FREE,1535.260491447792,101.055,225221.0
buy,225232,101.0,3383.8333278478513,0.0,5m BUY signal,2016-01-19 12:15:00,2.81150484085083,2.4499999999999993,FREE,,,
sell,225244,101.32,3383.8333278478513,0.0,5m SELL signal,2016-01-19 13:15:00,3.5878469944000244,-0.5,FREE,1082.8266649112893,101.0,225232.0
buy,225254,100.319,3417.597790822718,0.0,5m BUY signal,2016-01-19 14:05:00,2.9700050354003906,2.4499999999999993,FREE,,,
sell,225266,100.53,3417.597790822718,0.0,5m SELL signal,2016-01-19 15:05:00,3.780832052230835,-0.5,FREE,721.1131338635884,100.319,225254.0
buy,225315,100.82,3407.767366707081,0.0,5m BUY signal,2016-01-19 19:10:00,3.1877899169921875,2.4499999999999993,FREE,,,
sell,225332,99.13,3407.767366707081,0.0,5m SELL signal,2016-01-20 04:40:00,4.283275127410889,-0.5,FREE,-5759.126849734958,100.82,225315.0
buy,225338,98.92,3415.001810166528,0.0,5m BUY signal,2016-01-20 05:35:00,5.201850414276123,-0.5,FREE,,,
sell,225345,99.27,3415.001810166528,0.0,5m SELL signal,2016-01-20 06:25:00,4.1661529541015625,-0.5,FREE,1195.2506335582652,98.92,225338.0
buy,225382,99.36,3411.908511425435,0.0,5m BUY signal,2016-01-20 09:40:00,4.906051158905029,-0.5,FREE,,,
sell,225401,98.49,3411.908511425435,0.0,5m SELL signal,2016-01-20 11:15:00,5.6312174797058105,-0.5,FREE,-2968.360404940144,99.36,225382.0
buy,225414,97.47,3447.6133096367194,0.0,5m BUY signal,2016-01-20 12:20:00,4.820874214172363,-0.5,FREE,,,
sell,225420,97.9,3447.6133096367194,0.0,5m SELL signal,2016-01-20 12:50:00,7.107352256774902,-0.5,FREE,1482.4737231438128,97.47,225414.0
buy,225503,99.95,3376.9018810748858,0.0,5m BUY signal,2016-01-21 04:00:00,3.407094955444336,-0.5,FREE,,,
sell,225519,100.22,3376.9018810748858,0.0,5m SELL signal,2016-01-21 06:00:00,4.824887275695801,-0.5,FREE,911.7635078902057,99.95,225503.0
buy,225551,101.1,3347.5084720210198,0.0,5m BUY signal,2016-01-21 09:05:00,3.9774560928344727,-0.5,FREE,,,
sell,225586,102.17,3347.5084720210198,0.0,5m SELL signal,2016-01-21 12:00:00,6.336019039154053,-0.5,FREE,3581.834065062516,101.1,225551.0
buy,225594,102.0,3353.0876528077215,0.0,5m BUY signal,2016-01-21 12:40:00,3.507004976272583,-0.5,FREE,,,
sell,225638,100.85,3353.0876528077215,0.0,5m SELL signal,2016-01-21 16:20:00,5.336419582366943,-0.5,FREE,-3856.0508007288986,102.0,225594.0
buy,225653,100.75,3356.41577951026,0.0,5m BUY signal,2016-01-21 17:40:00,4.640522003173828,-0.5,FREE,,,
sell,225855,103.37,3356.41577951026,0.0,ADAPTIVE_FORCE_SELL->first acceptable 5m signal,2016-01-25 04:35:00,5.770232200622559,-0.5,FORCE_SELL,8793.809342316898,100.75,225653.0
buy,226059,101.94,3403.499108573432,0.0,5m BUY signal,2016-01-26 09:50:00,2.876668691635132,2.499999999999999,FREE,,,
sell,226064,102.59,3403.499108573432,0.0,5m SELL signal,2016-01-26 10:15:00,5.3185529708862305,-0.5,FREE,2212.27442057275,101.94,226059.0
buy,226109,103.07,3387.6489138308766,0.0,5m BUY signal,2016-01-26 14:00:00,2.666219472885132,2.499999999999999,FREE,,,
sell,226163,102.53,3387.6489138308766,0.0,5m SELL signal,2016-01-26 18:30:00,5.590897083282471,-0.5,FREE,-1829.3304134686464,103.07,226109.0
buy,226169,102.36,3393.2751380918303,0.0,5m BUY signal,2016-01-26 19:05:00,2.580061435699463,2.499999999999999,FREE,,,
sell,226176,102.53,3393.2751380918303,0.0,5m SELL signal,2016-01-26 19:40:00,4.538759231567383,-0.5,FREE,576.8567734756169,102.36,226169.0
buy,226368,101.57,3425.347050394362,0.0,5m BUY signal,2016-01-28 06:05:00,2.45121693611145,2.4499999999999993,FREE,,,
sell,226384,101.49,3425.347050394362,0.0,5m SELL signal,2016-01-28 07:25:00,4.5115556716918945,-0.5,FREE,-274.02776403154314,101.57,226368.0
buy,226397,101.24,3433.8055328380465,0.0,5m BUY signal,2016-01-28 08:30:00,3.330329418182373,2.4499999999999993,FREE,,,
sell,226443,101.8,3433.8055328380465,0.0,5m SELL signal,2016-01-28 12:20:00,6.400930881500244,-0.5,FREE,1922.9310983893138,101.24,226397.0
buy,226455,101.4,3447.351116794015,0.0,5m BUY signal,2016-01-28 13:20:00,3.4593160152435303,2.4499999999999993,FREE,,,
sell,226464,102.02,3447.351116794015,0.0,5m SELL signal,2016-01-28 14:05:00,5.352843284606934,-0.5,FREE,2137.3576924122563,101.4,226455.0
buy,226473,101.73,3457.1784226415552,0.0,5m BUY signal,2016-01-28 14:50:00,3.0473058223724365,2.4499999999999993,FREE,,,
sell,226482,102.09,3457.1784226415552,0.0,5m SELL signal,2016-01-28 15:35:00,5.554827690124512,-0.5,FREE,1244.5842321509579,101.73,226473.0
buy,226488,101.42,3480.0172073306685,0.0,5m BUY signal,2016-01-28 16:05:00,3.384722948074341,2.4499999999999993,FREE,,,
sell,226584,102.59,3480.0172073306685,0.0,5m SELL signal,2016-01-29 09:35:00,6.092268466949463,-0.5,FREE,4071.620132576888,101.42,226488.0
buy,227551,97.4,3665.45138911759,0.0,ADAPTIVE_FORCE_BUY->first acceptable 5m signal,2016-02-08 04:20:00,5.024742126464844,2.4499999999999993,FORCE_BUY,,,
sell,227787,97.29,3665.45138911759,0.0,5m SELL signal,2016-02-09 09:50:00,4.333710670471191,-0.5,FREE,-403.19965280293286,97.4,227551.0
buy,227795,96.53,3694.3102211462797,0.0,5m BUY signal,2016-02-09 10:30:00,5.876794338226318,2.4499999999999993,FREE,,,
sell,227805,96.88,3694.3102211462797,0.0,5m SELL signal,2016-02-09 11:20:00,2.6931228637695312,-0.5,FREE,1293.0085774011768,96.53,227795.0
buy,227812,96.24,3718.877537662631,0.0,5m BUY signal,2016-02-09 11:55:00,5.6570048332214355,2.4499999999999993,FREE,,,
sell,227837,95.86,3718.877537662631,0.0,5m SELL signal,2016-02-09 14:00:00,6.462625503540039,-0.5,FREE,-1413.1734643117827,96.24,227812.0
buy,227857,96.49,3694.5963391060195,0.0,5m BUY signal,2016-02-09 15:40:00,5.0453362464904785,2.4499999999999993,FREE,,,
sell,227879,96.54,3694.5963391060195,0.0,5m SELL signal,2016-02-09 18:00:00,4.81369686126709,-0.5,FREE,184.72981695534298,96.49,227857.0
buy,227892,96.43,3698.810853233383,0.0,5m BUY signal,2016-02-09 19:15:00,5.324395179748535,2.4499999999999993,FREE,,,
sell,227904,97.36,3698.810853233383,0.0,5m SELL signal,2016-02-10 04:30:00,4.723606109619141,-0.5,FREE,3439.894093507019,96.43,227892.0
buy,227918,97.72,3685.184452218606,0.0,5m BUY signal,2016-02-10 06:25:00,5.408722400665283,-0.5,FREE,,,
sell,227934,97.86,3685.184452218606,0.0,5m SELL signal,2016-02-10 07:50:00,4.296239852905273,-0.5,FREE,515.9258233106069,97.72,227918.0
buy,228018,97.459,3700.347330611978,0.0,5m BUY signal,2016-02-10 14:50:00,5.384273529052734,-0.5,FREE,,,
sell,229264,102.77,3700.347330611978,0.0,ADAPTIVE_FORCE_SELL->first acceptable 5m signal,2016-02-23 08:55:00,4.936135292053223,-0.5,FORCE_SELL,19652.54467288019,97.459,228018.0
buy,229388,100.89,3769.30018006733,0.0,5m BUY signal,2016-02-24 04:00:00,3.146937131881714,2.4499999999999993,FREE,,,
sell,229478,101.33,3769.30018006733,0.0,5m SELL signal,2016-02-24 13:05:00,2.0917305946350098,1.5499999999999994,FREE,1658.4920792296166,100.89,229388.0
buy,229606,102.24,3735.751048965401,0.0,ADAPTIVE_FORCE_BUY->first acceptable 5m signal,2016-02-25 09:40:00,2.590827226638794,2.1999999999999993,FORCE_BUY,,,
sell,229724,104.47,3735.751048965401,0.0,ADAPTIVE_FORCE_SELL->first acceptable 5m signal,2016-02-26 04:00:00,4.941494464874268,1.1499999999999997,FORCE_SELL,8330.724839192859,102.24,229606.0
buy,230254,105.33,3705.249331485953,0.0,ADAPTIVE_FORCE_BUY->first acceptable 5m signal,2016-03-02 10:40:00,1.8328708410263062,-0.5,FORCE_BUY,,,
sell,230510,105.77,3705.249331485953,0.0,5m SELL signal,2016-03-04 06:10:00,3.7366604804992676,-0.5,FREE,1630.309705853811,105.33,230254.0
buy,230536,105.58,3711.9172361362876,0.0,5m BUY signal,2016-03-04 08:55:00,2.9709794521331787,1.6499999999999995,FREE,,,
sell,230554,105.27,3711.9172361362876,0.0,5m SELL signal,2016-03-04 10:25:00,3.977673292160034,-0.5,FREE,-1150.6943432022576,105.58,230536.0
buy,230601,105.92,3689.1382878405116,0.0,5m BUY signal,2016-03-04 14:20:00,1.8131153583526611,1.6499999999999995,FREE,,,
sell,230614,105.71,3689.1382878405116,0.0,5m SELL signal,2016-03-04 15:25:00,3.793733596801758,-0.5,FREE,-774.7190404465368,105.92,230601.0
buy,230627,105.53,3695.430762888472,0.0,5m BUY signal,2016-03-04 16:30:00,2.6115410327911377,1.6499999999999995,FREE,,,
sell,230866,104.86,3695.430762888472,0.0,5m SELL signal,2016-03-08 11:50:00,3.4523227214813232,-0.5,FREE,-2475.938611135283,105.53,230627.0
buy,231150,104.96,3691.909963762245,0.0,5m BUY signal,2016-03-10 10:30:00,2.431879758834839,1.5999999999999996,FREE,,,
sell,231427,106.18,3691.909963762245,0.0,5m SELL signal,2016-03-14 09:30:00,2.579773187637329,-0.5,FREE,4504.130155789987,104.96,231150.0
buy,231999,106.8932,3667.2772445045634,0.0,5m BUY signal,2016-03-18 09:45:00,1.6574931144714355,-0.5,FREE,,,
sell,232008,107.27,3667.2772445045634,0.0,5m SELL signal,2016-03-18 10:30:00,3.782984733581543,2.0999999999999996,FREE,1381.8300657293303,106.8932,231999.0
buy,232040,107.35,3664.5442945319473,0.0,5m BUY signal,2016-03-18 13:10:00,1.4711605310440063,-0.5,FREE,,,
sell,232057,107.26,3664.5442945319473,0.0,5m SELL signal,2016-03-18 14:35:00,2.443612575531006,2.0999999999999996,FREE,-329.8089865078357,107.35,232040.0
buy,232074,107.31,3662.8368374941447,0.0,5m BUY signal,2016-03-18 16:00:00,1.3922173976898193,-0.5,FREE,,,
sell,232137,107.61,3662.8368374941447,0.0,5m SELL signal,2016-03-21 09:50:00,3.234994888305664,-0.5,FREE,1098.851051248233,107.31,232074.0
buy,232142,107.25,3675.131674431188,0.0,5m BUY signal,2016-03-21 10:15:00,1.5406156778335571,1.3999999999999995,FREE,,,
sell,232152,107.31,3675.131674431188,0.0,5m SELL signal,2016-03-21 11:05:00,2.219017744064331,-0.5,FREE,220.50790046587963,107.25,232142.0
buy,232236,107.04,3684.4019056727466,0.0,5m BUY signal,2016-03-22 04:00:00,1.8402843475341797,-0.5,FREE,,,
sell,232282,107.55,3684.4019056727466,0.0,5m SELL signal,2016-03-22 09:50:00,2.480902910232544,1.5499999999999994,FREE,1879.0449718930672,107.04,232236.0
buy,232306,107.8401,3674.4905184166546,0.0,5m BUY signal,2016-03-22 11:50:00,1.5194728374481201,-0.5,FREE,,,
sell,232325,108.28,3674.4905184166546,0.0,5m SELL signal,2016-03-22 13:25:00,1.8131637573242188,1.5499999999999994,FREE,1616.4083790514658,107.8401,232306.0
buy,232509,106.86,3723.3186724139564,0.0,5m BUY signal,2016-03-24 04:00:00,1.7022709846496582,-0.5,FREE,,,
sell,232630,107.28,3723.3186724139564,0.0,5m SELL signal,2016-03-24 16:15:00,2.1524388790130615,1.7499999999999996,FREE,1563.793842413868,106.86,232509.0
buy,234524,110.94,3600.483389008196,0.0,5m BUY signal,2016-04-13 16:30:00,1.8922492265701294,1.8499999999999996,FREE,,,
sell,234651,110.948,3600.483389008196,0.0,ADAPTIVE_FORCE_SELL->first acceptable 5m signal,2016-04-14 15:45:00,1.888619303703308,1.5999999999999996,FORCE_SELL,28.803867112049602,110.94,234524.0
buy,234812,110.32,3620.9792516649864,0.0,5m BUY signal,2016-04-18 04:20:00,2.2165346145629883,0.9499999999999997,FREE,,,
sell,234858,110.93,3620.9792516649864,0.0,5m SELL signal,2016-04-18 10:05:00,2.0451512336730957,1.5999999999999996,FREE,2208.797343515691,110.32,234812.0
buy,234872,111.0,3618.6957512360086,0.0,5m BUY signal,2016-04-18 11:15:00,1.9902554750442505,0.9499999999999997,FREE,,,
sell,234885,110.98,3618.6957512360086,0.0,5m SELL signal,2016-04-18 12:20:00,1.647493600845337,1.5999999999999996,FREE,-72.37391502470577,111.0,234872.0
buy,234895,110.9,3621.3061719763054,0.0,5m BUY signal,2016-04-18 13:10:00,1.2415344715118408,0.9499999999999997,FREE,,,
sell,234902,111.02,3621.3061719763054,0.0,5m SELL signal,2016-04-18 13:45:00,1.676706075668335,1.5999999999999996,FREE,434.55674063712166,110.9,234895.0
buy,234918,111.07,3619.6759810282656,0.0,5m BUY signal,2016-04-18 15:05:00,1.265002727508545,0.9499999999999997,FREE,,,
sell,234929,111.2,3619.6759810282656,0.0,5m SELL signal,2016-04-18 16:00:00,2.110656499862671,1.5999999999999996,FREE,470.55787753370953,111.07,234918.0
buy,234930,110.95,3627.832078326662,0.0,5m BUY signal,2016-04-18 16:05:00,1.5303212404251099,0.9499999999999997,FREE,,,
sell,234957,111.0,3627.832078326662,0.0,5m SELL signal,2016-04-18 18:50:00,1.8059571981430054,1.5999999999999996,FREE,181.3916039163228,110.95,234930.0
buy,235568,108.32,3717.5901098066797,0.0,5m BUY signal,2016-04-25 04:00:00,2.755898952484131,2.1499999999999995,FREE,,,
sell,235641,108.63,3717.5901098066797,0.0,5m SELL signal,2016-04-25 12:35:00,1.2167812585830688,-0.5,FREE,1152.452934040079,108.32,235568.0
buy,236609,105.61,3823.897487248363,0.0,5m BUY signal,2016-05-04 04:10:00,1.5278315544128418,-0.5,FREE,,,
sell,236631,105.08,3823.897487248363,0.0,5m SELL signal,2016-05-04 06:50:00,5.836501121520996,-0.5,FREE,-2026.665668241637,105.61,236609.0
buy,236683,105.06,3824.625432705673,0.0,5m BUY signal,2016-05-04 11:20:00,1.261010766029358,-0.5,FREE,,,
sell,236692,105.18,3824.625432705673,0.0,5m SELL signal,2016-05-04 12:05:00,4.8766045570373535,-0.5,FREE,458.9550519246982,105.06,236683.0
buy,236699,105.031,3830.051156439363,0.0,5m BUY signal,2016-05-04 12:40:00,1.139717698097229,-0.5,FREE,,,
sell,236713,105.1,3830.051156439363,0.0,5m SELL signal,2016-05-04 13:50:00,5.266592025756836,-0.5,FREE,264.2735297942716,105.031,236699.0
buy,236717,104.88,3838.085207301459,0.0,5m BUY signal,2016-05-04 14:10:00,1.0705831050872803,-0.5,FREE,,,
sell,236721,105.145,3838.085207301459,0.0,5m SELL signal,2016-05-04 14:30:00,5.622169494628906,-0.5,FREE,1017.0925799348888,104.88,236717.0
buy,236994,104.575,3859.005203172,0.0,ADAPTIVE_FORCE_BUY->first acceptable 5m signal,2016-05-06 11:45:00,1.824413537979126,1.6499999999999995,FORCE_BUY,,,
sell,237079,106.04,3859.005203172,0.0,ADAPTIVE_FORCE_SELL->first acceptable 5m signal,2016-05-09 05:30:00,4.593789100646973,-0.5,FORCE_SELL,5653.442622646993,104.575,236994.0
buy,238785,108.93,3756.6227094864494,0.0,5m BUY signal,2016-05-25 07:05:00,1.4905446767807007,1.2999999999999996,FREE,,,
sell,238822,109.33,3756.6227094864494,0.0,5m SELL signal,2016-05-25 10:15:00,3.541064500808716,2.349999999999999,FREE,1502.6490837945478,108.93,238785.0
buy,238902,109.24,3759.717693410413,0.0,5m BUY signal,2016-05-25 17:00:00,1.3000344038009644,1.2999999999999996,FREE,,,
sell,238919,109.4,3759.717693410413,0.0,5m SELL signal,2016-05-26 06:05:00,3.2298924922943115,-0.5,FREE,601.5548309457067,109.24,238902.0
buy,239074,109.78,3746.7035494543566,0.0,ADAPTIVE_FORCE_BUY->first acceptable 5m signal,2016-05-27 08:35:00,0.4309009611606598,0.34999999999999987,FORCE_BUY,,,
sell,239187,110.3,3746.7035494543566,0.0,5m SELL signal,2016-05-31 04:20:00,3.570852756500244,-0.5,FREE,1948.2858457162506,109.78,239074.0
buy,239268,109.939,3759.0063717590256,0.0,5m BUY signal,2016-05-31 14:00:00,0.46067020297050476,0.2999999999999998,FREE,,,
sell,239284,109.995,3759.0063717590256,0.0,5m SELL signal,2016-05-31 15:20:00,2.6675221920013428,-0.5,FREE,210.504356818549,109.939,239268.0
buy,239303,110.28,3749.2918558363626,0.0,5m BUY signal,2016-05-31 17:10:00,0.984060525894165,0.2999999999999998,FREE,,,
sell,239367,110.42,3749.2918558363626,0.0,5m SELL signal,2016-06-01 10:35:00,1.3107582330703735,-0.5,FREE,524.9008598170929,110.28,239303.0
buy,239379,110.24,3755.4137039318866,0.0,5m BUY signal,2016-06-01 11:35:00,1.9269657135009766,0.2999999999999998,FREE,,,
sell,239385,110.452,3755.4137039318866,0.0,5m SELL signal,2016-06-01 12:05:00,1.6980105638504028,-0.5,FREE,796.1477052335723,110.24,239379.0
buy,239402,110.39,3757.522913549096,0.0,5m BUY signal,2016-06-01 13:30:00,2.2416112422943115,0.2999999999999998,FREE,,,
sell,239410,110.495,3757.522913549096,0.0,5m SELL signal,2016-06-01 14:10:00,1.2708097696304321,-0.5,FREE,394.53990592267,110.39,239402.0
buy,239416,110.4099,3760.4190777512467,0.0,5m BUY signal,2016-06-01 14:40:00,2.1220433712005615,0.2999999999999998,FREE,,,
sell,239420,110.465,3760.4190777512467,0.0,5m SELL signal,2016-06-01 15:00:00,1.4961990118026733,-0.5,FREE,207.19909118413182,110.4099,239416.0
buy,239426,110.36,3763.9968595849177,0.0,5m BUY signal,2016-06-01 15:30:00,2.2504279613494873,0.2999999999999998,FREE,,,
sell,239442,110.43,3763.9968595849177,0.0,5m SELL signal,2016-06-01 16:55:00,1.1275644302368164,-0.5,FREE,263.47978017097205,110.36,239426.0
buy,239448,110.34,3767.067003842328,0.0,5m BUY signal,2016-06-01 17:55:00,2.266787052154541,0.2999999999999998,FREE,,,
sell,239619,110.37,3767.067003842328,0.0,ADAPTIVE_FORCE_SELL->first acceptable 5m signal,2016-06-03 09:25:00,1.6442430019378662,1.3499999999999996,FORCE_SELL,113.01201011527412,110.34,239448.0
buy,240012,110.11,3775.9620853153915,0.0,ADAPTIVE_FORCE_BUY->first acceptable 5m signal,2016-06-08 10:10:00,1.8415454626083374,1.4999999999999996,FORCE_BUY,,,
sell,240483,108.52,3775.9620853153915,0.0,ADAPTIVE_FORCE_SELL->first acceptable 5m signal,2016-06-13 14:40:00,0.6688788533210754,-0.5,FORCE_SELL,-6003.779715651485,110.11,240012.0
buy,240580,107.81,3800.829287621058,0.0,5m BUY signal,2016-06-14 10:25:00,2.4331061840057373,2.349999999999999,FREE,,,
sell,240604,107.87,3800.829287621058,0.0,5m SELL signal,2016-06-14 12:25:00,1.4165486097335815,-0.5,FREE,228.04975725727212,107.81,240580.0
buy,240669,107.86,3801.1816730547334,0.0,5m BUY signal,2016-06-14 18:20:00,2.3532309532165527,2.349999999999999,FREE,,,
sell,240676,107.86,3801.1816730547334,0.0,5m SELL signal,2016-06-14 19:15:00,0.89579838514328,-0.5,FREE,0.0,107.86,240669.0
buy,240888,106.96,3833.1661860105046,0.0,5m BUY signal,2016-06-16 09:35:00,2.7013938426971436,2.0999999999999996,FREE,,,
sell,240922,107.29,3833.1661860105046,0.0,5m SELL signal,2016-06-16 12:25:00,1.3374159336090088,0.8999999999999997,FREE,1264.9448413835144,106.96,240888.0
buy,241032,106.92,3846.430977338824,0.0,ADAPTIVE_FORCE_BUY->first acceptable 5m signal,2016-06-17 09:35:00,2.6171576976776123,2.499999999999999,FORCE_BUY,,,
sell,241434,107.39,3846.430977338824,0.0,ADAPTIVE_FORCE_SELL->first acceptable 5m signal,2016-06-22 05:00:00,1.4808958768844604,-0.5,FORCE_SELL,1807.822559349243,106.92,241032.0
buy,241592,108.28,3814.8155029222044,0.0,ADAPTIVE_FORCE_BUY->first acceptable 5m signal,2016-06-23 06:55:00,1.8354222774505615,0.9499999999999997,FORCE_BUY,,,
sell,241785,104.92,3814.8155029222044,0.0,ADAPTIVE_FORCE_SELL->first acceptable 5m signal,2016-06-24 07:10:00,2.5768041610717773,2.1999999999999993,FORCE_SELL,-12817.780089818605,108.28,241592.0
buy,242264,104.41,3833.449311048728,0.0,ADAPTIVE_FORCE_BUY->first acceptable 5m signal,2016-06-28 18:00:00,2.730775833129883,-0.5,FORCE_BUY,,,
sell,242278,104.97,3833.449311048728,0.0,5m SELL signal,2016-06-29 04:05:00,3.395162582397461,2.499999999999999,FREE,2146.731614187296,104.41,242264.0
buy,242495,106.2,3789.0506043388414,0.0,5m BUY signal,2016-06-30 10:25:00,1.9752825498580933,-0.5,FREE,,,
sell,242540,107.32,3789.0506043388414,0.0,5m SELL signal,2016-06-30 14:10:00,4.099368095397949,2.499999999999999,FREE,4243.736676859466,106.2,242495.0
buy,242570,107.42,3785.523281117524,0.0,5m BUY signal,2016-06-30 16:40:00,1.574326992034912,-0.5,FREE,,,
sell,242575,107.41,3785.523281117524,0.0,5m SELL signal,2016-06-30 17:10:00,4.497587203979492,2.499999999999999,FREE,-37.85523281119461,107.42,242570.0
buy,242581,107.4,3785.8757506967713,0.0,5m BUY signal,2016-06-30 18:00:00,1.6599279642105103,-0.5,FREE,,,
sell,242583,107.4,3785.8757506967713,0.0,5m SELL signal,2016-06-30 18:10:00,4.2205610275268555,2.499999999999999,FREE,0.0,107.4,242581.0
buy,242595,107.3,3789.404059877291,0.0,5m BUY signal,2016-06-30 19:40:00,1.6776789426803589,-0.5,FREE,,,
sell,242616,107.38,3789.404059877291,0.0,ADAPTIVE_FORCE_SELL->first acceptable 5m signal,2016-07-01 06:50:00,4.0814337730407715,2.499999999999999,FORCE_SELL,303.1523247901768,107.3,242595.0
buy,243701,111.345,3654.4632264549236,0.0,ADAPTIVE_FORCE_BUY->first acceptable 5m signal,2016-07-13 11:30:00,2.049314260482788,1.2499999999999996,FORCE_BUY,,,
sell,248177,117.0425,3654.4632264549236,0.0,5m SELL signal,2016-08-26 09:35:00,1.4469295740127563,-0.5,FREE,20821.304232726947,111.345,243701.0
buy,248394,116.69,3665.502718162228,0.0,ADAPTIVE_FORCE_BUY->first acceptable 5m signal,2016-08-30 05:50:00,1.6994030475616455,1.4499999999999995,FORCE_BUY,,,
sell,248792,116.8,3665.502718162228,0.0,ADAPTIVE_FORCE_SELL->first acceptable 5m signal,2016-09-02 04:30:00,1.5223658084869385,1.2499999999999996,FORCE_SELL,403.205298997843,116.69,248394.0
buy,248949,117.2,3652.992469977374,0.0,ADAPTIVE_FORCE_BUY->first acceptable 5m signal,2016-09-06 10:25:00,1.0601036548614502,-0.5,FORCE_BUY,,,
sell,249649,115.8,3652.992469977374,0.0,ADAPTIVE_FORCE_SELL->first acceptable 5m signal,2016-09-13 08:00:00,1.8872506618499756,-0.5,FORCE_SELL,-5114.189457968345,117.2,248949.0
buy,250664,118.56,3567.9531715872126,0.0,ADAPTIVE_FORCE_BUY->first acceptable 5m signal,2016-09-22 06:55:00,1.1216424703598022,1.0499999999999996,FORCE_BUY,,,
sell,251794,118.95,3567.9531715872126,0.0,5m SELL signal,2016-10-04 04:10:00,2.60193133354187,1.4999999999999996,FREE,1391.501736919015,118.56,250664.0
buy,251852,118.63,3577.5775921798786,0.0,5m BUY signal,2016-10-04 11:05:00,1.5997673273086548,1.1999999999999997,FREE,,,
sell,252476,119.33,3577.5775921798786,0.0,5m SELL signal,2016-10-10 19:40:00,1.2170344591140747,-0.5,FREE,2504.3043145259253,118.63,251852.0
buy,252482,119.0,3587.4986056707976,0.0,5m BUY signal,2016-10-11 05:00:00,1.530377745628357,1.1499999999999997,FREE,,,
sell,252487,119.11,3587.4986056707976,0.0,5m SELL signal,2016-10-11 05:45:00,1.553964614868164,-0.5,FREE,394.6248466237857,119.0,252482.0
buy,252506,119.16,3585.993277286411,0.0,5m BUY signal,2016-10-11 08:20:00,1.4989478588104248,1.1499999999999997,FREE,,,
sell,252580,117.35,3585.993277286411,0.0,5m SELL signal,2016-10-11 14:45:00,1.0896804332733154,-0.5,FREE,-6490.647831888412,119.16,252506.0
buy,252614,117.52,3580.8059146490837,0.0,5m BUY signal,2016-10-11 18:25:00,1.5586944818496704,1.1499999999999997,FREE,,,
sell,252625,117.67,3580.8059146490837,0.0,5m SELL signal,2016-10-11 19:50:00,1.4264700412750244,-0.5,FREE,537.1208871973829,117.52,252614.0
buy,252778,116.57,3614.595796317729,0.0,ADAPTIVE_FORCE_BUY->first acceptable 5m signal,2016-10-13 04:15:00,2.473724603652954,1.5499999999999994,FORCE_BUY,,,
sell,254261,118.59,3614.595796317729,0.0,5m SELL signal,2016-10-27 07:00:00,1.807440996170044,-0.5,FREE,7301.48350856185,116.57,252778.0
buy,254369,117.35,3652.7900765685513,0.0,5m BUY signal,2016-10-27 16:05:00,2.192720413208008,1.9499999999999993,FREE,,,
sell,254417,117.3,3652.7900765685513,0.0,5m SELL signal,2016-10-28 06:25:00,3.071711540222168,2.499999999999999,FREE,-182.6395038284172,117.35,254369.0
buy,254468,117.895,3634.354942800722,0.0,5m BUY signal,2016-10-28 11:10:00,1.7625716924667358,1.3499999999999996,FREE,,,
sell,254507,117.19,3634.354942800722,0.0,5m SELL signal,2016-10-28 14:25:00,2.5703611373901367,2.499999999999999,FREE,-2562.2202346745025,117.895,254468.0
buy,254525,117.08,3637.769522948553,0.0,5m BUY signal,2016-10-28 15:55:00,1.6641520261764526,1.3499999999999996,FREE,,,
sell,254526,117.23,3637.769522948553,0.0,5m SELL signal,2016-10-28 16:00:00,2.7251195907592773,2.499999999999999,FREE,545.6654284423037,117.08,254525.0
buy,254562,117.51,3629.1015332759666,0.0,5m BUY signal,2016-10-31 05:20:00,2.6254923343658447,1.0499999999999996,FREE,,,
sell,254586,117.68,3629.1015332759666,0.0,5m SELL signal,2016-10-31 08:40:00,2.7908377647399902,1.3999999999999995,FREE,616.9472606569205,117.51,254562.0
buy,254592,117.55,3633.1150015815892,0.0,5m BUY signal,2016-10-31 09:10:00,1.4984097480773926,1.0499999999999996,FREE,,,
sell,254696,117.15,3633.1150015815892,0.0,ADAPTIVE_FORCE_SELL->first acceptable 5m signal,2016-11-01 04:00:00,1.6459897756576538,-0.5,FORCE_SELL,-1453.2460006326048,117.55,254592.0
buy,254910,115.62,3681.1920293658814,0.0,ADAPTIVE_FORCE_BUY->first acceptable 5m signal,2016-11-02 12:35:00,2.141714572906494,1.9499999999999993,FORCE_BUY,,,
sell,255005,114.81,3681.1920293658814,0.0,5m SELL signal,2016-11-03 06:05:00,1.3722405433654785,-0.5,FREE,-2981.7655437863723,115.62,254910.0
buy,255153,113.9,3710.60278219049,0.0,ADAPTIVE_FORCE_BUY->first acceptable 5m signal,2016-11-04 06:30:00,2.5701725482940674,2.349999999999999,FORCE_BUY,,,
sell,255790,118.69,3710.60278219049,0.0,5m SELL signal,2016-11-10 04:00:00,2.9134912490844727,-0.5,FREE,17773.787326692418,113.9,255153.0
buy,255964,115.13,3825.340434449659,0.0,ADAPTIVE_FORCE_BUY->first acceptable 5m signal,2016-11-11 04:00:00,1.6270725727081299,1.5999999999999996,FORCE_BUY,,,
sell,256742,117.75,3825.340434449659,0.0,5m SELL signal,2016-11-18 05:55:00,2.611572265625,-0.5,FREE,10022.391938258124,115.13,255964.0
buy,256834,117.34,3838.7066316383784,0.0,5m BUY signal,2016-11-18 15:05:00,2.2684054374694824,2.0499999999999994,FREE,,,
sell,256872,117.29,3838.7066316383784,0.0,5m SELL signal,2016-11-18 19:55:00,3.202747344970703,-0.5,FREE,-191.935331581908,117.34,256834.0
buy,257183,118.63,3795.346040840137,0.0,ADAPTIVE_FORCE_BUY->first acceptable 5m signal,2016-11-23 08:55:00,2.1089272499084473,1.9999999999999996,FORCE_BUY,,,
sell,257669,119.15,3795.346040840137,0.0,5m SELL signal,2016-11-30 09:15:00,1.5316812992095947,0.9499999999999997,FREE,1973.5799412369101,118.63,257183.0
buy,257682,118.14,3827.7931332834123,0.0,5m BUY signal,2016-11-30 10:20:00,2.082585573196411,1.6999999999999993,FREE,,,
sell,259420,120.45,3827.7931332834123,0.0,5m SELL signal,2016-12-16 09:30:00,2.810137987136841,2.4499999999999993,FREE,8842.202137884691,118.14,257682.0
buy,259430,120.07,3839.9074115431586,0.0,5m BUY signal,2016-12-16 10:20:00,1.2022254467010498,0.5499999999999998,FREE,,,
sell,260259,121.05,3839.9074115431586,0.0,5m SELL signal,2016-12-28 04:00:00,1.614376425743103,-0.5,FREE,3763.1092633123108,120.07,259430.0
buy,260537,118.85,3910.986892446776,0.0,5m BUY signal,2016-12-30 09:55:00,2.9528591632843018,1.7999999999999994,FREE,,,
sell,268131,132.37,3910.986892446776,0.0,ADAPTIVE_FORCE_SELL->first acceptable 5m signal,2017-03-21 09:35:00,1.718906283378601,0.9499999999999997,FORCE_SELL,52876.542785880454,118.85,260537.0
buy,268242,129.52,3997.0455138448096,0.0,ADAPTIVE_FORCE_BUY->first acceptable 5m signal,2017-03-22 04:00:00,2.028907537460327,1.6999999999999993,FORCE_BUY,,,
sell,269729,132.64,3997.0455138448096,0.0,5m SELL signal,2017-04-05 08:15:00,1.7548277378082275,1.3499999999999996,FREE,12470.78200319571,129.52,268242.0
buy,269943,131.97,4017.3381598573583,0.0,ADAPTIVE_FORCE_BUY->first acceptable 5m signal,2017-04-06 12:40:00,1.19489324092865,-0.5,FORCE_BUY,,,
sell,270602,130.99,4017.3381598573583,0.0,5m SELL signal,2017-04-13 09:45:00,1.4297113418579102,1.0999999999999996,FREE,-3936.99139666017,131.97,269943.0
buy,270633,131.07,4014.886133819451,0.0,5m BUY signal,2017-04-13 12:20:00,1.5671659708023071,1.4499999999999995,FREE,,,
sell,270981,131.49,4014.886133819451,0.0,5m SELL signal,2017-04-19 04:05:00,2.282764434814453,0.9499999999999997,FREE,1686.2521762042334,131.07,270633.0
buy,271000,131.66,4009.702094302899,0.0,5m BUY signal,2017-04-19 07:30:00,1.7413265705108643,-0.5,FREE,,,
sell,271008,131.88,4009.702094302899,0.0,5m SELL signal,2017-04-19 08:15:00,1.3065476417541504,0.9499999999999997,FREE,882.1344607466332,131.66,271000.0
buy,271430,133.96,3947.4433576938363,0.0,ADAPTIVE_FORCE_BUY->first acceptable 5m signal,2017-04-24 07:10:00,2.071533679962158,0.9999999999999996,FORCE_BUY,,,
sell,272596,137.05,3947.4433576938363,0.0,ADAPTIVE_FORCE_SELL->first acceptable 5m signal,2017-05-04 04:25:00,33.055908203125,-0.5,FORCE_SELL,12197.599975273968,133.96,271430.0
buy,272781,137.02,3948.30763517691,0.0,ADAPTIVE_FORCE_BUY->first acceptable 5m signal,2017-05-05 10:15:00,1.9361917972564697,1.8499999999999996,FORCE_BUY,,,
sell,273873,139.09,3948.30763517691,0.0,ADAPTIVE_FORCE_SELL->first acceptable 5m signal,2017-05-17 06:30:00,0.2939895987510681,0.24999999999999978,FORCE_SELL,8172.996804816177,137.02,272781.0
buy,274308,137.9473,3981.013829025696,0.0,5m BUY signal,2017-05-19 15:05:00,1.368857979774475,1.2999999999999996,FREE,,,
sell,274452,138.93,3981.013829025696,0.0,ADAPTIVE_FORCE_SELL->first acceptable 5m signal,2017-05-22 14:35:00,2.3992879390716553,-0.5,FORCE_SELL,3912.142289783528,137.9473,274308.0
buy,274977,140.8,3928.140989108948,0.0,5m BUY signal,2017-05-26 07:25:00,1.8191337585449219,-0.5,FREE,,,
sell,274988,140.94,3928.140989108948,0.0,5m SELL signal,2017-05-26 08:30:00,22.854076385498047,0.19999999999999984,FREE,549.9397384751991,140.8,274977.0
buy,275020,141.035,3925.4950260929213,0.0,5m BUY signal,2017-05-26 11:15:00,1.618440866470337,-0.5,FREE,,,
sell,275037,141.09,3925.4950260929213,0.0,5m SELL signal,2017-05-26 12:40:00,23.44269561767578,0.19999999999999984,FREE,215.90222643513744,141.035,275020.0
buy,275050,140.99,3928.2792625821,0.0,5m BUY signal,2017-05-26 13:45:00,1.3549824953079224,-0.5,FREE,,,
sell,275055,141.09,3928.2792625821,0.0,5m SELL signal,2017-05-26 14:10:00,24.205669403076172,0.19999999999999984,FREE,392.82792625818763,140.99,275050.0
buy,275115,141.12,3927.444169201449,0.0,ADAPTIVE_FORCE_BUY->first acceptable 5m signal,2017-05-30 07:05:00,1.344125747680664,1.0999999999999996,FORCE_BUY,,,
sell,275242,141.4,3927.444169201449,0.0,ADAPTIVE_FORCE_SELL->first acceptable 5m signal,2017-05-31 04:05:00,2.954807758331299,2.499999999999999,FORCE_SELL,1099.6843673764101,141.12,275115.0
buy,275694,143.36,3873.7486434506477,0.0,ADAPTIVE_FORCE_BUY->first acceptable 5m signal,2017-06-05 07:00:00,1.9401973485946655,-0.5,FORCE_BUY,,,
sell,275850,143.16,3873.7486434506477,0.0,5m SELL signal,2017-06-06 08:35:00,1.5658284425735474,1.2499999999999996,FREE,-774.7497286901956,143.36,275694.0
buy,275880,143.4608,3865.6263996603584,0.0,5m BUY signal,2017-06-06 11:05:00,1.4994086027145386,-0.5,FREE,,,
sell,276271,143.75,3865.6263996603584,0.0,ADAPTIVE_FORCE_SELL->first acceptable 5m signal,2017-06-09 04:50:00,1.530178427696228,0.4999999999999998,FORCE_SELL,1117.939154781752,143.4608,275880.0
buy,276489,138.74,4005.216916182618,0.0,ADAPTIVE_FORCE_BUY->first acceptable 5m signal,2017-06-12 09:30:00,2.243185043334961,2.1999999999999993,FORCE_BUY,,,
sell,276776,140.49,4005.216916182618,0.0,ADAPTIVE_FORCE_SELL->first acceptable 5m signal,2017-06-14 04:20:00,3.6706323623657227,1.7999999999999994,FORCE_SELL,7009.129603319582,138.74,276489.0
buy,276940,138.44,4064.525603543023,0.0,ADAPTIVE_FORCE_BUY->first acceptable 5m signal,2017-06-15 04:00:00,2.81941819190979,2.0499999999999994,FORCE_BUY,,,
sell,278071,141.78,4064.525603543023,0.0,5m SELL signal,2017-06-26 04:05:00,3.4343698024749756,2.349999999999999,FREE,13575.515515833711,138.44,276940.0
buy,278128,141.14,4082.956214186835,0.0,5m BUY signal,2017-06-26 10:35:00,1.5988333225250244,1.3499999999999996,FREE,,,
sell,278145,140.92,4082.956214186835,0.0,5m SELL signal,2017-06-26 12:00:00,2.5979979038238525,2.349999999999999,FREE,-898.2503671210991,141.14,278128.0
buy,278171,140.76,4087.597255635186,0.0,5m BUY signal,2017-06-26 14:10:00,1.809597134590149,1.3499999999999996,FREE,,,
sell,278380,138.1,4087.597255635186,0.0,ADAPTIVE_FORCE_SELL->first acceptable 5m signal,2017-06-27 16:40:00,8.946995735168457,-0.5,FORCE_SELL,-10873.00869998958,140.76,278171.0
buy,278418,137.45,4106.927471831351,0.0,ADAPTIVE_FORCE_BUY->first acceptable 5m signal,2017-06-28 04:00:00,2.271587371826172,2.0499999999999994,FORCE_BUY,,,
sell,278619,139.87,4106.927471831351,0.0,ADAPTIVE_FORCE_SELL->first acceptable 5m signal,2017-06-29 06:55:00,2.182365894317627,1.8499999999999996,FORCE_SELL,9938.764481831935,137.45,278418.0
buy,278808,137.84,4167.411096090039,0.0,5m BUY signal,2017-06-30 07:45:00,1.9608664512634277,1.7999999999999994,FREE,,,
sell,278833,137.8628,4167.411096090039,0.0,5m SELL signal,2017-06-30 09:50:00,7.625411033630371,2.2499999999999996,FREE,95.01697299080911,137.84,278808.0
buy,278837,137.4,4181.448052824176,0.0,5m BUY signal,2017-06-30 10:10:00,1.8067034482955933,1.7999999999999994,FREE,,,
sell,278888,137.99,4181.448052824176,0.0,5m SELL signal,2017-06-30 14:25:00,2.552159309387207,2.2499999999999996,FREE,2467.0543511662777,137.4,278837.0
buy,279255,136.22,4235.780478705095,0.0,5m BUY signal,2017-07-06 07:45:00,2.969048023223877,-0.5,FREE,,,
sell,281604,143.61,4235.780478705095,0.0,ADAPTIVE_FORCE_SELL->first acceptable 5m signal,2017-07-27 14:05:00,3.463447332382202,2.2999999999999994,FORCE_SELL,31302.417737630716,136.22,279255.0
buy,281671,142.85,4258.315957625753,0.0,ADAPTIVE_FORCE_BUY->first acceptable 5m signal,2017-07-28 04:00:00,2.4163453578948975,1.9999999999999996,FORCE_BUY,,,
sell,282794,144.33,4258.315957625753,0.0,ADAPTIVE_FORCE_SELL->first acceptable 5m signal,2017-08-08 10:25:00,2.233780860900879,-0.5,FORCE_SELL,6302.307617286192,142.85,281671.0
buy,282905,143.53,4282.05073618146,0.0,ADAPTIVE_FORCE_BUY->first acceptable 5m signal,2017-08-09 04:05:00,2.847651243209839,1.3499999999999996,FORCE_BUY,,,
sell,283748,144.49,4282.05073618146,0.0,ADAPTIVE_FORCE_SELL->first acceptable 5m signal,2017-08-16 05:30:00,16.23789405822754,1.3499999999999996,FORCE_SELL,4110.768706734236,143.53,282905.0
buy,284295,140.51,4403.341476555826,0.0,5m BUY signal,2017-08-21 10:15:00,2.308385133743286,2.2999999999999994,FREE,,,
sell,284390,141.31,4403.341476555826,0.0,5m SELL signal,2017-08-21 18:25:00,1.1373591423034668,-0.5,FREE,3522.673181244711,140.51,284295.0
buy,284444,141.9,4385.033009528568,0.0,5m BUY signal,2017-08-22 09:00:00,1.7438844442367554,1.6499999999999995,FREE,,,
sell,284451,142.35,4385.033009528568,0.0,5m SELL signal,2017-08-22 09:35:00,3.3148791790008545,1.1999999999999997,FREE,1973.2648542878057,141.9,284444.0
buy,284489,142.965,4366.169684233145,0.0,5m BUY signal,2017-08-22 12:45:00,1.942156434059143,1.6499999999999995,FREE,,,
sell,284508,143.15,4366.169684233145,0.0,5m SELL signal,2017-08-22 14:20:00,1.2614728212356567,1.1999999999999997,FREE,807.7413915831418,142.965,284489.0
buy,284688,142.4,4389.165662204879,0.0,5m BUY signal,2017-08-23 16:30:00,2.0053818225860596,-0.5,FREE,,,
sell,284704,142.48,4389.165662204879,0.0,5m SELL signal,2017-08-23 18:10:00,2.8447065353393555,1.7499999999999996,FREE,351.1332529763204,142.4,284688.0
buy,284705,142.24,4396.571453535933,0.0,5m BUY signal,2017-08-23 18:15:00,2.020569086074829,-0.5,FREE,,,
sell,284718,142.23,4396.571453535933,0.0,5m SELL signal,2017-08-23 19:25:00,2.3659698963165283,1.7499999999999996,FREE,-43.9657145354443,142.24,284705.0
buy,285093,142.08,4401.213104141439,0.0,ADAPTIVE_FORCE_BUY->first acceptable 5m signal,2017-08-28 09:55:00,1.8251805305480957,1.7499999999999996,FORCE_BUY,,,
sell,285274,142.0,4401.213104141439,0.0,5m SELL signal,2017-08-29 10:00:00,1.6129752397537231,0.6999999999999997,FREE,-352.0970483313701,142.08,285093.0
buy,285394,143.21,4364.026679617933,0.0,ADAPTIVE_FORCE_BUY->first acceptable 5m signal,2017-08-30 07:25:00,1.417722225189209,-0.5,FORCE_BUY,,,
sell,285855,145.75,4364.026679617933,0.0,ADAPTIVE_FORCE_SELL->first acceptable 5m signal,2017-09-05 07:15:00,2.535569190979004,2.349999999999999,FORCE_SELL,11084.627766229516,143.21,285394.0
buy,286126,144.4408,4403.581872672497,0.0,5m BUY signal,2017-09-06 17:05:00,2.393766403198242,2.2999999999999994,FREE,,,
sell,286153,145.18,4403.581872672497,0.0,5m SELL signal,2017-09-07 05:30:00,3.405337333679199,-0.5,FREE,3255.127720279558,144.4408,286126.0
buy,286175,145.23,4402.065800968073,0.0,5m BUY signal,2017-09-07 08:05:00,2.302125930786133,2.1499999999999995,FREE,,,
sell,286183,145.4,4402.065800968073,0.0,5m SELL signal,2017-09-07 08:50:00,3.2080655097961426,-0.5,FREE,748.3511861646424,145.23,286175.0
buy,286471,145.33,4404.186110649954,0.0,ADAPTIVE_FORCE_BUY->first acceptable 5m signal,2017-09-11 07:00:00,1.9626554250717163,1.5499999999999994,FORCE_BUY,,,
sell,286977,145.97,4404.186110649954,0.0,ADAPTIVE_FORCE_SELL->first acceptable 5m signal,2017-09-14 10:30:00,2.0021915435791016,-0.5,FORCE_SELL,2818.6791108159105,145.33,286471.0
buy,287118,145.3,4424.494470554533,0.0,ADAPTIVE_FORCE_BUY->first acceptable 5m signal,2017-09-15 09:00:00,1.3317909240722656,0.7999999999999998,FORCE_BUY,,,
sell,287246,146.1,4424.494470554533,0.0,5m SELL signal,2017-09-18 06:45:00,5.104406356811523,2.1999999999999993,FREE,3539.595576443551,145.3,287118.0
buy,287266,145.92,4429.952317352093,0.0,5m BUY signal,2017-09-18 08:25:00,1.0456205606460571,0.6999999999999997,FREE,,,
sell,287283,146.2422,4429.952317352093,0.0,5m SELL signal,2017-09-18 09:50:00,5.520534515380859,2.1999999999999993,FREE,1427.330636650886,145.92,287266.0
buy,287289,146.095,4434.415775931197,0.0,5m BUY signal,2017-09-18 10:20:00,0.97458416223526,0.6999999999999997,FREE,,,
sell,287302,146.28,4434.415775931197,0.0,5m SELL signal,2017-09-18 11:25:00,4.242851734161377,2.1999999999999993,FREE,820.3669185472814,146.095,287289.0
buy,287318,146.08,4440.4869913966,0.0,5m BUY signal,2017-09-18 12:45:00,1.404044508934021,0.6999999999999997,FREE,,,
sell,287349,145.52,4440.4869913966,0.0,5m SELL signal,2017-09-18 15:20:00,6.162783145904541,2.1999999999999993,FREE,-2486.6727151821065,146.08,287318.0
buy,287376,145.65,4436.523631912347,0.0,5m BUY signal,2017-09-18 17:45:00,1.800804615020752,0.6999999999999997,FREE,,,
sell,287384,145.68,4436.523631912347,0.0,5m SELL signal,2017-09-18 19:45:00,6.362253665924072,2.1999999999999993,FREE,133.09570895737545,145.65,287376.0
buy,287554,145.8,4432.872172132995,0.0,5m BUY signal,2017-09-20 08:55:00,1.1691709756851196,-0.5,FREE,,,
sell,287597,145.495,4432.872172132995,0.0,5m SELL signal,2017-09-20 12:35:00,2.8036930561065674,1.4999999999999996,FREE,-1352.0260125005937,145.8,287554.0
buy,287604,145.29,4439.126826928833,0.0,5m BUY signal,2017-09-20 13:10:00,1.2306228876113892,-0.5,FREE,,,
sell,288026,143.74,4439.126826928833,0.0,ADAPTIVE_FORCE_SELL->first acceptable 5m signal,2017-09-25 10:10:00,2.0330445766448975,-0.5,FORCE_SELL,-6880.646581739616,145.29,287604.0
buy,288138,142.89,4465.533558000913,0.0,5m BUY signal,2017-09-26 04:00:00,2.068314552307129,1.6999999999999993,FREE,,,
sell,288314,143.68,4465.533558000913,0.0,5m SELL signal,2017-09-27 07:35:00,4.816409587860107,-0.5,FREE,3527.7715108208126,142.89,288138.0
buy,288459,144.19,4449.738966735358,0.0,ADAPTIVE_FORCE_BUY->first acceptable 5m signal,2017-09-28 07:45:00,1.5149799585342407,1.2999999999999996,FORCE_BUY,,,
sell,288720,145.61,4449.738966735358,0.0,5m SELL signal,2017-10-02 04:15:00,5.992717266082764,2.349999999999999,FREE,6318.62933276428,144.19,288459.0
buy,288905,145.62,4449.433394769507,0.0,ADAPTIVE_FORCE_BUY->first acceptable 5m signal,2017-10-03 10:15:00,1.27571439743042,0.7999999999999998,FORCE_BUY,,,
sell,290878,149.05,4449.433394769507,0.0,ADAPTIVE_FORCE_SELL->first acceptable 5m signal,2017-10-23 09:00:00,3.038072109222412,1.6999999999999993,FORCE_SELL,15261.556544059438,145.62,288905.0
buy,290960,147.64,4491.926628897285,0.0,ADAPTIVE_FORCE_BUY->first acceptable 5m signal,2017-10-23 15:50:00,2.011587619781494,1.5499999999999994,FORCE_BUY,,,
sell,291153,147.8,4491.926628897285,0.0,ADAPTIVE_FORCE_SELL->first acceptable 5m signal,2017-10-25 06:15:00,0.9042187333106995,-0.5,FORCE_SELL,718.7082606236779,147.64,290960.0
buy,291344,146.98,4516.987044162599,0.0,ADAPTIVE_FORCE_BUY->first acceptable 5m signal,2017-10-26 10:10:00,2.2491397857666016,1.6499999999999995,FORCE_BUY,,,
sell,294961,153.71,4516.987044162599,0.0,ADAPTIVE_FORCE_SELL->first acceptable 5m signal,2017-11-29 17:50:00,2.477069854736328,1.7499999999999996,FORCE_SELL,30399.322807214372,146.98,291344.0
buy,295524,152.01,4567.5026548137175,0.0,ADAPTIVE_FORCE_BUY->first acceptable 5m signal,2017-12-05 06:25:00,3.227947235107422,2.2499999999999996,FORCE_BUY,,,
sell,298139,156.89,4567.5026548137175,0.0,ADAPTIVE_FORCE_SELL->first acceptable 5m signal,2017-12-29 05:05:00,3.627563714981079,1.9499999999999993,FORCE_SELL,22289.41295549092,152.01,295524.0
buy,298368,157.96,4536.563000213498,0.0,5m BUY signal,2018-01-02 11:40:00,1.8020633459091187,1.4499999999999995,FREE,,,
sell,298388,158.06,4536.563000213498,0.0,5m SELL signal,2018-01-02 13:20:00,1.0449597835540771,-0.5,FREE,453.656300021324,157.96,298368.0
buy,298718,160.22,4475.403494031615,0.0,ADAPTIVE_FORCE_BUY->first acceptable 5m signal,2018-01-04 13:20:00,1.6134015321731567,1.4499999999999995,FORCE_BUY,,,
sell,299788,165.33,4475.403494031615,0.0,ADAPTIVE_FORCE_SELL->first acceptable 5m signal,2018-01-16 04:00:00,3.1957030296325684,1.8999999999999995,FORCE_SELL,22869.311854501615,160.22,298718.0
buy,300005,164.88,4487.618023218383,0.0,5m BUY signal,2018-01-17 07:15:00,1.843985676765442,-0.5,FREE,,,
sell,300024,165.03,4487.618023218383,0.0,5m SELL signal,2018-01-17 08:50:00,2.816256284713745,-0.5,FREE,673.142703482783,164.88,300005.0
buy,300200,165.31,4480.016952221461,0.0,ADAPTIVE_FORCE_BUY->first acceptable 5m signal,2018-01-18 09:05:00,2.130225896835327,-0.5,FORCE_BUY,,,
sell,300828,169.58,4480.016952221461,0.0,5m SELL signal,2018-01-24 04:00:00,1.199820637702942,1.0999999999999996,FREE,19129.672385985683,165.31,300200.0
buy,300848,169.47,4482.924852526792,0.0,5m BUY signal,2018-01-24 06:40:00,2.0172550678253174,-0.5,FREE,,,
sell,300859,169.57,4482.924852526792,0.0,5m SELL signal,2018-01-24 07:35:00,1.1388559341430664,1.0999999999999996,FREE,448.29248525265376,169.47,300848.0
buy,300883,169.46,4485.834812008546,0.0,5m BUY signal,2018-01-24 09:35:00,2.402055263519287,-0.5,FREE,,,
sell,300891,169.88,4485.834812008546,0.0,5m SELL signal,2018-01-24 10:15:00,1.8657957315444946,1.0999999999999996,FREE,1884.050621043533,169.46,300883.0
buy,300899,169.73,4489.799197926187,0.0,5m BUY signal,2018-01-24 10:55:00,2.485438823699951,-0.5,FREE,,,
sell,300932,168.53,4489.799197926187,0.0,5m SELL signal,2018-01-24 13:40:00,4.353400230407715,1.0999999999999996,FREE,-5387.759037511373,169.73,300899.0
buy,301061,168.34,4494.8666913775705,0.0,5m BUY signal,2018-01-25 09:55:00,2.518627882003784,-0.5,FREE,,,
sell,301105,169.0,4494.8666913775705,0.0,5m SELL signal,2018-01-25 13:35:00,2.1942026615142822,1.3999999999999995,FREE,2966.6120163091814,168.34,301061.0
buy,301117,168.33,4512.757505155405,0.0,5m BUY signal,2018-01-25 14:35:00,2.340813159942627,-0.5,FREE,,,
sell,301133,168.35,4512.757505155405,0.0,5m SELL signal,2018-01-25 15:55:00,2.04537296295166,1.3999999999999995,FREE,90.25515010302601,168.33,301117.0
buy,301195,169.29,4487.69995860897,0.0,ADAPTIVE_FORCE_BUY->first acceptable 5m signal,2018-01-26 07:05:00,2.190377712249756,1.4499999999999995,FORCE_BUY,,,
sell,301323,170.98,4487.69995860897,0.0,ADAPTIVE_FORCE_SELL->first acceptable 5m signal,2018-01-26 18:05:00,4.532330513000488,1.7999999999999994,FORCE_SELL,7584.212930049149,169.29,301195.0
buy,301509,169.36,4530.6267059693055,0.0,5m BUY signal,2018-01-30 04:00:00,2.080026149749756,1.5499999999999994,FREE,,,
sell,301541,169.31,4530.6267059693055,0.0,5m SELL signal,2018-01-30 07:10:00,2.0444276332855225,-0.5,FREE,-226.53133529851678,169.36,301509.0
buy,301546,169.18,4534.108095446643,0.0,5m BUY signal,2018-01-30 07:35:00,2.0860908031463623,1.5499999999999994,FREE,,,
sell,301581,168.77,4534.108095446643,0.0,5m SELL signal,2018-01-30 10:30:00,0.6824066042900085,-0.5,FREE,-1858.9843191331083,169.18,301546.0
buy,301598,168.72,4535.451773758476,0.0,5m BUY signal,2018-01-30 11:55:00,1.7641723155975342,1.5499999999999994,FREE,,,
sell,301668,168.87,4535.451773758476,0.0,5m SELL signal,2018-01-30 18:10:00,0.6717954874038696,-0.5,FREE,680.3177660637971,168.72,301598.0
buy,301676,168.8,4537.332589067499,0.0,5m BUY signal,2018-01-30 18:50:00,1.6086777448654175,1.5499999999999994,FREE,,,
sell,301678,168.9,4537.332589067499,0.0,5m SELL signal,2018-01-30 19:05:00,0.20850792527198792,-0.5,FREE,453.7332589067241,168.8,301676.0
buy,301711,169.12,4531.4301933154,0.0,ADAPTIVE_FORCE_BUY->first acceptable 5m signal,2018-01-31 06:40:00,2.0354857444763184,1.8499999999999996,FORCE_BUY,,,
sell,301923,168.815,4531.4301933154,0.0,ADAPTIVE_FORCE_SELL->first acceptable 5m signal,2018-02-01 09:35:00,2.9922618865966797,1.8499999999999996,FORCE_SELL,-1382.086208961228,169.12,301711.0
buy,309282,158.05,4840.072053682627,0.0,5m BUY signal,2018-04-02 09:50:00,3.3192222118377686,-0.5,FREE,,,
sell,309314,156.125,4840.072053682627,0.0,5m SELL signal,2018-04-02 12:30:00,7.456040859222412,-0.5,FREE,-9317.138703339111,158.05,309282.0
buy,309328,154.71,4884.340051588133,0.0,5m BUY signal,2018-04-02 13:40:00,4.148987770080566,-0.5,FREE,,,
sell,309346,155.26,4884.340051588133,0.0,5m SELL signal,2018-04-02 15:10:00,6.701396465301514,-0.5,FREE,2686.38702837339,154.71,309328.0
buy,309389,155.57,4874.607163396371,0.0,5m BUY signal,2018-04-02 18:45:00,3.613697052001953,-0.5,FREE,,,
sell,309400,155.76,4874.607163396371,0.0,5m SELL signal,2018-04-02 19:40:00,4.06465482711792,-0.5,FREE,926.1753610452994,155.57,309389.0
buy,309589,154.85,4903.253547114103,0.0,ADAPTIVE_FORCE_BUY->first acceptable 5m signal,2018-04-04 04:00:00,3.8621296882629395,2.3999999999999995,FORCE_BUY,,,
sell,309967,159.03,4903.253547114103,0.0,5m SELL signal,2018-04-06 04:00:00,0.5056900978088379,-0.5,FREE,20495.59982693698,154.85,309589.0
buy,310000,158.69,4913.758974085044,0.0,5m BUY signal,2018-04-06 07:15:00,3.891707420349121,-0.5,FREE,,,
sell,310028,160.16,4913.758974085044,0.0,5m SELL signal,2018-04-06 09:35:00,5.107822418212891,-0.5,FREE,7223.22569190501,158.69,310000.0
buy,310039,159.315,4939.821343184639,0.0,5m BUY signal,2018-04-06 10:30:00,2.953037738800049,-0.5,FREE,,,
sell,310052,159.34,4939.821343184639,0.0,5m SELL signal,2018-04-06 11:35:00,0.8906655311584473,-0.5,FREE,123.49553357964405,159.315,310039.0
buy,310061,158.65,4961.30559611119,0.0,5m BUY signal,2018-04-06 12:20:00,3.1523754596710205,-0.5,FREE,,,
sell,310068,159.43,4961.30559611119,0.0,5m SELL signal,2018-04-06 12:55:00,1.9342930316925049,-0.5,FREE,3869.818364966734,158.65,310061.0
buy,310072,158.67,4985.069333761941,0.0,5m BUY signal,2018-04-06 13:15:00,3.049346446990967,-0.5,FREE,,,
sell,310100,156.97,4985.069333761941,0.0,5m SELL signal,2018-04-06 15:35:00,2.407215118408203,-0.5,FREE,-8474.617867395244,158.67,310072.0
buy,310126,156.62,4996.209509134286,0.0,5m BUY signal,2018-04-06 17:50:00,3.5292413234710693,-0.5,FREE,,,
sell,310144,158.28,4996.209509134286,0.0,5m SELL signal,2018-04-09 04:00:00,0.5636589527130127,-0.5,FREE,8293.707785162898,156.62,310126.0
buy,310157,158.44,4991.164106953893,0.0,5m BUY signal,2018-04-09 05:10:00,2.6445860862731934,-0.5,FREE,,,
sell,310211,158.515,4991.164106953893,0.0,5m SELL signal,2018-04-09 09:45:00,1.143262505531311,-0.5,FREE,374.3373080214852,158.44,310157.0
buy,310246,160.33,4934.662124454539,0.0,5m BUY signal,2018-04-09 12:40:00,3.7416937351226807,-0.5,FREE,,,
sell,310250,160.56,4934.662124454539,0.0,5m SELL signal,2018-04-09 13:00:00,0.44401729106903076,-0.5,FREE,1134.9722886244933,160.33,310246.0
buy,310258,160.1515,4947.249015478598,0.0,5m BUY signal,2018-04-09 13:40:00,3.0168533325195312,-0.5,FREE,,,
sell,311825,163.9701,4947.249015478598,0.0,5m SELL signal,2018-04-20 10:30:00,3.0994246006011963,-0.5,FREE,18891.565090506592,160.1515,310258.0
buy,311832,162.91,4979.442120145646,0.0,5m BUY signal,2018-04-20 11:05:00,2.5758426189422607,2.499999999999999,FREE,,,
sell,312113,162.88,4979.442120145646,0.0,5m SELL signal,2018-04-24 04:25:00,5.759375095367432,-0.5,FREE,-149.38326360437506,162.91,311832.0
buy,312178,161.0,5037.587158567222,0.0,5m BUY signal,2018-04-24 10:20:00,4.048786640167236,-0.5,FREE,,,
sell,312248,158.5172,5037.587158567222,0.0,5m SELL signal,2018-04-24 16:10:00,6.429219722747803,-0.5,FREE,-12507.321397290687,161.0,312178.0
buy,312263,158.65,5033.3703821748,0.0,5m BUY signal,2018-04-24 17:25:00,2.9050445556640625,-0.5,FREE,,,
sell,312271,158.87,5033.3703821748,0.0,5m SELL signal,2018-04-24 18:05:00,3.505951166152954,-0.5,FREE,1107.3414840784503,158.65,312263.0
buy,312279,158.9,5032.420091983075,0.0,5m BUY signal,2018-04-24 18:45:00,2.4254441261291504,-0.5,FREE,,,
sell,312291,158.96,5032.420091983075,0.0,5m SELL signal,2018-04-24 19:50:00,3.811861276626587,-0.5,FREE,301.9452055189959,158.9,312279.0
buy,312293,158.51,5046.706818633712,0.0,ADAPTIVE_FORCE_BUY->first acceptable 5m signal,2018-04-25 04:00:00,2.8416748046875,-0.5,FORCE_BUY,,,
sell,312515,160.55,5046.706818633712,0.0,5m SELL signal,2018-04-26 07:05:00,3.292414903640747,-0.5,FREE,10295.281910012876,158.51,312293.0
buy,312995,160.71,5041.6824076388675,0.0,5m BUY signal,2018-04-30 18:40:00,2.5664243698120117,2.4499999999999993,FREE,,,
sell,313000,160.8,5041.6824076388675,0.0,5m SELL signal,2018-04-30 19:10:00,4.567226886749268,-0.5,FREE,453.75141668751525,160.71,312995.0
buy,313016,160.61,5047.646666760039,0.0,ADAPTIVE_FORCE_BUY->first acceptable 5m signal,2018-05-01 04:35:00,2.8633830547332764,2.4499999999999993,FORCE_BUY,,,
sell,313304,163.36,5047.646666760039,0.0,5m SELL signal,2018-05-02 14:10:00,2.2450637817382812,-0.5,FREE,13881.028333590108,160.61,313016.0
buy,313312,162.675,5068.901548989826,0.0,5m BUY signal,2018-05-02 14:50:00,1.8448455333709717,-0.5,FREE,,,
sell,313349,161.45,5068.901548989826,0.0,5m SELL signal,2018-05-02 17:55:00,3.0721607208251953,-0.5,FREE,-6209.4043975126515,162.675,313312.0
buy,313397,161.04,5081.806725561397,0.0,ADAPTIVE_FORCE_BUY->first acceptable 5m signal,2018-05-03 07:50:00,2.4789483547210693,2.2999999999999994,FORCE_BUY,,,
sell,315111,168.44,5081.806725561397,0.0,5m SELL signal,2018-05-17 07:30:00,3.5393002033233643,2.4499999999999993,FREE,37605.369769154364,161.04,313397.0
buy,315121,168.27,5086.940778829035,0.0,5m BUY signal,2018-05-17 08:20:00,2.602452278137207,2.0999999999999996,FREE,,,
sell,316618,170.62,5086.940778829035,0.0,5m SELL signal,2018-05-31 04:00:00,4.6752166748046875,2.4499999999999993,FREE,11954.310830248201,168.27,315121.0
buy,316821,170.49,5090.819612199014,0.0,ADAPTIVE_FORCE_BUY->first acceptable 5m signal,2018-06-01 08:30:00,2.1599626541137695,0.5499999999999998,FORCE_BUY,,,
sell,318213,176.17,5090.819612199014,0.0,5m SELL signal,2018-06-13 09:30:00,2.7571640014648438,2.499999999999999,FREE,28915.85539729029,170.49,316821.0
buy,318244,176.88,5070.384956360811,0.0,5m BUY signal,2018-06-13 12:05:00,2.674792528152466,2.0499999999999994,FREE,,,
sell,318278,176.3701,5070.384956360811,0.0,5m SELL signal,2018-06-13 14:55:00,4.9310760498046875,2.499999999999999,FREE,-2585.3892892483145,176.88,318244.0
buy,318286,176.028,5080.238949439021,0.0,5m BUY signal,2018-06-13 15:35:00,2.3096861839294434,2.0499999999999994,FREE,,,
sell,319253,177.36,5080.238949439021,0.0,ADAPTIVE_FORCE_SELL->first acceptable 5m signal,2018-06-21 07:05:00,1.4119555950164795,1.0499999999999996,FORCE_SELL,6766.878280652888,176.028,318286.0
buy,319420,176.24,5112.523718069137,0.0,ADAPTIVE_FORCE_BUY->first acceptable 5m signal,2018-06-22 06:00:00,2.069844961166382,-0.5,FORCE_BUY,,,
sell,319951,170.8,5112.523718069137,0.0,ADAPTIVE_FORCE_SELL->first acceptable 5m signal,2018-06-27 05:15:00,1.5820066928863525,-0.5,FORCE_SELL,-27812.129026296097,176.24,319420.0
buy,320175,169.58,5149.3044642422965,0.0,ADAPTIVE_FORCE_BUY->first acceptable 5m signal,2018-06-28 08:10:00,2.0690417289733887,1.8499999999999996,FORCE_BUY,,,
sell,322762,179.73,5149.3044642422965,0.0,5m SELL signal,2018-07-20 04:00:00,2.471149444580078,-0.5,FREE,52265.44031205919,169.58,320175.0
buy,322781,179.39,5159.064002220123,0.0,5m BUY signal,2018-07-20 06:10:00,2.3954904079437256,2.1499999999999995,FREE,,,
sell,322789,179.31,5159.064002220123,0.0,5m SELL signal,2018-07-20 06:50:00,2.5833899974823,-0.5,FREE,-412.72512017752774,179.39,322781.0
buy,323032,179.15,5163.671594965617,0.0,ADAPTIVE_FORCE_BUY->first acceptable 5m signal,2018-07-23 13:15:00,2.9114017486572266,2.0999999999999996,FORCE_BUY,,,
sell,323767,177.66,5163.671594965617,0.0,ADAPTIVE_FORCE_SELL->first acceptable 5m signal,2018-07-27 13:45:00,4.834997653961182,2.349999999999999,FORCE_SELL,-7693.8706764988165,179.15,323032.0
buy,323828,177.06,5181.169634935002,0.0,ADAPTIVE_FORCE_BUY->first acceptable 5m signal,2018-07-30 04:05:00,2.5680510997772217,1.7999999999999994,FORCE_BUY,,,
sell,325611,180.86,5181.169634935002,0.0,ADAPTIVE_FORCE_SELL->first acceptable 5m signal,2018-08-13 07:55:00,3.813387393951416,2.4499999999999993,FORCE_SELL,19688.44461275307,177.06,323828.0
buy,325809,180.485,5191.934732384101,0.0,ADAPTIVE_FORCE_BUY->first acceptable 5m signal,2018-08-14 09:45:00,2.1660990715026855,-0.5,FORCE_BUY,,,
sell,326056,179.44,5191.934732384101,0.0,5m SELL signal,2018-08-15 15:30:00,2.4013469219207764,1.6999999999999993,FREE,-5425.571795341469,180.485,325809.0
buy,326341,179.09,5202.081458367318,0.0,ADAPTIVE_FORCE_BUY->first acceptable 5m signal,2018-08-17 09:30:00,1.7375235557556152,1.5999999999999996,FORCE_BUY,,,
sell,328340,185.31,5202.081458367318,0.0,ADAPTIVE_FORCE_SELL->first acceptable 5m signal,2018-09-05 05:55:00,3.1120920181274414,1.8499999999999996,FORCE_SELL,32356.946671044712,179.09,326341.0
buy,328684,181.55,5309.819416414473,0.0,5m BUY signal,2018-09-07 04:00:00,2.0948703289031982,1.8499999999999996,FREE,,,
sell,328717,181.38,5309.819416414473,0.0,5m SELL signal,2018-09-07 08:00:00,2.9166085720062256,-0.5,FREE,-902.669300790545,181.55,328684.0
buy,328723,180.8,5326.853129144121,0.0,5m BUY signal,2018-09-07 08:30:00,1.972230076789856,1.8499999999999996,FREE,,,
sell,328735,180.94,5326.853129144121,0.0,5m SELL signal,2018-09-07 09:30:00,1.9380419254302979,-0.5,FREE,745.7594380801044,180.8,328723.0
buy,328764,182.06,5294.083297744355,0.0,5m BUY signal,2018-09-07 11:55:00,2.6060469150543213,1.8499999999999996,FREE,,,
sell,330936,184.8,5294.083297744355,0.0,5m SELL signal,2018-09-26 04:00:00,3.1073641777038574,2.4499999999999993,FREE,14505.788235819582,182.06,328764.0
buy,330975,184.5,5302.691563269143,0.0,5m BUY signal,2018-09-26 08:00:00,2.4348177909851074,2.0999999999999996,FREE,,,
sell,330982,184.56,5302.691563269143,0.0,5m SELL signal,2018-09-26 08:35:00,3.134833574295044,2.4499999999999993,FREE,318.16149379616064,184.5,330975.0
buy,331150,184.58,5302.11699489085,0.0,ADAPTIVE_FORCE_BUY->first acceptable 5m signal,2018-09-27 07:15:00,2.012667655944824,1.2999999999999996,FORCE_BUY,,,
sell,331456,187.11,5302.11699489085,0.0,5m SELL signal,2018-10-01 04:00:00,4.784304141998291,2.1499999999999995,FREE,13414.355997073857,184.58,331150.0
buy,331483,187.13,5301.550317501346,0.0,5m BUY signal,2018-10-01 07:00:00,1.7229849100112915,-0.5,FREE,,,
sell,331520,187.43,5301.550317501346,0.0,5m SELL signal,2018-10-01 10:05:00,3.1847527027130127,2.1499999999999995,FREE,1590.4650952504642,187.13,331483.0
buy,331527,187.21,5307.7804391286645,0.0,5m BUY signal,2018-10-01 10:40:00,1.4692072868347168,-0.5,FREE,,,
sell,331563,186.75,5307.7804391286645,0.0,5m SELL signal,2018-10-01 13:40:00,4.073772430419922,2.1499999999999995,FREE,-2441.579001999228,187.21,331527.0
buy,331573,186.13,5325.4606834324295,0.0,5m BUY signal,2018-10-01 14:30:00,1.0597845315933228,-0.5,FREE,,,
sell,331797,186.29,5325.4606834324295,0.0,5m SELL signal,2018-10-03 04:15:00,0.14961959421634674,-0.5,FREE,852.0737093491706,186.13,331573.0
buy,332323,179.86,5515.846050909748,0.0,5m BUY signal,2018-10-08 04:00:00,2.3645124435424805,2.2999999999999994,FREE,,,
sell,332358,180.07,5515.846050909748,0.0,5m SELL signal,2018-10-08 07:25:00,1.1720011234283447,-0.5,FREE,1158.3276706909342,179.86,332323.0
buy,332378,179.75,5525.665637759767,0.0,5m BUY signal,2018-10-08 09:05:00,2.398031234741211,2.2999999999999994,FREE,,,
sell,332391,180.5,5525.665637759767,0.0,5m SELL signal,2018-10-08 10:10:00,1.6093100309371948,-0.5,FREE,4144.249228319825,179.75,332378.0
buy,332407,178.32,5593.218077700976,0.0,5m BUY signal,2018-10-08 11:30:00,2.493504524230957,2.2999999999999994,FREE,,,
sell,332418,178.18,5593.218077700976,0.0,5m SELL signal,2018-10-08 12:25:00,1.296365737915039,-0.5,FREE,-783.0505308780604,178.32,332407.0
buy,332424,176.995,5630.665256559563,0.0,5m BUY signal,2018-10-08 12:55:00,2.457968235015869,2.2999999999999994,FREE,,,
sell,332432,177.99,5630.665256559563,0.0,5m SELL signal,2018-10-08 13:35:00,1.012772560119629,-0.5,FREE,5602.511930276791,176.995,332424.0
buy,332469,179.47,5584.2319552852105,0.0,5m BUY signal,2018-10-08 16:40:00,2.9736995697021484,2.2999999999999994,FREE,,,
sell,332787,176.19,5584.2319552852105,0.0,ADAPTIVE_FORCE_SELL->first acceptable 5m signal,2018-10-10 13:20:00,4.498727798461914,0.8999999999999997,FORCE_SELL,-18316.280813335496,179.47,332469.0
buy,333155,172.14,5715.614198917749,0.0,ADAPTIVE_FORCE_BUY->first acceptable 5m signal,2018-10-12 12:00:00,2.628650188446045,2.499999999999999,FORCE_BUY,,,
sell,334010,174.12,5715.614198917749,0.0,5m SELL signal,2018-10-19 05:30:00,6.932694911956787,-0.5,FREE,11316.916113857245,172.14,333155.0
buy,334087,174.44,5705.129238222647,0.0,5m BUY signal,2018-10-19 11:55:00,2.192044973373413,2.1499999999999995,FREE,,,
sell,334103,173.79,5705.129238222647,0.0,5m SELL signal,2018-10-19 13:15:00,5.762908935546875,-0.5,FREE,-3708.3340048447526,174.44,334087.0
buy,334112,172.75,5739.4756023775035,0.0,5m BUY signal,2018-10-19 14:00:00,2.263045072555542,2.1499999999999995,FREE,,,
sell,334117,173.16,5739.4756023775035,0.0,5m SELL signal,2018-10-19 14:25:00,4.530515193939209,-0.5,FREE,2353.184996974757,172.75,334112.0
buy,334359,171.47,5796.043595425955,0.0,ADAPTIVE_FORCE_BUY->first acceptable 5m signal,2018-10-23 04:00:00,4.197455406188965,2.349999999999999,FORCE_BUY,,,
sell,334592,173.05,5796.043595425955,0.0,ADAPTIVE_FORCE_SELL->first acceptable 5m signal,2018-10-24 07:30:00,3.4541096687316895,-0.5,FORCE_SELL,9157.74888077308,171.47,334359.0
buy,334770,168.8,5941.974787846336,0.0,5m BUY signal,2018-10-25 06:20:00,3.510709285736084,2.349999999999999,FREE,,,
sell,334814,170.04,5941.974787846336,0.0,5m SELL signal,2018-10-25 10:00:00,6.470274448394775,-0.5,FREE,7368.048736929341,168.8,334770.0
buy,334886,168.62,5992.013954011332,0.0,5m BUY signal,2018-10-25 16:00:00,4.010669231414795,2.349999999999999,FREE,,,
sell,334916,167.33,5992.013954011332,0.0,5m SELL signal,2018-10-25 18:30:00,2.0638909339904785,-0.5,FREE,-7729.698000674571,168.62,334886.0
buy,334928,167.32,5992.37207102986,0.0,5m BUY signal,2018-10-25 19:30:00,3.284773111343384,2.349999999999999,FREE,,,
sell,335023,166.54,5992.37207102986,0.0,5m SELL signal,2018-10-26 11:25:00,6.540501594543457,1.7999999999999994,FREE,-4674.050215403297,167.32,334928.0
buy,335048,167.551,5956.214195733317,0.0,5m BUY signal,2018-10-26 13:30:00,3.935803174972534,-0.5,FREE,,,
sell,335075,166.89,5956.214195733317,0.0,5m SELL signal,2018-10-26 15:45:00,5.226403713226318,1.7999999999999994,FREE,-3937.0575833797307,167.551,335048.0
buy,335131,167.75,5925.678611779035,0.0,5m BUY signal,2018-10-29 04:30:00,3.1921944618225098,-0.5,FREE,,,
sell,335142,168.54,5925.678611779035,0.0,5m SELL signal,2018-10-29 05:25:00,4.481662750244141,1.8999999999999995,FREE,4681.2861033053905,167.75,335131.0
buy,335170,169.65,5886.907593452629,0.0,5m BUY signal,2018-10-29 07:45:00,3.48008394241333,-0.5,FREE,,,
sell,335197,169.745,5886.907593452629,0.0,5m SELL signal,2018-10-29 10:00:00,2.683042287826538,1.8999999999999995,FREE,559.256221377993,169.65,335170.0
buy,335211,167.66,5960.116482468189,0.0,5m BUY signal,2018-10-29 11:10:00,3.931629180908203,-0.5,FREE,,,
sell,335217,167.93,5960.116482468189,0.0,5m SELL signal,2018-10-29 11:40:00,2.2903695106506348,1.8999999999999995,FREE,1609.231450266472,167.66,335211.0
buy,335222,166.175,6023.062198892029,0.0,5m BUY signal,2018-10-29 12:05:00,3.3998031616210938,-0.5,FREE,,,
sell,335230,166.07,6023.062198892029,0.0,5m SELL signal,2018-10-29 12:45:00,3.9411606788635254,1.8999999999999995,FREE,-632.4215308837727,166.175,335222.0
buy,335245,165.91,6028.8707092399445,0.0,5m BUY signal,2018-10-29 14:00:00,3.725644826889038,-0.5,FREE,,,
sell,335887,173.12,6028.8707092399445,0.0,5m SELL signal,2018-11-02 04:00:00,10.662842750549316,-0.5,FREE,43468.15781362005,165.91,335245.0
buy,335963,170.57,6119.001566416247,0.0,5m BUY signal,2018-11-02 10:20:00,2.693295478820801,2.4499999999999993,FREE,,,
sell,336021,169.69,6119.001566416247,0.0,5m SELL signal,2018-11-02 15:10:00,3.0553600788116455,-0.5,FREE,-5384.72137844627,170.57,335963.0
buy,336143,167.26,6207.900130366933,0.0,ADAPTIVE_FORCE_BUY->first acceptable 5m signal,2018-11-05 10:20:00,2.4289770126342773,2.0999999999999996,FORCE_BUY,,,
sell,336664,174.66,6207.900130366933,0.0,5m SELL signal,2018-11-08 06:05:00,3.6079490184783936,-0.5,FREE,45938.46096471534,167.26,336143.0
buy,336827,173.53,6248.324997233264,0.0,5m BUY signal,2018-11-09 04:00:00,2.5017752647399902,1.9999999999999996,FREE,,,
sell,336868,173.05,6248.324997233264,0.0,5m SELL signal,2018-11-09 07:40:00,3.138462781906128,-0.5,FREE,-2999.195998671903,173.53,336827.0
buy,336880,172.92,6253.022442581636,0.0,5m BUY signal,2018-11-09 08:40:00,2.065868377685547,1.9999999999999996,FREE,,,
sell,337285,169.01,6253.022442581636,0.0,ADAPTIVE_FORCE_SELL->first acceptable 5m signal,2018-11-13 11:00:00,0.8515685796737671,-0.5,FORCE_SELL,-24449.317750494174,172.92,336880.0
buy,337589,165.37,6390.659267223331,0.0,5m BUY signal,2018-11-15 04:40:00,4.2011003494262695,-0.5,FREE,,,
sell,337605,166.1,6390.659267223331,0.0,5m SELL signal,2018-11-15 06:00:00,2.6726696491241455,1.8999999999999995,FREE,4665.181265072966,165.37,337589.0
buy,337611,165.89,6398.749196972664,0.0,5m BUY signal,2018-11-15 06:30:00,3.781343460083008,-0.5,FREE,,,
sell,337694,167.05,6398.749196972664,0.0,5m SELL signal,2018-11-15 13:25:00,1.9785889387130737,1.8999999999999995,FREE,7422.549068488451,165.89,337611.0
buy,337774,166.91,6404.116310312645,0.0,5m BUY signal,2018-11-16 04:05:00,3.1822683811187744,-0.5,FREE,,,
sell,337819,166.51,6404.116310312645,0.0,5m SELL signal,2018-11-16 08:00:00,2.102111577987671,1.6499999999999995,FREE,-2561.6465241250944,166.91,337774.0
buy,337825,165.89,6428.051159383678,0.0,5m BUY signal,2018-11-16 08:30:00,4.213468551635742,-0.5,FREE,,,
sell,337831,166.76,6428.051159383678,0.0,5m SELL signal,2018-11-16 09:00:00,1.7237021923065186,1.6499999999999995,FREE,5592.404508663829,165.89,337825.0
buy,337836,166.49,6438.475652224291,0.0,5m BUY signal,2018-11-16 09:25:00,4.014615058898926,-0.5,FREE,,,
sell,337843,167.41,6438.475652224291,0.0,5m SELL signal,2018-11-16 10:00:00,1.6713817119598389,1.6499999999999995,FREE,5923.397600046267,166.49,337836.0
buy,337855,167.35,6440.784039073012,0.0,5m BUY signal,2018-11-16 11:00:00,4.005347728729248,-0.5,FREE,,,
sell,337892,167.1231,6440.784039073012,0.0,5m SELL signal,2018-11-16 14:05:00,3.104447603225708,1.6499999999999995,FREE,-1461.41389846567,167.35,337855.0
buy,337913,167.78,6415.566784124465,0.0,5m BUY signal,2018-11-16 15:50:00,2.9813337326049805,-0.5,FREE,,,
sell,338154,161.15,6415.566784124465,0.0,ADAPTIVE_FORCE_SELL->first acceptable 5m signal,2018-11-20 04:35:00,4.217113971710205,-0.5,FORCE_SELL,-42535.20777874517,167.78,337913.0
buy,339230,167.85,6159.479221100135,0.0,ADAPTIVE_FORCE_BUY->first acceptable 5m signal,2018-11-29 04:05:00,1.0482889413833618,-0.5,FORCE_BUY,,,
sell,339600,173.83,6159.479221100135,0.0,5m SELL signal,2018-12-03 04:00:00,7.50157356262207,-0.5,FREE,36833.68574217892,167.85,339230.0
buy,339671,171.88,6229.359279752366,0.0,5m BUY signal,2018-12-03 09:55:00,1.1640526056289673,0.9999999999999996,FREE,,,
sell,339677,172.8,6229.359279752366,0.0,5m SELL signal,2018-12-03 10:25:00,3.2094709873199463,-0.5,FREE,5731.010537372276,171.88,339671.0
buy,339681,172.06,6256.150665705038,0.0,5m BUY signal,2018-12-03 10:45:00,1.874439001083374,0.9999999999999996,FREE,,,
sell,339699,171.71,6256.150665705038,0.0,5m SELL signal,2018-12-03 12:15:00,4.525331974029541,-0.5,FREE,-2189.6527329967275,172.06,339681.0
buy,339716,171.77,6253.965365361891,0.0,5m BUY signal,2018-12-03 13:40:00,1.2489773035049438,0.9999999999999996,FREE,,,
sell,339840,171.51,6253.965365361891,0.0,ADAPTIVE_FORCE_SELL->first acceptable 5m signal,2018-12-04 08:20:00,4.017923831939697,-0.5,FORCE_SELL,-1626.0309949942125,171.77,339716.0
buy,340352,160.66,6676.320178097957,0.0,5m BUY signal,2018-12-10 04:00:00,4.706319332122803,2.2999999999999994,FREE,,,
sell,340395,161.77,6676.320178097957,0.0,5m SELL signal,2018-12-10 07:45:00,3.164594888687134,-0.5,FREE,7410.715397688823,160.66,340352.0
buy,340398,161.86,6672.607903193541,0.0,5m BUY signal,2018-12-10 08:00:00,3.952284336090088,2.2999999999999994,FREE,,,
sell,340455,162.22,6672.607903193541,0.0,5m SELL signal,2018-12-10 12:45:00,6.617402076721191,-0.5,FREE,2402.138845149576,161.86,340398.0
buy,340654,162.81,6648.42733281774,0.0,5m BUY signal,2018-12-11 13:40:00,2.6982967853546143,-0.5,FREE,,,
sell,340666,163.95,6648.42733281774,0.0,5m SELL signal,2018-12-11 14:40:00,3.403440475463867,-0.5,FREE,7579.207159412133,162.81,340654.0
buy,340681,163.57,6663.8727224764225,0.0,5m BUY signal,2018-12-11 15:55:00,3.926302671432495,-0.5,FREE,,,
sell,340706,163.78,6663.8727224764225,0.0,5m SELL signal,2018-12-11 18:00:00,3.316347360610962,-0.5,FREE,1399.4132717201016,163.57,340681.0
buy,340846,167.22,6526.785519000052,0.0,5m BUY signal,2018-12-12 13:40:00,2.5630624294281006,2.3999999999999995,FREE,,,
sell,340864,166.17,6526.785519000052,0.0,5m SELL signal,2018-12-12 15:10:00,5.648590564727783,1.4499999999999995,FREE,-6853.1247949501285,167.22,340846.0
buy,340947,165.18,6565.903557889808,0.0,5m BUY signal,2018-12-13 06:50:00,3.9253666400909424,2.499999999999999,FREE,,,
sell,340964,166.03,6565.903557889808,0.0,5m SELL signal,2018-12-13 08:15:00,4.034241676330566,2.1499999999999995,FREE,5581.0180242063,165.18,340947.0
buy,340992,165.54,6585.338695882838,0.0,5m BUY signal,2018-12-13 10:35:00,3.743870258331299,2.499999999999999,FREE,,,
sell,341005,165.7,6585.338695882838,0.0,5m SELL signal,2018-12-13 11:40:00,5.953439712524414,2.1499999999999995,FREE,1053.6541913412316,165.54,340992.0
buy,341013,164.267,6642.786572517829,0.0,5m BUY signal,2018-12-13 12:20:00,2.734300374984741,2.499999999999999,FREE,,,
sell,341028,165.32,6642.786572517829,0.0,5m SELL signal,2018-12-13 13:35:00,3.862211227416992,2.1499999999999995,FREE,6994.854260861256,164.267,341013.0
buy,341033,164.55,6673.871018952582,0.0,5m BUY signal,2018-12-13 14:00:00,3.252692699432373,2.499999999999999,FREE,,,
sell,341043,164.7,6673.871018952582,0.0,5m SELL signal,2018-12-13 14:50:00,4.022462368011475,2.1499999999999995,FREE,1001.0806528427355,164.55,341033.0
buy,341058,164.88,6666.585133560712,0.0,5m BUY signal,2018-12-13 16:05:00,3.670339345932007,2.499999999999999,FREE,,,
sell,341089,164.8,6666.585133560712,0.0,5m SELL signal,2018-12-13 18:40:00,3.2209694385528564,2.1499999999999995,FREE,-533.3268106847509,164.88,341058.0
buy,341102,164.28,6687.687058746076,0.0,5m BUY signal,2018-12-13 19:45:00,3.380481481552124,2.499999999999999,FREE,,,
sell,341123,163.0,6687.687058746076,0.0,5m SELL signal,2018-12-14 05:30:00,3.8240761756896973,-0.5,FREE,-8560.239435194984,164.28,341102.0
buy,341192,162.9,6691.7924528889525,0.0,5m BUY signal,2018-12-14 11:20:00,3.874290704727173,-0.5,FREE,,,
sell,341298,161.37,6691.7924528889525,0.0,ADAPTIVE_FORCE_SELL->first acceptable 5m signal,2018-12-17 04:15:00,2.811370611190796,2.0499999999999994,FORCE_SELL,-10238.442452920104,162.9,341192.0
buy,343028,153.75,7023.444215432132,0.0,5m BUY signal,2018-12-31 10:10:00,3.353754758834839,-0.5,FREE,,,
sell,343202,150.99,7023.444215432132,0.0,ADAPTIVE_FORCE_SELL->first acceptable 5m signal,2019-01-02 09:25:00,6.174367427825928,-0.5,FORCE_SELL,-19384.706034592622,153.75,343028.0
buy,343533,152.07,6973.5637672657185,0.0,5m BUY signal,2019-01-04 05:00:00,3.221869945526123,2.0499999999999994,FREE,,,
sell,343543,152.56,6973.5637672657185,0.0,5m SELL signal,2019-01-04 05:50:00,5.00732946395874,-0.5,FREE,3417.0462459602654,152.07,343533.0
buy,343642,156.21,6810.619603956584,0.0,5m BUY signal,2019-01-04 14:05:00,2.406977653503418,2.0499999999999994,FREE,,,
sell,343648,156.685,6810.619603956584,0.0,5m SELL signal,2019-01-04 14:35:00,9.36423397064209,-0.5,FREE,3235.0443118793387,156.21,343642.0
buy,343711,156.19,6832.203935245134,0.0,ADAPTIVE_FORCE_BUY->first acceptable 5m signal,2019-01-07 04:20:00,2.552891492843628,1.2499999999999996,FORCE_BUY,,,
sell,344080,160.1,6832.203935245134,0.0,5m SELL signal,2019-01-09 04:10:00,7.199660778045654,-0.5,FREE,26713.91738680845,156.19,343711.0
buy,344108,159.87,6842.033214691598,0.0,5m BUY signal,2019-01-09 06:30:00,6.268486022949219,2.499999999999999,FREE,,,
sell,344113,160.04,6842.033214691598,0.0,5m SELL signal,2019-01-09 06:55:00,5.755066394805908,-0.5,FREE,1163.145646497486,159.87,344108.0
buy,344138,160.08,6840.323561214663,0.0,5m BUY signal,2019-01-09 09:00:00,6.820718765258789,2.499999999999999,FREE,,,
sell,345070,163.21,6840.323561214663,0.0,5m SELL signal,2019-01-16 09:40:00,2.705707311630249,2.349999999999999,FREE,21410.212746601865,160.08,344138.0
buy,345080,162.9,6853.340751539872,0.0,5m BUY signal,2019-01-16 10:30:00,2.292196273803711,2.1499999999999995,FREE,,,
sell,345093,163.02,6853.340751539872,0.0,5m SELL signal,2019-01-16 11:35:00,2.7387855052948,2.349999999999999,FREE,822.4008901848158,162.9,345080.0
buy,345097,162.5201,6874.421128931313,0.0,5m BUY signal,2019-01-16 11:55:00,2.825429916381836,2.1499999999999995,FREE,,,
sell,345108,162.75,6874.421128931313,0.0,5m SELL signal,2019-01-16 12:50:00,3.074805498123169,2.349999999999999,FREE,1580.4294175412158,162.5201,345097.0
buy,345118,162.558,6882.540623860846,0.0,5m BUY signal,2019-01-16 13:40:00,3.310887575149536,2.1499999999999995,FREE,,,
sell,345125,162.85,6882.540623860846,0.0,5m SELL signal,2019-01-16 14:15:00,3.4501242637634277,2.349999999999999,FREE,2009.7018621673778,162.558,345118.0
buy,345140,162.44,6899.912217407897,0.0,5m BUY signal,2019-01-16 15:30:00,2.6283884048461914,2.1499999999999995,FREE,,,
sell,350664,175.4,6899.912217407897,0.0,5m SELL signal,2019-03-04 04:00:00,4.175230026245117,2.2499999999999996,FREE,89422.86233760639,162.44,345140.0
buy,350751,174.2,6947.4431856104775,0.0,5m BUY signal,2019-03-04 11:20:00,0.6752697825431824,0.6499999999999997,FREE,,,
sell,350775,173.4,6947.4431856104775,0.0,5m SELL signal,2019-03-04 13:20:00,5.453441619873047,2.2499999999999996,FREE,-5557.954548488264,174.2,350751.0
buy,351022,174.3,6911.569984996309,0.0,ADAPTIVE_FORCE_BUY->first acceptable 5m signal,2019-03-05 19:00:00,1.3905483484268188,0.6499999999999997,FORCE_BUY,,,
sell,351304,172.58,6911.569984996309,0.0,5m SELL signal,2019-03-07 12:55:00,2.3766725063323975,-0.5,FREE,-11887.900374193645,174.3,351022.0
buy,351310,172.24,6925.213353522196,0.0,5m BUY signal,2019-03-07 13:25:00,1.3395445346832275,1.2499999999999996,FREE,,,
sell,351336,171.39,6925.213353522196,0.0,5m SELL signal,2019-03-07 15:35:00,0.44720062613487244,-0.5,FREE,-5886.431350494024,172.24,351310.0
buy,351385,170.49,6961.7708760641035,0.0,ADAPTIVE_FORCE_BUY->first acceptable 5m signal,2019-03-08 04:00:00,1.7319215536117554,1.6999999999999993,FORCE_BUY,,,
sell,353201,182.8,6961.7708760641035,0.0,ADAPTIVE_FORCE_SELL->first acceptable 5m signal,2019-03-22 04:00:00,2.0709681510925293,1.1499999999999997,FORCE_SELL,85699.39948434912,170.49,351385.0
buy,353385,177.59,7166.010001376869,0.0,ADAPTIVE_FORCE_BUY->first acceptable 5m signal,2019-03-25 04:00:00,2.607110023498535,2.0499999999999994,FORCE_BUY,,,
sell,353574,178.73,7166.010001376869,0.0,5m SELL signal,2019-03-26 04:00:00,0.9280332922935486,-0.5,FREE,8169.251401569532,177.59,353385.0
buy,353680,178.91,7158.8003328270515,0.0,5m BUY signal,2019-03-26 13:35:00,2.5224242210388184,2.1999999999999993,FREE,,,
sell,353697,178.8,7158.8003328270515,0.0,5m SELL signal,2019-03-26 15:00:00,1.348030686378479,-0.5,FREE,-787.4680366108698,178.91,353680.0
buy,353703,178.42,7174.047189269571,0.0,5m BUY signal,2019-03-26 15:30:00,2.31069016456604,2.1999999999999993,FREE,,,
sell,353797,179.06,7174.047189269571,0.0,ADAPTIVE_FORCE_SELL->first acceptable 5m signal,2019-03-27 07:50:00,3.3442203998565674,2.499999999999999,FORCE_SELL,4591.390201132632,178.42,353703.0
buy,354201,178.63,7191.316630524601,0.0,5m BUY signal,2019-03-29 10:50:00,1.6057637929916382,1.5999999999999996,FREE,,,
sell,354299,181.62,7191.316630524601,0.0,ADAPTIVE_FORCE_SELL->first acceptable 5m signal,2019-04-01 04:00:00,3.2925612926483154,1.1999999999999997,FORCE_SELL,21502.036725268623,178.63,354201.0
buy,354749,184.6293,7074.104307582155,0.0,ADAPTIVE_FORCE_BUY->first acceptable 5m signal,2019-04-03 12:30:00,1.1192048788070679,-0.5,FORCE_BUY,,,
sell,356397,186.96,7074.104307582155,0.0,5m SELL signal,2019-04-17 04:00:00,2.686340808868408,2.0499999999999994,FREE,16487.614909681783,184.6293,354749.0
buy,356505,186.84,7078.647727175978,0.0,5m BUY signal,2019-04-17 14:10:00,1.8067967891693115,1.7999999999999994,FREE,,,
sell,357985,191.13,7078.647727175978,0.0,5m SELL signal,2019-05-01 04:00:00,1.9199726581573486,0.6499999999999997,FREE,30367.39874958489,186.84,356505.0
buy,358251,188.65,7171.70389660824,0.0,5m BUY signal,2019-05-02 11:15:00,1.981074571609497,1.4999999999999996,FREE,,,
sell,358266,187.81,7171.70389660824,0.0,5m SELL signal,2019-05-02 12:30:00,1.6139044761657715,1.3499999999999996,FREE,-6024.231273150946,188.65,358251.0
buy,358294,187.89,7168.650321049517,0.0,5m BUY signal,2019-05-02 14:50:00,2.3905282020568848,1.4999999999999996,FREE,,,
sell,358332,188.35,7168.650321049517,0.0,5m SELL signal,2019-05-02 18:05:00,1.4169312715530396,1.3499999999999996,FREE,3297.579147682835,187.89,358294.0
buy,358400,189.28,7133.428190879524,0.0,ADAPTIVE_FORCE_BUY->first acceptable 5m signal,2019-05-03 08:30:00,2.357422351837158,1.4999999999999996,FORCE_BUY,,,
sell,358546,186.94,7133.428190879524,0.0,5m SELL signal,2019-05-06 05:35:00,3.0033514499664307,1.8999999999999995,FREE,-16692.22196665811,189.28,358400.0
buy,358584,187.61,7107.953019577943,0.0,5m BUY signal,2019-05-06 08:45:00,2.5179061889648438,1.6999999999999993,FREE,,,
sell,358598,188.57,7107.953019577943,0.0,5m SELL signal,2019-05-06 09:55:00,4.840214729309082,1.8999999999999995,FREE,6823.63489879468,187.61,358584.0
buy,358683,188.8,7099.293966640957,0.0,5m BUY signal,2019-05-06 17:00:00,2.525207042694092,1.6999999999999993,FREE,,,
sell,358816,186.85,7099.293966640957,0.0,ADAPTIVE_FORCE_SELL->first acceptable 5m signal,2019-05-07 12:30:00,2.3292222023010254,1.8999999999999995,FORCE_SELL,-13843.623234949986,188.8,358683.0
buy,358960,185.89,7135.957166425643,0.0,5m BUY signal,2019-05-08 08:45:00,2.8928637504577637,0.7499999999999998,FREE,,,
sell,358987,186.76,7135.957166425643,0.0,5m SELL signal,2019-05-08 11:00:00,2.96598482131958,-0.5,FREE,6208.282734790341,185.89,358960.0
buy,358994,186.0,7165.114840869102,0.0,5m BUY signal,2019-05-08 11:35:00,2.623006582260132,0.7499999999999998,FREE,,,
sell,359005,186.41,7165.114840869102,0.0,5m SELL signal,2019-05-08 12:30:00,1.7282098531723022,-0.5,FREE,2937.6970847563075,186.0,358994.0
buy,359025,186.205,7173.003181903865,0.0,5m BUY signal,2019-05-08 14:10:00,2.4957637786865234,0.7499999999999998,FREE,,,
sell,359031,186.66,7173.003181903865,0.0,5m SELL signal,2019-05-08 14:40:00,1.441568374633789,-0.5,FREE,3263.7164477661445,186.205,359025.0
buy,359045,185.96,7200.004161831444,0.0,5m BUY signal,2019-05-08 15:50:00,1.5682640075683594,0.7499999999999998,FREE,,,
sell,359102,184.3,7200.004161831444,0.0,5m SELL signal,2019-05-09 04:40:00,5.830114841461182,-0.5,FREE,-11952.006908640173,185.96,359045.0
buy,359112,184.36,7197.660918992922,0.0,5m BUY signal,2019-05-09 05:35:00,1.7536075115203857,1.6499999999999995,FREE,,,
sell,359126,184.65,7197.660918992922,0.0,5m SELL signal,2019-05-09 06:45:00,3.310446262359619,-0.5,FREE,2087.3216665078903,184.36,359112.0
buy,360952,179.46,7405.817946573293,0.0,5m BUY signal,2019-05-23 04:00:00,2.5197103023529053,1.5999999999999996,FREE,,,
sell,361000,178.83,7405.817946573293,0.0,5m SELL signal,2019-05-23 08:00:00,2.5527923107147217,1.0499999999999996,FREE,-4665.66530634114,179.46,360952.0
buy,361018,178.84,7405.403843579188,0.0,5m BUY signal,2019-05-23 09:30:00,3.7826945781707764,1.5999999999999996,FREE,,,
sell,361032,178.61,7405.403843579188,0.0,5m SELL signal,2019-05-23 10:40:00,1.8860259056091309,1.0499999999999996,FREE,-1703.2428840231375,178.84,361018.0
buy,361046,177.985,7431.408155191049,0.0,5m BUY signal,2019-05-23 11:50:00,3.495100736618042,1.5999999999999996,FREE,,,
sell,361088,178.04,7431.408155191049,0.0,5m SELL signal,2019-05-23 15:20:00,2.486762523651123,1.0499999999999996,FREE,408.7274485353472,177.985,361046.0
buy,361512,176.2,7509.011963395087,0.0,5m BUY signal,2019-05-29 05:05:00,2.3872201442718506,2.349999999999999,FREE,,,
sell,361521,176.29,7509.011963395087,0.0,5m SELL signal,2019-05-29 05:55:00,2.035830497741699,1.5999999999999996,FREE,675.8110767055834,176.2,361512.0
buy,361546,176.22,7511.994773731245,0.0,5m BUY signal,2019-05-29 08:00:00,2.712627649307251,2.349999999999999,FREE,,,
sell,361705,176.7,7511.994773731245,0.0,ADAPTIVE_FORCE_SELL->first acceptable 5m signal,2019-05-30 05:45:00,3.614802360534668,1.7999999999999994,FORCE_SELL,3605.7574913909207,176.22,361546.0
buy,361868,174.62,7601.474496153423,0.0,5m BUY signal,2019-05-31 04:00:00,2.68827486038208,2.1999999999999993,FREE,,,
sell,361898,174.2,7601.474496153423,0.0,5m SELL signal,2019-05-31 06:30:00,2.2459089756011963,1.4999999999999996,FREE,-3192.619288384559,174.62,361868.0
buy,361965,174.77,7576.682824454575,0.0,5m BUY signal,2019-05-31 12:05:00,2.7329347133636475,2.1999999999999993,FREE,,,
sell,361985,174.97,7576.682824454575,0.0,5m SELL signal,2019-05-31 13:45:00,2.7753961086273193,1.4999999999999996,FREE,1515.3365648908289,174.77,361965.0
buy,361993,174.345,7603.844066619731,0.0,5m BUY signal,2019-05-31 14:25:00,2.521315097808838,2.1999999999999993,FREE,,,
sell,362113,173.48,7603.844066619731,0.0,ADAPTIVE_FORCE_SELL->first acceptable 5m signal,2019-06-03 09:00:00,4.439325332641602,2.1999999999999993,FORCE_SELL,-6577.3251176261365,174.345,361993.0
buy,362954,180.86,7293.568885752466,0.0,ADAPTIVE_FORCE_BUY->first acceptable 5m signal,2019-06-07 16:00:00,1.0477408170700073,0.5499999999999998,FORCE_BUY,,,
sell,365023,187.81,7293.568885752466,0.0,5m SELL signal,2019-06-25 06:50:00,2.1809229850769043,2.0499999999999994,FREE,50690.303755979556,180.86,362954.0
buy,365034,187.9,7290.075425402717,0.0,5m BUY signal,2019-06-25 07:45:00,1.1696218252182007,0.9499999999999997,FREE,,,
sell,365044,188.0099,7290.075425402717,0.0,5m SELL signal,2019-06-25 08:35:00,7.811603546142578,2.0499999999999994,FREE,801.1792892516266,187.9,365034.0
buy,365092,185.98,7369.643788162288,0.0,5m BUY signal,2019-06-25 12:35:00,1.957502007484436,0.9499999999999997,FREE,,,
sell,365186,185.52,7369.643788162288,0.0,5m SELL signal,2019-06-26 04:40:00,2.6237568855285645,-0.5,FREE,-3390.0361425545016,185.98,365092.0
buy,365224,186.38,7335.638564115612,0.0,5m BUY signal,2019-06-26 08:00:00,2.1757781505584717,2.0999999999999996,FREE,,,
sell,365242,186.565,7335.638564115612,0.0,5m SELL signal,2019-06-26 09:30:00,2.3333778381347656,-0.5,FREE,1357.093134361405,186.38,365224.0
buy,365262,186.17,7351.20271103953,0.0,5m BUY signal,2019-06-26 11:10:00,2.4210143089294434,2.0999999999999996,FREE,,,
sell,365272,186.52,7351.20271103953,0.0,5m SELL signal,2019-06-26 12:00:00,2.397622585296631,-0.5,FREE,2572.9209488640026,186.17,365262.0
buy,365306,185.56,7389.234369816195,0.0,5m BUY signal,2019-06-26 14:50:00,2.228912115097046,2.0999999999999996,FREE,,,
sell,367616,193.49,7389.234369816195,0.0,5m SELL signal,2019-07-17 04:00:00,2.774141788482666,-0.5,FREE,58596.628552642476,185.56,365306.0
buy,367660,193.11,7403.774834113901,0.0,5m BUY signal,2019-07-17 08:30:00,1.9270944595336914,1.8999999999999995,FREE,,,
sell,367692,192.89,7403.774834113901,0.0,5m SELL signal,2019-07-17 11:10:00,2.3044612407684326,-0.5,FREE,-1628.8304635052602,193.11,367660.0
buy,367751,191.78,7446.62700882381,0.0,5m BUY signal,2019-07-17 16:05:00,1.905676007270813,1.8999999999999995,FREE,,,
sell,367981,193.79,7446.62700882381,0.0,5m SELL signal,2019-07-19 04:05:00,2.671764850616455,1.5999999999999996,FREE,14967.72028773579,191.78,367751.0
buy,368052,192.8301,7483.69599995004,0.0,5m BUY signal,2019-07-19 10:35:00,1.9985606670379639,1.9499999999999993,FREE,,,
sell,368070,192.56,7483.69599995004,0.0,5m SELL signal,2019-07-19 12:05:00,5.6512932777404785,1.5999999999999996,FREE,-2021.3462895863945,192.8301,368052.0
buy,368089,192.36,7491.4769273777265,0.0,5m BUY signal,2019-07-19 13:40:00,2.0016286373138428,1.9499999999999993,FREE,,,
sell,369444,194.58,7491.4769273777265,0.0,ADAPTIVE_FORCE_SELL->first acceptable 5m signal,2019-07-31 04:25:00,4.954696178436279,1.6499999999999995,FORCE_SELL,16631.078778778545,192.36,368089.0
buy,371523,181.99,8009.734493813715,0.0,5m BUY signal,2019-08-15 05:40:00,2.524768829345703,1.5499999999999994,FREE,,,
sell,371693,184.33,8009.734493813715,0.0,5m SELL signal,2019-08-16 04:00:00,3.800072193145752,-0.5,FREE,18742.77871552412,181.99,371523.0
buy,371713,184.79,7989.795764081834,0.0,5m BUY signal,2019-08-16 05:40:00,2.412930965423584,2.0999999999999996,FREE,,,
sell,371728,184.97,7989.795764081834,0.0,5m SELL signal,2019-08-16 07:05:00,9.586565017700195,-0.5,FREE,1438.1632375347847,184.79,371713.0
buy,371740,184.62,8004.942706544344,0.0,5m BUY signal,2019-08-16 08:05:00,2.1845762729644775,2.0999999999999996,FREE,,,
sell,371867,187.25,8004.942706544344,0.0,5m SELL signal,2019-08-19 04:00:00,6.345645904541016,-0.5,FREE,21052.99931821159,184.62,371740.0
buy,372276,188.26,7961.996822481826,0.0,5m BUY signal,2019-08-21 07:00:00,1.8321200609207153,1.5999999999999996,FREE,,,
sell,372300,188.78,7961.996822481826,0.0,5m SELL signal,2019-08-21 09:00:00,9.442120552062988,-0.5,FREE,4140.238347690631,188.26,372276.0
buy,372359,188.42,7977.209214245406,0.0,5m BUY signal,2019-08-21 13:55:00,1.6749879121780396,1.5999999999999996,FREE,,,
sell,372364,188.66,7977.209214245406,0.0,5m SELL signal,2019-08-21 14:20:00,7.3294453620910645,-0.5,FREE,1914.5302114189699,188.42,372359.0
buy,372370,188.27,7993.733947838414,0.0,5m BUY signal,2019-08-21 14:50:00,2.1828043460845947,1.5999999999999996,FREE,,,
sell,372378,188.55,7993.733947838414,0.0,5m SELL signal,2019-08-21 15:30:00,4.006842613220215,-0.5,FREE,2238.245505394765,188.27,372370.0
buy,372435,188.43,7998.824687496327,0.0,5m BUY signal,2019-08-22 04:25:00,1.6135590076446533,1.5499999999999994,FREE,,,
sell,372457,188.36,7998.824687496327,0.0,5m SELL signal,2019-08-22 06:15:00,6.3240790367126465,-0.5,FREE,-559.9177281246883,188.43,372435.0
buy,372507,187.9,8018.406695778649,0.0,5m BUY signal,2019-08-22 10:25:00,1.7055351734161377,1.5499999999999994,FREE,,,
sell,372534,187.8,8018.406695778649,0.0,5m SELL signal,2019-08-22 12:40:00,6.050161838531494,-0.5,FREE,-801.8406695778193,187.9,372507.0
buy,372555,188.0,8009.876475889523,0.0,5m BUY signal,2019-08-22 14:25:00,1.5758925676345825,1.5499999999999994,FREE,,,
sell,372572,188.7,8009.876475889523,0.0,5m SELL signal,2019-08-22 15:50:00,3.4428210258483887,-0.5,FREE,5606.913533122575,188.0,372555.0
buy,372573,188.02,8038.845287737224,0.0,5m BUY signal,2019-08-22 15:55:00,2.2008659839630127,1.5499999999999994,FREE,,,
sell,372595,188.05,8038.845287737224,0.0,5m SELL signal,2019-08-22 18:00:00,3.431194305419922,-0.5,FREE,241.16535863212584,188.02,372573.0
buy,372848,184.1,8211.32458641491,0.0,ADAPTIVE_FORCE_BUY->first acceptable 5m signal,2019-08-26 08:00:00,4.648813724517822,0.9999999999999996,FORCE_BUY,,,
sell,372993,184.86,8211.32458641491,0.0,5m SELL signal,2019-08-27 05:00:00,4.020419597625732,-0.5,FREE,6240.606685675491,184.1,372848.0
buy,373062,185.55,8180.789345430667,0.0,5m BUY signal,2019-08-27 10:50:00,2.2100043296813965,-0.5,FREE,,,
sell,373095,184.68,8180.789345430667,0.0,5m SELL signal,2019-08-27 13:35:00,2.4167709350585938,-0.5,FREE,-7117.286730524717,185.55,373062.0
buy,373117,184.55,8186.552025543947,0.0,5m BUY signal,2019-08-27 15:25:00,2.547537326812744,-0.5,FREE,,,
sell,373139,184.52,8186.552025543947,0.0,5m SELL signal,2019-08-27 18:00:00,2.5053389072418213,-0.5,FREE,-245.5965607663277,184.55,373117.0
buy,373207,183.57,8228.918558333982,0.0,5m BUY signal,2019-08-28 08:00:00,2.446854829788208,2.2999999999999994,FREE,,,
sell,373219,184.2,8228.918558333982,0.0,5m SELL signal,2019-08-28 09:00:00,2.3689815998077393,2.2999999999999994,FREE,5184.218691750371,183.57,373207.0
buy,373263,184.6901,8207.082017093064,0.0,5m BUY signal,2019-08-28 12:40:00,2.655550718307495,2.2999999999999994,FREE,,,
sell,373289,185.19,8207.082017093064,0.0,5m SELL signal,2019-08-28 14:50:00,3.1323108673095703,2.2999999999999994,FREE,4102.720300344796,184.6901,373263.0
buy,373384,187.4,8110.296257980067,0.0,5m BUY signal,2019-08-29 07:15:00,1.792771577835083,1.5999999999999996,FREE,,,
sell,373412,187.97,8110.296257980067,0.0,5m SELL signal,2019-08-29 09:35:00,3.038558006286621,-0.5,FREE,4622.868867048583,187.4,373384.0
buy,373710,185.62,8212.974828210932,0.0,ADAPTIVE_FORCE_BUY->first acceptable 5m signal,2019-09-03 04:00:00,1.7212724685668945,1.1499999999999997,FORCE_BUY,,,
sell,374291,191.9,8212.974828210932,0.0,5m SELL signal,2019-09-06 06:45:00,6.154590129852295,1.6999999999999993,FREE,51577.48192116466,185.62,373710.0
buy,374605,190.12,8289.868869838407,0.0,ADAPTIVE_FORCE_BUY->first acceptable 5m signal,2019-09-10 04:00:00,1.336834192276001,1.2499999999999996,FORCE_BUY,,,
sell,375056,194.0492,8289.868869838407,0.0,5m SELL signal,2019-09-12 10:10:00,6.700058460235596,-0.5,FREE,32572.552763369138,190.12,374605.0
buy,375227,193.1,8330.618447939136,0.0,5m BUY signal,2019-09-13 09:15:00,1.364872694015503,1.2499999999999996,FREE,,,
sell,375245,193.1358,8330.618447939136,0.0,5m SELL signal,2019-09-13 10:45:00,4.848908424377441,-0.5,FREE,298.2361404361771,193.1,375227.0
buy,375255,192.79,8345.560757495115,0.0,5m BUY signal,2019-09-13 11:35:00,1.9330111742019653,1.2499999999999996,FREE,,,
sell,375716,192.27,8345.560757495115,0.0,5m SELL signal,2019-09-18 07:00:00,6.327104568481445,1.4499999999999995,FREE,-4339.691593897308,192.79,375255.0
buy,375717,192.17,8349.90355853456,0.0,5m BUY signal,2019-09-18 07:05:00,2.250656843185425,1.8999999999999995,FREE,,,
sell,375752,192.1,8349.90355853456,0.0,5m SELL signal,2019-09-18 10:05:00,7.270644187927246,1.4499999999999995,FREE,-584.4932490973622,192.17,375717.0
buy,375794,191.515,8375.40909899741,0.0,5m BUY signal,2019-09-18 13:35:00,1.9953534603118896,1.8999999999999995,FREE,,,
sell,375817,192.26,8375.40909899741,0.0,5m SELL signal,2019-09-18 15:30:00,4.566869258880615,1.4499999999999995,FREE,6239.679778753109,191.515,375794.0
buy,375846,192.64,8358.887839354455,0.0,5m BUY signal,2019-09-18 18:00:00,2.598209857940674,1.8999999999999995,FREE,,,
sell,375910,192.39,8358.887839354455,0.0,5m SELL signal,2019-09-19 07:50:00,3.402188777923584,2.499999999999999,FREE,-2089.7219598386137,192.64,375846.0
buy,375956,193.5363,8309.378816342998,0.0,5m BUY signal,2019-09-19 11:40:00,1.886170506477356,1.8499999999999996,FREE,,,
sell,376478,191.51,8309.378816342998,0.0,ADAPTIVE_FORCE_SELL->first acceptable 5m signal,2019-09-24 09:35:00,4.987786769866943,2.499999999999999,FORCE_SELL,-16837.29429555599,193.5363,375956.0
buy,376611,187.1,8505.233228850067,0.0,5m BUY signal,2019-09-25 04:45:00,2.285428762435913,2.0499999999999994,FREE,,,
sell,376679,187.67,8505.233228850067,0.0,5m SELL signal,2019-09-25 10:30:00,2.363553047180176,2.1999999999999993,FREE,4847.982940444481,187.1,376611.0
buy,376749,190.03,8399.605957260917,0.0,5m BUY signal,2019-09-25 16:20:00,2.059225559234619,2.0499999999999994,FREE,,,
sell,376756,190.02,8399.605957260917,0.0,5m SELL signal,2019-09-25 16:55:00,2.2941572666168213,2.1999999999999993,FREE,-83.99605957253279,190.03,376749.0
buy,376984,189.89,8405.356385268944,0.0,5m BUY signal,2019-09-27 06:55:00,1.8687843084335327,1.0999999999999996,FREE,,,
sell,377030,189.185,8405.356385268944,0.0,5m SELL signal,2019-09-27 10:45:00,2.81522274017334,1.3499999999999996,FREE,-5925.776251614472,189.89,376984.0
buy,377040,187.98,8459.236874918104,0.0,5m BUY signal,2019-09-27 11:35:00,2.848012924194336,1.0999999999999996,FREE,,,
sell,377310,189.57,8459.236874918104,0.0,5m SELL signal,2019-10-01 04:00:00,2.439772844314575,1.5499999999999994,FREE,13450.186631119814,187.98,377040.0
buy,377414,187.44,8555.364566678538,0.0,5m BUY signal,2019-10-01 13:05:00,1.9300202131271362,-0.5,FREE,,,
sell,377479,187.53,8555.364566678538,0.0,5m SELL signal,2019-10-01 18:35:00,3.206413984298706,1.5499999999999994,FREE,769.9828110010976,187.44,377414.0
buy,377489,187.54,8554.90837788859,0.0,5m BUY signal,2019-10-01 19:30:00,1.3373900651931763,-0.5,FREE,,,
sell,377539,186.19,8554.90837788859,0.0,5m SELL signal,2019-10-02 07:50:00,2.9123780727386475,2.1499999999999995,FREE,-11549.126310149548,187.54,377489.0
buy,377559,185.395,8591.59303583741,0.0,5m BUY signal,2019-10-02 09:30:00,2.955435037612915,1.5999999999999996,FREE,,,
sell,377826,186.3,8591.59303583741,0.0,ADAPTIVE_FORCE_SELL->first acceptable 5m signal,2019-10-03 16:55:00,0.6354513764381409,-0.5,FORCE_SELL,7775.391697432866,185.395,377559.0
buy,378978,190.46,8403.936693145592,0.0,5m BUY signal,2019-10-14 05:20:00,2.074166774749756,2.0499999999999994,FREE,,,
sell,378997,190.39,8403.936693145592,0.0,5m SELL signal,2019-10-14 06:55:00,4.576554298400879,-0.5,FREE,-588.275568520373,190.46,378978.0
buy,379018,190.63,8393.35627659859,0.0,5m BUY signal,2019-10-14 08:40:00,2.054476022720337,2.0499999999999994,FREE,,,
sell,379035,191.54,8393.35627659859,0.0,5m SELL signal,2019-10-14 10:05:00,1.454373836517334,-0.5,FREE,7637.9542117046885,190.63,379018.0
buy,379168,191.7,8386.350867082389,0.0,ADAPTIVE_FORCE_BUY->first acceptable 5m signal,2019-10-15 06:20:00,1.822950005531311,1.3499999999999996,FORCE_BUY,,,
sell,379508,193.76,8386.350867082389,0.0,5m SELL signal,2019-10-17 04:40:00,2.947347640991211,2.1499999999999995,FREE,17275.88278618974,191.7,379168.0
buy,379545,194.17,8368.642653375307,0.0,5m BUY signal,2019-10-17 08:00:00,1.3216320276260376,0.5499999999999998,FREE,,,
sell,379567,194.4,8368.642653375307,0.0,5m SELL signal,2019-10-17 09:50:00,2.6104636192321777,2.1499999999999995,FREE,1924.787810276473,194.17,379545.0
buy,379633,193.52,8406.69766337412,0.0,5m BUY signal,2019-10-17 15:20:00,0.9414380788803101,0.5499999999999998,FREE,,,
sell,379824,191.85,8406.69766337412,0.0,ADAPTIVE_FORCE_SELL->first acceptable 5m signal,2019-10-18 16:50:00,3.5830984115600586,-0.5,FORCE_SELL,-14039.185097834914,193.52,379633.0
buy,380248,190.82,8452.074974941437,0.0,ADAPTIVE_FORCE_BUY->first acceptable 5m signal,2019-10-23 07:20:00,2.4744884967803955,1.9999999999999996,FORCE_BUY,,,
sell,380977,197.11,8452.074974941437,0.0,5m SELL signal,2019-10-29 08:20:00,5.82509183883667,2.1999999999999993,FREE,53163.55159238181,190.82,380248.0
buy,380997,196.775,8466.464227217415,0.0,5m BUY signal,2019-10-29 10:00:00,2.3152101039886475,-0.5,FREE,,,
sell,381025,196.78,8466.464227217415,0.0,5m SELL signal,2019-10-29 12:20:00,2.9501943588256836,2.1999999999999993,FREE,42.33232113604858,196.775,380997.0
buy,381031,196.7432,8468.047844255063,0.0,5m BUY signal,2019-10-29 12:50:00,1.7678935527801514,-0.5,FREE,,,
sell,382183,200.99,8468.047844255063,0.0,5m SELL signal,2019-11-07 04:00:00,3.007601737976074,2.1999999999999993,FREE,35962.10558498246,196.7432,381031.0
buy,382365,200.36,8494.674267402801,0.0,5m BUY signal,2019-11-07 19:40:00,1.7469258308410645,1.3999999999999995,FREE,,,
sell,383805,202.47,8494.674267402801,0.0,5m SELL signal,2019-11-20 04:45:00,3.48134708404541,-0.5,FREE,17923.762704219786,200.36,382365.0
buy,383818,202.2,8506.017304258383,0.0,5m BUY signal,2019-11-20 06:05:00,1.7869678735733032,1.4499999999999995,FREE,,,
sell,383858,202.85,8506.017304258383,0.0,5m SELL signal,2019-11-20 09:25:00,-0.31310537457466125,-0.5,FREE,5528.911247767997,202.2,383818.0
buy,383902,201.25,8573.642783447518,0.0,5m BUY signal,2019-11-20 13:05:00,2.12461519241333,1.4499999999999995,FREE,,,
sell,383936,202.14,8573.642783447518,0.0,5m SELL signal,2019-11-20 15:55:00,2.031139612197876,-0.5,FREE,7630.542077268174,201.25,383902.0
buy,383951,201.96,8581.28417630264,0.0,5m BUY signal,2019-11-20 17:10:00,2.488953113555908,1.4499999999999995,FREE,,,
sell,383967,201.7,8581.28417630264,0.0,5m SELL signal,2019-11-20 18:30:00,5.2298903465271,-0.5,FREE,-2231.1338858388526,201.96,383951.0
buy,383975,201.38,8594.920142815783,0.0,5m BUY signal,2019-11-20 19:25:00,1.849959373474121,1.4499999999999995,FREE,,,
sell,384989,206.05,8594.920142815783,0.0,ADAPTIVE_FORCE_SELL->first acceptable 5m signal,2019-12-02 04:00:00,6.0202484130859375,-0.5,FORCE_SELL,40138.27706694984,201.38,383975.0
buy,385193,202.1,8762.905964508622,0.0,ADAPTIVE_FORCE_BUY->first acceptable 5m signal,2019-12-03 05:15:00,2.371001720428467,1.4499999999999995,FORCE_BUY,,,
sell,385895,204.81,8762.905964508622,0.0,ADAPTIVE_FORCE_SELL->first acceptable 5m signal,2019-12-09 05:20:00,2.6700732707977295,-0.5,FORCE_SELL,23747.475163818435,202.1,385193.0
buy,386155,204.28,8785.641132714954,0.0,ADAPTIVE_FORCE_BUY->first acceptable 5m signal,2019-12-10 12:05:00,2.012578248977661,1.6999999999999993,FORCE_BUY,,,
sell,388167,214.73,8785.641132714954,0.0,5m SELL signal,2019-12-27 07:05:00,3.5264580249786377,2.499999999999999,FREE,91809.94983687118,204.28,386155.0
buy,388270,213.35,8842.468809129985,0.0,5m BUY signal,2019-12-27 15:40:00,1.7213112115859985,1.2499999999999996,FREE,,,
sell,388307,213.84,8842.468809129985,0.0,ADAPTIVE_FORCE_SELL->first acceptable 5m signal,2019-12-30 04:00:00,5.613432884216309,2.499999999999999,FORCE_SELL,4332.809716473773,213.35,388270.0
