date,equity,cash,pos,buy_th,sell_th,p_day
2018-10-01,100000.0,100000.0,0,0.3,0.3,0.20066544529120486
2018-10-02,100000.0,100000.0,0,0.3,0.3,0.1987168881668028
2018-10-03,100000.0,100000.0,0,0.3,0.3,0.21660321122121906
2018-10-04,100000.0,100000.0,0,0.3,0.3,0.23545717087713514
2018-10-05,100000.0,100000.0,0,0.3,0.3,0.23150275660374744
2018-10-08,100000.0,100000.0,0,0.3,0.3,0.08603342351744635
2018-10-09,100000.0,100000.0,0,0.3,0.3,0.10531719962437558
2018-10-10,100000.0,100000.0,0,0.3,0.3,0.37706741807316346
2018-10-11,100000.0,100000.0,0,0.3,0.3,0.10161202783278789
2018-10-12,100000.0,100000.0,0,0.3,0.3,0.06917198694055549
2018-10-15,100000.0,100000.0,0,0.3,0.3,0.08885791587488466
2018-10-16,100000.0,100000.0,0,0.3,0.3,0.045350372392383854
2018-10-17,100000.0,100000.0,0,0.3,0.3,0.05681544486444998
2018-10-18,100000.0,100000.0,0,0.3,0.3,0.12807048480928798
2018-10-19,100000.0,100000.0,0,0.3,0.3,0.13882742939660944
2018-10-22,100000.0,100000.0,0,0.3,0.3,0.07460482289229874
2018-10-23,100000.0,100000.0,0,0.3,0.3,0.0243029740469676
2018-10-24,100000.0,100000.0,0,0.3,0.3,0.29273098147033466
2018-10-25,100000.0,100000.0,0,0.3,0.3,0.09860288507263959
2018-10-26,100000.0,100000.0,0,0.3,0.3,0.05924536675532951
2018-10-29,100000.0,100000.0,0,0.3,0.3,0.19189132443549115
2018-10-30,100000.0,100000.0,0,0.3,0.3,0.11581550601417567
2018-10-31,100000.0,100000.0,0,-0.5,-0.5,0.17218534620356904
2018-11-01,100000.0,100000.0,0,-0.5,-0.5,0.1313429367462682
2018-11-02,100000.0,100000.0,0,1.5499999999999994,-0.5,0.19870527032170435
2018-11-05,100000.0,100000.0,0,1.5499999999999994,-0.5,0.13526573972886582
2018-11-06,100000.0,100000.0,0,-0.5,1.2999999999999996,0.13963518977510084
2018-11-07,100000.0,100000.0,0,-0.5,2.4499999999999993,0.1575917890781218
2018-11-08,100000.0,100000.0,0,-0.5,-0.5,0.20523497281672742
2018-11-09,100000.0,100000.0,0,-0.5,1.7499999999999996,0.2130366808968339
2018-11-12,100000.0,100000.0,0,-0.5,1.7499999999999996,0.3115575923952012
2018-11-13,100000.0,100000.0,0,2.2999999999999994,0.24999999999999978,0.25293910701244987
2018-11-14,100000.0,100000.0,0,-0.5,0.24999999999999978,0.24351551708283883
2018-11-15,100000.0,100000.0,0,-0.5,0.5499999999999998,0.1371034194569437
2018-11-16,100000.0,100000.0,0,-0.5,0.8499999999999996,0.1457770988075794
2018-11-19,100000.0,100000.0,0,2.3999999999999995,-0.5,0.24716247965077018
2018-11-20,100000.0,100000.0,0,2.3999999999999995,-0.5,0.2302663157123838
2018-11-21,100000.0,100000.0,0,-0.5,-0.5,0.23157848277464685
2018-11-23,100000.0,100000.0,0,-0.5,-0.5,0.22602920457933195
2018-11-26,100000.0,100000.0,0,-0.5,-0.5,0.16951046444562065
2018-11-27,100000.0,100000.0,0,-0.5,-0.5,0.16671639523162599
2018-11-28,100000.0,100000.0,0,-0.5,-0.5,0.11182141548358099
2018-11-29,100000.0,100000.0,0,0.9999999999999996,-0.5,0.13890028150153835
2018-11-30,100000.0,100000.0,0,0.7999999999999998,-0.5,0.10646526464607771
2018-12-03,100000.0,100000.0,0,0.6499999999999997,1.1499999999999997,0.16405471298006896
2018-12-04,100000.0,100000.0,0,0.9999999999999996,1.0499999999999996,0.29869751373397707
2018-12-06,100000.0,100000.0,0,-0.5,1.1499999999999997,0.17379277407772412
2018-12-07,100000.0,100000.0,0,2.1499999999999995,0.7999999999999998,0.27540980076847554
2018-12-10,100000.0,100000.0,0,-0.5,1.6499999999999995,0.1868928943840994
2018-12-11,100000.0,100000.0,0,-0.5,2.3999999999999995,0.2275415774524466
2018-12-12,100000.0,100000.0,0,-0.5,1.2499999999999996,0.2541806743238256
2018-12-13,100000.0,100000.0,0,-0.5,1.4499999999999995,0.2052691309190291
2018-12-14,100000.0,100000.0,0,-0.5,0.5499999999999998,0.20823310076290616
2018-12-17,100000.0,100000.0,0,-0.5,0.5499999999999998,0.3033210513924966
2018-12-18,100000.0,100000.0,0,-0.5,-0.5,0.24422477999988637
2018-12-19,100000.0,100000.0,0,-0.5,-0.5,0.2905661147402059
2018-12-20,100000.0,100000.0,0,-0.5,-0.5,0.21978868811405047
2018-12-21,100000.0,100000.0,0,-0.5,-0.5,0.23563230361304544
2018-12-24,100000.0,100000.0,0,1.6499999999999995,-0.5,0.1787190520002199
2018-12-26,100000.0,100000.0,0,1.6499999999999995,-0.5,0.12043843296740231
2018-12-27,100000.0,100000.0,0,1.2999999999999996,-0.5,0.11395048054954321
2018-12-28,100000.0,100000.0,0,1.2999999999999996,-0.5,0.1558203336229241
2018-12-31,100000.0,100000.0,0,1.2999999999999996,-0.5,0.1348414746805917
2019-01-02,100000.0,100000.0,0,2.4499999999999993,2.499999999999999,0.11230421180756596
2019-01-03,100000.0,100000.0,0,2.2999999999999994,-0.5,0.15800020506388304
2019-01-04,100000.0,100000.0,0,-0.5,-0.5,0.10827222605313187
2019-01-07,100000.0,100000.0,0,-0.5,-0.5,0.11074119898904916
2019-01-08,100000.0,100000.0,0,-0.5,-0.5,0.11800166422335774
2019-01-09,100000.0,100000.0,0,-0.5,-0.5,0.12318197359709476
2019-01-10,100000.0,100000.0,0,-0.5,-0.5,0.09955546854138132
2019-01-11,100000.0,100000.0,0,2.499999999999999,-0.5,0.10154113161734946
2019-01-14,100000.0,100000.0,0,0.9499999999999997,1.2499999999999996,0.17599606311161475
2019-01-15,100000.0,100000.0,0,-0.5,1.5999999999999996,0.1536817319537178
2019-01-16,100000.0,100000.0,0,-0.5,1.4499999999999995,0.21300319585700636
2019-01-17,100000.0,100000.0,0,-0.5,0.8999999999999997,0.16184867922193305
2019-01-18,100000.0,100000.0,0,-0.5,1.6499999999999995,0.1674758899154183
2019-01-22,100000.0,100000.0,0,-0.5,1.6499999999999995,0.22428442702521578
2019-01-23,100000.0,100000.0,0,2.2999999999999994,1.1499999999999997,0.19403333702948564
2019-01-24,100000.0,100000.0,0,2.349999999999999,1.3999999999999995,0.1713903085975881
2019-01-25,100000.0,100000.0,0,2.349999999999999,1.3999999999999995,0.17752208653605814
2019-01-28,100000.0,100000.0,0,2.499999999999999,1.0999999999999996,0.15423388704119698
2019-01-29,100000.0,100000.0,0,2.499999999999999,1.2999999999999996,0.20508674489555476
2019-01-30,100000.0,100000.0,0,0.6499999999999997,2.1499999999999995,0.15378415314746632
2019-01-31,100000.0,100000.0,0,0.9999999999999996,-0.5,0.1586639438337544
2019-02-01,100000.0,100000.0,0,1.0999999999999996,-0.5,0.192176883987465
2019-02-04,100000.0,100000.0,0,2.0499999999999994,0.9999999999999996,0.13585458895089914
2019-02-05,100000.0,100000.0,0,2.1999999999999993,1.4499999999999995,0.14636987315687153
2019-02-06,100000.0,100000.0,0,1.1999999999999997,1.5499999999999994,0.16175073157641312
2019-02-07,100000.0,100000.0,0,2.4499999999999993,0.6499999999999997,0.1767446972915084
2019-02-08,100000.0,100000.0,0,2.3999999999999995,1.2999999999999996,0.1403804168168012
2019-02-11,100000.0,100000.0,0,1.5499999999999994,1.3999999999999995,0.18382359216896857
2019-02-12,100000.0,100000.0,0,1.6499999999999995,2.4499999999999993,0.1647039028959172
2019-02-13,100000.0,100000.0,0,1.6499999999999995,2.4499999999999993,0.17619929077912386
2019-02-14,100000.0,100000.0,0,0.24999999999999978,2.3999999999999995,0.1551018217182892
2019-02-15,100000.0,100000.0,0,0.24999999999999978,2.4499999999999993,0.14596272903577004
2019-02-19,100000.0,100000.0,0,0.8499999999999996,0.5499999999999998,0.1591532188202939
2019-02-20,100000.0,100000.0,0,0.9499999999999997,1.0499999999999996,0.16850775012615524
2019-02-21,100000.0,100000.0,0,0.8499999999999996,0.9999999999999996,0.1833219527674617
2019-02-22,100000.0,100000.0,0,0.7499999999999998,1.1999999999999997,0.160291523804013
2019-02-25,100000.0,100000.0,0,1.8499999999999996,1.3499999999999996,0.22016034738448606
2019-02-26,100000.0,100000.0,0,0.9499999999999997,1.4999999999999996,0.1970357068689498
2019-02-27,100000.0,100000.0,0,1.0499999999999996,1.3499999999999996,0.16701507698331539
2019-02-28,100000.0,100000.0,0,1.4499999999999995,1.3999999999999995,0.18909514400523575
2019-03-01,100000.0,100000.0,0,1.0499999999999996,-0.5,0.17458076355182836
2019-03-04,100000.0,100000.0,0,1.0499999999999996,-0.5,0.1932331115386011
2019-03-05,100000.0,100000.0,0,1.4499999999999995,1.1499999999999997,0.18264397546947522
2019-03-06,100000.0,100000.0,0,0.8499999999999996,1.1999999999999997,0.21212946623481696
2019-03-07,100000.0,100000.0,0,1.7999999999999994,-0.5,0.20550504485333096
2019-03-08,100000.0,100000.0,0,1.7499999999999996,0.7999999999999998,0.1501508602785573
2019-03-11,100000.0,100000.0,0,1.7499999999999996,0.7999999999999998,0.16352904038930446
2019-03-12,100000.0,100000.0,0,1.7499999999999996,0.7999999999999998,0.16898892846677996
2019-03-13,100000.0,100000.0,0,1.7499999999999996,0.7999999999999998,0.18010686196240724
2019-03-14,100000.0,100000.0,0,0.4999999999999998,-0.5,0.21388957081187832
2019-03-15,100000.0,100000.0,0,0.2999999999999998,-0.5,0.17112162864223698
2019-03-18,100000.0,100000.0,0,0.2999999999999998,-0.5,0.165606494077601
2019-03-19,100000.0,100000.0,0,0.2999999999999998,-0.5,0.1968402838944001
2019-03-20,100000.0,100000.0,0,-0.5,1.0499999999999996,0.18743926002350034
2019-03-21,100000.0,100000.0,0,-0.5,1.5499999999999994,0.168721136585145
2019-03-22,100000.0,100000.0,0,2.2999999999999994,-0.5,0.2724892510874564
2019-03-25,100000.0,100000.0,0,1.6499999999999995,0.4999999999999998,0.17498700180755836
2019-03-26,100000.0,100000.0,0,2.0499999999999994,0.8999999999999997,0.20323655826942377
2019-03-27,100000.0,100000.0,0,2.0499999999999994,0.8999999999999997,0.19562584992947482
2019-03-28,100000.0,100000.0,0,-0.5,0.7999999999999998,0.19176405457134782
2019-03-29,100000.0,100000.0,0,1.9499999999999993,0.7999999999999998,0.18583531909113707
2019-04-01,100000.0,100000.0,0,-0.5,2.499999999999999,0.1860526353231978
2019-04-02,100000.0,100000.0,0,-0.5,2.3999999999999995,0.18415190807171747
2019-04-03,100000.0,100000.0,0,0.8499999999999996,-0.5,0.16885927317860286
2019-04-04,100000.0,100000.0,0,0.8499999999999996,-0.5,0.16502998394092835
2019-04-05,100000.0,100000.0,0,1.0999999999999996,-0.5,0.1585712314158342
2019-04-08,100000.0,100000.0,0,1.0999999999999996,-0.5,0.1480027003949912
2019-04-09,100000.0,100000.0,0,0.6999999999999997,0.5999999999999996,0.17272936863052055
2019-04-10,100000.0,100000.0,0,0.5999999999999996,0.7999999999999998,0.14799582329354607
2019-04-11,100000.0,100000.0,0,0.5499999999999998,0.44999999999999973,0.16270397661667085
2019-04-12,100000.0,100000.0,0,-0.5,0.5499999999999998,0.14887536777958865
2019-04-15,100000.0,100000.0,0,1.1999999999999997,0.9999999999999996,0.1497061727509091
2019-04-16,100000.0,100000.0,0,1.1499999999999997,0.9999999999999996,0.15739512124077584
2019-04-17,100000.0,100000.0,0,-0.5,0.44999999999999973,0.17071721665444253
2019-04-18,100000.0,100000.0,0,0.5999999999999996,0.5999999999999996,0.161003337473131
2019-04-22,100000.0,100000.0,0,-0.5,0.6999999999999997,0.14685892741292098
2019-04-23,100000.0,100000.0,0,-0.5,1.1999999999999997,0.15193457281770886
2019-04-24,100000.0,100000.0,0,-0.5,-0.5,0.1731687138391896
2019-04-25,100000.0,100000.0,0,0.9999999999999996,0.5499999999999998,0.16198285220228872
2019-04-26,100000.0,100000.0,0,1.1999999999999997,0.4999999999999998,0.15723319593145416
2019-04-29,100000.0,100000.0,0,1.6999999999999993,-0.5,0.15363580991201944
2019-04-30,100000.0,100000.0,0,1.6999999999999993,0.4999999999999998,0.15796127720400815
2019-05-01,100000.0,100000.0,0,-0.5,0.8499999999999996,0.18596154113657767
2019-05-02,100000.0,100000.0,0,-0.5,0.8499999999999996,0.17885623240999202
2019-05-03,100000.0,100000.0,0,1.8999999999999995,1.8999999999999995,0.14921516198059873
2019-05-06,100000.0,100000.0,0,1.8999999999999995,1.8999999999999995,0.16844557746168473
2019-05-07,100000.0,100000.0,0,-0.5,-0.5,0.18993103547213805
2019-05-08,100000.0,100000.0,0,1.1999999999999997,-0.5,0.17102784868167856
2019-05-09,100000.0,100000.0,0,1.6499999999999995,1.0499999999999996,0.20032518997645984
2019-05-10,100000.0,100000.0,0,2.1999999999999993,1.4499999999999995,0.20148437368322228
2019-05-13,100000.0,100000.0,0,2.499999999999999,-0.5,0.21101269189394944
2019-05-14,100000.0,100000.0,0,2.499999999999999,-0.5,0.21530740739037887
2019-05-15,100000.0,100000.0,0,2.1499999999999995,-0.5,0.19852160157864715
2019-05-16,100000.0,100000.0,0,1.3499999999999996,-0.5,0.2094471179415414
2019-05-17,100000.0,100000.0,0,1.0999999999999996,-0.5,0.24063696668207682
2019-05-20,100000.0,100000.0,0,1.0999999999999996,-0.5,0.2145412478293182
2019-05-21,100000.0,100000.0,0,2.1999999999999993,2.2999999999999994,0.20151267454606614
2019-05-22,100000.0,100000.0,0,2.1499999999999995,1.2999999999999996,0.2272813935506961
2019-05-23,100000.0,100000.0,0,2.4499999999999993,0.4999999999999998,0.1868132427375583
2019-05-24,100000.0,100000.0,0,-0.5,0.6499999999999997,0.23452459961521108
2019-05-28,100000.0,100000.0,0,2.2999999999999994,1.6499999999999995,0.27992079895971267
2019-05-29,100000.0,100000.0,0,-0.5,1.5999999999999996,0.1890002455926086
2019-05-30,100000.0,100000.0,0,2.349999999999999,1.6499999999999995,0.21199615066158306
2019-05-31,100000.0,100000.0,0,2.499999999999999,1.9999999999999996,0.19630868458758388
2019-06-03,100000.0,100000.0,0,1.9499999999999993,-0.5,0.20197256035430813
2019-06-04,100000.0,100000.0,0,1.9499999999999993,2.2499999999999996,0.1859845923443411
2019-06-05,100000.0,100000.0,0,0.6999999999999997,2.349999999999999,0.1947251593125531
2019-06-06,100000.0,100000.0,0,0.7999999999999998,2.4499999999999993,0.20078262188487006
2019-06-07,100000.0,100000.0,0,0.7499999999999998,-0.5,0.12490883020286188
2019-06-10,100000.0,100000.0,0,0.7499999999999998,-0.5,0.12358392317854887
2019-06-11,100000.0,100000.0,0,1.8499999999999996,1.8499999999999996,0.1475975664345919
2019-06-12,100000.0,100000.0,0,-0.5,1.9499999999999993,0.1449217150972496
2019-06-13,100000.0,100000.0,0,1.3499999999999996,1.7999999999999994,0.132025136159427
2019-06-14,100000.0,100000.0,0,1.3999999999999995,1.7499999999999996,0.1291848190007001
2019-06-17,100000.0,100000.0,0,0.4999999999999998,1.2499999999999996,0.13010045658418234
2019-06-18,100000.0,100000.0,0,0.6999999999999997,1.7499999999999996,0.1440211000548768
2019-06-19,100000.0,100000.0,0,0.6999999999999997,1.7499999999999996,0.1308305179212547
2019-06-20,100000.0,100000.0,0,0.6999999999999997,1.7499999999999996,0.14215242042668694
2019-06-21,100000.0,100000.0,0,0.6999999999999997,1.7499999999999996,0.14458998301237744
2019-06-24,100000.0,100000.0,0,0.6999999999999997,1.7499999999999996,0.13557765603793412
2019-06-25,100000.0,100000.0,0,-0.5,0.5999999999999996,0.16754364110924125
2019-06-26,100000.0,100000.0,0,2.4499999999999993,0.6999999999999997,0.15011098213306506
2019-06-27,100000.0,100000.0,0,2.499999999999999,0.5999999999999996,0.1233109969432664
2019-06-28,100000.0,100000.0,0,2.2999999999999994,0.7499999999999998,0.11808490465191002
2019-07-01,100000.0,100000.0,0,2.2999999999999994,0.7499999999999998,0.13407405503309094
2019-07-02,100000.0,100000.0,0,2.2999999999999994,0.7499999999999998,0.10234213411673591
2019-07-03,100000.0,100000.0,0,2.2999999999999994,0.7499999999999998,0.08996751967358314
2019-07-05,100000.0,100000.0,0,0.9499999999999997,2.349999999999999,0.11219676496929994
2019-07-08,100000.0,100000.0,0,1.1999999999999997,-0.5,0.10037294476341306
2019-07-09,100000.0,100000.0,0,1.1499999999999997,-0.5,0.1057044406474719
2019-07-10,100000.0,100000.0,0,-0.5,0.9499999999999997,0.113941410366729
2019-07-11,100000.0,100000.0,0,1.0999999999999996,0.9999999999999996,0.12966079618956053
2019-07-12,100000.0,100000.0,0,0.9499999999999997,0.8999999999999997,0.10483178869131336
2019-07-15,100000.0,100000.0,0,0.9499999999999997,0.8999999999999997,0.09058745812821635
2019-07-16,100000.0,100000.0,0,1.1999999999999997,0.6499999999999997,0.13321050057526165
2019-07-17,100000.0,100000.0,0,1.5499999999999994,0.44999999999999973,0.1638616605383113
2019-07-18,100000.0,100000.0,0,1.6499999999999995,-0.5,0.09991075608214119
2019-07-19,100000.0,100000.0,0,1.6999999999999993,-0.5,0.1683869672139159
2019-07-22,100000.0,100000.0,0,1.6999999999999993,-0.5,0.09876804768628016
2019-07-23,100000.0,100000.0,0,0.9499999999999997,1.8499999999999996,0.09981861043607025
2019-07-24,100000.0,100000.0,0,0.8499999999999996,1.7999999999999994,0.09312509231957923
2019-07-25,100000.0,100000.0,0,0.9499999999999997,2.1499999999999995,0.15199999173950915
2019-07-26,100000.0,100000.0,0,1.1499999999999997,2.0999999999999996,0.10052874235010222
2019-07-29,100000.0,100000.0,0,1.1499999999999997,1.0499999999999996,0.1412854603940511
2019-07-30,100000.0,100000.0,0,1.8499999999999996,1.2499999999999996,0.1541527019669475
2019-07-31,100000.0,100000.0,0,1.8499999999999996,1.2999999999999996,0.2456754921882177
2019-08-01,100000.0,100000.0,0,2.499999999999999,1.1999999999999997,0.2666106403871819
2019-08-02,100000.0,100000.0,0,2.499999999999999,0.4999999999999998,0.26884586776602803
2019-08-05,100000.0,100000.0,0,2.3999999999999995,-0.5,0.32246036957801527
2019-08-06,100000.0,100000.0,0,2.499999999999999,-0.5,0.2695114888039516
2019-08-07,100000.0,100000.0,0,2.1999999999999993,-0.5,0.24623282433147411
2019-08-08,100000.0,100000.0,0,2.0499999999999994,-0.5,0.2441575662440073
2019-08-09,100000.0,100000.0,0,2.2999999999999994,-0.5,0.27639140930920586
2019-08-12,100000.0,100000.0,0,2.2999999999999994,1.6499999999999995,0.3333273745517232
2019-08-13,100000.0,100000.0,0,2.4499999999999993,1.4499999999999995,0.12199119371138517
2019-08-14,100000.0,100000.0,0,2.3999999999999995,0.9999999999999996,0.2351172467747139
2019-08-15,100000.0,100000.0,0,2.499999999999999,-0.5,0.15980714733255355
2019-08-16,100000.0,100000.0,0,2.4499999999999993,2.0999999999999996,0.14485807074202584
2019-08-19,100000.0,100000.0,0,2.4499999999999993,2.0999999999999996,0.15495288623817474
2019-08-20,100000.0,100000.0,0,1.6499999999999995,-0.5,0.2264109266317141
2019-08-21,100000.0,100000.0,0,1.5499999999999994,-0.5,0.14444085569430912
2019-08-22,100000.0,100000.0,0,1.1499999999999997,-0.5,0.15850787088661591
2019-08-23,100000.0,100000.0,0,0.8499999999999996,-0.5,0.27594273207041037
2019-08-26,100000.0,100000.0,0,2.4499999999999993,-0.5,0.12347271591938214
2019-08-27,100000.0,100000.0,0,2.1999999999999993,-0.5,0.19242680945162638
2019-08-28,100000.0,100000.0,0,2.1499999999999995,-0.5,0.14105517646887908
2019-08-29,100000.0,100000.0,0,1.0999999999999996,-0.5,0.1602109690313104
2019-08-30,100000.0,100000.0,0,1.0999999999999996,-0.5,0.19910049129102844
2019-09-03,100000.0,100000.0,0,2.2999999999999994,2.2499999999999996,0.1550784288961146
2019-09-04,100000.0,100000.0,0,2.2999999999999994,2.1999999999999993,0.13342837263368923
2019-09-05,100000.0,100000.0,0,2.2999999999999994,2.1999999999999993,0.17190582657790085
2019-09-06,100000.0,100000.0,0,2.2999999999999994,2.1999999999999993,0.18428948335951034
2019-09-09,100000.0,100000.0,0,2.2499999999999996,-0.5,0.2003807571068166
2019-09-10,100000.0,100000.0,0,2.4499999999999993,-0.5,0.14433891871001434
2019-09-11,100000.0,100000.0,0,2.1999999999999993,-0.5,0.13324649585978565
2019-09-12,100000.0,100000.0,0,2.1999999999999993,-0.5,0.206024627396084
2019-09-13,100000.0,100000.0,0,2.2999999999999994,2.4499999999999993,0.19866039277990152
2019-09-16,100000.0,100000.0,0,1.8999999999999995,0.8499999999999996,0.14634574409253498
2019-09-17,100000.0,100000.0,0,2.3999999999999995,1.4499999999999995,0.12708440690747833
2019-09-18,100000.0,100000.0,0,1.9499999999999993,0.9499999999999997,0.13862166549622743
2019-09-19,100000.0,100000.0,0,2.1999999999999993,1.8999999999999995,0.17254465609516298
2019-09-20,100000.0,100000.0,0,2.0499999999999994,1.6499999999999995,0.227334365759678
2019-09-23,100000.0,100000.0,0,1.9499999999999993,1.3499999999999996,0.13859847646286536
2019-09-24,100000.0,100000.0,0,2.1999999999999993,-0.5,0.2500901818819508
2019-09-25,100000.0,100000.0,0,2.1499999999999995,1.4999999999999996,0.12711964740297846
2019-09-26,100000.0,100000.0,0,1.1999999999999997,0.7499999999999998,0.12116741213608502
2019-09-27,100000.0,100000.0,0,1.5999999999999996,0.7499999999999998,0.17889940017350267
2019-09-30,100000.0,100000.0,0,1.2499999999999996,1.7999999999999994,0.09604870756909885
2019-10-01,100000.0,100000.0,0,1.2999999999999996,2.349999999999999,0.19108372277612515
2019-10-02,100000.0,100000.0,0,1.4999999999999996,1.9999999999999996,0.1681170425446965
2019-10-03,100000.0,100000.0,0,2.349999999999999,-0.5,0.21604141623361492
2019-10-04,100000.0,100000.0,0,-0.5,1.9499999999999993,0.22306865125935324
2019-10-07,100000.0,100000.0,0,-0.5,1.9499999999999993,0.35653088867433874
2019-10-08,100000.0,100000.0,0,2.4499999999999993,-0.5,0.4443980426636039
2019-10-09,100000.0,100000.0,0,2.499999999999999,-0.5,0.29909699844316634
2019-10-10,100000.0,100000.0,0,2.499999999999999,-0.5,0.2471896657431866
2019-10-11,100000.0,100000.0,0,0.8999999999999997,-0.5,0.17282159662885124
2019-10-14,100000.0,100000.0,0,1.6999999999999993,2.499999999999999,0.14802022805987208
2019-10-15,100000.0,100000.0,0,-0.5,2.4499999999999993,0.1291934314606251
2019-10-16,100000.0,100000.0,0,0.9499999999999997,-0.5,0.14400666527177744
2019-10-17,100000.0,100000.0,0,-0.5,-0.5,0.16554950454405826
2019-10-18,100000.0,100000.0,0,2.3999999999999995,-0.5,0.1835200079817643
2019-10-21,100000.0,100000.0,0,2.3999999999999995,-0.5,0.11805426849799183
2019-10-22,100000.0,100000.0,0,2.3999999999999995,-0.5,0.23938540451023052
2019-10-23,100000.0,100000.0,0,1.1999999999999997,1.0999999999999996,0.11083888886962485
2019-10-24,100000.0,100000.0,0,-0.5,2.1499999999999995,0.12888654226494134
2019-10-25,100000.0,100000.0,0,-0.5,2.1499999999999995,0.12387257628362891
2019-10-28,100000.0,100000.0,0,-0.5,2.1499999999999995,0.1481671504923021
2019-10-29,100000.0,100000.0,0,-0.5,1.9999999999999996,0.2212055819254887
2019-10-30,100000.0,100000.0,0,-0.5,2.349999999999999,0.13931766798906875
2019-10-31,100000.0,100000.0,0,1.7999999999999994,2.4499999999999993,0.19084717875799426
2019-11-01,100000.0,100000.0,0,1.7999999999999994,2.3999999999999995,0.114915635145223
2019-11-04,100000.0,100000.0,0,-0.5,1.5499999999999994,0.16129982333681886
2019-11-05,100000.0,100000.0,0,-0.5,1.5499999999999994,0.18113722265485568
2019-11-06,100000.0,100000.0,0,-0.5,1.5499999999999994,0.131661713428341
2019-11-07,100000.0,100000.0,0,-0.5,1.5499999999999994,0.22374554663637639
2019-11-08,100000.0,100000.0,0,1.9499999999999993,0.9999999999999996,0.11525920968818493
2019-11-11,100000.0,100000.0,0,0.8999999999999997,0.8999999999999997,0.09907164001896114
2019-11-12,100000.0,100000.0,0,0.9999999999999996,0.9499999999999997,0.15987189046514885
2019-11-13,100000.0,100000.0,0,0.9499999999999997,0.8499999999999996,0.12003935398128907
2019-11-14,100000.0,100000.0,0,0.9999999999999996,0.9499999999999997,0.11572969218323596
2019-11-15,100000.0,100000.0,0,-0.5,1.0999999999999996,0.09750431898882374
2019-11-18,100000.0,100000.0,0,-0.5,-0.5,0.11610333166195745
2019-11-19,100000.0,100000.0,0,1.1499999999999997,1.3999999999999995,0.16423455839296053
2019-11-20,100000.0,100000.0,0,1.2999999999999996,-0.5,0.1641293639951102
2019-11-21,100000.0,100000.0,0,1.0999999999999996,-0.5,0.1312896236444588
2019-11-22,100000.0,100000.0,0,0.9499999999999997,0.7499999999999998,0.1201412270062452
2019-11-25,100000.0,100000.0,0,0.9499999999999997,0.7499999999999998,0.0993234095326357
2019-11-26,100000.0,100000.0,0,0.9499999999999997,0.7499999999999998,0.10930634610719703
2019-11-27,100000.0,100000.0,0,0.9499999999999997,0.7499999999999998,0.11993378038482021
2019-11-29,100000.0,100000.0,0,0.9999999999999996,-0.5,0.18289566066221563
2019-12-02,100000.0,100000.0,0,0.9999999999999996,-0.5,0.27463289868469076
2019-12-03,100000.0,100000.0,0,2.2999999999999994,1.3499999999999996,0.14742226726770155
2019-12-04,100000.0,100000.0,0,2.349999999999999,1.2999999999999996,0.13711724965361655
2019-12-05,100000.0,100000.0,0,1.6999999999999993,1.1499999999999997,0.12401112560855047
2019-12-06,100000.0,100000.0,0,1.8499999999999996,1.4999999999999996,0.11461513496729726
2019-12-09,100000.0,100000.0,0,1.0499999999999996,1.0499999999999996,0.26139375899806877
2019-12-10,100000.0,100000.0,0,0.8999999999999997,1.3499999999999996,0.16566599679609795
2019-12-11,100000.0,100000.0,0,0.9499999999999997,1.3499999999999996,0.10007258434473128
2019-12-12,100000.0,100000.0,0,-0.5,-0.5,0.14211195309153893
2019-12-13,100000.0,100000.0,0,-0.5,-0.5,0.13828910544692438
2019-12-16,100000.0,100000.0,0,1.4999999999999996,-0.5,0.1309057315223349
2019-12-17,100000.0,100000.0,0,-0.5,-0.5,0.154456439078857
2019-12-18,100000.0,100000.0,0,-0.5,-0.5,0.19894581271369158
2019-12-19,100000.0,100000.0,0,0.9499999999999997,1.3999999999999995,0.10649268327512622
2019-12-20,100000.0,100000.0,0,0.9499999999999997,1.3499999999999996,0.19915469942678468
2019-12-23,100000.0,100000.0,0,0.9499999999999997,1.3499999999999996,0.16073375205181661
2019-12-24,100000.0,100000.0,0,0.9499999999999997,1.3499999999999996,0.1270830630251852
2019-12-26,100000.0,100000.0,0,0.9499999999999997,1.3499999999999996,0.14746221920445313
2019-12-27,100000.0,100000.0,0,0.9499999999999997,1.3499999999999996,0.23484071705571283
2019-12-30,100000.0,100000.0,0,1.5999999999999996,0.4999999999999998,0.2575072198889288
2019-12-31,100000.0,100000.0,0,1.6499999999999995,0.3999999999999998,0.12076096938339802
2020-01-02,100000.0,100000.0,0,1.6499999999999995,0.3999999999999998,0.1294899292538346
2020-01-03,100000.0,100000.0,0,1.6499999999999995,0.3999999999999998,0.17500846203327305
2020-01-06,100000.0,100000.0,0,1.6499999999999995,0.3999999999999998,0.13675088826249307
2020-01-07,100000.0,100000.0,0,1.9999999999999996,1.9499999999999993,0.17428650749701982
2020-01-08,100000.0,100000.0,0,2.4499999999999993,1.8999999999999995,0.16277854443267598
2020-01-09,100000.0,100000.0,0,-0.5,1.7499999999999996,0.1431093726118924
2020-01-10,100000.0,100000.0,0,1.9499999999999993,1.5999999999999996,0.23712431775065554
2020-01-13,100000.0,100000.0,0,1.5999999999999996,0.8499999999999996,0.11668496100419029
2020-01-14,100000.0,100000.0,0,1.9999999999999996,-0.5,0.18958891410658033
2020-01-15,100000.0,100000.0,0,1.9999999999999996,0.24999999999999978,0.19666908836436423
2020-01-16,100000.0,100000.0,0,1.7499999999999996,0.3999999999999998,0.1546432802252308
2020-01-17,100000.0,100000.0,0,1.7499999999999996,0.3999999999999998,0.14214951857313685
2020-01-21,100000.0,100000.0,0,1.7499999999999996,0.3999999999999998,0.1543571072717769
2020-01-22,100000.0,100000.0,0,1.7499999999999996,0.3999999999999998,0.25976953127615454
2020-01-23,100000.0,100000.0,0,1.9999999999999996,0.7999999999999998,0.12416139167985225
2020-01-24,100000.0,100000.0,0,1.9999999999999996,1.1499999999999997,0.32045532455328857
2020-01-27,100000.0,100000.0,0,1.8499999999999996,0.6499999999999997,0.1801408783654986
2020-01-28,100000.0,100000.0,0,1.6999999999999993,0.5999999999999996,0.17296947321337874
2020-01-29,100000.0,100000.0,0,1.6999999999999993,0.5999999999999996,0.25195536750674924
2020-01-30,100000.0,100000.0,0,2.2499999999999996,1.9999999999999996,0.12332927057582428
2020-01-31,100000.0,100000.0,0,2.2999999999999994,1.7499999999999996,0.3323522508815115
2020-02-03,100000.0,100000.0,0,0.7999999999999998,1.7499999999999996,0.1610492199813313
2020-02-04,100000.0,100000.0,0,0.7999999999999998,1.7499999999999996,0.20281998930692247
2020-02-05,100000.0,100000.0,0,0.8999999999999997,-0.5,0.21133302563828749
2020-02-06,100000.0,100000.0,0,0.9999999999999996,-0.5,0.14398867969191428
2020-02-07,100000.0,100000.0,0,0.9499999999999997,-0.5,0.21582789146455883
2020-02-10,100000.0,100000.0,0,0.9499999999999997,-0.5,0.13540452007280704
2020-02-11,100000.0,100000.0,0,-0.5,0.8499999999999996,0.29442652717232326
2020-02-12,100000.0,100000.0,0,-0.5,0.8999999999999997,0.1324151929577049
2020-02-13,100000.0,100000.0,0,-0.5,0.8999999999999997,0.1611533938227032
2020-02-14,100000.0,100000.0,0,-0.5,0.8999999999999997,0.1564755355232965
2020-02-18,100000.0,100000.0,0,-0.5,0.8999999999999997,0.1278716717616106
2020-02-19,100000.0,100000.0,0,-0.5,0.8999999999999997,0.1441316344745128
2020-02-20,100000.0,100000.0,0,1.9999999999999996,-0.5,0.2345320999630355
2020-02-21,100000.0,100000.0,0,2.1499999999999995,-0.5,0.24355941882089185
2020-02-24,100000.0,100000.0,0,-0.5,-0.5,0.20406351816992918
2020-02-25,100000.0,100000.0,0,-0.5,-0.5,0.6895485646505456
2020-02-26,100000.0,100000.0,0,-0.5,-0.5,0.5439097970454344
2020-02-27,100000.0,100000.0,0,-0.5,2.3999999999999995,0.6592928306724951
2020-02-28,100000.0,100000.0,0,-0.5,1.9999999999999996,0.28783010590288577
2020-03-02,100000.0,100000.0,0,-0.5,-0.5,0.45302000451791097
2020-03-03,100000.0,100000.0,0,1.4999999999999996,-0.5,0.6354789306939065
2020-03-04,100000.0,100000.0,0,1.9499999999999993,-0.5,0.38805287568121144
2020-03-05,100000.0,100000.0,0,1.9499999999999993,-0.5,0.5127025456079292
2020-03-06,100000.0,100000.0,0,1.0999999999999996,-0.5,0.3305132480876435
2020-03-09,100000.0,100000.0,0,-0.5,2.3999999999999995,0.554544247100601
2020-03-10,100000.0,100000.0,0,-0.5,2.499999999999999,0.4841052465739019
2020-03-11,100000.0,100000.0,0,-0.5,-0.5,0.5452391394088839
2020-03-12,100000.0,100000.0,0,-0.5,-0.5,0.6305945422262256
2020-03-13,100000.0,100000.0,0,-0.5,-0.5,0.5415897794527073
2020-03-16,100000.0,100000.0,0,-0.5,-0.5,0.7047700593116085
2020-03-17,100000.0,100000.0,0,-0.5,-0.5,0.5544857499953945
2020-03-18,100000.0,100000.0,0,-0.5,-0.5,0.4967955874707113
2020-03-19,100000.0,100000.0,0,-0.5,-0.5,0.4897458535414021
2020-03-20,100000.0,100000.0,0,-0.5,-0.5,0.6847131431480653
2020-03-23,100000.0,100000.0,0,-0.5,-0.5,0.33937310989181935
2020-03-24,100000.0,100000.0,0,-0.5,-0.5,0.25234541965687923
2020-03-25,100000.0,100000.0,0,-0.5,-0.5,0.3195640728341946
2020-03-26,100000.0,100000.0,0,-0.5,-0.5,0.26525479507423994
2020-03-27,100000.0,100000.0,0,-0.5,-0.5,0.3420424270798073
2020-03-30,100000.0,100000.0,0,-0.5,-0.5,0.2412102791367109
2020-03-31,100000.0,100000.0,0,-0.5,-0.5,0.1625263610983934
2020-04-01,100000.0,100000.0,0,-0.5,-0.5,0.1742279432080677
2020-04-02,100000.0,100000.0,0,-0.5,-0.5,0.14732239011967305
2020-04-03,100000.0,100000.0,0,-0.5,-0.5,0.1584022895262547
2020-04-06,100000.0,100000.0,0,2.1999999999999993,-0.5,0.19300578751240818
2020-04-07,100000.0,100000.0,0,1.9999999999999996,-0.5,0.2666542433563653
2020-04-08,100000.0,100000.0,0,-0.5,-0.5,0.1461461370382847
2020-04-09,100000.0,100000.0,0,1.4499999999999995,-0.5,0.16495284385756695
2020-04-13,100000.0,100000.0,0,1.4499999999999995,-0.5,0.12014757612595166
2020-04-14,100000.0,100000.0,0,1.4499999999999995,-0.5,0.15903833215638163
2020-04-15,100000.0,100000.0,0,-0.5,2.0499999999999994,0.20338216840168352
2020-04-16,100000.0,100000.0,0,-0.5,2.0499999999999994,0.1605180558483746
2020-04-17,100000.0,100000.0,0,-0.5,2.2499999999999996,0.16515515352346036
2020-04-20,100000.0,100000.0,0,-0.5,-0.5,0.31293874731622134
2020-04-21,100000.0,100000.0,0,-0.5,1.5999999999999996,0.22632789806418355
2020-04-22,100000.0,100000.0,0,-0.5,2.0999999999999996,0.13858687543910533
2020-04-23,100000.0,100000.0,0,-0.5,2.499999999999999,0.23278954376787045
2020-04-24,100000.0,100000.0,0,-0.5,2.499999999999999,0.11058653036641426
2020-04-27,100000.0,100000.0,0,0.8999999999999997,-0.5,0.1399149817722706
2020-04-28,100000.0,100000.0,0,1.9999999999999996,-0.5,0.23488166082147113
2020-04-29,100000.0,100000.0,0,1.8499999999999996,-0.5,0.16384249296380024
2020-04-30,100000.0,100000.0,0,0.3999999999999998,-0.5,0.18806617731220596
2020-05-01,100000.0,100000.0,0,1.0999999999999996,-0.5,0.17958605804894093
2020-05-04,100000.0,100000.0,0,-0.5,2.499999999999999,0.13441420511758162
2020-05-05,100000.0,100000.0,0,-0.5,2.0999999999999996,0.20096932185754665
2020-05-06,100000.0,100000.0,0,-0.5,-0.5,0.20051837587274832
2020-05-07,100000.0,100000.0,0,-0.5,-0.5,0.17459801234505323
2020-05-08,100000.0,100000.0,0,-0.5,-0.5,0.13528331144566616
2020-05-11,100000.0,100000.0,0,-0.5,-0.5,0.1571347421664267
2020-05-12,100000.0,100000.0,0,2.499999999999999,-0.5,0.29329407348715075
2020-05-13,100000.0,100000.0,0,2.4499999999999993,0.8999999999999997,0.22816357406431867
2020-05-14,100000.0,100000.0,0,-0.5,1.3999999999999995,0.135750862194423
2020-05-15,100000.0,100000.0,0,2.499999999999999,2.4499999999999993,0.1384489460561421
2020-05-18,100000.0,100000.0,0,2.499999999999999,2.4499999999999993,0.18140164090201982
2020-05-19,100000.0,100000.0,0,1.4999999999999996,-0.5,0.2615347793526814
2020-05-20,100000.0,100000.0,0,-0.5,-0.5,0.1436507685286825
2020-05-21,100000.0,100000.0,0,-0.5,-0.5,0.23350276054312355
2020-05-22,100000.0,100000.0,0,-0.5,-0.5,0.1299976544524257
2020-05-26,100000.0,100000.0,0,2.3999999999999995,-0.5,0.24124444811145693
2020-05-27,100000.0,100000.0,0,2.2999999999999994,2.4499999999999993,0.16956696392307768
2020-05-28,100000.0,100000.0,0,2.0999999999999996,2.2499999999999996,0.21609672358167206
2020-05-29,100000.0,100000.0,0,1.6999999999999993,2.2999999999999994,0.14677271077680595
2020-06-01,100000.0,100000.0,0,0.5999999999999996,-0.5,0.1406177918127314
2020-06-02,100000.0,100000.0,0,0.8999999999999997,2.2499999999999996,0.1403913101073679
2020-06-03,100000.0,100000.0,0,0.7499999999999998,2.4499999999999993,0.16031812695460976
2020-06-04,100000.0,100000.0,0,0.6999999999999997,2.499999999999999,0.16829652794828953
2020-06-05,100000.0,100000.0,0,0.8499999999999996,2.499999999999999,0.13506011551476452
2020-06-08,100000.0,100000.0,0,2.1499999999999995,2.1499999999999995,0.13322695160673537
2020-06-09,100000.0,100000.0,0,2.2499999999999996,2.4499999999999993,0.15438888350201715
2020-06-10,100000.0,100000.0,0,2.2499999999999996,2.4499999999999993,0.15773570648073873
2020-06-11,100000.0,100000.0,0,2.349999999999999,-0.5,0.31314159222565247
2020-06-12,100000.0,100000.0,0,2.349999999999999,-0.5,0.1702873501937753
2020-06-15,100000.0,100000.0,0,2.349999999999999,-0.5,0.11101326628392187
2020-06-16,100000.0,100000.0,0,2.1999999999999993,-0.5,0.1389167328798821
2020-06-17,100000.0,100000.0,0,2.349999999999999,-0.5,0.15069308481992402
2020-06-18,100000.0,100000.0,0,2.1499999999999995,-0.5,0.10565260003706317
2020-06-19,100000.0,100000.0,0,2.2999999999999994,-0.5,0.19533969447930524
2020-06-22,100000.0,100000.0,0,1.5999999999999996,-0.5,0.09814047759129522
2020-06-23,100000.0,100000.0,0,-0.5,2.499999999999999,0.17801534729285862
2020-06-24,100000.0,100000.0,0,2.4499999999999993,-0.5,0.19334025259733614
2020-06-25,100000.0,100000.0,0,-0.5,2.3999999999999995,0.11426533331639692
2020-06-26,100000.0,100000.0,0,-0.5,2.499999999999999,0.2058930673190197
2020-06-29,100000.0,100000.0,0,-0.5,2.499999999999999,0.20633403300894093
2020-06-30,100000.0,100000.0,0,1.4499999999999995,2.1999999999999993,0.2454433228471495
2020-07-01,100000.0,100000.0,0,1.3499999999999996,2.3999999999999995,0.25406173343051913
2020-07-02,100000.0,100000.0,0,-0.5,-0.5,0.37155656331768755
2020-07-06,100000.0,100000.0,0,-0.5,-0.5,0.1503477321850006
2020-07-07,100000.0,100000.0,0,-0.5,-0.5,0.21727794213104712
2020-07-08,100000.0,100000.0,0,-0.5,0.7499999999999998,0.1195585215134231
2020-07-09,100000.0,100000.0,0,-0.5,1.9499999999999993,0.1461601474594104
2020-07-10,100000.0,100000.0,0,-0.5,1.9499999999999993,0.12438266674813873
2020-07-13,100000.0,100000.0,0,2.499999999999999,-0.5,0.3416894037097192
2020-07-14,100000.0,100000.0,0,2.3999999999999995,-0.5,0.14059689584077154
2020-07-15,100000.0,100000.0,0,2.349999999999999,1.3499999999999996,0.15559957765713894
2020-07-16,100000.0,100000.0,0,2.2999999999999994,1.1999999999999997,0.1368230941402447
2020-07-17,100000.0,100000.0,0,2.4499999999999993,0.8499999999999996,0.1309146269159637
2020-07-20,100000.0,100000.0,0,2.4499999999999993,0.8499999999999996,0.1447925989881193
2020-07-21,100000.0,100000.0,0,1.4999999999999996,-0.5,0.23041255510713396
2020-07-22,100000.0,100000.0,0,2.499999999999999,-0.5,0.1321637161540559
2020-07-23,100000.0,100000.0,0,2.2499999999999996,-0.5,0.24144165684770066
2020-07-24,100000.0,100000.0,0,2.3999999999999995,-0.5,0.1159085173934991
2020-07-27,100000.0,100000.0,0,2.3999999999999995,-0.5,0.11472398440288417
2020-07-28,100000.0,100000.0,0,1.7999999999999994,-0.5,0.2008587325795285
2020-07-29,100000.0,100000.0,0,1.6999999999999993,0.9999999999999996,0.12512654623233052
2020-07-30,100000.0,100000.0,0,0.7499999999999998,2.3999999999999995,0.1155320514494933
2020-07-31,100000.0,100000.0,0,0.5999999999999996,2.2499999999999996,0.1310441014758086
2020-08-03,100000.0,100000.0,0,0.5999999999999996,2.2499999999999996,0.153447709613347
2020-08-04,100000.0,100000.0,0,1.2499999999999996,-0.5,0.125538209694139
2020-08-05,100000.0,100000.0,0,1.4999999999999996,-0.5,0.12422844954051375
2020-08-06,100000.0,100000.0,0,1.1999999999999997,-0.5,0.15588504971951941
2020-08-07,100000.0,100000.0,0,1.4999999999999996,-0.5,0.16631619230051142
2020-08-10,100000.0,100000.0,0,2.2499999999999996,1.4999999999999996,0.1514098083650831
2020-08-11,100000.0,100000.0,0,1.8999999999999995,2.2499999999999996,0.24391022059145104
2020-08-12,100000.0,100000.0,0,-0.5,1.7499999999999996,0.15418752819141537
2020-08-13,100000.0,100000.0,0,-0.5,1.7499999999999996,0.17838167773030222
2020-08-14,100000.0,100000.0,0,-0.5,1.6499999999999995,0.15364004488518979
2020-08-17,100000.0,100000.0,0,-0.5,1.6499999999999995,0.12643614280452112
2020-08-18,100000.0,100000.0,0,-0.5,1.6499999999999995,0.13799249566058222
2020-08-19,100000.0,100000.0,0,2.0999999999999996,-0.5,0.22494985256771893
2020-08-20,100000.0,100000.0,0,1.9999999999999996,1.3999999999999995,0.139489393754104
2020-08-21,100000.0,100000.0,0,1.2499999999999996,0.8499999999999996,0.13855461387619014
2020-08-24,100000.0,100000.0,0,1.2499999999999996,0.8499999999999996,0.20069653495629847
2020-08-25,100000.0,100000.0,0,2.2499999999999996,1.6999999999999993,0.14136479610214014
2020-08-26,100000.0,100000.0,0,2.2499999999999996,1.8999999999999995,0.20664635538574336
2020-08-27,100000.0,100000.0,0,-0.5,1.1499999999999997,0.22120531729854873
2020-08-28,100000.0,100000.0,0,2.2999999999999994,1.2499999999999996,0.15237796133775725
2020-08-31,100000.0,100000.0,0,2.2999999999999994,1.2499999999999996,0.23968422194825037
2020-09-01,100000.0,100000.0,0,-0.5,2.2999999999999994,0.17522741820840912
2020-09-02,100000.0,100000.0,0,-0.5,2.2999999999999994,0.2038162094045486
2020-09-03,100000.0,100000.0,0,-0.5,-0.5,0.3355716213710654
2020-09-04,100000.0,100000.0,0,-0.5,-0.5,0.1996607722352071
2020-09-08,100000.0,100000.0,0,-0.5,-0.5,0.1753934180280672
2020-09-09,100000.0,100000.0,0,-0.5,-0.5,0.1437519086355835
2020-09-10,100000.0,100000.0,0,-0.5,-0.5,0.22004766762719294
2020-09-11,100000.0,100000.0,0,2.499999999999999,-0.5,0.15006878385533298
2020-09-14,100000.0,100000.0,0,2.2999999999999994,-0.5,0.14740414399087431
2020-09-15,100000.0,100000.0,0,2.4499999999999993,-0.5,0.14682505402336551
2020-09-16,100000.0,100000.0,0,2.3999999999999995,-0.5,0.19841187694131604
2020-09-17,100000.0,100000.0,0,2.2999999999999994,-0.5,0.12491294897734968
2020-09-18,100000.0,100000.0,0,1.6499999999999995,-0.5,0.1477521641214953
2020-09-21,100000.0,100000.0,0,2.2999999999999994,-0.5,0.12042992867172331
2020-09-22,100000.0,100000.0,0,1.8499999999999996,-0.5,0.13662566856715108
2020-09-23,100000.0,100000.0,0,1.7999999999999994,-0.5,0.20731149315399902
2020-09-24,100000.0,100000.0,0,2.2999999999999994,-0.5,0.14778716670886077
2020-09-25,100000.0,100000.0,0,2.0499999999999994,-0.5,0.14017766943206122
2020-09-28,100000.0,100000.0,0,2.0499999999999994,-0.5,0.15207479497915752
2020-09-29,100000.0,100000.0,0,-0.5,-0.5,0.1688899068193721
2020-09-30,100000.0,100000.0,0,-0.5,-0.5,0.18825423485993828
2020-10-01,100000.0,100000.0,0,1.8499999999999996,-0.5,0.1681427699022391
2020-10-02,100000.0,100000.0,0,2.2999999999999994,-0.5,0.226314460851141
2020-10-05,100000.0,100000.0,0,2.2999999999999994,-0.5,0.16312134015918114
2020-10-06,100000.0,100000.0,0,-0.5,2.4499999999999993,0.25705575268788905
2020-10-07,100000.0,100000.0,0,-0.5,2.4499999999999993,0.16720598968787395
2020-10-08,100000.0,100000.0,0,-0.5,2.4499999999999993,0.1974567446535799
2020-10-09,100000.0,100000.0,0,-0.5,2.4499999999999993,0.15826382175209855
2020-10-12,100000.0,100000.0,0,-0.5,2.4499999999999993,0.21703356455646175
2020-10-13,100000.0,100000.0,0,0.44999999999999973,-0.5,0.22465191442212537
2020-10-14,100000.0,100000.0,0,1.2999999999999996,1.9499999999999993,0.23940351258827
2020-10-15,100000.0,100000.0,0,1.5999999999999996,-0.5,0.16110255174449306
2020-10-16,100000.0,100000.0,0,0.9999999999999996,1.7999999999999994,0.26624588273963795
2020-10-19,100000.0,100000.0,0,2.349999999999999,2.1999999999999993,0.2749903571418206
2020-10-20,100000.0,100000.0,0,2.1999999999999993,1.4999999999999996,0.22663330711318727
2020-10-21,100000.0,100000.0,0,1.5499999999999994,1.0999999999999996,0.20586442129860294
2020-10-22,100000.0,100000.0,0,1.6499999999999995,1.0999999999999996,0.17383829651198393
2020-10-23,100000.0,100000.0,0,-0.5,1.1499999999999997,0.1425765160991789
2020-10-26,100000.0,100000.0,0,2.3999999999999995,-0.5,0.22546113553439362
2020-10-27,100000.0,100000.0,0,2.0999999999999996,2.4499999999999993,0.1760980696913519
2020-10-28,100000.0,100000.0,0,2.0999999999999996,-0.5,0.24355123567918416
2020-10-29,100000.0,100000.0,0,2.499999999999999,2.2499999999999996,0.18181393080057662
2020-10-30,100000.0,100000.0,0,1.7499999999999996,2.1999999999999993,0.18479780680810665
2020-11-02,100000.0,100000.0,0,1.8999999999999995,2.1999999999999993,0.17458562243137743
2020-11-03,100000.0,100000.0,0,1.2499999999999996,2.349999999999999,0.17586199965745933
2020-11-04,100000.0,100000.0,0,-0.5,2.4499999999999993,0.18124848068563706
2020-11-05,100000.0,100000.0,0,2.1499999999999995,-0.5,0.20233191796338187
2020-11-06,100000.0,100000.0,0,0.6999999999999997,-0.5,0.16188741729587885
2020-11-09,100000.0,100000.0,0,0.6999999999999997,-0.5,0.2882047709026411
2020-11-10,100000.0,100000.0,0,0.6999999999999997,-0.5,0.17644144186366784
2020-11-11,100000.0,100000.0,0,-0.5,-0.5,0.16535504127945222
2020-11-12,100000.0,100000.0,0,-0.5,-0.5,0.208074225328991
2020-11-13,100000.0,100000.0,0,-0.5,1.3999999999999995,0.15498557357553747
2020-11-16,100000.0,100000.0,0,-0.5,-0.5,0.1428410872890824
2020-11-17,100000.0,100000.0,0,-0.5,-0.5,0.17845620499174095
2020-11-18,100000.0,100000.0,0,-0.5,-0.5,0.22473600728327514
2020-11-19,100000.0,100000.0,0,-0.5,-0.5,0.13745478269270187
2020-11-20,100000.0,100000.0,0,-0.5,2.499999999999999,0.21445720769421936
2020-11-23,100000.0,100000.0,0,-0.5,2.499999999999999,0.15823459251642966
2020-11-24,100000.0,100000.0,0,-0.5,0.9499999999999997,0.15621280177541877
2020-11-25,100000.0,100000.0,0,1.3499999999999996,1.5999999999999996,0.15956672430806432
2020-11-27,100000.0,100000.0,0,1.3499999999999996,1.5999999999999996,0.19736547159275866
2020-11-30,100000.0,100000.0,0,2.499999999999999,-0.5,0.17115294279650317
2020-12-01,100000.0,100000.0,0,1.7999999999999994,-0.5,0.22383164543791004
2020-12-02,100000.0,100000.0,0,2.1999999999999993,-0.5,0.20804790362180647
2020-12-03,100000.0,100000.0,0,2.3999999999999995,-0.5,0.2030295401363222
2020-12-04,100000.0,100000.0,0,1.4999999999999996,-0.5,0.1762669524722056
2020-12-07,100000.0,100000.0,0,1.4999999999999996,-0.5,0.14277724208985643
2020-12-08,100000.0,100000.0,0,2.499999999999999,2.1499999999999995,0.15074877526147556
2020-12-09,100000.0,100000.0,0,2.499999999999999,1.0999999999999996,0.31964782804131336
2020-12-10,100000.0,100000.0,0,2.3999999999999995,-0.5,0.19440700445024858
2020-12-11,100000.0,100000.0,0,2.2999999999999994,-0.5,0.15647596066820377
2020-12-14,100000.0,100000.0,0,2.2999999999999994,-0.5,0.2370246255706132
2020-12-15,100000.0,100000.0,0,1.5999999999999996,2.499999999999999,0.13896554078551115
2020-12-16,100000.0,100000.0,0,-0.5,-0.5,0.14852032949801597
2020-12-17,100000.0,100000.0,0,-0.5,-0.5,0.14841271278687926
2020-12-18,100000.0,100000.0,0,1.2999999999999996,2.499999999999999,0.16264830034179142
2020-12-21,100000.0,100000.0,0,2.3999999999999995,1.9499999999999993,0.1650066550876733
2020-12-22,100000.0,100000.0,0,2.499999999999999,1.1499999999999997,0.16179217724765244
2020-12-23,100000.0,100000.0,0,1.0499999999999996,1.4499999999999995,0.22442551670314073
2020-12-24,100000.0,100000.0,0,1.3499999999999996,1.6999999999999993,0.13447521031207726
2020-12-28,100000.0,100000.0,0,1.3499999999999996,1.6999999999999993,0.1473418098528488
2020-12-29,100000.0,100000.0,0,-0.5,1.4499999999999995,0.19468664635363844
2020-12-30,100000.0,100000.0,0,1.2999999999999996,0.6999999999999997,0.19384523752000793
2020-12-31,100000.0,100000.0,0,1.2499999999999996,2.1499999999999995,0.17105819776280903
2021-01-04,100000.0,100000.0,0,1.6999999999999993,1.8999999999999995,0.2814032328273693
2021-01-05,100000.0,100000.0,0,1.8499999999999996,2.0999999999999996,0.14143512781900672
2021-01-06,100000.0,100000.0,0,0.8999999999999997,1.7999999999999994,0.22427812524667753
2021-01-07,100000.0,100000.0,0,0.8999999999999997,1.7999999999999994,0.14396573159425816
2021-01-08,100000.0,100000.0,0,0.8999999999999997,1.7999999999999994,0.13600138211336088
2021-01-11,100000.0,100000.0,0,2.499999999999999,2.349999999999999,0.20520882668574333
2021-01-12,100000.0,100000.0,0,2.499999999999999,2.499999999999999,0.16928144762633268
2021-01-13,100000.0,100000.0,0,2.1999999999999993,-0.5,0.15062131003692136
2021-01-14,100000.0,100000.0,0,2.4499999999999993,-0.5,0.23405401767633838
2021-01-15,100000.0,100000.0,0,1.6499999999999995,-0.5,0.2012721034816668
2021-01-19,100000.0,100000.0,0,1.6499999999999995,-0.5,0.16192479895299083
2021-01-20,100000.0,100000.0,0,1.6499999999999995,-0.5,0.1662472031077764
2021-01-21,100000.0,100000.0,0,1.6499999999999995,-0.5,0.15413641378587983
2021-01-22,100000.0,100000.0,0,0.9999999999999996,1.8999999999999995,0.18144292965656927
2021-01-25,100000.0,100000.0,0,-0.5,1.7999999999999994,0.19306931513049141
2021-01-26,100000.0,100000.0,0,-0.5,0.7999999999999998,0.18231671525628357
2021-01-27,100000.0,100000.0,0,-0.5,0.9499999999999997,0.31514476110485307
2021-01-28,100000.0,100000.0,0,-0.5,-0.5,0.23037841718193888
2021-01-29,100000.0,100000.0,0,-0.5,0.3999999999999998,0.22319793550023867
2021-02-01,100000.0,100000.0,0,-0.5,0.3999999999999998,0.17441316213004945
2021-02-02,100000.0,100000.0,0,-0.5,-0.5,0.16828073308438007
2021-02-03,100000.0,100000.0,0,1.6499999999999995,-0.5,0.22105740135745008
2021-02-04,100000.0,100000.0,0,1.9999999999999996,-0.5,0.14070317103758234
2021-02-05,100000.0,100000.0,0,1.2499999999999996,-0.5,0.15783527086742755
2021-02-08,100000.0,100000.0,0,1.5499999999999994,-0.5,0.1334295270449388
2021-02-09,100000.0,100000.0,0,1.5999999999999996,-0.5,0.19396657663067152
2021-02-10,100000.0,100000.0,0,1.4999999999999996,1.0999999999999996,0.20261551316357296
2021-02-11,100000.0,100000.0,0,1.3999999999999995,0.5499999999999998,0.15309144937051436
2021-02-12,100000.0,100000.0,0,2.1499999999999995,1.1999999999999997,0.13375795247440128
2021-02-16,100000.0,100000.0,0,1.8499999999999996,-0.5,0.19506378151303558
2021-02-17,100000.0,100000.0,0,1.8999999999999995,1.5499999999999994,0.17254965198960956
2021-02-18,100000.0,100000.0,0,1.7999999999999994,1.2499999999999996,0.16928725296390645
2021-02-19,100000.0,100000.0,0,1.6499999999999995,1.2499999999999996,0.21167980302092218
2021-02-22,100000.0,100000.0,0,1.6499999999999995,1.2499999999999996,0.22494358149412075
2021-02-23,100000.0,100000.0,0,2.3999999999999995,-0.5,0.18321407720300975
2021-02-24,100000.0,100000.0,0,2.4499999999999993,-0.5,0.1448611587822032
2021-02-25,100000.0,100000.0,0,1.3999999999999995,-0.5,0.29618502350338066
2021-02-26,100000.0,100000.0,0,2.349999999999999,-0.5,0.2011829498729333
2021-03-01,100000.0,100000.0,0,2.1999999999999993,-0.5,0.14006875165073904
2021-03-02,100000.0,100000.0,0,1.7499999999999996,-0.5,0.23392201260009257
2021-03-03,100000.0,100000.0,0,1.9499999999999993,-0.5,0.2579930135976087
2021-03-04,100000.0,100000.0,0,1.6499999999999995,-0.5,0.21326070026627142
2021-03-05,100000.0,100000.0,0,-0.5,-0.5,0.14456205400311672
2021-03-08,100000.0,100000.0,0,2.0999999999999996,-0.5,0.21186547730202462
2021-03-09,100000.0,100000.0,0,-0.5,-0.5,0.17077238020484634
2021-03-10,100000.0,100000.0,0,1.0499999999999996,-0.5,0.2003631708598638
2021-03-11,100000.0,100000.0,0,0.6499999999999997,-0.5,0.18863677483070698
2021-03-12,100000.0,100000.0,0,1.2999999999999996,-0.5,0.18252099592768
2021-03-15,100000.0,100000.0,0,1.6499999999999995,2.0999999999999996,0.1514203310975515
2021-03-16,100000.0,100000.0,0,1.2999999999999996,2.0999999999999996,0.2228043257707282
2021-03-17,100000.0,100000.0,0,2.2999999999999994,-0.5,0.18720962287338003
2021-03-18,100000.0,100000.0,0,2.4499999999999993,-0.5,0.2810309207770784
2021-03-19,100000.0,100000.0,0,2.349999999999999,-0.5,0.19050984277012284
2021-03-22,100000.0,100000.0,0,2.349999999999999,-0.5,0.19292209062726173
2021-03-23,100000.0,100000.0,0,2.3999999999999995,-0.5,0.27097380452242126
2021-03-24,100000.0,100000.0,0,2.0999999999999996,1.1999999999999997,0.31762747403279085
2021-03-25,100000.0,100000.0,0,2.499999999999999,2.4499999999999993,0.16296541289116512
2021-03-26,100000.0,100000.0,0,2.4499999999999993,-0.5,0.1573160773012433
2021-03-29,100000.0,100000.0,0,0.8499999999999996,2.1499999999999995,0.1765128051078634
2021-03-30,100000.0,100000.0,0,0.8999999999999997,1.9999999999999996,0.1412890900420458
2021-03-31,100000.0,100000.0,0,-0.5,1.5999999999999996,0.19068603423959754
2021-04-01,100000.0,100000.0,0,-0.5,1.5999999999999996,0.1430511979881064
2021-04-05,100000.0,100000.0,0,-0.5,1.5999999999999996,0.19297655095490404
2021-04-06,100000.0,100000.0,0,-0.5,1.5999999999999996,0.2519920518822419
2021-04-07,100000.0,100000.0,0,2.349999999999999,-0.5,0.18594458616591555
2021-04-08,100000.0,100000.0,0,2.4499999999999993,-0.5,0.16495048180995722
2021-04-09,100000.0,100000.0,0,-0.5,-0.5,0.1681544671673
2021-04-12,100000.0,100000.0,0,2.0499999999999994,1.9499999999999993,0.16256674344723812
2021-04-13,100000.0,100000.0,0,1.4999999999999996,1.9999999999999996,0.1599755778254365
2021-04-14,100000.0,100000.0,0,-0.5,1.8499999999999996,0.2998937050872222
2021-04-15,100000.0,100000.0,0,1.5999999999999996,2.4499999999999993,0.1891134648623264
2021-04-16,100000.0,100000.0,0,1.8499999999999996,1.4499999999999995,0.14443832284891966
2021-04-19,100000.0,100000.0,0,1.6999999999999993,2.2999999999999994,0.2173593183100634
2021-04-20,100000.0,100000.0,0,1.9999999999999996,-0.5,0.23180744948793489
2021-04-21,100000.0,100000.0,0,2.349999999999999,1.9999999999999996,0.15597507942646785
2021-04-22,100000.0,100000.0,0,1.7499999999999996,1.7499999999999996,0.25738016147583037
2021-04-23,100000.0,100000.0,0,2.0999999999999996,2.4499999999999993,0.1587296809214852
2021-04-26,100000.0,100000.0,0,2.0999999999999996,2.4499999999999993,0.14119176946003972
2021-04-27,100000.0,100000.0,0,2.0999999999999996,2.4499999999999993,0.18672249240871383
2021-04-28,100000.0,100000.0,0,-0.5,1.8499999999999996,0.18365923352199195
2021-04-29,100000.0,100000.0,0,0.9499999999999997,1.9499999999999993,0.1824193142587389
2021-04-30,100000.0,100000.0,0,0.9499999999999997,1.5499999999999994,0.1779740937367129
2021-05-03,100000.0,100000.0,0,2.499999999999999,2.1999999999999993,0.19283386521208637
2021-05-04,100000.0,100000.0,0,2.499999999999999,1.5499999999999994,0.17535918567747608
2021-05-05,100000.0,100000.0,0,2.4499999999999993,2.1999999999999993,0.20505867389456545
2021-05-06,100000.0,100000.0,0,2.4499999999999993,1.3499999999999996,0.11119408924303727
2021-05-07,100000.0,100000.0,0,1.7999999999999994,1.5999999999999996,0.14132140936892
2021-05-10,100000.0,100000.0,0,1.7999999999999994,1.5999999999999996,0.24803549991186377
2021-05-11,100000.0,100000.0,0,2.4499999999999993,-0.5,0.12251195147755391
2021-05-12,100000.0,100000.0,0,1.5999999999999996,-0.5,0.20778622839570118
2021-05-13,100000.0,100000.0,0,2.349999999999999,1.3999999999999995,0.1327732991198264
2021-05-14,100000.0,100000.0,0,-0.5,2.4499999999999993,0.1026559685739118
2021-05-17,100000.0,100000.0,0,1.4999999999999996,-0.5,0.11258813504875047
2021-05-18,100000.0,100000.0,0,1.1499999999999997,-0.5,0.2049615210629994
2021-05-19,100000.0,100000.0,0,1.8499999999999996,-0.5,0.10001954845135573
2021-05-20,100000.0,100000.0,0,1.8499999999999996,-0.5,0.13252510954922872
2021-05-21,100000.0,100000.0,0,1.8499999999999996,-0.5,0.20824046625658
2021-05-24,100000.0,100000.0,0,1.8499999999999996,-0.5,0.14205628285919683
2021-05-25,100000.0,100000.0,0,1.8499999999999996,-0.5,0.20133550100530426
2021-05-26,100000.0,100000.0,0,1.0499999999999996,-0.5,0.14182896930182112
2021-05-27,100000.0,100000.0,0,1.1499999999999997,-0.5,0.20396914206658026
2021-05-28,100000.0,100000.0,0,1.1499999999999997,-0.5,0.23229413709305205
2021-06-01,100000.0,100000.0,0,1.3499999999999996,-0.5,0.23886297034889706
2021-06-02,100000.0,100000.0,0,1.3499999999999996,1.4999999999999996,0.18082749047361243
2021-06-03,100000.0,100000.0,0,2.0999999999999996,-0.5,0.20015595641013065
2021-06-04,100000.0,100000.0,0,2.1499999999999995,1.6499999999999995,0.14578488949607368
2021-06-07,100000.0,100000.0,0,-0.5,2.1499999999999995,0.1336442596200171
2021-06-08,100000.0,100000.0,0,-0.5,2.2999999999999994,0.241152391939943
2021-06-09,100000.0,100000.0,0,-0.5,2.2999999999999994,0.29934821423530683
2021-06-10,100000.0,100000.0,0,1.2999999999999996,-0.5,0.14068743297515626
2021-06-11,100000.0,100000.0,0,0.24999999999999978,2.349999999999999,0.1342734182306613
2021-06-14,100000.0,100000.0,0,0.24999999999999978,2.349999999999999,0.17621440370876426
2021-06-15,100000.0,100000.0,0,0.24999999999999978,2.349999999999999,0.2674166081339194
2021-06-16,100000.0,100000.0,0,1.8499999999999996,-0.5,0.27344773265174976
2021-06-17,100000.0,100000.0,0,1.8499999999999996,2.1999999999999993,0.19475214577300737
2021-06-18,100000.0,100000.0,0,1.6499999999999995,2.2499999999999996,0.26390248653322773
2021-06-21,100000.0,100000.0,0,1.5499999999999994,2.2499999999999996,0.14242456108820142
2021-06-22,100000.0,100000.0,0,1.5499999999999994,2.2499999999999996,0.14571426611695903
2021-06-23,100000.0,100000.0,0,1.5499999999999994,2.2499999999999996,0.1883771404440523
2021-06-24,100000.0,100000.0,0,1.0499999999999996,2.4499999999999993,0.21768284474568533
2021-06-25,100000.0,100000.0,0,1.0499999999999996,2.4499999999999993,0.20438101135408368
2021-06-28,100000.0,100000.0,0,-0.5,0.3999999999999998,0.13806837961220372
2021-06-29,100000.0,100000.0,0,-0.5,0.9499999999999997,0.14575874429263003
2021-06-30,100000.0,100000.0,0,1.3999999999999995,0.6499999999999997,0.15369844497497684
2021-07-01,100000.0,100000.0,0,1.5999999999999996,0.34999999999999987,0.1480285605351848
2021-07-02,100000.0,100000.0,0,2.4499999999999993,1.6999999999999993,0.14876108757097514
2021-07-06,100000.0,100000.0,0,2.4499999999999993,1.6999999999999993,0.14571981723008906
2021-07-07,100000.0,100000.0,0,-0.5,1.2499999999999996,0.16615556673170942
2021-07-08,100000.0,100000.0,0,2.3999999999999995,1.4499999999999995,0.1685017965778642
2021-07-09,100000.0,100000.0,0,1.4499999999999995,0.6999999999999997,0.12428221714646555
2021-07-12,100000.0,100000.0,0,1.4499999999999995,0.6999999999999997,0.10965528126838668
2021-07-13,100000.0,100000.0,0,1.4499999999999995,0.6999999999999997,0.2184957886755707
2021-07-14,100000.0,100000.0,0,1.9999999999999996,-0.5,0.17299151474709493
2021-07-15,100000.0,100000.0,0,2.1499999999999995,-0.5,0.19860147001386932
2021-07-16,100000.0,100000.0,0,2.499999999999999,-0.5,0.28461898417724
2021-07-19,100000.0,100000.0,0,2.4499999999999993,1.9999999999999996,0.1389050195634997
2021-07-20,100000.0,100000.0,0,2.2999999999999994,2.0999999999999996,0.15212198198184113
2021-07-21,100000.0,100000.0,0,1.7999999999999994,1.8499999999999996,0.10620122760029349
2021-07-22,100000.0,100000.0,0,1.2499999999999996,1.9499999999999993,0.10854836326382948
2021-07-23,100000.0,100000.0,0,1.2499999999999996,1.9499999999999993,0.14029381134998312
2021-07-26,100000.0,100000.0,0,1.9999999999999996,1.4999999999999996,0.11510931552097604
2021-07-27,100000.0,100000.0,0,2.1499999999999995,1.3999999999999995,0.24036837473674533
2021-07-28,100000.0,100000.0,0,2.1499999999999995,1.6999999999999993,0.17263142043725255
2021-07-29,100000.0,100000.0,0,2.499999999999999,1.8499999999999996,0.17269260809209352
2021-07-30,100000.0,100000.0,0,2.499999999999999,1.7999999999999994,0.13322946201479294
2021-08-02,100000.0,100000.0,0,-0.5,1.9499999999999993,0.22371402607175803
2021-08-03,100000.0,100000.0,0,-0.5,-0.5,0.13569604247620623
2021-08-04,100000.0,100000.0,0,0.9499999999999997,2.2999999999999994,0.15206997609891618
2021-08-05,100000.0,100000.0,0,0.5499999999999998,-0.5,0.11726029206224249
2021-08-06,100000.0,100000.0,0,1.1999999999999997,-0.5,0.16697129521530574
2021-08-09,100000.0,100000.0,0,1.0499999999999996,0.9999999999999996,0.14887255409732966
2021-08-10,100000.0,100000.0,0,0.3999999999999998,-0.5,0.24427458554862805
2021-08-11,100000.0,100000.0,0,1.0499999999999996,0.9999999999999996,0.2083068740986537
2021-08-12,100000.0,100000.0,0,0.8499999999999996,0.9999999999999996,0.1429038953153187
2021-08-13,100000.0,100000.0,0,0.8999999999999997,1.1499999999999997,0.1443611526655673
2021-08-16,100000.0,100000.0,0,0.8999999999999997,1.1499999999999997,0.1663202358003494
2021-08-17,100000.0,100000.0,0,0.8499999999999996,-0.5,0.1889285806650468
2021-08-18,100000.0,100000.0,0,1.2499999999999996,-0.5,0.2995330922049405
2021-08-19,100000.0,100000.0,0,1.6999999999999993,1.7499999999999996,0.1807498828806989
2021-08-20,100000.0,100000.0,0,1.7499999999999996,1.7999999999999994,0.12419816071897316
2021-08-23,100000.0,100000.0,0,1.7499999999999996,1.7999999999999994,0.14693847567523285
2021-08-24,100000.0,100000.0,0,1.7499999999999996,1.7999999999999994,0.1498037599353401
2021-08-25,100000.0,100000.0,0,-0.5,2.0499999999999994,0.1531642631610207
2021-08-26,100000.0,100000.0,0,0.8499999999999996,2.0499999999999994,0.2592781912234912
2021-08-27,100000.0,100000.0,0,0.6999999999999997,2.0999999999999996,0.13837435220473238
2021-08-30,100000.0,100000.0,0,0.6999999999999997,2.0999999999999996,0.15093467131069407
2021-08-31,100000.0,100000.0,0,-0.5,0.5999999999999996,0.16599866439968505
2021-09-01,100000.0,100000.0,0,0.9999999999999996,0.3999999999999998,0.22879889214848823
2021-09-02,100000.0,100000.0,0,-0.5,0.5999999999999996,0.22492786334204842
2021-09-03,100000.0,100000.0,0,1.7499999999999996,0.5499999999999998,0.15514572632754217
2021-09-07,100000.0,100000.0,0,1.2999999999999996,-0.5,0.1753960452406722
2021-09-08,100000.0,100000.0,0,1.4499999999999995,1.2499999999999996,0.18146409973892755
2021-09-09,100000.0,100000.0,0,1.1999999999999997,-0.5,0.2834959702813434
2021-09-10,100000.0,100000.0,0,0.9999999999999996,-0.5,0.35828936477850276
2021-09-13,100000.0,100000.0,0,1.3999999999999995,2.1499999999999995,0.2400634007163054
2021-09-14,100000.0,100000.0,0,1.6999999999999993,1.6499999999999995,0.26074242835717815
2021-09-15,100000.0,100000.0,0,1.8499999999999996,1.4499999999999995,0.15761930439129276
2021-09-16,100000.0,100000.0,0,1.6499999999999995,1.1999999999999997,0.17062114037678933
2021-09-17,100000.0,100000.0,0,1.6499999999999995,1.3999999999999995,0.28480608639609
2021-09-20,100000.0,100000.0,0,2.4499999999999993,-0.5,0.229740577843459
2021-09-21,100000.0,100000.0,0,2.2999999999999994,-0.5,0.2028712913304187
2021-09-22,100000.0,100000.0,0,2.499999999999999,2.1499999999999995,0.14321523661965416
2021-09-23,100000.0,100000.0,0,2.499999999999999,2.1499999999999995,0.1364923242686387
2021-09-24,100000.0,100000.0,0,1.9499999999999993,2.499999999999999,0.12076978866100878
2021-09-27,100000.0,100000.0,0,2.0499999999999994,1.8499999999999996,0.15578539950399695
2021-09-28,100000.0,100000.0,0,2.3999999999999995,-0.5,0.3066800163900136
2021-09-29,100000.0,100000.0,0,2.499999999999999,2.3999999999999995,0.2048761920957964
2021-09-30,100000.0,100000.0,0,-0.5,-0.5,0.2229391177782791
2021-10-01,100000.0,100000.0,0,-0.5,1.5499999999999994,0.13512074778017966
2021-10-04,100000.0,100000.0,0,1.8499999999999996,1.9999999999999996,0.20914189189975327
2021-10-05,100000.0,100000.0,0,1.8499999999999996,1.9999999999999996,0.157162543664882
2021-10-06,100000.0,100000.0,0,-0.5,-0.5,0.12472406550804933
2021-10-07,100000.0,100000.0,0,-0.5,2.3999999999999995,0.19160735551379213
2021-10-08,100000.0,100000.0,0,0.8999999999999997,-0.5,0.2041146836154527
2021-10-11,100000.0,100000.0,0,1.7999999999999994,-0.5,0.253242807698508
2021-10-12,100000.0,100000.0,0,2.0499999999999994,2.0999999999999996,0.2089972297980889
2021-10-13,100000.0,100000.0,0,0.9999999999999996,2.0999999999999996,0.12702262765184846
2021-10-14,100000.0,100000.0,0,-0.5,2.4499999999999993,0.13701181180638852
2021-10-15,100000.0,100000.0,0,-0.5,2.499999999999999,0.14301178388429367
2021-10-18,100000.0,100000.0,0,-0.5,2.499999999999999,0.1607000126238731
2021-10-19,100000.0,100000.0,0,-0.5,2.499999999999999,0.14397199983290987
2021-10-20,100000.0,100000.0,0,0.5999999999999996,-0.5,0.2013057476449472
2021-10-21,100000.0,100000.0,0,0.4999999999999998,-0.5,0.14916768534282474
2021-10-22,100000.0,100000.0,0,1.3999999999999995,-0.5,0.2512963445212464
2021-10-25,100000.0,100000.0,0,1.3999999999999995,-0.5,0.18262223253441387
2021-10-26,100000.0,100000.0,0,1.3999999999999995,-0.5,0.2826895829425045
2021-10-27,100000.0,100000.0,0,1.3999999999999995,-0.5,0.2841297430376473
2021-10-28,100000.0,100000.0,0,1.3999999999999995,-0.5,0.16019533774980904
2021-10-29,100000.0,100000.0,0,-0.5,1.4999999999999996,0.16274848331089486
2021-11-01,100000.0,100000.0,0,1.9499999999999993,1.7499999999999996,0.1483700791160103
2021-11-02,100000.0,100000.0,0,1.2999999999999996,1.4999999999999996,0.1567842628136704
2021-11-03,100000.0,100000.0,0,-0.5,2.1999999999999993,0.17204500037448522
2021-11-04,100000.0,100000.0,0,-0.5,2.1999999999999993,0.20161545394193867
2021-11-05,100000.0,100000.0,0,1.1999999999999997,1.6499999999999995,0.24643495557450637
2021-11-08,100000.0,100000.0,0,-0.5,0.5999999999999996,0.23339903873289194
2021-11-09,100000.0,100000.0,0,2.499999999999999,0.7999999999999998,0.27192770679449335
2021-11-10,100000.0,100000.0,0,-0.5,0.24999999999999978,0.2912587234759743
2021-11-11,100000.0,100000.0,0,1.9499999999999993,0.19999999999999984,0.22203514159090032
2021-11-12,100000.0,100000.0,0,1.7499999999999996,1.0499999999999996,0.15136109636952658
2021-11-15,100000.0,100000.0,0,1.7499999999999996,1.0499999999999996,0.16372054091159052
2021-11-16,100000.0,100000.0,0,-0.5,1.3499999999999996,0.14824505976422608
2021-11-17,100000.0,100000.0,0,0.8499999999999996,1.9999999999999996,0.23042001385850544
2021-11-18,100000.0,100000.0,0,0.8499999999999996,1.9999999999999996,0.17563809475738676
2021-11-19,100000.0,100000.0,0,-0.5,2.349999999999999,0.18085473554772802
2021-11-22,100000.0,100000.0,0,-0.5,2.349999999999999,0.35196859615913073
2021-11-23,100000.0,100000.0,0,-0.5,1.6999999999999993,0.19206039782432302
2021-11-24,100000.0,100000.0,0,-0.5,1.2999999999999996,0.14247173263926385
2021-11-26,100000.0,100000.0,0,-0.5,1.1499999999999997,0.26853424505655754
2021-11-29,100000.0,100000.0,0,-0.5,2.2499999999999996,0.12991536229781794
2021-11-30,100000.0,100000.0,0,1.4499999999999995,2.499999999999999,0.23504151633323797
2021-12-01,100000.0,100000.0,0,2.0999999999999996,-0.5,0.3402383131211422
2021-12-02,100000.0,100000.0,0,2.4499999999999993,1.7499999999999996,0.12197921225528603
2021-12-03,100000.0,100000.0,0,2.4499999999999993,1.2999999999999996,0.2501096639739151
2021-12-06,100000.0,100000.0,0,2.0999999999999996,2.3999999999999995,0.11981332154439894
2021-12-07,100000.0,100000.0,0,2.0999999999999996,-0.5,0.11732780133977154
2021-12-08,100000.0,100000.0,0,2.0999999999999996,-0.5,0.10411861488016445
2021-12-09,100000.0,100000.0,0,1.4499999999999995,-0.5,0.25431302744327783
2021-12-10,100000.0,100000.0,0,1.2999999999999996,-0.5,0.11302903748229538
2021-12-13,100000.0,100000.0,0,1.2999999999999996,-0.5,0.24257973842611688
2021-12-14,100000.0,100000.0,0,2.3999999999999995,2.2499999999999996,0.1586863816667329
2021-12-15,100000.0,100000.0,0,2.349999999999999,1.9499999999999993,0.14033074242499363
2021-12-16,100000.0,100000.0,0,-0.5,2.3999999999999995,0.2862624941949667
2021-12-17,100000.0,100000.0,0,-0.5,2.0499999999999994,0.1759154601404418
2021-12-20,100000.0,100000.0,0,-0.5,2.0499999999999994,0.09950302742194661
2021-12-21,100000.0,100000.0,0,-0.5,2.0499999999999994,0.13100785809937418
2021-12-22,100000.0,100000.0,0,-0.5,2.0499999999999994,0.11366228778980275
2021-12-23,100000.0,100000.0,0,-0.5,2.0499999999999994,0.15295348543331655
2021-12-27,100000.0,100000.0,0,-0.5,2.0499999999999994,0.14798274775860223
2021-12-28,100000.0,100000.0,0,-0.5,2.0499999999999994,0.23470268056187135
2021-12-29,100000.0,100000.0,0,1.9499999999999993,-0.5,0.21516224835384548
2021-12-30,100000.0,100000.0,0,1.5999999999999996,-0.5,0.3093110866623741
2021-12-31,100000.0,100000.0,0,1.3499999999999996,2.1999999999999993,0.2742893179711366
2022-01-03,100000.0,100000.0,0,1.3499999999999996,2.1999999999999993,0.17459787872776
2022-01-04,100000.0,100000.0,0,1.3499999999999996,2.1999999999999993,0.33466950294171194
2022-01-05,100000.0,100000.0,0,2.3999999999999995,-0.5,0.4758402672624034
2022-01-06,100000.0,100000.0,0,2.0499999999999994,-0.5,0.22884303270728826
2022-01-07,100000.0,100000.0,0,-0.5,-0.5,0.2780591109218655
2022-01-10,100000.0,100000.0,0,-0.5,-0.5,0.4222111240160435
2022-01-11,100000.0,100000.0,0,-0.5,-0.5,0.4357314956802461
2022-01-12,100000.0,100000.0,0,1.8499999999999996,-0.5,0.5315469926250921
2022-01-13,100000.0,100000.0,0,2.4499999999999993,-0.5,0.719555890615986
2022-01-14,100000.0,100000.0,0,2.1499999999999995,-0.5,0.37647880510609405
2022-01-18,100000.0,100000.0,0,-0.5,-0.5,0.5904593741610419
2022-01-19,100000.0,100000.0,0,-0.5,1.3999999999999995,0.5889232289708152
2022-01-20,100000.0,100000.0,0,2.499999999999999,1.9499999999999993,0.5979772119572955
2022-01-21,100000.0,100000.0,0,-0.5,-0.5,0.5156624026876638
2022-01-24,100000.0,100000.0,0,-0.5,-0.5,0.28819641586755046
2022-01-25,100000.0,100000.0,0,-0.5,-0.5,0.3173692935019666
2022-01-26,100000.0,100000.0,0,-0.5,-0.5,0.507979326368088
2022-01-27,100000.0,100000.0,0,-0.5,-0.5,0.43115076217070564
2022-01-28,100000.0,100000.0,0,-0.5,-0.5,0.2518073871162883
2022-01-31,100000.0,100000.0,0,-0.5,-0.5,0.24764893720476647
2022-02-01,100000.0,100000.0,0,-0.5,-0.5,0.23335684043295546
2022-02-02,100000.0,100000.0,0,1.9499999999999993,-0.5,0.33574549135203396
2022-02-03,100000.0,100000.0,0,2.3999999999999995,-0.5,0.4416625045961508
2022-02-04,100000.0,100000.0,0,2.3999999999999995,-0.5,0.3150902955231211
2022-02-07,100000.0,100000.0,0,-0.5,1.8999999999999995,0.38041262658554015
2022-02-08,100000.0,100000.0,0,-0.5,2.499999999999999,0.2287290450618685
2022-02-09,100000.0,100000.0,0,-0.5,2.3999999999999995,0.20336834845764543
2022-02-10,100000.0,100000.0,0,-0.5,-0.5,0.42262767563728526
2022-02-11,100000.0,100000.0,0,-0.5,-0.5,0.4821775067186162
2022-02-14,100000.0,100000.0,0,-0.5,-0.5,0.26248505296363084
2022-02-15,100000.0,100000.0,0,2.499999999999999,1.0999999999999996,0.20867809996556855
2022-02-16,100000.0,100000.0,0,2.499999999999999,1.1999999999999997,0.2335730876024141
2022-02-17,100000.0,100000.0,0,-0.5,2.1499999999999995,0.4598738230971584
2022-02-18,100000.0,100000.0,0,-0.5,2.1499999999999995,0.35301216354104703
2022-02-22,100000.0,100000.0,0,-0.5,2.1499999999999995,0.2974415431440698
2022-02-23,100000.0,100000.0,0,-0.5,-0.5,0.47195987024944935
2022-02-24,100000.0,100000.0,0,-0.5,-0.5,0.2403517189725037
2022-02-25,100000.0,100000.0,0,-0.5,2.4499999999999993,0.19135718592054526
2022-02-28,100000.0,100000.0,0,1.6499999999999995,-0.5,0.19997804195095434
2022-03-01,100000.0,100000.0,0,1.5999999999999996,-0.5,0.3101507651329232
2022-03-02,100000.0,100000.0,0,-0.5,-0.5,0.18316341298830063
2022-03-03,100000.0,100000.0,0,-0.5,2.2999999999999994,0.30836271917351815
2022-03-04,100000.0,100000.0,0,2.499999999999999,-0.5,0.21895370014932639
2022-03-07,100000.0,100000.0,0,-0.5,-0.5,0.3708729614266711
2022-03-08,100000.0,100000.0,0,-0.5,1.8499999999999996,0.27179715758712336
2022-03-09,100000.0,100000.0,0,-0.5,1.6999999999999993,0.16859181054274452
2022-03-10,100000.0,100000.0,0,-0.5,1.6499999999999995,0.13458662370568378
2022-03-11,100000.0,100000.0,0,-0.5,1.9999999999999996,0.3291805903153464
2022-03-14,100000.0,100000.0,0,-0.5,-0.5,0.30681243281440257
2022-03-15,100000.0,100000.0,0,-0.5,-0.5,0.1639460205121455
2022-03-16,100000.0,100000.0,0,2.0499999999999994,-0.5,0.17999380825012254
2022-03-17,100000.0,100000.0,0,2.2999999999999994,-0.5,0.10240020577682284
2022-03-18,100000.0,100000.0,0,2.2999999999999994,-0.5,0.11290152614761177
2022-03-21,100000.0,100000.0,0,-0.5,-0.5,0.13270708659813393
2022-03-22,100000.0,100000.0,0,-0.5,-0.5,0.125692073033109
2022-03-23,100000.0,100000.0,0,-0.5,-0.5,0.22770117905337006
2022-03-24,100000.0,100000.0,0,-0.5,-0.5,0.11896945150471983
2022-03-25,100000.0,100000.0,0,-0.5,-0.5,0.12102614004289038
2022-03-28,100000.0,100000.0,0,-0.5,2.1499999999999995,0.11706496781243388
2022-03-29,100000.0,100000.0,0,-0.5,1.8999999999999995,0.13241158109084014
2022-03-30,100000.0,100000.0,0,2.1999999999999993,-0.5,0.18716679372399958
2022-03-31,100000.0,100000.0,0,2.499999999999999,-0.5,0.20946902262788755
2022-04-01,100000.0,100000.0,0,2.499999999999999,-0.5,0.1285529886376091
2022-04-04,100000.0,100000.0,0,2.499999999999999,-0.5,0.11106455818308351
2022-04-05,100000.0,100000.0,0,2.2999999999999994,-0.5,0.23508991983743552
2022-04-06,100000.0,100000.0,0,2.2999999999999994,-0.5,0.16448967295894082
2022-04-07,100000.0,100000.0,0,-0.5,1.6499999999999995,0.14224645461845223
2022-04-08,100000.0,100000.0,0,-0.5,-0.5,0.17355768649421077
2022-04-11,100000.0,100000.0,0,2.3999999999999995,-0.5,0.19129004883481973
2022-04-12,100000.0,100000.0,0,2.3999999999999995,0.5999999999999996,0.20045648971006894
2022-04-13,100000.0,100000.0,0,2.2499999999999996,2.2999999999999994,0.10191044951718535
2022-04-14,100000.0,100000.0,0,1.8499999999999996,1.3999999999999995,0.20174685397506184
2022-04-18,100000.0,100000.0,0,-0.5,-0.5,0.10372865887884848
2022-04-19,100000.0,100000.0,0,1.1999999999999997,2.4499999999999993,0.1074181904625043
2022-04-20,100000.0,100000.0,0,1.2999999999999996,1.8499999999999996,0.155749776432984
2022-04-21,100000.0,100000.0,0,1.7499999999999996,-0.5,0.23340875589768076
2022-04-22,100000.0,100000.0,0,1.5999999999999996,-0.5,0.30411629729349676
2022-04-25,100000.0,100000.0,0,-0.5,-0.5,0.12930634381885256
2022-04-26,100000.0,100000.0,0,-0.5,-0.5,0.273706920146491
2022-04-27,100000.0,100000.0,0,-0.5,-0.5,0.19569130107101
2022-04-28,100000.0,100000.0,0,-0.5,-0.5,0.20668059613617015
2022-04-29,100000.0,100000.0,0,-0.5,2.499999999999999,0.3015207698991493
2022-05-02,100000.0,100000.0,0,-0.5,-0.5,0.13311699541407537
2022-05-03,100000.0,100000.0,0,-0.5,-0.5,0.17249826078790242
2022-05-04,100000.0,100000.0,0,-0.5,2.4499999999999993,0.23006980155754161
2022-05-05,100000.0,100000.0,0,-0.5,-0.5,0.2884927109580779
2022-05-06,100000.0,100000.0,0,-0.5,-0.5,0.19233065907645522
2022-05-09,100000.0,100000.0,0,-0.5,-0.5,0.24446893531548644
2022-05-10,100000.0,100000.0,0,-0.5,2.4499999999999993,0.18804171248437118
2022-05-11,100000.0,100000.0,0,-0.5,2.1499999999999995,0.21594822562333257
2022-05-12,100000.0,100000.0,0,-0.5,-0.5,0.15192209036282073
2022-05-13,100000.0,100000.0,0,-0.5,-0.5,0.15904804461209907
2022-05-16,100000.0,100000.0,0,2.2999999999999994,-0.5,0.21307271172557007
2022-05-17,100000.0,100000.0,0,2.0999999999999996,-0.5,0.1783879407028246
2022-05-18,100000.0,100000.0,0,1.6499999999999995,-0.5,0.3124779304603948
2022-05-19,100000.0,100000.0,0,2.499999999999999,-0.5,0.20614907078908665
2022-05-20,100000.0,100000.0,0,2.4499999999999993,-0.5,0.2114972193889172
2022-05-23,100000.0,100000.0,0,2.4499999999999993,-0.5,0.15019711853540335
2022-05-24,100000.0,100000.0,0,-0.5,-0.5,0.1469236874764966
2022-05-25,100000.0,100000.0,0,2.1499999999999995,-0.5,0.18794312145856518
2022-05-26,100000.0,100000.0,0,-0.5,-0.5,0.08299400562538051
2022-05-27,100000.0,100000.0,0,-0.5,-0.5,0.07307258746421424
2022-05-31,100000.0,100000.0,0,-0.5,-0.5,0.09136673084088787
2022-06-01,100000.0,100000.0,0,-0.5,-0.5,0.13056227551879226
2022-06-02,100000.0,100000.0,0,-0.5,-0.5,0.09635278265766263
2022-06-03,100000.0,100000.0,0,-0.5,-0.5,0.1217469884196702
2022-06-06,100000.0,100000.0,0,-0.5,2.0999999999999996,0.14012338574023206
2022-06-07,100000.0,100000.0,0,-0.5,2.1499999999999995,0.08843928188677148
2022-06-08,100000.0,100000.0,0,-0.5,2.499999999999999,0.13598668193518318
2022-06-09,100000.0,100000.0,0,-0.5,-0.5,0.17133144636877864
2022-06-10,100000.0,100000.0,0,-0.5,1.4499999999999995,0.24010969691790196
2022-06-13,100000.0,100000.0,0,-0.5,-0.5,0.20292584543673528
2022-06-14,100000.0,100000.0,0,-0.5,-0.5,0.13242267262696264
2022-06-15,100000.0,100000.0,0,-0.5,-0.5,0.1744334795798098
2022-06-16,100000.0,100000.0,0,-0.5,-0.5,0.1473332132484885
2022-06-17,100000.0,100000.0,0,-0.5,-0.5,0.1290611931588468
2022-06-21,100000.0,100000.0,0,2.4499999999999993,-0.5,0.1760758870761253
2022-06-22,100000.0,100000.0,0,2.499999999999999,-0.5,0.18114223094457227
2022-06-23,100000.0,100000.0,0,-0.5,-0.5,0.13949069646331022
2022-06-24,100000.0,100000.0,0,-0.5,-0.5,0.17810616730691173
2022-06-27,100000.0,100000.0,0,-0.5,-0.5,0.2382456389870192
2022-06-28,100000.0,100000.0,0,-0.5,-0.5,0.32187822945808625
2022-06-29,100000.0,100000.0,0,-0.5,-0.5,0.1567217154814677
2022-06-30,100000.0,100000.0,0,-0.5,1.6999999999999993,0.17758730758690464
2022-07-01,100000.0,100000.0,0,-0.5,2.1499999999999995,0.12007186325797121
2022-07-05,100000.0,100000.0,0,2.0499999999999994,2.1999999999999993,0.17144342593978215
2022-07-06,100000.0,100000.0,0,1.3999999999999995,2.1999999999999993,0.2237309473508895
2022-07-07,100000.0,100000.0,0,1.3999999999999995,2.1999999999999993,0.2157146791697088
2022-07-08,100000.0,100000.0,0,-0.5,-0.5,0.218661431044718
2022-07-11,100000.0,100000.0,0,2.499999999999999,-0.5,0.2744232343063045
2022-07-12,100000.0,100000.0,0,2.499999999999999,-0.5,0.31726461263951006
2022-07-13,100000.0,100000.0,0,-0.5,-0.5,0.2411095016105316
2022-07-14,100000.0,100000.0,0,-0.5,-0.5,0.22750445216380077
2022-07-15,100000.0,100000.0,0,-0.5,-0.5,0.2054250281114515
2022-07-18,100000.0,100000.0,0,1.6999999999999993,-0.5,0.36333209719914494
2022-07-19,100000.0,100000.0,0,1.6999999999999993,-0.5,0.25671294611567097
2022-07-20,100000.0,100000.0,0,1.2499999999999996,-0.5,0.14456531442337653
2022-07-21,100000.0,100000.0,0,0.9999999999999996,-0.5,0.13550431805641006
2022-07-22,100000.0,100000.0,0,1.5499999999999994,-0.5,0.20724365571093847
2022-07-25,100000.0,100000.0,0,-0.5,-0.5,0.16568587856777098
2022-07-26,100000.0,100000.0,0,-0.5,1.4499999999999995,0.1994994500792894
2022-07-27,100000.0,100000.0,0,1.7499999999999996,-0.5,0.18057882275504858
2022-07-28,100000.0,100000.0,0,-0.5,-0.5,0.1330353142992003
2022-07-29,100000.0,100000.0,0,-0.5,-0.5,0.14332660321919885
2022-08-01,100000.0,100000.0,0,-0.5,-0.5,0.18831693762212487
2022-08-02,100000.0,100000.0,0,-0.5,-0.5,0.21905840711501515
2022-08-03,100000.0,100000.0,0,-0.5,-0.5,0.14307104380306604
2022-08-04,100000.0,100000.0,0,-0.5,-0.5,0.11536926646128975
2022-08-05,100000.0,100000.0,0,1.9499999999999993,-0.5,0.16104746030276118
2022-08-08,100000.0,100000.0,0,1.9499999999999993,-0.5,0.19317168360313572
2022-08-09,100000.0,100000.0,0,-0.5,1.9499999999999993,0.15510244868526327
2022-08-10,100000.0,100000.0,0,-0.5,-0.5,0.1161255043213923
2022-08-11,100000.0,100000.0,0,-0.5,-0.5,0.1780174220282449
2022-08-12,100000.0,100000.0,0,-0.5,-0.5,0.10856305588206776
2022-08-15,100000.0,100000.0,0,-0.5,-0.5,0.11150111794054172
2022-08-16,100000.0,100000.0,0,1.3499999999999996,-0.5,0.14053802637651147
2022-08-17,100000.0,100000.0,0,2.349999999999999,-0.5,0.17388563459273895
2022-08-18,100000.0,100000.0,0,2.0499999999999994,-0.5,0.13706578438225717
2022-08-19,100000.0,100000.0,0,2.499999999999999,-0.5,0.18634687993722732
2022-08-22,100000.0,100000.0,0,-0.5,2.3999999999999995,0.1806714562990961
2022-08-23,100000.0,100000.0,0,-0.5,1.6999999999999993,0.17079500341870055
2022-08-24,100000.0,100000.0,0,-0.5,2.0999999999999996,0.12437431433454023
2022-08-25,100000.0,100000.0,0,-0.5,2.3999999999999995,0.10705578005679879
2022-08-26,100000.0,100000.0,0,-0.5,2.2499999999999996,0.2660567850099101
2022-08-29,100000.0,100000.0,0,-0.5,-0.5,0.1331196628464005
2022-08-30,100000.0,100000.0,0,-0.5,-0.5,0.16579185526313037
2022-08-31,100000.0,100000.0,0,-0.5,-0.5,0.16970893430486422
2022-09-01,100000.0,100000.0,0,-0.5,2.1999999999999993,0.22104867411650142
2022-09-02,100000.0,100000.0,0,-0.5,-0.5,0.408204674320392
2022-09-06,100000.0,100000.0,0,1.9999999999999996,-0.5,0.30307716194335194
2022-09-07,100000.0,100000.0,0,1.6499999999999995,-0.5,0.26347926281035244
2022-09-08,100000.0,100000.0,0,1.8999999999999995,-0.5,0.26546784668835116
2022-09-09,100000.0,100000.0,0,1.8999999999999995,-0.5,0.28043066472397266
2022-09-12,100000.0,100000.0,0,-0.5,-0.5,0.12281476269665338
2022-09-13,100000.0,100000.0,0,-0.5,-0.5,0.24404073122301417
2022-09-14,100000.0,100000.0,0,-0.5,-0.5,0.12836550287425227
2022-09-15,100000.0,100000.0,0,-0.5,-0.5,0.23694839237175336
2022-09-16,100000.0,100000.0,0,-0.5,2.1999999999999993,0.13753446787988824
2022-09-19,100000.0,100000.0,0,-0.5,2.1999999999999993,0.14181984573899484
2022-09-20,100000.0,100000.0,0,-0.5,-0.5,0.20932286910188735
2022-09-21,100000.0,100000.0,0,-0.5,-0.5,0.3212148005407875
2022-09-22,100000.0,100000.0,0,-0.5,-0.5,0.34520568267545215
2022-09-23,100000.0,100000.0,0,-0.5,-0.5,0.3111518890533954
2022-09-26,100000.0,100000.0,0,-0.5,-0.5,0.4100773613237007
2022-09-27,100000.0,100000.0,0,-0.5,-0.5,0.4126011875466126
2022-09-28,100000.0,100000.0,0,-0.5,-0.5,0.3214611084979299
2022-09-29,100000.0,100000.0,0,-0.5,-0.5,0.3437307615280527
2022-09-30,100000.0,100000.0,0,-0.5,-0.5,0.41391550412028133
2022-10-03,100000.0,100000.0,0,-0.5,-0.5,0.31542563847137667
2022-10-04,100000.0,100000.0,0,1.3999999999999995,-0.5,0.28577627772721487
2022-10-05,100000.0,100000.0,0,1.3999999999999995,-0.5,0.3135979803082932
2022-10-06,100000.0,100000.0,0,-0.5,-0.5,0.4034631654579954
2022-10-07,100000.0,100000.0,0,2.3999999999999995,-0.5,0.37134940405942984
2022-10-10,100000.0,100000.0,0,-0.5,2.499999999999999,0.2841856188746107
2022-10-11,100000.0,100000.0,0,-0.5,2.2499999999999996,0.31868312428045215
2022-10-12,100000.0,100000.0,0,-0.5,2.1499999999999995,0.2984701432251751
2022-10-13,100000.0,100000.0,0,-0.5,2.2499999999999996,0.32065786635875143
2022-10-14,100000.0,100000.0,0,-0.5,2.2999999999999994,0.4095867255927114
2022-10-17,100000.0,100000.0,0,-0.5,2.2999999999999994,0.23365526564139924
2022-10-18,100000.0,100000.0,0,2.4499999999999993,-0.5,0.32998620773206344
2022-10-19,100000.0,100000.0,0,2.3999999999999995,2.3999999999999995,0.2861693287004608
2022-10-20,100000.0,100000.0,0,1.6999999999999993,-0.5,0.3144661840329833
2022-10-21,100000.0,100000.0,0,-0.5,-0.5,0.2644209858301765
2022-10-24,100000.0,100000.0,0,-0.5,-0.5,0.235106657542848
2022-10-25,100000.0,100000.0,0,2.0999999999999996,-0.5,0.22505919834287338
2022-10-26,100000.0,100000.0,0,2.349999999999999,-0.5,0.32253380915944535
2022-10-27,100000.0,100000.0,0,2.349999999999999,-0.5,0.3250017471365447
2022-10-28,100000.0,100000.0,0,-0.5,-0.5,0.24531304056077927
2022-10-31,100000.0,100000.0,0,-0.5,-0.5,0.22258867944870797
2022-11-01,100000.0,100000.0,0,-0.5,-0.5,0.30577330980176015
2022-11-02,100000.0,100000.0,0,-0.5,-0.5,0.3866976939053209
2022-11-03,100000.0,100000.0,0,-0.5,-0.5,0.27673582586483275
2022-11-04,100000.0,100000.0,0,-0.5,-0.5,0.22871629995523002
2022-11-07,100000.0,100000.0,0,-0.5,-0.5,0.193147818792366
2022-11-08,100000.0,100000.0,0,-0.5,-0.5,0.2786569020025489
2022-11-09,100000.0,100000.0,0,-0.5,-0.5,0.31102146806145
2022-11-10,100000.0,100000.0,0,-0.5,-0.5,0.2510089251658841
2022-11-11,100000.0,100000.0,0,-0.5,-0.5,0.13406332330825302
2022-11-14,100000.0,100000.0,0,-0.5,-0.5,0.1787143989238602
2022-11-15,100000.0,100000.0,0,-0.5,-0.5,0.17383506322546424
2022-11-16,100000.0,100000.0,0,-0.5,-0.5,0.2132413980690183
2022-11-17,100000.0,100000.0,0,-0.5,-0.5,0.14673252576572351
2022-11-18,100000.0,100000.0,0,-0.5,-0.5,0.15849308828299694
2022-11-21,100000.0,100000.0,0,-0.5,2.499999999999999,0.15740966639463017
2022-11-22,100000.0,100000.0,0,2.499999999999999,2.4499999999999993,0.19062533598014256
2022-11-23,100000.0,100000.0,0,1.9999999999999996,2.4499999999999993,0.20704983482668896
2022-11-25,100000.0,100000.0,0,-0.5,-0.5,0.24434024220191616
2022-11-28,100000.0,100000.0,0,-0.5,1.4999999999999996,0.2994349391249749
2022-11-29,100000.0,100000.0,0,2.1999999999999993,-0.5,0.2563779984493309
2022-11-30,100000.0,100000.0,0,-0.5,2.1499999999999995,0.331679244441049
2022-12-01,100000.0,100000.0,0,0.8999999999999997,1.4999999999999996,0.25805906039571386
2022-12-02,100000.0,100000.0,0,0.6999999999999997,-0.5,0.2337801151856926
2022-12-05,100000.0,100000.0,0,-0.5,-0.5,0.30880236915585885
2022-12-06,100000.0,100000.0,0,-0.5,-0.5,0.33585179541255483
2022-12-07,100000.0,100000.0,0,-0.5,-0.5,0.24344357600766023
2022-12-08,100000.0,100000.0,0,-0.5,1.5999999999999996,0.23141265759584465
2022-12-09,100000.0,100000.0,0,-0.5,1.5999999999999996,0.28099895381276746
2022-12-12,100000.0,100000.0,0,-0.5,-0.5,0.2311853510347431
2022-12-13,100000.0,100000.0,0,-0.5,-0.5,0.3611441169019865
2022-12-14,100000.0,100000.0,0,-0.5,-0.5,0.28407737430815894
2022-12-15,100000.0,100000.0,0,-0.5,-0.5,0.3039720955730666
2022-12-16,100000.0,100000.0,0,-0.5,-0.5,0.2597738823765349
2022-12-19,100000.0,100000.0,0,-0.5,-0.5,0.27216466262950395
2022-12-20,100000.0,100000.0,0,-0.5,1.4499999999999995,0.21372429131635698
2022-12-21,100000.0,100000.0,0,-0.5,1.3999999999999995,0.2233815338058468
2022-12-22,100000.0,100000.0,0,-0.5,1.4999999999999996,0.2723114665271253
2022-12-23,100000.0,100000.0,0,-0.5,0.8499999999999996,0.20522877898482475
2022-12-27,100000.0,100000.0,0,-0.5,-0.5,0.2561757846315
2022-12-28,100000.0,100000.0,0,-0.5,2.3999999999999995,0.3078919045511896
2022-12-29,100000.0,100000.0,0,-0.5,-0.5,0.22611581980075968
2022-12-30,100000.0,100000.0,0,-0.5,2.3999999999999995,0.2033928025132887
2023-01-03,100000.0,100000.0,0,2.499999999999999,2.0999999999999996,0.2824500347812686
2023-01-04,100000.0,100000.0,0,2.499999999999999,1.7499999999999996,0.22172139634362675
2023-01-05,100000.0,100000.0,0,2.3999999999999995,0.5999999999999996,0.2582463056922692
2023-01-06,100000.0,100000.0,0,-0.5,-0.5,0.26551311804133526
2023-01-09,100000.0,100000.0,0,-0.5,-0.5,0.31570697937481706
2023-01-10,100000.0,100000.0,0,2.349999999999999,-0.5,0.19190700121196624
2023-01-11,100000.0,100000.0,0,2.1999999999999993,-0.5,0.14921585686258745
2023-01-12,100000.0,100000.0,0,2.1999999999999993,-0.5,0.15098065417356435
2023-01-13,100000.0,100000.0,0,2.1999999999999993,-0.5,0.14419431619502454
2023-01-17,100000.0,100000.0,0,2.1999999999999993,-0.5,0.14942938649788629
2023-01-18,100000.0,100000.0,0,-0.5,2.1999999999999993,0.22808059714372209
2023-01-19,100000.0,100000.0,0,-0.5,1.1499999999999997,0.17825641357344382
2023-01-20,100000.0,100000.0,0,-0.5,2.2999999999999994,0.18813607193393653
2023-01-23,100000.0,100000.0,0,-0.5,2.2999999999999994,0.179043487517995
2023-01-24,100000.0,100000.0,0,-0.5,-0.5,0.17552539016722904
2023-01-25,100000.0,100000.0,0,-0.5,-0.5,0.18832957610939036
2023-01-26,100000.0,100000.0,0,-0.5,1.9999999999999996,0.16339317595164266
2023-01-27,100000.0,100000.0,0,-0.5,-0.5,0.19921658683584068
2023-01-30,100000.0,100000.0,0,-0.5,-0.5,0.2403523384498989
2023-01-31,100000.0,100000.0,0,1.8999999999999995,-0.5,0.1727557006226641
2023-02-01,100000.0,100000.0,0,2.499999999999999,-0.5,0.21968145718659415
2023-02-02,100000.0,100000.0,0,2.499999999999999,-0.5,0.22681245213670223
2023-02-03,100000.0,100000.0,0,-0.5,-0.5,0.2587332604156629
2023-02-06,100000.0,100000.0,0,-0.5,-0.5,0.2227202643659448
2023-02-07,100000.0,100000.0,0,-0.5,-0.5,0.22377513049352185
2023-02-08,100000.0,100000.0,0,-0.5,2.1499999999999995,0.24397035643074547
2023-02-09,100000.0,100000.0,0,-0.5,2.349999999999999,0.26025534526831806
2023-02-10,100000.0,100000.0,0,-0.5,-0.5,0.16906010831107965
2023-02-13,100000.0,100000.0,0,-0.5,-0.5,0.1667961047972848
2023-02-14,100000.0,100000.0,0,-0.5,-0.5,0.17210619782681646
2023-02-15,100000.0,100000.0,0,-0.5,-0.5,0.1662969178376278
2023-02-16,100000.0,100000.0,0,-0.5,-0.5,0.25396582963533126
2023-02-17,100000.0,100000.0,0,-0.5,2.349999999999999,0.15976200890140516
2023-02-21,100000.0,100000.0,0,-0.5,-0.5,0.2356840958763462
2023-02-22,100000.0,100000.0,0,2.4499999999999993,-0.5,0.17984878980984978
2023-02-23,100000.0,100000.0,0,-0.5,1.9999999999999996,0.17403216888495884
2023-02-24,100000.0,100000.0,0,-0.5,-0.5,0.26851922946111906
2023-02-27,100000.0,100000.0,0,1.8499999999999996,1.9499999999999993,0.3243297193172489
2023-02-28,100000.0,100000.0,0,2.2999999999999994,2.349999999999999,0.34542892308846457
2023-03-01,100000.0,100000.0,0,1.8999999999999995,2.4499999999999993,0.33503745680003666
2023-03-02,100000.0,100000.0,0,2.1499999999999995,2.0499999999999994,0.3056187397759104
2023-03-03,100000.0,100000.0,0,-0.5,2.4499999999999993,0.3008261214775109
2023-03-06,100000.0,100000.0,0,-0.5,-0.5,0.36484666376001756
2023-03-07,100000.0,100000.0,0,-0.5,-0.5,0.3934500796058196
2023-03-08,100000.0,100000.0,0,2.499999999999999,-0.5,0.2796076831245198
2023-03-09,100000.0,100000.0,0,2.499999999999999,-0.5,0.4286891312426817
2023-03-10,100000.0,100000.0,0,1.9499999999999993,2.1499999999999995,0.3677189214662228
2023-03-13,100000.0,100000.0,0,2.4499999999999993,2.4499999999999993,0.3492558262590885
2023-03-14,100000.0,100000.0,0,1.4999999999999996,2.2999999999999994,0.24815147159966763
2023-03-15,100000.0,100000.0,0,1.8499999999999996,2.1499999999999995,0.2602220208621475
2023-03-16,100000.0,100000.0,0,1.9499999999999993,2.1499999999999995,0.2999010957876975
2023-03-17,100000.0,100000.0,0,1.9499999999999993,2.1499999999999995,0.3458550004611456
2023-03-20,100000.0,100000.0,0,-0.5,2.3999999999999995,0.23568732944701176
2023-03-21,100000.0,100000.0,0,-0.5,2.3999999999999995,0.16255110757721994
2023-03-22,100000.0,100000.0,0,-0.5,2.3999999999999995,0.271367203359944
2023-03-23,100000.0,100000.0,0,-0.5,2.3999999999999995,0.25203714171481245
2023-03-24,100000.0,100000.0,0,-0.5,-0.5,0.18027605842061
2023-03-27,100000.0,100000.0,0,-0.5,-0.5,0.21232176348017287
2023-03-28,100000.0,100000.0,0,2.499999999999999,0.9999999999999996,0.17214482687052376
2023-03-29,100000.0,100000.0,0,-0.5,2.349999999999999,0.1823612629533031
2023-03-30,100000.0,100000.0,0,2.1499999999999995,2.499999999999999,0.1684075633705431
2023-03-31,100000.0,100000.0,0,2.1499999999999995,2.499999999999999,0.1856154691054505
2023-04-03,100000.0,100000.0,0,-0.5,2.0499999999999994,0.18245135311895977
2023-04-04,100000.0,100000.0,0,2.4499999999999993,1.9499999999999993,0.20532161278616803
2023-04-05,100000.0,100000.0,0,2.1999999999999993,-0.5,0.2292435551597479
2023-04-06,100000.0,100000.0,0,-0.5,-0.5,0.2085367812900508
2023-04-10,100000.0,100000.0,0,-0.5,-0.5,0.18965590319465733
2023-04-11,100000.0,100000.0,0,2.4499999999999993,-0.5,0.2275849046899825
2023-04-12,100000.0,100000.0,0,-0.5,0.9999999999999996,0.2620407224462838
2023-04-13,100000.0,100000.0,0,-0.5,1.9999999999999996,0.2153859025544055
2023-04-14,100000.0,100000.0,0,-0.5,1.9999999999999996,0.20238479820776556
2023-04-17,100000.0,100000.0,0,1.9499999999999993,2.2499999999999996,0.1806697166210791
2023-04-18,100000.0,100000.0,0,1.9499999999999993,2.1499999999999995,0.22510670609916641
2023-04-19,100000.0,100000.0,0,2.1999999999999993,1.8999999999999995,0.19343427581722653
2023-04-20,100000.0,100000.0,0,2.2999999999999994,2.3999999999999995,0.22381015675551508
2023-04-21,100000.0,100000.0,0,2.1499999999999995,-0.5,0.17090528252698498
2023-04-24,100000.0,100000.0,0,2.2499999999999996,1.4999999999999996,0.1835929372702969
2023-04-25,100000.0,100000.0,0,2.349999999999999,-0.5,0.22536309181752764
2023-04-26,100000.0,100000.0,0,-0.5,-0.5,0.2088313368970162
2023-04-27,100000.0,100000.0,0,1.3499999999999996,1.8999999999999995,0.19045839418479035
2023-04-28,100000.0,100000.0,0,-0.5,2.1999999999999993,0.1605586607421248
2023-05-01,100000.0,100000.0,0,0.9999999999999996,-0.5,0.18402311416631426
2023-05-02,100000.0,100000.0,0,2.1999999999999993,-0.5,0.22068956697851871
2023-05-03,100000.0,100000.0,0,2.1499999999999995,1.7999999999999994,0.2482514286723008
2023-05-04,100000.0,100000.0,0,-0.5,2.499999999999999,0.18595079982670482
2023-05-05,100000.0,100000.0,0,1.2499999999999996,-0.5,0.17759201109182954
2023-05-08,100000.0,100000.0,0,1.2499999999999996,-0.5,0.1466164267606724
2023-05-09,100000.0,100000.0,0,1.7499999999999996,2.4499999999999993,0.20483878362660493
2023-05-10,100000.0,100000.0,0,1.0499999999999996,2.2999999999999994,0.18023714799701077
2023-05-11,100000.0,100000.0,0,-0.5,2.2499999999999996,0.1692188486601718
2023-05-12,100000.0,100000.0,0,1.8499999999999996,-0.5,0.1975686547522748
2023-05-15,100000.0,100000.0,0,1.8499999999999996,-0.5,0.1892414715310169
2023-05-16,100000.0,100000.0,0,-0.5,1.7499999999999996,0.21380167528898633
2023-05-17,100000.0,100000.0,0,-0.5,2.2499999999999996,0.19092398193731153
2023-05-18,100000.0,100000.0,0,-0.5,2.499999999999999,0.20965447167773965
2023-05-19,100000.0,100000.0,0,-0.5,1.0999999999999996,0.22718098052040103
2023-05-22,100000.0,100000.0,0,-0.5,1.0999999999999996,0.20446947502590482
2023-05-23,100000.0,100000.0,0,-0.5,-0.5,0.30219238668686704
2023-05-24,100000.0,100000.0,0,2.1999999999999993,-0.5,0.24418478661843354
2023-05-25,100000.0,100000.0,0,-0.5,1.7999999999999994,0.21996320578189957
2023-05-26,100000.0,100000.0,0,-0.5,1.7999999999999994,0.25846410290842514
2023-05-30,100000.0,100000.0,0,-0.5,2.4499999999999993,0.26029471585728964
2023-05-31,100000.0,100000.0,0,2.0999999999999996,1.5499999999999994,0.291393546749349
2023-06-01,100000.0,100000.0,0,2.3999999999999995,2.0499999999999994,0.26990836672795987
2023-06-02,100000.0,100000.0,0,-0.5,2.3999999999999995,0.2108520265133372
2023-06-05,100000.0,100000.0,0,-0.5,2.3999999999999995,0.22348092741978332
2023-06-06,100000.0,100000.0,0,1.9999999999999996,-0.5,0.21250331746887277
2023-06-07,100000.0,100000.0,0,2.4499999999999993,-0.5,0.33313126397330545
2023-06-08,100000.0,100000.0,0,2.499999999999999,1.0499999999999996,0.2237930687107468
2023-06-09,100000.0,100000.0,0,-0.5,-0.5,0.23782101689622173
2023-06-12,100000.0,100000.0,0,1.8999999999999995,2.2499999999999996,0.2283334104002731
2023-06-13,100000.0,100000.0,0,1.4499999999999995,2.4499999999999993,0.19907228003064015
2023-06-14,100000.0,100000.0,0,-0.5,2.4499999999999993,0.20255084912983243
2023-06-15,100000.0,100000.0,0,1.3999999999999995,2.499999999999999,0.2743568809232931
2023-06-16,100000.0,100000.0,0,0.7999999999999998,2.499999999999999,0.25225202052571066
2023-06-20,100000.0,100000.0,0,-0.5,1.7999999999999994,0.23331554213307118
2023-06-21,100000.0,100000.0,0,-0.5,1.2999999999999996,0.2603485216146835
2023-06-22,100000.0,100000.0,0,-0.5,1.3499999999999996,0.2263221805344655
2023-06-23,100000.0,100000.0,0,-0.5,0.5999999999999996,0.2456495896909154
2023-06-26,100000.0,100000.0,0,1.8999999999999995,1.7999999999999994,0.29713535800808594
2023-06-27,100000.0,100000.0,0,1.9999999999999996,2.3999999999999995,0.2194705922444257
2023-06-28,100000.0,100000.0,0,-0.5,1.9999999999999996,0.2228278601203867
2023-06-29,100000.0,100000.0,0,2.349999999999999,1.9499999999999993,0.20375073303175692
2023-06-30,100000.0,100000.0,0,2.0999999999999996,2.1499999999999995,0.24362203673311797
2023-07-03,100000.0,100000.0,0,1.5999999999999996,-0.5,0.2091968432356418
2023-07-05,100000.0,100000.0,0,1.1499999999999997,2.2499999999999996,0.21650142592070432
2023-07-06,100000.0,100000.0,0,1.1999999999999997,2.1999999999999993,0.1920254150266342
2023-07-07,100000.0,100000.0,0,-0.5,2.1999999999999993,0.2456207007810953
2023-07-10,100000.0,100000.0,0,1.6499999999999995,1.3999999999999995,0.1804044477378549
2023-07-11,100000.0,100000.0,0,1.5999999999999996,1.0499999999999996,0.18399679653168063
2023-07-12,100000.0,100000.0,0,1.5999999999999996,1.0499999999999996,0.18275106283090872
2023-07-13,100000.0,100000.0,0,1.5999999999999996,1.0499999999999996,0.21455994091200004
2023-07-14,100000.0,100000.0,0,-0.5,2.2999999999999994,0.23021882675282979
2023-07-17,100000.0,100000.0,0,1.5499999999999994,2.1999999999999993,0.19594839956047427
2023-07-18,100000.0,100000.0,0,1.3499999999999996,2.3999999999999995,0.22027424403044862
2023-07-19,100000.0,100000.0,0,2.3999999999999995,1.9999999999999996,0.23042114263730137
2023-07-20,100000.0,100000.0,0,1.8499999999999996,-0.5,0.2997449325359591
2023-07-21,100000.0,100000.0,0,1.6499999999999995,-0.5,0.2611554550752418
2023-07-24,100000.0,100000.0,0,1.6499999999999995,-0.5,0.21187839995258217
2023-07-25,100000.0,100000.0,0,2.349999999999999,1.6499999999999995,0.21626417594267888
2023-07-26,100000.0,100000.0,0,1.8999999999999995,-0.5,0.21251704886066922
2023-07-27,100000.0,100000.0,0,1.8999999999999995,0.7999999999999998,0.3296571442692237
2023-07-28,100000.0,100000.0,0,1.3999999999999995,1.3999999999999995,0.21756534440303668
2023-07-31,100000.0,100000.0,0,0.8999999999999997,-0.5,0.21490670785467167
2023-08-01,100000.0,100000.0,0,0.9499999999999997,1.1999999999999997,0.20567066988783309
2023-08-02,100000.0,100000.0,0,2.2999999999999994,-0.5,0.26916148320582667
2023-08-03,100000.0,100000.0,0,1.5999999999999996,0.7999999999999998,0.21517463635909564
2023-08-04,100000.0,100000.0,0,1.4499999999999995,0.8499999999999996,0.2791051184416887
2023-08-07,100000.0,100000.0,0,1.4499999999999995,0.8499999999999996,0.17288179458434075
2023-08-08,100000.0,100000.0,0,1.7499999999999996,1.9999999999999996,0.1781728627107133
2023-08-09,100000.0,100000.0,0,1.6999999999999993,-0.5,0.24096246147297765
2023-08-10,100000.0,100000.0,0,1.6499999999999995,-0.5,0.2617628869327983
2023-08-11,100000.0,100000.0,0,1.9999999999999996,-0.5,0.1921475486906379
2023-08-14,100000.0,100000.0,0,-0.5,2.1499999999999995,0.1884508820800048
2023-08-15,100000.0,100000.0,0,2.2999999999999994,2.1499999999999995,0.24799156563484437
2023-08-16,100000.0,100000.0,0,1.6499999999999995,2.0999999999999996,0.2537235278123532
2023-08-17,100000.0,100000.0,0,2.4499999999999993,-0.5,0.2600573319314476
2023-08-18,100000.0,100000.0,0,1.9499999999999993,1.3999999999999995,0.18246424917231938
2023-08-21,100000.0,100000.0,0,1.9499999999999993,1.3999999999999995,0.18995950986292506
2023-08-22,100000.0,100000.0,0,0.8999999999999997,2.0999999999999996,0.22237665887677668
2023-08-23,100000.0,100000.0,0,-0.5,2.499999999999999,0.2023451181778314
2023-08-24,100000.0,100000.0,0,0.8499999999999996,2.499999999999999,0.32924314375558655
2023-08-25,100000.0,100000.0,0,1.9999999999999996,2.0499999999999994,0.20637324007139482
2023-08-28,100000.0,100000.0,0,1.9999999999999996,2.0499999999999994,0.18057866236438125
2023-08-29,100000.0,100000.0,0,1.9999999999999996,2.0499999999999994,0.22024714004928117
2023-08-30,100000.0,100000.0,0,1.9999999999999996,2.0499999999999994,0.183710992568777
2023-08-31,100000.0,100000.0,0,1.1999999999999997,-0.5,0.21485706269468344
2023-09-01,100000.0,100000.0,0,-0.5,2.2999999999999994,0.2261966857937204
2023-09-05,100000.0,100000.0,0,1.2999999999999996,1.3499999999999996,0.23132225163831674
2023-09-06,100000.0,100000.0,0,1.3499999999999996,-0.5,0.23596467305612437
2023-09-07,100000.0,100000.0,0,1.7499999999999996,2.1999999999999993,0.1920396636041923
2023-09-08,100000.0,100000.0,0,0.9999999999999996,1.3999999999999995,0.21889131730552278
2023-09-11,100000.0,100000.0,0,0.9999999999999996,1.3999999999999995,0.19776263513053183
2023-09-12,100000.0,100000.0,0,1.6999999999999993,2.3999999999999995,0.26112197722383396
2023-09-13,100000.0,100000.0,0,-0.5,1.9499999999999993,0.2117352207008855
2023-09-14,100000.0,100000.0,0,1.4499999999999995,2.1499999999999995,0.21748428071218587
2023-09-15,100000.0,100000.0,0,2.4499999999999993,-0.5,0.2866388390711106
2023-09-18,100000.0,100000.0,0,1.5499999999999994,1.9999999999999996,0.20445249739727203
2023-09-19,100000.0,100000.0,0,1.6499999999999995,1.3499999999999996,0.20526458485435625
2023-09-20,100000.0,100000.0,0,2.349999999999999,-0.5,0.29042289975446794
2023-09-21,100000.0,100000.0,0,2.2999999999999994,2.1999999999999993,0.24282492392015972
2023-09-22,100000.0,100000.0,0,2.4499999999999993,1.3499999999999996,0.2381716474437977
2023-09-25,100000.0,100000.0,0,2.0999999999999996,1.4499999999999995,0.1728068855772893
2023-09-26,100000.0,100000.0,0,2.499999999999999,-0.5,0.3144155494360087
2023-09-27,100000.0,100000.0,0,2.499999999999999,-0.5,0.2665649187785593
2023-09-28,100000.0,100000.0,0,2.3999999999999995,1.7999999999999994,0.2764910498773738
2023-09-29,100000.0,100000.0,0,2.2499999999999996,2.1499999999999995,0.31891907778776635
2023-10-02,100000.0,100000.0,0,1.5999999999999996,2.4499999999999993,0.2629492337055073
2023-10-03,100000.0,100000.0,0,1.7499999999999996,2.4499999999999993,0.3324895362688367
2023-10-04,100000.0,100000.0,0,2.349999999999999,1.8999999999999995,0.2487307817118193
2023-10-05,100000.0,100000.0,0,2.1999999999999993,2.1999999999999993,0.24764770898769606
2023-10-06,100000.0,100000.0,0,1.1499999999999997,1.8499999999999996,0.2022794061667009
2023-10-09,100000.0,100000.0,0,1.0999999999999996,-0.5,0.17551875116487825
2023-10-10,100000.0,100000.0,0,0.5999999999999996,-0.5,0.2025477359173733
2023-10-11,100000.0,100000.0,0,-0.5,-0.5,0.16315194147486337
2023-10-12,100000.0,100000.0,0,0.6499999999999997,-0.5,0.22060254668550064
2023-10-13,100000.0,100000.0,0,0.6499999999999997,-0.5,0.26733864959414755
2023-10-16,100000.0,100000.0,0,0.6499999999999997,-0.5,0.18802720851685514
2023-10-17,100000.0,100000.0,0,1.6499999999999995,2.499999999999999,0.21338294582263637
2023-10-18,100000.0,100000.0,0,2.3999999999999995,2.499999999999999,0.2342806031917297
2023-10-19,100000.0,100000.0,0,2.1999999999999993,-0.5,0.3700392598994838
2023-10-20,100000.0,100000.0,0,-0.5,-0.5,0.3515660578005986
2023-10-23,100000.0,100000.0,0,-0.5,2.0999999999999996,0.3093057558407284
2023-10-24,100000.0,100000.0,0,1.8499999999999996,1.9999999999999996,0.2475979790366366
2023-10-25,100000.0,100000.0,0,2.2499999999999996,1.2499999999999996,0.3520835235794135
2023-10-26,100000.0,100000.0,0,2.499999999999999,-0.5,0.335299914536148
2023-10-27,100000.0,100000.0,0,-0.5,2.1999999999999993,0.3098113951374057
2023-10-30,100000.0,100000.0,0,-0.5,-0.5,0.25144493687566166
2023-10-31,100000.0,100000.0,0,-0.5,-0.5,0.2293814208784145
2023-11-01,100000.0,100000.0,0,0.6999999999999997,-0.5,0.2549061913806106
2023-11-02,100000.0,100000.0,0,0.8999999999999997,-0.5,0.1626721302559255
2023-11-03,100000.0,100000.0,0,0.8999999999999997,-0.5,0.1792524065420533
2023-11-06,100000.0,100000.0,0,0.8999999999999997,-0.5,0.16642280426211467
2023-11-07,100000.0,100000.0,0,0.8999999999999997,-0.5,0.18119695882591283
2023-11-08,100000.0,100000.0,0,0.8999999999999997,-0.5,0.16694095114086047
2023-11-09,100000.0,100000.0,0,2.349999999999999,2.3999999999999995,0.21678312964677118
2023-11-10,100000.0,100000.0,0,2.1999999999999993,2.1499999999999995,0.17396748863625397
2023-11-13,100000.0,100000.0,0,-0.5,1.8999999999999995,0.1892585678015507
2023-11-14,100000.0,100000.0,0,2.4499999999999993,1.9499999999999993,0.1716727026045024
2023-11-15,100000.0,100000.0,0,1.7999999999999994,2.2499999999999996,0.1930934101115985
2023-11-16,100000.0,100000.0,0,-0.5,1.8999999999999995,0.2020110686888447
2023-11-17,100000.0,100000.0,0,-0.5,1.9999999999999996,0.19394725258294354
2023-11-20,100000.0,100000.0,0,-0.5,2.2999999999999994,0.20576850323197018
2023-11-21,100000.0,100000.0,0,-0.5,1.9499999999999993,0.18210416967961573
2023-11-22,100000.0,100000.0,0,2.3999999999999995,1.7499999999999996,0.21662001194139271
2023-11-24,100000.0,100000.0,0,2.499999999999999,-0.5,0.17969622893129686
2023-11-27,100000.0,100000.0,0,1.1499999999999997,1.2499999999999996,0.2105025872083225
2023-11-28,100000.0,100000.0,0,1.3999999999999995,1.1499999999999997,0.18072108166576473
2023-11-29,100000.0,100000.0,0,1.1999999999999997,1.1999999999999997,0.2577626521903109
2023-11-30,100000.0,100000.0,0,1.3499999999999996,0.7499999999999998,0.20000178265047908
2023-12-01,100000.0,100000.0,0,1.2999999999999996,1.4999999999999996,0.18713550507338386
2023-12-04,100000.0,100000.0,0,1.6499999999999995,1.0499999999999996,0.16924979818787214
2023-12-05,100000.0,100000.0,0,1.7499999999999996,0.5499999999999998,0.18280738365810079
2023-12-06,100000.0,100000.0,0,1.7499999999999996,0.9499999999999997,0.24705175917152
2023-12-07,100000.0,100000.0,0,1.7499999999999996,1.7499999999999996,0.18702097138666207
2023-12-08,100000.0,100000.0,0,1.0999999999999996,1.6999999999999993,0.16802005043180532
2023-12-11,100000.0,100000.0,0,1.0999999999999996,1.6999999999999993,0.1698496614300989
2023-12-12,100000.0,100000.0,0,1.0999999999999996,1.6999999999999993,0.17082487441536867
2023-12-13,100000.0,100000.0,0,1.0999999999999996,1.6999999999999993,0.1975294705437964
2023-12-14,100000.0,100000.0,0,0.9999999999999996,-0.5,0.2163460695129481
2023-12-15,100000.0,100000.0,0,0.6999999999999997,2.499999999999999,0.17836332975417638
2023-12-18,100000.0,100000.0,0,2.1499999999999995,1.0999999999999996,0.17581999260217326
2023-12-19,100000.0,100000.0,0,2.499999999999999,1.0999999999999996,0.1578257847282684
2023-12-20,100000.0,100000.0,0,-0.5,0.7999999999999998,0.25824064826339826
2023-12-21,100000.0,100000.0,0,2.499999999999999,1.3499999999999996,0.16687863239882864
2023-12-22,100000.0,100000.0,0,1.8499999999999996,0.7499999999999998,0.17234299347148366
2023-12-26,100000.0,100000.0,0,1.8499999999999996,0.7499999999999998,0.17568614051410514
2023-12-27,100000.0,100000.0,0,1.8499999999999996,0.7499999999999998,0.1628834173222015
2023-12-28,100000.0,100000.0,0,1.8499999999999996,0.7499999999999998,0.21059456694900136
2023-12-29,100000.0,100000.0,0,2.2499999999999996,1.5999999999999996,0.20763375699749695
2024-01-02,99076.76399625781,0.0,1,2.2499999999999996,1.5999999999999996,0.20425142440394672
2024-01-03,98180.60958195874,0.0,1,1.9499999999999993,-0.5,0.20679223430124619
2024-01-04,98252.00649958146,98252.00649958146,0,2.4499999999999993,-0.5,0.3745148807370305
2024-01-05,98252.00649958146,98252.00649958146,0,2.2999999999999994,1.2499999999999996,0.32641291537419953
2024-01-08,98252.00649958146,98252.00649958146,0,2.2999999999999994,1.2499999999999996,0.31542192973074884
2024-01-09,98252.00649958146,98252.00649958146,0,1.0499999999999996,2.0999999999999996,0.28637636326303545
2024-01-10,98778.8528264025,98778.8528264025,0,0.6999999999999997,2.2999999999999994,0.2848151220099754
2024-01-11,98778.8528264025,98778.8528264025,0,0.3999999999999998,1.2999999999999996,0.3235662641681241
2024-01-12,98778.8528264025,98778.8528264025,0,0.6999999999999997,1.1499999999999997,0.3062648294928572
2024-01-16,99138.88281444367,0.0,1,1.4499999999999995,1.5999999999999996,0.2430370920531303
2024-01-17,98589.51321885288,98589.51321885288,0,1.2499999999999996,0.8499999999999996,0.2144563377820439
2024-01-18,98589.51321885288,98589.51321885288,0,1.7499999999999996,2.3999999999999995,0.15381439007655648
2024-01-19,98589.51321885288,98589.51321885288,0,1.7499999999999996,2.3999999999999995,0.17390449379209996
2024-01-22,98767.36468905956,98767.36468905956,0,1.7499999999999996,2.3999999999999995,0.2070221368162096
2024-01-23,99568.96033023894,0.0,1,-0.5,2.499999999999999,0.19284937662569843
2024-01-24,99918.2700715887,99918.2700715887,0,-0.5,2.499999999999999,0.2672098928331505
2024-01-25,99117.67289551179,0.0,1,-0.5,2.0999999999999996,0.2712552173231641
2024-01-26,99382.01788104855,99382.01788104855,0,-0.5,2.499999999999999,0.23429802571908506
2024-01-29,99382.01788104855,99382.01788104855,0,-0.5,2.499999999999999,0.20893138108435952
2024-01-30,97999.9053941557,0.0,1,2.499999999999999,-0.5,0.22521456553294192
2024-01-31,98152.0908759672,98152.0908759672,0,2.499999999999999,2.2499999999999996,0.2853890444188818
2024-02-01,99775.1556601861,0.0,1,-0.5,-0.5,0.19673926955443263
2024-02-02,99599.22104489288,99599.22104489288,0,2.1499999999999995,2.4499999999999993,0.2313939136276273
2024-02-05,99599.22104489288,99599.22104489288,0,2.1499999999999995,2.4499999999999993,0.22697467941287672
2024-02-06,99438.74219536697,0.0,1,-0.5,-0.5,0.24594661622550337
2024-02-07,99954.73460754719,0.0,1,1.7999999999999994,1.6499999999999995,0.2066363046185411
2024-02-08,100116.70579654964,0.0,1,1.2999999999999996,2.1499999999999995,0.19743285419235712
2024-02-09,100903.19762980439,0.0,1,1.5499999999999994,2.1999999999999993,0.22865229463464232
2024-02-12,100273.1728613087,0.0,1,2.2999999999999994,-0.5,0.2843903300754738
2024-02-13,98939.2742672043,0.0,1,2.4499999999999993,-0.5,0.29426342665738386
2024-02-14,99363.90634560431,99363.90634560431,0,2.3999999999999995,1.5999999999999996,0.2144508926810199
2024-02-15,99363.90634560431,99363.90634560431,0,2.3999999999999995,1.5999999999999996,0.20719446443874415
2024-02-16,98976.86400231515,0.0,1,2.4499999999999993,1.7499999999999996,0.2814098716322841
2024-02-20,98138.27225852196,0.0,1,2.2999999999999994,-0.5,0.2553088757130413
2024-02-21,99361.60252213235,0.0,1,1.7999999999999994,2.0999999999999996,0.1973202295018555
2024-02-22,100022.68804702598,0.0,1,1.6499999999999995,2.0999999999999996,0.2599928438539914
2024-02-23,99557.34827917856,99557.34827917856,0,1.7499999999999996,1.8999999999999995,0.26120486818609007
2024-02-26,99454.73534577125,0.0,1,1.7999999999999994,2.0999999999999996,0.25122024638011503
2024-02-27,99714.6881104031,0.0,1,2.499999999999999,2.4499999999999993,0.19992295200669027
2024-02-28,99208.50517768424,0.0,1,2.0999999999999996,1.9999999999999996,0.24846645822000493
2024-02-29,100395.35499926389,100395.35499926389,0,1.9499999999999993,2.4499999999999993,0.2234264497922682
2024-03-01,100754.3279592542,100754.3279592542,0,-0.5,2.3999999999999995,0.21797569368239877
2024-03-04,100547.37413798556,0.0,1,1.6499999999999995,-0.5,0.28059413500548297
2024-03-05,99049.4109558662,0.0,1,1.9999999999999996,-0.5,0.3093725930675146
2024-03-06,99684.91048767441,99684.91048767441,0,1.9499999999999993,2.349999999999999,0.3027398321315006
2024-03-07,99369.69951732697,0.0,1,-0.5,1.6999999999999993,0.23656678184149826
2024-03-08,99675.96833248725,99675.96833248725,0,1.9499999999999993,-0.5,0.32225937891277995
2024-03-11,99910.77930764844,99910.77930764844,0,2.3999999999999995,2.2499999999999996,0.24178027035144656
2024-03-12,99910.77930764844,99910.77930764844,0,1.7999999999999994,2.2999999999999994,0.26170177532020816
2024-03-13,100294.92039974246,0.0,1,1.6999999999999993,1.9999999999999996,0.26909921622609073
2024-03-14,101049.49508596116,101049.49508596116,0,1.5499999999999994,1.6999999999999993,0.2815690556358854
2024-03-15,99861.17873149936,0.0,1,2.3999999999999995,1.1499999999999997,0.29004384722318827
2024-03-18,100938.87309142466,0.0,1,2.0499999999999994,-0.5,0.28466731980183435
2024-03-19,101389.73046258684,0.0,1,2.2999999999999994,-0.5,0.21536097346361538
2024-03-20,101496.08656039948,101496.08656039948,0,2.0999999999999996,2.1999999999999993,0.22692842608870764
2024-03-21,101496.08656039948,101496.08656039948,0,2.0999999999999996,2.1999999999999993,0.27586978585320837
2024-03-22,101653.5863911128,101653.5863911128,0,-0.5,1.9999999999999996,0.26688273138242563
2024-03-25,101771.82953823084,0.0,1,1.2999999999999996,1.8499999999999996,0.2404246526033349
2024-03-26,101979.71363448178,101979.71363448178,0,0.5499999999999998,2.0999999999999996,0.3110870929429448
2024-03-27,102075.62802602528,102075.62802602528,0,0.9499999999999997,1.8499999999999996,0.24118829529975197
2024-03-28,102130.77111547638,102130.77111547638,0,-0.5,2.349999999999999,0.2592386715465734
2024-04-01,101739.2724972436,0.0,1,1.5499999999999994,-0.5,0.24694609281642158
2024-04-02,101255.16156762619,101255.16156762619,0,1.9999999999999996,1.2499999999999996,0.20776505886505872
2024-04-03,102162.16472001097,102162.16472001097,0,2.0499999999999994,1.6999999999999993,0.22992258401021584
2024-04-04,102162.16472001097,102162.16472001097,0,2.0499999999999994,1.6999999999999993,0.3859166994903367
2024-04-05,102191.37777543967,0.0,1,2.0499999999999994,1.6999999999999993,0.2552393991913549
2024-04-08,102490.55594608243,102490.55594608243,0,1.4999999999999996,-0.5,0.21300816680121126
2024-04-09,102627.88425002278,102627.88425002278,0,1.2999999999999996,1.9999999999999996,0.2174121044928697
2024-04-10,103080.30087710649,0.0,1,1.0999999999999996,1.5499999999999994,0.20876821742339624
2024-04-11,103896.10350344749,103896.10350344749,0,1.1499999999999997,2.3999999999999995,0.24867168055896913
2024-04-12,102734.84295412726,0.0,1,1.5499999999999994,-0.5,0.2738153351908875
2024-04-15,101252.09625000891,0.0,1,1.5499999999999994,-0.5,0.34550945733351585
2024-04-16,102262.63304084817,102262.63304084817,0,2.2499999999999996,-0.5,0.21405642863171667
2024-04-17,102410.99782834295,0.0,1,-0.5,-0.5,0.26527195150768923
2024-04-18,101313.88289345108,0.0,1,-0.5,-0.5,0.23877189948236954
2024-04-19,99672.05784623853,0.0,1,-0.5,1.6499999999999995,0.26606677379786153
2024-04-22,100902.75782797018,0.0,1,1.2999999999999996,2.4499999999999993,0.2096236618979395
2024-04-23,101559.0975861791,101559.0975861791,0,1.2999999999999996,2.499999999999999,0.201226752128742
2024-04-24,101448.57500800109,0.0,1,-0.5,2.499999999999999,0.2425932922036045
2024-04-25,103224.02731552332,0.0,1,1.3499999999999996,1.9499999999999993,0.19948475980687305
2024-04-26,103468.27157417423,0.0,1,1.4499999999999995,-0.5,0.22723429021119998
2024-04-29,104411.97529524034,104411.97529524034,0,1.4499999999999995,-0.5,0.20167805635043237
2024-04-30,104411.97529524034,104411.97529524034,0,2.3999999999999995,-0.5,0.3480587632639775
2024-05-01,104411.97529524034,104411.97529524034,0,1.9499999999999993,1.4499999999999995,0.3351679655378106
2024-05-02,104455.72926576552,104455.72926576552,0,-0.5,2.4499999999999993,0.240874692722136
2024-05-03,104455.72926576552,104455.72926576552,0,-0.5,2.499999999999999,0.19196717214648648
2024-05-06,104455.72926576552,104455.72926576552,0,-0.5,2.499999999999999,0.1824256830993463
2024-05-07,104700.5566662519,104700.5566662519,0,1.1499999999999997,-0.5,0.22686501225787628
2024-05-08,104549.17903423686,0.0,1,1.1999999999999997,2.499999999999999,0.25138196682697167
2024-05-09,104994.59463171955,104994.59463171955,0,1.2499999999999996,2.499999999999999,0.2180664456410877
2024-05-10,104994.59463171955,104994.59463171955,0,0.6499999999999997,2.499999999999999,0.22218166739856346
2024-05-13,104994.59463171955,104994.59463171955,0,0.6499999999999997,2.499999999999999,0.25450165533976826
2024-05-14,105765.07971244816,0.0,1,-0.5,-0.5,0.18767834205125808
2024-05-15,106487.62225909276,106487.62225909276,0,-0.5,2.4499999999999993,0.20518227456956983
2024-05-16,106395.8164968162,0.0,1,-0.5,2.499999999999999,0.2381161304361179
2024-05-17,106294.59475892154,0.0,1,1.4999999999999996,-0.5,0.22406544885534416
2024-05-20,107000.79293027967,0.0,1,-0.5,-0.5,0.1972945239703107
2024-05-21,107370.36997329042,0.0,1,1.9999999999999996,1.4999999999999996,0.1723114146205592
2024-05-22,108099.47444637185,0.0,1,-0.5,1.1999999999999997,0.20389503258399333
2024-05-23,108550.8346697315,108550.8346697315,0,2.499999999999999,1.4499999999999995,0.3314730825959426
2024-05-24,108777.65525168556,108777.65525168556,0,2.349999999999999,1.8999999999999995,0.2274289930811696
2024-05-28,109117.32562401859,0.0,1,2.349999999999999,1.8999999999999995,0.1932029503019581
2024-05-29,108776.46759304104,108776.46759304104,0,2.0499999999999994,-0.5,0.23692615171483655
2024-05-30,108877.06899878186,108877.06899878186,0,1.8499999999999996,1.7999999999999994,0.270376595145849
2024-05-31,108660.13880063119,108660.13880063119,0,2.3999999999999995,2.1999999999999993,0.23627890521601302
2024-06-03,108660.13880063119,108660.13880063119,0,2.3999999999999995,2.1999999999999993,0.22547462429018242
2024-06-04,108660.13880063119,108660.13880063119,0,2.3999999999999995,2.1999999999999993,0.18367548997818686
2024-06-05,108767.26817963844,108767.26817963844,0,2.3999999999999995,2.1999999999999993,0.2021800826108314
2024-06-06,108767.26817963844,108767.26817963844,0,2.3999999999999995,2.1999999999999993,0.17248568555037103
2024-06-07,108767.26817963844,108767.26817963844,0,2.3999999999999995,2.1999999999999993,0.1973709390574457
2024-06-10,108767.26817963844,108767.26817963844,0,-0.5,2.1499999999999995,0.18964180895519345
2024-06-11,109817.81980727093,0.0,1,-0.5,1.5999999999999996,0.17632382937657723
2024-06-12,111789.94909039355,0.0,1,0.8999999999999997,2.0499999999999994,0.19671758891767957
2024-06-13,111911.8881186009,0.0,1,-0.5,1.6499999999999995,0.18320496638800768
2024-06-14,112371.50445569011,0.0,1,1.0499999999999996,-0.5,0.16885878602955975
2024-06-17,112693.00164827792,0.0,1,-0.5,1.2999999999999996,0.23271522091189048
2024-06-18,112813.76737422199,0.0,1,-0.5,1.9999999999999996,0.19632621047069387
2024-06-20,113396.69424368282,113396.69424368282,0,1.7999999999999994,-0.5,0.31465078675053865
2024-06-21,113422.62264720575,113422.62264720575,0,2.1999999999999993,-0.5,0.23260520740676405
2024-06-24,113440.70631742812,0.0,1,2.4499999999999993,-0.5,0.28235489475971454
2024-06-25,114585.7269328624,0.0,1,2.349999999999999,-0.5,0.18731249542037032
2024-06-26,114332.34032485397,0.0,1,2.3999999999999995,1.9499999999999993,0.1861646524181054
2024-06-27,115357.8389553786,115357.8389553786,0,2.3999999999999995,1.9499999999999993,0.21647813772461535
2024-06-28,115357.8389553786,115357.8389553786,0,2.3999999999999995,1.9499999999999993,0.3163279440978968
2024-07-01,115810.49380593874,115810.49380593874,0,2.3999999999999995,1.9499999999999993,0.24315680407827692
2024-07-02,115810.49380593874,115810.49380593874,0,2.3999999999999995,1.9499999999999993,0.24435289161566268
2024-07-03,115810.49380593874,115810.49380593874,0,2.3999999999999995,1.9499999999999993,0.20390895788836025
2024-07-05,115810.49380593874,115810.49380593874,0,2.3999999999999995,1.9499999999999993,0.23057084964645794
2024-07-08,115810.49380593874,115810.49380593874,0,2.3999999999999995,1.9499999999999993,0.18400364339762224
2024-07-09,115810.49380593874,115810.49380593874,0,2.3999999999999995,1.9499999999999993,0.2387574019788442
2024-07-10,115810.49380593874,115810.49380593874,0,2.3999999999999995,1.9499999999999993,0.2354777900054571
2024-07-11,115810.49380593874,115810.49380593874,0,1.2999999999999996,-0.5,0.40571365554742994
2024-07-12,115810.49380593874,115810.49380593874,0,1.0999999999999996,-0.5,0.3097953439015912
2024-07-15,115810.49380593874,115810.49380593874,0,1.0999999999999996,-0.5,0.31994048585065127
2024-07-16,116888.59719299764,0.0,1,0.7499999999999998,-0.5,0.2568116306563702
2024-07-17,115643.09389710843,115643.09389710843,0,2.4499999999999993,-0.5,0.4423849422046753
2024-07-18,115643.09389710843,115643.09389710843,0,2.499999999999999,1.0999999999999996,0.45567538760852044
2024-07-19,115643.09389710843,115643.09389710843,0,2.0499999999999994,0.04999999999999982,0.4609353669568379
2024-07-22,115643.09389710843,115643.09389710843,0,2.0499999999999994,0.04999999999999982,0.3052883630995928
2024-07-23,115643.09389710843,115643.09389710843,0,2.3999999999999995,-0.5,0.3738372310308112
2024-07-24,115643.09389710843,115643.09389710843,0,2.3999999999999995,-0.5,0.46003680623380855
2024-07-25,115643.09389710843,115643.09389710843,0,2.1499999999999995,-0.5,0.4297873656371162
2024-07-26,115643.09389710843,115643.09389710843,0,1.9999999999999996,-0.5,0.30969743237690744
2024-07-29,115643.09389710843,115643.09389710843,0,0.6999999999999997,-0.5,0.33976768400505986
2024-07-30,115643.09389710843,115643.09389710843,0,0.5999999999999996,2.2499999999999996,0.4169070995869914
2024-07-31,115643.09389710843,115643.09389710843,0,-0.5,1.8499999999999996,0.3531193726839272
2024-08-01,115643.09389710843,115643.09389710843,0,2.4499999999999993,-0.5,0.47746885459080923
2024-08-02,115643.09389710843,115643.09389710843,0,2.1499999999999995,-0.5,0.36880161700268715
2024-08-05,115643.09389710843,115643.09389710843,0,-0.5,-0.5,0.37964484045402797
2024-08-06,118640.68676326085,118640.68676326085,0,-0.5,-0.5,0.2632341824509134
2024-08-07,115089.30479623619,0.0,1,2.499999999999999,-0.5,0.2847562941752834
2024-08-08,117011.63692703556,117011.63692703556,0,-0.5,-0.5,0.20996797780127605
2024-08-09,117318.8565034015,117318.8565034015,0,-0.5,-0.5,0.20328464780231678
2024-08-12,117318.8565034015,117318.8565034015,0,-0.5,-0.5,0.2864139940202359
2024-08-13,117318.8565034015,117318.8565034015,0,-0.5,-0.5,0.1353686251344853
2024-08-14,117351.81978546566,0.0,1,-0.5,-0.5,0.14815555028879748
2024-08-15,120442.76138825044,0.0,1,-0.5,-0.5,0.1450155037677766
2024-08-16,120260.19551835666,0.0,1,2.3999999999999995,-0.5,0.1407059889342941
2024-08-19,122024.99892732978,0.0,1,-0.5,-0.5,0.16078427034329748
2024-08-20,122057.57401888198,0.0,1,-0.5,-0.5,0.20157091765365862
2024-08-21,123001.43673626895,0.0,1,-0.5,-0.5,0.16791262438400242
2024-08-22,122231.43105676425,0.0,1,-0.5,-0.5,0.24171220654134631
2024-08-23,122745.96379370677,122745.96379370677,0,-0.5,-0.5,0.2053545124444558
2024-08-26,121849.9669867783,121849.9669867783,0,2.0999999999999996,0.4999999999999998,0.22629217494394974
2024-08-27,121734.70004302372,0.0,1,2.1999999999999993,0.44999999999999973,0.18336018254904438
2024-08-28,120091.36950966486,0.0,1,2.3999999999999995,1.9999999999999996,0.2553027815400463
2024-08-29,122151.8634990762,0.0,1,2.3999999999999995,-0.5,0.25000242556600644
2024-08-30,123356.26155100619,0.0,1,2.349999999999999,2.0999999999999996,0.18558270448809785
2024-09-03,122615.4919964858,122615.4919964858,0,2.4499999999999993,-0.5,0.31794115109223176
2024-09-04,122909.43141416466,0.0,1,2.2499999999999996,-0.5,0.20223247740195885
2024-09-05,122821.249588861,0.0,1,2.2999999999999994,-0.5,0.19654261408916682
2024-09-06,120375.34144892878,0.0,1,2.3999999999999995,-0.5,0.26144047948060317
2024-09-09,122624.13311851119,0.0,1,2.0999999999999996,-0.5,0.13833146309963382
2024-09-10,123453.98531135047,0.0,1,1.7999999999999994,2.2999999999999994,0.15516519173451218
2024-09-11,123222.2733354278,123222.2733354278,0,-0.5,2.499999999999999,0.21377389429573967
2024-09-12,123222.2733354278,123222.2733354278,0,-0.5,2.499999999999999,0.18329891991551103
2024-09-13,123490.24399086663,0.0,1,-0.5,2.499999999999999,0.19212454716335758
2024-09-16,123120.8087183199,0.0,1,2.2999999999999994,2.4499999999999993,0.17154576784679806
2024-09-17,123758.51167721742,123758.51167721742,0,2.2999999999999994,2.499999999999999,0.22733112474695572
2024-09-18,124908.2560806194,124908.2560806194,0,-0.5,2.2499999999999996,0.24360993492218616
2024-09-19,125292.47734469912,0.0,1,-0.5,1.9999999999999996,0.19014170055696075
2024-09-20,125253.13863602848,0.0,1,-0.5,2.349999999999999,0.20501319416866423
2024-09-23,125416.786736032,0.0,1,1.6499999999999995,-0.5,0.19497710032692495
2024-09-24,126146.70921382548,0.0,1,2.349999999999999,2.2999999999999994,0.17605832732860138
2024-09-25,125783.04676937322,125783.04676937322,0,2.0999999999999996,2.2999999999999994,0.20086749771517387
2024-09-26,125783.04676937322,125783.04676937322,0,2.0999999999999996,2.2999999999999994,0.2474962673130767
2024-09-27,125783.04676937322,125783.04676937322,0,2.0999999999999996,2.2999999999999994,0.3061089748243518
2024-09-30,127812.09255910345,127812.09255910345,0,2.3999999999999995,2.2499999999999996,0.20046620000186768
2024-10-01,127812.09255910345,127812.09255910345,0,2.1499999999999995,-0.5,0.3279225403584661
2024-10-02,128855.90766043226,0.0,1,1.8499999999999996,2.499999999999999,0.21876852515616593
2024-10-03,129584.94816718709,0.0,1,2.1499999999999995,1.8499999999999996,0.2797738366664672
2024-10-04,130522.73374289842,130522.73374289842,0,2.0999999999999996,-0.5,0.23308523230255718
2024-10-07,130522.73374289842,130522.73374289842,0,2.0999999999999996,-0.5,0.31453815585251604
2024-10-08,131012.01841529485,131012.01841529485,0,1.4499999999999995,1.3999999999999995,0.2367210869459333
2024-10-09,132503.8458716036,0.0,1,-0.5,2.1999999999999993,0.19853349493208108
2024-10-10,133347.8516169456,0.0,1,1.6999999999999993,2.1999999999999993,0.22075818287637516
2024-10-11,133150.4934677321,0.0,1,-0.5,2.0999999999999996,0.23272046145024783
2024-10-14,134564.45708364324,0.0,1,-0.5,2.0999999999999996,0.19840850242502905
2024-10-15,132688.18414015888,132688.18414015888,0,1.9499999999999993,1.0999999999999996,0.3753116945755411
2024-10-16,133244.80277589167,133244.80277589167,0,1.9999999999999996,-0.5,0.2092476691129216
2024-10-17,133244.80277589167,133244.80277589167,0,-0.5,1.4999999999999996,0.29188702079065315
2024-10-18,133549.68927454535,0.0,1,1.5499999999999994,1.5499999999999994,0.2087542207939428
2024-10-21,133811.94183483935,133811.94183483935,0,1.3999999999999995,2.1999999999999993,0.21526771460026772
2024-10-22,134879.2231460759,0.0,1,1.1499999999999997,1.5999999999999996,0.24090746165233154
2024-10-23,134661.5663059007,134661.5663059007,0,1.8999999999999995,1.4499999999999995,0.3194516322526938
2024-10-24,134751.85689021292,134751.85689021292,0,2.2999999999999994,2.349999999999999,0.21383071888158064
2024-10-25,134222.5133750318,0.0,1,0.9999999999999996,1.8999999999999995,0.2915331231286533
2024-10-28,135617.80858940666,135617.80858940666,0,1.5999999999999996,-0.5,0.30302702785899943
2024-10-29,135617.80858940666,135617.80858940666,0,1.4999999999999996,2.1999999999999993,0.2125489419440442
2024-10-30,135617.80858940666,135617.80858940666,0,1.1499999999999997,2.2499999999999996,0.323664376874998
2024-10-31,135617.80858940666,135617.80858940666,0,2.3999999999999995,-0.5,0.3524484437310518
2024-11-01,135617.80858940666,135617.80858940666,0,2.349999999999999,1.2999999999999996,0.25837815653220836
2024-11-04,135617.80858940666,135617.80858940666,0,2.0999999999999996,1.7499999999999996,0.24682650634900527
2024-11-05,135617.80858940666,135617.80858940666,0,1.4999999999999996,1.6999999999999993,0.20869183569932112
2024-11-06,135617.80858940666,135617.80858940666,0,1.4999999999999996,1.6999999999999993,0.21023568613886143
2024-11-07,135617.80858940666,135617.80858940666,0,1.4999999999999996,1.6999999999999993,0.20562165827477027
2024-11-08,135617.80858940666,135617.80858940666,0,1.4999999999999996,1.6999999999999993,0.19669212935995195
2024-11-11,135792.72749595338,135792.72749595338,0,1.4999999999999996,1.6999999999999993,0.20467613680344363
2024-11-12,135736.70189377805,135736.70189377805,0,-0.5,-0.5,0.23281548695110074
2024-11-13,135787.35644493913,0.0,1,2.3999999999999995,-0.5,0.23618057765822922
2024-11-14,135558.56364912403,0.0,1,1.9999999999999996,-0.5,0.28884209315740156
2024-11-15,132971.3741362517,0.0,1,1.9499999999999993,-0.5,0.27478281200041926
2024-11-18,133752.61440280674,0.0,1,1.1999999999999997,-0.5,0.19741641378789118
2024-11-19,133570.04588464057,133570.04588464057,0,1.0999999999999996,2.499999999999999,0.20333740918975976
2024-11-20,133570.04588464057,133570.04588464057,0,-0.5,2.0999999999999996,0.21413799266819059
2024-11-21,135128.64476112378,0.0,1,-0.5,-0.5,0.2582756496949247
2024-11-22,135917.3333492237,0.0,1,1.1499999999999997,-0.5,0.1842746827186749
2024-11-25,136475.3240791028,136475.3240791028,0,0.3999999999999998,2.0499999999999994,0.2592889069720155
2024-11-26,136781.5574605617,0.0,1,0.6499999999999997,2.3999999999999995,0.18859090063065698
2024-11-27,135956.56588228606,135956.56588228606,0,1.5499999999999994,1.9999999999999996,0.22785906867342165
2024-11-29,135956.56588228606,135956.56588228606,0,1.5499999999999994,1.9999999999999996,0.18540024493379906
2024-12-02,135956.56588228606,135956.56588228606,0,1.5499999999999994,1.9999999999999996,0.1802541149265159
2024-12-03,135956.56588228606,135956.56588228606,0,1.5499999999999994,1.9999999999999996,0.16110413077920818
2024-12-04,135956.56588228606,135956.56588228606,0,1.5499999999999994,1.9999999999999996,0.18838052849621592
2024-12-05,135753.47464322488,135753.47464322488,0,1.5499999999999994,-0.5,0.22135014095214453
2024-12-06,135753.47464322488,135753.47464322488,0,-0.5,-0.5,0.15988064722204756
2024-12-09,135227.70831093736,0.0,1,2.0999999999999996,1.0499999999999996,0.29313306021141033
2024-12-10,135642.01682116755,135642.01682116755,0,2.2999999999999994,1.6999999999999993,0.274082243878429
2024-12-11,135642.01682116755,135642.01682116755,0,-0.5,1.0499999999999996,0.17842553407529624
2024-12-12,135642.01682116755,135642.01682116755,0,-0.5,1.0499999999999996,0.26259408481176966
2024-12-13,135459.69805886928,135459.69805886928,0,-0.5,1.0499999999999996,0.21906025046066102
2024-12-16,135917.11754391942,135917.11754391942,0,-0.5,1.0499999999999996,0.23975599039522202
2024-12-17,135921.7461272212,0.0,1,1.8999999999999995,1.3499999999999996,0.2635163470522587
2024-12-18,136114.78431804714,136114.78431804714,0,2.1499999999999995,1.4999999999999996,0.4873384450243976
2024-12-19,133787.81240020113,0.0,1,2.1999999999999993,-0.5,0.2579678969079572
2024-12-20,136193.22157370485,0.0,1,2.2999999999999994,-0.5,0.23446986583314125
2024-12-23,136588.0224271821,0.0,1,2.2999999999999994,-0.5,0.1570716762871949
2024-12-24,138562.0266945683,0.0,1,-0.5,2.4499999999999993,0.15136898948410518
2024-12-26,138256.09525175128,0.0,1,1.8999999999999995,-0.5,0.19701362787184742
2024-12-27,138663.6673163199,138663.6673163199,0,2.0999999999999996,-0.5,0.22793072732417297
2024-12-30,136157.7063516743,0.0,1,2.499999999999999,2.4499999999999993,0.20675402689707303
2024-12-31,135821.0685346876,0.0,1,2.4499999999999993,2.4499999999999993,0.23849404228660154
2025-01-02,134925.7610451291,134925.7610451291,0,2.2999999999999994,-0.5,0.2257427006299756
2025-01-03,136649.63692992524,0.0,1,2.349999999999999,-0.5,0.17925864215651588
2025-01-06,137271.4032267261,137271.4032267261,0,2.349999999999999,-0.5,0.24385989471604685
2025-01-07,137271.4032267261,137271.4032267261,0,2.2499999999999996,-0.5,0.34835712205517183
2025-01-08,137829.7706318239,0.0,1,2.2499999999999996,2.0999999999999996,0.21933416068665088
2025-01-10,137977.4906086748,137977.4906086748,0,2.1999999999999993,-0.5,0.2920239903209793
2025-01-13,140173.12617951373,0.0,1,2.1999999999999993,-0.5,0.18823950086540642
2025-01-14,139544.22553862014,0.0,1,-0.5,2.2499999999999996,0.26393205858667035
2025-01-15,142369.2595154161,142369.2595154161,0,-0.5,1.8499999999999996,0.2137817267522845
2025-01-16,142369.2595154161,142369.2595154161,0,1.1999999999999997,1.4999999999999996,0.328472970905074
2025-01-17,143009.89017033606,143009.89017033606,0,1.1499999999999997,2.349999999999999,0.2860349978618128
2025-01-21,143009.89017033606,143009.89017033606,0,1.1499999999999997,2.349999999999999,0.22276368878982336
2025-01-22,143009.89017033606,143009.89017033606,0,1.1499999999999997,2.349999999999999,0.2963423975911264
2025-01-23,143160.89239240292,143160.89239240292,0,0.4999999999999998,-0.5,0.25421401814083305
2025-01-24,143160.89239240292,143160.89239240292,0,0.5499999999999998,-0.5,0.326375550040505
2025-01-27,143410.3650966287,143410.3650966287,0,0.5499999999999998,-0.5,0.2553991921619072
2025-01-28,144061.18110585105,0.0,1,-0.5,2.1499999999999995,0.2393344684716806
2025-01-29,145732.96235715057,0.0,1,-0.5,2.1999999999999993,0.2199224671128551
2025-01-30,147655.14911706778,147655.14911706778,0,-0.5,1.2499999999999996,0.2644643195019632
2025-01-31,147655.14911706778,147655.14911706778,0,-0.5,1.2499999999999996,0.3582673427253464
2025-02-03,150268.3676660882,0.0,1,1.7499999999999996,2.499999999999999,0.2884306227062908
2025-02-04,149641.42782004614,0.0,1,1.7499999999999996,-0.5,0.22485265047894168
2025-02-05,149214.45243044654,149214.45243044654,0,2.1499999999999995,2.499999999999999,0.2013401335043509
2025-02-06,149214.45243044654,149214.45243044654,0,-0.5,2.3999999999999995,0.21361669730917163
2025-02-07,149214.45243044654,149214.45243044654,0,-0.5,-0.5,0.38260636491009126
2025-02-10,149389.92974769347,149389.92974769347,0,1.1999999999999997,2.4499999999999993,0.21942596930998004
2025-02-11,149766.8478464233,0.0,1,1.0499999999999996,2.4499999999999993,0.2423716228297095
2025-02-12,149727.5847792315,149727.5847792315,0,1.1999999999999997,-0.5,0.21140050530112867
2025-02-13,149727.5847792315,149727.5847792315,0,1.1999999999999997,-0.5,0.18784412051118485
2025-02-14,149727.5847792315,149727.5847792315,0,1.1999999999999997,-0.5,0.1787052273116526
2025-02-18,150805.0203473464,0.0,1,1.1999999999999997,-0.5,0.1700619855646406
2025-02-19,150486.971373674,0.0,1,1.4999999999999996,-0.5,0.19242504166512683
2025-02-20,151560.04840953177,151560.04840953177,0,1.7499999999999996,2.4499999999999993,0.2632590224269447
2025-02-21,151560.04840953177,151560.04840953177,0,2.1999999999999993,-0.5,0.4144602085740625
2025-02-24,151560.04840953177,151560.04840953177,0,2.0499999999999994,-0.5,0.3332616756646272
2025-02-25,150823.01382444485,0.0,1,2.1499999999999995,-0.5,0.26566332552706934
2025-02-26,149839.6873259503,0.0,1,2.3999999999999995,1.9999999999999996,0.267713849405993
2025-02-27,151051.6281207479,151051.6281207479,0,2.2999999999999994,1.1499999999999997,0.41530257380858515
2025-02-28,151531.46991167837,151531.46991167837,0,-0.5,1.0999999999999996,0.22268125306310807
2025-03-03,151531.46991167837,151531.46991167837,0,-0.5,1.0999999999999996,0.4031498316955304
2025-03-04,151531.46991167837,151531.46991167837,0,2.3999999999999995,-0.5,0.30709022115017626
2025-03-05,151189.84619481396,151189.84619481396,0,2.499999999999999,-0.5,0.2259292111707117
2025-03-06,151189.84619481396,151189.84619481396,0,1.9999999999999996,-0.5,0.33085520851537775
2025-03-07,149216.78534903494,0.0,1,2.1499999999999995,2.499999999999999,0.20647689902824704
2025-03-10,147386.61131274953,147386.61131274953,0,2.499999999999999,-0.5,0.3069773403392982
2025-03-11,145788.44207566645,0.0,1,2.349999999999999,-0.5,0.2402613063885413
2025-03-12,146918.3962092669,146918.3962092669,0,2.0999999999999996,2.4499999999999993,0.2136315600331911
2025-03-13,147847.93360869677,0.0,1,2.3999999999999995,2.4499999999999993,0.2678390813627893
2025-03-14,148652.26869312034,148652.26869312034,0,2.349999999999999,-0.5,0.2076373242805167
2025-03-17,148652.26869312034,148652.26869312034,0,2.349999999999999,-0.5,0.2552913477975597
2025-03-18,148652.26869312034,148652.26869312034,0,2.4499999999999993,1.9499999999999993,0.3009856392593513
2025-03-19,148980.68176806252,148980.68176806252,0,2.4499999999999993,2.4499999999999993,0.27009365841087424
2025-03-20,148207.78844674086,0.0,1,2.0999999999999996,1.9499999999999993,0.28267302567683916
2025-03-21,148947.2835818631,148947.2835818631,0,1.7499999999999996,-0.5,0.2036103436506023
2025-03-24,148947.2835818631,148947.2835818631,0,1.7499999999999996,-0.5,0.20094289867453444
2025-03-25,149774.51597770987,0.0,1,1.6999999999999993,2.499999999999999,0.19126354397401626
2025-03-26,149268.48004325415,149268.48004325415,0,1.9499999999999993,2.2499999999999996,0.38758308977279626
2025-03-27,149268.48004325415,149268.48004325415,0,2.4499999999999993,2.499999999999999,0.32854543109049
2025-03-28,149268.48004325415,149268.48004325415,0,2.499999999999999,-0.5,0.40012745178364195
2025-03-31,149268.48004325415,149268.48004325415,0,1.8999999999999995,-0.5,0.36813373551576073
2025-04-01,149268.48004325415,149268.48004325415,0,2.1499999999999995,-0.5,0.3324336391413132
2025-04-02,149268.48004325415,149268.48004325415,0,-0.5,-0.5,0.4254600302904392
2025-04-03,149268.48004325415,149268.48004325415,0,-0.5,2.499999999999999,0.458996896788086
2025-04-04,149268.48004325415,149268.48004325415,0,-0.5,-0.5,0.49600542118498464
2025-04-07,149268.48004325415,149268.48004325415,0,-0.5,-0.5,0.5040544770267182
2025-04-08,149268.48004325415,149268.48004325415,0,-0.5,-0.5,0.5436458880949495
2025-04-09,149268.48004325415,149268.48004325415,0,-0.5,-0.5,0.5249796352664027
2025-04-10,149268.48004325415,149268.48004325415,0,-0.5,-0.5,0.4517573983087526
2025-04-11,149268.48004325415,149268.48004325415,0,-0.5,-0.5,0.4087669737267358
2025-04-14,149268.48004325415,149268.48004325415,0,2.349999999999999,-0.5,0.4615585258548709
2025-04-15,149268.48004325415,149268.48004325415,0,2.4499999999999993,-0.5,0.47948514814474213
2025-04-16,149268.48004325415,149268.48004325415,0,2.499999999999999,-0.5,0.4069324236310437
2025-04-17,149268.48004325415,149268.48004325415,0,-0.5,-0.5,0.35490563532559766
2025-04-21,149268.48004325415,149268.48004325415,0,-0.5,-0.5,0.32013799925385394
2025-04-22,149626.74077299132,149626.74077299132,0,-0.5,-0.5,0.2832652991383729
2025-04-23,149626.74077299132,149626.74077299132,0,-0.5,-0.5,0.4048295700055596
2025-04-24,149626.74077299132,149626.74077299132,0,-0.5,-0.5,0.34539779937216714
2025-04-25,150480.28980217618,0.0,1,1.9499999999999993,-0.5,0.17692547061727282
2025-04-28,151707.71362123062,151707.71362123062,0,1.6499999999999995,-0.5,0.23968915910893282
2025-04-29,151535.0370349015,151535.0370349015,0,2.0999999999999996,-0.5,0.20498393361369804
2025-04-30,150708.04951436564,150708.04951436564,0,-0.5,-0.5,0.223891230575021
2025-05-01,150708.04951436564,150708.04951436564,0,2.1499999999999995,-0.5,0.3047822013290112
2025-05-02,151151.01693771008,151151.01693771008,0,2.1499999999999995,-0.5,0.21398644008957246
2025-05-05,151101.1310846396,0.0,1,-0.5,-0.5,0.29891544506109957
2025-05-06,152396.50448320896,0.0,1,-0.5,2.4499999999999993,0.29992937012544346
2025-05-07,150806.82377957195,150806.82377957195,0,-0.5,-0.5,0.2619321895080305
2025-05-08,150708.70995149433,0.0,1,2.3999999999999995,-0.5,0.24316958976718214
2025-05-09,151378.89705054497,151378.89705054497,0,2.4499999999999993,-0.5,0.2646457295950868
2025-05-12,151331.1208482251,0.0,1,2.4499999999999993,-0.5,0.19026011874685075
2025-05-13,151038.49160901582,151038.49160901582,0,2.4499999999999993,-0.5,0.24688152670256722
2025-05-14,151254.51109836774,151254.51109836774,0,1.3999999999999995,2.349999999999999,0.20100976587073527
2025-05-15,150649.75868745905,0.0,1,1.4999999999999996,2.0999999999999996,0.20853462013482715
2025-05-16,149504.03210590116,0.0,1,2.499999999999999,2.4499999999999993,0.20234834611641336
2025-05-19,151770.0370229779,0.0,1,2.499999999999999,2.4499999999999993,0.17127072551803058
2025-05-20,151020.51231963714,0.0,1,-0.5,1.1999999999999997,0.1771097721396445
2025-05-21,150244.8414057147,150244.8414057147,0,1.8999999999999995,1.5499999999999994,0.349269658678391
2025-05-22,150306.26611601957,0.0,1,2.0999999999999996,0.3999999999999998,0.19967141630037824
2025-05-23,148688.74874465796,0.0,1,-0.5,0.9499999999999997,0.17407690258843025
2025-05-27,152485.38083874,0.0,1,-0.5,0.9499999999999997,0.1286583087722441
2025-05-28,154570.89600290064,0.0,1,1.8999999999999995,2.499999999999999,0.185655145564381
2025-05-29,151411.91090150725,0.0,1,1.6999999999999993,-0.5,0.19655063829309208
2025-05-30,151657.60974272672,0.0,1,1.6999999999999993,2.3999999999999995,0.144998048829978
2025-06-02,152757.40455580442,0.0,1,1.6999999999999993,2.3999999999999995,0.13218736381511595
2025-06-03,154266.69743758126,0.0,1,1.6999999999999993,2.3999999999999995,0.11159970781216601
2025-06-04,154556.27107187564,0.0,1,1.6999999999999993,2.3999999999999995,0.11571596795574036
2025-06-05,153472.54722099644,153472.54722099644,0,2.0499999999999994,1.8999999999999995,0.2383850385528512
2025-06-06,154687.80779201834,0.0,1,1.9999999999999996,2.1999999999999993,0.16480604593512385
2025-06-09,154769.4080222069,0.0,1,1.8499999999999996,1.8999999999999995,0.17209200438314667
2025-06-10,155614.55326344512,0.0,1,1.7999999999999994,1.6999999999999993,0.12600830441976543
2025-06-11,154818.95101910704,0.0,1,1.6999999999999993,1.7499999999999996,0.1877330427650611
2025-06-12,154477.97862867644,0.0,1,1.8499999999999996,2.0999999999999996,0.16360372145082472
2025-06-13,153577.4618026674,0.0,1,1.7999999999999994,-0.5,0.24473234190518692
2025-06-16,154591.63609215332,0.0,1,2.2499999999999996,1.2999999999999996,0.15114762117918756
2025-06-17,154813.12243123644,154813.12243123644,0,1.4999999999999996,1.0999999999999996,0.24209848969549186
2025-06-18,154664.0021931872,0.0,1,0.9499999999999997,2.0999999999999996,0.18986794349667882
2025-06-20,154924.2316282143,154924.2316282143,0,0.9499999999999997,2.0999999999999996,0.43577799222672287
2025-06-23,156761.92280849832,156761.92280849832,0,-0.5,-0.5,0.2992084640175488
2025-06-24,157725.4795535215,0.0,1,-0.5,2.2999999999999994,0.12330101171737629
2025-06-25,158002.8671013312,0.0,1,-0.5,-0.5,0.18742675889942872
2025-06-26,159535.79828659535,0.0,1,0.4999999999999998,2.499999999999999,0.18799643249100403
2025-06-27,159889.1024264372,0.0,1,0.9499999999999997,-0.5,0.19619592101493288
2025-06-30,161048.2903893893,0.0,1,0.9499999999999997,-0.5,0.18318311398476395
2025-07-01,160784.39126819946,0.0,1,1.8999999999999995,0.8999999999999997,0.22700500460126558
2025-07-02,161835.99920582763,0.0,1,1.4999999999999996,0.8999999999999997,0.14991857473899603
2025-07-03,163266.53849528267,0.0,1,-0.5,2.349999999999999,0.175507395211682
2025-07-07,162088.62010704554,0.0,1,1.7999999999999994,1.1999999999999997,0.1923499758014963
2025-07-08,162308.9290325263,0.0,1,1.6499999999999995,0.7499999999999998,0.17502978414989445
2025-07-09,163281.2257569814,0.0,1,1.6499999999999995,1.7999999999999994,0.17549339324635038
2025-07-10,163360.53697015447,0.0,1,1.6499999999999995,2.1999999999999993,0.1815047238197173
2025-07-11,162587.98700480195,0.0,1,1.6999999999999993,1.7499999999999996,0.18165559819973187
2025-07-14,163228.351614866,0.0,1,1.5499999999999994,2.499999999999999,0.1780193688625181
2025-07-15,163257.72613826345,0.0,1,1.6499999999999995,-0.5,0.29625692402795695
2025-07-16,165168.52406662455,165168.52406662455,0,1.6499999999999995,0.6999999999999997,0.23096298804598836
2025-07-17,165168.52406662455,165168.52406662455,0,1.3999999999999995,0.9999999999999996,0.1500552305651687
2025-07-18,165380.60713214264,0.0,1,-0.5,0.9999999999999996,0.21722381704429758
2025-07-21,166214.2114035541,0.0,1,1.3499999999999996,1.9999999999999996,0.1935119596674135
2025-07-22,165622.14617898272,0.0,1,1.9499999999999993,1.6499999999999995,0.1958771447309852
2025-07-23,166626.59514206153,0.0,1,1.5499999999999994,2.2499999999999996,0.1063815308794146
2025-07-24,166664.88791778006,0.0,1,-0.5,-0.5,0.17462469528456073
2025-07-25,167027.19648804018,0.0,1,1.1499999999999997,1.1999999999999997,0.14592492437190588
2025-07-28,167625.15290887599,0.0,1,1.1499999999999997,1.1999999999999997,0.13534590638659785
2025-07-29,168405.1954960179,0.0,1,1.1999999999999997,1.8999999999999995,0.27982507997524264
2025-07-30,170232.2371914607,0.0,1,1.1999999999999997,1.8999999999999995,0.17433086996345803
2025-07-31,170866.95622202038,170866.95622202038,0,-0.5,1.4999999999999996,0.36004648294624486
2025-08-01,170129.26439334836,170129.26439334836,0,2.2999999999999994,-0.5,0.22434790858207201
2025-08-04,170129.26439334836,170129.26439334836,0,2.2999999999999994,-0.5,0.1030659623945988
2025-08-05,170129.26439334836,170129.26439334836,0,2.2999999999999994,-0.5,0.19424669529466007
2025-08-06,170129.26439334836,170129.26439334836,0,-0.5,2.0999999999999996,0.11682766265351692
2025-08-07,170129.26439334836,170129.26439334836,0,1.3999999999999995,2.0999999999999996,0.15518193421681428
2025-08-08,171765.07109231898,0.0,1,1.1499999999999997,1.9999999999999996,0.0908520544978411
2025-08-11,170785.31666528992,0.0,1,1.8999999999999995,-0.5,0.14360920243721337
2025-08-12,173153.06895584255,0.0,1,-0.5,2.3999999999999995,0.0898073333645783
2025-08-13,173096.3800754352,0.0,1,1.6499999999999995,-0.5,0.11202999902440695
2025-08-14,172675.94003079415,0.0,1,1.5999999999999996,0.6999999999999997,0.09483198799367003
2025-08-15,172082.5109302652,0.0,1,1.4999999999999996,0.6499999999999997,0.1151993601973012
2025-08-18,172157.06232480402,0.0,1,1.2499999999999996,0.8999999999999997,0.07043768296009283
2025-08-19,171996.0313126002,171996.0313126002,0,1.9999999999999996,1.0999999999999996,0.3922431638228394
2025-08-20,171996.0313126002,171996.0313126002,0,1.8999999999999995,-0.5,0.27747660373967165
2025-08-21,171996.0313126002,171996.0313126002,0,1.3999999999999995,1.0499999999999996,0.319284890608832
2025-08-22,171996.0313126002,171996.0313126002,0,1.0499999999999996,2.2999999999999994,0.3027602788421167
2025-08-25,171764.1373795388,0.0,1,1.1999999999999997,-0.5,0.2670757307616539
2025-08-26,172664.60862610192,0.0,1,-0.5,-0.5,0.17223539469098817
2025-08-27,172598.30530408915,172598.30530408915,0,-0.5,2.3999999999999995,0.20260784035396973
2025-08-28,172598.30530408915,172598.30530408915,0,-0.5,2.3999999999999995,0.23086385684918495
2025-08-29,172598.30530408915,172598.30530408915,0,1.2999999999999996,-0.5,0.3064382449090341
2025-09-02,172598.30530408915,172598.30530408915,0,1.2999999999999996,-0.5,0.18506322906012404
2025-09-03,172631.64065118233,0.0,1,1.3999999999999995,-0.5,0.18233916680752457
2025-09-04,174622.670018475,0.0,1,-0.5,2.4499999999999993,0.16881802474005758
2025-09-05,175222.70626615227,175222.70626615227,0,-0.5,2.4499999999999993,0.2691291342286914
2025-09-08,175194.7136056663,0.0,1,0.8999999999999997,-0.5,0.2082860792335488
2025-09-09,175793.90785174386,0.0,1,1.1499999999999997,2.1499999999999995,0.1620778028653632
2025-09-10,175905.87849368766,0.0,1,1.0499999999999996,1.7999999999999994,0.16354527253895224
2025-09-11,176831.90596489844,0.0,1,1.0499999999999996,-0.5,0.10908763025676117
2025-09-12,177530.96591865557,0.0,1,0.6499999999999997,2.349999999999999,0.1735048307340028
2025-09-15,179016.84659958526,0.0,1,0.6499999999999997,2.349999999999999,0.16577598116641662
2025-09-16,179237.3635607059,0.0,1,-0.5,1.9999999999999996,0.21928873134896731
2025-09-17,179076.78646730137,179076.78646730137,0,0.7499999999999998,1.5999999999999996,0.2314621713773851
2025-09-18,180604.8974642165,180604.8974642165,0,1.1499999999999997,1.0999999999999996,0.24515556863511137
2025-09-19,181421.71721522306,0.0,1,0.6999999999999997,1.2999999999999996,0.1624980848467248
2025-09-22,182193.15809117365,0.0,1,2.3999999999999995,1.8999999999999995,0.1835577238202429
2025-09-23,181031.45888974215,0.0,1,-0.5,1.5999999999999996,0.30015123180959774
2025-09-24,180126.09282002205,180126.09282002205,0,1.7999999999999994,1.9999999999999996,0.24771815920520682
2025-09-25,179035.86938045867,0.0,1,1.9999999999999996,1.9499999999999993,0.22567047249032943
2025-09-26,179935.74429118537,0.0,1,1.6499999999999995,1.7499999999999996,0.17079409657787373
2025-09-29,181110.2614273285,0.0,1,1.6499999999999995,1.7499999999999996,0.27054685252108773
2025-09-30,181219.21995623747,0.0,1,1.3499999999999996,1.1499999999999997,0.1868266504436136
2025-10-01,182638.70745785712,0.0,1,1.2999999999999996,1.0999999999999996,0.18603526754253652
2025-10-02,183623.82073798313,183623.82073798313,0,1.2999999999999996,1.0999999999999996,0.2041278045447239
2025-10-03,183286.00484330734,0.0,1,1.4499999999999995,1.6499999999999995,0.24228636782761037
2025-10-06,184441.09849374526,0.0,1,1.4499999999999995,1.6499999999999995,0.18085269316175465
2025-10-07,184865.78458443325,184865.78458443325,0,1.2499999999999996,1.4999999999999996,0.27697897657193454
2025-10-08,184865.78458443325,184865.78458443325,0,-0.5,2.3999999999999995,0.16607353411719739
2025-10-09,184887.03700002134,0.0,1,1.2499999999999996,1.0499999999999996,0.1919712049104171
2025-10-10,184865.78458443325,184865.78458443325,0,2.0499999999999994,1.5499999999999994,0.5196814116869233
2025-10-13,185850.92015094342,0.0,1,2.0499999999999994,1.5499999999999994,0.18142672914962946
2025-10-14,184228.56753460554,0.0,1,2.3999999999999995,2.3999999999999995,0.2688203849719137
2025-10-15,187663.23786620924,187663.23786620924,0,1.9499999999999993,2.0999999999999996,0.26307963877539503
2025-10-16,187663.23786620924,187663.23786620924,0,1.4999999999999996,1.3499999999999996,0.35680148560682595
2025-10-17,192138.06443844634,0.0,1,1.7999999999999994,1.7999999999999994,0.1891987430326029
2025-10-20,194383.41744523952,0.0,1,1.7999999999999994,1.7999999999999994,0.18018008536167365
2025-10-21,193808.58166839433,0.0,1,1.2499999999999996,-0.5,0.19461089831562606
2025-10-22,191804.005911673,0.0,1,2.0499999999999994,1.9499999999999993,0.2656692454596
2025-10-23,194166.31245907044,0.0,1,1.4999999999999996,2.4499999999999993,0.18262272118608833
2025-10-24,195997.68086591776,0.0,1,-0.5,2.499999999999999,0.17726902273672054
2025-10-27,199622.3302950679,0.0,1,2.349999999999999,2.4499999999999993,0.17128284428264626
2025-10-28,199384.28414166486,199384.28414166486,0,1.0999999999999996,2.499999999999999,0.21910548137857902
2025-10-29,199630.22917902615,0.0,1,-0.5,1.9499999999999993,0.2027351520781204
2025-10-30,199913.2989372797,199913.2989372797,0,-0.5,-0.5,0.33720199712944243
2025-10-31,199913.2989372797,199913.2989372797,0,2.4499999999999993,1.7499999999999996,0.3167893605815451
2025-11-03,199832.94387318607,0.0,1,2.349999999999999,-0.5,0.2588489262762945
2025-11-04,197561.03324069217,197561.03324069217,0,2.3999999999999995,1.8999999999999995,0.30457586852518975
2025-11-05,198566.7334858613,198566.7334858613,0,2.3999999999999995,1.4499999999999995,0.2388327189805514
2025-11-06,198566.7334858613,198566.7334858613,0,2.4499999999999993,1.2499999999999996,0.3494999202217591
2025-11-07,199061.01223878615,0.0,1,2.2499999999999996,2.3999999999999995,0.1989561083519195
2025-11-10,202855.90240104482,0.0,1,2.2499999999999996,2.3999999999999995,0.19699055062969872
2025-11-11,202416.9048244339,0.0,1,-0.5,2.4499999999999993,0.18532211950882702
2025-11-12,203446.1342153228,0.0,1,1.7999999999999994,2.499999999999999,0.2540032985819464
2025-11-13,204175.0729144158,204175.0729144158,0,1.7999999999999994,2.0499999999999994,0.33961553089803403
2025-11-14,205974.18002204094,0.0,1,1.9999999999999996,2.0999999999999996,0.25457913767623325
2025-11-17,206806.3512871784,206806.3512871784,0,2.4499999999999993,-0.5,0.31430616007551787
2025-11-18,209225.37487427602,209225.37487427602,0,2.499999999999999,-0.5,0.2562219461814598
2025-11-19,213675.1987605986,213675.1987605986,0,2.2499999999999996,1.5499999999999994,0.26331421540985334
2025-11-20,213675.1987605986,213675.1987605986,0,2.349999999999999,1.0999999999999996,0.48131407327899983
2025-11-21,213675.1987605986,213675.1987605986,0,-0.5,1.6499999999999995,0.41484525343885076
2025-11-24,213675.1987605986,213675.1987605986,0,-0.5,1.6499999999999995,0.37033432042996534
2025-11-25,213675.1987605986,213675.1987605986,0,1.6999999999999993,-0.5,0.37491237742878286
2025-11-26,213675.1987605986,213675.1987605986,0,1.6999999999999993,-0.5,0.36932956203860323
2025-11-28,213675.1987605986,213675.1987605986,0,1.6999999999999993,-0.5,0.1600458612382475
2025-12-01,214662.66510043023,0.0,1,-0.5,-0.5,0.1980007135952118
2025-12-02,216522.85697300028,0.0,1,-0.5,-0.5,0.18091214724109964
2025-12-03,216592.396856087,0.0,1,1.1999999999999997,-0.5,0.1584979270616591
2025-12-04,216783.6315345755,0.0,1,1.2499999999999996,-0.5,0.17114798538251833
2025-12-05,217489.46134790583,0.0,1,1.3999999999999995,-0.5,0.19927952301430743
2025-12-08,219023.51261019075,0.0,1,1.3999999999999995,-0.5,0.27610306979506555
2025-12-09,218504.74967191112,0.0,1,1.5999999999999996,2.3999999999999995,0.1963550622191633
2025-12-10,218792.37540687976,0.0,1,1.3999999999999995,2.1999999999999993,0.19890246830796063
2025-12-11,218536.72365170246,0.0,1,1.6499999999999995,1.1499999999999997,0.17454877029657592
2025-12-12,217944.87232807282,217944.87232807282,0,2.2999999999999994,2.1499999999999995,0.3151812906664052
2025-12-15,216752.81013779365,0.0,1,2.0999999999999996,-0.5,0.2958015716101919
2025-12-16,217351.2304119576,0.0,1,2.1999999999999993,1.2999999999999996,0.18863973749332774
2025-12-17,218337.9114592398,218337.9114592398,0,2.0499999999999994,0.3999999999999998,0.3674102375867796
2025-12-18,219077.3063853015,219077.3063853015,0,2.2499999999999996,0.4999999999999998,0.23819406053491
2025-12-19,219077.3063853015,219077.3063853015,0,2.2499999999999996,0.4999999999999998,0.1591416327053318
2025-12-22,219077.3063853015,219077.3063853015,0,2.2499999999999996,0.4999999999999998,0.19766427330861244
2025-12-23,219077.3063853015,219077.3063853015,0,1.1499999999999997,2.4499999999999993,0.1604282262653805
2025-12-24,219077.3063853015,219077.3063853015,0,1.1499999999999997,2.4499999999999993,0.12899623022538778
2025-12-26,218961.3608636632,0.0,1,1.1499999999999997,2.4499999999999993,0.16756112605176407
2025-12-29,217821.72179097804,0.0,1,1.1499999999999997,2.4499999999999993,0.18542569195223327
2025-12-30,217120.2865200727,0.0,1,1.4499999999999995,1.3499999999999996,0.2322841628365229
2025-12-31,216376.475672296,0.0,1,1.6999999999999993,1.7499999999999996,0.26624832013402205
2026-01-02,218357.35544083576,218357.35544083576,0,1.2499999999999996,2.0999999999999996,0.2811374614262782
2026-01-05,218494.73563172444,0.0,1,-0.5,-0.5,0.2073740264653238
2026-01-06,220787.9797712858,0.0,1,0.4999999999999998,-0.5,0.16512848047011666
2026-01-07,219487.00703122313,0.0,1,0.7499999999999998,1.6499999999999995,0.21912814070190142
2026-01-08,218048.92816406483,0.0,1,1.9499999999999993,1.2999999999999996,0.2235759746013548
2026-01-09,218379.46516208805,218379.46516208805,0,1.4499999999999995,2.0499999999999994,0.21487600747354366
2026-01-12,219410.88083420042,0.0,1,1.0499999999999996,2.4499999999999993,0.16672423922280966
2026-01-13,219684.52172680173,0.0,1,1.1999999999999997,1.7999999999999994,0.20411601867195117
2026-01-14,217381.66158349664,0.0,1,2.0499999999999994,-0.5,0.23977163141305283
2026-01-15,218653.33077910152,218653.33077910152,0,2.3999999999999995,2.499999999999999,0.25263969794033997
2026-01-16,218653.33077910152,218653.33077910152,0,1.4999999999999996,-0.5,0.256973537451809
2026-01-20,218538.49372966806,0.0,1,1.4999999999999996,-0.5,0.2648589478759838
2026-01-21,219540.19695902616,219540.19695902616,0,2.1999999999999993,1.6999999999999993,0.23379701864367833
2026-01-22,219919.3988876536,0.0,1,2.0999999999999996,2.1499999999999995,0.18899107944118068
2026-01-23,220851.5556999785,0.0,1,2.2499999999999996,1.9999999999999996,0.2359669115062477
2026-01-26,220606.398002086,220606.398002086,0,1.8999999999999995,2.499999999999999,0.20672837146294987
2026-01-27,221907.86939349645,0.0,1,1.2499999999999996,2.1499999999999995,0.19020047561697626
2026-01-28,222576.4591171898,0.0,1,0.8999999999999997,2.1499999999999995,0.21591950299548027
2026-01-29,220151.1131585836,220151.1131585836,0,2.1999999999999993,-0.5,0.3066751566646968
2026-01-30,220313.70230512103,0.0,1,1.7999999999999994,-0.5,0.28496134788008454
2026-02-02,219902.1466564706,219902.1466564706,0,2.0999999999999996,2.2999999999999994,0.23625438089770287
2026-02-03,219902.1466564706,219902.1466564706,0,1.8499999999999996,2.499999999999999,0.3870932871459157
2026-02-04,219902.1466564706,219902.1466564706,0,2.4499999999999993,1.0499999999999996,0.31057776757850347
2026-02-05,219902.1466564706,219902.1466564706,0,2.1499999999999995,-0.5,0.4751576054339715
2026-02-06,219902.1466564706,219902.1466564706,0,-0.5,2.1999999999999993,0.37142645845044564
2026-02-09,219902.1466564706,219902.1466564706,0,1.8999999999999995,-0.5,0.3747156616586982
2026-02-10,219902.1466564706,219902.1466564706,0,2.349999999999999,-0.5,0.4715219875603564
2026-02-11,219902.1466564706,219902.1466564706,0,1.4999999999999996,-0.5,0.4329158549130616
2026-02-12,219902.1466564706,219902.1466564706,0,2.4499999999999993,-0.5,0.5828893870964795
2026-02-13,219902.1466564706,219902.1466564706,0,2.2999999999999994,-0.5,0.4155984599246892
2026-02-17,219902.1466564706,219902.1466564706,0,2.499999999999999,1.2999999999999996,0.36737986673323136
2026-02-18,219902.1466564706,219902.1466564706,0,2.499999999999999,1.6999999999999993,0.42090811720134874
2026-02-19,219902.1466564706,219902.1466564706,0,2.3999999999999995,1.2999999999999996,0.3714108636490177
2026-02-20,219902.1466564706,219902.1466564706,0,2.1999999999999993,0.8999999999999997,0.3746326351927931
2026-02-23,219902.1466564706,219902.1466564706,0,2.4499999999999993,-0.5,0.47315745424843353
2026-02-24,219902.1466564706,219902.1466564706,0,1.0499999999999996,1.7999999999999994,0.35558289991771813
2026-02-25,219902.1466564706,219902.1466564706,0,1.4999999999999996,2.0999999999999996,0.1529570262336961
2026-02-26,219631.47823913101,0.0,1,1.8499999999999996,-0.5,0.2940608526805207
2026-02-27,220982.0481575954,0.0,1,1.9999999999999996,1.3499999999999996,0.20216084137044302
2026-03-02,219109.44267500847,219109.44267500847,0,1.9999999999999996,1.3499999999999996,0.24546376610096546
2026-03-03,221327.99134417647,0.0,1,1.9999999999999996,1.3499999999999996,0.2301245849125834
2026-03-04,220356.44097286183,220356.44097286183,0,2.499999999999999,2.499999999999999,0.21243858241222405
2026-03-05,222716.01229342548,222716.01229342548,0,1.3499999999999996,2.2999999999999994,0.263908014511045
2026-03-06,222716.01229342548,222716.01229342548,0,2.2999999999999994,1.8999999999999995,0.3022248728129346
2026-03-09,222716.01229342548,222716.01229342548,0,2.2999999999999994,1.8999999999999995,0.382344600216681
2026-03-10,222716.01229342548,222716.01229342548,0,2.2999999999999994,1.8999999999999995,0.43243288781646555
2026-03-11,222716.01229342548,222716.01229342548,0,1.7999999999999994,-0.5,0.38924162155617553
2026-03-12,222716.01229342548,222716.01229342548,0,2.499999999999999,-0.5,0.465752715706569
2026-03-13,222716.01229342548,222716.01229342548,0,2.4499999999999993,2.2499999999999996,0.4472366445813262
2026-03-16,222716.01229342548,222716.01229342548,0,1.9499999999999993,1.6999999999999993,0.331745402092311
2026-03-17,222716.01229342548,222716.01229342548,0,2.1999999999999993,2.2999999999999994,0.31380437567976444
2026-03-18,222716.01229342548,222716.01229342548,0,2.499999999999999,2.3999999999999995,0.4266555668721594
2026-03-19,222716.01229342548,222716.01229342548,0,2.349999999999999,1.4499999999999995,0.3074171980107607
2026-03-20,222716.01229342548,222716.01229342548,0,-0.5,1.7999999999999994,0.4094245919002168
2026-03-23,222716.01229342548,222716.01229342548,0,-0.5,-0.5,0.3926470361444408
2026-03-24,222716.01229342548,222716.01229342548,0,2.349999999999999,-0.5,0.31875186723581006
2026-03-25,222716.01229342548,222716.01229342548,0,-0.5,-0.5,0.31454067388567
2026-03-26,222716.01229342548,222716.01229342548,0,-0.5,1.1499999999999997,0.4090423282952784
2026-03-27,222716.01229342548,222716.01229342548,0,-0.5,1.1499999999999997,0.394942687469237
