date,p_day,buy_level,sell_level,chosen_action,reward_force_buy,reward_free,reward_force_sell,chosen_reward,best_action_ex_post,oracle_equity,close,buy_th_5m,sell_th_5m
2010-01-04,0.2287291492343052,0.2,0.3,FREE,0.0,0.0,0.0,0.0,FORCE_BUY,100000.0,113.21,0.3,0.3
2010-01-05,0.2745805407957956,0.2,0.3,FREE,0.0,0.0,0.0,0.0,FORCE_BUY,100000.0,113.6,0.3,0.3
2010-01-06,0.2904425886928712,0.2,0.3,FREE,0.0,0.0,0.0,0.0,FORCE_BUY,100000.0,113.79,0.3,0.3
2010-01-07,0.2832101619327638,0.2,0.3,FREE,0.0,0.0,0.0,0.0,FORCE_BUY,100000.0,114.23,0.3,0.3
2010-01-08,0.2622541702729822,0.2,0.3,FREE,0.0,0.0,0.0,0.0,FORCE_BUY,100000.0,114.7,0.3,0.3
2010-01-11,0.3222784414471018,0.2,0.3,FORCE_SELL,0.0,0.0,0.0,0.0,FORCE_BUY,100000.0,114.57,0.3,0.3
2010-01-12,0.30496874423442377,0.2,0.3,FORCE_SELL,0.0,0.0,0.0,0.0,FORCE_BUY,100000.0,113.96,0.3,0.3
2010-01-13,0.26316399592319206,0.2,0.3,FREE,0.0,0.0,0.0,0.0,FORCE_BUY,100000.0,114.82,0.3,0.3
2010-01-14,0.29960584271722096,0.2,0.3,FREE,0.0,0.0,0.0,0.0,FORCE_BUY,100000.0,115.0,0.3,0.3
2010-01-15,0.26643312440196004,0.2,0.3,FREE,0.0,0.0,0.0,0.0,FORCE_BUY,100000.0,113.55,0.3,0.3
2010-01-19,0.25815014095433414,0.2,0.3,FREE,0.0,0.0,0.0,0.0,FORCE_BUY,100000.0,115.13,0.3,0.3
2010-01-20,0.2997688778287159,0.2,0.3,FREE,0.0,0.0,0.0,0.0,FORCE_BUY,100000.0,114.08,0.3,0.3
2010-01-21,0.3068518516402267,0.2,0.3,FORCE_SELL,0.0,0.0,0.0,0.0,FORCE_BUY,100000.0,111.53,0.3,0.3
2010-01-22,0.3147093382135761,0.2,0.3,FORCE_SELL,0.0,0.0,0.0,0.0,FORCE_BUY,100000.0,109.27,0.3,0.3
2010-01-25,0.3393683584141865,0.2,0.3,FORCE_SELL,0.0,0.0,0.0,0.0,FORCE_BUY,100000.0,109.86,0.3,0.3
2010-01-26,0.33036398460912686,0.2,0.3,FORCE_SELL,0.0,0.0,0.0,0.0,FORCE_BUY,100000.0,109.51,0.3,0.3
2010-01-27,0.28652148343456413,0.2,0.3,FREE,0.0,0.0,0.0,0.0,FORCE_BUY,100000.0,110.11,0.3,0.3
2010-01-28,0.32964781264897486,0.2,0.3,FORCE_SELL,0.0,0.0,0.0,0.0,FORCE_BUY,100000.0,108.11,0.3,0.3
2010-01-29,0.36450133092368614,0.2,0.3,FORCE_SELL,0.0,0.0,0.0,0.0,FORCE_BUY,100000.0,107.35,0.3,0.3
2010-02-01,0.3021819540872401,0.2,0.3,FORCE_SELL,0.0,0.0,0.0,0.0,FORCE_BUY,100000.0,109.17,0.3,0.3
2010-02-02,0.3152783501961747,0.2,0.3,FORCE_SELL,0.0,0.0,0.0,0.0,FORCE_BUY,100000.0,110.21,0.3,0.3
2010-02-03,0.37413377365279804,0.2,0.3,FORCE_SELL,0.0,0.0,0.0,0.0,FORCE_BUY,100000.0,110.05,0.3,0.3
2010-02-04,0.39760604295906393,0.2,0.3,FORCE_SELL,0.0,0.0,0.0,0.0,FORCE_BUY,100000.0,106.73,0.3,0.3
2010-02-05,0.3122861912183896,0.2,0.3,FORCE_SELL,0.0,0.0,0.0,0.0,FORCE_BUY,100000.0,106.64,0.3,0.3
2010-02-08,0.38374571656816636,0.2,0.3,FORCE_SELL,0.0,0.0,0.0,0.0,FORCE_BUY,100000.0,106.02,0.3,0.3
2010-02-09,0.3524099672065764,0.2,0.3,FORCE_SELL,0.0,0.0,0.0,0.0,FORCE_BUY,100000.0,107.29,0.3,0.3
2010-02-10,0.34293631786901185,0.2,0.3,FORCE_SELL,0.0,0.0,0.0,0.0,FORCE_BUY,100000.0,107.2,0.3,0.3
2010-02-11,0.3119342325103624,0.2,0.3,FORCE_SELL,0.0,0.0,0.0,0.0,FORCE_BUY,100000.0,108.09,0.3,0.3
2010-02-12,0.2946008647778492,0.2,0.3,FREE,0.0,0.0,0.0,0.0,FORCE_BUY,100000.0,108.32,0.3,0.3
2010-02-16,0.2990046346918728,0.2,0.3,FREE,0.0,0.0,0.0,0.0,FORCE_BUY,100000.0,109.95,0.3,0.3
2010-02-17,0.31933231417676233,0.2,0.3,FORCE_SELL,0.0,0.0,0.0,0.0,FORCE_BUY,100000.0,110.2,2.0999999999999996,2.4499999999999993
2010-02-18,0.27830080412936936,0.2,0.3,FREE,0.0010909090909091174,0.0018181419999733044,0.0,0.0018181419999733044,FREE,100181.81419999732,110.12,0.7499999999999998,2.499999999999999
2010-02-19,0.26850198487491195,0.2,0.3,FREE,0.008791806398984884,-0.001444080586456213,-0.0012689205111936753,-0.001444080586456213,FORCE_BUY,101062.59331514277,111.3,0.7499999999999998,-0.5
2010-02-22,0.2650227722430209,0.2,0.3,FREE,0.002254893118066193,0.003607828988905822,0.0,0.003607828988905822,FREE,101427.20986899915,111.12,0.9499999999999997,-0.5
2010-02-23,0.3055979546343904,0.2,0.3,FORCE_SELL,-0.00685549341511831,0.000981568572297553,0.0,0.0,FREE,101526.7676305824,110.1,0.9499999999999997,-0.5
2010-02-24,0.24729884514416564,0.2,0.3,FREE,0.009108297659167453,0.009108297659167453,0.0,0.009108297659167453,FORCE_BUY,102451.50365053487,110.79,1.2499999999999996,1.1999999999999997
2010-02-25,0.21892773920322658,0.2,0.3,FREE,0.0070780399274047445,-0.0020951706287430766,0.00036297640653341776,-0.0020951706287430766,FORCE_BUY,103176.65948399602,110.98,1.1999999999999997,1.1999999999999997
2010-02-26,0.25676254866462783,0.2,0.3,FREE,0.0074329224075416825,0.0033538796229151705,0.0,0.0033538796229151705,FORCE_BUY,103943.56358820992,111.14,1.4999999999999996,-0.5
2010-03-01,0.25923295971219823,0.2,0.3,FREE,0.0,0.0,0.0,0.0,FORCE_BUY,103943.56358820992,111.92,1.4999999999999996,2.2499999999999996
2010-03-02,0.3011165987685529,0.2,0.3,FORCE_SELL,0.0,0.0,0.0,0.0,FORCE_BUY,103943.56358820992,112.24,1.4999999999999996,2.2499999999999996
2010-03-03,0.26468975065777034,0.2,0.3,FREE,0.0,0.0,0.0,0.0,FORCE_BUY,103943.56358820992,112.23,1.4999999999999996,2.2499999999999996
2010-03-04,0.24558722688981197,0.2,0.3,FREE,0.0,0.0,0.0,0.0,FORCE_BUY,103943.56358820992,112.8,1.4999999999999996,2.2499999999999996
2010-03-05,0.20503852124120112,0.2,0.3,FREE,0.008837044892188037,0.004506892895015999,0.0,0.004506892895015999,FORCE_BUY,104862.11752589291,114.16,-0.5,-0.5
2010-03-08,0.2827619271027787,0.2,0.3,FREE,-0.0003506311360446928,-0.0003506311360446928,0.0,-0.0003506311360446928,FORCE_SELL,104862.11752589291,114.04,0.5499999999999998,-0.5
2010-03-09,0.2560870043659346,0.2,0.3,FREE,0.005447197329116094,-0.0022661104352428236,8.785802143738179e-05,-0.0022661104352428236,FORCE_BUY,105433.32217240542,114.44,0.5499999999999998,-0.5
2010-03-10,0.26899696445775134,0.2,0.3,FREE,0.0031427324312527554,0.004015713662156402,0.004015713662156402,0.004015713662156402,FREE,105856.71220469968,114.91,1.4499999999999995,0.7999999999999998
2010-03-11,0.21047198950275234,0.2,0.3,FREE,0.009344978165938756,0.0039949412605305885,0.0,0.0039949412605305885,FORCE_BUY,106845.94086897066,115.57,1.1499999999999997,1.1499999999999997
2010-03-12,0.22465179471427907,0.2,0.3,FREE,0.0,0.0,0.0,0.0,FORCE_BUY,106845.94086897066,115.5,1.2499999999999996,1.2499999999999996
2010-03-15,0.21999135687124058,0.2,0.3,FREE,0.0024284475281873934,0.003211798750533034,-0.0003469210754551584,0.003211798750533034,FREE,107189.10852835316,115.58,1.1499999999999997,1.1499999999999997
2010-03-16,0.22418366027758804,0.2,0.3,FREE,0.008226532732940772,0.0017319016279875685,0.0017319016279875685,0.0017319016279875685,FORCE_BUY,108070.90323827638,116.43,1.6499999999999995,-0.5
2010-03-17,0.22322220548190994,0.2,0.3,FREE,0.0,0.0,0.0,0.0,FORCE_BUY,108070.90323827638,117.28,1.6499999999999995,0.7999999999999998
2010-03-18,0.23237608376505756,0.2,0.3,FREE,0.0,0.0,0.0,0.0,FORCE_BUY,108070.90323827638,117.0,1.6499999999999995,0.7999999999999998
2010-03-19,0.21742597386459872,0.2,0.3,FREE,-0.005575570423743257,-0.005575570423743257,0.0,-0.005575570423743257,FORCE_SELL,108070.90323827638,115.93,1.6499999999999995,0.7999999999999998
2010-03-22,0.21764848716796734,0.2,0.3,FREE,0.011870721774542898,0.0023567105351091004,-0.0006931808335500708,0.0023567105351091004,FORCE_BUY,109353.7828625415,116.78,-0.5,-0.5
2010-03-23,0.2484574654329399,0.2,0.3,FREE,0.0,0.0,0.0,0.0,FORCE_BUY,109353.7828625415,117.4,-0.5,1.3999999999999995
2010-03-24,0.2367299835439658,0.2,0.3,FREE,0.0,0.0,0.0,0.0,FORCE_BUY,109353.7828625415,116.91,1.6999999999999993,1.6999999999999993
2010-03-25,0.2835157074020788,0.2,0.3,FREE,0.0,0.0,0.0,0.0,FORCE_BUY,109353.7828625415,116.45,1.6999999999999993,1.6999999999999993
2010-03-26,0.25607730309073246,0.2,0.3,FREE,0.0047109207708779825,0.0047109207708779825,0.0,0.0047109207708779825,FORCE_BUY,109868.93986960272,117.3,1.6999999999999993,1.6999999999999993
2010-03-29,0.2528542494514628,0.2,0.3,FREE,-0.0011063829787233228,0.00017021276595735775,0.00017021276595735775,0.00017021276595735775,FREE,109887.64096575072,117.37,2.1499999999999995,1.4999999999999996
2010-03-30,0.2526756044404061,0.2,0.3,FREE,0.0,0.0,0.0,0.0,FORCE_BUY,109887.64096575072,117.42,2.1499999999999995,1.4999999999999996
2010-03-31,0.27287789212448005,0.27,0.31,FREE,0.0020502306509482407,0.007031052547317052,0.0,0.007031052547317052,FREE,110660.26674368161,117.3,1.2499999999999996,-0.5
2010-04-01,0.2739809872717822,0.27,0.31,FREE,0.0022974812797823072,-0.0021227931255677424,0.0,-0.0021227931255677424,FORCE_BUY,110914.50663494093,117.79,1.2499999999999996,-0.5
2010-04-05,0.2587234346745096,0.27,0.31,FORCE_BUY,0.0,0.0,0.0,0.0,FORCE_BUY,110914.50663494093,118.76,1.5499999999999994,1.5499999999999994
2010-04-06,0.2560922109520796,0.27,0.31,FORCE_BUY,0.0,0.0,0.0,0.0,FORCE_BUY,110914.50663494093,118.9,1.5499999999999994,1.5499999999999994
2010-04-07,0.27531309730913206,0.27,0.31,FREE,-0.0033723969311188597,-0.0018614648284287774,0.0,-0.0018614648284287774,FORCE_SELL,110914.50663494093,118.21,1.3999999999999995,1.1499999999999997
2010-04-08,0.22954500353546936,0.27,0.31,FORCE_BUY,0.008736958181355592,-0.0003392993468488405,-0.0003392993468488405,0.008736958181355592,FORCE_BUY,111883.5620411161,118.92,1.3999999999999995,-0.5
2010-04-09,0.2650570425174836,0.27,0.31,FORCE_BUY,0.0061272452576800725,0.00041967433271784387,0.00041967433271784387,0.0061272452576800725,FORCE_BUY,112569.1000660449,119.87,1.3999999999999995,-0.5
2010-04-12,0.30428321279022025,0.27,0.31,FREE,-0.0015857119011851517,-0.0015857119011851517,-0.0015857119011851517,-0.0015857119011851517,FORCE_BUY,112390.59790436448,119.63,1.2999999999999996,1.0999999999999996
2010-04-13,0.24761059668879773,0.27,0.31,FORCE_BUY,0.004267425320056758,0.00016735001255115237,0.00016735001255115237,0.004267425320056758,FORCE_BUY,112870.21638759787,120.02,1.2999999999999996,1.0999999999999996
2010-04-14,0.24580938235400643,0.27,0.31,FORCE_BUY,0.009666666666666534,0.0025833333333333407,0.0025833333333333407,0.009666666666666534,FORCE_BUY,113961.2951460113,121.16,1.6499999999999995,1.0999999999999996
2010-04-15,0.2915731622281225,0.27,0.31,FREE,0.0005787994046635424,0.0005787994046635424,0.0005787994046635424,0.0005787994046635424,FORCE_BUY,114027.25587579649,121.01,1.6499999999999995,1.2499999999999996
2010-04-16,0.22376921140626901,0.27,0.31,FORCE_BUY,-0.011248966087675762,-0.011248966087675762,-0.011248966087675762,-0.011248966087675762,FORCE_BUY,112744.56714137892,119.54,-0.5,1.2999999999999996
2010-04-19,0.2129510683819629,0.27,0.31,FORCE_BUY,0.008990085699882404,0.002016467820534438,0.002016467820534438,0.008990085699882404,FORCE_BUY,113758.15046217605,120.09,1.5499999999999994,-0.5
2010-04-20,0.22959996730863064,0.27,0.31,FORCE_BUY,0.008155792276964105,0.002163781624500641,0.002163781624500641,0.008155792276964105,FORCE_BUY,114685.9383071572,121.14,1.7499999999999996,1.0499999999999996
2010-04-21,0.2574798204083988,0.27,0.31,FORCE_BUY,-0.006523534269198886,-0.006523534269198886,-0.006523534269198886,-0.006523534269198886,FORCE_BUY,113937.78065841521,120.31,1.7499999999999996,1.9999999999999996
2010-04-22,0.2098796147951821,0.27,0.31,FORCE_BUY,-0.0013252712664625407,0.0014081007206162507,0.0014081007206162507,-0.0013252712664625407,FREE,114098.21652946573,120.57,1.7499999999999996,1.9999999999999996
2010-04-23,0.27134001975465405,0.27,0.31,FREE,0.008451404424558785,0.005302841991879941,0.005302841991879941,0.005302841991879941,FORCE_BUY,115062.50670147712,121.71,1.8499999999999996,2.0499999999999994
2010-04-26,0.33820901530557385,0.275,0.31,FORCE_SELL,0.0,0.0,0.0,0.0,FORCE_BUY,115062.50670147712,121.23,1.8499999999999996,1.9999999999999996
2010-04-27,0.2617416948671392,0.275,0.31,FORCE_BUY,-0.0041103934233704545,-0.0041103934233704545,0.0,-0.0041103934233704545,FORCE_SELL,115062.50670147712,118.72,1.8499999999999996,1.9999999999999996
2010-04-28,0.24498430272125526,0.275,0.31,FORCE_BUY,0.008857022353437438,0.008097849008857102,0.008097849008857102,0.008857022353437438,FORCE_BUY,116081.61789537464,119.6,2.1499999999999995,-0.5
2010-04-29,0.2438502973750921,0.275,0.31,FORCE_BUY,0.008684034736138846,0.0009185036740147449,0.0009185036740147449,0.008684034736138846,FORCE_BUY,117089.67469740527,120.8,1.9999999999999996,0.7999999999999998
2010-04-30,0.2838811564684331,0.275,0.31,FREE,-0.018816538747214638,-0.008167528064057135,-0.0007427581084426743,-0.008167528064057135,FORCE_SELL,117002.70539210885,118.89,-0.5,1.4499999999999995
2010-05-03,0.24092960132386007,0.275,0.31,FORCE_BUY,0.00880872483221471,0.0005033557046979563,0.0005033557046979563,0.00880872483221471,FORCE_BUY,118033.35002853262,120.25,2.0999999999999996,-0.5
2010-05-04,0.30514001889371245,0.275,0.31,FREE,-0.02245322245322245,-0.015782515715119037,-0.006153846153846143,-0.015782515715119037,FORCE_SELL,117306.99095143395,117.55,2.0999999999999996,-0.5
2010-05-05,0.28185502495928083,0.275,0.3,FREE,-0.0020448155405982005,-0.0020448155405982005,-0.0020448155405982005,-0.0020448155405982005,FORCE_BUY,117067.11979331565,117.13,2.349999999999999,-0.5
2010-05-06,0.19594536902564164,0.275,0.3,FORCE_BUY,-0.03833647099092939,-0.03833647099092939,-0.03833647099092939,-0.03833647099092939,FORCE_BUY,112579.17955136755,112.38,2.2999999999999994,-0.5
2010-05-07,0.3252334283174037,0.275,0.3,FORCE_SELL,-0.01070796460176986,-0.01070796460176986,-0.01070796460176986,-0.01070796460176986,FORCE_BUY,111373.68568183521,111.79,2.2999999999999994,-0.5
2010-05-10,0.26310807985844553,0.275,0.3,FORCE_BUY,0.0023326133909286565,8.639308855295444e-05,8.639308855295444e-05,0.0023326133909286565,FORCE_BUY,111633.47743245374,116.02,2.2999999999999994,-0.5
2010-05-11,0.282583240886003,0.275,0.3,FREE,0.00017349063150583663,0.009368494101318531,0.009368494101318531,0.009368494101318531,FREE,112679.31500728936,115.3,2.2999999999999994,-0.5
2010-05-12,0.26265652452525584,0.275,0.3,FORCE_BUY,0.0,0.0,0.0,0.0,FORCE_BUY,112679.31500728936,117.32,1.3999999999999995,-0.5
2010-05-13,0.34071608974564604,0.275,0.3,FORCE_SELL,-0.013269819666553263,0.00021080640503124307,0.0,0.0,FREE,112703.06852860743,116.0,0.2999999999999998,-0.5
2010-05-14,0.3300840510571382,0.275,0.3,FORCE_SELL,-0.013419913419913316,-0.013852813852813778,0.0,0.0,FORCE_SELL,112703.06852860743,113.95,0.34999999999999987,-0.5
2010-05-17,0.28266306629982235,0.275,0.3,FREE,0.0,0.0,0.0,0.0,FORCE_BUY,112703.06852860743,114.13,2.0999999999999996,-0.5
2010-05-18,0.3305967094075073,0.275,0.3,FORCE_SELL,-0.013205707701852278,-0.004342816626783631,0.0,0.0,FORCE_SELL,112703.06852860743,111.34,2.349999999999999,-0.5
2010-05-19,0.2949525087524687,0.275,0.3,FREE,0.0,0.0,0.0,0.0,FORCE_BUY,112703.06852860743,112.05,2.3999999999999995,-0.5
2010-05-20,0.3530661371104473,0.275,0.3,FORCE_SELL,-0.030916651600072356,-0.021371534288667973,0.0,0.0,FORCE_SELL,112703.06852860743,107.2,2.1499999999999995,-0.5
2010-05-21,0.24011493138298431,0.275,0.3,FORCE_BUY,0.023125175545360855,0.019449344943623822,0.0,0.023125175545360855,FORCE_BUY,115309.3467728323,109.28,2.2999999999999994,-0.5
2010-05-24,0.3253384828033568,0.275,0.3,FORCE_SELL,-0.014837342180444192,-0.019008901397088804,-0.0035941387890517113,-0.0035941387890517113,FORCE_SELL,114894.90897685585,106.9,2.1499999999999995,-0.5
2010-05-25,0.224630636815449,0.275,0.3,FORCE_BUY,0.03405631659056322,0.01246194824961946,0.0,0.03405631659056322,FORCE_BUY,118807.80637161559,108.7,2.349999999999999,-0.5
2010-05-26,0.29608221868114165,0.275,0.3,FREE,-0.013937603839763732,-0.0008239443668233874,0.002307550304596633,-0.0008239443668233874,FORCE_SELL,119081.96136139687,106.83,2.499999999999999,-0.5
2010-05-27,0.2615477160394277,0.27,0.295,FORCE_BUY,0.0,0.0,0.0,0.0,FORCE_BUY,119081.96136139687,110.7,2.2999999999999994,-0.5
2010-05-28,0.3087552032362369,0.27,0.295,FORCE_SELL,0.002382916322976789,0.002382916322976789,0.0,0.0,FORCE_BUY,119365.72371089703,109.37,2.3999999999999995,-0.5
2010-06-01,0.3111427980880871,0.27,0.295,FORCE_SELL,-0.004346619809488553,-0.004346619809488553,0.0,0.0,FORCE_SELL,119365.72371089703,107.66,0.8999999999999997,-0.5
2010-06-02,0.2389864446310979,0.27,0.295,FORCE_BUY,0.024714298987271368,0.01225379138115621,0.0,0.024714298987271368,FORCE_BUY,122315.76389552015,110.29,0.8999999999999997,-0.5
2010-06-03,0.22339815218271755,0.27,0.295,FORCE_BUY,-0.0016235230450077681,0.0004509786236132116,0.0004509786236132116,-0.0016235230450077681,FREE,122370.92569036796,110.69,2.499999999999999,2.349999999999999
2010-06-04,0.21518480773425738,0.27,0.295,FORCE_BUY,-0.03370583994232155,-0.031088338831555894,0.0008111031002162162,-0.03370583994232155,FORCE_SELL,122470.18112757175,107.22,1.3499999999999996,2.4499999999999993
2010-06-07,0.2209441238479487,0.27,0.295,FORCE_BUY,-0.008163648306277494,0.0044462561018588035,0.0058177723561977516,-0.008163648306277494,FORCE_SELL,123182.68476179428,105.7,1.6499999999999995,-0.5
2010-06-08,0.22785477710566968,0.27,0.295,FORCE_BUY,0.0012235294117647077,0.004435495603293655,-0.008564705882352953,0.0012235294117647077,FREE,123729.06101845714,106.38,-0.5,-0.5
2010-06-09,0.22582455037967797,0.27,0.295,FORCE_BUY,-0.0036657580599680478,0.00798591099125187,0.0037597518563775053,-0.0036657580599680478,FREE,124717.15028678172,106.0,-0.5,-0.5
2010-06-10,0.23083961825097918,0.27,0.295,FORCE_BUY,0.022516183506895472,0.0029741230063654767,0.0005629045876723801,0.022516183506895472,FORCE_BUY,127525.30452909596,108.99,-0.5,-0.5
2010-06-11,0.22821767501022014,0.27,0.295,FORCE_BUY,0.007451701931922795,0.005612695492180315,0.005612695492180315,0.007451701931922795,FORCE_BUY,128475.58508722448,109.51,-0.5,-0.5
2010-06-14,0.22339904524380141,0.27,0.295,FORCE_BUY,-0.0046338360894057655,0.0011811739051426514,0.0011811739051426514,-0.0046338360894057655,FREE,128627.33709577743,109.55,2.1999999999999993,-0.5
2010-06-15,0.23316612279792595,0.27,0.295,FORCE_BUY,0.01666059723233786,0.01666059723233786,0.01666059723233786,0.01666059723233786,FORCE_BUY,130770.34535219833,111.67,1.4499999999999995,-0.5
2010-06-16,0.22628856058556376,0.27,0.295,FORCE_BUY,0.0020646319569118444,0.005745062836624764,0.005745062836624764,0.0020646319569118444,FREE,131521.62920341382,111.63,1.4499999999999995,-0.5
2010-06-17,0.23551871832425,0.27,0.295,FORCE_BUY,0.0032229185317815033,0.004655326768128795,0.004655326768128795,0.0032229185317815033,FREE,132133.9053644324,112.06,1.4499999999999995,-0.5
2010-06-18,0.2364631817796243,0.27,0.295,FORCE_BUY,-0.00017901897601136895,-0.00017901897601136895,-0.00017901897601136895,-0.00017901897601136895,FORCE_BUY,132110.25088799768,111.7,0.5499999999999998,-0.5
2010-06-21,0.23894011817869373,0.27,0.295,FORCE_BUY,-0.012301973625984543,-0.00841303007661785,0.002301088591910919,-0.012301973625984543,FORCE_SELL,132414.24827919056,111.6,0.5499999999999998,-0.5
2010-06-22,0.23690123801731522,0.27,0.295,FORCE_BUY,-0.018705808645842707,-0.018705808645842707,-0.018705808645842707,-0.018705808645842707,FORCE_BUY,129937.33268889692,109.64,1.5999999999999996,-0.5
2010-06-23,0.24683664977602635,0.27,0.295,FORCE_BUY,-0.00962586269524148,-0.00962586269524148,-0.00962586269524148,-0.00962586269524148,FORCE_BUY,128686.57376544768,109.06,2.2999999999999994,-0.5
2010-06-24,0.2403756645391286,0.27,0.295,FORCE_BUY,-0.008191440404970059,-0.0011043051108055519,0.0011965025310630483,-0.008191440404970059,FORCE_SELL,128840.54757667186,107.76,2.2999999999999994,-0.5
2010-06-25,0.24981250726221024,0.27,0.295,FORCE_BUY,0.0,0.0030692930109821395,-0.002692164871890018,0.0,FREE,129235.99696888005,107.72,-0.5,0.04999999999999982
2010-06-28,0.24810847092450708,0.27,0.295,FORCE_BUY,-0.003885291396854699,-0.0023210053795020237,0.0015726179463459275,-0.003885291396854699,FORCE_SELL,129439.23581702722,107.68,-0.5,-0.5
2010-06-29,0.2362951072507935,0.27,0.295,FORCE_BUY,-0.020239103831309595,-0.017246896475192276,-0.010637296432269806,-0.020239103831309595,FORCE_SELL,128062.35229567502,104.08,-0.5,2.0499999999999994
2010-06-30,0.23481270895760445,0.27,0.295,FORCE_BUY,-0.01452460582895373,-0.01452460582895373,-0.01452460582895373,-0.01452460582895373,FORCE_BUY,126202.29710705174,103.13,-0.5,-0.5
2010-07-01,0.24206632832963218,0.27,0.295,FORCE_BUY,0.00019434457292798288,0.008638834975882673,-0.009620056359926058,0.00019434457292798288,FREE,127292.53792533686,102.93,-0.5,-0.5
2010-07-02,0.24966939747028513,0.27,0.295,FORCE_BUY,-0.008947675549503884,0.005932455479586298,0.005738183232834098,-0.008947675549503884,FREE,128047.69523946247,101.9,-0.5,1.7999999999999994
2010-07-06,0.24954920299443628,0.27,0.295,FORCE_BUY,0.0024342745861733028,-0.002216288722151858,0.001460564751703898,0.0024342745861733028,FORCE_BUY,128359.39848980197,102.95,-0.5,1.5499999999999994
2010-07-07,0.2430412321018952,0.27,0.295,FORCE_BUY,0.03767323833691194,0.02381417138395483,0.02381417138395483,0.03767323833691194,FORCE_BUY,133195.11270189093,106.32,2.4499999999999993,-0.5
2010-07-08,0.24856828606268952,0.27,0.295,FORCE_BUY,0.008003766478342637,0.0002824858757062772,0.0002824858757062772,0.008003766478342637,FORCE_BUY,134261.17528001338,107.05,2.1499999999999995,-0.5
2010-07-09,0.20844895158216745,0.27,0.295,FORCE_BUY,0.003821418585143117,0.0004660266567247346,0.0004660266567247346,0.003821418585143117,FORCE_BUY,134774.24343049157,107.7,1.5499999999999994,-0.5
2010-07-12,0.2096851428255574,0.27,0.295,FORCE_BUY,0.010807789061772101,0.0072154448549506395,0.0023292648840025918,0.010807789061772101,FORCE_BUY,136230.85502444825,108.49,-0.5,-0.5
2010-07-13,0.20939509236481638,0.27,0.295,FORCE_BUY,0.020725388601036232,0.005181347150259157,0.005181347150259157,0.020725388601036232,FORCE_BUY,139054.29243428138,110.32,1.5499999999999994,-0.5
2010-07-14,0.21858484771413675,0.27,0.295,FORCE_BUY,-0.005081669691470142,-0.005626134301270496,-0.005626134301270496,-0.005081669691470142,FORCE_BUY,138347.66445094926,109.64,1.5499999999999994,-0.5
2010-07-15,0.2203995618724379,0.27,0.295,FORCE_BUY,0.004845492777473058,0.004934933337529666,0.005119765953556498,0.004845492777473058,FORCE_SELL,139055.97211315928,109.91,1.5499999999999994,-0.5
2010-07-16,0.2263187855445429,0.27,0.295,FORCE_BUY,-0.025144006583158036,-0.023589649812562855,-0.023589649812562855,-0.025144006583158036,FREE,135775.69042666434,106.62,1.9499999999999993,-0.5
2010-07-19,0.23796312053927057,0.27,0.295,FORCE_BUY,-0.002618535490507854,-0.0015898251192369684,-0.0015898251192369684,-0.002618535490507854,FREE,135559.8308234423,106.65,2.4499999999999993,-0.5
2010-07-20,0.241410841774927,0.27,0.295,FORCE_BUY,0.0190431519699813,-0.0008582091258750734,-0.0039399624765476425,0.0190431519699813,FORCE_BUY,138141.31728283808,108.63,-0.5,0.8499999999999996
2010-07-21,0.24946451839275643,0.27,0.295,FORCE_BUY,-0.015274199484725894,-0.003001761122649344,0.001656238498343602,-0.015274199484725894,FORCE_SELL,138370.1122507338,107.02,-0.5,1.9999999999999996
2010-07-22,0.2431240526764127,0.27,0.295,FORCE_BUY,0.022385971457886417,0.015483630258371517,0.015483630258371517,0.022385971457886417,FORCE_BUY,141467.66163420328,109.61,2.2999999999999994,2.4499999999999993
2010-07-23,0.24394669042922387,0.27,0.295,FORCE_BUY,0.009844134536505428,0.00182298787713063,0.00182298787713063,0.009844134536505428,FORCE_BUY,142860.28832789522,110.79,2.499999999999999,2.499999999999999
2010-07-26,0.20869957618391166,0.27,0.295,FORCE_BUY,0.00860429308939417,0.007437513422991258,-0.00054342903722488,0.00860429308939417,FORCE_BUY,144089.5001195038,111.36,-0.5,2.4499999999999993
2010-07-27,0.20883821034882888,0.27,0.295,FORCE_BUY,-0.0002688653880623082,0.0023313321817804793,0.001882057716436798,-0.0002688653880623082,FREE,144425.42060818904,111.55,-0.5,2.4499999999999993
2010-07-28,0.21876047386414058,0.27,0.295,FORCE_BUY,-0.007433279598781999,-0.007433279598781999,-0.007433279598781999,-0.007433279598781999,FORCE_BUY,143351.86607563667,110.83,1.1499999999999997,-0.5
2010-07-29,0.22494088898960266,0.27,0.295,FORCE_BUY,-0.006491164803461974,-0.0069419401370356916,-0.0069419401370356916,-0.006491164803461974,FORCE_BUY,142421.3454880559,110.2,1.4999999999999996,-0.5
2010-07-30,0.22455314206323898,0.27,0.295,FORCE_BUY,0.004456976532654252,-0.004366017827906187,-0.004366017827906187,0.004456976532654252,FORCE_BUY,143056.11408264522,110.43,1.4999999999999996,-0.5
2010-08-02,0.21060538214077518,0.27,0.295,FORCE_BUY,0.015586989818902709,0.0038742229029643162,0.0038742229029643162,0.015586989818902709,FORCE_BUY,145285.9282763832,112.72,2.0499999999999994,-0.5
2010-08-03,0.2183884700689506,0.27,0.295,FORCE_BUY,-0.0012442232492001636,0.0009776039815143599,0.0009776039815143599,-0.0012442232492001636,FREE,145427.9603783242,112.38,2.0499999999999994,-0.5
2010-08-04,0.20868746941790128,0.27,0.295,FORCE_BUY,0.007489968791796575,-0.001159161836825809,-0.001159161836825809,0.007489968791796575,FORCE_BUY,146517.2112630125,112.99,1.4499999999999995,-0.5
2010-08-05,0.2180603137402158,0.27,0.295,FORCE_BUY,-8.858965272845432e-05,0.0026668031094681664,0.0024805102763997594,-8.858965272845432e-05,FREE,146907.9438175993,112.87,-0.5,-0.5
2010-08-06,0.22106579273592417,0.27,0.295,FORCE_BUY,-0.004424778761061915,-0.014336283185840721,-0.014336283185840721,-0.004424778761061915,FORCE_BUY,146257.9086679639,112.5,1.1999999999999997,-0.5
2010-08-09,0.20896910174526548,0.27,0.295,FORCE_BUY,0.0025729748913140543,0.0010646792653714158,0.0010646792653714158,0.0025729748913140543,FORCE_BUY,146634.22659462268,113.0,1.8499999999999996,-0.5
2010-08-10,0.22374357967818034,0.27,0.295,FORCE_BUY,-0.0010680907877168109,-0.002314196706719948,-0.002314196706719948,-0.0010680907877168109,FORCE_BUY,146477.607928033,112.23,1.8499999999999996,-0.5
2010-08-11,0.22826804806807324,0.27,0.295,FORCE_BUY,-0.032735706003032716,-0.029675296466792064,-0.010168584426010126,-0.032735706003032716,FORCE_SELL,144988.1380052968,108.44,0.8999999999999997,1.9499999999999993
2010-08-12,0.24819020221636298,0.27,0.295,FORCE_BUY,-0.003209536909674386,-0.0019246583088766832,-0.002751031636863778,-0.003209536909674386,FREE,144709.08538079634,108.7,1.3999999999999995,1.8999999999999995
2010-08-13,0.22843726642734893,0.27,0.295,FORCE_BUY,-0.00761467889908255,-0.008162907600547036,-0.004128440366972474,-0.00761467889908255,FORCE_SELL,144111.6625512426,108.17,1.7499999999999996,1.9499999999999993
2010-08-16,0.27406621735363096,0.27,0.295,FREE,0.0,0.0,0.0,0.0,FORCE_BUY,144111.6625512426,108.11,-0.5,1.2499999999999996
2010-08-17,0.26902346054167997,0.27,0.295,FORCE_BUY,0.007824005891016091,0.0011962241386253244,0.001012518409425587,0.007824005891016091,FORCE_BUY,145239.19304800764,109.49,-0.5,-0.5
2010-08-18,0.25992040218110285,0.27,0.295,FORCE_BUY,0.00036646816307828276,0.007329363261566703,0.007329363261566703,0.00036646816307828276,FREE,146303.7038536733,109.19,-0.5,-0.5
2010-08-19,0.2566100210056143,0.27,0.295,FORCE_BUY,-0.011637496563731288,0.005855248311300173,0.006964171171996803,-0.011637496563731288,FORCE_SELL,147322.58789040742,107.86,-0.5,-0.5
2010-08-20,0.26530365047055254,0.245,0.275,FREE,-0.0008349568605622564,-0.0014813280668167616,-0.005009741163373406,-0.0014813280668167616,FORCE_BUY,147199.57988493255,107.7,-0.5,-0.5
2010-08-23,0.25303998797546473,0.245,0.275,FREE,-0.006468425706175154,-0.006468425706175154,0.0,-0.006468425706175154,FORCE_SELL,147199.57988493255,106.75,-0.5,2.4499999999999993
2010-08-24,0.2618669426844931,0.245,0.275,FREE,-0.009644194756554317,-0.01217918366346195,-0.00983146067415722,-0.01217918366346195,FORCE_BUY,145779.9584684393,105.77,-0.5,-0.5
2010-08-25,0.29101256452007185,0.245,0.275,FORCE_SELL,0.001508864579403995,0.001508864579403995,0.0,0.0,FORCE_BUY,145999.9206841593,106.2,-0.5,0.8999999999999997
2010-08-26,0.2585184888303314,0.245,0.275,FREE,-0.005871212121212061,-0.005871212121212061,0.0,-0.005871212121212061,FORCE_SELL,145999.9206841593,104.98,-0.5,1.0499999999999996
2010-08-27,0.30512867147630046,0.245,0.275,FORCE_SELL,0.018166254517785776,0.006742942495452929,0.0019973368841544052,0.0019973368841544052,FORCE_BUY,148652.19240288428,107.05,-0.5,-0.5
2010-08-30,0.24182143249032673,0.245,0.275,FORCE_BUY,-0.014051522248243553,-0.014051522248243553,0.0,-0.014051522248243553,FORCE_SELL,148652.19240288428,105.25,-0.5,1.1499999999999997
2010-08-31,0.2652472580165072,0.245,0.275,FREE,0.007428571428571431,0.0063809523809523865,0.0063809523809523865,0.0063809523809523865,FORCE_BUY,149756.46583216282,105.78,2.1499999999999995,-0.5
2010-09-01,0.27884658402515294,0.245,0.275,FORCE_SELL,0.004715729606850067,0.003051680735583535,0.0,0.0,FORCE_BUY,150462.6768319048,108.68,1.6999999999999993,1.1999999999999997
2010-09-02,0.23240894170643922,0.245,0.28,FORCE_BUY,0.0,0.0,0.0,0.0,FORCE_BUY,150462.6768319048,109.36,1.8999999999999995,2.2499999999999996
2010-09-03,0.23575629240988194,0.245,0.28,FORCE_BUY,0.0,0.0,0.0,0.0,FORCE_BUY,150462.6768319048,110.98,1.8999999999999995,2.2499999999999996
2010-09-07,0.21057673138358676,0.245,0.28,FORCE_BUY,-0.00027347310847761766,0.0017319963536918523,0.0,-0.00027347310847761766,FREE,150723.2776395444,109.67,0.9499999999999997,-0.5
2010-09-08,0.22423120218332523,0.245,0.28,FORCE_BUY,0.009671532846715389,0.010481961634093205,0.0010948905109489844,0.009671532846715389,FREE,152303.1532531269,110.66,0.9499999999999997,-0.5
2010-09-09,0.2171913669864286,0.245,0.28,FORCE_BUY,0.003441717235757698,0.006608712577294942,0.00353228874196183,0.003441717235757698,FREE,153309.6810175925,110.79,0.9499999999999997,-0.5
2010-09-10,0.2290811558834789,0.245,0.28,FORCE_BUY,0.004590872265730347,0.001258605863888795,0.0,0.004590872265730347,FORCE_BUY,154013.50618024412,111.6,0.9499999999999997,-0.5
2010-09-13,0.22054554895799927,0.245,0.28,FORCE_BUY,0.00795566282291952,0.004111915616340334,0.004111915616340334,0.00795566282291952,FORCE_BUY,155238.78570558978,112.76,1.2999999999999996,-0.5
2010-09-14,0.2132638817212813,0.245,0.28,FORCE_BUY,-0.0012441126810628729,0.0032079244817148403,0.0015995734470806268,-0.0012441126810628729,FREE,155736.78000676644,112.39,-0.5,2.499999999999999
2010-09-15,0.22354735942016435,0.245,0.28,FORCE_BUY,0.005066666666666566,0.0026666666666667256,0.0026666666666667256,0.005066666666666566,FORCE_BUY,156525.8463588007,113.07,1.2999999999999996,2.2499999999999996
2010-09-16,0.2270179396119788,0.245,0.28,FORCE_BUY,0.006202374623427348,0.004164451532872642,0.004164451532872642,0.006202374623427348,FORCE_BUY,157496.67829616705,113.56,1.2999999999999996,2.0999999999999996
2010-09-17,0.2443026515897859,0.245,0.28,FORCE_BUY,-0.007425742574257431,-0.006197102853684106,0.004420084865629429,-0.007425742574257431,FORCE_SELL,158192.82698029085,112.28,-0.5,2.0999999999999996
2010-09-20,0.2566848048759104,0.245,0.28,FREE,0.014222222222222226,0.00355555555555559,0.00355555555555559,0.00355555555555559,FORCE_BUY,160442.68051956609,114.1,1.6999999999999993,-0.5
2010-09-21,0.2437606990098894,0.27,0.295,FORCE_BUY,0.0,0.0,0.0,0.0,FORCE_BUY,160442.68051956609,113.87,1.0499999999999996,1.4499999999999995
2010-09-22,0.24451427883769114,0.27,0.295,FORCE_BUY,-0.00017599436818009935,8.84160705447537e-05,0.0,-0.00017599436818009935,FREE,160456.86623092528,113.62,1.0499999999999996,1.4499999999999995
2010-09-23,0.24412648000065162,0.27,0.295,FORCE_BUY,-0.00943562610229286,-0.0037883679578555266,-0.004409171075837697,-0.00943562610229286,FREE,159848.99658027812,112.33,1.0999999999999996,-0.5
2010-09-24,0.2571193228342437,0.27,0.295,FORCE_BUY,0.017537643932683727,0.010230292294065496,0.010230292294065496,0.017537643932683727,FORCE_BUY,162652.37136529983,114.88,1.4999999999999996,-0.5
2010-09-27,0.23007829754173625,0.27,0.295,FORCE_BUY,-0.006263592866463657,-0.006263592866463657,-0.006263592866463657,-0.006263592866463657,FORCE_BUY,161633.58313230274,114.23,1.4999999999999996,1.8499999999999996
2010-09-28,0.24862976114510982,0.27,0.295,FORCE_BUY,0.00429184549356218,-0.0007882981518788407,-0.0007882981518788407,0.00429184549356218,FORCE_BUY,162327.2894976774,114.66,1.4999999999999996,1.7499999999999996
2010-09-29,0.23918770436098824,0.27,0.295,FORCE_BUY,-0.00026200873362447523,0.0012227074235807522,0.0012227074235807522,-0.00026200873362447523,FREE,162525.76827959594,114.47,1.5999999999999996,1.5999999999999996
2010-09-30,0.2476791190610397,0.27,0.295,FORCE_BUY,-0.0025327510917031284,0.0024454148471615045,0.0024454148471615045,-0.0025327510917031284,FREE,162923.2112063932,114.21,1.6499999999999995,1.4999999999999996
2010-10-01,0.24603440623669473,0.27,0.295,FORCE_BUY,0.0027942717429270928,0.0008732099196647577,0.0008732099196647577,0.0027942717429270928,FORCE_BUY,163378.46293173416,114.84,1.6999999999999993,1.7499999999999996
2010-10-04,0.23618365900903263,0.27,0.295,FORCE_BUY,-0.0050659446239846384,0.004158651083623008,-0.0018342213293737598,-0.0050659446239846384,FREE,164057.89695364586,113.91,1.4499999999999995,2.1499999999999995
2010-10-05,0.2488039181557055,0.27,0.295,FORCE_BUY,0.018145161290322582,0.0026297335203365525,0.0026297335203365525,0.018145161290322582,FORCE_BUY,167034.7539548209,116.15,1.7999999999999994,1.9999999999999996
2010-10-06,0.2359078267580864,0.27,0.295,FORCE_BUY,-0.0018932874354561323,-0.0018932874354561323,-0.0018932874354561323,-0.0018932874354561323,FORCE_BUY,166718.50915387372,115.98,1.8499999999999996,1.8999999999999995
2010-10-07,0.24041227716552016,0.27,0.295,FORCE_BUY,0.0006028765825510777,0.0033400132537882367,0.003617259495306206,0.0006028765825510777,FORCE_SELL,167321.57326415385,116.18,-0.5,-0.5
2010-10-08,0.24999614978829623,0.27,0.295,FORCE_BUY,0.00474219693050525,-0.0013795481979652774,-0.0013795481979652774,0.00474219693050525,FORCE_BUY,168115.04511529443,116.53,1.0499999999999996,1.3499999999999996
2010-10-11,0.24770894388863962,0.27,0.295,FORCE_BUY,0.0008575593859874189,0.004898459945030311,0.002143898464968612,0.0008575593859874189,FREE,168938.54992994867,116.71,-0.5,1.1999999999999997
2010-10-12,0.2505544474421733,0.27,0.295,FORCE_BUY,0.005497809466540728,0.0032493409840320493,-0.003436130916587809,0.005497809466540728,FORCE_BUY,169867.3418890172,117.05,-0.5,1.1999999999999997
2010-10-13,0.2460809853430187,0.27,0.295,FORCE_BUY,0.005457025920873176,0.002728512960436524,0.002728512960436524,0.005457025920873176,FORCE_BUY,170794.31237681542,117.92,1.0999999999999996,1.3499999999999996
2010-10-14,0.2456882066140824,0.27,0.295,FORCE_BUY,-0.0021184645369035663,0.007235253753239962,0.0032200660960935543,-0.0021184645369035663,FREE,172030.0525664718,117.76,1.0999999999999996,1.3499999999999996
2010-10-15,0.253211601817515,0.27,0.295,FORCE_BUY,0.0004244482173175214,0.0028862478777588888,0.0028862478777588888,0.0004244482173175214,FREE,172526.57394060254,117.85,1.7499999999999996,1.1499999999999997
2010-10-18,0.2501410463701168,0.27,0.295,FORCE_BUY,0.0024670353041259738,0.0007656316461081007,0.0007656316461081007,0.0024670353041259738,FORCE_BUY,172952.20308941393,117.84,1.7499999999999996,1.1499999999999997
2010-10-19,0.24896376878473256,0.27,0.295,FORCE_BUY,-0.011282660332541578,-0.0102729923829195,-0.002120800814387555,-0.011282660332541578,FORCE_SELL,172585.40591625177,116.55,1.1499999999999997,1.8499999999999996
2010-10-20,0.2561320847979995,0.27,0.295,FORCE_BUY,0.009392878490308239,0.002389206728716476,0.002389206728716476,0.009392878490308239,FORCE_BUY,174206.47966322367,118.21,2.1499999999999995,-0.5
2010-10-21,0.2520614987890564,0.27,0.295,FORCE_BUY,-0.0014379969548299657,0.0005921163931653327,0.0005921163931653327,-0.0014379969548299657,FREE,174309.63017562788,118.05,2.4499999999999993,1.1499999999999997
2010-10-22,0.24020781465034713,0.27,0.295,FORCE_BUY,0.0038103302286198646,0.0038103302286198646,0.0038103302286198646,0.0038103302286198646,FORCE_BUY,174973.80742862562,118.55,1.5499999999999994,1.7999999999999994
2010-10-25,0.23297226057291523,0.27,0.295,FORCE_BUY,-0.0017663386323492451,0.0030280090840272412,0.0030280090840272412,-0.0017663386323492451,FREE,175503.62970698634,118.68,1.5499999999999994,1.7999999999999994
2010-10-26,0.24270914367525562,0.27,0.295,FORCE_BUY,0.014336917562724006,0.015108381661045198,0.01058201058201053,0.014336917562724006,FREE,178155.2055274982,118.86,-0.5,1.4999999999999996
2010-10-27,0.2466679088873296,0.27,0.295,FORCE_BUY,-0.0020224151006994536,-0.004887503160023605,-0.004887503160023605,-0.0020224151006994536,FORCE_BUY,177794.90174957117,118.43,1.1999999999999997,1.6499999999999995
2010-10-28,0.24437402272627717,0.27,0.295,FORCE_BUY,-0.0013496415014761516,0.0025305778152677682,0.0025305778152677682,-0.0013496415014761516,FREE,178244.82558360635,118.39,1.4999999999999996,0.7999999999999998
2010-10-29,0.2412822111302582,0.27,0.295,FORCE_BUY,0.0044987692046516625,0.0022836727465573073,0.000679059502588969,0.0044987692046516625,FORCE_BUY,179046.70791583037,118.34,-0.5,0.9499999999999997
2010-11-01,0.24666029174806905,0.27,0.295,FORCE_BUY,-0.0005050505050505457,0.0009504643271677322,0.004713804713804711,-0.0005050505050505457,FORCE_SELL,179890.6991315952,118.74,1.1499999999999997,1.2499999999999996
2010-11-02,0.2414508549831642,0.27,0.295,FORCE_BUY,0.01026676765126645,0.007573844988639206,0.007573844988639206,0.01026676765126645,FORCE_BUY,181737.59514220318,120.05,1.5499999999999994,0.9499999999999997
2010-11-03,0.2527247682808133,0.27,0.295,FORCE_BUY,0.0035905143620573584,0.0010020040080159864,0.0010020040080159864,0.0035905143620573584,FORCE_BUY,182390.12658768703,120.19,1.3999999999999995,1.9499999999999993
2010-11-04,0.25622974529729486,0.27,0.295,FORCE_BUY,0.016289893617021458,0.013879654255319262,0.013879654255319262,0.016289893617021458,FORCE_BUY,185361.24234659554,122.28,0.9499999999999997,-0.5
2010-11-05,0.23905948734653548,0.27,0.295,FORCE_BUY,0.004990183246073329,0.0024541884816754664,0.0024541884816754664,0.004990183246073329,FORCE_BUY,186286.22891262485,122.85,0.8999999999999997,-0.5
2010-11-08,0.24107889043415653,0.27,0.295,FORCE_BUY,-0.0035107772697584865,-0.0035107772697584865,-0.0035107772697584865,-0.0035107772697584865,FORCE_BUY,185632.2194544894,122.05,0.8999999999999997,-0.5
2010-11-09,0.24397684000448497,0.27,0.295,FORCE_BUY,-0.004662576687116568,0.00163304699696337,0.0032719836400818153,-0.004662576687116568,FORCE_SELL,186239.60503961655,121.68,0.8999999999999997,-0.5
2010-11-10,0.2548587374274458,0.27,0.295,FORCE_BUY,-0.002958823045943936,-0.004109964868521368,-0.00484918221418593,-0.002958823045943936,FORCE_BUY,185688.55500415782,121.31,2.1999999999999993,-0.5
2010-11-11,0.24737640209773273,0.27,0.295,FORCE_BUY,0.00148514851485148,0.0004950495049505348,0.0004950495049505348,0.00148514851485148,FORCE_BUY,185964.33008584718,121.38,2.4499999999999993,2.349999999999999
2010-11-12,0.24293926030547677,0.27,0.295,FORCE_BUY,-0.007453416149068422,0.0036362376396805738,0.004720496894409816,-0.007453416149068422,FORCE_SELL,186842.17412848843,119.85,2.2499999999999996,2.2499999999999996
2010-11-15,0.2403882227578126,0.27,0.295,FORCE_BUY,-0.0038301415487093393,0.0016652789342214902,0.0016652789342214902,-0.0038301415487093393,FREE,187153.31846508876,119.64,2.3999999999999995,1.7999999999999994
2010-11-16,0.26667226615685435,0.27,0.295,FORCE_BUY,-0.010364426613172927,-0.010364426613172927,-0.010364426613172927,-0.010364426613172927,FORCE_BUY,185213.58163044555,118.4,2.349999999999999,-0.5
2010-11-17,0.266712390730735,0.27,0.295,FORCE_BUY,0.003214346134325836,0.0014379969548299657,0.0014379969548299657,0.003214346134325836,FORCE_BUY,185808.92219058404,118.6,0.8499999999999996,-0.5
2010-11-18,0.27468258802277556,0.27,0.295,FREE,0.0130526315789474,0.013476929045683504,0.005726315789473763,0.013476929045683504,FREE,188313.05585100147,120.3,-0.5,-0.5
2010-11-19,0.2729614092110205,0.27,0.295,FREE,0.00041597337770379135,-0.00016788648095894225,-0.0021630615640599914,-0.00016788648095894225,FORCE_BUY,188391.38906890954,120.25,-0.5,-0.5
2010-11-22,0.26976738771267145,0.27,0.295,FORCE_BUY,0.009082499369270892,0.005550416281221073,0.0,0.009082499369270892,FORCE_BUY,190102.45374130397,119.99,-0.5,-0.5
2010-11-23,0.25207003969729364,0.27,0.295,FORCE_BUY,-0.0058616647127784855,-0.00741039096530422,-0.007871378328588181,-0.0058616647127784855,FORCE_BUY,188988.13689639597,118.72,-0.5,-0.5
2010-11-24,0.27151221235927087,0.27,0.295,FREE,0.015482233502538047,0.0038071065989846724,0.0038071065989846724,0.0038071065989846724,FORCE_BUY,191914.09536103558,120.03,2.3999999999999995,2.349999999999999
2010-11-26,0.24723847756064007,0.275,0.3,FORCE_BUY,0.0,0.0,0.0,0.0,FORCE_BUY,191914.09536103558,118.84,2.0499999999999994,2.499999999999999
2010-11-29,0.2761675738541374,0.275,0.3,FREE,0.0,0.0,0.0,0.0,FORCE_BUY,191914.09536103558,119.21,1.9999999999999996,2.499999999999999
2010-11-30,0.259152754364365,0.275,0.3,FORCE_BUY,0.0,0.0,0.0,0.0,FORCE_BUY,191914.09536103558,118.25,2.2999999999999994,0.7499999999999998
2010-12-01,0.2032434067422092,0.275,0.3,FORCE_BUY,0.0,0.0,0.0,0.0,FORCE_BUY,191914.09536103558,121.1,2.2999999999999994,0.7999999999999998
2010-12-02,0.2089739923617325,0.275,0.3,FORCE_BUY,0.0,0.0,0.0,0.0,FORCE_BUY,191914.09536103558,122.77,0.7499999999999998,2.2999999999999994
2010-12-03,0.2030221221421021,0.275,0.3,FORCE_BUY,0.003344208809135481,0.0024520709047988224,0.0,0.003344208809135481,FORCE_BUY,192555.89616933925,123.01,-0.5,1.8999999999999995
2010-12-06,0.19342839465190786,0.275,0.3,FORCE_BUY,0.0034299714169049207,0.0052303937161321265,8.166598611676279e-05,0.0034299714169049207,FREE,193563.03931866758,122.87,-0.5,2.4499999999999993
2010-12-07,0.19430318707177185,0.275,0.3,FORCE_BUY,-0.0025172553796183757,0.0021112464474218394,0.0021112464474218394,-0.0025172553796183757,FREE,193971.69859778127,122.84,1.4499999999999995,2.349999999999999
2010-12-08,0.2130686671186547,0.275,0.3,FORCE_BUY,0.010945029812954242,0.008333335158161776,0.007187780772686351,0.010945029812954242,FORCE_BUY,196094.72462180338,123.77,1.4999999999999996,2.349999999999999
2010-12-09,0.19972478637966043,0.275,0.3,FORCE_BUY,0.0003229452607783454,0.0017005773143617593,0.0003229452607783454,0.0003229452607783454,FREE,196428.19886196122,123.9,1.3999999999999995,2.3999999999999995
2010-12-10,0.19793030599512254,0.275,0.3,FORCE_BUY,0.0037066881547140485,0.003543246478573783,0.0010475423045931927,0.0037066881547140485,FORCE_BUY,197156.2969399347,124.56,-0.5,2.499999999999999
2010-12-13,0.1901965380536944,0.275,0.3,FORCE_BUY,-0.0006420545746388145,-0.0001605136436596726,-0.0001605136436596726,-0.0006420545746388145,FREE,197124.65066434242,124.52,1.4499999999999995,2.1499999999999995
2010-12-14,0.19519805079443941,0.275,0.3,FORCE_BUY,-0.0013634905357716202,-0.0013634905357716202,-0.0013634905357716202,-0.0013634905357716202,FORCE_BUY,196855.8730687943,124.51,1.4499999999999995,2.1499999999999995
2010-12-15,0.20979645385347015,0.275,0.3,FORCE_BUY,-0.0012874155133568762,-0.0012874155133568762,-0.0012874155133568762,-0.0012874155133568762,FORCE_BUY,196602.4377639101,124.12,1.4499999999999995,2.1499999999999995
2010-12-16,0.2219485767927761,0.275,0.3,FORCE_BUY,0.0036980464667577613,0.0036980464667577613,0.0036980464667577613,0.0036980464667577613,FORCE_BUY,197329.4827142389,124.85,1.4499999999999995,2.1499999999999995
2010-12-17,0.22082129068012857,0.275,0.3,FORCE_BUY,-0.0045695045695044656,-0.003927459667543453,-0.004729838063171255,-0.0045695045695044656,FREE,196554.47912966151,124.17,1.6999999999999993,0.5999999999999996
2010-12-20,0.21773488394460663,0.275,0.3,FORCE_BUY,0.002174088090828546,0.003665896141537206,0.0016909574039778684,0.002174088090828546,FREE,197275.0274363048,124.46,1.3999999999999995,0.9499999999999997
2010-12-21,0.1998096518354955,0.275,0.3,FORCE_BUY,0.006019261637239212,0.002889245585874727,0.002889245585874727,0.006019261637239212,FORCE_BUY,198462.47744093748,125.35,0.9499999999999997,1.2999999999999996
2010-12-22,0.20598356991260802,0.275,0.3,FORCE_BUY,0.0028708133971292378,0.00015948963317380548,0.00015948963317380548,0.0028708133971292378,FORCE_BUY,199032.22618000236,125.76,0.9499999999999997,1.6999999999999993
2010-12-23,0.21886894280263822,0.275,0.3,FORCE_BUY,-0.0004772889984884705,-0.0005027444117412873,-0.0005027444117412873,-0.0004772889984884705,FORCE_BUY,198937.23028810197,125.65,0.9499999999999997,1.6999999999999993
2010-12-27,0.2195829666509025,0.275,0.3,FORCE_BUY,0.0033506182688471647,0.0011966493817311126,0.0011966493817311126,0.0033506182688471647,FORCE_BUY,199603.79300625913,125.77,0.9499999999999997,1.6999999999999993
2010-12-28,0.204170259605283,0.275,0.3,FORCE_BUY,-0.0007942811755361948,-0.0007942811755361948,-0.0007942811755361948,-0.0007942811755361948,FORCE_BUY,199445.25147090864,125.8,0.9499999999999997,1.6999999999999993
2010-12-29,0.1987332144685325,0.275,0.3,FORCE_BUY,-0.00031743512419653893,0.001269740496786033,0.001269740496786033,-0.00031743512419653893,FREE,199698.49518359292,125.97,0.9499999999999997,1.5999999999999996
2010-12-30,0.2216391511680478,0.275,0.3,FORCE_BUY,-0.0009523053725894941,-0.0009523053725894941,-0.0009523053725894941,-0.0009523053725894941,FORCE_BUY,199508.32123373155,125.89,1.2499999999999996,1.6499999999999995
2010-12-31,0.22493974139828823,0.275,0.3,FORCE_BUY,0.0011916110581507023,0.0011916110581507023,0.0011916110581507023,0.0011916110581507023,FORCE_BUY,199746.05755550673,126.03,1.2499999999999996,1.6499999999999995
2011-01-03,0.22605114522329586,0.275,0.3,FORCE_BUY,0.004352987732489175,7.914523149990547e-05,7.914523149990547e-05,0.004352987732489175,FORCE_BUY,200615.54969365895,126.9,-0.5,0.8499999999999996
2011-01-04,0.23029201223120968,0.275,0.3,FORCE_BUY,-0.0008666193965179232,-0.0008666193965179232,-0.0008666193965179232,-0.0008666193965179232,FORCE_BUY,200441.69236705132,126.82,-0.5,0.8499999999999996
2011-01-05,0.2192975033351048,0.275,0.3,FORCE_BUY,0.006632975363234362,0.006632975363234362,0.006632975363234362,0.006632975363234362,FORCE_BUY,201771.21717428698,127.48,-0.5,0.8499999999999996
2011-01-06,0.21262410194376216,0.275,0.3,FORCE_BUY,-0.0021948734028376165,0.0009383536000499636,0.001802931723759557,-0.0021948734028376165,FORCE_SELL,202134.99690267208,127.29,-0.5,0.8499999999999996
2011-01-07,0.23462782992032905,0.275,0.3,FORCE_BUY,0.0007078254030671953,0.004447832618665371,0.00330318521431374,0.0007078254030671953,FREE,203034.05953526963,127.24,0.5499999999999998,0.9999999999999996
2011-01-10,0.2288454563738728,0.275,0.3,FORCE_BUY,0.00284584980237147,0.0004743083003952654,0.0004743083003952654,0.00284584980237147,FORCE_BUY,203611.86397347276,126.86,0.4999999999999998,0.5499999999999998
2011-01-11,0.2278932706794369,0.275,0.3,FORCE_BUY,0.0027526543452614503,0.0035440164928751236,0.0040896578843885095,0.0027526543452614503,FORCE_SELL,204444.56683832692,127.5,0.4999999999999998,0.5499999999999998
2011-01-12,0.21880208908436874,0.275,0.3,FORCE_BUY,0.005941213258286455,0.005162947292701506,0.0029706066291432273,0.005941213258286455,FORCE_BUY,205659.21560941145,128.68,-0.5,0.7999999999999998
2011-01-13,0.22357412550377728,0.275,0.3,FORCE_BUY,0.000700171152948451,0.002024568541935013,0.0019449198693013996,0.000700171152948451,FREE,206075.58678769332,128.63,-0.5,1.2999999999999996
2011-01-14,0.22079678398328437,0.275,0.3,FORCE_BUY,0.007086123656751392,-0.00038934745366755975,-0.00038934745366755975,0.007086123656751392,FORCE_BUY,207535.86387830853,129.33,1.1499999999999997,0.9499999999999997
2011-01-18,0.21290322854787078,0.275,0.3,FORCE_BUY,0.0030141432877348693,0.000772857253265495,0.000772857253265495,0.0030141432877348693,FORCE_BUY,208161.40670938158,129.78,1.2499999999999996,0.7499999999999998
2011-01-19,0.23290265356854953,0.275,0.3,FORCE_BUY,-0.009641342074816768,0.0006170458927881282,0.0006170458927881282,-0.009641342074816768,FREE,208289.8518504286,128.4,1.2499999999999996,0.7499999999999998
2011-01-20,0.23218127660150953,0.275,0.3,FORCE_BUY,-0.001639984381101222,-0.00046856696602902393,-0.00046856696602902393,-0.001639984381101222,FREE,208192.2541064924,127.84,1.5499999999999994,0.5999999999999996
2011-01-21,0.2292860148956494,0.275,0.3,FORCE_BUY,0.0026572880031261884,0.0032043767096522854,0.0032043767096522854,0.0026572880031261884,FREE,208859.38051668127,128.29,1.8499999999999996,-0.5
2011-01-24,0.2329304345147295,0.275,0.3,FORCE_BUY,0.004508356004663697,0.001399144966964778,0.001399144966964778,0.004508356004663697,FORCE_BUY,209800.992958964,129.23,1.5499999999999994,1.1999999999999997
2011-01-25,0.23277987633107547,0.275,0.3,FORCE_BUY,0.00030983733539884133,-0.0016266460108443957,-0.0016266460108443957,0.00030983733539884133,FORCE_BUY,209865.99713958646,129.14,1.5499999999999994,1.1999999999999997
2011-01-26,0.21698651661191612,0.275,0.3,FORCE_BUY,0.004023210831721582,0.007976372700892796,0.004796905222437184,0.004023210831721582,FREE,211539.9665500163,129.77,-0.5,1.4499999999999995
2011-01-27,0.21625382745117536,0.275,0.3,FORCE_BUY,0.0015427337241593173,0.005641506695121174,0.00161987041036714,0.0015427337241593173,FREE,212733.37068759394,129.84,-0.5,1.4499999999999995
2011-01-28,0.22750304098786264,0.275,0.3,FORCE_BUY,-0.017579028527370814,0.003440012527295123,0.002775636083269132,-0.017579028527370814,FREE,213465.17614773297,127.42,0.6499999999999997,-0.5
2011-01-31,0.2299874759518791,0.275,0.3,FORCE_BUY,0.011859880615771477,0.005531047544398921,0.0017279296261389341,0.011859880615771477,FORCE_BUY,215996.8476524697,128.83,-0.5,0.9999999999999996
2011-02-01,0.22189115973533088,0.275,0.3,FORCE_BUY,0.01419815346419435,0.0006982698425014302,0.0006982698425014302,0.01419815346419435,FORCE_BUY,219063.60404322168,130.72,1.0499999999999996,0.7499999999999998
2011-02-02,0.2236333265274498,0.275,0.3,FORCE_BUY,-0.002294279596206596,-0.002294279596206596,-0.002294279596206596,-0.002294279596206596,FORCE_BUY,218561.01088619384,130.46,-0.5,1.9499999999999993
2011-02-03,0.21922210617762417,0.275,0.3,FORCE_BUY,0.0029914857712662712,0.0042187619851190945,0.0042187619851190945,0.0029914857712662712,FREE,219483.0677703497,130.76,-0.5,1.9499999999999993
2011-02-04,0.2153745672050088,0.275,0.3,FORCE_BUY,0.0038249694002448274,0.0068320718654224745,0.001988984088127291,0.0038249694002448274,FREE,220982.59186260012,131.22,-0.5,1.9499999999999993
2011-02-07,0.21222360908230772,0.275,0.3,FORCE_BUY,0.0023549073230021496,-0.0003016035945206881,-0.0003038590094196739,0.0023549073230021496,FORCE_BUY,221502.98538643337,131.95,-0.5,1.9499999999999993
2011-02-08,0.21534896032502907,0.275,0.3,FORCE_BUY,0.003027321577234518,0.003027321577234518,0.003027321577234518,0.003027321577234518,FORCE_BUY,222173.54615351558,132.53,0.7499999999999998,1.3999999999999995
2011-02-09,0.18879280628649367,0.275,0.3,FORCE_BUY,-0.0015118300702999697,0.0009063657548531434,0.0012094640562400226,-0.0015118300702999697,FORCE_SELL,222442.25707183566,132.09,1.5999999999999996,1.4499999999999995
2011-02-10,0.19327044193150789,0.275,0.3,FORCE_BUY,-0.0010600439161050758,-0.0024986749451047377,-0.0024986749451047377,-0.0010600439161050758,FORCE_BUY,222206.458510542,131.93,1.8999999999999995,1.0999999999999996
2011-02-11,0.16719359957453328,0.275,0.3,FORCE_BUY,0.010389019488890662,0.004967012967316336,0.004967012967316336,0.010389019488890662,FORCE_BUY,224514.9657385654,133.24,1.9499999999999993,1.1999999999999997
2011-02-14,0.1609492621879232,0.275,0.3,FORCE_BUY,-0.0005258413461538362,0.001201923076923021,0.001201923076923021,-0.0005258413461538362,FREE,224784.81545700118,133.05,1.4499999999999995,0.9999999999999996
2011-02-15,0.180744428931174,0.275,0.3,FORCE_BUY,0.0002253098009764045,-0.000450619601952693,-0.000450619601952693,0.0002253098009764045,FORCE_BUY,224835.4616790343,133.18,1.4499999999999995,0.9999999999999996
2011-02-16,0.162347330456164,0.275,0.3,FORCE_BUY,0.005793829947328709,0.006471977747905283,0.005417607223476279,0.005793829947328709,FREE,226290.59178396102,133.67,-0.5,1.0499999999999996
2011-02-17,0.16566837218555996,0.28,0.305,FORCE_BUY,0.003740275284260834,0.0009770108214282396,0.0,0.003740275284260834,FORCE_BUY,227136.98089147132,134.18,-0.5,1.0499999999999996
2011-02-18,0.16194056175619076,0.28,0.305,FORCE_BUY,0.00305536925255231,0.001042551605931966,0.001042551605931966,0.00305536925255231,FORCE_BUY,227830.9682390047,134.6,0.3999999999999998,0.9499999999999997
2011-02-22,0.2179946510637076,0.28,0.305,FORCE_BUY,-0.010038205108996954,-0.006077063343328023,-0.005393662446625196,-0.010038205108996954,FORCE_SELL,226602.12490143572,132.15,-0.5,0.8999999999999997
2011-02-23,0.20031604454616722,0.28,0.305,FORCE_BUY,-0.008165116806532239,-0.0006048234671506141,-0.0006048234671506141,-0.008165116806532239,FREE,226465.07061858912,131.19,2.349999999999999,0.7499999999999998
2011-02-24,0.19668442303143982,0.28,0.305,FORCE_BUY,0.006218809980806194,0.0012284069097888105,0.0012284069097888105,0.006218809980806194,FORCE_BUY,227873.413860056,131.06,2.499999999999999,0.7999999999999998
2011-02-25,0.19267242077716248,0.28,0.305,FORCE_BUY,0.007847619047619051,0.0,0.0,0.007847619047619051,FORCE_BUY,229661.67760311018,132.28,1.7499999999999996,1.0999999999999996
2011-02-28,0.19421926425286862,0.28,0.305,FORCE_BUY,0.010225723375246182,0.0019693985759732164,0.0019693985759732164,0.010225723375246182,FORCE_BUY,232010.13438817454,133.37,1.6499999999999995,0.9499999999999997
2011-03-01,0.20414571313234128,0.28,0.305,FORCE_BUY,-0.02561613144137425,-0.02561613144137425,-0.02561613144137425,-0.02561613144137425,FORCE_BUY,226066.93228995617,130.47,1.6499999999999995,0.9499999999999997
2011-03-02,0.19293449942178134,0.28,0.305,FORCE_BUY,0.004826106940401319,0.006358204381798817,0.006358204381798817,0.004826106940401319,FREE,227504.312049422,131.17,2.3999999999999995,-0.5
2011-03-03,0.19169450933734078,0.28,0.305,FORCE_BUY,0.015361216730038103,0.0009125475285171266,0.0009125475285171266,0.015361216730038103,FORCE_BUY,230999.05509383138,133.52,2.499999999999999,1.3999999999999995
2011-03-04,0.19669753815282032,0.28,0.305,FORCE_BUY,-0.008834319083626644,0.005619899763347969,-7.486711087817327e-05,-0.008834319083626644,FREE,232297.2466288868,132.39,-0.5,2.1499999999999995
2011-03-07,0.20162880941097272,0.28,0.305,FORCE_BUY,-0.010831954265081954,-0.0031187050629699156,0.0013539942831353896,-0.010831954265081954,FORCE_SELL,232611.77577281036,131.5,-0.5,2.1499999999999995
2011-03-08,0.19082824814343965,0.28,0.305,FORCE_BUY,0.0036360881751383123,0.004014847360048456,0.004014847360048456,0.0036360881751383123,FREE,233545.67654668802,132.49,2.4499999999999993,-0.5
2011-03-09,0.18399870901569573,0.28,0.305,FORCE_BUY,-0.0017391304347825424,0.004385633270321479,0.004385633270321479,-0.0017391304347825424,FREE,234569.92223589087,132.02,2.2999999999999994,-0.5
2011-03-10,0.1861357129892233,0.28,0.305,FORCE_BUY,-0.00618320610687028,-0.0017431064268669594,-0.004580152671755689,-0.00618320610687028,FREE,234161.0418968918,130.19,1.0499999999999996,-0.5
2011-03-11,0.19249159850832911,0.28,0.305,FORCE_BUY,0.008856372737774494,0.0028494416634578675,0.0028494416634578675,0.008856372737774494,FORCE_BUY,236234.85936459628,131.0,1.7999999999999994,-0.5
2011-03-14,0.19066464437246644,0.28,0.305,FORCE_BUY,-0.007203065134099667,-0.0018429798208065191,-0.00107279693486588,-0.007203065134099667,FORCE_SELL,235981.42733156148,129.56,2.349999999999999,-0.5
2011-03-15,0.2017473520051979,0.28,0.305,FORCE_BUY,0.005714285714285675,0.0018584725591639947,-0.003913894324853259,0.005714285714285675,FORCE_BUY,237329.892630599,128.48,2.349999999999999,-0.5
2011-03-16,0.20622418992686709,0.28,0.305,FORCE_BUY,-0.02066822066822052,-0.009961297536111757,-0.01569541569541554,-0.02066822066822052,FREE,234965.77895589216,126.04,-0.5,-0.5
2011-03-17,0.17856442030195083,0.28,0.305,FORCE_BUY,0.0025912838633686546,0.004780790734514193,0.00047114252061249373,0.0025912838633686546,FREE,236089.10117485237,127.68,-0.5,-0.5
2011-03-18,0.1760781291772537,0.28,0.305,FORCE_BUY,-0.005609661082976217,-0.004289565460677764,0.0,-0.005609661082976217,FORCE_SELL,236089.10117485237,127.63,-0.5,1.2999999999999996
2011-03-21,0.1813181431390158,0.28,0.305,FORCE_BUY,0.011305161390924868,0.010515826531135485,0.006471230313425991,0.011305161390924868,FORCE_BUY,238758.1265662725,129.71,2.1999999999999993,-0.5
2011-03-22,0.18133282325925926,0.28,0.305,FORCE_BUY,-0.00400956126146977,-0.0016277280746382985,0.0019276736833988889,-0.00400956126146977,FORCE_SELL,239218.37432355192,129.17,2.1999999999999993,-0.5
2011-03-23,0.1965899796366152,0.28,0.305,FORCE_BUY,0.005506010081427029,0.007367196587824891,0.007367196587824891,0.005506010081427029,FREE,240980.7431146134,129.66,2.4499999999999993,-0.5
2011-03-24,0.13878080878146987,0.28,0.305,FORCE_BUY,0.013750482811896414,0.007413339388807267,0.006179992275009727,0.013750482811896414,FORCE_BUY,244294.34468080892,131.23,2.4499999999999993,-0.5
2011-03-25,0.13542801142850988,0.28,0.305,FORCE_BUY,0.0015993907083014514,0.001484691946118642,0.00015232292459999814,0.0015993907083014514,FORCE_BUY,244685.066785782,131.51,-0.5,-0.5
2011-03-28,0.1385011232813603,0.28,0.305,FORCE_BUY,-0.007373622196883308,-0.0033427740195484494,0.0012162675788672942,-0.007373622196883308,FORCE_SELL,244982.66929954654,130.58,-0.5,-0.5
2011-03-29,0.176686093385526,0.28,0.305,FORCE_BUY,0.00809778456837287,0.002291825821237509,0.002291825821237509,0.00809778456837287,FORCE_BUY,246966.48617851923,131.96,2.349999999999999,2.1999999999999993
2011-03-30,0.1259069980760512,0.28,0.305,FORCE_BUY,0.00218950547376386,0.0008305020762553417,0.0008305020762553417,0.00218950547376386,FORCE_BUY,247507.22065184335,132.74,2.499999999999999,2.2499999999999996
2011-03-31,0.1562363234480649,0.28,0.305,FORCE_BUY,-0.00015069318866795252,0.0018839715146711674,0.0017329716696804645,-0.00015069318866795252,FREE,247973.51720522688,132.7,2.0999999999999996,2.499999999999999
2011-04-01,0.12977915221473277,0.28,0.305,FORCE_BUY,0.0033140016570007325,0.003502290138338727,0.003539956315432669,0.0033140016570007325,FORCE_SELL,248851.33262351755,133.21,-0.5,2.2499999999999996
2011-04-04,0.16012805314066728,0.28,0.305,FORCE_BUY,0.000149981252343537,0.0002249718785151317,0.0002249718785151317,0.000149981252343537,FREE,248907.3171752889,133.37,2.0999999999999996,2.4499999999999993
2011-04-05,0.13214890178426072,0.28,0.305,FORCE_BUY,7.508634930156294e-05,7.508634930156294e-05,7.508634930156294e-05,7.508634930156294e-05,FORCE_BUY,248926.00671705,133.19,2.0999999999999996,2.4499999999999993
2011-04-06,0.1319372483034452,0.28,0.305,FORCE_BUY,0.0003000975316978458,0.0007502438292444406,0.0007502438292444406,0.0003000975316978458,FREE,249112.7619175279,133.33,1.5999999999999996,1.1999999999999997
2011-04-07,0.18050688349201924,0.28,0.305,FORCE_BUY,-0.00037492501499714244,0.003902593300503275,0.0016496700659867547,-0.00037492501499714244,FREE,250084.9477132571,133.31,0.9999999999999996,0.9499999999999997
2011-04-08,0.19690299369975506,0.28,0.305,FORCE_BUY,-0.004874390701162462,-0.00561807623236257,0.0026996625421822754,-0.004874390701162462,FORCE_SELL,250760.0926789622,132.7,0.9999999999999996,0.9499999999999997
2011-04-11,0.1840041410274361,0.28,0.305,FORCE_BUY,-0.01011235955056169,-0.008090652569310903,-0.007715355805243449,-0.01011235955056169,FORCE_SELL,248825.3893421882,132.15,1.2499999999999996,-0.5
2011-04-12,0.1977057660789275,0.28,0.305,FORCE_BUY,-0.0027276860130322094,0.001644785488735462,-0.0013638430065159293,-0.0027276860130322094,FREE,249234.65373180716,131.62,1.4499999999999995,-0.5
2011-04-13,0.2070435467274371,0.28,0.305,FORCE_BUY,-0.0034941131788835044,0.004502301906461803,0.000303835928598484,-0.0034941131788835044,FREE,250356.78338846023,131.19,1.6499999999999995,-0.5
2011-04-14,0.224246535892106,0.28,0.305,FORCE_BUY,0.0048851232730327205,0.0015266010228227914,0.0015266010228227914,0.0048851232730327205,FORCE_BUY,251579.8071375528,131.65,1.8499999999999996,0.8499999999999996
2011-04-15,0.20875477829038025,0.28,0.305,FORCE_BUY,0.0077773541746091295,0.000991231414410978,0.000991231414410978,0.0077773541746091295,FORCE_BUY,253536.4324008414,132.17,2.2499999999999996,1.2499999999999996
2011-04-18,0.2653286830114497,0.28,0.305,FORCE_BUY,-0.015117157974300828,-0.017236936887535758,-0.005895691609977313,-0.015117157974300828,FORCE_SELL,252041.6597835122,130.3,-0.5,1.0999999999999996
2011-04-19,0.21917738093562558,0.28,0.305,FORCE_BUY,0.011124750652140379,0.002608562221881201,0.002608562221881201,0.011124750652140379,FORCE_BUY,254845.56040255536,131.79,1.6999999999999993,1.8499999999999996
2011-04-20,0.21261700303559347,0.28,0.305,FORCE_BUY,0.019027323236167046,0.014384656366542436,0.014384656366542436,0.019027323236167046,FORCE_BUY,259694.58925563694,133.89,1.6999999999999993,1.7499999999999996
2011-04-21,0.20858353955019115,0.28,0.305,FORCE_BUY,-0.0005227781926810954,0.003968062551827846,0.0014189693801344347,-0.0005227781926810954,FREE,260725.07363017456,133.83,-0.5,2.1499999999999995
2011-04-25,0.21118708793394092,0.28,0.305,FORCE_BUY,-0.0008218154650726459,0.0031479329442488883,0.0005976839745985188,-0.0008218154650726459,FREE,261545.81867884673,133.74,0.4999999999999998,2.2999999999999994
2011-04-26,0.1610738810923614,0.28,0.305,FORCE_BUY,0.0075508373205743174,0.0017857028571959682,0.0002990430622011163,0.0075508373205743174,FORCE_BUY,263520.7086075671,134.77,1.3999999999999995,1.3499999999999996
2011-04-27,0.1656584988978009,0.28,0.305,FORCE_BUY,0.0075768830782943645,0.005129396559879217,0.0032684593671074335,0.0075768830782943645,FORCE_BUY,265517.3742053959,135.64,1.3499999999999996,2.1499999999999995
2011-04-28,0.15740174821815897,0.28,0.305,FORCE_BUY,0.0020626151012892095,0.0007004841351403997,-0.0008103130755064792,0.0020626151012892095,FORCE_BUY,266065.03435108665,136.03,-0.5,1.9499999999999993
2011-04-29,0.15312035853055686,0.28,0.305,FORCE_BUY,0.00669757856774857,0.0026495915213070654,0.0026495915213070654,0.00669757856774857,FORCE_BUY,267847.02582278376,136.78,1.9499999999999993,1.9499999999999993
2011-05-02,0.16443801394594385,0.28,0.305,FORCE_BUY,-0.006423357664233616,0.001093899765048909,0.0021167883211678272,-0.006423357664233616,FORCE_SELL,268414.00127890497,136.12,-0.5,2.499999999999999
2011-05-03,0.20552753231888907,0.28,0.305,FORCE_BUY,-0.0024271844660195174,0.0012504297390081526,0.0,-0.0024271844660195174,FREE,268749.63412847026,135.63,1.6499999999999995,1.1499999999999997
2011-05-04,0.2112284864938728,0.28,0.31,FORCE_BUY,-0.004647045806594406,-0.0052371468613999,-0.0052371468613999,-0.004647045806594406,FORCE_BUY,267500.74226816976,134.94,2.4499999999999993,1.1499999999999997
2011-05-05,0.2336355005986089,0.28,0.31,FORCE_BUY,-0.00888362451880383,-0.006214904050718612,-0.0074030204323364485,-0.00888362451880383,FREE,265838.2508214771,133.88,2.3999999999999995,0.5999999999999996
2011-05-06,0.23486464654644812,0.28,0.31,FORCE_BUY,0.0006717921922818085,0.0017168022691645575,0.0017168022691645575,0.0006717921922818085,FREE,266294.64253371814,134.06,2.0999999999999996,0.6999999999999997
2011-05-09,0.21220676780984937,0.28,0.31,FORCE_BUY,0.0023784748030326744,0.004283523226515919,0.002527129478222059,0.0023784748030326744,FREE,267435.3218201081,134.86,1.7499999999999996,0.8499999999999996
2011-05-10,0.20910305024125153,0.28,0.31,FORCE_BUY,0.00800296406076339,-0.0006669136717301108,-0.0006669136717301108,0.00800296406076339,FORCE_BUY,269575.5970892131,136.03,1.7499999999999996,0.8499999999999996
2011-05-11,0.21954643872136126,0.28,0.31,FORCE_BUY,-0.01375101110375763,-0.0008920055116817023,-0.00014706963747330838,-0.01375101110375763,FORCE_SELL,269535.9507038775,134.12,1.7499999999999996,0.8499999999999996
2011-05-12,0.22390528971094262,0.28,0.31,FORCE_BUY,0.009253040817849388,-0.0016416685321991576,-0.0016416685321991576,0.009253040817849388,FORCE_BUY,272029.9778576183,135.25,1.8999999999999995,-0.5
2011-05-13,0.21152207019725508,0.28,0.31,FORCE_BUY,-0.01093703813183554,-0.01093703813183554,-0.01093703813183554,-0.01093703813183554,FORCE_BUY,269054.77561678714,133.84,1.1499999999999997,2.499999999999999
2011-05-16,0.20881118847885613,0.28,0.31,FORCE_BUY,-0.007478312892611484,0.0019408128568448133,0.0023182769967095645,-0.007478312892611484,FORCE_SELL,269678.5191139544,132.72,1.3999999999999995,2.499999999999999
2011-05-17,0.2095404628644816,0.28,0.31,FORCE_BUY,0.0012021940040573488,0.0013462190918194844,0.0025546622586220696,0.0012021940040573488,FORCE_SELL,270367.4566486959,133.25,1.5499999999999994,1.4499999999999995
2011-05-18,0.21276802624267474,0.28,0.31,FORCE_BUY,0.008477119279819893,0.002175543885971435,0.002175543885971435,0.008477119279819893,FORCE_BUY,272659.3938280884,134.43,1.9499999999999993,0.9999999999999996
2011-05-19,0.19790640107597943,0.28,0.31,FORCE_BUY,0.0026805658972449066,0.001191362620997826,0.001191362620997826,0.0026805658972449066,FORCE_BUY,273390.2753007474,134.66,1.7499999999999996,1.3499999999999996
2011-05-20,0.20565316907686712,0.28,0.31,FORCE_BUY,-0.010170749814402235,-0.0066963678309277476,-0.0024498886414252618,-0.010170749814402235,FORCE_SELL,272720.499570612,133.33,-0.5,1.5999999999999996
2011-05-23,0.2077103218425094,0.28,0.31,FORCE_BUY,-0.005429864253393646,-0.0038461538461537405,-0.0038461538461537405,-0.005429864253393646,FREE,271671.5745722635,131.88,1.8499999999999996,1.4499999999999995
2011-05-24,0.19845597274164994,0.28,0.31,FORCE_BUY,-0.004309367203447629,0.002116882135026799,0.002116882135026799,-0.004309367203447629,FREE,272246.67127507017,131.7,1.7999999999999994,1.6999999999999993
2011-05-25,0.21465327507775575,0.28,0.31,FORCE_BUY,0.005098158575559466,0.006084069392844606,0.009435397960736662,0.005098158575559466,FORCE_SELL,274815.4269620363,132.09,1.4499999999999995,-0.5
2011-05-26,0.21588751658506233,0.31,0.33,FORCE_BUY,0.0053580861821750465,-0.0015847860538825795,-0.0015847860538825795,0.0053580861821750465,FORCE_BUY,276287.91170389013,133.22,2.0499999999999994,1.1499999999999997
2011-05-27,0.19789610441119562,0.31,0.33,FORCE_BUY,0.0013498312710911377,0.0018017345368997295,0.0008998875140607585,0.0013498312710911377,FREE,276785.7091765349,133.53,1.9999999999999996,1.1999999999999997
2011-05-31,0.15123294754688088,0.31,0.33,FORCE_BUY,0.006700915791824888,0.004171867782974676,0.003201548656094149,0.006700915791824888,FORCE_BUY,278640.4269061074,135.21,-0.5,1.5499999999999994
2011-06-01,0.18330491068926344,0.31,0.33,FORCE_BUY,-0.02407407407407414,-0.02407407407407414,-0.02407407407407414,-0.02407407407407414,FORCE_BUY,271932.4166287381,131.75,1.5999999999999996,2.2999999999999994
2011-06-02,0.19847871239204173,0.195,0.235,FREE,-0.0014412500948192085,-0.0014412500948192085,-0.0014412500948192085,-0.0014412500948192085,FORCE_BUY,271540.49400748755,131.64,1.9499999999999993,2.2999999999999994
2011-06-03,0.2100800998177451,0.195,0.235,FREE,-0.009352189781022006,-0.009960462287104585,-0.009960462287104585,-0.009960462287104585,FORCE_BUY,269000.99577429704,130.29,2.2999999999999994,1.0999999999999996
2011-06-06,0.20134794379953916,0.31,0.33,FORCE_BUY,-0.0031672460409423345,-0.0031672460409423345,0.0,-0.0031672460409423345,FORCE_SELL,269000.99577429704,129.04,2.499999999999999,1.1999999999999997
2011-06-07,0.20193730031823462,0.31,0.33,FORCE_BUY,-0.0016227494011281471,0.002009118306158743,0.002009118306158743,-0.0016227494011281471,FREE,269541.4505992821,129.2,2.499999999999999,-0.5
2011-06-08,0.193327563511596,0.31,0.33,FORCE_BUY,-0.0008552989658658376,0.0013235212544577644,0.0005442811600963987,-0.0008552989658658376,FREE,269898.19443810766,128.5,-0.5,2.2999999999999994
2011-06-09,0.20395336743866066,0.31,0.33,FORCE_BUY,0.0032590983161324355,0.004770380851255353,0.006013812369054086,0.0032590983161324355,FORCE_SELL,271521.3115382049,129.29,-0.5,2.2999999999999994
2011-06-10,0.2017538499944539,0.195,0.225,FREE,-0.01169907801967907,0.0003820239125094681,0.0008522507166655361,0.0003820239125094681,FORCE_SELL,271752.7157705533,127.56,2.1999999999999993,-0.5
2011-06-13,0.2018478430937166,0.195,0.225,FREE,0.002194357366771221,-0.0008616086520275979,0.0003134796238245281,-0.0008616086520275979,FORCE_BUY,272349.0383443445,127.88,2.0999999999999996,-0.5
2011-06-14,0.19584129124370356,0.195,0.225,FREE,0.004815908031691835,-0.0010874631039304334,0.0,-0.0010874631039304334,FORCE_BUY,273660.64626553055,129.36,-0.5,1.5999999999999996
2011-06-15,0.22138451967941344,0.195,0.225,FREE,-0.000942877347371599,-0.000942877347371599,0.0,-0.000942877347371599,FORCE_SELL,273660.64626553055,127.15,1.1999999999999997,2.349999999999999
2011-06-16,0.21474360966500763,0.195,0.225,FREE,0.006535433070866054,0.006535433070866054,0.006535433070866054,0.006535433070866054,FORCE_BUY,275449.1371033289,127.83,1.1999999999999997,2.349999999999999
2011-06-17,0.19010226674596234,0.195,0.225,FORCE_BUY,0.0033935758819352768,0.002841133296503914,0.002841133296503914,0.0033935758819352768,FORCE_BUY,276383.8946517026,127.14,1.4999999999999996,1.1499999999999997
2011-06-20,0.2050116071843506,0.195,0.225,FREE,0.011061946902654815,-0.0007111251580278943,-0.0007111251580278943,-0.0007111251580278943,FORCE_BUY,279441.23861908866,127.96,1.5499999999999994,1.2499999999999996
2011-06-21,0.21128362691281088,0.31,0.33,FORCE_BUY,0.0,0.0,0.0,0.0,FORCE_BUY,279441.23861908866,129.31,1.5499999999999994,1.2499999999999996
2011-06-22,0.19146206025451684,0.31,0.33,FORCE_BUY,-0.008632369449928195,-0.008632369449928195,0.0,-0.008632369449928195,FORCE_SELL,279441.23861908866,128.05,-0.5,1.8499999999999996
2011-06-23,0.22505898367293428,0.31,0.33,FORCE_BUY,0.004609375000000028,0.0029687499999999953,0.0029687499999999953,0.004609375000000028,FORCE_BUY,280729.2880783485,128.59,0.1499999999999999,2.0999999999999996
2011-06-24,0.20502545630538663,0.31,0.33,FORCE_BUY,-0.0143134966938936,-0.0143134966938936,-0.0143134966938936,-0.0143134966938936,FORCE_BUY,276711.07034155994,126.71,2.1999999999999993,2.3999999999999995
2011-06-27,0.2135810164593153,0.31,0.33,FORCE_BUY,0.011824058016711466,0.011824058016711466,0.011824058016711466,0.011824058016711466,FORCE_BUY,279982.9180911449,128.36,2.1999999999999993,2.2999999999999994
2011-06-28,0.20646328477725018,0.31,0.33,FORCE_BUY,0.013574660633484104,0.005773131533780517,0.005773131533780517,0.013574660633484104,FORCE_BUY,283783.59118740476,129.92,2.1999999999999993,2.2999999999999994
2011-06-29,0.19776313044569305,0.31,0.33,FORCE_BUY,0.007078012001846584,0.0016925680873981404,0.0016925680873981404,0.007078012001846584,FORCE_BUY,285792.21485175635,130.9,1.9499999999999993,2.3999999999999995
2011-06-30,0.1434729792024086,0.31,0.33,FORCE_BUY,0.006718070081685583,0.0012214672875791217,0.0012214672875791217,0.006718070081685583,FORCE_BUY,287712.18697993056,131.87,2.2499999999999996,2.3999999999999995
2011-07-01,0.15010305862053344,0.31,0.33,FORCE_BUY,0.017850360805165152,0.011260286268545706,0.0028104823395365994,0.017850360805165152,FORCE_BUY,292847.9533255655,134.0,0.24999999999999978,1.9499999999999993
2011-07-05,0.16968025148342658,0.31,0.33,FORCE_BUY,0.001195367949196897,0.010065239626280139,0.0026148673888681108,0.001195367949196897,FREE,295795.538149853,134.01,-0.5,2.0999999999999996
2011-07-06,0.14538748879238728,0.31,0.33,FORCE_BUY,0.004486652209676402,0.002542436252149899,0.002542436252149899,0.004486652209676402,FORCE_BUY,297122.6698547055,134.33,-0.5,2.0999999999999996
2011-07-07,0.14483047115574935,0.31,0.33,FORCE_BUY,0.008632236940020915,0.0008110096590587623,0.0,0.008632236940020915,FORCE_BUY,299687.50314114295,135.54,-0.5,1.6999999999999993
2011-07-08,0.19227516931835845,0.31,0.33,FORCE_BUY,-0.007152337413360769,-0.00561167378265673,-0.0005898834980091603,-0.007152337413360769,FORCE_SELL,299510.72242848045,134.65,-0.5,2.4499999999999993
2011-07-11,0.19608468043179986,0.31,0.33,FORCE_BUY,-0.012696041822255522,-0.012696041822255522,-0.012696041822255522,-0.012696041822255522,FORCE_BUY,295708.1217703145,132.2,-0.5,-0.5
2011-07-12,0.20121984612872434,0.31,0.33,FORCE_BUY,0.0034364261168385733,0.004872645351572355,0.01183657884688825,0.0034364261168385733,FORCE_SELL,299208.29426931404,131.4,-0.5,-0.5
2011-07-13,0.20563472462166424,0.31,0.33,FORCE_BUY,-0.00492648173412164,-0.006428990265751518,0.0018190086402910942,-0.00492648173412164,FORCE_SELL,299752.5567418367,131.29,2.499999999999999,1.0999999999999996
2011-07-14,0.21032982109963325,0.31,0.33,FORCE_BUY,-0.007887751232461007,-0.003798006785210668,0.0028820629503223316,-0.007887751232461007,FORCE_SELL,300616.4624798868,130.81,-0.5,0.7999999999999998
2011-07-15,0.20274042673838585,0.31,0.33,FORCE_BUY,0.007633005114113471,0.0030167069895478123,0.0005343103579881476,0.007633005114113471,FORCE_BUY,302911.0694753825,132.01,2.3999999999999995,0.44999999999999973
2011-07-18,0.19906934094259507,0.31,0.33,FORCE_BUY,-0.008797876374668145,-0.008116169274513349,-0.006825938566552953,-0.008797876374668145,FORCE_SELL,300843.4171240147,130.69,2.3999999999999995,0.7999999999999998
2011-07-19,0.20605365753475025,0.31,0.33,FORCE_BUY,0.012575261031933656,0.003734471457968059,0.003734471457968059,0.012575261031933656,FORCE_BUY,304626.60162408807,132.86,1.7499999999999996,1.0499999999999996
2011-07-20,0.18782370080515154,0.31,0.33,FORCE_BUY,-0.00015037593984971578,0.0008270676691730874,0.0008270676691730874,-0.00015037593984971578,FREE,304878.54843746143,132.98,1.6499999999999995,1.5999999999999996
2011-07-21,0.21162439596109506,0.31,0.33,FORCE_BUY,0.017959553274977325,0.013130093570781593,0.013130093570781593,0.017959553274977325,FORCE_BUY,310354.03097052174,134.9,0.7499999999999998,1.7999999999999994
2011-07-22,0.1906546102276505,0.31,0.33,FORCE_BUY,-0.0060053380782918026,0.0008896797153024595,0.0008896797153024595,-0.0060053380782918026,FREE,310630.14665643853,134.07,0.9499999999999997,1.6499999999999995
2011-07-25,0.18936756032975657,0.225,0.31,FORCE_BUY,-0.00037385972783023026,-0.00037385972783023026,-0.00037385972783023026,-0.00037385972783023026,FORCE_BUY,310514.0145543537,133.69,0.6499999999999997,1.5999999999999996
2011-07-26,0.18810253349077155,0.225,0.31,FORCE_BUY,-0.006790538019550761,-0.006790538019550761,-0.006790538019550761,-0.006790538019550761,FORCE_BUY,308405.45733291906,133.1,0.6499999999999997,1.5999999999999996
2011-07-27,0.21178894962969122,0.225,0.31,FORCE_BUY,-0.02043729806897589,-0.02043729806897589,-0.02043729806897589,-0.02043729806897589,FORCE_BUY,302102.4830753074,130.37,0.6499999999999997,1.5999999999999996
2011-07-28,0.21273156923912803,0.225,0.31,FORCE_BUY,-0.005505849965588478,-0.004514601963591188,0.006041140934464985,-0.005505849965588478,FORCE_SELL,303927.52675221715,130.05,0.6499999999999997,1.5999999999999996
2011-07-29,0.21884228993602076,0.225,0.31,FORCE_BUY,-0.003613994617454766,-0.003613994617454766,-0.003613994617454766,-0.003613994617454766,FORCE_BUY,302829.13430643827,129.58,2.499999999999999,0.3999999999999998
2011-08-01,0.23452939940143133,0.18,0.225,FORCE_SELL,-0.013869731800766314,-0.019298786459142972,0.002298850574712621,0.002298850574712621,FORCE_SELL,303525.29323587834,128.69,2.2499999999999996,0.3999999999999998
2011-08-02,0.26010949815014,0.18,0.225,FORCE_SELL,-0.020893653650520348,-0.0027117535173041617,0.0,0.0,FORCE_SELL,303525.29323587834,125.12,2.2499999999999996,0.3999999999999998
2011-08-03,0.263740617858422,0.18,0.225,FORCE_SELL,0.0030957294808699456,-0.004492063336759977,0.0,0.0,FORCE_BUY,304464.92543433834,126.37,2.499999999999999,-0.5
2011-08-04,0.28979018176418964,0.18,0.225,FORCE_SELL,-0.04189609767775925,-0.03596475819562274,0.0,0.0,FORCE_SELL,304464.92543433834,120.06,2.349999999999999,-0.5
2011-08-05,0.30437808870697847,0.18,0.225,FORCE_SELL,-0.00033456005352974246,0.01639507918474893,0.0,0.0,FREE,309456.651995813,119.52,2.4499999999999993,-0.5
2011-08-08,0.3114071063006703,0.18,0.225,FORCE_SELL,-0.06360572872788552,-0.0385715060494381,0.0,0.0,FORCE_SELL,309456.651995813,111.15,2.499999999999999,-0.5
2011-08-09,0.3809179846755308,0.18,0.225,FORCE_SELL,0.07213501497141835,0.039192213962517285,0.0,0.0,FORCE_BUY,331779.312220536,118.16,2.499999999999999,-0.5
2011-08-10,0.28372212030961413,0.18,0.225,FORCE_SELL,-0.02847066918974727,-0.021786535383316916,0.0,0.0,FORCE_SELL,331779.312220536,112.95,2.349999999999999,-0.5
2011-08-11,0.3408488496574112,0.18,0.23,FORCE_SELL,0.047653106839517435,0.00858292355833724,0.0,0.0,FORCE_BUY,347589.6272329228,117.18,2.4499999999999993,-0.5
2011-08-12,0.2550659559337604,0.18,0.23,FORCE_SELL,0.0039049235993210323,0.0039049235993210323,0.0,0.0,FORCE_BUY,348946.9381711838,118.26,2.499999999999999,-0.5
2011-08-15,0.24168432081057753,0.18,0.23,FORCE_SELL,0.0,0.0,0.0,0.0,FORCE_BUY,348946.9381711838,120.15,2.499999999999999,-0.5
2011-08-16,0.23267496006471186,0.18,0.23,FORCE_SELL,0.00100671140939593,0.0023849515348120633,0.0,0.0,FREE,349779.15970694314,119.32,2.0499999999999994,-0.5
2011-08-17,0.22738204504853776,0.18,0.23,FREE,-0.01012028204064701,-0.009208909380339572,0.0,-0.009208909380339572,FORCE_SELL,349779.15970694314,119.33,2.2499999999999996,-0.5
2011-08-18,0.24593305565075388,0.18,0.225,FORCE_SELL,-0.03268416596104999,-0.03268416596104999,0.0,0.0,FORCE_SELL,349779.15970694314,114.24,2.499999999999999,-0.5
2011-08-19,0.2265155761940095,0.18,0.225,FORCE_SELL,-0.001414802369793956,0.01214856124261246,0.0,0.0,FREE,354028.47325003246,112.93,2.349999999999999,-0.5
2011-08-22,0.2195851396854149,0.18,0.23,FREE,0.00010823490167476326,0.0017819824981806056,0.0,0.0017819824981806056,FREE,354659.3457932216,112.73,-0.5,-0.5
2011-08-23,0.23354630139229626,0.18,0.23,FORCE_SELL,0.014497816593886445,-0.007248908296943223,-0.007248908296943223,-0.007248908296943223,FORCE_BUY,359801.1319418395,116.16,-0.5,1.9499999999999993
2011-08-24,0.20094229562139806,0.18,0.23,FREE,0.003849114703618272,0.002315870404537697,0.0,0.002315870404537697,FORCE_BUY,361186.0477691754,117.36,-0.5,2.4499999999999993
2011-08-25,0.1958895474155257,0.18,0.23,FREE,-0.009594158600781109,-0.0018216313117996067,0.0031414501613178008,-0.0018216313117996067,FORCE_SELL,362320.6957372056,116.65,2.4499999999999993,2.2499999999999996
2011-08-26,0.21779227225554743,0.18,0.23,FREE,0.01563573883161505,-0.003425371575142623,-0.004896907216494862,-0.003425371575142623,FORCE_BUY,367985.84750904166,118.22,-0.5,2.1499999999999995
2011-08-29,0.21057024992426823,0.18,0.23,FREE,0.0,0.0,0.0,0.0,FORCE_BUY,367985.84750904166,121.34,1.4499999999999995,2.1999999999999993
2011-08-30,0.19851498454714492,0.18,0.23,FREE,0.003735990037359966,0.006132558963495528,0.0,0.006132558963495528,FREE,370242.54241662275,120.9,1.4499999999999995,2.1999999999999993
2011-08-31,0.18876545394015778,0.18,0.23,FREE,0.003775443204202146,0.0027064568413783865,0.0017235718975704636,0.0027064568413783865,FORCE_BUY,371640.3721072961,122.3,1.1999999999999997,-0.5
2011-09-01,0.17003757990049717,0.18,0.23,FORCE_BUY,-0.008227067050596362,-0.002424456910161825,0.0,-0.008227067050596362,FORCE_SELL,371640.3721072961,120.55,1.2499999999999996,-0.5
2011-09-02,0.18137784092459683,0.155,0.23,FREE,-0.023777851679414628,-0.023777851679414628,-0.023777851679414628,-0.023777851679414628,FORCE_BUY,362803.5624612463,117.42,2.4499999999999993,-0.5
2011-09-06,0.1849524812589486,0.155,0.23,FREE,0.010862068965517216,0.011413905605947681,-8.620689655180245e-05,0.011413905605947681,FREE,366944.56807668053,117.26,2.499999999999999,-0.5
2011-09-07,0.1867062427165979,0.155,0.23,FREE,0.02478988029544093,0.009097351838763895,0.003820358264708261,0.009097351838763895,FORCE_BUY,376041.0799943637,120.71,-0.5,1.8499999999999996
2011-09-08,0.1836261098512535,0.195,0.23,FORCE_BUY,-0.008430014189132841,-0.0066778289230585075,0.0,-0.008430014189132841,FORCE_SELL,376041.0799943637,118.8,-0.5,2.499999999999999
2011-09-09,0.2022924258919574,0.195,0.23,FREE,-0.025167785234899286,-0.025167785234899286,-0.025167785234899286,-0.025167785234899286,FORCE_BUY,366576.958853566,116.2,1.6999999999999993,2.0999999999999996
2011-09-12,0.1781987267205991,0.195,0.23,FORCE_BUY,0.01035196687370606,0.0007510207208809557,-0.0012077294685990834,0.01035196687370606,FORCE_BUY,370371.751388282,117.12,2.0999999999999996,-0.5
2011-09-13,0.1779016758902361,0.195,0.23,FORCE_BUY,0.01120689655172423,0.0081739933859352,-0.0012931034482758536,0.01120689655172423,FORCE_BUY,374522.4692917714,117.3,-0.5,-0.5
2011-09-14,0.19933246681998765,0.195,0.23,FREE,0.01702852277564918,0.0006246173160826402,0.004938271604938231,0.0006246173160826402,FORCE_BUY,380900.03369009873,119.45,-0.5,-0.5
2011-09-15,0.1803750735877856,0.195,0.23,FORCE_BUY,0.0,0.0,0.0,0.0,FORCE_BUY,380900.03369009873,121.52,2.499999999999999,-0.5
2011-09-16,0.1748284593255732,0.195,0.23,FORCE_BUY,0.0,0.0,0.0,0.0,FORCE_BUY,380900.03369009873,121.25,2.2999999999999994,-0.5
2011-09-19,0.1763446454830538,0.195,0.23,FORCE_BUY,0.004705882352941263,0.0015146925280651845,0.0,0.004705882352941263,FORCE_BUY,382692.50443687575,119.56,2.2999999999999994,-0.5
2011-09-20,0.1920340385652386,0.195,0.23,FORCE_BUY,0.0014150158148826437,-0.0046972170431097545,0.0029965040785750597,0.0014150158148826437,FORCE_SELL,383839.244087261,120.31,1.9999999999999996,2.0999999999999996
2011-09-21,0.21517667639164884,0.195,0.23,FREE,-0.03454862552944108,-0.02071227974795451,-0.0007474462253966077,-0.02071227974795451,FORCE_SELL,383552.3448931089,116.25,2.1999999999999993,2.499999999999999
2011-09-22,0.20859651477955424,0.155,0.19,FORCE_SELL,-0.013967207426043286,-0.013967207426043286,-0.013967207426043286,-0.013967207426043286,FORCE_BUY,378195.1897332415,113.66,2.2999999999999994,-0.5
2011-09-23,0.2270370971276219,0.155,0.19,FORCE_SELL,-0.0019355973957415915,-0.0019355973957415915,-0.0019355973957415915,-0.0019355973957415915,FORCE_BUY,377463.15610891185,113.44,1.8499999999999996,-0.5
2011-09-26,0.24645773770373602,0.155,0.19,FORCE_SELL,0.022535211267605583,0.011616890095593668,0.007570422535211286,0.007570422535211286,FORCE_BUY,385969.36807756335,116.16,1.8499999999999996,-0.5
2011-09-27,0.229985332009647,0.155,0.19,FORCE_SELL,0.0,0.0,0.0,0.0,FORCE_BUY,385969.36807756335,117.42,1.8499999999999996,-0.5
2011-09-28,0.216387203093063,0.155,0.19,FORCE_SELL,-0.0032894736842104177,-0.0001715054058502519,0.0,0.0,FORCE_SELL,385969.36807756335,115.14,1.8499999999999996,-0.5
2011-09-29,0.22496372430907022,0.155,0.19,FORCE_SELL,-0.00025788704547406006,0.013993274651979946,0.0,0.0,FREE,391370.34345232387,116.3,1.8499999999999996,-0.5
2011-09-30,0.20089962934368286,0.195,0.23,FREE,-0.020052083333333276,-0.011213915171004143,0.0,-0.011213915171004143,FORCE_SELL,391370.34345232387,112.89,-0.5,-0.5
2011-10-03,0.19885692680053224,0.155,0.19,FORCE_SELL,-0.026102449888641487,-0.0049976383513904085,0.0062360801781736796,0.0062360801781736796,FORCE_SELL,393810.96029345196,109.32,-0.5,-0.5
2011-10-04,0.24365010360944395,0.155,0.19,FORCE_SELL,0.0351573313647688,0.021064724855799785,0.0,0.0,FORCE_BUY,407656.3027195667,112.18,-0.5,-0.5
2011-10-05,0.2213846810567405,0.155,0.19,FORCE_SELL,0.012890034669748423,-0.00017779358165167288,0.0,0.0,FORCE_BUY,412911.0065949634,113.94,-0.5,-0.5
2011-10-06,0.20649124938533472,0.155,0.19,FORCE_SELL,0.0,0.0,0.0,0.0,FORCE_BUY,412911.0065949634,116.36,-0.5,2.4499999999999993
2011-10-07,0.18686767988650768,0.155,0.19,FREE,0.0,0.0,0.0,0.0,FORCE_BUY,412911.0065949634,115.95,-0.5,2.4499999999999993
2011-10-10,0.19148648603006202,0.155,0.19,FORCE_SELL,0.01771720613287901,0.02062654241471925,0.0,0.0,FREE,421427.93298599875,119.48,-0.5,2.4499999999999993
2011-10-11,0.1750533507251111,0.195,0.245,FORCE_BUY,-0.004180602006688944,0.003843996983237155,0.0,-0.004180602006688944,FREE,423047.9006890488,119.1,-0.5,-0.5
2011-10-12,0.18812518686944435,0.155,0.195,FREE,0.007953118459606568,0.007367099204688074,0.007367099204688074,0.007367099204688074,FORCE_BUY,426412.4507573167,120.4,0.7999999999999998,-0.5
2011-10-13,0.17982586658014166,0.155,0.195,FREE,0.008980276961812791,0.0045866554762903555,0.0,0.0045866554762903555,FORCE_BUY,430241.7526650828,120.22,1.0499999999999996,-0.5
2011-10-14,0.1758819624368141,0.195,0.245,FORCE_BUY,0.01212271152894609,0.0024716836409484446,0.0,0.01212271152894609,FORCE_BUY,435457.44932034984,122.73,0.09999999999999987,-0.5
2011-10-17,0.18694332410423975,0.195,0.245,FORCE_BUY,-0.02698967563612722,-0.017308643887821582,0.0024388261116981254,-0.02698967563612722,FORCE_SELL,436519.45431828575,119.69,-0.5,-0.5
2011-10-18,0.22275107686521514,0.155,0.185,FORCE_SELL,0.022073578595317764,0.015050167224080471,0.015050167224080471,0.015050167224080471,FORCE_BUY,446155.0008015656,122.24,-0.5,-0.5
2011-10-19,0.2043937567121674,0.155,0.185,FORCE_SELL,0.0018142833580735414,0.0018142833580735414,0.0,0.0,FORCE_BUY,446964.4523946411,121.48,2.4499999999999993,2.3999999999999995
2011-10-20,0.21755509934328013,0.155,0.185,FORCE_SELL,0.01131071190951437,0.003742514970060005,0.0,0.0,FORCE_BUY,452019.93854947074,121.6,2.499999999999999,-0.5
2011-10-21,0.2123981503362307,0.155,0.185,FORCE_SELL,0.0,0.0,0.0,0.0,FORCE_BUY,452019.93854947074,124.2,2.1499999999999995,-0.5
2011-10-24,0.20634997215942308,0.155,0.185,FORCE_SELL,0.0,0.0,0.0,0.0,FORCE_BUY,452019.93854947074,125.2,2.1999999999999993,2.4499999999999993
2011-10-25,0.20462518342877387,0.155,0.185,FORCE_SELL,-0.017573288601326047,-0.016694624171259775,0.0,0.0,FORCE_SELL,452019.93854947074,122.99,2.1999999999999993,2.4499999999999993
2011-10-26,0.22484649377714006,0.155,0.185,FORCE_SELL,0.017396275726886627,0.004091109412422397,0.0,0.0,FORCE_BUY,459883.4020345277,124.57,2.1999999999999993,-0.5
2011-10-27,0.23396436280054353,0.155,0.185,FORCE_SELL,0.0,0.0,0.0,0.0,FORCE_BUY,459883.4020345277,128.86,2.499999999999999,-0.5
2011-10-28,0.20593490190019395,0.155,0.185,FORCE_SELL,0.0,0.0,0.0,0.0,FORCE_BUY,459883.4020345277,128.23,2.499999999999999,-0.5
2011-10-31,0.2368666572828987,0.155,0.185,FORCE_SELL,-0.020089460880483356,-0.00810897318403969,0.0,0.0,FORCE_SELL,459883.4020345277,124.87,2.499999999999999,-0.5
2011-11-01,0.230032175306496,0.155,0.185,FORCE_SELL,-0.0089805825242719,-0.0089805825242719,0.0,0.0,FORCE_SELL,459883.4020345277,122.49,-0.5,-0.5
2011-11-02,0.24599775347458452,0.155,0.185,FORCE_SELL,0.0,0.0,0.0,0.0,FORCE_BUY,459883.4020345277,123.27,-0.5,-0.5
2011-11-03,0.26692457024879396,0.155,0.185,FORCE_SELL,0.018907563025210048,0.022227541115445656,0.0,0.0,FREE,470105.4792615611,126.1,-0.5,-0.5
2011-11-04,0.23877566666574443,0.155,0.185,FORCE_SELL,0.003979307600477436,-0.00397930760047756,0.0,0.0,FORCE_BUY,471976.1735682128,126.15,-0.5,-0.5
2011-11-07,0.2403865373233287,0.155,0.185,FORCE_SELL,0.016174458839623505,0.001247239652751797,0.0,0.0,FORCE_BUY,479610.13276087487,126.28,-0.5,2.2999999999999994
2011-11-08,0.23111738765087256,0.155,0.185,FORCE_SELL,0.00708996376240748,0.0032321333490058233,0.0,0.0,FORCE_BUY,483010.5512222329,127.84,-0.5,2.2999999999999994
2011-11-09,0.246724988370272,0.155,0.185,FORCE_SELL,-0.024980174464710427,-0.017814912291674114,0.0,0.0,FORCE_SELL,483010.5512222329,122.95,-0.5,-0.5
2011-11-10,0.2531460411362714,0.155,0.185,FORCE_SELL,-0.004172015404364498,-0.004257992976216117,0.0,0.0,FORCE_SELL,483010.5512222329,124.12,2.0999999999999996,-0.5
2011-11-11,0.24976338687832508,0.155,0.185,FORCE_SELL,-7.900766374328075e-05,-7.900766374328075e-05,0.0,0.0,FORCE_SELL,483010.5512222329,126.56,-0.5,2.2499999999999996
2011-11-14,0.24321492722803217,0.155,0.185,FORCE_SELL,-0.005137527663610361,-0.007508694277584537,0.0,0.0,FORCE_SELL,483010.5512222329,125.87,-0.5,-0.5
2011-11-15,0.25267120772345913,0.155,0.185,FORCE_SELL,0.012641919639262405,0.0199421937507247,0.0,0.0,FREE,492642.84121835104,125.76,2.2999999999999994,2.4499999999999993
2011-11-16,0.23761090417026387,0.155,0.185,FORCE_SELL,-0.012798976081913539,-0.00966570132647689,0.0,0.0,FORCE_SELL,492642.84121835104,123.41,2.4499999999999993,2.499999999999999
2011-11-17,0.22150080916273115,0.155,0.185,FORCE_SELL,-0.01701201322260743,-0.01701201322260743,0.0,0.0,FORCE_SELL,492642.84121835104,121.92,-0.5,2.1999999999999993
2011-11-18,0.2361573371214926,0.155,0.185,FORCE_SELL,0.003286230693394676,0.003286230693394676,0.0,0.0,FORCE_BUY,494261.779244044,122.12,-0.5,1.7999999999999994
2011-11-21,0.21592972119256426,0.155,0.185,FORCE_SELL,-0.0020798668885191867,0.0028587217997136016,0.0,0.0,FREE,495674.73616713414,119.95,-0.5,1.2499999999999996
2011-11-22,0.2248935525721798,0.155,0.185,FORCE_SELL,-0.011483731380544274,-0.009995002060334192,0.0,0.0,FORCE_SELL,495674.73616713414,118.79,-0.5,2.1999999999999993
2011-11-23,0.20555334398498082,0.155,0.185,FORCE_SELL,0.0,0.0,0.0,0.0,FORCE_BUY,495674.73616713414,116.76,2.349999999999999,1.6499999999999995
2011-11-25,0.19953187565665373,0.155,0.185,FORCE_SELL,0.0038957666002942645,0.0038957666002942645,0.0,0.0,FORCE_BUY,497605.7692489038,115.96,2.2499999999999996,1.6499999999999995
2011-11-28,0.21551431562858056,0.18,0.2,FORCE_SELL,0.003023939521209501,0.00428233355707572,0.0,0.0,FREE,499736.6831327528,119.41,2.1499999999999995,-0.5
2011-11-29,0.20150506796764248,0.18,0.2,FORCE_SELL,-0.002415458937198227,0.0007142295422203921,0.0,0.0,FREE,500093.6098351774,119.77,1.2499999999999996,-0.5
2011-11-30,0.2599649241073972,0.18,0.2,FORCE_SELL,0.0452985012141003,0.029473331658712163,0.0,0.0,FORCE_BUY,522747.10082746,124.84,1.5499999999999994,-0.5
2011-12-01,0.1872871579245129,0.18,0.2,FREE,0.0,0.0,0.0,0.0,FORCE_BUY,522747.10082746,125.22,1.2999999999999996,-0.5
2011-12-02,0.18484798109564324,0.18,0.2,FREE,-0.005968011458581919,-0.0010422670459687082,0.0,-0.0010422670459687082,FORCE_SELL,522747.10082746,124.92,1.2999999999999996,-0.5
2011-12-05,0.1913322263858356,0.18,0.2,FREE,0.0011135857461024028,0.004931594018453657,0.004931594018453657,0.004931594018453657,FREE,525325.0773030646,125.86,2.1499999999999995,-0.5
2011-12-06,0.18209840997165672,0.155,0.185,FREE,0.004048904414099821,0.0011154137221167457,0.0,0.0011154137221167457,FORCE_BUY,527452.0683273944,126.47,2.1499999999999995,-0.5
2011-12-07,0.19667531876481392,0.155,0.185,FORCE_SELL,0.005537536587295293,-0.0031874630768757594,0.0,0.0,FORCE_BUY,530372.8534538021,127.11,-0.5,2.499999999999999
2011-12-08,0.19588112215456988,0.155,0.185,FORCE_SELL,-0.018815716657443266,-0.013135135113783501,0.0,0.0,FORCE_SELL,530372.8534538021,124.11,-0.5,2.2999999999999994
2011-12-09,0.2133463651908486,0.155,0.185,FORCE_SELL,0.010859150431172148,0.00847102528645373,0.0,0.0,FORCE_BUY,536132.2520540669,126.6,-0.5,2.4499999999999993
2011-12-12,0.2014883860912274,0.155,0.185,FORCE_SELL,-0.011288655696001218,-0.011118921862404959,0.0,0.0,FORCE_SELL,536132.2520540669,124.37,-0.5,1.7999999999999994
2011-12-13,0.21636307160589566,0.155,0.185,FORCE_SELL,-0.0028294260307195353,-0.0028294260307195353,0.0,0.0,FORCE_SELL,536132.2520540669,123.35,2.349999999999999,1.9999999999999996
2011-12-14,0.19385895516998197,0.155,0.185,FORCE_SELL,-0.0075788444299567164,-0.0075788444299567164,0.0,0.0,FORCE_SELL,536132.2520540669,121.78,1.9499999999999993,2.0999999999999996
2011-12-15,0.20774537534949042,0.155,0.185,FORCE_SELL,-0.0030088639505570568,-0.0030088639505570568,0.0,0.0,FORCE_SELL,536132.2520540669,122.6,-0.5,2.0999999999999996
2011-12-16,0.1975734278293149,0.155,0.185,FORCE_SELL,-0.0027069149372487304,0.0007422212265057377,0.0,0.0,FREE,536530.1807917558,121.58,1.7499999999999996,1.2999999999999996
2011-12-19,0.2049447132295429,0.155,0.185,FORCE_SELL,-0.007709973753280829,-0.007709973753280829,0.0,0.0,FORCE_SELL,536530.1807917558,120.98,1.0999999999999996,-0.5
2011-12-20,0.2736873773079511,0.155,0.185,FORCE_SELL,0.0,0.0,0.0,0.0,FORCE_BUY,536530.1807917558,124.05,2.2499999999999996,-0.5
2011-12-21,0.2271308480528427,0.155,0.185,FORCE_SELL,0.0,0.0,0.0,0.0,FORCE_BUY,536530.1807917558,124.11,2.2499999999999996,-0.5
2011-12-22,0.2238620994403049,0.155,0.185,FORCE_SELL,0.00971965619728491,0.00933180178981022,0.0,0.0,FORCE_BUY,541745.0696885188,125.7,-0.5,-0.5
2011-12-23,0.21652079168524505,0.155,0.185,FORCE_SELL,0.0,0.0,0.0,0.0,FORCE_BUY,541745.0696885188,126.59,-0.5,2.4499999999999993
2011-12-27,0.2121087724138571,0.155,0.185,FORCE_SELL,0.0006339144215530959,0.0006339144215530959,0.0,0.0,FORCE_BUY,542088.4897009996,126.28,-0.5,2.4499999999999993
2011-12-28,0.21782845551794447,0.155,0.185,FORCE_SELL,0.0023240903991024464,0.00192338515787784,0.0,0.0,FORCE_BUY,543348.3523553776,125.07,1.9499999999999993,-0.5
2011-12-29,0.22712470287536038,0.155,0.185,FORCE_SELL,0.0,0.0,0.0,0.0,FORCE_BUY,543348.3523553776,126.08,1.9499999999999993,2.3999999999999995
2011-12-30,0.21494847844804668,0.155,0.185,FORCE_SELL,-0.005943889681407579,-0.005943889681407579,0.0,0.0,FORCE_SELL,543348.3523553776,125.43,1.9499999999999993,2.3999999999999995
2012-01-03,0.13528120971191424,0.155,0.185,FORCE_BUY,0.0,0.0,0.0,0.0,FORCE_BUY,543348.3523553776,127.65,1.9499999999999993,2.3999999999999995
2012-01-04,0.17410654531889444,0.155,0.185,FREE,0.0,0.0,0.0,0.0,FORCE_BUY,543348.3523553776,127.67,0.6999999999999997,-0.5
2012-01-05,0.18391660397485332,0.155,0.185,FREE,0.0026704366949419924,0.0026704366949419924,0.0026704366949419924,0.0026704366949419924,FORCE_BUY,544799.3297336437,127.66,0.8999999999999997,-0.5
2012-01-06,0.1649164745496096,0.155,0.185,FREE,0.0016446080350851029,0.006896657253514756,0.005638656120291325,0.006896657253514756,FREE,548556.6239827612,127.9,0.8999999999999997,-0.5
2012-01-09,0.17174554871516526,0.155,0.185,FREE,0.003129400719762139,7.439343058621224e-05,-0.0015647003598810694,7.439343058621224e-05,FORCE_BUY,550273.2774766831,128.22,0.8999999999999997,-0.5
2012-01-10,0.1338866194326144,0.155,0.185,FORCE_BUY,-0.003173374613003139,0.00030615759029969074,0.0,-0.003173374613003139,FREE,550441.7478173217,128.79,-0.5,2.1499999999999995
2012-01-11,0.17664275841797075,0.155,0.185,FREE,-0.0001548347139427307,0.0007008713282458056,-0.004257954633428646,0.0007008713282458056,FREE,550827.5366562363,129.15,-0.5,1.9999999999999996
2012-01-12,0.1410518274226437,0.155,0.185,FORCE_BUY,0.007140639552933673,0.005316671841043145,0.0,0.007140639552933673,FORCE_BUY,554760.7975513288,129.76,1.0999999999999996,2.349999999999999
2012-01-13,0.18758630020973432,0.155,0.185,FORCE_SELL,-0.003546646106399224,-0.006553585196607424,-0.006553585196607424,-0.006553585196607424,FORCE_BUY,552793.2573287104,129.24,0.9999999999999996,2.499999999999999
2012-01-17,0.1476690916452926,0.155,0.185,FORCE_BUY,-0.004459823144944345,-0.004459823144944345,0.0,-0.004459823144944345,FORCE_SELL,552793.2573287104,129.47,1.6499999999999995,2.2999999999999994
2012-01-18,0.15660219666914535,0.155,0.185,FREE,0.009423032362709539,0.005638371823588425,0.005638371823588425,0.005638371823588425,FORCE_BUY,558002.2460824065,130.69,2.1999999999999993,-0.5
2012-01-19,0.140478035985542,0.16,0.185,FORCE_BUY,0.0,0.0,0.0,0.0,FORCE_BUY,558002.2460824065,131.38,1.2999999999999996,0.8499999999999996
2012-01-20,0.1443029050795531,0.16,0.185,FORCE_BUY,0.0057269395235186185,0.005424927293653872,0.0,0.0057269395235186185,FORCE_BUY,561197.891199708,131.71,1.3499999999999996,0.8999999999999997
2012-01-23,0.1455363617821722,0.16,0.185,FORCE_BUY,0.002363525465080832,0.006183465491321567,0.004498322659347504,0.002363525465080832,FREE,564668.0389937438,131.47,1.4999999999999996,0.8999999999999997
2012-01-24,0.18702727398316885,0.16,0.185,FORCE_SELL,0.0060975609756098404,0.0029725609756097544,0.0029725609756097544,0.0029725609756097544,FORCE_BUY,568111.1367924862,132.0,1.2499999999999996,1.2499999999999996
2012-01-25,0.1644529137933002,0.16,0.185,FREE,0.0075348200015222635,0.009437552325138878,0.0,0.009437552325138878,FREE,573472.7153724594,132.38,1.1999999999999997,1.1999999999999997
2012-01-26,0.15587694985002284,0.16,0.185,FORCE_BUY,0.0,0.0,0.0,0.0,FORCE_BUY,573472.7153724594,131.77,1.6499999999999995,0.9499999999999997
2012-01-27,0.1895388553083511,0.16,0.185,FORCE_SELL,0.004878048780487976,0.003582317073170799,0.0,0.0,FORCE_BUY,576270.1432523251,131.84,1.7499999999999996,1.1999999999999997
2012-01-30,0.19952714131552576,0.16,0.185,FORCE_SELL,0.009348659003831396,0.003352617930190199,0.0,0.0,FORCE_BUY,581657.4963156802,131.72,1.4999999999999996,0.9499999999999997
2012-01-31,0.19641994500727297,0.16,0.185,FORCE_SELL,0.0,0.0,0.0,0.0,FORCE_BUY,581657.4963156802,131.22,2.1499999999999995,1.4499999999999995
2012-02-01,0.1880880864689246,0.16,0.185,FORCE_SELL,0.0,0.0,0.0,0.0,FORCE_BUY,581657.4963156802,132.78,2.1499999999999995,2.499999999999999
2012-02-02,0.18103208879111296,0.16,0.185,FREE,0.0,0.0,0.0,0.0,FORCE_BUY,581657.4963156802,132.8,2.1499999999999995,2.499999999999999
2012-02-03,0.14726646994506937,0.16,0.185,FORCE_BUY,0.0,0.0,0.0,0.0,FORCE_BUY,581657.4963156802,134.49,2.1499999999999995,2.499999999999999
2012-02-06,0.18393467607616795,0.16,0.185,FREE,0.00711344065892909,0.00711344065892909,0.0,0.00711344065892909,FORCE_BUY,585795.082399543,134.5,2.1499999999999995,2.499999999999999
2012-02-07,0.11716931371343946,0.16,0.185,FORCE_BUY,0.004469273743016704,0.0014840021069575527,-0.0004469273743016464,0.004469273743016704,FORCE_BUY,588413.1609800997,134.85,2.0999999999999996,1.6499999999999995
2012-02-08,0.11600785074726933,0.16,0.185,FORCE_BUY,-0.003624528441452808,0.0023025025104938066,7.39699681928294e-05,-0.003624528441452808,FREE,589767.983760464,134.7,-0.5,1.4999999999999996
2012-02-09,0.1158912060483178,0.16,0.185,FORCE_BUY,-0.00022202486678506522,0.0016282090034694155,0.0014801657785671809,-0.00022202486678506522,FREE,590728.2493015808,135.09,1.3999999999999995,1.6499999999999995
2012-02-10,0.15154992849269833,0.16,0.185,FORCE_BUY,-0.0005194034280627501,0.002024742270967818,-0.004377828893670726,-0.0005194034280627501,FREE,591924.3217585966,134.7,-0.5,1.4499999999999995
2012-02-13,0.15496393806115713,0.16,0.185,FORCE_BUY,-0.0004435573297848453,0.0002207959664289983,0.0017003030975086529,-0.0004435573297848453,FORCE_SELL,592930.7725163734,135.21,-0.5,1.1499999999999997
2012-02-14,0.15682136697211893,0.16,0.185,FORCE_BUY,0.0016292675701695238,-0.0016324152057988507,0.0032585351403391664,0.0016292675701695238,FORCE_SELL,594862.8582744064,135.25,-0.5,1.1499999999999997
2012-02-15,0.12779989402299788,0.16,0.185,FORCE_BUY,-0.010390567428150237,0.002896098083200795,0.0002210759027267068,-0.010390567428150237,FREE,596585.6394580223,134.29,1.6999999999999993,-0.5
2012-02-16,0.12785192551959948,0.16,0.185,FORCE_BUY,0.014165361962275346,0.0011183180496533672,0.0011183180496533672,0.014165361962275346,FORCE_BUY,605036.4909824406,136.03,2.0499999999999994,-0.5
2012-02-17,0.11232350793899044,0.16,0.185,FORCE_BUY,0.005884516366311189,0.0012504597278412326,0.0012504597278412326,0.005884516366311189,FORCE_BUY,608596.8381158423,136.75,1.5499999999999994,0.7999999999999998
2012-02-21,0.12095316507405872,0.16,0.185,FORCE_BUY,-0.002777980846553123,-0.0002975105377363172,0.0017545142188756502,-0.002777980846553123,FORCE_SELL,609664.6299218794,136.41,-0.5,2.499999999999999
2012-02-22,0.15406805441773697,0.16,0.185,FORCE_BUY,-0.0047619047619048786,-0.00219072682152442,-0.0007326007326007234,-0.0047619047619048786,FORCE_SELL,609217.9891673579,135.85,1.0999999999999996,1.6999999999999993
2012-02-23,0.16434698316329022,0.16,0.185,FREE,0.006093979441997093,-0.0019089574155652974,-0.0019089574155652974,-0.0019089574155652974,FORCE_BUY,612930.5510690387,137.03,1.4999999999999996,1.6999999999999993
2012-02-24,0.1227205822757646,0.16,0.185,FORCE_BUY,0.0016823933874623356,0.0007314753858531481,0.0,0.0016823933874623356,FORCE_BUY,613961.7413751308,136.94,1.5499999999999994,2.1499999999999995
2012-02-27,0.13355546647443475,0.16,0.185,FORCE_BUY,0.006825688073394561,0.011775904734117914,-0.0002935779816512576,0.006825688073394561,FREE,621191.6963519575,137.18,1.5499999999999994,2.0999999999999996
2012-02-28,0.1166685250812191,0.16,0.185,FORCE_BUY,0.001745835455008367,0.001454677916584525,0.0009456608714628066,0.001745835455008367,FORCE_BUY,622276.1948398056,137.71,-0.5,-0.5
2012-02-29,0.1271581941302383,0.16,0.185,FORCE_BUY,-0.00479965093447738,0.0020387140371715146,0.0016726056286817286,-0.00479965093447738,FREE,623544.8380532232,136.85,-0.5,0.9999999999999996
2012-03-01,0.15600906355960223,0.16,0.185,FORCE_BUY,0.007957366038837854,0.0055800738503992975,0.002993137684333423,0.007957366038837854,FORCE_BUY,628506.6125712406,138.07,-0.5,0.9999999999999996
2012-03-02,0.15013642518614942,0.16,0.185,FORCE_BUY,-0.0023240612971167137,-0.0012356875458044922,-0.0002905076621395892,-0.0023240612971167137,FORCE_SELL,628324.0265845833,137.37,0.9499999999999997,1.8999999999999995
2012-03-05,0.149764692003652,0.16,0.185,FORCE_BUY,0.0010233918128653796,0.00014619883040923852,0.00014619883040923852,0.0010233918128653796,FORCE_BUY,628967.0482492166,136.94,-0.5,-0.5
2012-03-06,0.16109031899810808,0.16,0.185,FREE,-0.011426897157925588,-0.011426897157925588,-0.011426897157925588,-0.011426897157925588,FORCE_BUY,621779.9064731488,134.96,-0.5,1.9499999999999993
2012-03-07,0.16088377512267557,0.16,0.185,FREE,0.004293434006958208,0.004293434006958208,0.004293434006958208,0.004293434006958208,FORCE_BUY,624449.477468444,135.67,2.4499999999999993,-0.5
2012-03-08,0.1642470932849364,0.16,0.185,FREE,0.005802423797282355,0.007712082262210745,0.007712082262210745,0.007712082262210745,FREE,629265.2832072752,136.94,1.8999999999999995,-0.5
2012-03-09,0.1593946131681039,0.16,0.185,FORCE_BUY,0.0,0.0,0.0,0.0,FORCE_BUY,629265.2832072752,137.7,1.9499999999999993,1.1999999999999997
2012-03-12,0.15850173697092684,0.16,0.185,FORCE_BUY,0.0,0.0,0.0,0.0,FORCE_BUY,629265.2832072752,137.79,1.9999999999999996,1.9999999999999996
2012-03-13,0.13960119983481353,0.16,0.185,FORCE_BUY,0.013534052254469093,0.0013027429977563374,0.0,0.013534052254469093,FORCE_BUY,637781.7924321258,140.04,-0.5,2.0999999999999996
2012-03-14,0.11391450574537194,0.16,0.185,FORCE_BUY,-0.001643209259126964,0.003073436996341852,0.0027863113524326934,-0.001643209259126964,FREE,639741.97458858,139.74,0.34999999999999987,2.499999999999999
2012-03-15,0.11361030010665744,0.16,0.185,FORCE_BUY,0.004070847021853884,-7.141836880465428e-05,-7.141836880465428e-05,0.004070847021853884,FORCE_BUY,642346.2663005887,140.59,0.5499999999999998,2.3999999999999995
2012-03-16,0.13972157252888992,0.16,0.185,FORCE_BUY,0.0007127583749109037,0.00021382751247328273,0.00021382751247328273,0.0007127583749109037,FORCE_BUY,642804.1039814872,140.4,-1.1102230246251565e-16,2.0999999999999996
2012-03-19,0.11757607997487167,0.16,0.185,FORCE_BUY,0.002704626334519521,-0.002705240957674534,-0.0034875444839859086,0.002704626334519521,FORCE_BUY,644542.6488890528,140.88,-1.1102230246251565e-16,2.0999999999999996
2012-03-20,0.14724619851492007,0.16,0.185,FORCE_BUY,-0.000853667212065208,-0.000853667212065208,-0.000853667212065208,-0.000853667212065208,FORCE_BUY,643992.4239629186,140.45,-1.1102230246251565e-16,2.0999999999999996
2012-03-21,0.14761530591903774,0.16,0.185,FORCE_BUY,-0.0021331058020476615,0.006863542103553868,0.0021331058020478935,-0.0021331058020476615,FREE,648412.4930791578,140.34,2.0499999999999994,0.8999999999999997
2012-03-22,0.14291377181155449,0.16,0.185,FORCE_BUY,-0.005420827389443664,-0.005777435196044615,-0.005706134094151085,-0.005420827389443664,FORCE_BUY,644897.5608770167,139.44,1.7499999999999996,0.6499999999999997
2012-03-23,0.1574867290022555,0.16,0.185,FORCE_BUY,0.002437625466016722,0.005531024952468936,0.0023659305993692092,0.002437625466016722,FREE,648464.5053780138,139.82,2.0499999999999994,0.8999999999999997
2012-03-26,0.11577224406622844,0.16,0.185,FORCE_BUY,0.013854174105548877,-0.001071199028779487,-0.001071199028779487,0.013854174105548877,FORCE_BUY,657448.4455367895,141.97,2.4499999999999993,0.5499999999999998
2012-03-27,0.11786362795814583,0.16,0.185,FORCE_BUY,-0.007941527865626533,0.00042167404596249306,0.00042167404596249306,-0.007941527865626533,FREE,657725.6744828307,141.16,2.4499999999999993,0.5499999999999998
2012-03-28,0.1644712768728897,0.16,0.185,FREE,-0.006573831907825093,-0.0089771683042342,-0.0089771683042342,-0.0089771683042342,FORCE_BUY,653401.8964573196,140.54,-0.5,1.9499999999999993
2012-03-29,0.15930080796041687,0.16,0.185,FORCE_BUY,0.003650941370176667,0.00035793542844877264,0.0,0.003650941370176667,FORCE_BUY,655787.4284724476,140.2,2.499999999999999,1.6999999999999993
2012-03-30,0.15540421664039777,0.16,0.185,FORCE_BUY,0.002061709085738572,0.002274989335987438,0.002274989335987438,0.002061709085738572,FREE,657279.337878897,140.95,1.9499999999999993,2.0499999999999994
2012-04-02,0.13128324796926374,0.16,0.185,FORCE_BUY,0.003897392290249333,0.01045800449322075,0.0005668934240361536,0.003897392290249333,FREE,664153.1681477356,141.67,1.3999999999999995,2.1999999999999993
2012-04-03,0.1587398387769252,0.16,0.185,FORCE_BUY,-0.0038808918995203103,-0.0031752751905163986,-0.0031752751905163986,-0.0038808918995203103,FREE,662044.2990702132,141.17,1.3999999999999995,2.1999999999999993
2012-04-04,0.15013558079175057,0.16,0.185,FORCE_BUY,-0.006326864292315224,-0.006326864292315224,-0.006326864292315224,-0.006326864292315224,FORCE_BUY,657855.634634495,139.78,1.3999999999999995,2.1999999999999993
2012-04-05,0.15564224334784718,0.16,0.185,FORCE_BUY,-0.0038532895675752847,-0.0018635102635553486,-0.0002854288568573641,-0.0038532895675752847,FORCE_SELL,657667.8636527241,139.6,2.0499999999999994,-0.5
2012-04-09,0.17825140716509827,0.16,0.185,FREE,-0.0010851479418359144,-0.0014468639224480035,-0.0014468639224480035,-0.0014468639224480035,FORCE_BUY,656954.1967240697,138.08,2.0999999999999996,1.2999999999999996
2012-04-10,0.2765089862917112,0.16,0.185,FORCE_SELL,-0.010797883904630842,-0.010797883904630842,0.0,0.0,FORCE_SELL,656954.1967240697,136.5,2.2499999999999996,1.0499999999999996
2012-04-11,0.2773953516575213,0.16,0.185,FORCE_SELL,0.0,0.0,0.0,0.0,FORCE_BUY,656954.1967240697,137.03,2.499999999999999,1.0499999999999996
2012-04-12,0.3056551197123658,0.16,0.185,FORCE_SELL,0.00607770783590182,0.005643546963312496,0.0,0.0,FORCE_BUY,660946.9723933281,139.05,2.499999999999999,1.0499999999999996
2012-04-13,0.29299732461584976,0.16,0.185,FORCE_SELL,-0.009545849002024894,-0.005381377237838709,0.0,0.0,FORCE_SELL,660946.9723933281,136.96,2.499999999999999,1.0499999999999996
2012-04-16,0.27608576076126967,0.16,0.185,FORCE_SELL,-0.000510911612291046,0.004737465434239888,0.0,0.0,FREE,664078.185828907,136.94,2.0499999999999994,-0.5
2012-04-17,0.28912759629403156,0.16,0.185,FORCE_SELL,0.008709536942952354,-0.000217738423573903,0.0,0.0,FORCE_BUY,669861.9993213926,138.98,1.4499999999999995,-0.5
2012-04-18,0.24915958375187985,0.16,0.185,FORCE_SELL,0.0,0.0,0.0,0.0,FORCE_BUY,669861.9993213926,138.47,1.3499999999999996,2.2499999999999996
2012-04-19,0.24848544712642262,0.16,0.185,FORCE_SELL,-0.0033222591362126377,0.0009229340104066942,0.0,0.0,FREE,670480.2377428453,138.0,1.3499999999999996,2.2499999999999996
2012-04-20,0.22493137325227583,0.16,0.185,FORCE_SELL,-0.005779008961441804,-0.005779008961441804,0.0,0.0,FORCE_SELL,670480.2377428453,137.46,1.3999999999999995,2.499999999999999
2012-04-23,0.22355987414688447,0.16,0.185,FORCE_SELL,0.0004385323783073532,0.0004385323783073532,0.0,0.0,FORCE_BUY,670774.2650361108,136.88,1.1999999999999997,2.0999999999999996
2012-04-24,0.22044967462438106,0.16,0.185,FORCE_SELL,0.0,0.0,0.0,0.0,FORCE_BUY,670774.2650361108,138.11,1.1999999999999997,2.0999999999999996
2012-04-25,0.2176808711196373,0.16,0.185,FORCE_SELL,0.007016782407407418,0.007016782407407418,0.0,0.0,FORCE_BUY,675480.9420983578,139.21,1.1999999999999997,2.0999999999999996
2012-04-26,0.1107224487609968,0.16,0.185,FORCE_BUY,0.0030908568142611953,-0.0024940108572636148,0.0,0.0030908568142611953,FORCE_BUY,677568.7569711461,139.55,-0.5,1.1499999999999997
2012-04-27,0.10371032657374864,0.16,0.185,FORCE_BUY,0.005585392051557406,0.005585392051557406,0.005585392051557406,0.005585392051557406,FORCE_BUY,681353.2441207164,140.43,0.9499999999999997,1.2999999999999996
2012-04-30,0.12832609162392183,0.16,0.185,FORCE_BUY,-0.0022082917794557172,-0.0022082917794557172,-0.0022082917794557172,-0.0022082917794557172,FORCE_BUY,679848.6173528191,140.07,1.2999999999999996,2.349999999999999
2012-05-01,0.11735231188402444,0.145,0.185,FORCE_BUY,0.0047857142857141675,0.00021070818765734625,-0.0005714285714286464,0.0047857142857141675,FORCE_BUY,683102.1785930075,140.67,1.7499999999999996,1.6499999999999995
2012-05-02,0.13161266638827449,0.145,0.185,FORCE_BUY,-0.0014234875444838811,-0.0014234875444838811,-0.0014234875444838811,-0.0014234875444838811,FORCE_BUY,682129.7911501706,140.3,1.2999999999999996,2.4499999999999993
2012-05-03,0.14161508699848113,0.145,0.185,FORCE_BUY,-0.010942940382292342,-0.00789936182455377,-0.001989625524053238,-0.010942940382292342,FORCE_SELL,680772.6083069812,139.19,0.7499999999999998,1.4499999999999995
2012-05-04,0.16144092960817466,0.145,0.185,FREE,-0.019892280071813467,-0.01827557804492645,-0.014463195691202961,-0.01827557804492645,FORCE_SELL,670926.4608518267,136.48,1.5499999999999994,0.9999999999999996
2012-05-07,0.14412954949117765,0.145,0.185,FORCE_BUY,0.013136531365313755,0.012472324723247247,0.012472324723247247,0.013136531365313755,FORCE_BUY,679740.1073486257,137.28,2.1999999999999993,1.2499999999999996
2012-05-08,0.2122785476034574,0.145,0.185,FORCE_SELL,-0.002342263211828415,-0.004175689846964679,-0.0006587615283267117,-0.0006587615283267117,FORCE_SELL,679292.3207166437,136.3,1.0499999999999996,2.0499999999999994
2012-05-09,0.21677642971727473,0.145,0.185,FORCE_SELL,0.0026642984014208088,0.011040286278901516,0.0,0.0,FREE,686791.9024044147,135.48,2.2499999999999996,2.4499999999999993
2012-05-10,0.21018387524329188,0.145,0.185,FORCE_SELL,-0.0015498154981550439,0.0012458526699339716,0.0,0.0,FREE,687647.5439297142,135.29,2.0499999999999994,2.349999999999999
2012-05-11,0.24261626628820607,0.145,0.185,FORCE_SELL,0.0008118680345412238,-0.0030821761899102094,0.0,0.0,FORCE_BUY,688205.8229896616,135.6,1.9499999999999993,-0.5
2012-05-14,0.2047990174117256,0.145,0.185,FORCE_SELL,-0.0005210659520618378,-0.0005210659520618378,0.0,0.0,FORCE_SELL,688205.8229896616,134.27,2.0999999999999996,2.2499999999999996
2012-05-15,0.19598106785864924,0.145,0.185,FORCE_SELL,-0.005357142857142839,-0.005357142857142839,0.0,0.0,FORCE_SELL,688205.8229896616,133.68,2.0999999999999996,2.2499999999999996
2012-05-16,0.1946269321634354,0.145,0.185,FORCE_SELL,0.0016929385651405341,3.762085700309638e-05,0.0,0.0,FORCE_BUY,689370.9131681551,133.13,1.8499999999999996,-0.5
2012-05-17,0.20151331124849783,0.145,0.185,FORCE_SELL,-0.013033978753861154,-0.010871051631051681,0.0,0.0,FORCE_SELL,689370.9131681551,131.0,1.9499999999999993,1.3999999999999995
2012-05-18,0.19298507365189,0.145,0.185,FORCE_SELL,-0.011063634976346604,0.0025818637558786485,0.0,0.0,FREE,691150.7749432209,129.61,2.2999999999999994,-0.5
2012-05-21,0.23151728062857635,0.145,0.185,FORCE_SELL,0.012334329272963948,0.009151070137454387,0.0,0.0,FORCE_BUY,699675.6561786347,132.14,2.499999999999999,-0.5
2012-05-22,0.21299672722162122,0.145,0.185,FORCE_SELL,-0.00029981138448340364,-0.00029981138448340364,0.0,0.0,FORCE_SELL,699675.6561786347,131.71,2.349999999999999,-0.5
2012-05-23,0.22123842107985814,0.145,0.185,FORCE_SELL,0.0023628048780487704,0.0022912719460035495,0.0,0.0,FORCE_BUY,701328.8532321056,131.51,1.3499999999999996,-0.5
2012-05-24,0.209805160259407,0.145,0.185,FORCE_SELL,0.0,0.0,0.0,0.0,FORCE_BUY,701328.8532321056,132.76,2.4499999999999993,-0.5
2012-05-25,0.20367434234817836,0.145,0.185,FORCE_SELL,0.0,0.0,0.0,0.0,FORCE_BUY,701328.8532321056,132.04,2.4499999999999993,-0.5
2012-05-29,0.24119938531919471,0.145,0.185,FORCE_SELL,0.0,0.0,0.0,0.0,FORCE_BUY,701328.8532321056,133.56,1.4999999999999996,-0.5
2012-05-30,0.21965093240438952,0.145,0.185,FORCE_SELL,-0.005296610169491541,-0.003709679288503767,0.0,0.0,FORCE_SELL,701328.8532321056,131.46,1.7999999999999994,-0.5
2012-05-31,0.2189897611582896,0.145,0.185,FORCE_SELL,-0.005904617713853225,-0.005904617713853225,0.0,0.0,FORCE_SELL,701328.8532321056,131.32,1.6499999999999995,2.1999999999999993
2012-06-01,0.2411011581939085,0.145,0.185,FORCE_SELL,-0.019831546707503867,-0.018775168081938486,0.0,0.0,FORCE_SELL,701328.8532321056,128.01,2.349999999999999,1.4999999999999996
2012-06-04,0.2004977750937789,0.145,0.185,FORCE_SELL,0.005965931391789016,0.005965931391789016,0.0,0.0,FORCE_BUY,705512.9330535705,128.15,2.2499999999999996,1.5999999999999996
2012-06-05,0.22990370564234494,0.145,0.185,FORCE_SELL,0.006533914125700139,0.0024113254511513044,0.0,0.0,FORCE_BUY,710122.6939727133,129.4,2.2499999999999996,1.5999999999999996
2012-06-06,0.23215637418538237,0.145,0.185,FORCE_SELL,0.01566098572086605,0.0023030861354214637,0.0,0.0,FORCE_BUY,721243.9153430829,132.3,2.2499999999999996,1.5999999999999996
2012-06-07,0.20355371855832174,0.145,0.185,FORCE_SELL,-0.003541823662396367,-0.003541823662396367,0.0,0.0,FORCE_SELL,721243.9153430829,132.23,-0.5,1.7499999999999996
2012-06-08,0.21008949274072689,0.145,0.185,FORCE_SELL,0.01683296519156076,0.00952090791377866,0.0,0.0,FORCE_BUY,733384.5890646781,133.5,1.4499999999999995,1.6999999999999993
2012-06-11,0.20718569154359112,0.145,0.185,FORCE_SELL,-0.007857358718646302,-0.007857358718646302,0.0,0.0,FORCE_SELL,733384.5890646781,131.32,1.8499999999999996,2.2999999999999994
2012-06-12,0.2149405293673818,0.145,0.185,FORCE_SELL,0.011405976731807545,0.005242091331392935,0.0,0.0,FORCE_BUY,741749.556623016,133.01,-0.5,-0.5
2012-06-13,0.21019307659163022,0.145,0.185,FORCE_SELL,-0.0018876472364844179,6.853515205723781e-05,0.0,0.0,FREE,741800.3925416676,132.19,2.4499999999999993,1.8999999999999995
2012-06-14,0.21850598971533794,0.145,0.185,FORCE_SELL,0.00556098294130912,0.00969020789386336,0.0,0.0,FREE,748988.5925611458,133.81,1.5499999999999994,2.2499999999999996
2012-06-15,0.20423399558290442,0.145,0.185,FORCE_SELL,0.00044573211499875125,0.00044573211499875125,0.0,0.0,FORCE_BUY,749322.4408306179,134.67,1.7999999999999994,2.2999999999999994
2012-06-18,0.2013142219196885,0.145,0.185,FORCE_SELL,0.004397406275620389,0.0012582964554165475,0.0,0.0,FORCE_BUY,752617.5160343897,134.76,1.4999999999999996,-0.5
2012-06-19,0.20850215819495166,0.145,0.185,FORCE_SELL,0.008482142857142869,0.00216193478054787,0.0,0.0,FORCE_BUY,759001.3253221815,135.54,2.3999999999999995,2.3999999999999995
2012-06-20,0.20105971471329873,0.145,0.185,FORCE_SELL,-0.0007374631268436404,-0.0007374631268436404,0.0,0.0,FORCE_SELL,759001.3253221815,135.5,2.0499999999999994,2.349999999999999
2012-06-21,0.22458641782099642,0.145,0.185,FORCE_SELL,-0.017625712804561898,-0.015306228027003228,0.0,0.0,FORCE_SELL,759001.3253221815,132.65,1.1999999999999997,2.1499999999999995
2012-06-22,0.20854131353490687,0.145,0.185,FORCE_SELL,0.0,0.0,0.0,0.0,FORCE_BUY,759001.3253221815,133.12,2.1999999999999993,-0.5
2012-06-25,0.22367441286987108,0.145,0.185,FORCE_SELL,-0.006805293005671135,-0.006880907372400737,0.0,0.0,FORCE_SELL,759001.3253221815,131.35,2.349999999999999,-0.5
2012-06-26,0.22727901868778178,0.145,0.185,FORCE_SELL,0.0051789794364050425,0.0051789794364050425,0.0,0.0,FORCE_BUY,762932.1775782292,131.98,-0.5,2.1999999999999993
2012-06-27,0.23046335740803212,0.145,0.185,FORCE_SELL,0.0,0.0,0.0,0.0,FORCE_BUY,762932.1775782292,133.03,2.3999999999999995,2.2499999999999996
2012-06-28,0.2240970083732016,0.145,0.185,FORCE_SELL,0.0060034957063605735,0.000683942548825923,0.0,0.0,FORCE_BUY,767512.4376305644,132.38,-0.5,2.2499999999999996
2012-06-29,0.22805365182590742,0.145,0.185,FORCE_SELL,0.006048982000590093,0.004426798065965916,0.0,0.0,FORCE_BUY,772155.1065510206,136.38,-0.5,2.2499999999999996
2012-07-02,0.20216078239908267,0.12,0.185,FORCE_SELL,0.0003669455452811339,0.0011717673230063693,0.0,0.0,FREE,773059.8926731696,136.31,-0.5,2.2499999999999996
2012-07-03,0.20647923474795526,0.12,0.185,FORCE_SELL,0.008960705104663977,0.002203452074917279,0.0,0.0,FORCE_BUY,779987.0543996572,137.37,-0.5,-0.5
2012-07-05,0.20608873352663296,0.12,0.185,FORCE_SELL,-0.0027686703096539565,-0.0003662295241537334,0.0,0.0,FORCE_SELL,779987.0543996572,136.87,-0.5,-0.5
2012-07-06,0.1992193606867405,0.12,0.185,FORCE_SELL,-0.00351880360677366,-0.007917308115240706,0.0,0.0,FORCE_SELL,779987.0543996572,135.93,1.9499999999999993,-0.5
2012-07-09,0.20868690857804317,0.12,0.185,FORCE_SELL,0.0015537141166025417,0.00721718222353337,0.0,0.0,FREE,785616.3631032566,135.37,1.9999999999999996,-0.5
2012-07-10,0.22670826992422474,0.12,0.185,FORCE_SELL,-0.012151115693350138,-0.01105342451144049,0.0,0.0,FORCE_SELL,785616.3631032566,134.14,1.7499999999999996,-0.5
2012-07-11,0.2191868069887264,0.12,0.185,FORCE_SELL,0.003883495145630858,0.003883495145630858,0.0,0.0,FORCE_BUY,788667.3004356961,134.42,1.9999999999999996,1.7999999999999994
2012-07-12,0.2201234269227522,0.12,0.185,FORCE_SELL,-0.00022463496817671217,0.0013485167376276375,0.0,0.0,FREE,789730.8314907533,133.52,1.8499999999999996,-0.5
2012-07-13,0.257719623493649,0.12,0.185,FORCE_SELL,0.0,0.0,0.0,0.0,FORCE_BUY,789730.8314907533,135.67,1.7999999999999994,1.6499999999999995
2012-07-16,0.21738844452616815,0.12,0.185,FORCE_SELL,0.0,0.0,0.0,0.0,FORCE_BUY,789730.8314907533,135.25,1.9999999999999996,1.9999999999999996
2012-07-17,0.23626625180218022,0.12,0.185,FORCE_SELL,0.0,0.0,0.0,0.0,FORCE_BUY,789730.8314907533,136.42,1.9999999999999996,1.9999999999999996
2012-07-18,0.22957136750134288,0.12,0.185,FORCE_SELL,0.0,0.0,0.0,0.0,FORCE_BUY,789730.8314907533,137.57,1.9999999999999996,1.9999999999999996
2012-07-19,0.20842041821969448,0.12,0.185,FORCE_SELL,0.0002906131938391578,-0.0002883059846689108,0.0,0.0,FORCE_BUY,789960.3376899661,137.68,1.9999999999999996,1.9999999999999996
2012-07-20,0.21313018338774667,0.12,0.185,FORCE_SELL,-0.007280669821623546,-0.007280669821623546,0.0,0.0,FORCE_SELL,789960.3376899661,136.35,0.3999999999999998,2.0499999999999994
2012-07-23,0.2615116198690142,0.12,0.185,FORCE_SELL,-0.004729180521687879,-0.0037707005858986986,0.0,0.0,FORCE_SELL,789960.3376899661,134.69,1.1999999999999997,-0.5
2012-07-24,0.24623717387143595,0.12,0.185,FORCE_SELL,-0.0090909090909091,-0.0090909090909091,0.0,0.0,FORCE_SELL,789960.3376899661,132.98,1.5999999999999996,-0.5
2012-07-25,0.23470330845179277,0.12,0.185,FORCE_SELL,0.0,0.0,0.0,0.0,FORCE_BUY,789960.3376899661,134.01,2.1499999999999995,-0.5
2012-07-26,0.23464849627999787,0.12,0.185,FORCE_SELL,0.0,0.0,0.0,0.0,FORCE_BUY,789960.3376899661,136.08,2.1499999999999995,-0.5
2012-07-27,0.17130708061726566,0.12,0.185,FREE,0.0,0.0,0.0,0.0,FORCE_BUY,789960.3376899661,138.72,1.8499999999999996,-0.5
2012-07-30,0.14313974701502336,0.12,0.185,FREE,0.0,0.0,0.0,0.0,FORCE_BUY,789960.3376899661,138.6,1.4999999999999996,2.4499999999999993
2012-07-31,0.16349217523371204,0.12,0.185,FREE,0.0,0.0,0.0,0.0,FORCE_BUY,789960.3376899661,137.85,1.4999999999999996,2.4499999999999993
2012-08-01,0.1671534765619196,0.12,0.185,FREE,-0.003469461510661247,-7.148284793505086e-06,0.0,-7.148284793505086e-06,FORCE_SELL,789960.3376899661,137.87,0.9999999999999996,-0.5
2012-08-02,0.18447600042266657,0.12,0.185,FREE,-0.006177325581395333,0.00943921293808441,0.005014534883720824,0.00943921293808441,FREE,797416.9415300628,136.75,1.0999999999999996,-0.5
2012-08-03,0.1749919613190513,0.12,0.185,FREE,0.016163087004004307,0.0018174083987304388,0.0016017473607571817,0.0018174083987304388,FORCE_BUY,810305.6609344803,139.57,0.9499999999999997,2.499999999999999
2012-08-06,0.1480862760774961,0.12,0.185,FREE,-0.0004299534217127398,-0.0004299534217127398,0.0,-0.0004299534217127398,FORCE_SELL,810305.6609344803,139.49,1.1999999999999997,2.2999999999999994
2012-08-07,0.1499408851366412,0.12,0.185,FREE,0.0013569490072847287,0.00214677933534458,-0.0009284387944580156,0.00214677933534458,FREE,812045.2083826872,140.21,1.5499999999999994,-0.5
2012-08-08,0.17587613628018287,0.345,0.385,FORCE_BUY,0.0025000000000000486,0.0008581956707491302,0.0015000000000000998,0.0025000000000000486,FORCE_BUY,814075.3214036438,140.35,-0.5,2.0499999999999994
2012-08-09,0.1754526501871115,0.12,0.185,FREE,0.000569597721609118,0.0031656292920497217,-0.00021359914560344857,0.0031656292920497217,FREE,816652.3820870139,140.53,1.1499999999999997,2.2499999999999996
2012-08-10,0.18695845333862707,0.345,0.365,FORCE_BUY,0.004850559954347641,0.004850559954347641,0.004850559954347641,0.004850559954347641,FORCE_BUY,820613.6034281878,140.87,1.0999999999999996,2.499999999999999
2012-08-13,0.17990175132432948,0.12,0.185,FREE,0.0015651678998291861,0.005632705305864605,0.002916903813318167,0.005632705305864605,FREE,825235.8780262824,140.78,1.2499999999999996,2.499999999999999
2012-08-14,0.15538572924902136,0.12,0.185,FREE,-0.0002359744465261991,-0.0002359744465261991,0.0,-0.0002359744465261991,FORCE_SELL,825235.8780262824,140.66,0.6999999999999997,1.4499999999999995
2012-08-15,0.18359147399652428,0.12,0.185,FREE,0.0038434163701067028,0.0032230994491489963,0.0011380782918148438,0.0032230994491489963,FORCE_BUY,828407.6031090879,141.04,0.2999999999999998,-0.5
2012-08-16,0.16309780678258057,0.12,0.185,FREE,0.007235068804085736,0.002411689601361912,0.0,0.002411689601361912,FORCE_BUY,834401.1891154099,142.0,1.1499999999999997,1.2499999999999996
2012-08-17,0.1455441308618293,0.12,0.185,FREE,0.0,0.0,0.0,0.0,FORCE_BUY,834401.1891154099,142.13,-0.5,1.6999999999999993
2012-08-20,0.18692025011831223,0.26,0.31,FORCE_BUY,0.0,0.0,0.0,0.0,FORCE_BUY,834401.1891154099,142.14,0.34999999999999987,1.4999999999999996
2012-08-21,0.20277549950623408,0.26,0.31,FORCE_BUY,-0.0065881693299691575,-0.0065881693299691575,0.0,-0.0065881693299691575,FORCE_SELL,834401.1891154099,141.74,0.34999999999999987,1.4999999999999996
2012-08-22,0.19598741533724007,0.26,0.31,FORCE_BUY,0.0038893996181317615,0.004105069390126617,0.002050774344105823,0.0038893996181317615,FREE,837826.4638959328,141.96,0.9999999999999996,-0.5
2012-08-23,0.19609529784992363,0.12,0.185,FORCE_SELL,-0.010334645669291398,-0.011248593925759425,-0.011248593925759425,-0.011248593925759425,FORCE_BUY,829167.8242592129,140.77,1.0499999999999996,1.0999999999999996
2012-08-24,0.2231468745097089,0.12,0.185,FORCE_SELL,0.0,0.0,0.0,0.0,FORCE_BUY,829167.8242592129,141.66,2.2999999999999994,-0.5
2012-08-27,0.19005865434738026,0.12,0.185,FORCE_SELL,0.0,0.0,0.0,0.0,FORCE_BUY,829167.8242592129,141.54,2.2499999999999996,1.6999999999999993
2012-08-28,0.19203708845807252,0.12,0.185,FORCE_SELL,0.0005655708731001121,0.0005655708731001121,0.0,0.0,FORCE_BUY,829636.7774295257,141.53,0.8499999999999996,-0.5
2012-08-29,0.1904981335077827,0.12,0.185,FORCE_SELL,-0.0023997741389046637,-0.0023997741389046637,0.0,0.0,FORCE_SELL,829636.7774295257,141.34,0.6499999999999997,-0.5
2012-08-30,0.18496467610262224,0.12,0.185,FREE,-0.005811069378499203,-0.0030301758492099523,0.0,-0.0030301758492099523,FORCE_SELL,829636.7774295257,140.29,1.6999999999999993,-0.5
2012-08-31,0.20039811192595725,0.12,0.185,FORCE_SELL,0.0023460827527371983,0.004905445755723019,0.004905445755723019,0.004905445755723019,FREE,833706.515638159,140.99,2.1499999999999995,-0.5
2012-09-04,0.19565278877390688,0.12,0.185,FORCE_SELL,0.003986616359365016,0.0013491386750209189,0.0,0.0,FORCE_BUY,837030.1836723113,141.03,0.9999999999999996,1.0999999999999996
2012-09-05,0.18305918435759325,0.12,0.185,FREE,0.0039134765902946655,0.0039134765902946655,0.0,0.0039134765902946655,FORCE_BUY,840305.8817014828,141.09,-0.5,1.7999999999999994
2012-09-06,0.2097038174224486,0.12,0.185,FORCE_SELL,0.01776362349610745,0.011040339702760077,0.011040339702760077,0.011040339702760077,FORCE_BUY,855232.7590055926,143.81,1.2499999999999996,1.6999999999999993
2012-09-07,0.1672919087828373,0.12,0.185,FREE,0.0,0.0,0.0,0.0,FORCE_BUY,855232.7590055926,144.41,1.1999999999999997,1.9999999999999996
2012-09-10,0.17515928303596828,0.12,0.185,FREE,-0.00507050079877741,-0.00507050079877741,0.0,-0.00507050079877741,FORCE_SELL,855232.7590055926,143.24,1.1999999999999997,1.9999999999999996
2012-09-11,0.16445645694874347,0.12,0.185,FREE,0.0014644351464435277,0.002650811091429861,0.0006973500697349692,0.002650811091429861,FREE,857499.8194889188,143.61,-0.5,1.2499999999999996
2012-09-12,0.13345707155998957,0.12,0.185,FREE,0.004168693114708434,0.004586140087526693,0.003195998054609742,0.004586140087526693,FREE,861432.4337861238,144.53,2.2999999999999994,1.5499999999999994
2012-09-13,0.17424340481803105,0.12,0.185,FREE,0.014116670126634983,0.0060715150008715125,-0.0015915853574146746,0.0060715150008715125,FORCE_BUY,873592.9912902669,146.55,2.0999999999999996,-0.5
2012-09-14,0.1454224841943228,0.12,0.185,FREE,-0.00027209033399080697,0.005029342595096732,0.0,0.005029342595096732,FREE,877986.5897321409,146.97,2.1499999999999995,1.7999999999999994
2012-09-17,0.158690708673992,0.12,0.185,FREE,-0.0023118243013530407,-0.0023118243013530407,-0.0023118243013530407,-0.0023118243013530407,FORCE_BUY,875956.8389977361,146.73,1.8999999999999995,1.5999999999999996
2012-09-18,0.15726044034060405,0.12,0.185,FREE,0.0008869482158694987,0.0008869482158694987,0.0008869482158694987,0.0008869482158694987,FORCE_BUY,876733.7673532639,146.7,1.8999999999999995,1.5999999999999996
2012-09-19,0.1645790673243562,0.12,0.185,FREE,-0.0032648619235478697,-0.0001724902321922526,0.00013603591348102935,-0.0001724902321922526,FORCE_SELL,876853.0346321855,146.54,-0.5,-0.5
2012-09-20,0.1772089680960852,0.12,0.185,FREE,0.004514672686230174,0.004993678784035903,0.003693823106915639,0.004993678784035903,FREE,881231.7570279457,146.85,-0.5,0.5999999999999996
2012-09-21,0.16641683004616228,0.12,0.185,FREE,-0.0023916905835724626,0.0003025549340700301,0.0,0.0003025549340700301,FREE,881498.3780440937,145.99,-0.5,0.5999999999999996
2012-09-24,0.17442869232209313,0.12,0.185,FREE,0.0008238363311822097,0.0008238363311822097,0.0008238363311822097,0.0008238363311822097,FORCE_BUY,882224.5884338046,145.78,-0.5,0.4999999999999998
2012-09-25,0.19843623612660288,0.12,0.185,FORCE_SELL,-0.012385383878472475,-0.012858865305282338,-0.0013685507048035457,-0.0013685507048035457,FORCE_SELL,881017.2193515084,144.33,-0.5,0.4999999999999998
2012-09-26,0.1924857345183578,0.12,0.185,FORCE_SELL,0.0,0.0,0.0,0.0,FORCE_BUY,881017.2193515084,143.48,1.4999999999999996,0.5999999999999996
2012-09-27,0.1900390866472872,0.12,0.185,FORCE_SELL,0.0,0.0,0.0,0.0,FORCE_BUY,881017.2193515084,144.8,1.9499999999999993,-0.5
2012-09-28,0.1866646247347666,0.12,0.185,FORCE_SELL,0.0015292645627693776,0.004001259090964866,0.0,0.0,FREE,884542.3975097352,144.08,1.9499999999999993,-0.5
2012-10-01,0.19607463898236066,0.12,0.195,FORCE_SELL,-0.0015913651145091257,0.008441531688510898,0.0,0.0,FREE,892009.290188145,144.3,1.2999999999999996,0.44999999999999973
2012-10-02,0.17434830970863327,0.12,0.195,FREE,0.003540437348142931,0.002221450885109264,0.0,0.002221450885109264,FORCE_BUY,895167.3931940176,144.56,0.3999999999999998,-0.5
2012-10-03,0.1766585504158913,0.12,0.195,FREE,0.004771124325819312,0.002386838646165109,0.0,0.002386838646165109,FORCE_BUY,899438.3481193657,145.31,0.3999999999999998,-0.5
2012-10-04,0.143673509245726,0.12,0.195,FREE,0.004534212695795632,0.004534212695795632,0.0,0.004534212695795632,FORCE_BUY,903516.5928964941,146.22,0.3999999999999998,1.6999999999999993
2012-10-05,0.14379400936371536,0.12,0.195,FREE,-0.0028717948717947423,-0.005785301088682732,-0.00047863247863245707,-0.005785301088682732,FORCE_SELL,903084.1405101505,145.83,0.5999999999999996,1.6999999999999993
2012-10-08,0.17143236218315297,0.12,0.195,FREE,-0.0002059025394646462,-0.0002059025394646462,-0.0002059025394646462,-0.0002059025394646462,FORCE_BUY,902898.1931922692,145.67,0.4999999999999998,1.8499999999999996
2012-10-09,0.18528489310953447,0.12,0.195,FREE,-0.01011351909184725,-0.006589790711224019,0.001719986240110094,-0.006589790711224019,FORCE_SELL,904451.1656607802,143.88,1.3999999999999995,-0.5
2012-10-10,0.18395904370875396,0.12,0.185,FREE,-0.009706718435831504,0.00013866740622620315,0.00013866740622620315,0.00013866740622620315,FREE,904576.5835579806,142.83,2.499999999999999,-0.5
2012-10-11,0.18130518952380362,0.12,0.185,FREE,0.001184916707325469,-0.00062730884505474,0.0,-0.00062730884505474,FORCE_BUY,905648.4314648939,143.64,2.349999999999999,0.19999999999999984
2012-10-12,0.25036968253712594,0.12,0.185,FORCE_SELL,-0.004392386530014625,-0.0029282576866765677,0.0,0.0,FORCE_SELL,905648.4314648939,142.8,2.0499999999999994,0.34999999999999987
2012-10-15,0.280808079813266,0.12,0.185,FORCE_SELL,0.010076271779441572,0.001679378629907042,0.0,0.0,FORCE_BUY,914773.9911969592,144.35,1.9999999999999996,-0.5
2012-10-16,0.27867650842533626,0.12,0.185,FORCE_SELL,0.0,0.0,0.0,0.0,FORCE_BUY,914773.9911969592,145.66,1.9999999999999996,-0.5
2012-10-17,0.2686888037700785,0.12,0.185,FORCE_SELL,0.0,0.0,0.0,0.0,FORCE_BUY,914773.9911969592,146.22,1.9999999999999996,-0.5
2012-10-18,0.27430401122585374,0.12,0.185,FORCE_SELL,0.0,0.0,0.0,0.0,FORCE_BUY,914773.9911969592,145.8,1.9999999999999996,-0.5
2012-10-19,0.2896880595787349,0.12,0.185,FORCE_SELL,-0.01568303755674776,-0.011059412612968715,0.0,0.0,FORCE_SELL,914773.9911969592,143.1,1.9999999999999996,-0.5
2012-10-22,0.25895901253475245,0.12,0.185,FORCE_SELL,0.007703620701729845,0.007703620701729845,0.0,0.0,FORCE_BUY,921821.0630529481,143.89,-0.5,-0.5
2012-10-23,0.25973342251680115,0.12,0.185,FORCE_SELL,-0.006807017543859658,-0.003788566322917625,0.0,0.0,FORCE_SELL,921821.0630529481,141.53,-0.5,-0.5
2012-10-24,0.262552384733026,0.12,0.185,FORCE_SELL,-0.002544169611307451,-0.003109540636042289,0.0,0.0,FORCE_SELL,921821.0630529481,141.14,1.7999999999999994,-0.5
2012-10-25,0.2585579180444986,0.12,0.185,FORCE_SELL,0.003338068181818249,0.003338068181818249,0.0,0.0,FORCE_BUY,924898.1646128551,141.27,1.6999999999999993,1.5999999999999996
2012-10-26,0.2393563035895553,0.12,0.185,FORCE_SELL,0.006127974918056104,0.008122282103225716,0.0,0.0,FREE,932410.4484225963,141.2,1.0499999999999996,1.1999999999999997
2012-10-31,0.2565387629804025,0.12,0.185,FORCE_SELL,-0.010264341957255512,-0.009365020639920363,0.0,0.0,FORCE_SELL,932410.4484225963,140.78,1.0999999999999996,0.6999999999999997
2012-11-01,0.24825212948983114,0.12,0.185,FORCE_SELL,0.003085337634106951,0.0023280274875534463,0.0,0.0,FORCE_BUY,935287.249469549,143.05,2.2999999999999994,-0.5
2012-11-02,0.2502847424442883,0.12,0.185,FORCE_SELL,-0.01233704959284232,-0.008029874877695317,0.0,0.0,FORCE_SELL,935287.249469549,141.3,1.9499999999999993,1.1999999999999997
2012-11-05,0.24276314213976682,0.12,0.185,FORCE_SELL,0.0033295551147633283,0.0007115583912621384,0.0,0.0,FORCE_BUY,938401.3399147934,141.63,1.3499999999999996,-0.5
2012-11-06,0.24063041950517614,0.12,0.185,FORCE_SELL,-0.0025866890380314006,-0.0025866890380314006,0.0,0.0,FORCE_SELL,938401.3399147934,142.67,1.3499999999999996,0.8999999999999997
2012-11-07,0.22743268904957273,0.12,0.185,FORCE_SELL,-0.02254484539680342,-0.024142552949349222,0.0,0.0,FORCE_SELL,938401.3399147934,140.04,1.3499999999999996,1.2999999999999996
2012-11-08,0.2564113642398924,0.12,0.185,FORCE_SELL,-0.008887614678899175,-0.008887614678899175,0.0,0.0,FORCE_SELL,938401.3399147934,138.28,2.1999999999999993,1.7999999999999994
2012-11-09,0.24821003416267517,0.12,0.185,FORCE_SELL,0.0037796191306875087,-0.0005060019365902238,0.0,0.0,FORCE_BUY,941948.1395713981,138.1,2.499999999999999,-0.5
2012-11-12,0.22990040856284122,0.12,0.185,FORCE_SELL,-0.000868055555555544,-0.000868055555555544,0.0,0.0,FORCE_SELL,941948.1395713981,138.12,2.349999999999999,1.2499999999999996
2012-11-13,0.2364476093661713,0.12,0.185,FORCE_SELL,0.004145153079776161,0.002116869694533541,0.0,0.0,FORCE_BUY,945852.658803132,138.08,2.3999999999999995,2.3999999999999995
2012-11-14,0.22561478054745798,0.12,0.185,FORCE_SELL,-0.015060459054377022,-0.015060459054377022,0.0,0.0,FORCE_SELL,945852.658803132,136.03,2.3999999999999995,2.1999999999999993
2012-11-15,0.21227390031970494,0.12,0.185,FORCE_SELL,-0.0016211038243312546,-0.0016211038243312546,0.0,0.0,FORCE_SELL,945852.658803132,135.49,2.2999999999999994,2.1999999999999993
2012-11-16,0.21721308089323588,0.12,0.185,FORCE_SELL,0.010561299852289582,0.00745937961595263,0.0,0.0,FORCE_BUY,955842.0923488372,136.83,2.2999999999999994,-0.5
2012-11-19,0.27072259380846103,0.12,0.185,FORCE_SELL,0.0,0.0,0.0,0.0,FORCE_BUY,955842.0923488372,138.8,-0.5,2.0499999999999994
2012-11-20,0.23256106229224874,0.12,0.185,FORCE_SELL,0.005191808479953896,0.007547575630430978,0.0,0.0,FREE,963056.3828315896,139.4,-0.5,2.0499999999999994
2012-11-21,0.2101039212285821,0.12,0.185,FORCE_SELL,0.004813910044546589,0.005694090270521284,0.0,0.0,FREE,968540.1128110344,139.85,1.4499999999999995,-0.5
2012-11-23,0.21717104624112707,0.12,0.185,FORCE_SELL,0.0036265377231030904,0.0026310175638199515,0.0,0.0,FORCE_BUY,972052.5600664822,141.14,0.4999999999999998,-0.5
2012-11-26,0.21251992234937767,0.12,0.185,FORCE_SELL,0.0063403861223907025,0.0010686044026501718,0.0,0.0,FORCE_BUY,978215.7486285621,141.26,0.4999999999999998,-0.5
2012-11-27,0.20150121991195527,0.12,0.185,FORCE_SELL,-0.005813129164894264,0.001201557578493677,0.0,0.0,FREE,979391.1311747285,140.24,0.4999999999999998,-0.5
2012-11-28,0.24366545792597072,0.12,0.185,FORCE_SELL,0.008421353125892136,0.0058521267485012575,0.0,0.0,FORCE_BUY,987638.9297387179,141.3,2.499999999999999,1.4499999999999995
2012-11-29,0.20711118540322462,0.12,0.185,FORCE_SELL,-0.0023216547066271793,0.003035386005701408,0.0,0.0,FREE,990636.7951247325,141.81,2.2999999999999994,-0.5
2012-11-30,0.1943451129905611,0.12,0.185,FORCE_SELL,-0.0004918839153958886,-0.001897266530813069,0.0,0.0,FORCE_SELL,990636.7951247325,142.24,2.499999999999999,2.2999999999999994
2012-12-03,0.1988594507236919,0.12,0.185,FORCE_SELL,-0.011834733893557383,-0.007093538791618081,0.0,0.0,FORCE_SELL,990636.7951247325,141.11,2.3999999999999995,-0.5
2012-12-04,0.18788201732677204,0.12,0.185,FORCE_SELL,-0.0017760983859440424,-0.0014584935824029088,0.0,0.0,FORCE_SELL,990636.7951247325,141.07,2.3999999999999995,-0.5
2012-12-05,0.19990118769847395,0.12,0.185,FORCE_SELL,-0.00014151277152761097,-0.0038916012170099245,0.0,0.0,FORCE_SELL,990636.7951247325,141.31,2.1499999999999995,1.3499999999999996
2012-12-06,0.19874319161441237,0.12,0.185,FORCE_SELL,0.0,0.0,0.0,0.0,FORCE_BUY,990636.7951247325,142.08,1.8499999999999996,1.5499999999999994
2012-12-07,0.1899293360730551,0.12,0.185,FORCE_SELL,0.003806569857606113,0.003806569857606113,0.0,0.0,FORCE_BUY,994407.72328889,142.4,1.3499999999999996,2.349999999999999
2012-12-10,0.18694889623001645,0.12,0.19,FREE,0.0,0.0,0.0,0.0,FORCE_BUY,994407.72328889,142.34,-0.5,-0.5
2012-12-11,0.1159590114731937,0.12,0.19,FORCE_BUY,0.0053161723559036625,0.0025873741478340943,0.0,0.0053161723559036625,FORCE_BUY,999694.1661379355,143.72,-0.5,-0.5
2012-12-12,0.11790697706271203,0.12,0.19,FORCE_BUY,-0.0028495968862941082,0.0011815401723659213,0.0011815401723659213,-0.0028495968862941082,FREE,1000875.3449553072,143.47,-0.5,-0.5
2012-12-13,0.14426867583491956,0.12,0.19,FREE,-0.006416963102462318,-0.006416963102462318,-0.006416963102462318,-0.006416963102462318,FORCE_BUY,994452.7647965647,142.45,-0.5,-0.5
2012-12-14,0.14279099208671953,0.12,0.19,FREE,-0.004621525103284015,-0.0026473909506827932,-0.0029969890063720195,-0.0026473909506827932,FREE,991820.0595461609,142.15,-0.5,-0.5
2012-12-17,0.15574806908282265,0.12,0.19,FREE,0.011431376674381032,0.002944806788694791,0.0,0.002944806788694791,FORCE_BUY,1003157.92824004,144.22,1.7999999999999994,-0.5
2012-12-18,0.1327864037231529,0.175,0.22,FORCE_BUY,-0.0007564816725121704,-0.0007564816725121704,0.0,-0.0007564816725121704,FORCE_SELL,1003157.92824004,145.3,0.7999999999999998,1.8499999999999996
2012-12-19,0.12446687571910227,0.175,0.22,FORCE_BUY,-0.008327598072952564,-0.008327598072952564,-0.008327598072952564,-0.008327598072952564,FORCE_BUY,994804.0322099611,144.09,0.8999999999999997,2.1999999999999993
2012-12-20,0.14998368934717546,0.175,0.22,FORCE_BUY,0.004505441186663708,0.00713939141886739,0.00713939141886739,0.004505441186663708,FREE,1001906.3275809755,144.92,1.7999999999999994,-0.5
2012-12-21,0.15675946330977006,0.12,0.22,FREE,0.0010493179433368853,0.0005663397798428647,-0.0036376355369009336,0.0005663397798428647,FORCE_BUY,1002957.6458680489,143.1,1.5999999999999996,-0.5
2012-12-24,0.14625403416358454,0.12,0.22,FREE,0.000562904587672265,0.001759329288486932,0.0,0.001759329288486932,FREE,1004722.1786295365,142.2,1.9999999999999996,0.7999999999999998
2012-12-26,0.16730588455678216,0.12,0.22,FREE,-0.005683412854336285,-0.004500111455399322,0.0,-0.004500111455399322,FORCE_SELL,1004722.1786295365,141.71,-0.5,-0.5
2012-12-27,0.16821590011598123,0.12,0.22,FREE,0.005391600454029393,0.003277525539159941,0.0,0.003277525539159941,FORCE_BUY,1010139.2391840089,141.72,2.3999999999999995,1.4499999999999995
2012-12-28,0.20190977940724972,0.12,0.22,FREE,-0.007134660479967878,-0.007134660479967878,0.0,-0.007134660479967878,FORCE_SELL,1010139.2391840089,139.3,2.499999999999999,1.5499999999999994
2012-12-31,0.2598662246911379,0.12,0.22,FORCE_SELL,0.022230190032269746,0.009537468626747965,0.009537468626747965,0.009537468626747965,FORCE_BUY,1032594.8264301218,142.55,2.499999999999999,-0.5
2013-01-02,0.14660086786680956,0.12,0.22,FREE,0.0,0.0,0.0,0.0,FORCE_BUY,1032594.8264301218,145.73,2.499999999999999,-0.5
2013-01-03,0.14073594190863062,0.12,0.22,FREE,0.0,0.0,0.0,0.0,FORCE_BUY,1032594.8264301218,145.78,2.499999999999999,-0.5
2013-01-04,0.14213876297383854,0.12,0.22,FREE,0.0,0.0,0.0,0.0,FORCE_BUY,1032594.8264301218,146.33,2.499999999999999,-0.5
2013-01-07,0.1613108655402027,0.12,0.22,FREE,0.0,0.0,0.0,0.0,FORCE_BUY,1032594.8264301218,146.0,2.499999999999999,-0.5
2013-01-08,0.16857519448225164,0.12,0.22,FREE,0.00013731548232052228,0.001133665257700965,0.0,0.001133665257700965,FREE,1033765.4433101274,145.67,2.499999999999999,-0.5
2013-01-09,0.1742307230362968,0.12,0.22,FREE,-0.0004178053574976483,-0.0010001128521492813,0.0,-0.0010001128521492813,FORCE_SELL,1033765.4433101274,145.94,2.1499999999999995,1.8999999999999995
2013-01-10,0.1558316325609965,0.175,0.22,FORCE_BUY,0.0070456255557835345,0.0005472330528764377,0.0005472330528764377,0.0070456255557835345,FORCE_BUY,1041048.9675361991,147.22,1.8999999999999995,-0.5
2013-01-11,0.15124115201807814,0.175,0.22,FORCE_BUY,0.0,0.0011237556376649154,-0.0008157715839564441,0.0,FREE,1042218.8521825531,147.1,1.6999999999999993,2.499999999999999
2013-01-14,0.18448418099497663,0.175,0.22,FREE,-0.0029885213611356514,0.005261765649432681,0.00040752564015494934,0.005261765649432681,FREE,1047702.7635381585,146.79,2.2999999999999994,-0.5
2013-01-15,0.18833716364267605,0.175,0.22,FREE,0.0035482770385533036,-0.0008188331627430614,-0.0008188331627430614,-0.0008188331627430614,FORCE_BUY,1051420.3031972498,147.07,1.7499999999999996,-0.5
2013-01-16,0.14944808995953732,0.175,0.22,FORCE_BUY,0.0,0.0,0.0,0.0,FORCE_BUY,1051420.3031972498,146.95,2.0999999999999996,0.8999999999999997
2013-01-17,0.18675005350220622,0.175,0.22,FREE,-0.00027039816129266616,-0.00027039816129266616,0.0,-0.00027039816129266616,FORCE_SELL,1051420.3031972498,147.89,2.0999999999999996,0.8999999999999997
2013-01-18,0.1808680623486407,0.175,0.22,FREE,0.0012823974082073546,-0.00025719897832372394,-0.0012823974082073546,-0.00025719897832372394,FORCE_BUY,1052768.6418690067,148.35,2.0999999999999996,0.8999999999999997
2013-01-22,0.18918211810205923,0.175,0.22,FREE,0.00823211875843464,0.004048582995951662,0.004048582995951662,0.004048582995951662,FORCE_BUY,1061435.1583540284,149.42,1.4999999999999996,1.3999999999999995
2013-01-23,0.1768519527950659,0.175,0.22,FREE,-0.0013423719712732857,-0.0013423719712732857,0.0,-0.0013423719712732857,FORCE_SELL,1061435.1583540284,148.79,1.4999999999999996,1.3999999999999995
2013-01-24,0.18841880169293612,0.175,0.22,FREE,0.0021488047273704514,0.0010927823123769197,0.0017459038409884987,0.0010927823123769197,FORCE_BUY,1063715.975240097,149.24,0.6999999999999997,0.8999999999999997
2013-01-25,0.18536224811195723,0.175,0.22,FREE,0.002472270479754169,0.001269544300414276,0.001269544300414276,0.001269544300414276,FORCE_BUY,1066345.768844526,150.03,-0.5,0.7999999999999998
2013-01-28,0.18718124194867725,0.175,0.22,FREE,0.0,0.0,0.0,0.0,FORCE_BUY,1066345.768844526,149.86,-0.5,0.9999999999999996
2013-01-29,0.20314588708098266,0.175,0.22,FREE,0.008084452462083246,0.008084452462083246,0.0,0.008084452462083246,FORCE_BUY,1074966.5905208932,150.88,-0.5,0.9999999999999996
2013-01-30,0.19590735299484643,0.175,0.22,FREE,-0.006495227995758033,-0.0035199526474184767,-0.0019220572640507255,-0.0035199526474184767,FORCE_SELL,1072900.4431769708,149.9,1.3999999999999995,0.6999999999999997
2013-01-31,0.19323331047443035,0.175,0.22,FREE,0.002336448598130888,0.002336448598130888,0.002336448598130888,0.002336448598130888,FORCE_BUY,1075407.2199133658,150.15,1.4499999999999995,0.8999999999999997
2013-02-01,0.19694019940435306,0.175,0.22,FREE,0.006254158349966781,0.0034560469456567204,0.0021290751829673394,0.0034560469456567204,FORCE_BUY,1082132.9869574015,151.24,2.0999999999999996,0.7499999999999998
2013-02-04,0.20670801544586562,0.175,0.22,FREE,-0.008797459981479044,-0.008797459981479044,-0.008797459981479044,-0.008797459981479044,FORCE_BUY,1072612.9653100052,149.85,1.3999999999999995,1.6499999999999995
2013-02-05,0.19382510319007873,0.175,0.22,FREE,0.006329535611965987,0.008930823649140768,0.00766273569191815,0.008930823649140768,FREE,1082192.2825469708,151.04,2.2499999999999996,0.09999999999999987
2013-02-06,0.17059935496366585,0.175,0.22,FORCE_BUY,0.0015908789606256357,0.0015908789606256357,0.0,0.0015908789606256357,FORCE_BUY,1083913.9194806262,151.1,2.2999999999999994,1.5999999999999996
2013-02-07,0.1829086118194522,0.175,0.22,FREE,0.0,0.0017871326449562768,0.0027827469687933984,0.0017871326449562768,FORCE_SELL,1086930.1776544938,150.93,2.3999999999999995,1.1499999999999997
2013-02-08,0.17059468982965195,0.175,0.22,FORCE_BUY,0.003903148981211949,0.003903148981211949,0.003903148981211949,0.003903148981211949,FORCE_BUY,1091172.6280700546,151.75,2.4499999999999993,1.0499999999999996
2013-02-11,0.16290818254282347,0.175,0.22,FORCE_BUY,-0.0004612850082371826,-0.0004612850082371826,-0.0004612850082371826,-0.0004612850082371826,FORCE_BUY,1090669.286495327,151.68,0.9499999999999997,0.7999999999999998
2013-02-12,0.1689437734700369,0.175,0.22,FORCE_BUY,0.004620767047329798,0.005118107935815629,0.0010561753251039788,0.004620767047329798,FREE,1096251.449625889,152.19,0.7999999999999998,-0.5
2013-02-13,0.17463277320717832,0.175,0.22,FORCE_BUY,-0.0015765617815146123,0.00038755851526170275,0.00039414044537881685,-0.0015765617815146123,FORCE_SELL,1096683.526660492,151.99,0.9499999999999997,0.8499999999999996
2013-02-14,0.1762864217645117,0.175,0.22,FREE,0.0014469876348330642,0.0014469876348330642,0.0014469876348330642,0.0014469876348330642,FORCE_BUY,1098270.4141628947,152.26,-0.5,1.0499999999999996
2013-02-15,0.17308029923993903,0.175,0.22,FORCE_BUY,-0.0003287959492339637,-0.0003287959492339637,-0.0003287959492339637,-0.0003287959492339637,FORCE_BUY,1097909.3072995543,152.02,-0.5,1.1499999999999997
2013-02-19,0.17545823001495817,0.175,0.22,FREE,0.007294473286455964,0.004597489649733781,0.004597489649733781,0.004597489649733781,FORCE_BUY,1105917.9774126024,153.28,-0.5,0.7999999999999998
2013-02-20,0.18970722922533326,0.175,0.22,FREE,-0.010142571653785409,-0.010142571653785409,0.0,-0.010142571653785409,FORCE_SELL,1105917.9774126024,151.32,-0.5,0.7999999999999998
2013-02-21,0.1827528682868956,0.175,0.22,FREE,-0.002515723270440473,-0.0035749751737835754,-0.0035749751737835754,-0.0035749751737835754,FORCE_BUY,1103135.793821627,150.67,-0.5,1.1499999999999997
2013-02-22,0.18312694169392704,0.175,0.22,FREE,0.0,0.0,0.0,0.0,FORCE_BUY,1103135.793821627,151.9,2.499999999999999,-0.5
2013-02-25,0.2243874350744989,0.175,0.22,FORCE_SELL,-0.010724215543492639,-0.010724215543492639,0.0,0.0,FORCE_SELL,1103135.793821627,149.44,-0.5,1.5999999999999996
2013-02-26,0.25679485083075687,0.175,0.22,FORCE_SELL,0.0,0.0,0.0,0.0,FORCE_BUY,1103135.793821627,149.67,-0.5,-0.5
2013-02-27,0.30879064981104243,0.175,0.22,FORCE_SELL,0.0,0.0,0.0,0.0,FORCE_BUY,1103135.793821627,152.08,-0.5,-0.5
2013-02-28,0.26165358701352215,0.175,0.22,FORCE_SELL,-0.003095771308127928,-0.003095771308127928,0.0,0.0,FORCE_SELL,1103135.793821627,151.35,-0.5,-0.5
2013-03-01,0.2799178600652345,0.175,0.22,FORCE_SELL,0.004692043351837196,0.005551432519068028,0.0,0.0,FREE,1109259.7777403963,152.03,-0.5,1.4499999999999995
2013-03-04,0.24689127380040107,0.175,0.22,FORCE_SELL,0.010228322555101045,0.006327464988720714,0.0,0.0,FORCE_BUY,1120605.6445445246,153.09,1.8499999999999996,1.2499999999999996
2013-03-05,0.13862105946790626,0.175,0.22,FORCE_BUY,0.0008433344145313895,0.0008433344145313895,0.0,0.0008433344145313895,FORCE_BUY,1121550.689849687,154.28,1.5999999999999996,2.2999999999999994
2013-03-06,0.13750323787909108,0.175,0.22,FORCE_BUY,-0.0015528955030733823,0.0005815058992973222,0.0009705596894207813,-0.0015528955030733823,FORCE_SELL,1122639.2217388973,154.31,-0.5,2.4499999999999993
2013-03-07,0.13435561638568028,0.175,0.22,FORCE_BUY,0.00025883266468231013,0.001294230304757043,0.00038824899702346525,0.00025883266468231013,FREE,1124092.1754409806,154.58,-0.5,1.9499999999999993
2013-03-08,0.1373949173029927,0.175,0.22,FORCE_BUY,0.0026441377531278808,0.0014832967883399342,0.0014832967883399342,0.0026441377531278808,FORCE_BUY,1127064.4300000598,155.47,1.2499999999999996,1.9499999999999993
2013-03-11,0.13194239381063358,0.175,0.22,FORCE_BUY,0.004184100418410045,0.00482780817508858,0.00482780817508858,0.004184100418410045,FREE,1132505.6808690655,156.0,1.1499999999999997,2.0999999999999996
2013-03-12,0.13583410135701754,0.175,0.22,FORCE_BUY,-0.00012841091492778238,-0.00012841091492778238,-0.00012841091492778238,-0.00012841091492778238,FORCE_BUY,1132360.2547784243,155.73,2.1999999999999993,0.5499999999999998
2013-03-13,0.1330191412637932,0.175,0.22,FORCE_BUY,0.0028283087998970126,0.0028283087998970126,0.0028283087998970126,0.0028283087998970126,FORCE_BUY,1135562.9192516678,156.01,1.9499999999999993,0.5999999999999996
2013-03-14,0.1426002865327742,0.175,0.22,FORCE_BUY,0.002174886458133229,0.0,0.0,0.002174886458133229,FORCE_BUY,1138032.6396671066,156.67,1.3999999999999995,0.19999999999999984
2013-03-15,0.16555443183948346,0.175,0.22,FORCE_BUY,-0.004091809986573745,-0.0032288014928551594,-0.0030049229588901953,-0.004091809986573745,FORCE_SELL,1134612.9392602046,155.77,1.3999999999999995,0.4999999999999998
2013-03-18,0.1956872349705553,0.175,0.22,FREE,0.006681803438209577,0.004604162824857534,0.003762568926370373,0.004604162824857534,FORCE_BUY,1142194.1998987906,155.18,2.4499999999999993,0.44999999999999973
2013-03-19,0.19364198287634124,0.175,0.22,FREE,-0.005414813382324642,-0.004901247159324576,-0.0007735447689035202,-0.004901247159324576,FORCE_SELL,1141310.6615503868,154.29,2.4499999999999993,0.44999999999999973
2013-03-20,0.1724837180365156,0.12,0.185,FREE,0.004330963154492597,0.003748179230031644,0.0020038784744666914,0.003748179230031644,FORCE_BUY,1146253.6359733911,155.37,-0.5,0.9999999999999996
2013-03-21,0.19667363316136843,0.12,0.185,FORCE_SELL,-0.006821106821106708,-0.004375664617658226,-0.0028314028314028092,-0.0028314028314028092,FORCE_SELL,1143008.1301829903,154.34,1.2999999999999996,-0.5
2013-03-22,0.17994041498102362,0.12,0.185,FREE,0.007629639208586574,0.007823613086771097,0.0,0.007823613086771097,FREE,1151950.5835485756,155.84,1.3499999999999996,0.8499999999999996
2013-03-25,0.1950827812337114,0.12,0.185,FORCE_SELL,-0.0061459667093468826,-0.0061459667093468826,0.0,0.0,FORCE_SELL,1151950.5835485756,155.24,0.9999999999999996,0.6499999999999997
2013-03-26,0.1737116255215402,0.12,0.185,FREE,0.0,0.0,0.0,0.0,FORCE_BUY,1151950.5835485756,156.17,1.5999999999999996,-0.5
2013-03-27,0.18875441761422881,0.12,0.185,FORCE_SELL,0.0007698723295053937,-0.00032029093011293577,0.0,0.0,FORCE_BUY,1152837.4384278073,155.99,1.5999999999999996,1.5499999999999994
2013-03-28,0.1571344699788328,0.175,0.22,FORCE_BUY,0.004934948407357729,0.006416963270999837,0.0,0.004934948407357729,FREE,1160235.1539276321,156.8,1.0999999999999996,1.1999999999999997
2013-04-01,0.1630868541616648,0.115,0.185,FREE,-0.003511235955056021,0.003461626745934301,0.0014683350357508423,0.003461626745934301,FREE,1164251.454968041,156.09,0.9499999999999997,1.0999999999999996
2013-04-02,0.15551718821191243,0.12,0.185,FREE,0.0019148528754708107,0.0019148528754708107,0.0,0.0019148528754708107,FORCE_BUY,1166480.8252143578,156.97,0.9499999999999997,1.0999999999999996
2013-04-03,0.20458903812275864,0.12,0.185,FORCE_SELL,-0.009502551020408293,-0.0070584712632803725,0.0022959183673467694,0.0022959183673467694,FORCE_SELL,1169158.9699661252,155.31,0.4999999999999998,1.0499999999999996
2013-04-04,0.18543430595373975,0.12,0.185,FORCE_SELL,0.0022495018960086892,0.006765313132671607,0.0,0.0,FREE,1177068.696499818,155.94,1.3499999999999996,-0.5
2013-04-05,0.20324125405691326,0.12,0.185,FORCE_SELL,-0.0004509728127817685,0.0009707777142710325,0.0,0.0,FREE,1178211.3685585463,155.15,1.5999999999999996,0.8499999999999996
2013-04-08,0.19025146414973104,0.12,0.185,FORCE_SELL,0.008443441830486708,0.005285207863358099,0.0,0.0,FORCE_BUY,1188159.5277129884,156.46,1.0999999999999996,0.9999999999999996
2013-04-09,0.16465966005855717,0.175,0.195,FORCE_BUY,0.0,0.0,0.0,0.0,FORCE_BUY,1188159.5277129884,156.65,1.0999999999999996,0.9999999999999996
2013-04-10,0.1636546105520161,0.175,0.195,FORCE_BUY,0.0,0.0,0.0,0.0,FORCE_BUY,1188159.5277129884,158.63,1.0999999999999996,0.9999999999999996
2013-04-11,0.15373081824753446,0.175,0.195,FORCE_BUY,0.0003141492837397766,0.0009423610369463159,0.0,0.0003141492837397766,FREE,1189279.2029575817,159.21,1.0999999999999996,0.9999999999999996
2013-04-12,0.17423866159293167,0.175,0.195,FORCE_BUY,-0.0020754716981132466,-0.0008174117870994672,-0.0009433962264150925,-0.0020754716981132466,FREE,1188307.072118932,158.67,1.0999999999999996,0.9999999999999996
2013-04-15,0.2225275359412963,0.175,0.195,FORCE_SELL,-0.019020537124802433,-0.007552791540852032,-0.00259083728278042,-0.00259083728278042,FORCE_SELL,1185228.3618530945,155.24,1.9999999999999996,1.3499999999999996
2013-04-16,0.1924210475074449,0.175,0.195,FREE,0.0,0.0,0.0,0.0,FORCE_BUY,1185228.3618530945,157.05,1.6499999999999995,-0.5
2013-04-17,0.211169694275793,0.175,0.195,FORCE_SELL,0.005765368918831378,0.006803818240980865,0.0,0.0,FREE,1193292.4402011984,155.26,1.6499999999999995,-0.5
2013-04-18,0.20653455642066623,0.175,0.22,FREE,-0.00758842443729923,0.00022330480456740024,0.0,0.00022330480456740024,FREE,1193558.9081363494,154.32,1.6499999999999995,-0.5
2013-04-19,0.20412584871388842,0.175,0.22,FREE,0.0029081039162465352,0.0015167392534469755,0.0,0.0015167392534469755,FORCE_BUY,1197029.9014713718,155.19,1.7999999999999994,0.5499999999999998
2013-04-22,0.18816704583989427,0.175,0.22,FREE,0.0,0.0,0.0,0.0,FORCE_BUY,1197029.9014713718,156.03,2.2999999999999994,0.5499999999999998
2013-04-23,0.19191133030131016,0.175,0.22,FREE,0.01219825372367742,0.014958429286630898,0.0,0.014958429286630898,FREE,1214935.588606514,157.66,2.2999999999999994,0.5499999999999998
2013-04-24,0.15437918381690593,0.175,0.22,FORCE_BUY,0.0006342762907522148,0.0024800202968411874,0.0,0.0006342762907522148,FREE,1217948.6535256128,157.76,1.6999999999999993,2.2499999999999996
2013-04-25,0.15607560567818257,0.175,0.22,FORCE_BUY,0.0033557046979865745,-0.0003165759149044826,-0.0003165759149044826,0.0033557046979865745,FORCE_BUY,1222035.729544155,158.47,-0.5,2.0999999999999996
2013-04-26,0.1758759875933976,0.175,0.22,FREE,-0.00012634238787125152,-0.0002224888212160761,-0.00012634238787125152,-0.0002224888212160761,FORCE_BUY,1221881.3346320204,158.28,-0.5,2.0999999999999996
2013-04-29,0.16421584620410082,0.175,0.22,FORCE_BUY,0.0,0.0,0.0,0.0,FORCE_BUY,1221881.3346320204,159.2,1.1499999999999997,-0.5
2013-04-30,0.15553174585036209,0.175,0.195,FORCE_BUY,0.0043379856657864155,0.002957300853099599,0.0,0.0043379856657864155,FORCE_BUY,1227181.838346946,159.75,1.1499999999999997,-0.5
2013-05-01,0.18074746893110016,0.175,0.195,FREE,-0.009069869268781073,-0.009069869268781073,-0.009069869268781073,-0.009069869268781073,FORCE_BUY,1216051.4595041168,158.42,0.7499999999999998,2.3999999999999995
2013-05-02,0.1646534519138858,0.175,0.195,FORCE_BUY,0.006111006111006154,0.006111006111006154,0.006111006111006154,0.006111006111006154,FORCE_BUY,1223482.7574044443,159.7,1.5499999999999994,2.0999999999999996
2013-05-03,0.1606500532292092,0.175,0.195,FORCE_BUY,0.01052499686756055,0.002496144632060806,0.001566219771958434,0.01052499686756055,FORCE_BUY,1236359.9095936404,161.3,-0.5,1.5999999999999996
2013-05-06,0.14650799219322552,0.175,0.195,FORCE_BUY,0.0014252959038234148,0.0014252959038234148,0.0014252959038234148,0.0014252959038234148,FORCE_BUY,1238122.0883084356,161.6,0.6499999999999997,2.349999999999999
2013-05-07,0.14680293592109595,0.175,0.195,FORCE_BUY,0.0043268636419828204,0.007057383572073298,0.0017307454567930861,0.0043268636419828204,FREE,1246859.9907946847,162.48,-0.5,-0.5
2013-05-08,0.14762421137028423,0.175,0.195,FORCE_BUY,0.005603448275861935,0.0017241379310343934,0.0017241379310343934,0.005603448275861935,FORCE_BUY,1253846.7062603445,163.31,-0.5,1.1499999999999997
2013-05-09,0.15295181531065363,0.175,0.195,FORCE_BUY,-0.0005513016845329782,0.00012251148545188855,0.00012251148545188855,-0.0005513016845329782,FREE,1254000.3168828574,163.16,-0.5,1.1499999999999997
2013-05-10,0.17272728266047832,0.175,0.195,FORCE_BUY,-0.0003061849357013779,0.0004885101220537704,0.0010410287813836863,-0.0003061849357013779,FORCE_SELL,1255305.7673045967,163.25,-0.5,1.1499999999999997
2013-05-13,0.16207728797039087,0.175,0.22,FORCE_BUY,0.00460094472731744,0.0012882645236490498,0.0012882645236490498,0.00460094472731744,FORCE_BUY,1261081.359755848,163.76,2.349999999999999,1.1999999999999997
2013-05-14,0.17677048126029657,0.175,0.195,FREE,0.011266225814352264,0.009057015053425316,0.006796473181484305,0.009057015053425316,FORCE_BUY,1275288.987125128,165.16,2.349999999999999,1.1999999999999997
2013-05-15,0.17736560292478964,0.175,0.195,FREE,0.00466017067118572,0.00466017067118572,0.00466017067118572,0.00466017067118572,FORCE_BUY,1281232.0514602147,166.0,1.3499999999999996,1.4999999999999996
2013-05-16,0.18764288980441746,0.175,0.195,FREE,-0.0026522001205544904,-0.0026522001205544904,-0.0026522001205544904,-0.0026522001205544904,FORCE_BUY,1277833.9676588736,165.46,-0.5,0.8499999999999996
2013-05-17,0.16894693153818482,0.175,0.195,FORCE_BUY,0.0071213035606518425,0.002352044266383776,0.0007845503922754398,0.0071213035606518425,FORCE_BUY,1286933.8112426847,166.88,2.1999999999999993,-0.5
2013-05-20,0.1655294025140572,0.175,0.195,FORCE_BUY,0.0014998800095991792,0.0017936963208443828,0.0023398128149747116,0.0014998800095991792,FORCE_SELL,1289944.9954662547,166.93,2.2499999999999996,0.8999999999999997
2013-05-21,0.16692957091448135,0.175,0.195,FORCE_BUY,0.0005986231667166124,0.0005986231667166124,0.0005986231667166124,0.0005986231667166124,FORCE_BUY,1290717.1864243308,167.15,2.2499999999999996,0.8999999999999997
2013-05-22,0.20534711549245777,0.18,0.22,FREE,-0.006512906309751562,-0.0066358313016750305,0.00011950286806868296,-0.0066358313016750305,FORCE_SELL,1290871.4308299741,166.27,-0.5,0.4999999999999998
2013-05-23,0.20773358624750715,0.18,0.22,FREE,0.010357643331505495,0.011756099217092421,0.0,0.011756099217092421,FREE,1306047.0434473213,165.83,2.2999999999999994,1.1999999999999997
2013-05-24,0.19245142829093267,0.18,0.22,FREE,0.00036286664650737275,0.0023684232845924305,-0.0016933776837012083,0.0023684232845924305,FREE,1309140.315675795,165.41,2.1499999999999995,-0.5
2013-05-28,0.19388749311912704,0.18,0.22,FREE,0.0012060543930531087,0.0010251462340950105,0.0,0.0010251462340950105,FORCE_BUY,1310719.210104639,166.03,-0.5,-0.5
2013-05-29,0.18803655545433492,0.18,0.22,FREE,-0.0011492167180790847,0.003330884928423373,0.0,0.003330884928423373,FREE,1315085.0649669715,165.14,-0.5,-0.5
2013-05-30,0.18599873121650415,0.18,0.22,FREE,0.004542701393095096,0.006137641843364279,0.0,0.006137641843364279,FREE,1323156.5860892963,165.85,1.9999999999999996,-0.5
2013-05-31,0.20990348520231636,0.18,0.22,FREE,-0.01192638333938727,-0.0037782086635322555,0.005993461678169123,-0.0037782086635322555,FORCE_SELL,1331086.8743822395,163.21,2.499999999999999,1.6999999999999993
2013-06-03,0.19251232771361335,0.18,0.22,FREE,-0.0008529304252465736,-0.0008529304252465736,0.0,-0.0008529304252465736,FORCE_SELL,1331086.8743822395,164.0,1.6499999999999995,1.2499999999999996
2013-06-04,0.1941615174322235,0.18,0.22,FREE,-0.0031078610603289796,-0.00164680929028312,0.00036563071297996324,-0.00164680929028312,FORCE_SELL,1331573.5606251583,163.59,2.2499999999999996,-0.5
2013-06-05,0.19456619920760812,0.18,0.22,FREE,-0.007739082365947969,-0.0010967274319091328,0.0,-0.0010967274319091328,FORCE_SELL,1331573.5606251583,161.55,1.8999999999999995,-0.5
2013-06-06,0.20656071039388105,0.18,0.22,FREE,0.0063674579624133296,0.0024679992411052953,0.0,0.0024679992411052953,FORCE_BUY,1340052.2992963,162.79,1.7499999999999996,0.34999999999999987
2013-06-07,0.1817940428145032,0.18,0.22,FREE,0.0,0.0,0.0,0.0,FORCE_BUY,1340052.2992963,164.53,2.349999999999999,1.1999999999999997
2013-06-10,0.17241519058912644,0.18,0.22,FORCE_BUY,0.0,0.0,0.0,0.0,FORCE_BUY,1340052.2992963,164.75,2.2499999999999996,1.2999999999999996
2013-06-11,0.19330346628740455,0.18,0.22,FREE,0.0033161385408990367,0.0033161385408990367,0.0,0.0033161385408990367,FORCE_BUY,1344496.0983728168,163.38,2.2499999999999996,1.2999999999999996
2013-06-12,0.19301040902396305,0.18,0.22,FREE,-0.0139702293801855,-0.0139702293801855,-0.0139702293801855,-0.0139702293801855,FORCE_BUY,1325713.179477784,161.63,2.0499999999999994,-0.5
2013-06-13,0.2085107086258765,0.18,0.22,FREE,0.02098857426726269,0.002732240437158397,0.002732240437158397,0.002732240437158397,FORCE_BUY,1353538.0090023424,164.42,2.1499999999999995,-0.5
2013-06-14,0.1904710569316845,0.18,0.22,FREE,0.0,0.0,0.0,0.0,FORCE_BUY,1353538.0090023424,162.93,2.2499999999999996,2.1499999999999995
2013-06-17,0.1894898781132429,0.18,0.22,FREE,0.001948012418579119,0.0020088878066596527,0.0,0.0020088878066596527,FREE,1356257.1150044778,164.59,1.8499999999999996,1.6499999999999995
2013-06-18,0.15949713536249424,0.18,0.22,FORCE_BUY,0.007109436713860422,0.0066841884295683685,0.0,0.007109436713860422,FORCE_BUY,1365899.339131325,165.74,1.0499999999999996,1.9499999999999993
2013-06-19,0.18805354696879983,0.175,0.195,FREE,-0.014069198719884156,-0.009112460236911826,0.001992633295090882,-0.009112460236911826,FORCE_SELL,1368621.0756322206,163.28,0.9999999999999996,1.8999999999999995
2013-06-20,0.23178718458997408,0.175,0.195,FORCE_SELL,-0.020797546012269935,-0.020797546012269935,-0.020797546012269935,-0.020797546012269935,FORCE_BUY,1340157.115838397,159.61,2.2999999999999994,-0.5
2013-06-21,0.19106975870008633,0.175,0.195,FREE,-0.007063824467087578,-0.0019987927686201928,-0.0016878164655874063,-0.0019987927686201928,FORCE_SELL,1337895.176591811,158.84,2.3999999999999995,-0.5
2013-06-24,0.28201388723514614,0.175,0.195,FORCE_SELL,-0.00556117290192125,-0.00297231063060098,-0.0021486349848332483,-0.0021486349848332483,FORCE_SELL,1335020.5282093463,157.36,1.9499999999999993,0.5999999999999996
2013-06-25,0.3039920459500539,0.175,0.195,FORCE_SELL,0.0027272150694489365,0.007295241249295735,0.0,0.0,FREE,1344759.8250353958,158.1,2.4499999999999993,-0.5
2013-06-26,0.28056244929043195,0.175,0.195,FORCE_SELL,0.0,0.0,0.0,0.0,FORCE_BUY,1344759.8250353958,159.93,1.9999999999999996,0.8999999999999997
2013-06-27,0.25183777943169483,0.175,0.195,FORCE_SELL,-0.00018627755355486982,-0.00018627755355486982,0.0,0.0,FORCE_SELL,1344759.8250353958,161.02,1.8499999999999996,2.1999999999999993
2013-06-28,0.26905067130837046,0.175,0.195,FORCE_SELL,-0.0088473674441627,-0.0088473674441627,0.0,0.0,FORCE_SELL,1344759.8250353958,160.2,1.1499999999999997,2.2499999999999996
2013-07-01,0.15596348011263578,0.175,0.195,FORCE_BUY,-0.00043405469089132344,-0.00043405469089132344,0.0,-0.00043405469089132344,FORCE_SELL,1344759.8250353958,161.2,2.2999999999999994,-0.5
2013-07-02,0.18364301102731362,0.175,0.195,FREE,-0.0008055521130252112,-0.0022307596976080834,-0.0022307596976080834,-0.0022307596976080834,FORCE_BUY,1343676.550916827,161.25,1.3499999999999996,1.7499999999999996
2013-07-03,0.1852967721316073,0.175,0.195,FREE,0.0001857930265684149,0.0001857930265684149,0.0,0.0001857930265684149,FORCE_BUY,1343926.196649951,161.5,1.7999999999999994,1.4499999999999995
2013-07-05,0.15606817613849355,0.175,0.195,FORCE_BUY,0.0031931225053731813,0.0,0.0,0.0031931225053731813,FORCE_BUY,1348217.5176340344,163.37,2.2999999999999994,1.4499999999999995
2013-07-08,0.1500409447368369,0.175,0.195,FORCE_BUY,0.0036661371135278693,0.003727239398753479,0.003727239398753479,0.0036661371135278693,FREE,1353242.6470838496,164.26,2.2999999999999994,1.4499999999999995
2013-07-09,0.1443224465327158,0.175,0.195,FORCE_BUY,0.0015164381899794063,0.00012131505519822055,0.00012131505519822055,0.0015164381899794063,FORCE_BUY,1355294.7559141966,165.11,1.1499999999999997,-0.5
2013-07-10,0.1480050646887475,0.175,0.195,FORCE_BUY,0.009447102283049716,0.0001816750439048141,0.0001816750439048141,0.009447102283049716,FORCE_BUY,1368098.364096999,166.69,1.1499999999999997,1.5499999999999994
2013-07-11,0.1567582205363029,0.175,0.195,FORCE_BUY,0.0028185907046477236,0.0010794602698651378,0.0010794602698651378,0.0028185907046477236,FORCE_BUY,1371954.4734290864,167.22,1.1499999999999997,1.5499999999999994
2013-07-12,0.14745183066673095,0.175,0.195,FORCE_BUY,0.0004181101421574079,0.0013684527389354194,0.0008362202843148158,0.0004181101421574079,FREE,1373831.9282859452,167.49,0.24999999999999978,-0.5
2013-07-15,0.14823100411549758,0.175,0.195,FORCE_BUY,0.0022048745605149443,0.0004767296347058134,0.0004767296347058134,0.0022048745605149443,FORCE_BUY,1376861.0553550462,168.18,0.2999999999999998,-0.5
2013-07-16,0.18339516064243858,0.175,0.195,FREE,-0.0020244120273889663,0.0016044113982494326,0.0014289967252159312,0.0016044113982494326,FREE,1379070.1069260635,167.61,0.2999999999999998,-0.5
2013-07-17,0.1558372459028315,0.175,0.195,FORCE_BUY,0.0037674919268029217,0.0048487825588125946,0.0,0.0037674919268029217,FREE,1385756.9180079065,167.85,-0.5,0.7499999999999998
2013-07-18,0.15781352662354417,0.175,0.195,FORCE_BUY,0.0026788903440887178,0.0026788903440887178,0.0026788903440887178,0.0026788903440887178,FORCE_BUY,1389469.208834812,168.43,1.0999999999999996,1.5999999999999996
2013-07-19,0.18782313506262804,0.175,0.195,FREE,0.008323424494649225,0.0058263971462545186,0.0058263971462545186,0.0058263971462545186,FORCE_BUY,1401034.3508821886,169.6,-0.5,1.1499999999999997
2013-07-22,0.16572675975106235,0.175,0.195,FORCE_BUY,0.0016536735175998291,0.0006493021332778025,0.0,0.0016536735175998291,FORCE_BUY,1403351.20428549,169.6,-0.5,1.1499999999999997
2013-07-23,0.16783750346122836,0.175,0.195,FORCE_BUY,-0.0019444935478170416,-0.0010592740234092153,-0.0025926580637557896,-0.0019444935478170416,FREE,1401864.6708090703,169.38,1.6999999999999993,0.8499999999999996
2013-07-24,0.18582624926677963,0.175,0.195,FREE,-0.004718928803161848,-0.0014452740011887304,0.00041290627027655195,-0.0014452740011887304,FORCE_SELL,1402443.5095217265,168.73,1.3999999999999995,0.7499999999999998
2013-07-25,0.2052364115240346,0.175,0.195,FORCE_SELL,0.004038964124494868,-0.0028510334996438126,0.0,0.0,FORCE_BUY,1408107.9285433155,169.04,1.7999999999999994,1.0999999999999996
2013-07-26,0.221205409141751,0.175,0.195,FORCE_SELL,0.0,0.0,0.0,0.0,FORCE_BUY,1408107.9285433155,169.12,1.7499999999999996,1.0499999999999996
2013-07-29,0.21141093497606714,0.175,0.195,FORCE_SELL,5.926628341153567e-05,5.926628341153567e-05,0.0,0.0,FORCE_BUY,1408191.3818668826,168.74,1.8999999999999995,0.9499999999999997
2013-07-30,0.21345324977913038,0.175,0.195,FORCE_SELL,0.002904128137972849,0.002904128137972849,0.0,0.0,FORCE_BUY,1412280.9500826132,168.87,1.8999999999999995,0.9499999999999997
2013-07-31,0.22058680400758254,0.175,0.195,FORCE_SELL,0.0007697773567028979,0.0007697773567028979,0.0,0.0,FORCE_BUY,1413368.0919792894,169.01,1.7999999999999994,0.9499999999999997
2013-08-01,0.174969240369488,0.175,0.195,FORCE_BUY,0.0,0.0,0.0,0.0,FORCE_BUY,1413368.0919792894,170.63,1.6499999999999995,1.1499999999999997
2013-08-02,0.16915405854271862,0.175,0.195,FORCE_BUY,0.0,0.0,0.0,0.0,FORCE_BUY,1413368.0919792894,170.89,1.1499999999999997,1.2999999999999996
2013-08-05,0.19447603732239602,0.175,0.195,FREE,0.0,0.0,0.0,0.0,FORCE_BUY,1413368.0919792894,170.48,1.1499999999999997,1.2999999999999996
2013-08-06,0.21481943421533278,0.175,0.195,FORCE_SELL,-0.005042509527997669,-0.003990942689380187,0.0,0.0,FORCE_SELL,1413368.0919792894,169.69,0.4999999999999998,0.7499999999999998
2013-08-07,0.20068008743554008,0.175,0.195,FORCE_SELL,0.0018331263674529494,-0.00011826621725508055,0.0,0.0,FORCE_BUY,1415958.9742956134,169.42,0.8499999999999996,0.7499999999999998
2013-08-08,0.20712860757852103,0.175,0.195,FORCE_SELL,0.0,0.0,0.0,0.0,FORCE_BUY,1415958.9742956134,169.76,1.6499999999999995,-0.5
2013-08-09,0.21634308431921612,0.175,0.195,FORCE_SELL,-0.00371352785145878,-0.0011848688178161594,0.0,0.0,FORCE_SELL,1415958.9742956134,169.02,-0.5,0.9999999999999996
2013-08-12,0.2949973717764558,0.175,0.195,FORCE_SELL,0.003022759601706887,-0.0017780938833571803,0.0,0.0,FORCE_BUY,1420239.0778807886,169.23,0.9499999999999997,-0.5
2013-08-13,0.34435941035698375,0.175,0.195,FORCE_SELL,0.0,0.0,0.0,0.0,FORCE_BUY,1420239.0778807886,169.57,1.4999999999999996,1.2999999999999996
2013-08-14,0.3413919986459025,0.175,0.195,FORCE_SELL,-0.005142755807767256,-0.0031150138100338527,0.0,0.0,FORCE_SELL,1420239.0778807886,168.3,-0.5,1.2499999999999996
2013-08-15,0.31358497745210695,0.175,0.195,FORCE_SELL,-0.003357112882920733,5.994844433796298e-05,0.0,0.0,FREE,1420324.2190040955,166.25,1.3999999999999995,0.9999999999999996
2013-08-16,0.3298827864246276,0.175,0.195,FORCE_SELL,0.0,0.0,0.0,0.0,FORCE_BUY,1420324.2190040955,165.55,2.0499999999999994,-0.5
2013-08-19,0.3422322658329419,0.175,0.195,FORCE_SELL,0.0,0.0,0.0,0.0,FORCE_BUY,1420324.2190040955,164.98,1.5999999999999996,-0.5
2013-08-20,0.33828130090832603,0.175,0.195,FORCE_SELL,0.005280407865986933,0.005765962612284706,0.0,0.0,FREE,1428513.7553481958,165.63,1.0499999999999996,-0.5
2013-08-21,0.3572008659615474,0.175,0.195,FORCE_SELL,-0.006548629638612499,-0.003844297676465112,0.0,0.0,FORCE_SELL,1428513.7553481958,163.84,0.9499999999999997,-0.5
2013-08-22,0.3108082524592311,0.175,0.195,FORCE_SELL,0.0,0.0,0.0,0.0,FORCE_BUY,1428513.7553481958,166.2,1.0499999999999996,2.0999999999999996
2013-08-23,0.2980362763118681,0.175,0.195,FORCE_SELL,0.005367265709805877,0.0022313351827283395,0.0,0.0,FORCE_BUY,1436180.968243262,166.71,0.7499999999999998,2.0999999999999996
2013-08-26,0.31748899785422946,0.18,0.22,FORCE_SELL,0.0,0.0,0.0,0.0,FORCE_BUY,1436180.968243262,165.8,0.7999999999999998,2.2999999999999994
2013-08-27,0.3497208405159456,0.18,0.22,FORCE_SELL,-0.007288798108195157,-0.007288798108195157,0.0,0.0,FORCE_SELL,1436180.968243262,163.3,0.7999999999999998,2.2999999999999994
2013-08-28,0.30525149965448684,0.18,0.22,FORCE_SELL,0.0022664624808576305,0.0006764369744507805,0.0,0.0,FORCE_BUY,1439436.0185235073,163.62,1.1499999999999997,-0.5
2013-08-29,0.3171045199201091,0.18,0.22,FORCE_SELL,0.0,0.0,0.0,0.0,FORCE_BUY,1439436.0185235073,164.47,1.3499999999999996,-0.5
2013-08-30,0.3039120264713443,0.18,0.22,FORCE_SELL,-0.0018919743667988671,-0.000703024672244819,0.0,0.0,FORCE_SELL,1439436.0185235073,163.54,1.0499999999999996,1.1999999999999997
2013-09-03,0.3090903648552596,0.18,0.22,FORCE_SELL,-0.003214459000485314,-0.003908389245747903,0.0,0.0,FORCE_SELL,1439436.0185235073,164.35,0.9999999999999996,1.2499999999999996
2013-09-04,0.15977396808190988,0.18,0.22,FORCE_BUY,0.0,0.0,0.0,0.0,FORCE_BUY,1439436.0185235073,166.04,0.9999999999999996,1.2499999999999996
2013-09-05,0.14790919199424685,0.18,0.22,FORCE_BUY,0.0009045407947898397,0.0011459407443331498,0.0,0.0009045407947898397,FREE,1441085.526905994,165.98,0.8999999999999997,-0.5
2013-09-06,0.16369176362259055,0.18,0.22,FORCE_BUY,-0.00024113817217260027,0.0034965034965035026,0.0034965034965035026,-0.00024113817217260027,FREE,1446124.2874895814,165.84,1.0999999999999996,-0.5
2013-09-09,0.1433956708217228,0.175,0.195,FORCE_BUY,0.009870598856454966,0.0038533162140620423,0.0015648510382185214,0.009870598856454966,FORCE_BUY,1460398.4002279676,167.79,1.0999999999999996,-0.5
2013-09-10,0.13342647699975227,0.175,0.195,FORCE_BUY,0.00380816375104122,0.0010115434963703118,0.0010115434963703118,0.00380816375104122,FORCE_BUY,1465959.8364777945,168.7,1.0999999999999996,-0.5
2013-09-11,0.15258086514159455,0.175,0.195,FORCE_BUY,0.004803130929791165,0.0012452561669828363,0.0012452561669828363,0.004803130929791165,FORCE_BUY,1473001.0335102126,169.45,1.0999999999999996,-0.5
2013-09-12,0.1521968555324848,0.175,0.195,FORCE_BUY,-0.0012400354295838125,0.00017708515574200263,-0.00017714791851191733,-0.0012400354295838125,FREE,1473261.88012764,169.14,1.0999999999999996,-0.5
2013-09-13,0.1759772265452704,0.175,0.195,FREE,0.0029580547831745017,0.0029580547831745017,0.0029580547831745017,0.0029580547831745017,FORCE_BUY,1477619.8694790201,169.53,0.7499999999999998,1.7999999999999994
2013-09-16,0.15971162168666234,0.175,0.195,FORCE_BUY,-0.004795321637426782,0.003106708981442593,0.0014619883040936233,-0.004795321637426782,FREE,1482210.4043986886,170.18,0.9499999999999997,1.7499999999999996
2013-09-17,0.17265430985906483,0.175,0.195,FORCE_BUY,0.0060552616108171566,0.004850088183421683,0.004850088183421683,0.0060552616108171566,FORCE_BUY,1491185.5761595978,171.13,1.3499999999999996,0.8499999999999996
2013-09-18,0.19318710546780563,0.16,0.195,FREE,0.011980597276605687,0.001106000760721004,0.0007013032552159776,0.001106000760721004,FORCE_BUY,1509050.870012249,173.16,1.0999999999999996,0.5999999999999996
2013-09-19,0.15808863130982778,0.16,0.195,FORCE_BUY,-0.0036896114377954797,-0.0033434911254103883,0.00046120142972426605,-0.0036896114377954797,FORCE_SELL,1509746.8464310253,172.82,-0.5,1.1499999999999997
2013-09-20,0.19896671117205458,0.16,0.195,FORCE_SELL,-0.008598652103183842,-0.008598652103183842,-0.008598652103183842,-0.008598652103183842,FORCE_BUY,1496765.058534686,170.64,0.8999999999999997,1.7999999999999994
2013-09-23,0.1961275879723258,0.16,0.195,FORCE_SELL,-0.007834424695977567,-0.003098690364826853,-0.003098690364826853,-0.003098690364826853,FREE,1492127.047069395,169.7,1.6999999999999993,-0.5
2013-09-24,0.1941626383723539,0.17,0.195,FREE,0.0,0.0,0.0,0.0,FORCE_BUY,1492127.047069395,169.55,1.8999999999999995,-0.5
2013-09-25,0.2709821517485966,0.17,0.195,FORCE_SELL,-8.864986259292704e-05,0.00015956975266671875,0.0,0.0,FREE,1492365.145413243,169.19,1.8999999999999995,-0.5
2013-09-26,0.29904193376362725,0.17,0.195,FORCE_SELL,0.0002354326074161257,0.0012401597614177307,0.0,0.0,FREE,1494215.916615927,169.94,-0.5,0.8499999999999996
2013-09-27,0.25534587815966564,0.17,0.195,FORCE_SELL,-0.0021844373597827912,-0.0021844373597827912,0.0,0.0,FORCE_SELL,1494215.916615927,169.01,1.5499999999999994,0.8499999999999996
2013-09-30,0.27668808066552925,0.18,0.22,FORCE_SELL,0.003938887562664094,0.0052843695872739505,0.0,0.0,FREE,1502111.9057625127,168.22,1.6999999999999993,0.6999999999999997
2013-10-01,0.29962189253754606,0.18,0.22,FORCE_SELL,0.0034950536105681717,0.0034950536105681717,0.0,0.0,FORCE_BUY,1507361.8674022255,169.4,0.7499999999999998,1.2999999999999996
2013-10-02,0.2866253991262918,0.18,0.22,FORCE_SELL,0.0019055558863812438,0.005061632823200068,0.0,0.0,FREE,1514991.5797067087,168.25,0.7499999999999998,0.9999999999999996
2013-10-03,0.2696077216302104,0.18,0.22,FORCE_SELL,-0.0030956066198355742,-0.0010126471685606678,0.0,0.0,FORCE_SELL,1514991.5797067087,167.46,0.6499999999999997,-0.5
2013-10-04,0.2795631770890798,0.18,0.22,FORCE_SELL,0.005718370264474754,0.0037257234530871514,0.0,0.0,FORCE_BUY,1523654.8625070332,168.84,0.3999999999999998,-0.5
2013-10-07,0.27290381682574855,0.18,0.22,FORCE_SELL,0.0007177892092356522,0.006700891979161582,0.0,0.0,FREE,1533864.709154217,167.3,1.1999999999999997,1.1999999999999997
2013-10-08,0.2921148621069809,0.17,0.195,FORCE_SELL,-0.007179180376907039,-0.007179180376907039,0.0,0.0,FORCE_SELL,1533864.709154217,165.95,0.8499999999999996,1.1999999999999997
2013-10-09,0.27669379791427845,0.17,0.195,FORCE_SELL,0.0021467662443684825,0.0021467662443684825,0.0,0.0,FORCE_BUY,1537157.5581352573,165.72,1.5999999999999996,1.2999999999999996
2013-10-10,0.2782291353442707,0.17,0.195,FORCE_SELL,0.0,0.0,0.0,0.0,FORCE_BUY,1537157.5581352573,168.75,1.8999999999999995,-0.5
2013-10-11,0.26928667312179666,0.17,0.195,FORCE_SELL,0.009956735613109597,0.010312743221315798,0.0,0.0,FREE,1553009.869323011,170.41,-0.5,1.7999999999999994
2013-10-14,0.2816693091065517,0.17,0.195,FORCE_SELL,0.0118724158298877,0.0118724158298877,0.0,0.0,FORCE_BUY,1571447.8482795334,171.31,0.44999999999999973,1.4999999999999996
2013-10-15,0.15386406253982557,0.17,0.195,FORCE_BUY,0.0009959575839241102,0.0009959575839241102,0.0,0.0009959575839241102,FORCE_BUY,1573012.9436817686,170.86,1.6999999999999993,1.7999999999999994
2013-10-16,0.16021965485811604,0.17,0.195,FORCE_BUY,0.008802816901408538,0.005457746478873305,0.005457746478873305,0.008802816901408538,FORCE_BUY,1586859.8886085448,171.9,1.1999999999999997,1.6499999999999995
2013-10-17,0.16850510553446152,0.17,0.195,FORCE_BUY,0.010770215986493418,0.002794434418117113,0.002794434418117113,0.010770215986493418,FORCE_BUY,1603950.712349162,173.62,1.3999999999999995,1.6499999999999995
2013-10-18,0.1569461208115933,0.17,0.195,FORCE_BUY,0.004784688995215524,0.004784688995215524,0.004784688995215524,0.004784688995215524,FORCE_BUY,1611625.117671407,174.3,-0.5,2.2499999999999996
2013-10-21,0.16386261025668028,0.17,0.195,FORCE_BUY,0.0004590577838984296,0.003284710379089392,0.00241579158776613,0.0004590577838984296,FREE,1616918.8394226234,174.35,-0.5,2.2499999999999996
2013-10-22,0.16550547748836583,0.17,0.195,FORCE_BUY,0.006025133413668331,0.008149244914256396,0.00768921788030062,0.006025133413668331,FREE,1630095.5070515536,175.32,-0.5,2.2499999999999996
2013-10-23,0.19084749269917445,0.17,0.195,FREE,0.001203093669435669,0.001203093669435669,0.001203093669435669,0.001203093669435669,FORCE_BUY,1632056.6646366627,174.76,-0.5,1.9499999999999993
2013-10-24,0.18730729895987852,0.17,0.195,FREE,0.0013702540679416013,0.004753842922532172,0.00028546959748769804,0.004753842922532172,FREE,1639815.2056610172,175.39,1.8999999999999995,1.1999999999999997
2013-10-25,0.16159673346833858,0.17,0.195,FORCE_BUY,0.005662319835278118,0.005147563486616332,0.005147563486616332,0.005662319835278118,FORCE_BUY,1649100.3638262223,175.83,1.8499999999999996,1.2999999999999996
2013-10-28,0.1662367851751975,0.17,0.195,FORCE_BUY,0.0015350503155381959,0.002245499944057052,0.002558417192563723,0.0015350503155381959,FORCE_SELL,1653319.4505492982,176.16,-0.5,1.0499999999999996
2013-10-29,0.16161117575939687,0.17,0.195,FORCE_BUY,0.005048786022237415,0.0014181983208532087,0.0014181983208532087,0.005048786022237415,FORCE_BUY,1661666.7066815249,177.17,1.3499999999999996,-0.5
2013-10-30,0.1808493073203251,0.17,0.195,FREE,-0.00710980701952379,-0.00710980701952379,-0.00710980701952379,-0.00710980701952379,FORCE_BUY,1649852.5770662515,175.96,1.6499999999999995,1.3999999999999995
2013-10-31,0.19550546866939908,0.17,0.195,FORCE_SELL,0.00017057084375709437,0.003694225884699746,0.003183989083466015,0.003183989083466015,FREE,1655947.505162388,175.91,0.8499999999999996,0.9499999999999997
2013-11-01,0.19314940627769314,0.17,0.195,FREE,0.0,0.0,0.0,0.0,FORCE_BUY,1655947.505162388,176.0,1.2499999999999996,0.8499999999999996
2013-11-04,0.18519076558718747,0.17,0.195,FREE,0.0,0.0,0.0,0.0,FORCE_BUY,1655947.505162388,176.81,1.2999999999999996,-0.5
2013-11-05,0.19370765219424677,0.17,0.195,FREE,0.0009648127128263908,0.00028376844494894964,0.0,0.00028376844494894964,FORCE_BUY,1657545.184367142,176.37,1.2999999999999996,-0.5
2013-11-06,0.1920565154890023,0.17,0.195,FREE,0.0,0.0,0.0,0.0,FORCE_BUY,1657545.184367142,176.82,1.2999999999999996,-0.5
2013-11-07,0.20899267533468444,0.17,0.195,FORCE_SELL,0.0,0.0,0.0,0.0,FORCE_BUY,1657545.184367142,175.25,1.2999999999999996,0.7499999999999998
2013-11-08,0.22677817913255224,0.18,0.34,FREE,0.0,0.0,0.0,0.0,FORCE_BUY,1657545.184367142,177.19,1.3499999999999996,-0.5
2013-11-11,0.18928327621895813,0.18,0.34,FREE,0.0,0.0,0.0,0.0,FORCE_BUY,1657545.184367142,177.36,1.1499999999999997,0.9999999999999996
2013-11-12,0.19884942931422897,0.18,0.34,FREE,0.003570011900039775,0.0027200090666968904,0.0,0.0027200090666968904,FORCE_BUY,1663462.6404001862,177.1,1.1499999999999997,0.9999999999999996
2013-11-13,0.23382383034784182,0.18,0.34,FREE,0.011999094407969155,0.004225935555356032,0.0,0.004225935555356032,FORCE_BUY,1683422.6856664775,178.8,0.3999999999999998,1.1499999999999997
2013-11-14,0.1779195206936662,0.18,0.34,FORCE_BUY,0.0,0.0,0.0,0.0,FORCE_BUY,1683422.6856664775,179.25,0.9999999999999996,1.5999999999999996
2013-11-15,0.16895930626455394,0.18,0.34,FORCE_BUY,0.0016703786191537163,0.0020044543429844222,0.0,0.0016703786191537163,FREE,1686797.0295798404,179.9,0.7499999999999998,1.6499999999999995
2013-11-18,0.18592923177747012,0.18,0.34,FREE,-0.001446453407510367,2.6197116439831335e-05,0.0012795549374129303,2.6197116439831335e-05,FORCE_SELL,1688955.3790474527,179.49,0.3999999999999998,1.4499999999999995
2013-11-19,0.21043685423236377,0.18,0.34,FREE,-0.0015065282892536046,-0.0015065282892536046,-0.0015065282892536046,-0.0015065282892536046,FORCE_BUY,1686410.9199896308,178.95,0.3999999999999998,1.4499999999999995
2013-11-20,0.22908604185368212,0.18,0.34,FREE,-0.003294249022892234,-0.0007816862088218446,-0.0007816862088218446,-0.0007816862088218446,FREE,1685092.6758310685,178.51,1.9499999999999993,1.0499999999999996
2013-11-21,0.20670846125169265,0.18,0.34,FREE,0.0,0.0,0.0,0.0,FORCE_BUY,1685092.6758310685,180.0,1.6999999999999993,1.0499999999999996
2013-11-22,0.17940391686568788,0.18,0.34,FORCE_BUY,0.004114768683274052,0.0018905693950178027,0.0,0.004114768683274052,FORCE_BUY,1692026.4424019929,180.58,1.6999999999999993,1.0499999999999996
2013-11-25,0.17574389310691182,0.18,0.34,FORCE_BUY,-0.0007736088854505319,0.0019926454501746644,0.000773608885450719,-0.0007736088854505319,FREE,1695398.0511940203,180.83,1.6999999999999993,1.0499999999999996
2013-11-26,0.1770419585139844,0.18,0.34,FORCE_BUY,-0.000718748272239695,-0.000718748272239695,-0.000718748272239695,-0.000718748272239695,FORCE_BUY,1694179.486773966,180.74,1.6999999999999993,1.0499999999999996
2013-11-27,0.16636838245548866,0.18,0.34,FORCE_BUY,0.001992031872510036,0.00166002656042503,0.0015493581230632987,0.001992031872510036,FORCE_BUY,1697554.3463093725,181.08,0.7499999999999998,-0.5
2013-11-29,0.1849705747947489,0.18,0.34,FREE,-0.0013793103448275763,-0.0007192138438049867,-0.0017103448275862098,-0.0007192138438049867,FREE,1696333.4417228955,181.0,0.8999999999999997,-0.5
2013-12-02,0.21513039353020222,0.18,0.34,FREE,-0.0013267731770688804,-0.0001659751606144277,-5.528221571122675e-05,-0.0001659751606144277,FORCE_SELL,1696239.6646516519,180.65,0.9999999999999996,0.7499999999999998
2013-12-03,0.22127651952030147,0.18,0.34,FREE,-0.004649618067087275,-0.004649618067087275,-0.004649618067087275,-0.004649618067087275,FORCE_BUY,1688352.7980607774,179.82,0.9999999999999996,0.7499999999999998
2013-12-04,0.24473855641386102,0.18,0.34,FREE,-0.0012778487693762045,0.00044446913717430747,0.00044446913717430747,0.00044446913717430747,FREE,1689103.2187721774,179.76,2.3999999999999995,-0.5
2013-12-05,0.21564490336752518,0.18,0.34,FREE,0.0,0.0,0.0,0.0,FORCE_BUY,1689103.2187721774,179.15,1.5999999999999996,0.4999999999999998
2013-12-06,0.20336325123836282,0.18,0.34,FREE,0.0,0.0,0.0,0.0,FORCE_BUY,1689103.2187721774,181.17,1.5499999999999994,0.6999999999999997
2013-12-09,0.2009984325835552,0.18,0.34,FREE,0.0,0.0,0.0,0.0,FORCE_BUY,1689103.2187721774,181.55,1.5499999999999994,0.6999999999999997
2013-12-10,0.20619982170563547,0.18,0.34,FREE,0.0,0.0,0.0,0.0,FORCE_BUY,1689103.2187721774,181.29,1.5499999999999994,0.6999999999999997
2013-12-11,0.23664976138984814,0.18,0.34,FREE,-0.008377253814147069,-0.006389369926036617,0.0,-0.006389369926036617,FORCE_SELL,1689103.2187721774,178.74,0.8499999999999996,0.8499999999999996
2013-12-12,0.2686984348979673,0.18,0.34,FREE,-0.004250559284116422,-0.004250559284116422,-0.004250559284116422,-0.004250559284116422,FORCE_BUY,1681923.5854037944,178.04,1.4999999999999996,-0.5
2013-12-13,0.2909836950672737,0.18,0.34,FREE,-0.0038620844061345934,0.0009515280420912852,0.0009515280420912852,0.0009515280420912852,FREE,1683523.982859961,177.97,1.6499999999999995,-0.5
2013-12-16,0.2936864431693648,0.18,0.34,FREE,0.0,0.0,0.0,0.0,FORCE_BUY,1683523.982859961,179.01,1.4999999999999996,-0.5
2013-12-17,0.2999302108512867,0.18,0.34,FREE,0.001260398285858457,0.001260398285858457,0.0,0.001260398285858457,FORCE_BUY,1685645.8936021593,178.74,1.4999999999999996,-0.5
2013-12-18,0.3428738625789087,0.18,0.34,FORCE_SELL,0.01572379833249396,-0.0015108275977840815,-0.0015108275977840815,-0.0015108275977840815,FORCE_BUY,1712150.6496931564,181.52,0.7499999999999998,1.5499999999999994
2013-12-19,0.2700442328255968,0.18,0.34,FREE,0.0,0.0,0.0,0.0,FORCE_BUY,1712150.6496931564,181.56,1.6499999999999995,2.3999999999999995
2013-12-20,0.27626183359961964,0.18,0.34,FREE,0.0025352733686067547,0.0026455026455027416,0.0,0.0026455026455027416,FREE,1716680.148766419,181.9,1.6499999999999995,2.3999999999999995
2013-12-23,0.2637689150979588,0.18,0.34,FREE,0.0,0.0,0.0,0.0,FORCE_BUY,1716680.148766419,182.31,1.6499999999999995,2.3999999999999995
2013-12-24,0.2618703001495877,0.18,0.34,FREE,0.0,0.0,0.0,0.0,FORCE_BUY,1716680.148766419,183.35,1.6499999999999995,2.3999999999999995
2013-12-26,0.16008931853087238,0.18,0.34,FORCE_BUY,0.0,0.0,0.0,0.0,FORCE_BUY,1716680.148766419,183.66,1.6499999999999995,2.3999999999999995
2013-12-27,0.1655899203443307,0.18,0.34,FORCE_BUY,0.0,0.0,0.0,0.0,FORCE_BUY,1716680.148766419,183.85,1.6499999999999995,2.3999999999999995
2013-12-30,0.1831143194857959,0.18,0.34,FREE,0.0,0.0,0.0,0.0,FORCE_BUY,1716680.148766419,183.75,1.6499999999999995,2.3999999999999995
2013-12-31,0.1656305465499698,0.18,0.34,FORCE_BUY,0.004343576935606435,0.004343576935606435,0.0,0.004343576935606435,FORCE_BUY,1724136.681066414,184.98,0.04999999999999982,1.0499999999999996
2014-01-02,0.21599405754034898,0.18,0.34,FREE,-0.009467647695304013,-0.009900454447089526,-0.009900454447089526,-0.009900454447089526,FORCE_BUY,1707813.1623915264,183.09,0.8999999999999997,1.5999999999999996
2014-01-03,0.2030388743791146,0.18,0.34,FREE,-0.0018579234972678123,-1.5418243855454564e-05,0.0,-1.5418243855454564e-05,FORCE_SELL,1707813.1623915264,182.66,-0.5,0.8499999999999996
2014-01-06,0.2114132005448941,0.18,0.34,FREE,-0.0013961892247042686,-0.0013961892247042686,-0.0013961892247042686,-0.0013961892247042686,FORCE_BUY,1705428.7320563872,182.385,2.0499999999999994,1.3499999999999996
2014-01-07,0.19043015593275858,0.18,0.34,FREE,0.0025159984685225486,-5.4695618881114505e-05,-5.4695618881114505e-05,-5.4695618881114505e-05,FORCE_BUY,1709719.5881344154,183.29,1.0999999999999996,0.7999999999999998
2014-01-08,0.1957955714490033,0.18,0.34,FREE,0.0004906503843428949,0.0018540673450532675,0.0,0.0018540673450532675,FREE,1712889.5233919735,183.52,1.0499999999999996,0.8499999999999996
2014-01-09,0.20360558589970493,0.18,0.34,FREE,-0.00038093164997817836,-0.0008707009142358362,0.0,-0.0008707009142358362,FORCE_SELL,1712889.5233919735,183.69,0.5999999999999996,1.2499999999999996
2014-01-10,0.20185262913762828,0.18,0.34,FREE,0.0,0.0,0.0,0.0,FORCE_BUY,1712889.5233919735,184.19,1.0499999999999996,0.9499999999999997
2014-01-13,0.24410273744612643,0.18,0.34,FREE,-0.007582369626881988,-0.007582369626881988,0.0,-0.007582369626881988,FORCE_SELL,1712889.5233919735,181.93,0.6499999999999997,1.4499999999999995
2014-01-14,0.21389830416210145,0.18,0.34,FREE,0.008677504393672947,0.008677504393672947,0.008677504393672947,0.008677504393672947,FORCE_BUY,1727753.1297570835,183.66,2.3999999999999995,-0.5
2014-01-15,0.17529836080600777,0.18,0.34,FORCE_BUY,0.004186375251454128,0.0008698961561462267,0.0008698961561462267,0.004186375251454128,FORCE_BUY,1734986.152700121,184.7,2.3999999999999995,-0.5
2014-01-16,0.19384808110357313,0.18,0.34,FREE,-0.0016267216137076154,-0.0016267216137076154,-0.0016267216137076154,-0.0016267216137076154,FORCE_BUY,1732163.8132260405,184.12,-0.5,1.3499999999999996
2014-01-17,0.21476954028668138,0.18,0.34,FREE,-0.0028242450575712346,-0.0023897458179448763,-0.0023897458179448763,-0.0023897458179448763,FREE,1728024.381997388,183.6,1.9999999999999996,1.3499999999999996
2014-01-21,0.21414404791600006,0.18,0.34,FREE,0.004911591355599015,0.002592228771010607,0.0,0.002592228771010607,FORCE_BUY,1736511.731614271,184.14,1.9999999999999996,1.3499999999999996
2014-01-22,0.19175806132754883,0.18,0.34,FREE,0.0,0.0,0.0,0.0,FORCE_BUY,1736511.731614271,184.55,1.9999999999999996,1.3499999999999996
2014-01-23,0.21399019990549498,0.18,0.34,FREE,-0.0013654486864383432,-0.0013654486864383432,0.0,-0.0013654486864383432,FORCE_SELL,1736511.731614271,182.84,1.9999999999999996,1.3499999999999996
2014-01-24,0.22919374494404268,0.18,0.34,FREE,-0.02313751230718746,-0.02313751230718746,-0.02313751230718746,-0.02313751230718746,FORCE_BUY,1696333.1700524704,178.59,1.9499999999999993,-0.5
2014-01-27,0.212631343798059,0.18,0.34,FREE,-0.005640882435074095,-0.005640882435074095,-0.005640882435074095,-0.005640882435074095,FORCE_BUY,1686764.354069488,178.04,2.499999999999999,-0.5
2014-01-28,0.1976027290541241,0.18,0.34,FREE,0.008790593505039147,0.0013437849944008913,0.0013437849944008913,0.0013437849944008913,FORCE_BUY,1701592.0138449029,180.17,2.499999999999999,-0.5
2014-01-29,0.20090103999372833,0.18,0.34,FREE,-0.0024113952445043983,-0.0024113952445043983,0.0,-0.0024113952445043983,FORCE_SELL,1701592.0138449029,177.89,1.4999999999999996,2.2999999999999994
2014-01-30,0.1861284884372049,0.18,0.34,FREE,0.006754094669893694,0.006754094669893694,0.006754094669893694,0.006754094669893694,FORCE_BUY,1713084.7273959464,178.87,1.8499999999999996,2.2999999999999994
2014-01-31,0.18898430784287923,0.18,0.34,FREE,-0.0010096477451201334,0.003758133273502236,0.003758133273502236,0.003758133273502236,FREE,1719522.7281103015,178.1,1.8499999999999996,-0.5
2014-02-03,0.20532600836449064,0.18,0.34,FREE,-0.02142216240466576,-0.02142216240466576,-0.02142216240466576,-0.02142216240466576,FORCE_BUY,1682686.8329702087,174.5,2.499999999999999,2.349999999999999
2014-02-04,0.19065329682535237,0.18,0.34,FREE,0.00206185567010317,0.00206185567010317,0.00206185567010317,0.00206185567010317,FORCE_BUY,1686156.2903577762,174.96,2.499999999999999,2.349999999999999
2014-02-05,0.18968713647464133,0.18,0.34,FREE,0.002746623941405524,0.002746623941405524,0.002746623941405524,0.002746623941405524,FORCE_BUY,1690787.5275938245,175.24,2.499999999999999,2.349999999999999
2014-02-06,0.19388875972942643,0.18,0.34,FREE,0.011297500855871504,0.0033093689375785352,0.0033093689375785352,0.0033093689375785352,FORCE_BUY,1709889.2011339127,177.24,2.499999999999999,2.349999999999999
2014-02-07,0.18643228888253016,0.18,0.34,FREE,0.0,0.0,0.0,0.0,FORCE_BUY,1709889.2011339127,179.89,1.0499999999999996,2.3999999999999995
2014-02-10,0.17081749891524378,0.18,0.34,FORCE_BUY,0.00490907062367505,0.005663967849433668,0.0,0.00490907062367505,FREE,1719573.958595229,180.14,-0.5,2.1999999999999993
2014-02-11,0.17650056682310897,0.18,0.34,FORCE_BUY,0.006146179401993535,-0.0003807721741162119,0.0006644518272426488,0.006146179401993535,FORCE_BUY,1730142.7686397515,181.71,0.7999999999999998,2.0999999999999996
2014-02-12,0.1684350353830305,0.18,0.34,FORCE_BUY,-0.000933245498462872,0.002419249382998777,0.00016469038208171712,-0.000933245498462872,FREE,1734328.4154652832,181.99,-0.5,2.499999999999999
2014-02-13,0.18242547949743182,0.18,0.34,FREE,0.007488986784141018,0.0079456298348479,-0.00027533039647562995,0.0079456298348479,FREE,1748108.7470666287,182.96,0.34999999999999987,-0.5
2014-02-14,0.1755993220634715,0.18,0.34,FORCE_BUY,0.0077217962760131416,0.007186070820293608,0.0030668127053670702,0.0077217962760131416,FORCE_BUY,1761607.2866797938,184.01,0.5499999999999998,-0.5
2014-02-18,0.17129726653323107,0.18,0.34,FORCE_BUY,-0.0003802694480663135,-0.001519839196809125,-0.00043459365493271303,-0.0003802694480663135,FORCE_BUY,1760937.4012491785,184.01,0.4999999999999998,-0.5
2014-02-19,0.18713494880504067,0.18,0.34,FREE,-0.0038043478260870447,-0.0038043478260870447,-0.0038043478260870447,-0.0038043478260870447,FORCE_BUY,1754238.1828748607,183.3,0.4999999999999998,-0.5
2014-02-20,0.19846586402474672,0.18,0.34,FREE,0.009250136836343613,0.002607645650315633,-0.00021893814997267058,0.002607645650315633,FORCE_BUY,1770465.126109992,184.39,1.9499999999999993,-0.5
2014-02-21,0.18939204820306757,0.18,0.34,FREE,0.0,0.0,0.0,0.0,FORCE_BUY,1770465.126109992,183.87,2.0999999999999996,2.1499999999999995
2014-02-24,0.188394038372754,0.18,0.34,FREE,0.005705901532442178,0.004782248339730212,0.0,0.004782248339730212,FORCE_BUY,1780567.2257861982,185.07,-0.5,2.2999999999999994
2014-02-25,0.20127492257244586,0.18,0.34,FREE,0.002814157376339398,0.002814157376339398,0.002814157376339398,0.002814157376339398,FORCE_BUY,1785578.0221787125,185.3,-0.5,2.2999999999999994
2014-02-26,0.19520744787081637,0.18,0.34,FREE,-0.003826049469202883,-0.003826049469202883,-0.003826049469202883,-0.003826049469202883,FORCE_BUY,1778746.3123347354,184.86,-0.5,2.2999999999999994
2014-02-27,0.19868006715228048,0.18,0.34,FREE,0.003997839005942797,0.003997839005942797,0.003997839005942797,0.003997839005942797,FORCE_BUY,1785857.453723864,185.84,-0.5,2.2999999999999994
2014-02-28,0.19045096534068282,0.18,0.34,FREE,0.0029071332436069576,0.0013752977719250976,0.0031224764468370885,0.0013752977719250976,FORCE_SELL,1791433.7515605253,186.29,-0.5,2.2999999999999994
2014-03-03,0.20941029036278236,0.18,0.34,FREE,0.001189896695332465,-0.0002163448536968461,0.0,-0.0002163448536968461,FORCE_BUY,1793565.3726614143,185.11,-0.5,1.9999999999999996
2014-03-04,0.1823357715053937,0.18,0.34,FREE,0.0,0.0,0.0,0.0,FORCE_BUY,1793565.3726614143,187.5,2.0499999999999994,1.9999999999999996
2014-03-05,0.18036174147133222,0.18,0.34,FREE,0.0,0.0,0.0,0.0,FORCE_BUY,1793565.3726614143,187.77,2.0499999999999994,1.8499999999999996
2014-03-06,0.18063510492543347,0.18,0.34,FREE,0.0,0.0,0.0,0.0,FORCE_BUY,1793565.3726614143,188.24,2.0499999999999994,1.8499999999999996
2014-03-07,0.1869391569690074,0.18,0.34,FREE,-0.00010625298836521337,0.0009036561394826452,0.0,0.0009036561394826452,FREE,1795186.1390219831,188.21,0.8499999999999996,0.7499999999999998
2014-03-10,0.20371717480121532,0.18,0.34,FREE,0.0024516335340830798,0.002823801608544499,0.0,0.002823801608544499,FREE,1800255.38852899,188.09,1.3499999999999996,1.2499999999999996
2014-03-11,0.21199526816181735,0.18,0.34,FREE,-0.0018696581196581752,-0.0018696581196581752,0.0,-0.0018696581196581752,FORCE_SELL,1800255.38852899,186.85,1.9499999999999993,1.3999999999999995
2014-03-12,0.20903846165955278,0.18,0.34,FREE,0.0028349826156727027,0.005094377240571445,0.00042792190425270716,0.005094377240571445,FREE,1809426.5686075282,187.48,1.4499999999999995,-0.5
2014-03-13,0.22868316097548144,0.18,0.34,FREE,0.0,0.0,0.0,0.0,FORCE_BUY,1809426.5686075282,185.3,1.8999999999999995,1.0999999999999996
2014-03-14,0.21699723321085526,0.18,0.34,FREE,-0.002107424619042613,-0.002107424619042613,0.0,-0.002107424619042613,FORCE_SELL,1809426.5686075282,184.67,1.8999999999999995,1.8499999999999996
2014-03-17,0.20934936130174783,0.18,0.34,FREE,0.011067708333333594,0.010887723345737564,0.0032009548611112667,0.010887723345737564,FORCE_BUY,1829452.7741194612,186.36,1.9499999999999993,0.9999999999999996
2014-03-18,0.2068777458678587,0.18,0.34,FREE,0.008002148227712225,0.008002148227712225,0.0,0.008002148227712225,FORCE_BUY,1844092.3263935642,187.69,-0.5,2.499999999999999
2014-03-19,0.21791248136883104,0.18,0.34,FREE,-0.00617842876165101,-0.006071806985957627,-0.006977363515312855,-0.006071806985957627,FREE,1832895.3537234168,186.59,-0.5,2.0499999999999994
2014-03-20,0.21157493080264733,0.18,0.34,FREE,0.007242489270386324,-0.0003755364806865854,-0.0003755364806865854,-0.0003755364806865854,FORCE_BUY,1846170.0786564997,187.75,1.3999999999999995,1.3999999999999995
2014-03-21,0.20296958608121196,0.18,0.34,FREE,-0.007941584052872906,-0.007941584052872906,0.0,-0.007941584052872906,FORCE_SELL,1846170.0786564997,186.13,1.3499999999999996,1.7499999999999996
2014-03-24,0.22451916473064662,0.215,0.34,FREE,-0.004719257789456894,-0.00643535153107731,-0.00643535153107731,-0.00643535153107731,FORCE_BUY,1837457.5261321377,185.59,1.6999999999999993,2.1999999999999993
2014-03-25,0.2174478808092654,0.215,0.34,FREE,0.0,0.0,0.0,0.0,FORCE_BUY,1837457.5261321377,186.68,1.6999999999999993,2.1999999999999993
2014-03-26,0.2250527784983606,0.215,0.34,FREE,-0.0025880196258154173,-0.0025880196258154173,0.0,-0.0025880196258154173,FORCE_SELL,1837457.5261321377,184.99,1.6999999999999993,2.1999999999999993
2014-03-27,0.2178236813403476,0.215,0.34,FREE,-0.0018364480933347415,0.00010802635843147756,0.00010802635843147756,0.00010802635843147756,FREE,1837656.0199774583,184.8,1.8999999999999995,-0.5
2014-03-28,0.21759459060302486,0.215,0.34,FREE,0.0038910505836575716,0.0023778642455684323,0.0,0.0023778642455684323,FORCE_BUY,1844806.4325065534,185.76,2.0999999999999996,-0.5
2014-03-31,0.21179651354273096,0.215,0.34,FORCE_BUY,0.0,0.0,0.0,0.0,FORCE_BUY,1844806.4325065534,186.92,1.8999999999999995,1.6999999999999993
2014-04-01,0.20839531503837502,0.215,0.34,FORCE_BUY,0.0,0.0,0.0,0.0,FORCE_BUY,1844806.4325065534,188.29,1.8999999999999995,1.6999999999999993
2014-04-02,0.18916250543176094,0.215,0.34,FORCE_BUY,0.0,0.0,0.0,0.0,FORCE_BUY,1844806.4325065534,188.68,1.8999999999999995,1.6999999999999993
2014-04-03,0.19097846530467158,0.215,0.34,FORCE_BUY,0.00459873999840502,0.0030835482070230196,0.0,0.00459873999840502,FORCE_BUY,1853290.2176370362,188.96,-0.5,1.6499999999999995
2014-04-04,0.21064565366219992,0.215,0.34,FORCE_BUY,-0.013012430573922313,-0.010862361507086448,0.0005289605924356717,-0.013012430573922313,FORCE_SELL,1854270.5351285127,186.59,-0.5,1.5999999999999996
2014-04-07,0.226487475872178,0.215,0.34,FREE,-0.007527286413248147,-0.003909133613317935,-0.0008602613043711951,-0.003909133613317935,FORCE_SELL,1852675.377939306,184.59,1.2999999999999996,-0.5
2014-04-08,0.21939375237847558,0.215,0.34,FREE,0.002545631804148911,0.0036288793803824254,0.0036288793803824254,0.0036288793803824254,FREE,1859398.5134168523,185.1,2.4499999999999993,-0.5
2014-04-09,0.22013993305157833,0.215,0.34,FREE,0.0,0.0,0.0,0.0,FORCE_BUY,1859398.5134168523,187.2,2.3999999999999995,-0.5
2014-04-10,0.24016524854414265,0.215,0.34,FREE,-0.011480864327352963,-0.0038157897179567314,0.0,-0.0038157897179567314,FORCE_SELL,1859398.5134168523,183.31,1.9999999999999996,1.1499999999999997
2014-04-11,0.22986014937487456,0.215,0.34,FREE,-0.010465496566009074,-0.010465496566009074,-0.010465496566009074,-0.010465496566009074,FORCE_BUY,1839938.984659846,181.54,1.6499999999999995,1.0499999999999996
2014-04-14,0.22074995355388474,0.215,0.34,FREE,0.00870523415977961,0.007823691460054856,0.007823691460054856,0.007823691460054856,FORCE_BUY,1855956.084361017,183.08,2.2499999999999996,-0.5
2014-04-15,0.2263487162484433,0.215,0.34,FREE,0.00741953082378597,0.002673213311511099,0.0,0.002673213311511099,FORCE_BUY,1869726.4077365266,184.66,-0.5,1.7499999999999996
2014-04-16,0.2101943742355706,0.235,0.34,FORCE_BUY,0.0011875843454790776,0.003942821623922907,0.0,0.0011875843454790776,FREE,1877098.4054477701,185.47,-0.5,1.7999999999999994
2014-04-17,0.2064026077201959,0.235,0.34,FORCE_BUY,0.005285868392664593,0.005124334257354046,0.004476806903991301,0.005285868392664593,FORCE_BUY,1887020.5005790477,186.38,1.0999999999999996,1.5499999999999994
2014-04-21,0.19897945711362394,0.235,0.34,FORCE_BUY,0.0026262193161109035,-0.0002143852502949339,-0.0002143852502949339,0.0026262193161109035,FORCE_BUY,1891976.2302675655,187.07,1.3999999999999995,1.9999999999999996
2014-04-22,0.18926431554577947,0.235,0.34,FORCE_BUY,0.005997001499250524,0.0016598843435425253,0.0016598843435425253,0.005997001499250524,FORCE_BUY,1903322.4145570265,187.88,1.3999999999999995,1.9999999999999996
2014-04-23,0.2056902343407835,0.235,0.34,FORCE_BUY,0.002287234042553285,0.0035222538999742444,-0.00015957446808498608,0.002287234042553285,FREE,1910026.3993546083,188.43,-0.5,2.3999999999999995
2014-04-24,0.2105023173025394,0.235,0.34,FORCE_BUY,-0.0038722681943560554,0.0035525484645586272,-0.00010608953957138079,-0.0038722681943560554,FREE,1916811.8607069019,187.79,0.7499999999999998,2.0999999999999996
2014-04-25,0.21216294596247062,0.235,0.34,FORCE_BUY,-0.006125492702673938,0.0002797236570378937,-0.002130606157451821,-0.006125492702673938,FREE,1917348.0383304325,186.59,-0.5,2.1999999999999993
2014-04-28,0.2210298728554574,0.21,0.34,FREE,0.0016047929817054741,0.0002439202724919899,-0.0025944153204235693,0.0002439202724919899,FORCE_BUY,1920424.985005832,187.24,1.6999999999999993,1.8999999999999995
2014-04-29,0.20500482718168847,0.21,0.34,FORCE_BUY,0.0,0.0,0.0,0.0,FORCE_BUY,1920424.985005832,187.51,1.6999999999999993,1.8999999999999995
2014-04-30,0.19069952779571786,0.21,0.34,FORCE_BUY,0.0,0.0,0.0,0.0,FORCE_BUY,1920424.985005832,188.52,1.6499999999999995,2.3999999999999995
2014-05-01,0.1896780005843819,0.21,0.34,FORCE_BUY,0.0,0.0,0.0,0.0,FORCE_BUY,1920424.985005832,188.41,1.6499999999999995,2.3999999999999995
2014-05-02,0.19202843123422145,0.21,0.34,FORCE_BUY,0.0,0.0,0.0,0.0,FORCE_BUY,1920424.985005832,188.01,1.6499999999999995,2.3999999999999995
2014-05-05,0.21389824001058297,0.21,0.34,FREE,0.006306787814003178,0.007188388217471956,0.0,0.007188388217471956,FREE,1934229.7453405866,188.28,1.0999999999999996,-0.5
2014-05-06,0.21662384251556585,0.21,0.34,FREE,-0.008435013262599479,-0.0010821442380855432,0.00037135278514589495,-0.0010821442380855432,FORCE_SELL,1934948.0269436308,186.91,-0.5,-0.5
2014-05-07,0.21989776062714603,0.21,0.34,FREE,0.00454472544511561,0.004041969596331423,-0.0008020103726676811,0.004041969596331423,FORCE_BUY,1943741.8344766577,187.88,0.9999999999999996,-0.5
2014-05-08,0.22424625523775918,0.21,0.34,FREE,0.0,0.0,0.0,0.0,FORCE_BUY,1943741.8344766577,187.53,0.9999999999999996,0.44999999999999973
2014-05-09,0.21401823676093687,0.21,0.34,FREE,0.004218282785134508,0.0013361520441655193,0.0,0.0013361520441655193,FORCE_BUY,1951941.0871957762,188.07,-0.5,0.4999999999999998
2014-05-12,0.20330106900963155,0.21,0.34,FORCE_BUY,0.0,0.0,0.0,0.0,FORCE_BUY,1951941.0871957762,189.96,0.6499999999999997,2.4499999999999993
2014-05-13,0.19547966813972703,0.21,0.34,FORCE_BUY,0.0,0.0,0.0,0.0,FORCE_BUY,1951941.0871957762,189.99,0.6499999999999997,2.4499999999999993
2014-05-14,0.21748165388430832,0.21,0.34,FREE,-0.004371181799030887,-0.002049958035839304,0.0,-0.002049958035839304,FORCE_SELL,1951941.0871957762,189.05,-0.5,-0.5
2014-05-15,0.2332305051819931,0.21,0.34,FREE,-0.009674349756819559,-0.00946216735366327,-0.01036106999365626,-0.00946216735366327,FREE,1933471.4939642383,187.33,0.5999999999999996,-0.5
2014-05-16,0.2229026022925661,0.21,0.34,FREE,0.0,0.0,0.0,0.0,FORCE_BUY,1933471.4939642383,188.14,2.499999999999999,0.6999999999999997
2014-05-19,0.22298644706375229,0.21,0.34,FREE,0.006671648163962397,0.00042698548249349953,0.0,0.00042698548249349953,FORCE_BUY,1946370.9355070184,188.61,1.2999999999999996,0.7999999999999998
2014-05-20,0.22810662529220394,0.21,0.34,FREE,-0.00042691712471306146,-0.00042691712471306146,0.0,-0.00042691712471306146,FORCE_SELL,1946370.9355070184,187.31,1.2999999999999996,1.6499999999999995
2014-05-21,0.21755999357599617,0.21,0.34,FREE,0.007675087943716048,0.00543652062679871,0.00543652062679871,0.00543652062679871,FORCE_BUY,1961309.5036081274,189.06,1.0999999999999996,2.0999999999999996
2014-05-22,0.21168910853716258,0.21,0.34,FREE,0.0,0.0,0.0,0.0,FORCE_BUY,1961309.5036081274,189.63,0.5499999999999998,1.6999999999999993
2014-05-23,0.19331164309714496,0.21,0.34,FORCE_BUY,0.0,0.0,0.0,0.0,FORCE_BUY,1961309.5036081274,190.22,-0.5,2.0999999999999996
2014-05-27,0.19003534856802715,0.21,0.34,FORCE_BUY,0.0,0.0,0.0,0.0,FORCE_BUY,1961309.5036081274,191.53,-0.5,2.0999999999999996
2014-05-28,0.19441671454093598,0.21,0.34,FORCE_BUY,-0.0005794801384487688,-0.0005794801384487688,0.0,-0.0005794801384487688,FORCE_SELL,1961309.5036081274,191.44,-0.5,2.0999999999999996
2014-05-29,0.1918585231196344,0.21,0.34,FORCE_BUY,0.0033915992695018092,0.0033915992695018092,0.0033915992695018092,0.0033915992695018092,FORCE_BUY,1967961.4794878315,192.3,-0.5,2.0999999999999996
2014-05-30,0.18835461436454085,0.21,0.34,FORCE_BUY,0.0031742727793100923,0.0031742727793100923,0.0031742727793100923,0.0031742727793100923,FORCE_BUY,1974208.3260429003,192.78,-0.5,2.0999999999999996
2014-06-02,0.1931728632363111,0.21,0.34,FORCE_BUY,-0.0006222452683432928,-0.0006222452683432928,-0.0006222452683432928,-0.0006222452683432928,FORCE_BUY,1972979.884253296,192.73,-0.5,2.0999999999999996
2014-06-03,0.2043201214568461,0.21,0.34,FORCE_BUY,0.0012981618028871553,0.0012981618028871553,0.0012981618028871553,0.0012981618028871553,FORCE_BUY,1975541.1313768984,192.83,-0.5,2.0999999999999996
2014-06-04,0.19323439953111643,0.21,0.34,FORCE_BUY,0.0020750116719405374,0.0006757567888766671,-0.00108938112776888,0.0020750116719405374,FORCE_BUY,1979640.4022829041,193.17,1.2999999999999996,0.8999999999999997
2014-06-05,0.20801464760747823,0.21,0.34,FORCE_BUY,0.007614213197969425,0.0015019897103037449,0.0009841500051795834,0.007614213197969425,FORCE_BUY,1994713.8063612003,194.53,1.3499999999999996,0.7499999999999998
2014-06-06,0.1872078423431347,0.21,0.34,FORCE_BUY,0.005810963694333034,0.0006685179471356801,0.0006685179471356801,0.005810963694333034,FORCE_BUY,2006305.0158705502,195.59,1.0499999999999996,0.6999999999999997
2014-06-09,0.19821283190483577,0.21,0.34,FORCE_BUY,0.0006652678982652083,0.0006652678982652083,0.0006652678982652083,0.0006652678982652083,FORCE_BUY,2007639.7461917375,195.54,1.5999999999999996,2.3999999999999995
2014-06-10,0.20461798204087864,0.21,0.34,FORCE_BUY,0.0005117707267144491,0.0005117707267144491,0.0005117707267144491,0.0005117707267144491,FORCE_BUY,2008667.1974436266,195.5,1.5999999999999996,2.3999999999999995
2014-06-11,0.20808198080726703,0.21,0.34,FORCE_BUY,-0.0014845149731250256,-0.0009714166890727246,-0.0023035577169182447,-0.0014845149731250256,FREE,2006715.9446052369,195.06,1.0499999999999996,0.5499999999999998
2014-06-12,0.2382972977110791,0.21,0.34,FREE,-0.008303008559274348,-0.005185540677289656,-0.00020501255701930874,-0.005185540677289656,FORCE_SELL,2006304.542638222,193.49,1.2499999999999996,0.5999999999999996
2014-06-13,0.21660101632288165,0.21,0.34,FREE,0.003099173553719075,0.0045914336491331845,0.0015495867768596304,0.0045914336491331845,FREE,2015516.3568257,194.2,1.6999999999999993,0.3999999999999998
2014-06-16,0.21902110166041647,0.21,0.34,FREE,0.00366697655200912,0.002531018234520239,0.0,0.002531018234520239,FORCE_BUY,2022907.208046371,194.33,1.6999999999999993,0.24999999999999978
2014-06-17,0.21775658007364884,0.21,0.34,FREE,0.0,0.0,0.0,0.0,FORCE_BUY,2022907.208046371,194.75,1.6999999999999993,0.24999999999999978
2014-06-18,0.21691372899920966,0.21,0.34,FREE,0.007392197125256563,0.004213405256806714,0.0,0.004213405256806714,FORCE_BUY,2037860.936894352,196.24,-0.5,0.8999999999999997
2014-06-19,0.1919976824679993,0.21,0.34,FORCE_BUY,-0.00025463434508040544,0.00010185373803208892,0.00010185373803208892,-0.00025463434508040544,FREE,2038068.5006483644,196.31,1.2499999999999996,1.2999999999999996
2014-06-20,0.20497522289520287,0.21,0.34,FORCE_BUY,0.002352820827579122,0.003069738140932868,0.0018924863178354445,0.002352820827579122,FREE,2044324.8372586383,195.97,0.5999999999999996,1.0999999999999996
2014-06-23,0.20739057530721908,0.21,0.34,FORCE_BUY,-0.0013779728488314325,0.0011234702879314256,0.0004593242829436885,-0.0013779728488314325,FREE,2046621.5754721789,195.67,1.2999999999999996,0.8999999999999997
2014-06-24,0.24707249775475768,0.21,0.34,FREE,-0.005008176614881454,-0.0059471730148274666,-0.0010220768601800162,-0.0059471730148274666,FORCE_SELL,2044529.7709183437,194.7,1.0999999999999996,1.2999999999999996
2014-06-25,0.22609546973860395,0.21,0.34,FREE,0.0,0.0,0.0,0.0,FORCE_BUY,2044529.7709183437,195.42,1.2999999999999996,-0.5
2014-06-26,0.22284123280149504,0.21,0.34,FREE,0.005144826876575558,0.0017235170036528301,0.0,0.0017235170036528301,FORCE_BUY,2055048.522633723,195.37,0.8499999999999996,0.5499999999999998
2014-06-27,0.21076305198444775,0.235,0.34,FORCE_BUY,0.0,0.0,0.0,0.0,FORCE_BUY,2055048.522633723,195.7,0.8499999999999996,0.5499999999999998
2014-06-30,0.2167253377627784,0.235,0.34,FORCE_BUY,0.0,0.0,0.0,0.0,FORCE_BUY,2055048.522633723,195.97,0.8499999999999996,0.5499999999999998
2014-07-01,0.21784144507971284,0.235,0.34,FORCE_BUY,0.0,0.0,0.0,0.0,FORCE_BUY,2055048.522633723,197.11,0.8499999999999996,0.5499999999999998
2014-07-02,0.20336619706616219,0.235,0.34,FORCE_BUY,0.0,0.0,0.0,0.0,FORCE_BUY,2055048.522633723,197.22,0.8499999999999996,0.5499999999999998
2014-07-03,0.1869462973843179,0.235,0.34,FORCE_BUY,0.0,0.0,0.0,0.0,FORCE_BUY,2055048.522633723,198.05,0.8499999999999996,0.5499999999999998
2014-07-07,0.2159217794731142,0.235,0.34,FORCE_BUY,0.0,0.0,0.0,0.0,FORCE_BUY,2055048.522633723,197.5,0.8499999999999996,0.5499999999999998
2014-07-08,0.2251194646195408,0.235,0.34,FORCE_BUY,-0.0017272034544070147,-0.0013708592639010608,0.0,-0.0017272034544070147,FORCE_SELL,2055048.522633723,196.51,0.8499999999999996,0.5499999999999998
2014-07-09,0.21020464402588077,0.235,0.34,FORCE_BUY,0.0033587786259542196,0.0033587786259542196,0.0033587786259542196,0.0033587786259542196,FORCE_BUY,2061950.9756868437,197.16,1.0999999999999996,1.1499999999999997
2014-07-10,0.22595836718583354,0.235,0.34,FORCE_BUY,-0.004061532213027429,-0.0027415342437934545,-0.0027415342437934545,-0.004061532213027429,FREE,2056298.066477975,196.17,1.0499999999999996,0.9999999999999996
2014-07-11,0.20851942106634613,0.235,0.34,FORCE_BUY,-0.00025412960609912615,-0.00025412960609912615,-0.00025412960609912615,-0.00025412960609912615,FORCE_BUY,2055775.5002603186,196.7,0.7499999999999998,0.6499999999999997
2014-07-14,0.20559692174749536,0.235,0.34,FORCE_BUY,0.0034535297105129778,0.0024883001318223626,0.0018283392585067837,0.0034535297105129778,FORCE_BUY,2062875.1820286121,197.58,0.3999999999999998,0.44999999999999973
2014-07-15,0.22049413302883428,0.235,0.34,FORCE_BUY,-0.001417434443656884,0.0019281192433183558,0.0010124531740409468,-0.001417434443656884,FREE,2066852.6513636452,197.26,0.3999999999999998,0.44999999999999973
2014-07-16,0.20555550516715168,0.21,0.34,FORCE_BUY,0.0008101265822783467,0.0008101265822783467,0.0008101265822783467,0.0008101265822783467,FORCE_BUY,2068527.0636381675,197.66,0.9499999999999997,-0.5
2014-07-17,0.26140083987281953,0.21,0.34,FREE,-0.011634965600971428,-0.011634965600971428,-0.011634965600971428,-0.011634965600971428,FORCE_BUY,2044459.822408059,195.38,0.9499999999999997,-0.5
2014-07-18,0.21370343960210855,0.21,0.34,FREE,0.009083486425801184,0.001990202082057499,0.001990202082057499,0.001990202082057499,FORCE_BUY,2063030.6454529983,197.74,0.9499999999999997,-0.5
2014-07-21,0.20971539832598,0.235,0.34,FORCE_BUY,0.0,0.0,0.0,0.0,FORCE_BUY,2063030.6454529983,197.08,1.2999999999999996,1.6499999999999995
2014-07-22,0.20549296285621446,0.235,0.34,FORCE_BUY,0.0,0.0,0.0,0.0,FORCE_BUY,2063030.6454529983,197.91,0.7499999999999998,1.0499999999999996
2014-07-23,0.194117258835787,0.235,0.34,FORCE_BUY,0.0,0.0,0.0,0.0,FORCE_BUY,2063030.6454529983,198.62,0.5999999999999996,1.1999999999999997
2014-07-24,0.19466302264305435,0.235,0.34,FORCE_BUY,-0.0019120458891012267,0.00017442236672790394,0.0,-0.0019120458891012267,FREE,2063390.4841408106,198.36,0.3999999999999998,0.9999999999999996
2014-07-25,0.21285691988480493,0.235,0.34,FORCE_BUY,-0.004684902523802385,-0.003530535762572442,0.00015112588786445565,-0.004684902523802385,FORCE_SELL,2063702.315859737,197.58,-0.5,-0.5
2014-07-28,0.2136233027065539,0.235,0.34,FORCE_BUY,0.0016203352068458901,0.002177325434199171,0.002177325434199171,0.0016203352068458901,FREE,2068195.6674006744,197.81,0.7999999999999998,-0.5
2014-07-29,0.22697104871725562,0.235,0.34,FORCE_BUY,-0.003087357019941188,-0.0031376781871202135,0.0026318453284744766,-0.003087357019941188,FORCE_SELL,2073638.838506294,196.97,-0.5,1.6499999999999995
2014-07-30,0.2202281124668152,0.235,0.34,FORCE_BUY,-0.0008119354511317153,0.0013638519117753665,0.0032477418045264877,-0.0008119354511317153,FORCE_SELL,2080373.4820496005,196.9,1.0499999999999996,-0.5
2014-07-31,0.24542315351546262,0.235,0.34,FREE,-0.016479324551141847,-0.010600611295313459,-0.0025431056406082114,-0.010600611295313459,FORCE_SELL,2075082.8725128283,193.37,1.0999999999999996,0.7999999999999998
2014-08-01,0.2178625507240516,0.235,0.34,FORCE_BUY,-0.0035745739004299135,-0.008534484763520415,-0.0058540123296897525,-0.0035745739004299135,FORCE_BUY,2067665.3354355148,192.34,1.6999999999999993,-0.5
2014-08-04,0.2128138900626856,0.235,0.34,FORCE_BUY,0.003471682470594193,0.0005699777190526932,0.0005699777190526932,0.003471682470594193,FORCE_BUY,2074843.6129356017,193.66,1.7499999999999996,1.2499999999999996
2014-08-05,0.21919876059615317,0.235,0.34,FORCE_BUY,-0.008055770720371693,-0.00813323005422152,-0.00813323005422152,-0.008055770720371693,FORCE_BUY,2058129.148509165,192.09,1.7499999999999996,1.2499999999999996
2014-08-06,0.21065652909535426,0.235,0.34,FORCE_BUY,-0.00026014568158156754,-0.002029136316337216,-0.002029136316337216,-0.00026014568158156754,FORCE_BUY,2057593.7350990432,192.15,1.7999999999999994,2.2999999999999994
2014-08-07,0.21637303451224463,0.235,0.34,FORCE_BUY,-0.005513080563790621,0.0009361834919642657,0.0009361834919642657,-0.005513080563790621,FREE,2059520.0203870123,191.21,2.2999999999999994,2.499999999999999
2014-08-08,0.20842945883107147,0.235,0.34,FORCE_BUY,0.016162998841739388,0.013214699378751107,0.013214699378751107,0.016162998841739388,FORCE_BUY,2092808.0400910666,193.01,1.3499999999999996,2.499999999999999
2014-08-11,0.20607119175861968,0.235,0.34,FORCE_BUY,0.0023771381323962745,0.0004650922432949356,0.0004650922432949356,0.0023771381323962745,FORCE_BUY,2097782.9338869527,193.97,1.5499999999999994,2.499999999999999
2014-08-12,0.20036096452328078,0.235,0.34,FORCE_BUY,-0.00170006697233533,-0.0025501004585029006,-0.0025501004585029006,-0.00170006697233533,FORCE_BUY,2094216.5624059227,193.78,1.0499999999999996,-0.5
2014-08-13,0.18685133320970815,0.235,0.34,FORCE_BUY,0.0040158574885444534,0.0040158574885444534,0.0040158574885444534,0.0040158574885444534,FORCE_BUY,2102626.6376706944,195.01,1.3999999999999995,2.3999999999999995
2014-08-14,0.18161056713833665,0.235,0.34,FORCE_BUY,0.004720369420215338,0.003950743971267134,0.003950743971267134,0.004720369420215338,FORCE_BUY,2112551.8121532854,195.82,1.2499999999999996,2.1999999999999993
2014-08-15,0.2011805375503765,0.235,0.34,FORCE_BUY,-0.0009692394021322965,0.0020405040044891142,0.0020405040044891142,-0.0009692394021322965,FREE,2116862.4825856746,195.84,1.2499999999999996,2.1999999999999993
2014-08-18,0.1832711345278192,0.235,0.34,FORCE_BUY,0.006216560509554222,0.002649681528662446,0.002649681528662446,0.006216560509554222,FORCE_BUY,2130022.086299074,197.47,1.2499999999999996,2.1999999999999993
2014-08-19,0.18229991022617412,0.235,0.34,FORCE_BUY,0.0029344801416644087,0.0029344801416644087,0.0029344801416644087,0.0029344801416644087,FORCE_BUY,2136272.593812625,198.23,1.2499999999999996,2.1999999999999993
2014-08-20,0.18430491193275858,0.235,0.34,FORCE_BUY,0.00449222693317184,0.0011609125782353282,0.0011609125782353282,0.00449222693317184,FORCE_BUY,2145869.2150951466,199.01,1.2499999999999996,2.1999999999999993
2014-08-21,0.1876318602921598,0.235,0.3,FORCE_BUY,0.002158959682683145,-0.0003012501882813776,-0.0003012501882813776,0.002158959682683145,FORCE_BUY,2150502.0602148483,199.6,1.2499999999999996,2.1999999999999993
2014-08-22,0.20347090097510598,0.235,0.3,FORCE_BUY,-0.001452614706471575,-0.0016028851933479575,-0.0016028851933479575,-0.001452614706471575,FORCE_BUY,2147378.209295883,199.35,1.2499999999999996,2.1999999999999993
2014-08-25,0.18769765896360835,0.235,0.3,FORCE_BUY,0.0010005002501249736,0.00045022511255629296,0.00045022511255629296,0.0010005002501249736,FORCE_BUY,2149526.6617313963,200.1,0.8499999999999996,-0.5
2014-08-26,0.19138451309283944,0.235,0.29,FORCE_BUY,0.002049795020497896,0.0010986710567444432,0.00024997500249963645,0.002049795020497896,FORCE_BUY,2153932.7507790406,200.43,0.8499999999999996,-0.5
2014-08-27,0.19837616082528442,0.235,0.29,FORCE_BUY,-0.0006986027944112615,0.001498301989470071,0.0006986027944110791,-0.0006986027944112615,FREE,2157159.992504718,200.26,0.9499999999999997,0.5499999999999998
2014-08-28,0.20524315459312992,0.235,0.29,FORCE_BUY,0.0020999999999998867,0.0023004199999998487,0.0001999999999999457,0.0020999999999998867,FREE,2162122.366494675,200.42,-0.5,0.5999999999999996
2014-08-29,0.20185233780897904,0.235,0.29,FORCE_BUY,-0.0008969056754198313,0.0003986247446310969,0.0003986247446310969,-0.0008969056754198313,FREE,2162984.24197088,200.51,1.2499999999999996,1.0999999999999996
2014-09-02,0.19994629885453907,0.235,0.29,FORCE_BUY,-0.0014434323826588286,-0.001847871774753114,0.000945697078293734,-0.0014434323826588286,FORCE_SELL,2165029.7698489074,200.62,1.0499999999999996,0.6499999999999997
2014-09-03,0.20610872098007893,0.235,0.29,FORCE_BUY,-0.0017928286852590234,-0.0017928286852590234,-0.0017928286852590234,-0.0017928286852590234,FORCE_BUY,2161148.242373083,200.44,0.7499999999999998,0.6999999999999997
2014-09-04,0.2141513969166521,0.235,0.29,FORCE_BUY,9.977550511355873e-05,0.007147659768719258,0.005188326265901954,9.977550511355873e-05,FREE,2176595.394719331,200.47,1.1499999999999997,0.6499999999999997
2014-09-05,0.22109809155891288,0.235,0.29,FORCE_BUY,0.006299055141728766,-0.0012498125281207623,-0.0012498125281207623,0.006299055141728766,FORCE_BUY,2190305.889131901,201.29,1.1499999999999997,0.44999999999999973
2014-09-08,0.2206860674629212,0.235,0.29,FORCE_BUY,-0.001990049751243786,-0.0003482587064676126,-0.0003482587064676126,-0.001990049751243786,FREE,2189543.0960361836,200.6,0.9499999999999997,-0.5
2014-09-09,0.22738469163561384,0.235,0.29,FORCE_BUY,-0.006132522311412313,-0.003946451074744813,-0.000448721144737513,-0.006132522311412313,FORCE_SELL,2188560.601751678,199.34,0.4999999999999998,0.7499999999999998
2014-09-10,0.21344907017956993,0.235,0.29,FORCE_BUY,0.0036121005367982096,-0.0001003361260222387,-0.0001003361260222387,0.0036121005367982096,FORCE_BUY,2196465.902676081,200.05,0.9499999999999997,0.5499999999999998
2014-09-11,0.2101315336033782,0.235,0.29,FORCE_BUY,0.0024018013510133393,0.0024018013510133393,0.0024018013510133393,0.0024018013510133393,FORCE_BUY,2201741.377448583,200.33,1.1499999999999997,0.7999999999999998
2014-09-12,0.2271553124354664,0.235,0.29,FORCE_BUY,-0.0067918497802638466,-0.00225756283549903,0.0,-0.0067918497802638466,FORCE_SELL,2201741.377448583,198.88,0.6999999999999997,0.5999999999999996
2014-09-15,0.212139244067208,0.225,0.29,FORCE_BUY,0.002367519645375736,0.0031734280838659665,0.003223856538384087,0.002367519645375736,FORCE_SELL,2208839.4757841015,198.99,0.8499999999999996,0.19999999999999984
2014-09-16,0.22700820117087828,0.225,0.29,FREE,0.008953722334004075,0.00503018108651922,0.00503018108651922,0.00503018108651922,FORCE_BUY,2228616.8111306597,200.58,0.3999999999999998,0.7499999999999998
2014-09-17,0.22883765982069235,0.235,0.29,FORCE_BUY,0.0018463995209341618,0.0018463995209341618,0.0,0.0018463995209341618,FORCE_BUY,2232731.728143077,200.76,-0.5,1.1999999999999997
2014-09-18,0.20264803769325224,0.235,0.29,FORCE_BUY,0.008080606544293831,0.00488826815642471,0.00488826815642471,0.008080606544293831,FORCE_BUY,2250773.554757162,202.1,0.4999999999999998,1.1999999999999997
2014-09-19,0.222321061410502,0.235,0.29,FORCE_BUY,-0.007286245353159952,-0.002075201533110386,-0.001437422552664239,-0.007286245353159952,FORCE_SELL,2247538.242088614,200.28,0.44999999999999973,0.9499999999999997
2014-09-22,0.22839482223816454,0.235,0.29,FORCE_BUY,-0.005151030206041226,-0.0040508101620324736,-0.0040508101620324736,-0.005151030206041226,FREE,2238433.8913380047,198.93,0.6499999999999997,-0.5
2014-09-23,0.2299524221094381,0.235,0.29,FORCE_BUY,-0.0041289023162133925,-0.0041289023162133925,-0.0041289023162133925,-0.0041289023162133925,FORCE_BUY,2229191.6164593687,197.78,1.6499999999999995,-0.5
2014-09-24,0.21943083537658503,0.235,0.29,FORCE_BUY,0.007878389980304074,0.004097865693259537,0.0013130649967173457,0.007878389980304074,FORCE_BUY,2246754.0573546602,199.57,1.9999999999999996,-0.5
2014-09-25,0.24712416028133077,0.235,0.29,FREE,-0.012987012987013054,-0.012987012987013054,-0.012987012987013054,-0.012987012987013054,FORCE_BUY,2217575.433233171,196.84,1.9999999999999996,1.3499999999999996
2014-09-26,0.22394379517004603,0.235,0.29,FORCE_BUY,0.007022186037044548,0.0030550171601785485,0.0021880724608181216,0.007022186037044548,FORCE_BUY,2233147.6604765137,197.9,1.5499999999999994,0.5499999999999998
2014-09-29,0.22082662390743735,0.235,0.29,FORCE_BUY,0.00040535062829340495,-0.00027947631929959725,-0.0014440616132955454,0.00040535062829340495,FORCE_BUY,2234052.86828376,197.44,1.3499999999999996,0.9499999999999997
2014-09-30,0.21715061954515927,0.235,0.29,FORCE_BUY,-0.004859037303234213,-0.0034430070509065677,0.002530748595434517,-0.004859037303234213,FORCE_SELL,2239706.694442295,196.61,0.8999999999999997,0.7499999999999998
2014-10-01,0.22640850654360914,0.235,0.29,FORCE_BUY,-0.010724269377382575,-0.004048259647984626,0.0006607369758576915,-0.010724269377382575,FORCE_SELL,2241186.551470389,194.64,0.9499999999999997,0.6499999999999997
2014-10-02,0.21360187772344505,0.225,0.29,FORCE_BUY,-0.0005652620760534175,0.005365954690360919,0.0015416238437821847,-0.0005652620760534175,FREE,2253212.656958225,194.49,1.6999999999999993,-0.5
2014-10-03,0.2046730937524078,0.2,0.225,FREE,0.008674228814864295,0.0020017451111225297,0.0020017451111225297,0.0020017451111225297,FORCE_BUY,2272757.539113229,196.52,2.349999999999999,1.5499999999999994
2014-10-06,0.21202078017722248,0.205,0.225,FREE,0.0,0.0,0.0,0.0,FORCE_BUY,2272757.539113229,195.95,2.3999999999999995,1.4499999999999995
2014-10-07,0.21986046065567275,0.205,0.225,FREE,0.0003208445456425302,0.0003208445456425302,0.0,0.0003208445456425302,FORCE_BUY,2273486.7409732216,193.302,2.3999999999999995,1.4499999999999995
2014-10-08,0.21763104552573598,0.205,0.225,FREE,0.015555555555555595,-0.0008808456853959391,0.0008268733850129588,-0.0008808456853959391,FORCE_BUY,2308852.0902772495,196.51,1.7499999999999996,1.5999999999999996
2014-10-09,0.22710809071332405,0.225,0.3,FREE,-0.004089661955790194,-0.004089661955790194,0.0,-0.004089661955790194,FORCE_SELL,2308852.0902772495,192.38,2.1999999999999993,2.2499999999999996
2014-10-10,0.22135796816360584,0.205,0.225,FREE,-0.012815191449621167,0.0003481879517175251,0.001089550690048671,0.0003481879517175251,FORCE_SELL,2311367.7016654313,190.27,-0.5,-0.5
2014-10-13,0.22259573788123688,0.205,0.225,FREE,-0.010334282400084407,0.010029248696748125,0.0033744595592114005,0.010029248696748125,FREE,2334548.983175065,187.7,-0.5,1.0999999999999996
2014-10-14,0.21391193323350355,0.205,0.225,FREE,0.0006364359586315964,0.001007690267833392,0.0,0.001007690267833392,FREE,2336901.4854651904,188.67,-0.5,1.0999999999999996
2014-10-15,0.22454026580260789,0.205,0.225,FREE,-0.012158054711246261,-0.012912533734308356,0.0,-0.012912533734308356,FORCE_SELL,2336901.4854651904,185.25,-0.5,-0.5
2014-10-16,0.20757453932996253,0.205,0.225,FREE,0.0033403372663109716,-0.005549269974678075,-0.005549269974678075,-0.005549269974678075,FORCE_BUY,2344707.5245847874,186.23,2.499999999999999,1.4499999999999995
2014-10-17,0.19322087298048174,0.205,0.225,FORCE_BUY,-0.003646163601775484,-0.002800676389769506,0.0,-0.003646163601775484,FORCE_SELL,2344707.5245847874,188.55,2.349999999999999,-0.5
2014-10-20,0.18591877645901037,0.205,0.225,FORCE_BUY,0.008311275807305457,0.0038293692771478064,-0.00010587612493390616,0.008311275807305457,FORCE_BUY,2364195.035509076,190.47,-0.5,-0.5
2014-10-21,0.18998634740900347,0.205,0.225,FORCE_BUY,0.020487497373397733,0.00425509560832094,0.00425509560832094,0.020487497373397733,FORCE_BUY,2412631.4750892683,194.26,-0.5,-0.5
2014-10-22,0.1990944616453835,0.205,0.225,FORCE_BUY,-0.005353925353925454,0.0025577250246301285,-0.0015444015444015839,-0.005353925353925454,FREE,2418802.322988314,193.21,-0.5,-0.5
2014-10-23,0.18977031276262582,0.205,0.225,FORCE_BUY,0.008001651953951711,0.004600449492748846,0.002994166537607767,0.008001651953951711,FORCE_BUY,2438156.7373222765,195.26,-0.5,-0.5
2014-10-24,0.1798952148244486,0.205,0.225,FORCE_BUY,0.009033052761239892,0.006965885225238618,-0.000975159104906486,0.009033052761239892,FORCE_BUY,2460180.735770681,196.6,-0.5,-0.5
2014-10-27,0.1925177586406018,0.205,0.225,FORCE_BUY,-0.002640934484509862,0.00744573063544984,-0.0022346368715082184,-0.002640934484509862,FREE,2478498.5788437524,196.38,-0.5,-0.5
2014-10-28,0.17576732288821903,0.205,0.225,FORCE_BUY,0.006707317073170611,0.0007621615615636873,0.00010162601626005574,0.006707317073170611,FORCE_BUY,2495122.6546774604,198.12,-0.5,-0.5
2014-10-29,0.18439158962876953,0.205,0.225,FORCE_BUY,-0.003981052207216263,2.091666612983003e-05,0.0011590405160250429,-0.003981052207216263,FORCE_SELL,2498014.6029266836,197.65,-0.5,-0.5
2014-10-30,0.18198797652310109,0.205,0.225,FORCE_BUY,0.005594476084874844,0.005594476084874844,0.005594476084874844,0.005594476084874844,FORCE_BUY,2511989.6858824254,199.52,1.3999999999999995,1.7499999999999996
2014-10-31,0.17311924051925132,0.205,0.225,FORCE_BUY,0.0023365647526721774,0.0034057944154375058,-4.9714143674001426e-05,0.0023365647526721774,FREE,2520545.0063262405,201.62,1.4499999999999995,-0.5
2014-11-03,0.1798502095201012,0.205,0.225,FORCE_BUY,-0.000546176762661331,0.0035205903322663395,0.00268123138033767,-0.000546176762661331,FREE,2529418.812707555,201.29,1.5999999999999996,1.6499999999999995
2014-11-04,0.19170451764702237,0.205,0.225,FORCE_BUY,-0.0033688382462224577,0.00022546918534184672,-0.000247708694575097,-0.0033688382462224577,FREE,2529989.1187066445,201.17,1.8499999999999996,1.2999999999999996
2014-11-05,0.1724791083024468,0.205,0.225,FORCE_BUY,0.002927022870466786,0.001240263928163856,0.001240263928163856,0.002927022870466786,FORCE_BUY,2537394.454719131,202.16,1.8499999999999996,-0.5
2014-11-06,0.17702842280814338,0.205,0.225,FORCE_BUY,0.0067300079176564045,0.0009649643705463696,0.0009649643705463696,0.0067300079176564045,FORCE_BUY,2554471.1394896084,203.44,2.0999999999999996,1.9999999999999996
2014-11-07,0.17844630336861136,0.205,0.225,FORCE_BUY,-0.001229044786392136,0.0018221401962758195,0.0007865886632907693,-0.001229044786392136,FREE,2559125.744033099,203.16,2.0999999999999996,1.9999999999999996
2014-11-10,0.17776718966068808,0.205,0.225,FORCE_BUY,0.003198031980319797,0.0004917871545195482,0.0,0.003198031980319797,FORCE_BUY,2567309.9100041767,203.9,1.8999999999999995,-0.5
2014-11-11,0.1776029286649555,0.205,0.225,FORCE_BUY,-0.000587831880082206,0.0004898599000685929,0.0004898599000685929,-0.000587831880082206,FREE,2568567.5321801365,204.02,1.8999999999999995,-0.5
2014-11-12,0.20366281012908294,0.205,0.225,FORCE_BUY,0.0005394801373221778,0.0023697879294575235,0.0006375674350171993,0.0005394801373221778,FREE,2574654.4925138936,204.01,-0.5,1.1499999999999997
2014-11-13,0.2155192348026291,0.205,0.225,FREE,-0.0021028951486696925,-0.0026410560622042822,-0.0030320813771517723,-0.0026410560622042822,FORCE_BUY,2569240.2640720857,204.05,0.9999999999999996,0.44999999999999973
2014-11-14,0.19004012612117568,0.205,0.225,FORCE_BUY,0.0026964749718097116,0.0026964749718097116,0.0026964749718097116,0.0026964749718097116,FORCE_BUY,2576168.156140722,204.52,1.0999999999999996,1.9999999999999996
2014-11-17,0.19815422648693648,0.205,0.225,FORCE_BUY,0.002599440874981549,0.0032860856344107538,0.0032860856344107538,0.002599440874981549,FREE,2584633.6653104424,204.42,1.3499999999999996,0.8499999999999996
2014-11-18,0.1966260736512685,0.205,0.225,FORCE_BUY,0.004894762604013544,0.007979035280415863,0.007782672540381614,0.004894762604013544,FREE,2605256.548512905,205.3,1.3499999999999996,0.8499999999999996
2014-11-19,0.21438274356708267,0.205,0.225,FREE,0.0006339298776027753,-0.0015116789388988719,-0.0015116789388988719,-0.0015116789388988719,FORCE_BUY,2606908.0984778274,205.2,1.3499999999999996,0.8499999999999996
2014-11-20,0.2202207828726033,0.205,0.225,FREE,0.005427342069235293,-0.0003422648151770304,0.0,-0.0003422648151770304,FORCE_BUY,2621056.680471326,205.63,1.0499999999999996,0.5499999999999998
2014-11-21,0.21549328210762916,0.205,0.225,FREE,-0.0006767208043310423,-0.0006767208043310423,0.0,-0.0006767208043310423,FORCE_SELL,2621056.680471326,206.74,1.2499999999999996,1.4999999999999996
2014-11-24,0.20482500293539777,0.205,0.225,FORCE_BUY,0.002612734662279915,0.002612734662279915,0.002612734662279915,0.002612734662279915,FORCE_BUY,2627904.806112194,207.22,-0.5,1.2499999999999996
2014-11-25,0.2252533929698628,0.205,0.225,FORCE_SELL,0.0002894216390912035,0.001834046524119967,0.001157686556364814,0.001157686556364814,FREE,2632724.505787562,207.37,-0.5,1.2499999999999996
2014-11-26,0.20999528366516415,0.205,0.225,FREE,0.0008668432458463284,-0.0022152660727186475,0.0,-0.0022152660727186475,FORCE_BUY,2635006.665243578,207.83,1.2499999999999996,0.6999999999999997
2014-11-28,0.2181761830446014,0.205,0.225,FREE,-0.000844900422450246,-0.000844900422450246,0.0,-0.000844900422450246,FORCE_SELL,2635006.665243578,206.95,1.3499999999999996,1.0999999999999996
2014-12-01,0.23610386994472632,0.205,0.225,FORCE_SELL,-0.005272577758429001,-0.0020306895742581497,-0.0023218691046291767,-0.0023218691046291767,FREE,2629655.7846803674,205.64,1.3499999999999996,1.0999999999999996
2014-12-02,0.2310057593799,0.205,0.225,FORCE_SELL,0.00753341433778864,0.004179829890644094,0.0,0.0,FORCE_BUY,2649466.071272127,207.3,1.1999999999999997,1.0999999999999996
2014-12-03,0.20853852748371618,0.21,0.235,FORCE_BUY,0.004397622384381106,0.0008215338520271467,0.0,0.004397622384381106,FORCE_BUY,2661117.4225738114,207.84,0.8999999999999997,-0.5
2014-12-04,0.2210300636477833,0.21,0.235,FREE,-0.0004329837390551171,-0.0008207388679510181,9.621860867872017e-05,-0.0008207388679510181,FORCE_SELL,2661373.471589742,207.77,-0.5,0.8999999999999997
2014-12-05,0.21341584689643636,0.21,0.235,FREE,0.0008655926905505188,0.0008655926905505188,0.0008655926905505188,0.0008655926905505188,FORCE_BUY,2663677.1370135755,208.13,1.1999999999999997,0.8999999999999997
2014-12-08,0.266836419944333,0.21,0.235,FORCE_SELL,-0.005485780280063506,-0.005485780280063506,-0.005485780280063506,-0.005485780280063506,FORCE_BUY,2649064.7895028903,206.67,1.4499999999999995,1.0499999999999996
2014-12-09,0.24901769733488677,0.21,0.235,FORCE_SELL,0.0014074253821888618,-0.0028516287323888377,-0.005920892987139008,-0.005920892987139008,FORCE_BUY,2652793.1505266996,206.34,1.6999999999999993,0.44999999999999973
2014-12-10,0.276569795463215,0.21,0.235,FORCE_SELL,-0.0004425213885339065,0.0034910020650998296,0.0,0.0,FREE,2662054.0568934707,203.29,2.1999999999999993,0.5999999999999996
2014-12-11,0.2628744396401946,0.21,0.235,FORCE_SELL,-0.0039148519696596655,0.003719859527059999,0.0,0.0,FREE,2671956.5240385546,203.55,2.1999999999999993,0.44999999999999973
2014-12-12,0.2617688491900216,0.21,0.235,FORCE_SELL,-0.009335638429241658,-0.0004842741344567956,0.0,0.0,FORCE_SELL,2671956.5240385546,200.56,1.9999999999999996,-0.5
2014-12-15,0.2603219436240756,0.21,0.235,FORCE_SELL,-0.0032904576727492522,-0.0032904576727492522,0.0,0.0,FORCE_SELL,2671956.5240385546,199.92,1.3999999999999995,1.1999999999999997
2014-12-16,0.2684108503235762,0.21,0.235,FORCE_SELL,-0.007303651825913077,-0.015361547111850761,0.0,0.0,FORCE_SELL,2671956.5240385546,198.44,1.3999999999999995,1.1999999999999997
2014-12-17,0.23063786624547422,0.21,0.235,FREE,0.0,0.0,0.0,0.0,FORCE_BUY,2671956.5240385546,202.03,2.3999999999999995,-0.5
2014-12-18,0.24918273442084207,0.21,0.235,FORCE_SELL,0.0,0.0,0.0,0.0,FORCE_BUY,2671956.5240385546,207.21,1.3999999999999995,-0.5
2014-12-19,0.2055189459609552,0.21,0.235,FORCE_BUY,0.0,0.0,0.0,0.0,FORCE_BUY,2671956.5240385546,206.42,1.3999999999999995,-0.5
2014-12-22,0.19158287785430697,0.21,0.235,FORCE_BUY,0.0,0.0,0.0,0.0,FORCE_BUY,2671956.5240385546,207.38,1.3999999999999995,-0.5
2014-12-23,0.19950315935894627,0.21,0.235,FORCE_BUY,0.0008182912154031652,0.0008182912154031652,0.0,0.0008182912154031652,FORCE_BUY,2674142.962590114,207.92,1.3999999999999995,-0.5
2014-12-24,0.19895377895842614,0.21,0.235,FORCE_BUY,-0.0006730769230767167,-0.0008651628285216837,0.0002884615384615761,-0.0006730769230767167,FORCE_SELL,2674914.3499831688,207.86,1.3999999999999995,-0.5
2014-12-26,0.19728849291519443,0.21,0.235,FORCE_BUY,0.002065817919769343,0.0011035412215781673,9.608455440777389e-05,0.002065817919769343,FORCE_BUY,2680440.2359812125,208.58,1.3999999999999995,-0.5
2014-12-29,0.19132016521884554,0.21,0.235,FORCE_BUY,0.0025431861804222147,-0.001055662188099887,-0.001055662188099887,0.0025431861804222147,FORCE_BUY,2687257.0945468075,208.93,1.3999999999999995,-0.5
2014-12-30,0.20107940695440732,0.21,0.235,FORCE_BUY,-0.001968314930389089,-0.001968314930389089,-0.001968314930389089,-0.001968314930389089,FORCE_BUY,2681967.726285817,207.89,2.4499999999999993,2.0499999999999994
2014-12-31,0.22534112755303348,0.21,0.235,FREE,-0.011677639482916068,-0.004542754502812329,-0.0005286174251526178,-0.004542754502812329,FORCE_SELL,2680549.9914120054,205.66,2.4499999999999993,1.7999999999999994
2015-01-02,0.20097785488087336,0.21,0.235,FORCE_BUY,-0.005527272727272623,-0.0034383504825007665,-0.0053818181818182246,-0.005527272727272623,FREE,2671333.3210556665,205.11,2.2999999999999994,-0.5
2015-01-05,0.21158593831608077,0.21,0.235,FREE,-0.016545755935839467,-0.0011817500430620388,-0.0019989274048074082,-0.0011817500430620388,FREE,2668176.472788476,201.7163,2.2999999999999994,-0.5
2015-01-06,0.21482194794094953,0.21,0.235,FREE,-0.007093605833622819,0.0027290987608426676,0.0,0.0027290987608426676,FREE,2675458.1898940722,200.16,1.8499999999999996,-0.5
2015-01-07,0.19439333728024635,0.21,0.235,FORCE_BUY,0.011133855908932264,0.008491401768442314,0.0004992760497279106,0.011133855908932264,FORCE_BUY,2705246.3558707256,202.52,1.5499999999999994,-0.5
2015-01-08,0.19202230454863403,0.21,0.235,FORCE_BUY,0.013448275862068907,0.0035467980295565537,0.0035467980295565537,0.013448275862068907,FORCE_BUY,2741627.255139332,205.73,1.6999999999999993,-0.5
2015-01-09,0.2127131325765361,0.21,0.235,FREE,-0.009234507897934337,-0.0032094706974552106,-0.002916160388821306,-0.0032094706974552106,FORCE_SELL,2733632.230336982,203.85,-0.5,1.3999999999999995
2015-01-12,0.21497220229357725,0.21,0.235,FREE,-0.00880238642476413,-0.008843289143381448,0.0017115751381485522,-0.008843289143381448,FORCE_SELL,2738311.0472992677,202.69,-0.5,1.3999999999999995
2015-01-13,0.227986911273703,0.21,0.235,FREE,-0.004190908194458053,0.0036485141607562306,0.002810373730401463,0.0036485141607562306,FREE,2748301.8139318945,201.97,1.5999999999999996,-0.5
2015-01-14,0.19860220335400727,0.21,0.235,FORCE_BUY,0.004290988923261164,0.004197023505611797,0.0,0.004290988923261164,FORCE_BUY,2760094.746573255,201.28,1.5999999999999996,1.8999999999999995
2015-01-15,0.21907368245229844,0.21,0.235,FREE,-0.021096837944664097,-0.022609071862225733,-0.010079051383399073,-0.022609071862225733,FORCE_SELL,2732275.6097994936,198.13,2.349999999999999,2.2999999999999994
2015-01-16,0.20654987920192894,0.21,0.235,FORCE_BUY,0.014948661163680243,0.010193544916300878,0.0,0.014948661163680243,FORCE_BUY,2773119.472096174,201.65,2.499999999999999,-0.5
2015-01-20,0.19509385198587703,0.21,0.235,FORCE_BUY,-0.0002475247524753947,0.006580628133803628,0.0006930693069305883,-0.0002475247524753947,FREE,2791368.340112649,201.95,-0.5,0.6499999999999997
2015-01-21,0.19713498674591864,0.21,0.235,FORCE_BUY,0.005346799346502207,0.006596919713757292,-0.0034160106935986565,0.005346799346502207,FREE,2809782.772943896,203.07,-0.5,0.6499999999999997
2015-01-22,0.1956590326464154,0.21,0.235,FORCE_BUY,0.011396571204008388,0.0010294494515335902,-0.0023087881318465445,0.011396571204008388,FORCE_BUY,2841804.6623835475,205.89,-0.5,1.9499999999999993
2015-01-23,0.19307060968866982,0.21,0.235,FORCE_BUY,-0.007425382188789152,-0.002239314309214967,-0.0009221062848823517,-0.007425382188789152,FORCE_SELL,2839184.216443956,204.52,1.9999999999999996,-0.5
2015-01-26,0.1812029087936415,0.21,0.235,FORCE_BUY,0.007736375654899059,0.00868951017036011,0.003917152230328665,0.007736375654899059,FREE,2863855.3365682717,205.81,1.7999999999999994,-0.5
2015-01-27,0.2029791771673575,0.21,0.235,FORCE_BUY,-0.00764027446591089,-0.013384336450263937,-0.013674631368923064,-0.00764027446591089,FORCE_BUY,2841974.6957662264,203.92,0.7999999999999998,1.8999999999999995
2015-01-28,0.23071135603708484,0.21,0.235,FREE,-0.019360846975786772,-0.00971179486992315,-0.0009312812469364463,-0.00971179486992315,FORCE_SELL,2839328.0180277913,200.07,1.1499999999999997,-0.5
2015-01-29,0.2085689344254145,0.21,0.23,FORCE_BUY,0.01060636381829101,0.002201320792475431,0.002201320792475431,0.01060636381829101,FORCE_BUY,2869442.963986461,202.0,2.1999999999999993,-0.5
2015-01-30,0.22628566164162908,0.21,0.23,FREE,-0.012784302066300105,-0.009189592072826384,-0.002973093503790714,-0.009189592072826384,FORCE_SELL,2860911.841750735,199.23,2.3999999999999995,2.3999999999999995
2015-02-02,0.21782931629844518,0.21,0.23,FREE,0.010473040689517021,0.010229347987282868,0.0026057326117459455,0.010229347987282868,FORCE_BUY,2890874.2878785115,201.65,2.349999999999999,1.7499999999999996
2015-02-03,0.202287106927412,0.21,0.23,FORCE_BUY,0.0,0.0,0.0,0.0,FORCE_BUY,2890874.2878785115,204.63,2.2499999999999996,0.5999999999999996
2015-02-04,0.21488444252027214,0.21,0.23,FREE,0.0,0.0,0.0,0.0,FORCE_BUY,2890874.2878785115,204.0727,2.1999999999999993,2.2999999999999994
2015-02-05,0.1949055907522914,0.21,0.23,FORCE_BUY,0.0,0.0,0.0,0.0,FORCE_BUY,2890874.2878785115,205.96,2.1999999999999993,2.2999999999999994
2015-02-06,0.21857538036286542,0.21,0.23,FREE,0.0,0.0,0.0,0.0,FORCE_BUY,2890874.2878785115,206.04,2.1999999999999993,2.2999999999999994
2015-02-09,0.21190946687342874,0.21,0.23,FREE,0.0,0.0,0.0,0.0,FORCE_BUY,2890874.2878785115,204.94,2.1999999999999993,2.2999999999999994
2015-02-10,0.20433213419315202,0.21,0.23,FORCE_BUY,0.0036407766990291827,0.0009223300970873588,0.0,0.0036407766990291827,FORCE_BUY,2901399.315625642,206.75,-0.5,1.5999999999999996
2015-02-11,0.20039151254547857,0.21,0.23,FORCE_BUY,0.00324423784621339,0.010427255713720695,0.00338950222738706,0.00324423784621339,FREE,2931652.9482172844,207.19,-0.5,2.349999999999999
2015-02-12,0.19383595761747033,0.21,0.23,FORCE_BUY,0.00612195709809592,0.00612195709809592,0.00612195709809592,0.00612195709809592,FORCE_BUY,2949600.4017927772,208.72,-0.5,2.349999999999999
2015-02-13,0.1857940955567516,0.21,0.23,FORCE_BUY,0.00416068866571015,0.004448413791402326,0.0017216642754663443,0.00416068866571015,FREE,2962721.4448992377,209.97,-0.5,2.349999999999999
2015-02-17,0.1698581498311835,0.21,0.23,FORCE_BUY,0.0045419774335437695,0.0045419774335437695,0.0045419774335437695,0.0045419774335437695,FORCE_BUY,2976178.0588438464,210.11,-0.5,2.349999999999999
2015-02-18,0.16019937922456462,0.21,0.23,FORCE_BUY,-0.0011894000666064222,-0.002806984157191123,-0.002806984157191123,-0.0011894000666064222,FORCE_BUY,2972638.192462425,209.94,-0.5,2.349999999999999
2015-02-19,0.1706346435382561,0.21,0.23,FORCE_BUY,0.0017649303568022315,0.0005248634039298466,0.0006201106659035636,0.0017649303568022315,FORCE_BUY,2977884.691848092,210.01,-0.5,2.349999999999999
2015-02-20,0.17509274711343203,0.21,0.23,FORCE_BUY,0.0065758124463927,0.005703875655300508,0.0008577146669205834,0.0065758124463927,FORCE_BUY,2997466.7030686685,211.24,-0.5,2.349999999999999
2015-02-23,0.1598607146281485,0.19,0.215,FORCE_BUY,0.0005687203791469947,-0.00014224074510145462,-0.0010426540284361016,0.0005687203791469947,FORCE_BUY,2999171.423468518,211.12,1.0999999999999996,2.2499999999999996
2015-02-24,0.16844448429873135,0.19,0.215,FORCE_BUY,0.0034820920977827515,0.0013727364304346905,9.475080538174746e-05,0.0034820920977827515,FORCE_BUY,3009614.8145820736,211.815,0.7499999999999998,0.9499999999999997
2015-02-25,0.17939840581295882,0.19,0.215,FORCE_BUY,-0.0008971997922273973,0.0012293477876171065,-0.00014166312508847537,-0.0008971997922273973,FREE,3013314.6778959595,211.58,0.5999999999999996,0.8499999999999996
2015-02-26,0.17808885035983704,0.19,0.215,FORCE_BUY,-0.002173604876435355,-0.0020318480366679,-0.0020318480366679,-0.002173604876435355,FREE,3007192.080383814,211.17,0.5999999999999996,0.8499999999999996
2015-02-27,0.1934985028954738,0.19,0.215,FREE,-0.001562795984087687,0.0003761430655453113,0.0005209319946961726,0.0003761430655453113,FORCE_SELL,3008758.622952683,210.83,1.1999999999999997,0.7499999999999998
2015-03-02,0.18131270409401076,0.19,0.215,FORCE_BUY,0.003742834130857054,-0.0005211541194864882,-0.0005211541194864882,0.003742834130857054,FORCE_BUY,3020019.9074181803,211.86,1.1999999999999997,0.4999999999999998
2015-03-03,0.20303262566351266,0.19,0.215,FREE,-0.0050991501416431245,-0.0062779984873684155,-0.005004721435316345,-0.0062779984873684155,FORCE_SELL,3004905.5490524424,210.72,1.1999999999999997,0.4999999999999998
2015-03-04,0.18633686927233128,0.19,0.215,FORCE_BUY,-0.0005231866825208353,-0.0005231866825208353,-0.0005231866825208353,-0.0005231866825208353,FORCE_BUY,3003333.422486945,210.14,1.1499999999999997,1.4499999999999995
2015-03-05,0.18551959357505377,0.19,0.215,FORCE_BUY,0.0009986684420771456,0.0009986684420771456,0.0009986684420771456,0.0009986684420771456,FORCE_BUY,3006332.756797018,210.49,1.5499999999999994,1.4999999999999996
2015-03-06,0.2230691477469278,0.19,0.215,FORCE_SELL,-0.012547528517110409,-0.005509998450036021,0.00038022813688207325,0.00038022813688207325,FORCE_SELL,3007475.8490999825,207.76,0.8999999999999997,-0.5
2015-03-09,0.19143139111448934,0.19,0.215,FREE,0.0043899850451060134,0.00506536735973767,0.0,0.00506536735973767,FREE,3022709.8191012125,208.2,1.4999999999999996,-0.5
2015-03-10,0.20911507149825603,0.19,0.215,FREE,-0.011371301917702484,-0.009788037478378345,0.0,-0.009788037478378345,FORCE_SELL,3022709.8191012125,205.18,0.6499999999999997,0.8999999999999997
2015-03-11,0.20284421703108904,0.19,0.215,FREE,-0.0038470903335766906,-0.0038470903335766906,-0.0038470903335766906,-0.0038470903335766906,FORCE_BUY,3011081.181374941,204.56,1.7499999999999996,1.2499999999999996
2015-03-12,0.1940202571842475,0.19,0.215,FREE,0.012362570241876432,0.010725629122892866,0.010725629122892866,0.010725629122892866,FORCE_BUY,3048305.883983681,207.18,2.3999999999999995,-0.5
2015-03-13,0.21711788549138333,0.19,0.215,FORCE_SELL,-0.007053140096618407,0.0027311946857864248,0.0,0.0,FREE,3056631.4008146687,205.54,-0.5,1.2499999999999996
2015-03-16,0.19414266900281277,0.19,0.22,FREE,0.0019986996411974316,0.0020439510639894062,0.0,0.0020439510639894062,FREE,3062879.0058185873,208.05,1.4999999999999996,1.6999999999999993
2015-03-17,0.18255113534566814,0.19,0.22,FORCE_BUY,0.0,0.0,0.0,0.0,FORCE_BUY,3062879.0058185873,208.05,1.4999999999999996,1.6999999999999993
2015-03-18,0.2142713643240645,0.19,0.22,FREE,0.013655815742655262,0.013655815742655262,0.0,0.013655815742655262,FORCE_BUY,3104705.1171640926,210.81,-0.5,2.1499999999999995
2015-03-19,0.1928871293798061,0.19,0.22,FREE,-0.006074699824403241,-0.006074699824403241,-0.006074699824403241,-0.006074699824403241,FORCE_BUY,3085844.965534032,209.43,0.6499999999999997,2.0999999999999996
2015-03-20,0.18594755946133568,0.19,0.22,FORCE_BUY,0.005734218951593574,0.001335894658987676,0.0008601328427389296,0.005734218951593574,FORCE_BUY,3103539.876217077,210.47,0.9999999999999996,-0.5
2015-03-23,0.20305594142334163,0.19,0.22,FREE,-0.0023281227728416576,0.00038010167719874444,0.00038010167719874444,0.00038010167719874444,FREE,3104719.53692928,209.98,1.7999999999999994,-0.5
2015-03-24,0.20364219890391067,0.19,0.22,FREE,-0.0026247971747636748,-0.0026247971747636748,0.0,-0.0026247971747636748,FORCE_SELL,3104719.53692928,208.99,1.9499999999999993,1.7499999999999996
2015-03-25,0.22780021856574084,0.19,0.22,FORCE_SELL,-0.0135937200842428,-0.006651215414569537,-9.573042312850841e-05,-9.573042312850841e-05,FORCE_SELL,3104422.3208143143,206.08,1.7999999999999994,1.5499999999999994
2015-03-26,0.19736213078487053,0.19,0.22,FREE,0.005234065450276343,0.00812013892285863,0.0,0.00812013892285863,FREE,3129630.66133455,205.5,2.2999999999999994,-0.5
2015-03-27,0.17715035512751498,0.19,0.22,FORCE_BUY,0.005077877056784268,0.0018553781553634606,0.0,0.005077877056784268,FORCE_BUY,3145522.5410659495,205.85,1.8999999999999995,1.0999999999999996
2015-03-30,0.18450779844400245,0.19,0.22,FORCE_BUY,0.008728119090336033,0.006546089317752185,0.006546089317752185,0.008728119090336033,FORCE_BUY,3172977.0364057096,208.03,1.7499999999999996,0.8999999999999997
2015-03-31,0.2024167531031812,0.19,0.22,FREE,-0.006689446075364395,-0.0038981664180182236,-0.0038981664180182236,-0.0038981664180182236,FREE,3160608.24387725,206.4,1.7499999999999996,0.8999999999999997
2015-04-01,0.18288295253145448,0.19,0.22,FORCE_BUY,0.0003888969909093916,0.00615304296287968,0.0,0.0003888969909093916,FREE,3180055.6021906585,205.79,1.7499999999999996,0.8999999999999997
2015-04-02,0.18163527627645645,0.19,0.22,FORCE_BUY,0.0038912398462958974,-0.0019456199231481092,-0.0019456199231481092,0.0038912398462958974,FORCE_BUY,3192429.961263339,206.39,1.7999999999999994,-0.5
2015-04-06,0.19002039983997224,0.19,0.22,FREE,0.010364963503649505,0.005158150851581443,0.005158150851581443,0.005158150851581443,FORCE_BUY,3225519.381299791,207.63,1.6499999999999995,1.7499999999999996
2015-04-07,0.1915747682657952,0.195,0.22,FORCE_BUY,-0.0036052492428975693,0.003127125495543765,0.0,-0.0036052492428975693,FREE,3235605.9851934244,207.28,1.2999999999999996,-0.5
2015-04-08,0.17845678891449487,0.19,0.22,FORCE_BUY,0.0030355594102342057,0.003519299733075024,-0.00043365134431903494,0.0030355594102342057,FREE,3246993.052473452,208.17,1.3999999999999995,1.8999999999999995
2015-04-09,0.17578570281815775,0.19,0.22,FORCE_BUY,0.005821785989222477,0.0030311778290993407,0.0030311778290993407,0.005821785989222477,FORCE_BUY,3265896.3511334443,209.05,1.1499999999999997,1.5499999999999994
2015-04-10,0.16608357479626235,0.19,0.22,FORCE_BUY,0.005598621877691684,0.00033496028328066507,0.00033496028328066507,0.005598621877691684,FORCE_BUY,3284180.8698951737,210.15,0.9499999999999997,-0.5
2015-04-13,0.20309567856768682,0.19,0.22,FREE,-0.0027649330218812314,9.534251799580072e-05,9.534251799580072e-05,9.534251799580072e-05,FREE,3284493.9919688627,209.19,1.2499999999999996,2.3999999999999995
2015-04-14,0.17337413542710609,0.19,0.22,FORCE_BUY,0.001960409295209068,-0.00028688916515240355,0.0,0.001960409295209068,FORCE_BUY,3290932.9445207766,209.55,1.2999999999999996,-0.5
2015-04-15,0.18944129928803222,0.19,0.22,FORCE_BUY,0.00501217241873114,0.001050169459162795,0.001050169459162795,0.00501217241873114,FORCE_BUY,3307427.667857197,210.54,0.5999999999999996,1.4499999999999995
2015-04-16,0.18918362203259886,0.19,0.22,FORCE_BUY,0.0014263978699126762,-0.0011444138954770935,-0.002424876378851077,0.0014263978699126762,FORCE_BUY,3312145.375637519,210.62,0.44999999999999973,1.9999999999999996
2015-04-17,0.20265356319277808,0.19,0.22,FREE,-0.010321046373365056,-0.008663563702885218,-0.004803804994054663,-0.008663563702885218,FORCE_SELL,3296234.4751409967,208.08,0.44999999999999973,1.9999999999999996
2015-04-20,0.18921123633874679,0.19,0.22,FORCE_BUY,0.0028684801835828088,0.0028684801835828088,0.0028684801835828088,0.0028684801835828088,FORCE_BUY,3305689.658413381,209.77,1.4499999999999995,-0.5
2015-04-21,0.20679691356463545,0.19,0.22,FREE,-0.00469639468690717,-0.005597722960151895,-0.005597722960151895,-0.005597722960151895,FORCE_BUY,3290164.835065044,209.81,1.4499999999999995,-0.5
2015-04-22,0.1886523466558385,0.19,0.22,FORCE_BUY,0.008870635566837438,0.001101585324967705,0.0,0.008870635566837438,FORCE_BUY,3319350.68827173,210.6421,1.7999999999999994,1.3999999999999995
2015-04-23,0.19650631413610253,0.19,0.22,FREE,0.00380318516757804,-0.0010934157356785085,-0.0010934157356785085,-0.0010934157356785085,FORCE_BUY,3331974.793575355,211.15,1.8499999999999996,2.0499999999999994
2015-04-24,0.1855775806587899,0.19,0.22,FORCE_BUY,0.0,0.0,0.0,0.0,FORCE_BUY,3331974.793575355,211.69,1.8499999999999996,2.0499999999999994
2015-04-27,0.21627423244733213,0.19,0.22,FREE,0.0,0.0,0.0,0.0,FORCE_BUY,3331974.793575355,210.98,1.8499999999999996,2.0499999999999994
2015-04-28,0.19021743424970605,0.19,0.22,FREE,0.00517937752435268,0.005416963649323024,0.0,0.005416963649323024,FREE,3350023.9799126135,211.54,0.5999999999999996,1.6999999999999993
2015-04-29,0.1981505718103456,0.19,0.22,FREE,-0.005863161378788658,-0.004500658635973696,0.0,-0.004500658635973696,FORCE_SELL,3350023.9799126135,210.25,0.9999999999999996,1.4999999999999996
2015-04-30,0.2166804582833901,0.19,0.22,FREE,-0.006379433468221874,-0.0037244686945900386,0.00042846941204462396,-0.0037244686945900386,FORCE_SELL,3351459.3627176224,208.71,1.3499999999999996,1.8499999999999996
2015-05-01,0.18315841881857362,0.19,0.215,FORCE_BUY,0.008133971291866021,0.005215311004784741,0.005215311004784741,0.008133971291866021,FORCE_BUY,3378720.036959823,210.7,1.9499999999999993,-0.5
2015-05-04,0.2022070026136604,0.19,0.215,FREE,0.0032740213523132305,0.004223013048635804,0.004223013048635804,0.004223013048635804,FREE,3392988.415763592,211.44,1.7999999999999994,1.8999999999999995
2015-05-05,0.22361562384303477,0.19,0.215,FORCE_SELL,0.0,0.0,0.0,0.0,FORCE_BUY,3392988.415763592,209.24,1.7999999999999994,1.8999999999999995
2015-05-06,0.21659737385130642,0.19,0.215,FORCE_SELL,0.0002886558260366307,0.0002886558260366307,0.0,0.0,FORCE_BUY,3393967.821637477,207.92,1.7499999999999996,-0.5
2015-05-07,0.18877160229475298,0.19,0.215,FORCE_BUY,0.010880077369439058,0.001305609284332482,0.0,0.010880077369439058,FORCE_BUY,3430894.4541262793,209.05,2.499999999999999,-0.5
2015-05-08,0.18102130962496052,0.19,0.215,FORCE_BUY,0.010651509361864648,0.00014329384791733786,0.00014329384791733786,0.010651509361864648,FORCE_BUY,3467438.658523975,211.59,2.499999999999999,1.6999999999999993
2015-05-11,0.20887521303694798,0.19,0.215,FREE,-0.004922843889046637,-0.004922843889046637,-0.004922843889046637,-0.004922843889046637,FORCE_BUY,3450368.999313216,210.22,2.349999999999999,2.4499999999999993
2015-05-12,0.19137007620151233,0.19,0.215,FREE,0.0026211695181812423,4.7657627603256373e-05,4.7657627603256373e-05,4.7657627603256373e-05,FORCE_BUY,3459413.0013606935,210.38,1.3999999999999995,-0.5
2015-05-13,0.20691479392399317,0.19,0.215,FREE,0.0,0.0,0.0,0.0,FORCE_BUY,3459413.0013606935,210.22,1.5999999999999996,2.1999999999999993
2015-05-14,0.18272274316702797,0.19,0.215,FORCE_BUY,0.0,0.0,0.0,0.0,FORCE_BUY,3459413.0013606935,212.27,1.1499999999999997,-0.5
2015-05-15,0.17439159254768724,0.19,0.215,FORCE_BUY,0.00042358921259465774,0.00042358921259465774,0.0,0.00042358921259465774,FORCE_BUY,3460878.371389979,212.56,-0.5,2.499999999999999
2015-05-18,0.19436402486174634,0.19,0.215,FREE,0.004474799811587356,0.005323333057157508,0.004521902967498829,0.005323333057157508,FREE,3479301.779631201,213.25,-0.5,2.499999999999999
2015-05-19,0.1986359106993807,0.19,0.215,FREE,-0.0026691641301803486,0.001829685757615824,0.0007024116132052348,0.001829685757615824,FREE,3485667.80854384,212.98,0.6999999999999997,1.6499999999999995
2015-05-20,0.20726057944555323,0.19,0.215,FREE,-0.002677313292625669,-0.0008954678574995513,0.003809300140911202,-0.0008954678574995513,FORCE_SELL,3498945.7634180957,212.33,0.6499999999999997,1.5999999999999996
2015-05-21,0.21009337670658365,0.19,0.215,FREE,0.0,0.0,0.0,0.0,FORCE_BUY,3498945.7634180957,213.35,0.6999999999999997,1.3999999999999995
2015-05-22,0.2185350559451996,0.19,0.215,FORCE_SELL,-0.000281690140845208,-0.000281690140845208,0.0,0.0,FORCE_SELL,3498945.7634180957,212.94,0.8499999999999996,1.8499999999999996
2015-05-26,0.2540956083801897,0.19,0.215,FORCE_SELL,-0.005984355857129409,-0.005984355857129409,0.0,0.0,FORCE_SELL,3498945.7634180957,210.95,-0.5,-0.5
2015-05-27,0.22450626083372183,0.19,0.215,FORCE_SELL,0.0,0.0,0.0,0.0,FORCE_BUY,3498945.7634180957,212.63,-0.5,-0.5
2015-05-28,0.20348330414169316,0.19,0.215,FREE,-9.400705052875271e-05,-9.400705052875271e-05,0.0,-9.400705052875271e-05,FORCE_SELL,3498945.7634180957,212.73,-0.5,-0.5
2015-05-29,0.23547353352066458,0.19,0.215,FORCE_SELL,-0.003303600925008182,-0.0037257424417628574,-0.0018877719571474452,-0.0018877719571474452,FORCE_SELL,3492340.551726335,211.19,-0.5,-0.5
2015-06-01,0.22571738326951576,0.19,0.215,FORCE_SELL,0.0038886517759755767,0.003035045288566326,0.0,0.0,FORCE_BUY,3505921.048015117,211.69,1.5499999999999994,2.1999999999999993
2015-06-02,0.2252514287226346,0.19,0.215,FORCE_SELL,0.0026084894474745026,0.0026084894474745026,0.0,0.0,FORCE_BUY,3515066.2060725433,211.4,1.5499999999999994,2.1999999999999993
2015-06-03,0.22146995593570007,0.19,0.215,FORCE_SELL,0.0030728501867347637,0.0047248996289489835,0.0,0.0,FREE,3531674.541085347,212.18,0.8999999999999997,1.2999999999999996
2015-06-04,0.24504091544669304,0.19,0.215,FORCE_SELL,-0.0023223849471538604,0.0010324814943521781,0.0,0.0,FREE,3535320.929693092,210.5,0.7499999999999998,1.2499999999999996
2015-06-05,0.22176507022523315,0.19,0.215,FORCE_SELL,-0.002140105578541963,0.002577040744788587,0.0,0.0,FREE,3544431.595774815,209.82,0.6999999999999997,0.9499999999999997
2015-06-08,0.23579518184407947,0.19,0.215,FORCE_SELL,-0.0041992746707386975,-0.0041992746707386975,0.0,0.0,FORCE_SELL,3544431.595774815,208.68,1.4499999999999995,-0.5
2015-06-09,0.22083508532397875,0.19,0.215,FORCE_SELL,0.0029776198251848297,0.0029776198251848297,0.0,0.0,FORCE_BUY,3554985.5655634054,208.84,1.4499999999999995,-0.5
2015-06-10,0.2244544460763078,0.19,0.215,FORCE_SELL,0.0,0.0,0.0,0.0,FORCE_BUY,3554985.5655634054,211.06,1.4499999999999995,-0.5
2015-06-11,0.2143088480045232,0.19,0.215,FREE,0.0,0.0,0.0,0.0,FORCE_BUY,3554985.5655634054,211.39,1.6499999999999995,2.3999999999999995
2015-06-12,0.23554923108023904,0.19,0.215,FORCE_SELL,-0.001189117199391084,-0.001189117199391084,0.0,0.0,FORCE_SELL,3554985.5655634054,209.99,1.1499999999999997,2.3999999999999995
2015-06-15,0.2109286565346463,0.19,0.215,FREE,-0.001529636711281021,-0.001529636711281021,0.0,-0.001529636711281021,FORCE_SELL,3554985.5655634054,208.88,1.3999999999999995,-0.5
2015-06-16,0.20683779072736933,0.19,0.215,FREE,0.011682692307692356,0.011394230769230894,0.011394230769230894,0.011394230769230894,FORCE_BUY,3596517.36808417,210.43,1.3999999999999995,-0.5
2015-06-17,0.21813930132683654,0.19,0.215,FORCE_SELL,0.0,0.0,0.0,0.0,FORCE_BUY,3596517.36808417,210.4,1.9999999999999996,1.6999999999999993
2015-06-18,0.20963762086498364,0.19,0.215,FREE,0.012804645849200404,0.002760853008377738,0.0,0.002760853008377738,FORCE_BUY,3642569.499272986,212.77,1.0499999999999996,1.7499999999999996
2015-06-19,0.22147068607907358,0.19,0.215,FORCE_SELL,-0.0006644202932941914,-0.0006644202932941914,0.0,0.0,FORCE_SELL,3642569.499272986,210.57,0.7999999999999998,1.9999999999999996
2015-06-22,0.23027598510653094,0.19,0.215,FORCE_SELL,-0.00023573785950026284,0.0017463295943540955,0.0,0.0,FREE,3648930.6261890577,212.05,0.7499999999999998,2.499999999999999
2015-06-23,0.2196161010794372,0.19,0.215,FORCE_SELL,0.0010851103981882324,0.005817985964423446,0.0,0.0,FREE,3670160.0533573804,212.19,0.3999999999999998,1.1999999999999997
2015-06-24,0.25457682061229386,0.19,0.215,FORCE_SELL,-0.006367924528301843,-0.004584683243428636,0.0,0.0,FORCE_SELL,3670160.0533573804,210.65,0.2999999999999998,1.1499999999999997
2015-06-25,0.24478321627313168,0.19,0.215,FORCE_SELL,-0.003038503537007879,-0.0024099083012557596,0.0,0.0,FORCE_SELL,3670160.0533573804,209.99,-0.5,1.1999999999999997
2015-06-26,0.22758286086805926,0.19,0.215,FORCE_SELL,-0.002572776216113127,0.0006606184381095061,0.0,0.0,FREE,3672584.6287594414,209.35,1.0499999999999996,1.1499999999999997
2015-06-29,0.3017541443535446,0.19,0.215,FORCE_SELL,-0.009901941934243397,-0.008330256958683563,0.0,0.0,FORCE_SELL,3672584.6287594414,205.98,1.2499999999999996,0.7999999999999998
2015-06-30,0.24898970010109775,0.19,0.215,FORCE_SELL,0.0,0.0,0.0,0.0,FORCE_BUY,3672584.6287594414,206.11,2.499999999999999,1.7499999999999996
2015-07-01,0.2560836342850709,0.19,0.215,FORCE_SELL,0.0,0.0,0.0,0.0,FORCE_BUY,3672584.6287594414,207.57,2.1499999999999995,1.0999999999999996
2015-07-02,0.2654743597411033,0.19,0.215,FORCE_SELL,-0.004271863300374545,-0.004271863300374545,0.0,0.0,FORCE_SELL,3672584.6287594414,207.45,1.8499999999999996,1.0999999999999996
2015-07-06,0.25724555109803277,0.19,0.215,FORCE_SELL,0.007329741274695462,0.001218697649670865,0.0,0.0,FORCE_BUY,3699503.723897672,207.52,1.5999999999999996,1.0499999999999996
2015-07-07,0.23102725521458178,0.19,0.215,FORCE_SELL,0.0024152255820694096,0.003284706791614282,0.0,0.0,FREE,3711655.5089051602,207.52,1.9499999999999993,2.2999999999999994
2015-07-08,0.2636340225112325,0.19,0.215,FORCE_SELL,-0.006059430898249964,0.0009677263135938577,0.0,0.0,FREE,3715247.3756081234,205.04,1.8999999999999995,1.8999999999999995
2015-07-09,0.27061694542332765,0.19,0.215,FORCE_SELL,0.007080078125000002,0.005322265624999969,0.0,0.0,FORCE_BUY,3741551.61728113,206.25,2.2499999999999996,0.9999999999999996
2015-07-10,0.248259187592255,0.19,0.215,FORCE_SELL,0.0,0.0,0.0,0.0,FORCE_BUY,3741551.61728113,207.79,1.4999999999999996,0.8999999999999997
2015-07-13,0.23239288323601726,0.19,0.215,FORCE_SELL,0.0053160919540229164,0.0005747126436780466,0.0,0.0,FORCE_BUY,3761442.0497293198,209.91,-0.5,1.5499999999999994
2015-07-14,0.15244155355308134,0.19,0.215,FORCE_BUY,0.0,0.0,0.0,0.0,FORCE_BUY,3761442.0497293198,210.52,-0.5,1.5499999999999994
2015-07-15,0.15953867790724394,0.19,0.215,FORCE_BUY,0.0015174506828527696,-0.0027765648889872953,0.0,0.0015174506828527696,FORCE_BUY,3767149.8525361926,211.2,-0.5,1.5499999999999994
2015-07-16,0.1414097717713983,0.19,0.215,FORCE_BUY,0.00335633922662378,0.00335633922662378,0.00335633922662378,0.00335633922662378,FORCE_BUY,3779793.68535883,212.25,0.6999999999999997,2.2999999999999994
2015-07-17,0.14451151979909707,0.19,0.215,FORCE_BUY,0.001649387370405369,0.001649387370405369,0.001649387370405369,0.001649387370405369,FORCE_BUY,3786028.0293261986,212.55,0.4999999999999998,2.1999999999999993
2015-07-20,0.1574813355030001,0.19,0.215,FORCE_BUY,0.0002351392024078384,0.00014108352144467297,0.00014108352144467297,0.0002351392024078384,FORCE_BUY,3786918.272937308,212.69,0.19999999999999984,1.3999999999999995
2015-07-21,0.18062843386403035,0.19,0.215,FORCE_BUY,-0.0068161519296760405,-0.0068161519296760405,-0.0068161519296760405,-0.0068161519296760405,FORCE_BUY,3761106.062643701,211.28,0.19999999999999984,1.3999999999999995
2015-07-22,0.16598254181550343,0.19,0.215,FORCE_BUY,0.0016091627620805507,-0.00011832079132938328,-0.00011832079132938328,0.0016091627620805507,FORCE_BUY,3767158.2944639423,211.63,1.4999999999999996,-0.5
2015-07-23,0.18604461069385472,0.19,0.215,FORCE_BUY,-0.00510204081632663,0.0019281088896031032,-4.724111866978332e-05,-0.00510204081632663,FREE,3774421.78586004,210.6,1.4999999999999996,0.8999999999999997
2015-07-24,0.24634848884292115,0.19,0.215,FORCE_SELL,-0.010771566859637484,-0.011483344405428546,-0.011483344405428546,-0.011483344405428546,FORCE_BUY,3733765.349237176,208.47,1.3499999999999996,0.8499999999999996
2015-07-27,0.21055175718749528,0.19,0.215,FREE,0.0,0.0,0.0,0.0,FORCE_BUY,3733765.349237176,207.2,2.349999999999999,1.0499999999999996
2015-07-28,0.2509975905415464,0.19,0.215,FORCE_SELL,0.009979270115219542,0.0037073056022273987,0.0,0.0,FORCE_BUY,3771025.6022040606,209.5,1.8499999999999996,1.2999999999999996
2015-07-29,0.24181124084100325,0.19,0.215,FORCE_SELL,0.0,0.0,0.0,0.0,FORCE_BUY,3771025.6022040606,210.53,1.7999999999999994,1.6999999999999993
2015-07-30,0.2375363774774212,0.19,0.215,FORCE_SELL,0.0,0.0,0.0,0.0,FORCE_BUY,3771025.6022040606,210.82,1.4499999999999995,1.6499999999999995
2015-07-31,0.2718078074295312,0.19,0.215,FORCE_SELL,-0.0012813211845102103,-1.8611816990903279e-06,0.0,0.0,FORCE_SELL,3771025.6022040606,210.45,0.9499999999999997,1.1499999999999997
2015-08-03,0.2645660616745621,0.19,0.215,FORCE_SELL,-0.0010495181757465746,-0.0009541074324969976,0.0,0.0,FORCE_SELL,3771025.6022040606,209.4,1.1999999999999997,1.3499999999999996
2015-08-04,0.26395934439439545,0.19,0.215,FORCE_SELL,0.0,0.0,0.0,0.0,FORCE_BUY,3771025.6022040606,208.99,2.2499999999999996,1.3499999999999996
2015-08-05,0.28593034337131423,0.19,0.215,FORCE_SELL,-0.004929610845143854,-0.004929610845143854,0.0,0.0,FORCE_SELL,3771025.6022040606,209.93,1.1499999999999997,1.1999999999999997
2015-08-06,0.2935936252235453,0.19,0.215,FORCE_SELL,-0.005389164441053003,-0.004697032804253915,0.0,0.0,FORCE_SELL,3771025.6022040606,208.55,-0.5,1.3999999999999995
2015-08-07,0.2512857665469677,0.19,0.215,FORCE_SELL,-0.0003846153846154216,0.001778215063131885,0.0,0.0,FREE,3777731.2967333556,207.92,1.6499999999999995,-0.5
2015-08-10,0.25193138742209437,0.19,0.215,FORCE_SELL,0.0,0.0,0.0,0.0,FORCE_BUY,3777731.2967333556,210.68,1.8499999999999996,-0.5
2015-08-11,0.25607738230466803,0.19,0.215,FORCE_SELL,0.0010537912535325347,0.002350345094967525,0.0,0.0,FREE,3786610.2689567385,208.99,1.8499999999999996,-0.5
2015-08-12,0.23708405948479014,0.19,0.215,FORCE_SELL,0.013536461112997866,0.0051503379000453695,0.0,0.0,FORCE_BUY,3837867.5716125495,208.9,1.4999999999999996,1.0999999999999996
2015-08-13,0.26264157949577016,0.19,0.215,FORCE_SELL,0.0,0.0,0.0,0.0,FORCE_BUY,3837867.5716125495,208.54,2.0999999999999996,1.3999999999999995
2015-08-14,0.2386278949719416,0.19,0.215,FORCE_SELL,0.0,0.0,0.0,0.0,FORCE_BUY,3837867.5716125495,209.75,2.0999999999999996,1.3499999999999996
2015-08-17,0.2471313050535122,0.19,0.215,FORCE_SELL,0.010896174338789345,0.004872077953247227,0.0,0.0,FORCE_BUY,3879685.6457620263,210.6,1.5499999999999994,1.6999999999999993
2015-08-18,0.25852405499842096,0.19,0.215,FORCE_SELL,0.0,0.0,0.0,0.0,FORCE_BUY,3879685.6457620263,209.98,1.5499999999999994,1.6999999999999993
2015-08-19,0.27129810765404266,0.19,0.215,FORCE_SELL,-0.000960153624580038,-0.0013922227556409938,0.0,0.0,FORCE_SELL,3879685.6457620263,208.1,1.5499999999999994,1.6999999999999993
2015-08-20,0.2758012048283384,0.19,0.215,FORCE_SELL,-0.01896427021553586,-0.018204881164904454,0.0,0.0,FORCE_SELL,3879685.6457620263,203.457,1.5499999999999994,1.6999999999999993
2015-08-21,0.266615127863709,0.19,0.215,FORCE_SELL,-0.022906793048973178,-0.022906793048973178,0.0,0.0,FORCE_SELL,3879685.6457620263,197.92,2.349999999999999,-0.5
2015-08-24,0.24958359653954654,0.19,0.215,FORCE_SELL,-0.022148964664674805,-0.022148964664674805,0.0,0.0,FORCE_SELL,3879685.6457620263,189.84,2.499999999999999,-0.5
2015-08-25,0.26130510745150043,0.19,0.215,FORCE_SELL,-0.03800155319699716,-0.03393486178261158,0.0,0.0,FORCE_SELL,3879685.6457620263,185.81,2.499999999999999,-0.5
2015-08-26,0.2575570581777814,0.19,0.215,FORCE_SELL,0.029084191079440536,0.0014779625230931046,0.0,0.0,FORCE_BUY,3992523.1644115318,194.96,-0.5,-0.5
2015-08-27,0.24496154197912265,0.19,0.215,FORCE_SELL,0.016961238730708407,0.0031070137014210957,0.0,0.0,FORCE_BUY,4060241.3029409987,199.66,-0.5,-0.5
2015-08-28,0.2292169436974926,0.19,0.215,FORCE_SELL,0.0055964505394776425,0.0058504886533675875,0.0,0.0,FREE,4083995.69861379,199.45,-0.5,-0.5
2015-08-31,0.2406327172533512,0.19,0.215,FORCE_SELL,-0.007933299646285957,-0.002550969080977384,0.0,0.0,FORCE_SELL,4083995.69861379,196.33,-0.5,1.6499999999999995
2015-09-01,0.2309339640530987,0.19,0.215,FORCE_SELL,-0.0039276485788113935,0.007449098040121211,0.0,0.0,FREE,4114417.782968197,192.74,2.3999999999999995,-0.5
2015-09-02,0.2406148217928468,0.21,0.235,FORCE_SELL,0.018438684880278486,0.007640688023258484,0.0,0.0,FORCE_BUY,4190282.2359341616,196.08,2.499999999999999,-0.5
2015-09-03,0.2739792807363513,0.21,0.245,FORCE_SELL,-0.008917261995237303,-0.003131251234109535,0.0,0.0,FORCE_SELL,4190282.2359341616,195.61,2.4499999999999993,-0.5
2015-09-04,0.2334994533276367,0.21,0.245,FREE,-0.0109607368908558,-0.008122821642994717,0.0,-0.008122821642994717,FORCE_SELL,4190282.2359341616,192.2,1.9999999999999996,-0.5
2015-09-08,0.21725389760585614,0.19,0.215,FORCE_SELL,0.0072925697383854,0.007969480204137404,0.001325921770615417,0.001325921770615417,FREE,4223676.607263188,197.52,2.0499999999999994,-0.5
2015-09-09,0.24095590477027481,0.21,0.245,FREE,-0.01494124797406796,-0.004924074661379106,0.0,-0.004924074661379106,FORCE_SELL,4223676.607263188,194.49,2.1499999999999995,2.1999999999999993
2015-09-10,0.20823901288342483,0.21,0.235,FORCE_BUY,0.0002045721884109325,-0.006290594793637696,0.0,0.0002045721884109325,FORCE_BUY,4224540.654029876,195.57,2.499999999999999,-0.5
2015-09-11,0.18125798227535964,0.21,0.235,FORCE_BUY,0.007614472608339998,-0.0003609047212165141,-0.0022996729354049067,0.007614472608339998,FORCE_BUY,4256708.303122805,197.17,2.2499999999999996,-0.5
2015-09-14,0.19421445132313853,0.21,0.235,FORCE_BUY,-0.005018248175182538,0.001738196728587312,-0.0001520681265207927,-0.005018248175182538,FREE,4264107.299569843,196.29,2.0999999999999996,2.0999999999999996
2015-09-15,0.1913832314694304,0.21,0.235,FORCE_BUY,0.014606741573033568,0.004746883552803716,0.0011235955056179902,0.014606741573033568,FORCE_BUY,4326392.012934346,198.66,-0.5,1.9999999999999996
2015-09-16,0.16962776154835865,0.21,0.235,FORCE_BUY,0.008562075044069382,0.0013598589775874565,0.0013598589775874565,0.008562075044069382,FORCE_BUY,4363434.906019152,200.25,1.8999999999999995,2.2499999999999996
2015-09-17,0.20502883679374695,0.21,0.235,FORCE_BUY,-0.0037471896077942235,-0.0037471896077942235,-0.0037471896077942235,-0.0037471896077942235,FORCE_BUY,4347084.28808503,199.4,1.2499999999999996,2.499999999999999
2015-09-18,0.1951947632974298,0.21,0.235,FORCE_BUY,-0.01604547054977117,-0.014138776408052315,-0.011719732407826674,-0.01604547054977117,FORCE_SELL,4296137.623474406,195.62,1.2499999999999996,2.499999999999999
2015-09-21,0.1882849236634447,0.21,0.235,FORCE_BUY,0.007976683540420373,0.017060140183818184,0.0036815462494248696,0.007976683540420373,FREE,4369430.333579855,197.13,2.3999999999999995,-0.5
2015-09-22,0.17771043395906208,0.21,0.235,FORCE_BUY,-0.011340996168582324,-0.00807438923800871,-0.007203065134099574,-0.011340996168582324,FORCE_SELL,4337957.042288168,193.53,2.349999999999999,1.8999999999999995
2015-09-23,0.19760960778759395,0.21,0.235,FORCE_BUY,0.0009298481248061942,-0.004877220180241466,0.00501084822812267,0.0009298481248061942,FORCE_SELL,4359693.88664719,193.76,2.349999999999999,0.7499999999999998
2015-09-24,0.1865756744397072,0.21,0.235,FORCE_BUY,-0.000517143300408563,-0.0021289457967605713,-0.005740290634535034,-0.000517143300408563,FORCE_BUY,4357439.300161879,193.27,2.0999999999999996,0.8499999999999996
2015-09-25,0.21764605469819062,0.21,0.235,FREE,-0.00799587309775592,0.0003987210609536892,0.002063451122001627,0.0003987210609536892,FORCE_SELL,4366430.663174852,192.3,-0.5,1.1499999999999997
2015-09-28,0.22210302394479312,0.21,0.235,FREE,-0.023261838151486844,-0.01556011523085402,0.0011397782613201558,-0.01556011523085402,FORCE_SELL,4371407.4259243,188.53,-0.5,-0.5
2015-09-29,0.21308751321357347,0.19,0.215,FREE,-0.00026546323334195873,0.0040743603768771605,0.004672152906822515,0.0040743603768771605,FORCE_SELL,4391831.309836238,188.3,-0.5,-0.5
2015-09-30,0.2005956247134766,0.19,0.215,FREE,0.008597953370608697,0.0016305622274599145,0.00047473362168989707,0.0016305622274599145,FORCE_BUY,4429592.070649789,191.21,-0.5,1.7999999999999994
2015-10-01,0.19834939634038426,0.21,0.235,FORCE_BUY,0.0009884507335344932,0.0009884507335344932,0.0,0.0009884507335344932,FORCE_BUY,4433970.504181281,192.41,-0.5,2.1999999999999993
2015-10-02,0.21844317770617028,0.21,0.235,FREE,0.011777835452893867,-0.006936449449265122,-0.014170776018686885,-0.006936449449265122,FORCE_BUY,4486193.079182513,194.919,-0.5,2.499999999999999
2015-10-05,0.19415977556187927,0.21,0.235,FORCE_BUY,0.005380437541241629,0.0019795949444192345,0.0,0.005380437541241629,FORCE_BUY,4510330.760843005,198.07,-0.5,2.349999999999999
2015-10-06,0.20334009994189503,0.21,0.235,FORCE_BUY,-0.0007600709399544254,0.006511714692319808,0.003851026095768946,-0.0007600709399544254,FREE,4539700.7479256075,197.2,-0.5,2.349999999999999
2015-10-07,0.19830359288944951,0.195,0.22,FREE,0.0028166180464742675,-0.0006537263122766055,0.0006538577607886584,-0.0006537263122766055,FORCE_BUY,4552487.350977808,199.38,1.3999999999999995,2.2999999999999994
2015-10-08,0.20249586744056247,0.195,0.22,FREE,0.015495659196446611,0.0021199273167776304,0.0,0.0021199273167776304,FORCE_BUY,4623031.143464694,201.19,1.4499999999999995,2.499999999999999
2015-10-09,0.2063336641445932,0.21,0.235,FORCE_BUY,0.0027397260273972334,0.002590886076229378,0.0,0.0027397260273972334,FORCE_BUY,4635696.982213912,201.3,-0.5,2.3999999999999995
2015-10-12,0.18520909325867704,0.21,0.235,FORCE_BUY,0.0010917030567686086,0.0029329150158277106,0.00014886859865027854,0.0010917030567686086,FREE,4649293.087501874,201.74,-0.5,2.349999999999999
2015-10-13,0.2316878396721268,0.21,0.235,FREE,-0.004182642035552427,0.008084050911101738,0.0010954538664542648,0.008084050911101738,FREE,4686878.209521873,199.99,-0.5,2.349999999999999
2015-10-14,0.23532378510462756,0.21,0.235,FORCE_SELL,-0.000901577761082015,0.0031028247328617592,0.0,0.0,FREE,4701420.771150288,199.47,1.8499999999999996,1.8499999999999996
2015-10-15,0.21885012378233995,0.21,0.245,FREE,0.0,0.0,0.0,0.0,FORCE_BUY,4701420.771150288,202.86,2.2499999999999996,1.8999999999999995
2015-10-16,0.20501955666540275,0.21,0.245,FORCE_BUY,0.003949447077409201,0.005011039975648489,0.0,0.003949447077409201,FREE,4724979.778576866,203.36,1.8999999999999995,2.0999999999999996
2015-10-19,0.19991017686872167,0.21,0.245,FORCE_BUY,-0.0007866273352997895,-0.0006882989183874281,-0.0006882989183874281,-0.0007866273352997895,FREE,4721727.580105869,203.24,2.0499999999999994,2.0999999999999996
2015-10-20,0.225642067555079,0.21,0.245,FREE,-0.004423691324649647,-0.0003418817434006381,-0.0010813467682476848,-0.0003418817434006381,FREE,4720113.3076489195,202.55,1.2499999999999996,-0.5
2015-10-21,0.250140162110677,0.21,0.245,FORCE_SELL,-0.009136457412319648,-0.00854700854700858,0.0,0.0,FORCE_SELL,4720113.3076489195,201.72,1.0999999999999996,-0.5
2015-10-22,0.1907016220886664,0.21,0.245,FORCE_BUY,0.0,0.0,0.0,0.0,FORCE_BUY,4720113.3076489195,206.56,1.1499999999999997,0.8999999999999997
2015-10-23,0.1837061725267798,0.21,0.245,FORCE_BUY,0.0,0.0,0.0,0.0,FORCE_BUY,4720113.3076489195,207.29,1.5499999999999994,1.9499999999999993
2015-10-26,0.20812069353850413,0.21,0.245,FORCE_BUY,0.0,0.0,0.0,0.0,FORCE_BUY,4720113.3076489195,206.97,1.5499999999999994,1.9499999999999993
2015-10-27,0.20865843157096917,0.21,0.245,FORCE_BUY,0.0012592628469026274,0.0012592628469026274,0.0,0.0012592628469026274,FORCE_BUY,4726057.170970412,206.73,1.5499999999999994,1.9499999999999993
2015-10-28,0.20275441872369596,0.21,0.245,FORCE_BUY,0.009040804486559648,0.0003380615442444306,-4.83465480563856e-05,0.009040804486559648,FORCE_BUY,4768784.529845459,208.71,2.0499999999999994,-0.5
2015-10-29,0.18923074957364108,0.21,0.245,FORCE_BUY,0.0029737637296753574,0.0007640413707709837,-0.0007674228979807326,0.0029737637296753574,FORCE_BUY,4782965.768314951,209.11,-0.5,1.2999999999999996
2015-10-30,0.21472427892907694,0.21,0.245,FREE,-0.007111492936235215,-0.007111492936235215,-0.007111492936235215,-0.007111492936235215,FORCE_BUY,4748951.741039325,208.03,1.6499999999999995,1.5499999999999994
2015-11-02,0.19552630390549494,0.21,0.245,FORCE_BUY,0.013348754276902294,0.004232522444909486,0.0033251409570622505,0.013348754276902294,FORCE_BUY,4812344.330903325,210.28,2.1499999999999995,0.9499999999999997
2015-11-03,0.1937293520090897,0.21,0.245,FORCE_BUY,0.004096798780487825,-0.00042873475609741244,-0.00042873475609741244,0.004096798780487825,FORCE_BUY,4832059.537289457,210.78,2.1499999999999995,0.9499999999999997
2015-11-04,0.22759452045808123,0.21,0.245,FREE,-0.00563260283050122,0.0008519903441092844,0.0008519903441092844,0.0008519903441092844,FREE,4836176.40535739,210.08,2.1499999999999995,0.9499999999999997
2015-11-05,0.211590902556395,0.21,0.245,FREE,0.0,0.0,0.0,0.0,FORCE_BUY,4836176.40535739,209.95,2.0499999999999994,2.349999999999999
2015-11-06,0.20073297739454676,0.21,0.245,FORCE_BUY,0.0007620862110027275,0.0032550448716894584,0.0,0.0007620862110027275,FREE,4851918.376564234,210.11,-0.5,-0.5
2015-11-09,0.2253023354057159,0.21,0.245,FREE,-0.007394332601851072,-0.00555886249418772,-0.0007155805743728213,-0.00555886249418772,FORCE_SELL,4848446.438025522,208.07,-0.5,1.1999999999999997
2015-11-10,0.1966153026536256,0.21,0.245,FORCE_BUY,0.0,0.0,0.0,0.0,FORCE_BUY,4848446.438025522,208.4,2.2499999999999996,1.3499999999999996
2015-11-11,0.23121708576302005,0.21,0.245,FREE,-0.0006254811393378098,-0.0012028483448806525,0.0,-0.0012028483448806525,FORCE_SELL,4848446.438025522,207.71,1.4499999999999995,0.5499999999999998
2015-11-12,0.30924884387514556,0.21,0.245,FORCE_SELL,-0.012196885696379537,-0.011483120740719017,0.0,0.0,FORCE_SELL,4848446.438025522,204.9,-0.5,0.7999999999999998
2015-11-13,0.3035358103374888,0.21,0.245,FORCE_SELL,-0.01683468728589597,-0.01683468728589597,0.0,0.0,FORCE_SELL,4848446.438025522,200.9,2.499999999999999,-0.5
2015-11-16,0.2809470493351495,0.21,0.245,FORCE_SELL,0.012969720879771149,0.009848143251747836,0.0,0.0,FORCE_BUY,4911329.435027234,205.41,2.499999999999999,-0.5
2015-11-17,0.31915969504082614,0.21,0.245,FORCE_SELL,-0.0005108121913844316,-0.0005108121913844316,0.0,0.0,FORCE_SELL,4911329.435027234,205.45,1.2999999999999996,2.0499999999999994
2015-11-18,0.29610437576572063,0.21,0.245,FORCE_SELL,0.012992679497745564,0.0085562728323847,0.0,0.0,FORCE_BUY,4975140.764284386,208.95,1.2999999999999996,2.0999999999999996
2015-11-19,0.291169758484712,0.21,0.245,FORCE_SELL,0.0,0.0,0.0,0.0,FORCE_BUY,4975140.764284386,208.41,1.4499999999999995,2.0499999999999994
2015-11-20,0.18405727017713058,0.21,0.245,FORCE_BUY,0.0,0.0,0.0,0.0,FORCE_BUY,4975140.764284386,209.5,1.0499999999999996,2.349999999999999
2015-11-23,0.195341711306965,0.21,0.245,FORCE_BUY,0.0008613676604298491,0.004653507977332115,0.0,0.0008613676604298491,FREE,4998292.621519335,209.15,0.8999999999999997,-0.5
2015-11-24,0.18227854412872446,0.21,0.245,FORCE_BUY,0.005191558909772625,-0.000817189828390178,-0.000817189828390178,0.005191558909772625,FORCE_BUY,5024241.552112234,209.11,1.2999999999999996,-0.5
2015-11-25,0.181858918387223,0.21,0.245,FORCE_BUY,0.0008591885441528666,-9.546539379476296e-05,-9.546539379476296e-05,0.0008591885441528666,FORCE_BUY,5028558.322896865,209.68,1.5999999999999996,-0.5
2015-11-27,0.16763891085160854,0.21,0.245,FORCE_BUY,0.0006211476898082672,0.0015762121008648974,0.0020545654355200154,0.0006211476898082672,FORCE_SELL,5038889.825017585,209.42,1.5999999999999996,-0.5
2015-11-30,0.19325359694449643,0.21,0.245,FORCE_BUY,0.0007162639671473876,0.0003796478571355852,0.0014325279342947753,0.0007162639671473876,FORCE_SELL,5046108.175449757,209.57,1.5999999999999996,-0.5
2015-12-01,0.15590356539509262,0.21,0.245,FORCE_BUY,0.00568208948097216,0.0009549730220121167,0.0009549730220121167,0.00568208948097216,FORCE_BUY,5074780.613633327,210.62,1.1499999999999997,1.6499999999999995
2015-12-02,0.18890031098147816,0.21,0.245,FORCE_BUY,-0.009246526625254797,-0.00575845597347641,0.00018967234103089612,-0.009246526625254797,FORCE_SELL,5075743.159152533,208.94,0.5499999999999998,1.5499999999999994
2015-12-03,0.2251440168709046,0.21,0.245,FREE,-0.015128376443638463,-0.011156929255374013,-9.544716999127631e-05,-0.011156929255374013,FORCE_SELL,5075258.693832389,206.37,0.6999999999999997,1.5499999999999994
2015-12-04,0.20914176213067834,0.21,0.245,FORCE_BUY,0.013538997147139941,0.0013055461534743035,0.0013055461534743035,0.013538997147139941,FORCE_BUY,5143972.606809183,209.61,1.9999999999999996,0.3999999999999998
2015-12-07,0.1911922217197596,0.21,0.245,FORCE_BUY,-0.006574559313958964,0.000952834683182503,0.000952834683182503,-0.006574559313958964,FREE,5148873.962318291,208.52,2.4499999999999993,0.6999999999999997
2015-12-08,0.18725303223817166,0.21,0.245,FORCE_BUY,-0.00365454895172159,-0.0029813425658780307,-0.0029813425658780307,-0.00365454895172159,FREE,5133523.40520809,207.2,2.2499999999999996,-0.5
2015-12-09,0.22207572709702447,0.21,0.245,FREE,-0.007105224998791647,0.00812025714147621,0.00812025714147621,0.00812025714147621,FREE,5175208.935300167,205.42,2.2499999999999996,-0.5
2015-12-10,0.19046148487149914,0.21,0.245,FORCE_BUY,-0.0007674757281553013,0.005501368632287304,0.0,-0.0007674757281553013,FREE,5203679.667402361,205.8419,2.0999999999999996,-0.5
2015-12-11,0.25706758865269946,0.21,0.245,FORCE_SELL,-0.020827250608272417,-0.004490748993961321,0.001557177615571848,0.001557177615571848,FORCE_SELL,5211782.7208990455,201.22,2.0499999999999994,-0.5
2015-12-14,0.22898334674161117,0.21,0.245,FREE,0.00010993886807345022,-0.0015282981660422583,0.0,-0.0015282981660422583,FORCE_BUY,5212355.698392026,202.8623,2.3999999999999995,-0.5
2015-12-15,0.26657749192431707,0.21,0.245,FORCE_SELL,4.872819413310994e-05,0.0015280038387107129,0.0,0.0,FREE,5220320.197907895,205.23,-0.5,2.1999999999999993
2015-12-16,0.2662116841311963,0.21,0.245,FORCE_SELL,0.005814798662596229,0.001399216260261521,0.0,0.0,FORCE_BUY,5250675.308813014,207.57,-0.5,2.2499999999999996
2015-12-17,0.3055352840570973,0.21,0.245,FORCE_SELL,-0.011960557403924864,-0.011863757223401945,0.0,0.0,FORCE_SELL,5250675.308813014,204.9095,-0.5,2.1999999999999993
2015-12-18,0.2568062805828994,0.21,0.245,FORCE_SELL,-0.011531228348015444,-0.011531228348015444,0.0,0.0,FORCE_SELL,5250675.308813014,199.73,2.1499999999999995,-0.5
2015-12-21,0.24710575082573405,0.21,0.245,FORCE_SELL,0.004914614773629873,0.002930920795579809,0.0,0.0,FORCE_BUY,5276480.35525724,202.43,2.4499999999999993,-0.5
2015-12-22,0.2607669326601805,0.21,0.245,FORCE_SELL,0.01161982321978357,0.004469162776839812,0.0,0.0,FORCE_BUY,5337792.124207989,203.72,-0.5,1.7499999999999996
2015-12-23,0.24412437568096398,0.21,0.245,FREE,0.0,0.0,0.0,0.0,FORCE_BUY,5337792.124207989,205.89,-0.5,1.9999999999999996
2015-12-24,0.2666135064669189,0.21,0.245,FORCE_SELL,0.0007792334291140978,0.0029708274484974797,0.0,0.0,FREE,5353649.78356496,205.49,-0.5,1.9999999999999996
2015-12-28,0.21898024880005632,0.21,0.245,FREE,0.0046481676217618876,0.0033763372410935866,0.0,0.0033763372410935866,FORCE_BUY,5378534.445147178,205.31,-0.5,1.9999999999999996
2015-12-29,0.23872675546228264,0.21,0.245,FREE,0.008106009125327556,0.00048538976798362637,0.00048538976798362637,0.00048538976798362637,FORCE_BUY,5422132.894440429,207.69,0.8499999999999996,2.4499999999999993
2015-12-30,0.26118798328624254,0.21,0.245,FORCE_SELL,0.0,0.0,0.0,0.0,FORCE_BUY,5422132.894440429,206.06,0.8499999999999996,2.499999999999999
2015-12-31,0.2772076108709911,0.21,0.245,FORCE_SELL,-0.00739335570796249,-0.00739335570796249,0.0,0.0,FORCE_SELL,5422132.894440429,204.07,0.8499999999999996,2.499999999999999
2016-01-04,0.19199626578700224,0.21,0.245,FORCE_BUY,0.0037824117851987834,-0.0015428258597521276,0.0,0.0037824117851987834,FORCE_BUY,5442641.633801275,201.69,1.7999999999999994,-0.5
2016-01-05,0.24231107868931367,0.21,0.245,FREE,0.0025355473799344233,0.006129223642919886,-0.0018395147658346372,0.006129223642919886,FREE,5476000.801583109,201.65,-0.5,2.3999999999999995
2016-01-06,0.21623649556542668,0.21,0.245,FREE,-0.000952476438740658,-0.000952476438740658,0.0,-0.000952476438740658,FORCE_SELL,5476000.801583109,199.29,2.2499999999999996,2.3999999999999995
2016-01-07,0.2388905822389994,0.21,0.245,FREE,-0.00175014155556705,-0.00175014155556705,-0.00175014155556705,-0.00175014155556705,FORCE_BUY,5466417.0250219405,193.93,-0.5,2.4499999999999993
2016-01-08,0.2459847512328477,0.21,0.245,FORCE_SELL,-0.021782511210762467,-0.009016132140109677,0.0007643701589888219,0.0007643701589888219,FORCE_SELL,5470595.391072456,191.9654,-0.5,-0.5
2016-01-11,0.22291828134362426,0.21,0.245,FREE,-0.000571369208393983,0.008302145632502598,0.0,0.008302145632502598,FREE,5516013.070705636,192.41,-0.5,1.6499999999999995
2016-01-12,0.251376570027962,0.21,0.245,FORCE_SELL,0.01037518263410571,0.004437302808123136,0.005583385514506528,0.005583385514506528,FORCE_BUY,5573242.713726321,193.6283,2.0999999999999996,1.9499999999999993
2016-01-13,0.2953898039953373,0.21,0.245,FORCE_SELL,-0.02914717524289301,-0.02914717524289301,0.0,0.0,FORCE_SELL,5573242.713726321,188.86,-0.5,1.1499999999999997
2016-01-14,0.24724758945510447,0.21,0.245,FORCE_SELL,0.0164682833845176,0.013766695356617759,0.0,0.0,FORCE_BUY,5665024.454106664,191.9702,1.8999999999999995,1.1999999999999997
2016-01-15,0.20555446187480939,0.21,0.245,FORCE_BUY,-0.005598985844073579,-0.005598985844073579,0.0,-0.005598985844073579,FORCE_SELL,5665024.454106664,188.26,2.1999999999999993,-0.5
2016-01-19,0.2651051784578304,0.21,0.245,FORCE_SELL,-0.016799664006719832,-0.016799664006719832,-0.016799664006719832,-0.016799664006719832,FORCE_BUY,5569853.946687821,187.28,2.499999999999999,-0.5
2016-01-20,0.22793441545130058,0.21,0.245,FREE,0.009349633251833748,0.0008804807833512119,0.002390654713393051,0.0008804807833512119,FORCE_BUY,5621930.038355631,185.7708,2.499999999999999,-0.5
2016-01-21,0.2614207184133878,0.21,0.245,FORCE_SELL,-0.0055845122859271065,-0.003483671949792617,0.0,0.0,FORCE_SELL,5621930.038355631,186.97,2.349999999999999,2.2999999999999994
2016-01-22,0.23979639473948167,0.21,0.245,FREE,0.009473907060442323,0.002328781623795879,0.0,0.002328781623795879,FORCE_BUY,5675191.681039321,190.73,2.499999999999999,2.3999999999999995
2016-01-25,0.26009466011932947,0.21,0.245,FORCE_SELL,-0.009834505366678955,-0.007508063236926957,0.0,0.0,FORCE_SELL,5675191.681039321,187.27,2.499999999999999,2.3999999999999995
2016-01-26,0.2352400555656017,0.21,0.245,FREE,0.021001717844105792,0.017711418303501137,0.0,0.017711418303501137,FORCE_BUY,5794380.455435725,190.1922,2.2499999999999996,-0.5
2016-01-27,0.17164328767529113,0.21,0.245,FORCE_BUY,-0.003671026849547198,-0.007496636534225635,0.0,-0.003671026849547198,FORCE_SELL,5794380.455435725,188.1368,2.2999999999999994,-0.5
2016-01-28,0.1676108763995506,0.21,0.245,FORCE_BUY,-0.0026763310490249053,0.011908586988509095,-0.0013705851344228625,-0.0026763310490249053,FREE,5863383.339133798,189.1923,2.499999999999999,2.349999999999999
2016-01-29,0.1515129448070691,0.21,0.245,FORCE_BUY,0.02061747225582503,0.022789113511262175,0.00226161047704202,0.02061747225582503,FREE,5997004.647609361,194.05,2.1999999999999993,2.4499999999999993
2016-02-01,0.14334608767396992,0.21,0.245,FORCE_BUY,-0.0017587419822056296,0.004586475837234607,-0.0029484792054622904,-0.0017587419822056296,FREE,6024509.764521406,192.98,-0.5,1.7999999999999994
2016-02-02,0.16096957387938512,0.21,0.245,FORCE_BUY,-0.011963589076723154,-0.007917379091914192,-0.0005201560468141005,-0.011963589076723154,FORCE_SELL,6021376.0793383,189.95,1.9499999999999993,-0.5
2016-02-03,0.1676860593122682,0.21,0.245,FORCE_BUY,0.0016233766233766677,0.01016432707691138,0.0017281105990782802,0.0016233766233766677,FREE,6082579.315261785,191.27,2.1499999999999995,-0.5
2016-02-04,0.16252015355472169,0.21,0.245,FORCE_BUY,-0.0013391041351619541,0.006456877709131171,0.0004693121969024307,-0.0013391041351619541,FREE,6121853.786056521,191.5132,2.1499999999999995,1.4499999999999995
2016-02-05,0.17238099069021653,0.21,0.245,FORCE_BUY,-0.016586629001883322,-0.00410251337225999,0.0015693659761456613,-0.016586629001883322,FORCE_SELL,6131461.215099297,187.9893,2.2999999999999994,1.3499999999999996
2016-02-08,0.19103428778782638,0.21,0.245,FORCE_BUY,-0.01642743221690589,-0.01642743221690589,-0.01642743221690589,-0.01642743221690589,FORCE_BUY,6030737.051597666,185.01,1.8499999999999996,1.7499999999999996
2016-02-09,0.23423303962737174,0.21,0.245,FREE,-0.0008624407072012634,0.004642029262844343,0.00258732212160409,0.004642029262844343,FREE,6058731.909467703,185.36,-0.5,-0.5
2016-02-10,0.25600287347172884,0.21,0.245,FORCE_SELL,-0.01420302283202921,-0.010714747105648958,0.0018758709400792542,0.0018758709400792542,FORCE_SELL,6070097.308590404,183.93,2.499999999999999,-0.5
2016-02-11,0.19658695145309169,0.21,0.245,FORCE_BUY,0.005171599582669716,0.010104198417333544,0.0,0.005171599582669716,FREE,6131430.776208923,183.0518,-0.5,1.3999999999999995
2016-02-12,0.21283070922186523,0.21,0.245,FREE,0.01296446975861138,0.00048697223305801956,-0.0007051803634390369,0.00048697223305801956,FORCE_BUY,6210921.5250841025,186.74,2.2999999999999994,-0.5
2016-02-16,0.2021302596244152,0.215,0.245,FORCE_BUY,0.0,0.0,0.0,0.0,FORCE_BUY,6210921.5250841025,190.22,-0.5,1.6999999999999993
2016-02-17,0.2151085679121201,0.215,0.245,FREE,0.0,0.0,0.0,0.0,FORCE_BUY,6210921.5250841025,193.13,-0.5,1.6999999999999993
2016-02-18,0.22474307282912465,0.215,0.245,FREE,-0.002818861653510712,0.0017249629351605788,0.003894889904445348,0.0017249629351605788,FORCE_SELL,6235112.380629455,192.0172,-0.5,1.6999999999999993
2016-02-19,0.2010012393093159,0.215,0.245,FORCE_BUY,-0.003631082062454558,-0.0021871497885425756,-0.004097935470484579,-0.003631082062454558,FREE,6221475.255904621,192.08,1.1499999999999997,-0.5
2016-02-22,0.1327343376210908,0.215,0.245,FORCE_BUY,0.0013942680092951121,0.005937846023464753,0.006093467596178798,0.0013942680092951121,FORCE_SELL,6259385.6137769045,193.92,1.2499999999999996,-0.5
2016-02-23,0.1702304646950014,0.215,0.245,FORCE_BUY,-0.007326901248581166,-0.0020467424199304817,0.0023733360850273473,-0.007326901248581166,FORCE_SELL,6274241.239524182,192.3999,1.0499999999999996,-0.5
2016-02-24,0.1656595057875562,0.215,0.245,FORCE_BUY,0.010362424494897,-0.0005727973338886565,-0.0005727973338886565,0.010362424494897,FORCE_BUY,6339257.59063152,194.03,1.8499999999999996,-0.5
2016-02-25,0.14428945339054453,0.215,0.245,FORCE_BUY,0.014201306105525016,0.007715979562492857,0.006686016378148512,0.014201306105525016,FORCE_BUY,6429283.3281578515,195.68,2.1999999999999993,1.6999999999999993
2016-02-26,0.16281951434291594,0.215,0.245,FORCE_BUY,-0.008295165394402004,0.00198209587126254,0.0022391857506361035,-0.008295165394402004,FORCE_SELL,6443679.687773065,194.87,2.0999999999999996,2.1999999999999993
2016-02-29,0.1905766002950581,0.215,0.245,FORCE_BUY,-0.003455211180444436,0.005315066699532443,0.011654891444484504,-0.003455211180444436,FORCE_SELL,6518780.075037089,193.24,-0.5,2.0999999999999996
2016-03-01,0.16779519374944726,0.215,0.245,FORCE_BUY,0.01839576589075573,0.00036064190308098654,0.0009763115975540928,0.01839576589075573,FORCE_BUY,6638698.027190794,198.19,1.6999999999999993,1.1999999999999997
2016-03-02,0.14337644250244272,0.215,0.245,FORCE_BUY,0.0013091641490434209,0.0026313975807172106,-0.0017623363544813438,0.0013091641490434209,FREE,6656167.081118656,198.86,1.5999999999999996,1.4999999999999996
2016-03-03,0.1419362564764309,0.215,0.245,FORCE_BUY,0.004679245283018888,0.004995234237598058,0.00161006289308183,0.004679245283018888,FREE,6689416.194813433,199.68,0.8999999999999997,2.3999999999999995
2016-03-04,0.16053338439435258,0.215,0.245,FORCE_BUY,0.0024554018841451675,-0.0016678354064537963,0.0007015433954699676,0.0024554018841451675,FORCE_BUY,6705841.399942009,200.05,-0.5,-0.5
2016-03-07,0.17472412478087315,0.215,0.245,FORCE_BUY,0.002051538653990559,-0.00014885438115606984,-0.0018513885414060596,0.002051538653990559,FORCE_BUY,6719598.69278152,200.26,2.0999999999999996,2.499999999999999
2016-03-08,0.19558255759508425,0.215,0.245,FORCE_BUY,-0.002961252760489782,-0.002961252760489782,-0.002961252760489782,-0.002961252760489782,FORCE_BUY,6699700.262603138,198.65,2.2999999999999994,1.8499999999999996
2016-03-09,0.1808722749840469,0.215,0.245,FORCE_BUY,0.0027654867256637168,0.001960981496379762,0.001960981496379762,0.0027654867256637168,FORCE_BUY,6718228.194745292,199.43,2.2999999999999994,1.2499999999999996
2016-03-10,0.2072795841499692,0.215,0.245,FORCE_BUY,-0.0015505426899415327,0.000650227579652797,0.000650227579652797,-0.0015505426899415327,FREE,6722596.572003916,199.62,2.499999999999999,1.3999999999999995
2016-03-11,0.17269383481469658,0.215,0.245,FORCE_BUY,0.007856787667826983,0.0010442565887618504,0.0010442565887618504,0.007856787667826983,FORCE_BUY,6775414.585846612,202.68,2.499999999999999,1.3999999999999995
2016-03-14,0.16863907555414728,0.215,0.245,FORCE_BUY,0.0010876013446706701,0.0010876013446706701,0.0010876013446706701,0.0010876013446706701,FORCE_BUY,6782783.535860879,202.5,1.9999999999999996,1.9499999999999993
2016-03-15,0.17922716323559262,0.22,0.245,FORCE_BUY,0.003718578015766796,0.003718578015766796,0.003718578015766796,0.003718578015766796,FORCE_BUY,6808005.845603036,202.44,1.9999999999999996,1.9499999999999993
2016-03-16,0.17930342079726577,0.22,0.245,FORCE_BUY,0.006080980867157817,0.002768576654966149,0.002768576654966149,0.006080980867157817,FORCE_BUY,6849405.198893647,203.5,1.5499999999999994,1.4499999999999995
2016-03-17,0.17677099893013345,0.22,0.245,FORCE_BUY,0.00406982445817398,0.000588408355398689,0.000588408355398689,0.00406982445817398,FORCE_BUY,6877281.075696048,204.77,1.5499999999999994,1.6499999999999995
2016-03-18,0.18502996550757034,0.22,0.245,FORCE_BUY,0.0016678930586214954,0.0030659798871718463,0.0030659798871718463,0.0016678930586214954,FREE,6898366.681152561,204.19,1.5499999999999994,1.6499999999999995
2016-03-21,0.188061595027895,0.22,0.245,FORCE_BUY,0.004415227629513318,0.006371516005379111,0.0025510204081633575,0.004415227629513318,FREE,6942319.734872499,204.74,0.6499999999999997,1.0499999999999996
2016-03-22,0.17763276836621475,0.22,0.245,FORCE_BUY,0.0025985294117647543,0.003914536617248237,0.00196078431372554,0.0025985294117647543,FREE,6969495.699683301,204.5301,1.3499999999999996,1.1499999999999997
2016-03-23,0.21236716841801898,0.22,0.245,FORCE_BUY,-0.006840613700772049,0.0010051566124821033,0.00019544610573626607,-0.006840613700772049,FREE,6976501.134371503,203.26,1.3999999999999995,0.8499999999999996
2016-03-24,0.1855671294558279,0.22,0.245,FORCE_BUY,0.0031545741324922488,-0.0013801261829653072,-0.0013801261829653072,0.0031545741324922488,FORCE_BUY,6998509.024385295,203.52,1.4999999999999996,0.3999999999999998
2016-03-28,0.20154743800301966,0.22,0.245,FORCE_BUY,-0.005237652356943515,0.00034265015419267404,0.00034265015419267404,-0.005237652356943515,FREE,7000907.06458162,203.22,1.8999999999999995,0.8999999999999997
2016-03-29,0.1951532409126614,0.22,0.245,FORCE_BUY,0.009579955784819492,0.00044566994633955613,-0.0006386637189880212,0.009579955784819492,FORCE_BUY,7067975.444713942,205.5,1.8999999999999995,0.8999999999999997
2016-03-30,0.19918288564003991,0.22,0.245,FORCE_BUY,0.000485625485625498,0.0011169386169386862,0.0011169386169386862,0.000485625485625498,FREE,7075869.939431718,206.02,1.3499999999999996,1.7999999999999994
2016-03-31,0.22111577148631067,0.22,0.245,FREE,0.001119221411192147,0.0016824963442990473,0.0038199513381995216,0.0016824963442990473,FORCE_SELL,7102899.418275776,205.73,1.0999999999999996,1.9999999999999996
2016-04-01,0.2259962898763573,0.22,0.245,FREE,0.008876316816231081,0.005413577838470567,0.005413577838470567,0.005413577838470567,FORCE_BUY,7165947.003826216,206.86,0.6499999999999997,2.2499999999999996
2016-04-04,0.1901766400132201,0.22,0.245,FORCE_BUY,0.0,0.0,0.0,0.0,FORCE_BUY,7165947.003826216,205.8,1.8499999999999996,2.0999999999999996
2016-04-05,0.23817621093265648,0.22,0.245,FREE,0.0012713936430317515,0.004238242422357369,0.0,0.004238242422357369,FREE,7196318.024414196,204.76,1.4499999999999995,-0.5
2016-04-06,0.2160132355737895,0.22,0.245,FORCE_BUY,0.010382995396218897,0.008536769057148664,0.0,0.010382995396218897,FORCE_BUY,7271037.361331415,206.3,1.3499999999999996,1.0499999999999996
2016-04-07,0.22800046102235594,0.22,0.245,FREE,-0.012378640776698993,-0.01064538045728989,-0.002475728155339718,-0.01064538045728989,FORCE_SELL,7253036.24941744,203.45,1.4499999999999995,0.9999999999999996
2016-04-08,0.2290983845216152,0.22,0.245,FREE,-0.001853568118628271,0.00351202380371695,0.00351202380371695,0.00351202380371695,FREE,7278509.085374616,204.63,1.7999999999999994,1.2499999999999996
2016-04-11,0.23927896010710903,0.22,0.245,FREE,-0.00044178283919100374,-0.00044178283919100374,0.0,-0.00044178283919100374,FORCE_SELL,7278509.085374616,203.63,1.6499999999999995,1.0999999999999996
2016-04-12,0.20831472261098408,0.22,0.245,FORCE_BUY,0.010246102559074422,0.009823333919279477,0.003137562506128179,0.010246102559074422,FORCE_BUY,7353085.435940519,206.07,1.3499999999999996,-0.5
2016-04-13,0.16501914206707805,0.22,0.245,FORCE_BUY,0.006189555125725325,0.0034806565514038205,0.0005802707930366503,0.006189555125725325,FORCE_BUY,7398597.763590441,208.08,0.9499999999999997,1.8999999999999995
2016-04-14,0.1806916487940676,0.22,0.245,FORCE_BUY,0.002167421250361158,0.0012525932605691118,0.002311916000385183,0.002167421250361158,FORCE_SELL,7415702.7001405,208.07,-0.5,2.3999999999999995
2016-04-15,0.1957672451314135,0.22,0.245,FORCE_BUY,0.00024056966897612677,0.00024056966897612677,0.00024056966897612677,0.00024056966897612677,FORCE_BUY,7417486.693284299,207.89,0.9999999999999996,2.349999999999999
2016-04-18,0.19539386033703185,0.22,0.245,FORCE_BUY,0.00955552338207615,0.002413767457805011,0.0017856281067517243,0.00955552338207615,FORCE_BUY,7488364.660818215,209.19,0.7499999999999998,2.4499999999999993
2016-04-19,0.16810489166693202,0.22,0.245,FORCE_BUY,-0.0014297288280990153,-0.0008111244189860406,0.0007148644140493126,-0.0014297288280990153,FORCE_SELL,7493717.826233659,209.53,1.2999999999999996,1.9999999999999996
2016-04-20,0.17555819910229742,0.22,0.245,FORCE_BUY,0.004539373088684981,0.006792638331592969,0.0037748470948011908,0.004539373088684981,FREE,7544619.941186276,210.23,1.3999999999999995,1.9999999999999996
2016-04-21,0.20430583298069285,0.22,0.245,FORCE_BUY,-0.008841985168283037,-0.0039067184234899965,0.00014261266400437684,-0.008841985168283037,FORCE_SELL,7545695.899534988,208.5,1.1499999999999997,1.0999999999999996
2016-04-22,0.1815806021569668,0.22,0.245,FORCE_BUY,0.0012934131736528308,0.0006706586826346801,0.0006706586826346801,0.0012934131736528308,FORCE_BUY,7555455.602015825,209.02,1.3499999999999996,-0.5
2016-04-25,0.16719525874458685,0.22,0.245,FORCE_BUY,0.0028825366322362636,0.0022579870285851255,0.0022579870285851255,0.0028825366322362636,FORCE_BUY,7577234.47956187,208.75,1.8999999999999995,-0.5
2016-04-26,0.18681314626442705,0.22,0.245,FORCE_BUY,-0.0024845907592335615,0.0005255865067609608,0.0005255865067609608,-0.0024845907592335615,FREE,7581216.971762892,208.77,1.8499999999999996,2.349999999999999
2016-04-27,0.18879979794407634,0.22,0.245,FORCE_BUY,0.003974334418693671,0.0033326438958930843,4.78835472130713e-05,0.003974334418693671,FORCE_BUY,7611347.263309355,209.67,-0.5,1.8999999999999995
2016-04-28,0.22724727626203647,0.22,0.245,FREE,-0.003165923154410618,-0.006864352479423369,-0.0017268671751329455,-0.006864352479423369,FORCE_SELL,7598203.477561808,207.81,1.5499999999999994,1.5999999999999996
2016-04-29,0.1981643123505903,0.22,0.245,FORCE_BUY,-0.005400192864030852,-0.0011927542167086307,-0.004194792671166818,-0.005400192864030852,FREE,7589140.688324536,206.28,1.8499999999999996,1.4499999999999995
2016-05-02,0.1886774193348263,0.22,0.245,FORCE_BUY,0.006732538990603323,0.0030998740676159427,0.0030998740676159427,0.006732538990603323,FORCE_BUY,7640234.873913854,207.85,2.1999999999999993,1.6999999999999993
2016-05-03,0.1876354811320884,0.22,0.245,FORCE_BUY,-0.006019744762822073,-0.004815795810257658,-0.004815795810257658,-0.006019744762822073,FREE,7603441.062818675,206.4,2.1999999999999993,1.6999999999999993
2016-05-04,0.1978123431746518,0.22,0.245,FORCE_BUY,-0.004218590893662274,-0.004218590893662274,-0.004218590893662274,-0.004218590893662274,FORCE_BUY,7571365.25559057,205.36,1.4499999999999995,1.2999999999999996
2016-05-05,0.20343777693288287,0.22,0.245,FORCE_BUY,-0.003986194156822887,-0.003986194156822887,-0.003986194156822887,-0.003986194156822887,FORCE_BUY,7541184.323649563,204.89,1.6999999999999993,1.1499999999999997
2016-05-06,0.18423419962478552,0.22,0.245,FORCE_BUY,0.005519195076682524,0.0004884243430691529,0.0004884243430691529,0.005519195076682524,FORCE_BUY,7582805.591041004,205.87,1.6999999999999993,1.1499999999999997
2016-05-09,0.1876125174480182,0.22,0.245,FORCE_BUY,-4.8642864091880486e-05,0.0022375717482245043,0.0022375717482245043,-4.8642864091880486e-05,FREE,7599772.662603797,205.57,1.8999999999999995,-0.5
2016-05-10,0.18402303145424848,0.22,0.245,FORCE_BUY,0.005749347763068922,0.0018883608068241686,0.0008213353947241885,0.005749347763068922,FORCE_BUY,7643466.3985613715,208.17,1.8999999999999995,-0.5
2016-05-11,0.22014023425688412,0.22,0.245,FREE,-0.006160658420368688,-0.002134828193435541,0.0008663425903641841,-0.002134828193435541,FORCE_SELL,7650088.259040462,206.49,-0.5,1.9999999999999996
2016-05-12,0.20014613138289503,0.22,0.245,FORCE_BUY,-0.0015468651810314716,-0.004013392393755186,-0.004543916469280163,-0.0015468651810314716,FORCE_BUY,7638254.603880735,206.55,0.9999999999999996,2.1999999999999993
2016-05-13,0.21817294266529963,0.22,0.245,FORCE_BUY,-0.005489700738437578,-0.004809560823940972,-0.004809560823940972,-0.005489700738437578,FREE,7601517.953774624,204.71,1.4999999999999996,2.349999999999999
2016-05-16,0.19979998485046022,0.22,0.245,FORCE_BUY,0.007854041660568755,0.0018548823640098468,0.0,0.007854041660568755,FORCE_BUY,7661220.592467131,206.6,-0.5,1.5499999999999994
2016-05-17,0.21472540297674822,0.22,0.245,FORCE_BUY,-0.010859073359073382,-0.003356935458042051,-0.00038610038610029687,-0.010859073359073382,FORCE_SELL,7658262.59223838,204.95,-0.5,1.5499999999999994
2016-05-18,0.21063497034435077,0.22,0.245,FORCE_BUY,9.762288280364005e-05,0.0018075755460670725,0.0005857372968223729,9.762288280364005e-05,FREE,7672105.4804254705,204.89,1.4499999999999995,0.7999999999999998
2016-05-19,0.18290564764069228,0.21,0.245,FORCE_BUY,0.00029367138172384986,0.006676332236061236,-0.0004894523028730386,0.00029367138172384986,FREE,7723327.005562897,204.37,1.9499999999999993,1.1499999999999997
2016-05-20,0.19045017218169,0.21,0.245,FORCE_BUY,0.0034664583536764965,0.0021454804907740195,0.000878820427692738,0.0034664583536764965,FORCE_BUY,7750099.596979506,205.53,-0.5,0.8999999999999997
2016-05-23,0.18914971525136584,0.21,0.245,FORCE_BUY,-0.001411879259980498,-0.001411879259980498,-0.001411879259980498,-0.001411879259980498,FORCE_BUY,7739157.392095747,205.11,1.7999999999999994,1.6499999999999995
2016-05-24,0.1873974300392726,0.21,0.245,FORCE_BUY,0.015597582374732032,0.0030220315851043414,0.0030220315851043414,0.015597582374732032,FORCE_BUY,7859869.537029978,208.36,1.8999999999999995,-0.5
2016-05-25,0.17861090805476554,0.21,0.245,FORCE_BUY,0.0032134292565946026,0.00038369304556359126,0.00038369304556359126,0.0032134292565946026,FORCE_BUY,7885126.671753287,209.17,1.5999999999999996,1.9499999999999993
2016-05-26,0.1742557919879513,0.21,0.245,FORCE_BUY,0.001098166539342984,0.0035877827122878427,0.0002387318563790228,0.001098166539342984,FREE,7913416.792910404,209.67,0.4999999999999998,2.499999999999999
2016-05-27,0.1513395447422159,0.21,0.245,FORCE_BUY,0.0038169760007632936,0.0025762818870524212,0.00243332220048659,0.0038169760007632936,FORCE_BUY,7943622.11489298,210.39,-0.5,2.499999999999999
2016-05-31,0.18222162658236393,0.21,0.245,FORCE_BUY,-0.00042822477042387595,0.0031501123779592985,0.0010467716610362567,-0.00042822477042387595,FREE,7968645.417242936,210.08,0.5999999999999996,2.499999999999999
2016-06-01,0.18603141804309695,0.21,0.245,FORCE_BUY,0.001237564853158079,0.001237564853158079,0.001237564853158079,0.001237564853158079,FORCE_BUY,7978507.132738596,210.35,0.5999999999999996,2.499999999999999
2016-06-02,0.16362532608568767,0.21,0.245,FORCE_BUY,0.0054795825987517385,0.002525654136196041,0.0010482679754134337,0.0054795825987517385,FORCE_BUY,8022226.021587167,211.02,0.6999999999999997,1.3999999999999995
2016-06-03,0.1913131412867214,0.21,0.245,FORCE_BUY,-0.003035189225078325,0.0006639476429859079,0.0006639476429859079,-0.003035189225078325,FREE,8027552.3596457,210.22,1.0999999999999996,1.7999999999999994
2016-06-06,0.17088730974759278,0.21,0.245,FORCE_BUY,0.0038006556130931574,0.000190032780654619,0.000190032780654619,0.0038006556130931574,FORCE_BUY,8058062.321580787,211.29,0.8999999999999997,1.6499999999999995
2016-06-07,0.18126910931731421,0.21,0.245,FORCE_BUY,-0.0016989947614326837,-0.0011337320773924554,0.0007551087828592423,-0.0016989947614326837,FORCE_SELL,8064147.03521264,211.53,0.8999999999999997,1.6499999999999995
2016-06-08,0.1532030939763729,0.21,0.245,FORCE_BUY,0.003688117641496037,0.006248845367084214,0.0022696108563051245,0.003688117641496037,FREE,8114538.6430531135,212.27,0.9999999999999996,-0.5
2016-06-09,0.17139987277425708,0.21,0.245,FORCE_BUY,0.0008976660682225103,0.0018931975698313814,-0.0005197014079183361,0.0008976660682225103,FREE,8129901.067892444,211.85,0.6499999999999997,1.4499999999999995
2016-06-10,0.1974000754613703,0.21,0.245,FORCE_BUY,-0.004689054137261449,-0.004689054137261449,-0.004689054137261449,-0.004689054137261449,FORCE_BUY,8091779.521654517,210.14,0.4999999999999998,1.5999999999999996
2016-06-13,0.22196517439491212,0.21,0.245,FREE,-0.006870229007633562,-0.006870229007633562,-0.006870229007633562,-0.006870229007633562,FORCE_BUY,8036187.143261471,208.16,0.9999999999999996,1.9499999999999993
2016-06-14,0.19582009631834207,0.21,0.245,FORCE_BUY,-0.001970206631427169,0.0006727534839020113,0.0006727534839020113,-0.001970206631427169,FREE,8041593.516159388,207.69,2.0499999999999994,-0.5
2016-06-15,0.21524971554910988,0.21,0.245,FREE,-0.0020648259303721627,0.0021598463357715694,0.0005282112845139126,0.0021598463357715694,FREE,8058962.122449029,207.82,1.2999999999999996,1.0999999999999996
2016-06-16,0.2023572225704534,0.21,0.245,FORCE_BUY,0.009381498138207957,0.0017408965617294585,0.0,0.009381498138207957,FORCE_BUY,8134567.260596673,208.73,1.0999999999999996,0.8499999999999996
2016-06-17,0.17984842958535166,0.21,0.245,FORCE_BUY,-0.005879801436213831,-0.004678534822839862,-0.0016868282808811506,-0.005879801436213831,FORCE_SELL,8120845.642488768,206.27,1.5499999999999994,1.8499999999999996
2016-06-20,0.22692176485347057,0.21,0.245,FREE,-0.0011996161228407382,0.004465436768323077,0.001727447216890502,0.004465436768323077,FREE,8157108.765210614,208.15,1.5499999999999994,1.1999999999999997
2016-06-21,0.18832440388595126,0.21,0.245,FORCE_BUY,-0.0021572387344199816,-0.0012243295719710943,0.0,-0.0021572387344199816,FORCE_SELL,8157108.765210614,208.15,0.8999999999999997,2.1999999999999993
2016-06-22,0.22163635391577344,0.21,0.245,FREE,0.0036012676462115318,0.0036012676462115318,0.0036012676462115318,0.0036012676462115318,FORCE_BUY,8186484.6970933955,209.01,1.1499999999999997,2.0499999999999994
2016-06-23,0.18628112717941803,0.21,0.245,FORCE_BUY,0.005022481584234282,0.002070174474491783,0.006600975796422045,0.005022481584234282,FORCE_SELL,8240523.484436689,210.11,0.9499999999999997,1.8499999999999996
2016-06-24,0.30943613390512703,0.21,0.245,FORCE_SELL,-0.012707722385141708,0.00522041740275173,-0.00268817204301067,-0.00268817204301067,FREE,8283542.456642626,202.0,-0.5,1.7999999999999994
2016-06-27,0.21972702001102717,0.21,0.245,FREE,-0.011203648621851884,-0.011203648621851884,0.0,-0.011203648621851884,FORCE_SELL,8283542.456642626,199.46,2.0999999999999996,1.9999999999999996
2016-06-28,0.19992481883257873,0.21,0.245,FORCE_BUY,0.0115491835921944,0.010519183391348216,0.001692552767821647,0.0115491835921944,FORCE_BUY,8379210.609268128,203.2,-0.5,1.4999999999999996
2016-06-29,0.1999422820342742,0.21,0.245,FORCE_BUY,0.016877637130801672,0.0025022078304387137,0.0025022078304387137,0.016877637130801672,FORCE_BUY,8520631.885373918,207.26,2.1999999999999993,1.0999999999999996
2016-06-30,0.19785212790574466,0.21,0.245,FORCE_BUY,0.008442686221536069,0.005261007677470214,0.0015438054805094364,0.008442686221536069,FORCE_BUY,8592568.906791346,209.03,-0.5,2.499999999999999
2016-07-01,0.19479881640385002,0.21,0.245,FORCE_BUY,0.005458463011731047,0.001721630082163281,0.0008618625807996859,0.005458463011731047,FORCE_BUY,8639471.126344819,209.99,-0.5,2.499999999999999
2016-07-05,0.18899758341437492,0.21,0.245,FORCE_BUY,-0.003632713541417891,-0.002916555158319517,-0.0017685579083218312,-0.003632713541417891,FORCE_SELL,8624191.721360603,208.45,0.9999999999999996,1.7499999999999996
2016-07-06,0.19281455590639174,0.21,0.245,FORCE_BUY,0.007205649228995555,0.006196858336936248,0.006196858336936248,0.007205649228995555,FORCE_BUY,8686334.621788336,209.67,2.2499999999999996,-0.5
2016-07-07,0.20504566306498148,0.21,0.245,FORCE_BUY,-0.00147675304878043,0.00029940632366131905,-9.52743902438537e-05,-0.00147675304878043,FREE,8688935.365303537,209.61,2.2999999999999994,-0.5
2016-07-08,0.17848302988980122,0.21,0.245,FORCE_BUY,0.01248035059305491,0.0042863273564587795,0.0008574286666984919,0.01248035059305491,FORCE_BUY,8797376.324942918,212.55,2.2999999999999994,-0.5
2016-07-11,0.16409681081813937,0.21,0.245,FORCE_BUY,0.001784037558685408,0.0001895061432015073,0.0006103286384975278,0.001784037558685408,FORCE_BUY,8813071.174724508,213.38,2.499999999999999,-0.5
2016-07-12,0.15167730481973224,0.21,0.245,FORCE_BUY,0.005661083559464676,0.0005614297744924603,0.0005614297744924603,0.005661083559464676,FORCE_BUY,8862962.707060132,214.95,2.499999999999999,-0.5
2016-07-13,0.1471633826598453,0.21,0.245,FORCE_BUY,0.00023282887078004353,0.0009316578908400675,0.0010710128055877789,0.00023282887078004353,FORCE_SELL,8872455.05361484,214.8,0.7999999999999998,-0.5
2016-07-14,0.149634400238295,0.21,0.245,FORCE_BUY,-0.0012037037037035808,0.0012962962962963726,0.0012962962962963726,-0.0012037037037035808,FREE,8883956.384239897,215.74,0.7999999999999998,-0.5
2016-07-15,0.15672555103729305,0.21,0.245,FORCE_BUY,-0.006436973233305522,-0.003416703058576157,0.0012040381587478007,-0.006436973233305522,FORCE_SELL,8894653.006727172,214.55,1.0999999999999996,-0.5
2016-07-18,0.15395428572716496,0.21,0.245,FORCE_BUY,0.0009713228492137482,0.0034012704245547465,0.0002312673450509452,0.0009713228492137482,FREE,8924906.12693563,216.41,-0.5,-0.5
2016-07-19,0.14550166572958936,0.21,0.245,FORCE_BUY,0.0018998192854825537,0.0013435965049072734,0.0004633705574347902,0.0018998192854825537,FORCE_BUY,8941861.835716704,216.22,-0.5,-0.5
2016-07-20,0.14283686992996314,0.21,0.245,FORCE_BUY,0.00328096118299456,-0.0010134800469597722,0.00018484288354901182,0.00328096118299456,FORCE_BUY,8971199.737303391,217.11,1.4499999999999995,0.9499999999999997
2016-07-21,0.1842879072345102,0.21,0.245,FORCE_BUY,-0.004190651623301866,-0.004190651623301866,-0.004190651623301866,-0.004190651623301866,FORCE_BUY,8933604.564561294,216.24,-0.5,1.5999999999999996
2016-07-22,0.15979835717181212,0.21,0.245,FORCE_BUY,0.003419751374832451,0.0030500485234992766,0.0030500485234992766,0.003419751374832451,FORCE_BUY,8964155.271053161,217.13,2.0499999999999994,0.5499999999999998
2016-07-25,0.18354592167307074,0.21,0.245,FORCE_BUY,-0.0026709647708957986,0.0017978671620438422,0.0005986645176145523,-0.0026709647708957986,FREE,8980271.63145045,216.57,2.0499999999999994,0.6999999999999997
2016-07-26,0.18699703135762347,0.21,0.245,FORCE_BUY,0.0026799741243877465,0.0006468903058867399,0.0006468903058867399,0.0026799741243877465,FORCE_BUY,9004338.52705271,217.0,1.8499999999999996,1.6499999999999995
2016-07-27,0.20644135213528236,0.21,0.245,FORCE_BUY,-0.0028091181211145322,4.605111673949607e-05,4.605111673949607e-05,-0.0028091181211145322,FREE,9004753.18689738,216.54,1.7499999999999996,1.2999999999999996
2016-07-28,0.19766799933829682,0.21,0.245,FORCE_BUY,0.00032275912947253837,-0.0011527111766875318,-0.0011527111766875318,0.00032275912947253837,FORCE_BUY,9007659.553197099,216.95,-0.5,1.2499999999999996
2016-07-29,0.18387292826468463,0.21,0.245,FORCE_BUY,0.00466685149246836,0.003809469979364961,0.001732741890767895,0.00466685149246836,FORCE_BUY,9049696.962626584,217.43,-0.5,1.2499999999999996
2016-08-01,0.1959361623699494,0.21,0.245,FORCE_BUY,-0.0028034376579805786,-0.0008869198456829306,-0.0002757479663587294,-0.0028034376579805786,FORCE_SELL,9047201.527092976,216.98,1.0999999999999996,1.1999999999999997
2016-08-02,0.24187143670223266,0.21,0.245,FREE,-0.0051237075332347575,0.0011558320886402781,-0.0005077548005907666,0.0011558320886402781,FREE,9057658.572930386,215.53,0.9999999999999996,-0.5
2016-08-03,0.1983738351167934,0.21,0.245,FORCE_BUY,0.0,0.0,0.0,0.0,FORCE_BUY,9057658.572930386,216.23,0.8999999999999997,-0.5
2016-08-04,0.23168011127920096,0.21,0.245,FREE,0.002964884647456625,0.001992031872509866,0.0,0.001992031872509866,FORCE_BUY,9084513.48577517,216.5,0.9499999999999997,-0.5
2016-08-05,0.1952263735191074,0.21,0.245,FORCE_BUY,0.006689734717416299,0.0039643476806352365,0.0,0.006689734717416299,FORCE_BUY,9145286.471031798,218.2,0.6499999999999997,0.9999999999999996
2016-08-08,0.1948530054464969,0.21,0.245,FORCE_BUY,-0.0025171624713959937,-0.0002529109657593295,0.0002745995423340267,-0.0025171624713959937,FORCE_SELL,9147797.762511257,217.95,-0.5,1.2999999999999996
2016-08-09,0.20297183896744023,0.21,0.245,FORCE_BUY,4.587155963303622e-05,0.00045871559633024045,0.00045871559633024045,4.587155963303622e-05,FREE,9151994.000016997,218.01,0.6999999999999997,-0.5
2016-08-10,0.23117296354209893,0.21,0.245,FREE,-0.0024759284731773025,0.001606192705715396,0.001558917927556219,0.001606192705715396,FREE,9166693.866022576,217.56,0.4999999999999998,-0.5
2016-08-11,0.18838332922668344,0.21,0.245,FORCE_BUY,0.004547960308709952,0.0031687190574640543,0.002342888643880818,0.004547960308709952,FORCE_BUY,9208383.625887342,218.67,0.2999999999999998,1.1999999999999997
2016-08-12,0.2027546948798746,0.21,0.245,FORCE_BUY,-0.0008690084156604419,0.00022803674382094614,0.00045737285034763914,-0.0008690084156604419,FORCE_SELL,9212595.290553408,218.45,0.34999999999999987,1.4499999999999995
2016-08-15,0.19336766337356615,0.21,0.245,FORCE_BUY,0.0015552810941858006,0.0010280147021617643,0.001372306847811036,0.0015552810941858006,FORCE_BUY,9226923.465837192,218.95,-0.5,2.499999999999999
2016-08-16,0.232981360281408,0.21,0.245,FREE,-0.002695910440941302,0.0002741603838245105,0.0002741603838245105,0.0002741603838245105,FREE,9229453.122716105,218.26,1.0499999999999996,-0.5
2016-08-17,0.21232759680345792,0.21,0.245,FREE,0.0027545679919198066,0.001377725251301912,0.0,0.001377725251301912,FORCE_BUY,9254876.278870864,218.42,0.8499999999999996,0.9999999999999996
2016-08-18,0.18836498994696146,0.22,0.245,FORCE_BUY,0.001876859693293813,-0.0007326216755221891,-0.0009613183794916856,0.001876859693293813,FORCE_BUY,9272246.383125098,218.86,0.8499999999999996,0.8999999999999997
2016-08-19,0.19798840755623925,0.22,0.245,FORCE_BUY,0.001510781486059551,0.0010071876573730743,0.0010071876573730743,0.001510781486059551,FORCE_BUY,9286254.721294906,218.76,0.9499999999999997,1.2999999999999996
2016-08-22,0.20071235069347015,0.22,0.245,FORCE_BUY,-0.0008689289307599935,0.0025682883635817374,0.0006402634226653598,-0.0008689289307599935,FREE,9310104.501236863,218.47,0.44999999999999973,1.0999999999999996
2016-08-23,0.1925630726935148,0.22,0.245,FORCE_BUY,0.0012797074954296853,0.0026975702264831663,0.0014625228519195544,0.0012797074954296853,FREE,9335219.161944846,219.08,0.4999999999999998,0.6499999999999997
2016-08-24,0.2300275881920931,0.22,0.25,FREE,-0.004567461404951152,-0.0047040465502027045,0.000730793824792117,-0.0047040465502027045,FORCE_SELL,9342041.282461476,217.94,0.5499999999999998,0.5499999999999998
2016-08-25,0.20339811270353528,0.22,0.25,FORCE_BUY,0.0004590946653199834,0.003379854375990293,0.0013313745294279882,0.0004590946653199834,FREE,9373616.021570684,217.92,0.7499999999999998,-0.5
2016-08-26,0.26460201267173517,0.22,0.25,FORCE_SELL,-0.0032588240693992277,-0.004868761530292901,-0.00013769679166476462,-0.00013769679166476462,FORCE_SELL,9372325.304718217,217.16,0.6499999999999997,-0.5
2016-08-29,0.20041354681151602,0.22,0.25,FORCE_BUY,0.0,0.0,0.0,0.0,FORCE_BUY,9372325.304718217,218.48,0.6499999999999997,1.5499999999999994
2016-08-30,0.2011769357545838,0.22,0.25,FORCE_BUY,-0.0016035920461834614,-0.0016035920461834614,0.0,-0.0016035920461834614,FORCE_SELL,9372325.304718217,217.91,0.6499999999999997,1.5499999999999994
2016-08-31,0.19493705440888087,0.22,0.25,FORCE_BUY,-0.0024770642201835226,-0.0024770642201835226,-0.0024770642201835226,-0.0024770642201835226,FORCE_BUY,9349109.45304598,217.46,1.0999999999999996,-0.5
2016-09-01,0.23281817034174934,0.22,0.25,FREE,-0.0032571795577575067,-0.0007526493917188112,-0.003004862831452384,-0.0007526493917188112,FREE,9342072.851503031,217.27,1.1999999999999997,-0.5
2016-09-02,0.26634339042726257,0.22,0.25,FORCE_SELL,0.00038945270440551117,0.00038945270440551117,0.0,0.0,FORCE_BUY,9345711.147039803,218.34,1.0499999999999996,1.1999999999999997
2016-09-06,0.24641038814170105,0.22,0.25,FREE,0.0,0.0,0.0,0.0,FORCE_BUY,9345711.147039803,219.01,0.8999999999999997,1.6499999999999995
2016-09-07,0.24331989798410847,0.22,0.25,FREE,0.0,0.0,0.0,0.0,FORCE_BUY,9345711.147039803,218.98,0.8999999999999997,1.6499999999999995
2016-09-08,0.25836121271323537,0.22,0.25,FORCE_SELL,0.0,0.0,0.0,0.0,FORCE_BUY,9345711.147039803,218.34,0.8999999999999997,1.6499999999999995
2016-09-09,0.32053784540586494,0.22,0.25,FORCE_SELL,-0.024811961108053688,-0.024811961108053688,0.0,0.0,FORCE_SELL,9345711.147039803,212.63,0.5999999999999996,0.9499999999999997
2016-09-12,0.29339587179337856,0.22,0.25,FORCE_SELL,0.0,0.0,0.0,0.0,FORCE_BUY,9345711.147039803,216.17,1.9499999999999993,-0.5
2016-09-13,0.2871378985054088,0.22,0.25,FORCE_SELL,0.0,0.0,0.0,0.0,FORCE_BUY,9345711.147039803,213.49,1.9499999999999993,-0.5
2016-09-14,0.27851248399425393,0.22,0.25,FORCE_SELL,-0.0032279191616766604,-0.0032279191616766604,0.0,0.0,FORCE_SELL,9345711.147039803,213.07,1.4499999999999995,1.9999999999999996
2016-09-15,0.2642382859313494,0.22,0.25,FORCE_SELL,0.0,0.0,0.0,0.0,FORCE_BUY,9345711.147039803,214.67,1.7499999999999996,1.2499999999999996
2016-09-16,0.2346686129241502,0.22,0.25,FREE,0.0030763450203133555,0.0027023028789758454,0.0,0.0027023028789758454,FORCE_BUY,9374461.778988285,213.57,0.9999999999999996,-0.5
2016-09-19,0.27469093278236784,0.22,0.25,FORCE_SELL,-0.004570895522388053,-0.002152544761493925,0.0,0.0,FORCE_SELL,9374461.778988285,213.42,0.9999999999999996,-0.5
2016-09-20,0.2750634409401556,0.22,0.25,FORCE_SELL,0.0,0.0,0.0,0.0,FORCE_BUY,9374461.778988285,213.44,1.4499999999999995,-0.5
2016-09-21,0.25032412464318554,0.22,0.25,FORCE_SELL,0.010184253037717026,0.0014749607847728066,0.0,0.0,FORCE_BUY,9469933.669837909,215.74,1.0999999999999996,1.6499999999999995
2016-09-22,0.14854691730201044,0.22,0.25,FORCE_BUY,0.0,0.0,0.0,0.0,FORCE_BUY,9469933.669837909,217.04,1.0999999999999996,1.6499999999999995
2016-09-23,0.17033819817687124,0.22,0.25,FORCE_BUY,-0.004703495342617349,-0.0046116592582646715,0.0,-0.004703495342617349,FORCE_SELL,9469933.669837909,215.84,0.5499999999999998,2.1999999999999993
2016-09-26,0.17120822277265887,0.22,0.25,FORCE_BUY,-0.004832713754646844,-0.004832713754646844,-0.004832713754646844,-0.004832713754646844,FORCE_BUY,9424168.19113609,214.16,1.2499999999999996,-0.5
2016-09-27,0.1518430412917091,0.22,0.25,FORCE_BUY,0.001953306669146938,0.0020463212724396666,0.0020463212724396666,0.001953306669146938,FREE,9443453.066980662,215.44,1.2499999999999996,-0.5
2016-09-28,0.15140694332801485,0.22,0.25,FORCE_BUY,0.004032258064516215,-0.0033833889506858297,-0.0033833889506858297,0.004032258064516215,FORCE_BUY,9481531.506766874,216.63,1.6499999999999995,1.8499999999999996
2016-09-29,0.18419486122599701,0.22,0.25,FORCE_BUY,-0.009500968545337142,-0.005533712887654543,-0.0058578544414721505,-0.009500968545337142,FREE,9429063.433673175,214.76,1.4499999999999995,2.1999999999999993
2016-09-30,0.16483781811997547,0.22,0.25,FORCE_BUY,0.010265982267848766,0.003966402239850629,0.003966402239850629,0.010265982267848766,FORCE_BUY,9525862.031685686,216.5,1.5499999999999994,1.5999999999999996
2016-10-03,0.14489568147330034,0.22,0.25,FORCE_BUY,-0.0038308871042185325,-0.00279009324856626,-0.0034847226068494296,-0.0038308871042185325,FREE,9499283.988344306,215.83,1.5499999999999994,2.1499999999999995
2016-10-04,0.17365343276751646,0.21,0.25,FORCE_BUY,-0.006341711799287151,-0.006341711799287151,-0.006341711799287151,-0.006341711799287151,FORCE_BUY,9439042.266990645,214.66,1.5499999999999994,2.1499999999999995
2016-10-05,0.15564619292742152,0.21,0.25,FORCE_BUY,0.004003538010334612,0.006731651082554239,0.0027931660537218817,0.004003538010334612,FREE,9502582.606085507,215.67,0.4999999999999998,1.3499999999999996
2016-10-06,0.1434990321391253,0.21,0.25,FORCE_BUY,-0.0005562250857514378,-0.00301008520240942,-0.002178548252526161,-0.0005562250857514378,FORCE_BUY,9497297.031260576,215.62,0.4999999999999998,1.2499999999999996
2016-10-07,0.17717537813727038,0.21,0.25,FORCE_BUY,-0.0027374379436737777,-0.0003750392461310164,0.00032478077297822005,-0.0027374379436737777,FORCE_SELL,9500381.570731593,214.94,-0.5,0.9499999999999997
2016-10-10,0.16711203652294335,0.21,0.25,FORCE_BUY,0.005435540069686309,0.0028803716608594653,0.0028803716608594653,0.005435540069686309,FORCE_BUY,9552021.275436616,216.42,1.2499999999999996,1.3499999999999996
2016-10-11,0.18591515221533947,0.21,0.25,FORCE_BUY,-0.009494696864434184,-0.004279810816150277,-0.0006947339169098509,-0.009494696864434184,FORCE_SELL,9545385.162281524,213.86,1.2499999999999996,1.3499999999999996
2016-10-12,0.1549874152273232,0.21,0.25,FORCE_BUY,-0.0016380399681752472,0.0010296251228530055,0.0010296251228530055,-0.0016380399681752472,FREE,9555213.330651918,213.32,1.7999999999999994,-0.5
2016-10-13,0.21059055360328816,0.21,0.25,FREE,0.004671133339624458,0.005095781825044852,0.005095781825044852,0.005095781825044852,FREE,9603904.61307668,212.93,1.7499999999999996,1.2499999999999996
2016-10-14,0.2636533661075507,0.21,0.25,FORCE_SELL,0.0,0.0,0.0,0.0,FORCE_BUY,9603904.61307668,212.98,1.6999999999999993,1.3499999999999996
2016-10-17,0.24320263171370973,0.21,0.25,FREE,0.0012706480304954808,0.0025892247469310272,0.0,0.0025892247469310272,FREE,9628771.280568022,212.76,1.4499999999999995,1.3499999999999996
2016-10-18,0.2329203389872577,0.21,0.25,FREE,-0.000140396855110492,-0.0004676525348231478,0.0005615874204418459,-0.0004676525348231478,FORCE_SELL,9634178.677393502,213.65,-0.5,0.9999999999999996
2016-10-19,0.23055019494083295,0.21,0.25,FREE,0.0045940371273206215,0.0007031689480593512,0.0007031689480593512,0.0007031689480593512,FORCE_BUY,9678438.451928686,214.3,0.8499999999999996,1.0499999999999996
2016-10-20,0.24060258230809153,0.21,0.25,FREE,-0.0012592108945059257,-0.0016130072453088898,0.0,-0.0016130072453088898,FORCE_SELL,9678438.451928686,214.15,0.5999999999999996,1.2999999999999996
2016-10-21,0.22235666429076506,0.21,0.255,FREE,0.00243548311554507,0.00243548311554507,0.00243548311554507,0.00243548311554507,FORCE_BUY,9702010.1253632,214.03,0.5999999999999996,1.7499999999999996
2016-10-24,0.15175065787088549,0.21,0.255,FORCE_BUY,0.0001302870969241807,0.0013261365222651067,0.0013261365222651067,0.0001302870969241807,FREE,9714876.315329831,214.938,1.0999999999999996,1.8499999999999996
2016-10-25,0.17578549808225438,0.21,0.255,FORCE_BUY,-0.0059955382041271075,0.0006971556051311214,0.0006971556051311214,-0.0059955382041271075,FREE,9721649.095806219,213.87,1.0999999999999996,1.8499999999999996
2016-10-26,0.17139777500322007,0.21,0.255,FORCE_BUY,0.0007958056361763456,0.0007958056361763456,0.0007958056361763456,0.0007958056361763456,FORCE_BUY,9729385.63894959,213.79,0.5999999999999996,0.9999999999999996
2016-10-27,0.19504642913221684,0.21,0.255,FORCE_BUY,-0.0044820019608759,0.00393895880520175,0.000840375367664193,-0.0044820019608759,FREE,9767709.288181333,213.23,1.1999999999999997,-0.5
2016-10-28,0.2469690177813896,0.2,0.255,FREE,0.0020234341913321955,0.005549920940873261,0.001035245400216478,0.005549920940873261,FREE,9821919.302504174,212.94,1.1999999999999997,1.0499999999999996
2016-10-31,0.25460414075595983,0.2,0.255,FREE,0.0002821537738066585,0.0002821537738066585,0.0,0.0002821537738066585,FORCE_BUY,9824690.594101401,212.71,0.9999999999999996,0.9499999999999997
2016-11-01,0.2661286429725034,0.2,0.255,FORCE_SELL,-0.011406308674427235,-0.00712311418650582,0.0,0.0,FORCE_SELL,9824690.594101401,210.61,1.0999999999999996,-0.5
2016-11-02,0.2340505006918784,0.2,0.255,FREE,0.0,0.0,0.0,0.0,FORCE_BUY,9824690.594101401,209.64,1.7499999999999996,-0.5
2016-11-03,0.2424396332240953,0.2,0.255,FREE,-0.0008487239256467872,0.001136275373766591,0.0,0.001136275373766591,FREE,9835854.148078354,208.96,1.3999999999999995,-0.5
2016-11-04,0.23734309786323524,0.2,0.255,FREE,-0.0014850299401198532,-0.0037267570489217363,0.0,-0.0037267570489217363,FORCE_SELL,9835854.148078354,208.44,1.4999999999999996,-0.5
2016-11-07,0.28019846017449224,0.2,0.255,FORCE_SELL,0.008705938017506465,0.008705938017506465,0.0,0.0,FORCE_BUY,9921484.484640758,213.19,2.3999999999999995,2.3999999999999995
2016-11-08,0.2382858871063014,0.2,0.255,FREE,0.0,0.0,0.0,0.0,FORCE_BUY,9921484.484640758,214.0052,1.3999999999999995,2.1999999999999993
2016-11-09,0.2931558418945182,0.2,0.255,FORCE_SELL,0.0323288193782186,0.0034048094975910204,0.0,0.0,FORCE_BUY,10242234.364508508,216.5,1.3499999999999996,2.1499999999999995
2016-11-10,0.25353551331638485,0.2,0.255,FREE,0.0,0.0,0.0,0.0,FORCE_BUY,10242234.364508508,216.86,2.499999999999999,2.4499999999999993
2016-11-11,0.2174811070285471,0.2,0.255,FREE,0.0,0.0,0.0,0.0,FORCE_BUY,10242234.364508508,216.68,1.3499999999999996,2.0999999999999996
2016-11-14,0.23354923301790412,0.2,0.255,FREE,4.6144617230323835e-05,4.6144617230323835e-05,0.0,4.6144617230323835e-05,FORCE_BUY,10242706.988492843,216.72,0.8499999999999996,2.349999999999999
2016-11-15,0.21207442655459743,0.2,0.255,FREE,0.006350959547148891,0.0020282154237381044,0.0003681715679506692,0.0020282154237381044,FORCE_BUY,10307758.00623006,218.67,1.8999999999999995,-0.5
2016-11-16,0.2196709864003451,0.2,0.255,FREE,0.0,0.0,0.0,0.0,FORCE_BUY,10307758.00623006,217.81,1.8999999999999995,-0.5
2016-11-17,0.14284518911870667,0.2,0.255,FORCE_BUY,0.0,0.0,0.0,0.0,FORCE_BUY,10307758.00623006,218.82,1.8999999999999995,-0.5
2016-11-18,0.16821874136292003,0.2,0.255,FORCE_BUY,0.0011908578756926597,0.001145105882918381,0.0,0.0011908578756926597,FORCE_BUY,10320033.081032515,218.59,1.8999999999999995,-0.5
2016-11-21,0.15593576986713964,0.2,0.255,FORCE_BUY,0.005526880738135402,0.0013231123734981415,0.00031973690220612994,0.005526880738135402,FORCE_BUY,10377070.673084995,220.14,2.4499999999999993,-0.5
2016-11-22,0.15529646267606012,0.2,0.255,FORCE_BUY,0.0005442670537010267,0.00027213352685051333,0.00027213352685051333,0.0005442670537010267,FORCE_BUY,10382718.570766281,220.6,2.4499999999999993,-0.5
2016-11-23,0.14159663233471598,0.2,0.255,FORCE_BUY,-0.0006796248470844832,0.0005436998776675382,0.0005436998776675382,-0.0006796248470844832,FREE,10388363.653583063,220.56,2.4499999999999993,-0.5
2016-11-25,0.13770076457269684,0.2,0.255,FORCE_BUY,0.0035928089480595222,0.0009056740479100539,0.0009056740479100539,0.0035928089480595222,FORCE_BUY,10425687.059473353,221.6234,1.2499999999999996,2.499999999999999
2016-11-28,0.17887250490763895,0.2,0.255,FORCE_BUY,-0.0011777495923174718,0.0016277331150669322,0.0015401340822611884,-0.0011777495923174718,FREE,10442657.295547381,220.5,1.2499999999999996,2.499999999999999
2016-11-29,0.16183260007429026,0.2,0.255,FORCE_BUY,0.0001811266074986451,0.0016979167700014578,0.0001811266074986451,0.0001811266074986451,FREE,10460388.05849287,220.88,1.3499999999999996,0.8999999999999997
2016-11-30,0.19061702681123752,0.2,0.255,FORCE_BUY,-0.0037525996925582314,0.0003098472299948776,0.001039877023238951,-0.0037525996925582314,FORCE_SELL,10471265.575689059,220.35,1.1499999999999997,0.7999999999999998
2016-12-01,0.18624809074804016,0.17,0.255,FREE,-0.003359208316310142,-0.0011561849252740173,-0.00018157882790854828,-0.0011561849252740173,FORCE_SELL,10469364.215559106,219.55,1.3499999999999996,0.9499999999999997
2016-12-02,0.17530698152242216,0.2,0.255,FORCE_BUY,0.0008665906499430008,0.0008665906499430008,0.0008665906499430008,0.0008665906499430008,FORCE_BUY,10478436.868699158,219.44,1.5499999999999994,1.6999999999999993
2016-12-05,0.16692560193063732,0.2,0.255,FORCE_BUY,0.00217647592273524,0.0019088348350328756,0.00108823796136762,0.00217647592273524,FORCE_BUY,10501242.934251782,221.02,1.1499999999999997,0.5499999999999998
2016-12-06,0.1538285566379364,0.2,0.255,FORCE_BUY,0.003394125899443333,0.004074280665202589,0.0018102004797031993,0.003394125899443333,FREE,10544027.945299398,221.72,0.7499999999999998,1.3999999999999995
2016-12-07,0.1987725747982474,0.2,0.255,FORCE_BUY,0.011588060239877396,-0.0013526918567951063,-0.0013526918567951063,0.011588060239877396,FORCE_BUY,10666212.776300479,224.35,0.6499999999999997,1.2999999999999996
2016-12-08,0.18134481317123077,0.2,0.255,FORCE_BUY,0.004368174726989153,0.004368174726989153,0.004368174726989153,0.004368174726989153,FORCE_BUY,10712804.657382604,225.33,0.8999999999999997,2.3999999999999995
2016-12-09,0.15594754188808518,0.2,0.255,FORCE_BUY,0.006662225183211133,0.006662225183211133,0.006662225183211133,0.006662225183211133,FORCE_BUY,10784175.77435384,226.65,0.8999999999999997,2.3999999999999995
2016-12-12,0.17909740160093898,0.2,0.255,FORCE_BUY,-0.002718455162684119,-0.002718455162684119,-0.002718455162684119,-0.002718455162684119,FORCE_BUY,10754859.476044754,226.2034,0.8999999999999997,2.3999999999999995
2016-12-13,0.17658223290030017,0.2,0.255,FORCE_BUY,0.004677433589268395,0.004677433589268395,0.004677433589268395,0.004677433589268395,FORCE_BUY,10805164.617005866,227.68,0.8999999999999997,2.3999999999999995
2016-12-14,0.2135829977365621,0.2,0.255,FREE,-0.006364394504674543,-0.006364394504674543,-0.006364394504674543,-0.006364394504674543,FORCE_BUY,10736396.28669529,226.38,0.8999999999999997,2.3999999999999995
2016-12-15,0.18874492344334495,0.2,0.255,FORCE_BUY,0.0026961325966850932,0.002380067926288298,0.003933701657458494,0.0026961325966850932,FORCE_SELL,10778630.066563396,226.86,1.2499999999999996,0.6999999999999997
2016-12-16,0.1855411321188621,0.2,0.255,FORCE_BUY,-0.00309871624612664,-0.002214389728115688,-0.0010624169986720449,-0.00309871624612664,FORCE_SELL,10767178.666758282,225.2,1.4499999999999995,1.3999999999999995
2016-12-19,0.16821874976639753,0.2,0.255,FORCE_BUY,0.0012860310421286044,0.002929887040220115,0.0010199556541019802,0.0012860310421286044,FREE,10798725.283993753,225.79,1.5999999999999996,-0.5
2016-12-20,0.1490464442474476,0.2,0.255,FORCE_BUY,0.0019474196689386989,0.00017703815172166775,0.00017703815172166775,0.0019474196689386989,FORCE_BUY,10819754.934011267,226.38,1.5999999999999996,0.8499999999999996
2016-12-21,0.18747303448575905,0.2,0.255,FORCE_BUY,-0.0026522853859075705,-0.0026522853859075705,-0.0026522853859075705,-0.0026522853859075705,FORCE_BUY,10791057.856120689,225.62,1.6499999999999995,0.9499999999999997
2016-12-22,0.1612286438895613,0.2,0.255,FORCE_BUY,-0.0001329787234042636,-0.000443252585527108,-0.00022163120567369397,-0.0001329787234042636,FORCE_BUY,10789622.8750228,225.57,1.8499999999999996,-0.5
2016-12-23,0.13635977784646675,0.2,0.255,FORCE_BUY,0.00035464136891562737,0.0006650213383133594,0.0004433017111445932,0.00035464136891562737,FREE,10796798.204467043,225.66,1.8999999999999995,-0.5
2016-12-27,0.16878458992786524,0.2,0.255,FORCE_BUY,0.0017724996676563834,0.0002668073910681303,0.0008862498338282507,0.0017724996676563834,FORCE_BUY,10815935.525696214,226.07,1.6499999999999995,1.0999999999999996
2016-12-28,0.2940102658419619,0.2,0.255,FORCE_SELL,-0.007866707915322381,-0.007866707915322381,-0.007866707915322381,-0.007866707915322381,FORCE_BUY,10730849.720084604,224.49,1.6499999999999995,1.0999999999999996
2016-12-29,0.23453802367403961,0.2,0.255,FREE,0.0006687472135531997,0.0010699955416850718,0.0010699955416850718,0.0010699955416850718,FREE,10742331.681443587,224.45,1.4999999999999996,-0.5
2016-12-30,0.26294422917562194,0.2,0.255,FORCE_SELL,-0.006536528969718463,-9.049530496386843e-05,0.0,0.0,FORCE_SELL,10742331.681443587,223.42,1.2499999999999996,0.8999999999999997
2017-01-03,0.2834729366841096,0.2,0.255,FORCE_SELL,0.00017758835020416412,0.0011029024922823334,0.0,0.0,FREE,10754179.425827974,225.28,0.9499999999999997,0.2999999999999998
2017-01-04,0.258200885752874,0.2,0.255,FORCE_SELL,0.0,0.0,0.0,0.0,FORCE_BUY,10754179.425827974,226.33,1.4499999999999995,1.0999999999999996
2017-01-05,0.24989749894694166,0.2,0.255,FREE,0.003745816432830124,0.002105636456324521,0.0,0.002105636456324521,FORCE_BUY,10794462.607842844,226.43,1.0499999999999996,1.3499999999999996
2017-01-06,0.28395993455160373,0.2,0.255,FORCE_SELL,0.001943892202341494,0.0005743317870554307,0.0,0.0,FORCE_BUY,10815445.879534697,226.79,0.8999999999999997,1.4499999999999995
2017-01-09,0.2914971706894494,0.2,0.255,FORCE_SELL,-0.0023805325339446093,-0.0023805325339446093,0.0,0.0,FORCE_SELL,10815445.879534697,226.3,0.5999999999999996,1.2499999999999996
2017-01-10,0.29774895892127257,0.2,0.255,FORCE_SELL,-0.0006178287731685403,-0.0006178287731685403,0.0,0.0,FORCE_SELL,10815445.879534697,226.46,0.5999999999999996,-0.5
2017-01-11,0.2568983111286885,0.2,0.255,FORCE_SELL,0.0034045187248530635,0.0008865096746058789,0.0,0.0,FORCE_BUY,10852267.267549207,226.94,0.5499999999999998,-0.5
2017-01-12,0.265518082969234,0.2,0.255,FORCE_SELL,0.0,0.0,0.0,0.0,FORCE_BUY,10852267.267549207,226.56,0.8499999999999996,2.2499999999999996
2017-01-13,0.26110855981511527,0.2,0.255,FORCE_SELL,0.001322051824431627,0.0005949233209942558,0.0,0.0,FORCE_BUY,10866614.527289491,227.22,0.8999999999999997,1.3999999999999995
2017-01-17,0.26866486105965554,0.2,0.255,FORCE_SELL,0.0007076514816453322,0.0007076514816453322,0.0,0.0,FORCE_BUY,10874304.303160196,226.26,0.8999999999999997,1.3999999999999995
2017-01-18,0.225266228793921,0.2,0.255,FREE,0.001634059091109975,0.001634059091109975,0.0,0.001634059091109975,FORCE_BUY,10892073.558966272,226.8,0.8999999999999997,1.3999999999999995
2017-01-19,0.27559577649562356,0.2,0.255,FORCE_SELL,-0.0006178833083238332,-0.0003972710471324936,-0.00039721069820815313,-0.00039721069820815313,FORCE_SELL,10887747.11082298,226.44,0.6499999999999997,0.9999999999999996
2017-01-20,0.25935791408604186,0.2,0.255,FORCE_SELL,0.001103460451977373,0.0011486635741109258,0.0,0.0,FREE,10900253.469333313,226.81,0.8499999999999996,0.6499999999999997
2017-01-23,0.26121346621512836,0.2,0.255,FORCE_SELL,0.00070771408351032,-0.0002450174346079205,0.0,0.0,FORCE_BUY,10907967.732227392,226.24,0.5499999999999998,0.5999999999999996
2017-01-24,0.26400566614711607,0.2,0.255,FORCE_SELL,0.006542882404951407,0.0021630539504832002,0.0,0.0,FORCE_BUY,10979337.28237636,227.68,0.7999999999999998,0.6499999999999997
2017-01-25,0.1482861312451639,0.2,0.255,FORCE_BUY,0.0,0.0,0.0,0.0,FORCE_BUY,10979337.28237636,229.42,0.5499999999999998,0.9499999999999997
2017-01-26,0.16296352898323319,0.2,0.255,FORCE_BUY,-0.00030523699472390065,0.0020733362059140907,0.0,-0.00030523699472390065,FREE,11002101.139880853,229.26,0.5499999999999998,0.9499999999999997
2017-01-27,0.19319950352408063,0.2,0.255,FORCE_BUY,-0.0023959921585712213,-0.00034850795033770953,-0.0008277063820518829,-0.0023959921585712213,FREE,10998266.820163185,229.0,0.9499999999999997,-0.5
2017-01-30,0.19390296567964382,0.2,0.255,FORCE_BUY,-0.004068419440920496,-0.0002122006653477245,-0.0017061113784506568,-0.004068419440920496,FREE,10995932.980626274,227.66,0.6499999999999997,-0.5
2017-01-31,0.16876732308134212,0.2,0.255,FORCE_BUY,0.0018029903254177075,-8.861707047205157e-05,0.00026385224274401404,0.0018029903254177075,FORCE_BUY,11015758.541409286,227.81,0.9999999999999996,-0.5
2017-02-01,0.2093438989400873,0.2,0.255,FREE,-0.0034225537516454144,0.00043878894251864594,0.00043878894251864594,0.00043878894251864594,FREE,11020592.134450711,227.12,1.0999999999999996,-0.5
2017-02-02,0.1790230684493447,0.2,0.255,FORCE_BUY,0.0031732040546496713,0.001983260631229336,0.0,0.0031732040546496713,FORCE_BUY,11055562.722096391,227.62,0.8999999999999997,-0.5
2017-02-03,0.17184948182392704,0.2,0.255,FORCE_BUY,0.006758239346996011,0.000263308026506355,0.000263308026506355,0.006758239346996011,FORCE_BUY,11130278.861088045,229.41,0.8499999999999996,-0.5
2017-02-06,0.17786259608955624,0.2,0.255,FORCE_BUY,-0.0029210446004273305,-0.0029210446004273305,-0.0029210446004273305,-0.0029210446004273305,FORCE_BUY,11097766.820119614,228.7,0.8499999999999996,1.7499999999999996
2017-02-07,0.192267574216624,0.2,0.255,FORCE_BUY,-0.0006114338122898121,0.0013956407554148972,0.00231471371795428,-0.0006114338122898121,FORCE_SELL,11123454.973216802,228.83,0.8499999999999996,1.7499999999999996
2017-02-08,0.1622268053361495,0.2,0.255,FORCE_BUY,0.0014858191670672537,0.0013117222223583294,0.0009177118384826461,0.0014858191670672537,FORCE_BUY,11139982.415820017,229.17,1.0999999999999996,-0.5
2017-02-09,0.175377834589492,0.2,0.255,FORCE_BUY,0.0061082024432810205,0.0010466514650601076,0.00030541012216422187,0.0061082024432810205,FORCE_BUY,11208027.683630437,230.6,0.9499999999999997,1.6999999999999993
2017-02-10,0.1609328988036397,0.2,0.31,FORCE_BUY,0.002685726662334833,4.331817197318397e-05,4.331817197318397e-05,0.002685726662334833,FORCE_BUY,11238129.38241255,231.47,0.6499999999999997,2.4499999999999993
2017-02-13,0.16120185710608928,0.2,0.31,FORCE_BUY,0.005006906077348054,8.63259668506778e-05,8.63259668506778e-05,0.005006906077348054,FORCE_BUY,11294397.640715376,232.84,0.6499999999999997,2.4499999999999993
2017-02-14,0.15705782339136456,0.2,0.31,FORCE_BUY,0.004167561761546747,0.004167561761546747,0.004167561761546747,0.004167561761546747,FORCE_BUY,11341467.740442524,233.72,0.6499999999999997,2.4499999999999993
2017-02-15,0.1652541497030153,0.2,0.31,FORCE_BUY,0.004745617785378383,0.00200851039072908,-8.550662676354013e-05,0.004745617785378383,FORCE_BUY,11395290.011463864,235.01,1.6499999999999995,0.9499999999999997
2017-02-16,0.16208446479178762,0.2,0.31,FORCE_BUY,-0.0014893617021275837,0.0011083757029209196,0.0003404255319149879,-0.0014893617021275837,FREE,11407920.274040308,234.65,1.3999999999999995,1.1499999999999997
2017-02-17,0.15999077061322606,0.2,0.31,FORCE_BUY,0.002558635394456308,0.002388059701492508,0.002388059701492508,0.002558635394456308,FORCE_BUY,11437108.982630603,235.1,1.3499999999999996,1.7499999999999996
2017-02-21,0.15483079035424763,0.2,0.31,FORCE_BUY,0.00454931972789124,0.0005952380952382027,0.0005952380952382027,0.00454931972789124,FORCE_BUY,11489140.048155326,236.27,1.5499999999999994,1.0499999999999996
2017-02-22,0.16500613270976375,0.2,0.31,FORCE_BUY,-0.00025394675583020746,-0.0020302204660656346,-0.0012697337791510372,-0.00025394675583020746,FORCE_BUY,11486222.418312818,236.21,1.5499999999999994,1.0499999999999996
2017-02-23,0.16743638629066063,0.2,0.31,FORCE_BUY,0.00042324459305026957,0.00042324459305026957,0.00042324459305026957,0.00042324459305026957,FORCE_BUY,11491083.899845943,236.37,1.5499999999999994,1.0499999999999996
2017-02-24,0.1729408734352886,0.2,0.31,FORCE_BUY,0.002413515687851982,0.00042314693979638866,-0.002836939492738239,0.002413515687851982,FORCE_BUY,11518817.811108645,236.74,1.2499999999999996,-0.5
2017-02-27,0.15416894496514785,0.2,0.31,FORCE_BUY,0.00029560810810816147,0.0010561929893293557,0.0007601351351350606,0.00029560810810816147,FREE,11530983.9057261,236.87,1.4499999999999995,0.24999999999999978
2017-02-28,0.18354436800225224,0.2,0.31,FORCE_BUY,-4.2204777580748364e-05,-0.0010972850247873707,-0.00016881911032322138,-4.2204777580748364e-05,FORCE_BUY,11530497.243115071,236.93,1.0499999999999996,0.4999999999999998
2017-03-01,0.18307934103146362,0.2,0.31,FORCE_BUY,0.009224159716957316,0.0007581501137225565,0.0007581501137225565,0.009224159716957316,FORCE_BUY,11636856.391301502,239.61,1.4499999999999995,0.5999999999999996
2017-03-02,0.21805287140880988,0.2,0.31,FREE,-0.005387346001252813,-0.005387346001252813,-0.005387346001252813,-0.005387346001252813,FORCE_BUY,11574164.61955467,238.16,1.3499999999999996,1.7999999999999994
2017-03-03,0.16927749892435962,0.2,0.31,FORCE_BUY,0.0019757861106439734,0.0025225396133804674,0.002185976122414701,0.0019757861106439734,FREE,11603360.908299284,238.35,1.1999999999999997,0.6499999999999997
2017-03-06,0.17933964544868042,0.2,0.31,FORCE_BUY,0.00012630515325025917,-0.000652395001300049,0.00023155944762539934,0.00012630515325025917,FORCE_SELL,11606047.776141807,237.55,1.6999999999999993,0.9499999999999997
2017-03-07,0.19770820667903263,0.2,0.31,FORCE_BUY,-0.004208045783538154,-0.0008836896145429386,-0.0008836896145429386,-0.004208045783538154,FREE,11595791.632256141,236.64,1.5499999999999994,1.3499999999999996
2017-03-08,0.20881783443012022,0.2,0.31,FREE,-0.0004644485728763035,-0.0004644485728763035,-0.0004644485728763035,-0.0004644485728763035,FORCE_BUY,11590405.983381169,236.73,1.2499999999999996,-0.5
2017-03-09,0.17862751628274243,0.2,0.31,FORCE_BUY,0.0023649647366864863,0.0012247138814985138,0.0012247138814985138,0.0023649647366864863,FORCE_BUY,11617816.884815747,237.35,1.2999999999999996,1.1499999999999997
2017-03-10,0.1775000466341483,0.2,0.31,FORCE_BUY,0.00029447646291693927,0.0003786125951790193,0.0003786125951790193,0.00029447646291693927,FREE,11622215.53661682,237.78,1.5499999999999994,-0.5
2017-03-13,0.15841348640659134,0.2,0.31,FORCE_BUY,0.001473994525163231,0.001473994525163231,0.001473994525163231,0.001473994525163231,FORCE_BUY,11639346.61868806,237.8,1.3999999999999995,1.6499999999999995
2017-03-14,0.17397417323663056,0.2,0.31,FORCE_BUY,-0.003404935054016399,0.0001965821118597031,-0.0013451595275126346,-0.003404935054016399,FREE,11641634.70602703,237.08,-0.5,1.2499999999999996
2017-03-15,0.20172914690422214,0.2,0.31,FREE,0.006741951795044713,0.006784088993763782,0.006784088993763782,0.006784088993763782,FREE,11720612.591905605,238.92,0.8499999999999996,0.7499999999999998
2017-03-16,0.18908788590078374,0.2,0.31,FORCE_BUY,0.0,0.0,0.0,0.0,FORCE_BUY,11720612.591905605,238.6,1.4999999999999996,1.4499999999999995
2017-03-17,0.20307894986536232,0.2,0.31,FREE,-0.0015588792921846087,-0.0016807018792786863,0.0,-0.0016807018792786863,FORCE_SELL,11720612.591905605,236.98,0.5999999999999996,0.9499999999999997
2017-03-20,0.18407403393295727,0.2,0.31,FORCE_BUY,-0.0013076858179363923,-0.0013076858179363923,-0.0013076858179363923,-0.0013076858179363923,FORCE_BUY,11705285.713041643,236.75,1.0999999999999996,-0.5
2017-03-21,0.27334230425925193,0.2,0.31,FREE,-0.015015394997680225,-0.009544110794257191,0.0010966299717406678,-0.009544110794257191,FORCE_SELL,11718122.080182353,233.53,1.0999999999999996,-0.5
2017-03-22,0.17956405787124877,0.2,0.26,FORCE_BUY,0.005057215103072825,0.0025286075515362984,0.0025286075515362984,0.005057215103072825,FORCE_BUY,11777383.144145902,234.51,2.0999999999999996,-0.5
2017-03-23,0.20823726172768106,0.2,0.26,FREE,-0.0008537886872998959,-0.001021242077378839,0.00042689434364983405,-0.001021242077378839,FORCE_SELL,11782410.842393136,234.05,1.2999999999999996,-0.5
2017-03-24,0.2068930986368014,0.2,0.26,FREE,-0.0011101622544833058,-0.0011101622544833058,-0.0011101622544833058,-0.0011101622544833058,FORCE_BUY,11769330.454609096,233.94,0.8499999999999996,1.1499999999999997
2017-03-27,0.19427233831759927,0.2,0.26,FORCE_BUY,0.008099956915122707,0.002154243860404996,0.002154243860404996,0.008099956915122707,FORCE_BUY,11864661.524211273,233.98,1.1999999999999997,-0.5
2017-03-28,0.19725805137527205,0.2,0.26,FORCE_BUY,0.005731884677902383,0.003054196549696136,0.004191975361450902,0.005731884677902383,FORCE_BUY,11932668.395810397,235.12,1.0999999999999996,1.7499999999999996
2017-03-29,0.16491613541563974,0.2,0.26,FORCE_BUY,0.0013176910652044922,0.001062654084842358,0.001062654084842358,0.0013176910652044922,FORCE_BUY,11948391.966339603,235.57,1.0999999999999996,1.6499999999999995
2017-03-30,0.16207140419715574,0.2,0.26,FORCE_BUY,0.002291339585013003,0.0025035006576992393,0.0025035006576992393,0.002291339585013003,FREE,11978304.773485782,236.21,1.1499999999999997,1.5999999999999996
2017-03-31,0.1949575582292109,0.2,0.26,FORCE_BUY,-0.0004665761791652004,0.001484258966907367,0.00021208008143883033,-0.0004665761791652004,FREE,11996083.679754177,235.65,-0.5,1.2999999999999996
2017-04-03,0.18251481357823185,0.2,0.26,FORCE_BUY,-0.0033456147037647663,-0.0057807140134671095,-0.0057807140134671095,-0.0033456147037647663,FORCE_BUY,11955949.405807598,235.34,1.0999999999999996,1.2999999999999996
2017-04-04,0.15614775569292424,0.2,0.26,FORCE_BUY,0.004174476060657771,0.0008945305844267546,0.0008945305844267546,0.004174476060657771,FORCE_BUY,12005859.230384575,235.74,1.8499999999999996,1.3499999999999996
2017-04-05,0.2252793312039607,0.2,0.26,FREE,-0.00395340928413535,-0.006442154841761806,0.001275293317463038,-0.006442154841761806,FORCE_SELL,12021170.222431488,234.31,1.1999999999999997,1.3999999999999995
2017-04-06,0.1930718234747081,0.2,0.225,FORCE_BUY,0.005165862613670289,0.005208555693122156,0.005208555693122156,0.005165862613670289,FREE,12083783.157031523,235.44,0.7999999999999998,1.6499999999999995
2017-04-07,0.19962880427852095,0.2,0.26,FORCE_BUY,0.00038281582305397654,-0.0007656316461080668,-0.0007656316461080668,0.00038281582305397654,FORCE_BUY,12088409.020426387,235.19,1.5999999999999996,1.2499999999999996
2017-04-10,0.19789705358554488,0.2,0.26,FORCE_BUY,8.501232678747569e-05,0.004447645371577114,-4.250616339362414e-05,8.501232678747569e-05,FREE,12142173.976855818,235.28,0.8499999999999996,1.1999999999999997
2017-04-11,0.16688358306396456,0.2,0.26,FORCE_BUY,-0.0006803010332071304,0.0007691442426676729,-0.00029763170202812663,-0.0006803010332071304,FREE,12151513.060063586,235.03,0.9499999999999997,0.6999999999999997
2017-04-12,0.19674666003722519,0.2,0.26,FORCE_BUY,-0.005947323704333088,0.002643592158146541,0.00021240441801189603,-0.005947323704333088,FREE,12183636.704698784,234.0,0.8999999999999997,0.7999999999999998
2017-04-13,0.231595816021117,0.2,0.26,FREE,-0.006327490380504667,-0.004409995138845542,-0.00017101325352721807,-0.004409995138845542,FORCE_SELL,12181553.141346121,232.42,0.7999999999999998,0.6499999999999997
2017-04-17,0.18291289641719036,0.19,0.215,FORCE_BUY,0.008559139784946266,0.002193548387096757,0.002193548387096757,0.008559139784946266,FORCE_BUY,12285816.757480655,234.49,1.1999999999999997,1.0499999999999996
2017-04-18,0.19494564378130871,0.19,0.215,FREE,-0.0012809017548355013,-0.0017933939549393796,-0.0021775329832202837,-0.0017933939549393796,FORCE_BUY,12270079.83323641,233.91,1.1999999999999997,1.0499999999999996
2017-04-19,0.2253938479344687,0.19,0.215,FORCE_SELL,-0.003371601724211544,-0.003030173701506643,0.0,0.0,FORCE_SELL,12270079.83323641,233.52,0.7999999999999998,1.1999999999999997
2017-04-20,0.19853110978206567,0.19,0.215,FREE,0.0,0.0,0.0,0.0,FORCE_BUY,12270079.83323641,235.32,0.9499999999999997,1.2499999999999996
2017-04-21,0.19253058297195058,0.19,0.215,FREE,-0.002553952241092943,-0.002553952241092943,0.0,-0.002553952241092943,FORCE_SELL,12270079.83323641,234.33,0.9999999999999996,2.499999999999999
2017-04-24,0.19333057004701346,0.19,0.215,FREE,-0.0005062009617818658,-0.0005062009617818658,-0.0005062009617818658,-0.0005062009617818658,FORCE_BUY,12263868.707023684,236.94,0.8499999999999996,0.9999999999999996
2017-04-25,0.17801716973103363,0.19,0.215,FORCE_BUY,0.005420635589648545,0.0021073927337098637,0.0021073927337098637,0.005420635589648545,FORCE_BUY,12330346.670203753,238.5461,0.8499999999999996,0.9999999999999996
2017-04-26,0.21391195122932494,0.19,0.215,FREE,-0.00012580198767135853,-0.0009630773167723825,0.0007128779301379233,-0.0009630773167723825,FORCE_SELL,12339136.702215891,238.44,0.8499999999999996,0.9999999999999996
2017-04-27,0.19375237018815583,0.19,0.215,FREE,0.0008389261744965364,0.0008389261744965364,0.0008389261744965364,0.0008389261744965364,FORCE_BUY,12349488.326966072,238.6,0.8999999999999997,-0.5
2017-04-28,0.22287558299610197,0.19,0.215,FORCE_SELL,8.406540288349363e-05,8.406540288349363e-05,0.0,0.0,FORCE_BUY,12350526.491677683,237.93,-0.5,1.5499999999999994
2017-05-01,0.2064268774103295,0.19,0.215,FREE,0.0003352189398701028,0.0013824569643538088,0.0,0.0013824569643538088,FREE,12367600.56303954,238.73,-0.5,1.4999999999999996
2017-05-02,0.17566144053225297,0.19,0.215,FORCE_BUY,0.00029350104821804283,0.0034635498080719676,0.001593291404612136,0.00029350104821804283,FREE,12410436.363595966,238.57,-0.5,-0.5
2017-05-03,0.1923087154918223,0.19,0.215,FREE,0.001174545912160799,0.0032582733488512525,-0.00016779227316569983,0.0032582733488512525,FREE,12450872.957647087,238.67,0.6999999999999997,0.7999999999999998
2017-05-04,0.18366900616222406,0.19,0.215,FORCE_BUY,0.0012580726327265698,0.0019297181218752664,0.0,0.0012580726327265698,FREE,12474899.632826626,238.76,0.6999999999999997,-0.5
2017-05-05,0.17551814186241108,0.19,0.215,FORCE_BUY,0.0056580050293377785,0.0007963118189437541,0.0007963118189437541,0.0056580050293377785,FORCE_BUY,12545482.677689644,239.95,0.8999999999999997,0.8999999999999997
2017-05-08,0.1734565163375489,0.19,0.215,FORCE_BUY,0.0007515657620042539,0.0007515657620042539,0.0007515657620042539,0.0007515657620042539,FORCE_BUY,12554911.432938013,239.68,0.7499999999999998,1.9999999999999996
2017-05-09,0.1991556770085181,0.19,0.215,FREE,-0.0028785982478096725,-0.001168721405894414,0.00016687526074272397,-0.001168721405894414,FORCE_SELL,12557006.537056986,239.01,-0.5,0.7999999999999998
2017-05-10,0.15065834040979909,0.19,0.215,FORCE_BUY,0.003054137729060318,0.0007112480512107789,0.00046021253451593216,0.003054137729060318,FORCE_BUY,12595357.36448587,239.75,0.4999999999999998,0.7499999999999998
2017-05-11,0.17647495410401592,0.19,0.215,FORCE_BUY,-0.0015856457333610738,-0.0003326358705179247,-0.0010431879824743936,-0.0015856457333610738,FREE,12591167.69682445,239.27,0.5999999999999996,1.0999999999999996
2017-05-12,0.19187356131243039,0.19,0.215,FREE,0.0012141511408833075,0.0012353147827333251,0.0007954783336822441,0.0012353147827333251,FREE,12606721.752412211,239.14,0.3999999999999998,-0.5
2017-05-15,0.1510918689109919,0.19,0.215,FORCE_BUY,0.0038464754578142334,0.0020450523339646653,0.0,0.0038464754578142334,FORCE_BUY,12655213.198236357,240.1,0.44999999999999973,-0.5
2017-05-16,0.1686646579508464,0.19,0.215,FORCE_BUY,-0.005413283364563847,-0.004128070004379942,0.0007495315427858455,-0.005413283364563847,FORCE_SELL,12664698.679709116,238.85,0.6999999999999997,1.0999999999999996
2017-05-17,0.3254047402372282,0.19,0.215,FORCE_SELL,-0.01034295046271087,-0.008642294985489341,0.0007956115740547425,0.0007956115740547425,FORCE_SELL,12674774.860560609,236.34,0.5999999999999996,0.9999999999999996
2017-05-18,0.2176321441714986,0.19,0.215,FORCE_SELL,0.006119326874043814,0.0060768315485296084,0.0,0.0,FORCE_BUY,12752335.950987292,236.76,1.7999999999999994,-0.5
2017-05-19,0.2132941998790514,0.19,0.215,FREE,0.0,0.0,0.0,0.0,FORCE_BUY,12752335.950987292,237.99,1.3499999999999996,0.6999999999999997
2017-05-22,0.17555413034342773,0.19,0.215,FORCE_BUY,0.0,0.0,0.0,0.0,FORCE_BUY,12752335.950987292,239.06,1.6999999999999993,1.2999999999999996
2017-05-23,0.1657747357152796,0.19,0.215,FORCE_BUY,0.0,0.0,0.0,0.0,FORCE_BUY,12752335.950987292,239.97,1.6999999999999993,1.2999999999999996
2017-05-24,0.15796675928727436,0.19,0.215,FORCE_BUY,0.0,0.0,0.0,0.0,FORCE_BUY,12752335.950987292,240.62,-0.5,1.7499999999999996
2017-05-25,0.17059027691150783,0.185,0.215,FORCE_BUY,0.0,0.0,0.0,0.0,FORCE_BUY,12752335.950987292,241.62,-0.5,1.7499999999999996
2017-05-26,0.17874536256722964,0.185,0.215,FORCE_BUY,0.0,0.0,0.0,0.0,FORCE_BUY,12752335.950987292,241.8,-0.5,1.7499999999999996
2017-05-30,0.185543926473144,0.185,0.215,FREE,0.0,0.0,0.0,0.0,FORCE_BUY,12752335.950987292,241.5,-0.5,1.7499999999999996
2017-05-31,0.19118062828917234,0.185,0.215,FREE,-0.00037242406687088806,-0.0009926943423320118,-0.0002896631631217646,-0.0009926943423320118,FORCE_SELL,12748642.069018539,241.57,-0.5,1.7499999999999996
2017-06-01,0.15392172434987436,0.185,0.215,FORCE_BUY,0.007159410693593858,0.0028761794404900723,0.0028761794404900723,0.007159410693593858,FORCE_BUY,12839914.833376272,243.37,1.3499999999999996,2.1499999999999995
2017-06-02,0.14766647237333794,0.185,0.215,FORCE_BUY,0.002832977500410573,0.0020734110691410686,0.0020734110691410686,0.002832977500410573,FORCE_BUY,12876290.023206415,244.25,0.9499999999999997,2.3999999999999995
2017-06-05,0.16097491986154358,0.185,0.215,FORCE_BUY,-0.00036889781530522744,-0.00036889781530522744,-0.00036889781530522744,-0.00036889781530522744,FORCE_BUY,12871539.987947617,243.88,0.9499999999999997,2.3999999999999995
2017-06-06,0.18624607898254206,0.185,0.215,FREE,-0.0010667541952158173,-0.0001235131797995857,0.0003282320600665759,-0.0001235131797995857,FORCE_SELL,12875764.84003409,243.47,-0.5,-0.5
2017-06-07,0.15660752524544164,0.185,0.215,FORCE_BUY,0.0005338809034908031,0.0026112203920290187,0.0005749486652978222,0.0005338809034908031,FREE,12909386.299747357,243.63,-0.5,-0.5
2017-06-08,0.16918432030997502,0.185,0.215,FORCE_BUY,-0.0021337710299549253,-0.0009632249590855126,0.0006565449322937379,-0.0021337710299549253,FORCE_SELL,12917861.891901478,243.18,0.5499999999999998,1.0999999999999996
2017-06-09,0.22085294885573803,0.185,0.215,FORCE_SELL,-0.001025262467191429,0.0002162803858253672,0.0011893044619422349,0.0011893044619422349,FORCE_SELL,12933225.16268827,243.59,0.5999999999999996,1.4499999999999995
2017-06-12,0.14373509603844672,0.185,0.215,FORCE_BUY,0.0,0.0,0.0,0.0,FORCE_BUY,12933225.16268827,243.4,0.9499999999999997,1.3999999999999995
2017-06-13,0.14516681144384538,0.185,0.215,FORCE_BUY,0.0008799754425459853,0.0004297554486853206,0.0,0.0008799754425459853,FORCE_BUY,12944606.083224352,244.54,0.7499999999999998,0.6999999999999997
2017-06-14,0.1713306062154989,0.185,0.215,FORCE_BUY,-0.003475487590464854,0.00020489347223194364,8.177617859927961e-05,-0.003475487590464854,FREE,12947258.348511418,243.72,-0.5,1.5999999999999996
2017-06-15,0.16601052845732142,0.185,0.215,FORCE_BUY,0.0025895022401248528,0.003124063126398494,0.0027128118706070416,0.0025895022401248528,FREE,12987706.400905957,243.92,-0.5,1.5999999999999996
2017-06-16,0.20434693905595633,0.185,0.215,FREE,-0.00028787629544325656,-0.000411251850633303,-0.000411251850633303,-0.000411251850633303,FORCE_BUY,12983967.54810096,243.09,1.0999999999999996,1.3499999999999996
2017-06-19,0.24367989583121932,0.185,0.215,FORCE_SELL,0.0,0.0,0.0,0.0,FORCE_BUY,12983967.54810096,244.52,0.9499999999999997,0.9999999999999996
2017-06-20,0.29873335967859965,0.185,0.215,FORCE_SELL,-0.0010899142277748743,0.0011071623052301713,0.0,0.0,FREE,12998342.907542547,243.24,0.9499999999999997,0.9999999999999996
2017-06-21,0.26873919237926924,0.185,0.215,FORCE_SELL,-8.242324335454084e-05,0.003712746470947605,0.0,0.0,FREE,13046602.459300693,242.63,0.5499999999999998,0.7499999999999998
2017-06-22,0.2819042760017087,0.185,0.215,FORCE_SELL,0.0015255215634532805,0.0037934231409652067,0.0,0.0,FREE,13096093.74298078,242.91,0.5999999999999996,0.7499999999999998
2017-06-23,0.2521188627102083,0.185,0.215,FORCE_SELL,0.002142827708410715,0.0022666565302707307,0.0,0.0,FREE,13125778.089384345,243.19,0.5499999999999998,0.5999999999999996
2017-06-26,0.297720223071653,0.185,0.215,FORCE_SELL,-0.0013134132326381807,-0.0001641766540797309,0.0,0.0,FORCE_SELL,13125778.089384345,243.32,0.6999999999999997,0.6999999999999997
2017-06-27,0.2859863615708349,0.185,0.215,FORCE_SELL,0.00012429050834833762,0.00012429050834833762,0.0,0.0,FORCE_BUY,13127409.499015542,241.4,0.9999999999999996,0.7999999999999998
2017-06-28,0.25860389607980455,0.185,0.22,FORCE_SELL,0.0,0.0,0.0,0.0,FORCE_BUY,13127409.499015542,243.98,1.2999999999999996,-0.5
2017-06-29,0.3604297901778013,0.185,0.22,FORCE_SELL,0.005199018425321387,0.005199018425321387,0.0,0.0,FORCE_BUY,13195659.142877663,241.68,1.1999999999999997,2.4499999999999993
2017-06-30,0.2903701472394096,0.185,0.22,FORCE_SELL,-0.00251774806009573,-0.00251774806009573,0.0,0.0,FORCE_SELL,13195659.142877663,241.67,0.44999999999999973,2.1499999999999995
2017-07-03,0.306346691446426,0.185,0.22,FORCE_SELL,0.0,0.0,0.0,0.0,FORCE_BUY,13195659.142877663,241.83,1.1999999999999997,1.4499999999999995
2017-07-05,0.23938006571800444,0.185,0.22,FORCE_SELL,0.0,0.0,0.0,0.0,FORCE_BUY,13195659.142877663,242.76,1.1999999999999997,1.4499999999999995
2017-07-06,0.2594427846232688,0.185,0.22,FORCE_SELL,-0.006028822727835697,-0.004447651282324172,0.0,0.0,FORCE_SELL,13195659.142877663,240.71,0.9499999999999997,1.1999999999999997
2017-07-07,0.251182756291114,0.185,0.22,FORCE_SELL,0.0,0.0,0.0,0.0,FORCE_BUY,13195659.142877663,242.06,0.8499999999999996,1.1499999999999997
2017-07-10,0.24828969207475007,0.185,0.22,FORCE_SELL,-4.127796582188832e-05,-0.00024765416396712805,0.0,0.0,FORCE_SELL,13195659.142877663,242.25,0.8999999999999997,1.1999999999999997
2017-07-11,0.24519276819604896,0.185,0.22,FORCE_SELL,0.001280780036357614,0.0014677226926522043,0.0,0.0,FREE,13215026.711246168,242.35,0.5999999999999996,0.9999999999999996
2017-07-12,0.14467444394239207,0.185,0.22,FORCE_BUY,0.0,0.0,0.0,0.0,FORCE_BUY,13215026.711246168,244.04,0.44999999999999973,-0.5
2017-07-13,0.1340587009464276,0.185,0.22,FORCE_BUY,0.0023785113799469114,0.0012712733237646597,0.0,0.0023785113799469114,FORCE_BUY,13246458.802665168,244.43,0.44999999999999973,-0.5
2017-07-14,0.1569631855777983,0.185,0.22,FORCE_BUY,0.005280176824526041,0.00020465801645457344,0.00020465801645457344,0.005280176824526041,FORCE_BUY,13316402.44744204,245.6,0.44999999999999973,-0.5
2017-07-17,0.16596679281430693,0.185,0.22,FORCE_BUY,0.0008959843610002369,0.0008959843610002369,0.0008959843610002369,0.0008959843610002369,FORCE_BUY,13328333.735779732,245.76,-0.5,2.1999999999999993
2017-07-18,0.14048710702037268,0.185,0.22,FORCE_BUY,0.0011815033611735763,0.0011815033611735763,0.0011815033611735763,0.0011815033611735763,FORCE_BUY,13344081.206887398,245.74,-0.5,2.1999999999999993
2017-07-19,0.1291427657788691,0.185,0.22,FORCE_BUY,0.004107193688747932,0.0013002187765855707,0.0002033264202351138,0.004107193688747932,FORCE_BUY,13398887.933002466,246.92,-0.5,0.5999999999999996
2017-07-20,0.1422768635118575,0.185,0.22,FORCE_BUY,-0.00024281667341161217,0.000687980574666271,0.000687980574666271,-0.00024281667341161217,FREE,13408106.107622502,247.04,-0.5,0.5999999999999996
2017-07-21,0.1288889995346212,0.185,0.22,FORCE_BUY,-0.001416086745428101,0.0008507469400937217,0.0004045962129793634,-0.001416086745428101,FREE,13419513.012866015,246.81,-0.5,0.5999999999999996
2017-07-24,0.14040377914072708,0.185,0.22,FORCE_BUY,0.000552918745689751,0.0012018679720911456,0.001419820696929169,0.000552918745689751,FORCE_SELL,13438566.315184392,246.6463,0.5499999999999998,0.8499999999999996
2017-07-25,0.1486963909920228,0.185,0.22,FORCE_BUY,0.0029182879377432063,0.00228729347063462,0.0005674448767834135,0.0029182879377432063,FORCE_BUY,13477783.921162557,247.44,0.7999999999999998,0.2999999999999998
2017-07-26,0.15903973298125862,0.185,0.22,FORCE_BUY,0.0006869797138932982,-4.05020202051104e-05,0.00028287399983836537,0.0006869797138932982,FORCE_BUY,13487042.885304634,247.63,-0.5,0.2999999999999998
2017-07-27,0.20252839227586095,0.185,0.22,FREE,-0.004356595401371545,-0.00283888042534736,-0.005284388866478405,-0.00283888042534736,FREE,13448754.783261722,246.82,0.44999999999999973,0.24999999999999978
2017-07-28,0.1481077273745566,0.185,0.22,FORCE_BUY,0.0019059205190593519,0.0011359950360645505,0.0,0.0019059205190593519,FORCE_BUY,13474387.040958937,247.07,0.9499999999999997,0.6999999999999997
2017-07-31,0.1783207582937566,0.185,0.22,FORCE_BUY,-0.0016186468112656968,-0.0014972483004208517,-0.0014972483004208517,-0.0016186468112656968,FREE,13454212.53786265,246.72,0.9999999999999996,0.7499999999999998
2017-08-01,0.14858610831149013,0.185,0.22,FORCE_BUY,0.0005658852061439214,-0.00036380784895167486,0.00024252223120456898,0.0005658852061439214,FORCE_BUY,13461826.077698141,247.54,0.4999999999999998,0.7499999999999998
2017-08-02,0.1559086180617466,0.185,0.22,FORCE_BUY,-0.0007678008567039914,-0.0007678008567039914,-0.0007678008567039914,-0.0007678008567039914,FORCE_BUY,13451490.076102884,247.27,0.6999999999999997,1.8499999999999996
2017-08-03,0.16317075510058596,0.185,0.22,FORCE_BUY,0.0,0.0,0.0,0.0,FORCE_BUY,13451490.076102884,246.91,1.0499999999999996,0.9999999999999996
2017-08-04,0.16876960162886812,0.185,0.22,FORCE_BUY,8.087343307717519e-05,0.0006874241811564265,0.0006874241811564265,8.087343307717519e-05,FREE,13460736.955653785,247.32,0.9499999999999997,0.8499999999999996
2017-08-07,0.13028332356342862,0.185,0.22,FORCE_BUY,0.00044422906065735374,0.0007678939498038374,0.0,0.00044422906065735374,FREE,13471073.374121934,247.73,-0.5,-0.5
2017-08-08,0.22591216524771132,0.185,0.22,FORCE_SELL,-0.003914289173156839,0.0002636517844771175,-6.053024494578956e-05,-6.053024494578956e-05,FREE,13474625.046655845,246.84,-0.5,-0.5
2017-08-09,0.1669181710915705,0.185,0.22,FORCE_BUY,0.0032858707557502156,0.0032858707557502156,0.0,0.0032858707557502156,FORCE_BUY,13518900.92304135,247.32,-0.5,1.4499999999999995
2017-08-10,0.2578656724607247,0.185,0.22,FORCE_SELL,-0.013317681347150197,-0.013317681347150197,-0.013317681347150197,-0.013317681347150197,FORCE_BUY,13338860.508384591,243.75,0.6499999999999997,1.4499999999999995
2017-08-11,0.19040790997064172,0.185,0.22,FREE,0.0016820512820511593,0.003938713373710745,0.0037333333333331793,0.003938713373710745,FREE,13391398.456659028,244.16,0.9499999999999997,-0.5
2017-08-14,0.16857725898927625,0.185,0.22,FORCE_BUY,0.0,0.0,0.0,0.0,FORCE_BUY,13391398.456659028,246.93,0.9499999999999997,-0.5
2017-08-15,0.16999942595646775,0.185,0.22,FORCE_BUY,-0.001984689537850736,-0.0015796508566569148,0.0,-0.001984689537850736,FORCE_SELL,13391398.456659028,246.4,0.9499999999999997,-0.5
2017-08-16,0.18329106022551536,0.185,0.22,FORCE_BUY,-0.0012555690562981226,0.00032104898258675403,0.0005265289590927115,-0.0012555690562981226,FORCE_SELL,13398449.415749209,246.59,-0.5,0.5999999999999996
2017-08-17,0.26453855555773004,0.185,0.22,FORCE_SELL,-0.015642095878753617,-0.015642095878753617,-0.015642095878753617,-0.015642095878753617,FORCE_BUY,13188869.585361429,242.91,-0.5,0.6999999999999997
2017-08-18,0.2157313076281883,0.185,0.22,FREE,-0.002180083089959298,0.0009453007579292975,0.0011928756529965927,0.0009453007579292975,FORCE_SELL,13204602.266780354,242.58,1.2999999999999996,-0.5
2017-08-21,0.1638629009051328,0.185,0.22,FORCE_BUY,0.003093676525182621,0.003093676525182621,0.003093676525182621,0.003093676525182621,FORCE_BUY,13245453.034837464,243.18,1.4999999999999996,1.0999999999999996
2017-08-22,0.17820002995751863,0.185,0.22,FORCE_BUY,0.008295347213666785,0.0016837090879224562,0.0016837090879224562,0.008295347213666785,FORCE_BUY,13355328.666763758,245.53,0.8999999999999997,-0.5
2017-08-23,0.1704226840523052,0.185,0.22,FORCE_BUY,-0.005383140981199828,-0.005383140981199828,-0.005383140981199828,-0.005383140981199828,FORCE_BUY,13283435.049700309,243.89,-0.5,1.6499999999999995
2017-08-24,0.19309283099875216,0.185,0.22,FREE,0.0009007164790172592,0.0025807833707944235,0.00020470829068569037,0.0025807833707944235,FREE,13317716.717983603,244.47,1.4999999999999996,-0.5
2017-08-25,0.19618085883462308,0.185,0.255,FREE,-0.0011863366741663983,0.0027816848146597793,0.0,0.0027816848146597793,FREE,13354762.40834396,244.16,-0.5,0.9999999999999996
2017-08-28,0.16712160430452302,0.185,0.255,FORCE_BUY,-0.0035215593137053803,0.0009814750617973549,0.0,-0.0035215593137053803,FREE,13367869.774603978,243.35,-0.5,0.6499999999999997
2017-08-29,0.16781548583317532,0.185,0.265,FORCE_BUY,0.00996992543154944,0.005313716930916172,0.0011123470522802765,0.00996992543154944,FORCE_BUY,13501146.439435445,245.15,-0.5,0.7499999999999998
2017-08-30,0.15407486810828944,0.185,0.265,FORCE_BUY,0.002811621368322311,-0.00020374067886400865,-0.00020374067886400865,0.002811621368322311,FORCE_BUY,13539106.55126141,246.1,-0.5,0.7999999999999998
2017-08-31,0.1423844750322164,0.185,0.265,FORCE_BUY,0.006095330976472049,0.0057671960704395835,0.0005282620179608191,0.006095330976472049,FORCE_BUY,13621631.886817068,247.59,-0.5,0.7999999999999998
2017-09-01,0.14948396045081805,0.185,0.265,FORCE_BUY,0.0002422774076317307,-0.00028229696731981184,0.0004037956793861454,0.0002422774076317307,FORCE_SELL,13627132.242919153,247.71,-0.5,1.8999999999999995
2017-09-05,0.19022708578232864,0.185,0.22,FREE,-0.004367165386170723,-0.003720283229787233,-0.0063081277800242815,-0.003720283229787233,FREE,13576435.451365728,246.22,0.34999999999999987,1.9499999999999993
2017-09-06,0.14677836526790397,0.185,0.22,FORCE_BUY,0.0,0.0,0.0,0.0,FORCE_BUY,13576435.451365728,246.56,1.0999999999999996,1.5999999999999996
2017-09-07,0.1453436971351829,0.185,0.22,FORCE_BUY,0.0,0.0,0.0,0.0,FORCE_BUY,13576435.451365728,246.84,1.0999999999999996,1.6999999999999993
2017-09-08,0.15820763113176953,0.185,0.22,FORCE_BUY,0.0009331764514951747,0.0014625011212092637,0.0,0.0009331764514951747,FREE,13596291.003435375,246.7,0.3999999999999998,1.2999999999999996
2017-09-11,0.13528491658634154,0.185,0.22,FORCE_BUY,0.005809496913704869,0.000322751455761747,0.00028240609997183535,0.005809496913704869,FORCE_BUY,13675278.614057666,249.31,-0.5,1.2499999999999996
2017-09-12,0.1254379844977549,0.185,0.22,FORCE_BUY,0.002846718255082019,0.002846718255082019,0.002846718255082019,0.002846718255082019,FORCE_BUY,13714208.279331636,250.12,0.6499999999999997,2.349999999999999
2017-09-13,0.12459244415580302,0.185,0.22,FORCE_BUY,0.0005204163330664699,0.0005004003202562625,0.0005004003202562625,0.0005204163330664699,FORCE_BUY,13721345.377315275,249.93,0.6499999999999997,2.349999999999999
2017-09-14,0.139850769262759,0.185,0.22,FORCE_BUY,-0.0020401632130569777,-0.0020401632130569777,-0.0020401632130569777,-0.0020401632130569777,FORCE_BUY,13693351.593242828,249.47,0.6499999999999997,2.349999999999999
2017-09-15,0.1455904245448985,0.185,0.22,FORCE_BUY,0.0024927629462850927,0.0014688686962561557,0.00012061756191698571,0.0024927629462850927,FORCE_BUY,13727485.87270492,249.34,0.4999999999999998,-0.5
2017-09-18,0.16605063287647495,0.185,0.22,FORCE_BUY,0.0005208124674492376,0.00028043748247273274,0.00028043748247273274,0.0005208124674492376,FORCE_BUY,13734635.318494156,249.74,0.5499999999999998,1.7499999999999996
2017-09-19,0.1381689256597695,0.185,0.22,FORCE_BUY,0.00032033314647232495,0.00032033314647232495,0.00032033314647232495,0.00032033314647232495,FORCE_BUY,13739034.977441378,249.82,0.5499999999999998,1.7499999999999996
2017-09-20,0.1585872753071975,0.185,0.22,FORCE_BUY,0.00036004320518453434,0.00036004320518453434,0.00036004320518453434,0.00036004320518453434,FORCE_BUY,13743981.623630797,250.06,0.5499999999999998,1.7499999999999996
2017-09-21,0.18324247458358264,0.185,0.22,FORCE_BUY,-0.0016408532436866042,-0.0016408532436866042,-0.0016408532436866042,-0.0016408532436866042,FORCE_BUY,13721429.766802493,249.46,0.5499999999999998,1.7499999999999996
2017-09-22,0.15582282974914183,0.185,0.22,FORCE_BUY,0.0012840060990289453,0.00032100152475745235,0.00032100152475745235,0.0012840060990289453,FORCE_BUY,13739048.166310465,249.54,1.0499999999999996,-0.5
2017-09-25,0.18965846552529053,0.185,0.22,FREE,-0.0005213346166187761,0.001832030633203657,0.0,0.001832030633203657,FREE,13764218.523422206,249.23,1.0499999999999996,-0.5
2017-09-26,0.18435395063169704,0.185,0.22,FORCE_BUY,-4.0146131920113164e-05,-0.00024058537056610975,0.0,-4.0146131920113164e-05,FORCE_SELL,13764218.523422206,249.08,-0.5,0.5999999999999996
2017-09-27,0.18181554877218553,0.185,0.22,FORCE_BUY,0.0013626162231484358,-0.0019008785190288925,-8.015389547938303e-05,0.0013626162231484358,FORCE_BUY,13782973.87088118,249.86,0.6499999999999997,0.6499999999999997
2017-09-28,0.14853660154488776,0.185,0.22,FORCE_BUY,0.0012404465607618786,0.0012404465607618786,0.0012404465607618786,0.0012404465607618786,FORCE_BUY,13800070.913416384,250.22,0.7499999999999998,1.2499999999999996
2017-09-29,0.16019738716605406,0.185,0.22,FORCE_BUY,0.004835551292810646,0.003676617511889152,0.003676617511889152,0.004835551292810646,FORCE_BUY,13866801.864162633,251.44,1.1999999999999997,1.2999999999999996
2017-10-02,0.1485656721531309,0.185,0.22,FORCE_BUY,0.0031419026407890596,0.003340757238307403,0.003340757238307403,0.0031419026407890596,FREE,13913127.48286251,252.23,1.1999999999999997,1.2999999999999996
2017-10-03,0.13951563252715976,0.185,0.22,FORCE_BUY,0.0014656367597543846,0.0014656367597543846,0.0014656367597543846,0.0014656367597543846,FORCE_BUY,13933519.07394454,252.82,1.1999999999999997,1.2999999999999996
2017-10-04,0.15936623082216908,0.185,0.22,FORCE_BUY,0.0015429046168451807,0.00039561656842177043,0.00039561656842177043,0.0015429046168451807,FORCE_BUY,13955017.16485263,253.16,1.1999999999999997,1.2999999999999996
2017-10-05,0.16273203277205098,0.185,0.22,FORCE_BUY,0.005212035062781384,0.004422332780541806,0.004422332780541806,0.005212035062781384,FORCE_BUY,14027751.203617558,254.58,1.1999999999999997,1.2999999999999996
2017-10-06,0.16829400516780593,0.185,0.22,FORCE_BUY,-0.00133542812254516,-0.0006677140612723693,-0.0006677140612723693,-0.00133542812254516,FREE,14018384.67689087,254.26,1.1999999999999997,1.2999999999999996
2017-10-09,0.18963569552675708,0.185,0.22,FREE,-0.0016109386664570039,-0.0016109386664570039,-0.0016109386664570039,-0.0016109386664570039,FORCE_BUY,13995801.918973599,254.1,0.8499999999999996,1.2499999999999996
2017-10-10,0.1754954389575085,0.185,0.22,FORCE_BUY,0.0011799410029499316,-0.00011799410029497204,-0.00011799410029497204,0.0011799410029499316,FORCE_BUY,14012316.13952696,254.55,0.8499999999999996,-0.5
2017-10-11,0.1513625991317701,0.185,0.22,FORCE_BUY,0.0023596035865973987,0.00318767406949751,0.0005112474437628647,0.0023596035865973987,FREE,14056982.836338533,254.88,0.8499999999999996,0.8999999999999997
2017-10-12,0.17098026595869167,0.185,0.22,FORCE_BUY,-0.0010990304980963395,-0.00043207647109312636,3.925108921765116e-05,-0.0010990304980963395,FORCE_SELL,14057534.588225972,254.49,0.8499999999999996,0.8999999999999997
2017-10-13,0.1684848016605115,0.185,0.22,FORCE_BUY,0.0010210092283525968,0.00041707569519773633,0.00047123502847060773,0.0010210092283525968,FORCE_BUY,14071887.460768437,254.91,-0.5,0.7499999999999998
2017-10-16,0.1561725839016788,0.185,0.22,FORCE_BUY,0.0009801999607918215,0.0008626758721924393,0.00035287198588487053,0.0009801999607918215,FORCE_BUY,14085680.72430575,255.3,-0.5,0.6499999999999997
2017-10-17,0.14208225443788425,0.185,0.22,FORCE_BUY,0.0012538202335241587,0.002098081522740578,0.0005838100462347942,0.0012538202335241587,FREE,14115233.630768638,255.54,-0.5,0.6499999999999997
2017-10-18,0.16090495151609718,0.185,0.22,FORCE_BUY,0.0010176125244617958,-0.0001170190607097178,0.00027397260273983546,0.0010176125244617958,FORCE_BUY,14129597.469297014,255.76,0.5999999999999996,0.4999999999999998
2017-10-19,0.1914587817508688,0.185,0.22,FREE,0.005028086577365895,0.005145964607693743,0.004870958871823092,0.005145964607693743,FREE,14202307.877794975,255.85,-0.5,0.44999999999999973
2017-10-20,0.16487414336306097,0.185,0.22,FORCE_BUY,0.0,0.0,0.0,0.0,FORCE_BUY,14202307.877794975,257.14,0.6499999999999997,0.3999999999999998
2017-10-23,0.2182046722727563,0.185,0.22,FREE,-0.004544924833935525,-0.002745989601783501,0.0,-0.002745989601783501,FORCE_SELL,14202307.877794975,256.26,0.6499999999999997,0.3999999999999998
2017-10-24,0.16643860629531157,0.185,0.22,FORCE_BUY,0.0,0.0,0.0,0.0,FORCE_BUY,14202307.877794975,256.3,1.1999999999999997,1.2499999999999996
2017-10-25,0.23280258687147112,0.185,0.22,FORCE_SELL,0.0008614613517110766,0.0008614613517110766,0.0,0.0,FORCE_BUY,14214542.617136797,255.6,1.1999999999999997,1.2499999999999996
2017-10-26,0.1992266609653234,0.185,0.22,FREE,0.0,0.0,0.0,0.0,FORCE_BUY,14214542.617136797,256.02,1.1499999999999997,1.0499999999999996
2017-10-27,0.19444484517426464,0.185,0.22,FREE,0.0,0.0,0.0,0.0,FORCE_BUY,14214542.617136797,257.58,1.1499999999999997,1.2499999999999996
2017-10-30,0.19989038015553576,0.185,0.22,FREE,0.0,0.0,0.0,0.0,FORCE_BUY,14214542.617136797,256.58,1.1499999999999997,1.2499999999999996
2017-10-31,0.17081794876257675,0.185,0.22,FORCE_BUY,0.0,0.0,0.0,0.0,FORCE_BUY,14214542.617136797,257.18,0.7999999999999998,0.7999999999999998
2017-11-01,0.19496131729071967,0.185,0.22,FREE,7.774840615754877e-05,7.774840615754877e-05,0.0,7.774840615754877e-05,FORCE_BUY,14215647.775169538,257.26,0.8499999999999996,1.0999999999999996
2017-11-02,0.17880070034889525,0.185,0.22,FORCE_BUY,0.002683780630105113,0.004127415329336203,0.0,0.002683780630105113,FREE,14274321.657713218,257.79,0.5999999999999996,1.0499999999999996
2017-11-03,0.15572746137562918,0.185,0.22,FORCE_BUY,0.002134595979197103,0.0012034890568772198,0.0006597842117516985,0.002134595979197103,FORCE_BUY,14304791.567329539,258.21,0.6999999999999997,0.9499999999999997
2017-11-06,0.14922120310409842,0.185,0.22,FORCE_BUY,0.002905850445563665,0.0013152745129859575,-7.748934521511754e-05,0.002905850445563665,FORCE_BUY,14346359.152279159,258.85,0.5999999999999996,0.9499999999999997
2017-11-07,0.1777562633521518,0.185,0.29,FORCE_BUY,-0.003089638126134514,-0.002203461333868056,0.0001544819063068925,-0.003089638126134514,FORCE_SELL,14348575.405189566,258.13,0.5999999999999996,0.9499999999999997
2017-11-08,0.15973569227839554,0.185,0.22,FORCE_BUY,0.002862447779668877,0.002862447779668877,0.002862447779668877,0.002862447779668877,FORCE_BUY,14389647.452999562,259.26,-0.5,0.7999999999999998
2017-11-09,0.1777289704724506,0.185,0.22,FORCE_BUY,-0.002433841993432331,-0.0025862790643508523,-0.003322387483098401,-0.002433841993432331,FORCE_BUY,14354625.324757766,258.22,0.5999999999999996,0.7999999999999998
2017-11-10,0.14512670623707627,0.185,0.22,FORCE_BUY,0.0011252085515848589,-0.0005432041283515495,-0.0005432041283515495,0.0011252085515848589,FORCE_BUY,14370777.27192798,258.02,0.9499999999999997,0.7999999999999998
2017-11-13,0.15433944514208617,0.185,0.22,FORCE_BUY,0.0005426146273399903,0.0005426146273399903,0.0005426146273399903,0.0005426146273399903,FORCE_BUY,14378575.065881973,258.15,1.0999999999999996,0.9999999999999996
2017-11-14,0.14717983495401174,0.185,0.22,FORCE_BUY,-0.0033707865168539517,-0.0033707865168539517,-0.0033707865168539517,-0.0033707865168539517,FORCE_BUY,14330107.958918326,257.23,0.7499999999999998,0.5999999999999996
2017-11-15,0.17416416105563537,0.185,0.22,FORCE_BUY,-0.0014650673728483481,0.0026343140381258393,0.00015577537191366027,-0.0014650673728483481,FREE,14367857.963482361,256.4038,0.7999999999999998,-0.15000000000000008
2017-11-16,0.16574365483028666,0.185,0.22,FORCE_BUY,0.005833171300797061,0.0015903914018905695,0.0005833171300798321,0.005833171300797061,FORCE_BUY,14451668.140208876,258.65,0.7999999999999998,-0.0500000000000001
2017-11-17,0.17625669416940173,0.185,0.22,FORCE_BUY,-0.002246146696615441,-0.0010861925947321961,0.0005034466733791068,-0.002246146696615441,FORCE_SELL,14458943.784458842,257.64,0.8499999999999996,0.8499999999999996
2017-11-20,0.15077587663575764,0.185,0.22,FORCE_BUY,0.002523781789943626,0.0017084061347310989,0.0017084061347310989,0.002523781789943626,FORCE_BUY,14495435.003483878,258.2,0.6999999999999997,0.6499999999999997
2017-11-21,0.16686736877045694,0.185,0.22,FORCE_BUY,0.005498122120261892,0.0005033492081930034,0.0005033492081930034,0.005498122120261892,FORCE_BUY,14575132.675319351,259.69,0.6999999999999997,0.6499999999999997
2017-11-22,0.16179206758671894,0.185,0.22,FORCE_BUY,-0.0007696451935657754,-0.0007696451935657754,-0.0007696451935657754,-0.0007696451935657754,FORCE_BUY,14563914.994510207,259.66,0.2999999999999998,1.5999999999999996
2017-11-24,0.14436383588879018,0.185,0.22,FORCE_BUY,0.00019245573518101463,0.00015409209187932488,0.0005773672055426282,0.00019245573518101463,FORCE_SELL,14572323.72141235,259.85,0.34999999999999987,0.8499999999999996
2017-11-27,0.16881437306386274,0.185,0.22,FORCE_BUY,-0.0014211638179373882,0.0006935134500503845,0.0010370654887651154,-0.0014211638179373882,FORCE_SELL,14587436.175434938,259.98,0.44999999999999973,0.9499999999999997
2017-11-28,0.16401810997908586,0.185,0.22,FORCE_BUY,0.009026310735548097,0.0014211903471185031,0.0010754753216822806,0.009026310735548097,FORCE_BUY,14719106.90718939,262.7,0.6499999999999997,0.6999999999999997
2017-11-29,0.17347239091586686,0.185,0.22,FORCE_BUY,-0.0006850618458610107,0.0007235936617488099,0.0011798287345384873,-0.0006850618458610107,FORCE_SELL,14736472.932465237,262.57,-0.5,1.1999999999999997
2017-11-30,0.1875636553817581,0.185,0.22,FREE,0.0049448459490301095,0.010872554365079104,0.011335108406238168,0.010872554365079104,FORCE_SELL,14903512.450680323,264.2,-0.5,1.1499999999999997
2017-12-01,0.2194756181648596,0.185,0.22,FREE,0.0010223013138465416,0.0010223013138465416,0.0010223013138465416,0.0010223013138465416,FORCE_BUY,14918748.331039583,264.38,0.8499999999999996,1.1999999999999997
2017-12-04,0.2066516804228875,0.185,0.22,FREE,-0.00684467845054526,0.0002256487401277415,0.0002256487401277415,0.0002256487401277415,FREE,14922114.727804765,264.08,1.8499999999999996,1.1499999999999997
2017-12-05,0.20590616320142474,0.185,0.22,FREE,-0.0017056437857710456,-0.0024637076905582667,0.0,-0.0024637076905582667,FORCE_SELL,14922114.727804765,263.38,1.1999999999999997,0.7999999999999998
2017-12-06,0.1583822518158297,0.185,0.22,FORCE_BUY,0.003919479432246121,0.0033835617209939084,0.0,0.003919479432246121,FORCE_BUY,14980601.649566013,263.82,1.2499999999999996,0.6999999999999997
2017-12-07,0.15886957714905203,0.185,0.22,FORCE_BUY,0.0029218684779721525,0.0032636700841636498,0.0024285660076651472,0.0029218684779721525,FREE,15029493.391012475,264.3,-0.5,0.8999999999999997
2017-12-08,0.14491967141588524,0.185,0.22,FORCE_BUY,0.004232644268924102,0.00034012320018138135,0.00034012320018138135,0.004232644268924102,FORCE_BUY,15093107.890078776,265.73,-0.5,0.7999999999999998
2017-12-11,0.14021824423148377,0.185,0.22,FORCE_BUY,0.003048321541472068,-0.0003387023934970965,-0.0003387023934970965,0.003048321541472068,FORCE_BUY,15139116.535987865,266.53,2.1999999999999993,0.7999999999999998
2017-12-12,0.15456740266492378,0.185,0.22,FORCE_BUY,-0.00022503938189168644,0.0006376115820269102,0.0006376115820269102,-0.00022503938189168644,FREE,15148769.412032869,266.56,2.1999999999999993,0.7999999999999998
2017-12-13,0.17143164924131762,0.185,0.22,FORCE_BUY,0.002400870315489351,0.003659146005846704,0.0009378399669879622,0.002400870315489351,FREE,15204200.9711204,267.21,1.2999999999999996,-0.5
2017-12-14,0.20195263612399117,0.185,0.22,FREE,-0.005801332435062623,-0.005354802604581981,0.00044913541432733,-0.005354802604581981,FORCE_SELL,15211029.71622308,265.63,-0.5,0.6999999999999997
2017-12-15,0.1704687041365903,0.185,0.22,FORCE_BUY,0.008605397244763193,0.0026042649556520217,0.0026042649556520217,0.008605397244763193,FORCE_BUY,15341926.669433078,267.23,-0.5,-0.5
2017-12-18,0.16429027169008104,0.185,0.22,FORCE_BUY,0.002579053599461774,0.002838619882444094,0.0007101741795617881,0.002579053599461774,FREE,15385476.567511931,268.23,1.1499999999999997,-0.5
2017-12-19,0.2057867111395912,0.185,0.22,FREE,-0.0031283751070723424,0.002374200273791098,0.00014897024319400587,0.002374200273791098,FREE,15422004.770190926,267.67,1.1499999999999997,-0.5
2017-12-20,0.20633850340138707,0.185,0.22,FREE,-0.003061643579882609,0.002207794929098757,0.000821416570212619,0.002207794929098757,FREE,15456053.394119091,267.01,-0.5,0.5999999999999996
2017-12-21,0.19232701786215792,0.185,0.22,FREE,0.0024338188489910666,0.0,0.0,0.0,FORCE_BUY,15493670.62820071,267.72,0.8999999999999997,0.7999999999999998
2017-12-22,0.14715427791855437,0.185,0.22,FORCE_BUY,-0.0018294504181599197,-0.0018294504181599197,0.0,-0.0018294504181599197,FORCE_SELL,15493670.62820071,267.35,0.9499999999999997,1.0999999999999996
2017-12-26,0.1535988481852726,0.185,0.22,FORCE_BUY,0.00022450048641780364,0.00022450048641780364,0.00022450048641780364,0.00022450048641780364,FORCE_BUY,15497148.964793138,267.32,-0.5,0.8999999999999997
2017-12-27,0.1720693428402702,0.185,0.22,FORCE_BUY,0.0006731488406879624,0.0007854158356964394,0.00011219147344805945,0.0006731488406879624,FREE,15509320.670998232,267.58,-0.5,1.1499999999999997
2017-12-28,0.13637621070901426,0.185,0.22,FORCE_BUY,0.001195904028701811,0.001981520377116158,0.0010837880260109853,0.001195904028701811,FREE,15540052.705943042,267.9,0.8999999999999997,0.9999999999999996
2017-12-29,0.22484847207800215,0.185,0.22,FORCE_SELL,-0.007240426961259973,-0.0037121062263278195,0.0006717921922819059,0.0006717921922819059,FORCE_SELL,15550492.392018544,266.0,0.8499999999999996,-0.5
2018-01-02,0.1580880540902046,0.185,0.22,FORCE_BUY,0.002097569616004808,0.002097569616004808,0.0,0.002097569616004808,FORCE_BUY,15583110.632373955,268.73,0.7499999999999998,1.4999999999999996
2018-01-03,0.16382281095599086,0.185,0.22,FORCE_BUY,0.005019520356943829,0.005019520356943829,0.005019520356943829,0.005019520356943829,FORCE_BUY,15661330.373417664,270.3,0.7499999999999998,1.4999999999999996
2018-01-04,0.16965407851175607,0.185,0.22,FORCE_BUY,0.004842883548983255,0.004842883548983255,0.004842883548983255,0.004842883548983255,FORCE_BUY,15737176.372638281,271.81,0.9999999999999996,2.2499999999999996
2018-01-05,0.1555974862126985,0.185,0.22,FORCE_BUY,0.005808396441438363,0.005808396441438363,0.005808396441438363,0.005808396441438363,FORCE_BUY,15828584.131879402,273.6,0.9999999999999996,2.2499999999999996
2018-01-08,0.14880733834754586,0.185,0.22,FORCE_BUY,0.0014988119173822859,0.0014988119173822859,0.0014988119173822859,0.0014988119173822859,FORCE_BUY,15852308.202411551,273.96,0.9999999999999996,2.2499999999999996
2018-01-09,0.17654460612189735,0.185,0.22,FORCE_BUY,0.0003647638154295923,0.0003647638154295923,0.0003647638154295923,0.0003647638154295923,FORCE_BUY,15858090.550834829,274.25,0.9999999999999996,2.2499999999999996
2018-01-10,0.17434442031653838,0.185,0.22,FORCE_BUY,0.001970874849446776,0.001970874849446776,0.001970874849446776,0.001970874849446776,FORCE_BUY,15889344.862661717,274.53,0.9999999999999996,2.2499999999999996
2018-01-11,0.15198615964560772,0.185,0.22,FORCE_BUY,0.00520586843350697,-0.00021842804616113828,-0.00021842804616113828,0.00520586843350697,FORCE_BUY,15972062.701511355,276.12,1.6499999999999995,0.5999999999999996
2018-01-12,0.16515072146789764,0.185,0.22,FORCE_BUY,0.004516548634195575,0.004516548634195575,0.004516548634195575,0.004516548634195575,FORCE_BUY,16044201.299491152,278.01,1.6499999999999995,0.9499999999999997
2018-01-16,0.24891044327208103,0.185,0.22,FORCE_SELL,-0.005591397849462463,0.0008958879842341335,0.0006093189964158333,0.0006093189964158333,FREE,16058575.106652,277.44,-0.5,0.3999999999999998
2018-01-17,0.19067048067290182,0.185,0.22,FREE,0.0,0.0,0.0,0.0,FORCE_BUY,16058575.106652,279.78,-0.5,0.3999999999999998
2018-01-18,0.16604344078648195,0.185,0.22,FORCE_BUY,-0.0009669101847872366,0.00046093758898716185,0.0,-0.0009669101847872366,FREE,16065977.107544232,278.97,-0.5,0.3999999999999998
2018-01-19,0.13037954621076683,0.185,0.22,FORCE_BUY,0.004907228311483608,0.001540781812447879,0.0010387563579052547,0.004907228311483608,FORCE_BUY,16144816.525258023,280.55,1.6999999999999993,-0.5
2018-01-22,0.1503614703353961,0.185,0.22,FORCE_BUY,0.009821428571428622,0.0023571428571429825,0.0023571428571429825,0.009821428571428622,FORCE_BUY,16303381.687559666,282.75,1.7499999999999996,0.6999999999999997
2018-01-23,0.14107682303310032,0.185,0.22,FORCE_BUY,0.0006006642640097358,0.0007773302240126651,0.0007773302240126651,0.0006006642640097358,FREE,16316054.79889902,283.19,1.7499999999999996,0.6999999999999997
2018-01-24,0.17545333839319174,0.185,0.22,FORCE_BUY,-0.0010228194547311973,-0.002297155028869742,0.00017634818185034755,-0.0010228194547311973,FORCE_SELL,16318932.105497777,283.24,1.7499999999999996,0.6999999999999997
2018-01-25,0.16584814877013648,0.185,0.22,FORCE_BUY,0.00091746356611017,0.0012919896640825783,0.0,0.00091746356611017,FREE,16340015.997106947,283.65,1.7499999999999996,0.6999999999999997
2018-01-26,0.1462089972879825,0.185,0.22,FORCE_BUY,0.010956491104456324,0.005498568763865103,0.0021490223709704184,0.010956491104456324,FORCE_BUY,16519045.237025924,286.96,1.0999999999999996,0.8999999999999997
2018-01-29,0.19370954791749254,0.185,0.22,FREE,-0.005691937004574528,-0.00503101294926678,-0.0011872752034082414,-0.00503101294926678,FORCE_SELL,16499432.584232025,284.74,1.2999999999999996,0.8499999999999996
2018-01-30,0.20967954503829977,0.185,0.22,FREE,-0.0069091934574167626,-0.004775978694561187,-0.005023265651438295,-0.004775978694561187,FREE,16420631.645737385,281.72,1.8499999999999996,-0.5
2018-01-31,0.18575224445960814,0.185,0.22,FREE,-0.0033586706735020113,-0.00035354428142125453,-0.00035354428142125453,-0.00035354428142125453,FREE,16414826.22532171,281.9,2.349999999999999,-0.5
2018-02-01,0.19470740504627707,0.185,0.22,FREE,0.0019555555555554175,0.0009955555555553263,0.0,0.0009955555555553263,FORCE_BUY,16446926.329940116,281.8,1.9999999999999996,-0.5
2018-02-02,0.23128408782465348,0.185,0.22,FORCE_SELL,-0.018852429749705392,-0.01697967258465747,0.0,0.0,FORCE_SELL,16446926.329940116,274.79,1.5999999999999996,0.3999999999999998
2018-02-05,0.3023620342380062,0.185,0.22,FORCE_SELL,-0.04767115293431082,-0.04767115293431082,0.0,0.0,FORCE_SELL,16446926.329940116,261.1,2.2999999999999994,0.7999999999999998
2018-02-06,0.28787890703776764,0.185,0.22,FORCE_SELL,0.03260368663594474,0.027529785080920126,0.0,0.0,FORCE_BUY,16983156.76212595,268.89,2.2999999999999994,0.7999999999999998
2018-02-07,0.22274978142734206,0.185,0.22,FORCE_SELL,-0.014052130065625883,-0.006021618739427683,0.0,0.0,FORCE_SELL,16983156.76212595,265.92,2.2999999999999994,-0.5
2018-02-08,0.21004473865224774,0.185,0.22,FREE,-0.02904781487158397,-0.02904781487158397,0.0,-0.02904781487158397,FORCE_SELL,16983156.76212595,259.72,-0.5,-0.5
2018-02-09,0.23048457002260628,0.185,0.21,FORCE_SELL,0.005132526428680969,-0.014557770028714384,-0.0015320974413970626,-0.0015320974413970626,FORCE_BUY,17070323.263049994,262.42,1.1999999999999997,2.499999999999999
2018-02-12,0.2276255518720346,0.185,0.21,FORCE_SELL,0.006039427204011178,0.005393702282827497,0.0,0.0,FORCE_BUY,17173418.237746123,264.86,2.2499999999999996,-0.5
2018-02-13,0.18723581317455587,0.185,0.21,FREE,0.0,0.0,0.0,0.0,FORCE_BUY,17173418.237746123,266.4,2.2499999999999996,-0.5
2018-02-14,0.22280688825174202,0.185,0.21,FORCE_SELL,0.0,0.0,0.0,0.0,FORCE_BUY,17173418.237746123,269.62,2.2499999999999996,-0.5
2018-02-15,0.18468301456951766,0.185,0.21,FORCE_BUY,0.008255933952528422,-0.0009582780480613468,0.0,0.008255933952528422,FORCE_BUY,17315200.8444561,273.56,1.5499999999999994,-0.5
2018-02-16,0.222763454434302,0.185,0.21,FORCE_SELL,-0.002517972484764414,0.0021833654667842654,0.0006203700324783231,0.0006203700324783231,FREE,17353006.256030317,273.34,1.3499999999999996,-0.5
2018-02-20,0.1582240745303712,0.185,0.21,FORCE_BUY,0.00011031439602879513,-0.0011749218390617673,0.0,0.00011031439602879513,FORCE_BUY,17354920.542434737,271.98,1.0999999999999996,-0.5
2018-02-21,0.1841101181573648,0.185,0.21,FORCE_BUY,-0.007044071547113941,0.004764531734620948,0.004167434999078058,-0.007044071547113941,FREE,17437608.612110995,269.24,1.6499999999999995,-0.5
2018-02-22,0.16536787736841002,0.185,0.21,FORCE_BUY,0.00909766060155974,0.00025615458820258015,0.00163386557742304,0.00909766060155974,FORCE_BUY,17596250.056966815,271.75,1.6999999999999993,-0.5
2018-02-23,0.12110643218214391,0.185,0.21,FORCE_BUY,0.010929967246899399,0.0012479500641947182,0.0003680123652153459,0.010929967246899399,FORCE_BUY,17788576.493757714,274.7,-0.5,-0.5
2018-02-26,0.10594531408654918,0.185,0.21,FORCE_BUY,0.00964816829887558,0.001305767138193728,0.001305767138193728,0.00964816829887558,FORCE_BUY,17960203.67356691,278.36,1.5499999999999994,-0.5
2018-02-27,0.14317968008965046,0.185,0.21,FORCE_BUY,-0.008999280057595467,-0.0004939534776701804,-0.00017998560115203125,-0.008999280057595467,FORCE_SELL,17956971.09551191,275.3,1.5499999999999994,-0.5
2018-02-28,0.15707131485658923,0.185,0.21,FORCE_BUY,-0.012203980822315906,-0.012203980822315906,-0.012203980822315906,-0.012203980822315906,FORCE_BUY,17737824.5646354,271.96,1.6999999999999993,-0.5
2018-03-01,0.14824446807846803,0.185,0.21,FORCE_BUY,-0.012867647058823487,0.007798348855214203,-0.003455882352941207,-0.012867647058823487,FREE,17876150.308523014,268.5,1.9499999999999993,-0.5
2018-03-02,0.11931922354488163,0.185,0.21,FORCE_BUY,0.005713432166996459,0.0007869115899733452,-0.002838044736547401,0.005713432166996459,FORCE_BUY,17978284.480717793,269.32,2.2499999999999996,-0.5
2018-03-05,0.12172390529175658,0.185,0.21,FORCE_BUY,0.013855780691299072,0.004395113230035942,0.004395113230035942,0.013855780691299072,FORCE_BUY,18227387.647688404,272.2,1.5499999999999994,2.1999999999999993
2018-03-06,0.1227479583117886,0.185,0.21,FORCE_BUY,-0.013214403700033057,-0.009253598353270156,0.0008075468927797477,-0.013214403700033057,FORCE_SELL,18242107.117946785,268.83,1.5499999999999994,2.1999999999999993
2018-03-07,0.12990838401644544,0.185,0.21,FORCE_BUY,0.008108708530805663,0.0017402251184836179,0.0017402251184836179,0.008108708530805663,FORCE_BUY,18390027.04755395,272.27,1.5499999999999994,2.1999999999999993
2018-03-08,0.11474916839330178,0.185,0.21,FORCE_BUY,0.006754772393539138,0.006240822320117799,0.006240822320117799,0.006754772393539138,FORCE_BUY,18514247.4945712,274.24,1.5499999999999994,2.1999999999999993
2018-03-09,0.1344365161930887,0.185,0.21,FORCE_BUY,0.01656208959579751,0.0005107252298262543,0.0005107252298262543,0.01656208959579751,FORCE_BUY,18820882.120375056,278.66,1.5499999999999994,2.1999999999999993
2018-03-12,0.14963021023751086,0.185,0.21,FORCE_BUY,-0.00574835761211081,-0.0002475842191352062,-0.0005712653527562708,-0.00574835761211081,FREE,18816222.366971847,278.47,-0.5,1.2999999999999996
2018-03-13,0.17363320583711314,0.185,0.21,FORCE_BUY,-0.008674767896189579,-0.005560592228401018,-0.0001075384449941959,-0.008674767896189579,FORCE_SELL,18814198.899677835,276.55,1.2999999999999996,-0.5
2018-03-14,0.1830243081139411,0.185,0.21,FORCE_BUY,-0.00778154045680511,-0.004304516359882304,-0.00030081417969569506,-0.00778154045680511,FORCE_SELL,18808539.321869195,275.42,1.0499999999999996,-0.5
2018-03-15,0.1769847578140915,0.185,0.21,FORCE_BUY,-0.0009060597274571114,-0.0008335749492607062,-0.0008335749492607062,-0.0009060597274571114,FREE,18792860.9946583,275.67,1.3499999999999996,-0.5
2018-03-16,0.1792413875312886,0.185,0.21,FORCE_BUY,0.0037242587994741156,0.0037242587994741156,0.0037242587994741156,0.0037242587994741156,FORCE_BUY,18862850.472584948,274.9,1.2999999999999996,2.2999999999999994
2018-03-19,0.20736151885285467,0.185,0.21,FREE,-0.011103805975600702,-0.006948161872783454,-0.013697129081744489,-0.006948161872783454,FREE,18731788.334119316,270.74,1.2999999999999996,2.2999999999999994
2018-03-20,0.15874667564128472,0.185,0.21,FORCE_BUY,-0.00014748718705036133,0.0021788615721890585,0.00011061539028810073,-0.00014748718705036133,FREE,18772602.30789891,271.17,2.0999999999999996,0.8499999999999996
2018-03-21,0.2064900958005823,0.185,0.21,FREE,-0.0022111663902710577,0.0009223555655005845,-0.000995024875622136,0.0009223555655005845,FREE,18789917.32211653,270.75,2.1999999999999993,1.1999999999999997
2018-03-22,0.22986485745563148,0.185,0.21,FORCE_SELL,-0.025986096137402753,-0.01483833738051736,0.0007806981672181929,0.0007806981672181929,FORCE_SELL,18804586.57613209,262.0,1.9499999999999993,-0.5
2018-03-23,0.23011053053754504,0.185,0.21,FORCE_SELL,-0.014591587930509261,-0.011144591839373427,0.0,0.0,FORCE_SELL,18804586.57613209,258.65,2.1499999999999995,1.3999999999999995
2018-03-26,0.21564141809219528,0.185,0.21,FORCE_SELL,0.01585014133384082,0.005458676045955377,0.0,0.0,FORCE_BUY,19102641.931088228,265.33,1.8999999999999995,-0.5
2018-03-27,0.25060899159686906,0.185,0.21,FORCE_SELL,-0.015252765507607574,-0.0005358838987197793,0.0,0.0,FORCE_SELL,19102641.931088228,260.83,1.8999999999999995,-0.5
2018-03-28,0.22475008840221958,0.185,0.21,FORCE_SELL,0.003234625900111532,0.003234625900111532,0.0,0.0,FORCE_BUY,19164431.83143908,260.53,2.499999999999999,-0.5
2018-03-29,0.22665252840259423,0.185,0.21,FORCE_SELL,0.0008383187897724664,0.0016194794802424884,0.0,0.0,FREE,19195468.235540602,262.65,2.0999999999999996,-0.5
2018-04-02,0.2357475545698835,0.185,0.21,FORCE_SELL,-0.0038244610986633613,-0.0014596296901568534,0.0,0.0,FORCE_SELL,19195468.235540602,257.87,2.349999999999999,-0.5
2018-04-03,0.19542475563593645,0.185,0.21,FREE,0.012802054554651943,0.008327365068894267,0.0,0.008327365068894267,FORCE_BUY,19441209.66709408,260.28,2.1999999999999993,-0.5
2018-04-04,0.24668982916105273,0.185,0.21,FORCE_SELL,0.025389565082564305,0.0011332771282939612,-0.003915032173036602,-0.003915032173036602,FORCE_BUY,19934813.525220547,264.53,1.9999999999999996,2.0499999999999994
2018-04-05,0.20289084003810712,0.185,0.21,FREE,0.0,0.0,0.0,0.0,FORCE_BUY,19934813.525220547,262.66,1.6999999999999993,-0.5
2018-04-06,0.25980172322394285,0.185,0.21,FORCE_SELL,0.0,0.0,0.0,0.0,FORCE_BUY,19934813.525220547,259.46,2.349999999999999,-0.5
2018-04-09,0.2586459644870836,0.185,0.21,FORCE_SELL,0.0,0.0,0.0,0.0,FORCE_BUY,19934813.525220547,261.12,1.9499999999999993,-0.5
2018-04-10,0.19988320451518385,0.185,0.21,FREE,-0.0015486307837584187,0.003473903768871796,0.0,0.003473903768871796,FREE,20004065.149057567,264.34,1.9499999999999993,-0.5
2018-04-11,0.2229972849912932,0.185,0.21,FORCE_SELL,0.001781652767247814,0.001781652767247814,0.0,0.0,FORCE_BUY,20039705.44708659,264.27,-0.5,-0.5
2018-04-12,0.20403755364010023,0.185,0.21,FREE,0.0048490358752886,0.0023085134783641906,0.0,0.0023085134783641906,FORCE_BUY,20136878.69772973,265.25,0.8999999999999997,-0.5
2018-04-13,0.2009602680592163,0.185,0.21,FREE,0.004885623390395102,0.004506892895015719,0.0,0.004506892895015719,FORCE_BUY,20235259.903304905,265.33,1.3999999999999995,-0.5
2018-04-16,0.17514801287134615,0.185,0.21,FORCE_BUY,0.0035623218839057973,0.006383530018009899,0.0,0.0035623218839057973,FREE,20364432.292319886,267.63,1.4499999999999995,-0.5
2018-04-17,0.1664319943026856,0.17,0.21,FORCE_BUY,0.006180423694106477,0.0004095461484047935,0.0004095461484047935,0.006180423694106477,FORCE_BUY,20490293.11217637,270.25,-0.5,2.2999999999999994
2018-04-18,0.18047706985913994,0.17,0.21,FREE,0.0006281639138306574,0.0021070705370836713,0.0006281639138306574,0.0021070705370836713,FREE,20533467.605089244,270.8,-0.5,2.3999999999999995
2018-04-19,0.176017989241379,0.17,0.21,FREE,-0.004222222222222204,-0.0014169307711765684,0.0,-0.0014169307711765684,FORCE_SELL,20533467.605089244,268.86,-0.5,2.3999999999999995
2018-04-20,0.20741104906687127,0.17,0.21,FREE,-0.0010471595796401377,-0.0010471595796401377,0.0,-0.0010471595796401377,FORCE_SELL,20533467.605089244,267.11,1.2499999999999996,-0.5
2018-04-23,0.18823713858270444,0.17,0.21,FREE,0.001124353496739437,0.0012367888464131429,0.0012367888464131429,0.0012367888464131429,FREE,20558863.1688014,267.12,1.8499999999999996,-0.5
2018-04-24,0.25477726364715697,0.17,0.21,FORCE_SELL,0.0,0.0,0.0,0.0,FORCE_BUY,20558863.1688014,263.45,1.1499999999999997,-0.5
2018-04-25,0.17836971592395365,0.17,0.21,FREE,0.011345404538161906,0.008557922279884868,0.0,0.008557922279884868,FORCE_BUY,20792111.788296167,264.75,1.3999999999999995,-0.5
2018-04-26,0.19578893171746073,0.17,0.21,FREE,0.0,0.0,0.0,0.0,FORCE_BUY,20792111.788296167,266.91,1.5499999999999994,1.7999999999999994
2018-04-27,0.1823776674094728,0.17,0.21,FREE,-0.0003375337533753067,0.001387379913579583,0.0,0.001387379913579583,FREE,20820958.34655215,266.55,-0.5,2.499999999999999
2018-04-30,0.24502378205278075,0.17,0.21,FORCE_SELL,-0.010062846027233334,-0.006517212550593028,0.0010100254376776336,0.0010100254376776336,FORCE_SELL,20841988.044118993,264.63,1.0999999999999996,2.3999999999999995
2018-05-01,0.16814932577625905,0.17,0.21,FORCE_BUY,0.0,0.0,0.0,0.0,FORCE_BUY,20841988.044118993,265.43,2.349999999999999,-0.5
2018-05-02,0.22400282131069793,0.17,0.21,FORCE_SELL,-0.006542126758432983,-0.0019485544092086558,0.0,0.0,FORCE_SELL,20841988.044118993,262.71,1.5499999999999994,-0.5
2018-05-03,0.19666736511791816,0.17,0.21,FREE,-0.00045676004872097887,-0.008183617539585901,0.0,-0.008183617539585901,FORCE_SELL,20841988.044118993,262.6,1.0499999999999996,1.4499999999999995
2018-05-04,0.2347819320463795,0.17,0.21,FORCE_SELL,0.0,0.0,0.0,0.0,FORCE_BUY,20841988.044118993,266.36,2.349999999999999,-0.5
2018-05-07,0.1997377233107375,0.17,0.21,FREE,0.0,0.0,0.0,0.0,FORCE_BUY,20841988.044118993,266.59,2.349999999999999,-0.5
2018-05-08,0.1707374982431061,0.17,0.21,FREE,0.0,0.0,0.0,0.0,FORCE_BUY,20841988.044118993,266.74,2.349999999999999,-0.5
2018-05-09,0.17912167751940045,0.17,0.21,FREE,0.005184632599776259,0.003136235446250846,0.0,0.003136235446250846,FORCE_BUY,20950046.09477668,269.49,0.6499999999999997,2.0499999999999994
2018-05-10,0.17011709848038103,0.17,0.21,FREE,0.007036255230900446,0.001223404430146572,3.703292226818431e-05,0.001223404430146572,FORCE_BUY,21097455.966198657,271.93,0.9999999999999996,2.349999999999999
2018-05-11,0.15506003614247033,0.18,0.21,FORCE_BUY,0.004819011183049014,0.0016185991759858898,0.0,0.004819011183049014,FORCE_BUY,21199124.842433654,273.15,-0.5,-0.5
2018-05-14,0.18982926360279442,0.18,0.21,FREE,-0.0015581088992973355,-0.0008628003067302067,0.0012079186182669787,-0.0008628003067302067,FORCE_SELL,21224731.660021797,272.8542,-0.5,2.499999999999999
2018-05-15,0.18144655530764386,0.18,0.21,FREE,-0.007299270072992765,-0.007299270072992765,-0.007299270072992765,-0.007299270072992765,FORCE_BUY,21069806.6114085,270.64,1.6499999999999995,2.499999999999999
2018-05-16,0.18809402365104685,0.18,0.21,FREE,0.004127966976264263,-3.6856848002398215e-05,-3.6856848002398215e-05,-3.6856848002398215e-05,FORCE_BUY,21156782.077296663,272.44,1.8999999999999995,-0.5
2018-05-17,0.2082448783367115,0.18,0.21,FREE,0.0016925454411658362,0.0022081795461026863,0.0,0.0022081795461026863,FREE,21203500.0507411,272.24,-0.5,1.2999999999999996
2018-05-18,0.1968338965712287,0.18,0.21,FREE,-0.004038920506700988,-0.00398415631936158,0.0,-0.00398415631936158,FORCE_SELL,21203500.0507411,271.25,-0.5,1.6999999999999993
2018-05-21,0.18985305915705333,0.18,0.21,FREE,0.0012091455371538253,0.00488033531474363,0.0,0.00488033531474363,FREE,21306980.240834896,273.25,1.6499999999999995,1.5499999999999994
2018-05-22,0.21046790277615926,0.18,0.21,FORCE_SELL,-0.004311289733284668,0.00029229082937510696,0.00029229082937510696,0.00029229082937510696,FREE,21313208.07576097,272.52,1.6499999999999995,1.5499999999999994
2018-05-23,0.17632266591546464,0.18,0.21,FORCE_BUY,0.006784410604328824,0.004526645750959007,0.0,0.006784410604328824,FORCE_BUY,21457805.630642433,273.05,1.0999999999999996,1.4499999999999995
2018-05-24,0.18959048302528128,0.18,0.21,FREE,-0.0008047995317530608,-7.333649083525802e-05,3.658179689774503e-05,-7.333649083525802e-05,FORCE_SELL,21458590.595729884,273.14,1.2999999999999996,1.5499999999999994
2018-05-25,0.1953015610968674,0.18,0.21,FREE,-0.0007706139224247896,0.0006605262192212737,0.0,0.0006605262192212737,FREE,21472764.557445895,272.3,1.1499999999999997,1.4999999999999996
2018-05-29,0.24856381752733644,0.18,0.21,FORCE_SELL,-0.004586816601316567,0.0030550838861477924,0.0,0.0,FREE,21538365.654436395,269.1,1.2499999999999996,1.6999999999999993
2018-05-30,0.20369091387376312,0.18,0.21,FREE,0.005874311892710627,0.003325082203421106,0.0,0.003325082203421106,FORCE_BUY,21664888.731949802,272.26,1.6499999999999995,-0.5
2018-05-31,0.2191510881055023,0.18,0.21,FORCE_SELL,0.0,0.0,0.0,0.0,FORCE_BUY,21664888.731949802,271.1,1.9999999999999996,1.2499999999999996
2018-06-01,0.18196127200399145,0.18,0.21,FREE,0.0,0.0,0.0,0.0,FORCE_BUY,21664888.731949802,273.96,1.2999999999999996,1.7999999999999994
2018-06-04,0.16841754429452768,0.18,0.21,FORCE_BUY,0.0,0.0,0.0,0.0,FORCE_BUY,21664888.731949802,274.78,0.8999999999999997,1.9499999999999993
2018-06-05,0.16869760364216377,0.18,0.21,FORCE_BUY,-7.269555103230713e-05,-0.0021063967585989883,0.0,-7.269555103230713e-05,FORCE_SELL,21664888.731949802,275.1,0.8999999999999997,1.9499999999999993
2018-06-06,0.16987548738042238,0.18,0.21,FORCE_BUY,0.006638853618719593,0.0021780636079552235,0.00043533466352258757,0.006638853618719593,FORCE_BUY,21808718.756907064,277.48,0.9999999999999996,1.6499999999999995
2018-06-07,0.18876166391284288,0.18,0.21,FREE,-0.0020852058241955704,0.0014279057725923527,-0.001366169333093698,0.0014279057725923527,FREE,21839859.552312896,277.57,-0.5,2.0999999999999996
2018-06-08,0.16089662075783642,0.18,0.21,FORCE_BUY,0.00756342054789564,0.0012240732911883779,0.0,0.00756342054789564,FORCE_BUY,22005043.594814014,278.42,-0.5,1.8999999999999995
2018-06-11,0.19240665929945835,0.18,0.21,FREE,0.001508349793499932,0.0038469131207602707,0.00032321781289291703,0.0038469131207602707,FREE,22089695.085741807,278.87,-0.5,1.8999999999999995
2018-06-12,0.16799131524036937,0.18,0.21,FORCE_BUY,0.001290970379401961,-0.0003944631714838796,-0.0003944631714838796,0.001290970379401961,FORCE_BUY,22118212.22778752,279.22,0.7999999999999998,2.2499999999999996
2018-06-13,0.21302681491399103,0.18,0.21,FORCE_SELL,-0.003405384091479551,0.001148223255898823,0.0008961537082840013,0.0008961537082840013,FREE,22143608.87344637,278.02,0.8499999999999996,1.6499999999999995
2018-06-14,0.1820517628589152,0.18,0.21,FREE,0.0,0.0,0.0,0.0,FORCE_BUY,22143608.87344637,278.71,0.8999999999999997,1.9499999999999993
2018-06-15,0.16711541354780646,0.18,0.21,FORCE_BUY,0.0009410742724773924,0.0015929643997263988,0.0,0.0009410742724773924,FREE,22178882.854063235,276.54,0.5999999999999996,1.3499999999999996
2018-06-18,0.15857705865504615,0.18,0.21,FORCE_BUY,-0.005202312138728287,-0.003941524223203361,-0.0010476878612718271,-0.005202312138728287,FORCE_SELL,22155646.307720464,275.36,0.6499999999999997,1.4499999999999995
2018-06-19,0.16588490301591952,0.18,0.21,FORCE_BUY,0.007452550740537728,-0.00018284878405557022,-0.00018284878405557022,0.007452550740537728,FORCE_BUY,22320762.386018157,275.4879,0.8499999999999996,1.7999999999999994
2018-06-20,0.18654015259466147,0.18,0.21,FREE,-0.00032568574943896486,0.0017210903229819816,-0.0006875588043714362,0.0017210903229819816,FREE,22359178.434162315,276.25,0.9999999999999996,1.0499999999999996
2018-06-21,0.22747355512965936,0.18,0.21,FORCE_SELL,-0.004501724450898526,-0.0033893939169807132,0.0,0.0,FORCE_SELL,22359178.434162315,274.21,-0.5,0.4999999999999998
2018-06-22,0.20673564026701396,0.18,0.21,FREE,-0.0039912917271407635,0.00032257730554193095,0.0,0.00032257730554193095,FREE,22366390.99769574,274.5,0.7499999999999998,0.7499999999999998
2018-06-25,0.24652289678481698,0.18,0.21,FORCE_SELL,-0.00881202237741789,-0.00881202237741789,0.0,0.0,FORCE_SELL,22366390.99769574,271.08,1.0499999999999996,1.2499999999999996
2018-06-26,0.19818645674754007,0.18,0.21,FREE,0.002358838272150903,0.0041672842044510145,0.0,0.0041672842044510145,FREE,22459598.105611015,271.96,1.0499999999999996,1.2499999999999996
2018-06-27,0.28314381461134214,0.18,0.21,FORCE_SELL,-0.00037023324694566225,0.0020933260814901124,0.0,0.0,FREE,22506613.368105277,270.0,1.3499999999999996,1.2999999999999996
2018-06-28,0.19834319866122976,0.18,0.21,FREE,0.0041833259292167095,0.0015918850881090317,0.0,0.0015918850881090317,FORCE_BUY,22600765.86738693,271.25,1.4499999999999995,1.3999999999999995
2018-06-29,0.23896497680876105,0.18,0.21,FORCE_SELL,-0.003527855357930187,-0.005099289773876615,0.0,0.0,FORCE_SELL,22600765.86738693,271.16,1.2499999999999996,1.2999999999999996
2018-07-02,0.16794286499710964,0.18,0.21,FORCE_BUY,0.0085308408441823,0.0047846889952151824,0.0,0.0085308408441823,FORCE_BUY,22793569.403958235,271.91,1.3999999999999995,1.1999999999999997
2018-07-03,0.2155545166363709,0.18,0.21,FORCE_SELL,-0.0070888121648423705,-0.002916762649041072,0.0006978623374715889,0.0006978623374715889,FORCE_SELL,22809476.177581802,270.33,1.1999999999999997,1.7999999999999994
2018-07-05,0.1564913535180374,0.18,0.21,FORCE_BUY,0.0008630662724717307,0.0008630662724717307,0.0,0.0008630662724717307,FORCE_BUY,22829162.267163422,272.52,1.3499999999999996,2.2999999999999994
2018-07-06,0.18276351975580718,0.18,0.21,FREE,0.009640762463343196,0.0034457478005865128,0.0034457478005865128,0.0034457478005865128,FORCE_BUY,23049252.797818262,275.43,0.9499999999999997,2.0499999999999994
2018-07-09,0.15147105672030703,0.18,0.21,FORCE_BUY,0.0,0.0,0.0,0.0,FORCE_BUY,23049252.797818262,278.37,0.9499999999999997,2.2999999999999994
2018-07-10,0.14320212253302475,0.18,0.21,FORCE_BUY,-0.0028465391128886597,-0.0028465391128886597,0.0,-0.0028465391128886597,FORCE_SELL,23049252.797818262,276.74,0.9499999999999997,2.2999999999999994
2018-07-11,0.20597283157890456,0.18,0.21,FREE,0.002097421617907756,0.002097421617907756,0.002097421617907756,0.002097421617907756,FORCE_BUY,23097596.798913024,277.11,0.9499999999999997,2.2999999999999994
2018-07-12,0.1513605064316859,0.18,0.21,FORCE_BUY,0.0010028294115541534,0.0003223380251425403,0.0,0.0010028294115541534,FORCE_BUY,23120759.74831919,279.49,-0.5,2.499999999999999
2018-07-13,0.15450858394311762,0.18,0.21,FORCE_BUY,0.00042907712661351404,7.151285443547232e-05,7.151285443547232e-05,0.00042907712661351404,FORCE_BUY,23130680.33747712,279.79,0.5999999999999996,2.3999999999999995
2018-07-16,0.17171449236538436,0.18,0.21,FORCE_BUY,-0.0032144005143042915,0.0016141759774805614,-0.00017857780635028558,-0.0032144005143042915,FREE,23168017.326020658,279.09,0.5999999999999996,2.3999999999999995
2018-07-17,0.16911520554846693,0.18,0.21,FORCE_BUY,0.007317073170731627,0.006599311937326773,-0.0003945480631277518,0.007317073170731627,FORCE_BUY,23337539.404015932,280.84,0.9499999999999997,0.9499999999999997
2018-07-18,0.14087263356843274,0.18,0.21,FORCE_BUY,0.0005706860336786132,-7.12414044027995e-05,-0.001068033749866509,0.0005706860336786132,FORCE_BUY,23350857.81181423,281.0503,0.8999999999999997,0.8999999999999997
2018-07-19,0.18503565077700404,0.18,0.21,FREE,-0.0017106810648988145,0.0019650300471631406,-0.00014255675540819217,0.0019650300471631406,FREE,23396742.949041482,280.11,1.1999999999999997,2.1999999999999993
2018-07-20,0.20144707583426066,0.18,0.21,FREE,-0.0004646009792358974,0.005254736841535306,0.0005718165898289141,0.005254736841535306,FREE,23519686.67618774,279.68,1.3499999999999996,2.1999999999999993
2018-07-23,0.15820509636131833,0.18,0.21,FORCE_BUY,0.006049974940932132,0.005047612228825181,0.005047612228825181,0.006049974940932132,FORCE_BUY,23661980.19119725,281.03,1.2999999999999996,2.349999999999999
2018-07-24,0.1916410459034047,0.18,0.21,FREE,0.0015309573824188862,0.003701280340061665,0.0016021647025313106,0.003701280340061665,FREE,23749559.813285854,281.3,-0.5,1.8499999999999996
2018-07-25,0.18776510325429277,0.18,0.21,FREE,0.007547169811320745,0.0036667853328586695,0.0,0.0036667853328586695,FORCE_BUY,23928801.774140842,283.02,0.7499999999999998,1.9999999999999996
2018-07-26,0.20691268581965985,0.18,0.21,FREE,0.0,0.0,0.0,0.0,FORCE_BUY,23928801.774140842,283.73,-0.5,1.4999999999999996
2018-07-27,0.2653020885594917,0.18,0.21,FORCE_SELL,0.0004979016999787324,0.0018865286465920112,0.0,0.0,FREE,23973944.144166384,281.32,-0.5,1.4999999999999996
2018-07-30,0.22759721985301726,0.18,0.21,FORCE_SELL,0.0,0.0,0.0,0.0,FORCE_BUY,23973944.144166384,280.11,1.5999999999999996,-0.5
2018-07-31,0.19891839206049886,0.18,0.21,FREE,0.0,0.0,0.0,0.0,FORCE_BUY,23973944.144166384,281.36,1.7499999999999996,-0.5
2018-08-01,0.2160991717926403,0.18,0.21,FORCE_SELL,7.117437722409317e-05,-0.000622775800711856,0.0,0.0,FORCE_BUY,23975650.474710453,281.02,1.3499999999999996,1.9499999999999993
2018-08-02,0.2112509729895151,0.18,0.21,FORCE_SELL,0.00961297930886596,0.009557522797470306,0.0,0.0,FORCE_BUY,24206127.906640448,282.52,0.8999999999999997,1.3499999999999996
2018-08-03,0.16424804868687662,0.18,0.21,FORCE_BUY,0.005245622740483537,0.0014525471164259381,0.0,0.005245622740483537,FORCE_BUY,24333104.121646576,283.62,1.3999999999999995,0.6999999999999997
2018-08-06,0.17524613314314744,0.18,0.21,FORCE_BUY,0.0037023977433003276,-0.0010930888575457827,-0.0010930888575457827,0.0037023977433003276,FORCE_BUY,24423194.951434053,284.65,-0.5,1.0499999999999996
2018-08-07,0.18268511001005927,0.18,0.21,FREE,0.0012622720897616276,0.0011568628416820704,0.0004558204768583427,0.0011568628416820704,FORCE_BUY,24454023.66876406,285.56,-0.5,1.0499999999999996
2018-08-08,0.1950600080411855,0.18,0.21,FREE,-0.0014707942288835782,-0.0014707942288835782,-0.0014707942288835782,-0.0014707942288835782,FORCE_BUY,24418056.831879057,285.14,1.1999999999999997,1.2499999999999996
2018-08-09,0.23308256071637334,0.18,0.21,FORCE_SELL,-0.0016124509254064798,0.0003473964684524072,0.0002453729669098643,0.0002453729669098643,FREE,24426539.57858892,284.82,1.3499999999999996,0.44999999999999973
2018-08-10,0.21736557253807023,0.18,0.21,FORCE_SELL,-3.5247259525575024e-05,-3.5247259525575024e-05,0.0,0.0,FORCE_SELL,24426539.57858892,283.7,1.4999999999999996,0.44999999999999973
2018-08-13,0.253659566611814,0.18,0.21,FORCE_SELL,0.0,0.0,0.0,0.0,FORCE_BUY,24426539.57858892,282.53,1.4999999999999996,0.44999999999999973
2018-08-14,0.1866815048723295,0.18,0.21,FREE,0.0,0.0,0.0,0.0,FORCE_BUY,24426539.57858892,283.97,1.4999999999999996,0.44999999999999973
2018-08-15,0.2075671543294828,0.18,0.21,FREE,-0.0016996565277434925,-0.0015226089727702016,0.0,-0.0015226089727702016,FORCE_SELL,24426539.57858892,281.93,1.4999999999999996,0.44999999999999973
2018-08-16,0.2229096217594911,0.18,0.21,FORCE_SELL,0.0,0.0,0.0,0.0,FORCE_BUY,24426539.57858892,284.08,2.349999999999999,-0.5
2018-08-17,0.20096033141675498,0.185,0.21,FREE,0.0,0.0,0.0,0.0,FORCE_BUY,24426539.57858892,285.06,1.9499999999999993,-0.5
2018-08-20,0.17689841007141927,0.185,0.21,FORCE_BUY,0.0,0.0,0.0,0.0,FORCE_BUY,24426539.57858892,285.52,1.2499999999999996,1.0999999999999996
2018-08-21,0.19894384320339042,0.185,0.21,FREE,0.0,0.0,0.0,0.0,FORCE_BUY,24426539.57858892,284.68,1.2499999999999996,1.0999999999999996
2018-08-22,0.20293469317676627,0.185,0.21,FREE,0.0,0.0,0.0,0.0,FORCE_BUY,24426539.57858892,286.18,1.2499999999999996,1.0999999999999996
2018-08-23,0.2322642249832235,0.185,0.21,FORCE_SELL,-0.0007693921801776509,0.000799722793412734,0.0,0.0,FREE,24446074.039054114,285.72,0.5499999999999998,-0.5
2018-08-24,0.15911014414259253,0.185,0.21,FORCE_BUY,0.0,0.0,0.0,0.0,FORCE_BUY,24446074.039054114,287.63,0.7999999999999998,-0.5
2018-08-27,0.1560055599587498,0.185,0.21,FORCE_BUY,0.0012080629573379467,0.0012080629573379467,0.0,0.0012080629573379467,FORCE_BUY,24475606.435553037,290.07,0.6499999999999997,1.3999999999999995
2018-08-28,0.1698996133598983,0.185,0.21,FORCE_BUY,0.0010004484769034847,0.0010004484769034847,0.0010004484769034847,0.0010004484769034847,FORCE_BUY,24500093.018732775,290.16,0.6499999999999997,1.3999999999999995
2018-08-29,0.16030661532950796,0.185,0.21,FORCE_BUY,0.004514906083060453,0.000586231887851912,0.00017232465965889016,0.004514906083060453,FORCE_BUY,24610708.6377386,291.46,0.8499999999999996,1.2499999999999996
2018-08-30,0.20891652864679336,0.185,0.21,FREE,-0.004567464542051584,-3.3246843702822755e-05,-0.00027473470929631987,-3.3246843702822755e-05,FREE,24609890.409355104,289.86,0.8999999999999997,1.2999999999999996
2018-08-31,0.1809478478183433,0.185,0.21,FORCE_BUY,0.0039329331401365165,0.00031049472158964294,0.00031049472158964294,0.0039329331401365165,FORCE_BUY,24706679.462921184,291.0,-0.5,0.9499999999999997
2018-09-04,0.1741233104240747,0.185,0.21,FORCE_BUY,-0.004328112118713821,-0.0007758362457739484,-0.004774663369057284,-0.004328112118713821,FREE,24687511.125481132,289.86,0.8499999999999996,1.7499999999999996
2018-09-05,0.18370246415030375,0.185,0.21,FORCE_BUY,-0.001038026365869831,-0.001038026365869831,-0.001038026365869831,-0.001038026365869831,FORCE_BUY,24661884.83802518,288.71,0.8499999999999996,1.7499999999999996
2018-09-06,0.21750814163008217,0.185,0.21,FORCE_SELL,-0.0028051948051948153,-0.0003904157613716848,0.0016969696969696257,0.0016969696969696257,FORCE_SELL,24703735.30926546,287.94,0.9999999999999996,0.7499999999999998
2018-09-07,0.20821876118535687,0.185,0.21,FREE,-0.0004869226488591659,0.0023302726766834215,0.0,0.0023302726766834215,FREE,24761301.74866866,287.38,-0.5,0.5499999999999998
2018-09-10,0.21315049193718916,0.185,0.21,FORCE_SELL,0.0,0.0,0.0,0.0,FORCE_BUY,24761301.74866866,288.31,1.4499999999999995,1.7499999999999996
2018-09-11,0.20416017225000935,0.185,0.21,FREE,0.00475760522294765,-0.00022632869742753663,0.0,-0.00022632869742753663,FORCE_BUY,24879106.24719511,289.33,-0.5,2.349999999999999
2018-09-12,0.1972384710991845,0.185,0.21,FREE,-0.0019683000103594304,0.0014047217730943351,-0.0012431368486479405,0.0014047217730943351,FREE,24914054.469435673,289.02,0.6499999999999997,2.4499999999999993
2018-09-13,0.1711749007994864,0.185,0.21,FORCE_BUY,0.005184749922228691,0.0021738964242459403,0.0006221699906674102,0.005184749922228691,FORCE_BUY,25043227.61140848,290.81,0.4999999999999998,1.0499999999999996
2018-09-14,0.18688901838606453,0.185,0.21,FREE,-0.0008929184696750938,0.002824817362921174,0.0004808022529019361,0.002824817362921174,FREE,25113970.155588776,290.92,-0.5,1.9499999999999993
2018-09-17,0.23942952573372187,0.185,0.21,FORCE_SELL,-0.003993115318416594,-0.003993115318416594,-0.003993115318416594,-0.003993115318416594,FORCE_BUY,25013687.17665424,289.34,-0.5,1.9499999999999993
2018-09-18,0.19736497590317026,0.185,0.21,FREE,0.004868784530386486,0.004563844433308439,0.0020372928176793322,0.004563844433308439,FORCE_BUY,25135473.42982786,291.01,0.7999999999999998,-0.5
2018-09-19,0.1927192660606759,0.185,0.21,FREE,0.0016833281802879523,0.001614620907623105,0.0,0.001614620907623105,FORCE_BUY,25177784.68057717,291.58,0.7499999999999998,2.1499999999999995
2018-09-20,0.19451170100352466,0.185,0.21,FREE,0.00837193343626696,0.002151234051401193,0.0,0.002151234051401193,FORCE_BUY,25388571.41799562,293.89,-0.5,2.1999999999999993
2018-09-21,0.24460009457363432,0.185,0.21,FORCE_SELL,-0.004810644831115674,-0.004810644831115674,-0.004810644831115674,-0.004810644831115674,FORCE_BUY,25266436.01813423,291.69,-0.5,2.2999999999999994
2018-09-24,0.19885079685833332,0.185,0.21,FREE,-0.0007207330885126747,-0.0005199574424271127,-0.0005199574424271127,-0.0005199574424271127,FREE,25253298.54668299,291.16,0.9499999999999997,-0.5
2018-09-25,0.22864814405863595,0.185,0.21,FORCE_SELL,0.001376415126802253,0.0016521207212179716,0.0,0.0,FREE,25295020.044491068,291.01,1.0999999999999996,-0.5
2018-09-26,0.2781369207884232,0.185,0.21,FORCE_SELL,-0.004052615310643332,0.0014956517217094563,0.0,0.0,FREE,25332852.584771287,289.99,0.9499999999999997,-0.5
2018-09-27,0.23623005616704792,0.185,0.21,FORCE_SELL,0.0,0.0,0.0,0.0,FORCE_BUY,25332852.584771287,290.83,-0.5,-0.5
2018-09-28,0.20038006320381427,0.185,0.21,FREE,0.0,0.0,0.0,0.0,FORCE_BUY,25332852.584771287,291.0,-0.5,-0.5
2018-10-01,0.23021340320847739,0.185,0.21,FORCE_SELL,-0.0004797313504436653,-0.0004797313504436653,0.0,0.0,FORCE_SELL,25332852.584771287,291.69,-0.5,-0.5
2018-10-02,0.2120183378834204,0.185,0.21,FORCE_SELL,0.0011672617412800052,0.0024539070529601033,0.0,0.0,FREE,25395017.050400656,291.62,-0.5,-0.5
2018-10-03,0.24081892871880017,0.185,0.21,FORCE_SELL,-0.003080082135523637,-0.003080082135523637,0.0,0.0,FORCE_SELL,25395017.050400656,291.3,0.6999999999999997,1.8499999999999996
2018-10-04,0.25053803453995954,0.185,0.21,FORCE_SELL,-0.0020999001686805917,-0.0018563979131994612,0.0,0.0,FORCE_SELL,25395017.050400656,289.88,0.6999999999999997,1.9499999999999993
2018-10-05,0.2707511552773069,0.185,0.21,FORCE_SELL,-0.0038034646104903942,0.0017400141106300479,0.0,0.0,FREE,25439204.738408044,288.11,1.0999999999999996,2.1499999999999995
2018-10-08,0.1918219699770697,0.185,0.21,FREE,0.002471886641367412,-0.002506701946175645,0.0,-0.002506701946175645,FORCE_BUY,25502087.568767924,287.94,1.1999999999999997,2.349999999999999
2018-10-09,0.2266630824222279,0.185,0.21,FORCE_SELL,0.004397752259956004,0.005970071847088135,0.0,0.0,FREE,25654336.8638042,287.77,1.1499999999999997,-0.5
2018-10-10,0.3507671335806484,0.185,0.21,FORCE_SELL,-0.036727589208006964,-0.036727589208006964,0.0,0.0,FORCE_SELL,25654336.8638042,276.7,0.8499999999999996,-0.5
2018-10-11,0.29826316586253326,0.185,0.21,FORCE_SELL,-0.0013446233237635952,0.014173685773108973,0.0,0.0,FREE,26017953.373229247,274.8,2.2499999999999996,-0.5
2018-10-12,0.22124592411293223,0.185,0.21,FORCE_SELL,0.005114069130608246,-0.001073064630401303,0.0,0.0,FORCE_BUY,26151010.98541688,277.12,1.9499999999999993,1.6499999999999995
2018-10-15,0.2365224539122465,0.185,0.21,FORCE_SELL,0.0029943399671353197,0.0037933846380390187,0.0,0.0,FREE,26250211.82875815,274.67,2.0999999999999996,1.8499999999999996
2018-10-16,0.2169437153828494,0.185,0.21,FORCE_SELL,0.0,0.0,0.0,0.0,FORCE_BUY,26250211.82875815,280.9,1.9999999999999996,-0.5
2018-10-17,0.1889053223083379,0.185,0.21,FREE,0.0017173524150269068,-0.004782204024885113,0.0,-0.004782204024885113,FORCE_BUY,26295292.693437237,279.98,1.6499999999999995,-0.5
2018-10-18,0.2366145447227089,0.185,0.21,FORCE_SELL,-0.013835894875726572,-0.012694790143707805,-0.012694790143707805,-0.012694790143707805,FREE,25961479.47092668,276.55,1.9999999999999996,-0.5
2018-10-19,0.24072575259996118,0.185,0.21,FORCE_SELL,0.0,0.0,0.0,0.0,FORCE_BUY,25961479.47092668,276.21,2.4499999999999993,-0.5
2018-10-22,0.2258413181235451,0.185,0.21,FORCE_SELL,0.0,0.0,0.0,0.0,FORCE_BUY,25961479.47092668,274.52,2.2999999999999994,-0.5
2018-10-23,0.19835668210495594,0.185,0.21,FREE,0.008057395143487956,0.0026438415785549427,0.0,0.0026438415785549427,FORCE_BUY,26170661.369533487,273.99,2.2999999999999994,-0.5
2018-10-24,0.2589896804660076,0.185,0.21,FORCE_SELL,-0.018612208722626485,-0.004665104831588582,0.0,0.0,FORCE_SELL,26170661.369533487,265.75,2.499999999999999,-0.5
2018-10-25,0.21486188056369956,0.185,0.21,FORCE_SELL,-0.0032472379814870406,-0.0073608596578052295,0.0,0.0,FORCE_SELL,26170661.369533487,267.05,2.499999999999999,-0.5
2018-10-26,0.24146032690426308,0.185,0.21,FORCE_SELL,0.005169811320754629,0.004499674560275172,0.0,0.0,FORCE_BUY,26305958.750953335,266.37,-0.5,-0.5
2018-10-29,0.24383384670033792,0.185,0.21,FORCE_SELL,-0.01656679459687819,-0.013101015670327351,0.0,0.0,FORCE_SELL,26305958.750953335,263.75,2.2499999999999996,1.0499999999999996
2018-10-30,0.1818709183603282,0.185,0.21,FORCE_BUY,0.013988128993232787,0.011041793331410896,0.0,0.013988128993232787,FORCE_BUY,26673929.895252332,268.21,2.1999999999999993,-0.5
2018-10-31,0.22543269970811566,0.185,0.21,FORCE_SELL,0.0062058714232625335,0.0009661835748792563,0.0009661835748792563,0.0009661835748792563,FORCE_BUY,26839464.874535386,270.77,2.4499999999999993,2.3999999999999995
2018-11-01,0.1656065038792445,0.185,0.21,FORCE_BUY,0.004453605211822215,0.00298133902609594,0.0,0.004453605211822215,FORCE_BUY,26958997.255183138,272.9,2.3999999999999995,2.499999999999999
2018-11-02,0.2081730519740038,0.185,0.21,FREE,-0.013357531760435498,0.0043903808699692565,0.0008711433756807118,0.0043903808699692565,FREE,27077357.521005847,271.82,2.3999999999999995,2.499999999999999
2018-11-05,0.15987399457653503,0.185,0.21,FORCE_BUY,0.010060807075732214,0.0049751243781092505,0.0049751243781092505,0.010060807075732214,FORCE_BUY,27349777.591145314,274.08,1.3999999999999995,-0.5
2018-11-06,0.14715794947458113,0.185,0.21,FORCE_BUY,0.006441223832528058,0.002124565539000554,0.0023788610745130875,0.006441223832528058,FORCE_BUY,27525943.63037974,275.0,1.3999999999999995,-0.5
2018-11-07,0.18125300746854975,0.185,0.21,FORCE_BUY,0.014028634281798767,0.009929814651677235,0.00158678639691291,0.014028634281798767,FORCE_BUY,27912095.026831746,281.18,1.1999999999999997,2.4499999999999993
2018-11-08,0.1753596266224915,0.185,0.21,FORCE_BUY,-0.0020509626677107343,-0.002847049714211756,-0.002882664863518373,-0.0020509626677107343,FORCE_BUY,27854848.36195412,280.4137,-0.5,2.2999999999999994
2018-11-09,0.20102361601941166,0.185,0.21,FREE,-0.008017753597251088,-0.002996178939580509,-0.0010022191996562119,-0.002996178939580509,FORCE_SELL,27826931.698122256,277.14,1.8999999999999995,-0.5
2018-11-12,0.25708508050376083,0.185,0.21,FORCE_SELL,-0.019392978155864778,-0.019392978155864778,-0.019392978155864778,-0.019392978155864778,FORCE_BUY,27287284.619555827,272.04,1.9499999999999993,-0.5
2018-11-13,0.2560233827895783,0.185,0.21,FORCE_SELL,-0.0017889087656529422,-0.0017889087656529422,-0.0017889087656529422,-0.0017889087656529422,FORCE_BUY,27238470.156909037,273.42,1.9499999999999993,-0.5
2018-11-14,0.24003500624894966,0.185,0.21,FORCE_SELL,-0.003319808188860266,0.004463674153445865,0.00036886757653983545,0.00036886757653983545,FREE,27360053.81212784,270.2,1.9499999999999993,-0.5
2018-11-15,0.21964263631167014,0.185,0.21,FORCE_SELL,0.010897364616924228,0.0017174029070563287,0.0,0.0,FORCE_BUY,27658206.29445726,272.73,2.2999999999999994,-0.5
2018-11-16,0.20649839791016733,0.185,0.21,FREE,0.007165166268602038,0.01136191889343399,0.0,0.01136191889343399,FREE,27972456.591112748,274.1,2.349999999999999,2.2999999999999994
2018-11-19,0.25080880067509775,0.185,0.21,FORCE_SELL,-0.02008603091280239,-0.02008603091280239,-0.02008603091280239,-0.02008603091280239,FORCE_BUY,27410600.963316634,268.81,1.6999999999999993,2.0499999999999994
2018-11-20,0.23911134695466307,0.185,0.21,FORCE_SELL,-0.014220132124062198,-0.005856105052420741,-3.7323181427887845e-05,-3.7323181427887845e-05,FORCE_SELL,27409577.912483834,264.12,1.6999999999999993,2.0499999999999994
2018-11-21,0.25828026205021043,0.185,0.21,FORCE_SELL,0.001056324744407241,0.001056324744407241,0.0,0.0,FORCE_BUY,27438531.32786655,265.35,2.349999999999999,-0.5
2018-11-23,0.23550687838552076,0.185,0.21,FORCE_SELL,-0.005710180003025344,-0.0027700712108613946,0.0,0.0,FORCE_SELL,27438531.32786655,262.93,2.2999999999999994,-0.5
2018-11-26,0.19195724231971686,0.185,0.21,FREE,0.0,0.0,0.0,0.0,FORCE_BUY,27438531.32786655,265.78,2.1999999999999993,-0.5
2018-11-27,0.1773223857898506,0.185,0.21,FORCE_BUY,0.0,0.0,0.0,0.0,FORCE_BUY,27438531.32786655,268.61,2.1999999999999993,-0.5
2018-11-28,0.22518836317560345,0.185,0.21,FORCE_SELL,0.0191563755393544,0.014395179288796344,0.014395179288796344,0.014395179288796344,FORCE_BUY,27964154.138231505,273.99,2.1999999999999993,-0.5
2018-11-29,0.21122024635737122,0.185,0.21,FORCE_SELL,0.0014977168949773868,-0.0021994957151464326,0.0,0.0,FORCE_BUY,28006036.52433809,274.16,2.1999999999999993,-0.5
2018-11-30,0.194758714493057,0.185,0.21,FREE,0.010524392472135952,0.006961447103965127,0.0,0.006961447103965127,FORCE_BUY,28300783.044309195,276.53,1.7999999999999994,2.499999999999999
2018-12-03,0.205870337977852,0.185,0.21,FREE,-0.005783442219128277,0.0005467027981716208,0.0,0.0005467027981716208,FREE,28316255.161589965,278.49,1.1499999999999997,2.499999999999999
2018-12-04,0.3238082278803283,0.185,0.21,FORCE_SELL,-0.02532009782765077,-0.017801604420840857,0.00021579628830386717,0.00021579628830386717,FORCE_SELL,28322365.7043525,271.0,0.8999999999999997,2.3999999999999995
2018-12-06,0.23810361528467963,0.185,0.21,FORCE_SELL,0.009515246871956299,0.010954391683625827,0.0,0.0,FREE,28632619.991684873,269.48,2.2999999999999994,-0.5
2018-12-07,0.3132590248715347,0.185,0.21,FORCE_SELL,-0.021843307700880388,-0.010577691386638681,0.0,0.0,FORCE_SELL,28632619.991684873,263.31,-0.5,-0.5
2018-12-10,0.25946026662295796,0.185,0.21,FORCE_SELL,0.0027778834811063814,-0.003535964016548471,0.0,0.0,FORCE_BUY,28712158.073780566,263.52,2.499999999999999,-0.5
2018-12-11,0.3095041406906318,0.185,0.21,FORCE_SELL,-0.006631448802967372,0.004233636806414218,0.0,0.0,FREE,28833714.922993306,265.14,-0.5,-0.5
2018-12-12,0.32805584212653094,0.185,0.21,FORCE_SELL,0.0,0.0,0.0,0.0,FORCE_BUY,28833714.922993306,265.86,-0.5,2.3999999999999995
2018-12-13,0.28791384290941807,0.185,0.21,FORCE_SELL,-0.0050436615477267846,-0.0050436615477267846,0.0,0.0,FORCE_SELL,28833714.922993306,264.34,-0.5,2.3999999999999995
2018-12-14,0.3012773512476135,0.185,0.21,FORCE_SELL,-0.009114484021051233,-0.0057146539519218505,0.0,0.0,FORCE_SELL,28833714.922993306,259.83,-0.5,0.44999999999999973
2018-12-17,0.28747049819103365,0.185,0.21,FORCE_SELL,-0.017214937504792582,-0.017214937504792582,0.0,0.0,FORCE_SELL,28833714.922993306,256.33,-0.5,0.8999999999999997
2018-12-18,0.24697814262526588,0.185,0.21,FORCE_SELL,-0.006940112289457421,0.001517142274010106,0.0,0.0,FREE,28877459.770819735,254.7,-0.5,0.8999999999999997
2018-12-19,0.29889447114519885,0.185,0.21,FORCE_SELL,-0.022628473839465924,0.004774103400093269,0.0,0.0,FREE,29015323.74969766,251.81,-0.5,1.4499999999999995
2018-12-20,0.25257137884823205,0.185,0.21,FORCE_SELL,-0.015733917546305466,-0.008607503073726736,0.0,0.0,FORCE_SELL,29015323.74969766,247.1,-0.5,-0.5
2018-12-21,0.287985399171531,0.185,0.21,FORCE_SELL,-0.022927761291109405,-0.008643238929978982,0.0,0.0,FORCE_SELL,29015323.74969766,240.35,-0.5,-0.5
2018-12-24,0.27361095533194685,0.185,0.21,FORCE_SELL,-0.03310379158715656,-0.03116409927287508,0.0,0.0,FORCE_SELL,29015323.74969766,233.08,-0.5,-0.5
2018-12-26,0.3171018191534402,0.185,0.21,FORCE_SELL,0.04481111963844127,0.006693954122964147,0.0,0.0,FORCE_BUY,30315532.893593468,245.05,2.499999999999999,-0.5
2018-12-27,0.27179016414637347,0.185,0.21,FORCE_SELL,0.02983494238554954,0.01150276022142985,0.0,0.0,FORCE_BUY,31219995.07086106,248.01,2.499999999999999,-0.5
2018-12-28,0.2921652446889591,0.185,0.21,FORCE_SELL,-0.0009281678773204973,-0.0009281678773204973,0.0,0.0,FORCE_SELL,31219995.07086106,247.57,0.4999999999999998,-0.5
2018-12-31,0.22018273876372066,0.185,0.21,FORCE_SELL,0.0,0.0,0.0,0.0,FORCE_BUY,31219995.07086106,250.09,1.8999999999999995,-0.5
2019-01-02,0.24753586000242453,0.185,0.21,FORCE_SELL,0.005256509514689814,-0.005299820075487091,0.0,0.0,FORCE_BUY,31384103.271999612,246.7,1.8999999999999995,-0.5
2019-01-03,0.276709629663878,0.185,0.21,FORCE_SELL,-0.011085394079668746,-0.011366563951376325,0.0,0.0,FORCE_SELL,31384103.271999612,243.54,-0.5,-0.5
2019-01-04,0.1683036264167429,0.185,0.21,FORCE_BUY,0.0,0.0,0.0,0.0,FORCE_BUY,31384103.271999612,252.64,2.1999999999999993,-0.5
2019-01-07,0.15851124397264368,0.185,0.21,FORCE_BUY,0.0025949516395375534,0.0025949516395375534,0.0,0.0025949516395375534,FORCE_BUY,31465543.502240706,255.0,2.349999999999999,-0.5
2019-01-08,0.13719844146923169,0.185,0.21,FORCE_BUY,0.005833985904463564,0.007374699539417189,0.0036021926389976262,0.005833985904463564,FREE,31697592.431414194,256.89,1.0499999999999996,-0.5
2019-01-09,0.14184361710373758,0.185,0.21,FORCE_BUY,-0.003572815533980716,-0.0015550495153572766,-0.0007378640776699562,-0.003572815533980716,FORCE_SELL,31674203.91661043,256.58,1.1499999999999997,-0.5
2019-01-10,0.12570865437520326,0.185,0.21,FORCE_BUY,0.0103547983744921,0.009080787357825835,0.004688965301656881,0.0103547983744921,FORCE_BUY,32002183.911839478,258.57,1.0499999999999996,-0.5
2019-01-11,0.11898064021858597,0.185,0.21,FORCE_BUY,-0.0007723797018613753,-0.0007723797018613753,-0.0007723797018613753,-0.0007723797018613753,FORCE_BUY,31977466.074570738,258.74,-0.5,-0.5
2019-01-14,0.13812392992228398,0.185,0.21,FORCE_BUY,0.004084967320261358,0.0027943118666308685,-0.001244942421413008,0.004084967320261358,FORCE_BUY,32108092.978470128,258.09,-0.5,-0.5
2019-01-15,0.1242897259718981,0.185,0.21,FORCE_BUY,0.006539741506075457,0.00280363556148093,-0.0010448107731600641,0.006539741506075457,FORCE_BUY,32318071.60680236,260.11,-0.5,-0.5
2019-01-16,0.14052705949959632,0.185,0.21,FORCE_BUY,0.0008053073589754823,-0.0001925798519145205,-0.0006135675116001821,0.0008053073589754823,FORCE_BUY,32344097.587695215,260.98,-0.5,1.0999999999999996
2019-01-17,0.1329056017351888,0.185,0.21,FORCE_BUY,0.013627964274715193,0.01106896977609723,0.0008084385586696818,0.013627964274715193,FORCE_BUY,32784881.79411823,263.3,2.0999999999999996,1.2499999999999996
2019-01-18,0.12180035819146527,0.185,0.21,FORCE_BUY,0.011458491425102265,0.005311595980742745,0.0015176809834571599,0.011458491425102265,FORCE_BUY,33160547.08102913,266.58,1.7999999999999994,1.5499999999999994
2019-01-22,0.14714053755602577,0.185,0.21,FORCE_BUY,-0.009203726754931847,-0.006281672111417482,-0.0009430047904643392,-0.009203726754931847,FORCE_SELL,33129276.526277296,262.67,1.7999999999999994,1.5499999999999994
2019-01-23,0.14042764743421163,0.185,0.21,FORCE_BUY,0.001294153471376301,0.003937935089204409,0.004910170523751404,0.001294153471376301,FORCE_SELL,33291946.923349828,263.06,2.4499999999999993,2.499999999999999
2019-01-24,0.12999925215572358,0.185,0.21,FORCE_BUY,0.0003037090467332677,0.0005314908317831414,0.0005314908317831414,0.0003037090467332677,FREE,33309641.287911795,263.49,2.4499999999999993,2.499999999999999
2019-01-25,0.14473733587462492,0.185,0.21,FORCE_BUY,0.005935054625184459,0.0018523418893886914,0.0018523418893886914,0.005935054625184459,FORCE_BUY,33507335.82850085,266.1,-0.5,2.1499999999999995
2019-01-28,0.11821695863265219,0.185,0.21,FORCE_BUY,-0.007859733978234496,-0.007859733978234496,-0.007859733978234496,-0.007859733978234496,FORCE_BUY,33243977.082569465,262.56,-0.5,2.1499999999999995
2019-01-29,0.14276725471215854,0.185,0.21,FORCE_BUY,0.0022022250066445355,0.0014428370733188549,0.0014428370733188549,0.0022022250066445355,FORCE_BUY,33317187.800221015,263.95,2.1999999999999993,1.3499999999999996
2019-01-30,0.15008040749445845,0.185,0.21,FORCE_BUY,0.013540090771558488,0.002118003025718721,0.002118003025718721,0.013540090771558488,FORCE_BUY,33768305.54728907,267.98,1.9499999999999993,1.3999999999999995
2019-01-31,0.13857683756727396,0.185,0.21,FORCE_BUY,0.008427804295942642,0.005990811052114851,0.0005966587112171073,0.008427804295942642,FORCE_BUY,34052898.21784722,270.42,1.4499999999999995,2.0499999999999994
2019-02-01,0.14371826234649523,0.185,0.21,FORCE_BUY,0.0,0.0028037600934066875,0.003980449513089079,0.0,FORCE_SELL,34188444.059977725,270.07,1.3999999999999995,2.1499999999999995
2019-02-04,0.12918771048329888,0.185,0.21,FORCE_BUY,0.00570581696924791,0.005148700961620432,0.002704705446461729,0.00570581696924791,FORCE_BUY,34383517.064247325,271.44,-0.5,2.1499999999999995
2019-02-05,0.12641519807628027,0.185,0.21,FORCE_BUY,0.003235294117647167,0.0026810570664975285,0.0003676470588236502,0.003235294117647167,FORCE_BUY,34494757.85474931,272.88,-0.5,1.3999999999999995
2019-02-06,0.14170657066282608,0.185,0.21,FORCE_BUY,7.343761474650581e-05,0.0017713414813963547,0.0016890651391644178,7.343761474650581e-05,FREE,34555859.85022815,272.36,1.6999999999999993,1.1499999999999997
2019-02-07,0.16045517196341777,0.185,0.21,FORCE_BUY,-0.00973870861048862,-0.00988549009590903,-0.008415714233214558,-0.00973870861048862,FORCE_SELL,34265047.608645625,269.46,1.6499999999999995,1.0999999999999996
2019-02-08,0.13806889285720692,0.185,0.21,FORCE_BUY,0.0038968268695491566,0.001624980349507858,-0.0006865837817777251,0.0038968268695491566,FORCE_BUY,34398572.566853374,270.5,1.7999999999999994,1.0999999999999996
2019-02-11,0.15332468373676392,0.185,0.21,FORCE_BUY,-0.0009211835366078374,-0.00118057523624307,0.00040532075610760993,-0.0009211835366078374,FORCE_SELL,34412515.02229519,271.14,2.2999999999999994,1.1499999999999997
2019-02-12,0.13744224010249856,0.2,0.225,FORCE_BUY,0.009886071297317247,0.008599779492833477,0.008599779492833477,0.009886071297317247,FORCE_BUY,34752719.599325605,274.79,-0.5,1.0999999999999996
2019-02-13,0.1491035806825281,0.2,0.225,FORCE_BUY,-0.0012735608762097104,0.002072746361578205,0.0011280110617858533,-0.0012735608762097104,FREE,34824753.17243005,274.47,-0.5,1.5999999999999996
2019-02-14,0.16247503135687233,0.2,0.225,FORCE_BUY,-0.006716282446904914,0.0005815624910008708,0.00018152114721371003,-0.006716282446904914,FREE,34845005.9426335,273.6,0.8999999999999997,1.9999999999999996
2019-02-15,0.12164765279297551,0.2,0.225,FORCE_BUY,0.016825164594001497,0.005085287289180613,0.0014630577907827711,0.016825164594001497,FORCE_BUY,35431278.90289727,278.0,0.9999999999999996,2.2999999999999994
2019-02-19,0.14560875693205705,0.2,0.225,FORCE_BUY,0.000576451938319715,0.0021920633144284483,-0.0015131863380890326,0.000576451938319715,FREE,35508946.50956359,277.72,-0.5,0.9999999999999996
2019-02-20,0.14375981828615367,0.2,0.225,FORCE_BUY,0.0021604493734696606,-0.0005401123433674517,-0.0005401123433674517,0.0021604493734696606,FORCE_BUY,35585661.79080275,278.32,1.6499999999999995,2.349999999999999
2019-02-21,0.15826175351832136,0.2,0.225,FORCE_BUY,-0.005091613180823965,0.0025138128176311835,-0.0003585643085087033,-0.005091613180823965,FREE,35675117.483536355,277.47,1.6499999999999995,2.3999999999999995
2019-02-22,0.13784150273956994,0.2,0.225,FORCE_BUY,0.004855765772246737,0.0017932711007122987,0.00014387454139991735,0.004855765772246737,FORCE_BUY,35848347.49793379,279.37,1.6499999999999995,2.3999999999999995
2019-02-25,0.1867670169567045,0.2,0.225,FORCE_BUY,-0.002679528403001082,-0.0023413149282386224,0.00021436227224004017,-0.002679528403001082,FORCE_SELL,35856032.0311595,279.15,-0.5,-0.5
2019-02-26,0.17356300474138922,0.2,0.225,FORCE_BUY,-0.0006093845216331179,0.0005018460766390554,0.0005018460766390554,-0.0006093845216331179,FREE,35874026.24015818,278.8,2.1999999999999993,-0.5
2019-02-27,0.15391360255340278,0.2,0.225,FORCE_BUY,0.0034879539733907567,0.005654510367265918,0.0034879539733907567,0.0034879539733907567,FREE,36076876.29344872,279.07,-0.5,1.4999999999999996
2019-02-28,0.16688992064694852,0.2,0.225,FORCE_BUY,0.0005024043637407496,0.001453264683128281,0.001578985143185296,0.0005024043637407496,FORCE_SELL,36133841.14512861,278.8,0.8499999999999996,2.0499999999999994
2019-03-01,0.1607910495610561,0.2,0.225,FORCE_BUY,0.0022491967154587207,-0.00039818649199929875,-0.002463405926454893,0.0022491967154587207,FORCE_BUY,36215113.26194914,280.73,-0.5,2.0999999999999996
2019-03-04,0.20384955347597358,0.2,0.225,FREE,-0.008949181433999615,-0.007823430093317296,7.102524947641391e-05,-0.007823430093317296,FORCE_SELL,36217685.44940338,279.07,0.9999999999999996,1.6499999999999995
2019-03-05,0.164649290079627,0.2,0.225,FORCE_BUY,0.0,0.0,0.0,0.0,FORCE_BUY,36217685.44940338,278.61,2.1499999999999995,2.1999999999999993
2019-03-06,0.18936267084493852,0.2,0.225,FORCE_BUY,0.0,0.0,0.0,0.0,FORCE_BUY,36217685.44940338,276.76,2.1499999999999995,1.2499999999999996
2019-03-07,0.190908659828629,0.2,0.225,FORCE_BUY,-0.007083739925548409,-0.005079221665060015,0.0,-0.007083739925548409,FORCE_SELL,36217685.44940338,274.73,1.3499999999999996,1.0499999999999996
2019-03-08,0.19465985139077321,0.2,0.225,FORCE_BUY,0.0031369688126937907,0.005013573075383424,-0.0037205909173809665,0.0031369688126937907,FREE,36399265.46202522,275.01,1.9999999999999996,0.8999999999999997
2019-03-11,0.2659171116556554,0.2,0.225,FORCE_SELL,0.014709621181854428,0.0034867250208840883,0.0034867250208840883,0.0034867250208840883,FORCE_BUY,36934684.86826937,279.38,1.9999999999999996,-0.5
2019-03-12,0.2495168668759998,0.2,0.225,FORCE_SELL,0.0,0.0,0.0,0.0,FORCE_BUY,36934684.86826937,279.27,1.9999999999999996,-0.5
2019-03-13,0.2664225445344369,0.2,0.225,FORCE_SELL,0.0,0.0,0.0,0.0,FORCE_BUY,36934684.86826937,281.73,1.9999999999999996,-0.5
2019-03-14,0.24845580016213842,0.2,0.225,FORCE_SELL,0.0,0.0,0.0,0.0,FORCE_BUY,36934684.86826937,281.23,1.9999999999999996,-0.5
2019-03-15,0.25270328934369995,0.2,0.225,FORCE_SELL,-0.0022715173025732592,-0.0022715173025732592,0.0,0.0,FORCE_SELL,36934684.86826937,281.11,1.5499999999999994,-0.5
2019-03-18,0.13730721064572668,0.2,0.225,FORCE_BUY,0.0,0.0,0.0,0.0,FORCE_BUY,36934684.86826937,282.68,1.4999999999999996,1.0999999999999996
2019-03-19,0.17512302046679462,0.2,0.225,FORCE_BUY,0.0,0.0,0.0,0.0,FORCE_BUY,36934684.86826937,282.04,1.0499999999999996,0.9999999999999996
2019-03-20,0.18551392600654112,0.2,0.225,FORCE_BUY,0.0,0.00035522716777369333,0.0,0.0,FREE,36947805.07176773,281.4,0.9999999999999996,1.1499999999999997
2019-03-21,0.1660334128977519,0.2,0.225,FORCE_BUY,0.014064948013103614,0.0012349474994800408,-0.0014599059962967125,0.014064948013103614,FORCE_BUY,37467474.02930044,284.79,1.2999999999999996,-0.5
2019-03-22,0.2305362547569357,0.2,0.225,FORCE_SELL,-0.019246303515611275,-0.016251529410453575,-0.007831981175148335,-0.007831981175148335,FORCE_SELL,37174029.4780226,279.25,1.0499999999999996,1.6999999999999993
2019-03-25,0.1602461609769024,0.2,0.225,FORCE_BUY,0.0,0.0,0.0,0.0,FORCE_BUY,37174029.4780226,279.69,2.2999999999999994,-0.5
2019-03-26,0.1650757904627171,0.2,0.23,FORCE_BUY,0.004612249275984289,0.008534936240205685,0.0,0.004612249275984289,FREE,37491307.449409045,280.98,0.9499999999999997,1.2999999999999996
2019-03-27,0.18353551218032885,0.2,0.23,FORCE_BUY,-0.00851758526457739,-0.004702371454710394,-0.000780778649252804,-0.00851758526457739,FORCE_SELL,37462035.037019975,279.37,0.9499999999999997,0.6999999999999997
2019-03-28,0.1492898416054622,0.2,0.23,FORCE_BUY,0.00870780477316715,0.004948118073574397,0.003368451229126347,0.00870780477316715,FORCE_BUY,37788247.124527894,281.49,0.9999999999999996,-0.5
2019-03-29,0.14297149095410752,0.2,0.23,FORCE_BUY,0.003943581909261966,0.003943581909261966,0.003943581909261966,0.003943581909261966,FORCE_BUY,37937268.1722709,282.58,0.9499999999999997,2.2499999999999996
2019-04-01,0.13710872297765891,0.2,0.23,FORCE_BUY,0.005131629819690039,0.00031633334504952354,0.00031633334504952354,0.005131629819690039,FORCE_BUY,38131948.1889013,285.97,-0.5,1.5499999999999994
2019-04-02,0.12820293244660963,0.2,0.23,FORCE_BUY,0.0002802592397966998,0.0021198930536546847,0.0011911017691365066,0.0002802592397966998,FREE,38212783.84098928,285.53,-0.5,1.5499999999999994
2019-04-03,0.1590025421126284,0.2,0.23,FORCE_BUY,-0.0008712926497751223,0.000542120334096967,0.0010106994737393116,-0.0008712926497751223,FORCE_SELL,38251405.48150748,286.68,0.9499999999999997,1.5999999999999996
2019-04-04,0.13628644497314998,0.2,0.23,FORCE_BUY,0.0017098192476795357,0.002688105508301921,0.0007327796775771257,0.0017098192476795357,FREE,38354229.29528261,287.07,1.0499999999999996,1.5999999999999996
2019-04-05,0.11942810861972657,0.2,0.23,FORCE_BUY,0.00473010573177526,0.0022598812160424045,0.0019129104062327073,0.00473010573177526,FORCE_BUY,38535648.85511005,288.88,0.9999999999999996,1.3999999999999995
2019-04-08,0.1234185141575292,0.2,0.23,FORCE_BUY,0.002151955850196123,0.003387152553816073,-0.00017354482662870142,0.002151955850196123,FREE,38666174.97654259,288.73,1.1499999999999997,1.9499999999999993
2019-04-09,0.14765220693860343,0.2,0.23,FORCE_BUY,-0.0047143649473099765,-0.0036099492346500423,0.0007626178591236933,-0.0047143649473099765,FORCE_SELL,38695662.49212371,287.12,1.4999999999999996,0.7999999999999998
2019-04-10,0.1300224737117051,0.2,0.23,FORCE_BUY,0.003406089253440713,0.003548748804755548,0.0003475601279019526,0.003406089253440713,FREE,38832983.67814186,288.7,1.6499999999999995,0.7499999999999998
2019-04-11,0.15006685619074892,0.2,0.23,FORCE_BUY,0.0009369469410417401,0.004867023662668927,0.0024638234375542367,0.0009369469410417401,FREE,39021984.72859541,288.44,1.4499999999999995,0.8499999999999996
2019-04-12,0.14084942410544227,0.2,0.23,FORCE_BUY,0.005613305613305717,0.001559251559251549,0.001559251559251549,0.005613305613305717,FORCE_BUY,39241027.054514766,290.22,-0.5,0.5999999999999996
2019-04-15,0.14417221051386678,0.2,0.23,FORCE_BUY,-3.448156960101696e-05,0.0009500064417685962,-0.0013792627840417964,-3.448156960101696e-05,FREE,39278306.282998174,290.0,-0.5,0.5999999999999996
2019-04-16,0.15186236914509346,0.2,0.23,FORCE_BUY,-0.0025107480653483293,-0.0018248042156080119,0.0004815133276010132,-0.0025107480653483293,FORCE_SELL,39297219.31095903,290.02,-0.5,0.5999999999999996
2019-04-17,0.1850866580972117,0.2,0.23,FORCE_BUY,-0.0037866584056174294,-0.0037866584056174294,-0.0037866584056174294,-0.0037866584056174294,FORCE_BUY,39148414.1651378,289.4199,1.6999999999999993,1.3499999999999996
2019-04-18,0.1462651005203199,0.2,0.23,FORCE_BUY,0.004918941388388557,0.0032908410696965125,0.0032908410696965125,0.004918941388388557,FORCE_BUY,39340982.91986447,290.1,1.8499999999999996,-0.5
2019-04-22,0.1408677507895886,0.2,0.23,FORCE_BUY,0.003039408696853704,0.003249861539076507,3.453873519162594e-05,0.003039408696853704,FREE,39468835.667165205,290.41,1.3499999999999996,1.6999999999999993
2019-04-23,0.15693009681617212,0.2,0.23,FORCE_BUY,0.010026876162910736,0.004083109365308863,0.004083109365308863,0.010026876162910736,FORCE_BUY,39864584.79469415,293.13,0.7999999999999998,1.4999999999999996
2019-04-24,0.1660600477471457,0.2,0.23,FORCE_BUY,-0.0008540876635577052,-0.0008540876635577052,-0.0008540876635577052,-0.0008540876635577052,FORCE_BUY,39830536.94460815,292.46,0.7999999999999998,1.7499999999999996
2019-04-25,0.16512538874688623,0.2,0.23,FORCE_BUY,-0.002087396913390186,0.00044285947271228943,0.0012319063751153444,-0.002087396913390186,FORCE_SELL,39879604.436994486,291.62,0.7999999999999998,1.3499999999999996
2019-04-26,0.14184687897353457,0.2,0.23,FORCE_BUY,0.00600240096038413,0.005458639429942322,0.002915451895043589,0.00600240096038413,FORCE_BUY,40118977.81296684,293.3,0.6999999999999997,1.0499999999999996
2019-04-29,0.14261582375242973,0.2,0.23,FORCE_BUY,-0.000510968796838757,-0.0015298849090517861,0.00030658127810314376,-0.000510968796838757,FORCE_SELL,40131277.54046093,293.41,-0.5,1.2999999999999996
2019-04-30,0.15532502989556515,0.2,0.23,FORCE_BUY,0.004942563997682044,0.0036131708144033587,0.0,0.004942563997682044,FORCE_BUY,40329628.9480134,294.82,-0.5,1.2999999999999996
2019-05-01,0.21635771688701452,0.2,0.23,FREE,-0.013174382768313737,-0.013174382768313737,-0.013174382768313737,-0.013174382768313737,FORCE_BUY,39798310.979348205,291.38,1.3499999999999996,1.4499999999999995
2019-05-02,0.18331193754443664,0.2,0.23,FORCE_BUY,-0.0025332922529184817,-0.004149281356454557,-0.00013693471637412198,-0.0025332922529184817,FORCE_SELL,39792861.20892208,291.37,1.8499999999999996,1.6499999999999995
2019-05-03,0.16179324566673106,0.2,0.23,FORCE_BUY,0.008117272322498741,0.008117272322498741,0.008117272322498741,0.008117272322498741,FORCE_BUY,40115870.6998463,294.34,1.2999999999999996,2.349999999999999
2019-05-06,0.19224915945989643,0.2,0.23,FORCE_BUY,0.006496199032480984,-0.0002961689818848197,-0.0013821700069107166,0.006496199032480984,FORCE_BUY,40376471.380273774,291.28,1.3999999999999995,2.2999999999999994
2019-05-07,0.1922902701903759,0.2,0.23,FORCE_BUY,-0.01288509646687911,-0.01288509646687911,-0.01288509646687911,-0.01288509646687911,FORCE_BUY,39856216.65154676,288.05,-0.5,2.0999999999999996
2019-05-08,0.17604083996556952,0.2,0.23,FORCE_BUY,-0.004360163333102608,-0.0001730223544883234,-0.0001730223544883234,-0.004360163333102608,FREE,39849320.635100715,287.72,2.3999999999999995,-0.5
2019-05-09,0.15662196971862602,0.2,0.23,FORCE_BUY,0.003952016227748009,0.0055957259999086,0.001049207848074744,0.003952016227748009,FREE,40072306.514657244,287.06,1.4499999999999995,-0.5
2019-05-10,0.17185439294918536,0.2,0.23,FORCE_BUY,0.007297486033519584,0.007297486033519584,0.007297486033519584,0.007297486033519584,FORCE_BUY,40364733.61177887,288.49,0.5999999999999996,-0.5
2019-05-13,0.21298341486214,0.2,0.23,FREE,-0.014876556235492625,-0.013680804670464928,-0.013680804670464928,-0.013680804670464928,FREE,39812511.57566077,280.11,1.0499999999999996,2.349999999999999
2019-05-14,0.24846831882652062,0.2,0.23,FORCE_SELL,0.0,0.0,0.0,0.0,FORCE_BUY,39812511.57566077,283.91,2.0999999999999996,-0.5
2019-05-15,0.24443956371574413,0.2,0.23,FORCE_SELL,0.0,0.0,0.0,0.0,FORCE_BUY,39812511.57566077,284.97,2.0999999999999996,-0.5
2019-05-16,0.2497457209642924,0.2,0.23,FORCE_SELL,0.006288868702396682,0.004434828862264975,0.0,0.0,FORCE_BUY,40062887.23367275,288.02,1.1999999999999997,1.7999999999999994
2019-05-17,0.25636154233677266,0.2,0.23,FORCE_SELL,0.0012239046053780717,-0.001522560160931617,0.0,0.0,FORCE_BUY,40111920.38586279,286.32,0.5499999999999998,1.9999999999999996
2019-05-20,0.25241176296518103,0.2,0.23,FORCE_SELL,-0.004509070572197442,-0.004509070572197442,0.0,0.0,FORCE_SELL,40111920.38586279,284.8,0.9999999999999996,2.499999999999999
2019-05-21,0.21675590559181032,0.2,0.23,FREE,0.0,0.0,0.0,0.0,FORCE_BUY,40111920.38586279,286.61,2.1999999999999993,-0.5
2019-05-22,0.23698961309226993,0.2,0.23,FORCE_SELL,-0.0008053221288516259,-0.0008053221288516259,0.0,0.0,FORCE_SELL,40111920.38586279,285.37,1.9499999999999993,2.4499999999999993
2019-05-23,0.22054382894541427,0.2,0.23,FREE,-0.006090905890222726,-0.004963439013694281,0.0,-0.004963439013694281,FORCE_SELL,40111920.38586279,282.3,1.1999999999999997,2.0499999999999994
2019-05-24,0.23346495426946787,0.195,0.22,FORCE_SELL,-0.0014116318464145107,0.002882430155729601,0.0016586674195369524,0.0016586674195369524,FREE,40227540.19478723,282.96,2.1999999999999993,-0.5
2019-05-28,0.2701396241166854,0.195,0.22,FORCE_SELL,-0.010128815952002771,-0.009359059985474434,0.0,0.0,FORCE_SELL,40227540.19478723,280.48,2.0499999999999994,-0.5
2019-05-29,0.18084766691637574,0.195,0.22,FORCE_BUY,-0.0020441097364177125,-0.0014699258709687123,0.0,-0.0020441097364177125,FORCE_SELL,40227540.19478723,278.28,1.7999999999999994,-0.5
2019-05-30,0.20820251661916897,0.2,0.23,FREE,-0.008918018695605287,-0.0036723295722763632,-0.0006804913864115156,-0.0036723295722763632,FORCE_SELL,40200165.70018815,276.72,2.0499999999999994,-0.5
2019-05-31,0.20339225337670408,0.2,0.23,FREE,-0.004375971935915342,0.0002509213845137406,-0.001844417923402296,0.0002509213845137406,FREE,40210252.78142332,275.3,2.0999999999999996,1.2499999999999996
2019-06-03,0.20418207270649,0.2,0.23,FREE,0.006029599853828041,0.010415001022014732,0.008587611913027683,0.010415001022014732,FREE,40629042.60523732,275.3,1.7999999999999994,1.5499999999999994
2019-06-04,0.22605512186306942,0.2,0.23,FREE,0.018864508653776466,0.002279948821388884,0.0011224563690346834,0.002279948821388884,FORCE_BUY,41395489.53105847,281.39,1.0999999999999996,-0.5
2019-06-05,0.19860074599048047,0.2,0.23,FORCE_BUY,0.0,0.0,0.0,0.0,FORCE_BUY,41395489.53105847,282.38,1.0999999999999996,-0.5
2019-06-06,0.21879740785705204,0.2,0.23,FREE,0.0,0.0,0.0,0.0,FORCE_BUY,41395489.53105847,284.71,1.0999999999999996,-0.5
2019-06-07,0.13723605892948676,0.2,0.23,FORCE_BUY,0.0,0.0,0.0,0.0,FORCE_BUY,41395489.53105847,288.04,1.0999999999999996,-0.5
2019-06-10,0.14981417585518172,0.2,0.23,FORCE_BUY,-0.00430841346982389,-0.00430841346982389,0.0,-0.00430841346982389,FORCE_SELL,41395489.53105847,288.88,1.0999999999999996,-0.5
2019-06-11,0.14966998166929585,0.2,0.23,FORCE_BUY,-0.003519425850527943,0.00527443012921397,0.00044855427506720235,-0.003519425850527943,FREE,41613827.14825465,288.8,1.0999999999999996,-0.5
2019-06-12,0.13914301734354817,0.2,0.23,FORCE_BUY,0.0014909847434119146,-0.00020800351617082435,-0.00010402219140082454,0.0014909847434119146,FORCE_BUY,41675872.72964767,288.83,0.6499999999999997,1.7999999999999994
2019-06-13,0.12726035477642086,0.2,0.23,FORCE_BUY,0.0016263538530744293,0.0023524726356534812,-3.460327346961968e-05,0.0016263538530744293,FREE,41773914.07981114,289.46,-0.5,1.9499999999999993
2019-06-14,0.13577548480007282,0.2,0.23,FORCE_BUY,-0.00017278319165115144,-0.00017278319165115144,-0.00017278319165115144,-0.00017278319165115144,FORCE_BUY,41766696.24960867,289.33,0.5999999999999996,2.499999999999999
2019-06-17,0.15054629464494287,0.2,0.23,FORCE_BUY,-0.0006211180124224582,0.00013784278718159335,0.00037957211870257344,-0.0006211180124224582,FORCE_SELL,41782549.72299534,289.62,0.7499999999999998,1.9499999999999993
2019-06-18,0.14237062779024898,0.2,0.23,FORCE_BUY,0.012447271972892412,0.005460157204434683,0.005013484544637172,0.012447271972892412,FORCE_BUY,42302628.48311836,292.82,1.0499999999999996,0.7499999999999998
2019-06-19,0.1308750148149229,0.2,0.23,FORCE_BUY,0.00502409515021025,0.00502409515021025,0.00502409515021025,0.00502409515021025,FORCE_BUY,42515160.91372155,294.06,0.44999999999999973,2.3999999999999995
2019-06-20,0.14071743017863217,0.2,0.23,FORCE_BUY,0.0022371364653245027,0.0027794725781303273,0.0027794725781303273,0.0022371364653245027,FREE,42633330.63763603,295.68,-0.5,2.3999999999999995
2019-06-21,0.16231053498701,0.2,0.23,FORCE_BUY,-0.004076502360974267,-0.0004708438870376789,0.0029214933586982107,-0.004076502360974267,FORCE_SELL,42757883.62995307,293.17,0.6499999999999997,2.0499999999999994
2019-06-24,0.15704870507594362,0.2,0.23,FORCE_BUY,-0.0016649677200137047,-0.0016649677200137047,-0.0016649677200137047,-0.0016649677200137047,FORCE_BUY,42686693.1339331,293.81,-0.5,2.0499999999999994
2019-06-25,0.18907505907338665,0.2,0.23,FORCE_BUY,-0.008867062274060538,-0.00372693083988234,0.0018075165404814642,-0.008867062274060538,FORCE_SELL,42763850.037831135,290.62,1.4499999999999995,-0.5
2019-06-26,0.1749949097507227,0.2,0.23,FORCE_BUY,-0.0022328329497442526,-0.0022328329497442526,-0.0022328329497442526,-0.0022328329497442526,FORCE_BUY,42668365.50440874,290.46,1.4499999999999995,-0.5
2019-06-27,0.14760538811864907,0.2,0.23,FORCE_BUY,0.0017821035676340788,0.0007539668939990059,0.0007539668939990059,0.0017821035676340788,FORCE_BUY,42744404.95079926,292.31,1.6999999999999993,-0.5
2019-06-28,0.14862659984364388,0.2,0.23,FORCE_BUY,0.0071826794814789895,0.002394226493826235,0.002394226493826235,0.0071826794814789895,FORCE_BUY,43051424.31118739,294.47,-0.5,1.0999999999999996
2019-07-01,0.16101295365577095,0.2,0.23,FORCE_BUY,-0.0029719689294157537,0.0011820330969265333,0.0011820330969265333,-0.0029719689294157537,FREE,43102312.51959304,295.22,1.1999999999999997,2.4499999999999993
2019-07-02,0.14307168391967476,0.2,0.23,FORCE_BUY,0.004776422764227715,0.0004742547425472966,0.0004742547425472966,0.004776422764227715,FORCE_BUY,43308187.38630248,296.61,1.1999999999999997,2.4499999999999993
2019-07-03,0.13319547766657744,0.2,0.23,FORCE_BUY,0.005417956656346678,0.005417956656346678,0.005417956656346678,0.005417956656346678,FORCE_BUY,43542829.2684264,298.77,1.1999999999999997,2.4499999999999993
2019-07-05,0.15825010446382884,0.2,0.23,FORCE_BUY,-0.002008435428800956,0.00040308839527774496,-0.0007364263238937256,-0.002008435428800956,FREE,43560380.87760206,298.14,0.4999999999999998,-0.5
2019-07-08,0.17552885377194635,0.2,0.23,FORCE_BUY,-0.0037969154262290044,-0.0037969154262290044,-0.0037969154262290044,-0.0037969154262290044,FORCE_BUY,43394985.79547549,296.48,0.8499999999999996,1.4999999999999996
2019-07-09,0.14920178916715574,0.2,0.23,FORCE_BUY,0.005721249873049145,0.005653542773959905,0.005653542773959905,0.005721249873049145,FORCE_BUY,43643259.35244883,297.08,1.5499999999999994,-0.5
2019-07-10,0.16258993475156208,0.2,0.23,FORCE_BUY,0.006030387764040047,-0.0014295964214480709,-0.0011454367819964382,0.006030387764040047,FORCE_BUY,43906445.12963066,298.62,1.4499999999999995,1.0499999999999996
2019-07-11,0.1456247974658965,0.2,0.23,FORCE_BUY,0.0007351466951814864,0.0007351466951814864,0.0007351466951814864,0.0007351466951814864,FORCE_BUY,43938722.80766488,299.48,0.8499999999999996,1.7999999999999994
2019-07-12,0.12986908428399316,0.2,0.23,FORCE_BUY,0.0020010672358592558,0.0020010672358592558,0.0020010672358592558,0.0020010672358592558,FORCE_BUY,44026647.1462608,300.44,0.9499999999999997,1.9999999999999996
2019-07-15,0.13908700490183232,0.2,0.23,FORCE_BUY,-0.0007969185814850045,-0.0007969185814850045,-0.0007969185814850045,-0.0007969185814850045,FORCE_BUY,43991561.49306946,300.92,1.2999999999999996,1.7999999999999994
2019-07-16,0.1754713894939496,0.2,0.23,FORCE_BUY,-0.003922611528488878,-0.003922611528488878,-0.003922611528488878,-0.003922611528488878,FORCE_BUY,43818999.686800525,299.64,1.2999999999999996,1.7999999999999994
2019-07-17,0.19950696979981397,0.2,0.23,FORCE_BUY,-0.009332400093323825,-0.00949813008527825,-0.003999600039995985,-0.009332400093323825,FORCE_SELL,43643741.21390061,297.23,0.7999999999999998,-0.5
2019-07-18,0.15830801177022458,0.2,0.23,FORCE_BUY,0.006424919268030275,0.006424919268030275,0.006424919268030275,0.006424919268030275,FORCE_BUY,43924148.727754734,299.19,1.2499999999999996,1.6999999999999993
2019-07-19,0.20282101220657137,0.2,0.23,FREE,-0.011441342272924327,-0.008393813656133347,-0.0014676940525033576,-0.008393813656133347,FORCE_SELL,43859681.51590574,296.36,1.1499999999999997,0.9499999999999997
2019-07-22,0.15950215299617715,0.2,0.23,FORCE_BUY,0.003231017770597591,0.003231017770597591,0.003231017770597591,0.003231017770597591,FORCE_BUY,44001392.92629638,298.08,1.0999999999999996,1.0999999999999996
2019-07-23,0.14274039838533076,0.2,0.23,FORCE_BUY,0.004422851398894347,0.004997832140320145,0.0015077902496230316,0.004422851398894347,FREE,44221304.50208228,299.77,1.0999999999999996,1.0999999999999996
2019-07-24,0.14222160334762743,0.2,0.23,FORCE_BUY,0.006614331050609535,0.006614331050609535,0.006614331050609535,0.006614331050609535,FORCE_BUY,44513798.84954886,301.33,0.8999999999999997,1.2999999999999996
2019-07-25,0.17150430211746062,0.2,0.23,FORCE_BUY,-0.004378109452736377,-0.004378109452736377,-0.004378109452736377,-0.004378109452736377,FORCE_BUY,44318912.566028446,300.18,0.8999999999999997,1.4999999999999996
2019-07-26,0.1369598392625859,0.2,0.23,FORCE_BUY,0.0033962641094797373,0.0033632225104946443,0.0009989012086704947,0.0033962641094797373,FORCE_BUY,44469431.29814762,301.35,-0.5,1.1999999999999997
2019-07-29,0.1569207963129914,0.2,0.23,FORCE_BUY,0.0006299317021418294,0.0006299317021418294,0.0006299317021418294,0.0006299317021418294,FORCE_BUY,44497444.00269854,301.81,0.6499999999999997,1.2999999999999996
2019-07-30,0.15662422236826398,0.2,0.23,FORCE_BUY,-0.0014932306875497536,-0.00033043220538412136,-0.0024223520042475034,-0.0014932306875497536,FREE,44482740.614142776,300.91,0.6499999999999997,1.2999999999999996
2019-07-31,0.25128769640137055,0.2,0.23,FORCE_SELL,-0.014546179137192387,-0.008819110712565291,0.00023247318255772512,0.00023247318255772512,FORCE_SELL,44493081.65842224,296.73,-0.5,0.5999999999999996
2019-08-01,0.27764645214372347,0.2,0.23,FORCE_SELL,-0.007358898190656178,-0.007358898190656178,0.0,0.0,FORCE_SELL,44493081.65842224,294.06,2.349999999999999,-0.5
2019-08-02,0.17212570979660358,0.2,0.23,FORCE_BUY,0.0008028286900227376,0.0008028286900227376,0.0,0.0008028286900227376,FORCE_BUY,44528801.98088515,292.95,1.8999999999999995,1.4999999999999996
2019-08-05,0.2701163773204354,0.2,0.23,FORCE_SELL,-0.04059371763893675,-0.04059371763893675,-0.04059371763893675,-0.04059371763893675,FORCE_BUY,42721212.36647297,277.94,1.7499999999999996,0.6999999999999997
2019-08-06,0.24062936845805857,0.2,0.23,FORCE_SELL,0.010434292160180401,0.0053348260880440495,0.0075437112239142385,0.0075437112239142385,FORCE_BUY,43166977.97774185,286.64,1.7499999999999996,0.6999999999999997
2019-08-07,0.28033611101440364,0.2,0.23,FORCE_SELL,0.0,0.0,0.0,0.0,FORCE_BUY,43166977.97774185,287.16,2.3999999999999995,2.4499999999999993
2019-08-08,0.253681599340893,0.2,0.23,FORCE_SELL,0.0,0.0,0.0,0.0,FORCE_BUY,43166977.97774185,293.12,2.1999999999999993,2.499999999999999
2019-08-09,0.2465018794818242,0.2,0.23,FORCE_SELL,0.0,0.0,0.0,0.0,FORCE_BUY,43166977.97774185,291.93,2.1999999999999993,2.499999999999999
2019-08-12,0.2785704012593478,0.2,0.23,FORCE_SELL,-0.009140893470790572,-0.007292211863749815,0.0,0.0,FORCE_SELL,43166977.97774185,288.34,1.2499999999999996,1.7499999999999996
2019-08-13,0.1701109810900606,0.2,0.23,FORCE_BUY,0.021836193665410963,0.0035579740477187215,0.0,0.021836193665410963,FORCE_BUY,44109580.46881436,292.94,2.2999999999999994,-0.5
2019-08-14,0.1926165259346991,0.2,0.23,FORCE_BUY,-0.02692070876376796,-0.010538673165271987,-0.00622562769378116,-0.02692070876376796,FORCE_SELL,43834970.643086635,284.47,2.349999999999999,-0.5
2019-08-15,0.15300330895972944,0.185,0.21,FORCE_BUY,-0.0009105235510417602,-0.0009105235510417602,-0.0009105235510417602,-0.0009105235510417602,FORCE_BUY,43795057.86995688,285.29,2.1499999999999995,-0.5
2019-08-16,0.15562751545836792,0.185,0.21,FORCE_BUY,0.008517173973750266,0.0019188119711041759,0.0011519128734989263,0.008517173973750266,FORCE_BUY,44168067.99702576,288.92,2.499999999999999,-0.5
2019-08-19,0.15119259576724536,0.185,0.21,FORCE_BUY,0.0014416146083614592,0.0018901287262057434,0.0005491865174710387,0.0014416146083614592,FREE,44251551.33112794,291.76,1.5499999999999994,-0.5
2019-08-20,0.16882715634415155,0.185,0.21,FORCE_BUY,-0.009229191591180965,-0.0026642503295684246,-0.00017091095539231434,-0.009229191591180965,FORCE_SELL,44243988.256212346,289.85,1.5499999999999994,-0.5
2019-08-21,0.13549046476864532,0.185,0.21,FORCE_BUY,0.007209062821833077,0.0003776175763817055,0.0003776175763817055,0.007209062821833077,FORCE_BUY,44562945.94703983,293.4,2.0499999999999994,-0.5
2019-08-22,0.14749480877288326,0.185,0.21,FORCE_BUY,-0.003376880308353509,0.006607052117669685,-0.00245591295152995,-0.003376880308353509,FREE,44857375.65342882,292.18,1.7499999999999996,2.0999999999999996
2019-08-23,0.20591739706039824,0.185,0.21,FREE,-0.02855290987241584,-0.0007111267711641523,0.0002046803575083909,-0.0007111267711641523,FORCE_SELL,44866557.077114455,284.77,0.8999999999999997,-0.5
2019-08-26,0.12929962408506732,0.185,0.21,FORCE_BUY,0.003557725845832102,0.003557725845832102,0.003557725845832102,0.003557725845832102,FORCE_BUY,45026179.98684121,287.72,0.9999999999999996,-0.5
2019-08-27,0.1619430631908768,0.185,0.21,FORCE_BUY,-0.0002782124847852104,-5.291400418550453e-05,0.0015997217875151992,-0.0002782124847852104,FORCE_SELL,45098209.34797474,287.47,0.9999999999999996,-0.5
2019-08-28,0.13169061019801537,0.185,0.21,FORCE_BUY,0.005191275869277552,0.006642737407984794,0.0016375165493695838,0.005191275869277552,FREE,45397784.91024366,288.51,2.0999999999999996,0.9999999999999996
2019-08-29,0.1301764532644585,0.185,0.21,FORCE_BUY,0.005500928281647327,0.0004125696211235664,0.0004125696211235664,0.005500928281647327,FORCE_BUY,45647514.86918057,292.46,2.3999999999999995,1.4499999999999995
2019-08-30,0.13653627193324624,0.185,0.21,FORCE_BUY,-0.004156445898064775,-0.003543199781956908,-0.003543199781956908,-0.004156445898064775,FREE,45485776.60444921,292.3,-0.5,1.9499999999999993
2019-09-03,0.12928753079274025,0.185,0.21,FORCE_BUY,0.0014480761274305023,0.004213647810615802,0.0015515101365327973,0.0014480761274305023,FREE,45677437.64745271,290.46,0.8999999999999997,2.1999999999999993
2019-09-04,0.1229562075079335,0.185,0.21,FORCE_BUY,0.001669449081803091,0.0002721353662999269,-3.407038942449546e-05,0.001669449081803091,FORCE_BUY,45753693.803792365,294.0,0.8999999999999997,2.1999999999999993
2019-09-05,0.14392382361812803,0.185,0.21,FORCE_BUY,0.007099391480730056,0.0008480353333899939,0.0006423258958756056,0.007099391480730056,FORCE_BUY,46078517.18779494,297.9,0.8999999999999997,2.1999999999999993
2019-09-06,0.14095580830693824,0.185,0.21,FORCE_BUY,0.0016100898966860376,0.0038468268761670554,-0.00013417415805720278,0.0016100898966860376,FREE,46255773.26612688,298.6,0.9499999999999997,-0.5
2019-09-09,0.13355777099607194,0.185,0.21,FORCE_BUY,-0.0015723270440252191,-0.0006705110384121923,-0.00030108390204753633,-0.0015723270440252191,FORCE_SELL,46241846.39741969,298.45,-0.5,-0.5
2019-09-10,0.1229829950776945,0.185,0.21,FORCE_BUY,0.0021527801136936213,-0.0006661038068163473,-0.0005381950284234715,0.0021527801136936213,FORCE_BUY,46341394.92476453,297.93,1.1999999999999997,-0.5
2019-09-11,0.12274316030276189,0.175,0.2,FORCE_BUY,0.011621675932748451,-0.00020095116886603234,-0.00020095116886603234,0.011621675932748451,FORCE_BUY,46879959.59885166,302.05,1.4499999999999995,-0.5
2019-09-12,0.14072232718507657,0.175,0.2,FORCE_BUY,0.001992362609995159,0.000929769217997854,0.000929769217997854,0.001992362609995159,FORCE_BUY,46973361.47751449,301.75,1.3999999999999995,-0.5
2019-09-13,0.1510935295023368,0.175,0.2,FORCE_BUY,-0.0030131452600906197,-0.003112052686155932,0.0011920135094864463,-0.0030131452600906197,FORCE_SELL,47029354.358981684,301.1,0.44999999999999973,-0.5
2019-09-16,0.14952581471407989,0.2,0.23,FORCE_BUY,0.0027027928859822267,0.0014673164869585884,0.000467149387700648,0.0027027928859822267,FORCE_BUY,47156464.96337547,300.5,0.8999999999999997,-0.5
2019-09-17,0.12489233414786242,0.2,0.23,FORCE_BUY,0.0023324003731840484,0.0015493802479007977,0.0015493802479007977,0.0023324003731840484,FORCE_BUY,47266452.71985409,300.82,-0.5,1.7499999999999996
2019-09-18,0.14020955130402918,0.2,0.23,FORCE_BUY,0.00026601050741500054,-0.003591779607430973,-0.0005320210148301318,0.00026601050741500054,FORCE_BUY,47279026.0929258,300.82,0.8499999999999996,1.6999999999999993
2019-09-19,0.1561176732186794,0.2,0.23,FORCE_BUY,0.0023292183808605997,0.0008515494074595492,0.0009316873523442398,0.0023292183808605997,FORCE_BUY,47389149.26953063,301.23,1.0499999999999996,-0.5
2019-09-20,0.1811657936377998,0.2,0.23,FORCE_BUY,-0.010782029950083243,-0.0029224206182184567,-0.0008319467554076032,-0.010782029950083243,FORCE_SELL,47349724.02055432,297.26,1.3499999999999996,-0.5
2019-09-23,0.15036526574563547,0.175,0.195,FORCE_BUY,0.004761585406746565,6.0693447790054246e-05,6.0693447790054246e-05,0.004761585406746565,FORCE_BUY,47575183.77546407,299.64,1.1499999999999997,1.2999999999999996
2019-09-24,0.21964689864986267,0.175,0.195,FORCE_SELL,-0.009157754010695207,-0.011831550802138895,-0.011831550802138895,-0.011831550802138895,FORCE_BUY,47139501.94543476,296.46,1.0499999999999996,1.2499999999999996
2019-09-25,0.16917921752030698,0.175,0.195,FORCE_BUY,0.008508474576271168,0.008508474576271168,0.0,0.008508474576271168,FORCE_BUY,47540587.19927557,297.51,1.5999999999999996,2.0499999999999994
2019-09-26,0.1536791722853199,0.175,0.195,FORCE_BUY,-0.0033240439176712203,-0.003928415539065796,-0.003928415539065796,-0.0033240439176712203,FORCE_BUY,47382560.199553296,296.84,1.5999999999999996,2.0499999999999994
2019-09-27,0.19543180640779967,0.175,0.195,FORCE_SELL,-0.004743641501816842,-0.004743641501816842,-0.004743641501816842,-0.004743641501816842,FORCE_BUY,47157794.32052836,295.83,1.5999999999999996,2.0499999999999994
2019-09-30,0.15384644488913488,0.175,0.195,FORCE_BUY,0.003204803832270735,0.0019903518537260174,0.0019903518537260174,0.003204803832270735,FORCE_BUY,47308925.800488226,297.38,2.499999999999999,-0.5
2019-10-01,0.22945404540999692,0.175,0.195,FORCE_SELL,-0.013600644771307586,0.001221791084069787,0.00016790919470752546,0.00016790919470752546,FREE,47366727.42422818,293.73,2.499999999999999,-0.5
2019-10-02,0.2610466232074804,0.175,0.195,FORCE_SELL,-0.013569078947368337,-0.013569078947368337,0.0,0.0,FORCE_SELL,47366727.42422818,287.88,1.8999999999999995,-0.5
2019-10-03,0.23346185987126175,0.175,0.195,FORCE_SELL,0.008518183714623354,0.006119185035810986,0.0,0.0,FORCE_BUY,47770205.91038824,290.07,2.2999999999999994,-0.5
2019-10-04,0.2474559242421798,0.175,0.195,FORCE_SELL,0.0,0.0,0.0,0.0,FORCE_BUY,47770205.91038824,294.65,2.1999999999999993,1.1499999999999997
2019-10-07,0.2788523964398362,0.175,0.195,FORCE_SELL,0.0,0.0,0.0,0.0,FORCE_BUY,47770205.91038824,293.04,2.0999999999999996,2.499999999999999
2019-10-08,0.3036234633529063,0.175,0.195,FORCE_SELL,-0.013808661175103392,-0.013808661175103392,0.0,0.0,FORCE_SELL,47770205.91038824,288.53,0.5999999999999996,-0.5
2019-10-09,0.24874667837047884,0.175,0.195,FORCE_SELL,-0.005433287482805993,0.0018913342503439476,0.0,0.0,FREE,47860555.336972535,289.22,1.9999999999999996,-0.5
2019-10-10,0.25280635353345215,0.175,0.195,FORCE_SELL,0.0014640789921688724,0.0024174327545114917,0.0,0.0,FREE,47976255.01109324,294.13,1.1499999999999997,2.4499999999999993
2019-10-11,0.17937001849954867,0.175,0.195,FREE,0.0,0.0,0.0,0.0,FORCE_BUY,47976255.01109324,296.85,1.2999999999999996,2.499999999999999
2019-10-14,0.15489628546143627,0.175,0.195,FORCE_BUY,0.0,0.0,0.0,0.0,FORCE_BUY,47976255.01109324,296.67,1.5999999999999996,2.4499999999999993
2019-10-15,0.14138086632632768,0.175,0.195,FORCE_BUY,0.00622832710500626,0.0007483592723131031,0.0,0.00622832710500626,FORCE_BUY,48275066.82057552,298.88,-0.5,-0.5
2019-10-16,0.1466180974362936,0.175,0.195,FORCE_BUY,-0.0009713941180412028,0.0,0.0,-0.0009713941180412028,FREE,48275066.82057552,298.25,1.0499999999999996,-0.5
2019-10-17,0.1386958419864077,0.175,0.195,FORCE_BUY,0.0013723849372385601,0.0007695923839352908,0.00030125523012542257,0.0013723849372385601,FORCE_BUY,48341318.795124255,299.16,1.0499999999999996,-0.5
2019-10-18,0.15196934247725333,0.175,0.195,FORCE_BUY,-0.0033775875330233638,-0.0033775875330233638,-0.0033775875330233638,-0.0033775875330233638,FORCE_BUY,48178041.759431936,298.02,0.6999999999999997,-0.5
2019-10-21,0.12650271227895582,0.175,0.195,FORCE_BUY,0.004082725386520393,0.002409477277290659,0.002409477277290659,0.004082725386520393,FORCE_BUY,48374739.47359601,300.04,1.0999999999999996,-0.5
2019-10-22,0.1563947294552699,0.175,0.195,FORCE_BUY,-0.00453408901483586,-0.001236520749175359,-0.0003333888981495805,-0.00453408901483586,FORCE_SELL,48358611.87250463,298.59,1.0999999999999996,-0.5
2019-10-23,0.12236591303344657,0.175,0.195,FORCE_BUY,0.005358338914936155,0.0011051574012055198,0.0011051574012055198,0.005358338914936155,FORCE_BUY,48617733.70437336,300.2,0.8999999999999997,1.4499999999999995
2019-10-24,0.13211165651238901,0.175,0.195,FORCE_BUY,-0.0020974830203755014,0.0013327652525154702,0.0010320948195499202,-0.0020974830203755014,FREE,48682529.7305106,299.73,1.0999999999999996,1.7999999999999994
2019-10-25,0.13391329636763774,0.175,0.195,FORCE_BUY,0.005563328669464958,0.002765007662069285,0.002765007662069285,0.005563328669464958,FORCE_BUY,48953366.64386243,301.85,0.7499999999999998,1.7999999999999994
2019-10-28,0.12948049988548818,0.175,0.195,FORCE_BUY,0.004501224597868591,0.0013537029767531337,0.00029787515721191874,0.004501224597868591,FORCE_BUY,49173716.74194826,303.5,-0.5,1.7499999999999996
2019-10-29,0.14069374425430517,0.175,0.195,FORCE_BUY,-0.0007909567280756625,0.00010007452129174267,-0.001252348152786444,-0.0007909567280756625,FREE,49178637.77811135,303.19,-0.5,1.7499999999999996
2019-10-30,0.13342925989411195,0.175,0.195,FORCE_BUY,0.004386977603324824,0.004386977603324824,0.004386977603324824,0.004386977603324824,FORCE_BUY,49394383.36060595,304.5,-0.5,-0.5
2019-10-31,0.1527931002342602,0.175,0.195,FORCE_BUY,-0.004694219216754728,-0.006565341561894753,-0.006565341561894753,-0.004694219216754728,FORCE_BUY,49162515.297034845,303.2,-0.5,-0.5
2019-11-01,0.11935439792449098,0.175,0.195,FORCE_BUY,0.007405700743861475,0.0003620564808111434,0.0003620564808111434,0.007405700743861475,FORCE_BUY,49526598.1731402,306.07,1.2499999999999996,-0.5
2019-11-04,0.13608125648144823,0.175,0.195,FORCE_BUY,0.001856617048304634,0.0019543337350576033,0.0019543337350576033,0.001856617048304634,FREE,49623389.67473261,307.58,1.3499999999999996,2.499999999999999
2019-11-05,0.15492986082574448,0.175,0.195,FORCE_BUY,-0.004190216332099007,-0.004190216332099007,-0.004190216332099007,-0.004190216332099007,FORCE_BUY,49415456.93686343,306.57,1.3499999999999996,2.499999999999999
2019-11-06,0.13156413177300855,0.175,0.195,FORCE_BUY,-9.765307118905634e-05,0.0007515951592579258,-0.0010416327593503164,-9.765307118905634e-05,FREE,49452597.35508969,307.18,1.2999999999999996,-0.5
2019-11-07,0.15808224862425888,0.175,0.195,FORCE_BUY,-0.0015877644924015173,0.004061592261935051,0.00012961342795096573,-0.0015877644924015173,FREE,49653453.64183971,308.12,0.6999999999999997,0.44999999999999973
2019-11-08,0.13417669276495628,0.145,0.18,FORCE_BUY,0.003408648227502801,0.003042481290518478,0.00038955979742890247,0.003408648227502801,FORCE_BUY,49822704.79858536,309.09,-0.5,-0.5
2019-11-11,0.12959199656540502,0.145,0.18,FORCE_BUY,0.0010061341728603876,0.001786405168536036,-0.0013306935834605169,0.0010061341728603876,FREE,49911708.335948005,308.42,-0.5,0.44999999999999973
2019-11-12,0.15173473839587812,0.145,0.175,FREE,-0.000874720575371845,-0.0017946636568192775,0.00022677940842976573,-0.0017946636568192775,FORCE_SELL,49923027.28363816,308.4,-0.5,0.44999999999999973
2019-11-13,0.14645470664269053,0.145,0.175,FREE,0.0026925322779471675,0.002463168707819862,-0.0016220073963536864,0.002463168707819862,FORCE_BUY,50057446.646012194,309.09,0.9499999999999997,0.44999999999999973
2019-11-14,0.13197193936430324,0.145,0.175,FORCE_BUY,0.0,0.0,0.0,0.0,FORCE_BUY,50057446.646012194,310.62,1.5499999999999994,1.6499999999999995
2019-11-15,0.12413824082774211,0.145,0.175,FORCE_BUY,0.0,0.0,0.0,0.0,FORCE_BUY,50057446.646012194,311.68,1.5499999999999994,2.2499999999999996
2019-11-18,0.1257502050370035,0.145,0.175,FORCE_BUY,0.0,0.0,0.0,0.0,FORCE_BUY,50057446.646012194,311.71,1.5499999999999994,2.2499999999999996
2019-11-19,0.1434987809161408,0.145,0.175,FORCE_BUY,-1.2673945447303035e-16,-1.2673945447303035e-16,0.0,-1.2673945447303035e-16,FORCE_SELL,50057446.646012194,311.38,1.5499999999999994,2.2499999999999996
2019-11-20,0.1729907804749753,0.145,0.175,FREE,-0.0037342261138294413,0.0002253412310068866,0.0002253412310068866,0.0002253412310068866,FREE,50068726.65266047,309.48,1.4499999999999995,-0.5
2019-11-21,0.15623404594818616,0.145,0.175,FREE,0.0029387069689335832,0.0013366272686169873,0.0,0.0013366272686169873,FORCE_BUY,50215863.968600266,310.57,1.5999999999999996,-0.5
2019-11-22,0.13976092368041068,0.145,0.175,FORCE_BUY,0.0020449897750510885,0.00040244113157052267,0.0,0.0020449897750510885,FORCE_BUY,50318554.89696141,311.15,0.9499999999999997,-0.5
2019-11-25,0.12470867026249906,0.145,0.175,FORCE_BUY,0.005384615384615433,-0.00016025641025637562,-0.00016025641025637562,0.005384615384615433,FORCE_BUY,50589500.96179121,313.68,1.2499999999999996,1.1499999999999997
2019-11-26,0.1275243458891777,0.145,0.175,FORCE_BUY,0.003702994317819169,-0.0004149907425141912,-0.0004149907425141912,0.003702994317819169,FORCE_BUY,50776833.596394025,314.42,1.2499999999999996,1.1499999999999997
2019-11-27,0.11902538047479035,0.145,0.175,FORCE_BUY,-0.0011750134967766985,-3.186615886166933e-05,6.351424306916961e-05,-0.0011750134967766985,FORCE_SELL,50780058.64854535,314.52,1.2499999999999996,1.1499999999999997
2019-11-29,0.16414287613926748,0.145,0.175,FREE,-0.0006353240152477641,-0.0006353240152477641,-0.0006353240152477641,-0.0006353240152477641,FORCE_BUY,50747796.85779023,314.6,0.6999999999999997,1.5999999999999996
2019-12-02,0.2317464670576123,0.145,0.175,FORCE_SELL,-0.012073391006749604,-0.009155489356243258,0.0003485755933708004,0.0003485755933708004,FORCE_SELL,50765486.301192194,311.76,0.6999999999999997,1.5999999999999996
2019-12-03,0.1573171497519602,0.145,0.175,FREE,-0.0060744359452336565,-0.005029492465317479,0.0,-0.005029492465317479,FORCE_SELL,50765486.301192194,309.25,1.1499999999999997,-0.5
2019-12-04,0.1611808545722379,0.145,0.175,FREE,0.0,0.0,0.0,0.0,FORCE_BUY,50765486.301192194,311.18,1.3999999999999995,1.3999999999999995
2019-12-05,0.14089332524969403,0.145,0.175,FORCE_BUY,0.0,0.0,0.0,0.0,FORCE_BUY,50765486.301192194,312.45,1.5499999999999994,1.9999999999999996
2019-12-06,0.1499333599457955,0.145,0.175,FREE,0.0,0.0,0.0,0.0,FORCE_BUY,50765486.301192194,315.01,1.5499999999999994,1.9999999999999996
2019-12-09,0.18742431886801855,0.145,0.175,FORCE_SELL,-0.0032256526782452953,-0.0032256526782452953,0.0,0.0,FORCE_SELL,50765486.301192194,313.65,-0.5,1.1499999999999997
2019-12-10,0.16049124513287427,0.145,0.175,FREE,0.002718781985670455,0.004029796970565987,0.0,0.004029796970565987,FREE,50970060.90409805,313.49,0.9499999999999997,-0.5
2019-12-11,0.1342814354394278,0.145,0.175,FORCE_BUY,0.0,0.0,0.0,0.0,FORCE_BUY,50970060.90409805,314.65,1.0999999999999996,-0.5
2019-12-12,0.17154520094705725,0.145,0.175,FREE,0.011306971573765312,0.010774410460999723,0.0,0.010774410460999723,FORCE_BUY,51546377.93385377,318.41,-0.5,0.7999999999999998
2019-12-13,0.16358810821588785,0.145,0.175,FREE,-0.003955919751342162,-0.004960597783429032,0.0,-0.004960597783429032,FORCE_SELL,51546377.93385377,317.25,-0.5,-0.5
2019-12-16,0.1522955955908835,0.145,0.175,FREE,0.0,0.0,0.0,0.0,FORCE_BUY,51546377.93385377,319.34,1.3999999999999995,1.1499999999999997
2019-12-17,0.15443713193908837,0.145,0.175,FREE,0.0,0.0,0.0,0.0,FORCE_BUY,51546377.93385377,319.38,1.3999999999999995,1.1499999999999997
2019-12-18,0.1548844152945679,0.145,0.175,FREE,0.0006568041785255848,0.0017056783565406377,0.0,0.0017056783565406377,FREE,51634299.4750536,319.94,1.0499999999999996,0.7499999999999998
2019-12-19,0.12356142725694601,0.145,0.175,FORCE_BUY,0.0039389771164187485,4.4909985305294914e-05,0.0,0.0039389771164187485,FORCE_BUY,51837685.79910815,321.14,-0.5,0.7999999999999998
2019-12-20,0.15359341558429448,0.145,0.175,FREE,0.005004691898654968,0.0037222395996246243,0.0037222395996246243,0.0037222395996246243,FORCE_BUY,52097117.44527197,321.3,0.8999999999999997,1.7999999999999994
2019-12-23,0.14740550182356296,0.145,0.175,FREE,0.00031128404669258296,0.00031128404669258296,0.0,0.00031128404669258296,FORCE_BUY,52113334.44681135,321.35,1.2499999999999996,1.9499999999999993
2019-12-24,0.13671482793782022,0.145,0.175,FORCE_BUY,-0.0007154633402806665,-0.0007154633402806665,-0.0007154633402806665,-0.0007154633402806665,FORCE_BUY,52076049.266474865,321.24,1.2499999999999996,1.9499999999999993
2019-12-26,0.1252887025883637,0.145,0.175,FORCE_BUY,0.005753560987746334,0.0006531069229332956,0.0006531069229332956,0.005753560987746334,FORCE_BUY,52375671.99193041,323.39,1.4999999999999996,-0.5
2019-12-27,0.1563970579740415,0.145,0.175,FREE,-0.00376997002564816,-0.001996632769289474,-3.0901393652814557e-05,-0.001996632769289474,FORCE_SELL,52374053.51067236,322.39,1.4999999999999996,-0.5
2019-12-30,0.1915126215456098,0.145,0.175,FORCE_SELL,-0.005354213735260546,0.0025569430560181093,-9.284763702776147e-05,-9.284763702776147e-05,FREE,52507970.983112,321.38,1.4999999999999996,-0.5
2019-12-31,0.14731296122504686,0.145,0.175,FREE,0.005270379841576809,0.005488679598328445,0.0,0.005488679598328445,FREE,52796170.41219663,322.35,1.2499999999999996,-0.5
2020-01-02,0.14088182746644493,0.145,0.175,FORCE_BUY,0.00699950445986114,0.0018896455793608502,0.0,0.00699950445986114,FORCE_BUY,53165717.44246039,325.14,0.8499999999999996,-0.5
2020-01-03,0.180048599766106,0.145,0.175,FORCE_SELL,0.0025790814741158984,0.0005472244697292924,-0.003293766701883003,-0.003293766701883003,FORCE_BUY,53302836.15937433,322.65,0.8499999999999996,-0.5
2020-01-06,0.1727415456840329,0.145,0.175,FREE,0.010742278986978172,0.012650449372612078,0.0,0.012650449372612078,FREE,53977140.989625126,323.67,-0.5,0.7499999999999998
2020-01-07,0.1640343148002428,0.145,0.175,FREE,-0.017988275223696497,-0.014122618931108699,0.0,-0.014122618931108699,FORCE_SELL,53977140.989625126,318.27,-0.5,0.7499999999999998
2020-01-08,0.17890905791267372,0.145,0.175,FORCE_SELL,0.010214853452558499,0.0006209637357177965,0.0006209637357177965,0.0006209637357177965,FORCE_BUY,54528509.574622236,325.37,1.0499999999999996,0.5499999999999998
2020-01-09,0.12772510826131464,0.145,0.175,FORCE_BUY,0.0,0.0,0.0,0.0,FORCE_BUY,54528509.574622236,327.22,1.0499999999999996,1.5499999999999994
2020-01-10,0.17253638783092318,0.145,0.175,FREE,-0.002542658456636878,-0.002542658456636878,0.0,-0.002542658456636878,FORCE_SELL,54528509.574622236,325.6,1.0499999999999996,1.5499999999999994
2020-01-13,0.13879451257666767,0.145,0.175,FORCE_BUY,0.005755043315884433,0.00021428352771908702,0.00021428352771908702,0.005755043315884433,FORCE_BUY,54842323.5091748,328.55,1.2999999999999996,0.6999999999999997
2020-01-14,0.16711447214242922,0.145,0.175,FREE,-0.0002444166081084833,0.004143813030071592,0.0023677858910512726,0.004143813030071592,FREE,55069579.84393152,327.23,0.8999999999999997,1.9499999999999993
2020-01-15,0.15327687737252263,0.145,0.175,FREE,0.0036645697184390915,0.0055181041475200815,0.0025041226409332267,0.0055181041475200815,FREE,55373459.52087051,328.66,1.2999999999999996,1.3499999999999996
2020-01-16,0.12717516928478262,0.145,0.175,FORCE_BUY,0.004977389298613072,0.0006069986949528196,0.0,0.004977389298613072,FORCE_BUY,55649074.78571688,331.13,1.4499999999999995,1.1499999999999997
2020-01-17,0.12783354516064754,0.145,0.175,FORCE_BUY,0.0006035003017502836,-9.014152826459863e-05,9.052504526263777e-05,0.0006035003017502836,FORCE_BUY,55682659.01914219,331.6,1.2499999999999996,2.1999999999999993
2020-01-21,0.14187833768294425,0.145,0.175,FORCE_BUY,0.002419110976715992,0.0001814333232536964,0.0001814333232536964,0.002419110976715992,FORCE_BUY,55817361.55078813,331.5,1.3999999999999995,2.4499999999999993
2020-01-22,0.1610092676195208,0.145,0.175,FREE,-0.0039720751083293865,-0.0039720751083293865,-0.0039720751083293865,-0.0039720751083293865,FORCE_BUY,55595650.79835962,331.0,1.3999999999999995,2.4499999999999993
2020-01-23,0.14912883872914473,0.145,0.175,FREE,0.0027790363993354865,-0.0012691045701629042,-0.001299199516689384,-0.0012691045701629042,FORCE_BUY,55750153.135573,331.97,-0.5,0.5999999999999996
2020-01-24,0.22264336232127976,0.155,0.18,FORCE_SELL,-0.001414556240018245,-0.001414556240018245,0.0,0.0,FORCE_SELL,55750153.135573,328.26,1.3499999999999996,2.1499999999999995
2020-01-27,0.1605774814557663,0.155,0.18,FREE,-0.00470118297741578,-0.0025797013156942253,0.0,-0.0025797013156942253,FORCE_SELL,55750153.135573,323.92,1.3499999999999996,-0.5
2020-01-28,0.17199893602154184,0.155,0.18,FREE,0.007057010785824452,0.007057010785824452,0.007057010785824452,0.007057010785824452,FORCE_BUY,56143582.56756211,326.79,2.1499999999999995,1.7999999999999994
2020-01-29,0.1750927602367908,0.155,0.18,FREE,-0.005883249504648685,-0.005883249504648685,-0.005883249504648685,-0.005883249504648685,FORCE_BUY,55813275.8632323,326.12,2.1499999999999995,2.1499999999999995
2020-01-30,0.16131691443992494,0.155,0.18,FREE,0.012634822804314405,0.001140215716486939,0.001140215716486939,0.001140215716486939,FORCE_BUY,56518466.713892564,328.6,2.1499999999999995,2.1499999999999995
2020-01-31,0.22281167208237088,0.145,0.175,FORCE_SELL,-0.016921714163535793,-0.014143794525878625,0.0,0.0,FORCE_SELL,56518466.713892564,321.85,1.3499999999999996,1.5499999999999994
2020-02-03,0.17284385412890635,0.145,0.175,FREE,0.0,0.0,0.0,0.0,FORCE_BUY,56518466.713892564,324.18,1.6999999999999993,1.6999999999999993
2020-02-04,0.15190648555777123,0.145,0.175,FREE,0.0033887956037245686,0.0049770266386279524,0.0,0.0049770266386279524,FREE,56799760.628302015,328.66,1.6999999999999993,1.6999999999999993
2020-02-05,0.13277900420585317,0.145,0.175,FORCE_BUY,0.0028909567259914524,0.002981299123678826,0.0,0.0028909567259914524,FREE,56969097.70488834,333.03,1.3499999999999996,1.9499999999999993
2020-02-06,0.12760182733845662,0.145,0.175,FORCE_BUY,-0.00254125807223159,-0.0005998052132614189,0.0003587658454915907,-0.00254125807223159,FORCE_SELL,56989536.27139332,333.63,1.1499999999999997,1.9499999999999993
2020-02-07,0.16537183572530056,0.145,0.175,FREE,-0.006291569297141724,-0.004277893147616118,-0.0022170291808974317,-0.004277893147616118,FORCE_SELL,56863188.80647383,331.68,0.8499999999999996,0.9499999999999997
2020-02-10,0.13838485572867967,0.145,0.175,FORCE_BUY,0.010127497965458072,0.005410374657142079,0.005410374657142079,0.010127497965458072,FORCE_BUY,57439070.635420844,335.13,1.7499999999999996,0.8999999999999997
2020-02-11,0.1531828885146184,0.145,0.175,FREE,-0.0003875044712054485,-0.0007451689099418141,-0.0006557767974246231,-0.0007451689099418141,FORCE_BUY,57416812.738727726,335.35,1.3499999999999996,2.2999999999999994
2020-02-12,0.11976582508769863,0.145,0.175,FORCE_BUY,-0.0005941241125270514,-0.0005644179069007573,-0.0005644179069007573,-0.0005941241125270514,FREE,57384405.66146082,336.43,1.3499999999999996,1.9999999999999996
2020-02-13,0.13798565054309853,0.145,0.175,FORCE_BUY,0.0037786373103242473,-0.0020529604284438992,-0.0020529604284438992,0.0037786373103242473,FORCE_BUY,57601240.517724,337.37,1.3499999999999996,1.7999999999999994
2020-02-14,0.12001913817154364,0.145,0.175,FORCE_BUY,0.00014803849000744634,0.0035335689045934795,0.0006217616580309717,0.00014803849000744634,FREE,57804778.47008344,337.8,1.3499999999999996,1.7999999999999994
2020-02-18,0.1428510012655365,0.145,0.175,FORCE_BUY,0.0022288261515601457,0.0022288261515601457,0.0022288261515601457,0.0022288261515601457,FORCE_BUY,57933615.2720227,337.25,1.2499999999999996,2.499999999999999
2020-02-19,0.13164904658364265,0.145,0.175,FORCE_BUY,0.005543204387135029,0.0008003557136504948,0.0008003557136504948,0.005543204387135029,FORCE_BUY,58254753.14236117,339.22,1.4999999999999996,1.4499999999999995
2020-02-20,0.1680536230837573,0.145,0.175,FREE,-0.004709855149737816,-0.0019494657231600705,0.001392221333570352,-0.0019494657231600705,FORCE_SELL,58335856.65246785,336.0,1.4999999999999996,1.5499999999999994
2020-02-21,0.16660284998037547,0.145,0.175,FREE,-0.006527376233197251,-0.0030944395229721474,0.0,-0.0030944395229721474,FORCE_SELL,58335856.65246785,333.32,1.6499999999999995,-0.5
2020-02-24,0.28777827625066543,0.145,0.175,FORCE_SELL,-0.0054227941176470595,-0.005912990196078327,-0.005912990196078327,-0.005912990196078327,FORCE_BUY,58019513.31216495,324.63,1.6999999999999993,-0.5
2020-02-25,0.2689572668250038,0.145,0.175,FORCE_SELL,-0.03067883098809355,-0.012072614431446279,0.0,0.0,FORCE_SELL,58019513.31216495,313.43,-0.5,-0.5
2020-02-26,0.214240132584225,0.145,0.175,FORCE_SELL,-0.004217235939864269,0.0020445488759909584,0.0,0.0,FREE,58138137.04289288,309.32,2.2499999999999996,-0.5
2020-02-27,0.24002058761325082,0.145,0.175,FORCE_SELL,-0.034471544715447285,-0.034471544715447285,0.0,0.0,FORCE_SELL,58138137.04289288,296.9,2.349999999999999,-0.5
2020-02-28,0.18296149525310848,0.145,0.175,FORCE_SELL,0.029416830284867936,0.017589488429280528,0.0,0.0,FORCE_BUY,59848376.75336205,298.85,2.2499999999999996,0.9999999999999996
2020-03-02,0.2209366402991033,0.145,0.185,FORCE_SELL,0.04041966507498825,0.025821898635470616,0.0,0.0,FORCE_BUY,62267428.09701466,309.4,-0.5,-0.5
2020-03-03,0.21020693452339234,0.145,0.185,FORCE_SELL,-0.011159107271418157,0.025558005152800507,0.0,0.0,FREE,63858859.3451698,302.17,2.2999999999999994,-0.5
2020-03-04,0.17178660116749525,0.185,0.23,FORCE_BUY,0.0,0.0,0.0,0.0,FORCE_BUY,63858859.3451698,310.33,0.5999999999999996,-0.5
2020-03-05,0.17088220714935218,0.185,0.23,FORCE_BUY,0.0,0.0,0.0,0.0,FORCE_BUY,63858859.3451698,302.68,-0.5,-0.5
2020-03-06,0.1545580472156893,0.185,0.23,FORCE_BUY,-0.013388534606524003,-0.01394139274376065,0.0,-0.013388534606524003,FORCE_SELL,63858859.3451698,295.5,-0.5,-0.5
2020-03-09,0.194159634552495,0.185,0.23,FREE,0.00017844396859396022,0.00017844396859396022,0.00017844396859396022,0.00017844396859396022,FORCE_BUY,63870254.57346123,280.25,2.349999999999999,-0.5
2020-03-10,0.20558686811098023,0.185,0.23,FREE,0.004184990778833865,0.003938536097817708,-0.007235068804085648,0.003938536097817708,FORCE_BUY,64137550.999892935,283.14,2.349999999999999,-0.5
2020-03-11,0.1609828688195584,0.185,0.23,FORCE_BUY,-0.013541741698480428,0.007217845565992787,0.0,-0.013541741698480428,FREE,64600485.93799115,273.9,-0.5,-0.5
2020-03-12,0.22792289226465257,0.145,0.23,FREE,-0.0723621898086758,-0.06792899183215353,-0.004318999810570086,-0.06792899183215353,FORCE_SELL,64321476.45146223,244.85,-0.5,-0.5
2020-03-13,0.2923281963138349,0.145,0.225,FORCE_SELL,0.036668087910384006,0.017791973068640873,0.008256133958680485,0.008256133958680485,FORCE_BUY,66680022.00451014,267.45,-0.5,-0.5
2020-03-16,0.25050143833323457,0.145,0.225,FORCE_SELL,0.022546972860125226,0.022546972860125226,0.0,0.0,FORCE_BUY,68183454.65095839,244.9,-0.5,-0.5
2020-03-17,0.26810143503759326,0.145,0.225,FORCE_SELL,-0.015689613232790136,0.015220547767194665,0.0,0.0,FREE,69221244.17940566,242.79,-0.5,-0.5
2020-03-18,0.2917035093298152,0.145,0.225,FORCE_SELL,0.030497256084789065,-0.01699113228098583,0.0,0.0,FORCE_BUY,71332302.18965271,245.99,-0.5,-0.5
2020-03-19,0.3227029687035101,0.145,0.225,FORCE_SELL,0.0028752642706131085,0.017072603301876346,0.0,0.0,FREE,72550130.28754622,237.18,-0.5,-0.5
2020-03-20,0.2680071582600163,0.145,0.225,FORCE_SELL,-0.07870106616749405,-0.012019607217693285,0.0,0.0,FORCE_SELL,72550130.28754622,226.4,-0.5,-0.5
2020-03-23,0.2040361386895648,0.145,0.225,FREE,0.023743712900448563,0.06908821540066105,0.0,0.06908821540066105,FREE,77562489.31619824,225.93,-0.5,-0.5
2020-03-24,0.32868342143181933,0.145,0.225,FORCE_SELL,0.044994181786837915,0.012563266299458333,0.004180493901650732,0.004180493901650732,FORCE_BUY,81052350.06033094,242.47,-0.5,-0.5
2020-03-25,0.28968876680036787,0.145,0.225,FORCE_SELL,-0.014367816091954002,-0.014367816091954002,0.0,0.0,FORCE_SELL,81052350.06033094,246.96,-0.5,-0.5
2020-03-26,0.26016721921373337,0.145,0.225,FORCE_SELL,0.08378945635622878,0.06320134774105378,0.0,0.0,FORCE_BUY,87843682.40828082,263.35,-0.5,-0.5
2020-03-27,0.22135706956734189,0.145,0.225,FREE,0.00031743512419643593,0.01477951872094656,0.0,0.01477951872094656,FREE,89141969.75695089,252.1,-0.5,-0.5
2020-03-30,0.19345092387325735,0.145,0.225,FREE,0.04667332667332665,0.021684066813502222,0.008031968031968005,0.021684066813502222,FORCE_BUY,93302522.03172085,261.93,-0.5,-0.5
2020-03-31,0.19336384827171807,0.145,0.225,FREE,-0.032084950902032366,-0.03197448353737867,0.0005709065996802173,-0.03197448353737867,FORCE_SELL,93355789.05731556,254.31,-0.5,-0.5
2020-04-01,0.24718262157619808,0.145,0.225,FORCE_SELL,-0.01723316391359593,-0.013052855541799815,-0.0062738246505718845,-0.0062738246505718845,FORCE_SELL,92770091.20665418,247.5,-0.5,-0.5
2020-04-02,0.21135136509077593,0.145,0.225,FREE,0.0029594081183762734,-0.007384142692397577,0.0,-0.007384142692397577,FORCE_BUY,93044635.76771367,250.79,-0.5,-0.5
2020-04-03,0.1996226399231372,0.145,0.225,FREE,-0.00832000000000001,-0.002772477198102926,-0.007720000000000046,-0.002772477198102926,FREE,92786671.63664189,247.92,-0.5,-0.5
2020-04-06,0.25985773973195203,0.145,0.225,FORCE_SELL,0.03217936802973973,-0.0015489467162330376,-0.0015489467162330376,-0.0015489467162330376,FORCE_BUY,95772488.091492,266.55,-0.5,-0.5
2020-04-07,0.239520876829849,0.145,0.225,FORCE_SELL,-0.009118768218850411,-0.009118768218850411,0.0,0.0,FORCE_SELL,95772488.091492,265.14,-0.5,-0.5
2020-04-08,0.21629872446426746,0.145,0.225,FREE,0.043565709081249286,0.00352927782626846,0.0,0.00352927782626846,FORCE_BUY,99944884.44567336,274.99,2.2499999999999996,-0.5
2020-04-09,0.20446400739940895,0.145,0.225,FREE,0.023177350740795043,0.014087558912618705,0.0,0.014087558912618705,FORCE_BUY,102261342.08721897,279.0,-0.5,-0.5
2020-04-13,0.17692504977853654,0.145,0.225,FREE,0.009950792782941326,0.0037543284126115213,0.0,0.0037543284126115213,FORCE_BUY,103278923.51203437,277.08,-0.5,-0.5
2020-04-14,0.20207604892768025,0.145,0.225,FREE,0.0,0.0,0.0,0.0,FORCE_BUY,103278923.51203437,283.4,-0.5,-0.5
2020-04-15,0.22090822041856809,0.145,0.225,FREE,-0.012182013615191825,0.004858480390822338,0.0,0.004858480390822338,FREE,103780702.13670282,275.7,-0.5,-0.5
2020-04-16,0.16875111111577276,0.145,0.225,FREE,0.027189252920790396,0.0045843395336342485,0.0002500982528850477,0.0045843395336342485,FORCE_BUY,106602421.89539485,287.5,-0.5,2.3999999999999995
2020-04-17,0.1822259929399096,0.195,0.225,FORCE_BUY,0.0,0.0,0.0,0.0,FORCE_BUY,106602421.89539485,286.66,2.0999999999999996,2.4499999999999993
2020-04-20,0.21725966227205107,0.195,0.225,FREE,0.0,0.0,0.0,0.0,FORCE_BUY,106602421.89539485,282.03,-0.5,2.2499999999999996
2020-04-21,0.20574133545593623,0.195,0.225,FREE,-0.007559317129629734,-0.004972464143697707,0.0,-0.004972464143697707,FORCE_SELL,106602421.89539485,274.39,-0.5,2.2499999999999996
2020-04-22,0.2198036630172442,0.195,0.225,FREE,0.008630380389454925,0.007235602663011135,0.00010878630743019981,0.007235602663011135,FORCE_BUY,107522441.34678927,278.15,-0.5,-0.5
2020-04-23,0.24857715733462252,0.195,0.225,FORCE_SELL,-0.003162623539981981,-0.01082424863934081,0.0015813117699909904,0.0015813117699909904,FORCE_SELL,107692467.84882912,277.37,-0.5,2.4499999999999993
2020-04-24,0.20386457513690406,0.195,0.225,FREE,0.011169795160944948,0.004603525801156088,0.0,0.004603525801156088,FORCE_BUY,108895370.65507717,283.35,-0.5,2.499999999999999
2020-04-27,0.21127242998320453,0.195,0.225,FREE,0.000906839663771956,0.0019713803410391566,0.0,0.0019713803410391566,FREE,109110044.84801675,286.97,-0.5,-0.5
2020-04-28,0.2611034073805079,0.195,0.225,FORCE_SELL,0.006443705130449944,0.007495795966263917,0.0,0.0,FREE,109927911.48206738,287.39,-0.5,-0.5
2020-04-29,0.22875064142393473,0.195,0.225,FORCE_SELL,0.019681090242468172,0.007422120966899838,0.0,0.0,FORCE_BUY,112091412.628112,294.8,-0.5,-0.5
2020-04-30,0.23005008285338577,0.195,0.225,FORCE_SELL,-0.018021707966414263,-0.0004098088959415516,0.0,0.0,FORCE_SELL,112091412.628112,287.7,-0.5,-0.5
2020-05-01,0.27449449242301577,0.195,0.225,FORCE_SELL,-0.002397912405670476,-0.002397912405670476,0.0,0.0,FORCE_SELL,112091412.628112,282.9,-0.5,-0.5
2020-05-04,0.20652646283713583,0.195,0.225,FREE,0.008716999928840797,0.011866328200898606,0.0,0.011866328200898606,FREE,113421526.11885953,283.51,-0.5,-0.5
2020-05-05,0.2553436122751944,0.195,0.225,FORCE_SELL,0.004198446574767221,0.007543444270197997,0.0,0.0,FREE,114277115.08017796,287.02,-0.5,1.2499999999999996
2020-05-06,0.2584960007638368,0.185,0.225,FORCE_SELL,-0.01397288842544313,-0.003827046192796717,0.0,0.0,FORCE_SELL,114277115.08017796,283.68,-0.5,1.7999999999999994
2020-05-07,0.26104934831454524,0.185,0.225,FORCE_SELL,0.007727383480107039,0.005029324870957992,0.0,0.0,FORCE_BUY,115160178.17140283,289.51,-0.5,1.0999999999999996
2020-05-08,0.2075077506811812,0.185,0.225,FREE,0.0,0.0,0.0,0.0,FORCE_BUY,115160178.17140283,293.74,-0.5,1.6499999999999995
2020-05-11,0.22538953007148463,0.185,0.225,FORCE_SELL,-0.002187435914963353,-0.002187435914963353,0.0,0.0,FORCE_SELL,115160178.17140283,291.94,-0.5,1.6499999999999995
2020-05-12,0.30941141964991165,0.185,0.225,FORCE_SELL,-0.0280303290218547,-0.024285493936637856,0.0,0.0,FORCE_SELL,115160178.17140283,283.3,-0.5,1.6499999999999995
2020-05-13,0.28388076913142685,0.185,0.225,FORCE_SELL,-0.011808402536879335,-0.0005046956540524112,0.0,0.0,FORCE_SELL,115160178.17140283,282.02,2.499999999999999,-0.5
2020-05-14,0.2837487813809108,0.185,0.225,FORCE_SELL,0.016618625671684414,0.009081097881464807,0.0,0.0,FORCE_BUY,117073982.06471786,285.68,-0.5,-0.5
2020-05-15,0.23541141812732988,0.185,0.225,FORCE_SELL,0.0,0.0,0.0,0.0,FORCE_BUY,117073982.06471786,285.7,-0.5,2.349999999999999
2020-05-18,0.2795028180862042,0.185,0.225,FORCE_SELL,0.0,0.0,0.0,0.0,FORCE_BUY,117073982.06471786,295.46,-0.5,1.8999999999999995
2020-05-19,0.29538683764035817,0.185,0.225,FORCE_SELL,-0.006988973706530934,0.0042475883601837605,0.0,0.0,FREE,117571264.14821632,292.69,-0.5,1.8999999999999995
2020-05-20,0.14066429571930406,0.185,0.225,FORCE_BUY,0.0001405041910344998,-0.0001586989783627012,0.0,0.0001405041910344998,FORCE_BUY,117587783.40357438,296.83,-0.5,-0.5
2020-05-21,0.16335717579669373,0.185,0.225,FORCE_BUY,-0.0009808563890957083,0.002208059056560428,-6.764526821365557e-05,-0.0009808563890957083,FREE,117847424.17365952,295.37,1.1499999999999997,-0.5
2020-05-22,0.12476213956203237,0.185,0.225,FORCE_BUY,0.014239149082175434,0.013540229885057493,0.013540229885057493,0.014239149082175434,FORCE_BUY,119525471.21541862,295.6,1.5999999999999996,-0.5
2020-05-26,0.16575743908995436,0.185,0.225,FORCE_BUY,-0.0037269974376892066,-0.0008453580086296874,0.0019966057701907565,-0.0037269974376892066,FORCE_SELL,119764116.4609321,299.39,-0.5,-0.5
2020-05-27,0.14078812763033915,0.185,0.225,FORCE_BUY,0.008878287948055369,-0.012910223764977859,0.0008944543828264352,0.008878287948055369,FORCE_BUY,120827416.7727167,304.54,1.7499999999999996,1.6999999999999993
2020-05-28,0.1648228912540826,0.185,0.225,FORCE_BUY,-0.006364829396325419,-0.0005262513317129877,0.0003280839895011444,-0.006364829396325419,FORCE_SELL,120867058.31365262,302.86,2.0499999999999994,-0.5
2020-05-29,0.1377898861766926,0.185,0.225,FORCE_BUY,0.012637289929866548,0.011044799178614003,0.0031427815270612587,0.012637289929866548,FORCE_BUY,122394490.37253234,306.1,1.5499999999999994,-0.5
2020-06-01,0.1262884432128796,0.185,0.225,FORCE_BUY,-0.0026557377049179123,-0.005985119616226752,-0.0026229508196720925,-0.0026557377049179123,FORCE_SELL,122073455.64368635,304.19,-0.5,1.2499999999999996
2020-06-02,0.11192067865673612,0.185,0.225,FORCE_BUY,0.010997283409157912,0.010997283409157912,0.010997283409157912,0.010997283409157912,FORCE_BUY,123415932.03213523,308.89,1.7999999999999994,2.3999999999999995
2020-06-03,0.12912116115702246,0.185,0.225,FORCE_BUY,0.010994341147938505,0.0002586903799514917,0.0002586903799514917,0.010994341147938505,FORCE_BUY,124772808.89198732,312.65,1.5999999999999996,2.0999999999999996
2020-06-04,0.13937976123134269,0.185,0.225,FORCE_BUY,-0.0009630818619584117,0.00025494312807125633,0.0017977528089887374,-0.0009630818619584117,FORCE_SELL,124997119.5596583,311.2,1.7999999999999994,2.1999999999999993
2020-06-05,0.1507094585167645,0.185,0.225,FORCE_BUY,0.014172677873462722,0.003484885388483838,0.0019384155835901976,0.014172677873462722,FORCE_BUY,126768663.47028805,319.15,1.6499999999999995,1.4499999999999995
2020-06-08,0.12448964115877591,0.185,0.225,FORCE_BUY,0.011380023825945213,0.014273516961203372,0.005141388174807225,0.011380023825945213,FREE,128578098.13848029,322.61,1.5999999999999996,2.4499999999999993
2020-06-09,0.16024023222772454,0.185,0.225,FORCE_BUY,0.0024288472317370562,0.005025185389267134,-0.002304290963442753,0.0024288472317370562,FREE,129224226.91862553,321.92,1.5999999999999996,2.4499999999999993
2020-06-10,0.17697994863851443,0.185,0.225,FORCE_BUY,-0.017554742261646397,-0.013041458123507205,-0.001302648719062125,-0.017554742261646397,FORCE_SELL,129055893.14495818,316.76,-0.5,1.0499999999999996
2020-06-11,0.24730682659393977,0.155,0.225,FORCE_SELL,-0.03308342638379323,-0.035485627069933585,-0.0008613814005423121,-0.0008613814005423121,FORCE_SELL,128944726.79897274,303.08,-0.5,2.349999999999999
2020-06-12,0.2175989409233011,0.155,0.225,FREE,0.010115126106341707,0.011412790310773958,0.0,0.011412790310773958,FREE,130416345.92760944,303.58,-0.5,2.2999999999999994
2020-06-15,0.20211915079642737,0.155,0.225,FREE,0.046990514127536034,0.03574150987354548,0.0,0.03574150987354548,FORCE_BUY,136544677.0733824,310.15,-0.5,-0.5
2020-06-16,0.18853541803686177,0.155,0.225,FREE,0.006477888593143869,0.003399719105288646,0.0,0.003399719105288646,FORCE_BUY,137429198.27945057,313.85,-0.5,-0.5
2020-06-17,0.17193446787704425,0.155,0.225,FREE,-0.010107454881703852,-0.006017956769363883,0.0,-0.006017956769363883,FORCE_SELL,137429198.27945057,310.4501,-0.5,-0.5
2020-06-18,0.1333445976301183,0.155,0.225,FORCE_BUY,0.004397226858389905,0.007830323383031747,0.0034985235588649386,0.004397226858389905,FREE,138505313.34424946,312.93,1.9999999999999996,1.6499999999999995
2020-06-19,0.18481580656003446,0.155,0.225,FREE,-0.0192874535435089,-0.0108124853179144,-0.005414584134307324,-0.0108124853179144,FORCE_SELL,137755364.67209843,306.1,2.0999999999999996,1.7499999999999996
2020-06-22,0.1376078224922461,0.155,0.225,FORCE_BUY,0.012414586709886514,0.0027400969150621467,-0.0007131280388979837,0.012414586709886514,FORCE_BUY,139465540.59157225,312.3299,-0.5,1.3999999999999995
2020-06-23,0.16949311480771187,0.155,0.225,FREE,-0.006924721575135017,-0.006576029412766521,6.382231866477286e-05,-0.006576029412766521,FORCE_SELL,139474441.60574666,311.2,-0.5,1.3999999999999995
2020-06-24,0.18957953697944632,0.155,0.225,FREE,-0.022207202857970367,-0.020404557491611148,-0.0030896977889349796,-0.020404557491611148,FORCE_SELL,139043507.73190445,303.81,2.0999999999999996,2.1499999999999995
2020-06-25,0.13965339576703084,0.155,0.225,FORCE_BUY,0.019367890425496786,0.015689026982090033,0.00961761682088026,0.019367890425496786,FORCE_BUY,141736487.15403268,307.37,2.2499999999999996,-0.5
2020-06-26,0.1753102334599618,0.155,0.225,FREE,-0.020653876272513794,-0.01528465410295512,-0.012627251370399445,-0.01528465410295512,FORCE_SELL,139946744.9023813,300.15,-0.5,-0.5
2020-06-29,0.13762078093329508,0.155,0.225,FORCE_BUY,0.014109288891839822,0.008836597526564788,0.003983799216519484,0.014109288891839822,FORCE_BUY,141921293.9556816,305.47,-0.5,-0.5
2020-06-30,0.1564994279668213,0.155,0.225,FREE,0.014078947368421016,0.006449912318250788,9.868421052630553e-05,0.006449912318250788,FORCE_BUY,143919396.38374186,308.28,-0.5,-0.5
2020-07-01,0.14239476532956866,0.16,0.225,FORCE_BUY,0.008186868522789966,0.0057751159011545684,0.0,0.008186868522789966,FORCE_BUY,145097645.55981484,310.33,-0.5,2.499999999999999
2020-07-02,0.166693485962614,0.16,0.225,FREE,0.0025641025641026066,0.00568196613584792,0.0006730769230768344,0.00568196613584792,FREE,145922085.46827695,312.8,-0.5,2.499999999999999
2020-07-06,0.1260523089687466,0.16,0.225,FORCE_BUY,0.005665632715072462,0.004621130594416488,0.0,0.005665632715072462,FORCE_BUY,146748826.4095576,317.73,-0.5,2.349999999999999
2020-07-07,0.16056660228358352,0.16,0.225,FREE,-0.0045310519645121936,-0.007301754704488509,-0.0025665399239545583,-0.007301754704488509,FORCE_SELL,146372189.68778402,314.17,-0.5,-0.5
2020-07-08,0.11924590960106618,0.16,0.225,FORCE_BUY,0.007119926257906621,0.0012714154031976037,0.0012714154031976037,0.007119926257906621,FORCE_BUY,147414348.88456938,316.85,1.9999999999999996,-0.5
2020-07-09,0.14924097898925526,0.16,0.225,FORCE_BUY,-0.0032260105003479576,0.0006214944070125927,0.0004744133088746645,-0.0032260105003479576,FREE,147505966.07791454,315.16,1.6999999999999993,-0.5
2020-07-10,0.13318740854729036,0.16,0.225,FORCE_BUY,0.01746417604913012,0.00901995905834179,0.00901995905834179,0.01746417604913012,FORCE_BUY,150082036.23779625,318.1,1.7999999999999994,-0.5
2020-07-13,0.20141441377233973,0.16,0.225,FREE,-0.0106583072100312,6.212797367681268e-05,-9.404388714729049e-05,6.212797367681268e-05,FREE,150091360.53059298,315.6,1.7499999999999996,-0.5
2020-07-14,0.1579914716071608,0.16,0.225,FORCE_BUY,0.0,0.0,0.0,0.0,FORCE_BUY,150091360.53059298,321.04,1.7499999999999996,-0.5
2020-07-15,0.13673771936653054,0.16,0.225,FORCE_BUY,0.007733734109837884,0.009748475592159609,0.0,0.007733734109837884,FREE,151554522.4953195,321.85,1.7499999999999996,-0.5
2020-07-16,0.11843932699214232,0.16,0.225,FORCE_BUY,0.0009059102836438859,-0.001312007997001007,-0.001312007997001007,0.0009059102836438859,FORCE_BUY,151691817.29578075,320.41,1.8999999999999995,-0.5
2020-07-17,0.12736288580502497,0.16,0.225,FORCE_BUY,0.007007445410748753,0.014221272207925302,0.0041293874741913815,0.007007445410748753,FREE,153849067.92125893,321.9,-0.5,-0.5
2020-07-20,0.13598964987244944,0.16,0.225,FORCE_BUY,0.014003500875218667,0.004496497389838558,0.0029382345586396407,0.014003500875218667,FORCE_BUY,156003493.47854584,324.4,-0.5,-0.5
2020-07-21,0.14805335003364375,0.16,0.225,FORCE_BUY,-0.0009509202453988307,0.0013491448301676038,0.0015337423312882428,-0.0009509202453988307,FORCE_SELL,156242762.64032274,325.69,-0.5,-0.5
2020-07-22,0.12047921208544408,0.16,0.225,FORCE_BUY,0.004961479198767441,0.0024284230599734566,-0.002465331278890556,0.004961479198767441,FORCE_BUY,157017957.8571207,326.11,0.5499999999999998,2.349999999999999
2020-07-23,0.17133298163465335,0.16,0.225,FREE,-0.01432271826908417,-0.009005837014191305,-0.00033521255523371484,-0.009005837014191305,FORCE_SELL,156965323.46624982,323.45,1.6499999999999995,2.4499999999999993
2020-07-24,0.1271440307452396,0.16,0.225,FORCE_BUY,-0.0014656812299250201,0.0016216047650231432,0.0016216047650231432,-0.0014656812299250201,FREE,157219859.1827261,320.2,2.499999999999999,-0.5
2020-07-27,0.1142057393339484,0.16,0.225,FORCE_BUY,0.0067802936053745645,0.0008086588703657182,0.0008086588703657182,0.0067802936053745645,FORCE_BUY,158285855.98858058,323.7,2.3999999999999995,-0.5
2020-07-28,0.15606200232885112,0.16,0.225,FORCE_BUY,-0.004947433518862041,-0.0008084444393229517,0.00018552875695716873,-0.004947433518862041,FORCE_SELL,158315222.56668606,321.8,2.3999999999999995,-0.5
2020-07-29,0.1339981733178833,0.16,0.225,FORCE_BUY,0.009971111732364184,0.006476563228030926,0.006476563228030926,0.009971111732364184,FORCE_BUY,159893801.3398326,325.14,1.3999999999999995,2.349999999999999
2020-07-30,0.1334848339150182,0.16,0.225,FORCE_BUY,0.01188854489164075,-0.00247827469208278,-0.00535603715170291,0.01188854489164075,FORCE_BUY,161794705.9749563,326.84,1.8999999999999995,1.5999999999999996
2020-07-31,0.13702499936195958,0.16,0.225,FORCE_BUY,0.0023028032791918168,0.0023028032791918168,0.0023028032791918168,0.0023028032791918168,FORCE_BUY,162167287.3544313,326.44,2.499999999999999,1.9499999999999993
2020-08-03,0.13187718998373502,0.16,0.225,FORCE_BUY,0.007259694909024181,0.0029016926160553135,0.0011027384671937364,0.007259694909024181,FORCE_BUY,163344572.38484854,328.83,-0.5,-0.5
2020-08-04,0.1099266568295791,0.16,0.225,FORCE_BUY,0.005760263326323318,0.005462114020701256,0.0005181189235315518,0.005760263326323318,FORCE_BUY,164285480.13471097,330.0,-0.5,-0.5
2020-08-05,0.11095124897241802,0.16,0.225,FORCE_BUY,0.00045201145095655784,0.0006026592079549465,-0.000331475064035112,0.00045201145095655784,FREE,164384488.29204744,332.0,0.9499999999999997,2.0999999999999996
2020-08-06,0.12256561355265798,0.16,0.225,FORCE_BUY,0.005748683220466549,0.0036719337848007197,0.0036719337848007197,0.005748683220466549,FORCE_BUY,165329482.6415969,334.16,1.0499999999999996,2.349999999999999
2020-08-07,0.11509141955110423,0.16,0.225,FORCE_BUY,0.0015268546793605201,0.003756429099677676,0.0015867313334531005,0.0015268546793605201,FREE,165950531.12122646,334.53,1.4499999999999995,1.5999999999999996
2020-08-10,0.11817670722623948,0.16,0.225,FORCE_BUY,0.0006267534172984175,0.0034103715322484894,0.0006864442189458948,0.0006267534172984175,FREE,166516484.0883238,335.27,1.4499999999999995,2.2499999999999996
2020-08-11,0.19592988128985253,0.16,0.225,FREE,-0.01050725713098463,-0.006215240488888325,-8.904455195760589e-05,-0.006215240488888325,FORCE_SELL,166501656.7026046,333.37,-0.5,1.0999999999999996
2020-08-12,0.13899021231956923,0.16,0.225,FORCE_BUY,0.005098389982111067,-0.00011926058437669803,-0.00011926058437669803,0.005098389982111067,FORCE_BUY,167350547.08114204,337.11,1.7999999999999994,2.3999999999999995
2020-08-13,0.14178377636243403,0.16,0.225,FORCE_BUY,0.0018992225057866577,0.0018992225057866577,0.0018992225057866577,0.0018992225057866577,FORCE_BUY,167668383.00651422,337.62,1.3499999999999996,2.349999999999999
2020-08-14,0.12346603093312725,0.16,0.225,FORCE_BUY,0.0012195484696154253,-0.001012725561575044,-0.0016359796543620334,0.0012195484696154253,FORCE_BUY,167872862.72641268,336.6,1.2499999999999996,1.9999999999999996
2020-08-17,0.118353104712075,0.16,0.225,FORCE_BUY,0.0035265528686580128,-0.00047416715455187786,-0.0005334281650072065,0.0035265528686580128,FORCE_BUY,168464875.25203037,338.63,1.5499999999999994,1.9499999999999993
2020-08-18,0.15380210547414958,0.155,0.225,FORCE_BUY,0.0027218934911243707,0.0023964497041420647,0.0023964497041420647,0.0027218934911243707,FORCE_BUY,168923418.69946197,338.92,1.5499999999999994,1.9499999999999993
2020-08-19,0.20005187846743086,0.155,0.225,FREE,-0.00843334414531302,0.0001474360864565471,0.0001474360864565471,0.0001474360864565471,FREE,168948324.1072259,336.27,1.5499999999999994,1.9499999999999993
2020-08-20,0.18128599223439412,0.155,0.225,FREE,0.011247016706444086,0.0062718434034669006,0.0,0.0062718434034669006,FORCE_BUY,170848488.73098558,338.97,1.5499999999999994,1.9499999999999993
2020-08-21,0.14828641506377038,0.155,0.225,FORCE_BUY,0.009961344038061155,0.008834374070770272,0.0,0.009961344038061155,FORCE_BUY,172550369.30561775,339.65,1.5499999999999994,1.9499999999999993
2020-08-24,0.15797717620639729,0.155,0.225,FREE,0.00641852286049247,0.0024319550799384686,0.0007620164126611661,0.0024319550799384686,FORCE_BUY,173657887.79559228,343.39,1.1999999999999997,2.499999999999999
2020-08-25,0.1336852785884686,0.155,0.225,FORCE_BUY,0.004226173127368044,0.0008452346254735007,0.0,0.004226173127368044,FORCE_BUY,174391796.0943495,344.55,0.9999999999999996,1.7999999999999994
2020-08-26,0.16482368641579082,0.155,0.225,FREE,0.009785133565621431,0.000871080139372938,0.000871080139372938,0.000871080139372938,FORCE_BUY,176098243.11188132,347.77,1.0999999999999996,1.9499999999999993
2020-08-27,0.18098122898024394,0.155,0.225,FREE,0.0,0.0,0.0,0.0,FORCE_BUY,176098243.11188132,349.26,1.0999999999999996,1.9499999999999993
2020-08-28,0.13997371749103818,0.155,0.225,FORCE_BUY,0.0014266149280986351,0.0014266149280986351,0.0,0.0014266149280986351,FORCE_BUY,176349467.49431667,350.98,1.0999999999999996,1.9499999999999993
2020-08-31,0.19167820576928987,0.155,0.225,FREE,-0.005743368115777221,-0.007563049102954077,-0.007563049102954077,-0.007563049102954077,FORCE_BUY,175336627.5854755,349.69,1.0999999999999996,1.9499999999999993
2020-09-01,0.1576326704889618,0.195,0.225,FORCE_BUY,0.009536590240698846,0.006336600938048354,0.0,0.009536590240698846,FORCE_BUY,177008741.1569442,353.57,1.5499999999999994,1.4499999999999995
2020-09-02,0.19547951108996928,0.195,0.225,FREE,0.01105751600801109,0.001636061042001611,0.001636061042001611,0.001636061042001611,FORCE_BUY,178966018.145845,358.43,1.4999999999999996,1.6999999999999993
2020-09-03,0.3620018123751212,0.195,0.225,FORCE_SELL,-0.03977733642899115,-0.03977733642899115,0.0,0.0,FORCE_SELL,178966018.145845,343.27,1.3499999999999996,2.4499999999999993
2020-09-04,0.27919367394132505,0.195,0.225,FORCE_SELL,-0.01514715198986352,-0.010787262047900075,0.0,0.0,FORCE_SELL,178966018.145845,342.0,2.3999999999999995,1.3499999999999996
2020-09-08,0.27097463433428204,0.195,0.225,FORCE_SELL,-0.02668345976977822,-0.02668345976977822,0.0,0.0,FORCE_SELL,178966018.145845,332.3,2.4499999999999993,2.0499999999999994
2020-09-09,0.2143311415968048,0.195,0.225,FREE,0.014734335466587176,0.0022324750706951345,0.0,0.0022324750706951345,FORCE_BUY,181602963.49432522,340.9,-0.5,-0.5
2020-09-10,0.24862882661454586,0.195,0.225,FORCE_SELL,-0.01005262846667853,0.0019023701801025598,0.0,0.0,FREE,181948439.5566951,334.82,-0.5,2.1499999999999995
2020-09-11,0.19985932857524227,0.195,0.225,FREE,-0.009169139465875378,-0.009169139465875378,0.0,-0.009169139465875378,FORCE_SELL,181948439.5566951,333.91,2.2499999999999996,2.349999999999999
2020-09-14,0.1922604367084845,0.195,0.225,FORCE_BUY,0.0016267376515821423,0.007730249101354236,0.001271813073055139,0.0016267376515821423,FREE,183354946.31807104,338.65,2.1999999999999993,2.2499999999999996
2020-09-15,0.17554190977713183,0.16,0.225,FREE,0.0030656762174272024,0.003241053435125089,0.0009432849899776143,0.003241053435125089,FREE,183949209.49668238,340.28,2.1999999999999993,-0.5
2020-09-16,0.20562811867433697,0.16,0.225,FREE,0.0012396694214875375,0.0012396694214875375,0.0,0.0012396694214875375,FORCE_BUY,184177245.70680222,339.22,2.1999999999999993,2.1499999999999995
2020-09-17,0.16364072723976986,0.16,0.225,FREE,0.004784402846719609,-0.001748633119126631,-0.0009269780515519465,-0.001748633119126631,FORCE_BUY,185058423.84546283,336.02,1.5999999999999996,1.8499999999999996
2020-09-18,0.18080884592535987,0.195,0.225,FORCE_BUY,-0.009834105514870808,-0.012065959206985947,0.0,-0.009834105514870808,FORCE_SELL,185058423.84546283,331.26,2.0999999999999996,-0.5
2020-09-21,0.13398004678732522,0.195,0.225,FORCE_BUY,-0.00012189918937029076,0.014057382173731526,-0.004479795209361681,-0.00012189918937029076,FREE,187659860.8339269,328.1,2.3999999999999995,-0.5
2020-09-22,0.14341968613247394,0.195,0.225,FORCE_BUY,0.010776389909380462,0.00199853049228511,0.00199853049228511,0.010776389909380462,FORCE_BUY,189682156.66461337,330.16,2.349999999999999,-0.5
2020-09-23,0.19850937022211726,0.195,0.225,FREE,-0.027802961619824616,-0.014748746783802846,0.0012994862496223025,-0.014748746783802846,FORCE_SELL,189928646.01899773,321.7,2.349999999999999,-0.5
2020-09-24,0.17503586458989032,0.195,0.225,FORCE_BUY,0.007275541795665744,0.004225197159128824,0.005572755417956683,0.007275541795665744,FORCE_BUY,191310479.82130316,325.35,2.4499999999999993,-0.5
2020-09-25,0.16807176176057148,0.195,0.225,FORCE_BUY,0.01315626930203823,0.0026653187714732705,-0.0033971587399631072,0.01315626930203823,FORCE_BUY,193827412.01413438,328.06,2.499999999999999,2.4499999999999993
2020-09-28,0.1411951597979825,0.195,0.225,FORCE_BUY,0.012682308180088834,0.003985868285170706,0.003985868285170706,0.012682308180088834,FORCE_BUY,196285590.9870467,335.37,2.499999999999999,2.349999999999999
2020-09-29,0.16127001360719745,0.195,0.225,FORCE_BUY,-0.001167874468467386,-0.004626579625082412,-0.004626579625082412,-0.001167874468467386,FORCE_BUY,196056354.0568049,333.55,2.499999999999999,2.349999999999999
2020-09-30,0.18653129518819447,0.195,0.225,FORCE_BUY,0.016790198154590867,0.00048404174860072416,0.00048404174860072416,0.016790198154590867,FORCE_BUY,199348179.09088525,336.1,2.499999999999999,2.349999999999999
2020-10-01,0.15902418832375254,0.195,0.225,FORCE_BUY,-0.002635787478528846,0.008180019071718671,-0.00047384943434232115,-0.002635787478528846,FREE,200978850.9977611,336.77,1.6499999999999995,-0.5
2020-10-02,0.1884538901951958,0.195,0.225,FORCE_BUY,-0.0007509988284418165,0.013079697226433897,0.0010814383129563781,-0.0007509988284418165,FREE,203607593.51772842,332.64,1.4999999999999996,-0.5
2020-10-05,0.1430689744221827,0.195,0.225,FORCE_BUY,0.01088934634088127,0.004324108383817567,0.0008055132909693662,0.01088934634088127,FORCE_BUY,205824747.12117633,338.84,1.2499999999999996,-0.5
2020-10-06,0.208598064595536,0.195,0.225,FREE,-0.012191881918819243,-0.0007675276752766927,-0.0007675276752766927,-0.0007675276752766927,FREE,205666770.931504,334.62,1.2499999999999996,-0.5
2020-10-07,0.16321873340154044,0.195,0.225,FORCE_BUY,0.0,0.0,0.0,0.0,FORCE_BUY,205666770.931504,341.42,1.2499999999999996,-0.5
2020-10-08,0.12681982923194154,0.195,0.225,FORCE_BUY,0.0,0.0,0.0,0.0,FORCE_BUY,205666770.931504,345.26,1.2499999999999996,-0.5
2020-10-09,0.13679557869640058,0.195,0.225,FORCE_BUY,0.0025406357363511847,0.0011260450388801027,0.0,0.0025406357363511847,FORCE_BUY,206189295.27951252,347.25,1.2499999999999996,-0.5
2020-10-12,0.16482071846748417,0.195,0.225,FORCE_BUY,0.01457022157082515,0.0012504008477824315,0.0002586429864643661,0.01457022157082515,FORCE_BUY,209193518.99726734,353.04,1.2499999999999996,-0.5
2020-10-13,0.1741873333596853,0.195,0.225,FORCE_BUY,-0.0012528117080948151,0.006071136795309703,0.005267503772671752,-0.0012528117080948151,FREE,210463561.46779197,350.77,1.2499999999999996,-0.5
2020-10-14,0.1986093510857884,0.195,0.225,FREE,-0.00918657565415253,-0.0014616905749087624,0.0006257110352672352,-0.0014616905749087624,FORCE_SELL,210595250.84072402,348.37,2.4499999999999993,-0.5
2020-10-15,0.15848078414809008,0.195,0.225,FORCE_BUY,0.007025761124121882,0.0009021475604059742,0.0,0.007025761124121882,FORCE_BUY,212074842.76700544,348.3,2.1499999999999995,-0.5
2020-10-16,0.19862046273192088,0.195,0.225,FREE,-0.0038555603510288037,-0.003929555911784664,0.001237232052942019,-0.003929555911784664,FORCE_SELL,212337228.56009945,346.21,2.499999999999999,-0.5
2020-10-19,0.22661909670968064,0.195,0.225,FORCE_SELL,-0.013539873780837725,-0.01775420991223176,0.0007171543316121608,0.0007171543316121608,FORCE_SELL,212489507.12332386,343.88,2.4499999999999993,-0.5
2020-10-20,0.1991156547871369,0.195,0.225,FREE,0.0014539532990199824,0.008071758681474417,0.0,0.008071758681474417,FREE,214204671.1471688,344.39,1.9499999999999993,2.0999999999999996
2020-10-21,0.19127407496785023,0.195,0.225,FORCE_BUY,-0.003764994308729548,0.00755569121280105,0.0,-0.003764994308729548,FREE,215823135.49869636,341.34,1.7999999999999994,2.3999999999999995
2020-10-22,0.15308109047712337,0.195,0.225,FORCE_BUY,0.009241387377902694,0.010178627233991908,0.0017254489091652998,0.009241387377902694,FREE,218019918.74340892,345.1,0.8999999999999997,1.9499999999999993
2020-10-23,0.1339692691571249,0.195,0.225,FORCE_BUY,0.00037635342481613486,0.0011001100110009968,0.0011001100110009968,0.00037635342481613486,FREE,218259764.63861617,345.55,1.3999999999999995,0.9999999999999996
2020-10-26,0.1968222006589483,0.195,0.225,FREE,-0.006616893573415341,-0.00515297906602255,-0.00515297906602255,-0.00515297906602255,FREE,217135076.64047837,339.29,-0.5,1.9999999999999996
2020-10-27,0.18361884059400982,0.195,0.225,FORCE_BUY,-0.006289122475493073,-0.0027421421259551794,0.0,-0.006289122475493073,FORCE_SELL,217135076.64047837,336.55,-0.5,2.2499999999999996
2020-10-28,0.2886168277128572,0.195,0.225,FORCE_SELL,-0.021027828317475364,-0.021027828317475364,-0.021027828317475364,-0.021027828317475364,FORCE_BUY,212569197.52718052,328.22,2.499999999999999,-0.5
2020-10-29,0.23135869064311956,0.195,0.225,FORCE_SELL,-0.0045874346822215644,-0.0020327823239532266,0.004496293595819507,0.004496293595819507,FORCE_SELL,213524971.04869047,327.65,2.499999999999999,-0.5
2020-10-30,0.19641838681065735,0.195,0.225,FREE,0.006860060909957833,0.005083349984788756,0.0,0.005083349984788756,FORCE_BUY,214989765.35588145,327.3,2.2999999999999994,-0.5
2020-11-02,0.19327857355458067,0.195,0.225,FORCE_BUY,0.0023279223723587693,0.006681032726662465,0.0,0.0023279223723587693,FREE,216426119.01412156,331.5801,-0.5,2.2499999999999996
2020-11-03,0.21476198134851573,0.17,0.225,FREE,0.0008393033781959941,-0.0012201761459878736,-0.00029975120649863065,-0.0012201761459878736,FORCE_BUY,216607766.18693995,333.89,-0.5,-0.5
2020-11-04,0.24214470883399328,0.17,0.225,FORCE_SELL,0.0038763078895980717,0.0037014368569846263,0.0,0.0,FORCE_BUY,217447404.5799586,344.44,1.2999999999999996,2.3999999999999995
2020-11-05,0.19735423021310203,0.17,0.225,FREE,-0.0014024442599959975,-0.0015439564509733652,0.0,-0.0015439564509733652,FORCE_SELL,217447404.5799586,348.9,1.2999999999999996,2.3999999999999995
2020-11-06,0.1852362519961495,0.17,0.225,FREE,0.00830292757204003,0.012386292088445243,2.8729853190493152e-05,0.012386292088445243,FREE,220140771.6469603,350.96,1.6999999999999993,-0.5
2020-11-09,0.25986210316474967,0.17,0.225,FORCE_SELL,-0.027694590213479205,-0.027694590213479205,0.0,0.0,FORCE_SELL,220140771.6469603,353.89,0.6999999999999997,-0.5
2020-11-10,0.17885535275676334,0.17,0.225,FREE,0.003178206583427988,0.00473893303064707,0.0,0.00473893303064707,FREE,221184004.0211102,353.52,0.6999999999999997,-0.5
2020-11-11,0.1646769894620176,0.17,0.225,FORCE_BUY,0.0002244039270686855,0.0013183730715288842,0.0,0.0002244039270686855,FREE,221475607.05586457,356.58,-0.5,-0.5
2020-11-12,0.19533035263273715,0.17,0.225,FREE,-0.005638567803777826,0.0018137048501520872,0.0016633775021146428,0.0018137048501520872,FREE,221877298.43857217,352.7,-0.5,-0.5
2020-11-13,0.16498601077966418,0.17,0.225,FORCE_BUY,0.009293156857223242,0.005985033418025292,0.0011546043368063888,0.009293156857223242,FORCE_BUY,223939238.97601876,358.4,1.7499999999999996,-0.5
2020-11-16,0.1462112420195575,0.17,0.225,FORCE_BUY,0.0032725054079539486,0.005473523859532886,0.0014421210272339794,0.0032725054079539486,FREE,225164975.74363965,361.76,-0.5,-0.5
2020-11-17,0.15944384274701473,0.17,0.225,FORCE_BUY,-0.0032682453953746977,-0.0017160662588793394,-0.0009140008309098552,-0.0032682453953746977,FORCE_SELL,224959174.76871815,359.87,-0.5,2.0999999999999996
2020-11-18,0.20923714322518036,0.17,0.225,FREE,-0.011938806674625947,-0.004837210440345771,0.0009717633339811057,-0.004837210440345771,FORCE_SELL,225177781.84640107,355.87,-0.5,1.5999999999999996
2020-11-19,0.1501878560308513,0.17,0.225,FORCE_BUY,0.0011272686281141502,0.0015232360137082067,0.0022545372562283003,0.0011272686281141502,FORCE_SELL,225685453.54484865,355.24,-0.5,-0.5
2020-11-20,0.18593391468490317,0.17,0.225,FREE,-0.004710104295166536,0.00045200866634068705,-8.410900527091001e-05,0.00045200866634068705,FREE,225787465.32571796,355.0,-0.5,1.8999999999999995
2020-11-23,0.1594524463786214,0.17,0.225,FORCE_BUY,0.00995558175083715,0.006089856775475356,0.0,0.00995558175083715,FORCE_BUY,228035310.89508247,359.16,-0.5,2.499999999999999
2020-11-24,0.15998832622824966,0.17,0.225,FORCE_BUY,0.01367198354915788,0.010346608427875553,0.0011115433779802864,0.01367198354915788,FORCE_BUY,231153005.91426715,364.78,-0.5,2.499999999999999
2020-11-25,0.1368242495098995,0.17,0.225,FORCE_BUY,-0.00022050322083365736,0.0020961499980065024,0.0006331553157518689,-0.00022050322083365736,FREE,231637537.28715354,363.1799,1.9499999999999993,2.1999999999999993
2020-11-27,0.14011415557522514,0.17,0.225,FORCE_BUY,0.00013751375137501247,-0.0002750275027503454,-0.0002750275027503454,0.00013751375137501247,FORCE_BUY,231669390.63386518,363.65,-0.5,1.6499999999999995
2020-11-30,0.15041452751957915,0.17,0.225,FORCE_BUY,0.005936274780495797,-0.0010932523939306575,0.0003313269644928141,0.005936274780495797,FORCE_BUY,233044643.79489782,364.33,-0.5,1.6499999999999995
2020-12-01,0.1740841959289824,0.17,0.225,FREE,-8.213552361388836e-05,-0.001597100553122315,0.0013963039014373783,-0.001597100553122315,FORCE_SELL,233370044.9402377,365.22,2.499999999999999,2.3999999999999995
2020-12-02,0.15025342642219022,0.17,0.225,FORCE_BUY,0.003504736870927033,0.003504736870927033,0.003504736870927033,0.003504736870927033,FORCE_BUY,234187945.54130968,366.5,2.4499999999999993,2.4499999999999993
2020-12-03,0.16513380489693186,0.17,0.225,FORCE_BUY,0.00273015179643987,0.0031938029988153134,0.0007917440209675305,0.00273015179643987,FREE,234935895.7040659,367.28,1.8499999999999996,1.8499999999999996
2020-12-04,0.13923314249333704,0.17,0.225,FORCE_BUY,0.00468027210884358,0.005062944973396966,0.0005442176870748275,0.00468027210884358,FREE,236125363.2162913,369.22,0.9499999999999997,2.4499999999999993
2020-12-07,0.1541833975302871,0.17,0.225,FORCE_BUY,0.001958863858961698,0.004913355357624847,0.0016051801066492156,0.001958863858961698,FREE,237285531.0347212,368.28,-0.5,2.1499999999999995
2020-12-08,0.15602820448432886,0.17,0.225,FORCE_BUY,0.007385684805039675,0.0018476828638543145,-0.00038014554143583066,0.007385684805039675,FORCE_BUY,239038047.17574012,371.0,-0.5,2.1499999999999995
2020-12-09,0.22569845343628744,0.17,0.225,FORCE_SELL,-0.010101010101010057,-0.008612529534975997,-0.010828282828282687,-0.010828282828282687,FREE,236979324.93445605,367.5,-0.5,2.1999999999999993
2020-12-10,0.189743626570944,0.17,0.225,FREE,0.0004087861775766747,0.0011865604807591477,0.0,0.0011865604807591477,FREE,237260515.23618025,367.09,1.0499999999999996,2.499999999999999
2020-12-11,0.17355598346573,0.17,0.225,FREE,0.003701165181631276,0.007982106284054118,0.0005757368060314147,0.007982106284054118,FREE,239154353.8858049,366.1,1.1999999999999997,-0.5
2020-12-14,0.2659681294191995,0.17,0.225,FORCE_SELL,-0.006494565217391248,-0.005949595828285235,0.0002173913043478143,0.0002173913043478143,FORCE_SELL,239206343.96273658,365.61,1.4499999999999995,0.7499999999999998
2020-12-15,0.17513229890318482,0.17,0.225,FREE,0.0,0.0,0.0,0.0,FORCE_BUY,239206343.96273658,369.08,2.4499999999999993,-0.5
2020-12-16,0.16734162875891598,0.17,0.225,FORCE_BUY,0.0018531293538394046,0.0018531293538394046,0.0,0.0018531293538394046,FORCE_BUY,239649624.2603585,370.33,-0.5,1.8999999999999995
2020-12-17,0.1406559049386186,0.17,0.225,FORCE_BUY,0.0005113162356359249,0.0015611751254913642,0.0015070373260851202,0.0005113162356359249,FREE,240023759.29258713,371.78,-0.5,1.6999999999999993
2020-12-18,0.2064741096075081,0.17,0.225,FREE,-0.002478448275862014,0.0017846032934466904,-0.0006465517241378962,0.0017846032934466904,FREE,240452106.48392615,370.28,-0.5,-0.5
2020-12-21,0.4192125527196784,0.17,0.225,FORCE_SELL,-0.005579933907579019,0.0012866717869642573,-0.002139877566498818,-0.002139877566498818,FREE,240761489.42545512,367.12,1.7999999999999994,0.6499999999999997
2020-12-22,0.17642837502209896,0.17,0.225,FREE,-0.008631921824104013,-0.005235922038503315,0.0,-0.005235922038503315,FORCE_SELL,240761489.42545512,365.22,1.6999999999999993,-0.5
2020-12-23,0.2108208598282103,0.17,0.225,FREE,-0.00016312326681523648,-0.0023581261686856673,0.0007068674895328485,-0.0023581261686856673,FORCE_SELL,240931675.89506146,367.76,1.7999999999999994,0.9999999999999996
2020-12-24,0.1428299723351295,0.17,0.225,FORCE_BUY,0.0,0.0,0.0,0.0,FORCE_BUY,240931675.89506146,368.98,1.9999999999999996,1.0999999999999996
2020-12-28,0.15090247828266576,0.17,0.225,FORCE_BUY,0.0,0.0,0.0,0.0,FORCE_BUY,240931675.89506146,373.14,1.6499999999999995,1.2999999999999996
2020-12-29,0.20296315851718008,0.17,0.225,FREE,-0.0064483330657676375,-0.00026891391467579465,0.0,-0.00026891391467579465,FORCE_SELL,240931675.89506146,371.33,1.6499999999999995,1.2999999999999996
2020-12-30,0.1929160680227665,0.17,0.225,FREE,-0.0007515769695343283,0.0004563145886459491,0.0,0.0004563145886459491,FREE,241041616.5336393,372.27,1.6999999999999993,-0.5
2020-12-31,0.16751733964172089,0.17,0.225,FORCE_BUY,0.00802347809698157,0.004267521068360955,0.0,0.00802347809698157,FORCE_BUY,242975608.66435802,374.39,2.0499999999999994,2.499999999999999
2021-01-04,0.26768099171225396,0.17,0.225,FORCE_SELL,-0.016771376850175643,-0.017358860403436416,0.0006921520604834901,0.0006921520604834901,FORCE_SELL,243143784.73254228,369.34,1.6499999999999995,1.9999999999999996
2021-01-05,0.19775903086378346,0.17,0.225,FREE,0.0,0.0,0.0,0.0,FORCE_BUY,243143784.73254228,371.41,2.499999999999999,2.0499999999999994
2021-01-06,0.23214203928729982,0.17,0.225,FORCE_SELL,0.0,0.0,0.0,0.0,FORCE_BUY,243143784.73254228,375.0,2.499999999999999,2.1999999999999993
2021-01-07,0.17018828650596277,0.17,0.225,FREE,0.0,0.0,0.0,0.0,FORCE_BUY,243143784.73254228,379.88,2.499999999999999,2.1999999999999993
2021-01-08,0.1544862034731875,0.17,0.225,FORCE_BUY,0.0,0.0,0.0,0.0,FORCE_BUY,243143784.73254228,381.6,2.499999999999999,2.1999999999999993
2021-01-11,0.19065823049932415,0.17,0.225,FREE,0.004284354173278413,0.0025917698085264475,0.0,0.0025917698085264475,FORCE_BUY,244185498.82136786,379.74,2.499999999999999,2.1999999999999993
2021-01-12,0.178093484692787,0.17,0.225,FREE,-0.001212217039555275,-0.0008169288744829567,0.0,-0.0008169288744829567,FORCE_SELL,244185498.82136786,379.01,1.2999999999999996,1.9999999999999996
2021-01-13,0.17650795858594193,0.17,0.225,FREE,0.0037968675842430157,0.004584451706753752,0.0008964826240574628,0.004584451706753752,FREE,245304955.44820398,380.7,1.3999999999999995,0.9999999999999996
2021-01-14,0.2107209597837919,0.17,0.225,FREE,0.00013220518244314673,0.00013220518244314673,0.0,0.00013220518244314673,FORCE_BUY,245337386.0345932,378.25,1.2999999999999996,1.1999999999999997
2021-01-15,0.18366123856242675,0.17,0.225,FREE,-0.007631160572337063,-0.006270066855333448,-0.005431902490725814,-0.006270066855333448,FORCE_SELL,244004737.27632374,374.52,1.4499999999999995,-0.5
2021-01-19,0.15764233446376755,0.17,0.225,FORCE_BUY,0.0,0.0,0.0,0.0,FORCE_BUY,244004737.27632374,379.31,2.1999999999999993,1.6999999999999993
2021-01-20,0.1737784740960758,0.17,0.225,FREE,0.0,0.0,0.0,0.0,FORCE_BUY,244004737.27632374,384.57,2.1999999999999993,1.6999999999999993
2021-01-21,0.15476007384330834,0.17,0.225,FORCE_BUY,0.0,0.0,0.0,0.0,FORCE_BUY,244004737.27632374,383.78,2.1999999999999993,1.6999999999999993
2021-01-22,0.16654250212651958,0.17,0.225,FORCE_BUY,0.0014390748057249252,-0.0003663099505480465,0.0,0.0014390748057249252,FORCE_BUY,244355878.3462156,382.74,2.1999999999999993,1.6999999999999993
2021-01-25,0.1805370650540652,0.17,0.225,FREE,-0.001067263640150071,0.001529642898656404,0.00010412328196570542,0.001529642898656404,FREE,244729655.58027285,383.75,0.9999999999999996,-0.5
2021-01-26,0.18341722631684007,0.17,0.225,FREE,0.0005077926643490714,0.0004531073004961183,0.0,0.0004531073004961183,FORCE_BUY,244853927.5041252,384.21,1.4999999999999996,1.1999999999999997
2021-01-27,0.26738244271254735,0.17,0.225,FORCE_SELL,-0.026516736401673655,-0.02495018909287443,0.0,0.0,FORCE_SELL,244853927.5041252,372.26,2.0999999999999996,1.7499999999999996
2021-01-28,0.23752928598316145,0.17,0.225,FORCE_SELL,0.007286950464810989,0.007581643314491019,0.0,0.0,FREE,246710322.64661375,375.99,2.2499999999999996,2.1999999999999993
2021-01-29,0.23985188104177943,0.17,0.225,FORCE_SELL,-0.010313420841146588,0.001090579245456751,0.0,0.0,FREE,246979379.80413207,369.45,1.8499999999999996,-0.5
2021-02-01,0.20303710270968348,0.17,0.225,FREE,0.00226340736006806,0.00226340736006806,0.0,0.00226340736006806,FORCE_BUY,247538394.7501658,376.39,2.1999999999999993,2.1499999999999995
2021-02-02,0.19805504474141464,0.17,0.225,FREE,0.011744833592863388,0.0067138481908169,0.0001319644223918252,0.0067138481908169,FORCE_BUY,250445692.00435102,383.34,-0.5,1.7999999999999994
2021-02-03,0.18525671946731884,0.17,0.225,FREE,-0.0005489478499543304,0.006633312162887396,0.0,0.006633312162887396,FREE,252106976.45926625,382.34,0.5499999999999998,2.1499999999999995
2021-02-04,0.1518728595307837,0.17,0.225,FORCE_BUY,0.008544551868304329,0.0026183757147182694,-0.0004442121766396732,0.008544551868304329,FORCE_BUY,254261117.5959838,385.97,-0.5,1.8499999999999996
2021-02-05,0.14883980563875268,0.17,0.225,FORCE_BUY,0.002919444013847918,0.004786731784580853,0.002919444013847918,0.002919444013847918,FREE,255478197.36916357,388.19,-0.5,-0.5
2021-02-08,0.13403496936394088,0.17,0.225,FORCE_BUY,0.004811774695726095,0.0014025197403927981,0.00015438849291096263,0.004811774695726095,FORCE_BUY,256707500.89457425,390.5,-0.5,-0.5
2021-02-09,0.14710511938883666,0.17,0.225,FORCE_BUY,0.0010249051962693278,0.002927537570337819,-0.00025622629906733196,0.0010249051962693278,FREE,257459021.74803066,390.68,-0.5,-0.5
2021-02-10,0.16242079855993605,0.17,0.225,FORCE_BUY,-0.005798212005108474,0.00298988973601926,0.0004086845466156925,-0.005798212005108474,FREE,258228795.83460066,389.23,-0.5,2.499999999999999
2021-02-11,0.15101561969940333,0.17,0.225,FORCE_BUY,-0.0015087970540098982,-0.0004948565306816973,0.00012786415711940006,-0.0015087970540098982,FORCE_SELL,258261814.041924,390.45,1.7999999999999994,2.1499999999999995
2021-02-12,0.12357300522763377,0.17,0.225,FORCE_BUY,0.009761109684048426,0.0031585674406818674,0.002902645774467077,0.009761109684048426,FORCE_BUY,260782735.93598855,393.1,1.7499999999999996,-0.5
2021-02-16,0.1504368943792261,0.17,0.225,FORCE_BUY,-0.007429006085192559,-0.0008707910485330634,0.0007099391480732159,-0.007429006085192559,FORCE_SELL,260967875.8093711,391.47,1.8999999999999995,2.2999999999999994
2021-02-17,0.1354701495084963,0.17,0.225,FORCE_BUY,0.0017839394479981351,0.002019147373501589,0.00035678788959965654,0.0017839394479981351,FREE,261494808.41037992,393.09,1.9999999999999996,-0.5
2021-02-18,0.14494565688975228,0.17,0.225,FORCE_BUY,-0.004360465116279188,-0.0022164223363241933,-0.002983476132191054,-0.004360465116279188,FREE,260915225.47618634,390.45,2.0999999999999996,0.8499999999999996
2021-02-19,0.1739615567036509,0.17,0.225,FREE,-0.0035286897821417613,-0.0018449440966738628,0.00046026388462723776,-0.0018449440966738628,FORCE_SELL,261035315.3314224,389.7,2.2999999999999994,1.4999999999999996
2021-02-22,0.17690216614619345,0.17,0.225,FREE,0.0008540814741963602,0.0008540814741963602,0.0008540814741963602,0.0008540814741963602,FORCE_BUY,261258260.75835797,386.71,2.1499999999999995,1.7499999999999996
2021-02-23,0.2032718213674877,0.17,0.225,FREE,-0.0004389702274898738,-0.0024246649624293493,-0.0024246649624293493,-0.0024246649624293493,FORCE_BUY,261143576.16019928,387.1,2.1499999999999995,1.7499999999999996
2021-02-24,0.17278167834967037,0.17,0.225,FREE,0.0,0.0,0.0,0.0,FORCE_BUY,261143576.16019928,392.63,2.499999999999999,-0.5
2021-02-25,0.28460277655412586,0.17,0.225,FORCE_SELL,-0.021834843598013777,-0.018142501222300066,0.0,0.0,FORCE_SELL,261143576.16019928,382.13,1.2499999999999996,2.499999999999999
2021-02-26,0.22012563103328872,0.17,0.225,FREE,-0.004274400797188786,0.006634499396863841,0.0,0.006634499396863841,FREE,262876133.058729,379.71,2.349999999999999,2.3999999999999995
2021-03-01,0.2197462166075442,0.17,0.225,FREE,0.0,0.0,0.0,0.0,FORCE_BUY,262876133.058729,390.05,2.4499999999999993,1.9999999999999996
2021-03-02,0.1930664241344842,0.17,0.225,FREE,0.0029225397646451007,0.006233027285658918,0.0,0.006233027285658918,FREE,264514647.16883257,387.78,2.4499999999999993,1.9999999999999996
2021-03-03,0.22240498892199945,0.17,0.225,FREE,-0.012265325173737004,-0.009432483378073162,0.0,-0.009432483378073162,FORCE_SELL,264514647.16883257,380.91,2.3999999999999995,1.7999999999999994
2021-03-04,0.25944899726186893,0.17,0.225,FORCE_SELL,-0.01796265658236843,-0.01796265658236843,-0.01796265658236843,-0.01796265658236843,FORCE_BUY,259763261.4007325,373.95,1.5499999999999994,1.8499999999999996
2021-03-05,0.22862013149431556,0.17,0.225,FORCE_SELL,0.023430003198635217,-0.005110145089185405,0.005757543448128775,0.005757543448128775,FORCE_BUY,265849515.44623956,383.95,2.499999999999999,-0.5
2021-03-08,0.22618499269306525,0.17,0.225,FORCE_SELL,0.006749658577581636,-0.00028889589242565085,0.0,0.0,FORCE_BUY,267643908.9085172,383.33,2.2999999999999994,-0.5
2021-03-09,0.1989879121787362,0.17,0.225,FREE,0.0003877371658998072,0.0013183063640593144,0.0,0.0013183063640593144,FREE,267996745.57693303,387.01,2.499999999999999,2.0999999999999996
2021-03-10,0.1774691290080056,0.17,0.225,FREE,0.0,0.0,0.0,0.0,FORCE_BUY,267996745.57693303,389.39,2.4499999999999993,2.499999999999999
2021-03-11,0.1757277589710431,0.17,0.225,FREE,0.00484545547281442,0.0005166110806286772,0.0,0.0005166110806286772,FORCE_BUY,269295311.8744852,394.02,0.6499999999999997,2.0499999999999994
2021-03-12,0.14428554187515777,0.17,0.225,FORCE_BUY,0.00682201441054732,0.00772345067286997,0.0,0.00682201441054732,FREE,271375200.93218297,394.05,0.5999999999999996,2.2999999999999994
2021-03-15,0.14040520494418404,0.17,0.225,FORCE_BUY,0.005230284872797395,0.007654473053218952,0.0012694866196109227,0.005230284872797395,FREE,273452435.0950302,395.92,0.8999999999999997,-0.5
2021-03-16,0.1633981613404907,0.17,0.225,FORCE_BUY,-0.0011847146602138282,0.0025031842217867126,-0.00017644686428722582,-0.0011847146602138282,FREE,274136936.9159692,396.25,0.6499999999999997,-0.5
2021-03-17,0.14526223670818825,0.17,0.225,FORCE_BUY,0.005177290635417686,0.004242852813415425,0.004242852813415425,0.005177290635417686,FORCE_BUY,275556223.51228637,398.01,0.8999999999999997,-0.5
2021-03-18,0.21301921492928474,0.17,0.225,FREE,-0.010679391047489144,-0.010679391047489144,-0.010679391047489144,-0.010679391047489144,FORCE_BUY,272613450.8458293,391.86,1.2999999999999996,-0.5
2021-03-19,0.17086925467177794,0.17,0.225,FREE,-0.006891271056661404,-0.006661562021439452,-0.006661562021439452,-0.006661562021439452,FREE,270797419.4351412,389.1,1.6499999999999995,-0.5
2021-03-22,0.1648544436852445,0.17,0.225,FORCE_BUY,0.012591734260332098,0.003089996137504749,0.0,0.012591734260332098,FORCE_BUY,274207228.5790522,393.24,1.7499999999999996,-0.5
2021-03-23,0.19502926531754125,0.17,0.225,FREE,-0.0059982643320230025,0.001684618918780943,0.001684618918780943,0.001684618918780943,FREE,274669163.26398295,389.43,1.7499999999999996,-0.5
2021-03-24,0.21538179867478277,0.17,0.225,FREE,-0.009923469387755091,-0.009923469387755091,0.0,-0.009923469387755091,FORCE_SELL,274669163.26398295,388.11,1.1999999999999997,2.1499999999999995
2021-03-25,0.1896169806393214,0.17,0.225,FREE,0.006706216146505177,0.0029017281403146892,0.0029017281403146892,0.0029017281403146892,FORCE_BUY,276511154.04161096,390.3,1.9999999999999996,-0.5
2021-03-26,0.18552060266850515,0.17,0.225,FREE,0.012333358921214973,0.006435352217189943,0.0,0.006435352217189943,FORCE_BUY,279921465.3501255,395.63,2.0499999999999994,2.499999999999999
2021-03-29,0.1669143250999413,0.17,0.225,FORCE_BUY,0.006120168622073366,0.008244512910947133,0.0,0.006120168622073366,FREE,282229281.48525584,396.19,2.1999999999999993,2.4499999999999993
2021-03-30,0.15791025286573893,0.17,0.225,FORCE_BUY,-0.0021997471554994663,-0.0021997471554994663,-0.0021997471554994663,-0.0021997471554994663,FORCE_BUY,281608448.42611,394.63,1.8499999999999996,2.4499999999999993
2021-03-31,0.18618300918261413,0.17,0.225,FREE,0.006138704276799629,0.0036330178879597596,0.0014712597027040396,0.0036330178879597596,FORCE_BUY,283337159.41284627,396.64,1.5499999999999994,-0.5
2021-04-01,0.14251938084158391,0.17,0.225,FORCE_BUY,0.008623940864405478,0.0011539613416720748,-0.00020114147788703163,0.008623940864405478,FORCE_BUY,285780642.3203113,401.16,1.0999999999999996,1.8999999999999995
2021-04-05,0.16510848108688136,0.17,0.225,FORCE_BUY,0.011489107729036165,0.0030002979207918792,0.0005471003680493271,0.011489107729036165,FORCE_BUY,289064006.90680254,406.74,-0.5,2.349999999999999
2021-04-06,0.16888963819183914,0.17,0.225,FORCE_BUY,0.0030332922318126667,0.0035275920998552378,0.0013316892725031611,0.0030332922318126667,FREE,290083706.8139195,406.73,-0.5,2.349999999999999
2021-04-07,0.15507065465314576,0.17,0.225,FORCE_BUY,0.0022373564772697877,0.0022373564772697877,0.0022373564772697877,0.0022373564772697877,FORCE_BUY,290732727.47431004,407.64,-0.5,2.349999999999999
2021-04-08,0.13547362749535816,0.17,0.225,FORCE_BUY,0.0037746948379821753,0.004510743939593951,0.003529584783567788,0.0037746948379821753,FREE,292044148.3628064,409.52,-0.5,2.4499999999999993
2021-04-09,0.15530122451173464,0.17,0.225,FORCE_BUY,0.0038130621822448176,0.003649458047858755,0.0006110676574110619,0.0038130621822448176,FORCE_BUY,293157730.86047447,410.68,-0.5,1.5999999999999996
2021-04-12,0.1410852168472134,0.17,0.225,FORCE_BUY,0.002459455510641362,0.0025570778556698636,0.0003165635805776067,0.002459455510641362,FREE,293907358.0022762,411.67,-0.5,2.2999999999999994
2021-04-13,0.15851069237674684,0.17,0.225,FORCE_BUY,0.002137167281911893,0.0020171162095936977,0.0010200116572761273,0.002137167281911893,FORCE_BUY,294535487.19171184,412.64,1.2499999999999996,1.0499999999999996
2021-04-14,0.20426874060035768,0.17,0.225,FREE,-0.0027122584394827553,0.0033492492768969245,0.002131060202450675,0.0033492492768969245,FREE,295521959.9592092,411.82,1.4999999999999996,0.8499999999999996
2021-04-15,0.1561773224093634,0.17,0.225,FORCE_BUY,0.006365110481860654,0.0013319230893186402,0.00012100970497836919,0.006365110481860654,FORCE_BUY,297402989.8841656,415.82,2.0999999999999996,-0.5
2021-04-16,0.1567973308731135,0.17,0.22,FORCE_BUY,0.0031049920569971236,0.0015404611755645324,0.0015404611755645324,0.0031049920569971236,FORCE_BUY,298326423.80548316,416.75,2.0999999999999996,-0.5
2021-04-19,0.19609488036342806,0.17,0.22,FREE,-0.002758653776956822,-0.00021350206159698328,-0.0007436371050927575,-0.00021350206159698328,FREE,298262730.4989718,415.72,2.0999999999999996,-0.5
2021-04-20,0.23710847300362473,0.17,0.22,FORCE_SELL,0.0,0.0,0.0,0.0,FORCE_BUY,298262730.4989718,411.8,2.0999999999999996,-0.5
2021-04-21,0.20280770707723428,0.17,0.22,FREE,0.00672052793750147,0.0007203679286816333,0.0,0.0007203679286816333,FORCE_BUY,300267213.5120056,414.94,1.6499999999999995,0.3999999999999998
2021-04-22,0.2603135842889744,0.17,0.22,FORCE_SELL,0.0,0.0,0.0,0.0,FORCE_BUY,300267213.5120056,412.59,1.9499999999999993,2.3999999999999995
2021-04-23,0.22047128419906062,0.17,0.22,FORCE_SELL,0.0,0.0,0.0,0.0,FORCE_BUY,300267213.5120056,416.25,-0.5,0.7499999999999998
2021-04-26,0.17676404238640245,0.17,0.22,FREE,0.004301230296039891,0.0021457508731435038,0.0,0.0021457508731435038,FORCE_BUY,301558731.94767094,417.95,-0.5,0.7499999999999998
2021-04-27,0.17350186630101685,0.17,0.22,FREE,-0.00011970600205897716,-5.0336003408274714e-05,0.0,-5.0336003408274714e-05,FORCE_SELL,301558731.94767094,417.64,-0.5,0.7499999999999998
2021-04-28,0.19726244142814153,0.17,0.21,FREE,0.002227331513148418,0.0033544535599783175,0.0,0.0033544535599783175,FREE,302570296.7095953,418.47,-0.5,1.8499999999999996
2021-04-29,0.18775928392965138,0.17,0.21,FREE,-0.0009767486182579194,0.002254267395859041,0.0009291023441966733,0.002254267395859041,FREE,303252371.06442314,419.35,1.6499999999999995,0.5999999999999996
2021-04-30,0.19721745972999782,0.17,0.21,FREE,-0.003105367508300962,-0.0022215321405537375,0.0,-0.0022215321405537375,FORCE_SELL,303252371.06442314,417.33,1.4999999999999996,1.2999999999999996
2021-05-03,0.21357992381862534,0.17,0.21,FORCE_SELL,-0.0028176412999356055,0.0004988239309421144,0.0,0.0,FREE,303403640.604225,417.61,1.3499999999999996,1.3999999999999995
2021-05-04,0.20694610423026327,0.17,0.22,FREE,-0.000889529991585472,-0.000889529991585472,0.0,-0.000889529991585472,FORCE_SELL,303403640.604225,415.58,1.3499999999999996,1.3999999999999995
2021-05-05,0.21020060116365893,0.17,0.205,FORCE_SELL,-0.002687140115163139,0.0009836852207292415,0.0009836852207292415,0.0009836852207292415,FREE,303702094.2814028,415.68,2.0499999999999994,-0.5
2021-05-06,0.19995858219682452,0.17,0.205,FREE,0.0,0.0,0.0,0.0,FORCE_BUY,303702094.2814028,419.12,1.8499999999999996,1.5999999999999996
2021-05-07,0.1731015701049302,0.17,0.205,FREE,0.0010901507251873024,0.0010901507251873024,0.0,0.0010901507251873024,FORCE_BUY,304033175.3397246,422.42,1.2999999999999996,2.2999999999999994
2021-05-10,0.26092571851469754,0.17,0.205,FORCE_SELL,-0.010183299389002035,-0.010183299389002035,-0.010183299389002035,-0.010183299389002035,FORCE_BUY,300937114.4910512,417.96,-0.5,2.2999999999999994
2021-05-11,0.19808048026943484,0.17,0.205,FREE,-0.00420673076923078,-0.0016906942799119525,-0.0037980769230769157,-0.0016906942799119525,FREE,300428321.83296794,414.25,1.4999999999999996,-0.5
2021-05-12,0.2894394199415378,0.17,0.205,FORCE_SELL,-0.008035561634467529,-0.008035561634467529,0.0,0.0,FORCE_SELL,300428321.83296794,406.14,2.0999999999999996,1.4999999999999996
2021-05-13,0.22942053094696044,0.17,0.205,FORCE_SELL,0.0028303728284209497,0.004442589075820889,0.0,0.0,FREE,301763001.4136103,411.0,2.0999999999999996,1.3499999999999996
2021-05-14,0.19566894541744503,0.17,0.205,FREE,0.0021365982475093402,0.0021365982475093402,0.0,0.0021365982475093402,FORCE_BUY,302407747.7135938,417.44,2.0999999999999996,0.7999999999999998
2021-05-17,0.1729724603248378,0.17,0.205,FREE,0.002142822747628629,0.0034240879959912623,-0.0006500698223141134,0.0034240879959912623,FREE,303443218.45243466,416.23,1.8499999999999996,1.6499999999999995
2021-05-18,0.23658834515011737,0.17,0.205,FORCE_SELL,-0.015512983432037776,-0.015512983432037776,-0.015512983432037776,-0.015512983432037776,FORCE_BUY,298735908.83201784,410.6,2.1499999999999995,2.2499999999999996
2021-05-19,0.18465460563252764,0.17,0.205,FREE,0.0005126953124999894,0.0005126953124999894,0.0005126953124999894,0.0005126953124999894,FORCE_BUY,298889069.3321515,409.81,2.1999999999999993,1.4999999999999996
2021-05-20,0.19680890354829872,0.17,0.205,FREE,0.013033521730656743,-0.0003167023971934342,-0.0003167023971934342,-0.0003167023971934342,FORCE_BUY,302784646.5123478,415.83,1.8999999999999995,-0.5
2021-05-21,0.21513928629850546,0.17,0.205,FORCE_SELL,0.0,0.0,0.0,0.0,FORCE_BUY,302784646.5123478,415.44,1.7999999999999994,2.499999999999999
2021-05-24,0.17920656422978212,0.17,0.205,FREE,0.0,0.0,0.0,0.0,FORCE_BUY,302784646.5123478,419.81,1.9499999999999993,-0.5
2021-05-25,0.2050265134804042,0.17,0.205,FORCE_SELL,-0.0008820444359683486,-0.0008820444359683486,0.0,0.0,FORCE_SELL,302784646.5123478,419.11,1.1499999999999997,-0.5
2021-05-26,0.1525990294422401,0.17,0.205,FORCE_BUY,0.0,0.0,0.0,0.0,FORCE_BUY,302784646.5123478,419.0,1.2999999999999996,-0.5
2021-05-27,0.1829096772072898,0.17,0.205,FREE,0.0,0.0,0.0,0.0,FORCE_BUY,302784646.5123478,421.12,1.1499999999999997,-0.5
2021-05-28,0.1748058347401109,0.17,0.205,FREE,-0.0022802850356294655,0.0008565161398712951,0.0,0.0008565161398712951,FREE,303043986.4489909,420.04,-0.5,-0.5
2021-06-01,0.19476638649101394,0.17,0.205,FREE,-0.004629190010445332,-0.0037527708636787083,0.0,-0.0037527708636787083,FORCE_SELL,303043986.4489909,419.29,0.6999999999999997,-0.5
2021-06-02,0.15031653335596032,0.17,0.205,FORCE_BUY,0.0002734741923593959,0.00020273783389561007,0.0,0.0002734741923593959,FORCE_BUY,303126861.1584344,420.63,1.0499999999999996,-0.5
2021-06-03,0.15937140314158363,0.17,0.205,FORCE_BUY,-0.0030026451874269893,-0.0009804082141622336,0.00023830517360537385,-0.0030026451874269893,FORCE_SELL,303199097.8577072,418.37,0.8999999999999997,2.0999999999999996
2021-06-04,0.1618094403153665,0.17,0.205,FORCE_BUY,0.008856317586116293,0.00698917993879656,0.004392351579098136,0.008856317586116293,FORCE_BUY,305884325.360159,422.62,0.8499999999999996,1.7499999999999996
2021-06-07,0.15877130312631196,0.17,0.205,FORCE_BUY,0.001019319663387336,0.0015676974020731236,0.0003792817352138824,0.001019319663387336,FREE,306363859.42236096,422.28,0.6999999999999997,1.9999999999999996
2021-06-08,0.1631994168733306,0.17,0.205,FORCE_BUY,0.0007344753239983429,0.00011751105291966905,0.002132347714834093,0.0007344753239983429,FORCE_SELL,307017133.697908,422.38,0.7499999999999998,1.7499999999999996
2021-06-09,0.1880338585236965,0.17,0.205,FREE,-0.0011838522552385321,-0.0011838522552385321,-0.0011838522552385321,-0.0011838522552385321,FORCE_BUY,306653670.7717828,421.85,0.9499999999999997,1.8999999999999995
2021-06-10,0.17149295068857529,0.17,0.205,FREE,0.004101664374792558,0.004891279133607981,-9.483617051531294e-05,0.004891279133607981,FREE,308153599.47287315,423.51,0.8499999999999996,-0.5
2021-06-11,0.14362591582597953,0.17,0.205,FORCE_BUY,0.002054115313783848,0.00019974772770793816,0.001605515417670134,0.002054115313783848,FORCE_BUY,308786582.500548,424.41,0.8999999999999997,-0.5
2021-06-14,0.15173688392882853,0.17,0.205,FORCE_BUY,0.0010596962204169698,0.0026200928947966115,2.3548804898294122e-05,0.0010596962204169698,FREE,309595632.0313662,425.1,0.7999999999999998,2.0499999999999994
2021-06-15,0.17427395591239037,0.17,0.205,FREE,-0.003591802239594383,-0.00046951663262671675,-0.00046951663262671675,-0.00046951663262671675,FREE,309450271.7327389,424.44,-0.5,1.8499999999999996
2021-06-16,0.25252372885218505,0.17,0.195,FORCE_SELL,-0.008655252110749374,-0.00742791949918214,0.0,0.0,FORCE_SELL,309450271.7327389,420.35,-0.5,1.5999999999999996
2021-06-17,0.19917789657378657,0.17,0.195,FORCE_SELL,0.0033976430336437927,0.0015283934677891328,0.0,0.0,FORCE_BUY,310501673.29275084,422.31,1.3499999999999996,-0.5
2021-06-18,0.23068389602344105,0.17,0.195,FORCE_SELL,-0.014604626783884824,-0.014604626783884824,0.0,0.0,FORCE_SELL,310501673.29275084,413.6,0.8499999999999996,1.2999999999999996
2021-06-21,0.20770073996473984,0.17,0.195,FORCE_SELL,0.013498556304138513,0.0042225457635090766,0.0,0.0,FORCE_BUY,314692997.61222225,421.21,0.9999999999999996,-0.5
2021-06-22,0.19641415601071022,0.17,0.195,FORCE_SELL,0.0,0.0,0.0,0.0,FORCE_BUY,314692997.61222225,423.23,-0.5,2.2499999999999996
2021-06-23,0.2134271710482296,0.17,0.195,FORCE_SELL,0.00026004728132390104,0.0008751988112175503,0.0,0.0,FREE,314968416.54963094,423.11,-0.5,1.9999999999999996
2021-06-24,0.1653129890137617,0.17,0.195,FORCE_BUY,0.0018605308400648645,0.00028261227950346075,0.0,0.0018605308400648645,FORCE_BUY,315554425.0022679,425.4,0.9499999999999997,1.6999999999999993
2021-06-25,0.15778289950853844,0.17,0.195,FORCE_BUY,0.0037150246884552194,0.0029512586181070703,0.0005172819186456743,0.0037150246884552194,FORCE_BUY,316726717.4817026,426.88,0.9999999999999996,1.5499999999999994
2021-06-28,0.14547940690485278,0.17,0.195,FORCE_BUY,0.0009372071227740913,0.001666407277772501,7.029053420807451e-05,0.0009372071227740913,FREE,317254513.1887792,427.2,-0.5,1.4499999999999995
2021-06-29,0.17565096810066994,0.17,0.195,FREE,0.0016840923443969503,0.0021754924878132965,0.001754262858746694,0.0021754924878132965,FREE,317944697.9989462,428.25,0.5999999999999996,1.0999999999999996
2021-06-30,0.16711049655998833,0.17,0.195,FORCE_BUY,0.0018455356725692864,0.0016131200895526416,-0.0020090641498856057,0.0018455356725692864,FORCE_BUY,318531476.2810075,428.85,0.5999999999999996,1.2999999999999996
2021-07-01,0.14633069740222154,0.17,0.195,FORCE_BUY,0.0016990573722798562,0.0004654951704877837,0.0004654951704877837,0.0016990573722798562,FORCE_BUY,319072679.534086,430.38,0.7499999999999998,1.1499999999999997
2021-07-02,0.17149282230956223,0.17,0.195,FREE,0.006364100896548412,0.0010451990523527325,0.0010451990523527325,0.0010451990523527325,FORCE_BUY,321103290.259973,433.28,0.8499999999999996,2.0999999999999996
2021-07-06,0.1897624084013564,0.17,0.195,FREE,-0.0003238341968910993,-0.0003238341968910993,0.0,-0.0003238341968910993,FORCE_SELL,321103290.259973,432.18,0.8499999999999996,2.0999999999999996
2021-07-07,0.15937664064874602,0.17,0.195,FORCE_BUY,0.002792715858471583,0.003978696969130835,0.0007847300759341304,0.002792715858471583,FREE,322380862.9477083,434.48,1.1999999999999997,-0.5
2021-07-08,0.18906485195279787,0.17,0.195,FREE,-0.0019253520146605633,-0.0023198754414458524,-0.0027604444547542815,-0.0023198754414458524,FORCE_BUY,321760166.3037439,430.26,0.9999999999999996,1.1999999999999997
2021-07-09,0.19286854871758083,0.17,0.195,FREE,0.010085787155112297,0.00646881520983063,0.00646881520983063,0.00646881520983063,FORCE_BUY,325005370.856077,435.65,1.9499999999999993,1.6999999999999993
2021-07-12,0.15426014864887336,0.17,0.195,FORCE_BUY,0.0,0.0,0.0,0.0,FORCE_BUY,325005370.856077,437.18,1.9999999999999996,2.4499999999999993
2021-07-13,0.21186268511701253,0.17,0.195,FORCE_SELL,0.0,0.0,0.0,0.0,FORCE_BUY,325005370.856077,435.01,1.9999999999999996,2.4499999999999993
2021-07-14,0.19299600627945668,0.17,0.195,FREE,-0.0011677428218161297,0.0002518660988231332,0.0,0.0002518660988231332,FREE,325087228.6909311,436.23,1.3499999999999996,-0.5
2021-07-15,0.18122304359237562,0.17,0.195,FREE,-0.004566733982008499,-0.0015963793560518358,0.0,-0.0015963793560518358,FORCE_SELL,325087228.6909311,433.77,0.9499999999999997,0.7999999999999998
2021-07-16,0.26534209882176657,0.17,0.195,FORCE_SELL,-0.008095676172953297,-0.00216547362168375,0.0011499540018398598,0.0011499540018398598,FORCE_SELL,325461064.05051124,431.28,0.9499999999999997,-0.5
2021-07-19,0.3036356929411802,0.17,0.195,FORCE_SELL,-0.006765426338504641,-0.006765426338504641,0.0,0.0,FORCE_SELL,325461064.05051124,425.75,1.3999999999999995,1.2499999999999996
2021-07-20,0.24318430344362063,0.17,0.195,FORCE_SELL,0.013989296779645072,0.007076580808940716,0.0,0.0,FORCE_BUY,330014035.46573293,432.0,1.2499999999999996,-0.5
2021-07-21,0.16768391149891634,0.17,0.195,FORCE_BUY,0.0,0.0,0.0,0.0,FORCE_BUY,330014035.46573293,434.96,1.3999999999999995,1.3499999999999996
2021-07-22,0.1533165359656591,0.17,0.195,FORCE_BUY,0.006177677377714358,0.0053708911530127345,0.0,0.006177677377714358,FORCE_BUY,332052755.7069579,436.5,1.1499999999999997,1.4999999999999996
2021-07-23,0.16271705442285364,0.17,0.195,FORCE_BUY,0.004665843282557951,0.0045739482110265855,0.00011435890398410595,0.004665843282557951,FORCE_BUY,333602061.826628,439.26,1.1499999999999997,1.4999999999999996
2021-07-26,0.13458047482158278,0.17,0.195,FORCE_BUY,0.004741821497777337,-0.001846574717884393,-0.001846574717884393,0.004741821497777337,FORCE_BUY,335183943.25510037,440.73,0.8999999999999997,1.2499999999999996
2021-07-27,0.1793518031684985,0.17,0.195,FREE,-0.0014565979334516704,-0.0027538804679320362,-0.0027538804679320362,-0.0027538804679320362,FORCE_BUY,334695715.0160288,438.74,0.8999999999999997,1.2499999999999996
2021-07-28,0.1887580256198759,0.17,0.195,FREE,-0.00020500205002035833,0.002325036809458348,0.0,0.002325036809458348,FREE,335473894.87340903,438.93,1.2999999999999996,-0.5
2021-07-29,0.17566654357018044,0.17,0.195,FREE,-0.0042719505544447445,-0.002590438102163263,0.0,-0.002590438102163263,FORCE_SELL,335473894.87340903,438.2,1.7499999999999996,-0.5
2021-07-30,0.1960677253729998,0.17,0.195,FORCE_SELL,0.0,0.0,0.0,0.0,FORCE_BUY,335473894.87340903,439.04,0.9999999999999996,1.6999999999999993
2021-08-02,0.23257909281070752,0.17,0.195,FORCE_SELL,0.0,0.0,0.0,0.0,FORCE_BUY,335473894.87340903,438.17,2.1499999999999995,-0.5
2021-08-03,0.1820038066111501,0.17,0.195,FREE,0.004974670256948379,0.00296654648350128,0.0,0.00296654648350128,FORCE_BUY,337142766.88021845,440.4,1.1499999999999997,2.0999999999999996
2021-08-04,0.20478866908728297,0.17,0.195,FORCE_SELL,-0.0029729484386347873,-0.0029729484386347873,0.0,0.0,FORCE_SELL,337142766.88021845,439.33,-0.5,1.9999999999999996
2021-08-05,0.13683932787359493,0.17,0.195,FORCE_BUY,0.0031140610083193786,0.0031140610083193786,0.0,0.0031140610083193786,FORCE_BUY,338192650.024797,441.31,-0.5,1.6999999999999993
2021-08-06,0.15106055854313527,0.17,0.195,FORCE_BUY,0.002174848780045716,0.0009968056908543207,0.0009968056908543207,0.002174848780045716,FORCE_BUY,338928167.8971239,442.37,0.5999999999999996,1.2499999999999996
2021-08-09,0.1714213616542045,0.17,0.195,FREE,0.0009735775579053137,0.0009509362193491821,0.0009509362193491821,0.0009509362193491821,FORCE_BUY,339258140.7551305,442.1,0.5999999999999996,1.2499999999999996
2021-08-10,0.16562828707642333,0.17,0.195,FORCE_BUY,0.00013564226613018693,0.00013564226613018693,0.0,0.00013564226613018693,FORCE_BUY,339304158.4981457,442.4,0.5999999999999996,1.2499999999999996
2021-08-11,0.13399673879012006,0.17,0.195,FORCE_BUY,0.0036655730286231487,0.0032582871365538645,0.0032582871365538645,0.0036655730286231487,FORCE_BUY,340547902.6700362,443.57,0.5999999999999996,1.2499999999999996
2021-08-12,0.15335100940251398,0.17,0.195,FORCE_BUY,0.0027949330568452216,0.00329217179934525,0.0005409547851957043,0.0027949330568452216,FREE,341669044.8715327,444.9,0.6999999999999997,1.9499999999999993
2021-08-13,0.12267524018342253,0.17,0.195,FORCE_BUY,0.00017962592900279634,0.0011675685385185153,0.0011675685385185153,0.00017962592900279634,FREE,342067966.8989104,445.45,0.7999999999999998,1.6999999999999993
2021-08-16,0.18594056941769974,0.17,0.195,FREE,0.0034591194968554024,0.0058792188023181645,-0.0010557053009882498,0.0058792188023181645,FREE,344079059.32157326,446.74,1.1999999999999997,1.7999999999999994
2021-08-17,0.20632605188789635,0.17,0.195,FORCE_SELL,-0.005633992502974089,-0.0010331476617134962,-0.0008978474108325073,-0.0008978474108325073,FORCE_SELL,343770128.8290397,443.0,1.1999999999999997,1.7999999999999994
2021-08-18,0.30967048100121713,0.17,0.195,FORCE_SELL,-0.00990523465703971,-0.00990523465703971,0.0,0.0,FORCE_SELL,343770128.8290397,438.81,0.44999999999999973,0.9999999999999996
2021-08-19,0.22485873490434938,0.17,0.195,FORCE_SELL,0.008011385809058134,0.009356013256219702,0.0,0.0,FREE,346986446.7114565,439.12,1.3999999999999995,1.1499999999999997
2021-08-20,0.1876050527195904,0.17,0.195,FREE,0.0,0.0,0.0,0.0,FORCE_BUY,346986446.7114565,443.63,1.9499999999999993,1.1499999999999997
2021-08-23,0.1970968516802997,0.17,0.195,FORCE_SELL,0.006809447827943411,0.0014382992111826964,0.0,0.0,FORCE_BUY,349349232.8173416,448.0,-0.5,1.2999999999999996
2021-08-24,0.1574346631797288,0.17,0.195,FORCE_BUY,0.0004490716950781998,0.001319862281283734,0.0,0.0004490716950781998,FREE,349810325.69273263,447.791,-0.5,1.2999999999999996
2021-08-25,0.1545014486155489,0.17,0.195,FORCE_BUY,0.0020536631099602955,0.0020536631099602955,0.0020536631099602955,0.0020536631099602955,FORCE_BUY,350528718.254091,448.9,0.5999999999999996,1.6499999999999995
2021-08-26,0.23210245424794865,0.17,0.195,FORCE_SELL,-0.004105676544091454,-0.0013692479184634814,0.0016958229203855595,0.0016958229203855595,FORCE_SELL,351123152.88875973,446.32,0.6499999999999997,0.8999999999999997
2021-08-27,0.1688546440142904,0.17,0.195,FORCE_BUY,0.0025375626043405357,0.0018030050083472156,0.0,0.0025375626043405357,FORCE_BUY,352014149.8710484,450.39,0.7999999999999998,0.9499999999999997
2021-08-30,0.16372088319955827,0.17,0.195,FORCE_BUY,0.00415112768602383,0.0004217723317350329,0.0004217723317350329,0.00415112768602383,FORCE_BUY,353475405.5544502,452.35,0.9999999999999996,1.8499999999999996
2021-08-31,0.1820025754355125,0.17,0.195,FREE,-0.0016108745062559946,0.003390919786967041,0.0004413354811659746,0.003390919786967041,FREE,354674012.301351,452.44,0.9999999999999996,1.8499999999999996
2021-09-01,0.1874485488373665,0.17,0.195,FREE,-0.0032857741416191795,-0.0032857741416191795,-0.0032857741416191795,-0.0032857741416191795,FORCE_BUY,353508633.6030269,451.98,0.8999999999999997,1.3999999999999995
2021-09-02,0.16573110932551255,0.17,0.195,FORCE_BUY,0.001990137761758288,0.003119538872742802,0.0011498573734603557,0.001990137761758288,FREE,354611417.52740175,453.13,0.9999999999999996,1.1999999999999997
2021-09-03,0.16284810253711532,0.17,0.195,FORCE_BUY,-0.002555572690621487,-0.0022912322946915063,-0.0021810491066511645,-0.002555572690621487,FORCE_SELL,353837992.6119953,452.75,0.7499999999999998,1.0499999999999996
2021-09-07,0.18757827504822355,0.17,0.195,FREE,-0.001969026548672571,-0.00035697119030077436,0.0007743362831858574,-0.00035697119030077436,FORCE_SELL,354111982.20804435,451.11,-0.5,1.0499999999999996
2021-09-08,0.1754549940561787,0.17,0.195,FREE,-0.00019977802441727545,-0.0010654635769470834,-0.0010432852386237576,-0.0010654635769470834,FORCE_BUY,354041238.41581637,450.41,1.4999999999999996,-0.5
2021-09-09,0.25442039753720674,0.17,0.195,FORCE_SELL,-0.003353320008882901,-0.003920862314488836,0.00042194092827007825,0.00042194092827007825,FORCE_SELL,354190622.90459937,448.79,1.2999999999999996,1.0499999999999996
2021-09-10,0.31491566516110253,0.17,0.195,FORCE_SELL,-0.01149804670158922,-0.008332026210597934,0.0,0.0,FORCE_SELL,354190622.90459937,445.3399,1.0499999999999996,1.0999999999999996
2021-09-13,0.23059887671847937,0.17,0.195,FORCE_SELL,-0.0015627790676905914,0.0024207389862858325,0.0,0.0,FREE,355048025.95404136,447.22,1.2499999999999996,-0.5
2021-09-14,0.2525004183852284,0.17,0.21,FORCE_SELL,-0.003718804605941009,-0.003718804605941009,0.0,0.0,FORCE_SELL,355048025.95404136,444.72,0.7499999999999998,1.9499999999999993
2021-09-15,0.19603846168731157,0.17,0.21,FREE,0.007870828460915625,0.0048197648598999505,0.0,0.0048197648598999505,FORCE_BUY,357842548.0617124,448.18,-0.5,-0.5
2021-09-16,0.18694754412107387,0.17,0.21,FREE,-0.0006266926296470568,0.0005147832314957253,0.0,0.0005147832314957253,FREE,358026759.4049703,446.51,1.2499999999999996,1.7499999999999996
2021-09-17,0.2368049077553104,0.17,0.205,FORCE_SELL,-0.011013413485263069,-0.011013413485263069,0.0,0.0,FORCE_SELL,358026759.4049703,440.91,0.8499999999999996,2.349999999999999
2021-09-20,0.221630709986511,0.17,0.205,FORCE_SELL,-0.004074811711649707,-0.004074811711649707,0.0,0.0,FORCE_SELL,358026759.4049703,435.05,0.8499999999999996,2.3999999999999995
2021-09-21,0.2429352627042248,0.17,0.205,FORCE_SELL,-0.012262233690315809,-0.012262233690315809,0.0,0.0,FORCE_SELL,358026759.4049703,432.56,0.8499999999999996,2.3999999999999995
2021-09-22,0.21609031154106115,0.17,0.205,FORCE_SELL,0.0,0.0,0.0,0.0,FORCE_BUY,358026759.4049703,438.6,0.8499999999999996,2.3999999999999995
2021-09-23,0.20311567720536225,0.17,0.205,FREE,0.0,0.0,0.0,0.0,FORCE_BUY,358026759.4049703,443.52,-0.5,2.1499999999999995
2021-09-24,0.16746229117229627,0.17,0.205,FORCE_BUY,0.006867945056439548,0.006867945056439548,0.0,0.006867945056439548,FORCE_BUY,360485667.5172987,444.21,-0.5,2.1499999999999995
2021-09-27,0.1925030985772793,0.17,0.205,FREE,-0.006044672149566338,0.000303412898312186,0.00035953440294827057,0.000303412898312186,FORCE_SELL,360615274.51654094,442.33,-0.5,1.8999999999999995
2021-09-28,0.2517784363993617,0.17,0.205,FORCE_SELL,-0.01608597285067867,-0.01608597285067867,-0.01608597285067867,-0.01608597285067867,FORCE_BUY,354814427.00112784,434.89,-0.5,2.3999999999999995
2021-09-29,0.21707877664393296,0.17,0.205,FORCE_SELL,-0.0024730936569726867,0.00020609113808114636,0.00020609113808114636,0.00020609113808114636,FREE,354887551.1101961,435.62,2.499999999999999,-0.5
2021-09-30,0.26464701582496725,0.17,0.205,FORCE_SELL,-0.012673049108065241,-0.010790784897760728,0.0,0.0,FORCE_SELL,354887551.1101961,430.05,1.2499999999999996,-0.5
2021-10-01,0.225035833715857,0.17,0.205,FORCE_SELL,0.018120522545301384,0.015568666011144048,0.0,0.0,FORCE_BUY,361318298.98113525,434.88,2.0999999999999996,1.7499999999999996
2021-10-04,0.22505828095463612,0.17,0.205,FORCE_SELL,-0.0026979881381555162,0.000590974174381334,0.0,0.0,FREE,361531828.76456445,428.79,2.0499999999999994,1.5999999999999996
2021-10-05,0.20993257939358875,0.17,0.205,FORCE_SELL,0.0,0.0,0.0,0.0,FORCE_BUY,361531828.76456445,432.4,1.9499999999999993,-0.5
2021-10-06,0.18231843826577165,0.17,0.205,FREE,0.0176404704125444,0.0029059972449090588,0.0,0.0029059972449090588,FORCE_BUY,367909420.2930788,436.12,2.2499999999999996,-0.5
2021-10-07,0.2116524100465377,0.17,0.205,FORCE_SELL,0.0,0.0,0.0,0.0,FORCE_BUY,367909420.2930788,439.58,1.7499999999999996,2.3999999999999995
2021-10-08,0.1830158803446047,0.17,0.205,FREE,-0.0016435729449629857,-0.0016435729449629857,0.0,-0.0016435729449629857,FORCE_SELL,367909420.2930788,437.35,1.5499999999999994,-0.5
2021-10-11,0.22620872951242496,0.17,0.205,FORCE_SELL,-0.00481099656357404,-0.00481099656357404,-0.00481099656357404,-0.00481099656357404,FORCE_BUY,366139409.3363422,434.4,1.9499999999999993,-0.5
2021-10-12,0.1824928800254005,0.17,0.205,FREE,-0.002468452257365019,0.00422174544951214,0.00422174544951214,0.00422174544951214,FREE,367685156.721595,432.4,1.9499999999999993,-0.5
2021-10-13,0.15756979149301362,0.17,0.205,FORCE_BUY,0.007442677514792949,0.0037906804733728186,0.0,0.007442677514792949,FORCE_BUY,370421718.7700499,435.86,1.7499999999999996,-0.5
2021-10-14,0.16598295388675421,0.17,0.205,FORCE_BUY,0.01500057254093669,0.002587885033779867,0.002587885033779867,0.01500057254093669,FORCE_BUY,375978256.63319856,443.2,1.7999999999999994,-0.5
2021-10-15,0.1516097776326709,0.17,0.205,FORCE_BUY,0.005185201884708216,0.0008341411727574252,0.0008341411727574252,0.005185201884708216,FORCE_BUY,377927779.7981024,445.87,1.7999999999999994,-0.5
2021-10-18,0.15769488306172477,0.17,0.205,FORCE_BUY,0.004920242642102904,-0.002179285553808279,-0.002179285553808279,0.004920242642102904,FORCE_BUY,379787276.1759003,447.29,1.7999999999999994,-0.5
2021-10-19,0.14057059202932928,0.17,0.205,FORCE_BUY,0.006515820948810692,0.0014673636077178452,-0.00024545900834565214,0.006515820948810692,FORCE_BUY,382261902.066099,451.06,0.19999999999999984,2.2499999999999996
2021-10-20,0.1446661661682822,0.17,0.23,FORCE_BUY,0.005522032464206855,0.005420820483049943,0.00456458328694524,0.005522032464206855,FORCE_BUY,384372764.69913745,451.59,0.1499999999999999,2.1999999999999993
2021-10-21,0.1456045891559374,0.17,0.23,FORCE_BUY,0.002680965147453198,0.0020941662419691185,0.00017725389404651796,0.002680965147453198,FORCE_BUY,385403254.6849261,452.54,-0.5,1.9499999999999993
2021-10-22,0.1796044185451077,0.17,0.23,FREE,-0.001963856219245774,0.0010414861859974374,0.0008826320086498306,0.0010414861859974374,FREE,385804646.8507189,452.3,0.4999999999999998,2.2499999999999996
2021-10-25,0.15758192578070895,0.17,0.23,FORCE_BUY,0.006886809111778319,0.006754370475013346,0.006754370475013346,0.006886809111778319,FORCE_BUY,388461609.8080169,456.16,0.9499999999999997,2.3999999999999995
2021-10-26,0.21297999408210366,0.17,0.23,FREE,-0.0010067407861332933,-0.0010067407861332933,-0.0010067407861332933,-0.0010067407861332933,FORCE_BUY,388070529.66157615,456.46,0.9499999999999997,2.3999999999999995
2021-10-27,0.2456068712046887,0.17,0.23,FORCE_SELL,-0.0042034284213059705,-0.0042034284213059705,-0.0042034284213059705,-0.0042034284213059705,FORCE_BUY,386439302.96772546,454.85,-0.5,1.7499999999999996
2021-10-28,0.1668147241874308,0.17,0.23,FORCE_BUY,0.005434184762281952,0.00678043631236304,0.002178074054517842,0.005434184762281952,FREE,389059530.0500921,457.0,1.2999999999999996,1.4999999999999996
2021-10-29,0.16870938864592522,0.17,0.23,FORCE_BUY,0.006789312308366165,0.006327701952280102,-0.00048182216381956124,0.006789312308366165,FORCE_BUY,391700976.7061484,459.7,1.0999999999999996,0.44999999999999973
2021-11-01,0.16079211433364493,0.17,0.23,FORCE_BUY,-0.00017394329448613258,-0.0011942329685555415,0.0018046616802921945,-0.00017394329448613258,FORCE_SELL,392407864.448943,459.84,-0.5,1.3499999999999996
2021-11-02,0.1540790458326222,0.17,0.23,FORCE_BUY,0.003435977731385012,0.004936499652053024,0.004936499652053024,0.003435977731385012,FREE,394344985.73525816,461.42,-0.5,1.3499999999999996
2021-11-03,0.1858484336993312,0.17,0.23,FREE,0.008799306458604213,0.008799306458604213,0.008799306458604213,0.008799306458604213,FORCE_BUY,397814948.11515665,465.46,-0.5,1.3499999999999996
2021-11-04,0.14948076401184493,0.17,0.23,FORCE_BUY,0.004428869348354209,0.004752086258300294,0.0024939264291703473,0.004428869348354209,FREE,399705399.06344116,467.19,-0.5,1.3499999999999996
2021-11-05,0.21458940198978613,0.17,0.23,FREE,0.0025503643377625487,0.001264466352335991,0.001264466352335991,0.001264466352335991,FORCE_BUY,400724793.4588237,467.79,-0.5,0.8499999999999996
2021-11-08,0.20424924882554377,0.17,0.23,FREE,0.0,0.0,0.0,0.0,FORCE_BUY,400724793.4588237,467.77,-0.5,1.3499999999999996
2021-11-09,0.22589089463089906,0.17,0.23,FREE,-0.004566599803678853,-0.001297193410515076,0.0008322308053433059,-0.001297193410515076,FORCE_SELL,401058288.9764049,466.48,-0.5,1.3499999999999996
2021-11-10,0.2663062684799088,0.17,0.205,FORCE_SELL,-0.003904490163688203,-0.003927101749067524,0.0,0.0,FORCE_SELL,401058288.9764049,464.31,-0.5,1.3499999999999996
2021-11-11,0.23301838731666327,0.17,0.205,FORCE_SELL,0.0013135511100583887,0.0016580891061392328,0.0,0.0,FREE,401723279.35628355,465.0,1.3999999999999995,1.7499999999999996
2021-11-12,0.20608137310111593,0.17,0.205,FORCE_SELL,0.007129164961554193,0.005790816019775672,0.0,0.0,FORCE_BUY,404587230.883711,467.6,-0.5,1.6499999999999995
2021-11-15,0.21046843052090747,0.17,0.23,FREE,0.0018212204319505943,0.002657375708275851,0.0,0.002657375708275851,FREE,405662371.16293997,467.57,-0.5,1.4499999999999995
2021-11-16,0.2138531696823499,0.17,0.23,FREE,0.005032119914346913,0.003857569161652249,0.0003211991434689124,0.003857569161652249,FORCE_BUY,407703712.8593702,469.35,-0.5,0.6499999999999997
2021-11-17,0.19915177073417978,0.17,0.23,FREE,-0.0008532969259978215,0.0012400639659074098,0.0,0.0012400639659074098,FREE,408209291.5424537,468.37,0.4999999999999998,0.6999999999999997
2021-11-18,0.19366049217490058,0.17,0.23,FREE,0.0015552762213179516,0.001106950529071536,0.0,0.001106950529071536,FORCE_BUY,408844169.74691075,470.1,0.7999999999999998,0.9499999999999997
2021-11-19,0.22657176794169823,0.17,0.23,FREE,-0.0012346993081425982,-0.0012346993081425982,0.0,-0.0012346993081425982,FORCE_SELL,408844169.74691075,469.17,0.9999999999999996,1.6499999999999995
2021-11-22,0.3071327372141775,0.17,0.23,FORCE_SELL,-0.004084845648150033,-0.0018373318595412322,0.0020849732995766768,0.0020849732995766768,FORCE_SELL,409696598.9245207,468.11,0.9499999999999997,1.4499999999999995
2021-11-23,0.22463765267918925,0.17,0.23,FREE,0.004399141630901289,0.002746781115879766,0.0,0.002746781115879766,FORCE_BUY,411498912.2888882,468.05,1.8499999999999996,-0.5
2021-11-24,0.20601899056866455,0.17,0.23,FREE,0.0,0.0,0.0,0.0,FORCE_BUY,411498912.2888882,470.22,1.8999999999999995,1.2999999999999996
2021-11-26,0.26762171397219975,0.17,0.23,FORCE_SELL,-0.00010937329104224019,-0.00010937329104224019,0.0,0.0,FORCE_SELL,411498912.2888882,457.1,2.0499999999999994,2.0999999999999996
2021-11-29,0.23134766455833522,0.17,0.23,FORCE_SELL,0.009158024637900922,0.004824472611365872,0.0,0.0,FORCE_BUY,415267429.46609926,466.12,1.4999999999999996,-0.5
2021-11-30,0.30590198863511747,0.17,0.23,FORCE_SELL,-0.001506254229518191,2.182977144242034e-05,0.0,0.0,FREE,415276494.659172,457.4,1.7499999999999996,1.2999999999999996
2021-12-01,0.38368340068189505,0.17,0.23,FORCE_SELL,-0.02030995990029256,-0.014189373706581002,0.0,0.0,FORCE_SELL,415276494.659172,451.98,1.0999999999999996,1.2999999999999996
2021-12-02,0.2523608264746024,0.17,0.23,FORCE_SELL,0.01215751525235711,0.011713810316139578,0.0,0.0,FORCE_BUY,420325224.97693634,456.23,2.3999999999999995,2.1499999999999995
2021-12-03,0.3004777005405386,0.17,0.23,FORCE_SELL,0.0,0.0,0.0,0.0,FORCE_BUY,420325224.97693634,453.53,2.499999999999999,2.4499999999999993
2021-12-06,0.23411196623868916,0.17,0.23,FORCE_SELL,0.009590849098108188,0.006841179058512968,0.0,0.0,FORCE_BUY,424356500.78181857,458.96,2.4499999999999993,2.349999999999999
2021-12-07,0.2460287757466151,0.17,0.23,FORCE_SELL,0.0,0.0,0.0,0.0,FORCE_BUY,424356500.78181857,469.58,1.7999999999999994,-0.5
2021-12-08,0.18147852450106247,0.17,0.23,FREE,0.0,0.0,0.0,0.0,FORCE_BUY,424356500.78181857,469.2201,1.5499999999999994,2.4499999999999993
2021-12-09,0.2409579898796432,0.17,0.23,FORCE_SELL,-0.004332422742018152,0.0011603843717618463,0.0,0.0,FREE,424848917.4333813,466.53,0.6499999999999997,-0.5
2021-12-10,0.1688643651618373,0.17,0.23,FORCE_BUY,0.006560810377620501,0.008587557651665535,0.0,0.006560810377620501,FREE,428497332.0050882,471.0,0.9499999999999997,-0.5
2021-12-13,0.24298932987412333,0.17,0.23,FORCE_SELL,-0.008652683816512114,0.003798118755056351,0.0017390197866521213,0.0017390197866521213,FREE,430124815.75826836,467.45,0.8999999999999997,2.499999999999999
2021-12-14,0.20711911383853118,0.17,0.23,FREE,-0.0034599845267772413,-0.004000998502646831,0.0,-0.004000998502646831,FORCE_SELL,430124815.75826836,463.71,0.8999999999999997,2.499999999999999
2021-12-15,0.22008009669664305,0.17,0.23,FREE,0.019992202391266655,0.019992202391266655,0.0,0.019992202391266655,FORCE_BUY,438723958.1284139,470.91,1.3499999999999996,2.499999999999999
2021-12-16,0.23203305719763276,0.17,0.23,FORCE_SELL,-0.011745783158028444,-0.008117661444350416,0.000952360796596814,0.000952360796596814,FORCE_SELL,439141781.6266632,466.96,1.1499999999999997,2.499999999999999
2021-12-17,0.23276926773061346,0.17,0.23,FORCE_SELL,-0.002054009643034772,-0.002054009643034772,0.0,0.0,FORCE_SELL,439141781.6266632,461.56,-0.5,2.499999999999999
2021-12-20,0.1649409912753329,0.17,0.23,FORCE_BUY,0.009331328498142406,0.0022333274367591673,0.0,0.009331328498142406,FORCE_BUY,443239557.84828115,456.46,2.349999999999999,-0.5
2021-12-21,0.19585228900812382,0.17,0.23,FREE,0.011255354489028707,0.005935147272140857,0.004152460879447465,0.005935147272140857,FORCE_BUY,448228376.19542396,462.71,-0.5,2.4499999999999993
2021-12-22,0.17607565473006823,0.17,0.23,FREE,0.013030867137105464,0.0015801549850641818,0.0015801549850641818,0.0015801549850641818,FORCE_BUY,454069180.6127071,468.0,-0.5,2.349999999999999
2021-12-23,0.1930532145693149,0.21,0.23,FORCE_BUY,0.0,0.0,0.0,0.0,FORCE_BUY,454069180.6127071,470.51,-0.5,2.349999999999999
2021-12-27,0.16824096941214242,0.21,0.23,FORCE_BUY,0.010486621613033157,0.003906440571271192,0.0,0.010486621613033157,FORCE_BUY,458830832.2959326,476.98,-0.5,2.349999999999999
2021-12-28,0.19257127146928935,0.21,0.23,FORCE_BUY,-0.0004813628848287125,0.0022225881309592944,0.0006906510956237046,-0.0004813628848287125,FREE,459850624.2579117,477.58,-0.5,2.349999999999999
2021-12-29,0.1873102870163101,0.21,0.23,FORCE_BUY,-0.0017786147729649503,0.000742833228708948,0.000742833228708948,-0.0017786147729649503,FREE,460192216.58185303,477.05,-0.5,2.349999999999999
2021-12-30,0.22299396756450363,0.21,0.23,FREE,-0.006947786962436026,-0.007653743331083033,0.00016741655331163364,-0.007653743331083033,FORCE_SELL,460269260.37661403,474.53,1.2499999999999996,1.8499999999999996
2021-12-31,0.2157141261625489,0.21,0.23,FREE,-0.001071811361200433,0.0010527621532141324,0.00012609545425889494,0.0010527621532141324,FREE,460753814.4342264,475.32,1.2499999999999996,1.9999999999999996
2022-01-03,0.16695802170734975,0.21,0.23,FORCE_BUY,0.00256098072966956,-0.00012506405211233575,0.0002099164532515692,0.00256098072966956,FORCE_BUY,461933796.0741142,477.6,1.0999999999999996,-0.5
2022-01-04,0.19210750520958852,0.21,0.23,FORCE_BUY,-0.003448347927856412,0.001024054839181609,0.001024054839181609,-0.003448347927856412,FREE,462406841.6133654,476.84,1.4999999999999996,-0.5
2022-01-05,0.3094687161561417,0.21,0.23,FORCE_SELL,-0.016999958076552166,-0.010042113870603959,0.00025154068670610005,0.00025154068670610005,FORCE_SELL,462523155.74784243,468.95,1.4999999999999996,-0.5
2022-01-06,0.2340641542562972,0.21,0.23,FORCE_SELL,0.0035689861514787286,0.002243973328774194,0.0,0.0,FORCE_BUY,464173894.4854447,469.59,2.349999999999999,2.0999999999999996
2022-01-07,0.23658146567526414,0.21,0.23,FORCE_SELL,-0.002099040438656654,0.0006613690150647511,0.0,0.0,FREE,464480884.71685934,465.9,1.9499999999999993,-0.5
2022-01-10,0.23583357489029208,0.21,0.23,FORCE_SELL,-0.0009005145797597127,-0.010675385934819755,0.0,0.0,FORCE_SELL,464480884.71685934,465.98,-0.5,1.2999999999999996
2022-01-11,0.22679971292693232,0.18,0.23,FREE,0.0,0.0,0.0,0.0,FORCE_BUY,464480884.71685934,469.93,2.2999999999999994,2.2999999999999994
2022-01-12,0.21564395527230742,0.18,0.23,FREE,0.0,0.0,0.0,0.0,FORCE_BUY,464480884.71685934,470.77,2.4499999999999993,2.2999999999999994
2022-01-13,0.2943895354339754,0.18,0.23,FORCE_SELL,0.0,0.0,0.0,0.0,FORCE_BUY,464480884.71685934,464.68,2.4499999999999993,2.2999999999999994
2022-01-14,0.19416353739213513,0.18,0.23,FREE,0.004121709106603485,0.004121709106603485,0.0,0.004121709106603485,FORCE_BUY,466395339.80924004,465.31,1.9999999999999996,-0.5
2022-01-18,0.21807616400281693,0.21,0.23,FREE,-0.01220067179542745,-0.006588846413229538,-0.00294723155271424,-0.006588846413229538,FORCE_SELL,465020764.74771535,455.82,2.499999999999999,-0.5
2022-01-19,0.2720053026586091,0.21,0.23,FORCE_SELL,-0.008596491228070208,0.008107141861262043,0.001995614035087777,0.001995614035087777,FREE,468790754.0559576,452.08,2.499999999999999,1.5999999999999996
2022-01-20,0.3139127655937117,0.21,0.23,FORCE_SELL,-0.019493693216900473,-0.024601936728508744,0.0,0.0,FORCE_SELL,468790754.0559576,444.64,2.3999999999999995,1.1999999999999997
2022-01-21,0.28875103063995994,0.21,0.23,FORCE_SELL,-0.017332583005064784,-0.001243304651750416,0.0,0.0,FORCE_SELL,468790754.0559576,436.55,-0.5,1.1499999999999997
2022-01-24,0.29392937682074355,0.21,0.23,FORCE_SELL,-0.001739369249782525,-0.01251888131093506,0.0,0.0,FORCE_SELL,468790754.0559576,436.18,-0.5,1.6999999999999993
2022-01-25,0.26010716641916426,0.21,0.23,FORCE_SELL,-0.000276682575914827,0.010154458839981177,0.0,0.0,FREE,473551070.4725825,433.59,-0.5,-0.5
2022-01-26,0.2961739700110317,0.21,0.23,FORCE_SELL,-0.01622395419118808,0.0020677588675045047,0.0,0.0,FREE,474530259.89776844,432.95,2.3999999999999995,-0.5
2022-01-27,0.2841565261961531,0.21,0.23,FORCE_SELL,0.0031250723396373387,-0.0060526501886300965,0.0,0.0,FORCE_BUY,476013201.28729594,433.34,-0.5,-0.5
2022-01-28,0.25962070621859623,0.21,0.23,FORCE_SELL,0.025694541069523666,0.014864802189137737,0.0,0.0,FORCE_BUY,488244142.0374078,442.3,-0.5,-0.5
2022-01-31,0.22675363077307478,0.21,0.23,FREE,0.014507163194287475,-0.0049487052017896755,0.0,-0.0049487052017896755,FORCE_BUY,495327179.48459935,448.96,-0.5,-0.5
2022-02-01,0.19817915661988228,0.24,0.26,FORCE_BUY,0.0,0.0,0.0,0.0,FORCE_BUY,495327179.48459935,455.11,2.2499999999999996,-0.5
2022-02-02,0.19240500810288155,0.185,0.23,FREE,0.0,0.0,0.0,0.0,FORCE_BUY,495327179.48459935,452.69,2.2499999999999996,-0.5
2022-02-03,0.25924662791523767,0.24,0.26,FREE,0.0,0.0,0.0,0.0,FORCE_BUY,495327179.48459935,451.29,2.2499999999999996,-0.5
2022-02-04,0.25197589214419397,0.24,0.26,FREE,0.005107755723822718,0.007504816524037796,0.0,0.007504816524037796,FREE,499044519.08600044,448.66,1.8499999999999996,-0.5
2022-02-07,0.24216682303155332,0.24,0.26,FREE,0.0,0.0,0.0,0.0,FORCE_BUY,499044519.08600044,448.13,1.9499999999999993,-0.5
2022-02-08,0.2053927451736448,0.24,0.26,FORCE_BUY,0.009749116765797457,-0.0003123592038535614,0.0,0.009749116765797457,FORCE_BUY,503909762.3739011,451.58,1.9499999999999993,-0.5
2022-02-09,0.18654945376827173,0.24,0.26,FORCE_BUY,0.007388130472178633,0.0016315966294955283,0.00030875769137467414,0.007388130472178633,FORCE_BUY,507632713.444524,456.78,1.0999999999999996,-0.5
2022-02-10,0.2677916166224837,0.24,0.26,FORCE_SELL,-0.02014451499890519,-0.011107283891512047,0.00041602802715121984,0.00041602802715121984,FORCE_SELL,507843902.88081574,447.5,1.2499999999999996,2.499999999999999
2022-02-11,0.2865824273978879,0.24,0.26,FORCE_SELL,-0.00022696323195655363,-0.00022696323195655363,0.0,0.0,FORCE_SELL,507843902.88081574,440.5,2.1999999999999993,2.4499999999999993
2022-02-14,0.21765526289992776,0.24,0.26,FORCE_BUY,0.007497707053104771,0.007360359534073242,0.0,0.007497707053104771,FORCE_BUY,511651567.6933215,439.3899,2.4499999999999993,-0.5
2022-02-15,0.18042800148389274,0.24,0.26,FORCE_BUY,0.001779680108132476,0.0021775541265403953,-0.0001351655778328618,0.001779680108132476,FREE,512765716.67590296,444.69,2.0499999999999994,0.7499999999999998
2022-02-16,0.20045634922962496,0.24,0.26,FORCE_BUY,-0.0026177319403118556,0.006952156008391827,0.0011409651222621057,-0.0026177319403118556,FREE,516330543.9339887,445.8199,1.6499999999999995,0.8999999999999997
2022-02-17,0.27661157291027766,0.24,0.26,FORCE_SELL,-0.01909398909555968,-0.006922960425121741,-0.0014135385581906773,-0.0014135385581906773,FORCE_SELL,515600690.8013664,437.18,1.6999999999999993,0.7999999999999998
2022-02-18,0.23698657311620588,0.24,0.26,FORCE_BUY,-0.009691831824951107,-0.0010234085615000257,0.0,-0.009691831824951107,FORCE_SELL,515600690.8013664,432.22,1.3999999999999995,1.1999999999999997
2022-02-22,0.24200052899471283,0.23,0.26,FREE,0.004392794886693773,0.0017255501410225246,0.0035560720511329793,0.0017255501410225246,FORCE_BUY,517865618.87949437,432.14,2.0999999999999996,1.2499999999999996
2022-02-23,0.2716208563986035,0.23,0.26,FORCE_SELL,-0.033683239127927,-0.025924450326741157,0.00011535355865736736,0.00011535355865736736,FORCE_SELL,517925356.5215384,418.85,2.3999999999999995,-0.5
2022-02-24,0.28511328509103095,0.23,0.26,FORCE_SELL,0.027477564411849956,0.027477564411849956,0.0,0.0,FORCE_BUY,532156683.86588925,425.91,2.3999999999999995,1.1999999999999997
2022-02-25,0.26064029232591257,0.23,0.26,FORCE_SELL,0.03406728406728421,0.01877794955588116,0.0,0.0,FORCE_BUY,550285816.7834525,437.7,-0.5,-0.5
2022-02-28,0.2357003378634517,0.23,0.265,FREE,0.009900303023293285,0.0027347747923709177,0.0,0.0027347747923709177,FORCE_BUY,555733813.1190292,436.59,-0.5,-0.5
2022-03-01,0.2923326882622619,0.24,0.265,FORCE_SELL,-0.01176901589046119,0.0019250330664212208,-0.005518157256033418,-0.005518157256033418,FREE,556803619.0854115,431.6,-0.5,-0.5
2022-03-02,0.15141289770123584,0.24,0.265,FORCE_BUY,0.01892068226302523,0.006187236385479524,0.0,0.01892068226302523,FORCE_BUY,567338723.4450291,437.28,1.5499999999999994,-0.5
2022-03-03,0.16225416273871365,0.24,0.265,FORCE_BUY,-0.01982232980885611,-0.004874411142049038,-0.0008221242777866126,-0.01982232980885611,FORCE_SELL,566872300.5067565,429.21,0.7499999999999998,-0.5
2022-03-04,0.13566530818466954,0.24,0.265,FORCE_BUY,-0.0007877299476392446,0.0018356700748715221,0.0025022010101477866,-0.0007877299476392446,FORCE_SELL,568290728.9497094,431.28,0.5999999999999996,2.499999999999999
2022-03-07,0.20396232104899534,0.24,0.265,FORCE_BUY,-0.016222561333489725,-0.01304975808724316,0.0004930156121611186,-0.016222561333489725,FORCE_SELL,568570905.1513281,419.04,0.5999999999999996,-0.5
2022-03-08,0.21636858959115968,0.24,0.265,FORCE_BUY,-0.006071428571428672,0.00011629873338524188,0.0037857142857142074,-0.006071428571428672,FORCE_SELL,570723352.149401,417.45,2.1499999999999995,-0.5
2022-03-09,0.17139074550453884,0.21,0.265,FORCE_BUY,0.013618030842230105,0.002495944827149367,0.0009489916963226167,0.013618030842230105,FORCE_BUY,578495480.3613524,427.24,2.4499999999999993,-0.5
2022-03-10,0.14130623450355242,0.21,0.265,FORCE_BUY,0.0013192301349856151,0.0002645951178996925,-0.0008480765153477816,0.0013192301349856151,FORCE_BUY,579258649.0319982,425.05,2.2999999999999994,1.8999999999999995
2022-03-11,0.19416838393213498,0.21,0.265,FORCE_BUY,-0.013437639485986825,-0.010714538473304797,0.002795592830126587,-0.013437639485986825,FORCE_SELL,580878020.3580209,419.95,2.349999999999999,2.0499999999999994
2022-03-14,0.19242521916682398,0.21,0.265,FORCE_BUY,-0.011379228767447366,-0.004133227772739623,0.0016323633782823973,-0.011379228767447366,FORCE_SELL,581826224.3657025,417.89,2.499999999999999,-0.5
2022-03-15,0.15620611963120795,0.19,0.265,FORCE_BUY,0.023309518654831485,0.008828269707247805,0.008828269707247805,0.023309518654831485,FORCE_BUY,595388313.596425,425.4,2.2999999999999994,-0.5
2022-03-16,0.16242827264623508,0.19,0.265,FORCE_BUY,0.016496959246918408,-0.0001901587928540499,0.001048535545354985,0.016496959246918408,FORCE_BUY,605210410.3419168,436.25,2.2999999999999994,2.4499999999999993
2022-03-17,0.14317244869255774,0.19,0.265,FORCE_BUY,0.005618492867953863,0.004214498568007749,0.0009173049580331481,0.005618492867953863,FORCE_BUY,608610780.7160343,438.51,2.349999999999999,2.1999999999999993
2022-03-18,0.13378996236006238,0.19,0.265,FORCE_BUY,0.017100456621004494,0.005410958904109487,0.005410958904109487,0.017100456621004494,FORCE_BUY,619018302.9707445,445.49,2.349999999999999,2.3999999999999995
2022-03-21,0.132486940383766,0.19,0.265,FORCE_BUY,0.0008120178643929711,0.0008753799088637335,0.0036991924933459266,0.0008120178643929711,FORCE_SELL,621308170.8303375,443.7,1.4499999999999995,2.349999999999999
2022-03-22,0.12596000714428884,0.19,0.265,FORCE_BUY,0.01212080325620089,0.004775950409549086,0.0026085587712789634,0.01212080325620089,FORCE_BUY,628838924.9304421,450.08,1.4999999999999996,-0.5
2022-03-23,0.17228336019818438,0.21,0.265,FORCE_BUY,-0.01183116132188782,-0.009817290401890659,-0.004959302584174855,-0.01183116132188782,FORCE_SELL,625720322.4250048,444.34,1.2499999999999996,-0.5
2022-03-24,0.1320935260494959,0.21,0.265,FORCE_BUY,0.011093893866918132,0.006888017030185419,0.0033910485301713697,0.011093893866918132,FORCE_BUY,632661997.2723616,450.23,1.4999999999999996,-0.5
2022-03-25,0.11872394931014789,0.21,0.265,FORCE_BUY,0.004658385093167476,-0.000532386867790636,-0.000532386867790636,0.004658385093167476,FORCE_BUY,635609180.4894687,452.9,1.0999999999999996,-0.5
2022-03-28,0.12135059727612528,0.185,0.265,FORCE_BUY,0.008518452960439028,-0.0021665581698999303,0.0002655102221434663,0.008518452960439028,FORCE_BUY,641023587.3946913,455.81,-0.5,-0.5
2022-03-29,0.12519139748218086,0.185,0.265,FORCE_BUY,0.009214471754689531,0.007487018915560691,0.003545711221519522,0.009214471754689531,FORCE_BUY,646930281.1348295,461.1,-0.5,-0.5
2022-03-30,0.14853255181902514,0.185,0.265,FORCE_BUY,-0.003214875314970829,-0.000524188584235053,0.0005864975236772468,-0.003214875314970829,FORCE_SELL,647309704.142707,458.88,1.6999999999999993,-0.5
2022-03-31,0.18876056914016906,0.185,0.265,FREE,-0.013925152306353597,-0.013925152306353597,-0.013925152306353597,-0.013925152306353597,FORCE_BUY,638295817.9231391,453.2,-0.5,-0.5
2022-04-01,0.12945658663417556,0.185,0.265,FORCE_BUY,-0.0008596367483687219,-0.001168224299065432,-0.001168224299065432,-0.0008596367483687219,FORCE_BUY,637747115.3817223,453.29,2.1999999999999993,-0.5
2022-04-04,0.13011667836802615,0.185,0.265,FORCE_BUY,0.008441429297505318,0.00030754765145486035,-0.0006629394736258428,0.008441429297505318,FORCE_BUY,643130612.5659051,456.35,2.1499999999999995,-0.5
2022-04-05,0.19426495440403221,0.185,0.265,FREE,-0.013186092280778536,-0.003528544427652341,-0.00045921714410666995,-0.003528544427652341,FORCE_SELL,642835275.962715,451.27,2.1499999999999995,-0.5
2022-04-06,0.21615655771543796,0.185,0.265,FREE,-0.01345092738271975,-0.01345092738271975,-0.01345092738271975,-0.01345092738271975,FORCE_BUY,634188545.3466899,445.2,0.7999999999999998,1.8499999999999996
2022-04-07,0.2524194333171424,0.185,0.265,FREE,0.007852111096154704,0.00466108642730726,0.0034773634854400083,0.00466108642730726,FORCE_BUY,639168264.2606609,449.24,0.8499999999999996,0.9499999999999997
2022-04-08,0.2549803781345001,0.185,0.265,FREE,-0.0073025103766675235,-0.0006334700149346743,0.0005327059241337875,-0.0006334700149346743,FORCE_SELL,639508752.9815508,447.24,-0.5,1.5499999999999994
2022-04-11,0.24006461106629465,0.185,0.265,FREE,-0.015759665107116433,-0.017857693509630044,-0.004454791699312719,-0.017857693509630044,FORCE_SELL,636659874.6971308,439.67,1.8499999999999996,1.5499999999999994
2022-04-12,0.27155982345352797,0.185,0.23,FORCE_SELL,0.002530837456394268,0.009409005454126358,0.003214847579744235,0.003214847579744235,FREE,642650210.9305794,439.7,1.5999999999999996,-0.5
2022-04-13,0.2366723525881489,0.185,0.23,FORCE_SELL,0.005081900267707073,0.0037872554730050685,0.0,0.0,FORCE_BUY,645916095.2095495,443.02,1.7999999999999994,-0.5
2022-04-14,0.2964881582560443,0.185,0.23,FORCE_SELL,0.0,0.0,0.0,0.0,FORCE_BUY,645916095.2095495,437.82,1.7499999999999996,1.3499999999999996
2022-04-18,0.2046069042709275,0.185,0.23,FREE,0.010817390505500542,0.00800560392266429,0.0,0.00800560392266429,FORCE_BUY,652903221.8452193,440.12,1.9499999999999993,0.9499999999999997
2022-04-19,0.2520626914662754,0.185,0.23,FORCE_SELL,0.012790644557123913,-0.001219073712389959,0.0,0.0,FORCE_BUY,661254274.8860425,443.42,1.6499999999999995,2.4499999999999993
2022-04-20,0.24899045626694735,0.185,0.23,FORCE_SELL,0.0032828907426978365,0.0032828907426978365,0.0,0.0,FORCE_BUY,663425100.4236352,446.19,-0.5,1.9999999999999996
2022-04-21,0.3368514217131111,0.185,0.23,FORCE_SELL,-0.016321476812246705,-0.016321476812246705,0.0,0.0,FORCE_SELL,663425100.4236352,436.95,1.6999999999999993,2.0499999999999994
2022-04-22,0.2982518404714676,0.185,0.23,FORCE_SELL,-0.028443833734111728,-0.020924707352323442,0.0,0.0,FORCE_SELL,663425100.4236352,424.23,2.2999999999999994,-0.5
2022-04-25,0.21505778217887594,0.185,0.23,FREE,0.012478729438457233,0.0048102109075845514,0.0,0.0048102109075845514,FORCE_BUY,671703802.7545031,428.4,2.2999999999999994,-0.5
2022-04-26,0.27779522957007535,0.185,0.23,FORCE_SELL,-0.02325799493575909,-0.017982557265644416,0.0,0.0,FORCE_SELL,671703802.7545031,416.6,-0.5,-0.5
2022-04-27,0.26108251025074564,0.185,0.23,FORCE_SELL,0.002981016884479775,0.019272851413394767,0.0,0.0,FREE,684649450.3388029,420.57,-0.5,1.9999999999999996
2022-04-28,0.2856195454640146,0.185,0.265,FORCE_SELL,0.0022697718406431843,-0.015340455794237687,0.0,0.0,FORCE_BUY,686203448.3818939,423.91,-0.5,1.8999999999999995
2022-04-29,0.289483280685984,0.185,0.265,FORCE_SELL,-0.02477291494632529,-0.014307266606045328,0.0,0.0,FORCE_SELL,686203448.3818939,413.35,2.4499999999999993,2.349999999999999
2022-05-02,0.21838435090485664,0.24,0.265,FORCE_BUY,0.00339221244941991,0.00339221244941991,0.0,0.00339221244941991,FORCE_BUY,688531196.2623298,414.11,2.4499999999999993,1.7999999999999994
2022-05-03,0.2413227079653355,0.24,0.265,FREE,0.0030795881050908213,0.004119840766481947,-0.0031517659513041357,0.004119840766481947,FREE,691367835.1536859,416.92,2.4499999999999993,1.7999999999999994
2022-05-04,0.28543212284664227,0.24,0.265,FORCE_SELL,0.03203413117362068,0.033153824881044604,0.0,0.0,FREE,714289323.2887582,428.16,-0.5,-0.5
2022-05-05,0.2820684952106121,0.24,0.265,FORCE_SELL,-0.029724538555232882,-0.029701777630476364,0.0,0.0,FORCE_SELL,714289323.2887582,414.23,2.499999999999999,-0.5
2022-05-06,0.23914162964285568,0.24,0.265,FORCE_BUY,-0.0033730495765486816,0.010418856749840201,0.0,-0.0033730495765486816,FREE,721731401.426044,410.7,-0.5,2.3999999999999995
2022-05-09,0.23778997138964955,0.23,0.265,FREE,-0.017632303757623317,-0.014868212599275238,-0.0008361204013377168,-0.014868212599275238,FORCE_SELL,721127947.0770257,399.47,2.349999999999999,-0.5
2022-05-10,0.23910344773197378,0.23,0.265,FREE,-0.005165572829585967,-0.010808205498354614,0.0008484515758739815,-0.010808205498354614,FORCE_SELL,721739789.22013,398.66,-0.5,-0.5
2022-05-11,0.24973186192514082,0.23,0.265,FREE,-0.01677609406595591,-0.008038021294532703,0.0002746086826272675,-0.008038021294532703,FORCE_SELL,721937985.2328475,393.85,-0.5,-0.5
2022-05-12,0.20825102744026106,0.23,0.265,FORCE_BUY,0.0034650564345589216,-0.00010191342454583109,-0.00010191342454583109,0.0034650564345589216,FORCE_BUY,724439541.093931,393.85,-0.5,-0.5
2022-05-13,0.224019572218609,0.23,0.265,FORCE_BUY,0.013501577287066267,0.01077532989479616,0.0011608832807569016,0.013501577287066267,FORCE_BUY,734220617.5478176,401.6,2.349999999999999,-0.5
2022-05-16,0.2241232546139258,0.23,0.265,FORCE_BUY,0.0011000550027499517,0.0028187869698297614,0.005975298764938215,0.0011000550027499517,FORCE_SELL,738607805.0970432,400.42,-0.5,-0.5
2022-05-17,0.19170776415659896,0.23,0.265,FORCE_BUY,0.01534749514949516,0.0071769664260306325,0.004601761106412596,0.01534749514949516,FORCE_BUY,749943584.8031493,408.19,-0.5,-0.5
2022-05-18,0.25356359635186637,0.23,0.265,FREE,-0.04294945821764673,-0.03580892124812475,-0.024570628270965008,-0.03580892124812475,FORCE_SELL,731516999.7567562,389.51,2.3999999999999995,-0.5
2022-05-19,0.23088182525688916,0.21,0.23,FORCE_SELL,0.004501376134989826,-0.0017748283046531777,-0.0017748283046531777,-0.0017748283046531777,FORCE_BUY,734809832.9218006,390.52,-0.5,-0.5
2022-05-20,0.22929303020798716,0.185,0.23,FREE,-0.007898813908008109,-0.021673448436995237,0.0,-0.021673448436995237,FORCE_SELL,734809832.9218006,390.62,2.349999999999999,-0.5
2022-05-23,0.19979765566082322,0.185,0.225,FREE,0.0037657116686173266,0.008242883265829493,0.0,0.008242883265829493,FREE,740866784.5971587,394.5,2.499999999999999,-0.5
2022-05-24,0.18672967787438724,0.185,0.225,FREE,0.008129874101636228,0.016828691299069578,-0.00086650695754106,0.016828691299069578,FREE,753334603.0088786,395.57,2.0999999999999996,-0.5
2022-05-25,0.20018719892172318,0.185,0.225,FREE,0.005245552683594439,0.007164774319897061,-0.0007855658608281339,0.007164774319897061,FREE,758732075.4268064,396.69,1.1999999999999997,-0.5
2022-05-26,0.12636455097114505,0.185,0.225,FORCE_BUY,0.01685477802859295,0.007354003024152597,-0.00010032605969390492,0.01685477802859295,FORCE_BUY,771520336.141299,405.42,2.2499999999999996,-0.5
2022-05-27,0.11459500148980228,0.185,0.225,FORCE_BUY,0.028863484852225865,0.0017777338831139453,0.0017777338831139453,0.028863484852225865,FORCE_BUY,793789101.6766975,416.7,2.0999999999999996,-0.5
2022-05-31,0.12472334605576761,0.185,0.225,FORCE_BUY,0.0016187484899733353,0.011976763676003897,0.0014013046629620391,0.0016187484899733353,FREE,803296126.1560668,414.57,2.0999999999999996,-0.5
2022-06-01,0.15160859231777532,0.185,0.225,FORCE_BUY,-0.013071737502114367,-0.016282492113562735,-0.001691352357020424,-0.013071737502114367,FORCE_SELL,801937469.3597074,408.46,2.0999999999999996,-0.5
2022-06-02,0.1236252941931606,0.185,0.225,FORCE_BUY,0.01792324176894599,0.002459575297097255,0.002459575297097255,0.01792324176894599,FORCE_BUY,816310788.506618,418.0,2.1999999999999993,-0.5
2022-06-03,0.13464982662949965,0.185,0.225,FORCE_BUY,-0.015547771006286258,-0.001338786230484898,-0.0016795431642594243,-0.015547771006286258,FREE,815217922.8631691,410.3,2.499999999999999,-0.5
2022-06-06,0.14831914556546244,0.185,0.225,FORCE_BUY,-0.005912875588270936,0.003659933106743087,0.0009895016290573607,-0.005912875588270936,FREE,818201565.9282663,411.9,2.2999999999999994,-0.5
2022-06-07,0.12760039807202841,0.185,0.225,FORCE_BUY,0.009866017052375239,0.012951254508166216,0.005870889159561547,0.009866017052375239,FREE,828798302.6475835,414.55,-0.5,2.1999999999999993
2022-06-08,0.14342174215685285,0.185,0.225,FORCE_BUY,-0.005797101449275475,-0.005797101449275475,-0.005797101449275475,-0.005797101449275475,FORCE_BUY,823993674.8061482,411.6,-0.5,1.8499999999999996
2022-06-09,0.16837825777270396,0.185,0.225,FORCE_BUY,-0.02232056020229516,-0.018741684423356077,-0.0033553783310639337,-0.02232056020229516,FORCE_SELL,821228864.2847699,402.1,1.9999999999999996,1.9999999999999996
2022-06-10,0.15108757581932886,0.185,0.225,FORCE_BUY,-0.02646545273135442,-0.02646545273135442,-0.02646545273135442,-0.02646545273135442,FORCE_BUY,799494670.5954175,390.29,2.1499999999999995,2.499999999999999
2022-06-13,0.20624404720932488,0.185,0.225,FREE,-0.0157824482424686,-0.012804666122719823,-0.0013871803596198927,-0.012804666122719823,FORCE_SELL,798385627.2907467,376.04,1.6499999999999995,-0.5
2022-06-14,0.19665578903030698,0.185,0.225,FREE,-0.00957051332753298,0.007869889545020424,-0.0009755068680956381,0.007869889545020424,FREE,804668833.9918567,375.66,-0.5,-0.5
2022-06-15,0.25287610306455705,0.185,0.225,FORCE_SELL,0.017079669597655153,0.02675368995075605,0.0,0.0,FREE,826196694.4895113,381.71,-0.5,-0.5
2022-06-16,0.18706382678417785,0.185,0.265,FREE,-0.013760729613733919,-0.0011471478629299383,0.0,-0.0011471478629299383,FORCE_SELL,826196694.4895113,367.67,-0.5,-0.5
2022-06-17,0.19494656211704942,0.185,0.265,FREE,-0.003644572578671195,0.020823954500285527,0.0020670710147686383,0.020823954500285527,FREE,843401376.8638471,366.33,-0.5,-0.5
2022-06-21,0.2084395575064216,0.185,0.265,FREE,0.006095596133190134,0.0012087405105543183,0.0007518796992481407,0.0012087405105543183,FORCE_BUY,848542411.0353856,374.67,-0.5,-0.5
2022-06-22,0.2319671108787779,0.185,0.265,FREE,0.012497622734805895,0.01720191276476967,0.02806531366316179,0.01720191276476967,FORCE_SELL,872357019.9575894,372.67,-0.5,-0.5
2022-06-23,0.18940571042301216,0.185,0.265,FREE,0.011327338612266667,0.0037578848476714595,0.0037578848476714595,0.0037578848476714595,FORCE_BUY,882238503.313437,376.77,-0.5,-0.5
2022-06-24,0.209373531730123,0.185,0.265,FREE,0.02216800461724125,0.0007607954247338244,0.0,0.0007607954247338244,FORCE_BUY,901795970.5283972,389.63,-0.5,-0.5
2022-06-27,0.21439480434639227,0.185,0.265,FREE,-0.004935808910030371,0.0028704929337237646,0.0,0.0028704929337237646,FREE,904384569.4894595,389.09,-0.5,-0.5
2022-06-28,0.2688848176863687,0.185,0.265,FORCE_SELL,-0.024839477117495234,-0.019476692937262466,0.0,0.0,FORCE_SELL,904384569.4894595,381.2,1.2499999999999996,-0.5
2022-06-29,0.20004797470642655,0.185,0.265,FREE,-0.0014188869620053728,0.003363287613642373,0.0,0.003363287613642373,FREE,907426274.9099928,380.04,2.499999999999999,-0.5
2022-06-30,0.2114965125017695,0.185,0.265,FREE,0.006319999999999926,-0.004715634846692154,0.0,-0.004715634846692154,FORCE_BUY,913161208.9674239,377.37,2.4499999999999993,-0.5
2022-07-01,0.19454893960954264,0.185,0.265,FREE,0.018576927189137254,0.017779593333752192,0.0,0.017779593333752192,FORCE_BUY,930124938.2583562,381.07,2.499999999999999,-0.5
2022-07-05,0.19431036322356812,0.185,0.265,FREE,0.0016828376850464408,-0.003704935599050912,0.0,-0.003704935599050912,FORCE_BUY,931690187.5562588,380.95,-0.5,-0.5
2022-07-06,0.19998489031434083,0.185,0.265,FREE,0.0034793982995421392,0.001292258500891571,-0.00143884892086343,0.001292258500891571,FORCE_BUY,934931908.8105422,383.58,2.3999999999999995,-0.5
2022-07-07,0.18875358575336879,0.185,0.265,FREE,0.0020913907554901716,0.003900117062293631,0.0,0.003900117062293631,FREE,938578252.700177,388.16,2.4499999999999993,-0.5
2022-07-08,0.1857601634719123,0.185,0.265,FREE,0.001959116335421392,0.002347298752032473,-0.0003351120047429946,0.002347298752032473,FREE,940781376.261425,388.69,1.8499999999999996,-0.5
2022-07-11,0.20224127942207829,0.185,0.265,FREE,-0.0022297122115633727,-0.000617578428830806,0.0,-0.000617578428830806,FORCE_SELL,940781376.261425,384.84,1.9999999999999996,2.499999999999999
2022-07-12,0.23620990912498543,0.185,0.265,FREE,-0.002123476209201736,0.002175907720539976,0.0,0.002175907720539976,FREE,942828429.7213724,380.64,2.2999999999999994,-0.5
2022-07-13,0.21942014378223407,0.185,0.265,FREE,-0.0052848536095550245,-0.0052848536095550245,0.0,-0.0052848536095550245,FORCE_SELL,942828429.7213724,376.44,1.7999999999999994,-0.5
2022-07-14,0.2112165484235141,0.185,0.265,FREE,0.008288173414090012,-0.001275103602167661,-0.001275103602167661,-0.001275103602167661,FORCE_BUY,950642755.2466373,379.56,2.2499999999999996,-0.5
2022-07-15,0.21483632919249285,0.185,0.265,FREE,0.0,0.0,0.0,0.0,FORCE_BUY,950642755.2466373,385.2,2.499999999999999,2.2499999999999996
2022-07-18,0.28227749932713503,0.185,0.265,FORCE_SELL,-0.01489197530864207,-0.011312248578166158,0.0,0.0,FORCE_SELL,950642755.2466373,383.01,-0.5,2.4499999999999993
2022-07-19,0.24437969755978692,0.185,0.265,FREE,0.0,0.0,0.0,0.0,FORCE_BUY,950642755.2466373,393.0,1.4499999999999995,-0.5
2022-07-20,0.14506011406752853,0.185,0.265,FORCE_BUY,0.006407965279550514,0.006407965279550514,0.0,0.006407965279550514,FORCE_BUY,956734441.0155141,394.21,1.4499999999999995,-0.5
2022-07-21,0.1403464612044458,0.185,0.265,FORCE_BUY,0.007639593908629393,0.007276819278480329,0.0045177664974619565,0.007639593908629393,FORCE_BUY,964043503.6232722,397.01,1.3499999999999996,-0.5
2022-07-22,0.16869812560286143,0.185,0.265,FORCE_BUY,-0.007149330379619528,-0.005285068791860609,0.0006796898600342249,-0.007149330379619528,FORCE_SELL,964698754.2173169,394.4,-0.5,-0.5
2022-07-25,0.13740049045746575,0.185,0.265,FORCE_BUY,-0.0005349627300847371,0.0063384209725672385,0.0063384209725672385,-0.0005349627300847371,FREE,970813421.0332574,394.209,2.0499999999999994,-0.5
2022-07-26,0.16893875966838745,0.185,0.265,FORCE_BUY,-0.0020765802269042547,-0.0020765802269042547,-0.0020765802269042547,-0.0020765802269042547,FORCE_BUY,968797449.0791264,394.06,1.4999999999999996,-0.5
2022-07-27,0.17508089780689107,0.185,0.265,FORCE_BUY,0.015209125475285034,0.0028368155903134326,0.0018504435994930533,0.015209125475285034,FORCE_BUY,983532011.0423069,400.5,1.8999999999999995,-0.5
2022-07-28,0.15565211557039615,0.185,0.265,FORCE_BUY,0.018127867544384467,0.0029988879497077742,-0.003042090564532437,0.018127867544384467,FORCE_BUY,1001361349.064144,408.31,1.8499999999999996,2.499999999999999
2022-07-29,0.14543230824366105,0.185,0.265,FORCE_BUY,0.0067284871914071965,0.0016391111155948216,0.001223361307528675,0.0067284871914071965,FORCE_BUY,1008098996.0752925,411.46,-0.5,-0.5
2022-08-01,0.15276592138789283,0.185,0.265,FORCE_BUY,-0.0025778837033975798,-0.0020416963062622135,-0.0007052700697974434,-0.0025778837033975798,FORCE_SELL,1007388014.0259677,410.13,-0.5,-0.5
2022-08-02,0.18535692541180707,0.185,0.265,FREE,-0.0012723891553292936,0.005788732505182175,0.007096016443182987,0.005788732505182175,FORCE_SELL,1014536455.9381615,408.16,2.0499999999999994,-0.5
2022-08-03,0.14507861494394136,0.185,0.265,FORCE_BUY,0.012529365700861484,0.000905442443226335,0.000905442443226335,0.012529365700861484,FORCE_BUY,1027247954.2114666,413.76,2.3999999999999995,-0.5
2022-08-04,0.13980700968018203,0.185,0.265,FORCE_BUY,-0.0005308239835925579,-0.0022980923516326772,-0.0009892628785134676,-0.0005308239835925579,FORCE_BUY,1026702666.3602747,414.23,2.4499999999999993,-0.5
2022-08-05,0.14282469276884582,0.185,0.265,FORCE_BUY,-0.0038355767839051663,0.0019085340760634415,0.0003377237419789989,-0.0038355767839051663,FREE,1028662163.3850085,412.95,2.1499999999999995,-0.5
2022-08-08,0.17204325267669532,0.185,0.265,FORCE_BUY,-0.0014226466049383408,-0.004683828452184673,0.001904899691357861,-0.0014226466049383408,FORCE_SELL,1030621661.6225519,414.13,1.5499999999999994,2.349999999999999
2022-08-09,0.14981118762409748,0.185,0.265,FORCE_BUY,-0.004159512466445807,0.0005955288331247033,0.0004352978162558461,-0.004159512466445807,FREE,1031235426.5380911,411.79,2.0999999999999996,-0.5
2022-08-10,0.12329563783539604,0.185,0.265,FORCE_BUY,0.020478561885096582,0.0014331662647851992,0.0012146240738492684,0.020478561885096582,FORCE_BUY,1052353645.0385554,420.08,2.1499999999999995,-0.5
2022-08-11,0.1730710767937056,0.185,0.265,FORCE_BUY,-0.001425178147268515,-0.0019233742714469266,-0.0006888361045131785,-0.001425178147268515,FORCE_SELL,1051628745.8531368,420.4,1.9999999999999996,2.349999999999999
2022-08-12,0.1372119681836315,0.185,0.265,FORCE_BUY,0.01229857819905229,0.0003791469194314929,0.0003791469194314929,0.01229857819905229,FORCE_BUY,1064562284.2203829,427.19,2.349999999999999,-0.5
2022-08-15,0.12825664541502302,0.185,0.265,FORCE_BUY,0.008211764705882372,0.004242449391744439,0.0002117647058822999,0.008211764705882372,FORCE_BUY,1073304219.2131574,428.49,2.1999999999999993,-0.5
2022-08-16,0.144680158351744,0.185,0.265,FORCE_BUY,0.002823869868608225,0.0007234707927839545,0.0007234707927839545,0.002823869868608225,FORCE_BUY,1076335090.6576436,429.7,2.0999999999999996,2.2499999999999996
2022-08-17,0.1669455410429472,0.185,0.265,FORCE_BUY,-0.006600429144509635,-0.01021531111985255,-0.005947383151413384,-0.006600429144509635,FORCE_SELL,1069933713.4741913,425.93,1.4499999999999995,1.7999999999999994
2022-08-18,0.13323815548188733,0.185,0.265,FORCE_BUY,0.004581013461131763,-0.004756974660697226,0.00014917659219573835,0.004581013461131763,FORCE_BUY,1074835094.218135,427.62,-0.5,1.0999999999999996
2022-08-19,0.16365085160782095,0.185,0.265,FORCE_BUY,-0.011934629182395809,-0.005688767346118755,-0.004267391966986328,-0.011934629182395809,FORCE_SELL,1070248351.5712336,421.4,2.2999999999999994,1.2999999999999996
2022-08-22,0.16795282414961035,0.185,0.265,FORCE_BUY,-0.013286663333095276,-0.013286663333095276,-0.013286663333095276,-0.013286663333095276,FORCE_BUY,1056028322.0411065,414.39,2.2499999999999996,1.5999999999999996
2022-08-23,0.1721835206694273,0.185,0.265,FORCE_BUY,-0.005021971123666037,-0.005021971123666037,-0.005021971123666037,-0.005021971123666037,FORCE_BUY,1050724978.3020425,412.1,2.2499999999999996,1.5999999999999996
2022-08-24,0.14564474424048804,0.185,0.265,FORCE_BUY,0.006493980299160958,0.006786592285414729,0.004669828529733656,0.006493980299160958,FREE,1057855820.3338796,413.82,2.2499999999999996,1.5999999999999996
2022-08-25,0.14426011590190838,0.185,0.265,FORCE_BUY,0.003208581758973407,-0.0002633910399157379,-0.0002633910399157379,0.003208581758973407,FORCE_BUY,1061250037.2226267,418.97,1.9499999999999993,-0.5
2022-08-26,0.2470461442466927,0.185,0.265,FREE,-0.03626819374850876,-0.03448620238246893,-0.002457647339537064,-0.03448620238246893,FORCE_SELL,1058641858.8920629,403.9,1.8499999999999996,-0.5
2022-08-29,0.16478292612269724,0.185,0.225,FORCE_BUY,0.0005701678276607272,0.0070604126165258315,0.005267854929472644,0.0005701678276607272,FREE,1066116307.2289668,403.62,2.3999999999999995,-0.5
2022-08-30,0.18603994074017252,0.185,0.225,FREE,-0.01620153124228203,-0.011327086312542966,-0.0140281551000246,-0.011327086312542966,FREE,1054040315.7977748,398.34,1.4499999999999995,-0.5
2022-08-31,0.19163326941175274,0.185,0.225,FREE,-0.014537069527294623,-0.00327711640815038,0.00045115043360575903,-0.00327711640815038,FORCE_SELL,1054515846.5432849,393.18,2.349999999999999,-0.5
2022-09-01,0.20393353081911145,0.185,0.225,FREE,0.009699839608951325,0.006701418456285978,2.5458896611443845e-05,0.006701418456285978,FORCE_BUY,1064744481.1198523,396.6,2.349999999999999,-0.5
2022-09-02,0.30760650140180745,0.185,0.225,FORCE_SELL,0.004167412369289019,0.0037583724599757158,0.0,0.0,FORCE_BUY,1069181710.4406034,392.76,1.8999999999999995,2.1499999999999995
2022-09-06,0.22336479333488968,0.185,0.225,FREE,-0.006970236581022781,-6.155660685288261e-05,0.0,-6.155660685288261e-05,FORCE_SELL,1069181710.4406034,390.36,-0.5,2.2999999999999994
2022-09-07,0.2504536172222293,0.185,0.225,FORCE_SELL,0.016495741796884858,0.008217686048212665,0.001278739674177137,0.001278739674177137,FORCE_BUY,1086818655.8699834,397.46,1.6499999999999995,-0.5
2022-09-08,0.2231097201232667,0.185,0.225,FREE,0.0096488134226835,-0.002948129374858263,0.0,-0.002948129374858263,FORCE_BUY,1097305166.3047645,400.77,1.4999999999999996,-0.5
2022-09-09,0.21999918735897395,0.185,0.225,FREE,0.00719067691544745,0.001983635011158089,0.0,0.001983635011158089,FORCE_BUY,1105195533.2333136,406.2,1.2499999999999996,-0.5
2022-09-12,0.12521410997047763,0.185,0.225,FORCE_BUY,0.009150006132711866,0.003769897924604382,0.0,0.009150006132711866,FORCE_BUY,1115308079.1402442,411.38,1.7999999999999994,-0.5
2022-09-13,0.20838759231609602,0.185,0.225,FREE,-0.044881431550361076,-0.009510224829724795,0.0008244023083265116,-0.009510224829724795,FORCE_SELL,1116227541.6951828,393.91,1.0999999999999996,-0.5
2022-09-14,0.158199874556608,0.185,0.225,FORCE_BUY,0.0015454384231461218,0.012000266067998604,0.0011400775252717326,0.0015454384231461218,FREE,1129622569.187953,395.32,1.7999999999999994,-0.5
2022-09-15,0.19351101922151104,0.185,0.225,FREE,-0.020095040695617118,-0.01986512466595819,-0.000985794449218987,-0.01986512466595819,FORCE_SELL,1128508993.529535,387.67,1.6999999999999993,-0.5
2022-09-16,0.18702898614413968,0.185,0.225,FREE,0.004928664072632967,0.00044098573281466314,0.00044098573281466314,0.00044098573281466314,FORCE_BUY,1134071035.2615871,387.4,2.499999999999999,-0.5
2022-09-19,0.22540272124420455,0.185,0.225,FORCE_SELL,0.017437155759743275,0.0014359341087958927,0.0,0.0,FORCE_BUY,1153846008.5460567,389.77,2.499999999999999,2.1499999999999995
2022-09-20,0.2050267184485314,0.185,0.265,FREE,-0.009254246900214045,-0.004691674189436437,0.0,-0.004691674189436437,FORCE_SELL,1153846008.5460567,384.34,2.499999999999999,2.1499999999999995
2022-09-21,0.283227023581059,0.185,0.265,FORCE_SELL,-0.0230753203458693,0.025683736637783776,0.008177935201583622,0.008177935201583622,FREE,1183481085.5501118,375.1,-0.5,-0.5
2022-09-22,0.22776489730768767,0.185,0.265,FREE,-0.008461131676361647,0.0017631267980321318,0.0,0.0017631267980321318,FREE,1185567712.7670093,375.0,-0.5,-0.5
2022-09-23,0.2128820631307992,0.185,0.265,FREE,-0.013052451019806462,-0.0074319073300886575,0.0,-0.0074319073300886575,FORCE_SELL,1185567712.7670093,368.24,-0.5,-0.5
2022-09-26,0.24281252391348218,0.185,0.265,FREE,-0.0056377154996323986,-0.011994879486790419,-0.004793419941716397,-0.011994879486790419,FORCE_SELL,1179884788.8503766,365.1,-0.5,-0.5
2022-09-27,0.2553957718714532,0.185,0.265,FREE,0.0009911621376063342,0.005406216481606095,0.0,0.005406216481606095,FREE,1186263501.4422557,363.57,-0.5,-0.5
2022-09-28,0.2576448294856728,0.185,0.265,FREE,0.024363233665559286,0.0002425148890862323,0.0,0.0002425148890862323,FORCE_BUY,1215164716.316818,370.0,-0.5,2.4499999999999993
2022-09-29,0.21665469204601742,0.185,0.265,FREE,-0.004945084968034515,-0.005027047702311257,-0.005027047702311257,-0.005027047702311257,FORCE_BUY,1209155623.544474,364.21,-0.5,-0.5
2022-09-30,0.26329461952762484,0.185,0.265,FREE,-0.01875411274402291,-0.013342855083434996,0.0,-0.013342855083434996,FORCE_SELL,1209155623.544474,357.88,-0.5,-0.5
2022-10-03,0.2592171004410209,0.185,0.265,FREE,0.027067039106145222,0.014832402234636896,0.014832402234636896,0.014832402234636896,FORCE_BUY,1241883886.0923674,367.69,-0.5,-0.5
2022-10-04,0.2570392451605878,0.185,0.225,FORCE_SELL,0.015158042108664156,0.013766756302754915,0.0,0.0,FORCE_BUY,1260708414.331827,377.05,-0.5,-0.5
2022-10-05,0.24274642392052517,0.185,0.265,FREE,0.008793199925390927,0.00834627689299868,0.0,0.00834627689299868,FORCE_BUY,1271794075.4666693,378.59,1.4499999999999995,-0.5
2022-10-06,0.27019236556954773,0.185,0.265,FORCE_SELL,-0.010211951174108289,0.0009612835316067383,0.0,0.0,FREE,1273016630.1670105,372.19,-0.5,-0.5
2022-10-07,0.29435257284483973,0.18,0.265,FORCE_SELL,-0.02701612903225804,-0.018404025794612797,0.0,0.0,FORCE_SELL,1273016630.1670105,361.95,2.1499999999999995,-0.5
2022-10-10,0.24764030129125778,0.18,0.265,FREE,-0.0008029015199758426,0.002878828249803763,0.0,0.002878828249803763,FREE,1276681426.4044054,360.9,2.0499999999999994,-0.5
2022-10-11,0.24531795957072267,0.18,0.265,FREE,0.0012017551214331353,-0.014055831966678744,0.0,-0.014055831966678744,FORCE_BUY,1278215684.8470254,358.24,-0.5,1.6499999999999995
2022-10-12,0.2635162286485613,0.18,0.265,FREE,-0.004565447358164903,0.005262224214553983,0.005177885418406579,0.005262224214553983,FREE,1284941942.37525,357.58,-0.5,2.2499999999999996
2022-10-13,0.3093556815721506,0.18,0.265,FORCE_SELL,0.02342241499930032,0.023090419386694528,0.009038757520637927,0.009038757520637927,FORCE_BUY,1315038385.7995703,365.72,-0.5,2.4499999999999993
2022-10-14,0.30326704922087155,0.18,0.265,FORCE_SELL,-0.022745957796656353,-0.02122082989718587,0.0,0.0,FORCE_SELL,1315038385.7995703,356.6,-0.5,2.4499999999999993
2022-10-17,0.25522786270647885,0.18,0.265,FREE,0.022791392377053587,0.01944459810809306,0.0,0.01944459810809306,FORCE_BUY,1345009941.6412153,369.78,2.1999999999999993,2.2999999999999994
2022-10-18,0.25856653962156195,0.18,0.265,FREE,0.00034762146696253076,-0.010348423670347804,0.0,-0.010348423670347804,FORCE_BUY,1345477495.9702077,374.1,2.1999999999999993,2.2999999999999994
2022-10-19,0.24117637998347363,0.18,0.265,FREE,-0.011060279870828908,-0.0071637482706351655,0.0,-0.0071637482706351655,FORCE_SELL,1345477495.9702077,367.49,-0.5,-0.5
2022-10-20,0.2825497828145958,0.18,0.265,FORCE_SELL,-0.009143105934855393,-0.013733862288945731,0.0005442324961223854,0.0005442324961223854,FORCE_SELL,1346209748.5463161,364.13,2.1499999999999995,-0.5
2022-10-21,0.25103663880539906,0.18,0.265,FREE,0.033159053384700085,0.024655738576468925,0.0,0.024655738576468925,FORCE_BUY,1390848789.4653673,375.45,1.8999999999999995,-0.5
2022-10-24,0.21999822738606908,0.18,0.265,FREE,0.0,0.0,0.0,0.0,FORCE_BUY,1390848789.4653673,378.86,1.7999999999999994,-0.5
2022-10-25,0.21450166740878973,0.18,0.265,FREE,0.008119974608548443,0.0009022227550307442,0.0,0.0009022227550307442,FORCE_BUY,1402142446.3201566,381.15,1.7999999999999994,-0.5
2022-10-26,0.2649674180059296,0.18,0.265,FREE,0.0044746827162109185,-0.001313001710200458,0.0018055737275939267,-0.001313001710200458,FORCE_BUY,1408416588.890371,383.86,-0.5,-0.5
2022-10-27,0.2545846117714918,0.18,0.265,FREE,-0.014025648392404728,-0.002098298950094737,0.0,-0.002098298950094737,FORCE_SELL,1408416588.890371,377.5,1.7499999999999996,-0.5
2022-10-28,0.15286208805523782,0.18,0.265,FORCE_BUY,0.03685595089416205,0.010268178873713627,0.007732575133526488,0.03685595089416205,FORCE_BUY,1460325121.529038,390.2,2.0499999999999994,-0.5
2022-10-31,0.1555825970356022,0.18,0.265,FORCE_BUY,-0.005169753086419682,-0.004401258479741085,-0.0030889917695472546,-0.005169753086419682,FORCE_SELL,1455814189.2477717,386.79,2.4499999999999993,-0.5
2022-11-01,0.16797441073985753,0.18,0.265,FORCE_BUY,-0.009990473002549127,0.002083946603285732,0.0019311481319359471,-0.009990473002549127,FREE,1458848028.28247,384.49,-0.5,2.1499999999999995
2022-11-02,0.22646638840982938,0.18,0.265,FREE,-0.028489806518634073,-0.00043683126183940096,0.00046747175691463114,-0.00043683126183940096,FORCE_SELL,1459529998.5333226,374.08,-0.5,-0.5
2022-11-03,0.16672609211191322,0.18,0.265,FORCE_BUY,-0.009439764674421645,-0.009439764674421645,0.0,-0.009439764674421645,FORCE_SELL,1459529998.5333226,370.42,-0.5,2.3999999999999995
2022-11-04,0.17153818241903937,0.18,0.265,FORCE_BUY,0.011405207660856407,0.01724411775189045,0.005675704755756311,0.011405207660856407,FREE,1484698305.6904478,376.0,2.2999999999999994,-0.5
2022-11-07,0.14215330198340814,0.18,0.265,FORCE_BUY,0.015546666666666636,0.011771869210677363,0.00693333333333335,0.015546666666666636,FORCE_BUY,1507780415.349582,380.83,2.2499999999999996,-0.5
2022-11-08,0.17190578331189119,0.18,0.265,FORCE_BUY,0.006352302380136425,0.008307279332443351,0.004454519096444112,0.006352302380136425,FREE,1520305968.4318783,381.8,-0.5,-0.5
2022-11-09,0.18561313067228477,0.18,0.265,FREE,-0.019130116193865947,-0.01918245577305565,-0.01918245577305565,-0.01918245577305565,FORCE_BUY,1491222338.6055486,374.81,2.0499999999999994,2.499999999999999
2022-11-10,0.171462144582322,0.18,0.265,FORCE_BUY,0.05517591159041164,0.03520187781396253,0.0,0.05517591159041164,FORCE_BUY,1573501890.5220952,395.29,2.4499999999999993,-0.5
2022-11-11,0.1377554119120614,0.18,0.265,FORCE_BUY,0.0012814070351758599,-0.007085427135678329,-0.007085427135678329,0.0012814070351758599,FORCE_BUY,1575518186.9144728,398.51,2.4499999999999993,-0.5
2022-11-14,0.17529042466326325,0.18,0.265,FORCE_BUY,-0.005829145728643139,-0.004174408977781666,-0.0020351758793968975,-0.005829145728643139,FORCE_SELL,1572311730.3029132,395.68,2.4499999999999993,-0.5
2022-11-15,0.16713146923308822,0.18,0.265,FORCE_BUY,-0.0025649407800439074,-0.0007304965766009838,-5.029295647156971e-05,-0.0025649407800439074,FORCE_SELL,1572232654.0975015,396.65,1.4999999999999996,-0.5
2022-11-16,0.16726398358828765,0.18,0.265,FORCE_BUY,-0.005319682826457735,0.004028591681693181,0.0024590986650608227,-0.005319682826457735,FREE,1578566537.489485,396.4,1.7499999999999996,-0.5
2022-11-17,0.13889137013673947,0.18,0.265,FORCE_BUY,-0.004062886415827451,-0.004103056277391908,-0.007898402604284899,-0.004062886415827451,FORCE_BUY,1572153000.9478393,394.66,-0.5,2.2499999999999996
2022-11-18,0.14659517588444956,0.18,0.265,FORCE_BUY,0.004461456564171382,0.0060464392971650285,0.001090014956019227,0.004461456564171382,FREE,1581658928.6339264,396.25,2.0999999999999996,2.3999999999999995
2022-11-21,0.14111734221783168,0.18,0.265,FORCE_BUY,0.0018764580586265952,0.004220931832642442,5.0715082665515585e-05,0.0018764580586265952,FREE,1588335003.1541805,395.1,2.1499999999999995,-0.5
2022-11-22,0.14459766974591348,0.18,0.265,FORCE_BUY,0.014358193810248797,0.011094859933455069,0.0028158295281583323,0.014358193810248797,FORCE_BUY,1611140624.9650705,399.86,-0.5,2.2999999999999994
2022-11-23,0.13278671460770222,0.18,0.265,FORCE_BUY,0.007498687729647399,0.005951732802071942,0.0007498687729648546,0.007498687729647399,FORCE_BUY,1623222065.4002326,403.07,0.7999999999999998,2.499999999999999
2022-11-25,0.14046517518108653,0.18,0.265,FORCE_BUY,-0.0023823113383130002,-0.000521975511863865,-0.000347420403504078,-0.0023823113383130002,FORCE_SELL,1622658124.9352944,402.01,0.8499999999999996,2.499999999999999
2022-11-28,0.19144286386798562,0.18,0.265,FREE,-0.011149634581327712,-0.00889276987155184,-0.003467112319473425,-0.00889276987155184,FORCE_SELL,1617032186.9600377,396.44,1.0499999999999996,2.4499999999999993
2022-11-29,0.16705989263433718,0.18,0.265,FORCE_BUY,-0.005606536769327675,0.0028186527343686254,-0.0015587680703960567,-0.005606536769327675,FREE,1621590039.1553745,395.52,1.9499999999999993,1.9999999999999996
2022-11-30,0.22508659955885132,0.18,0.265,FREE,0.031214457222292467,0.009111704114787698,0.0019714394035133566,0.009111704114787698,FORCE_BUY,1672207092.0646856,408.0,2.499999999999999,0.8999999999999997
2022-12-01,0.16822833619814573,0.18,0.265,FORCE_BUY,-0.003215039513081077,0.0059679515527322965,0.0021106366269081325,-0.003215039513081077,FREE,1682186742.9762628,406.15,2.499999999999999,1.3499999999999996
2022-12-02,0.1734034793868696,0.18,0.265,FORCE_BUY,-0.0029964386589708437,-0.00015017052431265805,0.0008350730688936141,-0.0029964386589708437,FORCE_SELL,1683591491.822172,405.93,1.9999999999999996,2.4499999999999993
2022-12-05,0.20342628200946544,0.18,0.265,FREE,-0.015974048315352176,-0.011884348103034853,-0.008404806959769959,-0.011884348103034853,FORCE_SELL,1669441230.3342955,400.41,2.2499999999999996,-0.5
2022-12-06,0.21779172828837998,0.18,0.265,FREE,-0.01639835267690007,-0.01694727929573518,-0.01662298764507656,-0.01694727929573518,FORCE_BUY,1642065144.2659159,394.08,-0.5,-0.5
2022-12-07,0.17531652775002068,0.18,0.205,FORCE_BUY,-0.007012658227848162,-0.006130562873481859,-0.0016455696202530901,-0.007012658227848162,FORCE_SELL,1639363011.7500353,392.23,2.1999999999999993,1.4499999999999995
2022-12-08,0.15550900190120132,0.18,0.205,FORCE_BUY,0.005077430820005076,0.00742050656191022,0.0012439705509012485,0.005077430820005076,FREE,1651527915.7360792,395.9,2.3999999999999995,1.7999999999999994
2022-12-09,0.1974536974091161,0.18,0.205,FREE,-0.011458071014857785,0.0028716496486318114,0.0021153361873583274,0.0028716496486318114,FREE,1656270525.2950084,392.55,2.1499999999999995,1.3999999999999995
2022-12-12,0.15437556140258538,0.18,0.205,FORCE_BUY,0.0,0.0,0.0,0.0,FORCE_BUY,1656270525.2950084,398.76,1.6499999999999995,1.5999999999999996
2022-12-13,0.224258504022653,0.18,0.205,FORCE_SELL,0.0,0.0,0.0,0.0,FORCE_BUY,1656270525.2950084,402.6,1.6499999999999995,1.5999999999999996
2022-12-14,0.21099863104044317,0.18,0.205,FORCE_SELL,0.010948260639237033,0.010948260639237033,0.0,0.0,FORCE_BUY,1674403806.6950243,400.75,1.6499999999999995,1.5999999999999996
2022-12-15,0.19752379308629972,0.18,0.265,FREE,-0.015168752370117495,-0.015246107779829376,0.0,-0.015246107779829376,FORCE_SELL,1674403806.6950243,389.55,1.6499999999999995,1.5999999999999996
2022-12-16,0.17690222078879667,0.18,0.205,FORCE_BUY,0.0007325623986185877,0.005715420274317753,0.0,0.0007325623986185877,FREE,1683973728.1592038,382.5,-0.5,2.2999999999999994
2022-12-19,0.23499377315042988,0.18,0.205,FORCE_SELL,-0.006705455683982595,-0.0021444857966496852,0.004983432045294471,0.004983432045294471,FORCE_SELL,1692365696.7995462,380.7,-0.5,1.7999999999999994
2022-12-20,0.2102743340499639,0.18,0.205,FORCE_SELL,0.006825848619017373,-9.713218611758912e-05,0.0,0.0,FORCE_BUY,1703917528.8539178,382.03,-0.5,-0.5
2022-12-21,0.24118199038596758,0.16,0.205,FORCE_SELL,0.0,0.0,0.0,0.0,FORCE_BUY,1703917528.8539178,386.89,2.349999999999999,1.9999999999999996
2022-12-22,0.2649878071440864,0.16,0.205,FORCE_SELL,-0.01642274316798353,-0.015487890169667168,0.0,0.0,FORCE_SELL,1703917528.8539178,379.71,-0.5,2.4499999999999993
2022-12-23,0.21215026798308634,0.16,0.205,FORCE_SELL,0.004089765100671037,0.01327883478077232,0.0,0.0,FREE,1726543568.199631,383.0,-0.5,1.2499999999999996
2022-12-27,0.2246328637667028,0.16,0.205,FORCE_SELL,-0.011080548058957793,-0.007260432722459175,0.0,0.0,FORCE_SELL,1726543568.199631,381.09,-0.5,1.4999999999999996
2022-12-28,0.28764469363998446,0.16,0.205,FORCE_SELL,-0.012983273564903135,-0.009613124412904643,0.0,0.0,FORCE_SELL,1726543568.199631,377.07,-0.5,-0.5
2022-12-29,0.22677526503803636,0.16,0.205,FORCE_SELL,-0.0013828732453164353,-0.0010698516555493391,0.0,0.0,FORCE_SELL,1726543568.199631,382.73,-0.5,2.0999999999999996
2022-12-30,0.19235738344947748,0.16,0.205,FREE,0.005298916607644238,0.004852968180268223,0.0,0.004852968180268223,FORCE_BUY,1735692378.5869853,383.23,2.1499999999999995,2.3999999999999995
2023-01-03,0.2632501477712956,0.16,0.205,FORCE_SELL,-0.0010756073246237343,-0.001364184899522556,0.0,0.0,FORCE_SELL,1735692378.5869853,380.77,2.4499999999999993,-0.5
2023-01-04,0.2297469083094005,0.16,0.205,FORCE_SELL,0.0037703244049956796,0.0037703244049956796,0.0,0.0,FORCE_BUY,1742236501.9215367,383.37,2.499999999999999,2.3999999999999995
2023-01-05,0.22962262735604275,0.16,0.205,FORCE_SELL,-0.009892226792315285,-0.0029983904316101054,0.0,0.0,FORCE_SELL,1742236501.9215367,380.34,-0.5,2.0999999999999996
2023-01-06,0.17336000316307268,0.16,0.205,FREE,0.021964403427818014,0.019411537777433912,0.0,0.019411537777433912,FORCE_BUY,1780503687.3164115,387.58,1.3999999999999995,1.8499999999999996
2023-01-09,0.18981408004671918,0.16,0.205,FREE,-0.015186202686202768,-0.015186202686202768,0.0,-0.015186202686202768,FORCE_SELL,1780503687.3164115,387.15,2.499999999999999,2.2999999999999994
2023-01-10,0.13928194034074362,0.16,0.205,FORCE_BUY,0.00827618212757181,0.009593143683929939,-0.0024493373897797603,0.00827618212757181,FREE,1797584315.0186048,391.07,-0.5,-0.5
2023-01-11,0.12772410276678284,0.16,0.205,FORCE_BUY,0.01249839928287865,0.0035599948777050717,0.0035599948777050717,0.01249839928287865,FORCE_BUY,1820051241.5323472,395.33,2.1499999999999995,-0.5
2023-01-12,0.14540604531111,0.16,0.205,FORCE_BUY,0.004274585188183057,0.000505868069607565,0.000505868069607565,0.004274585188183057,FORCE_BUY,1827831205.6111357,397.05,0.9999999999999996,-0.5
2023-01-13,0.13870363249370019,0.16,0.205,FORCE_BUY,0.003728711075279464,0.005458137560045322,0.00035271591252628953,0.003728711075279464,FREE,1837807759.7679048,398.4,0.9999999999999996,-0.5
2023-01-17,0.15642094722202485,0.16,0.205,FORCE_BUY,-0.0030908405578590234,0.0010268765085344864,0.00032667420530218394,-0.0030908405578590234,FREE,1839694961.3836126,396.72,-0.5,2.4499999999999993
2023-01-18,0.22935483720890207,0.16,0.205,FORCE_SELL,-0.018482245994676252,-0.01739608666326538,-0.0004268997036814539,-0.0004268997036814539,FORCE_SELL,1838909596.1497335,390.86,-0.5,1.0999999999999996
2023-01-19,0.1698204922326875,0.16,0.205,FREE,-0.0024082803853248216,-0.0024082803853248216,0.0,-0.0024082803853248216,FORCE_SELL,1838909596.1497335,389.38,-0.5,1.0499999999999996
2023-01-20,0.1715831935544686,0.16,0.205,FREE,0.017772298841718544,0.01981761744402566,0.0018491409199474112,0.01981761744402566,FREE,1875352403.0403767,396.29,-0.5,-0.5
2023-01-23,0.1648909860879701,0.16,0.205,FREE,0.010524190495419243,0.007304276590548466,0.0,0.007304276590548466,FORCE_BUY,1895088968.9760158,400.4,1.7999999999999994,1.9999999999999996
2023-01-24,0.14989571100095303,0.16,0.205,FORCE_BUY,-0.0026526526526525476,0.004666385059018816,0.0,-0.0026526526526525476,FREE,1903932183.8263566,398.54,1.7999999999999994,1.9999999999999996
2023-01-25,0.16178740592586552,0.16,0.205,FREE,0.004764292878635759,0.0065709653112578665,-0.0046639919759278335,0.0065709653112578665,FREE,1916442856.1612668,400.7,-0.5,-0.5
2023-01-26,0.13186340769366756,0.16,0.205,FORCE_BUY,0.00580511747265612,0.0005730373470863785,0.0005730373470863785,0.00580511747265612,FORCE_BUY,1927568032.0709155,403.7,2.2499999999999996,-0.5
2023-01-27,0.15673855382797977,0.16,0.205,FORCE_BUY,0.0047840959793763165,0.004557016694205606,0.0008180060482870106,0.0047840959793763165,FORCE_BUY,1936789702.5431204,405.35,2.2499999999999996,-0.5
2023-01-30,0.1925596095802454,0.16,0.205,FREE,-0.003079368232840069,-0.0022593483746829834,-0.0011920135094865322,-0.0022593483746829834,FORCE_SELL,1934481023.0526547,401.44,0.8499999999999996,-0.5
2023-01-31,0.15507688160406805,0.16,0.205,FORCE_BUY,0.01285160645080624,0.007500937617202056,0.007500937617202056,0.01285160645080624,FORCE_BUY,1959342211.8474803,405.09,2.349999999999999,-0.5
2023-02-01,0.19830512499218741,0.16,0.205,FREE,0.017002689830466607,-0.0003573834138694243,-0.00046886953088373895,-0.0003573834138694243,FORCE_BUY,1992656299.7472637,412.12,2.1999999999999993,-0.5
2023-02-02,0.15462033363340888,0.16,0.205,FORCE_BUY,0.00266118301681364,0.008165114739900815,0.0,0.00266118301681364,FREE,2008926567.0718865,414.45,1.5999999999999996,-0.5
2023-02-03,0.19792720686659326,0.16,0.205,FREE,-0.005077369439071642,0.0033026929609203553,-0.0003626692456480008,0.0033026929609203553,FREE,2015561434.7039607,411.5,1.6499999999999995,-0.5
2023-02-06,0.14986487638699944,0.16,0.205,FORCE_BUY,0.001755027422303585,0.001608124570915785,-0.002827544180377773,0.001755027422303585,FORCE_BUY,2019098800.2932036,410.97,1.6999999999999993,-0.5
2023-02-07,0.18391735490260866,0.16,0.205,FREE,0.011609756097560936,0.0046520409155214664,0.0009268292682928239,0.0046520409155214664,FORCE_BUY,2042540044.9014857,414.76,-0.5,2.349999999999999
2023-02-08,0.18420215745107926,0.16,0.205,FREE,-0.0072902540839225125,-0.0072902540839225125,0.0,-0.0072902540839225125,FORCE_SELL,2042540044.9014857,411.4087,2.1999999999999993,2.4499999999999993
2023-02-09,0.21695590202953285,0.16,0.205,FORCE_SELL,-0.015836939964699284,-0.01697744761515056,0.0003143209458642887,0.0003143209458642887,FORCE_SELL,2043182058.0203648,407.04,2.2499999999999996,1.4999999999999996
2023-02-10,0.13586491840356116,0.16,0.205,FORCE_BUY,0.00529491441940639,0.005186029157535277,0.0,0.00529491441940639,FORCE_BUY,2054000532.160849,408.2,2.349999999999999,-0.5
2023-02-13,0.14153037767936794,0.16,0.205,FORCE_BUY,0.011322974364001679,0.002134228390174343,0.000808783883143147,0.011322974364001679,FORCE_BUY,2077257927.5301523,412.64,2.4499999999999993,2.1499999999999995
2023-02-14,0.168716603808423,0.16,0.205,FREE,-0.002641399699510474,0.0023506034023166485,0.0023506034023166485,0.0023506034023166485,FREE,2082140737.082094,411.57,2.4499999999999993,2.1499999999999995
2023-02-15,0.13261320965206305,0.16,0.205,FORCE_BUY,0.00989495747118025,0.0028758743389145007,0.0,0.00989495747118025,FORCE_BUY,2102743431.124533,414.37,2.4499999999999993,2.1499999999999995
2023-02-16,0.19391701795285202,0.16,0.205,FREE,-0.01677730838865422,-0.020792608407875116,-0.010983705491852824,-0.020792608407875116,FORCE_SELL,2079647516.552133,407.3,-0.5,2.499999999999999
2023-02-17,0.12455790824600071,0.16,0.205,FORCE_BUY,0.0037945988566924415,0.004315229130580328,-0.0003449635324265523,0.0037945988566924415,FREE,2088621672.0968978,407.38,1.7499999999999996,-0.5
2023-02-21,0.25392281685965895,0.16,0.19,FORCE_SELL,-0.00973567518022158,-0.00973567518022158,-0.00973567518022158,-0.00973567518022158,FORCE_BUY,2068287529.9229913,399.74,2.349999999999999,1.9499999999999993
2023-02-22,0.22502711893327465,0.16,0.19,FORCE_SELL,0.0008765119831710128,0.0007262527860560246,0.0007262527860560246,0.0007262527860560246,FORCE_BUY,2070100408.727612,399.66,2.349999999999999,1.9499999999999993
2023-02-23,0.21347065991249245,0.16,0.19,FORCE_SELL,0.0006494966401038711,-0.0011117923736683234,0.0,0.0,FORCE_BUY,2071444931.9877582,400.57,-0.5,2.3999999999999995
2023-02-24,0.1862165575681912,0.16,0.19,FREE,-0.00853331998698735,-0.00853331998698735,0.0,-0.00853331998698735,FORCE_SELL,2071444931.9877582,396.2,-0.5,2.3999999999999995
2023-02-27,0.26996121867945594,0.16,0.19,FORCE_SELL,0.000980244307042556,0.0011307678386244641,0.0008797064293971224,0.0008797064293971224,FREE,2073787255.2963316,398.25,2.3999999999999995,2.349999999999999
2023-02-28,0.26536587278898943,0.16,0.19,FORCE_SELL,-0.005140351761326447,-0.002783105818410033,0.0,0.0,FORCE_SELL,2073787255.2963316,394.82,1.6499999999999995,1.4999999999999996
2023-03-01,0.20661223136779658,0.16,0.19,FORCE_SELL,-0.006822072298862323,0.005564684008495587,0.0,0.0,FREE,2085327226.072901,394.53,1.4499999999999995,1.4499999999999995
2023-03-02,0.21017959079167378,0.16,0.19,FORCE_SELL,0.010764180471791621,0.00588073060663022,0.0,0.0,FORCE_BUY,2107774064.6770906,397.2,1.6999999999999993,-0.5
2023-03-03,0.22213106441649502,0.16,0.19,FORCE_SELL,0.0,0.0,0.0,0.0,FORCE_BUY,2107774064.6770906,404.73,2.0999999999999996,2.2999999999999994
2023-03-06,0.2582119700099345,0.16,0.19,FORCE_SELL,-0.0005926072248697768,-0.0005926072248697768,0.0,0.0,FORCE_SELL,2107774064.6770906,404.75,2.3999999999999995,2.349999999999999
2023-03-07,0.29694144146617596,0.165,0.19,FORCE_SELL,-0.006709400643503769,-0.006709400643503769,0.0,0.0,FORCE_SELL,2107774064.6770906,398.24,2.4499999999999993,-0.5
2023-03-08,0.20508499254525678,0.165,0.19,FORCE_SELL,-0.0003761378168960327,-0.0011785651596078308,0.0,0.0,FORCE_SELL,2107774064.6770906,398.64,2.1999999999999993,-0.5
2023-03-09,0.31566919491801976,0.165,0.205,FORCE_SELL,-0.0008707901139709443,-0.0008707901139709443,0.0,0.0,FORCE_SELL,2107774064.6770906,390.11,1.9499999999999993,-0.5
2023-03-10,0.2741744383953361,0.165,0.205,FORCE_SELL,-0.006264441591784319,0.00349198762794417,0.0,0.0,FREE,2115134385.6334448,387.06,-0.5,2.3999999999999995
2023-03-13,0.26961437391622595,0.165,0.205,FORCE_SELL,0.0027034755257481537,0.010203201267138022,0.0,0.0,FREE,2136715527.477107,385.73,-0.5,2.1499999999999995
2023-03-14,0.23659447526745833,0.165,0.205,FORCE_SELL,0.014217641270005688,0.005723312788107928,0.0,0.0,FORCE_BUY,2167094582.3428273,391.63,-0.5,2.1499999999999995
2023-03-15,0.20980789670591057,0.165,0.205,FORCE_SELL,0.002475375174049744,0.0008114338860394199,0.0,0.0,FORCE_BUY,2172458954.4717765,388.78,-0.5,2.1999999999999993
2023-03-16,0.25791330847032257,0.165,0.215,FORCE_SELL,0.02017053504727054,0.00823016807220478,0.0,0.0,FORCE_BUY,2216278613.951706,396.02,-0.5,2.4499999999999993
2023-03-17,0.25218232500775684,0.165,0.215,FORCE_SELL,-0.010549750803248182,-0.010549750803248182,0.0,0.0,FORCE_SELL,2216278613.951706,391.1,2.2499999999999996,2.0499999999999994
2023-03-20,0.19134098223090182,0.16,0.215,FREE,0.013881377321074417,0.010918631816649009,0.0,0.010918631816649009,FORCE_BUY,2247043613.6405973,393.68,-0.5,1.6499999999999995
2023-03-21,0.11917209746241196,0.16,0.215,FORCE_BUY,0.007387016529238773,0.005215107395855715,0.0,0.007387016529238773,FORCE_BUY,2263642561.9564805,398.89,-0.5,2.0999999999999996
2023-03-22,0.19953341434940897,0.16,0.215,FREE,-0.013017037744383573,0.006060203315126657,0.004523294969090823,0.006060203315126657,FREE,2277360696.114711,392.76,2.499999999999999,2.2999999999999994
2023-03-23,0.19807095810454137,0.16,0.215,FREE,-0.0028099843045920414,0.010800245970976036,0.007645182522404011,0.010800245970976036,FREE,2301956751.797383,393.91,2.1499999999999995,2.349999999999999
2023-03-24,0.13940313822384134,0.16,0.215,FORCE_BUY,0.010526852394667654,0.004922189706880755,0.0,0.010526852394667654,FORCE_BUY,2326189110.742462,396.46,1.9499999999999993,2.1999999999999993
2023-03-27,0.15429549594355416,0.16,0.215,FORCE_BUY,-0.000604153555695432,0.0033983637507867606,0.0033983637507867606,-0.000604153555695432,FREE,2334094347.4938846,397.01,2.4499999999999993,2.2499999999999996
2023-03-28,0.12553155342169905,0.16,0.215,FORCE_BUY,-0.00010084457330128501,-0.0008823900163871776,-0.0008823900163871776,-0.00010084457330128501,FORCE_BUY,2333858966.7453666,396.61,2.4499999999999993,2.2499999999999996
2023-03-29,0.12007421298397301,0.16,0.215,FORCE_BUY,0.005240590757503607,0.0011032822647375831,0.0011032822647375831,0.005240590757503607,FORCE_BUY,2346089766.4758096,400.9,2.499999999999999,1.8999999999999995
2023-03-30,0.11360847618202043,0.16,0.215,FORCE_BUY,0.003575152688812906,0.0007696509260637288,0.0007696509260637288,0.003575152688812906,FORCE_BUY,2354477395.612622,404.22,1.9999999999999996,1.8999999999999995
2023-03-31,0.12508733133954145,0.16,0.215,FORCE_BUY,0.014734652435551325,0.0012382060870212064,0.0012382060870212064,0.014734652435551325,FORCE_BUY,2389169801.704336,409.76,-0.5,-0.5
2023-04-03,0.11063885332149921,0.16,0.215,FORCE_BUY,0.0038630806845966004,-0.00085574572127133,-0.00085574572127133,0.0038630806845966004,FORCE_BUY,2398399357.4175215,410.58,-0.5,-0.5
2023-04-04,0.14976079096942344,0.16,0.215,FORCE_BUY,-0.003920136352568768,0.001728755782809983,0.001728755782809983,-0.003920136352568768,FREE,2402545604.176145,409.09,-0.5,-0.5
2023-04-05,0.13493469769547714,0.16,0.215,FORCE_BUY,-0.0028156599662122164,0.0020425986955033802,-0.0005141639938299247,-0.0028156599662122164,FREE,2407453040.6931224,407.28,-0.5,-0.5
2023-04-06,0.13133257669528056,0.16,0.215,FORCE_BUY,0.0027967224375642593,-0.0014716269395783734,-0.00034345714145532063,0.0027967224375642593,FORCE_BUY,2414186018.629411,408.76,1.2999999999999996,-0.5
2023-04-10,0.12424762548281594,0.16,0.215,FORCE_BUY,0.002713472021903416,0.002713472021903416,0.002713472021903416,0.002713472021903416,FORCE_BUY,2420736844.8466325,410.18,1.2999999999999996,2.3999999999999995
2023-04-11,0.14438630931138594,0.16,0.215,FORCE_BUY,9.758477677488471e-05,9.758477677488471e-05,9.758477677488471e-05,9.758477677488471e-05,FORCE_BUY,2420973071.9112673,409.94,2.4499999999999993,1.9999999999999996
2023-04-12,0.16998639650951072,0.16,0.215,FREE,-0.0066112073381963165,0.0014149447439682204,0.0014149447439682204,0.0014149447439682204,FREE,2424398615.0346565,407.2,2.4499999999999993,1.6999999999999993
2023-04-13,0.14690098088607514,0.16,0.215,FORCE_BUY,0.00036319612590792085,0.0007021791767555886,0.0,0.00036319612590792085,FREE,2426100977.258289,413.15,2.2499999999999996,1.2499999999999996
2023-04-14,0.15856340119852105,0.16,0.215,FORCE_BUY,-0.0003145567169957156,-0.0016211769260548023,-0.0016211769260548023,-0.0003145567169957156,FORCE_BUY,2425337830.899782,413.15,1.6499999999999995,2.2999999999999994
2023-04-17,0.12506247488798306,0.16,0.215,FORCE_BUY,0.0013548824155617735,-0.00036295643846242956,-0.00038710926158890647,0.0013548824155617735,FORCE_BUY,2428623878.4786654,413.88,1.5499999999999994,2.349999999999999
2023-04-18,0.13861870862931627,0.16,0.215,FORCE_BUY,-0.0007242877836794148,-0.0007242877836794148,-0.0007242877836794148,-0.0007242877836794148,FORCE_BUY,2426864855.872331,413.9,1.5499999999999994,2.349999999999999
2023-04-19,0.146413478081855,0.16,0.215,FORCE_BUY,-0.00036311699629613725,-0.00036311699629613725,-0.00036311699629613725,-0.00036311699629613725,FORCE_BUY,2425983619.99545,412.94,1.5499999999999994,2.349999999999999
2023-04-20,0.16149316483723353,0.16,0.215,FREE,0.0004859676831491501,0.0027827102972561614,0.0006560563722512578,0.0027827102972561614,FREE,2432734429.595786,411.75,0.9999999999999996,1.3499999999999996
2023-04-21,0.12923807362804235,0.16,0.215,FORCE_BUY,0.0018721128130317728,0.004980579463797789,0.0,0.0018721128130317728,FREE,2444850856.736705,412.07,1.5499999999999994,1.4999999999999996
2023-04-24,0.12792124469480273,0.16,0.215,FORCE_BUY,0.004263093788063412,0.005843263492647508,0.0038489646772229434,0.004263093788063412,FREE,2459136764.492842,412.25,1.3999999999999995,1.4999999999999996
2023-04-25,0.2714462106602369,0.16,0.215,FORCE_SELL,-0.006745075121143578,-0.00311511048374631,0.00034090632381223,0.00034090632381223,FORCE_SELL,2459975099.766977,407.9,1.3999999999999995,1.0499999999999996
2023-04-26,0.24212663420937938,0.16,0.215,FORCE_SELL,-0.003759675635827424,0.0017195894142532627,0.0,0.0,FREE,2464205246.9078627,405.42,1.3999999999999995,0.9499999999999997
2023-04-27,0.24874202349710325,0.16,0.215,FORCE_SELL,0.0,0.0,0.0,0.0,FORCE_BUY,2464205246.9078627,411.86,1.5499999999999994,0.6999999999999997
2023-04-28,0.21242713396692345,0.16,0.215,FREE,0.004537884090854089,0.004537884090854089,0.0,0.004537884090854089,FORCE_BUY,2475387524.694405,416.17,1.5999999999999996,1.5999999999999996
2023-05-01,0.2522983063797263,0.16,0.215,FORCE_SELL,-0.0027634266490447344,0.0011294004565663637,0.0011294004565663637,0.0011294004565663637,FREE,2478183228.4949737,415.0,1.5999999999999996,1.5999999999999996
2023-05-02,0.28828777938635713,0.16,0.215,FORCE_SELL,-8.515089955846671e-05,0.0010096463804784488,0.0,0.0,FREE,2480685317.221786,411.0,1.5999999999999996,1.5999999999999996
2023-05-03,0.3072658059146374,0.16,0.215,FORCE_SELL,-0.008292885192321877,-0.009853898875582308,0.0,0.0,FORCE_SELL,2480685317.221786,406.59,1.4999999999999996,2.0999999999999996
2023-05-04,0.20154209586022898,0.16,0.215,FREE,0.002442876178256018,0.00620874836579487,0.0,0.00620874836579487,FREE,2496087268.1311383,406.25,1.6499999999999995,1.8999999999999995
2023-05-05,0.2298569486879147,0.16,0.215,FORCE_SELL,0.0,0.0,0.0,0.0,FORCE_BUY,2496087268.1311383,412.2,1.7999999999999994,-0.5
2023-05-08,0.1809721629494266,0.16,0.215,FREE,2.42406612853429e-05,2.42406612853429e-05,0.0,2.42406612853429e-05,FORCE_BUY,2496147774.937144,412.54,0.9999999999999996,2.2499999999999996
2023-05-09,0.22659486073854382,0.16,0.215,FORCE_SELL,-0.0016019028664351043,-0.0016019028664351043,-0.0016019028664351043,-0.0016019028664351043,FORCE_BUY,2492149188.6614265,411.35,0.9999999999999996,2.2499999999999996
2023-05-10,0.23509103323651637,0.16,0.215,FORCE_SELL,0.007311366738155526,0.0028488839502435223,0.000755507896276038,0.000755507896276038,FORCE_BUY,2510370205.345927,413.32,-0.5,1.5999999999999996
2023-05-11,0.18085031360875747,0.16,0.215,FREE,0.00483656786423492,0.0017177734731918047,0.0,0.0017177734731918047,FORCE_BUY,2522511781.2084355,412.4,1.1499999999999997,1.7999999999999994
2023-05-12,0.2177166273480433,0.16,0.215,FORCE_SELL,-0.0066045789490230405,-0.0066045789490230405,0.0,0.0,FORCE_SELL,2522511781.2084355,410.77,0.7499999999999998,2.349999999999999
2023-05-15,0.18077693629839867,0.16,0.215,FREE,0.0037101463379029735,0.0009123310666974246,0.0,0.0009123310666974246,FORCE_BUY,2531870669.0558033,412.56,1.7999999999999994,-0.5
2023-05-16,0.24506232524995072,0.16,0.215,FORCE_SELL,0.0,0.0,0.0,0.0,FORCE_BUY,2531870669.0558033,410.83,2.3999999999999995,1.7999999999999994
2023-05-17,0.137041898850438,0.16,0.215,FORCE_BUY,0.0002892611787392678,0.0008195733397612304,0.0,0.0002892611787392678,FREE,2533945722.7558846,414.97,1.3999999999999995,1.7999999999999994
2023-05-18,0.13492596976479243,0.16,0.215,FORCE_BUY,0.010127739421203177,0.014595075175403382,0.005292405398253423,0.010127739421203177,FREE,2570928851.0698986,419.9,0.8499999999999996,2.499999999999999
2023-05-19,0.14605911661011955,0.16,0.215,FORCE_BUY,-0.002715967027207238,-0.002715967027207238,-0.002715967027207238,-0.002715967027207238,FORCE_BUY,2563946293.081097,418.6,0.4999999999999998,2.3999999999999995
2023-05-22,0.15219628677039768,0.16,0.215,FORCE_BUY,0.004473149144839106,0.003804527301498037,0.0026791053701709284,0.004473149144839106,FORCE_BUY,2575415207.2494063,419.92,-0.5,2.3999999999999995
2023-05-23,0.2062777521785147,0.16,0.215,FREE,-0.009079396936898035,-0.004461976277492908,-0.0014813752897042882,-0.004461976277492908,FORCE_SELL,2571600050.8006587,414.73,-0.5,2.3999999999999995
2023-05-24,0.1545880418974334,0.16,0.215,FORCE_BUY,-0.002295517699649828,-0.0005975081580751638,-0.005110547299746405,-0.002295517699649828,FREE,2570063498.790999,412.9,1.1999999999999997,-0.5
2023-05-25,0.15521145000464243,0.16,0.215,FORCE_BUY,0.003223539106619303,0.0010908257006190666,0.0011633825347198495,0.003223539106619303,FORCE_BUY,2578348198.9858465,413.92,1.2999999999999996,-0.5
2023-05-26,0.15270963869908627,0.16,0.215,FORCE_BUY,0.01606901217861978,0.007291343936065874,0.0035762613570462297,0.01606901217861978,FORCE_BUY,2619779707.5960727,420.49,1.2999999999999996,1.9999999999999996
2023-05-30,0.15708556818736596,0.16,0.215,FORCE_BUY,-0.0028231833171217945,-0.0001465923343326077,0.001304832625560527,-0.0028231833171217945,FORCE_SELL,2623198081.6303253,420.32,0.19999999999999984,2.499999999999999
2023-05-31,0.15330685511570494,0.16,0.215,FORCE_BUY,-0.0019798201464590994,0.0015516270790543734,0.0010256899553943764,-0.0019798201464590994,FREE,2627268306.807506,418.4,1.3999999999999995,-0.5
2023-06-01,0.15547236392476288,0.16,0.215,FORCE_BUY,0.008363201911589001,0.0021533823494210556,0.0017204301075268546,0.008363201911589001,FORCE_BUY,2649240682.1332555,422.0,0.8499999999999996,-0.5
2023-06-02,0.14094177200738223,0.16,0.215,FORCE_BUY,0.012489651094027172,0.007735068007096333,0.007735068007096333,0.012489651094027172,FORCE_BUY,2682328773.917202,428.03,0.9499999999999997,2.349999999999999
2023-06-05,0.15803230892289089,0.16,0.215,FORCE_BUY,-0.0031309874293192004,-0.0031309874293192004,-0.0031309874293192004,-0.0031309874293192004,FORCE_BUY,2673930436.244766,426.64,1.3999999999999995,2.349999999999999
2023-06-06,0.13414304968457946,0.16,0.215,FORCE_BUY,0.0034190436045149985,0.0034190436045149985,0.0034190436045149985,0.0034190436045149985,FORCE_BUY,2683072721.0017266,428.48,1.3999999999999995,2.349999999999999
2023-06-07,0.16865389627890726,0.16,0.215,FREE,-0.002548455729349306,-0.0008622806574541161,-0.00018704262233756224,-0.0008622806574541161,FORCE_SELL,2682570872.044068,426.62,1.0499999999999996,-0.5
2023-06-08,0.14361304341433703,0.16,0.215,FORCE_BUY,0.005415797247555742,0.0036674300971643176,0.001101915457294936,0.005415797247555742,FORCE_BUY,2697099131.9892573,428.84,-0.5,1.3499999999999996
2023-06-09,0.150790695727495,0.16,0.215,FORCE_BUY,0.003781424336499956,-0.0002604465703905856,0.001703975163978336,0.003781424336499956,FORCE_BUY,2707298008.2849145,430.03,1.4499999999999995,1.6999999999999993
2023-06-12,0.12297318695134764,0.16,0.215,FORCE_BUY,0.00593499327676551,0.0004636713497474222,0.0004636713497474222,0.00593499327676551,FORCE_BUY,2723365803.762286,433.9,1.2999999999999996,1.6499999999999995
2023-06-13,0.12086765563081908,0.16,0.215,FORCE_BUY,0.004669457606845445,0.0043010672935256105,0.0033353268620324376,0.004669457606845445,FORCE_BUY,2736082444.9308863,436.77,1.2999999999999996,1.6499999999999995
2023-06-14,0.1490125701273958,0.16,0.215,FORCE_BUY,-0.0006628116929124138,-0.0006628116929124138,-0.0006628116929124138,-0.0006628116929124138,FORCE_BUY,2734268937.4936137,437.24,1.2999999999999996,1.6499999999999995
2023-06-15,0.1704818097881627,0.16,0.215,FREE,0.010981217542495052,0.009378489843751626,0.0023335087277801866,0.009378489843751626,FORCE_BUY,2764294539.515918,441.91,-0.5,1.0499999999999996
2023-06-16,0.18873203644955291,0.16,0.215,FREE,-0.0038526912181302947,0.001935823101860871,0.0,0.001935823101860871,FREE,2769645724.7458606,439.55,-0.5,1.7499999999999996
2023-06-20,0.1398449167953388,0.16,0.215,FORCE_BUY,-0.002895180777823476,-0.002895180777823476,-0.002895180777823476,-0.002895180777823476,FORCE_BUY,2761627099.682195,437.39,1.2499999999999996,1.3499999999999996
2023-06-21,0.15927290693578308,0.16,0.215,FORCE_BUY,-0.004599437083819642,-0.004599437083819642,-0.004599437083819642,-0.004599437083819642,FORCE_BUY,2748925169.588236,435.0,1.2499999999999996,1.3499999999999996
2023-06-22,0.1243078602017233,0.16,0.185,FORCE_BUY,0.004879620678543484,0.0031269828025571856,-0.0010127514615846359,0.004879620678543484,FORCE_BUY,2762338881.6895275,436.58,1.7499999999999996,-0.5
2023-06-23,0.21113620767469174,0.16,0.185,FORCE_SELL,-0.004371534408577345,0.002052251447253229,6.90242275039144e-05,6.90242275039144e-05,FREE,2768007895.6572785,432.73,-0.5,0.7499999999999998
2023-06-26,0.23653475860929943,0.16,0.215,FORCE_SELL,-0.0005549646210052181,0.003934765984888046,0.0,0.0,FREE,2778899358.9710126,432.22,1.0999999999999996,0.5999999999999996
2023-06-27,0.2370079809210892,0.16,0.215,FORCE_SELL,0.007799481577485537,0.005924828735419293,0.0,0.0,FORCE_BUY,2800573333.3269935,435.45,1.0499999999999996,0.9999999999999996
2023-06-28,0.21447797295123008,0.16,0.215,FREE,0.004021139705882363,0.0014693189540883704,0.0,0.0014693189540883704,FORCE_BUY,2811834829.95687,436.95,1.1999999999999997,1.0999999999999996
2023-06-29,0.19000648675766518,0.16,0.185,FORCE_SELL,0.004469094492700461,0.004469094492700461,0.004469094492700461,0.004469094492700461,FORCE_BUY,2824401185.5098133,438.28,1.3999999999999995,1.5999999999999996
2023-06-30,0.13335923341697042,0.16,0.185,FORCE_BUY,0.009483642995554481,0.0008206998746153009,0.0008206998746153009,0.009483642995554481,FORCE_BUY,2851186798.0294094,442.81,0.5499999999999998,1.1999999999999997
2023-07-03,0.11675541173399512,0.16,0.185,FORCE_BUY,0.0010146561443065384,0.0010146561443065384,0.0010146561443065384,0.0010146561443065384,FORCE_BUY,2854079772.2325954,443.95,1.2499999999999996,2.2999999999999994
2023-07-05,0.13212195838741003,0.16,0.215,FORCE_BUY,-0.00022576930892017282,-0.00022576930892017282,-0.00022576930892017282,-0.00022576930892017282,FORCE_BUY,2853435408.6148157,442.83,1.2499999999999996,2.2999999999999994
2023-07-06,0.13013156608697826,0.16,0.185,FORCE_BUY,-0.004552661381653358,-0.0076670441676103445,-0.0076670441676103445,-0.004552661381653358,FORCE_BUY,2840444683.424973,439.49,1.0499999999999996,1.4999999999999996
2023-07-07,0.19764361008279177,0.16,0.185,FORCE_SELL,-0.0006605621611771042,0.0011098674779486358,0.004646713133798028,0.004646713133798028,FORCE_SELL,2853643415.0412703,438.73,0.9999999999999996,2.2999999999999994
2023-07-10,0.11519886167945809,0.16,0.185,FORCE_BUY,0.003835441304050074,0.004315558845280462,0.0,0.003835441304050074,FREE,2865958481.1223283,439.7,1.1499999999999997,-0.5
2023-07-11,0.13937620645316262,0.16,0.185,FORCE_BUY,0.006209061135371169,0.0009552401746725361,0.0009552401746725361,0.006209061135371169,FORCE_BUY,2883753392.543052,442.41,1.1499999999999997,-0.5
2023-07-12,0.14192949371840388,0.16,0.185,FORCE_BUY,0.007402058133237,0.00018053800324963325,0.00018053800324963325,0.007402058133237,FORCE_BUY,2905099102.7965755,446.4,1.1499999999999997,-0.5
2023-07-13,0.13502341950614355,0.16,0.185,FORCE_BUY,0.004582848967182283,0.0004023964946794661,0.0004023964946794661,0.004582848967182283,FORCE_BUY,2918412733.219389,449.37,1.1499999999999997,-0.5
2023-07-14,0.1510958438196729,0.16,0.185,FORCE_BUY,-0.0007118862761674908,0.0018450973473516684,-4.449289226044887e-05,-0.0007118862761674908,FREE,2923797488.811929,449.19,1.1499999999999997,-0.5
2023-07-17,0.1335041975081067,0.16,0.185,FORCE_BUY,0.0023819064155647047,0.003361381950937161,0.003361381950937161,0.0023819064155647047,FREE,2933625488.9190173,450.29,0.7999999999999998,-0.5
2023-07-18,0.14655876403911347,0.16,0.185,FORCE_BUY,0.007813193642901495,0.0029155100382051964,0.0008434697682676962,0.007813193642901495,FORCE_BUY,2956546472.9396935,454.04,0.6999999999999997,1.4499999999999995
2023-07-19,0.1421834033120077,0.16,0.185,FORCE_BUY,-0.00017617652888189013,0.0013648928896578532,0.001673677024378568,-0.00017617652888189013,FORCE_SELL,2961494776.8429604,454.01,1.1499999999999997,1.4499999999999995
2023-07-20,0.19146673238817988,0.16,0.185,FORCE_SELL,-0.005059949400505946,-0.005059949400505946,-0.005059949400505946,-0.005059949400505946,FORCE_BUY,2946509763.1222725,452.25,1.1499999999999997,1.8999999999999995
2023-07-21,0.1833854211732672,0.16,0.185,FREE,-0.002317880794702101,-0.0011712971494067064,-2.207505518763176e-05,-0.0011712971494067064,FORCE_SELL,2946444718.756641,451.95,1.7999999999999994,1.3499999999999996
2023-07-24,0.1477026649171647,0.16,0.185,FORCE_BUY,0.0027813341574323375,0.00024281488676003524,0.00024281488676003524,0.0027813341574323375,FORCE_BUY,2954639766.095905,454.28,1.8999999999999995,1.2499999999999996
2023-07-25,0.14418189525288472,0.16,0.185,FORCE_BUY,0.0019808102814637594,0.00469378758009071,0.0012323672454390873,0.0019808102814637594,FREE,2968508217.533648,455.3101,1.8999999999999995,1.2499999999999996
2023-07-26,0.1522757525387971,0.16,0.185,FORCE_BUY,-0.0003949273772432974,0.0012506033612707968,0.0012506033612707968,-0.0003949273772432974,FREE,2972220643.8884554,455.6,1.7999999999999994,1.3999999999999995
2023-07-27,0.2569396628148318,0.16,0.185,FORCE_SELL,-0.010165267576075563,-0.01072090077818975,0.0012679258481985889,0.0012679258481985889,FORCE_SELL,2975989199.269391,452.79,1.4499999999999995,0.4999999999999998
2023-07-28,0.1726767802001117,0.16,0.185,FREE,0.005810242753702832,0.0010564077734005288,0.0,0.0010564077734005288,FORCE_BUY,2993280418.949544,457.01,1.7999999999999994,0.5499999999999998
2023-07-31,0.13057315657815274,0.16,0.185,FORCE_BUY,0.0016408506169598152,8.75120329045396e-05,0.0,0.0016408506169598152,FORCE_BUY,2998191944.971711,457.83,2.1999999999999993,1.4499999999999995
2023-08-01,0.14417936394573344,0.155,0.18,FORCE_BUY,-0.004985786136015856,-0.002226646961852321,-0.0003280122457905666,-0.004985786136015856,FORCE_SELL,2997208501.2985296,455.02,-0.5,0.6499999999999997
2023-08-02,0.1935100499907375,0.155,0.18,FORCE_SELL,-0.004152126860727176,-0.0036804940649559983,0.0018552056186227483,0.0018552056186227483,FORCE_SELL,3002768939.3503222,450.9,0.7999999999999998,-0.5
2023-08-03,0.16794137581763033,0.155,0.18,FREE,0.003524425607851824,0.004335428640504597,0.0,0.004335428640504597,FREE,3015787229.810799,449.88,1.3499999999999996,0.4999999999999998
2023-08-04,0.24025790493921026,0.155,0.18,FORCE_SELL,-0.008630826917530119,-0.008191837778318074,0.0,0.0,FORCE_SELL,3015787229.810799,446.82,0.7999999999999998,1.0499999999999996
2023-08-07,0.12893285377237154,0.155,0.18,FORCE_BUY,0.0,0.0,0.0,0.0,FORCE_BUY,3015787229.810799,450.75,1.2999999999999996,1.6999999999999993
2023-08-08,0.1704003833370061,0.155,0.18,FREE,-0.00011144047963973054,0.0004791940624513269,0.0,0.0004791940624513269,FREE,3017232377.144941,448.62,1.2999999999999996,1.6999999999999993
2023-08-09,0.18605227643854458,0.155,0.18,FORCE_SELL,-0.00025731386697986177,0.0010292554679195987,0.0,0.0,FREE,3020337880.0671015,446.81,1.8499999999999996,1.2999999999999996
2023-08-10,0.22659071360412833,0.155,0.18,FORCE_SELL,-0.008648732666452186,-0.00698337977817518,0.0,0.0,FORCE_SELL,3020337880.0671015,446.46,1.7999999999999994,1.5999999999999996
2023-08-11,0.14062561670092077,0.155,0.18,FORCE_BUY,0.0,0.0,0.0,0.0,FORCE_BUY,3020337880.0671015,445.81,2.0999999999999996,1.4999999999999996
2023-08-14,0.12476354400326255,0.155,0.18,FORCE_BUY,0.00820390640803747,0.007665533502963469,0.0,0.00820390640803747,FORCE_BUY,3045116449.355822,448.56,0.7999999999999998,1.7999999999999994
2023-08-15,0.18773680563739772,0.155,0.18,FORCE_SELL,-0.006344864695199794,-0.006344864695199794,-0.006344864695199794,-0.006344864695199794,FORCE_BUY,3025795597.5035324,443.2,0.7999999999999998,1.7999999999999994
2023-08-16,0.19993322557938029,0.155,0.18,FORCE_SELL,-0.009398030244979814,-0.005437378375238022,0.0008789524689550944,0.0008789524689550944,FORCE_SELL,3028455128.014512,439.54,0.9999999999999996,-0.5
2023-08-17,0.20433156925461401,0.155,0.18,FORCE_SELL,-0.006787310219412846,-0.006787310219412846,0.0,0.0,FORCE_SELL,3028455128.014512,436.06,1.5499999999999994,0.9999999999999996
2023-08-18,0.14470894498106737,0.155,0.18,FORCE_BUY,0.0,0.0,0.0,0.0,FORCE_BUY,3028455128.014512,436.22,2.2499999999999996,-0.5
2023-08-21,0.13830523880680753,0.155,0.18,FORCE_BUY,0.0,0.0,0.0,0.0,FORCE_BUY,3028455128.014512,438.67,0.8999999999999997,1.0499999999999996
2023-08-22,0.16605836701946197,0.155,0.18,FREE,-0.0009574613595951661,0.003726115741572075,0.0,0.003726115741572075,FREE,3039739502.3396516,438.24,0.8999999999999997,1.0499999999999996
2023-08-23,0.1398302809424982,0.155,0.18,FORCE_BUY,0.012005184056751694,0.007882063152109917,0.0017962301903094774,0.012005184056751694,FORCE_BUY,3076232134.5498176,445.09,-0.5,1.3499999999999996
2023-08-24,0.2356210511051765,0.155,0.18,FORCE_SELL,-0.01926873037236437,-0.01926873037236437,-0.01926873037236437,-0.01926873037236437,FORCE_BUY,3016957046.9863744,437.21,1.4999999999999996,2.1999999999999993
2023-08-25,0.15161366587251737,0.155,0.18,FORCE_BUY,0.005417390509280501,0.0014172076437780404,0.0014172076437780404,0.005417390509280501,FORCE_BUY,3033301081.4596252,439.85,2.0499999999999994,-0.5
2023-08-28,0.12463865080290852,0.155,0.18,FORCE_BUY,0.01266864852503993,0.007957923622227308,0.007957923622227308,0.01266864852503993,FORCE_BUY,3071728906.731261,442.84,1.8999999999999995,1.9499999999999993
2023-08-29,0.1609544885524961,0.155,0.18,FREE,0.01529321405981743,0.0030947863016174974,0.0030947863016174974,0.0030947863016174974,FORCE_BUY,3118705514.435631,449.45,1.8999999999999995,1.9499999999999993
2023-08-30,0.13081425065986602,0.155,0.18,FORCE_BUY,0.0,0.0,0.0,0.0,FORCE_BUY,3118705514.435631,451.07,1.8999999999999995,1.9499999999999993
2023-08-31,0.16655995423314404,0.155,0.18,FREE,0.0,0.0,0.0,0.0,FORCE_BUY,3118705514.435631,450.67,1.8999999999999995,1.9499999999999993
2023-09-01,0.15581849283465657,0.155,0.18,FREE,0.0,0.0,0.0,0.0,FORCE_BUY,3118705514.435631,450.92,1.8999999999999995,1.9499999999999993
2023-09-05,0.17892261516292432,0.155,0.18,FREE,-0.0010453271651618672,-0.0010453271651618672,0.0,-0.0010453271651618672,FORCE_SELL,3118705514.435631,449.15,0.7499999999999998,1.6499999999999995
2023-09-06,0.1730935078713832,0.155,0.18,FREE,-0.004374121270280469,-0.004374121270280469,-0.004374121270280469,-0.004374121270280469,FORCE_BUY,3105063918.309197,446.13,0.9499999999999997,1.2999999999999996
2023-09-07,0.1383527668306219,0.155,0.18,FORCE_BUY,-0.0012791741472174014,0.0007020988390709203,-0.002648114901256759,-0.0012791741472174014,FREE,3107243980.081483,445.03,1.0999999999999996,-0.5
2023-09-08,0.16088201982670744,0.155,0.18,FREE,-0.001435782389231565,0.004250293364576465,6.730229949515425e-05,0.004250293364576465,FREE,3120450678.5521436,445.11,0.8499999999999996,1.3499999999999996
2023-09-11,0.12775081181459982,0.155,0.18,FORCE_BUY,0.00311233514699628,0.0033302493520384283,0.0019480083294149337,0.00311233514699628,FREE,3130842557.4024596,448.0,0.8999999999999997,1.4999999999999996
2023-09-12,0.17824448248735492,0.155,0.18,FREE,-0.003462913315460301,-0.003127792672028731,-0.003127792672028731,-0.003127792672028731,FREE,3121049930.99414,446.05,0.8999999999999997,1.4999999999999996
2023-09-13,0.14612654340428058,0.155,0.18,FORCE_BUY,0.003029283069673482,0.00394640072631755,0.0,0.003029283069673482,FREE,3133366844.7086887,447.0,0.8499999999999996,1.3499999999999996
2023-09-14,0.1449328083599711,0.155,0.18,FORCE_BUY,0.007781927145061463,0.002033072220714109,0.0008944743844898113,0.007781927145061463,FORCE_BUY,3157750477.2129626,450.67,0.9999999999999996,1.2499999999999996
2023-09-15,0.20942311750563336,0.155,0.18,FORCE_SELL,-0.003842696629213437,-0.003842696629213437,-0.003842696629213437,-0.003842696629213437,FORCE_BUY,3145616200.0982795,443.29,-0.5,1.8499999999999996
2023-09-18,0.15178872321677186,0.16,0.185,FORCE_BUY,-0.00022522522522526204,-0.00022522522522526204,-0.00022522522522526204,-0.00022522522522526204,FORCE_BUY,3144907727.98114,443.9,1.9499999999999993,-0.5
2023-09-19,0.14329214392842968,0.16,0.185,FORCE_BUY,-0.002634779083907635,0.00033779219024439143,0.00033779219024439143,-0.002634779083907635,FREE,3145970053.2506914,442.89,1.9499999999999993,-0.5
2023-09-20,0.23492900387056662,0.16,0.185,FORCE_SELL,-0.01146778635604323,-0.011001634853327672,0.0007223802429004748,0.0007223802429004748,FORCE_SELL,3148242639.861916,437.9,0.6999999999999997,0.9999999999999996
2023-09-21,0.2768299631647608,0.16,0.185,FORCE_SELL,-0.015033127713045458,-0.013605475281109976,0.0,0.0,FORCE_SELL,3148242639.861916,431.12,1.2999999999999996,-0.5
2023-09-22,0.25555722226257876,0.16,0.185,FORCE_SELL,0.0,0.0,0.0,0.0,FORCE_BUY,3148242639.861916,430.6,2.499999999999999,-0.5
2023-09-25,0.18044339591170389,0.16,0.185,FREE,0.006897515962156895,0.0020273104348231576,0.0,0.0020273104348231576,FORCE_BUY,3169957693.723107,432.1,2.349999999999999,-0.5
2023-09-26,0.2553957436839524,0.16,0.185,FORCE_SELL,-0.008323065119847463,-0.00790564705368305,0.0,0.0,FORCE_SELL,3169957693.723107,426.55,1.2499999999999996,1.9999999999999996
2023-09-27,0.2158196640539933,0.16,0.185,FORCE_SELL,0.0030916079888091436,0.0030916079888091436,0.0,0.0,FORCE_BUY,3179757960.2532086,426.66,1.5499999999999994,2.499999999999999
2023-09-28,0.25562386352100464,0.16,0.185,FORCE_SELL,0.0017994858611825504,0.0021033306028230337,0.0,0.0,FREE,3186446042.4805794,428.67,1.7999999999999994,-0.5
2023-09-29,0.2989530398978084,0.16,0.185,FORCE_SELL,-0.008926915229085343,-0.004933073075221819,0.0,0.0,FORCE_SELL,3186446042.4805794,427.43,1.1499999999999997,1.6499999999999995
2023-10-02,0.23292604173467638,0.16,0.185,FORCE_SELL,0.002274699247238654,0.004443871209811624,0.0,0.0,FREE,3200606198.310377,427.4,-0.5,1.8499999999999996
2023-10-03,0.28100881515073417,0.16,0.185,FORCE_SELL,-0.007065972631132636,0.00023583086342577288,0.0,0.0,FREE,3201361000.033611,421.57,-0.5,1.8499999999999996
2023-10-04,0.22460986141477188,0.16,0.185,FORCE_SELL,0.0034300042579363233,0.0026532656451232536,0.0,0.0,FORCE_BUY,3212341681.894917,424.19,2.2499999999999996,1.6999999999999993
2023-10-05,0.22137690850094885,0.16,0.185,FORCE_SELL,0.002127357821585616,0.00024819174585173273,0.0,0.0,FORCE_BUY,3219175482.0975018,423.96,2.3999999999999995,1.6999999999999993
2023-10-06,0.30799528456952724,0.16,0.185,FORCE_SELL,0.011641580432737499,-0.004295822197270533,0.0,0.0,FORCE_BUY,3256651772.399436,430.15,1.6999999999999993,-0.5
2023-10-09,0.2284797471593988,0.16,0.185,FORCE_SELL,0.0,0.0,0.0,0.0,FORCE_BUY,3256651772.399436,432.26,1.9499999999999993,2.2999999999999994
2023-10-10,0.25367056139823446,0.16,0.185,FORCE_SELL,0.0,0.0,0.0,0.0,FORCE_BUY,3256651772.399436,434.65,1.9499999999999993,2.2999999999999994
2023-10-11,0.19244279907873027,0.16,0.185,FORCE_SELL,0.0,0.0,0.0,0.0,FORCE_BUY,3256651772.399436,437.35,1.9499999999999993,2.2999999999999994
2023-10-12,0.271462000088684,0.16,0.185,FORCE_SELL,-0.0033530073720230698,-0.006062972234343048,0.0,0.0,FORCE_SELL,3256651772.399436,433.97,0.6999999999999997,2.2499999999999996
2023-10-13,0.3015301091775169,0.16,0.185,FORCE_SELL,-0.007882545462926752,-0.0022146324864530647,0.0,0.0,FORCE_SELL,3256651772.399436,430.45,0.7499999999999998,2.2999999999999994
2023-10-16,0.21233578959917696,0.16,0.185,FORCE_SELL,0.00022939462757777285,0.0012387309889202137,0.0,0.0,FREE,3260685887.870029,436.03,0.6999999999999997,1.8499999999999996
2023-10-17,0.15292260682934397,0.165,0.215,FORCE_BUY,0.00013793103448282834,-0.00405364669091073,0.0,0.00013793103448282834,FORCE_BUY,3261135637.6476665,435.06,0.6999999999999997,1.8499999999999996
2023-10-18,0.1961603710818195,0.165,0.215,FREE,-0.010983960659956845,-0.010983960659956845,-0.010983960659956845,-0.010983960659956845,FORCE_BUY,3225315452.096961,430.4,1.0999999999999996,1.5999999999999996
2023-10-19,0.21898163766385537,0.165,0.215,FORCE_SELL,-0.007575757575757647,-0.007575757575757647,-0.007575757575757647,-0.007575757575757647,FORCE_BUY,3200881244.126529,425.75,1.7499999999999996,-0.5
2023-10-20,0.2007166790904311,0.165,0.215,FREE,-0.012165907276057866,-0.012165907276057866,-0.012165907276057866,-0.012165907276057866,FORCE_BUY,3161939619.708813,420.6,1.7499999999999996,-0.5
2023-10-23,0.23849307390613017,0.165,0.215,FORCE_SELL,0.003306217591931891,0.008683351820175413,0.006493506493506511,0.006493506493506511,FREE,3189395853.8608966,421.81,1.7499999999999996,-0.5
2023-10-24,0.22413713848238695,0.165,0.215,FORCE_SELL,0.000401824757132389,0.000401824757132389,0.0,0.0,FORCE_BUY,3190677432.0752735,423.24,1.5499999999999994,1.7999999999999994
2023-10-25,0.24179589392980838,0.165,0.215,FORCE_SELL,-0.010638044694066899,-0.010638044694066899,0.0,0.0,FORCE_SELL,3190677432.0752735,415.72,1.5499999999999994,1.9999999999999996
2023-10-26,0.23894522695125842,0.165,0.215,FORCE_SELL,-0.0013240887861717104,-0.0002122197754537271,0.0,0.0,FORCE_SELL,3190677432.0752735,414.83,2.499999999999999,-0.5
2023-10-27,0.24141715203816974,0.16,0.185,FORCE_SELL,-0.0010589481115425604,-0.0010589481115425604,0.0,0.0,FORCE_SELL,3190677432.0752735,410.35,2.3999999999999995,1.3999999999999995
2023-10-30,0.22443019738407413,0.16,0.185,FORCE_SELL,0.0057898689406234854,0.004024939218366746,0.0,0.0,FORCE_BUY,3209151036.2387943,415.18,2.1499999999999995,-0.5
2023-10-31,0.2069685638869149,0.16,0.185,FORCE_SELL,0.0,0.0,0.0,0.0,FORCE_BUY,3209151036.2387943,417.28,0.9499999999999997,2.4499999999999993
2023-11-01,0.22745372931533028,0.16,0.185,FORCE_SELL,0.0,0.0,0.0,0.0,FORCE_BUY,3209151036.2387943,423.63,0.9499999999999997,2.3999999999999995
2023-11-02,0.12675442931720846,0.16,0.185,FORCE_BUY,0.0,0.0,0.0,0.0,FORCE_BUY,3209151036.2387943,429.91,0.9499999999999997,2.3999999999999995
2023-11-03,0.13449333272056943,0.16,0.185,FORCE_BUY,0.0,0.0,0.0,0.0,FORCE_BUY,3209151036.2387943,435.29,0.9499999999999997,2.3999999999999995
2023-11-06,0.12498308989611129,0.16,0.185,FORCE_BUY,6.900993743099275e-05,6.900993743099275e-05,0.0,6.900993743099275e-05,FORCE_BUY,3209372499.5510116,434.75,0.9499999999999997,2.3999999999999995
2023-11-07,0.11727522338088557,0.16,0.185,FORCE_BUY,0.00402335846974445,0.0018596962267575352,0.0008966341732575005,0.00402335846974445,FORCE_BUY,3222284955.579645,436.71,0.6999999999999997,-0.5
2023-11-08,0.11823487878964073,0.16,0.185,FORCE_BUY,-2.290216196419278e-05,0.002383202500783786,0.0018092707951630827,-2.290216196419278e-05,FREE,3229964313.1440206,436.63,0.7999999999999998,1.5999999999999996
2023-11-09,0.17397672470909145,0.16,0.185,FREE,-0.009004067827597233,-0.00823404820691557,-0.0003427944604413793,-0.00823404820691557,FORCE_SELL,3228857099.2700515,433.64,0.7499999999999998,1.8999999999999995
2023-11-10,0.14348159917594724,0.16,0.185,FORCE_BUY,0.013095210697107191,0.00039124531080992107,0.00039124531080992107,0.013095210697107191,FORCE_BUY,3271139663.295843,440.2,1.5999999999999996,-0.5
2023-11-13,0.12338333680870595,0.16,0.185,FORCE_BUY,0.0022530723714154744,0.0038461429458612685,0.003709604005461964,0.0022530723714154744,FREE,3283720934.036755,440.39,-0.5,2.499999999999999
2023-11-14,0.13535989042508625,0.16,0.185,FORCE_BUY,0.01988649262202045,0.016244040862655948,0.013393870601589052,0.01988649262202045,FORCE_BUY,3349022626.164251,449.26,-0.5,2.499999999999999
2023-11-15,0.13782660742252464,0.16,0.185,FORCE_BUY,-0.002462832290418569,-0.00011234681099794393,0.00057693161141439,-0.002462832290418569,FORCE_SELL,3350954783.184627,449.5501,-0.5,2.3999999999999995
2023-11-16,0.12902601261551253,0.16,0.185,FORCE_BUY,0.0018901910204808354,0.005311228533822768,0.00022237541417425102,0.0018901910204808354,FREE,3368752469.8446274,450.54,0.8499999999999996,1.2999999999999996
2023-11-17,0.11117512145274926,0.16,0.185,FORCE_BUY,-0.0016846958680616457,0.00037685214777219054,0.0002660046107466069,-0.0016846958680616457,FREE,3370021991.4482017,450.36,0.7999999999999998,1.2499999999999996
2023-11-20,0.12872284662301067,0.16,0.185,FORCE_BUY,0.008455017531401056,0.0016195720081021345,0.0005104078824730147,0.008455017531401056,FORCE_BUY,3398515586.4671035,454.43,0.8499999999999996,1.3499999999999996
2023-11-21,0.13341640080801478,0.16,0.185,FORCE_BUY,-0.0031249999999998245,-0.0031249999999998245,-0.0031249999999998245,-0.0031249999999998245,FORCE_BUY,3387895225.259394,452.98,-0.5,1.2499999999999996
2023-11-22,0.12964298298020996,0.16,0.185,FORCE_BUY,0.003485781101771669,0.005993840329432254,0.0034637191960640427,0.003485781101771669,FREE,3408201728.2924447,454.85,-0.5,1.1999999999999997
2023-11-24,0.11165210327383308,0.16,0.185,FORCE_BUY,0.00048332527791209687,0.0009666505558240465,0.0009666505558240465,0.00048332527791209687,FREE,3411496268.3874593,455.4,-0.5,1.1999999999999997
2023-11-27,0.14459048759978085,0.16,0.185,FORCE_BUY,0.00017575117680705847,0.002990871501629145,0.00019796753332451328,0.00017575117680705847,FREE,3421699615.3544936,454.6999,-0.5,1.1999999999999997
2023-11-28,0.15271814099840245,0.16,0.185,FORCE_BUY,0.0025764115211838433,-0.00046378051177602445,0.0008808244516866502,0.0025764115211838433,FORCE_BUY,3430515321.6655235,455.29,0.8999999999999997,-0.5
2023-11-29,0.1817957507077821,0.16,0.185,FREE,-0.002105771129000433,-0.0003077647805099211,0.00026322139112507255,-0.0003077647805099211,FORCE_SELL,3431418306.6807685,454.93,1.6999999999999993,1.0499999999999996
2023-11-30,0.1396607744314906,0.165,0.215,FORCE_BUY,0.002395130633501175,0.003500188928483506,0.0022193412292075333,0.002395130633501175,FREE,3443428919.0468082,456.18,0.9999999999999996,0.7499999999999998
2023-12-01,0.16073391121290043,0.165,0.215,FORCE_BUY,0.007935116177115396,0.012007228515550493,0.0021043402016660507,0.007935116177115396,FREE,3484774956.954859,459.82,0.6499999999999997,0.9499999999999997
2023-12-04,0.1796778122854592,0.165,0.215,FREE,-0.0048901890582020045,-0.0036463790784698373,-0.003056368161376198,-0.0036463790784698373,FORCE_SELL,3474124201.7268605,455.82,-0.5,1.1999999999999997
2023-12-05,0.14558517349429187,0.165,0.215,FORCE_BUY,0.0036859079839399018,0.0031385842235957685,0.0,0.0036859079839399018,FORCE_BUY,3486929503.859205,457.47,1.1999999999999997,-0.5
2023-12-06,0.21494493217560554,0.165,0.215,FREE,-0.006796031641973621,-0.002263908781517907,0.00010926095887424866,-0.002263908781517907,FORCE_SELL,3487310489.120323,454.51,1.1499999999999997,-0.5
2023-12-07,0.1381643567681423,0.165,0.215,FORCE_BUY,0.007877307633067116,0.0037632533126405127,0.003916650163927177,0.007877307633067116,FORCE_BUY,3514781106.6551456,458.05,1.2999999999999996,1.3999999999999995
2023-12-08,0.14057632444673054,0.165,0.215,FORCE_BUY,0.005611108685210158,0.007372351848588625,0.0009388236321557569,0.005611108685210158,FREE,3540693309.6441793,460.59,2.2999999999999994,1.2999999999999996
2023-12-11,0.12517813187422938,0.165,0.215,FORCE_BUY,0.005393414814492609,0.003296391389440309,-0.00019572876342923614,0.005393414814492609,FORCE_BUY,3559789737.3939886,462.3,1.2999999999999996,1.2499999999999996
2023-12-12,0.13621976053375184,0.165,0.215,FORCE_BUY,0.003758261695969508,-0.001123158667761194,-0.001123158667761194,0.003758261695969508,FORCE_BUY,3573168358.8097415,464.72,0.6499999999999997,1.5999999999999996
2023-12-13,0.1881317381866745,0.165,0.215,FREE,0.01538031319910508,0.013834272284418171,-0.0003441748408191765,0.013834272284418171,FORCE_BUY,3628124807.2813673,472.03,0.6499999999999997,2.3999999999999995
2023-12-14,0.16883363464833756,0.165,0.215,FREE,-0.0019044797596123855,-0.0019044797596123855,0.0,-0.0019044797596123855,FORCE_SELL,3628124807.2813673,471.67,0.6499999999999997,2.3999999999999995
2023-12-15,0.14707405154147027,0.165,0.215,FORCE_BUY,-0.0022921176620400484,0.0005998508794456724,-0.0013370686361900991,-0.0022921176620400484,FREE,3630301141.1377535,470.1,-0.5,-0.5
2023-12-18,0.14375086604118745,0.165,0.215,FORCE_BUY,0.0025073840334885055,0.0027846692878065364,0.0009562057754828396,0.0025073840334885055,FREE,3640410329.230969,471.79,1.2999999999999996,1.0999999999999996
2023-12-19,0.12152784327852324,0.165,0.215,FORCE_BUY,0.004741443176767076,0.0013432677857037904,0.0013432677857037904,0.004741443176767076,FORCE_BUY,3657671127.947134,474.67,1.2999999999999996,1.0999999999999996
2023-12-20,0.25380994860647405,0.165,0.215,FORCE_SELL,-0.012971424961569927,-0.013603150203204802,-0.013603150203204802,-0.013603150203204802,FORCE_BUY,3610225921.3768673,468.73,1.2999999999999996,1.0999999999999996
2023-12-21,0.14120582169103435,0.165,0.215,FORCE_BUY,0.0,0.0,0.0,0.0,FORCE_BUY,3610225921.3768673,472.38,1.8999999999999995,0.6499999999999997
2023-12-22,0.15102277654205012,0.165,0.215,FORCE_BUY,-0.0034749278689215207,-0.0026432445384227243,0.0,-0.0034749278689215207,FORCE_SELL,3610225921.3768673,473.18,1.9499999999999993,0.7499999999999998
2023-12-26,0.13680274074975476,0.165,0.215,FORCE_BUY,0.002487300014755076,0.0021615075151921975,0.00018970932315928545,0.002487300014755076,FORCE_BUY,3619205636.3643775,475.59,1.5499999999999994,-0.5
2023-12-27,0.11449972587659286,0.165,0.215,FORCE_BUY,0.002649062316037239,0.004244193719188718,0.00010512152047766823,0.002649062316037239,FREE,3634566246.194688,476.9,1.5499999999999994,-0.5
2023-12-28,0.13962040298851813,0.165,0.215,FORCE_BUY,0.0,0.00018869287479459637,-0.0002096216329526546,0.0,FREE,3635252062.948313,477.05,-0.5,1.3999999999999995
2023-12-29,0.1542872054683708,0.165,0.215,FORCE_BUY,-0.0048806032677,-0.005515515068301857,0.00012568077084205645,-0.0048806032677,FORCE_SELL,3635708944.2297897,475.07,1.7999999999999994,1.3999999999999995
2024-01-02,0.13688966717588533,0.165,0.215,FORCE_BUY,0.0,0.0,0.0,0.0,FORCE_BUY,100000.0,472.5,1.7999999999999994,1.3999999999999995
2024-01-03,0.17028515383863707,0.165,0.215,FREE,0.0,0.0,0.0,0.0,FORCE_BUY,100000.0,469.35,1.7999999999999994,1.3999999999999995
2024-01-04,0.27186828519458134,0.165,0.215,FORCE_SELL,-0.003153767473576445,-0.003153767473576445,0.0,0.0,FORCE_SELL,100000.0,467.8,0.44999999999999973,-0.5
2024-01-05,0.23953242858037768,0.165,0.215,FORCE_SELL,0.004266175020366208,0.004266175020366208,0.0,0.0,FORCE_BUY,100426.61750203664,468.45,0.34999999999999987,-0.5
2024-01-08,0.285380335492503,0.165,0.215,FORCE_SELL,0.00836744458029876,0.001711764393174235,0.0,0.0,FORCE_BUY,101266.93165837179,474.21,0.34999999999999987,-0.5
2024-01-09,0.24492316379322387,0.165,0.215,FORCE_SELL,0.0,0.0,0.0,0.0,FORCE_BUY,101266.93165837179,473.79,-0.5,-0.5
2024-01-10,0.24272099620850085,0.165,0.215,FORCE_SELL,0.00690150060150685,0.0030809128206854804,0.0,0.0,FORCE_BUY,101965.8254481248,477.08,-0.5,-0.5
2024-01-11,0.28480883843019145,0.165,0.215,FORCE_SELL,0.0034612300029546895,0.005254924499420886,0.0,0.0,FREE,102501.64816237583,475.46,-0.5,-0.5
2024-01-12,0.16103412139341475,0.165,0.215,FORCE_BUY,-0.0013646861221919243,0.0004193254838392022,0.0,-0.0013646861221919243,FREE,102544.62971558583,475.65,0.04999999999999982,-0.5
2024-01-16,0.17608465751540772,0.16,0.215,FREE,0.0010542962572483764,0.0018986676467314585,-0.0003162888771744252,0.0018986676467314585,FREE,102739.32788637286,474.75,-0.0500000000000001,-0.5
2024-01-17,0.14939727930994437,0.16,0.215,FORCE_BUY,0.0010597261667585453,0.003081653614249163,0.0,0.0010597261667585453,FREE,103055.93490747943,472.32,1.2999999999999996,1.4999999999999996
2024-01-18,0.16859599694259012,0.16,0.215,FREE,0.008674678402166673,0.001692695817644631,0.0012906228842247916,0.001692695817644631,FORCE_BUY,103949.91200023644,476.74,-0.5,-0.5
2024-01-19,0.16267217711018903,0.185,0.215,FORCE_BUY,0.0,0.0,0.0,0.0,FORCE_BUY,103949.91200023644,482.64,1.2499999999999996,1.5499999999999994
2024-01-22,0.15930295812963047,0.185,0.215,FORCE_BUY,-0.0013847283361265686,0.00026590952277769195,0.0,-0.0013847283361265686,FREE,103977.55327172921,483.54,1.2499999999999996,1.5499999999999994
2024-01-23,0.13951028606829594,0.185,0.215,FORCE_BUY,0.00542050274128474,0.0018427376387163438,0.0005379124857763271,0.00542050274128474,FORCE_BUY,104541.1638842707,485.97,1.2499999999999996,1.5499999999999994
2024-01-24,0.19715315689872245,0.185,0.215,FREE,-0.002855030193484729,-0.0004129084908982635,0.00045187528242204134,-0.0004129084908982635,FORCE_SELL,104588.40345222564,485.47,-0.5,1.5499999999999994
2024-01-25,0.15368713679631682,0.185,0.215,FORCE_BUY,0.002367278041952217,0.0045694866222546204,0.0037258897877684707,0.002367278041952217,FREE,105066.31876264354,486.94,-0.5,1.9999999999999996
2024-01-26,0.15245331855946534,0.185,0.215,FORCE_BUY,0.0011106312087370309,0.005420528489576532,0.003619835050698348,0.0011106312087370309,FREE,105635.83373679138,486.75,1.4999999999999996,1.7499999999999996
2024-01-29,0.14320379643370176,0.185,0.215,FORCE_BUY,0.007361082632766171,0.003195260827441185,0.00020504408447816953,0.007361082632766171,FORCE_BUY,106413.42783790904,491.29,0.9999999999999996,1.4499999999999995
2024-01-30,0.13121857097481673,0.185,0.215,FORCE_BUY,-0.003949913468390385,-0.005639532414252825,-0.0008551359055276708,-0.003949913468390385,FORCE_SELL,106322.42989493457,489.21,0.9999999999999996,1.4499999999999995
2024-01-31,0.26954642708673304,0.185,0.215,FORCE_SELL,-0.0104875804967801,0.0025828355504899665,-0.0005928651742818223,-0.0005928651742818223,FREE,106597.04324668169,484.02,1.2499999999999996,1.2499999999999996
2024-02-01,0.18322472332799725,0.185,0.215,FORCE_BUY,0.015823830771773278,0.002802791635370026,0.0,0.015823830771773278,FORCE_BUY,108283.81681978858,491.74,1.8499999999999996,1.0499999999999996
2024-02-02,0.19684414279880247,0.185,0.215,FREE,0.0033743266592134494,0.0033743266592134494,0.0033743266592134494,0.0033743266592134494,FORCE_BUY,108649.20178964498,493.61,0.9999999999999996,2.349999999999999
2024-02-05,0.18233008328336284,0.185,0.215,FORCE_BUY,-0.002187784867821314,-0.002187784867821314,-0.002187784867821314,-0.002187784867821314,FORCE_BUY,108411.50071006874,492.57,0.8999999999999997,2.2499999999999996
2024-02-06,0.14421047954424873,0.185,0.215,FORCE_BUY,0.0016836041299012725,0.0010953569037911433,0.0010953569037911433,0.0016836041299012725,FORCE_BUY,108594.02276039301,493.82,0.8999999999999997,2.2499999999999996
2024-02-07,0.12752566666666723,0.185,0.215,FORCE_BUY,0.007652131665249545,0.008058549529474298,0.004230940523907887,0.007652131665249545,FREE,109469.13307141249,497.76,0.9499999999999997,2.499999999999999
2024-02-08,0.1164777413031879,0.185,0.215,FORCE_BUY,0.00016064902204893737,0.00016064902204893737,0.00016064902204893737,0.00016064902204893737,FORCE_BUY,109486.71918058496,498.06,0.9499999999999997,2.499999999999999
2024-02-09,0.13468866874444005,0.185,0.215,FORCE_BUY,0.004088504088504196,0.0012026554743952542,-8.016674683327352e-05,0.004088504088504196,FORCE_BUY,109934.35607959169,501.0,0.7499999999999998,-0.5
2024-02-12,0.17741071777441528,0.185,0.215,FORCE_BUY,-0.0015569483811730277,-0.0015569483811730277,-0.0015569483811730277,-0.0015569483811730277,FORCE_BUY,109763.19396185827,500.2,0.7999999999999998,1.7999999999999994
2024-02-13,0.22547142310619658,0.195,0.24,FREE,-0.010549705729271055,-0.0011695268111652488,-0.00022020258637953696,-0.0011695268111652488,FORCE_SELL,109739.0238226586,494.27,1.8499999999999996,-0.5
2024-02-14,0.15641023572684576,0.195,0.24,FORCE_BUY,0.0,0.0,0.0,0.0,FORCE_BUY,109739.0238226586,498.65,2.1999999999999993,-0.5
2024-02-15,0.14060121255387412,0.195,0.24,FORCE_BUY,0.0,0.0,0.0,0.0,FORCE_BUY,109739.0238226586,501.61,1.7499999999999996,2.0499999999999994
2024-02-16,0.2027747832055362,0.195,0.24,FREE,-0.002601821274892328,-0.002601821274892328,0.0,-0.002601821274892328,FORCE_SELL,109739.0238226586,498.35,1.7499999999999996,2.0499999999999994
2024-02-20,0.16436576512072612,0.195,0.24,FORCE_BUY,-0.004555214416149835,-0.003691165368326797,-0.00503682298878244,-0.004555214416149835,FREE,109333.9589383704,496.06,1.1999999999999997,-0.5
2024-02-21,0.13806514126016664,0.185,0.24,FORCE_BUY,0.011245028566814036,0.011245028566814036,0.011245028566814036,0.011245028566814036,FORCE_BUY,110563.42242995524,500.9,1.9999999999999996,1.4499999999999995
2024-02-22,0.16070551177287903,0.185,0.24,FORCE_BUY,0.008387660995388733,0.006326304427623749,0.002067101287963255,0.008387660995388733,FORCE_BUY,111490.79093578768,507.34,1.7999999999999994,-0.5
2024-02-23,0.15941094087885685,0.185,0.24,FORCE_BUY,-0.0008276351311407095,0.003681745282232283,0.004394348434390196,-0.0008276351311407095,FORCE_SELL,111980.72031838528,507.05,1.6499999999999995,2.499999999999999
2024-02-26,0.19104514025957997,0.185,0.24,FREE,-0.003115193566191047,-0.003115193566191047,-0.003115193566191047,-0.003115193566191047,FORCE_BUY,111631.87869891201,505.7396,1.3499999999999996,1.8499999999999996
2024-02-27,0.12756127758178037,0.185,0.24,FORCE_BUY,0.0013833992094861782,0.004294160799394723,0.0019762845849801954,0.0013833992094861782,FREE,112111.24393638366,506.7,1.3499999999999996,1.8499999999999996
2024-02-28,0.14547982632833356,0.185,0.24,FORCE_BUY,-1.9771442129069695e-05,-0.001443315275416168,-0.001443315275416168,-1.9771442129069695e-05,FORCE_BUY,112109.02733541216,505.77,0.9499999999999997,1.5999999999999996
2024-02-29,0.1642427287081742,0.185,0.24,FORCE_BUY,0.006690419635787862,0.005187945832785698,0.00524544734758519,0.006690419635787862,FORCE_BUY,112859.08377324606,508.58,0.8999999999999997,1.6499999999999995
2024-03-01,0.1364637340968742,0.185,0.24,FORCE_BUY,0.00591355599214141,0.00591355599214141,0.00591355599214141,0.00591355599214141,FORCE_BUY,113526.48228436094,512.01,0.8499999999999996,2.2999999999999994
2024-03-04,0.15942634331907113,0.185,0.24,FORCE_BUY,-0.00224285212778413,-0.00224285212778413,-0.00224285212778413,-0.00224285212778413,FORCE_BUY,113271.85917200963,511.59,-0.5,2.0999999999999996
2024-03-05,0.21178918727243343,0.185,0.24,FREE,-0.0073620112388149885,-0.0073620112388149885,-0.0073620112388149885,-0.0073620112388149885,FORCE_BUY,112437.95047174382,506.97,0.8999999999999997,0.8499999999999996
2024-03-06,0.19169413288540482,0.185,0.24,FREE,0.0006881906484721543,0.0011994179873372655,0.0011994179873372655,0.0011994179873372655,FREE,112572.81057199898,508.93,1.9999999999999996,-0.5
2024-03-07,0.15884523136957338,0.185,0.24,FORCE_BUY,0.007651663405087941,0.007651663405087941,0.0,0.007651663405087941,FORCE_BUY,113434.17982706065,514.91,1.0499999999999996,1.5999999999999996
2024-03-08,0.2246576645960947,0.185,0.24,FREE,-0.007968977217644212,-0.010036439491762705,0.0016674745516238286,-0.010036439491762705,FORCE_SELL,113623.3284352066,511.64,0.19999999999999984,1.2499999999999996
2024-03-11,0.14178044589519304,0.185,0.24,FORCE_BUY,0.002718560531977337,0.002718560531977337,0.002718560531977337,0.002718560531977337,FORCE_BUY,113932.22033140244,512.69,0.7499999999999998,1.2999999999999996
2024-03-12,0.17176482491863562,0.185,0.24,FORCE_BUY,0.0070511696760747235,0.008013050012510351,-0.000603829447398628,0.0070511696760747235,FREE,114845.16491095432,517.01,1.7499999999999996,1.7499999999999996
2024-03-13,0.15836966375251102,0.185,0.24,FORCE_BUY,-0.0015656409463430843,0.0013946339636468517,-0.00028993350858192736,-0.0015656409463430843,FREE,115005.33187849975,516.55,1.3499999999999996,1.8499999999999996
2024-03-14,0.19083514428585668,0.185,0.24,FREE,-0.005319148936170147,0.003363830482707761,0.0009284332688588724,0.003363830482707761,FREE,115392.19031954657,514.25,1.2999999999999996,1.1499999999999997
2024-03-15,0.16696485313180834,0.185,0.215,FORCE_BUY,-0.005578854969277152,-0.0040616632766329,0.0031210377450502647,-0.005578854969277152,FORCE_SELL,115752.33370101791,509.79,-0.5,1.0499999999999996
2024-03-18,0.18450318388769624,0.185,0.215,FORCE_BUY,0.0020727009640013807,-0.0001955378267927649,-0.0001955378267927649,0.0020727009640013807,FORCE_BUY,115992.25367466542,512.47,2.4499999999999993,-0.5
2024-03-19,0.14530749022762413,0.185,0.215,FORCE_BUY,0.005854229680944481,0.0018343253000292852,0.0018343253000292852,0.005854229680944481,FORCE_BUY,116671.29896888729,515.45,2.4499999999999993,-0.5
2024-03-20,0.15123750974964356,0.185,0.215,FORCE_BUY,0.012337833643699565,0.012337833643699565,0.012337833643699565,0.012337833643699565,FORCE_BUY,118110.77004655977,521.8804,1.5499999999999994,2.2999999999999994
2024-03-21,0.17811852360128833,0.185,0.215,FORCE_BUY,-0.0012034843738060509,-0.0012034843738060509,-0.0012034843738060509,-0.0012034843738060509,FORCE_BUY,117968.62558043054,522.85,0.6499999999999997,2.4499999999999993
2024-03-22,0.16773251898035443,0.185,0.215,FORCE_BUY,-0.002814905595342921,-0.002814905595342921,-0.002814905595342921,-0.002814905595342921,FORCE_BUY,117636.55503620928,520.75,0.44999999999999973,1.7999999999999994
2024-03-25,0.16123275460375475,0.185,0.215,FORCE_BUY,-0.0007295766535471148,0.0004799846404914597,0.0004799846404914597,-0.0007295766535471148,FREE,117693.01877578699,520.47,1.4999999999999996,-0.5
2024-03-26,0.18459295420261115,0.155,0.19,FREE,-0.0024377135398670645,-0.0038160230766133086,0.0002879189220314759,-0.0038160230766133086,FORCE_SELL,117726.90482288355,519.71,1.6499999999999995,-0.5
2024-03-27,0.13246514426147724,0.185,0.215,FORCE_BUY,0.0,0.0,0.0,0.0,FORCE_BUY,117726.90482288355,522.43,1.9499999999999993,1.2999999999999996
2024-03-28,0.16245848615807337,0.185,0.215,FORCE_BUY,0.0,0.0,0.0,0.0,FORCE_BUY,117726.90482288355,522.95,1.7999999999999994,1.6499999999999995
2024-04-01,0.18018950667980968,0.185,0.215,FORCE_BUY,0.0,0.0,0.0,0.0,FORCE_BUY,117726.90482288355,521.67,1.5999999999999996,1.6499999999999995
2024-04-02,0.13861980370068083,0.185,0.215,FORCE_BUY,-0.0032282859338968804,-0.0032282859338968804,0.0,-0.0032282859338968804,FORCE_SELL,117726.90482288355,518.72,1.5999999999999996,1.6499999999999995
2024-04-03,0.16676693855754796,0.185,0.215,FORCE_BUY,0.005561778224093276,0.0011007686068516137,0.0011007686068516137,0.005561778224093276,FORCE_BUY,118381.67575851736,520.7,2.2999999999999994,1.2999999999999996
2024-04-04,0.3242506164175693,0.185,0.215,FORCE_SELL,-0.013887554983577027,-0.013887554983577027,-0.013887554983577027,-0.013887554983577027,FORCE_BUY,116737.64372737295,513.38,1.3499999999999996,1.6499999999999995
2024-04-05,0.19466696205899062,0.185,0.215,FREE,0.007950701761206923,0.007950701761206923,0.007950701761206923,0.007950701761206923,FORCE_BUY,117665.78991695531,518.51,1.7499999999999996,-0.5
2024-04-08,0.15950213031837474,0.185,0.215,FORCE_BUY,-3.854827207385776e-05,0.0018695911955744543,0.0018695911955744543,-3.854827207385776e-05,FREE,117885.77684180436,518.81,1.6999999999999993,-0.5
2024-04-09,0.18024180166159565,0.185,0.215,FORCE_BUY,0.0023730513968204096,-0.004202910015080705,0.0006366723259760797,0.0023730513968204096,FORCE_BUY,118165.52584920404,519.55,1.4999999999999996,1.6999999999999993
2024-04-10,0.17872642561280436,0.185,0.215,FORCE_BUY,-0.013038712282928489,0.003474296091707999,0.000923094674897655,-0.013038712282928489,FREE,118576.06787383655,513.21,1.5499999999999994,1.8499999999999996
2024-04-11,0.189115751325016,0.155,0.19,FREE,0.007876312718786416,0.003883411697809293,0.0028199144301826636,0.003883411697809293,FORCE_BUY,119510.01006537494,518.25,1.8999999999999995,-0.5
2024-04-12,0.22234729566640887,0.155,0.19,FORCE_SELL,-0.014131338320864363,-0.002516403084661978,0.0,0.0,FORCE_SELL,119510.01006537494,509.98,2.2499999999999996,-0.5
2024-04-15,0.2693631055638639,0.185,0.215,FORCE_SELL,-0.0033387332569442645,-0.0033387332569442645,0.0,0.0,FORCE_SELL,119510.01006537494,504.49,2.1499999999999995,-0.5
2024-04-16,0.1696039045950377,0.185,0.215,FORCE_BUY,0.0,0.0,0.0,0.0,FORCE_BUY,119510.01006537494,504.91,2.499999999999999,-0.5
2024-04-17,0.19926916806685746,0.185,0.215,FREE,0.0,0.0,0.0,0.0,FORCE_BUY,119510.01006537494,501.06,2.499999999999999,-0.5
2024-04-18,0.1925910522751799,0.185,0.215,FREE,0.0,0.0,0.0,0.0,FORCE_BUY,119510.01006537494,498.68,1.8999999999999995,-0.5
2024-04-19,0.18368003967135546,0.185,0.215,FORCE_BUY,-0.005448112259257891,-0.003971598272041215,0.0,-0.005448112259257891,FORCE_SELL,119510.01006537494,494.71,1.5499999999999994,-0.5
2024-04-22,0.1651797607356645,0.155,0.19,FREE,0.005335212401852299,0.004758371589925299,0.0031407288101468556,0.004758371589925299,FORCE_BUY,120147.62135322121,499.35,1.5499999999999994,-0.5
2024-04-23,0.14229465167280622,0.185,0.215,FORCE_BUY,0.0,0.0,0.0,0.0,FORCE_BUY,120147.62135322121,506.43,0.5499999999999998,-0.5
2024-04-24,0.1509089200424449,0.185,0.215,FORCE_BUY,-0.006407087346002548,0.0018881593255531683,0.0,-0.006407087346002548,FREE,120374.47920492232,502.45,0.5499999999999998,2.2499999999999996
2024-04-25,0.14573075565392923,0.185,0.215,FORCE_BUY,0.00923474972634091,0.009583790696296418,0.00131356353866061,0.00923474972634091,FREE,121528.12301879797,507.09,1.1499999999999997,1.6499999999999995
2024-04-26,0.1456793055804961,0.185,0.215,FORCE_BUY,0.002680700924447673,0.0013196029619312547,-7.884414483654261e-05,0.002680700924447673,FORCE_BUY,121853.90357052084,508.69,0.7499999999999998,2.3999999999999995
2024-04-29,0.1244167942454667,0.185,0.215,FORCE_BUY,0.0003139286204798487,0.001708992072801018,-0.00013734377146003382,0.0003139286204798487,FREE,122062.15092576272,509.83,-0.5,-0.5
2024-04-30,0.2325799067545137,0.185,0.215,FORCE_SELL,-0.01649957819152051,-0.010431708387271607,0.00017657099134814891,0.00017657099134814891,FORCE_SELL,122083.70356075777,501.3,0.6499999999999997,1.3499999999999996
2024-05-01,0.24167703840126065,0.175,0.195,FORCE_SELL,0.0021747805267359247,-0.0031667097835809278,0.0,0.0,FORCE_BUY,122349.20882189352,502.29,1.4499999999999995,-0.5
2024-05-02,0.16413636108987892,0.175,0.195,FORCE_BUY,0.0,0.0,0.0,0.0,FORCE_BUY,122349.20882189352,506.49,1.8499999999999996,-0.5
2024-05-03,0.1412778613075534,0.175,0.195,FORCE_BUY,0.011550536063340347,0.011649610464622866,0.0,0.011550536063340347,FREE,123774.52944532338,512.32,0.5499999999999998,2.2999999999999994
2024-05-06,0.12119276112040946,0.175,0.195,FORCE_BUY,0.00882933213525306,0.0040116820102609994,0.001406442287031435,0.00882933213525306,FORCE_BUY,124867.3758756808,516.45,1.0999999999999996,2.4499999999999993
2024-05-07,0.14482610833016688,0.175,0.195,FORCE_BUY,0.0018785707369033062,0.0026918677208824073,0.0006197346760917422,0.0018785707369033062,FREE,125203.50233419184,517.32,-0.5,1.9999999999999996
2024-05-08,0.1382310963435335,0.175,0.195,FORCE_BUY,-0.0007344840249724884,0.00022909150347198026,0.000328584958540231,-0.0007344840249724884,FORCE_SELL,125244.64232181541,516.99,-0.5,1.9999999999999996
2024-05-09,0.11859979498643568,0.175,0.195,FORCE_BUY,0.007880113845379247,0.00327403535687628,0.00036786772251138814,0.007880113845379247,FORCE_BUY,126231.58436183512,520.56,0.2999999999999998,1.6499999999999995
2024-05-10,0.1472645657500309,0.175,0.195,FORCE_BUY,-0.0020729366602688505,5.7581573896202163e-05,5.7581573896202163e-05,-0.0020729366602688505,FREE,126238.85297513807,519.92,1.0999999999999996,2.0999999999999996
2024-05-13,0.15354608392601776,0.175,0.195,FORCE_BUY,-0.000786646201074583,-4.8710133222109864e-05,0.0009593246354565842,-0.000786646201074583,FORCE_SELL,126359.95701674891,520.79,0.44999999999999973,1.9999999999999996
2024-05-14,0.12802597303657978,0.175,0.195,FORCE_BUY,0.0049325374738500285,0.0049325374738500285,0.0049325374738500285,0.0049325374738500285,FORCE_BUY,126983.23223992811,523.6,0.44999999999999973,1.9999999999999996
2024-05-15,0.13970493669808512,0.175,0.195,FORCE_BUY,0.012760267430754351,0.004775549188156625,0.004775549188156625,0.012760267430754351,FORCE_BUY,128603.57224253118,530.18,1.1499999999999997,1.1499999999999997
2024-05-16,0.1749809361747859,0.175,0.195,FORCE_BUY,-0.00393745290128081,-0.0014714839733678783,-0.0006782215523735235,-0.00393745290128081,FORCE_SELL,128516.35052812408,528.71,1.1499999999999997,1.1499999999999997
2024-05-17,0.12564294729019018,0.15,0.19,FORCE_BUY,0.001512859304084839,0.001172465960665648,0.001172465960665648,0.001512859304084839,FORCE_BUY,128710.77768474756,529.6,-0.5,0.9499999999999997
2024-05-20,0.15133613686341152,0.15,0.19,FREE,0.00015099467743747924,0.0004907327016722535,0.0004907327016722535,0.0004907327016722535,FREE,128773.94027241514,529.9,1.3499999999999996,0.7499999999999998
2024-05-21,0.1360347932907037,0.15,0.19,FORCE_BUY,0.0028875007077206623,0.0028875007077206623,0.0,0.0028875007077206623,FORCE_BUY,129145.77511608772,531.4,-0.5,1.0499999999999996
2024-05-22,0.17686223559674974,0.15,0.19,FREE,-0.00020711340400297081,-0.0002730087443551727,-0.000489540773097908,-0.0002730087443551727,FORCE_BUY,129119.02729499084,531.0,0.9999999999999996,0.6999999999999997
2024-05-23,0.29949568828639994,0.15,0.19,FORCE_SELL,-0.00919055331650909,-0.008135476162048762,0.0,0.0,FORCE_SELL,129119.02729499084,526.1,1.2499999999999996,1.6499999999999995
2024-05-24,0.15419586452561196,0.15,0.19,FREE,0.00043560468260856475,0.0014557980303078174,0.0,0.0014557980303078174,FREE,129306.99852060215,529.38,1.1999999999999997,1.0999999999999996
2024-05-28,0.1537103464813937,0.15,0.19,FREE,-0.0019046541449799549,0.0005468808931132584,0.0005468808931132584,0.0005468808931132584,FREE,129377.7140474389,529.27,1.9999999999999996,1.6999999999999993
2024-05-29,0.15711185618351145,0.15,0.19,FREE,-0.006595905989385952,-0.002370878952683146,0.0,-0.002370878952683146,FORCE_SELL,129377.7140474389,524.12,1.0999999999999996,0.9999999999999996
2024-05-30,0.21990686946733548,0.15,0.19,FORCE_SELL,-0.003209169054441136,0.001979728770723431,0.001088825214899805,0.001088825214899805,FREE,129633.84683022906,521.82,0.9499999999999997,-0.5
2024-05-31,0.24351013174862848,0.15,0.19,FORCE_SELL,0.01394554232131371,-0.00035511704465845386,0.0,0.0,FORCE_BUY,131441.6611274747,528.22,1.1999999999999997,1.0499999999999996
2024-06-03,0.2470651844835464,0.15,0.19,FORCE_SELL,-0.0021752288719074316,-0.0021752288719074316,0.0,0.0,FORCE_SELL,131441.6611274747,527.53,0.7499999999999998,1.2999999999999996
2024-06-04,0.2065008521680438,0.15,0.19,FORCE_SELL,0.0068314589636735154,0.004660866443751461,0.0,0.0,FORCE_BUY,132339.59944158414,529.1,0.7499999999999998,1.2999999999999996
2024-06-05,0.21937707208342647,0.15,0.19,FORCE_SELL,0.0,0.0,0.0,0.0,FORCE_BUY,132339.59944158414,534.98,0.8499999999999996,1.7999999999999994
2024-06-06,0.18954986787015926,0.15,0.19,FREE,0.0008801168495561852,0.0008801168495561852,0.0,0.0008801168495561852,FORCE_BUY,132456.0737529162,534.49,0.5499999999999998,2.0999999999999996
2024-06-07,0.23988923871147047,0.15,0.19,FORCE_SELL,-0.0030841121495325686,0.002234534531381358,-0.00011214953271006325,-0.00011214953271006325,FREE,132752.05142360833,533.35,0.9499999999999997,1.2499999999999996
2024-06-10,0.18019698032963838,0.15,0.19,FREE,0.00425611770004511,0.0034615850989034905,0.0,0.0034615850989034905,FORCE_BUY,133317.05977938964,535.148,-0.5,1.0499999999999996
2024-06-11,0.19246218800850512,0.15,0.19,FORCE_SELL,0.002071018062397419,0.0012172339883382282,-0.0010635915808329059,-0.0010635915808329059,FORCE_BUY,133593.16181821848,537.0299,-0.5,0.6999999999999997
2024-06-12,0.14469143714800634,0.15,0.19,FORCE_BUY,0.0,0.0,0.0,0.0,FORCE_BUY,133593.16181821848,542.23,-0.5,1.2999999999999996
2024-06-13,0.13186069466490327,0.15,0.19,FORCE_BUY,0.0021798566467153327,0.0021798566467153327,0.0,0.0021798566467153327,FORCE_BUY,133884.37575996362,542.5,1.5999999999999996,2.3999999999999995
2024-06-14,0.1182945119652115,0.15,0.19,FORCE_BUY,0.00058982913387289,0.00058982913387289,0.00058982913387289,0.00058982913387289,FORCE_BUY,133963.34466535723,542.85,0.5499999999999998,1.3999999999999995
2024-06-17,0.1466791270003475,0.15,0.19,FORCE_BUY,0.009197309003778513,0.008054557183669682,0.008054557183669682,0.009197309003778513,FORCE_BUY,135195.4469414242,547.54,0.6499999999999997,1.5499999999999994
2024-06-18,0.09520391260722476,0.15,0.19,FORCE_BUY,0.0035108250438852105,0.0035108250438852105,0.0035108250438852105,0.0035108250438852105,FORCE_BUY,135670.0945023654,548.8,0.6499999999999997,1.5499999999999994
2024-06-20,0.157145764972169,0.15,0.19,FREE,-0.0053624663709736006,-0.003606882981316168,0.0007452919363048194,-0.003606882981316168,FORCE_SELL,135771.2083297957,547.17,0.6499999999999997,1.5499999999999994
2024-06-21,0.13601958160991037,0.15,0.19,FORCE_BUY,-0.0010460059090158231,-0.0010460059090158231,-0.0010460059090158231,-0.0010460059090158231,FORCE_BUY,135629.19084360852,544.36,0.7999999999999998,1.0499999999999996
2024-06-24,0.19188533321094248,0.15,0.19,FORCE_SELL,-0.0037422952744348517,0.0015167272722237761,0.0003485471088933666,0.0003485471088933666,FREE,135834.90333627068,543.08,1.1999999999999997,0.8999999999999997
2024-06-25,0.12189243985117881,0.15,0.195,FORCE_BUY,0.0017836386375339594,0.003324251784790759,0.0,0.0017836386375339594,FREE,136286.45275612315,544.6898,1.0999999999999996,-0.5
2024-06-26,0.13672381637567527,0.15,0.195,FORCE_BUY,-0.004046211025467456,0.0007825362871502887,-0.001510463391860146,-0.004046211025467456,FREE,136393.10185085182,543.98,1.3999999999999995,0.7499999999999998
2024-06-27,0.12597517797909685,0.15,0.195,FORCE_BUY,0.0043693776390674385,0.003568129316160759,0.00025702221406282723,0.0043693776390674385,FORCE_BUY,136989.05482020197,547.08,1.3999999999999995,0.8999999999999997
2024-06-28,0.2139385368960178,0.15,0.195,FORCE_SELL,-0.004853043192522531,0.0006696493907995905,0.0031034356858593666,0.0031034356858593666,FORCE_SELL,137414.19154150315,545.1216,1.4999999999999996,0.8499999999999996
2024-07-01,0.1354638747958982,0.15,0.195,FORCE_BUY,0.0005692355717144606,0.0005692355717144606,0.0,0.0005692355717144606,FORCE_BUY,137492.41258738696,544.9,1.4499999999999995,0.7499999999999998
2024-07-02,0.13801285089417256,0.15,0.195,FORCE_BUY,0.007867752490900378,-0.0009191514393911411,-0.0009191514393911411,0.007867752490900378,FORCE_BUY,138574.16885900128,548.2599,0.9999999999999996,0.6499999999999997
2024-07-03,0.12399577775925223,0.15,0.195,FORCE_BUY,0.004428568825062261,0.005215365714694553,0.001202821162362571,0.004428568825062261,FREE,139296.8838282108,551.14,0.7999999999999998,0.6499999999999997
2024-07-05,0.1357998378549545,0.15,0.195,FORCE_BUY,0.003931515535827364,0.003080393173168259,-0.0006341154090045397,0.003931515535827364,FORCE_BUY,139844.53169107373,554.12,0.9499999999999997,1.0499999999999996
2024-07-08,0.12497878559195634,0.15,0.195,FORCE_BUY,0.004604134693508972,0.005372663539290721,0.0021847070506453704,0.004604134693508972,FREE,140595.86930765957,556.4,-0.5,0.9499999999999997
2024-07-09,0.1475701577879257,0.15,0.195,FORCE_BUY,-0.0005931624546140548,-2.879015292905405e-07,0.00048531473559340567,-0.0005931624546140548,FORCE_SELL,140664.10255479816,556.01,-0.5,0.9499999999999997
2024-07-10,0.14784895255078337,0.15,0.195,FORCE_BUY,0.008592949466985472,0.0011490544382707388,8.988440865068027e-05,0.008592949466985472,FORCE_BUY,141872.82207987038,561.05,0.9499999999999997,-0.5
2024-07-11,0.21987464509380947,0.15,0.195,FORCE_SELL,-0.008322937087863271,-0.008322937087863271,-0.008322937087863271,-0.008322937087863271,FORCE_BUY,140692.023507222,556.43,1.0999999999999996,1.8999999999999995
2024-07-12,0.1959323889491266,0.15,0.195,FORCE_SELL,0.0048107128112153215,0.005501302838372304,0.0007180168374947807,0.0007180168374947807,FREE,141466.01293547865,559.77,-0.5,0.6499999999999997
2024-07-15,0.1815657960914722,0.15,0.195,FREE,-0.0004266970095652247,0.0027476703506143963,0.0,0.0027476703506143963,FREE,141854.7149048411,562.22,0.9999999999999996,0.7999999999999998
2024-07-16,0.12008103570023128,0.15,0.195,FORCE_BUY,0.006580942019938973,0.008313412619267933,0.0,0.006580942019938973,FREE,143034.01168183365,564.4,-0.5,0.7999999999999998
2024-07-17,0.2029044106850931,0.15,0.195,FORCE_SELL,-0.007857777777777715,-0.003229735363987981,-0.003057777777777827,-0.003057777777777827,FORCE_SELL,142596.64545944653,558.08,-0.5,0.8499999999999996
2024-07-18,0.25784091137761184,0.15,0.195,FORCE_SELL,0.0017008649079000382,-0.0001977297635667548,0.0,0.0,FORCE_BUY,142839.18308969276,553.6,0.8999999999999997,-0.5
2024-07-19,0.2338721402182873,0.15,0.195,FORCE_SELL,-0.003593089957550523,0.0006602226325603851,0.0,0.0,FREE,142933.488751185,549.05,1.7499999999999996,1.1999999999999997
2024-07-22,0.14104298561972364,0.15,0.195,FORCE_BUY,0.0,0.0,0.0,0.0,FORCE_BUY,142933.488751185,554.28,1.2999999999999996,-0.5
2024-07-23,0.18143528941979625,0.15,0.195,FREE,-0.0030558920854202656,-0.00037036296786619697,0.0,-0.00037036296786619697,FORCE_SELL,142933.488751185,551.34,1.2999999999999996,-0.5
2024-07-24,0.24545225709472362,0.15,0.195,FORCE_SELL,-0.013529732678668725,-0.002258379670268529,-0.00034551736679388134,-0.00034551736679388134,FORCE_SELL,142884.10274852504,542.46,-0.5,1.1999999999999997
2024-07-25,0.24872427135113595,0.15,0.195,FORCE_SELL,-0.0016474769538336114,0.0028156307945533974,0.0,0.0,FREE,143286.41162827594,539.33,1.2999999999999996,-0.5
2024-07-26,0.16490195244771752,0.15,0.195,FREE,0.0036326756407892343,0.007438933809021038,0.0,0.007438933809021038,FREE,144352.30976011083,544.27,1.2499999999999996,2.1499999999999995
2024-07-29,0.1523895744075132,0.15,0.195,FREE,-0.0032829579634655708,-0.0006655575959834189,0.0013572004988629998,-0.0006655575959834189,FORCE_SELL,144548.22478692926,543.45,1.0499999999999996,1.3499999999999996
2024-07-30,0.19550796161949582,0.15,0.195,FORCE_SELL,-0.004274837170901624,-0.003955777044889718,0.002421796165489497,0.002421796165489497,FORCE_SELL,144898.29112344657,542.72,0.9999999999999996,1.3499999999999996
2024-07-31,0.16408369611124354,0.15,0.195,FREE,0.0,0.0,0.0,0.0,FORCE_BUY,144898.29112344657,553.46,0.9999999999999996,1.2499999999999996
2024-08-01,0.2582142494475037,0.15,0.195,FORCE_SELL,-0.020742349385598425,-0.0015825299587079022,0.0,0.0,FORCE_SELL,144898.29112344657,541.1084,0.9999999999999996,1.2499999999999996
2024-08-02,0.17531956269583623,0.15,0.195,FREE,-0.01280335972051875,0.0009034634494982178,0.0,0.0009034634494982178,FREE,145029.20143337135,531.25,0.9999999999999996,-0.5
2024-08-05,0.23070178344926515,0.15,0.195,FORCE_SELL,-0.0016419107258772749,0.0035842826273394285,-0.005593951659093337,-0.005593951659093337,FREE,145549.02708052588,522.92,1.6499999999999995,-0.5
2024-08-06,0.16972799243792647,0.15,0.195,FREE,0.00019236688211759833,0.014872199039854907,0.0,0.014872199039854907,FREE,147713.6611813247,519.94,1.7499999999999996,1.8999999999999995
2024-08-07,0.1960732106060493,0.15,0.195,FORCE_SELL,-0.00982593509509279,-0.00982593509509279,0.0,0.0,FORCE_SELL,147713.6611813247,515.95,1.6999999999999993,1.7999999999999994
2024-08-08,0.12767324479018446,0.15,0.195,FORCE_BUY,0.0,0.0,0.0,0.0,FORCE_BUY,147713.6611813247,531.59,1.5499999999999994,1.6499999999999995
2024-08-09,0.11651546986326274,0.15,0.195,FORCE_BUY,0.00668618377561622,0.009279321073299098,0.0,0.00668618377561622,FREE,149084.3436703387,532.99,1.4499999999999995,2.4499999999999993
2024-08-12,0.11766145928040352,0.15,0.195,FORCE_BUY,-0.00041237113402062015,0.002099343955014174,0.002099343955014174,-0.00041237113402062015,FREE,149397.3229860103,533.28,1.2999999999999996,2.349999999999999
2024-08-13,0.09667145097991721,0.15,0.195,FORCE_BUY,0.012744804903573078,-1.8687397219369246e-05,-1.8687397219369246e-05,0.012744804903573078,FORCE_BUY,151301.36272058307,541.94,1.2999999999999996,2.349999999999999
2024-08-14,0.09449979025424977,0.15,0.195,FORCE_BUY,0.0031178510811011337,0.0031547487270313125,0.0031547487270313125,0.0031178510811011337,FREE,151778.68050202396,543.73,1.2999999999999996,2.349999999999999
2024-08-15,0.090878490499622,0.15,0.195,FORCE_BUY,0.01499899151035069,0.004419018281166878,0.004419018281166878,0.01499899151035069,FORCE_BUY,154055.20764232604,553.55,1.2999999999999996,2.349999999999999
2024-08-16,0.09074752827906336,0.15,0.195,FORCE_BUY,5.41643345911914e-05,0.0003069312293498174,0.0003069312293498174,5.41643345911914e-05,FREE,154102.49199659543,553.9,1.2999999999999996,2.349999999999999
2024-08-19,0.09488721199864643,0.15,0.195,FORCE_BUY,0.009311558242353137,0.00019792788561330313,-0.0005594153207614248,0.009311558242353137,FORCE_BUY,155537.4263261135,559.31,-0.5,0.8499999999999996
2024-08-20,0.12316092258095533,0.15,0.195,FORCE_BUY,-0.002607142857142908,0.0004285714285715332,0.0004285714285715332,-0.002607142857142908,FREE,155604.0852231104,558.54,-0.5,0.8499999999999996
2024-08-21,0.10558034763533652,0.15,0.195,FORCE_BUY,0.003881932021466765,-0.0002504472271914554,-0.0002504472271914554,0.003881932021466765,FORCE_BUY,156208.12970420902,561.17,-0.5,0.8499999999999996
2024-08-22,0.1526622462666337,0.15,0.195,FREE,-0.0068447977754406975,0.001599774191806744,0.000285199907309949,0.001599774191806744,FREE,156458.0274386602,557.17,-0.5,0.8499999999999996
2024-08-23,0.1214810040725572,0.15,0.195,FORCE_BUY,0.007453460663286261,0.0008229436457617284,0.0001254188092381498,0.007453460663286261,FORCE_BUY,157624.18119162964,562.29,1.4499999999999995,-0.5
2024-08-26,0.12555534792301773,0.15,0.195,FORCE_BUY,-0.0032732641915571297,-0.001234411410294115,0.0014943162613631298,-0.0032732641915571297,FORCE_SELL,157859.72156876835,560.29,-0.5,-0.5
2024-08-27,0.11029754771507021,0.15,0.195,FORCE_BUY,-0.00048125768675470314,0.0024983306738853113,0.000998164091046854,-0.00048125768675470314,FREE,158254.1073533346,560.76,1.6499999999999995,2.0999999999999996
2024-08-28,0.16590289603036631,0.15,0.195,FREE,-0.011992373349489579,-0.011386177608411213,0.0010156987829432799,-0.011386177608411213,FORCE_SELL,158414.84585756916,554.46,-0.5,1.5499999999999994
2024-08-29,0.17355171798656144,0.15,0.195,FREE,0.0029431822260507262,0.005312084993359789,0.005312084993359789,0.005312084993359789,FREE,159256.35898297458,558.86,1.7999999999999994,-0.5
2024-08-30,0.11662834756342344,0.15,0.195,FORCE_BUY,0.0,0.0,0.0,0.0,FORCE_BUY,159256.35898297458,563.45,1.6499999999999995,2.1999999999999993
2024-09-03,0.2576208948643978,0.15,0.195,FORCE_SELL,-0.021105741898806096,-0.021105741898806096,0.0,0.0,FORCE_SELL,159256.35898297458,551.0,0.7999999999999998,1.9999999999999996
2024-09-04,0.1663715251910628,0.15,0.195,FREE,-0.003350660170611991,-0.003350660170611991,0.0,-0.003350660170611991,FORCE_SELL,159256.35898297458,550.28,0.7999999999999998,1.9999999999999996
2024-09-05,0.1765088512587488,0.15,0.195,FREE,-0.005236076385114474,-0.0015191289452440514,-0.002264738920897203,-0.0015191289452440514,FREE,159014.42803832935,549.05,0.7999999999999998,1.9999999999999996
2024-09-06,0.24281790064419595,0.15,0.195,FORCE_SELL,-0.01499085923217559,7.869632072937849e-05,-0.0016819012797073556,-0.0016819012797073556,FREE,159026.94188875885,538.8,-0.5,-0.5
2024-09-09,0.13353933665321044,0.15,0.195,FORCE_BUY,0.0,0.0,0.0,0.0,FORCE_BUY,159026.94188875885,547.13,1.2999999999999996,-0.5
2024-09-10,0.12234364453243159,0.15,0.195,FORCE_BUY,0.002981689136041837,-0.004672556729686315,0.0,0.002981689136041837,FORCE_BUY,159501.11079372655,548.3,0.8999999999999997,0.9499999999999997
2024-09-11,0.1878307575973531,0.15,0.195,FREE,0.014253824196735721,0.019265110165307214,0.004278891897826444,0.019265110165307214,FREE,162573.91726465657,554.31,0.9499999999999997,1.4999999999999996
2024-09-12,0.1255166094928948,0.15,0.195,FORCE_BUY,0.00787571863679774,0.010889552950928347,0.0024330023248690462,0.00787571863679774,FREE,164344.27454514988,559.24,1.1999999999999997,2.4499999999999993
2024-09-13,0.112166932593097,0.15,0.195,FORCE_BUY,0.0040580642854588815,0.0017325145828589572,-7.15077407128098e-05,0.0040580642854588815,FORCE_BUY,165011.19417620118,561.65,0.8499999999999996,1.2999999999999996
2024-09-16,0.09230108537682186,0.15,0.195,FORCE_BUY,0.00040909980256472454,0.0010274573555486834,0.0006047562298783551,0.00040909980256472454,FREE,165180.7361414054,562.44,0.8499999999999996,1.2999999999999996
2024-09-17,0.1398982420856569,0.15,0.195,FORCE_BUY,0.00028404047576774746,0.0004316233140392694,0.001171666962542122,0.00028404047576774746,FORCE_SELL,165374.27295279066,563.46,-0.5,1.1999999999999997
2024-09-18,0.17182207308894748,0.15,0.195,FREE,0.003071351217000821,0.006711079676454626,0.00017753475242770223,0.006711079676454626,FREE,166484.1128750126,565.0,1.1999999999999997,1.0999999999999996
2024-09-19,0.11746779438426093,0.15,0.195,FORCE_BUY,0.005341842671273917,0.009184860008879763,0.007245865801629041,0.005341842671273917,FREE,168013.2461454721,570.25,-0.5,0.9999999999999996
2024-09-20,0.1217888566253378,0.15,0.195,FORCE_BUY,-0.0014763001107226258,0.002015495063104664,-0.0024956501871737933,-0.0014763001107226258,FREE,168351.87601361447,568.15,1.4499999999999995,-0.5
2024-09-23,0.1140696690907365,0.15,0.195,FORCE_BUY,0.0001932570846289804,0.003130979989673857,-0.0011946801595250954,0.0001932570846289804,FREE,168878.98236863717,569.3,-0.5,-0.5
2024-09-24,0.10959983376449296,0.15,0.195,FORCE_BUY,0.0017537090947352283,0.0038745314180068397,0.0013503560029460699,0.0017537090947352283,FREE,169533.30929166547,571.22,-0.5,-0.5
2024-09-25,0.13557180328696386,0.15,0.195,FORCE_BUY,0.0009467040673214222,0.0007709225677701251,0.0014200561009819186,0.0009467040673214222,FORCE_SELL,169774.05610184473,570.94,1.1499999999999997,0.6499999999999997
2024-09-26,0.12934752362631505,0.15,0.195,FORCE_BUY,-0.002300773896674549,0.001519473131841452,0.0013595482116711692,-0.002300773896674549,FREE,170032.02321857525,572.4,1.1499999999999997,0.7499999999999998
2024-09-27,0.16482583559566935,0.15,0.195,FREE,-0.001347473050539257,-0.001347473050539257,-0.001347473050539257,-0.001347473050539257,FORCE_BUY,169802.90964955956,570.67,0.9499999999999997,2.4499999999999993
2024-09-30,0.13741549885335874,0.15,0.195,FORCE_BUY,0.0030446194225721293,-0.000997375328084199,-0.000997375328084199,0.0030446194225721293,FORCE_BUY,170319.89488628786,573.24,1.1499999999999997,1.6999999999999993
2024-10-01,0.2257415998585839,0.15,0.195,FORCE_SELL,-0.010008718395815219,-0.00972913785927086,-0.008108108108107968,-0.008108108108107968,FORCE_SELL,168938.92276558827,567.76,-0.5,1.7999999999999994
2024-10-02,0.14167075583718844,0.15,0.195,FORCE_BUY,0.003876310457228471,0.0025269753517397717,0.0,0.003876310457228471,FORCE_BUY,169593.7824785374,569.75,0.7999999999999998,0.7999999999999998
2024-10-03,0.16079555150754743,0.15,0.195,FREE,3.540103561255406e-05,3.540103561255406e-05,3.540103561255406e-05,3.540103561255406e-05,FORCE_BUY,169599.7862740706,567.8001,1.0499999999999996,2.3999999999999995
2024-10-04,0.1421754049625412,0.15,0.195,FORCE_BUY,0.00629472684753748,0.00854417788390188,0.005802401842702102,0.00629472684753748,FREE,171048.877017068,572.31,0.9999999999999996,2.0499999999999994
2024-10-07,0.19267825019479878,0.15,0.195,FREE,-0.007135611598866407,-0.004533884688123238,-0.0029381930112978823,-0.004533884688123238,FORCE_SELL,170546.3024020261,567.7,0.9499999999999997,0.9499999999999997
2024-10-08,0.13571223927741294,0.15,0.195,FORCE_BUY,0.00807988170888428,0.004136668485627273,0.004136668485627273,0.00807988170888428,FORCE_BUY,171924.2963513221,572.6801,1.1999999999999997,-0.5
2024-10-09,0.13433763749166364,0.15,0.195,FORCE_BUY,0.00909408884225249,0.0023871983210912574,0.0023871983210912574,0.00909408884225249,FORCE_BUY,173487.79117648274,577.0,0.9999999999999996,0.8999999999999997
2024-10-10,0.15564266164624777,0.15,0.195,FREE,0.0006939986467026517,0.0006939986467026517,0.0006939986467026517,0.0006939986467026517,FORCE_BUY,173608.19146877868,576.77,0.7999999999999998,2.499999999999999
2024-10-11,0.13457938893004415,0.15,0.195,FORCE_BUY,0.005089633129516445,0.0050027988314614,0.005228599221790017,0.005089633129516445,FORCE_SELL,174515.9191235887,578.61,0.5999999999999996,2.349999999999999
2024-10-14,0.1307303699826977,0.15,0.195,FORCE_BUY,0.009269168364000475,0.004211689163530929,0.004211689163530929,0.009269168364000475,FORCE_BUY,176133.53656014355,584.71,1.0499999999999996,1.8999999999999995
2024-10-15,0.21886728476664377,0.15,0.195,FORCE_SELL,-0.007768651608487158,-0.007768651608487158,-0.007768651608487158,-0.007768651608487158,FORCE_BUY,174765.21647803707,579.86,1.0499999999999996,1.8999999999999995
2024-10-16,0.13998853093224808,0.15,0.195,FORCE_BUY,0.0024132106043368235,0.00025855827903591556,0.00025855827903591556,0.0024132106043368235,FORCE_BUY,175186.9617517111,581.54,1.6999999999999993,-0.5
2024-10-17,0.17253873745096962,0.15,0.195,FREE,-0.00017152658662087714,0.0012178387650087924,0.0012178387650087924,0.0012178387650087924,FREE,175400.31122485644,582.9,1.5499999999999994,-0.5
2024-10-18,0.13768089254392732,0.15,0.195,FORCE_BUY,0.0022969591004149037,0.0008226315472496333,0.0,0.0022969591004149037,FORCE_BUY,175803.19856594,584.72,0.7499999999999998,0.6499999999999997
2024-10-21,0.15849765000029892,0.15,0.195,FREE,-0.0011467104812760362,0.001100823733706082,-0.002378996371602616,0.001100823733706082,FREE,175996.7268993828,583.61,0.6999999999999997,0.6999999999999997
2024-10-22,0.15845624931476796,0.15,0.195,FREE,0.0015459401892920748,0.0009257985706956712,0.0,0.0009257985706956712,FORCE_BUY,176268.80731268044,583.07,1.1499999999999997,1.6499999999999995
2024-10-23,0.2148734975245247,0.15,0.195,FORCE_SELL,-0.007445530965860404,-0.010233749909246163,-0.010387716589466238,-0.010387716589466238,FORCE_BUY,174956.39244951858,578.56,0.9999999999999996,1.5999999999999996
2024-10-24,0.14783479103638789,0.15,0.195,FORCE_BUY,-0.002719730092608687,-0.003873411707398784,0.0,-0.002719730092608687,FORCE_SELL,174956.39244951858,579.36,1.1499999999999997,0.6999999999999997
2024-10-25,0.2381946722720016,0.15,0.195,FORCE_SELL,-0.0037062575418030717,-0.0012896496338964335,0.004499224271677333,0.004499224271677333,FORCE_SELL,175743.56049691254,577.95,0.9499999999999997,1.9999999999999996
2024-10-28,0.17402903094739322,0.15,0.195,FREE,-0.002524905530745534,-0.002524905530745534,0.0,-0.002524905530745534,FORCE_SELL,175743.56049691254,580.73,1.2499999999999996,2.1499999999999995
2024-10-29,0.15750065892320028,0.15,0.195,FREE,0.0032003303566818055,0.0032003303566818055,0.0032003303566818055,0.0032003303566818055,FORCE_BUY,176305.99794856217,583.05,1.2499999999999996,2.1499999999999995
2024-10-30,0.19609563162913446,0.15,0.195,FORCE_SELL,-0.008560791916141843,-0.004702458934323251,-0.0008921065724235469,-0.0008921065724235469,FORCE_SELL,176148.71420903457,577.9,0.9999999999999996,0.7499999999999998
2024-10-31,0.24185549219386226,0.15,0.195,FORCE_SELL,-0.010083449235048699,-0.010083449235048699,0.0,0.0,FORCE_SELL,176148.71420903457,569.4,1.0499999999999996,1.3999999999999995
2024-11-01,0.2071160859581598,0.15,0.195,FORCE_SELL,0.0,0.0,0.0,0.0,FORCE_BUY,176148.71420903457,571.3,1.5999999999999996,-0.5
2024-11-04,0.17330836914745892,0.15,0.195,FREE,-0.0013150281416021098,-0.0013150281416021098,0.0,-0.0013150281416021098,FORCE_SELL,176148.71420903457,569.58,1.5499999999999994,-0.5
2024-11-05,0.15944182724043754,0.15,0.195,FREE,0.014576974963645543,0.0005431259526604976,0.0005431259526604976,0.0005431259526604976,FORCE_BUY,178716.42960593803,579.0901,1.5499999999999994,-0.5
2024-11-06,0.16861035661104964,0.15,0.195,FREE,-0.0002539747041194453,-0.0002539747041194453,0.0,-0.0002539747041194453,FORCE_SELL,178716.42960593803,590.46,0.8499999999999996,2.499999999999999
2024-11-07,0.13301754270347055,0.15,0.195,FORCE_BUY,0.006385674465748641,0.006385674465748641,0.006385674465748641,0.006385674465748641,FORCE_BUY,179857.65454708243,595.73,0.5999999999999996,2.499999999999999
2024-11-08,0.13880431742367785,0.15,0.195,FORCE_BUY,0.002733202542046031,0.0013917534416554632,0.0013917534416554632,0.002733202542046031,FORCE_BUY,180349.24194569697,598.0,0.44999999999999973,0.9999999999999996
2024-11-11,0.1313133774793972,0.15,0.195,FORCE_BUY,-0.001802343045959822,-0.001802343045959822,-0.001802343045959822,-0.001802343045959822,FORCE_BUY,180024.190743632,598.14,0.5499999999999998,1.3499999999999996
2024-11-12,0.16686002556933968,0.15,0.195,FREE,-0.004101107639875218,0.0005692809777821949,-0.0002004778054362292,0.0005692809777821949,FREE,180126.675090963,596.1152,1.1499999999999997,-0.5
2024-11-13,0.1536936029739232,0.15,0.195,FREE,-0.0009700667274136275,0.00043461531193728114,0.0,0.00043461531193728114,FREE,180204.96090204586,597.42,1.1999999999999997,-0.5
2024-11-14,0.19473490167954322,0.15,0.195,FREE,-0.0099187100659017,-0.0099187100659017,0.0,-0.0099187100659017,FORCE_SELL,180204.96090204586,591.93,-0.5,1.4999999999999996
2024-11-15,0.193457132146739,0.15,0.19,FORCE_SELL,-0.0070297281273820345,-0.007249936478360212,-0.007249936478360212,-0.007249936478360212,FORCE_BUY,178938.16901969898,586.2,0.7499999999999998,1.4999999999999996
2024-11-18,0.14097969687821832,0.15,0.19,FORCE_BUY,0.00526531728665195,0.0036387449691758435,0.0,0.00526531728665195,FORCE_BUY,179880.33525428025,588.04,1.0499999999999996,-0.5
2024-11-19,0.16023412007098856,0.15,0.19,FREE,0.0050815771583955565,-0.00035000365759887373,-0.005336505778382181,-0.00035000365759887373,FORCE_BUY,180794.41105715293,591.39,-0.5,2.499999999999999
2024-11-20,0.14322648985443043,0.15,0.19,FORCE_BUY,-0.005172676099193749,-0.008380162804456753,-0.00704903899792088,-0.005172676099193749,FORCE_BUY,179859.2201282098,588.51,-0.5,2.499999999999999
2024-11-21,0.15941045006888102,0.15,0.19,FREE,0.006996688460558722,0.007064617474739017,0.007064617474739017,0.007064617474739017,FREE,181129.85671772048,592.97,0.9999999999999996,2.1999999999999993
2024-11-22,0.1160148335798233,0.15,0.19,FORCE_BUY,0.0,0.0,0.0,0.0,FORCE_BUY,181129.85671772048,596.45,1.7499999999999996,-0.5
2024-11-25,0.14826347225871417,0.15,0.19,FORCE_BUY,-0.005446677693682861,-0.0010617490498065504,0.0,-0.005446677693682861,FORCE_SELL,181129.85671772048,595.27,-0.5,1.3499999999999996
2024-11-26,0.11430444463752158,0.15,0.19,FORCE_BUY,0.006648468507695119,0.0007033644265066925,0.0007033644265066925,0.006648468507695119,FORCE_BUY,182334.09286591157,601.1,1.1499999999999997,-0.5
2024-11-27,0.15621986755364728,0.15,0.19,FREE,-0.001183116428654928,-0.001183116428654928,-0.001183116428654928,-0.001183116428654928,FORCE_BUY,182118.37040513803,599.4,1.0499999999999996,1.3999999999999995
2024-11-29,0.12188588426500553,0.15,0.19,FORCE_BUY,0.0054010802160432865,0.006339094985249767,0.0015169700606786599,0.0054010802160432865,FREE,183272.8360536951,603.12,-0.5,1.1499999999999997
2024-12-02,0.11032612421709215,0.15,0.19,FORCE_BUY,0.0028576175444426834,0.0028576175444426834,0.0028576175444426834,0.0028576175444426834,FORCE_BUY,183796.5597254219,603.62,-0.5,1.1499999999999997
2024-12-03,0.11472148837562007,0.15,0.19,FORCE_BUY,0.00029817387129361716,0.0012434067972831725,-0.00034767636297428116,0.00029817387129361716,FREE,184025.09361710172,604.1901,-0.5,0.7999999999999998
2024-12-04,0.11186895036142942,0.15,0.19,FORCE_BUY,0.003638288020109784,0.0022991650456536485,0.0010749487332144562,0.003638288020109784,FORCE_BUY,184694.6299106084,606.88,-0.5,0.9999999999999996
2024-12-05,0.15025382975863752,0.15,0.19,FREE,-0.0017290496813608086,0.0005652022432087191,0.0018360860902069754,0.0005652022432087191,FORCE_SELL,185033.74515152318,606.22,-0.5,1.0999999999999996
2024-12-06,0.13531078442606168,0.15,0.19,FORCE_BUY,0.001616121637889814,0.00016491037121343504,0.00016491037121343504,0.001616121637889814,FORCE_BUY,185332.78219080236,607.37,0.8499999999999996,1.2499999999999996
2024-12-09,0.20246164988655427,0.15,0.19,FORCE_SELL,-0.006705012325390429,-0.0042563681183237214,-0.0042563681183237214,-0.0042563681183237214,FREE,184543.93764540518,604.42,1.0999999999999996,1.2999999999999996
2024-12-10,0.19169447362985537,0.15,0.19,FORCE_SELL,-0.0014072614691808822,-0.00024528041371980577,0.0,0.0,FORCE_SELL,184543.93764540518,603.16,-0.5,0.6999999999999997
2024-12-11,0.15051751791700066,0.15,0.19,FREE,0.0,0.0,0.0,0.0,FORCE_BUY,184543.93764540518,606.76,1.0499999999999996,0.9999999999999996
2024-12-12,0.2037998766483795,0.15,0.19,FORCE_SELL,0.0,0.0,0.0,0.0,FORCE_BUY,184543.93764540518,605.38,0.7999999999999998,1.7499999999999996
2024-12-13,0.20114133007002807,0.15,0.19,FORCE_SELL,0.0,0.0,0.0,0.0,FORCE_BUY,184543.93764540518,603.85,0.7999999999999998,1.7499999999999996
2024-12-16,0.15539373173738041,0.15,0.19,FREE,-0.0005277915223485393,-0.0005277915223485393,0.0,-0.0005277915223485393,FORCE_SELL,184543.93764540518,605.98,0.7999999999999998,1.7499999999999996
2024-12-17,0.14811937036359799,0.15,0.19,FORCE_BUY,-0.0020814404889734953,-0.0020814404889734953,-0.0020814404889734953,-0.0020814404889734953,FORCE_BUY,184159.82042159542,604.09,0.7999999999999998,1.7499999999999996
2024-12-18,0.5568727239076084,0.15,0.19,FORCE_SELL,-0.028220006943410973,-0.021738692253855323,9.919158855358234e-05,9.919158855358234e-05,FORCE_SELL,184178.08752673076,587.82,0.9499999999999997,-0.5
2024-12-19,0.19624052604841505,0.15,0.19,FORCE_SELL,0.0,0.0,0.0,0.0,FORCE_BUY,184178.08752673076,584.31,2.1499999999999995,-0.5
2024-12-20,0.22580553382579058,0.15,0.19,FORCE_SELL,0.021671612947753424,0.02892573763129411,0.0,0.0,FREE,189505.5745639625,592.12,2.0999999999999996,2.0499999999999994
2024-12-23,0.13269735543852548,0.15,0.19,FORCE_BUY,0.004442417485895725,-0.0007592427566335605,0.0,0.004442417485895725,FORCE_BUY,190347.43744208015,594.65,1.2499999999999996,-0.5
2024-12-24,0.11624012134061422,0.15,0.19,FORCE_BUY,0.010167212839257419,0.00047054869338729435,0.00047054869338729435,0.010167212839257419,FORCE_BUY,192282.740351961,601.1,1.3499999999999996,-0.5
2024-12-26,0.1062750791389821,0.15,0.19,FORCE_BUY,-0.00014987510407993418,-0.002331390507909975,-0.002331390507909975,-0.00014987510407993418,FORCE_BUY,192253.92195623796,600.41,1.3499999999999996,-0.5
2024-12-27,0.12675511016173494,0.15,0.19,FORCE_BUY,-0.0070421360033375655,-0.008126825198164394,-0.008126825198164394,-0.0070421360033375655,FORCE_BUY,190900.0436906471,595.03,1.3499999999999996,-0.5
2024-12-30,0.12694675619005216,0.15,0.19,FORCE_BUY,-0.010363130845058747,-0.010363130845058747,-0.010363130845058747,-0.010363130845058747,FORCE_BUY,188921.72155955347,587.3,0.7499999999999998,-0.5
2024-12-31,0.13126512931541348,0.15,0.19,FORCE_BUY,-0.0016851063829787323,0.008038597438075256,0.004187234042553351,-0.0016851063829787323,FREE,190440.38722647887,586.51,0.7499999999999998,-0.5
2025-01-02,0.14227164018351532,0.15,0.19,FORCE_BUY,-0.004012104314712158,0.004607119785114414,0.004607119785114414,-0.004012104314712158,FREE,191317.76890235484,585.86,1.8999999999999995,1.6499999999999995
2025-01-03,0.10835862986271828,0.15,0.19,FORCE_BUY,0.0103073378839592,0.000631399317406331,0.000631399317406331,0.0103073378839592,FORCE_BUY,193289.74578963662,592.0401,1.8999999999999995,1.6499999999999995
2025-01-06,0.1373255890141897,0.15,0.19,FORCE_BUY,0.0030653664123422813,0.00045475216007276277,0.00045475216007276277,0.0030653664123422813,FORCE_BUY,193882.24968423037,595.55,1.8999999999999995,1.6499999999999995
2025-01-07,0.16789869421302583,0.15,0.19,FREE,-0.010391659811640572,0.0034129918555838774,0.0006043614753135157,0.0034129918555838774,FREE,194543.9682233449,589.48,1.8999999999999995,1.6499999999999995
2025-01-08,0.09899771372209143,0.15,0.19,FORCE_BUY,-0.0027636486944725308,-0.0027636486944725308,-0.0027636486944725308,-0.0027636486944725308,FORCE_BUY,194006.31703954696,588.17,1.4999999999999996,1.7999999999999994
2025-01-10,0.13526947406670045,0.15,0.19,FORCE_BUY,-0.014161126319906172,-0.014161126319906172,-0.014161126319906172,-0.014161126319906172,FORCE_BUY,191258.96907709018,579.7817,0.8999999999999997,-0.5
2025-01-13,0.09700332227414471,0.15,0.19,FORCE_BUY,0.008595195683378552,0.0009667289185187791,-0.0013489441917574954,0.008595195683378552,FORCE_BUY,192902.87734250902,583.2,0.8999999999999997,-0.5
2025-01-14,0.11985913916023276,0.15,0.19,FORCE_BUY,-0.0022774752560021164,0.006049369062818118,0.0013870338025272764,-0.0022774752560021164,FREE,194069.81804083337,582.65,1.7499999999999996,2.3999999999999995
2025-01-15,0.10484966034400751,0.15,0.19,FORCE_BUY,0.019841610692137114,0.0013788860157318797,0.0016491728367491873,0.019841610692137114,FORCE_BUY,197920.47581749348,593.66,-0.5,1.8999999999999995
2025-01-16,0.1288880688686485,0.15,0.19,FORCE_BUY,-0.005447667087011341,-0.0013505221954148395,-0.0002522068095837763,-0.005447667087011341,FORCE_SELL,197870.55892573623,591.51,-0.5,1.8999999999999995
2025-01-17,0.1393905984567462,0.15,0.19,FORCE_BUY,0.007229524772497694,0.003498706062947776,0.0005729693292890201,0.007229524772497694,FORCE_BUY,199301.06903323779,597.69,0.34999999999999987,1.7999999999999994
2025-01-21,0.11504467469957387,0.15,0.19,FORCE_BUY,0.010179350460494662,0.004312434185234204,0.004312434185234204,0.010179350460494662,FORCE_BUY,201329.82446207834,604.36,0.3999999999999998,1.4499999999999995
2025-01-22,0.14955641553130203,0.15,0.19,FORCE_BUY,0.0019182748755599943,0.0008586468944180537,0.000909526880653437,0.0019182748755599943,FORCE_BUY,201716.03040604483,605.87,0.3999999999999998,1.4499999999999995
2025-01-23,0.12024312312106,0.15,0.19,FORCE_BUY,0.0068942713069356076,0.00414974413928722,0.0041332561792180224,0.0068942713069356076,FORCE_BUY,203106.71544662217,609.02,0.8999999999999997,2.2999999999999994
2025-01-24,0.16323204133656535,0.15,0.19,FREE,-0.0027414800709172978,-0.0006934278958942556,0.000640225884824953,-0.0006934278958942556,FORCE_SELL,203236.7496232329,607.49,-0.5,2.4499999999999993
2025-01-27,0.15732893006886,0.15,0.19,FREE,0.0006513243595309677,-0.009168642907244758,-0.009168642907244758,-0.009168642907244758,FORCE_BUY,203369.1226690144,599.17,1.1999999999999997,2.4499999999999993
2025-01-28,0.1730135740811496,0.15,0.19,FREE,0.0,0.0,0.0,0.0,FORCE_BUY,203369.1226690144,604.1,2.499999999999999,-0.5
2025-01-29,0.17353182109824802,0.15,0.19,FREE,-0.001457098387257295,-8.278968109424006e-05,0.0,-8.278968109424006e-05,FORCE_SELL,203369.1226690144,603.06,1.8999999999999995,-0.5
2025-01-30,0.16786027422141112,0.15,0.19,FREE,0.007097503407466542,0.002509889963764583,0.0,0.002509889963764583,FORCE_BUY,204812.53571013123,605.89,1.3499999999999996,-0.5
2025-01-31,0.25327167989441424,0.15,0.19,FORCE_SELL,-0.014268081955072731,-0.011256498707605289,0.0,0.0,FORCE_SELL,204812.53571013123,598.98,-0.5,2.499999999999999
2025-02-03,0.1967051082434039,0.15,0.19,FORCE_SELL,0.011676298630183192,0.015676940476013677,0.0,0.0,FREE,208023.3696412004,600.44,1.7499999999999996,2.2999999999999994
2025-02-04,0.13917773327084326,0.15,0.23,FORCE_BUY,0.006639393736167808,0.008550129693908028,0.0,0.006639393736167808,FREE,209801.99643099646,600.4,1.6999999999999993,1.7999999999999994
2025-02-05,0.13926164499025273,0.15,0.23,FORCE_BUY,0.010544257473722948,0.006039718295019505,0.003626155105860382,0.010544257473722948,FORCE_BUY,212014.20269986597,604.74,1.8999999999999995,1.6999999999999993
2025-02-06,0.1242370706162369,0.15,0.23,FORCE_BUY,0.0006605128882577379,0.0006605128882577379,0.0006605128882577379,0.0006605128882577379,FORCE_BUY,212154.2408132429,605.99,1.7999999999999994,2.0499999999999994
2025-02-07,0.2318970065072102,0.15,0.23,FORCE_SELL,-0.00886740422721259,-0.004799873468456118,0.0019484808454425637,0.0019484808454425637,FORCE_SELL,212567.61928774693,600.2299,1.4999999999999996,2.349999999999999
2025-02-10,0.1297348808416735,0.15,0.23,FORCE_BUY,0.0009114561755299706,0.0019048718883121981,0.0,0.0009114561755299706,FREE,212972.5333700936,603.98,1.0999999999999996,2.4499999999999993
2025-02-11,0.12825425696589324,0.15,0.23,FORCE_BUY,0.0034980106100794017,0.005174595812917864,0.0032327586206896803,0.0034980106100794017,FREE,214074.58014953698,605.31,1.2999999999999996,1.9999999999999996
2025-02-12,0.14532080655511703,0.15,0.23,FORCE_BUY,-0.000495957942766427,-0.0005124898741917905,-0.0005124898741917905,-0.000495957942766427,FORCE_BUY,213968.40816116743,604.59,1.1499999999999997,1.5999999999999996
2025-02-13,0.14352172547895495,0.15,0.23,FORCE_BUY,0.011967996812960593,0.0009959498041298186,0.0009959498041298186,0.011967996812960593,FORCE_BUY,216529.18138811455,609.65,0.8999999999999997,2.0999999999999996
2025-02-14,0.13979098439460882,0.15,0.23,FORCE_BUY,-0.00031149072905228397,0.0008363638405595453,0.0006393757070018713,-0.00031149072905228397,FREE,216710.2785658535,609.78,0.8999999999999997,2.0999999999999996
2025-02-18,0.11365739842542022,0.15,0.23,FORCE_BUY,0.0019319874911996992,0.0014749075021287328,0.0016536503102639523,0.0019319874911996992,FORCE_BUY,217128.9601132571,611.95,-0.5,-0.5
2025-02-19,0.12408512685931002,0.15,0.23,FORCE_BUY,0.0008990600735593476,0.0001720336482161567,-0.0009152431548834804,0.0008990600735593476,FORCE_BUY,217324.17209210843,612.3,0.5999999999999996,1.6499999999999995
2025-02-20,0.16361360841729766,0.15,0.23,FREE,-0.0017335841033609789,-0.0017335841033609789,-0.0017335841033609789,-0.0017335841033609789,FORCE_BUY,216947.42236209346,610.39,-0.5,-0.5
2025-02-21,0.3147875232304118,0.15,0.23,FORCE_SELL,-0.01648369654268384,-0.0019271098066523313,0.0012452892020319297,0.0012452892020319297,FORCE_SELL,217217.58464456967,600.24,1.1499999999999997,-0.5
2025-02-24,0.23927081948692622,0.15,0.23,FORCE_SELL,-0.003499241830936541,-0.003499241830936541,0.0,0.0,FORCE_SELL,217217.58464456967,598.03,1.1999999999999997,-0.5
2025-02-25,0.21281981012005388,0.15,0.23,FREE,0.0006715916722631911,0.0007996886885248245,0.0,0.0007996886885248245,FREE,217391.29108995863,596.0,0.8499999999999996,-0.5
2025-02-26,0.22778126735154824,0.15,0.23,FREE,-0.005211387971915538,0.0002513531176164318,0.0002513531176164318,0.0002513531176164318,FREE,217445.93306871675,593.66,1.0499999999999996,1.4999999999999996
2025-02-27,0.32082251627545183,0.15,0.23,FORCE_SELL,-0.014407522243192297,-0.014026496787473199,0.0,0.0,FORCE_SELL,217445.93306871675,584.89,1.1999999999999997,1.7499999999999996
2025-02-28,0.22260687858876407,0.15,0.23,FREE,0.0,0.0,0.0,0.0,FORCE_BUY,217445.93306871675,594.3,1.8999999999999995,-0.5
2025-03-03,0.32175181224930766,0.15,0.23,FORCE_SELL,-0.012266522685474129,0.00032481254047908527,0.0,0.0,FREE,217516.56223465365,585.4,1.8499999999999996,2.1499999999999995
2025-03-04,0.20403089350809844,0.15,0.23,FREE,-0.0020803245994086414,-0.0020803245994086414,0.0,-0.0020803245994086414,FORCE_SELL,217516.56223465365,580.43,1.6999999999999993,2.1999999999999993
2025-03-05,0.1959299215654412,0.15,0.23,FREE,0.002066471499913827,0.0028079224128815796,0.0028930600998793967,0.0028079224128815796,FORCE_SELL,218145.85072191764,581.9,2.0499999999999994,-0.5
2025-03-06,0.22739259784912924,0.15,0.23,FREE,-0.004971935416811105,-0.004971935416811105,0.0,-0.004971935416811105,FORCE_SELL,218145.85072191764,574.37,2.349999999999999,1.9499999999999993
2025-03-07,0.18079818341482704,0.15,0.23,FREE,0.0006442177107637279,0.0008704424478205592,0.0014103144478879973,0.0008704424478205592,FORCE_SELL,218453.5049669376,574.71,2.499999999999999,-0.5
2025-03-10,0.22824245402549906,0.15,0.23,FREE,-0.024655142308363912,-0.003364319264856757,-0.006897153832722163,-0.003364319264856757,FREE,217718.5576317018,558.58,2.0999999999999996,1.2999999999999996
2025-03-11,0.20551305599223624,0.15,0.23,FREE,-0.007102298011712712,-0.0032512434372603933,-0.00024920343900742246,-0.0032512434372603933,FORCE_SELL,217664.30141840424,557.8,1.9999999999999996,-0.5
2025-03-12,0.16859229340857598,0.15,0.23,FREE,0.004478922192163685,0.0024821268774880695,0.005141802676603855,0.0024821268774880695,FORCE_SELL,218783.48830603852,560.67,2.0499999999999994,2.349999999999999
2025-03-13,0.20115219342550641,0.15,0.23,FREE,-0.0029521357982466518,-0.001112886453829448,0.0,-0.001112886453829448,FORCE_SELL,218783.48830603852,553.89,1.4499999999999995,2.4499999999999993
2025-03-14,0.1798552022071329,0.15,0.23,FREE,0.0,0.0,0.0,0.0,FORCE_BUY,218783.48830603852,562.08,0.8999999999999997,2.2999999999999994
2025-03-17,0.1634873681669364,0.15,0.23,FREE,0.004215373715905165,0.004727990037352559,0.0,0.004727990037352559,FREE,219817.8944590867,566.98,1.2999999999999996,2.4499999999999993
2025-03-18,0.17618003230730814,0.15,0.23,FREE,-0.008358100825190395,-0.005705524620134517,0.00014136023889893022,-0.005705524620134517,FORCE_SELL,219848.9679691617,561.1999,1.3999999999999995,2.349999999999999
2025-03-19,0.17667118373468774,0.15,0.23,FREE,0.011759682613104637,0.0033561217555627457,0.0007472113006813347,0.0033561217555627457,FORCE_BUY,222434.3220552976,568.7,1.2499999999999996,1.8999999999999995
2025-03-20,0.21491402071384816,0.15,0.23,FREE,0.0,0.0,0.0,0.0,FORCE_BUY,222434.3220552976,565.68,1.7499999999999996,2.4499999999999993
2025-03-21,0.16024976820151557,0.15,0.23,FREE,0.005642276133349857,0.0015371224422745019,0.0,0.0015371224422745019,FORCE_BUY,223689.35792186807,565.0,1.7499999999999996,2.4499999999999993
2025-03-24,0.14191475782476795,0.15,0.23,FORCE_BUY,0.0,0.0,0.0,0.0,FORCE_BUY,223689.35792186807,573.8282,1.7499999999999996,-0.5
2025-03-25,0.1327202864360076,0.15,0.23,FORCE_BUY,0.002872812744841928,0.00027892400104453723,0.0,0.002872812744841928,FORCE_BUY,224331.9755601915,576.0,1.7499999999999996,-0.5
2025-03-26,0.24250923722472595,0.15,0.23,FORCE_SELL,-0.013006433663710718,-0.00048687184837415846,-0.00048687184837415846,-0.00048687184837415846,FREE,224222.75463660108,567.62,1.7499999999999996,-0.5
2025-03-27,0.20163328142889045,0.15,0.23,FREE,-0.004550565746011532,-0.00015616347435362887,0.0,-0.00015616347435362887,FORCE_SELL,224222.75463660108,566.57,1.1999999999999997,1.5499999999999994
2025-03-28,0.2768857165520447,0.15,0.23,FORCE_SELL,-0.021765993503742503,-0.019266303208949707,-5.295862166344821e-05,-5.295862166344821e-05,FORCE_SELL,224210.88010856995,554.15,1.1499999999999997,1.4499999999999995
2025-03-31,0.23681751831153294,0.15,0.23,FORCE_SELL,0.010836070631363114,0.010707221022448856,0.0,0.0,FORCE_BUY,226640.44504174648,557.001,2.1999999999999993,1.8499999999999996
2025-04-01,0.24931736725199538,0.15,0.23,FORCE_SELL,0.006972700711609742,0.006672278815416166,0.0,0.0,FORCE_BUY,228220.74103416863,561.78,1.2499999999999996,-0.5
2025-04-02,0.29301220494726854,0.15,0.23,FORCE_SELL,-0.02573226994742673,0.008826375419053298,0.0,0.0,FREE,230235.10297295076,544.83,1.1499999999999997,2.349999999999999
2025-04-03,0.27074282064348404,0.15,0.23,FORCE_SELL,-0.013789806574979708,-0.008928369583441419,0.0,0.0,FORCE_SELL,230235.10297295076,536.38,1.2999999999999996,1.8999999999999995
2025-04-04,0.3295590917437686,0.15,0.23,FORCE_SELL,-0.05202160378066177,-0.05202160378066177,0.0,0.0,FORCE_SELL,230235.10297295076,505.5,1.2499999999999996,2.499999999999999
2025-04-07,0.36481534079876443,0.15,0.23,FORCE_SELL,0.04332780473821071,0.04332780473821071,0.0,0.0,FORCE_BUY,240210.6845584446,509.53,2.349999999999999,-0.5
2025-04-08,0.34894502712062697,0.15,0.23,FORCE_SELL,-0.050228456370641376,0.005556523591024337,0.0,0.0,FREE,241545.42089400973,490.5665,2.349999999999999,-0.5
2025-04-09,0.5654115514230151,0.15,0.23,FORCE_SELL,0.0,0.0,0.0,0.0,FORCE_BUY,241545.42089400973,545.9,-0.5,-0.5
2025-04-10,0.2895651928745457,0.15,0.23,FORCE_SELL,-0.017303569579988236,-0.01259798121774117,0.0,0.0,FORCE_SELL,241545.42089400973,522.1017,-0.5,-0.5
2025-04-11,0.2640787498595269,0.15,0.23,FORCE_SELL,0.02428971281775997,0.02073554047676924,0.0,0.0,FORCE_BUY,247412.48979997018,534.29,2.2999999999999994,-0.5
2025-04-14,0.24278916373393447,0.15,0.23,FORCE_SELL,0.0,0.0,0.0,0.0,FORCE_BUY,247412.48979997018,536.9,2.499999999999999,-0.5
2025-04-15,0.27534737999620007,0.15,0.23,FORCE_SELL,0.0,0.0,0.0,0.0,FORCE_BUY,247412.48979997018,533.58,2.499999999999999,-0.5
2025-04-16,0.25499365839414617,0.15,0.23,FORCE_SELL,0.0,0.0,0.0,0.0,FORCE_BUY,247412.48979997018,525.95,2.499999999999999,-0.5
2025-04-17,0.22040154110104435,0.15,0.23,FREE,0.0034648187633263576,0.009023758757234338,0.0,0.009023758757234338,FREE,249645.08042145183,527.1,2.3999999999999995,-0.5
2025-04-21,0.2418905453244767,0.15,0.23,FORCE_SELL,-0.008758955840264399,0.005284493832735532,0.0,0.0,FREE,250964.32830931174,516.05,1.4499999999999995,-0.5
2025-04-22,0.21840688174457376,0.15,0.23,FREE,0.0,0.0,0.0,0.0,FORCE_BUY,250964.32830931174,536.65,1.0499999999999996,-0.5
2025-04-23,0.2748707829613924,0.15,0.23,FORCE_SELL,0.004491858506457306,0.003060143671930836,0.0,0.0,FORCE_BUY,252091.62456224524,536.7,1.0499999999999996,-0.5
2025-04-24,0.19599297272890523,0.15,0.23,FREE,0.028161619949376653,0.0020317559336158423,0.0,0.0020317559336158423,FORCE_BUY,259190.93308558813,548.37,1.0499999999999996,-0.5
2025-04-25,0.09393827269903143,0.15,0.23,FORCE_BUY,0.008895071105661047,0.004775486085514425,0.0,0.008895071105661047,FORCE_BUY,261496.45486532705,551.23,1.7499999999999996,-0.5
2025-04-28,0.10231139539912558,0.15,0.23,FORCE_BUY,0.003971434817459735,0.004122110213182641,0.000965532318006381,0.003971434817459735,FREE,262574.3720726384,551.1,1.5999999999999996,-0.5
2025-04-29,0.09467401251172824,0.165,0.23,FORCE_BUY,0.00032560916047119783,0.004404035467713293,-0.0009949168792171151,0.00032560916047119783,FREE,263730.75892015884,552.99,1.5999999999999996,-0.5
2025-04-30,0.12066366987475656,0.165,0.23,FORCE_BUY,0.01082343798008289,-0.006312204555391357,-0.0005241374324493793,0.01082343798008289,FORCE_BUY,266585.23243277136,559.2785,1.3999999999999995,-0.5
2025-05-01,0.1386363822966776,0.165,0.23,FORCE_BUY,-0.005160069277054908,-0.001770742076086504,-0.00046422768582515806,-0.005160069277054908,FORCE_SELL,266461.47618724394,557.18,1.4499999999999995,-0.5
2025-05-02,0.10193474277864008,0.165,0.23,FORCE_BUY,0.01042817925772756,0.000637948342695147,8.912973724531485e-05,0.01042817925772756,FORCE_BUY,269240.18422620324,566.83,2.1499999999999995,-0.5
2025-05-05,0.1420315021026732,0.165,0.24,FORCE_BUY,-0.0018444621796578332,-0.005450528195478615,-0.0021636960184447046,-0.0018444621796578332,FORCE_BUY,268743.5808891539,562.81,1.4999999999999996,-0.5
2025-05-06,0.15542327676048684,0.165,0.25,FORCE_BUY,0.005371259301557947,0.004675315405342835,0.004675315405342835,0.005371259301557947,FORCE_BUY,270187.0723477388,563.4,2.1499999999999995,-0.5
2025-05-07,0.1380636480896222,0.165,0.25,FORCE_BUY,-0.0029679391483613967,-0.004870441458733319,-0.004870441458733319,-0.0029679391483613967,FORCE_BUY,269385.1735583368,561.01,2.2999999999999994,-0.5
2025-05-08,0.14781510784122778,0.165,0.25,FORCE_BUY,0.014052111410601968,0.014072278864343738,0.016334231805929963,0.014052111410601968,FORCE_SELL,273785.3734283193,564.32,2.1999999999999993,-0.5
2025-05-09,0.14851582699695093,0.165,0.25,FORCE_BUY,-0.0006721143301848417,0.0005129293572464933,0.0005129293572464933,-0.0006721143301848417,FREE,273925.80598393537,565.0,2.349999999999999,-0.5
2025-05-12,0.11261143106814113,0.165,0.25,FORCE_BUY,0.019277910071438448,0.012711864406779674,0.012711864406779674,0.019277910071438448,FORCE_BUY,279206.52303794,582.13,2.499999999999999,-0.5
2025-05-13,0.1325375346822423,0.165,0.25,FORCE_BUY,0.011296710866195872,0.014086447391079648,0.014086447391079648,0.011296710866195872,FREE,283139.55103596015,587.26,2.499999999999999,-0.5
2025-05-14,0.13809738904788513,0.165,0.25,FORCE_BUY,-0.0022639839308209774,-0.00030640384026160564,-0.00030640384026160564,-0.0022639839308209774,FREE,283052.7959901928,586.13,2.499999999999999,-0.5
2025-05-15,0.11197654647207216,0.165,0.25,FORCE_BUY,0.009061687867596582,0.0026417598646815903,-0.0014532895636711993,0.009061687867596582,FORCE_BUY,285617.7320775064,590.18,1.1499999999999997,1.5499999999999994
2025-05-16,0.10547637063611169,0.165,0.25,FORCE_BUY,-0.004872024766125822,0.000439835569164128,0.000439835569164128,-0.004872024766125822,FREE,285743.3569152581,588.25,1.1999999999999997,2.2999999999999994
2025-05-19,0.11312835065104143,0.165,0.25,FORCE_BUY,0.01247874872492335,0.007803468208092407,0.007803468208092407,0.01247874872492335,FORCE_BUY,289309.07646601973,595.54,1.3999999999999995,2.4499999999999993
2025-05-20,0.12323415760404466,0.165,0.25,FORCE_BUY,-0.0018535681186284043,-0.0018535681186284043,-0.0018535681186284043,-0.0018535681186284043,FORCE_BUY,288772.8223854525,592.35,1.3999999999999995,2.4499999999999993
2025-05-21,0.2312762367106134,0.165,0.25,FREE,-0.01209487505294374,-0.00736553898783648,0.00047437526471824084,-0.00736553898783648,FORCE_SELL,288909.80906951503,583.111,1.4499999999999995,1.3999999999999995
2025-05-22,0.15644192198012427,0.165,0.25,FORCE_BUY,-0.0015239726027397075,0.005584054053862456,0.0009246575342464512,-0.0015239726027397075,FREE,290523.0970600503,583.11,2.0499999999999994,1.8499999999999996
2025-05-23,0.1516988869016889,0.15,0.25,FREE,-0.008934990243401632,-0.00031434415204381155,8.558419773356609e-05,-0.00031434415204381155,FORCE_SELL,290547.96124623524,579.0,1.9999999999999996,1.5999999999999996
2025-05-27,0.1573218592891956,0.15,0.25,FREE,0.0,0.0,0.0,0.0,FORCE_BUY,290547.96124623524,591.3,2.1499999999999995,2.1999999999999993
2025-05-28,0.1581006045685643,0.15,0.25,FREE,0.0,0.0,0.0,0.0,FORCE_BUY,290547.96124623524,596.609,2.1499999999999995,2.1999999999999993
2025-05-29,0.1433641208591725,0.15,0.25,FORCE_BUY,0.0,0.0,0.0,0.0,FORCE_BUY,290547.96124623524,588.1,2.1499999999999995,2.1999999999999993
2025-05-30,0.12432657931699286,0.15,0.25,FORCE_BUY,-0.0007966104573165218,-0.0027831320643936135,0.0,-0.0007966104573165218,FORCE_SELL,290547.96124623524,588.4009,1.0499999999999996,2.499999999999999
2025-06-02,0.11998320749192586,0.15,0.25,FORCE_BUY,0.007975460122699502,0.004209270620313616,0.004209270620313616,0.007975460122699502,FORCE_BUY,292865.21492488624,591.48,1.2999999999999996,-0.5
2025-06-03,0.10296555123322602,0.15,0.25,FORCE_BUY,0.01033835987800742,0.0026601152151813088,0.0026601152151813088,0.01033835987800742,FORCE_BUY,295892.96091252967,596.3017,-0.5,2.499999999999999
2025-06-04,0.11879321345585865,0.15,0.25,FORCE_BUY,-0.0025293556005963015,0.0005192716795925526,0.0005192716795925526,-0.0025293556005963015,FREE,296046.60974732233,595.48,1.9999999999999996,1.9499999999999993
2025-06-05,0.16032146783770282,0.15,0.25,FREE,-0.006152556580050213,0.0016764459346185296,0.0016764459346185296,0.0016764459346185296,FREE,296542.91588269087,592.83,1.0499999999999996,2.2999999999999994
2025-06-06,0.11225141863907824,0.15,0.25,FORCE_BUY,0.0,0.0,0.0,0.0,FORCE_BUY,296542.91588269087,599.73,0.7499999999999998,-0.5
2025-06-09,0.11618102030754651,0.15,0.25,FORCE_BUY,-0.0006497076315657672,-0.0006497076315657672,0.0,-0.0006497076315657672,FORCE_SELL,296542.91588269087,599.88,0.7499999999999998,-0.5
2025-06-10,0.10284716834330408,0.15,0.25,FORCE_BUY,0.004784688995215184,0.006884097477008667,0.0029341646799925774,0.004784688995215184,FREE,298584.3462217437,602.7,-0.5,1.8499999999999996
2025-06-11,0.1465194427911941,0.15,0.25,FORCE_BUY,-0.0023268371297080095,-0.0023268371297080095,-0.0023268371297080095,-0.0023268371297080095,FORCE_BUY,297889.5890786053,600.4895,-0.5,2.1499999999999995
2025-06-12,0.11732472760929065,0.15,0.25,FORCE_BUY,0.0025222155408567417,0.0025222155408567417,0.0025222155408567417,0.0025222155408567417,FORCE_BUY,298640.93082963873,600.19,0.8499999999999996,1.5999999999999996
2025-06-13,0.17619705802494276,0.15,0.25,FREE,0.0019284300902169202,0.005054429640359432,0.004326390985008556,0.005054429640359432,FREE,300150.3904022486,597.49,0.9999999999999996,-0.5
2025-06-16,0.13639636061550361,0.15,0.25,FORCE_BUY,-0.00758881230116629,-0.006434404751123616,0.0,-0.00758881230116629,FORCE_SELL,300150.3904022486,598.94,0.8999999999999997,1.8999999999999995
2025-06-17,0.1713196568239185,0.15,0.25,FREE,-0.0047907590097986145,-0.0013354032083063962,-0.0013354032083063962,-0.0013354032083063962,FREE,299749.568607931,596.2,1.8499999999999996,-0.5
2025-06-18,0.16087071001280742,0.15,0.25,FREE,-0.003553434987154156,-0.0016528488001428601,0.0,-0.0016528488001428601,FORCE_SELL,299749.568607931,597.29,0.9999999999999996,-0.5
2025-06-20,0.23792858189703217,0.15,0.25,FREE,0.00013440182786483187,0.003863559048287598,0.004635183038489456,0.003863559048287598,FORCE_SELL,301138.962724137,595.31,1.0499999999999996,2.3999999999999995
2025-06-23,0.20234937259718647,0.15,0.25,FREE,0.015345158358856808,0.01393423311231515,0.01393423311231515,0.01393423311231515,FORCE_BUY,305759.9877951608,603.3384,1.4999999999999996,-0.5
2025-06-24,0.10799899155088204,0.15,0.25,FORCE_BUY,0.0,0.0,0.0,0.0,FORCE_BUY,305759.9877951608,607.02,-0.5,-0.5
2025-06-25,0.10950332565363553,0.15,0.25,FORCE_BUY,0.0,0.0,0.0,0.0,FORCE_BUY,305759.9877951608,607.09,-0.5,-0.5
2025-06-26,0.10138437305286574,0.15,0.25,FORCE_BUY,0.005516640930446449,0.00535922226122941,0.0,0.005516640930446449,FORCE_BUY,307446.75585872435,612.0982,-0.5,-0.5
2025-06-27,0.137280253098223,0.15,0.25,FORCE_BUY,-0.00034222019425087733,-0.005927299534139068,9.777719835736846e-05,-0.00034222019425087733,FORCE_SELL,307476.8171411563,613.43,-0.5,-0.5
2025-06-30,0.13045306808804183,0.15,0.25,FORCE_BUY,0.0006155540796656425,0.0026781428334962305,-1.6198791570240246e-05,0.0006155540796656425,FREE,308300.28397544916,617.71,0.24999999999999978,2.349999999999999
2025-07-01,0.12090618797133679,0.15,0.25,FORCE_BUY,0.0014569794013256218,0.0014569794013256218,0.0014569794013256218,0.0014569794013256218,FORCE_BUY,308749.47113862424,617.929,0.24999999999999978,2.349999999999999
2025-07-02,0.11016264560776629,0.15,0.25,FORCE_BUY,0.0034438713641287027,-0.0007901031798282033,-0.0021908195767111993,0.0034438713641287027,FORCE_BUY,309812.76460096845,620.62,0.44999999999999973,1.3999999999999995
2025-07-03,0.12306700112925911,0.15,0.25,FORCE_BUY,0.00610089823251016,0.0016767441659594404,0.0022697273107753803,0.00610089823251016,FORCE_BUY,311702.90074893157,625.01,0.44999999999999973,1.6999999999999993
2025-07-07,0.1568700545087772,0.15,0.25,FREE,-0.00542205396387439,-0.00542205396387439,-0.00542205396387439,-0.00542205396387439,FORCE_BUY,310012.8308003747,620.0,-0.5,2.3999999999999995
2025-07-08,0.135851093694173,0.15,0.25,FORCE_BUY,-0.0015453462541451242,-0.0015453462541451242,-0.0015453462541451242,-0.0015453462541451242,FORCE_BUY,309533.7536335604,620.26,-0.5,2.3999999999999995
2025-07-09,0.11810555634030624,0.15,0.25,FORCE_BUY,0.005171563492191345,0.007946222205072231,0.006543426757135685,0.005171563492191345,FREE,311993.3776199027,623.6788,-0.5,2.3999999999999995
2025-07-10,0.12410223350927602,0.15,0.25,FORCE_BUY,0.005651985420446612,0.005651985420446612,0.005651985420446612,0.005651985420446612,FORCE_BUY,313756.75964148634,626.31,1.3999999999999995,1.3499999999999996
2025-07-11,0.12693832548172826,0.15,0.25,FORCE_BUY,0.00048174197899600204,0.00038536109734469814,4.817419789953107e-05,0.00048174197899600204,FORCE_BUY,313907.9094437994,623.04,1.1999999999999997,1.3499999999999996
2025-07-14,0.11207560993938072,0.15,0.25,FORCE_BUY,0.004344887515689962,0.004373713955927909,0.0021724437578450675,0.004344887515689962,FREE,315280.8528482099,624.12,1.0499999999999996,0.9499999999999997
2025-07-15,0.20377118324758017,0.145,0.25,FREE,-0.008952365754408541,-0.003175196697463116,3.191574243979505e-05,-0.003175196697463116,FORCE_SELL,315290.9152707056,621.04,-0.5,0.8499999999999996
2025-07-16,0.14622484719661352,0.145,0.25,FREE,0.0020904354537852003,0.004586763341400674,0.0030230912716278334,0.004586763341400674,FREE,316737.08008274593,623.18,-0.5,1.6999999999999993
2025-07-17,0.11949574638053684,0.145,0.25,FORCE_BUY,0.006902626521460765,0.006902626521460765,0.006902626521460765,0.006902626521460765,FORCE_BUY,318923.3978520551,628.71,0.7999999999999998,1.3499999999999996
2025-07-18,0.13784397945588228,0.145,0.25,FORCE_BUY,-0.0013360053440214755,0.0012284289782792431,-0.00023857238286088684,-0.0013360053440214755,FREE,319315.17259582784,627.9,0.44999999999999973,1.1499999999999997
2025-07-21,0.16269205894194042,0.145,0.25,FREE,-7.947735690105108e-05,-0.0022997608330315553,-1.589547138014235e-05,-0.0022997608330315553,FORCE_SELL,319310.0969306406,629.06,0.5499999999999998,1.0999999999999996
2025-07-22,0.12037129783048799,0.145,0.25,FORCE_BUY,0.003501456287501576,0.0036550366646889367,0.0018382645509384466,0.003501456287501576,FREE,320477.1870423275,630.51,0.5499999999999998,1.0999999999999996
2025-07-23,0.0945621874142994,0.145,0.25,FORCE_BUY,0.006629076259358006,0.00047582794061666703,0.00047582794061666703,0.006629076259358006,FORCE_BUY,322601.65475461556,634.6595,1.0499999999999996,1.6999999999999993
2025-07-24,0.14565612167580141,0.145,0.23,FREE,0.00235034308699419,0.00235034308699419,0.00235034308699419,0.00235034308699419,FORCE_BUY,323359.879323721,635.44,0.9999999999999996,2.349999999999999
2025-07-25,0.11311026301077437,0.145,0.23,FORCE_BUY,0.003857892001700831,0.003857892001700831,0.003857892001700831,0.003857892001700831,FORCE_BUY,324607.3668158349,637.4598,0.9999999999999996,2.349999999999999
2025-07-28,0.12499969131054393,0.145,0.23,FORCE_BUY,-0.002909705275014176,0.000582276453602885,-0.00023465365121080984,-0.002909705275014176,FREE,324796.3780421978,637.38,0.7999999999999998,1.0499999999999996
2025-07-29,0.18035631205912273,0.145,0.25,FREE,-0.004698953699642986,-0.004494665906096374,-0.00010964225299182217,-0.004494665906096374,FORCE_SELL,324760.76663554565,635.44,0.7999999999999998,1.0499999999999996
2025-07-30,0.17250676086796232,0.145,0.23,FREE,0.004575183950695134,0.0019205441769697177,0.0008175586441105568,0.0019205441769697177,FORCE_BUY,326246.60688287206,638.95,1.2499999999999996,0.4999999999999998
2025-07-31,0.24660367287329432,0.145,0.23,FORCE_SELL,-0.012610695622242351,-0.012610695622242351,0.0,0.0,FORCE_SELL,326246.60688287206,631.08,1.3499999999999996,2.2999999999999994
2025-08-01,0.17776433681251572,0.145,0.23,FREE,-0.009692177711179497,-0.0002607305168276482,0.0,-0.0002607305168276482,FORCE_SELL,326246.60688287206,621.23,1.8499999999999996,-0.5
2025-08-04,0.11164258246930432,0.145,0.23,FORCE_BUY,0.0,0.0,0.0,0.0,FORCE_BUY,326246.60688287206,631.79,2.4499999999999993,-0.5
2025-08-05,0.16409765229080056,0.145,0.23,FREE,0.0,0.0,0.0,0.0,FORCE_BUY,326246.60688287206,627.23,2.4499999999999993,-0.5
2025-08-06,0.116080394538489,0.145,0.23,FORCE_BUY,0.0017232656674888596,0.002371466514892795,0.0,0.0017232656674888596,FREE,327020.2897866922,633.61,1.4499999999999995,1.2999999999999996
2025-08-07,0.1583379205742769,0.145,0.23,FREE,-0.0026614592355785915,0.0017030195124346273,0.0011968692420353448,0.0017030195124346273,FREE,327577.2117211609,633.3,1.2499999999999996,1.7499999999999996
2025-08-08,0.09449845784742911,0.145,0.23,FORCE_BUY,0.007955047667150805,0.00751310057453127,0.00751310057453127,0.007955047667150805,FORCE_BUY,330183.1040550751,638.6,1.8999999999999995,2.1499999999999995
2025-08-11,0.12922334845560504,0.145,0.23,FORCE_BUY,-0.003495407379541693,-0.003495407379541693,-0.003495407379541693,-0.003495407379541693,FORCE_BUY,329028.979596561,635.75,0.44999999999999973,1.4499999999999995
2025-08-12,0.10300670817836477,0.145,0.23,FORCE_BUY,0.01002073255010362,0.00048774691145810387,-1.5706477351326742e-05,0.01002073255010362,FORCE_BUY,332326.09100233164,643.06,1.4999999999999996,-0.5
2025-08-13,0.10063869980849986,0.145,0.23,FORCE_BUY,0.0018180405562895408,0.0009165939344229833,0.000699246367803619,0.0018180405562895408,FORCE_BUY,332930.27331368707,644.72,0.9499999999999997,1.6499999999999995
2025-08-14,0.09297269094805528,0.145,0.23,FORCE_BUY,0.0009308675685739502,0.0009308675685739502,0.0009308675685739502,0.0009308675685739502,FORCE_BUY,333240.1873077112,645.16,1.0499999999999996,1.8999999999999995
2025-08-15,0.1250027235941019,0.145,0.23,FORCE_BUY,-0.005535783305761866,-0.0009186997078118014,0.00029374932360364165,-0.005535783305761866,FORCE_SELL,333338.0763873304,643.2294,1.0999999999999996,1.3999999999999995
2025-08-18,0.08909912853840657,0.145,0.23,FORCE_BUY,0.0009020638599000573,0.0024597269126692967,0.0013530957898502504,0.0009020638599000573,FREE,334157.99702483776,643.55,1.0499999999999996,0.7999999999999998
2025-08-19,0.1353740198481952,0.145,0.23,FORCE_BUY,-0.005306319343945932,-0.0016219717916257845,0.0005290758290150974,-0.005306319343945932,FORCE_SELL,334334.7919441357,639.22,-0.5,0.8999999999999997
2025-08-20,0.19831021771008894,0.145,0.23,FREE,0.0009102036973099308,0.011011740953891593,0.0032955651109506648,0.011011740953891593,FREE,338016.4000648978,637.8,-0.5,0.7999999999999998
2025-08-21,0.2615576471705518,0.145,0.23,FORCE_SELL,0.0015261170547515336,0.0015261170547515336,0.0,0.0,FORCE_BUY,338532.25265782257,636.57,1.4999999999999996,1.3999999999999995
2025-08-22,0.30038811943544397,0.145,0.23,FORCE_SELL,0.0,0.0,0.0,0.0,FORCE_BUY,338532.25265782257,645.5,1.4999999999999996,-0.5
2025-08-25,0.28528756056020493,0.145,0.23,FORCE_SELL,0.0,0.0,0.0,0.0,FORCE_BUY,338532.25265782257,643.01,2.0999999999999996,2.499999999999999
2025-08-26,0.21422492031062623,0.145,0.23,FREE,0.006609818074111038,0.0024864763745771883,0.0,0.0024864763745771883,FORCE_BUY,340769.88926010975,645.71,0.9999999999999996,0.7999999999999998
2025-08-27,0.21877358826668591,0.145,0.23,FREE,0.0,0.0,0.0,0.0,FORCE_BUY,340769.88926010975,644.8199,1.5999999999999996,1.2999999999999996
2025-08-28,0.22660059355066667,0.145,0.23,FREE,0.0,0.0,0.0,0.0,FORCE_BUY,340769.88926010975,648.65,1.5999999999999996,1.2999999999999996
2025-08-29,0.2814186267481379,0.145,0.23,FORCE_SELL,0.0,0.0,0.0,0.0,FORCE_BUY,340769.88926010975,644.95,1.5999999999999996,1.2999999999999996
2025-09-02,0.23458468639710475,0.145,0.23,FORCE_SELL,0.0010304127896083658,-0.0022169487291575315,0.0,0.0,FORCE_BUY,341121.0229123168,641.18,1.0499999999999996,1.0499999999999996
2025-09-03,0.20350410871411642,0.145,0.23,FREE,0.0,0.0,0.0,0.0,FORCE_BUY,341121.0229123168,643.38,1.5499999999999994,1.6499999999999995
2025-09-04,0.22386972561402763,0.145,0.23,FREE,0.0,0.0,0.0,0.0,FORCE_BUY,341121.0229123168,649.46,1.5499999999999994,1.5499999999999994
2025-09-05,0.32353547604688876,0.145,0.23,FORCE_SELL,-0.007421748951274585,0.001721126803412122,0.0,0.0,FREE,341708.13544805854,645.96,1.4499999999999995,1.7999999999999994
2025-09-08,0.20655632932745063,0.145,0.23,FREE,0.00220774408695121,0.00220774408695121,0.0,0.00220774408695121,FORCE_BUY,342462.53956355713,649.15,0.9999999999999996,1.7999999999999994
2025-09-09,0.2001427056885935,0.145,0.23,FREE,0.0020623316660253856,0.0020623316660253856,0.0020623316660253856,0.0020623316660253856,FORCE_BUY,343168.8109033265,651.09,0.9999999999999996,1.7999999999999994
2025-09-10,0.25334632064812407,0.145,0.23,FORCE_SELL,0.0011654296755198236,0.003958637331051148,0.003128258602710977,0.003128258602710977,FREE,344527.29176902084,652.88,0.9999999999999996,1.7999999999999994
2025-09-11,0.21437726240158175,0.145,0.23,FREE,0.0,0.0,0.0,0.0,FORCE_BUY,344527.29176902084,657.67,1.0499999999999996,1.1499999999999997
2025-09-12,0.24449208644107814,0.145,0.23,FORCE_SELL,0.0,0.0,0.0,0.0,FORCE_BUY,344527.29176902084,657.25,1.0499999999999996,1.3499999999999996
2025-09-15,0.17800434640096974,0.145,0.23,FREE,0.0008331439824284526,0.0010081350582930768,0.0,0.0010081350582930768,FREE,344874.62181039195,660.7,0.7499999999999998,1.2499999999999996
2025-09-16,0.24750687734347232,0.145,0.23,FORCE_SELL,-0.003019779556092351,-0.003019779556092351,0.0,0.0,FORCE_SELL,344874.62181039195,660.3,0.7499999999999998,1.2499999999999996
2025-09-17,0.2798632429838673,0.145,0.23,FORCE_SELL,0.003276052962856086,0.0065750471238264895,0.0,0.0,FREE,347142.1887006071,661.49,0.8999999999999997,0.8999999999999997
2025-09-18,0.26615823689150325,0.145,0.23,FORCE_SELL,0.0013887002067954606,0.005027266977397309,0.0,0.0,FREE,348887.3651623231,663.41,1.3999999999999995,-0.5
2025-09-19,0.20984830323777826,0.145,0.23,FREE,0.0042685234239007485,0.003040856579164577,0.0,0.003040856579164577,FORCE_BUY,350376.5990528215,663.47,-0.5,0.4999999999999998
2025-09-22,0.22946685932972485,0.145,0.23,FREE,0.007312614259597731,0.00012086965718339738,0.00012086965718339738,0.00012086965718339738,FORCE_BUY,352938.7679672846,666.71,1.6499999999999995,-0.5
2025-09-23,0.29882840340374955,0.145,0.23,FORCE_SELL,0.002190001510345869,0.002190001510345869,0.0,0.0,FORCE_BUY,353711.7044021925,663.55,1.2999999999999996,1.2999999999999996
2025-09-24,0.27533342647044784,0.145,0.23,FORCE_SELL,-0.0007097767978494751,-0.0007097767978494751,0.0,0.0,FORCE_SELL,353711.7044021925,661.71,1.0999999999999996,1.2499999999999996
2025-09-25,0.23993982688241836,0.145,0.23,FORCE_SELL,-0.002456592615057902,-0.0013951019789217953,0.0,0.0,FORCE_SELL,353711.7044021925,657.83,1.2499999999999996,-0.5
2025-09-26,0.21296868193068144,0.145,0.23,FREE,0.0,0.0,0.0,0.0,FORCE_BUY,353711.7044021925,662.11,1.7499999999999996,-0.5
2025-09-29,0.23390833830697277,0.145,0.23,FORCE_SELL,0.0,0.0,0.0,0.0,FORCE_BUY,353711.7044021925,663.32,1.7499999999999996,1.4499999999999995
2025-09-30,0.2235276403659853,0.145,0.23,FREE,0.0,0.0,0.0,0.0,FORCE_BUY,353711.7044021925,664.68,0.8499999999999996,-0.5
2025-10-01,0.24734431292323533,0.145,0.23,FORCE_SELL,0.010694625086960535,0.010694625086960535,0.0,0.0,FORCE_BUY,357494.5184696438,668.2915,0.9999999999999996,2.3999999999999995
2025-10-02,0.2233275813409579,0.145,0.23,FREE,-0.0006568242547282739,-0.0006568242547282739,0.0,-0.0006568242547282739,FORCE_SELL,357494.5184696438,669.45,-0.5,2.2499999999999996
2025-10-03,0.2688431053346633,0.145,0.23,FORCE_SELL,-0.0022650056625142623,0.000298817885221393,0.0,0.0,FREE,357601.34422563115,669.56,-0.5,1.0999999999999996
2025-10-06,0.19627136986155244,0.145,0.23,FREE,-0.0010723860589813422,-0.0010723860589813422,0.0,-0.0010723860589813422,FORCE_SELL,357601.34422563115,670.68,0.6999999999999997,1.0499999999999996
2025-10-07,0.2859414176318586,0.145,0.23,FORCE_SELL,-0.0030110155469762877,0.002377342169887703,0.00040246247410079494,0.00040246247410079494,FREE,358451.48498126725,668.85,-0.5,-0.5
2025-10-08,0.1870323100778987,0.145,0.23,FREE,0.0,0.0,0.0,0.0,FORCE_BUY,358451.48498126725,673.78,0.9499999999999997,0.7499999999999998
2025-10-09,0.2549031803201654,0.145,0.23,FORCE_SELL,1.4882059676987623e-05,0.0027172214692440613,0.0,0.0,FREE,359425.4770519408,671.96,0.9499999999999997,0.7499999999999998
2025-10-10,0.5842755897090018,0.145,0.23,FORCE_SELL,-0.02896069088743299,-0.00708632070706197,0.0,0.0,FORCE_SELL,359425.4770519408,652.15,1.1499999999999997,-0.5
2025-10-13,0.22189406440257967,0.145,0.23,FREE,0.0,0.0,0.0,0.0,FORCE_BUY,359425.4770519408,662.68,1.9999999999999996,-0.5
2025-10-14,0.2961064750567524,0.145,0.23,FORCE_SELL,0.008623445420364508,0.012857720674349522,0.0,0.0,FREE,364046.8694391195,662.595,0.6499999999999997,0.7499999999999998
2025-10-15,0.2827525904129132,0.145,0.23,FORCE_SELL,0.0031688813140073628,0.0045873129216578495,0.0,0.0,FREE,365716.8663473866,665.111,0.7499999999999998,0.5999999999999996
2025-10-16,0.3116289678864856,0.145,0.23,FORCE_SELL,-0.013045366723081686,0.004132614730012919,0.0,0.0,FREE,367228.23325626797,658.96,-0.5,-0.5
2025-10-17,0.19535653341066603,0.145,0.23,FREE,0.020540275199803594,0.00694017206949477,0.0,0.00694017206949477,FORCE_BUY,374771.2022284894,665.28,-0.5,0.9999999999999996
2025-10-20,0.16021361981073648,0.145,0.23,FREE,0.0,0.0,0.0,0.0,FORCE_BUY,374771.2022284894,671.7497,1.3999999999999995,1.3999999999999995
2025-10-21,0.1762873115568924,0.145,0.23,FREE,0.0,0.0,0.0,0.0,FORCE_BUY,374771.2022284894,671.03,1.3999999999999995,1.3999999999999995
2025-10-22,0.2193621482041829,0.145,0.23,FREE,0.0047987944999057335,0.00366924091165924,0.0,0.00366924091165924,FORCE_BUY,376569.6522124665,666.8096,1.3999999999999995,1.3999999999999995
2025-10-23,0.16307861269776466,0.125,0.23,FREE,0.0,0.0,0.0,0.0,FORCE_BUY,376569.6522124665,672.3,1.2999999999999996,1.9999999999999996
2025-10-24,0.16678537811649016,0.125,0.23,FREE,0.0,0.0,0.0,0.0,FORCE_BUY,376569.6522124665,677.3,0.9499999999999997,1.9999999999999996
2025-10-27,0.1414886244983661,0.125,0.23,FREE,0.0,0.0,0.0,0.0,FORCE_BUY,376569.6522124665,685.59,0.8999999999999997,1.5999999999999996
2025-10-28,0.172740588102848,0.125,0.23,FREE,0.002625897181536787,0.002625897181536787,0.0,0.002625897181536787,FORCE_BUY,377558.4854008635,687.28,0.8999999999999997,1.5999999999999996
2025-10-29,0.17734747973690992,0.125,0.23,FREE,-0.003265697117477915,0.00973110447204222,0.000653139423495583,0.00973110447204222,FREE,381232.5464666054,686.73,0.8999999999999997,1.5999999999999996
2025-10-30,0.2390698886286151,0.125,0.27,FREE,-0.004175456463228319,-0.0020019849357549085,0.00020368080308421588,-0.0020019849357549085,FORCE_SELL,381310.1962178316,684.48,-0.5,-0.5
2025-10-31,0.19929198323566197,0.125,0.27,FREE,-0.0022244500709822346,-0.0019311803673144692,0.0,-0.0019311803673144692,FORCE_SELL,381310.1962178316,681.7501,-0.5,-0.5
2025-11-03,0.1778088273389715,0.125,0.27,FREE,-0.0025744167337087417,0.007393931294498231,0.0017699115044248193,0.007393931294498231,FREE,384129.57761055784,681.89,2.2999999999999994,-0.5
2025-11-04,0.25865473436387754,0.125,0.27,FREE,-0.005031595459725035,-0.0003468853172668474,0.0,-0.0003468853172668474,FORCE_SELL,384129.57761055784,672.33,2.2999999999999994,-0.5
2025-11-05,0.24320642156177827,0.125,0.27,FREE,0.004314990287231143,0.0019408284083846999,0.0012752643207734802,0.0019408284083846999,FORCE_BUY,385787.09300698555,677.2799,1.9499999999999993,-0.5
2025-11-06,0.2940157862722966,0.125,0.27,FORCE_SELL,-0.00735706899098828,-0.008154823459890596,-0.008154823459890596,-0.008154823459890596,FORCE_BUY,382948.83074790036,671.92,1.5499999999999994,2.0999999999999996
2025-11-07,0.22963203175101443,0.125,0.27,FREE,0.004136859869472292,0.0069979523226371,0.0,0.0069979523226371,FREE,385628.6884074838,672.36,2.1499999999999995,-0.5
2025-11-10,0.25490198691748606,0.125,0.27,FREE,0.0,0.0,0.0,0.0,FORCE_BUY,385628.6884074838,681.66,2.2999999999999994,2.2999999999999994
2025-11-11,0.22386232559537403,0.125,0.27,FREE,0.0,0.0,0.0,0.0,FORCE_BUY,385628.6884074838,683.32,2.2999999999999994,2.2999999999999994
2025-11-12,0.24033804062467723,0.125,0.27,FREE,-0.001781794233864987,0.0008043372509598218,0.0,0.0008043372509598218,FREE,385938.86392660876,682.0825,-0.5,1.1499999999999997
2025-11-13,0.381433691033585,0.125,0.27,FORCE_SELL,-0.015226939970717342,-0.009568479976663196,0.001039531478770164,0.001039531478770164,FORCE_SELL,386340.05952454126,672.6,1.0499999999999996,1.3499999999999996
2025-11-14,0.3410602244060727,0.125,0.27,FORCE_SELL,0.005165104197766869,0.005165104197766869,0.0,0.0,FORCE_BUY,388335.546187757,673.34,1.6499999999999995,-0.5
2025-11-17,0.3654318711095854,0.125,0.27,FORCE_SELL,-0.009734460585853902,0.0029909034487715872,0.0,0.0,FREE,389497.02031213057,665.3,1.5499999999999994,-0.5
2025-11-18,0.2540974258349505,0.125,0.27,FREE,-0.0030364372469634617,0.0018483599726367757,0.0,0.0018483599726367757,FREE,390216.95101393684,659.95,2.349999999999999,-0.5
2025-11-19,0.30355500365045757,0.125,0.27,FORCE_SELL,0.0066214470284238994,0.0010966889009075232,0.0,0.0,FORCE_BUY,392800.75188466866,670.0475,2.349999999999999,2.2499999999999996
2025-11-20,0.5252775342634721,0.125,0.315,FORCE_SELL,5.883611467703708e-05,0.004638419257222007,0.0,0.0,FREE,394622.72645646177,654.3985,2.499999999999999,2.0999999999999996
2025-11-21,0.2623105983028246,0.125,0.315,FREE,0.010048655844056353,0.011749628071305626,0.0,0.011749628071305626,FREE,399259.3967208098,660.1375,-0.5,2.2999999999999994
2025-11-24,0.24703195284410276,0.125,0.315,FREE,0.0031646878935059322,0.0031646878935059322,0.0,0.0031646878935059322,FORCE_BUY,400522.92809998064,669.1911,2.2999999999999994,2.0999999999999996
2025-11-25,0.2623909936372288,0.125,0.315,FREE,0.012021260667764627,0.012021260667764627,0.012021260667764627,0.012021260667764627,FORCE_BUY,405337.7186220868,675.929,2.2999999999999994,2.0999999999999996
2025-11-26,0.23152561756993154,0.125,0.315,FREE,0.004828385762811862,-0.00044306601683667235,-0.00044306601683667235,-0.00044306601683667235,FORCE_BUY,407294.8454918124,680.3693,1.0999999999999996,1.4999999999999996
2025-11-28,0.18482101144123755,0.125,0.315,FREE,0.0,0.0,0.0,0.0,FORCE_BUY,407294.8454918124,683.54,1.7999999999999994,1.9499999999999993
2025-12-01,0.24078384820767332,0.125,0.315,FREE,0.0,0.0,0.0,0.0,FORCE_BUY,407294.8454918124,680.07,1.7999999999999994,1.9499999999999993
2025-12-02,0.2230185380778872,0.125,0.315,FREE,0.0,0.0,0.0,0.0,FORCE_BUY,407294.8454918124,682.4,2.0999999999999996,2.2999999999999994
2025-12-03,0.2036834157281048,0.125,0.315,FREE,0.0,0.0,0.0,0.0,FORCE_BUY,407294.8454918124,683.57,2.0999999999999996,1.9999999999999996
2025-12-04,0.19092245538718786,0.125,0.315,FREE,0.0,0.0,0.0,0.0,FORCE_BUY,407294.8454918124,684.75,2.0999999999999996,1.9999999999999996
2025-12-05,0.2339084968645917,0.125,0.315,FREE,-0.00018947675265984008,0.0011077102463198372,0.0,0.0011077102463198372,FREE,407746.0101654369,685.97,-0.5,1.5499999999999994
2025-12-08,0.2342482742632371,0.125,0.315,FREE,-0.0022441782518726606,-0.0033079770336042844,0.0,-0.0033079770336042844,FORCE_SELL,407746.0101654369,684.68,-0.5,1.5499999999999994
2025-12-09,0.22916474840853918,0.125,0.315,FREE,-0.0005564667291470662,8.625044885448259e-05,0.0,8.625044885448259e-05,FREE,407781.1784418323,682.5,0.6999999999999997,1.4499999999999995
2025-12-10,0.21880373223971492,0.125,0.315,FREE,0.002940720480905574,0.0018439389870412652,-0.00017551300990179005,0.0018439389870412652,FORCE_BUY,408980.348905004,685.7206,0.8499999999999996,-0.5
2025-12-11,0.20209569349680337,0.125,0.315,FREE,0.007580857602809968,0.01171411493859269,0.00371725450021968,0.01171411493859269,FREE,413771.1917197029,688.48,0.6999999999999997,2.1999999999999993
2025-12-12,0.32562665035604343,0.125,0.315,FORCE_SELL,-0.0092158144806242,-0.009491948720350566,0.0,0.0,FORCE_SELL,413771.1917197029,681.8874,0.7999999999999998,1.9499999999999993
2025-12-15,0.2818543301088324,0.125,0.315,FREE,0.0,0.0,0.0,0.0,FORCE_BUY,413771.1917197029,679.48,0.9999999999999996,-0.5
2025-12-16,0.23617689631958091,0.125,0.315,FREE,-0.0014881390894356564,0.003960709139516003,0.0,0.003960709139516003,FREE,415410.01906041557,677.69,0.9999999999999996,-0.5
2025-12-17,0.3517841857695693,0.125,0.315,FORCE_SELL,-0.008488063660477406,-0.008075449454759824,0.0,0.0,FORCE_SELL,415410.01906041557,672.84,1.3999999999999995,1.0499999999999996
2025-12-18,0.2608630267211791,0.125,0.315,FREE,0.003246613599588117,0.0021787461753290513,0.0,0.0021787461753290513,FORCE_BUY,416758.6948777023,676.43,1.4999999999999996,1.5999999999999996
2025-12-19,0.183898043401009,0.125,0.315,FREE,0.0,0.0,0.0,0.0,FORCE_BUY,416758.6948777023,681.4505,1.8999999999999995,1.3499999999999996
2025-12-22,0.1900725454099331,0.125,0.315,FREE,0.0030306446653684976,0.0037208808371904855,0.0,0.0037208808371904855,FREE,418309.4043192052,685.0599,-0.5,1.4999999999999996
2025-12-23,0.18573937384678282,0.125,0.315,FREE,0.004126012995546362,0.002848912322161102,0.0005548660290574287,0.002848912322161102,FORCE_BUY,420035.3543575855,687.6757,0.5499999999999998,1.2499999999999996
2025-12-24,0.10136306888158063,0.125,0.315,FORCE_BUY,0.0021946079500036178,-0.0007968876991885107,0.0,0.0021946079500036178,FORCE_BUY,420957.16728554125,689.56,0.5999999999999996,2.0499999999999994
2025-12-26,0.11683776153216059,0.125,0.315,FORCE_BUY,-0.00020288384899640974,-0.00020288384899640974,-0.00020288384899640974,-0.00020288384899640974,FORCE_BUY,420871.76187517977,689.91,0.7999999999999998,2.3999999999999995
2025-12-29,0.1275559118719983,0.125,0.315,FREE,-0.0038839453928870156,-0.0034853366285658416,-0.003659314222776107,-0.0034853366285658416,FREE,419404.8821075872,687.34,0.7999999999999998,2.3999999999999995
2025-12-30,0.13869201194218286,0.125,0.315,FREE,-0.003023563443955,0.00018823134716561705,0.0002035090779586355,0.00018823134716561705,FORCE_SELL,419490.23480843625,685.85,1.0499999999999996,-0.5
2025-12-31,0.19090621042196165,0.125,0.315,FREE,-0.0038532270776775904,-0.0016602471291169887,0.0014011734827918646,-0.0016602471291169887,FORCE_SELL,420078.01340174,682.5,0.9999999999999996,-0.5
2026-01-02,0.17031280008037708,0.125,0.315,FREE,-0.0013599941511915727,0.005427090736391707,0.0033776867963154185,0.005427090736391707,FREE,422357.81489683443,682.9699,1.0499999999999996,-0.5
2026-01-05,0.13912964033592326,0.125,0.315,FREE,0.0,0.0,0.0,0.0,FORCE_BUY,422357.81489683443,687.38,1.0499999999999996,-0.5
2026-01-06,0.11396276149545226,0.125,0.315,FORCE_BUY,0.007335021686606785,0.000305650161557985,0.0,0.007335021686606785,FORCE_BUY,425455.8186286106,692.0996,1.0499999999999996,-0.5
2026-01-07,0.16870859993962026,0.125,0.315,FREE,-0.0009554555061741288,0.0031748031253764878,0.0020701535967110295,0.0031748031253764878,FREE,426806.5570913023,690.11,0.7499999999999998,1.2499999999999996
2026-01-08,0.1303249798514787,0.125,0.315,FREE,0.0011491549050358148,0.0005774088896660152,-0.00040657489690427897,0.0005774088896660152,FORCE_BUY,427297.0239398852,689.4714,0.5499999999999998,1.2499999999999996
2026-01-09,0.14322672797628663,0.125,0.315,FREE,0.007324891577100039,0.0010129735970781368,0.0008267699403856467,0.0010129735970781368,FORCE_BUY,430426.9283114624,694.48,1.1499999999999997,0.9499999999999997
2026-01-12,0.1368662045455402,0.145,0.315,FORCE_BUY,0.006659122562674151,0.003982217404967839,0.0,0.006659122562674151,FORCE_BUY,433293.1939813638,693.87,0.6999999999999997,1.1499999999999997
2026-01-13,0.1489222035913678,0.145,0.315,FREE,-0.0010244703374572635,0.0005037205957562405,-0.0004752920165343574,0.0005037205957562405,FREE,433511.45268717327,693.5987,-0.5,1.9499999999999993
2026-01-14,0.15756809138925912,0.145,0.315,FREE,-0.0046051017020109835,-0.004057761980487544,-0.0018189429920168992,-0.004057761980487544,FORCE_SELL,432722.9200683489,689.52,0.6999999999999997,1.0999999999999996
2026-01-15,0.17193369576331433,0.145,0.315,FREE,0.0026605411662568314,0.0008537114744611118,0.0008537114744611118,0.0008537114744611118,FORCE_BUY,433874.1972107736,692.9387,1.0999999999999996,-0.5
2026-01-16,0.15756227192063074,0.145,0.315,FREE,0.0,0.0,0.0,0.0,FORCE_BUY,433874.1972107736,691.42,1.7499999999999996,2.2999999999999994
2026-01-20,0.2923556768547901,0.145,0.315,FREE,-0.002674288737361946,-0.0029097107923820222,0.0,-0.0029097107923820222,FORCE_SELL,433874.1972107736,678.6602,0.8499999999999996,-0.5
2026-01-21,0.34924685933603344,0.145,0.27,FORCE_SELL,0.0,0.0,0.0,0.0,FORCE_BUY,433874.1972107736,686.9,2.0999999999999996,-0.5
2026-01-22,0.2537889276746285,0.145,0.27,FREE,0.0,0.0,0.0,0.0,FORCE_BUY,433874.1972107736,689.329,1.1999999999999997,1.1999999999999997
2026-01-23,0.24915468095690618,0.145,0.27,FREE,-0.0009293815256379133,-0.0009293815256379133,0.0,-0.0009293815256379133,FORCE_SELL,433874.1972107736,687.99,0.7499999999999998,1.9999999999999996
2026-01-26,0.25156182504199465,0.145,0.27,FREE,0.006316981789666328,0.001190787371845129,0.001190787371845129,0.001190787371845129,FORCE_BUY,436614.9726135601,692.97,0.8999999999999997,0.7999999999999998
2026-01-27,0.11569715283697153,0.145,0.27,FORCE_BUY,0.0,0.0,0.0,0.0,FORCE_BUY,436614.9726135601,697.16,0.8999999999999997,0.7999999999999998
2026-01-28,0.13081424399433147,0.145,0.27,FORCE_BUY,-0.001336764621312454,-0.001336764621312454,0.0,-0.001336764621312454,FORCE_SELL,436614.9726135601,694.6302,0.8999999999999997,0.7999999999999998
2026-01-29,0.20270260517376093,0.145,0.27,FREE,-0.006180344332855111,-0.0012055048169957955,0.0006743185078910081,-0.0012055048169957955,FORCE_SELL,436909.39017041575,692.6923,0.9999999999999996,-0.5
2026-01-30,0.15134684695990444,0.145,0.27,FREE,0.0032400546305175575,0.0005666463255165976,0.0,0.0005666463255165976,FORCE_BUY,438325.000463154,690.49,1.2999999999999996,2.4499999999999993
2026-02-02,0.9685001600651472,0.145,0.27,FORCE_SELL,0.0152058026741238,0.0026945148416788593,0.0,0.0,FORCE_BUY,444990.0839273319,697.02,1.1999999999999997,2.499999999999999
2026-02-03,0.25863974842764353,0.145,0.27,FREE,-0.011254503954867079,-0.011254503954867079,0.0,-0.011254503954867079,FORCE_SELL,444990.0839273319,688.77,-0.5,2.499999999999999
2026-02-04,0.23938279256049488,0.145,0.27,FREE,-0.003043478260869603,-0.003043478260869603,-0.003043478260869603,-0.003043478260869603,FORCE_BUY,443635.76628059655,687.9,1.2499999999999996,2.4499999999999993
2026-02-05,0.2842704901092686,0.145,0.27,FORCE_SELL,-0.017666865880500832,-0.011478851594268705,0.001486815445388717,0.001486815445388717,FORCE_SELL,444295.37079002935,673.91,1.3499999999999996,-0.5
2026-02-06,0.24145760853274822,0.145,0.27,FREE,0.01449313257436665,0.005802423797282611,0.0,0.005802423797282611,FORCE_BUY,450734.60250106663,690.6162,1.9999999999999996,1.3499999999999996
2026-02-09,0.23262437893149648,0.145,0.27,FREE,0.0,0.0,0.0,0.0,FORCE_BUY,450734.60250106663,693.72,2.349999999999999,2.499999999999999
2026-02-10,0.2846543202015789,0.145,0.27,FORCE_SELL,0.0,0.0,0.0,0.0,FORCE_BUY,450734.60250106663,693.69,0.8999999999999997,2.349999999999999
2026-02-11,0.26369584374525906,0.145,0.27,FREE,-0.0004041920489648554,0.0033335048623526257,0.0,0.0033335048623526257,FREE,452237.1284901345,692.46,0.3999999999999998,2.4499999999999993
2026-02-12,0.31778173597690906,0.145,0.27,FORCE_SELL,-0.01901014643145399,-0.014266126652235835,0.0010088781275220389,0.0010088781275220389,FORCE_SELL,452693.3806375215,680.65,0.6499999999999997,2.499999999999999
2026-02-13,0.24630290596423787,0.145,0.27,FREE,-0.000235057479702335,-0.000235057479702335,0.0,-0.000235057479702335,FORCE_SELL,452693.3806375215,680.9499,0.6999999999999997,-0.5
2026-02-17,0.21440915545211792,0.145,0.27,FREE,0.0016601777712481397,0.003569605307909706,0.003966796444575056,0.003569605307909706,FORCE_SELL,454489.1231303171,681.78,1.4999999999999996,-0.5
2026-02-18,0.2376031615268888,0.125,0.27,FREE,0.0,0.0,0.0,0.0,FORCE_BUY,454489.1231303171,685.8799,2.0499999999999994,1.1999999999999997
2026-02-19,0.22793663830878122,0.125,0.27,FREE,0.004440471305469238,0.004440471305469238,0.0,0.004440471305469238,FORCE_BUY,456507.2690402252,685.39,1.3499999999999996,1.1499999999999997
2026-02-20,0.21892547564945955,0.125,0.27,FREE,0.004427936785376284,0.00742590091878452,0.00020391814143191418,0.00742590091878452,FREE,459897.2467888228,689.59,1.4499999999999995,0.9999999999999996
2026-02-23,0.18291158984883574,0.125,0.27,FREE,-0.0053147341904857285,0.0013737281532228325,0.0,0.0013737281532228325,FREE,460529.0205843263,683.12,1.3999999999999995,0.9999999999999996
2026-02-24,0.12965898412675822,0.125,0.27,FREE,0.007572096020621927,0.0069716009783675256,0.0069716009783675256,0.0069716009783675256,FORCE_BUY,464016.19054847385,687.94,1.3999999999999995,1.4999999999999996
2026-02-25,0.10444735274253954,0.125,0.27,FORCE_BUY,0.0,0.0,0.0,0.0,FORCE_BUY,464016.19054847385,692.1483,1.2999999999999996,1.5499999999999994
2026-02-26,0.15585170957557612,0.125,0.27,FREE,0.001382419891437448,0.001382419891437448,0.0,0.001382419891437448,FORCE_BUY,464657.6557602371,686.2674,1.2999999999999996,1.5499999999999994
2026-02-27,0.11983647082661991,0.125,0.27,FORCE_BUY,-0.005556282817704385,0.0034613319605650015,0.0011490741952843134,-0.005556282817704385,FREE,466265.99015484116,683.69,1.1999999999999997,0.8499999999999996
2026-03-02,0.15753122070123463,0.125,0.27,FREE,0.009976684473039569,0.012971106454564278,0.012971106454564278,0.012971106454564278,FREE,472313.97594928247,684.4208,0.9499999999999997,0.9499999999999997
2026-03-03,0.15811703457406037,0.125,0.27,FREE,0.01087215182342781,0.0032001571796673434,0.0,0.0032001571796673434,FORCE_BUY,477449.0452041299,679.67,0.9499999999999997,0.9499999999999997
2026-03-04,0.1215401735487256,0.125,0.27,FORCE_BUY,0.012857374559502024,0.007672841477643046,0.0012090650388521488,0.012857374559502024,FORCE_BUY,483587.786411396,686.93,1.0499999999999996,-0.5
2026-03-05,0.15209133811536804,0.125,0.27,FREE,-0.0020626746448582554,-0.003072286512662132,-0.003072286512662132,-0.003072286512662132,FORCE_BUY,482590.3021458021,682.1201,1.5499999999999994,2.3999999999999995
2026-03-06,0.13745638928070014,0.125,0.27,FREE,-0.0014131647452585141,-0.0014131647452585141,0.0,-0.0014131647452585141,FORCE_SELL,482590.3021458021,671.3,1.9999999999999996,1.9999999999999996
2026-03-09,0.17639875254239792,0.125,0.27,FREE,0.019426087219043882,0.007404322338988497,0.0032756200280767357,0.007404322338988497,FORCE_BUY,491965.1434463512,675.3392,1.3499999999999996,-0.5
2026-03-10,0.15902476405497892,0.125,0.27,FREE,0.004504304277607465,0.005971166525907324,0.0,0.005971166525907324,FREE,494902.74924281123,677.95,1.7499999999999996,-0.5
2026-03-11,0.12647913312131118,0.125,0.27,FREE,-0.006218076837663976,-0.006218076837663976,0.0,-0.006218076837663976,FORCE_SELL,494902.74924281123,671.25,1.7999999999999994,-0.5
2026-03-12,0.15316989097259773,0.125,0.27,FREE,-0.009393579072532661,0.0017984542211652908,0.0017984542211652908,0.0017984542211652908,FREE,495792.8091812533,666.48,2.0999999999999996,-0.5
2026-03-13,0.1838418199917117,0.125,0.27,FREE,0.0003500196131680862,-0.006764377657650379,0.0,-0.006764377657650379,FORCE_BUY,495966.3463885344,663.052,1.9999999999999996,-0.5
2026-03-16,0.14528759925445503,0.125,0.27,FREE,0.00722891566265055,0.003750000000000094,0.003750000000000094,0.003750000000000094,FORCE_BUY,499551.6452780901,668.8,2.4499999999999993,-0.5
2026-03-17,0.15464845354809978,0.125,0.27,FREE,0.0023330242574702335,0.0017103978283569802,0.0,0.0017103978283569802,FORCE_BUY,500717.111384383,670.22,-0.5,0.8499999999999996
2026-03-18,0.18470918977484904,0.125,0.27,FREE,-0.018691314031180552,-0.0058506684882458585,0.0011284335560503768,-0.0058506684882458585,FORCE_SELL,501282.1373749578,660.9114,1.3999999999999995,0.6999999999999997
2026-03-19,0.14013564782201268,0.125,0.27,FREE,0.0009993337774816182,0.00192296045060873,0.00192296045060873,0.00192296045060873,FREE,502246.0830997265,661.1,1.1999999999999997,1.3499999999999996
2026-03-20,0.18247725997818598,0.125,0.27,FREE,-0.007912041185135619,-0.0032271234638577015,0.0,-0.0032271234638577015,FORCE_SELL,502246.0830997265,653.28,1.7999999999999994,0.7999999999999998
2026-03-23,0.20037825437278242,0.125,0.27,FREE,0.021130045400833585,0.031974318037866434,0.0,0.031974318037866434,FREE,518305.0590940298,656.75,2.1999999999999993,1.4999999999999996
2026-03-24,0.14101355679120606,0.125,0.27,FREE,0.0,0.0,0.0,0.0,FORCE_BUY,518305.0590940298,657.55,2.1999999999999993,2.0999999999999996
2026-03-25,0.1417036115210033,0.125,0.27,FREE,-0.0034212206915427697,0.002219992093178997,0.0,0.002219992093178997,FREE,519455.6922270732,655.41,2.0499999999999994,1.3499999999999996
2026-03-26,0.17254775495544242,0.125,0.27,FREE,-0.006791457787180531,0.004420355170021533,0.0,0.004420355170021533,FREE,521751.87088180624,647.86,2.0999999999999996,1.2999999999999996
2026-03-27,0.1787571593200792,0.125,0.27,FREE,-0.02271148234494913,-0.02271148234494913,-0.02271148234494913,-0.02271148234494913,FORCE_BUY,509902.1124778299,632.98,2.349999999999999,2.2999999999999994
2026-03-30,0.16073597366070033,0.125,0.27,FREE,-0.009891973370179571,-6.280618012816418e-05,-6.280618012816418e-05,-6.280618012816418e-05,FREE,509870.0874739059,630.58,2.1999999999999993,-0.5
2026-03-31,0.14704786218351715,0.125,0.27,FREE,0.0,0.0,0.0,0.0,FORCE_BUY,509870.0874739059,651.8343,2.349999999999999,-0.5
2026-04-01,0.15017017002472055,0.125,0.315,FREE,0.0012845804468505143,0.0054824058356655655,0.0,0.0054824058356655655,FREE,512665.4022169041,654.75,1.5499999999999994,-0.5
2026-04-02,0.1398626316862772,0.125,0.315,FREE,0.012222222222222112,-0.0013580246913580433,0.0,-0.0013580246913580433,FORCE_BUY,518931.312688444,655.92,1.5499999999999994,-0.5
2026-04-06,0.1274564917902333,0.145,0.315,FORCE_BUY,0.0,0.0,0.0,0.0,FORCE_BUY,518931.312688444,657.91,1.4999999999999996,-0.5
2026-04-07,0.1750905551267703,0.145,0.27,FREE,0.025968412555780553,0.006287258357210209,0.0,0.006287258357210209,FORCE_BUY,532407.1351044503,673.6406,1.4999999999999996,-0.5
2026-04-08,0.1309911832893718,0.145,0.28,FORCE_BUY,0.0,0.0,0.0,0.0,FORCE_BUY,532407.1351044503,674.7,1.4999999999999996,2.2999999999999994
2026-04-09,0.12006673678106135,0.145,0.37,FORCE_BUY,0.0,0.0,0.0,0.0,FORCE_BUY,532407.1351044503,679.28,1.4999999999999996,2.2499999999999996
2026-04-10,0.12283510066523635,0.145,0.28,FORCE_BUY,0.0,0.0,0.0,0.0,FORCE_BUY,532407.1351044503,680.65,1.4999999999999996,2.2499999999999996
2026-04-13,0.12581011336430972,0.145,0.28,FORCE_BUY,0.0,0.0,0.0,0.0,FORCE_BUY,532407.1351044503,686.44,-0.5,1.9999999999999996
2026-04-14,0.11488890994171541,0.145,0.28,FORCE_BUY,0.002475158215288254,0.0015370516030798907,0.0,0.002475158215288254,FORCE_BUY,533724.9269987821,694.6,-0.5,1.9999999999999996
2026-04-15,0.1255624648890676,0.145,0.315,FORCE_BUY,0.008710048949035274,-0.0006043766196371761,-0.0006043766196371761,0.008710048949035274,FORCE_BUY,538373.6972382618,700.65,-0.5,1.9999999999999996
2026-04-16,0.11959464363065252,0.145,0.315,FORCE_BUY,0.0018118268064768444,0.0015281073738625639,-0.0002567943505243525,0.0018118268064768444,FORCE_BUY,539349.1371348201,702.22,-0.5,1.9999999999999996
2026-04-17,0.13888495581603677,0.145,0.315,FORCE_BUY,0.011427026411657439,0.0011668943533696603,0.0011668943533696603,0.011427026411657439,FORCE_BUY,545512.2939699643,710.75,0.8499999999999996,2.4499999999999993
2026-04-20,0.13814411140842106,0.145,0.315,FORCE_BUY,0.004146852355072624,0.004146852355072624,0.004146852355072624,0.004146852355072624,FORCE_BUY,547774.4529109347,709.49,0.7999999999999998,2.349999999999999
2026-04-21,0.187539786990619,0.145,0.315,FREE,-0.0037201961557971988,-0.0037201961557971988,-0.0037201961557971988,-0.0037201961557971988,FORCE_BUY,545736.6244969715,707.0,0.7999999999999998,2.349999999999999
