side,seen_idx,exec_px,qty,fee,reason,ts,pred,th,gate,pnl,entry_px,entry_idx
buy,7331,47.25,2116.4021164021165,0.0,5m BUY signal,2010-03-15 06:40:00,2.054844379425049,1.2999999999999996,FREE,,,
sell,7481,47.34,2116.4021164021165,0.0,5m SELL signal,2010-03-16 08:30:00,0.28267666697502136,-0.5,FREE,190.4761904761977,47.25,7331.0
buy,7502,47.26,2119.984684521291,0.0,5m BUY signal,2010-03-16 10:15:00,2.92171311378479,-0.5,FREE,,,
sell,7508,47.34,2119.984684521291,0.0,5m SELL signal,2010-03-16 10:45:00,0.5143831372261047,-0.5,FREE,169.59877476171474,47.26,7502.0
buy,7544,47.43,2115.9619431844385,0.0,5m BUY signal,2010-03-16 13:45:00,2.576115846633911,-0.5,FREE,,,
sell,7562,47.51,2115.9619431844385,0.0,5m SELL signal,2010-03-16 15:15:00,0.4710419178009033,-0.5,FREE,169.27695545475146,47.43,7544.0
buy,7762,47.68,2108.4176157863394,0.0,5m BUY signal,2010-03-18 09:00:00,2.952453851699829,-0.5,FREE,,,
sell,7810,47.73,2108.4176157863394,0.0,5m SELL signal,2010-03-18 13:00:00,0.7131528854370117,0.6999999999999997,FREE,105.42088078931098,47.68,7762.0
buy,7823,47.79,2105.7705126905626,0.0,5m BUY signal,2010-03-18 14:05:00,2.7210617065429688,-0.5,FREE,,,
sell,7838,47.775,2105.7705126905626,0.0,5m SELL signal,2010-03-18 15:20:00,0.860565185546875,0.6999999999999997,FREE,-31.586557690359637,47.79,7823.0
buy,7863,47.86,2102.0306361009534,0.0,5m BUY signal,2010-03-18 17:40:00,2.6268274784088135,-0.5,FREE,,,
sell,7903,47.85,2102.0306361009534,0.0,ADAPTIVE_FORCE_SELL->first acceptable 5m signal,2010-03-19 08:30:00,1.0722205638885498,0.8499999999999996,FORCE_SELL,-21.020306361005353,47.86,7863.0
buy,8029,47.37,2123.330503217873,0.0,5m BUY signal,2010-03-22 04:15:00,3.1235973834991455,-0.5,FREE,,,
sell,8049,47.35,2123.330503217873,0.0,5m SELL signal,2010-03-22 08:30:00,1.3537119626998901,0.34999999999999987,FREE,-42.466610064349005,47.37,8029.0
buy,8061,47.36,2122.882164851484,0.0,5m BUY signal,2010-03-22 09:30:00,2.7390074729919434,-0.5,FREE,,,
sell,8062,47.4399,2122.882164851484,0.0,5m SELL signal,2010-03-22 09:35:00,0.7968126535415649,0.34999999999999987,FREE,169.618284971638,47.36,8061.0
buy,8085,47.8,2106.889489797865,0.0,5m BUY signal,2010-03-22 11:30:00,2.979743480682373,-0.5,FREE,,,
sell,8103,47.98,2106.889489797865,0.0,5m SELL signal,2010-03-22 13:00:00,1.4874414205551147,0.34999999999999987,FREE,379.24010816361505,47.8,8085.0
buy,8115,47.93,2109.0873715940234,0.0,5m BUY signal,2010-03-22 14:00:00,2.7795932292938232,-0.5,FREE,,,
sell,8121,48.02,2109.0873715940234,0.0,5m SELL signal,2010-03-22 14:30:00,1.6996749639511108,0.34999999999999987,FREE,189.8178634434693,47.93,8115.0
buy,8133,47.99,2110.4058258792456,0.0,5m BUY signal,2010-03-22 15:30:00,2.6551880836486816,-0.5,FREE,,,
sell,8161,47.99,2110.4058258792456,0.0,5m SELL signal,2010-03-22 18:15:00,1.0181798934936523,0.34999999999999987,FREE,0.0,47.99,8133.0
buy,8221,47.79,2119.2378234765642,0.0,5m BUY signal,2010-03-23 11:00:00,1.8093016147613525,1.3499999999999996,FREE,,,
sell,8466,48.19,2119.2378234765642,0.0,ADAPTIVE_FORCE_SELL->first acceptable 5m signal,2010-03-25 04:15:00,0.8678116202354431,0.7999999999999998,FORCE_SELL,847.6951293906227,47.79,8221.0
buy,8684,48.05,2125.4125018384107,0.0,5m BUY signal,2010-03-26 12:20:00,1.8180084228515625,1.6499999999999995,FREE,,,
sell,8760,48.28,2125.4125018384107,0.0,5m SELL signal,2010-03-29 04:55:00,0.7683883309364319,-0.5,FREE,488.8448754228429,48.05,8684.0
buy,9052,48.18,2129.8239018007152,0.0,5m BUY signal,2010-03-31 08:35:00,2.161897659301758,1.7499999999999996,FREE,,,
sell,9061,48.25,2129.8239018007152,0.0,5m SELL signal,2010-03-31 09:20:00,0.8040850758552551,-0.5,FREE,149.08767312605067,48.18,9052.0
buy,9066,48.13,2135.134079823073,0.0,5m BUY signal,2010-03-31 09:45:00,1.9984619617462158,1.7499999999999996,FREE,,,
sell,9074,48.3,2135.134079823073,0.0,5m SELL signal,2010-03-31 10:25:00,0.7825926542282104,-0.5,FREE,362.9727935699109,48.13,9066.0
buy,9085,48.32,2134.2503322734774,0.0,5m BUY signal,2010-03-31 11:20:00,1.7787038087844849,1.7499999999999996,FREE,,,
sell,9090,48.41,2134.2503322734774,0.0,5m SELL signal,2010-03-31 11:45:00,1.381286859512329,-0.5,FREE,192.08252990460508,48.32,9085.0
buy,9127,48.23,2142.215604092039,0.0,5m BUY signal,2010-03-31 14:50:00,1.8044673204421997,1.7499999999999996,FREE,,,
sell,9198,48.36,2142.215604092039,0.0,5m SELL signal,2010-04-01 08:30:00,1.3250985145568848,0.6499999999999997,FREE,278.48802853197054,48.23,9127.0
buy,9220,48.5005,2136.0098682259154,0.0,5m BUY signal,2010-04-01 10:20:00,1.6032168865203857,-0.5,FREE,,,
sell,9276,47.99,2136.0098682259154,0.0,5m SELL signal,2010-04-01 15:00:00,1.1744080781936646,0.6499999999999997,FREE,-1090.4330377293306,48.5005,9220.0
buy,9568,48.7675,2101.9554739562554,0.0,ADAPTIVE_FORCE_BUY->first acceptable 5m signal,2010-04-06 15:30:00,0.9405469298362732,0.7999999999999998,FORCE_BUY,,,
sell,13039,47.52,2101.9554739562554,0.0,5m SELL signal,2010-05-10 04:15:00,0.962235689163208,-0.5,FREE,-2622.1894537604185,48.7675,9568.0
buy,13091,47.3,2111.7320110444243,0.0,5m BUY signal,2010-05-10 09:20:00,2.571556568145752,2.499999999999999,FREE,,,
sell,13122,47.76,2111.7320110444243,0.0,5m SELL signal,2010-05-10 11:55:00,0.826357901096344,-0.5,FREE,971.396725080437,47.3,13091.0
buy,13137,47.3701,2129.1135304228133,0.0,5m BUY signal,2010-05-10 13:10:00,2.6438136100769043,2.499999999999999,FREE,,,
sell,13170,47.76,2129.1135304228133,0.0,5m SELL signal,2010-05-10 15:55:00,0.8118093013763428,-0.5,FREE,830.141365511849,47.3701,13137.0
buy,13217,47.34,2148.003004076754,0.0,5m BUY signal,2010-05-11 04:15:00,1.4177908897399902,1.1999999999999997,FREE,,,
sell,13248,47.33,2148.003004076754,0.0,5m SELL signal,2010-05-11 08:25:00,5.251952648162842,-0.5,FREE,-21.48003004077853,47.34,13217.0
buy,13261,47.35,2147.0957166410303,0.0,5m BUY signal,2010-05-11 09:30:00,1.6608692407608032,1.1999999999999997,FREE,,,
sell,13265,47.59,2147.0957166410303,0.0,5m SELL signal,2010-05-11 09:50:00,5.357409954071045,-0.5,FREE,515.3029719938515,47.35,13261.0
buy,13318,48.09,2124.7719932407285,0.0,5m BUY signal,2010-05-11 14:15:00,1.24472177028656,1.1999999999999997,FREE,,,
sell,13382,47.77,2124.7719932407285,0.0,5m SELL signal,2010-05-11 19:55:00,5.142726421356201,-0.5,FREE,-679.9270378370337,48.09,13318.0
buy,13691,47.65,2130.1229405479457,0.0,5m BUY signal,2010-05-14 05:05:00,1.7058809995651245,1.4999999999999996,FREE,,,
sell,13791,46.65,2130.1229405479457,0.0,5m SELL signal,2010-05-14 14:50:00,4.923374652862549,-0.5,FREE,-2130.1229405479457,47.65,13691.0
buy,13796,46.58,2133.3240699133034,0.0,5m BUY signal,2010-05-14 15:15:00,1.564111351966858,1.4999999999999996,FREE,,,
sell,13803,46.97,2133.3240699133034,0.0,5m SELL signal,2010-05-14 15:50:00,5.4896745681762695,-0.5,FREE,831.9963872661896,46.58,13796.0
buy,13847,46.88,2137.4196152693657,0.0,5m BUY signal,2010-05-14 19:40:00,1.5347621440887451,1.4999999999999996,FREE,,,
sell,13852,47.08,2137.4196152693657,0.0,5m SELL signal,2010-05-17 05:10:00,5.223809719085693,-0.5,FREE,427.48392305386403,46.88,13847.0
buy,14062,46.61,2158.9726558009384,0.0,5m BUY signal,2010-05-18 12:00:00,2.9157302379608154,2.499999999999999,FREE,,,
sell,14069,46.86,2158.9726558009384,0.0,5m SELL signal,2010-05-18 12:35:00,5.366429328918457,-0.5,FREE,539.7431639502346,46.61,14062.0
buy,14085,46.48,2176.623464949053,0.0,5m BUY signal,2010-05-18 13:55:00,2.621676206588745,2.499999999999999,FREE,,,
sell,14100,46.58,2176.623464949053,0.0,5m SELL signal,2010-05-18 15:10:00,6.215970516204834,-0.5,FREE,217.66234649490838,46.48,14085.0
buy,14150,46.22,2193.5768281550604,0.0,5m BUY signal,2010-05-18 19:25:00,2.554237127304077,2.499999999999999,FREE,,,
sell,14168,46.14,2193.5768281550604,0.0,5m SELL signal,2010-05-19 07:00:00,6.060813903808594,-0.5,FREE,-175.48614625240108,46.22,14150.0
buy,14175,46.1,2195.480148613329,0.0,5m BUY signal,2010-05-19 07:35:00,2.7859785556793213,2.4499999999999993,FREE,,,
sell,14184,46.31,2195.480148613329,0.0,5m SELL signal,2010-05-19 08:20:00,4.626784324645996,-0.5,FREE,461.050831208801,46.1,14175.0
buy,14206,46.055,2207.636210667317,0.0,5m BUY signal,2010-05-19 10:10:00,2.8319649696350098,2.4499999999999993,FREE,,,
sell,14233,45.99,2207.636210667317,0.0,5m SELL signal,2010-05-19 12:25:00,7.101602554321289,-0.5,FREE,-143.49635369337057,46.055,14206.0
buy,14316,45.62,2225.5411952781656,0.0,5m BUY signal,2010-05-20 06:35:00,3.354315996170044,2.2999999999999994,FREE,,,
sell,14365,44.84,2225.5411952781656,0.0,5m SELL signal,2010-05-20 10:50:00,5.298707962036133,-0.5,FREE,-1735.9221323169559,45.62,14316.0
buy,14378,44.81,2227.0311804568832,0.0,5m BUY signal,2010-05-20 11:55:00,3.4107487201690674,2.2999999999999994,FREE,,,
sell,14410,45.1,2227.0311804568832,0.0,5m SELL signal,2010-05-20 14:35:00,5.155983924865723,-0.5,FREE,645.8390423324943,44.81,14378.0
buy,14422,44.86,2238.945747628298,0.0,5m BUY signal,2010-05-20 15:35:00,3.337644338607788,2.2999999999999994,FREE,,,
sell,14477,44.57,2238.945747628298,0.0,5m SELL signal,2010-05-21 04:30:00,4.850493431091309,-0.5,FREE,-649.2942668122045,44.86,14422.0
buy,14485,44.16,2259.733060955463,0.0,5m BUY signal,2010-05-21 06:35:00,3.929741382598877,-0.5,FREE,,,
sell,14540,44.73,2259.733060955463,0.0,5m SELL signal,2010-05-21 11:15:00,5.3849711418151855,-0.5,FREE,1288.0478447446144,44.16,14485.0
buy,14565,44.68,2262.261858024571,0.0,5m BUY signal,2010-05-21 13:20:00,3.176736831665039,-0.5,FREE,,,
sell,14594,44.55,2262.261858024571,0.0,5m SELL signal,2010-05-21 15:45:00,6.241250991821289,-0.5,FREE,-294.09404154320003,44.68,14565.0
buy,14598,44.81,2249.135589711998,0.0,5m BUY signal,2010-05-21 16:05:00,2.9161980152130127,-0.5,FREE,,,
sell,14678,45.04,2249.135589711998,0.0,5m SELL signal,2010-05-24 09:35:00,8.988411903381348,-0.5,FREE,517.3011856337525,44.81,14598.0
buy,14698,45.0,2251.1348213472975,0.0,5m BUY signal,2010-05-24 11:15:00,3.5151290893554688,-0.5,FREE,,,
sell,14708,45.24,2251.1348213472975,0.0,5m SELL signal,2010-05-24 12:05:00,5.02481746673584,-0.5,FREE,540.2723571233558,45.0,14698.0
buy,14743,45.0413,2261.0657178578713,0.0,5m BUY signal,2010-05-24 15:00:00,3.5034852027893066,-0.5,FREE,,,
sell,14914,44.2,2261.0657178578713,0.0,5m SELL signal,2010-05-25 14:40:00,8.794127464294434,-0.5,FREE,-1902.23458843382,45.0413,14743.0
buy,14984,44.87,2227.3034261047005,0.0,5m BUY signal,2010-05-26 06:15:00,2.3638882637023926,2.2999999999999994,FREE,,,
sell,14994,45.09,2227.3034261047005,0.0,5m SELL signal,2010-05-26 07:20:00,6.161952972412109,-0.5,FREE,490.0067537430474,44.87,14984.0
buy,15020,45.17,2223.358677951316,0.0,5m BUY signal,2010-05-26 09:30:00,2.3021202087402344,2.2999999999999994,FREE,,,
sell,15025,45.3801,2223.358677951316,0.0,5m SELL signal,2010-05-26 09:55:00,8.840003967285156,-0.5,FREE,467.127658237565,45.17,15020.0
buy,15058,45.02,2241.1425842136496,0.0,5m BUY signal,2010-05-26 12:40:00,2.391677141189575,2.2999999999999994,FREE,,,
sell,15069,45.19,2241.1425842136496,0.0,5m SELL signal,2010-05-26 13:35:00,6.29265832901001,-0.5,FREE,380.9942393163083,45.02,15058.0
buy,15077,45.055,2247.85780447486,0.0,5m BUY signal,2010-05-26 14:15:00,2.4951419830322266,2.2999999999999994,FREE,,,
sell,15140,44.93,2247.85780447486,0.0,5m SELL signal,2010-05-26 19:55:00,8.667984962463379,-0.5,FREE,-280.9822255593575,45.055,15077.0
buy,15460,45.11,2238.8882987154834,0.0,5m BUY signal,2010-06-01 04:25:00,2.430964231491089,2.2999999999999994,FREE,,,
sell,15468,45.15,2238.8882987154834,0.0,5m SELL signal,2010-06-01 07:05:00,6.662819862365723,-0.5,FREE,89.55553194861743,45.11,15460.0
buy,15566,45.61,2216.307973843545,0.0,5m BUY signal,2010-06-01 15:15:00,2.439117431640625,2.2999999999999994,FREE,,,
sell,15726,46.15,2216.307973843545,0.0,ADAPTIVE_FORCE_SELL->first acceptable 5m signal,2010-06-02 15:25:00,7.226765155792236,-0.5,FORCE_SELL,1196.8063058755124,45.61,15566.0
buy,17501,47.0,2176.2258083591405,0.0,5m BUY signal,2010-06-18 07:05:00,1.1205207109451294,-0.5,FREE,,,
sell,17523,47.06,2176.2258083591405,0.0,5m SELL signal,2010-06-18 09:20:00,7.222447872161865,-0.5,FREE,130.57354850155338,47.0,17501.0
buy,17551,47.07,2175.7634701801817,0.0,5m BUY signal,2010-06-18 11:40:00,1.491410255432129,-0.5,FREE,,,
sell,17574,47.0475,2175.7634701801817,0.0,5m SELL signal,2010-06-18 13:35:00,8.230602264404297,-0.5,FREE,-48.954678079055945,47.07,17551.0
buy,17670,47.48,2155.9442262700527,0.0,5m BUY signal,2010-06-21 08:20:00,1.4941917657852173,1.4499999999999995,FREE,,,
sell,17680,47.58,2155.9442262700527,0.0,5m SELL signal,2010-06-21 09:10:00,6.954370975494385,-0.5,FREE,215.59442262700833,47.48,17670.0
buy,17702,47.32,2167.790073667141,0.0,5m BUY signal,2010-06-21 11:00:00,1.4615131616592407,1.4499999999999995,FREE,,,
sell,17833,46.76,2167.790073667141,0.0,ADAPTIVE_FORCE_SELL->first acceptable 5m signal,2010-06-22 08:55:00,3.1478934288024902,-0.5,FORCE_SELL,-1213.9624412536039,47.32,17702.0
buy,21561,46.62,2174.2999537682435,0.0,5m BUY signal,2010-07-27 07:45:00,0.9757153987884521,-0.5,FREE,,,
sell,21571,46.72,2174.2999537682435,0.0,5m SELL signal,2010-07-27 08:35:00,3.358617067337036,2.4499999999999993,FREE,217.42999537682743,46.62,21561.0
buy,21632,46.23,2197.345746053479,0.0,5m BUY signal,2010-07-27 13:40:00,1.2474546432495117,-0.5,FREE,,,
sell,21652,46.51,2197.345746053479,0.0,5m SELL signal,2010-07-27 15:20:00,2.8983914852142334,2.4499999999999993,FREE,615.2568088949766,46.23,21632.0
buy,21714,46.36,2204.4553634371723,0.0,5m BUY signal,2010-07-28 08:30:00,1.471278190612793,-0.5,FREE,,,
sell,21723,46.41,2204.4553634371723,0.0,5m SELL signal,2010-07-28 09:15:00,2.7792627811431885,2.0999999999999996,FREE,110.22276817185235,46.36,21714.0
buy,21733,46.36,2206.8329037342355,0.0,5m BUY signal,2010-07-28 10:05:00,1.7117156982421875,-0.5,FREE,,,
sell,21751,46.29,2206.8329037342355,0.0,5m SELL signal,2010-07-28 11:35:00,2.647117853164673,2.0999999999999996,FREE,-154.47830326139712,46.36,21733.0
buy,21765,46.21,2210.653432457428,0.0,5m BUY signal,2010-07-28 12:45:00,1.1314858198165894,-0.5,FREE,,,
sell,21832,45.98,2210.653432457428,0.0,5m SELL signal,2010-07-28 19:30:00,4.628667831420898,2.0999999999999996,FREE,-508.4502894652173,46.21,21765.0
buy,21853,46.14,2202.987534122075,0.0,5m BUY signal,2010-07-29 08:20:00,0.9878482222557068,-0.5,FREE,,,
sell,21855,46.18,2202.987534122075,0.0,5m SELL signal,2010-07-29 08:30:00,2.8107829093933105,-0.5,FREE,88.11950136488112,46.14,21853.0
buy,21873,46.07,2208.2475434286393,0.0,5m BUY signal,2010-07-29 10:00:00,1.0871973037719727,-0.5,FREE,,,
sell,21908,45.47,2208.2475434286393,0.0,5m SELL signal,2010-07-29 12:55:00,4.34397029876709,-0.5,FREE,-1324.9485260571867,46.07,21873.0
buy,21942,45.79,2192.8153701616125,0.0,5m BUY signal,2010-07-29 15:45:00,1.2769547700881958,-0.5,FREE,,,
sell,21947,45.7,2192.8153701616125,0.0,5m SELL signal,2010-07-29 16:10:00,2.2603485584259033,-0.5,FREE,-197.353383314537,45.79,21942.0
buy,21963,45.65,2195.217139460804,0.0,5m BUY signal,2010-07-29 17:35:00,1.5555152893066406,-0.5,FREE,,,
sell,22016,45.54,2195.217139460804,0.0,ADAPTIVE_FORCE_SELL->first acceptable 5m signal,2010-07-30 10:00:00,5.093615531921387,-0.5,FORCE_SELL,-241.4738853406872,45.65,21963.0
buy,24407,44.94,2224.5257795070097,0.0,5m BUY signal,2010-08-23 10:10:00,3.121696710586548,-0.5,FREE,,,
sell,24525,44.2,2224.5257795070097,0.0,ADAPTIVE_FORCE_SELL->first acceptable 5m signal,2010-08-24 06:35:00,1.1647197008132935,-0.5,FORCE_SELL,-1646.1490768351757,44.94,24407.0
buy,25116,43.98,2235.653466444062,0.0,5m BUY signal,2010-08-30 07:10:00,4.559946537017822,-0.5,FREE,,,
sell,25147,44.175,2235.653466444062,0.0,5m SELL signal,2010-08-30 09:45:00,0.6084790229797363,0.5999999999999996,FREE,435.9524259565927,43.98,25116.0
buy,25155,44.02,2243.525485692104,0.0,5m BUY signal,2010-08-30 10:25:00,4.146488189697266,-0.5,FREE,,,
sell,25410,43.93,2243.525485692104,0.0,ADAPTIVE_FORCE_SELL->first acceptable 5m signal,2010-09-01 05:10:00,2.426185131072998,-0.5,FORCE_SELL,-201.91729371229704,44.02,25155.0
buy,25606,44.79,2200.448193490827,0.0,5m BUY signal,2010-09-02 09:40:00,1.847488522529602,1.5499999999999994,FREE,,,
sell,25618,45.02,2200.448193490827,0.0,5m SELL signal,2010-09-02 10:40:00,3.5718564987182617,2.499999999999999,FREE,506.103084502899,44.79,25606.0
buy,25731,45.19,2192.170340140674,0.0,5m BUY signal,2010-09-03 07:50:00,1.4968976974487305,1.1499999999999997,FREE,,,
sell,25739,45.7,2192.170340140674,0.0,5m SELL signal,2010-09-03 08:30:00,4.2344279289245605,-0.5,FREE,1118.006873471755,45.19,25731.0
buy,25975,45.69,2192.6501322921604,0.0,5m BUY signal,2010-09-07 15:00:00,1.6995635032653809,1.1499999999999997,FREE,,,
sell,25982,45.75,2192.6501322921604,0.0,5m SELL signal,2010-09-07 15:35:00,3.2571909427642822,-0.5,FREE,131.5590079375346,45.69,25975.0
buy,25985,45.63,2198.4164705756375,0.0,5m BUY signal,2010-09-07 15:50:00,1.7647905349731445,1.1499999999999997,FREE,,,
sell,26036,45.94,2198.4164705756375,0.0,5m SELL signal,2010-09-08 08:25:00,3.8297739028930664,-0.5,FREE,681.509105878437,45.63,25985.0
buy,26041,45.83,2203.6930538565302,0.0,5m BUY signal,2010-09-08 08:50:00,1.842111349105835,1.1499999999999997,FREE,,,
sell,26051,46.05,2203.6930538565302,0.0,5m SELL signal,2010-09-08 09:40:00,3.77884840965271,-0.5,FREE,484.81247184843414,45.83,26041.0
buy,26127,46.2742,2193.016089529224,0.0,5m BUY signal,2010-09-08 16:00:00,1.8447779417037964,1.1499999999999997,FREE,,,
sell,26158,46.38,2193.016089529224,0.0,5m SELL signal,2010-09-09 07:00:00,4.360424041748047,-0.5,FREE,232.02110227219652,46.2742,26127.0
buy,26198,46.5,2187.3566931691485,0.0,5m BUY signal,2010-09-09 10:30:00,1.626076579093933,1.1499999999999997,FREE,,,
sell,26431,46.97,2187.3566931691485,0.0,5m SELL signal,2010-09-13 04:00:00,5.232056617736816,-0.5,FREE,1028.0576457894972,46.5,26198.0
buy,26441,46.93,2189.2210500352635,0.0,5m BUY signal,2010-09-13 07:15:00,1.3396943807601929,1.1999999999999997,FREE,,,
sell,26465,46.93,2189.2210500352635,0.0,5m SELL signal,2010-09-13 09:20:00,4.927141189575195,-0.5,FREE,0.0,46.93,26441.0
buy,26692,47.42,2166.5994069623557,0.0,5m BUY signal,2010-09-14 16:15:00,2.102321147918701,2.0499999999999994,FREE,,,
sell,26725,47.52,2166.5994069623557,0.0,5m SELL signal,2010-09-15 04:00:00,4.473381519317627,-0.5,FREE,216.65994069623866,47.42,26692.0
buy,26731,47.34,2174.837427521148,0.0,5m BUY signal,2010-09-15 07:05:00,2.5964317321777344,2.2999999999999994,FREE,,,
sell,26752,47.29,2174.837427521148,0.0,5m SELL signal,2010-09-15 09:20:00,3.870114803314209,-0.5,FREE,-108.74187137606668,47.34,26731.0
buy,26814,47.57,2162.036198181104,0.0,5m BUY signal,2010-09-15 14:30:00,2.43392276763916,2.2999999999999994,FREE,,,
sell,26824,47.72,2162.036198181104,0.0,5m SELL signal,2010-09-15 15:20:00,4.454554557800293,-0.5,FREE,324.3054297271625,47.57,26814.0
buy,26893,47.62,2166.57638339358,0.0,5m BUY signal,2010-09-16 09:45:00,2.3106863498687744,2.1999999999999993,FREE,,,
sell,26928,47.6605,2166.57638339358,0.0,5m SELL signal,2010-09-16 12:40:00,4.782677173614502,-0.5,FREE,87.7463435274433,47.62,26893.0
buy,27017,48.14,2144.996130468004,0.0,5m BUY signal,2010-09-17 06:50:00,2.2635443210601807,2.1999999999999993,FREE,,,
sell,27038,48.14,2144.996130468004,0.0,5m SELL signal,2010-09-17 08:35:00,4.340571403503418,-0.5,FREE,0.0,48.14,27017.0
buy,27072,47.93,2154.3941940481895,0.0,5m BUY signal,2010-09-17 11:25:00,2.593069076538086,2.1999999999999993,FREE,,,
sell,27078,47.95,2154.3941940481895,0.0,5m SELL signal,2010-09-17 11:55:00,4.5362372398376465,-0.5,FREE,43.08788388097052,47.93,27072.0
buy,27093,47.931,2155.2482027208007,0.0,5m BUY signal,2010-09-17 13:10:00,2.2163867950439453,2.1999999999999993,FREE,,,
sell,27101,47.9805,2155.2482027208007,0.0,5m SELL signal,2010-09-17 13:50:00,4.498340129852295,-0.5,FREE,106.68478603468368,47.931,27093.0
buy,27195,48.16,2147.2152489751948,0.0,5m BUY signal,2010-09-20 08:40:00,2.0500848293304443,1.9999999999999996,FREE,,,
sell,27210,48.26,2147.2152489751948,0.0,5m SELL signal,2010-09-20 09:55:00,4.3107123374938965,-0.5,FREE,214.72152489752253,48.16,27195.0
buy,27338,48.69,2128.2523704157506,0.0,ADAPTIVE_FORCE_BUY->first acceptable 5m signal,2010-09-21 08:25:00,3.289832353591919,1.9999999999999996,FORCE_BUY,,,
sell,27799,49.0,2128.2523704157506,0.0,5m SELL signal,2010-09-24 08:00:00,0.9265440702438354,-0.5,FREE,659.7582348288876,48.69,27338.0
buy,27869,49.57,2103.7798295414927,0.0,5m BUY signal,2010-09-24 13:50:00,2.9794936180114746,-0.5,FREE,,,
sell,27891,49.61,2103.7798295414927,0.0,5m SELL signal,2010-09-24 15:40:00,0.7148142457008362,-0.5,FREE,84.15119318165792,49.57,27869.0
buy,27982,49.44,2111.0137003145924,0.0,ADAPTIVE_FORCE_BUY->first acceptable 5m signal,2010-09-27 11:15:00,3.1484122276306152,-0.5,FORCE_BUY,,,
sell,34148,52.24,2111.0137003145924,0.0,5m SELL signal,2010-11-23 10:40:00,3.0011963844299316,-0.5,FREE,5910.838360880867,49.44,27982.0
buy,34154,51.981,2121.5320156294474,0.0,5m BUY signal,2010-11-23 11:10:00,2.6072444915771484,1.5999999999999996,FREE,,,
sell,34201,52.02,2121.5320156294474,0.0,5m SELL signal,2010-11-23 15:05:00,2.425445318222046,-0.5,FREE,82.73974860955158,51.981,34154.0
buy,34207,51.98,2123.1645912474773,0.0,5m BUY signal,2010-11-23 15:35:00,1.8639464378356934,1.5999999999999996,FREE,,,
sell,34237,52.17,2123.1645912474773,0.0,5m SELL signal,2010-11-23 18:45:00,2.891037940979004,-0.5,FREE,403.40127233703095,51.98,34207.0
buy,34250,52.2,2121.944381712278,0.0,5m BUY signal,2010-11-24 04:05:00,1.8485119342803955,1.6999999999999993,FREE,,,
sell,34265,52.27,2121.944381712278,0.0,5m SELL signal,2010-11-24 08:00:00,3.015254020690918,-0.5,FREE,148.53610671986004,52.2,34250.0
buy,34396,52.79,2101.0424859272734,0.0,ADAPTIVE_FORCE_BUY->first acceptable 5m signal,2010-11-26 04:00:00,1.6521718502044678,1.4999999999999996,FORCE_BUY,,,
sell,34671,52.74,2101.0424859272734,0.0,5m SELL signal,2010-11-30 05:40:00,1.7748137712478638,-0.5,FREE,-105.0521242963577,52.79,34396.0
buy,34690,52.33,2117.5039309727576,0.0,5m BUY signal,2010-11-30 07:55:00,2.0117833614349365,1.7499999999999996,FREE,,,
sell,34719,52.36,2117.5039309727576,0.0,5m SELL signal,2010-11-30 10:20:00,2.2121379375457764,-0.5,FREE,63.525117929185136,52.33,34690.0
buy,34728,52.2,2123.994364477655,0.0,5m BUY signal,2010-11-30 11:05:00,1.940502643585205,1.7499999999999996,FREE,,,
sell,34827,52.52,2123.994364477655,0.0,5m SELL signal,2010-12-01 05:25:00,2.207460403442383,-0.5,FREE,679.6781966328501,52.2,34728.0
buy,35536,54.0599,2063.492237728269,0.0,5m BUY signal,2010-12-07 15:00:00,1.6699632406234741,1.5499999999999994,FREE,,,
sell,35743,54.38,2063.492237728269,0.0,5m SELL signal,2010-12-09 08:35:00,1.9927178621292114,1.8999999999999995,FREE,660.5238652968264,54.0599,35536.0
buy,36112,54.46,2060.461033559737,0.0,5m BUY signal,2010-12-13 15:30:00,1.637939691543579,1.2999999999999996,FREE,,,
sell,36300,54.31,2060.461033559737,0.0,5m SELL signal,2010-12-15 07:05:00,1.216335415840149,-0.5,FREE,-309.06915503395766,54.46,36112.0
buy,36364,54.22,2063.8812012657568,0.0,5m BUY signal,2010-12-15 12:50:00,1.6155399084091187,1.3499999999999996,FREE,,,
sell,36394,54.22,2063.8812012657568,0.0,5m SELL signal,2010-12-15 15:20:00,1.3291711807250977,-0.5,FREE,0.0,54.22,36364.0
buy,36423,54.13,2067.3127421509207,0.0,5m BUY signal,2010-12-15 18:25:00,1.4352301359176636,1.3499999999999996,FREE,,,
sell,36436,54.28,2067.3127421509207,0.0,5m SELL signal,2010-12-16 07:05:00,1.5199215412139893,1.4999999999999996,FREE,310.09691132263515,54.13,36423.0
buy,36581,54.33,2065.4101903911646,0.0,5m BUY signal,2010-12-17 04:50:00,1.454075574874878,0.8499999999999996,FREE,,,
sell,36616,54.53,2065.4101903911646,0.0,5m SELL signal,2010-12-17 09:00:00,1.4603846073150635,1.4499999999999995,FREE,413.0820380782388,54.33,36581.0
buy,36769,54.28,2074.9229491899446,0.0,ADAPTIVE_FORCE_BUY->first acceptable 5m signal,2010-12-20 10:10:00,1.4849486351013184,1.2999999999999996,FORCE_BUY,,,
sell,42917,57.95,2074.9229491899446,0.0,5m SELL signal,2011-02-22 05:55:00,1.4008183479309082,-0.5,FREE,7614.9672235271,54.28,36769.0
buy,42923,57.85,2078.5096785748883,0.0,5m BUY signal,2011-02-22 06:40:00,1.6346977949142456,-0.5,FREE,,,
sell,42931,57.98,2078.5096785748883,0.0,5m SELL signal,2011-02-22 07:20:00,1.5361155271530151,-0.5,FREE,270.206258214726,57.85,42923.0
buy,42994,57.501,2095.824266774004,0.0,5m BUY signal,2011-02-22 12:35:00,1.9033865928649902,-0.5,FREE,,,
sell,44321,58.26,2095.824266774004,0.0,5m SELL signal,2011-03-07 07:05:00,2.9689693450927734,-0.5,FREE,1590.73061848147,57.501,42994.0
buy,44330,58.07,2102.6816218745216,0.0,5m BUY signal,2011-03-07 07:50:00,1.211255431175232,1.1999999999999997,FREE,,,
sell,44339,58.12,2102.6816218745216,0.0,5m SELL signal,2011-03-07 08:35:00,2.927488088607788,-0.5,FREE,105.1340810937201,58.07,44330.0
buy,44358,57.929,2109.6144567202473,0.0,5m BUY signal,2011-03-07 10:10:00,1.327187418937683,1.1999999999999997,FREE,,,
sell,44513,57.2867,2109.6144567202473,0.0,5m SELL signal,2011-03-08 10:10:00,1.8758114576339722,-0.5,FREE,-1355.0053655514123,57.929,44358.0
buy,44682,56.85,2125.8197097237608,0.0,5m BUY signal,2011-03-09 10:50:00,2.76820707321167,2.3999999999999995,FREE,,,
sell,45119,56.38,2125.8197097237608,0.0,5m SELL signal,2011-03-14 06:05:00,0.6375620365142822,-0.5,FREE,-999.1352635701652,56.85,44682.0
buy,45173,56.07,2137.5729487109975,0.0,5m BUY signal,2011-03-14 10:55:00,3.0082168579101562,-0.5,FREE,,,
sell,45200,56.1401,2137.5729487109975,0.0,5m SELL signal,2011-03-14 13:10:00,0.6907230615615845,-0.5,FREE,149.84386370463343,56.07,45173.0
buy,45205,56.015,2142.3468552696645,0.0,5m BUY signal,2011-03-14 13:35:00,2.7334141731262207,-0.5,FREE,,,
sell,45211,56.205,2142.3468552696645,0.0,5m SELL signal,2011-03-14 14:05:00,1.105459213256836,-0.5,FREE,407.0459025012314,56.015,45205.0
buy,45263,56.08,2147.122057782302,0.0,5m BUY signal,2011-03-14 19:30:00,3.140472650527954,-0.5,FREE,,,
sell,45297,55.05,2147.122057782302,0.0,5m SELL signal,2011-03-15 07:00:00,4.794388294219971,-0.5,FREE,-2211.5357195157735,56.08,45263.0
buy,45315,54.64,2163.2333323740067,0.0,5m BUY signal,2011-03-15 08:30:00,2.68595027923584,-0.5,FREE,,,
sell,45322,54.82,2163.2333323740067,0.0,5m SELL signal,2011-03-15 09:05:00,3.7359049320220947,-0.5,FREE,389.3819998273206,54.64,45315.0
buy,45326,54.64,2170.3596500868052,0.0,5m BUY signal,2011-03-15 09:25:00,2.4318904876708984,-0.5,FREE,,,
sell,45331,54.86,2170.3596500868052,0.0,5m SELL signal,2011-03-15 09:50:00,3.1836626529693604,-0.5,FREE,477.4791230190947,54.64,45326.0
buy,45366,55.26,2154.6494825146965,0.0,5m BUY signal,2011-03-15 12:45:00,2.1666157245635986,-0.5,FREE,,,
sell,45386,55.58,2154.6494825146965,0.0,5m SELL signal,2011-03-15 14:25:00,2.6073710918426514,-0.5,FREE,689.4878344047034,55.26,45366.0
buy,45426,55.15,2171.4491067663976,0.0,5m BUY signal,2011-03-15 18:05:00,2.635899066925049,-0.5,FREE,,,
sell,45437,55.14,2171.4491067663976,0.0,5m SELL signal,2011-03-15 19:00:00,2.1210360527038574,-0.5,FREE,-21.714491067659655,55.15,45426.0
buy,45458,55.28,2165.949778348393,0.0,5m BUY signal,2011-03-16 05:40:00,2.299422264099121,2.2499999999999996,FREE,,,
sell,45538,54.6499,2165.949778348393,0.0,5m SELL signal,2011-03-16 12:45:00,2.8365659713745117,2.499999999999999,FREE,-1364.7649553373199,55.28,45458.0
buy,45548,54.355,2177.7010172341434,0.0,5m BUY signal,2011-03-16 13:35:00,2.6854662895202637,2.2499999999999996,FREE,,,
sell,45788,55.03,2177.7010172341434,0.0,5m SELL signal,2011-03-18 04:00:00,3.0651867389678955,2.349999999999999,FREE,1469.9481866330561,54.355,45548.0
buy,45836,54.81,2186.4420174857673,0.0,5m BUY signal,2011-03-18 10:00:00,2.871701955795288,2.499999999999999,FREE,,,
sell,45873,54.74,2186.4420174857673,0.0,5m SELL signal,2011-03-18 13:05:00,2.436122179031372,2.349999999999999,FREE,-153.05094122400433,54.81,45836.0
buy,45887,54.58,2192.85152138459,0.0,5m BUY signal,2011-03-18 14:15:00,2.579707145690918,2.499999999999999,FREE,,,
sell,46170,55.43,2192.85152138459,0.0,5m SELL signal,2011-03-22 11:40:00,2.962979793548584,-0.5,FREE,1863.9237931769046,54.58,45887.0
buy,46184,55.4219,2193.1720101683236,0.0,5m BUY signal,2011-03-22 12:50:00,1.1576844453811646,-0.5,FREE,,,
sell,46196,55.41,2193.1720101683236,0.0,5m SELL signal,2011-03-22 13:50:00,2.7309701442718506,-0.5,FREE,-26.09874692101235,55.4219,46184.0
buy,46254,55.39,2193.963911959321,0.0,5m BUY signal,2011-03-22 19:50:00,1.470111608505249,-0.5,FREE,,,
sell,48038,57.38,2193.963911959321,0.0,5m SELL signal,2011-04-08 07:00:00,1.0399943590164185,0.5499999999999998,FREE,4365.988184799054,55.39,46254.0
buy,48126,57.015,2208.0092829645855,0.0,5m BUY signal,2011-04-08 14:30:00,2.5673606395721436,2.349999999999999,FREE,,,
sell,48138,56.885,2208.0092829645855,0.0,5m SELL signal,2011-04-08 15:30:00,1.3068307638168335,0.5499999999999998,FREE,-287.04120678540176,57.015,48126.0
buy,48330,56.53,2221.875253165407,0.0,5m BUY signal,2011-04-12 04:00:00,3.0781466960906982,2.0999999999999996,FREE,,,
sell,48341,56.47,2221.875253165407,0.0,5m SELL signal,2011-04-12 06:50:00,1.7533260583877563,0.8499999999999996,FREE,-133.31251518992946,56.53,48330.0
buy,48349,56.41,2224.2385312223105,0.0,5m BUY signal,2011-04-12 07:40:00,2.8557257652282715,2.0999999999999996,FREE,,,
sell,48410,56.39,2224.2385312223105,0.0,5m SELL signal,2011-04-12 12:45:00,1.5967613458633423,0.8499999999999996,FREE,-44.48477062443736,56.41,48349.0
buy,48421,56.3084,2227.4618134350485,0.0,5m BUY signal,2011-04-12 13:40:00,2.9494993686676025,2.0999999999999996,FREE,,,
sell,48426,56.47,2227.4618134350485,0.0,5m SELL signal,2011-04-12 14:05:00,1.6395267248153687,0.8499999999999996,FREE,359.9578290511038,56.3084,48421.0
buy,48432,56.365,2231.611258842849,0.0,5m BUY signal,2011-04-12 14:35:00,3.095716714859009,2.0999999999999996,FREE,,,
sell,48448,56.39,2231.611258842849,0.0,5m SELL signal,2011-04-12 15:55:00,1.2777290344238281,0.8499999999999996,FREE,55.790281471068056,56.365,48432.0
buy,48479,56.41,2230.8200476182997,0.0,5m BUY signal,2011-04-12 19:10:00,3.319228172302246,2.0999999999999996,FREE,,,
sell,48485,56.52,2230.8200476182997,0.0,5m SELL signal,2011-04-13 04:10:00,1.6452720165252686,0.7999999999999998,FREE,245.39020523802753,56.41,48479.0
buy,48640,56.41,2235.170166484423,0.0,5m BUY signal,2011-04-14 06:00:00,3.3381967544555664,-0.5,FREE,,,
sell,48654,56.43,2235.170166484423,0.0,5m SELL signal,2011-04-14 07:35:00,1.7257434129714966,1.2999999999999996,FREE,44.70340332969545,56.41,48640.0
buy,48665,56.36,2237.946282730944,0.0,5m BUY signal,2011-04-14 08:30:00,3.2348227500915527,-0.5,FREE,,,
sell,48673,56.45,2237.946282730944,0.0,5m SELL signal,2011-04-14 09:10:00,1.4527497291564941,1.2999999999999996,FREE,201.41516544579258,56.36,48665.0
buy,48694,56.545,2234.186358832112,0.0,5m BUY signal,2011-04-14 10:55:00,3.2093210220336914,-0.5,FREE,,,
sell,48709,56.62,2234.186358832112,0.0,5m SELL signal,2011-04-14 12:10:00,1.3639538288116455,1.2999999999999996,FREE,167.56397691239889,56.545,48694.0
buy,48723,56.47,2240.120978166711,0.0,5m BUY signal,2011-04-14 13:20:00,3.0952022075653076,-0.5,FREE,,,
sell,48735,56.535,2240.120978166711,0.0,5m SELL signal,2011-04-14 14:20:00,1.3680191040039062,1.2999999999999996,FREE,145.60786358083112,56.47,48723.0
buy,48755,56.56,2239.1308256834336,0.0,5m BUY signal,2011-04-14 16:00:00,3.1928608417510986,-0.5,FREE,,,
sell,48828,56.61,2239.1308256834336,0.0,ADAPTIVE_FORCE_SELL->first acceptable 5m signal,2011-04-15 09:05:00,1.7582756280899048,1.1499999999999997,FORCE_SELL,111.95654128416531,56.56,48755.0
buy,48947,56.52,2242.696320628789,0.0,5m BUY signal,2011-04-18 05:25:00,3.564018726348877,1.7999999999999994,FREE,,,
sell,49009,55.619,2242.696320628789,0.0,5m SELL signal,2011-04-18 11:35:00,1.5459198951721191,1.2999999999999996,FREE,-2020.6693848865466,56.52,48947.0
buy,49028,55.6001,2243.4586746616037,0.0,5m BUY signal,2011-04-18 13:10:00,5.014739036560059,1.7999999999999994,FREE,,,
sell,49036,55.85,2243.4586746616037,0.0,5m SELL signal,2011-04-18 13:50:00,1.5962011814117432,1.2999999999999996,FREE,560.6403227979432,55.6001,49028.0
buy,49720,58.64,2136.718400065665,0.0,5m BUY signal,2011-04-26 07:25:00,2.066307544708252,1.0499999999999996,FREE,,,
sell,49757,58.82,2136.718400065665,0.0,5m SELL signal,2011-04-26 10:40:00,2.9806089401245117,2.499999999999999,FREE,384.60931201181904,58.64,49720.0
buy,49822,58.67,2142.181290128897,0.0,5m BUY signal,2011-04-26 16:05:00,1.7076945304870605,1.0499999999999996,FREE,,,
sell,49857,58.94,2142.181290128897,0.0,5m SELL signal,2011-04-27 06:40:00,3.77274227142334,2.499999999999999,FREE,578.3889483347938,58.67,49822.0
buy,49888,58.88,2144.3642194326967,0.0,5m BUY signal,2011-04-27 09:35:00,1.8181501626968384,1.0499999999999996,FREE,,,
sell,49905,58.77,2144.3642194326967,0.0,5m SELL signal,2011-04-27 11:00:00,2.967400074005127,2.499999999999999,FREE,-235.8800641375954,58.88,49888.0
buy,49924,58.9,2139.631327267565,0.0,5m BUY signal,2011-04-27 12:35:00,2.5122554302215576,1.0499999999999996,FREE,,,
sell,49925,58.88,2139.631327267565,0.0,5m SELL signal,2011-04-27 12:40:00,4.077231407165527,2.499999999999999,FREE,-42.79262654534279,58.9,49924.0
buy,49974,59.21,2127.7063426703976,0.0,5m BUY signal,2011-04-27 16:45:00,2.593623638153076,1.0499999999999996,FREE,,,
sell,50101,59.07,2127.7063426703976,0.0,5m SELL signal,2011-04-28 16:05:00,3.1980230808258057,2.499999999999999,FREE,-297.8788879738569,59.21,49974.0
buy,50114,58.96,2131.6759440559767,0.0,5m BUY signal,2011-04-28 17:10:00,2.644927740097046,-0.5,FREE,,,
sell,50175,59.13,2131.6759440559767,0.0,5m SELL signal,2011-04-29 09:40:00,4.421474933624268,-0.5,FREE,362.38491048951965,58.96,50114.0
buy,50570,58.71,2146.925542020608,0.0,5m BUY signal,2011-05-04 04:00:00,1.2319371700286865,1.0999999999999996,FREE,,,
sell,50598,58.75,2146.925542020608,0.0,5m SELL signal,2011-05-04 09:00:00,0.8454217910766602,0.2999999999999998,FREE,85.8770216808225,58.71,50570.0
buy,50618,58.46,2157.5757029372344,0.0,5m BUY signal,2011-05-04 10:40:00,1.365276575088501,1.0999999999999996,FREE,,,
sell,50650,58.39,2157.5757029372344,0.0,5m SELL signal,2011-05-04 13:20:00,0.30080705881118774,0.2999999999999998,FREE,-151.030299205607,58.46,50618.0
buy,50765,58.471,2154.5868087514345,0.0,5m BUY signal,2011-05-05 11:15:00,1.4014261960983276,1.3999999999999995,FREE,,,
sell,50769,58.7293,2154.5868087514345,0.0,5m SELL signal,2011-05-05 11:35:00,1.739695429801941,0.5499999999999998,FREE,556.5297727005075,58.471,50765.0
buy,50809,58.55,2161.184885861753,0.0,5m BUY signal,2011-05-05 14:55:00,1.4272513389587402,1.3999999999999995,FREE,,,
sell,50822,58.41,2161.184885861753,0.0,5m SELL signal,2011-05-05 16:00:00,0.7709832787513733,0.5499999999999998,FREE,-302.56588402064665,58.55,50809.0
buy,51050,58.47,2158.967148677698,0.0,5m BUY signal,2011-05-09 10:20:00,1.4594570398330688,-0.5,FREE,,,
sell,51061,58.57,2158.967148677698,0.0,5m SELL signal,2011-05-09 11:15:00,1.209580659866333,1.1499999999999997,FREE,215.89671486777286,58.47,51050.0
buy,51066,58.49,2161.9200871611006,0.0,5m BUY signal,2011-05-09 11:40:00,1.4897468090057373,-0.5,FREE,,,
sell,51068,58.67,2161.9200871611006,0.0,5m SELL signal,2011-05-09 11:50:00,1.2756460905075073,1.1499999999999997,FREE,389.1456156889975,58.49,51066.0
buy,51080,58.8,2157.140331866357,0.0,5m BUY signal,2011-05-09 12:50:00,1.5974615812301636,-0.5,FREE,,,
sell,51148,58.98,2157.140331866357,0.0,5m SELL signal,2011-05-10 07:00:00,2.523350954055786,1.9999999999999996,FREE,388.28525973594367,58.8,51080.0
buy,51165,58.91,2159.7035609145773,0.0,5m BUY signal,2011-05-10 08:45:00,0.6211873292922974,0.4999999999999998,FREE,,,
sell,51179,59.08,2159.7035609145773,0.0,5m SELL signal,2011-05-10 09:55:00,2.571904182434082,1.9999999999999996,FREE,367.1496053554818,58.91,51165.0
buy,51188,58.945,2164.649866465913,0.0,5m BUY signal,2011-05-10 10:40:00,0.8335615992546082,0.4999999999999998,FREE,,,
sell,51235,59.105,2164.649866465913,0.0,5m SELL signal,2011-05-10 14:35:00,2.565314769744873,1.9999999999999996,FREE,346.3439786345387,58.945,51188.0
buy,51256,59.13,2163.734658506135,0.0,5m BUY signal,2011-05-10 16:20:00,0.5975886583328247,0.4999999999999998,FREE,,,
sell,51279,59.3,2163.734658506135,0.0,5m SELL signal,2011-05-10 18:50:00,2.098994255065918,1.9999999999999996,FREE,367.8348919460313,59.13,51256.0
buy,51317,59.12,2170.3224839210725,0.0,5m BUY signal,2011-05-11 09:35:00,0.17668655514717102,-0.5,FREE,,,
sell,51513,58.8601,2170.3224839210725,0.0,5m SELL signal,2011-05-12 12:55:00,2.1186609268188477,2.0999999999999996,FREE,-564.0668135710753,59.12,51317.0
buy,51642,58.41,2187.046711793233,0.0,5m BUY signal,2011-05-13 12:10:00,1.3749977350234985,1.2999999999999996,FREE,,,
sell,51975,57.405,2187.046711793233,0.0,5m SELL signal,2011-05-17 14:50:00,1.9177067279815674,-0.5,FREE,-2197.981945352189,58.41,51642.0
buy,52039,57.4,2187.2372210886856,0.0,5m BUY signal,2011-05-18 08:05:00,2.0236518383026123,1.6999999999999993,FREE,,,
sell,52050,57.48,2187.2372210886856,0.0,5m SELL signal,2011-05-18 09:00:00,1.509082317352295,1.4999999999999996,FREE,174.97897768709112,57.4,52039.0
buy,52313,58.06,2165.3874520871104,0.0,5m BUY signal,2011-05-20 07:10:00,1.5064263343811035,-0.5,FREE,,,
sell,52469,57.11,2165.3874520871104,0.0,5m SELL signal,2011-05-23 07:45:00,2.1048943996429443,1.7499999999999996,FREE,-2057.118079482761,58.06,52313.0
buy,52499,56.671,2182.1615533287727,0.0,5m BUY signal,2011-05-23 10:15:00,3.0069637298583984,1.6999999999999993,FREE,,,
sell,52606,57.01,2182.1615533287727,0.0,ADAPTIVE_FORCE_SELL->first acceptable 5m signal,2011-05-24 06:05:00,1.8202046155929565,-0.5,FORCE_SELL,739.752766578451,56.671,52499.0
buy,52768,56.49,2202.2487193356933,0.0,5m BUY signal,2011-05-25 08:30:00,2.2476699352264404,2.1999999999999993,FREE,,,
sell,52782,56.6,2202.2487193356933,0.0,5m SELL signal,2011-05-25 09:40:00,1.2762186527252197,1.0999999999999996,FREE,242.247359126925,56.49,52768.0
buy,52824,56.81,2194.108035810601,0.0,5m BUY signal,2011-05-25 13:10:00,2.2599947452545166,2.1999999999999993,FREE,,,
sell,52846,56.94,2194.108035810601,0.0,5m SELL signal,2011-05-25 15:00:00,1.8268095254898071,1.0999999999999996,FREE,285.23404465536817,56.81,52824.0
buy,52865,56.74,2201.8419379459924,0.0,5m BUY signal,2011-05-25 16:35:00,2.4749348163604736,2.1999999999999993,FREE,,,
sell,52875,56.78,2201.8419379459924,0.0,5m SELL signal,2011-05-25 18:00:00,1.6229263544082642,1.0999999999999996,FREE,88.07367751783782,56.74,52865.0
buy,52907,56.62,2208.0640274915836,0.0,5m BUY signal,2011-05-26 09:25:00,2.481048107147217,2.4499999999999993,FREE,,,
sell,52912,56.82,2208.0640274915836,0.0,5m SELL signal,2011-05-26 09:50:00,1.5553933382034302,0.8999999999999997,FREE,441.612805498323,56.62,52907.0
buy,52925,56.74,2211.177265457733,0.0,5m BUY signal,2011-05-26 10:55:00,2.4701592922210693,2.4499999999999993,FREE,,,
sell,52931,56.91,2211.177265457733,0.0,5m SELL signal,2011-05-26 11:25:00,1.8779174089431763,0.8999999999999997,FREE,375.9001351278027,56.74,52925.0
buy,52989,57.18,2200.7362395452883,0.0,5m BUY signal,2011-05-26 16:25:00,3.0367228984832764,2.4499999999999993,FREE,,,
sell,53013,57.15,2200.7362395452883,0.0,5m SELL signal,2011-05-27 04:40:00,1.300500750541687,1.1999999999999997,FREE,-66.02208718636115,57.18,52989.0
buy,53205,57.7,2179.758684402309,0.0,5m BUY signal,2011-05-31 12:00:00,0.4975656270980835,-0.5,FREE,,,
sell,53210,57.8,2179.758684402309,0.0,5m SELL signal,2011-05-31 12:25:00,1.8698701858520508,1.5999999999999996,FREE,217.9758684402185,57.7,53205.0
buy,53292,58.34,2159.5826526988935,0.0,5m BUY signal,2011-05-31 19:55:00,0.801702618598938,-0.5,FREE,,,
sell,53485,57.26,2159.5826526988935,0.0,5m SELL signal,2011-06-02 09:55:00,1.5434709787368774,-0.5,FREE,-2332.3492649148166,58.34,53292.0
buy,53499,57.23,2160.7147072084335,0.0,5m BUY signal,2011-06-02 11:05:00,1.694637417793274,1.4499999999999995,FREE,,,
sell,53513,57.085,2160.7147072084335,0.0,5m SELL signal,2011-06-02 12:15:00,1.2416611909866333,-0.5,FREE,-313.30363254521427,57.23,53499.0
buy,53529,57.11,2159.7688506565123,0.0,5m BUY signal,2011-06-02 13:35:00,1.6260578632354736,1.4499999999999995,FREE,,,
sell,53534,57.24,2159.7688506565123,0.0,5m SELL signal,2011-06-02 14:00:00,1.6697824001312256,-0.5,FREE,280.76995058535215,57.11,53529.0
buy,53553,57.225,2160.3349761743775,0.0,5m BUY signal,2011-06-02 15:35:00,1.6639724969863892,1.4499999999999995,FREE,,,
sell,53598,57.0,2160.3349761743775,0.0,5m SELL signal,2011-06-03 07:40:00,1.6244741678237915,1.1499999999999997,FREE,-486.07536963923803,57.225,53553.0
buy,53686,56.4495,2181.4027341595497,0.0,5m BUY signal,2011-06-03 15:00:00,2.396350145339966,1.5499999999999994,FREE,,,
sell,53786,56.45,2181.4027341595497,0.0,5m SELL signal,2011-06-06 11:10:00,1.8585063219070435,1.1999999999999997,FREE,1.0907013670849828,56.4495,53686.0
buy,53796,56.3538,2185.1265459171623,0.0,5m BUY signal,2011-06-06 12:00:00,3.1644489765167236,1.4499999999999995,FREE,,,
sell,53883,56.15,2185.1265459171623,0.0,5m SELL signal,2011-06-06 19:55:00,1.4876030683517456,1.1999999999999997,FREE,-445.32879005792006,56.3538,53796.0
buy,53915,56.07,2188.244258128209,0.0,5m BUY signal,2011-06-07 09:30:00,3.4268698692321777,-0.5,FREE,,,
sell,53923,56.11,2188.244258128209,0.0,5m SELL signal,2011-06-07 10:10:00,1.701490879058838,1.6999999999999993,FREE,87.52977032512649,56.07,53915.0
buy,53938,55.97,2193.717801028655,0.0,5m BUY signal,2011-06-07 11:25:00,3.7093331813812256,-0.5,FREE,,,
sell,53958,56.075,2193.717801028655,0.0,5m SELL signal,2011-06-07 13:05:00,1.7558881044387817,1.6999999999999993,FREE,230.34036910801748,55.97,53938.0
buy,53966,56.02,2195.8715760921423,0.0,5m BUY signal,2011-06-07 13:45:00,3.5077192783355713,-0.5,FREE,,,
sell,54066,55.69,2195.8715760921423,0.0,5m SELL signal,2011-06-08 09:40:00,1.8890248537063599,1.3999999999999995,FREE,-724.6376201104188,56.02,53966.0
buy,54112,55.46,2204.978147720364,0.0,5m BUY signal,2011-06-08 13:30:00,5.209749698638916,-0.5,FREE,,,
sell,54124,55.4415,2204.978147720364,0.0,5m SELL signal,2011-06-08 14:30:00,1.5766005516052246,1.3999999999999995,FREE,-40.7920957328335,55.46,54112.0
buy,54133,55.34,2209.022334239945,0.0,5m BUY signal,2011-06-08 15:15:00,5.161709308624268,-0.5,FREE,,,
sell,54222,55.48,2209.022334239945,0.0,5m SELL signal,2011-06-09 10:10:00,1.4862407445907593,-0.5,FREE,309.26312679357784,55.34,54133.0
buy,54237,55.45,2210.2174770718148,0.0,5m BUY signal,2011-06-09 11:25:00,4.682943344116211,-0.5,FREE,,,
sell,54242,55.53,2210.2174770718148,0.0,5m SELL signal,2011-06-09 11:50:00,1.5072487592697144,-0.5,FREE,176.81739816574142,55.45,54237.0
buy,54251,55.555,2209.2228692610543,0.0,5m BUY signal,2011-06-09 12:35:00,5.064845561981201,-0.5,FREE,,,
sell,54258,55.635,2209.2228692610543,0.0,5m SELL signal,2011-06-09 13:10:00,1.3643590211868286,-0.5,FREE,176.73782954088057,55.555,54251.0
buy,54356,55.21,2226.229203610555,0.0,5m BUY signal,2011-06-10 09:00:00,5.392544269561768,-0.5,FREE,,,
sell,54556,54.62,2226.229203610555,0.0,ADAPTIVE_FORCE_SELL->first acceptable 5m signal,2011-06-13 13:25:00,1.5921822786331177,1.3999999999999995,FORCE_SELL,-1313.475230130235,55.21,54356.0
buy,54961,54.32,2238.524283895591,0.0,5m BUY signal,2011-06-16 09:35:00,1.404261589050293,1.2499999999999996,FREE,,,
sell,54976,54.43,2238.524283895591,0.0,5m SELL signal,2011-06-16 10:50:00,2.3523595333099365,2.349999999999999,FREE,246.23767122851373,54.32,54961.0
buy,54989,54.35,2241.819259842447,0.0,5m BUY signal,2011-06-16 11:55:00,1.3530396223068237,1.2499999999999996,FREE,,,
sell,55096,54.43,2241.819259842447,0.0,ADAPTIVE_FORCE_SELL->first acceptable 5m signal,2011-06-17 07:50:00,2.3713927268981934,-0.5,FORCE_SELL,179.34554078739194,54.35,54989.0
buy,55226,53.5,2280.789202116344,0.0,5m BUY signal,2011-06-20 04:00:00,1.792485237121582,0.7999999999999998,FREE,,,
sell,55231,53.67,2280.789202116344,0.0,5m SELL signal,2011-06-20 06:10:00,1.6079883575439453,-0.5,FREE,387.73416435978237,53.5,55226.0
buy,55242,53.57,2285.0467888292733,0.0,5m BUY signal,2011-06-20 07:40:00,1.0801525115966797,0.7999999999999998,FREE,,,
sell,55287,53.8901,2285.0467888292733,0.0,5m SELL signal,2011-06-20 11:30:00,2.1623520851135254,-0.5,FREE,731.4434771042423,53.57,55242.0
buy,55332,54.0,2280.396295457193,0.0,5m BUY signal,2011-06-20 15:15:00,0.9124976396560669,0.7999999999999998,FREE,,,
sell,55362,54.15,2280.396295457193,0.0,5m SELL signal,2011-06-20 19:20:00,1.9686083793640137,-0.5,FREE,342.0594443185757,54.0,55332.0
buy,55385,54.27,2275.3539598121797,0.0,5m BUY signal,2011-06-21 08:40:00,1.183889627456665,0.7999999999999998,FREE,,,
sell,55400,54.47,2275.3539598121797,0.0,5m SELL signal,2011-06-21 09:55:00,2.5891053676605225,-0.5,FREE,455.07079196242626,54.27,55385.0
buy,56382,56.055,2211.016505056987,0.0,5m BUY signal,2011-06-29 14:20:00,1.64111328125,1.5999999999999996,FREE,,,
sell,56390,56.16,2211.016505056987,0.0,5m SELL signal,2011-06-29 15:00:00,2.1246068477630615,-0.5,FREE,232.15673303097674,56.055,56382.0
buy,56561,56.97,2179.580251430584,0.0,5m BUY signal,2011-06-30 17:30:00,1.2614264488220215,1.2499999999999996,FREE,,,
sell,56584,57.06,2179.580251430584,0.0,5m SELL signal,2011-07-01 06:10:00,2.895948886871338,2.4499999999999993,FREE,196.16222262876002,56.97,56561.0
buy,56702,57.79,2152.0479174014386,0.0,5m BUY signal,2011-07-01 16:50:00,1.1411187648773193,0.7999999999999998,FREE,,,
sell,56712,57.82,2152.0479174014386,0.0,5m SELL signal,2011-07-01 18:10:00,3.028729200363159,2.4499999999999993,FREE,64.56143752204561,57.79,56702.0
buy,56888,58.05,2143.5212848260326,0.0,5m BUY signal,2011-07-06 07:10:00,1.3822442293167114,0.7999999999999998,FREE,,,
sell,57027,58.55,2143.5212848260326,0.0,5m SELL signal,2011-07-07 05:05:00,2.1718292236328125,2.0499999999999994,FREE,1071.7606424130163,58.05,56888.0
buy,57107,59.165,2121.2401120014233,0.0,5m BUY signal,2011-07-07 13:55:00,1.5192779302597046,-0.5,FREE,,,
sell,57112,59.28,2121.2401120014233,0.0,5m SELL signal,2011-07-07 14:20:00,3.1307575702667236,2.0499999999999994,FREE,243.9426128801679,59.165,57107.0
buy,57327,58.63,2144.757186413856,0.0,5m BUY signal,2011-07-11 06:15:00,1.6750826835632324,-0.5,FREE,,,
sell,57341,58.59,2144.757186413856,0.0,5m SELL signal,2011-07-11 07:30:00,2.3340611457824707,1.9999999999999996,FREE,-85.7902874565524,58.63,57327.0
buy,57345,58.47,2149.1589456471324,0.0,5m BUY signal,2011-07-11 07:50:00,1.7756015062332153,-0.5,FREE,,,
sell,57584,57.96,2149.1589456471324,0.0,ADAPTIVE_FORCE_SELL->first acceptable 5m signal,2011-07-12 14:10:00,1.0832464694976807,-0.5,FORCE_SELL,-1096.0710622800332,58.47,57345.0
buy,58110,57.38,2170.882755136072,0.0,5m BUY signal,2011-07-18 06:15:00,3.0928759574890137,2.349999999999999,FREE,,,
sell,58196,57.31,2170.882755136072,0.0,5m SELL signal,2011-07-18 13:50:00,1.2619706392288208,-0.5,FREE,-151.96179285952564,57.38,58110.0
buy,58619,58.51,2126.3594376490905,0.0,5m BUY signal,2011-07-21 09:30:00,1.3399447202682495,1.1999999999999997,FREE,,,
sell,58626,58.99,2126.3594376490905,0.0,5m SELL signal,2011-07-21 10:05:00,3.9797704219818115,-0.5,FREE,1020.652530071572,58.51,58619.0
buy,58646,58.83,2132.1424991827275,0.0,5m BUY signal,2011-07-21 11:45:00,1.2495001554489136,1.1999999999999997,FREE,,,
sell,58656,59.0,2132.1424991827275,0.0,5m SELL signal,2011-07-21 12:35:00,3.1315643787384033,-0.5,FREE,362.4642248610673,58.83,58646.0
buy,58760,58.93,2134.6751646322914,0.0,5m BUY signal,2011-07-22 08:45:00,1.208077073097229,0.6999999999999997,FREE,,,
sell,58769,59.14,2134.6751646322914,0.0,5m SELL signal,2011-07-22 09:30:00,3.766740560531616,-0.5,FREE,448.281784572783,58.93,58760.0
buy,58778,59.03,2138.6530448306576,0.0,5m BUY signal,2011-07-22 10:15:00,1.0052704811096191,0.6999999999999997,FREE,,,
sell,58786,59.17,2138.6530448306576,0.0,5m SELL signal,2011-07-22 10:55:00,3.7898213863372803,-0.5,FREE,299.4114262762933,59.03,58778.0
buy,58897,59.25,2135.7654120275106,0.0,5m BUY signal,2011-07-25 06:35:00,0.6613775491714478,-0.5,FREE,,,
sell,58904,59.34,2135.7654120275106,0.0,5m SELL signal,2011-07-25 07:15:00,3.647538661956787,-0.5,FREE,192.21888708248323,59.25,58897.0
buy,58920,59.27,2138.2878277326213,0.0,5m BUY signal,2011-07-25 08:35:00,0.41310983896255493,-0.5,FREE,,,
sell,58937,59.3725,2138.2878277326213,0.0,5m SELL signal,2011-07-25 10:00:00,3.422788381576538,-0.5,FREE,219.17450234259186,59.27,58920.0
buy,58981,59.6605,2127.9656397793356,0.0,5m BUY signal,2011-07-25 13:40:00,0.7125083208084106,-0.5,FREE,,,
sell,59134,59.791,2127.9656397793356,0.0,5m SELL signal,2011-07-26 14:10:00,2.63832426071167,2.2499999999999996,FREE,277.69951599119867,59.6605,58981.0
buy,59145,59.725,2130.3171798751987,0.0,5m BUY signal,2011-07-26 15:05:00,1.344630479812622,1.2499999999999996,FREE,,,
sell,59239,58.67,2130.3171798751987,0.0,ADAPTIVE_FORCE_SELL->first acceptable 5m signal,2011-07-27 10:55:00,2.7791683673858643,2.3999999999999995,FORCE_SELL,-2247.484624768334,59.725,59145.0
buy,59413,58.71,2128.865762958234,0.0,5m BUY signal,2011-07-28 12:35:00,2.1807596683502197,1.7999999999999994,FREE,,,
sell,59420,58.82,2128.865762958234,0.0,5m SELL signal,2011-07-28 13:10:00,1.1654001474380493,-0.5,FREE,234.17523392540454,58.71,59413.0
buy,59436,58.45,2142.3419020907327,0.0,5m BUY signal,2011-07-28 14:30:00,1.8770431280136108,1.7999999999999994,FREE,,,
sell,59460,58.34,2142.3419020907327,0.0,5m SELL signal,2011-07-28 16:35:00,2.1172609329223633,-0.5,FREE,-235.65760922997939,58.45,59436.0
buy,59470,58.16,2148.9722587340675,0.0,5m BUY signal,2011-07-28 17:30:00,1.941186547279358,1.7999999999999994,FREE,,,
sell,59515,58.08,2148.9722587340675,0.0,5m SELL signal,2011-07-29 08:20:00,2.2056453227996826,1.6999999999999993,FREE,-171.91778069872174,58.16,59470.0
buy,59530,57.64,2165.3766271213503,0.0,5m BUY signal,2011-07-29 09:35:00,2.476752996444702,1.5499999999999994,FREE,,,
sell,59651,58.58,2165.3766271213503,0.0,5m SELL signal,2011-08-01 04:00:00,1.5005608797073364,-0.5,FREE,2035.4540294940643,57.64,59530.0
buy,59677,58.62,2163.8990586279206,0.0,5m BUY signal,2011-08-01 07:40:00,1.8740882873535156,1.8499999999999996,FREE,,,
sell,59686,58.67,2163.8990586279206,0.0,5m SELL signal,2011-08-01 08:25:00,1.5123183727264404,-0.5,FREE,108.19495293140525,58.62,59677.0
buy,59705,57.57,2205.245054189684,0.0,5m BUY signal,2011-08-01 10:00:00,2.7766611576080322,1.8499999999999996,FREE,,,
sell,59739,57.29,2205.245054189684,0.0,5m SELL signal,2011-08-01 12:50:00,1.223681926727295,-0.5,FREE,-617.4686151731141,57.57,59705.0
buy,59758,57.16,2210.260482059605,0.0,5m BUY signal,2011-08-01 14:25:00,3.4271841049194336,1.8499999999999996,FREE,,,
sell,59763,57.43,2210.260482059605,0.0,5m SELL signal,2011-08-01 14:50:00,1.2696549892425537,-0.5,FREE,596.7703301561002,57.16,59758.0
buy,59988,56.47,2247.835301658989,0.0,5m BUY signal,2011-08-03 07:20:00,3.5745530128479004,2.3999999999999995,FREE,,,
sell,60062,56.4984,2247.835301658989,0.0,5m SELL signal,2011-08-03 13:30:00,1.2438007593154907,0.5999999999999996,FREE,63.83852256711025,56.47,59988.0
buy,60073,56.48,2248.5675992785095,0.0,5m BUY signal,2011-08-03 14:25:00,3.7510204315185547,2.3999999999999995,FREE,,,
sell,60080,56.701,2248.5675992785095,0.0,5m SELL signal,2011-08-03 15:00:00,1.2561501264572144,0.5999999999999996,FREE,496.9334394405588,56.48,60073.0
buy,60094,56.66,2250.194695494013,0.0,5m BUY signal,2011-08-03 16:10:00,3.985117197036743,2.3999999999999995,FREE,,,
sell,60117,56.7,2250.194695494013,0.0,5m SELL signal,2011-08-03 18:25:00,0.9843223094940186,0.5999999999999996,FREE,90.00778781977459,56.66,60094.0
buy,60136,56.38,2262.966286529098,0.0,5m BUY signal,2011-08-04 05:10:00,3.8228354454040527,-0.5,FREE,,,
sell,60355,54.39,2262.966286529098,0.0,ADAPTIVE_FORCE_SELL->first acceptable 5m signal,2011-08-05 10:20:00,2.047602415084839,1.0999999999999996,FORCE_SELL,-4503.30291019291,56.38,60136.0
buy,60654,49.62,2480.506576467506,0.0,5m BUY signal,2011-08-09 05:20:00,3.022538661956787,-0.5,FREE,,,
sell,60665,50.68,2480.506576467506,0.0,5m SELL signal,2011-08-09 06:45:00,11.045002937316895,-0.5,FREE,2629.336971055562,49.62,60654.0
buy,60677,50.69,2480.017228158872,0.0,5m BUY signal,2011-08-09 07:45:00,2.380388021469116,-0.5,FREE,,,
sell,60682,51.01,2480.017228158872,0.0,5m SELL signal,2011-08-09 08:10:00,10.001596450805664,-0.5,FREE,793.6055130108398,50.69,60677.0
buy,60716,51.76,2444.081893515921,0.0,5m BUY signal,2011-08-09 11:00:00,2.5985352993011475,-0.5,FREE,,,
sell,60722,52.03,2444.081893515921,0.0,5m SELL signal,2011-08-09 11:30:00,10.568923950195312,-0.5,FREE,659.9021112493062,51.76,60716.0
buy,62491,52.16,2437.9904317414375,0.0,5m BUY signal,2011-08-24 10:45:00,3.513775110244751,-0.5,FREE,,,
sell,62516,52.02,2437.9904317414375,0.0,5m SELL signal,2011-08-24 12:50:00,2.552983283996582,-0.5,FREE,-341.3186604437853,52.16,62491.0
buy,62556,52.62,2410.191224994101,0.0,5m BUY signal,2011-08-24 16:10:00,2.008040428161621,-0.5,FREE,,,
sell,62596,52.42,2410.191224994101,0.0,ADAPTIVE_FORCE_SELL->first acceptable 5m signal,2011-08-25 04:00:00,3.842519998550415,-0.5,FORCE_SELL,-482.03824499880994,52.62,62556.0
buy,63072,54.28,2327.6017688686584,0.0,5m BUY signal,2011-08-30 08:10:00,2.5789923667907715,2.1499999999999995,FREE,,,
sell,63089,54.51,2327.6017688686584,0.0,5m SELL signal,2011-08-30 09:35:00,10.923022270202637,-0.5,FREE,535.3484068397842,54.28,63072.0
buy,63126,54.66,2321.214277735649,0.0,5m BUY signal,2011-08-30 12:40:00,2.4208083152770996,2.1499999999999995,FREE,,,
sell,63147,55.08,2321.214277735649,0.0,5m SELL signal,2011-08-30 14:25:00,11.466337203979492,-0.5,FREE,974.9099966489765,54.66,63126.0
buy,63166,54.82,2332.223320278722,0.0,5m BUY signal,2011-08-30 16:00:00,2.4553821086883545,2.1499999999999995,FREE,,,
sell,63210,55.26,2332.223320278722,0.0,ADAPTIVE_FORCE_SELL->first acceptable 5m signal,2011-08-31 04:30:00,9.797801971435547,-0.5,FORCE_SELL,1026.1782609226323,54.82,63166.0
buy,63667,52.7,2445.515382895677,0.0,5m BUY signal,2011-09-06 04:05:00,2.762918710708618,2.499999999999999,FREE,,,
sell,63749,52.68,2445.515382895677,0.0,5m SELL signal,2011-09-06 13:20:00,2.3314013481140137,-0.5,FREE,-48.91030765792118,52.7,63667.0
buy,63772,52.67,2445.9796918728734,0.0,5m BUY signal,2011-09-06 15:15:00,2.7280566692352295,2.499999999999999,FREE,,,
sell,63777,52.99,2445.9796918728734,0.0,5m SELL signal,2011-09-06 15:40:00,1.828450322151184,-0.5,FREE,782.7135013993202,52.67,63772.0
buy,64274,52.4,2473.52030290732,0.0,5m BUY signal,2011-09-12 04:00:00,5.801403999328613,2.3999999999999995,FREE,,,
sell,64388,53.53,2473.52030290732,0.0,5m SELL signal,2011-09-12 15:40:00,1.9808576107025146,-0.5,FREE,2795.077942285278,52.4,64274.0
buy,68394,57.65,2296.748340236407,0.0,ADAPTIVE_FORCE_BUY->first acceptable 5m signal,2011-10-17 11:50:00,1.1445504426956177,0.6499999999999997,FORCE_BUY,,,
sell,68728,57.69,2296.748340236407,0.0,5m SELL signal,2011-10-19 12:35:00,2.4518961906433105,2.4499999999999993,FREE,91.86993360945432,57.65,68394.0
buy,68739,57.54,2302.7356925310796,0.0,5m BUY signal,2011-10-19 13:30:00,3.926578998565674,-0.5,FREE,,,
sell,68772,56.91,2302.7356925310796,0.0,5m SELL signal,2011-10-19 16:15:00,2.646411895751953,2.4499999999999993,FREE,-1450.723486294586,57.54,68739.0
buy,70372,56.28,2328.512584611651,0.0,5m BUY signal,2011-11-03 04:00:00,5.447537899017334,-0.5,FREE,,,
sell,70378,56.96,2328.512584611651,0.0,5m SELL signal,2011-11-03 05:50:00,2.704012632369995,1.7999999999999994,FREE,1583.388557535922,56.28,70372.0
buy,70390,56.84,2333.4285154729,0.0,5m BUY signal,2011-11-03 07:10:00,3.2560946941375732,-0.5,FREE,,,
sell,70398,57.08,2333.4285154729,0.0,5m SELL signal,2011-11-03 07:50:00,2.550989866256714,1.7999999999999994,FREE,560.0228437134841,56.84,70390.0
buy,70423,57.03,2335.4743058599533,0.0,5m BUY signal,2011-11-03 09:55:00,2.7149815559387207,-0.5,FREE,,,
sell,70430,57.12,2335.4743058599533,0.0,5m SELL signal,2011-11-03 10:30:00,2.403777599334717,1.7999999999999994,FREE,210.19268752738716,57.03,70423.0
buy,70447,57.41,2323.676926506193,0.0,5m BUY signal,2011-11-03 11:55:00,2.778093099594116,-0.5,FREE,,,
sell,70453,57.57,2323.676926506193,0.0,5m SELL signal,2011-11-03 12:25:00,3.03751277923584,1.7999999999999994,FREE,371.78830824099947,57.41,70447.0
buy,70696,57.11,2342.3932876722383,0.0,5m BUY signal,2011-11-07 05:00:00,4.31441593170166,2.1999999999999993,FREE,,,
sell,70702,57.41,2342.3932876722383,0.0,5m SELL signal,2011-11-07 05:55:00,3.0543901920318604,1.6999999999999993,FREE,702.7179863016648,57.11,70696.0
buy,70748,57.68,2331.428547941456,0.0,5m BUY signal,2011-11-07 10:15:00,3.332596778869629,2.1999999999999993,FREE,,,
sell,70770,57.5225,2331.428547941456,0.0,5m SELL signal,2011-11-07 12:05:00,3.032866954803467,1.6999999999999993,FREE,-367.1999963007767,57.68,70748.0
buy,70775,57.2,2344.5734029538885,0.0,5m BUY signal,2011-11-07 12:30:00,3.126431465148926,2.1999999999999993,FREE,,,
sell,70784,57.46,2344.5734029538885,0.0,5m SELL signal,2011-11-07 13:15:00,3.303474187850952,1.6999999999999993,FREE,609.5890847680064,57.2,70775.0
buy,70852,58.28,2311.5852390825403,0.0,5m BUY signal,2011-11-07 19:35:00,2.7669930458068848,2.1999999999999993,FREE,,,
sell,70857,58.59,2311.5852390825403,0.0,ADAPTIVE_FORCE_SELL->first acceptable 5m signal,2011-11-08 04:20:00,5.484969139099121,-0.5,FORCE_SELL,716.5914241155928,58.28,70852.0
buy,71013,58.07,2332.2848141526783,0.0,5m BUY signal,2011-11-09 04:30:00,1.9490394592285156,1.8999999999999995,FREE,,,
sell,71037,57.85,2332.2848141526783,0.0,5m SELL signal,2011-11-09 07:10:00,4.29946756362915,-0.5,FREE,-513.1026591135866,58.07,71013.0
buy,71067,57.7093,2337.9711155521286,0.0,5m BUY signal,2011-11-09 09:40:00,2.0198540687561035,1.8999999999999995,FREE,,,
sell,71084,57.615,2337.9711155521286,0.0,5m SELL signal,2011-11-09 11:05:00,3.6585333347320557,-0.5,FREE,-220.47067619655857,57.7093,71067.0
buy,71110,57.52,2341.8325073458955,0.0,5m BUY signal,2011-11-09 13:15:00,1.9787168502807617,1.8999999999999995,FREE,,,
sell,71135,56.98,2341.8325073458955,0.0,5m SELL signal,2011-11-09 15:20:00,3.869370460510254,-0.5,FREE,-1264.5895539667981,57.52,71110.0
buy,71139,56.7,2353.397112320443,0.0,5m BUY signal,2011-11-09 15:40:00,3.471036195755005,1.8999999999999995,FREE,,,
sell,71188,57.19,2353.397112320443,0.0,ADAPTIVE_FORCE_SELL->first acceptable 5m signal,2011-11-10 04:05:00,2.916811943054199,-0.5,FORCE_SELL,1153.164585037005,56.7,71139.0
buy,71825,58.03,2319.331050380943,0.0,5m BUY signal,2011-11-16 04:20:00,1.7267992496490479,1.6499999999999995,FREE,,,
sell,71889,58.04,2319.331050380943,0.0,5m SELL signal,2011-11-16 11:00:00,3.7265822887420654,-0.5,FREE,23.193310503804817,58.03,71825.0
buy,72007,56.68,2374.981901272229,0.0,5m BUY signal,2011-11-17 06:55:00,4.031435966491699,1.8499999999999996,FREE,,,
sell,72018,56.77,2374.981901272229,0.0,5m SELL signal,2011-11-17 07:50:00,2.81709885597229,-0.5,FREE,213.74837111450873,56.68,72007.0
buy,72024,56.69,2378.333436853492,0.0,5m BUY signal,2011-11-17 08:20:00,2.5990304946899414,1.8499999999999996,FREE,,,
sell,72026,56.88,2378.333436853492,0.0,5m SELL signal,2011-11-17 08:30:00,2.211905002593994,-0.5,FREE,451.883353002175,56.69,72024.0
buy,72039,56.77,2382.941798277728,0.0,5m BUY signal,2011-11-17 09:35:00,3.0656180381774902,1.8499999999999996,FREE,,,
sell,72051,56.79,2382.941798277728,0.0,5m SELL signal,2011-11-17 10:35:00,2.747044086456299,-0.5,FREE,47.65883596554508,56.77,72039.0
buy,72055,56.6,2390.941072865586,0.0,5m BUY signal,2011-11-17 10:55:00,3.280113458633423,1.8499999999999996,FREE,,,
sell,72064,56.62,2390.941072865586,0.0,5m SELL signal,2011-11-17 11:40:00,2.590013027191162,-0.5,FREE,47.818821457302214,56.6,72055.0
buy,72069,56.35,2402.397223525279,0.0,5m BUY signal,2011-11-17 12:05:00,3.3119149208068848,1.8499999999999996,FREE,,,
sell,72242,55.561,2402.397223525279,0.0,5m SELL signal,2011-11-18 12:35:00,2.804807424545288,2.1999999999999993,FREE,-1895.4914093614486,56.35,72069.0
buy,72264,55.58,2401.575965028572,0.0,5m BUY signal,2011-11-18 14:25:00,2.4880926609039307,1.5499999999999994,FREE,,,
sell,72475,54.35,2401.575965028572,0.0,5m SELL signal,2011-11-21 18:15:00,2.339608907699585,2.0499999999999994,FREE,-2953.9384369851364,55.58,72264.0
buy,72494,54.29,2404.2301289243487,0.0,5m BUY signal,2011-11-22 04:10:00,4.2104573249816895,-0.5,FREE,,,
sell,72532,54.49,2404.2301289243487,0.0,5m SELL signal,2011-11-22 09:35:00,3.5239620208740234,-0.5,FREE,480.8460257848766,54.29,72494.0
buy,72545,54.27,2413.976409159531,0.0,5m BUY signal,2011-11-22 10:40:00,3.803694486618042,-0.5,FREE,,,
sell,72561,54.285,2413.976409159531,0.0,5m SELL signal,2011-11-22 12:00:00,3.2647714614868164,-0.5,FREE,36.209646137377185,54.27,72545.0
buy,72584,54.51,2404.012279787656,0.0,5m BUY signal,2011-11-22 13:55:00,3.270031690597534,-0.5,FREE,,,
sell,72653,54.14,2404.012279787656,0.0,5m SELL signal,2011-11-23 06:10:00,3.636002540588379,-0.5,FREE,-889.4845435214266,54.51,72584.0
buy,72662,54.04,2408.4608591358938,0.0,5m BUY signal,2011-11-23 07:20:00,4.876284599304199,-0.5,FREE,,,
sell,72683,54.14,2408.4608591358938,0.0,5m SELL signal,2011-11-23 09:15:00,3.3654022216796875,-0.5,FREE,240.8460859135928,54.04,72662.0
buy,72688,53.93,2417.8392529875264,0.0,5m BUY signal,2011-11-23 09:40:00,4.975931644439697,-0.5,FREE,,,
sell,72716,53.635,2417.8392529875264,0.0,5m SELL signal,2011-11-23 12:00:00,4.697943210601807,-0.5,FREE,-713.2625796313245,53.93,72688.0
buy,72741,53.5,2423.940342691327,0.0,5m BUY signal,2011-11-23 14:05:00,3.012895107269287,-0.5,FREE,,,
sell,72838,52.96,2423.940342691327,0.0,ADAPTIVE_FORCE_SELL->first acceptable 5m signal,2011-11-25 08:55:00,2.6203601360321045,-0.5,FORCE_SELL,-1308.9277850533144,53.5,72741.0
buy,73815,57.24,2242.6953275494875,0.0,5m BUY signal,2011-12-05 13:50:00,2.315643072128296,2.1499999999999995,FREE,,,
sell,73979,57.16,2242.6953275494875,0.0,5m SELL signal,2011-12-06 14:35:00,2.0403099060058594,-0.5,FREE,-179.4156262039711,57.24,73815.0
buy,73995,57.07,2246.232082052369,0.0,5m BUY signal,2011-12-06 15:55:00,3.691641330718994,2.1499999999999995,FREE,,,
sell,74015,57.17,2246.232082052369,0.0,5m SELL signal,2011-12-06 18:15:00,2.184349298477173,-0.5,FREE,224.6232082052401,57.07,73995.0
buy,74033,57.32,2240.353945061653,0.0,5m BUY signal,2011-12-07 06:00:00,4.240438461303711,-0.5,FREE,,,
sell,74083,56.62,2240.353945061653,0.0,5m SELL signal,2011-12-07 11:00:00,2.815666675567627,1.7999999999999994,FREE,-1568.2477615431635,57.32,74033.0
buy,74200,56.64,2239.562859629075,0.0,5m BUY signal,2011-12-08 09:05:00,5.015485763549805,-0.5,FREE,,,
sell,74208,57.05,2239.562859629075,0.0,5m SELL signal,2011-12-08 09:45:00,3.0612261295318604,2.2999999999999994,FREE,918.2207724479131,56.64,74200.0
buy,74214,56.64,2255.7743845663613,0.0,5m BUY signal,2011-12-08 10:15:00,4.6459879875183105,-0.5,FREE,,,
sell,74221,56.91,2255.7743845663613,0.0,5m SELL signal,2011-12-08 10:50:00,2.9174821376800537,2.2999999999999994,FREE,609.0590838329085,56.64,74214.0
buy,74225,56.62,2267.3281565819784,0.0,5m BUY signal,2011-12-08 11:10:00,4.086301803588867,-0.5,FREE,,,
sell,74238,56.77,2267.3281565819784,0.0,5m SELL signal,2011-12-08 12:15:00,3.022947072982788,2.2999999999999994,FREE,340.09922348730964,56.62,74225.0
buy,74247,56.511,2277.7197262331033,0.0,5m BUY signal,2011-12-08 13:00:00,5.11955451965332,-0.5,FREE,,,
sell,74262,56.525,2277.7197262331033,0.0,5m SELL signal,2011-12-08 14:15:00,2.748544931411743,2.2999999999999994,FREE,31.888076167253864,56.511,74247.0
buy,74267,56.35,2284.7933899791688,0.0,5m BUY signal,2011-12-08 14:40:00,4.53170108795166,-0.5,FREE,,,
sell,74371,56.7,2284.7933899791688,0.0,5m SELL signal,2011-12-09 10:10:00,2.5169568061828613,-0.5,FREE,799.6776864927123,56.35,74267.0
buy,74376,56.49,2293.2870457039985,0.0,5m BUY signal,2011-12-09 10:35:00,4.084588527679443,-0.5,FREE,,,
sell,74382,56.86,2293.2870457039985,0.0,5m SELL signal,2011-12-09 11:05:00,2.091139554977417,-0.5,FREE,848.5162069104736,56.49,74376.0
buy,74421,56.99,2288.055824157385,0.0,5m BUY signal,2011-12-09 14:20:00,4.0800909996032715,-0.5,FREE,,,
sell,74422,57.09,2288.055824157385,0.0,5m SELL signal,2011-12-09 14:25:00,1.6933159828186035,-0.5,FREE,228.80558241574175,56.99,74421.0
buy,74433,57.0604,2289.2427498080124,0.0,5m BUY signal,2011-12-09 15:20:00,4.231253147125244,-0.5,FREE,,,
sell,74490,56.77,2289.2427498080124,0.0,5m SELL signal,2011-12-12 06:15:00,2.4860610961914062,2.0499999999999994,FREE,-664.7960945442427,57.0604,74433.0
buy,74515,56.66,2293.6870968337607,0.0,5m BUY signal,2011-12-12 08:40:00,4.2610955238342285,-0.5,FREE,,,
sell,74596,56.22,2293.6870968337607,0.0,5m SELL signal,2011-12-12 15:25:00,2.191715717315674,2.0499999999999994,FREE,-1009.2223226068495,56.66,74515.0
buy,74694,56.48,2283.1283389517357,0.0,5m BUY signal,2011-12-13 10:40:00,2.448418140411377,2.349999999999999,FREE,,,
sell,74709,56.46,2283.1283389517357,0.0,5m SELL signal,2011-12-13 11:55:00,2.4168853759765625,2.349999999999999,FREE,-45.66256677902563,56.48,74694.0
buy,74741,56.04,2300.239579179425,0.0,5m BUY signal,2011-12-13 14:35:00,2.3536670207977295,2.349999999999999,FREE,,,
sell,74946,55.15,2300.239579179425,0.0,ADAPTIVE_FORCE_SELL->first acceptable 5m signal,2011-12-15 05:45:00,2.1345362663269043,-0.5,FORCE_SELL,-2047.2132254696896,56.04,74741.0
buy,75288,55.12,2301.4915237979917,0.0,5m BUY signal,2011-12-19 08:00:00,3.162395477294922,2.1999999999999993,FREE,,,
sell,75292,55.2,2301.4915237979917,0.0,5m SELL signal,2011-12-19 08:20:00,2.570977210998535,-0.5,FREE,184.11932190385176,55.12,75288.0
buy,75300,55.13,2304.4137876591535,0.0,5m BUY signal,2011-12-19 09:00:00,2.65240478515625,2.1999999999999993,FREE,,,
sell,75318,55.1282,2304.4137876591535,0.0,5m SELL signal,2011-12-19 10:30:00,3.859980583190918,-0.5,FREE,-4.147944817793183,55.13,75300.0
buy,75323,54.8,2318.2150395772146,0.0,5m BUY signal,2011-12-19 10:55:00,3.5962939262390137,2.1999999999999993,FREE,,,
sell,75341,54.78,2318.2150395772146,0.0,5m SELL signal,2011-12-19 12:25:00,2.128728151321411,-0.5,FREE,-46.364300791535065,54.8,75323.0
buy,75350,54.6699,2322.88370507427,0.0,5m BUY signal,2011-12-19 13:10:00,4.817817687988281,2.1999999999999993,FREE,,,
sell,75450,55.02,2322.88370507427,0.0,5m SELL signal,2011-12-20 08:45:00,3.2133259773254395,-0.5,FREE,813.241585146513,54.6699,75350.0
buy,75626,55.05,2321.6178283957556,0.0,5m BUY signal,2011-12-21 09:40:00,2.34489107131958,-0.5,FREE,,,
sell,75686,54.81,2321.6178283957556,0.0,5m SELL signal,2011-12-21 14:40:00,2.7641713619232178,-0.5,FREE,-557.1882788149695,55.05,75626.0
buy,76189,56.095,2268.435211237568,0.0,5m BUY signal,2011-12-28 09:30:00,2.452962875366211,2.349999999999999,FREE,,,
sell,76268,55.58,2268.435211237568,0.0,5m SELL signal,2011-12-28 16:05:00,3.1529698371887207,2.1499999999999995,FREE,-1168.2441337873488,56.095,76189.0
buy,76378,55.82,2258.681996427518,0.0,ADAPTIVE_FORCE_BUY->first acceptable 5m signal,2011-12-29 12:30:00,2.321514368057251,2.2999999999999994,FORCE_BUY,,,
sell,76456,55.99,2258.681996427518,0.0,5m SELL signal,2011-12-30 08:05:00,3.2554409503936768,2.4499999999999993,FREE,383.9759393926819,55.82,76378.0
buy,76530,55.89,2262.723295401265,0.0,5m BUY signal,2011-12-30 14:20:00,2.84175705909729,1.9999999999999996,FREE,,,
sell,76618,57.02,2262.723295401265,0.0,5m SELL signal,2012-01-03 09:30:00,2.8506855964660645,2.499999999999999,FREE,2556.8773238034355,55.89,76530.0
buy,76645,57.0,2263.517233399652,0.0,5m BUY signal,2012-01-03 11:45:00,2.2890169620513916,-0.5,FREE,,,
sell,76673,56.97,2263.517233399652,0.0,5m SELL signal,2012-01-03 14:05:00,2.5709035396575928,2.499999999999999,FREE,-67.90551700199214,57.0,76645.0
buy,76695,56.9,2266.3018767447834,0.0,5m BUY signal,2012-01-03 15:55:00,2.4186487197875977,-0.5,FREE,,,
sell,77010,57.55,2266.3018767447834,0.0,5m SELL signal,2012-01-06 05:40:00,2.10143780708313,1.7999999999999994,FREE,1473.096219884106,56.9,76695.0
buy,77356,58.11,2244.4617622898345,0.0,5m BUY signal,2012-01-10 12:00:00,1.6456022262573242,-0.5,FREE,,,
sell,77376,58.11,2244.4617622898345,0.0,5m SELL signal,2012-01-10 13:40:00,4.786263942718506,2.2999999999999994,FREE,0.0,58.11,77356.0
buy,77397,58.07,2246.0078010446405,0.0,5m BUY signal,2012-01-10 15:25:00,1.8035639524459839,-0.5,FREE,,,
sell,77414,57.95,2246.0078010446405,0.0,5m SELL signal,2012-01-10 16:55:00,4.773271560668945,2.2999999999999994,FREE,-269.5209361253511,58.07,77397.0
buy,77437,57.84,2250.279254331551,0.0,5m BUY signal,2012-01-10 19:10:00,2.1015536785125732,-0.5,FREE,,,
sell,77475,57.97,2250.279254331551,0.0,5m SELL signal,2012-01-11 09:35:00,4.060457229614258,-0.5,FREE,292.5363030630914,57.84,77437.0
buy,77613,58.25,2239.462461349356,0.0,5m BUY signal,2012-01-12 08:40:00,2.205777645111084,1.9999999999999996,FREE,,,
sell,77683,58.35,2239.462461349356,0.0,5m SELL signal,2012-01-12 14:30:00,4.44310998916626,-0.5,FREE,223.9462461349388,58.25,77613.0
buy,77746,58.37,2238.6951279721593,0.0,ADAPTIVE_FORCE_BUY->first acceptable 5m signal,2012-01-13 07:55:00,1.3277630805969238,-0.5,FORCE_BUY,,,
sell,77868,58.83,2238.6951279721593,0.0,5m SELL signal,2012-01-17 04:00:00,5.423920154571533,-0.5,FREE,1029.7997588671951,58.37,77746.0
buy,77973,58.57,2248.632992634491,0.0,5m BUY signal,2012-01-17 15:05:00,1.875807523727417,1.3999999999999995,FREE,,,
sell,77986,58.7,2248.632992634491,0.0,5m SELL signal,2012-01-17 16:10:00,4.502170562744141,-0.5,FREE,292.3222890424896,58.57,77973.0
buy,78055,58.79,2245.190622004501,0.0,ADAPTIVE_FORCE_BUY->first acceptable 5m signal,2012-01-18 09:00:00,2.2548019886016846,1.3999999999999995,FORCE_BUY,,,
sell,78180,59.57,2245.190622004501,0.0,5m SELL signal,2012-01-19 05:45:00,2.0797533988952637,-0.5,FREE,1751.2486851635135,58.79,78055.0
buy,78276,59.84,2235.060249879815,0.0,5m BUY signal,2012-01-19 14:35:00,1.533596158027649,1.3999999999999995,FREE,,,
sell,78467,59.84,2235.060249879815,0.0,5m SELL signal,2012-01-20 17:30:00,2.7371327877044678,2.4499999999999993,FREE,0.0,59.84,78276.0
buy,78481,59.66,2241.8036431915543,0.0,5m BUY signal,2012-01-23 04:00:00,2.2856695652008057,-0.5,FREE,,,
sell,78523,60.04,2241.8036431915543,0.0,5m SELL signal,2012-01-23 09:55:00,2.6187174320220947,2.4499999999999993,FREE,851.8853844127964,59.66,78481.0
buy,78537,59.83,2249.672250329616,0.0,5m BUY signal,2012-01-23 11:05:00,1.0557528734207153,-0.5,FREE,,,
sell,78566,59.69,2249.672250329616,0.0,5m SELL signal,2012-01-23 13:30:00,2.4987125396728516,2.4499999999999993,FREE,-314.95411504614754,59.83,78537.0
buy,78582,59.6,2253.0694064123286,0.0,5m BUY signal,2012-01-23 14:50:00,1.0466617345809937,-0.5,FREE,,,
sell,78592,59.79,2253.0694064123286,0.0,5m SELL signal,2012-01-23 15:40:00,2.759131669998169,2.4499999999999993,FREE,428.0831872183373,59.6,78582.0
buy,78604,59.78,2253.4462999229363,0.0,5m BUY signal,2012-01-23 16:40:00,0.8673053979873657,-0.5,FREE,,,
sell,78619,59.81,2253.4462999229363,0.0,5m SELL signal,2012-01-23 18:55:00,2.771965742111206,2.4499999999999993,FREE,67.60338899769066,59.78,78604.0
buy,78624,59.77,2254.954378423805,0.0,5m BUY signal,2012-01-23 19:35:00,1.0697269439697266,-0.5,FREE,,,
sell,78680,59.709,2254.954378423805,0.0,5m SELL signal,2012-01-24 10:35:00,2.0550003051757812,0.9999999999999996,FREE,-137.55221708385196,59.77,78624.0
buy,78695,59.68,2256.0501169790045,0.0,5m BUY signal,2012-01-24 11:50:00,2.6207969188690186,2.499999999999999,FREE,,,
sell,78724,59.6807,2256.0501169790045,0.0,5m SELL signal,2012-01-24 14:15:00,1.7759772539138794,0.9999999999999996,FREE,1.5792350818896377,59.68,78695.0
buy,78741,59.56,2260.622065419558,0.0,5m BUY signal,2012-01-24 15:40:00,2.7408339977264404,2.499999999999999,FREE,,,
sell,78754,60.53,2260.622065419558,0.0,5m SELL signal,2012-01-24 16:45:00,2.2943055629730225,0.9999999999999996,FREE,2192.8034034569687,59.56,78741.0
buy,78792,60.26,2270.750972782042,0.0,5m BUY signal,2012-01-25 04:20:00,3.2350270748138428,2.349999999999999,FREE,,,
sell,78815,60.16,2270.750972782042,0.0,5m SELL signal,2012-01-25 06:55:00,1.1440362930297852,-0.5,FREE,-227.07509727820744,60.26,78792.0
buy,78851,59.965,2278.135220921665,0.0,5m BUY signal,2012-01-25 09:55:00,2.8974812030792236,2.349999999999999,FREE,,,
sell,78863,60.02,2278.135220921665,0.0,5m SELL signal,2012-01-25 10:55:00,1.0281438827514648,-0.5,FREE,125.29743715069094,59.965,78851.0
buy,78903,60.37,2264.9275461275197,0.0,5m BUY signal,2012-01-25 14:15:00,2.7296459674835205,2.349999999999999,FREE,,,
sell,78919,60.48,2264.9275461275197,0.0,5m SELL signal,2012-01-25 15:35:00,1.7927395105361938,-0.5,FREE,249.14203007402588,60.37,78903.0
buy,78931,60.374,2268.9041307482094,0.0,5m BUY signal,2012-01-25 16:35:00,2.431367874145508,2.349999999999999,FREE,,,
sell,78957,60.53,2268.9041307482094,0.0,5m SELL signal,2012-01-26 05:05:00,1.1050888299942017,0.5499999999999998,FREE,353.94904439671797,60.374,78931.0
buy,79009,60.55,2268.1546991608443,0.0,5m BUY signal,2012-01-26 10:25:00,2.4691812992095947,2.349999999999999,FREE,,,
sell,82393,64.76,2268.1546991608443,0.0,5m SELL signal,2012-02-29 05:10:00,1.3394185304641724,1.1499999999999997,FREE,9548.931283467173,60.55,79009.0
buy,82489,64.567,2274.934538040428,0.0,5m BUY signal,2012-02-29 14:45:00,2.0278704166412354,1.1499999999999997,FREE,,,
sell,92150,60.86,2274.934538040428,0.0,ADAPTIVE_FORCE_SELL->first acceptable 5m signal,2012-06-04 09:30:00,2.642925262451172,2.499999999999999,FORCE_SELL,-8433.182332515851,64.567,82489.0
buy,93026,62.12,2228.791306908249,0.0,5m BUY signal,2012-06-12 07:15:00,3.612760543823242,-0.5,FREE,,,
sell,93049,62.22,2228.791306908249,0.0,5m SELL signal,2012-06-12 09:10:00,2.124155044555664,2.0999999999999996,FREE,222.87913069082808,62.12,93026.0
buy,93060,61.86,2241.761964368433,0.0,5m BUY signal,2012-06-12 10:05:00,4.174200534820557,-0.5,FREE,,,
sell,93075,62.43,2241.761964368433,0.0,5m SELL signal,2012-06-12 11:20:00,2.1696624755859375,2.0999999999999996,FREE,1277.8043196900073,61.86,93060.0
buy,93339,61.965,2258.5846757931295,0.0,5m BUY signal,2012-06-14 09:30:00,4.175434112548828,-0.5,FREE,,,
sell,93354,62.32,2258.5846757931295,0.0,5m SELL signal,2012-06-14 10:45:00,2.2807905673980713,1.5999999999999996,FREE,801.7975599065539,61.965,93339.0
buy,93383,62.41,2255.3276237049804,0.0,5m BUY signal,2012-06-14 13:10:00,3.7066195011138916,-0.5,FREE,,,
sell,93482,62.66,2255.3276237049804,0.0,5m SELL signal,2012-06-15 10:00:00,3.2237703800201416,1.3999999999999995,FREE,563.8319059262451,62.41,93383.0
buy,93600,62.93,2245.6511822875273,0.0,ADAPTIVE_FORCE_BUY->first acceptable 5m signal,2012-06-18 07:45:00,3.611090898513794,-0.5,FORCE_BUY,,,
sell,98225,64.73,2245.6511822875273,0.0,5m SELL signal,2012-08-03 04:00:00,3.9329872131347656,-0.5,FREE,4042.1721281175587,62.93,93600.0
buy,98655,66.51,2185.551060434095,0.0,ADAPTIVE_FORCE_BUY->first acceptable 5m signal,2012-08-08 07:50:00,1.9609273672103882,1.7999999999999994,FORCE_BUY,,,
sell,104983,66.78,2185.551060434095,0.0,5m SELL signal,2012-10-12 14:20:00,1.465117335319519,1.3499999999999996,FREE,590.0987863171969,66.51,98655.0
buy,105058,66.91,2181.30473495425,0.0,5m BUY signal,2012-10-15 09:40:00,2.0122618675231934,1.9999999999999996,FREE,,,
sell,105075,66.69,2181.30473495425,0.0,5m SELL signal,2012-10-15 11:05:00,1.2367095947265625,-0.5,FREE,-479.88704168993246,66.91,105058.0
buy,105515,67.54,2153.852720966818,0.0,5m BUY signal,2012-10-18 12:35:00,1.5674711465835571,1.4499999999999995,FREE,,,
sell,106081,65.83,2153.852720966818,0.0,ADAPTIVE_FORCE_SELL->first acceptable 5m signal,2012-10-24 09:20:00,2.139491081237793,-0.5,FORCE_SELL,-3683.0881528532764,67.54,105515.0
buy,106490,65.635,2160.2517653880645,0.0,5m BUY signal,2012-10-31 06:50:00,2.444319248199463,1.7499999999999996,FREE,,,
sell,106543,65.0,2160.2517653880645,0.0,5m SELL signal,2012-10-31 11:30:00,1.4771242141723633,1.3999999999999995,FREE,-1371.759871021432,65.635,106490.0
buy,106556,64.85,2165.248492678862,0.0,5m BUY signal,2012-10-31 12:35:00,2.0408074855804443,1.7499999999999996,FREE,,,
sell,106560,64.93,2165.248492678862,0.0,5m SELL signal,2012-10-31 12:55:00,1.9850258827209473,1.3999999999999995,FREE,173.21987941433605,64.85,106556.0
buy,106594,64.99,2163.2494942243197,0.0,5m BUY signal,2012-10-31 15:45:00,2.164302349090576,1.7499999999999996,FREE,,,
sell,106646,65.15,2163.2494942243197,0.0,5m SELL signal,2012-11-01 08:25:00,2.593122720718384,-0.5,FREE,346.11991907591454,64.99,106594.0
buy,106906,65.03,2167.2413432064345,0.0,ADAPTIVE_FORCE_BUY->first acceptable 5m signal,2012-11-05 05:00:00,1.95632803440094,1.4999999999999996,FORCE_BUY,,,
sell,107043,65.77,2167.2413432064345,0.0,ADAPTIVE_FORCE_SELL->first acceptable 5m signal,2012-11-06 04:55:00,2.6560280323028564,2.499999999999999,FORCE_SELL,1603.7585939727505,65.03,106906.0
buy,108132,62.14,2293.8439514433085,0.0,5m BUY signal,2012-11-15 09:55:00,4.072259426116943,-0.5,FREE,,,
sell,108174,62.17,2293.8439514433085,0.0,5m SELL signal,2012-11-15 13:25:00,2.5405495166778564,1.8999999999999995,FREE,68.81531854330186,62.14,108132.0
buy,108187,62.11,2296.0598689620106,0.0,5m BUY signal,2012-11-15 14:30:00,2.9884164333343506,-0.5,FREE,,,
sell,108267,62.2,2296.0598689620106,0.0,ADAPTIVE_FORCE_SELL->first acceptable 5m signal,2012-11-16 08:10:00,2.640871524810791,1.8499999999999996,FORCE_SELL,206.6453882065888,62.11,108187.0
buy,108889,64.59,2211.0996106121233,0.0,ADAPTIVE_FORCE_BUY->first acceptable 5m signal,2012-11-23 12:20:00,2.099792718887329,-0.5,FORCE_BUY,,,
sell,110112,65.37,2211.0996106121233,0.0,5m SELL signal,2012-12-06 10:45:00,2.0453224182128906,1.8499999999999996,FREE,1724.6576962774586,64.59,108889.0
buy,110237,65.26,2214.826563679352,0.0,5m BUY signal,2012-12-07 09:50:00,1.2785844802856445,0.6499999999999997,FREE,,,
sell,111112,65.541,2214.826563679352,0.0,ADAPTIVE_FORCE_SELL->first acceptable 5m signal,2012-12-17 15:55:00,1.4894130229949951,-0.5,FORCE_SELL,622.3662643938795,65.26,110237.0
buy,111983,64.405,2253.892520923972,0.0,5m BUY signal,2012-12-27 09:30:00,2.6272807121276855,2.499999999999999,FREE,,,
sell,112326,65.1313,2253.892520923972,0.0,ADAPTIVE_FORCE_SELL->first acceptable 5m signal,2012-12-31 14:55:00,1.5079245567321777,1.4499999999999995,FORCE_SELL,1637.002137947069,64.405,111983.0
buy,112795,66.5,2207.5030067376765,0.0,5m BUY signal,2013-01-07 04:25:00,0.46906089782714844,-0.5,FREE,,,
sell,112833,66.55,2207.5030067376765,0.0,5m SELL signal,2013-01-07 10:25:00,2.894932985305786,-0.5,FREE,110.37515033687755,66.5,112795.0
buy,113915,67.1,2189.408719797204,0.0,5m BUY signal,2013-01-17 09:45:00,1.9925590753555298,1.2499999999999996,FREE,,,
sell,113920,67.25,2189.408719797204,0.0,5m SELL signal,2013-01-17 10:10:00,2.319981813430786,-0.5,FREE,328.41130796959305,67.1,113915.0
buy,114070,66.9098,2200.5406742564164,0.0,5m BUY signal,2013-01-18 10:50:00,1.6080679893493652,1.2499999999999996,FREE,,,
sell,114096,66.9755,2200.5406742564164,0.0,5m SELL signal,2013-01-18 13:00:00,2.74589204788208,-0.5,FREE,144.57552229863015,66.9098,114070.0
buy,114122,66.93,2202.036634224721,0.0,5m BUY signal,2013-01-18 15:10:00,1.7519029378890991,1.2499999999999996,FREE,,,
sell,114127,67.0582,2202.036634224721,0.0,5m SELL signal,2013-01-18 15:35:00,2.427356719970703,-0.5,FREE,282.30109650759283,66.93,114122.0
buy,114135,67.02,2203.2917491072544,0.0,5m BUY signal,2013-01-18 16:15:00,1.3339563608169556,1.2499999999999996,FREE,,,
sell,114151,67.07,2203.2917491072544,0.0,5m SELL signal,2013-01-18 17:40:00,2.2680342197418213,-0.5,FREE,110.16458745535645,67.02,114135.0
buy,114311,67.57,2186.9879770996527,0.0,5m BUY signal,2013-01-23 07:15:00,1.212037444114685,-0.5,FREE,,,
sell,114460,66.75,2186.9879770996527,0.0,ADAPTIVE_FORCE_SELL->first acceptable 5m signal,2013-01-24 04:00:00,1.5179589986801147,1.4999999999999996,FORCE_SELL,-1793.3301412217002,67.57,114311.0
buy,115168,66.99,2179.1528208897125,0.0,5m BUY signal,2013-01-31 04:50:00,1.547860026359558,1.2499999999999996,FREE,,,
sell,115301,66.87,2179.1528208897125,0.0,5m SELL signal,2013-01-31 18:10:00,1.2559092044830322,1.0999999999999996,FREE,-261.49833850674446,66.99,115168.0
buy,115342,67.28,2165.873203521033,0.0,5m BUY signal,2013-02-01 09:35:00,1.5506705045700073,1.2999999999999996,FREE,,,
sell,115367,67.55,2165.873203521033,0.0,5m SELL signal,2013-02-01 11:40:00,1.784531593322754,0.9499999999999997,FREE,584.7857649506702,67.28,115342.0
buy,115805,67.11,2180.073534463504,0.0,5m BUY signal,2013-02-06 13:25:00,2.557490825653076,1.6999999999999993,FREE,,,
sell,116028,67.99,2180.073534463504,0.0,5m SELL signal,2013-02-08 09:40:00,2.6775424480438232,2.2999999999999994,FREE,1918.4647103278737,67.11,115805.0
buy,116191,67.8999,2182.966390350702,0.0,5m BUY signal,2013-02-11 12:30:00,0.8357503414154053,0.6999999999999997,FREE,,,
sell,116435,68.14,2182.966390350702,0.0,ADAPTIVE_FORCE_SELL->first acceptable 5m signal,2013-02-13 10:10:00,3.191514492034912,-0.5,FORCE_SELL,524.1302303231996,67.8999,116191.0
buy,116542,67.69,2197.478650295418,0.0,5m BUY signal,2013-02-14 08:00:00,2.1620805263519287,1.7999999999999994,FREE,,,
sell,116561,67.77,2197.478650295418,0.0,5m SELL signal,2013-02-14 09:35:00,1.9489083290100098,-0.5,FREE,175.7982920236297,67.69,116542.0
buy,116659,67.81,2196.182393902381,0.0,5m BUY signal,2013-02-15 05:35:00,1.333727240562439,0.9999999999999996,FREE,,,
sell,116674,67.94,2196.182393902381,0.0,5m SELL signal,2013-02-15 08:45:00,2.161691665649414,2.0499999999999994,FREE,285.50371120729955,67.81,116659.0
buy,116694,67.98,2194.890141831829,0.0,5m BUY signal,2013-02-15 10:30:00,1.1474744081497192,0.9999999999999996,FREE,,,
sell,116782,67.86,2194.890141831829,0.0,5m SELL signal,2013-02-19 04:45:00,2.554473400115967,2.499999999999999,FREE,-263.3868170198295,67.98,116694.0
buy,119817,68.2,2183.9478742625793,0.0,5m BUY signal,2013-03-21 04:30:00,1.2471517324447632,0.8999999999999997,FREE,,,
sell,119920,68.09,2183.9478742625793,0.0,5m SELL signal,2013-03-21 15:00:00,1.826638102531433,-0.5,FREE,-240.23426616888247,68.2,119817.0
buy,120059,68.41,2173.732067804985,0.0,5m BUY signal,2013-03-22 15:25:00,1.212500810623169,0.09999999999999987,FREE,,,
sell,120079,68.64,2173.732067804985,0.0,5m SELL signal,2013-03-22 17:05:00,1.014052152633667,0.9999999999999996,FREE,499.9583755951552,68.41,120059.0
buy,120140,68.51,2177.8567965863986,0.0,5m BUY signal,2013-03-25 10:40:00,1.0990123748779297,-0.5,FREE,,,
sell,120232,68.56,2177.8567965863986,0.0,5m SELL signal,2013-03-26 04:00:00,1.1647427082061768,-0.5,FREE,108.89283982931374,68.51,120140.0
buy,120406,68.1699,2190.31951013517,0.0,5m BUY signal,2013-03-27 09:30:00,1.1250916719436646,0.9999999999999996,FREE,,,
sell,122715,68.16,2190.31951013517,0.0,5m SELL signal,2013-04-19 11:15:00,1.4831563234329224,0.9999999999999996,FREE,-21.684163150342116,68.1699,120406.0
buy,122842,68.16,2190.31951013517,0.0,5m BUY signal,2013-04-22 10:30:00,2.444648027420044,2.349999999999999,FREE,,,
sell,122887,68.83,2190.31951013517,0.0,5m SELL signal,2013-04-22 14:15:00,1.5258164405822754,1.3999999999999995,FREE,1467.5140717905674,68.16,122842.0
buy,122969,69.08,2182.3927603156303,0.0,5m BUY signal,2013-04-23 08:55:00,2.0232861042022705,1.9999999999999996,FREE,,,
sell,122973,69.17,2182.3927603156303,0.0,5m SELL signal,2013-04-23 09:15:00,3.2081522941589355,-0.5,FREE,196.41534842841418,69.08,122969.0
buy,123476,69.32,2177.6703293570713,0.0,ADAPTIVE_FORCE_BUY->first acceptable 5m signal,2013-04-26 12:10:00,1.317318320274353,1.2999999999999996,FORCE_BUY,,,
sell,125842,74.79,2177.6703293570713,0.0,5m SELL signal,2013-05-22 10:15:00,0.8018742203712463,0.5999999999999996,FREE,11911.856701583209,69.32,123476.0
buy,125849,74.4,2189.0855367287013,0.0,5m BUY signal,2013-05-22 10:50:00,1.8765673637390137,1.3499999999999996,FREE,,,
sell,126683,73.43,2189.0855367287013,0.0,5m SELL signal,2013-05-31 06:30:00,1.6623494625091553,1.4499999999999995,FREE,-2123.4129706268377,74.4,125849.0
buy,126774,73.82,2177.520332728103,0.0,5m BUY signal,2013-05-31 14:10:00,1.8556625843048096,1.4499999999999995,FREE,,,
sell,127038,73.57,2177.520332728103,0.0,5m SELL signal,2013-06-04 09:30:00,2.0698206424713135,1.4499999999999995,FREE,-544.3800831820257,73.82,126774.0
buy,127077,73.29,2185.839417093826,0.0,5m BUY signal,2013-06-04 12:45:00,2.3530354499816895,2.2999999999999994,FREE,,,
sell,127083,73.39,2185.839417093826,0.0,5m SELL signal,2013-06-04 13:15:00,2.140381336212158,1.4499999999999995,FREE,218.58394170937015,73.29,127077.0
buy,127087,73.0218,2196.8611403788445,0.0,5m BUY signal,2013-06-04 13:35:00,2.3909575939178467,2.2999999999999994,FREE,,,
sell,127100,72.95,2196.8611403788445,0.0,5m SELL signal,2013-06-04 14:40:00,2.131399631500244,1.4499999999999995,FREE,-157.73462987919245,73.0218,127087.0
buy,127159,72.83,2200.4808484228574,0.0,5m BUY signal,2013-06-05 05:55:00,2.466545343399048,2.2499999999999996,FREE,,,
sell,127192,72.89,2200.4808484228574,0.0,5m SELL signal,2013-06-05 09:05:00,2.068281888961792,1.9999999999999996,FREE,132.02885090537646,72.83,127159.0
buy,127212,72.52,2211.7077915270556,0.0,5m BUY signal,2013-06-05 10:45:00,2.3074097633361816,2.2499999999999996,FREE,,,
sell,127630,73.5,2211.7077915270556,0.0,5m SELL signal,2013-06-10 04:05:00,1.5710983276367188,0.9499999999999997,FREE,2167.473635696523,72.52,127212.0
buy,127655,73.37,2215.626586850737,0.0,5m BUY signal,2013-06-10 08:15:00,1.9387061595916748,-0.5,FREE,,,
sell,127669,73.46,2215.626586850737,0.0,5m SELL signal,2013-06-10 09:35:00,1.0097429752349854,0.9499999999999997,FREE,199.40639281654242,73.37,127655.0
buy,127762,73.2,2223.4962987712447,0.0,5m BUY signal,2013-06-11 04:05:00,1.5666145086288452,-0.5,FREE,,,
sell,127840,73.28,2223.4962987712447,0.0,5m SELL signal,2013-06-11 11:25:00,2.020390748977661,0.9499999999999997,FREE,177.8797039016958,73.2,127762.0
buy,127862,73.09,2229.27635482223,0.0,5m BUY signal,2013-06-11 13:15:00,1.2650445699691772,-0.5,FREE,,,
sell,127904,72.82,2229.27635482223,0.0,5m SELL signal,2013-06-11 16:45:00,2.2663846015930176,0.9499999999999997,FREE,-601.904615802025,73.09,127862.0
buy,127986,72.64,2234.8004427058754,0.0,5m BUY signal,2013-06-12 10:00:00,1.9881277084350586,1.6499999999999995,FREE,,,
sell,128023,72.365,2234.8004427058754,0.0,5m SELL signal,2013-06-12 13:05:00,1.7963393926620483,-0.5,FREE,-614.5701217441284,72.64,127986.0
buy,128046,71.89,2249.566477067891,0.0,5m BUY signal,2013-06-12 15:00:00,1.8941855430603027,1.6499999999999995,FREE,,,
sell,128064,71.78,2249.566477067891,0.0,5m SELL signal,2013-06-12 16:30:00,2.439251184463501,-0.5,FREE,-247.45231247746673,71.89,128046.0
buy,128087,71.45,2259.9563572278967,0.0,5m BUY signal,2013-06-13 04:00:00,2.2777013778686523,1.6999999999999993,FREE,,,
sell,128095,71.38,2259.9563572278967,0.0,5m SELL signal,2013-06-13 04:55:00,2.3264713287353516,-0.5,FREE,-158.19694500596947,71.45,128087.0
buy,128516,72.71,2218.6175873872544,0.0,ADAPTIVE_FORCE_BUY->first acceptable 5m signal,2013-06-17 14:55:00,1.963674783706665,1.9499999999999993,FORCE_BUY,,,
sell,128694,73.66,2218.6175873872544,0.0,5m SELL signal,2013-06-19 04:35:00,2.1453664302825928,-0.5,FREE,2107.686708017898,72.71,128516.0
buy,128767,73.46,2224.657929307721,0.0,5m BUY signal,2013-06-19 12:00:00,1.2350584268569946,1.1499999999999997,FREE,,,
sell,129677,71.17,2224.657929307721,0.0,5m SELL signal,2013-06-27 08:30:00,1.456050157546997,1.3999999999999995,FREE,-5094.466658114664,73.46,128767.0
buy,129708,71.36,2218.734652870383,0.0,5m BUY signal,2013-06-27 11:10:00,2.8765456676483154,2.1999999999999993,FREE,,,
sell,129817,71.26,2218.734652870383,0.0,ADAPTIVE_FORCE_SELL->first acceptable 5m signal,2013-06-28 07:20:00,1.6216495037078857,1.2999999999999996,FORCE_SELL,-221.87346528702568,71.36,129708.0
buy,129963,71.63,2207.2739266165504,0.0,ADAPTIVE_FORCE_BUY->first acceptable 5m signal,2013-07-01 06:20:00,2.836623191833496,2.1999999999999993,FORCE_BUY,,,
sell,136534,76.32,2207.2739266165504,0.0,5m SELL signal,2013-09-03 04:05:00,1.437711477279663,0.9499999999999997,FREE,10352.114715831616,71.63,129963.0
buy,136635,75.681,2225.910678761844,0.0,5m BUY signal,2013-09-03 13:00:00,2.461696147918701,1.5499999999999994,FREE,,,
sell,136699,75.81,2225.910678761844,0.0,5m SELL signal,2013-09-03 19:55:00,1.8675720691680908,0.9499999999999997,FREE,287.14247756028874,75.681,136635.0
buy,136713,75.79,2226.4980677785375,0.0,5m BUY signal,2013-09-04 06:20:00,2.413048267364502,1.5499999999999994,FREE,,,
sell,136717,75.85,2226.4980677785375,0.0,5m SELL signal,2013-09-04 06:45:00,1.3765074014663696,0.9499999999999997,FREE,133.58988406668567,75.79,136713.0
buy,136736,75.93,2224.152224957224,0.0,5m BUY signal,2013-09-04 08:35:00,2.1146914958953857,1.5499999999999994,FREE,,,
sell,136742,76.03,2224.152224957224,0.0,5m SELL signal,2013-09-04 09:05:00,1.3007664680480957,0.9499999999999997,FREE,222.41522249570977,75.93,136736.0
buy,136817,76.7,2204.7235158213525,0.0,5m BUY signal,2013-09-04 15:20:00,1.5533324480056763,1.5499999999999994,FREE,,,
sell,136826,76.81,2204.7235158213525,0.0,5m SELL signal,2013-09-04 16:05:00,1.6735152006149292,0.9499999999999997,FREE,242.51958674034753,76.7,136817.0
buy,136828,76.83,2204.149593260941,0.0,5m BUY signal,2013-09-04 16:15:00,2.3367958068847656,1.5499999999999994,FREE,,,
sell,136839,76.87,2204.149593260941,0.0,5m SELL signal,2013-09-04 17:10:00,1.445461392402649,0.9499999999999997,FREE,88.16598373045142,76.83,136828.0
buy,137417,77.93,2174.16885966853,0.0,ADAPTIVE_FORCE_BUY->first acceptable 5m signal,2013-09-10 14:30:00,1.3051902055740356,1.0499999999999996,FORCE_BUY,,,
sell,137517,77.728,2174.16885966853,0.0,5m SELL signal,2013-09-11 11:00:00,2.4591596126556396,1.6499999999999995,FREE,-439.18210965307,77.93,137417.0
buy,137601,78.04,2165.476641777492,0.0,5m BUY signal,2013-09-12 04:05:00,0.46969547867774963,-0.5,FREE,,,
sell,137884,78.69,2165.476641777492,0.0,5m SELL signal,2013-09-16 04:00:00,2.5978496074676514,2.0499999999999994,FREE,1407.5598171553515,78.04,137601.0
buy,137895,78.78,2163.0027537632755,0.0,5m BUY signal,2013-09-16 06:30:00,1.7399728298187256,0.8999999999999997,FREE,,,
sell,137949,78.25,2163.0027537632755,0.0,5m SELL signal,2013-09-16 11:25:00,2.112499713897705,2.0499999999999994,FREE,-1146.3914594945384,78.78,137895.0
buy,137967,78.03,2169.1011852105125,0.0,5m BUY signal,2013-09-16 12:55:00,1.1264855861663818,0.8999999999999997,FREE,,,
sell,138252,78.79,2169.1011852105125,0.0,ADAPTIVE_FORCE_SELL->first acceptable 5m signal,2013-09-18 14:00:00,1.7007800340652466,1.1499999999999997,FORCE_SELL,1648.5169007600007,78.03,137967.0
buy,138347,79.46,2150.8115074595557,0.0,5m BUY signal,2013-09-19 08:20:00,2.4571244716644287,2.4499999999999993,FREE,,,
sell,138403,79.49,2150.8115074595557,0.0,5m SELL signal,2013-09-19 13:00:00,1.4033210277557373,1.1499999999999997,FREE,64.52434522378911,79.46,138347.0
buy,138890,78.65,2173.782666598348,0.0,5m BUY signal,2013-09-25 04:25:00,1.865492820739746,1.1999999999999997,FREE,,,
sell,138895,78.92,2173.782666598348,0.0,5m SELL signal,2013-09-25 05:15:00,0.9382997751235962,0.7499999999999998,FREE,586.9213199815453,78.65,138890.0
buy,138901,78.84,2175.9884328759717,0.0,5m BUY signal,2013-09-25 06:05:00,1.5109950304031372,1.1999999999999997,FREE,,,
sell,138916,78.78,2175.9884328759717,0.0,5m SELL signal,2013-09-25 08:00:00,0.9935625195503235,0.7499999999999998,FREE,-130.55930597256327,78.84,138901.0
buy,138933,78.6601,2179.3052480478545,0.0,5m BUY signal,2013-09-25 09:30:00,1.7583656311035156,1.1999999999999997,FREE,,,
sell,138945,78.77,2179.3052480478545,0.0,5m SELL signal,2013-09-25 10:30:00,1.0360779762268066,0.7499999999999998,FREE,239.50564676045073,78.6601,138933.0
buy,138952,78.6661,2182.1836138912377,0.0,5m BUY signal,2013-09-25 11:05:00,1.8443819284439087,1.1999999999999997,FREE,,,
sell,138956,78.91,2182.1836138912377,0.0,5m SELL signal,2013-09-25 11:25:00,1.6289770603179932,0.7499999999999998,FREE,532.2345834280651,78.6661,138952.0
buy,138981,78.59,2191.0689524387017,0.0,5m BUY signal,2013-09-25 13:30:00,1.8956102132797241,1.1999999999999997,FREE,,,
sell,138990,78.65,2191.0689524387017,0.0,5m SELL signal,2013-09-25 14:15:00,1.174544095993042,0.7499999999999998,FREE,131.4641371463271,78.59,138981.0
buy,139009,78.59,2192.741736980581,0.0,5m BUY signal,2013-09-25 15:50:00,1.858933925628662,1.1999999999999997,FREE,,,
sell,139011,78.61,2192.741736980581,0.0,5m SELL signal,2013-09-25 16:00:00,1.5581228733062744,0.7499999999999998,FREE,43.8548347396029,78.59,139009.0
buy,139098,79.1,2179.158381087781,0.0,5m BUY signal,2013-09-26 10:45:00,2.5596261024475098,1.2999999999999996,FREE,,,
sell,139109,79.07,2179.158381087781,0.0,5m SELL signal,2013-09-26 11:40:00,1.0418121814727783,0.6499999999999997,FREE,-65.3747514326359,79.1,139098.0
buy,139629,79.5,2167.371738271834,0.0,5m BUY signal,2013-10-01 13:35:00,2.0430760383605957,1.5499999999999994,FREE,,,
sell,139657,79.66,2167.371738271834,0.0,5m SELL signal,2013-10-01 15:55:00,2.1210148334503174,1.4499999999999995,FREE,346.77947812348606,79.5,139629.0
buy,139659,79.7,2166.2839732839934,0.0,5m BUY signal,2013-10-01 16:05:00,2.2795655727386475,1.5499999999999994,FREE,,,
sell,139670,79.77,2166.2839732839934,0.0,5m SELL signal,2013-10-01 17:05:00,1.7465380430221558,1.4499999999999995,FREE,151.63987812986477,79.7,139659.0
buy,142036,82.2451,2101.0914029998644,0.0,ADAPTIVE_FORCE_BUY->first acceptable 5m signal,2013-10-21 14:00:00,0.7198815941810608,0.5999999999999996,FORCE_BUY,,,
sell,142112,82.4,2101.0914029998644,0.0,5m SELL signal,2013-10-22 07:35:00,0.6047331094741821,-0.5,FREE,325.45905832470424,82.2451,142036.0
buy,142149,82.46,2099.5625952848513,0.0,5m BUY signal,2013-10-22 10:40:00,2.971850633621216,0.5999999999999996,FREE,,,
sell,142191,82.49,2099.5625952848513,0.0,5m SELL signal,2013-10-22 14:10:00,0.2693440020084381,-0.5,FREE,62.98687785854793,82.46,142149.0
buy,142207,82.5092,2099.074024291199,0.0,5m BUY signal,2013-10-22 15:30:00,2.3803188800811768,0.5999999999999996,FREE,,,
sell,142221,82.43,2099.074024291199,0.0,5m SELL signal,2013-10-22 16:40:00,0.18295636773109436,-0.5,FREE,-166.2466627238633,82.5092,142207.0
buy,142227,82.32,2101.8789094062627,0.0,5m BUY signal,2013-10-22 18:25:00,2.291959047317505,0.5999999999999996,FREE,,,
sell,142300,82.13,2101.8789094062627,0.0,5m SELL signal,2013-10-23 09:30:00,0.9879783391952515,0.7499999999999998,FREE,-399.3569927871851,82.32,142227.0
buy,142306,81.82,2109.8425180828203,0.0,5m BUY signal,2013-10-23 10:00:00,2.5842177867889404,-0.5,FREE,,,
sell,142473,82.12,2109.8425180828203,0.0,5m SELL signal,2013-10-24 10:10:00,1.154037356376648,-0.5,FREE,632.9527554248701,81.82,142306.0
buy,142539,82.27,2105.995716360292,0.0,ADAPTIVE_FORCE_BUY->first acceptable 5m signal,2013-10-24 15:40:00,2.319582939147949,-0.5,FORCE_BUY,,,
sell,142747,83.07,2105.995716360292,0.0,5m SELL signal,2013-10-28 04:00:00,0.32406744360923767,-0.5,FREE,1684.7965730882277,82.27,142539.0
buy,142770,83.03,2107.01028734252,0.0,5m BUY signal,2013-10-28 06:35:00,2.4079346656799316,-0.5,FREE,,,
sell,142812,82.92,2107.01028734252,0.0,5m SELL signal,2013-10-28 10:15:00,0.4996242821216583,-0.5,FREE,-231.77113160767598,83.03,142770.0
buy,142819,82.6301,2114.402536441826,0.0,5m BUY signal,2013-10-28 10:50:00,2.38509202003479,-0.5,FREE,,,
sell,142832,82.76,2114.402536441826,0.0,5m SELL signal,2013-10-28 11:55:00,0.09282232075929642,-0.5,FREE,274.6608894838066,82.6301,142819.0
buy,142869,82.9301,2110.065632574006,0.0,5m BUY signal,2013-10-28 15:00:00,2.0372636318206787,-0.5,FREE,,,
sell,142899,82.86,2110.065632574006,0.0,5m SELL signal,2013-10-28 17:30:00,0.30770429968833923,-0.5,FREE,-147.91560084343044,82.9301,142869.0
buy,142939,83.01,2106.2527203358886,0.0,5m BUY signal,2013-10-29 05:20:00,1.725858449935913,1.3499999999999996,FREE,,,
sell,143021,83.06,2106.2527203358886,0.0,5m SELL signal,2013-10-29 12:25:00,1.2927335500717163,1.1999999999999997,FREE,105.31263601678845,83.01,142939.0
buy,143256,82.87,2111.081826367792,0.0,ADAPTIVE_FORCE_BUY->first acceptable 5m signal,2013-10-30 18:10:00,2.3979814052581787,1.8499999999999996,FORCE_BUY,,,
sell,144017,82.83,2111.081826367792,0.0,ADAPTIVE_FORCE_SELL->first acceptable 5m signal,2013-11-07 07:35:00,1.2669641971588135,0.9499999999999997,FORCE_SELL,-84.44327305472488,82.87,143256.0
buy,144346,82.51,2119.2692725493175,0.0,5m BUY signal,2013-11-11 08:25:00,1.8263822793960571,1.5999999999999996,FREE,,,
sell,144363,82.58,2119.2692725493175,0.0,5m SELL signal,2013-11-11 09:55:00,1.4698094129562378,1.2499999999999996,FREE,148.34884907843778,82.51,144346.0
buy,144449,82.37,2124.6722899978467,0.0,5m BUY signal,2013-11-11 18:30:00,1.6717478036880493,1.5999999999999996,FREE,,,
sell,144468,82.22,2124.6722899978467,0.0,5m SELL signal,2013-11-12 06:25:00,1.9377833604812622,-0.5,FREE,-318.7008434996891,82.37,144449.0
buy,144633,82.29,2122.8649372174377,0.0,5m BUY signal,2013-11-13 07:45:00,1.2328602075576782,1.1499999999999997,FREE,,,
sell,144654,82.19,2122.8649372174377,0.0,5m SELL signal,2013-11-13 09:35:00,1.5262956619262695,-0.5,FREE,-212.28649372176187,82.29,144633.0
buy,144945,83.89,2079.8458599344526,0.0,ADAPTIVE_FORCE_BUY->first acceptable 5m signal,2013-11-15 07:10:00,1.035229206085205,0.7499999999999998,FORCE_BUY,,,
sell,145108,83.92,2079.8458599344526,0.0,5m SELL signal,2013-11-18 09:40:00,2.058518886566162,1.9499999999999993,FREE,62.39537579803594,83.89,144945.0
buy,145171,83.515,2089.9319231958243,0.0,5m BUY signal,2013-11-18 14:55:00,0.9458299279212952,0.7499999999999998,FREE,,,
sell,145185,83.13,2089.9319231958243,0.0,5m SELL signal,2013-11-18 16:05:00,2.247060775756836,1.9499999999999993,FREE,-804.623790430403,83.515,145171.0
buy,145211,83.02,2092.701045233304,0.0,5m BUY signal,2013-11-19 05:10:00,2.823007583618164,0.7499999999999998,FREE,,,
sell,145239,83.16,2092.701045233304,0.0,5m SELL signal,2013-11-19 09:05:00,2.339674472808838,1.9499999999999993,FREE,292.9781463326637,83.02,145211.0
buy,145260,83.27,2089.9365788591513,0.0,5m BUY signal,2013-11-19 10:50:00,1.5420174598693848,0.7499999999999998,FREE,,,
sell,145275,83.3,2089.9365788591513,0.0,5m SELL signal,2013-11-19 12:05:00,3.0738656520843506,1.9499999999999993,FREE,62.69809736577692,83.27,145260.0
buy,145284,83.21,2092.1970558702956,0.0,5m BUY signal,2013-11-19 12:50:00,1.1128109693527222,0.7499999999999998,FREE,,,
sell,145307,82.98,2092.1970558702956,0.0,5m SELL signal,2013-11-19 14:45:00,2.900160551071167,1.9499999999999993,FREE,-481.20532285014656,83.21,145284.0
buy,145317,82.8999,2094.2185900841514,0.0,5m BUY signal,2013-11-19 15:35:00,1.7084234952926636,0.7499999999999998,FREE,,,
sell,145365,83.03,2094.2185900841514,0.0,ADAPTIVE_FORCE_SELL->first acceptable 5m signal,2013-11-20 08:15:00,2.767364978790283,-0.5,FORCE_SELL,272.4578385699455,82.8999,145317.0
buy,145636,83.51,2082.181409827411,0.0,ADAPTIVE_FORCE_BUY->first acceptable 5m signal,2013-11-22 05:55:00,1.794455885887146,1.4999999999999996,FORCE_BUY,,,
sell,146337,85.65,2082.181409827411,0.0,5m SELL signal,2013-12-02 15:00:00,1.315920352935791,1.1999999999999997,FREE,4455.86821703066,83.51,145636.0
buy,146347,85.43,2087.543459577639,0.0,5m BUY signal,2013-12-02 15:50:00,0.9703270792961121,0.4999999999999998,FREE,,,
sell,146349,85.51,2087.543459577639,0.0,5m SELL signal,2013-12-02 16:00:00,1.2046655416488647,1.1999999999999997,FREE,167.00347676620757,85.43,146347.0
buy,146379,85.45,2089.009259549256,0.0,5m BUY signal,2013-12-03 05:00:00,1.0090813636779785,0.4999999999999998,FREE,,,
sell,146418,85.44,2089.009259549256,0.0,5m SELL signal,2013-12-03 09:15:00,1.6169121265411377,1.1999999999999997,FREE,-20.890092595503248,85.45,146379.0
buy,146442,85.42,2089.4983743372563,0.0,5m BUY signal,2013-12-03 11:15:00,0.8765841126441956,0.4999999999999998,FREE,,,
sell,146459,85.359,2089.4983743372563,0.0,5m SELL signal,2013-12-03 12:40:00,1.462071418762207,1.1999999999999997,FREE,-127.45940083458737,85.42,146442.0
buy,146470,85.15,2094.6270315332217,0.0,5m BUY signal,2013-12-03 13:35:00,0.7143037915229797,0.4999999999999998,FREE,,,
sell,146496,85.36,2094.6270315332217,0.0,5m SELL signal,2013-12-03 15:45:00,1.4882235527038574,1.1999999999999997,FREE,439.87167662196345,85.15,146470.0
buy,146733,85.2599,2097.0862434940204,0.0,5m BUY signal,2013-12-05 11:35:00,1.6444905996322632,1.4499999999999995,FREE,,,
sell,147242,86.25,2097.0862434940204,0.0,ADAPTIVE_FORCE_SELL->first acceptable 5m signal,2013-12-11 05:05:00,0.739445149898529,0.5999999999999996,FORCE_SELL,2076.325089683426,85.2599,146733.0
buy,147446,85.05,2126.674761920744,0.0,5m BUY signal,2013-12-12 10:15:00,1.7957789897918701,0.4999999999999998,FREE,,,
sell,147586,85.36,2126.674761920744,0.0,5m SELL signal,2013-12-13 09:25:00,1.152626633644104,-0.5,FREE,659.2691761954354,85.05,147446.0
buy,147592,84.96,2136.6873549618026,0.0,5m BUY signal,2013-12-13 09:55:00,1.930657148361206,1.6999999999999993,FREE,,,
sell,147630,84.99,2136.6873549618026,0.0,5m SELL signal,2013-12-13 13:05:00,0.8786613345146179,-0.5,FREE,64.1006206488565,84.96,147592.0
buy,147643,84.76,2142.4853503799386,0.0,5m BUY signal,2013-12-13 14:10:00,1.7091442346572876,1.6999999999999993,FREE,,,
sell,147652,84.89,2142.4853503799386,0.0,5m SELL signal,2013-12-13 14:55:00,1.472564697265625,-0.5,FREE,278.5230955493823,84.76,147643.0
buy,147798,85.33,2131.437728744322,0.0,5m BUY signal,2013-12-16 15:20:00,1.408905267715454,1.2999999999999996,FREE,,,
sell,147836,85.26,2131.437728744322,0.0,5m SELL signal,2013-12-17 05:40:00,1.267795205116272,-0.5,FREE,-149.200641012088,85.33,147798.0
buy,147867,85.13,2134.692596649136,0.0,5m BUY signal,2013-12-17 09:40:00,1.4301481246948242,1.3499999999999996,FREE,,,
sell,147873,85.32,2134.692596649136,0.0,5m SELL signal,2013-12-17 10:10:00,1.4790915250778198,-0.5,FREE,405.59159336333096,85.13,147867.0
buy,147943,85.09,2140.4627141391966,0.0,5m BUY signal,2013-12-17 16:00:00,1.374463438987732,1.3499999999999996,FREE,,,
sell,148272,85.9,2140.4627141391966,0.0,5m SELL signal,2013-12-19 17:45:00,1.4148340225219727,-0.5,FREE,1733.774798452754,85.09,147943.0
buy,148279,85.8,2142.957425927238,0.0,5m BUY signal,2013-12-20 04:20:00,1.0824122428894043,0.9999999999999996,FREE,,,
sell,148315,86.115,2142.957425927238,0.0,5m SELL signal,2013-12-20 09:50:00,1.5183666944503784,1.4499999999999995,FREE,675.0315891670751,85.8,148279.0
buy,148319,86.07,2144.0778289034984,0.0,5m BUY signal,2013-12-20 10:10:00,1.0864225625991821,0.9999999999999996,FREE,,,
sell,148320,86.16,2144.0778289034984,0.0,5m SELL signal,2013-12-20 10:15:00,1.4673974514007568,1.4499999999999995,FREE,192.96700460132217,86.07,148319.0
buy,148383,86.545,2134.539785525743,0.0,5m BUY signal,2013-12-20 15:30:00,1.0084460973739624,0.9999999999999996,FREE,,,
sell,148413,86.64,2134.539785525743,0.0,5m SELL signal,2013-12-20 18:30:00,1.6155061721801758,1.4499999999999995,FREE,202.78127962494315,86.545,148383.0
buy,148468,87.16,2121.8050369200364,0.0,ADAPTIVE_FORCE_BUY->first acceptable 5m signal,2013-12-23 09:10:00,1.0010485649108887,0.9499999999999997,FORCE_BUY,,,
sell,148813,87.77,2121.8050369200364,0.0,5m SELL signal,2013-12-27 06:45:00,1.4886010885238647,-0.5,FREE,1294.301072521221,87.16,148468.0
buy,148845,87.7,2123.49860992556,0.0,5m BUY signal,2013-12-27 10:30:00,0.607903778553009,-0.5,FREE,,,
sell,148857,87.64,2123.49860992556,0.0,5m SELL signal,2013-12-27 11:30:00,1.5270112752914429,-0.5,FREE,-127.40991659553842,87.7,148845.0
buy,148872,87.58,2124.953393170542,0.0,5m BUY signal,2013-12-27 12:45:00,0.2753438353538513,-0.5,FREE,,,
sell,148892,87.57,2124.953393170542,0.0,5m SELL signal,2013-12-27 14:25:00,1.3550666570663452,-0.5,FREE,-21.24953393171629,87.58,148872.0
buy,148898,87.47,2127.382744254537,0.0,5m BUY signal,2013-12-27 14:55:00,0.7231919169425964,-0.5,FREE,,,
sell,148971,87.38,2127.382744254537,0.0,5m SELL signal,2013-12-30 11:10:00,1.8561745882034302,-0.5,FREE,-191.4644469829156,87.47,148898.0
buy,148990,87.31,2129.0883540598034,0.0,5m BUY signal,2013-12-30 12:45:00,1.1435738801956177,-0.5,FREE,,,
sell,149012,87.45,2129.0883540598034,0.0,5m SELL signal,2013-12-30 14:35:00,1.5241048336029053,-0.5,FREE,298.0723695683737,87.31,148990.0
buy,149020,87.421,2129.794632439915,0.0,5m BUY signal,2013-12-30 15:15:00,0.4486018121242523,-0.5,FREE,,,
sell,149032,87.39,2129.794632439915,0.0,5m SELL signal,2013-12-30 16:15:00,1.6716711521148682,-0.5,FREE,-66.02363360564995,87.421,149020.0
buy,149095,87.76,2120.8153250788987,0.0,5m BUY signal,2013-12-31 12:05:00,1.7637892961502075,1.5499999999999994,FREE,,,
sell,149139,87.87,2120.8153250788987,0.0,5m SELL signal,2013-12-31 15:45:00,1.378816843032837,1.2499999999999996,FREE,233.28968575867765,87.76,149095.0
buy,149171,87.83,2121.7811979355897,0.0,5m BUY signal,2014-01-02 04:05:00,2.2642555236816406,2.0999999999999996,FREE,,,
sell,149227,87.34,2121.7811979355897,0.0,5m SELL signal,2014-01-02 10:40:00,2.0904266834259033,1.6499999999999995,FREE,-1039.672786988428,87.83,149171.0
buy,149350,86.94,2131.5432462352705,0.0,5m BUY signal,2014-01-03 11:10:00,2.7234315872192383,2.4499999999999993,FREE,,,
sell,149512,86.38,2131.5432462352705,0.0,ADAPTIVE_FORCE_SELL->first acceptable 5m signal,2014-01-06 13:50:00,0.8051975965499878,-0.5,FORCE_SELL,-1193.6642178917564,86.94,149350.0
buy,149801,87.1948,2111.6248401258176,0.0,5m BUY signal,2014-01-08 15:15:00,1.861696720123291,1.2999999999999996,FREE,,,
sell,150350,87.65,2111.6248401258176,0.0,ADAPTIVE_FORCE_SELL->first acceptable 5m signal,2014-01-14 14:50:00,1.8198957443237305,1.0499999999999996,FORCE_SELL,961.2116272252827,87.1948,149801.0
buy,150874,88.32,2095.6059469772185,0.0,ADAPTIVE_FORCE_BUY->first acceptable 5m signal,2014-01-21 10:15:00,0.8327525854110718,0.44999999999999973,FORCE_BUY,,,
sell,150974,88.52,2095.6059469772185,0.0,5m SELL signal,2014-01-22 04:00:00,1.5864301919937134,1.2999999999999996,FREE,419.1211893954497,88.32,150874.0
buy,151010,88.6201,2093.238875000405,0.0,5m BUY signal,2014-01-22 09:50:00,1.0462040901184082,0.44999999999999973,FREE,,,
sell,151037,88.8199,2093.238875000405,0.0,5m SELL signal,2014-01-22 12:05:00,1.6289182901382446,1.2999999999999996,FREE,418.22912722510273,88.6201,151010.0
buy,151156,88.6,2098.4341710344074,0.0,5m BUY signal,2014-01-23 08:45:00,0.5958408713340759,0.44999999999999973,FREE,,,
sell,151361,87.36,2098.4341710344074,0.0,ADAPTIVE_FORCE_SELL->first acceptable 5m signal,2014-01-24 11:50:00,2.181380271911621,-0.5,FORCE_SELL,-2602.0583720826544,88.6,151156.0
buy,152597,84.09,2180.0357852487314,0.0,5m BUY signal,2014-02-05 10:15:00,3.031057357788086,2.349999999999999,FREE,,,
sell,152706,85.13,2180.0357852487314,0.0,5m SELL signal,2014-02-06 04:50:00,1.369784951210022,-0.5,FREE,2267.2372166586633,84.09,152597.0
buy,152726,84.86,2186.9720292036823,0.0,5m BUY signal,2014-02-06 07:35:00,2.372455596923828,2.349999999999999,FREE,,,
sell,152736,85.09,2186.9720292036823,0.0,5m SELL signal,2014-02-06 08:25:00,1.143088459968567,-0.5,FREE,503.00356671685563,84.86,152726.0
buy,152829,85.63,2173.180543792378,0.0,5m BUY signal,2014-02-06 16:10:00,2.9563896656036377,2.349999999999999,FREE,,,
sell,152916,86.6,2173.180543792378,0.0,5m SELL signal,2014-02-07 11:30:00,2.3436038494110107,1.9499999999999993,FREE,2107.985127478604,85.63,152829.0
buy,153051,87.35,2154.5212947042924,0.0,ADAPTIVE_FORCE_BUY->first acceptable 5m signal,2014-02-10 10:45:00,1.2323579788208008,1.1499999999999997,FORCE_BUY,,,
sell,153956,90.2,2154.5212947042924,0.0,ADAPTIVE_FORCE_SELL->first acceptable 5m signal,2014-02-19 10:25:00,1.9051241874694824,-0.5,FORCE_SELL,6140.385689907252,87.35,153051.0
buy,154056,89.56,2169.9176058768107,0.0,ADAPTIVE_FORCE_BUY->first acceptable 5m signal,2014-02-20 04:00:00,2.7278242111206055,2.2499999999999996,FORCE_BUY,,,
sell,154989,90.67,2169.9176058768107,0.0,5m SELL signal,2014-02-28 09:35:00,1.4863706827163696,1.0999999999999996,FREE,2408.6085425232586,89.56,154056.0
buy,155041,90.6,2171.5941426583936,0.0,5m BUY signal,2014-02-28 13:55:00,1.7337496280670166,1.6999999999999993,FREE,,,
sell,155137,89.48,2171.5941426583936,0.0,5m SELL signal,2014-03-03 07:45:00,1.3511648178100586,1.0499999999999996,FREE,-2432.18543977738,90.6,155041.0
buy,155147,89.43,2172.8082733430956,0.0,5m BUY signal,2014-03-03 08:35:00,1.6641751527786255,1.6499999999999995,FREE,,,
sell,155159,89.81,2172.8082733430956,0.0,5m SELL signal,2014-03-03 09:35:00,1.5542736053466797,1.0499999999999996,FREE,825.6671438703664,89.43,155147.0
buy,155301,90.6,2153.862152637345,0.0,ADAPTIVE_FORCE_BUY->first acceptable 5m signal,2014-03-04 08:00:00,2.1732139587402344,-0.5,FORCE_BUY,,,
sell,156445,89.26,2153.862152637345,0.0,5m SELL signal,2014-03-14 08:55:00,1.318448543548584,1.2999999999999996,FREE,-2886.175284534019,90.6,155301.0
buy,156457,88.91,2162.3409711439595,0.0,5m BUY signal,2014-03-14 09:55:00,2.0223546028137207,1.4999999999999996,FREE,,,
sell,157692,88.01,2162.3409711439595,0.0,ADAPTIVE_FORCE_SELL->first acceptable 5m signal,2014-03-26 14:50:00,1.96357262134552,1.8999999999999995,FORCE_SELL,-1946.106874029545,88.91,156457.0
buy,157785,87.33,2179.178161804419,0.0,5m BUY signal,2014-03-27 08:35:00,3.993816614151001,1.9499999999999993,FREE,,,
sell,157793,87.33,2179.178161804419,0.0,5m SELL signal,2014-03-27 09:15:00,2.6438398361206055,-0.5,FREE,0.0,87.33,157785.0
buy,157796,87.07,2185.6854125459963,0.0,5m BUY signal,2014-03-27 09:30:00,4.596232891082764,1.9499999999999993,FREE,,,
sell,157802,87.1,2185.6854125459963,0.0,5m SELL signal,2014-03-27 10:00:00,3.1733200550079346,-0.5,FREE,65.57056237638237,87.07,157796.0
buy,157815,87.01,2187.9462065596626,0.0,5m BUY signal,2014-03-27 11:05:00,3.7804954051971436,1.9499999999999993,FREE,,,
sell,157920,87.32,2187.9462065596626,0.0,5m SELL signal,2014-03-28 05:55:00,1.4844526052474976,0.6999999999999997,FREE,678.2633240334693,87.01,157815.0
buy,157928,87.23,2190.2036312826976,0.0,5m BUY signal,2014-03-28 06:55:00,3.1778366565704346,2.499999999999999,FREE,,,
sell,157938,87.26,2190.2036312826976,0.0,5m SELL signal,2014-03-28 07:55:00,1.8964831829071045,0.6999999999999997,FREE,65.70610893848342,87.23,157928.0
buy,157946,87.2,2191.7106521299106,0.0,5m BUY signal,2014-03-28 08:35:00,3.350101947784424,2.499999999999999,FREE,,,
sell,157963,87.73,2191.7106521299106,0.0,5m SELL signal,2014-03-28 10:00:00,1.4338164329528809,0.6999999999999997,FREE,1161.6066456288552,87.2,157946.0
buy,157982,87.73,2191.7106521299106,0.0,5m BUY signal,2014-03-28 11:35:00,2.96865177154541,2.499999999999999,FREE,,,
sell,158036,87.12,2191.7106521299106,0.0,5m SELL signal,2014-03-28 16:05:00,1.7948189973831177,0.6999999999999997,FREE,-1336.9434977992441,87.73,157982.0
buy,158129,87.75,2175.9752936017985,0.0,ADAPTIVE_FORCE_BUY->first acceptable 5m signal,2014-03-31 11:20:00,3.230333089828491,-0.5,FORCE_BUY,,,
sell,158771,86.51,2175.9752936017985,0.0,ADAPTIVE_FORCE_SELL->first acceptable 5m signal,2014-04-04 15:10:00,2.6908371448516846,-0.5,FORCE_SELL,-2698.209364066219,87.75,158129.0
buy,158823,85.9,2191.4275046506586,0.0,5m BUY signal,2014-04-07 04:00:00,3.512216329574585,2.4499999999999993,FREE,,,
sell,158861,85.85,2191.4275046506586,0.0,5m SELL signal,2014-04-07 08:00:00,2.3745830059051514,-0.5,FREE,-109.57137523255784,85.9,158823.0
buy,158879,86.04,2186.588229593898,0.0,5m BUY signal,2014-04-07 09:30:00,2.5532848834991455,2.4499999999999993,FREE,,,
sell,158880,85.85,2186.588229593898,0.0,5m SELL signal,2014-04-07 09:35:00,2.4670214653015137,-0.5,FREE,-415.45176362286674,86.04,158879.0
buy,158907,85.68,2190.9266983034095,0.0,5m BUY signal,2014-04-07 11:50:00,2.878755569458008,2.4499999999999993,FREE,,,
sell,159192,86.53,2190.9266983034095,0.0,5m SELL signal,2014-04-09 08:15:00,1.8704360723495483,1.2999999999999996,FREE,1862.2876935578856,85.68,158907.0
buy,159491,85.11,2227.480756717119,0.0,5m BUY signal,2014-04-11 04:15:00,4.233388900756836,2.3999999999999995,FREE,,,
sell,159835,85.2,2227.480756717119,0.0,5m SELL signal,2014-04-15 08:25:00,2.5850226879119873,-0.5,FREE,200.47326810454834,85.11,159491.0
buy,159856,84.74,2239.572344492549,0.0,5m BUY signal,2014-04-15 10:10:00,3.920229911804199,2.2999999999999994,FREE,,,
sell,159872,84.29,2239.572344492549,0.0,5m SELL signal,2014-04-15 11:30:00,2.6722609996795654,-0.5,FREE,-1007.8075550216215,84.74,159856.0
buy,159877,83.77,2253.474428999367,0.0,5m BUY signal,2014-04-15 11:55:00,3.3303425312042236,2.2999999999999994,FREE,,,
sell,159896,83.94,2253.474428999367,0.0,5m SELL signal,2014-04-15 13:30:00,2.735719680786133,-0.5,FREE,383.09065292989624,83.77,159877.0
buy,159926,85.16,2221.191211486694,0.0,5m BUY signal,2014-04-15 16:00:00,3.3794195652008057,2.2999999999999994,FREE,,,
sell,160753,87.99,2221.191211486694,0.0,5m SELL signal,2014-04-24 04:20:00,4.6751708984375,-0.5,FREE,6285.971128507341,85.16,159926.0
buy,160849,87.56,2232.099299893949,0.0,5m BUY signal,2014-04-24 13:40:00,1.5603007078170776,-0.5,FREE,,,
sell,160860,87.57,2232.099299893949,0.0,5m SELL signal,2014-04-24 14:35:00,3.463858127593994,-0.5,FREE,22.32099299891919,87.56,160849.0
buy,160874,87.5627,2232.2853874048324,0.0,5m BUY signal,2014-04-24 15:45:00,1.4899624586105347,-0.5,FREE,,,
sell,160877,87.71,2232.2853874048324,0.0,5m SELL signal,2014-04-24 16:00:00,3.5353903770446777,-0.5,FREE,328.815637564703,87.5627,160874.0
buy,160918,87.52,2237.13152798535,0.0,5m BUY signal,2014-04-25 04:35:00,1.9125252962112427,1.8499999999999996,FREE,,,
sell,160981,86.49,2237.13152798535,0.0,5m SELL signal,2014-04-25 11:25:00,2.9470701217651367,-0.5,FREE,-2304.2454738249135,87.52,160918.0
buy,160995,86.42,2238.9435993456714,0.0,5m BUY signal,2014-04-25 12:35:00,1.9932790994644165,1.8499999999999996,FREE,,,
sell,161113,86.8735,2238.9435993456714,0.0,ADAPTIVE_FORCE_SELL->first acceptable 5m signal,2014-04-28 10:10:00,3.3424506187438965,-0.5,FORCE_SELL,1015.3609223032739,86.42,160995.0
buy,161264,86.79,2241.097669982212,0.0,ADAPTIVE_FORCE_BUY->first acceptable 5m signal,2014-04-29 09:35:00,2.9688031673431396,2.2999999999999994,FORCE_BUY,,,
sell,161667,87.86,2241.097669982212,0.0,5m SELL signal,2014-05-02 08:30:00,1.803866982460022,1.6499999999999995,FREE,2397.9745068809516,86.79,161264.0
buy,161683,87.59,2248.0059514172526,0.0,5m BUY signal,2014-05-02 09:50:00,2.2854013442993164,1.9499999999999993,FREE,,,
sell,161703,87.72,2248.0059514172526,0.0,5m SELL signal,2014-05-02 11:30:00,2.3032989501953125,1.6499999999999995,FREE,292.24077368423264,87.59,161683.0
buy,161732,87.47,2254.4310284477124,0.0,5m BUY signal,2014-05-02 13:55:00,2.1768505573272705,1.9499999999999993,FREE,,,
sell,161740,87.59,2254.4310284477124,0.0,5m SELL signal,2014-05-02 14:35:00,2.503626585006714,1.6499999999999995,FREE,270.53172341373573,87.47,161732.0
buy,161757,87.7604,2250.0537119445116,0.0,5m BUY signal,2014-05-02 16:00:00,1.9899979829788208,1.9499999999999993,FREE,,,
sell,161830,87.39,2250.0537119445116,0.0,5m SELL signal,2014-05-05 10:00:00,1.1677533388137817,-0.5,FREE,-833.4198949042552,87.7604,161757.0
buy,161868,87.57,2245.4287300083465,0.0,5m BUY signal,2014-05-05 13:10:00,2.4313600063323975,1.4999999999999996,FREE,,,
sell,161872,87.67,2245.4287300083465,0.0,5m SELL signal,2014-05-05 13:30:00,2.79976487159729,-0.5,FREE,224.5428730008538,87.57,161868.0
buy,161944,87.95,2238.2801223403267,0.0,5m BUY signal,2014-05-06 07:15:00,1.7962077856063843,1.5999999999999996,FREE,,,
sell,161962,87.83,2238.2801223403267,0.0,5m SELL signal,2014-05-06 09:25:00,2.6626036167144775,2.2499999999999996,FREE,-268.5936146808494,87.95,161944.0
buy,161964,87.66,2242.6208435449566,0.0,5m BUY signal,2014-05-06 09:35:00,1.7969971895217896,1.5999999999999996,FREE,,,
sell,161975,87.8,2242.6208435449566,0.0,5m SELL signal,2014-05-06 10:30:00,2.4328856468200684,2.2499999999999996,FREE,313.9669180962952,87.66,161964.0
buy,161979,87.57,2248.511020477871,0.0,5m BUY signal,2014-05-06 10:50:00,1.8765583038330078,1.5999999999999996,FREE,,,
sell,162140,86.3,2248.511020477871,0.0,ADAPTIVE_FORCE_SELL->first acceptable 5m signal,2014-05-07 11:40:00,2.890001058578491,2.4499999999999993,FORCE_SELL,-2855.6089960068875,87.57,161979.0
buy,162405,86.09,2253.9958307264524,0.0,5m BUY signal,2014-05-09 09:35:00,2.4194881916046143,2.1999999999999993,FREE,,,
sell,162441,86.64,2253.9958307264524,0.0,5m SELL signal,2014-05-09 12:35:00,1.8710287809371948,1.6999999999999993,FREE,1239.6977068995425,86.09,162405.0
buy,162461,86.31,2262.6138196517186,0.0,5m BUY signal,2014-05-09 14:15:00,2.43215012550354,2.1999999999999993,FREE,,,
sell,162511,86.97,2262.6138196517186,0.0,5m SELL signal,2014-05-12 04:00:00,1.1820564270019531,-0.5,FREE,1493.3251209701266,86.31,162461.0
buy,162978,87.76,2242.2461701812895,0.0,5m BUY signal,2014-05-15 09:15:00,1.5790152549743652,0.8999999999999997,FREE,,,
sell,163017,86.93,2242.2461701812895,0.0,5m SELL signal,2014-05-15 12:30:00,1.648032307624817,-0.5,FREE,-1861.0643212504665,87.76,162978.0
buy,163031,86.809,2245.3715579474424,0.0,5m BUY signal,2014-05-15 13:40:00,1.7402838468551636,0.8999999999999997,FREE,,,
sell,163036,87.09,2245.3715579474424,0.0,5m SELL signal,2014-05-15 14:05:00,0.9772313237190247,-0.5,FREE,630.9494077832446,86.809,163031.0
buy,164150,90.7,2156.0023040974947,0.0,ADAPTIVE_FORCE_BUY->first acceptable 5m signal,2014-05-28 15:55:00,1.4672207832336426,1.3499999999999996,FORCE_BUY,,,
sell,164838,91.5,2156.0023040974947,0.0,5m SELL signal,2014-06-05 04:15:00,0.5101248621940613,0.44999999999999973,FREE,1724.8018432779897,90.7,164150.0
buy,164917,92.23,2138.937556379928,0.0,5m BUY signal,2014-06-05 13:25:00,1.281320571899414,0.6499999999999997,FREE,,,
sell,164926,92.33,2138.937556379928,0.0,5m SELL signal,2014-06-05 14:10:00,0.6925376057624817,0.44999999999999973,FREE,213.89375563798066,92.23,164917.0
buy,165374,92.45,2136.161217745362,0.0,ADAPTIVE_FORCE_BUY->first acceptable 5m signal,2014-06-11 07:10:00,2.7702510356903076,0.6999999999999997,FORCE_BUY,,,
sell,165608,92.11,2136.161217745362,0.0,5m SELL signal,2014-06-12 16:00:00,1.2559493780136108,1.1999999999999997,FREE,-726.2948140334304,92.45,165374.0
buy,165685,91.97,2139.412958209474,0.0,ADAPTIVE_FORCE_BUY->first acceptable 5m signal,2014-06-13 10:00:00,3.1069865226745605,2.3999999999999995,FORCE_BUY,,,
sell,165895,92.7,2139.412958209474,0.0,5m SELL signal,2014-06-17 04:15:00,1.0517520904541016,-0.5,FREE,1561.7714594929244,91.97,165685.0
buy,165914,92.36,2147.2886663709205,0.0,5m BUY signal,2014-06-17 08:30:00,2.5204930305480957,1.8999999999999995,FREE,,,
sell,165931,92.55,2147.2886663709205,0.0,5m SELL signal,2014-06-17 09:55:00,0.8331984281539917,-0.5,FREE,407.98484661047,92.36,165914.0
buy,165941,92.37,2151.4730548081484,0.0,5m BUY signal,2014-06-17 10:45:00,2.2596845626831055,1.8999999999999995,FREE,,,
sell,165954,92.49,2151.4730548081484,0.0,5m SELL signal,2014-06-17 11:50:00,0.8964388370513916,-0.5,FREE,258.176766576957,92.37,165941.0
buy,165973,92.48,2151.7056967907183,0.0,5m BUY signal,2014-06-17 13:25:00,2.2698211669921875,1.8999999999999995,FREE,,,
sell,165984,92.641,2151.7056967907183,0.0,5m SELL signal,2014-06-17 14:20:00,1.392095685005188,-0.5,FREE,346.4246171833086,92.48,165973.0
buy,165993,92.58,2153.1234333159314,0.0,5m BUY signal,2014-06-17 15:05:00,2.27345871925354,1.8999999999999995,FREE,,,
sell,166024,92.57,2153.1234333159314,0.0,5m SELL signal,2014-06-18 04:35:00,1.1954909563064575,0.9999999999999996,FREE,-21.531234333170328,92.58,165993.0
buy,166089,92.13,2163.4064498215107,0.0,5m BUY signal,2014-06-18 13:30:00,2.460686683654785,2.349999999999999,FREE,,,
sell,166100,92.565,2163.4064498215107,0.0,5m SELL signal,2014-06-18 14:25:00,1.093477725982666,0.9999999999999996,FREE,941.0818056723621,92.13,166089.0
buy,166187,92.77,2158.625827613756,0.0,ADAPTIVE_FORCE_BUY->first acceptable 5m signal,2014-06-19 10:55:00,2.1520426273345947,1.9499999999999993,FORCE_BUY,,,
sell,166545,92.7,2158.625827613756,0.0,ADAPTIVE_FORCE_SELL->first acceptable 5m signal,2014-06-24 07:30:00,0.7814433574676514,-0.5,FORCE_SELL,-151.1038079329482,92.77,166187.0
buy,166847,92.93,2153.2832693403116,0.0,5m BUY signal,2014-06-26 12:25:00,1.3956280946731567,1.0999999999999996,FREE,,,
sell,167162,94.15,2153.2832693403116,0.0,5m SELL signal,2014-07-01 05:55:00,1.771485686302185,1.7499999999999996,FREE,2627.005588595178,92.93,166847.0
buy,167242,95.07,2132.445774780587,0.0,5m BUY signal,2014-07-01 14:05:00,1.4391556978225708,1.0999999999999996,FREE,,,
sell,167699,94.2,2132.445774780587,0.0,ADAPTIVE_FORCE_SELL->first acceptable 5m signal,2014-07-08 12:50:00,2.166813373565674,1.5499999999999994,FORCE_SELL,-1855.22782405909,95.07,167242.0
buy,168073,94.85,2117.832282386202,0.0,ADAPTIVE_FORCE_BUY->first acceptable 5m signal,2014-07-11 08:45:00,1.8911585807800293,1.5999999999999996,FORCE_BUY,,,
sell,168350,96.01,2117.832282386202,0.0,5m SELL signal,2014-07-15 09:30:00,1.921689748764038,1.8999999999999995,FREE,2456.6854475680175,94.85,168073.0
buy,168365,95.26,2134.5063765683317,0.0,5m BUY signal,2014-07-15 10:45:00,1.487496018409729,1.3499999999999996,FREE,,,
sell,168371,95.55,2134.5063765683317,0.0,5m SELL signal,2014-07-15 11:15:00,2.2374627590179443,1.8999999999999995,FREE,619.0068492047992,95.26,168365.0
buy,168375,95.34,2139.2079324638567,0.0,5m BUY signal,2014-07-15 11:35:00,1.510328769683838,1.3499999999999996,FREE,,,
sell,168608,95.7,2139.2079324638567,0.0,ADAPTIVE_FORCE_SELL->first acceptable 5m signal,2014-07-17 04:00:00,2.3393609523773193,1.5999999999999996,FORCE_SELL,770.1148556869872,95.34,168375.0
buy,168957,95.75,2138.0908526035623,0.0,ADAPTIVE_FORCE_BUY->first acceptable 5m signal,2014-07-21 10:05:00,1.4332975149154663,1.3999999999999995,FORCE_BUY,,,
sell,169051,96.14,2138.0908526035623,0.0,5m SELL signal,2014-07-22 04:00:00,1.7648719549179077,1.7499999999999996,FREE,833.8554325153905,95.75,168957.0
buy,169388,97.43,2109.7819415919785,0.0,ADAPTIVE_FORCE_BUY->first acceptable 5m signal,2014-07-24 08:40:00,1.2078547477722168,1.1499999999999997,FORCE_BUY,,,
sell,169660,96.71,2109.7819415919785,0.0,5m SELL signal,2014-07-28 05:20:00,1.3414223194122314,-0.5,FREE,-1519.0429979462522,97.43,169388.0
buy,169690,96.36,2117.4451180091346,0.0,5m BUY signal,2014-07-28 09:45:00,1.4810580015182495,1.3499999999999996,FREE,,,
sell,169710,96.68,2117.4451180091346,0.0,5m SELL signal,2014-07-28 11:25:00,1.507894515991211,-0.5,FREE,677.5824377629388,96.36,169690.0
buy,169719,96.465,2122.1644535232795,0.0,5m BUY signal,2014-07-28 12:10:00,1.5144926309585571,1.3499999999999996,FREE,,,
sell,169726,96.62,2122.1644535232795,0.0,5m SELL signal,2014-07-28 12:45:00,2.1563053131103516,-0.5,FREE,328.93549029611074,96.465,169719.0
buy,171002,93.62,2190.168014306978,0.0,5m BUY signal,2014-08-08 04:00:00,1.9022576808929443,1.5499999999999994,FREE,,,
sell,171011,93.92,2190.168014306978,0.0,5m SELL signal,2014-08-08 05:50:00,1.1822350025177002,1.1499999999999997,FREE,657.0504042920871,93.62,171002.0
buy,171079,94.385,2179.377866225686,0.0,5m BUY signal,2014-08-08 11:50:00,1.558678388595581,1.5499999999999994,FREE,,,
sell,171097,94.711,2179.377866225686,0.0,5m SELL signal,2014-08-08 13:20:00,1.1982572078704834,1.1499999999999997,FREE,710.4771843895593,94.385,171079.0
buy,171451,95.79,2154.828866145745,0.0,5m BUY signal,2014-08-13 07:20:00,1.2865376472473145,0.9499999999999997,FREE,,,
sell,171475,95.92,2154.828866145745,0.0,5m SELL signal,2014-08-13 09:35:00,2.1673145294189453,2.0999999999999996,FREE,280.12775259893704,95.79,171451.0
buy,172540,99.075,2086.20928428665,0.0,5m BUY signal,2014-08-22 14:05:00,1.8410648107528687,-0.5,FREE,,,
sell,173511,99.64,2086.20928428665,0.0,ADAPTIVE_FORCE_SELL->first acceptable 5m signal,2014-09-03 12:35:00,0.8256235718727112,0.34999999999999987,FORCE_SELL,1178.7082456219525,99.075,172540.0
buy,173719,99.3,2093.3523976467454,0.0,ADAPTIVE_FORCE_BUY->first acceptable 5m signal,2014-09-05 04:50:00,2.0606276988983154,1.3499999999999996,FORCE_BUY,,,
sell,173921,100.06,2093.3523976467454,0.0,5m SELL signal,2014-09-08 09:30:00,0.9020723104476929,0.3999999999999998,FREE,1590.9478222115372,99.3,173719.0
buy,173931,100.15,2091.4712022819103,0.0,5m BUY signal,2014-09-08 10:20:00,1.4160465002059937,1.1999999999999997,FREE,,,
sell,173943,100.2499,2091.4712022819103,0.0,5m SELL signal,2014-09-08 11:20:00,0.40576934814453125,0.3999999999999998,FREE,208.937973107944,100.15,173931.0
buy,173965,100.04,2095.859445038397,0.0,5m BUY signal,2014-09-08 13:10:00,1.3359711170196533,1.1999999999999997,FREE,,,
sell,173978,99.8,2095.859445038397,0.0,5m SELL signal,2014-09-08 14:15:00,0.920759379863739,0.3999999999999998,FREE,-503.0062668092344,100.04,173965.0
buy,174352,99.74,2097.12023876912,0.0,ADAPTIVE_FORCE_BUY->first acceptable 5m signal,2014-09-11 09:30:00,2.2418482303619385,1.3999999999999995,FORCE_BUY,,,
sell,174623,99.55,2097.12023876912,0.0,ADAPTIVE_FORCE_SELL->first acceptable 5m signal,2014-09-15 08:45:00,1.2453813552856445,1.1499999999999997,FORCE_SELL,-398.45284536612803,99.74,174352.0
buy,174742,98.36,2122.492067603354,0.0,5m BUY signal,2014-09-16 04:00:00,1.2213695049285889,0.9499999999999997,FREE,,,
sell,174757,98.43,2122.492067603354,0.0,5m SELL signal,2014-09-16 07:10:00,1.0962436199188232,-0.5,FREE,148.57444473225047,98.36,174742.0
buy,174783,98.22,2127.0300775218707,0.0,5m BUY signal,2014-09-16 09:30:00,1.168895959854126,0.9499999999999997,FREE,,,
sell,174787,98.57,2127.0300775218707,0.0,5m SELL signal,2014-09-16 09:50:00,0.767096221446991,-0.5,FREE,744.4605271326426,98.22,174783.0
buy,174802,98.37,2131.354627847217,0.0,5m BUY signal,2014-09-16 11:05:00,1.0868793725967407,0.9499999999999997,FREE,,,
sell,174807,98.72,2131.354627847217,0.0,5m SELL signal,2014-09-16 11:30:00,1.2732709646224976,-0.5,FREE,745.9741197465139,98.37,174802.0
buy,174863,99.37,2117.4129904506117,0.0,5m BUY signal,2014-09-16 16:10:00,1.3404563665390015,0.9499999999999997,FREE,,,
sell,174930,99.45,2117.4129904506117,0.0,ADAPTIVE_FORCE_SELL->first acceptable 5m signal,2014-09-17 09:30:00,0.5574395060539246,0.24999999999999978,FORCE_SELL,169.39303923604533,99.37,174863.0
buy,175218,100.4,2097.3777081704516,0.0,5m BUY signal,2014-09-19 07:05:00,0.40907302498817444,-0.5,FREE,,,
sell,175564,98.78,2097.3777081704516,0.0,5m SELL signal,2014-09-23 08:55:00,0.9867011904716492,-0.5,FREE,-3397.751887236141,100.4,175218.0
buy,175570,98.67,2099.7159218919346,0.0,5m BUY signal,2014-09-23 09:25:00,0.8965980410575867,0.6999999999999997,FREE,,,
sell,175572,98.88,2099.7159218919346,0.0,5m SELL signal,2014-09-23 09:35:00,1.1292353868484497,-0.5,FREE,440.9403435972931,98.67,175570.0
buy,175629,98.78,2101.8415707296467,0.0,5m BUY signal,2014-09-23 14:20:00,1.100479245185852,0.6999999999999997,FREE,,,
sell,175642,99.02,2101.8415707296467,0.0,5m SELL signal,2014-09-23 15:25:00,0.6793920397758484,-0.5,FREE,504.44197697510447,98.78,175629.0
buy,175655,98.57,2111.4370734873655,0.0,5m BUY signal,2014-09-23 16:30:00,2.1085281372070312,0.6999999999999997,FREE,,,
sell,175671,98.58,2111.4370734873655,0.0,5m SELL signal,2014-09-23 18:00:00,0.5008612871170044,-0.5,FREE,21.114370734884456,98.57,175655.0
buy,176170,97.82,2127.8416142341493,0.0,5m BUY signal,2014-09-29 09:00:00,2.8671200275421143,1.0999999999999996,FREE,,,
sell,176303,99.2,2127.8416142341493,0.0,5m SELL signal,2014-09-30 07:15:00,1.9874440431594849,1.7499999999999996,FREE,2936.4214276431467,97.82,176170.0
buy,176475,97.99,2154.1166254926793,0.0,5m BUY signal,2014-10-01 09:45:00,2.0694656372070312,1.4999999999999996,FREE,,,
sell,176491,98.0035,2154.1166254926793,0.0,5m SELL signal,2014-10-01 11:05:00,1.7480601072311401,1.3499999999999996,FREE,29.080574444167578,97.99,176475.0
buy,176499,97.7,2160.8082774459754,0.0,5m BUY signal,2014-10-01 11:45:00,2.2379868030548096,1.4999999999999996,FREE,,,
sell,177083,97.37,2160.8082774459754,0.0,ADAPTIVE_FORCE_SELL->first acceptable 5m signal,2014-10-07 10:10:00,2.2082457542419434,2.1999999999999993,FORCE_SELL,-713.0667315571682,97.7,176499.0
buy,177192,96.61,2177.806665716951,0.0,5m BUY signal,2014-10-08 05:50:00,2.0170810222625732,1.8999999999999995,FREE,,,
sell,177200,96.74,2177.806665716951,0.0,5m SELL signal,2014-10-08 06:40:00,2.2739975452423096,1.4499999999999995,FREE,283.1148665431937,96.61,177192.0
buy,177223,96.73,2178.031808554304,0.0,5m BUY signal,2014-10-08 08:40:00,2.492595672607422,1.8999999999999995,FREE,,,
sell,177256,96.65,2178.031808554304,0.0,5m SELL signal,2014-10-08 11:25:00,2.260098695755005,1.4499999999999995,FREE,-174.2425446843406,96.73,177223.0
buy,177956,93.67,2247.323308388742,0.0,5m BUY signal,2014-10-14 12:30:00,2.4895455837249756,2.4499999999999993,FREE,,,
sell,177964,93.82,2247.323308388742,0.0,5m SELL signal,2014-10-14 13:10:00,2.881680965423584,-0.5,FREE,337.0984962582922,93.67,177956.0
buy,177978,93.1025,2264.6424402463067,0.0,5m BUY signal,2014-10-14 14:20:00,2.700812816619873,2.4499999999999993,FREE,,,
sell,178025,93.5,2264.6424402463067,0.0,5m SELL signal,2014-10-14 18:15:00,3.8932318687438965,-0.5,FREE,900.1953699978927,93.1025,177978.0
buy,178218,91.12,2323.7935487602026,0.0,5m BUY signal,2014-10-16 05:15:00,2.6126632690429688,2.2999999999999994,FREE,,,
sell,178268,91.34,2323.7935487602026,0.0,5m SELL signal,2014-10-16 09:35:00,4.1360039710998535,2.4499999999999993,FREE,511.2345807272419,91.12,178218.0
buy,178276,90.79,2337.8709411141854,0.0,5m BUY signal,2014-10-16 10:15:00,2.8051717281341553,2.2999999999999994,FREE,,,
sell,178277,91.27,2337.8709411141854,0.0,5m SELL signal,2014-10-16 10:20:00,4.561731815338135,2.4499999999999993,FREE,1122.178051734785,90.79,178276.0
buy,178399,92.68,2302.3034181645626,0.0,5m BUY signal,2014-10-17 05:55:00,2.2915570735931396,-0.5,FREE,,,
sell,178428,92.91,2302.3034181645626,0.0,5m SELL signal,2014-10-17 08:30:00,3.1519460678100586,-0.5,FREE,529.5297861778258,92.68,178399.0
buy,178567,92.83,2304.2875210779866,0.0,5m BUY signal,2014-10-20 07:05:00,2.390645980834961,-0.5,FREE,,,
sell,178574,92.96,2304.2875210779866,0.0,5m SELL signal,2014-10-20 07:40:00,3.8830668926239014,-0.5,FREE,299.5573777401278,92.83,178567.0
buy,178590,92.96,2304.2875210779866,0.0,5m BUY signal,2014-10-20 09:00:00,1.6975898742675781,-0.5,FREE,,,
sell,178598,93.46,2304.2875210779866,0.0,5m SELL signal,2014-10-20 09:40:00,3.575476884841919,-0.5,FREE,1152.1437605389933,92.96,178590.0
buy,178940,96.73,2226.3900725726107,0.0,5m BUY signal,2014-10-22 09:35:00,1.8670001029968262,-0.5,FREE,,,
sell,179758,99.88,2226.3900725726107,0.0,5m SELL signal,2014-10-29 08:15:00,2.3923840522766113,1.8999999999999995,FREE,7013.128728603705,96.73,178940.0
buy,179784,99.82,2227.7283154533397,0.0,5m BUY signal,2014-10-29 10:25:00,2.6025683879852295,-0.5,FREE,,,
sell,179845,99.76,2227.7283154533397,0.0,5m SELL signal,2014-10-29 15:30:00,2.1399688720703125,1.8999999999999995,FREE,-133.66369892717378,99.82,179784.0
buy,179853,99.81,2226.6123309250092,0.0,5m BUY signal,2014-10-29 16:10:00,2.114941358566284,-0.5,FREE,,,
sell,180049,101.03,2226.6123309250092,0.0,5m SELL signal,2014-10-31 04:00:00,2.836764335632324,-0.5,FREE,2716.4670437285085,99.81,179853.0
buy,180173,101.085,2225.4008388322077,0.0,5m BUY signal,2014-10-31 14:45:00,2.8163235187530518,2.499999999999999,FREE,,,
sell,180187,101.4,2225.4008388322077,0.0,5m SELL signal,2014-10-31 15:55:00,2.8788516521453857,-0.5,FREE,701.0012642321719,101.085,180173.0
buy,180195,101.29,2227.817603490827,0.0,5m BUY signal,2014-10-31 16:35:00,3.519304037094116,2.499999999999999,FREE,,,
sell,180211,101.38,2227.817603490827,0.0,5m SELL signal,2014-10-31 19:20:00,3.235896587371826,-0.5,FREE,200.50358431415037,101.29,180195.0
buy,180325,101.47,2225.841614683158,0.0,5m BUY signal,2014-11-03 15:25:00,2.0905027389526367,-0.5,FREE,,,
sell,180453,101.22,2225.841614683158,0.0,5m SELL signal,2014-11-04 12:45:00,1.3119852542877197,-0.5,FREE,-556.4604036707894,101.47,180325.0
buy,180460,101.12,2228.0428029888176,0.0,5m BUY signal,2014-11-04 13:20:00,2.0355162620544434,-0.5,FREE,,,
sell,180466,101.35,2228.0428029888176,0.0,5m SELL signal,2014-11-04 13:50:00,1.6751900911331177,-0.5,FREE,512.4498446874053,101.12,180460.0
buy,180474,101.26,2230.023089896471,0.0,5m BUY signal,2014-11-04 14:30:00,2.548499822616577,-0.5,FREE,,,
sell,180484,101.45,2230.023089896471,0.0,5m SELL signal,2014-11-04 15:20:00,1.5774569511413574,-0.5,FREE,423.7043870803244,101.26,180474.0
buy,180570,101.4,2231.1227068047037,0.0,5m BUY signal,2014-11-05 09:45:00,2.7207283973693848,-0.5,FREE,,,
sell,180585,101.54,2231.1227068047037,0.0,5m SELL signal,2014-11-05 11:00:00,1.2720690965652466,-0.5,FREE,312.3571789526598,101.4,180570.0
buy,180616,101.13,2240.16809699347,0.0,5m BUY signal,2014-11-05 13:35:00,2.8608858585357666,-0.5,FREE,,,
sell,180623,101.19,2240.16809699347,0.0,5m SELL signal,2014-11-05 14:10:00,1.358313798904419,-0.5,FREE,134.4100858196133,101.13,180616.0
buy,180631,101.17,2240.6109492415662,0.0,5m BUY signal,2014-11-05 14:50:00,2.421734094619751,-0.5,FREE,,,
sell,180645,101.32,2240.6109492415662,0.0,5m SELL signal,2014-11-05 16:00:00,1.3432613611221313,-0.5,FREE,336.0916423862158,101.17,180631.0
buy,180675,101.17,2243.9329976984823,0.0,5m BUY signal,2014-11-05 19:50:00,2.625124454498291,-0.5,FREE,,,
sell,181439,102.97,2243.9329976984823,0.0,5m SELL signal,2014-11-13 09:45:00,1.5236037969589233,1.2999999999999996,FREE,4039.0793958572617,101.17,180675.0
buy,181457,102.85,2246.5511013418836,0.0,5m BUY signal,2014-11-13 11:15:00,1.5966087579727173,1.4999999999999996,FREE,,,
sell,181537,102.8,2246.5511013418836,0.0,5m SELL signal,2014-11-13 18:55:00,1.353042483329773,1.2999999999999996,FREE,-112.3275550670878,102.85,181457.0
buy,181580,102.65,2249.833932956119,0.0,ADAPTIVE_FORCE_BUY->first acceptable 5m signal,2014-11-14 09:45:00,1.6074784994125366,1.5499999999999994,FORCE_BUY,,,
sell,182279,104.04,2249.833932956119,0.0,5m SELL signal,2014-11-21 04:00:00,1.617653489112854,-0.5,FREE,3127.269166809007,102.65,181580.0
buy,182317,104.5,2239.930357748848,0.0,5m BUY signal,2014-11-21 08:40:00,1.374358057975769,-0.5,FREE,,,
sell,182326,104.59,2239.930357748848,0.0,5m SELL signal,2014-11-21 09:25:00,0.4888686239719391,-0.5,FREE,201.59373219740397,104.5,182317.0
buy,182328,104.53,2241.216073059906,0.0,5m BUY signal,2014-11-21 09:35:00,1.2800711393356323,-0.5,FREE,,,
sell,182379,103.92,2241.216073059906,0.0,5m SELL signal,2014-11-21 13:50:00,0.6723294854164124,-0.5,FREE,-1367.1418045665414,104.53,182328.0
buy,182386,103.69,2246.1874270651506,0.0,5m BUY signal,2014-11-21 14:25:00,2.0858516693115234,-0.5,FREE,,,
sell,182393,103.875,2246.1874270651506,0.0,5m SELL signal,2014-11-21 15:00:00,1.0754213333129883,-0.5,FREE,415.54467400705795,103.69,182386.0
buy,183620,105.16,2218.740195762576,0.0,ADAPTIVE_FORCE_BUY->first acceptable 5m signal,2014-12-05 15:45:00,1.8638103008270264,1.4499999999999995,FORCE_BUY,,,
sell,183876,104.9,2218.740195762576,0.0,5m SELL signal,2014-12-09 13:35:00,2.619112968444824,2.349999999999999,FREE,-576.8724508982497,105.16,183620.0
buy,183887,104.54,2226.3807780322772,0.0,5m BUY signal,2014-12-09 14:30:00,2.412879467010498,2.3999999999999995,FREE,,,
sell,184011,104.47,2226.3807780322772,0.0,ADAPTIVE_FORCE_SELL->first acceptable 5m signal,2014-12-10 13:10:00,1.8561019897460938,1.6999999999999993,FORCE_SELL,-155.84665446227586,104.54,183887.0
buy,184898,103.19,2253.9974792231033,0.0,ADAPTIVE_FORCE_BUY->first acceptable 5m signal,2014-12-18 06:05:00,2.304588794708252,1.3499999999999996,FORCE_BUY,,,
sell,185826,104.67,2253.9974792231033,0.0,5m SELL signal,2014-12-30 10:55:00,1.546779990196228,-0.5,FREE,3335.916269250202,103.19,184898.0
buy,185830,104.61,2255.2902796126778,0.0,5m BUY signal,2014-12-30 11:15:00,1.8040944337844849,1.4999999999999996,FREE,,,
sell,186134,103.07,2255.2902796126778,0.0,ADAPTIVE_FORCE_SELL->first acceptable 5m signal,2015-01-02 15:40:00,1.959033727645874,-0.5,FORCE_SELL,-3473.147030603538,104.61,185830.0
buy,186528,101.24,2296.056589487146,0.0,5m BUY signal,2015-01-07 13:05:00,2.8091776371002197,2.4499999999999993,FREE,,,
sell,186592,102.08,2296.056589487146,0.0,5m SELL signal,2015-01-08 04:00:00,2.8256821632385254,-0.5,FREE,1928.6875351692106,101.24,186528.0
buy,186805,102.23,2292.6876323471374,0.0,5m BUY signal,2015-01-09 11:20:00,2.2386021614074707,2.1999999999999993,FREE,,,
sell,186936,101.87,2292.6876323471374,0.0,ADAPTIVE_FORCE_SELL->first acceptable 5m signal,2015-01-12 10:40:00,2.4631423950195312,2.3999999999999995,FORCE_SELL,-825.3675476449681,102.23,186805.0
buy,187185,100.82,2316.5650575997115,0.0,5m BUY signal,2015-01-14 04:00:00,3.58972430229187,1.5499999999999994,FREE,,,
sell,187293,101.02,2316.5650575997115,0.0,5m SELL signal,2015-01-14 15:15:00,3.306511163711548,2.499999999999999,FREE,463.3130115199489,100.82,187185.0
buy,187302,101.07,2315.4190374861273,0.0,5m BUY signal,2015-01-14 16:00:00,3.3462719917297363,1.5499999999999994,FREE,,,
sell,187310,101.25,2315.4190374861273,0.0,5m SELL signal,2015-01-14 16:40:00,3.0433411598205566,2.499999999999999,FREE,416.77542674751874,101.07,187302.0
buy,187515,98.76,2373.7968564749935,0.0,5m BUY signal,2015-01-16 05:00:00,3.574871063232422,-0.5,FREE,,,
sell,187525,99.12,2373.7968564749935,0.0,5m SELL signal,2015-01-16 06:25:00,3.500781536102295,-0.5,FREE,854.5668683309963,98.76,187515.0
buy,187529,99.0,2376.674185997994,0.0,5m BUY signal,2015-01-16 07:20:00,2.907891035079956,-0.5,FREE,,,
sell,187543,99.27,2376.674185997994,0.0,5m SELL signal,2015-01-16 08:30:00,2.5296661853790283,-0.5,FREE,641.7020302194488,99.0,187529.0
buy,187690,101.47,2325.1448353604105,0.0,ADAPTIVE_FORCE_BUY->first acceptable 5m signal,2015-01-20 08:45:00,1.5777462720870972,-0.5,FORCE_BUY,,,
sell,187983,102.62,2325.1448353604105,0.0,5m SELL signal,2015-01-22 08:40:00,2.983130693435669,-0.5,FREE,2673.916560664485,101.47,187690.0
buy,187995,102.16,2335.6143598735844,0.0,5m BUY signal,2015-01-22 09:40:00,3.1317100524902344,2.1499999999999995,FREE,,,
sell,188002,102.59,2335.6143598735844,0.0,5m SELL signal,2015-01-22 10:15:00,2.542147397994995,-0.5,FREE,1004.3141747456572,102.16,187995.0
buy,188021,103.0562,2325.0486353992387,0.0,5m BUY signal,2015-01-22 11:50:00,2.2725212574005127,2.1499999999999995,FREE,,,
sell,188047,103.2158,2325.0486353992387,0.0,5m SELL signal,2015-01-22 14:00:00,2.4717726707458496,-0.5,FREE,371.0777622097127,103.0562,188021.0
buy,188287,103.77,2312.6313476114556,0.0,ADAPTIVE_FORCE_BUY->first acceptable 5m signal,2015-01-26 09:30:00,2.1555979251861572,1.4999999999999996,FORCE_BUY,,,
sell,188502,102.45,2312.6313476114556,0.0,5m SELL signal,2015-01-27 14:20:00,2.591839075088501,-0.5,FREE,-3052.6733788471056,103.77,188287.0
buy,188509,102.14,2319.6502992245314,0.0,5m BUY signal,2015-01-27 14:55:00,3.016897439956665,1.9999999999999996,FREE,,,
sell,188528,102.67,2319.6502992245314,0.0,5m SELL signal,2015-01-27 16:30:00,3.8563954830169678,-0.5,FREE,1229.4146585890044,102.14,188509.0
buy,188534,102.64,2320.328295220018,0.0,5m BUY signal,2015-01-27 17:00:00,3.860325336456299,1.9999999999999996,FREE,,,
sell,188567,102.8,2320.328295220018,0.0,ADAPTIVE_FORCE_SELL->first acceptable 5m signal,2015-01-28 04:40:00,3.746779680252075,-0.5,FORCE_SELL,371.252527235195,102.64,188534.0
buy,188736,100.82,2365.897131011881,0.0,5m BUY signal,2015-01-29 07:45:00,3.0937156677246094,2.3999999999999995,FREE,,,
sell,188804,100.87,2365.897131011881,0.0,5m SELL signal,2015-01-29 13:25:00,1.195589303970337,-0.5,FREE,118.29485655062095,100.82,188736.0
buy,189419,103.01,2316.746370305489,0.0,5m BUY signal,2015-02-04 12:25:00,2.2376489639282227,2.1499999999999995,FREE,,,
sell,189429,103.055,2316.746370305489,0.0,5m SELL signal,2015-02-04 13:15:00,3.367600202560425,2.3999999999999995,FREE,104.25358666375097,103.01,189419.0
buy,189843,102.81,2322.267261860054,0.0,ADAPTIVE_FORCE_BUY->first acceptable 5m signal,2015-02-09 10:20:00,2.407802104949951,2.3999999999999995,FORCE_BUY,,,
sell,190947,107.66,2322.267261860054,0.0,5m SELL signal,2015-02-20 08:50:00,2.1315200328826904,-0.5,FREE,11262.996220021249,102.81,189843.0
buy,190957,107.4246,2327.356056358166,0.0,5m BUY signal,2015-02-20 09:40:00,2.7066380977630615,-0.5,FREE,,,
sell,190992,107.81,2327.356056358166,0.0,5m SELL signal,2015-02-20 12:35:00,1.6336342096328735,-0.5,FREE,896.9630241204469,107.4246,190957.0
buy,191093,108.17,2319.610395081574,0.0,ADAPTIVE_FORCE_BUY->first acceptable 5m signal,2015-02-23 10:15:00,2.4011831283569336,-0.5,FORCE_BUY,,,
sell,191364,108.5,2319.610395081574,0.0,5m SELL signal,2015-02-25 10:00:00,1.1182703971862793,0.8499999999999996,FREE,765.4714303769155,108.17,191093.0
buy,191490,108.27,2324.5379871280206,0.0,ADAPTIVE_FORCE_BUY->first acceptable 5m signal,2015-02-26 09:30:00,2.3830697536468506,1.8499999999999996,FORCE_BUY,,,
sell,191942,108.44,2324.5379871280206,0.0,5m SELL signal,2015-03-03 12:50:00,1.0418658256530762,-0.5,FREE,395.1714578117675,108.27,191490.0
buy,192157,108.59,2321.3270036298236,0.0,ADAPTIVE_FORCE_BUY->first acceptable 5m signal,2015-03-05 07:40:00,1.7731232643127441,1.7499999999999996,FORCE_BUY,,,
sell,192359,107.65,2321.3270036298236,0.0,ADAPTIVE_FORCE_SELL->first acceptable 5m signal,2015-03-06 14:00:00,1.2372618913650513,0.8999999999999997,FORCE_SELL,-2182.047383412029,108.59,192157.0
buy,192441,107.27,2329.5502185210266,0.0,ADAPTIVE_FORCE_BUY->first acceptable 5m signal,2015-03-09 09:45:00,1.8031203746795654,1.6999999999999993,FORCE_BUY,,,
sell,192993,105.9,2329.5502185210266,0.0,5m SELL signal,2015-03-13 05:10:00,0.9297072291374207,0.5499999999999998,FREE,-3191.4837993737838,107.27,192441.0
buy,193005,105.67,2334.6206883824807,0.0,5m BUY signal,2015-03-13 07:50:00,2.408951759338379,2.2999999999999994,FREE,,,
sell,193020,105.75,2334.6206883824807,0.0,5m SELL signal,2015-03-13 09:10:00,0.5701475143432617,0.5499999999999998,FREE,186.76965507059447,105.67,193005.0
buy,193031,105.54,2339.266039382673,0.0,5m BUY signal,2015-03-13 10:05:00,2.355560064315796,2.2999999999999994,FREE,,,
sell,193061,105.07,2339.266039382673,0.0,5m SELL signal,2015-03-13 12:35:00,1.5346468687057495,0.5499999999999998,FREE,-1099.455038509887,105.54,193031.0
buy,193071,104.74,2346.6362684546257,0.0,5m BUY signal,2015-03-13 13:25:00,2.563915252685547,2.2999999999999994,FREE,,,
sell,193084,104.94,2346.6362684546257,0.0,5m SELL signal,2015-03-13 14:30:00,0.6885858178138733,0.5499999999999998,FREE,469.3272536909318,104.74,193071.0
buy,193125,105.52,2333.7377749396173,0.0,ADAPTIVE_FORCE_BUY->first acceptable 5m signal,2015-03-16 07:25:00,1.7258954048156738,1.5499999999999994,FORCE_BUY,,,
sell,193404,106.53,2333.7377749396173,0.0,ADAPTIVE_FORCE_SELL->first acceptable 5m signal,2015-03-18 08:55:00,3.200185775756836,2.499999999999999,FORCE_SELL,2357.0751526890253,105.52,193125.0
buy,193543,108.0,2301.973010780717,0.0,ADAPTIVE_FORCE_BUY->first acceptable 5m signal,2015-03-19 08:15:00,1.9481453895568848,1.7999999999999994,FORCE_BUY,,,
sell,193940,108.42,2301.973010780717,0.0,5m SELL signal,2015-03-24 07:00:00,2.214038610458374,-0.5,FREE,966.828664527905,108.0,193543.0
buy,194010,108.22,2306.2272577050944,0.0,5m BUY signal,2015-03-24 13:25:00,2.6675431728363037,2.3999999999999995,FREE,,,
sell,194030,108.26,2306.2272577050944,0.0,5m SELL signal,2015-03-24 15:05:00,2.0830376148223877,-0.5,FREE,92.2490903082182,108.22,194010.0
buy,194282,104.47,2389.893394459209,0.0,ADAPTIVE_FORCE_BUY->first acceptable 5m signal,2015-03-26 10:15:00,2.513012409210205,2.3999999999999995,FORCE_BUY,,,
sell,194698,106.26,2389.893394459209,0.0,5m SELL signal,2015-03-31 07:40:00,1.6573108434677124,-0.5,FREE,4277.909176081999,104.47,194282.0
buy,194786,106.08,2393.9486434317078,0.0,5m BUY signal,2015-03-31 15:05:00,2.013880491256714,1.7499999999999996,FREE,,,
sell,195817,107.75,2393.9486434317078,0.0,5m SELL signal,2015-04-13 08:10:00,2.725724697113037,2.2499999999999996,FREE,3997.894234530956,106.08,194786.0
buy,195904,107.52,2399.0696273229773,0.0,5m BUY signal,2015-04-13 15:25:00,0.9182770848274231,-0.5,FREE,,,
sell,196541,107.07,2399.0696273229773,0.0,5m SELL signal,2015-04-20 09:45:00,2.5220727920532227,2.349999999999999,FREE,-1079.5813322953466,107.52,195904.0
buy,196659,107.92,2380.1740640981393,0.0,ADAPTIVE_FORCE_BUY->first acceptable 5m signal,2015-04-21 05:20:00,1.097896933555603,0.7999999999999998,FORCE_BUY,,,
sell,197292,110.71,2380.1740640981393,0.0,5m SELL signal,2015-04-27 06:45:00,3.2910194396972656,2.2999999999999994,FREE,6640.68563883379,107.92,196659.0
buy,197368,110.4,2386.857523879574,0.0,5m BUY signal,2015-04-27 13:20:00,0.9377533197402954,0.7999999999999998,FREE,,,
sell,197484,109.8,2386.857523879574,0.0,5m SELL signal,2015-04-28 10:40:00,4.030797958374023,-0.5,FREE,-1432.1145143277647,110.4,197368.0
buy,197590,109.82,2386.4228384809435,0.0,5m BUY signal,2015-04-29 08:05:00,1.7658653259277344,1.5999999999999996,FREE,,,
sell,197745,108.9,2386.4228384809435,0.0,ADAPTIVE_FORCE_SELL->first acceptable 5m signal,2015-04-30 08:10:00,4.26209020614624,-0.5,FORCE_SELL,-2195.5090114024383,109.82,197590.0
buy,197947,108.3,2399.6440176415026,0.0,ADAPTIVE_FORCE_BUY->first acceptable 5m signal,2015-05-01 11:55:00,1.6258865594863892,1.5499999999999994,FORCE_BUY,,,
sell,198031,109.21,2399.6440176415026,0.0,5m SELL signal,2015-05-04 06:45:00,3.633002758026123,1.7999999999999994,FREE,2183.676056053759,108.3,197947.0
buy,198140,109.2,2399.8637652621655,0.0,5m BUY signal,2015-05-04 16:00:00,1.989737868309021,1.7999999999999994,FREE,,,
sell,198378,107.0951,2399.8637652621655,0.0,5m SELL signal,2015-05-06 11:05:00,2.148927688598633,-0.5,FREE,-5051.473239500334,109.2,198140.0
buy,198399,106.64,2410.105494440437,0.0,5m BUY signal,2015-05-06 12:50:00,2.165682315826416,2.1499999999999995,FREE,,,
sell,198464,106.79,2410.105494440437,0.0,5m SELL signal,2015-05-06 18:35:00,1.6292977333068848,-0.5,FREE,361.5158241660792,106.64,198399.0
buy,198477,106.6,2414.401179655669,0.0,5m BUY signal,2015-05-06 19:55:00,2.45086407661438,2.1499999999999995,FREE,,,
sell,198793,108.7,2414.401179655669,0.0,5m SELL signal,2015-05-11 07:40:00,1.4481174945831299,1.2499999999999996,FREE,5070.2424772769255,106.6,198477.0
buy,198892,108.18,2426.006731637744,0.0,5m BUY signal,2015-05-11 16:10:00,2.136023998260498,2.0499999999999994,FREE,,,
sell,198909,108.18,2426.006731637744,0.0,5m SELL signal,2015-05-11 18:20:00,1.326524019241333,1.2499999999999996,FREE,0.0,108.18,198892.0
buy,198920,107.62,2438.6304425624526,0.0,ADAPTIVE_FORCE_BUY->first acceptable 5m signal,2015-05-12 04:00:00,1.639655351638794,1.1499999999999997,FORCE_BUY,,,
sell,199089,108.48,2438.6304425624526,0.0,5m SELL signal,2015-05-13 03:55:00,3.391866683959961,2.499999999999999,FREE,2097.222180603708,107.62,198920.0
buy,199184,107.94,2450.8303725141272,0.0,5m BUY signal,2015-05-13 14:20:00,1.2675963640213013,-0.5,FREE,,,
sell,199210,108.06,2450.8303725141272,0.0,5m SELL signal,2015-05-13 16:30:00,2.656331777572632,2.499999999999999,FREE,294.09964470170644,107.94,199184.0
buy,199519,109.34,2422.139473695597,0.0,ADAPTIVE_FORCE_BUY->first acceptable 5m signal,2015-05-18 06:00:00,1.1751329898834229,1.0999999999999996,FORCE_BUY,,,
sell,200207,110.42,2422.139473695597,0.0,5m SELL signal,2015-05-26 07:35:00,2.91160249710083,-0.5,FREE,2615.910631591241,109.34,199519.0
buy,200220,110.15,2428.0766290101483,0.0,5m BUY signal,2015-05-26 08:50:00,1.3664891719818115,0.5499999999999998,FREE,,,
sell,200262,109.325,2428.0766290101483,0.0,5m SELL signal,2015-05-26 12:20:00,3.3843886852264404,-0.5,FREE,-2003.1632189333793,110.15,200220.0
buy,200270,109.0562,2434.061313951288,0.0,5m BUY signal,2015-05-26 13:00:00,1.117806315422058,0.5499999999999998,FREE,,,
sell,200678,110.4,2434.061313951288,0.0,5m SELL signal,2015-05-29 12:00:00,2.0239486694335938,1.7499999999999996,FREE,3270.8915936877447,109.0562,200270.0
buy,200800,109.93,2444.468016558011,0.0,ADAPTIVE_FORCE_BUY->first acceptable 5m signal,2015-06-01 09:50:00,1.6475571393966675,1.0499999999999996,FORCE_BUY,,,
sell,201249,110.4,2444.468016558011,0.0,5m SELL signal,2015-06-04 10:00:00,2.5324530601501465,1.9499999999999993,FREE,1148.8999677822624,109.93,200800.0
buy,201288,109.44,2465.910718457643,0.0,5m BUY signal,2015-06-04 13:15:00,1.9464975595474243,1.8999999999999995,FREE,,,
sell,201309,109.6,2465.910718457643,0.0,5m SELL signal,2015-06-04 15:00:00,2.011012077331543,1.9499999999999993,FREE,394.54571495321443,109.44,201288.0
buy,201353,109.45,2469.290221498014,0.0,ADAPTIVE_FORCE_BUY->first acceptable 5m signal,2015-06-05 06:10:00,1.51508367061615,0.6999999999999997,FORCE_BUY,,,
sell,201508,109.36,2469.290221498014,0.0,5m SELL signal,2015-06-08 08:30:00,2.1486635208129883,1.2999999999999996,FREE,-222.23611993482967,109.45,201353.0
buy,201514,109.21,2472.681793086923,0.0,5m BUY signal,2015-06-08 09:00:00,1.8249468803405762,1.5999999999999996,FREE,,,
sell,201573,108.13,2472.681793086923,0.0,5m SELL signal,2015-06-08 13:55:00,2.006239652633667,1.2999999999999996,FREE,-2670.4963365338726,109.21,201514.0
buy,201591,108.35,2467.661119395376,0.0,5m BUY signal,2015-06-08 15:25:00,1.7290077209472656,1.5999999999999996,FREE,,,
sell,202890,109.79,2467.661119395376,0.0,5m SELL signal,2015-06-19 18:40:00,3.0763394832611084,2.2999999999999994,FREE,3553.4320119293707,108.35,201591.0
buy,203092,110.45,2452.9154757665756,0.0,ADAPTIVE_FORCE_BUY->first acceptable 5m signal,2015-06-23 10:45:00,0.9594948291778564,0.9499999999999997,FORCE_BUY,,,
sell,203204,110.66,2452.9154757665756,0.0,ADAPTIVE_FORCE_SELL->first acceptable 5m signal,2015-06-24 09:25:00,2.562140703201294,2.499999999999999,FORCE_SELL,515.1122499109655,110.45,203092.0
buy,203332,110.51,2456.2449239736607,0.0,5m BUY signal,2015-06-25 08:35:00,1.099900722503662,0.9999999999999996,FREE,,,
sell,203351,110.58,2456.2449239736607,0.0,5m SELL signal,2015-06-25 10:10:00,2.4299004077911377,2.2999999999999994,FREE,171.9371446781395,110.51,203332.0
buy,203357,110.415,2459.9154434905345,0.0,5m BUY signal,2015-06-25 10:40:00,1.2632254362106323,0.9999999999999996,FREE,,,
sell,203363,110.685,2459.9154434905345,0.0,5m SELL signal,2015-06-25 11:10:00,2.468686580657959,2.2999999999999994,FREE,664.1771697424346,110.415,203357.0
buy,203369,110.6,2461.8059752509025,0.0,5m BUY signal,2015-06-25 11:40:00,1.1741255521774292,0.9999999999999996,FREE,,,
sell,203409,110.13,2461.8059752509025,0.0,5m SELL signal,2015-06-25 15:00:00,2.679854154586792,2.2999999999999994,FREE,-1157.0488083679213,110.6,203369.0
buy,203466,109.91,2466.7336189098523,0.0,5m BUY signal,2015-06-26 08:40:00,0.9004253149032593,0.8499999999999996,FREE,,,
sell,203473,109.98,2466.7336189098523,0.0,5m SELL signal,2015-06-26 09:15:00,2.4059031009674072,2.0499999999999994,FREE,172.6713533237079,109.91,203466.0
buy,203491,109.63,2474.6088060540505,0.0,5m BUY signal,2015-06-26 10:45:00,0.9165526032447815,0.8499999999999996,FREE,,,
sell,203542,109.3,2474.6088060540505,0.0,5m SELL signal,2015-06-26 15:00:00,3.4376606941223145,2.0499999999999994,FREE,-816.6209059978324,109.63,203491.0
buy,203549,109.265,2475.4014780735615,0.0,5m BUY signal,2015-06-26 15:35:00,0.9470518827438354,0.8499999999999996,FREE,,,
sell,203763,107.21,2475.4014780735615,0.0,ADAPTIVE_FORCE_SELL->first acceptable 5m signal,2015-06-30 05:00:00,1.777281403541565,-0.5,FORCE_SELL,-5086.9500374411855,109.265,203549.0
buy,205975,112.81,2352.5200998516666,0.0,ADAPTIVE_FORCE_BUY->first acceptable 5m signal,2015-07-21 16:35:00,2.3360142707824707,2.1999999999999993,FORCE_BUY,,,
sell,206066,113.039,2352.5200998516666,0.0,5m SELL signal,2015-07-22 09:55:00,2.3671345710754395,-0.5,FREE,538.7271028660298,112.81,205975.0
buy,206075,112.65,2360.6437600278073,0.0,5m BUY signal,2015-07-22 10:40:00,1.593032717704773,1.5499999999999994,FREE,,,
sell,206126,112.825,2360.6437600278073,0.0,5m SELL signal,2015-07-22 14:55:00,2.07564640045166,-0.5,FREE,413.11265800485955,112.65,206075.0
buy,206132,112.548,2366.4537106402367,0.0,5m BUY signal,2015-07-22 15:25:00,1.8040395975112915,1.5499999999999994,FREE,,,
sell,206139,112.7,2366.4537106402367,0.0,5m SELL signal,2015-07-22 16:00:00,2.0397469997406006,-0.5,FREE,359.7009640173184,112.548,206132.0
buy,211892,104.87,2543.1423017941706,0.0,ADAPTIVE_FORCE_BUY->first acceptable 5m signal,2015-09-15 04:25:00,2.156078815460205,1.0499999999999996,FORCE_BUY,,,
sell,212217,107.02,2543.1423017941706,0.0,5m SELL signal,2015-09-17 08:30:00,5.34228515625,-0.5,FREE,5467.755948857445,104.87,211892.0
buy,212218,107.0,2543.6176554954404,0.0,5m BUY signal,2015-09-17 08:35:00,1.4742262363433838,0.9499999999999997,FREE,,,
sell,212235,107.1,2543.6176554954404,0.0,5m SELL signal,2015-09-17 10:00:00,3.762880563735962,-0.5,FREE,254.3617655495296,107.0,212218.0
buy,212254,107.12,2543.142745552293,0.0,5m BUY signal,2015-09-17 11:35:00,1.1432238817214966,0.9499999999999997,FREE,,,
sell,212261,107.21,2543.142745552293,0.0,5m SELL signal,2015-09-17 12:10:00,4.315268516540527,-0.5,FREE,228.8828470996789,107.12,212254.0
buy,212355,106.04,2571.2026947440713,0.0,ADAPTIVE_FORCE_BUY->first acceptable 5m signal,2015-09-18 06:20:00,1.4277832508087158,0.9499999999999997,FORCE_BUY,,,
sell,213045,103.19,2571.2026947440713,0.0,5m SELL signal,2015-09-24 08:10:00,3.130253553390503,2.2499999999999996,FREE,-7327.927680020625,106.04,212355.0
buy,213059,103.01,2575.6956224700584,0.0,5m BUY signal,2015-09-24 09:20:00,2.821077823638916,2.4499999999999993,FREE,,,
sell,213124,103.81,2575.6956224700584,0.0,5m SELL signal,2015-09-24 14:45:00,2.901968479156494,2.2499999999999996,FREE,2060.5564979760393,103.01,213059.0
buy,213529,100.43,2662.381385727539,0.0,5m BUY signal,2015-09-29 06:40:00,3.5585851669311523,-0.5,FREE,,,
sell,213546,100.71,2662.381385727539,0.0,5m SELL signal,2015-09-29 08:20:00,2.5332348346710205,1.9499999999999993,FREE,745.4667880036761,100.43,213529.0
buy,213555,100.46,2669.0068620009997,0.0,5m BUY signal,2015-09-29 09:05:00,3.522831439971924,-0.5,FREE,,,
sell,213636,99.54,2669.0068620009997,0.0,5m SELL signal,2015-09-29 15:50:00,3.9347786903381348,1.9499999999999993,FREE,-2455.486313040886,100.46,213555.0
buy,213669,99.65,2666.060642685193,0.0,5m BUY signal,2015-09-29 19:25:00,2.4739561080932617,-0.5,FREE,,,
sell,213678,100.63,2666.060642685193,0.0,5m SELL signal,2015-09-30 04:25:00,4.964249134063721,-0.5,FREE,2612.739429831462,99.65,213669.0
buy,213830,101.41,2645.554506196736,0.0,ADAPTIVE_FORCE_BUY->first acceptable 5m signal,2015-09-30 17:45:00,2.674294948577881,-0.5,FORCE_BUY,,,
sell,214016,102.74,2645.554506196736,0.0,5m SELL signal,2015-10-02 04:05:00,4.283320426940918,1.8499999999999996,FREE,3518.587493241654,101.41,213830.0
buy,214058,100.62,2701.294672695812,0.0,5m BUY signal,2015-10-02 09:30:00,5.283296585083008,-0.5,FREE,,,
sell,214067,101.04,2701.294672695812,0.0,5m SELL signal,2015-10-02 10:15:00,4.190770626068115,1.8499999999999996,FREE,1134.5437625322456,100.62,214058.0
buy,214107,102.71,2657.3733203114093,0.0,5m BUY signal,2015-10-02 13:35:00,2.823873519897461,-0.5,FREE,,,
sell,214125,103.25,2657.3733203114093,0.0,5m SELL signal,2015-10-02 15:05:00,4.465879917144775,1.8499999999999996,FREE,1434.9815929681777,102.71,214107.0
buy,214287,105.4777,2601.249319260403,0.0,5m BUY signal,2015-10-05 15:15:00,0.9983097910881042,-0.5,FREE,,,
sell,214381,105.26,2601.249319260403,0.0,5m SELL signal,2015-10-06 09:15:00,5.015284538269043,-0.5,FREE,-566.291976802973,105.4777,214287.0
buy,214507,105.62,2592.383103061447,0.0,ADAPTIVE_FORCE_BUY->first acceptable 5m signal,2015-10-07 05:25:00,2.246962547302246,0.7999999999999998,FORCE_BUY,,,
sell,214675,105.24,2592.383103061447,0.0,5m SELL signal,2015-10-08 06:05:00,4.635875225067139,-0.5,FREE,-985.1055791633748,105.62,214507.0
buy,214709,105.16,2594.3552469207557,0.0,5m BUY signal,2015-10-08 09:30:00,1.0748291015625,0.8499999999999996,FREE,,,
sell,214742,104.89,2594.3552469207557,0.0,5m SELL signal,2015-10-08 12:15:00,6.357777118682861,-0.5,FREE,-700.4759166685938,105.16,214709.0
buy,214749,104.35,2607.780755625473,0.0,5m BUY signal,2015-10-08 12:50:00,1.0347387790679932,0.8499999999999996,FREE,,,
sell,214755,104.7349,2607.780755625473,0.0,5m SELL signal,2015-10-08 13:20:00,5.09608793258667,-0.5,FREE,1003.7348128402492,104.35,214749.0
buy,214782,105.72,2583.481428891017,0.0,5m BUY signal,2015-10-08 15:35:00,1.3495566844940186,0.8499999999999996,FREE,,,
sell,214847,106.28,2583.481428891017,0.0,5m SELL signal,2015-10-09 08:05:00,3.97711181640625,-0.5,FREE,1446.7496001789755,105.72,214782.0
buy,214861,106.15,2586.6453722330407,0.0,5m BUY signal,2015-10-09 09:15:00,1.4259105920791626,0.9499999999999997,FREE,,,
sell,214876,106.43,2586.6453722330407,0.0,5m SELL signal,2015-10-09 10:30:00,4.505779266357422,-0.5,FREE,724.2607042252544,106.15,214861.0
buy,214890,106.266,2590.6373343003643,0.0,5m BUY signal,2015-10-09 11:40:00,1.1943460702896118,0.9499999999999997,FREE,,,
sell,214915,106.24,2590.6373343003643,0.0,5m SELL signal,2015-10-09 13:45:00,4.009711742401123,-0.5,FREE,-67.35657069183657,106.266,214890.0
buy,214946,106.49,2584.5554549353997,0.0,5m BUY signal,2015-10-09 16:20:00,1.5590546131134033,0.9499999999999997,FREE,,,
sell,214967,106.58,2584.5554549353997,0.0,ADAPTIVE_FORCE_SELL->first acceptable 5m signal,2015-10-12 04:10:00,4.787844181060791,-0.5,FORCE_SELL,232.60999094419478,106.49,214946.0
buy,215666,107.56,2561.007069421856,0.0,5m BUY signal,2015-10-16 12:40:00,1.105674386024475,-0.5,FREE,,,
sell,215672,107.69,2561.007069421856,0.0,5m SELL signal,2015-10-16 13:10:00,1.9140162467956543,1.8999999999999995,FREE,332.9309190248297,107.56,215666.0
buy,215680,107.6,2563.1491757066883,0.0,5m BUY signal,2015-10-16 13:50:00,1.2320576906204224,-0.5,FREE,,,
sell,215689,107.8,2563.1491757066883,0.0,5m SELL signal,2015-10-16 14:35:00,2.0900707244873047,1.8999999999999995,FREE,512.629835141345,107.6,215680.0
buy,215724,108.35,2550.1382661853345,0.0,5m BUY signal,2015-10-16 17:50:00,2.0742924213409424,-0.5,FREE,,,
sell,220444,115.05,2550.1382661853345,0.0,ADAPTIVE_FORCE_SELL->first acceptable 5m signal,2015-12-03 04:00:00,2.8084657192230225,-0.5,FORCE_SELL,17085.926383441747,108.35,215724.0
buy,220667,114.11,2571.1454519728572,0.0,ADAPTIVE_FORCE_BUY->first acceptable 5m signal,2015-12-04 11:40:00,2.466693639755249,1.4999999999999996,FORCE_BUY,,,
sell,221032,114.45,2571.1454519728572,0.0,5m SELL signal,2015-12-09 06:35:00,4.560095310211182,-0.5,FREE,874.1894536707803,114.11,220667.0
buy,221092,113.22,2599.0778747420377,0.0,5m BUY signal,2015-12-09 12:15:00,1.5914231538772583,1.4999999999999996,FREE,,,
sell,221111,112.7,2599.0778747420377,0.0,5m SELL signal,2015-12-09 13:50:00,2.4076366424560547,-0.5,FREE,-1351.5204948658493,113.22,221092.0
buy,221285,113.45,2581.8957821368676,0.0,ADAPTIVE_FORCE_BUY->first acceptable 5m signal,2015-12-10 15:15:00,1.8358811140060425,1.6999999999999993,FORCE_BUY,,,
sell,223182,113.84,2581.8957821368676,0.0,5m SELL signal,2015-12-30 10:50:00,3.6252200603485107,1.9499999999999993,FREE,1006.9393550333798,113.45,221285.0
buy,223238,113.47,2590.314760187371,0.0,5m BUY signal,2015-12-30 15:30:00,1.2438393831253052,-0.5,FREE,,,
sell,223379,112.25,2590.314760187371,0.0,ADAPTIVE_FORCE_SELL->first acceptable 5m signal,2015-12-31 15:35:00,2.406597852706909,1.9499999999999993,FORCE_SELL,-3160.1840074285897,113.47,223238.0
buy,223410,110.08,2641.37746939528,0.0,ADAPTIVE_FORCE_BUY->first acceptable 5m signal,2016-01-04 04:00:00,2.8542864322662354,1.1499999999999997,FORCE_BUY,,,
sell,223602,109.17,2641.37746939528,0.0,5m SELL signal,2016-01-05 06:05:00,1.7859477996826172,-0.5,FREE,-2403.653497149696,110.08,223410.0
buy,223640,109.53,2632.695867195131,0.0,5m BUY signal,2016-01-05 09:55:00,3.121432065963745,2.3999999999999995,FREE,,,
sell,223652,109.79,2632.695867195131,0.0,5m SELL signal,2016-01-05 10:55:00,2.003715991973877,-0.5,FREE,684.5009254707476,109.53,223640.0
buy,223665,109.12,2648.8606970248666,0.0,5m BUY signal,2016-01-05 12:00:00,3.432694435119629,2.3999999999999995,FREE,,,
sell,223684,109.26,2648.8606970248666,0.0,5m SELL signal,2016-01-05 13:35:00,2.138348340988159,-0.5,FREE,370.84049758348283,109.12,223665.0
buy,223698,109.51,2642.813622106994,0.0,5m BUY signal,2016-01-05 14:45:00,2.431082010269165,2.3999999999999995,FREE,,,
sell,223802,107.41,2642.813622106994,0.0,ADAPTIVE_FORCE_SELL->first acceptable 5m signal,2016-01-06 08:55:00,2.935709238052368,-0.5,FORCE_SELL,-5549.90860642471,109.51,223698.0
buy,224312,104.42,2718.488902035168,0.0,5m BUY signal,2016-01-11 07:55:00,2.714210271835327,2.499999999999999,FREE,,,
sell,224316,104.8,2718.488902035168,0.0,5m SELL signal,2016-01-11 08:15:00,1.7963443994522095,0.9499999999999997,FREE,1033.0257827733515,104.42,224312.0
buy,224326,104.68,2721.605243917516,0.0,5m BUY signal,2016-01-11 09:05:00,3.2102599143981934,2.499999999999999,FREE,,,
sell,224359,104.32,2721.605243917516,0.0,5m SELL signal,2016-01-11 11:50:00,2.3729608058929443,0.9499999999999997,FREE,-979.7778878103429,104.68,224326.0
buy,224365,103.71,2737.6131428548383,0.0,5m BUY signal,2016-01-11 12:20:00,3.1297569274902344,2.499999999999999,FREE,,,
sell,224393,103.822,2737.6131428548383,0.0,5m SELL signal,2016-01-11 14:40:00,1.7762701511383057,0.9499999999999997,FREE,306.61267199976646,103.71,224365.0
buy,224400,103.24,2753.0460259344736,0.0,5m BUY signal,2016-01-11 15:15:00,3.0199544429779053,2.499999999999999,FREE,,,
sell,224404,104.56,2753.0460259344736,0.0,5m SELL signal,2016-01-11 15:35:00,1.910785436630249,0.9499999999999997,FREE,3634.0207542335256,103.24,224400.0
buy,224532,104.64,2750.941250685288,0.0,5m BUY signal,2016-01-12 12:30:00,1.4069255590438843,-0.5,FREE,,,
sell,224540,105.01,2750.941250685288,0.0,5m SELL signal,2016-01-12 13:10:00,4.317925930023193,-0.5,FREE,1017.8482627535691,104.64,224532.0
buy,224550,104.25,2770.9960741914833,0.0,5m BUY signal,2016-01-12 14:00:00,2.039982557296753,-0.5,FREE,,,
sell,224561,105.26,2770.9960741914833,0.0,5m SELL signal,2016-01-12 14:55:00,4.1980814933776855,-0.5,FREE,2798.7060349334124,104.25,224550.0
buy,224582,105.18,2773.1036962292783,0.0,5m BUY signal,2016-01-12 16:40:00,1.85757315158844,-0.5,FREE,,,
sell,224598,105.24,2773.1036962292783,0.0,5m SELL signal,2016-01-12 18:00:00,4.045956134796143,-0.5,FREE,166.3862217737236,105.18,224582.0
buy,224809,101.7,2869.6306095493533,0.0,5m BUY signal,2016-01-14 05:30:00,2.354139566421509,1.7499999999999996,FREE,,,
sell,224880,103.31,2869.6306095493533,0.0,5m SELL signal,2016-01-14 12:00:00,4.644887447357178,-0.5,FREE,4620.105281374457,101.7,224809.0
buy,224934,103.84,2854.983997231738,0.0,5m BUY signal,2016-01-14 16:30:00,2.693991184234619,1.7499999999999996,FREE,,,
sell,224963,104.1,2854.983997231738,0.0,5m SELL signal,2016-01-14 19:00:00,5.749367713928223,-0.5,FREE,742.295839280226,103.84,224934.0
buy,224973,102.39,2902.6646558435777,0.0,ADAPTIVE_FORCE_BUY->first acceptable 5m signal,2016-01-15 04:00:00,2.8477418422698975,2.0499999999999994,FORCE_BUY,,,
sell,225144,102.31,2902.6646558435777,0.0,5m SELL signal,2016-01-19 04:00:00,5.519526958465576,-0.5,FREE,-232.21317246748126,102.39,224973.0
buy,225221,101.055,2938.7127894647115,0.0,5m BUY signal,2016-01-19 11:20:00,2.454287052154541,2.4499999999999993,FREE,,,
sell,225226,101.511,2938.7127894647115,0.0,5m SELL signal,2016-01-19 11:45:00,4.386559009552002,-0.5,FREE,1340.0530319958757,101.055,225221.0
buy,225232,101.0,2953.580930409429,0.0,5m BUY signal,2016-01-19 12:15:00,2.81150484085083,2.4499999999999993,FREE,,,
sell,225244,101.32,2953.580930409429,0.0,5m SELL signal,2016-01-19 13:15:00,3.5878469944000244,-0.5,FREE,945.1458977309971,101.0,225232.0
buy,225254,100.319,2983.0522619751328,0.0,5m BUY signal,2016-01-19 14:05:00,2.9700050354003906,2.4499999999999993,FREE,,,
sell,225266,100.53,2983.0522619751328,0.0,5m SELL signal,2016-01-19 15:05:00,3.780832052230835,-0.5,FREE,629.4240272767486,100.319,225254.0
buy,225315,100.82,2974.4717704459445,0.0,5m BUY signal,2016-01-19 19:10:00,3.1877899169921875,2.4499999999999993,FREE,,,
sell,225332,99.13,2974.4717704459445,0.0,5m SELL signal,2016-01-20 04:40:00,4.283275127410889,-0.5,FREE,-5026.857292053639,100.82,225315.0
buy,225338,98.92,2980.7863587172105,0.0,5m BUY signal,2016-01-20 05:35:00,5.201850414276123,-0.5,FREE,,,
sell,225345,99.27,2980.7863587172105,0.0,5m SELL signal,2016-01-20 06:25:00,4.1661529541015625,-0.5,FREE,1043.2752255510068,98.92,225338.0
buy,225382,99.36,2978.086371073445,0.0,5m BUY signal,2016-01-20 09:40:00,4.906051158905029,-0.5,FREE,,,
sell,225401,98.49,2978.086371073445,0.0,5m SELL signal,2016-01-20 11:15:00,5.6312174797058105,-0.5,FREE,-2590.935142833911,99.36,225382.0
buy,225414,97.47,3009.25132540293,0.0,5m BUY signal,2016-01-20 12:20:00,4.820874214172363,-0.5,FREE,,,
sell,225420,97.9,3009.25132540293,0.0,5m SELL signal,2016-01-20 12:50:00,7.107352256774902,-0.5,FREE,1293.9780699232804,97.47,225414.0
buy,225503,99.95,2947.530812975957,0.0,5m BUY signal,2016-01-21 04:00:00,3.407094955444336,-0.5,FREE,,,
sell,225519,100.22,2947.530812975957,0.0,5m SELL signal,2016-01-21 06:00:00,4.824887275695801,-0.5,FREE,795.8333195034967,99.95,225503.0
buy,225551,101.1,2921.8747584218636,0.0,5m BUY signal,2016-01-21 09:05:00,3.9774560928344727,-0.5,FREE,,,
sell,225586,102.17,2921.8747584218636,0.0,5m SELL signal,2016-01-21 12:00:00,6.336019039154053,-0.5,FREE,3126.405991511416,101.1,225551.0
buy,225594,102.0,2926.7445496859004,0.0,5m BUY signal,2016-01-21 12:40:00,3.507004976272583,-0.5,FREE,,,
sell,225638,100.85,2926.7445496859004,0.0,5m SELL signal,2016-01-21 16:20:00,5.336419582366943,-0.5,FREE,-3365.7562321388023,102.0,225594.0
buy,225653,100.75,2929.6495070553156,0.0,5m BUY signal,2016-01-21 17:40:00,4.640522003173828,-0.5,FREE,,,
sell,225855,103.37,2929.6495070553156,0.0,ADAPTIVE_FORCE_SELL->first acceptable 5m signal,2016-01-25 04:35:00,5.770232200622559,-0.5,FORCE_SELL,7675.68170848494,100.75,225653.0
buy,226059,101.94,2970.746218798391,0.0,5m BUY signal,2016-01-26 09:50:00,2.876668691635132,2.499999999999999,FREE,,,
sell,226064,102.59,2970.746218798391,0.0,5m SELL signal,2016-01-26 10:15:00,5.3185529708862305,-0.5,FREE,1930.985042218971,101.94,226059.0
buy,226109,103.07,2956.9113669013964,0.0,5m BUY signal,2016-01-26 14:00:00,2.666219472885132,2.499999999999999,FREE,,,
sell,226163,102.53,2956.9113669013964,0.0,5m SELL signal,2016-01-26 18:30:00,5.590897083282471,-0.5,FREE,-1596.7321381267304,103.07,226109.0
buy,226169,102.36,2961.822220089881,0.0,5m BUY signal,2016-01-26 19:05:00,2.580061435699463,2.499999999999999,FREE,,,
sell,226176,102.53,2961.822220089881,0.0,5m SELL signal,2016-01-26 19:40:00,4.538759231567383,-0.5,FREE,503.5097774152848,102.36,226169.0
buy,226368,101.57,2989.816207795762,0.0,5m BUY signal,2016-01-28 06:05:00,2.45121693611145,2.4499999999999993,FREE,,,
sell,226384,101.49,2989.816207795762,0.0,5m SELL signal,2016-01-28 07:25:00,4.5115556716918945,-0.5,FREE,-239.18529662365583,101.57,226368.0
buy,226397,101.24,2997.199199221571,0.0,5m BUY signal,2016-01-28 08:30:00,3.330329418182373,2.4499999999999993,FREE,,,
sell,226443,101.8,2997.199199221571,0.0,5m SELL signal,2016-01-28 12:20:00,6.400930881500244,-0.5,FREE,1678.4315515640865,101.24,226397.0
buy,226455,101.4,3009.022470224417,0.0,5m BUY signal,2016-01-28 13:20:00,3.4593160152435303,2.4499999999999993,FREE,,,
sell,226464,102.02,3009.022470224417,0.0,5m SELL signal,2016-01-28 14:05:00,5.352843284606934,-0.5,FREE,1865.5939315391092,101.4,226455.0
buy,226473,101.73,3017.600239971444,0.0,5m BUY signal,2016-01-28 14:50:00,3.0473058223724365,2.4499999999999993,FREE,,,
sell,226482,102.09,3017.600239971444,0.0,5m SELL signal,2016-01-28 15:35:00,5.554827690124512,-0.5,FREE,1086.336086389718,101.73,226473.0
buy,226488,101.42,3037.5350867549273,0.0,5m BUY signal,2016-01-28 16:05:00,3.384722948074341,2.4499999999999993,FREE,,,
sell,226584,102.59,3037.5350867549273,0.0,5m SELL signal,2016-01-29 09:35:00,6.092268466949463,-0.5,FREE,3553.91605150327,101.42,226488.0
buy,227551,97.4,3199.3914224865293,0.0,ADAPTIVE_FORCE_BUY->first acceptable 5m signal,2016-02-08 04:20:00,5.024742126464844,2.4499999999999993,FORCE_BUY,,,
sell,227787,97.29,3199.3914224865293,0.0,5m SELL signal,2016-02-09 09:50:00,4.333710670471191,-0.5,FREE,-351.9330564735164,97.4,227551.0
buy,227795,96.53,3224.5808711666264,0.0,5m BUY signal,2016-02-09 10:30:00,5.876794338226318,2.4499999999999993,FREE,,,
sell,227805,96.88,3224.5808711666264,0.0,5m SELL signal,2016-02-09 11:20:00,2.6931228637695312,-0.5,FREE,1128.603304908301,96.53,227795.0
buy,227812,96.24,3246.0244679823645,0.0,5m BUY signal,2016-02-09 11:55:00,5.6570048332214355,2.4499999999999993,FREE,,,
sell,227837,95.86,3246.0244679823645,0.0,5m SELL signal,2016-02-09 14:00:00,6.462625503540039,-0.5,FREE,-1233.4892978332837,96.24,227812.0
buy,227857,96.49,3224.8306093977562,0.0,5m BUY signal,2016-02-09 15:40:00,5.0453362464904785,2.4499999999999993,FREE,,,
sell,227879,96.54,3224.8306093977562,0.0,5m SELL signal,2016-02-09 18:00:00,4.81369686126709,-0.5,FREE,161.24153046992447,96.49,227857.0
buy,227892,96.43,3228.5092505574967,0.0,5m BUY signal,2016-02-09 19:15:00,5.324395179748535,2.4499999999999993,FREE,,,
sell,227904,97.36,3228.5092505574967,0.0,5m SELL signal,2016-02-10 04:30:00,4.723606109619141,-0.5,FREE,3002.513603018448,96.43,227892.0
buy,227918,97.72,3216.615438336859,0.0,5m BUY signal,2016-02-10 06:25:00,5.408722400665283,-0.5,FREE,,,
sell,227934,97.86,3216.615438336859,0.0,5m SELL signal,2016-02-10 07:50:00,4.296239852905273,-0.5,FREE,450.32616136716206,97.72,227918.0
buy,228018,97.459,3229.850365750162,0.0,5m BUY signal,2016-02-10 14:50:00,5.384273529052734,-0.5,FREE,,,
sell,229264,102.77,3229.850365750162,0.0,ADAPTIVE_FORCE_SELL->first acceptable 5m signal,2016-02-23 08:55:00,4.936135292053223,-0.5,FORCE_SELL,17153.73529249909,97.459,228018.0
buy,229388,100.89,3290.035901359343,0.0,5m BUY signal,2016-02-24 04:00:00,3.146937131881714,2.4499999999999993,FREE,,,
sell,229478,101.33,3290.035901359343,0.0,5m SELL signal,2016-02-24 13:05:00,2.0917305946350098,1.5499999999999994,FREE,1447.6157965981033,100.89,229388.0
buy,229606,102.24,3260.7525223468524,0.0,ADAPTIVE_FORCE_BUY->first acceptable 5m signal,2016-02-25 09:40:00,2.590827226638794,2.1999999999999993,FORCE_BUY,,,
sell,229724,104.47,3260.7525223468524,0.0,ADAPTIVE_FORCE_SELL->first acceptable 5m signal,2016-02-26 04:00:00,4.941494464874268,1.1499999999999997,FORCE_SELL,7271.478124833494,102.24,229606.0
buy,230254,105.33,3234.1290801250893,0.0,ADAPTIVE_FORCE_BUY->first acceptable 5m signal,2016-03-02 10:40:00,1.8328708410263062,-0.5,FORCE_BUY,,,
sell,230510,105.77,3234.1290801250893,0.0,5m SELL signal,2016-03-04 06:10:00,3.7366604804992676,-0.5,FREE,1423.0167952550319,105.33,230254.0
buy,230536,105.58,3239.949164660264,0.0,5m BUY signal,2016-03-04 08:55:00,2.9709794521331787,1.6499999999999995,FREE,,,
sell,230554,105.27,3239.949164660264,0.0,5m SELL signal,2016-03-04 10:25:00,3.977673292160034,-0.5,FREE,-1004.3842410446892,105.58,230536.0
buy,230601,105.92,3220.0665461082513,0.0,5m BUY signal,2016-03-04 14:20:00,1.8131153583526611,1.6499999999999995,FREE,,,
sell,230614,105.71,3220.0665461082513,0.0,5m SELL signal,2016-03-04 15:25:00,3.793733596801758,-0.5,FREE,-676.2139746827584,105.92,230601.0
buy,230627,105.53,3225.558936691966,0.0,5m BUY signal,2016-03-04 16:30:00,2.6115410327911377,1.6499999999999995,FREE,,,
sell,230866,104.86,3225.558936691966,0.0,5m SELL signal,2016-03-08 11:50:00,3.4523227214813232,-0.5,FREE,-2161.124487583623,105.53,230627.0
buy,231150,104.96,3222.4858050830753,0.0,5m BUY signal,2016-03-10 10:30:00,2.431879758834839,1.5999999999999996,FREE,,,
sell,231427,106.18,3222.4858050830753,0.0,5m SELL signal,2016-03-14 09:30:00,2.579773187637329,-0.5,FREE,3931.432682201394,104.96,231150.0
buy,231999,106.8932,3200.9851214457135,0.0,5m BUY signal,2016-03-18 09:45:00,1.6574931144714355,-0.5,FREE,,,
sell,232008,107.27,3200.9851214457135,0.0,5m SELL signal,2016-03-18 10:30:00,3.782984733581543,2.0999999999999996,FREE,1206.131193760754,106.8932,231999.0
buy,232040,107.35,3198.599664438581,0.0,5m BUY signal,2016-03-18 13:10:00,1.4711605310440063,-0.5,FREE,,,
sell,232057,107.26,3198.599664438581,0.0,5m SELL signal,2016-03-18 14:35:00,2.443612575531006,2.0999999999999996,FREE,-287.87396979943776,107.35,232040.0
buy,232074,107.31,3197.1093095488045,0.0,5m BUY signal,2016-03-18 16:00:00,1.3922173976898193,-0.5,FREE,,,
sell,232137,107.61,3197.1093095488045,0.0,5m SELL signal,2016-03-21 09:50:00,3.234994888305664,-0.5,FREE,959.1327928646323,107.31,232074.0
buy,232142,107.25,3207.840865273164,0.0,5m BUY signal,2016-03-21 10:15:00,1.5406156778335571,1.3999999999999995,FREE,,,
sell,232152,107.31,3207.840865273164,0.0,5m SELL signal,2016-03-21 11:05:00,2.219017744064331,-0.5,FREE,192.47045191639714,107.25,232142.0
buy,232236,107.04,3215.932392119425,0.0,5m BUY signal,2016-03-22 04:00:00,1.8402843475341797,-0.5,FREE,,,
sell,232282,107.55,3215.932392119425,0.0,5m SELL signal,2016-03-22 09:50:00,2.480902910232544,1.5499999999999994,FREE,1640.1255199808775,107.04,232236.0
buy,232306,107.8401,3207.281231864994,0.0,5m BUY signal,2016-03-22 11:50:00,1.5194728374481201,-0.5,FREE,,,
sell,232325,108.28,3207.281231864994,0.0,5m SELL signal,2016-03-22 13:25:00,1.8131637573242188,1.5499999999999994,FREE,1410.8830138973929,107.8401,232306.0
buy,232509,106.86,3249.900915088355,0.0,5m BUY signal,2016-03-24 04:00:00,1.7022709846496582,-0.5,FREE,,,
sell,232630,107.28,3249.900915088355,0.0,5m SELL signal,2016-03-24 16:15:00,2.1524388790130615,1.7499999999999996,FREE,1364.9583843371145,106.86,232509.0
buy,234524,110.94,3142.684064996203,0.0,5m BUY signal,2016-04-13 16:30:00,1.8922492265701294,1.8499999999999996,FREE,,,
sell,234651,110.948,3142.684064996203,0.0,ADAPTIVE_FORCE_SELL->first acceptable 5m signal,2016-04-14 15:45:00,1.888619303703308,1.5999999999999996,FORCE_SELL,25.141472519955688,110.94,234524.0
buy,234812,110.32,3160.573890891939,0.0,5m BUY signal,2016-04-18 04:20:00,2.2165346145629883,0.9499999999999997,FREE,,,
sell,234858,110.93,3160.573890891939,0.0,5m SELL signal,2016-04-18 10:05:00,2.0451512336730957,1.5999999999999996,FREE,1927.9500734441258,110.32,234812.0
buy,234872,111.0,3158.580736185971,0.0,5m BUY signal,2016-04-18 11:15:00,1.9902554750442505,0.9499999999999997,FREE,,,
sell,234885,110.98,3158.580736185971,0.0,5m SELL signal,2016-04-18 12:20:00,1.647493600845337,1.5999999999999996,FREE,-63.17161472370685,111.0,234872.0
buy,234895,110.9,3160.8592434798834,0.0,5m BUY signal,2016-04-18 13:10:00,1.2415344715118408,0.9499999999999997,FREE,,,
sell,234902,111.02,3160.8592434798834,0.0,5m SELL signal,2016-04-18 13:45:00,1.676706075668335,1.5999999999999996,FREE,379.30310921755546,110.9,234895.0
buy,234918,111.07,3159.4363303424566,0.0,5m BUY signal,2016-04-18 15:05:00,1.265002727508545,0.9499999999999997,FREE,,,
sell,234929,111.2,3159.4363303424566,0.0,5m SELL signal,2016-04-18 16:00:00,2.110656499862671,1.5999999999999996,FREE,410.72672294454986,111.07,234918.0
buy,234930,110.95,3166.5553847145666,0.0,5m BUY signal,2016-04-18 16:05:00,1.5303212404251099,0.9499999999999997,FREE,,,
sell,234957,111.0,3166.5553847145666,0.0,5m SELL signal,2016-04-18 18:50:00,1.8059571981430054,1.5999999999999996,FREE,158.32776923571933,110.95,234930.0
buy,235568,108.32,3244.900735813487,0.0,5m BUY signal,2016-04-25 04:00:00,2.755898952484131,2.1499999999999995,FREE,,,
sell,235641,108.63,3244.900735813487,0.0,5m SELL signal,2016-04-25 12:35:00,1.2167812585830688,-0.5,FREE,1005.9192281021883,108.32,235568.0
buy,236609,105.61,3337.691193366339,0.0,ADAPTIVE_FORCE_BUY->first acceptable 5m signal,2016-05-04 04:10:00,1.5278315544128418,-0.5,FORCE_BUY,,,
sell,236771,105.93,3337.691193366339,0.0,ADAPTIVE_FORCE_SELL->first acceptable 5m signal,2016-05-05 04:20:00,5.71076774597168,-0.5,FORCE_SELL,1068.0611818772531,105.61,236609.0
buy,236994,104.575,3380.9383515495706,0.0,ADAPTIVE_FORCE_BUY->first acceptable 5m signal,2016-05-06 11:45:00,1.824413537979126,1.6499999999999995,FORCE_BUY,,,
sell,237079,106.04,3380.9383515495706,0.0,ADAPTIVE_FORCE_SELL->first acceptable 5m signal,2016-05-09 05:30:00,4.593789100646973,-0.5,FORCE_SELL,4953.074685020132,104.575,236994.0
buy,238785,108.93,3291.239353697939,0.0,5m BUY signal,2016-05-25 07:05:00,1.4905446767807007,1.2999999999999996,FREE,,,
sell,238822,109.33,3291.239353697939,0.0,5m SELL signal,2016-05-25 10:15:00,3.541064500808716,2.349999999999999,FREE,1316.4957414791475,108.93,238785.0
buy,238902,109.24,3293.9509203569723,0.0,5m BUY signal,2016-05-25 17:00:00,1.3000344038009644,1.2999999999999996,FREE,,,
sell,238919,109.4,3293.9509203569723,0.0,5m SELL signal,2016-05-26 06:05:00,3.2298924922943115,-0.5,FREE,527.0321472571511,109.24,238902.0
buy,239074,109.78,3282.5490133635703,0.0,ADAPTIVE_FORCE_BUY->first acceptable 5m signal,2016-05-27 08:35:00,0.4309009611606598,0.34999999999999987,FORCE_BUY,,,
sell,239187,110.3,3282.5490133635703,0.0,5m SELL signal,2016-05-31 04:20:00,3.570852756500244,-0.5,FREE,1706.9254869490435,109.78,239074.0
buy,239268,109.939,3293.327719680931,0.0,5m BUY signal,2016-05-31 14:00:00,0.46067020297050476,0.2999999999999998,FREE,,,
sell,239284,109.995,3293.327719680931,0.0,5m SELL signal,2016-05-31 15:20:00,2.6675221920013428,-0.5,FREE,184.42635230217033,109.939,239268.0
buy,239303,110.28,3284.8166714391004,0.0,5m BUY signal,2016-05-31 17:10:00,0.984060525894165,0.2999999999999998,FREE,,,
sell,239367,110.42,3284.8166714391004,0.0,5m SELL signal,2016-06-01 10:35:00,1.3107582330703735,-0.5,FREE,459.8743340014759,110.28,239303.0
buy,239379,110.24,3290.180123914237,0.0,5m BUY signal,2016-06-01 11:35:00,1.9269657135009766,0.2999999999999998,FREE,,,
sell,239385,110.452,3290.180123914237,0.0,5m SELL signal,2016-06-01 12:05:00,1.6980105638504028,-0.5,FREE,697.518186269829,110.24,239379.0
buy,239402,110.39,3292.0280373817855,0.0,5m BUY signal,2016-06-01 13:30:00,2.2416112422943115,0.2999999999999998,FREE,,,
sell,239410,110.495,3292.0280373817855,0.0,5m SELL signal,2016-06-01 14:10:00,1.2708097696304321,-0.5,FREE,345.6629439251006,110.39,239402.0
buy,239416,110.4099,3294.565414790706,0.0,5m BUY signal,2016-06-01 14:40:00,2.1220433712005615,0.2999999999999998,FREE,,,
sell,239420,110.465,3294.565414790706,0.0,5m SELL signal,2016-06-01 15:00:00,1.4961990118026733,-0.5,FREE,181.53055435500133,110.4099,239416.0
buy,239426,110.36,3297.6999686920567,0.0,5m BUY signal,2016-06-01 15:30:00,2.2504279613494873,0.2999999999999998,FREE,,,
sell,239442,110.43,3297.6999686920567,0.0,5m SELL signal,2016-06-01 16:55:00,1.1275644302368164,-0.5,FREE,230.83899780846835,110.36,239426.0
buy,239448,110.34,3300.389772907956,0.0,5m BUY signal,2016-06-01 17:55:00,2.266787052154541,0.2999999999999998,FREE,,,
sell,239619,110.37,3300.389772907956,0.0,ADAPTIVE_FORCE_SELL->first acceptable 5m signal,2016-06-03 09:25:00,1.6442430019378662,1.3499999999999996,FORCE_SELL,99.01169318724243,110.34,239448.0
buy,240012,110.11,3308.182901061222,0.0,ADAPTIVE_FORCE_BUY->first acceptable 5m signal,2016-06-08 10:10:00,1.8415454626083374,1.4999999999999996,FORCE_BUY,,,
sell,240483,108.52,3308.182901061222,0.0,ADAPTIVE_FORCE_SELL->first acceptable 5m signal,2016-06-13 14:40:00,0.6688788533210754,-0.5,FORCE_SELL,-5260.010812687354,110.11,240012.0
buy,240580,107.81,3329.9694687242722,0.0,5m BUY signal,2016-06-14 10:25:00,2.4331061840057373,2.349999999999999,FREE,,,
sell,240604,107.87,3329.9694687242722,0.0,5m SELL signal,2016-06-14 12:25:00,1.4165486097335815,-0.5,FREE,199.7981681234639,107.81,240580.0
buy,240669,107.86,3330.2781994371153,0.0,5m BUY signal,2016-06-14 18:20:00,2.3532309532165527,2.349999999999999,FREE,,,
sell,240676,107.86,3330.2781994371153,0.0,5m SELL signal,2016-06-14 19:15:00,0.89579838514328,-0.5,FREE,0.0,107.86,240669.0
buy,240888,106.96,3358.300360801115,0.0,5m BUY signal,2016-06-16 09:35:00,2.7013938426971436,2.0999999999999996,FREE,,,
sell,240922,107.29,3358.300360801115,0.0,5m SELL signal,2016-06-16 12:25:00,1.3374159336090088,0.8999999999999997,FREE,1108.23911906441,106.96,240888.0
buy,241032,106.92,3369.921864107292,0.0,ADAPTIVE_FORCE_BUY->first acceptable 5m signal,2016-06-17 09:35:00,2.6171576976776123,2.499999999999999,FORCE_BUY,,,
sell,241434,107.39,3369.921864107292,0.0,ADAPTIVE_FORCE_SELL->first acceptable 5m signal,2016-06-22 05:00:00,1.4808958768844604,-0.5,FORCE_SELL,1583.8632761304234,106.92,241032.0
buy,241592,108.28,3342.2230235175666,0.0,ADAPTIVE_FORCE_BUY->first acceptable 5m signal,2016-06-23 06:55:00,1.8354222774505615,0.9499999999999997,FORCE_BUY,,,
sell,241785,104.92,3342.2230235175666,0.0,ADAPTIVE_FORCE_SELL->first acceptable 5m signal,2016-06-24 07:10:00,2.5768041610717773,2.1999999999999993,FORCE_SELL,-11229.869359019021,108.28,241592.0
buy,241937,103.77,3379.26221092284,0.0,5m BUY signal,2016-06-27 04:15:00,3.4784493446350098,1.2499999999999996,FREE,,,
sell,241976,103.38,3379.26221092284,0.0,5m SELL signal,2016-06-27 08:35:00,2.140671491622925,-0.5,FREE,-1317.9122622599095,103.77,241937.0
buy,241994,102.69,3401.968325690945,0.0,5m BUY signal,2016-06-27 10:05:00,2.9449620246887207,1.2499999999999996,FREE,,,
sell,242616,107.38,3401.968325690945,0.0,ADAPTIVE_FORCE_SELL->first acceptable 5m signal,2016-07-01 06:50:00,4.0814337730407715,2.499999999999999,FORCE_SELL,15955.231447490525,102.69,241994.0
buy,242748,107.6,3395.012628370759,0.0,5m BUY signal,2016-07-05 04:00:00,1.382399082183838,-0.5,FREE,,,
sell,242763,107.58,3395.012628370759,0.0,5m SELL signal,2016-07-05 06:15:00,5.42922830581665,1.1499999999999997,FREE,-67.90025256740168,107.6,242748.0
buy,242798,107.38,3401.335989570928,0.0,5m BUY signal,2016-07-05 09:35:00,1.875643253326416,-0.5,FREE,,,
sell,242940,106.91,3401.335989570928,0.0,ADAPTIVE_FORCE_SELL->first acceptable 5m signal,2016-07-06 09:10:00,2.441969633102417,-0.5,FORCE_SELL,-1598.6279150983323,107.38,242798.0
buy,243701,111.345,3265.856847142017,0.0,ADAPTIVE_FORCE_BUY->first acceptable 5m signal,2016-07-13 11:30:00,2.049314260482788,1.2499999999999996,FORCE_BUY,,,
sell,248792,116.8,3265.856847142017,0.0,5m SELL signal,2016-09-02 04:30:00,1.5223658084869385,1.2499999999999996,FREE,17815.249101159698,111.345,243701.0
buy,248832,117.31,3251.658679960682,0.0,5m BUY signal,2016-09-02 10:55:00,1.078180193901062,-0.5,FREE,,,
sell,248870,116.89,3251.658679960682,0.0,5m SELL signal,2016-09-02 14:05:00,1.4943851232528687,1.2499999999999996,FREE,-1365.696645583492,117.31,248832.0
buy,248949,117.2,3243.0578762850178,0.0,ADAPTIVE_FORCE_BUY->first acceptable 5m signal,2016-09-06 10:25:00,1.0601036548614502,-0.5,FORCE_BUY,,,
sell,249649,115.8,3243.0578762850178,0.0,ADAPTIVE_FORCE_SELL->first acceptable 5m signal,2016-09-13 08:00:00,1.8872506618499756,-0.5,FORCE_SELL,-4540.2810267990435,117.2,248949.0
buy,249793,115.73,3245.019459723538,0.0,5m BUY signal,2016-09-14 08:00:00,1.72480309009552,1.2999999999999996,FREE,,,
sell,249799,115.75,3245.019459723538,0.0,5m SELL signal,2016-09-14 08:35:00,1.834330439567566,1.2999999999999996,FREE,64.90038919445784,115.73,249793.0
buy,249806,115.53,3251.1988441357184,0.0,5m BUY signal,2016-09-14 09:10:00,1.7780940532684326,1.2999999999999996,FREE,,,
sell,249844,116.38,3251.1988441357184,0.0,5m SELL signal,2016-09-14 12:20:00,1.580549955368042,1.2999999999999996,FREE,2763.519017515342,115.53,249806.0
buy,249851,116.18,3256.7956746472273,0.0,5m BUY signal,2016-09-14 12:55:00,1.7938686609268188,1.2999999999999996,FREE,,,
sell,249885,115.88,3256.7956746472273,0.0,5m SELL signal,2016-09-14 15:45:00,2.532038450241089,1.2999999999999996,FREE,-977.0387023942052,116.18,249851.0
buy,249934,115.83,3258.201526185968,0.0,5m BUY signal,2016-09-15 07:35:00,1.5588493347167969,-0.5,FREE,,,
sell,249940,115.96,3258.201526185968,0.0,5m SELL signal,2016-09-15 08:05:00,1.7807567119598389,1.0999999999999996,FREE,423.566198404161,115.83,249934.0
buy,249954,115.83,3261.8583180223154,0.0,5m BUY signal,2016-09-15 09:15:00,1.1753820180892944,-0.5,FREE,,,
sell,249961,116.28,3261.8583180223154,0.0,5m SELL signal,2016-09-15 09:50:00,2.005363941192627,1.0999999999999996,FREE,1467.836243110051,115.83,249954.0
buy,250038,117.5,3227.9905125075306,0.0,5m BUY signal,2016-09-15 16:15:00,1.14699387550354,-0.5,FREE,,,
sell,250048,117.53,3227.9905125075306,0.0,5m SELL signal,2016-09-15 17:05:00,3.849818229675293,1.0999999999999996,FREE,96.83971537522959,117.5,250038.0
buy,250062,117.38,3232.115564278498,0.0,5m BUY signal,2016-09-15 18:25:00,0.8759353756904602,-0.5,FREE,,,
sell,250220,117.82,3232.115564278498,0.0,5m SELL signal,2016-09-19 04:00:00,4.541362762451172,2.1499999999999995,FREE,1422.1308482825318,117.38,250062.0
buy,250229,117.75,3234.0369917901708,0.0,5m BUY signal,2016-09-19 06:10:00,1.263319730758667,1.0499999999999996,FREE,,,
sell,250242,117.73,3234.0369917901708,0.0,5m SELL signal,2016-09-19 07:50:00,3.5106618404388428,2.1499999999999995,FREE,-64.68073983579055,117.75,250229.0
buy,250255,117.61,3237.3367489453008,0.0,5m BUY signal,2016-09-19 09:05:00,1.0618650913238525,1.0499999999999996,FREE,,,
sell,250265,117.92,3237.3367489453008,0.0,5m SELL signal,2016-09-19 09:55:00,3.2538204193115234,2.1499999999999995,FREE,1003.5743921730506,117.61,250255.0
buy,250273,117.49,3249.185032220869,0.0,5m BUY signal,2016-09-19 10:35:00,1.2587724924087524,1.0499999999999996,FREE,,,
sell,250285,117.47,3249.185032220869,0.0,5m SELL signal,2016-09-19 11:35:00,3.5889573097229004,2.1499999999999995,FREE,-64.98370064440445,117.49,250273.0
buy,250294,116.94,3263.911114545797,0.0,5m BUY signal,2016-09-19 12:20:00,1.1617083549499512,1.0499999999999996,FREE,,,
sell,250366,117.26,3263.911114545797,0.0,5m SELL signal,2016-09-20 06:10:00,3.957977771759033,-0.5,FREE,1044.451556654679,116.94,250294.0
buy,250410,117.01,3270.88468756209,0.0,5m BUY signal,2016-09-20 10:30:00,1.3766145706176758,1.3499999999999996,FREE,,,
sell,250417,117.26,3270.88468756209,0.0,5m SELL signal,2016-09-20 11:05:00,3.376516103744507,-0.5,FREE,817.7211718905226,117.01,250410.0
buy,250428,117.0,3278.1533202011174,0.0,5m BUY signal,2016-09-20 12:00:00,1.6670905351638794,1.3499999999999996,FREE,,,
sell,250447,117.05,3278.1533202011174,0.0,5m SELL signal,2016-09-20 13:35:00,1.4155421257019043,-0.5,FREE,163.90766601004654,117.0,250428.0
buy,250475,117.0,3279.554240423425,0.0,5m BUY signal,2016-09-20 15:55:00,1.3912736177444458,1.3499999999999996,FREE,,,
sell,250504,117.45,3279.554240423425,0.0,5m SELL signal,2016-09-21 04:00:00,4.670619964599609,-0.5,FREE,1475.7994081905506,117.0,250475.0
buy,250664,118.56,3248.8499117554934,0.0,ADAPTIVE_FORCE_BUY->first acceptable 5m signal,2016-09-22 06:55:00,1.1216424703598022,1.0499999999999996,FORCE_BUY,,,
sell,254126,118.64,3248.8499117554934,0.0,ADAPTIVE_FORCE_SELL->first acceptable 5m signal,2016-10-26 08:00:00,2.2597103118896484,-0.5,FORCE_SELL,259.9079929404339,118.56,250664.0
buy,254410,117.0,3294.389346415998,0.0,ADAPTIVE_FORCE_BUY->first acceptable 5m signal,2016-10-28 04:00:00,1.4338455200195312,1.3499999999999996,FORCE_BUY,,,
sell,254555,117.66,3294.389346415998,0.0,ADAPTIVE_FORCE_SELL->first acceptable 5m signal,2016-10-31 04:10:00,2.5720207691192627,1.3999999999999995,FORCE_SELL,2174.2969686345473,117.0,254410.0
buy,255964,115.13,3366.7840745184253,0.0,ADAPTIVE_FORCE_BUY->first acceptable 5m signal,2016-11-11 04:00:00,1.6270725727081299,1.5999999999999996,FORCE_BUY,,,
sell,256131,116.31,3366.7840745184253,0.0,5m SELL signal,2016-11-14 04:00:00,2.4739952087402344,-0.5,FREE,3972.805207931765,115.13,255964.0
buy,256179,115.26,3397.454934124918,0.0,5m BUY signal,2016-11-14 09:50:00,1.7834805250167847,1.6499999999999995,FREE,,,
sell,256203,114.69,3397.454934124918,0.0,5m SELL signal,2016-11-14 11:50:00,3.250638961791992,-0.5,FREE,-1936.5493124512284,115.26,256179.0
buy,256210,114.27,3409.942298020363,0.0,5m BUY signal,2016-11-14 12:25:00,1.6940135955810547,1.6499999999999995,FREE,,,
sell,256220,114.81,3409.942298020363,0.0,5m SELL signal,2016-11-14 13:15:00,3.143221139907837,-0.5,FREE,1841.3688409310173,114.27,256210.0
buy,256278,114.52,3418.5773247966986,0.0,5m BUY signal,2016-11-14 18:35:00,2.015993118286133,1.6499999999999995,FREE,,,
sell,256285,114.61,3418.5773247966986,0.0,5m SELL signal,2016-11-14 19:35:00,3.1447322368621826,-0.5,FREE,307.67195923171454,114.52,256278.0
buy,256298,114.71,3415.597133597329,0.0,5m BUY signal,2016-11-15 06:30:00,3.2078278064727783,2.0999999999999996,FREE,,,
sell,256312,114.88,3415.597133597329,0.0,5m SELL signal,2016-11-15 08:15:00,2.1481313705444336,-0.5,FREE,580.6515127115517,114.71,256298.0
buy,256365,115.68,3391.9761299071674,0.0,5m BUY signal,2016-11-15 12:40:00,2.439293622970581,2.0999999999999996,FREE,,,
sell,256376,115.925,3391.9761299071674,0.0,5m SELL signal,2016-11-15 13:35:00,2.6130924224853516,-0.5,FREE,831.0341518272232,115.68,256365.0
buy,256433,116.11,3386.571637752893,0.0,ADAPTIVE_FORCE_BUY->first acceptable 5m signal,2016-11-16 04:00:00,2.664121150970459,2.0499999999999994,FORCE_BUY,,,
sell,256742,117.75,3386.571637752893,0.0,ADAPTIVE_FORCE_SELL->first acceptable 5m signal,2016-11-18 05:55:00,2.611572265625,-0.5,FORCE_SELL,5553.9774859147465,116.11,256433.0
buy,257183,118.63,3361.4499734081023,0.0,ADAPTIVE_FORCE_BUY->first acceptable 5m signal,2016-11-23 08:55:00,2.1089272499084473,1.9999999999999996,FORCE_BUY,,,
sell,257417,118.83,3361.4499734081023,0.0,5m SELL signal,2016-11-28 09:55:00,2.648134708404541,2.1999999999999993,FREE,672.28999468163,118.63,257183.0
buy,257474,118.68,3365.6985198861207,0.0,5m BUY signal,2016-11-28 14:40:00,1.7654591798782349,1.3999999999999995,FREE,,,
sell,257669,119.15,3365.6985198861207,0.0,ADAPTIVE_FORCE_SELL->first acceptable 5m signal,2016-11-30 09:15:00,1.5316812992095947,0.9499999999999997,FORCE_SELL,1581.878304346473,118.68,257474.0
buy,257940,115.02,3486.5499795203555,0.0,5m BUY signal,2016-12-02 04:00:00,3.1674246788024902,-0.5,FREE,,,
sell,258130,116.47,3486.5499795203555,0.0,5m SELL signal,2016-12-05 09:50:00,2.200411319732666,-0.5,FREE,5055.497470304525,115.02,257940.0
buy,258149,116.75,3478.188232246131,0.0,5m BUY signal,2016-12-05 11:25:00,2.180488348007202,-0.5,FREE,,,
sell,258167,116.68,3478.188232246131,0.0,5m SELL signal,2016-12-05 12:55:00,1.374138355255127,-0.5,FREE,-243.47317625720544,116.75,258149.0
buy,258393,116.4,3486.5550080625308,0.0,5m BUY signal,2016-12-07 09:50:00,2.6278600692749023,-0.5,FREE,,,
sell,258398,116.77,3486.5550080625308,0.0,5m SELL signal,2016-12-07 10:15:00,1.233954906463623,-0.5,FREE,1290.0253529831027,116.4,258393.0
buy,258586,118.3,3441.462622920217,0.0,ADAPTIVE_FORCE_BUY->first acceptable 5m signal,2016-12-08 14:20:00,1.6285614967346191,-0.5,FORCE_BUY,,,
sell,259117,120.82,3441.462622920217,0.0,5m SELL signal,2016-12-14 09:30:00,3.066511631011963,2.4499999999999993,FREE,8672.485809758933,118.3,258586.0
buy,259135,120.58,3448.3124407133905,0.0,5m BUY signal,2016-12-14 11:00:00,1.1181511878967285,0.5499999999999998,FREE,,,
sell,259157,120.72,3448.3124407133905,0.0,5m SELL signal,2016-12-14 12:50:00,2.4934804439544678,2.4499999999999993,FREE,482.7637416998766,120.58,259135.0
buy,259316,120.2021,3463.1697602863887,0.0,ADAPTIVE_FORCE_BUY->first acceptable 5m signal,2016-12-15 13:50:00,1.5532596111297607,0.5499999999999998,FORCE_BUY,,,
sell,259420,120.45,3463.1697602863887,0.0,ADAPTIVE_FORCE_SELL->first acceptable 5m signal,2016-12-16 09:30:00,2.810137987136841,2.4499999999999993,FORCE_SELL,858.5197835750004,120.2021,259316.0
buy,259537,119.75,3483.4137588851404,0.0,5m BUY signal,2016-12-19 08:15:00,1.3197792768478394,1.2999999999999996,FREE,,,
sell,259555,120.18,3483.4137588851404,0.0,5m SELL signal,2016-12-19 09:55:00,2.26585054397583,-0.5,FREE,1497.867916320634,119.75,259537.0
buy,259611,120.26,3481.09650376531,0.0,5m BUY signal,2016-12-19 14:35:00,1.3027517795562744,1.2999999999999996,FREE,,,
sell,259630,120.16,3481.09650376531,0.0,5m SELL signal,2016-12-19 16:10:00,3.111365556716919,-0.5,FREE,-348.1096503765607,120.26,259611.0
buy,259685,120.46,3472.426995620452,0.0,ADAPTIVE_FORCE_BUY->first acceptable 5m signal,2016-12-20 10:25:00,2.0153253078460693,-0.5,FORCE_BUY,,,
sell,260259,121.05,3472.426995620452,0.0,ADAPTIVE_FORCE_SELL->first acceptable 5m signal,2016-12-28 04:00:00,1.614376425743103,-0.5,FORCE_SELL,2048.7319274160786,120.46,259685.0
buy,260665,119.37,3521.297543937804,0.0,ADAPTIVE_FORCE_BUY->first acceptable 5m signal,2017-01-03 08:20:00,2.2459192276000977,2.1999999999999993,FORCE_BUY,,,
sell,268131,132.37,3521.297543937804,0.0,ADAPTIVE_FORCE_SELL->first acceptable 5m signal,2017-03-21 09:35:00,1.718906283378601,0.9499999999999997,FORCE_SELL,45776.86807119146,119.37,260665.0
buy,268242,129.52,3598.781314785725,0.0,ADAPTIVE_FORCE_BUY->first acceptable 5m signal,2017-03-22 04:00:00,2.028907537460327,1.6999999999999993,FORCE_BUY,,,
sell,269729,132.64,3598.781314785725,0.0,ADAPTIVE_FORCE_SELL->first acceptable 5m signal,2017-04-05 08:15:00,1.7548277378082275,1.3499999999999996,FORCE_SELL,11228.197702131376,129.52,268242.0
buy,269943,131.97,3617.052008738187,0.0,ADAPTIVE_FORCE_BUY->first acceptable 5m signal,2017-04-06 12:40:00,1.19489324092865,-0.5,FORCE_BUY,,,
sell,271713,135.16,3617.052008738187,0.0,5m SELL signal,2017-04-26 04:10:00,40.18170928955078,-0.5,FREE,11538.395907874808,131.97,269943.0
buy,271816,134.87,3624.829461711673,0.0,5m BUY signal,2017-04-26 15:50:00,1.1307086944580078,0.9999999999999996,FREE,,,
sell,272596,137.05,3624.829461711673,0.0,ADAPTIVE_FORCE_SELL->first acceptable 5m signal,2017-05-04 04:25:00,33.055908203125,-0.5,FORCE_SELL,7902.128226531472,134.87,271816.0
buy,272781,137.02,3625.623104127754,0.0,ADAPTIVE_FORCE_BUY->first acceptable 5m signal,2017-05-05 10:15:00,1.9361917972564697,1.8499999999999996,FORCE_BUY,,,
sell,273873,139.09,3625.623104127754,0.0,ADAPTIVE_FORCE_SELL->first acceptable 5m signal,2017-05-17 06:30:00,0.2939895987510681,0.24999999999999978,FORCE_SELL,7505.039825544425,137.02,272781.0
buy,274308,137.9473,3655.656308989949,0.0,5m BUY signal,2017-05-19 15:05:00,1.368857979774475,1.2999999999999996,FREE,,,
sell,274452,138.93,3655.656308989949,0.0,5m SELL signal,2017-05-22 14:35:00,2.3992879390716553,-0.5,FREE,3592.4134548444017,137.9473,274308.0
buy,274493,138.94,3655.39319856034,0.0,5m BUY signal,2017-05-22 18:40:00,1.808012843132019,1.1499999999999997,FREE,,,
sell,274521,139.37,3655.39319856034,0.0,5m SELL signal,2017-05-23 07:40:00,21.165987014770508,-0.5,FREE,1571.819075380971,138.94,274493.0
buy,274547,138.95,3666.442246011908,0.0,5m BUY signal,2017-05-23 09:50:00,2.0793302059173584,1.1499999999999997,FREE,,,
sell,274564,139.11,3666.442246011908,0.0,5m SELL signal,2017-05-23 11:15:00,12.311311721801758,-0.5,FREE,586.630759361997,138.95,274547.0
buy,274578,138.93,3671.1925490730337,0.0,5m BUY signal,2017-05-23 12:25:00,1.8764593601226807,1.1499999999999997,FREE,,,
sell,274604,139.02,3671.1925490730337,0.0,5m SELL signal,2017-05-23 14:35:00,22.069255828857422,-0.5,FREE,330.4073294165855,138.93,274578.0
buy,274618,138.975,3672.381278446722,0.0,5m BUY signal,2017-05-23 15:45:00,1.4624228477478027,1.1499999999999997,FREE,,,
sell,274623,139.25,3672.381278446722,0.0,5m SELL signal,2017-05-23 16:10:00,9.065906524658203,-0.5,FREE,1009.9048515728693,138.975,274618.0
buy,274827,140.2,3647.497097173367,0.0,5m BUY signal,2017-05-25 07:45:00,2.12024188041687,-0.5,FREE,,,
sell,274838,140.33,3647.497097173367,0.0,5m SELL signal,2017-05-25 08:40:00,0.49085092544555664,0.19999999999999984,FREE,474.1746226326248,140.2,274827.0
buy,274977,140.8,3635.3215031700183,0.0,5m BUY signal,2017-05-26 07:25:00,1.8191337585449219,-0.5,FREE,,,
sell,274988,140.94,3635.3215031700183,0.0,5m SELL signal,2017-05-26 08:30:00,22.854076385498047,0.19999999999999984,FREE,508.94501044375295,140.8,274977.0
buy,275020,141.035,3632.872780918087,0.0,5m BUY signal,2017-05-26 11:15:00,1.618440866470337,-0.5,FREE,,,
sell,275037,141.09,3632.872780918087,0.0,5m SELL signal,2017-05-26 12:40:00,23.44269561767578,0.19999999999999984,FREE,199.80800295051955,141.035,275020.0
buy,275050,140.99,3635.4494691803166,0.0,5m BUY signal,2017-05-26 13:45:00,1.3549824953079224,-0.5,FREE,,,
sell,275055,141.09,3635.4494691803166,0.0,5m SELL signal,2017-05-26 14:10:00,24.205669403076172,0.19999999999999984,FREE,363.54494691801096,140.99,275050.0
buy,275115,141.12,3634.6766270312564,0.0,ADAPTIVE_FORCE_BUY->first acceptable 5m signal,2017-05-30 07:05:00,1.344125747680664,1.0999999999999996,FORCE_BUY,,,
sell,275242,141.4,3634.6766270312564,0.0,5m SELL signal,2017-05-31 04:05:00,2.954807758331299,2.499999999999999,FREE,1017.709455568756,141.12,275115.0
buy,275286,140.7339,3651.8797181220707,0.0,5m BUY signal,2017-05-31 10:00:00,2.357668876647949,1.0999999999999996,FREE,,,
sell,275850,143.16,3651.8797181220707,0.0,5m SELL signal,2017-06-06 08:35:00,1.5658284425735474,1.2499999999999996,FREE,8859.825384135924,140.7339,275286.0
buy,275880,143.4608,3644.2226757856893,0.0,5m BUY signal,2017-06-06 11:05:00,1.4994086027145386,-0.5,FREE,,,
sell,276271,143.75,3644.2226757856893,0.0,ADAPTIVE_FORCE_SELL->first acceptable 5m signal,2017-06-09 04:50:00,1.530178427696228,0.4999999999999998,FORCE_SELL,1053.9091978371991,143.4608,275880.0
buy,276489,138.74,3775.818146491227,0.0,ADAPTIVE_FORCE_BUY->first acceptable 5m signal,2017-06-12 09:30:00,2.243185043334961,2.1999999999999993,FORCE_BUY,,,
sell,278071,141.78,3775.818146491227,0.0,5m SELL signal,2017-06-26 04:05:00,3.4343698024749756,2.349999999999999,FREE,11478.4871653333,138.74,276489.0
buy,278128,141.14,3792.9396118005257,0.0,5m BUY signal,2017-06-26 10:35:00,1.5988333225250244,1.3499999999999996,FREE,,,
sell,278145,140.92,3792.9396118005257,0.0,5m SELL signal,2017-06-26 12:00:00,2.5979979038238525,2.349999999999999,FREE,-834.4467145961113,141.14,278128.0
buy,278171,140.76,3797.2509952751493,0.0,5m BUY signal,2017-06-26 14:10:00,1.809597134590149,1.3499999999999996,FREE,,,
sell,278380,138.1,3797.2509952751493,0.0,5m SELL signal,2017-06-27 16:40:00,8.946995735168457,-0.5,FREE,-10100.687647431883,140.76,278171.0
buy,278385,137.95,3801.3799380028863,0.0,5m BUY signal,2017-06-27 17:05:00,2.9379003047943115,1.7999999999999994,FREE,,,
sell,278619,139.87,3801.3799380028863,0.0,5m SELL signal,2017-06-29 06:55:00,2.182365894317627,1.8499999999999996,FREE,7298.649480965602,137.95,278385.0
buy,278652,138.59,3836.489010234964,0.0,5m BUY signal,2017-06-29 09:40:00,1.863828182220459,1.8499999999999996,FREE,,,
sell,278787,137.9,3836.489010234964,0.0,5m SELL signal,2017-06-30 05:45:00,7.007495880126953,2.2499999999999996,FREE,-2647.1774170621165,138.59,278652.0
buy,278808,137.84,3838.1589851378526,0.0,5m BUY signal,2017-06-30 07:45:00,1.9608664512634277,1.7999999999999994,FREE,,,
sell,278833,137.8628,3838.1589851378526,0.0,5m SELL signal,2017-06-30 09:50:00,7.625411033630371,2.2499999999999996,FREE,87.51002486110272,137.84,278808.0
buy,278837,137.4,3851.086932578331,0.0,5m BUY signal,2017-06-30 10:10:00,1.8067034482955933,1.7999999999999994,FREE,,,
sell,278888,137.99,3851.086932578331,0.0,5m SELL signal,2017-06-30 14:25:00,2.552159309387207,2.2499999999999996,FREE,2272.1412902212282,137.4,278837.0
buy,279255,136.22,3901.1267495704296,0.0,5m BUY signal,2017-07-06 07:45:00,2.969048023223877,-0.5,FREE,,,
sell,281604,143.61,3901.1267495704296,0.0,ADAPTIVE_FORCE_SELL->first acceptable 5m signal,2017-07-27 14:05:00,3.463447332382202,2.2999999999999994,FORCE_SELL,28829.32667932553,136.22,279255.0
buy,281671,142.85,3921.881781629748,0.0,ADAPTIVE_FORCE_BUY->first acceptable 5m signal,2017-07-28 04:00:00,2.4163453578948975,1.9999999999999996,FORCE_BUY,,,
sell,281877,144.32,3921.881781629748,0.0,5m SELL signal,2017-07-31 09:35:00,3.585430860519409,2.3999999999999995,FREE,5765.166218995725,142.85,281671.0
buy,281882,143.47,3945.117297865792,0.0,5m BUY signal,2017-07-31 10:00:00,2.038179636001587,1.6499999999999995,FREE,,,
sell,282794,144.33,3945.117297865792,0.0,ADAPTIVE_FORCE_SELL->first acceptable 5m signal,2017-08-08 10:25:00,2.233780860900879,-0.5,FORCE_SELL,3392.8008761646347,143.47,281882.0
buy,282905,143.53,3967.1063861281245,0.0,ADAPTIVE_FORCE_BUY->first acceptable 5m signal,2017-08-09 04:05:00,2.847651243209839,1.3499999999999996,FORCE_BUY,,,
sell,283422,143.0,3967.1063861281245,0.0,5m SELL signal,2017-08-14 04:00:00,1.7453359365463257,1.3499999999999996,FREE,-2102.5663846479106,143.53,282905.0
buy,283433,143.0,3967.106386128124,0.0,5m BUY signal,2017-08-14 06:00:00,1.6510783433914185,1.5499999999999994,FREE,,,
sell,283469,143.19,3967.106386128124,0.0,5m SELL signal,2017-08-14 09:20:00,1.4496302604675293,1.3499999999999996,FREE,753.7502133643345,143.0,283433.0
buy,284295,140.51,4042.7724961190384,0.0,5m BUY signal,2017-08-21 10:15:00,2.308385133743286,2.2999999999999994,FREE,,,
sell,284390,141.31,4042.7724961190384,0.0,5m SELL signal,2017-08-21 18:25:00,1.1373591423034668,-0.5,FREE,3234.2179968952764,140.51,284295.0
buy,284444,141.9,4025.9632235840827,0.0,5m BUY signal,2017-08-22 09:00:00,1.7438844442367554,1.6499999999999995,FREE,,,
sell,284451,142.35,4025.9632235840827,0.0,5m SELL signal,2017-08-22 09:35:00,3.3148791790008545,1.1999999999999997,FREE,1811.6834506127914,141.9,284444.0
buy,284489,142.965,4008.64452752208,0.0,5m BUY signal,2017-08-22 12:45:00,1.942156434059143,1.6499999999999995,FREE,,,
sell,284508,143.15,4008.64452752208,0.0,5m SELL signal,2017-08-22 14:20:00,1.2614728212356567,1.1999999999999997,FREE,741.5992375915939,142.965,284489.0
buy,284688,142.4,4029.7574727161923,0.0,5m BUY signal,2017-08-23 16:30:00,2.0053818225860596,-0.5,FREE,,,
sell,284704,142.48,4029.7574727161923,0.0,5m SELL signal,2017-08-23 18:10:00,2.8447065353393555,1.7499999999999996,FREE,322.38059781723126,142.4,284688.0
buy,284705,142.24,4036.5568385306733,0.0,5m BUY signal,2017-08-23 18:15:00,2.020569086074829,-0.5,FREE,,,
sell,284718,142.23,4036.5568385306733,0.0,5m SELL signal,2017-08-23 19:25:00,2.3659698963165283,1.7499999999999996,FREE,-40.36556838538475,142.24,284705.0
buy,285093,142.08,4040.8184061389193,0.0,ADAPTIVE_FORCE_BUY->first acceptable 5m signal,2017-08-28 09:55:00,1.8251805305480957,1.7499999999999996,FORCE_BUY,,,
sell,285274,142.0,4040.8184061389193,0.0,5m SELL signal,2017-08-29 10:00:00,1.6129752397537231,0.6999999999999997,FREE,-323.2654724911641,142.08,285093.0
buy,285394,143.21,4006.677003503432,0.0,5m BUY signal,2017-08-30 07:25:00,1.417722225189209,-0.5,FREE,,,
sell,285404,143.35,4006.677003503432,0.0,5m SELL signal,2017-08-30 08:20:00,1.4525460004806519,1.2999999999999996,FREE,560.9347804904259,143.21,285394.0
buy,285410,143.03,4015.6411134182827,0.0,5m BUY signal,2017-08-30 08:50:00,1.465108871459961,-0.5,FREE,,,
sell,285417,143.11,4015.6411134182827,0.0,5m SELL signal,2017-08-30 09:25:00,1.779175043106079,1.2999999999999996,FREE,321.25128907351285,143.03,285410.0
buy,285491,144.56,3975.362477457737,0.0,5m BUY signal,2017-08-30 15:35:00,0.8118628859519958,-0.5,FREE,,,
sell,285855,145.75,3975.362477457737,0.0,ADAPTIVE_FORCE_SELL->first acceptable 5m signal,2017-09-05 07:15:00,2.535569190979004,2.349999999999999,FORCE_SELL,4730.681348174698,144.56,285491.0
buy,286126,144.4408,4011.394848889408,0.0,5m BUY signal,2017-09-06 17:05:00,2.393766403198242,2.2999999999999994,FREE,,,
sell,286153,145.18,4011.394848889408,0.0,5m SELL signal,2017-09-07 05:30:00,3.405337333679199,-0.5,FREE,2965.2230722990944,144.4408,286126.0
buy,286175,145.23,4010.01379991575,0.0,5m BUY signal,2017-09-07 08:05:00,2.302125930786133,2.1499999999999995,FREE,,,
sell,286183,145.4,4010.01379991575,0.0,5m SELL signal,2017-09-07 08:50:00,3.2080655097961426,-0.5,FREE,681.7023459857413,145.23,286175.0
buy,286471,145.33,4011.945272880686,0.0,5m BUY signal,2017-09-11 07:00:00,1.9626554250717163,1.5499999999999994,FREE,,,
sell,286502,145.72,4011.945272880686,0.0,5m SELL signal,2017-09-11 09:35:00,2.896068572998047,-0.5,FREE,1564.6586564234128,145.33,286471.0
buy,286523,145.4067,4020.589595693827,0.0,5m BUY signal,2017-09-11 11:20:00,2.61838960647583,1.5499999999999994,FREE,,,
sell,286530,145.69,4020.589595693827,0.0,5m SELL signal,2017-09-11 11:55:00,2.6646389961242676,-0.5,FREE,1139.033032460049,145.4067,286523.0
buy,286561,145.7699,4018.385813509055,0.0,5m BUY signal,2017-09-11 14:30:00,1.6165447235107422,1.5499999999999994,FREE,,,
sell,286571,145.85,4018.385813509055,0.0,5m SELL signal,2017-09-11 15:20:00,2.656532049179077,-0.5,FREE,321.87270366202466,145.7699,286561.0
buy,286778,145.96,4015.3574328603427,0.0,ADAPTIVE_FORCE_BUY->first acceptable 5m signal,2017-09-13 04:45:00,1.172276496887207,0.8499999999999996,FORCE_BUY,,,
sell,286977,145.97,4015.3574328603427,0.0,ADAPTIVE_FORCE_SELL->first acceptable 5m signal,2017-09-14 10:30:00,2.0021915435791016,-0.5,FORCE_SELL,40.153574328566904,145.96,286778.0
buy,287118,145.3,4033.8728456615568,0.0,ADAPTIVE_FORCE_BUY->first acceptable 5m signal,2017-09-15 09:00:00,1.3317909240722656,0.7999999999999998,FORCE_BUY,,,
sell,287246,146.1,4033.8728456615568,0.0,5m SELL signal,2017-09-18 06:45:00,5.104406356811523,2.1999999999999993,FREE,3227.0982765291765,145.3,287118.0
buy,287266,145.92,4038.8488401257773,0.0,5m BUY signal,2017-09-18 08:25:00,1.0456205606460571,0.6999999999999997,FREE,,,
sell,287283,146.2422,4038.8488401257773,0.0,5m SELL signal,2017-09-18 09:50:00,5.520534515380859,2.1999999999999993,FREE,1301.3170962885633,145.92,287266.0
buy,287289,146.095,4042.9182370884832,0.0,5m BUY signal,2017-09-18 10:20:00,0.97458416223526,0.6999999999999997,FREE,,,
sell,287302,146.28,4042.9182370884832,0.0,5m SELL signal,2017-09-18 11:25:00,4.242851734161377,2.1999999999999993,FREE,747.9398738613786,146.095,287289.0
buy,287318,146.08,4048.4534482564572,0.0,5m BUY signal,2017-09-18 12:45:00,1.404044508934021,0.6999999999999997,FREE,,,
sell,287349,145.52,4048.4534482564572,0.0,5m SELL signal,2017-09-18 15:20:00,6.162783145904541,2.1999999999999993,FREE,-2267.1339310236253,146.08,287318.0
buy,287376,145.65,4044.8399985601072,0.0,5m BUY signal,2017-09-18 17:45:00,1.800804615020752,0.6999999999999997,FREE,,,
sell,287384,145.68,4044.8399985601072,0.0,5m SELL signal,2017-09-18 19:45:00,6.362253665924072,2.1999999999999993,FREE,121.34519995680782,145.65,287376.0
buy,287554,145.8,4041.510912141539,0.0,5m BUY signal,2017-09-20 08:55:00,1.1691709756851196,-0.5,FREE,,,
sell,287597,145.495,4041.510912141539,0.0,5m SELL signal,2017-09-20 12:35:00,2.8036930561065674,1.4999999999999996,FREE,-1232.6608282031968,145.8,287554.0
buy,287604,145.29,4047.2133674859474,0.0,5m BUY signal,2017-09-20 13:10:00,1.2306228876113892,-0.5,FREE,,,
sell,288026,143.74,4047.2133674859474,0.0,ADAPTIVE_FORCE_SELL->first acceptable 5m signal,2017-09-25 10:10:00,2.0330445766448975,-0.5,FORCE_SELL,-6273.18071960315,145.29,287604.0
buy,288138,142.89,4071.288749684584,0.0,5m BUY signal,2017-09-26 04:00:00,2.068314552307129,1.6999999999999993,FREE,,,
sell,288314,143.68,4071.288749684584,0.0,5m SELL signal,2017-09-27 07:35:00,4.816409587860107,-0.5,FREE,3216.318112250905,142.89,288138.0
buy,288459,144.19,4056.888602224017,0.0,ADAPTIVE_FORCE_BUY->first acceptable 5m signal,2017-09-28 07:45:00,1.5149799585342407,1.2999999999999996,FORCE_BUY,,,
sell,288720,145.61,4056.888602224017,0.0,5m SELL signal,2017-10-02 04:15:00,5.992717266082764,2.349999999999999,FREE,5760.781815158169,144.19,288459.0
buy,288905,145.62,4056.610008033507,0.0,ADAPTIVE_FORCE_BUY->first acceptable 5m signal,2017-10-03 10:15:00,1.27571439743042,0.7999999999999998,FORCE_BUY,,,
sell,289853,147.85,4056.610008033507,0.0,5m SELL signal,2017-10-12 09:25:00,2.9418556690216064,2.2499999999999996,FREE,9046.240317914679,145.62,288905.0
buy,289943,147.77,4058.8061831748932,0.0,5m BUY signal,2017-10-12 17:05:00,2.008758783340454,1.5499999999999994,FREE,,,
sell,290878,149.05,4058.8061831748932,0.0,ADAPTIVE_FORCE_SELL->first acceptable 5m signal,2017-10-23 09:00:00,3.038072109222412,1.6999999999999993,FORCE_SELL,5195.271914463868,147.77,289943.0
buy,290960,147.64,4097.568826891208,0.0,ADAPTIVE_FORCE_BUY->first acceptable 5m signal,2017-10-23 15:50:00,2.011587619781494,1.5499999999999994,FORCE_BUY,,,
sell,291153,147.8,4097.568826891208,0.0,ADAPTIVE_FORCE_SELL->first acceptable 5m signal,2017-10-25 06:15:00,0.9042187333106995,-0.5,FORCE_SELL,655.6110123026958,147.64,290960.0
buy,291344,146.98,4120.429123789092,0.0,ADAPTIVE_FORCE_BUY->first acceptable 5m signal,2017-10-26 10:10:00,2.2491397857666016,1.6499999999999995,FORCE_BUY,,,
sell,294961,153.71,4120.429123789092,0.0,ADAPTIVE_FORCE_SELL->first acceptable 5m signal,2017-11-29 17:50:00,2.477069854736328,1.7499999999999996,FORCE_SELL,27730.488003100665,146.98,291344.0
buy,295524,152.01,4166.509838942316,0.0,ADAPTIVE_FORCE_BUY->first acceptable 5m signal,2017-12-05 06:25:00,3.227947235107422,2.2499999999999996,FORCE_BUY,,,
sell,298139,156.89,4166.509838942316,0.0,5m SELL signal,2017-12-29 05:05:00,3.627563714981079,1.9499999999999993,FREE,20332.56801403848,152.01,295524.0
buy,298167,156.92,4165.713284677925,0.0,5m BUY signal,2017-12-29 08:55:00,2.038553476333618,1.4999999999999996,FREE,,,
sell,298317,156.38,4165.713284677925,0.0,5m SELL signal,2018-01-02 07:25:00,0.5927314162254333,-0.5,FREE,-2249.4851737260465,156.92,298167.0
buy,298368,157.96,4124.045603050987,0.0,5m BUY signal,2018-01-02 11:40:00,1.8020633459091187,1.4499999999999995,FREE,,,
sell,298388,158.06,4124.045603050987,0.0,5m SELL signal,2018-01-02 13:20:00,1.0449597835540771,-0.5,FREE,412.4045603050752,157.96,298368.0
buy,298718,160.22,4068.4474348910185,0.0,ADAPTIVE_FORCE_BUY->first acceptable 5m signal,2018-01-04 13:20:00,1.6134015321731567,1.4499999999999995,FORCE_BUY,,,
sell,299788,165.33,4068.4474348910185,0.0,ADAPTIVE_FORCE_SELL->first acceptable 5m signal,2018-01-16 04:00:00,3.1957030296325684,1.8999999999999995,FORCE_SELL,20789.76639229316,160.22,298718.0
buy,300005,164.88,4079.5512761434507,0.0,ADAPTIVE_FORCE_BUY->first acceptable 5m signal,2018-01-17 07:15:00,1.843985676765442,-0.5,FORCE_BUY,,,
sell,300828,169.58,4079.5512761434507,0.0,5m SELL signal,2018-01-24 04:00:00,1.199820637702942,1.0999999999999996,FREE,19173.89099787429,164.88,300005.0
buy,300848,169.47,4082.199241213232,0.0,5m BUY signal,2018-01-24 06:40:00,2.0172550678253174,-0.5,FREE,,,
sell,300859,169.57,4082.199241213232,0.0,5m SELL signal,2018-01-24 07:35:00,1.1388559341430664,1.0999999999999996,FREE,408.21992412130004,169.47,300848.0
buy,300883,169.46,4084.849081391052,0.0,5m BUY signal,2018-01-24 09:35:00,2.402055263519287,-0.5,FREE,,,
sell,300891,169.88,4084.849081391052,0.0,5m SELL signal,2018-01-24 10:15:00,1.8657957315444946,1.0999999999999996,FREE,1715.6366141841909,169.46,300883.0
buy,300899,169.73,4088.4590935409888,0.0,5m BUY signal,2018-01-24 10:55:00,2.485438823699951,-0.5,FREE,,,
sell,300932,168.53,4088.4590935409888,0.0,5m SELL signal,2018-01-24 13:40:00,4.353400230407715,1.0999999999999996,FREE,-4906.15091224914,169.73,300899.0
buy,301061,168.34,4093.0736071905835,0.0,ADAPTIVE_FORCE_BUY->first acceptable 5m signal,2018-01-25 09:55:00,2.518627882003784,-0.5,FORCE_BUY,,,
sell,301323,170.98,4093.0736071905835,0.0,ADAPTIVE_FORCE_SELL->first acceptable 5m signal,2018-01-26 18:05:00,4.532330513000488,1.7999999999999994,FORCE_SELL,10805.714322983085,168.34,301061.0
buy,301509,169.36,4132.225586664182,0.0,ADAPTIVE_FORCE_BUY->first acceptable 5m signal,2018-01-30 04:00:00,2.080026149749756,1.5499999999999994,FORCE_BUY,,,
sell,301923,168.815,4132.225586664182,0.0,ADAPTIVE_FORCE_SELL->first acceptable 5m signal,2018-02-01 09:35:00,2.9922618865966797,1.8499999999999996,FORCE_SELL,-2252.062944732045,169.36,301509.0
buy,306451,169.83,4107.529072676875,0.0,5m BUY signal,2018-03-08 19:15:00,1.5007306337356567,1.4499999999999995,FREE,,,
sell,306457,170.09,4107.529072676875,0.0,5m SELL signal,2018-03-08 19:45:00,4.140542984008789,2.499999999999999,FREE,1067.9575588959501,169.83,306451.0
buy,306503,169.9,4112.122542505061,0.0,5m BUY signal,2018-03-09 08:25:00,0.9335870742797852,-0.5,FREE,,,
sell,306524,171.51,4112.122542505061,0.0,5m SELL signal,2018-03-09 10:10:00,5.232842445373535,2.1499999999999995,FREE,6620.517293433087,169.9,306503.0
buy,306557,172.27,4093.981176438398,0.0,5m BUY signal,2018-03-09 12:55:00,2.508662462234497,-0.5,FREE,,,
sell,306562,172.44,4093.981176438398,0.0,5m SELL signal,2018-03-09 13:20:00,5.0129594802856445,2.1499999999999995,FREE,695.9767999944764,172.27,306557.0
buy,306724,173.6351,4065.8030206164385,0.0,5m BUY signal,2018-03-12 11:15:00,2.232827663421631,-0.5,FREE,,,
sell,306730,173.965,4065.8030206164385,0.0,5m SELL signal,2018-03-12 11:45:00,3.3884201049804688,2.1499999999999995,FREE,1341.3084165014004,173.6351,306724.0
buy,306759,173.72,4071.5370854336793,0.0,5m BUY signal,2018-03-12 14:10:00,0.9559760689735413,-0.5,FREE,,,
sell,306870,174.69,4071.5370854336793,0.0,5m SELL signal,2018-03-13 08:30:00,2.2661592960357666,-0.5,FREE,3949.3909728706644,173.72,306759.0
buy,306894,174.335,4079.827994690736,0.0,5m BUY signal,2018-03-13 10:30:00,2.6155714988708496,0.7999999999999998,FREE,,,
sell,306922,172.98,4079.827994690736,0.0,5m SELL signal,2018-03-13 12:50:00,9.216917991638184,-0.5,FREE,-5528.166932806022,174.335,306894.0
buy,306933,172.76,4085.0234227923333,0.0,5m BUY signal,2018-03-13 13:45:00,1.5455485582351685,0.7999999999999998,FREE,,,
sell,307060,172.69,4085.0234227923333,0.0,ADAPTIVE_FORCE_SELL->first acceptable 5m signal,2018-03-14 08:35:00,3.517890453338623,-0.5,FORCE_SELL,-285.9516395954355,172.76,306933.0
buy,308856,158.04,4463.697132890458,0.0,ADAPTIVE_FORCE_BUY->first acceptable 5m signal,2018-03-28 05:20:00,3.9613609313964844,1.2499999999999996,FORCE_BUY,,,
sell,309053,158.85,4463.697132890458,0.0,5m SELL signal,2018-03-29 05:50:00,0.30614742636680603,-0.5,FREE,3615.5946776412816,158.04,308856.0
buy,309061,158.43,4475.530452311111,0.0,5m BUY signal,2018-03-29 06:30:00,3.0235159397125244,-0.5,FREE,,,
sell,309075,158.74,4475.530452311111,0.0,5m SELL signal,2018-03-29 07:40:00,0.012711212038993835,-0.5,FREE,1387.4144402164545,158.43,309061.0
buy,309081,158.2,4490.8072313518705,0.0,5m BUY signal,2018-03-29 08:10:00,3.2207648754119873,-0.5,FREE,,,
sell,309113,159.21,4490.8072313518705,0.0,5m SELL signal,2018-03-29 10:50:00,6.554039478302002,-0.5,FREE,4535.715303665476,158.2,309081.0
buy,309121,159.0,4496.738486185732,0.0,5m BUY signal,2018-03-29 11:30:00,3.121739387512207,-0.5,FREE,,,
sell,309133,159.31,4496.738486185732,0.0,5m SELL signal,2018-03-29 12:30:00,2.340076446533203,-0.5,FREE,1393.988930717587,159.0,309121.0
buy,309170,160.4,4466.180849340704,0.0,5m BUY signal,2018-03-29 15:35:00,3.2321524620056152,-0.5,FREE,,,
sell,309314,156.125,4466.180849340704,0.0,5m SELL signal,2018-04-02 12:30:00,7.456040859222412,-0.5,FREE,-19092.923130931536,160.4,309170.0
buy,309328,154.71,4507.0291843017085,0.0,5m BUY signal,2018-04-02 13:40:00,4.148987770080566,-0.5,FREE,,,
sell,309346,155.26,4507.0291843017085,0.0,5m SELL signal,2018-04-02 15:10:00,6.701396465301514,-0.5,FREE,2478.866051365863,154.71,309328.0
buy,309389,155.57,4498.048152951618,0.0,5m BUY signal,2018-04-02 18:45:00,3.613697052001953,-0.5,FREE,,,
sell,309400,155.76,4498.048152951618,0.0,5m SELL signal,2018-04-02 19:40:00,4.06465482711792,-0.5,FREE,854.6291490607972,155.57,309389.0
buy,309466,156.55,4475.349602706764,0.0,5m BUY signal,2018-04-03 09:30:00,3.5528981685638428,2.3999999999999995,FREE,,,
sell,309468,156.67,4475.349602706764,0.0,5m SELL signal,2018-04-03 09:40:00,5.067437648773193,0.8999999999999997,FREE,537.0419523247049,156.55,309466.0
buy,309472,155.76,4501.496034001469,0.0,5m BUY signal,2018-04-03 10:00:00,2.8767123222351074,2.3999999999999995,FREE,,,
sell,309483,156.53,4501.496034001469,0.0,5m SELL signal,2018-04-03 10:55:00,2.411653995513916,0.8999999999999997,FREE,3466.1519461811768,155.76,309472.0
buy,309490,156.54,4501.208471970423,0.0,5m BUY signal,2018-04-03 11:30:00,3.5095696449279785,2.3999999999999995,FREE,,,
sell,309510,155.53,4501.208471970423,0.0,5m SELL signal,2018-04-03 13:10:00,1.6251747608184814,0.8999999999999997,FREE,-4546.220556690086,156.54,309490.0
buy,309523,155.61,4498.894374690314,0.0,5m BUY signal,2018-04-03 14:15:00,2.6102309226989746,2.3999999999999995,FREE,,,
sell,309967,159.03,4498.894374690314,0.0,5m SELL signal,2018-04-06 04:00:00,0.5056900978088379,-0.5,FREE,15386.218761440818,155.61,309523.0
buy,310000,158.69,4508.533445125721,0.0,5m BUY signal,2018-04-06 07:15:00,3.891707420349121,-0.5,FREE,,,
sell,310028,160.16,4508.533445125721,0.0,5m SELL signal,2018-04-06 09:35:00,5.107822418212891,-0.5,FREE,6627.544164334805,158.69,310000.0
buy,310039,159.315,4532.446515214107,0.0,5m BUY signal,2018-04-06 10:30:00,2.953037738800049,-0.5,FREE,,,
sell,310052,159.34,4532.446515214107,0.0,5m SELL signal,2018-04-06 11:35:00,0.8906655311584473,-0.5,FREE,113.31116288037845,159.315,310039.0
buy,310061,158.65,4552.159015028149,0.0,5m BUY signal,2018-04-06 12:20:00,3.1523754596710205,-0.5,FREE,,,
sell,310068,159.43,4552.159015028149,0.0,5m SELL signal,2018-04-06 12:55:00,1.9342930316925049,-0.5,FREE,3550.684031721961,158.65,310061.0
buy,310072,158.67,4573.963016108514,0.0,5m BUY signal,2018-04-06 13:15:00,3.049346446990967,-0.5,FREE,,,
sell,310100,156.97,4573.963016108514,0.0,5m SELL signal,2018-04-06 15:35:00,2.407215118408203,-0.5,FREE,-7775.737127384422,158.67,310072.0
buy,310126,156.62,4584.184488817223,0.0,5m BUY signal,2018-04-06 17:50:00,3.5292413234710693,-0.5,FREE,,,
sell,310144,158.28,4584.184488817223,0.0,5m SELL signal,2018-04-09 04:00:00,0.5636589527130127,-0.5,FREE,7609.746251436574,156.62,310126.0
buy,310157,158.44,4579.555168454873,0.0,5m BUY signal,2018-04-09 05:10:00,2.6445860862731934,-0.5,FREE,,,
sell,310211,158.515,4579.555168454873,0.0,5m SELL signal,2018-04-09 09:45:00,1.143262505531311,-0.5,FREE,343.4666376340634,158.44,310157.0
buy,310246,160.33,4527.712764470929,0.0,5m BUY signal,2018-04-09 12:40:00,3.7416937351226807,-0.5,FREE,,,
sell,310250,160.56,4527.712764470929,0.0,5m SELL signal,2018-04-09 13:00:00,0.44401729106903076,-0.5,FREE,1041.3739358282673,160.33,310246.0
buy,310258,160.1515,4539.261645775734,0.0,5m BUY signal,2018-04-09 13:40:00,3.0168533325195312,-0.5,FREE,,,
sell,311825,163.9701,4539.261645775734,0.0,5m SELL signal,2018-04-20 10:30:00,3.0994246006011963,-0.5,FREE,17333.624520559235,160.1515,310258.0
buy,311832,162.91,4568.799864857969,0.0,5m BUY signal,2018-04-20 11:05:00,2.5758426189422607,2.499999999999999,FREE,,,
sell,312001,163.12,4568.799864857969,0.0,5m SELL signal,2018-04-23 10:45:00,3.1709065437316895,-0.5,FREE,959.4479716202098,162.91,311832.0
buy,312178,161.0,4628.960459351751,0.0,5m BUY signal,2018-04-24 10:20:00,4.048786640167236,-0.5,FREE,,,
sell,312248,158.5172,4628.960459351751,0.0,5m SELL signal,2018-04-24 16:10:00,6.429219722747803,-0.5,FREE,-11492.783028478514,161.0,312178.0
buy,312263,158.65,4625.085729134279,0.0,5m BUY signal,2018-04-24 17:25:00,2.9050445556640625,-0.5,FREE,,,
sell,312271,158.87,4625.085729134279,0.0,5m SELL signal,2018-04-24 18:05:00,3.505951166152954,-0.5,FREE,1017.5188604095362,158.65,312263.0
buy,312279,158.9,4624.212522262826,0.0,5m BUY signal,2018-04-24 18:45:00,2.4254441261291504,-0.5,FREE,,,
sell,312291,158.96,4624.212522262826,0.0,5m SELL signal,2018-04-24 19:50:00,3.811861276626587,-0.5,FREE,277.45275133578,158.9,312279.0
buy,312293,158.51,4637.340373092542,0.0,ADAPTIVE_FORCE_BUY->first acceptable 5m signal,2018-04-25 04:00:00,2.8416748046875,-0.5,FORCE_BUY,,,
sell,315111,168.44,4637.340373092542,0.0,5m SELL signal,2018-05-17 07:30:00,3.5393002033233643,2.4499999999999993,FREE,46048.789904808975,158.51,312293.0
buy,315121,168.27,4642.025390406536,0.0,5m BUY signal,2018-05-17 08:20:00,2.602452278137207,2.0999999999999996,FREE,,,
sell,316280,168.81,4642.025390406536,0.0,5m SELL signal,2018-05-29 05:55:00,2.731952667236328,-0.5,FREE,2506.6937108194925,168.27,315121.0
buy,316291,168.61,4647.531618258272,0.0,5m BUY signal,2018-05-29 06:50:00,1.9372693300247192,1.4999999999999996,FREE,,,
sell,316316,169.11,4647.531618258272,0.0,5m SELL signal,2018-05-29 08:55:00,3.619971752166748,-0.5,FREE,2323.765809129136,168.61,316291.0
buy,316353,168.28,4670.45443287174,0.0,5m BUY signal,2018-05-29 12:00:00,1.5963069200515747,1.4999999999999996,FREE,,,
sell,316360,168.71,4670.45443287174,0.0,5m SELL signal,2018-05-29 12:35:00,1.1826655864715576,-0.5,FREE,2008.29540613488,168.28,316353.0
buy,316393,168.2099,4684.340026180334,0.0,5m BUY signal,2018-05-29 15:20:00,1.7425916194915771,1.4999999999999996,FREE,,,
sell,316397,168.84,4684.340026180334,0.0,5m SELL signal,2018-05-29 15:40:00,2.8639638423919678,-0.5,FREE,2951.6026504962224,168.2099,316393.0
buy,316436,169.06,4678.244232936753,0.0,5m BUY signal,2018-05-29 19:15:00,1.6354988813400269,1.4999999999999996,FREE,,,
sell,316618,170.62,4678.244232936753,0.0,5m SELL signal,2018-05-31 04:00:00,4.6752166748046875,2.4499999999999993,FREE,7298.0610033813455,169.06,316436.0
buy,316821,170.49,4681.811431894356,0.0,ADAPTIVE_FORCE_BUY->first acceptable 5m signal,2018-06-01 08:30:00,2.1599626541137695,0.5499999999999998,FORCE_BUY,,,
sell,317476,176.27,4681.811431894356,0.0,5m SELL signal,2018-06-07 04:00:00,2.672799825668335,2.3999999999999995,FREE,27060.870076349383,170.49,316821.0
buy,317512,175.97,4689.793152810242,0.0,5m BUY signal,2018-06-07 07:55:00,2.384941339492798,-0.5,FREE,,,
sell,318213,176.17,4689.793152810242,0.0,5m SELL signal,2018-06-13 09:30:00,2.7571640014648438,2.499999999999999,FREE,937.958630561995,175.97,317512.0
buy,318244,176.88,4670.968225523407,0.0,5m BUY signal,2018-06-13 12:05:00,2.674792528152466,2.0499999999999994,FREE,,,
sell,318278,176.3701,4670.968225523407,0.0,5m SELL signal,2018-06-13 14:55:00,4.9310760498046875,2.499999999999999,FREE,-2381.7266981943276,176.88,318244.0
buy,318286,176.028,4680.045975824221,0.0,5m BUY signal,2018-06-13 15:35:00,2.3096861839294434,2.0499999999999994,FREE,,,
sell,319253,177.36,4680.045975824221,0.0,5m SELL signal,2018-06-21 07:05:00,1.4119555950164795,1.0499999999999996,FREE,6233.821239797966,176.028,318286.0
buy,319270,177.36,4680.045975824221,0.0,5m BUY signal,2018-06-21 08:30:00,2.3481171131134033,1.8999999999999995,FREE,,,
sell,319280,177.64,4680.045975824221,0.0,5m SELL signal,2018-06-21 09:20:00,1.3776336908340454,1.0499999999999996,FREE,1310.4128732306542,177.36,319270.0
buy,319288,177.07,4695.111352264159,0.0,5m BUY signal,2018-06-21 10:00:00,2.7139904499053955,1.8999999999999995,FREE,,,
sell,319308,176.85,4695.111352264159,0.0,5m SELL signal,2018-06-21 11:40:00,2.2776286602020264,1.0499999999999996,FREE,-1032.9244974981095,177.07,319288.0
buy,319351,175.74,4724.7663744617985,0.0,5m BUY signal,2018-06-21 15:15:00,2.0566859245300293,1.8999999999999995,FREE,,,
sell,319406,176.07,4724.7663744617985,0.0,5m SELL signal,2018-06-22 04:10:00,3.509782075881958,0.8499999999999996,FREE,1559.1729035723183,175.74,319351.0
buy,319420,176.24,4720.208894413804,0.0,5m BUY signal,2018-06-22 06:00:00,2.069844961166382,-0.5,FREE,,,
sell,319427,176.3,4720.208894413804,0.0,5m SELL signal,2018-06-22 06:35:00,1.5741207599639893,0.8499999999999996,FREE,283.212533664839,176.24,319420.0
buy,319434,176.14,4724.496582747552,0.0,5m BUY signal,2018-06-22 07:15:00,1.9141498804092407,-0.5,FREE,,,
sell,319440,176.3,4724.496582747552,0.0,5m SELL signal,2018-06-22 07:50:00,1.8615186214447021,0.8499999999999996,FREE,755.9194532397264,176.14,319434.0
buy,319452,176.38,4722.353710955853,0.0,5m BUY signal,2018-06-22 08:50:00,1.3069078922271729,-0.5,FREE,,,
sell,319478,175.25,4722.353710955853,0.0,5m SELL signal,2018-06-22 11:00:00,6.19957971572876,0.8499999999999996,FREE,-5336.259693380092,176.38,319452.0
buy,319568,174.29,4748.364724568325,0.0,5m BUY signal,2018-06-25 04:00:00,2.3429136276245117,2.0499999999999994,FREE,,,
sell,319763,171.81,4748.364724568325,0.0,5m SELL signal,2018-06-26 04:30:00,2.2872509956359863,1.8999999999999995,FREE,-11775.944516929398,174.29,319568.0
buy,319823,171.55,4755.561313483438,0.0,5m BUY signal,2018-06-26 09:35:00,2.2753171920776367,2.0499999999999994,FREE,,,
sell,319831,172.32,4755.561313483438,0.0,5m SELL signal,2018-06-26 10:15:00,2.1829891204833984,1.8999999999999995,FREE,3661.782211382161,171.55,319823.0
buy,319835,171.84,4768.845004303224,0.0,5m BUY signal,2018-06-26 10:35:00,2.0883536338806152,2.0499999999999994,FREE,,,
sell,319842,172.075,4768.845004303224,0.0,5m SELL signal,2018-06-26 11:10:00,2.461229085922241,1.8999999999999995,FREE,1120.6785760111873,171.84,319835.0
buy,319873,172.86,4747.188500031686,0.0,5m BUY signal,2018-06-26 13:45:00,2.0832719802856445,2.0499999999999994,FREE,,,
sell,319935,170.8,4747.188500031686,0.0,5m SELL signal,2018-06-26 19:55:00,2.284298896789551,1.8999999999999995,FREE,-9779.208310065284,172.86,319873.0
buy,320175,169.58,4781.3409352837125,0.0,ADAPTIVE_FORCE_BUY->first acceptable 5m signal,2018-06-28 08:10:00,2.0690417289733887,1.8499999999999996,FORCE_BUY,,,
sell,320311,172.43,4781.3409352837125,0.0,5m SELL signal,2018-06-29 04:00:00,3.614474296569824,2.349999999999999,FREE,13626.821665558553,169.58,320175.0
buy,320327,172.42,4781.6182430748795,0.0,5m BUY signal,2018-06-29 05:20:00,2.285736083984375,1.4999999999999996,FREE,,,
sell,320378,172.63,4781.6182430748795,0.0,5m SELL signal,2018-06-29 09:40:00,2.688159704208374,2.349999999999999,FREE,1004.1398310457628,172.42,320327.0
buy,320417,172.05,4797.737618727209,0.0,5m BUY signal,2018-06-29 12:55:00,1.7653470039367676,1.4999999999999996,FREE,,,
sell,320670,173.3,4797.737618727209,0.0,5m SELL signal,2018-07-03 04:00:00,2.8094725608825684,-0.5,FREE,5997.172023409012,172.05,320417.0
buy,320760,172.035,4833.0161265174265,0.0,5m BUY signal,2018-07-03 11:50:00,1.8065977096557617,1.2999999999999996,FREE,,,
sell,322040,179.95,4833.0161265174265,0.0,5m SELL signal,2018-07-16 04:00:00,4.374027729034424,2.499999999999999,FREE,38253.32264138539,172.035,320760.0
buy,322223,177.66,4895.312686968428,0.0,ADAPTIVE_FORCE_BUY->first acceptable 5m signal,2018-07-17 04:00:00,1.6751457452774048,1.5499999999999994,FORCE_BUY,,,
sell,322408,180.25,4895.312686968428,0.0,5m SELL signal,2018-07-18 05:05:00,2.074471950531006,-0.5,FREE,12678.859859248247,177.66,322223.0
buy,322419,180.15,4898.03004066644,0.0,5m BUY signal,2018-07-18 06:15:00,2.4361350536346436,1.6499999999999995,FREE,,,
sell,322454,180.25,4898.03004066644,0.0,5m SELL signal,2018-07-18 09:10:00,4.412107467651367,-0.5,FREE,489.80300406661615,180.15,322419.0
buy,322471,179.69,4913.294645389982,0.0,5m BUY signal,2018-07-18 10:35:00,1.859491229057312,1.6499999999999995,FREE,,,
sell,322477,179.9,4913.294645389982,0.0,5m SELL signal,2018-07-18 11:05:00,2.690413236618042,-0.5,FREE,1031.7918755319354,179.69,322471.0
buy,322509,179.97,4911.383601187185,0.0,5m BUY signal,2018-07-18 13:45:00,2.064744472503662,1.6499999999999995,FREE,,,
sell,322762,179.73,4911.383601187185,0.0,5m SELL signal,2018-07-20 04:00:00,2.471149444580078,-0.5,FREE,-1178.732064284969,179.97,322509.0
buy,322781,179.39,4920.692204924315,0.0,5m BUY signal,2018-07-20 06:10:00,2.3954904079437256,2.1499999999999995,FREE,,,
sell,322789,179.31,4920.692204924315,0.0,5m SELL signal,2018-07-20 06:50:00,2.5833899974823,-0.5,FREE,-393.65537639386685,179.39,322781.0
buy,323032,179.15,4925.086906307445,0.0,ADAPTIVE_FORCE_BUY->first acceptable 5m signal,2018-07-23 13:15:00,2.9114017486572266,2.0999999999999996,FORCE_BUY,,,
sell,323122,180.8,4925.086906307445,0.0,5m SELL signal,2018-07-24 05:05:00,2.0748586654663086,1.6499999999999995,FREE,8126.393395407313,179.15,323032.0
buy,323351,180.455,4934.50285478588,0.0,ADAPTIVE_FORCE_BUY->first acceptable 5m signal,2018-07-25 10:10:00,2.1489858627319336,1.7999999999999994,FORCE_BUY,,,
sell,323767,177.66,4934.50285478588,0.0,ADAPTIVE_FORCE_SELL->first acceptable 5m signal,2018-07-27 13:45:00,4.834997653961182,2.349999999999999,FORCE_SELL,-13791.935479126614,180.455,323351.0
buy,323828,177.06,4951.224314815653,0.0,5m BUY signal,2018-07-30 04:05:00,2.5680510997772217,1.7999999999999994,FREE,,,
sell,324414,175.84,4951.224314815653,0.0,5m SELL signal,2018-08-02 07:30:00,0.18052031099796295,-0.5,FREE,-6040.493664075091,177.06,323828.0
buy,324501,179.35,4854.325528392442,0.0,5m BUY signal,2018-08-02 14:45:00,1.6922107934951782,1.3999999999999995,FREE,,,
sell,324513,179.72,4854.325528392442,0.0,5m SELL signal,2018-08-02 15:45:00,3.4178428649902344,-0.5,FREE,1796.1004455052255,179.35,324501.0
buy,324610,179.51,4860.004367236866,0.0,ADAPTIVE_FORCE_BUY->first acceptable 5m signal,2018-08-03 09:30:00,2.2778255939483643,2.1499999999999995,FORCE_BUY,,,
sell,325220,181.85,4860.004367236866,0.0,5m SELL signal,2018-08-09 04:00:00,2.597931146621704,-0.25000000000000006,FREE,11372.410219334282,179.51,324610.0
buy,325245,181.86,4859.737128461586,0.0,5m BUY signal,2018-08-09 06:50:00,1.653773307800293,1.5499999999999994,FREE,,,
sell,325260,181.84,4859.737128461586,0.0,5m SELL signal,2018-08-09 08:10:00,-0.08131491392850876,-0.25000000000000006,FREE,-97.19474256928143,181.86,325245.0
buy,325293,182.27,4848.272340151724,0.0,5m BUY signal,2018-08-09 10:55:00,1.5897271633148193,1.5499999999999994,FREE,,,
sell,325317,182.42,4848.272340151724,0.0,5m SELL signal,2018-08-09 12:55:00,0.19004422426223755,-0.25000000000000006,FREE,727.2408510226484,182.27,325293.0
buy,325352,181.85,4863.469014520086,0.0,5m BUY signal,2018-08-09 15:50:00,1.6103912591934204,1.5499999999999994,FREE,,,
sell,325540,180.78,4863.469014520086,0.0,5m SELL signal,2018-08-10 16:00:00,2.3107752799987793,1.7499999999999996,FREE,-5203.911845536459,181.85,325352.0
buy,325557,180.56,4869.394818591832,0.0,5m BUY signal,2018-08-10 17:40:00,2.0225985050201416,1.9499999999999993,FREE,,,
sell,325565,180.75,4869.394818591832,0.0,5m SELL signal,2018-08-10 18:25:00,3.8983564376831055,1.7499999999999996,FREE,925.185015532437,180.56,325557.0
buy,325809,180.485,4876.544385741051,0.0,ADAPTIVE_FORCE_BUY->first acceptable 5m signal,2018-08-14 09:45:00,2.1660990715026855,-0.5,FORCE_BUY,,,
sell,326056,179.44,4876.544385741051,0.0,ADAPTIVE_FORCE_SELL->first acceptable 5m signal,2018-08-15 15:30:00,2.4013469219207764,1.6999999999999993,FORCE_SELL,-5095.988883099476,180.485,325809.0
buy,326341,179.09,4886.074736598214,0.0,ADAPTIVE_FORCE_BUY->first acceptable 5m signal,2018-08-17 09:30:00,1.7375235557556152,1.5999999999999996,FORCE_BUY,,,
sell,326618,180.14,4886.074736598214,0.0,5m SELL signal,2018-08-21 04:50:00,6.487831115722656,2.499999999999999,FREE,5130.378473428042,179.09,326341.0
buy,326650,180.23,4883.634816905079,0.0,5m BUY signal,2018-08-21 08:00:00,1.3904085159301758,1.0999999999999996,FREE,,,
sell,326671,180.515,4883.634816905079,0.0,5m SELL signal,2018-08-21 09:45:00,2.9763762950897217,2.499999999999999,FREE,1391.8359228179309,180.23,326650.0
buy,326755,179.56,4909.608704464358,0.0,5m BUY signal,2018-08-21 16:45:00,1.7946242094039917,1.0999999999999996,FREE,,,
sell,327026,181.35,4909.608704464358,0.0,5m SELL signal,2018-08-23 09:35:00,3.30893874168396,2.1999999999999993,FREE,8788.199580991162,179.56,326755.0
buy,327043,181.58,4903.389902823061,0.0,5m BUY signal,2018-08-23 11:00:00,1.4512883424758911,-0.5,FREE,,,
sell,327081,181.3752,4903.389902823061,0.0,5m SELL signal,2018-08-23 14:10:00,4.000116348266602,2.1999999999999993,FREE,-1004.2142520981917,181.58,327043.0
buy,327098,180.93,4915.4552827199095,0.0,5m BUY signal,2018-08-23 15:35:00,1.3793808221817017,-0.5,FREE,,,
sell,327128,180.94,4915.4552827199095,0.0,5m SELL signal,2018-08-23 19:35:00,3.36946177482605,2.1999999999999993,FREE,49.15455282715439,180.93,327098.0
buy,327150,181.28,4906.236092538285,0.0,ADAPTIVE_FORCE_BUY->first acceptable 5m signal,2018-08-24 07:10:00,1.229967474937439,-0.5,FORCE_BUY,,,
sell,328340,185.31,4906.236092538285,0.0,ADAPTIVE_FORCE_SELL->first acceptable 5m signal,2018-09-05 05:55:00,3.1120920181274414,1.8499999999999996,FORCE_SELL,19772.131452929298,181.28,327150.0
buy,328864,182.2,4989.981395764378,0.0,5m BUY signal,2018-09-10 06:00:00,2.7964413166046143,2.0999999999999996,FREE,,,
sell,328870,182.31,4989.981395764378,0.0,5m SELL signal,2018-09-10 06:35:00,1.2371515035629272,-0.5,FREE,548.8979535341497,182.2,328864.0
buy,329230,183.55,4956.2708159182985,0.0,ADAPTIVE_FORCE_BUY->first acceptable 5m signal,2018-09-12 05:20:00,2.1414942741394043,-0.5,FORCE_BUY,,,
sell,329560,185.07,4956.2708159182985,0.0,5m SELL signal,2018-09-14 04:00:00,-0.4592941403388977,-0.5,FREE,7533.531640195723,183.55,329230.0
buy,329932,181.54,5052.644265186733,0.0,5m BUY signal,2018-09-18 07:15:00,2.0788016319274902,1.9999999999999996,FREE,,,
sell,329960,182.52,5052.644265186733,0.0,5m SELL signal,2018-09-18 09:35:00,2.505009889602661,-0.5,FREE,4951.59137988309,181.54,329932.0
buy,330247,182.91,5041.871036476314,0.0,ADAPTIVE_FORCE_BUY->first acceptable 5m signal,2018-09-20 04:35:00,1.2726386785507202,1.1499999999999997,FORCE_BUY,,,
sell,330936,184.8,5041.871036476314,0.0,ADAPTIVE_FORCE_SELL->first acceptable 5m signal,2018-09-26 04:00:00,3.1073641777038574,2.4499999999999993,FORCE_SELL,9529.136258940307,182.91,330247.0
buy,331150,184.58,5047.880417926226,0.0,5m BUY signal,2018-09-27 07:15:00,2.012667655944824,1.2999999999999996,FREE,,,
sell,331169,184.84,5047.880417926226,0.0,5m SELL signal,2018-09-27 08:50:00,1.660947561264038,-0.5,FREE,1312.4489086607728,184.58,331150.0
buy,332526,178.59,5224.537860179649,0.0,5m BUY signal,2018-10-09 06:00:00,2.394796848297119,2.0999999999999996,FREE,,,
sell,332567,179.545,5224.537860179649,0.0,5m SELL signal,2018-10-09 09:30:00,5.201657772064209,-0.5,FREE,4989.433656471482,178.59,332526.0
buy,333155,172.14,5449.283432705676,0.0,5m BUY signal,2018-10-12 12:00:00,2.628650188446045,2.499999999999999,FREE,,,
sell,333189,172.98,5449.283432705676,0.0,5m SELL signal,2018-10-12 14:50:00,6.577540874481201,-0.5,FREE,4577.398083472786,172.14,333155.0
buy,333249,172.6,5461.280696346627,0.0,ADAPTIVE_FORCE_BUY->first acceptable 5m signal,2018-10-15 04:25:00,3.6298341751098633,-0.5,FORCE_BUY,,,
sell,334010,174.12,5461.280696346627,0.0,5m SELL signal,2018-10-19 05:30:00,6.932694911956787,-0.5,FREE,8301.146658446929,172.6,333249.0
buy,334087,174.44,5451.262295619553,0.0,5m BUY signal,2018-10-19 11:55:00,2.192044973373413,2.1499999999999995,FREE,,,
sell,334103,173.79,5451.262295619553,0.0,5m SELL signal,2018-10-19 13:15:00,5.762908935546875,-0.5,FREE,-3543.3204921527404,174.44,334087.0
buy,334112,172.75,5484.080314649621,0.0,5m BUY signal,2018-10-19 14:00:00,2.263045072555542,2.1499999999999995,FREE,,,
sell,334117,173.16,5484.080314649621,0.0,5m SELL signal,2018-10-19 14:25:00,4.530515193939209,-0.5,FREE,2248.472929006326,172.75,334112.0
buy,334359,171.47,5538.131144134416,0.0,ADAPTIVE_FORCE_BUY->first acceptable 5m signal,2018-10-23 04:00:00,4.197455406188965,2.349999999999999,FORCE_BUY,,,
sell,334592,173.05,5538.131144134416,0.0,ADAPTIVE_FORCE_SELL->first acceptable 5m signal,2018-10-24 07:30:00,3.4541096687316895,-0.5,FORCE_SELL,8750.247207732447,171.47,334359.0
buy,334770,168.8,5677.5686877515445,0.0,5m BUY signal,2018-10-25 06:20:00,3.510709285736084,2.349999999999999,FREE,,,
sell,334814,170.04,5677.5686877515445,0.0,5m SELL signal,2018-10-25 10:00:00,6.470274448394775,-0.5,FREE,7040.185172811805,168.8,334770.0
buy,334886,168.62,5725.381210207997,0.0,5m BUY signal,2018-10-25 16:00:00,4.010669231414795,2.349999999999999,FREE,,,
sell,334916,167.33,5725.381210207997,0.0,5m SELL signal,2018-10-25 18:30:00,2.0638909339904785,-0.5,FREE,-7385.741761168271,168.62,334886.0
buy,334928,167.32,5725.723391729048,0.0,5m BUY signal,2018-10-25 19:30:00,3.284773111343384,2.349999999999999,FREE,,,
sell,335023,166.54,5725.723391729048,0.0,ADAPTIVE_FORCE_SELL->first acceptable 5m signal,2018-10-26 11:25:00,6.540501594543457,1.7999999999999994,FORCE_SELL,-4466.064245548664,167.32,334928.0
buy,335332,163.51,5831.8266384842245,0.0,ADAPTIVE_FORCE_BUY->first acceptable 5m signal,2018-10-30 05:20:00,2.9134013652801514,2.4499999999999993,FORCE_BUY,,,
sell,335887,173.12,5831.8266384842245,0.0,5m SELL signal,2018-11-02 04:00:00,10.662842750549316,-0.5,FREE,56043.85399583348,163.51,335332.0
buy,335963,170.57,5919.011711639731,0.0,5m BUY signal,2018-11-02 10:20:00,2.693295478820801,2.4499999999999993,FREE,,,
sell,336021,169.69,5919.011711639731,0.0,5m SELL signal,2018-11-02 15:10:00,3.0553600788116455,-0.5,FREE,-5208.730306242936,170.57,335963.0
buy,336143,167.26,6005.004767117936,0.0,ADAPTIVE_FORCE_BUY->first acceptable 5m signal,2018-11-05 10:20:00,2.4289770126342773,2.0999999999999996,FORCE_BUY,,,
sell,336664,174.66,6005.004767117936,0.0,5m SELL signal,2018-11-08 06:05:00,3.6079490184783936,-0.5,FREE,44437.03527667277,167.26,336143.0
buy,336827,173.53,6044.1084113687475,0.0,5m BUY signal,2018-11-09 04:00:00,2.5017752647399902,1.9999999999999996,FREE,,,
sell,336868,173.05,6044.1084113687475,0.0,5m SELL signal,2018-11-09 07:40:00,3.138462781906128,-0.5,FREE,-2901.172037456937,173.53,336827.0
buy,336880,172.92,6048.652328171189,0.0,5m BUY signal,2018-11-09 08:40:00,2.065868377685547,1.9999999999999996,FREE,,,
sell,337285,169.01,6048.652328171189,0.0,ADAPTIVE_FORCE_SELL->first acceptable 5m signal,2018-11-13 11:00:00,0.8515685796737671,-0.5,FORCE_SELL,-23650.230603149328,172.92,336880.0
buy,337774,166.91,6124.754238716749,0.0,5m BUY signal,2018-11-16 04:05:00,3.1822683811187744,-0.5,FREE,,,
sell,337819,166.51,6124.754238716749,0.0,5m SELL signal,2018-11-16 08:00:00,2.102111577987671,1.6499999999999995,FREE,-2449.9016954867343,166.91,337774.0
buy,337825,165.89,6147.64499541097,0.0,5m BUY signal,2018-11-16 08:30:00,4.213468551635742,-0.5,FREE,,,
sell,337831,166.76,6147.64499541097,0.0,5m SELL signal,2018-11-16 09:00:00,1.7237021923065186,1.6499999999999995,FREE,5348.451146007572,165.89,337825.0
buy,337836,166.49,6157.614748241535,0.0,5m BUY signal,2018-11-16 09:25:00,4.014615058898926,-0.5,FREE,,,
sell,337843,167.41,6157.614748241535,0.0,5m SELL signal,2018-11-16 10:00:00,1.6713817119598389,1.6499999999999995,FREE,5665.005568382136,166.49,337836.0
buy,337855,167.35,6159.822438022799,0.0,5m BUY signal,2018-11-16 11:00:00,4.005347728729248,-0.5,FREE,,,
sell,337892,167.1231,6159.822438022799,0.0,5m SELL signal,2018-11-16 14:05:00,3.104447603225708,1.6499999999999995,FREE,-1397.6637111873765,167.35,337855.0
buy,337913,167.78,6135.705216902659,0.0,5m BUY signal,2018-11-16 15:50:00,2.9813337326049805,-0.5,FREE,,,
sell,338154,161.15,6135.705216902659,0.0,ADAPTIVE_FORCE_SELL->first acceptable 5m signal,2018-11-20 04:35:00,4.217113971710205,-0.5,FORCE_SELL,-40679.725588064604,167.78,337913.0
buy,339230,167.85,5890.7887739282905,0.0,ADAPTIVE_FORCE_BUY->first acceptable 5m signal,2018-11-29 04:05:00,1.0482889413833618,-0.5,FORCE_BUY,,,
sell,339600,173.83,5890.7887739282905,0.0,5m SELL signal,2018-12-03 04:00:00,7.50157356262207,-0.5,FREE,35226.916868091284,167.85,339230.0
buy,339671,171.88,5957.6205060039265,0.0,5m BUY signal,2018-12-03 09:55:00,1.1640526056289673,0.9999999999999996,FREE,,,
sell,339677,172.8,5957.6205060039265,0.0,5m SELL signal,2018-12-03 10:25:00,3.2094709873199463,-0.5,FREE,5481.010865523707,171.88,339671.0
buy,339681,172.06,5983.243190965236,0.0,5m BUY signal,2018-12-03 10:45:00,1.874439001083374,0.9999999999999996,FREE,,,
sell,339699,171.71,5983.243190965236,0.0,5m SELL signal,2018-12-03 12:15:00,4.525331974029541,-0.5,FREE,-2094.1351168377987,172.06,339681.0
buy,339716,171.77,5981.153218377136,0.0,5m BUY signal,2018-12-03 13:40:00,1.2489773035049438,0.9999999999999996,FREE,,,
sell,339840,171.51,5981.153218377136,0.0,ADAPTIVE_FORCE_SELL->first acceptable 5m signal,2018-12-04 08:20:00,4.017923831939697,-0.5,FORCE_SELL,-1555.099836778171,171.77,339716.0
buy,341105,162.55,6310.843361943172,0.0,5m BUY signal,2018-12-14 04:00:00,3.89829683303833,-0.5,FREE,,,
sell,341123,163.0,6310.843361943172,0.0,5m SELL signal,2018-12-14 05:30:00,3.8240761756896973,-0.5,FREE,2839.8795128743554,162.55,341105.0
buy,341192,162.9,6314.717421711092,0.0,5m BUY signal,2018-12-14 11:20:00,3.874290704727173,-0.5,FREE,,,
sell,341298,161.37,6314.717421711092,0.0,ADAPTIVE_FORCE_SELL->first acceptable 5m signal,2018-12-17 04:15:00,2.811370611190796,2.0499999999999994,FORCE_SELL,-9661.517655217978,162.9,341192.0
buy,343533,152.07,6700.900574350753,0.0,5m BUY signal,2019-01-04 05:00:00,3.221869945526123,2.0499999999999994,FREE,,,
sell,343543,152.56,6700.900574350753,0.0,5m SELL signal,2019-01-04 05:50:00,5.00732946395874,-0.5,FREE,3283.44128143193,152.07,343533.0
buy,343642,156.21,6544.327454215165,0.0,5m BUY signal,2019-01-04 14:05:00,2.406977653503418,2.0499999999999994,FREE,,,
sell,343648,156.685,6544.327454215165,0.0,5m SELL signal,2019-01-04 14:35:00,9.36423397064209,-0.5,FREE,3108.555540752166,156.21,343642.0
buy,343711,156.19,6565.067847901294,0.0,ADAPTIVE_FORCE_BUY->first acceptable 5m signal,2019-01-07 04:20:00,2.552891492843628,1.2499999999999996,FORCE_BUY,,,
sell,344080,160.1,6565.067847901294,0.0,5m SELL signal,2019-01-09 04:10:00,7.199660778045654,-0.5,FREE,25669.41528529404,156.19,343711.0
buy,344108,159.87,6574.512806961889,0.0,5m BUY signal,2019-01-09 06:30:00,6.268486022949219,2.499999999999999,FREE,,,
sell,344113,160.04,6574.512806961889,0.0,5m SELL signal,2019-01-09 06:55:00,5.755066394805908,-0.5,FREE,1117.6671771834388,159.87,344108.0
buy,344138,160.08,6572.870000163547,0.0,5m BUY signal,2019-01-09 09:00:00,6.820718765258789,2.499999999999999,FREE,,,
sell,345070,163.21,6572.870000163547,0.0,5m SELL signal,2019-01-16 09:40:00,2.705707311630249,2.349999999999999,FREE,20573.08310051187,160.08,344138.0
buy,345080,162.9,6585.378224227701,0.0,5m BUY signal,2019-01-16 10:30:00,2.292196273803711,2.1499999999999995,FREE,,,
sell,345093,163.02,6585.378224227701,0.0,5m SELL signal,2019-01-16 11:35:00,2.7387855052948,2.349999999999999,FREE,790.245386907354,162.9,345080.0
buy,345097,162.5201,6605.6343683864325,0.0,5m BUY signal,2019-01-16 11:55:00,2.825429916381836,2.1499999999999995,FREE,,,
sell,345108,162.75,6605.6343683864325,0.0,5m SELL signal,2019-01-16 12:50:00,3.074805498123169,2.349999999999999,FREE,1518.6353412919514,162.5201,345097.0
buy,345118,162.558,6613.436394732293,0.0,5m BUY signal,2019-01-16 13:40:00,3.310887575149536,2.1499999999999995,FREE,,,
sell,345125,162.85,6613.436394732293,0.0,5m SELL signal,2019-01-16 14:15:00,3.4501242637634277,2.349999999999999,FREE,1931.1234272618399,162.558,345118.0
buy,345140,162.44,6630.1287668194645,0.0,5m BUY signal,2019-01-16 15:30:00,2.6283884048461914,2.1499999999999995,FREE,,,
sell,350664,175.4,6630.1287668194645,0.0,5m SELL signal,2019-03-04 04:00:00,4.175230026245117,2.2499999999999996,FREE,85926.46881798032,162.44,345140.0
buy,350751,174.2,6675.801295637969,0.0,5m BUY signal,2019-03-04 11:20:00,0.6752697825431824,0.6499999999999997,FREE,,,
sell,350775,173.4,6675.801295637969,0.0,5m SELL signal,2019-03-04 13:20:00,5.453441619873047,2.2499999999999996,FREE,-5340.641036510261,174.2,350751.0
buy,351022,174.3,6641.330720961697,0.0,ADAPTIVE_FORCE_BUY->first acceptable 5m signal,2019-03-05 19:00:00,1.3905483484268188,0.6499999999999997,FORCE_BUY,,,
sell,351304,172.58,6641.330720961697,0.0,5m SELL signal,2019-03-07 12:55:00,2.3766725063323975,-0.5,FREE,-11423.088840054112,174.3,351022.0
buy,351310,172.24,6654.440639941765,0.0,5m BUY signal,2019-03-07 13:25:00,1.3395445346832275,1.2499999999999996,FREE,,,
sell,351336,171.39,6654.440639941765,0.0,5m SELL signal,2019-03-07 15:35:00,0.44720062613487244,-0.5,FREE,-5656.274543950652,172.24,351310.0
buy,351385,170.49,6689.568779867552,0.0,ADAPTIVE_FORCE_BUY->first acceptable 5m signal,2019-03-08 04:00:00,1.7319215536117554,1.6999999999999993,FORCE_BUY,,,
sell,352120,177.51,6689.568779867552,0.0,5m SELL signal,2019-03-14 04:05:00,1.7483268976211548,-0.5,FREE,46960.77283467009,170.49,351385.0
buy,352184,176.88,6713.395262970878,0.0,5m BUY signal,2019-03-14 09:35:00,1.8103792667388916,1.7499999999999996,FREE,,,
sell,352211,177.0999,6713.395262970878,0.0,5m SELL signal,2019-03-14 11:50:00,2.341172933578491,-0.5,FREE,1476.2756183272663,176.88,352184.0
buy,352356,177.47,6699.394994830767,0.0,ADAPTIVE_FORCE_BUY->first acceptable 5m signal,2019-03-15 08:50:00,1.509117841720581,0.7999999999999998,FORCE_BUY,,,
sell,353201,182.8,6699.394994830767,0.0,ADAPTIVE_FORCE_SELL->first acceptable 5m signal,2019-03-22 04:00:00,2.0709681510925293,1.1499999999999997,FORCE_SELL,35707.77532244808,177.47,352356.0
buy,353385,177.59,6895.9367366127835,0.0,ADAPTIVE_FORCE_BUY->first acceptable 5m signal,2019-03-25 04:00:00,2.607110023498535,2.0499999999999994,FORCE_BUY,,,
sell,353574,178.73,6895.9367366127835,0.0,5m SELL signal,2019-03-26 04:00:00,0.9280332922935486,-0.5,FREE,7861.367879738479,177.59,353385.0
buy,353680,178.91,6888.998786735246,0.0,5m BUY signal,2019-03-26 13:35:00,2.5224242210388184,2.1999999999999993,FREE,,,
sell,353697,178.8,6888.998786735246,0.0,5m SELL signal,2019-03-26 15:00:00,1.348030686378479,-0.5,FREE,-757.7898665407752,178.91,353680.0
buy,353703,178.42,6903.671018205706,0.0,5m BUY signal,2019-03-26 15:30:00,2.31069016456604,2.1999999999999993,FREE,,,
sell,353797,179.06,6903.671018205706,0.0,ADAPTIVE_FORCE_SELL->first acceptable 5m signal,2019-03-27 07:50:00,3.3442203998565674,2.499999999999999,FORCE_SELL,4418.349451651754,178.42,353703.0
buy,354201,178.63,6920.289607120382,0.0,5m BUY signal,2019-03-29 10:50:00,1.6057637929916382,1.5999999999999996,FREE,,,
sell,354299,181.62,6920.289607120382,0.0,5m SELL signal,2019-04-01 04:00:00,3.2925612926483154,1.1999999999999997,FREE,20691.665925290006,178.63,354201.0
buy,354311,181.56,6922.576550149834,0.0,5m BUY signal,2019-04-01 05:10:00,1.2949053049087524,-0.5,FREE,,,
sell,354342,181.51,6922.576550149834,0.0,5m SELL signal,2019-04-01 08:05:00,1.6331292390823364,1.1999999999999997,FREE,-346.1288275075704,181.56,354311.0
buy,354366,180.991,6942.427356154151,0.0,5m BUY signal,2019-04-01 10:05:00,2.0300419330596924,-0.5,FREE,,,
sell,354377,181.46,6942.427356154151,0.0,5m SELL signal,2019-04-01 11:00:00,14.548192024230957,1.1999999999999997,FREE,3255.9984300362557,180.991,354366.0
buy,354389,181.46,6942.427356154151,0.0,5m BUY signal,2019-04-01 12:00:00,1.9778599739074707,-0.5,FREE,,,
sell,354395,181.64,6942.427356154151,0.0,5m SELL signal,2019-04-01 12:30:00,12.76117992401123,1.1999999999999997,FREE,1249.6369241075972,181.46,354389.0
buy,354749,184.6293,6830.023755556891,0.0,ADAPTIVE_FORCE_BUY->first acceptable 5m signal,2019-04-03 12:30:00,1.1192048788070679,-0.5,FORCE_BUY,,,
sell,356397,186.96,6830.023755556891,0.0,5m SELL signal,2019-04-17 04:00:00,2.686340808868408,2.0499999999999994,FREE,15918.736367076495,184.6293,354749.0
buy,356505,186.84,6834.410411790389,0.0,5m BUY signal,2019-04-17 14:10:00,1.8067967891693115,1.7999999999999994,FREE,,,
sell,357152,190.365,6834.410411790389,0.0,5m SELL signal,2019-04-24 10:10:00,3.492114305496216,2.0999999999999996,FREE,24091.29670156116,186.84,356505.0
buy,357185,189.84,6853.310883061934,0.0,5m BUY signal,2019-04-24 12:55:00,1.370144009590149,0.9499999999999997,FREE,,,
sell,357193,190.15,6853.310883061934,0.0,5m SELL signal,2019-04-24 13:35:00,3.686344861984253,2.0999999999999996,FREE,2124.526373749215,189.84,357185.0
buy,357217,190.02,6857.999496969933,0.0,5m BUY signal,2019-04-24 15:35:00,1.7391775846481323,0.9499999999999997,FREE,,,
sell,357985,191.13,6857.999496969933,0.0,5m SELL signal,2019-05-01 04:00:00,1.9199726581573486,0.6499999999999997,FREE,7612.3794416365245,190.02,357217.0
buy,358251,188.65,6948.155016463627,0.0,5m BUY signal,2019-05-02 11:15:00,1.981074571609497,1.4999999999999996,FREE,,,
sell,358266,187.81,6948.155016463627,0.0,5m SELL signal,2019-05-02 12:30:00,1.6139044761657715,1.3499999999999996,FREE,-5836.450213829471,188.65,358251.0
buy,358294,187.89,6945.196623780052,0.0,5m BUY signal,2019-05-02 14:50:00,2.3905282020568848,1.4999999999999996,FREE,,,
sell,358332,188.35,6945.196623780052,0.0,5m SELL signal,2019-05-02 18:05:00,1.4169312715530396,1.3499999999999996,FREE,3194.790446938879,187.89,358294.0
buy,358400,189.28,6911.072401146305,0.0,ADAPTIVE_FORCE_BUY->first acceptable 5m signal,2019-05-03 08:30:00,2.357422351837158,1.4999999999999996,FORCE_BUY,,,
sell,358546,186.94,6911.072401146305,0.0,5m SELL signal,2019-05-06 05:35:00,3.0033514499664307,1.8999999999999995,FREE,-16171.909418682379,189.28,358400.0
buy,358584,187.61,6886.391315336551,0.0,5m BUY signal,2019-05-06 08:45:00,2.5179061889648438,1.6999999999999993,FREE,,,
sell,358598,188.57,6886.391315336551,0.0,5m SELL signal,2019-05-06 09:55:00,4.840214729309082,1.8999999999999995,FREE,6610.935662722948,187.61,358584.0
buy,358683,188.8,6878.00217337401,0.0,5m BUY signal,2019-05-06 17:00:00,2.525207042694092,1.6999999999999993,FREE,,,
sell,358907,186.91,6878.00217337401,0.0,5m SELL signal,2019-05-08 04:05:00,0.41021114587783813,-0.5,FREE,-12999.424107676981,188.8,358683.0
buy,358960,185.89,6915.742569397688,0.0,5m BUY signal,2019-05-08 08:45:00,2.8928637504577637,0.7499999999999998,FREE,,,
sell,358987,186.76,6915.742569397688,0.0,5m SELL signal,2019-05-08 11:00:00,2.96598482131958,-0.5,FREE,6016.6960353760205,185.89,358960.0
buy,358994,186.0,6944.000442261894,0.0,5m BUY signal,2019-05-08 11:35:00,2.623006582260132,0.7499999999999998,FREE,,,
sell,359005,186.41,6944.000442261894,0.0,5m SELL signal,2019-05-08 12:30:00,1.7282098531723022,-0.5,FREE,2847.040181327353,186.0,358994.0
buy,359025,186.205,6951.645350243224,0.0,5m BUY signal,2019-05-08 14:10:00,2.4957637786865234,0.7499999999999998,FREE,,,
sell,359031,186.66,6951.645350243224,0.0,5m SELL signal,2019-05-08 14:40:00,1.441568374633789,-0.5,FREE,3162.9986343605565,186.205,359025.0
buy,359045,185.96,6977.81308386965,0.0,5m BUY signal,2019-05-08 15:50:00,1.5682640075683594,0.7499999999999998,FREE,,,
sell,359102,184.3,6977.81308386965,0.0,5m SELL signal,2019-05-09 04:40:00,5.830114841461182,-0.5,FREE,-11583.169719223595,185.96,359045.0
buy,359112,184.36,6975.542153163248,0.0,5m BUY signal,2019-05-09 05:35:00,1.7536075115203857,1.6499999999999995,FREE,,,
sell,359126,184.65,6975.542153163248,0.0,5m SELL signal,2019-05-09 06:45:00,3.310446262359619,-0.5,FREE,2022.9072244172864,184.36,359112.0
buy,360952,179.46,7177.275485242359,0.0,5m BUY signal,2019-05-23 04:00:00,2.5197103023529053,1.5999999999999996,FREE,,,
sell,361000,178.83,7177.275485242359,0.0,5m SELL signal,2019-05-23 08:00:00,2.5527923107147217,1.0499999999999996,FREE,-4521.683555702653,179.46,360952.0
buy,361018,178.84,7176.874161406235,0.0,5m BUY signal,2019-05-23 09:30:00,3.7826945781707764,1.5999999999999996,FREE,,,
sell,361032,178.61,7176.874161406235,0.0,5m SELL signal,2019-05-23 10:40:00,1.8860259056091309,1.0499999999999996,FREE,-1650.6810571233605,178.84,361018.0
buy,361046,177.985,7202.075983755752,0.0,5m BUY signal,2019-05-23 11:50:00,3.495100736618042,1.5999999999999996,FREE,,,
sell,361088,178.04,7202.075983755752,0.0,5m SELL signal,2019-05-23 15:20:00,2.486762523651123,1.0499999999999996,FREE,396.11417910641075,177.985,361046.0
buy,361512,176.2,7277.2849497609195,0.0,5m BUY signal,2019-05-29 05:05:00,2.3872201442718506,2.349999999999999,FREE,,,
sell,361521,176.29,7277.2849497609195,0.0,5m SELL signal,2019-05-29 05:55:00,2.035830497741699,1.5999999999999996,FREE,654.9556454785076,176.2,361512.0
buy,361546,176.22,7280.17571100529,0.0,5m BUY signal,2019-05-29 08:00:00,2.712627649307251,2.349999999999999,FREE,,,
sell,361705,176.7,7280.17571100529,0.0,ADAPTIVE_FORCE_SELL->first acceptable 5m signal,2019-05-30 05:45:00,3.614802360534668,1.7999999999999994,FORCE_SELL,3494.484341282465,176.22,361546.0
buy,361868,174.62,7366.89410224851,0.0,5m BUY signal,2019-05-31 04:00:00,2.68827486038208,2.1999999999999993,FREE,,,
sell,361898,174.2,7366.89410224851,0.0,5m SELL signal,2019-05-31 06:30:00,2.2459089756011963,1.4999999999999996,FREE,-3094.095522944491,174.62,361868.0
buy,361965,174.77,7342.867497921213,0.0,5m BUY signal,2019-05-31 12:05:00,2.7329347133636475,2.1999999999999993,FREE,,,
sell,361985,174.97,7342.867497921213,0.0,5m SELL signal,2019-05-31 13:45:00,2.7753961086273193,1.4999999999999996,FREE,1468.573499584159,174.77,361965.0
buy,361993,174.345,7369.190548115946,0.0,5m BUY signal,2019-05-31 14:25:00,2.521315097808838,2.1999999999999993,FREE,,,
sell,362113,173.48,7369.190548115946,0.0,ADAPTIVE_FORCE_SELL->first acceptable 5m signal,2019-06-03 09:00:00,4.439325332641602,2.1999999999999993,FORCE_SELL,-6374.34982412036,174.345,361993.0
buy,362703,175.89,7268.219775354792,0.0,5m BUY signal,2019-06-06 10:25:00,1.5286509990692139,1.4499999999999995,FREE,,,
sell,362715,176.8,7268.219775354792,0.0,5m SELL signal,2019-06-06 11:25:00,3.8442821502685547,2.2999999999999994,FREE,6614.079995573042,175.89,362703.0
buy,362954,180.86,7105.0605788053035,0.0,ADAPTIVE_FORCE_BUY->first acceptable 5m signal,2019-06-07 16:00:00,1.0477408170700073,0.5499999999999998,FORCE_BUY,,,
sell,365023,187.81,7105.0605788053035,0.0,5m SELL signal,2019-06-25 06:50:00,2.1809229850769043,2.0499999999999994,FREE,49380.17102269678,180.86,362954.0
buy,365034,187.9,7101.65740982131,0.0,5m BUY signal,2019-06-25 07:45:00,1.1696218252182007,0.9499999999999997,FREE,,,
sell,365044,188.0099,7101.65740982131,0.0,5m SELL signal,2019-06-25 08:35:00,7.811603546142578,2.0499999999999994,FREE,780.4721493392334,187.9,365034.0
buy,365092,185.98,7179.169262580726,0.0,5m BUY signal,2019-06-25 12:35:00,1.957502007484436,0.9499999999999997,FREE,,,
sell,365186,185.52,7179.169262580726,0.0,5m SELL signal,2019-06-26 04:40:00,2.6237568855285645,-0.5,FREE,-3302.417860786987,185.98,365092.0
buy,365224,186.38,7146.042931612708,0.0,5m BUY signal,2019-06-26 08:00:00,2.1757781505584717,2.0999999999999996,FREE,,,
sell,365242,186.565,7146.042931612708,0.0,5m SELL signal,2019-06-26 09:30:00,2.3333778381347656,-0.5,FREE,1322.0179423483673,186.38,365224.0
buy,365262,186.17,7161.204810314901,0.0,5m BUY signal,2019-06-26 11:10:00,2.4210143089294434,2.0999999999999996,FREE,,,
sell,365272,186.52,7161.204810314901,0.0,5m SELL signal,2019-06-26 12:00:00,2.397622585296631,-0.5,FREE,2506.4216836103783,186.17,365262.0
buy,365306,185.56,7198.253509484454,0.0,5m BUY signal,2019-06-26 14:50:00,2.228912115097046,2.0999999999999996,FREE,,,
sell,367616,193.49,7198.253509484454,0.0,5m SELL signal,2019-07-17 04:00:00,2.774141788482666,-0.5,FREE,57082.15033021177,185.56,365306.0
buy,367660,193.11,7212.418163482715,0.0,5m BUY signal,2019-07-17 08:30:00,1.9270944595336914,1.8999999999999995,FREE,,,
sell,367692,192.89,7212.418163482715,0.0,5m SELL signal,2019-07-17 11:10:00,2.3044612407684326,-0.5,FREE,-1586.731995966394,193.11,367660.0
buy,367751,191.78,7254.162788373035,0.0,5m BUY signal,2019-07-17 16:05:00,1.905676007270813,1.8999999999999995,FREE,,,
sell,367981,193.79,7254.162788373035,0.0,5m SELL signal,2019-07-19 04:05:00,2.671764850616455,1.5999999999999996,FREE,14580.867204629734,191.78,367751.0
buy,368052,192.8301,7290.273700832031,0.0,5m BUY signal,2019-07-19 10:35:00,1.9985606670379639,1.9499999999999993,FREE,,,
sell,368070,192.56,7290.273700832031,0.0,5m SELL signal,2019-07-19 12:05:00,5.6512932777404785,1.5999999999999996,FREE,-1969.102926594623,192.8301,368052.0
buy,368089,192.36,7297.853523769058,0.0,5m BUY signal,2019-07-19 13:40:00,2.0016286373138428,1.9499999999999993,FREE,,,
sell,368714,194.96,7297.853523769058,0.0,5m SELL signal,2019-07-25 04:00:00,2.2886998653411865,1.7499999999999996,FREE,18974.41916179951,192.36,368089.0
buy,368769,194.55,7313.233220221103,0.0,5m BUY signal,2019-07-25 09:00:00,1.2396197319030762,0.8999999999999997,FREE,,,
sell,368792,193.98,7313.233220221103,0.0,5m SELL signal,2019-07-25 10:55:00,3.626814842224121,1.7499999999999996,FREE,-4168.542935526187,194.55,368769.0
buy,368797,193.63,7326.452409536174,0.0,5m BUY signal,2019-07-25 11:20:00,1.046355962753296,0.8999999999999997,FREE,,,
sell,368874,194.41,7326.452409536174,0.0,5m SELL signal,2019-07-25 17:45:00,3.314671754837036,1.7499999999999996,FREE,5714.632879438224,193.63,368797.0
buy,369140,193.89,7346.10146442791,0.0,ADAPTIVE_FORCE_BUY->first acceptable 5m signal,2019-07-29 10:00:00,1.484395146369934,1.2999999999999996,FORCE_BUY,,,
sell,369317,193.59,7346.10146442791,0.0,5m SELL signal,2019-07-30 09:35:00,3.936577796936035,2.499999999999999,FREE,-2203.830439328248,193.89,369140.0
buy,369381,194.04,7329.06505101319,0.0,5m BUY signal,2019-07-30 14:55:00,1.7225346565246582,1.2999999999999996,FREE,,,
sell,369444,194.58,7329.06505101319,0.0,ADAPTIVE_FORCE_SELL->first acceptable 5m signal,2019-07-31 04:25:00,4.954696178436279,1.6499999999999995,FORCE_SELL,3957.6951275472725,194.04,369381.0
buy,371523,181.99,7836.087024705459,0.0,5m BUY signal,2019-08-15 05:40:00,2.524768829345703,1.5499999999999994,FREE,,,
sell,371693,184.33,7836.087024705459,0.0,5m SELL signal,2019-08-16 04:00:00,3.800072193145752,-0.5,FREE,18336.4436378108,181.99,371523.0
buy,371713,184.79,7816.580557735578,0.0,5m BUY signal,2019-08-16 05:40:00,2.412930965423584,2.0999999999999996,FREE,,,
sell,371728,184.97,7816.580557735578,0.0,5m SELL signal,2019-08-16 07:05:00,9.586565017700195,-0.5,FREE,1406.9845003924572,184.79,371713.0
buy,371740,184.62,7831.399121245529,0.0,5m BUY signal,2019-08-16 08:05:00,2.1845762729644775,2.0999999999999996,FREE,,,
sell,371867,187.25,7831.399121245529,0.0,5m SELL signal,2019-08-19 04:00:00,6.345645904541016,-0.5,FREE,20596.579688875707,184.62,371740.0
buy,372276,188.26,7789.384284782883,0.0,5m BUY signal,2019-08-21 07:00:00,1.8321200609207153,1.5999999999999996,FREE,,,
sell,372300,188.78,7789.384284782883,0.0,5m SELL signal,2019-08-21 09:00:00,9.442120552062988,-0.5,FREE,4050.4798280871787,188.26,372276.0
buy,372359,188.42,7804.266878682267,0.0,5m BUY signal,2019-08-21 13:55:00,1.6749879121780396,1.5999999999999996,FREE,,,
sell,372364,188.66,7804.266878682267,0.0,5m SELL signal,2019-08-21 14:20:00,7.3294453620910645,-0.5,FREE,1873.024050883815,188.42,372359.0
buy,372370,188.27,7820.433363425912,0.0,5m BUY signal,2019-08-21 14:50:00,2.1828043460845947,1.5999999999999996,FREE,,,
sell,372378,188.55,7820.433363425912,0.0,5m SELL signal,2019-08-21 15:30:00,4.006842613220215,-0.5,FREE,2189.7213417592643,188.27,372370.0
buy,372435,188.43,7825.413738120022,0.0,5m BUY signal,2019-08-22 04:25:00,1.6135590076446533,1.5499999999999994,FREE,,,
sell,372457,188.36,7825.413738120022,0.0,5m SELL signal,2019-08-22 06:15:00,6.3240790367126465,-0.5,FREE,-547.7789616683482,188.43,372435.0
buy,372507,187.9,7844.571217202169,0.0,5m BUY signal,2019-08-22 10:25:00,1.7055351734161377,1.5499999999999994,FREE,,,
sell,372534,187.8,7844.571217202169,0.0,5m SELL signal,2019-08-22 12:40:00,6.050161838531494,-0.5,FREE,-784.4571217201723,187.9,372507.0
buy,372555,188.0,7836.225928673231,0.0,5m BUY signal,2019-08-22 14:25:00,1.5758925676345825,1.5499999999999994,FREE,,,
sell,372572,188.7,7836.225928673231,0.0,5m SELL signal,2019-08-22 15:50:00,3.4428210258483887,-0.5,FREE,5485.3581500711725,188.0,372555.0
buy,372573,188.02,7864.566709608756,0.0,5m BUY signal,2019-08-22 15:55:00,2.2008659839630127,1.5499999999999994,FREE,,,
sell,372595,188.05,7864.566709608756,0.0,5m SELL signal,2019-08-22 18:00:00,3.431194305419922,-0.5,FREE,235.93700128827163,188.02,372573.0
buy,372848,184.1,8033.306734068044,0.0,5m BUY signal,2019-08-26 08:00:00,4.648813724517822,0.9999999999999996,FREE,,,
sell,372968,185.1,8033.306734068044,0.0,5m SELL signal,2019-08-26 18:10:00,4.590746879577637,-0.5,FREE,8033.306734068044,184.1,372848.0
buy,372977,184.8,8046.347816428543,0.0,5m BUY signal,2019-08-26 19:05:00,2.9948008060455322,0.9999999999999996,FREE,,,
sell,372993,184.86,8046.347816428543,0.0,ADAPTIVE_FORCE_SELL->first acceptable 5m signal,2019-08-27 05:00:00,4.020419597625732,-0.5,FORCE_SELL,482.7808689857309,184.8,372977.0
buy,373207,183.57,8102.891852399524,0.0,5m BUY signal,2019-08-28 08:00:00,2.446854829788208,2.2999999999999994,FREE,,,
sell,373219,184.2,8102.891852399524,0.0,5m SELL signal,2019-08-28 09:00:00,2.3689815998077393,2.2999999999999994,FREE,5104.821867011664,183.57,373207.0
buy,373263,184.6901,8081.389739958949,0.0,5m BUY signal,2019-08-28 12:40:00,2.655550718307495,2.2999999999999994,FREE,,,
sell,373289,185.19,8081.389739958949,0.0,5m SELL signal,2019-08-28 14:50:00,3.1323108673095703,2.2999999999999994,FREE,4039.8867310054516,184.6901,373263.0
buy,373384,187.4,7986.086264370318,0.0,5m BUY signal,2019-08-29 07:15:00,1.792771577835083,1.5999999999999996,FREE,,,
sell,373412,187.97,7986.086264370318,0.0,5m SELL signal,2019-08-29 09:35:00,3.038558006286621,-0.5,FREE,4552.069170691027,187.4,373384.0
buy,373710,185.62,8087.192302088614,0.0,5m BUY signal,2019-09-03 04:00:00,1.7212724685668945,1.1499999999999997,FREE,,,
sell,373740,185.77,8087.192302088614,0.0,5m SELL signal,2019-09-03 06:35:00,1.7919590473175049,-0.5,FREE,1213.0788453133382,185.62,373710.0
buy,373773,186.26,8065.917072688725,0.0,5m BUY signal,2019-09-03 09:20:00,2.0189716815948486,1.1499999999999997,FREE,,,
sell,373779,187.11,8065.917072688725,0.0,5m SELL signal,2019-09-03 09:50:00,5.677753925323486,-0.5,FREE,6856.029511785599,186.26,373773.0
buy,373781,185.63,8130.225413299508,0.0,5m BUY signal,2019-09-03 10:00:00,2.27599835395813,1.1499999999999997,FREE,,,
sell,374082,189.94,8130.225413299508,0.0,5m SELL signal,2019-09-05 04:00:00,6.701116561889648,1.6999999999999993,FREE,35041.2715313209,185.63,373781.0
buy,374605,190.12,8122.527956038862,0.0,5m BUY signal,2019-09-10 04:00:00,1.336834192276001,1.2499999999999996,FREE,,,
sell,374632,190.56,8122.527956038862,0.0,5m SELL signal,2019-09-10 06:15:00,3.1559271812438965,-0.5,FREE,3573.912300657081,190.12,374605.0
buy,374651,190.31,8133.198083667518,0.0,5m BUY signal,2019-09-10 07:50:00,1.3329393863677979,1.2499999999999996,FREE,,,
sell,374681,189.745,8133.198083667518,0.0,5m SELL signal,2019-09-10 10:20:00,7.630506992340088,-0.5,FREE,-4595.25691727213,190.31,374651.0
buy,375227,193.1,7991.888505362473,0.0,5m BUY signal,2019-09-13 09:15:00,1.364872694015503,1.2499999999999996,FREE,,,
sell,375245,193.1358,7991.888505362473,0.0,5m SELL signal,2019-09-13 10:45:00,4.848908424377441,-0.5,FREE,286.10960849193435,193.1,375227.0
buy,375255,192.79,8006.223248062583,0.0,5m BUY signal,2019-09-13 11:35:00,1.9330111742019653,1.2499999999999996,FREE,,,
sell,375367,191.24,8006.223248062583,0.0,5m SELL signal,2019-09-16 06:10:00,7.324804306030273,-0.5,FREE,-12409.646034496867,192.79,375255.0
buy,375397,191.31,8003.293784744595,0.0,5m BUY signal,2019-09-16 08:45:00,1.6674858331680298,1.2499999999999996,FREE,,,
sell,375410,191.9,8003.293784744595,0.0,5m SELL signal,2019-09-16 09:50:00,5.656674861907959,-0.5,FREE,4721.943332999338,191.31,375397.0
buy,375422,191.32,8027.5563312381755,0.0,5m BUY signal,2019-09-16 10:50:00,1.6934176683425903,1.2499999999999996,FREE,,,
sell,375429,191.77,8027.5563312381755,0.0,5m SELL signal,2019-09-16 11:25:00,7.033393383026123,-0.5,FREE,3612.400349057316,191.32,375422.0
buy,375433,191.39,8043.494841117849,0.0,5m BUY signal,2019-09-16 11:45:00,1.4058111906051636,1.2499999999999996,FREE,,,
sell,375446,191.37,8043.494841117849,0.0,5m SELL signal,2019-09-16 12:50:00,3.6438863277435303,-0.5,FREE,-160.86989682221068,191.39,375433.0
buy,375483,191.65,8031.743322435287,0.0,5m BUY signal,2019-09-16 15:55:00,1.875455379486084,1.2499999999999996,FREE,,,
sell,375484,191.88,8031.743322435287,0.0,5m SELL signal,2019-09-16 16:00:00,4.356210708618164,-0.5,FREE,1847.3009641600338,191.65,375483.0
buy,375517,191.64,8041.801861348794,0.0,5m BUY signal,2019-09-17 04:00:00,2.29708194732666,1.9499999999999993,FREE,,,
sell,375555,191.77,8041.801861348794,0.0,5m SELL signal,2019-09-17 07:40:00,7.105208396911621,1.3499999999999996,FREE,1045.434241975535,191.64,375517.0
buy,375698,192.26,8021.306267298753,0.0,5m BUY signal,2019-09-18 04:50:00,1.9205472469329834,1.8999999999999995,FREE,,,
sell,375716,192.27,8021.306267298753,0.0,5m SELL signal,2019-09-18 07:00:00,6.327104568481445,1.4499999999999995,FREE,80.21306267314255,192.26,375698.0
buy,375717,192.17,8025.480335190359,0.0,5m BUY signal,2019-09-18 07:05:00,2.250656843185425,1.8999999999999995,FREE,,,
sell,375752,192.1,8025.480335190359,0.0,5m SELL signal,2019-09-18 10:05:00,7.270644187927246,1.4499999999999995,FREE,-561.7836234632704,192.17,375717.0
buy,375794,191.515,8049.99489538714,0.0,5m BUY signal,2019-09-18 13:35:00,1.9953534603118896,1.8999999999999995,FREE,,,
sell,375817,192.26,8049.99489538714,0.0,5m SELL signal,2019-09-18 15:30:00,4.566869258880615,1.4499999999999995,FREE,5997.246197063456,191.515,375794.0
buy,375846,192.64,8034.115544991339,0.0,5m BUY signal,2019-09-18 18:00:00,2.598209857940674,1.8999999999999995,FREE,,,
sell,375910,192.39,8034.115544991339,0.0,ADAPTIVE_FORCE_SELL->first acceptable 5m signal,2019-09-19 07:50:00,3.402188777923584,2.499999999999999,FORCE_SELL,-2008.5288862478349,192.64,375846.0
buy,376234,190.09,8131.324581518668,0.0,5m BUY signal,2019-09-23 04:15:00,3.884286403656006,2.2999999999999994,FREE,,,
sell,376249,190.25,8131.324581518668,0.0,5m SELL signal,2019-09-23 05:30:00,7.013638019561768,-0.5,FREE,1301.0119330429593,190.09,376234.0
buy,376279,190.24,8131.752006065636,0.0,5m BUY signal,2019-09-23 08:30:00,2.4759392738342285,2.2999999999999994,FREE,,,
sell,376314,190.53,8131.752006065636,0.0,5m SELL signal,2019-09-23 11:25:00,1.3462785482406616,-0.5,FREE,2358.20808175897,190.24,376279.0
buy,377559,185.395,8356.982171664205,0.0,5m BUY signal,2019-10-02 09:30:00,2.955435037612915,1.5999999999999996,FREE,,,
sell,377826,186.3,8356.982171664205,0.0,ADAPTIVE_FORCE_SELL->first acceptable 5m signal,2019-10-03 16:55:00,0.6354513764381409,-0.5,FORCE_SELL,7563.068865356116,185.395,377559.0
buy,378978,190.46,8174.450165814563,0.0,5m BUY signal,2019-10-14 05:20:00,2.074166774749756,2.0499999999999994,FREE,,,
sell,378997,190.39,8174.450165814563,0.0,5m SELL signal,2019-10-14 06:55:00,4.576554298400879,-0.5,FREE,-572.2115116071959,190.46,378978.0
buy,379018,190.63,8164.158668989323,0.0,5m BUY signal,2019-10-14 08:40:00,2.054476022720337,2.0499999999999994,FREE,,,
sell,379035,191.54,8164.158668989323,0.0,5m SELL signal,2019-10-14 10:05:00,1.454373836517334,-0.5,FREE,7429.384388780256,190.63,379018.0
buy,379168,191.7,8157.344556380881,0.0,5m BUY signal,2019-10-15 06:20:00,1.822950005531311,1.3499999999999996,FREE,,,
sell,379212,192.35,8157.344556380881,0.0,5m SELL signal,2019-10-15 10:05:00,4.664794445037842,2.499999999999999,FREE,5302.273961647619,191.7,379168.0
buy,379377,192.98,8130.71419535632,0.0,ADAPTIVE_FORCE_BUY->first acceptable 5m signal,2019-10-16 09:20:00,0.5957412123680115,-0.5,FORCE_BUY,,,
sell,379508,193.76,8130.71419535632,0.0,5m SELL signal,2019-10-17 04:40:00,2.947347640991211,2.1499999999999995,FREE,6341.957072377939,192.98,379377.0
buy,379545,194.17,8113.545771706445,0.0,5m BUY signal,2019-10-17 08:00:00,1.3216320276260376,0.5499999999999998,FREE,,,
sell,379567,194.4,8113.545771706445,0.0,5m SELL signal,2019-10-17 09:50:00,2.6104636192321777,2.1499999999999995,FREE,1866.1155274926298,194.17,379545.0
buy,379633,193.52,8150.440771081711,0.0,5m BUY signal,2019-10-17 15:20:00,0.9414380788803101,0.5499999999999998,FREE,,,
sell,379824,191.85,8150.440771081711,0.0,ADAPTIVE_FORCE_SELL->first acceptable 5m signal,2019-10-18 16:50:00,3.5830984115600586,-0.5,FORCE_SELL,-13611.236087706588,193.52,379633.0
buy,380248,190.82,8194.434870202422,0.0,ADAPTIVE_FORCE_BUY->first acceptable 5m signal,2019-10-23 07:20:00,2.4744884967803955,1.9999999999999996,FORCE_BUY,,,
sell,380587,193.3,8194.434870202422,0.0,5m SELL signal,2019-10-25 05:00:00,4.84329080581665,2.1999999999999993,FREE,20322.198478102157,190.82,380248.0
buy,380688,195.14,8117.168496515979,0.0,5m BUY signal,2019-10-25 14:05:00,1.4576596021652222,-0.5,FREE,,,
sell,380698,195.34,8117.168496515979,0.0,5m SELL signal,2019-10-25 14:55:00,5.674221038818359,2.1999999999999993,FREE,1623.4336993033344,195.14,380688.0
buy,380800,196.3,8077.471696940557,0.0,ADAPTIVE_FORCE_BUY->first acceptable 5m signal,2019-10-28 08:00:00,1.2512491941452026,-0.5,FORCE_BUY,,,
sell,380977,197.11,8077.471696940557,0.0,5m SELL signal,2019-10-29 08:20:00,5.82509183883667,2.1999999999999993,FREE,6542.75207452187,196.3,380800.0
buy,380997,196.775,8091.223205102037,0.0,5m BUY signal,2019-10-29 10:00:00,2.3152101039886475,-0.5,FREE,,,
sell,381025,196.78,8091.223205102037,0.0,5m SELL signal,2019-10-29 12:20:00,2.9501943588256836,2.1999999999999993,FREE,40.45611602547339,196.775,380997.0
buy,381031,196.7432,8092.736634861987,0.0,5m BUY signal,2019-10-29 12:50:00,1.7678935527801514,-0.5,FREE,,,
sell,381284,197.95,8092.736634861987,0.0,5m SELL signal,2019-10-31 04:05:00,8.666248321533203,-0.5,FREE,9766.314570951341,196.7432,381031.0
buy,381355,196.83,8138.785839917341,0.0,5m BUY signal,2019-10-31 10:00:00,1.5419116020202637,0.9499999999999997,FREE,,,
sell,381366,196.83,8138.785839917341,0.0,5m SELL signal,2019-10-31 10:55:00,3.284970760345459,-0.5,FREE,0.0,196.83,381355.0
buy,381379,196.42,8155.774446955149,0.0,5m BUY signal,2019-10-31 12:00:00,1.6080636978149414,0.9499999999999997,FREE,,,
sell,381422,196.71,8155.774446955149,0.0,5m SELL signal,2019-10-31 15:35:00,4.658998489379883,-0.5,FREE,2365.17458961716,196.42,381379.0
buy,381490,197.42,8126.443072943712,0.0,ADAPTIVE_FORCE_BUY->first acceptable 5m signal,2019-11-01 07:15:00,1.293158769607544,0.7999999999999998,FORCE_BUY,,,
sell,382183,200.99,8126.443072943712,0.0,5m SELL signal,2019-11-07 04:00:00,3.007601737976074,2.1999999999999993,FREE,29011.401770409226,197.42,381490.0
buy,382365,200.36,8151.995374480717,0.0,5m BUY signal,2019-11-07 19:40:00,1.7469258308410645,1.3999999999999995,FREE,,,
sell,383805,202.47,8151.995374480717,0.0,ADAPTIVE_FORCE_SELL->first acceptable 5m signal,2019-11-20 04:45:00,3.48134708404541,-0.5,FORCE_SELL,17200.710240154192,200.36,382365.0
buy,384097,201.7315,8181.83825268295,0.0,ADAPTIVE_FORCE_BUY->first acceptable 5m signal,2019-11-21 14:05:00,2.3376119136810303,1.9999999999999996,FORCE_BUY,,,
sell,384989,206.05,8181.83825268295,0.0,ADAPTIVE_FORCE_SELL->first acceptable 5m signal,2019-12-02 04:00:00,6.0202484130859375,-0.5,FORCE_SELL,35333.26849421132,201.7315,384097.0
buy,385193,202.1,8341.750479788827,0.0,ADAPTIVE_FORCE_BUY->first acceptable 5m signal,2019-12-03 05:15:00,2.371001720428467,1.4499999999999995,FORCE_BUY,,,
sell,385895,204.81,8341.750479788827,0.0,ADAPTIVE_FORCE_SELL->first acceptable 5m signal,2019-12-09 05:20:00,2.6700732707977295,-0.5,FORCE_SELL,22606.143800227786,202.1,385193.0
buy,386155,204.28,8363.392969285049,0.0,5m BUY signal,2019-12-10 12:05:00,2.012578248977661,1.6999999999999993,FREE,,,
sell,386203,203.96,8363.392969285049,0.0,5m SELL signal,2019-12-10 16:05:00,7.716032028198242,-0.5,FREE,-2676.2857501711587,204.28,386155.0
buy,386300,204.3399,8347.844106879658,0.0,ADAPTIVE_FORCE_BUY->first acceptable 5m signal,2019-12-11 09:40:00,1.9040687084197998,1.6999999999999993,FORCE_BUY,,,
sell,388167,214.73,8347.844106879658,0.0,5m SELL signal,2019-12-27 07:05:00,3.5264580249786377,2.499999999999999,FREE,86734.93505489026,204.3399,386300.0
buy,388270,213.35,8401.840005016495,0.0,5m BUY signal,2019-12-27 15:40:00,1.7213112115859985,1.2499999999999996,FREE,,,
sell,388307,213.84,8401.840005016495,0.0,ADAPTIVE_FORCE_SELL->first acceptable 5m signal,2019-12-30 04:00:00,5.613432884216309,2.499999999999999,FORCE_SELL,4116.901602458159,213.35,388270.0
buy,388494,212.3,8462.785994690188,0.0,ADAPTIVE_FORCE_BUY->first acceptable 5m signal,2019-12-31 06:40:00,1.8336094617843628,1.2999999999999996,FORCE_BUY,,,
sell,388868,213.34,8462.785994690188,0.0,ADAPTIVE_FORCE_SELL->first acceptable 5m signal,2020-01-03 07:10:00,5.056185245513916,0.1499999999999999,FORCE_SELL,8801.297434477729,212.3,388494.0
buy,389015,212.42,8499.43867859526,0.0,5m BUY signal,2020-01-06 04:00:00,2.3754677772521973,1.2499999999999996,FREE,,,
sell,389028,212.64,8499.43867859526,0.0,5m SELL signal,2020-01-06 05:05:00,3.648071765899658,0.1499999999999999,FREE,1869.8765092909473,212.42,389015.0
buy,389079,213.07,8482.285824454386,0.0,5m BUY signal,2020-01-06 09:30:00,1.805312156677246,1.2499999999999996,FREE,,,
sell,389080,213.12,8482.285824454386,0.0,5m SELL signal,2020-01-06 09:35:00,5.58116340637207,0.1499999999999999,FREE,424.1142912228157,213.07,389079.0
buy,389110,214.48,8428.5003492527,0.0,5m BUY signal,2020-01-06 12:05:00,2.260228157043457,1.2499999999999996,FREE,,,
sell,389117,214.53,8428.5003492527,0.0,5m SELL signal,2020-01-06 12:40:00,7.118042945861816,0.1499999999999999,FREE,421.4250174627308,214.48,389110.0
buy,389233,215.6,8386.670593345,0.0,ADAPTIVE_FORCE_BUY->first acceptable 5m signal,2020-01-07 06:45:00,1.527006983757019,1.2499999999999996,FORCE_BUY,,,
sell,389406,215.24,8386.670593345,0.0,5m SELL signal,2020-01-08 05:15:00,7.2901291847229,-0.5,FREE,-3019.2014136040757,215.6,389233.0
buy,389426,215.6,8372.666876213254,0.0,5m BUY signal,2020-01-08 07:00:00,3.1401939392089844,2.1499999999999995,FREE,,,
sell,389460,216.172,8372.666876213254,0.0,5m SELL signal,2020-01-08 09:50:00,2.8805017471313477,-0.5,FREE,4789.165453194004,215.6,389426.0
buy,389470,215.77,8388.265949690742,0.0,5m BUY signal,2020-01-08 10:40:00,3.746389389038086,2.1499999999999995,FREE,,,
sell,389477,216.1213,8388.265949690742,0.0,5m SELL signal,2020-01-08 11:15:00,4.340219497680664,-0.5,FREE,2946.797828126195,215.77,389470.0
buy,389532,217.14,8348.912875531443,0.0,5m BUY signal,2020-01-08 15:50:00,2.186230421066284,2.1499999999999995,FREE,,,
sell,389543,217.56,8348.912875531443,0.0,5m SELL signal,2020-01-08 16:45:00,4.85306978225708,-0.5,FREE,3506.543407723339,217.14,389532.0
buy,389859,218.711,8304.975447968418,0.0,5m BUY signal,2020-01-10 12:05:00,2.2192490100860596,-0.5,FREE,,,
sell,389871,219.21,8304.975447968418,0.0,5m SELL signal,2020-01-10 13:05:00,5.643383502960205,1.7499999999999996,FREE,4144.182748536201,218.711,389859.0
buy,389884,218.87,8317.876675419917,0.0,5m BUY signal,2020-01-10 14:10:00,2.011817216873169,-0.5,FREE,,,
sell,390335,220.34,8317.876675419917,0.0,5m SELL signal,2020-01-15 06:45:00,2.4567999839782715,2.0499999999999994,FREE,12227.278712867268,218.87,389884.0
buy,390358,220.21,8322.787097143748,0.0,5m BUY signal,2020-01-15 08:40:00,2.293933153152466,1.8999999999999995,FREE,,,
sell,390372,220.9,8322.787097143748,0.0,5m SELL signal,2020-01-15 09:50:00,2.3270649909973145,2.0499999999999994,FREE,5742.723097029167,220.21,390358.0
buy,390535,221.2,8311.499411207296,0.0,ADAPTIVE_FORCE_BUY->first acceptable 5m signal,2020-01-16 08:00:00,1.8884326219558716,1.8499999999999996,FORCE_BUY,,,
sell,391038,224.52,8311.499411207296,0.0,5m SELL signal,2020-01-22 04:00:00,4.31583309173584,2.2499999999999996,FREE,27594.178045208402,221.2,390535.0
buy,391170,223.66,8343.458140947252,0.0,5m BUY signal,2020-01-22 15:20:00,2.120734453201294,1.7999999999999994,FREE,,,
sell,391219,223.7,8343.458140947252,0.0,5m SELL signal,2020-01-22 19:35:00,2.4232959747314453,2.2499999999999996,FREE,333.73832563782366,223.66,391170.0
buy,391261,223.77,8340.848130356617,0.0,ADAPTIVE_FORCE_BUY->first acceptable 5m signal,2020-01-23 07:30:00,1.9376013278961182,1.7999999999999994,FORCE_BUY,,,
sell,391410,225.85,8340.848130356617,0.0,ADAPTIVE_FORCE_SELL->first acceptable 5m signal,2020-01-24 04:00:00,4.797001361846924,2.1999999999999993,FORCE_SELL,17348.96411114163,223.77,391261.0
buy,392161,220.03,8561.47139136046,0.0,ADAPTIVE_FORCE_BUY->first acceptable 5m signal,2020-01-30 04:00:00,2.5407259464263916,2.1499999999999995,FORCE_BUY,,,
sell,392920,229.73,8561.47139136046,0.0,5m SELL signal,2020-02-05 04:20:00,3.791016101837158,1.4999999999999996,FREE,83046.27249619635,220.03,392161.0
buy,392931,230.03,8550.305711156101,0.0,5m BUY signal,2020-02-05 05:15:00,1.7248259782791138,-0.5,FREE,,,
sell,392939,229.86,8550.305711156101,0.0,5m SELL signal,2020-02-05 05:55:00,2.889120578765869,1.4999999999999996,FREE,-1453.5519708964302,230.03,392931.0
buy,392953,229.59,8560.36095111434,0.0,5m BUY signal,2020-02-05 07:05:00,1.632229208946228,-0.5,FREE,,,
sell,392959,229.9,8560.36095111434,0.0,5m SELL signal,2020-02-05 07:35:00,3.3580644130706787,1.4999999999999996,FREE,2653.711894845465,229.59,392953.0
buy,392963,229.88,8561.10571890198,0.0,5m BUY signal,2020-02-05 07:55:00,1.633631944656372,-0.5,FREE,,,
sell,392965,230.03,8561.10571890198,0.0,5m SELL signal,2020-02-05 08:05:00,5.114776134490967,1.4999999999999996,FREE,1284.1658578353456,229.88,392963.0
buy,393008,227.3022,8663.845525995888,0.0,5m BUY signal,2020-02-05 11:40:00,1.745436668395996,-0.5,FREE,,,
sell,393033,227.83,8663.845525995888,0.0,5m SELL signal,2020-02-05 13:45:00,3.145876407623291,1.4999999999999996,FREE,4572.777668620745,227.3022,393008.0
buy,393054,228.09,8653.969600542081,0.0,5m BUY signal,2020-02-05 15:30:00,1.8866677284240723,-0.5,FREE,,,
sell,393067,228.71,8653.969600542081,0.0,5m SELL signal,2020-02-05 16:35:00,3.2767627239227295,1.4999999999999996,FREE,5365.46115233613,228.09,393054.0
buy,393153,229.19,8635.845313233473,0.0,ADAPTIVE_FORCE_BUY->first acceptable 5m signal,2020-02-06 08:05:00,1.491371989250183,-0.5,FORCE_BUY,,,
sell,393675,232.59,8635.845313233473,0.0,5m SELL signal,2020-02-11 04:00:00,3.9637789726257324,1.4999999999999996,FREE,29361.874064993855,229.19,393153.0
buy,393792,232.538,8637.77645548243,0.0,5m BUY signal,2020-02-11 13:50:00,2.737548828125,1.7499999999999996,FREE,,,
sell,394822,236.78,8637.77645548243,0.0,ADAPTIVE_FORCE_SELL->first acceptable 5m signal,2020-02-20 06:20:00,2.53366756439209,1.7499999999999996,FORCE_SELL,36641.44772415638,232.538,393792.0
buy,396345,216.12,9463.505039464786,0.0,5m BUY signal,2020-03-03 06:05:00,2.690572500228882,2.1999999999999993,FREE,,,
sell,396362,216.74,9463.505039464786,0.0,5m SELL signal,2020-03-03 07:30:00,12.559638023376465,-0.5,FREE,5867.37312446821,216.12,396345.0
buy,396363,215.64,9511.77927218326,0.0,5m BUY signal,2020-03-03 07:35:00,3.552868127822876,2.1999999999999993,FREE,,,
sell,396392,218.98,9511.77927218326,0.0,5m SELL signal,2020-03-03 10:00:00,14.736993789672852,-0.5,FREE,31769.34276909212,215.64,396363.0
buy,396408,213.14,9772.400417672376,0.0,5m BUY signal,2020-03-03 11:20:00,2.843688726425171,2.1999999999999993,FREE,,,
sell,396414,214.97,9772.400417672376,0.0,5m SELL signal,2020-03-03 11:50:00,13.916337013244629,-0.5,FREE,17883.492764340568,213.14,396408.0
buy,396422,213.9,9821.285263146474,0.0,5m BUY signal,2020-03-03 12:30:00,3.297977924346924,2.1999999999999993,FREE,,,
sell,396455,211.97,9821.285263146474,0.0,5m SELL signal,2020-03-03 15:15:00,13.614816665649414,-0.5,FREE,-18955.080557872763,213.9,396422.0
buy,396460,210.96,9868.306016444625,0.0,5m BUY signal,2020-03-03 15:40:00,3.336596727371216,2.1999999999999993,FREE,,,
sell,396500,209.11,9868.306016444625,0.0,5m SELL signal,2020-03-03 19:00:00,8.295422554016113,-0.5,FREE,-18256.3661304225,210.96,396460.0
buy,396534,213.48,9666.298815339778,0.0,5m BUY signal,2020-03-04 05:50:00,3.715805768966675,2.1499999999999995,FREE,,,
sell,396549,214.4,9666.298815339778,0.0,5m SELL signal,2020-03-04 07:05:00,9.018857955932617,-0.5,FREE,8892.99491011275,213.48,396534.0
buy,396916,204.76,10121.383405005121,0.0,5m BUY signal,2020-03-06 05:40:00,5.31972599029541,1.8999999999999995,FREE,,,
sell,396933,205.54,10121.383405005121,0.0,5m SELL signal,2020-03-06 07:05:00,12.176077842712402,-0.5,FREE,7894.6790559040055,204.76,396916.0
buy,396941,204.24,10185.806624876383,0.0,5m BUY signal,2020-03-06 07:45:00,3.1615097522735596,1.8999999999999995,FREE,,,
sell,396963,206.19,10185.806624876383,0.0,5m SELL signal,2020-03-06 09:35:00,11.970159530639648,-0.5,FREE,19862.32291850883,204.24,396941.0
buy,396982,206.33,10178.895303558673,0.0,5m BUY signal,2020-03-06 11:10:00,3.663607597351074,1.8999999999999995,FREE,,,
sell,397008,206.87,10178.895303558673,0.0,5m SELL signal,2020-03-06 13:20:00,13.001883506774902,-0.5,FREE,5496.603463921602,206.33,396982.0
buy,397013,205.21,10261.23518077668,0.0,5m BUY signal,2020-03-06 13:45:00,2.3888044357299805,1.8999999999999995,FREE,,,
sell,397033,204.31,10261.23518077668,0.0,5m SELL signal,2020-03-06 15:25:00,14.370474815368652,-0.5,FREE,-9235.111662699072,205.21,397013.0
buy,397065,206.45,10154.870233879796,0.0,5m BUY signal,2020-03-06 18:05:00,2.391904830932617,1.8999999999999995,FREE,,,
sell,397102,196.77,10154.870233879796,0.0,5m SELL signal,2020-03-09 05:10:00,9.247879028320312,-0.5,FREE,-98299.1438639562,206.45,397065.0
buy,397128,195.3,10231.304741016525,0.0,5m BUY signal,2020-03-09 07:20:00,3.5753564834594727,1.5499999999999994,FREE,,,
sell,397177,199.598,10231.304741016525,0.0,5m SELL signal,2020-03-09 11:35:00,10.944514274597168,-0.5,FREE,43974.14777688905,195.3,397128.0
buy,397189,198.93,10265.661105400977,0.0,5m BUY signal,2020-03-09 12:35:00,3.287982225418091,1.5499999999999994,FREE,,,
sell,397223,196.62,10265.661105400977,0.0,5m SELL signal,2020-03-09 15:25:00,13.098388671875,-0.5,FREE,-23713.67715347628,198.93,397189.0
buy,397254,192.16,10503.92530466247,0.0,5m BUY signal,2020-03-09 18:00:00,5.404366493225098,1.5499999999999994,FREE,,,
sell,397264,194.73,10503.92530466247,0.0,5m SELL signal,2020-03-09 18:50:00,14.909810066223145,-0.5,FREE,26995.08803298248,192.16,397254.0
buy,397318,202.4,10105.87635660535,0.0,5m BUY signal,2020-03-10 07:20:00,4.699972152709961,-0.5,FREE,,,
sell,397413,202.16,10105.87635660535,0.0,5m SELL signal,2020-03-10 15:15:00,8.475567817687988,1.8499999999999996,FREE,-2425.4103255853756,202.4,397318.0
buy,397429,203.24,10052.174592852476,0.0,5m BUY signal,2020-03-10 16:35:00,6.15693998336792,-0.5,FREE,,,
sell,397610,195.79,10052.174592852476,0.0,5m SELL signal,2020-03-11 15:40:00,5.584126949310303,-0.5,FREE,-74888.70071675112,203.24,397429.0
buy,397662,187.81,10479.288981069092,0.0,5m BUY signal,2020-03-12 04:00:00,7.824902534484863,-0.5,FREE,,,
sell,397697,186.8,10479.288981069092,0.0,5m SELL signal,2020-03-12 06:55:00,4.345147609710693,1.9499999999999993,FREE,-10584.081870879687,187.81,397662.0
buy,397703,185.8,10535.689890547397,0.0,5m BUY signal,2020-03-12 07:25:00,4.517837047576904,-0.5,FREE,,,
sell,397767,185.35,10535.689890547397,0.0,5m SELL signal,2020-03-12 12:55:00,8.263148307800293,1.9499999999999993,FREE,-4741.060450746509,185.8,397703.0
buy,397775,181.92,10734.334439385226,0.0,5m BUY signal,2020-03-12 13:35:00,8.392964363098145,-0.5,FREE,,,
sell,397835,175.79,10734.334439385226,0.0,5m SELL signal,2020-03-12 18:35:00,2.8443195819854736,1.9499999999999993,FREE,-65801.47011343138,181.92,397775.0
buy,398185,169.69,11120.211274085264,0.0,5m BUY signal,2020-03-16 15:55:00,7.320831298828125,-0.5,FREE,,,
sell,398234,180.5,11120.211274085264,0.0,ADAPTIVE_FORCE_SELL->first acceptable 5m signal,2020-03-17 04:00:00,14.623724937438965,1.8499999999999996,FORCE_SELL,120209.48387286173,169.69,398185.0
buy,398426,172.45,11639.304928804815,0.0,5m BUY signal,2020-03-18 04:00:00,7.555753231048584,-0.5,FREE,,,
sell,398497,176.66,11639.304928804815,0.0,5m SELL signal,2020-03-18 09:55:00,7.319216728210449,-0.5,FREE,49001.473750268364,172.45,398426.0
buy,398510,175.1,11743.00176312198,0.0,5m BUY signal,2020-03-18 11:00:00,5.099522590637207,-0.5,FREE,,,
sell,398554,170.84,11743.00176312198,0.0,5m SELL signal,2020-03-18 14:50:00,5.608191013336182,-0.5,FREE,-50025.18751089953,175.1,398510.0
buy,398643,175.01,11463.198795564591,0.0,5m BUY signal,2020-03-19 06:15:00,6.41580057144165,-0.5,FREE,,,
sell,398652,176.42,11463.198795564591,0.0,5m SELL signal,2020-03-19 07:00:00,6.259444713592529,-0.5,FREE,16163.110301746034,175.01,398643.0
buy,398659,173.49,11656.795962381144,0.0,5m BUY signal,2020-03-19 07:35:00,7.893052577972412,-0.5,FREE,,,
sell,398673,174.98,11656.795962381144,0.0,5m SELL signal,2020-03-19 08:45:00,4.502059459686279,-0.5,FREE,17368.62598394768,173.49,398659.0
buy,398696,177.4,11497.77991824945,0.0,5m BUY signal,2020-03-19 10:40:00,6.545368671417236,-0.5,FREE,,,
sell,398703,178.79,11497.77991824945,0.0,5m SELL signal,2020-03-19 11:15:00,12.73769760131836,-0.5,FREE,15981.914086366578,177.4,398696.0
buy,398714,178.6461,11507.041416430691,0.0,5m BUY signal,2020-03-19 12:10:00,6.109363555908203,-0.5,FREE,,,
sell,398721,179.61,11507.041416430691,0.0,5m SELL signal,2020-03-19 12:45:00,11.697352409362793,-0.5,FREE,11091.637221297817,178.6461,398714.0
buy,398727,179.93,11486.576495332165,0.0,5m BUY signal,2020-03-19 13:15:00,6.556448936462402,-0.5,FREE,,,
sell,398733,180.4,11486.576495332165,0.0,5m SELL signal,2020-03-19 13:45:00,12.252674102783203,-0.5,FREE,5398.690952806104,179.93,398727.0
buy,398758,178.78,11590.661146425342,0.0,5m BUY signal,2020-03-19 15:50:00,6.028652667999268,-0.5,FREE,,,
sell,398782,177.89,11590.661146425342,0.0,5m SELL signal,2020-03-19 17:50:00,3.7212817668914795,-0.5,FREE,-10315.688420318726,178.78,398758.0
buy,398791,174.87,11790.831539644329,0.0,5m BUY signal,2020-03-19 18:35:00,5.918209075927734,-0.5,FREE,,,
sell,398806,175.82,11790.831539644329,0.0,5m SELL signal,2020-03-19 19:50:00,7.9062395095825195,-0.5,FREE,11201.289962661978,174.87,398791.0
buy,398841,186.05,11142.510084924836,0.0,ADAPTIVE_FORCE_BUY->first acceptable 5m signal,2020-03-20 06:45:00,4.5893874168396,-0.5,FORCE_BUY,,,
sell,399192,178.21,11142.510084924836,0.0,5m SELL signal,2020-03-24 04:00:00,7.50159215927124,-0.5,FREE,-87357.27906581076,186.05,398841.0
buy,399231,177.28,11200.963008993993,0.0,5m BUY signal,2020-03-24 07:15:00,7.177130222320557,-0.5,FREE,,,
sell,399249,178.36,11200.963008993993,0.0,5m SELL signal,2020-03-24 08:45:00,10.407861709594727,-0.5,FREE,12097.040049713652,177.28,399231.0
buy,399767,188.96,10572.627869835778,0.0,5m BUY signal,2020-03-27 04:00:00,4.80336856842041,-0.5,FREE,,,
sell,399841,186.56,10572.627869835778,0.0,5m SELL signal,2020-03-27 10:10:00,10.111106872558594,-0.5,FREE,-25374.30688760593,188.96,399767.0
buy,399846,185.75,10618.731926764807,0.0,5m BUY signal,2020-03-27 10:35:00,5.096572399139404,-0.5,FREE,,,
sell,399854,187.63,10618.731926764807,0.0,5m SELL signal,2020-03-27 11:15:00,11.576635360717773,-0.5,FREE,19963.21602231779,185.75,399846.0
buy,399859,186.36,10691.096111927885,0.0,5m BUY signal,2020-03-27 11:40:00,3.7313106060028076,-0.5,FREE,,,
sell,399871,186.87,10691.096111927885,0.0,5m SELL signal,2020-03-27 12:40:00,13.736629486083984,-0.5,FREE,5452.459017083124,186.36,399859.0
buy,399908,186.67,10702.550653216715,0.0,5m BUY signal,2020-03-27 15:45:00,3.176069974899292,-0.5,FREE,,,
sell,399929,185.3,10702.550653216715,0.0,5m SELL signal,2020-03-27 17:30:00,8.03764533996582,-0.5,FREE,-14662.494394906644,186.67,399908.0
buy,399956,183.32,10818.146607249932,0.0,5m BUY signal,2020-03-27 19:55:00,3.5766193866729736,-0.5,FREE,,,
sell,399963,184.56,10818.146607249932,0.0,5m SELL signal,2020-03-30 04:30:00,9.058226585388184,-0.5,FREE,13414.501792990013,183.32,399956.0
buy,400005,185.61,10756.948105350182,0.0,5m BUY signal,2020-03-30 08:00:00,4.855281829833984,-0.5,FREE,,,
sell,400011,186.52,10756.948105350182,0.0,5m SELL signal,2020-03-30 08:30:00,8.871857643127441,-0.5,FREE,9788.82277586863,185.61,400005.0
buy,400137,191.97,10451.559934416398,0.0,5m BUY signal,2020-03-30 19:00:00,2.4956436157226562,-0.5,FREE,,,
sell,400454,183.881,10451.559934416398,0.0,5m SELL signal,2020-04-01 13:25:00,12.952553749084473,-0.5,FREE,-84542.66830949423,191.97,400137.0
buy,400467,183.06,10498.43380476577,0.0,5m BUY signal,2020-04-01 14:30:00,6.392568588256836,-0.5,FREE,,,
sell,400579,184.41,10498.43380476577,0.0,5m SELL signal,2020-04-02 07:50:00,7.983745574951172,-0.5,FREE,14172.885636433728,183.06,400467.0
buy,400588,182.8,10590.898128757415,0.0,5m BUY signal,2020-04-02 08:35:00,6.002099514007568,-0.5,FREE,,,
sell,400607,183.52,10590.898128757415,0.0,5m SELL signal,2020-04-02 10:10:00,7.175777435302734,-0.5,FREE,7625.446652705327,182.8,400588.0
buy,400635,184.81,10516.9721583765,0.0,5m BUY signal,2020-04-02 12:30:00,6.324516296386719,-0.5,FREE,,,
sell,400641,185.44,10516.9721583765,0.0,5m SELL signal,2020-04-02 13:00:00,5.074468612670898,-0.5,FREE,6625.692459777148,184.81,400635.0
buy,400645,184.0377,10597.10764180023,0.0,5m BUY signal,2020-04-02 13:20:00,6.018798351287842,-0.5,FREE,,,
sell,400668,184.78,10597.10764180023,0.0,5m SELL signal,2020-04-02 15:15:00,10.490663528442383,-0.5,FREE,7866.233002508313,184.0377,400645.0
buy,400729,184.28,10625.860375796867,0.0,5m BUY signal,2020-04-03 04:25:00,6.52025842666626,-0.5,FREE,,,
sell,400869,183.95,10625.860375796867,0.0,5m SELL signal,2020-04-03 16:05:00,8.731233596801758,-0.5,FREE,-3506.533924013099,184.28,400729.0
buy,400897,183.3,10663.540731739407,0.0,5m BUY signal,2020-04-03 18:25:00,5.379044055938721,-0.5,FREE,,,
sell,400925,191.25,10663.540731739407,0.0,5m SELL signal,2020-04-06 04:50:00,12.7701416015625,-0.5,FREE,84775.14881732817,183.3,400897.0
buy,400941,190.98,10678.616425516608,0.0,5m BUY signal,2020-04-06 06:10:00,5.398674011230469,-0.5,FREE,,,
sell,400960,190.65,10678.616425516608,0.0,5m SELL signal,2020-04-06 07:45:00,5.565708637237549,-0.5,FREE,-3523.9434204203108,190.98,400941.0
buy,400967,190.35,10695.446396242403,0.0,5m BUY signal,2020-04-06 08:20:00,4.597116470336914,-0.5,FREE,,,
sell,400971,190.55,10695.446396242403,0.0,5m SELL signal,2020-04-06 08:40:00,9.289220809936523,-0.5,FREE,2139.089279248663,190.35,400967.0
buy,400980,190.38,10704.996905158054,0.0,5m BUY signal,2020-04-06 09:25:00,5.603705406188965,-0.5,FREE,,,
sell,401048,194.51,10704.996905158054,0.0,5m SELL signal,2020-04-06 15:05:00,7.844357490539551,-0.5,FREE,44211.63721830271,190.38,400980.0
buy,401237,196.635,10589.309878822656,0.0,5m BUY signal,2020-04-07 14:50:00,3.3137593269348145,-0.5,FREE,,,
sell,401390,199.65,10589.309878822656,0.0,5m SELL signal,2020-04-08 11:40:00,9.374887466430664,-0.5,FREE,31926.769284650465,196.635,401237.0
buy,401529,198.96,10626.03396314306,0.0,ADAPTIVE_FORCE_BUY->first acceptable 5m signal,2020-04-09 07:30:00,3.302668571472168,-0.5,FORCE_BUY,,,
sell,402080,209.47,10626.03396314306,0.0,5m SELL signal,2020-04-15 05:30:00,6.334907054901123,-0.5,FREE,111679.61695263346,198.96,401529.0
buy,402114,208.82,10659.109923664288,0.0,5m BUY signal,2020-04-15 08:20:00,6.195897579193115,-0.5,FREE,,,
sell,402126,208.25,10659.109923664288,0.0,5m SELL signal,2020-04-15 09:20:00,4.518550872802734,-0.5,FREE,-6075.692656488572,208.82,402114.0
buy,402130,207.4334,10701.071484163534,0.0,5m BUY signal,2020-04-15 09:40:00,6.516397953033447,-0.5,FREE,,,
sell,402143,209.0,10701.071484163534,0.0,5m SELL signal,2020-04-15 10:45:00,4.792716026306152,-0.5,FREE,16764.29858709053,207.4334,402130.0
buy,402149,208.71,10715.940492502414,0.0,5m BUY signal,2020-04-15 11:15:00,5.657507419586182,-0.5,FREE,,,
sell,402164,208.99,10715.940492502414,0.0,5m SELL signal,2020-04-15 12:30:00,5.7725725173950195,-0.5,FREE,3000.463337900688,208.71,402149.0
buy,402202,209.68,10680.677239260203,0.0,5m BUY signal,2020-04-15 15:40:00,5.498105525970459,-0.5,FREE,,,
sell,402670,213.08,10680.677239260203,0.0,5m SELL signal,2020-04-20 07:05:00,3.7487385272979736,-0.5,FREE,36314.30261348475,209.68,402202.0
buy,402758,213.78,10645.704491260007,0.0,5m BUY signal,2020-04-20 14:25:00,4.065145015716553,2.3999999999999995,FREE,,,
sell,403217,210.68,10645.704491260007,0.0,5m SELL signal,2020-04-23 05:05:00,6.7609171867370605,-0.5,FREE,-33001.68392290596,213.78,402758.0
buy,403349,210.06,10677.125688939626,0.0,5m BUY signal,2020-04-23 16:05:00,5.744712829589844,-0.5,FREE,,,
sell,403776,216.32,10677.125688939626,0.0,5m SELL signal,2020-04-28 04:00:00,11.125338554382324,-0.5,FREE,66838.80681276196,210.06,403349.0
buy,403828,217.44,10622.129456546265,0.0,5m BUY signal,2020-04-28 08:30:00,1.7667882442474365,1.2499999999999996,FREE,,,
sell,403962,213.99,10622.129456546265,0.0,5m SELL signal,2020-04-28 19:40:00,1.773094654083252,-0.5,FREE,-36646.346625084494,217.44,403828.0
buy,404030,215.88,10529.13415974771,0.0,ADAPTIVE_FORCE_BUY->first acceptable 5m signal,2020-04-29 09:30:00,2.548246145248413,2.499999999999999,FORCE_BUY,,,
sell,405688,226.25,10529.13415974771,0.0,5m SELL signal,2020-05-12 05:25:00,4.140692710876465,-0.5,FREE,109187.1212365838,215.88,404030.0
buy,405717,227.35,10478.190471268614,0.0,5m BUY signal,2020-05-12 08:00:00,3.020310401916504,-0.5,FREE,,,
sell,405728,227.47,10478.190471268614,0.0,5m SELL signal,2020-05-12 08:55:00,4.380655765533447,-0.5,FREE,1257.3828565522813,227.35,405717.0
buy,405804,225.26,10580.990795078895,0.0,5m BUY signal,2020-05-12 15:15:00,2.3008921146392822,-0.5,FREE,,,
sell,407774,229.77,10580.990795078895,0.0,5m SELL signal,2020-05-28 05:05:00,12.102170944213867,-0.5,FREE,47720.26848580602,225.26,405804.0
buy,407813,228.14,10656.589177633374,0.0,5m BUY signal,2020-05-28 08:20:00,2.906698226928711,2.3999999999999995,FREE,,,
sell,407824,228.81,10656.589177633374,0.0,5m SELL signal,2020-05-28 09:15:00,5.597580432891846,-0.5,FREE,7139.91474901453,228.14,407813.0
buy,407849,231.11,10550.53511199988,0.0,5m BUY signal,2020-05-28 11:20:00,2.891112804412842,2.3999999999999995,FREE,,,
sell,407857,232.19,10550.53511199988,0.0,5m SELL signal,2020-05-28 12:00:00,6.142039775848389,-0.5,FREE,11394.577920959702,231.11,407849.0
buy,407903,229.47,10675.594838781766,0.0,5m BUY signal,2020-05-28 15:50:00,2.5384469032287598,2.3999999999999995,FREE,,,
sell,407915,231.02,10675.594838781766,0.0,5m SELL signal,2020-05-28 16:50:00,2.0225257873535156,-0.5,FREE,16547.17200011186,229.47,407903.0
buy,408026,229.47,10747.705232297745,0.0,ADAPTIVE_FORCE_BUY->first acceptable 5m signal,2020-05-29 10:10:00,2.4112906455993652,2.2999999999999994,FORCE_BUY,,,
sell,409660,243.31,10747.705232297745,0.0,ADAPTIVE_FORCE_SELL->first acceptable 5m signal,2020-06-11 05:15:00,3.4527242183685303,0.7999999999999998,FORCE_SELL,148748.24041500082,229.47,408026.0
buy,409867,238.15,10980.575939829369,0.0,5m BUY signal,2020-06-12 06:30:00,2.819138765335083,2.1999999999999993,FREE,,,
sell,409901,239.05,10980.575939829369,0.0,5m SELL signal,2020-06-12 09:20:00,5.871553421020508,-0.5,FREE,9882.518345846494,238.15,409867.0
buy,409912,238.22,11018.83418023764,0.0,5m BUY signal,2020-06-12 10:15:00,2.834233522415161,2.1999999999999993,FREE,,,
sell,409930,236.6598,11018.83418023764,0.0,5m SELL signal,2020-06-12 11:45:00,7.974464416503906,-0.5,FREE,-17191.585088006865,238.22,409912.0
buy,409952,233.43,11171.293721150681,0.0,5m BUY signal,2020-06-12 13:35:00,3.4583868980407715,2.1999999999999993,FREE,,,
sell,409963,234.25,11171.293721150681,0.0,5m SELL signal,2020-06-12 14:30:00,1.6147699356079102,-0.5,FREE,9160.460851343483,233.43,409952.0
buy,410026,230.86,11335.335502813597,0.0,5m BUY signal,2020-06-15 04:00:00,3.3608293533325195,2.499999999999999,FREE,,,
sell,410035,231.62,11335.335502813597,0.0,5m SELL signal,2020-06-15 04:45:00,5.125320911407471,-0.5,FREE,8614.854982138231,230.86,410026.0
buy,410283,243.09,10800.487100093322,0.0,5m BUY signal,2020-06-16 09:35:00,2.7833149433135986,2.499999999999999,FREE,,,
sell,410304,242.56,10800.487100093322,0.0,5m SELL signal,2020-06-16 11:20:00,10.965697288513184,-0.5,FREE,-5724.258163049472,243.09,410283.0
buy,410351,241.255,10858.90924954358,0.0,5m BUY signal,2020-06-16 15:15:00,3.003391742706299,2.499999999999999,FREE,,,
sell,410359,242.96,10858.90924954358,0.0,5m SELL signal,2020-06-16 15:55:00,1.3005125522613525,-0.5,FREE,18514.44027047194,241.255,410351.0
buy,410378,242.88,10862.485965370175,0.0,5m BUY signal,2020-06-16 17:30:00,3.008322238922119,2.499999999999999,FREE,,,
sell,410394,243.24,10862.485965370175,0.0,5m SELL signal,2020-06-16 18:50:00,0.8512548208236694,-0.5,FREE,3910.494947533411,242.88,410378.0
buy,410456,244.67,10798.999003623827,0.0,5m BUY signal,2020-06-17 08:00:00,2.744680643081665,-0.5,FREE,,,
sell,410510,244.89,10798.999003623827,0.0,5m SELL signal,2020-06-17 12:30:00,0.8286277651786804,-0.5,FREE,2375.7797807972297,244.67,410456.0
buy,410528,244.91,10798.117128730713,0.0,5m BUY signal,2020-06-17 14:00:00,2.338721513748169,-0.5,FREE,,,
sell,411164,248.6,10798.117128730713,0.0,5m SELL signal,2020-06-23 04:00:00,9.799515724182129,-0.5,FREE,39845.052205016305,244.91,410528.0
buy,411292,250.0,10737.64767280982,0.0,5m BUY signal,2020-06-23 14:45:00,2.9167981147766113,2.499999999999999,FREE,,,
sell,411389,247.9,10737.64767280982,0.0,5m SELL signal,2020-06-24 07:15:00,8.88428020477295,-0.5,FREE,-22549.060112900563,250.0,411292.0
buy,411422,245.7635,10830.993447316443,0.0,5m BUY signal,2020-06-24 10:00:00,3.3673691749572754,2.1499999999999995,FREE,,,
sell,411459,244.57,10830.993447316443,0.0,5m SELL signal,2020-06-24 13:05:00,6.92872953414917,-0.5,FREE,-12926.790679372178,245.7635,411422.0
buy,411541,242.78,10910.849606269801,0.0,ADAPTIVE_FORCE_BUY->first acceptable 5m signal,2020-06-25 04:00:00,2.5835022926330566,2.0999999999999996,FORCE_BUY,,,
sell,411737,245.23,10910.849606269801,0.0,5m SELL signal,2020-06-26 04:30:00,3.6418819427490234,-0.5,FREE,26731.58153536089,242.78,411541.0
buy,411772,246.24,10866.09668999977,0.0,5m BUY signal,2020-06-26 07:30:00,2.624067783355713,-0.5,FREE,,,
sell,411784,246.28,10866.09668999977,0.0,5m SELL signal,2020-06-26 08:30:00,4.786154747009277,-0.5,FREE,434.6438675999043,246.24,411772.0
buy,411788,245.65,10893.964147417639,0.0,5m BUY signal,2020-06-26 08:50:00,2.5340917110443115,-0.5,FREE,,,
sell,411930,240.42,10893.964147417639,0.0,5m SELL signal,2020-06-29 04:55:00,5.963725566864014,-0.5,FREE,-56975.43249099445,245.65,411788.0
buy,411950,239.82,10921.219499300094,0.0,5m BUY signal,2020-06-29 06:35:00,2.608403205871582,1.7999999999999994,FREE,,,
sell,411965,240.91,10921.219499300094,0.0,5m SELL signal,2020-06-29 07:50:00,5.448346138000488,-0.5,FREE,11904.12925423714,239.82,411950.0
buy,412030,241.69,10885.973724921949,0.0,5m BUY signal,2020-06-29 13:15:00,2.9406113624572754,1.7999999999999994,FREE,,,
sell,412036,242.44,10885.973724921949,0.0,5m SELL signal,2020-06-29 13:45:00,5.547982215881348,-0.5,FREE,8164.480293691462,241.69,412030.0
buy,412164,242.67,10875.656116825638,0.0,5m BUY signal,2020-06-30 08:30:00,2.2423853874206543,1.7999999999999994,FREE,,,
sell,412176,243.3,10875.656116825638,0.0,5m SELL signal,2020-06-30 09:30:00,5.797897815704346,-0.5,FREE,6851.663353600411,242.67,412164.0
buy,412204,245.8099,10764.607663172546,0.0,5m BUY signal,2020-06-30 11:50:00,2.7636475563049316,1.7999999999999994,FREE,,,
sell,412209,246.39,10764.607663172546,0.0,5m SELL signal,2020-06-30 12:15:00,8.44917106628418,-0.5,FREE,6244.548905406258,245.8099,412204.0
buy,412215,245.47,10804.952467222405,0.0,5m BUY signal,2020-06-30 12:45:00,2.1432552337646484,1.7999999999999994,FREE,,,
sell,412229,245.65,10804.952467222405,0.0,5m SELL signal,2020-06-30 13:55:00,10.025111198425293,-0.5,FREE,1944.8914441001066,245.47,412215.0
buy,412245,246.045,10787.606224768575,0.0,5m BUY signal,2020-06-30 15:15:00,2.366506338119507,1.7999999999999994,FREE,,,
sell,412246,246.49,10787.606224768575,0.0,5m SELL signal,2020-06-30 15:20:00,6.229086399078369,-0.5,FREE,4800.484770022249,246.045,412245.0
buy,412329,246.4,10791.546503016258,0.0,5m BUY signal,2020-07-01 06:50:00,3.254246950149536,-0.5,FREE,,,
sell,412361,248.22,10791.546503016258,0.0,5m SELL signal,2020-07-01 09:30:00,13.28908634185791,2.1999999999999993,FREE,19640.614635489514,246.4,412329.0
buy,412404,249.6,10731.881702639004,0.0,5m BUY signal,2020-07-01 13:05:00,3.1973061561584473,-0.5,FREE,,,
sell,412410,250.41,10731.881702639004,0.0,5m SELL signal,2020-07-01 13:35:00,8.365633964538574,2.1999999999999993,FREE,8692.824179137619,249.6,412404.0
buy,412944,259.805,10343.798222350737,0.0,5m BUY signal,2020-07-07 10:45:00,3.2712080478668213,-0.5,FREE,,,
sell,412945,260.27,10343.798222350737,0.0,5m SELL signal,2020-07-07 10:50:00,12.561588287353516,2.499999999999999,FREE,4809.866173392834,259.805,412944.0
buy,412958,259.97,10355.734751437572,0.0,5m BUY signal,2020-07-07 11:55:00,3.328731060028076,-0.5,FREE,,,
sell,412979,259.36,10355.734751437572,0.0,5m SELL signal,2020-07-07 13:40:00,7.780516624450684,2.499999999999999,FREE,-6316.99819837706,259.97,412958.0
buy,412987,258.45,10392.197195329267,0.0,5m BUY signal,2020-07-07 14:20:00,2.6937694549560547,-0.5,FREE,,,
sell,413099,258.16,10392.197195329267,0.0,5m SELL signal,2020-07-08 07:50:00,13.69564437866211,-0.5,FREE,-3013.7371866451094,258.45,412987.0
buy,413107,257.64,10413.171976192376,0.0,5m BUY signal,2020-07-08 08:30:00,2.1081032752990723,-0.5,FREE,,,
sell,413113,257.88,10413.171976192376,0.0,5m SELL signal,2020-07-08 09:00:00,11.909648895263672,-0.5,FREE,2499.161274286265,257.64,413107.0
buy,413138,258.0576,10406.00543917517,0.0,5m BUY signal,2020-07-08 11:05:00,2.1032912731170654,-0.5,FREE,,,
sell,413149,258.52,10406.00543917517,0.0,5m SELL signal,2020-07-08 12:00:00,12.143420219421387,-0.5,FREE,4811.736915074623,258.0576,413138.0
buy,413166,258.49,10407.213146100677,0.0,5m BUY signal,2020-07-08 13:25:00,2.1950674057006836,-0.5,FREE,,,
sell,413184,258.64,10407.213146100677,0.0,5m SELL signal,2020-07-08 14:55:00,8.288969039916992,-0.5,FREE,1561.0819719148649,258.49,413166.0
buy,413229,260.33,10339.652011322089,0.0,5m BUY signal,2020-07-08 18:40:00,2.5758259296417236,-0.5,FREE,,,
sell,413238,260.47,10339.652011322089,0.0,5m SELL signal,2020-07-08 19:25:00,10.913549423217773,-0.5,FREE,1447.551281585539,260.33,413229.0
buy,413503,259.54,10376.701700659107,0.0,ADAPTIVE_FORCE_BUY->first acceptable 5m signal,2020-07-10 10:00:00,2.606398105621338,1.6999999999999993,FORCE_BUY,,,
sell,413620,265.59,10376.701700659107,0.0,5m SELL signal,2020-07-13 04:00:00,15.69359016418457,-0.5,FREE,62779.04528898712,259.54,413503.0
buy,413725,268.25,10273.805050057976,0.0,5m BUY signal,2020-07-13 12:45:00,3.062089204788208,1.6999999999999993,FREE,,,
sell,413858,260.31,10273.805050057976,0.0,5m SELL signal,2020-07-14 07:50:00,6.977016925811768,-0.5,FREE,-81574.0120974603,268.25,413725.0
buy,413865,259.3,10313.822570692602,0.0,5m BUY signal,2020-07-14 08:25:00,4.479912281036377,-0.5,FREE,,,
sell,413880,258.85,10313.822570692602,0.0,5m SELL signal,2020-07-14 09:40:00,4.901315212249756,-0.5,FREE,-4641.220156811553,259.3,413865.0
buy,413886,252.99,10552.721342439543,0.0,5m BUY signal,2020-07-14 10:10:00,4.218782901763916,-0.5,FREE,,,
sell,413892,256.77,10552.721342439543,0.0,5m SELL signal,2020-07-14 10:40:00,5.1631574630737305,-0.5,FREE,39889.286674421186,252.99,413886.0
buy,413910,257.32,10530.165782287431,0.0,5m BUY signal,2020-07-14 12:10:00,2.8328299522399902,-0.5,FREE,,,
sell,413912,258.48,10530.165782287431,0.0,5m SELL signal,2020-07-14 12:20:00,8.54867172241211,-0.5,FREE,12214.992307453684,257.32,413910.0
buy,413919,256.88,10595.753859411614,0.0,5m BUY signal,2020-07-14 12:55:00,3.2755231857299805,-0.5,FREE,,,
sell,413926,257.82,10595.753859411614,0.0,5m SELL signal,2020-07-14 13:30:00,5.414677143096924,-0.5,FREE,9960.008627846893,256.88,413919.0
buy,413944,257.68,10601.510633473697,0.0,5m BUY signal,2020-07-14 15:00:00,3.9492554664611816,-0.5,FREE,,,
sell,413953,259.62,10601.510633473697,0.0,5m SELL signal,2020-07-14 15:45:00,5.84660005569458,-0.5,FREE,20566.93062893895,257.68,413944.0
buy,414004,261.06,10543.032983461431,0.0,5m BUY signal,2020-07-15 04:00:00,3.007308006286621,-0.5,FREE,,,
sell,414031,261.17,10543.032983461431,0.0,5m SELL signal,2020-07-15 06:15:00,4.438727378845215,-0.5,FREE,1159.7336281809012,261.06,414004.0
buy,414192,258.32,10659.352447702935,0.0,ADAPTIVE_FORCE_BUY->first acceptable 5m signal,2020-07-16 04:00:00,3.179980754852295,-0.5,FORCE_BUY,,,
sell,414599,259.56,10659.352447702935,0.0,5m SELL signal,2020-07-20 07:05:00,0.9394379258155823,0.7999999999999998,FREE,13217.597035151737,258.32,414192.0
buy,414789,269.2,10277.643095563797,0.0,5m BUY signal,2020-07-21 06:55:00,2.2973616123199463,2.2499999999999996,FREE,,,
sell,414796,269.51,10277.643095563797,0.0,5m SELL signal,2020-07-21 07:30:00,8.127687454223633,0.7999999999999998,FREE,3186.0693596248007,269.2,414789.0
buy,414810,269.04,10295.59764602066,0.0,5m BUY signal,2020-07-21 08:40:00,3.0371289253234863,2.2499999999999996,FREE,,,
sell,414856,264.93,10295.59764602066,0.0,5m SELL signal,2020-07-21 12:30:00,9.970044136047363,0.7999999999999998,FREE,-42314.90632514506,269.04,414810.0
buy,414882,265.71,10265.374597720273,0.0,5m BUY signal,2020-07-21 14:40:00,3.172635078430176,2.2499999999999996,FREE,,,
sell,415138,266.05,10265.374597720273,0.0,5m SELL signal,2020-07-23 04:00:00,11.735671043395996,2.2999999999999994,FREE,3490.2273632252195,265.71,414882.0
buy,415147,265.82,10274.256683934538,0.0,5m BUY signal,2020-07-23 04:45:00,2.9223146438598633,-0.5,FREE,,,
sell,415162,266.13,10274.256683934538,0.0,5m SELL signal,2020-07-23 06:05:00,6.875799179077148,2.2999999999999994,FREE,3185.0195720197303,265.82,415147.0
buy,415177,265.56,10296.309426478005,0.0,5m BUY signal,2020-07-23 07:20:00,2.2732961177825928,-0.5,FREE,,,
sell,415716,260.52,10296.309426478005,0.0,5m SELL signal,2020-07-28 04:50:00,7.6476593017578125,-0.5,FREE,-51893.39950944935,265.56,415177.0
buy,415802,258.7,10368.74577420197,0.0,5m BUY signal,2020-07-28 12:00:00,2.775940179824829,2.4499999999999993,FREE,,,
sell,416467,267.08,10368.74577420197,0.0,5m SELL signal,2020-08-03 04:00:00,14.894488334655762,1.8499999999999996,FREE,86890.08958781247,258.7,415802.0
buy,416515,268.0,10333.15157229053,0.0,5m BUY signal,2020-08-03 08:05:00,3.624277353286743,2.1499999999999995,FREE,,,
sell,416535,269.0066,10333.15157229053,0.0,5m SELL signal,2020-08-03 09:45:00,9.548741340637207,1.8499999999999996,FREE,10401.35037266756,268.0,416515.0
buy,416547,268.19,10364.614533526714,0.0,5m BUY signal,2020-08-03 10:45:00,2.411289930343628,2.1499999999999995,FREE,,,
sell,416554,269.35,10364.614533526714,0.0,5m SELL signal,2020-08-03 11:20:00,12.196562767028809,1.8499999999999996,FREE,12022.952858891247,268.19,416547.0
buy,416599,269.68,10351.931639741251,0.0,5m BUY signal,2020-08-03 15:05:00,2.8617961406707764,2.1499999999999995,FREE,,,
sell,416606,269.86,10351.931639741251,0.0,5m SELL signal,2020-08-03 15:40:00,11.869780540466309,1.8499999999999996,FREE,1863.3476951534958,269.68,416599.0
buy,416667,268.41,10407.854671214089,0.0,ADAPTIVE_FORCE_BUY->first acceptable 5m signal,2020-08-04 04:50:00,2.415738105773926,2.1499999999999995,FORCE_BUY,,,
sell,417070,270.31,10407.854671214089,0.0,5m SELL signal,2020-08-06 07:30:00,8.482311248779297,-0.5,FREE,19774.923875306533,268.41,416667.0
buy,417089,270.8,10389.022142451551,0.0,5m BUY signal,2020-08-06 09:05:00,2.54814076423645,1.5999999999999996,FREE,,,
sell,417104,271.87,10389.022142451551,0.0,5m SELL signal,2020-08-06 10:20:00,15.120086669921875,-0.5,FREE,11116.253692423088,270.8,417089.0
buy,417110,270.77,10431.22742500389,0.0,5m BUY signal,2020-08-06 10:50:00,2.569803476333618,1.5999999999999996,FREE,,,
sell,417116,271.525,10431.22742500389,0.0,5m SELL signal,2020-08-06 11:20:00,11.954694747924805,-0.5,FREE,7875.576705877889,270.77,417110.0
buy,417169,274.142,10331.64938817905,0.0,5m BUY signal,2020-08-06 15:45:00,4.4617600440979,1.5999999999999996,FREE,,,
sell,417174,274.68,10331.64938817905,0.0,5m SELL signal,2020-08-06 16:10:00,9.757030487060547,-0.5,FREE,5558.427370840442,274.142,417169.0
buy,417407,270.99,10472.332757463455,0.0,5m BUY signal,2020-08-10 04:10:00,1.7153881788253784,1.5999999999999996,FREE,,,
sell,417447,271.3099,10472.332757463455,0.0,5m SELL signal,2020-08-10 07:55:00,7.4036993980407715,-0.5,FREE,3350.099249112751,270.99,417407.0
buy,417462,271.45,10466.927806941001,0.0,5m BUY signal,2020-08-10 09:10:00,2.507835865020752,1.5999999999999996,FREE,,,
sell,417489,268.67,10466.927806941001,0.0,5m SELL signal,2020-08-10 11:25:00,10.3865327835083,-0.5,FREE,-29098.059303295697,271.45,417462.0
buy,418233,272.24,10329.670488873197,0.0,5m BUY signal,2020-08-14 09:50:00,2.7603023052215576,2.0999999999999996,FREE,,,
sell,418716,278.58,10329.670488873197,0.0,ADAPTIVE_FORCE_SELL->first acceptable 5m signal,2020-08-19 04:00:00,3.7608325481414795,1.3999999999999995,FORCE_SELL,65490.11089945581,272.24,418233.0
buy,419013,278.06,10348.988005431544,0.0,ADAPTIVE_FORCE_BUY->first acceptable 5m signal,2020-08-20 13:05:00,2.4988622665405273,2.4499999999999993,FORCE_BUY,,,
sell,419289,284.58,10348.988005431544,0.0,5m SELL signal,2020-08-24 04:30:00,18.840234756469727,2.499999999999999,FREE,67475.40179541348,278.06,419013.0
buy,419397,283.0712,10404.149226716489,0.0,5m BUY signal,2020-08-24 13:30:00,2.635329008102417,1.2999999999999996,FREE,,,
sell,419404,283.19,10404.149226716489,0.0,5m SELL signal,2020-08-24 14:05:00,4.270063400268555,2.499999999999999,FREE,1236.012928134143,283.0712,419397.0
buy,419410,282.44,10431.77672961989,0.0,5m BUY signal,2020-08-24 14:35:00,2.713611602783203,1.2999999999999996,FREE,,,
sell,419422,282.97,10431.77672961989,0.0,5m SELL signal,2020-08-24 15:35:00,7.791434288024902,2.499999999999999,FREE,5528.8416666988505,282.44,419410.0
buy,419505,284.07,10391.381917064598,0.0,ADAPTIVE_FORCE_BUY->first acceptable 5m signal,2020-08-25 07:00:00,2.2643182277679443,1.2999999999999996,FORCE_BUY,,,
sell,419867,292.0,10391.381917064598,0.0,ADAPTIVE_FORCE_SELL->first acceptable 5m signal,2020-08-27 05:35:00,2.4938204288482666,1.8999999999999995,FORCE_SELL,82403.65860232234,284.07,419505.0
buy,420047,291.45,10410.991661632743,0.0,ADAPTIVE_FORCE_BUY->first acceptable 5m signal,2020-08-28 04:40:00,1.9692085981369019,-0.5,FORCE_BUY,,,
sell,420304,294.7,10410.991661632743,0.0,ADAPTIVE_FORCE_SELL->first acceptable 5m signal,2020-08-31 10:50:00,3.6828725337982178,1.3499999999999996,FORCE_SELL,33835.72290030641,291.45,420047.0
buy,420464,298.14,10290.867520906853,0.0,ADAPTIVE_FORCE_BUY->first acceptable 5m signal,2020-09-01 08:10:00,2.4132142066955566,2.0999999999999996,FORCE_BUY,,,
sell,420606,303.11,10290.867520906853,0.0,5m SELL signal,2020-09-02 04:00:00,9.73717212677002,2.4499999999999993,FREE,51145.611578907345,298.14,420464.0
buy,420653,303.21,10287.473547251333,0.0,5m BUY signal,2020-09-02 07:55:00,1.9248478412628174,-0.5,FREE,,,
sell,420735,302.37,10287.473547251333,0.0,5m SELL signal,2020-09-02 14:45:00,5.47696590423584,2.4499999999999993,FREE,-8641.477779690862,303.21,420653.0
buy,421190,276.88,11234.55423462289,0.0,5m BUY signal,2020-09-08 04:45:00,5.381293773651123,-0.5,FREE,,,
sell,421216,276.35,11234.55423462289,0.0,5m SELL signal,2020-09-08 06:55:00,4.5615363121032715,-0.5,FREE,-5954.313744349825,276.88,421190.0
buy,421223,274.64,11304.50430650319,0.0,5m BUY signal,2020-09-08 07:30:00,2.906674861907959,-0.5,FREE,,,
sell,421574,276.5,11304.50430650319,0.0,ADAPTIVE_FORCE_SELL->first acceptable 5m signal,2020-09-10 04:45:00,7.049711227416992,1.7499999999999996,FORCE_SELL,21026.378010096087,274.64,421223.0
buy,421780,275.48,11346.360682256904,0.0,ADAPTIVE_FORCE_BUY->first acceptable 5m signal,2020-09-11 06:00:00,3.2232954502105713,-0.5,FORCE_BUY,,,
sell,422329,281.14,11346.360682256904,0.0,5m SELL signal,2020-09-16 04:05:00,7.736861705780029,2.0999999999999996,FREE,64220.40146157371,275.48,421780.0
buy,422438,277.46,11496.84942770023,0.0,5m BUY signal,2020-09-16 13:10:00,2.6836774349212646,-0.5,FREE,,,
sell,422450,278.23,11496.84942770023,0.0,5m SELL signal,2020-09-16 14:10:00,3.315300703048706,2.0999999999999996,FREE,8852.574059329621,277.46,422438.0
buy,422458,276.91,11551.653664616788,0.0,5m BUY signal,2020-09-16 14:50:00,2.617206573486328,-0.5,FREE,,,
sell,422504,275.69,11551.653664616788,0.0,5m SELL signal,2020-09-16 18:40:00,5.108182907104492,2.0999999999999996,FREE,-14093.017470832796,276.91,422458.0
buy,422515,275.211,11571.759118633347,0.0,5m BUY signal,2020-09-16 19:35:00,2.2038278579711914,-0.5,FREE,,,
sell,423284,272.31,11571.759118633347,0.0,5m SELL signal,2020-09-23 04:00:00,11.00898265838623,-0.5,FREE,-33569.67320315546,275.211,422515.0
buy,423359,269.57,11689.378364042908,0.0,5m BUY signal,2020-09-23 10:20:00,2.6403608322143555,-0.5,FREE,,,
sell,424259,274.04,11689.378364042908,0.0,ADAPTIVE_FORCE_SELL->first acceptable 5m signal,2020-09-30 06:10:00,6.906665802001953,-0.5,FORCE_SELL,52251.52128727212,269.57,423359.0
buy,424493,281.54,11377.982691206646,0.0,ADAPTIVE_FORCE_BUY->first acceptable 5m signal,2020-10-01 09:40:00,2.9744341373443604,1.7499999999999996,FORCE_BUY,,,
sell,424649,277.08,11377.982691206646,0.0,ADAPTIVE_FORCE_SELL->first acceptable 5m signal,2020-10-02 06:40:00,6.252971649169922,-0.5,FORCE_SELL,-50745.802802782055,281.54,424493.0
buy,424838,276.5,11401.849707340098,0.0,ADAPTIVE_FORCE_BUY->first acceptable 5m signal,2020-10-05 06:25:00,2.177175283432007,1.8499999999999996,FORCE_BUY,,,
sell,425073,280.025,11401.849707340098,0.0,ADAPTIVE_FORCE_SELL->first acceptable 5m signal,2020-10-06 10:00:00,1.3563417196273804,-0.5,FORCE_SELL,40191.52021837358,276.5,424838.0
buy,425271,277.88,11489.862402108503,0.0,ADAPTIVE_FORCE_BUY->first acceptable 5m signal,2020-10-07 10:30:00,2.541987657546997,-0.5,FORCE_BUY,,,
sell,425384,281.94,11489.862402108503,0.0,5m SELL signal,2020-10-08 04:00:00,7.152624130249023,-0.5,FREE,46648.84135256055,277.88,425271.0
buy,425559,282.3,11475.210080235463,0.0,5m BUY signal,2020-10-08 18:40:00,3.6565749645233154,-0.5,FREE,,,
sell,425764,287.92,11475.210080235463,0.0,5m SELL signal,2020-10-12 04:00:00,7.089216232299805,-0.5,FREE,64490.68065092336,282.3,425559.0
buy,425873,294.77,11208.543903047783,0.0,5m BUY signal,2020-10-12 13:10:00,3.5979421138763428,-0.5,FREE,,,
sell,425877,296.12,11208.543903047783,0.0,5m SELL signal,2020-10-12 13:30:00,8.008986473083496,-0.5,FREE,15131.534269114762,294.77,425873.0
buy,426358,286.88,11569.555286428156,0.0,ADAPTIVE_FORCE_BUY->first acceptable 5m signal,2020-10-15 05:45:00,2.7031118869781494,2.2999999999999994,FORCE_BUY,,,
sell,426555,290.2,11569.555286428156,0.0,ADAPTIVE_FORCE_SELL->first acceptable 5m signal,2020-10-16 06:15:00,7.518647193908691,-0.5,FORCE_SELL,38410.9235509414,286.88,426358.0
buy,427314,284.04,11820.465230676842,0.0,5m BUY signal,2020-10-22 06:00:00,2.3391635417938232,2.0999999999999996,FREE,,,
sell,427323,284.96,11820.465230676842,0.0,5m SELL signal,2020-10-22 06:45:00,2.3257226943969727,-0.5,FREE,10874.828012222211,284.04,427314.0
buy,427333,284.7,11831.260176092985,0.0,5m BUY signal,2020-10-22 07:35:00,2.441350221633911,2.0999999999999996,FREE,,,
sell,427356,285.57,11831.260176092985,0.0,5m SELL signal,2020-10-22 09:30:00,8.032042503356934,-0.5,FREE,10293.19635320095,284.7,427333.0
buy,427361,284.8,11863.247782608403,0.0,5m BUY signal,2020-10-22 09:55:00,2.28470778465271,2.0999999999999996,FREE,,,
sell,427376,283.05,11863.247782608403,0.0,5m SELL signal,2020-10-22 11:10:00,4.425832748413086,-0.5,FREE,-20760.683619564705,284.8,427361.0
buy,427569,282.3,11894.765444092485,0.0,ADAPTIVE_FORCE_BUY->first acceptable 5m signal,2020-10-23 11:35:00,2.7729077339172363,2.349999999999999,FORCE_BUY,,,
sell,427741,285.12,11894.765444092485,0.0,ADAPTIVE_FORCE_SELL->first acceptable 5m signal,2020-10-26 10:00:00,6.5490946769714355,1.2499999999999996,FORCE_SELL,33543.23855234073,282.3,427569.0
buy,428677,271.59,12487.335776058211,0.0,5m BUY signal,2020-11-02 08:00:00,1.6268894672393799,1.5999999999999996,FREE,,,
sell,428695,271.45,12487.335776058211,0.0,5m SELL signal,2020-11-02 09:30:00,11.32849407196045,2.0499999999999994,FREE,-1748.2270086479791,271.59,428677.0
buy,428708,271.45,12487.335776058211,0.0,5m BUY signal,2020-11-02 10:35:00,2.070570468902588,1.5999999999999996,FREE,,,
sell,428753,268.205,12487.335776058211,0.0,5m SELL signal,2020-11-02 14:20:00,6.466156959533691,2.0499999999999994,FREE,-40521.40459330895,271.45,428708.0
buy,429409,289.88,11553.628714701574,0.0,ADAPTIVE_FORCE_BUY->first acceptable 5m signal,2020-11-06 05:00:00,3.042584180831909,2.2499999999999996,FORCE_BUY,,,
sell,429581,300.0,11553.628714701574,0.0,ADAPTIVE_FORCE_SELL->first acceptable 5m signal,2020-11-09 04:00:00,5.889535427093506,-0.5,FORCE_SELL,116922.72259277997,289.88,429409.0
buy,429850,282.06,12288.47980717036,0.0,5m BUY signal,2020-11-10 10:25:00,3.3945705890655518,0.3999999999999998,FREE,,,
sell,429857,283.12,12288.47980717036,0.0,5m SELL signal,2020-11-10 11:00:00,12.812079429626465,-0.5,FREE,13025.78859560061,282.06,429850.0
buy,429876,284.5701,12225.860703587876,0.0,5m BUY signal,2020-11-10 12:35:00,3.7826733589172363,0.3999999999999998,FREE,,,
sell,429882,285.73,12225.860703587876,0.0,5m SELL signal,2020-11-10 13:05:00,11.347465515136719,-0.5,FREE,14180.775830091496,284.5701,429876.0
buy,429886,283.51,12321.594225375346,0.0,5m BUY signal,2020-11-10 13:25:00,3.0134925842285156,0.3999999999999998,FREE,,,
sell,429893,284.71,12321.594225375346,0.0,5m SELL signal,2020-11-10 14:00:00,10.13260269165039,-0.5,FREE,14785.913070450275,283.51,429886.0
buy,429997,286.34,12251.45313929809,0.0,5m BUY signal,2020-11-11 06:40:00,1.6090165376663208,0.3999999999999998,FREE,,,
sell,430008,286.88,12251.45313929809,0.0,5m SELL signal,2020-11-11 07:35:00,6.626186370849609,-0.5,FREE,6615.784695221219,286.34,429997.0
buy,430021,286.43,12270.700962196124,0.0,5m BUY signal,2020-11-11 08:40:00,2.1331207752227783,0.3999999999999998,FREE,,,
sell,430043,288.6463,12270.700962196124,0.0,5m SELL signal,2020-11-11 10:30:00,5.77265739440918,-0.5,FREE,27195.554542515143,286.43,430021.0
buy,430393,290.03,12212.158849582289,0.0,ADAPTIVE_FORCE_BUY->first acceptable 5m signal,2020-11-13 07:50:00,2.4512922763824463,-0.5,FORCE_BUY,,,
sell,430731,293.76,12212.158849582289,0.0,5m SELL signal,2020-11-17 04:05:00,4.0832839012146,-0.5,FREE,45551.35250894216,290.03,430393.0
buy,430749,293.01,12243.41757500868,0.0,5m BUY signal,2020-11-17 05:50:00,3.374127149581909,-0.5,FREE,,,
sell,430761,293.59,12243.41757500868,0.0,5m SELL signal,2020-11-17 06:50:00,4.583602428436279,-0.5,FREE,7101.182193504839,293.01,430749.0
buy,430794,292.94,12270.584303430047,0.0,5m BUY signal,2020-11-17 09:35:00,5.240930557250977,-0.5,FREE,,,
sell,430805,292.7095,12270.584303430047,0.0,5m SELL signal,2020-11-17 10:30:00,6.283138275146484,-0.5,FREE,-2828.369681940704,292.94,430794.0
buy,430815,292.27,12289.036152067805,0.0,5m BUY signal,2020-11-17 11:20:00,4.629212856292725,-0.5,FREE,,,
sell,430838,293.47,12289.036152067805,0.0,5m SELL signal,2020-11-17 13:15:00,7.537404537200928,-0.5,FREE,14746.843382481926,292.27,430815.0
buy,430845,292.87,12314.212584243312,0.0,5m BUY signal,2020-11-17 13:50:00,3.616669178009033,-0.5,FREE,,,
sell,430851,293.33,12314.212584243312,0.0,5m SELL signal,2020-11-17 14:20:00,3.2390449047088623,-0.5,FREE,5664.5377887516715,292.87,430845.0
buy,430859,292.84,12334.817570468826,0.0,5m BUY signal,2020-11-17 15:00:00,3.55873966217041,-0.5,FREE,,,
sell,431083,289.86,12334.817570468826,0.0,ADAPTIVE_FORCE_SELL->first acceptable 5m signal,2020-11-18 18:00:00,5.434788227081299,2.3999999999999995,FORCE_SELL,-36757.75635999662,292.84,430859.0
buy,431107,288.02,12413.617877147746,0.0,ADAPTIVE_FORCE_BUY->first acceptable 5m signal,2020-11-19 04:00:00,3.449195146560669,-0.5,FORCE_BUY,,,
sell,431296,292.28,12413.617877147746,0.0,ADAPTIVE_FORCE_SELL->first acceptable 5m signal,2020-11-20 04:00:00,5.610850811004639,-0.5,FORCE_SELL,52882.01215664929,288.02,431107.0
buy,431489,291.56,12444.272990577387,0.0,ADAPTIVE_FORCE_BUY->first acceptable 5m signal,2020-11-23 04:45:00,4.570190906524658,-0.5,FORCE_BUY,,,
sell,432413,302.25,12444.272990577387,0.0,5m SELL signal,2020-12-01 06:05:00,4.8663740158081055,1.7499999999999996,FREE,133029.27826927224,291.56,431489.0
buy,432578,303.52,12392.203187276013,0.0,5m BUY signal,2020-12-01 19:55:00,3.504647731781006,1.8499999999999996,FREE,,,
sell,432769,304.33,12392.203187276013,0.0,5m SELL signal,2020-12-03 04:05:00,2.8070905208587646,0.7499999999999998,FREE,10037.684581693598,303.52,432578.0
buy,432843,304.8765,12369.989802374761,0.0,5m BUY signal,2020-12-03 10:40:00,1.2904436588287354,-0.5,FREE,,,
sell,432853,304.8,12369.989802374761,0.0,5m SELL signal,2020-12-03 11:30:00,7.674849987030029,0.7499999999999998,FREE,-946.304219881793,304.8765,432843.0
buy,432863,304.59,12378.518309083776,0.0,5m BUY signal,2020-12-03 12:20:00,1.510467767715454,-0.5,FREE,,,
sell,432891,304.68,12378.518309083776,0.0,5m SELL signal,2020-12-03 14:40:00,3.3179519176483154,0.7499999999999998,FREE,1114.066647817934,304.59,432863.0
buy,432906,304.22,12397.235416513196,0.0,5m BUY signal,2020-12-03 15:55:00,2.400709390640259,-0.5,FREE,,,
sell,433581,308.23,12397.235416513196,0.0,ADAPTIVE_FORCE_SELL->first acceptable 5m signal,2020-12-09 09:55:00,7.759642601013184,1.3999999999999995,FORCE_SELL,49712.9140202178,304.22,432906.0
buy,433900,300.65,12709.795018898596,0.0,ADAPTIVE_FORCE_BUY->first acceptable 5m signal,2020-12-11 04:50:00,2.587822198867798,2.2999999999999994,FORCE_BUY,,,
sell,434154,305.56,12709.795018898596,0.0,ADAPTIVE_FORCE_SELL->first acceptable 5m signal,2020-12-14 11:25:00,8.834454536437988,-0.5,FORCE_SELL,62405.09354279243,300.65,433900.0
buy,434269,305.13,12727.706112065858,0.0,ADAPTIVE_FORCE_BUY->first acceptable 5m signal,2020-12-15 05:10:00,3.010753870010376,2.3999999999999995,FORCE_BUY,,,
sell,434875,311.75,12727.706112065858,0.0,5m SELL signal,2020-12-18 08:40:00,2.044684648513794,1.6499999999999995,FREE,84257.41446187603,305.13,434269.0
buy,434889,310.55,12776.887394740077,0.0,5m BUY signal,2020-12-18 09:50:00,1.9925154447555542,-0.5,FREE,,,
sell,434973,311.04,12776.887394740077,0.0,5m SELL signal,2020-12-18 16:50:00,5.733654499053955,1.6499999999999995,FREE,6260.674823422754,310.55,434889.0
buy,435244,310.17,12812.725457845547,0.0,ADAPTIVE_FORCE_BUY->first acceptable 5m signal,2020-12-22 07:55:00,2.8335423469543457,2.0999999999999996,FORCE_BUY,,,
sell,435395,310.19,12812.725457845547,0.0,ADAPTIVE_FORCE_SELL->first acceptable 5m signal,2020-12-23 04:45:00,4.303213596343994,1.4499999999999995,FORCE_SELL,256.2545091566779,310.17,435244.0
buy,435993,312.24,12728.60398978065,0.0,ADAPTIVE_FORCE_BUY->first acceptable 5m signal,2020-12-29 12:45:00,1.6413153409957886,1.3999999999999995,FORCE_BUY,,,
sell,436077,313.72,12728.60398978065,0.0,5m SELL signal,2020-12-30 04:00:00,7.181114673614502,0.9999999999999996,FREE,18838.33390487559,312.24,435993.0
buy,436098,313.92,12720.494532600616,0.0,5m BUY signal,2020-12-30 06:00:00,1.724401831626892,-0.5,FREE,,,
sell,436109,313.9,12720.494532600616,0.0,5m SELL signal,2020-12-30 06:55:00,5.229615688323975,0.9999999999999996,FREE,-254.40989065250403,313.92,436098.0
buy,436196,313.06,12754.626058210353,0.0,5m BUY signal,2020-12-30 14:10:00,1.620242714881897,-0.5,FREE,,,
sell,436216,312.9,12754.626058210353,0.0,5m SELL signal,2020-12-30 15:50:00,4.14975643157959,0.9999999999999996,FREE,-2040.7401693139755,313.06,436196.0
buy,436311,313.12,12745.664581036086,0.0,ADAPTIVE_FORCE_BUY->first acceptable 5m signal,2020-12-31 08:10:00,1.8730685710906982,1.5499999999999994,FORCE_BUY,,,
sell,436441,315.46,12745.664581036086,0.0,ADAPTIVE_FORCE_SELL->first acceptable 5m signal,2021-01-04 04:10:00,7.319504737854004,1.5499999999999994,FORCE_SELL,29824.855119624124,313.12,436311.0
buy,436685,307.37,13081.131368492837,0.0,ADAPTIVE_FORCE_BUY->first acceptable 5m signal,2021-01-05 08:55:00,1.7482787370681763,1.6999999999999993,FORCE_BUY,,,
sell,436850,305.9,13081.131368492837,0.0,ADAPTIVE_FORCE_SELL->first acceptable 5m signal,2021-01-06 06:40:00,5.00041389465332,2.2999999999999994,FORCE_SELL,-19229.263111684828,307.37,436685.0
buy,437392,317.88,12588.140448036866,0.0,5m BUY signal,2021-01-11 04:10:00,1.4541739225387573,1.4499999999999995,FREE,,,
sell,437407,317.94,12588.140448036866,0.0,5m SELL signal,2021-01-11 05:25:00,6.182932376861572,2.2499999999999996,FREE,755.2884268822405,317.88,437392.0
buy,437443,316.5,12645.413504103764,0.0,5m BUY signal,2021-01-11 08:30:00,1.6269646883010864,1.4499999999999995,FREE,,,
sell,437462,316.4,12645.413504103764,0.0,5m SELL signal,2021-01-11 10:05:00,6.014838695526123,2.2499999999999996,FREE,-1264.5413504106639,316.5,437443.0
buy,437475,315.35,12687.518099566927,0.0,5m BUY signal,2021-01-11 11:10:00,1.5687577724456787,1.4499999999999995,FREE,,,
sell,437491,317.08,12687.518099566927,0.0,5m SELL signal,2021-01-11 12:30:00,6.816595554351807,2.2499999999999996,FREE,21949.406312250292,315.35,437475.0
buy,437501,316.56,12708.359360028686,0.0,5m BUY signal,2021-01-11 13:20:00,1.6340152025222778,1.4499999999999995,FREE,,,
sell,437531,314.405,12708.359360028686,0.0,5m SELL signal,2021-01-11 15:50:00,6.685653209686279,2.2499999999999996,FREE,-27386.514420862193,316.56,437501.0
buy,437791,314.03,12723.53509088246,0.0,ADAPTIVE_FORCE_BUY->first acceptable 5m signal,2021-01-13 05:35:00,1.6073423624038696,1.2499999999999996,FORCE_BUY,,,
sell,437996,315.92,12723.53509088246,0.0,5m SELL signal,2021-01-14 06:55:00,2.1941075325012207,-0.5,FREE,24047.4813217684,314.03,437791.0
buy,438048,316.75,12690.194809507773,0.0,5m BUY signal,2021-01-14 11:15:00,1.7820470333099365,0.8999999999999997,FREE,,,
sell,438135,314.9,12690.194809507773,0.0,5m SELL signal,2021-01-14 18:30:00,2.0328588485717773,-0.5,FREE,-23476.86039758967,316.75,438048.0
buy,438148,314.2,12718.467044920426,0.0,5m BUY signal,2021-01-14 19:35:00,1.1524441242218018,0.8999999999999997,FREE,,,
sell,438217,314.7,12718.467044920426,0.0,5m SELL signal,2021-01-15 09:35:00,0.6828811168670654,-0.5,FREE,6359.233522460213,314.2,438148.0
buy,438353,314.97,12707.564463397966,0.0,ADAPTIVE_FORCE_BUY->first acceptable 5m signal,2021-01-19 05:25:00,1.4720664024353027,0.8999999999999997,FORCE_BUY,,,
sell,438528,318.44,12707.564463397966,0.0,5m SELL signal,2021-01-20 04:00:00,8.8060941696167,-0.5,FREE,44095.24868799057,314.97,438353.0
buy,438937,324.48,12471.020795501874,0.0,ADAPTIVE_FORCE_BUY->first acceptable 5m signal,2021-01-22 06:20:00,1.217236876487732,0.8999999999999997,FORCE_BUY,,,
sell,439097,328.47,12471.020795501874,0.0,5m SELL signal,2021-01-25 04:00:00,12.805418968200684,1.6999999999999993,FREE,49759.37297405259,324.48,438937.0
buy,439108,328.63,12464.949032950433,0.0,5m BUY signal,2021-01-25 04:55:00,1.6097960472106934,1.5999999999999996,FREE,,,
sell,439120,328.73,12464.949032950433,0.0,5m SELL signal,2021-01-25 05:55:00,9.971599578857422,1.6999999999999993,FREE,1246.4949032953268,328.63,439108.0
buy,439177,328.86,12460.02157636014,0.0,5m BUY signal,2021-01-25 10:40:00,1.6095519065856934,1.5999999999999996,FREE,,,
sell,439191,326.23,12460.02157636014,0.0,5m SELL signal,2021-01-25 11:50:00,6.926519870758057,1.6999999999999993,FREE,-32769.85674582711,328.86,439177.0
buy,439215,326.99,12431.061619180919,0.0,5m BUY signal,2021-01-25 13:50:00,2.587172508239746,1.5999999999999996,FREE,,,
sell,439225,327.74,12431.061619180919,0.0,5m SELL signal,2021-01-25 14:40:00,4.209636688232422,1.6999999999999993,FREE,9323.29621438569,326.99,439215.0
buy,439231,326.3999,12482.099826226522,0.0,5m BUY signal,2021-01-25 15:10:00,1.9474186897277832,1.5999999999999996,FREE,,,
sell,439237,327.45,12482.099826226522,0.0,5m SELL signal,2021-01-25 15:40:00,9.869999885559082,1.6999999999999993,FREE,13107.4530275203,326.3999,439231.0
buy,440659,327.28,12488.583439555961,0.0,ADAPTIVE_FORCE_BUY->first acceptable 5m signal,2021-02-04 06:45:00,1.5233335494995117,1.1999999999999997,FORCE_BUY,,,
sell,440825,331.15,12488.583439555961,0.0,5m SELL signal,2021-02-05 04:35:00,4.487704753875732,2.4499999999999993,FREE,48330.81791108163,327.28,440659.0
buy,441022,332.6,12434.138322336008,0.0,ADAPTIVE_FORCE_BUY->first acceptable 5m signal,2021-02-08 05:30:00,2.8366341590881348,1.5999999999999996,FORCE_BUY,,,
sell,441225,333.18,12434.138322336008,0.0,ADAPTIVE_FORCE_SELL->first acceptable 5m signal,2021-02-09 06:50:00,5.9856767654418945,2.0499999999999994,FORCE_SELL,7211.800226954687,332.6,441022.0
buy,441595,334.19,12396.559460893239,0.0,5m BUY signal,2021-02-11 05:50:00,2.7799417972564697,1.2999999999999996,FREE,,,
sell,441617,334.11,12396.559460893239,0.0,5m SELL signal,2021-02-11 07:45:00,10.176475524902344,2.499999999999999,FREE,-991.7247568712618,334.19,441595.0
buy,441630,334.24,12391.73791730206,0.0,5m BUY signal,2021-02-11 08:50:00,1.5249040126800537,1.2999999999999996,FREE,,,
sell,441654,334.66,12391.73791730206,0.0,5m SELL signal,2021-02-11 10:50:00,6.979708671569824,2.499999999999999,FREE,5204.529925267062,334.24,441630.0
buy,441671,333.42,12437.823200180876,0.0,5m BUY signal,2021-02-11 12:15:00,1.843444585800171,1.2999999999999996,FREE,,,
sell,441683,333.77,12437.823200180876,0.0,5m SELL signal,2021-02-11 13:15:00,13.416156768798828,2.499999999999999,FREE,4353.238120062882,333.42,441671.0
buy,441693,333.26,12456.85725716969,0.0,5m BUY signal,2021-02-11 14:05:00,1.9251669645309448,1.2999999999999996,FREE,,,
sell,441700,333.59,12456.85725716969,0.0,5m SELL signal,2021-02-11 14:40:00,7.187719821929932,2.499999999999999,FREE,4110.762894865799,333.26,441693.0
buy,441737,334.23,12433.004255809581,0.0,5m BUY signal,2021-02-11 18:00:00,1.431435465812683,1.2999999999999996,FREE,,,
sell,441741,334.44,12433.004255809581,0.0,5m SELL signal,2021-02-11 18:20:00,4.455652713775635,2.499999999999999,FREE,2610.9308937197575,334.23,441737.0
buy,441761,333.78,12457.588661132952,0.0,ADAPTIVE_FORCE_BUY->first acceptable 5m signal,2021-02-12 04:00:00,1.4676647186279297,1.2999999999999996,FORCE_BUY,,,
sell,441948,337.9,12457.588661132952,0.0,5m SELL signal,2021-02-16 04:00:00,17.019790649414062,2.2499999999999996,FREE,51325.26528386782,333.78,441761.0
buy,442032,336.47,12510.533505503681,0.0,5m BUY signal,2021-02-16 11:05:00,2.059307098388672,1.5999999999999996,FREE,,,
sell,442231,331.8528,12510.533505503681,0.0,ADAPTIVE_FORCE_SELL->first acceptable 5m signal,2021-02-17 12:00:00,2.883687734603882,-0.5,FORCE_SELL,-57763.63530161191,336.47,442032.0
buy,443685,319.29,13002.773570406876,0.0,ADAPTIVE_FORCE_BUY->first acceptable 5m signal,2021-03-01 05:55:00,3.734093189239502,-0.5,FORCE_BUY,,,
sell,443861,321.83,13002.773570406876,0.0,ADAPTIVE_FORCE_SELL->first acceptable 5m signal,2021-03-02 04:35:00,3.4673383235931396,-0.5,FORCE_SELL,33027.04486883299,319.29,443685.0
buy,444466,303.61,13783.085597193915,0.0,5m BUY signal,2021-03-05 07:00:00,2.494096279144287,2.0999999999999996,FREE,,,
sell,444476,304.65,13783.085597193915,0.0,5m SELL signal,2021-03-05 07:50:00,5.5853352546691895,-0.5,FREE,14334.40902108117,303.61,444466.0
buy,444484,301.91,13908.174711619771,0.0,5m BUY signal,2021-03-05 08:30:00,3.0106563568115234,2.0999999999999996,FREE,,,
sell,444490,306.09,13908.174711619771,0.0,5m SELL signal,2021-03-05 09:00:00,7.2116312980651855,-0.5,FREE,58136.17029456995,301.91,444484.0
buy,444500,302.45,14075.560249560904,0.0,5m BUY signal,2021-03-05 09:50:00,3.4583678245544434,2.0999999999999996,FREE,,,
sell,444523,299.8,14075.560249560904,0.0,5m SELL signal,2021-03-05 11:45:00,5.028562068939209,-0.5,FREE,-37300.23466133607,302.45,444500.0
buy,444553,305.26,13823.799262328374,0.0,5m BUY signal,2021-03-05 14:15:00,4.173013210296631,2.0999999999999996,FREE,,,
sell,444561,308.9,13823.799262328374,0.0,5m SELL signal,2021-03-05 14:55:00,6.353763580322266,-0.5,FREE,50318.62931487509,305.26,444553.0
buy,444894,309.7,13788.09038467302,0.0,5m BUY signal,2021-03-09 10:45:00,3.836395502090454,-0.5,FREE,,,
sell,444910,311.565,13788.09038467302,0.0,5m SELL signal,2021-03-09 12:05:00,8.095351219177246,-0.5,FREE,25714.788567415308,309.7,444894.0
buy,444920,311.5,13790.9675142878,0.0,5m BUY signal,2021-03-09 12:55:00,2.6829051971435547,-0.5,FREE,,,
sell,444921,312.64,13790.9675142878,0.0,5m SELL signal,2021-03-09 13:00:00,5.823233127593994,-0.5,FREE,15721.702966287905,311.5,444920.0
buy,445028,311.19,13855.226979231136,0.0,5m BUY signal,2021-03-10 05:55:00,2.2473607063293457,1.9499999999999993,FREE,,,
sell,445044,311.57,13855.226979231136,0.0,5m SELL signal,2021-03-10 07:15:00,3.204008102416992,2.3999999999999995,FREE,5264.986252107768,311.19,445028.0
buy,445049,311.03,13879.281966109525,0.0,5m BUY signal,2021-03-10 07:40:00,2.8836512565612793,1.9499999999999993,FREE,,,
sell,445059,314.05,13879.281966109525,0.0,5m SELL signal,2021-03-10 08:30:00,8.21911334991455,2.3999999999999995,FREE,41915.431537651304,311.03,445049.0
buy,445084,311.29,14002.340266172047,0.0,5m BUY signal,2021-03-10 10:35:00,3.8677687644958496,1.9499999999999993,FREE,,,
sell,445095,312.56,14002.340266172047,0.0,5m SELL signal,2021-03-10 11:30:00,6.523961067199707,2.3999999999999995,FREE,17782.972138038243,311.29,445084.0
buy,445106,311.68,14041.874594438958,0.0,5m BUY signal,2021-03-10 12:25:00,2.0445175170898438,1.9499999999999993,FREE,,,
sell,445127,311.93,14041.874594438958,0.0,5m SELL signal,2021-03-10 14:10:00,3.659769296646118,2.3999999999999995,FREE,3510.4686486097394,311.68,445106.0
buy,445142,311.475,14062.386844027109,0.0,5m BUY signal,2021-03-10 15:25:00,2.6067872047424316,1.9499999999999993,FREE,,,
sell,445200,316.8,14062.386844027109,0.0,5m SELL signal,2021-03-11 04:15:00,6.368078231811523,-0.5,FREE,74882.2099444442,311.475,445142.0
buy,445303,318.4398,13989.972836899748,0.0,5m BUY signal,2021-03-11 12:50:00,2.226806879043579,1.4999999999999996,FREE,,,
sell,445305,319.39,13989.972836899748,0.0,5m SELL signal,2021-03-11 13:00:00,12.340924263000488,-0.5,FREE,13293.272189622074,318.4398,445303.0
buy,445316,318.77,14017.182998329234,0.0,5m BUY signal,2021-03-11 13:55:00,2.604184627532959,1.4999999999999996,FREE,,,
sell,445364,318.28,14017.182998329234,0.0,5m SELL signal,2021-03-11 17:55:00,8.21638298034668,-0.5,FREE,-6868.419669181452,318.77,445316.0
buy,445392,312.85,14260.473085210891,0.0,5m BUY signal,2021-03-12 04:15:00,4.725808143615723,1.0999999999999996,FREE,,,
sell,445437,314.52,14260.473085210891,0.0,5m SELL signal,2021-03-12 08:00:00,11.80505657196045,-0.5,FREE,23814.990052301604,312.85,445392.0
buy,445447,313.53,14305.501849138933,0.0,5m BUY signal,2021-03-12 08:50:00,4.007423400878906,1.0999999999999996,FREE,,,
sell,445462,313.99,14305.501849138933,0.0,5m SELL signal,2021-03-12 10:05:00,3.4882774353027344,-0.5,FREE,6580.530850604429,313.53,445447.0
buy,445472,311.97,14398.12970994369,0.0,5m BUY signal,2021-03-12 10:55:00,3.2566678524017334,1.0999999999999996,FREE,,,
sell,445769,319.9,14398.12970994369,0.0,5m SELL signal,2021-03-16 04:00:00,6.22403621673584,-0.5,FREE,114177.16859985274,311.97,445472.0
buy,445887,321.6,14322.020193442122,0.0,5m BUY signal,2021-03-16 13:55:00,2.0536046028137207,-0.5,FREE,,,
sell,445906,321.46,14322.020193442122,0.0,5m SELL signal,2021-03-16 15:30:00,2.878051519393921,-0.5,FREE,-2005.082827082516,321.6,445887.0
buy,445911,320.61,14359.990678344107,0.0,5m BUY signal,2021-03-16 15:55:00,2.2422280311584473,-0.5,FREE,,,
sell,445938,321.26,14359.990678344107,0.0,5m SELL signal,2021-03-16 18:10:00,6.776703834533691,-0.5,FREE,9333.993940923343,320.61,445911.0
buy,445952,321.1,14367.146077000398,0.0,5m BUY signal,2021-03-16 19:20:00,1.5357190370559692,-0.5,FREE,,,
sell,445973,320.06,14367.146077000398,0.0,5m SELL signal,2021-03-17 05:05:00,7.280116558074951,-0.5,FREE,-14941.831920080707,321.1,445952.0
buy,445999,318.21,14450.673371059198,0.0,5m BUY signal,2021-03-17 07:15:00,1.8585788011550903,1.7499999999999996,FREE,,,
sell,446080,318.62,14450.673371059198,0.0,5m SELL signal,2021-03-17 14:00:00,5.395092964172363,-0.5,FREE,5924.776082134633,318.21,445999.0
buy,446099,321.965,14300.540585116029,0.0,5m BUY signal,2021-03-17 15:35:00,2.9256601333618164,1.7499999999999996,FREE,,,
sell,446127,322.21,14300.540585116029,0.0,5m SELL signal,2021-03-17 18:00:00,5.206191062927246,-0.5,FREE,3503.632443353492,321.965,446099.0
buy,446361,314.21,14664.642060819948,0.0,5m BUY signal,2021-03-19 05:30:00,3.638176202774048,2.4499999999999993,FREE,,,
sell,446779,319.55,14664.642060819948,0.0,ADAPTIVE_FORCE_SELL->first acceptable 5m signal,2021-03-23 08:50:00,7.533359527587891,-0.5,FORCE_SELL,78309.18860477899,314.21,446361.0
buy,447114,313.09,14967.21827760393,0.0,ADAPTIVE_FORCE_BUY->first acceptable 5m signal,2021-03-25 04:45:00,3.3164143562316895,2.499999999999999,FORCE_BUY,,,
sell,449576,340.74,14967.21827760393,0.0,ADAPTIVE_FORCE_SELL->first acceptable 5m signal,2021-04-14 04:00:00,3.193857431411743,0.5499999999999998,FORCE_SELL,413843.58537574916,313.09,447114.0
buy,449896,341.12,14950.545133415697,0.0,ADAPTIVE_FORCE_BUY->first acceptable 5m signal,2021-04-15 14:45:00,2.4227612018585205,1.0999999999999996,FORCE_BUY,,,
sell,450142,342.16,14950.545133415697,0.0,5m SELL signal,2021-04-19 04:00:00,1.2338181734085083,0.7499999999999998,FREE,15548.56693875263,341.12,449896.0
buy,450190,340.69,15015.053341305924,0.0,5m BUY signal,2021-04-19 08:00:00,2.4302961826324463,2.0999999999999996,FREE,,,
sell,450229,339.8311,15015.053341305924,0.0,5m SELL signal,2021-04-19 11:15:00,1.0895447731018066,0.7499999999999998,FREE,-12896.42931484774,340.69,450190.0
buy,450235,338.295,15083.232366823828,0.0,5m BUY signal,2021-04-19 11:45:00,2.252357244491577,2.0999999999999996,FREE,,,
sell,450251,337.83,15083.232366823828,0.0,5m SELL signal,2021-04-19 13:05:00,5.597203254699707,0.7499999999999998,FREE,-7013.70305057356,338.295,450235.0
buy,450269,337.83,15083.232366823828,0.0,5m BUY signal,2021-04-19 14:35:00,2.12717342376709,2.0999999999999996,FREE,,,
sell,450286,338.66,15083.232366823828,0.0,5m SELL signal,2021-04-19 16:00:00,1.7555363178253174,0.7499999999999998,FREE,12519.082864464395,337.83,450269.0
buy,450414,336.95,15159.778819850299,0.0,5m BUY signal,2021-04-20 10:40:00,2.401416778564453,2.2999999999999994,FREE,,,
sell,450429,335.58,15159.778819850299,0.0,5m SELL signal,2021-04-20 11:55:00,7.3063225746154785,-0.5,FREE,-20768.896983194976,336.95,450414.0
buy,450438,335.58,15159.778819850299,0.0,5m BUY signal,2021-04-20 12:40:00,2.699449300765991,2.2999999999999994,FREE,,,
sell,450474,336.6818,15159.778819850299,0.0,5m SELL signal,2021-04-20 15:40:00,7.306429862976074,-0.5,FREE,16703.04430371145,335.58,450438.0
buy,450486,334.81,15244.531587076473,0.0,5m BUY signal,2021-04-20 16:40:00,2.4903271198272705,2.2999999999999994,FREE,,,
sell,450495,335.1,15244.531587076473,0.0,5m SELL signal,2021-04-20 17:25:00,0.38579869270324707,-0.5,FREE,4420.91416025249,334.81,450486.0
buy,450766,338.51,15090.964919291386,0.0,5m BUY signal,2021-04-22 08:00:00,2.194594621658325,2.0999999999999996,FREE,,,
sell,450795,339.15,15090.964919291386,0.0,5m SELL signal,2021-04-22 10:25:00,5.515932559967041,1.2999999999999996,FREE,9658.217548346282,338.51,450766.0
buy,450830,337.12,15181.836593431635,0.0,5m BUY signal,2021-04-22 13:20:00,2.502981662750244,2.0999999999999996,FREE,,,
sell,453379,324.0,15181.836593431635,0.0,5m SELL signal,2021-05-12 05:15:00,2.5696582794189453,-0.5,FREE,-199185.69610582312,337.12,450830.0
buy,453442,319.16,15412.06622468934,0.0,5m BUY signal,2021-05-12 10:30:00,2.2324376106262207,2.0999999999999996,FREE,,,
sell,453451,319.58,15412.06622468934,0.0,5m SELL signal,2021-05-12 11:15:00,7.156835079193115,-0.5,FREE,6473.067814368892,319.16,453442.0
buy,453458,317.49,15513.52207655743,0.0,5m BUY signal,2021-05-12 11:50:00,2.3966968059539795,2.0999999999999996,FREE,,,
sell,453595,317.23,15513.52207655743,0.0,5m SELL signal,2021-05-13 07:15:00,12.489944458007812,-0.5,FREE,-4033.5157399047907,317.49,453458.0
buy,453664,318.83,15435.66981885743,0.0,5m BUY signal,2021-05-13 13:00:00,2.7852859497070312,-0.5,FREE,,,
sell,453676,318.67,15435.66981885743,0.0,5m SELL signal,2021-05-13 14:00:00,11.737560272216797,-0.5,FREE,-2469.7071710166974,318.83,453664.0
buy,453701,318.73,15432.764098689478,0.0,5m BUY signal,2021-05-13 16:05:00,2.5723772048950195,-0.5,FREE,,,
sell,453724,319.49,15432.764098689478,0.0,5m SELL signal,2021-05-13 18:00:00,6.518130302429199,-0.5,FREE,11728.900715003863,318.73,453701.0
buy,453956,325.31,15156.662266423724,0.0,ADAPTIVE_FORCE_BUY->first acceptable 5m signal,2021-05-17 06:00:00,1.9856772422790527,-0.5,FORCE_BUY,,,
sell,454124,327.0,15156.662266423724,0.0,5m SELL signal,2021-05-18 04:00:00,8.557247161865234,-0.5,FREE,25614.75923025606,325.31,453956.0
buy,454244,324.89,15255.097297917935,0.0,5m BUY signal,2021-05-18 14:00:00,1.6881963014602661,1.5999999999999996,FREE,,,
sell,454257,323.88,15255.097297917935,0.0,5m SELL signal,2021-05-18 15:05:00,9.045904159545898,-0.5,FREE,-15407.648270896976,324.89,454244.0
buy,454267,322.15,15337.019751201804,0.0,5m BUY signal,2021-05-18 15:55:00,1.6824216842651367,1.5999999999999996,FREE,,,
sell,455477,332.43,15337.019751201804,0.0,5m SELL signal,2021-05-27 05:50:00,9.8866605758667,-0.5,FREE,157664.563042355,322.15,454267.0
buy,455936,332.795,15320.198548331602,0.0,ADAPTIVE_FORCE_BUY->first acceptable 5m signal,2021-06-01 13:20:00,1.310598611831665,1.1499999999999997,FORCE_BUY,,,
sell,456774,337.11,15320.198548331602,0.0,5m SELL signal,2021-06-08 04:50:00,2.97214412689209,0.5499999999999998,FREE,66106.65673605083,332.795,455936.0
buy,457142,336.15,15363.951011834202,0.0,ADAPTIVE_FORCE_BUY->first acceptable 5m signal,2021-06-10 04:00:00,0.5818395614624023,-0.5,FORCE_BUY,,,
sell,457693,344.88,15363.951011834202,0.0,5m SELL signal,2021-06-15 04:00:00,6.929112434387207,2.349999999999999,FREE,134127.29233331286,336.15,457142.0
buy,457802,342.37,15476.587974885006,0.0,5m BUY signal,2021-06-15 13:15:00,1.3125524520874023,0.6999999999999997,FREE,,,
sell,457945,343.13,15476.587974885006,0.0,5m SELL signal,2021-06-16 09:40:00,2.841965436935425,2.349999999999999,FREE,11762.206860912464,342.37,457802.0
buy,457962,342.76,15493.294526264126,0.0,5m BUY signal,2021-06-16 11:05:00,1.4729419946670532,0.6999999999999997,FREE,,,
sell,457984,341.95,15493.294526264126,0.0,5m SELL signal,2021-06-16 12:55:00,6.446353912353516,2.349999999999999,FREE,-12549.568566273978,342.76,457962.0
buy,457997,339.35,15611.999597041455,0.0,5m BUY signal,2021-06-16 14:00:00,1.9474114179611206,0.6999999999999997,FREE,,,
sell,458013,341.86,15611.999597041455,0.0,5m SELL signal,2021-06-16 15:20:00,2.412839651107788,2.349999999999999,FREE,39186.11898857391,339.35,457997.0
buy,458022,340.7,15665.154629423518,0.0,5m BUY signal,2021-06-16 16:05:00,2.8198812007904053,0.6999999999999997,FREE,,,
sell,458106,339.79,15665.154629423518,0.0,5m SELL signal,2021-06-17 07:10:00,3.0488524436950684,1.9499999999999993,FREE,-14255.290712774902,340.7,458022.0
buy,458346,342.3,15550.285981688045,0.0,5m BUY signal,2021-06-18 11:10:00,3.037945508956909,1.8499999999999996,FREE,,,
sell,458357,343.435,15550.285981688045,0.0,5m SELL signal,2021-06-18 12:05:00,2.8417882919311523,2.0999999999999996,FREE,17649.57458921579,342.3,458346.0
buy,458377,343.17,15562.294099487232,0.0,5m BUY signal,2021-06-18 13:45:00,2.1413183212280273,1.8499999999999996,FREE,,,
sell,458400,343.73,15562.294099487232,0.0,5m SELL signal,2021-06-18 15:40:00,3.360957622528076,2.0999999999999996,FREE,8714.884695712884,343.17,458377.0
buy,458438,341.96,15642.845218203141,0.0,5m BUY signal,2021-06-18 18:55:00,1.899847149848938,1.8499999999999996,FREE,,,
sell,461864,361.11,15642.845218203141,0.0,5m SELL signal,2021-07-16 06:55:00,2.2106873989105225,0.2999999999999998,FREE,299560.4859285907,341.96,458438.0
buy,461906,359.29,15722.084769254185,0.0,5m BUY signal,2021-07-16 10:25:00,1.9875682592391968,1.7999999999999994,FREE,,,
sell,461928,359.85,15722.084769254185,0.0,5m SELL signal,2021-07-16 12:15:00,8.418621063232422,0.2999999999999998,FREE,8804.36747078238,359.29,461906.0
buy,461967,357.76,15813.931697831282,0.0,5m BUY signal,2021-07-16 15:30:00,1.8179924488067627,1.7999999999999994,FREE,,,
sell,463193,368.69,15813.931697831282,0.0,5m SELL signal,2021-07-27 07:15:00,7.084274768829346,-0.10000000000000009,FREE,172846.27345729602,357.76,461967.0
buy,463205,368.33,15829.387988144912,0.0,5m BUY signal,2021-07-27 08:15:00,0.9150297045707703,-0.5,FREE,,,
sell,463271,361.385,15829.387988144912,0.0,5m SELL signal,2021-07-27 13:45:00,1.5106592178344727,-0.10000000000000009,FREE,-109935.0995776663,368.33,463205.0
buy,463294,363.46,15739.017713354287,0.0,5m BUY signal,2021-07-27 15:40:00,1.5998249053955078,-0.5,FREE,,,
sell,463929,366.65,15739.017713354287,0.0,ADAPTIVE_FORCE_SELL->first acceptable 5m signal,2021-08-02 05:35:00,6.606220722198486,1.5999999999999996,FORCE_SELL,50207.46650560014,363.46,463294.0
buy,464117,364.69,15823.605924487507,0.0,ADAPTIVE_FORCE_BUY->first acceptable 5m signal,2021-08-03 05:15:00,0.7593021392822266,-0.5,FORCE_BUY,,,
sell,465024,369.2,15823.605924487507,0.0,ADAPTIVE_FORCE_SELL->first acceptable 5m signal,2021-08-10 04:00:00,3.5226221084594727,1.0499999999999996,FORCE_SELL,71364.46271943851,364.69,464117.0
buy,465207,366.2,15953.236775862337,0.0,5m BUY signal,2021-08-11 04:00:00,1.0708894729614258,0.6499999999999997,FREE,,,
sell,465235,365.86,15953.236775862337,0.0,5m SELL signal,2021-08-11 06:20:00,2.908996820449829,-0.5,FREE,-5424.100503792795,366.2,465207.0
buy,465249,366.01,15946.698742703737,0.0,5m BUY signal,2021-08-11 07:30:00,1.7231764793395996,0.6499999999999997,FREE,,,
sell,465264,368.4,15946.698742703737,0.0,5m SELL signal,2021-08-11 08:45:00,3.422539710998535,-0.5,FREE,38112.60999506171,366.01,465249.0
buy,465286,366.34,16036.370084653754,0.0,5m BUY signal,2021-08-11 10:35:00,1.7660433053970337,0.6499999999999997,FREE,,,
sell,465303,365.955,16036.370084653754,0.0,5m SELL signal,2021-08-11 12:00:00,4.619309425354004,-0.5,FREE,-6174.00248259155,366.34,465286.0
buy,465392,365.49,16056.772591122777,0.0,5m BUY signal,2021-08-11 19:40:00,1.2178833484649658,0.6499999999999997,FREE,,,
sell,466140,365.72,16056.772591122777,0.0,ADAPTIVE_FORCE_SELL->first acceptable 5m signal,2021-08-18 05:20:00,6.266671180725098,0.7999999999999998,FORCE_SELL,3693.057695958531,365.49,465392.0
buy,467461,373.65,15715.998586980926,0.0,ADAPTIVE_FORCE_BUY->first acceptable 5m signal,2021-08-27 06:35:00,1.4429068565368652,0.4999999999999998,FORCE_BUY,,,
sell,467804,381.72,15715.998586980926,0.0,5m SELL signal,2021-08-31 04:00:00,5.634281635284424,1.9999999999999996,FREE,126828.10859693686,373.65,467461.0
buy,467857,379.55,15805.851615392858,0.0,5m BUY signal,2021-08-31 08:25:00,1.0081719160079956,0.34999999999999987,FREE,,,
sell,467864,379.97,15805.851615392858,0.0,5m SELL signal,2021-08-31 09:00:00,4.244239807128906,1.9999999999999996,FREE,6638.457678465252,379.55,467857.0
buy,467874,378.62,15862.208647986965,0.0,5m BUY signal,2021-08-31 09:50:00,1.2256900072097778,0.34999999999999987,FREE,,,
sell,467883,379.52,15862.208647986965,0.0,5m SELL signal,2021-08-31 10:35:00,5.353875637054443,1.9999999999999996,FREE,14275.987783187908,378.62,467874.0
buy,467916,379.57,15860.119150839142,0.0,5m BUY signal,2021-08-31 13:20:00,1.4100011587142944,0.34999999999999987,FREE,,,
sell,467922,379.9,15860.119150839142,0.0,5m SELL signal,2021-08-31 13:50:00,2.165853977203369,1.9999999999999996,FREE,5233.8393197766645,379.57,467916.0
buy,467940,379.9,15860.119150839142,0.0,5m BUY signal,2021-08-31 15:20:00,0.9535111784934998,0.34999999999999987,FREE,,,
sell,467956,380.33,15860.119150839142,0.0,5m SELL signal,2021-08-31 16:40:00,8.699177742004395,1.9999999999999996,FREE,6819.851234860939,379.9,467940.0
buy,467964,379.95,15875.981357122388,0.0,5m BUY signal,2021-08-31 17:25:00,0.7834240198135376,0.34999999999999987,FREE,,,
sell,467972,380.36,15875.981357122388,0.0,5m SELL signal,2021-08-31 18:05:00,3.0943431854248047,1.9999999999999996,FREE,6509.152356420576,379.95,467964.0
buy,467978,380.09,15887.258988647616,0.0,5m BUY signal,2021-08-31 18:35:00,0.6858928203582764,0.34999999999999987,FREE,,,
sell,467994,380.91,15887.258988647616,0.0,ADAPTIVE_FORCE_SELL->first acceptable 5m signal,2021-09-01 04:00:00,7.731847763061523,-0.5,FORCE_SELL,13027.55237069184,380.09,467978.0
buy,468401,380.86,15889.344697174192,0.0,ADAPTIVE_FORCE_BUY->first acceptable 5m signal,2021-09-03 07:55:00,1.193229079246521,-0.5,FORCE_BUY,,,
sell,468769,382.08,15889.344697174192,0.0,ADAPTIVE_FORCE_SELL->first acceptable 5m signal,2021-09-08 07:15:00,6.681957721710205,1.0999999999999996,FORCE_SELL,19385.000530552046,380.86,468401.0
buy,469720,375.46,16169.500937240495,0.0,ADAPTIVE_FORCE_BUY->first acceptable 5m signal,2021-09-15 08:25:00,1.3032103776931763,1.2499999999999996,FORCE_BUY,,,
sell,470082,377.57,16169.500937240495,0.0,ADAPTIVE_FORCE_SELL->first acceptable 5m signal,2021-09-17 07:45:00,3.6056270599365234,1.9999999999999996,FORCE_SELL,34117.646977577664,375.46,469720.0
buy,471207,371.01,16455.401387762846,0.0,ADAPTIVE_FORCE_BUY->first acceptable 5m signal,2021-09-27 07:05:00,1.6210389137268066,1.5499999999999994,FORCE_BUY,,,
sell,471367,366.11,16455.401387762846,0.0,ADAPTIVE_FORCE_SELL->first acceptable 5m signal,2021-09-28 04:30:00,10.350641250610352,-0.5,FORCE_SELL,-80631.46680003757,371.01,471207.0
buy,471934,356.27,16909.89138034035,0.0,ADAPTIVE_FORCE_BUY->first acceptable 5m signal,2021-10-01 04:00:00,3.152113914489746,2.4499999999999993,FORCE_BUY,,,
sell,472133,358.37,16909.89138034035,0.0,ADAPTIVE_FORCE_SELL->first acceptable 5m signal,2021-10-04 05:00:00,8.97929859161377,2.3999999999999995,FORCE_SELL,35510.77189871512,356.27,471934.0
buy,472514,352.46,17193.434074710807,0.0,ADAPTIVE_FORCE_BUY->first acceptable 5m signal,2021-10-06 05:00:00,2.923278570175171,2.499999999999999,FORCE_BUY,,,
sell,472700,363.44,17193.434074710807,0.0,5m SELL signal,2021-10-07 04:30:00,6.519974708557129,-0.5,FREE,188783.90614032498,352.46,472514.0
buy,472724,362.99,17214.748836367104,0.0,5m BUY signal,2021-10-07 06:30:00,1.1183946132659912,-0.5,FREE,,,
sell,472729,363.51,17214.748836367104,0.0,5m SELL signal,2021-10-07 06:55:00,4.6618971824646,-0.5,FREE,8951.669394910581,362.99,472724.0
buy,472741,363.7601,17202.912989928816,0.0,5m BUY signal,2021-10-07 07:55:00,1.1643309593200684,-0.5,FREE,,,
sell,472761,363.66,17202.912989928816,0.0,5m SELL signal,2021-10-07 09:35:00,4.476537704467773,-0.5,FREE,-1722.011590291834,363.7601,472741.0
buy,472779,364.91,17143.984374003216,0.0,5m BUY signal,2021-10-07 11:05:00,1.3008816242218018,-0.5,FREE,,,
sell,472786,365.39,17143.984374003216,0.0,5m SELL signal,2021-10-07 11:40:00,8.41879940032959,-0.5,FREE,8229.112499520881,364.91,472779.0
buy,472835,363.41,17237.391514864845,0.0,5m BUY signal,2021-10-07 15:45:00,1.7855033874511719,-0.5,FREE,,,
sell,472884,363.76,17237.391514864845,0.0,5m SELL signal,2021-10-07 19:50:00,5.0317535400390625,-0.5,FREE,6033.087030202108,363.41,472835.0
buy,472893,362.14,17314.501401246027,0.0,5m BUY signal,2021-10-08 04:35:00,1.5595899820327759,-0.5,FREE,,,
sell,472906,362.45,17314.501401246027,0.0,5m SELL signal,2021-10-08 05:40:00,5.763342380523682,2.0499999999999994,FREE,5367.495434386307,362.14,472893.0
buy,472934,363.34,17272.089593443117,0.0,5m BUY signal,2021-10-08 08:00:00,2.1703550815582275,-0.5,FREE,,,
sell,472940,363.52,17272.089593443117,0.0,5m SELL signal,2021-10-08 08:30:00,3.0665948390960693,2.0499999999999994,FREE,3108.976126819879,363.34,472934.0
buy,472952,362.53,17319.25636225538,0.0,5m BUY signal,2021-10-08 09:30:00,1.101744294166565,-0.5,FREE,,,
sell,472961,363.07,17319.25636225538,0.0,5m SELL signal,2021-10-08 10:15:00,7.047173023223877,2.0499999999999994,FREE,9352.39843561826,362.53,472952.0
buy,472980,361.3,17404.102982131357,0.0,5m BUY signal,2021-10-08 11:50:00,2.1887948513031006,-0.5,FREE,,,
sell,472989,361.98,17404.102982131357,0.0,5m SELL signal,2021-10-08 12:35:00,5.092154502868652,2.0499999999999994,FREE,11834.790027849442,361.3,472980.0
buy,472997,360.65,17468.28558844284,0.0,5m BUY signal,2021-10-08 13:15:00,1.7612402439117432,-0.5,FREE,,,
sell,473006,361.67,17468.28558844284,0.0,5m SELL signal,2021-10-08 14:00:00,5.57455587387085,2.0499999999999994,FREE,17817.651300212372,360.65,472997.0
buy,473022,361.97,17453.80790886571,0.0,5m BUY signal,2021-10-08 15:20:00,1.558901309967041,-0.5,FREE,,,
sell,473080,359.8,17453.80790886571,0.0,ADAPTIVE_FORCE_SELL->first acceptable 5m signal,2021-10-11 05:00:00,8.435478210449219,-0.5,FORCE_SELL,-37874.76316223887,361.97,473022.0
buy,473400,356.7,17605.495053574105,0.0,5m BUY signal,2021-10-12 15:40:00,2.233319044113159,2.1999999999999993,FREE,,,
sell,473421,355.86,17605.495053574105,0.0,5m SELL signal,2021-10-12 17:25:00,3.741992473602295,-0.5,FREE,-14788.615845001808,356.7,473400.0
buy,473489,358.26,17487.55504316664,0.0,ADAPTIVE_FORCE_BUY->first acceptable 5m signal,2021-10-13 07:05:00,2.2332074642181396,2.1999999999999993,FORCE_BUY,,,
sell,474782,375.61,17487.55504316664,0.0,ADAPTIVE_FORCE_SELL->first acceptable 5m signal,2021-10-22 04:00:00,10.157154083251953,1.7499999999999996,FORCE_SELL,303409.0799989416,358.26,473489.0
buy,475083,377.79,17386.644828512726,0.0,ADAPTIVE_FORCE_BUY->first acceptable 5m signal,2021-10-25 13:40:00,1.077947735786438,0.8999999999999997,FORCE_BUY,,,
sell,475159,380.36,17386.644828512726,0.0,ADAPTIVE_FORCE_SELL->first acceptable 5m signal,2021-10-26 04:00:00,10.250678062438965,-0.5,FORCE_SELL,44683.67720927759,377.79,475083.0
buy,475591,382.04,17310.188009038582,0.0,ADAPTIVE_FORCE_BUY->first acceptable 5m signal,2021-10-28 08:00:00,0.9089902639389038,0.8999999999999997,FORCE_BUY,,,
sell,476689,398.66,17310.188009038582,0.0,5m SELL signal,2021-11-05 04:40:00,2.53843355178833,2.349999999999999,FREE,287695.3247102213,382.04,475591.0
buy,476844,398.3,17325.833672315646,0.0,5m BUY signal,2021-11-05 17:50:00,1.5237559080123901,1.2999999999999996,FREE,,,
sell,477057,398.27,17325.833672315646,0.0,ADAPTIVE_FORCE_SELL->first acceptable 5m signal,2021-11-09 04:00:00,6.535888671875,1.7499999999999996,FORCE_SELL,-519.7750101699816,398.3,476844.0
buy,477457,391.48,17626.340494209544,0.0,5m BUY signal,2021-11-11 05:35:00,2.7064359188079834,2.499999999999999,FREE,,,
sell,477491,392.4,17626.340494209544,0.0,5m SELL signal,2021-11-11 08:30:00,1.9509856700897217,0.34999999999999987,FREE,16216.233254672059,391.48,477457.0
buy,477627,391.56,17664.153667197428,0.0,ADAPTIVE_FORCE_BUY->first acceptable 5m signal,2021-11-12 04:05:00,2.809535503387451,2.1499999999999995,FORCE_BUY,,,
sell,478762,405.53,17664.153667197428,0.0,ADAPTIVE_FORCE_SELL->first acceptable 5m signal,2021-11-22 04:00:00,7.63338041305542,1.6499999999999995,FORCE_SELL,246768.22673074756,391.56,477627.0
buy,478954,397.35,18027.794731744234,0.0,ADAPTIVE_FORCE_BUY->first acceptable 5m signal,2021-11-23 04:00:00,3.0117640495300293,1.4999999999999996,FORCE_BUY,,,
sell,479362,395.18,18027.794731744234,0.0,ADAPTIVE_FORCE_SELL->first acceptable 5m signal,2021-11-26 06:20:00,2.473022222518921,2.349999999999999,FORCE_SELL,-39120.314567885274,397.35,478954.0
buy,479497,394.65,18052.005377146048,0.0,5m BUY signal,2021-11-29 04:35:00,2.4608147144317627,-0.5,FREE,,,
sell,479514,395.53,18052.005377146048,0.0,5m SELL signal,2021-11-29 06:00:00,2.4088802337646484,2.0999999999999996,FREE,15885.764731888441,394.65,479497.0
buy,479524,394.88,18081.72023607824,0.0,5m BUY signal,2021-11-29 06:50:00,1.4158815145492554,-0.5,FREE,,,
sell,479550,396.26,18081.72023607824,0.0,5m SELL signal,2021-11-29 09:00:00,4.416458606719971,2.0999999999999996,FREE,24952.77392578789,394.88,479524.0
buy,479605,399.45,17937.319966825293,0.0,5m BUY signal,2021-11-29 13:35:00,1.4534825086593628,-0.5,FREE,,,
sell,479644,400.14,17937.319966825293,0.0,5m SELL signal,2021-11-29 16:50:00,6.998646259307861,2.0999999999999996,FREE,12376.750777109412,399.45,479605.0
buy,480106,386.15,18587.17910533594,0.0,ADAPTIVE_FORCE_BUY->first acceptable 5m signal,2021-12-02 07:25:00,4.112748146057129,2.349999999999999,FORCE_BUY,,,
sell,480256,389.09,18587.17910533594,0.0,ADAPTIVE_FORCE_SELL->first acceptable 5m signal,2021-12-03 04:00:00,5.476278781890869,1.3999999999999995,FORCE_SELL,54646.30656968762,386.15,480106.0
buy,480453,383.58,18854.177793667972,0.0,5m BUY signal,2021-12-06 04:40:00,3.3296499252319336,-0.5,FREE,,,
sell,480500,382.93,18854.177793667972,0.0,5m SELL signal,2021-12-06 08:35:00,1.5957069396972656,1.2499999999999996,FREE,-12255.215565883753,383.58,480453.0
buy,480578,386.29,18690.18173530062,0.0,5m BUY signal,2021-12-06 15:05:00,2.091667413711548,-0.5,FREE,,,
sell,480598,386.29,18690.18173530062,0.0,5m SELL signal,2021-12-06 16:45:00,9.18364143371582,1.2499999999999996,FREE,0.0,386.29,480578.0
buy,480889,398.04,18138.45418181408,0.0,ADAPTIVE_FORCE_BUY->first acceptable 5m signal,2021-12-08 09:05:00,2.48079514503479,2.3999999999999995,FORCE_BUY,,,
sell,481056,398.42,18138.45418181408,0.0,ADAPTIVE_FORCE_SELL->first acceptable 5m signal,2021-12-09 07:15:00,6.504068374633789,2.499999999999999,FORCE_SELL,6892.612589089267,398.04,480889.0
buy,481290,393.68,18356.84544584019,0.0,ADAPTIVE_FORCE_BUY->first acceptable 5m signal,2021-12-10 11:05:00,1.8560529947280884,1.8499999999999996,FORCE_BUY,,,
sell,481394,399.35,18356.84544584019,0.0,ADAPTIVE_FORCE_SELL->first acceptable 5m signal,2021-12-13 04:00:00,12.989654541015625,2.499999999999999,FORCE_SELL,104083.31367791416,393.68,481290.0
buy,481586,392.29,18687.211575100766,0.0,ADAPTIVE_FORCE_BUY->first acceptable 5m signal,2021-12-14 04:25:00,2.23279070854187,1.6499999999999995,FORCE_BUY,,,
sell,481793,387.59,18687.211575100766,0.0,5m SELL signal,2021-12-15 05:40:00,3.794473648071289,-0.5,FREE,-87829.89440297445,392.29,481586.0
buy,481858,386.08,18760.299249879055,0.0,5m BUY signal,2021-12-15 11:05:00,2.6920857429504395,2.1999999999999993,FREE,,,
sell,481869,385.05,18760.299249879055,0.0,5m SELL signal,2021-12-15 12:00:00,4.8610615730285645,-0.5,FREE,-19323.108227374916,386.08,481858.0
buy,481870,384.391,18792.461910309892,0.0,5m BUY signal,2021-12-15 12:05:00,2.716400623321533,2.1999999999999993,FREE,,,
sell,481882,385.48,18792.461910309892,0.0,5m SELL signal,2021-12-15 13:05:00,2.5348939895629883,-0.5,FREE,20464.99102032745,384.391,481870.0
buy,481953,397.66,18216.864198527026,0.0,5m BUY signal,2021-12-15 19:00:00,3.167964220046997,2.1999999999999993,FREE,,,
sell,481965,399.6,18216.864198527026,0.0,ADAPTIVE_FORCE_SELL->first acceptable 5m signal,2021-12-16 04:00:00,3.9244301319122314,2.2999999999999994,FORCE_SELL,35340.716545142386,397.66,481953.0
buy,482159,383.19,18996.996095230566,0.0,5m BUY signal,2021-12-17 04:10:00,2.6903722286224365,2.499999999999999,FREE,,,
sell,482205,383.02,18996.996095230566,0.0,5m SELL signal,2021-12-17 08:00:00,7.084762096405029,-0.5,FREE,-3229.4893361894988,383.19,482159.0
buy,482437,377.92,19253.359029411546,0.0,ADAPTIVE_FORCE_BUY->first acceptable 5m signal,2021-12-20 11:30:00,4.731058120727539,-0.5,FORCE_BUY,,,
sell,483282,404.74,19253.359029411546,0.0,ADAPTIVE_FORCE_SELL->first acceptable 5m signal,2021-12-28 04:00:00,8.592700958251953,-0.5,FORCE_SELL,516375.0891688175,377.92,482437.0
buy,483485,402.72,19349.931797685807,0.0,5m BUY signal,2021-12-29 05:50:00,0.9847300052642822,-0.5,FREE,,,
sell,483520,402.06,19349.931797685807,0.0,5m SELL signal,2021-12-29 09:00:00,8.908698081970215,-0.5,FREE,-12770.954986473116,402.72,483485.0
buy,483533,401.73,19365.82674576844,0.0,5m BUY signal,2021-12-29 10:05:00,1.4179410934448242,-0.5,FREE,,,
sell,483590,401.87,19365.82674576844,0.0,5m SELL signal,2021-12-29 14:50:00,4.211127281188965,-0.5,FREE,2711.2157444073177,401.73,483533.0
buy,483606,401.37,19389.951402252194,0.0,5m BUY signal,2021-12-29 16:10:00,1.4239137172698975,-0.5,FREE,,,
sell,483646,402.38,19389.951402252194,0.0,ADAPTIVE_FORCE_SELL->first acceptable 5m signal,2021-12-30 04:00:00,4.173375129699707,1.4499999999999995,FORCE_SELL,19583.85091627454,401.37,483606.0
buy,487838,362.2,21540.940489338038,0.0,5m BUY signal,2022-02-01 04:45:00,2.747384548187256,2.1999999999999993,FREE,,,
sell,487848,363.43,21540.940489338038,0.0,5m SELL signal,2022-02-01 05:35:00,12.525453567504883,-0.5,FREE,26495.356801886177,362.2,487838.0
buy,488787,355.75,22005.970490625787,0.0,5m BUY signal,2022-02-08 04:00:00,2.2795701026916504,-0.5,FREE,,,
sell,488806,355.64,22005.970490625787,0.0,5m SELL signal,2022-02-08 05:45:00,6.461034774780273,-0.5,FREE,-2420.656753969137,355.75,488787.0
buy,488813,354.7,22064.28910427447,0.0,5m BUY signal,2022-02-08 06:25:00,2.11037278175354,-0.5,FREE,,,
sell,488832,354.14,22064.28910427447,0.0,5m SELL signal,2022-02-08 08:00:00,4.334470748901367,-0.5,FREE,-12356.001898393753,354.7,488813.0
buy,488856,353.05,22132.409979854863,0.0,5m BUY signal,2022-02-08 10:00:00,2.803706645965576,-0.5,FREE,,,
sell,488865,355.79,22132.409979854863,0.0,5m SELL signal,2022-02-08 10:45:00,2.705359697341919,-0.5,FREE,60642.80334480252,353.05,488856.0
buy,488893,358.59,21959.59214348577,0.0,5m BUY signal,2022-02-08 13:05:00,4.709706783294678,-0.5,FREE,,,
sell,488927,359.23,21959.59214348577,0.0,5m SELL signal,2022-02-08 15:55:00,6.996474266052246,-0.5,FREE,14054.138971831842,358.59,488893.0
buy,488968,359.8,21924.803462213433,0.0,5m BUY signal,2022-02-08 19:20:00,2.8941547870635986,-0.5,FREE,,,
sell,489203,366.28,21924.803462213433,0.0,ADAPTIVE_FORCE_SELL->first acceptable 5m signal,2022-02-10 07:05:00,9.18501091003418,2.349999999999999,FORCE_SELL,142072.7264351422,359.8,488968.0
buy,489550,342.85,23423.120933759765,0.0,ADAPTIVE_FORCE_BUY->first acceptable 5m signal,2022-02-14 04:00:00,6.096146106719971,-0.5,FORCE_BUY,,,
sell,490701,341.94,23423.120933759765,0.0,ADAPTIVE_FORCE_SELL->first acceptable 5m signal,2022-02-23 04:05:00,4.892536640167236,2.0499999999999994,FORCE_SELL,-21315.04004972197,342.85,489550.0
buy,490892,321.66,24899.900429303656,0.0,5m BUY signal,2022-02-24 04:00:00,5.144978046417236,-0.5,FREE,,,
sell,490977,329.02,24899.900429303656,0.0,5m SELL signal,2022-02-24 11:05:00,7.003612518310547,-0.5,FREE,183263.26715967382,321.66,490892.0
buy,490984,328.15,24965.915706992197,0.0,5m BUY signal,2022-02-24 11:40:00,8.8362455368042,-0.5,FREE,,,
sell,491002,330.01,24965.915706992197,0.0,5m SELL signal,2022-02-24 13:10:00,7.745157718658447,-0.5,FREE,46436.60321500582,328.15,490984.0
buy,491144,342.21,24075.865236154685,0.0,ADAPTIVE_FORCE_BUY->first acceptable 5m signal,2022-02-25 09:00:00,3.883767604827881,-0.5,FORCE_BUY,,,
sell,491491,345.0,24075.865236154685,0.0,ADAPTIVE_FORCE_SELL->first acceptable 5m signal,2022-03-01 05:55:00,6.235539436340332,-0.5,FORCE_SELL,67171.66400887206,342.21,491144.0
buy,491660,341.1,24351.13898115909,0.0,ADAPTIVE_FORCE_BUY->first acceptable 5m signal,2022-03-02 04:00:00,2.0565245151519775,0.9499999999999997,FORCE_BUY,,,
sell,491906,347.72,24351.13898115909,0.0,ADAPTIVE_FORCE_SELL->first acceptable 5m signal,2022-03-03 08:35:00,7.845451354980469,-0.5,FORCE_SELL,161204.54005527328,341.1,491660.0
buy,492066,339.21,24962.053142680463,0.0,ADAPTIVE_FORCE_BUY->first acceptable 5m signal,2022-03-04 05:55:00,4.02742338180542,-0.5,FORCE_BUY,,,
sell,492186,337.36,24962.053142680463,0.0,ADAPTIVE_FORCE_SELL->first acceptable 5m signal,2022-03-04 15:55:00,7.618136405944824,-0.5,FORCE_SELL,-46179.798313958,339.21,492066.0
buy,492641,329.59,25550.527164703668,0.0,ADAPTIVE_FORCE_BUY->first acceptable 5m signal,2022-03-09 05:55:00,5.019121170043945,-0.5,FORCE_BUY,,,
sell,493005,332.5,25550.527164703668,0.0,ADAPTIVE_FORCE_SELL->first acceptable 5m signal,2022-03-11 04:20:00,10.676977157592773,-0.5,FORCE_SELL,74352.03404928831,329.59,492641.0
buy,493233,323.8,26237.02990198879,0.0,ADAPTIVE_FORCE_BUY->first acceptable 5m signal,2022-03-14 07:25:00,3.897881269454956,-0.5,FORCE_BUY,,,
sell,494608,354.77,26237.02990198879,0.0,5m SELL signal,2022-03-23 10:10:00,7.666810989379883,-0.5,FREE,812560.8160645921,323.8,493233.0
buy,494638,355.1,26212.6474185541,0.0,5m BUY signal,2022-03-23 12:40:00,3.1495840549468994,2.4499999999999993,FREE,,,
sell,494653,354.0,26212.6474185541,0.0,5m SELL signal,2022-03-23 13:55:00,5.1142120361328125,-0.5,FREE,-28833.912160410106,355.1,494638.0
buy,494668,352.8,26301.806083243056,0.0,5m BUY signal,2022-03-23 15:10:00,2.5075480937957764,2.4499999999999993,FREE,,,
sell,494675,353.23,26301.806083243056,0.0,5m SELL signal,2022-03-23 15:45:00,4.541665077209473,-0.5,FREE,11309.776615794693,352.8,494668.0
buy,494676,352.25,26374.980731820997,0.0,5m BUY signal,2022-03-23 15:50:00,2.8807895183563232,2.4499999999999993,FREE,,,
sell,495504,369.63,26374.980731820997,0.0,5m SELL signal,2022-03-30 05:15:00,5.305315017700195,2.0499999999999994,FREE,458397.1651190488,352.25,494676.0
buy,495539,368.9,26427.17302223637,0.0,5m BUY signal,2022-03-30 08:10:00,2.3599441051483154,-0.5,FREE,,,
sell,495553,369.04,26427.17302223637,0.0,5m SELL signal,2022-03-30 09:20:00,2.9559526443481445,2.0499999999999994,FREE,3699.8042231142335,368.9,495539.0
buy,495573,368.75,26447.956426104705,0.0,5m BUY signal,2022-03-30 11:00:00,3.5129055976867676,-0.5,FREE,,,
sell,495580,368.7707,26447.956426104705,0.0,5m SELL signal,2022-03-30 11:35:00,5.100410461425781,2.0499999999999994,FREE,547.4726980197493,368.75,495573.0
buy,495601,369.21,26416.487648828934,0.0,5m BUY signal,2022-03-30 13:20:00,2.850362539291382,-0.5,FREE,,,
sell,495630,366.73,26416.487648828934,0.0,5m SELL signal,2022-03-30 15:45:00,5.1667070388793945,2.0499999999999994,FREE,-65512.88936909474,369.21,495601.0
buy,495649,367.901,26332.406042535997,0.0,5m BUY signal,2022-03-30 17:20:00,3.0055596828460693,-0.5,FREE,,,
sell,495672,367.93,26332.406042535997,0.0,5m SELL signal,2022-03-30 19:15:00,8.994553565979004,2.0499999999999994,FREE,763.6397752334481,367.901,495649.0
buy,495677,367.73,26346.72764047064,0.0,5m BUY signal,2022-03-30 19:45:00,2.2823266983032227,-0.5,FREE,,,
sell,495726,368.13,26346.72764047064,0.0,ADAPTIVE_FORCE_SELL->first acceptable 5m signal,2022-03-31 07:55:00,4.097783088684082,-0.5,FORCE_SELL,10538.691056187656,367.73,495677.0
buy,495886,363.41,26688.921180722755,0.0,ADAPTIVE_FORCE_BUY->first acceptable 5m signal,2022-04-01 05:20:00,3.1977827548980713,2.499999999999999,FORCE_BUY,,,
sell,496245,369.6,26688.921180722755,0.0,ADAPTIVE_FORCE_SELL->first acceptable 5m signal,2022-04-05 04:00:00,8.031183242797852,2.3999999999999995,FORCE_SELL,165204.42210867378,363.41,495886.0
buy,496437,358.96,27480.01244817008,0.0,ADAPTIVE_FORCE_BUY->first acceptable 5m signal,2022-04-06 04:00:00,4.332488536834717,2.3999999999999995,FORCE_BUY,,,
sell,497672,342.81,27480.01244817008,0.0,5m SELL signal,2022-04-14 11:25:00,7.936412334442139,2.1999999999999993,FREE,-443802.20103794616,358.96,496437.0
buy,497682,341.28,27603.2087065084,0.0,5m BUY signal,2022-04-14 12:15:00,3.15443754196167,1.8999999999999995,FREE,,,
sell,498235,343.945,27603.2087065084,0.0,ADAPTIVE_FORCE_SELL->first acceptable 5m signal,2022-04-20 10:30:00,8.256938934326172,2.2499999999999996,FORCE_SELL,73562.55120284545,341.28,497682.0
buy,498730,323.6,29338.64529839317,0.0,ADAPTIVE_FORCE_BUY->first acceptable 5m signal,2022-04-25 04:00:00,4.912952423095703,1.7999999999999994,FORCE_BUY,,,
sell,499021,320.64,29338.64529839317,0.0,ADAPTIVE_FORCE_SELL->first acceptable 5m signal,2022-04-26 12:15:00,7.571159839630127,-0.5,FORCE_SELL,-86842.39008324486,323.6,498730.0
buy,499123,319.47,29446.092679991187,0.0,ADAPTIVE_FORCE_BUY->first acceptable 5m signal,2022-04-27 04:45:00,6.270042419433594,-0.5,FORCE_BUY,,,
sell,499306,323.71,29446.092679991187,0.0,ADAPTIVE_FORCE_SELL->first acceptable 5m signal,2022-04-28 04:00:00,6.2239298820495605,-0.5,FORCE_SELL,124851.43296316122,319.47,499123.0
buy,499700,313.96,30360.538480825413,0.0,ADAPTIVE_FORCE_BUY->first acceptable 5m signal,2022-05-02 04:50:00,6.651494026184082,-0.5,FORCE_BUY,,,
sell,500113,320.2,30360.538480825413,0.0,5m SELL signal,2022-05-04 07:20:00,2.9222066402435303,-0.5,FREE,189449.76012035087,313.96,499700.0
buy,500139,318.51,30521.630157798176,0.0,5m BUY signal,2022-05-04 09:30:00,4.912894248962402,-0.5,FREE,,,
sell,500172,316.46,30521.630157798176,0.0,5m SELL signal,2022-05-04 12:15:00,3.647186279296875,-0.5,FREE,-62569.341823486604,318.51,500139.0
buy,500199,315.89,30576.704168339646,0.0,5m BUY signal,2022-05-04 14:30:00,5.247655868530273,-0.5,FREE,,,
sell,500204,324.94,30576.704168339646,0.0,5m SELL signal,2022-05-04 14:55:00,6.710166931152344,-0.5,FREE,276719.17272347416,315.89,500199.0
buy,500325,325.7,30505.355395948063,0.0,ADAPTIVE_FORCE_BUY->first acceptable 5m signal,2022-05-05 09:00:00,3.1163418292999268,-0.5,FORCE_BUY,,,
sell,501654,300.34,30505.355395948063,0.0,5m SELL signal,2022-05-16 08:05:00,5.522154808044434,-0.5,FREE,-773615.8128412433,325.7,500325.0
buy,501689,297.73,30772.77546642609,0.0,5m BUY signal,2022-05-16 11:00:00,7.740640640258789,-0.5,FREE,,,
sell,501697,299.4,30772.77546642609,0.0,5m SELL signal,2022-05-16 11:40:00,5.2469706535339355,-0.5,FREE,51390.53502893031,297.73,501689.0
buy,501705,299.0382,30810.006797285332,0.0,5m BUY signal,2022-05-16 12:20:00,6.407548427581787,-0.5,FREE,,,
sell,501717,299.795,30810.006797285332,0.0,5m SELL signal,2022-05-16 13:20:00,4.551875591278076,-0.5,FREE,23317.01314418549,299.0382,501705.0
buy,501735,301.005,30686.15467448101,0.0,5m BUY signal,2022-05-16 14:50:00,6.044191360473633,-0.5,FREE,,,
sell,502003,304.2,30686.15467448101,0.0,5m SELL signal,2022-05-18 05:10:00,9.533248901367188,-0.5,FREE,98042.26418496663,301.005,501735.0
buy,502028,303.14,30793.456000452345,0.0,5m BUY signal,2022-05-18 07:15:00,2.549548625946045,2.499999999999999,FREE,,,
sell,502272,293.32,30793.456000452345,0.0,5m SELL signal,2022-05-19 11:35:00,14.756595611572266,-0.5,FREE,-302391.7379244418,303.14,502028.0
buy,502281,292.46,30884.00640789401,0.0,5m BUY signal,2022-05-19 12:20:00,3.5403647422790527,2.2999999999999994,FREE,,,
sell,502300,291.93,30884.00640789401,0.0,5m SELL signal,2022-05-19 13:55:00,12.569743156433105,-0.5,FREE,-16368.523396182982,292.46,502281.0
buy,502317,290.24,31063.836792504473,0.0,5m BUY signal,2022-05-19 15:20:00,3.440359592437744,2.2999999999999994,FREE,,,
sell,502334,290.22,31063.836792504473,0.0,5m SELL signal,2022-05-19 16:45:00,7.068079948425293,-0.5,FREE,-621.2767358495245,290.24,502317.0
buy,502358,290.39,31045.651413342915,0.0,5m BUY signal,2022-05-19 18:45:00,2.9673707485198975,2.2999999999999994,FREE,,,
sell,502370,291.04,31045.651413342915,0.0,5m SELL signal,2022-05-19 19:45:00,7.614342212677002,-0.5,FREE,20179.673418673952,290.39,502358.0
buy,502410,293.32,30804.331062795998,0.0,5m BUY signal,2022-05-20 07:05:00,2.720461130142212,2.4499999999999993,FREE,,,
sell,502418,294.13,30804.331062795998,0.0,5m SELL signal,2022-05-20 07:45:00,4.520091533660889,-0.5,FREE,24951.50816086483,293.32,502410.0
buy,502429,293.45,30875.712712558143,0.0,5m BUY signal,2022-05-20 08:40:00,2.843170642852783,2.4499999999999993,FREE,,,
sell,502438,293.13,30875.712712558143,0.0,5m SELL signal,2022-05-20 09:25:00,8.214824676513672,-0.5,FREE,-9880.228068018396,293.45,502429.0
buy,502440,292.42,30950.679390712565,0.0,5m BUY signal,2022-05-20 09:35:00,2.9643266201019287,2.4499999999999993,FREE,,,
sell,502491,283.24,30950.679390712565,0.0,5m SELL signal,2022-05-20 13:50:00,15.019919395446777,-0.5,FREE,-284127.23680674157,292.42,502440.0
buy,502496,281.62,31128.721080269253,0.0,5m BUY signal,2022-05-20 14:15:00,3.3132669925689697,2.4499999999999993,FREE,,,
sell,502510,284.6801,31128.721080269253,0.0,5m SELL signal,2022-05-20 15:25:00,12.020195007324219,-0.5,FREE,95256.99937773123,281.62,502496.0
buy,502824,286.79,30899.708602124058,0.0,ADAPTIVE_FORCE_BUY->first acceptable 5m signal,2022-05-24 09:35:00,3.3842275142669678,2.4499999999999993,FORCE_BUY,,,
sell,505636,278.37,30899.708602124058,0.0,5m SELL signal,2022-06-15 04:25:00,10.27209186553955,2.0499999999999994,FREE,-260175.54642988506,286.79,502824.0
buy,505779,282.1,30491.144571333825,0.0,5m BUY signal,2022-06-15 16:20:00,8.342561721801758,-0.5,FREE,,,
sell,505788,283.04,30491.144571333825,0.0,5m SELL signal,2022-06-15 17:05:00,6.740345478057861,2.0499999999999994,FREE,28661.675897053727,282.1,505779.0
buy,505829,276.15,31251.904977259917,0.0,ADAPTIVE_FORCE_BUY->first acceptable 5m signal,2022-06-16 04:30:00,7.6520256996154785,-0.5,FORCE_BUY,,,
sell,506972,297.46,31251.904977259917,0.0,ADAPTIVE_FORCE_SELL->first acceptable 5m signal,2022-06-27 04:00:00,16.63115882873535,-0.5,FORCE_SELL,665978.0950654089,276.15,505829.0
buy,507370,283.16,32830.17253332298,0.0,ADAPTIVE_FORCE_BUY->first acceptable 5m signal,2022-06-29 05:30:00,4.785857200622559,1.8499999999999996,FORCE_BUY,,,
sell,507738,279.08,32830.17253332298,0.0,5m SELL signal,2022-07-01 04:25:00,6.982506275177002,-0.5,FREE,-133947.10393595908,283.16,507370.0
buy,507753,279.12,32825.46772212588,0.0,5m BUY signal,2022-07-01 05:40:00,5.398141860961914,-0.5,FREE,,,
sell,507848,279.38,32825.46772212588,0.0,5m SELL signal,2022-07-01 13:35:00,5.1300129890441895,-0.5,FREE,8534.621607752431,279.12,507753.0
buy,509869,291.65,31444.468274327206,0.0,5m BUY signal,2022-07-19 07:00:00,3.027027130126953,1.8999999999999995,FREE,,,
sell,509891,292.36,31444.468274327206,0.0,5m SELL signal,2022-07-19 08:50:00,3.882173776626587,-0.5,FREE,22325.57247477346,291.65,509869.0
buy,510250,303.21,30319.266332516418,0.0,ADAPTIVE_FORCE_BUY->first acceptable 5m signal,2022-07-21 06:45:00,2.513284683227539,2.0999999999999996,FORCE_BUY,,,
sell,512706,321.1,30319.266332516418,0.0,5m SELL signal,2022-08-09 05:05:00,5.411948204040527,-0.5,FREE,542411.67468872,303.21,510250.0
buy,512711,320.75,30352.350489075674,0.0,5m BUY signal,2022-08-09 05:30:00,4.197218418121338,1.5499999999999994,FREE,,,
sell,512772,317.15,30352.350489075674,0.0,5m SELL signal,2022-08-09 10:35:00,8.607184410095215,-0.5,FREE,-109268.46176067312,320.75,512711.0
buy,512787,317.11,30356.179110120618,0.0,5m BUY signal,2022-08-09 11:50:00,5.116953372955322,1.5499999999999994,FREE,,,
sell,512823,317.19,30356.179110120618,0.0,5m SELL signal,2022-08-09 14:50:00,6.779489517211914,-0.5,FREE,2428.4943288091663,317.11,512787.0
buy,512836,317.05,30369.583510295404,0.0,5m BUY signal,2022-08-09 15:55:00,4.838447093963623,1.5499999999999994,FREE,,,
sell,512848,317.64,30369.583510295404,0.0,5m SELL signal,2022-08-09 16:55:00,5.403858184814453,-0.5,FREE,17918.054271073528,317.05,512836.0
buy,512885,317.09,30422.260261156873,0.0,5m BUY signal,2022-08-10 04:00:00,4.473543167114258,-0.5,FREE,,,
sell,512898,318.44,30422.260261156873,0.0,5m SELL signal,2022-08-10 05:05:00,9.549479484558105,-0.5,FREE,41070.05135256247,317.09,512885.0
buy,512906,318.04,30460.52244234308,0.0,5m BUY signal,2022-08-10 05:45:00,4.933335304260254,-0.5,FREE,,,
sell,512925,318.15,30460.52244234308,0.0,5m SELL signal,2022-08-10 07:20:00,5.732415676116943,-0.5,FREE,3350.657468656423,318.04,512906.0
buy,513196,325.24,29796.504781181437,0.0,ADAPTIVE_FORCE_BUY->first acceptable 5m signal,2022-08-11 14:00:00,4.164963722229004,-0.5,FORCE_BUY,,,
sell,513656,332.94,29796.504781181437,0.0,5m SELL signal,2022-08-16 04:35:00,10.400439262390137,-0.5,FREE,229433.08681509673,325.24,513196.0
buy,513665,332.21,29861.979777389446,0.0,5m BUY signal,2022-08-16 05:30:00,1.2648605108261108,-0.5,FREE,,,
sell,513681,332.39,29861.979777389446,0.0,5m SELL signal,2022-08-16 06:55:00,4.703686714172363,-0.5,FREE,5375.156359930304,332.21,513665.0
buy,513700,332.36,29864.67522628017,0.0,5m BUY signal,2022-08-16 08:30:00,1.9589101076126099,-0.5,FREE,,,
sell,513732,331.008,29864.67522628017,0.0,5m SELL signal,2022-08-16 11:10:00,9.438145637512207,-0.5,FREE,-40377.04090593175,332.36,513700.0
buy,513749,332.19,29758.410600260533,0.0,5m BUY signal,2022-08-16 12:35:00,2.1416175365448,-0.5,FREE,,,
sell,513757,332.69,29758.410600260533,0.0,5m SELL signal,2022-08-16 13:15:00,8.340815544128418,-0.5,FREE,14879.205300130267,332.19,513749.0
buy,513773,331.915,29827.894559151217,0.0,5m BUY signal,2022-08-16 14:35:00,2.085263729095459,-0.5,FREE,,,
sell,513783,332.105,29827.894559151217,0.0,5m SELL signal,2022-08-16 15:25:00,12.929168701171875,-0.5,FREE,5667.299966238664,331.915,513773.0
buy,513832,332.02,29835.530758890774,0.0,5m BUY signal,2022-08-16 19:30:00,1.6862776279449463,-0.5,FREE,,,
sell,514050,329.01,29835.530758890774,0.0,5m SELL signal,2022-08-18 05:50:00,9.049359321594238,-0.5,FREE,-89804.94758426095,332.02,513832.0
buy,514061,328.59,29873.66619490141,0.0,5m BUY signal,2022-08-18 06:45:00,2.1327550411224365,2.0499999999999994,FREE,,,
sell,514070,328.96,29873.66619490141,0.0,5m SELL signal,2022-08-18 07:30:00,10.73128890991211,-0.5,FREE,11053.256492113656,328.59,514061.0
buy,514082,329.24,29848.26033129257,0.0,5m BUY signal,2022-08-18 08:30:00,2.2551677227020264,2.0499999999999994,FREE,,,
sell,514108,328.85,29848.26033129257,0.0,5m SELL signal,2022-08-18 10:40:00,12.286518096923828,-0.5,FREE,-11640.821529203695,329.24,514082.0
buy,514128,328.84,29849.168014674502,0.0,5m BUY signal,2022-08-18 12:20:00,2.5291314125061035,2.0499999999999994,FREE,,,
sell,514140,329.55,29849.168014674502,0.0,5m SELL signal,2022-08-18 13:20:00,10.074468612670898,-0.5,FREE,21192.909290419982,328.84,514128.0
buy,514224,325.79,30193.662541011025,0.0,ADAPTIVE_FORCE_BUY->first acceptable 5m signal,2022-08-19 04:30:00,3.106994867324829,2.0499999999999994,FORCE_BUY,,,
sell,514786,314.31,30193.662541011025,0.0,5m SELL signal,2022-08-23 19:20:00,5.496612071990967,1.7499999999999996,FREE,-346623.2459708071,325.79,514224.0
buy,514825,313.91,30232.1368330578,0.0,5m BUY signal,2022-08-24 06:40:00,4.045071125030518,-0.5,FREE,,,
sell,514833,314.0,30232.1368330578,0.0,5m SELL signal,2022-08-24 07:20:00,6.351592063903809,1.7499999999999996,FREE,2720.892314974446,313.91,514825.0
buy,514848,314.36,30197.515477733006,0.0,5m BUY signal,2022-08-24 08:35:00,3.5428013801574707,-0.5,FREE,,,
sell,514865,313.8352,30197.515477733006,0.0,5m SELL signal,2022-08-24 10:00:00,2.492056369781494,1.7499999999999996,FREE,-15847.65612271511,314.36,514848.0
buy,514896,315.82,30007.73639876332,0.0,5m BUY signal,2022-08-24 12:35:00,3.756608724594116,-0.5,FREE,,,
sell,514911,314.8803,30007.73639876332,0.0,5m SELL signal,2022-08-24 13:50:00,2.5131988525390625,1.7499999999999996,FREE,-28198.26989391838,315.82,514896.0
buy,515069,318.13,29701.207178082903,0.0,ADAPTIVE_FORCE_BUY->first acceptable 5m signal,2022-08-25 11:00:00,3.6870858669281006,-0.5,FORCE_BUY,,,
sell,515270,312.72,29701.207178082903,0.0,ADAPTIVE_FORCE_SELL->first acceptable 5m signal,2022-08-26 11:50:00,7.133652210235596,2.499999999999999,FORCE_SELL,-160683.53083342756,318.13,515069.0
buy,515368,304.18,30535.08287438387,0.0,ADAPTIVE_FORCE_BUY->first acceptable 5m signal,2022-08-29 04:00:00,4.473790168762207,-0.5,FORCE_BUY,,,
sell,515560,308.0,30535.08287438387,0.0,5m SELL signal,2022-08-30 04:00:00,15.226485252380371,-0.5,FREE,116644.01658014617,304.18,515368.0
buy,515568,307.89,30545.99215729719,0.0,5m BUY signal,2022-08-30 04:40:00,1.6905403137207031,-0.5,FREE,,,
sell,515585,308.11,30545.99215729719,0.0,5m SELL signal,2022-08-30 06:05:00,7.493034362792969,-0.5,FREE,6720.118274606215,307.89,515568.0
buy,515606,307.2,30636.47670437773,0.0,5m BUY signal,2022-08-30 07:50:00,3.133047580718994,-0.5,FREE,,,
sell,515751,302.32,30636.47670437773,0.0,ADAPTIVE_FORCE_SELL->first acceptable 5m signal,2022-08-31 04:00:00,13.35956859588623,-0.5,FORCE_SELL,-149506.00631736318,307.2,515606.0
buy,517142,308.01,30070.516013335524,0.0,ADAPTIVE_FORCE_BUY->first acceptable 5m signal,2022-09-12 08:20:00,2.2417407035827637,1.5499999999999994,FORCE_BUY,,,
sell,517311,312.29,30070.516013335524,0.0,ADAPTIVE_FORCE_SELL->first acceptable 5m signal,2022-09-13 06:35:00,6.833435535430908,-0.5,FORCE_SELL,128701.80853707693,308.01,517142.0
buy,517510,294.45,31892.414487364753,0.0,5m BUY signal,2022-09-14 07:10:00,3.5060601234436035,-0.5,FREE,,,
sell,517554,296.2114,31892.414487364753,0.0,5m SELL signal,2022-09-14 10:50:00,7.2953948974609375,-0.5,FREE,56175.29887804547,294.45,517510.0
buy,517562,295.4801,31971.34678336239,0.0,5m BUY signal,2022-09-14 11:30:00,3.1345627307891846,-0.5,FREE,,,
sell,517576,296.54,31971.34678336239,0.0,5m SELL signal,2022-09-14 12:40:00,6.9026408195495605,-0.5,FREE,33886.43045568667,295.4801,517562.0
buy,517589,294.45,32198.278740493406,0.0,5m BUY signal,2022-09-14 13:45:00,3.174067974090576,-0.5,FREE,,,
sell,517877,287.8,32198.278740493406,0.0,5m SELL signal,2022-09-16 05:55:00,2.3194079399108887,-0.5,FREE,-214118.5536242804,294.45,517589.0
buy,517907,287.67,32212.829358341158,0.0,5m BUY signal,2022-09-16 08:25:00,5.008480072021484,-0.5,FREE,,,
sell,517932,288.48,32212.829358341158,0.0,5m SELL signal,2022-09-16 10:30:00,4.024472713470459,-0.5,FREE,26092.39178025641,287.67,517907.0
buy,517937,286.495,32436.01812699788,0.0,5m BUY signal,2022-09-16 10:55:00,5.375271797180176,-0.5,FREE,,,
sell,517981,287.67,32436.01812699788,0.0,5m SELL signal,2022-09-16 14:35:00,7.741272926330566,-0.5,FREE,38112.32129922287,286.495,517937.0
buy,522263,272.5,34241.72232878341,0.0,5m BUY signal,2022-10-19 04:00:00,4.045336723327637,2.3999999999999995,FREE,,,
sell,522311,270.33,34241.72232878341,0.0,5m SELL signal,2022-10-19 08:00:00,2.82102632522583,-0.5,FREE,-74304.53745346055,272.5,522263.0
buy,522371,268.4,34487.94633807757,0.0,5m BUY signal,2022-10-19 13:00:00,5.535190582275391,2.3999999999999995,FREE,,,
sell,522383,269.7099,34487.94633807757,0.0,5m SELL signal,2022-10-19 14:00:00,4.463540554046631,-0.5,FREE,45175.760908248754,268.4,522371.0
buy,522391,269.73,34485.37633206639,0.0,5m BUY signal,2022-10-19 14:40:00,2.631746530532837,2.3999999999999995,FREE,,,
sell,522406,270.59,34485.37633206639,0.0,5m SELL signal,2022-10-19 15:55:00,1.873550295829773,-0.5,FREE,29657.423645575607,269.73,522391.0
buy,522431,270.01,34559.453285781434,0.0,5m BUY signal,2022-10-19 18:00:00,3.494244337081909,2.3999999999999995,FREE,,,
sell,522436,270.2,34559.453285781434,0.0,5m SELL signal,2022-10-19 18:25:00,2.5232324600219727,-0.5,FREE,6566.296124298394,270.01,522431.0
buy,522441,269.29,34676.23854513031,0.0,5m BUY signal,2022-10-19 18:50:00,2.5505354404449463,2.3999999999999995,FREE,,,
sell,522486,270.05,34676.23854513031,0.0,ADAPTIVE_FORCE_SELL->first acceptable 5m signal,2022-10-20 06:40:00,5.249378204345703,-0.5,FORCE_SELL,26353.941294298722,269.29,522441.0
buy,522652,266.65,35118.38822093546,0.0,5m BUY signal,2022-10-21 04:30:00,2.516350030899048,-0.5,FREE,,,
sell,522742,272.75,35118.38822093546,0.0,5m SELL signal,2022-10-21 12:00:00,5.3340044021606445,-0.5,FREE,214222.16814770713,266.65,522652.0
buy,522949,276.79,34605.80363185139,0.0,5m BUY signal,2022-10-24 13:15:00,3.2921721935272217,-0.5,FREE,,,
sell,522958,277.015,34605.80363185139,0.0,5m SELL signal,2022-10-24 14:00:00,5.358438968658447,-0.5,FREE,7786.305817165383,276.79,522949.0
buy,522979,278.45,34427.461637914574,0.0,5m BUY signal,2022-10-24 15:45:00,2.6785874366760254,-0.5,FREE,,,
sell,523014,278.52,34427.461637914574,0.0,5m SELL signal,2022-10-24 18:40:00,4.375392436981201,-0.5,FREE,2409.922314653785,278.45,522979.0
buy,523042,278.2,34467.06188135142,0.0,5m BUY signal,2022-10-25 05:00:00,2.3532869815826416,-0.5,FREE,,,
sell,523055,278.2,34467.06188135142,0.0,5m SELL signal,2022-10-25 06:05:00,2.967181444168091,-0.5,FREE,0.0,278.2,523042.0
buy,523079,277.86,34509.23708123503,0.0,5m BUY signal,2022-10-25 08:05:00,2.225632667541504,-0.5,FREE,,,
sell,523089,278.5,34509.23708123503,0.0,5m SELL signal,2022-10-25 08:55:00,2.5503787994384766,-0.5,FREE,22085.911731989945,277.86,523079.0
buy,523414,277.87,34587.478054932006,0.0,5m BUY signal,2022-10-27 04:00:00,2.5654773712158203,2.2999999999999994,FREE,,,
sell,523672,273.95,34587.478054932006,0.0,5m SELL signal,2022-10-28 09:30:00,6.2813897132873535,2.1999999999999993,FREE,-135582.913975334,277.87,523414.0
buy,523564,268.92,35234.41771957691,0.0,5m BUY signal,2022-10-27 16:30:00,4.584879398345947,-0.5,FREE,,,
sell,523684,276.405,35234.41771957691,0.0,5m SELL signal,2022-10-28 10:30:00,4.422311782836914,2.1999999999999993,FREE,263729.6166310316,268.92,523564.0
buy,524382,264.76,36784.14122140677,0.0,5m BUY signal,2022-11-03 04:50:00,6.691232681274414,-0.5,FREE,,,
sell,524598,263.01,36784.14122140677,0.0,5m SELL signal,2022-11-04 06:50:00,5.177671909332275,-0.5,FREE,-64372.24713746185,264.76,524382.0
buy,524607,262.49,36857.01162955615,0.0,5m BUY signal,2022-11-04 07:35:00,5.913053035736084,-0.5,FREE,,,
sell,524626,264.82,36857.01162955615,0.0,5m SELL signal,2022-11-04 09:10:00,12.546150207519531,-0.5,FREE,85876.83709686525,262.49,524607.0
buy,524650,263.63,37023.38057026538,0.0,5m BUY signal,2022-11-04 11:10:00,4.379504203796387,-0.5,FREE,,,
sell,524689,261.04,37023.38057026538,0.0,5m SELL signal,2022-11-04 14:25:00,5.627742290496826,-0.5,FREE,-95890.5556769864,263.63,524650.0
buy,524824,264.158,36586.37354939875,0.0,ADAPTIVE_FORCE_BUY->first acceptable 5m signal,2022-11-07 09:50:00,5.674772262573242,-0.5,FORCE_BUY,,,
sell,525185,269.62,36586.37354939875,0.0,5m SELL signal,2022-11-09 08:00:00,3.977637767791748,-0.5,FREE,199834.77232681555,264.158,524824.0
buy,525189,268.2,36780.08216401526,0.0,5m BUY signal,2022-11-09 08:20:00,5.2983551025390625,-0.5,FREE,,,
sell,525224,267.06,36780.08216401526,0.0,5m SELL signal,2022-11-09 11:15:00,12.129926681518555,-0.5,FREE,-41929.29366697689,268.2,525189.0
buy,525245,266.04,36921.09736401261,0.0,5m BUY signal,2022-11-09 13:00:00,5.470471382141113,-0.5,FREE,,,
sell,525350,264.56,36921.09736401261,0.0,5m SELL signal,2022-11-10 05:55:00,3.969240665435791,-0.5,FREE,-54643.22409873934,266.04,525245.0
buy,525370,264.25,36964.41066650209,0.0,5m BUY signal,2022-11-10 07:35:00,4.025573253631592,-0.5,FREE,,,
sell,525386,274.76,36964.41066650209,0.0,5m SELL signal,2022-11-10 08:55:00,18.514291763305664,-0.5,FREE,388495.9561049366,264.25,525370.0
buy,525710,286.3,35474.47249293787,0.0,ADAPTIVE_FORCE_BUY->first acceptable 5m signal,2022-11-14 04:00:00,3.1619668006896973,-0.5,FORCE_BUY,,,
sell,525902,288.24,35474.47249293787,0.0,5m SELL signal,2022-11-15 04:00:00,10.67367935180664,-0.5,FREE,68820.47663629938,286.3,525710.0
buy,525937,288.34,35462.16949214266,0.0,5m BUY signal,2022-11-15 07:00:00,2.7378180027008057,-0.5,FREE,,,
sell,525945,289.54,35462.16949214266,0.0,5m SELL signal,2022-11-15 07:40:00,11.81662654876709,-0.5,FREE,42554.6033905728,288.34,525937.0
buy,526086,288.22,35624.58037178192,0.0,5m BUY signal,2022-11-15 19:25:00,3.0953404903411865,-0.5,FREE,,,
sell,526102,290.04,35624.58037178192,0.0,5m SELL signal,2022-11-16 04:45:00,8.292657852172852,-0.5,FREE,64836.736276642856,288.22,526086.0
buy,526116,289.5,35691.030366257786,0.0,5m BUY signal,2022-11-16 05:55:00,3.7187411785125732,2.3999999999999995,FREE,,,
sell,526135,289.31,35691.030366257786,0.0,5m SELL signal,2022-11-16 07:30:00,8.227783203125,-0.5,FREE,-6781.295769588898,289.5,526116.0
buy,526147,288.43,35799.92370856721,0.0,5m BUY signal,2022-11-16 08:30:00,3.5444374084472656,2.3999999999999995,FREE,,,
sell,526181,285.95,35799.92370856721,0.0,5m SELL signal,2022-11-16 11:20:00,7.367228984832764,-0.5,FREE,-88783.81079724732,288.43,526147.0
buy,526207,285.88,35808.68960565549,0.0,5m BUY signal,2022-11-16 13:30:00,3.867560863494873,2.3999999999999995,FREE,,,
sell,526479,285.71,35808.68960565549,0.0,5m SELL signal,2022-11-18 04:20:00,7.466464996337891,-0.5,FREE,-6087.477232962004,285.88,526207.0
buy,526574,282.56,36207.88755390653,0.0,5m BUY signal,2022-11-18 12:15:00,3.242298126220703,-0.5,FREE,,,
sell,526584,283.6,36207.88755390653,0.0,5m SELL signal,2022-11-18 13:05:00,8.017450332641602,-0.5,FREE,37656.20305606353,282.56,526574.0
buy,526593,282.91,36296.19635321442,0.0,5m BUY signal,2022-11-18 13:50:00,3.6176629066467285,-0.5,FREE,,,
sell,526606,283.83,36296.19635321442,0.0,5m SELL signal,2022-11-18 14:55:00,6.716818809509277,-0.5,FREE,33392.500644955784,282.91,526593.0
buy,526665,283.06,36394.93185519977,0.0,5m BUY signal,2022-11-21 04:00:00,3.4784340858459473,2.2999999999999994,FREE,,,
sell,526698,282.67,36394.93185519977,0.0,5m SELL signal,2022-11-21 06:45:00,8.473981857299805,-0.5,FREE,-14194.023423527415,283.06,526665.0
buy,526699,282.45,36423.27982832119,0.0,5m BUY signal,2022-11-21 06:50:00,4.6001081466674805,2.2999999999999994,FREE,,,
sell,526709,282.6,36423.27982832119,0.0,5m SELL signal,2022-11-21 07:40:00,9.101799964904785,-0.5,FREE,5463.49197424942,282.45,526699.0
buy,526741,282.33,36458.11241980509,0.0,5m BUY signal,2022-11-21 10:20:00,3.638124465942383,2.2999999999999994,FREE,,,
sell,526752,282.4,36458.11241980509,0.0,5m SELL signal,2022-11-21 11:15:00,6.16148567199707,-0.5,FREE,2552.0678693861078,282.33,526741.0
buy,526760,281.65,36555.19597852994,0.0,5m BUY signal,2022-11-21 11:55:00,3.3258509635925293,2.2999999999999994,FREE,,,
sell,526778,282.31,36555.19597852994,0.0,5m SELL signal,2022-11-21 13:25:00,5.204611778259277,-0.5,FREE,24126.429345830675,281.65,526760.0
buy,526787,282.27,36560.37615296981,0.0,5m BUY signal,2022-11-21 14:10:00,3.251185894012451,2.2999999999999994,FREE,,,
sell,526800,282.34,36560.37615296981,0.0,5m SELL signal,2022-11-21 15:15:00,5.613555431365967,-0.5,FREE,2559.2263307076373,282.27,526787.0
buy,526802,281.81,36629.13524370851,0.0,5m BUY signal,2022-11-21 15:25:00,3.568938970565796,2.2999999999999994,FREE,,,
sell,526848,282.42,36629.13524370851,0.0,5m SELL signal,2022-11-21 19:15:00,10.555620193481445,-0.5,FREE,22343.77249866269,281.81,526802.0
buy,526873,282.36,36636.91874036038,0.0,5m BUY signal,2022-11-22 05:20:00,2.532931327819824,2.1499999999999995,FREE,,,
sell,526894,282.141,36636.91874036038,0.0,5m SELL signal,2022-11-22 07:10:00,3.8911705017089844,2.2999999999999994,FREE,-8023.485204138707,282.36,526873.0
buy,526904,282.83,36547.667822805284,0.0,5m BUY signal,2022-11-22 08:00:00,3.627823829650879,2.1499999999999995,FREE,,,
sell,526905,282.78,36547.667822805284,0.0,5m SELL signal,2022-11-22 08:05:00,6.700629234313965,2.2999999999999994,FREE,-1827.3833911406798,282.83,526904.0
buy,526921,282.64,36565.770969901205,0.0,5m BUY signal,2022-11-22 09:25:00,2.548619031906128,2.1499999999999995,FREE,,,
sell,526930,282.545,36565.770969901205,0.0,5m SELL signal,2022-11-22 10:10:00,10.534158706665039,2.2999999999999994,FREE,-3473.7482421395334,282.64,526921.0
buy,526964,283.63,36425.892037833575,0.0,5m BUY signal,2022-11-22 13:00:00,2.631474733352661,2.1499999999999995,FREE,,,
sell,526965,284.15,36425.892037833575,0.0,5m SELL signal,2022-11-22 13:05:00,4.766324996948242,2.2999999999999994,FREE,18941.463859672796,283.63,526964.0
buy,527064,286.23,36161.18933218184,0.0,5m BUY signal,2022-11-23 05:25:00,2.369966983795166,2.1999999999999993,FREE,,,
sell,527081,286.61,36161.18933218184,0.0,5m SELL signal,2022-11-23 06:55:00,7.067770004272461,2.4499999999999993,FREE,13741.251946228937,286.23,527064.0
buy,527268,288.44,35931.7656167544,0.0,5m BUY signal,2022-11-25 06:45:00,2.885374069213867,2.1999999999999993,FREE,,,
sell,527277,288.35,35931.7656167544,0.0,5m SELL signal,2022-11-25 07:30:00,1.6833298206329346,-0.5,FREE,-3233.858905506997,288.44,527268.0
buy,527278,288.28,35940.49054943504,0.0,5m BUY signal,2022-11-25 07:35:00,2.814359426498413,2.1999999999999993,FREE,,,
sell,527402,284.2,35940.49054943504,0.0,5m SELL signal,2022-11-28 05:25:00,4.64586877822876,-0.5,FREE,-146637.2014416944,288.28,527278.0
buy,527415,284.47,35906.378226700304,0.0,5m BUY signal,2022-11-28 06:30:00,3.1983203887939453,-0.5,FREE,,,
sell,527423,285.01,35906.378226700304,0.0,5m SELL signal,2022-11-28 07:10:00,12.27649211883545,-0.5,FREE,19389.44424241686,284.47,527415.0
buy,527470,284.49,35972.009063207326,0.0,5m BUY signal,2022-11-28 11:05:00,3.1181704998016357,-0.5,FREE,,,
sell,527478,284.99,35972.009063207326,0.0,5m SELL signal,2022-11-28 11:45:00,8.619105339050293,-0.5,FREE,17986.004531603663,284.49,527470.0
buy,527483,284.27,36063.11908721799,0.0,5m BUY signal,2022-11-28 12:10:00,3.2052266597747803,-0.5,FREE,,,
sell,527514,282.765,36063.11908721799,0.0,5m SELL signal,2022-11-28 14:45:00,9.423640251159668,-0.5,FREE,-54274.994226262905,284.27,527483.0
buy,527519,282.14,36143.00655241084,0.0,5m BUY signal,2022-11-28 15:10:00,3.544154167175293,-0.5,FREE,,,
sell,527528,282.64,36143.00655241084,0.0,5m SELL signal,2022-11-28 15:55:00,3.7818491458892822,-0.5,FREE,18071.50327620542,282.14,527519.0
buy,527545,282.77,36126.390253468904,0.0,5m BUY signal,2022-11-28 17:20:00,2.520343780517578,-0.5,FREE,,,
sell,527557,282.91,36126.390253468904,0.0,5m SELL signal,2022-11-28 18:20:00,4.735122203826904,-0.5,FREE,5057.694635487207,282.77,527545.0
buy,527565,282.75,36146.83312682189,0.0,5m BUY signal,2022-11-28 19:00:00,2.4902846813201904,-0.5,FREE,,,
sell,527571,283.08,36146.83312682189,0.0,5m SELL signal,2022-11-28 19:30:00,3.633483648300171,-0.5,FREE,11928.454931850649,282.75,527565.0
buy,527632,283.15,36137.89695052354,0.0,5m BUY signal,2022-11-29 08:35:00,3.464662790298462,-0.5,FREE,,,
sell,527710,280.53,36137.89695052354,0.0,5m SELL signal,2022-11-29 15:05:00,2.2020466327667236,1.6499999999999995,FREE,-94681.29001037184,283.15,527632.0
buy,527752,280.09,36194.66682684269,0.0,5m BUY signal,2022-11-29 18:35:00,3.1067721843719482,-0.5,FREE,,,
sell,527769,281.8,36194.66682684269,0.0,ADAPTIVE_FORCE_SELL->first acceptable 5m signal,2022-11-30 04:00:00,3.1498682498931885,-0.5,FORCE_SELL,61892.880273902316,280.09,527752.0
buy,527960,292.7,34846.79573558001,0.0,5m BUY signal,2022-12-01 04:00:00,3.413931369781494,-0.5,FREE,,,
sell,527993,292.85,34846.79573558001,0.0,5m SELL signal,2022-12-01 06:50:00,1.8195911645889282,0.9999999999999996,FREE,5227.01936033819,292.7,527960.0
buy,528024,293.67,34749.49477701027,0.0,5m BUY signal,2022-12-01 09:25:00,2.559891939163208,-0.5,FREE,,,
sell,528029,295.08,34749.49477701027,0.0,5m SELL signal,2022-12-01 09:50:00,4.2486891746521,0.9999999999999996,FREE,48996.78763558338,293.67,528024.0
buy,528203,287.02,35725.318510209014,0.0,5m BUY signal,2022-12-02 08:30:00,4.609689235687256,1.7999999999999994,FREE,,,
sell,528284,293.23,35725.318510209014,0.0,5m SELL signal,2022-12-02 15:15:00,10.18440055847168,2.499999999999999,FREE,221854.22794839926,287.02,528203.0
buy,528288,292.129,35859.963053132655,0.0,5m BUY signal,2022-12-02 15:35:00,3.784998893737793,1.7999999999999994,FREE,,,
sell,528371,292.23,35859.963053132655,0.0,5m SELL signal,2022-12-05 06:45:00,0.5155519247055054,-0.5,FREE,3621.8562683663654,292.129,528288.0
buy,528378,291.51,35948.53350834262,0.0,5m BUY signal,2022-12-05 07:20:00,3.4171369075775146,2.349999999999999,FREE,,,
sell,528424,290.62,35948.53350834262,0.0,ADAPTIVE_FORCE_SELL->first acceptable 5m signal,2022-12-05 11:10:00,6.510240077972412,-0.5,FORCE_SELL,-31994.19482242444,291.51,528378.0
buy,528720,281.7,37086.83992969305,0.0,5m BUY signal,2022-12-07 04:00:00,4.603727340698242,2.499999999999999,FREE,,,
sell,528984,283.53,37086.83992969305,0.0,5m SELL signal,2022-12-08 10:05:00,16.475854873657227,-0.5,FREE,67868.9170713377,281.7,528720.0
buy,528998,282.605,37208.229597020116,0.0,5m BUY signal,2022-12-08 11:15:00,3.3983957767486572,-0.5,FREE,,,
sell,529004,283.9,37208.229597020116,0.0,5m SELL signal,2022-12-08 11:45:00,8.943646430969238,-0.5,FREE,48184.657328139525,282.605,528998.0
buy,529246,282.09,37446.972181197525,0.0,5m BUY signal,2022-12-09 15:55:00,4.7314863204956055,-0.5,FREE,,,
sell,529432,285.61,37446.972181197525,0.0,5m SELL signal,2022-12-12 15:55:00,8.800700187683105,2.2499999999999996,FREE,131813.34207781675,282.09,529246.0
buy,529479,285.55,37454.840569678956,0.0,5m BUY signal,2022-12-12 19:50:00,3.628199338912964,-0.5,FREE,,,
sell,529483,285.85,37454.840569678956,0.0,ADAPTIVE_FORCE_SELL->first acceptable 5m signal,2022-12-13 04:10:00,4.88005256652832,-0.5,FORCE_SELL,11236.452170904113,285.55,529479.0
buy,529919,281.93,37975.618688478455,0.0,5m BUY signal,2022-12-15 08:35:00,4.999329090118408,-0.5,FREE,,,
sell,529930,281.24,37975.618688478455,0.0,5m SELL signal,2022-12-15 09:30:00,2.091277599334717,-0.5,FREE,-26203.17689505005,281.93,529919.0
buy,529931,281.44,37948.6320350614,0.0,5m BUY signal,2022-12-15 09:35:00,5.743003845214844,-0.5,FREE,,,
sell,530082,274.64,37948.6320350614,0.0,5m SELL signal,2022-12-16 06:10:00,6.131042957305908,1.6999999999999993,FREE,-258050.69783841792,281.44,529931.0
buy,530313,272.41,38259.286744646895,0.0,5m BUY signal,2022-12-19 09:30:00,4.181159019470215,-0.5,FREE,,,
sell,530493,269.07,38259.286744646895,0.0,5m SELL signal,2022-12-20 08:35:00,5.405003547668457,-0.5,FREE,-127786.01772712184,272.41,530313.0
buy,530500,268.39,38356.22148508566,0.0,5m BUY signal,2022-12-20 09:10:00,8.106464385986328,-0.5,FREE,,,
sell,530511,269.4199,38356.22148508566,0.0,5m SELL signal,2022-12-20 10:05:00,5.03326416015625,-0.5,FREE,39503.07250748964,268.39,530500.0
buy,530524,269.2873,38375.10850637824,0.0,5m BUY signal,2022-12-20 11:10:00,7.803791522979736,-0.5,FREE,,,
sell,530531,269.0,38375.10850637824,0.0,5m SELL signal,2022-12-20 11:45:00,4.64577054977417,-0.5,FREE,-11025.168673883085,269.2873,530524.0
buy,530571,269.3647,38323.15143081386,0.0,5m BUY signal,2022-12-20 15:05:00,7.670258522033691,-0.5,FREE,,,
sell,530575,269.9435,38323.15143081386,0.0,5m SELL signal,2022-12-20 15:25:00,2.727487087249756,-0.5,FREE,22181.440048152923,269.3647,530571.0
buy,530696,269.855,38335.71965783068,0.0,5m BUY signal,2022-12-21 09:30:00,8.12138843536377,-0.5,FREE,,,
sell,530750,274.48,38335.71965783068,0.0,5m SELL signal,2022-12-21 14:00:00,2.778297185897827,0.7999999999999998,FREE,177302.7034174669,269.855,530696.0
buy,530760,273.4901,38474.47615720411,0.0,5m BUY signal,2022-12-21 14:50:00,5.910813331604004,-0.5,FREE,,,
sell,530776,273.93,38474.47615720411,0.0,5m SELL signal,2022-12-21 16:10:00,6.233034610748291,0.7999999999999998,FREE,16924.922061554968,273.4901,530760.0
buy,530783,273.95,38471.66728871298,0.0,5m BUY signal,2022-12-21 16:45:00,4.461913585662842,-0.5,FREE,,,
sell,530786,273.87,38471.66728871298,0.0,5m SELL signal,2022-12-21 17:00:00,4.439888000488281,0.7999999999999998,FREE,-3077.733383096426,273.95,530783.0
buy,530797,273.75,38488.531581223106,0.0,5m BUY signal,2022-12-21 18:05:00,4.362023830413818,-0.5,FREE,,,
sell,530819,274.24,38488.531581223106,0.0,5m SELL signal,2022-12-22 04:00:00,3.459397077560425,0.6499999999999997,FREE,18859.380474799673,273.75,530797.0
buy,530824,273.82,38547.56738307876,0.0,5m BUY signal,2022-12-22 04:25:00,4.595146179199219,-0.5,FREE,,,
sell,530939,263.32,38547.56738307876,0.0,5m SELL signal,2022-12-22 14:00:00,5.3406171798706055,0.6499999999999997,FREE,-404749.45752232696,273.82,530824.0
buy,531009,266.13,38140.553275888844,0.0,5m BUY signal,2022-12-22 19:50:00,6.332764148712158,-0.5,FREE,,,
sell,531030,267.6,38140.553275888844,0.0,5m SELL signal,2022-12-23 05:35:00,5.405236721038818,1.1999999999999997,FREE,56066.61331555764,266.13,531009.0
buy,531041,267.26,38189.07452154402,0.0,5m BUY signal,2022-12-23 06:30:00,6.234652042388916,-0.5,FREE,,,
sell,531051,267.6,38189.07452154402,0.0,5m SELL signal,2022-12-23 07:20:00,6.696322917938232,1.1999999999999997,FREE,12984.285337326182,267.26,531041.0
buy,531076,265.46,38496.934912850076,0.0,5m BUY signal,2022-12-23 09:25:00,6.328494071960449,-0.5,FREE,,,
sell,531090,268.0,38496.934912850076,0.0,5m SELL signal,2022-12-23 10:35:00,4.428948402404785,1.1999999999999997,FREE,97782.21467863998,265.46,531076.0
buy,531095,265.12,38915.12732590458,0.0,5m BUY signal,2022-12-23 11:00:00,7.086103439331055,-0.5,FREE,,,
sell,531100,265.94,38915.12732590458,0.0,5m SELL signal,2022-12-23 11:25:00,1.6002790927886963,1.1999999999999997,FREE,31910.404407241487,265.12,531095.0
buy,531122,266.7,38804.23307480714,0.0,5m BUY signal,2022-12-23 13:15:00,6.768373489379883,-0.5,FREE,,,
sell,531138,267.13,38804.23307480714,0.0,5m SELL signal,2022-12-23 14:35:00,3.660737991333008,1.1999999999999997,FREE,16685.820222167335,266.7,531122.0
buy,531148,266.82,38849.317072457954,0.0,5m BUY signal,2022-12-23 15:25:00,6.324943542480469,-0.5,FREE,,,
sell,531155,267.31,38849.317072457954,0.0,5m SELL signal,2022-12-23 16:00:00,3.5846705436706543,1.1999999999999997,FREE,19036.165365504752,266.82,531148.0
buy,531180,267.2,38865.310429037185,0.0,5m BUY signal,2022-12-23 18:10:00,6.259608745574951,-0.5,FREE,,,
sell,531155,267.31,38865.310429037185,0.0,5m SELL signal,2022-12-23 16:00:00,6.245484828948975,0.7999999999999998,FREE,4275.184147194621,267.2,531180.0
buy,531254,266.71,38952.743169682166,0.0,5m BUY signal,2022-12-27 08:40:00,7.206089019775391,-0.5,FREE,,,
sell,531262,267.28,38952.743169682166,0.0,5m SELL signal,2022-12-27 09:20:00,2.674281358718872,0.7999999999999998,FREE,22203.06360671857,266.71,531254.0
buy,531266,264.42,39374.06094241225,0.0,5m BUY signal,2022-12-27 09:40:00,8.626227378845215,-0.5,FREE,,,
sell,531279,265.64,39374.06094241225,0.0,5m SELL signal,2022-12-27 10:45:00,4.4553422927856445,0.7999999999999998,FREE,48036.354349741785,264.42,531266.0
buy,531283,264.91,39482.56218618545,0.0,5m BUY signal,2022-12-27 11:05:00,8.314125061035156,-0.5,FREE,,,
sell,531457,264.7571,39482.56218618545,0.0,ADAPTIVE_FORCE_SELL->first acceptable 5m signal,2022-12-28 09:35:00,8.66515827178955,-0.5,FORCE_SELL,-6036.883758269537,264.91,531283.0
buy,531613,261.82,39925.47805738339,0.0,5m BUY signal,2022-12-29 06:40:00,3.940768241882324,-0.5,FREE,,,
sell,531635,262.38,39925.47805738339,0.0,5m SELL signal,2022-12-29 08:30:00,3.2540149688720703,-0.5,FREE,22358.26771213479,261.82,531613.0
buy,531647,263.21,39799.57802779627,0.0,5m BUY signal,2022-12-29 09:30:00,4.063443183898926,-0.5,FREE,,,
sell,531648,263.86,39799.57802779627,0.0,5m SELL signal,2022-12-29 09:35:00,9.03911304473877,-0.5,FREE,25869.725718068934,263.21,531647.0
buy,531756,266.27,39439.35350739597,0.0,5m BUY signal,2022-12-29 18:35:00,6.768251419067383,-0.5,FREE,,,
sell,531848,264.2811,39439.35350739597,0.0,5m SELL signal,2022-12-30 10:15:00,5.007853984832764,-0.5,FREE,-78440.93019085989,266.27,531756.0
buy,531860,263.62,39538.2585851736,0.0,5m BUY signal,2022-12-30 11:15:00,3.680403709411621,-0.5,FREE,,,
sell,531907,264.55,39538.2585851736,0.0,5m SELL signal,2022-12-30 15:10:00,8.990696907043457,-0.5,FREE,36770.58048421172,263.62,531860.0
buy,531980,268.98,38887.07825380205,0.0,5m BUY signal,2023-01-03 05:20:00,4.38803243637085,-0.5,FREE,,,
sell,531987,269.23,38887.07825380205,0.0,5m SELL signal,2023-01-03 05:55:00,8.511039733886719,-0.5,FREE,9721.769563450513,268.98,531980.0
buy,531996,267.5,39138.572255219166,0.0,5m BUY signal,2023-01-03 06:40:00,4.247132778167725,-0.5,FREE,,,
sell,532022,268.7,39138.572255219166,0.0,5m SELL signal,2023-01-03 08:50:00,2.2584362030029297,-0.5,FREE,46966.28670626255,267.5,531996.0
buy,532036,265.46,39616.26747900772,0.0,5m BUY signal,2023-01-03 10:00:00,4.673952579498291,-0.5,FREE,,,
sell,532077,263.47,39616.26747900772,0.0,5m SELL signal,2023-01-03 13:25:00,3.411353588104248,-0.5,FREE,-78836.37228322348,265.46,532036.0
buy,532090,263.0,39687.06461100443,0.0,5m BUY signal,2023-01-03 14:30:00,4.488579750061035,-0.5,FREE,,,
sell,532099,264.79,39687.06461100443,0.0,5m SELL signal,2023-01-03 15:15:00,9.332880020141602,-0.5,FREE,71039.84565369875,263.0,532090.0
buy,532108,263.98,39808.840966542404,0.0,5m BUY signal,2023-01-03 16:00:00,4.580946445465088,-0.5,FREE,,,
sell,532147,264.85,39808.840966542404,0.0,5m SELL signal,2023-01-03 19:20:00,8.113639831542969,-0.5,FREE,34633.69164089207,263.98,532108.0
buy,532175,265.47,39715.86819598733,0.0,5m BUY signal,2023-01-04 05:40:00,3.781801223754883,-0.5,FREE,,,
sell,532181,266.34,39715.86819598733,0.0,5m SELL signal,2023-01-04 06:10:00,8.63587474822998,-0.5,FREE,34552.8053305069,265.47,532175.0
buy,532229,263.39,40160.690744976135,0.0,5m BUY signal,2023-01-04 10:10:00,4.308000564575195,-0.5,FREE,,,
sell,532259,267.16,40160.690744976135,0.0,5m SELL signal,2023-01-04 12:40:00,10.82957649230957,-0.5,FREE,151405.80410856157,263.39,532229.0
buy,532275,265.31,40440.73023793987,0.0,5m BUY signal,2023-01-04 14:00:00,4.401634693145752,-0.5,FREE,,,
sell,532373,266.69,40440.73023793987,0.0,5m SELL signal,2023-01-05 06:10:00,3.681281566619873,2.4499999999999993,FREE,55808.207728356836,265.31,532275.0
buy,532379,266.45,40477.156491485024,0.0,5m BUY signal,2023-01-05 06:40:00,2.925471782684326,-0.5,FREE,,,
sell,532515,261.95,40477.156491485024,0.0,5m SELL signal,2023-01-05 18:00:00,7.494584560394287,2.4499999999999993,FREE,-182147.2042116826,266.45,532379.0
buy,532947,269.97,39274.70142217469,0.0,5m BUY signal,2023-01-10 06:10:00,4.247652530670166,2.349999999999999,FREE,,,
sell,533064,272.92,39274.70142217469,0.0,5m SELL signal,2023-01-10 15:55:00,5.537928104400635,-0.5,FREE,115860.36919541488,269.97,532947.0
buy,533109,273.0,39263.19235216087,0.0,5m BUY signal,2023-01-11 04:00:00,2.634610891342163,2.0499999999999994,FREE,,,
sell,533122,273.8,39263.19235216087,0.0,5m SELL signal,2023-01-11 05:05:00,6.079425811767578,-0.5,FREE,31410.55388172914,273.0,533109.0
buy,533129,273.2,39349.42191076738,0.0,5m BUY signal,2023-01-11 05:40:00,2.0708823204040527,2.0499999999999994,FREE,,,
sell,533155,273.08,39349.42191076738,0.0,5m SELL signal,2023-01-11 07:50:00,4.418340682983398,-0.5,FREE,-4721.930629292265,273.2,533129.0
buy,533639,280.55,38301.693585429886,0.0,5m BUY signal,2023-01-13 16:10:00,1.8631585836410522,0.5999999999999996,FREE,,,
sell,533699,280.08,38301.693585429886,0.0,5m SELL signal,2023-01-17 05:30:00,9.383993148803711,-0.5,FREE,-18001.79598515309,280.55,533639.0
buy,533856,280.52,38241.61678100386,0.0,5m BUY signal,2023-01-17 18:40:00,4.055065155029297,0.5999999999999996,FREE,,,
sell,533872,281.6,38241.61678100386,0.0,5m SELL signal,2023-01-18 04:00:00,6.916922569274902,-0.5,FREE,41300.94612348574,280.52,533856.0
buy,533890,281.21,38294.65269915966,0.0,5m BUY signal,2023-01-18 05:30:00,5.287160396575928,0.5999999999999996,FREE,,,
sell,533895,281.75,38294.65269915966,0.0,5m SELL signal,2023-01-18 05:55:00,3.8378357887268066,-0.5,FREE,20679.112457547002,281.21,533890.0
buy,533902,281.72,38298.730647409604,0.0,5m BUY signal,2023-01-18 06:30:00,4.583829402923584,0.5999999999999996,FREE,,,
sell,533907,281.9,38298.730647409604,0.0,5m SELL signal,2023-01-18 06:55:00,4.56494665145874,-0.5,FREE,6893.771516531813,281.72,533902.0
buy,533951,282.205,38257.338351569844,0.0,5m BUY signal,2023-01-18 10:35:00,3.349574089050293,0.5999999999999996,FREE,,,
sell,533988,278.94,38257.338351569844,0.0,5m SELL signal,2023-01-18 13:40:00,7.047420501708984,-0.5,FREE,-124910.20971787503,282.205,533951.0
buy,534014,278.15,38365.996619762336,0.0,5m BUY signal,2023-01-18 15:50:00,3.5858404636383057,0.5999999999999996,FREE,,,
sell,534041,278.03,38365.996619762336,0.0,5m SELL signal,2023-01-18 18:05:00,6.63561487197876,-0.5,FREE,-4603.919594371655,278.15,534014.0
buy,534054,277.65,38418.5054572034,0.0,5m BUY signal,2023-01-18 19:10:00,3.471003770828247,0.5999999999999996,FREE,,,
sell,534129,276.24,38418.5054572034,0.0,5m SELL signal,2023-01-19 09:25:00,4.901695251464844,-0.5,FREE,-54170.09269465557,277.65,534054.0
buy,534145,274.92,38602.967945212666,0.0,5m BUY signal,2023-01-19 10:45:00,3.5931718349456787,2.2999999999999994,FREE,,,
sell,534324,277.47,38602.967945212666,0.0,5m SELL signal,2023-01-20 09:50:00,9.895149230957031,-0.5,FREE,98437.56826029274,274.92,534145.0
buy,534669,287.77,37221.27225130542,0.0,5m BUY signal,2023-01-24 07:00:00,3.076890468597412,-0.5,FREE,,,
sell,534701,288.14,37221.27225130542,0.0,5m SELL signal,2023-01-24 09:40:00,5.059657573699951,-0.5,FREE,13771.870732983174,287.77,534669.0
buy,534804,287.82,37262.65508474443,0.0,5m BUY signal,2023-01-24 18:15:00,4.078619480133057,-0.5,FREE,,,
sell,536797,308.85,37262.65508474443,0.0,5m SELL signal,2023-02-08 09:10:00,10.652621269226074,-0.5,FREE,783633.6364321765,287.82,534804.0
buy,536798,308.4,37317.026663175486,0.0,5m BUY signal,2023-02-08 09:15:00,6.370148181915283,-0.5,FREE,,,
sell,536835,305.52,37317.026663175486,0.0,5m SELL signal,2023-02-08 12:20:00,9.782415390014648,-0.5,FREE,-107473.03678994522,308.4,536798.0
buy,536864,304.32,37464.17582194195,0.0,5m BUY signal,2023-02-08 14:45:00,7.387537002563477,-0.5,FREE,,,
sell,536875,304.655,37464.17582194195,0.0,5m SELL signal,2023-02-08 15:40:00,0.5077954530715942,-0.5,FREE,12550.498900349787,304.32,536864.0
buy,536955,308.01,37056.09715604599,0.0,5m BUY signal,2023-02-09 06:20:00,5.051760673522949,-0.5,FREE,,,
sell,536985,308.53,37056.09715604599,0.0,5m SELL signal,2023-02-09 08:50:00,3.687142848968506,2.2999999999999994,FREE,19269.170521143238,308.01,536955.0
buy,536975,307.57,37171.7581544197,0.0,5m BUY signal,2023-02-09 08:00:00,4.919551372528076,-0.5,FREE,,,
sell,536987,308.58,37171.7581544197,0.0,5m SELL signal,2023-02-09 09:00:00,5.495214462280273,2.2999999999999994,FREE,37543.47573596356,307.57,536975.0
buy,537004,306.36,37441.11872075607,0.0,5m BUY signal,2023-02-09 10:25:00,4.25051212310791,-0.5,FREE,,,
sell,537025,305.86,37441.11872075607,0.0,5m SELL signal,2023-02-09 12:10:00,11.631586074829102,2.2999999999999994,FREE,-18720.559360378036,306.36,537004.0
buy,537031,304.06,37662.765809151,0.0,5m BUY signal,2023-02-09 12:40:00,6.488989353179932,-0.5,FREE,,,
sell,537950,305.32,37662.765809151,0.0,5m SELL signal,2023-02-16 09:55:00,8.930896759033203,-0.5,FREE,47455.08491952992,304.06,537031.0
buy,538012,306.58,37507.977222421505,0.0,5m BUY signal,2023-02-16 15:05:00,5.444869041442871,-0.5,FREE,,,
sell,538369,295.78,37507.977222421505,0.0,5m SELL signal,2023-02-21 12:50:00,5.173356533050537,-0.5,FREE,-405086.1540021527,306.58,538012.0
buy,538376,295.25,37575.307376283934,0.0,5m BUY signal,2023-02-21 13:25:00,5.2359395027160645,-0.5,FREE,,,
sell,538880,294.45,37575.307376283934,0.0,ADAPTIVE_FORCE_SELL->first acceptable 5m signal,2023-02-24 07:40:00,4.452465534210205,2.0999999999999996,FORCE_SELL,-30060.245901027574,295.25,538376.0
buy,541333,297.19,37228.87464903531,0.0,5m BUY signal,2023-03-15 05:00:00,4.3475446701049805,0.9999999999999996,FREE,,,
sell,541362,293.73,37228.87464903531,0.0,5m SELL signal,2023-03-15 07:25:00,5.36771297454834,2.0499999999999994,FREE,-128811.9062856614,297.19,541333.0
buy,541377,292.84,37342.02073030031,0.0,5m BUY signal,2023-03-15 08:40:00,5.3336334228515625,0.9999999999999996,FREE,,,
sell,541413,296.09,37342.02073030031,0.0,5m SELL signal,2023-03-15 11:40:00,15.084787368774414,2.0499999999999994,FREE,121361.56737347602,292.84,541377.0
buy,541419,294.8,37505.42373824497,0.0,5m BUY signal,2023-03-15 12:10:00,3.4106287956237793,0.9999999999999996,FREE,,,
sell,541434,296.32,37505.42373824497,0.0,5m SELL signal,2023-03-15 13:25:00,3.063478946685791,2.0499999999999994,FREE,57008.24408213168,294.8,541419.0
buy,541461,297.83,37315.271000627035,0.0,5m BUY signal,2023-03-15 15:40:00,3.3989765644073486,0.9999999999999996,FREE,,,
sell,541474,299.15,37315.271000627035,0.0,5m SELL signal,2023-03-15 16:45:00,8.246025085449219,2.0499999999999994,FREE,49256.15772082743,297.83,541461.0
buy,541896,303.82,36741.70008504239,0.0,5m BUY signal,2023-03-20 04:00:00,3.7915780544281006,1.4999999999999996,FREE,,,
sell,541921,305.56,36741.70008504239,0.0,5m SELL signal,2023-03-20 06:05:00,8.932348251342773,2.349999999999999,FREE,63930.55814797409,303.82,541896.0
buy,541933,304.87,36824.85609599354,0.0,5m BUY signal,2023-03-20 07:05:00,3.200598955154419,1.4999999999999996,FREE,,,
sell,541954,305.86,36824.85609599354,0.0,5m SELL signal,2023-03-20 08:50:00,15.140826225280762,2.349999999999999,FREE,36456.607535033945,304.87,541933.0
buy,541961,304.26,37018.50550687105,0.0,5m BUY signal,2023-03-20 09:25:00,2.414764881134033,1.4999999999999996,FREE,,,
sell,541969,303.07,37018.50550687105,0.0,5m SELL signal,2023-03-20 10:05:00,8.880090713500977,2.349999999999999,FREE,-44052.02155317646,304.26,541961.0
buy,541991,304.09,36894.33544005857,0.0,5m BUY signal,2023-03-20 11:55:00,2.762587785720825,1.4999999999999996,FREE,,,
sell,542002,304.535,36894.33544005857,0.0,5m SELL signal,2023-03-20 12:50:00,7.929973602294922,2.349999999999999,FREE,16417.97927082791,304.09,541991.0
buy,542030,305.04,36833.25610817675,0.0,5m BUY signal,2023-03-20 15:10:00,2.553739309310913,1.4999999999999996,FREE,,,
sell,542036,305.44,36833.25610817675,0.0,5m SELL signal,2023-03-20 15:40:00,11.15015983581543,2.349999999999999,FREE,14733.302443269862,305.04,542030.0
buy,542080,305.77,36793.50409026885,0.0,5m BUY signal,2023-03-20 19:30:00,2.4217607975006104,1.4999999999999996,FREE,,,
sell,542287,309.1,36793.50409026885,0.0,5m SELL signal,2023-03-22 04:45:00,6.678432941436768,2.3999999999999995,FREE,122522.36862059677,305.77,542080.0
buy,542596,308.16,36905.737650253446,0.0,5m BUY signal,2023-03-23 14:35:00,4.011510372161865,1.0499999999999996,FREE,,,
sell,542609,309.35,36905.737650253446,0.0,5m SELL signal,2023-03-23 15:40:00,13.365229606628418,2.3999999999999995,FREE,43917.82780380152,308.16,542596.0
buy,542671,309.79,36853.319804079874,0.0,ADAPTIVE_FORCE_BUY->first acceptable 5m signal,2023-03-24 04:50:00,4.82219934463501,1.0499999999999996,FORCE_BUY,,,
sell,542868,311.56,36853.319804079874,0.0,5m SELL signal,2023-03-27 05:45:00,5.300516128540039,-0.5,FREE,65230.37605322071,309.79,542671.0
buy,542912,311.475,36863.37689432258,0.0,5m BUY signal,2023-03-27 09:30:00,3.232651948928833,-0.5,FREE,,,
sell,542936,309.88,36863.37689432258,0.0,5m SELL signal,2023-03-27 11:30:00,7.732259273529053,-0.5,FREE,-58797.08614644552,311.475,542912.0
buy,542941,308.26,37057.105145048605,0.0,5m BUY signal,2023-03-27 11:55:00,3.9656291007995605,-0.5,FREE,,,
sell,542962,309.38,37057.105145048605,0.0,5m SELL signal,2023-03-27 13:40:00,7.356265544891357,-0.5,FREE,41503.95776245461,308.26,542941.0
buy,542984,309.52,37040.34372504245,0.0,5m BUY signal,2023-03-27 15:30:00,3.8969380855560303,-0.5,FREE,,,
sell,543031,309.2,37040.34372504245,0.0,5m SELL signal,2023-03-27 19:30:00,7.269804954528809,-0.5,FREE,-11852.90999201333,309.52,542984.0
buy,543044,307.8,37208.81832288214,0.0,ADAPTIVE_FORCE_BUY->first acceptable 5m signal,2023-03-28 04:40:00,4.1730732917785645,-0.5,FORCE_BUY,,,
sell,544318,315.84,37208.81832288214,0.0,5m SELL signal,2023-04-05 15:55:00,4.1396331787109375,2.2999999999999994,FREE,299158.89931597107,307.8,543044.0
buy,544325,315.58,37239.47391817953,0.0,5m BUY signal,2023-04-05 16:30:00,4.524261474609375,2.349999999999999,FREE,,,
sell,544749,318.22,37239.47391817953,0.0,5m SELL signal,2023-04-11 04:00:00,7.726051330566406,-0.5,FREE,98312.21114399556,315.58,544325.0
buy,544823,316.08,37491.60146242436,0.0,5m BUY signal,2023-04-11 10:10:00,3.518183469772339,-0.5,FREE,,,
sell,544847,316.29,37491.60146242436,0.0,5m SELL signal,2023-04-11 12:10:00,2.5287296772003174,-0.5,FREE,7873.23630711048,316.08,544823.0
buy,544852,315.715,37559.88352327321,0.0,5m BUY signal,2023-04-11 12:35:00,3.1602814197540283,-0.5,FREE,,,
sell,544862,316.45,37559.88352327321,0.0,5m SELL signal,2023-04-11 13:25:00,0.10268645733594894,-0.5,FREE,27606.51438960632,315.715,544852.0
buy,544888,316.21,37588.39107219825,0.0,5m BUY signal,2023-04-11 15:35:00,3.2122445106506348,-0.5,FREE,,,
sell,544898,316.05,37588.39107219825,0.0,5m SELL signal,2023-04-11 16:25:00,3.142848014831543,-0.5,FREE,-6014.142571550523,316.21,544888.0
buy,544912,315.76,37622.9129667097,0.0,5m BUY signal,2023-04-11 17:35:00,3.750439405441284,-0.5,FREE,,,
sell,544919,316.02,37622.9129667097,0.0,5m SELL signal,2023-04-11 18:10:00,0.33917033672332764,-0.5,FREE,9781.95737134418,315.76,544912.0
buy,544971,315.91,37636.01328143964,0.0,5m BUY signal,2023-04-12 06:40:00,3.3636269569396973,2.499999999999999,FREE,,,
sell,544984,316.12,37636.01328143964,0.0,5m SELL signal,2023-04-12 07:45:00,3.5813779830932617,-0.5,FREE,7903.562789101555,315.91,544971.0
buy,545130,313.86,37907.01751904894,0.0,5m BUY signal,2023-04-12 19:55:00,4.11877965927124,2.499999999999999,FREE,,,
sell,545131,314.07,37907.01751904894,0.0,5m SELL signal,2023-04-13 04:00:00,3.9745521545410156,1.0999999999999996,FREE,7960.473678999501,313.86,545130.0
buy,545157,313.72,37949.30827555686,0.0,5m BUY signal,2023-04-13 06:10:00,5.087071418762207,-0.5,FREE,,,
sell,545197,315.56,37949.30827555686,0.0,5m SELL signal,2023-04-13 09:30:00,3.678213357925415,1.0999999999999996,FREE,69826.72722702367,313.72,545157.0
buy,545333,318.42,37608.45336170694,0.0,5m BUY signal,2023-04-14 05:00:00,3.3479297161102295,-0.5,FREE,,,
sell,545388,319.31,37608.45336170694,0.0,5m SELL signal,2023-04-14 09:40:00,2.0988895893096924,1.7999999999999994,FREE,33471.52349191866,318.42,545333.0
buy,545397,317.67,37802.61039105563,0.0,5m BUY signal,2023-04-14 10:25:00,4.531130790710449,-0.5,FREE,,,
sell,545407,318.22,37802.61039105563,0.0,5m SELL signal,2023-04-14 11:15:00,3.200287103652954,1.7999999999999994,FREE,20791.435715081025,317.67,545397.0
buy,545415,317.33,37908.63353178623,0.0,5m BUY signal,2023-04-14 11:55:00,3.910680055618286,-0.5,FREE,,,
sell,545460,318.66,37908.63353178623,0.0,5m SELL signal,2023-04-14 15:40:00,2.540572166442871,1.7999999999999994,FREE,50418.48259727724,317.33,545415.0
buy,545524,318.5,37927.67711535008,0.0,ADAPTIVE_FORCE_BUY->first acceptable 5m signal,2023-04-17 05:15:00,2.8970248699188232,-0.5,FORCE_BUY,,,
sell,545707,320.15,37927.67711535008,0.0,5m SELL signal,2023-04-18 04:40:00,8.994440078735352,-0.5,FREE,62580.66724032677,318.5,545524.0
buy,545828,317.95,38190.11111331759,0.0,5m BUY signal,2023-04-18 14:45:00,3.0350470542907715,2.499999999999999,FREE,,,
sell,545833,318.58,38190.11111331759,0.0,5m SELL signal,2023-04-18 15:10:00,3.6166751384735107,-0.5,FREE,24059.770001389905,317.95,545828.0
buy,545890,317.69,38297.09968359318,0.0,ADAPTIVE_FORCE_BUY->first acceptable 5m signal,2023-04-19 04:00:00,3.3422999382019043,1.8999999999999995,FORCE_BUY,,,
sell,546147,316.55,38297.09968359318,0.0,5m SELL signal,2023-04-20 09:30:00,5.69501256942749,2.2999999999999994,FREE,-43658.6936392957,317.69,545890.0
buy,546307,315.04,38480.659296728736,0.0,ADAPTIVE_FORCE_BUY->first acceptable 5m signal,2023-04-21 06:50:00,2.9280126094818115,2.499999999999999,FORCE_BUY,,,
sell,546677,314.81,38480.659296728736,0.0,5m SELL signal,2023-04-25 06:00:00,7.374714374542236,0.7499999999999998,FREE,-8850.55163824831,315.04,546307.0
buy,546726,313.86,38597.13360480205,0.0,5m BUY signal,2023-04-25 10:05:00,4.717288494110107,2.499999999999999,FREE,,,
sell,546739,313.72,38597.13360480205,0.0,5m SELL signal,2023-04-25 11:10:00,8.396438598632812,0.7499999999999998,FREE,-5403.598704671761,313.86,546726.0
buy,546747,312.72,38720.55754188571,0.0,5m BUY signal,2023-04-25 11:50:00,3.479520797729492,2.499999999999999,FREE,,,
sell,546762,312.365,38720.55754188571,0.0,5m SELL signal,2023-04-25 13:05:00,9.153626441955566,0.7499999999999998,FREE,-13745.797927370131,312.72,546747.0
buy,546771,311.115,38876.129265934236,0.0,5m BUY signal,2023-04-25 13:50:00,4.559894561767578,2.499999999999999,FREE,,,
sell,546933,314.36,38876.129265934236,0.0,5m SELL signal,2023-04-26 11:20:00,12.818821907043457,0.5999999999999996,FREE,126153.03946795677,311.115,546771.0
buy,546947,313.86,38938.06154348782,0.0,5m BUY signal,2023-04-26 12:30:00,2.7723100185394287,2.1999999999999993,FREE,,,
sell,546991,313.36,38938.06154348782,0.0,5m SELL signal,2023-04-26 16:10:00,14.071885108947754,0.5999999999999996,FREE,-19469.03077174391,313.86,546947.0
buy,547021,313.45,38926.88136949224,0.0,5m BUY signal,2023-04-26 18:40:00,2.4879908561706543,2.1999999999999993,FREE,,,
sell,547629,322.64,38926.88136949224,0.0,5m SELL signal,2023-05-02 05:40:00,5.080089092254639,1.4999999999999996,FREE,357738.0397856336,313.45,547021.0
buy,547634,322.21,38978.830592014456,0.0,5m BUY signal,2023-05-02 06:05:00,1.366602897644043,1.2499999999999996,FREE,,,
sell,547645,322.38,38978.830592014456,0.0,5m SELL signal,2023-05-02 07:20:00,2.4037652015686035,1.4999999999999996,FREE,6626.401200643078,322.21,547634.0
buy,547673,321.69,39062.43714835283,0.0,5m BUY signal,2023-05-02 09:40:00,1.424748182296753,1.2499999999999996,FREE,,,
sell,547707,318.67,39062.43714835283,0.0,5m SELL signal,2023-05-02 12:30:00,6.343604564666748,1.4999999999999996,FREE,-117968.56018802484,321.69,547673.0
buy,547730,319.22,38995.134534382545,0.0,5m BUY signal,2023-05-02 14:25:00,2.2087788581848145,1.2499999999999996,FREE,,,
sell,547838,320.27,38995.134534382545,0.0,5m SELL signal,2023-05-03 07:25:00,3.7126286029815674,1.4999999999999996,FREE,40944.891261099896,319.22,547730.0
buy,547857,319.79,39053.66564722692,0.0,5m BUY signal,2023-05-03 09:00:00,1.9878921508789062,1.6999999999999993,FREE,,,
sell,547868,320.56,39053.66564722692,0.0,5m SELL signal,2023-05-03 09:55:00,3.203547239303589,1.4999999999999996,FREE,30071.322548364016,319.79,547857.0
buy,547874,319.65,39164.84611254516,0.0,5m BUY signal,2023-05-03 10:25:00,1.8854047060012817,1.6999999999999993,FREE,,,
sell,547903,320.22,39164.84611254516,0.0,5m SELL signal,2023-05-03 12:50:00,4.253329753875732,1.4999999999999996,FREE,22323.962284152698,319.65,547874.0
buy,547931,318.8,39339.29429786452,0.0,5m BUY signal,2023-05-03 15:10:00,2.083557605743408,1.6999999999999993,FREE,,,
sell,547972,316.75,39339.29429786452,0.0,5m SELL signal,2023-05-03 18:35:00,3.091209650039673,1.4999999999999996,FREE,-80645.55331062272,318.8,547931.0
buy,548056,315.99,39433.91078467226,0.0,5m BUY signal,2023-05-04 09:40:00,2.59443998336792,1.7499999999999996,FREE,,,
sell,548073,317.24,39433.91078467226,0.0,5m SELL signal,2023-05-04 11:05:00,3.65201735496521,2.3999999999999995,FREE,49292.38848084032,315.99,548056.0
buy,548082,316.13,39572.37167408797,0.0,5m BUY signal,2023-05-04 11:50:00,2.2631912231445312,1.7499999999999996,FREE,,,
sell,548095,317.25,39572.37167408797,0.0,5m SELL signal,2023-05-04 12:55:00,3.7213895320892334,2.3999999999999995,FREE,44321.056274978706,316.13,548082.0
buy,548109,317.47,39544.94885691375,0.0,5m BUY signal,2023-05-04 14:05:00,1.8061645030975342,1.7499999999999996,FREE,,,
sell,548121,316.93,39544.94885691375,0.0,5m SELL signal,2023-05-04 15:05:00,4.958463191986084,2.3999999999999995,FREE,-21354.27238273423,317.47,548109.0
buy,548132,315.96,39666.352200347115,0.0,5m BUY signal,2023-05-04 16:00:00,2.0103001594543457,1.7499999999999996,FREE,,,
sell,548174,317.3299,39666.352200347115,0.0,5m SELL signal,2023-05-04 19:30:00,4.5839128494262695,2.3999999999999995,FREE,54338.93587925669,315.96,548132.0
buy,548266,321.49,39153.06720924735,0.0,5m BUY signal,2023-05-05 11:10:00,1.5351054668426514,-0.5,FREE,,,
sell,548290,321.83,39153.06720924735,0.0,5m SELL signal,2023-05-05 13:10:00,5.420840263366699,1.8999999999999995,FREE,13312.042851143118,321.49,548266.0
buy,548430,321.82,39154.283823106314,0.0,ADAPTIVE_FORCE_BUY->first acceptable 5m signal,2023-05-08 09:40:00,1.9680203199386597,1.7999999999999994,FORCE_BUY,,,
sell,548579,322.39,39154.283823106314,0.0,5m SELL signal,2023-05-09 06:20:00,4.253195285797119,2.4499999999999993,FREE,22317.94177917033,321.82,548430.0
buy,548636,321.89,39215.10317726939,0.0,5m BUY signal,2023-05-09 11:10:00,1.8377912044525146,1.7999999999999994,FREE,,,
sell,548673,322.24,39215.10317726939,0.0,5m SELL signal,2023-05-09 14:15:00,4.728699684143066,2.4499999999999993,FREE,13725.286112045178,321.89,548636.0
buy,548816,323.37,39078.06799592816,0.0,ADAPTIVE_FORCE_BUY->first acceptable 5m signal,2023-05-10 10:40:00,2.5763843059539795,1.7499999999999996,FORCE_BUY,,,
sell,550466,337.53,39078.06799592816,0.0,5m SELL signal,2023-05-23 06:35:00,8.73359203338623,0.8999999999999997,FREE,553345.4428223416,323.37,548816.0
buy,550479,336.98,39141.84904346143,0.0,5m BUY signal,2023-05-23 07:40:00,3.0954225063323975,-0.5,FREE,,,
sell,550545,335.45,39141.84904346143,0.0,5m SELL signal,2023-05-23 13:10:00,7.820196628570557,0.8999999999999997,FREE,-59887.029036497144,336.98,550479.0
buy,550553,334.648,39235.65436407549,0.0,5m BUY signal,2023-05-23 13:50:00,4.173282146453857,-0.5,FREE,,,
sell,550738,331.23,39235.65436407549,0.0,5m SELL signal,2023-05-24 13:40:00,6.645435333251953,-0.5,FREE,-134107.46661641027,334.648,550553.0
buy,550747,330.58,39312.80112230845,0.0,5m BUY signal,2023-05-24 14:25:00,3.124211311340332,-0.5,FREE,,,
sell,550758,332.23,39312.80112230845,0.0,5m SELL signal,2023-05-24 15:20:00,14.499030113220215,-0.5,FREE,64866.121851810276,330.58,550747.0
buy,550764,331.69,39376.80339131278,0.0,5m BUY signal,2023-05-24 15:50:00,3.107736349105835,-0.5,FREE,,,
sell,550773,335.2,39376.80339131278,0.0,5m SELL signal,2023-05-24 16:35:00,5.767993927001953,-0.5,FREE,138212.5799035075,331.69,550764.0
buy,551300,350.23,37686.96141612096,0.0,5m BUY signal,2023-05-30 12:40:00,3.7926647663116455,2.499999999999999,FREE,,,
sell,551321,350.13,37686.96141612096,0.0,5m SELL signal,2023-05-30 14:25:00,1.5186656713485718,1.3999999999999995,FREE,-3768.696141612953,350.23,551300.0
buy,551330,350.36,37662.22114575417,0.0,5m BUY signal,2023-05-30 15:10:00,2.553219795227051,2.499999999999999,FREE,,,
sell,551370,350.05,37662.22114575417,0.0,5m SELL signal,2023-05-30 18:30:00,1.9415316581726074,1.3999999999999995,FREE,-11675.288555183879,350.36,551330.0
buy,551396,348.82,37795.02468915558,0.0,5m BUY signal,2023-05-31 04:40:00,3.5638880729675293,-0.5,FREE,,,
sell,551401,349.41,37795.02468915558,0.0,5m SELL signal,2023-05-31 05:05:00,10.563139915466309,1.5499999999999994,FREE,22299.064566602996,348.82,551396.0
buy,551413,349.14,37824.25266837903,0.0,5m BUY signal,2023-05-31 06:10:00,2.791973352432251,-0.5,FREE,,,
sell,551423,349.65,37824.25266837903,0.0,5m SELL signal,2023-05-31 07:00:00,1.698258638381958,1.5499999999999994,FREE,19290.36886087296,349.14,551413.0
buy,551428,349.25,37867.573215458055,0.0,5m BUY signal,2023-05-31 07:25:00,2.5240583419799805,-0.5,FREE,,,
sell,551453,348.95,37867.573215458055,0.0,5m SELL signal,2023-05-31 09:30:00,2.285036563873291,1.5499999999999994,FREE,-11360.271964637846,349.25,551428.0
buy,551461,348.26,37942.59941863576,0.0,5m BUY signal,2023-05-31 10:10:00,3.957329750061035,-0.5,FREE,,,
sell,551468,348.0,37942.59941863576,0.0,5m SELL signal,2023-05-31 10:45:00,9.921231269836426,1.5499999999999994,FREE,-9865.075848844952,348.26,551461.0
buy,551474,347.02,38049.75101632541,0.0,5m BUY signal,2023-05-31 11:15:00,3.822078227996826,-0.5,FREE,,,
sell,551500,348.14,38049.75101632541,0.0,5m SELL signal,2023-05-31 13:25:00,6.448911190032959,1.5499999999999994,FREE,42615.721138284636,347.02,551474.0
buy,551517,348.23,38039.91706292831,0.0,5m BUY signal,2023-05-31 14:50:00,4.048427581787109,-0.5,FREE,,,
sell,551527,348.695,38039.91706292831,0.0,5m SELL signal,2023-05-31 15:40:00,11.196403503417969,1.5499999999999994,FREE,17688.56143426071,348.23,551517.0
buy,551626,348.0,38115.88758694766,0.0,5m BUY signal,2023-06-01 08:00:00,4.263155937194824,-0.5,FREE,,,
sell,551642,348.19,38115.88758694766,0.0,5m SELL signal,2023-06-01 09:20:00,2.841524839401245,1.1999999999999997,FREE,7242.018641519969,348.0,551626.0
buy,551717,351.2,37789.21098775429,0.0,5m BUY signal,2023-06-01 15:35:00,3.334904909133911,-0.5,FREE,,,
sell,551987,353.96,37789.21098775429,0.0,5m SELL signal,2023-06-05 06:30:00,5.747150421142578,2.0499999999999994,FREE,104298.2223262015,351.2,551717.0
buy,552000,353.99,37786.00842177888,0.0,5m BUY signal,2023-06-05 07:35:00,2.6653270721435547,-0.5,FREE,,,
sell,552013,354.41,37786.00842177888,0.0,5m SELL signal,2023-06-05 08:40:00,2.1978514194488525,2.0499999999999994,FREE,15870.123537147732,353.99,552000.0
buy,552083,354.06,37823.36113868456,0.0,5m BUY signal,2023-06-05 14:30:00,3.436457872390747,-0.5,FREE,,,
sell,552344,354.2,37823.36113868456,0.0,5m SELL signal,2023-06-07 04:40:00,5.059419631958008,1.1999999999999997,FREE,5295.270559415322,354.06,552083.0
buy,552412,354.075,37836.714016301834,0.0,5m BUY signal,2023-06-07 10:25:00,3.9203426837921143,-0.5,FREE,,,
sell,552425,352.94,37836.714016301834,0.0,5m SELL signal,2023-06-07 11:30:00,6.1753716468811035,1.1999999999999997,FREE,-42944.670408502236,354.075,552412.0
buy,552430,351.21,38023.09115604217,0.0,5m BUY signal,2023-06-07 11:55:00,2.937195301055908,-0.5,FREE,,,
sell,552726,353.15,38023.09115604217,0.0,5m SELL signal,2023-06-09 04:50:00,3.5235018730163574,-0.5,FREE,73764.79684272171,351.21,552430.0
buy,552796,355.11,37813.22587861871,0.0,5m BUY signal,2023-06-09 10:45:00,2.849567413330078,2.2499999999999996,FREE,,,
sell,552801,356.595,37813.22587861871,0.0,5m SELL signal,2023-06-09 11:10:00,4.137275218963623,-0.5,FREE,56152.6404297493,355.11,552796.0
buy,552805,354.32,38056.01513373797,0.0,5m BUY signal,2023-06-09 11:30:00,3.8355414867401123,2.2499999999999996,FREE,,,
sell,552824,354.84,38056.01513373797,0.0,5m SELL signal,2023-06-09 13:05:00,1.9096919298171997,-0.5,FREE,19789.127869543052,354.32,552805.0
buy,552838,355.39,37997.11981219388,0.0,5m BUY signal,2023-06-09 14:15:00,3.0274319648742676,2.2499999999999996,FREE,,,
sell,552839,355.82,37997.11981219388,0.0,5m SELL signal,2023-06-09 14:20:00,0.7046404480934143,-0.5,FREE,16338.761519243628,355.39,552838.0
buy,552843,354.9205,38093.41858690841,0.0,5m BUY signal,2023-06-09 14:40:00,3.0033085346221924,2.2499999999999996,FREE,,,
sell,553527,363.71,38093.41858690841,0.0,5m SELL signal,2023-06-15 08:00:00,9.016000747680664,1.7999999999999994,FREE,334822.10266963055,354.9205,552843.0
buy,553582,368.42,37606.420048435095,0.0,5m BUY signal,2023-06-15 12:35:00,2.2845206260681152,0.6499999999999997,FREE,,,
sell,553595,369.12,37606.420048435095,0.0,5m SELL signal,2023-06-15 13:40:00,3.8250725269317627,1.7999999999999994,FREE,26324.49403390414,368.42,553582.0
buy,553796,369.3,37588.09035547891,0.0,5m BUY signal,2023-06-16 14:30:00,2.0915238857269287,-0.5,FREE,,,
sell,554115,365.57,37588.09035547891,0.0,5m SELL signal,2023-06-21 09:30:00,7.245390892028809,-0.5,FREE,-140203.57702593703,369.3,553796.0
buy,554130,362.17,37940.961955027815,0.0,5m BUY signal,2023-06-21 10:45:00,2.3659706115722656,-0.5,FREE,,,
sell,554141,362.31,37940.961955027815,0.0,5m SELL signal,2023-06-21 11:40:00,6.561397075653076,-0.5,FREE,5311.734673703377,362.17,554130.0
buy,554157,362.37,37934.679818765704,0.0,5m BUY signal,2023-06-21 13:00:00,3.3082892894744873,-0.5,FREE,,,
sell,554166,362.765,37934.679818765704,0.0,5m SELL signal,2023-06-21 13:45:00,6.199209213256836,-0.5,FREE,14984.198528411764,362.37,554157.0
buy,554187,362.54,37958.22288424598,0.0,5m BUY signal,2023-06-21 15:30:00,2.9451074600219727,-0.5,FREE,,,
sell,554229,361.87,37958.22288424598,0.0,5m SELL signal,2023-06-21 19:00:00,10.091789245605469,-0.5,FREE,-25432.00933244541,362.54,554187.0
buy,554243,361.02,38047.59325001965,0.0,ADAPTIVE_FORCE_BUY->first acceptable 5m signal,2023-06-22 04:10:00,3.0798659324645996,2.4499999999999993,FORCE_BUY,,,
sell,554640,361.91,38047.59325001965,0.0,5m SELL signal,2023-06-26 05:35:00,6.42321252822876,1.7999999999999994,FREE,33862.35799251913,361.02,554243.0
buy,554650,361.74,38065.47374665399,0.0,5m BUY signal,2023-06-26 06:25:00,2.538834810256958,-0.5,FREE,,,
sell,554665,362.04,38065.47374665399,0.0,5m SELL signal,2023-06-26 07:40:00,7.452739715576172,1.7999999999999994,FREE,11419.64212399663,361.74,554650.0
buy,554687,362.75,37990.969304586106,0.0,5m BUY signal,2023-06-26 09:30:00,2.890690803527832,-0.5,FREE,,,
sell,554692,364.49,37990.969304586106,0.0,5m SELL signal,2023-06-26 09:55:00,19.014495849609375,1.7999999999999994,FREE,66104.28658998017,362.75,554687.0
buy,554701,362.51,38198.47287475819,0.0,5m BUY signal,2023-06-26 10:40:00,2.635408639907837,-0.5,FREE,,,
sell,554734,359.35,38198.47287475819,0.0,5m SELL signal,2023-06-26 13:25:00,4.985816955566406,1.7999999999999994,FREE,-120707.17428423467,362.51,554701.0
buy,554762,358.45,38294.38199900783,0.0,5m BUY signal,2023-06-26 15:45:00,3.2263362407684326,-0.5,FREE,,,
sell,554812,358.9,38294.38199900783,0.0,5m SELL signal,2023-06-26 19:55:00,10.694581031799316,1.7999999999999994,FREE,17232.471899553086,358.45,554762.0
buy,554820,358.75,38310.393587300096,0.0,ADAPTIVE_FORCE_BUY->first acceptable 5m signal,2023-06-27 04:35:00,2.6040194034576416,2.1999999999999993,FORCE_BUY,,,
sell,556153,367.3,38310.393587300096,0.0,5m SELL signal,2023-07-07 08:25:00,6.171195030212402,1.9499999999999993,FREE,327553.86517141626,358.75,554820.0
buy,556160,366.92,38350.06967354008,0.0,5m BUY signal,2023-07-07 09:00:00,1.5164860486984253,1.4999999999999996,FREE,,,
sell,556169,367.86,38350.06967354008,0.0,5m SELL signal,2023-07-07 09:45:00,4.621029853820801,1.9499999999999993,FREE,36049.065493127586,366.92,556160.0
buy,556178,366.32,38511.29239492371,0.0,5m BUY signal,2023-07-07 10:30:00,3.0501999855041504,1.4999999999999996,FREE,,,
sell,556184,367.979,38511.29239492371,0.0,5m SELL signal,2023-07-07 11:00:00,3.9112415313720703,1.9499999999999993,FREE,63890.23408317812,366.32,556178.0
buy,556223,369.69,38333.05435416601,0.0,5m BUY signal,2023-07-07 14:15:00,1.9171887636184692,1.4999999999999996,FREE,,,
sell,557081,379.07,38333.05435416601,0.0,5m SELL signal,2023-07-14 06:40:00,4.4662275314331055,-0.5,FREE,359564.04984207696,369.69,556223.0
buy,557082,378.8,38360.377280976,0.0,5m BUY signal,2023-07-14 06:45:00,1.354800820350647,-0.5,FREE,,,
sell,557089,379.22,38360.377280976,0.0,5m SELL signal,2023-07-14 07:20:00,2.9750418663024902,-0.5,FREE,16111.358458010529,378.8,557082.0
buy,557104,379.43,38339.14627860665,0.0,5m BUY signal,2023-07-14 08:35:00,1.3696092367172241,-0.5,FREE,,,
sell,557114,379.59,38339.14627860665,0.0,5m SELL signal,2023-07-14 09:25:00,2.9797251224517822,-0.5,FREE,6134.263404575843,379.43,557104.0
buy,557158,379.91,38306.85303334025,0.0,5m BUY signal,2023-07-14 13:05:00,1.8618535995483398,-0.5,FREE,,,
sell,557428,382.58,38306.85303334025,0.0,5m SELL signal,2023-07-18 04:00:00,5.4841790199279785,-0.5,FREE,102279.2975990169,379.91,557158.0
buy,557461,382.04,38360.99841245763,0.0,5m BUY signal,2023-07-18 06:50:00,1.2539708614349365,1.1999999999999997,FREE,,,
sell,557466,382.25,38360.99841245763,0.0,5m SELL signal,2023-07-18 07:15:00,6.226833820343018,-0.5,FREE,8055.809666615317,382.04,557461.0
buy,557470,381.95,38391.12879476876,0.0,5m BUY signal,2023-07-18 07:35:00,1.4981704950332642,1.1999999999999997,FREE,,,
sell,557481,381.8,38391.12879476876,0.0,5m SELL signal,2023-07-18 08:30:00,5.457184791564941,-0.5,FREE,-5758.669319214441,381.95,557470.0
buy,557482,381.87,38384.09137623462,0.0,5m BUY signal,2023-07-18 08:35:00,1.7266442775726318,1.1999999999999997,FREE,,,
sell,557502,381.07,38384.09137623462,0.0,5m SELL signal,2023-07-18 10:15:00,9.07319450378418,-0.5,FREE,-30707.27310098813,381.87,557482.0
buy,557570,385.78,37915.4588126438,0.0,5m BUY signal,2023-07-18 15:55:00,2.0833077430725098,1.1999999999999997,FREE,,,
sell,557686,386.92,37915.4588126438,0.0,5m SELL signal,2023-07-19 09:35:00,2.001793622970581,1.7499999999999996,FREE,43223.623046415574,385.78,557570.0
buy,557694,386.2,37986.14532311792,0.0,5m BUY signal,2023-07-19 10:15:00,1.822615146636963,0.8499999999999996,FREE,,,
sell,557699,387.37,37986.14532311792,0.0,5m SELL signal,2023-07-19 10:40:00,2.8228671550750732,1.7499999999999996,FREE,44443.79002804857,386.2,557694.0
buy,557720,385.93,38127.88099866864,0.0,5m BUY signal,2023-07-19 12:25:00,1.2319914102554321,0.8499999999999996,FREE,,,
sell,557747,385.23,38127.88099866864,0.0,5m SELL signal,2023-07-19 14:40:00,9.23606014251709,1.7499999999999996,FREE,-26689.516699067615,385.93,557720.0
buy,557762,385.39,38112.05168042015,0.0,5m BUY signal,2023-07-19 15:55:00,1.4542264938354492,0.8499999999999996,FREE,,,
sell,557856,383.41,38112.05168042015,0.0,5m SELL signal,2023-07-20 07:50:00,3.3998913764953613,1.6999999999999993,FREE,-75461.86232723042,385.39,557762.0
buy,558202,376.54,38807.408867025784,0.0,ADAPTIVE_FORCE_BUY->first acceptable 5m signal,2023-07-24 04:55:00,1.6920963525772095,1.1999999999999997,FORCE_BUY,,,
sell,558574,378.74,38807.408867025784,0.0,5m SELL signal,2023-07-26 04:00:00,5.867215156555176,1.0499999999999996,FREE,85376.29950745628,376.54,558202.0
buy,558621,377.51,38933.850849771785,0.0,5m BUY signal,2023-07-26 08:05:00,2.6687233448028564,-0.5,FREE,,,
sell,558644,377.81,38933.850849771785,0.0,5m SELL signal,2023-07-26 10:00:00,2.290074348449707,1.0499999999999996,FREE,11680.155254931979,377.51,558621.0
buy,558652,377.31,38985.44483197444,0.0,5m BUY signal,2023-07-26 10:40:00,3.0344314575195312,-0.5,FREE,,,
sell,558694,376.86,38985.44483197444,0.0,5m SELL signal,2023-07-26 14:10:00,7.5710930824279785,1.0499999999999996,FREE,-17543.450174388054,377.31,558652.0
buy,558705,375.88,39087.08827119796,0.0,5m BUY signal,2023-07-26 15:05:00,2.2083585262298584,-0.5,FREE,,,
sell,558712,377.975,39087.08827119796,0.0,5m SELL signal,2023-07-26 15:40:00,6.625643730163574,1.0499999999999996,FREE,81887.44992816079,375.88,558705.0
buy,559064,383.12,38562.17944588131,0.0,5m BUY signal,2023-07-28 13:20:00,1.721523642539978,1.6999999999999993,FREE,,,
sell,559073,383.44,38562.17944588131,0.0,5m SELL signal,2023-07-28 14:05:00,8.477041244506836,2.3999999999999995,FREE,12339.897422681755,383.12,559064.0
buy,559280,382.45,38662.00048824351,0.0,ADAPTIVE_FORCE_BUY->first acceptable 5m signal,2023-07-31 15:45:00,2.1812379360198975,1.9999999999999996,FORCE_BUY,,,
sell,559531,378.49,38662.00048824351,0.0,ADAPTIVE_FORCE_SELL->first acceptable 5m signal,2023-08-02 04:55:00,7.717888355255127,1.3999999999999995,FORCE_SELL,-153101.5219334435,382.45,559280.0
buy,559712,372.08,39328.04924961107,0.0,5m BUY signal,2023-08-03 04:00:00,2.4841296672821045,2.1999999999999993,FREE,,,
sell,559806,374.79,39328.04924961107,0.0,5m SELL signal,2023-08-03 11:50:00,11.558228492736816,-0.5,FREE,106579.01346644742,372.08,559712.0
buy,559872,374.18,39392.16307194861,0.0,5m BUY signal,2023-08-03 17:20:00,2.2817745208740234,2.1999999999999993,FREE,,,
sell,559890,374.7,39392.16307194861,0.0,5m SELL signal,2023-08-03 18:50:00,4.781073093414307,-0.5,FREE,20483.92479741256,374.18,559872.0
buy,560181,372.02,39675.94081785696,0.0,ADAPTIVE_FORCE_BUY->first acceptable 5m signal,2023-08-07 11:20:00,3.04054856300354,1.9999999999999996,FORCE_BUY,,,
sell,560476,373.38,39675.94081785696,0.0,ADAPTIVE_FORCE_SELL->first acceptable 5m signal,2023-08-09 04:00:00,5.211726188659668,-0.5,FORCE_SELL,53959.279512286004,372.02,560181.0
buy,560914,366.8,40387.684794360495,0.0,ADAPTIVE_FORCE_BUY->first acceptable 5m signal,2023-08-11 08:35:00,1.872684359550476,1.8499999999999996,FORCE_BUY,,,
sell,561273,368.3,40387.684794360495,0.0,ADAPTIVE_FORCE_SELL->first acceptable 5m signal,2023-08-15 07:10:00,6.434595108032227,2.4499999999999993,FORCE_SELL,60581.52719154074,366.8,560914.0
buy,561815,357.95,41555.480680997265,0.0,ADAPTIVE_FORCE_BUY->first acceptable 5m signal,2023-08-18 04:25:00,2.5062508583068848,2.499999999999999,FORCE_BUY,,,
sell,562191,365.59,41555.480680997265,0.0,ADAPTIVE_FORCE_SELL->first acceptable 5m signal,2023-08-22 04:00:00,10.005121231079102,2.4499999999999993,FORCE_SELL,317483.8724028185,357.95,561815.0
buy,562416,364.32,41700.34086013886,0.0,5m BUY signal,2023-08-23 07:00:00,1.013380527496338,0.9999999999999996,FREE,,,
sell,562428,363.88,41700.34086013886,0.0,5m SELL signal,2023-08-23 08:00:00,11.059773445129395,-0.5,FREE,-18348.149978461002,364.32,562416.0
buy,562433,363.57,41735.89688969752,0.0,5m BUY signal,2023-08-23 08:25:00,1.6525224447250366,0.9999999999999996,FREE,,,
sell,562441,364.56,41735.89688969752,0.0,5m SELL signal,2023-08-23 09:05:00,6.865544319152832,-0.5,FREE,41318.537920800925,363.57,562433.0
buy,562473,368.63,41275.0958145244,0.0,5m BUY signal,2023-08-23 11:45:00,1.1464325189590454,0.9999999999999996,FREE,,,
sell,562486,368.92,41275.0958145244,0.0,5m SELL signal,2023-08-23 12:50:00,5.266945838928223,-0.5,FREE,11969.77778621292,368.63,562473.0
buy,562504,369.5,41210.306760201194,0.0,5m BUY signal,2023-08-23 14:20:00,1.4189091920852661,0.9999999999999996,FREE,,,
sell,562513,369.745,41210.306760201194,0.0,5m SELL signal,2023-08-23 15:05:00,5.372992515563965,-0.5,FREE,10096.52515624948,369.5,562504.0
buy,562542,372.7,40883.56553005257,0.0,5m BUY signal,2023-08-23 17:30:00,1.6268209218978882,0.9999999999999996,FREE,,,
sell,562557,372.05,40883.56553005257,0.0,5m SELL signal,2023-08-23 18:45:00,7.404036045074463,-0.5,FREE,-26574.31759453324,372.7,562542.0
buy,562842,361.28,42102.332139769875,0.0,5m BUY signal,2023-08-25 10:35:00,2.3120434284210205,2.0999999999999996,FREE,,,
sell,562852,361.191,42102.332139769875,0.0,5m SELL signal,2023-08-25 11:25:00,5.298339366912842,-0.5,FREE,-3747.1075604394614,361.28,562842.0
buy,563631,377.06,40330.40748924739,0.0,ADAPTIVE_FORCE_BUY->first acceptable 5m signal,2023-08-31 12:45:00,2.031196117401123,1.9499999999999993,FORCE_BUY,,,
sell,563718,378.39,40330.40748924739,0.0,5m SELL signal,2023-09-01 04:00:00,9.414894104003906,1.8999999999999995,FREE,53639.44196069839,377.06,563631.0
buy,563810,376.335,40550.63411549901,0.0,5m BUY signal,2023-09-01 11:45:00,1.60568106174469,0.8999999999999997,FREE,,,
sell,563854,377.48,40550.63411549901,0.0,5m SELL signal,2023-09-01 15:25:00,8.714984893798828,1.8999999999999995,FREE,46430.47606224793,376.335,563810.0
buy,563900,376.25,40683.19831473373,0.0,5m BUY signal,2023-09-05 04:00:00,1.3130481243133545,-0.5,FREE,,,
sell,563910,376.05,40683.19831473373,0.0,5m SELL signal,2023-09-05 04:50:00,14.134465217590332,2.0499999999999994,FREE,-8136.639662946283,376.25,563900.0
buy,563972,375.8901,40700.50455240939,0.0,5m BUY signal,2023-09-05 10:00:00,1.3959248065948486,-0.5,FREE,,,
sell,564023,378.93,40700.50455240939,0.0,5m SELL signal,2023-09-05 14:15:00,3.875434160232544,2.0499999999999994,FREE,123725.46378886884,375.8901,563972.0
buy,564037,378.45,40752.12627835775,0.0,5m BUY signal,2023-09-05 15:25:00,1.7298827171325684,-0.5,FREE,,,
sell,564072,377.7,40752.12627835775,0.0,5m SELL signal,2023-09-05 18:20:00,5.415589809417725,2.0499999999999994,FREE,-30564.09470876831,378.45,564037.0
buy,564280,373.19,41244.61559885238,0.0,ADAPTIVE_FORCE_BUY->first acceptable 5m signal,2023-09-07 04:00:00,1.8273098468780518,1.0499999999999996,FORCE_BUY,,,
sell,564469,373.12,41244.61559885238,0.0,ADAPTIVE_FORCE_SELL->first acceptable 5m signal,2023-09-08 04:00:00,4.10217809677124,-0.5,FORCE_SELL,-2887.1230919193854,373.19,564280.0
buy,564671,374.32,41112.393065408745,0.0,ADAPTIVE_FORCE_BUY->first acceptable 5m signal,2023-09-11 04:50:00,1.3424686193466187,0.8499999999999996,FORCE_BUY,,,
sell,564906,376.09,41112.393065408745,0.0,ADAPTIVE_FORCE_SELL->first acceptable 5m signal,2023-09-12 08:40:00,2.9754881858825684,2.349999999999999,FORCE_SELL,72768.93572577272,374.32,564671.0
buy,565049,372.59,41498.590697467924,0.0,5m BUY signal,2023-09-13 04:45:00,1.1491055488586426,1.0499999999999996,FREE,,,
sell,565057,372.77,41498.590697467924,0.0,5m SELL signal,2023-09-13 05:25:00,3.7410337924957275,1.3499999999999996,FREE,7469.746325544509,372.59,565049.0
buy,565061,372.6,41517.524568693276,0.0,5m BUY signal,2023-09-13 05:45:00,1.0919561386108398,1.0499999999999996,FREE,,,
sell,565074,372.37,41517.524568693276,0.0,5m SELL signal,2023-09-13 06:50:00,8.033029556274414,1.3499999999999996,FREE,-9549.030650800209,372.6,565061.0
buy,565093,372.75,41475.19952687945,0.0,5m BUY signal,2023-09-13 08:25:00,1.4538679122924805,1.0499999999999996,FREE,,,
sell,565106,373.46,41475.19952687945,0.0,5m SELL signal,2023-09-13 09:30:00,3.224264144897461,1.3499999999999996,FREE,29447.39166408356,372.75,565093.0
buy,565113,372.59,41572.04437936713,0.0,5m BUY signal,2023-09-13 10:05:00,2.2377264499664307,1.0499999999999996,FREE,,,
sell,565119,374.37,41572.04437936713,0.0,5m SELL signal,2023-09-13 10:35:00,3.6153690814971924,1.3499999999999996,FREE,73998.23899527472,372.59,565113.0
buy,565175,373.69,41647.692617687586,0.0,5m BUY signal,2023-09-13 15:15:00,2.293489933013916,1.0499999999999996,FREE,,,
sell,565183,374.23,41647.692617687586,0.0,5m SELL signal,2023-09-13 15:55:00,5.097321033477783,1.3499999999999996,FREE,22489.75401355215,373.69,565175.0
buy,565806,370.94,42017.08095195241,0.0,ADAPTIVE_FORCE_BUY->first acceptable 5m signal,2023-09-19 05:05:00,1.4244581460952759,1.3999999999999995,FORCE_BUY,,,
sell,566345,357.9,42017.08095195241,0.0,ADAPTIVE_FORCE_SELL->first acceptable 5m signal,2023-09-21 18:15:00,6.898606777191162,-0.5,FORCE_SELL,-547902.7356134603,370.94,565806.0
buy,566559,357.85,42022.951719166595,0.0,ADAPTIVE_FORCE_BUY->first acceptable 5m signal,2023-09-25 04:25:00,3.7703158855438232,2.499999999999999,FORCE_BUY,,,
sell,566764,358.02,42022.951719166595,0.0,ADAPTIVE_FORCE_SELL->first acceptable 5m signal,2023-09-26 05:30:00,10.839231491088867,0.9499999999999997,FORCE_SELL,7143.901792256601,357.85,566559.0
buy,568489,361.96,41565.524296872645,0.0,ADAPTIVE_FORCE_BUY->first acceptable 5m signal,2023-10-09 05:50:00,1.7505546808242798,1.3499999999999996,FORCE_BUY,,,
sell,569262,368.11,41565.524296872645,0.0,ADAPTIVE_FORCE_SELL->first acceptable 5m signal,2023-10-13 06:35:00,4.761651039123535,2.1499999999999995,FORCE_SELL,255627.9744257682,361.96,568489.0
buy,569433,365.45,41868.067174502095,0.0,ADAPTIVE_FORCE_BUY->first acceptable 5m signal,2023-10-16 05:10:00,1.196891188621521,1.0999999999999996,FORCE_BUY,,,
sell,569852,366.52,41868.067174502095,0.0,5m SELL signal,2023-10-18 08:20:00,5.498574733734131,2.2999999999999994,FREE,44798.831876716955,365.45,569433.0
buy,569905,364.845,42060.283081304406,0.0,5m BUY signal,2023-10-18 12:45:00,2.88116455078125,-0.5,FREE,,,
sell,570066,365.02,42060.283081304406,0.0,ADAPTIVE_FORCE_SELL->first acceptable 5m signal,2023-10-19 10:10:00,4.940061569213867,2.1999999999999993,FORCE_SELL,7360.549539226358,364.845,569905.0
buy,571519,347.47,44184.66207251772,0.0,5m BUY signal,2023-10-31 04:00:00,1.435639500617981,0.8999999999999997,FREE,,,
sell,571542,349.05,44184.66207251772,0.0,5m SELL signal,2023-10-31 05:55:00,4.975747108459473,1.6999999999999993,FREE,69811.76607457729,347.47,571519.0
buy,571586,347.48,44384.29922991916,0.0,5m BUY signal,2023-10-31 09:35:00,2.062005043029785,0.8999999999999997,FREE,,,
sell,571634,349.97,44384.29922991916,0.0,5m SELL signal,2023-10-31 13:35:00,11.544376373291016,1.6999999999999993,FREE,110516.90508249911,347.48,571586.0
buy,571643,350.09,44369.08566795627,0.0,5m BUY signal,2023-10-31 14:20:00,2.0798282623291016,0.8999999999999997,FREE,,,
sell,571648,350.585,44369.08566795627,0.0,5m SELL signal,2023-10-31 14:45:00,6.596927642822266,1.6999999999999993,FREE,21962.697405638555,350.09,571643.0
buy,571663,350.49,44381.11186881352,0.0,5m BUY signal,2023-10-31 16:00:00,1.9583892822265625,0.8999999999999997,FREE,,,
sell,571687,350.23,44381.11186881352,0.0,5m SELL signal,2023-10-31 18:00:00,3.6586713790893555,1.6999999999999993,FREE,-11539.089085891112,350.49,571663.0
buy,572035,363.29,42785.64455342718,0.0,ADAPTIVE_FORCE_BUY->first acceptable 5m signal,2023-11-02 15:00:00,1.9109903573989868,-0.5,FORCE_BUY,,,
sell,578132,408.17,42785.64455342718,0.0,ADAPTIVE_FORCE_SELL->first acceptable 5m signal,2023-12-20 05:00:00,7.080253601074219,1.8499999999999996,FORCE_SELL,1920219.7275578114,363.29,572035.0
buy,578374,407.06,42902.31547529203,0.0,ADAPTIVE_FORCE_BUY->first acceptable 5m signal,2023-12-21 09:25:00,2.147604465484619,1.9499999999999993,FORCE_BUY,,,
