date,equity,cash,pos,buy_th,sell_th,p_day,daily_action,daily_buy_level,daily_sell_level
2010-01-04,100000.0,100000.0,0,0.3,0.3,0.2287653647554242,FREE,0.2,0.3
2010-01-05,100000.0,100000.0,0,0.3,0.3,0.27462946768832847,FREE,0.2,0.3
2010-01-06,100000.0,100000.0,0,0.3,0.3,0.2905619673312147,FREE,0.2,0.3
2010-01-07,100000.0,100000.0,0,0.3,0.3,0.28343867155834207,FREE,0.2,0.3
2010-01-08,100000.0,100000.0,0,0.3,0.3,0.26242228162982034,FREE,0.2,0.3
2010-01-11,100000.0,100000.0,0,0.3,0.3,0.32246576792552034,FORCE_SELL,0.2,0.3
2010-01-12,100000.0,100000.0,0,0.3,0.3,0.3051980384683482,FORCE_SELL,0.2,0.3
2010-01-13,100000.0,100000.0,0,0.3,0.3,0.2632415336993941,FREE,0.2,0.3
2010-01-14,100000.0,100000.0,0,0.3,0.3,0.29984122427428367,FREE,0.2,0.3
2010-01-15,100000.0,100000.0,0,0.3,0.3,0.2664351834896795,FREE,0.2,0.3
2010-01-19,100000.0,100000.0,0,0.3,0.3,0.2582697477053713,FREE,0.2,0.3
2010-01-20,100000.0,100000.0,0,0.3,0.3,0.3000273388500984,FORCE_SELL,0.2,0.3
2010-01-21,100000.0,100000.0,0,0.3,0.3,0.3070617818872896,FORCE_SELL,0.2,0.3
2010-01-22,100000.0,100000.0,0,0.3,0.3,0.31499256043856483,FORCE_SELL,0.2,0.3
2010-01-25,100000.0,100000.0,0,0.3,0.3,0.3396215186478852,FORCE_SELL,0.2,0.3
2010-01-26,100000.0,100000.0,0,0.3,0.3,0.3305688678464801,FORCE_SELL,0.2,0.3
2010-01-27,100000.0,100000.0,0,0.3,0.3,0.2867218054237652,FREE,0.2,0.3
2010-01-28,100000.0,100000.0,0,0.3,0.3,0.329849468398109,FORCE_SELL,0.2,0.3
2010-01-29,100000.0,100000.0,0,0.3,0.3,0.36473697123769844,FORCE_SELL,0.2,0.3
2010-02-01,100000.0,100000.0,0,0.3,0.3,0.302379314587132,FORCE_SELL,0.2,0.3
2010-02-02,100000.0,100000.0,0,0.3,0.3,0.3155472415845188,FORCE_SELL,0.2,0.3
2010-02-03,100000.0,100000.0,0,0.3,0.3,0.3745348781059524,FORCE_SELL,0.2,0.3
2010-02-04,100000.0,100000.0,0,0.3,0.3,0.3981863905419552,FORCE_SELL,0.2,0.3
2010-02-05,100000.0,100000.0,0,0.3,0.3,0.31263655122685274,FORCE_SELL,0.2,0.3
2010-02-08,100000.0,100000.0,0,0.3,0.3,0.3841060079008036,FORCE_SELL,0.2,0.3
2010-02-09,100000.0,100000.0,0,0.3,0.3,0.35276647368202374,FORCE_SELL,0.2,0.3
2010-02-10,100000.0,100000.0,0,0.3,0.3,0.3433036203943145,FORCE_SELL,0.2,0.3
2010-02-11,100000.0,100000.0,0,0.3,0.3,0.3122359308408928,FORCE_SELL,0.2,0.3
2010-02-12,100000.0,100000.0,0,0.3,0.3,0.2947098653130053,FREE,0.2,0.3
2010-02-16,100000.0,100000.0,0,2.0999999999999996,2.4499999999999993,0.2992106169344384,FREE,0.2,0.3
2010-02-17,100000.0,100000.0,0,0.7499999999999998,2.499999999999999,0.3195870259010904,FORCE_SELL,0.2,0.3
2010-02-18,100181.81419999733,0.0,1,0.7499999999999998,-0.5,0.27845084629457006,FREE,0.2,0.3
2010-02-19,100227.9154736031,100227.9154736031,0,0.9499999999999997,-0.5,0.2686169837635909,FREE,0.2,0.3
2010-02-22,100589.52065254637,100589.52065254637,0,0.9499999999999997,-0.5,0.2651146201025914,FREE,0.2,0.3
2010-02-23,100589.52065254637,100589.52065254637,0,1.2499999999999996,1.1999999999999997,0.3057360622374983,FORCE_SELL,0.2,0.3
2010-02-24,101505.71994804274,0.0,1,1.1999999999999997,1.1999999999999997,0.24732230351474047,FREE,0.2,0.3
2010-02-25,100937.41302088155,100937.41302088155,0,1.4999999999999996,-0.5,0.2189191985712713,FREE,0.2,0.3
2010-02-26,101275.94495360205,101275.94495360205,0,1.4999999999999996,2.2499999999999996,0.2567883911170022,FREE,0.2,0.3
2010-03-01,101275.94495360205,101275.94495360205,0,1.4999999999999996,2.2499999999999996,0.25933926833038345,FREE,0.2,0.3
2010-03-02,101275.94495360205,101275.94495360205,0,1.4999999999999996,2.2499999999999996,0.30128858828351296,FORCE_SELL,0.2,0.3
2010-03-03,101275.94495360205,101275.94495360205,0,1.4999999999999996,2.2499999999999996,0.2647646476325205,FREE,0.2,0.3
2010-03-04,101275.94495360205,101275.94495360205,0,-0.5,-0.5,0.24561957549060154,FREE,0.2,0.3
2010-03-05,101732.38479034948,101732.38479034948,0,0.5499999999999998,-0.5,0.20503457936354288,FREE,0.2,0.3
2010-03-08,101696.7142486979,0.0,1,0.5499999999999998,-0.5,0.28291256335570664,FREE,0.2,0.3
2010-03-09,101270.5148678519,0.0,1,1.4499999999999995,0.7999999999999998,0.25616728591430254,FREE,0.2,0.3
2010-03-10,101774.92061299938,101774.92061299938,0,1.1499999999999997,1.1499999999999997,0.26913869766686244,FREE,0.2,0.3
2010-03-11,102181.50544264348,0.0,1,1.2499999999999996,1.2499999999999996,0.2104919680619083,FREE,0.2,0.3
2010-03-12,102119.61476702712,0.0,1,1.1499999999999997,1.1499999999999997,0.22463988909191127,FREE,0.2,0.3
2010-03-15,102270.20397239506,0.0,1,1.6499999999999995,-0.5,0.2199872426880698,FREE,0.2,0.3
2010-03-16,102358.68831568318,102358.68831568318,0,1.6499999999999995,0.7999999999999998,0.22422093322481726,FREE,0.2,0.3
2010-03-17,102358.68831568318,102358.68831568318,0,1.6499999999999995,0.7999999999999998,0.22323133365506598,FREE,0.2,0.3
2010-03-18,102358.68831568318,102358.68831568318,0,1.6499999999999995,0.7999999999999998,0.23237973697586278,FREE,0.2,0.3
2010-03-19,101787.9802404971,0.0,1,-0.5,-0.5,0.21736038352991627,FREE,0.2,0.3
2010-03-22,101570.22259074188,101570.22259074188,0,-0.5,1.3999999999999995,0.21754756637325912,FREE,0.2,0.3
2010-03-23,101735.60387698955,101735.60387698955,0,1.6999999999999993,1.6999999999999993,0.24846125543604555,FREE,0.2,0.3
2010-03-24,101735.60387698955,101735.60387698955,0,1.6999999999999993,1.6999999999999993,0.23642587416254346,FREE,0.2,0.3
2010-03-25,101735.60387698955,101735.60387698955,0,1.6999999999999993,1.6999999999999993,0.28326392496813074,FREE,0.2,0.3
2010-03-26,102214.87224643148,0.0,1,2.1499999999999995,1.4999999999999996,0.25585090927744397,FREE,0.2,0.3
2010-03-29,102406.57959420823,102406.57959420823,0,2.1499999999999995,1.4999999999999996,0.2526969904357186,FREE,0.2,0.3
2010-03-30,102406.57959420823,102406.57959420823,0,1.2499999999999996,-0.5,0.2525551625252073,FREE,0.2,0.3
2010-03-31,103126.60563652612,103126.60563652612,0,1.2499999999999996,-0.5,0.2725757371535394,FREE,0.27,0.31
2010-04-01,103310.15081791411,103310.15081791411,0,1.5499999999999994,1.5499999999999994,0.2737844998722379,FREE,0.27,0.31
2010-04-05,103310.15081791411,103310.15081791411,0,1.5499999999999994,1.5499999999999994,0.2586857010845503,FORCE_BUY,0.27,0.31
2010-04-06,103310.15081791411,103310.15081791411,0,1.3999999999999995,1.1499999999999997,0.25599457810618875,FORCE_BUY,0.27,0.31
2010-04-07,103117.84260574689,0.0,1,1.3999999999999995,-0.5,0.2751056491586061,FREE,0.27,0.31
2010-04-08,103737.19518378667,0.0,1,1.3999999999999995,-0.5,0.2292989883943329,FORCE_BUY,0.27,0.31
2010-04-09,104565.90637975535,0.0,1,1.2999999999999996,1.0999999999999996,0.2649086178566691,FORCE_BUY,0.27,0.31
2010-04-12,104356.54776182641,0.0,1,1.2999999999999996,1.0999999999999996,0.3040104805352899,FREE,0.27,0.31
2010-04-13,104696.75551596093,0.0,1,1.6499999999999995,1.0999999999999996,0.2471997291752979,FORCE_BUY,0.27,0.31
2010-04-14,105691.20895112336,0.0,1,1.6499999999999995,1.2499999999999996,0.24563720348904727,FORCE_BUY,0.27,0.31
2010-04-15,105560.3598149178,0.0,1,-0.5,1.2999999999999996,0.29127989767185225,FREE,0.27,0.31
2010-04-16,104278.03828010308,0.0,1,1.5499999999999994,-0.5,0.2232791637438131,FORCE_BUY,0.27,0.31
2010-04-19,104757.81844619021,0.0,1,1.7499999999999996,1.0499999999999996,0.2126850534291502,FORCE_BUY,0.27,0.31
2010-04-20,105673.7623996293,0.0,1,1.7499999999999996,1.9999999999999996,0.22929943362973568,FORCE_BUY,0.27,0.31
2010-04-21,104949.73051262507,0.0,1,1.7499999999999996,1.9999999999999996,0.2569798101502521,FORCE_BUY,0.27,0.31
2010-04-22,105176.53568204807,0.0,1,1.8499999999999996,2.0499999999999994,0.20961821100597808,FORCE_BUY,0.27,0.31
2010-04-23,105839.50463882303,105839.50463882303,0,1.8499999999999996,1.9999999999999996,0.27083923212318584,FREE,0.27,0.31
2010-04-26,105839.50463882303,105839.50463882303,0,1.8499999999999996,1.9999999999999996,0.3377344730268061,FORCE_SELL,0.275,0.31
2010-04-27,105404.46263502282,0.0,1,2.1499999999999995,-0.5,0.26177179166833753,FORCE_BUY,0.275,0.31
2010-04-28,106185.76256021504,0.0,1,1.9999999999999996,0.7999999999999998,0.24498141189652167,FORCE_BUY,0.275,0.31
2010-04-29,107251.17154911351,0.0,1,-0.5,1.4499999999999995,0.24384881703458458,FORCE_BUY,0.275,0.31
2010-04-30,106701.01265850005,0.0,1,2.0999999999999996,-0.5,0.28386906794461747,FREE,0.275,0.31
2010-05-03,107921.58105967392,0.0,1,2.0999999999999996,-0.5,0.24093242271977777,FORCE_BUY,0.275,0.31
2010-05-04,106218.30701059912,0.0,1,2.349999999999999,-0.5,0.30503987367931523,FREE,0.275,0.31
2010-05-05,105838.7945567969,0.0,1,2.2999999999999994,-0.5,0.2817624228630636,FREE,0.275,0.3
2010-05-06,101546.68942450982,0.0,1,2.2999999999999994,-0.5,0.19608464591144578,FORCE_BUY,0.275,0.3
2010-05-07,101013.56478702575,0.0,1,2.2999999999999994,-0.5,0.3251565498442754,FORCE_SELL,0.275,0.3
2010-05-10,104835.79735746245,0.0,1,2.2999999999999994,-0.5,0.263073272707303,FORCE_BUY,0.275,0.3
2010-05-11,105143.02172482616,105143.02172482616,0,1.3999999999999995,-0.5,0.2824992004152505,FREE,0.275,0.3
2010-05-12,105143.02172482616,105143.02172482616,0,0.2999999999999998,-0.5,0.2626018691650049,FORCE_BUY,0.275,0.3
2010-05-13,105143.02172482616,105143.02172482616,0,0.34999999999999987,-0.5,0.34055312736430965,FORCE_SELL,0.275,0.3
2010-05-14,105143.02172482616,105143.02172482616,0,2.0999999999999996,-0.5,0.3299287372972562,FORCE_SELL,0.275,0.3
2010-05-17,105143.02172482616,105143.02172482616,0,2.349999999999999,-0.5,0.2824980982053192,FREE,0.275,0.3
2010-05-18,105143.02172482616,105143.02172482616,0,2.3999999999999995,-0.5,0.3303742818761277,FORCE_SELL,0.275,0.3
2010-05-19,105143.02172482616,105143.02172482616,0,2.1499999999999995,-0.5,0.29475049753276444,FREE,0.275,0.3
2010-05-20,105143.02172482616,105143.02172482616,0,2.2999999999999994,-0.5,0.35281466663120353,FORCE_SELL,0.275,0.3
2010-05-21,107574.47255958246,0.0,1,2.1499999999999995,-0.5,0.24004416308294774,FORCE_BUY,0.275,0.3
2010-05-24,106432.57662099246,106432.57662099246,0,2.349999999999999,-0.5,0.3250569252739146,FORCE_SELL,0.275,0.3
2010-05-25,110057.27814594636,0.0,1,2.499999999999999,-0.5,0.22457750636755605,FORCE_BUY,0.275,0.3
2010-05-26,109602.40226988104,109602.40226988104,0,2.2999999999999994,-0.5,0.2958925853369594,FREE,0.275,0.3
2010-05-27,109602.40226988104,109602.40226988104,0,2.3999999999999995,-0.5,0.26138587346062403,FORCE_BUY,0.27,0.295
2010-05-28,109602.40226988104,109602.40226988104,0,0.8999999999999997,-0.5,0.30851595308736673,FORCE_SELL,0.27,0.295
2010-06-01,109602.40226988104,109602.40226988104,0,0.8999999999999997,-0.5,0.3109017823434042,FORCE_SELL,0.27,0.295
2010-06-02,112311.14880930207,0.0,1,2.499999999999999,2.349999999999999,0.23892336360182223,FORCE_BUY,0.27,0.295
2010-06-03,112718.47911598191,0.0,1,1.3499999999999996,2.4499999999999993,0.22319083182032376,FORCE_BUY,0.27,0.295
2010-06-04,109184.8887055342,0.0,1,1.6499999999999995,-0.5,0.2149811800763255,FORCE_BUY,0.27,0.295
2010-06-07,107637.03354015078,0.0,1,-0.5,-0.5,0.22073283795331647,FORCE_BUY,0.27,0.295
2010-06-08,108329.49506150652,0.0,1,-0.5,-0.5,0.22774178253771585,FORCE_BUY,0.27,0.295
2010-06-09,107942.53127016066,0.0,1,-0.5,-0.5,0.2256498527633802,FORCE_BUY,0.27,0.295
2010-06-10,110987.32531259254,0.0,1,-0.5,-0.5,0.2307590445429245,FORCE_BUY,0.27,0.295
2010-06-11,111516.85471127636,0.0,1,2.1999999999999993,-0.5,0.22809354143676078,FORCE_BUY,0.27,0.295
2010-06-14,111557.58774194434,0.0,1,1.4499999999999995,-0.5,0.22314201572703882,FORCE_BUY,0.27,0.295
2010-06-15,113716.43836734755,0.0,1,1.4499999999999995,-0.5,0.23301510471636325,FORCE_BUY,0.27,0.295
2010-06-16,113675.70533667956,0.0,1,1.4499999999999995,-0.5,0.2260816679815962,FORCE_BUY,0.27,0.295
2010-06-17,114113.58541636041,0.0,1,0.5499999999999998,-0.5,0.23539693449653876,FORCE_BUY,0.27,0.295
2010-06-18,113746.98814034855,0.0,1,0.5499999999999998,-0.5,0.23632392500796348,FORCE_BUY,0.27,0.295
2010-06-21,113645.15556367858,0.0,1,1.5999999999999996,-0.5,0.2388195299171334,FORCE_BUY,0.27,0.295
2010-06-22,111649.2370609473,0.0,1,2.2999999999999994,-0.5,0.2367848847146091,FORCE_BUY,0.27,0.295
2010-06-23,111058.60811626153,0.0,1,2.2999999999999994,-0.5,0.24675408019244705,FORCE_BUY,0.27,0.295
2010-06-24,109734.78461955201,0.0,1,-0.5,0.04999999999999982,0.2402784012917271,FORCE_BUY,0.27,0.295
2010-06-25,109694.05158888402,0.0,1,-0.5,-0.5,0.24978314170792282,FORCE_BUY,0.27,0.295
2010-06-28,109653.31855821604,0.0,1,-0.5,2.0499999999999994,0.24802374330210397,FORCE_BUY,0.27,0.295
2010-06-29,105987.34579809736,0.0,1,-0.5,-0.5,0.23624156682548722,FORCE_BUY,0.27,0.295
2010-06-30,105019.93631973272,0.0,1,-0.5,-0.5,0.2347569440397177,FORCE_BUY,0.265,0.29
2010-07-01,104816.2711663928,0.0,1,-0.5,1.7999999999999994,0.24210495265089457,FORCE_BUY,0.265,0.29
2010-07-02,103767.39562669219,0.0,1,-0.5,1.5499999999999994,0.24963132163916368,FORCE_BUY,0.265,0.29
2010-07-06,104836.63768172679,0.0,1,2.4499999999999993,-0.5,0.2495323977602494,FORCE_BUY,0.265,0.29
2010-07-07,108268.39551550453,0.0,1,2.1499999999999995,-0.5,0.24307892724698166,FORCE_BUY,0.265,0.29
2010-07-08,109011.77332519526,0.0,1,1.5499999999999994,-0.5,0.24857156185904475,FORCE_BUY,0.265,0.29
2010-07-09,109673.68507355003,0.0,1,-0.5,-0.5,0.20841684707060307,FORCE_BUY,0.265,0.29
2010-07-12,110478.16242924273,0.0,1,1.5499999999999994,-0.5,0.20965249582339837,FORCE_BUY,0.265,0.29
2010-07-13,112341.69858230304,0.0,1,1.5499999999999994,-0.5,0.20936031123294574,FORCE_BUY,0.265,0.29
2010-07-14,111649.2370609473,0.0,1,1.5499999999999994,-0.5,0.21851998882386356,FORCE_BUY,0.265,0.29
2010-07-15,111924.1850179562,0.0,1,1.9499999999999993,-0.5,0.22035592864433282,FORCE_BUY,0.265,0.29
2010-07-16,108573.89324551444,0.0,1,2.4499999999999993,-0.5,0.22622329923777795,FORCE_BUY,0.265,0.29
2010-07-19,108604.44301851542,0.0,1,-0.5,0.8499999999999996,0.23797166509708909,FORCE_BUY,0.25,0.275
2010-07-20,110620.72803658068,0.0,1,-0.5,1.9999999999999996,0.24149449724955618,FORCE_BUY,0.25,0.275
2010-07-21,108981.22355219428,0.0,1,2.2999999999999994,2.4499999999999993,0.24943846206960418,FORCE_BUY,0.25,0.275
2010-07-22,111618.68728794632,0.0,1,2.499999999999999,2.499999999999999,0.24314679587118007,FORCE_BUY,0.245,0.275
2010-07-23,112820.31169265189,0.0,1,-0.5,2.4499999999999993,0.24395431405592002,FORCE_BUY,0.245,0.275
2010-07-26,113400.75737967067,0.0,1,-0.5,2.4499999999999993,0.20867390185627807,FORCE_BUY,0.245,0.275
2010-07-27,113594.2392753436,0.0,1,1.1499999999999997,-0.5,0.2088022421933895,FORCE_BUY,0.245,0.275
2010-07-28,112861.04472331986,0.0,1,1.4999999999999996,-0.5,0.21870767770503607,FORCE_BUY,0.245,0.275
2010-07-29,112219.4994902991,0.0,1,1.4999999999999996,-0.5,0.22491702969742441,FORCE_BUY,0.245,0.275
2010-07-30,112453.71441664002,0.0,1,2.0499999999999994,-0.5,0.2245471809540285,FORCE_BUY,0.245,0.275
2010-08-02,114785.68042238217,0.0,1,2.0499999999999994,-0.5,0.210609650286951,FORCE_BUY,0.245,0.275
2010-08-03,114439.44966170429,0.0,1,1.4499999999999995,-0.5,0.21832719413695767,FORCE_BUY,0.245,0.275
2010-08-04,115060.62837939106,0.0,1,-0.5,-0.5,0.20867021078820733,FORCE_BUY,0.245,0.275
2010-08-05,114938.42928738712,0.0,1,1.1999999999999997,-0.5,0.21803784772175058,FORCE_BUY,0.245,0.275
2010-08-06,114561.64875370824,0.0,1,1.8499999999999996,-0.5,0.2210696320554337,FORCE_BUY,0.245,0.275
2010-08-09,115070.81163705805,0.0,1,1.8499999999999996,-0.5,0.2089728839329699,FORCE_BUY,0.245,0.275
2010-08-10,114286.70079669936,0.0,1,0.8999999999999997,1.9499999999999993,0.2237354460732719,FORCE_BUY,0.245,0.265
2010-08-11,110427.24614090775,0.0,1,1.3999999999999995,1.8999999999999995,0.22820078729812784,FORCE_BUY,0.245,0.265
2010-08-12,110834.69458500276,0.0,1,1.7499999999999996,1.9499999999999993,0.24842565930388694,FREE,0.245,0.265
2010-08-13,110294.28623054046,0.0,1,-0.5,1.2499999999999996,0.22852991814555504,FORCE_BUY,0.245,0.265
2010-08-16,110233.10792626171,0.0,1,-0.5,-0.5,0.2742734307975622,FORCE_SELL,0.245,0.265
2010-08-17,110885.67650523505,110885.67650523505,0,-0.5,-0.5,0.2692016129537172,FORCE_SELL,0.245,0.265
2010-08-18,110885.67650523505,110885.67650523505,0,-0.5,-0.5,0.2601039021366874,FREE,0.245,0.27
2010-08-19,110763.56326116865,110763.56326116865,0,-0.5,-0.5,0.2567693934133652,FREE,0.245,0.27
2010-08-20,110774.19257780965,110774.19257780965,0,-0.5,2.4499999999999993,0.26549056550120764,FREE,0.245,0.27
2010-08-23,110057.65794295854,0.0,1,-0.5,-0.5,0.2531678299659788,FREE,0.245,0.27
2010-08-24,108768.1669397707,108768.1669397707,0,-0.5,0.8999999999999997,0.26204692322823725,FREE,0.245,0.27
2010-08-25,108768.1669397707,108768.1669397707,0,-0.5,1.0499999999999996,0.2913185333160951,FORCE_SELL,0.245,0.27
2010-08-26,108129.5659596319,0.0,1,-0.5,-0.5,0.2587025596059553,FREE,0.245,0.27
2010-08-27,108510.66654455343,108510.66654455343,0,-0.5,1.1499999999999997,0.3055384501286112,FORCE_SELL,0.245,0.27
2010-08-30,106985.9264994309,0.0,1,2.1499999999999995,-0.5,0.24195393070720403,FORCE_BUY,0.245,0.27
2010-08-31,107412.85371206522,107412.85371206522,0,1.6999999999999993,1.1999999999999997,0.2654879973204229,FREE,0.245,0.27
2010-09-01,107412.85371206522,107412.85371206522,0,1.8999999999999995,2.2499999999999996,0.27916001746099156,FORCE_SELL,0.245,0.27
2010-09-02,107412.85371206522,107412.85371206522,0,1.8999999999999995,2.2499999999999996,0.2326823510314452,FORCE_BUY,0.245,0.28
2010-09-03,107412.85371206522,107412.85371206522,0,0.9499999999999997,-0.5,0.23603203511501472,FORCE_BUY,0.245,0.28
2010-09-07,107383.47918507011,0.0,1,0.9499999999999997,-0.5,0.2106729559748752,FORCE_BUY,0.245,0.28
2010-09-08,108352.83857590826,0.0,1,0.9499999999999997,-0.5,0.2244274553172665,FORCE_BUY,0.245,0.28
2010-09-09,108480.12819288702,0.0,1,0.9499999999999997,-0.5,0.2173049108410561,FORCE_BUY,0.245,0.295
2010-09-10,109273.24042175457,0.0,1,1.2999999999999996,-0.5,0.22929549031253912,FORCE_BUY,0.245,0.295
2010-09-13,110409.05546556493,0.0,1,-0.5,2.499999999999999,0.22070743172366322,FORCE_BUY,0.245,0.31
2010-09-14,110046.76963262542,0.0,1,1.2999999999999996,2.2499999999999996,0.21338274041048266,FORCE_BUY,0.245,0.31
2010-09-15,110712.59224451425,0.0,1,1.2999999999999996,2.0999999999999996,0.22373181581584203,FORCE_BUY,0.245,0.31
2010-09-16,111192.37618543414,0.0,1,-0.5,2.0999999999999996,0.22724049760619813,FORCE_BUY,0.245,0.31
2010-09-17,109939.06303364341,0.0,1,1.6999999999999993,-0.5,0.24448076586004533,FORCE_BUY,0.245,0.31
2010-09-20,110546.13659154205,110546.13659154205,0,1.0499999999999996,1.4499999999999995,0.2569358948572133,FREE,0.245,0.31
2010-09-21,110546.13659154205,110546.13659154205,0,1.0499999999999996,1.4499999999999995,0.24401159541638603,FORCE_BUY,0.245,0.31
2010-09-22,110526.68109407787,0.0,1,1.0999999999999996,-0.5,0.24464466416205868,FORCE_BUY,0.245,0.31
2010-09-23,109271.80150763744,0.0,1,1.4999999999999996,-0.5,0.24421484887675346,FORCE_BUY,0.245,0.31
2010-09-24,110949.83816392405,110949.83816392405,0,1.4999999999999996,1.8499999999999996,0.2573605994394491,FREE,0.245,0.31
2010-09-27,110949.83816392405,110949.83816392405,0,1.4999999999999996,1.7499999999999996,0.230289516008262,FORCE_BUY,0.28,0.31
2010-09-28,110949.83816392405,110949.83816392405,0,1.5999999999999996,1.5999999999999996,0.24881057816464403,FORCE_BUY,0.28,0.31
2010-09-29,110949.83816392405,110949.83816392405,0,1.6499999999999995,1.4999999999999996,0.23926525556862385,FORCE_BUY,0.28,0.31
2010-09-30,110949.83816392405,110949.83816392405,0,1.6999999999999993,1.7499999999999996,0.24775139992971096,FORCE_BUY,0.28,0.31
2010-10-01,110949.83816392405,110949.83816392405,0,1.4499999999999995,2.1499999999999995,0.24625605389932326,FORCE_BUY,0.28,0.31
2010-10-04,110784.50267577654,0.0,1,1.7999999999999994,1.9999999999999996,0.23628953383704787,FORCE_BUY,0.28,0.31
2010-10-05,112963.04087254364,0.0,1,1.8499999999999996,1.8999999999999995,0.2489972975468205,FORCE_BUY,0.31,0.33
2010-10-06,112797.70538439615,0.0,1,-0.5,-0.5,0.23611388484604232,FORCE_BUY,0.31,0.33
2010-10-07,112992.21772339322,0.0,1,1.0499999999999996,1.3499999999999996,0.24061482271889414,FORCE_BUY,0.31,0.33
2010-10-08,113332.61431663806,0.0,1,-0.5,1.1999999999999997,0.25019816840914527,FORCE_BUY,0.31,0.33
2010-10-11,113507.67542173542,0.0,1,-0.5,1.1999999999999997,0.2479524985991081,FORCE_BUY,0.31,0.33
2010-10-12,113838.34639803042,0.0,1,1.0999999999999996,1.3499999999999996,0.2507041892726984,FORCE_BUY,0.31,0.33
2010-10-13,114684.47507266764,0.0,1,1.0999999999999996,1.3499999999999996,0.24621145464969033,FORCE_BUY,0.31,0.33
2010-10-14,114528.86520146999,0.0,1,1.7499999999999996,1.1499999999999997,0.24571676276255275,FORCE_BUY,0.31,0.33
2010-10-15,114616.39575401867,0.0,1,1.7499999999999996,1.1499999999999997,0.25325322956364826,FORCE_BUY,0.31,0.33
2010-10-18,114606.67013706882,0.0,1,1.1499999999999997,1.8499999999999996,0.25030511724460675,FORCE_BUY,0.31,0.33
2010-10-19,113352.06555053777,0.0,1,2.1499999999999995,-0.5,0.24896178824370105,FORCE_BUY,0.31,0.33
2010-10-20,114966.51796421337,0.0,1,2.4499999999999993,1.1499999999999997,0.25617056180966086,FORCE_BUY,0.31,0.33
2010-10-21,114810.90809301572,0.0,1,1.5499999999999994,1.7999999999999994,0.25220344665748406,FORCE_BUY,0.31,0.33
2010-10-22,115297.18894050838,0.0,1,1.5499999999999994,1.7999999999999994,0.24028764585280984,FORCE_BUY,0.31,0.33
2010-10-25,115423.62196085649,0.0,1,-0.5,1.4999999999999996,0.23306663928819837,FORCE_BUY,0.31,0.33
2010-10-26,115598.68306595382,0.0,1,1.1999999999999997,1.6499999999999995,0.2427857096001694,FORCE_BUY,0.31,0.33
2010-10-27,115180.48153711016,0.0,1,1.4999999999999996,0.7999999999999998,0.2467424334975776,FORCE_BUY,0.31,0.33
2010-10-28,115141.57906931074,0.0,1,-0.5,0.9499999999999997,0.24444648947873446,FORCE_BUY,0.31,0.33
2010-10-29,115092.95098456148,0.0,1,1.1499999999999997,1.2499999999999996,0.24136148594457488,FORCE_BUY,0.31,0.33
2010-11-01,115481.97566255559,0.0,1,1.5499999999999994,0.9499999999999997,0.24672975645685916,FORCE_BUY,0.31,0.33
2010-11-02,116756.03148298635,0.0,1,1.3999999999999995,1.9499999999999993,0.24153709253672803,FORCE_BUY,0.31,0.33
2010-11-03,116892.19012028429,0.0,1,0.9499999999999997,-0.5,0.2528572223709383,FORCE_BUY,0.31,0.33
2010-11-04,118924.84406280359,0.0,1,0.8999999999999997,-0.5,0.25636468696249265,FORCE_BUY,0.31,0.33
2010-11-05,119479.20422894521,0.0,1,0.8999999999999997,-0.5,0.2391907505091542,FORCE_BUY,0.31,0.33
2010-11-08,118701.15487295696,0.0,1,0.8999999999999997,-0.5,0.24116770731708595,FORCE_BUY,0.31,0.33
2010-11-09,118341.30704581241,0.0,1,2.1999999999999993,-0.5,0.2440528034626792,FORCE_BUY,0.31,0.33
2010-11-10,117981.45921866783,0.0,1,2.4499999999999993,2.349999999999999,0.2549483356789702,FORCE_BUY,0.31,0.33
2010-11-11,118049.53853731681,0.0,1,2.2499999999999996,2.2499999999999996,0.24745442315548097,FORCE_BUY,0.31,0.33
2010-11-12,116561.51914398928,0.0,1,2.3999999999999995,1.7999999999999994,0.2429953728117419,FORCE_BUY,0.31,0.33
2010-11-15,116357.28118804237,0.0,1,2.349999999999999,-0.5,0.24044634077748328,FORCE_BUY,0.31,0.33
2010-11-16,115151.3046862606,0.0,1,0.8499999999999996,-0.5,0.2666201540621,FORCE_BUY,0.31,0.33
2010-11-17,115345.81702525765,0.0,1,-0.5,-0.5,0.26664938610298217,FORCE_BUY,0.31,0.33
2010-11-18,116999.17190673268,0.0,1,-0.5,-0.5,0.27462387799699867,FORCE_BUY,0.31,0.33
2010-11-19,116950.54382198342,0.0,1,-0.5,-0.5,0.2729171302042332,FORCE_BUY,0.31,0.33
2010-11-22,116697.67778128723,0.0,1,-0.5,-0.5,0.26971143783127144,FORCE_BUY,0.31,0.33
2010-11-23,115462.52442865589,0.0,1,2.3999999999999995,2.349999999999999,0.25200260769297145,FORCE_BUY,0.31,0.33
2010-11-24,116736.58024908665,0.0,1,2.0499999999999994,2.499999999999999,0.2714748396312945,FORCE_BUY,0.31,0.33
2010-11-26,115579.23183205412,0.0,1,1.9999999999999996,2.499999999999999,0.2471603329379076,FORCE_BUY,0.31,0.33
2010-11-29,115939.07965919869,0.0,1,2.2999999999999994,0.7499999999999998,0.27614077512480856,FORCE_BUY,0.31,0.33
2010-11-30,115005.42043201279,0.0,1,2.2999999999999994,0.7999999999999998,0.2591318238802088,FORCE_BUY,0.31,0.33
2010-12-01,117777.22126272092,0.0,1,0.7499999999999998,2.2999999999999994,0.20333337340513954,FORCE_BUY,0.31,0.33
2010-12-02,119401.39929334639,0.0,1,-0.5,1.8999999999999995,0.2090741437676544,FORCE_BUY,0.31,0.33
2010-12-03,119634.81410014287,0.0,1,-0.5,2.4499999999999993,0.2031293156859141,FORCE_BUY,0.31,0.33
2010-12-06,119498.65546284492,0.0,1,1.4499999999999995,2.349999999999999,0.19352298616366928,FORCE_BUY,0.31,0.33
2010-12-07,119469.47861199536,0.0,1,1.4999999999999996,2.349999999999999,0.19438618905254357,FORCE_BUY,0.31,0.33
2010-12-08,120373.96098833169,0.0,1,1.3999999999999995,2.3999999999999995,0.21316739405718507,FORCE_BUY,0.31,0.33
2010-12-09,120500.3940086798,0.0,1,-0.5,2.499999999999999,0.1998220210452919,FORCE_BUY,0.31,0.33
2010-12-10,121142.28472737009,0.0,1,1.4499999999999995,2.1499999999999995,0.19803635942397568,FORCE_BUY,0.31,0.33
2010-12-13,121103.38225957067,0.0,1,1.4499999999999995,2.1499999999999995,0.19027629595427623,FORCE_BUY,0.31,0.33
2010-12-14,121093.65664262083,0.0,1,1.4499999999999995,2.1499999999999995,0.19528649341009507,FORCE_BUY,0.31,0.33
2010-12-15,120714.35758157657,0.0,1,1.4499999999999995,2.1499999999999995,0.20987038361983998,FREE,0.205,0.225
2010-12-16,121424.32761891582,0.0,1,1.6999999999999993,0.5999999999999996,0.22203144809514072,FREE,0.205,0.225
2010-12-17,120840.876849737,120840.876849737,0,1.3999999999999995,0.9499999999999997,0.22090669194839876,FREE,0.205,0.225
2010-12-20,121045.11495145486,0.0,1,0.9499999999999997,1.2999999999999996,0.2178140603297748,FORCE_BUY,0.31,0.33
2010-12-21,121910.69547778295,0.0,1,0.9499999999999997,1.6999999999999993,0.19990148297310037,FORCE_BUY,0.31,0.33
2010-12-22,122309.44605732737,0.0,1,0.9499999999999997,1.6999999999999993,0.20607775063303344,FORCE_BUY,0.31,0.33
2010-12-23,122202.46419452278,0.0,1,0.9499999999999997,1.6999999999999993,0.21894552598685688,FORCE_BUY,0.31,0.33
2010-12-27,122056.57983615286,122056.57983615286,0,0.9499999999999997,1.6999999999999993,0.2196568348722356,FREE,0.21,0.24
2010-12-28,122192.66244353235,0.0,1,0.9499999999999997,1.5999999999999996,0.204249862236316,FORCE_BUY,0.21,0.24
2010-12-29,122357.78766305064,0.0,1,1.2499999999999996,1.6499999999999995,0.1987997653902033,FORCE_BUY,0.31,0.33
2010-12-30,122280.08167739498,0.0,1,1.2499999999999996,1.6499999999999995,0.22169786963521432,FORCE_BUY,0.31,0.33
2010-12-31,122416.0671522924,0.0,1,-0.5,0.8499999999999996,0.22500703849368867,FORCE_BUY,0.31,0.33
2011-01-03,123261.11974629774,0.0,1,-0.5,0.8499999999999996,0.22610025551921056,FORCE_BUY,0.31,0.33
2011-01-04,123183.41376064207,0.0,1,-0.5,0.8499999999999996,0.2303561834545859,FORCE_BUY,0.31,0.33
2011-01-05,123824.48814230131,0.0,1,-0.5,0.8499999999999996,0.21937911742308724,FORCE_BUY,0.31,0.33
2011-01-06,123639.93642636911,0.0,1,0.5499999999999998,0.9999999999999996,0.2127052780985328,FORCE_BUY,0.23,0.28
2011-01-07,124053.2758530477,124053.2758530477,0,0.4999999999999998,0.5499999999999998,0.23468296146845993,FREE,0.23,0.28
2011-01-10,124053.2758530477,124053.2758530477,0,0.4999999999999998,0.5499999999999998,0.22891247116645194,FORCE_BUY,0.23,0.28
2011-01-11,124101.94328178566,0.0,1,-0.5,0.7999999999999998,0.22795751484936713,FORCE_BUY,0.23,0.275
2011-01-12,125250.4946000014,0.0,1,-0.5,1.2999999999999996,0.218883940152103,FORCE_BUY,0.23,0.275
2011-01-13,125201.82717126343,0.0,1,1.1499999999999997,0.9499999999999997,0.22364303586369427,FORCE_BUY,0.23,0.275
2011-01-14,125883.17117359482,0.0,1,1.2499999999999996,0.7499999999999998,0.220880361442069,FORCE_BUY,0.23,0.275
2011-01-18,126321.1780322364,0.0,1,1.2499999999999996,0.7499999999999998,0.21299339276249016,FORCE_BUY,0.23,0.275
2011-01-19,126272.51060349843,126272.51060349843,0,1.5499999999999994,0.5999999999999996,0.23295311801578297,FREE,0.23,0.275
2011-01-20,126272.51060349843,126272.51060349843,0,1.8499999999999996,-0.5,0.23224211047943152,FREE,0.23,0.275
2011-01-21,126272.51060349843,126272.51060349843,0,1.5499999999999994,1.1999999999999997,0.22933854270928644,FORCE_BUY,0.23,0.275
2011-01-24,126272.51060349843,126272.51060349843,0,1.5499999999999994,1.1999999999999997,0.2329953174882078,FREE,0.23,0.275
2011-01-25,126272.51060349843,126272.51060349843,0,-0.5,1.4499999999999995,0.2328462661885596,FREE,0.23,0.275
2011-01-26,126447.90262378263,0.0,1,-0.5,1.4499999999999995,0.21707095316964978,FORCE_BUY,0.23,0.275
2011-01-27,126516.11063167093,0.0,1,0.6499999999999997,-0.5,0.21634139203281766,FORCE_BUY,0.23,0.275
2011-01-28,124158.0623589611,0.0,1,-0.5,0.9999999999999996,0.22756157589741913,FORCE_BUY,0.23,0.275
2011-01-31,124746.80754828492,124746.80754828492,0,1.0499999999999996,0.7499999999999998,0.23005922733909837,FREE,0.225,0.275
2011-02-01,124746.80754828492,124746.80754828492,0,-0.5,1.9499999999999993,0.22197655416746245,FORCE_BUY,0.225,0.275
2011-02-02,124746.80754828492,124746.80754828492,0,-0.5,1.9499999999999993,0.22371129707647808,FORCE_BUY,0.225,0.275
2011-02-03,124746.80754828492,124746.80754828492,0,-0.5,1.9499999999999993,0.21931459521008267,FORCE_BUY,0.225,0.275
2011-02-04,125608.31865013772,0.0,1,-0.5,1.9499999999999993,0.21547670418580264,FORCE_BUY,0.225,0.275
2011-02-07,126307.09987719609,0.0,1,0.7499999999999998,1.3999999999999995,0.2123176019957622,FORCE_BUY,0.225,0.275
2011-02-08,126862.29592061235,0.0,1,1.5999999999999996,1.4499999999999995,0.21544360414519412,FORCE_BUY,0.225,0.275
2011-02-09,126441.11271526209,0.0,1,1.8999999999999995,1.0999999999999996,0.18898699473474254,FORCE_BUY,0.225,0.275
2011-02-10,126287.95518604382,0.0,1,1.9499999999999993,1.1999999999999997,0.19345332273132443,FORCE_BUY,0.225,0.275
2011-02-11,127541.93245651845,0.0,1,1.4499999999999995,0.9999999999999996,0.16741261577047187,FORCE_BUY,0.225,0.275
2011-02-14,127360.05789057176,0.0,1,1.4499999999999995,0.9999999999999996,0.1611595003216848,FORCE_BUY,0.225,0.275
2011-02-15,127484.4983830616,0.0,1,-0.5,1.0499999999999996,0.18094135820920446,FORCE_BUY,0.225,0.275
2011-02-16,127953.54331629255,0.0,1,-0.5,1.0499999999999996,0.162548844652055,FORCE_BUY,0.225,0.275
2011-02-17,128441.7329406758,0.0,1,0.3999999999999998,0.9499999999999997,0.16587796225959642,FORCE_BUY,0.225,0.275
2011-02-18,128843.77145487377,0.0,1,-0.5,0.8999999999999997,0.16215017943337287,FORCE_BUY,0.225,0.275
2011-02-22,126498.54678871894,0.0,1,2.349999999999999,0.7499999999999998,0.21810447479103354,FORCE_BUY,0.225,0.275
2011-02-23,125579.6016134093,0.0,1,2.499999999999999,0.7999999999999998,0.2004641008237472,FORCE_BUY,0.215,0.275
2011-02-24,125455.16112091945,0.0,1,1.7499999999999996,1.0999999999999996,0.19685260784543768,FORCE_BUY,0.215,0.275
2011-02-25,126622.9872812088,0.0,1,1.6499999999999995,0.9499999999999997,0.192847073504591,FORCE_BUY,0.215,0.275
2011-02-28,127666.37294900829,0.0,1,1.6499999999999995,0.9499999999999997,0.19438965392151375,FORCE_BUY,0.215,0.275
2011-03-01,124890.39273192706,0.0,1,2.3999999999999995,-0.5,0.20427730266075705,FORCE_BUY,0.215,0.275
2011-03-02,125560.456922257,0.0,1,2.499999999999999,1.3999999999999995,0.19309914180526788,FORCE_BUY,0.215,0.275
2011-03-03,127809.95813265043,0.0,1,-0.5,2.1499999999999995,0.1918715424762715,FORCE_BUY,0.215,0.275
2011-03-04,126728.28308254635,0.0,1,-0.5,2.1499999999999995,0.19686325843823915,FORCE_BUY,0.215,0.275
2011-03-07,125876.3443262697,0.0,1,2.4499999999999993,-0.5,0.2017742589800675,FORCE_BUY,0.215,0.275
2011-03-08,126824.00653830779,0.0,1,2.2999999999999994,-0.5,0.19100367430022588,FORCE_BUY,0.215,0.275
2011-03-09,126374.1062962291,0.0,1,1.0499999999999996,-0.5,0.18417963058610165,FORCE_BUY,0.215,0.275
2011-03-10,124622.36705579507,0.0,1,1.7999999999999994,-0.5,0.18630148096784374,FORCE_BUY,0.215,0.275
2011-03-11,125397.7270474626,0.0,1,2.349999999999999,-0.5,0.19266878010131086,FORCE_BUY,0.215,0.275
2011-03-14,124019.30928449811,0.0,1,2.349999999999999,-0.5,0.1908390417774322,FORCE_BUY,0.215,0.275
2011-03-15,122985.49596227476,0.0,1,-0.5,-0.5,0.20189400044505923,FORCE_BUY,0.215,0.275
2011-03-16,120649.84364169608,0.0,1,-0.5,-0.5,0.20634712894574855,FORCE_BUY,0.215,0.275
2011-03-17,122219.70831618339,0.0,1,-0.5,1.2999999999999996,0.17857964497954082,FORCE_BUY,0.215,0.275
2011-03-18,122171.84658830267,0.0,1,2.1999999999999993,-0.5,0.1760967657736716,FORCE_BUY,0.215,0.275
2011-03-21,124162.89446814026,0.0,1,2.1999999999999993,-0.5,0.18132721301108198,FORCE_BUY,0.215,0.275
2011-03-22,123645.98780702856,0.0,1,2.4499999999999993,-0.5,0.18135900714839645,FORCE_BUY,0.215,0.275
2011-03-23,124115.03274025954,0.0,1,2.4499999999999993,-0.5,0.1965884143778116,FORCE_BUY,0.215,0.275
2011-03-24,125617.89099571385,0.0,1,-0.5,-0.5,0.13882864077182333,FORCE_BUY,0.215,0.275
2011-03-25,125885.91667184583,0.0,1,-0.5,-0.5,0.1354705751312035,FORCE_BUY,0.215,0.275
2011-03-28,124995.68853326463,0.0,1,2.349999999999999,2.1999999999999993,0.13854683773868637,FORCE_BUY,0.215,0.275
2011-03-29,126316.67222277225,0.0,1,2.499999999999999,2.2499999999999996,0.17670070270483504,FORCE_BUY,0.215,0.275
2011-03-30,127063.31517771134,0.0,1,2.0999999999999996,2.499999999999999,0.12594498640154034,FORCE_BUY,0.215,0.275
2011-03-31,127025.02579540675,0.0,1,-0.5,2.2499999999999996,0.15627129733525685,FORCE_BUY,0.215,0.275
2011-04-01,127513.21541979002,0.0,1,2.0999999999999996,2.4499999999999993,0.12981714860140792,FORCE_BUY,0.215,0.27
2011-04-04,127666.37294900829,0.0,1,2.0999999999999996,2.4499999999999993,0.16016271178292782,FORCE_BUY,0.215,0.255
2011-04-05,127494.07072863773,0.0,1,1.5999999999999996,1.1999999999999997,0.1321907715410177,FORCE_BUY,0.215,0.24
2011-04-06,127628.08356670373,0.0,1,0.9999999999999996,0.9499999999999997,0.1319727555476272,FORCE_BUY,0.215,0.24
2011-04-07,127608.93887555144,0.0,1,0.9999999999999996,0.9499999999999997,0.18051698661233118,FORCE_BUY,0.215,0.24
2011-04-08,127025.02579540675,0.0,1,1.2499999999999996,-0.5,0.19689480923132083,FORCE_BUY,0.215,0.24
2011-04-11,126498.54678871894,0.0,1,1.4499999999999995,-0.5,0.18402985596318044,FORCE_BUY,0.215,0.24
2011-04-12,126543.61223229207,126543.61223229207,0,1.6499999999999995,-0.5,0.19770511187546794,FREE,0.195,0.235
2011-04-13,127074.73990729495,0.0,1,1.8499999999999996,0.8499999999999996,0.20704444406697697,FREE,0.195,0.235
2011-04-14,127094.11253324317,127094.11253324317,0,2.2499999999999996,1.2499999999999996,0.22421704159508812,FREE,0.195,0.235
2011-04-15,127094.11253324317,127094.11253324317,0,-0.5,1.0999999999999996,0.2087548669443787,FREE,0.195,0.235
2011-04-18,127094.11253324317,127094.11253324317,0,1.6999999999999993,1.8499999999999996,0.2652684020850271,FORCE_SELL,0.195,0.235
2011-04-19,127094.11253324317,127094.11253324317,0,1.6999999999999993,1.7499999999999996,0.2191721080111206,FREE,0.195,0.235
2011-04-20,127094.11253324317,127094.11253324317,0,-0.5,2.1499999999999995,0.21263018664792385,FREE,0.195,0.235
2011-04-21,127417.62820882644,0.0,1,0.4999999999999998,2.2999999999999994,0.2084575622887298,FREE,0.195,0.235
2011-04-25,127837.83201422862,0.0,1,1.3999999999999995,1.3499999999999996,0.21105511584867442,FREE,0.195,0.235
2011-04-26,128822.3764061432,0.0,1,1.3499999999999996,2.1499999999999995,0.16097505354318634,FORCE_BUY,0.195,0.235
2011-04-27,129653.98186339141,0.0,1,-0.5,1.9499999999999993,0.16553627001014098,FORCE_BUY,0.195,0.235
2011-04-28,130026.77051664064,0.0,1,1.9499999999999993,1.9499999999999993,0.15728440497464122,FORCE_BUY,0.195,0.235
2011-04-29,130743.67177288911,0.0,1,-0.5,2.499999999999999,0.15300839531704705,FORCE_BUY,0.195,0.235
2011-05-02,130112.79866739045,0.0,1,1.6499999999999995,1.1499999999999997,0.1643401413341424,FORCE_BUY,0.195,0.235
2011-05-03,130122.36540621125,0.0,1,2.4499999999999993,1.1499999999999997,0.20541288940283117,FREE,0.195,0.235
2011-05-04,129383.63340471615,129383.63340471615,0,2.3999999999999995,0.5999999999999996,0.2111094012060627,FREE,0.195,0.235
2011-05-05,129538.5027197813,129538.5027197813,0,2.0999999999999996,0.6999999999999997,0.2335214963684299,FREE,0.195,0.235
2011-05-06,129538.5027197813,129538.5027197813,0,1.7499999999999996,0.8499999999999996,0.23475430282969745,FREE,0.195,0.235
2011-05-09,129765.44981143635,129765.44981143635,0,1.7499999999999996,0.8499999999999996,0.21208252713856712,FREE,0.195,0.235
2011-05-10,129765.44981143635,129765.44981143635,0,1.7499999999999996,0.8499999999999996,0.20898886677282735,FREE,0.195,0.235
2011-05-11,129668.76865377622,0.0,1,1.8999999999999995,-0.5,0.2194427402878856,FREE,0.195,0.235
2011-05-12,129349.72083349776,129349.72083349776,0,1.1499999999999997,2.499999999999999,0.22378900856727088,FREE,0.195,0.235
2011-05-13,128897.07867139707,0.0,1,1.3999999999999995,2.499999999999999,0.2114208178447252,FREE,0.195,0.235
2011-05-16,129031.45127102114,0.0,1,1.5499999999999994,1.4499999999999995,0.2087087800732231,FREE,0.195,0.235
2011-05-17,129565.35710739101,129565.35710739101,0,1.9499999999999993,0.9999999999999996,0.20940296711669207,FREE,0.195,0.235
2011-05-18,129565.35710739101,129565.35710739101,0,1.7499999999999996,1.3499999999999996,0.21264387038786592,FREE,0.195,0.235
2011-05-19,129565.35710739101,129565.35710739101,0,-0.5,1.5999999999999996,0.1977736940542489,FREE,0.195,0.235
2011-05-20,129196.49391483028,0.0,1,1.8499999999999996,1.4499999999999995,0.20554396450833398,FREE,0.195,0.235
2011-05-23,127994.93648248655,127994.93648248655,0,1.7999999999999994,1.6999999999999993,0.20757953046552932,FREE,0.195,0.235
2011-05-24,127994.93648248655,127994.93648248655,0,1.4499999999999995,-0.5,0.19833289125011722,FREE,0.195,0.235
2011-05-25,128822.67838204738,0.0,1,2.0499999999999994,1.1499999999999997,0.21451347215021965,FREE,0.195,0.235
2011-05-26,129027.48391206654,129027.48391206654,0,1.9999999999999996,1.1999999999999997,0.21574383189330257,FREE,0.195,0.235
2011-05-27,129143.74234478505,129143.74234478505,0,-0.5,1.5499999999999994,0.19796904001870677,FREE,0.195,0.235
2011-05-31,129584.6040997283,0.0,1,1.5999999999999996,2.2999999999999994,0.1513357041916189,FORCE_BUY,0.195,0.235
2011-06-01,126268.55698645959,0.0,1,1.9499999999999993,2.2999999999999994,0.18336045362334386,FORCE_BUY,0.195,0.235
2011-06-02,126163.13352332098,0.0,1,2.2999999999999994,1.0999999999999996,0.19854541479801754,FREE,0.195,0.235
2011-06-03,124792.6285025192,124792.6285025192,0,2.499999999999999,1.1999999999999997,0.21014103361478023,FREE,0.195,0.235
2011-06-06,124397.3795439558,0.0,1,2.499999999999999,-0.5,0.20139461208287793,FREE,0.195,0.235
2011-06-07,125004.71330955323,125004.71330955323,0,-0.5,2.2999999999999994,0.20199353416834565,FREE,0.195,0.235
2011-06-08,124752.29621215898,0.0,1,-0.5,2.2999999999999994,0.19338846798238404,FORCE_BUY,0.195,0.235
2011-06-09,125708.33468693042,0.0,1,2.1999999999999993,-0.5,0.20402895000912535,FREE,0.195,0.235
2011-06-10,125542.37112525583,0.0,1,2.0999999999999996,-0.5,0.2018157068897771,FREE,0.195,0.235
2011-06-13,125473.53612900387,125473.53612900387,0,-0.5,1.5999999999999996,0.2019100080309207,FREE,0.195,0.235
2011-06-14,125337.08828794389,125337.08828794389,0,1.1999999999999997,2.349999999999999,0.19591411022445268,FREE,0.195,0.235
2011-06-15,125218.91078661167,0.0,1,1.1999999999999997,2.349999999999999,0.2214298183176642,FREE,0.195,0.235
2011-06-16,125888.58329416097,0.0,1,1.4999999999999996,1.1499999999999997,0.21480870360321339,FREE,0.195,0.235
2011-06-17,125209.06266150063,0.0,1,1.5499999999999994,1.2499999999999996,0.19018599747704154,FORCE_BUY,0.195,0.235
2011-06-20,124549.23827906234,124549.23827906234,0,1.5499999999999994,1.2499999999999996,0.20510616023558403,FREE,0.195,0.235
2011-06-21,124549.23827906234,124549.23827906234,0,-0.5,1.8499999999999996,0.2113612119774735,FREE,0.195,0.235
2011-06-22,123474.08323953033,0.0,1,0.1499999999999999,2.0999999999999996,0.19154814217126,FORCE_BUY,0.195,0.235
2011-06-23,123792.29056064741,123792.29056064741,0,2.1999999999999993,2.3999999999999995,0.22515269794481427,FREE,0.195,0.235
2011-06-24,123296.03157474952,0.0,1,2.1999999999999993,2.2999999999999994,0.2050989120776867,FREE,0.195,0.235
2011-06-27,124901.57535265449,0.0,1,2.1999999999999993,2.2999999999999994,0.21367762690161574,FREE,0.195,0.235
2011-06-28,125446.48718030706,125446.48718030706,0,1.9499999999999993,2.3999999999999995,0.20656541722803737,FREE,0.195,0.235
2011-06-29,125446.48718030706,125446.48718030706,0,2.2499999999999996,2.3999999999999995,0.19785460848650038,FREE,0.195,0.235
2011-06-30,125446.48718030706,125446.48718030706,0,0.24999999999999978,1.9499999999999993,0.1435736632173519,FORCE_BUY,0.195,0.235
2011-07-01,127318.25556435011,0.0,1,-0.5,2.0999999999999996,0.1502062932050439,FORCE_BUY,0.195,0.235
2011-07-05,127327.75692670565,0.0,1,-0.5,2.0999999999999996,0.16964784664756127,FORCE_BUY,0.195,0.235
2011-07-06,127631.80052208323,0.0,1,-0.5,1.6999999999999993,0.14534717399941507,FORCE_BUY,0.195,0.235
2011-07-07,128781.46536710458,0.0,1,-0.5,2.4499999999999993,0.1448126765767973,FORCE_BUY,0.155,0.19
2011-07-08,128781.46536710458,128781.46536710458,0,-0.5,-0.5,0.19223905489580886,FORCE_SELL,0.155,0.19
2011-07-11,128781.46536710458,128781.46536710458,0,-0.5,-0.5,0.19606187684760637,FORCE_SELL,0.155,0.19
2011-07-12,128781.46536710458,128781.46536710458,0,2.499999999999999,1.0999999999999996,0.20119471666144703,FORCE_SELL,0.155,0.19
2011-07-13,128781.46536710458,128781.46536710458,0,-0.5,0.7999999999999998,0.20561926850592097,FORCE_SELL,0.155,0.19
2011-07-14,128781.46536710458,128781.46536710458,0,2.3999999999999995,0.44999999999999973,0.21028564049937,FORCE_SELL,0.155,0.19
2011-07-15,128781.46536710458,128781.46536710458,0,2.3999999999999995,0.7999999999999998,0.20269777315139026,FORCE_SELL,0.155,0.19
2011-07-18,128781.46536710458,128781.46536710458,0,1.7499999999999996,1.0499999999999996,0.19901488488640082,FORCE_SELL,0.155,0.19
2011-07-19,128781.46536710458,128781.46536710458,0,1.6499999999999995,1.5999999999999996,0.20603320237477663,FORCE_SELL,0.155,0.19
2011-07-20,128781.46536710458,128781.46536710458,0,0.7499999999999998,1.7999999999999994,0.18779452020123874,FORCE_SELL,0.155,0.185
2011-07-21,128781.46536710458,128781.46536710458,0,0.9499999999999997,1.6499999999999995,0.2116329457082569,FORCE_SELL,0.155,0.185
2011-07-22,128781.46536710458,128781.46536710458,0,0.6499999999999997,1.5999999999999996,0.19065895760476692,FORCE_SELL,0.155,0.185
2011-07-25,128781.46536710458,128781.46536710458,0,0.6499999999999997,1.5999999999999996,0.18936333870818312,FORCE_SELL,0.155,0.185
2011-07-26,128646.15010778759,0.0,1,0.6499999999999997,1.5999999999999996,0.18808205660637278,FREE,0.155,0.19
2011-07-27,126007.50255110646,0.0,1,0.6499999999999997,1.5999999999999996,0.21177081450350013,FORCE_SELL,0.155,0.19
2011-07-28,127157.6822553008,127157.6822553008,0,2.499999999999999,0.3999999999999998,0.2127050919658916,FORCE_SELL,0.155,0.19
2011-07-29,127157.6822553008,127157.6822553008,0,2.2499999999999996,0.3999999999999998,0.218820413072746,FORCE_SELL,0.155,0.18
2011-08-01,127157.6822553008,127157.6822553008,0,2.2499999999999996,0.3999999999999998,0.23448876638345997,FORCE_SELL,0.155,0.19
2011-08-02,127157.6822553008,127157.6822553008,0,2.499999999999999,-0.5,0.2599951942397276,FORCE_SELL,0.155,0.19
2011-08-03,127157.6822553008,127157.6822553008,0,2.349999999999999,-0.5,0.26366092453455936,FORCE_SELL,0.155,0.19
2011-08-04,127157.6822553008,127157.6822553008,0,2.4499999999999993,-0.5,0.2896998883828151,FORCE_SELL,0.155,0.19
2011-08-05,127157.6822553008,127157.6822553008,0,2.499999999999999,-0.5,0.3043122988679563,FORCE_SELL,0.155,0.19
2011-08-08,127157.6822553008,127157.6822553008,0,2.499999999999999,-0.5,0.31130959902371896,FORCE_SELL,0.155,0.19
2011-08-09,127157.6822553008,127157.6822553008,0,2.349999999999999,-0.5,0.38090787967885426,FORCE_SELL,0.155,0.19
2011-08-10,127157.6822553008,127157.6822553008,0,2.4499999999999993,-0.5,0.28373965951358854,FORCE_SELL,0.16,0.19
2011-08-11,127157.6822553008,127157.6822553008,0,2.499999999999999,-0.5,0.34091032432748175,FORCE_SELL,0.16,0.19
2011-08-12,127157.6822553008,127157.6822553008,0,2.499999999999999,-0.5,0.25512806322638426,FORCE_SELL,0.16,0.19
2011-08-15,127157.6822553008,127157.6822553008,0,2.0499999999999994,-0.5,0.24176040612038366,FORCE_SELL,0.16,0.19
2011-08-16,127157.6822553008,127157.6822553008,0,2.2499999999999996,-0.5,0.23274595496455788,FORCE_SELL,0.16,0.19
2011-08-17,127157.6822553008,127157.6822553008,0,2.499999999999999,-0.5,0.22746566882517483,FORCE_SELL,0.16,0.19
2011-08-18,127157.6822553008,127157.6822553008,0,2.349999999999999,-0.5,0.2459943108031369,FORCE_SELL,0.16,0.19
2011-08-19,127157.6822553008,127157.6822553008,0,-0.5,-0.5,0.22657191682011488,FORCE_SELL,0.16,0.19
2011-08-22,127157.6822553008,127157.6822553008,0,-0.5,1.9499999999999993,0.2196152144901303,FORCE_SELL,0.16,0.19
2011-08-23,127157.6822553008,127157.6822553008,0,-0.5,2.4499999999999993,0.23356697034973295,FORCE_SELL,0.16,0.19
2011-08-24,127157.6822553008,127157.6822553008,0,2.4499999999999993,2.2499999999999996,0.20094527774325888,FORCE_SELL,0.16,0.19
2011-08-25,127157.6822553008,127157.6822553008,0,-0.5,2.1499999999999995,0.19590914429415676,FORCE_SELL,0.16,0.19
2011-08-26,127157.6822553008,127157.6822553008,0,1.4499999999999995,2.1999999999999993,0.21780323206975216,FORCE_SELL,0.16,0.19
2011-08-29,127157.6822553008,127157.6822553008,0,1.4499999999999995,2.1999999999999993,0.21058990749882564,FORCE_SELL,0.16,0.19
2011-08-30,127157.6822553008,127157.6822553008,0,1.1999999999999997,-0.5,0.19852924993926155,FORCE_SELL,0.16,0.19
2011-08-31,128621.26512841537,128621.26512841537,0,1.2499999999999996,-0.5,0.18878498824265696,FREE,0.16,0.19
2011-09-01,128309.42841338103,128309.42841338103,0,2.4499999999999993,-0.5,0.17003915669681766,FREE,0.16,0.19
2011-09-02,125697.42269563826,0.0,1,2.499999999999999,-0.5,0.18138138202683055,FREE,0.16,0.19
2011-09-06,124166.61606597753,124166.61606597753,0,-0.5,1.8499999999999996,0.18491026109905126,FORCE_SELL,0.155,0.18
2011-09-07,124166.61606597753,124166.61606597753,0,-0.5,2.499999999999999,0.18667790494208136,FORCE_SELL,0.155,0.18
2011-09-08,124166.61606597753,124166.61606597753,0,1.6999999999999993,2.0999999999999996,0.18360628145126456,FORCE_SELL,0.155,0.18
2011-09-09,124166.61606597753,124166.61606597753,0,2.0999999999999996,-0.5,0.20226852073219947,FORCE_SELL,0.155,0.18
2011-09-12,126164.5254585866,126164.5254585866,0,-0.5,-0.5,0.1781295542921224,FREE,0.155,0.18
2011-09-13,127305.53961006101,0.0,1,-0.5,-0.5,0.17787594825254696,FREE,0.155,0.18
2011-09-14,128097.80767413045,128097.80767413045,0,2.499999999999999,-0.5,0.19947039568655336,FORCE_SELL,0.155,0.18
2011-09-15,128097.80767413045,128097.80767413045,0,2.2999999999999994,-0.5,0.18051562457293283,FORCE_SELL,0.155,0.18
2011-09-16,128097.80767413045,128097.80767413045,0,2.2999999999999994,-0.5,0.17497235554344906,FREE,0.155,0.18
2011-09-19,128291.83646627597,128291.83646627597,0,1.9999999999999996,2.0999999999999996,0.17648241646534923,FREE,0.155,0.18
2011-09-20,128291.83646627597,128291.83646627597,0,2.1999999999999993,2.499999999999999,0.19213898140253682,FORCE_SELL,0.155,0.18
2011-09-21,128291.83646627597,128291.83646627597,0,2.2999999999999994,-0.5,0.21525167012716728,FORCE_SELL,0.155,0.18
2011-09-22,128291.83646627597,128291.83646627597,0,1.8499999999999996,-0.5,0.20869138869325665,FORCE_SELL,0.155,0.18
2011-09-23,128291.83646627597,128291.83646627597,0,1.8499999999999996,-0.5,0.22713227553813561,FORCE_SELL,0.155,0.18
2011-09-26,128291.83646627597,128291.83646627597,0,1.8499999999999996,-0.5,0.2465459666624845,FORCE_SELL,0.155,0.18
2011-09-27,128291.83646627597,128291.83646627597,0,1.8499999999999996,-0.5,0.23004531457517832,FORCE_SELL,0.155,0.18
2011-09-28,128291.83646627597,128291.83646627597,0,1.8499999999999996,-0.5,0.21643640565898073,FORCE_SELL,0.155,0.18
2011-09-29,128291.83646627597,128291.83646627597,0,-0.5,-0.5,0.2250471274665112,FORCE_SELL,0.155,0.18
2011-09-30,128291.83646627597,128291.83646627597,0,-0.5,-0.5,0.20094680505307227,FORCE_SELL,0.155,0.18
2011-10-03,128291.83646627597,128291.83646627597,0,-0.5,-0.5,0.19891305463721567,FORCE_SELL,0.155,0.18
2011-10-04,128291.83646627597,128291.83646627597,0,-0.5,-0.5,0.2437247941898626,FORCE_SELL,0.155,0.18
2011-10-05,128291.83646627597,128291.83646627597,0,-0.5,2.4499999999999993,0.2214789435366443,FORCE_SELL,0.155,0.18
2011-10-06,128291.83646627597,128291.83646627597,0,-0.5,2.4499999999999993,0.20658808541290977,FORCE_SELL,0.155,0.18
2011-10-07,128291.83646627597,128291.83646627597,0,-0.5,2.4499999999999993,0.18695796589103075,FORCE_SELL,0.155,0.18
2011-10-10,128291.83646627597,128291.83646627597,0,-0.5,-0.5,0.19159233003904727,FORCE_SELL,0.155,0.18
2011-10-11,128784.9898986263,0.0,1,0.7999999999999998,-0.5,0.17515965281473478,FREE,0.155,0.18
2011-10-12,130115.01120488415,130115.01120488415,0,1.0499999999999996,-0.5,0.18820938182969207,FORCE_SELL,0.155,0.18
2011-10-13,130711.80393357463,130711.80393357463,0,0.09999999999999987,-0.5,0.1799294986784068,FREE,0.155,0.18
2011-10-14,131034.8821610361,131034.8821610361,0,-0.5,-0.5,0.17598463416522359,FREE,0.155,0.18
2011-10-17,131034.8821610361,131034.8821610361,0,-0.5,-0.5,0.1870053193969098,FORCE_SELL,0.155,0.18
2011-10-18,131034.8821610361,131034.8821610361,0,2.4499999999999993,2.3999999999999995,0.22283253604404138,FORCE_SELL,0.155,0.18
2011-10-19,131034.8821610361,131034.8821610361,0,2.499999999999999,-0.5,0.20445510292908328,FORCE_SELL,0.155,0.18
2011-10-20,131034.8821610361,131034.8821610361,0,2.1499999999999995,-0.5,0.21762155875840414,FORCE_SELL,0.155,0.18
2011-10-21,131034.8821610361,131034.8821610361,0,2.1999999999999993,2.4499999999999993,0.2124698297737494,FORCE_BUY,0.25,0.27
2011-10-24,131034.8821610361,131034.8821610361,0,2.1999999999999993,2.4499999999999993,0.20643292406665156,FORCE_BUY,0.25,0.27
2011-10-25,128732.16835997946,0.0,1,2.1999999999999993,-0.5,0.20469621033445995,FORCE_BUY,0.25,0.27
2011-10-26,128753.10212180727,128753.10212180727,0,2.499999999999999,-0.5,0.2249375787160861,FORCE_SELL,0.155,0.18
2011-10-27,128753.10212180727,128753.10212180727,0,2.499999999999999,-0.5,0.2340574042232427,FORCE_SELL,0.155,0.18
2011-10-28,128753.10212180727,128753.10212180727,0,2.499999999999999,-0.5,0.20602063415309155,FORCE_SELL,0.155,0.18
2011-10-31,128753.10212180727,128753.10212180727,0,-0.5,-0.5,0.23691560197212722,FORCE_SELL,0.155,0.18
2011-11-01,128753.10212180727,128753.10212180727,0,-0.5,-0.5,0.23009411685318318,FORCE_SELL,0.155,0.18
2011-11-02,128753.10212180727,128753.10212180727,0,-0.5,-0.5,0.24606911078023996,FORCE_SELL,0.155,0.18
2011-11-03,128753.10212180727,128753.10212180727,0,-0.5,-0.5,0.2669865533589438,FORCE_SELL,0.155,0.18
2011-11-04,128753.10212180727,128753.10212180727,0,-0.5,2.2999999999999994,0.23882994078157208,FORCE_SELL,0.155,0.18
2011-11-07,128753.10212180727,128753.10212180727,0,-0.5,2.2999999999999994,0.24045704908647314,FORCE_SELL,0.155,0.18
2011-11-08,129665.95695014844,0.0,1,-0.5,-0.5,0.23120558238985023,FORCE_BUY,0.25,0.27
2011-11-09,124706.11238282816,0.0,1,2.0999999999999996,-0.5,0.24677987941452137,FORCE_BUY,0.25,0.27
2011-11-10,124852.72475883155,0.0,1,-0.5,2.2499999999999996,0.25323109305037933,FREE,0.25,0.27
2011-11-11,127307.12895164132,0.0,1,-0.5,-0.5,0.2498378754001628,FORCE_BUY,0.255,0.275
2011-11-14,126613.05563482217,0.0,1,2.2999999999999994,2.4499999999999993,0.24329952466406665,FORCE_BUY,0.255,0.275
2011-11-15,126502.40626547419,0.0,1,2.4499999999999993,2.499999999999999,0.2527284471661512,FORCE_BUY,0.255,0.275
2011-11-16,124138.5333748582,0.0,1,-0.5,2.1999999999999993,0.23766915852445156,FORCE_BUY,0.25,0.27
2011-11-17,122639.73737187192,0.0,1,-0.5,1.7999999999999994,0.22156957404023572,FORCE_BUY,0.25,0.27
2011-11-18,122840.91804341371,0.0,1,-0.5,1.2499999999999996,0.23626704218230365,FORCE_BUY,0.25,0.27
2011-11-21,120658.10775718534,0.0,1,-0.5,2.1999999999999993,0.21601233544378215,FORCE_BUY,0.25,0.27
2011-11-22,119491.259862243,0.0,1,2.349999999999999,1.6499999999999995,0.22498378221101523,FORCE_BUY,0.25,0.27
2011-11-23,117449.27604609387,0.0,1,2.2499999999999996,1.6499999999999995,0.20557988972294042,FORCE_BUY,0.25,0.27
2011-11-25,116644.55335992672,0.0,1,2.1499999999999995,-0.5,0.1995611052936244,FORCE_BUY,0.25,0.27
2011-11-28,120114.91994402252,0.0,1,1.2499999999999996,-0.5,0.2155712712029693,FORCE_BUY,0.25,0.27
2011-11-29,120255.74641410177,120255.74641410177,0,1.5499999999999994,-0.5,0.2015497541883253,FORCE_SELL,0.05,0.18
2011-11-30,120255.74641410177,120255.74641410177,0,1.2999999999999996,-0.5,0.2600017928426936,FORCE_SELL,0.05,0.18
2011-12-01,120255.74641410177,120255.74641410177,0,1.2999999999999996,-0.5,0.18733431986494198,FORCE_BUY,0.25,0.27
2011-12-02,119538.05874154207,0.0,1,2.1499999999999995,-0.5,0.184893318595471,FORCE_BUY,0.25,0.27
2011-12-05,120437.56062448355,0.0,1,2.1499999999999995,-0.5,0.1913730627544521,FORCE_BUY,0.25,0.27
2011-12-06,121021.27993149876,0.0,1,-0.5,2.499999999999999,0.18213865097898185,FORCE_BUY,0.25,0.27
2011-12-07,121633.70674541638,0.0,1,-0.5,2.2999999999999994,0.19672064644712553,FORCE_BUY,0.25,0.27
2011-12-08,118762.95605517761,0.0,1,-0.5,2.4499999999999993,0.1959029738975789,FORCE_BUY,0.25,0.27
2011-12-09,121145.67912807578,0.0,1,-0.5,1.7999999999999994,0.2133840580829914,FORCE_BUY,0.25,0.27
2011-12-12,119011.75444833165,0.0,1,2.349999999999999,1.9999999999999996,0.20152851991598134,FORCE_BUY,0.25,0.27
2011-12-13,118035.69921365046,0.0,1,1.9499999999999993,2.0999999999999996,0.21639743051763763,FORCE_BUY,0.265,0.385
2011-12-14,116533.33968575884,0.0,1,-0.5,2.0999999999999996,0.1938753453714329,FORCE_BUY,0.345,0.385
2011-12-15,117318.01154109076,0.0,1,1.7499999999999996,1.2999999999999996,0.20779486330028848,FORCE_BUY,0.345,0.385
2011-12-16,116341.95630640959,0.0,1,1.0999999999999996,-0.5,0.19759727527654838,FORCE_BUY,0.345,0.365
2011-12-19,115767.80616836184,0.0,1,2.2499999999999996,-0.5,0.2049664496247563,FORCE_BUY,0.345,0.365
2011-12-20,118705.54104137284,0.0,1,2.2499999999999996,-0.5,0.27374344921325217,FREE,0.265,0.29
2011-12-21,118762.95605517761,0.0,1,-0.5,-0.5,0.2271966806994814,FORCE_BUY,0.265,0.29
2011-12-22,120284.45392100415,0.0,1,-0.5,2.4499999999999993,0.22392254174857615,FORCE_BUY,0.265,0.29
2011-12-23,121136.10995910832,0.0,1,-0.5,2.4499999999999993,0.2165778315189831,FORCE_BUY,0.265,0.29
2011-12-27,120839.46572111698,0.0,1,1.9499999999999993,-0.5,0.2121579069009547,FORCE_BUY,0.265,0.29
2011-12-28,119681.59627605401,0.0,1,1.9499999999999993,2.3999999999999995,0.21786943065522402,FORCE_BUY,0.265,0.29
2011-12-29,120648.08234176773,0.0,1,1.9499999999999993,2.3999999999999995,0.22716774979811305,FORCE_BUY,0.265,0.29
2011-12-30,120026.08635888268,0.0,1,1.9499999999999993,2.3999999999999995,0.2149427870711732,FORCE_BUY,0.265,0.29
2012-01-03,122150.44186965936,0.0,1,0.6999999999999997,-0.5,0.13523292129701922,FORCE_BUY,0.265,0.29
2012-01-04,122169.58020759428,0.0,1,0.8999999999999997,-0.5,0.17409103536536866,FORCE_BUY,0.265,0.29
2012-01-05,122160.0110386268,0.0,1,0.8999999999999997,-0.5,0.1839124452773598,FORCE_BUY,0.265,0.29
2012-01-06,122667.32895676712,0.0,1,0.8999999999999997,-0.5,0.16489214337409117,FREE,0.05,0.18
2012-01-09,122599.7218686174,122599.7218686174,0,-0.5,2.1499999999999995,0.1717205101059496,FREE,0.05,0.18
2012-01-10,122637.25670403609,0.0,1,-0.5,1.9999999999999996,0.13384154489247427,FREE,0.05,0.18
2012-01-11,123085.30933560406,123085.30933560406,0,1.0999999999999996,2.349999999999999,0.17662573961695396,FREE,0.05,0.18
2012-01-12,123739.71353379475,123739.71353379475,0,0.9999999999999996,2.499999999999999,0.14100824745786486,FREE,0.05,0.18
2012-01-13,124008.37916491652,0.0,1,1.6499999999999995,2.2999999999999994,0.1875776594758016,FORCE_BUY,0.265,0.29
2012-01-17,124229.06879048081,0.0,1,2.1999999999999993,-0.5,0.1476253620000265,FORCE_BUY,0.265,0.29
2012-01-18,124929.5184716197,124929.5184716197,0,1.2999999999999996,0.8499999999999996,0.1565674970813766,FREE,0.05,0.18
2012-01-19,124929.5184716197,124929.5184716197,0,1.3499999999999996,0.8999999999999997,0.1404403531165199,FREE,0.05,0.185
2012-01-20,125644.98226860896,0.0,1,1.4999999999999996,0.8999999999999997,0.14427137936535858,FORCE_BUY,0.265,0.29
2012-01-23,125893.98592931988,125893.98592931988,0,1.2499999999999996,1.2499999999999996,0.1455018601164585,FREE,0.05,0.185
2012-01-24,125893.98592931988,125893.98592931988,0,1.1999999999999997,1.1999999999999997,0.18703045417990863,FORCE_SELL,0.05,0.185
2012-01-25,127082.11700894815,127082.11700894815,0,1.6499999999999995,0.9499999999999997,0.1644345202722747,FREE,0.05,0.185
2012-01-26,127082.11700894815,127082.11700894815,0,1.7499999999999996,1.1999999999999997,0.15585091677405324,FREE,0.05,0.185
2012-01-27,127082.11700894815,127082.11700894815,0,1.4999999999999996,0.9499999999999997,0.18954168335440413,FORCE_SELL,0.05,0.185
2012-01-30,127082.11700894815,127082.11700894815,0,2.1499999999999995,1.4499999999999995,0.19954068684114667,FORCE_SELL,0.05,0.185
2012-01-31,127082.11700894815,127082.11700894815,0,2.1499999999999995,2.499999999999999,0.19642720606136066,FREE,0.05,0.27
2012-02-01,127082.11700894815,127082.11700894815,0,2.1499999999999995,2.499999999999999,0.18808724583759687,FREE,0.05,0.27
2012-02-02,127082.11700894815,127082.11700894815,0,2.1499999999999995,2.499999999999999,0.18102558679798444,FREE,0.05,0.27
2012-02-03,127082.11700894815,127082.11700894815,0,2.1499999999999995,2.499999999999999,0.1472425962873906,FREE,0.05,0.27
2012-02-06,127986.1081071024,0.0,1,2.0999999999999996,1.6499999999999995,0.18394072721031562,FREE,0.05,0.27
2012-02-07,127937.79433412921,0.0,1,-0.5,1.4999999999999996,0.117239637020725,FREE,0.05,0.27
2012-02-08,127795.4831057264,0.0,1,1.3999999999999995,1.6499999999999995,0.11605017275764619,FORCE_BUY,0.12,0.27
2012-02-09,128402.6810962352,0.0,1,-0.5,1.4499999999999995,0.11593367473190834,FREE,0.05,0.27
2012-02-10,128031.98714681235,0.0,1,-0.5,1.1499999999999997,0.15158177920634996,FORCE_BUY,0.265,0.29
2012-02-13,128516.7407729807,0.0,1,-0.5,1.1499999999999997,0.15500848089128264,FORCE_BUY,0.265,0.29
2012-02-14,128554.76066522919,0.0,1,1.6999999999999993,-0.5,0.156877301199704,FORCE_BUY,0.265,0.29
2012-02-15,129356.03037901563,0.0,1,2.0499999999999994,-0.5,0.1278736202239591,FREE,0.05,0.27
2012-02-16,129201.9089637156,129201.9089637156,0,1.5499999999999994,0.7999999999999998,0.12791569398395117,FREE,0.05,0.27
2012-02-17,129201.9089637156,129201.9089637156,0,-0.5,2.499999999999999,0.11239252872354229,FREE,0.05,0.27
2012-02-21,128937.247799696,0.0,1,1.0999999999999996,1.6999999999999993,0.12102929709523237,FREE,0.05,0.185
2012-02-22,128739.66480812556,0.0,1,1.4999999999999996,1.6999999999999993,0.1541792664132506,FREE,0.05,0.185
2012-02-23,128824.9542437732,128824.9542437732,0,1.5499999999999994,2.1499999999999995,0.16442536799755322,FREE,0.05,0.185
2012-02-24,128919.1865268862,128919.1865268862,0,1.5499999999999994,2.0999999999999996,0.12278712626424482,FREE,0.05,0.185
2012-02-27,130475.63135833564,130475.63135833564,0,-0.5,-0.5,0.13361875073145232,FREE,0.05,0.185
2012-02-28,130541.98293258251,130541.98293258251,0,-0.5,0.9999999999999996,0.11674315221360555,FREE,0.05,0.27
2012-02-29,130589.69564564266,0.0,1,-0.5,0.9999999999999996,0.12723010824378309,FREE,0.05,0.19
2012-03-01,131443.14107060534,131443.14107060534,0,0.9499999999999997,1.8999999999999995,0.15612049340994696,FREE,0.05,0.19
2012-03-02,131233.06315523718,0.0,1,-0.5,-0.5,0.15024981016314318,FREE,0.05,0.19
2012-03-05,130707.63413335917,130707.63413335917,0,-0.5,1.9499999999999993,0.14988142989147948,FREE,0.05,0.19
2012-03-06,129966.12615220038,0.0,1,2.4499999999999993,-0.5,0.16117505198791038,FREE,0.05,0.19
2012-03-07,130649.85429067147,0.0,1,1.8999999999999995,-0.5,0.16098143899015743,FREE,0.05,0.27
2012-03-08,132123.24027920782,132123.24027920782,0,1.9499999999999993,1.1999999999999997,0.1643314569801028,FREE,0.05,0.27
2012-03-09,132123.24027920782,132123.24027920782,0,1.9999999999999996,1.9999999999999996,0.15947160684492426,FREE,0.05,0.27
2012-03-12,132123.24027920782,132123.24027920782,0,-0.5,2.0999999999999996,0.15857858141658962,FREE,0.05,0.27
2012-03-13,132295.36290532246,132295.36290532246,0,0.34999999999999987,2.499999999999999,0.13965931249955987,FREE,0.05,0.27
2012-03-14,132333.24275153733,0.0,1,0.5499999999999998,2.3999999999999995,0.11399049910775183,FREE,0.05,0.27
2012-03-15,132588.93171348746,132588.93171348746,0,-1.1102230246251565e-16,2.0999999999999996,0.11367053201017675,FREE,0.05,0.27
2012-03-16,132588.93171348746,132588.93171348746,0,-1.1102230246251565e-16,2.0999999999999996,0.13981597708380675,FREE,0.115,0.19
2012-03-19,132797.35283799784,132797.35283799784,0,-1.1102230246251565e-16,2.0999999999999996,0.11764914727092592,FREE,0.115,0.265
2012-03-20,133053.1331580596,0.0,1,2.0499999999999994,0.8999999999999997,0.14733101287442335,FREE,0.125,0.19
2012-03-21,134147.57789142928,0.0,1,1.7499999999999996,0.6499999999999997,0.14770957158308962,FREE,0.125,0.19
2012-03-22,133467.97537397098,0.0,1,2.0499999999999994,0.8999999999999997,0.14302740450414045,FREE,0.125,0.265
2012-03-23,134244.68869633682,0.0,1,2.4499999999999993,0.5499999999999998,0.15758818532345661,FREE,0.125,0.265
2012-03-26,136308.9576185019,0.0,1,2.4499999999999993,0.5499999999999998,0.11584900648211616,FORCE_BUY,0.125,0.265
2012-03-27,135531.2563036397,0.0,1,-0.5,1.9499999999999993,0.11793155873937201,FORCE_BUY,0.125,0.265
2012-03-28,134609.53622676598,134609.53622676598,0,2.499999999999999,1.6999999999999993,0.16458969304691037,FREE,0.125,0.265
2012-03-29,134657.7177487886,134657.7177487886,0,1.9499999999999993,2.0499999999999994,0.1594044523780159,FREE,0.125,0.265
2012-03-30,134657.7177487886,134657.7177487886,0,1.3999999999999995,2.1999999999999993,0.15549119564954283,FREE,0.125,0.265
2012-04-02,135988.87756561828,135988.87756561828,0,1.3999999999999995,2.1999999999999993,0.13135562629660158,FREE,0.125,0.265
2012-04-03,135988.87756561828,135988.87756561828,0,1.3999999999999995,2.1999999999999993,0.15885606978438996,FREE,0.125,0.265
2012-04-04,135494.51355137303,0.0,1,2.0499999999999994,-0.5,0.15024622253823408,FREE,0.125,0.265
2012-04-05,135590.33067247752,135590.33067247752,0,2.0999999999999996,1.2999999999999996,0.15574500001531955,FREE,0.125,0.265
2012-04-09,135374.56305766417,135374.56305766417,0,2.2499999999999996,1.0499999999999996,0.1783565815646976,FREE,0.125,0.265
2012-04-10,135374.56305766417,135374.56305766417,0,2.499999999999999,1.0499999999999996,0.27661692434738444,FORCE_SELL,0.125,0.265
2012-04-11,135374.56305766417,135374.56305766417,0,2.499999999999999,1.0499999999999996,0.2775277851382712,FORCE_SELL,0.125,0.265
2012-04-12,135374.56305766417,135374.56305766417,0,2.499999999999999,1.0499999999999996,0.3057724359204464,FORCE_SELL,0.125,0.19
2012-04-13,135374.56305766417,135374.56305766417,0,2.0499999999999994,-0.5,0.29313738455193233,FORCE_SELL,0.125,0.19
2012-04-16,135374.56305766417,135374.56305766417,0,1.4499999999999995,-0.5,0.27625213292605316,FORCE_SELL,0.125,0.19
2012-04-17,135374.56305766417,135374.56305766417,0,1.3499999999999996,2.2499999999999996,0.2892410099511559,FORCE_SELL,0.125,0.19
2012-04-18,135374.56305766417,135374.56305766417,0,1.3499999999999996,2.2499999999999996,0.24932500508576685,FORCE_SELL,0.125,0.19
2012-04-19,135374.56305766417,135374.56305766417,0,1.3999999999999995,2.499999999999999,0.24854628108976998,FORCE_SELL,0.125,0.19
2012-04-20,135374.56305766417,135374.56305766417,0,1.1999999999999997,2.0999999999999996,0.22499533349588705,FORCE_SELL,0.125,0.2
2012-04-23,135374.56305766417,135374.56305766417,0,1.1999999999999997,2.0999999999999996,0.22362096295250886,FORCE_SELL,0.125,0.2
2012-04-24,135374.56305766417,135374.56305766417,0,1.1999999999999997,2.0999999999999996,0.22050695717737331,FORCE_SELL,0.125,0.2
2012-04-25,135374.56305766417,135374.56305766417,0,-0.5,1.1499999999999997,0.21774517827518547,FORCE_SELL,0.125,0.2
2012-04-26,135792.98644836855,0.0,1,0.9499999999999997,1.2999999999999996,0.11076448190636935,FORCE_BUY,0.125,0.25
2012-04-27,136649.29478283337,0.0,1,1.2999999999999996,2.349999999999999,0.10374466479792706,FORCE_BUY,0.125,0.25
2012-04-30,136298.98682782502,0.0,1,1.7499999999999996,1.6499999999999995,0.12837118476472897,FREE,0.125,0.25
2012-05-01,136882.83341950556,0.0,1,1.2999999999999996,2.4499999999999993,0.1173882668446143,FORCE_BUY,0.125,0.25
2012-05-02,136522.79468796926,0.0,1,0.7499999999999998,1.4499999999999995,0.1316591737412411,FREE,0.125,0.25
2012-05-03,135859.4698483751,0.0,1,1.5499999999999994,0.9999999999999996,0.14165912623178434,FREE,0.125,0.25
2012-05-04,133434.05353067472,0.0,1,2.1999999999999993,1.2499999999999996,0.1614887305964572,FREE,0.125,0.22
2012-05-07,134128.20782439382,134128.20782439382,0,1.0499999999999996,2.0499999999999994,0.14416874106263486,FREE,0.125,0.22
2012-05-08,133617.0310063212,0.0,1,2.2499999999999996,2.4499999999999993,0.212291371142069,FREE,0.125,0.22
2012-05-09,133922.65764492517,0.0,1,2.0499999999999994,2.349999999999999,0.21676781717462812,FREE,0.125,0.22
2012-05-10,134109.30027618483,134109.30027618483,0,1.9499999999999993,-0.5,0.21019097980449938,FREE,0.125,0.22
2012-05-11,134109.30027618483,134109.30027618483,0,2.0999999999999996,2.2499999999999996,0.2426452308241298,FORCE_SELL,0.125,0.22
2012-05-14,134039.42048595607,0.0,1,2.0999999999999996,2.2499999999999996,0.20478245872533263,FREE,0.125,0.22
2012-05-15,133450.43368259928,0.0,1,1.8499999999999996,-0.5,0.19595619266620892,FREE,0.125,0.22
2012-05-16,132681.7559900828,132681.7559900828,0,1.9499999999999993,1.3999999999999995,0.1946043989080691,FREE,0.125,0.22
2012-05-17,131239.365770216,0.0,1,2.2999999999999994,-0.5,0.2014921176421931,FREE,0.125,0.22
2012-05-18,131638.47276010312,0.0,1,2.499999999999999,-0.5,0.19296651122853156,FREE,0.125,0.2
2012-05-21,132867.4099720445,132867.4099720445,0,2.349999999999999,-0.5,0.23153057838629412,FORCE_SELL,0.125,0.2
2012-05-22,132867.4099720445,132867.4099720445,0,1.3499999999999996,-0.5,0.2130283379953892,FORCE_SELL,0.125,0.2
2012-05-23,132867.4099720445,132867.4099720445,0,2.4499999999999993,-0.5,0.22125862263859522,FORCE_SELL,0.125,0.2
2012-05-24,132867.4099720445,132867.4099720445,0,2.4499999999999993,-0.5,0.20978861183535394,FREE,0.125,0.235
2012-05-25,132867.4099720445,132867.4099720445,0,1.4999999999999996,-0.5,0.20365961359948603,FREE,0.125,0.235
2012-05-29,132867.4099720445,132867.4099720445,0,1.7999999999999994,-0.5,0.2411633140832575,FORCE_SELL,0.125,0.235
2012-05-30,132374.51449315407,0.0,1,1.6499999999999995,2.1999999999999993,0.2196490195176334,FREE,0.125,0.235
2012-05-31,132233.5405693062,0.0,1,2.349999999999999,1.4999999999999996,0.21898098518908837,FORCE_SELL,0.125,0.2
2012-06-01,130944.63612269706,130944.63612269706,0,2.2499999999999996,1.5999999999999996,0.2410858242348439,FORCE_SELL,0.125,0.2
2012-06-04,130944.63612269706,130944.63612269706,0,2.2499999999999996,1.5999999999999996,0.20043680782520978,FORCE_SELL,0.125,0.2
2012-06-05,131260.38625647145,131260.38625647145,0,2.2499999999999996,1.5999999999999996,0.22985062322107783,FREE,0.125,0.235
2012-06-06,131562.69023218882,131562.69023218882,0,-0.5,1.7499999999999996,0.232137884770788,FREE,0.125,0.235
2012-06-07,131096.7183828359,0.0,1,1.4499999999999995,1.6999999999999993,0.20353852259815233,FREE,0.125,0.235
2012-06-08,131404.06151751548,131404.06151751548,0,1.8499999999999996,2.2999999999999994,0.21010230255592488,FORCE_SELL,0.125,0.15
2012-06-11,131404.06151751548,131404.06151751548,0,-0.5,-0.5,0.20719856494990604,FORCE_SELL,0.125,0.15
2012-06-12,131404.06151751548,131404.06151751548,0,2.4499999999999993,1.8999999999999995,0.21491596693028606,FORCE_SELL,0.125,0.15
2012-06-13,131404.06151751548,131404.06151751548,0,1.5499999999999994,2.2499999999999996,0.21017721304965684,FORCE_SELL,0.125,0.15
2012-06-14,131404.06151751548,131404.06151751548,0,1.7999999999999994,2.2999999999999994,0.21848625946186698,FORCE_SELL,0.125,0.15
2012-06-15,131404.06151751548,131404.06151751548,0,1.4999999999999996,-0.5,0.20422159029755224,FORCE_SELL,0.125,0.15
2012-06-18,131404.06151751548,131404.06151751548,0,2.3999999999999995,2.3999999999999995,0.2013195398751656,FORCE_SELL,0.125,0.15
2012-06-19,131404.06151751548,131404.06151751548,0,2.0499999999999994,2.349999999999999,0.20853442564061822,FORCE_SELL,0.125,0.15
2012-06-20,131307.15586742884,0.0,1,1.1999999999999997,2.1499999999999995,0.20106815858713914,FREE,0.125,0.235
2012-06-21,131646.32564273215,131646.32564273215,0,2.1999999999999993,-0.5,0.22461811503400195,FORCE_SELL,0.125,0.15
2012-06-22,131646.32564273215,131646.32564273215,0,2.349999999999999,-0.5,0.20855264829035355,FORCE_SELL,0.125,0.15
2012-06-25,131646.32564273215,131646.32564273215,0,-0.5,2.1999999999999993,0.22366794628119288,FORCE_SELL,0.125,0.15
2012-06-26,131646.32564273215,131646.32564273215,0,2.3999999999999995,2.2499999999999996,0.22727983443693947,FORCE_SELL,0.125,0.15
2012-06-27,131646.32564273215,131646.32564273215,0,-0.5,2.2499999999999996,0.2304415357126179,FORCE_SELL,0.125,0.15
2012-06-28,131646.32564273215,131646.32564273215,0,-0.5,2.2499999999999996,0.22409345485725748,FORCE_SELL,0.125,0.15
2012-06-29,131646.32564273215,131646.32564273215,0,-0.5,2.2499999999999996,0.22815430259938885,FORCE_SELL,0.125,0.15
2012-07-02,131646.32564273215,131646.32564273215,0,-0.5,-0.5,0.20228491699907858,FORCE_SELL,0.125,0.15
2012-07-03,131646.32564273215,131646.32564273215,0,-0.5,-0.5,0.20652722358866496,FORCE_SELL,0.125,0.15
2012-07-05,131598.11287153544,0.0,1,1.9499999999999993,-0.5,0.20625871422249487,FREE,0.14,0.22
2012-07-06,130117.42978669461,130117.42978669461,0,1.9999999999999996,-0.5,0.19936790409788663,FREE,0.14,0.22
2012-07-09,131056.51098792297,131056.51098792297,0,1.7499999999999996,-0.5,0.2088265852716571,FREE,0.14,0.22
2012-07-10,131056.51098792297,131056.51098792297,0,1.9999999999999996,1.7999999999999994,0.2268125945980144,FORCE_SELL,0.14,0.22
2012-07-11,131565.4683121479,0.0,1,1.8499999999999996,-0.5,0.21938371659861486,FREE,0.14,0.22
2012-07-12,130831.39524836192,130831.39524836192,0,1.7999999999999994,1.6499999999999995,0.22029497666460005,FORCE_SELL,0.14,0.22
2012-07-13,130831.39524836192,130831.39524836192,0,1.9999999999999996,1.9999999999999996,0.2577594791698109,FORCE_SELL,0.14,0.22
2012-07-16,130831.39524836192,130831.39524836192,0,1.9999999999999996,1.9999999999999996,0.2175423696584751,FREE,0.14,0.22
2012-07-17,130831.39524836192,130831.39524836192,0,1.9999999999999996,1.9999999999999996,0.23640566180067815,FORCE_SELL,0.14,0.22
2012-07-18,130831.39524836192,130831.39524836192,0,1.9999999999999996,1.9999999999999996,0.22973369080872663,FORCE_SELL,0.14,0.22
2012-07-19,130793.67577412924,130793.67577412924,0,0.3999999999999998,2.0499999999999994,0.2087298645863036,FREE,0.14,0.22
2012-07-20,129841.41020606131,0.0,1,1.1999999999999997,-0.5,0.2134566708194383,FREE,0.14,0.22
2012-07-23,128670.12355733778,128670.12355733778,0,1.5999999999999996,-0.5,0.26170119935995195,FORCE_SELL,0.12,0.22
2012-07-24,128670.12355733778,128670.12355733778,0,2.1499999999999995,-0.5,0.2463637561981482,FORCE_SELL,0.12,0.22
2012-07-25,128670.12355733778,128670.12355733778,0,2.1499999999999995,-0.5,0.23497884672672806,FORCE_SELL,0.12,0.22
2012-07-26,128670.12355733778,128670.12355733778,0,1.8499999999999996,-0.5,0.23486168163529855,FORCE_SELL,0.12,0.22
2012-07-27,128670.12355733778,128670.12355733778,0,1.4999999999999996,2.4499999999999993,0.17156020939580183,FREE,0.12,0.22
2012-07-30,128670.12355733778,128670.12355733778,0,1.4999999999999996,2.4499999999999993,0.14333172070258363,FREE,0.12,0.22
2012-07-31,128670.12355733778,128670.12355733778,0,0.9999999999999996,-0.5,0.16371418469236995,FREE,0.12,0.22
2012-08-01,128669.20378665013,0.0,1,1.0999999999999996,-0.5,0.16736803997427488,FREE,0.12,0.22
2012-08-02,129061.17495942443,129061.17495942443,0,0.9499999999999997,2.499999999999999,0.18473044432353966,FORCE_SELL,0.12,0.15
2012-08-03,129088.9639154912,129088.9639154912,0,1.1999999999999997,2.2999999999999994,0.17525062187154247,FREE,0.115,0.22
2012-08-06,129033.46167375038,0.0,1,1.5499999999999994,-0.5,0.14844787063320866,FREE,0.12,0.22
2012-08-07,129801.79034596312,0.0,1,-0.5,2.0499999999999994,0.15019811717316126,FREE,0.12,0.22
2012-08-08,129718.60776884023,0.0,1,1.1499999999999997,2.2499999999999996,0.17614911009053244,FREE,0.12,0.22
2012-08-09,130221.96646256784,0.0,1,1.0999999999999996,2.499999999999999,0.17579759955326102,FREE,0.12,0.22
2012-08-10,130537.02708021014,0.0,1,1.2499999999999996,2.499999999999999,0.18723266115077075,FREE,0.12,0.22
2012-08-13,130983.42447646537,130983.42447646537,0,0.6999999999999997,1.4499999999999995,0.18016073968565305,FREE,0.12,0.22
2012-08-14,130952.51573537044,0.0,1,0.2999999999999998,-0.5,0.15561883583299063,FREE,0.12,0.22
2012-08-15,131225.15082252666,131225.15082252666,0,1.1499999999999997,1.2499999999999996,0.18384502711266434,FREE,0.12,0.22
2012-08-16,131541.62515420248,131541.62515420248,0,-0.5,1.6999999999999993,0.16338789800585732,FREE,0.12,0.22
2012-08-17,131541.62515420248,131541.62515420248,0,0.34999999999999987,1.4999999999999996,0.1458059481155037,FORCE_BUY,0.165,0.22
2012-08-20,131541.62515420248,131541.62515420248,0,0.34999999999999987,1.4999999999999996,0.18716161752091476,FREE,0.165,0.22
2012-08-21,130675.00665374727,0.0,1,0.9999999999999996,-0.5,0.2029862835491142,FREE,0.165,0.22
2012-08-22,130905.94929409874,0.0,1,1.0499999999999996,1.0999999999999996,0.19618186434308563,FREE,0.165,0.22
2012-08-23,129688.73421190507,129688.73421190507,0,2.2999999999999994,-0.5,0.19633230868870286,FREE,0.165,0.22
2012-08-24,129688.73421190507,129688.73421190507,0,2.2499999999999996,1.6999999999999993,0.22339395802317272,FORCE_SELL,0.165,0.22
2012-08-27,129688.73421190507,129688.73421190507,0,0.8499999999999996,-0.5,0.19028881596510797,FREE,0.165,0.22
2012-08-28,129762.08238254454,0.0,1,0.6499999999999997,-0.5,0.1922967978010279,FREE,0.165,0.22
2012-08-29,129587.88047727582,0.0,1,1.6999999999999993,-0.5,0.19069065837543886,FREE,0.165,0.22
2012-08-30,128984.96941224868,0.0,1,2.1499999999999995,-0.5,0.1852446989839797,FREE,0.165,0.22
2012-08-31,129959.5511185498,129959.5511185498,0,0.9999999999999996,1.0999999999999996,0.20064634936129142,FREE,0.165,0.22
2012-09-04,130134.88457515222,0.0,1,-0.5,1.7999999999999994,0.19594626376632138,FREE,0.165,0.2
2012-09-05,130190.2493420423,0.0,1,1.2499999999999996,1.6999999999999993,0.1833080869043561,FREE,0.165,0.2
2012-09-06,131823.50996529992,131823.50996529992,0,1.1999999999999997,1.9999999999999996,0.20987335093741763,FORCE_SELL,0.165,0.2
2012-09-07,131823.50996529992,131823.50996529992,0,1.1999999999999997,1.9999999999999996,0.1675197202876337,FREE,0.165,0.2
2012-09-10,131155.09875272322,0.0,1,-0.5,1.2499999999999996,0.17532718707527314,FREE,0.165,0.2
2012-09-11,131493.88251800183,0.0,1,2.2999999999999994,1.5499999999999994,0.16452863448698105,FORCE_BUY,0.165,0.2
2012-09-12,132336.26377220807,0.0,1,2.0999999999999996,-0.5,0.13349420655070174,FORCE_BUY,0.165,0.2
2012-09-13,133121.32156145538,133121.32156145538,0,2.1499999999999995,1.7999999999999994,0.1743090793882597,FREE,0.165,0.2
2012-09-14,133085.10053661044,0.0,1,1.8999999999999995,1.5999999999999996,0.14547479623842322,FORCE_BUY,0.18,0.2
2012-09-17,132867.77438754064,0.0,1,1.8999999999999995,1.5999999999999996,0.15873724173211404,FORCE_BUY,0.18,0.22
2012-09-18,132840.6086189069,0.0,1,-0.5,-0.5,0.15730763124376523,FORCE_BUY,0.18,0.2
2012-09-19,132695.72451952705,0.0,1,-0.5,0.5999999999999996,0.16463421587626903,FORCE_BUY,0.18,0.2
2012-09-20,133039.84770997014,133039.84770997014,0,-0.5,0.5999999999999996,0.1772514143492626,FREE,0.05,0.2
2012-09-21,133080.0995723227,0.0,1,-0.5,0.4999999999999998,0.16645462549937343,FREE,0.05,0.2
2012-09-24,132888.66987912325,0.0,1,-0.5,0.4999999999999998,0.17447305893688034,FREE,0.05,0.2
2012-09-25,131503.81772893664,0.0,1,1.4999999999999996,0.5999999999999996,0.19849189257323266,FREE,0.05,0.2
2012-09-26,130743.02172115125,130743.02172115125,0,1.9499999999999993,-0.5,0.192516606345979,FORCE_SELL,0.05,0.19
2012-09-27,130743.02172115125,130743.02172115125,0,1.9499999999999993,-0.5,0.19007543178433436,FREE,0.05,0.22
2012-09-28,131266.15842539325,131266.15842539325,0,1.2999999999999996,0.44999999999999973,0.18672687209800257,FREE,0.05,0.22
2012-10-01,132374.24586137026,0.0,1,0.3999999999999998,-0.5,0.19611542664617185,FREE,0.05,0.22
2012-10-02,132438.46067225243,132438.46067225243,0,0.3999999999999998,-0.5,0.17435804166356503,FREE,0.05,0.22
2012-10-03,132754.56990842358,132754.56990842358,0,0.3999999999999998,1.6999999999999993,0.17670924450501638,FREE,0.05,0.22
2012-10-04,133356.50736472724,0.0,1,0.5999999999999996,1.6999999999999993,0.14367773516081242,FREE,0.05,0.22
2012-10-05,132612.20232052729,0.0,1,0.4999999999999998,1.8499999999999996,0.1438304220561908,FREE,0.05,0.22
2012-10-08,132466.70446431602,0.0,1,1.3999999999999995,-0.5,0.1714358792061049,FORCE_BUY,0.18,0.22
2012-10-09,131304.6984941109,0.0,1,2.499999999999999,-0.5,0.18532039820249332,FREE,0.18,0.22
2012-10-10,131642.36000677996,131642.36000677996,0,2.349999999999999,0.19999999999999984,0.18392299910931095,FREE,0.18,0.22
2012-10-11,131559.77958996381,131559.77958996381,0,2.0499999999999994,0.34999999999999987,0.1812848781806463,FREE,0.18,0.22
2012-10-12,131559.77958996381,131559.77958996381,0,1.9999999999999996,-0.5,0.25028385223880223,FORCE_SELL,0.18,0.22
2012-10-15,131559.77958996381,131559.77958996381,0,1.9999999999999996,-0.5,0.2806761428137919,FORCE_SELL,0.18,0.22
2012-10-16,131559.77958996381,131559.77958996381,0,1.9999999999999996,-0.5,0.27877046341298234,FORCE_SELL,0.18,0.22
2012-10-17,131559.77958996381,131559.77958996381,0,1.9999999999999996,-0.5,0.26886281192705785,FORCE_SELL,0.18,0.22
2012-10-18,131559.77958996381,131559.77958996381,0,1.9999999999999996,-0.5,0.27449917768285453,FORCE_SELL,0.18,0.22
2012-10-19,131559.77958996381,131559.77958996381,0,-0.5,-0.5,0.2898204103671322,FORCE_SELL,0.18,0.22
2012-10-22,131559.77958996381,131559.77958996381,0,-0.5,-0.5,0.2591338860848897,FORCE_SELL,0.18,0.22
2012-10-23,131559.77958996381,131559.77958996381,0,1.7999999999999994,-0.5,0.2598927230709589,FORCE_SELL,0.18,0.21
2012-10-24,131559.77958996381,131559.77958996381,0,1.6999999999999993,1.5999999999999996,0.26274574277298185,FORCE_SELL,0.18,0.21
2012-10-25,131559.77958996381,131559.77958996381,0,1.0499999999999996,1.1999999999999997,0.25868711419440843,FORCE_SELL,0.18,0.21
2012-10-26,131559.77958996381,131559.77958996381,0,1.0999999999999996,0.6999999999999997,0.23950775891821444,FORCE_SELL,0.145,0.185
2012-10-31,131559.77958996381,131559.77958996381,0,2.2999999999999994,-0.5,0.256648789222678,FORCE_SELL,0.18,0.21
2012-11-01,131559.77958996381,131559.77958996381,0,1.9499999999999993,1.1999999999999997,0.24837613556844937,FORCE_SELL,0.18,0.21
2012-11-02,131559.77958996381,131559.77958996381,0,1.3499999999999996,-0.5,0.2504151580315644,FORCE_SELL,0.18,0.21
2012-11-05,131559.77958996381,131559.77958996381,0,1.3499999999999996,0.8999999999999997,0.24289911548814702,FORCE_SELL,0.18,0.24
2012-11-06,131559.77958996381,131559.77958996381,0,1.3499999999999996,1.2999999999999996,0.24078929596733747,FORCE_SELL,0.18,0.21
2012-11-07,131559.77958996381,131559.77958996381,0,2.1999999999999993,1.7999999999999994,0.22756461745830783,FORCE_SELL,0.18,0.21
2012-11-08,131559.77958996381,131559.77958996381,0,2.499999999999999,-0.5,0.25656206343375504,FORCE_SELL,0.18,0.21
2012-11-09,131559.77958996381,131559.77958996381,0,2.349999999999999,1.2499999999999996,0.24832291329685874,FORCE_SELL,0.18,0.21
2012-11-12,131559.77958996381,131559.77958996381,0,2.3999999999999995,2.3999999999999995,0.2300863859119838,FORCE_SELL,0.145,0.185
2012-11-13,131559.77958996381,131559.77958996381,0,2.3999999999999995,2.1999999999999993,0.23661114189868668,FORCE_SELL,0.145,0.185
2012-11-14,131559.77958996381,131559.77958996381,0,2.2999999999999994,2.1999999999999993,0.2257357182525533,FORCE_SELL,0.145,0.185
2012-11-15,131559.77958996381,131559.77958996381,0,2.2999999999999994,-0.5,0.21244581561672918,FORCE_SELL,0.145,0.185
2012-11-16,131559.77958996381,131559.77958996381,0,-0.5,2.0499999999999994,0.21732790274632718,FORCE_SELL,0.145,0.185
2012-11-19,131559.77958996381,131559.77958996381,0,-0.5,2.0499999999999994,0.2707570576182568,FORCE_SELL,0.145,0.185
2012-11-20,131559.77958996381,131559.77958996381,0,1.4499999999999995,-0.5,0.2326749402569058,FORCE_SELL,0.145,0.185
2012-11-21,131559.77958996381,131559.77958996381,0,0.4999999999999998,-0.5,0.21018359022371666,FORCE_SELL,0.145,0.185
2012-11-23,131559.77958996381,131559.77958996381,0,0.4999999999999998,-0.5,0.21723651839226302,FORCE_SELL,0.145,0.185
2012-11-26,131559.77958996381,131559.77958996381,0,0.4999999999999998,-0.5,0.21255284562474674,FORCE_SELL,0.145,0.185
2012-11-27,131559.77958996381,131559.77958996381,0,2.499999999999999,1.4499999999999995,0.2015378276639619,FORCE_SELL,0.145,0.185
2012-11-28,131559.77958996381,131559.77958996381,0,2.2999999999999994,-0.5,0.2437352014536016,FORCE_SELL,0.145,0.185
2012-11-29,131559.77958996381,131559.77958996381,0,2.499999999999999,2.2999999999999994,0.2071402965495918,FORCE_SELL,0.145,0.185
2012-11-30,131310.17562334664,131310.17562334664,0,2.3999999999999995,-0.5,0.19439126140175703,FREE,0.18,0.22
2012-12-03,130378.72179882825,0.0,1,2.3999999999999995,-0.5,0.19889548265419835,FREE,0.18,0.22
2012-12-04,130539.154560445,130539.154560445,0,2.1499999999999995,1.3499999999999996,0.18791596165803773,FREE,0.18,0.22
2012-12-05,130539.154560445,130539.154560445,0,1.8499999999999996,1.5499999999999994,0.1999435927185846,FORCE_SELL,0.145,0.185
2012-12-06,130539.154560445,130539.154560445,0,1.3499999999999996,2.349999999999999,0.1987881918476686,FORCE_SELL,0.145,0.185
2012-12-07,130539.154560445,130539.154560445,0,-0.5,-0.5,0.1899673266172626,FORCE_SELL,0.145,0.185
2012-12-10,130539.154560445,130539.154560445,0,-0.5,-0.5,0.1869759977565323,FORCE_SELL,0.145,0.185
2012-12-11,131233.12320528226,0.0,1,-0.5,-0.5,0.11601571633661055,FORCE_BUY,0.145,0.185
2012-12-12,131004.84404579632,0.0,1,-0.5,-0.5,0.11796220825635932,FORCE_BUY,0.18,0.22
2012-12-13,130073.46507509364,0.0,1,-0.5,-0.5,0.14433586689486996,FORCE_BUY,0.18,0.22
2012-12-14,129799.53008371052,0.0,1,1.7999999999999994,-0.5,0.14285014473990873,FORCE_BUY,0.18,0.22
2012-12-17,131689.68152425418,0.0,1,0.7999999999999998,1.8499999999999996,0.1558223655126,FORCE_BUY,0.18,0.22
2012-12-18,132675.84749323348,0.0,1,0.8999999999999997,2.1999999999999993,0.13284210055739323,FORCE_BUY,0.18,0.22
2012-12-19,131570.9763613215,0.0,1,1.7999999999999994,-0.5,0.12451771389933997,FORCE_BUY,0.175,0.22
2012-12-20,132328.86317081482,0.0,1,1.5999999999999996,-0.5,0.150058787839321,FORCE_BUY,0.18,0.22
2012-12-21,130666.99088975711,0.0,1,1.9999999999999996,0.7999999999999998,0.15682422845329544,FORCE_BUY,0.18,0.22
2012-12-24,129845.18591560768,0.0,1,-0.5,-0.5,0.1463026832408396,FORCE_BUY,0.18,0.22
2012-12-26,129397.75876301524,0.0,1,2.3999999999999995,1.4499999999999995,0.16736612794626823,FORCE_BUY,0.18,0.22
2012-12-27,129406.88992939467,0.0,1,2.499999999999999,1.5499999999999994,0.16829145148415034,FORCE_BUY,0.18,0.22
2012-12-28,127197.14766557071,0.0,1,2.499999999999999,-0.5,0.20191961623277035,FREE,0.18,0.22
2012-12-31,128548.56028972751,128548.56028972751,0,2.499999999999999,-0.5,0.25987774822192616,FORCE_SELL,0.18,0.22
2013-01-02,128548.56028972751,128548.56028972751,0,2.499999999999999,-0.5,0.14664484645551776,FORCE_BUY,0.18,0.22
2013-01-03,128548.56028972751,128548.56028972751,0,2.499999999999999,-0.5,0.1407727256828404,FORCE_BUY,0.18,0.22
2013-01-04,128548.56028972751,128548.56028972751,0,2.499999999999999,-0.5,0.14218217324654878,FORCE_BUY,0.18,0.22
2013-01-07,128548.56028972751,128548.56028972751,0,2.499999999999999,-0.5,0.16136085009322274,FORCE_BUY,0.18,0.22
2013-01-08,128566.2119972853,0.0,1,2.1499999999999995,1.8999999999999995,0.16861685705343368,FORCE_BUY,0.18,0.22
2013-01-09,128804.5100493157,0.0,1,1.8999999999999995,-0.5,0.17428611833421837,FORCE_BUY,0.18,0.22
2013-01-10,129934.21933301532,0.0,1,1.6999999999999993,2.499999999999999,0.15587731466003305,FORCE_BUY,0.18,0.22
2013-01-11,129828.30908766849,0.0,1,2.2999999999999994,-0.5,0.15127973693282123,FORCE_BUY,0.18,0.22
2013-01-14,130626.77503834077,0.0,1,1.7499999999999996,-0.5,0.18452475159233275,FREE,0.18,0.22
2013-01-15,130306.415075034,130306.415075034,0,2.0999999999999996,0.8999999999999997,0.18837451597642305,FREE,0.18,0.22
2013-01-16,130306.415075034,130306.415075034,0,2.0999999999999996,0.8999999999999997,0.14946691054847416,FORCE_BUY,0.18,0.22
2013-01-17,130963.59286720805,0.0,1,2.0999999999999996,0.8999999999999997,0.18678911218924546,FREE,0.18,0.22
2013-01-18,131168.9454450963,0.0,1,1.4999999999999996,1.3999999999999995,0.1808999515710248,FREE,0.18,0.22
2013-01-22,131566.82900054147,131566.82900054147,0,1.4999999999999996,1.3999999999999995,0.1892108548082727,FREE,0.18,0.22
2013-01-23,131390.21737694184,0.0,1,0.6999999999999997,0.8999999999999997,0.17688558214609276,FORCE_BUY,0.18,0.22
2013-01-24,131648.72128658844,0.0,1,-0.5,0.7999999999999998,0.18843811365684823,FREE,0.18,0.22
2013-01-25,132186.81911548696,132186.81911548696,0,-0.5,0.9999999999999996,0.1854122668234112,FREE,0.18,0.22
2013-01-28,132186.81911548696,132186.81911548696,0,-0.5,0.9999999999999996,0.1872045982498566,FREE,0.16,0.22
2013-01-29,133255.4771707401,0.0,1,1.3999999999999995,0.6999999999999997,0.2031731772334243,FREE,0.16,0.22
2013-01-30,132786.42420108998,0.0,1,1.4499999999999995,0.8999999999999997,0.19592265906861198,FREE,0.16,0.22
2013-01-31,133007.88254698907,0.0,1,2.0999999999999996,0.7499999999999998,0.1932332720390638,FREE,0.16,0.22
2013-02-01,133600.89826301727,0.0,1,1.3999999999999995,1.6499999999999995,0.1969674924952817,FREE,0.18,0.22
2013-02-04,132373.0137841387,0.0,1,2.2499999999999996,0.09999999999999987,0.20672522925232126,FREE,0.18,0.22
2013-02-05,133769.11607051635,133769.11607051635,0,2.2999999999999994,1.5999999999999996,0.19385232199516197,FREE,0.18,0.22
2013-02-06,133981.92654285443,0.0,1,2.3999999999999995,1.1499999999999997,0.17059448943873887,FORCE_BUY,0.18,0.22
2013-02-07,134070.35987265635,0.0,1,2.4499999999999993,1.0499999999999996,0.18290629564473318,FREE,0.18,0.22
2013-02-08,134798.76174833102,0.0,1,0.9499999999999997,0.7999999999999998,0.17059236383613843,FORCE_BUY,0.18,0.22
2013-02-11,134736.58110040758,0.0,1,0.7999999999999998,-0.5,0.1629142763264059,FORCE_BUY,0.18,0.22
2013-02-12,135189.61153527838,0.0,1,0.9499999999999997,0.8499999999999996,0.1689539568628956,FORCE_BUY,0.18,0.22
2013-02-13,135011.95254121142,0.0,1,-0.5,1.0499999999999996,0.17463697770264344,FORCE_BUY,0.18,0.22
2013-02-14,135251.79218320182,0.0,1,-0.5,1.1499999999999997,0.17629306537287356,FORCE_BUY,0.18,0.22
2013-02-15,135038.60139032145,0.0,1,-0.5,0.7999999999999998,0.17308797141799157,FREE,0.17,0.22
2013-02-19,135793.29679711803,135793.29679711803,0,-0.5,0.7999999999999998,0.1754600628379768,FREE,0.17,0.22
2013-02-20,134416.0035542495,0.0,1,-0.5,1.1499999999999997,0.18969906245670778,FREE,0.18,0.22
2013-02-21,133696.48886432787,133696.48886432787,0,2.499999999999999,-0.5,0.18275268999743696,FREE,0.18,0.22
2013-02-22,133696.48886432787,133696.48886432787,0,-0.5,1.5999999999999996,0.18312825795350393,FREE,0.18,0.22
2013-02-25,133696.48886432787,133696.48886432787,0,-0.5,-0.5,0.22435649089207907,FORCE_SELL,0.19,0.22
2013-02-26,133696.48886432787,133696.48886432787,0,-0.5,-0.5,0.2567426040214058,FORCE_SELL,0.19,0.22
2013-02-27,133696.48886432787,133696.48886432787,0,-0.5,-0.5,0.3087481672566428,FORCE_SELL,0.19,0.22
2013-02-28,133696.48886432787,133696.48886432787,0,-0.5,1.4499999999999995,0.2616225515171457,FORCE_SELL,0.19,0.22
2013-03-01,133696.48886432787,133696.48886432787,0,1.8499999999999996,1.2499999999999996,0.2798793744055427,FORCE_SELL,0.19,0.22
2013-03-04,133696.48886432787,133696.48886432787,0,1.5999999999999996,2.2999999999999994,0.24688136343847952,FORCE_SELL,0.19,0.22
2013-03-05,133809.23971448914,0.0,1,-0.5,2.4499999999999993,0.1386393802401857,FORCE_BUY,0.19,0.22
2013-03-06,133835.25914144944,0.0,1,-0.5,1.9499999999999993,0.1375200664660546,FORCE_BUY,0.19,0.22
2013-03-07,134069.43398409215,0.0,1,1.2499999999999996,1.9499999999999993,0.13437382744155055,FORCE_BUY,0.19,0.22
2013-03-08,134841.34365058094,0.0,1,1.1499999999999997,2.0999999999999996,0.1374131451619017,FORCE_BUY,0.19,0.22
2013-03-11,135301.0201935462,0.0,1,2.1999999999999993,0.5499999999999998,0.13195486486512933,FORCE_BUY,0.19,0.22
2013-03-12,135066.84535090352,0.0,1,1.9499999999999993,0.5999999999999996,0.13584401784654107,FORCE_BUY,0.19,0.22
2013-03-13,135309.6933358663,0.0,1,1.3999999999999995,0.19999999999999984,0.1330291607328934,FORCE_BUY,0.19,0.22
2013-03-14,135882.12072899283,0.0,1,1.3999999999999995,0.4999999999999998,0.14263017324861751,FORCE_BUY,0.19,0.22
2013-03-15,135101.53792018394,0.0,1,2.4499999999999993,0.44999999999999973,0.1655843213333665,FORCE_BUY,0.19,0.22
2013-03-18,134312.04926817096,0.0,1,2.4499999999999993,0.44999999999999973,0.1956526282530218,FREE,0.19,0.22
2013-03-19,133610.68861437927,0.0,1,-0.5,0.9999999999999996,0.19360636721839675,FREE,0.19,0.22
2013-03-20,134545.93745554544,0.0,1,1.2999999999999996,-0.5,0.17249787281314863,FORCE_BUY,0.19,0.22
2013-03-21,133653.98717184068,0.0,1,1.3499999999999996,0.8499999999999996,0.19665711677798017,FORCE_BUY,0.26,0.28
2013-03-22,134952.94389568258,0.0,1,0.9999999999999996,0.6499999999999997,0.17990493137716934,FORCE_BUY,0.26,0.28
2013-03-25,134433.3612061458,0.0,1,1.5999999999999996,-0.5,0.1950641698464134,FORCE_BUY,0.26,0.28
2013-03-26,135238.7143749278,0.0,1,1.5999999999999996,1.5499999999999994,0.17372418765610498,FORCE_BUY,0.26,0.28
2013-03-27,135082.8395680668,0.0,1,1.0999999999999996,1.1999999999999997,0.1887474653378337,FORCE_BUY,0.26,0.28
2013-03-28,135784.27619894143,0.0,1,0.9499999999999997,1.0999999999999996,0.15717665406783926,FORCE_BUY,0.26,0.28
2013-04-01,135169.43668298956,0.0,1,0.9499999999999997,1.0999999999999996,0.16314952187674078,FORCE_BUY,0.26,0.28
2013-04-02,135931.49129431017,0.0,1,0.4999999999999998,1.0499999999999996,0.15560739455261183,FORCE_BUY,0.26,0.28
2013-04-03,134493.97918659178,0.0,1,1.3499999999999996,-0.5,0.20456912557961507,FORCE_BUY,0.26,0.28
2013-04-04,135191.08596172027,135191.08596172027,0,1.5999999999999996,0.8499999999999996,0.18548069415809135,FORCE_SELL,0.16,0.185
2013-04-05,135191.08596172027,135191.08596172027,0,1.0999999999999996,0.9999999999999996,0.2032432641241623,FORCE_SELL,0.16,0.185
2013-04-08,135191.08596172027,135191.08596172027,0,1.0999999999999996,0.9999999999999996,0.1902506550035645,FORCE_SELL,0.16,0.185
2013-04-09,135191.08596172027,135191.08596172027,0,1.0999999999999996,0.9999999999999996,0.16474020876681147,FREE,0.16,0.185
2013-04-10,135191.08596172027,135191.08596172027,0,1.0999999999999996,0.9999999999999996,0.1636939754615213,FREE,0.16,0.185
2013-04-11,135233.55614454314,0.0,1,1.0999999999999996,0.9999999999999996,0.15377949222070195,FORCE_BUY,0.16,0.185
2013-04-12,134944.78567952098,134944.78567952098,0,1.9999999999999996,1.3499999999999996,0.1742259865228006,FREE,0.16,0.185
2013-04-15,134944.78567952098,134944.78567952098,0,1.6499999999999995,-0.5,0.22239473652213607,FORCE_SELL,0.16,0.185
2013-04-16,134944.78567952098,134944.78567952098,0,1.6499999999999995,-0.5,0.19234918702464576,FORCE_SELL,0.16,0.185
2013-04-17,134944.78567952098,134944.78567952098,0,1.6499999999999995,-0.5,0.21106229748267658,FORCE_SELL,0.16,0.185
2013-04-18,134944.78567952098,134944.78567952098,0,1.7999999999999994,0.5499999999999998,0.20646324177069966,FORCE_SELL,0.16,0.185
2013-04-19,134944.78567952098,134944.78567952098,0,2.2999999999999994,0.5499999999999998,0.20414508660846242,FORCE_SELL,0.16,0.185
2013-04-22,134944.78567952098,134944.78567952098,0,2.2999999999999994,0.5499999999999998,0.18820859183008135,FORCE_SELL,0.16,0.185
2013-04-23,134944.78567952098,134944.78567952098,0,1.6999999999999993,2.2499999999999996,0.19194906654168953,FORCE_SELL,0.16,0.185
2013-04-24,135030.37795763815,0.0,1,-0.5,2.0999999999999996,0.15441826007994883,FORCE_BUY,0.16,0.215
2013-04-25,135638.08313227003,0.0,1,-0.5,2.0999999999999996,0.1561198760286775,FORCE_BUY,0.16,0.215
2013-04-26,135462.43067589536,135462.43067589536,0,1.1499999999999997,-0.5,0.1759208910224317,FREE,0.16,0.215
2013-04-29,135462.43067589536,135462.43067589536,0,1.1499999999999997,-0.5,0.16424730121541598,FREE,0.16,0.215
2013-04-30,136050.06475842,0.0,1,0.7499999999999998,2.3999999999999995,0.15555607912631783,FORCE_BUY,0.16,0.215
2013-05-01,134917.3787732638,0.0,1,1.5499999999999994,2.0999999999999996,0.1807785725000255,FREE,0.16,0.215
2013-05-02,136007.4825785269,0.0,1,-0.5,1.5999999999999996,0.1646751631351611,FREE,0.16,0.215
2013-05-03,136278.67537220885,136278.67537220885,0,0.6499999999999997,2.349999999999999,0.16067823241499,FREE,0.16,0.215
2013-05-06,136135.46356029515,0.0,1,-0.5,-0.5,0.14652658405701022,FORCE_BUY,0.18,0.215
2013-05-07,136876.7952925542,0.0,1,-0.5,1.1499999999999997,0.14682749615463886,FORCE_BUY,0.18,0.215
2013-05-08,137576.00590366215,0.0,1,-0.5,1.1499999999999997,0.147648877456244,FORCE_BUY,0.18,0.215
2013-05-09,137449.6425402089,0.0,1,-0.5,1.1499999999999997,0.1529765210051441,FORCE_BUY,0.18,0.215
2013-05-10,137525.46055828084,0.0,1,2.349999999999999,1.1999999999999997,0.17276023972217622,FORCE_BUY,0.18,0.215
2013-05-13,137955.09599402186,0.0,1,2.349999999999999,1.1999999999999997,0.16208610579346328,FORCE_BUY,0.18,0.215
2013-05-14,139134.48738625215,0.0,1,1.3499999999999996,1.4999999999999996,0.17678219196645736,FORCE_BUY,0.18,0.215
2013-05-15,139842.1222215903,0.0,1,-0.5,0.8499999999999996,0.1773666075155276,FORCE_BUY,0.18,0.215
2013-05-16,139387.21411315864,0.0,1,2.1999999999999993,-0.5,0.18765199234834448,FREE,0.18,0.215
2013-05-17,140583.45395384936,0.0,1,2.2499999999999996,0.8999999999999997,0.16895154346526534,FORCE_BUY,0.18,0.215
2013-05-20,140625.57507500044,0.0,1,2.2499999999999996,0.8999999999999997,0.16552747604788723,FORCE_BUY,0.18,0.215
2013-05-21,140810.9080080652,0.0,1,-0.5,0.4999999999999998,0.16693810905791864,FORCE_BUY,0.18,0.215
2013-05-22,139851.46559398147,139851.46559398147,0,2.2999999999999994,1.1999999999999997,0.20536392128677697,FREE,0.18,0.215
2013-05-23,139851.46559398147,139851.46559398147,0,2.1499999999999995,-0.5,0.20774640901663347,FORCE_SELL,0.175,0.195
2013-05-24,140335.46223718283,140335.46223718283,0,-0.5,-0.5,0.1924172197485733,FREE,0.19,0.215
2013-05-28,140479.32660780527,140479.32660780527,0,-0.5,-0.5,0.19385975993590532,FREE,0.19,0.215
2013-05-29,140317.88541712306,0.0,1,1.9999999999999996,-0.5,0.18802326734639793,FORCE_BUY,0.19,0.215
2013-05-30,141144.91011910755,0.0,1,2.499999999999999,1.6999999999999993,0.18600036239521936,FREE,0.185,0.215
2013-05-31,140043.59301670772,140043.59301670772,0,1.6499999999999995,1.2499999999999996,0.2098698341471329,FREE,0.18,0.215
2013-06-03,139924.1455753629,0.0,1,2.2499999999999996,-0.5,0.1924843861202191,FREE,0.18,0.215
2013-06-04,139778.89628834356,139778.89628834356,0,1.8999999999999995,-0.5,0.19418149052221514,FREE,0.18,0.215
2013-06-05,139625.59693838216,139625.59693838216,0,1.7499999999999996,0.34999999999999987,0.19459046668053834,FREE,0.18,0.215
2013-06-06,139970.192805665,139970.192805665,0,2.349999999999999,1.1999999999999997,0.20652730654004017,FREE,0.18,0.215
2013-06-07,139970.192805665,139970.192805665,0,2.2499999999999996,1.2999999999999996,0.18177096199251333,FREE,0.18,0.215
2013-06-10,139970.192805665,139970.192805665,0,2.2499999999999996,1.2999999999999996,0.17241749311413745,FORCE_BUY,0.175,0.195
2013-06-11,140434.3533566049,0.0,1,2.0499999999999994,-0.5,0.19331784292720508,FREE,0.175,0.195
2013-06-12,138930.1293489292,0.0,1,2.1499999999999995,-0.5,0.19306979350145834,FREE,0.175,0.195
2013-06-13,138801.19586255698,138801.19586255698,0,2.2499999999999996,2.1499999999999995,0.20852231642060468,FORCE_SELL,0.175,0.195
2013-06-14,138801.19586255698,138801.19586255698,0,1.8499999999999996,1.6499999999999995,0.1905025745257424,FREE,0.175,0.195
2013-06-17,139080.03189247506,139080.03189247506,0,1.0499999999999996,1.9499999999999993,0.18952414494039016,FREE,0.175,0.195
2013-06-18,140068.81257737632,0.0,1,0.9999999999999996,1.8999999999999995,0.1594909219656481,FORCE_BUY,0.175,0.195
2013-06-19,138683.57770786385,0.0,1,2.2999999999999994,-0.5,0.1881310808711217,FREE,0.175,0.195
2013-06-20,135566.4247792268,0.0,1,2.3999999999999995,-0.5,0.23182872030287802,FORCE_SELL,0.175,0.195
2013-06-21,135600.6141888727,0.0,1,1.9499999999999993,0.5999999999999996,0.19109551827806234,FREE,0.175,0.195
2013-06-24,134798.14266194284,134798.14266194284,0,2.4499999999999993,-0.5,0.281986571422538,FORCE_SELL,0.175,0.195
2013-06-25,134798.14266194284,134798.14266194284,0,1.9999999999999996,0.8999999999999997,0.30400322769512966,FORCE_SELL,0.175,0.195
2013-06-26,134798.14266194284,134798.14266194284,0,1.8499999999999996,2.1999999999999993,0.2805618625790561,FORCE_SELL,0.175,0.195
2013-06-27,134798.14266194284,134798.14266194284,0,1.1499999999999997,2.2499999999999996,0.2518917086903585,FORCE_SELL,0.175,0.195
2013-06-28,134798.14266194284,134798.14266194284,0,2.2999999999999994,-0.5,0.2690722762018036,FORCE_SELL,0.175,0.195
2013-07-01,134739.632895797,0.0,1,1.3499999999999996,1.7499999999999996,0.15596801470570684,FORCE_BUY,0.175,0.195
2013-07-02,134589.17921142207,134589.17921142207,0,1.7999999999999994,1.4499999999999995,0.18364847896075512,FREE,0.175,0.195
2013-07-03,134614.18494237112,0.0,1,2.2999999999999994,1.4499999999999995,0.18530183651834842,FREE,0.175,0.195
2013-07-05,136172.87550486173,0.0,1,2.2999999999999994,1.4499999999999995,0.15607369078300562,FORCE_BUY,0.175,0.195
2013-07-08,136914.71218968346,0.0,1,1.1499999999999997,-0.5,0.1500461162495238,FORCE_BUY,0.175,0.195
2013-07-09,137623.2078999065,0.0,1,1.1499999999999997,1.5499999999999994,0.14432742905022541,FORCE_BUY,0.175,0.195
2013-07-10,138940.1763965563,0.0,1,1.1499999999999997,1.5499999999999994,0.14800653695794358,FORCE_BUY,0.175,0.195
2013-07-11,139381.94430998946,0.0,1,0.24999999999999978,-0.5,0.1567640489820662,FORCE_BUY,0.175,0.195
2013-07-12,139606.99588853092,0.0,1,0.2999999999999998,-0.5,0.14745345146517144,FORCE_BUY,0.175,0.195
2013-07-15,140182.12770035898,0.0,1,0.2999999999999998,-0.5,0.14823072973943596,FORCE_BUY,0.175,0.195
2013-07-16,140215.0193172515,140215.0193172515,0,-0.5,0.7499999999999998,0.18339409787080163,FREE,0.175,0.195
2013-07-17,140743.2782705458,0.0,1,1.0999999999999996,1.5999999999999996,0.1558350790234697,FORCE_BUY,0.175,0.195
2013-07-18,141229.61191008656,0.0,1,-0.5,1.1499999999999997,0.15781588325313692,FORCE_BUY,0.175,0.195
2013-07-19,141858.49161638928,141858.49161638928,0,-0.5,1.1499999999999997,0.18781058502303968,FREE,0.175,0.195
2013-07-22,142093.07924722196,0.0,1,1.6999999999999993,0.8499999999999996,0.165716383546719,FORCE_BUY,0.175,0.195
2013-07-23,141908.76039442487,0.0,1,1.3999999999999995,0.7499999999999998,0.16782496127791777,FORCE_BUY,0.175,0.195
2013-07-24,141829.1536671799,141829.1536671799,0,1.7999999999999994,1.0999999999999996,0.1858207000557982,FREE,0.175,0.195
2013-07-25,141829.1536671799,141829.1536671799,0,1.7499999999999996,1.0499999999999996,0.20522946106933082,FORCE_SELL,0.175,0.195
2013-07-26,141829.1536671799,141829.1536671799,0,1.8999999999999995,0.9499999999999997,0.2212020139829045,FORCE_SELL,0.175,0.195
2013-07-29,141829.1536671799,141829.1536671799,0,1.8999999999999995,0.9499999999999997,0.21140461116458817,FORCE_SELL,0.175,0.195
2013-07-30,141829.1536671799,141829.1536671799,0,1.7999999999999994,0.9499999999999997,0.21344659790469747,FORCE_SELL,0.175,0.195
2013-07-31,141829.1536671799,141829.1536671799,0,1.6499999999999995,1.1499999999999997,0.22057841424556765,FORCE_SELL,0.175,0.195
2013-08-01,141829.1536671799,141829.1536671799,0,1.1499999999999997,1.2999999999999996,0.1749639852716319,FORCE_BUY,0.175,0.195
2013-08-02,141829.1536671799,141829.1536671799,0,1.1499999999999997,1.2999999999999996,0.16914726138157035,FORCE_BUY,0.18,0.2
2013-08-05,141829.1536671799,141829.1536671799,0,0.4999999999999998,0.7499999999999998,0.1944678687780802,FREE,0.18,0.2
2013-08-06,141829.1536671799,141829.1536671799,0,0.8499999999999996,0.7499999999999998,0.214852691152455,FORCE_SELL,0.18,0.2
2013-08-07,141829.1536671799,141829.1536671799,0,1.6499999999999995,-0.5,0.20073748840446703,FORCE_SELL,0.18,0.2
2013-08-08,141829.1536671799,141829.1536671799,0,-0.5,0.9999999999999996,0.20715234637920146,FORCE_SELL,0.18,0.2
2013-08-09,141829.1536671799,141829.1536671799,0,0.9499999999999997,-0.5,0.21636961803682822,FORCE_SELL,0.18,0.2
2013-08-12,141829.1536671799,141829.1536671799,0,1.4999999999999996,1.2999999999999996,0.295038161462027,FORCE_SELL,0.18,0.215
2013-08-13,141829.1536671799,141829.1536671799,0,-0.5,1.2499999999999996,0.3444091387706801,FORCE_SELL,0.18,0.215
2013-08-14,141829.1536671799,141829.1536671799,0,1.3999999999999995,0.9999999999999996,0.341444322262789,FORCE_SELL,0.18,0.215
2013-08-15,141829.1536671799,141829.1536671799,0,2.0499999999999994,-0.5,0.3135834708500917,FORCE_SELL,0.18,0.215
2013-08-16,141829.1536671799,141829.1536671799,0,1.5999999999999996,-0.5,0.32993022914579045,FORCE_SELL,0.18,0.215
2013-08-19,141829.1536671799,141829.1536671799,0,1.0499999999999996,-0.5,0.342302955581348,FORCE_SELL,0.18,0.215
2013-08-20,141829.1536671799,141829.1536671799,0,0.9499999999999997,-0.5,0.3383153069630538,FORCE_SELL,0.18,0.215
2013-08-21,141829.1536671799,141829.1536671799,0,1.0499999999999996,2.0999999999999996,0.3572620982821026,FORCE_SELL,0.18,0.215
2013-08-22,141829.1536671799,141829.1536671799,0,0.7499999999999998,2.0999999999999996,0.31087463625448636,FREE,0.18,0.34
2013-08-23,142145.62204769405,142145.62204769405,0,0.7999999999999998,2.2999999999999994,0.2981201507479344,FREE,0.18,0.34
2013-08-26,142145.62204769405,142145.62204769405,0,0.7999999999999998,2.2999999999999994,0.31754405400513164,FORCE_SELL,0.18,0.205
2013-08-27,142145.62204769405,142145.62204769405,0,1.1499999999999997,-0.5,0.3497979553921316,FORCE_SELL,0.18,0.205
2013-08-28,142145.62204769405,142145.62204769405,0,1.3499999999999996,-0.5,0.3053168863882973,FORCE_SELL,0.18,0.2
2013-08-29,142145.62204769405,142145.62204769405,0,1.0499999999999996,1.1999999999999997,0.31714616463040707,FORCE_SELL,0.18,0.2
2013-08-30,142145.62204769405,142145.62204769405,0,0.9999999999999996,1.2499999999999996,0.30404601872614867,FORCE_SELL,0.18,0.2
2013-09-03,142145.62204769405,142145.62204769405,0,0.9999999999999996,1.2499999999999996,0.30920573518616246,FORCE_SELL,0.18,0.2
2013-09-04,142145.62204769405,142145.62204769405,0,0.8999999999999997,-0.5,0.15985510968640618,FORCE_BUY,0.18,0.2
2013-09-05,142274.19856163696,0.0,1,1.0999999999999996,-0.5,0.14801299836156886,FORCE_BUY,0.18,0.2
2013-09-06,142154.19381529026,0.0,1,1.0999999999999996,-0.5,0.16375908365290062,FORCE_BUY,0.18,0.2
2013-09-09,143825.68849654816,0.0,1,1.0999999999999996,-0.5,0.143445181790626,FORCE_BUY,0.18,0.2
2013-09-10,144605.71934780187,0.0,1,1.0999999999999996,-0.5,0.13349309583076174,FORCE_BUY,0.18,0.2
2013-09-11,145248.60191751647,0.0,1,1.0999999999999996,-0.5,0.15260850693934452,FORCE_BUY,0.18,0.2
2013-09-12,144982.87712203444,0.0,1,0.7499999999999998,1.7999999999999994,0.15223103382793104,FORCE_BUY,0.18,0.2
2013-09-13,145317.17605828602,0.0,1,0.9499999999999997,1.7499999999999996,0.17602373304911434,FORCE_BUY,0.18,0.2
2013-09-16,145874.34095203868,0.0,1,1.3499999999999996,0.8499999999999996,0.1597520170069228,FORCE_BUY,0.18,0.2
2013-09-17,146688.65887367714,0.0,1,1.0999999999999996,0.5999999999999996,0.17266248756073846,FORCE_BUY,0.18,0.2
2013-09-18,146833.7341460252,0.0,1,-0.5,1.1499999999999997,0.19321250010586408,FREE,0.18,0.2
2013-09-19,146545.42582072117,0.0,1,0.8999999999999997,1.7999999999999994,0.15813762270761852,FORCE_BUY,0.18,0.2
2013-09-20,144696.86067612463,0.0,1,1.6999999999999993,-0.5,0.19901657508994744,FREE,0.18,0.2
2013-09-23,144586.62513997898,144586.62513997898,0,1.8999999999999995,-0.5,0.19617861395633837,FORCE_SELL,0.155,0.195
2013-09-24,144586.62513997898,144586.62513997898,0,1.8999999999999995,-0.5,0.19421714990456415,FREE,0.155,0.195
2013-09-25,144586.62513997898,144586.62513997898,0,-0.5,0.8499999999999996,0.27105785539095795,FORCE_SELL,0.155,0.195
2013-09-26,144586.62513997898,144586.62513997898,0,1.5499999999999994,0.8499999999999996,0.29906298350718413,FORCE_SELL,0.155,0.195
2013-09-27,144586.62513997898,144586.62513997898,0,1.6999999999999993,0.6999999999999997,0.25533323691131943,FORCE_SELL,0.155,0.195
2013-09-30,144586.62513997898,144586.62513997898,0,0.7499999999999998,1.2999999999999996,0.2767177793406334,FORCE_SELL,0.155,0.195
2013-10-01,145091.96314621432,0.0,1,0.7499999999999998,0.9999999999999996,0.2996686200813332,FREE,0.155,0.34
2013-10-02,144560.92998711957,144560.92998711957,0,0.6499999999999997,-0.5,0.28662379574512276,FORCE_SELL,0.155,0.195
2013-10-03,144560.92998711957,144560.92998711957,0,0.3999999999999998,-0.5,0.2696409994316085,FORCE_SELL,0.155,0.185
2013-10-04,144560.92998711957,144560.92998711957,0,1.1999999999999997,1.1999999999999997,0.2796066343658434,FORCE_SELL,0.155,0.185
2013-10-07,144560.92998711957,144560.92998711957,0,0.8499999999999996,1.1999999999999997,0.2729470875144147,FORCE_SELL,0.155,0.185
2013-10-08,144560.92998711957,144560.92998711957,0,1.5999999999999996,1.2999999999999996,0.292203182295204,FORCE_SELL,0.155,0.185
2013-10-09,144871.2685118704,0.0,1,1.8999999999999995,-0.5,0.2767512470605289,FREE,0.21,0.34
2013-10-10,145535.6552127455,145535.6552127455,0,-0.5,1.7999999999999994,0.2782613820576773,FREE,0.21,0.34
2013-10-11,146984.71525397952,0.0,1,0.44999999999999973,1.4999999999999996,0.26929785458295585,FORCE_BUY,0.3,0.34
2013-10-14,147760.9974189263,0.0,1,1.6999999999999993,1.7999999999999994,0.2817031951699454,FORCE_BUY,0.3,0.34
2013-10-15,147372.85633645294,0.0,1,1.1999999999999997,1.6499999999999995,0.1539019550285723,FORCE_BUY,0.3,0.34
2013-10-16,148269.89350483587,0.0,1,1.3999999999999995,1.6499999999999995,0.16023588148743798,FORCE_BUY,0.3,0.34
2013-10-17,149753.45497562306,0.0,1,-0.5,2.2499999999999996,0.16850613219198393,FORCE_BUY,0.3,0.34
2013-10-18,150339.9792780273,0.0,1,-0.5,2.2499999999999996,0.15694224634730766,FORCE_BUY,0.3,0.34
2013-10-21,150383.10606496877,0.0,1,-0.5,2.2499999999999996,0.1638842436078121,FORCE_BUY,0.3,0.34
2013-10-22,151219.76573163364,0.0,1,-0.5,1.9499999999999993,0.16551929533245868,FORCE_BUY,0.3,0.34
2013-10-23,150736.74571788896,0.0,1,1.8999999999999995,1.1999999999999997,0.19087628132094694,FORCE_BUY,0.3,0.34
2013-10-24,151280.14323335173,0.0,1,1.8499999999999996,1.2999999999999996,0.18732807754613376,FORCE_BUY,0.3,0.34
2013-10-25,151659.65895843683,0.0,1,-0.5,1.0499999999999996,0.16160657830845535,FORCE_BUY,0.3,0.34
2013-10-28,151944.29575225065,0.0,1,1.3499999999999996,-0.5,0.1662491508816973,FORCE_BUY,0.3,0.34
2013-10-29,152815.4568484687,0.0,1,1.6499999999999995,1.3999999999999995,0.16160165973097193,FORCE_BUY,0.3,0.34
2013-10-30,151771.7886044847,0.0,1,0.8499999999999996,0.9499999999999997,0.1808782028333854,FORCE_BUY,0.3,0.34
2013-10-31,151728.6618175432,0.0,1,1.2499999999999996,0.8499999999999996,0.19552252489044963,FORCE_BUY,0.3,0.34
2013-11-01,151806.2900340379,0.0,1,1.2999999999999996,-0.5,0.19316289773478923,FORCE_BUY,0.31,0.34
2013-11-04,152504.94398249,0.0,1,1.2999999999999996,-0.5,0.18519417181698583,FORCE_BUY,0.31,0.34
2013-11-05,152125.42825740488,0.0,1,1.2999999999999996,-0.5,0.19370577949590398,FORCE_BUY,0.31,0.34
2013-11-06,152513.56933987828,0.0,1,1.2999999999999996,0.7499999999999998,0.19207585420709417,FORCE_BUY,0.31,0.34
2013-11-07,151159.38822991555,0.0,1,1.3499999999999996,-0.5,0.20900836549218774,FORCE_BUY,0.31,0.34
2013-11-08,152384.1889790538,152384.1889790538,0,1.1499999999999997,0.9999999999999996,0.2267824512086387,FREE,0.195,0.28
2013-11-11,152384.1889790538,152384.1889790538,0,1.1499999999999997,0.9999999999999996,0.18929193400326208,FORCE_BUY,0.195,0.28
2013-11-12,152798.6753546981,152798.6753546981,0,0.3999999999999998,1.1499999999999997,0.19885645362092844,FREE,0.195,0.28
2013-11-13,153444.39270969082,153444.39270969082,0,0.9999999999999996,1.5999999999999996,0.23383112366680567,FREE,0.195,0.28
2013-11-14,153444.39270969082,153444.39270969082,0,0.7499999999999998,1.6499999999999995,0.17792780784073084,FORCE_BUY,0.31,0.34
2013-11-15,153700.7029425021,0.0,1,0.3999999999999998,1.4499999999999995,0.16895538459896878,FORCE_BUY,0.31,0.34
2013-11-18,153350.41229099335,0.0,1,0.3999999999999998,1.4499999999999995,0.18593482803200276,FORCE_BUY,0.31,0.34
2013-11-19,152889.05387193302,0.0,1,1.9499999999999993,1.0499999999999996,0.21045669950954213,FORCE_BUY,0.31,0.34
2013-11-20,152513.13219714313,0.0,1,1.6999999999999993,1.0499999999999996,0.22911022839450604,FORCE_BUY,0.31,0.34
2013-11-21,153786.13968677254,0.0,1,1.6999999999999993,1.0499999999999996,0.20671843985127436,FORCE_BUY,0.31,0.34
2013-11-22,154281.67280354103,0.0,1,1.6999999999999993,1.0499999999999996,0.1794071998111296,FORCE_BUY,0.31,0.34
2013-11-25,154495.2646642171,0.0,1,1.6999999999999993,1.0499999999999996,0.17574789003775573,FORCE_BUY,0.31,0.34
2013-11-26,154418.37159437372,0.0,1,0.7499999999999998,-0.5,0.17704699033189128,FORCE_BUY,0.31,0.34
2013-11-27,154708.85652489317,0.0,1,0.8999999999999997,-0.5,0.16635958964126077,FORCE_BUY,0.31,0.34
2013-11-29,154640.50712947684,0.0,1,0.9999999999999996,0.7499999999999998,0.18497028444091693,FORCE_BUY,0.31,0.34
2013-12-02,154341.47852453034,0.0,1,0.9999999999999996,0.7499999999999998,0.215139600717177,FORCE_BUY,0.31,0.34
2013-12-03,153632.35354708575,0.0,1,2.3999999999999995,-0.5,0.22129674086127338,FORCE_BUY,0.31,0.34
2013-12-04,153581.0915005235,0.0,1,1.5999999999999996,0.4999999999999998,0.24475234854260566,FORCE_BUY,0.31,0.34
2013-12-05,153059.9273604739,0.0,1,1.5499999999999994,0.6999999999999997,0.2156616101462904,FORCE_BUY,0.31,0.34
2013-12-06,153341.8686165663,153341.8686165663,0,1.5499999999999994,0.6999999999999997,0.20336781537069518,FREE,0.195,0.28
2013-12-09,153341.8686165663,153341.8686165663,0,1.5499999999999994,0.6999999999999997,0.2010132152584486,FORCE_BUY,0.31,0.34
2013-12-10,153341.8686165663,153341.8686165663,0,0.8499999999999996,0.8499999999999996,0.20621501790124253,FORCE_BUY,0.31,0.34
2013-12-11,152057.28486282975,0.0,1,1.4999999999999996,-0.5,0.23665767268601146,FORCE_BUY,0.31,0.34
2013-12-12,151461.7824604353,0.0,1,1.6499999999999995,-0.5,0.2686962625921738,FORCE_BUY,0.31,0.34
2013-12-13,151402.23222019587,0.0,1,1.4999999999999996,-0.5,0.2909878092906471,FORCE_BUY,0.31,0.34
2013-12-16,151504.31834632062,151504.31834632062,0,1.4999999999999996,-0.5,0.29369345471307445,FORCE_SELL,0.205,0.28
2013-12-17,151695.27412946447,0.0,1,0.7499999999999998,1.5499999999999994,0.2999518216806118,FORCE_BUY,0.31,0.34
2013-12-18,151440.666418606,151440.666418606,0,1.6499999999999995,2.3999999999999995,0.3428736149212434,FORCE_SELL,0.31,0.34
2013-12-19,151440.666418606,151440.666418606,0,1.6499999999999995,2.3999999999999995,0.2700336298669123,FORCE_BUY,0.31,0.34
2013-12-20,151824.60990710114,0.0,1,1.6499999999999995,2.3999999999999995,0.27625875543148415,FORCE_BUY,0.31,0.34
2013-12-23,152166.82040771638,0.0,1,1.6499999999999995,2.3999999999999995,0.2637860142927361,FORCE_BUY,0.345,0.365
2013-12-24,153034.86655561844,0.0,1,1.6499999999999995,2.3999999999999995,0.2618865289251684,FORCE_BUY,0.345,0.365
2013-12-26,153293.61108047387,0.0,1,1.6499999999999995,2.3999999999999995,0.16008608960821166,FORCE_BUY,0.345,0.365
2013-12-27,153452.1964344175,0.0,1,1.6499999999999995,2.3999999999999995,0.16574480178476522,FORCE_BUY,0.345,0.365
2013-12-30,153368.7304586577,0.0,1,0.04999999999999982,1.0499999999999996,0.18319685722391577,FORCE_BUY,0.345,0.365
2013-12-31,154395.3619605034,0.0,1,0.8999999999999997,1.5999999999999996,0.1657386308830909,FORCE_BUY,0.345,0.365
2014-01-02,152817.85501864293,0.0,1,-0.5,0.8499999999999996,0.21621210599524412,FORCE_BUY,0.345,0.365
2014-01-03,152458.95132287574,0.0,1,2.0499999999999994,1.3499999999999996,0.20328177276987922,FORCE_BUY,0.345,0.365
2014-01-06,152229.41988953625,0.0,1,1.0999999999999996,0.7999999999999998,0.21163584499694077,FORCE_BUY,0.345,0.365
2014-01-07,152984.78697016256,0.0,1,1.0499999999999996,0.8499999999999996,0.19052990262033406,FORCE_BUY,0.345,0.365
2014-01-08,153176.75871441013,0.0,1,0.5999999999999996,1.2499999999999996,0.1960140504333163,FORCE_BUY,0.345,0.365
2014-01-09,153318.6508732018,0.0,1,1.0499999999999996,0.9499999999999997,0.2038059668864848,FORCE_BUY,0.345,0.365
2014-01-10,153735.98075200088,0.0,1,0.6499999999999997,1.4499999999999995,0.20199467964318132,FORCE_BUY,0.345,0.365
2014-01-13,151849.6496998291,0.0,1,2.3999999999999995,-0.5,0.24418800828281118,FORCE_BUY,0.345,0.365
2014-01-14,153293.61108047387,0.0,1,2.3999999999999995,-0.5,0.21395582569431704,FORCE_BUY,0.345,0.365
2014-01-15,154161.65722837593,0.0,1,-0.5,1.3499999999999996,0.1753716358887637,FORCE_BUY,0.345,0.365
2014-01-16,153677.554568969,0.0,1,1.9999999999999996,1.3499999999999996,0.19394642753964822,FORCE_BUY,0.345,0.365
2014-01-17,153243.531495018,0.0,1,1.9999999999999996,1.3499999999999996,0.21498809403348018,FORCE_BUY,0.345,0.365
2014-01-21,153694.24776412096,0.0,1,1.9999999999999996,1.3499999999999996,0.21431642967310718,FORCE_BUY,0.345,0.365
2014-01-22,154036.45826473623,0.0,1,1.9999999999999996,1.3499999999999996,0.19193210112612571,FORCE_BUY,0.345,0.365
2014-01-23,152609.1900792434,0.0,1,1.9499999999999993,-0.5,0.214218526005897,FORCE_BUY,0.345,0.365
2014-01-24,149061.88610945133,0.0,1,2.499999999999999,-0.5,0.22929039669506437,FORCE_BUY,0.345,0.365
2014-01-27,148602.82324277234,0.0,1,2.499999999999999,-0.5,0.21282969556856454,FORCE_BUY,0.345,0.365
2014-01-28,150380.64852645635,0.0,1,1.4999999999999996,2.2999999999999994,0.19775706176189142,FORCE_BUY,0.345,0.365
2014-01-29,148477.6242791326,0.0,1,1.8499999999999996,2.2999999999999994,0.20108420849402794,FORCE_BUY,0.345,0.365
2014-01-30,149295.59084157879,0.0,1,1.8499999999999996,-0.5,0.18619127066393268,FORCE_BUY,0.345,0.365
2014-01-31,148652.90282822822,0.0,1,2.499999999999999,2.349999999999999,0.18908258329875882,FORCE_BUY,0.345,0.365
2014-02-03,145648.12770087493,0.0,1,2.499999999999999,2.349999999999999,0.2054371401736038,FORCE_BUY,0.345,0.365
2014-02-04,146032.0711893701,0.0,1,2.499999999999999,2.349999999999999,0.19066390032742211,FORCE_BUY,0.345,0.365
2014-02-05,146265.77592149755,0.0,1,2.499999999999999,2.349999999999999,0.18969790154672708,FORCE_BUY,0.345,0.365
2014-02-06,147935.09543669384,0.0,1,1.0499999999999996,2.3999999999999995,0.1938992461469916,FORCE_BUY,0.345,0.365
2014-02-07,150146.9437943289,0.0,1,-0.5,2.1999999999999993,0.18644418752641237,FORCE_BUY,0.345,0.365
2014-02-10,150355.6087337284,0.0,1,0.7999999999999998,2.0999999999999996,0.1708311020554941,FORCE_BUY,0.345,0.365
2014-02-11,151666.0245531575,0.0,1,-0.5,2.499999999999999,0.17651665372213232,FORCE_BUY,0.345,0.365
2014-02-12,151899.729285285,0.0,1,0.34999999999999987,-0.5,0.1684603323495886,FORCE_BUY,0.345,0.365
2014-02-13,152709.34925015518,0.0,1,0.5499999999999998,-0.5,0.18244239948309046,FORCE_BUY,0.345,0.365
2014-02-14,153585.7419956332,0.0,1,0.4999999999999998,-0.5,0.1756175350246739,FORCE_BUY,0.345,0.365
2014-02-18,153585.7419956332,0.0,1,0.4999999999999998,-0.5,0.17131954782775147,FORCE_BUY,0.345,0.365
2014-02-19,152993.13356773855,0.0,1,1.9499999999999993,-0.5,0.18715548466339946,FORCE_BUY,0.345,0.365
2014-02-20,153902.9127035205,0.0,1,2.0999999999999996,2.1499999999999995,0.1984839056277953,FORCE_BUY,0.345,0.365
2014-02-21,153468.8896295695,0.0,1,-0.5,2.2999999999999994,0.18941196693011964,FORCE_BUY,0.345,0.365
2014-02-24,154470.48133868724,0.0,1,-0.5,2.2999999999999994,0.18841189897800648,FORCE_BUY,0.205,0.235
2014-02-25,154662.45308293484,0.0,1,-0.5,2.2999999999999994,0.20129536838815243,FORCE_BUY,0.205,0.235
2014-02-26,154295.20278959165,0.0,1,-0.5,2.2999999999999994,0.19521883915636618,FORCE_BUY,0.205,0.235
2014-02-27,155113.1693520378,0.0,1,-0.5,2.2999999999999994,0.19868796462365446,FORCE_BUY,0.205,0.235
2014-02-28,155488.76624295698,0.0,1,-0.5,1.9999999999999996,0.19046115729684887,FORCE_BUY,0.205,0.235
2014-03-03,154286.85619201564,154286.85619201564,0,2.0499999999999994,1.9999999999999996,0.2094130081215767,FREE,0.205,0.235
2014-03-04,154286.85619201564,154286.85619201564,0,2.0499999999999994,1.8499999999999996,0.18234695806960555,FORCE_BUY,0.205,0.235
2014-03-05,154286.85619201564,154286.85619201564,0,2.0499999999999994,1.8499999999999996,0.18037751476189937,FORCE_BUY,0.205,0.235
2014-03-06,154286.85619201564,154286.85619201564,0,0.8499999999999996,0.7499999999999998,0.18063961715923837,FORCE_BUY,0.205,0.235
2014-03-07,154270.46275247974,0.0,1,1.3499999999999996,1.2499999999999996,0.18694278106850082,FORCE_BUY,0.205,0.235
2014-03-10,154172.10211526442,0.0,1,1.9499999999999993,1.3999999999999995,0.20372634354960054,FORCE_BUY,0.205,0.235
2014-03-11,154104.7506497353,0.0,1,1.4499999999999995,-0.5,0.2120036754620864,FREE,0.205,0.235
2014-03-12,154972.7136575286,154972.7136575286,0,1.8999999999999995,1.0999999999999996,0.20903229458347258,FREE,0.205,0.235
2014-03-13,154972.7136575286,154972.7136575286,0,1.8999999999999995,1.8499999999999996,0.2286914367148376,FREE,0.205,0.235
2014-03-14,154646.12034548688,0.0,1,1.9499999999999993,0.9999999999999996,0.2169820492732983,FREE,0.205,0.235
2014-03-17,156033.57680392987,156033.57680392987,0,-0.5,2.499999999999999,0.20933708486372382,FREE,0.205,0.235
2014-03-18,157282.18061401503,0.0,1,-0.5,2.0499999999999994,0.20687599578406735,FREE,0.205,0.235
2014-03-19,156377.16763255655,0.0,1,1.3999999999999995,1.3999999999999995,0.21791792797021758,FREE,0.205,0.235
2014-03-20,156159.26708277114,156159.26708277114,0,1.3499999999999996,1.7499999999999996,0.21157696685451785,FREE,0.205,0.235
2014-03-21,154919.11513759827,0.0,1,1.6999999999999993,2.1999999999999993,0.20296636557889144,FORCE_BUY,0.345,0.365
2014-03-24,154203.3227397133,154203.3227397133,0,1.6999999999999993,2.1999999999999993,0.2245137649453367,FREE,0.21,0.235
2014-03-25,154203.3227397133,154203.3227397133,0,1.6999999999999993,2.1999999999999993,0.21743750194040834,FREE,0.21,0.235
2014-03-26,153804.24151409697,0.0,1,1.8999999999999995,-0.5,0.22504968973638986,FREE,0.21,0.235
2014-03-27,153945.58278150274,153945.58278150274,0,2.0999999999999996,-0.5,0.21780697330131205,FREE,0.21,0.23
2014-03-28,154311.64447856208,154311.64447856208,0,1.8999999999999995,1.6999999999999993,0.21758598158391815,FREE,0.21,0.23
2014-03-31,154311.64447856208,154311.64447856208,0,1.8999999999999995,1.6999999999999993,0.2117971426496131,FREE,0.21,0.23
2014-04-01,154311.64447856208,154311.64447856208,0,1.8999999999999995,1.6999999999999993,0.20838009083317746,FORCE_BUY,0.21,0.23
2014-04-02,154311.64447856208,154311.64447856208,0,-0.5,1.6499999999999995,0.1891383131964031,FORCE_BUY,0.21,0.23
2014-04-03,155021.28361024533,0.0,1,-0.5,1.5999999999999996,0.1909516044591262,FORCE_BUY,0.21,0.23
2014-04-04,153410.419646194,153410.419646194,0,1.2999999999999996,-0.5,0.21063700315469713,FREE,0.205,0.225
2014-04-07,153410.419646194,153410.419646194,0,2.4499999999999993,-0.5,0.22647981687311702,FORCE_SELL,0.205,0.225
2014-04-08,154242.81476093188,154242.81476093188,0,2.3999999999999995,-0.5,0.2193839886015773,FREE,0.205,0.225
2014-04-09,154242.81476093188,154242.81476093188,0,1.9999999999999996,1.1499999999999997,0.2201421170506944,FREE,0.205,0.225
2014-04-10,154242.81476093188,154242.81476093188,0,1.6499999999999995,1.0499999999999996,0.24017828356320492,FORCE_SELL,0.205,0.225
2014-04-11,154242.81476093188,154242.81476093188,0,2.2499999999999996,-0.5,0.22984239853084398,FORCE_SELL,0.205,0.225
2014-04-14,155526.68362311702,155526.68362311702,0,-0.5,1.7499999999999996,0.22072831960446063,FREE,0.205,0.225
2014-04-15,155526.68362311702,155526.68362311702,0,-0.5,1.7999999999999994,0.2263451676074226,FORCE_SELL,0.205,0.225
2014-04-16,156139.89759440324,156139.89759440324,0,1.0999999999999996,1.5499999999999994,0.21019088451524584,FREE,0.205,0.225
2014-04-17,156855.40684127572,156855.40684127572,0,1.3999999999999995,1.9999999999999996,0.20639756827294373,FREE,0.205,0.225
2014-04-21,156855.40684127572,156855.40684127572,0,1.3999999999999995,1.9999999999999996,0.1989735163499413,FORCE_BUY,0.2,0.225
2014-04-22,156855.40684127572,156855.40684127572,0,-0.5,2.3999999999999995,0.18926411272012236,FORCE_BUY,0.2,0.225
2014-04-23,157433.0136991745,0.0,1,0.7499999999999998,2.0999999999999996,0.20565528586672321,FREE,0.2,0.225
2014-04-24,158067.76412368866,0.0,1,-0.5,2.1999999999999993,0.21049024038119404,FREE,0.2,0.225
2014-04-25,158069.88133391942,158069.88133391942,0,1.6999999999999993,1.8999999999999995,0.21213567165333838,FREE,0.2,0.225
2014-04-28,158519.7037303943,158519.7037303943,0,1.6999999999999993,1.8999999999999995,0.22102179836583136,FREE,0.2,0.225
2014-04-29,158519.7037303943,158519.7037303943,0,1.6499999999999995,2.3999999999999995,0.2049834555294762,FREE,0.2,0.225
2014-04-30,158519.7037303943,158519.7037303943,0,1.6499999999999995,2.3999999999999995,0.1906817356215973,FORCE_BUY,0.2,0.225
2014-05-01,158519.7037303943,158519.7037303943,0,1.6499999999999995,2.3999999999999995,0.18965437543246086,FORCE_BUY,0.2,0.225
2014-05-02,158519.7037303943,158519.7037303943,0,1.0999999999999996,-0.5,0.19199735961388406,FORCE_BUY,0.2,0.225
2014-05-05,159659.20490092703,0.0,1,-0.5,-0.5,0.2138943658883584,FREE,0.2,0.225
2014-05-06,159672.7861186315,0.0,1,0.9999999999999996,-0.5,0.21659829595751778,FREE,0.2,0.225
2014-05-07,160421.10617840447,160421.10617840447,0,0.9999999999999996,0.44999999999999973,0.21988288652179508,FREE,0.2,0.225
2014-05-08,160421.10617840447,160421.10617840447,0,-0.5,0.4999999999999998,0.2242265824521694,FREE,0.2,0.225
2014-05-09,160164.73283466496,160164.73283466496,0,0.6499999999999997,2.4499999999999993,0.21399390093157045,FREE,0.2,0.225
2014-05-12,160164.73283466496,160164.73283466496,0,0.6499999999999997,2.4499999999999993,0.2032933453245821,FREE,0.2,0.225
2014-05-13,160164.73283466496,160164.73283466496,0,-0.5,-0.5,0.19543473061594763,FORCE_BUY,0.2,0.225
2014-05-14,159836.40185353247,0.0,1,0.5999999999999996,-0.5,0.21744209729539146,FREE,0.2,0.225
2014-05-15,158272.36398107093,158272.36398107093,0,2.499999999999999,0.6999999999999997,0.23320952136399187,FORCE_SELL,0.205,0.225
2014-05-16,158272.36398107093,158272.36398107093,0,1.2999999999999996,0.7999999999999998,0.22289046745150856,FREE,0.205,0.225
2014-05-19,158339.94398277078,158339.94398277078,0,1.2999999999999996,1.6499999999999995,0.2229714439559154,FREE,0.205,0.225
2014-05-20,158339.94398277078,158339.94398277078,0,1.0999999999999996,2.0999999999999996,0.22808707426931543,FORCE_SELL,0.205,0.225
2014-05-21,158971.98910484795,158971.98910484795,0,0.5499999999999998,1.6999999999999993,0.2175434139051784,FREE,0.205,0.225
2014-05-22,158971.98910484795,158971.98910484795,0,-0.5,2.0999999999999996,0.21175286093961646,FREE,0.2,0.225
2014-05-23,158971.98910484795,158971.98910484795,0,-0.5,2.0999999999999996,0.19343470919962802,FORCE_BUY,0.2,0.225
2014-05-27,158971.98910484795,158971.98910484795,0,-0.5,2.0999999999999996,0.19016210535659842,FORCE_BUY,0.2,0.225
2014-05-28,158879.867994592,0.0,1,-0.5,2.0999999999999996,0.19454123781356447,FORCE_BUY,0.2,0.225
2014-05-29,159593.5991190976,0.0,1,-0.5,2.0999999999999996,0.19194331354346184,FORCE_BUY,0.2,0.225
2014-05-30,159991.96067696117,0.0,1,-0.5,2.0999999999999996,0.18846099760041898,FORCE_BUY,0.2,0.225
2014-06-02,159950.46468135036,0.0,1,-0.5,2.0999999999999996,0.19325250980689876,FORCE_BUY,0.2,0.225
2014-06-03,160033.45667257198,0.0,1,1.2999999999999996,0.8999999999999997,0.20439892171066454,FREE,0.2,0.225
2014-06-04,160315.62944272533,0.0,1,1.3499999999999996,0.7499999999999998,0.1933240586476553,FORCE_BUY,0.2,0.225
2014-06-05,160464.99355977692,160464.99355977692,0,1.0499999999999996,0.6999999999999997,0.2080710712601536,FREE,0.2,0.225
2014-06-06,160464.99355977692,160464.99355977692,0,1.5999999999999996,2.3999999999999995,0.18731154248002016,FORCE_BUY,0.21,0.235
2014-06-09,160464.99355977692,160464.99355977692,0,1.5999999999999996,2.3999999999999995,0.1983257208294196,FORCE_BUY,0.21,0.235
2014-06-10,160464.99355977692,160464.99355977692,0,1.0499999999999996,0.5499999999999998,0.20469116573228152,FORCE_BUY,0.21,0.235
2014-06-11,160259.5957389283,0.0,1,1.2499999999999996,0.5999999999999996,0.20814299685488544,FORCE_BUY,0.21,0.235
2014-06-12,160267.81165176223,160267.81165176223,0,1.6999999999999993,0.3999999999999998,0.23832754026038425,FORCE_SELL,0.21,0.235
2014-06-13,161053.58397587202,161053.58397587202,0,1.6999999999999993,0.24999999999999978,0.2166533277193363,FREE,0.21,0.235
2014-06-16,161461.21353364983,161461.21353364983,0,1.6999999999999993,0.24999999999999978,0.21907627293414098,FREE,0.21,0.235
2014-06-17,161461.21353364983,161461.21353364983,0,-0.5,0.8999999999999997,0.2178217847940592,FREE,0.21,0.235
2014-06-18,162141.51505952288,0.0,1,1.2499999999999996,1.2999999999999996,0.21694355770883408,FREE,0.21,0.235
2014-06-19,162199.35192282376,0.0,1,0.5999999999999996,1.0999999999999996,0.19206605338504804,FORCE_BUY,0.21,0.235
2014-06-20,161918.4300153623,0.0,1,1.2999999999999996,0.8999999999999997,0.20503150343596963,FORCE_BUY,0.21,0.235
2014-06-23,161670.55774407275,0.0,1,1.0999999999999996,1.2999999999999996,0.2074830988683182,FORCE_BUY,0.21,0.235
2014-06-24,161513.57197225606,161513.57197225606,0,1.2999999999999996,-0.5,0.24708624459900766,FORCE_SELL,0.2,0.225
2014-06-25,161513.57197225606,161513.57197225606,0,0.8499999999999996,0.5499999999999998,0.22611875110876753,FORCE_SELL,0.2,0.225
2014-06-26,161791.94335987096,161791.94335987096,0,0.8499999999999996,0.5499999999999998,0.22287949974831048,FREE,0.2,0.225
2014-06-27,161791.94335987096,161791.94335987096,0,0.8499999999999996,0.5499999999999998,0.21076678742171787,FREE,0.2,0.225
2014-06-30,161791.94335987096,161791.94335987096,0,0.8499999999999996,0.5499999999999998,0.21672340112353863,FREE,0.2,0.225
2014-07-01,161791.94335987096,161791.94335987096,0,0.8499999999999996,0.5499999999999998,0.21784799405126024,FREE,0.195,0.225
2014-07-02,161791.94335987096,161791.94335987096,0,0.8499999999999996,0.5499999999999998,0.20336617172630733,FREE,0.195,0.225
2014-07-03,161791.94335987096,161791.94335987096,0,0.8499999999999996,0.5499999999999998,0.18695826523127523,FORCE_BUY,0.195,0.225
2014-07-07,161791.94335987096,161791.94335987096,0,0.8499999999999996,0.5499999999999998,0.21592251081722028,FREE,0.195,0.225
2014-07-08,161791.94335987096,161791.94335987096,0,1.0999999999999996,1.1499999999999997,0.2251157930544637,FORCE_SELL,0.195,0.225
2014-07-09,161791.94335987096,161791.94335987096,0,1.0499999999999996,0.9999999999999996,0.21020760789356477,FREE,0.195,0.225
2014-07-10,161791.94335987096,161791.94335987096,0,0.7499999999999998,0.6499999999999997,0.22595720338768646,FORCE_SELL,0.195,0.225
2014-07-11,161791.94335987096,161791.94335987096,0,0.3999999999999998,0.44999999999999973,0.2085157594570413,FREE,0.195,0.225
2014-07-14,161898.5248449927,161898.5248449927,0,0.3999999999999998,0.44999999999999973,0.20559756084173275,FREE,0.195,0.225
2014-07-15,162218.89645804156,0.0,1,0.9499999999999997,-0.5,0.22049215431175506,FREE,0.195,0.225
2014-07-16,162547.84078828196,0.0,1,0.9499999999999997,-0.5,0.205557333443643,FREE,0.195,0.225
2014-07-17,160672.85810591182,0.0,1,0.9499999999999997,-0.5,0.2613867659335214,FORCE_SELL,0.195,0.225
2014-07-18,161470.5481067447,161470.5481067447,0,1.2999999999999996,1.6499999999999995,0.2137125827667733,FREE,0.195,0.225
2014-07-21,161470.5481067447,161470.5481067447,0,0.7499999999999998,1.0499999999999996,0.2097245203909189,FREE,0.195,0.225
2014-07-22,161470.5481067447,161470.5481067447,0,0.5999999999999996,1.1999999999999997,0.20550773106178563,FREE,0.195,0.225
2014-07-23,161470.5481067447,161470.5481067447,0,0.3999999999999998,0.9999999999999996,0.19413166667505055,FORCE_BUY,0.195,0.225
2014-07-24,161161.80900902627,0.0,1,-0.5,-0.5,0.19468740380065563,FORCE_BUY,0.195,0.225
2014-07-25,160714.26190637457,0.0,1,0.7999999999999998,-0.5,0.21287535648294656,FREE,0.195,0.225
2014-07-28,160990.82253522446,160990.82253522446,0,-0.5,1.6499999999999995,0.21363758666471547,FREE,0.195,0.225
2014-07-29,160990.82253522446,160990.82253522446,0,1.0499999999999996,-0.5,0.22698016699973242,FORCE_SELL,0.195,0.225
2014-07-30,160688.51536745124,160688.51536745124,0,1.0999999999999996,0.7999999999999998,0.22023638966967643,FREE,0.195,0.225
2014-07-31,160688.51536745124,160688.51536745124,0,1.6999999999999993,-0.5,0.24541886010560643,FORCE_SELL,0.195,0.225
2014-08-01,159755.7610293809,0.0,1,1.7499999999999996,1.2499999999999996,0.21786633428064325,FREE,0.195,0.225
2014-08-04,160387.0097471844,160387.0097471844,0,1.7499999999999996,1.2499999999999996,0.21281893450230174,FREE,0.195,0.225
2014-08-05,159008.64507685785,159008.64507685785,0,1.7999999999999994,2.2999999999999994,0.21920103522478543,FREE,0.195,0.225
2014-08-06,159124.7885020718,159124.7885020718,0,2.2999999999999994,2.499999999999999,0.21066098953195012,FREE,0.195,0.225
2014-08-07,159124.7885020718,159124.7885020718,0,1.3499999999999996,2.499999999999999,0.21638194893909476,FREE,0.195,0.225
2014-08-08,161389.01474162698,161389.01474162698,0,1.5499999999999994,2.499999999999999,0.2084414827479725,FREE,0.195,0.225
2014-08-11,161389.01474162698,161389.01474162698,0,1.0499999999999996,-0.5,0.20608186716096957,FREE,0.195,0.225
2014-08-12,161459.8981511916,161459.8981511916,0,1.3999999999999995,2.3999999999999995,0.2003770742575577,FREE,0.195,0.225
2014-08-13,161459.8981511916,161459.8981511916,0,1.2499999999999996,2.1999999999999993,0.1868749487508823,FREE,0.05,0.225
2014-08-14,161459.8981511916,161459.8981511916,0,1.2499999999999996,2.1999999999999993,0.18163012904888864,FREE,0.05,0.225
2014-08-15,161459.8981511916,161459.8981511916,0,1.2499999999999996,2.1999999999999993,0.20119620165226892,FORCE_BUY,0.21,0.235
2014-08-18,161459.8981511916,161459.8981511916,0,1.2499999999999996,2.1999999999999993,0.18328997895380814,FORCE_BUY,0.21,0.235
2014-08-19,161459.8981511916,161459.8981511916,0,1.2499999999999996,2.1999999999999993,0.18232068270013788,FORCE_BUY,0.21,0.235
2014-08-20,161459.8981511916,161459.8981511916,0,1.2499999999999996,2.1999999999999993,0.18432461446292878,FORCE_BUY,0.21,0.235
2014-08-21,161459.8981511916,161459.8981511916,0,1.2499999999999996,2.1999999999999993,0.18764782115214396,FORCE_BUY,0.21,0.235
2014-08-22,161459.8981511916,161459.8981511916,0,0.8499999999999996,-0.5,0.20348162112405346,FORCE_BUY,0.21,0.235
2014-08-25,161459.8981511916,161459.8981511916,0,0.8499999999999996,-0.5,0.18771897676937246,FORCE_BUY,0.21,0.235
2014-08-26,161944.6899186475,0.0,1,0.9499999999999997,0.5499999999999998,0.19140153707196786,FORCE_BUY,0.21,0.235
2014-08-27,161807.33225120165,0.0,1,-0.5,0.5999999999999996,0.19838854195708797,FORCE_BUY,0.21,0.235
2014-08-28,161936.61005585655,0.0,1,1.2499999999999996,1.0999999999999996,0.20524597677727371,FORCE_BUY,0.21,0.235
2014-08-29,162009.32882097494,0.0,1,1.0499999999999996,0.6499999999999997,0.20185610069899976,FORCE_BUY,0.21,0.235
2014-09-02,162032.55364462145,162032.55364462145,0,0.7499999999999998,0.6999999999999997,0.19995474762844612,FREE,0.05,0.225
2014-09-03,161372.37927321836,0.0,1,1.1499999999999997,0.6499999999999997,0.20611640611819862,FORCE_BUY,0.225,0.25
2014-09-04,161396.53199412333,0.0,1,1.1499999999999997,0.44999999999999973,0.21415773531368074,FORCE_BUY,0.225,0.25
2014-09-05,160841.01941330853,160841.01941330853,0,0.9499999999999997,-0.5,0.22109539737479142,FREE,0.05,0.225
2014-09-08,160841.01941330853,160841.01941330853,0,0.4999999999999998,0.7499999999999998,0.220684246040577,FORCE_BUY,0.225,0.25
2014-09-09,160454.2655185759,0.0,1,0.9499999999999997,0.5499999999999998,0.2273650867999537,FREE,0.225,0.25
2014-09-10,160430.11769091684,160430.11769091684,0,1.1499999999999997,0.7999999999999998,0.21343115018623582,FREE,0.05,0.225
2014-09-11,160430.11769091684,160430.11769091684,0,0.6999999999999997,0.5999999999999996,0.21011991742127023,FORCE_BUY,0.225,0.25
2014-09-12,160067.9366195231,0.0,1,0.8499999999999996,0.19999999999999984,0.22712508819015978,FREE,0.225,0.25
2014-09-15,160156.46977030823,0.0,1,0.3999999999999998,0.7499999999999998,0.21212406038181708,FORCE_BUY,0.225,0.25
2014-09-16,160808.39569881695,160808.39569881695,0,-0.5,1.1999999999999997,0.2269971711459414,FREE,0.225,0.25
2014-09-17,161105.31224359744,0.0,1,0.4999999999999998,1.1999999999999997,0.22882626467328457,FORCE_BUY,0.23,0.255
2014-09-18,162180.63162199163,0.0,1,0.44999999999999973,0.9499999999999997,0.20263163312909724,FORCE_BUY,0.23,0.255
2014-09-19,160720.12321253086,0.0,1,0.6499999999999997,-0.5,0.2223053339538761,FORCE_BUY,0.23,0.255
2014-09-22,159813.3240352283,159813.3240352283,0,1.6499999999999995,-0.5,0.22837849121817974,FREE,0.22,0.245
2014-09-23,159137.44450552537,0.0,1,1.9999999999999996,-0.5,0.22993229255618922,FREE,0.22,0.245
2014-09-24,160577.71159858277,0.0,1,1.9999999999999996,1.3499999999999996,0.2194196072103428,FORCE_BUY,0.22,0.245
2014-09-25,158381.10312704832,0.0,1,1.5499999999999994,0.5499999999999998,0.2470993075238442,FORCE_SELL,0.22,0.245
2014-09-26,158606.69559942017,158606.69559942017,0,1.3499999999999996,0.9499999999999997,0.2239249997726888,FREE,0.22,0.245
2014-09-29,159078.2284627593,0.0,1,0.8999999999999997,0.7499999999999998,0.2208108588144265,FREE,0.22,0.245
2014-09-30,158409.4940136908,0.0,1,0.9499999999999997,0.6499999999999997,0.21713088420781176,FORCE_BUY,0.22,0.245
2014-10-01,157880.55319504117,0.0,1,1.6999999999999993,-0.5,0.22637005941914332,FREE,0.22,0.245
2014-10-02,158695.11333389394,158695.11333389394,0,2.349999999999999,1.5499999999999994,0.21357985904524968,FREE,0.205,0.225
2014-10-03,158695.11333389394,158695.11333389394,0,2.3999999999999995,1.4499999999999995,0.20465333548827927,FORCE_BUY,0.205,0.225
2014-10-06,158695.11333389394,158695.11333389394,0,2.3999999999999995,1.4499999999999995,0.21201075289954707,FREE,0.205,0.225
2014-10-07,158746.02979542725,0.0,1,1.7499999999999996,1.5999999999999996,0.21983523420161497,FREE,0.205,0.225
2014-10-08,158768.65999442115,158768.65999442115,0,2.1999999999999993,2.2499999999999996,0.2176259765249998,FREE,0.205,0.225
2014-10-09,158119.34984587017,0.0,1,-0.5,-0.5,0.22708728663015745,FREE,0.22,0.245
2014-10-10,158470.39629207534,0.0,1,-0.5,1.0999999999999996,0.22131979620695727,FREE,0.22,0.245
2014-10-13,159546.58852384496,159546.58852384496,0,-0.5,1.0999999999999996,0.22255353698531813,FREE,0.22,0.245
2014-10-14,159707.36206836646,159707.36206836646,0,-0.5,-0.5,0.21393902530351594,FREE,0.05,0.225
2014-10-15,157645.1353680413,0.0,1,2.499999999999999,1.4499999999999995,0.22454384540442854,FREE,0.05,0.225
2014-10-16,157074.97482446997,157074.97482446997,0,2.349999999999999,-0.5,0.2076013048758453,FREE,0.05,0.22
2014-10-17,156502.2537685152,0.0,1,-0.5,-0.5,0.193248157534324,FORCE_BUY,0.22,0.245
2014-10-20,158095.9123589981,0.0,1,-0.5,-0.5,0.18593740526032307,FORCE_BUY,0.22,0.245
2014-10-21,161241.72801417002,0.0,1,-0.5,-0.5,0.18999915219056118,FORCE_BUY,0.22,0.245
2014-10-22,160370.1959724997,0.0,1,-0.5,-0.5,0.19913107936151744,FORCE_BUY,0.22,0.245
2014-10-23,162071.75853004653,0.0,1,-0.5,-0.5,0.1898005103944406,FORCE_BUY,0.19,0.215
2014-10-24,163183.99942132106,0.0,1,-0.5,-0.5,0.17991813398844958,FORCE_BUY,0.19,0.215
2014-10-27,164658.27995947032,0.0,1,-0.5,-0.5,0.19254254060858703,FREE,0.19,0.215
2014-10-28,166117.21369574429,0.0,1,-0.5,-0.5,0.17578641932637915,FORCE_BUY,0.19,0.215
2014-10-29,165723.1338934174,0.0,1,1.3999999999999995,1.7499999999999996,0.18441061210180662,FORCE_BUY,0.19,0.215
2014-10-30,167291.06842607964,0.0,1,1.4499999999999995,-0.5,0.18200448390801857,FORCE_BUY,0.19,0.215
2014-10-31,169051.85052158267,0.0,1,1.5999999999999996,1.6499999999999995,0.17313893646508258,FORCE_BUY,0.19,0.215
2014-11-03,168775.15619228935,0.0,1,1.8499999999999996,1.2999999999999996,0.17987287009559608,FORCE_BUY,0.19,0.215
2014-11-04,169282.85754862402,169282.85754862402,0,1.8499999999999996,-0.5,0.19172765163737412,FREE,0.19,0.215
2014-11-05,169282.85754862402,169282.85754862402,0,2.0999999999999996,1.9999999999999996,0.1725063071685007,FORCE_BUY,0.19,0.215
2014-11-06,169282.85754862402,169282.85754862402,0,2.0999999999999996,1.9999999999999996,0.1770445050432969,FORCE_BUY,0.19,0.215
2014-11-07,169458.0208897682,0.0,1,1.8999999999999995,-0.5,0.17846235914937,FORCE_BUY,0.19,0.215
2014-11-10,170075.26313951437,0.0,1,1.8999999999999995,-0.5,0.17777357835806495,FORCE_BUY,0.19,0.215
2014-11-11,170175.35647731103,0.0,1,-0.5,1.1499999999999997,0.1776116055623719,FORCE_BUY,0.19,0.215
2014-11-12,170478.30544520167,0.0,1,0.9999999999999996,0.44999999999999973,0.20367765976052823,FREE,0.19,0.215
2014-11-13,170352.95989441112,170352.95989441112,0,1.0999999999999996,1.9999999999999996,0.21551228335356576,FORCE_SELL,0.19,0.215
2014-11-14,170762.08085872157,0.0,1,1.3499999999999996,0.8499999999999996,0.1900588318785117,FREE,0.19,0.215
2014-11-17,170795.4784884612,170795.4784884612,0,1.3499999999999996,0.8499999999999996,0.19816535156804452,FREE,0.19,0.215
2014-11-18,170828.75735805806,170828.75735805806,0,1.3499999999999996,0.8499999999999996,0.1966314732021811,FREE,0.19,0.215
2014-11-19,170828.75735805806,170828.75735805806,0,1.0499999999999996,0.5499999999999998,0.2143852066199916,FREE,0.19,0.215
2014-11-20,170828.75735805806,170828.75735805806,0,1.2499999999999996,1.4999999999999996,0.22021386301881019,FORCE_SELL,0.19,0.215
2014-11-21,170828.75735805806,170828.75735805806,0,-0.5,1.2499999999999996,0.2155096725625508,FORCE_SELL,0.19,0.215
2014-11-24,170795.7883804728,0.0,1,-0.5,1.2499999999999996,0.20482997036481643,FREE,0.19,0.215
2014-11-25,171067.78244555127,171067.78244555127,0,1.2499999999999996,0.6999999999999997,0.22527038302339067,FORCE_SELL,0.19,0.215
2014-11-26,170688.82179096446,170688.82179096446,0,1.3499999999999996,1.0999999999999996,0.21000061574382764,FREE,0.19,0.215
2014-11-28,170688.82179096446,170688.82179096446,0,1.3499999999999996,1.0999999999999996,0.21818718760980715,FORCE_SELL,0.19,0.215
2014-12-01,170688.82179096446,170688.82179096446,0,1.1999999999999997,1.0999999999999996,0.23611274268171956,FORCE_SELL,0.19,0.215
2014-12-02,170688.82179096446,170688.82179096446,0,0.8999999999999997,-0.5,0.23100660627174427,FORCE_SELL,0.19,0.215
2014-12-03,170829.04843622836,170829.04843622836,0,-0.5,0.8999999999999997,0.20854792755940355,FREE,0.19,0.215
2014-12-04,170829.04843622836,170829.04843622836,0,1.1999999999999997,0.8999999999999997,0.22103975850267643,FORCE_SELL,0.19,0.215
2014-12-05,170943.2131728402,0.0,1,1.4499999999999995,1.0499999999999996,0.213430698981569,FREE,0.19,0.215
2014-12-08,169744.07277389555,0.0,1,1.6999999999999993,0.44999999999999973,0.26684264244784833,FORCE_SELL,0.19,0.215
2014-12-09,168232.82733960918,168232.82733960918,0,2.1999999999999993,0.5999999999999996,0.24901873930046126,FORCE_SELL,0.19,0.215
2014-12-10,168232.82733960918,168232.82733960918,0,2.1999999999999993,0.44999999999999973,0.2765706437415482,FORCE_SELL,0.19,0.215
2014-12-11,168232.82733960918,168232.82733960918,0,1.9999999999999996,-0.5,0.26287068840852296,FORCE_SELL,0.19,0.215
2014-12-12,168232.82733960918,168232.82733960918,0,1.3999999999999995,1.1999999999999997,0.2617676788391911,FORCE_SELL,0.19,0.215
2014-12-15,168232.82733960918,168232.82733960918,0,1.3999999999999995,1.1999999999999997,0.26032293842550414,FORCE_SELL,0.19,0.215
2014-12-16,168232.82733960918,168232.82733960918,0,2.3999999999999995,-0.5,0.2684120489596813,FORCE_SELL,0.19,0.215
2014-12-17,168232.82733960918,168232.82733960918,0,1.3999999999999995,-0.5,0.23063719993742052,FORCE_SELL,0.19,0.215
2014-12-18,168232.82733960918,168232.82733960918,0,1.3999999999999995,-0.5,0.24921667533885247,FORCE_SELL,0.19,0.215
2014-12-19,168232.82733960918,168232.82733960918,0,1.3999999999999995,-0.5,0.20553739670908946,FREE,0.19,0.215
2014-12-22,168232.82733960918,168232.82733960918,0,1.3999999999999995,-0.5,0.19159826216085094,FREE,0.19,0.215
2014-12-23,169839.5498411346,0.0,1,1.3999999999999995,-0.5,0.19953305245274722,FREE,0.19,0.215
2014-12-24,169757.9024767518,0.0,1,1.3999999999999995,-0.5,0.19899517057355198,FREE,0.19,0.215
2014-12-26,170182.3397869781,170182.3397869781,0,1.3999999999999995,-0.5,0.19733155928388327,FREE,0.19,0.215
2014-12-29,170174.16541069743,170174.16541069743,0,2.4499999999999993,2.0499999999999994,0.19135418001770635,FREE,0.19,0.215
2014-12-30,170387.2621838361,0.0,1,2.4499999999999993,1.7999999999999994,0.20110905727451953,FREE,0.19,0.215
2014-12-31,170461.02645146102,170461.02645146102,0,2.2999999999999994,-0.5,0.22536429415498016,FORCE_SELL,0.19,0.215
2015-01-02,171177.94899551017,0.0,1,2.2999999999999994,-0.5,0.20100054387602637,FREE,0.19,0.215
2015-01-05,170975.65944691346,170975.65944691346,0,1.8499999999999996,-0.5,0.21159757962408487,FREE,0.19,0.215
2015-01-06,171442.2689072443,0.0,1,1.5499999999999994,-0.5,0.2148361670819053,FREE,0.19,0.215
2015-01-07,173010.34799266918,173010.34799266918,0,1.6999999999999993,-0.5,0.1944071183244698,FREE,0.19,0.215
2015-01-08,173010.34799266918,173010.34799266918,0,-0.5,1.3999999999999995,0.1920463580843175,FREE,0.19,0.215
2015-01-09,172959.4538586449,0.0,1,-0.5,1.3999999999999995,0.2127250912098362,FREE,0.19,0.215
2015-01-12,171968.1385120223,0.0,1,1.5999999999999996,-0.5,0.2149818115470051,FREE,0.19,0.215
2015-01-13,172562.03903478323,172562.03903478323,0,1.5999999999999996,1.8999999999999995,0.22800028640936132,FORCE_SELL,0.19,0.215
2015-01-14,173286.2859687885,173286.2859687885,0,2.349999999999999,2.2999999999999994,0.19861223670782954,FREE,0.19,0.215
2015-01-15,173286.2859687885,173286.2859687885,0,2.499999999999999,-0.5,0.2190747107782558,FORCE_SELL,0.19,0.215
2015-01-16,175052.68750819034,175052.68750819034,0,-0.5,0.6499999999999997,0.20655821270290778,FREE,0.19,0.215
2015-01-20,176082.60669831774,176082.60669831774,0,-0.5,0.6499999999999997,0.1951044180609751,FREE,0.19,0.215
2015-01-21,177851.75300784572,0.0,1,-0.5,1.9499999999999993,0.19714902773481846,FREE,0.19,0.215
2015-01-22,178473.20070343048,178473.20070343048,0,1.9999999999999996,-0.5,0.19568228151078051,FREE,0.19,0.215
2015-01-23,178237.89739667758,0.0,1,1.7999999999999994,-0.5,0.19308680626177788,FREE,0.19,0.215
2015-01-26,179362.12430671923,0.0,1,0.7999999999999998,1.8999999999999995,0.18122386570471108,FORCE_BUY,0.19,0.215
2015-01-27,176686.3358922648,0.0,1,1.1499999999999997,-0.5,0.2029918506636219,FREE,0.19,0.215
2015-01-28,176772.9808196345,176772.9808196345,0,2.1999999999999993,-0.5,0.2307211708300133,FORCE_SELL,0.19,0.215
2015-01-29,177410.63886667928,177410.63886667928,0,2.3999999999999995,2.3999999999999995,0.20858270051999972,FREE,0.19,0.215
2015-01-30,177410.63886667928,177410.63886667928,0,2.349999999999999,1.7499999999999996,0.22628384176143368,FORCE_SELL,0.19,0.215
2015-02-02,177410.63886667928,177410.63886667928,0,2.2499999999999996,0.5999999999999996,0.21784646128173266,FORCE_SELL,0.19,0.215
2015-02-03,177410.63886667928,177410.63886667928,0,2.1999999999999993,2.2999999999999994,0.20231429757288924,FREE,0.19,0.215
2015-02-04,177410.63886667928,177410.63886667928,0,2.1999999999999993,2.2999999999999994,0.21490904173367611,FREE,0.19,0.215
2015-02-05,177410.63886667928,177410.63886667928,0,2.1999999999999993,2.2999999999999994,0.19494214417533126,FREE,0.19,0.215
2015-02-06,177410.63886667928,177410.63886667928,0,2.1999999999999993,2.2999999999999994,0.21862600925823206,FORCE_SELL,0.19,0.215
2015-02-09,177410.63886667928,177410.63886667928,0,-0.5,1.5999999999999996,0.2119779812040835,FREE,0.19,0.215
2015-02-10,177574.27003844953,177574.27003844953,0,-0.5,2.349999999999999,0.20436102866795988,FREE,0.19,0.215
2015-02-11,177969.39490768808,0.0,1,-0.5,2.349999999999999,0.2004405591406393,FORCE_BUY,0.21,0.25
2015-02-12,179283.6145814598,0.0,1,-0.5,2.349999999999999,0.19386226883085866,FREE,0.19,0.215
2015-02-13,180357.32346526024,0.0,1,-0.5,2.349999999999999,0.1858309626101121,FORCE_BUY,0.19,0.215
2015-02-17,180477.5788602459,0.0,1,-0.5,2.349999999999999,0.169920494003149,FORCE_BUY,0.19,0.215
2015-02-18,180331.55445204902,0.0,1,-0.5,2.349999999999999,0.160274254039134,FORCE_BUY,0.19,0.215
2015-02-19,180391.68214954186,0.0,1,-0.5,2.349999999999999,0.1707169677859279,FORCE_BUY,0.19,0.215
2015-02-20,181448.2116912015,0.0,1,1.0999999999999996,2.2499999999999996,0.17514441839727943,FORCE_BUY,0.21,0.25
2015-02-23,181345.13563835665,0.0,1,0.7499999999999998,0.9499999999999997,0.1599272437798712,FORCE_BUY,0.21,0.25
2015-02-24,181942.11777774966,0.0,1,0.5999999999999996,0.8499999999999996,0.16851176961455552,FORCE_BUY,0.19,0.215
2015-02-25,181740.2605075952,0.0,1,0.5999999999999996,0.8499999999999996,0.17945046057548633,FORCE_BUY,0.19,0.215
2015-02-26,181388.08399370863,0.0,1,1.1999999999999997,0.7499999999999998,0.1781522579502275,FORCE_BUY,0.21,0.25
2015-02-27,181096.03517731495,0.0,1,1.1999999999999997,0.4999999999999998,0.1936178080452884,FORCE_BUY,0.21,0.25
2015-03-02,181980.7712975665,0.0,1,1.1999999999999997,0.4999999999999998,0.1813618646191595,FORCE_BUY,0.19,0.215
2015-03-03,181600.85925520145,0.0,1,1.1499999999999997,1.4499999999999995,0.20308059425590755,FREE,0.19,0.215
2015-03-04,181101.00875041776,0.0,1,1.5499999999999994,1.4999999999999996,0.1864002411351999,FREE,0.18,0.21
2015-03-05,181402.64267571826,0.0,1,0.8999999999999997,-0.5,0.18559736609229802,FORCE_BUY,0.21,0.25
2015-03-06,181394.0245635668,181394.0245635668,0,1.4999999999999996,-0.5,0.223120900796679,FORCE_SELL,0.18,0.21
2015-03-09,182312.85193484256,182312.85193484256,0,0.6499999999999997,0.8999999999999997,0.19149637552839657,FREE,0.18,0.21
2015-03-10,180239.71745201407,0.0,1,1.7499999999999996,1.2499999999999996,0.209055834765448,FORCE_BUY,0.21,0.25
2015-03-11,179695.08042686418,0.0,1,2.3999999999999995,-0.5,0.20277264067641665,FREE,0.175,0.21
2015-03-12,181996.61108152976,0.0,1,-0.5,1.2499999999999996,0.19398835561108088,FORCE_BUY,0.21,0.25
2015-03-13,182511.29617902735,182511.29617902735,0,1.4999999999999996,1.6999999999999993,0.21707315864861312,FREE,0.21,0.25
2015-03-16,182876.08144121486,0.0,1,1.4999999999999996,1.6999999999999993,0.19412832701375962,FORCE_BUY,0.21,0.25
2015-03-17,182876.08144121486,0.0,1,-0.5,2.1499999999999995,0.18249475993792993,FORCE_BUY,0.21,0.25
2015-03-18,185364.4934720905,0.0,1,0.6499999999999997,2.0999999999999996,0.2142657575897826,FREE,0.21,0.25
2015-03-19,184151.06431317257,0.0,1,0.9999999999999996,-0.5,0.19282822537553967,FORCE_BUY,0.21,0.25
2015-03-20,185065.53266482084,0.0,1,1.7999999999999994,-0.5,0.185926079093502,FORCE_BUY,0.21,0.25
2015-03-23,184634.67738375577,0.0,1,1.9499999999999993,1.7499999999999996,0.20300850350593605,FORCE_BUY,0.21,0.25
2015-03-24,183764.17385670598,0.0,1,1.7999999999999994,1.5499999999999994,0.20360853924077651,FORCE_BUY,0.21,0.25
2015-03-25,182480.77738379347,0.0,1,2.2999999999999994,-0.5,0.22776964086188645,FREE,0.21,0.25
2015-03-26,181967.19600334606,0.0,1,1.8999999999999995,1.0999999999999996,0.19731737983400044,FORCE_BUY,0.21,0.25
2015-03-27,182277.1158018919,0.0,1,1.7499999999999996,0.8999999999999997,0.17713139463279523,FORCE_BUY,0.21,0.25
2015-03-30,184207.47340426318,0.0,1,1.7499999999999996,0.8999999999999997,0.18448990114776395,FORCE_BUY,0.21,0.25
2015-03-31,182764.13262817822,0.0,1,1.7499999999999996,0.8999999999999997,0.20235224607980107,FORCE_BUY,0.21,0.25
2015-04-01,182223.98669356975,0.0,1,1.7999999999999994,-0.5,0.1828229450686918,FORCE_BUY,0.2,0.225
2015-04-02,182755.2777767912,0.0,1,1.6499999999999995,1.7499999999999996,0.18159355143459488,FORCE_BUY,0.2,0.225
2015-04-06,183853.2793487822,0.0,1,1.2999999999999996,-0.5,0.18999619046155444,FORCE_BUY,0.2,0.225
2015-04-07,183543.35955023635,0.0,1,1.3999999999999995,1.8999999999999995,0.19152017019142434,FORCE_BUY,0.2,0.225
2015-04-08,184331.4413236815,0.0,1,1.1499999999999997,1.5499999999999994,0.1784035388760505,FORCE_BUY,0.19,0.215
2015-04-09,185110.66824573962,0.0,1,0.9499999999999997,-0.5,0.1757419816782844,FORCE_BUY,0.19,0.215
2015-04-10,186084.70189831228,0.0,1,1.2499999999999996,2.3999999999999995,0.16604530436027531,FORCE_BUY,0.19,0.215
2015-04-13,185765.92724837942,185765.92724837942,0,1.2999999999999996,-0.5,0.2030260466683305,FREE,0.19,0.215
2015-04-14,186130.1044988903,0.0,1,0.5999999999999996,1.4499999999999995,0.173324769357156,FORCE_BUY,0.19,0.215
2015-04-15,187009.45932329446,0.0,1,0.44999999999999973,1.9999999999999996,0.1894259814471111,FORCE_BUY,0.19,0.215
2015-04-16,187080.51829900392,0.0,1,0.44999999999999973,1.9999999999999996,0.18916533854802595,FORCE_BUY,0.19,0.215
2015-04-17,185133.93380932318,0.0,1,1.4499999999999995,-0.5,0.20263302182591056,FREE,0.2,0.225
2015-04-20,186637.56870041197,0.0,1,1.4499999999999995,-0.5,0.18919064346985084,FORCE_BUY,0.2,0.225
2015-04-21,186504.10998226798,186504.10998226798,0,1.7999999999999994,1.3999999999999995,0.20677894172458852,FREE,0.2,0.225
2015-04-22,188158.51997363806,0.0,1,1.8499999999999996,2.0499999999999994,0.18862926633188828,FORCE_BUY,0.2,0.225
2015-04-23,188612.20759019055,0.0,1,1.8499999999999996,2.0499999999999994,0.19648125639065436,FORCE_BUY,0.2,0.225
2015-04-24,189094.56890725758,0.0,1,1.8499999999999996,2.0499999999999994,0.18555724456419675,FORCE_BUY,0.2,0.225
2015-04-27,189335.7495657911,189335.7495657911,0,0.5999999999999996,1.6999999999999993,0.216251178320637,FREE,0.2,0.225
2015-04-28,190316.39089164863,0.0,1,0.9999999999999996,1.4999999999999996,0.19018999300775177,FORCE_BUY,0.2,0.225
2015-04-29,189155.8153775604,0.0,1,1.3499999999999996,1.8499999999999996,0.19811927213232558,FORCE_BUY,0.2,0.225
2015-04-30,188272.04643580745,0.0,1,1.9499999999999993,-0.5,0.2166442532099743,FREE,0.2,0.225
2015-05-01,190067.17543014052,0.0,1,1.7999999999999994,1.8999999999999995,0.18313307277280824,FORCE_BUY,0.19,0.215
2015-05-04,190915.12580937322,190915.12580937322,0,1.7999999999999994,1.8999999999999995,0.20218070189438775,FREE,0.19,0.215
2015-05-05,190915.12580937322,190915.12580937322,0,1.7499999999999996,-0.5,0.22358651560378986,FORCE_SELL,0.19,0.215
2015-05-06,190915.12580937322,190915.12580937322,0,2.499999999999999,-0.5,0.21656941331001592,FORCE_SELL,0.19,0.215
2015-05-07,192992.2971491754,0.0,1,2.499999999999999,1.6999999999999993,0.18875022700304703,FORCE_BUY,0.19,0.215
2015-05-08,195337.19279499652,0.0,1,2.349999999999999,2.4499999999999993,0.18099916743671304,FORCE_BUY,0.19,0.215
2015-05-11,194072.4262458725,0.0,1,1.3999999999999995,-0.5,0.20884747387615646,FREE,0.19,0.215
2015-05-12,193721.6150862615,193721.6150862615,0,1.5999999999999996,2.1999999999999993,0.19134764523004524,FREE,0.19,0.215
2015-05-13,193721.6150862615,193721.6150862615,0,1.1499999999999997,-0.5,0.20689591047786118,FREE,0.19,0.215
2015-05-14,193721.6150862615,193721.6150862615,0,-0.5,2.499999999999999,0.18270640177362008,FORCE_BUY,0.19,0.215
2015-05-15,193803.67347265847,0.0,1,-0.5,2.499999999999999,0.17436980915655972,FORCE_BUY,0.19,0.215
2015-05-18,194597.03547720233,0.0,1,0.6999999999999997,1.6499999999999995,0.19436236419129801,FREE,0.19,0.215
2015-05-19,195227.3468127223,0.0,1,0.6499999999999997,1.5999999999999996,0.19863751547050143,FREE,0.19,0.215
2015-05-20,194979.26095423588,194979.26095423588,0,0.6999999999999997,1.3999999999999995,0.20723415929340816,FREE,0.19,0.215
2015-05-21,194979.26095423588,194979.26095423588,0,0.8499999999999996,1.8499999999999996,0.21008476904454057,FREE,0.19,0.215
2015-05-22,194979.26095423588,194979.26095423588,0,-0.5,-0.5,0.21849794683794335,FORCE_SELL,0.19,0.215
2015-05-26,194979.26095423588,194979.26095423588,0,-0.5,-0.5,0.25405149188378945,FORCE_SELL,0.19,0.215
2015-05-27,194979.26095423588,194979.26095423588,0,-0.5,-0.5,0.22451298766938876,FORCE_SELL,0.19,0.215
2015-05-28,194960.93152899927,0.0,1,-0.5,-0.5,0.20346816929591283,FREE,0.19,0.22
2015-05-29,193824.50716433066,193824.50716433066,0,1.5499999999999994,2.1999999999999993,0.23541929223034777,FORCE_SELL,0.19,0.22
2015-06-01,193824.50716433066,193824.50716433066,0,1.5499999999999994,2.1999999999999993,0.22569377673836044,FORCE_SELL,0.19,0.22
2015-06-02,193824.50716433066,193824.50716433066,0,0.8999999999999997,1.2999999999999996,0.22524882767512125,FORCE_SELL,0.19,0.22
2015-06-03,193824.50716433066,193824.50716433066,0,0.7499999999999998,1.2499999999999996,0.22143785662826784,FORCE_SELL,0.19,0.22
2015-06-04,193824.50716433066,193824.50716433066,0,0.6999999999999997,0.9499999999999997,0.24498885217865954,FORCE_SELL,0.19,0.22
2015-06-05,193824.50716433066,193824.50716433066,0,1.4499999999999995,-0.5,0.2217159484187031,FORCE_SELL,0.19,0.22
2015-06-08,193824.50716433066,193824.50716433066,0,1.4499999999999995,-0.5,0.2357436823148653,FORCE_SELL,0.19,0.225
2015-06-09,194401.64285946987,0.0,1,1.4499999999999995,-0.5,0.22078042887655633,FREE,0.19,0.225
2015-06-10,194550.58110337675,194550.58110337675,0,1.6499999999999995,2.3999999999999995,0.2244439958645393,FREE,0.19,0.225
2015-06-11,194550.58110337675,194550.58110337675,0,1.1499999999999997,2.3999999999999995,0.2142904148702686,FREE,0.19,0.225
2015-06-12,194550.58110337675,194550.58110337675,0,1.3999999999999995,-0.5,0.23551147978106088,FORCE_SELL,0.19,0.225
2015-06-15,194252.98939231996,0.0,1,1.3999999999999995,-0.5,0.2109502787655,FREE,0.19,0.225
2015-06-16,195638.65079692815,195638.65079692815,0,1.9999999999999996,1.6999999999999993,0.20682414776004396,FREE,0.19,0.225
2015-06-17,195638.65079692815,195638.65079692815,0,1.0499999999999996,1.7499999999999996,0.21812451644156253,FREE,0.19,0.225
2015-06-18,196178.78035453582,196178.78035453582,0,0.7999999999999998,1.9999999999999996,0.20965611381727287,FREE,0.19,0.225
2015-06-19,194050.00835801676,0.0,1,0.7499999999999998,2.499999999999999,0.22147954295813668,FREE,0.19,0.225
2015-06-22,195616.6371000438,195616.6371000438,0,0.3999999999999998,1.1999999999999997,0.23024146930405445,FORCE_SELL,0.19,0.225
2015-06-23,196754.73194909954,0.0,1,0.2999999999999998,1.1499999999999997,0.21959685943908816,FREE,0.19,0.235
2015-06-24,196374.5564455455,196374.5564455455,0,-0.5,1.1999999999999997,0.2545533747185715,FORCE_SELL,0.19,0.235
2015-06-25,196374.5564455455,196374.5564455455,0,1.0499999999999996,1.1499999999999997,0.24484549522626634,FORCE_SELL,0.19,0.235
2015-06-26,196504.28509830905,0.0,1,1.2499999999999996,0.7999999999999998,0.22765133504178445,FREE,0.19,0.235
2015-06-29,195387.30349206598,195387.30349206598,0,2.499999999999999,1.7499999999999996,0.3018263314175949,FORCE_SELL,0.19,0.235
2015-06-30,195387.30349206598,195387.30349206598,0,2.1499999999999995,1.0999999999999996,0.24910554735294446,FORCE_SELL,0.19,0.235
2015-07-01,195387.30349206598,195387.30349206598,0,1.8499999999999996,1.0999999999999996,0.2561423297768075,FORCE_SELL,0.19,0.235
2015-07-02,195387.30349206598,195387.30349206598,0,1.5999999999999996,1.0499999999999996,0.2655295379942846,FORCE_SELL,0.19,0.235
2015-07-06,195387.30349206598,195387.30349206598,0,1.9499999999999993,2.2999999999999994,0.2573099699823067,FORCE_SELL,0.19,0.235
2015-07-07,196029.09349484157,196029.09349484157,0,1.8999999999999995,1.8999999999999995,0.23100309269545208,FREE,0.19,0.235
2015-07-08,196029.09349484157,196029.09349484157,0,2.2499999999999996,0.9999999999999996,0.2636824617110373,FORCE_SELL,0.19,0.235
2015-07-09,196029.09349484157,196029.09349484157,0,1.4999999999999996,0.8999999999999997,0.2706977468035308,FORCE_SELL,0.19,0.235
2015-07-10,196029.09349484157,196029.09349484157,0,-0.5,1.5499999999999994,0.2482841445368822,FORCE_SELL,0.19,0.235
2015-07-13,196141.7538934018,196141.7538934018,0,-0.5,1.5499999999999994,0.2323788898258572,FREE,0.19,0.235
2015-07-14,196141.7538934018,196141.7538934018,0,-0.5,1.5499999999999994,0.15239513143607908,FORCE_BUY,0.19,0.235
2015-07-15,196439.38933178328,0.0,1,0.6999999999999997,2.2999999999999994,0.15952687705581686,FORCE_BUY,0.19,0.235
2015-07-16,197416.00561397255,0.0,1,0.4999999999999998,2.1999999999999993,0.14134132133403304,FORCE_BUY,0.19,0.235
2015-07-17,197695.0388374552,0.0,1,0.19999999999999984,1.3999999999999995,0.1444441616281082,FORCE_BUY,0.19,0.235
2015-07-20,197825.25434174712,0.0,1,0.19999999999999984,1.3999999999999995,0.1574335073886731,FORCE_BUY,0.19,0.235
2015-07-21,196513.79819137868,0.0,1,1.4999999999999996,-0.5,0.18066582170780868,FORCE_BUY,0.19,0.235
2015-07-22,196839.33695210842,0.0,1,1.4999999999999996,0.8999999999999997,0.16597757460126442,FORCE_BUY,0.19,0.235
2015-07-23,195881.322884818,0.0,1,1.3499999999999996,0.8499999999999996,0.18602113547507781,FORCE_BUY,0.19,0.235
2015-07-24,193760.67038634987,193760.67038634987,0,2.349999999999999,1.0499999999999996,0.2463613267920631,FORCE_SELL,0.19,0.235
2015-07-27,193760.67038634987,193760.67038634987,0,1.8499999999999996,1.2999999999999996,0.21053658047539656,FREE,0.19,0.235
2015-07-28,193760.67038634987,193760.67038634987,0,1.7999999999999994,1.6999999999999993,0.25091325708433393,FORCE_SELL,0.19,0.235
2015-07-29,193760.67038634987,193760.67038634987,0,1.4499999999999995,1.6499999999999995,0.24169618801857706,FORCE_SELL,0.19,0.235
2015-07-30,193760.67038634987,193760.67038634987,0,0.9499999999999997,1.1499999999999997,0.23747030610476905,FORCE_SELL,0.19,0.235
2015-07-31,193760.67038634987,193760.67038634987,0,1.1999999999999997,1.3499999999999996,0.2717704332420305,FORCE_SELL,0.19,0.235
2015-08-03,193760.67038634987,193760.67038634987,0,2.2499999999999996,1.3499999999999996,0.2645520171737447,FORCE_SELL,0.19,0.235
2015-08-04,193760.67038634987,193760.67038634987,0,1.1499999999999997,1.1999999999999997,0.2639561899076985,FORCE_SELL,0.19,0.235
2015-08-05,193760.67038634987,193760.67038634987,0,-0.5,1.3999999999999995,0.2859178994031945,FORCE_SELL,0.19,0.235
2015-08-06,193760.67038634987,193760.67038634987,0,1.6499999999999995,-0.5,0.2935775579897665,FORCE_SELL,0.19,0.235
2015-08-07,193760.67038634987,193760.67038634987,0,1.8499999999999996,-0.5,0.251259626697758,FORCE_SELL,0.19,0.235
2015-08-10,193760.67038634987,193760.67038634987,0,1.8499999999999996,-0.5,0.25192012706296024,FORCE_SELL,0.19,0.235
2015-08-11,193760.67038634987,193760.67038634987,0,1.4999999999999996,1.0999999999999996,0.25606080919163876,FORCE_SELL,0.19,0.235
2015-08-12,193760.67038634987,193760.67038634987,0,2.0999999999999996,1.3999999999999995,0.23706071530215098,FORCE_SELL,0.19,0.235
2015-08-13,193760.67038634987,193760.67038634987,0,2.0999999999999996,1.3499999999999996,0.2626168561158204,FORCE_SELL,0.19,0.235
2015-08-14,193760.67038634987,193760.67038634987,0,1.5499999999999994,1.6999999999999993,0.23861632458948856,FORCE_BUY,0.26,0.28
2015-08-17,195871.92043088021,0.0,1,1.5499999999999994,1.6999999999999993,0.24713206349479921,FORCE_BUY,0.26,0.28
2015-08-18,195295.27944955474,0.0,1,1.5499999999999994,1.6999999999999993,0.25850750778166937,FORCE_BUY,0.26,0.28
2015-08-19,193463.04923469797,193463.04923469797,0,1.5499999999999994,1.6999999999999993,0.2712848747382939,FREE,0.26,0.28
2015-08-20,189941.07741358026,0.0,1,2.349999999999999,-0.5,0.2757524435389547,FREE,0.26,0.28
2015-08-21,184771.90778245922,0.0,1,2.499999999999999,-0.5,0.26655960817853475,FREE,0.255,0.275
2015-08-24,177228.67306700718,0.0,1,2.499999999999999,-0.5,0.24951634792903746,FORCE_BUY,0.255,0.275
2015-08-25,174199.69225187512,0.0,1,-0.5,-0.5,0.26128596880815164,FREE,0.255,0.275
2015-08-26,179665.40564635565,179665.40564635565,0,-0.5,-0.5,0.25757786200179783,FORCE_SELL,0.21,0.25
2015-08-27,180223.62852337022,180223.62852337022,0,-0.5,-0.5,0.24500146752570293,FREE,0.21,0.26
2015-08-28,181278.02481711493,0.0,1,-0.5,1.6499999999999995,0.2292361882057062,FREE,0.21,0.26
2015-08-31,179392.2736774429,0.0,1,2.3999999999999995,-0.5,0.2406555404870764,FREE,0.21,0.26
2015-09-01,178123.47101469565,0.0,1,2.499999999999999,-0.5,0.23093980172093598,FREE,0.21,0.26
2015-09-02,179678.07378525828,0.0,1,2.4499999999999993,-0.5,0.24067969710783044,FREE,0.21,0.26
2015-09-03,180007.96008963758,180007.96008963758,0,1.9999999999999996,-0.5,0.2740368739182687,FORCE_SELL,0.21,0.26
2015-09-04,178545.7875355101,0.0,1,2.0499999999999994,-0.5,0.2335316523853462,FREE,0.21,0.26
2015-09-08,183611.15138273162,183611.15138273162,0,2.1499999999999995,2.1999999999999993,0.21728146102505339,FREE,0.21,0.26
2015-09-09,182707.0363646612,182707.0363646612,0,2.499999999999999,-0.5,0.24098147750401674,FREE,0.21,0.26
2015-09-10,182744.41314292842,0.0,1,2.2499999999999996,-0.5,0.20825811588808962,FORCE_BUY,0.21,0.26
2015-09-11,184239.48427361657,0.0,1,2.0999999999999996,2.0999999999999996,0.18126216859190933,FORCE_BUY,0.21,0.26
2015-09-14,183417.1951517381,0.0,1,-0.5,1.9999999999999996,0.19422896062953562,FORCE_BUY,0.21,0.26
2015-09-15,185631.76926406994,0.0,1,1.8999999999999995,2.2499999999999996,0.19139318229463156,FORCE_BUY,0.21,0.26
2015-09-16,187117.49620019132,0.0,1,1.2499999999999996,2.499999999999999,0.16962874319724439,FORCE_BUY,0.21,0.26
2015-09-17,186323.23966201322,0.0,1,1.2499999999999996,2.499999999999999,0.20502562786033984,FORCE_BUY,0.21,0.26
2015-09-18,182791.13411576243,0.0,1,2.3999999999999995,-0.5,0.19519043701323216,FORCE_BUY,0.21,0.26
2015-09-21,184202.1074953494,0.0,1,2.349999999999999,1.8999999999999995,0.18827465060592707,FORCE_BUY,0.21,0.26
2015-09-22,180838.197451301,0.0,1,2.349999999999999,0.7499999999999998,0.17768796523521604,FORCE_BUY,0.185,0.26
2015-09-23,180002.70284969552,180002.70284969552,0,2.0999999999999996,0.8499999999999996,0.1975922695392839,FREE,0.185,0.26
2015-09-24,181585.83594624136,0.0,1,-0.5,1.1499999999999997,0.18655204918638005,FORCE_BUY,0.21,0.26
2015-09-25,182203.39134223558,0.0,1,-0.5,-0.5,0.2176280334801127,FREE,0.21,0.26
2015-09-28,180039.8673019691,0.0,1,-0.5,-0.5,0.2220916769531646,FREE,0.21,0.26
2015-09-29,181856.33396751276,0.0,1,-0.5,1.7999999999999994,0.21307500877083205,FREE,0.21,0.26
2015-09-30,184666.7531488482,0.0,1,-0.5,2.1999999999999993,0.20057035285931005,FORCE_BUY,0.21,0.26
2015-10-01,185825.68889372877,0.0,1,-0.5,2.499999999999999,0.19833139127489494,FORCE_BUY,0.21,0.26
2015-10-02,184766.89776547684,184766.89776547684,0,-0.5,2.349999999999999,0.21842322479529716,FREE,0.21,0.26
2015-10-05,185761.02451859295,0.0,1,-0.5,2.349999999999999,0.19414451997420734,FORCE_BUY,0.22,0.26
2015-10-06,184945.09029669577,0.0,1,1.3999999999999995,2.2999999999999994,0.20332918244613837,FORCE_BUY,0.22,0.26
2015-10-07,186989.6151285761,0.0,1,1.4499999999999995,2.499999999999999,0.19829169926588042,FORCE_BUY,0.22,0.26
2015-10-08,188687.1334522932,0.0,1,-0.5,2.3999999999999995,0.20247662094568464,FORCE_BUY,0.22,0.26
2015-10-09,188790.2975493147,0.0,1,-0.5,2.349999999999999,0.20632411399192485,FORCE_BUY,0.22,0.26
2015-10-12,189202.95393740063,0.0,1,-0.5,2.349999999999999,0.18524596347919067,FORCE_BUY,0.22,0.26
2015-10-13,189872.13248993465,189872.13248993465,0,1.8499999999999996,1.8499999999999996,0.2317214363919273,FREE,0.22,0.26
2015-10-14,190461.2724387056,0.0,1,2.2499999999999996,1.8999999999999995,0.23537065960953726,FREE,0.225,0.26
2015-10-15,193698.168781851,0.0,1,1.8999999999999995,2.0999999999999996,0.21887736947985167,FORCE_BUY,0.225,0.26
2015-10-16,194175.587121548,0.0,1,2.0499999999999994,2.0999999999999996,0.20503965804278648,FORCE_BUY,0.225,0.26
2015-10-19,194061.0067200207,0.0,1,1.2499999999999996,-0.5,0.19992602950938135,FORCE_BUY,0.22,0.26
2015-10-20,194195.10795473188,194195.10795473188,0,1.0999999999999996,-0.5,0.22566774285969968,FREE,0.22,0.26
2015-10-21,192535.32070725554,192535.32070725554,0,1.1499999999999997,0.8999999999999997,0.2501682011795466,FREE,0.22,0.26
2015-10-22,192535.32070725554,192535.32070725554,0,1.5499999999999994,1.9499999999999993,0.19073952043360964,FORCE_BUY,0.22,0.25
2015-10-23,192535.32070725554,192535.32070725554,0,1.5499999999999994,1.9499999999999993,0.18373039841446936,FORCE_BUY,0.22,0.25
2015-10-26,192535.32070725554,192535.32070725554,0,1.5499999999999994,1.9499999999999993,0.20813302725466856,FORCE_BUY,0.22,0.25
2015-10-27,192777.77328333867,0.0,1,2.0499999999999994,-0.5,0.20867331260991862,FORCE_BUY,0.22,0.25
2015-10-28,194624.14290120263,0.0,1,-0.5,1.2999999999999996,0.20276458668165923,FORCE_BUY,0.22,0.25
2015-10-29,194997.14686440746,0.0,1,1.6499999999999995,1.5499999999999994,0.18926628293973588,FORCE_BUY,0.22,0.25
2015-10-30,193990.0361637544,0.0,1,2.1499999999999995,0.9499999999999997,0.2147641555295037,FORCE_BUY,0.22,0.25
2015-11-02,196088.1834567816,0.0,1,2.1499999999999995,0.9499999999999997,0.19555238620023055,FORCE_BUY,0.22,0.26
2015-11-03,196554.43841078764,0.0,1,2.1499999999999995,0.9499999999999997,0.19375249935374758,FORCE_BUY,0.22,0.26
2015-11-04,197179.22004915573,197179.22004915573,0,2.0499999999999994,2.349999999999999,0.2276199665101842,FREE,0.22,0.26
2015-11-05,197179.22004915573,197179.22004915573,0,-0.5,-0.5,0.21162999680937092,FORCE_BUY,0.22,0.26
2015-11-06,197329.48761385147,0.0,1,-0.5,1.1999999999999997,0.20076166002459092,FORCE_BUY,0.22,0.26
2015-11-09,195774.92386676098,195774.92386676098,0,2.2499999999999996,1.3499999999999996,0.22532214407969028,FREE,0.22,0.26
2015-11-10,195774.92386676098,195774.92386676098,0,1.4499999999999995,0.5499999999999998,0.19663776185097967,FORCE_BUY,0.22,0.26
2015-11-11,195539.4363236187,195539.4363236187,0,-0.5,0.7999999999999998,0.2312506570452915,FREE,0.22,0.26
2015-11-12,195539.4363236187,195539.4363236187,0,2.499999999999999,-0.5,0.3092747677571565,FORCE_SELL,0.22,0.26
2015-11-13,195539.4363236187,195539.4363236187,0,2.499999999999999,-0.5,0.30356919896402385,FORCE_SELL,0.22,0.26
2015-11-16,195539.4363236187,195539.4363236187,0,1.2999999999999996,2.0499999999999994,0.28097299160615097,FORCE_SELL,0.22,0.26
2015-11-17,195539.4363236187,195539.4363236187,0,1.2999999999999996,2.0999999999999996,0.3191686796131961,FORCE_SELL,0.22,0.26
2015-11-18,195539.4363236187,195539.4363236187,0,1.4499999999999995,2.0499999999999994,0.2961288023511029,FORCE_SELL,0.22,0.26
2015-11-19,195539.4363236187,195539.4363236187,0,1.0499999999999996,2.349999999999999,0.2911831221335322,FORCE_SELL,0.22,0.26
2015-11-20,195539.4363236187,195539.4363236187,0,0.8999999999999997,-0.5,0.1840812223416015,FORCE_BUY,0.22,0.26
2015-11-23,195707.8676704065,0.0,1,1.2999999999999996,-0.5,0.1953589652172527,FORCE_BUY,0.22,0.26
2015-11-24,195670.43848223143,0.0,1,1.5999999999999996,-0.5,0.1823128287796583,FORCE_BUY,0.22,0.26
2015-11-25,196203.8044137262,0.0,1,1.5999999999999996,-0.5,0.18187731959016337,FORCE_BUY,0.22,0.26
2015-11-27,195960.51469058823,0.0,1,1.5999999999999996,-0.5,0.16765818438033805,FORCE_BUY,0.22,0.26
2015-11-30,196100.87414624475,0.0,1,1.1499999999999997,1.6499999999999995,0.19326752376029796,FORCE_BUY,0.22,0.26
2015-12-01,197083.3903358404,0.0,1,0.5499999999999998,1.5499999999999994,0.15592937602809243,FORCE_BUY,0.22,0.26
2015-12-02,195511.36443248737,0.0,1,0.6999999999999997,1.5499999999999994,0.18892108099366464,FORCE_BUY,0.22,0.26
2015-12-03,193885.2318714502,0.0,1,1.9999999999999996,0.3999999999999998,0.22516664688247714,FREE,0.22,0.26
2015-12-04,196929.22155630507,0.0,1,2.4499999999999993,0.6999999999999997,0.20918957645016223,FORCE_BUY,0.22,0.25
2015-12-07,195905.16329812858,0.0,1,2.2499999999999996,-0.5,0.19121238418452288,FORCE_BUY,0.22,0.25
2015-12-08,194665.01935244695,0.0,1,2.2499999999999996,-0.5,0.18728122839851066,FORCE_BUY,0.22,0.25
2015-12-09,195952.1384475862,195952.1384475862,0,2.0999999999999996,-0.5,0.22211210739209122,FREE,0.22,0.25
2015-12-10,195801.74993744754,0.0,1,2.0499999999999994,-0.5,0.190489821782965,FORCE_BUY,0.22,0.25
2015-12-11,195780.91813243783,195780.91813243783,0,2.3999999999999995,-0.5,0.25705313215895714,FORCE_SELL,0.22,0.25
2015-12-14,195481.70651430998,195481.70651430998,0,-0.5,2.1999999999999993,0.22900474106015414,FREE,0.22,0.25
2015-12-15,195481.70651430998,195481.70651430998,0,-0.5,2.2499999999999996,0.2666110878076063,FORCE_SELL,0.22,0.25
2015-12-16,195481.70651430998,195481.70651430998,0,-0.5,2.1999999999999993,0.26625997597338097,FORCE_SELL,0.22,0.25
2015-12-17,195481.70651430998,195481.70651430998,0,2.1499999999999995,-0.5,0.30556220401864875,FORCE_SELL,0.22,0.25
2015-12-18,195481.70651430998,195481.70651430998,0,2.4499999999999993,-0.5,0.2568126865485572,FORCE_SELL,0.22,0.25
2015-12-21,196054.64791308818,196054.64791308818,0,-0.5,1.7499999999999996,0.24714559445847253,FREE,0.22,0.25
2015-12-22,196054.64791308818,196054.64791308818,0,-0.5,1.9999999999999996,0.2607453526038484,FORCE_SELL,0.22,0.25
2015-12-23,196054.64791308818,196054.64791308818,0,-0.5,1.9999999999999996,0.24411206186005907,FREE,0.22,0.25
2015-12-24,196054.64791308818,196054.64791308818,0,-0.5,1.9999999999999996,0.26660223217712203,FORCE_SELL,0.22,0.25
2015-12-28,196965.94277961372,0.0,1,0.8499999999999996,2.4499999999999993,0.218938620732527,FORCE_BUY,0.22,0.25
2015-12-29,197743.02335850167,197743.02335850167,0,0.8499999999999996,2.499999999999999,0.23869950494197867,FREE,0.22,0.25
2015-12-30,197743.02335850167,197743.02335850167,0,0.8499999999999996,2.499999999999999,0.261143884150508,FORCE_SELL,0.22,0.25
2015-12-31,197743.02335850167,197743.02335850167,0,1.7999999999999994,-0.5,0.27712367319253434,FORCE_SELL,0.22,0.25
2016-01-04,198490.9689004937,0.0,1,-0.5,2.3999999999999995,0.19191082095032985,FORCE_BUY,0.22,0.25
2016-01-05,199162.97045693154,199162.97045693154,0,2.2499999999999996,2.3999999999999995,0.24225099112004433,FREE,0.22,0.25
2016-01-06,198973.27242010168,0.0,1,-0.5,2.4499999999999993,0.21615953431470514,FORCE_BUY,0.22,0.25
2016-01-07,193621.79096005982,0.0,1,-0.5,-0.5,0.23882122237545925,FREE,0.22,0.25
2016-01-08,194161.60590623124,0.0,1,-0.5,1.6499999999999995,0.24592160969014087,FREE,0.22,0.25
2016-01-11,196339.16585727158,0.0,1,2.0999999999999996,1.9499999999999993,0.22285650560330475,FREE,0.22,0.245
2016-01-12,196645.29209684947,196645.29209684947,0,-0.5,1.1499999999999997,0.25134876785185395,FORCE_SELL,0.22,0.245
2016-01-13,196645.29209684947,196645.29209684947,0,1.8999999999999995,1.1999999999999997,0.29537193811922174,FORCE_SELL,0.22,0.245
2016-01-14,196645.29209684947,196645.29209684947,0,2.1999999999999993,-0.5,0.24721016167346885,FORCE_SELL,0.22,0.245
2016-01-15,195544.27789009552,0.0,1,2.499999999999999,-0.5,0.2054913464801392,FORCE_BUY,0.22,0.25
2016-01-19,194526.35909517205,0.0,1,2.499999999999999,-0.5,0.2650796701236206,FORCE_SELL,0.22,0.25
2016-01-20,191339.7045705552,191339.7045705552,0,2.349999999999999,2.2999999999999994,0.2278888383236594,FREE,0.22,0.25
2016-01-21,191339.7045705552,191339.7045705552,0,2.499999999999999,2.3999999999999995,0.2614093333473862,FORCE_SELL,0.22,0.25
2016-01-22,191785.29295846162,191785.29295846162,0,2.499999999999999,2.3999999999999995,0.23978241237460451,FREE,0.22,0.25
2016-01-25,191785.29295846162,191785.29295846162,0,2.2499999999999996,-0.5,0.2601033678881149,FORCE_SELL,0.22,0.25
2016-01-26,195182.0825065084,195182.0825065084,0,2.2999999999999994,-0.5,0.23523127295285073,FREE,0.22,0.25
2016-01-27,194465.56384107642,0.0,1,2.499999999999999,2.349999999999999,0.1716165945314256,FORCE_BUY,0.22,0.25
2016-01-28,195556.56997403,0.0,1,2.1999999999999993,2.4499999999999993,0.1675944068174551,FORCE_BUY,0.22,0.25
2016-01-29,200577.6789195994,0.0,1,-0.5,1.7999999999999994,0.1515082461151083,FORCE_BUY,0.22,0.25
2016-02-01,199471.68501883166,0.0,1,1.9499999999999993,-0.5,0.14333807222556155,FORCE_BUY,0.22,0.25
2016-02-02,196339.75836525584,0.0,1,2.1499999999999995,-0.5,0.1609629504764644,FORCE_BUY,0.22,0.25
2016-02-03,197704.16205592256,0.0,1,2.1499999999999995,1.4499999999999995,0.16767566352498076,FORCE_BUY,0.22,0.25
2016-02-04,197955.5430995363,0.0,1,2.2999999999999994,1.3499999999999996,0.1625135658635348,FORCE_BUY,0.22,0.25
2016-02-05,194313.10206503602,0.0,1,1.8499999999999996,1.7499999999999996,0.17237459440358927,FORCE_BUY,0.22,0.25
2016-02-08,191233.58091685173,0.0,1,-0.5,-0.5,0.19101230671196964,FORCE_BUY,0.22,0.25
2016-02-09,192650.8958403455,0.0,1,2.499999999999999,-0.5,0.23423527408472541,FREE,0.22,0.25
2016-02-10,194282.6497595802,194282.6497595802,0,-0.5,1.3999999999999995,0.25598990537730937,FORCE_SELL,0.22,0.25
2016-02-11,195287.4018299968,0.0,1,2.2999999999999994,-0.5,0.19656324250639698,FORCE_BUY,0.22,0.25
2016-02-12,196768.15047957245,196768.15047957245,0,-0.5,1.6999999999999993,0.21281732158721114,FREE,0.05,0.25
2016-02-16,196768.15047957245,196768.15047957245,0,-0.5,1.6999999999999993,0.20211349706202267,FORCE_BUY,0.22,0.25
2016-02-17,196768.15047957245,196768.15047957245,0,-0.5,1.6999999999999993,0.21508857044095028,FORCE_BUY,0.22,0.25
2016-02-18,197107.5682459698,0.0,1,1.1499999999999997,-0.5,0.22470737485650452,FREE,0.22,0.25
2016-02-19,197457.77368111,197457.77368111,0,1.2499999999999996,-0.5,0.20098127181679085,FREE,0.05,0.25
2016-02-22,198067.70049233086,0.0,1,1.0499999999999996,-0.5,0.13272270069754236,FREE,0.05,0.25
2016-02-23,197560.37710772356,197560.37710772356,0,1.8499999999999996,-0.5,0.17021823586530208,FREE,0.05,0.25
2016-02-24,198262.81400410656,198262.81400410656,0,2.1999999999999993,1.6999999999999993,0.16564848315781258,FREE,0.05,0.25
2016-02-25,198465.66116392252,0.0,1,2.0999999999999996,2.1999999999999993,0.1442790331336406,FREE,0.05,0.25
2016-02-26,199692.36094307195,0.0,1,-0.5,2.0999999999999996,0.16281150738737804,FREE,0.05,0.25
2016-02-29,199764.75373677115,199764.75373677115,0,1.6999999999999993,1.1999999999999997,0.19057012626006095,FREE,0.05,0.25
2016-03-01,199836.7972777273,199836.7972777273,0,1.5999999999999996,1.4999999999999996,0.16779215250386706,FREE,0.05,0.25
2016-03-02,200716.37711094462,200716.37711094462,0,0.8999999999999997,2.3999999999999995,0.14336205764172089,FREE,0.05,0.25
2016-03-03,201394.74422539686,201394.74422539686,0,-0.5,-0.5,0.14192098233522224,FREE,0.05,0.25
2016-03-04,201240.36660471,201240.36660471,0,2.0999999999999996,2.499999999999999,0.1605306810872845,FREE,0.05,0.25
2016-03-07,201613.941625625,201613.941625625,0,2.2999999999999994,1.8499999999999996,0.17469239673893647,FREE,0.05,0.25
2016-03-08,201158.25968824918,0.0,1,2.2999999999999994,1.2499999999999996,0.1955748698443294,FREE,0.05,0.25
2016-03-09,201786.08813530035,201786.08813530035,0,2.499999999999999,1.3999999999999995,0.18088855967096204,FREE,0.05,0.25
2016-03-10,201786.08813530035,201786.08813530035,0,2.499999999999999,1.3999999999999995,0.2072443479302226,FREE,0.05,0.25
2016-03-11,201786.08813530035,201786.08813530035,0,1.9999999999999996,1.9499999999999993,0.17266748852700997,FREE,0.05,0.25
2016-03-14,201786.08813530035,201786.08813530035,0,1.9999999999999996,1.9499999999999993,0.16865331299107947,FREE,0.05,0.25
2016-03-15,201786.08813530035,201786.08813530035,0,1.5499999999999994,1.4499999999999995,0.17923849946487028,FREE,0.05,0.25
2016-03-16,201786.08813530035,201786.08813530035,0,1.5499999999999994,1.6499999999999995,0.17930651979194864,FREE,0.05,0.25
2016-03-17,201786.08813530035,201786.08813530035,0,1.5499999999999994,1.6499999999999995,0.17674088296129487,FREE,0.05,0.25
2016-03-18,201786.08813530035,201786.08813530035,0,0.6499999999999997,1.0499999999999996,0.1850079007230999,FREE,0.05,0.25
2016-03-21,202972.19715297368,202972.19715297368,0,1.3499999999999996,1.1499999999999997,0.18806752305357954,FREE,0.05,0.25
2016-03-22,203367.97850883807,203367.97850883807,0,1.3999999999999995,0.8499999999999996,0.17762797051452003,FREE,0.05,0.25
2016-03-23,203532.61552010963,203532.61552010963,0,1.4999999999999996,0.3999999999999998,0.2123548582854957,FREE,0.05,0.25
2016-03-24,203552.70956843818,203552.70956843818,0,1.8999999999999995,0.8999999999999997,0.18554250522624371,FREE,0.05,0.25
2016-03-28,203552.70956843818,203552.70956843818,0,1.8999999999999995,0.8999999999999997,0.2015575010178866,FREE,0.05,0.25
2016-03-29,203773.56967943176,203773.56967943176,0,1.3499999999999996,1.7999999999999994,0.19512714862251554,FREE,0.05,0.25
2016-03-30,203773.56967943176,203773.56967943176,0,1.0999999999999996,1.9999999999999996,0.1991969798658965,FREE,0.05,0.25
2016-03-31,203339.67031973522,0.0,1,0.6499999999999997,2.2499999999999996,0.2211402675113053,FREE,0.05,0.25
2016-04-01,203754.79043607358,203754.79043607358,0,1.8499999999999996,2.0999999999999996,0.22594007112733216,FREE,0.05,0.25
2016-04-04,203754.79043607358,203754.79043607358,0,1.4499999999999995,-0.5,0.19017564987152089,FREE,0.05,0.25
2016-04-05,204618.35263265827,204618.35263265827,0,1.3499999999999996,1.0499999999999996,0.23817812116154646,FREE,0.05,0.25
2016-04-06,206365.1322539375,206365.1322539375,0,1.4499999999999995,0.9999999999999996,0.2159637480370151,FREE,0.05,0.25
2016-04-07,204675.01660928965,0.0,1,1.7999999999999994,1.2499999999999996,0.22794638268469966,FREE,0.05,0.25
2016-04-08,206968.74498416888,206968.74498416888,0,1.6499999999999995,1.0999999999999996,0.22909051084491214,FREE,0.05,0.25
2016-04-11,206877.30974438597,0.0,1,1.3499999999999996,-0.5,0.2392510667680793,FREE,0.05,0.25
2016-04-12,209268.60912206455,209268.60912206455,0,0.9499999999999997,1.8999999999999995,0.20828455587008,FREE,0.05,0.25
2016-04-13,209875.21681890616,209875.21681890616,0,-0.5,2.3999999999999995,0.16498905022519508,FREE,0.05,0.25
2016-04-14,209653.4040417148,209653.4040417148,0,0.9999999999999996,2.349999999999999,0.1806583104679694,FREE,0.05,0.25
2016-04-15,209905.82819414415,0.0,1,0.7499999999999998,2.4499999999999993,0.1957234587365649,FREE,0.05,0.25
2016-04-18,209724.24107931816,209724.24107931816,0,1.2999999999999996,1.9999999999999996,0.1953789832168333,FREE,0.05,0.25
2016-04-19,209404.4328489375,0.0,1,1.3999999999999995,1.9999999999999996,0.1680790249006545,FREE,0.05,0.25
2016-04-20,210575.29410441808,210575.29410441808,0,1.1499999999999997,1.0999999999999996,0.17554220296654374,FREE,0.05,0.25
2016-04-21,209722.72660666486,209722.72660666486,0,1.3499999999999996,-0.5,0.20428415298378633,FREE,0.05,0.25
2016-04-22,209722.72660666486,209722.72660666486,0,1.8999999999999995,-0.5,0.18155198806833137,FREE,0.05,0.25
2016-04-25,210024.746662262,210024.746662262,0,1.8499999999999996,2.349999999999999,0.1671706473031164,FREE,0.05,0.25
2016-04-26,210024.746662262,210024.746662262,0,-0.5,1.8999999999999995,0.18677816602297836,FREE,0.05,0.25
2016-04-27,210714.59458997397,210714.59458997397,0,1.5499999999999994,1.5999999999999996,0.18876735456227858,FREE,0.05,0.25
2016-04-28,209791.4715708631,0.0,1,1.8499999999999996,1.4499999999999995,0.22722539589196636,FREE,0.05,0.25
2016-04-29,209127.82624429293,0.0,1,2.1999999999999993,1.6999999999999993,0.19813418372450212,FREE,0.05,0.25
2016-05-02,209959.14686442245,209959.14686442245,0,2.1999999999999993,1.6999999999999993,0.18864604297534912,FREE,0.05,0.25
2016-05-03,210040.45940617178,210040.45940617178,0,1.4499999999999995,1.2999999999999996,0.1875973728308049,FREE,0.05,0.25
2016-05-04,209989.332280081,0.0,1,1.6999999999999993,1.1499999999999997,0.19776540045803134,FREE,0.05,0.25
2016-05-05,209508.7372948276,0.0,1,1.6999999999999993,1.1499999999999997,0.20339020566330737,FREE,0.05,0.25
2016-05-06,209457.6101687368,209457.6101687368,0,1.8999999999999995,-0.5,0.18419641209093598,FREE,0.05,0.25
2016-05-09,209457.6101687368,209457.6101687368,0,1.8999999999999995,-0.5,0.18756585863371109,FREE,0.05,0.25
2016-05-10,209680.92334652756,209680.92334652756,0,-0.5,1.9999999999999996,0.18398610212665145,FREE,0.05,0.25
2016-05-11,209455.07486344673,0.0,1,0.9999999999999996,2.1999999999999993,0.22010043683598135,FREE,0.22,0.25
2016-05-12,209515.93642813174,0.0,1,1.4999999999999996,2.349999999999999,0.20010251836557527,FORCE_BUY,0.22,0.25
2016-05-13,207811.71700635698,207811.71700635698,0,-0.5,1.5499999999999994,0.21813377014404986,FREE,0.05,0.25
2016-05-16,208197.18329526664,208197.18329526664,0,-0.5,1.5499999999999994,0.19976106172921895,FREE,0.05,0.25
2016-05-17,207236.48369459214,0.0,1,1.4499999999999995,0.7999999999999998,0.2147621007082807,FORCE_BUY,0.22,0.25
2016-05-18,207175.81431658936,0.0,1,1.9499999999999993,1.1499999999999997,0.2106819588971569,FORCE_BUY,0.22,0.25
2016-05-19,206650.013040565,0.0,1,-0.5,0.8999999999999997,0.1829660912446099,FORCE_BUY,0.22,0.25
2016-05-20,207549.37318423454,207549.37318423454,0,1.7999999999999994,1.6499999999999995,0.19050091824563298,FREE,0.05,0.25
2016-05-23,207498.7908647804,0.0,1,1.8999999999999995,-0.5,0.18919974046332957,FREE,0.05,0.25
2016-05-24,208176.5939454659,208176.5939454659,0,1.5999999999999996,1.9499999999999993,0.18745972246520112,FREE,0.05,0.25
2016-05-25,208176.5939454659,208176.5939454659,0,0.4999999999999998,2.499999999999999,0.1786810596381367,FORCE_BUY,0.23,0.255
2016-05-26,208325.63217137184,0.0,1,-0.5,2.499999999999999,0.1743162203188715,FORCE_BUY,0.23,0.255
2016-05-27,209041.01565572052,0.0,1,0.5999999999999996,2.499999999999999,0.15142337225584823,FORCE_BUY,0.23,0.255
2016-05-31,208733.00332218152,0.0,1,0.5999999999999996,2.499999999999999,0.1822802042666585,FORCE_BUY,0.22,0.245
2016-06-01,209001.27212881227,0.0,1,0.6999999999999997,1.3999999999999995,0.18609424628450624,FORCE_BUY,0.22,0.245
2016-06-02,209666.97620452565,0.0,1,1.0999999999999996,1.7999999999999994,0.16370120173275785,FORCE_BUY,0.22,0.245
2016-06-03,208872.10566636044,0.0,1,0.8999999999999997,1.6499999999999995,0.19137530411501621,FORCE_BUY,0.22,0.245
2016-06-06,209180.11799989946,209180.11799989946,0,0.8999999999999997,1.6499999999999995,0.17095381180262792,FREE,0.05,0.22
2016-06-07,208785.30817023892,0.0,1,0.9999999999999996,-0.5,0.18132713289144609,FREE,0.05,0.22
2016-06-08,209515.70635511092,0.0,1,0.6499999999999997,1.4499999999999995,0.15328927708047427,FORCE_BUY,0.2,0.225
2016-06-09,209101.15603396733,0.0,1,0.4999999999999998,1.5999999999999996,0.17148182585433105,FORCE_BUY,0.2,0.225
2016-06-10,207413.3440121685,0.0,1,0.9999999999999996,1.9499999999999993,0.19745758611701678,FORCE_BUY,0.2,0.225
2016-06-13,205459.03535534878,0.0,1,2.0499999999999994,-0.5,0.22200015301971798,FREE,0.2,0.225
2016-06-14,204995.13380549764,0.0,1,1.2999999999999996,1.0999999999999996,0.19587304937016703,FORCE_BUY,0.2,0.225
2016-06-15,205991.81937561271,205991.81937561271,0,1.0999999999999996,0.8499999999999996,0.21529057092977014,FREE,0.19,0.22
2016-06-16,206350.4298257081,206350.4298257081,0,1.5499999999999994,1.8499999999999996,0.2024181061575467,FREE,0.19,0.22
2016-06-17,205732.0467888676,0.0,1,1.5499999999999994,1.1999999999999997,0.17991880094673948,FORCE_BUY,0.205,0.225
2016-06-20,208215.55285617878,208215.55285617878,0,0.8999999999999997,2.1999999999999993,0.22696090827346763,FORCE_SELL,0.205,0.225
2016-06-21,207766.38220044877,0.0,1,1.1499999999999997,2.0499999999999994,0.18839724313025244,FORCE_BUY,0.215,0.24
2016-06-22,208624.79723139945,0.0,1,0.9499999999999997,1.8499999999999996,0.221563823762755,FREE,0.215,0.24
2016-06-23,209722.76994540618,0.0,1,-0.5,1.7999999999999994,0.18622747990955027,FORCE_BUY,0.205,0.225
2016-06-24,203673.938448242,203673.938448242,0,2.0999999999999996,1.9999999999999996,0.3094310268340465,FORCE_SELL,0.205,0.225
2016-06-27,201392.04720843918,0.0,1,-0.5,1.4999999999999996,0.21966294596860267,FREE,0.21,0.31
2016-06-28,205168.27430439604,0.0,1,2.1999999999999993,1.0999999999999996,0.19991048218900262,FORCE_BUY,0.21,0.31
2016-06-29,209267.6010449268,0.0,1,-0.5,2.499999999999999,0.19993548283296395,FORCE_BUY,0.21,0.31
2016-06-30,211054.74595397591,0.0,1,-0.5,2.499999999999999,0.19786957561785398,FORCE_BUY,0.21,0.31
2016-07-01,212024.0448876975,0.0,1,0.9999999999999996,1.7499999999999996,0.19479903227117915,FORCE_BUY,0.21,0.31
2016-07-05,210469.1278481858,0.0,1,2.2499999999999996,-0.5,0.18898368457813908,FORCE_BUY,0.21,0.31
2016-07-06,211700.94524312363,0.0,1,2.2999999999999994,-0.5,0.19283397673706648,FORCE_BUY,0.21,0.31
2016-07-07,211640.36405976606,0.0,1,2.2999999999999994,-0.5,0.2050497587367062,FORCE_BUY,0.21,0.31
2016-07-08,214608.8420442883,0.0,1,2.499999999999999,-0.5,0.17848862673870522,FORCE_BUY,0.205,0.31
2016-07-11,215446.88174740173,0.0,1,2.499999999999999,-0.5,0.164100918691207,FORCE_BUY,0.205,0.31
2016-07-12,217032.08937859218,0.0,1,0.7999999999999998,-0.5,0.15169611578775047,FORCE_BUY,0.205,0.31
2016-07-13,216880.6364201982,0.0,1,0.7999999999999998,-0.5,0.14714293470846287,FORCE_BUY,0.205,0.31
2016-07-14,217829.74162613388,0.0,1,1.0999999999999996,-0.5,0.14962709017324907,FORCE_BUY,0.205,0.31
2016-07-15,216628.21482287487,0.0,1,-0.5,-0.5,0.15671500761755988,FORCE_BUY,0.205,0.31
2016-07-18,218506.23150696038,0.0,1,-0.5,-0.5,0.15395567323944725,FORCE_BUY,0.205,0.31
2016-07-19,218314.39109299466,0.0,1,1.4499999999999995,0.9499999999999997,0.1455099051642261,FORCE_BUY,0.205,0.31
2016-07-20,219213.0119794657,0.0,1,-0.5,1.5999999999999996,0.14285620574208438,FORCE_BUY,0.205,0.31
2016-07-21,218334.58482078052,0.0,1,2.0499999999999994,0.5499999999999998,0.18430296193380558,FORCE_BUY,0.205,0.31
2016-07-22,219233.20570725156,0.0,1,2.0499999999999994,0.6999999999999997,0.1598100678788954,FORCE_BUY,0.205,0.31
2016-07-25,218667.78132924731,0.0,1,1.8499999999999996,1.6499999999999995,0.18352271119131525,FORCE_BUY,0.205,0.31
2016-07-26,219101.94647664344,0.0,1,1.7499999999999996,1.2999999999999996,0.18697470102293537,FORCE_BUY,0.205,0.31
2016-07-27,219263.49629893035,219263.49629893035,0,-0.5,1.2499999999999996,0.2064041332773391,FREE,0.205,0.31
2016-07-28,220136.12625319514,0.0,1,-0.5,1.2499999999999996,0.1977023957088929,FORCE_BUY,0.205,0.31
2016-07-29,220623.1755299941,0.0,1,1.0999999999999996,1.1999999999999997,0.1839049537138304,FORCE_BUY,0.205,0.31
2016-08-01,220166.56683299507,0.0,1,0.9999999999999996,-0.5,0.1959703936003221,FORCE_BUY,0.205,0.31
2016-08-02,220075.65042379932,220075.65042379932,0,0.8999999999999997,-0.5,0.24190601031287354,FREE,0.205,0.31
2016-08-03,220075.65042379932,220075.65042379932,0,0.9499999999999997,-0.5,0.19841084250859764,FORCE_BUY,0.205,0.31
2016-08-04,220739.46611911542,220739.46611911542,0,0.6499999999999997,0.9999999999999996,0.23172847157391044,FREE,0.205,0.31
2016-08-05,222216.1545891164,0.0,1,-0.5,1.2999999999999996,0.19526734166124285,FORCE_BUY,0.205,0.31
2016-08-08,221961.5531287714,0.0,1,0.6999999999999997,-0.5,0.19488092881781646,FORCE_BUY,0.205,0.31
2016-08-09,222022.6574792542,0.0,1,0.4999999999999998,-0.5,0.2030069842026001,FORCE_BUY,0.205,0.31
2016-08-10,222471.0723959682,0.0,1,0.2999999999999998,1.1999999999999997,0.23120679803442665,FREE,0.205,0.31
2016-08-11,223606.12888778435,0.0,1,0.34999999999999987,1.4499999999999995,0.18841917139989287,FORCE_BUY,0.205,0.31
2016-08-12,223381.16273625323,0.0,1,-0.5,2.499999999999999,0.20279166120349665,FORCE_BUY,0.205,0.31
2016-08-15,223892.44944427852,0.0,1,1.0499999999999996,-0.5,0.19339806018294103,FORCE_BUY,0.205,0.31
2016-08-16,223851.5465076365,223851.5465076365,0,0.8499999999999996,0.9999999999999996,0.23301381509509625,FREE,0.205,0.31
2016-08-17,224159.9524358031,0.0,1,0.8499999999999996,0.8999999999999997,0.21236585025622765,FREE,0.205,0.31
2016-08-18,224611.5153836639,0.0,1,0.9499999999999997,1.2999999999999996,0.18840090480446836,FORCE_BUY,0.205,0.31
2016-08-19,224508.88744096825,0.0,1,0.44999999999999973,1.0999999999999996,0.1980205768359953,FORCE_BUY,0.205,0.31
2016-08-22,224211.26640715092,0.0,1,0.4999999999999998,0.6499999999999997,0.2007324425532924,FORCE_BUY,0.205,0.31
2016-08-23,224837.2968575943,0.0,1,0.5499999999999998,0.5499999999999998,0.192581922327869,FORCE_BUY,0.205,0.31
2016-08-24,223636.6485004482,0.0,1,0.7499999999999998,-0.5,0.23004009168889947,FREE,0.205,0.31
2016-08-25,223616.12572826314,0.0,1,0.6499999999999997,-0.5,0.20340929715178302,FORCE_BUY,0.205,0.31
2016-08-26,222476.3350085109,222476.3350085109,0,0.6499999999999997,1.5499999999999994,0.2646102005968447,FREE,0.2,0.31
2016-08-29,222476.3350085109,222476.3350085109,0,0.6499999999999997,1.5499999999999994,0.2004254728295004,FREE,0.2,0.225
2016-08-30,222119.57372722722,0.0,1,1.0999999999999996,-0.5,0.2011892867912987,FORCE_BUY,0.205,0.225
2016-08-31,221660.88065129105,0.0,1,1.1999999999999997,-0.5,0.19495227100362209,FORCE_BUY,0.205,0.225
2016-09-01,221523.2727285102,221523.2727285102,0,1.0499999999999996,1.1999999999999997,0.23290826234083314,FORCE_SELL,0.205,0.225
2016-09-02,221609.54556616305,0.0,1,0.8999999999999997,1.6499999999999995,0.2664920241736541,FREE,0.205,0.31
2016-09-06,222289.57852177965,0.0,1,0.8999999999999997,1.6499999999999995,0.2465020043054477,FREE,0.205,0.31
2016-09-07,222259.129284961,0.0,1,0.8999999999999997,1.6499999999999995,0.24343720114077616,FREE,0.205,0.31
2016-09-08,221609.54556616305,0.0,1,0.5999999999999996,0.9499999999999997,0.2584462927236772,FREE,0.205,0.31
2016-09-09,215814.04082501258,0.0,1,1.9499999999999993,-0.5,0.32059602287187605,FORCE_SELL,0.205,0.31
2016-09-12,215022.3606677276,215022.3606677276,0,1.9499999999999993,-0.5,0.2933609461660069,FREE,0.205,0.31
2016-09-13,215022.3606677276,215022.3606677276,0,1.4499999999999995,1.9999999999999996,0.287228494727611,FREE,0.205,0.31
2016-09-14,214328.28586953928,0.0,1,1.7499999999999996,1.2499999999999996,0.27856873471201365,FREE,0.205,0.31
2016-09-15,215324.13231911382,215324.13231911382,0,0.9999999999999996,-0.5,0.2642719657404871,FREE,0.205,0.31
2016-09-16,215906.0033417927,215906.0033417927,0,0.9999999999999996,-0.5,0.23474745830969368,FREE,0.205,0.31
2016-09-19,215441.25600532425,0.0,1,1.4499999999999995,-0.5,0.27478952175086196,FREE,0.205,0.31
2016-09-20,216087.31731093483,216087.31731093483,0,1.0999999999999996,1.6499999999999995,0.2751726278930527,FORCE_SELL,0.205,0.245
2016-09-21,216087.31731093483,216087.31731093483,0,1.0999999999999996,1.6499999999999995,0.25032125524115495,FORCE_SELL,0.2,0.245
2016-09-22,216087.31731093483,216087.31731093483,0,0.5499999999999998,2.1999999999999993,0.14858002771755466,FORCE_BUY,0.2,0.255
2016-09-23,215070.95162036415,0.0,1,1.2499999999999996,-0.5,0.1704027614922311,FORCE_BUY,0.2,0.255
2016-09-26,213396.93754177718,0.0,1,1.2499999999999996,-0.5,0.17123816145268878,FORCE_BUY,0.2,0.255
2016-09-27,214672.3768397482,0.0,1,1.6499999999999995,1.8499999999999996,0.15184563934566594,FORCE_BUY,0.2,0.255
2016-09-28,215858.13681208063,0.0,1,1.4499999999999995,2.1999999999999993,0.15140605681938188,FORCE_BUY,0.2,0.255
2016-09-29,213994.7997127011,0.0,1,1.5499999999999994,1.5999999999999996,0.18422716300557518,FORCE_BUY,0.2,0.255
2016-09-30,215728.60000838045,0.0,1,1.5499999999999994,2.1499999999999995,0.16485443204095573,FORCE_BUY,0.2,0.255
2016-10-03,215060.98725084876,0.0,1,1.5499999999999994,2.1499999999999995,0.14493063088400512,FORCE_BUY,0.2,0.255
2016-10-04,213895.15601754712,0.0,1,0.4999999999999998,1.3499999999999996,0.17369877292386307,FORCE_BUY,0.2,0.255
2016-10-05,214901.55733860238,0.0,1,0.4999999999999998,1.2499999999999996,0.15570651570686503,FORCE_BUY,0.2,0.255
2016-10-06,214851.73549102538,0.0,1,-0.5,0.9499999999999997,0.14353116891344397,FORCE_BUY,0.2,0.255
2016-10-07,214174.15836397826,0.0,1,1.2499999999999996,1.3499999999999996,0.1770917896474443,FORCE_BUY,0.2,0.255
2016-10-10,215648.88505225728,0.0,1,1.2499999999999996,1.3499999999999996,0.16705633357197647,FORCE_BUY,0.2,0.255
2016-10-11,213098.00645631523,0.0,1,1.7999999999999994,-0.5,0.18584820626121157,FORCE_BUY,0.2,0.255
2016-10-12,212559.93050248368,0.0,1,1.7499999999999996,1.2499999999999996,0.15489160163314816,FORCE_BUY,0.2,0.255
2016-10-13,212260.99941702175,212260.99941702175,0,1.6999999999999993,1.3499999999999996,0.21052208953729426,FREE,0.2,0.255
2016-10-14,212260.99941702175,212260.99941702175,0,1.4499999999999995,1.3499999999999996,0.2636684050147027,FORCE_SELL,0.2,0.255
2016-10-17,212810.59084952064,0.0,1,-0.5,0.9999999999999996,0.24321828791848257,FREE,0.2,0.255
2016-10-18,213630.85785559518,0.0,1,0.8499999999999996,1.0499999999999996,0.23290331972692271,FREE,0.2,0.255
2016-10-19,213450.87398284063,213450.87398284063,0,0.5999999999999996,1.2999999999999996,0.2305069427500905,FREE,0.2,0.255
2016-10-20,213182.0943168796,0.0,1,0.5999999999999996,1.7499999999999996,0.2405994128719879,FORCE_BUY,0.295,0.315
2016-10-21,213062.6366875636,0.0,1,1.0999999999999996,1.8499999999999996,0.2222971085435085,FORCE_BUY,0.295,0.315
2016-10-24,213966.5327493881,0.0,1,1.0999999999999996,1.8499999999999996,0.15167561659884263,FORCE_BUY,0.295,0.315
2016-10-25,212903.35984847555,0.0,1,0.5999999999999996,0.9999999999999996,0.17572906363019156,FORCE_BUY,0.2,0.255
2016-10-26,212823.72142893152,0.0,1,1.1999999999999997,-0.5,0.17132298009680913,FORCE_BUY,0.2,0.255
2016-10-27,212266.25249212343,0.0,1,1.1999999999999997,1.0499999999999996,0.19500125566477444,FORCE_BUY,0.295,0.315
2016-10-28,211977.5632212764,0.0,1,0.9999999999999996,0.9499999999999997,0.24695081786980344,FORCE_BUY,0.295,0.315
2016-10-31,211748.60276508736,0.0,1,1.0999999999999996,-0.5,0.2546128469184623,FORCE_BUY,0.295,0.315
2016-11-01,212077.11124570642,212077.11124570642,0,1.7499999999999996,-0.5,0.2661318008030576,FORCE_SELL,0.2,0.255
2016-11-02,212077.11124570642,212077.11124570642,0,1.3999999999999995,-0.5,0.2340556286863947,FREE,0.2,0.255
2016-11-03,212318.08924455443,212318.08924455443,0,1.4999999999999996,-0.5,0.2424415172716502,FREE,0.2,0.255
2016-11-04,211526.83130884866,211526.83130884866,0,2.3999999999999995,2.3999999999999995,0.23735827539700172,FREE,0.2,0.255
2016-11-07,211526.83130884866,211526.83130884866,0,1.3999999999999995,2.1999999999999993,0.2802137401896542,FORCE_SELL,0.17,0.255
2016-11-08,211526.83130884866,211526.83130884866,0,1.3499999999999996,2.1499999999999995,0.23825441854041274,FREE,0.17,0.255
2016-11-09,211526.83130884866,211526.83130884866,0,2.499999999999999,2.4499999999999993,0.2931365553121652,FORCE_SELL,0.17,0.255
2016-11-10,211526.83130884866,211526.83130884866,0,1.3499999999999996,2.0999999999999996,0.2535075928383386,FORCE_BUY,0.295,0.315
2016-11-11,211526.83130884866,211526.83130884866,0,0.8499999999999996,2.349999999999999,0.2175713349365931,FORCE_BUY,0.295,0.315
2016-11-14,211536.59213351336,0.0,1,1.8999999999999995,-0.5,0.23368097729545714,FORCE_BUY,0.295,0.315
2016-11-15,212523.12935039442,212523.12935039442,0,1.8999999999999995,-0.5,0.21214126780130138,FREE,0.17,0.255
2016-11-16,212523.12935039442,212523.12935039442,0,1.8999999999999995,-0.5,0.21978242687981173,FORCE_BUY,0.295,0.315
2016-11-17,212523.12935039442,212523.12935039442,0,1.8999999999999995,-0.5,0.1428714891019369,FORCE_BUY,0.295,0.315
2016-11-18,212776.2141927482,0.0,1,2.4499999999999993,-0.5,0.1683419006446697,FORCE_BUY,0.295,0.315
2016-11-21,214284.98921447268,0.0,1,2.4499999999999993,-0.5,0.15597397232575597,FORCE_BUY,0.295,0.315
2016-11-22,214732.75470479095,0.0,1,2.4499999999999993,-0.5,0.1553500356812099,FORCE_BUY,0.295,0.315
2016-11-23,214693.81857519806,0.0,1,1.2499999999999996,2.499999999999999,0.14163852515025147,FORCE_BUY,0.295,0.315
2016-11-25,215728.93558042505,0.0,1,1.2499999999999996,2.499999999999999,0.13776210268326425,FORCE_BUY,0.295,0.315
2016-11-28,214635.4143808087,0.0,1,1.3499999999999996,0.8999999999999997,0.17897352254453835,FORCE_BUY,0.295,0.315
2016-11-29,215005.30761194119,0.0,1,1.1499999999999997,0.7999999999999998,0.16190259143569877,FORCE_BUY,0.17,0.255
2016-11-30,215364.03786477487,0.0,1,1.3499999999999996,0.9499999999999997,0.1906853949961598,FREE,0.17,0.255
2016-12-01,215056.46266011347,0.0,1,1.5499999999999994,1.6999999999999993,0.1863184186009427,FREE,0.17,0.255
2016-12-02,214948.71403386607,0.0,1,1.1499999999999997,0.5499999999999998,0.17533944334628523,FREE,0.17,0.255
2016-12-05,216496.3761199648,0.0,1,0.7499999999999998,1.3999999999999995,0.16699371338080482,FORCE_BUY,0.17,0.255
2016-12-06,217182.0491960845,0.0,1,0.6499999999999997,1.2999999999999996,0.1538524213899661,FORCE_BUY,0.17,0.255
2016-12-07,216946.96128427202,216946.96128427202,0,0.8999999999999997,2.3999999999999995,0.19873229877579615,FREE,0.17,0.255
2016-12-08,217836.36551929513,0.0,1,0.8999999999999997,2.3999999999999995,0.18137478463038295,FORCE_BUY,0.295,0.315
2016-12-09,219112.4672478065,0.0,1,0.8999999999999997,2.3999999999999995,0.1559902320256024,FORCE_BUY,0.295,0.315
2016-12-12,218680.7194963268,0.0,1,0.8999999999999997,2.3999999999999995,0.1791472995148782,FORCE_BUY,0.295,0.315
2016-12-13,220108.21329353887,0.0,1,0.8999999999999997,2.3999999999999995,0.17665741879774965,FORCE_BUY,0.295,0.315
2016-12-14,218851.4464397019,0.0,1,1.2499999999999996,0.6999999999999997,0.21365337619346092,FORCE_BUY,0.295,0.315
2016-12-15,219315.48343188787,0.0,1,1.4499999999999995,1.3999999999999995,0.18882099467123417,FORCE_BUY,0.295,0.315
2016-12-16,217710.6888339114,0.0,1,1.5999999999999996,-0.5,0.18565693973110728,FORCE_BUY,0.295,0.315
2016-12-19,218281.06763680666,0.0,1,1.5999999999999996,0.8499999999999996,0.16803966578119592,FORCE_BUY,0.295,0.315
2016-12-20,218851.4464397019,0.0,1,1.6499999999999995,0.9499999999999997,0.1488569677757152,FORCE_BUY,0.295,0.315
2016-12-21,218116.72120207414,0.0,1,1.8499999999999996,-0.5,0.18732454122233455,FORCE_BUY,0.295,0.315
2016-12-22,218068.3840153881,0.0,1,1.8999999999999995,-0.5,0.16105955788059464,FORCE_BUY,0.295,0.315
2016-12-23,218155.39095142295,0.0,1,1.6499999999999995,1.0999999999999996,0.13615674476925063,FORCE_BUY,0.295,0.315
2016-12-27,218551.75588224846,0.0,1,1.6499999999999995,1.0999999999999996,0.16859783721835275,FORCE_BUY,0.295,0.315
2016-12-28,217024.3007829697,0.0,1,1.4999999999999996,-0.5,0.2939334181857111,FORCE_BUY,0.295,0.315
2016-12-29,216985.63103362086,0.0,1,1.2499999999999996,0.8999999999999997,0.23437108834931628,FORCE_BUY,0.295,0.315
2016-12-30,215989.88498788848,0.0,1,0.9499999999999997,0.2999999999999998,0.2628294439163353,FORCE_BUY,0.295,0.315
2017-01-03,217788.02833260907,0.0,1,1.4499999999999995,1.0999999999999996,0.28337369358730663,FORCE_BUY,0.295,0.315
2017-01-04,218803.10925301586,0.0,1,1.0499999999999996,1.3499999999999996,0.25806807046160274,FORCE_BUY,0.295,0.315
2017-01-05,218899.78362638794,0.0,1,0.8999999999999997,1.4499999999999995,0.24976285665935558,FORCE_BUY,0.295,0.315
2017-01-06,219247.8113705274,0.0,1,0.5999999999999996,1.2499999999999996,0.2838913147396959,FORCE_BUY,0.295,0.315
2017-01-09,218774.10694100425,0.0,1,0.5999999999999996,-0.5,0.2913717522514408,FORCE_BUY,0.295,0.315
2017-01-10,218928.78593839955,0.0,1,0.5499999999999998,-0.5,0.2976711905624058,FREE,0.295,0.315
2017-01-11,219392.8229305855,0.0,1,0.8499999999999996,2.2499999999999996,0.25676606942023733,FORCE_BUY,0.295,0.315
2017-01-12,219025.46031177163,0.0,1,0.8999999999999997,1.3999999999999995,0.2654051073266354,FORCE_BUY,0.295,0.315
2017-01-13,219663.51117602733,0.0,1,0.8999999999999997,1.3999999999999995,0.2609782143727865,FORCE_BUY,0.295,0.315
2017-01-17,218735.4371916554,0.0,1,0.8999999999999997,1.3999999999999995,0.2685253906059834,FORCE_BUY,0.295,0.315
2017-01-18,219257.47880786462,0.0,1,0.6499999999999997,0.9999999999999996,0.22511521148522365,FORCE_BUY,0.295,0.315
2017-01-19,218909.45106372514,0.0,1,0.8499999999999996,0.6499999999999997,0.27550031525771074,FORCE_BUY,0.295,0.315
2017-01-20,219267.14624520182,0.0,1,0.5499999999999998,0.5999999999999996,0.2592269427085014,FORCE_BUY,0.295,0.315
2017-01-23,218716.102316981,0.0,1,0.7999999999999998,0.6499999999999997,0.2610884076687296,FORCE_BUY,0.295,0.315
2017-01-24,220108.21329353887,0.0,1,0.5499999999999998,0.9499999999999997,0.26389657796903315,FORCE_BUY,0.295,0.315
2017-01-25,221790.34739021293,0.0,1,0.5499999999999998,0.9499999999999997,0.14809723873855854,FORCE_BUY,0.295,0.315
2017-01-26,221635.66839281764,0.0,1,0.9499999999999997,-0.5,0.1630169996405649,FORCE_BUY,0.295,0.315
2017-01-27,221384.31502205026,0.0,1,0.6499999999999997,-0.5,0.19323976596413783,FORCE_BUY,0.295,0.315
2017-01-30,220088.87841886445,0.0,1,0.9999999999999996,-0.5,0.19394903868026073,FORCE_BUY,0.295,0.315
2017-01-31,220233.88997892255,0.0,1,1.0999999999999996,-0.5,0.1688313593179406,FORCE_BUY,0.295,0.315
2017-02-01,219566.83680265525,0.0,1,0.8999999999999997,-0.5,0.20937475806992545,FORCE_BUY,0.295,0.315
2017-02-02,219789.18963753767,0.0,1,0.8499999999999996,-0.5,0.17907850459455657,FREE,0.17,0.295
2017-02-03,220088.52470821526,220088.52470821526,0,0.8499999999999996,1.7499999999999996,0.17190733357973306,FREE,0.17,0.295
2017-02-06,220088.52470821526,220088.52470821526,0,0.8499999999999996,1.7499999999999996,0.17791623235317125,FREE,0.175,0.295
2017-02-07,219886.7144288129,219886.7144288129,0,1.0999999999999996,-0.5,0.19230582740299515,FREE,0.175,0.295
2017-02-08,220406.06370839808,0.0,1,0.9499999999999997,1.6999999999999993,0.16229310285749018,FORCE_BUY,0.175,0.295
2017-02-09,221781.37754137363,0.0,1,0.6499999999999997,2.4499999999999993,0.1754236640729494,FORCE_BUY,0.295,0.315
2017-02-10,222618.10693626088,0.0,1,0.6499999999999997,2.4499999999999993,0.16099218435542936,FORCE_BUY,0.295,0.315
2017-02-13,223935.71529372697,0.0,1,0.6499999999999997,2.4499999999999993,0.16126134134880388,FORCE_BUY,0.295,0.315
2017-02-14,224782.06226786578,0.0,1,1.6499999999999995,0.9499999999999997,0.15711984234337514,FORCE_BUY,0.295,0.315
2017-02-15,226022.72999131924,0.0,1,1.3999999999999995,1.1499999999999997,0.16531283707387423,FORCE_BUY,0.295,0.315
2017-02-16,225676.49713826246,0.0,1,1.3499999999999996,1.7499999999999996,0.162141004944562,FORCE_BUY,0.295,0.315
2017-02-17,226109.28820458346,0.0,1,1.5499999999999994,1.0499999999999996,0.1600601948070626,FORCE_BUY,0.295,0.315
2017-02-21,227234.544977018,0.0,1,1.5499999999999994,1.0499999999999996,0.15489551872268728,FORCE_BUY,0.295,0.315
2017-02-22,227176.83950150854,0.0,1,1.5499999999999994,1.0499999999999996,0.16507131083482715,FORCE_BUY,0.295,0.315
2017-02-23,227330.72076953377,0.0,1,1.2499999999999996,-0.5,0.16749169219388013,FORCE_BUY,0.295,0.315
2017-02-24,227686.57120184213,0.0,1,1.4499999999999995,0.24999999999999978,0.17300440690331295,FORCE_BUY,0.295,0.315
2017-02-27,227811.59973211263,0.0,1,1.0499999999999996,0.4999999999999998,0.15423538269805212,FORCE_BUY,0.295,0.315
2017-02-28,227869.30520762212,0.0,1,1.4499999999999995,0.5999999999999996,0.1835989947494678,FORCE_BUY,0.295,0.315
2017-03-01,230446.81644704484,0.0,1,1.3499999999999996,1.7999999999999994,0.1831213079146915,FORCE_BUY,0.295,0.315
2017-03-02,229052.26745556612,0.0,1,1.1999999999999997,0.6499999999999997,0.21806903138847997,FORCE_BUY,0.295,0.315
2017-03-03,229235.00146134608,0.0,1,1.6999999999999993,0.9499999999999997,0.1692013581673548,FORCE_BUY,0.295,0.315
2017-03-06,228465.5951212199,0.0,1,1.5499999999999994,1.3499999999999996,0.1792688287850647,FORCE_BUY,0.295,0.315
2017-03-07,227590.39540932636,0.0,1,1.2499999999999996,-0.5,0.19764203153093055,FORCE_BUY,0.295,0.315
2017-03-08,227676.95362259055,0.0,1,1.2999999999999996,1.1499999999999997,0.2087591856693094,FORCE_BUY,0.295,0.315
2017-03-09,228273.24353618835,0.0,1,1.5499999999999994,-0.5,0.17857583654778433,FORCE_BUY,0.295,0.315
2017-03-10,228686.79944400617,0.0,1,1.3999999999999995,1.6499999999999995,0.1774352148404331,FORCE_BUY,0.295,0.315
2017-03-13,228706.03460250935,0.0,1,-0.5,1.2499999999999996,0.1583382263505684,FORCE_BUY,0.295,0.315
2017-03-14,228013.56889639577,0.0,1,0.8499999999999996,0.7499999999999998,0.17391569174705132,FORCE_BUY,0.295,0.315
2017-03-15,229783.203478686,0.0,1,1.4999999999999996,1.4499999999999995,0.20168892812373582,FORCE_BUY,0.295,0.315
2017-03-16,229475.44094263553,0.0,1,0.5999999999999996,0.9499999999999997,0.18900422434193695,FORCE_BUY,0.295,0.315
2017-03-17,227917.39310388,0.0,1,1.0999999999999996,-0.5,0.20300772827320687,FORCE_BUY,0.295,0.315
2017-03-20,227696.18878109372,0.0,1,1.0999999999999996,-0.5,0.18400064047103146,FORCE_BUY,0.295,0.315
2017-03-21,224599.32826208582,0.0,1,2.0999999999999996,-0.5,0.27331192210316796,FORCE_BUY,0.295,0.315
2017-03-22,225541.85102874038,0.0,1,1.2999999999999996,-0.5,0.17951164756302332,FORCE_BUY,0.295,0.315
2017-03-23,225061.7165085109,0.0,1,0.8499999999999996,1.1499999999999997,0.20818287092543106,FREE,0.185,0.265
2017-03-24,224955.94086734048,0.0,1,1.1999999999999997,-0.5,0.20682522651286558,FREE,0.185,0.265
2017-03-27,225807.38599851233,225807.38599851233,0,1.0999999999999996,1.7499999999999996,0.19421012886364866,FREE,0.185,0.265
2017-03-28,227091.97397651832,0.0,1,1.0999999999999996,1.6499999999999995,0.19719999065879493,FORCE_BUY,0.215,0.265
2017-03-29,227526.6090066707,0.0,1,1.1499999999999997,1.5999999999999996,0.16485091111670086,FORCE_BUY,0.205,0.265
2017-03-30,228144.7566051097,0.0,1,-0.5,1.2999999999999996,0.16201365091905742,FORCE_BUY,0.205,0.265
2017-03-31,227603.8774564756,0.0,1,1.0999999999999996,1.2999999999999996,0.1948775128926884,FORCE_BUY,0.205,0.265
2017-04-03,227304.46221348172,0.0,1,1.8499999999999996,1.3499999999999996,0.18243709082396822,FORCE_BUY,0.205,0.265
2017-04-04,227690.8044625061,0.0,1,1.1999999999999997,1.3999999999999995,0.15607078318267023,FORCE_BUY,0.205,0.265
2017-04-05,225744.1683285705,0.0,1,0.7999999999999998,1.6499999999999995,0.2252263733593233,FREE,0.205,0.265
2017-04-06,226832.8581421136,0.0,1,1.5999999999999996,1.2499999999999996,0.19300779249005393,FORCE_BUY,0.205,0.225
2017-04-07,226591.99756389612,0.0,1,0.8499999999999996,1.1999999999999997,0.1998422730408882,FORCE_BUY,0.205,0.225
2017-04-10,226678.7073720544,0.0,1,0.9499999999999997,0.6999999999999997,0.19808498540575484,FORCE_BUY,0.205,0.225
2017-04-11,226437.8467938369,0.0,1,0.8999999999999997,0.7999999999999998,0.16707607070844607,FORCE_BUY,0.185,0.21
2017-04-12,225445.5012115808,0.0,1,0.7999999999999998,0.6499999999999997,0.19699942690768982,FORCE_BUY,0.205,0.225
2017-04-13,225310.619287779,225310.619287779,0,1.1999999999999997,1.0499999999999996,0.23182959884019863,FORCE_SELL,0.185,0.21
2017-04-17,225310.619287779,225310.619287779,0,1.1999999999999997,1.0499999999999996,0.1831384230638841,FORCE_BUY,0.185,0.21
2017-04-18,225146.87444063692,225146.87444063692,0,0.7999999999999998,1.1999999999999997,0.19521784051975968,FREE,0.185,0.21
2017-04-19,225146.87444063692,225146.87444063692,0,0.9499999999999997,1.2499999999999996,0.22561524270758135,FORCE_SELL,0.185,0.21
2017-04-20,225146.87444063692,225146.87444063692,0,0.9999999999999996,2.499999999999999,0.198744119584816,FREE,0.185,0.21
2017-04-21,224571.86007608418,0.0,1,0.8499999999999996,0.9999999999999996,0.19277969145400176,FREE,0.185,0.21
2017-04-24,227073.1725618887,0.0,1,0.8499999999999996,0.9999999999999996,0.19350826059081458,FREE,0.185,0.21
2017-04-25,228612.39018006905,0.0,1,0.8499999999999996,0.9999999999999996,0.17820929680710132,FORCE_BUY,0.185,0.21
2017-04-26,228702.37992812155,228702.37992812155,0,0.8999999999999997,-0.5,0.2141099944772337,FORCE_SELL,0.185,0.21
2017-04-27,228702.37992812155,228702.37992812155,0,-0.5,1.5499999999999994,0.19398865553735714,FREE,0.185,0.21
2017-04-28,228702.37992812155,228702.37992812155,0,-0.5,1.4999999999999996,0.22310224812266308,FORCE_SELL,0.185,0.21
2017-05-01,229018.5511260175,0.0,1,-0.5,-0.5,0.20666209610590916,FREE,0.185,0.21
2017-05-02,228865.0598673564,0.0,1,0.6999999999999997,0.7999999999999998,0.17582834481336906,FORCE_BUY,0.185,0.21
2017-05-03,229437.52449537467,229437.52449537467,0,0.6999999999999997,-0.5,0.19252198400294285,FREE,0.185,0.21
2017-05-04,229726.17356586285,0.0,1,0.8999999999999997,0.8999999999999997,0.1838779844567812,FORCE_BUY,0.185,0.21
2017-05-05,230871.14821213263,0.0,1,0.7499999999999998,1.9999999999999996,0.17568798519356885,FORCE_BUY,0.185,0.21
2017-05-08,230611.3640486933,0.0,1,-0.5,0.7999999999999998,0.1736961159280416,FORCE_BUY,0.185,0.21
2017-05-09,230361.0643924298,0.0,1,0.4999999999999998,0.7499999999999998,0.199362579480729,FREE,0.185,0.21
2017-05-10,231074.2863816788,0.0,1,0.5999999999999996,1.0999999999999996,0.15081537420116595,FORCE_BUY,0.185,0.21
2017-05-11,230611.65590216598,0.0,1,0.3999999999999998,-0.5,0.17667302252692677,FORCE_BUY,0.185,0.21
2017-05-12,230491.23216271226,230491.23216271226,0,0.44999999999999973,-0.5,0.19213765370011507,FREE,0.185,0.21
2017-05-15,231377.81103046748,0.0,1,0.6999999999999997,1.0999999999999996,0.1510774794626717,FORCE_BUY,0.185,0.21
2017-05-16,230173.22017753916,0.0,1,0.5999999999999996,0.9999999999999996,0.1686557786410371,FORCE_BUY,0.185,0.21
2017-05-17,230317.77107989058,230317.77107989058,0,1.7999999999999994,-0.5,0.32539367754844345,FORCE_SELL,0.185,0.21
2017-05-18,230317.77107989058,230317.77107989058,0,1.3499999999999996,0.6999999999999997,0.21762791884485397,FORCE_SELL,0.185,0.21
2017-05-19,230317.77107989058,230317.77107989058,0,1.6999999999999993,1.2999999999999996,0.2133046887491663,FREE,0.185,0.225
2017-05-22,230317.77107989058,230317.77107989058,0,1.6999999999999993,1.2999999999999996,0.17556760968666096,FORCE_BUY,0.185,0.225
2017-05-23,230317.77107989058,230317.77107989058,0,-0.5,1.7499999999999996,0.16579348760951704,FORCE_BUY,0.185,0.225
2017-05-24,230317.77107989058,230317.77107989058,0,-0.5,1.7499999999999996,0.15799087933801093,FORCE_BUY,0.185,0.225
2017-05-25,230317.77107989058,230317.77107989058,0,-0.5,1.7499999999999996,0.17062135531493314,FORCE_BUY,0.185,0.225
2017-05-26,230317.77107989058,230317.77107989058,0,-0.5,1.7499999999999996,0.17876406927793106,FORCE_BUY,0.185,0.225
2017-05-30,230146.2335145381,0.0,1,-0.5,1.7499999999999996,0.18556544644788842,FREE,0.185,0.225
2017-05-31,230070.09512260306,0.0,1,1.3499999999999996,2.1499999999999995,0.19121009326071817,FREE,0.185,0.225
2017-06-01,231784.4063831929,0.0,1,0.9499999999999997,2.3999999999999995,0.15395371158524532,FORCE_BUY,0.185,0.225
2017-06-02,232622.51411059237,0.0,1,0.9499999999999997,2.3999999999999995,0.14769291769517912,FORCE_BUY,0.185,0.225
2017-06-05,232270.12790702668,0.0,1,-0.5,-0.5,0.16099674931734959,FORCE_BUY,0.185,0.225
2017-06-06,232098.59785824348,0.0,1,-0.5,-0.5,0.18625262998617362,FREE,0.185,0.225
2017-06-07,232251.12496900588,0.0,1,0.5499999999999998,1.0999999999999996,0.15663131895126425,FORCE_BUY,0.185,0.225
2017-06-08,231822.14246998666,0.0,1,0.5999999999999996,1.4499999999999995,0.16920786732247892,FORCE_BUY,0.185,0.225
2017-06-09,232501.59146236494,232501.59146236494,0,0.9499999999999997,1.3999999999999995,0.220883246823518,FREE,0.185,0.225
2017-06-12,232501.59146236494,232501.59146236494,0,0.7499999999999998,0.6999999999999997,0.1437574358452296,FORCE_BUY,0.185,0.22
2017-06-13,232706.18715320466,0.0,1,-0.5,1.5999999999999996,0.14519360560398453,FORCE_BUY,0.185,0.22
2017-06-14,231925.86870442072,0.0,1,-0.5,1.5999999999999996,0.1713575626318475,FORCE_BUY,0.185,0.22
2017-06-15,232116.19027729484,0.0,1,1.0999999999999996,1.3499999999999996,0.16601681131003113,FORCE_BUY,0.185,0.22
2017-06-16,231297.80751393607,231297.80751393607,0,0.9499999999999997,0.9999999999999996,0.20432011480030834,FREE,0.185,0.22
2017-06-19,231297.80751393607,231297.80751393607,0,0.9499999999999997,0.9999999999999996,0.2436896758974267,FORCE_SELL,0.185,0.22
2017-06-20,231297.80751393607,231297.80751393607,0,0.5499999999999998,0.7499999999999998,0.29875127947019947,FORCE_SELL,0.185,0.22
2017-06-21,231297.80751393607,231297.80751393607,0,0.5999999999999996,0.7499999999999998,0.268804162094217,FORCE_SELL,0.185,0.22
2017-06-22,231297.80751393607,231297.80751393607,0,0.5499999999999998,0.5999999999999996,0.2819399745064191,FORCE_SELL,0.185,0.22
2017-06-23,231297.80751393607,231297.80751393607,0,0.6999999999999997,0.6999999999999997,0.25220447290632325,FORCE_SELL,0.185,0.22
2017-06-26,231297.80751393607,231297.80751393607,0,0.9999999999999996,0.7999999999999998,0.29773627857597984,FORCE_SELL,0.185,0.22
2017-06-27,231297.80751393607,231297.80751393607,0,1.2999999999999996,-0.5,0.2860120835054024,FORCE_SELL,0.185,0.22
2017-06-28,231297.80751393607,231297.80751393607,0,1.1999999999999997,2.4499999999999993,0.2586964349162275,FORCE_SELL,0.185,0.22
2017-06-29,231297.80751393607,231297.80751393607,0,0.44999999999999973,2.1499999999999995,0.36040910989286434,FORCE_SELL,0.185,0.22
2017-06-30,231297.80751393607,231297.80751393607,0,1.1999999999999997,1.4499999999999995,0.2904049969199394,FORCE_SELL,0.185,0.22
2017-07-03,231297.80751393607,231297.80751393607,0,1.1999999999999997,1.4499999999999995,0.30636108132685097,FORCE_SELL,0.185,0.22
2017-07-05,231297.80751393607,231297.80751393607,0,0.9499999999999997,1.1999999999999997,0.23949020899626686,FORCE_SELL,0.185,0.22
2017-07-06,231297.80751393607,231297.80751393607,0,0.8499999999999996,1.1499999999999997,0.25950098744834277,FORCE_SELL,0.185,0.22
2017-07-07,231297.80751393607,231297.80751393607,0,0.8999999999999997,1.1999999999999997,0.2512912275532411,FORCE_SELL,0.185,0.22
2017-07-10,231297.80751393607,231297.80751393607,0,0.5999999999999996,0.9999999999999996,0.2483934930950639,FORCE_SELL,0.185,0.22
2017-07-11,231297.80751393607,231297.80751393607,0,0.44999999999999973,-0.5,0.24530232160487805,FORCE_SELL,0.165,0.22
2017-07-12,231297.80751393607,231297.80751393607,0,0.44999999999999973,-0.5,0.144820024878481,FORCE_BUY,0.165,0.22
2017-07-13,231847.95198126472,0.0,1,0.44999999999999973,-0.5,0.13421306892961493,FORCE_BUY,0.165,0.22
2017-07-14,232957.72616535865,0.0,1,-0.5,2.1999999999999993,0.15707995280226314,FORCE_BUY,0.165,0.22
2017-07-17,233109.49015634583,0.0,1,-0.5,2.1999999999999993,0.16608113456687548,FREE,0.165,0.22
2017-07-18,233090.51965747244,0.0,1,-0.5,0.5999999999999996,0.14063407566879657,FORCE_BUY,0.165,0.22
2017-07-19,234209.77909100306,0.0,1,-0.5,0.5999999999999996,0.1292899324736374,FORCE_BUY,0.165,0.22
2017-07-20,234323.60208424347,0.0,1,-0.5,0.5999999999999996,0.1424048061019995,FORCE_BUY,0.165,0.22
2017-07-21,234105.44134719938,0.0,1,0.5499999999999998,0.8499999999999996,0.12904314049091006,FORCE_BUY,0.165,0.22
2017-07-24,233950.1678139206,0.0,1,0.7999999999999998,0.2999999999999998,0.14054984791482666,FORCE_BUY,0.165,0.22
2017-07-25,234703.0120617115,0.0,1,-0.5,0.2999999999999998,0.14882121198456752,FORCE_BUY,0.165,0.22
2017-07-26,234883.23180100878,0.0,1,0.44999999999999973,0.24999999999999978,0.1590871134683833,FORCE_BUY,0.195,0.22
2017-07-27,234471.80108459573,234471.80108459573,0,0.9499999999999997,0.6999999999999997,0.2025538816083694,FREE,0.195,0.22
2017-07-28,234918.68570142362,0.0,1,0.9999999999999996,0.7499999999999998,0.14815426985370622,FORCE_BUY,0.195,0.22
2017-07-31,234585.8992846369,0.0,1,0.4999999999999998,0.7499999999999998,0.17835458684383246,FORCE_BUY,0.195,0.22
2017-08-01,235365.57031825153,0.0,1,0.6999999999999997,1.8499999999999996,0.14863647184934647,FORCE_BUY,0.165,0.22
2017-08-02,235108.8493681589,0.0,1,1.0499999999999996,0.9999999999999996,0.15595708834384528,FORCE_BUY,0.165,0.22
2017-08-03,234766.5547680354,0.0,1,0.9499999999999997,0.8499999999999996,0.16321379958637594,FORCE_BUY,0.165,0.22
2017-08-04,235299.0130348942,235299.0130348942,0,-0.5,-0.5,0.1688089067493942,FREE,0.165,0.22
2017-08-07,235584.30464832208,0.0,1,-0.5,-0.5,0.13033731296211784,FORCE_BUY,0.165,0.22
2017-08-08,235646.11783123144,235646.11783123144,0,-0.5,1.4499999999999995,0.22592470815792812,FORCE_SELL,0.16,0.22
2017-08-09,236420.42051851918,0.0,1,0.6499999999999997,1.4499999999999995,0.16696419528400785,FREE,0.16,0.22
2017-08-10,233007.7531189918,0.0,1,0.9499999999999997,-0.5,0.2578845903747667,FORCE_SELL,0.16,0.22
2017-08-11,233925.50387237986,233925.50387237986,0,0.9499999999999997,-0.5,0.19044511589459914,FREE,0.16,0.22
2017-08-14,233925.50387237986,233925.50387237986,0,0.9499999999999997,-0.5,0.16862783664939843,FREE,0.16,0.22
2017-08-15,233555.98324979402,233555.98324979402,0,-0.5,0.5999999999999996,0.17005548865955278,FREE,0.16,0.22
2017-08-16,233508.01742723773,0.0,1,-0.5,0.6999999999999997,0.18334067154227132,FREE,0.16,0.22
2017-08-17,230023.24714404604,0.0,1,1.2999999999999996,-0.5,0.2645693477063454,FORCE_SELL,0.16,0.22
2017-08-18,230430.25701343338,0.0,1,1.4999999999999996,1.0999999999999996,0.2157646903201743,FREE,0.16,0.22
2017-08-21,231000.20570750567,0.0,1,0.8999999999999997,-0.5,0.16391951174016614,FREE,0.16,0.22
2017-08-22,231703.14243019483,231703.14243019483,0,-0.5,1.6499999999999995,0.17826072502527554,FREE,0.16,0.22
2017-08-23,231210.177191196,0.0,1,1.4999999999999996,-0.5,0.17048747081346569,FORCE_BUY,0.18,0.29
2017-08-24,232149.04497775802,232149.04497775802,0,-0.5,0.9999999999999996,0.1931465335370319,FREE,0.18,0.29
2017-08-25,232794.81045091042,232794.81045091042,0,-0.5,0.6499999999999997,0.19622070782537002,FREE,0.18,0.29
2017-08-28,231975.0097179847,0.0,1,-0.5,0.7499999999999998,0.16717218463591377,FORCE_BUY,0.18,0.29
2017-08-29,232040.23049402854,232040.23049402854,0,-0.5,0.7999999999999998,0.1678688158947574,FREE,0.16,0.29
2017-08-30,232040.23049402854,232040.23049402854,0,-0.5,0.7999999999999998,0.1541041060711205,FORCE_BUY,0.18,0.29
2017-08-31,233236.6055051012,0.0,1,-0.5,1.8999999999999995,0.14242062003856804,FORCE_BUY,0.18,0.29
2017-09-01,233349.64881323406,0.0,1,0.34999999999999987,1.9499999999999993,0.14945817453471152,FORCE_BUY,0.16,0.29
2017-09-05,232096.7276151288,232096.7276151288,0,1.0999999999999996,1.5999999999999996,0.19022969107369248,FREE,0.16,0.29
2017-09-06,232096.7276151288,232096.7276151288,0,1.0999999999999996,1.6999999999999993,0.14678981316540127,FORCE_BUY,0.16,0.29
2017-09-07,232096.7276151288,232096.7276151288,0,0.3999999999999998,1.2999999999999996,0.14535088108310448,FORCE_BUY,0.16,0.29
2017-09-08,232313.3148158083,0.0,1,-0.5,1.2499999999999996,0.15818413797807962,FORCE_BUY,0.16,0.29
2017-09-11,234771.10870178018,0.0,1,0.6499999999999997,2.349999999999999,0.13530690572375115,FORCE_BUY,0.18,0.29
2017-09-12,235533.87232156453,0.0,1,0.6499999999999997,2.349999999999999,0.12547036039813045,FORCE_BUY,0.18,0.29
2017-09-13,235354.95246013365,0.0,1,0.6499999999999997,2.349999999999999,0.12461735592105723,FORCE_BUY,0.18,0.29
2017-09-14,234921.7780587746,0.0,1,0.4999999999999998,-0.5,0.13985220481868507,FORCE_BUY,0.16,0.29
2017-09-15,234799.3592062166,0.0,1,0.5499999999999998,1.7499999999999996,0.14561392957972782,FORCE_BUY,0.16,0.29
2017-09-18,235119.53158982983,235119.53158982983,0,0.5499999999999998,1.7499999999999996,0.16606095499247694,FREE,0.16,0.29
2017-09-19,235119.53158982983,235119.53158982983,0,0.5499999999999998,1.7499999999999996,0.1382162341884496,FORCE_BUY,0.16,0.29
2017-09-20,235354.829948172,0.0,1,0.5499999999999998,1.7499999999999996,0.15860558919211454,FORCE_BUY,0.16,0.29
2017-09-21,234790.1138881508,0.0,1,1.0499999999999996,-0.5,0.1831882809174891,FREE,0.16,0.29
2017-09-22,234865.40936282027,0.0,1,1.0499999999999996,-0.5,0.15581843835156373,FORCE_BUY,0.16,0.29
2017-09-25,235125.96479631023,235125.96479631023,0,-0.5,0.5999999999999996,0.18965573493751556,FREE,0.18,0.29
2017-09-26,235069.39692893997,0.0,1,0.6499999999999997,0.6499999999999997,0.1843115418456496,FREE,0.18,0.365
2017-09-27,235037.01948108833,0.0,1,0.7499999999999998,1.2499999999999996,0.1818324444725058,FREE,0.18,0.365
2017-09-28,235375.66242919202,0.0,1,1.1999999999999997,1.2999999999999996,0.1485403416075216,FORCE_BUY,0.185,0.365
2017-09-29,236523.28575332122,0.0,1,1.1999999999999997,1.2999999999999996,0.16023412246726607,FORCE_BUY,0.185,0.365
2017-10-02,237266.4188894377,0.0,1,1.1999999999999997,1.2999999999999996,0.14858211041632766,FORCE_BUY,0.185,0.365
2017-10-03,237821.41705438544,0.0,1,1.1999999999999997,1.2999999999999996,0.13954415373977488,FORCE_BUY,0.185,0.365
2017-10-04,238141.24650537228,0.0,1,1.1999999999999997,1.2999999999999996,0.15936063990263138,FORCE_BUY,0.185,0.365
2017-10-05,239477.00480067023,0.0,1,1.1999999999999997,1.2999999999999996,0.1628068620875243,FORCE_BUY,0.185,0.365
2017-10-06,239175.98884680026,0.0,1,0.8499999999999996,1.2499999999999996,0.16836725583218368,FORCE_BUY,0.185,0.365
2017-10-09,239025.48086986528,0.0,1,0.8499999999999996,-0.5,0.18971693007986032,FREE,0.185,0.365
2017-10-10,239448.78455499493,0.0,1,0.8499999999999996,0.8999999999999997,0.1755853991319096,FORCE_BUY,0.185,0.365
2017-10-11,239759.20725742332,0.0,1,0.8499999999999996,0.8999999999999997,0.15144218766545905,FORCE_BUY,0.185,0.365
2017-10-12,239392.3440636443,0.0,1,-0.5,0.7499999999999998,0.17107307268162666,FORCE_BUY,0.185,0.365
2017-10-13,239787.42750309862,0.0,1,-0.5,0.6499999999999997,0.1685766295025639,FORCE_BUY,0.185,0.365
2017-10-16,240154.29069687764,0.0,1,-0.5,0.6499999999999997,0.15625529455760068,FORCE_BUY,0.185,0.365
2017-10-17,240380.0526622801,0.0,1,0.5999999999999996,0.4999999999999998,0.14215201248133547,FORCE_BUY,0.185,0.365
2017-10-18,240587.00113056568,0.0,1,-0.5,0.44999999999999973,0.16099989955039473,FORCE_BUY,0.185,0.365
2017-10-19,240699.8898363774,0.0,1,0.6499999999999997,0.3999999999999998,0.19151991029919166,FREE,0.185,0.365
2017-10-20,241254.95309611343,241254.95309611343,0,0.6499999999999997,0.3999999999999998,0.1649228005439796,FORCE_BUY,0.185,0.365
2017-10-23,240592.46950353275,240592.46950353275,0,1.1999999999999997,1.2499999999999996,0.21826806189665815,FREE,0.185,0.365
2017-10-24,240592.46950353275,240592.46950353275,0,1.1999999999999997,1.2499999999999996,0.16650279721870756,FORCE_BUY,0.185,0.365
2017-10-25,240799.7306175228,0.0,1,1.1499999999999997,1.0499999999999996,0.23285877958417256,FREE,0.185,0.365
2017-10-26,240931.62405369827,240931.62405369827,0,1.1499999999999997,1.2499999999999996,0.19931360387480737,FREE,0.185,0.365
2017-10-27,240931.62405369827,240931.62405369827,0,1.1499999999999997,1.2499999999999996,0.19450229417017975,FREE,0.185,0.365
2017-10-30,240931.62405369827,240931.62405369827,0,0.7999999999999998,0.7999999999999998,0.1999750807311478,FREE,0.185,0.365
2017-10-31,240931.62405369827,240931.62405369827,0,0.8499999999999996,1.0999999999999996,0.17089840510872656,FORCE_BUY,0.185,0.255
2017-11-01,240950.35610346138,0.0,1,0.5999999999999996,1.0499999999999996,0.1950406018801346,FREE,0.185,0.21
2017-11-02,241446.75542218503,0.0,1,0.6999999999999997,0.9499999999999997,0.17886932061267127,FORCE_BUY,0.185,0.21
2017-11-03,241840.12846721124,0.0,1,0.5999999999999996,0.9499999999999997,0.15579919909375398,FORCE_BUY,0.185,0.21
2017-11-06,242439.55405963224,0.0,1,0.5999999999999996,0.9499999999999997,0.14931154456129167,FORCE_BUY,0.185,0.21
2017-11-07,241765.20026815863,0.0,1,-0.5,0.7999999999999998,0.17782936929308493,FORCE_BUY,0.185,0.21
2017-11-08,242823.56107977687,0.0,1,0.5999999999999996,0.7999999999999998,0.15980575071032596,FORCE_BUY,0.185,0.21
2017-11-09,241849.49449209287,0.0,1,0.9499999999999997,0.7999999999999998,0.17768899727117973,FORCE_BUY,0.185,0.21
2017-11-10,241662.17399446128,0.0,1,1.0999999999999996,0.9999999999999996,0.1450757931503366,FORCE_BUY,0.185,0.21
2017-11-13,241783.93231792178,0.0,1,0.7499999999999998,0.5999999999999996,0.1542897925270637,FORCE_BUY,0.185,0.21
2017-11-14,240922.2580288167,0.0,1,0.7999999999999998,-0.15000000000000008,0.14712453692076957,FORCE_BUY,0.185,0.21
2017-11-15,240148.43705310073,0.0,1,0.7999999999999998,-0.0500000000000001,0.1741122927173682,FORCE_BUY,0.185,0.21
2017-11-16,242252.23356200065,0.0,1,0.8499999999999996,0.8499999999999996,0.1657014244940375,FORCE_BUY,0.185,0.21
2017-11-17,241306.26504896133,0.0,1,0.6999999999999997,0.6499999999999997,0.17621192755759765,FORCE_BUY,0.185,0.21
2017-11-20,241830.76244232967,0.0,1,0.6999999999999997,0.6499999999999997,0.15072416532473984,FORCE_BUY,0.185,0.21
2017-11-21,243226.3001496847,0.0,1,0.2999999999999998,1.5999999999999996,0.16683005624704525,FORCE_BUY,0.185,0.21
2017-11-22,243198.20207504,0.0,1,0.34999999999999987,0.8499999999999996,0.1617541129146648,FORCE_BUY,0.185,0.21
2017-11-24,243376.15654779,0.0,1,0.44999999999999973,0.9499999999999997,0.14431842382714677,FORCE_BUY,0.185,0.21
2017-11-27,243497.91487125048,0.0,1,0.6499999999999997,0.6999999999999997,0.16877073382728766,FORCE_BUY,0.185,0.21
2017-11-28,246045.47363903953,0.0,1,-0.5,1.1999999999999997,0.1639893222519179,FORCE_BUY,0.185,0.21
2017-11-29,245923.71531557903,0.0,1,-0.5,1.1499999999999997,0.17344096898701786,FORCE_BUY,0.185,0.21
2017-11-30,248909.97357738734,0.0,1,0.8499999999999996,1.1999999999999997,0.18754130317549636,FREE,0.17,0.205
2017-12-01,249079.55645113424,0.0,1,1.8499999999999996,1.1499999999999997,0.2194648393803977,FORCE_SELL,0.17,0.205
2017-12-04,250568.1172318014,250568.1172318014,0,1.1999999999999997,0.7999999999999998,0.20664368058263802,FORCE_SELL,0.17,0.205
2017-12-05,250568.1172318014,250568.1172318014,0,1.2499999999999996,0.6999999999999997,0.20588721353186726,FORCE_SELL,0.17,0.2
2017-12-06,251550.2138136681,0.0,1,-0.5,0.8999999999999997,0.15833495109260867,FORCE_BUY,0.17,0.2
2017-12-07,252007.88989065457,0.0,1,-0.5,0.7999999999999998,0.15882758427270768,FORCE_BUY,0.17,0.2
2017-12-08,253371.3832033433,0.0,1,2.1999999999999993,0.7999999999999998,0.14487696124450847,FORCE_BUY,0.17,0.2
2017-12-11,254134.17666498732,0.0,1,2.1999999999999993,0.7999999999999998,0.14016903659513177,FORCE_BUY,0.17,0.2
2017-12-12,254162.781419799,0.0,1,1.2999999999999996,-0.5,0.1545276730387923,FORCE_BUY,0.17,0.2
2017-12-13,255102.36995419482,255102.36995419482,0,-0.5,0.6999999999999997,0.17139619872243947,FREE,0.17,0.2
2017-12-14,255102.36995419482,255102.36995419482,0,-0.5,-0.5,0.20192107964832437,FORCE_SELL,0.17,0.2
2017-12-15,255921.27178002303,255921.27178002303,0,1.1499999999999997,-0.5,0.17061230189183899,FREE,0.17,0.2
2017-12-18,256140.90570729694,0.0,1,1.1499999999999997,-0.5,0.16443908414926603,FORCE_BUY,0.18,0.2
2017-12-19,256446.48334524324,256446.48334524324,0,-0.5,0.5999999999999996,0.20591356208455605,FORCE_SELL,0.18,0.2
2017-12-20,256446.48334524324,256446.48334524324,0,0.8999999999999997,0.7999999999999998,0.20645961803368695,FORCE_SELL,0.18,0.2
2017-12-21,256446.48334524324,256446.48334524324,0,0.9499999999999997,1.0999999999999996,0.1924704816504178,FREE,0.18,0.2
2017-12-22,255977.32721905163,0.0,1,-0.5,0.8999999999999997,0.14729291713703402,FORCE_BUY,0.18,0.2
2017-12-26,255948.6033745909,0.0,1,-0.5,1.1499999999999997,0.15375846192318202,FORCE_BUY,0.18,0.2
2017-12-27,256197.54335991706,0.0,1,0.8999999999999997,0.9999999999999996,0.17221303828568887,FORCE_BUY,0.18,0.2
2017-12-28,256503.93103416465,0.0,1,0.8499999999999996,-0.5,0.13653064812387353,FORCE_BUY,0.18,0.2
2017-12-29,256714.5725602099,256714.5725602099,0,0.7499999999999998,1.4999999999999996,0.22495333387169716,FORCE_SELL,0.18,0.2
2018-01-02,257253.0492475979,0.0,1,0.7499999999999998,1.4999999999999996,0.15822870239672715,FORCE_BUY,0.17,0.2
2018-01-03,258755.9975128408,0.0,1,0.9999999999999996,2.2499999999999996,0.16396008027191655,FORCE_BUY,0.17,0.2
2018-01-04,260201.50826476232,0.0,1,0.9999999999999996,2.2499999999999996,0.16977921249356417,FORCE_BUY,0.17,0.2
2018-01-05,261915.060745517,0.0,1,0.9999999999999996,2.2499999999999996,0.15573530576979264,FORCE_BUY,0.17,0.2
2018-01-08,262259.6858254453,0.0,1,0.9999999999999996,2.2499999999999996,0.14895845551420142,FORCE_BUY,0.17,0.2
2018-01-09,262537.30047316535,0.0,1,0.9999999999999996,2.2499999999999996,0.17666976106536883,FREE,0.17,0.2
2018-01-10,262805.34220199846,0.0,1,1.6499999999999995,0.5999999999999996,0.1744966549757252,FREE,0.17,0.2
2018-01-11,264327.4363050152,0.0,1,1.6499999999999995,0.9499999999999997,0.15211059257130555,FORCE_BUY,0.17,0.2
2018-01-12,266136.7179746388,0.0,1,-0.5,0.3999999999999998,0.16525744467040557,FORCE_BUY,0.17,0.2
2018-01-16,267247.17656551895,267247.17656551895,0,-0.5,0.3999999999999998,0.2489920308349499,FORCE_SELL,0.17,0.2
2018-01-17,267247.17656551895,267247.17656551895,0,-0.5,0.3999999999999998,0.19078037031033657,FREE,0.17,0.2
2018-01-18,266988.7725486421,0.0,1,1.6999999999999993,-0.5,0.16617601059836812,FORCE_BUY,0.17,0.2
2018-01-19,268500.9145733288,0.0,1,1.7499999999999996,0.6999999999999997,0.1305301424518569,FORCE_BUY,0.17,0.2
2018-01-22,270606.4287849179,0.0,1,1.7499999999999996,0.6999999999999997,0.1504943155035764,FORCE_BUY,0.17,0.2
2018-01-23,271027.5316272357,0.0,1,1.7499999999999996,0.6999999999999997,0.1412230445254882,FORCE_BUY,0.17,0.2
2018-01-24,270729.5895320279,270729.5895320279,0,1.7499999999999996,0.6999999999999997,0.1753143487362194,FREE,0.17,0.2
2018-01-25,271079.3693634646,0.0,1,1.0999999999999996,0.8999999999999997,0.16570189458263174,FORCE_BUY,0.17,0.2
2018-01-26,274242.67876798805,0.0,1,1.2999999999999996,0.8499999999999996,0.14608354861300146,FORCE_BUY,0.17,0.2
2018-01-29,272301.9443165328,0.0,1,1.8499999999999996,-0.5,0.1935785607498833,FREE,0.17,0.2
2018-01-30,269925.4944618352,269925.4944618352,0,2.349999999999999,-0.5,0.20950953219699905,FORCE_SELL,0.17,0.2
2018-01-31,269925.4944618352,269925.4944618352,0,1.9999999999999996,-0.5,0.18556925572152708,FREE,0.17,0.2
2018-02-01,270194.2202874327,270194.2202874327,0,1.5999999999999996,0.3999999999999998,0.19457333924786982,FREE,0.17,0.2
2018-02-02,270194.2202874327,270194.2202874327,0,2.2999999999999994,0.7999999999999998,0.23114590772775934,FORCE_SELL,0.17,0.2
2018-02-05,270194.2202874327,270194.2202874327,0,2.2999999999999994,0.7999999999999998,0.3023007437531271,FORCE_SELL,0.17,0.2
2018-02-06,270194.2202874327,270194.2202874327,0,2.2999999999999994,-0.5,0.28816344357579243,FORCE_SELL,0.17,0.2
2018-02-07,268567.21370726486,0.0,1,-0.5,-0.5,0.22277179469990416,FREE,0.17,0.29
2018-02-08,262305.4931710696,0.0,1,1.1999999999999997,2.499999999999999,0.21003176060583936,FORCE_SELL,0.17,0.2
2018-02-09,263275.04989925463,263275.04989925463,0,2.2499999999999996,-0.5,0.23062647286331214,FORCE_SELL,0.17,0.2
2018-02-12,263275.04989925463,263275.04989925463,0,2.2499999999999996,-0.5,0.22783538415110546,FORCE_SELL,0.17,0.2
2018-02-13,263275.04989925463,263275.04989925463,0,2.2499999999999996,-0.5,0.18744002512583702,FREE,0.17,0.2
2018-02-14,263275.04989925463,263275.04989925463,0,1.5499999999999994,-0.5,0.22318702889502676,FORCE_SELL,0.17,0.2
2018-02-15,263022.75919833395,263022.75919833395,0,1.3499999999999996,-0.5,0.1850735516573506,FREE,0.17,0.2
2018-02-16,263022.75919833395,263022.75919833395,0,1.0999999999999996,-0.5,0.2230286925813102,FORCE_SELL,0.17,0.2
2018-02-20,263051.77439515677,0.0,1,1.6499999999999995,-0.5,0.1583563315668841,FORCE_BUY,0.17,0.2
2018-02-21,263498.51439749374,0.0,1,1.6999999999999993,-0.5,0.1843131520754168,FREE,0.17,0.2
2018-02-22,265954.989182584,0.0,1,-0.5,-0.5,0.1655132119271562,FORCE_BUY,0.17,0.2
2018-02-23,268842.081061475,0.0,1,1.5499999999999994,-0.5,0.12128148770274094,FORCE_BUY,0.17,0.2
2018-02-26,272424.0323417262,0.0,1,1.5499999999999994,-0.5,0.10605739783543137,FORCE_BUY,0.17,0.2
2018-02-27,269429.286189385,0.0,1,1.6999999999999993,-0.5,0.14333945300944398,FORCE_BUY,0.17,0.2
2018-02-28,266160.5109773525,0.0,1,1.9499999999999993,-0.5,0.157283457359969,FORCE_BUY,0.17,0.2
2018-03-01,262774.294739738,0.0,1,2.2499999999999996,-0.5,0.14842845266630617,FORCE_BUY,0.17,0.2
2018-03-02,263576.80841454834,0.0,1,1.5499999999999994,2.1999999999999993,0.11951802671623347,FORCE_BUY,0.17,0.2
2018-03-05,266395.3930285165,0.0,1,1.5499999999999994,2.1999999999999993,0.12193044025563265,FORCE_BUY,0.17,0.2
2018-03-06,263097.2575600885,0.0,1,1.5499999999999994,2.1999999999999993,0.12291218797002461,FORCE_BUY,0.17,0.2
2018-03-07,266463.90029343934,0.0,1,1.5499999999999994,2.1999999999999993,0.13007438708959487,FORCE_BUY,0.17,0.2
2018-03-08,268391.89046341064,0.0,1,1.5499999999999994,2.1999999999999993,0.11493281806673367,FORCE_BUY,0.17,0.2
2018-03-09,272717.6349056812,0.0,1,-0.5,1.2999999999999996,0.1346312385206748,FORCE_BUY,0.17,0.2
2018-03-12,272531.6866151763,0.0,1,1.2999999999999996,-0.5,0.14977393781271045,FORCE_BUY,0.17,0.2
2018-03-13,271502.8656362904,0.0,1,1.0499999999999996,-0.5,0.17378440137646675,FREE,0.17,0.2
2018-03-14,271341.0265124873,271341.0265124873,0,1.3499999999999996,-0.5,0.1831974287074696,FREE,0.17,0.2
2018-03-15,271341.0265124873,271341.0265124873,0,1.2999999999999996,2.2999999999999994,0.17713587544762002,FREE,0.17,0.195
2018-03-16,271341.0265124873,271341.0265124873,0,1.2999999999999996,2.2999999999999994,0.1793835566037477,FREE,0.17,0.195
2018-03-19,271341.0265124873,271341.0265124873,0,2.0999999999999996,0.8499999999999996,0.2075318804910433,FORCE_SELL,0.17,0.195
2018-03-20,271031.1852047708,0.0,1,2.1999999999999993,1.1999999999999997,0.15890031720971234,FORCE_BUY,0.17,0.195
2018-03-21,270941.2312767241,270941.2312767241,0,1.9499999999999993,-0.5,0.20665661879220978,FORCE_SELL,0.17,0.195
2018-03-22,270941.2312767241,270941.2312767241,0,2.1499999999999995,1.3999999999999995,0.2300332326692638,FORCE_SELL,0.17,0.195
2018-03-23,270941.2312767241,270941.2312767241,0,1.8999999999999995,-0.5,0.23026567579779553,FORCE_SELL,0.135,0.175
2018-03-26,270941.2312767241,270941.2312767241,0,1.8999999999999995,-0.5,0.21582766045681775,FORCE_SELL,0.135,0.175
2018-03-27,270941.2312767241,270941.2312767241,0,2.499999999999999,-0.5,0.2507775048356901,FORCE_SELL,0.135,0.175
2018-03-28,270941.2312767241,270941.2312767241,0,2.0999999999999996,-0.5,0.2248983814545782,FORCE_SELL,0.135,0.175
2018-03-29,270941.2312767241,270941.2312767241,0,2.349999999999999,-0.5,0.22682716813344964,FORCE_SELL,0.135,0.175
2018-04-02,270941.2312767241,270941.2312767241,0,2.1999999999999993,-0.5,0.2359321987101967,FORCE_SELL,0.135,0.175
2018-04-03,270941.2312767241,270941.2312767241,0,1.9999999999999996,2.0499999999999994,0.19562121537115065,FORCE_SELL,0.135,0.175
2018-04-04,270941.2312767241,270941.2312767241,0,1.6999999999999993,-0.5,0.24680277675155446,FORCE_SELL,0.18,0.2
2018-04-05,270941.2312767241,270941.2312767241,0,2.349999999999999,-0.5,0.20299585129185352,FORCE_SELL,0.135,0.175
2018-04-06,270941.2312767241,270941.2312767241,0,1.9499999999999993,-0.5,0.25989445288220697,FORCE_SELL,0.135,0.175
2018-04-09,270941.2312767241,270941.2312767241,0,1.9499999999999993,-0.5,0.25875721321887585,FORCE_SELL,0.135,0.175
2018-04-10,270941.2312767241,270941.2312767241,0,-0.5,-0.5,0.20007165198090246,FORCE_SELL,0.18,0.2
2018-04-11,270941.2312767241,270941.2312767241,0,0.8999999999999997,-0.5,0.2232192148419945,FORCE_SELL,0.135,0.175
2018-04-12,271566.70276097103,271566.70276097103,0,1.3999999999999995,-0.5,0.20426613701713484,FREE,0.135,0.23
2018-04-13,272790.62480416737,272790.62480416737,0,1.4499999999999995,-0.5,0.2012170396288725,FREE,0.135,0.23
2018-04-16,274531.9919462364,274531.9919462364,0,-0.5,2.2999999999999994,0.1753720019044772,FREE,0.135,0.23
2018-04-17,274531.9919462364,274531.9919462364,0,-0.5,2.3999999999999995,0.16660980562768515,FREE,0.135,0.23
2018-04-18,274937.7442484664,274937.7442484664,0,-0.5,2.3999999999999995,0.1807062928477805,FREE,0.135,0.23
2018-04-19,274548.1764984829,274548.1764984829,0,1.2499999999999996,-0.5,0.1761931139305164,FREE,0.135,0.23
2018-04-20,274260.6807453898,0.0,1,1.8499999999999996,-0.5,0.2075634007906565,FREE,0.135,0.23
2018-04-23,274301.7515672602,274301.7515672602,0,1.1499999999999997,-0.5,0.1884450380479005,FREE,0.135,0.23
2018-04-24,274301.7515672602,274301.7515672602,0,1.3999999999999995,-0.5,0.25490338194710654,FORCE_SELL,0.135,0.23
2018-04-25,276649.204638409,276649.204638409,0,1.5499999999999994,1.7999999999999994,0.17856824956311057,FREE,0.135,0.23
2018-04-26,276649.204638409,276649.204638409,0,-0.5,2.499999999999999,0.1960157636490368,FREE,0.135,0.23
2018-04-27,277033.0221880321,0.0,1,1.0999999999999996,2.3999999999999995,0.18261386572362218,FREE,0.135,0.23
2018-04-30,278113.92386905086,278113.92386905086,0,2.349999999999999,-0.5,0.24524776380095648,FORCE_SELL,0.135,0.23
2018-05-01,278113.92386905086,278113.92386905086,0,1.5499999999999994,-0.5,0.16835344280186085,FREE,0.135,0.23
2018-05-02,277572.0037564335,277572.0037564335,0,1.0499999999999996,1.4499999999999995,0.22416811396036448,FREE,0.135,0.23
2018-05-03,275300.46063799434,275300.46063799434,0,2.349999999999999,-0.5,0.19684948363472599,FREE,0.135,0.23
2018-05-04,275300.46063799434,275300.46063799434,0,2.349999999999999,-0.5,0.23483719283558843,FORCE_SELL,0.135,0.23
2018-05-07,275300.46063799434,275300.46063799434,0,2.349999999999999,-0.5,0.1999900396495724,FREE,0.135,0.23
2018-05-08,275300.46063799434,275300.46063799434,0,0.6499999999999997,2.0499999999999994,0.17094206717801166,FREE,0.135,0.23
2018-05-09,276163.86770101637,0.0,1,0.9999999999999996,2.349999999999999,0.17934614083805545,FREE,0.135,0.23
2018-05-10,277055.777794687,277055.777794687,0,-0.5,-0.5,0.17030304976955635,FREE,0.135,0.23
2018-05-11,277504.22004832764,277504.22004832764,0,-0.5,2.499999999999999,0.15512131437774215,FREE,0.135,0.23
2018-05-14,276899.5866078274,0.0,1,1.6499999999999995,2.499999999999999,0.18988226450338297,FORCE_BUY,0.2,0.23
2018-05-15,274652.5584709431,0.0,1,1.8999999999999995,-0.5,0.18150331418824975,FREE,0.135,0.23
2018-05-16,275332.49201430526,275332.49201430526,0,-0.5,1.2999999999999996,0.18814884574999766,FREE,0.135,0.23
2018-05-17,275940.4755915487,275940.4755915487,0,-0.5,1.6999999999999993,0.2082993749781842,FREE,0.2,0.23
2018-05-18,274825.9739460532,0.0,1,1.6499999999999995,1.5499999999999994,0.1968840916134604,FORCE_BUY,0.2,0.23
2018-05-21,276852.3405742268,0.0,1,1.6499999999999995,1.5499999999999994,0.189906070399069,FORCE_BUY,0.2,0.23
2018-05-22,277389.3277306928,277389.3277306928,0,1.0999999999999996,1.4499999999999995,0.21051605721993902,FREE,0.135,0.23
2018-05-23,278644.9709524264,278644.9709524264,0,1.2999999999999996,1.5499999999999994,0.17637735584229594,FREE,0.135,0.23
2018-05-24,278614.34389472665,278614.34389472665,0,1.1499999999999997,1.4999999999999996,0.18964202688274936,FREE,0.135,0.23
2018-05-25,278798.3759739203,278798.3759739203,0,1.2499999999999996,1.6999999999999993,0.19535159080317221,FREE,0.135,0.23
2018-05-29,278798.3759739203,278798.3759739203,0,1.6499999999999995,-0.5,0.24859241232221482,FORCE_SELL,0.135,0.23
2018-05-30,279725.40349221387,279725.40349221387,0,1.9999999999999996,1.2499999999999996,0.2037421469692047,FREE,0.135,0.23
2018-05-31,279725.40349221387,279725.40349221387,0,1.2999999999999996,1.7999999999999994,0.2191933372097411,FREE,0.135,0.23
2018-06-01,279725.40349221387,279725.40349221387,0,0.8999999999999997,1.9499999999999993,0.1820156937978735,FREE,0.135,0.23
2018-06-04,279725.40349221387,279725.40349221387,0,0.8999999999999997,1.9499999999999993,0.16847280517934093,FREE,0.135,0.23
2018-06-05,279136.19080900005,0.0,1,0.9999999999999996,1.6499999999999995,0.16875904621273455,FREE,0.135,0.23
2018-06-06,280303.45214589173,280303.45214589173,0,-0.5,2.0999999999999996,0.16994250161709257,FREE,0.135,0.23
2018-06-07,281087.7124759825,281087.7124759825,0,-0.5,1.8999999999999995,0.18882278356594415,FREE,0.135,0.23
2018-06-08,281431.78443730564,281431.78443730564,0,-0.5,1.8999999999999995,0.1609656440222711,FREE,0.135,0.23
2018-06-11,282423.1438705843,0.0,1,0.7999999999999998,2.2499999999999996,0.19246627922136686,FREE,0.135,0.23
2018-06-12,282301.61492424924,282301.61492424924,0,0.8499999999999996,1.6499999999999995,0.16805620094448828,FREE,0.135,0.23
2018-06-13,282372.71085173514,0.0,1,0.8999999999999997,1.9499999999999993,0.21307859354808587,FREE,0.135,0.23
2018-06-14,282200.0493135552,282200.0493135552,0,0.5999999999999996,1.3499999999999996,0.182109571312938,FREE,0.135,0.23
2018-06-15,282649.5839457127,0.0,1,0.6499999999999997,1.4499999999999995,0.16717764414527606,FREE,0.135,0.23
2018-06-18,281800.21049342206,0.0,1,0.8499999999999996,1.7999999999999994,0.15848557697344837,FREE,0.135,0.23
2018-06-19,279794.3693670162,279794.3693670162,0,0.9999999999999996,1.0499999999999996,0.16579374491417245,FREE,0.135,0.23
2018-06-20,280047.80629579065,0.0,1,-0.5,0.4999999999999998,0.1864609302459355,FORCE_BUY,0.205,0.23
2018-06-21,278290.3645848608,0.0,1,0.7499999999999998,0.7499999999999998,0.22740003359498154,FREE,0.205,0.23
2018-06-22,279862.33814960695,279862.33814960695,0,1.0499999999999996,1.2499999999999996,0.20668415825925357,FREE,0.205,0.225
2018-06-25,279862.33814960695,279862.33814960695,0,1.0499999999999996,1.2499999999999996,0.2464482253041647,FORCE_SELL,0.205,0.225
2018-06-26,280522.48814376787,0.0,1,1.3499999999999996,1.2999999999999996,0.19811372102222805,FORCE_BUY,0.205,0.225
2018-06-27,278799.9092527542,278799.9092527542,0,1.4499999999999995,1.3999999999999995,0.28308901901542827,FORCE_SELL,0.18,0.225
2018-06-28,279243.7266708598,279243.7266708598,0,1.2499999999999996,1.2999999999999996,0.19826652606056458,FREE,0.18,0.225
2018-06-29,279243.7266708598,279243.7266708598,0,1.3999999999999995,1.1999999999999997,0.23892182121464178,FORCE_SELL,0.135,0.225
2018-07-02,281625.91045982525,0.0,1,1.1999999999999997,1.7999999999999994,0.16786499953535808,FORCE_BUY,0.205,0.225
2018-07-03,281165.92340732133,0.0,1,1.3499999999999996,2.2999999999999994,0.2155016706247651,FREE,0.205,0.225
2018-07-05,283443.7074944076,0.0,1,0.9499999999999997,2.0499999999999994,0.15640972457850733,FORCE_BUY,0.205,0.225
2018-07-06,284712.6100452045,284712.6100452045,0,0.9499999999999997,2.2999999999999994,0.1827162696472364,FREE,0.135,0.225
2018-07-09,284712.6100452045,284712.6100452045,0,0.9499999999999997,2.2999999999999994,0.15140234869651645,FORCE_BUY,0.205,0.225
2018-07-10,283902.16446477827,0.0,1,0.9499999999999997,2.2999999999999994,0.14312652050208982,FORCE_BUY,0.205,0.225
2018-07-11,284281.7402429526,284281.7402429526,0,-0.5,2.499999999999999,0.20593532909841736,FREE,0.205,0.225
2018-07-12,284566.826333236,0.0,1,0.5999999999999996,2.3999999999999995,0.15129284263502704,FORCE_BUY,0.205,0.225
2018-07-13,284872.27571568254,0.0,1,0.5999999999999996,2.3999999999999995,0.15444272408747525,FORCE_BUY,0.205,0.225
2018-07-16,284159.560489974,0.0,1,0.9499999999999997,0.9499999999999997,0.17163554588060492,FORCE_BUY,0.205,0.225
2018-07-17,285941.3485542452,0.0,1,0.8999999999999997,0.8999999999999997,0.1690574206527163,FORCE_BUY,0.205,0.225
2018-07-18,286155.46857134026,0.0,1,1.1999999999999997,2.1999999999999993,0.14079431950432522,FORCE_BUY,0.205,0.225
2018-07-19,285198.08839029213,0.0,1,1.3499999999999996,2.1999999999999993,0.1849623058813732,FORCE_BUY,0.205,0.225
2018-07-20,284760.2776087855,0.0,1,1.2999999999999996,2.349999999999999,0.20141113880442196,FORCE_BUY,0.205,0.225
2018-07-23,286134.7998297947,0.0,1,-0.5,1.8499999999999996,0.15812740256685992,FORCE_BUY,0.2,0.225
2018-07-24,286409.7042739965,0.0,1,0.7499999999999998,1.9999999999999996,0.19172261372736477,FORCE_BUY,0.2,0.225
2018-07-25,288160.9474000231,0.0,1,-0.5,1.4999999999999996,0.1878253411961335,FORCE_BUY,0.2,0.225
2018-07-26,288883.84427181317,0.0,1,-0.5,1.4999999999999996,0.2070130558190124,FREE,0.2,0.225
2018-07-27,289280.9284689936,289280.9284689936,0,1.5999999999999996,-0.5,0.2653527627684141,FORCE_SELL,0.2,0.225
2018-07-30,289280.9284689936,289280.9284689936,0,1.7499999999999996,-0.5,0.2276611019503045,FORCE_SELL,0.2,0.225
2018-07-31,289280.9284689936,289280.9284689936,0,1.3499999999999996,1.9499999999999993,0.19902028541006236,FORCE_BUY,0.2,0.225
2018-08-01,289100.77130713564,289100.77130713564,0,0.8999999999999997,1.3499999999999996,0.21617552383703442,FREE,0.2,0.225
2018-08-02,291863.8585196698,291863.8585196698,0,1.3999999999999995,0.6999999999999997,0.21131117733145113,FREE,0.2,0.225
2018-08-03,293394.86621304584,0.0,1,-0.5,1.0499999999999996,0.16431471361989372,FORCE_BUY,0.2,0.225
2018-08-06,294460.3648104629,0.0,1,-0.5,1.0499999999999996,0.1753490517955927,FORCE_BUY,0.2,0.225
2018-08-07,295401.72764895763,0.0,1,1.1999999999999997,1.2499999999999996,0.18278758868767445,FORCE_BUY,0.2,0.225
2018-08-08,294967.2524927293,0.0,1,1.3499999999999996,0.44999999999999973,0.19515199323836518,FORCE_BUY,0.2,0.225
2018-08-09,295184.4900708435,295184.4900708435,0,1.4999999999999996,0.44999999999999973,0.23316059453932017,FORCE_SELL,0.2,0.225
2018-08-10,295184.4900708435,295184.4900708435,0,1.4999999999999996,0.44999999999999973,0.21743291956812313,FORCE_SELL,0.19,0.215
2018-08-13,295184.4900708435,295184.4900708435,0,1.4999999999999996,0.44999999999999973,0.25372749611548834,FORCE_SELL,0.19,0.215
2018-08-14,295184.4900708435,295184.4900708435,0,1.4999999999999996,0.44999999999999973,0.18676705263527824,FORCE_BUY,0.19,0.215
2018-08-15,294735.03951763903,294735.03951763903,0,2.349999999999999,-0.5,0.20763333851469934,FREE,0.19,0.215
2018-08-16,294735.03951763903,294735.03951763903,0,1.9499999999999993,-0.5,0.2230002718013652,FORCE_SELL,0.19,0.215
2018-08-17,294735.03951763903,294735.03951763903,0,1.2499999999999996,1.0999999999999996,0.20104684349762625,FREE,0.19,0.215
2018-08-20,294735.03951763903,294735.03951763903,0,1.2499999999999996,1.0999999999999996,0.17699328156900038,FORCE_BUY,0.19,0.215
2018-08-21,294735.03951763903,294735.03951763903,0,1.2499999999999996,1.0999999999999996,0.19902748797323278,FREE,0.19,0.215
2018-08-22,294735.03951763903,294735.03951763903,0,0.5499999999999998,-0.5,0.203047233447164,FREE,0.19,0.215
2018-08-23,294735.03951763903,294735.03951763903,0,0.7999999999999998,-0.5,0.23235657184754674,FORCE_SELL,0.19,0.215
2018-08-24,294735.03951763903,294735.03951763903,0,0.6499999999999997,1.3999999999999995,0.1591973922407218,FORCE_BUY,0.19,0.215
2018-08-27,295091.09800110984,0.0,1,0.6499999999999997,1.3999999999999995,0.15609579358328143,FORCE_BUY,0.19,0.215
2018-08-28,295182.65589685953,0.0,1,0.8499999999999996,1.2499999999999996,0.17001889440548823,FORCE_BUY,0.19,0.215
2018-08-29,296505.1588354655,0.0,1,0.8999999999999997,1.2999999999999996,0.16044719717355807,FORCE_BUY,0.19,0.215
2018-08-30,296220.6364195769,0.0,1,-0.5,0.9499999999999997,0.20903802259638082,FREE,0.19,0.215
2018-08-31,297385.65237734374,0.0,1,0.8499999999999996,1.7499999999999996,0.18113053020251643,FORCE_BUY,0.19,0.215
2018-09-04,296220.6364195769,0.0,1,0.8499999999999996,1.7499999999999996,0.17430327888751584,FORCE_BUY,0.19,0.215
2018-09-05,295045.4010235839,0.0,1,0.9999999999999996,0.7499999999999998,0.18382554813808993,FORCE_BUY,0.19,0.215
2018-09-06,295587.03124956327,295587.03124956327,0,-0.5,0.5499999999999998,0.2176425748749097,FORCE_SELL,0.19,0.215
2018-09-07,296275.8296320661,296275.8296320661,0,1.4499999999999995,1.7499999999999996,0.20839858012178672,FREE,0.19,0.215
2018-09-10,296275.8296320661,296275.8296320661,0,-0.5,2.349999999999999,0.21341499993185234,FREE,0.19,0.215
2018-09-11,296208.7739094662,0.0,1,0.6499999999999997,2.4499999999999993,0.20432575666709327,FREE,0.19,0.215
2018-09-12,296891.4201923557,0.0,1,0.4999999999999998,1.0499999999999996,0.1974509847305633,FREE,0.19,0.215
2018-09-13,298730.17059767136,0.0,1,-0.5,1.9499999999999993,0.17137544555094228,FORCE_BUY,0.19,0.215
2018-09-14,298843.16643263487,0.0,1,-0.5,1.9499999999999993,0.18709184633811474,FORCE_BUY,0.19,0.215
2018-09-17,297220.13534861326,0.0,1,0.7999999999999998,-0.5,0.2395979162342863,FORCE_SELL,0.185,0.215
2018-09-18,298844.9017896798,298844.9017896798,0,0.7499999999999998,2.1499999999999995,0.1975767963581884,FREE,0.185,0.215
2018-09-19,299327.423016246,299327.423016246,0,-0.5,2.1999999999999993,0.19297413927986554,FREE,0.185,0.215
2018-09-20,299971.34636115667,0.0,1,-0.5,2.2999999999999994,0.19460705445106463,FREE,0.185,0.215
2018-09-21,297725.8226550267,0.0,1,0.9499999999999997,-0.5,0.2447982080957526,FORCE_SELL,0.185,0.215
2018-09-24,297244.56609709933,297244.56609709933,0,1.0999999999999996,-0.5,0.19909772369814285,FREE,0.185,0.215
2018-09-25,297244.56609709933,297244.56609709933,0,0.9499999999999997,-0.5,0.22883896400497464,FORCE_SELL,0.185,0.215
2018-09-26,297244.56609709933,297244.56609709933,0,-0.5,-0.5,0.27827916038486705,FORCE_SELL,0.185,0.215
2018-09-27,297244.56609709933,297244.56609709933,0,-0.5,-0.5,0.2364390656277843,FORCE_SELL,0.185,0.215
2018-09-28,297244.56609709933,297244.56609709933,0,-0.5,-0.5,0.20061467279155623,FREE,0.185,0.215
2018-10-01,297244.56609709933,297244.56609709933,0,-0.5,-0.5,0.23041220038522314,FORCE_SELL,0.185,0.215
2018-10-02,297973.9766342991,0.0,1,0.6999999999999997,1.8499999999999996,0.2122404986017129,FREE,0.185,0.215
2018-10-03,298587.0497636475,298587.0497636475,0,0.6999999999999997,1.9499999999999993,0.24078467509825863,FORCE_SELL,0.185,0.215
2018-10-04,298587.0497636475,298587.0497636475,0,1.0999999999999996,2.1499999999999995,0.25053727926863645,FORCE_SELL,0.185,0.215
2018-10-05,298587.0497636475,298587.0497636475,0,1.1999999999999997,2.349999999999999,0.2707475813364749,FORCE_SELL,0.185,0.215
2018-10-08,297838.5810249021,297838.5810249021,0,1.1499999999999997,-0.5,0.19181133737691902,FREE,0.185,0.215
2018-10-09,297838.5810249021,297838.5810249021,0,0.8499999999999996,-0.5,0.22662091022395028,FORCE_SELL,0.185,0.215
2018-10-10,297838.5810249021,297838.5810249021,0,2.2499999999999996,-0.5,0.35072929053707425,FORCE_SELL,0.195,0.235
2018-10-11,297838.5810249021,297838.5810249021,0,1.9499999999999993,1.6499999999999995,0.2982325887696727,FORCE_SELL,0.195,0.235
2018-10-12,299483.42103075056,299483.42103075056,0,2.0999999999999996,1.8499999999999996,0.22124326055426083,FREE,0.195,0.3
2018-10-15,300794.6757769107,300794.6757769107,0,1.9999999999999996,-0.5,0.23649189097980652,FREE,0.195,0.3
2018-10-16,300794.6757769107,300794.6757769107,0,1.6499999999999995,-0.5,0.21696843705151236,FREE,0.195,0.3
2018-10-17,301311.24623978336,0.0,1,1.9999999999999996,-0.5,0.18894730104222038,FORCE_BUY,0.195,0.3
2018-10-18,297964.300115754,297964.300115754,0,2.4499999999999993,-0.5,0.23664004835696262,FREE,0.195,0.3
2018-10-19,297964.300115754,297964.300115754,0,2.2999999999999994,-0.5,0.24073979122660272,FREE,0.195,0.3
2018-10-22,297964.300115754,297964.300115754,0,2.2999999999999994,-0.5,0.2258486306114247,FREE,0.195,0.3
2018-10-23,298752.0705213251,298752.0705213251,0,2.499999999999999,-0.5,0.19840193536469297,FREE,0.195,0.3
2018-10-24,297358.360793689,0.0,1,2.499999999999999,-0.5,0.2589958308607503,FREE,0.2,0.3
2018-10-25,297579.77498218237,0.0,1,-0.5,-0.5,0.2149111215296516,FREE,0.2,0.3
2018-10-26,296624.1474937666,296624.1474937666,0,2.2499999999999996,1.0499999999999996,0.24146785527548978,FREE,0.2,0.3
2018-10-29,292738.06988925335,0.0,1,2.1999999999999993,-0.5,0.243850127463575,FREE,0.2,0.3
2018-10-30,297688.2567772384,0.0,1,2.4499999999999993,2.3999999999999995,0.18189086536635932,FORCE_BUY,0.2,0.235
2018-10-31,298964.6502573243,298964.6502573243,0,2.3999999999999995,2.499999999999999,0.225437033147429,FREE,0.2,0.235
2018-11-01,300296.1207818609,0.0,1,2.3999999999999995,2.499999999999999,0.1656517061012075,FORCE_BUY,0.2,0.3
2018-11-02,305263.00030063116,0.0,1,1.3999999999999995,-0.5,0.20820221244903345,FREE,0.2,0.3
2018-11-05,307801.0562960672,0.0,1,1.3999999999999995,-0.5,0.15990986773416813,FORCE_BUY,0.2,0.3
2018-11-06,308834.24723226245,0.0,1,1.1999999999999997,2.4499999999999993,0.14719463824491805,FORCE_BUY,0.2,0.3
2018-11-07,315774.5950427911,0.0,1,-0.5,2.2999999999999994,0.18127720289451252,FORCE_BUY,0.2,0.3
2018-11-08,314914.01437495806,0.0,1,1.8999999999999995,-0.5,0.175367848806951,FORCE_BUY,0.2,0.3
2018-11-09,312813.07398159016,0.0,1,1.9499999999999993,-0.5,0.20104204286195979,FREE,0.2,0.3
2018-11-12,307056.6090999199,0.0,1,1.9499999999999993,-0.5,0.2570767872600951,FREE,0.2,0.3
2018-11-13,308614.2407737836,0.0,1,1.9499999999999993,-0.5,0.25607726260043434,FREE,0.2,0.3
2018-11-14,307361.4783234731,0.0,1,2.2999999999999994,-0.5,0.2400383398846793,FREE,0.2,0.3
2018-11-15,307422.1522190261,307422.1522190261,0,2.349999999999999,2.2999999999999994,0.2196361457448671,FREE,0.2,0.3
2018-11-16,310915.0577785836,0.0,1,1.6999999999999993,2.0499999999999994,0.20650166663036193,FREE,0.2,0.3
2018-11-19,304914.5446240826,0.0,1,1.6999999999999993,2.0499999999999994,0.25082373646753764,FREE,0.2,0.3
2018-11-20,302566.26880969177,302566.26880969177,0,2.349999999999999,-0.5,0.239122833116565,FREE,0.2,0.3
2018-11-21,302885.8770462584,0.0,1,2.2999999999999994,-0.5,0.2583591345800105,FREE,0.2,0.3
2018-11-23,301011.0121763528,301011.0121763528,0,2.1999999999999993,-0.5,0.23556355951557273,FREE,0.2,0.3
2018-11-26,301011.0121763528,301011.0121763528,0,2.1999999999999993,-0.5,0.1919337143952057,FORCE_BUY,0.2,0.3
2018-11-27,307583.8550640626,0.0,1,2.1999999999999993,-0.5,0.17728486171433788,FORCE_BUY,0.2,0.3
2018-11-28,306713.58018918947,306713.58018918947,0,2.1999999999999993,-0.5,0.22515157339884415,FREE,0.2,0.3
2018-11-29,306038.96498378605,0.0,1,1.7999999999999994,2.499999999999999,0.2112800089068975,FREE,0.2,0.3
2018-11-30,308684.5454733234,0.0,1,1.1499999999999997,2.499999999999999,0.194792396040581,FORCE_BUY,0.2,0.3
2018-12-03,313946.31783682853,0.0,1,0.8999999999999997,2.3999999999999995,0.2058860511015662,FREE,0.2,0.3
2018-12-04,313506.6644777982,313506.6644777982,0,2.2999999999999994,-0.5,0.32373898319411937,FORCE_SELL,0.2,0.3
2018-12-06,316940.93927591504,316940.93927591504,0,-0.5,-0.5,0.238014571363397,FREE,0.2,0.3
2018-12-07,316940.93927591504,316940.93927591504,0,2.499999999999999,-0.5,0.3132263982779961,FORCE_SELL,0.2,0.3
2018-12-10,315820.24751926435,0.0,1,-0.5,-0.5,0.25947737812454147,FREE,0.2,0.3
2018-12-11,316515.3588715761,316515.3588715761,0,-0.5,2.3999999999999995,0.3095724911636679,FORCE_SELL,0.2,0.3
2018-12-12,316515.3588715761,316515.3588715761,0,-0.5,2.3999999999999995,0.32812111689268525,FORCE_SELL,0.2,0.31
2018-12-13,314918.9625267706,0.0,1,-0.5,0.44999999999999973,0.28798634540732715,FREE,0.2,0.31
2018-12-14,310608.1008245958,0.0,1,-0.5,0.8999999999999997,0.3013335291608555,FREE,0.2,0.31
2018-12-17,306424.1022374962,0.0,1,-0.5,0.8999999999999997,0.28749875231975547,FORCE_SELL,0.2,0.24
2018-12-18,307571.71327852923,307571.71327852923,0,-0.5,1.4499999999999995,0.247017831716954,FORCE_SELL,0.2,0.24
2018-12-19,307571.71327852923,307571.71327852923,0,-0.5,-0.5,0.29891600158494774,FORCE_SELL,0.2,0.24
2018-12-20,304924.28881109285,0.0,1,-0.5,-0.5,0.2525937025461692,FREE,0.2,0.3
2018-12-21,306121.2801512254,306121.2801512254,0,-0.5,-0.5,0.2880051468647965,FORCE_SELL,0.2,0.24
2018-12-24,306121.2801512254,306121.2801512254,0,2.499999999999999,-0.5,0.27363443444941593,FORCE_SELL,0.2,0.24
2018-12-26,306121.2801512254,306121.2801512254,0,2.499999999999999,-0.5,0.3171361501066454,FORCE_SELL,0.2,0.24
2018-12-27,306121.2801512254,306121.2801512254,0,0.4999999999999998,-0.5,0.27184137714149265,FORCE_SELL,0.2,0.24
2018-12-28,306121.2801512254,306121.2801512254,0,1.8999999999999995,-0.5,0.29222177073306305,FORCE_SELL,0.2,0.24
2018-12-31,306121.2801512254,306121.2801512254,0,1.8999999999999995,-0.5,0.22024922842927305,FREE,0.2,0.24
2019-01-02,306121.2801512254,306121.2801512254,0,-0.5,-0.5,0.2476129631467606,FORCE_SELL,0.2,0.24
2019-01-03,306121.2801512254,306121.2801512254,0,2.1999999999999993,-0.5,0.27678014762329756,FORCE_SELL,0.2,0.24
2019-01-04,306121.2801512254,306121.2801512254,0,2.349999999999999,-0.5,0.16837480183082754,FORCE_BUY,0.2,0.24
2019-01-07,306915.6500690512,0.0,1,1.0499999999999996,-0.5,0.15857616253203152,FORCE_BUY,0.2,0.24
2019-01-08,309190.4366519159,0.0,1,1.1499999999999997,-0.5,0.13725444085933794,FORCE_BUY,0.2,0.24
2019-01-09,308817.3235086947,0.0,1,1.0499999999999996,-0.5,0.14190104903490158,FORCE_BUY,0.2,0.24
2019-01-10,311212.4691700179,0.0,1,-0.5,-0.5,0.1257679703003791,FORCE_BUY,0.2,0.24
2019-01-11,311417.0796033973,0.0,1,-0.5,-0.5,0.11903514294512751,FORCE_BUY,0.2,0.24
2019-01-14,310634.7455934173,0.0,1,-0.5,-0.5,0.13818349578485858,FORCE_BUY,0.2,0.24
2019-01-15,313065.9989782781,0.0,1,-0.5,1.0999999999999996,0.12434450702923465,FORCE_BUY,0.2,0.24
2019-01-16,314113.1229608666,0.0,1,2.0999999999999996,1.2499999999999996,0.14058032287710173,FORCE_BUY,0.2,0.24
2019-01-17,316905.45358110266,0.0,1,1.7999999999999994,1.5499999999999994,0.13296463201736608,FORCE_BUY,0.2,0.24
2019-01-18,320853.23135453986,0.0,1,1.7999999999999994,1.5499999999999994,0.1218490631520625,FORCE_BUY,0.2,0.24
2019-01-22,316147.19138681446,0.0,1,2.4499999999999993,2.499999999999999,0.14717635956737088,FORCE_BUY,0.2,0.24
2019-01-23,316616.5917928024,0.0,1,2.4499999999999993,2.499999999999999,0.1404639037573923,FORCE_BUY,0.2,0.24
2019-01-24,317134.13583017373,0.0,1,-0.5,2.1499999999999995,0.13003549690756028,FORCE_BUY,0.2,0.24
2019-01-25,320275.5077779393,0.0,1,-0.5,2.1499999999999995,0.14477265231509825,FORCE_BUY,0.2,0.24
2019-01-28,316014.7964005101,0.0,1,2.1999999999999993,1.3499999999999996,0.11829007540570073,FORCE_BUY,0.2,0.24
2019-01-29,317687.78759108257,0.0,1,1.9499999999999993,1.3999999999999995,0.1428163374829438,FORCE_BUY,0.2,0.24
2019-01-30,322538.2584529582,0.0,1,1.4499999999999995,2.0499999999999994,0.15012159200042383,FORCE_BUY,0.2,0.24
2019-01-31,325475.0199673444,0.0,1,1.3999999999999995,2.1499999999999995,0.13861974504418884,FORCE_BUY,0.2,0.24
2019-02-01,325053.7631927398,0.0,1,-0.5,2.1499999999999995,0.14371317566323458,FORCE_BUY,0.2,0.24
2019-02-04,326702.6825676206,0.0,1,-0.5,1.3999999999999995,0.12925385553117652,FORCE_BUY,0.2,0.24
2019-02-05,328435.8532974223,0.0,1,1.6999999999999993,1.1499999999999997,0.12650142406862494,FORCE_BUY,0.2,0.24
2019-02-06,327809.9860894384,0.0,1,1.6499999999999995,1.0999999999999996,0.14176997563222726,FORCE_BUY,0.2,0.24
2019-02-07,324319.57281414326,0.0,1,1.7999999999999994,1.0999999999999996,0.16054984769267913,FORCE_BUY,0.2,0.24
2019-02-08,325571.30723011115,0.0,1,2.2999999999999994,1.1499999999999997,0.13816143892030844,FORCE_BUY,0.2,0.24
2019-02-11,326341.60533224524,0.0,1,-0.5,1.0999999999999996,0.15338537124694795,FORCE_BUY,0.2,0.24
2019-02-12,330734.71169597877,0.0,1,-0.5,1.5999999999999996,0.1375460375239994,FORCE_BUY,0.2,0.24
2019-02-13,330349.5626449117,0.0,1,0.8999999999999997,1.9999999999999996,0.14915701728979824,FORCE_BUY,0.2,0.24
2019-02-14,329302.43866232317,0.0,1,0.9999999999999996,2.2999999999999994,0.16256776296461295,FORCE_BUY,0.2,0.24
2019-02-15,334598.238114495,0.0,1,-0.5,0.9999999999999996,0.12171097294136679,FORCE_BUY,0.2,0.24
2019-02-19,334261.2326948114,0.0,1,1.6499999999999995,2.349999999999999,0.1456230200020083,FORCE_BUY,0.2,0.24
2019-02-20,334983.3871655621,0.0,1,1.6499999999999995,2.3999999999999995,0.14374874904946347,FORCE_BUY,0.2,0.24
2019-02-21,333960.33499866526,0.0,1,1.6499999999999995,2.3999999999999995,0.15830184757271212,FORCE_BUY,0.2,0.24
2019-02-22,336247.1574893758,0.0,1,-0.5,-0.5,0.13784799882078444,FORCE_BUY,0.155,0.21
2019-02-25,336096.30658371013,0.0,1,2.1999999999999993,-0.5,0.1867418813243181,FREE,0.155,0.21
2019-02-26,335674.9069515973,0.0,1,-0.5,1.4999999999999996,0.17357526577273072,FORCE_BUY,0.2,0.24
2019-02-27,335999.98666779866,0.0,1,0.8499999999999996,2.0499999999999994,0.15390346078406847,FORCE_BUY,0.155,0.21
2019-02-28,335993.9266239562,0.0,1,-0.5,2.0999999999999996,0.16688779295150322,FREE,0.155,0.21
2019-03-01,337426.200719199,0.0,1,0.9999999999999996,1.6499999999999995,0.16080857783952723,FREE,0.155,0.21
2019-03-04,335811.96896775876,335811.96896775876,0,2.1499999999999995,2.1999999999999993,0.2038793552300432,FREE,0.155,0.21
2019-03-05,335811.96896775876,335811.96896775876,0,2.1499999999999995,1.2499999999999996,0.16465061927384356,FREE,0.155,0.21
2019-03-06,335811.96896775876,335811.96896775876,0,1.3499999999999996,1.0499999999999996,0.189360184427965,FREE,0.155,0.21
2019-03-07,334106.30553959124,334106.30553959124,0,1.9999999999999996,0.8999999999999997,0.190909334988135,FREE,0.155,0.21
2019-03-08,334106.30553959124,334106.30553959124,0,1.9999999999999996,-0.5,0.1946494597421513,FORCE_SELL,0.155,0.185
2019-03-11,334106.30553959124,334106.30553959124,0,1.9999999999999996,-0.5,0.2659281487728445,FORCE_SELL,0.155,0.21
2019-03-12,334106.30553959124,334106.30553959124,0,1.9999999999999996,-0.5,0.24947444147503625,FORCE_SELL,0.155,0.21
2019-03-13,334106.30553959124,334106.30553959124,0,1.9999999999999996,-0.5,0.2663923953319952,FORCE_SELL,0.155,0.245
2019-03-14,334106.30553959124,334106.30553959124,0,1.5499999999999994,-0.5,0.2484380655517906,FORCE_SELL,0.155,0.245
2019-03-15,334106.30553959124,334106.30553959124,0,1.4999999999999996,1.0999999999999996,0.2527034618212653,FORCE_SELL,0.155,0.245
2019-03-18,334106.30553959124,334106.30553959124,0,1.0499999999999996,0.9999999999999996,0.13731257653938234,FORCE_BUY,0.155,0.245
2019-03-19,334106.30553959124,334106.30553959124,0,0.9999999999999996,1.1499999999999997,0.17514886346789352,FREE,0.155,0.245
2019-03-20,334224.9891762435,0.0,1,1.2999999999999996,-0.5,0.18553105246707802,FREE,0.155,0.245
2019-03-21,333971.7937406598,333971.7937406598,0,1.0499999999999996,1.6999999999999993,0.1660688196036381,FREE,0.155,0.245
2019-03-22,329272.79770815116,0.0,1,2.2999999999999994,-0.5,0.23053621804648497,FREE,0.155,0.245
2019-03-25,329213.8410747209,329213.8410747209,0,0.9499999999999997,1.2999999999999996,0.16024676296072085,FREE,0.155,0.21
2019-03-26,330732.25737486174,0.0,1,0.9499999999999997,0.6999999999999997,0.16508188835000118,FORCE_BUY,0.17,0.21
2019-03-27,330102.5416445318,0.0,1,0.9999999999999996,-0.5,0.18354597734054498,FREE,0.155,0.21
2019-03-28,332607.5256739065,0.0,1,0.9499999999999997,2.2499999999999996,0.1493036751497443,FORCE_BUY,0.155,0.18
2019-03-29,333895.46557580197,0.0,1,-0.5,1.5499999999999994,0.14298908242442518,FORCE_BUY,0.155,0.18
2019-04-01,337901.076830321,0.0,1,-0.5,1.5499999999999994,0.1371273094688977,FORCE_BUY,0.155,0.18
2019-04-02,337381.17448460165,0.0,1,0.9499999999999997,1.5999999999999996,0.1282295320455291,FORCE_BUY,0.155,0.18
2019-04-03,339219.2072102987,0.0,1,1.0499999999999996,1.5999999999999996,0.15902299498008063,FREE,0.155,0.18
2019-04-04,339680.6816445529,0.0,1,0.9999999999999996,1.3999999999999995,0.13631514562692623,FORCE_BUY,0.155,0.18
2019-04-05,341822.3963266048,0.0,1,1.1499999999999997,1.9499999999999993,0.11945765354253429,FORCE_BUY,0.155,0.18
2019-04-08,341644.906159584,0.0,1,1.4999999999999996,0.7999999999999998,0.12345170088896536,FORCE_BUY,0.155,0.18
2019-04-09,339739.8450335599,0.0,1,1.6499999999999995,0.7499999999999998,0.14767876576194955,FORCE_BUY,0.155,0.18
2019-04-10,341609.40812617977,0.0,1,1.4499999999999995,0.8499999999999996,0.1300521245022217,FORCE_BUY,0.155,0.18
2019-04-11,341301.7585033436,0.0,1,-0.5,0.5999999999999996,0.1500997201997648,FORCE_BUY,0.155,0.18
2019-04-12,342023.5518492285,342023.5518492285,0,-0.5,0.5999999999999996,0.14088463966562365,FREE,0.14,0.17
2019-04-15,342365.9177669955,0.0,1,-0.5,0.5999999999999996,0.1442025792830701,FORCE_BUY,0.155,0.18
2019-04-16,342389.5292096001,0.0,1,1.6999999999999993,1.3499999999999996,0.1519008878333449,FORCE_BUY,0.155,0.18
2019-04-17,341681.0678742485,0.0,1,1.8499999999999996,-0.5,0.18511637260055502,FORCE_SELL,0.145,0.17
2019-04-18,341929.10607881,341929.10607881,0,1.3499999999999996,1.6999999999999993,0.1462943650567001,FREE,0.145,0.17
2019-04-22,343300.36887241906,0.0,1,0.7999999999999998,1.4999999999999996,0.14089526309177844,FORCE_BUY,0.155,0.18
2019-04-23,344476.58135486813,344476.58135486813,0,0.7999999999999998,1.7499999999999996,0.1569649293873561,FREE,0.155,0.18
2019-04-24,344464.8031697087,0.0,1,0.7999999999999998,1.3499999999999996,0.1660928497530445,FREE,0.155,0.18
2019-04-25,344346.33444228396,0.0,1,0.6999999999999997,1.0499999999999996,0.16515073910218078,FREE,0.155,0.18
2019-04-26,346330.0867290374,0.0,1,-0.5,1.2999999999999996,0.1418802819918363,FORCE_BUY,0.155,0.18
2019-04-29,346459.9752716224,0.0,1,-0.5,1.2999999999999996,0.14265088860067576,FORCE_BUY,0.155,0.18
2019-04-30,347664.39148733224,0.0,1,1.3499999999999996,1.4499999999999995,0.15535345137449763,FREE,0.155,0.18
2019-05-01,343607.7959147238,0.0,1,1.8499999999999996,1.6499999999999995,0.2163744039831945,FORCE_SELL,0.155,0.18
2019-05-02,344421.4735150435,344421.4735150435,0,1.2999999999999996,2.349999999999999,0.1833364600205054,FORCE_SELL,0.155,0.18
2019-05-03,345078.005699564,0.0,1,1.3999999999999995,2.2999999999999994,0.1618202517467201,FREE,0.155,0.18
2019-05-06,338817.502368601,338817.502368601,0,-0.5,2.0999999999999996,0.1922565223296059,FORCE_SELL,0.155,0.18
2019-05-07,335902.1908699897,0.0,1,2.3999999999999995,-0.5,0.19230456876346783,FORCE_BUY,0.32,0.34
2019-05-08,336928.38051750086,336928.38051750086,0,1.4499999999999995,-0.5,0.17606746012287186,FREE,0.155,0.18
2019-05-09,338588.7477678988,338588.7477678988,0,0.5999999999999996,-0.5,0.1566504600617876,FREE,0.155,0.18
2019-05-10,341668.01162531436,0.0,1,1.0499999999999996,2.349999999999999,0.17194301518520771,FREE,0.155,0.18
2019-05-13,332145.9803123831,332145.9803123831,0,2.0999999999999996,-0.5,0.2130103408175814,FORCE_SELL,0.155,0.18
2019-05-14,332145.9803123831,332145.9803123831,0,2.0999999999999996,-0.5,0.24853649707880002,FORCE_SELL,0.155,0.18
2019-05-15,332145.9803123831,332145.9803123831,0,1.1999999999999997,1.7999999999999994,0.24455656549752222,FORCE_SELL,0.155,0.18
2019-05-16,332145.9803123831,332145.9803123831,0,0.5499999999999998,1.9999999999999996,0.24983728738519406,FORCE_SELL,0.155,0.18
2019-05-17,332145.9803123831,332145.9803123831,0,0.9999999999999996,2.499999999999999,0.2564534826996577,FORCE_SELL,0.155,0.18
2019-05-20,332145.9803123831,332145.9803123831,0,2.1999999999999993,-0.5,0.25248633393848896,FORCE_SELL,0.155,0.18
2019-05-21,332145.9803123831,332145.9803123831,0,1.9499999999999993,2.4499999999999993,0.21683431770366834,FORCE_SELL,0.155,0.18
2019-05-22,332145.9803123831,332145.9803123831,0,1.1999999999999997,2.0499999999999994,0.23705026879865465,FORCE_SELL,0.155,0.18
2019-05-23,332145.9803123831,332145.9803123831,0,2.1999999999999993,-0.5,0.220655337028683,FORCE_SELL,0.155,0.18
2019-05-24,332145.9803123831,332145.9803123831,0,2.0499999999999994,-0.5,0.2335110166979355,FORCE_SELL,0.155,0.18
2019-05-28,332145.9803123831,332145.9803123831,0,1.7999999999999994,-0.5,0.27021273694467657,FORCE_SELL,0.155,0.18
2019-05-29,332145.9803123831,332145.9803123831,0,2.0499999999999994,-0.5,0.18087313597545943,FORCE_SELL,0.155,0.18
2019-05-30,332145.9803123831,332145.9803123831,0,2.0999999999999996,1.2499999999999996,0.20825967079520522,FORCE_SELL,0.155,0.18
2019-05-31,332145.9803123831,332145.9803123831,0,1.7999999999999994,1.5499999999999994,0.20337896464814473,FORCE_SELL,0.155,0.18
2019-06-03,332145.9803123831,332145.9803123831,0,1.0999999999999996,-0.5,0.2041955734254365,FORCE_SELL,0.155,0.18
2019-06-04,332145.9803123831,332145.9803123831,0,1.0999999999999996,-0.5,0.22612246799662727,FORCE_SELL,0.155,0.18
2019-06-05,332145.9803123831,332145.9803123831,0,1.0999999999999996,-0.5,0.19864781277781926,FORCE_SELL,0.155,0.18
2019-06-06,332145.9803123831,332145.9803123831,0,1.0999999999999996,-0.5,0.21886103506379426,FORCE_SELL,0.155,0.18
2019-06-07,332145.9803123831,332145.9803123831,0,1.0999999999999996,-0.5,0.13728374071410085,FORCE_BUY,0.155,0.18
2019-06-10,330714.95809685736,0.0,1,1.0999999999999996,-0.5,0.1497900419921154,FORCE_BUY,0.155,0.18
2019-06-11,332837.0572691337,332837.0572691337,0,0.6499999999999997,1.7999999999999994,0.14966650668246573,FREE,0.145,0.175
2019-06-12,333622.5134514798,0.0,1,-0.5,1.9499999999999993,0.13913479367632575,FORCE_BUY,0.145,0.175
2019-06-13,334350.2155027709,0.0,1,0.5999999999999996,2.499999999999999,0.12727529793388534,FORCE_BUY,0.145,0.175
2019-06-14,334200.05476202833,0.0,1,0.7499999999999998,1.9499999999999993,0.13577663418883693,FORCE_BUY,0.145,0.175
2019-06-17,334789.0854942784,0.0,1,1.0499999999999996,0.7499999999999998,0.15052742893573393,FREE,0.145,0.175
2019-06-18,338488.15694508184,0.0,1,0.44999999999999973,2.3999999999999995,0.14237783007641555,FORCE_BUY,0.145,0.175
2019-06-19,339921.5471322682,0.0,1,-0.5,2.3999999999999995,0.13088437137989326,FORCE_BUY,0.145,0.175
2019-06-20,341794.2020542374,0.0,1,0.6499999999999997,2.0499999999999994,0.14074043896749824,FORCE_BUY,0.145,0.175
2019-06-21,340119.6759707733,0.0,1,-0.5,2.0499999999999994,0.16231143378941945,FREE,0.145,0.175
2019-06-24,340862.1686972504,0.0,1,1.4499999999999995,-0.5,0.1570110059285039,FREE,0.145,0.175
2019-06-25,340792.5600041432,340792.5600041432,0,1.4499999999999995,-0.5,0.1890568566007966,FORCE_SELL,0.145,0.175
2019-06-26,338960.40468035283,0.0,1,1.6999999999999993,-0.5,0.17496537561663872,FREE,0.145,0.175
2019-06-27,340769.2204458784,340769.2204458784,0,-0.5,1.0999999999999996,0.14757974829278162,FREE,0.145,0.175
2019-06-28,341433.2835421319,341433.2835421319,0,1.1999999999999997,2.4499999999999993,0.14860315455167805,FREE,0.145,0.175
2019-07-01,341433.2835421319,341433.2835421319,0,1.1999999999999997,2.4499999999999993,0.1609924299518352,FREE,0.15,0.175
2019-07-02,341433.2835421319,341433.2835421319,0,1.1999999999999997,2.4499999999999993,0.14307065401496447,FORCE_BUY,0.15,0.175
2019-07-03,342798.6495190629,0.0,1,0.4999999999999998,-0.5,0.13319002084306275,FORCE_BUY,0.15,0.175
2019-07-05,343051.9058448111,0.0,1,0.8499999999999996,1.4999999999999996,0.15826509038965433,FREE,0.15,0.175
2019-07-08,341141.8429089341,0.0,1,1.5499999999999994,-0.5,0.17550099557183682,FORCE_SELL,0.15,0.175
2019-07-09,341832.22710262454,0.0,1,1.4499999999999995,1.0499999999999996,0.14918772358621232,FORCE_BUY,0.15,0.175
2019-07-10,341056.29613114067,341056.29613114067,0,0.8499999999999996,1.7999999999999994,0.1625559052345307,FREE,0.15,0.175
2019-07-11,341044.90822850185,0.0,1,0.9499999999999997,1.9999999999999996,0.14561783055633984,FORCE_BUY,0.15,0.175
2019-07-12,342138.1468818321,0.0,1,1.2999999999999996,1.7999999999999994,0.12985751861025302,FORCE_BUY,0.15,0.175
2019-07-15,342684.7662084973,0.0,1,1.2999999999999996,1.7999999999999994,0.13906387198008519,FORCE_BUY,0.15,0.175
2019-07-16,341227.1146707235,0.0,1,0.7999999999999998,-0.5,0.17543721105167706,FORCE_SELL,0.15,0.175
2019-07-17,338426.0049624264,0.0,1,1.2499999999999996,1.6999999999999993,0.1994740022178596,FREE,0.17,0.205
2019-07-18,340657.66048080055,0.0,1,1.1499999999999997,0.9499999999999997,0.1582954246108799,FREE,0.15,0.175
2019-07-19,340839.83644148416,340839.83644148416,0,1.0999999999999996,1.0999999999999996,0.20279119779427435,FORCE_SELL,0.15,0.175
2019-07-22,340839.83644148416,340839.83644148416,0,1.0999999999999996,1.0999999999999996,0.15946479656577617,FREE,0.15,0.175
2019-07-23,342358.79161661875,0.0,1,0.8999999999999997,1.2999999999999996,0.14274793917200815,FORCE_BUY,0.15,0.175
2019-07-24,344140.42325061123,0.0,1,0.8999999999999997,1.4999999999999996,0.14223662633207404,FORCE_BUY,0.15,0.175
2019-07-25,342827.04095632193,0.0,1,-0.5,1.1999999999999997,0.1715073650572734,FREE,0.15,0.175
2019-07-26,344163.26468181633,0.0,1,0.6499999999999997,1.2999999999999996,0.13697373695251266,FORCE_BUY,0.15,0.175
2019-07-29,344688.617599532,0.0,1,0.6499999999999997,1.2999999999999996,0.15692289796687714,FREE,0.15,0.175
2019-07-30,344060.9589970855,0.0,1,-0.5,0.5999999999999996,0.15662989810488037,FREE,0.15,0.175
2019-07-31,344369.67741431727,344369.67741431727,0,2.349999999999999,-0.5,0.2512888485129668,FORCE_SELL,0.15,0.175
2019-08-01,344369.67741431727,344369.67741431727,0,1.8999999999999995,1.4999999999999996,0.27764590116335813,FORCE_SELL,0.15,0.175
2019-08-02,344646.14727131935,0.0,1,1.7499999999999996,0.6999999999999997,0.17213007056151675,FREE,0.15,0.175
2019-08-05,326987.37044748425,0.0,1,1.7499999999999996,0.6999999999999997,0.27011466374382076,FORCE_SELL,0.15,0.175
2019-08-06,336257.93416312855,336257.93416312855,0,2.3999999999999995,2.4499999999999993,0.24065525082523434,FORCE_SELL,0.15,0.175
2019-08-07,336257.93416312855,336257.93416312855,0,2.1999999999999993,2.499999999999999,0.28037363951332317,FORCE_SELL,0.145,0.175
2019-08-08,336257.93416312855,336257.93416312855,0,2.1999999999999993,2.499999999999999,0.2537249735947345,FORCE_SELL,0.145,0.175
2019-08-09,336257.93416312855,336257.93416312855,0,1.2499999999999996,1.7499999999999996,0.24654004461115378,FORCE_SELL,0.145,0.175
2019-08-12,336257.93416312855,336257.93416312855,0,2.2999999999999994,-0.5,0.2786139118707966,FORCE_SELL,0.145,0.175
2019-08-13,337454.3311662205,337454.3311662205,0,2.349999999999999,-0.5,0.17016735872266575,FREE,0.145,0.175
2019-08-14,337454.3311662205,337454.3311662205,0,2.1499999999999995,-0.5,0.19265561448991253,FORCE_SELL,0.145,0.175
2019-08-15,338510.35913646646,0.0,1,2.499999999999999,-0.5,0.1530415971708258,FREE,0.145,0.175
2019-08-16,340574.59866854374,340574.59866854374,0,1.5499999999999994,-0.5,0.15567397732135843,FREE,0.145,0.175
2019-08-19,341031.03885232634,341031.03885232634,0,1.5499999999999994,-0.5,0.15123837394837347,FREE,0.145,0.175
2019-08-20,340180.5873838666,340180.5873838666,0,2.0499999999999994,-0.5,0.1688721669216422,FREE,0.145,0.175
2019-08-21,340180.5873838666,340180.5873838666,0,1.7499999999999996,2.0999999999999996,0.13553689960758145,FORCE_BUY,0.175,0.195
2019-08-22,342053.69957264146,0.0,1,0.8999999999999997,-0.5,0.14754131275733418,FORCE_BUY,0.175,0.195
2019-08-23,343247.8085929854,343247.8085929854,0,0.9999999999999996,-0.5,0.2059666917830434,FORCE_SELL,0.145,0.175
2019-08-26,344228.8584467542,0.0,1,0.9999999999999996,-0.5,0.12933924370078634,FORCE_BUY,0.145,0.175
2019-08-27,344007.26629727345,344007.26629727345,0,2.0999999999999996,0.9999999999999996,0.16200571895141833,FREE,0.145,0.175
2019-08-28,346420.7204168459,0.0,1,2.3999999999999995,1.4499999999999995,0.13176049973302348,FORCE_BUY,0.145,0.175
2019-08-29,351163.57801501075,0.0,1,-0.5,1.9499999999999993,0.13024073076342818,FORCE_BUY,0.145,0.175
2019-08-30,350971.46226419904,0.0,1,0.8999999999999997,2.1999999999999993,0.13660285840203426,FORCE_BUY,0.145,0.175
2019-09-03,348762.131129864,0.0,1,0.8999999999999997,2.1999999999999993,0.12933294954456329,FORCE_BUY,0.145,0.175
2019-09-04,353012.6921165738,0.0,1,0.8999999999999997,2.1999999999999993,0.1230097817981685,FORCE_BUY,0.145,0.175
2019-09-05,357695.51354260993,0.0,1,0.9499999999999997,-0.5,0.1439947167660717,FORCE_BUY,0.145,0.175
2019-09-06,358536.01995241136,0.0,1,-0.5,-0.5,0.14099113523213902,FORCE_BUY,0.145,0.175
2019-09-09,358355.9114360253,0.0,1,1.1999999999999997,-0.5,0.1336010169023825,FORCE_BUY,0.145,0.175
2019-09-10,357731.5352458872,0.0,1,1.4499999999999995,-0.5,0.12304379216020016,FORCE_BUY,0.145,0.175
2019-09-11,362678.5158292895,0.0,1,1.3999999999999995,-0.5,0.12280008131125135,FORCE_BUY,0.145,0.175
2019-09-12,362318.2987965175,0.0,1,0.44999999999999973,-0.5,0.14076172977969464,FORCE_BUY,0.145,0.175
2019-09-13,361501.9617107735,0.0,1,0.8999999999999997,-0.5,0.1511177739469876,FREE,0.145,0.175
2019-09-16,360781.599116863,0.0,1,-0.5,1.7499999999999996,0.14955336498557856,FORCE_BUY,0.175,0.195
2019-09-17,361165.7925002819,0.0,1,0.8499999999999996,1.6999999999999993,0.12493994090042959,FORCE_BUY,0.175,0.195
2019-09-18,361165.7925002819,0.0,1,1.0499999999999996,-0.5,0.14027241041169303,FORCE_BUY,0.175,0.195
2019-09-19,361658.04027278745,0.0,1,1.3499999999999996,-0.5,0.15614801803070757,FORCE_BUY,0.175,0.195
2019-09-20,359727.24353293004,0.0,1,1.1499999999999997,1.2999999999999996,0.18121998585813306,FREE,0.175,0.195
2019-09-23,362607.3849566277,0.0,1,1.0499999999999996,1.2499999999999996,0.15039105389521992,FORCE_BUY,0.175,0.195
2019-09-24,357791.0140043938,357791.0140043938,0,1.5999999999999996,2.0499999999999994,0.21970398881236552,FORCE_SELL,0.175,0.195
2019-09-25,360835.26975066843,0.0,1,1.5999999999999996,2.0499999999999994,0.16924175128728544,FORCE_BUY,0.175,0.195
2019-09-26,360022.6596510652,0.0,1,1.5999999999999996,2.0499999999999994,0.15373529798554808,FORCE_BUY,0.175,0.195
2019-09-27,358797.68024718575,0.0,1,2.499999999999999,-0.5,0.1954877611630199,FORCE_SELL,0.175,0.195
2019-09-30,360677.5991343275,0.0,1,2.499999999999999,-0.5,0.15386695673429054,FORCE_BUY,0.175,0.195
2019-10-01,361223.3820370461,361223.3820370461,0,1.8999999999999995,-0.5,0.22949669619493318,FORCE_SELL,0.175,0.195
2019-10-02,361223.3820370461,361223.3820370461,0,2.2999999999999994,-0.5,0.2610339494433384,FORCE_SELL,0.175,0.195
2019-10-03,361223.3820370461,361223.3820370461,0,2.1999999999999993,1.1499999999999997,0.23344358862651657,FORCE_SELL,0.175,0.195
2019-10-04,361223.3820370461,361223.3820370461,0,2.0999999999999996,2.499999999999999,0.24743684657749618,FORCE_SELL,0.175,0.235
2019-10-07,361223.3820370461,361223.3820370461,0,0.5999999999999996,-0.5,0.27884638162983405,FORCE_SELL,0.175,0.235
2019-10-08,361223.3820370461,361223.3820370461,0,1.9999999999999996,-0.5,0.3036084078054487,FORCE_SELL,0.175,0.235
2019-10-09,361223.3820370461,361223.3820370461,0,1.1499999999999997,2.4499999999999993,0.24874077480922083,FORCE_SELL,0.175,0.235
2019-10-10,361223.3820370461,361223.3820370461,0,1.2999999999999996,2.499999999999999,0.25280371043190425,FORCE_SELL,0.175,0.195
2019-10-11,361223.3820370461,361223.3820370461,0,1.5999999999999996,2.4499999999999993,0.17939333399745128,FREE,0.175,0.195
2019-10-14,361223.3820370461,361223.3820370461,0,-0.5,-0.5,0.15490164552222008,FORCE_BUY,0.175,0.195
2019-10-15,363473.1994183494,0.0,1,1.0499999999999996,-0.5,0.14139513521584146,FORCE_BUY,0.175,0.195
2019-10-16,362707.0453912029,0.0,1,1.0499999999999996,-0.5,0.1466289170707906,FORCE_BUY,0.175,0.195
2019-10-17,363813.7123193035,0.0,1,0.6999999999999997,-0.5,0.13870431451334866,FORCE_BUY,0.175,0.195
2019-10-18,362427.33836541924,0.0,1,1.0999999999999996,-0.5,0.15197248234854965,FORCE_BUY,0.175,0.195
2019-10-21,364883.89572230185,0.0,1,1.0999999999999996,-0.5,0.12649937738589162,FORCE_BUY,0.175,0.195
2019-10-22,363120.5253423613,0.0,1,0.8999999999999997,1.4499999999999995,0.15640651930654179,FORCE_BUY,0.175,0.195
2019-10-23,365078.474522847,0.0,1,1.0999999999999996,1.7999999999999994,0.12236016123203526,FORCE_BUY,0.175,0.195
2019-10-24,364506.8992962456,0.0,1,0.7499999999999998,1.7999999999999994,0.13211728689891425,FORCE_BUY,0.175,0.195
2019-10-25,367085.06840346893,0.0,1,-0.5,1.7499999999999996,0.13392128998477235,FORCE_BUY,0.175,0.195
2019-10-28,369091.6622840908,0.0,1,-0.5,1.7499999999999996,0.12947663552675673,FORCE_BUY,0.175,0.195
2019-10-29,368714.66585803457,0.0,1,-0.5,-0.5,0.14071161161075907,FORCE_BUY,0.175,0.195
2019-10-30,370307.779787498,0.0,1,-0.5,-0.5,0.1334312557597449,FORCE_BUY,0.175,0.195
2019-10-31,368726.82703306864,0.0,1,1.2499999999999996,-0.5,0.15277313375550083,FORCE_BUY,0.175,0.195
2019-11-01,372217.08426784736,0.0,1,1.3499999999999996,2.499999999999999,0.11935255633051421,FORCE_BUY,0.175,0.195
2019-11-04,374053.42169799225,0.0,1,1.3499999999999996,2.499999999999999,0.13608431962174233,FORCE_BUY,0.175,0.195
2019-11-05,372825.14301955095,0.0,1,1.2999999999999996,-0.5,0.15491794246955748,FORCE_BUY,0.175,0.195
2019-11-06,373566.9746966294,0.0,1,0.6999999999999997,0.44999999999999973,0.13166935921233439,FORCE_BUY,0.175,0.195
2019-11-07,374710.12514983217,0.0,1,-0.5,-0.5,0.15819111316356746,FORCE_BUY,0.175,0.195
2019-11-08,375889.75912813714,0.0,1,-0.5,0.44999999999999973,0.13428076073771006,FORCE_BUY,0.175,0.195
2019-11-11,375074.96040085435,0.0,1,-0.5,0.44999999999999973,0.12969845522458281,FORCE_BUY,0.175,0.195
2019-11-12,375050.63805078616,0.0,1,0.9499999999999997,0.44999999999999973,0.1518451661849439,FORCE_BUY,0.175,0.195
2019-11-13,375889.75912813714,0.0,1,1.5499999999999994,1.6499999999999995,0.14656182731084777,FORCE_BUY,0.175,0.195
2019-11-14,377750.4189083502,0.0,1,1.5499999999999994,2.2499999999999996,0.132077156710646,FORCE_BUY,0.175,0.195
2019-11-15,379039.50346196187,0.0,1,1.5499999999999994,2.2499999999999996,0.12424536415070343,FORCE_BUY,0.175,0.195
2019-11-18,379075.98698706407,0.0,1,1.5499999999999994,2.2499999999999996,0.12585886037398283,FORCE_BUY,0.175,0.195
2019-11-19,378674.6682109397,0.0,1,1.4499999999999995,-0.5,0.14360422736227876,FORCE_BUY,0.175,0.195
2019-11-20,376364.044954466,0.0,1,1.5999999999999996,-0.5,0.17309649778240757,FORCE_BUY,0.175,0.195
2019-11-21,377689.61303317983,0.0,1,0.9499999999999997,-0.5,0.15634057721196656,FORCE_BUY,0.175,0.195
2019-11-22,378394.961185156,0.0,1,1.2499999999999996,1.1499999999999997,0.13986820743736314,FORCE_BUY,0.175,0.195
2019-11-25,381471.7384687763,0.0,1,1.2499999999999996,1.1499999999999997,0.12481670634540515,FORCE_BUY,0.175,0.195
2019-11-26,382371.66542129766,0.0,1,1.2499999999999996,1.1499999999999997,0.12763234768662754,FORCE_BUY,0.175,0.235
2019-11-27,382493.2771716383,0.0,1,0.6999999999999997,1.5999999999999996,0.11912276838569706,FORCE_BUY,0.175,0.235
2019-11-29,382590.566571911,0.0,1,0.6999999999999997,1.5999999999999996,0.16424635305749144,FORCE_BUY,0.175,0.235
2019-12-02,380256.5965638351,0.0,1,1.1499999999999997,-0.5,0.2318391514267252,FREE,0.175,0.235
2019-12-03,377195.12601798185,0.0,1,1.3999999999999995,1.3999999999999995,0.1574178913134703,FORCE_BUY,0.175,0.23
2019-12-04,379549.1651229607,0.0,1,1.5499999999999994,1.9999999999999996,0.16128711777680813,FORCE_BUY,0.175,0.23
2019-12-05,381098.1960365996,0.0,1,1.5499999999999994,1.9999999999999996,0.14099774271003432,FORCE_BUY,0.175,0.23
2019-12-06,384220.65205149376,0.0,1,-0.5,1.1499999999999997,0.15003886786645526,FORCE_BUY,0.175,0.23
2019-12-09,383060.3150525959,0.0,1,0.9499999999999997,-0.5,0.1875239213301969,FREE,0.175,0.23
2019-12-10,382864.9072719219,0.0,1,1.0999999999999996,-0.5,0.16059686654614383,FORCE_BUY,0.175,0.23
2019-12-11,384281.6136818087,0.0,1,-0.5,0.7999999999999998,0.13439028884585094,FORCE_BUY,0.175,0.23
2019-12-12,388873.69652764895,0.0,1,-0.5,-0.5,0.17159114057027716,FORCE_BUY,0.175,0.23
2019-12-13,387456.99011776206,0.0,1,1.3999999999999995,1.1499999999999997,0.1636529481412859,FORCE_BUY,0.175,0.255
2019-12-16,390009.5042528168,0.0,1,1.3999999999999995,1.1499999999999997,0.15231682501828417,FORCE_BUY,0.175,0.255
2019-12-17,390058.3561979853,0.0,1,1.0499999999999996,0.7499999999999998,0.1545024577787478,FORCE_BUY,0.175,0.255
2019-12-18,390742.2834303445,0.0,1,-0.5,0.7999999999999998,0.15494085546483796,FORCE_BUY,0.175,0.255
2019-12-19,392207.8417853998,0.0,1,0.8999999999999997,1.7999999999999994,0.12359093461017838,FORCE_BUY,0.175,0.255
2019-12-20,392403.24956607394,0.0,1,1.2499999999999996,1.9499999999999993,0.15360944760978415,FORCE_BUY,0.155,0.18
2019-12-23,392464.3144975346,0.0,1,1.2499999999999996,1.9499999999999993,0.14746193167661226,FORCE_BUY,0.155,0.18
2019-12-24,392329.97164832114,0.0,1,1.4999999999999996,-0.5,0.13675764482449207,FORCE_BUY,0.155,0.18
2019-12-26,394955.76370112866,0.0,1,1.4999999999999996,-0.5,0.12528393913851246,FORCE_BUY,0.155,0.18
2019-12-27,394435.33131265995,0.0,1,1.4999999999999996,-0.5,0.15643128262235384,FREE,0.155,0.18
2019-12-30,395279.52740622906,395279.52740622906,0,1.2499999999999996,-0.5,0.1915540996807383,FORCE_SELL,0.155,0.18
2019-12-31,397362.8006592588,0.0,1,0.8499999999999996,-0.5,0.14734744268271532,FORCE_BUY,0.155,0.18
2020-01-02,400802.0505858582,0.0,1,0.8499999999999996,-0.5,0.1409150798009637,FORCE_BUY,0.155,0.18
2020-01-03,395402.79801291716,395402.79801291716,0,-0.5,0.7499999999999998,0.18007496216823507,FORCE_SELL,0.155,0.18
2020-01-06,400404.82109096873,0.0,1,-0.5,0.7499999999999998,0.17274588555223816,FREE,0.155,0.255
2020-01-07,395274.48720679595,0.0,1,1.0499999999999996,0.5499999999999998,0.16409414961572488,FREE,0.155,0.255
2020-01-08,400254.69487229775,400254.69487229775,0,1.0499999999999996,1.5499999999999994,0.17896084058500814,FREE,0.155,0.255
2020-01-09,400254.69487229775,400254.69487229775,0,1.0499999999999996,1.5499999999999994,0.12776624446598292,FORCE_BUY,0.155,0.255
2020-01-10,399236.9838875721,0.0,1,1.2999999999999996,0.6999999999999997,0.17259588759325686,FREE,0.155,0.255
2020-01-13,402854.1494356935,0.0,1,0.8999999999999997,1.9499999999999993,0.13883280844615273,FORCE_BUY,0.155,0.255
2020-01-14,402996.76562010415,0.0,1,1.2999999999999996,1.3499999999999996,0.1671871158091683,FREE,0.155,0.255
2020-01-15,404757.867520409,0.0,1,1.4499999999999995,1.1499999999999997,0.1533190759665889,FORCE_BUY,0.155,0.255
2020-01-16,407799.7708027536,0.0,1,1.2499999999999996,2.1999999999999993,0.12717128942404862,FORCE_BUY,0.155,0.255
2020-01-17,408378.5945042525,0.0,1,1.3999999999999995,2.4499999999999993,0.12785531706035694,FORCE_BUY,0.155,0.255
2020-01-21,408255.4405252101,0.0,1,1.3999999999999995,2.4499999999999993,0.1418699588696152,FORCE_BUY,0.155,0.255
2020-01-22,407639.67062999867,0.0,1,-0.5,0.5999999999999996,0.16099333416559047,FREE,0.155,0.255
2020-01-23,408834.26422670897,0.0,1,1.3499999999999996,2.1499999999999995,0.14912426513378682,FORCE_BUY,0.155,0.255
2020-01-24,404265.25160423975,0.0,1,1.3499999999999996,-0.5,0.22265562582492748,FREE,0.155,0.255
2020-01-27,399770.66857523605,0.0,1,2.1499999999999995,1.7999999999999994,0.16057358448078088,FREE,0.155,0.255
2020-01-28,403312.7216093523,0.0,1,2.1499999999999995,2.1499999999999995,0.1720197456929844,FREE,0.155,0.255
2020-01-29,402485.8311797851,0.0,1,2.1499999999999995,2.1499999999999995,0.17508858277722458,FREE,0.155,0.255
2020-01-30,400943.1251544731,400943.1251544731,0,1.3499999999999996,1.5499999999999994,0.16135756679150356,FREE,0.155,0.255
2020-01-31,395272.2679757247,0.0,1,1.6999999999999993,1.6999999999999993,0.2228252715581648,FREE,0.155,0.255
2020-02-03,398133.80093947623,0.0,1,1.6999999999999993,1.6999999999999993,0.17283667541975367,FREE,0.155,0.185
2020-02-04,403635.80423458654,0.0,1,1.3499999999999996,1.9499999999999993,0.151926485906904,FORCE_BUY,0.155,0.185
2020-02-05,409002.71369879006,0.0,1,1.1499999999999997,1.9499999999999993,0.13280616180291507,FORCE_BUY,0.155,0.185
2020-02-06,409739.5891400995,0.0,1,0.8499999999999996,0.9499999999999997,0.12762474500189266,FORCE_BUY,0.155,0.185
2020-02-07,408170.1977511371,0.0,1,1.7499999999999996,0.8999999999999997,0.165379689435147,FREE,0.155,0.185
2020-02-10,412415.8175721737,0.0,1,1.3499999999999996,2.2999999999999994,0.13841847269935217,FORCE_BUY,0.155,0.185
2020-02-11,412686.5527491674,0.0,1,1.3499999999999996,1.9999999999999996,0.1532052087989267,FORCE_BUY,0.155,0.185
2020-02-12,414015.6163453179,0.0,1,1.3499999999999996,1.7999999999999994,0.11978249813943247,FORCE_BUY,0.155,0.185
2020-02-13,415172.3939197453,0.0,1,1.3499999999999996,1.7999999999999994,0.13799900224683292,FORCE_BUY,0.155,0.185
2020-02-14,415701.5581293238,0.0,1,1.2499999999999996,2.499999999999999,0.12004905113419213,FORCE_BUY,0.155,0.185
2020-02-18,415024.7201868397,0.0,1,1.4999999999999996,1.4499999999999995,0.14286597046410088,FORCE_BUY,0.155,0.185
2020-02-19,417449.03063537367,0.0,1,1.4999999999999996,1.5499999999999994,0.13165743571351415,FORCE_BUY,0.155,0.185
2020-02-20,414633.2369566425,414633.2369566425,0,1.6499999999999995,-0.5,0.16808740472262826,FREE,0.155,0.185
2020-02-21,413350.17948066595,0.0,1,1.6999999999999993,-0.5,0.16660862082351002,FREE,0.155,0.185
2020-02-24,402375.2932200039,402375.2932200039,0,-0.5,-0.5,0.28787035916590414,FORCE_SELL,0.155,0.185
2020-02-25,402375.2932200039,402375.2932200039,0,2.2499999999999996,-0.5,0.26900457341217626,FORCE_SELL,0.155,0.185
2020-02-26,402375.2932200039,402375.2932200039,0,2.349999999999999,-0.5,0.21431172248920402,FORCE_SELL,0.155,0.185
2020-02-27,402375.2932200039,402375.2932200039,0,2.2499999999999996,0.9999999999999996,0.24008485974406635,FORCE_SELL,0.155,0.215
2020-02-28,409452.8687843255,409452.8687843255,0,-0.5,-0.5,0.18303252605456702,FREE,0.155,0.215
2020-03-02,409452.8687843255,409452.8687843255,0,2.2999999999999994,-0.5,0.22096676644609234,FORCE_SELL,0.185,0.215
2020-03-03,419917.66731454426,419917.66731454426,0,0.5999999999999996,-0.5,0.2102509950323419,FREE,0.185,0.225
2020-03-04,419917.66731454426,419917.66731454426,0,-0.5,-0.5,0.1718157374876711,FORCE_BUY,0.185,0.225
2020-03-05,419917.66731454426,419917.66731454426,0,-0.5,-0.5,0.1709526097627613,FORCE_BUY,0.185,0.225
2020-03-06,414295.58509381267,0.0,1,2.349999999999999,-0.5,0.15462003566078067,FORCE_BUY,0.185,0.225
2020-03-09,392914.8484688359,0.0,1,2.349999999999999,-0.5,0.19424621822237886,FREE,0.185,0.225
2020-03-10,396869.24674564204,396869.24674564204,0,-0.5,-0.5,0.20562127825808893,FREE,0.185,0.225
2020-03-11,391494.9459181421,0.0,1,-0.5,-0.5,0.161028107988778,FORCE_BUY,0.185,0.225
2020-03-12,375643.6171476705,375643.6171476705,0,-0.5,-0.5,0.2279974777998602,FORCE_SELL,0.155,0.225
2020-03-13,375643.6171476705,375643.6171476705,0,-0.5,-0.5,0.2923620278662858,FORCE_SELL,0.155,0.225
2020-03-16,375643.6171476705,375643.6171476705,0,-0.5,-0.5,0.25056624294423163,FORCE_SELL,0.155,0.225
2020-03-17,375643.6171476705,375643.6171476705,0,-0.5,-0.5,0.26815076059031506,FORCE_SELL,0.155,0.225
2020-03-18,375643.6171476705,375643.6171476705,0,-0.5,-0.5,0.29178405166847105,FORCE_SELL,0.155,0.225
2020-03-19,375643.6171476705,375643.6171476705,0,-0.5,-0.5,0.3227941894616604,FORCE_SELL,0.155,0.225
2020-03-20,375643.6171476705,375643.6171476705,0,-0.5,-0.5,0.2680378846762523,FORCE_SELL,0.155,0.225
2020-03-23,401596.16428305215,0.0,1,-0.5,-0.5,0.204100415338239,FREE,0.155,0.225
2020-03-24,414163.26418780664,414163.26418780664,0,-0.5,-0.5,0.3286252949907034,FORCE_SELL,0.155,0.225
2020-03-25,414163.26418780664,414163.26418780664,0,-0.5,-0.5,0.28972567702929325,FORCE_SELL,0.155,0.225
2020-03-26,414163.26418780664,414163.26418780664,0,-0.5,-0.5,0.2601814392589311,FORCE_SELL,0.155,0.225
2020-03-27,418202.6916760423,0.0,1,-0.5,-0.5,0.22140541246369402,FREE,0.155,0.225
2020-03-30,424135.55911415705,0.0,1,-0.5,-0.5,0.19349539031916255,FREE,0.155,0.225
2020-03-31,411796.71682633256,0.0,1,-0.5,-0.5,0.19341437350379687,FORCE_BUY,0.195,0.225
2020-04-01,405238.67072847305,405238.67072847305,0,-0.5,-0.5,0.24712533291346625,FORCE_SELL,0.195,0.225
2020-04-02,402246.33055933646,0.0,1,-0.5,-0.5,0.21131049666595822,FREE,0.195,0.225
2020-04-03,399867.5303838272,0.0,1,-0.5,-0.5,0.19957165717436195,FREE,0.195,0.225
2020-04-06,415867.39284513553,415867.39284513553,0,-0.5,-0.5,0.2598242639631618,FORCE_SELL,0.195,0.225
2020-04-07,415867.39284513553,415867.39284513553,0,2.2499999999999996,-0.5,0.23946877578426876,FORCE_SELL,0.195,0.225
2020-04-08,417335.10441337194,417335.10441337194,0,-0.5,-0.5,0.21626396764651723,FREE,0.195,0.225
2020-04-09,423214.3372830992,423214.3372830992,0,-0.5,-0.5,0.2044061322617445,FREE,0.195,0.225
2020-04-13,427425.6554561731,0.0,1,-0.5,-0.5,0.1768975210103917,FORCE_BUY,0.195,0.225
2020-04-14,430881.096008439,430881.096008439,0,-0.5,-0.5,0.20204183630865014,FREE,0.195,0.225
2020-04-15,432974.523364172,0.0,1,-0.5,2.3999999999999995,0.22086317885257153,FREE,0.195,0.225
2020-04-16,451505.8957823702,0.0,1,2.0999999999999996,2.4499999999999993,0.16873879570573821,FORCE_BUY,0.195,0.225
2020-04-17,450186.71333904087,0.0,1,-0.5,2.2499999999999996,0.18221270574099516,FORCE_BUY,0.195,0.225
2020-04-20,453704.53318791906,453704.53318791906,0,-0.5,2.2499999999999996,0.2172329689785197,FREE,0.195,0.225
2020-04-21,451448.50366480893,0.0,1,-0.5,-0.5,0.20569985134166582,FREE,0.195,0.225
2020-04-22,457001.92102808546,0.0,1,-0.5,2.4499999999999993,0.2197629630343071,FREE,0.195,0.225
2020-04-23,457889.1438839373,457889.1438839373,0,-0.5,2.499999999999999,0.24852196481738908,FORCE_SELL,0.195,0.225
2020-04-24,459997.04837187624,459997.04837187624,0,-0.5,-0.5,0.20382882851638892,FREE,0.195,0.225
2020-04-27,460903.87750997255,460903.87750997255,0,-0.5,-0.5,0.2112443248326157,FREE,0.195,0.225
2020-04-28,460903.87750997255,460903.87750997255,0,-0.5,-0.5,0.26106112147997895,FORCE_SELL,0.195,0.225
2020-04-29,460903.87750997255,460903.87750997255,0,-0.5,-0.5,0.2287267440139543,FORCE_SELL,0.195,0.225
2020-04-30,460903.87750997255,460903.87750997255,0,-0.5,-0.5,0.23002961983633965,FORCE_SELL,0.195,0.225
2020-05-01,460903.87750997255,460903.87750997255,0,-0.5,-0.5,0.2744404247134589,FORCE_SELL,0.195,0.225
2020-05-04,466373.1141895727,466373.1141895727,0,-0.5,1.2499999999999996,0.20650348538880717,FREE,0.195,0.225
2020-05-05,466373.1141895727,466373.1141895727,0,-0.5,1.7999999999999994,0.2553007500262494,FORCE_SELL,0.195,0.225
2020-05-06,466373.1141895727,466373.1141895727,0,-0.5,1.0999999999999996,0.2584537292712661,FORCE_SELL,0.195,0.225
2020-05-07,466373.1141895727,466373.1141895727,0,-0.5,1.6499999999999995,0.26110797155785764,FORCE_SELL,0.195,0.225
2020-05-08,469846.2773191452,469846.2773191452,0,-0.5,1.6499999999999995,0.20756146864170363,FREE,0.195,0.225
2020-05-11,469846.2773191452,469846.2773191452,0,-0.5,1.6499999999999995,0.2254455391535112,FORCE_SELL,0.195,0.225
2020-05-12,469846.2773191452,469846.2773191452,0,2.499999999999999,-0.5,0.3094019108559864,FORCE_SELL,0.195,0.225
2020-05-13,469846.2773191452,469846.2773191452,0,-0.5,-0.5,0.2838939891178797,FORCE_SELL,0.195,0.225
2020-05-14,469846.2773191452,469846.2773191452,0,-0.5,2.349999999999999,0.283761233186068,FORCE_SELL,0.195,0.225
2020-05-15,469846.2773191452,469846.2773191452,0,-0.5,1.8999999999999995,0.2354391991610172,FORCE_SELL,0.195,0.225
2020-05-18,469846.2773191452,469846.2773191452,0,-0.5,1.8999999999999995,0.27952309391405405,FORCE_SELL,0.195,0.225
2020-05-19,469846.2773191452,469846.2773191452,0,-0.5,-0.5,0.29539226183230355,FORCE_SELL,0.195,0.225
2020-05-20,469912.29269025044,0.0,1,1.1499999999999997,-0.5,0.14073324072290314,FORCE_BUY,0.195,0.225
2020-05-21,467600.963150353,0.0,1,1.5999999999999996,-0.5,0.1634100323245344,FORCE_BUY,0.195,0.225
2020-05-22,467965.0767080081,0.0,1,-0.5,-0.5,0.12482899899272727,FORCE_BUY,0.195,0.225
2020-05-26,473965.03489719395,0.0,1,1.7499999999999996,1.6999999999999993,0.16581440259620436,FORCE_BUY,0.195,0.225
2020-05-27,482118.0123838187,0.0,1,2.0499999999999994,-0.5,0.14084177063351166,FORCE_BUY,0.195,0.225
2020-05-28,479458.400310512,0.0,1,1.5499999999999994,-0.5,0.16489207447123364,FORCE_BUY,0.195,0.225
2020-05-29,484587.65216617484,0.0,1,-0.5,1.2499999999999996,0.13785326321734828,FORCE_BUY,0.195,0.225
2020-06-01,481563.9265352131,0.0,1,1.7999999999999994,2.3999999999999995,0.12636147131219946,FORCE_BUY,0.195,0.225
2020-06-02,489004.50793077337,0.0,1,1.5999999999999996,2.0999999999999996,0.1119849887649446,FORCE_BUY,0.195,0.225
2020-06-03,494956.97304722166,0.0,1,1.7999999999999994,2.1999999999999993,0.12918864785668777,FORCE_BUY,0.195,0.225
2020-06-04,492661.4745315701,0.0,1,1.6499999999999995,1.4499999999999995,0.13943504253403363,FORCE_BUY,0.195,0.225
2020-06-05,505247.1388070391,0.0,1,1.5999999999999996,2.4499999999999993,0.15076959641052792,FORCE_BUY,0.195,0.225
2020-06-08,510724.6731961113,0.0,1,1.5999999999999996,2.4499999999999993,0.1245290653778255,FORCE_BUY,0.195,0.225
2020-06-09,509632.33252314606,0.0,1,-0.5,1.0499999999999996,0.16028301001091882,FORCE_BUY,0.195,0.225
2020-06-10,501463.5240122755,0.0,1,-0.5,2.349999999999999,0.1770361273643871,FORCE_BUY,0.195,0.225
2020-06-11,495796.017332253,495796.017332253,0,-0.5,2.2999999999999994,0.2472980155422002,FORCE_SELL,0.195,0.225
2020-06-12,501454.43331498286,501454.43331498286,0,-0.5,-0.5,0.2176801875754992,FREE,0.195,0.225
2020-06-15,519377.1718944435,519377.1718944435,0,-0.5,-0.5,0.20224165847650108,FREE,0.195,0.225
2020-06-16,522741.6393517978,0.0,1,-0.5,-0.5,0.1886339805411924,FORCE_BUY,0.195,0.225
2020-06-17,517078.8408823628,0.0,1,1.9999999999999996,1.6499999999999995,0.1720193877692957,FORCE_BUY,0.195,0.225
2020-06-18,521209.3076385473,0.0,1,2.0999999999999996,1.7499999999999996,0.133473140368189,FORCE_BUY,0.195,0.225
2020-06-19,509833.4102456119,0.0,1,-0.5,1.3999999999999995,0.18493024250074364,FORCE_BUY,0.195,0.225
2020-06-22,520209.79431124125,0.0,1,-0.5,1.3999999999999995,0.1377391843464708,FORCE_BUY,0.195,0.225
2020-06-23,518327.85778645676,0.0,1,2.0999999999999996,2.1499999999999995,0.1696103438831579,FORCE_BUY,0.195,0.225
2020-06-24,506019.2367419776,0.0,1,2.2499999999999996,-0.5,0.18967851312566866,FORCE_BUY,0.195,0.225
2020-06-25,511948.69424107723,0.0,1,-0.5,-0.5,0.13979221886344442,FORCE_BUY,0.195,0.225
2020-06-26,499923.2214479595,0.0,1,-0.5,-0.5,0.17541652797938148,FORCE_BUY,0.195,0.225
2020-06-29,508784.0961376252,0.0,1,-0.5,-0.5,0.1377552424138205,FORCE_BUY,0.155,0.225
2020-06-30,513464.3701748357,0.0,1,-0.5,2.499999999999999,0.1566236697955001,FORCE_BUY,0.195,0.225
2020-07-01,516878.8049706656,0.0,1,-0.5,2.499999999999999,0.14250797228809195,FORCE_BUY,0.195,0.225
2020-07-02,520992.7825051533,0.0,1,-0.5,2.349999999999999,0.16679513368209084,FORCE_BUY,0.195,0.225
2020-07-06,529204.0817946367,0.0,1,-0.5,-0.5,0.12618369912549635,FORCE_BUY,0.195,0.225
2020-07-07,523274.62429553707,0.0,1,1.9999999999999996,-0.5,0.1606653119663584,FORCE_BUY,0.195,0.225
2020-07-08,527738.3731993536,0.0,1,1.6999999999999993,-0.5,0.11937196691786517,FORCE_BUY,0.195,0.225
2020-07-09,524923.5464652305,0.0,1,1.7999999999999994,-0.5,0.1493516374663654,FORCE_BUY,0.16,0.225
2020-07-10,529820.3456358352,0.0,1,1.7499999999999996,-0.5,0.13330350740831515,FORCE_BUY,0.16,0.225
2020-07-13,525656.4007628721,0.0,1,1.7499999999999996,-0.5,0.20148826704572756,FORCE_BUY,0.22,0.285
2020-07-14,534717.1448064399,0.0,1,1.7499999999999996,-0.5,0.15810205908294964,FORCE_BUY,0.22,0.285
2020-07-15,536066.26294528,0.0,1,1.8999999999999995,-0.5,0.136847259032518,FORCE_BUY,0.22,0.285
2020-07-16,533667.8306984532,0.0,1,-0.5,-0.5,0.1185597603572141,FORCE_BUY,0.22,0.285
2020-07-17,536149.5418427392,0.0,1,-0.5,-0.5,0.12747501819955903,FORCE_BUY,0.22,0.285
2020-07-20,540313.4867157023,0.0,1,-0.5,-0.5,0.13608681822380234,FORCE_BUY,0.22,0.285
2020-07-21,542462.0822701514,0.0,1,0.5499999999999998,2.349999999999999,0.14813783327308513,FORCE_BUY,0.22,0.285
2020-07-22,543161.6250088093,0.0,1,1.6499999999999995,2.4499999999999993,0.12057102555225464,FORCE_BUY,0.22,0.285
2020-07-23,538731.1876639763,0.0,1,2.499999999999999,-0.5,0.17143402271973399,FORCE_BUY,0.22,0.285
2020-07-24,533318.0593291243,0.0,1,2.3999999999999995,-0.5,0.12722726730505748,FORCE_BUY,0.22,0.285
2020-07-27,539147.5821512727,0.0,1,2.3999999999999995,-0.5,0.11430071922479895,FORCE_BUY,0.22,0.265
2020-07-28,535982.9840478207,0.0,1,1.3999999999999995,2.349999999999999,0.15613401308402364,FORCE_BUY,0.22,0.265
2020-07-29,541546.0143980995,0.0,1,1.8999999999999995,1.5999999999999996,0.13409475038768554,FORCE_BUY,0.22,0.265
2020-07-30,544377.4969117144,0.0,1,2.499999999999999,1.9499999999999993,0.1335866550508856,FORCE_BUY,0.265,0.3
2020-07-31,543711.2657320404,0.0,1,-0.5,-0.5,0.1371510814304063,FORCE_BUY,0.265,0.3
2020-08-03,547691.9970305931,0.0,1,-0.5,-0.5,0.13197478350866063,FORCE_BUY,0.265,0.3
2020-08-04,549640.72323114,0.0,1,0.9499999999999997,2.0999999999999996,0.11003945430115687,FORCE_BUY,0.265,0.3
2020-08-05,552971.8791295105,0.0,1,1.0499999999999996,2.349999999999999,0.11102278329324744,FORCE_BUY,0.22,0.245
2020-08-06,556569.5274997507,0.0,1,1.4499999999999995,1.5999999999999996,0.12269695013382405,FORCE_BUY,0.22,0.245
2020-08-07,557185.7913409491,0.0,1,1.4499999999999995,2.2499999999999996,0.11514824318120209,FORCE_BUY,0.22,0.245
2020-08-10,558418.3190233463,0.0,1,-0.5,1.0999999999999996,0.11821643341398098,FORCE_BUY,0.22,0.245
2020-08-11,555253.7209198943,0.0,1,1.7999999999999994,2.3999999999999995,0.1958996542737381,FORCE_BUY,0.22,0.245
2020-08-12,561482.9824498473,0.0,1,1.3499999999999996,2.349999999999999,0.13901084525091176,FORCE_BUY,0.22,0.245
2020-08-13,562332.4272039317,0.0,1,1.2499999999999996,1.9999999999999996,0.14177126237318113,FORCE_BUY,0.22,0.245
2020-08-14,560633.5376957627,0.0,1,1.5499999999999994,1.9499999999999993,0.12346207787636565,FORCE_BUY,0.22,0.245
2020-08-17,564014.6609326088,0.0,1,1.5499999999999994,1.9499999999999993,0.11834565477896752,FORCE_BUY,0.22,0.245
2020-08-18,564497.6785378726,0.0,1,1.5499999999999994,1.9499999999999993,0.15378473478467447,FORCE_BUY,0.205,0.23
2020-08-19,564930.7288046607,564930.7288046607,0,1.5499999999999994,1.9499999999999993,0.19999216336375683,FREE,0.17,0.23
2020-08-20,568473.88586953,568473.88586953,0,1.5499999999999994,1.9499999999999993,0.18126842551329428,FREE,0.17,0.23
2020-08-21,574136.6498233299,0.0,1,1.1999999999999997,2.499999999999999,0.14827661558526972,FORCE_BUY,0.17,0.23
2020-08-24,580458.6609239902,0.0,1,0.9999999999999996,1.7999999999999994,0.15791469608884925,FORCE_BUY,0.17,0.23
2020-08-25,582419.4985915747,0.0,1,1.0999999999999996,1.9499999999999993,0.13363132862136087,FORCE_BUY,0.16,0.23
2020-08-26,582673.0551865209,582673.0551865209,0,1.0999999999999996,1.9499999999999993,0.16476043303377017,FREE,0.16,0.23
2020-08-27,582673.0551865209,582673.0551865209,0,1.0999999999999996,1.9499999999999993,0.18097437997805108,FREE,0.165,0.23
2020-08-28,583504.3052652508,0.0,1,1.0999999999999996,1.9499999999999993,0.13992705191940422,FORCE_BUY,0.165,0.23
2020-08-31,580295.6799613533,580295.6799613533,0,1.5499999999999994,1.4499999999999995,0.19169321285176363,FREE,0.165,0.23
2020-09-01,585829.7220795925,0.0,1,1.4999999999999996,1.6999999999999993,0.1575849855129763,FORCE_BUY,0.165,0.23
2020-09-02,588348.2083130426,588348.2083130426,0,1.3499999999999996,2.4499999999999993,0.19547924978761574,FREE,0.165,0.23
2020-09-03,588348.2083130426,588348.2083130426,0,2.3999999999999995,1.3499999999999996,0.3620321031228754,FORCE_SELL,0.165,0.23
2020-09-04,588348.2083130426,588348.2083130426,0,2.4499999999999993,2.0499999999999994,0.2791356032360784,FORCE_SELL,0.165,0.23
2020-09-08,588348.2083130426,588348.2083130426,0,-0.5,-0.5,0.2710215546807,FORCE_SELL,0.165,0.22
2020-09-09,589661.6810209895,589661.6810209895,0,-0.5,2.1499999999999995,0.21427032130442938,FREE,0.165,0.22
2020-09-10,589661.6810209895,589661.6810209895,0,2.2499999999999996,2.349999999999999,0.24857730427613034,FORCE_SELL,0.165,0.22
2020-09-11,584254.9908300256,0.0,1,2.1999999999999993,2.2499999999999996,0.19978138144948912,FREE,0.165,0.22
2020-09-14,596159.5029203033,0.0,1,2.1999999999999993,-0.5,0.1921575001860394,FREE,0.165,0.22
2020-09-15,599133.6900749198,599133.6900749198,0,2.1999999999999993,2.1499999999999995,0.17544397777165888,FREE,0.165,0.22
2020-09-16,599876.4177898888,0.0,1,1.5999999999999996,1.8499999999999996,0.205567718387203,FREE,0.165,0.22
2020-09-17,594217.5399615542,0.0,1,2.0999999999999996,-0.5,0.16353566647206677,FORCE_BUY,0.165,0.22
2020-09-18,587292.7575300682,587292.7575300682,0,2.3999999999999995,-0.5,0.18071953358668535,FREE,0.165,0.22
2020-09-21,587812.3112339934,0.0,1,2.349999999999999,-0.5,0.1338287073475757,FORCE_BUY,0.165,0.22
2020-09-22,591502.9340963586,0.0,1,2.349999999999999,-0.5,0.14328091833553402,FORCE_BUY,0.165,0.22
2020-09-23,584085.2115617363,0.0,1,2.4499999999999993,-0.5,0.19839743848929134,FREE,0.165,0.22
2020-09-24,588923.3665417349,588923.3665417349,0,2.499999999999999,2.4499999999999993,0.17493323481244705,FREE,0.165,0.22
2020-09-25,591131.9979834447,0.0,1,2.499999999999999,2.349999999999999,0.1679426178243175,FREE,0.165,0.22
2020-09-28,604303.9022243122,0.0,1,2.499999999999999,2.349999999999999,0.14107828985773843,FORCE_BUY,0.17,0.22
2020-09-29,601024.4404297323,0.0,1,2.499999999999999,2.349999999999999,0.1613187824633117,FORCE_BUY,0.17,0.22
2020-09-30,595907.0385085198,595907.0385085198,0,1.6499999999999995,-0.5,0.18657585069018964,FREE,0.17,0.22
2020-10-01,598573.1301891437,0.0,1,1.4999999999999996,-0.5,0.1590706922492293,FORCE_BUY,0.17,0.22
2020-10-02,599415.7936278782,0.0,1,1.2499999999999996,-0.5,0.18849438990248943,FREE,0.17,0.22
2020-10-05,610588.165923732,0.0,1,1.2499999999999996,-0.5,0.14311825630752106,FORCE_BUY,0.17,0.22
2020-10-06,609957.4674876758,609957.4674876758,0,1.2499999999999996,-0.5,0.20862982352090545,FREE,0.17,0.22
2020-10-07,609957.4674876758,609957.4674876758,0,1.2499999999999996,-0.5,0.16326477898137948,FORCE_BUY,0.17,0.22
2020-10-08,609957.4674876758,609957.4674876758,0,1.2499999999999996,-0.5,0.12686537860542288,FORCE_BUY,0.17,0.22
2020-10-09,611507.1472272293,0.0,1,1.2499999999999996,-0.5,0.13684098082967294,FORCE_BUY,0.17,0.22
2020-10-12,621703.3355136099,0.0,1,1.2499999999999996,-0.5,0.1648636659715112,FORCE_BUY,0.17,0.22
2020-10-13,622235.587026941,622235.587026941,0,2.4499999999999993,-0.5,0.17422899346747336,FREE,0.17,0.22
2020-10-14,620937.5436607306,620937.5436607306,0,2.1499999999999995,-0.5,0.19864745580937218,FREE,0.17,0.22
2020-10-15,625300.1025154898,0.0,1,2.499999999999999,-0.5,0.15852445023118358,FORCE_BUY,0.17,0.22
2020-10-16,621501.773043041,0.0,1,2.4499999999999993,-0.5,0.19865949837740707,FREE,0.17,0.22
2020-10-19,626240.9910922991,626240.9910922991,0,1.9499999999999993,2.0999999999999996,0.22664946415767115,FORCE_SELL,0.17,0.22
2020-10-20,631295.8572488435,631295.8572488435,0,1.7999999999999994,2.3999999999999995,0.19915830911344845,FREE,0.17,0.22
2020-10-21,636065.7338101362,0.0,1,0.8999999999999997,1.9499999999999993,0.19131994464095245,FREE,0.17,0.215
2020-10-22,643072.2585629519,0.0,1,1.3999999999999995,0.9999999999999996,0.1531295518009236,FORCE_BUY,0.17,0.195
2020-10-23,643910.8054083687,0.0,1,-0.5,1.9999999999999996,0.13402160567731997,FORCE_BUY,0.17,0.195
2020-10-26,633177.4057870341,633177.4057870341,0,-0.5,2.2499999999999996,0.19686096245656473,FORCE_SELL,0.17,0.195
2020-10-27,631441.1433494224,631441.1433494224,0,2.499999999999999,-0.5,0.18366868685256044,FREE,0.17,0.195
2020-10-28,631441.1433494224,631441.1433494224,0,2.499999999999999,-0.5,0.28863340071509347,FORCE_SELL,0.17,0.195
2020-10-29,631441.1433494224,631441.1433494224,0,2.2999999999999994,-0.5,0.23139287319796376,FORCE_SELL,0.17,0.195
2020-10-30,631441.1433494224,631441.1433494224,0,-0.5,2.2499999999999996,0.19646019799241934,FORCE_SELL,0.17,0.195
2020-11-02,635659.822293101,0.0,1,-0.5,-0.5,0.19332822553975762,FREE,0.17,0.195
2020-11-03,639359.5614844561,639359.5614844561,0,1.2999999999999996,2.3999999999999995,0.21483793760192182,FORCE_SELL,0.17,0.195
2020-11-04,639359.5614844561,639359.5614844561,0,1.2999999999999996,2.3999999999999995,0.2422592416088439,FORCE_SELL,0.17,0.195
2020-11-05,639359.5614844561,639359.5614844561,0,1.6999999999999993,-0.5,0.19747948685659458,FORCE_SELL,0.17,0.195
2020-11-06,648153.7290725581,648153.7290725581,0,0.6999999999999997,-0.5,0.18536102049236117,FREE,0.17,0.195
2020-11-09,648153.7290725581,648153.7290725581,0,0.6999999999999997,-0.5,0.25997199276087346,FORCE_SELL,0.17,0.195
2020-11-10,652264.4656913923,652264.4656913923,0,-0.5,-0.5,0.17895263182135654,FREE,0.17,0.195
2020-11-11,658450.4803562457,0.0,1,-0.5,-0.5,0.16477690899504188,FORCE_BUY,0.17,0.195
2020-11-12,656068.4030673917,656068.4030673917,0,1.7499999999999996,-0.5,0.19543143857665968,FORCE_SELL,0.17,0.195
2020-11-13,661494.7269998121,0.0,1,-0.5,-0.5,0.16507846852807576,FORCE_BUY,0.17,0.195
2020-11-16,667696.2400654353,0.0,1,-0.5,2.0999999999999996,0.14630109213262368,FORCE_BUY,0.17,0.195
2020-11-17,664207.8889660223,0.0,1,-0.5,1.5999999999999996,0.15953766850552584,FORCE_BUY,0.17,0.195
2020-11-18,665407.5864340743,665407.5864340743,0,-0.5,-0.5,0.20931601439072975,FORCE_SELL,0.17,0.195
2020-11-19,666683.7517058905,0.0,1,-0.5,1.8999999999999995,0.15025006994872936,FORCE_BUY,0.17,0.195
2020-11-20,669688.7877125958,669688.7877125958,0,-0.5,2.499999999999999,0.18602508546606522,FREE,0.17,0.195
2020-11-23,676355.9291862876,0.0,1,-0.5,2.499999999999999,0.15955426202902753,FORCE_BUY,0.17,0.195
2020-11-24,686939.2912589763,0.0,1,1.9499999999999993,2.1999999999999993,0.16003050019446605,FORCE_BUY,0.17,0.195
2020-11-25,683926.0461250779,0.0,1,-0.5,1.6499999999999995,0.13692823829739048,FORCE_BUY,0.17,0.195
2020-11-27,684811.3198813717,0.0,1,-0.5,1.6499999999999995,0.14016804799123275,FORCE_BUY,0.17,0.195
2020-11-30,686091.8690289569,0.0,1,2.499999999999999,2.3999999999999995,0.150507285432639,FORCE_BUY,0.17,0.195
2020-12-01,686725.8520067417,0.0,1,2.4499999999999993,2.4499999999999993,0.17418877625458754,FREE,0.17,0.195
2020-12-02,689132.6454204886,0.0,1,1.8499999999999996,1.8499999999999996,0.15026493401327487,FORCE_BUY,0.17,0.195
2020-12-03,690599.2851569905,0.0,1,0.9499999999999997,2.4499999999999993,0.16525875856253966,FORCE_BUY,0.17,0.195
2020-12-04,694247.0814247007,0.0,1,-0.5,2.1499999999999995,0.13927900476511235,FORCE_BUY,0.17,0.195
2020-12-07,692479.5925114802,0.0,1,-0.5,2.1499999999999995,0.15430799835054443,FORCE_BUY,0.17,0.195
2020-12-08,697594.0285156923,0.0,1,-0.5,2.1999999999999993,0.15614969799031142,FORCE_BUY,0.17,0.195
2020-12-09,690505.269789266,690505.269789266,0,1.0499999999999996,2.499999999999999,0.22577384055913277,FORCE_SELL,0.17,0.195
2020-12-10,691324.596054154,0.0,1,1.1999999999999997,-0.5,0.18983612295100463,FREE,0.17,0.195
2020-12-11,692400.8267483698,0.0,1,1.4499999999999995,0.7499999999999998,0.17365186161887688,FREE,0.17,0.195
2020-12-14,696145.5785565145,696145.5785565145,0,2.4499999999999993,-0.5,0.266040034148224,FORCE_SELL,0.17,0.195
2020-12-15,696145.5785565145,696145.5785565145,0,-0.5,1.8999999999999995,0.17523234141804447,FREE,0.17,0.195
2020-12-16,697435.6263626831,0.0,1,-0.5,1.6999999999999993,0.1674484730420913,FORCE_BUY,0.17,0.195
2020-12-17,700166.3844925291,0.0,1,-0.5,-0.5,0.14075502479260524,FORCE_BUY,0.17,0.195
2020-12-18,698622.0936880645,698622.0936880645,0,1.7999999999999994,0.6499999999999997,0.20657150455114656,FORCE_SELL,0.17,0.195
2020-12-21,698622.0936880645,698622.0936880645,0,1.6999999999999993,-0.5,0.4192202817259134,FORCE_SELL,0.17,0.195
2020-12-22,694964.1628711376,0.0,1,1.7999999999999994,0.9999999999999996,0.17652885966929835,FREE,0.17,0.195
2020-12-23,700406.355264247,700406.355264247,0,1.9999999999999996,1.0999999999999996,0.21091351623305013,FORCE_SELL,0.17,0.195
2020-12-24,700406.355264247,700406.355264247,0,1.6499999999999995,1.2999999999999996,0.14293046949996732,FORCE_BUY,0.17,0.195
2020-12-28,700406.355264247,700406.355264247,0,1.6499999999999995,1.2999999999999996,0.15099805275656905,FORCE_BUY,0.17,0.195
2020-12-29,700406.355264247,700406.355264247,0,1.6999999999999993,-0.5,0.20304645576200106,FORCE_SELL,0.17,0.195
2020-12-30,700725.9609021343,700725.9609021343,0,2.0499999999999994,2.499999999999999,0.19301295188614442,FREE,0.17,0.195
2020-12-31,706348.220301419,0.0,1,1.6499999999999995,1.9999999999999996,0.1676007593138282,FORCE_BUY,0.17,0.195
2021-01-04,709197.0832856203,709197.0832856203,0,2.499999999999999,2.0499999999999994,0.2677154134931624,FORCE_SELL,0.17,0.195
2021-01-05,709197.0832856203,709197.0832856203,0,2.499999999999999,2.1999999999999993,0.19784439075251956,FORCE_SELL,0.17,0.195
2021-01-06,709197.0832856203,709197.0832856203,0,2.499999999999999,2.1999999999999993,0.23220043431748136,FORCE_SELL,0.17,0.195
2021-01-07,709197.0832856203,709197.0832856203,0,2.499999999999999,2.1999999999999993,0.17027571611138773,FREE,0.17,0.195
2021-01-08,709197.0832856203,709197.0832856203,0,2.499999999999999,2.1999999999999993,0.15457025626295748,FORCE_BUY,0.17,0.195
2021-01-11,711035.158874375,711035.158874375,0,1.2999999999999996,1.9999999999999996,0.19074400576513914,FREE,0.17,0.195
2021-01-12,710454.2937223181,710454.2937223181,0,1.3999999999999995,0.9999999999999996,0.17817803130197532,FREE,0.17,0.195
2021-01-13,713711.337121744,713711.337121744,0,1.2999999999999996,1.1999999999999997,0.17659684850492316,FREE,0.17,0.195
2021-01-14,713711.337121744,713711.337121744,0,1.4499999999999995,-0.5,0.21079620908997743,FORCE_SELL,0.17,0.195
2021-01-15,708616.7021744159,708616.7021744159,0,2.1999999999999993,1.6999999999999993,0.18369339612913294,FREE,0.17,0.195
2021-01-19,708616.7021744159,708616.7021744159,0,2.1999999999999993,1.6999999999999993,0.15765753253109227,FORCE_BUY,0.17,0.195
2021-01-20,708616.7021744159,708616.7021744159,0,2.1999999999999993,1.6999999999999993,0.17381399377720094,FREE,0.17,0.195
2021-01-21,708616.7021744159,708616.7021744159,0,2.1999999999999993,1.6999999999999993,0.15480428925268988,FORCE_BUY,0.17,0.195
2021-01-22,709636.454617431,0.0,1,0.9999999999999996,-0.5,0.1665899107043093,FORCE_BUY,0.17,0.195
2021-01-25,713358.7876465718,713358.7876465718,0,1.4999999999999996,1.1999999999999997,0.18055019843271305,FREE,0.17,0.195
2021-01-26,713682.0157211275,713682.0157211275,0,2.0999999999999996,1.7499999999999996,0.1835019974720732,FREE,0.17,0.195
2021-01-27,713682.0157211275,713682.0157211275,0,2.2499999999999996,2.1999999999999993,0.2673237293562295,FORCE_SELL,0.17,0.195
2021-01-28,713682.0157211275,713682.0157211275,0,1.8499999999999996,-0.5,0.23750828418818323,FORCE_SELL,0.17,0.195
2021-01-29,713682.0157211275,713682.0157211275,0,2.1999999999999993,2.1499999999999995,0.2398263891407473,FORCE_SELL,0.17,0.195
2021-02-01,713682.0157211275,713682.0157211275,0,-0.5,1.7999999999999994,0.20300360921817828,FORCE_SELL,0.17,0.195
2021-02-02,713682.0157211275,713682.0157211275,0,0.5499999999999998,2.1499999999999995,0.19802795927307817,FORCE_SELL,0.17,0.195
2021-02-03,718416.0913164443,0.0,1,-0.5,1.8499999999999996,0.18527307631117287,FREE,0.17,0.205
2021-02-04,725236.854018434,0.0,1,-0.5,-0.5,0.15186773611267715,FORCE_BUY,0.17,0.205
2021-02-05,729408.2295551879,0.0,1,-0.5,-0.5,0.14885820067281008,FORCE_BUY,0.17,0.205
2021-02-08,733748.7149109994,0.0,1,-0.5,-0.5,0.1340420804834747,FORCE_BUY,0.17,0.205
2021-02-09,734086.9345491146,0.0,1,-0.5,2.499999999999999,0.14709751916951516,FORCE_BUY,0.17,0.205
2021-02-10,731362.3874642978,0.0,1,1.7999999999999994,2.1499999999999995,0.1624183890530065,FORCE_BUY,0.17,0.205
2021-02-11,733654.7650115229,0.0,1,1.7499999999999996,-0.5,0.15102250983889157,FORCE_BUY,0.17,0.205
2021-02-12,738634.1096837743,0.0,1,1.8999999999999995,2.2999999999999994,0.12358342746376845,FORCE_BUY,0.17,0.205
2021-02-16,735571.3429608424,0.0,1,1.9999999999999996,-0.5,0.15046375122448147,FORCE_BUY,0.17,0.205
2021-02-17,738615.319703879,0.0,1,2.0999999999999996,0.8499999999999996,0.1354669575593728,FORCE_BUY,0.17,0.205
2021-02-18,733654.7650115229,0.0,1,2.2999999999999994,1.4999999999999996,0.14494297293291605,FORCE_BUY,0.17,0.205
2021-02-19,733482.7977300849,0.0,1,2.1499999999999995,1.7499999999999996,0.17397743046043282,FREE,0.17,0.205
2021-02-22,727855.1006163744,0.0,1,2.1499999999999995,1.7499999999999996,0.1769215427280273,FREE,0.17,0.205
2021-02-23,727141.7570691851,727141.7570691851,0,2.499999999999999,-0.5,0.2032173269020688,FREE,0.17,0.205
2021-02-24,727141.7570691851,727141.7570691851,0,1.2499999999999996,2.499999999999999,0.1727316179718329,FREE,0.17,0.205
2021-02-25,727141.7570691851,727141.7570691851,0,2.349999999999999,2.3999999999999995,0.28455126090445876,FORCE_SELL,0.17,0.205
2021-02-26,727141.7570691851,727141.7570691851,0,2.4499999999999993,1.9999999999999996,0.22009105199071208,FORCE_SELL,0.135,0.205
2021-03-01,727141.7570691851,727141.7570691851,0,2.4499999999999993,1.9999999999999996,0.21969090355182871,FORCE_SELL,0.135,0.205
2021-03-02,731674.0514815394,731674.0514815394,0,2.3999999999999995,1.7999999999999994,0.1930384633339203,FREE,0.135,0.245
2021-03-03,724772.5481527721,0.0,1,1.5499999999999994,1.8499999999999996,0.2223680489020533,FREE,0.135,0.245
2021-03-04,711529.4804067342,0.0,1,2.499999999999999,-0.5,0.25940795940560885,FORCE_SELL,0.135,0.245
2021-03-05,710184.011301853,710184.011301853,0,2.2999999999999994,-0.5,0.22856641640318073,FREE,0.17,0.245
2021-03-08,710184.011301853,710184.011301853,0,2.499999999999999,2.0999999999999996,0.22619540399325855,FORCE_SELL,0.17,0.205
2021-03-09,711120.2514036053,711120.2514036053,0,2.4499999999999993,2.499999999999999,0.19896803584629522,FREE,0.17,0.205
2021-03-10,711120.2514036053,711120.2514036053,0,0.6499999999999997,2.0499999999999994,0.1774794135105419,FREE,0.17,0.205
2021-03-11,711487.6240051399,711487.6240051399,0,0.5999999999999996,2.2999999999999994,0.1757267449516922,FREE,0.17,0.205
2021-03-12,716341.4028290291,0.0,1,0.8999999999999997,-0.5,0.14425128002760226,FORCE_BUY,0.17,0.205
2021-03-15,721476.5749477505,721476.5749477505,0,0.6499999999999997,-0.5,0.14038033235274203,FREE,0.135,0.205
2021-03-16,723410.2071892003,0.0,1,0.8999999999999997,-0.5,0.1633974436362618,FREE,0.135,0.205
2021-03-17,725947.8480421794,725947.8480421794,0,1.2999999999999996,-0.5,0.14524279344993832,FREE,0.135,0.205
2021-03-18,725947.8480421794,725947.8480421794,0,1.6499999999999995,-0.5,0.21299969161341567,FORCE_SELL,0.135,0.205
2021-03-19,725947.8480421794,725947.8480421794,0,1.7499999999999996,-0.5,0.17083713291874789,FREE,0.135,0.205
2021-03-22,728191.0240886596,728191.0240886596,0,1.7499999999999996,-0.5,0.16482743173850214,FREE,0.135,0.205
2021-03-23,728191.0240886596,728191.0240886596,0,1.1999999999999997,2.1499999999999995,0.19500751869950425,FREE,0.17,0.205
2021-03-24,728191.0240886596,728191.0240886596,0,1.9999999999999996,-0.5,0.21535821382314232,FORCE_SELL,0.17,0.205
2021-03-25,731360.4250174952,731360.4250174952,0,2.0499999999999994,2.499999999999999,0.18957238696165477,FREE,0.17,0.205
2021-03-26,736066.9869501964,736066.9869501964,0,2.1999999999999993,2.4499999999999993,0.18547803450792855,FREE,0.17,0.205
2021-03-29,740571.8410274731,0.0,1,1.8499999999999996,2.4499999999999993,0.16686262914467334,FORCE_BUY,0.17,0.205
2021-03-30,737655.8358986136,0.0,1,1.5499999999999994,-0.5,0.1579618633525094,FORCE_BUY,0.17,0.205
2021-03-31,739566.5824883232,0.0,1,1.0999999999999996,1.8999999999999995,0.18623762709987157,FREE,0.17,0.205
2021-04-01,747994.4792028433,0.0,1,-0.5,2.349999999999999,0.14256886689824708,FORCE_BUY,0.17,0.21
2021-04-05,758398.8295716534,0.0,1,-0.5,2.349999999999999,0.1651445159128612,FORCE_BUY,0.17,0.21
2021-04-06,758380.1837824619,0.0,1,-0.5,2.349999999999999,0.16893466350822958,FORCE_BUY,0.17,0.21
2021-04-07,760076.9505988808,0.0,1,-0.5,2.4499999999999993,0.15512181232048874,FORCE_BUY,0.17,0.21
2021-04-08,763582.358966867,0.0,1,-0.5,1.5999999999999996,0.1355101256499387,FORCE_BUY,0.17,0.21
2021-04-09,765745.2705130712,0.0,1,-0.5,2.2999999999999994,0.1553364360419771,FORCE_BUY,0.17,0.21
2021-04-12,767591.2036430214,0.0,1,1.2499999999999996,1.0499999999999996,0.14114142247724265,FORCE_BUY,0.17,0.21
2021-04-13,769399.8451945888,0.0,1,1.4999999999999996,0.8499999999999996,0.15856648339467835,FORCE_BUY,0.17,0.21
2021-04-14,772538.0042273728,0.0,1,2.0999999999999996,-0.5,0.20432120084949587,FREE,0.17,0.21
2021-04-15,780041.6514929488,0.0,1,2.0999999999999996,-0.5,0.1562080591590996,FORCE_BUY,0.17,0.21
2021-04-16,781786.2494821952,0.0,1,2.0999999999999996,-0.5,0.1568486443635364,FORCE_BUY,0.17,0.21
2021-04-19,781844.3978628451,781844.3978628451,0,2.0999999999999996,-0.5,0.19614158930357883,FREE,0.17,0.21
2021-04-20,781844.3978628451,781844.3978628451,0,1.6499999999999995,0.3999999999999998,0.23713584843634128,FORCE_SELL,0.17,0.21
2021-04-21,782407.6134922849,782407.6134922849,0,1.9499999999999993,2.3999999999999995,0.20282463037166523,FREE,0.17,0.21
2021-04-22,782407.6134922849,782407.6134922849,0,-0.5,0.7499999999999998,0.2603397512858544,FORCE_SELL,0.17,0.21
2021-04-23,782407.6134922849,782407.6134922849,0,-0.5,0.7499999999999998,0.22050067319153524,FORCE_SELL,0.17,0.21
2021-04-26,784086.4653120901,784086.4653120901,0,-0.5,0.7499999999999998,0.1767979761310008,FREE,0.17,0.21
2021-04-27,783992.6054560591,0.0,1,-0.5,1.8499999999999996,0.1735373320878808,FORCE_BUY,0.18,0.21
2021-04-28,786434.1228333093,0.0,1,1.6499999999999995,0.5999999999999996,0.19731704114817447,FREE,0.18,0.21
2021-04-29,790636.728313898,790636.728313898,0,1.4999999999999996,1.2999999999999996,0.18778666685317358,FREE,0.18,0.21
2021-04-30,788880.3034104464,788880.3034104464,0,1.3499999999999996,1.3999999999999995,0.1972538969990458,FREE,0.18,0.21
2021-05-03,788880.3034104464,788880.3034104464,0,1.3499999999999996,1.3999999999999995,0.21363765340285557,FORCE_SELL,0.18,0.205
2021-05-04,788880.3034104464,788880.3034104464,0,2.0499999999999994,-0.5,0.20696426028728013,FORCE_SELL,0.18,0.205
2021-05-05,788880.3034104464,788880.3034104464,0,1.8499999999999996,1.5999999999999996,0.21008439548239144,FORCE_SELL,0.18,0.205
2021-05-06,788880.3034104464,788880.3034104464,0,1.2999999999999996,2.2999999999999994,0.1998732697106965,FREE,0.18,0.205
2021-05-07,789740.3018452954,0.0,1,-0.5,2.2999999999999994,0.1729920396524458,FORCE_BUY,0.18,0.205
2021-05-10,781402.0561508916,0.0,1,1.4999999999999996,-0.5,0.26084105076840236,FORCE_SELL,0.18,0.205
2021-05-11,776422.798287698,776422.798287698,0,2.0999999999999996,1.4999999999999996,0.1980066264253515,FREE,0.18,0.205
2021-05-12,776422.798287698,776422.798287698,0,2.0999999999999996,1.3499999999999996,0.28937587032425643,FORCE_SELL,0.18,0.205
2021-05-13,776422.798287698,776422.798287698,0,2.0999999999999996,0.7999999999999998,0.22931728998511106,FORCE_SELL,0.18,0.205
2021-05-14,778081.7018778457,0.0,1,1.8499999999999996,1.6499999999999995,0.19559248169243978,FREE,0.18,0.205
2021-05-17,775826.3385698921,0.0,1,2.1499999999999995,2.2499999999999996,0.17287095641531103,FORCE_BUY,0.18,0.205
2021-05-18,765332.3754097439,0.0,1,2.1999999999999993,1.4999999999999996,0.23651803095685087,FORCE_SELL,0.18,0.205
2021-05-19,763859.8654814104,0.0,1,1.8999999999999995,-0.5,0.18459581926768062,FREE,0.18,0.205
2021-05-20,764866.391255208,764866.391255208,0,1.7999999999999994,2.499999999999999,0.19672906701163348,FREE,0.18,0.205
2021-05-21,764866.391255208,764866.391255208,0,1.9499999999999993,-0.5,0.21502000178735545,FORCE_SELL,0.18,0.205
2021-05-24,764866.391255208,764866.391255208,0,1.1499999999999997,-0.5,0.17911102062345222,FORCE_BUY,0.18,0.205
2021-05-25,764191.745110542,0.0,1,1.2999999999999996,-0.5,0.20497669433574994,FREE,0.18,0.205
2021-05-26,763991.1746351009,0.0,1,1.1499999999999997,-0.5,0.15252154296725132,FORCE_BUY,0.18,0.205
2021-05-27,762295.4424336434,762295.4424336434,0,-0.5,-0.5,0.18279200420578925,FREE,0.18,0.205
2021-05-28,760557.1915435335,0.0,1,0.6999999999999997,-0.5,0.17475145830246971,FORCE_BUY,0.185,0.21
2021-06-01,760517.0520782734,760517.0520782734,0,1.0499999999999996,-0.5,0.19470562699084726,FREE,0.185,0.21
2021-06-02,760725.033864866,0.0,1,0.8999999999999997,2.0999999999999996,0.15025516591742893,FORCE_BUY,0.185,0.21
2021-06-03,756637.7396240021,0.0,1,0.8499999999999996,1.7499999999999996,0.1593167565120183,FORCE_BUY,0.185,0.21
2021-06-04,764324.023041556,0.0,1,0.6999999999999997,1.9999999999999996,0.1617480913495293,FORCE_BUY,0.185,0.21
2021-06-07,763709.1203681516,0.0,1,0.7499999999999998,1.7499999999999996,0.15869729287443288,FORCE_BUY,0.185,0.21
2021-06-08,763889.9740956235,0.0,1,0.9499999999999997,1.8999999999999995,0.16315502687329847,FORCE_BUY,0.185,0.21
2021-06-09,762931.4493400228,0.0,1,0.8499999999999996,-0.5,0.1879538390161022,FREE,0.185,0.21
2021-06-10,765933.6212160555,0.0,1,0.8999999999999997,-0.5,0.1715520579157173,FORCE_BUY,0.185,0.21
2021-06-11,767561.3047633022,0.0,1,0.7999999999999998,2.0499999999999994,0.14367964959206947,FORCE_BUY,0.185,0.21
2021-06-14,768809.195482858,0.0,1,-0.5,1.8499999999999996,0.15178803204465266,FORCE_BUY,0.185,0.21
2021-06-15,767615.5608815438,0.0,1,-0.5,1.5999999999999996,0.1743314045540206,FORCE_BUY,0.185,0.21
2021-06-16,767543.2193905549,767543.2193905549,0,1.3499999999999996,-0.5,0.25257106213417363,FORCE_SELL,0.185,0.21
2021-06-17,768716.3274333172,768716.3274333172,0,0.8499999999999996,1.2999999999999996,0.19923058630807552,FREE,0.185,0.21
2021-06-18,768716.3274333172,768716.3274333172,0,0.9999999999999996,-0.5,0.2307324175142541,FORCE_SELL,0.185,0.21
2021-06-21,771962.2673050611,771962.2673050611,0,-0.5,2.2499999999999996,0.20774943262636184,FREE,0.185,0.21
2021-06-22,771962.2673050611,771962.2673050611,0,-0.5,1.9999999999999996,0.19646492692065662,FREE,0.185,0.21
2021-06-23,771962.2673050611,771962.2673050611,0,0.9499999999999997,1.6999999999999993,0.21348431195397746,FORCE_SELL,0.185,0.21
2021-06-24,773398.5269107486,0.0,1,0.9999999999999996,1.5499999999999994,0.1653643204186459,FORCE_BUY,0.185,0.21
2021-06-25,776089.2411087456,0.0,1,-0.5,1.4499999999999995,0.1578441120762399,FORCE_BUY,0.185,0.21
2021-06-28,776671.0171515557,0.0,1,0.5999999999999996,1.0999999999999996,0.14553803070257124,FORCE_BUY,0.185,0.21
2021-06-29,778579.9697920266,0.0,1,0.5999999999999996,1.2999999999999996,0.175704035143766,FORCE_BUY,0.185,0.21
2021-06-30,779670.7998722956,0.0,1,0.7499999999999998,1.1499999999999997,0.16717454982022092,FORCE_BUY,0.185,0.21
2021-07-01,782452.4165769817,0.0,1,0.8499999999999996,2.0999999999999996,0.14638877934666372,FORCE_BUY,0.185,0.21
2021-07-02,787724.7619649486,0.0,1,0.8499999999999996,2.0999999999999996,0.17154480531181984,FORCE_BUY,0.185,0.21
2021-07-06,785724.9068177887,0.0,1,1.1999999999999997,-0.5,0.18982336330284297,FREE,0.185,0.21
2021-07-07,789906.4221254868,0.0,1,0.9999999999999996,1.1999999999999997,0.1594391433338939,FORCE_BUY,0.185,0.21
2021-07-08,781925.0454952517,0.0,1,1.9499999999999993,1.6999999999999993,0.1891164646755327,FREE,0.185,0.21
2021-07-09,788885.4250895593,788885.4250895593,0,1.9999999999999996,2.4499999999999993,0.1929199573848662,FREE,0.19,0.215
2021-07-12,788885.4250895593,788885.4250895593,0,1.9999999999999996,2.4499999999999993,0.1543187733363557,FORCE_BUY,0.19,0.215
2021-07-13,788885.4250895593,788885.4250895593,0,1.3499999999999996,-0.5,0.21191410670730115,FORCE_BUY,0.23,0.255
2021-07-14,787964.2097971756,0.0,1,0.9499999999999997,0.7999999999999998,0.19305340497922355,FORCE_BUY,0.23,0.255
2021-07-15,783520.7007397951,0.0,1,0.9499999999999997,-0.5,0.18127539997612394,FORCE_BUY,0.21,0.23
2021-07-16,786284.3466169464,786284.3466169464,0,1.3999999999999995,1.2499999999999996,0.26541181570706396,FORCE_SELL,0.21,0.23
2021-07-19,786284.3466169464,786284.3466169464,0,1.2499999999999996,-0.5,0.30370054669279295,FORCE_SELL,0.21,0.23
2021-07-20,786284.3466169464,786284.3466169464,0,1.3999999999999995,1.3499999999999996,0.24327487122968502,FORCE_SELL,0.21,0.23
2021-07-21,786284.3466169464,786284.3466169464,0,1.1499999999999997,1.4999999999999996,0.16779622026982333,FORCE_BUY,0.21,0.23
2021-07-22,791141.7576374928,0.0,1,1.1499999999999997,1.4999999999999996,0.15342986168571715,FORCE_BUY,0.21,0.23
2021-07-23,796144.1660019361,0.0,1,0.8999999999999997,1.2499999999999996,0.1628380481234437,FORCE_BUY,0.21,0.23
2021-07-26,798808.4921960417,0.0,1,0.8999999999999997,1.2499999999999996,0.13469206659292005,FORCE_BUY,0.21,0.23
2021-07-27,795201.6832666062,0.0,1,1.2999999999999996,-0.5,0.17947526690592194,FORCE_BUY,0.21,0.23
2021-07-28,795546.0519583613,0.0,1,1.7499999999999996,-0.5,0.188859595278549,FORCE_BUY,0.21,0.23
2021-07-29,794222.9511953021,0.0,1,0.9999999999999996,1.6999999999999993,0.17576032570017375,FORCE_BUY,0.21,0.23
2021-07-30,795745.4233062196,0.0,1,2.1499999999999995,-0.5,0.19616084432231062,FORCE_BUY,0.21,0.23
2021-08-02,799732.8502633845,799732.8502633845,0,1.1499999999999997,2.0999999999999996,0.23266212665027805,FORCE_SELL,0.21,0.23
2021-08-03,803711.2574870944,0.0,1,-0.5,1.9999999999999996,0.18213350728609054,FORCE_BUY,0.21,0.23
2021-08-04,801758.5530240808,0.0,1,-0.5,1.6999999999999993,0.20485514198279597,FORCE_BUY,0.21,0.23
2021-08-05,805371.968759377,0.0,1,0.5999999999999996,1.2499999999999996,0.13694835340943537,FORCE_BUY,0.21,0.23
2021-08-06,807306.42364797,0.0,1,0.5999999999999996,1.2499999999999996,0.15115277745728645,FORCE_BUY,0.21,0.23
2021-08-09,806813.6851386114,0.0,1,0.5999999999999996,1.2499999999999996,0.1715186027533997,FORCE_BUY,0.21,0.23
2021-08-10,807361.172371232,0.0,1,0.5999999999999996,1.2499999999999996,0.16573013760899616,FORCE_BUY,0.21,0.23
2021-08-11,809496.3725784525,0.0,1,0.6999999999999997,1.9499999999999993,0.13410889139764784,FORCE_BUY,0.21,0.23
2021-08-12,811923.5659764039,0.0,1,0.7999999999999998,1.6999999999999993,0.153463750920656,FORCE_BUY,0.21,0.23
2021-08-13,812927.2925695417,0.0,1,1.1999999999999997,1.7999999999999994,0.12279935253944203,FORCE_BUY,0.21,0.23
2021-08-16,815281.4876698105,0.0,1,1.1999999999999997,1.7999999999999994,0.18604824417841112,FORCE_BUY,0.21,0.23
2021-08-17,808456.1468364733,0.0,1,0.44999999999999973,0.9999999999999996,0.2064441256117139,FORCE_BUY,0.21,0.23
2021-08-18,800791.3255797843,800791.3255797843,0,1.3999999999999995,1.1499999999999997,0.3097182677015115,FORCE_SELL,0.21,0.23
2021-08-19,808283.5398373746,808283.5398373746,0,1.9499999999999993,1.1499999999999997,0.22496461266042325,FREE,0.21,0.23
2021-08-20,808283.5398373746,808283.5398373746,0,-0.5,1.2999999999999996,0.1875924139254044,FORCE_BUY,0.21,0.23
2021-08-23,813787.5044320826,0.0,1,-0.5,1.2999999999999996,0.19709686167003038,FORCE_BUY,0.21,0.23
2021-08-24,813407.8580293454,0.0,1,0.5999999999999996,1.6499999999999995,0.15743563158615567,FORCE_BUY,0.21,0.23
2021-08-25,815422.3454008078,0.0,1,0.6499999999999997,0.8999999999999997,0.15450397613424652,FORCE_BUY,0.21,0.23
2021-08-26,815458.6752001129,815458.6752001129,0,0.7999999999999998,0.9499999999999997,0.2321078100435842,FORCE_SELL,0.21,0.23
2021-08-27,817527.9526396857,0.0,1,0.9999999999999996,1.8499999999999996,0.16885311460654273,FORCE_BUY,0.21,0.23
2021-08-30,821085.6577112322,0.0,1,0.9999999999999996,1.8499999999999996,0.16372396782098908,FORCE_BUY,0.21,0.23
2021-08-31,821249.0217196195,0.0,1,0.8999999999999997,1.3999999999999995,0.18200437789343346,FORCE_BUY,0.21,0.23
2021-09-01,820414.0501211954,0.0,1,0.9999999999999996,1.1999999999999997,0.18745906086372902,FORCE_BUY,0.21,0.23
2021-09-02,822501.4791172557,0.0,1,0.7499999999999998,1.0499999999999996,0.1657355877696756,FORCE_BUY,0.21,0.23
2021-09-03,821811.7199707314,0.0,1,-0.5,1.0499999999999996,0.1628528879792257,FORCE_BUY,0.21,0.23
2021-09-07,818834.8647067845,0.0,1,1.4999999999999996,-0.5,0.1875823658056024,FORCE_BUY,0.21,0.23
2021-09-08,817564.2557526608,0.0,1,1.2999999999999996,1.0499999999999996,0.17545723455595708,FORCE_BUY,0.21,0.23
2021-09-09,817709.4682045606,817709.4682045606,0,1.0499999999999996,1.0999999999999996,0.254428318334388,FORCE_SELL,0.21,0.23
2021-09-10,817709.4682045606,817709.4682045606,0,1.2499999999999996,-0.5,0.3149177396330433,FORCE_SELL,0.21,0.23
2021-09-13,817709.4682045606,817709.4682045606,0,0.7499999999999998,1.9499999999999993,0.2306010171441476,FORCE_SELL,0.21,0.23
2021-09-14,817709.4682045606,817709.4682045606,0,-0.5,-0.5,0.25250668361438694,FORCE_SELL,0.21,0.23
2021-09-15,824145.5191596653,0.0,1,1.2499999999999996,1.7499999999999996,0.1960370580648266,FORCE_BUY,0.21,0.23
2021-09-16,821074.6034182296,0.0,1,0.8499999999999996,2.349999999999999,0.18694487234273724,FORCE_BUY,0.21,0.23
2021-09-17,810776.9218900622,0.0,1,0.8499999999999996,2.3999999999999995,0.23680849094628278,FORCE_SELL,0.21,0.23
2021-09-20,800001.1337195154,0.0,1,0.8499999999999996,2.3999999999999995,0.22162987487743369,FREE,0.21,0.23
2021-09-21,795422.3431828837,0.0,1,0.8499999999999996,2.3999999999999995,0.24294249837183468,FORCE_SELL,0.21,0.23
2021-09-22,806382.0185235763,806382.0185235763,0,-0.5,2.1499999999999995,0.21609488406285235,FREE,0.21,0.23
2021-09-23,806382.0185235763,806382.0185235763,0,-0.5,2.1499999999999995,0.20311979258449778,FORCE_BUY,0.21,0.23
2021-09-24,811920.2059212971,0.0,1,-0.5,1.8999999999999995,0.16746356566419882,FORCE_BUY,0.21,0.23
2021-09-27,808483.9708362427,0.0,1,-0.5,2.3999999999999995,0.1925304889702085,FORCE_BUY,0.21,0.23
2021-09-28,794885.2532656016,0.0,1,2.499999999999999,-0.5,0.25177282341646157,FORCE_SELL,0.21,0.23
2021-09-29,798358.0440430503,798358.0440430503,0,1.2499999999999996,-0.5,0.21704941739481895,FREE,0.21,0.23
2021-09-30,798358.0440430503,798358.0440430503,0,2.0999999999999996,1.7499999999999996,0.26462193171823917,FORCE_SELL,0.21,0.23
2021-10-01,810787.4137880667,810787.4137880667,0,2.0499999999999994,1.5999999999999996,0.22508687001073377,FREE,0.21,0.23
2021-10-04,811266.5682105289,0.0,1,1.9499999999999993,-0.5,0.22505552499916234,FREE,0.21,0.23
2021-10-05,818096.6535932104,0.0,1,2.2499999999999996,-0.5,0.20997542674918054,FORCE_BUY,0.21,0.23
2021-10-06,825134.8579210707,0.0,1,1.7499999999999996,2.3999999999999995,0.18239299400914102,FORCE_BUY,0.21,0.23
2021-10-07,829732.3946191084,829732.3946191084,0,1.5499999999999994,-0.5,0.21162997369812675,FREE,0.21,0.23
2021-10-08,828368.668903753,0.0,1,1.9499999999999993,-0.5,0.18303049696030138,FORCE_BUY,0.21,0.23
2021-10-11,822781.1815977828,0.0,1,1.9499999999999993,-0.5,0.22622971028395775,FREE,0.21,0.23
2021-10-12,818993.0546106843,0.0,1,1.7499999999999996,-0.5,0.1825211579313848,FORCE_BUY,0.21,0.23
2021-10-13,825546.5142983646,0.0,1,1.7999999999999994,-0.5,0.1576303493212735,FORCE_BUY,0.21,0.23
2021-10-14,839448.9403410159,0.0,1,1.7999999999999994,-0.5,0.16602195796058106,FORCE_BUY,0.21,0.23
2021-10-15,844506.0898687923,0.0,1,1.7999999999999994,-0.5,0.15167528547192058,FORCE_BUY,0.21,0.23
2021-10-18,847195.6600296323,0.0,1,0.19999999999999984,2.2499999999999996,0.15773245770033847,FORCE_BUY,0.21,0.23
2021-10-19,854336.2794003128,0.0,1,0.1499999999999999,2.1999999999999993,0.14061954597614798,FORCE_BUY,0.21,0.23
2021-10-20,855340.1330518939,0.0,1,-0.5,1.9499999999999993,0.14471053316793944,FORCE_BUY,0.21,0.23
2021-10-21,857139.4933707657,0.0,1,0.4999999999999998,2.2499999999999996,0.14564563086283291,FORCE_BUY,0.21,0.23
2021-10-22,856684.9181323139,0.0,1,0.9499999999999997,2.3999999999999995,0.17963182703323746,FORCE_BUY,0.21,0.23
2021-10-25,863996.0032174139,0.0,1,0.9499999999999997,2.3999999999999995,0.15761552197319806,FORCE_BUY,0.21,0.23
2021-10-26,864564.2222654786,0.0,1,-0.5,1.7499999999999996,0.21293810060890292,FREE,0.21,0.23
2021-10-27,861514.7800408645,0.0,1,1.2999999999999996,1.4999999999999996,0.2455681836347808,FORCE_SELL,0.215,0.245
2021-10-28,865587.0165519952,0.0,1,1.0999999999999996,0.44999999999999973,0.16685990532881192,FORCE_BUY,0.215,0.245
2021-10-29,870700.9879845781,0.0,1,-0.5,1.3499999999999996,0.16873022893997514,FORCE_BUY,0.215,0.245
2021-11-01,870966.156873675,0.0,1,-0.5,1.3499999999999996,0.16096200996770707,FORCE_BUY,0.215,0.245
2021-11-02,873958.7771934828,0.0,1,-0.5,1.3499999999999996,0.15422759014232243,FORCE_BUY,0.215,0.245
2021-11-03,881610.7937074216,0.0,1,-0.5,1.3499999999999996,0.18598436625203266,FORCE_BUY,0.215,0.245
2021-11-04,884887.5235512619,0.0,1,-0.5,0.8499999999999996,0.14957644829505268,FORCE_BUY,0.215,0.245
2021-11-05,886023.9616473914,0.0,1,-0.5,1.3499999999999996,0.21472104242080925,FORCE_BUY,0.215,0.245
2021-11-08,885986.0803775203,0.0,1,-0.5,1.3499999999999996,0.20440869056553526,FORCE_BUY,0.215,0.245
2021-11-09,886444.6506200829,886444.6506200829,0,-0.5,1.3499999999999996,0.22606329524719274,FREE,0.215,0.245
2021-11-10,886444.6506200829,886444.6506200829,0,1.3999999999999995,1.7499999999999996,0.2664754677465499,FORCE_SELL,0.215,0.245
2021-11-11,887914.4548384715,887914.4548384715,0,-0.5,1.6499999999999995,0.23330309116089665,FREE,0.215,0.245
2021-11-12,894244.5434587634,0.0,1,-0.5,1.4499999999999995,0.20622955822721833,FORCE_BUY,0.215,0.245
2021-11-15,894187.1710543499,0.0,1,-0.5,0.6499999999999997,0.21070716298212325,FORCE_BUY,0.215,0.245
2021-11-16,896542.2791839554,896542.2791839554,0,0.4999999999999998,0.6999999999999997,0.21401640974258762,FREE,0.185,0.245
2021-11-17,897654.0489582838,897654.0489582838,0,0.7999999999999998,0.9499999999999997,0.19928939959655886,FREE,0.185,0.245
2021-11-18,898647.7075827015,898647.7075827015,0,0.9999999999999996,1.6499999999999995,0.19374577716000163,FREE,0.185,0.245
2021-11-19,897538.1478798852,0.0,1,0.9499999999999997,1.4499999999999995,0.2268545180318986,FREE,0.185,0.245
2021-11-22,901058.1303853714,901058.1303853714,0,1.8499999999999996,-0.5,0.3073776626524702,FORCE_SELL,0.185,0.245
2021-11-23,903533.1398422238,903533.1398422238,0,1.8999999999999995,1.2999999999999996,0.224820123846218,FREE,0.185,0.245
2021-11-24,903533.1398422238,903533.1398422238,0,2.0499999999999994,2.0999999999999996,0.20617596396067142,FREE,0.185,0.245
2021-11-26,903533.1398422238,903533.1398422238,0,1.4999999999999996,-0.5,0.26772724514612756,FORCE_SELL,0.185,0.235
2021-11-29,907892.210728854,907892.210728854,0,1.7499999999999996,1.2999999999999996,0.23142964607503128,FREE,0.185,0.235
2021-11-30,907892.210728854,907892.210728854,0,1.0999999999999996,1.2999999999999996,0.30601178906943866,FORCE_SELL,0.185,0.235
2021-12-01,907892.210728854,907892.210728854,0,2.3999999999999995,2.1499999999999995,0.3837556849072555,FORCE_SELL,0.185,0.235
2021-12-02,907892.210728854,907892.210728854,0,2.499999999999999,2.4499999999999993,0.25243644952852257,FORCE_SELL,0.185,0.235
2021-12-03,907892.210728854,907892.210728854,0,2.4499999999999993,2.349999999999999,0.30055938270389476,FORCE_SELL,0.185,0.255
2021-12-06,914103.2639082792,914103.2639082792,0,1.7999999999999994,-0.5,0.23420383304882944,FREE,0.185,0.255
2021-12-07,914103.2639082792,914103.2639082792,0,1.5499999999999994,2.4499999999999993,0.24612093314483593,FREE,0.185,0.255
2021-12-08,914103.2639082792,914103.2639082792,0,0.6499999999999997,-0.5,0.18156401434870173,FORCE_BUY,0.185,0.255
2021-12-09,915163.9750498949,0.0,1,0.9499999999999997,-0.5,0.24102965719295,FREE,0.185,0.255
2021-12-10,923932.5064808277,0.0,1,0.8999999999999997,2.499999999999999,0.16895086181279284,FORCE_BUY,0.185,0.255
2021-12-13,928485.3299242789,0.0,1,0.8999999999999997,2.499999999999999,0.2430632049363365,FREE,0.185,0.255
2021-12-14,924810.0281139297,924810.0281139297,0,1.3499999999999996,2.499999999999999,0.20721827438132615,FREE,0.185,0.255
2021-12-15,943299.0173694565,0.0,1,1.1499999999999997,2.499999999999999,0.22018222815447677,FREE,0.185,0.255
2021-12-16,938820.6432190414,0.0,1,-0.5,2.499999999999999,0.2321033484435943,FREE,0.185,0.255
2021-12-17,933829.1520223687,0.0,1,2.349999999999999,-0.5,0.23285036808302176,FREE,0.185,0.255
2021-12-20,923510.8214146165,0.0,1,-0.5,2.4499999999999993,0.16504231100143155,FORCE_BUY,0.185,0.255
2021-12-21,931230.7252376111,0.0,1,-0.5,2.349999999999999,0.1959521218448886,FREE,0.185,0.255
2021-12-22,941877.1572068941,0.0,1,-0.5,2.349999999999999,0.1761744769359869,FORCE_BUY,0.2,0.255
2021-12-23,946928.677857726,0.0,1,-0.5,2.349999999999999,0.19314329050354406,FORCE_BUY,0.2,0.255
2021-12-27,959949.9283003085,0.0,1,-0.5,2.349999999999999,0.16832209766778136,FORCE_BUY,0.215,0.255
2021-12-28,961157.4631172403,0.0,1,-0.5,2.349999999999999,0.1926227306735392,FORCE_BUY,0.215,0.255
2021-12-29,960090.8073622839,0.0,1,1.2499999999999996,1.8499999999999996,0.18738538584833597,FORCE_BUY,0.215,0.255
2021-12-30,954340.2422887072,0.0,1,1.2499999999999996,1.9999999999999996,0.2230600298870282,FREE,0.215,0.255
2021-12-31,957962.1534900661,0.0,1,1.0999999999999996,-0.5,0.21576879125574203,FREE,0.185,0.255
2022-01-03,962557.2761652267,0.0,1,1.4999999999999996,-0.5,0.16704610568059564,FORCE_BUY,0.185,0.255
2022-01-04,965338.5346265081,965338.5346265081,0,1.4999999999999996,-0.5,0.19217555570176023,FREE,0.185,0.255
2022-01-05,965338.5346265081,965338.5346265081,0,2.349999999999999,2.0999999999999996,0.30953941212151187,FORCE_SELL,0.185,0.255
2022-01-06,967504.728551448,967504.728551448,0,1.9499999999999993,-0.5,0.23413954005231888,FREE,0.185,0.255
2022-01-07,968144.6062008404,968144.6062008404,0,-0.5,1.2999999999999996,0.23664400625224313,FREE,0.185,0.255
2022-01-10,957809.2888889323,957809.2888889323,0,2.2999999999999994,2.2999999999999994,0.2359359554663049,FREE,0.185,0.255
2022-01-11,957809.2888889323,957809.2888889323,0,2.4499999999999993,2.2999999999999994,0.2269005269695353,FREE,0.185,0.235
2022-01-12,957809.2888889323,957809.2888889323,0,2.4499999999999993,2.2999999999999994,0.21570397547907008,FREE,0.185,0.235
2022-01-13,957809.2888889323,957809.2888889323,0,1.9999999999999996,-0.5,0.29442891806434957,FORCE_SELL,0.185,0.235
2022-01-14,961757.1001573352,0.0,1,2.499999999999999,-0.5,0.19418032400604204,FREE,0.185,0.235
2022-01-18,947494.498913132,0.0,1,2.499999999999999,1.5999999999999996,0.218103093610068,FREE,0.185,0.235
2022-01-19,949760.237590275,949760.237590275,0,2.3999999999999995,1.1999999999999997,0.2720446391501932,FORCE_SELL,0.185,0.255
2022-01-20,949760.237590275,949760.237590275,0,-0.5,1.1499999999999997,0.31393192558749594,FORCE_SELL,0.185,0.255
2022-01-21,949760.237590275,949760.237590275,0,-0.5,1.6999999999999993,0.2888190013220909,FORCE_SELL,0.185,0.255
2022-01-24,949760.237590275,949760.237590275,0,-0.5,-0.5,0.2939261369564,FORCE_SELL,0.185,0.255
2022-01-25,949760.237590275,949760.237590275,0,2.3999999999999995,-0.5,0.2601668077444552,FORCE_SELL,0.185,0.255
2022-01-26,949760.237590275,949760.237590275,0,-0.5,-0.5,0.2962404321325853,FORCE_SELL,0.185,0.275
2022-01-27,949760.237590275,949760.237590275,0,-0.5,-0.5,0.28427653337436204,FORCE_SELL,0.185,0.275
2022-01-28,963878.2356491628,963878.2356491628,0,-0.5,-0.5,0.25966759421601077,FREE,0.185,0.275
2022-01-31,959108.286410514,959108.286410514,0,2.2499999999999996,-0.5,0.22678696330021028,FREE,0.185,0.275
2022-02-01,959108.286410514,959108.286410514,0,2.2499999999999996,-0.5,0.19822166741609096,FORCE_BUY,0.24,0.275
2022-02-02,959108.286410514,959108.286410514,0,2.2499999999999996,-0.5,0.19240671400446882,FORCE_BUY,0.24,0.275
2022-02-03,959108.286410514,959108.286410514,0,1.8499999999999996,-0.5,0.259316353378632,FREE,0.24,0.275
2022-02-04,966306.2181267092,966306.2181267092,0,1.9499999999999993,-0.5,0.25202674503783135,FREE,0.24,0.275
2022-02-07,966306.2181267092,966306.2181267092,0,1.9499999999999993,-0.5,0.24224633227866835,FREE,0.24,0.275
2022-02-08,975726.8502787426,0.0,1,1.0999999999999996,-0.5,0.20542609713140472,FORCE_BUY,0.24,0.275
2022-02-09,986962.466606856,0.0,1,1.2499999999999996,2.499999999999999,0.18658831106761356,FORCE_BUY,0.24,0.275
2022-02-10,975829.0586207891,0.0,1,2.1999999999999993,2.4499999999999993,0.26783568616483483,FREE,0.24,0.275
2022-02-11,978903.7378892926,978903.7378892926,0,2.4499999999999993,-0.5,0.28665829069462995,FORCE_SELL,0.24,0.265
2022-02-14,986243.2713491757,0.0,1,2.0499999999999994,0.7499999999999998,0.21774351179987425,FORCE_BUY,0.24,0.265
2022-02-15,998139.7395257946,0.0,1,1.6499999999999995,0.8999999999999997,0.18046223774922554,FORCE_BUY,0.24,0.265
2022-02-16,1000675.8840122689,0.0,1,1.6999999999999993,0.7999999999999998,0.20049714155872864,FORCE_BUY,0.24,0.265
2022-02-17,998970.2320118513,998970.2320118513,0,1.3999999999999995,1.1999999999999997,0.2766354333585652,FORCE_SELL,0.24,0.265
2022-02-18,989288.3805250599,0.0,1,2.0999999999999996,1.2499999999999996,0.2370200226749848,FORCE_BUY,0.24,0.265
2022-02-22,986478.6247062371,0.0,1,2.3999999999999995,-0.5,0.24204468106938504,FREE,0.235,0.265
2022-02-23,989583.1994496085,989583.1994496085,0,2.3999999999999995,1.1999999999999997,0.2716479606155405,FORCE_SELL,0.235,0.265
2022-02-24,989583.1994496085,989583.1994496085,0,-0.5,-0.5,0.2851468868444738,FORCE_SELL,0.235,0.265
2022-02-25,1008165.542850221,0.0,1,-0.5,-0.5,0.2606785434470345,FREE,0.235,0.265
2022-02-28,1001406.9955770966,0.0,1,-0.5,-0.5,0.23574528333316222,FREE,0.235,0.265
2022-03-01,996223.2309237508,996223.2309237508,0,1.5499999999999994,-0.5,0.2923937680368954,FORCE_SELL,0.24,0.265
2022-03-02,1015072.4541391036,0.0,1,0.7499999999999998,-0.5,0.1514618747463317,FORCE_BUY,0.24,0.265
2022-03-03,996339.2975691655,0.0,1,0.5999999999999996,2.499999999999999,0.16231147871461826,FORCE_BUY,0.24,0.265
2022-03-04,1001144.4566893355,0.0,1,0.5999999999999996,-0.5,0.13570561228834122,FORCE_BUY,0.24,0.265
2022-03-07,972731.3418918086,0.0,1,2.1499999999999995,-0.5,0.20401549203386257,FORCE_BUY,0.24,0.265
2022-03-08,969040.42256762,0.0,1,2.4499999999999993,-0.5,0.21643887284440486,FORCE_BUY,0.24,0.265
2022-03-09,991766.271739825,0.0,1,2.2999999999999994,1.8999999999999995,0.17144003540432207,FORCE_BUY,0.24,0.265
2022-03-10,986682.5526706596,0.0,1,2.349999999999999,2.0499999999999994,0.1413447991766774,FORCE_BUY,0.24,0.265
2022-03-11,974843.7548383566,0.0,1,2.499999999999999,-0.5,0.19421914537680804,FORCE_BUY,0.24,0.265
2022-03-14,970061.8090472696,0.0,1,2.2999999999999994,-0.5,0.19248640234554548,FORCE_BUY,0.24,0.265
2022-03-15,987495.0191885628,0.0,1,2.2999999999999994,2.4499999999999993,0.15624706683734368,FORCE_BUY,0.19,0.265
2022-03-16,1012681.4812435602,0.0,1,2.349999999999999,2.1999999999999993,0.1624617841595268,FORCE_BUY,0.19,0.265
2022-03-17,1017927.6936163062,0.0,1,2.349999999999999,2.3999999999999995,0.14319959652974332,FORCE_BUY,0.19,0.265
2022-03-18,1034130.5973162032,0.0,1,1.4499999999999995,2.349999999999999,0.13382048758553422,FORCE_BUY,0.19,0.265
2022-03-21,1029975.4114103556,0.0,1,1.4999999999999996,-0.5,0.13252243589216608,FORCE_BUY,0.19,0.265
2022-03-22,1044785.5153652758,0.0,1,1.2499999999999996,-0.5,0.1259927872063402,FORCE_BUY,0.19,0.265
2022-03-23,1031461.0644716643,0.0,1,1.4999999999999996,-0.5,0.17232655713661482,FORCE_BUY,0.19,0.265
2022-03-24,1045133.7153015201,0.0,1,1.0999999999999996,-0.5,0.13211623302036649,FORCE_BUY,0.19,0.265
2022-03-25,1051331.6741666668,0.0,1,-0.5,-0.5,0.11874004369407132,FORCE_BUY,0.19,0.265
2022-03-28,1058086.7529298044,0.0,1,-0.5,-0.5,0.1213698595771484,FORCE_BUY,0.24,0.265
2022-03-29,1070366.6040146835,0.0,1,1.6999999999999993,-0.5,0.12521201150445072,FORCE_BUY,0.19,0.265
2022-03-30,1065213.2449582692,0.0,1,-0.5,-0.5,0.14855864465927493,FORCE_BUY,0.24,0.265
2022-03-31,1052028.0740391552,0.0,1,2.1999999999999993,-0.5,0.18880340385009362,FORCE_BUY,0.24,0.265
2022-04-01,1052236.994000902,0.0,1,2.1499999999999995,-0.5,0.1294785961656581,FORCE_BUY,0.24,0.265
2022-04-04,1059340.2727002837,0.0,1,2.1499999999999995,-0.5,0.1301410105050055,FORCE_BUY,0.24,0.265
2022-04-05,1057799.8283669557,0.0,1,0.7999999999999998,1.8499999999999996,0.19429552223129767,FREE,0.19,0.265
2022-04-06,1043571.4396901383,0.0,1,0.8499999999999996,0.9499999999999997,0.21620838171735124,FREE,0.19,0.265
2022-04-07,1049707.3037688963,0.0,1,-0.5,1.5499999999999994,0.2525047051119289,FREE,0.19,0.265
2022-04-08,1052054.6879030785,0.0,1,1.8499999999999996,1.5499999999999994,0.2550759039848387,FREE,0.19,0.265
2022-04-11,1032042.9482485369,0.0,1,1.5999999999999996,-0.5,0.2401243914787138,FREE,0.19,0.265
2022-04-12,1032817.5614196016,1032817.5614196016,0,1.7999999999999994,-0.5,0.2716506031177895,FORCE_SELL,0.19,0.265
2022-04-13,1036729.1053817038,1036729.1053817038,0,1.7499999999999996,1.3499999999999996,0.23674986166738363,FREE,0.19,0.265
2022-04-14,1036729.1053817038,1036729.1053817038,0,1.9499999999999993,0.9499999999999997,0.2965927223243632,FORCE_SELL,0.19,0.265
2022-04-18,1045028.7479744876,1045028.7479744876,0,1.6499999999999995,2.4499999999999993,0.20469501835553938,FREE,0.19,0.265
2022-04-19,1043754.7808991402,0.0,1,-0.5,1.9999999999999996,0.2521389320418958,FREE,0.19,0.265
2022-04-20,1053722.949816304,0.0,1,1.6999999999999993,2.0499999999999994,0.24910568965836657,FREE,0.19,0.265
2022-04-21,1031901.7524423094,0.0,1,2.2999999999999994,-0.5,0.33695619922680903,FORCE_SELL,0.19,0.265
2022-04-22,1033224.2492528545,1033224.2492528545,0,2.2999999999999994,-0.5,0.29831196730594495,FORCE_SELL,0.19,0.265
2022-04-25,1046117.5751085338,0.0,1,-0.5,-0.5,0.2151065937143536,FORCE_BUY,0.265,0.29
2022-04-26,1022797.4549105676,1022797.4549105676,0,-0.5,1.9999999999999996,0.2778548422353126,FREE,0.265,0.29
2022-04-27,1025846.4313930587,0.0,1,-0.5,1.8999999999999995,0.2611550714902601,FORCE_BUY,0.265,0.29
2022-04-28,1033017.624079878,1033017.624079878,0,2.4499999999999993,2.349999999999999,0.2856704569030395,FORCE_SELL,0.245,0.265
2022-04-29,1033017.624079878,1033017.624079878,0,2.4499999999999993,1.7999999999999994,0.2895244002885504,FORCE_SELL,0.245,0.265
2022-05-02,1036521.8393247518,0.0,1,2.4499999999999993,1.7999999999999994,0.2182975618926141,FORCE_BUY,0.245,0.265
2022-05-03,1043555.2999233912,0.0,1,-0.5,-0.5,0.24119947409530199,FORCE_BUY,0.245,0.265
2022-05-04,1045007.0462391245,1045007.0462391245,0,2.499999999999999,-0.5,0.2853782801119729,FORCE_SELL,0.245,0.265
2022-05-05,1045007.0462391245,1045007.0462391245,0,-0.5,2.3999999999999995,0.2820617389545205,FORCE_SELL,0.19,0.265
2022-05-06,1055894.8249564632,0.0,1,2.349999999999999,-0.5,0.2390841685398952,FREE,0.19,0.265
2022-05-09,1029912.639347193,0.0,1,-0.5,-0.5,0.23775157704926986,FREE,0.19,0.265
2022-05-10,1021994.5502405541,0.0,1,-0.5,-0.5,0.23904623843115583,FREE,0.19,0.265
2022-05-11,1018636.8057061426,0.0,1,-0.5,-0.5,0.24969635244494995,FREE,0.19,0.265
2022-05-12,1015015.9055462121,1015015.9055462121,0,2.349999999999999,-0.5,0.20822658691795767,FREE,0.19,0.265
2022-05-13,1024763.4060720972,0.0,1,-0.5,-0.5,0.22402749693418836,FREE,0.19,0.265
2022-05-16,1021752.3980562479,0.0,1,-0.5,-0.5,0.22411089617648094,FORCE_BUY,0.235,0.265
2022-05-17,1033197.5050101529,0.0,1,2.3999999999999995,-0.5,0.19176440182303334,FREE,0.19,0.265
2022-05-18,993271.1812833763,0.0,1,-0.5,-0.5,0.25362888738234823,FREE,0.23,0.265
2022-05-19,989624.6053566088,989624.6053566088,0,2.349999999999999,-0.5,0.23085735762525736,FREE,0.23,0.265
2022-05-20,981807.744760111,0.0,1,2.499999999999999,-0.5,0.22931517528467796,FORCE_BUY,0.235,0.265
2022-05-23,991559.9695557415,0.0,1,2.0999999999999996,-0.5,0.19981981092677947,FORCE_BUY,0.235,0.265
2022-05-24,994249.3717545366,0.0,1,1.1999999999999997,-0.5,0.18675795571853124,FORCE_BUY,0.235,0.265
2022-05-25,997064.4469532754,0.0,1,2.2499999999999996,-0.5,0.20019064011439505,FORCE_BUY,0.235,0.265
2022-05-26,1019006.9527434442,0.0,1,2.0999999999999996,-0.5,0.12638260771194118,FORCE_BUY,0.235,0.265
2022-05-27,1047358.7815307415,0.0,1,2.0999999999999996,-0.5,0.11460922263100999,FORCE_BUY,0.235,0.265
2022-05-31,1042005.1117331401,0.0,1,2.0999999999999996,-0.5,0.12471893990435685,FORCE_BUY,0.235,0.265
2022-06-01,1026647.8711400208,0.0,1,2.1999999999999993,-0.5,0.15160713334613143,FORCE_BUY,0.235,0.265
2022-06-02,1050626.2795292775,0.0,1,2.499999999999999,-0.5,0.1236512147077341,FORCE_BUY,0.235,0.265
2022-06-03,1031272.6375379487,0.0,1,2.2999999999999994,-0.5,0.13463449468185087,FORCE_BUY,0.235,0.265
2022-06-06,1035294.1735361469,0.0,1,-0.5,2.1999999999999993,0.14830916042371325,FORCE_BUY,0.235,0.265
2022-06-07,1041954.8425331627,0.0,1,-0.5,1.8499999999999996,0.127642816276036,FORCE_BUY,0.235,0.265
2022-06-08,1034540.1355364848,0.0,1,1.9999999999999996,1.9999999999999996,0.14348868196451428,FORCE_BUY,0.235,0.265
2022-06-09,1010662.265547183,0.0,1,2.1499999999999995,2.499999999999999,0.1684154208408836,FORCE_BUY,0.235,0.265
2022-06-10,980978.3029604827,0.0,1,1.6499999999999995,-0.5,0.1511496897781516,FORCE_BUY,0.175,0.225
2022-06-13,948021.1147390269,0.0,1,-0.5,-0.5,0.20632096856429416,FREE,0.175,0.225
2022-06-14,963739.87762121,963739.87762121,0,-0.5,-0.5,0.19674820767205892,FREE,0.175,0.225
2022-06-15,963739.87762121,963739.87762121,0,-0.5,-0.5,0.25295400899421844,FORCE_SELL,0.175,0.225
2022-06-16,962634.3254801764,0.0,1,-0.5,-0.5,0.18713008764147473,FREE,0.175,0.265
2022-06-17,982680.1788743885,0.0,1,-0.5,-0.5,0.1950323364735486,FREE,0.175,0.265
2022-06-21,1000170.4401000654,0.0,1,-0.5,-0.5,0.20851412541753608,FREE,0.175,0.265
2022-06-22,999453.7087619033,0.0,1,-0.5,-0.5,0.23207026671805886,FREE,0.175,0.265
2022-06-23,1002886.5065379926,1002886.5065379926,0,-0.5,-0.5,0.18948184465513832,FREE,0.175,0.225
2022-06-24,1003649.498003694,1003649.498003694,0,-0.5,-0.5,0.20944823473320562,FREE,0.175,0.225
2022-06-27,1006530.466795649,1006530.466795649,0,1.2499999999999996,-0.5,0.21452521300699015,FREE,0.175,0.225
2022-06-28,1006530.466795649,1006530.466795649,0,2.499999999999999,-0.5,0.26897994725428215,FORCE_SELL,0.175,0.225
2022-06-29,1009915.7182473766,1009915.7182473766,0,2.4499999999999993,-0.5,0.20016436051035402,FREE,0.175,0.225
2022-06-30,1005153.3244941875,1005153.3244941875,0,2.499999999999999,-0.5,0.21160754317847594,FREE,0.175,0.225
2022-07-01,1023024.5418417631,1023024.5418417631,0,-0.5,-0.5,0.19465300145994033,FREE,0.175,0.205
2022-07-05,1019234.3017979907,0.0,1,2.3999999999999995,-0.5,0.19440808175237587,FREE,0.175,0.205
2022-07-06,1024034.0694625358,1024034.0694625358,0,2.4499999999999993,-0.5,0.20010187167841673,FREE,0.175,0.205
2022-07-07,1028027.9222092169,0.0,1,1.8499999999999996,-0.5,0.1888485465871438,FREE,0.175,0.205
2022-07-08,1029830.4342179812,1029830.4342179812,0,1.9999999999999996,2.499999999999999,0.1858684825543925,FREE,0.175,0.205
2022-07-11,1029194.4331564547,1029194.4331564547,0,2.2999999999999994,-0.5,0.2023702592170303,FREE,0.175,0.205
2022-07-12,1029194.4331564547,1029194.4331564547,0,1.7999999999999994,-0.5,0.23632645600432992,FORCE_SELL,0.175,0.205
2022-07-13,1029194.4331564547,1029194.4331564547,0,2.2499999999999996,-0.5,0.2195446762616573,FORCE_SELL,0.175,0.205
2022-07-14,1029194.4331564547,1029194.4331564547,0,2.499999999999999,2.2499999999999996,0.21126784985760297,FORCE_SELL,0.175,0.205
2022-07-15,1029194.4331564547,1029194.4331564547,0,-0.5,2.4499999999999993,0.21489612445206674,FORCE_SELL,0.175,0.205
2022-07-18,1029194.4331564547,1029194.4331564547,0,1.4499999999999995,-0.5,0.282300247524169,FORCE_SELL,0.175,0.205
2022-07-19,1029194.4331564547,1029194.4331564547,0,1.4499999999999995,-0.5,0.2444220776224252,FORCE_SELL,0.175,0.205
2022-07-20,1035789.4753500281,0.0,1,1.3499999999999996,-0.5,0.14511929487419373,FORCE_BUY,0.165,0.205
2022-07-21,1043146.49453011,0.0,1,-0.5,-0.5,0.1404097546966848,FORCE_BUY,0.165,0.205
2022-07-22,1038234.5262145128,0.0,1,2.0499999999999994,-0.5,0.16874925906022473,FREE,0.165,0.205
2022-07-25,1037731.7300823957,0.0,1,1.4999999999999996,-0.5,0.1374683304322156,FORCE_BUY,0.165,0.205
2022-07-26,1037339.4964505348,0.0,1,1.8999999999999995,-0.5,0.16899892208371403,FREE,0.165,0.205
2022-07-27,1041443.7969279288,1041443.7969279288,0,1.8499999999999996,2.499999999999999,0.1751368996065852,FREE,0.135,0.205
2022-07-28,1047754.3337534933,1047754.3337534933,0,-0.5,-0.5,0.15571619260539235,FREE,0.135,0.205
2022-07-29,1051813.6010015607,1051813.6010015607,0,-0.5,-0.5,0.14549539007402326,FREE,0.13,0.205
2022-08-01,1050406.9376317386,0.0,1,2.0499999999999994,-0.5,0.15282624023849697,FREE,0.13,0.205
2022-08-02,1052752.2886398826,0.0,1,2.3999999999999995,-0.5,0.18541071226433356,FREE,0.13,0.205
2022-08-03,1054944.6628199685,1054944.6628199685,0,2.4499999999999993,-0.5,0.14514602787495348,FREE,0.13,0.205
2022-08-04,1051821.4212677889,0.0,1,2.1499999999999995,-0.5,0.13987570529123763,FORCE_BUY,0.18,0.205
2022-08-05,1048571.2186769027,0.0,1,1.5499999999999994,2.349999999999999,0.14290018454170192,FORCE_BUY,0.18,0.205
2022-08-08,1048133.2606430518,0.0,1,2.0999999999999996,-0.5,0.17209576939416404,FREE,0.13,0.205
2022-08-09,1047187.344299642,0.0,1,2.1499999999999995,-0.5,0.14987352733748902,FREE,0.13,0.205
2022-08-10,1068268.9224930026,0.0,1,1.9999999999999996,2.349999999999999,0.12336581079578385,FORCE_BUY,0.13,0.205
2022-08-11,1068549.3136668727,0.0,1,2.349999999999999,-0.5,0.17311405771409993,FREE,0.13,0.205
2022-08-12,1073022.783676515,1073022.783676515,0,2.1999999999999993,-0.5,0.13728082884449053,FREE,0.13,0.205
2022-08-15,1082216.1529423324,0.0,1,2.0999999999999996,2.2499999999999996,0.12831876694602196,FORCE_BUY,0.18,0.205
2022-08-16,1085272.1905279476,0.0,1,1.4499999999999995,1.7999999999999994,0.1447343353960897,FORCE_BUY,0.18,0.205
2022-08-17,1075750.486645494,0.0,1,-0.5,1.0999999999999996,0.167000991506035,FORCE_BUY,0.18,0.205
2022-08-18,1080018.8366617663,0.0,1,2.2999999999999994,1.2999999999999996,0.1332011595856413,FORCE_BUY,0.18,0.205
2022-08-19,1064309.288081166,0.0,1,2.2499999999999996,1.5999999999999996,0.16361878831796636,FORCE_BUY,0.18,0.205
2022-08-22,1046604.4752917761,0.0,1,2.2499999999999996,1.5999999999999996,0.16792012035779058,FORCE_BUY,0.18,0.205
2022-08-23,1040820.7347371823,0.0,1,2.2499999999999996,1.5999999999999996,0.17215081506356367,FORCE_BUY,0.18,0.205
2022-08-24,1045164.8542803706,0.0,1,1.9499999999999993,-0.5,0.14560992847766294,FORCE_BUY,0.18,0.205
2022-08-25,1058171.956400964,0.0,1,1.8499999999999996,-0.5,0.14422120898333426,FORCE_BUY,0.18,0.205
2022-08-26,1055898.8705934817,1055898.8705934817,0,2.3999999999999995,-0.5,0.2470127342246767,FORCE_SELL,0.18,0.205
2022-08-29,1059626.8079287447,0.0,1,1.4499999999999995,-0.5,0.1647486132522678,FORCE_BUY,0.18,0.205
2022-08-30,1050946.654358605,0.0,1,2.349999999999999,-0.5,0.18600500700054856,FREE,0.18,0.205
2022-08-31,1049185.5683636495,0.0,1,2.349999999999999,-0.5,0.191605591494978,FREE,0.18,0.205
2022-09-01,1055168.925868491,1055168.925868491,0,1.8999999999999995,2.1499999999999995,0.20388004804070867,FREE,0.18,0.205
2022-09-02,1055168.925868491,1055168.925868491,0,-0.5,2.2999999999999994,0.30757611137129914,FORCE_SELL,0.18,0.205
2022-09-06,1055168.925868491,1055168.925868491,0,1.6499999999999995,-0.5,0.2233210837095598,FORCE_SELL,0.18,0.205
2022-09-07,1055168.925868491,1055168.925868491,0,1.4999999999999996,-0.5,0.2504140801381392,FORCE_SELL,0.18,0.205
2022-09-08,1055168.925868491,1055168.925868491,0,1.2499999999999996,-0.5,0.2230680829247403,FORCE_SELL,0.18,0.205
2022-09-09,1055168.925868491,1055168.925868491,0,1.7999999999999994,-0.5,0.21995807961395578,FORCE_SELL,0.18,0.205
2022-09-12,1064823.7280112347,0.0,1,1.0999999999999996,-0.5,0.1251820220104892,FORCE_BUY,0.18,0.205
2022-09-13,1068395.7459621693,1068395.7459621693,0,1.7999999999999994,-0.5,0.2083569783903558,FORCE_SELL,0.18,0.205
2022-09-14,1070263.8073480597,0.0,1,1.6999999999999993,-0.5,0.15817105485101535,FORCE_BUY,0.18,0.205
2022-09-15,1049798.9495259654,0.0,1,2.499999999999999,-0.5,0.19348726030122276,FREE,0.155,0.205
2022-09-16,1044383.008392909,1044383.008392909,0,2.499999999999999,2.1499999999999995,0.18698165641393327,FREE,0.155,0.205
2022-09-19,1044383.008392909,1044383.008392909,0,2.499999999999999,2.1499999999999995,0.22536258418726654,FORCE_SELL,0.155,0.205
2022-09-20,1039483.1035885457,0.0,1,-0.5,-0.5,0.20497979363697416,FREE,0.155,0.205
2022-09-21,1046947.7790475258,1046947.7790475258,0,-0.5,-0.5,0.2831944364120386,FORCE_SELL,0.155,0.205
2022-09-22,1046947.7790475258,1046947.7790475258,0,-0.5,-0.5,0.22772999265338725,FORCE_SELL,0.155,0.205
2022-09-23,1046947.7790475258,1046947.7790475258,0,-0.5,-0.5,0.2129138230639632,FORCE_SELL,0.155,0.205
2022-09-26,1046947.7790475258,1046947.7790475258,0,-0.5,-0.5,0.24286135969851588,FORCE_SELL,0.155,0.205
2022-09-27,1046947.7790475258,1046947.7790475258,0,-0.5,2.4499999999999993,0.2554442808593226,FORCE_SELL,0.155,0.205
2022-09-28,1046947.7790475258,1046947.7790475258,0,-0.5,-0.5,0.2576886788427054,FORCE_SELL,0.155,0.205
2022-09-29,1046947.7790475258,1046947.7790475258,0,-0.5,-0.5,0.21670471426867507,FORCE_SELL,0.155,0.205
2022-09-30,1046947.7790475258,1046947.7790475258,0,-0.5,-0.5,0.263346641020297,FORCE_SELL,0.155,0.205
2022-10-03,1046947.7790475258,1046947.7790475258,0,-0.5,-0.5,0.2592624294830512,FORCE_SELL,0.155,0.205
2022-10-04,1046947.7790475258,1046947.7790475258,0,1.4499999999999995,-0.5,0.25704724114010086,FORCE_SELL,0.155,0.205
2022-10-05,1046947.7790475258,1046947.7790475258,0,-0.5,-0.5,0.24278841686626337,FORCE_SELL,0.155,0.205
2022-10-06,1046947.7790475258,1046947.7790475258,0,2.1499999999999995,-0.5,0.2702295011419377,FORCE_SELL,0.155,0.205
2022-10-07,1046947.7790475258,1046947.7790475258,0,2.0499999999999994,-0.5,0.29438594666954254,FORCE_SELL,0.155,0.205
2022-10-10,1046947.7790475258,1046947.7790475258,0,-0.5,1.6499999999999995,0.24771361645264267,FORCE_SELL,0.155,0.205
2022-10-11,1046947.7790475258,1046947.7790475258,0,-0.5,2.2499999999999996,0.24537015323922348,FORCE_SELL,0.155,0.205
2022-10-12,1046947.7790475258,1046947.7790475258,0,-0.5,2.4499999999999993,0.2636155269149711,FORCE_SELL,0.155,0.205
2022-10-13,1046947.7790475258,1046947.7790475258,0,-0.5,2.4499999999999993,0.30938314964145675,FORCE_SELL,0.155,0.205
2022-10-14,1046947.7790475258,1046947.7790475258,0,2.1999999999999993,2.2999999999999994,0.303318338502212,FORCE_SELL,0.155,0.205
2022-10-17,1046947.7790475258,1046947.7790475258,0,2.1999999999999993,2.2999999999999994,0.25525348641326356,FORCE_SELL,0.155,0.205
2022-10-18,1046947.7790475258,1046947.7790475258,0,-0.5,-0.5,0.25863484422240207,FORCE_SELL,0.155,0.205
2022-10-19,1046947.7790475258,1046947.7790475258,0,2.1499999999999995,-0.5,0.24123969910829426,FORCE_SELL,0.155,0.205
2022-10-20,1046947.7790475258,1046947.7790475258,0,1.8999999999999995,-0.5,0.28262502026531894,FORCE_SELL,0.155,0.205
2022-10-21,1046947.7790475258,1046947.7790475258,0,1.7999999999999994,-0.5,0.2510488050729702,FORCE_SELL,0.155,0.205
2022-10-24,1046947.7790475258,1046947.7790475258,0,1.7999999999999994,-0.5,0.22003305960556463,FREE,0.155,0.26
2022-10-25,1046947.7790475258,1046947.7790475258,0,-0.5,-0.5,0.21451636746979644,FORCE_SELL,0.155,0.205
2022-10-26,1043688.6779664226,1043688.6779664226,0,1.7499999999999996,-0.5,0.2650369469826542,FREE,0.26,0.28
2022-10-27,1029050.2675381318,0.0,1,2.0499999999999994,-0.5,0.2546216614290369,FORCE_BUY,0.26,0.28
2022-10-28,1063669.9719029907,0.0,1,2.4499999999999993,-0.5,0.15284846016583267,FORCE_BUY,0.26,0.28
2022-10-31,1054374.4449829776,0.0,1,-0.5,2.1499999999999995,0.15555685299550578,FORCE_BUY,0.26,0.28
2022-11-01,1048104.7347436723,0.0,1,-0.5,-0.5,0.1679480769312748,FORCE_BUY,0.26,0.28
2022-11-02,1050121.9458641445,1050121.9458641445,0,-0.5,2.3999999999999995,0.22645897564915038,FORCE_SELL,0.155,0.19
2022-11-03,1040209.0418157412,0.0,1,2.2999999999999994,-0.5,0.166700841051576,FREE,0.155,0.19
2022-11-04,1061658.906856143,1061658.906856143,0,2.2499999999999996,-0.5,0.17152055905657956,FREE,0.155,0.19
2022-11-07,1069296.134717476,0.0,1,-0.5,-0.5,0.14212515218819,FORCE_BUY,0.155,0.19
2022-11-08,1074102.2498083513,0.0,1,2.0499999999999994,2.499999999999999,0.1718877538722454,FREE,0.155,0.19
2022-11-09,1054381.3048865164,1054381.3048865164,0,2.4499999999999993,-0.5,0.18559594728674603,FREE,0.155,0.19
2022-11-10,1091497.506750458,1091497.506750458,0,2.4499999999999993,-0.5,0.17143823266675617,FREE,0.155,0.19
2022-11-11,1091497.506750458,1091497.506750458,0,2.4499999999999993,-0.5,0.13772918620783392,FORCE_BUY,0.155,0.19
2022-11-14,1089157.7773964675,0.0,1,1.4999999999999996,-0.5,0.17526724124593884,FREE,0.155,0.19
2022-11-15,1093835.869224604,0.0,1,1.7499999999999996,-0.5,0.16711403669719926,FREE,0.155,0.19
2022-11-16,1103420.133725409,1103420.133725409,0,-0.5,2.2499999999999996,0.16723062760955065,FREE,0.155,0.19
2022-11-17,1101577.9368007435,0.0,1,2.0999999999999996,2.3999999999999995,0.1388655217706869,FORCE_BUY,0.155,0.19
2022-11-18,1106015.9566647103,0.0,1,2.1499999999999995,-0.5,0.1465652610023551,FORCE_BUY,0.155,0.19
2022-11-21,1102806.068083854,0.0,1,-0.5,2.2999999999999994,0.14107861025751237,FORCE_BUY,0.155,0.19
2022-11-22,1116092.2156011383,0.0,1,0.7999999999999998,2.499999999999999,0.14455949827524853,FORCE_BUY,0.155,0.19
2022-11-23,1125051.9915529205,0.0,1,0.8499999999999996,2.499999999999999,0.13274562132792603,FORCE_BUY,0.155,0.19
2022-11-25,1122093.3116436093,0.0,1,1.0499999999999996,2.4499999999999993,0.14041727397604134,FORCE_BUY,0.155,0.19
2022-11-28,1115143.2050641894,1115143.2050641894,0,1.9499999999999993,1.9999999999999996,0.19139521407050405,FORCE_SELL,0.155,0.19
2022-11-29,1120032.2770596498,0.0,1,2.499999999999999,0.8999999999999997,0.1670063658786799,FREE,0.155,0.19
2022-11-30,1122609.2121631193,1122609.2121631193,0,2.499999999999999,1.3499999999999996,0.22504043625570258,FORCE_SELL,0.155,0.19
2022-12-01,1126930.3490832103,1126930.3490832103,0,1.9999999999999996,2.4499999999999993,0.16817661107958973,FREE,0.155,0.19
2022-12-02,1125820.9745855525,0.0,1,2.2499999999999996,-0.5,0.1733579499098645,FREE,0.155,0.19
2022-12-05,1119053.79014984,1119053.79014984,0,-0.5,-0.5,0.20338947775439428,FORCE_SELL,0.155,0.19
2022-12-06,1119053.79014984,1119053.79014984,0,2.1999999999999993,1.4499999999999995,0.217775913799673,FORCE_SELL,0.155,0.19
2022-12-07,1114026.5688083041,0.0,1,2.3999999999999995,1.7999999999999994,0.17528309194938943,FREE,0.155,0.19
2022-12-08,1127071.6047376653,0.0,1,2.1499999999999995,1.3999999999999995,0.15548537014644992,FREE,0.155,0.19
2022-12-09,1132879.1977502059,1132879.1977502059,0,1.6499999999999995,1.5999999999999996,0.19737981565665294,FORCE_SELL,0.155,0.19
2022-12-12,1132879.1977502059,1132879.1977502059,0,1.6499999999999995,1.5999999999999996,0.15442868517038286,FORCE_BUY,0.155,0.19
2022-12-13,1132879.1977502059,1132879.1977502059,0,1.6499999999999995,1.5999999999999996,0.2241679141248607,FORCE_SELL,0.155,0.19
2022-12-14,1132879.1977502059,1132879.1977502059,0,1.6499999999999995,1.5999999999999996,0.21091148533412943,FORCE_SELL,0.155,0.19
2022-12-15,1132879.1977502059,1132879.1977502059,0,-0.5,2.2999999999999994,0.1975025469276611,FORCE_SELL,0.155,0.19
2022-12-16,1139354.0784853804,0.0,1,-0.5,1.7999999999999994,0.17686625856035218,FREE,0.155,0.19
2022-12-19,1147337.003793461,1147337.003793461,0,-0.5,-0.5,0.23490240551051655,FORCE_SELL,0.155,0.19
2022-12-20,1147337.003793461,1147337.003793461,0,2.349999999999999,1.9999999999999996,0.2101686699846078,FORCE_SELL,0.155,0.19
2022-12-21,1147337.003793461,1147337.003793461,0,-0.5,2.4499999999999993,0.2410994839105914,FORCE_SELL,0.155,0.19
2022-12-22,1147337.003793461,1147337.003793461,0,-0.5,1.2499999999999996,0.26491961754170296,FORCE_SELL,0.155,0.19
2022-12-23,1147337.003793461,1147337.003793461,0,-0.5,1.4999999999999996,0.2121163559546284,FORCE_SELL,0.155,0.19
2022-12-27,1147337.003793461,1147337.003793461,0,-0.5,-0.5,0.2245211775275915,FORCE_SELL,0.155,0.19
2022-12-28,1147337.003793461,1147337.003793461,0,-0.5,2.0999999999999996,0.28755227523430654,FORCE_SELL,0.155,0.19
2022-12-29,1147337.003793461,1147337.003793461,0,2.1499999999999995,2.3999999999999995,0.22670029636572467,FORCE_SELL,0.155,0.19
2022-12-30,1147337.003793461,1147337.003793461,0,2.4499999999999993,-0.5,0.1923299382602269,FORCE_SELL,0.155,0.19
2023-01-03,1147337.003793461,1147337.003793461,0,2.499999999999999,2.3999999999999995,0.2631232023203894,FORCE_SELL,0.155,0.19
2023-01-04,1147337.003793461,1147337.003793461,0,-0.5,2.0999999999999996,0.22965458187442,FORCE_SELL,0.155,0.19
2023-01-05,1147337.003793461,1147337.003793461,0,1.3999999999999995,1.8499999999999996,0.22952339586603862,FORCE_SELL,0.155,0.19
2023-01-06,1169608.5793860457,1169608.5793860457,0,2.499999999999999,2.2999999999999994,0.17333167123152907,FREE,0.155,0.19
2023-01-09,1151846.6664359674,0.0,1,-0.5,-0.5,0.18977881873665667,FREE,0.155,0.19
2023-01-10,1163509.430048079,0.0,1,2.1499999999999995,-0.5,0.13927933986214128,FORCE_BUY,0.155,0.18
2023-01-11,1176183.7598918534,0.0,1,0.9999999999999996,-0.5,0.12778722888682942,FORCE_BUY,0.155,0.18
2023-01-12,1181301.0949461474,0.0,1,0.9999999999999996,-0.5,0.14542663314568002,FORCE_BUY,0.155,0.18
2023-01-13,1185317.607924808,0.0,1,-0.5,2.4499999999999993,0.1387472610053758,FORCE_BUY,0.155,0.18
2023-01-17,1185194.5702510432,0.0,1,-0.5,1.0999999999999996,0.15637835788555773,FREE,0.155,0.18
2023-01-18,1189167.9236953715,1189167.9236953715,0,-0.5,1.0499999999999996,0.2293600420128213,FORCE_SELL,0.155,0.18
2023-01-19,1186304.0739098785,0.0,1,-0.5,-0.5,0.1698144805968609,FREE,0.155,0.18
2023-01-20,1209782.723958648,0.0,1,1.7999999999999994,1.9999999999999996,0.17163692746299955,FREE,0.155,0.18
2023-01-23,1196355.8080538623,1196355.8080538623,0,1.7999999999999994,1.9999999999999996,0.16490190129314508,FREE,0.155,0.18
2023-01-24,1193182.2916461118,0.0,1,-0.5,-0.5,0.14992032885429138,FORCE_BUY,0.155,0.18
2023-01-25,1205976.4905569884,0.0,1,2.2499999999999996,-0.5,0.16182144086001285,FREE,0.155,0.18
2023-01-26,1215005.5134461098,0.0,1,2.2499999999999996,-0.5,0.1318886854635483,FORCE_BUY,0.155,0.18
2023-01-27,1219695.7648133675,1219695.7648133675,0,0.8499999999999996,-0.5,0.15675154073886824,FREE,0.155,0.18
2023-01-30,1219695.7648133675,1219695.7648133675,0,2.349999999999999,-0.5,0.19253106059533417,FORCE_SELL,0.155,0.18
2023-01-31,1232697.287262469,1232697.287262469,0,2.1999999999999993,-0.5,0.15511532197378883,FREE,0.155,0.18
2023-02-01,1232697.287262469,1232697.287262469,0,1.5999999999999996,-0.5,0.19831311375606075,FORCE_SELL,0.155,0.18
2023-02-02,1235977.7203482045,0.0,1,1.6499999999999995,-0.5,0.15468622133753854,FORCE_BUY,0.155,0.18
2023-02-03,1232995.5084520814,1232995.5084520814,0,1.6999999999999993,-0.5,0.19791825434550092,FORCE_SELL,0.155,0.18
2023-02-06,1235641.3570400446,0.0,1,-0.5,2.349999999999999,0.14990351969259455,FORCE_BUY,0.155,0.26
2023-02-07,1238459.597021343,1238459.597021343,0,2.1999999999999993,2.4499999999999993,0.18396880403105706,FREE,0.155,0.26
2023-02-08,1229430.9118863852,0.0,1,2.2499999999999996,1.4999999999999996,0.18423281728288485,FREE,0.155,0.26
2023-02-09,1214966.1216858055,0.0,1,2.349999999999999,-0.5,0.2170001134818851,FREE,0.155,0.26
2023-02-10,1218428.5841002008,0.0,1,2.4499999999999993,2.1499999999999995,0.13591045435914054,FORCE_BUY,0.155,0.18
2023-02-13,1231681.4574794387,0.0,1,2.4499999999999993,2.1499999999999995,0.14157503460441767,FORCE_BUY,0.155,0.18
2023-02-14,1234636.4900572419,1234636.4900572419,0,2.4499999999999993,2.1499999999999995,0.16875797545408958,FREE,0.155,0.18
2023-02-15,1246853.1656187256,0.0,1,-0.5,2.499999999999999,0.13267301542799423,FORCE_BUY,0.155,0.18
2023-02-16,1232800.9796896297,1232800.9796896297,0,1.7499999999999996,-0.5,0.19395928630003148,FORCE_SELL,0.155,0.18
2023-02-17,1238516.5551318405,0.0,1,2.349999999999999,1.9499999999999993,0.12461940894683414,FORCE_BUY,0.155,0.18
2023-02-21,1215289.4293986007,0.0,1,2.349999999999999,1.9499999999999993,0.25389256919521974,FORCE_SELL,0.155,0.18
2023-02-22,1214863.8014401384,1214863.8014401384,0,-0.5,2.3999999999999995,0.22498876008310686,FORCE_SELL,0.155,0.18
2023-02-23,1214863.8014401384,1214863.8014401384,0,-0.5,2.3999999999999995,0.21347593712525192,FORCE_SELL,0.155,0.18
2023-02-24,1214863.8014401384,1214863.8014401384,0,2.3999999999999995,2.349999999999999,0.18623866355119126,FORCE_SELL,0.155,0.18
2023-02-27,1214863.8014401384,1214863.8014401384,0,1.6499999999999995,1.4999999999999996,0.2699311150484696,FORCE_SELL,0.155,0.18
2023-02-28,1214863.8014401384,1214863.8014401384,0,1.4499999999999995,1.4499999999999995,0.26533404036016606,FORCE_SELL,0.155,0.18
2023-03-01,1214863.8014401384,1214863.8014401384,0,1.6999999999999993,-0.5,0.20660494341882918,FORCE_SELL,0.155,0.18
2023-03-02,1214863.8014401384,1214863.8014401384,0,2.0999999999999996,2.2999999999999994,0.21019130654915216,FORCE_SELL,0.155,0.18
2023-03-03,1214863.8014401384,1214863.8014401384,0,2.3999999999999995,2.349999999999999,0.22218051464486377,FORCE_SELL,0.155,0.18
2023-03-06,1214863.8014401384,1214863.8014401384,0,2.4499999999999993,-0.5,0.2581741084107941,FORCE_SELL,0.155,0.18
2023-03-07,1214863.8014401384,1214863.8014401384,0,2.1999999999999993,-0.5,0.29695690027257754,FORCE_SELL,0.155,0.18
2023-03-08,1214863.8014401384,1214863.8014401384,0,1.9499999999999993,-0.5,0.20511289863968876,FORCE_SELL,0.155,0.18
2023-03-09,1214863.8014401384,1214863.8014401384,0,-0.5,2.3999999999999995,0.3156594480513126,FORCE_SELL,0.155,0.18
2023-03-10,1214863.8014401384,1214863.8014401384,0,-0.5,2.1499999999999995,0.27416869441102915,FORCE_SELL,0.155,0.18
2023-03-13,1214863.8014401384,1214863.8014401384,0,-0.5,2.1499999999999995,0.26961458537955624,FORCE_SELL,0.145,0.175
2023-03-14,1214863.8014401384,1214863.8014401384,0,-0.5,2.1999999999999993,0.23664360973701545,FORCE_SELL,0.145,0.175
2023-03-15,1214863.8014401384,1214863.8014401384,0,-0.5,2.4499999999999993,0.2098711875444308,FORCE_SELL,0.145,0.175
2023-03-16,1214863.8014401384,1214863.8014401384,0,2.2499999999999996,2.0499999999999994,0.2579520675260665,FORCE_SELL,0.145,0.175
2023-03-17,1214863.8014401384,1214863.8014401384,0,-0.5,1.6499999999999995,0.25221041298062696,FORCE_SELL,0.145,0.175
2023-03-20,1214863.8014401384,1214863.8014401384,0,-0.5,2.0999999999999996,0.19138354468765725,FORCE_SELL,0.145,0.175
2023-03-21,1223838.0204221504,0.0,1,2.499999999999999,2.2999999999999994,0.11922348484491078,FORCE_BUY,0.145,0.175
2023-03-22,1226445.913117778,1226445.913117778,0,2.1499999999999995,2.349999999999999,0.1995752025070985,FORCE_SELL,0.145,0.175
2023-03-23,1226445.913117778,1226445.913117778,0,1.9499999999999993,2.1999999999999993,0.19812498648288757,FORCE_SELL,0.145,0.175
2023-03-24,1239356.5282152123,0.0,1,2.4499999999999993,2.2499999999999996,0.13942596691959153,FORCE_BUY,0.145,0.215
2023-03-27,1246046.2900332536,1246046.2900332536,0,2.4499999999999993,2.2499999999999996,0.1543043846357378,FREE,0.145,0.215
2023-03-28,1247871.1690783242,0.0,1,2.499999999999999,1.8999999999999995,0.1255451399414968,FORCE_BUY,0.145,0.215
2023-03-29,1261368.9813254839,0.0,1,1.9999999999999996,1.8999999999999995,0.1200917166557695,FORCE_BUY,0.145,0.215
2023-03-30,1271814.8406869222,0.0,1,-0.5,-0.5,0.11362171509788233,FORCE_BUY,0.145,0.215
2023-03-31,1289245.581910527,0.0,1,-0.5,-0.5,0.1251094457237596,FORCE_BUY,0.145,0.215
2023-04-03,1291825.583319075,0.0,1,-0.5,-0.5,0.11065426136806387,FORCE_BUY,0.145,0.215
2023-04-04,1294437.0481594347,1294437.0481594347,0,-0.5,-0.5,0.14976458458124858,FREE,0.145,0.215
2023-04-05,1294564.1905863238,0.0,1,1.2999999999999996,-0.5,0.13494500656029088,FORCE_BUY,0.145,0.215
2023-04-06,1299268.460381226,0.0,1,1.2999999999999996,2.3999999999999995,0.1313495825901904,FORCE_BUY,0.145,0.215
2023-04-10,1303782.0165357944,0.0,1,2.4499999999999993,1.9999999999999996,0.12426605893872804,FORCE_BUY,0.145,0.215
2023-04-11,1303019.161974459,0.0,1,2.4499999999999993,1.6999999999999993,0.14440543852661752,FORCE_BUY,0.145,0.215
2023-04-12,1304767.370344186,1304767.370344186,0,2.2499999999999996,1.2499999999999996,0.16999559422171365,FREE,0.145,0.215
2023-04-13,1305683.5508221516,1305683.5508221516,0,1.6499999999999995,2.2999999999999994,0.1469200543100582,FREE,0.145,0.215
2023-04-14,1304640.1169775948,1304640.1169775948,0,1.5499999999999994,2.349999999999999,0.15857528716669186,FREE,0.145,0.215
2023-04-17,1304671.6399224077,0.0,1,1.5499999999999994,2.349999999999999,0.12508606114565532,FORCE_BUY,0.145,0.215
2023-04-18,1304734.6858120337,0.0,1,1.5499999999999994,2.349999999999999,0.13863633232740588,FORCE_BUY,0.145,0.215
2023-04-19,1301708.4831099813,0.0,1,0.9999999999999996,1.3499999999999996,0.14643762303080898,FREE,0.145,0.215
2023-04-20,1300936.8784089282,1300936.8784089282,0,1.5499999999999994,1.4999999999999996,0.16152210847885892,FREE,0.145,0.215
2023-04-21,1303372.3790079432,0.0,1,1.3999999999999995,1.4999999999999996,0.1292628814697584,FORCE_BUY,0.145,0.215
2023-04-24,1303941.7168103103,0.0,1,1.3999999999999995,1.0499999999999996,0.12794448221797464,FORCE_BUY,0.145,0.215
2023-04-25,1299387.0143913731,1299387.0143913731,0,1.3999999999999995,0.9499999999999997,0.27143860744861764,FORCE_SELL,0.145,0.215
2023-04-26,1299387.0143913731,1299387.0143913731,0,1.5499999999999994,0.6999999999999997,0.24212517268880665,FORCE_SELL,0.145,0.215
2023-04-27,1299387.0143913731,1299387.0143913731,0,1.5999999999999996,1.5999999999999996,0.24876890910351812,FORCE_SELL,0.145,0.215
2023-04-28,1305283.4820518424,0.0,1,1.5999999999999996,1.5999999999999996,0.21245287102762642,FREE,0.145,0.215
2023-05-01,1306694.870587593,1306694.870587593,0,1.5999999999999996,1.5999999999999996,0.25230020727689856,FORCE_SELL,0.145,0.215
2023-05-02,1306694.870587593,1306694.870587593,0,1.4999999999999996,2.0999999999999996,0.28827827146925794,FORCE_SELL,0.145,0.215
2023-05-03,1306694.870587593,1306694.870587593,0,1.6499999999999995,1.8999999999999995,0.3072622563489275,FORCE_SELL,0.145,0.215
2023-05-04,1314807.8102299462,1314807.8102299462,0,1.7999999999999994,-0.5,0.20154168720146634,FREE,0.145,0.215
2023-05-05,1314807.8102299462,1314807.8102299462,0,0.9999999999999996,2.2499999999999996,0.2298495738834676,FORCE_SELL,0.145,0.215
2023-05-08,1314839.6820407293,0.0,1,0.9999999999999996,2.2499999999999996,0.1809789937024037,FREE,0.145,0.215
2023-05-09,1311046.9365575556,0.0,1,-0.5,1.5999999999999996,0.22660363770777328,FORCE_SELL,0.145,0.215
2023-05-10,1308752.1661811816,1308752.1661811816,0,1.1499999999999997,1.7999999999999994,0.23509427792334958,FORCE_SELL,0.145,0.215
2023-05-11,1311000.3059352299,1311000.3059352299,0,0.7499999999999998,2.349999999999999,0.1808602365352733,FREE,0.145,0.215
2023-05-12,1311000.3059352299,1311000.3059352299,0,1.7999999999999994,-0.5,0.21772937078113105,FORCE_SELL,0.145,0.215
2023-05-15,1312196.3722427844,1312196.3722427844,0,2.3999999999999995,1.7999999999999994,0.1807955879240706,FREE,0.145,0.215
2023-05-16,1312196.3722427844,1312196.3722427844,0,1.3999999999999995,1.7999999999999994,0.24508023072946541,FORCE_SELL,0.145,0.215
2023-05-17,1312575.9397121568,0.0,1,0.8499999999999996,2.499999999999999,0.13705869208916124,FORCE_BUY,0.145,0.215
2023-05-18,1328169.836578872,0.0,1,0.4999999999999998,2.3999999999999995,0.13494405981356616,FORCE_BUY,0.145,0.215
2023-05-19,1324057.8556606714,0.0,1,-0.5,2.3999999999999995,0.14607528069184905,FREE,0.145,0.215
2023-05-22,1327348.9670105055,1327348.9670105055,0,-0.5,2.3999999999999995,0.1522179682068514,FREE,0.145,0.215
2023-05-23,1321489.5165017934,0.0,1,1.1999999999999997,-0.5,0.2062972981293071,FREE,0.145,0.215
2023-05-24,1317897.5722201846,1317897.5722201846,0,1.2999999999999996,-0.5,0.15460737117763973,FREE,0.145,0.215
2023-05-25,1317802.0608609226,0.0,1,1.2999999999999996,1.9999999999999996,0.15523084571137502,FREE,0.145,0.215
2023-05-26,1327154.054885163,1327154.054885163,0,0.19999999999999984,2.499999999999999,0.15271771846279156,FREE,0.145,0.215
2023-05-30,1325230.3005417108,0.0,1,1.3999999999999995,-0.5,0.15709906319678266,FREE,0.145,0.215
2023-05-31,1323844.5615862901,1323844.5615862901,0,0.8499999999999996,-0.5,0.1533214642565766,FREE,0.145,0.215
2023-06-01,1324416.7386664725,1324416.7386664725,0,0.9499999999999997,2.349999999999999,0.1554830927748001,FREE,0.145,0.215
2023-06-02,1324416.7386664725,1324416.7386664725,0,1.3999999999999995,2.349999999999999,0.14095455711365104,FORCE_BUY,0.145,0.215
2023-06-05,1320949.0307290626,0.0,1,1.3999999999999995,2.349999999999999,0.1580498208256554,FREE,0.145,0.215
2023-06-06,1326645.9794833788,0.0,1,1.0499999999999996,-0.5,0.13425324897900984,FORCE_BUY,0.145,0.215
2023-06-07,1323120.0448285292,0.0,1,-0.5,1.3499999999999996,0.16877754668625455,FREE,0.145,0.215
2023-06-08,1330005.1568709072,0.0,1,1.4499999999999995,1.6999999999999993,0.14372176784595514,FORCE_BUY,0.145,0.215
2023-06-09,1328325.5061384866,1328325.5061384866,0,1.2999999999999996,1.6499999999999995,0.15090434810172113,FREE,0.145,0.215
2023-06-12,1328325.5061384866,1328325.5061384866,0,1.2999999999999996,1.6499999999999995,0.12306269807500592,FORCE_BUY,0.145,0.215
2023-06-13,1329604.059392934,0.0,1,1.2999999999999996,1.6499999999999995,0.12097176538866089,FORCE_BUY,0.145,0.215
2023-06-14,1331034.8213681492,0.0,1,-0.5,1.0499999999999996,0.1491218649200986,FORCE_BUY,0.16,0.215
2023-06-15,1343118.4637793857,1343118.4637793857,0,-0.5,1.7499999999999996,0.17056769088397072,FREE,0.16,0.215
2023-06-16,1345718.5035301056,0.0,1,1.2499999999999996,1.3499999999999996,0.1888568217740458,FREE,0.16,0.215
2023-06-20,1339105.4857445862,0.0,1,1.2499999999999996,1.3499999999999996,0.13995719789875086,FORCE_BUY,0.16,0.215
2023-06-21,1331788.3040282014,0.0,1,1.7499999999999996,-0.5,0.15939669809727788,FORCE_BUY,0.16,0.215
2023-06-22,1336625.6040750165,0.0,1,-0.5,0.7499999999999998,0.12441163821164102,FORCE_BUY,0.16,0.29
2023-06-23,1333386.35828799,1333386.35828799,0,1.0999999999999996,0.5999999999999996,0.21126749368294162,FREE,0.16,0.29
2023-06-26,1338632.9215752955,1338632.9215752955,0,1.0499999999999996,0.9999999999999996,0.2366828035700098,FREE,0.16,0.29
2023-06-27,1346564.092375223,1346564.092375223,0,1.1999999999999997,1.0999999999999996,0.2371450001748484,FREE,0.16,0.29
2023-06-28,1348542.6245190445,0.0,1,1.3999999999999995,1.5999999999999996,0.21461919723809453,FREE,0.16,0.29
2023-06-29,1352647.354329344,0.0,1,0.5499999999999998,1.1999999999999997,0.1901356691924262,FREE,0.16,0.29
2023-06-30,1366628.1257884842,0.0,1,1.2499999999999996,2.2999999999999994,0.13345681269107984,FORCE_BUY,0.16,0.29
2023-07-03,1370146.4656258835,0.0,1,1.2499999999999996,2.2999999999999994,0.1168593997056735,FORCE_BUY,0.16,0.29
2023-07-05,1366689.8510487895,0.0,1,1.0499999999999996,1.4999999999999996,0.13223495621400239,FORCE_BUY,0.16,0.29
2023-07-06,1356381.732577812,0.0,1,0.9999999999999996,2.2999999999999994,0.1302365694590869,FORCE_BUY,0.16,0.29
2023-07-07,1356434.9830221243,0.0,1,1.1499999999999997,-0.5,0.19777688782590652,FREE,0.16,0.29
2023-07-10,1359433.9617414537,0.0,1,1.1499999999999997,-0.5,0.115306515746313,FORCE_BUY,0.16,0.29
2023-07-11,1367812.5517717458,0.0,1,1.1499999999999997,-0.5,0.13948499196984285,FORCE_BUY,0.16,0.29
2023-07-12,1380148.557019297,0.0,1,1.1499999999999997,-0.5,0.14205429231064215,FORCE_BUY,0.16,0.29
2023-07-13,1389330.997015595,0.0,1,1.1499999999999997,-0.5,0.13502020161171002,FORCE_BUY,0.16,0.29
2023-07-14,1388774.4855006677,0.0,1,0.7999999999999998,-0.5,0.15111178039492926,FORCE_BUY,0.16,0.29
2023-07-17,1392175.3892030003,0.0,1,0.6999999999999997,1.4499999999999995,0.13351013750663132,FORCE_BUY,0.16,0.29
2023-07-18,1403769.3790973157,0.0,1,1.1499999999999997,1.4499999999999995,0.14656299258365127,FORCE_BUY,0.16,0.29
2023-07-19,1403676.627178161,0.0,1,1.1499999999999997,1.8999999999999995,0.1421850350230055,FORCE_BUY,0.16,0.29
2023-07-20,1398235.181254429,0.0,1,1.7999999999999994,1.3499999999999996,0.19148188518400508,FREE,0.16,0.29
2023-07-21,1398913.514349826,0.0,1,1.8999999999999995,1.2499999999999996,0.1834100176453042,FREE,0.16,0.27
2023-07-24,1406125.5256086711,0.0,1,1.8999999999999995,1.2499999999999996,0.14770173136769604,FORCE_BUY,0.16,0.245
2023-07-25,1409313.9774531932,0.0,1,1.7999999999999994,1.3999999999999995,0.14418694756484227,FORCE_BUY,0.16,0.245
2023-07-26,1410211.3002274162,0.0,1,1.4499999999999995,0.4999999999999998,0.15228361143372296,FORCE_BUY,0.16,0.245
2023-07-27,1417701.8870284485,1417701.8870284485,0,1.7999999999999994,0.5499999999999998,0.2569666258870313,FORCE_SELL,0.16,0.245
2023-07-28,1419199.5583222702,1419199.5583222702,0,2.1999999999999993,1.4499999999999995,0.17267408688696606,FREE,0.16,0.245
2023-07-31,1421528.2527931323,0.0,1,-0.5,0.6499999999999997,0.13056508461904304,FORCE_BUY,0.16,0.245
2023-08-01,1412803.4108423018,0.0,1,0.7999999999999998,-0.5,0.1441758712550473,FORCE_BUY,0.16,0.245
2023-08-02,1400674.160082694,0.0,1,1.3499999999999996,0.4999999999999998,0.1935194069254076,FREE,0.16,0.245
2023-08-03,1398635.0365214685,1398635.0365214685,0,0.7999999999999998,1.0499999999999996,0.16794980768010284,FREE,0.16,0.245
2023-08-04,1387177.6451912129,0.0,1,1.2999999999999996,1.6999999999999993,0.24027147340488456,FREE,0.16,0.245
2023-08-07,1399378.5496843006,0.0,1,1.2999999999999996,1.6999999999999993,0.12892337834089507,FORCE_BUY,0.16,0.24
2023-08-08,1393588.5530228226,1393588.5530228226,0,1.8499999999999996,1.2999999999999996,0.17040122367711855,FREE,0.16,0.24
2023-08-09,1395022.9116610514,1395022.9116610514,0,1.7999999999999994,1.5999999999999996,0.18606819865360782,FREE,0.16,0.24
2023-08-10,1385280.936869667,1385280.936869667,0,2.0999999999999996,1.4999999999999996,0.22661336536000465,FREE,0.16,0.24
2023-08-11,1385280.936869667,1385280.936869667,0,0.7999999999999998,1.7999999999999994,0.14062537091851954,FORCE_BUY,0.16,0.215
2023-08-14,1396645.6520245844,0.0,1,0.7999999999999998,1.7999999999999994,0.1247569085447483,FORCE_BUY,0.16,0.215
2023-08-15,1379956.6456601028,0.0,1,0.9999999999999996,-0.5,0.18774220301509717,FREE,0.16,0.215
2023-08-16,1374032.6114713566,0.0,1,1.5499999999999994,0.9999999999999996,0.1999534803241804,FREE,0.16,0.215
2023-08-17,1377346.245197888,1377346.245197888,0,2.2499999999999996,-0.5,0.20437304358770095,FORCE_SELL,0.16,0.19
2023-08-18,1377346.245197888,1377346.245197888,0,0.8999999999999997,1.0499999999999996,0.1447540033777799,FORCE_BUY,0.16,0.19
2023-08-21,1377346.245197888,1377346.245197888,0,0.8999999999999997,1.0499999999999996,0.13835297007456282,FORCE_BUY,0.16,0.19
2023-08-22,1382478.3967237151,0.0,1,-0.5,1.3499999999999996,0.16609819837629625,FREE,0.16,0.19
2023-08-23,1404087.5082095617,0.0,1,1.4999999999999996,2.1999999999999993,0.1398752378338406,FORCE_BUY,0.16,0.19
2023-08-24,1379229.1434637993,0.0,1,2.0499999999999994,-0.5,0.23565709575137342,FORCE_SELL,0.16,0.19
2023-08-25,1387557.3265765929,0.0,1,1.8999999999999995,1.9499999999999993,0.1516550247964488,FORCE_BUY,0.16,0.19
2023-08-28,1396989.6248747944,0.0,1,1.8999999999999995,1.9499999999999993,0.12468101977157227,FORCE_BUY,0.16,0.19
2023-08-29,1400806.7088014917,1400806.7088014917,0,1.8999999999999995,1.9499999999999993,0.16099584289662314,FREE,0.16,0.19
2023-08-30,1400806.7088014917,1400806.7088014917,0,1.8999999999999995,1.9499999999999993,0.13085055914560179,FORCE_BUY,0.165,0.19
2023-08-31,1400806.7088014917,1400806.7088014917,0,1.8999999999999995,1.9499999999999993,0.16658232759839742,FREE,0.165,0.19
2023-09-01,1400806.7088014917,1400806.7088014917,0,0.7499999999999998,1.6499999999999995,0.15585013631404657,FORCE_BUY,0.165,0.19
2023-09-05,1399342.4074956407,0.0,1,0.9499999999999997,1.2999999999999996,0.17895768086610522,FREE,0.165,0.19
2023-09-06,1389933.492721875,0.0,1,1.0999999999999996,-0.5,0.1731359648626308,FREE,0.165,0.19
2023-09-07,1386506.404559245,0.0,1,0.8499999999999996,1.3499999999999996,0.1383952322736315,FORCE_BUY,0.165,0.19
2023-09-08,1386755.6473347093,0.0,1,0.8999999999999997,1.4999999999999996,0.1609214493376552,FORCE_BUY,0.165,0.19
2023-09-11,1395759.5425983458,0.0,1,0.8999999999999997,1.4999999999999996,0.1277972837592236,FORCE_BUY,0.165,0.19
2023-09-12,1390151.580150406,1390151.580150406,0,0.8499999999999996,1.3499999999999996,0.17828636959107283,FREE,0.165,0.19
2023-09-13,1394362.7427964357,0.0,1,0.9999999999999996,1.2499999999999996,0.14616621396959772,FORCE_BUY,0.165,0.19
2023-09-14,1405810.8664341604,0.0,1,-0.5,1.8499999999999996,0.14497602516206543,FORCE_BUY,0.165,0.19
2023-09-15,1382789.843969199,0.0,1,1.9499999999999993,-0.5,0.2094567197956887,FORCE_SELL,0.165,0.19
2023-09-18,1384692.6656092568,0.0,1,1.9499999999999993,-0.5,0.15182896630116188,FORCE_BUY,0.165,0.19
2023-09-19,1381542.0920740792,0.0,1,0.6999999999999997,0.9999999999999996,0.14333506429886148,FORCE_BUY,0.165,0.19
2023-09-20,1382821.0377665772,1382821.0377665772,0,1.2999999999999996,-0.5,0.23496388729814854,FORCE_SELL,0.165,0.19
2023-09-21,1382821.0377665772,1382821.0377665772,0,2.499999999999999,-0.5,0.2768466479967148,FORCE_SELL,0.165,0.19
2023-09-22,1382821.0377665772,1382821.0377665772,0,2.349999999999999,-0.5,0.25565361177977736,FORCE_SELL,0.165,0.19
2023-09-25,1385624.4452859343,1385624.4452859343,0,1.2499999999999996,1.9999999999999996,0.1805185114349548,FREE,0.165,0.19
2023-09-26,1385624.4452859343,1385624.4452859343,0,1.5499999999999994,2.499999999999999,0.25548953631029264,FORCE_SELL,0.165,0.19
2023-09-27,1385624.4452859343,1385624.4452859343,0,1.7999999999999994,-0.5,0.21591083583795181,FORCE_SELL,0.165,0.19
2023-09-28,1385624.4452859343,1385624.4452859343,0,1.1499999999999997,1.6499999999999995,0.25572353402980935,FORCE_SELL,0.165,0.19
2023-09-29,1385624.4452859343,1385624.4452859343,0,-0.5,1.8499999999999996,0.299032874802612,FORCE_SELL,0.165,0.19
2023-10-02,1385624.4452859343,1385624.4452859343,0,-0.5,1.8499999999999996,0.23300617922553238,FORCE_SELL,0.165,0.19
2023-10-03,1385624.4452859343,1385624.4452859343,0,2.2499999999999996,1.6999999999999993,0.28109513855124174,FORCE_SELL,0.165,0.19
2023-10-04,1385624.4452859343,1385624.4452859343,0,2.3999999999999995,1.6999999999999993,0.2246922166554741,FORCE_SELL,0.165,0.19
2023-10-05,1385624.4452859343,1385624.4452859343,0,1.6999999999999993,-0.5,0.22146235781327375,FORCE_SELL,0.165,0.19
2023-10-06,1385624.4452859343,1385624.4452859343,0,1.9499999999999993,2.2999999999999994,0.30807192774710423,FORCE_SELL,0.165,0.19
2023-10-09,1385624.4452859343,1385624.4452859343,0,1.9499999999999993,2.2999999999999994,0.22855832854877176,FORCE_SELL,0.165,0.19
2023-10-10,1385624.4452859343,1385624.4452859343,0,1.9499999999999993,2.2999999999999994,0.2537674891140235,FORCE_SELL,0.165,0.19
2023-10-11,1385624.4452859343,1385624.4452859343,0,0.6999999999999997,2.2499999999999996,0.19251601602095045,FORCE_SELL,0.165,0.19
2023-10-12,1385624.4452859343,1385624.4452859343,0,0.7499999999999998,2.2999999999999994,0.2715433531618328,FORCE_SELL,0.165,0.19
2023-10-13,1385624.4452859343,1385624.4452859343,0,0.6999999999999997,1.8499999999999996,0.3016126573351931,FORCE_SELL,0.165,0.19
2023-10-16,1385624.4452859343,1385624.4452859343,0,0.6999999999999997,1.8499999999999996,0.21241670230420207,FORCE_SELL,0.165,0.19
2023-10-17,1385815.5658990773,0.0,1,1.0999999999999996,1.5999999999999996,0.15296465443768884,FORCE_BUY,0.165,0.19
2023-10-18,1370971.8649449795,0.0,1,1.7499999999999996,-0.5,0.19621956355379933,FORCE_SELL,0.165,0.19
2023-10-19,1356160.0174264058,0.0,1,1.7499999999999996,-0.5,0.21903235603437687,FORCE_SELL,0.165,0.19
2023-10-20,1339755.4981316414,0.0,1,1.7499999999999996,-0.5,0.20077400606556706,FORCE_SELL,0.165,0.19
2023-10-23,1347878.124190214,1347878.124190214,0,1.5499999999999994,1.7999999999999994,0.23856890566857247,FORCE_SELL,0.165,0.19
2023-10-24,1347878.124190214,1347878.124190214,0,1.5499999999999994,1.9999999999999996,0.22420368099221322,FORCE_SELL,0.165,0.19
2023-10-25,1347878.124190214,1347878.124190214,0,2.499999999999999,-0.5,0.24187144144554473,FORCE_SELL,0.165,0.19
2023-10-26,1347878.124190214,1347878.124190214,0,2.3999999999999995,1.3999999999999995,0.23904090008932322,FORCE_SELL,0.165,0.19
2023-10-27,1347878.124190214,1347878.124190214,0,2.1499999999999995,-0.5,0.24141612174411006,FORCE_SELL,0.165,0.19
2023-10-30,1347878.124190214,1347878.124190214,0,0.9499999999999997,2.4499999999999993,0.22443997714310596,FORCE_SELL,0.165,0.19
2023-10-31,1347878.124190214,1347878.124190214,0,0.9499999999999997,2.3999999999999995,0.20697814113742133,FORCE_SELL,0.165,0.19
2023-11-01,1347878.124190214,1347878.124190214,0,0.9499999999999997,2.3999999999999995,0.22745932283320344,FORCE_SELL,0.165,0.19
2023-11-02,1347878.124190214,1347878.124190214,0,0.9499999999999997,2.3999999999999995,0.12676793675426667,FORCE_BUY,0.165,0.19
2023-11-03,1347878.124190214,1347878.124190214,0,0.9499999999999997,2.3999999999999995,0.13450161294017846,FORCE_BUY,0.165,0.19
2023-11-06,1347971.1411752289,0.0,1,0.6999999999999997,-0.5,0.12500102271095667,FORCE_BUY,0.165,0.19
2023-11-07,1354048.2508628734,0.0,1,0.7999999999999998,1.5999999999999996,0.11729158550949322,FORCE_BUY,0.165,0.19
2023-11-08,1353800.2055695,0.0,1,0.7499999999999998,1.8999999999999995,0.11825215266104437,FORCE_BUY,0.165,0.19
2023-11-09,1345574.2335723909,0.0,1,1.5999999999999996,-0.5,0.17399301460948327,FREE,0.165,0.19
2023-11-10,1365929.7519107242,0.0,1,-0.5,2.499999999999999,0.14350242382454723,FORCE_BUY,0.165,0.19
2023-11-13,1366519.3172284504,0.0,1,-0.5,2.499999999999999,0.12340357524589018,FORCE_BUY,0.165,0.19
2023-11-14,1394042.7086401908,0.0,1,-0.5,2.3999999999999995,0.1353792433461257,FORCE_BUY,0.165,0.19
2023-11-15,1394942.881791098,0.0,1,0.8499999999999996,1.2999999999999996,0.13784424859733602,FORCE_BUY,0.165,0.19
2023-11-16,1398014.517096451,0.0,1,0.7999999999999998,1.2499999999999996,0.12904680782996683,FORCE_BUY,0.165,0.19
2023-11-17,1397455.9815322894,0.0,1,0.8499999999999996,1.3499999999999996,0.11119291209980442,FORCE_BUY,0.165,0.19
2023-11-20,1410085.0912330542,0.0,1,-0.5,1.2499999999999996,0.12874195899868715,FORCE_BUY,0.165,0.19
2023-11-21,1405585.776966197,0.0,1,-0.5,1.1999999999999997,0.133434504276944,FORCE_BUY,0.165,0.19
2023-11-22,1411388.3408827647,0.0,1,-0.5,1.1999999999999997,0.1296557485389165,FORCE_BUY,0.165,0.19
2023-11-24,1413094.9773288139,0.0,1,-0.5,1.1999999999999997,0.11166886253229528,FORCE_BUY,0.165,0.19
2023-11-27,1410922.584281761,0.0,1,0.8999999999999997,-0.5,0.14460224917403705,FORCE_BUY,0.165,0.19
2023-11-28,1412753.6500396042,0.0,1,1.6999999999999993,1.0499999999999996,0.15273194845142282,FORCE_BUY,0.165,0.19
2023-11-29,1414180.066444539,0.0,1,0.9999999999999996,0.7499999999999998,0.18180722385138515,FREE,0.165,0.19
2023-11-30,1418065.7743184,0.0,1,0.6499999999999997,0.9499999999999997,0.13968020382648316,FORCE_BUY,0.165,0.19
2023-12-01,1429380.955647084,0.0,1,-0.5,1.1999999999999997,0.16075511638872766,FORCE_BUY,0.165,0.19
2023-12-04,1418717.7637684187,1418717.7637684187,0,1.1999999999999997,-0.5,0.1796893670406127,FREE,0.165,0.19
2023-12-05,1423947.0269008502,0.0,1,1.1499999999999997,-0.5,0.14559138638434213,FORCE_BUY,0.165,0.19
2023-12-06,1424569.5582261395,1424569.5582261395,0,1.2999999999999996,1.3999999999999995,0.21495886506204986,FORCE_SELL,0.165,0.19
2023-12-07,1436328.6069678257,0.0,1,2.2999999999999994,1.2999999999999996,0.1381706722678123,FORCE_BUY,0.165,0.19
2023-12-08,1444293.402648861,0.0,1,1.2999999999999996,1.2499999999999996,0.14057906658859476,FORCE_BUY,0.165,0.19
2023-12-11,1449655.52887507,0.0,1,0.6499999999999997,1.5999999999999996,0.1251838032253986,FORCE_BUY,0.165,0.19
2023-12-12,1457244.0349963715,0.0,1,0.6499999999999997,2.3999999999999995,0.1362204430288341,FORCE_BUY,0.165,0.19
2023-12-13,1477912.6060973036,1477912.6060973036,0,0.6499999999999997,2.3999999999999995,0.18813961685140246,FREE,0.165,0.19
2023-12-14,1475097.9514525153,0.0,1,-0.5,-0.5,0.16883860639007411,FREE,0.165,0.19
2023-12-15,1470187.942794385,0.0,1,1.2999999999999996,1.0999999999999996,0.14707642561288145,FORCE_BUY,0.165,0.19
2023-12-18,1475473.2387384872,0.0,1,1.2999999999999996,1.0999999999999996,0.14375478627531432,FORCE_BUY,0.165,0.19
2023-12-19,1484480.1336018096,0.0,1,1.2999999999999996,1.0999999999999996,0.12152604310176159,FORCE_BUY,0.165,0.19
2023-12-20,1464965.1947312779,1464965.1947312779,0,1.8999999999999995,0.6499999999999997,0.2538176519113518,FORCE_SELL,0.165,0.19
2023-12-21,1464965.1947312779,1464965.1947312779,0,1.9499999999999993,0.7499999999999998,0.14120532568427116,FORCE_BUY,0.165,0.19
2023-12-22,1459874.5463491061,0.0,1,1.5499999999999994,-0.5,0.15102415439994368,FORCE_BUY,0.165,0.19
2023-12-26,1467309.9782285206,0.0,1,1.5499999999999994,-0.5,0.13680590324195493,FORCE_BUY,0.165,0.225
2023-12-27,1471351.6445198206,0.0,1,-0.5,1.3999999999999995,0.114499378255847,FORCE_BUY,0.165,0.225
2023-12-28,1471814.4307363818,0.0,1,1.7999999999999994,1.3999999999999995,0.13962766008902422,FORCE_BUY,0.165,0.225
2023-12-29,1465705.6526777756,0.0,1,1.7999999999999994,1.3999999999999995,0.15429528067688844,FORCE_BUY,0.165,0.225
