timestamp,Open,High,Low,Close,Volume
2000-11-27,260.86,264.07,260.75,261.93,0.0
2000-11-28,259.27,259.51,254.85,255.05,0.0
2000-11-29,254.96,258.14,254.15,256.3,0.0
2000-11-30,258.51,260.59,256.24,256.38,0.0
2000-12-01,258.56,258.56,249.73,249.93,0.0
2000-12-04,253.78,259.73,252.14,252.39,0.0
2000-12-05,252.77,254.92,245.32,245.98,0.0
2000-12-06,252.53,255.69,246.11,253.48,0.0
2000-12-07,259.53,259.81,248.58,249.87,0.0
2000-12-08,248.51,250.07,243.88,247.31,0.0
2000-12-11,253.73,255.55,252.4,254.37,0.0
2000-12-12,253.87,254.33,245.12,246.91,0.0
2000-12-13,247.15,248.02,239.31,239.66,0.0
2000-12-14,240.32,240.76,233.33,234.48,0.0
2000-12-15,236.98,242.47,236.63,241.8,0.0
2000-12-18,248.92,249.16,243.48,245.33,0.0
2000-12-19,245.97,247.37,241.59,244.84,0.0
2000-12-20,244.53,245.43,236.76,236.99,0.0
2000-12-21,240.5,241.89,238.43,239.66,0.0
2000-12-22,239.74,241.99,236.12,238.81,0.0
2000-12-26,238.81,242.18,238.81,241.45,0.0
2000-12-27,242.85,244.02,240.78,242.76,0.0
2000-12-28,240.5,242.64,239.52,240.51,0.0
2000-12-29,240.59,247.24,236.66,246.92,0.0
2001-01-02,243.46,243.98,238.66,239.3,0.0
2001-01-03,238.8,241.91,237.97,240.58,0.0
2001-01-04,240.23,247.86,240.23,245.32,0.0
2001-01-05,247.26,249.23,245.79,246.21,0.0
2001-01-08,248.46,250.4,244.68,244.68,0.0
2001-01-09,245.66,246.11,243.42,246.01,0.0
2001-01-10,245.79,249.07,244.95,246.42,0.0
2001-01-11,246.18,246.48,242.59,243.29,0.0
2001-01-12,243.19,243.74,240.89,242.17,0.0
2001-01-16,241.35,242.02,239.31,239.47,0.0
2001-01-17,237.75,237.75,228.13,230.76,0.0
2001-01-18,231.79,235.5,230.44,235.19,0.0
2001-01-19,236.57,241.69,236.07,241.5,0.0
2001-01-22,242.39,243.51,240.32,240.51,0.0
2001-01-23,238.5,238.59,235.37,237.11,0.0
2001-01-24,234.86,237.76,232.93,235.07,0.0
2001-01-25,236.69,237.21,234.79,236.65,0.0
2001-01-26,235.79,238.39,235.47,238.0,0.0
2001-01-29,237.92,237.93,230.02,230.89,0.0
2001-01-30,231.73,231.98,227.72,230.66,0.0
2001-01-31,229.94,230.16,226.51,226.93,0.0
2001-02-01,228.05,235.39,226.72,235.14,0.0
2001-02-02,237.38,243.75,236.02,242.75,0.0
2001-02-05,239.17,239.61,233.94,234.71,0.0
2001-02-06,235.14,236.78,234.23,234.96,0.0
2001-02-07,235.94,241.09,234.44,240.69,0.0
2001-02-08,242.45,244.1,241.12,241.12,0.0
2001-02-09,240.52,240.75,238.52,238.69,0.0
2001-02-12,235.83,236.35,233.95,234.45,0.0
2001-02-13,233.77,235.49,232.38,235.21,0.0
2001-02-14,234.84,236.65,231.11,231.11,0.0
2001-02-15,229.91,230.1,227.13,227.95,0.0
2001-02-16,229.36,229.95,228.57,228.93,0.0
2001-02-20,229.51,229.91,226.41,226.68,0.0
2001-02-22,226.2,227.03,223.75,225.15,0.0
2001-02-23,225.7,228.36,224.27,226.08,0.0
2001-02-26,225.55,226.18,223.0,223.76,0.0
2001-02-27,222.64,224.89,221.9,224.0,0.0
2001-02-28,224.86,225.21,221.87,221.99,0.0
2001-03-01,222.49,223.48,221.15,222.8,0.0
2001-03-02,223.69,225.59,223.28,224.25,0.0
2001-03-05,227.13,229.84,226.74,227.98,0.0
2001-03-06,227.58,228.41,226.25,227.13,0.0
2001-03-07,228.04,229.53,221.6,229.39,0.0
2001-03-08,228.87,229.55,226.4,226.66,0.0
2001-03-09,226.21,226.37,223.44,223.82,0.0
2001-03-12,222.35,224.35,222.16,224.23,0.0
2001-03-13,223.14,223.42,221.61,221.8,0.0
2001-03-14,221.74,222.4,216.02,216.25,0.0
2001-03-15,217.05,217.3,214.5,215.7,0.0
2001-03-16,217.32,219.52,216.05,216.09,0.0
2001-03-19,216.54,216.54,213.71,214.15,0.0
2001-03-20,214.43,217.46,213.73,214.64,0.0
2001-03-21,215.79,215.79,215.79,215.79,0.0
2001-03-22,215.03,215.03,215.03,215.03,0.0
2001-03-23,218.94,218.94,218.94,218.94,0.0
2001-03-26,220.06,220.06,220.06,220.06,0.0
2001-03-27,223.51,223.51,223.51,223.51,0.0
2001-03-28,216.91,216.91,216.91,216.91,0.0
2001-03-29,215.22,215.22,215.22,215.22,0.0
2001-03-30,212.74,212.74,212.74,212.74,0.0
2001-04-02,210.81,210.81,210.81,210.81,0.0
2001-04-03,213.86,213.86,213.86,213.86,0.0
2001-04-04,219.05,219.05,219.05,219.05,0.0
2001-04-05,221.15,221.15,221.15,221.15,0.0
2001-04-06,219.72,219.72,219.72,219.72,0.0
2001-04-09,221.74,221.74,221.74,221.74,0.0
2001-04-10,227.58,227.58,227.58,227.58,0.0
2001-04-11,226.32,227.34,225.38,226.33,0.0
2001-04-12,227.4,229.08,226.93,227.28,0.0
2001-04-16,227.97,237.45,227.7,230.47,0.0
2001-04-17,230.5,230.66,227.95,228.2,0.0
2001-04-18,226.23,226.82,223.78,226.69,0.0
2001-04-19,226.28,226.79,224.26,225.05,0.0
2001-04-20,225.23,225.41,223.06,223.06,0.0
2001-04-23,223.77,224.28,222.13,222.67,0.0
2001-04-24,223.88,224.2,219.84,219.96,0.0
2001-04-25,219.83,221.27,219.29,221.02,0.0
2001-04-26,222.4,225.97,222.24,225.09,0.0
2001-04-27,225.66,225.95,223.68,224.1,0.0
2001-04-30,225.14,226.34,223.02,224.23,0.0
2001-05-01,224.04,226.32,223.1,225.94,0.0
2001-05-02,223.25,223.67,220.87,221.13,0.0
2001-05-03,220.41,224.92,219.55,224.35,0.0
2001-05-04,225.32,225.48,223.45,224.15,0.0
2001-05-07,223.7,224.37,220.57,220.71,0.0
2001-05-08,221.1,221.49,218.92,219.76,0.0
2001-05-09,219.06,221.61,217.95,221.58,0.0
2001-05-10,221.52,224.61,221.3,223.18,0.0
2001-05-11,222.97,223.0,221.04,221.95,0.0
2001-05-14,222.42,222.67,220.11,222.3,0.0
2001-05-15,222.74,224.82,222.35,224.58,0.0
2001-05-16,224.41,225.4,221.57,222.43,0.0
2001-05-17,221.34,223.45,221.31,223.03,0.0
2001-05-18,224.16,227.71,223.71,227.6,0.0
2001-05-21,227.95,228.26,225.83,226.65,0.0
2001-05-22,226.08,226.65,225.15,225.23,0.0
2001-05-23,224.17,225.51,224.04,224.26,0.0
2001-05-24,224.87,225.21,219.48,220.08,0.0
2001-05-25,219.7,220.17,218.29,218.39,0.0
2001-05-29,219.45,224.6,217.62,218.24,0.0
2001-05-30,218.23,218.61,216.57,218.38,0.0
2001-05-31,216.24,218.0,213.22,217.62,0.0
2001-06-01,216.78,218.11,215.65,216.84,0.0
2001-06-04,219.64,220.61,217.11,217.31,0.0
2001-06-05,218.09,218.12,216.07,217.15,0.0
2001-06-06,215.21,215.53,213.2,214.68,0.0
2001-06-07,213.7,215.9,213.68,214.6,0.0
2001-06-08,215.61,217.92,215.44,217.85,0.0
2001-06-11,220.29,222.23,219.63,221.3,0.0
2001-06-12,220.08,223.96,219.81,223.15,0.0
2001-06-13,223.62,223.9,220.27,221.44,0.0
2001-06-14,220.82,222.52,220.66,221.39,0.0
2001-06-15,221.14,221.23,218.67,218.76,0.0
2001-06-18,217.74,217.83,214.55,214.86,0.0
2001-06-19,215.04,216.22,213.94,215.04,0.0
2001-06-20,213.93,214.42,207.95,208.2,0.0
2001-06-21,209.21,209.34,205.82,208.19,0.0
2001-06-22,210.51,210.51,207.26,208.6,0.0
2001-06-25,208.92,209.13,207.28,208.49,0.0
2001-06-26,208.73,209.14,207.26,207.74,0.0
2001-06-27,205.36,205.53,200.81,201.26,0.0
2001-06-28,200.33,203.23,199.19,200.49,0.0
2001-06-29,202.03,203.39,200.73,202.66,0.0
2001-07-02,203.21,204.08,198.94,201.17,0.0
2001-07-03,200.19,202.29,200.15,201.93,0.0
2001-07-05,203.8,204.23,201.47,204.07,0.0
2001-07-06,206.07,209.05,204.1,208.95,0.0
2001-07-09,207.33,209.76,206.44,206.57,0.0
2001-07-10,206.53,207.3,205.51,206.36,0.0
2001-07-11,204.5,207.02,204.0,205.78,0.0
2001-07-12,204.69,206.97,202.76,206.67,0.0
2001-07-13,205.37,205.95,202.79,203.7,0.0
2001-07-16,201.94,202.76,199.66,201.32,0.0
2001-07-17,202.9,203.23,201.71,201.9,0.0
2001-07-18,200.63,200.88,197.96,198.31,0.0
2001-07-19,198.85,200.08,196.39,196.49,0.0
2001-07-20,197.66,199.64,196.83,199.34,0.0
2001-07-23,200.77,201.16,198.86,199.89,0.0
2001-07-24,199.81,200.93,199.56,200.41,0.0
2001-07-25,201.72,204.66,200.73,204.28,0.0
2001-07-26,204.34,205.74,203.26,203.61,0.0
2001-07-27,202.37,204.95,201.32,204.29,0.0
2001-07-30,204.14,205.68,203.04,203.16,0.0
2001-07-31,203.05,203.19,201.55,201.7,0.0
2001-08-01,202.45,203.25,201.18,201.49,0.0
2001-08-02,204.81,206.43,204.39,205.69,0.0
2001-08-03,204.74,210.32,203.1,203.69,0.0
2001-08-06,203.46,204.51,202.9,204.39,0.0
2001-08-07,206.25,208.21,205.09,205.27,0.0
2001-08-08,205.62,206.48,203.95,204.21,0.0
2001-08-09,203.46,205.24,203.45,204.32,0.0
2001-08-10,205.41,207.61,204.72,206.38,0.0
2001-08-13,206.59,207.19,205.69,206.19,0.0
2001-08-14,206.14,207.1,205.99,206.88,0.0
2001-08-15,207.24,207.97,204.76,206.93,0.0
2001-08-16,207.27,207.72,204.34,205.35,0.0
2001-08-17,204.96,205.0,200.98,201.26,0.0
2001-08-20,200.98,201.85,199.41,201.7,0.0
2001-08-21,201.64,203.96,201.5,203.62,0.0
2001-08-22,205.01,205.98,201.21,201.35,0.0
2001-08-23,201.95,202.67,197.7,202.51,0.0
2001-08-24,202.7,204.93,202.37,203.5,0.0
2001-08-27,203.75,203.89,201.45,202.21,0.0
2001-08-28,201.95,204.23,201.27,203.18,0.0
2001-08-29,203.73,204.72,201.83,203.1,0.0
2001-08-30,202.78,202.89,200.13,200.28,0.0
2001-08-31,200.37,203.24,199.9,202.97,0.0
2001-09-04,202.07,202.19,200.59,201.4,0.0
2001-09-05,201.19,203.11,200.93,202.15,0.0
2001-09-06,202.67,204.53,202.58,203.94,0.0
2001-09-07,203.95,206.92,203.94,206.51,0.0
2001-09-10,205.5,206.29,204.5,204.99,0.0
2001-09-11,204.54,209.64,204.53,209.18,0.0
2001-09-12,207.16,207.71,206.65,206.71,0.0
2001-09-13,206.43,207.33,206.43,206.99,0.0
2001-09-14,208.57,215.98,207.51,215.29,0.0
2001-09-17,213.77,213.79,208.92,210.75,0.0
2001-09-18,209.19,209.46,203.99,204.25,0.0
2001-09-19,202.7,203.11,195.38,197.97,0.0
2001-09-20,199.35,199.49,195.07,197.03,0.0
2001-09-21,197.04,197.04,193.49,193.97,0.0
2001-09-24,184.58,185.09,176.72,177.0,0.0
2001-09-25,180.53,181.78,174.28,176.54,0.0
2001-09-26,177.01,179.3,170.2,179.08,0.0
2001-09-27,180.56,180.81,177.35,179.98,0.0
2001-09-28,182.25,182.68,181.14,181.77,0.0
2001-10-01,179.23,186.92,177.41,180.56,0.0
2001-10-02,179.4,181.17,178.49,178.49,0.0
2001-10-03,175.85,177.68,174.7,176.53,0.0
2001-10-04,179.38,185.93,177.48,179.47,0.0
2001-10-05,181.6,181.83,177.22,177.97,0.0
2001-10-08,178.5,179.16,176.64,178.51,0.0
2001-10-09,178.66,179.51,178.25,179.51,0.0
2001-10-10,180.4,180.77,179.6,180.69,0.0
2001-10-11,181.73,184.49,180.81,184.19,0.0
2001-10-12,185.12,185.29,177.75,179.29,0.0
2001-10-15,179.49,179.92,176.66,177.1,0.0
2001-10-16,177.22,179.61,176.85,177.68,0.0
2001-10-17,178.63,178.94,175.77,176.16,0.0
2001-10-18,174.72,176.06,173.56,174.17,0.0
2001-10-19,175.29,179.26,174.09,177.97,0.0
2001-10-22,177.82,179.0,176.49,177.74,0.0
2001-10-23,178.8,179.17,175.87,175.99,0.0
2001-10-24,174.39,179.49,174.3,178.93,0.0
2001-10-25,178.79,179.71,177.61,177.61,0.0
2001-10-26,177.64,178.75,177.1,177.95,0.0
2001-10-29,180.11,180.56,178.64,179.2,0.0
2001-10-30,178.8,179.0,177.21,177.52,0.0
2001-10-31,177.86,178.09,173.51,175.57,0.0
2001-11-01,175.69,176.33,172.23,172.27,0.0
2001-11-02,171.9,172.01,169.36,170.88,0.0
2001-11-05,170.73,173.39,167.48,168.44,0.0
2001-11-06,167.17,167.81,165.84,167.4,0.0
2001-11-07,167.82,169.91,167.8,169.04,0.0
2001-11-08,171.89,174.75,171.18,174.75,0.0
2001-11-09,179.21,179.92,175.9,179.92,0.0
2001-11-12,177.52,177.54,172.42,175.57,0.0
2001-11-13,176.18,179.02,175.87,179.02,0.0
2001-11-14,174.08,175.23,170.52,171.21,0.0
2001-11-15,169.95,170.0,161.83,162.2,0.0
2001-11-16,165.0,165.62,161.88,165.24,0.0
2001-11-19,161.97,166.52,160.25,166.21,0.0
2001-11-20,168.93,170.27,166.83,168.57,0.0
2001-11-21,169.5,169.56,167.43,167.72,0.0
2001-11-23,168.33,169.3,168.24,168.53,0.0
2001-11-26,167.19,167.27,163.11,165.9,0.0
2001-11-27,167.11,169.71,165.09,169.29,0.0
2001-11-28,167.94,169.16,166.31,166.73,0.0
2001-11-29,166.93,167.11,164.07,164.43,0.0
2001-11-30,164.6,169.29,163.92,168.98,0.0
2001-12-03,167.75,172.49,167.48,170.59,0.0
2001-12-04,170.55,171.03,167.97,167.97,0.0
2001-12-05,170.12,170.36,166.34,166.91,0.0
2001-12-06,167.27,167.27,161.85,162.95,0.0
2001-12-07,163.2,165.0,160.12,164.9,0.0
2001-12-10,163.27,164.31,161.98,163.05,0.0
2001-12-11,163.32,163.43,161.37,162.83,0.0
2001-12-12,163.24,165.02,162.87,163.42,0.0
2001-12-13,163.21,164.11,161.45,163.12,0.0
2001-12-14,164.95,168.4,164.57,168.21,0.0
2001-12-17,166.85,169.27,166.71,167.56,0.0
2001-12-18,168.22,168.5,166.76,168.39,0.0
2001-12-19,169.49,171.09,169.05,169.12,0.0
2001-12-20,169.58,170.79,166.67,167.0,0.0
2001-12-21,168.06,170.09,167.47,169.39,0.0
2001-12-24,169.43,169.74,169.43,169.66,0.0
2001-12-26,170.63,175.43,170.62,174.76,0.0
2001-12-27,173.04,174.07,172.93,173.3,0.0
2001-12-28,174.97,175.69,172.38,172.45,0.0
2001-12-31,171.38,171.72,168.83,169.15,0.0
2002-01-02,169.26,173.49,168.84,173.21,0.0
2002-01-03,172.53,173.52,170.23,170.32,0.0
2002-01-04,172.46,175.73,171.01,175.51,0.0
2002-01-07,174.49,176.43,173.94,175.44,0.0
2002-01-08,173.9,175.31,173.34,174.92,0.0
2002-01-09,172.71,173.54,170.38,171.18,0.0
2002-01-10,171.15,172.24,170.16,172.24,0.0
2002-01-11,172.08,173.1,170.14,170.94,0.0
2002-01-14,169.39,169.73,166.54,167.73,0.0
2002-01-15,167.96,170.05,167.91,168.22,0.0
2002-01-16,166.11,169.74,166.09,169.42,0.0
2002-01-17,170.06,170.39,164.39,165.08,0.0
2002-01-18,166.35,166.8,164.27,164.54,0.0
2002-01-21,166.35,166.8,164.27,164.54,0.0
2002-01-22,165.8,165.89,163.14,164.41,0.0
2002-01-23,165.51,167.18,165.35,166.47,0.0
2002-01-24,166.24,168.15,165.28,167.38,0.0
2002-01-25,167.95,170.54,165.58,168.39,0.0
2002-01-28,168.65,169.55,166.91,167.52,0.0
2002-01-29,166.17,166.52,165.11,165.85,0.0
2002-01-30,164.7,164.95,161.72,163.62,0.0
2002-01-31,164.34,166.12,163.49,166.03,0.0
2002-02-01,165.0,170.51,164.72,170.24,0.0
2002-02-04,169.17,169.83,168.2,168.7,0.0
2002-02-05,167.47,168.51,167.06,168.4,0.0
2002-02-06,168.15,169.4,166.86,166.99,0.0
2002-02-07,167.0,167.26,164.76,167.26,0.0
2002-02-08,168.37,170.84,167.85,170.84,0.0
2002-02-11,169.54,176.32,169.42,176.12,0.0
2002-02-12,175.07,176.51,173.71,174.79,0.0
2002-02-13,173.93,178.54,173.59,176.71,0.0
2002-02-14,177.92,177.92,175.89,175.94,0.0
2002-02-15,175.76,176.42,174.84,176.1,0.0
2002-02-19,174.0,175.43,173.94,174.25,0.0
2002-02-20,173.32,173.51,170.93,171.68,0.0
2002-02-21,173.0,175.14,172.14,173.98,0.0
2002-02-22,173.49,175.02,173.23,174.13,0.0
2002-02-25,173.14,173.3,170.32,170.53,0.0
2002-02-26,171.29,174.85,170.96,174.16,0.0
2002-02-27,173.69,176.32,173.56,174.97,0.0
2002-02-28,175.8,177.21,174.55,176.53,0.0
2002-03-01,177.8,181.46,177.8,180.3,0.0
2002-03-04,180.15,181.62,179.81,180.93,0.0
2002-03-05,182.15,185.13,182.07,184.28,0.0
2002-03-06,183.64,185.24,182.59,184.98,0.0
2002-03-07,187.54,193.69,187.05,189.47,0.0
2002-03-08,187.86,190.31,187.67,190.31,0.0
2002-03-11,192.43,194.27,191.46,194.27,0.0
2002-03-12,192.08,193.81,190.91,193.81,0.0
2002-03-13,195.24,195.45,192.79,193.5,0.0
2002-03-14,192.13,195.2,191.49,195.13,0.0
2002-03-15,195.1,196.2,194.03,195.69,0.0
2002-03-18,195.65,199.1,194.88,199.05,0.0
2002-03-19,198.95,199.66,197.67,198.4,0.0
2002-03-20,198.36,201.32,196.42,196.59,0.0
2002-03-21,195.63,200.55,194.83,200.12,0.0
2002-03-22,200.55,201.35,197.68,198.06,0.0
2002-03-25,196.77,197.35,195.25,196.87,0.0
2002-03-26,196.6,198.57,196.02,198.31,0.0
2002-03-27,199.38,200.58,198.74,200.27,0.0
2002-03-28,199.75,201.56,198.45,201.23,0.0
2002-04-01,203.15,204.86,202.99,204.59,0.0
2002-04-02,206.33,211.08,206.28,210.09,0.0
2002-04-03,208.76,208.81,207.18,207.42,0.0
2002-04-04,208.06,211.07,202.34,202.69,0.0
2002-04-05,202.51,203.7,194.83,199.68,0.0
2002-04-08,202.97,204.83,201.24,201.66,0.0
2002-04-09,199.99,200.52,197.57,198.45,0.0
2002-04-10,198.62,199.64,196.99,198.77,0.0
2002-04-11,196.62,197.24,192.8,193.27,0.0
2002-04-12,190.46,190.78,186.38,186.57,0.0
2002-04-15,189.33,193.28,187.91,192.88,0.0
2002-04-16,194.42,195.7,192.69,194.01,0.0
2002-04-17,196.72,199.2,195.65,199.1,0.0
2002-04-18,200.68,202.41,199.27,199.73,0.0
2002-04-19,198.18,200.41,196.78,200.2,0.0
2002-04-22,201.2,201.28,197.49,200.3,0.0
2002-04-23,200.44,202.57,199.86,200.99,0.0
2002-04-24,198.78,199.39,197.56,198.66,0.0
2002-04-25,199.95,210.07,198.39,199.25,0.0
2002-04-26,199.61,201.26,198.29,201.04,0.0
2002-04-29,200.69,203.91,200.27,203.6,0.0
2002-04-30,203.2,205.43,202.29,204.23,0.0
2002-05-01,202.29,203.16,201.11,201.4,0.0
2002-05-02,199.19,199.6,195.81,198.47,0.0
2002-05-03,199.52,200.4,197.18,200.08,0.0
2002-05-06,197.58,198.13,196.5,198.08,0.0
2002-05-07,196.83,200.1,196.27,199.79,0.0
2002-05-08,200.91,204.52,200.85,203.55,0.0
2002-05-09,203.18,204.09,200.91,202.73,0.0
2002-05-10,203.73,205.99,203.6,204.74,0.0
2002-05-13,202.49,207.06,202.2,206.68,0.0
2002-05-14,208.12,210.8,207.65,210.37,0.0
2002-05-15,208.55,209.67,204.72,204.82,0.0
2002-05-16,205.66,205.88,201.46,203.92,0.0
2002-05-17,202.89,203.94,200.69,203.7,0.0
2002-05-20,203.38,205.88,202.02,203.44,0.0
2002-05-21,202.01,202.57,198.51,199.21,0.0
2002-05-22,199.44,200.98,197.77,199.43,0.0
2002-05-23,200.6,201.34,198.21,198.86,0.0
2002-05-24,198.59,198.59,196.23,197.37,0.0
2002-05-27,198.59,198.59,196.23,197.37,0.0
2002-05-28,197.21,197.32,194.37,194.79,0.0
2002-05-29,193.43,199.12,193.0,197.58,0.0
2002-05-30,194.75,195.0,190.51,191.35,0.0
2002-05-31,192.31,195.23,192.14,193.96,0.0
2002-06-03,194.42,195.62,193.3,194.33,0.0
2002-06-04,195.54,195.96,194.38,195.32,0.0
2002-06-05,193.56,193.65,192.06,193.46,0.0
2002-06-06,194.6,194.78,190.34,192.86,0.0
2002-06-07,192.39,193.17,191.09,192.41,0.0
2002-06-10,191.59,191.95,189.74,190.52,0.0
2002-06-11,189.87,190.43,188.51,190.0,0.0
2002-06-12,191.36,193.25,190.89,192.37,0.0
2002-06-13,193.33,198.46,193.33,198.32,0.0
2002-06-14,198.07,200.05,196.59,199.75,0.0
2002-06-17,200.99,202.56,200.52,200.64,0.0
2002-06-18,199.41,203.67,197.66,197.91,0.0
2002-06-19,197.48,200.39,197.04,197.48,0.0
2002-06-20,198.76,198.91,196.09,198.44,0.0
2002-06-21,198.61,200.13,195.0,197.29,0.0
2002-06-24,198.33,202.18,198.33,201.66,0.0
2002-06-25,203.55,204.2,201.14,201.42,0.0
2002-06-26,200.46,202.14,199.01,201.76,0.0
2002-06-27,202.31,203.02,200.86,202.59,0.0
2002-06-28,201.91,203.29,200.7,202.78,0.0
2002-07-01,201.7,204.03,201.66,203.2,0.0
2002-07-02,203.76,204.72,202.88,203.1,0.0
2002-07-03,203.07,203.13,200.85,202.69,0.0
2002-07-05,202.19,203.04,202.14,203.04,0.0
2002-07-08,200.96,201.3,198.12,198.53,0.0
2002-07-09,197.81,199.78,197.53,199.59,0.0
2002-07-10,201.23,203.63,201.15,202.34,0.0
2002-07-11,201.68,203.39,201.68,202.66,0.0
2002-07-12,204.8,204.98,203.19,204.52,0.0
2002-07-15,204.82,206.23,203.06,203.31,0.0
2002-07-16,203.41,207.2,202.74,207.04,0.0
2002-07-17,206.45,207.48,205.31,207.33,0.0
2002-07-18,206.66,207.77,205.94,206.95,0.0
2002-07-19,205.94,207.86,204.63,207.32,0.0
2002-07-22,205.83,206.48,202.23,203.52,0.0
2002-07-23,203.96,204.16,200.35,200.35,0.0
2002-07-24,201.79,203.48,192.35,203.25,0.0
2002-07-25,203.24,203.53,200.91,202.08,0.0
2002-07-26,201.67,201.7,199.76,200.85,0.0
2002-07-29,200.47,201.46,198.77,199.83,0.0
2002-07-30,201.03,204.15,200.89,203.59,0.0
2002-07-31,204.52,206.26,202.78,203.48,0.0
2002-08-01,203.5,203.69,199.53,199.72,0.0
2002-08-02,199.21,201.3,197.78,201.06,0.0
2002-08-05,199.31,199.77,197.85,198.55,0.0
2002-08-06,199.21,201.48,199.07,201.37,0.0
2002-08-07,200.44,201.23,196.84,198.86,0.0
2002-08-08,198.95,200.52,198.07,199.67,0.0
2002-08-09,199.47,201.47,198.98,201.17,0.0
2002-08-12,201.34,206.23,199.95,205.9,0.0
2002-08-13,205.72,207.4,204.98,206.89,0.0
2002-08-14,208.11,209.02,207.16,207.73,0.0
2002-08-15,207.51,212.83,207.51,212.62,0.0
2002-08-16,212.11,213.56,211.47,212.78,0.0
2002-08-19,212.58,214.44,210.52,213.84,0.0
2002-08-20,213.62,214.83,212.14,212.42,0.0
2002-08-21,210.98,216.05,210.88,214.83,0.0
2002-08-22,214.86,215.54,213.49,215.13,0.0
2002-08-23,214.17,215.84,213.36,214.29,0.0
2002-08-26,214.7,217.57,214.32,217.13,0.0
2002-08-27,218.75,218.97,215.47,215.83,0.0
2002-08-28,214.72,214.85,212.88,213.42,0.0
2002-08-29,213.25,214.72,211.79,214.33,0.0
2002-08-30,214.58,215.32,214.09,215.23,0.0
2002-09-03,212.79,214.38,208.88,209.19,0.0
2002-09-04,210.08,213.84,209.97,212.76,0.0
2002-09-05,213.67,217.3,213.62,217.18,0.0
2002-09-06,220.4,222.97,219.18,220.47,0.0
2002-09-09,220.73,224.36,219.55,223.84,0.0
2002-09-10,224.6,225.89,223.83,224.85,0.0
2002-09-11,224.38,225.67,224.12,225.16,0.0
2002-09-12,225.38,225.66,220.66,221.69,0.0
2002-09-13,221.81,225.83,221.72,225.83,0.0
2002-09-16,225.22,226.11,223.74,225.61,0.0
2002-09-17,222.24,223.97,220.38,223.89,0.0
2002-09-18,225.57,227.6,225.48,226.42,0.0
2002-09-19,226.44,228.0,225.34,225.87,0.0
2002-09-20,226.51,227.47,225.07,225.51,0.0
2002-09-23,227.57,229.56,227.01,228.58,0.0
2002-09-24,230.72,230.79,227.14,228.17,0.0
2002-09-25,226.36,227.46,225.8,226.66,0.0
2002-09-26,227.28,227.4,223.86,226.88,0.0
2002-09-27,226.89,228.89,226.47,227.94,0.0
2002-09-30,228.9,230.48,227.41,227.52,0.0
2002-10-01,228.8,231.26,227.87,229.08,0.0
2002-10-02,229.8,229.8,227.0,228.39,0.0
2002-10-03,226.93,227.04,222.4,222.72,0.0
2002-10-04,223.49,224.41,221.08,221.91,0.0
2002-10-07,222.44,223.18,220.89,222.6,0.0
2002-10-08,221.0,223.53,220.67,223.33,0.0
2002-10-09,223.84,225.05,222.57,223.29,0.0
2002-10-10,222.29,222.34,218.9,220.96,0.0
2002-10-11,221.78,223.93,221.69,223.91,0.0
2002-10-14,224.13,227.7,223.66,227.27,0.0
2002-10-15,227.3,228.45,226.56,228.02,0.0
2002-10-16,228.38,228.89,226.2,227.38,0.0
2002-10-17,226.24,228.83,224.98,228.33,0.0
2002-10-18,227.8,228.33,226.45,227.73,0.0
2002-10-21,225.66,227.4,221.32,221.82,0.0
2002-10-22,220.5,222.13,218.99,220.05,0.0
2002-10-23,221.26,221.96,219.46,220.99,0.0
2002-10-24,221.69,221.89,220.31,221.16,0.0
2002-10-25,221.33,221.93,215.74,216.58,0.0
2002-10-28,216.9,218.24,214.9,217.66,0.0
2002-10-29,217.37,217.49,215.22,215.42,0.0
2002-10-30,216.67,218.33,214.69,215.95,0.0
2002-10-31,217.28,217.71,216.12,217.42,0.0
2002-11-01,217.48,218.35,216.22,217.11,0.0
2002-11-04,215.34,217.77,214.84,215.09,0.0
2002-11-05,214.59,214.93,211.21,211.3,0.0
2002-11-06,211.09,212.17,208.0,209.26,0.0
2002-11-07,211.74,212.62,207.2,207.6,0.0
2002-11-08,207.54,208.91,206.65,207.83,0.0
2002-11-11,209.26,209.95,206.64,208.08,0.0
2002-11-12,208.34,209.47,207.1,207.68,0.0
2002-11-13,207.41,207.42,202.51,204.58,0.0
2002-11-14,205.49,205.81,203.41,205.34,0.0
2002-11-15,206.31,207.49,205.06,207.24,0.0
2002-11-18,209.39,213.06,209.27,212.96,0.0
2002-11-19,213.77,215.23,212.5,212.62,0.0
2002-11-20,214.26,215.21,212.8,215.14,0.0
2002-11-21,216.27,217.26,215.01,216.52,0.0
2002-11-22,216.6,218.82,216.03,218.41,0.0
2002-11-25,218.39,218.79,215.61,215.66,0.0
2002-11-26,215.69,216.77,214.9,215.75,0.0
2002-11-27,217.43,218.16,216.68,217.79,0.0
2002-11-29,217.7,217.83,217.39,217.72,0.0
2002-12-02,217.6,221.29,216.98,220.1,0.0
2002-12-03,221.39,221.88,218.71,219.08,0.0
2002-12-04,217.72,220.18,216.24,216.6,0.0
2002-12-05,217.32,219.51,217.32,219.05,0.0
2002-12-06,219.09,219.9,216.99,217.16,0.0
2002-12-09,218.73,218.73,216.93,217.95,0.0
2002-12-10,217.64,222.03,216.55,221.83,0.0
2002-12-11,221.5,223.25,220.88,221.22,0.0
2002-12-12,222.09,225.92,221.84,225.54,0.0
2002-12-13,226.4,230.5,226.4,228.92,0.0
2002-12-16,231.96,236.07,230.84,235.73,0.0
2002-12-17,234.57,235.54,233.78,234.71,0.0
2002-12-18,232.84,239.66,231.66,236.99,0.0
2002-12-19,238.46,240.99,235.41,235.78,0.0
2002-12-20,235.71,237.02,234.56,236.06,0.0
2002-12-23,238.14,242.22,237.79,242.01,0.0
2002-12-24,241.92,243.29,241.61,243.15,0.0
2002-12-26,242.01,243.59,241.82,243.04,0.0
2002-12-27,243.21,243.91,241.47,243.76,0.0
2002-12-30,245.17,246.53,236.42,236.74,0.0
2002-12-31,234.63,235.81,231.18,235.15,0.0
2003-01-02,237.68,241.75,237.52,240.85,0.0
2003-01-03,242.71,247.34,242.27,246.88,0.0
2003-01-06,244.04,244.65,240.29,240.73,0.0
2003-01-07,238.72,239.39,235.13,237.32,0.0
2003-01-08,237.06,237.53,232.16,235.73,0.0
2003-01-09,237.28,242.47,236.02,242.21,0.0
2003-01-10,237.78,237.78,231.09,231.09,0.0
2003-01-13,230.98,234.26,229.69,230.83,0.0
2003-01-14,232.61,233.42,228.38,228.38,0.0
2003-01-15,230.31,232.46,228.21,232.12,0.0
2003-01-16,233.83,235.75,232.76,234.64,0.0
2003-01-17,242.42,244.53,240.97,244.18,0.0
2003-01-21,245.32,245.76,241.6,244.45,0.0
2003-01-22,244.3,247.02,242.81,244.78,0.0
2003-01-23,245.03,245.92,241.01,242.08,0.0
2003-01-24,244.2,248.93,243.93,248.71,0.0
2003-01-27,248.56,249.31,244.13,244.24,0.0
2003-01-28,245.94,246.99,243.76,246.8,0.0
2003-01-29,246.36,253.26,246.23,252.92,0.0
2003-01-30,253.24,254.73,251.76,254.15,0.0
2003-01-31,253.47,254.97,252.16,253.45,0.0
2003-02-03,251.81,253.07,249.73,251.45,0.0
2003-02-04,251.93,256.08,251.93,255.44,0.0
2003-02-05,256.98,259.39,253.58,257.29,0.0
2003-02-06,259.3,261.38,257.87,259.51,0.0
2003-02-07,261.6,266.64,261.55,264.89,0.0
2003-02-10,265.24,265.24,260.18,260.18,0.0
2003-02-11,260.18,264.46,259.7,262.89,0.0
2003-02-12,263.76,264.22,258.07,259.59,0.0
2003-02-13,261.08,262.13,259.35,260.19,0.0
2003-02-14,260.14,261.24,258.15,261.23,0.0
2003-02-18,259.28,261.84,259.28,261.1,0.0
2003-02-19,260.1,264.12,259.66,263.2,0.0
2003-02-20,263.21,264.47,259.37,259.88,0.0
2003-02-21,261.86,266.75,261.74,265.66,0.0
2003-02-24,269.63,277.02,269.18,276.67,0.0
2003-02-25,280.52,284.24,267.07,268.12,0.0
2003-02-26,268.57,278.44,264.79,277.6,0.0
2003-02-27,280.3,284.61,274.02,276.09,0.0
2003-02-28,280.58,282.55,277.01,278.57,0.0
2003-03-03,274.25,274.55,269.93,271.09,0.0
2003-03-04,273.71,277.1,272.42,273.8,0.0
2003-03-05,274.33,274.83,268.6,272.33,0.0
2003-03-06,273.86,274.01,270.73,273.12,0.0
2003-03-07,273.36,278.73,272.95,276.15,0.0
2003-03-10,276.01,276.04,270.37,270.37,0.0
2003-03-11,268.58,269.36,262.35,263.39,0.0
2003-03-12,261.88,266.06,261.19,264.32,0.0
2003-03-13,264.08,264.08,253.62,253.86,0.0
2003-03-14,247.84,249.41,243.87,248.2,0.0
2003-03-17,249.63,250.74,242.13,243.87,0.0
2003-03-18,233.08,238.03,232.07,233.58,0.0
2003-03-19,235.21,236.01,230.48,230.99,0.0
2003-03-20,229.42,235.03,224.22,225.88,0.0
2003-03-21,223.54,223.55,216.9,218.58,0.0
2003-03-24,224.27,226.54,221.47,225.26,0.0
2003-03-25,227.33,228.84,220.36,221.06,0.0
2003-03-26,223.8,224.49,221.94,223.1,0.0
2003-03-27,227.85,231.17,226.25,230.43,0.0
2003-03-28,231.57,231.95,228.04,228.99,0.0
2003-03-31,232.35,232.88,229.01,232.28,0.0
2003-04-01,229.49,230.73,226.66,227.36,0.0
2003-04-02,222.54,223.15,220.87,222.2,0.0
2003-04-03,222.07,224.28,220.93,222.73,0.0
2003-04-04,218.34,221.53,217.76,221.48,0.0
2003-04-07,218.13,224.16,217.76,220.25,0.0
2003-04-08,220.94,222.04,219.53,219.61,0.0
2003-04-09,219.36,224.15,218.91,223.58,0.0
2003-04-10,221.91,224.47,219.46,219.64,0.0
2003-04-11,218.07,221.79,217.39,220.92,0.0
2003-04-14,219.28,221.85,219.05,221.25,0.0
2003-04-15,220.13,224.72,219.96,224.45,0.0
2003-04-16,224.67,225.68,221.97,224.29,0.0
2003-04-17,225.04,229.15,224.88,228.8,0.0
2003-04-21,228.84,231.59,228.26,230.3,0.0
2003-04-22,228.37,229.56,226.34,226.54,0.0
2003-04-23,225.79,226.06,220.07,220.78,0.0
2003-04-24,221.7,221.89,215.87,220.11,0.0
2003-04-25,219.56,221.85,218.1,219.08,0.0
2003-04-28,216.9,217.35,213.23,213.66,0.0
2003-04-29,211.96,213.85,211.63,212.59,0.0
2003-04-30,214.88,218.12,212.54,215.64,0.0
2003-05-01,217.12,217.7,215.49,215.92,0.0
2003-05-02,217.9,218.17,212.04,213.94,0.0
2003-05-05,213.89,219.01,213.8,218.88,0.0
2003-05-06,218.38,220.02,215.49,216.33,0.0
2003-05-07,215.63,219.11,215.21,219.02,0.0
2003-05-08,217.91,224.5,217.91,222.66,0.0
2003-05-09,223.98,227.41,223.78,226.9,0.0
2003-05-12,228.05,264.07,226.69,226.8,0.0
2003-05-13,228.42,232.59,227.35,232.23,0.0
2003-05-14,232.7,235.89,229.82,235.04,0.0
2003-05-15,234.09,236.63,232.39,233.18,0.0
2003-05-16,232.54,234.54,231.65,234.27,0.0
2003-05-19,234.6,236.53,230.15,231.03,0.0
2003-05-20,230.42,232.26,229.65,231.51,0.0
2003-05-21,232.29,237.36,232.29,234.91,0.0
2003-05-22,233.56,233.78,231.04,233.06,0.0
2003-05-23,234.95,235.25,234.05,234.15,0.0
2003-05-27,235.28,235.29,230.2,233.51,0.0
2003-05-28,232.2,232.22,230.02,230.27,0.0
2003-05-29,229.33,234.14,228.06,232.95,0.0
2003-05-30,233.84,235.29,232.98,235.24,0.0
2003-06-02,236.44,241.34,236.2,240.64,0.0
2003-06-03,239.8,240.74,238.78,239.77,0.0
2003-06-04,240.21,242.3,235.81,236.97,0.0
2003-06-05,236.56,241.02,235.72,240.71,0.0
2003-06-06,241.88,243.03,240.24,242.42,0.0
2003-06-09,240.23,244.68,240.19,241.65,0.0
2003-06-10,240.93,243.2,239.18,242.53,0.0
2003-06-11,241.39,243.97,240.81,242.87,0.0
2003-06-12,241.12,241.29,235.83,235.84,0.0
2003-06-13,233.59,234.56,229.39,230.75,0.0
2003-06-16,231.5,232.83,228.71,231.5,0.0
2003-06-17,231.22,232.36,230.59,232.21,0.0
2003-06-18,230.14,231.0,226.51,229.53,0.0
2003-06-19,229.06,230.88,227.62,230.14,0.0
2003-06-20,230.67,234.09,230.66,232.94,0.0
2003-06-23,233.45,233.96,231.26,231.49,0.0
2003-06-24,230.56,231.07,228.26,228.75,0.0
2003-06-25,229.16,234.69,228.82,234.38,0.0
2003-06-26,233.51,233.51,227.42,227.79,0.0
2003-06-27,227.96,230.28,227.33,229.12,0.0
2003-06-30,230.12,233.59,229.52,233.2,0.0
2003-07-01,231.7,234.16,230.31,233.82,0.0
2003-07-02,232.86,234.77,230.6,232.72,0.0
2003-07-03,234.36,236.37,233.34,233.63,0.0
2003-07-07,231.22,233.46,231.14,233.22,0.0
2003-07-08,231.5,234.96,230.87,234.51,0.0
2003-07-09,235.85,238.26,234.13,237.87,0.0
2003-07-10,237.23,239.43,236.27,236.27,0.0
2003-07-11,236.14,239.11,236.14,236.56,0.0
2003-07-14,236.61,236.61,233.58,235.79,0.0
2003-07-15,235.93,236.51,233.56,234.92,0.0
2003-07-16,234.93,235.95,230.17,231.49,0.0
2003-07-17,232.17,233.72,230.79,233.26,0.0
2003-07-18,232.58,235.47,232.32,234.99,0.0
2003-07-21,235.22,235.24,232.58,234.58,0.0
2003-07-22,233.05,233.89,227.03,227.52,0.0
2003-07-23,228.14,229.9,225.78,229.02,0.0
2003-07-24,229.65,230.88,227.45,230.66,0.0
2003-07-25,230.06,231.69,229.96,230.91,0.0
2003-07-28,229.08,231.87,228.39,231.04,0.0
2003-07-29,230.48,232.13,229.83,231.28,0.0
2003-07-30,230.59,233.41,230.38,232.85,0.0
2003-07-31,233.11,234.73,232.12,233.15,0.0
2003-08-01,234.52,242.02,234.17,241.81,0.0
2003-08-04,240.09,242.34,238.64,238.64,0.0
2003-08-05,240.12,241.98,239.9,240.46,0.0
2003-08-06,243.15,243.15,237.47,239.42,0.0
2003-08-07,240.91,244.03,239.85,243.72,0.0
2003-08-08,243.44,245.22,240.36,242.43,0.0
2003-08-11,241.95,243.07,241.52,242.01,0.0
2003-08-12,240.95,244.36,239.55,242.91,0.0
2003-08-13,242.65,243.37,238.54,238.91,0.0
2003-08-14,238.96,239.4,234.63,238.39,0.0
2003-08-15,239.71,240.25,236.84,238.18,0.0
2003-08-18,239.72,241.01,238.44,238.78,0.0
2003-08-19,238.86,239.92,236.03,237.9,0.0
2003-08-20,237.26,241.38,237.25,240.89,0.0
2003-08-21,242.08,247.72,241.74,245.38,0.0
2003-08-22,245.26,246.65,244.93,245.91,0.0
2003-08-25,246.14,247.44,243.14,243.47,0.0
2003-08-26,243.18,244.67,242.34,244.21,0.0
2003-08-27,243.94,244.6,240.41,240.59,0.0
2003-08-28,241.71,243.08,240.7,241.96,0.0
2003-08-29,242.84,243.61,241.3,242.46,0.0
2003-09-02,240.15,240.61,231.62,232.17,0.0
2003-09-03,233.38,233.83,231.02,233.17,0.0
2003-09-04,233.47,234.15,228.83,232.15,0.0
2003-09-05,231.9,232.51,230.4,231.58,0.0
2003-09-08,232.53,234.61,230.57,231.33,0.0
2003-09-09,232.09,233.35,231.71,232.91,0.0
2003-09-10,233.1,235.05,230.77,234.76,0.0
2003-09-11,234.83,235.02,230.86,231.82,0.0
2003-09-12,231.58,231.71,227.22,229.34,0.0
2003-09-15,229.08,229.66,227.22,228.65,0.0
2003-09-16,228.13,228.55,225.1,225.49,0.0
2003-09-17,225.7,225.78,222.23,222.81,0.0
2003-09-18,221.82,222.4,220.48,221.83,0.0
2003-09-19,222.14,222.31,218.81,221.3,0.0
2003-09-22,221.87,223.14,220.74,222.49,0.0
2003-09-23,223.94,224.8,222.28,222.35,0.0
2003-09-24,226.45,229.46,225.47,228.08,0.0
2003-09-25,229.43,229.74,228.0,228.22,0.0
2003-09-26,227.81,228.0,226.02,226.82,0.0
2003-09-29,228.34,230.01,228.12,229.43,0.0
2003-09-30,230.41,234.03,229.56,232.63,0.0
2003-10-01,232.04,233.5,230.33,233.27,0.0
2003-10-02,234.62,235.76,234.07,235.34,0.0
2003-10-03,233.82,238.18,233.64,237.71,0.0
2003-10-06,237.86,238.92,236.97,238.31,0.0
2003-10-07,237.78,240.18,237.28,240.03,0.0
2003-10-08,239.49,240.31,236.42,238.6,0.0
2003-10-09,238.92,246.8,238.65,246.6,0.0
2003-10-10,246.03,254.34,245.59,252.29,0.0
2003-10-13,250.79,252.92,249.79,252.92,0.0
2003-10-14,250.86,254.86,249.94,251.42,0.0
2003-10-15,250.21,251.6,249.41,251.16,0.0
2003-10-16,251.49,252.13,248.7,249.54,0.0
2003-10-17,247.37,247.37,241.49,243.41,0.0
2003-10-20,239.25,242.56,238.52,241.01,0.0
2003-10-21,242.67,242.95,240.07,241.32,0.0
2003-10-22,242.6,243.32,239.59,240.5,0.0
2003-10-23,240.34,243.64,238.37,243.27,0.0
2003-10-24,245.47,245.59,241.63,242.53,0.0
2003-10-27,240.7,242.7,239.49,240.54,0.0
2003-10-28,239.45,240.45,233.31,239.58,0.0
2003-10-29,241.27,241.8,237.87,238.46,0.0
2003-10-30,237.38,237.84,234.16,234.79,0.0
2003-10-31,236.6,238.81,234.52,238.49,0.0
2003-11-03,239.9,239.9,235.58,235.63,0.0
2003-11-04,234.13,235.27,233.58,234.96,0.0
2003-11-05,235.2,243.8,235.12,243.45,0.0
2003-11-06,244.86,245.67,241.0,241.37,0.0
2003-11-07,242.66,246.61,242.46,244.79,0.0
2003-11-10,245.74,246.15,243.58,245.51,0.0
2003-11-11,245.2,247.67,245.04,247.67,0.0
2003-11-12,248.1,248.35,245.51,248.35,0.0
2003-11-13,248.0,251.27,246.84,251.27,0.0
2003-11-14,251.67,255.4,251.66,254.92,0.0
2003-11-17,252.54,252.54,249.53,250.09,0.0
2003-11-18,248.96,256.45,248.25,256.22,0.0
2003-11-19,254.95,256.73,251.28,251.59,0.0
2003-11-20,252.45,254.82,249.64,249.97,0.0
2003-11-21,250.22,251.32,248.57,249.34,0.0
2003-11-24,247.01,247.92,240.56,241.32,0.0
2003-11-25,242.18,242.27,239.1,241.94,0.0
2003-11-26,243.11,244.81,242.34,244.64,0.0
2003-11-27,243.11,244.81,242.34,244.64,0.0
2003-11-28,245.03,245.63,244.99,245.52,0.0
2003-12-01,243.34,246.95,243.34,246.95,0.0
2003-12-02,249.1,252.7,248.76,252.53,0.0
2003-12-03,251.25,255.0,250.89,254.98,0.0
2003-12-04,253.96,260.88,251.82,258.06,0.0
2003-12-05,258.83,259.14,254.24,254.44,0.0
2003-12-08,256.3,265.49,255.52,264.26,0.0
2003-12-09,262.87,264.08,260.42,261.46,0.0
2003-12-10,263.11,267.64,260.04,261.12,0.0
2003-12-11,260.82,262.22,257.19,259.91,0.0
2003-12-12,262.61,267.97,262.19,267.81,0.0
2003-12-15,262.9,267.99,262.73,267.81,0.0
2003-12-16,266.29,266.92,264.21,265.76,0.0
2003-12-17,265.43,271.1,265.15,269.38,0.0
2003-12-18,271.02,271.86,266.31,271.69,0.0
2003-12-19,271.56,271.76,267.9,268.27,0.0
2003-12-22,266.08,266.09,259.05,259.06,0.0
2003-12-23,258.34,258.53,254.69,258.21,0.0
2003-12-24,258.55,261.28,256.94,261.1,0.0
2003-12-26,261.1,261.5,260.55,261.44,0.0
2003-12-29,258.81,259.85,256.66,259.41,0.0
2003-12-30,261.57,265.06,261.3,263.0,0.0
2003-12-31,264.48,264.49,258.81,260.54,0.0
2004-01-02,259.68,261.65,259.65,261.65,0.0
2004-01-05,266.28,272.21,265.91,271.85,0.0
2004-01-06,274.59,277.22,271.05,272.23,0.0
2004-01-07,271.4,271.84,267.47,270.46,0.0
2004-01-08,270.35,274.46,268.4,273.55,0.0
2004-01-09,277.57,279.01,276.33,276.33,0.0
2004-01-12,272.49,277.48,270.41,275.99,0.0
2004-01-13,276.21,276.5,270.98,271.06,0.0
2004-01-14,270.0,271.66,268.26,270.13,0.0
2004-01-15,273.91,274.2,260.64,260.98,0.0
2004-01-16,262.11,268.65,261.21,268.51,0.0
2004-01-20,273.16,274.85,271.02,274.74,0.0
2004-01-21,273.82,275.74,272.01,273.38,0.0
2004-01-22,275.14,275.19,266.88,272.59,0.0
2004-01-23,273.94,274.76,271.96,272.55,0.0
2004-01-26,268.7,269.83,266.22,267.93,0.0
2004-01-27,268.28,270.57,265.68,266.23,0.0
2004-01-28,265.91,268.94,262.21,263.77,0.0
2004-01-29,262.87,263.31,257.71,259.67,0.0
2004-01-30,261.39,262.29,258.71,260.09,0.0
2004-02-02,258.75,266.82,258.15,266.54,0.0
2004-02-03,265.93,268.25,263.31,263.55,0.0
2004-02-04,264.78,265.61,258.87,259.53,0.0
2004-02-05,257.28,259.75,254.74,259.52,0.0
2004-02-06,259.17,260.3,255.72,256.63,0.0
2004-02-09,257.48,258.59,255.62,258.34,0.0
2004-02-10,259.7,263.78,259.31,262.15,0.0
2004-02-11,260.41,263.75,258.82,262.9,0.0
2004-02-12,262.01,264.63,261.91,263.89,0.0
2004-02-13,265.0,268.0,265.0,267.53,0.0
2004-02-16,265.0,268.0,265.0,267.53,0.0
2004-02-17,266.69,269.51,266.34,269.34,0.0
2004-02-18,270.51,271.06,268.03,268.52,0.0
2004-02-19,268.19,269.04,266.7,268.8,0.0
2004-02-20,268.71,269.43,263.68,266.21,0.0
2004-02-23,266.21,268.87,265.52,267.2,0.0
2004-02-24,268.6,269.72,267.88,269.0,0.0
2004-02-25,269.42,275.21,269.02,274.31,0.0
2004-02-26,274.29,276.09,273.29,275.69,0.0
2004-02-27,275.72,279.21,275.47,278.65,0.0
2004-03-01,278.85,283.2,277.09,282.98,0.0
2004-03-02,282.07,283.33,280.66,280.92,0.0
2004-03-03,279.18,280.26,274.25,274.25,0.0
2004-03-04,274.85,278.41,272.89,277.79,0.0
2004-03-05,279.21,281.08,278.77,279.85,0.0
2004-03-08,279.99,281.24,274.57,274.98,0.0
2004-03-09,274.4,275.94,272.99,273.1,0.0
2004-03-10,272.99,273.08,269.93,272.33,0.0
2004-03-11,273.97,278.06,272.9,277.42,0.0
2004-03-12,278.35,278.39,271.31,274.37,0.0
2004-03-15,275.13,281.5,275.12,281.34,0.0
2004-03-16,280.15,282.15,279.58,281.82,0.0
2004-03-17,282.76,287.54,281.66,286.85,0.0
2004-03-18,284.92,286.95,284.31,286.18,0.0
2004-03-19,285.77,287.35,285.09,286.29,0.0
2004-03-22,284.68,285.85,282.61,285.06,0.0
2004-03-23,283.81,287.22,283.08,286.23,0.0
2004-03-24,286.15,286.2,282.44,283.78,0.0
2004-03-25,280.86,281.13,276.39,276.57,0.0
2004-03-26,276.31,278.17,273.47,278.06,0.0
2004-03-29,276.36,277.62,274.77,276.91,0.0
2004-03-30,278.54,284.02,278.53,283.34,0.0
2004-03-31,284.31,284.79,277.34,282.12,0.0
2004-04-01,280.96,282.88,275.24,276.78,0.0
2004-04-02,275.4,276.82,262.31,276.0,0.0
2004-04-05,277.09,277.83,274.5,275.08,0.0
2004-04-06,274.78,278.49,274.55,278.42,0.0
2004-04-07,278.2,286.4,277.35,283.95,0.0
2004-04-08,285.23,288.87,285.08,288.22,0.0
2004-04-12,288.56,291.09,288.38,290.15,0.0
2004-04-13,289.2,289.27,284.66,285.22,0.0
2004-04-14,283.33,286.09,281.14,285.97,0.0
2004-04-15,284.76,287.87,284.27,287.05,0.0
2004-04-16,286.84,287.81,284.23,286.5,0.0
2004-04-19,287.48,289.04,284.57,285.23,0.0
2004-04-20,283.16,285.05,282.7,283.82,0.0
2004-04-21,281.68,282.44,278.36,278.39,0.0
2004-04-22,279.41,284.41,279.1,282.86,0.0
2004-04-23,282.68,283.15,279.63,281.21,0.0
2004-04-26,283.0,285.61,281.93,284.87,0.0
2004-04-27,286.76,289.75,286.48,289.2,0.0
2004-04-28,287.54,291.47,286.1,288.02,0.0
2004-04-29,286.36,289.05,285.22,288.73,0.0
2004-04-30,290.84,292.35,289.01,289.51,0.0
2004-05-03,290.13,295.16,289.66,294.94,0.0
2004-05-04,295.84,301.12,295.84,300.85,0.0
2004-05-05,299.74,303.64,297.89,303.23,0.0
2004-05-06,304.96,305.11,300.89,301.55,0.0
2004-05-07,303.97,305.28,302.29,303.86,0.0
2004-05-10,296.91,300.53,296.28,296.28,0.0
2004-05-11,295.38,302.37,295.38,301.95,0.0
2004-05-12,302.24,305.5,301.38,304.79,0.0
2004-05-13,304.69,307.37,301.97,306.07,0.0
2004-05-14,307.41,307.82,304.05,305.61,0.0
2004-05-17,306.84,306.84,302.53,305.6,0.0
2004-05-18,303.13,303.13,298.49,300.1,0.0
2004-05-19,298.7,308.68,298.36,308.44,0.0
2004-05-20,307.77,308.68,303.38,303.78,0.0
2004-05-21,302.75,303.77,298.56,300.19,0.0
2004-05-24,300.69,310.93,300.48,310.88,0.0
2004-05-25,309.0,310.73,306.12,307.88,0.0
2004-05-26,308.14,310.35,305.22,306.33,0.0
2004-05-27,303.22,303.26,297.89,300.08,0.0
2004-05-28,300.6,302.06,299.26,301.41,0.0
2004-06-01,313.3,315.77,313.29,315.6,0.0
2004-06-02,313.06,314.2,303.59,303.97,0.0
2004-06-03,305.18,306.19,294.16,298.66,0.0
2004-06-04,296.16,297.98,294.52,294.58,0.0
2004-06-07,292.02,295.72,291.64,294.8,0.0
2004-06-08,296.51,297.2,288.71,288.97,0.0
2004-06-09,287.58,290.24,284.5,289.5,0.0
2004-06-10,290.43,293.05,289.0,292.2,0.0
2004-06-14,290.35,293.32,289.07,289.33,0.0
2004-06-15,290.56,293.48,285.77,287.1,0.0
2004-06-16,287.83,289.98,287.03,289.18,0.0
2004-06-17,291.32,296.27,289.73,295.89,0.0
2004-06-18,296.55,296.95,294.03,296.08,0.0
2004-06-21,296.74,297.2,290.17,290.54,0.0
2004-06-22,290.26,292.95,289.62,292.1,0.0
2004-06-23,291.16,292.33,288.73,291.0,0.0
2004-06-24,292.03,294.45,291.56,293.9,0.0
2004-06-25,291.95,292.47,290.06,291.72,0.0
2004-06-28,289.15,289.33,282.6,283.41,0.0
2004-06-29,282.01,284.68,280.34,280.34,0.0
2004-06-30,280.87,286.47,279.86,286.35,0.0
2004-07-01,285.87,295.79,284.61,294.25,0.0
2004-07-02,293.7,295.8,292.26,293.21,0.0
2004-07-06,298.07,300.64,296.68,299.95,0.0
2004-07-07,296.89,299.72,295.77,297.73,0.0
2004-07-08,299.56,301.11,294.4,300.87,0.0
2004-07-09,300.37,300.65,297.44,298.56,0.0
2004-07-12,297.29,301.81,295.03,295.12,0.0
2004-07-13,293.1,295.21,291.77,293.51,0.0
2004-07-14,294.21,301.09,292.8,300.91,0.0
2004-07-15,299.97,300.81,298.11,298.65,0.0
2004-07-16,300.16,302.9,296.97,299.77,0.0
2004-07-19,298.39,301.32,297.78,299.86,0.0
2004-07-20,299.07,300.76,294.93,295.23,0.0
2004-07-21,295.83,297.45,294.12,294.86,0.0
2004-07-22,295.47,300.4,294.01,299.81,0.0
2004-07-23,300.75,302.08,299.51,301.22,0.0
2004-07-26,300.73,300.73,296.78,298.61,0.0
2004-07-27,299.23,301.28,298.97,299.87,0.0
2004-07-28,301.13,305.28,300.32,304.95,0.0
2004-07-29,303.11,304.88,301.1,304.05,0.0
2004-07-30,306.34,307.53,305.58,307.48,0.0
2004-08-02,305.79,306.72,303.93,305.96,0.0
2004-08-03,307.03,307.92,304.54,307.42,0.0
2004-08-04,307.76,307.88,300.81,300.82,0.0
2004-08-05,302.26,308.37,300.21,307.6,0.0
2004-08-06,307.05,307.78,303.1,304.76,0.0
2004-08-09,305.19,309.73,304.99,308.85,0.0
2004-08-10,308.97,309.69,306.25,307.35,0.0
2004-08-11,306.35,307.05,301.02,306.75,0.0
2004-08-12,307.09,309.81,306.75,309.18,0.0
2004-08-13,308.68,315.51,308.68,315.26,0.0
2004-08-16,313.95,315.63,312.23,312.8,0.0
2004-08-17,311.18,316.34,311.05,315.38,0.0
2004-08-18,316.73,317.76,313.34,315.34,0.0
2004-08-19,318.08,322.46,316.61,322.06,0.0
2004-08-20,325.19,325.69,318.29,318.41,0.0
2004-08-23,318.94,318.94,314.82,314.82,0.0
2004-08-24,314.08,314.16,308.63,310.71,0.0
2004-08-25,312.0,312.38,301.69,302.36,0.0
2004-08-26,299.49,301.94,297.47,299.14,0.0
2004-08-27,300.39,300.71,297.24,298.62,0.0
2004-08-30,299.09,299.52,294.17,297.11,0.0
2004-08-31,294.7,296.01,292.39,295.59,0.0
2004-09-01,298.92,305.41,297.29,303.79,0.0
2004-09-02,306.35,309.43,302.29,302.52,0.0
2004-09-03,302.56,303.09,299.41,300.08,0.0
2004-09-07,296.79,298.34,294.92,298.34,0.0
2004-09-08,297.03,300.65,294.93,297.31,0.0
2004-09-09,297.95,306.75,297.78,306.75,0.0
2004-09-10,308.08,308.15,297.78,300.14,0.0
2004-09-13,302.79,307.79,302.78,306.83,0.0
2004-09-14,310.0,311.09,307.5,309.27,0.0
2004-09-15,309.21,311.93,304.62,305.14,0.0
2004-09-16,305.97,306.32,300.42,305.96,0.0
2004-09-17,309.5,314.83,308.84,314.0,0.0
2004-09-20,316.11,316.43,311.94,316.4,0.0
2004-09-21,317.32,322.92,317.32,322.6,0.0
2004-09-22,323.22,330.74,322.18,329.56,0.0
2004-09-23,329.38,332.05,326.16,330.2,0.0
2004-09-24,328.09,330.14,326.45,329.69,0.0
2004-09-27,331.09,332.94,330.31,332.18,0.0
2004-09-28,334.41,336.22,332.47,335.22,0.0
2004-09-29,336.36,341.24,332.05,337.29,0.0
2004-09-30,338.92,339.18,336.1,337.73,0.0
2004-10-01,335.45,339.75,334.89,339.3,0.0
2004-10-04,335.77,338.34,335.71,337.2,0.0
2004-10-05,341.71,345.33,341.71,344.33,0.0
2004-10-06,342.98,347.77,341.75,347.34,0.0
2004-10-07,350.83,352.79,348.52,351.74,0.0
2004-10-08,350.48,355.24,349.04,355.24,0.0
2004-10-11,357.04,358.73,355.1,358.73,0.0
2004-10-12,359.99,360.06,352.29,353.61,0.0
2004-10-13,349.15,358.9,347.65,358.71,0.0
2004-10-14,356.95,361.18,355.83,361.08,0.0
2004-10-15,359.35,360.87,357.47,360.6,0.0
2004-10-18,359.72,361.36,353.56,355.79,0.0
2004-10-19,351.5,356.85,351.44,356.61,0.0
2004-10-20,359.94,366.47,358.19,365.55,0.0
2004-10-21,366.61,367.5,363.96,367.0,0.0
2004-10-22,368.3,373.17,368.24,371.14,0.0
2004-10-25,371.39,372.98,366.92,367.74,0.0
2004-10-26,366.27,373.42,364.99,372.97,0.0
2004-10-27,373.29,374.89,358.11,359.27,0.0
2004-10-28,356.64,361.91,352.04,352.47,0.0
2004-10-29,353.49,354.6,349.24,354.38,0.0
2004-11-01,358.54,360.36,344.16,347.25,0.0
2004-11-02,346.29,347.74,343.89,344.14,0.0
2004-11-03,345.93,350.82,340.42,350.06,0.0
2004-11-04,350.66,350.75,339.43,339.7,0.0
2004-11-05,339.68,342.0,335.58,341.9,0.0
2004-11-08,339.42,342.2,337.18,340.05,0.0
2004-11-09,338.1,338.16,331.81,333.61,0.0
2004-11-10,333.4,342.53,333.2,342.53,0.0
2004-11-11,339.5,340.05,333.22,336.13,0.0
2004-11-12,337.65,338.88,334.73,335.08,0.0
2004-11-15,333.07,335.18,327.07,334.64,0.0
2004-11-16,335.42,336.97,330.41,330.75,0.0
2004-11-17,329.77,337.98,328.57,337.18,0.0
2004-11-18,337.54,338.0,331.34,333.91,0.0
2004-11-19,335.67,344.66,335.05,344.57,0.0
2004-11-22,345.49,345.55,340.0,340.72,0.0
2004-11-23,340.7,348.69,340.7,342.81,0.0
2004-11-24,341.19,350.04,336.97,349.42,0.0
2004-11-26,350.09,350.37,349.41,349.41,0.0
2004-11-29,347.34,350.16,344.72,347.13,0.0
2004-11-30,346.39,348.86,340.31,342.5,0.0
2004-12-01,341.77,342.05,325.8,326.59,0.0
2004-12-02,323.59,324.17,310.08,311.76,0.0
2004-12-03,310.88,313.42,299.38,309.04,0.0
2004-12-06,311.53,314.13,309.92,311.36,0.0
2004-12-07,310.27,310.4,302.5,303.24,0.0
2004-12-08,300.52,307.86,298.57,305.79,0.0
2004-12-09,307.47,312.96,307.42,310.74,0.0
2004-12-10,313.0,314.19,301.07,303.35,0.0
2004-12-13,304.6,309.94,304.57,309.33,0.0
2004-12-14,310.84,313.1,309.13,312.78,0.0
2004-12-15,313.59,324.3,312.48,323.06,0.0
2004-12-16,322.28,323.42,311.29,320.32,0.0
2004-12-17,321.95,333.51,321.95,332.39,0.0
2004-12-20,329.01,329.44,323.67,326.47,0.0
2004-12-21,325.48,327.17,323.64,326.23,0.0
2004-12-22,325.9,327.45,316.95,319.38,0.0
2004-12-23,318.54,320.2,316.62,318.21,0.0
2004-12-27,312.45,312.49,304.47,304.95,0.0
2004-12-28,306.19,308.88,305.66,306.6,0.0
2004-12-29,306.02,311.25,302.02,310.72,0.0
2004-12-30,308.27,311.09,307.38,310.66,0.0
2004-12-31,310.55,310.55,310.47,310.47,0.0
2005-01-03,304.55,306.04,301.32,304.19,0.0
2005-01-04,304.36,311.53,302.02,308.8,0.0
2005-01-05,307.8,308.49,303.13,306.25,0.0
2005-01-06,305.13,317.84,304.87,317.2,0.0
2005-01-07,316.53,319.39,313.19,316.83,0.0
2005-01-10,320.8,327.34,317.39,317.88,0.0
2005-01-11,316.18,320.42,314.92,319.17,0.0
2005-01-12,319.1,321.21,314.31,320.31,0.0
2005-01-13,322.56,331.55,322.38,330.58,0.0
2005-01-14,330.23,332.4,327.73,330.48,0.0
2005-01-18,336.04,336.99,326.24,329.28,0.0
2005-01-19,328.53,330.91,327.79,328.25,0.0
2005-01-20,325.19,328.04,323.28,326.24,0.0
2005-01-21,327.83,334.61,327.81,331.74,0.0
2005-01-24,333.85,335.02,329.85,334.29,0.0
2005-01-25,334.64,338.95,331.8,338.27,0.0
2005-01-26,337.38,339.59,332.28,336.22,0.0
2005-01-27,338.39,339.46,334.58,334.88,0.0
2005-01-28,331.94,331.99,325.42,327.05,0.0
2005-01-31,323.6,331.68,321.08,331.56,0.0
2005-02-01,330.8,330.93,326.82,327.06,0.0
2005-02-02,327.0,328.77,323.82,323.92,0.0
2005-02-03,322.78,322.78,317.97,320.95,0.0
2005-02-04,322.71,324.01,319.73,320.39,0.0
2005-02-07,319.13,319.15,313.93,315.66,0.0
2005-02-08,314.68,318.18,314.13,318.14,0.0
2005-02-09,318.31,322.73,315.99,320.04,0.0
2005-02-10,322.4,328.9,322.4,328.9,0.0
2005-02-11,328.71,329.91,326.83,329.45,0.0
2005-02-14,330.42,331.65,326.51,330.22,0.0
2005-02-15,330.9,331.67,329.73,330.35,0.0
2005-02-16,330.8,335.38,328.2,334.17,0.0
2005-02-17,335.2,335.74,330.5,331.4,0.0
2005-02-18,331.96,335.24,331.53,334.11,0.0
2005-02-22,338.98,348.98,338.64,348.7,0.0
2005-02-23,347.14,351.16,345.94,350.08,0.0
2005-02-24,352.76,354.49,347.65,350.67,0.0
2005-02-25,348.91,354.08,348.32,353.01,0.0
2005-02-28,354.98,355.94,352.58,355.94,0.0
2005-03-01,354.93,356.21,349.61,355.15,0.0
2005-03-02,354.74,362.58,354.57,362.21,0.0
2005-03-03,362.19,370.08,361.77,364.87,0.0
2005-03-04,363.68,366.14,361.61,365.17,0.0
2005-03-07,363.42,365.43,361.09,365.43,0.0
2005-03-08,364.32,373.37,364.32,371.67,0.0
2005-03-09,373.08,376.89,370.13,373.77,0.0
2005-03-10,371.82,372.2,365.78,369.02,0.0
2005-03-11,366.83,374.19,366.34,374.05,0.0
2005-03-14,372.77,376.65,370.14,376.19,0.0
2005-03-15,376.52,379.83,373.91,378.69,0.0
2005-03-16,377.44,385.64,377.01,385.1,0.0
2005-03-17,388.53,389.43,384.32,384.96,0.0
2005-03-18,384.08,386.17,382.55,385.41,0.0
2005-03-21,386.45,386.64,381.91,385.33,0.0
2005-03-22,385.01,385.62,374.15,380.6,0.0
2005-03-23,376.96,377.34,369.88,371.88,0.0
2005-03-24,374.19,375.74,370.07,375.11,0.0
2005-03-28,372.89,374.41,370.78,372.59,0.0
2005-03-29,372.85,375.0,370.16,373.62,0.0
2005-03-30,373.85,374.65,368.4,374.47,0.0
2005-03-31,378.3,387.37,378.28,383.87,0.0
2005-04-01,386.29,393.62,383.68,391.91,0.0
2005-04-04,396.22,396.97,388.37,389.72,0.0
2005-04-05,387.46,390.45,384.91,385.15,0.0
2005-04-06,383.3,387.63,381.52,383.17,0.0
2005-04-07,385.56,386.37,372.54,375.09,0.0
2005-04-08,372.09,372.64,367.39,370.26,0.0
2005-04-11,366.86,372.87,365.2,372.87,0.0
2005-04-12,374.36,374.62,365.99,367.96,0.0
2005-04-13,365.17,365.57,359.71,362.02,0.0
2005-04-14,362.04,365.8,359.27,364.57,0.0
2005-04-15,362.0,362.7,359.01,360.97,0.0
2005-04-18,358.13,362.48,356.14,357.98,0.0
2005-04-19,361.63,369.18,361.53,369.18,0.0
2005-04-20,371.93,374.3,369.26,372.59,0.0
2005-04-21,370.67,374.39,368.7,373.79,0.0
2005-04-22,375.76,381.03,375.62,379.08,0.0
2005-04-25,380.9,382.63,376.17,376.55,0.0
2005-04-26,374.04,375.31,370.95,374.92,0.0
2005-04-27,374.95,375.19,361.87,362.07,0.0
2005-04-28,358.18,362.39,353.67,362.06,0.0
2005-04-29,360.7,362.12,351.23,353.42,0.0
2005-05-02,351.95,357.79,351.37,357.24,0.0
2005-05-03,356.1,356.2,349.82,350.31,0.0
2005-05-04,349.34,355.99,346.33,353.01,0.0
2005-05-05,354.87,355.1,348.96,354.3,0.0
2005-05-06,356.95,359.28,351.21,354.8,0.0
2005-05-09,355.56,358.54,352.74,358.54,0.0
2005-05-10,359.64,365.52,359.04,361.58,0.0
2005-05-11,359.07,360.5,354.07,356.08,0.0
2005-05-12,353.58,353.59,346.7,348.65,0.0
2005-05-13,349.96,349.96,343.7,347.57,0.0
2005-05-16,344.69,345.86,342.1,345.82,0.0
2005-05-17,345.31,347.52,343.18,347.45,0.0
2005-05-18,348.49,349.21,340.09,342.3,0.0
2005-05-19,343.43,346.24,340.8,341.68,0.0
2005-05-20,343.64,343.64,339.36,341.13,0.0
2005-05-23,338.36,345.81,337.98,343.68,0.0
2005-05-24,343.75,346.6,341.54,345.71,0.0
2005-05-25,346.57,353.62,345.43,351.85,0.0
2005-05-26,351.79,354.95,349.9,352.03,0.0
2005-05-27,353.3,355.47,352.88,354.93,0.0
2005-05-31,353.26,355.3,352.8,354.97,0.0
2005-06-01,357.02,369.25,356.72,369.15,0.0
2005-06-02,368.56,373.43,365.49,365.81,0.0
2005-06-03,368.54,373.86,367.37,373.41,0.0
2005-06-06,376.0,377.05,371.86,374.04,0.0
2005-06-07,372.89,375.43,369.84,371.9,0.0
2005-06-08,369.43,380.26,365.58,366.95,0.0
2005-06-09,368.95,376.08,367.78,376.08,0.0
2005-06-10,375.84,378.13,371.17,372.66,0.0
2005-06-13,372.63,383.26,372.33,383.26,0.0
2005-06-14,382.03,384.4,379.69,380.23,0.0
2005-06-15,382.59,387.76,382.13,382.98,0.0
2005-06-16,384.12,388.46,382.73,387.8,0.0
2005-06-17,391.59,396.06,391.23,395.91,0.0
2005-06-20,398.92,399.68,393.86,399.4,0.0
2005-06-21,397.1,398.78,393.82,394.13,0.0
2005-06-22,393.27,396.81,389.3,390.18,0.0
2005-06-23,391.72,399.24,391.53,396.09,0.0
2005-06-24,397.92,397.96,394.21,396.98,0.0
2005-06-27,399.35,400.58,396.85,398.55,0.0
2005-06-28,395.67,395.67,386.16,387.43,0.0
2005-06-29,384.67,387.26,381.91,383.18,0.0
2005-06-30,382.61,386.7,379.22,380.05,0.0
2005-07-01,381.06,392.64,381.05,391.07,0.0
2005-07-05,395.7,401.58,394.91,398.79,0.0
2005-07-06,402.6,408.27,402.27,408.09,0.0
2005-07-07,405.18,406.25,397.2,405.05,0.0
2005-07-08,409.62,411.42,398.72,399.79,0.0
2005-07-11,393.63,396.95,391.67,396.63,0.0
2005-07-12,400.03,408.6,399.88,406.65,0.0
2005-07-13,405.54,408.02,402.05,404.49,0.0
2005-07-14,404.86,404.98,391.95,395.16,0.0
2005-07-15,399.07,401.25,395.5,397.25,0.0
2005-07-18,394.04,395.48,390.05,392.74,0.0
2005-07-19,393.06,394.12,389.87,392.14,0.0
2005-07-20,394.61,396.68,386.43,389.09,0.0
2005-07-21,386.56,389.73,381.44,384.09,0.0
2005-07-22,386.18,391.06,384.95,390.87,0.0
2005-07-25,387.28,391.85,385.25,391.46,0.0
2005-07-26,390.49,396.71,389.95,393.41,0.0
2005-07-27,393.39,396.29,390.79,394.53,0.0
2005-07-28,396.13,399.73,393.49,398.97,0.0
2005-07-29,401.54,404.65,400.45,402.61,0.0
2005-08-01,404.59,412.46,404.5,408.98,0.0
2005-08-02,407.67,412.67,406.89,412.4,0.0
2005-08-03,415.24,416.4,406.91,407.52,0.0
2005-08-04,409.37,414.54,408.44,410.56,0.0
2005-08-05,413.28,415.55,410.75,415.4,0.0
2005-08-08,418.65,424.15,418.57,423.08,0.0
2005-08-09,421.32,422.31,418.5,419.52,0.0
2005-08-10,421.29,431.27,420.15,431.27,0.0
2005-08-11,432.64,438.57,430.2,438.57,0.0
2005-08-12,438.96,444.76,438.92,441.81,0.0
2005-08-15,439.71,441.65,434.86,438.67,0.0
2005-08-16,437.47,444.01,437.14,439.06,0.0
2005-08-17,438.11,441.58,424.89,424.92,0.0
2005-08-18,424.3,425.91,417.09,421.37,0.0
2005-08-19,427.17,427.49,426.99,427.19,0.0
2005-08-22,431.95,438.07,430.88,433.02,0.0
2005-08-23,435.26,436.72,428.59,433.62,0.0
2005-08-24,438.32,442.61,432.39,441.93,0.0
2005-08-25,440.29,442.85,436.27,442.09,0.0
2005-08-26,442.17,444.69,435.69,436.79,0.0
2005-08-29,458.04,458.86,443.84,449.66,0.0
2005-08-30,458.98,472.3,458.97,468.79,0.0
2005-08-31,470.14,475.15,459.17,466.39,0.0
2005-09-01,469.76,477.36,468.15,476.63,0.0
2005-09-02,472.6,472.6,460.02,463.34,0.0
2005-09-06,463.9,464.67,455.09,455.75,0.0
2005-09-07,453.31,455.8,441.29,443.86,0.0
2005-09-08,446.0,447.37,435.81,443.62,0.0
2005-09-09,447.42,447.92,438.53,440.37,0.0
2005-09-12,432.52,436.94,432.45,436.94,0.0
2005-09-13,437.98,442.51,432.11,435.75,0.0
2005-09-14,437.65,447.61,436.8,447.61,0.0
2005-09-15,449.56,450.45,441.17,445.62,0.0
2005-09-16,442.77,443.48,434.86,435.32,0.0
2005-09-19,444.87,464.82,444.16,464.74,0.0
2005-09-20,456.49,459.27,450.4,457.29,0.0
2005-09-21,468.05,469.79,459.92,461.41,0.0
2005-09-22,470.51,471.17,459.98,463.32,0.0
2005-09-23,457.81,459.71,447.8,450.65,0.0
2005-09-26,447.76,462.65,442.74,461.71,0.0
2005-09-27,457.51,463.53,457.43,460.56,0.0
2005-09-28,461.0,475.65,460.99,473.23,0.0
2005-09-29,474.94,478.08,464.89,473.64,0.0
2005-09-30,469.8,471.81,463.54,469.56,0.0
2005-10-03,471.48,472.38,464.38,467.0,0.0
2005-10-04,464.07,464.34,454.01,460.71,0.0
2005-10-05,462.17,467.56,454.18,454.96,0.0
2005-10-06,450.69,450.69,440.96,442.73,0.0
2005-10-07,446.45,446.52,439.62,444.33,0.0
2005-10-10,442.94,443.61,435.87,443.53,0.0
2005-10-11,447.76,453.85,447.76,453.85,0.0
2005-10-12,455.92,457.43,452.52,456.36,0.0
2005-10-13,456.17,456.41,447.15,450.15,0.0
2005-10-14,441.81,445.68,437.87,445.68,0.0
2005-10-17,455.55,455.85,450.56,455.85,0.0
2005-10-18,450.2,450.97,446.48,448.48,0.0
2005-10-19,439.98,442.18,439.83,442.18,0.0
2005-10-20,439.77,439.84,429.27,431.47,0.0
2005-10-21,430.25,434.7,427.26,433.64,0.0
2005-10-24,427.42,432.09,426.73,430.71,0.0
2005-10-25,433.11,448.17,433.05,448.08,0.0
2005-10-26,450.92,450.92,435.01,438.77,0.0
2005-10-27,439.63,440.45,433.2,437.54,0.0
2005-10-28,435.85,436.81,431.9,434.97,0.0
2005-10-31,429.32,429.81,420.91,422.88,0.0
2005-11-01,422.73,423.47,417.13,421.05,0.0
2005-11-02,419.42,424.06,414.09,418.45,0.0
2005-11-03,422.79,428.2,420.16,427.85,0.0
2005-11-04,423.74,425.47,420.76,421.83,0.0
2005-11-07,417.59,421.29,411.33,421.29,0.0
2005-11-08,420.46,423.74,416.85,423.74,0.0
2005-11-09,422.19,428.31,417.99,422.85,0.0
2005-11-10,419.68,419.76,413.19,417.54,0.0
2005-11-11,418.4,421.24,415.32,420.38,0.0
2005-11-14,424.01,424.76,418.78,420.93,0.0
2005-11-15,421.4,423.84,416.24,416.44,0.0
2005-11-16,416.01,425.22,416.01,423.77,0.0
2005-11-17,427.45,428.48,416.85,417.21,0.0
2005-11-18,416.66,416.77,410.66,413.85,0.0
2005-11-21,413.85,417.77,412.56,414.83,0.0
2005-11-22,419.58,421.44,418.22,420.08,0.0
2005-11-23,417.43,418.53,414.85,417.51,0.0
2005-11-25,416.66,416.84,416.19,416.61,0.0
2005-11-28,413.93,416.28,405.91,410.15,0.0
2005-11-29,412.09,415.01,407.21,407.74,0.0
2005-11-30,408.61,416.71,406.02,415.91,0.0
2005-12-01,416.33,425.47,414.94,425.41,0.0
2005-12-02,431.15,434.38,426.37,434.23,0.0
2005-12-05,439.79,444.2,435.12,436.14,0.0
2005-12-06,432.71,436.98,432.06,433.58,0.0
2005-12-07,438.24,439.2,430.58,432.78,0.0
2005-12-08,436.26,447.48,434.91,447.48,0.0
2005-12-09,451.69,451.69,436.51,440.07,0.0
2005-12-12,445.79,451.52,442.8,451.52,0.0
2005-12-13,454.53,459.38,454.23,457.55,0.0
2005-12-14,456.89,457.85,451.48,451.89,0.0
2005-12-15,448.58,454.81,442.96,443.4,0.0
2005-12-16,438.05,439.98,433.24,434.19,0.0
2005-12-19,436.9,437.02,428.14,431.77,0.0
2005-12-20,430.98,435.31,427.99,432.17,0.0
2005-12-21,431.99,436.38,428.26,435.46,0.0
2005-12-22,436.18,436.19,425.69,428.68,0.0
2005-12-23,423.94,425.62,421.07,425.45,0.0
2005-12-27,417.98,418.97,414.19,417.01,0.0
2005-12-28,418.55,429.53,417.05,426.76,0.0
2005-12-29,426.84,431.1,424.28,427.14,0.0
2005-12-30,423.68,432.55,423.28,431.72,0.0
2006-01-03,431.79,442.64,431.58,438.18,0.0
2006-01-04,432.9,438.71,432.0,438.55,0.0
2006-01-05,436.22,437.29,430.97,432.1,0.0
2006-01-06,436.58,439.73,434.82,437.91,0.0
2006-01-09,438.24,438.31,428.53,433.58,0.0
2006-01-10,434.71,435.71,430.68,432.62,0.0
2006-01-11,430.47,436.0,426.7,433.0,0.0
2006-01-12,436.72,438.45,431.78,433.03,0.0
2006-01-13,429.51,434.42,429.09,434.42,0.0
2006-01-17,441.61,447.37,441.43,446.9,0.0
2006-01-18,449.07,449.2,438.01,440.7,0.0
2006-01-19,441.28,447.09,438.01,446.41,0.0
2006-01-20,451.49,458.01,449.95,454.65,0.0
2006-01-23,449.04,452.22,448.0,450.46,0.0
2006-01-24,446.53,451.41,445.36,447.06,0.0
2006-01-25,445.03,445.03,438.62,441.09,0.0
2006-01-26,440.41,445.09,437.49,442.12,0.0
2006-01-27,447.81,450.09,445.14,449.05,0.0
2006-01-30,449.29,457.27,449.04,456.67,0.0
2006-01-31,455.05,457.4,450.57,453.92,0.0
2006-02-01,455.29,459.94,443.9,445.35,0.0
2006-02-02,443.16,443.49,433.98,436.27,0.0
2006-02-03,437.08,440.81,433.25,440.73,0.0
2006-02-06,443.19,443.2,435.26,435.99,0.0
2006-02-07,431.65,436.91,425.05,427.35,0.0
2006-02-08,426.29,430.08,423.34,425.37,0.0
2006-02-09,426.52,428.22,422.52,425.78,0.0
2006-02-10,426.76,428.17,418.94,420.83,0.0
2006-02-13,421.1,421.65,415.91,418.43,0.0
2006-02-14,415.5,415.67,411.54,412.21,0.0
2006-02-15,414.08,415.98,405.22,405.47,0.0
2006-02-16,407.56,411.21,405.54,409.46,0.0
2006-02-17,415.45,416.58,413.23,416.17,0.0
2006-02-21,423.86,425.23,419.33,425.11,0.0
2006-02-22,420.6,421.22,413.55,415.78,0.0
2006-02-23,415.54,418.03,411.18,415.27,0.0
2006-02-24,420.81,425.9,419.85,423.94,0.0
2006-02-27,419.47,420.66,411.32,411.99,0.0
2006-02-28,411.09,417.01,409.37,415.86,0.0
2006-03-01,417.81,421.23,416.11,418.37,0.0
2006-03-02,422.08,426.71,420.41,426.27,0.0
2006-03-03,426.53,429.69,423.24,429.69,0.0
2006-03-06,426.09,426.82,418.88,420.1,0.0
2006-03-07,418.93,420.12,412.54,415.8,0.0
2006-03-08,412.99,413.46,405.37,410.96,0.0
2006-03-09,412.67,415.99,409.7,415.99,0.0
2006-03-10,415.49,417.06,412.89,415.19,0.0
2006-03-13,414.64,425.4,414.5,425.4,0.0
2006-03-14,428.37,434.31,425.49,434.08,0.0
2006-03-15,431.43,434.84,428.47,429.28,0.0
2006-03-16,428.14,435.37,425.44,433.9,0.0
2006-03-17,433.19,434.36,429.02,430.43,0.0
2006-03-20,428.35,428.66,419.3,420.03,0.0
2006-03-21,417.88,424.35,416.38,422.81,0.0
2006-03-22,422.08,425.26,418.86,419.31,0.0
2006-03-23,419.22,430.26,419.2,430.2,0.0
2006-03-24,429.05,434.73,428.26,432.01,0.0
2006-03-27,432.01,432.01,432.01,432.01,0.0
2006-03-28,437.32,438.58,437.23,437.47,0.0
2006-03-29,439.64,443.85,439.05,442.65,0.0
2006-03-30,444.31,447.49,443.07,447.38,0.0
2006-03-31,442.79,445.11,439.1,442.52,0.0
2006-04-03,445.35,450.57,443.71,445.18,0.0
2006-04-04,440.23,443.14,438.71,441.25,0.0
2006-04-05,441.15,446.8,440.84,446.65,0.0
2006-04-06,450.59,452.62,447.97,451.48,0.0
2006-04-07,446.33,449.02,444.4,448.56,0.0
2006-04-10,451.55,458.06,450.9,458.06,0.0
2006-04-11,461.39,461.95,454.86,461.95,0.0
2006-04-12,461.38,465.46,460.96,464.1,0.0
2006-04-13,461.21,469.21,460.28,469.21,0.0
2006-04-17,471.84,477.84,470.43,477.3,0.0
2006-04-18,479.93,486.59,478.27,486.02,0.0
2006-04-19,486.58,494.49,485.73,492.9,0.0
2006-04-20,490.84,492.85,484.01,488.05,0.0
2006-04-21,483.91,496.97,483.48,496.18,0.0
2006-04-24,494.29,494.39,485.28,485.92,0.0
2006-04-25,486.84,488.7,479.45,485.1,0.0
2006-04-26,484.86,486.06,480.21,481.23,0.0
2006-04-27,476.72,478.03,470.84,470.91,0.0
2006-04-28,470.66,479.1,469.23,474.79,0.0
2006-05-01,477.41,484.73,476.7,484.02,0.0
2006-05-02,486.96,490.04,482.84,488.93,0.0
2006-05-03,488.92,490.14,477.11,477.24,0.0
2006-05-04,471.84,476.14,463.95,469.87,0.0
2006-05-05,473.96,474.3,470.22,473.91,0.0
2006-05-08,470.02,471.96,464.51,471.96,0.0
2006-05-09,473.04,480.61,472.03,479.9,0.0
2006-05-10,480.13,491.84,476.23,491.84,0.0
2006-05-11,494.07,500.53,492.51,500.53,0.0
2006-05-12,496.72,499.06,491.04,492.06,0.0
2006-05-15,481.0,483.3,474.53,475.06,0.0
2006-05-16,476.44,480.44,472.62,475.85,0.0
2006-05-17,477.59,477.9,469.14,470.43,0.0
2006-05-18,469.27,472.66,466.37,472.06,0.0
2006-05-19,473.19,474.38,464.41,464.99,0.0
2006-05-22,462.39,470.7,461.15,469.94,0.0
2006-05-23,474.86,482.12,474.69,482.03,0.0
2006-05-24,476.87,478.79,467.47,467.57,0.0
2006-05-25,468.69,475.84,468.05,475.11,0.0
2006-05-26,476.26,479.17,473.34,477.62,0.0
2006-05-30,482.01,485.31,478.96,478.96,0.0
2006-05-31,476.3,476.99,468.64,474.55,0.0
2006-06-01,471.65,480.21,469.01,471.28,0.0
2006-06-02,474.27,484.23,473.11,482.14,0.0
2006-06-05,487.81,489.23,480.57,481.53,0.0
2006-06-06,479.36,482.63,474.4,478.01,0.0
2006-06-07,477.14,477.14,468.89,472.04,0.0
2006-06-08,467.63,470.57,463.97,468.75,0.0
2006-06-09,472.3,475.56,472.3,475.56,0.0
2006-06-12,475.72,477.28,469.54,471.1,0.0
2006-06-13,466.4,468.08,458.4,459.93,0.0
2006-06-14,461.86,465.63,458.98,462.52,0.0
2006-06-15,464.01,469.98,463.9,468.95,0.0
2006-06-16,467.78,470.6,464.7,469.61,0.0
2006-06-19,465.24,466.69,461.19,462.71,0.0
2006-06-20,464.4,465.92,460.2,461.16,0.0
2006-06-21,460.77,468.69,459.3,467.26,0.0
2006-06-22,469.43,470.65,465.99,469.48,0.0
2006-06-23,467.58,470.69,466.64,468.08,0.0
2006-06-26,466.52,472.71,465.09,472.71,0.0
2006-06-27,475.96,477.48,473.16,473.45,0.0
2006-06-28,473.93,476.36,470.59,473.47,0.0
2006-06-29,476.18,482.03,475.04,481.92,0.0
2006-06-30,482.03,485.01,481.5,484.68,0.0
2006-07-03,485.03,486.14,484.98,485.43,0.0
2006-07-05,485.55,491.39,485.02,489.08,0.0
2006-07-06,487.51,490.9,484.46,490.9,0.0
2006-07-07,493.48,493.81,483.89,484.71,0.0
2006-07-10,482.1,483.42,477.99,482.01,0.0
2006-07-11,484.54,488.67,481.94,488.67,0.0
2006-07-12,489.64,494.35,486.6,494.35,0.0
2006-07-13,498.94,505.47,498.19,504.97,0.0
2006-07-14,509.57,512.36,505.75,509.63,0.0
2006-07-17,505.41,508.11,496.3,496.67,0.0
2006-07-18,501.13,502.51,488.25,488.43,0.0
2006-07-19,488.77,489.91,479.68,486.47,0.0
2006-07-20,489.64,491.31,482.8,484.11,0.0
2006-07-24,481.63,489.64,480.45,489.19,0.0
2006-07-25,492.36,493.14,481.82,483.94,0.0
2006-07-26,486.52,490.78,484.24,487.19,0.0
2006-07-27,492.28,494.13,489.38,491.65,0.0
2006-07-28,489.39,490.04,483.9,486.62,0.0
2006-07-31,491.19,498.63,488.3,498.25,0.0
2006-08-01,502.57,503.96,494.18,498.42,0.0
2006-08-02,505.38,510.5,503.18,505.63,0.0
2006-08-03,500.4,501.15,496.99,498.67,0.0
2006-08-04,496.83,500.16,492.39,497.0,0.0
2006-08-07,499.28,505.96,498.8,505.02,0.0
2006-08-08,502.23,506.03,501.0,503.37,0.0
2006-08-09,503.37,510.58,503.37,506.78,0.0
2006-08-10,502.65,503.92,493.8,495.28,0.0
2006-08-11,499.05,500.4,492.67,495.6,0.0
2006-08-14,488.29,488.33,483.34,487.26,0.0
2006-08-15,486.86,489.09,484.85,485.82,0.0
2006-08-16,486.06,487.24,480.44,482.24,0.0
2006-08-17,477.07,477.37,471.67,471.67,0.0
2006-08-18,475.23,476.79,469.8,475.12,0.0
2006-08-21,475.12,480.74,475.12,480.52,0.0
2006-08-22,481.05,483.15,479.74,482.33,0.0
2006-08-23,480.8,481.57,472.92,475.52,0.0
2006-08-24,476.92,480.22,475.49,479.1,0.0
2006-08-25,485.48,487.89,480.27,481.09,0.0
2006-08-28,472.6,473.11,467.21,468.41,0.0
2006-08-29,467.55,468.86,461.74,464.85,0.0
2006-08-30,465.27,466.42,459.02,464.27,0.0
2006-08-31,467.37,468.12,460.78,465.87,0.0
2006-09-01,465.06,466.41,459.22,459.22,0.0
2006-09-05,455.94,458.89,454.34,457.14,0.0
2006-09-06,454.15,458.72,452.06,453.26,0.0
2006-09-07,452.92,453.93,448.09,450.23,0.0
2006-09-08,450.76,451.49,443.27,446.4,0.0
2006-09-11,441.0,444.61,437.83,443.89,0.0
2006-09-12,440.74,443.5,433.6,437.24,0.0
2006-09-13,437.29,439.4,434.26,438.39,0.0
2006-09-14,438.59,440.0,430.31,433.73,0.0
2006-09-15,433.17,434.4,428.34,431.58,0.0
2006-09-18,431.75,436.8,428.9,434.97,0.0
2006-09-19,436.33,438.09,425.67,426.51,0.0
2006-09-20,422.09,424.34,418.19,418.32,0.0
2006-09-21,419.68,423.95,417.33,423.57,0.0
2006-09-25,413.77,422.62,412.53,418.93,0.0
2006-09-26,416.79,422.84,416.43,419.2,0.0
2006-09-27,421.63,426.67,414.14,426.0,0.0
2006-09-28,428.29,431.41,424.68,426.63,0.0
2006-09-29,424.88,428.64,420.92,428.05,0.0
2006-10-02,427.65,428.47,419.96,420.25,0.0
2006-10-03,418.56,418.65,409.43,409.68,0.0
2006-10-04,412.29,416.9,406.37,413.81,0.0
2006-10-05,420.92,422.04,415.36,420.18,0.0
2006-10-06,418.93,422.78,413.95,422.78,0.0
2006-10-09,426.26,434.03,425.67,430.3,0.0
2006-10-10,428.4,429.36,423.55,426.5,0.0
2006-10-11,427.47,429.58,422.78,426.85,0.0
2006-10-12,425.53,429.89,424.78,429.89,0.0
2006-10-13,433.44,437.83,432.14,434.76,0.0
2006-10-16,434.41,444.58,433.44,444.44,0.0
2006-10-17,447.69,448.94,439.16,440.21,0.0
2006-10-18,438.14,441.72,432.62,434.07,0.0
2006-10-19,434.98,440.67,432.43,439.84,0.0
2006-10-20,440.23,440.96,434.41,435.27,0.0
2006-10-23,431.69,433.33,429.43,432.35,0.0
2006-10-24,432.54,437.53,431.3,435.89,0.0
2006-10-25,437.02,447.23,436.51,447.01,0.0
2006-10-26,447.33,449.14,440.79,441.28,0.0
2006-10-27,441.17,444.14,438.69,441.86,0.0
2006-10-30,436.19,436.66,428.43,428.43,0.0
2006-10-31,424.49,429.6,421.37,429.22,0.0
2006-11-01,428.06,433.26,424.91,429.56,0.0
2006-11-02,427.83,433.12,424.97,428.24,0.0
2006-11-03,430.73,434.85,430.1,434.04,0.0
2006-11-06,432.12,439.23,431.58,437.1,0.0
2006-11-07,435.72,438.8,433.11,436.33,0.0
2006-11-08,437.4,443.94,436.92,443.94,0.0
2006-11-09,448.15,452.52,445.51,452.52,0.0
2006-11-10,448.4,449.47,441.53,441.62,0.0
2006-11-13,438.16,439.59,434.46,439.29,0.0
2006-11-14,441.01,443.09,438.44,441.11,0.0
2006-11-15,441.99,447.58,441.07,445.28,0.0
2006-11-16,448.28,449.39,433.98,434.56,0.0
2006-11-17,431.86,437.88,430.84,437.56,0.0
2006-11-20,435.74,437.98,434.49,437.07,0.0
2006-11-21,439.49,445.02,437.85,445.0,0.0
2006-11-22,443.47,445.14,436.03,438.53,0.0
2006-11-24,442.8,443.74,439.91,442.1,0.0
2006-11-27,444.21,447.74,442.38,446.79,0.0
2006-11-28,448.58,451.26,447.25,450.13,0.0
2006-11-29,450.85,458.95,450.36,458.62,0.0
2006-11-30,459.97,465.28,457.93,463.66,0.0
2006-12-01,459.55,462.74,457.94,462.42,0.0
2006-12-04,458.73,459.03,452.73,453.13,0.0
2006-12-05,455.68,456.35,448.32,453.19,0.0
2006-12-06,451.1,453.96,448.7,449.25,0.0
2006-12-07,449.22,450.05,445.87,448.57,0.0
2006-12-08,452.75,454.39,445.69,446.17,0.0
2006-12-11,442.69,445.19,440.95,442.18,0.0
2006-12-12,442.57,445.84,439.05,440.53,0.0
2006-12-13,440.97,445.0,440.39,442.6,0.0
2006-12-14,446.66,449.92,445.42,448.32,0.0
2006-12-15,449.04,450.47,446.14,449.4,0.0
2006-12-18,447.09,447.09,444.93,445.08,0.0
2006-12-19,443.04,450.04,442.32,447.94,0.0
2006-12-20,450.18,451.2,447.1,447.62,0.0
2006-12-21,445.58,446.33,441.78,443.09,0.0
2006-12-22,443.84,444.82,441.0,442.29,0.0
2006-12-26,442.66,443.79,432.0,433.89,0.0
2006-12-27,433.89,434.15,430.19,430.54,0.0
2006-12-28,432.63,434.29,430.59,432.31,0.0
2006-12-29,431.09,434.28,429.2,433.94,0.0
2007-01-02,433.94,433.94,433.94,433.94,0.0
2007-01-03,430.29,430.58,417.05,417.96,0.0
2007-01-04,416.57,419.17,405.57,405.66,0.0
2007-01-05,402.51,408.04,402.2,407.72,0.0
2007-01-08,412.79,415.83,404.07,405.12,0.0
2007-01-09,399.07,407.01,398.71,406.05,0.0
2007-01-10,404.67,405.74,398.8,403.37,0.0
2007-01-11,400.39,405.7,393.36,395.42,0.0
2007-01-12,395.4,402.65,394.49,402.41,0.0
2007-01-16,398.82,401.69,391.94,394.76,0.0
2007-01-17,390.7,398.49,390.2,397.96,0.0
2007-01-18,398.46,400.56,389.81,392.65,0.0
2007-01-19,394.8,402.58,394.18,402.58,0.0
2007-01-22,404.24,410.08,398.69,402.5,0.0
2007-01-23,406.44,414.78,405.17,414.74,0.0
2007-01-24,412.73,414.59,407.31,414.46,0.0
2007-01-25,415.56,416.31,408.01,408.76,0.0
2007-01-26,409.75,414.93,409.37,414.31,0.0
2007-01-29,412.86,414.16,405.2,405.2,0.0
2007-01-30,407.16,421.24,406.82,420.67,0.0
2007-01-31,419.76,427.22,415.75,427.22,0.0
2007-02-01,428.92,430.58,422.29,423.0,0.0
2007-02-02,424.49,429.27,420.81,427.71,0.0
2007-02-05,431.53,434.35,427.01,427.62,0.0
2007-02-06,432.98,433.21,425.68,427.75,0.0
2007-02-07,429.87,433.25,421.62,423.65,0.0
2007-02-08,422.12,433.64,422.0,433.64,0.0
2007-02-09,433.53,441.05,432.15,436.62,0.0
2007-02-12,431.36,432.34,422.86,425.33,0.0
2007-02-13,424.61,434.36,422.68,434.36,0.0
2007-02-14,433.73,434.32,425.35,428.01,0.0
2007-02-15,428.17,430.47,421.71,429.17,0.0
2007-02-16,428.97,437.26,428.54,436.48,0.0
2007-02-20,430.89,432.06,426.08,431.49,0.0
2007-02-21,430.13,441.76,429.06,439.41,0.0
2007-02-22,437.91,446.87,437.84,446.84,0.0
2007-02-23,447.51,451.18,445.33,450.03,0.0
2007-02-26,451.46,452.67,447.98,450.78,0.0
2007-02-27,446.29,453.68,444.7,449.52,0.0
2007-02-28,445.89,450.72,443.33,448.49,0.0
2007-03-01,447.71,450.44,443.85,448.51,0.0
2007-03-02,448.12,450.19,444.66,445.6,0.0
2007-03-05,440.15,441.37,435.9,437.39,0.0
2007-03-06,440.02,441.7,436.99,441.55,0.0
2007-03-07,442.72,448.7,441.51,448.7,0.0
2007-03-08,449.21,449.93,445.83,449.86,0.0
2007-03-12,439.36,440.64,436.16,440.14,0.0
2007-03-13,442.23,445.79,437.42,439.29,0.0
2007-03-14,439.13,440.99,436.88,440.35,0.0
2007-03-15,442.89,443.1,436.21,438.81,0.0
2007-03-19,436.58,440.39,436.27,437.82,0.0
2007-03-20,438.71,440.14,436.51,436.85,0.0
2007-03-21,438.94,440.36,437.05,439.2,0.0
2007-03-22,443.76,448.83,443.1,448.76,0.0
2007-03-26,452.61,454.19,450.98,453.37,0.0
2007-03-27,451.97,454.91,451.35,454.09,0.0
2007-03-28,462.52,463.78,458.44,459.88,0.0
2007-03-29,460.58,469.11,459.66,468.15,0.0
2007-04-02,466.74,470.63,463.82,467.16,0.0
2007-04-03,462.75,463.89,458.43,462.32,0.0
2007-04-04,462.39,466.06,458.34,465.94,0.0
2007-04-05,464.78,468.35,464.22,466.79,0.0
2007-04-06,466.79,466.79,466.79,466.79,0.0
2007-04-09,464.79,468.51,456.86,459.29,0.0
2007-04-10,459.48,466.67,458.63,466.67,0.0
2007-04-11,468.67,470.46,465.13,469.06,0.0
2007-04-12,471.69,475.72,469.6,475.72,0.0
2007-04-16,478.4,479.23,470.6,471.88,0.0
2007-04-17,473.08,474.61,464.98,467.26,0.0
2007-04-18,464.96,468.28,462.29,466.67,0.0
2007-04-19,467.64,469.02,462.88,463.81,0.0
2007-04-23,468.78,475.31,467.36,475.31,0.0
2007-04-24,475.52,477.39,467.97,469.27,0.0
2007-04-25,470.79,476.71,470.52,476.47,0.0
2007-04-26,474.5,477.37,471.05,471.15,0.0
2007-04-30,477.71,478.71,473.67,474.46,0.0
2007-05-01,473.71,476.97,469.53,470.97,0.0
2007-05-02,470.66,471.09,464.49,467.17,0.0
2007-05-03,467.79,469.0,463.43,467.96,0.0
2007-05-04,469.32,470.47,462.68,465.71,0.0
2007-05-07,466.234,467.152,465.326,465.634,0.0
2007-05-08,464.214,465.836,460.398,464.369,0.0
2007-05-09,466.225,467.475,458.103,462.775,0.0
2007-05-10,465.157,467.175,463.134,464.842,0.0
2007-05-11,465.973,472.316,465.873,472.123,0.0
2007-05-14,473.055,474.392,468.68,469.691,0.0
2007-05-15,468.802,474.208,466.502,473.76,0.0
2007-05-16,474.38,474.529,466.582,471.054,0.0
2007-05-17,471.486,478.699,469.58,478.583,0.0
2007-05-18,477.929,481.084,476.828,477.369,0.0
2007-05-21,478.002,484.042,475.068,482.668,0.0
2007-05-22,482.752,482.956,474.101,474.641,0.0
2007-05-23,475.999,477.649,472.53,475.775,0.0
2007-05-24,478.047,478.649,469.993,471.397,0.0
2007-05-25,473.313,476.922,470.894,475.647,0.0
2007-05-29,473.626,473.626,462.827,465.361,0.0
2007-05-30,465.481,468.747,463.92,467.595,0.0
2007-05-31,468.334,470.832,464.361,470.648,0.0
2007-06-01,467.586,477.007,465.377,475.756,0.0
2007-06-04,474.63,484.766,474.142,483.244,0.0
2007-06-05,482.427,483.533,478.985,480.406,0.0
2007-06-06,480.899,481.589,477.04,479.981,0.0
2007-06-07,481.393,485.53,479.696,482.483,0.0
2007-06-08,481.45,481.684,470.71,471.158,0.0
2007-06-11,474.039,479.894,472.46,479.27,0.0
2007-06-12,478.627,479.877,475.008,477.339,0.0
2007-06-13,477.467,484.413,475.615,483.638,0.0
2007-06-14,484.101,493.276,483.871,492.484,0.0
2007-06-15,491.828,496.969,490.09,495.599,0.0
2007-06-18,495.987,499.109,493.096,498.025,0.0
2007-06-19,495.794,496.675,492.91,493.359,0.0
2007-06-20,493.793,494.039,486.849,490.62,0.0
2007-06-21,492.03,496.18,487.998,489.18,0.0
2007-06-22,488.789,491.471,486.367,488.813,0.0
2007-06-25,485.211,489.205,480.713,487.924,0.0
2007-06-26,486.116,486.999,480.851,481.15,0.0
2007-06-27,481.116,486.806,477.434,485.278,0.0
2007-06-28,486.615,490.582,485.111,485.515,0.0
2007-06-29,486.632,491.263,486.309,489.152,0.0
2007-07-02,490.161,492.471,485.075,492.027,0.0
2007-07-03,491.794,493.209,490.357,493.051,0.0
2007-07-05,493.664,498.406,491.768,496.971,0.0
2007-07-06,496.587,501.32,495.701,500.657,0.0
2007-07-09,499.655,503.553,497.821,499.912,0.0
2007-07-10,499.432,505.252,497.873,504.661,0.0
2007-07-11,504.111,506.46,503.308,503.764,0.0
2007-07-12,505.342,509.643,501.416,504.597,0.0
2007-07-13,505.739,510.21,503.798,509.594,0.0
2007-07-16,509.157,509.865,502.658,504.152,0.0
2007-07-17,502.67,507.85,500.349,501.374,0.0
2007-07-18,502.068,509.991,501.403,509.858,0.0
2007-07-19,512.395,514.923,510.177,514.709,0.0
2007-07-20,516.051,517.263,511.504,513.126,0.0
2007-07-23,510.098,510.514,504.167,505.526,0.0
2007-07-24,504.422,504.814,497.843,499.692,0.0
2007-07-25,497.823,506.189,490.262,505.809,0.0
2007-07-26,511.417,514.144,501.076,502.496,0.0
2007-07-27,501.795,510.035,500.878,509.651,0.0
2007-07-30,509.247,512.076,506.79,509.988,0.0
2007-07-31,510.431,516.632,510.431,515.941,0.0
2007-08-01,514.596,517.708,507.102,508.944,0.0
2007-08-02,508.589,511.984,504.112,508.865,0.0
2007-08-03,509.82,511.391,502.367,503.224,0.0
2007-08-06,499.743,500.108,487.847,489.129,0.0
2007-08-07,488.316,492.189,487.137,491.33,0.0
2007-08-08,491.224,495.263,489.221,490.834,0.0
2007-08-09,490.029,492.265,484.63,489.493,0.0
2007-08-10,487.912,490.751,482.156,489.818,0.0
2007-08-13,491.951,499.19,489.723,491.466,0.0
2007-08-14,491.135,494.173,488.558,493.101,0.0
2007-08-15,494.296,501.766,493.22,496.961,0.0
2007-08-16,489.946,492.625,475.562,481.953,0.0
2007-08-17,483.428,490.578,482.886,489.071,0.0
2007-08-20,485.152,485.152,477.189,480.809,0.0
2007-08-21,480.287,483.045,473.255,475.287,0.0
2007-08-22,477.053,478.711,472.4,475.456,0.0
2007-08-23,477.656,481.387,476.534,479.972,0.0
2007-08-24,479.301,486.882,478.229,485.235,0.0
2007-08-27,483.982,486.897,478.613,486.476,0.0
2007-08-28,487.342,488.069,483.111,485.596,0.0
2007-08-29,485.935,492.707,485.287,492.353,0.0
2007-08-30,493.41,495.356,490.979,493.016,0.0
2007-08-31,494.731,500.32,494.182,495.304,0.0
2007-09-04,496.887,501.708,492.895,501.27,0.0
2007-09-05,503.602,504.614,500.8,503.844,0.0
2007-09-06,505.422,510.902,502.383,506.197,0.0
2007-09-07,504.714,508.387,502.416,507.454,0.0
2007-09-10,506.822,514.102,504.555,513.169,0.0
2007-09-11,515.232,519.597,512.284,519.199,0.0
2007-09-12,520.538,528.618,519.292,527.756,0.0
2007-09-13,527.035,553.306,523.272,527.033,0.0
2007-09-14,526.061,533.693,523.993,526.266,0.0
2007-09-17,525.49,533.303,524.04,533.121,0.0
2007-09-18,534.399,538.552,528.624,536.265,0.0
2007-09-19,538.873,540.843,534.74,539.248,0.0
2007-09-20,538.055,544.226,530.788,543.608,0.0
2007-09-21,542.803,547.728,540.68,544.566,0.0
2007-09-24,543.541,546.078,540.973,544.037,0.0
2007-09-25,540.888,541.46,535.269,537.448,0.0
2007-09-26,538.956,542.888,532.538,539.639,0.0
2007-09-27,543.917,551.849,542.759,551.491,0.0
2007-09-28,552.568,555.067,545.327,546.133,0.0
2007-10-01,547.972,548.114,537.855,540.728,0.0
2007-10-02,538.238,540.032,527.438,537.935,0.0
2007-10-03,538.919,556.116,535.666,537.893,0.0
2007-10-04,537.361,545.12,533.517,543.508,0.0
2007-10-05,543.032,545.198,539.433,541.592,0.0
2007-10-08,539.056,539.167,526.735,528.607,0.0
2007-10-09,527.858,537.481,526.356,534.527,0.0
2007-10-10,536.39,541.491,534.245,541.321,0.0
2007-10-11,543.558,551.974,542.835,549.802,0.0
2007-10-12,548.463,552.125,547.153,550.7,0.0
2007-10-15,552.802,562.633,552.566,561.712,0.0
2007-10-16,564.376,568.41,559.861,566.122,0.0
2007-10-17,565.279,570.081,562.663,564.45,0.0
2007-10-18,565.939,573.012,563.17,572.326,0.0
2007-10-19,571.23,574.813,565.227,567.854,0.0
2007-10-22,563.962,565.758,555.64,562.578,0.0
2007-10-23,562.807,566.841,556.865,558.636,0.0
2007-10-24,557.664,565.452,546.591,564.314,0.0
2007-10-25,568.569,579.274,568.282,579.094,0.0
2007-10-26,585.048,586.946,580.805,585.666,0.0
2007-10-29,590.754,595.165,587.076,594.74,0.0
2007-10-30,592.035,592.088,580.677,581.759,0.0
2007-10-31,576.659,600.314,576.598,599.31,0.0
2007-11-01,603.4,605.403,589.232,594.456,0.0
2007-11-02,593.524,604.919,593.524,604.7,0.0
2007-11-05,600.729,604.628,594.174,595.782,0.0
2007-11-06,599.811,610.601,599.47,608.476,0.0
2007-11-07,617.513,618.762,599.79,606.211,0.0
2007-11-08,605.254,612.353,602.415,603.942,0.0
2007-11-09,606.764,608.325,599.208,607.235,0.0
2007-11-12,606.495,607.374,594.778,599.044,0.0
2007-11-13,598.216,599.13,581.567,585.242,0.0
2007-11-14,586.398,597.858,585.996,597.17,0.0
2007-11-15,595.32,599.377,586.398,591.924,0.0
2007-11-16,592.874,601.056,591.643,599.403,0.0
2007-11-19,602.686,604.025,595.104,599.401,0.0
2007-11-20,600.73,614.359,600.327,613.72,0.0
2007-11-21,614.423,616.072,607.892,611.238,0.0
2007-11-23,612.61,618.565,607.973,617.74,0.0
2007-11-26,622.699,623.63,612.471,615.684,0.0
2007-11-27,611.942,612.067,600.81,601.853,0.0
2007-11-28,600.691,604.413,586.526,587.497,0.0
2007-11-29,602.883,604.401,587.124,589.092,0.0
2007-11-30,590.219,590.838,577.046,577.987,0.0
2007-12-03,576.196,579.683,569.669,578.825,0.0
2007-12-04,578.356,580.61,572.424,576.742,0.0
2007-12-05,577.129,586.034,571.955,573.444,0.0
2007-12-06,568.854,585.478,565.299,583.742,0.0
2007-12-07,582.82,586.275,573.474,578.385,0.0
2007-12-10,575.978,584.48,573.589,576.311,0.0
2007-12-11,579.179,586.204,576.784,584.371,0.0
2007-12-12,582.895,606.798,582.858,605.313,0.0
2007-12-13,602.532,607.741,596.234,596.788,0.0
2007-12-14,600.723,602.504,590.454,594.473,0.0
2007-12-17,597.012,597.089,586.525,591.427,0.0
2007-12-18,593.868,599.879,582.698,587.145,0.0
2007-12-19,590.173,597.826,585.936,593.941,0.0
2007-12-20,597.375,599.115,590.998,592.014,0.0
2007-12-21,593.685,603.272,591.358,601.171,0.0
2007-12-24,600.195,602.855,596.018,602.59,0.0
2007-12-26,603.15,613.7,602.778,611.156,0.0
2007-12-27,610.704,617.419,608.726,614.132,0.0
2007-12-28,613.783,618.971,610.046,610.233,0.0
2007-12-31,610.287,613.138,605.357,610.169,0.0
2008-01-02,614.046,630.526,613.952,629.981,0.0
2008-01-03,632.981,635.638,627.752,630.74,0.0
2008-01-04,630.989,631.093,620.549,624.942,0.0
2008-01-07,624.398,626.918,608.835,611.671,0.0
2008-01-08,616.091,626.486,613.876,620.906,0.0
2008-01-09,623.53,627.058,615.999,616.887,0.0
2008-01-10,617.882,618.431,607.43,607.434,0.0
2008-01-11,610.87,611.312,602.662,605.848,0.0
2008-01-14,609.785,616.425,607.898,615.283,0.0
2008-01-15,612.571,615.068,601.381,604.946,0.0
2008-01-16,599.879,601.732,590.895,596.73,0.0
2008-01-17,598.921,603.702,592.544,594.468,0.0
2008-01-22,576.756,592.892,576.22,589.53,0.0
2008-01-23,590.439,590.439,575.832,576.743,0.0
2008-01-24,583.569,590.591,580.279,590.066,0.0
2008-01-25,596.721,602.021,594.603,599.516,0.0
2008-01-28,595.119,604.543,591.679,603.295,0.0
2008-01-29,604.596,608.406,603.411,607.34,0.0
2008-01-30,608.955,610.803,604.685,609.13,0.0
2008-01-31,605.193,610.738,597.53,608.378,0.0
2008-02-01,606.804,611.212,593.56,595.559,0.0
2008-02-04,597.806,605.325,592.103,602.378,0.0
2008-02-05,600.96,601.043,591.618,595.355,0.0
2008-02-06,594.003,600.33,591.283,592.643,0.0
2008-02-07,595.231,599.988,590.568,599.84,0.0
2008-02-08,605.984,621.743,604.898,619.939,0.0
2008-02-11,622.261,632.253,619.966,628.524,0.0
2008-02-12,627.119,630.81,621.331,623.052,0.0
2008-02-13,621.83,627.654,618.698,625.025,0.0
2008-02-14,630.072,639.247,628.75,638.974,0.0
2008-02-15,638.734,644.685,633.893,638.004,0.0
2008-02-19,644.189,661.01,643.718,660.613,0.0
2008-02-20,656.321,664.41,652.958,660.585,0.0
2008-02-21,663.372,664.034,651.301,656.578,0.0
2008-02-22,654.0,662.246,651.105,660.43,0.0
2008-02-25,665.534,667.194,658.56,665.364,0.0
2008-02-26,664.167,677.367,663.134,676.3,0.0
2008-02-27,679.879,680.505,669.791,672.869,0.0
2008-02-28,670.169,686.398,669.751,685.69,0.0
2008-02-29,684.233,685.12,678.847,679.778,0.0
2008-03-03,681.082,694.068,678.987,685.279,0.0
2008-03-04,683.994,688.98,665.776,669.193,0.0
2008-03-05,670.633,695.158,670.633,694.562,0.0
2008-03-06,696.655,702.106,685.393,696.519,0.0
2008-03-07,692.371,699.315,687.752,692.931,0.0
2008-03-10,691.26,704.101,683.15,703.039,0.0
2008-03-11,702.758,711.938,697.857,708.464,0.0
2008-03-12,705.895,715.642,701.299,715.298,0.0
2008-03-13,714.244,722.649,712.271,718.46,0.0
2008-03-14,717.685,722.571,707.702,712.694,0.0
2008-03-17,718.416,719.688,672.805,681.771,0.0
2008-03-18,680.676,704.605,680.675,703.589,0.0
2008-03-19,699.193,700.19,669.465,671.119,0.0
2008-03-20,669.079,682.862,649.321,661.584,0.0
2008-03-24,659.975,670.225,657.368,662.632,0.0
2008-03-25,662.791,670.912,660.086,669.258,0.0
2008-03-26,671.531,689.324,670.666,688.133,0.0
2008-03-27,688.453,697.585,685.054,695.398,0.0
2008-03-28,693.083,695.821,681.837,686.353,0.0
2008-03-31,686.165,693.462,663.615,668.913,0.0
2008-04-01,661.588,670.681,655.696,662.527,0.0
2008-04-02,665.589,682.019,657.805,681.022,0.0
2008-04-03,680.68,688.052,674.408,676.964,0.0
2008-04-04,679.856,688.967,677.574,688.486,0.0
2008-04-07,690.419,704.147,689.671,701.4,0.0
2008-04-08,701.864,703.065,694.642,697.676,0.0
2008-04-09,697.088,719.074,696.419,712.928,0.0
2008-04-10,716.153,722.97,705.158,710.986,0.0
2008-04-11,711.331,714.251,704.03,708.723,0.0
2008-04-14,707.756,715.422,705.483,714.817,0.0
2008-04-15,717.969,727.284,716.565,725.699,0.0
2008-04-16,726.558,734.389,720.909,734.092,0.0
2008-04-17,736.213,738.853,729.282,732.574,0.0
2008-04-18,733.304,738.677,721.77,738.168,0.0
2008-04-21,739.83,741.639,729.66,737.331,0.0
2008-04-22,737.688,749.67,735.198,745.96,0.0
2008-04-23,745.876,746.984,737.27,746.148,0.0
2008-04-24,746.814,746.814,727.218,735.027,0.0
2008-04-25,727.507,750.081,726.047,744.924,0.0
2008-04-28,749.816,750.621,744.6,748.128,0.0
2008-04-29,744.239,745.091,727.848,730.121,0.0
2008-04-30,727.802,735.906,719.998,721.067,0.0
2008-05-01,725.32,725.68,701.105,711.344,0.0
2008-05-02,709.572,731.743,709.536,731.334,0.0
2008-05-05,734.212,750.275,731.26,747.587,0.0
2008-05-06,751.168,762.905,745.734,758.186,0.0
2008-05-07,759.572,766.994,751.831,765.89,0.0
2008-05-08,765.724,770.603,762.378,769.716,0.0
2008-05-09,774.017,784.847,773.015,782.696,0.0
2008-05-12,781.31,784.812,772.89,774.433,0.0
2008-05-13,773.604,788.141,770.352,782.738,0.0
2008-05-14,782.78,784.422,774.088,774.968,0.0
2008-05-15,775.801,785.764,763.732,773.972,0.0
2008-05-16,777.424,790.788,774.862,783.131,0.0
2008-05-19,783.928,788.315,776.651,782.801,0.0
2008-05-20,783.492,798.513,781.879,796.333,0.0
2008-05-21,798.347,818.918,796.633,816.751,0.0
2008-05-22,824.004,828.322,803.46,805.806,0.0
2008-05-23,811.224,819.738,804.423,812.194,0.0
2008-05-27,820.211,821.04,795.911,797.524,0.0
2008-05-28,796.19,807.386,783.018,805.347,0.0
2008-05-29,803.092,812.428,779.051,781.739,0.0
2008-05-30,775.637,790.038,773.275,786.583,0.0
2008-06-02,781.79,799.078,778.374,792.18,0.0
2008-06-03,791.796,794.596,775.998,777.611,0.0
2008-06-04,773.573,802.381,764.877,767.157,0.0
2008-06-05,767.6,794.189,766.07,792.914,0.0
2008-06-06,797.238,843.92,797.238,842.244,0.0
2008-06-09,845.656,845.926,821.687,825.303,0.0
2008-06-10,822.141,842.054,813.09,815.4,0.0
2008-06-11,822.054,850.894,821.59,842.678,0.0
2008-06-12,840.962,849.565,824.394,845.819,0.0
2008-06-13,845.042,847.9,832.209,839.903,0.0
2008-06-16,838.34,861.871,836.435,842.413,0.0
2008-06-17,844.881,845.015,830.704,840.435,0.0
2008-06-18,841.906,852.701,832.11,852.191,0.0
2008-06-19,852.664,858.334,829.403,830.347,0.0
2008-06-20,833.016,852.868,831.389,843.128,0.0
2008-06-23,848.834,854.588,835.993,848.675,0.0
2008-06-24,852.291,856.512,842.692,847.822,0.0
2008-06-25,848.747,850.583,824.891,837.431,0.0
2008-06-26,837.339,867.968,837.299,865.091,0.0
2008-06-27,873.326,879.31,864.879,866.938,0.0
2008-06-30,878.128,882.813,859.586,862.809,0.0
2008-07-01,869.708,878.001,865.556,869.339,0.0
2008-07-02,873.863,884.506,865.045,882.863,0.0
2008-07-03,888.381,893.859,881.28,890.294,0.0
2008-07-04,890.294,890.294,890.294,890.294,0.0
2008-07-07,879.334,879.334,857.506,864.987,0.0
2008-07-09,843.585,849.104,834.676,838.153,0.0
2008-07-10,839.985,866.43,838.695,865.374,0.0
2008-07-11,873.54,893.253,869.564,879.642,0.0
2008-07-14,875.462,884.654,868.429,877.461,0.0
2008-07-15,875.957,884.904,835.485,846.381,0.0
2008-07-16,844.928,847.427,815.807,830.063,0.0
2008-07-17,829.1,838.845,802.291,803.424,0.0
2008-07-18,807.637,812.718,794.362,795.975,0.0
2008-07-21,805.129,809.55,794.448,803.685,0.0
2008-07-22,809.031,809.782,778.978,786.738,0.0
2008-07-23,778.312,787.547,766.233,766.808,0.0
2008-07-24,769.207,772.886,757.626,767.507,0.0
2008-07-25,770.284,772.53,754.586,759.081,0.0
2008-07-28,763.555,769.459,757.651,765.573,0.0
2008-07-29,767.576,769.055,744.009,753.412,0.0
2008-07-30,752.839,773.953,746.475,771.958,0.0
2008-07-31,773.392,776.983,755.804,760.199,0.0
2008-08-01,754.286,779.186,750.284,762.517,0.0
2008-08-04,764.401,765.093,730.247,738.465,0.0
2008-08-05,729.63,737.596,722.266,727.417,0.0
2008-08-06,729.617,733.264,715.828,723.009,0.0
2008-08-07,728.681,738.447,722.032,730.445,0.0
2008-08-08,723.184,724.622,703.426,704.183,0.0
2008-08-11,711.205,712.899,695.444,702.684,0.0
2008-08-12,700.126,709.841,692.545,696.177,0.0
2008-08-13,701.979,721.361,696.678,714.132,0.0
2008-08-14,720.42,721.903,697.978,708.976,0.0
2008-08-15,700.117,703.559,689.235,699.346,0.0
2008-08-18,703.897,706.744,693.533,698.132,0.0
2008-08-19,694.202,718.088,692.291,706.207,0.0
2008-08-20,709.617,719.304,698.759,712.754,0.0
2008-08-21,718.647,748.998,716.339,743.965,0.0
2008-08-22,744.162,744.162,710.665,711.4,0.0
2008-08-25,716.434,718.448,706.774,711.634,0.0
2008-08-26,714.477,724.241,699.234,717.939,0.0
2008-08-27,722.552,734.939,719.726,725.682,0.0
2008-08-28,728.654,735.357,702.904,710.359,0.0
2008-08-29,715.919,723.451,706.645,708.156,0.0
2008-09-02,663.994,680.172,658.416,677.056,0.0
2008-09-03,668.102,675.705,664.932,675.256,0.0
2008-09-04,677.353,681.636,662.301,668.938,0.0
2008-09-05,662.999,667.251,653.249,657.646,0.0
2008-09-08,670.059,674.076,652.544,659.79,0.0
2008-09-09,654.061,654.394,640.538,644.935,0.0
2008-09-10,648.925,651.716,634.278,639.876,0.0
2008-09-11,640.115,646.131,630.938,634.639,0.0
2008-09-12,641.018,648.505,634.931,640.323,0.0
2008-09-15,631.721,631.77,606.293,615.374,0.0
2008-09-16,598.681,604.615,588.48,590.939,0.0
2008-09-17,605.2,620.038,591.806,619.137,0.0
2008-09-18,616.823,643.415,609.617,617.588,0.0
2008-09-22,648.963,676.968,648.963,672.868,0.0
2008-09-23,665.115,672.822,649.504,660.85,0.0
2008-09-24,668.294,675.298,653.891,657.07,0.0
2008-09-25,659.112,669.098,646.262,665.422,0.0
2008-09-26,653.722,657.956,647.966,657.022,0.0
2008-09-29,641.941,641.941,601.819,606.661,0.0
2008-09-30,598.137,626.338,597.263,622.237,0.0
2008-10-01,629.35,634.352,602.155,613.209,0.0
2008-10-02,606.067,610.542,584.859,585.714,0.0
2008-10-03,583.69,594.749,572.5,583.44,0.0
2008-10-06,563.233,568.202,546.2,547.024,0.0
2008-10-07,560.939,567.932,545.897,554.068,0.0
2008-10-08,540.179,555.661,535.455,550.019,0.0
2008-10-09,550.891,556.306,541.357,544.12,0.0
2008-10-10,522.176,526.59,497.633,502.602,0.0
2008-10-13,516.327,523.483,512.708,520.437,0.0
2008-10-14,535.21,539.229,508.839,509.386,0.0
2008-10-15,509.51,509.982,485.204,485.684,0.0
2008-10-16,470.882,483.064,455.8,464.11,0.0
2008-10-17,475.656,485.435,464.272,474.738,0.0
2008-10-20,483.15,491.181,473.807,483.667,0.0
2008-10-21,480.631,483.864,464.666,473.254,0.0
2008-10-22,461.254,461.574,442.997,445.216,0.0
2008-10-23,449.758,455.935,439.733,447.275,0.0
2008-10-24,441.524,441.524,420.022,427.961,0.0
2008-10-27,419.858,437.283,413.373,427.163,0.0
2008-10-28,430.72,438.829,421.303,425.42,0.0
2008-10-29,434.366,461.042,432.056,454.274,0.0
2008-10-30,462.334,462.617,432.717,440.802,0.0
2008-10-31,435.203,452.509,427.012,449.461,0.0
2008-11-03,447.664,452.117,434.666,434.734,0.0
2008-11-04,427.53,475.112,425.828,467.257,0.0
2008-11-05,453.462,463.508,440.306,442.513,0.0
2008-11-06,435.22,442.115,415.323,418.947,0.0
2008-11-07,425.136,429.93,418.206,420.387,0.0
2008-11-10,435.783,446.233,418.773,431.369,0.0
2008-11-11,424.281,425.606,408.646,414.862,0.0
2008-11-12,412.272,414.642,400.117,400.997,0.0
2008-11-13,398.425,412.947,395.039,410.279,0.0
2008-11-14,408.135,414.203,399.564,405.224,0.0
2008-11-17,401.492,412.801,395.39,395.989,0.0
2008-11-18,391.756,400.146,390.177,391.575,0.0
2008-11-19,387.628,397.173,386.326,388.781,0.0
2008-11-20,384.045,384.342,365.791,366.387,0.0
2008-11-21,366.519,373.81,362.947,368.388,0.0
2008-11-24,365.628,396.977,365.628,393.935,0.0
2008-11-25,387.063,392.35,375.608,376.615,0.0
2008-11-26,378.309,395.508,376.224,394.271,0.0
2008-11-28,387.281,396.053,376.83,390.646,0.0
2008-12-01,382.189,382.342,365.228,365.791,0.0
2008-12-02,359.022,370.407,354.272,354.701,0.0
2008-12-03,356.373,357.758,349.262,351.541,0.0
2008-12-04,347.48,351.873,333.643,334.171,0.0
2008-12-05,333.197,336.301,317.13,317.996,0.0
2008-12-08,331.213,340.316,327.229,336.12,0.0
2008-12-09,335.958,340.929,330.14,330.778,0.0
2008-12-10,336.55,351.461,331.636,340.235,0.0
2008-12-11,342.786,368.351,342.642,363.32,0.0
2008-12-12,353.609,361.593,342.153,356.561,0.0
2008-12-15,358.843,375.349,351.775,352.132,0.0
2008-12-16,352.971,361.13,348.002,351.475,0.0
2008-12-17,359.197,362.59,344.598,345.383,0.0
2008-12-18,347.093,349.986,333.361,333.824,0.0
2008-12-19,335.051,339.344,329.476,333.708,0.0
2008-12-22,333.913,337.558,323.788,324.226,0.0
2008-12-23,321.36,326.708,315.493,322.262,0.0
2008-12-24,322.656,322.662,307.84,308.582,0.0
2008-12-26,312.338,318.666,309.091,318.006,0.0
2008-12-29,327.519,340.371,318.466,327.163,0.0
2008-12-30,325.628,326.984,318.838,324.846,0.0
2008-12-31,321.796,351.642,316.105,349.038,0.0
2009-01-02,338.354,359.582,335.034,359.021,0.0
2009-01-05,358.781,373.07,355.515,371.327,0.0
2009-01-06,372.457,383.844,372.145,377.046,0.0
2009-01-07,377.243,379.411,350.404,351.252,0.0
2009-01-08,355.009,358.696,343.178,347.323,0.0
2009-01-09,354.239,368.287,342.357,349.614,0.0
2009-01-12,348.703,348.703,336.562,337.129,0.0
2009-01-13,335.762,350.429,335.574,345.443,0.0
2009-01-14,353.156,354.429,337.805,345.669,0.0
2009-01-15,342.543,351.315,332.601,344.032,0.0
2009-01-16,346.845,351.269,340.32,343.1,0.0
2009-01-20,328.3,343.458,326.099,330.791,0.0
2009-01-21,329.4,339.642,327.884,339.403,0.0
2009-01-22,342.912,346.101,325.873,337.545,0.0
2009-01-23,331.757,352.827,329.426,350.512,0.0
2009-01-26,346.904,362.9,346.651,350.515,0.0
2009-01-27,355.332,357.186,331.707,332.145,0.0
2009-01-28,334.596,342.49,330.79,337.076,0.0
2009-01-29,334.049,338.224,328.795,335.532,0.0
2009-01-30,337.538,344.741,333.635,336.205,0.0
2009-02-02,332.954,333.998,326.169,327.223,0.0
2009-02-03,329.37,330.464,325.517,328.255,0.0
2009-02-04,327.89,334.631,326.256,328.243,0.0
2009-02-05,328.269,335.305,325.456,335.114,0.0
2009-02-06,336.66,345.147,329.017,337.916,0.0
2009-02-09,339.514,351.895,339.435,341.445,0.0
2009-02-10,345.112,353.958,334.805,335.434,0.0
2009-02-11,340.226,343.183,333.246,334.428,0.0
2009-02-12,339.614,341.574,333.994,337.221,0.0
2009-02-13,338.536,339.9,332.037,333.867,0.0
2009-02-17,327.268,328.412,312.493,313.22,0.0
2009-02-18,312.449,314.307,306.266,306.774,0.0
2009-02-19,309.718,318.191,305.585,317.914,0.0
2009-02-20,315.319,315.567,305.745,314.997,0.0
2009-02-23,316.239,323.324,307.917,310.305,0.0
2009-02-24,307.536,317.656,307.289,317.244,0.0
2009-02-25,317.871,328.654,315.341,327.16,0.0
2009-02-26,328.14,340.11,327.783,339.04,0.0
2009-02-27,332.707,336.641,326.33,336.24,0.0
2009-03-02,329.686,331.663,313.215,314.613,0.0
2009-03-03,317.692,323.588,312.574,321.088,0.0
2009-03-04,323.986,339.187,323.961,338.126,0.0
2009-03-05,335.426,335.426,324.537,327.266,0.0
2009-03-06,330.649,336.537,328.496,335.864,0.0
2009-03-09,340.465,347.0,332.822,339.077,0.0
2009-03-10,341.541,347.404,336.047,337.445,0.0
2009-03-11,338.012,339.209,324.393,325.066,0.0
2009-03-12,327.195,346.029,325.845,345.031,0.0
2009-03-13,343.732,350.757,340.39,342.834,0.0
2009-03-16,338.985,349.127,333.568,347.739,0.0
2009-03-17,345.415,358.467,344.108,356.595,0.0
2009-03-18,354.759,357.488,345.555,350.54,0.0
2009-03-19,355.989,372.392,355.246,370.861,0.0
2009-03-20,370.628,374.84,367.17,372.168,0.0
2009-03-23,375.447,383.705,372.664,381.755,0.0
2009-03-24,380.683,381.684,375.832,381.311,0.0
2009-03-25,378.196,380.741,371.562,374.233,0.0
2009-03-26,376.651,383.579,374.984,379.162,0.0
2009-03-27,377.816,378.755,366.069,368.582,0.0
2009-03-30,359.279,359.279,342.453,351.099,0.0
2009-03-31,353.476,359.35,347.966,358.526,0.0
2009-04-01,353.209,354.156,347.238,352.24,0.0
2009-04-02,357.105,374.368,357.07,373.346,0.0
2009-04-03,370.742,377.759,367.559,375.551,0.0
2009-04-06,379.228,380.859,363.498,368.654,0.0
2009-04-07,373.308,373.308,362.668,363.389,0.0
2009-04-08,359.544,375.728,357.854,367.12,0.0
2009-04-09,375.038,381.683,373.66,379.204,0.0
2009-04-13,378.721,380.08,367.948,374.349,0.0
2009-04-14,374.941,382.777,374.074,376.599,0.0
2009-04-15,376.172,380.308,372.049,374.161,0.0
2009-04-16,377.777,379.169,373.743,375.846,0.0
2009-04-17,374.854,380.282,373.301,377.566,0.0
2009-04-20,373.898,373.898,356.943,357.533,0.0
2009-04-21,357.224,361.587,349.375,358.195,0.0
2009-04-22,357.532,360.076,354.68,358.962,0.0
2009-04-23,357.707,362.825,356.944,360.733,0.0
2009-04-24,360.475,370.257,360.475,368.59,0.0
2009-04-27,357.598,364.603,350.063,359.372,0.0
2009-04-28,353.201,358.13,352.219,357.542,0.0
2009-04-29,359.388,366.258,359.388,364.63,0.0
2009-04-30,367.66,368.437,360.975,365.848,0.0
2009-05-01,364.559,380.002,363.567,379.009,0.0
2009-05-04,380.338,385.772,376.69,385.579,0.0
2009-05-05,382.87,387.79,380.95,383.16,0.0
2009-05-06,385.31,396.328,384.312,396.018,0.0
2009-05-07,401.633,408.485,395.625,401.062,0.0
2009-05-08,406.699,411.608,404.341,411.437,0.0
2009-05-11,407.874,411.73,403.137,411.437,0.0
2009-05-12,414.736,419.817,409.61,411.437,0.0
2009-05-13,419.592,419.882,408.237,410.636,0.0
2009-05-14,407.277,413.904,403.377,412.532,0.0
2009-05-15,412.416,413.198,399.009,399.851,0.0
2009-05-18,401.75,413.153,399.72,411.734,0.0
2009-05-19,417.28,418.187,408.274,413.195,0.0
2009-05-20,415.355,423.47,414.364,421.743,0.0
2009-05-21,419.951,420.185,410.31,415.68,0.0
2009-05-22,418.279,421.291,414.738,420.082,0.0
2009-05-26,414.648,423.204,409.366,423.094,0.0
2009-05-27,425.296,429.04,422.328,427.402,0.0
2009-05-28,426.21,437.696,425.064,436.465,0.0
2009-05-29,439.626,444.498,438.544,443.053,0.0
2009-06-01,450.81,458.608,449.89,458.462,0.0
2009-06-02,455.652,459.86,453.426,458.024,0.0
2009-06-03,457.751,457.869,437.211,442.407,0.0
2009-06-04,445.941,460.244,445.343,457.036,0.0
2009-06-05,459.312,464.683,451.01,455.401,0.0
2009-06-08,450.3,457.098,448.411,452.752,0.0
2009-06-09,457.701,463.813,456.678,463.264,0.0
2009-06-10,470.401,472.042,464.945,468.121,0.0
2009-06-11,470.125,480.194,470.114,478.152,0.0
2009-06-15,465.122,470.475,459.488,463.649,0.0
2009-06-16,465.086,475.236,460.475,463.295,0.0
2009-06-17,465.751,466.539,456.166,466.066,0.0
2009-06-18,466.849,469.083,462.304,465.869,0.0
2009-06-19,467.884,470.285,455.249,457.204,0.0
2009-06-22,434.633,446.994,425.534,442.409,0.0
2009-06-23,440.948,452.08,438.978,450.345,0.0
2009-06-24,449.284,454.158,447.546,448.795,0.0
2009-06-25,449.925,459.172,448.877,456.078,0.0
2009-06-29,451.685,462.587,450.502,460.152,0.0
2009-06-30,465.557,467.319,445.311,450.217,0.0
2009-07-01,454.705,460.67,445.778,448.935,0.0
2009-07-02,448.709,448.709,434.893,435.77,0.0
2009-07-03,435.77,435.77,435.77,435.77,0.0
2009-07-06,422.489,425.763,418.5,421.779,0.0
2009-07-07,420.968,426.378,413.541,414.962,0.0
2009-07-08,413.045,414.973,401.868,402.184,0.0
2009-07-09,408.309,411.634,401.308,406.632,0.0
2009-07-10,404.507,407.392,399.641,404.508,0.0
2009-07-13,403.505,408.534,398.367,405.139,0.0
2009-07-14,411.16,415.02,406.222,407.979,0.0
2009-07-15,413.285,419.878,412.018,418.153,0.0
2009-07-16,417.506,422.211,413.698,421.775,0.0
2009-07-17,420.166,432.341,417.797,430.181,0.0
2009-07-20,435.048,437.902,428.034,435.149,0.0
2009-07-21,434.135,441.697,431.482,435.549,0.0
2009-07-22,432.396,437.284,427.799,435.71,0.0
2009-07-23,436.8,446.825,433.517,445.1,0.0
2009-07-24,445.875,448.804,443.558,448.01,0.0
2009-07-27,451.273,451.852,446.219,450.113,0.0
2009-07-28,452.81,453.069,440.938,444.177,0.0
2009-07-29,438.047,439.742,425.344,426.884,0.0
2009-07-30,428.772,447.333,427.245,446.553,0.0
2009-07-31,448.867,458.278,437.764,457.407,0.0
2009-08-03,463.86,475.173,463.427,472.288,0.0
2009-08-04,468.745,474.934,465.404,472.541,0.0
2009-08-05,471.628,477.1,467.106,476.64,0.0
2009-08-06,477.375,477.68,467.346,471.238,0.0
2009-08-07,469.893,477.746,466.826,468.129,0.0
2009-08-10,471.283,473.906,467.117,469.049,0.0
2009-08-11,473.617,474.383,462.086,464.605,0.0
2009-08-12,463.7,472.276,462.763,469.731,0.0
2009-08-13,476.193,481.217,472.039,472.915,0.0
2009-08-14,474.455,475.884,457.212,458.361,0.0
2009-08-17,451.555,451.777,445.22,451.698,0.0
2009-08-18,455.364,462.174,447.472,460.601,0.0
2009-08-19,455.897,473.122,453.736,471.449,0.0
2009-08-20,472.859,472.951,464.805,466.12,0.0
2009-08-21,466.347,475.491,464.652,470.292,0.0
2009-08-24,473.575,476.273,470.212,474.712,0.0
2009-08-25,471.516,476.484,460.057,464.02,0.0
2009-08-26,467.052,467.354,457.255,460.899,0.0
2009-08-27,460.276,465.347,453.667,464.425,0.0
2009-08-28,467.6,470.994,462.708,466.704,0.0
2009-08-31,464.244,464.244,449.686,453.787,0.0
2009-09-01,456.418,459.893,442.977,443.205,0.0
2009-09-02,442.362,446.114,438.107,442.444,0.0
2009-09-03,446.685,448.935,439.186,440.362,0.0
2009-09-04,442.446,443.465,435.427,439.012,0.0
2009-09-08,445.54,458.515,445.54,454.327,0.0
2009-09-09,455.67,462.943,453.92,457.16,0.0
2009-09-10,461.77,462.79,454.741,461.126,0.0
2009-09-11,463.468,468.797,449.014,451.424,0.0
2009-09-14,449.47,454.457,447.848,452.548,0.0
2009-09-15,452.114,463.821,451.882,462.717,0.0
2009-09-16,464.001,473.078,462.438,473.001,0.0
2009-09-17,472.819,476.551,469.928,472.462,0.0
2009-09-18,468.896,472.763,466.807,468.925,0.0
2009-09-21,465.223,465.289,453.44,455.614,0.0
2009-09-22,460.199,466.453,459.805,465.333,0.0
2009-09-23,464.653,465.072,451.895,454.932,0.0
2009-09-24,451.726,453.546,439.466,441.691,0.0
2009-09-25,443.374,446.31,437.744,440.92,0.0
2009-09-28,438.526,448.073,437.846,444.651,0.0
2009-09-29,444.164,447.226,440.371,444.482,0.0
2009-09-30,447.323,463.176,442.631,462.748,0.0
2009-10-01,460.63,465.662,453.462,459.657,0.0
2009-10-02,454.978,457.26,447.711,454.276,0.0
2009-10-05,453.618,460.558,447.879,457.382,0.0
2009-10-06,462.241,469.344,460.953,463.064,0.0
2009-10-07,466.492,468.385,456.011,459.038,0.0
2009-10-08,465.614,476.592,459.934,472.521,0.0
2009-10-09,471.893,476.306,468.897,472.225,0.0
2009-10-12,476.919,485.583,476.833,483.707,0.0
2009-10-13,486.267,492.155,482.478,488.256,0.0
2009-10-14,492.739,493.912,490.18,492.39,0.0
2009-10-15,494.891,504.577,489.569,503.191,0.0
2009-10-16,505.579,508.756,500.517,508.2,0.0
2009-10-19,511.107,515.476,507.455,515.028,0.0
2009-10-20,514.831,517.449,508.54,512.233,0.0
2009-10-21,512.6,528.43,506.149,525.055,0.0
2009-10-22,521.677,524.491,517.002,523.327,0.0
2009-10-23,525.22,527.378,517.026,519.284,0.0
2009-10-26,518.211,524.932,506.097,508.844,0.0
2009-10-27,509.599,513.476,505.284,510.953,0.0
2009-10-28,510.461,510.584,497.775,498.339,0.0
2009-10-29,498.207,514.558,497.905,511.371,0.0
2009-10-30,511.092,511.122,495.714,496.808,0.0
2009-11-02,500.328,505.151,495.9,503.632,0.0
2009-11-03,501.232,511.153,495.739,510.251,0.0
2009-11-04,513.366,518.1,510.112,513.363,0.0
2009-11-05,509.579,513.755,507.512,508.423,0.0
2009-11-06,513.641,513.641,494.683,497.022,0.0
2009-11-09,505.689,511.727,502.055,510.287,0.0
2009-11-10,509.233,515.624,503.988,509.338,0.0
2009-11-11,512.323,517.694,510.483,513.19,0.0
2009-11-12,514.472,514.472,502.292,503.734,0.0
2009-11-13,507.101,507.798,497.813,501.853,0.0
2009-11-16,508.117,519.79,505.037,517.871,0.0
2009-11-17,516.038,521.848,513.654,519.583,0.0
2009-11-18,523.579,526.431,517.196,520.19,0.0
2009-11-19,517.945,519.036,507.617,510.647,0.0
2009-11-20,512.016,512.044,503.978,508.656,0.0
2009-11-23,514.561,522.169,508.637,510.266,0.0
2009-11-24,509.11,510.687,500.268,501.857,0.0
2009-11-25,505.341,515.099,502.8,514.741,0.0
2009-11-27,494.67,508.51,490.229,506.671,0.0
2009-11-30,509.094,515.66,502.606,512.574,0.0
2009-12-01,515.659,521.695,515.659,517.826,0.0
2009-12-02,516.73,517.281,507.959,509.308,0.0
2009-12-03,513.944,514.416,506.144,508.488,0.0
2009-12-04,507.148,515.774,501.011,503.327,0.0
2009-12-07,502.047,505.537,499.241,500.005,0.0
2009-12-08,503.307,505.018,495.693,495.944,0.0
2009-12-09,500.543,502.204,484.851,486.097,0.0
2009-12-10,490.052,490.316,484.527,487.854,0.0
2009-12-11,492.172,493.409,485.667,489.324,0.0
2009-12-14,490.426,494.308,488.965,491.932,0.0
2009-12-15,492.253,497.389,491.244,494.781,0.0
2009-12-16,497.859,505.805,497.58,503.547,0.0
2009-12-17,501.631,502.122,495.249,499.375,0.0
2009-12-21,503.146,506.422,496.371,497.883,0.0
2009-12-22,498.934,501.881,491.947,499.731,0.0
2009-12-23,501.428,512.587,500.852,511.865,0.0
2009-12-24,513.441,516.703,510.295,515.843,0.0
2009-12-28,518.313,524.067,518.165,523.516,0.0
2009-12-29,524.188,527.196,520.876,523.778,0.0
2009-12-30,525.18,528.466,523.076,525.044,0.0
2009-12-31,528.339,529.46,524.265,524.621,0.0
2010-01-04,533.531,539.146,533.531,537.943,0.0
2010-01-05,539.374,540.228,535.722,538.477,0.0
2010-01-06,539.763,548.883,537.341,547.876,0.0
2010-01-07,545.129,547.913,542.136,542.586,0.0
2010-01-08,540.861,545.287,539.078,543.221,0.0
2010-01-11,548.49,550.379,540.086,541.568,0.0
2010-01-12,540.598,541.349,528.764,531.539,0.0
2010-01-13,527.07,531.774,520.163,528.592,0.0
2010-01-14,531.779,532.277,525.07,527.717,0.0
2010-01-15,525.313,526.377,519.436,520.37,0.0
2010-01-19,513.117,523.104,506.426,522.962,0.0
2010-01-20,519.574,520.87,512.064,515.23,0.0
2010-01-21,515.659,518.8,506.905,508.4,0.0
2010-01-22,508.181,509.636,500.741,501.527,0.0
2010-01-25,502.383,505.437,500.131,504.545,0.0
2010-01-26,500.478,502.764,496.505,499.998,0.0
2010-01-27,498.443,500.538,488.166,492.253,0.0
2010-01-28,494.749,495.571,486.621,490.047,0.0
2010-01-29,491.407,496.358,484.104,486.145,0.0
2010-02-01,486.6,494.033,486.471,493.23,0.0
2010-02-02,494.881,508.139,494.571,507.279,0.0
2010-02-03,511.392,513.235,502.461,504.115,0.0
2010-02-04,502.555,502.625,483.035,485.858,0.0
2010-02-05,484.531,489.289,468.435,475.646,0.0
2010-02-08,482.116,483.661,476.033,480.7,0.0
2010-02-09,484.216,493.056,483.194,490.153,0.0
2010-02-10,489.49,496.427,485.473,494.059,0.0
2010-02-11,497.085,502.982,491.664,501.588,0.0
2010-02-12,499.516,500.373,489.736,495.592,0.0
2010-02-16,501.155,513.858,501.073,511.703,0.0
2010-02-17,514.373,514.492,508.691,511.817,0.0
2010-02-18,507.612,518.679,507.302,518.554,0.0
2010-02-19,514.01,522.336,512.771,521.976,0.0
2010-02-22,521.802,524.593,519.263,522.396,0.0
2010-02-23,522.833,522.851,511.899,513.254,0.0
2010-02-24,512.845,519.289,510.371,518.764,0.0
2010-02-25,516.74,516.881,503.921,508.514,0.0
2010-02-26,509.875,518.782,509.109,517.484,0.0
2010-03-01,522.134,522.837,510.338,512.744,0.0
2010-03-02,511.987,523.308,510.154,518.57,0.0
2010-03-03,518.61,527.079,518.583,525.444,0.0
2010-03-04,522.922,526.276,518.103,519.727,0.0
2010-03-05,522.753,529.773,522.657,526.342,0.0
2010-03-08,529.887,531.141,523.322,527.739,0.0
2010-03-09,524.614,527.589,519.987,525.159,0.0
2010-03-10,525.789,532.85,521.263,527.655,0.0
2010-03-11,526.95,528.483,523.657,526.539,0.0
2010-03-12,527.613,531.821,521.132,523.803,0.0
2010-03-15,523.468,524.107,513.494,516.406,0.0
2010-03-16,516.268,527.528,514.936,525.568,0.0
2010-03-17,527.45,532.772,526.616,532.198,0.0
2010-03-18,528.678,531.041,526.452,529.381,0.0
2010-03-19,528.16,528.515,517.713,521.499,0.0
2010-03-22,519.496,523.923,511.178,522.776,0.0
2010-03-23,521.431,525.234,519.609,522.87,0.0
2010-03-24,519.531,520.12,513.948,516.92,0.0
2010-03-25,516.865,520.02,514.453,515.11,0.0
2010-03-26,517.543,519.818,511.399,512.986,0.0
2010-03-29,517.438,527.815,516.977,524.585,0.0
2010-03-30,526.189,527.061,523.269,526.462,0.0
2010-03-31,526.939,532.526,525.182,530.159,0.0
2010-04-01,534.764,538.737,533.753,537.71,0.0
2010-04-02,537.71,537.71,537.71,537.71,0.0
2010-04-05,540.759,548.393,540.073,546.555,0.0
2010-04-06,545.729,549.593,544.461,547.194,0.0
2010-04-07,547.091,548.257,542.118,544.103,0.0
2010-04-08,541.518,542.753,537.602,540.732,0.0
2010-04-09,546.935,547.439,538.955,542.137,0.0
2010-04-12,546.158,547.46,541.36,542.524,0.0
2010-04-13,540.079,545.181,536.621,543.921,0.0
2010-04-14,545.416,554.401,545.416,552.412,0.0
2010-04-15,552.32,555.196,550.035,553.306,0.0
2010-04-16,551.314,552.189,540.524,544.175,0.0
2010-04-19,536.676,537.59,531.304,534.89,0.0
2010-04-20,538.958,542.563,537.894,540.22,0.0
2010-04-21,542.129,545.138,537.036,541.387,0.0
2010-04-22,542.307,544.098,533.37,542.646,0.0
2010-04-23,542.162,549.4,539.811,548.856,0.0
2010-04-26,548.856,551.935,544.213,548.856,0.0
2010-04-27,543.254,546.371,535.185,536.915,0.0
2010-04-28,534.152,539.477,531.614,538.939,0.0
2010-04-29,539.515,547.551,539.515,544.422,0.0
2010-04-30,548.065,551.081,544.829,549.941,0.0
2010-05-03,549.29,555.729,548.982,553.034,0.0
2010-05-04,551.238,552.089,535.287,535.669,0.0
2010-05-05,532.125,535.681,517.566,521.811,0.0
2010-05-06,519.93,522.597,499.163,508.652,0.0
2010-05-07,508.88,514.167,498.721,503.471,0.0
2010-05-10,518.696,522.005,511.676,514.818,0.0
2010-05-11,513.316,520.832,510.036,516.819,0.0
2010-05-12,520.007,525.102,516.955,520.948,0.0
2010-05-13,525.724,525.78,518.08,519.576,0.0
2010-05-14,516.317,516.778,499.884,501.568,0.0
2010-05-17,493.891,501.939,486.03,487.395,0.0
2010-05-18,492.921,497.272,484.817,486.963,0.0
2010-05-19,482.677,485.705,476.368,481.968,0.0
2010-05-20,485.446,485.563,465.212,473.943,0.0
2010-05-21,470.386,479.282,468.0,473.744,0.0
2010-05-24,475.799,476.722,471.352,473.788,0.0
2010-05-25,464.485,467.562,458.563,465.456,0.0
2010-05-26,472.056,479.262,471.629,477.316,0.0
2010-05-27,481.372,492.505,479.801,492.231,0.0
2010-05-28,493.34,497.624,484.671,488.193,0.0
2010-06-01,482.49,493.348,476.201,481.107,0.0
2010-06-02,479.371,487.388,476.19,482.984,0.0
2010-06-03,488.579,491.018,481.352,490.01,0.0
2010-06-04,490.451,494.45,472.4,474.796,0.0
2010-06-07,470.184,479.016,469.847,475.16,0.0
2010-06-08,478.606,480.063,473.459,478.265,0.0
2010-06-09,481.058,491.403,479.755,488.839,0.0
2010-06-10,488.328,498.823,487.212,495.111,0.0
2010-06-11,495.387,497.672,489.752,493.099,0.0
2010-06-14,498.818,504.473,495.931,500.102,0.0
2010-06-15,499.705,508.572,498.093,507.956,0.0
2010-06-16,507.335,513.333,504.576,511.523,0.0
2010-06-17,509.545,515.205,508.881,511.634,0.0
2010-06-18,510.921,513.296,505.676,510.564,0.0
2010-06-21,518.303,520.244,508.449,512.832,0.0
2010-06-22,509.904,513.38,506.045,508.705,0.0
2010-06-23,507.939,508.61,497.226,500.428,0.0
2010-06-24,499.086,502.208,496.876,501.804,0.0
2010-06-25,501.781,513.218,499.115,511.859,0.0
2010-06-28,509.953,511.548,506.429,508.367,0.0
2010-06-29,499.527,501.155,491.3,493.657,0.0
2010-06-30,494.756,497.934,489.968,495.177,0.0
2010-07-01,489.399,491.752,478.956,484.206,0.0
2010-07-02,485.502,486.825,478.868,480.314,0.0
2010-07-06,483.604,491.024,479.121,480.775,0.0
2010-07-07,480.271,492.235,478.843,491.039,0.0
2010-07-08,494.683,500.296,492.537,497.5,0.0
2010-07-09,498.916,503.18,496.332,500.759,0.0
2010-07-12,498.165,501.684,493.289,494.67,0.0
2010-07-13,492.958,506.537,492.689,505.446,0.0
2010-07-14,505.938,510.606,502.313,505.855,0.0
2010-07-15,504.606,509.815,499.207,506.762,0.0
2010-07-16,507.499,508.298,498.959,502.579,0.0
2010-07-19,463.908,510.382,463.4,503.918,0.0
2010-07-20,505.02,507.675,499.317,506.346,0.0
2010-07-21,508.023,512.425,502.548,503.886,0.0
2010-07-22,505.083,517.72,503.822,517.624,0.0
2010-07-23,518.691,520.092,513.97,515.671,0.0
2010-07-26,515.791,517.259,511.881,515.651,0.0
2010-07-27,515.074,519.463,506.725,508.783,0.0
2010-07-28,509.459,511.817,505.248,509.989,0.0
2010-07-29,510.824,520.97,509.46,518.411,0.0
2010-07-30,517.129,524.809,513.047,524.809,0.0
2010-08-02,528.865,539.74,528.53,536.903,0.0
2010-08-03,535.463,541.732,534.687,540.949,0.0
2010-08-04,539.395,545.648,537.814,544.127,0.0
2010-08-05,544.178,546.077,541.89,542.571,0.0
2010-08-06,546.792,546.792,531.866,534.141,0.0
2010-08-09,535.565,539.94,535.023,536.706,0.0
2010-08-10,536.371,536.629,525.49,530.532,0.0
2010-08-11,531.25,532.524,519.725,520.986,0.0
2010-08-12,518.195,522.143,513.568,514.571,0.0
2010-08-13,516.035,519.519,511.072,512.355,0.0
2010-08-16,512.185,515.665,509.419,510.202,0.0
2010-08-17,511.052,519.351,510.926,515.259,0.0
2010-08-18,514.682,515.261,506.453,513.972,0.0
2010-08-19,514.801,518.618,508.027,509.694,0.0
2010-08-20,510.659,510.911,503.586,505.157,0.0
2010-08-23,506.473,508.616,500.791,502.356,0.0
2010-08-24,500.471,501.719,492.9,494.385,0.0
2010-08-25,495.211,497.878,489.689,495.803,0.0
2010-08-26,498.059,505.391,497.191,502.379,0.0
2010-08-27,500.901,510.767,497.899,510.493,0.0
2010-08-30,512.899,513.329,508.769,510.201,0.0
2010-08-31,507.673,510.832,497.674,499.162,0.0
2010-09-01,500.075,511.006,499.223,509.12,0.0
2010-09-02,508.89,514.599,506.061,514.091,0.0
2010-09-03,513.631,517.174,508.665,515.669,0.0
2010-09-07,515.253,518.303,507.861,516.172,0.0
2010-09-08,516.144,522.939,514.412,519.211,0.0
2010-09-09,518.905,524.709,517.151,519.069,0.0
2010-09-10,519.822,527.205,519.272,526.268,0.0
2010-09-13,529.192,535.288,528.882,532.074,0.0
2010-09-14,533.141,537.729,529.991,534.635,0.0
2010-09-15,533.098,533.71,528.452,532.041,0.0
2010-09-16,531.103,532.042,524.133,527.755,0.0
2010-09-17,529.055,534.408,523.354,527.041,0.0
2010-09-20,529.977,534.54,526.787,531.254,0.0
2010-09-21,531.111,532.984,525.581,525.874,0.0
2010-09-22,526.519,530.919,522.303,525.3,0.0
2010-09-23,524.785,528.964,520.469,527.165,0.0
2010-09-24,526.194,535.558,525.673,534.232,0.0
2010-09-27,534.59,536.563,528.543,532.613,0.0
2010-09-28,531.814,536.288,528.479,531.82,0.0
2010-09-29,533.143,540.014,527.522,539.187,0.0
2010-09-30,539.566,547.009,538.12,546.064,0.0
2010-10-01,547.388,552.046,546.757,549.518,0.0
2010-10-04,548.623,551.496,544.909,547.853,0.0
2010-10-05,546.596,557.066,545.87,556.428,0.0
2010-10-06,557.007,562.418,554.283,558.799,0.0
2010-10-07,559.99,565.685,549.239,551.866,0.0
2010-10-08,551.872,565.636,547.06,564.093,0.0
2010-10-11,569.745,571.481,564.839,564.982,0.0
2010-10-12,563.717,568.533,559.71,565.771,0.0
2010-10-13,567.635,574.879,567.433,571.942,0.0
2010-10-14,575.397,577.949,568.53,570.217,0.0
2010-10-15,570.576,573.408,560.533,562.133,0.0
2010-10-18,560.354,570.382,556.63,569.407,0.0
2010-10-19,568.621,569.348,552.31,552.782,0.0
2010-10-20,553.238,565.708,553.229,565.619,0.0
2010-10-21,564.785,567.752,554.35,556.1,0.0
2010-10-22,558.552,561.997,555.94,560.631,0.0
2010-10-25,564.99,570.171,560.872,565.571,0.0
2010-10-26,565.985,568.039,562.192,567.176,0.0
2010-10-27,565.704,566.161,502.433,563.422,0.0
2010-10-28,564.299,568.627,563.341,566.336,0.0
2010-10-29,564.957,565.785,559.943,564.16,0.0
2010-11-01,567.357,576.167,566.936,569.373,0.0
2010-11-02,570.539,576.748,569.97,574.662,0.0
2010-11-03,576.477,581.318,571.585,577.602,0.0
2010-11-04,580.403,591.403,580.296,590.604,0.0
2010-11-05,595.0,596.594,569.986,594.385,0.0
2010-11-08,597.987,598.83,592.52,598.08,0.0
2010-11-09,600.236,608.536,599.255,601.861,0.0
2010-11-10,601.659,606.369,598.744,604.04,0.0
2010-11-11,608.06,610.17,601.78,602.42,0.0
2010-11-12,595.65,595.65,580.41,582.01,0.0
2010-11-15,584.42,586.32,580.34,584.13,0.0
2010-11-16,582.98,583.53,564.81,565.66,0.0
2010-11-17,564.99,568.9,557.68,560.06,0.0
2010-11-18,562.4,572.57,562.17,571.25,0.0
2010-11-19,572.34,576.32,563.59,565.94,0.0
2010-11-22,569.66,572.12,543.93,564.38,0.0
2010-11-23,562.51,565.18,555.84,562.41,0.0
2010-11-24,565.9,576.39,563.73,575.66,0.0
2010-11-26,575.52,576.33,548.64,574.63,0.0
2010-11-29,578.27,582.49,574.75,582.09,0.0
2010-11-30,581.03,583.38,575.58,575.84,0.0
2010-12-01,577.05,594.01,575.42,593.07,0.0
2010-12-02,592.67,601.32,592.62,601.06,0.0
2010-12-03,601.0,609.41,590.34,608.75,0.0
2010-12-06,611.25,612.9,606.43,609.83,0.0
2010-12-07,609.75,619.59,605.17,607.14,0.0
2010-12-08,601.53,609.65,600.51,607.73,0.0
2010-12-09,610.53,612.93,605.36,607.96,0.0
2010-12-10,608.58,613.3,602.35,605.21,0.0
2010-12-13,607.82,615.63,607.69,612.85,0.0
2010-12-14,612.29,615.14,609.27,610.79,0.0
2010-12-15,608.0,614.64,592.64,611.61,0.0
2010-12-16,611.2,611.81,607.1,607.24,0.0
2010-12-17,609.86,612.51,604.19,610.99,0.0
2010-12-20,613.02,617.75,609.04,617.38,0.0
2010-12-21,618.52,622.06,617.11,620.87,0.0
2010-12-22,620.74,625.35,620.55,625.03,0.0
2010-12-23,625.12,628.69,622.77,628.32,0.0
2010-12-27,627.08,629.49,622.42,626.2,0.0
2010-12-28,627.25,630.81,625.93,630.32,0.0
2010-12-29,629.72,630.97,627.85,629.36,0.0
2010-12-30,629.61,631.62,618.06,621.84,0.0
2010-12-31,621.48,633.77,620.81,631.83,0.0
2011-01-03,635.11,639.84,632.83,634.13,0.0
2011-01-04,634.13,637.15,618.6,623.36,0.0
2011-01-05,620.37,631.6,615.35,629.55,0.0
2011-01-06,629.72,631.08,619.37,620.61,0.0
2011-01-07,621.72,624.17,613.6,617.68,0.0
2011-01-10,622.98,627.45,618.4,625.86,0.0
2011-01-11,627.62,637.33,626.47,636.1,0.0
2011-01-12,637.8,645.72,636.97,642.91,0.0
2011-01-13,644.2,645.11,611.81,641.45,0.0
2011-01-14,641.19,643.49,637.07,643.06,0.0
2011-01-18,640.56,646.55,639.43,643.78,0.0
2011-01-19,644.76,649.08,641.69,642.51,0.0
2011-01-20,642.68,642.8,628.1,634.74,0.0
2011-01-21,635.49,639.52,634.5,638.01,0.0
2011-01-24,641.66,642.75,630.84,633.61,0.0
2011-01-25,631.03,632.08,622.7,623.2,0.0
2011-01-26,625.45,635.6,625.28,634.83,0.0
2011-01-27,637.3,638.13,629.8,629.99,0.0
2011-01-28,629.41,644.55,629.35,642.11,0.0
2011-01-31,646.83,657.62,641.44,655.26,0.0
2011-02-01,654.39,659.22,652.14,655.33,0.0
2011-02-02,657.08,660.81,654.65,658.92,0.0
2011-02-03,661.04,663.65,653.62,654.91,0.0
2011-02-04,656.41,658.86,645.81,648.13,0.0
2011-02-07,650.52,654.29,644.84,645.86,0.0
2011-02-08,647.86,651.79,639.98,648.21,0.0
2011-02-09,650.86,658.2,650.62,654.55,0.0
2011-02-10,658.14,659.72,654.03,654.68,0.0
2011-02-11,659.73,660.9,650.92,652.93,0.0
2011-02-14,655.07,663.11,652.98,656.8,0.0
2011-02-15,658.38,659.66,646.14,649.77,0.0
2011-02-16,651.39,657.45,650.24,653.89,0.0
2011-02-17,656.69,658.7,653.19,657.4,0.0
2011-02-18,658.08,663.19,653.3,657.62,0.0
2011-02-22,681.83,688.18,665.92,670.26,0.0
2011-02-23,671.4,689.48,667.91,684.91,0.0
2011-02-24,691.06,709.16,676.28,681.99,0.0
2011-02-25,679.8,693.17,679.15,690.56,0.0
2011-02-28,698.16,699.8,688.74,690.56,0.0
2011-03-01,691.63,702.84,690.56,690.56,0.0
2011-03-02,705.05,713.79,690.56,690.56,0.0
2011-03-03,713.45,714.27,703.15,711.68,0.0
2011-03-04,713.48,721.01,712.08,719.62,0.0
2011-03-07,725.84,731.72,717.75,719.35,0.0
2011-03-08,717.22,718.36,709.62,713.36,0.0
2011-03-09,712.81,721.28,711.73,715.96,0.0
2011-03-10,719.46,719.73,699.86,707.19,0.0
2011-03-11,708.54,709.12,690.02,701.06,0.0
2011-03-14,697.02,701.08,681.79,699.97,0.0
2011-03-15,696.83,697.16,672.68,673.31,0.0
2011-03-16,676.48,688.75,668.47,677.52,0.0
2011-03-17,676.01,702.86,675.14,700.43,0.0
2011-03-18,707.47,712.3,698.55,702.24,0.0
2011-03-21,712.33,713.23,705.42,707.69,0.0
2011-03-22,708.6,715.73,703.26,715.0,0.0
2011-03-23,716.71,719.42,713.4,716.53,0.0
2011-03-24,714.94,719.89,713.67,718.59,0.0
2011-03-25,719.5,721.43,715.92,718.73,0.0
2011-03-28,719.48,719.51,709.76,710.48,0.0
2011-03-29,708.03,714.67,705.01,712.96,0.0
2011-03-30,712.02,714.44,707.17,711.21,0.0
2011-03-31,712.58,726.53,711.96,725.62,0.0
2011-04-01,727.75,732.18,724.27,731.44,0.0
2011-04-04,734.55,738.44,732.51,738.02,0.0
2011-04-05,738.19,741.31,733.87,740.75,0.0
2011-04-06,739.19,746.34,738.64,742.09,0.0
2011-04-07,740.64,746.84,738.26,745.01,0.0
2011-04-08,747.82,760.81,747.75,760.33,0.0
2011-04-11,760.02,762.22,748.32,750.27,0.0
2011-04-12,743.82,751.74,727.14,730.63,0.0
2011-04-13,730.74,739.27,727.49,735.25,0.0
2011-04-14,736.13,738.08,727.9,736.23,0.0
2011-04-15,738.87,745.24,733.39,742.76,0.0
2011-04-18,739.67,741.36,730.46,734.09,0.0
2011-04-19,734.38,739.75,726.33,735.49,0.0
2011-04-20,736.8,752.08,736.73,748.41,0.0
2011-04-21,751.25,753.7,746.82,752.06,0.0
2011-04-25,757.08,758.6,747.2,752.54,0.0
2011-04-26,746.64,753.65,745.49,751.9,0.0
2011-04-27,751.47,755.68,745.01,752.3,0.0
2011-04-28,757.38,757.54,746.34,751.2,0.0
2011-04-29,749.45,759.54,747.97,758.79,0.0
2011-05-02,755.84,761.66,743.54,754.34,0.0
2011-05-03,751.1,751.85,739.74,742.87,0.0
2011-05-04,738.66,742.77,729.31,730.28,0.0
2011-05-05,729.77,732.72,677.48,680.55,0.0
2011-05-06,689.7,697.49,658.93,678.22,0.0
2011-05-09,679.8,701.64,679.21,698.46,0.0
2011-05-10,694.01,709.15,690.97,708.51,0.0
2011-05-11,710.91,712.11,678.57,681.0,0.0
2011-05-12,683.9,688.24,665.36,681.14,0.0
2011-05-13,678.73,690.15,673.96,683.61,0.0
2011-05-16,681.59,686.49,673.87,675.74,0.0
2011-05-17,673.27,678.58,663.16,672.92,0.0
2011-05-18,678.54,695.05,677.48,689.5,0.0
2011-05-19,691.35,694.37,682.24,683.26,0.0
2011-05-20,684.39,691.12,671.55,688.52,0.0
2011-05-23,686.11,686.26,671.53,676.81,0.0
2011-05-24,679.52,688.96,677.48,684.77,0.0
2011-05-25,682.04,697.76,679.64,696.53,0.0
2011-05-26,700.44,700.63,691.68,694.79,0.0
2011-05-27,697.19,699.8,695.07,698.72,0.0
2011-05-31,700.67,710.28,699.66,707.26,0.0
2011-06-01,708.91,710.0,693.69,696.57,0.0
2011-06-02,695.44,701.02,690.76,698.5,0.0
2011-06-03,700.87,701.51,690.39,699.77,0.0
2011-06-06,700.95,701.87,690.33,692.04,0.0
2011-06-07,690.28,698.85,688.98,696.62,0.0
2011-06-08,695.3,708.25,691.09,703.8,0.0
2011-06-09,706.08,712.23,703.03,709.97,0.0
2011-06-10,710.99,711.34,697.1,701.79,0.0
2011-06-13,702.87,702.95,688.22,694.23,0.0
2011-06-14,693.74,701.57,692.95,701.44,0.0
2011-06-15,700.93,700.95,673.14,677.71,0.0
2011-06-16,680.25,681.47,671.92,674.8,0.0
2011-06-17,676.3,676.3,662.83,669.33,0.0
2011-06-20,667.02,668.67,661.35,666.98,0.0
2011-06-21,667.99,674.08,662.85,668.47,0.0
2011-06-22,667.88,674.59,663.66,673.22,0.0
2011-06-23,667.48,668.42,641.62,648.75,0.0
2011-06-24,652.53,655.78,639.96,644.89,0.0
2011-06-27,641.44,644.59,635.27,642.82,0.0
2011-06-28,644.78,657.65,641.56,656.96,0.0
2011-06-29,657.69,673.76,657.66,670.47,0.0
2011-06-30,669.79,674.16,662.36,668.85,0.0
2011-07-01,663.78,666.68,656.49,664.31,0.0
2011-07-05,665.24,678.8,662.22,675.35,0.0
2011-07-06,675.78,679.12,668.92,673.73,0.0
2011-07-07,676.74,691.84,675.91,690.88,0.0
2011-07-08,691.32,695.23,681.34,685.6,0.0
2011-07-11,684.89,685.07,673.98,680.13,0.0
2011-07-12,677.99,690.07,670.69,689.8,0.0
2011-07-13,688.06,702.28,688.06,698.04,0.0
2011-07-14,698.19,699.96,683.12,688.41,0.0
2011-07-15,689.92,697.18,683.63,693.94,0.0
2011-07-18,692.54,693.77,681.5,687.62,0.0
2011-07-19,688.97,701.3,688.97,694.61,0.0
2011-07-20,697.74,700.87,691.04,696.4,0.0
2011-07-21,697.23,702.72,690.26,695.41,0.0
2011-07-22,695.98,702.38,694.5,701.57,0.0
2011-07-25,696.99,700.01,694.31,697.62,0.0
2011-07-26,697.08,704.7,692.93,701.37,0.0
2011-07-27,700.53,701.79,693.24,694.82,0.0
2011-07-28,693.08,697.38,690.76,693.18,0.0
2011-07-29,693.18,693.9,682.66,686.63,0.0
2011-08-01,693.3,700.14,677.21,684.08,0.0
2011-08-02,685.41,689.18,679.79,683.81,0.0
2011-08-03,681.5,682.99,669.55,671.59,0.0
2011-08-04,671.75,672.33,642.84,644.95,0.0
2011-08-05,639.89,652.0,628.11,645.75,0.0
2011-08-08,636.81,638.89,616.68,620.6,0.0
2011-08-09,598.92,630.18,598.46,614.58,0.0
2011-08-10,623.6,633.78,617.93,630.08,0.0
2011-08-11,630.55,644.04,625.17,643.41,0.0
2011-08-12,642.83,649.99,638.0,643.08,0.0
2011-08-15,644.31,654.48,640.47,653.56,0.0
2011-08-16,651.98,654.89,644.5,650.41,0.0
2011-08-17,651.2,663.09,650.99,656.92,0.0
2011-08-18,655.27,656.17,631.75,632.5,0.0
2011-08-19,630.56,645.5,624.23,642.38,0.0
2011-08-22,641.56,647.92,633.73,646.06,0.0
2011-08-23,648.27,655.39,643.26,652.46,0.0
2011-08-24,653.45,656.47,648.93,650.59,0.0
2011-08-25,650.17,656.27,643.61,653.07,0.0
2011-08-26,653.34,659.37,645.14,657.84,0.0
2011-08-29,657.19,665.71,656.49,662.94,0.0
2011-08-30,664.2,673.46,659.54,672.52,0.0
2011-08-31,671.22,676.67,668.56,674.38,0.0
2011-09-01,675.5,676.61,669.11,670.38,0.0
2011-09-02,671.23,671.3,656.59,661.63,0.0
2011-09-06,652.5,659.62,647.88,658.07,0.0
2011-09-07,661.09,673.73,660.19,671.99,0.0
2011-09-08,672.54,675.29,668.15,669.72,0.0
2011-09-09,670.77,671.33,652.13,656.76,0.0
2011-09-12,651.44,660.06,645.63,656.32,0.0
2011-09-13,659.51,660.91,653.77,658.51,0.0
2011-09-14,657.4,657.4,650.37,654.75,0.0
2011-09-15,653.26,664.64,651.77,658.58,0.0
2011-09-16,658.94,661.76,650.45,653.1,0.0
2011-09-19,648.02,649.51,636.35,638.96,0.0
2011-09-20,641.47,648.5,638.52,642.11,0.0
2011-09-21,641.49,648.42,634.78,638.54,0.0
2011-09-22,630.98,631.61,605.2,607.49,0.0
2011-09-23,610.03,612.58,594.12,599.25,0.0
2011-09-26,598.88,605.07,583.68,600.37,0.0
2011-09-27,608.01,621.71,607.52,620.02,0.0
2011-09-28,614.35,621.33,602.47,603.55,0.0
2011-09-29,599.4,613.69,598.05,606.79,0.0
2011-09-30,609.15,610.56,589.56,591.0,0.0
2011-10-03,587.59,592.89,580.22,585.62,0.0
2011-10-04,580.72,585.36,572.92,576.01,0.0
2011-10-05,584.12,593.35,581.2,592.03,0.0
2011-10-06,592.23,607.61,591.47,606.52,0.0
2011-10-07,606.27,612.16,600.17,606.62,0.0
2011-10-10,610.87,622.69,608.38,619.06,0.0
2011-10-11,619.7,627.64,611.16,624.65,0.0
2011-10-12,620.68,630.13,620.68,625.46,0.0
2011-10-13,621.96,626.2,615.32,622.74,0.0
2011-10-14,623.84,639.58,623.03,637.9,0.0
2011-10-17,640.25,645.0,630.22,632.9,0.0
2011-10-18,631.71,639.77,624.71,637.22,0.0
2011-10-19,637.37,642.73,625.59,626.47,0.0
2011-10-20,623.64,628.31,614.8,624.66,0.0
2011-10-21,628.01,639.38,625.72,630.63,0.0
2011-10-24,632.16,647.4,631.67,645.45,0.0
2011-10-25,645.09,654.15,643.17,649.25,0.0
2011-10-26,649.19,654.1,637.28,637.76,0.0
2011-10-27,644.43,659.86,644.34,657.14,0.0
2011-10-28,655.89,656.35,648.92,652.55,0.0
2011-10-31,650.15,650.4,641.22,647.96,0.0
2011-11-01,647.09,647.28,627.96,641.69,0.0
2011-11-02,641.06,651.14,639.47,643.03,0.0
2011-11-03,638.13,653.18,635.33,651.01,0.0
2011-11-04,651.06,656.39,647.08,653.71,0.0
2011-11-07,657.34,661.84,649.46,660.25,0.0
2011-11-08,660.41,667.19,659.7,665.59,0.0
2011-11-09,667.99,668.47,654.6,657.29,0.0
2011-11-10,654.75,664.27,652.48,661.36,0.0
2011-11-11,662.02,667.52,660.85,665.92,0.0
2011-11-14,667.99,668.97,657.81,661.11,0.0
2011-11-15,662.15,668.16,659.58,666.68,0.0
2011-11-16,663.66,673.63,662.25,672.89,0.0
2011-11-17,669.09,674.1,651.13,653.62,0.0
2011-11-18,653.23,660.68,644.45,648.52,0.0
2011-11-21,648.06,648.71,635.41,641.94,0.0
2011-11-22,643.32,650.59,641.47,648.26,0.0
2011-11-23,644.06,644.88,635.74,638.31,0.0
2011-11-25,639.19,641.97,632.4,636.12,0.0
2011-11-28,644.35,653.66,639.99,644.84,0.0
2011-11-29,641.64,654.94,641.46,653.49,0.0
2011-11-30,652.97,664.56,648.15,658.02,0.0
2011-12-01,658.86,661.37,649.67,654.44,0.0
2011-12-02,656.38,662.61,654.11,658.32,0.0
2011-12-05,660.0,666.42,654.95,657.52,0.0
2011-12-06,654.45,660.27,653.04,659.7,0.0
2011-12-07,660.61,663.11,650.77,653.57,0.0
2011-12-08,653.07,659.74,644.16,645.98,0.0
2011-12-09,644.16,649.47,639.23,647.12,0.0
2011-12-12,646.51,646.58,636.8,638.93,0.0
2011-12-13,639.43,653.6,638.26,648.24,0.0
2011-12-14,646.09,647.27,618.9,621.93,0.0
2011-12-15,623.79,628.37,616.38,618.23,0.0
2011-12-16,620.12,623.16,613.98,617.9,0.0
2011-12-19,615.87,622.61,613.38,619.5,0.0
2011-12-20,620.72,636.4,620.61,634.48,0.0
2011-12-21,637.7,642.64,631.67,640.91,0.0
2011-12-22,640.8,647.27,639.68,645.03,0.0
2011-12-23,645.11,647.83,644.77,645.88,0.0
2011-12-27,645.96,654.77,644.97,653.35,0.0
2011-12-28,653.2,654.32,643.09,645.44,0.0
2011-12-29,644.72,647.05,640.78,645.81,0.0
2011-12-30,647.45,649.62,642.77,644.91,0.0
2012-01-03,650.78,667.09,650.62,666.55,0.0
2012-01-04,665.34,672.13,662.84,670.15,0.0
2012-01-05,669.21,673.52,660.02,661.32,0.0
2012-01-06,660.01,666.4,658.64,661.9,0.0
2012-01-09,661.35,665.97,658.05,662.57,0.0
2012-01-10,663.6,672.47,663.52,668.43,0.0
2012-01-11,666.45,670.25,661.2,663.49,0.0
2012-01-12,666.16,671.0,653.21,655.23,0.0
2012-01-13,656.09,659.42,647.66,651.54,0.0
2012-01-17,657.94,664.1,654.91,659.56,0.0
2012-01-18,661.57,664.32,654.91,657.31,0.0
2012-01-19,661.7,663.55,656.71,659.77,0.0
2012-01-20,660.5,662.58,650.31,652.01,0.0
2012-01-23,652.51,661.54,650.46,658.85,0.0
2012-01-24,659.13,662.15,654.75,658.84,0.0
2012-01-25,660.92,665.54,654.25,661.51,0.0
2012-01-26,664.59,671.58,663.42,664.92,0.0
2012-01-27,665.18,669.76,663.11,666.64,0.0
2012-01-30,664.49,665.66,659.49,661.21,0.0
2012-01-31,663.74,671.64,658.58,660.68,0.0
2012-02-01,662.2,666.98,659.93,660.76,0.0
2012-02-02,660.49,663.25,653.67,657.71,0.0
2012-02-03,659.18,667.36,657.49,666.43,0.0
2012-02-06,664.86,669.74,662.11,668.53,0.0
2012-02-07,670.86,676.46,665.58,672.96,0.0
2012-02-08,674.32,679.42,671.74,674.96,0.0
2012-02-09,676.86,682.82,675.85,680.37,0.0
2012-02-10,679.67,679.71,670.06,673.37,0.0
2012-02-13,677.68,681.02,675.39,680.1,0.0
2012-02-14,678.01,682.27,676.74,678.6,0.0
2012-02-15,681.99,687.8,680.73,682.84,0.0
2012-02-16,681.38,687.75,679.0,686.4,0.0
2012-02-17,687.54,689.75,685.69,688.44,0.0
2012-02-21,693.92,700.79,691.45,699.92,0.0
2012-02-22,698.39,704.64,696.81,703.11,0.0
2012-02-23,702.16,708.52,700.43,707.74,0.0
2012-02-24,709.47,715.77,707.62,715.52,0.0
2012-02-27,714.53,714.6,708.33,711.62,0.0
2012-02-28,708.83,711.51,702.01,703.46,0.0
2012-02-29,704.93,708.52,693.72,703.5,0.0
2012-03-01,703.42,717.25,702.08,713.18,0.0
2012-03-02,713.03,713.05,701.25,704.37,0.0
2012-03-05,704.98,706.6,699.3,703.43,0.0
2012-03-06,703.1,703.88,692.25,692.61,0.0
2012-03-07,695.53,698.95,691.56,697.62,0.0
2012-03-08,698.43,705.35,698.41,703.06,0.0
2012-03-09,705.24,710.18,700.63,707.22,0.0
2012-03-12,705.57,705.57,698.83,704.27,0.0
2012-03-13,705.92,710.85,703.29,708.93,0.0
2012-03-14,708.6,709.92,701.59,703.02,0.0
2012-03-15,703.23,705.44,695.57,700.85,0.0
2012-03-16,701.77,711.95,700.12,710.37,0.0
2012-03-19,711.21,713.2,707.29,712.31,0.0
2012-03-20,710.09,710.09,699.54,701.53,0.0
2012-03-21,703.83,705.93,700.56,703.01,0.0
2012-03-22,702.95,703.21,692.06,695.57,0.0
2012-03-23,696.87,710.14,696.78,703.33,0.0
2012-03-26,703.16,707.34,700.83,705.29,0.0
2012-03-27,705.29,708.08,702.85,704.24,0.0
2012-03-28,702.05,702.35,693.4,695.61,0.0
2012-03-29,695.56,697.41,680.87,683.72,0.0
2012-03-30,686.5,694.07,685.16,688.71,0.0
2012-04-02,691.25,701.65,684.67,700.4,0.0
2012-04-03,699.7,702.09,695.38,697.56,0.0
2012-04-04,695.12,695.98,683.34,683.5,0.0
2012-04-05,684.98,689.45,682.16,689.14,0.0
2012-04-09,685.28,685.8,678.86,684.85,0.0
2012-04-10,686.02,686.45,673.58,674.42,0.0
2012-04-11,673.77,681.2,672.87,679.53,0.0
2012-04-12,678.93,687.9,678.76,687.36,0.0
2012-04-13,687.31,687.31,681.31,682.17,0.0
2012-04-16,678.01,680.7,673.34,675.59,0.0
2012-04-17,676.06,681.46,674.05,678.77,0.0
2012-04-18,678.44,679.98,669.45,671.58,0.0
2012-04-19,673.64,677.29,670.61,672.63,0.0
2012-04-20,673.12,680.75,672.97,676.38,0.0
2012-04-23,675.82,676.35,667.98,674.44,0.0
2012-04-24,676.02,678.48,673.15,674.83,0.0
2012-04-25,675.65,680.32,673.02,677.57,0.0
2012-04-26,677.6,683.5,677.59,682.08,0.0
2012-04-27,680.32,685.16,678.58,684.45,0.0
2012-04-30,684.15,686.15,680.38,684.88,0.0
2012-05-01,684.22,689.04,681.57,687.61,0.0
2012-05-02,686.25,687.12,677.84,678.65,0.0
2012-05-03,679.17,679.3,668.71,669.36,0.0
2012-05-04,670.03,670.4,648.83,653.6,0.0
2012-05-07,645.37,653.19,645.29,652.27,0.0
2012-05-08,652.87,654.08,641.8,648.6,0.0
2012-05-09,648.58,649.13,642.22,648.28,0.0
2012-05-10,648.97,651.75,645.58,647.5,0.0
2012-05-11,642.99,647.1,640.46,642.58,0.0
2012-05-14,639.4,640.69,631.07,635.77,0.0
2012-05-15,633.2,640.09,632.7,636.1,0.0
2012-05-16,632.74,637.86,626.57,633.4,0.0
2012-05-17,633.67,636.19,628.6,630.62,0.0
2012-05-18,628.64,633.13,625.6,629.5,0.0
2012-05-21,633.25,634.86,629.94,633.68,0.0
2012-05-22,634.46,636.0,627.05,628.23,0.0
2012-05-23,625.52,626.28,613.95,616.29,0.0
2012-05-24,620.92,622.98,615.5,618.78,0.0
2012-05-25,619.74,622.29,616.68,620.51,0.0
2012-05-29,621.51,625.99,616.27,617.67,0.0
2012-05-30,616.0,616.27,601.62,603.28,0.0
2012-05-31,603.01,605.5,594.48,596.2,0.0
2012-06-01,595.27,596.67,577.59,580.99,0.0
2012-06-04,578.33,585.51,571.55,584.39,0.0
2012-06-05,588.0,588.59,581.32,585.22,0.0
2012-06-06,587.99,597.1,586.66,593.06,0.0
2012-06-07,595.11,602.24,589.29,592.05,0.0
2012-06-08,582.95,589.73,577.76,588.17,0.0
2012-06-11,596.97,598.15,580.36,582.43,0.0
2012-06-12,578.36,583.8,576.5,581.02,0.0
2012-06-13,578.18,583.08,575.36,576.87,0.0
2012-06-14,574.9,583.63,574.43,581.87,0.0
2012-06-15,585.07,586.52,581.06,582.62,0.0
2012-06-18,587.18,587.98,575.01,581.45,0.0
2012-06-19,582.7,588.4,577.31,586.31,0.0
2012-06-20,585.46,587.62,573.49,575.29,0.0
2012-06-21,570.49,572.03,558.14,559.0,0.0
2012-06-22,559.87,567.32,555.56,563.72,0.0
2012-06-25,568.36,569.24,561.99,567.6,0.0
2012-06-26,569.07,572.91,566.75,572.64,0.0
2012-06-27,572.91,580.94,568.75,577.0,0.0
2012-06-28,578.54,579.66,565.5,567.47,0.0
2012-06-29,570.76,600.69,570.43,599.44,0.0
2012-07-02,596.57,598.52,590.42,597.4,0.0
2012-07-03,599.25,618.42,599.16,618.0,0.0
2012-07-05,614.63,623.88,613.42,620.15,0.0
2012-07-06,616.14,616.98,603.91,605.15,0.0
2012-07-09,608.81,618.86,607.7,615.94,0.0
2012-07-10,610.84,614.5,605.16,605.91,0.0
2012-07-11,607.72,614.79,606.55,612.44,0.0
2012-07-12,611.23,616.19,605.6,614.91,0.0
2012-07-13,615.07,622.87,613.52,621.19,0.0
2012-07-16,622.11,631.11,621.92,630.63,0.0
2012-07-17,632.43,634.94,626.6,632.52,0.0
2012-07-18,631.12,639.87,629.19,639.75,0.0
2012-07-19,640.8,654.91,640.8,654.73,0.0
2012-07-20,653.21,653.58,646.16,651.87,0.0
2012-07-23,647.77,647.77,630.37,633.47,0.0
2012-07-24,631.79,636.2,626.1,630.18,0.0
2012-07-25,629.11,635.09,625.31,633.92,0.0
2012-07-26,632.64,642.14,629.5,635.43,0.0
2012-07-27,635.87,642.78,635.65,641.77,0.0
2012-07-30,643.9,646.57,641.68,644.6,0.0
2012-07-31,644.01,647.12,633.68,635.82,0.0
2012-08-01,634.66,639.18,633.57,637.61,0.0
2012-08-02,636.53,641.24,628.65,630.33,0.0
2012-08-03,631.58,649.55,631.05,647.65,0.0
2012-08-06,645.25,650.77,643.18,650.34,0.0
2012-08-07,649.82,659.97,648.51,657.51,0.0
2012-08-08,656.44,661.22,652.63,658.72,0.0
2012-08-09,658.87,664.08,657.12,661.65,0.0
2012-08-10,661.96,662.2,652.77,656.21,0.0
2012-08-13,657.21,660.55,652.19,653.61,0.0
2012-08-14,654.42,658.16,653.27,655.53,0.0
2012-08-15,654.63,663.99,653.79,662.14,0.0
2012-08-16,663.73,668.29,660.79,667.57,0.0
2012-08-17,666.79,669.11,663.82,667.56,0.0
2012-08-20,668.2,670.14,663.86,669.27,0.0
2012-08-21,669.64,679.13,669.57,675.55,0.0
2012-08-22,674.79,677.68,671.86,676.69,0.0
2012-08-23,680.7,682.35,671.58,674.13,0.0
2012-08-24,671.82,676.49,668.66,670.51,0.0
2012-08-27,678.77,679.17,664.4,666.96,0.0
2012-08-28,666.23,692.85,665.21,668.5,0.0
2012-08-29,666.92,670.67,665.2,668.71,0.0
2012-08-30,666.92,671.02,664.75,666.96,0.0
2012-08-31,666.86,676.17,666.67,675.03,0.0
2012-09-04,680.93,682.28,671.66,672.55,0.0
2012-09-05,672.19,672.61,667.26,668.72,0.0
2012-09-06,671.47,678.04,669.65,671.72,0.0
2012-09-07,668.45,678.26,667.63,676.64,0.0
2012-09-10,677.17,680.03,675.09,677.88,0.0
2012-09-11,676.51,681.44,675.63,681.05,0.0
2012-09-12,681.3,686.52,679.34,682.79,0.0
2012-09-13,682.79,689.22,679.16,687.22,0.0
2012-09-14,690.31,699.13,690.3,694.21,0.0
2012-09-17,693.29,694.0,672.48,678.68,0.0
2012-09-18,679.33,679.82,669.0,670.13,0.0
2012-09-19,670.78,675.33,653.57,656.73,0.0
2012-09-20,657.08,660.29,650.98,658.35,0.0
2012-09-21,662.13,666.4,660.88,663.96,0.0
2012-09-24,658.67,660.61,654.16,657.68,0.0
2012-09-25,659.54,665.18,657.08,658.66,0.0
2012-09-26,657.25,657.98,646.7,651.87,0.0
2012-09-27,653.85,662.05,651.53,660.26,0.0
2012-09-28,662.46,666.56,660.03,665.73,0.0
2012-10-01,663.78,671.87,662.2,666.97,0.0
2012-10-02,666.83,668.22,663.45,664.18,0.0
2012-10-03,662.59,662.71,647.46,648.9,0.0
2012-10-04,648.4,665.7,648.4,665.19,0.0
2012-10-05,665.82,666.58,655.64,659.63,0.0
2012-10-08,657.59,659.6,651.96,656.64,0.0
2012-10-09,660.19,669.02,656.78,667.25,0.0
2012-10-10,666.26,672.31,663.71,664.76,0.0
2012-10-11,664.93,674.77,664.86,671.84,0.0
2012-10-12,672.39,672.55,662.69,665.3,0.0
2012-10-15,662.53,665.07,656.02,663.08,0.0
2012-10-16,663.86,666.76,661.9,664.24,0.0
2012-10-17,664.82,666.6,661.79,664.94,0.0
2012-10-18,666.09,666.78,658.67,665.13,0.0
2012-10-19,664.92,669.18,655.58,656.05,0.0
2012-10-22,655.8,658.97,648.09,648.5,0.0
2012-10-23,649.2,649.63,635.1,639.3,0.0
2012-10-24,641.83,643.55,633.2,636.75,0.0
2012-10-25,637.36,641.91,634.55,637.47,0.0
2012-10-26,638.05,640.85,633.07,638.97,0.0
2012-10-29,637.89,641.83,633.47,636.39,0.0
2012-10-30,635.53,640.11,634.61,635.79,0.0
2012-10-31,636.56,642.37,636.35,637.74,0.0
2012-11-01,637.25,641.38,636.98,638.86,0.0
2012-11-02,638.15,639.3,625.52,626.07,0.0
2012-11-05,625.74,630.95,622.45,629.85,0.0
2012-11-06,631.11,645.66,629.46,644.61,0.0
2012-11-07,644.19,647.66,627.72,629.0,0.0
2012-11-08,630.81,634.26,627.19,631.53,0.0
2012-11-09,633.26,639.68,626.77,636.41,0.0
2012-11-12,636.09,639.68,633.16,634.52,0.0
2012-11-13,633.76,635.17,629.64,633.32,0.0
2012-11-14,633.4,640.16,632.12,637.39,0.0
2012-11-15,637.88,640.38,630.91,634.1,0.0
2012-11-16,633.56,638.03,631.4,637.01,0.0
2012-11-19,641.19,652.36,640.73,650.58,0.0
2012-11-20,650.22,650.69,639.51,642.72,0.0
2012-11-21,644.01,648.13,641.19,646.01,0.0
2012-11-23,643.93,651.11,643.78,649.8,0.0
2012-11-26,649.23,650.29,645.41,646.99,0.0
2012-11-27,648.21,649.86,643.39,645.96,0.0
2012-11-28,645.67,646.21,637.01,642.59,0.0
2012-11-29,643.43,651.97,643.36,649.34,0.0
2012-11-30,647.78,651.19,647.09,650.05,0.0
2012-12-03,652.12,657.11,649.64,650.78,0.0
2012-12-04,648.88,650.3,643.01,644.95,0.0
2012-12-05,646.05,648.11,640.45,643.26,0.0
2012-12-06,643.2,645.14,633.55,635.69,0.0
2012-12-07,636.76,637.54,632.51,632.88,0.0
2012-12-10,633.9,637.55,630.65,631.4,0.0
2012-12-11,630.93,634.96,629.74,631.93,0.0
2012-12-12,633.1,640.43,631.95,637.05,0.0
2012-12-13,634.77,636.39,631.13,631.38,0.0
2012-12-14,633.38,637.49,632.9,637.14,0.0
2012-12-17,637.49,639.15,636.19,636.92,0.0
2012-12-18,638.52,641.51,636.91,640.18,0.0
2012-12-19,640.12,645.74,639.85,644.73,0.0
2012-12-20,643.25,644.96,640.68,643.49,0.0
2012-12-21,639.9,642.06,637.09,639.09,0.0
2012-12-24,639.19,639.39,636.49,637.84,0.0
2012-12-26,639.47,648.62,638.84,646.31,0.0
2012-12-27,646.09,648.18,642.89,645.78,0.0
2012-12-28,647.72,648.42,642.42,644.43,0.0
2012-12-31,644.26,647.42,639.34,646.58,0.0
2013-01-02,649.27,656.87,649.08,652.56,0.0
2013-01-03,650.62,652.09,648.37,650.05,0.0
2013-01-04,646.17,648.34,642.36,646.71,0.0
2013-01-07,648.26,649.32,644.72,648.69,0.0
2013-01-08,649.66,652.49,647.93,650.18,0.0
2013-01-09,649.93,651.51,647.68,649.31,0.0
2013-01-10,651.01,657.22,650.99,653.11,0.0
2013-01-11,652.12,652.36,644.59,649.58,0.0
2013-01-14,653.24,655.69,650.11,655.19,0.0
2013-01-15,655.34,657.06,651.87,652.18,0.0
2013-01-16,653.16,654.98,651.09,653.31,0.0
2013-01-17,652.96,659.68,651.81,658.21,0.0
2013-01-18,657.61,661.02,656.68,660.83,0.0
2013-01-22,662.75,665.33,660.66,664.07,0.0
2013-01-23,663.53,665.28,661.09,661.98,0.0
2013-01-24,661.8,665.78,660.78,664.22,0.0
2013-01-25,663.6,665.92,661.33,662.75,0.0
2013-01-28,663.01,665.98,661.24,665.33,0.0
2013-01-29,665.84,671.55,664.48,670.51,0.0
2013-01-30,670.74,676.35,670.45,675.94,0.0
2013-01-31,676.16,677.12,671.65,675.37,0.0
2013-02-01,675.94,681.5,674.65,679.05,0.0
2013-02-04,678.72,678.94,672.84,673.87,0.0
2013-02-05,672.82,678.6,671.93,676.7,0.0
2013-02-06,677.37,677.58,670.86,676.14,0.0
2013-02-07,676.89,679.67,672.97,674.01,0.0
2013-02-08,676.11,681.28,675.24,678.14,0.0
2013-02-11,677.57,678.5,672.72,677.66,0.0
2013-02-12,678.05,680.07,676.01,678.9,0.0
2013-02-13,680.02,681.7,677.76,679.2,0.0
2013-02-14,679.82,680.98,677.64,679.37,0.0
2013-02-15,679.71,680.14,672.78,675.95,0.0
2013-02-19,675.3,675.89,671.68,675.63,0.0
2013-02-20,676.08,677.36,664.77,668.28,0.0
2013-02-21,665.28,665.59,656.93,657.31,0.0
2013-02-22,659.55,661.86,656.9,658.12,0.0
2013-02-25,658.37,666.12,657.34,658.64,0.0
2013-02-26,656.61,657.52,651.97,653.56,0.0
2013-02-27,654.56,655.79,649.69,650.13,0.0
2013-02-28,651.81,652.07,646.45,648.21,0.0
2013-03-01,647.06,647.39,640.03,642.65,0.0
2013-03-04,642.49,644.24,637.89,640.41,0.0
2013-03-05,642.36,646.2,642.09,645.94,0.0
2013-03-06,647.94,647.94,639.79,641.74,0.0
2013-03-07,642.13,646.86,641.29,646.65,0.0
2013-03-08,646.01,648.81,642.78,648.81,0.0
2013-03-11,648.69,649.7,644.85,648.72,0.0
2013-03-12,649.18,655.13,646.82,649.62,0.0
2013-03-13,650.55,652.07,644.2,647.17,0.0
2013-03-14,645.77,650.34,645.37,650.23,0.0
2013-03-15,650.92,655.56,650.24,652.5,0.0
2013-03-18,647.31,650.83,643.75,650.3,0.0
2013-03-19,649.84,650.53,641.88,643.16,0.0
2013-03-20,644.17,648.91,643.21,648.7,0.0
2013-03-21,648.47,649.17,642.34,644.55,0.0
2013-03-22,643.96,647.1,642.72,646.5,0.0
2013-03-25,647.67,653.49,645.91,649.03,0.0
2013-03-26,648.44,654.57,648.34,654.54,0.0
2013-03-27,654.33,658.7,652.85,657.78,0.0
2013-03-28,658.03,659.21,652.35,655.05,0.0
2013-04-01,652.96,654.78,649.18,653.1,0.0
2013-04-02,653.51,655.95,649.3,651.87,0.0
2013-04-03,650.24,650.87,637.36,638.67,0.0
2013-04-04,638.42,640.25,628.79,633.0,0.0
2013-04-05,633.63,633.94,626.49,628.26,0.0
2013-04-08,629.8,634.93,628.6,632.31,0.0
2013-04-09,633.84,637.6,630.73,637.09,0.0
2013-04-10,636.43,638.15,633.45,636.03,0.0
2013-04-11,635.69,636.84,629.94,631.61,0.0
2013-04-12,631.38,631.97,617.55,623.16,0.0
2013-04-15,620.16,620.16,606.7,608.83,0.0
2013-04-16,598.46,610.64,597.96,609.91,0.0
2013-04-17,610.92,611.51,599.13,600.97,0.0
2013-04-18,596.38,608.15,596.36,606.01,0.0
2013-04-19,607.03,610.31,605.38,607.5,0.0
2013-04-22,608.1,612.06,603.54,609.1,0.0
2013-04-23,607.88,608.74,602.13,607.11,0.0
2013-04-24,607.85,615.14,607.24,614.65,0.0
2013-04-25,616.14,625.66,614.84,625.15,0.0
2013-04-26,624.36,624.69,618.49,622.29,0.0
2013-04-29,621.84,630.53,621.0,629.99,0.0
2013-04-30,629.56,630.96,622.75,624.44,0.0
2013-05-01,621.11,622.63,608.08,611.06,0.0
2013-05-02,612.02,623.15,611.0,622.62,0.0
2013-05-03,623.28,633.14,622.24,631.08,0.0
2013-05-06,633.83,634.06,627.86,632.74,0.0
2013-05-07,631.53,633.87,628.31,630.47,0.0
2013-05-08,630.02,634.31,627.97,632.85,0.0
2013-05-09,632.99,634.91,629.04,634.91,0.0
2013-05-10,633.72,633.96,620.79,629.36,0.0
2013-05-13,627.38,631.15,625.3,627.87,0.0
2013-05-14,629.0,629.54,624.22,625.54,0.0
2013-05-15,626.02,626.03,616.46,624.91,0.0
2013-05-16,624.79,629.44,621.83,627.99,0.0
2013-05-17,627.72,633.43,626.68,632.05,0.0
2013-05-20,632.68,636.32,629.48,635.02,0.0
2013-05-21,635.6,636.24,628.73,631.02,0.0
2013-05-22,629.84,631.19,624.81,625.96,0.0
2013-05-23,622.93,625.23,617.44,624.86,0.0
2013-05-24,625.23,625.51,620.45,624.4,0.0
2013-05-28,624.36,633.48,623.66,630.57,0.0
2013-05-29,629.85,630.64,622.49,623.35,0.0
2013-05-30,622.98,624.76,617.18,622.46,0.0
2013-05-31,622.69,623.5,615.18,615.46,0.0
2013-06-03,615.72,623.93,613.5,622.56,0.0
2013-06-04,621.77,628.54,619.35,625.64,0.0
2013-06-05,626.61,631.13,626.12,626.58,0.0
2013-06-06,626.52,629.96,625.33,628.7,0.0
2013-06-07,627.46,633.14,623.29,631.05,0.0
2013-06-10,629.44,630.16,625.8,626.86,0.0
2013-06-11,625.84,625.88,617.1,622.42,0.0
2013-06-12,621.22,626.1,618.0,623.62,0.0
2013-06-13,622.54,627.08,618.23,626.36,0.0
2013-06-14,626.42,633.42,625.5,631.24,0.0
2013-06-17,631.21,633.66,629.16,630.52,0.0
2013-06-18,630.55,633.54,628.67,633.01,0.0
2013-06-19,632.94,637.4,632.59,635.84,0.0
2013-06-20,633.49,633.51,614.85,616.46,0.0
2013-06-21,616.37,619.2,607.68,610.04,0.0
2013-06-24,609.54,612.14,604.57,610.3,0.0
2013-06-25,610.15,615.49,608.75,611.83,0.0
2013-06-26,611.62,612.41,605.91,610.93,0.0
2013-06-27,611.09,617.75,611.09,615.88,0.0
2013-06-28,615.53,618.59,611.14,611.3,0.0
2013-07-01,611.23,618.34,609.29,616.02,0.0
2013-07-02,615.81,621.47,615.63,621.03,0.0
2013-07-03,627.42,631.26,625.02,629.38,0.0
2013-07-05,628.62,634.54,627.21,634.02,0.0
2013-07-08,633.86,636.34,631.36,634.83,0.0
2013-07-09,634.1,637.54,632.59,637.17,0.0
2013-07-10,638.3,644.62,637.37,644.31,0.0
2013-07-11,643.95,647.57,638.37,641.56,0.0
2013-07-12,640.92,645.42,638.91,644.63,0.0
2013-07-15,644.66,645.37,639.63,644.4,0.0
2013-07-16,644.35,648.91,643.73,645.99,0.0
2013-07-17,645.34,647.1,641.96,646.65,0.0
2013-07-18,646.16,651.76,644.82,651.05,0.0
2013-07-19,651.18,654.16,647.33,650.66,0.0
2013-07-22,651.17,653.5,647.58,648.43,0.0
2013-07-23,648.9,649.36,644.7,648.62,0.0
2013-07-24,647.99,649.8,640.23,642.1,0.0
2013-07-25,640.98,642.18,636.61,640.68,0.0
2013-07-26,640.68,641.51,634.31,636.81,0.0
2013-07-29,636.38,639.35,633.67,636.48,0.0
2013-07-30,636.09,636.29,630.56,632.09,0.0
2013-07-31,633.25,639.21,629.0,638.64,0.0
2013-08-01,638.99,647.13,638.99,646.77,0.0
2013-08-02,648.04,649.31,641.7,642.74,0.0
2013-08-05,642.42,645.19,635.9,639.59,0.0
2013-08-06,639.15,642.25,633.16,634.83,0.0
2013-08-07,634.2,634.56,629.01,629.7,0.0
2013-08-08,630.1,632.26,623.15,627.95,0.0
2013-08-09,628.74,635.06,628.11,634.71,0.0
2013-08-12,634.08,639.35,633.08,638.88,0.0
2013-08-13,638.29,643.73,638.09,641.23,0.0
2013-08-14,640.9,644.03,638.14,643.68,0.0
2013-08-15,643.66,649.68,643.66,648.86,0.0
2013-08-16,648.99,651.19,646.42,649.92,0.0
2013-08-19,650.75,653.01,648.07,649.52,0.0
2013-08-20,649.46,650.15,642.99,645.45,0.0
2013-08-21,645.47,645.48,641.67,642.3,0.0
2013-08-22,642.29,644.99,641.32,643.29,0.0
2013-08-23,643.89,650.85,642.92,649.4,0.0
2013-08-26,651.41,653.39,649.43,650.66,0.0
2013-08-27,650.58,663.87,650.04,662.96,0.0
2013-08-28,664.52,675.44,663.97,668.6,0.0
2013-08-29,666.9,668.86,662.72,663.48,0.0
2013-08-30,660.56,662.19,655.05,657.05,0.0
2013-09-03,657.44,661.81,655.96,660.66,0.0
2013-09-04,660.64,660.64,654.2,656.07,0.0
2013-09-05,656.25,658.65,653.88,657.07,0.0
2013-09-06,657.3,664.81,656.45,664.33,0.0
2013-09-09,663.72,663.72,655.55,657.13,0.0
2013-09-10,656.29,656.29,644.41,647.13,0.0
2013-09-11,645.6,650.54,645.17,647.51,0.0
2013-09-12,646.9,652.96,645.4,652.26,0.0
2013-09-13,651.66,652.19,646.29,650.02,0.0
2013-09-16,650.32,650.32,641.28,644.19,0.0
2013-09-17,643.07,643.99,633.75,636.3,0.0
2013-09-18,635.96,647.44,634.98,645.92,0.0
2013-09-19,648.17,652.43,642.41,643.27,0.0
2013-09-20,643.16,644.13,637.35,638.63,0.0
2013-09-23,638.41,639.22,632.46,633.42,0.0
2013-09-24,632.53,633.74,628.27,632.59,0.0
2013-09-25,633.13,638.12,632.76,633.82,0.0
2013-09-26,632.68,637.16,631.89,637.03,0.0
2013-09-27,637.03,639.74,634.24,636.39,0.0
2013-09-30,634.25,634.25,629.11,632.4,0.0
2013-10-01,632.44,632.46,625.11,629.49,0.0
2013-10-02,628.62,637.76,627.35,637.18,0.0
2013-10-03,637.22,640.11,634.29,635.73,0.0
2013-10-04,635.7,639.1,634.65,637.24,0.0
2013-10-07,637.04,640.03,631.03,638.02,0.0
2013-10-08,638.04,643.09,637.26,640.42,0.0
2013-10-09,640.18,640.45,631.08,633.36,0.0
2013-10-10,633.29,643.57,633.29,642.05,0.0
2013-10-11,641.78,641.83,634.25,638.45,0.0
2013-10-14,638.44,640.71,634.56,639.44,0.0
2013-10-15,639.26,640.66,634.58,636.38,0.0
2013-10-16,636.44,644.09,635.17,641.27,0.0
2013-10-17,641.27,641.6,633.27,634.96,0.0
2013-10-18,635.43,640.58,634.85,638.62,0.0
2013-10-21,638.7,639.15,634.31,634.81,0.0
2013-10-22,634.74,639.47,632.41,632.65,0.0
2013-10-23,632.39,632.5,623.36,623.91,0.0
2013-10-24,623.94,626.69,620.01,622.84,0.0
2013-10-25,622.98,625.12,621.22,624.36,0.0
2013-10-28,624.02,630.13,623.4,629.69,0.0
2013-10-29,629.73,629.73,625.86,627.67,0.0
2013-10-30,627.62,628.99,626.01,627.21,0.0
2013-10-31,626.86,627.77,621.93,622.52,0.0
2013-11-01,622.54,624.37,611.58,612.24,0.0
2013-11-04,612.38,613.5,608.41,610.66,0.0
2013-11-05,610.85,611.92,606.39,606.77,0.0
2013-11-06,607.78,612.44,607.77,609.73,0.0
2013-11-07,610.1,610.24,604.63,605.02,0.0
2013-11-08,605.9,610.78,604.69,609.95,0.0
2013-11-11,610.52,614.74,609.82,614.2,0.0
2013-11-12,614.08,616.68,608.33,609.25,0.0
2013-11-13,609.72,614.92,609.6,613.7,0.0
2013-11-14,614.05,619.49,613.14,616.8,0.0
2013-11-15,616.94,618.46,615.23,616.92,0.0
2013-11-18,616.92,617.96,612.49,613.95,0.0
2013-11-19,613.84,615.07,611.27,611.67,0.0
2013-11-20,612.24,615.47,610.31,614.19,0.0
2013-11-21,613.74,622.42,612.87,622.23,0.0
2013-11-22,622.23,626.75,620.07,624.37,0.0
2013-11-25,624.54,624.54,615.21,622.58,0.0
2013-11-26,622.48,624.93,620.49,622.4,0.0
2013-11-27,622.05,623.84,618.9,620.76,0.0
2013-11-29,620.89,625.36,619.84,620.12,0.0
2013-12-02,620.74,626.16,618.4,623.53,0.0
2013-12-03,623.9,630.52,622.49,629.81,0.0
2013-12-04,631.93,633.79,629.38,631.85,0.0
2013-12-05,631.97,632.82,629.29,630.16,0.0
2013-12-06,629.69,634.34,629.6,631.94,0.0
2013-12-09,632.31,633.62,628.32,628.35,0.0
2013-12-10,628.46,633.21,628.01,630.05,0.0
2013-12-11,629.86,631.14,627.69,629.95,0.0
2013-12-12,629.97,632.13,625.35,626.38,0.0
2013-12-13,626.33,626.61,622.11,623.59,0.0
2013-12-16,623.95,629.44,623.08,627.39,0.0
2013-12-17,626.88,627.07,623.74,624.29,0.0
2013-12-18,624.51,628.75,622.95,627.88,0.0
2013-12-19,627.62,632.87,626.87,632.0,0.0
2013-12-20,631.59,637.12,630.89,637.1,0.0
2013-12-23,637.03,637.51,634.89,635.61,0.0
2013-12-24,635.59,637.81,635.08,637.04,0.0
2013-12-26,637.06,638.84,636.02,637.76,0.0
2013-12-27,637.6,642.59,637.19,640.67,0.0
2013-12-30,640.6,641.9,635.35,635.79,0.0
2013-12-31,635.75,636.03,631.3,632.29,0.0
2014-01-02,632.75,635.02,620.19,620.36,0.0
2014-01-03,620.5,622.25,614.09,614.43,0.0
2014-01-06,614.62,618.2,613.4,613.84,0.0
2014-01-07,613.86,617.63,613.78,615.22,0.0
2014-01-08,612.53,614.61,607.72,610.67,0.0
2014-01-09,609.84,612.31,603.56,605.81,0.0
2014-01-10,606.78,611.83,606.78,610.3,0.0
2014-01-13,613.09,614.02,609.48,609.48,0.0
2014-01-14,614.08,615.68,610.17,610.17,0.0
2014-01-15,614.49,621.15,613.59,614.72,0.0
2014-01-16,618.82,620.29,612.99,613.44,0.0
2014-01-17,613.44,616.54,612.6,615.56,0.0
2014-01-21,614.62,619.59,613.51,616.41,0.0
2014-01-22,616.52,623.5,616.52,623.24,0.0
2014-01-23,623.23,625.79,622.35,623.6,0.0
2014-01-24,623.75,625.63,619.94,624.87,0.0
2014-01-27,624.99,626.44,617.61,618.31,0.0
2014-01-28,618.55,624.48,618.55,623.91,0.0
2014-01-29,623.96,627.36,621.61,626.91,0.0
2014-01-30,627.01,628.78,625.83,626.64,0.0
2014-01-31,626.39,626.39,621.43,622.26,0.0
2014-02-03,621.8761,622.3503,617.6379,619.1096,0.0
2014-02-04,619.9276,624.0173,618.7671,623.441,0.0
2014-02-05,623.4999,627.9054,621.8288,624.1143,0.0
2014-02-06,624.1136,630.5578,624.1136,626.708,0.0
2014-02-07,626.3335,635.5304,625.1177,635.1132,0.0
2014-02-10,634.9092,635.1329,632.112,632.4907,0.0
2014-02-11,632.6811,635.3597,632.1781,634.8264,0.0
2014-02-12,634.6973,639.9293,634.6973,636.2176,0.0
2014-02-13,636.1252,638.5352,633.389,637.91,0.0
2014-02-14,637.9639,640.695,636.1986,640.0627,0.0
2014-02-18,640.1449,650.7306,640.1449,649.793,0.0
2014-02-19,649.7215,654.3104,649.1687,653.3778,0.0
2014-02-20,652.8771,652.8993,648.9333,652.7813,0.0
2014-02-21,652.8874,653.1683,647.9266,650.8815,0.0
2014-02-24,650.9445,654.7819,650.0737,652.5151,0.0
2014-02-25,652.4842,652.4921,646.7821,649.0677,0.0
2014-02-26,649.0284,651.1007,647.9014,649.6404,0.0
2014-02-27,649.5876,649.5876,646.0719,647.0659,0.0
2014-02-28,646.5431,650.2597,644.5271,649.6444,0.0
2014-03-03,650.2828,663.4803,650.2828,660.2183,0.0
2014-03-04,660.2441,660.3952,652.0496,655.9639,0.0
2014-03-05,655.9707,656.2872,648.0266,648.5661,0.0
2014-03-06,648.4603,651.3496,645.9329,650.6606,0.0
2014-03-07,650.5467,653.8032,649.9905,653.244,0.0
2014-03-10,651.9616,651.9616,645.9883,646.842,0.0
2014-03-11,646.392,649.055,644.6378,645.729,0.0
2014-03-12,645.0729,645.0729,638.4644,641.1055,0.0
2014-03-13,640.9587,642.7296,637.957,639.1954,0.0
2014-03-14,639.3785,644.6948,638.6292,644.0486,0.0
2014-03-17,643.9999,644.8337,636.8064,637.1879,0.0
2014-03-18,637.0445,642.3979,636.4564,642.1784,0.0
2014-03-19,642.06,642.3453,638.4858,641.7102,0.0
2014-03-20,641.9768,642.3242,637.0013,639.5408,0.0
2014-03-21,638.8225,644.239,637.6633,641.0866,0.0
2014-03-24,640.2907,644.1949,639.1577,641.4871,0.0
2014-03-25,641.4871,645.3851,640.3924,642.4064,0.0
2014-03-26,642.6484,644.3534,641.0988,643.3158,0.0
2014-03-27,643.3698,650.0883,642.6202,649.5547,0.0
2014-03-28,649.3565,652.6512,649.1188,650.6742,0.0
2014-03-31,650.7201,650.7201,644.6154,648.857,0.0
2014-04-01,648.6354,648.8596,639.9869,640.8338,0.0
2014-04-02,640.83,641.0151,634.5349,637.0378,0.0
2014-04-03,636.8852,642.8643,635.5206,642.5384,0.0
2014-04-04,642.4491,646.5035,642.1928,645.1948,0.0
2014-04-07,645.0583,646.0842,639.3671,642.3699,0.0
2014-04-08,643.0058,651.391,643.0058,650.8859,0.0
2014-04-09,650.7331,654.7007,649.6502,654.2229,0.0
2014-04-10,654.1819,654.3372,651.9506,653.1036,0.0
2014-04-11,652.4036,654.5594,651.1907,652.2555,0.0
2014-04-14,652.3504,658.8784,652.3504,658.0415,0.0
2014-04-15,657.0414,659.4066,654.0541,658.4639,0.0
2014-04-16,658.5688,663.461,657.2222,659.6173,0.0
2014-04-17,659.5857,662.8941,658.257,661.2896,0.0
2014-04-21,661.2265,661.5802,658.1769,660.7144,0.0
2014-04-22,660.4796,661.2249,655.0187,657.8063,0.0
2014-04-23,657.8449,658.8931,656.3607,657.4853,0.0
2014-04-24,657.9546,662.4789,657.9045,661.4892,0.0
2014-04-25,661.3951,662.0744,656.9732,657.703,0.0
2014-04-28,658.5455,661.273,653.6177,654.7652,0.0
2014-04-29,654.7987,659.7497,654.7724,658.8395,0.0
2014-04-30,657.5899,657.5899,650.2626,652.5111,0.0
2014-05-01,652.305,652.4806,646.6469,648.6089,0.0
2014-05-02,648.503,652.3068,647.9446,650.9405,0.0
2014-05-05,651.0726,653.2264,647.0955,648.9415,0.0
2014-05-06,648.9504,651.5565,648.6943,648.9934,0.0
2014-05-07,648.5037,651.6855,647.1578,651.4311,0.0
2014-05-08,651.0716,651.4315,647.6165,649.5789,0.0
2014-05-09,649.6433,653.0246,646.6411,647.2982,0.0
2014-05-12,646.4343,650.7789,646.4343,648.9678,0.0
2014-05-13,648.6126,652.6196,647.6438,652.0264,0.0
2014-05-14,652.0026,656.0036,652.0026,655.2289,0.0
2014-05-15,654.7815,654.9656,651.1177,652.0441,0.0
2014-05-16,652.0328,653.8419,651.2576,652.8556,0.0
2014-05-19,653.0548,655.9316,652.6864,653.803,0.0
2014-05-20,653.9885,656.2183,652.9703,654.0387,0.0
2014-05-21,654.0394,659.3623,654.0394,658.3492,0.0
2014-05-22,658.3617,660.735,656.4568,657.1738,0.0
2014-05-23,657.1628,659.3585,657.0363,658.406,0.0
2014-05-27,658.0773,658.5682,654.4217,655.4422,0.0
2014-05-28,655.345,656.7286,652.2643,652.8376,0.0
2014-05-29,652.9998,655.6838,652.7221,654.2635,0.0
2014-05-30,654.1049,654.5133,649.0048,649.6324,0.0
2014-06-02,649.2202,651.4414,647.5931,648.4599,0.0
2014-06-03,648.4731,649.1604,646.3674,647.604,0.0
2014-06-04,647.5211,650.0752,645.5234,645.9893,0.0
2014-06-05,646.0228,647.0507,643.2384,646.6336,0.0
2014-06-06,645.7093,647.5852,645.2235,646.6281,0.0
2014-06-09,645.8786,651.6012,645.8386,651.2814,0.0
2014-06-10,650.3265,651.5555,646.5998,648.0516,0.0
2014-06-11,647.1584,649.7037,646.9892,647.5428,0.0
2014-06-12,646.6169,658.7049,646.6169,658.5549,0.0
2014-06-13,658.6249,664.8147,658.6249,660.4576,0.0
2014-06-16,660.6666,663.5463,660.4888,661.3156,0.0
2014-06-17,661.4366,663.9164,658.3879,661.9171,0.0
2014-06-18,661.896,664.1585,661.0096,663.3902,0.0
2014-06-19,663.4256,669.3928,663.4256,668.0328,0.0
2014-06-20,668.2186,669.2076,666.7828,668.8627,0.0
2014-06-23,669.0073,672.5403,664.7888,665.7536,0.0
2014-06-24,664.9087,668.0879,663.5752,667.1898,0.0
2014-06-25,667.0759,667.7188,663.665,666.6219,0.0
2014-06-26,666.586,667.9828,662.3718,664.1335,0.0
2014-06-27,664.1238,665.8483,662.4815,663.4425,0.0
2014-06-30,663.1819,663.1819,657.6466,658.5723,0.0
2014-07-01,658.6699,659.9107,655.4682,657.6849,0.0
2014-07-02,657.6617,658.28,653.4695,654.5589,0.0
2014-07-03,654.5876,654.5876,651.9558,653.2985,0.0
2014-07-07,653.0962,653.0962,647.2493,647.8093,0.0
2014-07-08,647.1849,648.214,642.8706,643.8665,0.0
2014-07-09,643.3567,643.7201,637.8913,638.6042,0.0
2014-07-10,638.1291,639.3615,636.0024,638.9145,0.0
2014-07-11,638.4244,638.5621,629.5782,630.7167,0.0
2014-07-14,630.2457,632.9308,628.7334,632.2658,0.0
2014-07-15,632.231,632.2849,623.9441,627.8405,0.0
2014-07-16,628.3826,632.4471,628.3826,630.201,0.0
2014-07-17,630.0699,634.6783,629.0799,633.7313,0.0
2014-07-18,633.7196,635.9486,630.2455,630.9177,0.0
2014-07-21,630.7924,633.4959,628.4325,633.2859,0.0
2014-07-22,633.3792,636.2446,630.9543,631.4493,0.0
2014-07-23,631.4493,634.1347,630.0263,634.012,0.0
2014-07-24,634.1356,635.6369,630.4632,630.9107,0.0
2014-07-25,630.9142,634.2947,628.5913,634.1709,0.0
2014-07-28,633.4459,634.7634,629.9532,631.8899,0.0
2014-07-29,631.9436,633.155,627.5111,630.2264,0.0
2014-07-30,629.933,632.0259,625.7341,627.1953,0.0
2014-07-31,627.1937,627.1937,620.8398,621.7026,0.0
2014-08-01,621.3291,621.977,616.4014,617.5006,0.0
2014-08-04,617.7204,621.8005,617.0921,620.2314,0.0
2014-08-05,620.1686,620.7648,614.7343,616.0379,0.0
2014-08-06,616.5854,620.9514,616.566,618.2598,0.0
2014-08-07,618.2524,620.4539,616.4465,619.1135,0.0
2014-08-08,619.1911,623.2529,615.5899,617.067,0.0
2014-08-11,617.5593,620.4533,616.4959,618.2003,0.0
2014-08-12,617.9657,618.0027,610.7119,612.0562,0.0
2014-08-13,611.8423,613.5687,608.8811,613.3057,0.0
2014-08-14,613.1746,613.2166,602.1265,602.5462,0.0
2014-08-15,602.7212,607.7006,601.9856,607.453,0.0
2014-08-18,607.3874,607.3874,599.0916,600.3316,0.0
2014-08-19,600.6824,602.6973,598.4285,599.4504,0.0
2014-08-20,599.4288,602.1132,598.9143,601.3213,0.0
2014-08-21,601.2722,604.5949,597.9967,603.7175,0.0
2014-08-22,603.4222,604.9903,601.1963,602.9688,0.0
2014-08-25,601.7449,604.3165,601.0914,603.037,0.0
2014-08-26,603.0198,606.9971,602.8962,604.8125,0.0
2014-08-27,604.8768,606.9185,602.8101,605.5805,0.0
2014-08-28,605.6276,608.6191,604.6153,606.8384,0.0
2014-08-29,606.9565,611.0059,606.9565,610.9172,0.0
2014-09-02,610.3964,610.3964,598.6213,598.8502,0.0
2014-09-03,598.8553,608.409,598.8553,607.3503,0.0
2014-09-04,607.2987,608.8042,602.608,603.2883,0.0
2014-09-05,603.7122,606.0978,598.2247,600.3485,0.0
2014-09-08,600.1049,601.6925,594.3462,597.2049,0.0
2014-09-09,597.8946,599.249,594.4315,594.8657,0.0
2014-09-10,594.9203,596.0773,588.0925,589.2951,0.0
2014-09-11,589.3828,590.2836,583.5078,588.721,0.0
2014-09-12,588.8216,591.7478,584.8511,585.6637,0.0
2014-09-15,584.6858,586.8603,581.556,586.2973,0.0
2014-09-16,586.4224,593.2638,584.7423,592.2037,0.0
2014-09-17,592.1387,593.7911,589.4255,590.8964,0.0
2014-09-18,590.5149,590.5149,583.0548,583.818,0.0
2014-09-19,583.7627,584.8121,580.7177,583.0041,0.0
2014-09-22,582.1047,582.1047,575.2336,577.7667,0.0
2014-09-23,578.4783,581.214,577.1111,578.3023,0.0
2014-09-24,578.2339,582.9348,575.1127,581.5013,0.0
2014-09-25,581.4738,584.2406,578.1691,580.9733,0.0
2014-09-26,581.0234,583.5163,579.474,582.5174,0.0
2014-09-29,581.7006,587.2439,579.885,586.9585,0.0
2014-09-30,586.6761,588.8615,573.221,574.2939,0.0
2014-10-01,574.678,580.5638,571.9934,573.078,0.0
2014-10-02,573.1714,573.7188,562.665,570.0004,0.0
2014-10-03,570.3251,573.6896,563.2632,565.7947,0.0
2014-10-06,565.8752,570.7391,563.9273,570.2171,0.0
2014-10-07,570.0318,571.1564,566.6228,567.1263,0.0
2014-10-08,566.695,566.695,559.4785,561.3252,0.0
2014-10-09,561.89,564.1292,552.8481,555.5072,0.0
2014-10-10,555.0887,555.6893,546.8233,554.2919,0.0
2014-10-13,553.0717,554.7177,547.5404,554.2808,0.0
2014-10-14,554.3324,554.3782,538.2294,539.8402,0.0
2014-10-15,539.5855,540.4571,531.9503,533.563,0.0
2014-10-16,532.4076,545.3304,526.9879,538.5979,0.0
2014-10-17,538.7052,544.8705,537.7704,540.2327,0.0
2014-10-20,540.3072,542.0226,533.5087,537.2357,0.0
2014-10-21,537.3896,542.5527,537.3051,541.0266,0.0
2014-10-22,540.9996,544.7157,534.0607,534.9609,0.0
2014-10-23,534.9415,542.9212,532.0863,541.9306,0.0
2014-10-24,541.026,541.2537,535.257,537.1015,0.0
2014-10-27,536.8776,537.3964,530.445,537.2896,0.0
2014-10-28,537.2383,540.8215,534.8732,540.5528,0.0
2014-10-29,540.8297,549.2886,540.8297,546.7508,0.0
2014-10-30,546.0915,546.4917,540.0156,541.6279,0.0
2014-10-31,541.226,542.2358,533.9196,539.5923,0.0
2014-11-03,539.5063,542.4941,533.7812,535.7802,0.0
2014-11-04,535.696,535.696,524.1816,526.8372,0.0
2014-11-05,526.822,533.6385,521.9879,529.2481,0.0
2014-11-06,529.1827,530.1782,525.2365,529.7134,0.0
2014-11-07,529.1333,535.9528,528.1508,534.103,0.0
2014-11-10,534.521,540.661,528.7972,529.1502,0.0
2014-11-11,529.4499,530.5346,524.2999,530.2274,0.0
2014-11-12,530.5685,531.4591,526.1774,528.1308,0.0
2014-11-13,528.3542,528.3542,513.9823,514.4366,0.0
2014-11-14,514.3493,522.3105,510.2861,520.9717,0.0
2014-11-17,520.9165,521.6561,516.9022,521.446,0.0
2014-11-18,521.446,523.9669,515.4815,517.3593,0.0
2014-11-19,516.8217,521.1253,514.6515,516.4166,0.0
2014-11-20,516.2796,521.9131,514.3244,521.5887,0.0
2014-11-21,522.2849,530.3572,520.2928,525.199,0.0
2014-11-24,525.2994,525.9539,520.9515,521.1446,0.0
2014-11-25,521.0208,524.7117,515.3383,516.6156,0.0
2014-11-26,516.6333,518.6544,513.4093,514.9334,0.0
2014-11-28,513.3093,513.3093,481.0687,482.1124,0.0
2014-12-01,479.1313,494.2051,469.2992,492.9434,0.0
2014-12-02,491.9091,493.614,481.4412,481.9978,0.0
2014-12-03,481.992,484.3597,478.1708,480.0367,0.0
2014-12-04,480.6091,482.6576,475.5228,478.051,0.0
2014-12-05,478.2059,478.2665,472.4751,475.8299,0.0
2014-12-08,475.4824,475.4824,462.9798,463.5904,0.0
2014-12-09,463.7487,468.7283,460.7927,467.8097,0.0
2014-12-10,467.9063,467.9063,454.1985,456.3076,0.0
2014-12-11,456.7255,459.8231,453.3265,454.2156,0.0
2014-12-12,454.2201,454.2201,446.2034,447.693,0.0
2014-12-15,448.2559,452.8995,439.6794,441.534,0.0
2014-12-16,441.3551,441.5001,431.2055,436.5531,0.0
2014-12-17,436.3455,449.212,430.8111,440.3257,0.0
2014-12-18,440.2904,450.7008,432.9024,433.1504,0.0
2014-12-19,433.7228,444.5916,432.3051,440.7062,0.0
2014-12-22,441.6994,445.9535,432.7563,433.2219,0.0
2014-12-23,434.5029,441.4379,432.7183,439.8667,0.0
2014-12-24,439.2713,439.8352,429.7453,431.5971,0.0
2014-12-26,431.7658,434.7759,428.2973,429.1606,0.0
2014-12-29,429.2634,433.2314,422.138,424.1874,0.0
2014-12-30,424.2023,425.9098,419.3345,423.8376,0.0
2014-12-31,423.4304,423.4304,415.0947,418.1225,0.0
2015-01-02,418.1225,421.5643,412.5496,414.9583,0.0
2015-01-05,414.9583,414.9583,403.7641,404.6091,0.0
2015-01-06,404.6091,406.4719,396.1576,397.9523,0.0
2015-01-07,397.9523,400.6534,392.2534,396.6795,0.0
2015-01-08,397.2257,399.517,393.1882,397.101,0.0
2015-01-09,397.6452,399.8982,390.8599,395.0057,0.0
2015-01-12,395.6566,395.6566,384.177,384.7926,0.0
2015-01-13,385.42,385.42,376.6843,381.0193,0.0
2015-01-14,381.5827,390.4144,375.9978,388.9797,0.0
2015-01-15,388.9797,402.4634,382.4152,382.7226,0.0
2015-01-16,382.7225,391.9048,382.7225,391.4441,0.0
2015-01-20,391.444,391.444,380.9016,381.236,0.0
2015-01-21,381.7494,387.8149,381.6186,386.1453,0.0
2015-01-22,385.914,391.8241,380.4945,381.6765,0.0
2015-01-23,381.6765,386.2321,379.0271,379.7409,0.0
2015-01-26,379.7409,382.4897,374.6246,377.6521,0.0
2015-01-27,377.6521,383.3262,375.9088,382.1973,0.0
2015-01-28,382.1973,382.1973,375.8216,376.7316,0.0
2015-01-29,376.6437,377.7366,372.1627,375.0788,0.0
2015-01-30,375.0788,389.8212,373.8951,389.6819,0.0
2015-02-02,389.6819,400.1286,384.5017,396.3375,0.0
2015-02-03,396.3374,416.8109,396.3374,412.6965,0.0
2015-02-04,412.6965,413.0709,393.9659,395.9003,0.0
2015-02-05,395.9003,409.3194,391.0334,404.0587,0.0
2015-02-06,405.3039,414.9925,405.3039,410.414,0.0
2015-02-09,411.664,420.9476,411.5164,417.0896,0.0
2015-02-10,418.3809,418.3809,407.6961,408.5946,0.0
2015-02-11,410.0701,412.2592,401.103,404.2377,0.0
2015-02-12,405.476,418.5619,405.476,416.9822,0.0
2015-02-13,416.9822,426.6644,416.9231,425.9905,0.0
2015-02-17,425.9905,428.5861,418.2061,426.2522,0.0
2015-02-18,426.2522,426.7239,418.7875,420.5657,0.0
2015-02-19,420.5656,421.0841,409.2364,418.3577,0.0
2015-02-20,418.3577,422.4152,415.7293,416.1673,0.0
2015-02-23,416.1673,417.6626,408.567,410.5871,0.0
2015-02-24,410.5871,415.8596,407.4285,410.1862,0.0
2015-02-25,410.1861,418.7706,408.5132,418.4012,0.0
2015-02-26,418.4012,422.4773,410.2917,411.7228,0.0
2015-02-27,411.7168,421.8746,411.7168,421.2419,0.0
2015-03-02,421.2419,421.3834,412.5546,413.0635,0.0
2015-03-03,413.0635,419.3058,412.829,417.2149,0.0
2015-03-04,417.2148,418.2454,411.2209,417.3721,0.0
2015-03-05,417.382,420.8337,413.6257,414.7058,0.0
2015-03-06,415.5948,417.909,409.0564,411.7778,0.0
2015-03-09,412.6581,415.2996,410.2408,410.5796,0.0
2015-03-10,411.3912,412.0169,401.6956,402.9195,0.0
2015-03-11,403.704,406.4825,401.3552,405.5085,0.0
2015-03-12,406.3023,411.2028,402.0002,403.3638,0.0
2015-03-13,403.3637,404.4948,393.0293,393.3518,0.0
2015-03-16,393.3518,393.6229,384.3041,389.7341,0.0
2015-03-17,389.734,390.8275,384.0554,386.9076,0.0
2015-03-18,386.9075,397.1471,383.1626,395.9143,0.0
2015-03-19,395.9143,396.7884,389.1736,392.022,0.0
2015-03-20,392.022,399.7629,389.2787,398.1667,0.0
2015-03-23,398.1667,402.2598,393.9615,401.8157,0.0
2015-03-24,401.8157,405.586,398.8117,400.1744,0.0
2015-03-25,400.1744,406.5497,397.9067,404.7179,0.0
2015-03-26,404.7178,418.6483,404.7178,413.3962,0.0
2015-03-27,413.3961,413.3961,401.2382,402.7149,0.0
2015-03-30,401.8901,403.9618,397.8681,402.4037,0.0
2015-03-31,402.4036,402.4036,396.3894,396.6492,0.0
2015-04-01,396.6491,408.3443,395.3987,406.7056,0.0
2015-04-02,406.7056,407.1508,397.7678,400.9675,0.0
2015-04-06,401.0172,413.7245,401.0172,413.1444,0.0
2015-04-07,413.0497,418.2463,409.4117,417.8683,0.0
2015-04-08,418.6585,418.6585,403.7918,404.0679,0.0
2015-04-09,404.8754,411.4709,404.8754,406.3511,0.0
2015-04-10,407.3191,413.0662,405.8867,412.3651,0.0
2015-04-13,413.3591,419.0461,411.2395,412.7625,0.0
2015-04-14,413.7197,419.9319,413.7197,417.9534,0.0
2015-04-15,419.0216,431.2834,418.793,430.8315,0.0
2015-04-16,431.0808,437.1549,427.6109,434.6675,0.0
2015-04-17,434.6674,436.6315,430.2385,431.7104,0.0
2015-04-20,431.7866,435.36,426.1594,430.815,0.0
2015-04-21,430.815,431.1192,424.743,426.1574,0.0
2015-04-22,425.478,429.0343,422.7338,426.5591,0.0
2015-04-23,426.5591,437.749,424.4969,435.0661,0.0
2015-04-24,435.0661,437.9662,432.7049,435.4213,0.0
2015-04-27,435.4213,437.3084,432.5078,434.0206,0.0
2015-04-28,434.0206,437.6151,430.3993,434.6655,0.0
2015-04-29,434.6106,443.6466,432.0057,440.9021,0.0
2015-04-30,440.902,446.003,439.7604,445.5848,0.0
2015-05-01,445.5848,446.4685,440.0124,443.8279,0.0
2015-05-04,443.8279,445.8812,441.5885,444.0336,0.0
2015-05-05,444.0336,452.8931,442.5363,450.6034,0.0
2015-05-06,450.6034,458.6795,449.514,450.9736,0.0
2015-05-07,451.4567,453.0446,440.6162,441.8489,0.0
2015-05-08,442.3461,446.0099,438.5801,444.312,0.0
2015-05-11,444.7858,446.3102,440.4165,442.2767,0.0
2015-05-12,442.7878,452.4033,442.0935,450.8332,0.0
2015-05-13,451.2805,455.2475,450.3152,451.5235,0.0
2015-05-14,451.5235,454.1239,449.3435,451.8381,0.0
2015-05-15,451.838,452.019,445.0565,450.7582,0.0
2015-05-18,450.7582,455.4325,447.4463,448.7354,0.0
2015-05-19,448.7354,448.7848,437.3288,437.3931,0.0
2015-05-20,437.3931,441.1591,437.2685,440.5905,0.0
2015-05-21,440.5905,449.2818,440.5905,448.0815,0.0
2015-05-22,448.0815,448.4768,441.5751,441.9284,0.0
2015-05-26,441.9284,443.5558,431.4928,432.5913,0.0
2015-05-27,432.5913,436.2037,426.8873,427.2036,0.0
2015-05-28,427.2036,430.2164,424.082,429.1645,0.0
2015-05-29,429.1645,440.3038,429.0944,439.0937,0.0
2015-06-01,439.0936,440.8169,435.4168,438.4762,0.0
2015-06-02,438.4761,444.0386,438.0986,443.4878,0.0
2015-06-03,443.4878,443.4878,435.2851,436.1949,0.0
2015-06-04,436.1948,436.6254,427.9735,428.7623,0.0
2015-06-05,429.1443,433.2866,424.0622,432.8845,0.0
2015-06-08,433.3155,434.2112,431.0803,432.2054,0.0
2015-06-09,432.656,443.4713,432.656,442.5434,0.0
2015-06-10,442.9754,450.373,442.9754,447.2478,0.0
2015-06-11,447.6297,448.3393,441.2897,442.921,0.0
2015-06-12,442.921,442.9714,437.7498,437.9269,0.0
2015-06-15,437.9269,437.9269,431.8599,434.3857,0.0
2015-06-16,434.3856,437.306,433.52,435.7234,0.0
2015-06-17,435.7234,443.3132,432.0079,436.43,0.0
2015-06-18,436.43,441.0512,434.2661,437.4697,0.0
2015-06-19,437.4696,437.5116,428.9256,431.5521,0.0
2015-06-22,431.552,434.0998,427.9694,433.1497,0.0
2015-06-23,433.1497,439.8989,431.6985,438.791,0.0
2015-06-24,438.7909,441.2115,433.8857,435.1605,0.0
2015-06-25,435.1605,436.0037,431.8283,434.1638,0.0
2015-06-26,434.1638,437.068,432.4048,435.741,0.0
2015-06-29,435.9776,435.9776,428.6132,431.6088,0.0
2015-06-30,431.6088,441.6386,430.1778,440.6926,0.0
2015-07-01,440.6926,440.6926,431.5799,432.6357,0.0
2015-07-02,432.6357,438.164,432.5976,433.8088,0.0
2015-07-06,433.6462,433.6462,412.0443,412.5095,0.0
2015-07-07,412.5094,414.9251,401.9831,409.2895,0.0
2015-07-08,408.9542,413.9514,405.7982,409.3559,0.0
2015-07-09,409.4804,418.4398,409.4804,415.4542,0.0
2015-07-10,415.3948,419.4393,412.4982,415.4817,0.0
2015-07-13,415.417,417.3553,408.3744,413.6596,0.0
2015-07-14,413.6694,416.1152,408.055,414.7912,0.0
2015-07-15,414.7912,416.0657,407.1732,407.8479,0.0
2015-07-16,407.8479,410.9045,405.8137,406.1479,0.0
2015-07-17,406.1479,406.5312,401.6478,404.7307,0.0
2015-07-20,404.4151,404.7968,399.1968,400.1103,0.0
2015-07-21,400.1102,403.7362,398.9751,400.8619,0.0
2015-07-22,400.8619,400.8619,394.8962,395.3517,0.0
2015-07-23,395.3517,397.0097,390.2277,391.0101,0.0
2015-07-24,391.0101,391.7007,385.7392,386.6411,0.0
2015-07-27,386.6411,386.6411,379.9706,380.6566,0.0
2015-07-28,380.6566,385.7526,377.064,383.5371,0.0
2015-07-29,383.5371,387.9134,380.1859,384.7555,0.0
2015-07-30,384.7674,387.907,382.8176,383.6512,0.0
2015-07-31,383.6512,384.7992,377.19,378.3843,0.0
2015-08-03,378.3843,378.3843,368.4629,368.6767,0.0
2015-08-04,368.6766,373.3093,368.6766,371.3299,0.0
2015-08-05,371.3298,375.2223,367.4152,369.3241,0.0
2015-08-06,369.324,369.4059,365.6206,367.4255,0.0
2015-08-07,367.6243,369.7441,364.9439,365.4186,0.0
2015-08-10,365.6889,375.1364,365.0597,375.0413,0.0
2015-08-11,375.316,376.8801,365.619,367.051,0.0
2015-08-12,367.3411,371.6564,365.3817,367.8911,0.0
2015-08-13,368.0944,370.8206,364.0957,365.6709,0.0
2015-08-14,365.6709,366.9375,363.772,365.0184,0.0
2015-08-17,365.0184,365.0344,361.7871,362.4,0.0
2015-08-18,362.3916,363.0244,359.396,362.2699,0.0
2015-08-19,362.2699,363.3344,353.2543,354.7857,0.0
2015-08-20,354.7857,357.4408,351.4499,355.1996,0.0
2015-08-21,355.1995,355.1995,346.0414,348.1086,0.0
2015-08-24,348.1086,348.1086,334.322,336.8843,0.0
2015-08-25,336.8843,344.9191,336.8843,339.7486,0.0
2015-08-26,339.7486,340.6562,335.0911,335.507,0.0
2015-08-27,335.507,353.8374,335.507,353.6202,0.0
2015-08-28,353.6202,368.8102,351.1325,365.6513,0.0
2015-08-31,365.6389,381.1822,357.6633,380.848,0.0
2015-09-01,380.848,380.848,363.0571,364.1357,0.0
2015-09-02,362.4133,368.7482,355.703,366.6423,0.0
2015-09-03,366.6423,376.6319,365.0867,369.6658,0.0
2015-09-04,369.6657,370.691,363.9021,364.873,0.0
2015-09-08,365.3586,368.0193,358.1986,366.926,0.0
2015-09-09,367.5182,369.4253,359.7149,359.9198,0.0
2015-09-10,360.4797,366.9847,357.2666,366.6428,0.0
2015-09-11,367.1542,367.3062,358.7747,363.4742,0.0
2015-09-14,364.1331,365.3587,358.4384,359.6135,0.0
2015-09-15,359.6135,361.3527,358.8023,360.4379,0.0
2015-09-16,360.4569,370.564,360.4569,368.3738,0.0
2015-09-17,368.3738,369.5678,363.3597,365.7614,0.0
2015-09-18,365.7614,368.502,356.4915,357.5946,0.0
2015-09-21,357.5813,364.6302,357.1542,364.5834,0.0
2015-09-22,364.5834,364.5834,357.678,362.2761,0.0
2015-09-23,362.2761,367.652,356.9532,357.2586,0.0
2015-09-24,357.9588,359.1736,354.1561,358.3102,0.0
2015-09-25,358.3102,363.9981,358.2846,362.0137,0.0
2015-09-28,362.1709,362.3012,355.3358,355.6992,0.0
2015-09-29,355.6992,360.5544,355.1868,358.6688,0.0
2015-09-30,358.6688,362.8102,356.901,359.3369,0.0
2015-10-01,359.915,366.8612,356.3279,356.7047,0.0
2015-10-02,356.7047,359.8149,352.7215,358.2474,0.0
2015-10-05,358.2474,365.9016,358.2474,363.648,0.0
2015-10-06,363.648,374.6621,361.2758,374.6524,0.0
2015-10-07,375.2063,380.6858,372.2983,372.5723,0.0
2015-10-08,373.1983,379.8344,371.9704,378.0004,0.0
2015-10-09,378.6583,386.118,377.9874,379.5216,0.0
2015-10-12,380.1702,383.4085,370.1019,370.2623,0.0
2015-10-13,371.5888,374.1009,367.8554,368.5896,0.0
2015-10-14,368.5896,370.0994,365.9124,368.1917,0.0
2015-10-15,368.1917,368.9225,362.6929,366.5813,0.0
2015-10-16,367.5305,370.1242,364.1413,369.2053,0.0
2015-10-19,368.4444,368.9207,361.4507,361.6075,0.0
2015-10-20,361.6075,364.7292,360.2643,362.7341,0.0
2015-10-21,362.7341,362.7341,357.091,359.1479,0.0
2015-10-22,359.4591,363.7894,358.4455,359.9578,0.0
2015-10-23,359.9804,362.6278,355.6435,357.0905,0.0
2015-10-26,354.6495,354.6571,354.1709,354.2136,0.0
2015-10-27,351.2399,351.7111,351.1051,351.2723,0.0
2015-10-28,351.2399,361.9301,350.307,361.5774,0.0
2015-10-29,361.5774,363.7286,357.7961,360.4427,0.0
2015-10-30,360.4427,365.1374,358.3456,363.4441,0.0
2015-11-02,363.4441,363.5187,359.1134,360.5356,0.0
2015-11-03,360.5355,369.7103,359.7061,368.1716,0.0
2015-11-04,368.1716,370.3356,359.733,360.0661,0.0
2015-11-05,360.0661,361.3458,355.3042,355.4139,0.0
2015-11-06,356.5142,358.7934,352.3927,353.6779,0.0
2015-11-09,354.7918,358.4205,350.5847,350.9773,0.0
2015-11-10,352.1714,354.9135,350.4658,351.537,0.0
2015-11-11,352.627,354.3923,347.2268,348.067,0.0
2015-11-12,349.2131,351.0886,343.4428,343.682,0.0
2015-11-13,343.682,346.2405,338.0284,339.4793,0.0
2015-11-16,339.4793,342.4374,333.9307,339.2868,0.0
2015-11-17,339.2868,341.2485,335.5423,335.889,0.0
2015-11-18,336.527,340.0559,334.0441,337.0207,0.0
2015-11-19,337.0207,339.5872,334.9891,337.4616,0.0
2015-11-20,337.4616,341.045,336.5208,337.7184,0.0
2015-11-23,337.7184,341.5475,331.4841,338.7375,0.0
2015-11-24,338.7375,345.851,338.7375,343.3872,0.0
2015-11-25,343.3871,344.7864,338.496,343.7227,0.0
2015-11-27,343.7227,343.7227,337.1878,337.2942,0.0
2015-11-30,337.2942,340.9691,335.802,336.1496,0.0
2015-12-01,336.1496,339.1603,334.1905,337.6981,0.0
2015-12-02,337.6981,337.6981,328.0434,328.3091,0.0
2015-12-03,328.3091,336.8115,328.2169,333.439,0.0
2015-12-04,333.439,337.8619,328.9708,331.3569,0.0
2015-12-07,332.1878,332.1878,319.7532,320.0561,0.0
2015-12-08,320.9914,323.394,316.0257,318.9979,0.0
2015-12-09,319.8936,325.6899,316.3605,319.067,0.0
2015-12-10,319.9817,322.1405,317.8614,319.5453,0.0
2015-12-11,320.5104,320.8385,312.9293,313.9194,0.0
2015-12-14,313.9193,314.4073,306.9668,312.3952,0.0
2015-12-15,312.3952,318.26,310.6095,314.2444,0.0
2015-12-16,314.2444,314.5102,306.9594,307.7379,0.0
2015-12-17,307.7379,309.0497,304.2046,305.491,0.0
2015-12-18,305.491,311.3767,303.7737,307.3863,0.0
2015-12-21,307.3863,307.9249,303.5347,305.9356,0.0
2015-12-22,305.9356,307.5703,304.7145,305.0127,0.0
2015-12-23,305.0127,312.6578,305.0127,311.729,0.0
2015-12-24,311.729,314.7348,311.0473,314.0067,0.0
2015-12-28,314.0067,314.1407,308.8965,309.4641,0.0
2015-12-29,309.464,315.767,308.8674,315.2288,0.0
2015-12-30,315.2288,315.2288,308.7031,309.116,0.0
2015-12-31,309.116,315.2805,307.7734,311.6524,0.0
2016-01-04,313.0684,317.5166,307.5301,309.638,0.0
2016-01-05,309.638,311.2861,306.6024,307.1594,0.0
2016-01-06,307.1594,308.0983,297.4489,297.9527,0.0
2016-01-07,297.9527,300.0024,289.7369,295.708,0.0
2016-01-08,296.7605,300.1921,293.5986,295.5682,0.0
2016-01-11,296.6208,296.6208,286.0333,287.6189,0.0
2016-01-12,288.6218,291.6982,282.7304,284.7576,0.0
2016-01-13,285.741,290.4723,283.5445,284.6477,0.0
2016-01-14,285.62,288.3708,283.9377,287.0227,0.0
2016-01-15,287.0227,287.0227,278.1823,279.1693,0.0
2016-01-19,279.1693,284.7555,277.4244,277.8981,0.0
2016-01-20,277.8981,277.8981,268.4058,271.806,0.0
2016-01-21,271.806,281.3142,269.719,278.0414,0.0
2016-01-22,278.0414,290.7259,278.0414,290.2003,0.0
2016-01-25,290.2003,292.7447,282.6196,283.1458,0.0
2016-01-26,283.1458,292.2255,278.3026,288.8254,0.0
2016-01-27,288.8254,295.4493,284.5581,293.4082,0.0
2016-01-28,293.4082,304.0319,291.2393,296.2633,0.0
2016-01-29,296.2633,301.9034,295.8732,300.6679,0.0
2016-02-01,300.668,300.668,291.3168,292.9208,0.0
2016-02-02,292.9208,292.9208,283.8557,285.539,0.0
2016-02-03,285.539,295.8435,283.588,295.3005,0.0
2016-02-04,295.3005,300.8433,293.0296,293.7004,0.0
2016-02-05,295.2911,297.9052,290.7737,291.6371,0.0
2016-02-08,293.2936,295.9532,288.6916,288.8855,0.0
2016-02-09,290.5566,292.7433,280.2403,280.6136,0.0
2016-02-10,282.2379,287.8277,281.3871,282.2881,0.0
2016-02-11,284.0496,286.2879,281.3795,281.7048,0.0
2016-02-12,281.7048,295.2734,281.7048,294.9782,0.0
2016-02-16,294.9782,303.0572,289.7136,290.9748,0.0
2016-02-17,290.9748,301.5764,289.6501,300.4153,0.0
2016-02-18,300.4153,304.9321,298.622,299.1719,0.0
2016-02-19,299.1719,299.8403,292.2312,293.7318,0.0
2016-02-22,293.7318,302.4049,293.7318,300.7004,0.0
2016-02-23,300.7004,301.7656,293.1161,294.4606,0.0
2016-02-24,294.4606,299.1542,290.0962,297.8511,0.0
2016-02-25,297.8511,302.1198,293.2417,300.7,0.0
2016-02-26,300.7,307.9799,299.1508,300.0019,0.0
2016-02-29,300.0019,304.3011,297.8763,303.6298,0.0
2016-03-01,303.6298,306.4452,300.868,304.7254,0.0
2016-03-02,304.7254,308.4381,302.3794,306.3862,0.0
2016-03-03,306.3862,308.8126,304.2902,307.1584,0.0
2016-03-04,307.1584,314.8998,306.7288,314.6847,0.0
2016-03-07,315.7687,325.3113,315.7687,324.2092,0.0
2016-03-08,325.3151,327.7264,319.8971,320.5834,0.0
2016-03-09,321.6507,329.0131,320.8312,328.7305,0.0
2016-03-10,329.6906,329.6906,324.6774,327.398,0.0
2016-03-11,328.3044,333.3084,328.3044,331.4096,0.0
2016-03-14,331.4096,331.8579,324.1318,327.1337,0.0
2016-03-15,327.1337,327.8371,321.886,323.8336,0.0
2016-03-16,323.8336,331.5794,323.8336,330.6971,0.0
2016-03-17,330.6971,337.8768,330.6971,337.8768,0.0
2016-03-18,337.8768,340.792,334.861,335.3031,0.0
2016-03-21,335.3031,337.6894,331.941,336.1453,0.0
2016-03-22,336.1453,338.36,334.0037,337.5255,0.0
2016-03-23,337.5255,337.5255,329.0305,329.3739,0.0
2016-03-24,329.3739,329.4147,323.1611,327.907,0.0
2016-03-28,327.907,330.0847,325.5524,327.8384,0.0
2016-03-29,327.8384,328.1358,322.0109,324.2058,0.0
2016-03-30,324.2058,330.1608,322.8231,323.3024,0.0
2016-03-31,323.3024,326.4361,320.2985,323.4185,0.0
2016-04-01,323.3931,323.6707,315.2849,316.4048,0.0
2016-04-04,316.4048,318.0363,310.9838,311.3678,0.0
2016-04-05,311.3678,311.4329,309.0974,310.4056,0.0
2016-04-06,310.4056,318.4425,310.4056,317.5926,0.0
2016-04-07,318.4088,320.6037,313.8462,316.2252,0.0
2016-04-08,317.0123,329.1741,317.0123,329.0248,0.0
2016-04-11,329.8054,333.3011,327.2745,331.9992,0.0
2016-04-12,332.8414,341.8619,331.8221,341.5834,0.0
2016-04-13,342.3541,344.7188,339.3325,341.9822,0.0
2016-04-14,341.9822,343.2805,337.8774,339.6728,0.0
2016-04-15,339.6728,340.3528,332.7789,336.2497,0.0
2016-04-18,336.2497,338.1504,326.9715,335.8521,0.0
2016-04-19,335.8521,344.743,334.5769,343.5662,0.0
2016-04-20,343.5662,352.6912,338.736,352.4818,0.0
2016-04-21,352.4818,355.6926,347.1536,348.3323,0.0
2016-04-22,348.3323,353.4753,346.8023,347.9833,0.0
2016-04-25,347.9833,349.7606,343.4498,345.233,0.0
2016-04-26,345.6882,352.0506,343.8978,351.6755,0.0
2016-04-27,351.6755,356.9286,349.7867,356.0933,0.0
2016-04-28,356.0934,359.98,354.5399,359.5602,0.0
2016-04-29,359.5602,363.4704,357.87,360.407,0.0
2016-05-02,360.407,360.407,354.0415,355.1299,0.0
2016-05-03,355.1299,357.3329,346.9194,348.3384,0.0
2016-05-04,348.3384,353.3126,345.5307,347.7131,0.0
2016-05-05,347.7131,356.5751,346.397,347.8143,0.0
2016-05-06,348.3331,353.6876,345.0733,350.6179,0.0
2016-05-09,351.1495,354.6828,342.39,342.8921,0.0
2016-05-10,343.3915,352.012,342.2777,351.7183,0.0
2016-05-11,352.2308,361.4952,350.4062,361.1458,0.0
2016-05-12,361.6428,364.1971,357.8792,362.917,0.0
2016-05-13,362.917,362.917,359.0147,361.7193,0.0
2016-05-16,361.7193,368.7876,361.3259,367.6645,0.0
2016-05-17,367.6645,371.499,366.5185,370.7639,0.0
2016-05-18,370.7639,373.2599,368.0971,369.9759,0.0
2016-05-19,369.9759,369.9759,361.4676,366.954,0.0
2016-05-20,366.954,369.9986,364.9863,367.3041,0.0
2016-05-23,367.3041,367.3041,362.1519,364.8938,0.0
2016-05-24,364.8938,368.7369,362.4996,366.1177,0.0
2016-05-25,366.1177,371.3086,366.1177,370.6848,0.0
2016-05-26,370.6848,374.2772,368.8423,371.5996,0.0
2016-05-27,371.5996,372.4376,368.2942,371.8813,0.0
2016-05-31,371.8813,374.9962,369.744,370.9456,0.0
2016-06-01,370.9456,372.64,365.3148,371.6658,0.0
2016-06-02,371.6658,375.9033,368.5711,374.5462,0.0
2016-06-03,374.5462,376.2608,372.6539,374.021,0.0
2016-06-06,374.021,380.5791,374.021,378.7733,0.0
2016-06-07,379.2076,382.6275,378.1331,382.3739,0.0
2016-06-08,382.8993,389.8464,382.7951,389.8253,0.0
2016-06-09,390.3691,392.2399,385.4948,387.7624,0.0
2016-06-10,388.355,388.4664,380.6975,381.264,0.0
2016-06-13,381.8899,383.4044,379.2834,381.3,0.0
2016-06-14,381.3,381.3,376.3847,379.1561,0.0
2016-06-15,379.1561,379.7044,375.2346,376.1724,0.0
2016-06-16,376.1724,376.1724,366.8225,367.8065,0.0
2016-06-17,367.8065,377.4243,367.7348,376.8463,0.0
2016-06-20,376.8463,383.043,376.7794,382.8874,0.0
2016-06-21,382.9007,382.9007,376.181,380.1584,0.0
2016-06-22,380.1584,383.0992,374.7225,377.0274,0.0
2016-06-23,377.0274,381.0069,376.4948,380.7176,0.0
2016-06-24,380.7176,380.7176,365.7538,369.2264,0.0
2016-06-27,369.2264,371.9696,362.4692,364.0715,0.0
2016-06-28,364.0715,372.7639,364.0715,372.1003,0.0
2016-06-29,372.1003,380.818,372.1003,380.3304,0.0
2016-06-30,380.3304,380.3304,373.6849,374.0323,0.0
2016-07-01,374.0323,376.9073,371.9223,376.4418,0.0
2016-07-05,376.4418,376.4418,362.6884,364.3136,0.0
2016-07-06,364.3136,366.8246,359.4891,365.9633,0.0
2016-07-07,365.9633,370.6514,354.1645,355.2742,0.0
2016-07-08,355.5745,359.3467,354.9484,358.0367,0.0
2016-07-11,358.3497,361.4402,355.2923,355.9115,0.0
2016-07-12,356.2131,365.8187,355.5224,365.5357,0.0
2016-07-13,365.7851,366.4701,357.3438,358.09,0.0
2016-07-14,358.2886,363.9486,358.2886,362.2525,0.0
2016-07-15,362.2525,364.8579,359.7076,361.1228,0.0
2016-07-18,361.1228,362.2193,355.5416,358.4307,0.0
2016-07-19,358.4307,360.5936,355.2103,355.3385,0.0
2016-07-20,355.3385,357.0602,350.8138,354.9893,0.0
2016-07-21,354.9893,356.7924,350.4982,350.8886,0.0
2016-07-22,350.8886,351.551,346.259,349.0322,0.0
2016-07-25,349.0322,349.8711,344.0963,345.149,0.0
2016-07-26,345.149,345.6138,341.5856,344.3502,0.0
2016-07-27,344.3502,345.7618,338.5958,339.4046,0.0
2016-07-28,339.4046,341.1822,336.3534,336.681,0.0
2016-07-29,336.681,339.7816,333.2505,339.3952,0.0
2016-08-01,339.3952,340.6204,331.6643,332.4301,0.0
2016-08-02,332.4301,337.4165,329.4018,330.8527,0.0
2016-08-03,330.8527,337.9022,330.0139,336.8074,0.0
2016-08-04,336.8074,341.4001,334.4309,340.6718,0.0
2016-08-05,341.2671,342.942,339.0177,342.0263,0.0
2016-08-08,342.5733,348.4344,342.5733,346.9429,0.0
2016-08-09,347.4917,348.8743,344.6231,345.2763,0.0
2016-08-10,345.8579,349.3878,340.9455,341.6328,0.0
2016-08-11,342.2544,351.5945,339.7818,349.7069,0.0
2016-08-12,349.7069,353.6895,348.0271,353.1175,0.0
2016-08-15,353.1175,360.0661,353.0453,359.6467,0.0
2016-08-16,359.6467,363.6656,358.2551,363.1522,0.0
2016-08-17,363.1522,365.4017,360.2651,365.0781,0.0
2016-08-18,365.0781,371.4356,364.3043,370.7658,0.0
2016-08-19,370.7658,372.0104,367.8639,370.4368,0.0
2016-08-22,370.4368,370.4368,364.0245,364.4031,0.0
2016-08-23,364.4031,368.1751,360.8884,367.0327,0.0
2016-08-24,367.0327,367.0327,360.224,361.5161,0.0
2016-08-25,361.5161,363.4622,359.618,363.1474,0.0
2016-08-26,363.1474,368.2564,360.7113,363.0742,0.0
2016-08-29,363.0742,363.0742,358.2413,359.1407,0.0
2016-08-30,359.1408,361.1843,354.8104,355.7208,0.0
2016-08-31,355.7208,355.8894,347.3998,348.2078,0.0
2016-09-01,348.2078,349.9163,341.2348,341.8668,0.0
2016-09-02,341.8668,348.4443,341.8668,347.1834,0.0
2016-09-06,347.1834,351.134,344.2455,348.1937,0.0
2016-09-07,348.1937,352.5424,347.8443,352.1809,0.0
2016-09-08,352.6608,362.4244,352.6608,361.9946,0.0
2016-09-09,362.4394,362.4394,354.5042,354.7663,0.0
2016-09-12,355.2243,358.2573,350.1946,356.8136,0.0
2016-09-13,357.1614,357.1614,350.1271,350.5953,0.0
2016-09-14,350.9329,352.7766,346.0746,346.4749,0.0
2016-09-15,346.4749,350.8535,345.5911,349.4894,0.0
2016-09-16,349.4894,349.4894,344.818,348.097,0.0
2016-09-19,348.097,352.7514,348.097,348.9582,0.0
2016-09-20,348.9582,351.3461,345.697,350.1887,0.0
2016-09-21,350.1887,355.6762,350.1887,354.9034,0.0
2016-09-22,354.9034,360.6166,354.9034,358.8885,0.0
2016-09-23,358.8885,359.8713,350.1582,351.5254,0.0
2016-09-26,351.5254,357.9338,350.1638,356.4594,0.0
2016-09-27,356.4594,356.4594,348.6112,350.3949,0.0
2016-09-28,350.3949,361.3513,348.9761,360.2212,0.0
2016-09-29,360.2212,365.8137,359.3794,363.3261,0.0
2016-09-30,363.3261,365.1122,359.6937,364.4711,0.0
2016-10-03,364.4711,367.5649,361.7016,366.8122,0.0
2016-10-04,366.8122,368.7663,364.4739,367.416,0.0
2016-10-05,367.416,372.2161,367.416,371.7398,0.0
2016-10-06,371.7399,373.4106,368.8663,372.8487,0.0
2016-10-07,373.4121,374.9098,370.0186,371.8091,0.0
2016-10-10,372.3756,380.2728,370.349,378.3406,0.0
2016-10-11,378.8926,379.1202,373.9728,375.6259,0.0
2016-10-12,376.172,377.6572,372.3952,372.7581,0.0
2016-10-13,373.3519,376.1446,370.7298,375.8055,0.0
2016-10-14,375.8055,378.6183,374.157,375.6256,0.0
2016-10-17,375.6256,377.0721,372.0235,374.6177,0.0
2016-10-18,374.6177,377.3356,373.9056,375.5601,0.0
2016-10-19,375.5601,381.102,375.5601,379.4907,0.0
2016-10-20,379.4907,379.6158,372.8602,374.0859,0.0
2016-10-21,374.0859,376.3642,372.6655,375.7823,0.0
2016-10-24,375.7823,377.193,371.3857,374.9516,0.0
2016-10-25,374.9516,377.4533,372.3105,373.1124,0.0
2016-10-26,373.1124,373.5541,368.6845,370.4695,0.0
2016-10-27,370.4695,374.9677,370.2192,373.7386,0.0
2016-10-28,373.7386,374.2469,368.8987,370.0137,0.0
2016-10-31,370.0137,370.2457,361.086,361.623,0.0
2016-11-01,361.623,366.5713,359.0228,360.6041,0.0
2016-11-02,360.6041,360.6041,353.0927,354.9023,0.0
2016-11-03,354.9023,356.8248,351.2368,352.2894,0.0
2016-11-04,352.2894,352.9593,346.9992,349.0992,0.0
2016-11-07,350.2438,354.0855,349.8731,352.9209,0.0
2016-11-08,354.0903,356.4326,351.8956,354.6484,0.0
2016-11-09,355.8932,359.9242,348.372,356.546,0.0
2016-11-10,357.7792,361.9096,355.4072,356.2386,0.0
2016-11-11,357.4875,358.6013,349.7773,351.1986,0.0
2016-11-14,351.1986,352.6534,346.2047,349.766,0.0
2016-11-15,349.766,359.9633,349.766,359.3576,0.0
2016-11-16,359.3576,361.0638,355.8903,357.5569,0.0
2016-11-17,357.5569,362.1974,356.2985,357.9671,0.0
2016-11-18,357.9671,360.1652,354.4251,359.7137,0.0
2016-11-21,359.7137,371.5212,359.7137,370.5452,0.0
2016-11-22,370.5452,375.5192,367.6974,370.9846,0.0
2016-11-23,370.9846,372.6261,367.4737,371.2393,0.0
2016-11-25,371.2393,371.9306,364.3419,365.1407,0.0
2016-11-28,365.1407,372.585,363.1823,370.4019,0.0
2016-11-29,370.4019,370.4019,358.8669,359.9978,0.0
2016-11-30,359.9978,379.3302,359.9978,377.2212,0.0
2016-12-01,377.2212,387.5377,376.2132,384.7689,0.0
2016-12-02,384.7689,386.583,380.4799,386.3882,0.0
2016-12-05,386.3882,391.3538,384.27,390.1755,0.0
2016-12-06,390.1755,390.1755,384.5111,387.1198,0.0
2016-12-07,387.7909,389.5464,383.2729,383.4241,0.0
2016-12-08,384.1603,387.2343,382.7864,387.0053,0.0
2016-12-09,387.6637,390.8567,387.6637,390.8428,0.0
2016-12-12,391.4809,401.9152,391.4809,396.3951,0.0
2016-12-13,397.0226,400.0349,394.5657,396.8989,0.0
2016-12-14,396.8989,397.2958,390.3111,391.1406,0.0
2016-12-15,391.1406,392.0617,386.0198,389.2454,0.0
2016-12-16,389.2454,394.0792,387.4085,393.4646,0.0
2016-12-19,393.4647,395.6492,390.4745,392.0844,0.0
2016-12-20,392.0844,394.4493,390.8436,392.325,0.0
2016-12-21,392.325,394.6781,389.8997,390.6964,0.0
2016-12-22,390.6964,393.2412,387.8335,391.9536,0.0
2016-12-23,391.9536,392.9593,388.9412,391.8889,0.0
2016-12-27,391.8889,399.0281,391.8889,397.914,0.0
2016-12-28,397.9251,400.3428,396.6475,398.5157,0.0
2016-12-29,398.4815,400.3231,397.7454,398.9313,0.0
2016-12-30,398.9306,399.983,397.0701,398.2039,0.0
2017-01-02,398.9306,399.983,397.0701,398.2027,0.0
2017-01-03,398.9272,403.7972,390.1314,391.3427,0.0
2017-01-04,391.3427,396.3693,390.5183,395.8524,0.0
2017-01-05,395.8524,400.25,394.3199,397.9111,0.0
2017-01-06,397.9123,400.1288,395.3629,398.1776,0.0
2017-01-08,397.9123,400.1288,395.3629,398.2582,0.0
2017-01-09,398.2403,398.7283,389.9949,391.3951,0.0
2017-01-10,391.3947,393.5844,388.8822,389.0093,0.0
2017-01-11,389.8194,396.6635,388.8276,394.6401,0.0
2017-01-12,395.2846,401.8477,395.2439,400.6808,0.0
2017-01-13,401.3166,402.046,398.3438,399.853,0.0
2017-01-17,399.853,405.618,399.5544,400.9086,0.0
2017-01-18,400.9086,402.2613,394.4092,395.1731,0.0
2017-01-19,395.1731,397.5926,393.9771,394.9597,0.0
2017-01-20,394.9597,401.3104,394.3286,399.4118,0.0
2017-01-23,399.4118,400.4265,396.2982,398.7683,0.0
2017-01-24,398.7683,401.9957,398.7683,400.1687,0.0
2017-01-25,400.1687,400.5786,396.4808,397.9268,0.0
2017-01-26,397.9268,402.9879,397.9268,400.6841,0.0
2017-01-27,400.6841,400.7999,394.938,397.469,0.0
2017-01-30,397.469,397.8009,392.8582,393.5065,0.0
2017-01-31,393.5065,398.7658,392.4958,395.8302,0.0
2017-02-01,395.8302,401.7751,394.8955,401.7024,0.0
2017-02-02,401.7024,404.1631,399.476,400.3532,0.0
2017-02-03,400.3532,402.2568,398.2781,400.3779,0.0
2017-02-06,400.3779,402.1881,396.5461,396.761,0.0
2017-02-07,397.9572,398.6731,393.9101,395.5037,0.0
2017-02-08,396.6768,400.1153,394.1169,398.7772,0.0
2017-02-09,399.9003,403.1795,399.9003,401.757,0.0
2017-02-10,402.8358,408.6803,402.5282,407.8333,0.0
2017-02-13,408.9424,409.1227,403.279,403.7795,0.0
2017-02-14,403.7795,407.1611,403.42,405.1003,0.0
2017-02-15,405.1002,406.9658,403.2771,405.4751,0.0
2017-02-16,405.4751,406.9357,402.4696,403.7078,0.0
2017-02-17,403.7078,404.0364,400.6466,403.0254,0.0
2017-02-21,403.0254,407.9501,402.9626,404.5119,0.0
2017-02-22,404.5119,405.6149,400.9665,401.5777,0.0
2017-02-23,401.5777,407.2759,401.5777,403.7389,0.0
2017-02-24,403.7389,404.2497,401.1046,401.8312,0.0
2017-02-27,401.8312,404.2594,400.8337,401.0648,0.0
2017-02-28,401.0648,402.3207,398.4343,402.2199,0.0
2017-03-01,402.2199,405.3113,401.5068,403.2331,0.0
2017-03-02,403.2331,403.2331,395.8316,396.1177,0.0
2017-03-03,396.1176,398.8384,395.8755,398.5617,0.0
2017-03-06,398.5616,401.0182,396.7311,398.7814,0.0
2017-03-07,399.2285,400.9612,397.1478,397.4435,0.0
2017-03-08,397.8716,397.8716,386.9886,387.6655,0.0
2017-03-09,388.0748,389.5308,379.9847,382.6021,0.0
2017-03-10,382.9967,386.7714,379.3326,380.0577,0.0
2017-03-13,380.4278,381.8374,378.7441,380.157,0.0
2017-03-14,380.157,381.4752,374.8492,377.2074,0.0
2017-03-15,377.2074,382.8771,377.2036,381.8932,0.0
2017-03-16,381.8932,386.2617,381.5382,382.2588,0.0
2017-03-17,382.2588,384.2627,381.4123,383.1182,0.0
2017-03-20,383.1182,384.1391,380.2401,382.1577,0.0
2017-03-21,382.1577,384.2395,378.4252,379.4072,0.0
2017-03-22,379.4072,379.7161,374.562,378.2215,0.0
2017-03-23,378.2215,380.0979,376.0792,377.4397,0.0
2017-03-24,377.4397,379.0829,376.9702,378.1291,0.0
2017-03-27,378.1291,379.5731,373.873,376.7111,0.0
2017-03-28,376.7111,381.931,376.7111,380.0385,0.0
2017-03-29,380.0385,384.8147,379.9776,384.8147,0.0
2017-03-30,384.8147,388.1942,383.0713,387.1602,0.0
2017-03-31,387.1601,389.0685,384.7409,388.2245,0.0
2017-04-03,388.2245,390.0733,385.2976,385.5981,0.0
2017-04-04,385.5981,389.9349,384.1736,389.4127,0.0
2017-04-05,389.4127,394.0864,389.4127,390.7051,0.0
2017-04-06,390.7051,393.3558,389.5051,392.84,0.0
2017-04-07,393.4398,398.7784,391.882,395.1998,0.0
2017-04-10,395.7798,398.9131,395.6096,398.8447,0.0
2017-04-11,399.4474,400.7492,397.1091,400.6285,0.0
2017-04-12,401.2487,403.0416,398.8868,400.0584,0.0
2017-04-13,400.7024,402.5355,399.8526,401.5849,0.0
2017-04-17,401.5849,401.5849,399.0812,399.3124,0.0
2017-04-18,399.3124,399.7543,394.8997,396.5438,0.0
2017-04-19,396.5438,398.0764,387.6939,388.826,0.0
2017-04-20,388.826,391.6086,387.3444,387.6963,0.0
2017-04-21,387.6963,388.7225,381.5514,383.0313,0.0
2017-04-24,383.0313,385.9769,380.1713,381.2374,0.0
2017-04-25,381.2374,384.3001,379.6715,383.5655,0.0
2017-04-26,383.5655,386.2092,381.113,383.2932,0.0
2017-04-27,383.2932,383.2932,377.162,380.3774,0.0
2017-04-28,380.3774,384.2143,380.2281,382.7658,0.0
2017-05-01,382.7658,383.3064,380.4572,381.6419,0.0
2017-05-02,381.6419,384.6589,377.1395,378.1374,0.0
2017-05-03,378.1374,380.0437,376.2803,378.7984,0.0
2017-05-04,378.7984,378.7984,367.0148,367.8158,0.0
2017-05-05,368.0177,373.2601,361.2262,371.3916,0.0
2017-05-08,371.3903,374.2635,367.9976,371.101,0.0
2017-05-09,371.3653,373.4619,367.9763,368.8762,0.0
2017-05-10,369.1399,376.9877,369.1399,375.5445,0.0
2017-05-11,375.79,379.7936,375.7774,378.2908,0.0
2017-05-12,378.2908,380.0947,377.4781,379.4957,0.0
2017-05-15,379.4956,387.2116,378.9767,382.6323,0.0
2017-05-16,382.6323,384.4952,381.3002,381.7681,0.0
2017-05-17,381.7681,386.126,379.1919,384.3497,0.0
2017-05-18,384.3497,385.2097,378.2165,384.1071,0.0
2017-05-19,384.1071,391.2912,384.0192,391.0425,0.0
2017-05-22,391.0425,394.9437,391.0425,393.6728,0.0
2017-05-23,393.6728,394.0836,390.6536,393.0433,0.0
2017-05-24,393.0433,394.8813,390.3584,391.9235,0.0
2017-05-25,391.9235,394.9317,381.8026,383.1072,0.0
2017-05-26,383.1071,385.7232,379.4861,385.5037,0.0
2017-05-30,385.5037,385.9172,380.3868,382.8646,0.0
2017-05-31,382.8646,383.6581,375.6058,377.8538,0.0
2017-06-01,377.8538,380.9227,376.1698,377.3587,0.0
2017-06-02,377.3587,377.3587,369.9997,374.34,0.0
2017-06-05,374.34,377.687,370.4935,371.7249,0.0
2017-06-06,371.7249,375.0381,370.136,374.5466,0.0
2017-06-07,374.9394,375.4908,366.7307,366.9945,0.0
2017-06-08,367.4325,370.5427,366.3548,367.897,0.0
2017-06-09,368.3241,371.3199,366.6563,369.8074,0.0
2017-06-12,370.2268,373.1173,368.0654,368.351,0.0
2017-06-13,368.7783,370.3593,366.8593,369.8779,0.0
2017-06-14,369.8779,370.0903,361.6915,362.0615,0.0
2017-06-15,362.0614,362.6176,359.8007,361.8502,0.0
2017-06-16,361.8502,364.7454,361.6176,364.1684,0.0
2017-06-19,364.1684,365.136,360.8968,361.3823,0.0
2017-06-20,361.3823,362.8955,354.4393,357.1031,0.0
2017-06-21,357.1031,359.7766,351.0973,352.701,0.0
2017-06-22,352.7009,355.1229,351.2254,352.5214,0.0
2017-06-23,352.5214,354.8269,351.9134,353.8007,0.0
2017-06-26,353.8007,357.0035,351.8189,355.5029,0.0
2017-06-27,355.5029,361.33,355.5029,359.6506,0.0
2017-06-28,359.6506,363.0227,358.0172,362.6142,0.0
2017-06-29,362.6142,367.4309,362.6142,365.3345,0.0
2017-06-30,365.3345,372.5365,365.2054,372.3775,0.0
2017-07-03,372.3775,378.0018,372.3775,377.7247,0.0
2017-07-05,377.7247,378.3974,369.0522,369.9195,0.0
2017-07-06,369.9195,374.6793,369.1059,371.3117,0.0
2017-07-07,371.3117,371.3117,363.4622,365.5075,0.0
2017-07-10,365.2955,368.7948,364.0943,366.9154,0.0
2017-07-11,366.7469,370.9844,363.4533,370.2547,0.0
2017-07-12,370.0533,374.5771,369.1832,370.2211,0.0
2017-07-13,370.0024,372.0087,367.3119,370.3364,0.0
2017-07-14,370.1228,374.2515,369.4459,373.457,0.0
2017-07-17,373.457,374.4941,371.7938,371.8964,0.0
2017-07-18,371.8964,376.9895,371.567,373.5721,0.0
2017-07-19,373.5721,378.3159,372.5422,377.8998,0.0
2017-07-20,377.8998,380.6793,376.3899,376.8842,0.0
2017-07-21,376.8842,378.0879,370.2682,371.1716,0.0
2017-07-24,371.1716,372.511,368.3914,371.2061,0.0
2017-07-25,371.2061,377.6362,371.2061,376.839,0.0
2017-07-26,376.839,381.6046,376.839,381.3155,0.0
2017-07-27,381.3155,384.6659,380.4619,383.9297,0.0
2017-07-28,383.9297,387.4524,382.8136,386.6244,0.0
2017-07-31,386.6244,388.445,384.3712,388.0653,0.0
2017-08-01,388.0653,389.1201,379.768,382.9646,0.0
2017-08-02,382.9646,385.9499,380.9656,385.7698,0.0
2017-08-03,385.7698,386.9785,382.3746,383.1706,0.0
2017-08-04,383.1706,384.8129,380.9451,384.5056,0.0
2017-08-07,384.7819,385.7902,381.2458,384.8031,0.0
2017-08-08,385.1027,387.4238,383.0286,384.909,0.0
2017-08-09,385.1983,387.4668,383.7998,386.8873,0.0
2017-08-10,387.1362,390.8692,381.375,381.9255,0.0
2017-08-11,382.1563,383.7113,379.1939,382.9955,0.0
2017-08-14,382.9955,383.4188,377.6728,378.0174,0.0
2017-08-15,378.0174,378.1339,374.3097,376.6494,0.0
2017-08-16,376.6494,379.1191,374.021,374.2851,0.0
2017-08-17,374.2851,375.4813,371.8896,374.8979,0.0
2017-08-18,374.8979,381.4164,373.6455,380.6806,0.0
2017-08-21,380.6806,381.8162,375.4494,376.5018,0.0
2017-08-22,376.5018,379.0351,375.7474,377.4468,0.0
2017-08-23,377.4468,380.1841,376.1665,379.9869,0.0
2017-08-24,379.9869,381.4678,376.7892,378.9851,0.0
2017-08-25,378.9851,381.5761,377.4425,379.0568,0.0
2017-08-28,380.948,380.948,375.8924,376.9611,0.0
2017-08-29,376.9611,378.9942,375.4524,377.476,0.0
2017-08-30,377.476,378.347,375.0791,375.8529,0.0
2017-08-31,375.8529,386.1453,374.9773,386.0041,0.0
2017-09-01,386.0041,386.5264,382.9666,386.3811,0.0
2017-09-05,386.3811,391.1499,384.4764,389.9737,0.0
2017-09-06,389.9737,393.0868,388.457,392.4347,0.0
2017-09-07,392.4347,393.4894,391.0122,392.3396,0.0
2017-09-08,392.3887,394.1645,386.4451,387.1843,0.0
2017-09-11,387.3101,389.0574,384.4891,388.1581,0.0
2017-09-12,388.3428,389.845,386.2401,388.646,0.0
2017-09-13,388.8147,392.6803,387.8331,392.4128,0.0
2017-09-14,392.5494,396.8693,391.7226,394.2261,0.0
2017-09-15,394.2261,396.1796,391.8257,395.8953,0.0
2017-09-18,395.8953,397.8885,392.7796,394.9353,0.0
2017-09-19,394.9353,397.0822,392.4399,393.5033,0.0
2017-09-20,393.5033,399.5893,393.5033,398.6966,0.0
2017-09-21,398.6966,398.8073,395.5924,397.2739,0.0
2017-09-22,397.2739,398.4348,396.3226,398.0375,0.0
2017-09-25,398.0375,404.479,396.6274,404.2501,0.0
2017-09-26,404.2501,406.126,399.6055,401.5727,0.0
2017-09-27,401.5727,403.5275,399.9639,402.2653,0.0
2017-09-28,402.2653,404.634,398.6792,400.2006,0.0
2017-09-29,400.2006,400.9606,398.4378,399.3082,0.0
2017-10-02,399.3082,399.363,392.0121,393.9778,0.0
2017-10-03,393.9777,395.2278,392.25,393.8475,0.0
2017-10-04,393.8475,395.6528,391.8365,393.7277,0.0
2017-10-05,393.7277,400.2839,393.3385,398.7031,0.0
2017-10-06,398.8691,399.4096,390.3713,391.8488,0.0
2017-10-09,392.0584,393.158,390.4912,392.4628,0.0
2017-10-10,392.6748,399.0708,392.5599,398.5061,0.0
2017-10-11,398.686,399.9138,397.3185,399.6354,0.0
2017-10-12,399.8071,399.9089,396.3667,398.0978,0.0
2017-10-13,398.0978,403.6111,398.0978,402.7995,0.0
2017-10-16,402.7995,407.5442,402.7995,404.657,0.0
2017-10-17,404.657,405.9764,401.3498,403.2407,0.0
2017-10-18,403.2407,404.7737,401.729,403.3208,0.0
2017-10-19,403.3207,404.3446,399.5575,401.0285,0.0
2017-10-20,401.0284,402.9775,398.9179,402.3825,0.0
2017-10-23,402.3824,404.3114,402.3072,402.94,0.0
2017-10-24,402.94,406.9104,401.7387,406.7582,0.0
2017-10-25,406.7582,408.2881,404.9985,406.4425,0.0
2017-10-26,406.4424,408.8271,404.7485,408.5425,0.0
2017-10-27,408.5425,412.3411,405.3051,412.0391,0.0
2017-10-30,412.0391,414.7938,412.034,413.8049,0.0
2017-10-31,413.8049,416.1082,412.6986,415.1419,0.0
2017-11-01,415.1419,419.6347,413.3165,415.1633,0.0
2017-11-02,415.1633,416.077,413.1466,415.7047,0.0
2017-11-03,415.7047,421.05,415.3991,420.5946,0.0
2017-11-06,420.5946,430.2702,420.5946,429.4419,0.0
2017-11-07,430.1434,431.0817,426.6046,427.5842,0.0
2017-11-08,428.3329,431.4959,425.442,427.3942,0.0
2017-11-09,428.1091,430.8113,426.9293,429.1921,0.0
2017-11-10,429.9424,431.1653,427.4636,428.5886,0.0
2017-11-13,429.398,430.6182,426.934,428.5262,0.0
2017-11-14,428.5261,428.5261,419.6723,421.8385,0.0
2017-11-15,421.8385,421.8385,418.2788,420.623,0.0
2017-11-16,420.623,421.418,418.2155,418.7493,0.0
2017-11-17,418.7493,425.7632,418.6386,425.3512,0.0
2017-11-20,425.3512,425.3512,419.8575,422.8238,0.0
2017-11-21,422.8238,425.9015,422.3808,424.662,0.0
2017-11-22,424.662,429.2144,424.662,429.0203,0.0
2017-11-24,429.0202,432.0907,428.9771,431.2306,0.0
2017-11-27,431.2306,431.6926,427.0673,429.6232,0.0
2017-11-28,429.6232,429.6232,426.3682,428.785,0.0
2017-11-29,428.785,430.4289,423.8869,426.1139,0.0
2017-11-30,426.1139,428.5022,422.6962,424.2574,0.0
2017-12-01,424.2574,431.9843,424.2008,429.4847,0.0
2017-12-04,429.4847,429.4847,423.1476,423.5571,0.0
2017-12-05,423.5571,424.2526,421.5316,422.7431,0.0
2017-12-06,422.7431,422.7479,414.4874,414.6364,0.0
2017-12-07,414.7243,416.8984,413.7987,416.6986,0.0
2017-12-08,416.7676,422.038,416.2595,420.3289,0.0
2017-12-11,420.3622,424.0758,418.8835,423.4001,0.0
2017-12-12,423.3477,426.6202,417.6513,418.4786,0.0
2017-12-13,418.4249,421.7267,415.587,415.8313,0.0
2017-12-14,415.8312,419.0609,414.3499,418.7631,0.0
2017-12-15,418.7631,421.111,418.7177,419.7015,0.0
2017-12-18,419.7015,423.118,419.7015,421.1064,0.0
2017-12-19,421.1064,423.5788,420.7692,422.8235,0.0
2017-12-20,422.8235,426.1576,422.8235,425.9833,0.0
2017-12-21,425.9832,427.7987,424.3419,427.7987,0.0
2017-12-22,427.7987,429.4595,425.922,429.3362,0.0
2017-12-26,429.3362,437.5358,429.1683,437.2558,0.0
2017-12-27,437.2558,438.3042,434.5412,437.5827,0.0
2017-12-28,437.5827,440.0221,437.0905,439.902,0.0
2017-12-29,439.902,443.2997,439.7852,442.4357,0.0
2018-01-02,442.4357,444.6561,441.5399,442.7151,0.0
2018-01-03,442.7151,447.56,441.9214,447.1414,0.0
2018-01-04,447.1414,449.4261,446.5037,447.8279,0.0
2018-01-05,447.8279,448.1035,442.6429,443.7559,0.0
2018-01-08,443.7724,445.5682,442.5124,443.7555,0.0
2018-01-09,443.7877,449.3235,443.4872,448.4031,0.0
2018-01-10,448.3649,451.9143,448.3649,450.447,0.0
2018-01-11,450.3654,453.8957,450.0141,451.2194,0.0
2018-01-12,450.7316,453.5155,449.0713,453.2331,0.0
2018-01-16,453.2331,455.1365,449.5426,450.9068,0.0
2018-01-17,450.9068,453.4926,449.0935,452.7379,0.0
2018-01-18,452.7379,453.894,450.587,453.1232,0.0
2018-01-19,453.1232,453.1232,449.2525,450.3725,0.0
2018-01-22,450.3725,454.1272,450.132,452.3482,0.0
2018-01-23,452.3483,456.5427,452.2356,455.6685,0.0
2018-01-24,455.6685,462.207,455.3838,461.3625,0.0
2018-01-25,461.3625,465.8296,459.4227,460.8564,0.0
2018-01-26,460.8564,464.4587,459.0027,463.445,0.0
2018-01-29,463.445,464.5461,458.7198,460.5895,0.0
2018-01-30,460.5896,460.6501,454.9745,456.6109,0.0
2018-01-31,456.6109,456.6968,453.2724,456.533,0.0
2018-02-01,456.533,461.0639,455.3858,460.2272,0.0
2018-02-02,460.2272,462.2236,453.0377,456.5336,0.0
2018-02-05,456.5336,456.5336,449.8698,451.5974,0.0
2018-02-06,451.5974,451.5974,446.3789,447.379,0.0
2018-02-07,447.802,451.3525,438.6856,440.3374,0.0
2018-02-08,440.8107,441.6168,436.3132,438.0631,0.0
2018-02-09,438.5381,438.5381,424.5855,428.5254,0.0
2018-02-12,429.023,436.4378,429.023,430.4984,0.0
2018-02-13,431.0462,433.3721,428.5015,431.7043,0.0
2018-02-14,431.7043,440.1896,427.702,439.1403,0.0
2018-02-15,439.1403,443.1495,435.1091,441.532,0.0
2018-02-16,441.532,444.7215,440.5469,443.5926,0.0
2018-02-20,443.5926,447.7643,443.3607,444.2095,0.0
2018-02-21,444.2095,445.1392,440.4173,444.5726,0.0
2018-02-22,444.5727,449.8263,440.3126,448.8438,0.0
2018-02-23,448.8438,451.9381,446.4229,451.5292,0.0
2018-02-26,451.5292,455.2485,450.6389,453.677,0.0
2018-02-27,453.677,454.5165,449.0768,450.0928,0.0
2018-02-28,450.0928,451.7143,442.8284,443.3807,0.0
2018-03-01,443.3807,444.0902,436.6278,441.0432,0.0
2018-03-02,441.0432,442.4682,437.1658,441.5647,0.0
2018-03-05,441.5647,448.3411,440.4287,447.5448,0.0
2018-03-06,447.5448,450.6655,446.5429,448.2156,0.0
2018-03-07,448.294,448.294,439.7101,441.5402,0.0
2018-03-08,441.6022,442.4479,437.0567,437.7025,0.0
2018-03-09,437.775,444.6625,437.0478,444.3967,0.0
2018-03-12,444.4117,445.3865,438.209,441.5023,0.0
2018-03-13,441.4548,445.1884,438.8468,440.5718,0.0
2018-03-14,440.5718,443.0766,438.5503,441.6077,0.0
2018-03-15,441.6077,443.1346,439.9473,441.3167,0.0
2018-03-16,441.3167,445.3283,439.7657,444.6293,0.0
2018-03-19,444.6293,444.6293,439.3242,441.2909,0.0
2018-03-20,441.2909,448.4008,441.2909,446.1503,0.0
2018-03-21,446.1503,454.2518,446.1503,453.4703,0.0
2018-03-22,453.4703,454.9545,449.6204,450.3,0.0
2018-03-23,450.3,455.5296,449.5564,455.1745,0.0
2018-03-26,455.1745,457.7705,452.3416,453.4246,0.0
2018-03-27,453.4246,457.4097,451.1639,453.0515,0.0
2018-03-28,453.0515,453.0515,447.3613,450.0293,0.0
2018-03-29,450.0293,454.3565,449.0002,452.9353,0.0
2018-04-02,452.9353,456.0851,444.9392,445.071,0.0
2018-04-03,445.071,448.7143,444.8587,446.9049,0.0
2018-04-04,446.905,447.4876,439.3048,445.717,0.0
2018-04-05,445.717,449.555,444.722,448.4565,0.0
2018-04-06,448.6997,449.2272,442.5576,443.7237,0.0
2018-04-09,443.9739,452.4116,443.9059,451.9067,0.0
2018-04-10,452.0953,462.1389,451.1979,461.1467,0.0
2018-04-11,461.2586,469.6846,459.9916,466.7248,0.0
2018-04-12,466.8326,467.4578,462.4411,466.8654,0.0
2018-04-13,466.8654,469.6147,465.116,468.3058,0.0
2018-04-16,468.3058,468.3058,463.1776,464.5093,0.0
2018-04-17,464.5093,466.5958,461.5515,464.8517,0.0
2018-04-18,464.8517,475.489,464.8517,474.7754,0.0
2018-04-19,474.7754,479.7343,472.7937,474.0286,0.0
2018-04-20,474.0286,474.5622,469.1183,473.7708,0.0
2018-04-23,473.7708,474.8598,467.6894,473.5233,0.0
2018-04-24,473.5233,476.1811,469.8103,470.4167,0.0
2018-04-25,470.4167,472.12,467.9717,471.9954,0.0
2018-04-26,471.9954,475.0313,471.4053,473.5333,0.0
2018-04-27,473.5333,473.9524,470.8361,473.1549,0.0
2018-04-30,473.1549,478.6366,469.8471,475.7616,0.0
2018-05-01,475.7616,476.473,469.2034,470.9179,0.0
2018-05-02,470.9179,473.1525,469.2184,472.5157,0.0
2018-05-03,472.5157,474.8778,469.7139,474.2769,0.0
2018-05-04,474.2769,480.6439,472.95,479.456,0.0
2018-05-07,479.3756,483.4655,479.0932,482.5539,0.0
2018-05-08,482.4947,482.4947,470.2915,477.0129,0.0
2018-05-09,476.9344,486.7446,476.9344,485.6439,0.0
2018-05-10,485.5321,488.234,483.0916,487.1351,0.0
2018-05-11,487.0142,487.4741,483.6861,484.4275,0.0
2018-05-14,484.4275,487.3967,482.2361,486.7079,0.0
2018-05-15,486.708,491.0119,483.6379,487.5075,0.0
2018-05-16,487.5075,489.416,485.131,489.2016,0.0
2018-05-17,489.2016,494.1398,489.1827,490.2155,0.0
2018-05-18,490.2155,492.1968,488.82,489.131,0.0
2018-05-21,489.131,493.7358,489.075,493.0637,0.0
2018-05-22,493.0637,497.9823,493.0637,494.8326,0.0
2018-05-23,494.8326,495.2972,490.3876,495.1131,0.0
2018-05-24,495.1131,495.3675,491.0248,491.4913,0.0
2018-05-25,491.4913,491.7505,480.1529,482.0706,0.0
2018-05-29,482.0706,482.0706,474.5818,477.0781,0.0
2018-05-30,477.0782,484.2625,474.7654,483.6898,0.0
2018-05-31,483.6898,486.5034,479.5804,481.4273,0.0
2018-06-01,481.4273,482.5108,476.7307,477.1119,0.0
2018-06-04,477.1119,477.3674,470.2175,470.5007,0.0
2018-06-05,470.5007,472.7598,466.8533,472.1969,0.0
2018-06-06,472.1969,475.4054,469.0999,471.2806,0.0
2018-06-07,471.4252,477.664,471.4252,477.434,0.0
2018-06-08,477.5435,478.2928,474.2619,476.1698,0.0
2018-06-11,476.2184,477.4458,472.5351,475.3482,0.0
2018-06-12,475.3612,478.0075,474.3309,476.473,0.0
2018-06-13,476.4976,478.668,473.46,478.0151,0.0
2018-06-14,478.0151,478.0981,473.1878,474.1442,0.0
2018-06-15,474.1442,474.4027,462.9934,463.615,0.0
2018-06-18,463.615,467.9075,458.7345,467.3852,0.0
2018-06-19,467.3852,467.3984,458.9988,462.6469,0.0
2018-06-20,462.6469,466.1813,460.5973,463.7644,0.0
2018-06-21,463.7644,464.157,457.4799,460.7342,0.0
2018-06-22,460.7342,471.6831,460.7342,471.4514,0.0
2018-06-25,471.4514,471.4514,465.1798,466.269,0.0
2018-06-26,466.269,474.4006,464.8227,473.0555,0.0
2018-06-27,473.0555,482.5423,473.0555,481.2306,0.0
2018-06-28,481.2307,484.3826,479.1052,481.5457,0.0
2018-06-29,481.5458,488.372,479.8044,487.4372,0.0
2018-07-02,487.4373,487.4373,479.2046,479.5724,0.0
2018-07-03,479.5724,485.785,477.1378,480.9957,0.0
2018-07-05,480.9957,483.3504,477.659,478.6123,0.0
2018-07-06,478.6124,481.0754,474.7768,480.7299,0.0
2018-07-09,479.4884,482.1818,478.5363,481.1086,0.0
2018-07-10,479.9806,483.3578,478.6611,480.6399,0.0
2018-07-11,479.2332,479.2332,458.2423,459.3806,0.0
2018-07-12,458.4078,462.8447,455.3364,461.4731,0.0
2018-07-13,460.7372,465.4174,457.0392,463.3692,0.0
2018-07-16,463.3731,463.377,449.8082,450.7329,0.0
2018-07-17,450.7329,453.5126,449.2016,451.581,0.0
2018-07-18,451.581,455.2721,448.2172,454.2964,0.0
2018-07-19,454.2964,458.0817,449.1161,455.1825,0.0
2018-07-20,455.1825,459.2654,453.7723,457.5819,0.0
2018-07-23,457.5819,462.8531,456.2493,457.8727,0.0
2018-07-24,457.8727,463.051,456.1146,460.6075,0.0
2018-07-25,460.6075,466.0593,460.6075,465.3007,0.0
2018-07-26,465.3007,468.5193,465.3007,467.0059,0.0
2018-07-27,467.006,468.0738,462.7529,464.6572,0.0
2018-07-30,464.6572,470.74,464.4017,469.4068,0.0
2018-07-31,469.4069,469.6179,464.5287,464.8324,0.0
2018-08-01,464.8324,464.8324,456.5733,457.5209,0.0
2018-08-02,457.521,463.7136,455.0096,462.0272,0.0
2018-08-03,462.0272,464.1856,459.8265,462.145,0.0
2018-08-06,462.145,467.4706,461.7954,464.3042,0.0
2018-08-07,464.1246,469.3161,463.6711,466.673,0.0
2018-08-08,466.5493,467.7784,456.0561,458.4124,0.0
2018-08-09,458.3657,460.3498,456.7198,457.1265,0.0
2018-08-10,457.104,461.5639,453.5821,458.1783,0.0
2018-08-13,458.1083,458.8661,449.0133,455.0858,0.0
2018-08-14,455.0858,460.2777,453.9715,454.9929,0.0
2018-08-15,454.9929,455.0007,443.3318,445.1233,0.0
2018-08-16,445.1233,449.5487,443.3211,449.3702,0.0
2018-08-17,449.3702,453.7522,448.1918,451.6321,0.0
2018-08-20,451.6321,453.8314,450.4619,452.3584,0.0
2018-08-21,452.3584,456.3114,452.3581,453.8197,0.0
2018-08-22,453.8197,461.4869,453.8197,460.3274,0.0
2018-08-23,460.3274,460.9311,457.3128,459.2963,0.0
2018-08-24,459.2963,466.3853,458.9752,463.7911,0.0
2018-08-27,463.7911,465.3711,461.4908,465.0626,0.0
2018-08-28,465.0627,467.6115,462.496,463.3309,0.0
2018-08-29,463.3309,468.9698,461.9429,467.9913,0.0
2018-08-30,467.9913,470.7791,467.3567,469.2934,0.0
2018-08-31,469.2934,471.2727,467.4314,468.6881,0.0
2018-09-04,468.6881,474.6352,466.0161,468.1036,0.0
2018-09-05,467.167,467.7285,462.9785,463.4786,0.0
2018-09-06,463.4786,465.2418,456.6156,459.7934,0.0
2018-09-07,459.7934,461.5528,457.1748,461.0309,0.0
2018-09-10,461.0776,465.2996,461.0776,462.5334,0.0
2018-09-11,462.6136,468.006,461.3681,467.2802,0.0
2018-09-12,467.2506,474.2001,467.2506,471.3854,0.0
2018-09-13,471.3424,471.3424,463.3974,464.2708,0.0
2018-09-14,464.281,467.7977,461.3006,464.3772,0.0
2018-09-17,464.4946,466.8281,462.5274,463.4147,0.0
2018-09-18,463.4147,470.3958,461.5132,467.8026,0.0
2018-09-19,467.7454,472.1845,466.9219,471.9473,0.0
2018-09-20,471.9473,473.8286,469.8177,471.2704,0.0
2018-09-21,471.2704,477.7229,470.8735,473.8382,0.0
2018-09-24,475.3874,482.1504,475.3874,480.3642,0.0
2018-09-25,480.3643,483.7676,479.5049,482.499,0.0
2018-09-26,482.499,483.3402,479.356,479.6912,0.0
2018-09-27,479.6912,483.3222,479.3156,481.2402,0.0
2018-09-28,481.2402,488.3528,480.9467,486.2794,0.0
2018-10-01,486.2795,497.6809,485.1639,496.0365,0.0
2018-10-02,496.0365,498.8153,494.795,497.9369,0.0
2018-10-03,497.9576,504.3294,495.182,502.5525,0.0
2018-10-04,502.5526,503.677,493.6335,495.1614,0.0
2018-10-05,495.082,497.2693,492.9558,494.3109,0.0
2018-10-08,494.2214,494.2214,488.3417,493.508,0.0
2018-10-09,493.3599,497.5657,492.1517,496.3946,0.0
2018-10-10,496.239,497.0927,487.4556,488.3504,0.0
2018-10-11,488.2266,488.2266,477.1198,478.671,0.0
2018-10-12,478.671,483.9027,477.0372,480.6621,0.0
2018-10-15,480.6621,485.3357,479.3025,483.9433,0.0
2018-10-16,483.9433,486.0323,480.3437,484.6869,0.0
2018-10-17,484.687,486.628,476.1298,477.9863,0.0
2018-10-18,477.9864,478.6943,471.9675,472.8017,0.0
2018-10-19,472.8017,478.5699,472.171,474.7219,0.0
2018-10-22,474.7219,477.1539,471.7785,475.3219,0.0
2018-10-23,475.3219,476.4088,461.4406,464.035,0.0
2018-10-24,464.035,468.3163,460.7692,463.9168,0.0
2018-10-25,463.9168,466.6473,460.5852,465.1067,0.0
2018-10-26,465.1067,468.7941,460.3287,468.08,0.0
2018-10-29,468.08,470.1223,464.3523,465.4103,0.0
2018-10-30,465.4103,465.531,457.7409,459.7746,0.0
2018-10-31,459.7746,463.8445,455.3227,456.3168,0.0
2018-11-01,456.3168,457.8904,449.1613,450.8188,0.0
2018-11-02,450.8188,452.9737,447.7816,450.5379,0.0
2018-11-05,450.5379,455.2612,448.8151,451.2855,0.0
2018-11-06,451.2856,451.99,443.6158,446.9656,0.0
2018-11-07,447.6162,452.8312,444.604,447.2286,0.0
2018-11-08,447.7389,451.1065,441.8826,443.3456,0.0
2018-11-09,443.8992,444.1983,436.3969,440.5506,0.0
2018-11-12,441.0476,446.6806,440.5846,441.4706,0.0
2018-11-13,441.99,441.99,424.4152,426.4164,0.0
2018-11-14,426.4164,436.0371,423.934,432.8292,0.0
2018-11-15,432.8292,434.2064,428.9892,429.9821,0.0
2018-11-16,429.9821,437.9959,429.2104,432.3761,0.0
2018-11-19,432.3761,437.411,427.5296,435.2445,0.0
2018-11-20,435.2445,435.6066,414.7225,418.3737,0.0
2018-11-21,418.3737,427.7546,418.3737,422.1278,0.0
2018-11-23,422.1278,422.1278,403.019,403.5558,0.0
2018-11-26,403.5558,409.6634,402.6491,407.8924,0.0
2018-11-27,407.8924,409.4726,401.1722,406.197,0.0
2018-11-28,406.197,409.9803,403.6884,404.3772,0.0
2018-11-29,404.3772,410.4547,400.0247,408.1333,0.0
2018-11-30,408.1333,409.6851,400.463,406.5197,0.0
2018-12-03,406.5198,419.5774,406.5198,414.7629,0.0
2018-12-04,414.7629,422.475,414.7629,417.0622,0.0
2018-12-05,415.9777,421.7349,412.5352,415.7509,0.0
2018-12-06,415.7509,416.2937,402.009,407.6834,0.0
2018-12-07,407.7367,422.8652,404.954,416.2114,0.0
2018-12-10,416.2384,417.5096,407.2779,408.3516,0.0
2018-12-11,408.3054,413.0408,406.6381,409.5523,0.0
2018-12-12,409.5456,414.1074,407.3176,407.9208,0.0
2018-12-13,407.9722,413.3841,404.7264,412.912,0.0
2018-12-14,412.912,413.3659,404.9665,406.0863,0.0
2018-12-17,406.0863,408.4761,397.921,400.479,0.0
2018-12-18,400.4791,400.4791,386.1247,387.8716,0.0
2018-12-19,387.8716,394.0015,386.5824,392.6304,0.0
2018-12-20,392.6304,392.6304,381.4939,381.781,0.0
2018-12-21,381.781,385.991,377.2044,380.3173,0.0
2018-12-24,380.3173,382.8437,366.9603,367.2925,0.0
2018-12-26,367.2925,381.4163,365.9394,380.2251,0.0
2018-12-27,380.7435,381.8087,373.528,374.1741,0.0
2018-12-28,374.1742,380.3356,371.8393,374.9827,0.0
2018-12-31,374.9827,379.7887,370.9183,374.3282,0.0
2019-01-02,374.3282,384.4749,369.5535,377.9058,0.0
2019-01-03,377.9058,382.6119,373.4339,381.1982,0.0
2019-01-04,380.3876,391.649,379.7059,386.7994,0.0
2019-01-07,386.7994,394.6779,386.7994,389.1942,0.0
2019-01-08,389.4788,395.5085,388.3918,394.4705,0.0
2019-01-09,394.6562,406.4,394.6562,405.5145,0.0
2019-01-10,405.379,406.6611,401.909,405.7726,0.0
2019-01-11,405.9153,409.7825,401.0939,402.925,0.0
2019-01-14,403.1212,405.3583,398.6471,399.6378,0.0
2019-01-15,399.6378,405.125,399.6378,404.3959,0.0
2019-01-16,404.3959,407.2603,402.7316,406.2735,0.0
2019-01-17,406.2735,407.4249,401.2152,406.0504,0.0
2019-01-18,406.0504,413.4415,406.0504,413.2006,0.0
2019-01-22,413.2006,413.6417,403.5207,406.5972,0.0
2019-01-23,406.5972,410.7294,402.6999,405.7503,0.0
2019-01-24,405.7503,408.3227,403.2175,406.6508,0.0
2019-01-25,406.6508,410.2571,405.3388,409.6907,0.0
2019-01-28,409.6907,409.6907,399.3619,401.2753,0.0
2019-01-29,401.2753,409.0237,400.7492,407.1027,0.0
2019-01-30,407.1027,413.2967,406.3996,410.3765,0.0
2019-01-31,410.3765,415.1157,407.2174,407.8907,0.0
2019-02-01,407.8907,414.574,405.6873,413.3026,0.0
2019-02-04,413.3025,416.0295,406.6158,412.6717,0.0
2019-02-05,412.6717,414.8841,409.4814,410.2135,0.0
2019-02-06,410.2135,412.8318,406.9006,412.0038,0.0
2019-02-07,412.6872,412.9713,402.8001,406.1776,0.0
2019-02-08,406.8943,409.5584,404.7387,407.8909,0.0
2019-02-11,408.5733,408.8294,402.9636,406.2719,0.0
2019-02-12,406.9627,413.8073,406.9627,410.362,0.0
2019-02-13,411.069,416.6695,411.0625,414.6913,0.0
2019-02-14,414.6913,418.6227,412.0643,416.2431,0.0
2019-02-15,416.243,423.9362,416.243,423.3971,0.0
2019-02-19,423.3971,425.5824,421.8293,424.2099,0.0
2019-02-20,424.2099,428.5108,421.4736,427.1003,0.0
2019-02-21,427.1003,428.6914,425.9946,428.1907,0.0
2019-02-22,428.1907,431.5452,427.4207,429.4461,0.0
2019-02-25,429.4461,431.2041,419.4355,420.5328,0.0
2019-02-26,420.5328,423.2717,418.513,421.5147,0.0
2019-02-27,421.5147,428.3563,421.5147,426.773,0.0
2019-02-28,426.773,427.9095,424.2631,426.3466,0.0
2019-03-01,426.3466,429.1029,419.0394,421.3499,0.0
2019-03-04,421.3499,426.2293,420.8764,423.0501,0.0
2019-03-05,423.0501,425.6846,421.0817,424.3858,0.0
2019-03-06,424.3858,424.3858,420.244,422.7215,0.0
2019-03-07,423.1129,425.94,421.8835,423.3738,0.0
2019-03-08,423.7377,423.7377,415.1518,421.8395,0.0
2019-03-11,422.1636,425.4503,422.1183,423.7903,0.0
2019-03-12,424.1038,428.1016,424.1038,426.05,0.0
2019-03-13,426.3935,432.1878,426.3935,431.4948,0.0
2019-03-14,431.4948,433.6155,430.1503,431.8132,0.0
2019-03-15,431.8132,433.5728,427.5514,432.4751,0.0
2019-03-18,432.4751,435.0939,430.4801,434.5167,0.0
2019-03-19,434.5167,437.8245,433.0376,435.3795,0.0
2019-03-20,435.3795,439.7899,433.1952,439.4947,0.0
2019-03-21,439.4947,440.6232,436.9649,438.4115,0.0
2019-03-22,438.4115,439.0834,430.9152,434.1738,0.0
2019-03-25,434.1738,436.3208,431.3728,434.2945,0.0
2019-03-26,434.2945,439.0887,434.2945,437.1117,0.0
2019-03-27,437.1117,437.7498,431.984,434.7438,0.0
2019-03-28,434.7438,434.7438,429.0244,432.7982,0.0
2019-03-29,432.7981,438.941,432.7981,434.1253,0.0
2019-04-01,434.1253,440.2712,434.1253,439.6993,0.0
2019-04-02,439.6993,443.1791,438.8275,442.6892,0.0
2019-04-03,442.6892,445.174,441.4781,443.5055,0.0
2019-04-04,443.5055,446.1351,441.9902,443.9269,0.0
2019-04-05,444.1649,447.74,442.1899,447.2702,0.0
2019-04-08,447.4728,451.683,447.4728,451.4433,0.0
2019-04-09,451.5744,453.122,448.4903,449.6799,0.0
2019-04-10,449.8467,453.9352,449.8467,453.8408,0.0
2019-04-11,454.025,454.025,448.9526,449.8527,0.0
2019-04-12,449.8527,454.0681,449.8527,452.4683,0.0
2019-04-15,452.4683,452.4683,449.0237,450.0704,0.0
2019-04-16,450.0704,451.2747,447.6145,450.9716,0.0
2019-04-17,450.9716,453.5817,449.6507,449.8631,0.0
2019-04-18,449.8631,450.9733,447.7685,450.8482,0.0
2019-04-22,450.8482,458.6667,450.8482,456.2477,0.0
2019-04-23,456.2477,458.2768,455.8246,457.1842,0.0
2019-04-24,457.1842,457.2959,454.4447,455.0851,0.0
2019-04-25,455.0851,457.1485,451.7444,452.8279,0.0
2019-04-26,452.8279,452.8279,442.0421,445.3386,0.0
2019-04-29,445.3386,446.42,441.7495,444.8176,0.0
2019-04-30,444.8176,450.1441,443.5524,446.4518,0.0
2019-05-01,446.4518,447.0162,442.6296,446.3862,0.0
2019-05-02,446.3862,446.6626,436.6525,440.2262,0.0
2019-05-03,440.2262,443.1765,438.3214,440.8316,0.0
2019-05-06,440.8316,441.3294,432.0649,439.6553,0.0
2019-05-07,439.4482,440.1597,432.2459,435.1433,0.0
2019-05-08,434.9551,438.2031,433.2513,436.777,0.0
2019-05-09,436.5554,436.7088,430.4981,433.9954,0.0
2019-05-10,433.6905,437.5722,433.2126,434.3375,0.0
2019-05-13,434.0451,439.9105,430.0317,431.4682,0.0
2019-05-14,431.4954,438.2143,430.7093,436.8919,0.0
2019-05-15,436.8919,441.7329,434.6468,439.6287,0.0
2019-05-16,439.6287,446.8657,439.6287,445.1459,0.0
2019-05-17,445.1459,447.3208,441.4299,443.0012,0.0
2019-05-20,443.0012,447.7199,442.2336,443.4897,0.0
2019-05-21,443.4897,445.9273,441.8132,443.124,0.0
2019-05-22,443.124,443.124,434.7148,436.0749,0.0
2019-05-23,436.0749,436.1472,420.9946,422.6927,0.0
2019-05-24,422.6926,427.7995,422.4005,427.1274,0.0
2019-05-28,427.1274,433.6013,427.1274,432.0017,0.0
2019-05-29,432.0017,432.9502,424.1361,429.5072,0.0
2019-05-30,429.5072,431.241,420.9086,421.8808,0.0
2019-05-31,421.8808,421.99,407.0135,407.7638,0.0
2019-06-03,407.7638,411.4577,403.007,405.2581,0.0
2019-06-04,405.2581,407.7911,401.8251,406.9559,0.0
2019-06-05,406.9559,406.9559,394.8968,398.5649,0.0
2019-06-06,398.5649,405.0174,397.1927,402.9258,0.0
2019-06-07,402.8891,408.8535,402.5421,407.1681,0.0
2019-06-10,407.1691,409.9973,404.8171,405.6652,0.0
2019-06-11,405.7068,408.5088,405.1819,407.3474,0.0
2019-06-12,407.4123,407.4123,398.3891,399.7832,0.0
2019-06-13,399.8584,409.0272,399.1229,405.012,0.0
2019-06-14,405.012,408.6773,403.0885,406.9602,0.0
2019-06-17,406.9602,408.8308,403.6358,404.5644,0.0
2019-06-18,404.5644,413.0039,401.3794,410.4092,0.0
2019-06-19,410.4092,411.898,407.3683,408.493,0.0
2019-06-20,408.493,422.0877,408.493,420.1644,0.0
2019-06-21,420.1644,424.7773,418.55,421.1565,0.0
2019-06-24,421.2725,424.6498,419.4615,422.8062,0.0
2019-06-25,422.8062,426.4467,420.924,424.6323,0.0
2019-06-26,424.6322,432.7702,424.6322,430.8677,0.0
2019-06-27,430.8677,431.5016,427.7655,430.5479,0.0
2019-06-28,430.5479,432.0194,423.395,425.3581,0.0
2019-07-01,425.3581,432.6978,422.5046,425.4439,0.0
2019-07-02,425.4439,427.2994,413.9918,414.5045,0.0
2019-07-03,414.5045,421.2747,413.4672,421.0002,0.0
2019-07-05,421.0002,422.9368,417.0972,422.341,0.0
2019-07-08,422.0671,425.4472,420.6037,421.5419,0.0
2019-07-09,421.3064,422.6237,418.6886,422.3473,0.0
2019-07-10,421.9198,434.3493,421.9198,434.1217,0.0
2019-07-11,433.8588,436.7712,432.7294,433.601,0.0
2019-07-12,433.3614,435.7501,432.9425,434.6324,0.0
2019-07-15,434.6324,436.2773,430.3259,430.927,0.0
2019-07-16,430.927,432.2359,421.2629,423.0175,0.0
2019-07-17,423.0175,426.0208,419.1673,419.886,0.0
2019-07-18,419.886,422.1612,410.5644,412.5975,0.0
2019-07-19,412.5975,418.3622,412.5975,415.9167,0.0
2019-07-22,415.9167,420.9948,415.9167,416.8621,0.0
2019-07-23,416.8621,420.3801,415.2417,419.7421,0.0
2019-07-24,419.7421,424.1007,415.7871,417.7164,0.0
2019-07-25,417.7164,421.3209,417.0861,417.4553,0.0
2019-07-26,417.4553,418.7639,415.2169,416.6889,0.0
2019-07-29,416.6889,419.0536,415.2937,418.5183,0.0
2019-07-30,418.5183,422.5612,418.1474,421.6489,0.0
2019-07-31,421.6489,424.6783,420.2465,422.4391,0.0
2019-08-01,422.4391,422.4391,401.7548,403.1679,0.0
2019-08-02,403.1679,410.4199,403.1679,407.6653,0.0
2019-08-05,407.6653,407.6653,400.1402,401.8987,0.0
2019-08-06,401.8987,404.7724,397.0583,397.5225,0.0
2019-08-07,397.3112,398.2057,385.8164,387.4656,0.0
2019-08-08,387.2633,395.4729,387.2633,394.2452,0.0
2019-08-09,394.0177,401.677,393.1033,399.7301,0.0
2019-08-12,399.4824,400.4473,396.106,397.1536,0.0
2019-08-13,397.0499,407.2043,394.2879,405.5467,0.0
2019-08-14,405.5521,405.5521,394.1426,398.0671,0.0
2019-08-15,398.0671,398.8823,392.322,394.516,0.0
2019-08-16,394.516,398.8774,394.0419,395.8841,0.0
2019-08-19,395.884,399.6211,395.057,399.3377,0.0
2019-08-20,399.3377,401.3353,396.4451,399.8591,0.0
2019-08-21,399.8591,404.5952,399.6726,400.0243,0.0
2019-08-22,400.0243,402.3149,396.5253,397.9761,0.0
2019-08-23,397.9761,399.042,389.8374,393.3566,0.0
2019-08-26,393.3566,398.0627,390.0224,392.5144,0.0
2019-08-27,392.5144,396.4103,392.1535,396.0329,0.0
2019-08-28,396.0329,402.4838,396.0329,400.3714,0.0
2019-08-29,400.3714,404.1684,399.1067,403.6094,0.0
2019-08-30,403.6094,403.7947,395.0931,397.0581,0.0
2019-09-03,397.0581,397.1324,388.4869,392.4433,0.0
2019-09-04,392.4432,404.7424,392.2065,403.717,0.0
2019-09-05,403.717,409.5197,402.1848,404.2694,0.0
2019-09-06,404.2694,405.8928,397.7048,404.4654,0.0
2019-09-09,404.4141,411.1044,404.4141,409.681,0.0
2019-09-10,409.5758,413.8077,409.1458,410.3896,0.0
2019-09-11,410.3417,413.3585,403.5008,404.1986,0.0
2019-09-12,404.2309,406.5786,396.982,403.4359,0.0
2019-09-13,403.5282,405.9778,400.9003,403.8298,0.0
2019-09-16,403.9425,437.3462,403.9425,436.0786,0.0
2019-09-17,436.0786,436.0786,417.6748,420.6547,0.0
2019-09-18,420.6547,421.8467,414.9887,417.0147,0.0
2019-09-19,417.0147,423.063,416.0542,418.5166,0.0
2019-09-20,418.5166,422.2174,416.8711,417.4134,0.0
2019-09-23,417.4134,420.4353,414.4101,420.379,0.0
2019-09-24,420.379,420.379,413.3688,414.8046,0.0
2019-09-25,414.8046,414.8046,407.4498,411.7195,0.0
2019-09-26,411.7195,413.7452,407.0191,411.3947,0.0
2019-09-27,411.3947,412.5943,404.7487,409.6001,0.0
2019-09-30,409.6,410.4734,403.306,403.6126,0.0
2019-10-01,403.6126,406.2244,370.1275,402.3147,0.0
2019-10-02,402.3147,404.7519,395.3394,397.1837,0.0
2019-10-03,397.1837,398.4077,390.8495,397.356,0.0
2019-10-04,397.356,401.6263,397.1415,399.4687,0.0
2019-10-07,399.2723,403.7241,398.431,399.2115,0.0
2019-10-08,399.0654,400.5801,394.6695,399.49,0.0
2019-10-09,399.3686,404.3818,398.256,400.1836,0.0
2019-10-10,400.0548,403.3826,397.8585,402.1571,0.0
2019-10-11,402.0424,409.8118,401.9453,409.4207,0.0
2019-10-14,409.4207,410.5378,402.452,405.2537,0.0
2019-10-15,405.2537,406.8295,400.945,403.3767,0.0
2019-10-16,403.3767,406.3775,401.6413,405.3217,0.0
2019-10-17,405.3217,407.4316,402.9637,407.0886,0.0
2019-10-18,407.0886,409.3535,404.8207,406.698,0.0
2019-10-21,406.698,407.6189,402.1861,404.0124,0.0
2019-10-22,404.0124,409.2162,403.3001,406.8977,0.0
2019-10-23,406.4379,413.1743,403.3828,412.7466,0.0
2019-10-24,412.7466,415.4551,411.0525,414.4889,0.0
2019-10-25,414.4889,416.4792,411.7277,416.2253,0.0
2019-10-28,416.2253,417.5896,412.8673,414.0318,0.0
2019-10-29,414.0318,415.485,410.2499,413.9738,0.0
2019-10-30,413.9738,414.9164,410.2299,411.7284,0.0
2019-10-31,411.7284,413.6554,404.9711,407.5104,0.0
2019-11-01,407.5104,417.1932,407.0099,416.8819,0.0
2019-11-04,416.8819,422.1612,416.0634,419.196,0.0
2019-11-05,419.196,422.6683,418.4132,421.9285,0.0
2019-11-06,421.9285,423.4659,416.2477,416.9311,0.0
2019-11-07,417.2951,421.1086,416.5265,418.6989,0.0
2019-11-08,419.0934,420.0066,412.3256,419.1143,0.0
2019-11-11,419.5254,419.5254,414.8237,416.5204,0.0
2019-11-12,416.9748,419.4585,415.9087,417.3163,0.0
2019-11-13,417.8208,419.436,414.4942,418.0281,0.0
2019-11-14,418.0281,421.3572,416.7325,417.1541,0.0
2019-11-15,417.1541,421.7867,414.8684,420.4984,0.0
2019-11-18,420.4984,421.483,414.107,415.6492,0.0
2019-11-19,415.6492,416.0718,409.0822,409.6726,0.0
2019-11-20,409.6726,417.0156,407.5046,415.3778,0.0
2019-11-21,415.3778,421.0726,413.1864,420.824,0.0
2019-11-22,420.824,422.4886,417.818,418.9339,0.0
2019-11-25,418.9339,420.4995,416.5088,420.0215,0.0
2019-11-26,420.0215,422.2103,418.923,422.0621,0.0
2019-11-27,422.0621,423.6549,418.5838,420.3397,0.0
2019-11-29,420.3397,420.4703,408.677,409.1913,0.0
2019-12-02,409.1913,415.2861,409.1913,410.7921,0.0
2019-12-03,410.7921,413.2656,408.6323,410.7499,0.0
2019-12-04,410.7499,419.8272,410.7499,418.7466,0.0
2019-12-05,418.7466,422.2898,417.8483,419.6583,0.0
2019-12-06,419.4541,425.3799,417.3066,422.7379,0.0
2019-12-09,422.5182,422.6127,418.9367,421.6442,0.0
2019-12-10,421.454,424.0585,419.6828,423.2039,0.0
2019-12-11,423.0333,423.0333,417.9297,420.2794,0.0
2019-12-12,420.1119,425.6419,420.1119,423.6431,0.0
2019-12-13,423.6431,431.2736,423.6431,428.0519,0.0
2019-12-16,428.0519,431.9546,427.1585,431.0924,0.0
2019-12-17,431.0924,434.3051,430.2972,433.8017,0.0
2019-12-18,433.8017,434.3422,431.093,433.1094,0.0
2019-12-19,433.1094,435.7867,432.7427,434.9615,0.0
2019-12-20,434.9615,435.8199,431.8861,433.2951,0.0
2019-12-23,433.2951,434.005,431.5229,433.0371,0.0
2019-12-24,433.0371,436.5087,432.9987,435.9875,0.0
2019-12-26,435.9875,439.9829,435.9542,439.6989,0.0
2019-12-27,439.6989,441.1627,438.6491,440.2722,0.0
2019-12-30,440.2722,443.3378,437.0913,439.5781,0.0
2019-12-31,439.5781,440.2046,435.2714,436.2189,0.0
2020-01-02,436.2189,438.3478,434.9075,436.8196,0.0
2020-01-03,436.8196,448.1869,436.8196,443.3469,0.0
2020-01-06,443.3469,451.0613,443.153,444.6284,0.0
2020-01-07,444.6284,444.6284,439.8018,442.3508,0.0
2020-01-08,442.3518,453.163,429.1437,431.0395,0.0
2020-01-09,431.0892,433.2736,427.6442,430.6038,0.0
2020-01-10,430.6513,432.0334,428.9958,430.1198,0.0
2020-01-13,430.1638,430.7812,425.288,426.2712,0.0
2020-01-14,426.3838,429.5219,424.7376,427.7165,0.0
2020-01-15,427.7164,428.4317,423.9953,425.4507,0.0
2020-01-16,425.4506,427.7454,424.2799,425.8423,0.0
2020-01-17,425.8423,427.6644,425.1396,426.9116,0.0
2020-01-21,426.9116,428.3148,423.0832,425.1428,0.0
2020-01-22,425.1428,425.2515,417.7012,418.5299,0.0
2020-01-23,418.5298,418.5298,410.7059,413.6461,0.0
2020-01-24,413.6461,415.1119,405.0823,406.2654,0.0
2020-01-27,406.2654,406.2654,395.7814,398.3374,0.0
2020-01-28,398.3374,402.3122,395.5788,400.3906,0.0
2020-01-29,400.3905,403.9805,397.5023,398.7491,0.0
2020-01-30,398.7491,398.7491,390.0178,392.0189,0.0
2020-01-31,392.0189,396.96,386.8643,388.8018,0.0
2020-02-03,388.8018,389.3627,380.1271,381.3492,0.0
2020-02-04,381.3492,388.0025,380.0457,380.329,0.0
2020-02-05,380.329,390.2409,380.329,386.277,0.0
2020-02-06,386.277,392.1314,383.7039,387.1924,0.0
2020-02-07,387.8599,389.7123,384.6765,386.197,0.0
2020-02-10,386.8413,387.1999,381.7906,382.1816,0.0
2020-02-11,382.7845,387.6277,382.7845,384.5627,0.0
2020-02-12,385.1657,393.336,385.1657,392.042,0.0
2020-02-13,392.5634,395.7001,389.7895,394.011,0.0
2020-02-14,394.011,397.6687,393.041,396.2265,0.0
2020-02-18,396.2265,398.5458,392.8854,398.3362,0.0
2020-02-19,398.3361,404.2382,397.5534,403.6388,0.0
2020-02-20,403.6388,406.6089,402.8899,403.2244,0.0
2020-02-21,403.2244,403.2244,397.6806,400.5355,0.0
2020-02-24,400.5355,400.5355,385.552,389.2645,0.0
2020-02-25,389.2645,391.8356,382.0914,382.8182,0.0
2020-02-26,382.8181,384.1444,374.6171,376.202,0.0
2020-02-27,376.202,376.202,362.3767,367.8992,0.0
2020-02-28,367.8992,367.8992,354.0859,358.4439,0.0
2020-03-02,358.4439,370.4584,357.6613,368.8241,0.0
2020-03-03,368.8241,378.2757,368.5109,371.0572,0.0
2020-03-04,371.0572,375.9867,369.3596,370.1096,0.0
2020-03-05,370.1096,373.4796,364.5585,365.2748,0.0
2020-03-06,365.5861,366.5949,344.5098,345.1365,0.0
2020-03-09,345.5277,345.702,290.8938,305.2853,0.0
2020-03-10,305.8789,321.5585,305.8789,318.9132,0.0
2020-03-11,319.5417,327.7678,311.8092,313.2937,0.0
2020-03-12,314.1222,315.4938,296.2373,300.4451,0.0
2020-03-13,300.6785,311.7015,295.8407,298.4005,0.0
2020-03-16,298.6075,298.6075,277.4851,278.997,0.0
2020-03-17,279.1291,285.6054,273.4956,273.8651,0.0
2020-03-18,273.9753,276.1139,249.4273,251.0174,0.0
2020-03-19,251.0174,274.6441,251.0174,269.5327,0.0
2020-03-20,269.5327,282.4619,260.6827,261.5861,0.0
2020-03-23,261.586,264.7283,254.4212,263.6275,0.0
2020-03-24,263.6275,273.2504,263.6275,270.5803,0.0
2020-03-25,270.5803,275.8989,266.6067,273.3808,0.0
2020-03-26,273.3808,273.668,265.1944,266.1685,0.0
2020-03-27,266.1685,268.538,259.6814,261.5391,0.0
2020-03-30,261.5391,261.5391,251.5883,254.6412,0.0
2020-03-31,254.6411,260.5808,254.1679,255.5416,0.0
2020-04-01,255.5416,255.6019,246.8508,247.1217,0.0
2020-04-02,247.1217,279.5535,247.1217,263.9483,0.0
2020-04-03,263.9483,280.35,259.201,275.4447,0.0
2020-04-06,275.4447,277.2722,267.4297,271.7038,0.0
2020-04-07,274.1363,280.0568,270.3773,270.5633,0.0
2020-04-08,273.7016,280.6149,273.3572,277.0848,0.0
2020-04-09,280.1535,292.788,276.1479,276.4104,0.0
2020-04-13,279.9853,286.5873,277.0875,280.1222,0.0
2020-04-14,284.2406,288.0999,277.9961,278.5442,0.0
2020-04-15,278.5442,280.9671,269.1788,270.9509,0.0
2020-04-16,270.9509,275.7063,268.3733,270.6584,0.0
2020-04-17,270.6584,275.4893,269.7287,270.574,0.0
2020-04-20,270.574,270.574,258.2013,258.6932,0.0
2020-04-21,258.6932,264.4393,217.9503,228.2439,0.0
2020-04-22,228.2439,244.1595,220.0967,236.8019,0.0
2020-04-23,236.8019,251.4921,235.3919,243.3508,0.0
2020-04-24,243.3508,247.8524,239.0978,241.446,0.0
2020-04-27,241.446,241.7472,227.9476,230.4549,0.0
2020-04-28,230.4549,235.0914,222.9875,230.2295,0.0
2020-04-29,239.9707,250.5948,239.9707,246.0293,0.0
2020-04-30,246.0293,258.295,246.0293,257.0446,0.0
2020-05-01,257.0446,261.5136,252.093,256.4889,0.0
2020-05-04,256.4889,260.5765,251.775,259.09,0.0
2020-05-05,259.09,274.5693,259.09,274.1748,0.0
2020-05-06,274.1748,278.7679,264.4604,268.7582,0.0
2020-05-07,270.1241,280.2186,268.8276,271.3416,0.0
2020-05-08,272.9967,278.5,272.8757,278.1284,0.0
2020-05-11,279.789,281.829,273.3877,274.1045,0.0
2020-05-12,275.7524,279.0513,274.9441,276.843,0.0
2020-05-13,278.3663,278.7947,271.5523,272.8958,0.0
2020-05-14,272.8958,280.9676,271.7965,279.9422,0.0
2020-05-15,279.9421,285.8852,279.4571,285.1523,0.0
2020-05-18,285.1523,300.6998,285.1523,296.3646,0.0
2020-05-19,296.3646,300.2485,294.5545,296.4869,0.0
2020-05-20,296.4869,303.6238,295.3471,301.5236,0.0
2020-05-21,301.5235,305.6231,299.5758,301.5198,0.0
2020-05-22,301.5198,302.2094,290.5121,297.9223,0.0
2020-05-26,297.9222,305.3781,297.9222,303.4941,0.0
2020-05-27,303.4941,303.4941,295.3452,297.2962,0.0
2020-05-28,297.2961,301.8986,292.7368,299.5133,0.0
2020-05-29,299.5133,308.0562,295.3924,307.0756,0.0
2020-06-01,307.0756,308.508,302.5725,307.3452,0.0
2020-06-02,307.3452,313.0161,307.3353,312.6686,0.0
2020-06-03,312.6686,316.684,309.5182,313.9073,0.0
2020-06-04,313.9073,316.4641,310.8318,316.0031,0.0
2020-06-05,316.5071,326.2749,315.5921,325.544,0.0
2020-06-08,326.0715,329.9132,321.028,321.6347,0.0
2020-06-09,322.2041,324.845,317.9967,324.4112,0.0
2020-06-10,325.0161,328.5574,321.6543,327.4321,0.0
2020-06-11,327.968,327.968,311.4632,314.7936,0.0
2020-06-12,314.7936,318.6458,307.8075,314.278,0.0
2020-06-15,314.278,317.6855,307.1388,317.1989,0.0
2020-06-16,317.1989,325.9218,315.7414,322.3115,0.0
2020-06-17,322.3115,323.959,318.1311,321.6329,0.0
2020-06-18,321.6329,324.7011,318.6984,324.3986,0.0
2020-06-19,324.3986,330.692,323.3042,327.6412,0.0
2020-06-22,327.6412,330.7319,325.7495,330.6343,0.0
2020-06-23,330.6343,333.8396,326.0308,329.7729,0.0
2020-06-24,329.7729,330.3315,316.9752,319.0248,0.0
2020-06-25,319.0248,321.6449,314.5014,320.219,0.0
2020-06-26,320.219,323.169,315.4759,318.092,0.0
2020-06-29,318.092,325.1877,314.7787,324.5144,0.0
2020-06-30,324.5656,328.4216,322.4599,325.483,0.0
2020-07-01,325.483,331.3823,324.685,328.7351,0.0
2020-07-02,328.735,333.1559,327.7265,332.8598,0.0
2020-07-06,332.8597,336.1617,332.1223,334.2789,0.0
2020-07-07,334.2789,336.4244,331.079,335.1787,0.0
2020-07-08,335.5139,337.8095,334.1185,337.2498,0.0
2020-07-09,337.6477,339.2362,333.374,333.8752,0.0
2020-07-10,334.2763,338.5405,330.1991,337.9027,0.0
2020-07-13,338.2954,338.4336,334.8569,336.2373,0.0
2020-07-14,336.6274,337.5745,331.6332,335.7505,0.0
2020-07-15,335.7505,340.1167,334.7098,339.9535,0.0
2020-07-16,339.9535,340.0564,337.5302,338.3038,0.0
2020-07-17,338.3038,338.8331,335.0988,337.4588,0.0
2020-07-20,337.4588,337.8582,333.133,337.2982,0.0
2020-07-21,337.2981,345.1483,336.9467,343.2018,0.0
2020-07-22,343.2018,344.0107,339.4385,343.6721,0.0
2020-07-23,343.6721,346.3181,341.0411,341.6595,0.0
2020-07-24,341.6595,343.0857,339.4074,342.0064,0.0
2020-07-27,342.0064,344.2609,339.0261,342.5579,0.0
2020-07-28,342.5579,345.147,340.3559,341.3616,0.0
2020-07-29,341.3669,343.9852,340.9953,343.3767,0.0
2020-07-30,343.3767,343.8136,332.1002,337.7635,0.0
2020-07-31,337.7634,341.14,337.4332,339.821,0.0
2020-08-03,339.8209,345.6439,337.3671,344.7078,0.0
2020-08-04,344.7077,348.0455,340.6612,346.6657,0.0
2020-08-05,346.6657,355.5284,346.1976,350.301,0.0
2020-08-06,350.301,352.9203,348.0869,349.2784,0.0
2020-08-07,349.766,350.9704,344.2866,345.1536,0.0
2020-08-10,345.6857,350.216,345.6857,348.7714,0.0
2020-08-11,349.2958,352.126,346.815,347.085,0.0
2020-08-12,347.6458,352.6015,345.838,351.822,0.0
2020-08-13,352.3955,353.0976,351.023,352.0493,0.0
2020-08-14,352.0493,353.5236,350.1617,352.1706,0.0
2020-08-17,352.1706,357.3421,352.1706,357.2123,0.0
2020-08-18,357.2123,358.804,355.4049,358.2269,0.0
2020-08-19,358.2269,358.7702,356.2287,358.5336,0.0
2020-08-20,358.5336,358.5336,352.0509,356.3116,0.0
2020-08-21,356.3116,357.7533,349.957,353.3645,0.0
2020-08-24,353.3645,357.5326,353.1015,356.1782,0.0
2020-08-25,356.1782,360.6542,355.8189,360.0396,0.0
2020-08-26,360.0396,361.5046,358.6667,359.8743,0.0
2020-08-27,359.8272,360.7828,355.8599,358.8295,0.0
2020-08-28,358.8295,361.1839,358.0369,359.9485,0.0
2020-08-31,359.9485,363.1297,357.968,358.2109,0.0
2020-09-01,358.2108,362.6131,358.2036,359.7562,0.0
2020-09-02,359.7391,361.5149,352.9496,353.721,0.0
2020-09-03,353.7209,354.559,347.1289,350.8571,0.0
2020-09-04,350.8571,354.3709,345.4468,347.1072,0.0
2020-09-08,347.9667,347.9667,332.6869,335.5751,0.0
2020-09-09,336.5893,342.4648,334.6583,341.0553,0.0
2020-09-10,342.0109,343.2718,338.9876,339.7629,0.0
2020-09-11,340.5583,343.1471,338.2082,341.0515,0.0
2020-09-14,342.0593,344.2193,341.0375,342.4925,0.0
2020-09-15,342.4925,346.0029,341.6992,345.1421,0.0
2020-09-16,345.1421,352.3399,344.9511,351.9909,0.0
2020-09-17,351.9394,357.0002,347.9772,356.2315,0.0
2020-09-18,356.2315,359.1136,354.096,358.0317,0.0
2020-09-21,358.0317,358.5273,345.2382,347.3626,0.0
2020-09-22,347.3625,351.0864,345.8508,347.9606,0.0
2020-09-23,347.9042,350.9707,344.3744,347.7304,0.0
2020-09-24,347.7303,348.8861,344.4479,348.4655,0.0
2020-09-25,348.4095,350.5375,346.2347,348.2298,0.0
2020-09-28,348.2298,351.1752,346.5761,350.5646,0.0
2020-09-29,350.5646,351.3758,341.6421,344.8811,0.0
2020-09-30,344.8811,350.7218,341.1687,350.178,0.0
2020-10-01,350.178,352.1543,339.2611,343.4651,0.0
2020-10-02,343.4035,343.4035,334.4192,337.4763,0.0
2020-10-05,337.4763,349.5139,337.4763,347.377,0.0
2020-10-06,347.377,355.9532,346.9822,353.7386,0.0
2020-10-07,354.4884,354.4884,349.9244,353.4783,0.0
2020-10-08,354.2161,360.0364,353.6677,359.0773,0.0
2020-10-09,359.7666,363.6718,359.4016,360.5772,0.0
2020-10-12,361.2474,361.4493,354.9449,355.7919,0.0
2020-10-13,356.399,360.2198,355.8804,358.4093,0.0
2020-10-14,358.4093,362.4146,356.4213,362.204,0.0
2020-10-15,362.2039,363.3637,354.9098,363.218,0.0
2020-10-16,363.2534,363.9872,360.2086,362.6056,0.0
2020-10-19,362.6056,364.3425,361.4605,362.1368,0.0
2020-10-20,362.1368,365.4283,359.9296,364.7858,0.0
2020-10-21,364.7858,365.2416,359.3321,360.1056,0.0
2020-10-22,360.1055,363.8287,358.2861,361.4837,0.0
2020-10-23,361.4837,362.681,357.5875,358.7681,0.0
2020-10-26,358.7681,358.7681,351.5529,353.1372,0.0
2020-10-27,353.1372,358.4962,353.0404,357.2587,0.0
2020-10-28,357.2587,357.2587,345.2888,346.559,0.0
2020-10-29,346.5498,348.2606,335.0226,341.1647,0.0
2020-10-30,341.1647,343.4193,337.7576,340.7799,0.0
2020-11-02,340.7798,345.701,333.1107,344.9963,0.0
2020-11-03,344.9963,351.6903,344.3601,348.4735,0.0
2020-11-04,348.4735,355.2208,344.8764,354.7948,0.0
2020-11-05,354.7948,358.9409,351.8967,354.9049,0.0
2020-11-06,355.554,355.554,349.3041,349.6171,0.0
2020-11-09,350.3619,366.4014,350.3619,361.2885,0.0
2020-11-10,362.0226,369.0707,359.6483,368.9438,0.0
2020-11-11,369.6442,376.9476,369.1804,369.6806,0.0
2020-11-12,370.3971,372.8384,367.5129,368.3544,0.0
2020-11-13,368.3543,368.3543,364.0255,364.499,0.0
2020-11-16,364.499,372.0896,364.499,369.0304,0.0
2020-11-17,369.0304,370.9295,366.2211,369.9492,0.0
2020-11-18,369.9492,375.0861,368.6592,372.6753,0.0
2020-11-19,372.6753,372.6753,368.8469,370.1854,0.0
2020-11-20,370.1854,374.1396,369.7276,373.8664,0.0
2020-11-23,373.8664,379.0772,373.8664,377.4882,0.0
2020-11-24,377.4882,386.0931,377.1357,385.7037,0.0
2020-11-25,385.7037,389.4634,385.4124,387.5725,0.0
2020-11-27,387.5725,388.7301,384.03,388.0614,0.0
2020-11-30,388.0613,389.1854,383.6296,385.594,0.0
2020-12-01,385.594,388.4285,382.0804,383.5606,0.0
2020-12-02,383.5606,388.7322,380.7271,386.2721,0.0
2020-12-03,386.2721,387.4168,383.6856,386.6812,0.0
2020-12-04,386.6812,391.4014,386.6812,388.5492,0.0
2020-12-07,388.6809,389.5009,383.1051,386.3652,0.0
2020-12-08,386.5572,387.0901,383.8889,385.5186,0.0
2020-12-09,385.7061,389.4164,384.8773,387.1238,0.0
2020-12-10,387.2867,398.6646,387.2867,394.3668,0.0
2020-12-11,394.508,396.6618,391.6736,393.7225,0.0
2020-12-14,393.7225,397.7981,390.7887,395.263,0.0
2020-12-15,395.263,398.5815,393.6615,398.3588,0.0
2020-12-16,398.3587,400.4942,397.1282,400.1288,0.0
2020-12-17,400.1288,405.1174,400.1288,404.5111,0.0
2020-12-18,404.511,408.5991,404.0734,408.0172,0.0
2020-12-21,408.0171,408.0171,393.6919,402.1773,0.0
2020-12-22,402.1773,402.718,395.8177,398.6854,0.0
2020-12-23,398.6854,406.1285,394.7764,404.5395,0.0
2020-12-24,404.5395,406.5365,402.628,404.6696,0.0
2020-12-28,404.6695,406.9059,401.5203,401.8305,0.0
2020-12-29,401.8305,405.4965,401.528,404.6822,0.0
2020-12-30,404.6822,408.4976,403.556,407.8278,0.0
2020-12-31,407.8278,409.7254,405.4535,409.458,0.0
2021-01-04,409.7466,418.9753,406.5078,408.0531,0.0
2021-01-05,408.0531,421.7992,407.434,420.6333,0.0
2021-01-06,420.6333,425.4437,419.9694,422.704,0.0
2021-01-07,422.704,425.87,420.8573,423.3529,0.0
2021-01-08,423.601,427.954,423.2841,427.5555,0.0
2021-01-11,427.8419,427.9835,422.5124,426.016,0.0
2021-01-12,426.2566,434.1414,425.9636,433.548,0.0
2021-01-13,434.0203,438.6077,432.1349,433.3304,0.0
2021-01-14,433.6474,437.4377,430.6249,436.9405,0.0
2021-01-15,436.9405,438.0794,429.554,431.7415,0.0
2021-01-19,431.7619,434.2675,430.2302,432.328,0.0
2021-01-20,432.328,434.8264,431.4515,433.6567,0.0
2021-01-21,433.6567,434.5745,431.8861,433.3612,0.0
2021-01-22,433.3612,433.3612,424.1232,427.4073,0.0
2021-01-25,427.4073,431.7565,426.4954,431.4919,0.0
2021-01-26,431.4919,434.9858,429.2745,433.836,0.0
2021-01-27,433.836,436.2817,429.2421,433.3097,0.0
2021-01-28,433.3097,437.7831,429.1556,430.5459,0.0
2021-01-29,430.5459,436.3091,429.1503,430.9947,0.0
2021-02-01,430.9946,437.8358,430.9946,437.2843,0.0
2021-02-02,437.2842,443.2102,436.9542,441.0014,0.0
2021-02-03,441.0013,447.0031,440.7756,445.6187,0.0
2021-02-04,445.6186,447.7788,442.8443,447.2451,0.0
2021-02-05,447.2478,453.2088,447.2478,450.6114,0.0
2021-02-08,450.6798,458.3965,450.6798,457.7299,0.0
2021-02-09,457.7925,461.4015,455.6398,459.6474,0.0
2021-02-10,459.719,460.9596,457.4769,459.4874,0.0
2021-02-11,459.5591,461.2445,456.5855,458.7431,0.0
2021-02-12,458.7431,465.2827,455.1428,463.95,0.0
2021-02-16,463.95,471.1548,463.95,470.2727,0.0
2021-02-17,470.2726,474.9326,467.8004,473.1511,0.0
2021-02-18,473.1511,478.2152,470.1272,472.778,0.0
2021-02-19,472.778,475.4728,465.3922,470.0881,0.0
2021-02-22,470.0881,480.9649,470.0881,480.9005,0.0
2021-02-23,480.9005,487.2042,476.1773,481.1604,0.0
2021-02-24,481.1604,489.8035,478.38,489.3025,0.0
2021-02-25,489.3024,493.1006,485.6594,488.6704,0.0
2021-02-26,488.4929,488.4929,476.5044,476.9869,0.0
2021-03-01,476.9869,483.815,470.1659,472.6244,0.0
2021-03-02,472.6244,476.7588,466.4538,471.9639,0.0
2021-03-03,471.9639,477.0504,470.7661,474.61,0.0
2021-03-04,474.61,486.4792,468.6074,481.3498,0.0
2021-03-05,481.3652,492.7017,479.7773,491.4321,0.0
2021-03-08,491.4893,500.9041,486.0125,487.6244,0.0
2021-03-09,487.7702,491.319,483.2572,484.8667,0.0
2021-03-10,485.0601,487.504,480.4333,485.4575,0.0
2021-03-11,485.6526,493.7102,485.6526,493.4123,0.0
2021-03-12,493.4122,494.3029,490.5184,492.216,0.0
2021-03-15,492.216,495.5473,487.2446,491.9051,0.0
2021-03-16,491.905,492.2583,485.7894,490.1803,0.0
2021-03-17,490.1803,492.3836,485.1174,488.6057,0.0
2021-03-18,488.6056,489.6676,467.4516,469.2841,0.0
2021-03-19,469.2841,476.4268,464.4446,475.1012,0.0
2021-03-22,475.1012,477.3769,470.4808,475.6318,0.0
2021-03-23,475.6318,475.6502,459.9466,461.3901,0.0
2021-03-24,461.3901,474.6948,459.1149,474.2248,0.0
2021-03-25,474.2247,474.2247,458.3189,462.2976,0.0
2021-03-26,462.2976,475.3218,462.2976,474.0144,0.0
2021-03-29,474.0144,476.4203,467.7178,474.5763,0.0
2021-03-30,474.5763,476.5176,467.5159,468.9647,0.0
2021-03-31,468.9647,473.9209,466.4556,467.414,0.0
2021-04-01,467.4139,475.2908,466.1363,474.0237,0.0
2021-04-05,474.0236,474.3568,460.9255,464.3321,0.0
2021-04-06,464.332,475.0852,464.332,468.5741,0.0
2021-04-07,468.5741,471.0763,464.2163,469.9511,0.0
2021-04-08,469.9121,473.6272,468.0976,472.6627,0.0
2021-04-09,472.5865,473.8035,470.079,471.1558,0.0
2021-04-12,471.1332,475.8301,467.9029,470.3802,0.0
2021-04-13,470.4093,475.5214,469.9433,473.6899,0.0
2021-04-14,473.7328,488.5357,473.7101,487.5174,0.0
2021-04-15,487.5173,490.4221,485.9771,490.153,0.0
2021-04-16,490.1529,492.1412,488.3085,488.7238,0.0
2021-04-19,488.7237,491.9916,486.923,490.5797,0.0
2021-04-20,490.8731,495.4816,485.4426,489.3232,0.0
2021-04-21,489.3231,490.5082,483.3939,487.185,0.0
2021-04-22,487.185,491.2023,484.6978,490.2596,0.0
2021-04-23,490.2595,494.8015,489.2686,494.1003,0.0
2021-04-26,494.1002,498.9359,491.1717,497.8141,0.0
2021-04-27,497.8141,503.6867,497.8141,501.9607,0.0
2021-04-28,501.9607,509.273,498.3284,504.916,0.0
2021-04-29,504.916,512.0073,504.0384,508.6537,0.0
2021-04-30,508.6537,508.657,501.8422,505.8542,0.0
2021-05-03,505.8542,511.5524,504.9506,509.6251,0.0
2021-05-04,509.6251,517.684,509.6251,516.5219,0.0
2021-05-05,516.5218,521.4322,516.5218,519.2053,0.0
2021-05-06,519.2052,522.1653,516.4257,518.8593,0.0
2021-05-07,518.9206,523.811,517.9306,523.0299,0.0
2021-05-10,523.1316,527.4727,517.4932,520.8378,0.0
2021-05-11,520.9301,525.3661,517.1195,524.4095,0.0
2021-05-12,524.5438,530.4951,524.433,526.6543,0.0
2021-05-13,526.7906,526.7906,509.3424,511.525,0.0
2021-05-14,511.5249,517.8935,509.2505,514.9969,0.0
2021-05-17,514.9969,521.4765,514.1976,520.9238,0.0
2021-05-18,520.9238,525.9233,514.4596,519.4251,0.0
2021-05-19,519.425,519.425,501.5889,507.4453,0.0
2021-05-20,507.4453,510.7369,501.4154,502.4294,0.0
2021-05-21,502.4294,508.3179,499.3808,506.4006,0.0
2021-05-24,506.4006,514.6968,504.7458,514.2501,0.0
2021-05-25,514.25,516.2186,511.4894,512.5144,0.0
2021-05-26,512.5143,515.3062,508.7388,513.8968,0.0
2021-05-27,513.8968,521.1921,511.6271,521.1157,0.0
2021-05-28,521.1156,523.4326,518.7508,519.2278,0.0
2021-06-01,519.2278,534.0431,519.2278,528.0827,0.0
2021-06-02,528.0827,531.8252,527.8384,531.2296,0.0
2021-06-03,531.2296,534.775,524.7272,527.0365,0.0
2021-06-04,527.0365,534.3156,525.5039,533.7398,0.0
2021-06-07,532.2619,535.6789,529.329,529.6497,0.0
2021-06-08,528.5148,533.4179,526.5323,532.7406,0.0
2021-06-09,531.6528,534.218,529.2112,531.9156,0.0
2021-06-10,530.776,533.8401,525.9474,532.6156,0.0
2021-06-11,531.5351,533.5594,529.425,532.0251,0.0
2021-06-14,532.0251,532.5131,528.5445,529.5258,0.0
2021-06-15,529.5258,530.9688,526.8318,529.6808,0.0
2021-06-16,529.6808,533.805,528.6645,529.9811,0.0
2021-06-17,529.9811,529.9811,512.2907,515.5054,0.0
2021-06-18,515.5054,521.5638,512.8952,520.0316,0.0
2021-06-21,520.0316,525.8247,515.3941,525.5229,0.0
2021-06-22,525.5228,528.2691,523.325,525.3463,0.0
2021-06-23,525.3462,532.8204,525.2046,528.3458,0.0
2021-06-24,528.3457,528.8053,523.102,528.6345,0.0
2021-06-25,528.6238,530.9518,524.3745,529.9652,0.0
2021-06-28,529.9652,531.912,527.9177,528.864,0.0
2021-06-29,528.864,534.3394,524.5825,530.0295,0.0
2021-06-30,530.0295,538.1569,527.9773,535.9755,0.0
2021-07-01,535.9755,548.1494,535.5505,540.526,0.0
2021-07-02,540.526,543.0294,537.6248,541.4566,0.0
2021-07-06,541.4566,549.5075,527.4145,528.8321,0.0
2021-07-07,528.8321,536.5394,519.1343,523.8384,0.0
2021-07-08,523.1523,525.6993,517.5462,524.9629,0.0
2021-07-09,524.2829,532.5196,523.4435,531.7583,0.0
2021-07-12,531.0875,532.4345,525.1808,531.7516,0.0
2021-07-13,531.115,537.5996,529.1847,536.7168,0.0
2021-07-14,536.0963,538.7239,528.0962,531.4316,0.0
2021-07-15,531.4315,531.4354,525.2393,527.3395,0.0
2021-07-16,527.3395,530.6545,523.8256,528.1744,0.0
2021-07-19,528.1744,528.1744,504.3517,506.5087,0.0
2021-07-20,506.5087,513.4881,504.0913,512.6292,0.0
2021-07-21,512.6292,525.9189,509.6657,525.4422,0.0
2021-07-22,525.4422,532.1167,522.5134,531.6858,0.0
2021-07-23,531.6856,533.1802,530.5304,532.4833,0.0
2021-07-26,532.4833,536.2514,526.2349,535.328,0.0
2021-07-27,535.328,537.7866,531.0806,532.9226,0.0
2021-07-28,532.9226,536.6015,532.7054,535.578,0.0
2021-07-29,535.578,543.4413,535.1468,543.3373,0.0
2021-07-30,543.3373,543.3373,538.6938,541.129,0.0
2021-08-02,541.1289,541.2612,530.7,533.4548,0.0
2021-08-03,533.4548,535.0255,524.2778,530.1506,0.0
2021-08-04,530.1506,532.1938,521.1215,521.9046,0.0
2021-08-05,521.9046,527.7208,519.5254,526.0445,0.0
2021-08-06,525.612,529.6724,520.6671,522.3383,0.0
2021-08-09,522.0897,522.0897,508.5736,512.5285,0.0
2021-08-10,512.3716,523.3355,512.3556,521.3305,0.0
2021-08-11,521.0655,525.3658,515.5437,525.0765,0.0
2021-08-12,524.7968,528.4712,520.7202,525.8677,0.0
2021-08-13,525.8677,528.3994,522.0931,524.7447,0.0
2021-08-16,524.7447,524.7447,515.0235,520.5232,0.0
2021-08-17,520.5232,522.1001,514.4669,515.4308,0.0
2021-08-18,515.4308,518.4047,509.6468,511.293,0.0
2021-08-19,511.293,511.293,496.7966,500.3995,0.0
2021-08-20,500.3995,503.0393,493.9939,494.4293,0.0
2021-08-23,494.4292,511.4698,494.4292,510.6497,0.0
2021-08-24,510.6497,520.5912,509.5968,520.1049,0.0
2021-08-25,520.1048,524.7943,517.1864,524.3253,0.0
2021-08-26,524.3253,525.04,520.0767,521.5875,0.0
2021-08-27,521.5875,529.2918,521.5875,529.0991,0.0
2021-08-30,529.0991,533.3347,526.3626,529.6991,0.0
2021-08-31,529.699,531.3354,524.7274,527.3677,0.0
2021-09-01,527.3676,529.8293,520.7402,526.0872,0.0
2021-09-02,526.0872,535.0952,523.3863,532.6442,0.0
2021-09-03,532.6442,536.0323,530.769,531.873,0.0
2021-09-07,531.873,532.6837,523.6509,525.0964,0.0
2021-09-08,524.8318,531.9525,524.8181,528.8366,0.0
2021-09-09,528.5432,530.947,522.6803,525.0984,0.0
2021-09-10,524.8568,532.2896,522.4922,531.425,0.0
2021-09-13,531.132,535.1111,531.0668,533.3844,0.0
2021-09-14,533.096,536.6702,532.1982,533.9192,0.0
2021-09-15,533.9192,547.8554,533.8956,545.0128,0.0
2021-09-16,545.0128,546.1665,537.6751,542.5764,0.0
2021-09-17,542.5764,543.0761,536.8006,538.8525,0.0
2021-09-20,538.8524,538.8524,528.2156,529.5544,0.0
2021-09-21,529.5544,534.9294,524.1751,529.1028,0.0
2021-09-22,529.1028,539.5212,529.1028,539.3099,0.0
2021-09-23,539.3099,546.4178,537.5394,546.0133,0.0
2021-09-24,546.0133,550.4677,543.8256,549.7234,0.0
2021-09-27,549.7232,559.496,549.7232,558.6856,0.0
2021-09-28,558.6856,565.1663,554.645,557.6063,0.0
2021-09-29,557.6063,558.2796,550.6798,554.5149,0.0
2021-09-30,554.5149,560.3176,549.0702,557.7057,0.0
2021-10-01,557.7056,562.5338,555.0724,561.9096,0.0
2021-10-04,561.9095,575.9671,560.2394,571.162,0.0
2021-10-05,571.1618,581.1177,570.4178,579.2819,0.0
2021-10-06,579.2818,583.4461,567.7147,569.1565,0.0
2021-10-07,568.8594,575.248,559.3958,573.8552,0.0
2021-10-08,573.5825,581.4231,573.5825,576.8771,0.0
2021-10-11,576.4987,587.3527,576.4987,581.2325,0.0
2021-10-12,580.8678,583.7931,576.797,579.4936,0.0
2021-10-13,579.1022,580.3719,574.4592,579.1984,0.0
2021-10-14,579.1984,587.913,579.1984,585.9167,0.0
2021-10-15,585.9166,593.5797,585.9166,591.7259,0.0
2021-10-18,591.7258,596.6802,572.851,588.4052,0.0
2021-10-19,588.4052,593.2761,584.581,589.8844,0.0
2021-10-20,589.8843,595.9383,583.553,595.7764,0.0
2021-10-21,595.7764,598.0803,580.4114,585.8267,0.0
2021-10-22,585.8266,592.4662,583.0885,590.0573,0.0
2021-10-25,590.0573,599.8604,590.0573,596.5162,0.0
2021-10-26,596.5162,598.8242,592.4268,598.0691,0.0
2021-10-27,598.069,598.073,587.4707,590.0025,0.0
2021-10-28,590.0025,590.3709,579.9638,589.197,0.0
2021-10-29,589.197,591.0695,581.6121,588.2094,0.0
2021-11-01,588.2094,594.4616,584.9743,592.3791,0.0
2021-11-02,592.3791,594.8341,589.0485,592.9539,0.0
2021-11-03,592.9539,592.9539,578.1427,580.7203,0.0
2021-11-04,580.7202,592.325,572.1444,573.6166,0.0
2021-11-05,573.1889,582.1354,571.9274,580.2639,0.0
2021-11-08,579.8726,585.3285,579.8726,582.5578,0.0
2021-11-09,582.1187,586.9142,579.9622,586.55,0.0
2021-11-10,585.9243,588.8434,577.2577,579.2058,0.0
2021-11-11,578.7593,584.1068,575.4963,582.5661,0.0
2021-11-12,582.5661,582.5661,574.615,579.6247,0.0
2021-11-15,579.6246,580.6995,573.452,579.9447,0.0
2021-11-16,579.9447,584.1881,577.7499,580.3606,0.0
2021-11-17,580.3606,580.3606,570.8462,572.2771,0.0
2021-11-18,572.2771,576.5417,568.3466,575.031,0.0
2021-11-19,575.031,580.7419,563.3451,567.1327,0.0
2021-11-22,567.1326,572.3454,563.4206,571.349,0.0
2021-11-23,571.3489,581.4274,566.6524,580.4677,0.0
2021-11-24,580.4677,583.9728,579.0142,581.0096,0.0
2021-11-26,581.0095,581.0095,535.9597,539.9278,0.0
2021-11-29,539.9278,556.6259,538.8412,542.477,0.0
2021-11-30,542.477,546.971,516.3716,522.4442,0.0
2021-12-01,522.4442,536.6699,520.7268,521.2881,0.0
2021-12-02,521.2881,528.3376,509.0838,524.1904,0.0
2021-12-03,524.1904,536.877,523.6709,525.1532,0.0
2021-12-06,525.1532,536.8113,525.1532,534.3095,0.0
2021-12-07,534.0568,547.9134,534.0568,544.6093,0.0
2021-12-08,544.396,549.1158,541.0829,547.2698,0.0
2021-12-09,547.0882,550.4034,540.1114,541.6147,0.0
2021-12-10,541.4645,546.9366,538.3195,544.3262,0.0
2021-12-13,544.1495,550.012,541.1289,541.8162,0.0
2021-12-14,541.8161,543.9243,534.8183,538.8556,0.0
2021-12-15,538.8556,538.8556,532.4422,536.2931,0.0
2021-12-16,536.293,548.055,536.293,546.0738,0.0
2021-12-17,546.0738,546.2375,537.0365,540.2867,0.0
2021-12-20,540.2867,540.2867,522.2948,530.683,0.0
2021-12-21,530.6829,545.9023,530.6829,544.6407,0.0
2021-12-22,544.6407,554.6595,544.6407,553.8638,0.0
2021-12-23,553.8638,558.7841,552.6252,558.3459,0.0
2021-12-27,558.3459,568.1888,554.2672,566.5306,0.0
2021-12-28,566.5306,572.0783,565.6572,566.1752,0.0
2021-12-29,566.1752,572.8892,564.3091,568.7981,0.0
2021-12-30,568.798,571.724,566.0916,567.9702,0.0
2021-12-31,567.9702,569.3435,560.3879,561.1805,0.0
2022-01-03,561.1805,567.2864,558.4681,564.4832,0.0
2022-01-04,564.4831,572.799,563.3908,570.9828,0.0
2022-01-05,570.9828,577.7621,569.3,575.1458,0.0
2022-01-06,575.1458,580.9991,568.6844,578.041,0.0
2022-01-07,577.74,582.065,575.8276,578.1148,0.0
2022-01-10,577.8374,581.444,573.2064,574.423,0.0
2022-01-11,574.0331,588.6786,574.0331,587.9943,0.0
2022-01-12,587.4876,596.6634,587.2816,595.55,0.0
2022-01-13,594.7541,595.0232,588.3178,590.0746,0.0
2022-01-14,590.0746,597.6657,588.041,596.7588,0.0
2022-01-18,596.7588,605.6266,596.7588,603.7172,0.0
2022-01-19,603.7171,613.9862,603.7171,610.9828,0.0
2022-01-20,610.9828,615.9447,606.1831,611.4234,0.0
2022-01-21,611.4234,611.4234,599.3347,608.8819,0.0
2022-01-24,608.8819,612.6562,595.1512,601.5777,0.0
2022-01-25,601.5777,611.3097,601.1267,611.0378,0.0
2022-01-26,611.0378,621.5063,608.4988,619.5484,0.0
2022-01-27,619.5484,623.247,613.9215,616.7431,0.0
2022-01-28,616.7431,627.39,616.7431,620.3488,0.0
2022-01-31,620.3488,628.366,617.1853,623.7843,0.0
2022-02-01,623.7843,629.5292,618.9358,626.6942,0.0
2022-02-02,626.6941,636.305,626.4137,630.8869,0.0
2022-02-03,630.8869,635.2799,622.964,635.0331,0.0
2022-02-04,635.0331,646.4366,634.8697,643.0133,0.0
2022-02-07,641.6661,645.6451,637.5995,639.9279,0.0
2022-02-08,638.8568,639.93,627.8645,631.6997,0.0
2022-02-09,630.7443,638.3509,627.7426,636.9765,0.0
2022-02-10,636.0962,644.4112,634.0114,635.4588,0.0
2022-02-11,634.529,647.743,628.9168,643.0807,0.0
2022-02-14,643.0807,653.4141,639.9602,652.3763,0.0
2022-02-15,652.3763,652.4286,633.5598,638.6469,0.0
2022-02-16,638.6468,651.5274,636.7084,647.9755,0.0
2022-02-17,647.9755,647.9755,637.3026,641.925,0.0
2022-02-18,641.9248,647.3061,632.1014,643.5969,0.0
2022-02-22,643.5969,666.2064,643.5969,656.2195,0.0
2022-02-23,656.2194,664.3719,651.31,658.8522,0.0
2022-02-24,658.8522,700.0093,658.8522,667.5954,0.0
2022-02-25,667.5954,677.998,648.0172,652.6157,0.0
2022-02-28,652.6157,681.3764,652.6157,673.0487,0.0
2022-03-01,673.0486,720.7429,673.0486,710.8042,0.0
2022-03-02,710.8042,753.4605,710.8042,746.0652,0.0
2022-03-03,746.0651,784.2365,738.1984,745.8485,0.0
2022-03-04,745.8485,783.8626,745.8485,783.317,0.0
2022-03-07,780.2378,835.953,780.2378,803.7454,0.0
2022-03-08,800.4806,853.2746,791.9154,822.2992,0.0
2022-03-09,818.5828,834.2002,728.892,745.7282,0.0
2022-03-10,742.7756,766.6334,726.7116,727.4788,0.0
2022-03-11,725.3214,744.8072,715.2547,740.8351,0.0
2022-03-14,740.8351,740.8351,707.2968,716.1,0.0
2022-03-15,716.0919,716.0919,679.2655,693.0118,0.0
2022-03-16,693.0038,706.9609,681.8835,684.42,0.0
2022-03-17,684.412,725.3965,684.412,723.1494,0.0
2022-03-18,723.1413,733.811,716.9964,725.606,0.0
2022-03-21,725.606,758.4098,725.606,755.9546,0.0
2022-03-22,755.9461,771.004,743.6106,754.9986,0.0
2022-03-23,755.0028,784.0674,750.4666,782.8545,0.0
2022-03-24,782.8587,789.7315,768.6484,774.7572,0.0
2022-03-25,774.7614,782.115,760.3007,781.5926,0.0
2022-03-28,781.5926,781.5926,742.3055,746.6321,0.0
2022-03-29,746.6321,752.691,709.0458,731.8058,0.0
2022-03-30,731.8058,756.1138,731.8058,750.9223,0.0
2022-03-31,750.9223,750.9223,722.4044,724.1862,0.0
2022-04-01,724.1862,728.9843,713.0933,721.2066,0.0
2022-04-04,721.2066,741.2032,718.8044,737.6629,0.0
2022-04-05,737.6629,747.5008,732.9297,734.8278,0.0
2022-04-06,734.8278,743.2251,712.2458,713.6079,0.0
2022-04-07,712.3356,721.0166,700.8977,709.1071,0.0
2022-04-08,708.3146,721.7954,706.0329,720.364,0.0
2022-04-11,719.5102,719.5102,700.2496,706.8127,0.0
2022-04-12,706.1778,737.4568,706.1778,734.0225,0.0
2022-04-13,733.3508,751.9513,730.5102,751.1527,0.0
2022-04-14,751.1165,766.8917,745.8484,764.8988,0.0
2022-04-18,764.8988,784.1002,764.8988,776.2818,0.0
2022-04-19,776.2817,779.9525,747.0545,749.8822,0.0
2022-04-20,749.8822,758.3257,741.2148,751.0522,0.0
2022-04-21,751.0521,761.1745,749.0536,754.9683,0.0
2022-04-22,754.9683,757.5976,742.8827,745.0018,0.0
2022-04-25,745.0018,745.0018,713.8054,726.9372,0.0
2022-04-26,726.937,746.388,726.1577,742.0331,0.0
2022-04-27,742.0331,751.3394,737.4438,749.3502,0.0
2022-04-28,749.3502,758.5283,742.4723,757.0509,0.0
2022-04-29,757.0509,769.3205,755.145,756.7522,0.0
2022-05-02,756.7522,762.4173,739.6817,760.612,0.0
2022-05-03,760.612,765.7119,745.9198,747.726,0.0
2022-05-04,747.726,774.4434,747.7046,771.3728,0.0
2022-05-05,771.3728,785.846,765.7608,774.4589,0.0
2022-05-06,772.8146,779.7512,763.9737,769.3733,0.0
2022-05-09,768.0365,771.4656,731.5354,733.726,0.0
2022-05-10,732.3986,737.4099,720.0153,723.2401,0.0
2022-05-11,721.7123,748.1325,717.8473,745.662,0.0
2022-05-12,743.995,747.205,727.8841,744.5298,0.0
2022-05-13,744.5298,760.8086,744.5189,759.6836,0.0
2022-05-16,759.6836,778.2736,754.6192,776.398,0.0
2022-05-17,776.398,783.5987,771.7549,772.3788,0.0
2022-05-18,772.3788,778.5776,751.6639,754.7263,0.0
2022-05-19,754.7262,766.852,736.4723,766.4433,0.0
2022-05-20,766.4432,770.2751,759.0388,765.7641,0.0
2022-05-23,765.7641,773.2499,763.9012,772.167,0.0
2022-05-24,772.167,774.3584,762.8491,769.019,0.0
2022-05-25,769.0189,774.8875,767.2217,771.8983,0.0
2022-05-26,771.8982,790.4984,769.6887,785.808,0.0
2022-05-27,785.808,793.1236,780.3647,792.7475,0.0
2022-05-31,792.7488,813.3318,785.4599,786.4548,0.0
2022-06-01,786.4548,802.5755,785.4966,793.477,0.0
2022-06-02,793.4768,802.9574,780.1824,800.3395,0.0
2022-06-03,800.3395,811.2632,795.0114,808.2956,0.0
2022-06-06,808.2956,821.0144,808.2956,816.4387,0.0
2022-06-07,812.7852,817.3502,807.4708,814.2722,0.0
2022-06-08,810.8315,825.3839,810.8315,818.6304,0.0
2022-06-09,815.0984,818.7546,807.9879,816.8141,0.0
2022-06-10,813.0208,816.7322,795.6902,804.8042,0.0
2022-06-13,801.008,801.008,779.6568,794.0697,0.0
2022-06-14,794.0696,802.6536,778.5921,781.1694,0.0
2022-06-15,781.1693,786.2723,773.5495,776.4698,0.0
2022-06-16,776.4698,784.8183,767.6776,783.0702,0.0
2022-06-17,783.07,790.1574,748.227,753.6103,0.0
2022-06-21,753.6103,766.6826,753.6009,755.442,0.0
2022-06-22,755.4419,755.4419,724.002,742.0059,0.0
2022-06-23,742.0059,742.5938,722.1801,724.6323,0.0
2022-06-24,724.6322,738.5154,718.2314,735.0283,0.0
2022-06-27,735.0283,741.3659,725.0293,737.1555,0.0
2022-06-28,737.1554,748.7192,737.1353,744.9141,0.0
2022-06-29,744.914,755.8021,736.2073,737.1569,0.0
2022-06-30,737.1568,737.5367,709.2171,709.2296,0.0
2022-07-01,709.2296,724.9717,704.8134,719.6706,0.0
2022-07-05,719.6706,730.5977,668.2583,674.6913,0.0
2022-07-06,674.6913,685.5312,654.5588,664.149,0.0
2022-07-07,664.149,697.2155,658.1537,691.2026,0.0
2022-07-08,688.1653,699.8827,681.7909,697.6896,0.0
2022-07-11,694.7588,702.1362,687.4884,696.3146,0.0
2022-07-12,693.4287,693.4287,656.1249,657.7458,0.0
2022-07-13,654.9268,667.6613,649.3383,659.7085,0.0
2022-07-14,656.9427,661.6039,632.85,648.0856,0.0
2022-07-15,648.0856,662.7017,643.4519,658.4651,0.0
2022-07-18,658.4651,683.3418,651.5688,681.3804,0.0
2022-07-19,681.3803,681.6271,664.938,679.9403,0.0
2022-07-20,679.9402,682.682,672.6816,681.8949,0.0
2022-07-21,681.8949,681.8949,656.2463,665.6538,0.0
2022-07-22,665.8813,673.9671,657.1456,663.4476,0.0
2022-07-25,663.4476,673.3718,655.9716,672.8023,0.0
2022-07-26,672.8023,687.8525,671.1214,674.3744,0.0
2022-07-27,674.3744,686.056,671.4442,683.9869,0.0
2022-07-28,683.9869,696.0348,682.3061,683.9239,0.0
2022-07-29,683.9239,705.2564,683.0844,692.6372,0.0
2022-08-01,692.6372,692.6372,663.7574,671.6855,0.0
2022-08-02,671.6855,675.4641,661.8825,666.9796,0.0
2022-08-03,666.9796,677.5748,653.7554,656.8371,0.0
2022-08-04,656.8371,661.595,645.924,649.4694,0.0
2022-08-05,648.1715,656.6596,638.6145,649.2679,0.0
2022-08-08,647.8914,651.8155,637.4427,650.7186,0.0
2022-08-09,649.5118,663.1884,646.4482,655.1594,0.0
2022-08-10,653.8783,665.6068,646.4166,664.0143,0.0
2022-08-11,662.7451,679.6432,661.0364,677.6066,0.0
2022-08-12,677.6066,679.6355,666.529,672.6855,0.0
2022-08-15,672.6854,672.6854,647.542,659.5319,0.0
2022-08-16,659.5318,665.7617,649.484,652.1956,0.0
2022-08-17,652.1956,660.6422,650.0035,657.55,0.0
2022-08-18,657.55,669.2762,655.2099,665.5502,0.0
2022-08-19,665.5502,673.7411,655.4387,670.0948,0.0
2022-08-22,670.0639,675.5695,655.7797,672.3314,0.0
2022-08-23,672.3314,690.326,672.3314,684.9276,0.0
2022-08-24,684.9128,692.8062,683.3224,691.7416,0.0
2022-08-25,691.7416,697.7974,683.0184,683.9438,0.0
2022-08-26,683.9438,692.8152,680.3358,688.9634,0.0
2022-08-29,688.9633,703.1581,686.0081,702.2286,0.0
2022-08-30,702.2286,702.2286,671.121,676.1042,0.0
2022-08-31,676.1042,682.9259,661.7776,665.9276,0.0
2022-09-01,665.9276,665.9276,646.3679,648.8166,0.0
2022-09-02,648.8166,660.4212,648.0189,651.4505,0.0
2022-09-06,651.4504,664.5215,645.5741,647.6579,0.0
2022-09-07,647.6579,652.8051,629.6928,630.9652,0.0
2022-09-08,630.0814,636.2384,627.2246,633.8048,0.0
2022-09-09,632.7995,651.0579,631.2552,649.89,0.0
2022-09-12,648.8247,662.375,642.9441,657.6593,0.0
2022-09-13,656.6442,664.1717,644.4228,652.6094,0.0
2022-09-14,651.6183,658.3749,642.6164,653.934,0.0
2022-09-15,653.9058,656.1312,629.9862,632.9392,0.0
2022-09-16,632.9392,637.2299,627.4507,631.5807,0.0
2022-09-19,631.5807,635.7003,617.1384,634.1593,0.0
2022-09-20,634.1593,639.5432,627.703,633.9353,0.0
2022-09-21,633.9352,648.2759,626.8551,629.9677,0.0
2022-09-22,629.9676,642.9102,627.114,631.29,0.0
2022-09-23,631.29,633.127,603.991,606.315,0.0
2022-09-26,606.3149,611.2042,592.0854,593.9209,0.0
2022-09-27,593.9209,607.2494,593.601,601.0052,0.0
2022-09-28,601.0052,619.0254,591.8181,618.6288,0.0
2022-09-29,618.6288,624.7694,611.1465,615.7931,0.0
2022-09-30,615.793,621.5394,605.302,607.7575,0.0
2022-10-03,607.7575,625.3993,607.7575,623.232,0.0
2022-10-04,623.232,643.2142,622.7616,642.03,0.0
2022-10-05,642.03,653.8068,637.7476,650.6051,0.0
2022-10-06,650.6051,656.1928,645.9517,654.3016,0.0
2022-10-07,652.7091,669.139,650.0426,666.7258,0.0
2022-10-10,664.7824,671.4729,656.1488,658.2612,0.0
2022-10-11,656.4909,656.8817,641.9464,646.8892,0.0
2022-10-12,645.0374,650.0604,636.9311,639.9271,0.0
2022-10-13,637.9317,649.1204,628.6953,647.902,0.0
2022-10-14,647.902,651.1173,630.5833,631.8883,0.0
2022-10-17,631.8883,638.1962,627.7198,630.9163,0.0
2022-10-18,630.9163,633.9591,617.0237,620.7758,0.0
2022-10-19,620.7758,625.984,616.4682,624.2214,0.0
2022-10-20,624.2214,634.5697,622.5616,624.6046,0.0
2022-10-21,624.6046,626.7292,616.0808,625.5777,0.0
2022-10-24,625.5777,632.4834,616.6608,626.2942,0.0
2022-10-25,626.2942,632.0713,618.975,631.0202,0.0
2022-10-26,631.0202,643.5595,626.7931,642.0352,0.0
2022-10-27,642.0352,647.2893,640.3098,643.8336,0.0
2022-10-28,643.8336,643.8336,631.7875,636.5313,0.0
2022-10-31,636.5313,643.7772,630.894,636.8438,0.0
2022-11-01,636.8438,646.886,633.435,641.5257,0.0
2022-11-02,641.5257,650.1007,637.3105,649.274,0.0
2022-11-03,649.274,649.274,638.3286,644.8398,0.0
2022-11-04,644.8398,666.6652,643.227,665.9472,0.0
2022-11-07,664.929,671.0861,658.5765,662.4973,0.0
2022-11-08,661.6424,661.9092,648.8392,649.71,0.0
2022-11-09,649.0656,650.0894,633.5322,634.1138,0.0
2022-11-10,633.5824,640.0254,627.0521,637.363,0.0
2022-11-11,636.937,653.4893,636.239,646.7267,0.0
2022-11-14,646.7267,652.2765,636.2822,637.6193,0.0
2022-11-15,637.6193,650.9348,631.8341,643.4693,0.0
2022-11-16,643.4693,645.7672,632.1455,638.4758,0.0
2022-11-17,638.4758,638.7234,622.3452,623.9436,0.0
2022-11-18,623.9436,628.1023,609.01,618.8522,0.0
2022-11-21,618.8522,619.7647,600.1862,617.838,0.0
2022-11-22,617.838,629.6044,617.3932,623.9766,0.0
2022-11-23,623.9766,630.3047,609.9558,614.8787,0.0
2022-11-25,614.8787,621.7198,604.5778,604.9069,0.0
2022-11-28,604.9069,607.1401,591.066,603.4145,0.0
2022-11-29,603.4104,615.4158,600.1593,608.2935,0.0
2022-11-30,608.2934,622.9392,608.2934,621.109,0.0
2022-12-01,621.109,632.3582,619.129,620.9182,0.0
2022-12-02,620.9182,622.4516,610.4967,611.5227,0.0
2022-12-05,611.5227,620.1701,593.3079,593.7613,0.0
2022-12-06,593.7613,596.6808,575.9507,579.228,0.0
2022-12-07,579.2746,584.6394,571.846,573.0529,0.0
2022-12-08,573.1466,584.3858,569.113,572.497,0.0
2022-12-09,572.4579,579.2743,568.9138,572.441,0.0
2022-12-12,572.3616,585.5756,571.2585,582.642,0.0
2022-12-13,582.548,599.881,582.548,596.3861,0.0
2022-12-14,596.3861,604.5645,593.1385,602.8703,0.0
2022-12-15,602.8703,603.7733,593.7741,597.7974,0.0
2022-12-16,597.7974,599.4677,584.5252,588.2113,0.0
2022-12-19,588.2113,592.9529,583.352,586.5169,0.0
2022-12-20,586.5168,591.0277,581.893,588.2224,0.0
2022-12-21,588.2224,600.8903,587.9804,599.425,0.0
2022-12-22,599.425,606.1145,592.9655,594.021,0.0
2022-12-23,594.021,607.4656,594.021,605.7944,0.0
2022-12-27,605.7943,615.6391,605.7943,610.712,0.0
2022-12-28,610.712,612.8095,597.6955,605.8975,0.0
2022-12-29,605.8974,606.2166,597.0415,602.8413,0.0
2022-12-30,602.8413,610.4442,600.9563,610.0719,0.0
2023-01-03,610.105,613.2436,590.0194,590.6316,0.0
2023-01-04,590.6316,592.0479,570.4166,571.237,0.0
2023-01-05,571.2369,581.1012,569.2053,571.1292,0.0
2023-01-06,571.7908,580.1048,569.5279,573.2946,0.0
2023-01-09,573.1574,588.4875,573.1574,580.2392,0.0
2023-01-10,580.1277,584.216,575.036,581.1347,0.0
2023-01-11,580.9168,593.4422,578.1809,592.4936,0.0
2023-01-12,592.2348,602.5244,590.9216,599.5598,0.0
2023-01-13,599.312,606.1608,579.1353,605.7854,0.0
2023-01-17,605.7853,612.0772,601.7786,609.0609,0.0
2023-01-18,609.0608,618.8884,605.0568,606.6928,0.0
2023-01-19,606.6928,612.8209,599.8445,609.5774,0.0
2023-01-20,609.5774,617.0972,608.742,616.1598,0.0
2023-01-23,616.1598,621.2122,614.2971,618.9391,0.0
2023-01-24,618.939,622.1381,611.0063,612.2242,0.0
2023-01-25,612.2242,616.3032,607.869,610.1197,0.0
2023-01-26,610.1197,618.1739,607.3207,615.1899,0.0
2023-01-27,615.1898,620.7581,606.0004,608.903,0.0
2023-01-30,608.903,611.5161,599.2147,599.8714,0.0
2023-01-31,599.8714,607.0618,592.3011,606.0573,0.0
2023-02-01,606.0573,608.8233,588.6237,591.0033,0.0
2023-02-02,591.0033,594.8572,585.5193,587.8904,0.0
2023-02-03,587.8904,593.4442,573.8872,574.5009,0.0
2023-02-06,574.5157,577.632,564.5502,574.1863,0.0
2023-02-07,574.5062,589.0444,574.5062,587.8589,0.0
2023-02-08,588.085,595.3997,586.6048,592.0756,0.0
2023-02-09,592.2976,595.0677,583.5469,589.2273,0.0
2023-02-10,589.4439,599.1967,586.4652,597.6005,0.0
2023-02-13,597.8464,600.8263,591.845,599.6751,0.0
2023-02-14,599.6751,600.3687,590.7046,597.6042,0.0
2023-02-15,597.6042,597.6042,586.776,591.8079,0.0
2023-02-16,591.8078,596.0958,588.4311,590.617,0.0
2023-02-17,590.617,590.617,575.2951,581.5073,0.0
2023-02-21,581.5072,588.8548,581.3965,584.3077,0.0
2023-02-22,584.3077,585.3441,573.2908,573.8248,0.0
2023-02-23,573.8248,580.951,572.5968,576.1845,0.0
2023-02-24,576.1845,581.2618,568.6181,577.5786,0.0
2023-02-27,577.5786,581.0542,574.6776,577.5226,0.0
2023-02-28,577.5226,584.3306,576.5487,581.8661,0.0
2023-03-01,581.8661,588.2362,579.9482,587.8668,0.0
2023-03-02,587.8668,590.4054,584.925,588.1193,0.0
2023-03-03,588.18,596.2929,580.8344,595.8505,0.0
2023-03-06,595.8505,595.8505,586.5612,594.2441,0.0
2023-03-07,594.4322,597.4176,580.6435,582.0111,0.0
2023-03-08,582.1974,582.8594,575.7793,577.6568,0.0
2023-03-09,577.8889,582.7469,570.3142,570.8557,0.0
2023-03-10,571.0743,577.422,565.5494,575.9237,0.0
2023-03-13,576.0012,579.2726,557.3811,570.8036,0.0
2023-03-14,570.8036,571.7162,558.147,559.7884,0.0
2023-03-15,559.7884,564.2581,533.5711,540.6648,0.0
2023-03-16,545.4452,548.2555,533.728,545.2564,0.0
2023-03-17,545.2563,553.3308,534.8636,541.6216,0.0
2023-03-20,541.7317,544.9362,529.7278,543.4516,0.0
2023-03-21,543.4516,549.726,539.2786,548.2758,0.0
2023-03-22,548.2758,553.8913,544.8332,552.4558,0.0
2023-03-23,552.4557,557.1298,547.5651,550.1598,0.0
2023-03-24,550.1598,552.7052,538.505,549.3752,0.0
2023-03-27,549.3752,563.463,547.9226,562.6209,0.0
2023-03-28,562.6209,568.2638,561.3728,565.8347,0.0
2023-03-29,565.8347,570.3499,561.9751,563.22,0.0
2023-03-30,563.22,567.4142,560.7308,566.6462,0.0
2023-03-31,566.6461,574.0241,563.0626,574.0241,0.0
2023-04-03,574.0241,594.6016,574.0241,589.8492,0.0
2023-04-04,589.8492,593.3766,584.1259,588.3467,0.0
2023-04-05,588.3466,591.1072,586.0989,590.1478,0.0
2023-04-06,590.1478,591.9416,585.9784,588.688,0.0
2023-04-10,588.2389,591.1854,584.9135,586.9233,0.0
2023-04-11,586.5349,592.579,584.738,592.0266,0.0
2023-04-12,591.523,598.6702,590.0878,597.7346,0.0
2023-04-13,597.0659,599.2268,593.7162,593.7162,0.0
2023-04-14,593.2164,597.0966,590.603,594.8995,0.0
2023-04-17,594.8995,595.7371,588.8184,591.3877,0.0
2023-04-18,591.3876,595.3474,587.8939,593.1642,0.0
2023-04-19,593.1642,593.7433,581.3746,583.6634,0.0
2023-04-20,583.6634,583.6634,571.978,574.298,0.0
2023-04-21,574.298,577.228,570.639,573.902,0.0
2023-04-24,573.902,579.0119,568.5344,577.5799,0.0
2023-04-25,577.5799,578.883,565.1414,567.956,0.0
2023-04-26,567.9558,571.7266,556.3528,556.94,0.0
2023-04-27,556.9399,558.6259,553.0093,556.2612,0.0
2023-04-28,556.2612,565.6432,552.037,564.9676,0.0
2023-05-01,564.9676,564.9676,555.2326,560.1074,0.0
2023-05-02,560.1074,562.6739,542.4005,543.2693,0.0
2023-05-03,543.2692,543.5036,529.1776,532.0662,0.0
2023-05-04,532.0661,537.5412,527.9724,532.7721,0.0
2023-05-05,532.885,547.083,532.4519,545.5896,0.0
2023-05-08,545.6809,555.4543,544.7624,553.5158,0.0
2023-05-09,553.6067,554.4394,544.4785,554.1743,0.0
2023-05-10,554.242,555.2425,547.886,550.5183,0.0
2023-05-11,550.5697,553.467,540.0221,540.7029,0.0
2023-05-12,540.7028,544.6338,537.4386,538.9058,0.0
2023-05-15,538.9058,548.5214,535.9719,546.3794,0.0
2023-05-16,546.3794,549.1468,541.24,542.667,0.0
2023-05-17,542.667,550.5122,539.4203,549.2696,0.0
2023-05-18,549.2696,549.4007,542.1319,544.9977,0.0
2023-05-19,544.9976,553.4628,541.8442,543.4167,0.0
2023-05-22,543.4167,545.7079,537.8809,544.4413,0.0
2023-05-23,544.4413,549.8206,541.4987,546.4748,0.0
2023-05-24,546.4748,553.3673,546.4456,551.2491,0.0
2023-05-25,551.249,552.1942,537.4186,541.4254,0.0
2023-05-26,541.4254,547.6781,539.84,546.8587,0.0
2023-05-30,546.8587,548.5576,530.7365,532.5702,0.0
2023-05-31,532.5702,533.0076,521.6278,528.2246,0.0
2023-06-01,528.2246,540.8286,526.4718,537.4066,0.0
2023-06-02,537.4065,546.4887,536.4104,545.5785,0.0
2023-06-05,545.5785,553.9201,545.5785,547.6926,0.0
2023-06-06,547.6926,549.8913,540.4746,548.1971,0.0
2023-06-07,546.6169,551.8905,543.2181,549.0141,0.0
2023-06-08,547.264,550.8444,535.896,545.5062,0.0
2023-06-09,543.7259,546.021,539.6798,539.8088,0.0
2023-06-12,538.0125,538.0125,525.1689,527.3916,0.0
2023-06-13,525.7828,538.3474,525.6176,536.6394,0.0
2023-06-14,536.6394,541.1748,532.8233,533.3505,0.0
2023-06-15,533.3505,549.2031,530.984,547.9684,0.0
2023-06-16,547.9683,557.4136,547.659,557.219,0.0
2023-06-20,557.2188,557.2188,545.757,550.6139,0.0
2023-06-21,550.6139,560.1093,549.6737,559.9219,0.0
2023-06-22,559.9219,560.0908,544.5924,547.0376,0.0
2023-06-23,547.0375,547.0375,534.753,541.5642,0.0
2023-06-26,541.5641,547.144,540.8402,542.6405,0.0
2023-06-27,542.5435,546.0946,533.1615,533.713,0.0
2023-06-28,533.713,536.853,527.9522,535.3771,0.0
2023-06-29,535.3771,538.4095,532.0575,535.5468,0.0
2023-06-30,535.5468,544.1768,534.8188,540.4607,0.0
2023-07-03,540.4607,545.4278,536.3137,536.6595,0.0
2023-07-05,536.6595,547.7625,536.6595,545.7594,0.0
2023-07-06,545.7594,546.9994,537.5668,544.137,0.0
2023-07-07,544.1369,552.233,542.5798,551.8415,0.0
2023-07-10,551.3358,554.1457,548.7228,549.8888,0.0
2023-07-11,549.4614,558.0694,549.242,557.6841,0.0
2023-07-12,557.1828,563.798,556.803,559.2236,0.0
2023-07-13,558.7432,566.2309,558.273,565.4211,0.0
2023-07-14,564.994,567.557,560.0683,562.5178,0.0
2023-07-17,562.5178,565.6062,555.431,555.831,0.0
2023-07-18,555.831,565.3636,555.1475,564.2047,0.0
2023-07-19,564.2046,572.5843,563.7779,567.8191,0.0
2023-07-20,567.8191,572.884,566.0938,569.8866,0.0
2023-07-21,569.8866,575.484,569.649,574.7212,0.0
2023-07-24,574.721,588.6258,572.989,586.0481,0.0
2023-07-25,586.0481,589.7158,582.2927,588.8651,0.0
2023-07-26,588.8662,588.8662,584.3216,585.2166,0.0
2023-07-27,585.2166,590.9835,584.4772,588.4094,0.0
2023-07-28,588.4094,591.479,584.0579,590.9369,0.0
2023-07-31,590.9369,593.7573,587.2503,593.4022,0.0
2023-08-01,593.3337,594.5178,589.1497,591.6838,0.0
2023-08-02,591.6838,597.3952,579.0726,580.7089,0.0
2023-08-03,580.7089,588.7253,577.713,587.4037,0.0
2023-08-04,587.4037,593.3087,587.2376,591.6858,0.0
2023-08-07,591.2147,593.0932,586.3568,588.3205,0.0
2023-08-08,587.8811,591.0302,577.1867,590.5027,0.0
2023-08-09,589.985,598.6685,589.6694,597.7035,0.0
2023-08-10,597.0464,600.3182,590.8275,591.898,0.0
2023-08-11,591.3596,594.3025,588.7141,590.7531,0.0
2023-08-14,590.7531,590.7531,583.8245,586.3379,0.0
2023-08-15,586.3379,588.3643,576.1391,577.463,0.0
2023-08-16,577.463,580.3991,573.3514,573.5581,0.0
2023-08-17,573.5581,580.7039,571.3828,577.1764,0.0
2023-08-18,577.1764,583.0364,574.8125,582.0377,0.0
2023-08-21,582.0376,587.2798,578.9135,579.51,0.0
2023-08-22,579.51,581.628,577.303,578.1302,0.0
2023-08-23,578.1302,579.8675,571.7041,577.7474,0.0
2023-08-24,577.7474,579.5753,571.7596,579.0884,0.0
2023-08-25,579.0883,585.7938,577.9998,585.0185,0.0
2023-08-28,585.6177,588.2564,583.4865,585.1214,0.0
2023-08-29,585.1214,587.512,581.0776,586.727,0.0
2023-08-30,586.727,590.0353,584.3025,586.7674,0.0
2023-08-31,586.7674,591.8768,586.0335,591.424,0.0
2023-09-01,591.424,600.3339,591.1649,598.9845,0.0
2023-09-05,598.9844,609.0023,595.5024,604.2076,0.0
2023-09-06,604.2076,607.0522,600.3424,605.1005,0.0
2023-09-07,605.1005,606.8634,601.9454,603.8761,0.0
2023-09-08,603.3144,608.9794,601.3503,606.9938,0.0
2023-09-11,606.3756,612.0745,603.4818,609.278,0.0
2023-09-12,608.5789,613.9194,607.8686,612.3986,0.0
2023-09-13,611.6577,615.1845,610.5632,613.0078,0.0
2023-09-14,612.3114,620.7682,612.3114,619.6288,0.0
2023-09-15,619.6288,623.5565,614.3458,618.0503,0.0
2023-09-18,618.0502,621.2754,614.7527,616.9152,0.0
2023-09-19,616.9152,623.203,616.2,617.5201,0.0
2023-09-20,617.5201,619.0156,611.6198,614.4681,0.0
2023-09-21,614.4275,618.5784,608.663,612.0985,0.0
2023-09-22,612.0985,617.3992,609.3156,611.2389,0.0
2023-09-25,611.2389,613.7101,605.8858,609.1948,0.0
2023-09-26,609.1948,610.0282,601.9117,609.0479,0.0
2023-09-27,609.0479,619.8955,609.0479,618.3012,0.0
2023-09-28,618.3012,623.4271,614.6562,615.7246,0.0
2023-09-29,615.7245,621.4442,608.8004,609.6686,0.0
2023-10-02,609.6176,613.3291,600.8456,602.0114,0.0
2023-10-03,602.0114,602.7199,596.489,600.2809,0.0
2023-10-04,600.2809,601.4622,579.5717,579.7286,0.0
2023-10-05,579.792,581.7458,571.4019,573.2747,0.0
2023-10-06,572.4605,577.0748,570.4146,575.7124,0.0
2023-10-09,574.859,592.4666,574.859,587.6353,0.0
2023-10-10,586.5717,587.6037,582.0431,585.0868,0.0
2023-10-11,584.0608,587.6993,574.1075,577.2121,0.0
2023-10-12,576.4522,582.7258,574.5144,577.9808,0.0
2023-10-13,577.9808,596.3937,577.919,595.8477,0.0
2023-10-16,595.8477,598.1892,590.7311,591.3278,0.0
2023-10-17,591.3277,594.2663,587.4296,591.4034,0.0
2023-10-18,591.4033,603.6567,591.4033,598.9816,0.0
2023-10-19,598.9816,604.6364,591.613,602.406,0.0
2023-10-20,602.4059,607.6762,599.3151,600.7975,0.0
2023-10-23,600.3283,600.3283,590.2838,590.7658,0.0
2023-10-24,590.7658,593.0808,580.1831,583.4583,0.0
2023-10-25,583.4583,589.3598,576.0732,589.0052,0.0
2023-10-26,589.0052,589.6631,579.5515,582.7777,0.0
2023-10-27,582.7776,592.5203,582.4481,591.4137,0.0
2023-10-30,591.4137,591.4137,577.7092,579.5078,0.0
2023-10-31,579.5078,585.2321,576.0496,576.9723,0.0
2023-11-01,576.9723,585.3546,575.2063,575.287,0.0
2023-11-02,575.287,585.082,575.287,584.1828,0.0
2023-11-03,584.1828,588.95,576.5923,577.8941,0.0
2023-11-06,577.8941,583.743,577.6707,578.6681,0.0
2023-11-07,579.0989,579.337,562.4359,562.5783,0.0
2023-11-08,563.0394,564.5042,553.9397,555.7555,0.0
2023-11-09,556.2648,560.6522,553.8678,554.801,0.0
2023-11-10,555.3557,560.3714,554.0595,558.0461,0.0
2023-11-13,558.5133,567.8076,555.2604,566.9746,0.0
2023-11-14,566.9746,573.6482,564.6165,567.5568,0.0
2023-11-15,567.5568,568.9276,562.683,563.5154,0.0
2023-11-16,563.5154,563.8571,545.3878,547.6106,0.0
2023-11-17,547.6106,557.3756,546.4797,556.7494,0.0
2023-11-20,556.7494,566.7586,555.4823,565.0044,0.0
2023-11-21,565.0044,566.7265,562.048,566.3469,0.0
2023-11-22,566.3468,567.7141,550.4982,561.7142,0.0
2023-11-24,561.7142,561.9261,553.2744,554.5442,0.0
2023-11-27,554.7787,555.4717,548.1745,549.7359,0.0
2023-11-28,549.7358,560.552,549.1447,558.4773,0.0
2023-11-29,558.4773,563.7178,554.7119,563.3776,0.0
2023-11-30,563.3776,569.9922,552.3628,555.7702,0.0
2023-12-01,555.7702,558.6791,548.1712,548.7058,0.0
2023-12-04,548.7057,551.4338,540.8393,543.0467,0.0
2023-12-05,543.0467,547.3973,538.8094,539.8957,0.0
2023-12-06,539.8956,541.6828,524.7164,525.0516,0.0
2023-12-07,525.142,530.4618,523.778,525.1421,0.0
2023-12-08,525.223,534.4395,525.223,531.902,0.0
2023-12-11,531.9618,533.5963,526.7614,530.4033,0.0
2023-12-12,530.4823,533.8868,519.1266,520.2613,0.0
2023-12-13,520.4131,524.2303,516.4174,522.7082,0.0
2023-12-14,522.7082,537.5884,522.7082,535.4846,0.0
2023-12-15,535.4846,539.1578,531.9226,537.5608,0.0
2023-12-18,538.6883,549.0699,533.9327,541.5536,0.0
2023-12-19,541.5536,547.7201,538.7553,546.2658,0.0
2023-12-20,546.2658,551.286,543.9794,545.8156,0.0
2023-12-21,545.8155,546.4391,538.6716,543.7928,0.0
2023-12-22,543.7927,548.9301,542.5546,543.727,0.0
2023-12-26,543.727,553.1868,541.2614,551.1537,0.0
2023-12-27,551.2557,552.2911,546.4938,547.0581,0.0
2023-12-28,547.058,548.2467,538.7986,538.902,0.0
2023-12-29,538.7795,540.6516,534.7735,535.6413,0.0
2024-01-02,535.6413,544.3095,528.9754,530.485,0.0
2024-01-03,530.4391,539.8226,525.7714,539.1639,0.0
2024-01-04,539.1639,543.7527,532.3062,536.9945,0.0
2024-01-05,536.9944,544.2276,536.8705,541.7564,0.0
2024-01-08,541.7234,542.3419,525.9251,530.1905,0.0
2024-01-09,530.1059,540.7634,529.7436,538.1895,0.0
2024-01-10,537.8722,542.2057,532.4435,533.7332,0.0
2024-01-11,533.4309,543.2021,532.6924,537.0728,0.0
2024-01-12,536.6232,549.737,536.4854,538.3328,0.0
2024-01-16,538.3328,542.3275,535.0384,537.0067,0.0
2024-01-17,537.0068,537.0068,528.539,534.3058,0.0
2024-01-18,534.3058,541.1096,532.1302,540.6366,0.0
2024-01-19,540.6367,544.6213,538.2398,538.8274,0.0
2024-01-22,538.8275,545.819,535.3828,543.8602,0.0
2024-01-23,543.8603,548.0144,540.2475,545.4298,0.0
2024-01-24,545.43,552.3706,544.7463,549.8603,0.0
2024-01-25,549.8604,559.2182,549.8604,558.6468,0.0
2024-01-26,558.6468,561.6983,553.3558,561.451,0.0
2024-01-29,561.4511,566.1497,554.9609,556.178,0.0
2024-01-30,556.178,562.0909,551.3329,561.2278,0.0
2024-01-31,561.2278,561.8798,554.1007,555.0681,0.0
2024-02-01,555.0681,557.899,546.952,547.5653,0.0
2024-02-02,547.5654,549.2848,538.5223,540.0082,0.0
2024-02-05,540.0082,542.7191,536.0598,541.2877,0.0
2024-02-06,541.2878,546.6711,540.6975,544.687,0.0
2024-02-07,544.9698,549.2778,544.2685,547.7469,0.0
2024-02-08,547.9808,556.9383,547.0922,556.102,0.0
2024-02-09,556.1936,560.9162,554.3245,558.9902,0.0
2024-02-12,559.0191,559.7266,554.1584,558.0708,0.0
2024-02-13,558.1295,562.1056,556.5346,559.3012,0.0
2024-02-14,559.3012,561.1764,552.248,552.7017,0.0
2024-02-15,552.7018,558.5792,548.7367,556.0875,0.0
2024-02-16,556.0875,559.07,552.3149,558.9548,0.0
2024-02-20,558.9549,558.9549,552.5304,553.8723,0.0
2024-02-21,553.8723,557.7586,552.5754,557.3308,0.0
2024-02-22,557.3308,560.154,553.3664,559.288,0.0
2024-02-23,559.288,559.288,550.3321,550.9363,0.0
2024-02-26,550.859,557.5512,548.6644,555.918,0.0
2024-02-27,555.918,561.4998,555.117,561.235,0.0
2024-02-28,561.2351,562.291,556.0044,557.7379,0.0
2024-02-29,557.738,561.226,555.5653,557.9317,0.0
2024-03-01,557.9317,566.7908,556.7505,564.6624,0.0
2024-03-04,564.6624,566.8041,560.4579,561.2257,0.0
2024-03-05,561.2257,561.9477,556.0669,557.5346,0.0
2024-03-06,557.5346,566.2854,556.028,562.0172,0.0
2024-03-07,561.9288,565.603,559.4236,563.564,0.0
2024-03-08,563.5265,567.58,556.7444,559.4604,0.0
2024-03-11,559.5411,563.2982,555.6782,561.7639,0.0
2024-03-12,561.8958,564.7094,559.2366,561.3222,0.0
2024-03-13,561.5204,570.7884,561.5204,570.2859,0.0
2024-03-14,570.286,575.2318,569.5578,573.8452,0.0
2024-03-15,573.8452,576.2911,571.6677,575.3409,0.0
2024-03-18,575.3409,582.852,575.3409,582.4037,0.0
2024-03-19,582.4038,583.762,579.9845,582.9084,0.0
2024-03-20,582.9085,582.9085,574.5432,577.1457,0.0
2024-03-21,577.1457,581.5752,573.7577,576.9454,0.0
2024-03-22,576.9455,577.7867,573.6325,574.4392,0.0
2024-03-25,574.4392,582.3955,574.4392,579.7629,0.0
2024-03-26,579.763,580.993,575.045,575.5686,0.0
2024-03-27,575.5686,575.5686,570.4477,573.8853,0.0
2024-03-28,573.8854,582.6314,573.6864,582.4785,0.0
2024-04-01,582.4786,587.3318,579.7365,583.8833,0.0
2024-04-02,583.8833,591.9456,583.8833,590.5725,0.0
2024-04-03,590.5725,597.0705,590.3702,595.0308,0.0
2024-04-04,595.0309,601.3346,592.5396,599.1808,0.0
2024-04-05,599.1085,604.5194,598.8,601.9073,0.0
2024-04-08,601.797,602.6331,591.5208,599.1657,0.0
2024-04-09,599.0858,601.492,595.1034,595.7014,0.0
2024-04-10,595.6421,599.7452,592.7424,598.088,0.0
2024-04-11,598.0142,600.5169,592.9377,594.1316,0.0
2024-04-12,594.1317,606.8108,594.1317,598.3192,0.0
2024-04-15,598.3194,601.5242,591.1268,596.954,0.0
2024-04-16,596.9541,600.1671,593.3397,596.8136,0.0
2024-04-17,596.8137,597.1183,585.8672,587.1469,0.0
2024-04-18,587.147,589.0346,583.2961,586.4572,0.0
2024-04-19,586.4572,602.0003,584.3713,590.2653,0.0
2024-04-22,590.2653,590.8622,583.4699,589.9588,0.0
2024-04-23,589.9589,593.9688,583.3135,593.8186,0.0
2024-04-24,593.8188,595.5497,591.0113,592.158,0.0
2024-04-25,592.1581,595.135,588.9652,594.6023,0.0
2024-04-26,594.6023,598.9455,594.0774,595.9391,0.0
2024-04-29,595.9245,596.4366,591.65,592.5599,0.0
2024-04-30,592.5599,592.7973,582.2793,586.1663,0.0
2024-05-01,586.1664,586.1664,572.1806,572.6671,0.0
2024-05-02,572.6671,576.9844,570.0653,573.1694,0.0
2024-05-03,573.1694,578.1131,572.5558,573.1897,0.0
2024-05-06,573.1897,578.6972,571.7674,576.9475,0.0
2024-05-07,577.1428,580.0959,573.5894,577.7411,0.0
2024-05-08,577.9959,578.2271,571.2444,577.2907,0.0
2024-05-09,577.4808,581.0627,577.4511,578.9546,0.0
2024-05-10,579.0836,583.735,576.799,577.153,0.0
2024-05-13,577.3438,582.2317,574.3445,579.4994,0.0
2024-05-14,579.4994,580.7015,574.2132,575.5206,0.0
2024-05-15,575.5206,580.3142,571.8435,578.8709,0.0
2024-05-16,578.871,583.3357,578.3715,581.574,0.0
2024-05-17,581.574,587.7091,581.574,587.4845,0.0
2024-05-20,587.4846,592.7585,586.5014,591.0514,0.0
2024-05-21,591.0514,591.4574,584.694,588.9441,0.0
2024-05-22,588.9441,588.9441,581.8666,583.1933,0.0
2024-05-23,583.1933,588.0467,578.4242,579.8935,0.0
2024-05-24,579.8935,583.5653,577.3202,581.6939,0.0
2024-05-28,581.694,593.55,581.694,592.4433,0.0
2024-05-29,592.4433,595.5449,586.9037,587.5309,0.0
2024-05-30,587.531,587.8184,578.0315,578.3106,0.0
2024-05-31,578.3106,581.7249,571.4938,573.2754,0.0
2024-06-03,573.2755,576.8474,562.5033,563.8224,0.0
2024-06-04,563.8224,563.8224,555.777,557.9038,0.0
2024-06-05,557.9038,560.6722,556.1048,560.0111,0.0
2024-06-06,560.0111,569.8496,560.0111,569.1241,0.0
2024-06-07,569.0017,570.945,563.3142,564.4197,0.0
2024-06-10,564.3906,572.5237,563.8578,571.7022,0.0
2024-06-11,571.5667,575.2025,569.5844,573.0036,0.0
2024-06-12,572.8719,579.6903,572.8719,576.4782,0.0
2024-06-13,576.2848,578.6573,573.0182,577.0281,0.0
2024-06-14,577.0282,579.3266,573.6955,575.0868,0.0
2024-06-17,575.0868,578.0851,571.0203,577.3536,0.0
2024-06-18,577.3536,582.5131,574.2362,582.3325,0.0
2024-06-20,582.3325,585.8961,581.8253,583.0179,0.0
2024-06-21,583.018,583.992,577.9095,579.0551,0.0
2024-06-24,579.0552,582.4562,576.2397,582.2141,0.0
2024-06-25,582.2141,583.3667,576.765,577.3726,0.0
2024-06-26,577.3727,580.47,575.1906,577.6742,0.0
2024-06-27,577.6743,583.5407,576.4737,580.4856,0.0
2024-06-28,580.4857,585.4469,577.2608,578.3853,0.0
2024-07-01,578.3854,584.9197,578.0246,584.5505,0.0
2024-07-02,584.5505,589.1869,584.188,584.4536,0.0
2024-07-03,584.4536,588.8178,584.1386,588.716,0.0
2024-07-05,588.716,592.2092,586.9505,587.0953,0.0
2024-07-08,586.3631,586.6794,579.1786,579.8332,0.0
2024-07-09,579.1247,579.9334,573.6167,573.7793,0.0
2024-07-10,573.0384,575.7672,569.8881,573.0157,0.0
2024-07-11,572.2272,576.3866,571.5014,574.3336,0.0
2024-07-12,573.4378,576.0905,571.96,572.3893,0.0
2024-07-15,572.3893,572.7942,567.7011,568.8104,0.0
2024-07-16,568.8104,568.9623,561.8766,564.2097,0.0
2024-07-17,564.2097,568.807,562.9937,568.456,0.0
2024-07-18,568.4561,571.9981,563.8979,566.7234,0.0
2024-07-19,566.7234,566.7234,555.7422,555.8492,0.0
2024-07-22,555.8492,558.609,552.4794,556.8944,0.0
2024-07-23,556.8944,558.4992,550.4514,551.4069,0.0
2024-07-24,551.407,556.7957,551.3463,553.9178,0.0
2024-07-25,553.9178,555.3306,545.867,554.992,0.0
2024-07-26,554.9922,557.1977,546.8427,549.2813,0.0
2024-07-29,549.2813,551.731,541.691,543.1357,0.0
2024-07-30,543.1358,543.2541,537.7592,539.111,0.0
2024-07-31,539.1111,552.0625,539.1111,551.4392,0.0
2024-08-01,551.4392,555.8704,544.3532,544.3691,0.0
2024-08-02,544.3692,548.578,531.475,533.0627,0.0
2024-08-05,533.0627,535.2953,521.813,529.3467,0.0
2024-08-06,529.3467,535.6995,526.2162,530.7576,0.0
2024-08-07,530.3708,539.6236,527.5032,537.3698,0.0
2024-08-08,536.8744,540.4743,533.6385,539.4016,0.0
2024-08-09,538.8868,542.7979,538.26,542.0765,0.0
2024-08-12,541.5207,552.049,540.8643,551.8286,0.0
2024-08-13,551.1241,551.1241,543.8725,544.4078,0.0
2024-08-14,544.4078,547.4764,541.3557,541.8543,0.0
2024-08-15,541.8544,549.1281,541.8097,546.5077,0.0
2024-08-16,546.5078,546.5078,536.606,540.0821,0.0
2024-08-19,540.0821,542.5984,535.9411,536.7492,0.0
2024-08-20,536.7494,539.4922,532.2369,534.3333,0.0
2024-08-21,534.3333,537.9208,528.8621,530.5089,0.0
2024-08-22,530.509,534.0107,528.6523,532.1441,0.0
2024-08-23,532.1442,541.3527,532.0847,540.4569,0.0
2024-08-26,540.4569,550.4219,540.4569,549.2996,0.0
2024-08-27,549.2997,549.8576,544.0546,544.5392,0.0
2024-08-28,544.5392,545.6562,536.4875,538.1516,0.0
2024-08-29,538.1516,545.7154,535.732,544.0781,0.0
2024-08-30,544.0781,547.9328,536.6465,536.7498,0.0
2024-09-03,536.7498,538.2409,523.3469,524.7921,0.0
2024-09-04,524.7921,528.1308,519.7857,520.2017,0.0
2024-09-05,520.2017,526.2589,518.9293,520.1484,0.0
2024-09-06,520.1484,523.7284,509.7823,511.0595,0.0
2024-09-09,510.879,515.9055,509.0862,514.8192,0.0
2024-09-10,514.6162,516.5988,502.4482,504.2219,0.0
2024-09-11,504.0674,512.617,503.658,510.7959,0.0
2024-09-12,510.5928,521.9721,510.5317,518.9688,0.0
2024-09-13,518.6733,524.7105,518.6552,519.0965,0.0
2024-09-16,519.0965,525.9546,517.7951,523.581,0.0
2024-09-17,523.581,529.5915,521.7178,527.6405,0.0
2024-09-18,527.6405,530.2841,523.8636,528.5834,0.0
2024-09-19,528.5834,535.2834,524.6997,533.9936,0.0
2024-09-20,533.9936,535.0649,530.273,533.4098,0.0
2024-09-23,533.4099,539.5895,531.1177,534.3622,0.0
2024-09-24,534.3623,544.344,534.2745,541.1444,0.0
2024-09-25,541.1446,542.8798,535.076,536.8041,0.0
2024-09-26,536.8042,538.4568,527.4113,531.1876,0.0
2024-09-27,531.1877,534.5504,528.0943,532.9315,0.0
2024-09-30,532.9315,537.7651,529.9046,532.8835,0.0
2024-10-01,532.8835,548.026,525.71,540.8681,0.0
2024-10-02,540.8682,551.8402,540.8682,543.5133,0.0
2024-10-03,543.5133,556.3563,543.5133,555.5354,0.0
2024-10-04,555.5354,561.7728,555.221,557.3746,0.0
2024-10-07,557.507,567.364,554.7791,566.6466,0.0
2024-10-08,566.8503,567.829,547.7271,550.8138,0.0
2024-10-09,551.1125,554.8062,541.6812,547.7736,0.0
2024-10-10,548.0023,560.2364,548.0023,559.2524,0.0
2024-10-11,559.3886,562.3544,555.525,559.6437,0.0
2024-10-14,559.6437,559.6437,549.7696,550.4002,0.0
2024-10-15,550.4002,550.4265,533.7324,536.759,0.0
2024-10-16,536.759,539.8644,533.714,536.062,0.0
2024-10-17,536.062,539.7082,532.9021,537.0154,0.0
2024-10-18,537.0155,540.4066,530.2693,531.9896,0.0
2024-10-21,531.9896,539.1831,531.9896,536.49,0.0
2024-10-22,536.49,546.4773,534.701,545.3726,0.0
2024-10-23,545.3726,545.6825,539.418,542.0034,0.0
2024-10-24,542.0034,549.1591,538.1374,540.453,0.0
2024-10-25,540.4531,546.6878,538.3052,546.3166,0.0
2024-10-28,541.659,541.659,526.575,527.5023,0.0
2024-10-29,527.5023,532.3158,525.3831,527.5064,0.0
2024-10-30,527.5066,535.3329,527.5066,533.3871,0.0
2024-10-31,533.3871,538.5994,531.791,534.2031,0.0
2024-11-01,534.2032,543.412,534.2032,534.8001,0.0
2024-11-04,534.8001,543.85,534.366,543.0374,0.0
2024-11-05,543.0374,548.6144,542.2647,545.501,0.0
2024-11-06,545.501,545.8197,532.637,541.4801,0.0
2024-11-07,541.9987,548.797,539.8609,547.224,0.0
2024-11-08,547.8084,547.9555,537.2395,538.4194,0.0
2024-11-11,539.0042,540.0475,529.198,530.4168,0.0
2024-11-12,531.0769,535.0016,529.4808,530.5006,0.0
2024-11-13,531.1058,534.0926,525.419,531.4751,0.0
2024-11-14,530.7163,535.0496,528.5424,530.3392,0.0
2024-11-15,530.3392,532.6176,525.852,527.1867,0.0
2024-11-18,527.1868,538.6695,526.5811,538.0512,0.0
2024-11-19,538.0512,541.2411,536.1043,539.2561,0.0
2024-11-20,539.2561,542.4813,538.7912,539.2716,0.0
2024-11-21,539.2718,546.4085,539.2718,543.843,0.0
2024-11-22,543.8431,548.0943,540.8029,547.1942,0.0
2024-11-25,547.2668,549.8744,538.0714,538.5927,0.0
2024-11-26,538.5927,544.62,535.8924,538.9872,0.0
2024-11-27,538.9873,540.8166,535.0488,536.7875,0.0
2024-11-29,536.7875,541.6704,535.477,535.7093,0.0
2024-12-02,535.7093,539.5211,531.817,533.2838,0.0
2024-12-03,533.2838,541.3988,532.4469,540.0185,0.0
2024-12-04,540.0185,541.9279,534.9823,535.1673,0.0
2024-12-05,535.1673,538.3188,533.287,534.622,0.0
2024-12-06,534.3472,534.8631,529.7613,531.4829,0.0
2024-12-09,531.2685,539.6744,531.2685,537.2308,0.0
2024-12-10,536.9637,540.4094,534.6147,538.8645,0.0
2024-12-11,538.5966,545.7796,538.5192,545.3595,0.0
2024-12-12,544.998,546.7249,539.4246,543.1704,0.0
2024-12-13,543.1704,546.7065,542.8828,546.2978,0.0
2024-12-16,546.2978,546.2978,542.7542,543.1479,0.0
2024-12-17,543.148,543.8524,534.9854,538.7578,0.0
2024-12-18,538.7578,543.5207,538.5153,539.9394,0.0
2024-12-19,539.9394,540.8308,534.743,535.8841,0.0
2024-12-20,535.8841,540.4228,533.1482,539.0708,0.0
2024-12-23,539.0708,542.3468,534.7564,537.3288,0.0
2024-12-24,537.3289,542.8368,537.3289,541.7461,0.0
2024-12-26,541.7462,543.4159,538.9976,540.0005,0.0
2024-12-27,540.0006,543.6682,539.0143,543.1504,0.0
2024-12-30,543.1504,551.6283,543.1504,547.914,0.0
2024-12-31,547.914,550.7002,545.8289,549.6434,0.0
2025-01-02,549.6434,558.7152,549.6434,555.6274,0.0
2025-01-03,555.6275,557.2318,552.2672,553.6366,0.0
2025-01-06,553.6366,561.6935,553.6366,555.8166,0.0
2025-01-07,555.8167,558.8386,552.9317,557.3379,0.0
2025-01-08,556.8861,560.8234,552.1931,552.8847,0.0
2025-01-09,552.3535,559.4599,550.9406,557.9464,0.0
2025-01-10,557.3711,573.8032,557.3711,570.9737,0.0
2025-01-13,570.1139,578.6759,570.1139,576.1283,0.0
2025-01-14,575.0472,575.124,571.0955,571.9032,0.0
2025-01-15,571.9032,583.1634,571.1933,581.7657,0.0
2025-01-16,581.7657,583.9676,575.2916,579.3265,0.0
2025-01-17,579.3265,581.8355,575.568,577.9557,0.0
2025-01-21,577.9557,577.9557,569.8374,572.9894,0.0
2025-01-22,572.9894,575.0261,570.2593,572.2723,0.0
2025-01-23,572.2723,574.6566,568.7798,570.2603,0.0
2025-01-24,570.2603,572.4417,567.3382,571.143,0.0
2025-01-27,571.143,571.143,559.5424,562.4903,0.0
2025-01-28,562.4903,565.9458,561.6075,564.3412,0.0
2025-01-29,564.3412,567.3293,562.1299,564.3842,0.0
2025-01-30,564.3842,567.8164,561.9383,564.3799,0.0
2025-01-31,564.3799,566.4423,559.0803,561.9173,0.0
2025-02-03,561.9173,571.1577,561.9173,566.9422,0.0
2025-02-04,566.9422,569.7662,557.821,567.57,0.0
2025-02-05,567.57,568.4336,562.1678,562.8738,0.0
2025-02-06,562.8738,566.0634,559.4259,561.9673,0.0
2025-02-07,562.1273,565.8881,561.9348,563.2335,0.0
2025-02-10,563.4232,571.114,563.4232,570.438,0.0
2025-02-11,570.6415,575.4544,570.0105,574.3975,0.0
2025-02-12,574.6082,574.6082,568.8933,569.1634,0.0
2025-02-13,569.4322,570.7517,565.5238,569.892,0.0
2025-02-14,569.892,575.6643,568.713,569.4283,0.0
2025-02-18,569.4283,576.409,568.9108,575.957,0.0
2025-02-19,575.957,580.865,575.1725,577.2649,0.0
2025-02-20,577.2649,580.267,576.992,578.5558,0.0
2025-02-21,578.5559,579.669,568.941,569.4019,0.0
2025-02-24,569.4019,569.4019,565.734,567.1225,0.0
2025-02-25,567.1225,569.1143,557.9258,559.9488,0.0
2025-02-26,559.9488,561.9692,556.1527,557.0866,0.0
2025-02-27,557.0866,561.101,556.5859,560.2752,0.0
2025-02-28,560.2752,560.2752,553.1595,553.5848,0.0
2025-03-03,553.5848,557.7946,547.7282,549.8337,0.0
2025-03-04,549.8337,550.387,543.7917,549.6328,0.0
2025-03-05,549.6328,550.7127,542.1516,546.4584,0.0
2025-03-06,546.4584,550.0078,544.8825,547.534,0.0
2025-03-07,547.5149,554.9024,545.8723,551.3098,0.0
2025-03-10,551.365,555.2214,547.8661,548.3746,0.0
2025-03-11,548.433,553.6618,544.5858,549.7516,0.0
2025-03-12,549.8485,554.1,549.0821,553.0826,0.0
2025-03-13,553.2202,554.3243,550.0748,550.6375,0.0
2025-03-14,550.6375,553.6603,548.7422,551.6911,0.0
2025-03-17,551.6911,557.887,551.6911,555.8898,0.0
2025-03-18,555.8899,559.8158,553.3358,554.1162,0.0
2025-03-19,554.1162,558.4362,552.0182,556.9029,0.0
2025-03-20,556.9029,560.3776,554.4864,559.7675,0.0
2025-03-21,559.7675,561.4344,556.9323,558.215,0.0
2025-03-24,558.215,561.9102,556.9297,560.0165,0.0
2025-03-25,560.0165,563.5508,558.0165,560.0771,0.0
2025-03-26,560.0771,563.9104,560.0442,561.2901,0.0
2025-03-27,561.2901,562.7606,557.7614,562.2722,0.0
2025-03-28,562.2722,562.8149,558.0786,560.5069,0.0
2025-03-31,560.5069,568.5866,559.2397,568.0834,0.0
2025-04-01,568.0834,570.8079,566.6766,568.4152,0.0
2025-04-02,568.4153,572.166,565.7967,571.5202,0.0
2025-04-03,571.5202,571.5202,547.6786,549.874,0.0
2025-04-04,549.874,550.1558,516.8548,522.697,0.0
2025-04-07,520.2338,532.8704,509.5575,514.5713,0.0
2025-04-08,514.6456,521.6341,507.1576,509.1159,0.0
2025-04-09,509.069,523.4641,492.5562,521.5681,0.0
2025-04-10,521.4975,528.1808,512.298,517.0384,0.0
2025-04-11,517.0008,526.1075,514.8496,525.1592,0.0
2025-04-14,525.1592,529.877,522.9434,525.145,0.0
2025-04-15,525.145,528.0287,522.2682,524.0912,0.0
2025-04-16,524.0912,532.1491,520.7174,531.0161,0.0
2025-04-17,531.0161,539.6434,531.0161,538.5269,0.0
2025-04-21,538.5269,538.5269,531.0839,531.9703,0.0
2025-04-22,531.9703,540.8516,531.9703,538.1811,0.0
2025-04-23,538.1811,542.5448,529.3927,532.8139,0.0
2025-04-24,532.8139,537.3012,532.5068,536.4912,0.0
2025-04-25,536.4912,539.1658,532.6547,537.2056,0.0
2025-04-28,537.2056,538.9257,533.2563,535.3467,0.0
2025-04-29,535.3467,535.6906,527.8759,528.5754,0.0
2025-04-30,528.5754,528.5754,516.8767,518.1492,0.0
2025-05-01,518.1493,520.9825,510.4657,520.2785,0.0
2025-05-02,520.2785,523.9082,517.9818,520.1788,0.0
2025-05-05,520.2209,520.2209,512.2759,516.1159,0.0
2025-05-06,516.1159,527.7122,516.1159,524.8833,0.0
2025-05-07,524.947,529.1376,518.5212,519.6124,0.0
2025-05-08,519.3454,526.1462,518.7596,525.6674,0.0
2025-05-09,525.7436,532.5836,525.7436,531.5338,0.0
2025-05-12,531.4795,540.4583,530.421,534.3914,0.0
2025-05-13,534.4386,542.9327,533.3558,541.9708,0.0
2025-05-14,541.9709,542.3082,538.1142,538.8862,0.0
2025-05-15,538.8862,538.8862,527.9898,532.6327,0.0
2025-05-16,532.6327,534.9786,529.6397,533.0951,0.0
2025-05-19,533.0951,534.9688,529.9193,533.0312,0.0
2025-05-20,533.0312,537.5708,530.8761,536.2536,0.0
2025-05-21,536.2536,541.2028,535.414,536.1768,0.0
2025-05-22,536.1768,536.6754,528.908,533.009,0.0
2025-05-23,533.009,535.8231,528.8175,534.9981,0.0
2025-05-27,534.9981,535.2407,528.3247,530.9704,0.0
2025-05-28,530.9704,534.5432,530.2726,531.2792,0.0
2025-05-29,531.2792,535.9594,526.3871,527.5937,0.0
2025-05-30,527.5937,530.154,522.3991,524.6726,0.0
2025-06-02,524.6726,539.8388,524.6726,534.5556,0.0
2025-06-03,534.5556,539.9533,533.3154,538.2936,0.0
2025-06-04,538.2936,540.7135,534.1263,536.7092,0.0
2025-06-05,536.7092,543.1964,535.6244,540.4814,0.0
2025-06-06,540.0237,545.4731,537.973,545.0061,0.0
2025-06-09,544.4759,546.4149,542.4598,546.0583,0.0
2025-06-10,545.4664,547.414,542.3538,543.5573,0.0
2025-06-11,542.9459,552.6644,541.2235,552.0066,0.0
2025-06-12,551.3797,554.0216,548.1922,550.8529,0.0
2025-06-13,550.853,579.0461,550.853,568.4128,0.0
2025-06-16,568.4128,577.2857,557.4434,567.4223,0.0
2025-06-17,567.3372,580.0308,566.131,578.6649,0.0
2025-06-18,578.6649,583.595,573.5241,581.351,0.0
2025-06-20,581.351,585.349,578.6324,580.9991,0.0
2025-06-23,580.9991,591.2179,561.7953,562.6885,0.0
2025-06-24,562.6886,562.6886,541.3886,541.9875,0.0
2025-06-25,541.9875,547.1725,541.9808,542.2264,0.0
2025-06-26,542.2264,547.6453,542.0564,544.4262,0.0
2025-06-27,544.4262,546.355,541.7426,545.7116,0.0
2025-06-30,545.7116,546.2242,541.4262,543.1381,0.0
2025-07-01,543.1381,545.9388,541.4727,544.1946,0.0
2025-07-02,544.1946,554.7907,542.9643,554.4772,0.0
2025-07-03,554.4772,555.9238,551.6638,552.5595,0.0
2025-07-07,552.5595,554.674,545.5718,553.4623,0.0
2025-07-08,552.049,556.0045,549.7448,554.2125,0.0
2025-07-09,552.8265,554.3069,549.1021,551.9047,0.0
2025-07-10,550.5386,552.5312,545.2943,546.0398,0.0
2025-07-11,544.7662,553.134,543.4734,551.3896,0.0
2025-07-14,550.016,555.5396,545.506,545.7612,0.0
2025-07-15,545.7612,547.2384,543.0591,544.7311,0.0
2025-07-16,544.7311,546.6179,540.8738,545.0316,0.0
2025-07-17,545.0316,549.5957,544.1643,549.2212,0.0
2025-07-18,549.2213,557.9107,549.1038,551.6172,0.0
2025-07-21,551.6173,552.0376,547.8133,551.194,0.0
2025-07-22,551.194,551.194,546.6452,548.628,0.0
2025-07-23,548.628,550.4685,545.3275,547.6834,0.0
2025-07-24,547.6834,551.5512,546.102,548.7193,0.0
2025-07-25,548.7193,550.4294,544.6873,545.067,0.0
2025-07-28,545.067,551.675,544.2863,549.4704,0.0
2025-07-29,549.4705,558.8725,548.6648,557.1203,0.0
2025-07-30,557.1204,559.8766,553.9381,558.2163,0.0
2025-07-31,558.2164,559.6922,551.8262,553.9948,0.0
2025-08-01,553.9948,555.2724,544.8133,545.5826,0.0
2025-08-04,545.5826,547.2732,539.9909,542.8691,0.0
2025-08-05,542.8691,543.4919,538.6471,539.5528,0.0
2025-08-06,539.5528,546.6101,537.8988,539.1834,0.0
2025-08-07,538.7899,542.1651,538.1072,538.8264,0.0
2025-08-08,538.5229,542.8126,535.7723,538.0076,0.0
2025-08-11,537.6288,539.3418,533.1478,537.546,0.0
2025-08-12,537.2625,538.4889,534.4911,535.1024,0.0
2025-08-13,534.9368,535.7948,529.9546,533.2836,0.0
2025-08-14,533.2836,535.4724,531.6981,534.8578,0.0
2025-08-15,534.8578,536.024,532.2338,534.2244,0.0
2025-08-18,534.2244,537.2256,530.7064,535.8677,0.0
2025-08-19,535.8677,536.0431,531.9918,532.5288,0.0
2025-08-20,532.5328,538.7419,532.5047,537.9381,0.0
2025-08-21,537.9381,543.1405,537.9381,542.6686,0.0
2025-08-22,542.6686,545.7393,541.3169,545.0984,0.0
2025-08-25,545.0984,549.7397,544.0984,548.6343,0.0
2025-08-26,548.6343,548.6343,542.7707,543.1332,0.0
2025-08-27,543.1332,546.4558,541.1952,546.2142,0.0
2025-08-28,546.2142,549.0287,543.7516,548.7246,0.0
2025-08-29,548.7246,550.0066,547.1565,549.7115,0.0
2025-09-02,549.7115,557.9217,549.7115,557.5461,0.0
2025-09-03,557.5461,558.4649,551.775,552.5356,0.0
2025-09-04,552.2765,552.2765,546.4177,548.8968,0.0
2025-09-05,548.8968,549.6444,542.2364,543.2886,0.0
2025-09-08,542.9906,549.4649,542.8874,546.4739,0.0
2025-09-09,546.2191,550.8026,546.1632,546.7127,0.0
2025-09-10,546.407,551.0688,546.407,549.8825,0.0
2025-09-11,549.6106,550.0655,543.7582,545.8556,0.0
2025-09-12,545.6244,552.2619,543.5304,548.3523,0.0
2025-09-15,548.3524,554.5998,547.8976,553.6708,0.0
2025-09-16,553.6716,559.2745,552.4235,558.5081,0.0
2025-09-17,558.5081,559.1709,551.7522,553.025,0.0
2025-09-18,552.7191,553.7114,548.6964,549.6233,0.0
2025-09-19,549.6233,550.5384,545.3696,545.9363,0.0
2025-09-22,545.9363,549.1674,542.7015,545.9688,0.0
2025-09-23,545.969,553.1214,543.982,551.4748,0.0
2025-09-24,551.2367,557.0978,550.2483,556.8802,0.0
2025-09-25,556.8802,558.9743,554.26,558.1229,0.0
2025-09-26,558.1229,563.6837,556.8944,561.4413,0.0
2025-09-29,561.4413,561.4413,552.9994,554.4959,0.0
2025-09-30,554.496,554.496,548.2179,549.978,0.0
2025-10-01,549.978,552.9245,546.6136,549.3407,0.0
2025-10-02,548.7159,551.4621,542.957,543.851,0.0
2025-10-03,544.0676,547.8898,544.036,546.2578,0.0
2025-10-06,546.2578,551.7356,546.2578,550.7516,0.0
2025-10-07,551.1035,553.1562,548.2246,552.3488,0.0
2025-10-08,552.6101,557.5605,552.6101,556.3788,0.0
2025-10-09,555.6719,559.1604,550.8831,551.9105,0.0
2025-10-10,552.1668,552.6115,538.3328,539.9621,0.0
2025-10-13,541.0763,547.7938,541.0763,546.4765,0.0
2025-10-14,546.4923,548.1339,538.0044,542.5942,0.0
2025-10-15,542.5942,545.3563,540.6959,541.8902,0.0
2025-10-16,541.8902,546.2723,541.0207,541.6892,0.0
2025-10-17,542.4826,542.7292,537.359,539.8473,0.0
2025-10-20,539.8474,544.8603,539.3668,544.5834,0.0
2025-10-21,544.9087,545.704,538.7614,541.8822,0.0
2025-10-22,542.8207,548.2592,540.9586,545.803,0.0
2025-10-23,545.803,563.4185,545.803,561.4591,0.0
2025-10-24,561.4591,562.2674,558.437,559.1414,0.0
2025-10-27,559.8951,562.001,555.935,556.7012,0.0
2025-10-28,556.7012,556.7224,548.774,550.7076,0.0
2025-10-29,550.7076,556.8806,548.8431,554.7503,0.0
2025-10-30,554.7503,555.5247,549.4829,554.7285,0.0
2025-10-31,555.8693,558.3271,552.7774,556.997,0.0
2025-11-03,556.997,562.2687,556.2088,561.0505,0.0
2025-11-04,560.977,560.977,554.9342,557.1016,0.0
2025-11-05,557.1016,559.1903,553.3969,553.773,0.0
2025-11-06,553.7635,558.3332,549.8115,552.1956,0.0
2025-11-07,552.7133,557.7051,552.041,553.6062,0.0
2025-11-10,553.6248,560.7013,553.6248,560.6911,0.0
2025-11-11,560.6793,567.5262,559.3212,566.7816,0.0
2025-11-12,566.8076,567.3599,557.6622,558.5626,0.0
2025-11-13,558.655,561.1056,556.4078,557.6217,0.0
2025-11-14,557.7993,564.1793,555.7313,559.2819,0.0
2025-11-17,559.2819,559.9759,555.1377,558.5496,0.0
2025-11-18,558.5496,562.5583,554.3795,562.0327,0.0
2025-11-19,562.0327,563.2452,553.8158,555.533,0.0
2025-11-20,555.533,558.5531,550.0246,551.2575,0.0
2025-11-21,551.2575,551.2575,541.7577,546.3966,0.0
2025-11-24,546.3966,547.5276,541.3438,546.9672,0.0
2025-11-25,547.7795,548.464,539.111,543.3767,0.0
2025-11-26,543.4076,550.0938,543.396,549.638,0.0
2025-11-28,549.638,558.3665,549.638,555.1701,0.0
2025-12-01,555.1701,560.3477,555.1701,558.4543,0.0
2025-12-02,558.636,558.8168,554.6934,555.2797,0.0
2025-12-03,555.5899,560.2588,554.4235,557.4279,0.0
2025-12-04,557.4279,561.808,556.0525,560.9606,0.0
2025-12-05,560.2252,567.8603,559.9983,564.7302,0.0
2025-12-08,563.9472,564.3455,554.976,555.563,0.0
2025-12-09,554.8267,555.5659,550.4618,550.559,0.0
2025-12-10,549.9716,552.5168,548.7768,551.0088,0.0
2025-12-11,552.0771,554.2653,547.4664,550.2742,0.0
2025-12-12,550.2742,552.4866,544.6452,545.5081,0.0
2025-12-15,545.5832,548.694,540.2295,542.4575,0.0
2025-12-16,542.4575,542.4794,534.5885,534.8724,0.0
2025-12-17,534.8724,541.8283,534.8724,539.3357,0.0
2025-12-18,539.3357,543.1634,538.2441,538.9082,0.0
2025-12-19,538.9082,543.1184,537.3955,542.2015,0.0
2025-12-22,542.2015,550.0272,542.2015,549.5296,0.0
2025-12-23,549.5296,554.77,549.5296,554.4821,0.0
2025-12-24,555.0849,557.6964,552.6148,554.5012,0.0
2025-12-26,554.5012,558.1145,550.011,550.4011,0.0
2025-12-29,550.4011,555.8414,550.2614,551.309,0.0
2025-12-30,551.309,556.8686,549.4212,554.2844,0.0
2025-12-31,554.2844,554.2844,548.0138,548.5183,0.0
2026-01-02,548.5183,551.377,544.665,547.9854,0.0
2026-01-05,547.1137,558.2858,547.1137,557.589,0.0
2026-01-06,557.589,561.189,554.9756,555.5127,0.0
2026-01-07,555.5127,555.9074,549.9389,550.4835,0.0
2026-01-08,549.9922,557.1578,548.3532,555.3929,0.0
2026-01-09,554.8905,563.2896,554.8905,559.822,0.0
2026-01-12,559.5509,565.3333,559.5509,563.6605,0.0
2026-01-13,563.1421,571.3794,562.1214,570.2168,0.0
2026-01-14,569.6969,574.2127,567.2866,573.5461,0.0
2026-01-15,573.5462,573.5462,560.8366,563.761,0.0
2026-01-16,563.761,566.9875,560.6712,562.923,0.0
2026-01-20,562.923,572.0345,562.923,571.3546,0.0
2026-01-21,570.4972,578.7924,568.0437,576.466,0.0
2026-01-22,576.466,577.8356,571.1529,573.8391,0.0
2026-01-23,573.8391,584.968,573.8391,584.1152,0.0
2026-01-26,584.1153,590.4782,584.1153,588.0062,0.0
2026-01-27,586.115,593.0608,582.6142,592.5279,0.0
2026-01-28,592.5279,600.9522,592.5279,599.8133,0.0
2026-01-29,599.8133,621.6449,599.8133,610.1286,0.0
2026-01-30,610.1286,612.4448,591.9464,598.1873,0.0
2026-02-02,598.1873,598.1873,569.5344,575.2354,0.0
2026-02-03,575.2354,589.1757,575.2354,587.2031,0.0
2026-02-04,588.711,594.4709,585.9713,593.7046,0.0
2026-02-05,593.7046,594.2983,580.2384,584.7592,0.0
2026-02-06,584.6281,592.4434,577.6258,587.5558,0.0
2026-02-09,586.5695,593.8014,583.7724,591.6138,0.0
2026-02-10,591.6737,592.4193,586.8896,587.9115,0.0
2026-02-11,588.0066,597.4513,588.0066,593.4426,0.0
2026-02-12,593.5478,595.7526,581.4563,583.0869,0.0
2026-02-13,583.0869,585.2979,578.8955,583.8537,0.0
2026-02-17,583.8538,585.3517,575.497,577.7937,0.0
2026-02-18,577.1533,593.4185,577.1533,592.6708,0.0
2026-02-19,592.6708,599.5984,592.0945,598.9113,0.0
2026-02-20,598.9113,604.3486,598.5604,602.3191,0.0
2026-02-23,602.3191,608.2884,600.2099,603.0727,0.0
2026-02-24,603.0727,606.5064,601.1316,601.3204,0.0
2026-02-25,601.3204,606.253,601.3204,604.5577,0.0
2026-02-26,604.6685,608.128,597.0407,603.2282,0.0
2026-02-27,603.2282,614.5695,600.9226,610.902,0.0
2026-03-02,610.902,645.8572,610.902,632.2652,0.0
2026-03-03,632.92,662.5055,632.92,647.7326,0.0
2026-03-04,647.7328,663.8044,643.2845,649.9562,0.0
2026-03-05,649.9562,674.5009,649.9562,669.3731,0.0
2026-03-06,667.5121,704.9535,658.5833,700.6271,0.0
2026-03-09,697.1267,794.4103,697.1267,707.3392,0.0
2026-03-10,697.858,700.3208,652.4416,675.0191,0.0
2026-03-11,673.3787,693.6652,667.6372,690.905,0.0
2026-03-12,689.1547,721.2988,689.1547,718.0468,0.0
2026-03-13,718.0468,723.9854,706.4922,722.859,0.0
2026-03-16,722.859,731.373,706.8852,708.7914,0.0
2026-03-17,708.7914,726.6613,708.7914,721.0645,0.0
2026-03-18,720.9829,737.0646,708.3883,728.981,0.0
2026-03-19,732.8441,753.3481,720.2884,727.5854,0.0
2026-03-20,727.5854,738.8124,716.2617,736.1486,0.0
2026-03-23,736.1486,744.67,683.4071,694.0335,0.0
2026-03-24,694.0335,714.1694,694.0335,711.3402,0.0
2026-03-25,711.3402,711.3402,685.2937,701.3324,0.0
2026-03-26,702.5678,722.8108,701.2938,720.1213,0.0
2026-03-27,720.1213,740.2834,710.9844,739.2331,0.0
2026-03-30,739.2331,756.3268,739.2331,749.1519,0.0
2026-03-31,749.1519,760.1688,740.8192,745.1762,0.0
2026-04-01,745.1762,751.613,725.6845,738.663,0.0
2026-04-02,738.663,780.093,729.8718,771.8257,0.0
2026-04-06,771.8257,784.243,764.1078,776.5796,0.0
2026-04-07,776.5796,789.0407,771.1371,777.0857,0.0
2026-04-08,768.7254,768.7254,696.6107,704.5248,0.0
2026-04-09,704.057,726.492,704.057,714.261,0.0
2026-04-10,709.3467,715.6429,702.0971,704.6743,0.0
2026-04-13,700.4552,729.0306,700.4552,715.5319,0.0
2026-04-14,711.2774,711.4306,697.3199,698.1334,0.0
2026-04-15,698.1335,706.0103,692.5879,700.5619,0.0
2026-04-16,700.5619,711.992,698.1699,710.7012,0.0
2026-04-17,710.7013,710.7935,666.1191,679.0998,0.0
2026-04-20,679.0998,701.0834,679.0998,695.3402,0.0
2026-04-21,695.3402,710.148,688.4558,705.1543,0.0
2026-04-22,705.1543,722.9946,700.4752,720.8512,0.0
2026-04-23,720.0532,737.8821,717.0379,731.1158,0.0
2026-04-24,731.1158,739.4816,723.0626,728.658,0.0
2026-04-27,728.658,742.6966,728.658,738.1906,0.0
2026-04-28,738.1906,750.6422,737.3176,746.6841,0.0
2026-04-29,746.6842,773.5095,742.7012,770.6846,0.0
2026-04-30,770.6846,787.175,760.387,768.4309,0.0
2026-05-01,768.4309,776.104,752.6939,760.3507,0.0
2026-05-04,760.3507,779.1273,752.4828,777.8058,0.0
2026-05-05,777.7162,777.7162,762.6472,765.1433,0.0
2026-05-06,765.1433,765.1433,713.5092,735.0968,0.0
2026-05-07,732.1595,735.8894,711.8618,727.7047,0.0
2026-05-08,724.9908,735.8574,724.8803,732.2122,0.0
2026-05-11,729.1764,748.562,729.1764,744.4992,0.0
2026-05-12,741.7371,758.2336,741.7371,756.902,0.0
2026-05-13,754.0179,758.2118,748.5329,749.7467,0.0
2026-05-14,749.7467,753.3592,739.4835,743.1712,0.0
2026-05-15,743.1712,752.3686,743.1712,751.158,0.0
2026-05-18,751.158,767.7494,746.7307,765.3489,0.0
2026-05-19,765.3489,765.3489,756.387,763.1463,0.0
2026-05-20,763.1463,763.8864,735.2974,741.2013,0.0
2026-05-21,741.2013,753.5308,729.609,731.7799,0.0
2026-05-22,731.7799,741.273,725.0255,731.6831,0.0
