2026-03-04 06:55:00,26.09,26.11,26.08,26.08,715
2026-03-04 07:00:00,26.25,26.25,26.25,26.25,636
2026-03-04 07:10:00,26.18,26.18,26.18,26.18,250
2026-03-04 08:00:00,26.42,26.42,26.42,26.42,507
2026-03-04 08:05:00,25.95,25.95,25.95,25.95,500
2026-03-04 08:10:00,26.0,26.0,26.0,26.0,250
2026-03-04 09:20:00,26.0,26.0,26.0,26.0,100
2026-03-04 09:25:00,26.0,26.0,26.0,26.0,900
2026-03-04 09:30:00,26.04,26.1196,26.0033,26.07,14632
2026-03-04 09:35:00,26.07,26.19,26.07,26.12,21032
2026-03-04 09:40:00,26.12,26.14,26.09,26.1314,10826
2026-03-04 09:45:00,26.13,26.145,26.0613,26.0613,15534
2026-03-04 09:50:00,26.07,26.07,26.03,26.03,7893
2026-03-04 09:55:00,26.03,26.03,25.98,25.9801,4705
2026-03-04 10:00:00,25.99,26.025,25.98,26.025,1605
2026-03-04 10:05:00,26.01,26.04,26.01,26.03,13488
2026-03-04 10:10:00,26.02,26.0371,25.92,25.92,38027
2026-03-04 10:15:00,25.93,25.98,25.93,25.97,3512
2026-03-04 10:20:00,25.985,25.99,25.98,25.98,5374
2026-03-04 10:25:00,26.0069,26.03,25.9699,26.02,19966
2026-03-04 10:30:00,26.02,26.05,25.985,26.03,6576
2026-03-04 10:35:00,26.03,26.0401,25.98,26.04,13390
2026-03-04 10:40:00,26.03,26.03,26.01,26.01,2996
2026-03-04 10:45:00,26.0099,26.01,25.967,25.97,1772
2026-03-04 10:50:00,25.98,26.01,25.98,26.01,2703
2026-03-04 10:55:00,26.01,26.02,25.9901,25.9901,23897
2026-03-04 11:00:00,26.03,26.085,26.03,26.085,5082
2026-03-04 11:05:00,26.08,26.095,26.025,26.025,4600
2026-03-04 11:10:00,26.02,26.025,26.0,26.01,13532
2026-03-04 11:15:00,26.01,26.03,25.99,26.025,4925
2026-03-04 11:20:00,26.03,26.05,26.0,26.0,4257
2026-03-04 11:25:00,26.02,26.03,25.97,25.97,14043
2026-03-04 11:30:00,25.97,26.01,25.97,25.99,7287
2026-03-04 11:35:00,25.985,25.99,25.96,25.9862,7553
2026-03-04 11:40:00,25.98,26.0,25.98,26.0,858
2026-03-04 11:45:00,25.98,26.02,25.98,26.005,8785
2026-03-04 11:50:00,25.9933,26.03,25.9933,26.03,9052
2026-03-04 11:55:00,26.02,26.04,26.02,26.04,1183
2026-03-04 12:00:00,26.045,26.05,26.03,26.045,2183
2026-03-04 12:05:00,26.045,26.1,26.045,26.07,9815
2026-03-04 12:10:00,26.07,26.07,26.07,26.07,500
2026-03-04 12:15:00,26.08,26.1,26.08,26.1,2980
2026-03-04 12:20:00,26.095,26.11,26.095,26.105,4542
2026-03-04 12:25:00,26.1101,26.15,26.11,26.115,7595
2026-03-04 12:30:00,26.12,26.12,26.0968,26.115,3705
2026-03-04 12:35:00,26.12,26.135,26.1151,26.1151,2291
2026-03-04 12:40:00,26.11,26.12,26.1,26.115,4111
2026-03-04 12:45:00,26.11,26.11,26.08,26.1,4064
2026-03-04 12:50:00,26.12,26.1386,26.12,26.135,4241
2026-03-04 12:55:00,26.14,26.14,26.137,26.137,511
2026-03-04 13:00:00,26.135,26.135,26.095,26.12,4527
2026-03-04 13:05:00,26.11,26.11,26.1,26.1,3740
2026-03-04 13:10:00,26.09,26.09,26.08,26.08,3200
2026-03-04 13:15:00,26.09,26.097,26.09,26.09,2935
2026-03-04 13:20:00,26.06,26.07,26.06,26.07,1100
2026-03-04 13:25:00,26.075,26.095,26.07,26.0801,3350
2026-03-04 13:30:00,26.08,26.115,26.08,26.115,6634
2026-03-04 13:35:00,26.1,26.1,26.095,26.095,5876
2026-03-04 13:40:00,26.0999,26.1,26.08,26.1,6550
2026-03-04 13:45:00,26.12,26.14,26.12,26.14,733
2026-03-04 13:50:00,26.13,26.13,26.1,26.1,4642
2026-03-04 13:55:00,26.0988,26.11,26.0988,26.105,1762
2026-03-04 14:00:00,26.1,26.1,26.045,26.045,1900
2026-03-04 14:05:00,26.05,26.06,26.05,26.05,4486
2026-03-04 14:10:00,26.045,26.08,26.045,26.08,3645
2026-03-04 14:15:00,26.07,26.1,26.07,26.078,3428
2026-03-04 14:20:00,26.08,26.085,26.08,26.08,800
2026-03-04 14:25:00,26.1,26.1,26.085,26.09,22970
2026-03-04 14:30:00,26.0869,26.09,26.05,26.0545,3082
2026-03-04 14:35:00,26.06,26.0648,26.05,26.05,1550
2026-03-04 14:40:00,26.0587,26.0603,26.0587,26.0603,1218
2026-03-04 14:45:00,26.07,26.07,26.0662,26.0662,2062
2026-03-04 14:50:00,26.06,26.075,26.06,26.075,5000
2026-03-04 14:55:00,26.0762,26.08,26.065,26.065,2040
2026-03-04 15:00:00,26.07,26.085,26.0629,26.08,14454
2026-03-04 15:05:00,26.085,26.09,26.065,26.065,3053
2026-03-04 15:10:00,26.065,26.08,26.065,26.08,4200
2026-03-04 15:15:00,26.08,26.1,26.08,26.1,3520
2026-03-04 15:20:00,26.105,26.13,26.105,26.13,4917
2026-03-04 15:25:00,26.14,26.15,26.14,26.15,1229
2026-03-04 15:30:00,26.16,26.17,26.155,26.155,8044
2026-03-04 15:35:00,26.1581,26.175,26.155,26.16,3077
2026-03-04 15:40:00,26.145,26.165,26.14,26.16,6041
2026-03-04 15:45:00,26.155,26.155,26.1422,26.15,2533
2026-03-04 15:50:00,26.15,26.15,26.12,26.125,12192
2026-03-04 15:55:00,26.125,26.15,26.125,26.145,13086
2026-03-04 16:00:00,26.14,26.14,26.14,26.14,6948
2026-03-04 16:20:00,26.18,26.18,26.18,26.18,100
2026-03-04 17:20:00,26.3,26.3,26.3,26.3,150
2026-03-04 18:40:00,26.2971,26.2971,26.2971,26.2971,362
2026-03-05 06:05:00,26.38,26.38,26.38,26.38,100
2026-03-05 07:00:00,26.48,26.5,26.48,26.5,750
2026-03-05 08:00:00,26.4824,26.4824,26.4824,26.4824,392
2026-03-05 08:20:00,26.34,26.34,26.34,26.34,100
2026-03-05 08:55:00,26.3,26.4494,26.3,26.4494,698
2026-03-05 09:05:00,26.43,26.43,26.43,26.43,619
2026-03-05 09:25:00,26.35,26.35,26.35,26.35,2500
2026-03-05 09:30:00,26.35,26.38,26.32,26.38,12031
2026-03-05 09:35:00,26.385,26.385,26.33,26.34,10655
2026-03-05 09:40:00,26.325,26.365,26.325,26.36,3934
2026-03-05 09:45:00,26.36,26.395,26.35,26.385,6971
2026-03-05 09:50:00,26.365,26.39,26.36,26.39,6366
2026-03-05 09:55:00,26.3982,26.405,26.365,26.38,20232
2026-03-05 10:00:00,26.38,26.4,26.36,26.36,35698
2026-03-05 10:05:00,26.35,26.36,26.32,26.33,20055
2026-03-05 10:10:00,26.33,26.36,26.3219,26.35,4831
2026-03-05 10:15:00,26.34,26.4138,26.34,26.38,12240
2026-03-05 10:20:00,26.385,26.41,26.385,26.4,4222
2026-03-05 10:25:00,26.4,26.435,26.39,26.435,6542
2026-03-05 10:30:00,26.44,26.46,26.43,26.46,18817
2026-03-05 10:35:00,26.465,26.485,26.44,26.45,21497
2026-03-05 10:40:00,26.4401,26.4755,26.4362,26.44,2550
2026-03-05 10:45:00,26.4445,26.475,26.4445,26.465,3902
2026-03-05 10:50:00,26.4601,26.515,26.46,26.515,68805
2026-03-05 10:55:00,26.51,26.51,26.45,26.47,5436
2026-03-05 11:00:00,26.48,26.48,26.42,26.45,16417
2026-03-05 11:05:00,26.4464,26.49,26.4464,26.4801,12010
2026-03-05 11:10:00,26.49,26.52,26.48,26.52,32732
2026-03-05 11:15:00,26.54,26.57,26.53,26.565,6085
2026-03-05 11:20:00,26.56,26.565,26.485,26.49,9459
2026-03-05 11:25:00,26.49,26.51,26.47,26.495,5388
2026-03-05 11:30:00,26.51,26.51,26.44,26.46,14433
2026-03-05 11:35:00,26.47,26.48,26.46,26.48,7391
2026-03-05 11:40:00,26.48,26.505,26.4612,26.47,3627
2026-03-05 11:45:00,26.49,26.495,26.4599,26.49,11688
2026-03-05 11:50:00,26.5097,26.52,26.495,26.52,5662
2026-03-05 11:55:00,26.53,26.53,26.485,26.51,7628
2026-03-05 12:00:00,26.505,26.54,26.49,26.54,8336
2026-03-05 12:05:00,26.5407,26.5503,26.525,26.54,8607
2026-03-05 12:10:00,26.54,26.55,26.535,26.54,3556
2026-03-05 12:15:00,26.54,26.55,26.52,26.52,12752
2026-03-05 12:20:00,26.53,26.565,26.52,26.565,5337
2026-03-05 12:25:00,26.56,26.56,26.54,26.54,1690
2026-03-05 12:30:00,26.53,26.535,26.485,26.515,25328
2026-03-05 12:35:00,26.4812,26.485,26.44,26.475,21593
2026-03-05 12:40:00,26.46,26.5,26.46,26.48,14918
2026-03-05 12:45:00,26.48,26.53,26.48,26.53,5257
2026-03-05 12:50:00,26.5232,26.535,26.505,26.505,20776
2026-03-05 12:55:00,26.52,26.53,26.515,26.525,2452
2026-03-05 13:00:00,26.525,26.53,26.49,26.495,2686
2026-03-05 13:05:00,26.485,26.4907,26.485,26.4851,2452
2026-03-05 13:10:00,26.51,26.54,26.51,26.54,350
2026-03-05 13:15:00,26.5499,26.625,26.5499,26.6147,6599
2026-03-05 13:20:00,26.625,26.63,26.6121,26.62,22662
2026-03-05 13:25:00,26.64,26.675,26.64,26.67,12153
2026-03-05 13:30:00,26.68,26.68,26.655,26.665,22393
2026-03-05 13:35:00,26.665,26.69,26.665,26.685,4431
2026-03-05 13:40:00,26.6894,26.71,26.6894,26.71,1572
2026-03-05 13:45:00,26.72,26.73,26.71,26.725,5227
2026-03-05 13:50:00,26.71,26.71,26.65,26.675,7314
2026-03-05 13:55:00,26.675,26.685,26.665,26.675,4778
2026-03-05 14:00:00,26.675,26.685,26.6601,26.685,5009
2026-03-05 14:05:00,26.685,26.7268,26.685,26.72,22591
2026-03-05 14:10:00,26.72,26.735,26.705,26.735,28155
2026-03-05 14:15:00,26.73,26.73,26.685,26.685,5711
2026-03-05 14:20:00,26.675,26.68,26.65,26.68,4391
2026-03-05 14:25:00,26.68,26.685,26.65,26.6545,12627
2026-03-05 14:30:00,26.655,26.655,26.6,26.625,13320
2026-03-05 14:35:00,26.62,26.62,26.605,26.615,10908
2026-03-05 14:40:00,26.615,26.6397,26.615,26.6397,6849
2026-03-05 14:45:00,26.64,26.6557,26.64,26.65,6695
2026-03-05 14:50:00,26.645,26.69,26.645,26.69,10509
2026-03-05 14:55:00,26.69,26.6999,26.685,26.695,11062
2026-03-05 15:00:00,26.7,26.73,26.61,26.61,34238
2026-03-05 15:05:00,26.59,26.665,26.55,26.58,35395
2026-03-05 15:10:00,26.58,26.59,26.54,26.54,5278
2026-03-05 15:15:00,26.54,26.615,26.535,26.595,34606
2026-03-05 15:20:00,26.585,26.6,26.56,26.56,7036
2026-03-05 15:25:00,26.57,26.57,26.495,26.515,15988
2026-03-05 15:30:00,26.51,26.565,26.5,26.545,10741
2026-03-05 15:35:00,26.54,26.6,26.535,26.6,10250
2026-03-05 15:40:00,26.595,26.595,26.585,26.585,1532
2026-03-05 15:45:00,26.585,26.585,26.55,26.56,46604
2026-03-05 15:50:00,26.56,26.56,26.51,26.52,84560
2026-03-05 15:55:00,26.515,26.5299,26.505,26.52,113404
2026-03-05 16:00:00,26.52,26.52,26.52,26.52,78935
2026-03-05 16:05:00,26.74,26.75,26.74,26.75,1869
2026-03-05 16:10:00,26.6129,26.6129,26.6129,26.6129,100
2026-03-05 17:00:00,26.37,26.37,26.37,26.37,1000
2026-03-05 18:35:00,26.27,26.27,26.27,26.27,295
2026-03-05 18:45:00,26.52,26.52,26.52,26.52,400
2026-03-06 04:25:00,26.66,26.66,26.66,26.66,377
2026-03-06 05:55:00,26.75,26.75,26.75,26.75,100
2026-03-06 06:05:00,26.99,27.11,26.99,27.11,1650
2026-03-06 06:15:00,27.095,27.095,27.095,27.095,282
2026-03-06 07:00:00,27.09,27.09,27.02,27.02,485
2026-03-06 08:00:00,27.2832,27.2832,26.78,27.12,1720
2026-03-06 08:10:00,27.055,27.055,27.055,27.055,350
2026-03-06 08:35:00,27.15,27.15,27.15,27.15,150
2026-03-06 08:40:00,27.2,27.2,27.2,27.2,417
2026-03-06 08:45:00,27.21,27.21,27.21,27.21,100
2026-03-06 08:50:00,27.28,27.28,27.28,27.28,1999
2026-03-06 08:55:00,27.28,27.28,27.28,27.28,100
2026-03-06 09:05:00,27.27,27.27,27.27,27.27,200
2026-03-06 09:15:00,27.2,27.2,27.2,27.2,199
2026-03-06 09:20:00,27.28,27.28,27.28,27.28,150
2026-03-06 09:25:00,27.2701,27.3304,27.2701,27.3304,2478
2026-03-06 09:30:00,27.31,27.37,27.25,27.36,35029
2026-03-06 09:35:00,27.36,27.41,27.335,27.3361,90069
2026-03-06 09:40:00,27.34,27.38,27.2714,27.2861,1730125
2026-03-06 09:45:00,27.29,27.34,27.28,27.32,375742
2026-03-06 09:50:00,27.32,27.365,27.31,27.335,82293
2026-03-06 09:55:00,27.325,27.415,27.32,27.39,50534
2026-03-06 10:00:00,27.3801,27.385,27.3,27.34,38164
2026-03-06 10:05:00,27.35,27.375,27.32,27.355,69818
2026-03-06 10:10:00,27.35,27.375,27.33,27.355,87814
2026-03-06 10:15:00,27.36,27.425,27.36,27.395,74133
2026-03-06 10:20:00,27.4,27.425,27.34,27.415,43515
2026-03-06 10:25:00,27.41,27.44,27.3999,27.435,43737
2026-03-06 10:30:00,27.44,27.455,27.4,27.415,39967
2026-03-06 10:35:00,27.415,27.415,27.37,27.37,51302
2026-03-06 10:40:00,27.37,27.445,27.365,27.435,51702
2026-03-06 10:45:00,27.43,27.46,27.425,27.435,69224
2026-03-06 10:50:00,27.435,27.435,27.365,27.415,87707
2026-03-06 10:55:00,27.41,27.425,27.36,27.385,64041
2026-03-06 11:00:00,27.385,27.425,27.375,27.405,55526
2026-03-06 11:05:00,27.4,27.41,27.375,27.38,49557
2026-03-06 11:10:00,27.395,27.405,27.37,27.395,27393
2026-03-06 11:15:00,27.4,27.415,27.365,27.365,65103
2026-03-06 11:20:00,27.36,27.385,27.35,27.36,58259
2026-03-06 11:25:00,27.36,27.395,27.335,27.37,40809
2026-03-06 11:30:00,27.37,27.405,27.37,27.385,57679
2026-03-06 11:35:00,27.39,27.405,27.385,27.39,11977
2026-03-06 11:40:00,27.39,27.42,27.39,27.42,17652
2026-03-06 11:45:00,27.425,27.46,27.4,27.46,15992
2026-03-06 11:50:00,27.455,27.485,27.4307,27.475,13158
2026-03-06 11:55:00,27.475,27.4899,27.453,27.48,16903
2026-03-06 12:00:00,27.48,27.49,27.4514,27.47,13697
2026-03-06 12:05:00,27.455,27.48,27.455,27.47,15556
2026-03-06 12:10:00,27.475,27.48,27.4607,27.48,5232
2026-03-06 12:15:00,27.4879,27.4879,27.4661,27.4661,1113
2026-03-06 12:20:00,27.475,27.495,27.445,27.495,11184
2026-03-06 12:25:00,27.495,27.57,27.495,27.56,9069
2026-03-06 12:30:00,27.555,27.59,27.555,27.57,2968
2026-03-06 12:35:00,27.5511,27.595,27.5511,27.58,7147
2026-03-06 12:40:00,27.575,27.655,27.575,27.65,28135
2026-03-06 12:45:00,27.65,27.655,27.585,27.59,12149
2026-03-06 12:50:00,27.6093,27.65,27.6093,27.64,7479
2026-03-06 12:55:00,27.625,27.625,27.595,27.61,20665
2026-03-06 13:00:00,27.58,27.59,27.49,27.52,50828
2026-03-06 13:05:00,27.5199,27.54,27.4901,27.5,3973
2026-03-06 13:10:00,27.4998,27.4998,27.38,27.4099,31018
2026-03-06 13:15:00,27.4,27.415,27.39,27.405,12715
2026-03-06 13:20:00,27.4007,27.48,27.4007,27.465,10798
2026-03-06 13:25:00,27.48,27.535,27.47,27.48,6839
2026-03-06 13:30:00,27.48,27.48,27.43,27.435,7000
2026-03-06 13:35:00,27.43,27.51,27.42,27.51,8761
2026-03-06 13:40:00,27.505,27.53,27.5,27.515,9329
2026-03-06 13:45:00,27.514,27.52,27.48,27.495,6196
2026-03-06 13:50:00,27.495,27.56,27.495,27.56,9550
2026-03-06 13:55:00,27.56,27.59,27.56,27.58,2342
2026-03-06 14:00:00,27.57,27.575,27.535,27.535,9716
2026-03-06 14:05:00,27.525,27.53,27.5033,27.525,7313
2026-03-06 14:10:00,27.52,27.52,27.5,27.515,8250
2026-03-06 14:15:00,27.53,27.5593,27.525,27.55,19233
2026-03-06 14:20:00,27.555,27.6099,27.53,27.545,12450
2026-03-06 14:25:00,27.55,27.58,27.54,27.57,24957
2026-03-06 14:30:00,27.56,27.58,27.52,27.525,26999
2026-03-06 14:35:00,27.53,27.55,27.525,27.5475,12135
2026-03-06 14:40:00,27.55,27.565,27.545,27.55,8385
2026-03-06 14:45:00,27.56,27.585,27.56,27.585,10897
2026-03-06 14:50:00,27.59,27.61,27.58,27.595,11690
2026-03-06 14:55:00,27.57,27.5999,27.555,27.5999,10384
2026-03-06 15:00:00,27.59,27.595,27.565,27.5763,5924
2026-03-06 15:05:00,27.58,27.585,27.56,27.585,10847
2026-03-06 15:10:00,27.575,27.575,27.535,27.535,6514
2026-03-06 15:15:00,27.533,27.56,27.533,27.555,12411
2026-03-06 15:20:00,27.555,27.575,27.5455,27.57,14484
2026-03-06 15:25:00,27.57,27.57,27.545,27.555,22792
2026-03-06 15:30:00,27.535,27.54,27.5,27.5,29429
2026-03-06 15:35:00,27.5,27.53,27.495,27.525,41095
2026-03-06 15:40:00,27.525,27.535,27.5,27.5,9051
2026-03-06 15:45:00,27.51,27.5199,27.505,27.515,37737
2026-03-06 15:50:00,27.515,27.535,27.485,27.5,95987
2026-03-06 15:55:00,27.495,27.52,27.48,27.515,90785
2026-03-06 16:00:00,27.51,27.9303,27.51,27.9303,49610
2026-03-06 16:15:00,27.52,27.52,27.52,27.52,100
2026-03-06 16:55:00,27.64,27.74,27.64,27.74,1184
2026-03-06 17:25:00,27.73,27.73,27.73,27.73,550
2026-03-06 18:25:00,27.84,27.97,27.84,27.97,300
2026-03-06 19:55:00,27.85,27.85,27.85,27.85,100
2026-03-09 04:35:00,28.99,28.99,28.99,28.99,100
2026-03-09 05:35:00,28.99,28.99,28.99,28.99,300
2026-03-09 06:25:00,28.99,28.99,28.99,28.99,250
2026-03-09 06:50:00,29.0,29.0,29.0,29.0,172
2026-03-09 07:00:00,28.5,28.5,28.5,28.5,901
2026-03-09 08:00:00,28.9783,30.0,28.5,28.5,4388
2026-03-09 08:15:00,28.555,28.56,28.555,28.56,250
2026-03-09 08:20:00,28.43,28.7,28.43,28.7,1830
2026-03-09 08:25:00,28.6,28.6,28.6,28.6,300
2026-03-09 08:30:00,28.47,28.58,28.47,28.58,247
2026-03-09 08:40:00,28.5765,28.5765,28.5765,28.5765,150
2026-03-09 08:45:00,28.59,28.6864,28.59,28.6864,325
2026-03-09 08:50:00,28.67,28.67,28.6293,28.6293,700
2026-03-09 08:55:00,28.6186,28.63,28.54,28.54,700
2026-03-09 09:00:00,28.56,28.6018,28.52,28.53,1270
2026-03-09 09:10:00,28.41,28.41,28.41,28.41,479
2026-03-09 09:25:00,28.47,28.48,28.36,28.36,1852
2026-03-09 09:30:00,28.38,28.39,28.11,28.16,91367
2026-03-09 09:35:00,28.165,28.25,28.125,28.245,48855
2026-03-09 09:40:00,28.25,28.275,28.23,28.26,35197
2026-03-09 09:45:00,28.26,28.3,28.2,28.24,52054
2026-03-09 09:50:00,28.238,28.398,28.238,28.335,228652
2026-03-09 09:55:00,28.33,28.34,28.185,28.215,143491
2026-03-09 10:00:00,28.208,28.265,28.195,28.26,21896
2026-03-09 10:05:00,28.22,28.605,28.22,28.47,155028
2026-03-09 10:10:00,28.49,28.5661,28.41,28.43,42504
2026-03-09 10:15:00,28.42,28.44,28.33,28.355,70193
2026-03-09 10:20:00,28.36,28.375,28.245,28.32,29623
2026-03-09 10:25:00,28.32,28.41,28.2911,28.385,17461
2026-03-09 10:30:00,28.355,28.38,28.3,28.38,25602
2026-03-09 10:35:00,28.36,28.395,28.285,28.31,37120
2026-03-09 10:40:00,28.32,28.3539,28.275,28.29,17611
2026-03-09 10:45:00,28.295,28.34,28.23,28.325,28027
2026-03-09 10:50:00,28.31,28.3445,28.2701,28.3061,28733
2026-03-09 10:55:00,28.3,28.38,28.27,28.335,46044
2026-03-09 11:00:00,28.325,28.33,28.2,28.2,14067
2026-03-09 11:05:00,28.2,28.205,28.07,28.09,91478
2026-03-09 11:10:00,28.07,28.09,28.0,28.09,24384
2026-03-09 11:15:00,28.09,28.095,28.01,28.02,11220
2026-03-09 11:20:00,27.99,27.99,27.84,27.95,62433
2026-03-09 11:25:00,27.94,27.965,27.875,27.875,19230
2026-03-09 11:30:00,27.88,27.92,27.8051,27.88,25763
2026-03-09 11:35:00,27.89,27.93,27.88,27.91,29115
2026-03-09 11:40:00,27.91,27.98,27.89,27.98,15025
2026-03-09 11:45:00,27.985,28.0,27.91,27.9114,15240
2026-03-09 11:50:00,27.93,27.95,27.85,27.85,49177
2026-03-09 11:55:00,27.86,27.8935,27.85,27.86,31444
2026-03-09 12:00:00,27.86,28.03,27.86,28.02,33443
2026-03-09 12:05:00,28.035,28.04,27.97,27.98,20175
2026-03-09 12:10:00,27.985,27.99,27.94,27.99,6347
2026-03-09 12:15:00,28.0,28.0,27.95,27.96,6963
2026-03-09 12:20:00,27.95,28.02,27.93,27.93,56178
2026-03-09 12:25:00,27.93,27.995,27.855,27.99,36101
2026-03-09 12:30:00,27.975,28.05,27.97,27.99,13628
2026-03-09 12:35:00,27.99,28.03,27.96,28.0078,15159
2026-03-09 12:40:00,27.9974,28.03,27.925,27.9299,13173
2026-03-09 12:45:00,27.9161,27.9161,27.82,27.85,24635
2026-03-09 12:50:00,27.86,27.92,27.85,27.92,11000
2026-03-09 12:55:00,27.91,28.0,27.905,27.97,17837
2026-03-09 13:00:00,27.97,28.025,27.945,28.015,20412
2026-03-09 13:05:00,27.97,28.03,27.97,28.0,18311
2026-03-09 13:10:00,27.98,28.02,27.97,28.015,7506
2026-03-09 13:15:00,28.015,28.03,27.985,28.03,4733
2026-03-09 13:20:00,28.03,28.03,27.94,27.94,4010
2026-03-09 13:25:00,27.94,27.955,27.9039,27.91,3518
2026-03-09 13:30:00,27.91,27.91,27.86,27.89,1800
2026-03-09 13:35:00,27.89,27.9029,27.885,27.9,1300
2026-03-09 13:40:00,27.92,27.96,27.91,27.95,2260
2026-03-09 13:45:00,27.96,28.0,27.96,27.99,4979
2026-03-09 13:50:00,27.98,28.02,27.98,27.99,6830
2026-03-09 13:55:00,28.01,28.01,27.975,27.98,7215
2026-03-09 14:00:00,27.975,27.975,27.85,27.85,12536
2026-03-09 14:05:00,27.81,27.81,27.73,27.79,69645
2026-03-09 14:10:00,27.8,27.8051,27.7,27.73,8841
2026-03-09 14:15:00,27.74,27.84,27.74,27.82,12234
2026-03-09 14:20:00,27.82,27.955,27.79,27.945,33609
2026-03-09 14:25:00,27.95,28.015,27.93,28.0,28421
2026-03-09 14:30:00,28.01,28.03,27.95,27.97,26676
2026-03-09 14:35:00,28.01,28.03,27.955,28.025,7014
2026-03-09 14:40:00,28.035,28.06,28.015,28.06,5778
2026-03-09 14:45:00,28.06,28.07,28.03,28.045,10600
2026-03-09 14:50:00,28.04,28.05,28.01,28.041,11930
2026-03-09 14:55:00,28.045,28.07,28.03,28.07,7750
2026-03-09 15:00:00,28.08,28.1,28.08,28.1,5325
2026-03-09 15:05:00,28.09,28.09,28.06,28.06,7699
2026-03-09 15:10:00,28.075,28.075,28.01,28.06,8010
2026-03-09 15:15:00,28.06,28.07,27.79,27.825,158459
2026-03-09 15:20:00,27.83,27.9,27.52,27.565,310051
2026-03-09 15:25:00,27.61,27.7,27.31,27.42,218240
2026-03-09 15:30:00,27.42,27.5539,27.22,27.31,295571
2026-03-09 15:35:00,27.31,27.32,26.69,26.76,999012
2026-03-09 15:40:00,26.76,27.37,26.76,27.26,359875
2026-03-09 15:45:00,27.23,27.315,27.06,27.165,168631
2026-03-09 15:50:00,27.16,27.18,26.97,27.08,159624
2026-03-09 15:55:00,27.095,27.19,27.08,27.11,173764
2026-03-09 16:00:00,27.14,27.18,27.14,27.18,28104
2026-03-09 16:05:00,27.11,27.11,27.11,27.11,200
2026-03-09 16:10:00,26.6341,26.71,26.6341,26.7,436
2026-03-09 16:15:00,27.23,27.23,27.23,27.23,900
2026-03-09 16:20:00,26.7,26.7269,26.7,26.7269,2150
2026-03-09 16:25:00,27.2,27.2,27.2,27.2,100
2026-03-09 16:30:00,27.0,27.0,27.0,27.0,200
2026-03-09 16:35:00,26.9,26.9,26.7382,26.7382,411
2026-03-09 16:40:00,27.4276,27.4276,26.74,26.74,586
2026-03-09 16:45:00,26.76,26.76,26.76,26.76,200
2026-03-09 16:55:00,27.3,27.3,27.3,27.3,200
2026-03-09 17:30:00,27.48,27.48,27.48,27.48,1100
2026-03-09 17:50:00,26.7505,26.7505,26.7505,26.7505,100
2026-03-09 17:55:00,27.3366,27.3366,27.3366,27.3366,200
2026-03-09 18:25:00,27.3,27.3,27.3,27.3,1000
2026-03-09 18:50:00,27.1452,27.1452,27.1452,27.1452,100
2026-03-09 19:15:00,26.8175,26.8175,26.8175,26.8175,474
2026-03-10 04:45:00,27.77,27.77,27.77,27.77,300
2026-03-10 05:35:00,27.21,27.21,27.21,27.21,213
2026-03-10 07:00:00,27.46,27.46,27.46,27.46,150
2026-03-10 07:40:00,27.47,27.47,27.46,27.46,1250
2026-03-10 07:50:00,27.37,27.37,27.32,27.37,3300
2026-03-10 08:00:00,27.13,27.13,27.13,27.13,200
2026-03-10 08:30:00,27.655,27.655,27.655,27.655,500
2026-03-10 09:25:00,27.67,27.67,27.67,27.67,100
2026-03-10 09:30:00,27.57,27.62,27.489,27.58,36775
2026-03-10 09:35:00,27.58,27.6,27.51,27.51,17534
2026-03-10 09:40:00,27.48,27.5601,27.4714,27.53,42351
2026-03-10 09:45:00,27.53,27.55,27.47,27.53,15018
2026-03-10 09:50:00,27.54,27.6,27.525,27.5361,4835
2026-03-10 09:55:00,27.53,27.53,27.485,27.5,17527
2026-03-10 10:00:00,27.505,27.6,27.5,27.57,27016
2026-03-10 10:05:00,27.56,27.59,27.54,27.59,7799
2026-03-10 10:10:00,27.58,27.58,27.52,27.52,11584
2026-03-10 10:15:00,27.54,27.545,27.44,27.47,23965
2026-03-10 10:20:00,27.465,27.528,27.44,27.5,9357
2026-03-10 10:25:00,27.51,27.51,27.435,27.4499,14757
2026-03-10 10:30:00,27.45,27.45,27.34,27.38,38647
2026-03-10 10:35:00,27.385,27.4001,27.35,27.35,17543
2026-03-10 10:40:00,27.34,27.35,27.17,27.24,45825
2026-03-10 10:45:00,27.24,27.35,27.22,27.3,44629
2026-03-10 10:50:00,27.29,27.29,27.23,27.25,17936
2026-03-10 10:55:00,27.25,27.3,27.245,27.28,13309
2026-03-10 11:00:00,27.28,27.345,27.26,27.3,15297
2026-03-10 11:05:00,27.3,27.315,27.27,27.28,11663
2026-03-10 11:10:00,27.28,27.34,27.28,27.31,16548
2026-03-10 11:15:00,27.3261,27.34,27.19,27.2,15688
2026-03-10 11:20:00,27.21,27.27,27.21,27.26,20088
2026-03-10 11:25:00,27.27,27.27,27.235,27.25,21203
2026-03-10 11:30:00,27.25,27.34,27.25,27.33,28694
2026-03-10 11:35:00,27.32,27.32,27.26,27.27,15198
2026-03-10 11:40:00,27.28,27.345,27.26,27.33,13909
2026-03-10 11:45:00,27.35,27.42,27.35,27.4,14274
2026-03-10 11:50:00,27.39,27.39,27.3499,27.36,17170
2026-03-10 11:55:00,27.36,27.38,27.34,27.345,7884
2026-03-10 12:00:00,27.35,27.4,27.35,27.385,13144
2026-03-10 12:05:00,27.39,27.47,27.39,27.45,11607
2026-03-10 12:10:00,27.44,27.47,27.42,27.46,26170
2026-03-10 12:15:00,27.46,27.4695,27.425,27.45,5940
2026-03-10 12:20:00,27.46,27.47,27.435,27.45,37766
2026-03-10 12:25:00,27.46,27.46,27.39,27.395,14437
2026-03-10 12:30:00,27.41,27.41,27.3,27.32,33925
2026-03-10 12:35:00,27.32,27.335,27.28,27.33,38666
2026-03-10 12:40:00,27.335,27.345,27.27,27.31,31068
2026-03-10 12:45:00,27.315,27.38,27.315,27.35,9237
2026-03-10 12:50:00,27.35,27.35,27.18,27.22,34602
2026-03-10 12:55:00,27.22,27.22,27.15,27.15,31434
2026-03-10 13:00:00,27.16,27.19,26.99,27.0,24786
2026-03-10 13:05:00,27.005,27.03,26.93,26.995,37845
2026-03-10 13:10:00,27.0,27.09,26.985,27.04,86680
2026-03-10 13:15:00,27.035,27.035,26.74,26.74,37846
2026-03-10 13:20:00,26.755,26.8,26.6,26.72,99377
2026-03-10 13:25:00,26.73,26.85,26.73,26.8401,35773
2026-03-10 13:30:00,26.845,27.03,26.845,27.025,38172
2026-03-10 13:35:00,27.03,27.14,27.0,27.03,54310
2026-03-10 13:40:00,27.04,27.1,27.0,27.0707,29652
2026-03-10 13:45:00,27.085,27.1,27.0,27.0507,20022
2026-03-10 13:50:00,27.04,27.04,26.95,26.99,14606
2026-03-10 13:55:00,26.985,27.005,26.96,26.97,22781
2026-03-10 14:00:00,26.99,27.01,26.93,26.93,19177
2026-03-10 14:05:00,26.97,27.05,26.95,27.05,15704
2026-03-10 14:10:00,27.04,27.32,27.04,27.315,124436
2026-03-10 14:15:00,27.31,27.55,27.26,27.55,188530
2026-03-10 14:20:00,27.56,27.56,27.38,27.45,101062
2026-03-10 14:25:00,27.44,27.53,27.265,27.35,120789
2026-03-10 14:30:00,27.36,27.39,27.26,27.31,50849
2026-03-10 14:35:00,27.31,27.435,27.31,27.36,41078
2026-03-10 14:40:00,27.37,27.435,27.36,27.42,20661
2026-03-10 14:45:00,27.41,27.475,27.3992,27.41,11248
2026-03-10 14:50:00,27.41,27.42,27.35,27.4,2500
2026-03-10 14:55:00,27.42,27.425,27.37,27.37,2385
2026-03-10 15:00:00,27.3681,27.41,27.3681,27.38,3693
2026-03-10 15:05:00,27.38,27.41,27.38,27.4,1191
2026-03-10 15:10:00,27.39,27.435,27.39,27.3901,5126
2026-03-10 15:15:00,27.44,27.485,27.435,27.47,13480
2026-03-10 15:20:00,27.48,27.59,27.48,27.555,17261
2026-03-10 15:25:00,27.56,27.63,27.56,27.615,20791
2026-03-10 15:30:00,27.62,27.63,27.55,27.58,18088
2026-03-10 15:35:00,27.57,27.58,27.53,27.57,6914
2026-03-10 15:40:00,27.59,27.64,27.445,27.53,71875
2026-03-10 15:45:00,27.59,27.615,27.56,27.59,24469
2026-03-10 15:50:00,27.6,27.635,27.58,27.625,40628
2026-03-10 15:55:00,27.6,27.61,27.57,27.59,87560
2026-03-10 16:00:00,27.6,27.6,27.6,27.6,19289
2026-03-10 16:40:00,27.59,27.59,27.59,27.59,500
2026-03-10 17:20:00,27.7793,27.7915,27.7793,27.7915,400
2026-03-10 17:30:00,27.5,27.5,27.5,27.5,100
2026-03-10 17:45:00,27.49,27.49,27.49,27.49,500
2026-03-10 18:35:00,27.82,27.82,27.82,27.82,100
2026-03-11 05:00:00,27.57,27.59,27.57,27.59,500
2026-03-11 07:40:00,27.59,27.59,27.59,27.59,115
2026-03-11 07:55:00,27.61,27.61,27.61,27.61,100
2026-03-11 08:00:00,27.45,27.59,27.45,27.5354,4318
2026-03-11 08:05:00,27.63,27.64,27.6,27.6,3274
2026-03-11 08:10:00,27.6,27.61,27.6,27.61,1142
2026-03-11 08:20:00,27.69,27.69,27.69,27.69,1000
2026-03-11 08:25:00,27.73,27.73,27.73,27.73,300
2026-03-11 08:35:00,27.775,27.775,27.775,27.775,150
2026-03-11 08:45:00,27.75,27.75,27.75,27.75,725
2026-03-11 08:55:00,27.765,27.765,27.765,27.765,150
2026-03-11 09:30:00,27.67,27.7082,27.5899,27.5899,154250
2026-03-11 09:35:00,27.59,27.61,27.5445,27.57,68489
2026-03-11 09:40:00,27.57,27.64,27.57,27.625,28890
2026-03-11 09:45:00,27.63,27.645,27.6,27.6,5413
2026-03-11 09:50:00,27.6,27.655,27.55,27.59,14506
2026-03-11 09:55:00,27.59,27.608,27.46,27.515,100443
2026-03-11 10:00:00,27.52,27.65,27.35,27.59,220516
2026-03-11 10:05:00,27.59,27.68,27.53,27.65,19579
2026-03-11 10:10:00,27.695,27.735,27.65,27.655,12018
2026-03-11 10:15:00,27.67,27.69,27.63,27.64,18708
2026-03-11 10:20:00,27.6407,27.7,27.61,27.69,18557
2026-03-11 10:25:00,27.7,27.765,27.6899,27.765,6095
2026-03-11 10:30:00,27.77,27.79,27.7101,27.745,3682
2026-03-11 10:35:00,27.72,27.74,27.68,27.74,9141
2026-03-11 10:40:00,27.72,27.74,27.67,27.67,3527
2026-03-11 10:45:00,27.7,27.75,27.7,27.74,4377
2026-03-11 10:50:00,27.74,27.76,27.73,27.7461,8231
2026-03-11 10:55:00,27.74,27.755,27.73,27.73,12083
2026-03-11 11:00:00,27.73,27.82,27.73,27.8,5023
2026-03-11 11:05:00,27.8,27.8,27.72,27.75,2867
2026-03-11 11:10:00,27.75,27.75,27.73,27.74,4428
2026-03-11 11:15:00,27.7431,27.8,27.74,27.79,5617
2026-03-11 11:20:00,27.7902,27.82,27.79,27.805,12896
2026-03-11 11:25:00,27.82,27.835,27.8,27.83,10327
2026-03-11 11:30:00,27.825,27.83,27.78,27.8101,10091
2026-03-11 11:35:00,27.81,27.82,27.8,27.8,3111
2026-03-11 11:40:00,27.825,27.83,27.81,27.83,2599
2026-03-11 11:45:00,27.84,27.85,27.81,27.825,21522
2026-03-11 11:50:00,27.825,27.825,27.8,27.8,2904
2026-03-11 11:55:00,27.8,27.84,27.8,27.84,15505
2026-03-11 12:00:00,27.845,27.88,27.835,27.86,5087
2026-03-11 12:05:00,27.87,27.92,27.87,27.91,35853
2026-03-11 12:10:00,27.89,27.905,27.86,27.86,24506
2026-03-11 12:15:00,27.85,27.88,27.85,27.87,13228
2026-03-11 12:20:00,27.88,27.89,27.865,27.865,6430
2026-03-11 12:25:00,27.87,27.88,27.84,27.865,7001
2026-03-11 12:30:00,27.87,27.87,27.805,27.8101,14117
2026-03-11 12:35:00,27.815,27.835,27.79,27.825,5810
2026-03-11 12:40:00,27.815,27.815,27.775,27.805,6349
2026-03-11 12:45:00,27.81,27.835,27.81,27.83,7918
2026-03-11 12:50:00,27.84,27.87,27.84,27.865,1580
2026-03-11 12:55:00,27.855,27.855,27.83,27.84,7574
2026-03-11 13:00:00,27.83,27.83,27.78,27.81,7255
2026-03-11 13:05:00,27.805,27.815,27.8,27.8,1911
2026-03-11 13:10:00,27.795,27.81,27.76,27.77,1100
2026-03-11 13:15:00,27.75,27.77,27.75,27.7619,3472
2026-03-11 13:20:00,27.77,27.805,27.77,27.8,1820
2026-03-11 13:25:00,27.81,27.82,27.8,27.805,2460
2026-03-11 13:30:00,27.81,27.845,27.81,27.845,4447
2026-03-11 13:35:00,27.855,27.94,27.855,27.91,9200
2026-03-11 13:40:00,27.9,27.95,27.9,27.92,3746
2026-03-11 13:45:00,27.91,27.915,27.9,27.91,4761
2026-03-11 13:50:00,27.9,27.9,27.88,27.8961,2165
2026-03-11 13:55:00,27.9,27.935,27.9,27.935,13353
2026-03-11 14:00:00,27.935,27.9554,27.93,27.9495,4165
2026-03-11 14:05:00,27.94,27.995,27.93,27.995,3893
2026-03-11 14:10:00,27.98,28.03,27.98,27.99,10355
2026-03-11 14:15:00,27.97,28.0,27.97,27.99,4752
2026-03-11 14:20:00,27.98,28.05,27.98,28.045,3924
2026-03-11 14:25:00,28.05,28.07,27.99,28.0,13656
2026-03-11 14:30:00,28.01,28.025,27.995,28.01,3618
2026-03-11 14:35:00,28.025,28.03,28.02,28.02,1000
2026-03-11 14:40:00,28.04,28.05,28.04,28.0461,1991
2026-03-11 14:45:00,28.05,28.07,28.05,28.065,3038
2026-03-11 14:50:00,28.0599,28.065,27.99,28.04,21017
2026-03-11 14:55:00,28.025,28.03,28.0,28.02,6450
2026-03-11 15:00:00,28.02,28.05,28.02,28.05,1508
2026-03-11 15:05:00,28.065,28.075,28.06,28.06,881
2026-03-11 15:10:00,28.055,28.055,28.025,28.05,4421
2026-03-11 15:15:00,28.05,28.055,28.01,28.015,3743
2026-03-11 15:20:00,28.015,28.055,28.015,28.045,5518
2026-03-11 15:25:00,28.0497,28.065,28.04,28.065,4496
2026-03-11 15:30:00,28.07,28.08,28.065,28.07,20947
2026-03-11 15:35:00,28.065,28.075,28.06,28.075,8261
2026-03-11 15:40:00,28.065,28.085,28.065,28.0845,2100
2026-03-11 15:45:00,28.085,28.105,28.075,28.105,7509
2026-03-11 15:50:00,28.1,28.105,28.0845,28.085,8481
2026-03-11 15:55:00,28.085,28.1499,28.075,28.13,20689
2026-03-11 16:00:00,28.13,28.13,28.13,28.13,9810
2026-03-11 16:15:00,28.24,28.25,28.24,28.25,999
2026-03-11 16:25:00,28.0,28.0,28.0,28.0,100
2026-03-11 17:55:00,28.3655,28.3655,28.3655,28.3655,200
2026-03-11 18:10:00,28.3601,28.3601,28.3601,28.3601,100
2026-03-11 18:15:00,28.35,28.35,28.35,28.35,365
2026-03-11 18:40:00,28.2,28.2,28.2,28.2,172
2026-03-11 19:00:00,28.2,28.2,28.2,28.2,100
2026-03-11 19:10:00,28.3677,28.3677,28.3633,28.3633,300
2026-03-11 19:50:00,28.25,28.25,28.25,28.25,400
2026-03-12 04:00:00,28.16,28.65,28.16,28.65,1100
2026-03-12 05:20:00,28.595,28.595,28.595,28.595,263
2026-03-12 05:40:00,28.59,28.59,28.59,28.59,499
2026-03-12 07:10:00,28.45,28.45,28.45,28.45,731
2026-03-12 08:00:00,28.43,28.7,28.43,28.6471,1915
2026-03-12 08:15:00,28.66,28.66,28.66,28.66,712
2026-03-12 08:20:00,28.69,28.69,28.69,28.69,200
2026-03-12 08:30:00,28.68,28.68,28.68,28.68,100
2026-03-12 08:35:00,28.68,28.68,28.59,28.59,650
2026-03-12 08:45:00,28.7,28.7,28.6823,28.7,300
2026-03-12 09:00:00,28.57,28.62,28.57,28.62,350
2026-03-12 09:05:00,28.67,28.67,28.63,28.63,450
2026-03-12 09:15:00,28.7,28.7,28.66,28.68,568
2026-03-12 09:25:00,28.63,28.63,28.6208,28.6208,200
2026-03-12 09:30:00,28.72,28.79,28.629,28.651,98671
2026-03-12 09:35:00,28.6574,28.68,28.63,28.65,7366
2026-03-12 09:40:00,28.6501,28.7075,28.65,28.6961,19200
2026-03-12 09:45:00,28.69,28.745,28.6886,28.725,13525
2026-03-12 09:50:00,28.715,28.74,28.71,28.74,6739
2026-03-12 09:55:00,28.7361,28.7361,28.71,28.72,9165
2026-03-12 10:00:00,28.71,28.71,28.65,28.68,11917
2026-03-12 10:05:00,28.685,28.735,28.6802,28.7042,77020
2026-03-12 10:10:00,28.695,28.715,28.695,28.705,8768
2026-03-12 10:15:00,28.725,28.745,28.7,28.735,4219
2026-03-12 10:20:00,28.73,28.74,28.7,28.7,30926
2026-03-12 10:25:00,28.735,28.815,28.7201,28.81,17836
2026-03-12 10:30:00,28.8,28.8,28.69,28.705,59928
2026-03-12 10:35:00,28.7,28.7576,28.7,28.74,6666
2026-03-12 10:40:00,28.7401,28.755,28.7147,28.735,15998
2026-03-12 10:45:00,28.73,28.73,28.585,28.66,112208
2026-03-12 10:50:00,28.665,28.725,28.66,28.69,24567
2026-03-12 10:55:00,28.6974,28.705,28.6834,28.705,2536
2026-03-12 11:00:00,28.71,28.815,28.69,28.805,108180
2026-03-12 11:05:00,28.79,28.805,28.77,28.77,16123
2026-03-12 11:10:00,28.755,28.755,28.72,28.75,79737
2026-03-12 11:15:00,28.7393,28.785,28.739,28.785,7564
2026-03-12 11:20:00,28.79,28.819,28.79,28.805,40561
2026-03-12 11:25:00,28.81,28.82,28.79,28.795,12269
2026-03-12 11:30:00,28.795,28.82,28.785,28.79,16557
2026-03-12 11:35:00,28.79,28.8399,28.69,28.69,41625
2026-03-12 11:40:00,28.695,28.71,28.58,28.595,33242
2026-03-12 11:45:00,28.615,28.65,28.565,28.64,13573
2026-03-12 11:50:00,28.625,28.666,28.61,28.665,10092
2026-03-12 11:55:00,28.655,28.665,28.62,28.6261,14672
2026-03-12 12:00:00,28.655,28.73,28.655,28.68,12962
2026-03-12 12:05:00,28.68,28.715,28.6599,28.715,5238
2026-03-12 12:10:00,28.73,28.735,28.7,28.705,34900
2026-03-12 12:15:00,28.71,28.75,28.7099,28.722,19635
2026-03-12 12:20:00,28.72,28.7286,28.7,28.72,10728
2026-03-12 12:25:00,28.7,28.715,28.64,28.65,14703
2026-03-12 12:30:00,28.66,28.665,28.61,28.62,7559
2026-03-12 12:35:00,28.615,28.625,28.5,28.54,45186
2026-03-12 12:40:00,28.56,28.59,28.49,28.59,9470
2026-03-12 12:45:00,28.59,28.645,28.59,28.6407,30640
2026-03-12 12:50:00,28.64,28.66,28.6306,28.66,18433
2026-03-12 12:55:00,28.6601,28.685,28.66,28.67,7290
2026-03-12 13:00:00,28.66,28.675,28.6401,28.6588,11868
2026-03-12 13:05:00,28.66,28.7151,28.66,28.7,15157
2026-03-12 13:10:00,28.685,28.7079,28.6701,28.685,5700
2026-03-12 13:15:00,28.69,28.705,28.675,28.705,4809
2026-03-12 13:20:00,28.715,28.715,28.675,28.675,6447
2026-03-12 13:25:00,28.675,28.69,28.67,28.685,3381
2026-03-12 13:30:00,28.6735,28.6799,28.665,28.67,2807
2026-03-12 13:35:00,28.68,28.7,28.68,28.7,6998
2026-03-12 13:40:00,28.7,28.73,28.6961,28.725,8035
2026-03-12 13:45:00,28.73,28.73,28.71,28.71,7972
2026-03-12 13:50:00,28.695,28.695,28.67,28.6799,5817
2026-03-12 13:55:00,28.67,28.67,28.62,28.64,4100
2026-03-12 14:00:00,28.6201,28.625,28.5974,28.625,11464
2026-03-12 14:05:00,28.62,28.65,28.615,28.65,4523
2026-03-12 14:10:00,28.65,28.665,28.6313,28.66,3056
2026-03-12 14:15:00,28.665,28.6799,28.662,28.662,3718
2026-03-12 14:20:00,28.66,28.7399,28.66,28.73,3144
2026-03-12 14:25:00,28.74,28.77,28.715,28.765,4408
2026-03-12 14:30:00,28.77,28.81,28.76,28.81,4166
2026-03-12 14:35:00,28.81,28.82,28.79,28.79,3748
2026-03-12 14:40:00,28.78,28.81,28.78,28.81,850
2026-03-12 14:45:00,28.815,28.8498,28.81,28.84,3944
2026-03-12 14:50:00,28.8401,28.85,28.83,28.835,3467
2026-03-12 14:55:00,28.835,28.895,28.835,28.88,10343
2026-03-12 15:00:00,28.885,28.92,28.875,28.92,33377
2026-03-12 15:05:00,28.92,28.93,28.89,28.895,22344
2026-03-12 15:10:00,28.89,28.8927,28.87,28.87,16086
2026-03-12 15:15:00,28.875,28.88,28.84,28.842,15933
2026-03-12 15:20:00,28.845,28.875,28.845,28.865,26087
2026-03-12 15:25:00,28.86,28.865,28.825,28.8607,10725
2026-03-12 15:30:00,28.865,28.8699,28.835,28.84,28017
2026-03-12 15:35:00,28.84,28.845,28.795,28.8,19639
2026-03-12 15:40:00,28.805,28.815,28.79,28.8,30069
2026-03-12 15:45:00,28.8039,28.85,28.8,28.85,27498
2026-03-12 15:50:00,28.8593,28.88,28.85,28.87,75298
2026-03-12 15:55:00,28.88,28.88,28.85,28.86,83157
2026-03-12 16:00:00,28.86,28.86,28.85,28.86,26855
2026-03-12 16:10:00,28.9,28.9,28.9,28.9,1351
2026-03-12 16:25:00,28.88,28.88,28.88,28.88,175
2026-03-12 16:55:00,28.83,28.9,28.83,28.9,475
2026-03-12 17:40:00,28.78,28.78,28.31,28.31,1386
2026-03-12 18:20:00,28.75,28.75,28.75,28.75,199
2026-03-12 19:25:00,28.75,28.75,28.75,28.75,200
2026-03-13 04:40:00,28.71,28.71,28.71,28.71,200
2026-03-13 04:45:00,28.7,28.7,28.7,28.7,200
2026-03-13 05:55:00,28.49,28.49,28.49,28.49,100
2026-03-13 07:00:00,28.535,28.535,28.52,28.52,800
2026-03-13 08:00:00,28.5,28.8,28.5,28.8,1170
2026-03-13 08:10:00,28.565,28.565,28.565,28.565,150
2026-03-13 08:35:00,28.63,28.63,28.63,28.63,100
2026-03-13 08:45:00,28.45,28.45,28.45,28.45,350
2026-03-13 08:55:00,28.46,28.46,28.45,28.45,1000
2026-03-13 09:05:00,28.59,28.59,28.59,28.59,304
2026-03-13 09:10:00,28.58,28.58,28.56,28.56,1440
2026-03-13 09:15:00,28.5311,28.5311,28.51,28.51,1560
2026-03-13 09:20:00,28.53,28.55,28.53,28.55,582
2026-03-13 09:25:00,28.52,28.52,28.52,28.52,1003
2026-03-13 09:30:00,28.52,28.54,28.48,28.48,20724
2026-03-13 09:35:00,28.4655,28.47,28.44,28.45,13764
2026-03-13 09:40:00,28.47,28.51,28.47,28.485,6108
2026-03-13 09:45:00,28.5,28.545,28.495,28.5398,8111
2026-03-13 09:50:00,28.535,28.535,28.46,28.5,30087
2026-03-13 09:55:00,28.495,28.545,28.495,28.51,6640
2026-03-13 10:00:00,28.482,28.59,28.22,28.56,27647
2026-03-13 10:05:00,28.55,28.56,28.55,28.56,1228
2026-03-13 10:10:00,28.58,28.58,28.53,28.53,2902
2026-03-13 10:15:00,28.55,28.56,28.53,28.53,2563
2026-03-13 10:20:00,28.53,28.535,28.505,28.51,45684
2026-03-13 10:25:00,28.518,28.54,28.5,28.51,31981
2026-03-13 10:30:00,28.505,28.518,28.47,28.4901,4014
2026-03-13 10:35:00,28.49,28.535,28.49,28.535,4765
2026-03-13 10:40:00,28.535,28.545,28.515,28.54,3758
2026-03-13 10:45:00,28.55,28.56,28.525,28.541,22961
2026-03-13 10:50:00,28.535,28.545,28.51,28.545,4038
2026-03-13 10:55:00,28.545,28.55,28.525,28.53,5065
2026-03-13 11:00:00,28.53,28.58,28.51,28.58,13238
2026-03-13 11:05:00,28.58,28.595,28.565,28.575,16073
2026-03-13 11:10:00,28.575,28.605,28.575,28.595,4565
2026-03-13 11:15:00,28.595,28.62,28.575,28.61,12385
2026-03-13 11:20:00,28.605,28.605,28.58,28.59,3410
2026-03-13 11:25:00,28.5901,28.595,28.575,28.58,5230
2026-03-13 11:30:00,28.58,28.635,28.58,28.6209,5225
2026-03-13 11:35:00,28.63,28.655,28.625,28.655,1757
2026-03-13 11:40:00,28.64,28.6575,28.64,28.64,4466
2026-03-13 11:45:00,28.64,28.66,28.55,28.62,90841
2026-03-13 11:50:00,28.62,28.64,28.605,28.62,8195
2026-03-13 11:55:00,28.595,28.645,28.59,28.61,5947
2026-03-13 12:00:00,28.61,28.67,28.61,28.64,10376
2026-03-13 12:05:00,28.64,28.645,28.615,28.63,14087
2026-03-13 12:10:00,28.6199,28.62,28.585,28.61,81336
2026-03-13 12:15:00,28.61,28.7,28.61,28.675,6891
2026-03-13 12:20:00,28.67,28.67,28.645,28.65,4199
2026-03-13 12:25:00,28.65,28.655,28.61,28.65,9035
2026-03-13 12:30:00,28.65,28.665,28.625,28.625,11499
2026-03-13 12:35:00,28.63,28.63,28.59,28.6,15259
2026-03-13 12:40:00,28.58,28.615,28.56,28.61,6472
2026-03-13 12:45:00,28.6,28.6,28.575,28.58,4450
2026-03-13 12:50:00,28.59,28.615,28.59,28.61,1360
2026-03-13 12:55:00,28.6,28.615,28.6,28.61,77946
2026-03-13 13:00:00,28.61,28.61,28.565,28.57,67048
2026-03-13 13:05:00,28.57,28.575,28.54,28.555,6986
2026-03-13 13:10:00,28.56,28.56,28.54,28.55,8056
2026-03-13 13:15:00,28.54,28.585,28.54,28.57,4231
2026-03-13 13:20:00,28.565,28.585,28.56,28.575,24922
2026-03-13 13:25:00,28.57,28.58,28.56,28.565,3226
2026-03-13 13:30:00,28.57,28.61,28.57,28.61,900
2026-03-13 13:35:00,28.61,28.63,28.61,28.63,2000
2026-03-13 13:40:00,28.63,28.662,28.63,28.662,614
2026-03-13 13:45:00,28.68,28.69,28.6722,28.6722,2761
2026-03-13 13:50:00,28.68,28.7101,28.68,28.71,1536
2026-03-13 13:55:00,28.705,28.71,28.68,28.69,2108
2026-03-13 14:00:00,28.68,28.71,28.68,28.7,5292
2026-03-13 14:05:00,28.71,28.76,28.71,28.75,7337
2026-03-13 14:10:00,28.739,28.7899,28.739,28.756,32705
2026-03-13 14:15:00,28.765,28.79,28.75,28.79,2443
2026-03-13 14:20:00,28.785,28.785,28.76,28.78,4411
2026-03-13 14:25:00,28.765,28.785,28.75,28.785,3882
2026-03-13 14:30:00,28.77,28.77,28.7499,28.7499,2556
2026-03-13 14:35:00,28.75,28.755,28.73,28.73,2216
2026-03-13 14:40:00,28.725,28.73,28.67,28.69,13470
2026-03-13 14:45:00,28.69,28.695,28.65,28.65,4491
2026-03-13 14:50:00,28.65,28.67,28.64,28.67,3873
2026-03-13 14:55:00,28.675,28.685,28.675,28.675,1592
2026-03-13 15:00:00,28.675,28.69,28.665,28.68,9097
2026-03-13 15:05:00,28.68,28.685,28.66,28.66,14701
2026-03-13 15:10:00,28.67,28.68,28.645,28.675,42424
2026-03-13 15:15:00,28.67,28.705,28.645,28.7018,37520
2026-03-13 15:20:00,28.705,28.705,28.685,28.69,8580
2026-03-13 15:25:00,28.69,28.695,28.68,28.69,1571
2026-03-13 15:30:00,28.695,28.715,28.69,28.695,7033
2026-03-13 15:35:00,28.7,28.715,28.69,28.71,5949
2026-03-13 15:40:00,28.71,28.72,28.7034,28.705,7163
2026-03-13 15:45:00,28.7,28.705,28.66,28.69,16217
2026-03-13 15:50:00,28.69,28.72,28.69,28.7,9012
2026-03-13 15:55:00,28.71,28.73,28.71,28.715,39054
2026-03-13 16:00:00,28.71,28.74,28.71,28.74,15205
2026-03-13 16:15:00,28.78,28.78,28.77,28.77,1400
2026-03-13 16:35:00,28.7136,28.7136,28.7136,28.7136,500
2026-03-16 06:20:00,28.79,28.79,28.79,28.79,150
2026-03-16 07:00:00,28.67,28.67,28.67,28.67,500
2026-03-16 07:10:00,28.54,28.54,28.51,28.51,1000
2026-03-16 08:00:00,28.88,28.88,28.5138,28.526,3600
2026-03-16 08:05:00,28.68,28.68,28.68,28.68,1100
2026-03-16 08:10:00,28.7,28.7,28.7,28.7,150
2026-03-16 08:15:00,28.7,28.7,28.7,28.7,494
2026-03-16 08:25:00,28.8,28.8,28.8,28.8,419
2026-03-16 08:30:00,28.72,28.72,28.72,28.72,100
2026-03-16 09:00:00,28.54,28.54,28.53,28.53,300
2026-03-16 09:05:00,28.55,28.615,28.55,28.615,300
2026-03-16 09:20:00,28.66,28.66,28.66,28.66,300
2026-03-16 09:30:00,28.62,28.65,28.59,28.6393,29069
2026-03-16 09:35:00,28.65,28.7,28.63,28.665,26154
2026-03-16 09:40:00,28.665,28.6793,28.6493,28.6493,22003
2026-03-16 09:45:00,28.6445,28.645,28.56,28.56,14544
2026-03-16 09:50:00,28.57,28.58,28.53,28.57,16386
2026-03-16 09:55:00,28.555,28.565,28.42,28.47,38175
2026-03-16 10:00:00,28.485,28.51,28.46,28.5001,16796
2026-03-16 10:05:00,28.5001,28.5001,28.455,28.455,5572
2026-03-16 10:10:00,28.425,28.515,28.4213,28.49,7753
2026-03-16 10:15:00,28.5,28.53,28.5,28.525,5577
2026-03-16 10:20:00,28.53,28.53,28.505,28.51,3676
2026-03-16 10:25:00,28.505,28.52,28.498,28.5065,5377
2026-03-16 10:30:00,28.5187,28.57,28.5,28.565,4211
2026-03-16 10:35:00,28.57,28.57,28.53,28.56,23007
2026-03-16 10:40:00,28.55,28.5807,28.55,28.56,18790
2026-03-16 10:45:00,28.59,28.5913,28.54,28.565,123921
2026-03-16 10:50:00,28.57,28.6,28.57,28.5724,4383
2026-03-16 10:55:00,28.585,28.5916,28.579,28.585,4997
2026-03-16 11:00:00,28.58,28.595,28.54,28.595,6467
2026-03-16 11:05:00,28.59,28.6,28.59,28.59,2788
2026-03-16 11:10:00,28.6,28.6113,28.6,28.6075,1823
2026-03-16 11:15:00,28.62,28.635,28.59,28.596,2562
2026-03-16 11:20:00,28.5844,28.6207,28.5844,28.61,5322
2026-03-16 11:25:00,28.6099,28.6099,28.57,28.57,943
2026-03-16 11:30:00,28.59,28.595,28.54,28.54,5210
2026-03-16 11:35:00,28.54,28.56,28.535,28.54,5683
2026-03-16 11:40:00,28.545,28.545,28.48,28.48,5301
2026-03-16 11:45:00,28.49,28.505,28.4801,28.485,2578
2026-03-16 11:50:00,28.475,28.508,28.475,28.5,2133
2026-03-16 11:55:00,28.525,28.54,28.52,28.53,2326
2026-03-16 12:00:00,28.51,28.54,28.51,28.54,15018
2026-03-16 12:05:00,28.5399,28.54,28.51,28.52,6412
2026-03-16 12:10:00,28.52,28.545,28.51,28.51,35421
2026-03-16 12:15:00,28.515,28.52,28.49,28.505,8143
2026-03-16 12:20:00,28.51,28.57,28.51,28.57,1716
2026-03-16 12:25:00,28.59,28.64,28.59,28.61,22358
2026-03-16 12:30:00,28.61,28.615,28.575,28.58,8389
2026-03-16 12:35:00,28.58,28.595,28.575,28.5801,22934
2026-03-16 12:40:00,28.5845,28.585,28.555,28.57,1306
2026-03-16 12:45:00,28.58,28.595,28.55,28.57,3375
2026-03-16 12:50:00,28.57,28.585,28.555,28.565,4580
2026-03-16 12:55:00,28.56,28.57,28.525,28.56,10723
2026-03-16 13:00:00,28.555,28.555,28.49,28.51,21595
2026-03-16 13:05:00,28.51,28.515,28.4814,28.495,6838
2026-03-16 13:10:00,28.49,28.49,28.4,28.45,45473
2026-03-16 13:15:00,28.45,28.47,28.425,28.43,7131
2026-03-16 13:20:00,28.43,28.43,28.365,28.394,6409
2026-03-16 13:25:00,28.365,28.365,28.305,28.325,24626
2026-03-16 13:30:00,28.325,28.35,28.325,28.335,2458
2026-03-16 13:35:00,28.345,28.3509,28.33,28.345,4468
2026-03-16 13:40:00,28.35,28.355,28.325,28.34,2948
2026-03-16 13:45:00,28.345,28.365,28.34,28.345,12140
2026-03-16 13:50:00,28.35,28.355,28.325,28.345,5258
2026-03-16 13:55:00,28.34,28.3499,28.325,28.325,1982
2026-03-16 14:00:00,28.325,28.36,28.325,28.355,1200
2026-03-16 14:05:00,28.355,28.355,28.27,28.29,22252
2026-03-16 14:10:00,28.29,28.32,28.2805,28.315,2718
2026-03-16 14:15:00,28.3,28.3,28.2,28.265,22879
2026-03-16 14:20:00,28.28,28.3,28.28,28.28,2688
2026-03-16 14:25:00,28.2655,28.29,28.25,28.29,3639
2026-03-16 14:30:00,28.295,28.325,28.28,28.31,9183
2026-03-16 14:35:00,28.31,28.355,28.295,28.355,9418
2026-03-16 14:40:00,28.35,28.355,28.335,28.335,4658
2026-03-16 14:45:00,28.335,28.35,28.325,28.334,3890
2026-03-16 14:50:00,28.3301,28.335,28.325,28.325,11211
2026-03-16 14:55:00,28.31,28.31,28.3,28.3,1093
2026-03-16 15:00:00,28.3,28.325,28.3,28.315,13907
2026-03-16 15:05:00,28.33,28.355,28.33,28.34,15043
2026-03-16 15:10:00,28.34,28.3501,28.3307,28.345,3395
2026-03-16 15:15:00,28.345,28.35,28.335,28.35,32596
2026-03-16 15:20:00,28.36,28.4,28.355,28.39,12594
2026-03-16 15:25:00,28.395,28.405,28.31,28.34,122451
2026-03-16 15:30:00,28.35,28.36,28.325,28.35,17579
2026-03-16 15:35:00,28.35,28.35,28.32,28.34,4625
2026-03-16 15:40:00,28.34,28.34,28.315,28.32,22920
2026-03-16 15:45:00,28.32,28.325,28.29,28.29,9689
2026-03-16 15:50:00,28.285,28.2999,28.27,28.285,59643
2026-03-16 15:55:00,28.285,28.315,28.285,28.31,27280
2026-03-16 16:00:00,28.31,28.31,28.31,28.31,17400
2026-03-16 16:40:00,28.32,28.32,28.32,28.32,400
2026-03-16 18:50:00,28.4775,28.4775,28.4775,28.4775,400
2026-03-16 19:05:00,28.5,28.5,28.5,28.5,180
2026-03-16 19:35:00,28.2164,28.2164,28.2164,28.2164,200
2026-03-17 04:00:00,28.8,28.8,28.8,28.8,1042
2026-03-17 04:45:00,28.88,28.88,28.88,28.88,115
2026-03-17 07:10:00,28.76,28.76,28.76,28.76,250
2026-03-17 07:35:00,28.76,28.81,28.76,28.81,850
2026-03-17 07:40:00,28.78,28.78,28.78,28.78,671
2026-03-17 08:00:00,28.9,28.9,28.9,28.9,180
2026-03-17 08:30:00,28.59,28.59,28.59,28.59,200
2026-03-17 09:05:00,28.65,28.65,28.65,28.65,100
2026-03-17 09:10:00,28.67,28.67,28.64,28.64,500
2026-03-17 09:30:00,28.69,28.71,28.662,28.662,67715
2026-03-17 09:35:00,28.671,28.69,28.66,28.69,7017
2026-03-17 09:40:00,28.66,28.66,28.635,28.6573,4706
2026-03-17 09:45:00,28.6,28.64,28.6,28.64,2252
2026-03-17 09:50:00,28.645,28.675,28.645,28.675,1750
2026-03-17 09:55:00,28.68,28.685,28.67,28.685,26325
2026-03-17 10:00:00,28.7,28.715,28.685,28.69,5439
2026-03-17 10:05:00,28.705,28.705,28.675,28.695,6411
2026-03-17 10:10:00,28.695,28.725,28.69,28.72,8022
2026-03-17 10:15:00,28.73,28.735,28.7,28.7,5258
2026-03-17 10:20:00,28.7,28.715,28.695,28.695,5257
2026-03-17 10:25:00,28.69,28.695,28.66,28.66,5880
2026-03-17 10:30:00,28.64,28.665,28.64,28.66,1000
2026-03-17 10:35:00,28.65,28.65,28.62,28.63,1000
2026-03-17 10:40:00,28.6326,28.635,28.58,28.58,1439
2026-03-17 10:45:00,28.57,28.5923,28.56,28.58,4450
2026-03-17 10:50:00,28.5401,28.55,28.54,28.54,5200
2026-03-17 10:55:00,28.555,28.56,28.54,28.56,2900
2026-03-17 11:00:00,28.555,28.56,28.545,28.56,2867
2026-03-17 11:05:00,28.57,28.58,28.57,28.575,1600
2026-03-17 11:10:00,28.575,28.595,28.56,28.595,4077
2026-03-17 11:15:00,28.59,28.625,28.59,28.615,2679
2026-03-17 11:20:00,28.62,28.62,28.6,28.62,3500
2026-03-17 11:25:00,28.61,28.625,28.61,28.62,1019
2026-03-17 11:30:00,28.62,28.66,28.62,28.66,5414
2026-03-17 11:35:00,28.66,28.6899,28.66,28.68,1342
2026-03-17 11:40:00,28.665,28.665,28.65,28.66,535
2026-03-17 11:45:00,28.67,28.7,28.67,28.6993,1709
2026-03-17 11:50:00,28.69,28.695,28.6823,28.695,1183
2026-03-17 11:55:00,28.68,28.695,28.675,28.695,6572
2026-03-17 12:00:00,28.695,28.726,28.69,28.72,2068
2026-03-17 12:05:00,28.71,28.73,28.7,28.7,6392
2026-03-17 12:10:00,28.665,28.67,28.64,28.665,6753
2026-03-17 12:15:00,28.665,28.665,28.625,28.63,1892
2026-03-17 12:20:00,28.63,28.64,28.595,28.595,2540
2026-03-17 12:25:00,28.59,28.59,28.545,28.56,6600
2026-03-17 12:30:00,28.56,28.6,28.555,28.5801,2940
2026-03-17 12:35:00,28.6,28.61,28.6,28.61,484
2026-03-17 12:40:00,28.595,28.61,28.595,28.61,600
2026-03-17 12:45:00,28.615,28.645,28.605,28.645,3133
2026-03-17 12:50:00,28.645,28.645,28.62,28.62,2307
2026-03-17 12:55:00,28.63,28.64,28.62,28.62,529
2026-03-17 13:00:00,28.62,28.6629,28.62,28.66,2200
2026-03-17 13:05:00,28.69,28.69,28.675,28.675,524
2026-03-17 13:10:00,28.68,28.708,28.68,28.7,5948
2026-03-17 13:15:00,28.6999,28.705,28.685,28.695,3898
2026-03-17 13:20:00,28.7,28.7199,28.7,28.71,1941
2026-03-17 13:25:00,28.7,28.7,28.665,28.665,4545
2026-03-17 13:30:00,28.66,28.66,28.65,28.66,2206
2026-03-17 13:35:00,28.645,28.65,28.635,28.635,2342
2026-03-17 13:40:00,28.63,28.655,28.63,28.655,4087
2026-03-17 13:45:00,28.6555,28.695,28.6555,28.68,2622
2026-03-17 13:50:00,28.685,28.695,28.685,28.685,1471
2026-03-17 13:55:00,28.695,28.705,28.695,28.705,2700
2026-03-17 14:00:00,28.7,28.7,28.68,28.6845,700
2026-03-17 14:05:00,28.7,28.7,28.675,28.675,1506
2026-03-17 14:10:00,28.6716,28.69,28.67,28.685,9614
2026-03-17 14:15:00,28.685,28.6893,28.675,28.68,2101
2026-03-17 14:20:00,28.695,28.715,28.69,28.715,2143
2026-03-17 14:25:00,28.715,28.73,28.71,28.72,5374
2026-03-17 14:30:00,28.71,28.71,28.7,28.71,2476
2026-03-17 14:35:00,28.7293,28.7293,28.71,28.725,2116
2026-03-17 14:40:00,28.73,28.735,28.73,28.735,2038
2026-03-17 14:45:00,28.735,28.743,28.735,28.7351,3676
2026-03-17 14:50:00,28.7393,28.7393,28.72,28.725,8100
2026-03-17 14:55:00,28.725,28.725,28.72,28.72,1000
2026-03-17 15:00:00,28.73,28.755,28.7,28.745,3239
2026-03-17 15:05:00,28.7489,28.7489,28.72,28.725,1411
2026-03-17 15:10:00,28.735,28.735,28.735,28.735,2672
2026-03-17 15:15:00,28.73,28.73,28.7175,28.72,1528
2026-03-17 15:20:00,28.72,28.7253,28.72,28.72,3184
2026-03-17 15:25:00,28.71,28.725,28.71,28.724,1517
2026-03-17 15:30:00,28.728,28.745,28.728,28.735,5956
2026-03-17 15:35:00,28.735,28.735,28.72,28.72,1953
2026-03-17 15:40:00,28.725,28.745,28.72,28.74,17055
2026-03-17 15:45:00,28.74,28.74,28.725,28.73,7524
2026-03-17 15:50:00,28.73,28.765,28.7226,28.765,13451
2026-03-17 15:55:00,28.765,28.7682,28.75,28.76,27673
2026-03-17 16:00:00,28.76,28.76,28.76,28.76,24251
2026-03-17 17:45:00,28.87,28.88,28.87,28.88,1942
2026-03-18 08:00:00,28.65,28.65,28.28,28.28,658
2026-03-18 08:20:00,28.92,28.92,28.92,28.92,100
2026-03-18 08:45:00,28.89,28.89,28.86,28.89,3725
2026-03-18 08:50:00,28.93,28.93,28.9,28.9,895
2026-03-18 09:00:00,29.0,29.0,29.0,29.0,300
2026-03-18 09:05:00,29.0,29.0,29.0,29.0,350
2026-03-18 09:10:00,28.97,28.97,28.97,28.97,100
2026-03-18 09:30:00,28.97,29.044,28.97,29.035,59179
2026-03-18 09:35:00,29.025,29.03,28.99,29.03,17234
2026-03-18 09:40:00,29.03,29.065,29.01,29.05,9019
2026-03-18 09:45:00,29.05,29.06,29.02,29.06,2658
2026-03-18 09:50:00,29.07,29.095,29.07,29.085,5471
2026-03-18 09:55:00,29.08,29.1,29.07,29.085,6250
2026-03-18 10:00:00,29.105,29.11,29.09,29.09,6883
2026-03-18 10:05:00,29.09,29.1,29.05,29.1,8537
2026-03-18 10:10:00,29.095,29.125,29.085,29.125,15947
2026-03-18 10:15:00,29.115,29.13,29.105,29.13,49990
2026-03-18 10:20:00,29.125,29.16,29.125,29.16,10397
2026-03-18 10:25:00,29.149,29.155,29.12,29.12,17226
2026-03-18 10:30:00,29.115,29.145,29.115,29.145,4415
2026-03-18 10:35:00,29.15,29.15,29.13,29.14,710
2026-03-18 10:40:00,29.12,29.18,29.12,29.165,84042
2026-03-18 10:45:00,29.165,29.19,29.145,29.19,13074
2026-03-18 10:50:00,29.1901,29.195,29.165,29.17,6201
2026-03-18 10:55:00,29.165,29.18,29.11,29.12,6119
2026-03-18 11:00:00,29.12,29.125,29.07,29.07,22313
2026-03-18 11:05:00,29.08,29.08,29.05,29.07,4558
2026-03-18 11:10:00,29.0825,29.105,29.06,29.07,10676
2026-03-18 11:15:00,29.1,29.13,29.1,29.13,1870
2026-03-18 11:20:00,29.14,29.165,29.14,29.155,3840
2026-03-18 11:25:00,29.14,29.15,29.12,29.15,4027
2026-03-18 11:30:00,29.15,29.15,29.13,29.14,3017
2026-03-18 11:35:00,29.14,29.155,29.13,29.13,2504
2026-03-18 11:40:00,29.1301,29.16,29.1301,29.15,7438
2026-03-18 11:45:00,29.15,29.165,29.14,29.14,27272
2026-03-18 11:50:00,29.14,29.15,29.125,29.125,1746
2026-03-18 11:55:00,29.11,29.125,29.075,29.12,4809
2026-03-18 12:00:00,29.12,29.125,29.11,29.1101,9590
2026-03-18 12:05:00,29.115,29.14,29.09,29.12,14653
2026-03-18 12:10:00,29.13,29.13,29.09,29.09,15172
2026-03-18 12:15:00,29.1,29.14,29.1,29.12,6130
2026-03-18 12:20:00,29.11,29.1199,29.1,29.115,4361
2026-03-18 12:25:00,29.12,29.14,29.12,29.13,3553
2026-03-18 12:30:00,29.135,29.1451,29.12,29.135,3522
2026-03-18 12:35:00,29.135,29.1488,29.085,29.13,17504
2026-03-18 12:40:00,29.135,29.135,29.11,29.11,1486
2026-03-18 12:45:00,29.12,29.12,29.1,29.12,2723
2026-03-18 12:50:00,29.12,29.12,29.105,29.115,2157
2026-03-18 12:55:00,29.13,29.16,29.1176,29.155,2744
2026-03-18 13:00:00,29.17,29.185,29.165,29.17,4439
2026-03-18 13:05:00,29.165,29.18,29.165,29.17,11964
2026-03-18 13:10:00,29.16,29.17,29.15,29.17,2508
2026-03-18 13:15:00,29.1799,29.18,29.16,29.165,2088
2026-03-18 13:20:00,29.17,29.175,29.1499,29.17,6739
2026-03-18 13:25:00,29.18,29.1997,29.1701,29.185,9916
2026-03-18 13:30:00,29.19,29.19,29.17,29.175,2900
2026-03-18 13:35:00,29.17,29.17,29.12,29.12,1054
2026-03-18 13:40:00,29.09,29.1,29.0745,29.095,3679
2026-03-18 13:45:00,29.07,29.07,28.99,29.035,7265
2026-03-18 13:50:00,29.0294,29.0294,28.995,28.995,3214
2026-03-18 13:55:00,28.99,28.99,28.96,28.97,5752
2026-03-18 14:00:00,28.9899,28.9899,28.885,28.885,8690
2026-03-18 14:05:00,28.8912,28.965,28.8912,28.965,5075
2026-03-18 14:10:00,28.9586,28.97,28.94,28.96,18857
2026-03-18 14:15:00,28.98,29.075,28.98,29.06,10466
2026-03-18 14:20:00,29.045,29.07,29.04,29.05,2032
2026-03-18 14:25:00,29.08,29.095,29.05,29.055,2271
2026-03-18 14:30:00,29.06,29.12,29.0599,29.12,2550
2026-03-18 14:35:00,29.14,29.14,29.09,29.12,8700
2026-03-18 14:40:00,29.13,29.13,29.11,29.11,3256
2026-03-18 14:45:00,29.11,29.11,29.105,29.11,700
2026-03-18 14:50:00,29.11,29.11,29.1,29.1065,8947
2026-03-18 14:55:00,29.1,29.1,29.05,29.09,12500
2026-03-18 15:00:00,29.09,29.115,29.08,29.115,6064
2026-03-18 15:05:00,29.11,29.12,29.055,29.085,18782
2026-03-18 15:10:00,29.08,29.11,29.08,29.11,6812
2026-03-18 15:15:00,29.115,29.155,29.11,29.1499,6231
2026-03-18 15:20:00,29.165,29.195,29.165,29.186,5697
2026-03-18 15:25:00,29.19,29.2,29.18,29.19,34517
2026-03-18 15:30:00,29.195,29.21,29.1879,29.21,11071
2026-03-18 15:35:00,29.21,29.225,29.2013,29.225,2952
2026-03-18 15:40:00,29.22,29.27,29.2145,29.27,9267
2026-03-18 15:45:00,29.27,29.28,29.265,29.27,7845
2026-03-18 15:50:00,29.27,29.295,29.265,29.295,14793
2026-03-18 15:55:00,29.2999,29.2999,29.25,29.265,49825
2026-03-18 16:00:00,29.27,29.27,29.27,29.27,8017
2026-03-18 16:15:00,29.4764,29.477,29.4764,29.477,900
2026-03-18 16:20:00,29.499,29.5,29.499,29.5,500
2026-03-18 16:45:00,29.499,29.499,29.499,29.499,200
2026-03-18 16:50:00,29.499,29.499,29.499,29.499,100
2026-03-18 17:10:00,29.29,29.29,29.29,29.29,500
2026-03-18 17:15:00,29.28,29.28,29.28,29.28,108
2026-03-18 17:30:00,29.45,29.45,29.45,29.45,750
2026-03-18 18:40:00,29.36,29.36,29.36,29.36,292
2026-03-18 18:50:00,29.4,29.4,29.4,29.4,200
2026-03-18 19:15:00,29.4888,29.4888,29.4888,29.4888,100
2026-03-19 04:35:00,29.43,29.44,29.43,29.44,933
2026-03-19 05:15:00,29.44,29.44,29.44,29.44,100
2026-03-19 05:55:00,29.36,29.36,29.31,29.31,495
2026-03-19 07:00:00,29.26,29.26,29.26,29.26,338
2026-03-19 08:00:00,29.2043,29.2043,29.2043,29.2043,558
2026-03-19 08:05:00,29.4,29.4,29.27,29.27,573
2026-03-19 08:10:00,29.25,29.25,29.25,29.25,300
2026-03-19 08:15:00,29.3,29.3,29.3,29.3,100
2026-03-19 08:20:00,29.25,29.26,29.25,29.26,3100
2026-03-19 08:35:00,29.25,29.25,29.25,29.25,100
2026-03-19 08:40:00,29.1,29.1,29.1,29.1,500
2026-03-19 08:45:00,29.1,29.1,29.1,29.1,500
2026-03-19 08:50:00,28.8,29.0,28.8,29.0,5442
2026-03-19 09:30:00,29.05,29.0788,28.98,29.04,23217
2026-03-19 09:35:00,29.04,29.04,28.96,28.975,12329
2026-03-19 09:40:00,28.9701,29.0,28.945,28.95,5373
2026-03-19 09:45:00,28.95,28.99,28.92,28.96,20374
2026-03-19 09:50:00,28.93,28.96,28.855,28.96,26760
2026-03-19 09:55:00,28.9499,28.995,28.9499,28.975,3234
2026-03-19 10:00:00,28.975,29.05,28.965,29.05,28444
2026-03-19 10:05:00,29.06,29.11,29.045,29.0522,20308
2026-03-19 10:10:00,29.055,29.095,29.015,29.095,6128
2026-03-19 10:15:00,29.07,29.08,29.035,29.08,5777
2026-03-19 10:20:00,29.08,29.145,29.08,29.115,20969
2026-03-19 10:25:00,29.11,29.1276,29.08,29.08,36408
2026-03-19 10:30:00,29.086,29.115,29.065,29.095,7022
2026-03-19 10:35:00,29.09,29.125,29.09,29.125,3273
2026-03-19 10:40:00,29.115,29.13,29.1107,29.1107,3200
2026-03-19 10:45:00,29.09,29.0999,29.035,29.05,4347
2026-03-19 10:50:00,29.0674,29.1,29.065,29.1,5204
2026-03-19 10:55:00,29.1,29.11,29.07,29.0813,14572
2026-03-19 11:00:00,29.085,29.13,29.075,29.12,10311
2026-03-19 11:05:00,29.115,29.12,29.095,29.095,6289
2026-03-19 11:10:00,29.095,29.13,29.085,29.12,7861
2026-03-19 11:15:00,29.13,29.18,29.11,29.18,2002
2026-03-19 11:20:00,29.19,29.24,29.19,29.24,16143
2026-03-19 11:25:00,29.23,29.2535,29.1745,29.1745,4108
2026-03-19 11:30:00,29.175,29.18,29.145,29.165,9857
2026-03-19 11:35:00,29.16,29.1907,29.16,29.18,7202
2026-03-19 11:40:00,29.18,29.205,29.135,29.175,47138
2026-03-19 11:45:00,29.18,29.23,29.14,29.19,65631
2026-03-19 11:50:00,29.195,29.23,29.16,29.17,10677
2026-03-19 11:55:00,29.15,29.16,29.09,29.105,17442
2026-03-19 12:00:00,29.1,29.13,29.01,29.055,49224
2026-03-19 12:05:00,29.07,29.09,29.045,29.09,13902
2026-03-19 12:10:00,29.08,29.08,29.0598,29.06,1500
2026-03-19 12:15:00,29.0623,29.105,29.0623,29.105,5756
2026-03-19 12:20:00,29.1,29.1301,29.1,29.1301,2448
2026-03-19 12:25:00,29.115,29.13,29.1,29.12,6586
2026-03-19 12:30:00,29.11,29.13,29.09,29.105,10591
2026-03-19 12:35:00,29.095,29.1657,29.095,29.13,6273
2026-03-19 12:40:00,29.12,29.12,29.09,29.0901,1883
2026-03-19 12:45:00,29.0884,29.0926,29.055,29.055,2364
2026-03-19 12:50:00,29.04,29.055,28.975,28.975,13585
2026-03-19 12:55:00,28.97,29.0299,28.97,29.02,6326
2026-03-19 13:00:00,29.0177,29.02,29.005,29.005,618
2026-03-19 13:05:00,29.0014,29.005,28.95,28.99,3873
2026-03-19 13:10:00,28.9987,29.01,28.9853,28.99,2146
2026-03-19 13:15:00,29.0,29.005,28.985,29.005,2675
2026-03-19 13:20:00,29.01,29.01,28.89,28.9201,16360
2026-03-19 13:25:00,28.93,28.94,28.88,28.88,25762
2026-03-19 13:30:00,28.87,28.95,28.87,28.93,2626
2026-03-19 13:35:00,28.94,28.96,28.935,28.95,7486
2026-03-19 13:40:00,28.955,28.99,28.955,28.98,1500
2026-03-19 13:45:00,28.96,29.005,28.96,28.99,1153
2026-03-19 13:50:00,28.95,28.98,28.95,28.96,12680
2026-03-19 13:55:00,28.95,28.95,28.935,28.94,700
2026-03-19 14:00:00,28.96,28.97,28.89,28.8902,2110
2026-03-19 14:05:00,28.89,28.89,28.81,28.845,12398
2026-03-19 14:10:00,28.83,28.84,28.81,28.84,3910
2026-03-19 14:15:00,28.82,28.885,28.82,28.885,1608
2026-03-19 14:20:00,28.8793,28.92,28.8793,28.91,8912
2026-03-19 14:25:00,28.925,28.975,28.915,28.975,5397
2026-03-19 14:30:00,28.955,28.99,28.955,28.985,2000
2026-03-19 14:35:00,28.98,28.98,28.975,28.98,300
2026-03-19 14:40:00,28.99,29.015,28.98,29.015,9245
2026-03-19 14:45:00,29.01,29.01,28.96,28.97,4595
2026-03-19 14:50:00,28.9899,28.995,28.97,28.97,400
2026-03-19 14:55:00,28.915,28.915,28.84,28.865,3621
2026-03-19 15:00:00,28.885,28.905,28.68,28.71,5968
2026-03-19 15:05:00,28.7,28.825,28.6,28.65,25573
2026-03-19 15:10:00,28.655,28.72,28.565,28.72,27067
2026-03-19 15:15:00,28.715,28.715,28.54,28.59,22620
2026-03-19 15:20:00,28.59,28.64,28.56,28.615,25792
2026-03-19 15:25:00,28.605,28.73,28.605,28.73,13768
2026-03-19 15:30:00,28.745,28.78,28.6901,28.775,10896
2026-03-19 15:35:00,28.775,28.8,28.73,28.74,6112
2026-03-19 15:40:00,28.735,28.775,28.73,28.76,7446
2026-03-19 15:45:00,28.77,28.78,28.755,28.77,13117
2026-03-19 15:50:00,28.78,28.825,28.7701,28.82,40395
2026-03-19 15:55:00,28.83,28.875,28.825,28.835,63078
2026-03-19 16:00:00,28.84,28.84,28.84,28.84,20217
2026-03-19 16:15:00,28.91,28.91,28.89,28.89,957
2026-03-19 17:35:00,28.5,28.5,28.5,28.5,200
2026-03-19 18:00:00,28.75,28.75,28.75,28.75,100
2026-03-19 18:40:00,28.6,28.6,28.6,28.6,1600
2026-03-19 19:40:00,28.55,28.55,28.55,28.55,100
2026-03-20 04:25:00,29.22,29.22,29.22,29.22,100
2026-03-20 09:20:00,28.81,28.81,28.81,28.81,100
2026-03-20 09:30:00,28.92,28.92,28.88,28.89,30276
2026-03-20 09:35:00,28.87,28.915,28.845,28.88,90395
2026-03-20 09:40:00,28.87,28.9105,28.84,28.91,19513
2026-03-20 09:45:00,28.9031,28.9031,28.83,28.865,276631
2026-03-20 09:50:00,28.87,28.9001,28.84,28.84,18127
2026-03-20 09:55:00,28.83,28.91,28.83,28.89,11105
2026-03-20 10:00:00,28.87,28.8798,28.81,28.815,22258
2026-03-20 10:05:00,28.81,28.815,28.77,28.79,17084
2026-03-20 10:10:00,28.8,28.8,28.785,28.79,7464
2026-03-20 10:15:00,28.79,28.82,28.77,28.82,9102
2026-03-20 10:20:00,28.82,28.83,28.765,28.78,14739
2026-03-20 10:25:00,28.7702,28.7702,28.735,28.74,5940
2026-03-20 10:30:00,28.75,28.79,28.75,28.78,8769
2026-03-20 10:35:00,28.78,28.865,28.775,28.86,16729
2026-03-20 10:40:00,28.87,28.9001,28.87,28.9001,3312
2026-03-20 10:45:00,28.91,28.93,28.875,28.915,24342
2026-03-20 10:50:00,28.92,28.975,28.92,28.97,16260
2026-03-20 10:55:00,28.96,29.015,28.95,29.01,20897
2026-03-20 11:00:00,29.005,29.0175,28.96,29.015,10829
2026-03-20 11:05:00,29.015,29.015,28.98,28.9802,12123
2026-03-20 11:10:00,28.98,28.99,28.965,28.965,2023
2026-03-20 11:15:00,28.96,28.965,28.945,28.955,9949
2026-03-20 11:20:00,28.94,28.96,28.88,28.945,17618
2026-03-20 11:25:00,28.94,28.96,28.91,28.96,264191
2026-03-20 11:30:00,28.96,28.9799,28.95,28.95,4096
2026-03-20 11:35:00,28.945,28.96,28.94,28.94,24131
2026-03-20 11:40:00,28.94,28.94,28.905,28.905,6376
2026-03-20 11:45:00,28.9,28.9,28.8645,28.88,6160
2026-03-20 11:50:00,28.8879,28.8985,28.875,28.88,5728
2026-03-20 11:55:00,28.88,28.885,28.85,28.855,6690
2026-03-20 12:00:00,28.86,28.8776,28.845,28.855,9730
2026-03-20 12:05:00,28.86,28.93,28.86,28.925,7347
2026-03-20 12:10:00,28.93,28.99,28.93,28.99,3811
2026-03-20 12:15:00,28.995,29.02,28.985,29.02,2498
2026-03-20 12:20:00,29.025,29.03,28.96,28.97,8956
2026-03-20 12:25:00,28.98,28.985,28.96,28.96,5911
2026-03-20 12:30:00,28.95,28.995,28.945,28.99,15517
2026-03-20 12:35:00,28.99,29.005,28.985,29.005,6483
2026-03-20 12:40:00,29.005,29.01,28.98,28.985,12243
2026-03-20 12:45:00,28.985,29.015,28.97,29.005,95303
2026-03-20 12:50:00,29.005,29.01,28.98,28.9849,30543
2026-03-20 12:55:00,28.98,28.98,28.94,28.96,11461
2026-03-20 13:00:00,28.955,28.955,28.94,28.955,20735
2026-03-20 13:05:00,28.96,29.06,28.96,29.05,161491
2026-03-20 13:10:00,29.04,29.045,29.025,29.025,11091
2026-03-20 13:15:00,29.02,29.055,29.0,29.04,10595
2026-03-20 13:20:00,29.035,29.04,29.0,29.0,16082
2026-03-20 13:25:00,29.005,29.03,28.995,29.02,4079
2026-03-20 13:30:00,29.01,29.02,28.995,28.995,1011
2026-03-20 13:35:00,28.99,29.01,28.98,29.01,1715
2026-03-20 13:40:00,29.015,29.03,29.015,29.03,2275
2026-03-20 13:45:00,29.045,29.05,29.0314,29.04,5490
2026-03-20 13:50:00,29.04,29.04,29.0,29.0,6759
2026-03-20 13:55:00,29.0,29.025,28.995,29.015,17593
2026-03-20 14:00:00,29.01,29.01,28.99,28.995,7093
2026-03-20 14:05:00,28.97,28.99,28.94,28.95,4954
2026-03-20 14:10:00,28.955,28.975,28.955,28.97,3901
2026-03-20 14:15:00,28.97,28.995,28.96,28.96,6521
2026-03-20 14:20:00,28.955,29.05,28.955,29.05,13236
2026-03-20 14:25:00,29.07,29.07,29.04,29.07,2505
2026-03-20 14:30:00,29.05,29.11,29.045,29.11,11291
2026-03-20 14:35:00,29.09,29.11,29.07,29.08,3407
2026-03-20 14:40:00,29.11,29.14,29.1,29.14,4008
2026-03-20 14:45:00,29.135,29.1399,29.1,29.1,3459
2026-03-20 14:50:00,29.08,29.09,29.06,29.08,18069
2026-03-20 14:55:00,29.085,29.11,29.06,29.11,14684
2026-03-20 15:00:00,29.115,29.1174,29.08,29.1,1204
2026-03-20 15:05:00,29.09,29.11,29.09,29.1082,7329
2026-03-20 15:10:00,29.105,29.11,29.0731,29.105,42266
2026-03-20 15:15:00,29.1089,29.1089,29.06,29.07,5864
2026-03-20 15:20:00,29.05,29.06,29.04,29.06,3458
2026-03-20 15:25:00,29.0598,29.075,29.04,29.075,188491
2026-03-20 15:30:00,29.08,29.095,29.0601,29.0899,5409
2026-03-20 15:35:00,29.09,29.1001,29.075,29.1,2822
2026-03-20 15:40:00,29.1,29.1,29.035,29.04,23493
2026-03-20 15:45:00,29.04,29.065,29.04,29.05,16258
2026-03-20 15:50:00,29.05,29.05,28.97,29.0,14228
2026-03-20 15:55:00,28.995,28.995,28.94,28.945,27453
2026-03-20 16:00:00,28.94,28.94,28.94,28.94,11066
2026-03-20 16:15:00,29.4134,29.4134,28.94,28.94,400
2026-03-20 17:40:00,28.6513,28.76,28.59,28.6,1730
2026-03-20 17:45:00,28.65,28.65,28.62,28.62,1318
2026-03-23 04:00:00,28.7,28.7,28.7,28.7,200
2026-03-23 04:20:00,29.15,29.15,29.15,29.15,134
2026-03-23 05:05:00,29.18,29.18,29.15,29.15,1616
2026-03-23 06:35:00,29.08,29.08,29.08,29.08,250
2026-03-23 06:45:00,29.1,29.1,29.1,29.1,200
2026-03-23 07:05:00,29.02,29.02,29.01,29.01,1600
2026-03-23 07:10:00,28.7,28.7,28.31,28.59,3800
2026-03-23 07:20:00,28.53,28.68,28.53,28.68,1320
2026-03-23 07:25:00,28.31,28.31,28.31,28.31,100
2026-03-23 07:35:00,28.03,28.03,28.03,28.03,150
2026-03-23 07:40:00,28.08,28.08,28.06,28.06,480
2026-03-23 08:00:00,29.2,29.2,27.7501,28.99,4077
2026-03-23 08:15:00,29.0,29.0,28.9373,28.9373,200
2026-03-23 08:25:00,28.51,28.9,28.3298,28.3298,1421
2026-03-23 08:30:00,28.51,28.51,28.51,28.51,300
2026-03-23 08:40:00,28.3304,28.3304,28.009,28.0103,2110
2026-03-23 08:45:00,28.0,28.0,28.0,28.0,113
2026-03-23 09:00:00,28.0819,28.0819,28.0819,28.0819,1000
2026-03-23 09:05:00,28.0,28.0,28.0,28.0,300
2026-03-23 09:15:00,28.3921,28.3921,28.3921,28.3921,576
2026-03-23 09:30:00,28.11,28.128,28.02,28.04,61927
2026-03-23 09:35:00,28.04,28.095,27.95,27.96,42607
2026-03-23 09:40:00,27.955,27.9899,27.87,27.89,34388
2026-03-23 09:45:00,27.88,27.91,27.83,27.83,34314
2026-03-23 09:50:00,27.815,27.875,27.785,27.86,35509
2026-03-23 09:55:00,27.885,27.935,27.865,27.9,26479
2026-03-23 10:00:00,27.9,27.905,27.755,27.8,30915
2026-03-23 10:05:00,27.8,27.845,27.797,27.815,7050
2026-03-23 10:10:00,27.84,27.895,27.81,27.895,31439
2026-03-23 10:15:00,27.89,27.92,27.85,27.87,13718
2026-03-23 10:20:00,27.86,27.875,27.82,27.835,32114
2026-03-23 10:25:00,27.84,27.96,27.835,27.94,12207
2026-03-23 10:30:00,27.945,27.95,27.9,27.93,19724
2026-03-23 10:35:00,27.94,28.0,27.94,27.99,13033
2026-03-23 10:40:00,27.94,28.0401,27.92,28.03,3000
2026-03-23 10:45:00,28.035,28.035,27.91,27.91,37586
2026-03-23 10:50:00,27.93,27.94,27.875,27.92,26714
2026-03-23 10:55:00,27.91,27.94,27.89,27.895,2579
2026-03-23 11:00:00,27.86,27.86,27.55,27.565,22160
2026-03-23 11:05:00,27.56,27.6,27.46,27.525,34671
2026-03-23 11:10:00,27.53,27.55,27.41,27.415,46212
2026-03-23 11:15:00,27.43,27.55,27.42,27.54,33469
2026-03-23 11:20:00,27.54,27.565,27.51,27.525,32305
2026-03-23 11:25:00,27.545,27.585,27.54,27.56,16962
2026-03-23 11:30:00,27.555,27.6,27.54,27.565,16977
2026-03-23 11:35:00,27.58,27.66,27.58,27.655,36239
2026-03-23 11:40:00,27.66,27.75,27.66,27.75,20021
2026-03-23 11:45:00,27.74,27.81,27.72,27.7201,27776
2026-03-23 11:50:00,27.73,27.88,27.73,27.88,88741
2026-03-23 11:55:00,27.88,27.93,27.855,27.92,59187
2026-03-23 12:00:00,27.88,27.935,27.85,27.93,18476
2026-03-23 12:05:00,27.95,27.95,27.895,27.93,15476
2026-03-23 12:10:00,27.94,28.0,27.94,27.97,12375
2026-03-23 12:15:00,27.975,27.985,27.95,27.98,13224
2026-03-23 12:20:00,27.98,28.04,27.98,28.025,9646
2026-03-23 12:25:00,28.02,28.07,28.0,28.045,23087
2026-03-23 12:30:00,28.05,28.05,27.89,27.9,38698
2026-03-23 12:35:00,27.89,27.905,27.83,27.88,17592
2026-03-23 12:40:00,27.89,27.89,27.82,27.84,8087
2026-03-23 12:45:00,27.8428,27.8428,27.775,27.82,13529
2026-03-23 12:50:00,27.8,27.8,27.74,27.79,10165
2026-03-23 12:55:00,27.76,27.785,27.7501,27.7601,13839
2026-03-23 13:00:00,27.755,27.78,27.705,27.78,16249
2026-03-23 13:05:00,27.78,27.815,27.77,27.78,6550
2026-03-23 13:10:00,27.765,27.845,27.765,27.83,6596
2026-03-23 13:15:00,27.82,27.82,27.76,27.7701,8763
2026-03-23 13:20:00,27.76,27.76,27.75,27.755,2600
2026-03-23 13:25:00,27.7478,27.7478,27.705,27.73,9947
2026-03-23 13:30:00,27.74,27.7582,27.71,27.7582,6320
2026-03-23 13:35:00,27.77,27.77,27.71,27.725,11469
2026-03-23 13:40:00,27.715,27.8,27.695,27.7499,5047
2026-03-23 13:45:00,27.7457,27.7645,27.735,27.76,11700
2026-03-23 13:50:00,27.775,27.775,27.74,27.74,1998
2026-03-23 13:55:00,27.715,27.725,27.695,27.7,2810
2026-03-23 14:00:00,27.7,27.725,27.675,27.68,6854
2026-03-23 14:05:00,27.705,27.785,27.69,27.7051,33615
2026-03-23 14:10:00,27.68,27.68,27.525,27.5551,43283
2026-03-23 14:15:00,27.56,27.61,27.535,27.6,58740
2026-03-23 14:20:00,27.59,27.59,27.51,27.535,23214
2026-03-23 14:25:00,27.54,27.7,27.535,27.69,38464
2026-03-23 14:30:00,27.68,27.685,27.63,27.63,7576
2026-03-23 14:35:00,27.62,27.62,27.49,27.56,43703
2026-03-23 14:40:00,27.58,27.64,27.565,27.6,13517
2026-03-23 14:45:00,27.615,27.64,27.595,27.6,5860
2026-03-23 14:50:00,27.585,27.61,27.585,27.61,4205
2026-03-23 14:55:00,27.615,27.63,27.6,27.63,11676
2026-03-23 15:00:00,27.64,27.645,27.62,27.64,7991
2026-03-23 15:05:00,27.63,27.635,27.615,27.62,12714
2026-03-23 15:10:00,27.595,27.61,27.59,27.595,19484
2026-03-23 15:15:00,27.6,27.6401,27.6,27.635,16742
2026-03-23 15:20:00,27.64,27.685,27.64,27.68,30109
2026-03-23 15:25:00,27.67,27.67,27.61,27.64,15592
2026-03-23 15:30:00,27.65,27.67,27.65,27.66,12317
2026-03-23 15:35:00,27.66,27.695,27.66,27.69,9067
2026-03-23 15:40:00,27.69,27.735,27.685,27.735,12774
2026-03-23 15:45:00,27.7399,27.74,27.705,27.735,40405
2026-03-23 15:50:00,27.74,27.75,27.71,27.745,255842
2026-03-23 15:55:00,27.74,27.748,27.725,27.73,103267
2026-03-23 16:00:00,27.75,27.8,27.75,27.8,39471
2026-03-23 16:05:00,27.8,27.8,27.8,27.8,1326
2026-03-23 16:20:00,27.76,27.76,27.75,27.75,1800
2026-03-23 17:50:00,27.7039,27.7039,27.7039,27.7039,200
2026-03-23 19:50:00,27.75,27.75,27.75,27.75,100
2026-03-24 04:50:00,28.08,28.08,28.08,28.08,100
2026-03-24 05:05:00,28.15,28.15,28.15,28.15,200
2026-03-24 07:50:00,28.06,28.06,28.06,28.06,133
2026-03-24 07:55:00,28.07,28.07,28.07,28.07,100
2026-03-24 08:00:00,28.0,28.0,28.0,28.0,231
2026-03-24 08:50:00,28.09,28.09,28.07,28.07,1100
2026-03-24 09:05:00,28.1,28.1,28.1,28.1,478
2026-03-24 09:10:00,28.1599,28.1599,28.1599,28.1599,336
2026-03-24 09:25:00,28.15,28.17,28.15,28.17,2920
2026-03-24 09:30:00,28.18,28.21,28.17,28.18,34121
2026-03-24 09:35:00,28.175,28.175,28.135,28.14,6778
2026-03-24 09:40:00,28.1523,28.19,28.1523,28.19,5087
2026-03-24 09:45:00,28.185,28.195,28.175,28.1803,10329
2026-03-24 09:50:00,28.16,28.2,28.1501,28.185,18377
2026-03-24 09:55:00,28.1901,28.195,28.18,28.19,8262
2026-03-24 10:00:00,28.1901,28.1901,28.145,28.145,4054
2026-03-24 10:05:00,28.15,28.155,28.13,28.15,17229
2026-03-24 10:10:00,28.145,28.17,28.14,28.17,5119
2026-03-24 10:15:00,28.15,28.16,28.14,28.16,3020
2026-03-24 10:20:00,28.15,28.17,28.15,28.17,1300
2026-03-24 10:25:00,28.18,28.192,28.155,28.165,20918
2026-03-24 10:30:00,28.165,28.18,28.1541,28.165,19101
2026-03-24 10:35:00,28.18,28.23,28.18,28.23,9825
2026-03-24 10:40:00,28.241,28.26,28.195,28.195,9656
2026-03-24 10:45:00,28.19,28.21,28.15,28.21,17803
2026-03-24 10:50:00,28.22,28.23,28.08,28.155,79285
2026-03-24 10:55:00,28.15,28.16,28.07,28.115,86634
2026-03-24 11:00:00,28.105,28.11,28.055,28.1001,47845
2026-03-24 11:05:00,28.11,28.14,28.11,28.125,5649
2026-03-24 11:10:00,28.135,28.14,28.12,28.14,3217
2026-03-24 11:15:00,28.1499,28.17,28.1499,28.165,3153
2026-03-24 11:20:00,28.18,28.18,28.135,28.145,12758
2026-03-24 11:25:00,28.15,28.15,28.13,28.13,3743
2026-03-24 11:30:00,28.125,28.185,28.125,28.17,13330
2026-03-24 11:35:00,28.18,28.18,28.175,28.18,1365
2026-03-24 11:40:00,28.18,28.21,28.18,28.195,5516
2026-03-24 11:45:00,28.21,28.21,28.185,28.2,4585
2026-03-24 11:50:00,28.215,28.22,28.18,28.22,3374
2026-03-24 11:55:00,28.205,28.28,28.205,28.27,32382
2026-03-24 12:00:00,28.28,28.315,28.275,28.3,9058
2026-03-24 12:05:00,28.295,28.32,28.29,28.305,5952
2026-03-24 12:10:00,28.31,28.33,28.3,28.3298,7374
2026-03-24 12:15:00,28.325,28.33,28.315,28.33,8714
2026-03-24 12:20:00,28.335,28.34,28.295,28.295,22481
2026-03-24 12:25:00,28.29,28.315,28.28,28.28,15650
2026-03-24 12:30:00,28.28,28.285,28.265,28.27,21373
2026-03-24 12:35:00,28.27,28.3,28.27,28.2999,3759
2026-03-24 12:40:00,28.29,28.305,28.29,28.305,1200
2026-03-24 12:45:00,28.3,28.305,28.29,28.305,4100
2026-03-24 12:50:00,28.295,28.33,28.295,28.325,5639
2026-03-24 12:55:00,28.33,28.36,28.33,28.34,37721
2026-03-24 13:00:00,28.355,28.36,28.325,28.34,5952
2026-03-24 13:05:00,28.35,28.4,28.35,28.365,11443
2026-03-24 13:10:00,28.37,28.395,28.3605,28.375,11176
2026-03-24 13:15:00,28.38,28.38,28.335,28.3386,3247
2026-03-24 13:20:00,28.34,28.35,28.33,28.35,1200
2026-03-24 13:25:00,28.36,28.36,28.345,28.345,2393
2026-03-24 13:30:00,28.335,28.3401,28.295,28.3,18279
2026-03-24 13:35:00,28.3,28.305,28.28,28.295,5295
2026-03-24 13:40:00,28.29,28.31,28.29,28.31,7544
2026-03-24 13:45:00,28.3133,28.33,28.3,28.305,24551
2026-03-24 13:50:00,28.315,28.32,28.27,28.285,78598
2026-03-24 13:55:00,28.29,28.29,28.13,28.2,137326
2026-03-24 14:00:00,28.19,28.22,28.165,28.2,16623
2026-03-24 14:05:00,28.205,28.22,28.18,28.22,22221
2026-03-24 14:10:00,28.225,28.23,28.2,28.23,6786
2026-03-24 14:15:00,28.24,28.29,28.205,28.22,45286
2026-03-24 14:20:00,28.21,28.285,28.205,28.285,13348
2026-03-24 14:25:00,28.29,28.32,28.29,28.315,34499
2026-03-24 14:30:00,28.31,28.325,28.305,28.31,18399
2026-03-24 14:35:00,28.31,28.31,28.18,28.18,46735
2026-03-24 14:40:00,28.2,28.28,28.19,28.2601,13904
2026-03-24 14:45:00,28.255,28.27,28.25,28.255,13328
2026-03-24 14:50:00,28.28,28.28,28.24,28.27,11200
2026-03-24 14:55:00,28.26,28.29,28.25,28.25,18059
2026-03-24 15:00:00,28.255,28.255,28.205,28.22,7642
2026-03-24 15:05:00,28.22,28.23,28.215,28.22,7526
2026-03-24 15:10:00,28.22,28.22,28.2,28.21,13818
2026-03-24 15:15:00,28.21,28.23,28.205,28.22,4588
2026-03-24 15:20:00,28.21,28.22,28.19,28.21,4849
2026-03-24 15:25:00,28.21,28.21,28.195,28.21,4800
2026-03-24 15:30:00,28.215,28.22,28.21,28.21,1233
2026-03-24 15:35:00,28.205,28.2293,28.19,28.22,13759
2026-03-24 15:40:00,28.22,28.22,28.19,28.19,2218
2026-03-24 15:45:00,28.2,28.21,28.195,28.2,10173
2026-03-24 15:50:00,28.195,28.22,28.19,28.2193,89834
2026-03-24 15:55:00,28.21,28.245,28.21,28.23,66879
2026-03-24 16:00:00,28.24,28.24,28.2301,28.2301,10509
2026-03-24 16:20:00,28.01,28.01,28.01,28.01,1300
2026-03-24 16:35:00,27.7,27.92,27.5,27.5,5366
2026-03-24 16:40:00,27.62,27.62,27.62,27.62,108
2026-03-24 17:00:00,27.7,27.7,27.7,27.7,150
2026-03-24 18:00:00,28.12,28.12,28.1,28.1,450
2026-03-25 04:50:00,27.8,27.8,27.8,27.8,100
2026-03-25 07:00:00,27.65,27.65,27.65,27.65,152
2026-03-25 08:00:00,27.5912,27.86,27.5912,27.86,720
2026-03-25 08:10:00,27.57,27.57,27.57,27.57,336
2026-03-25 08:30:00,27.56,27.58,27.52,27.56,1533
2026-03-25 08:35:00,27.52,27.52,27.52,27.52,4122
2026-03-25 08:40:00,27.5532,27.5532,27.5532,27.5532,100
2026-03-25 08:45:00,27.52,27.52,27.52,27.52,100
2026-03-25 09:00:00,27.9,27.9,27.9,27.9,110
2026-03-25 09:05:00,27.85,27.85,27.85,27.85,142
2026-03-25 09:30:00,27.78,27.8391,27.78,27.8201,22105
2026-03-25 09:35:00,27.825,27.86,27.815,27.83,7185
2026-03-25 09:40:00,27.83,27.84,27.8,27.84,5994
2026-03-25 09:45:00,27.83,27.85,27.83,27.84,1904
2026-03-25 09:50:00,27.845,27.875,27.845,27.85,7844
2026-03-25 09:55:00,27.845,27.875,27.83,27.87,9630
2026-03-25 10:00:00,27.87,27.88,27.85,27.86,9639
2026-03-25 10:05:00,27.88,27.91,27.8676,27.91,4069
2026-03-25 10:10:00,27.91,27.93,27.895,27.9,2083
2026-03-25 10:15:00,27.885,27.905,27.885,27.9,3414
2026-03-25 10:20:00,27.9,27.955,27.89,27.955,4659
2026-03-25 10:25:00,27.95,27.95,27.89,27.93,16279
2026-03-25 10:30:00,27.93,27.945,27.92,27.945,10038
2026-03-25 10:35:00,27.945,27.96,27.935,27.96,5236
2026-03-25 10:40:00,27.96,27.975,27.955,27.97,9212
2026-03-25 10:45:00,27.95,27.96,27.93,27.935,5923
2026-03-25 10:50:00,27.94,27.97,27.94,27.96,9901
2026-03-25 10:55:00,27.97,27.99,27.97,27.975,5605
2026-03-25 11:00:00,27.98,27.98,27.96,27.9676,7799
2026-03-25 11:05:00,27.955,27.975,27.95,27.955,11561
2026-03-25 11:10:00,27.97,28.03,27.96,28.025,55967
2026-03-25 11:15:00,28.025,28.075,28.025,28.075,10433
2026-03-25 11:20:00,28.055,28.075,28.045,28.045,9924
2026-03-25 11:25:00,28.0551,28.065,28.03,28.03,10038
2026-03-25 11:30:00,28.03,28.035,27.99,28.005,7634
2026-03-25 11:35:00,28.0,28.015,28.0,28.015,2192
2026-03-25 11:40:00,28.035,28.035,28.01,28.01,12419
2026-03-25 11:45:00,28.035,28.055,28.035,28.045,20089
2026-03-25 11:50:00,28.04,28.07,28.04,28.055,15306
2026-03-25 11:55:00,28.05,28.095,28.05,28.09,24026
2026-03-25 12:00:00,28.1,28.125,28.085,28.09,8258
2026-03-25 12:05:00,28.085,28.085,28.035,28.035,3800
2026-03-25 12:10:00,28.075,28.085,28.05,28.05,8047
2026-03-25 12:15:00,28.04,28.04,28.0,28.005,13483
2026-03-25 12:20:00,28.005,28.005,27.94,27.94,37400
2026-03-25 12:25:00,27.9575,27.995,27.925,27.985,18458
2026-03-25 12:30:00,27.99,28.01,27.965,27.975,8414
2026-03-25 12:35:00,27.975,27.9851,27.96,27.9851,4187
2026-03-25 12:40:00,28.0,28.0,27.9784,27.98,4825
2026-03-25 12:45:00,27.97,28.0,27.97,27.995,6100
2026-03-25 12:50:00,28.005,28.055,28.005,28.035,17189
2026-03-25 12:55:00,28.02,28.055,28.02,28.04,1700
2026-03-25 13:00:00,28.03,28.03,28.005,28.025,7997
2026-03-25 13:05:00,28.05,28.085,28.05,28.0799,9814
2026-03-25 13:10:00,28.07,28.07,28.05,28.055,1842
2026-03-25 13:15:00,28.06,28.095,28.045,28.045,14356
2026-03-25 13:20:00,28.09,28.12,28.08,28.12,13684
2026-03-25 13:25:00,28.11,28.11,28.065,28.07,8327
2026-03-25 13:30:00,28.09,28.09,28.045,28.045,10573
2026-03-25 13:35:00,28.045,28.055,28.04,28.04,8767
2026-03-25 13:40:00,28.05,28.06,28.01,28.06,45287
2026-03-25 13:45:00,28.065,28.065,28.04,28.065,6311
2026-03-25 13:50:00,28.055,28.085,28.03,28.065,19858
2026-03-25 13:55:00,28.065,28.075,27.98,28.06,35184
2026-03-25 14:00:00,28.06,28.095,28.06,28.075,7729
2026-03-25 14:05:00,28.075,28.095,28.06,28.0887,7032
2026-03-25 14:10:00,28.085,28.105,28.08,28.105,3665
2026-03-25 14:15:00,28.1,28.11,28.09,28.09,6555
2026-03-25 14:20:00,28.085,28.09,28.065,28.08,7314
2026-03-25 14:25:00,28.075,28.15,28.075,28.14,6424
2026-03-25 14:30:00,28.12,28.135,28.12,28.125,4885
2026-03-25 14:35:00,28.12,28.14,28.12,28.125,4503
2026-03-25 14:40:00,28.15,28.155,28.14,28.155,5060
2026-03-25 14:45:00,28.17,28.19,28.17,28.18,10140
2026-03-25 14:50:00,28.18,28.195,28.17,28.195,12926
2026-03-25 14:55:00,28.21,28.24,28.21,28.24,13985
2026-03-25 15:00:00,28.23,28.24,28.18,28.19,27424
2026-03-25 15:05:00,28.1912,28.2,28.17,28.17,818
2026-03-25 15:10:00,28.16,28.16,28.14,28.15,4216
2026-03-25 15:15:00,28.15,28.15,28.1307,28.14,9090
2026-03-25 15:20:00,28.15,28.16,28.135,28.155,16155
2026-03-25 15:25:00,28.14,28.15,28.12,28.125,7079
2026-03-25 15:30:00,28.13,28.145,28.125,28.14,8456
2026-03-25 15:35:00,28.145,28.15,28.12,28.125,5870
2026-03-25 15:40:00,28.13,28.17,28.13,28.17,4676
2026-03-25 15:45:00,28.17,28.18,28.1601,28.17,9892
2026-03-25 15:50:00,28.17,28.18,28.1601,28.18,17028
2026-03-25 15:55:00,28.175,28.175,28.16,28.17,26649
2026-03-25 16:00:00,28.17,28.17,28.17,28.17,9057
2026-03-25 16:15:00,28.46,28.46,28.46,28.46,100
2026-03-26 04:35:00,28.4,28.42,28.4,28.41,1000
2026-03-26 06:55:00,28.41,28.41,28.41,28.41,100
2026-03-26 07:00:00,28.43,28.44,28.43,28.44,500
2026-03-26 07:20:00,28.42,28.42,28.39,28.39,200
2026-03-26 07:30:00,28.46,28.46,28.46,28.46,355
2026-03-26 07:55:00,28.49,28.49,28.49,28.49,1100
2026-03-26 08:00:00,28.5222,28.5399,28.5222,28.5399,329
2026-03-26 08:25:00,28.54,28.54,28.54,28.54,150
2026-03-26 08:35:00,28.5,28.5,28.5,28.5,100
2026-03-26 08:50:00,28.54,28.54,28.54,28.54,250
2026-03-26 09:10:00,28.76,28.76,28.76,28.76,700
2026-03-26 09:30:00,28.44,28.48,28.44,28.478,15578
2026-03-26 09:35:00,28.48,28.5,28.47,28.48,17289
2026-03-26 09:40:00,28.5,28.5,28.46,28.46,12565
2026-03-26 09:45:00,28.47,28.47,28.46,28.465,852
2026-03-26 09:50:00,28.47,28.47,28.435,28.445,2710
2026-03-26 09:55:00,28.4114,28.46,28.4,28.415,33073
2026-03-26 10:00:00,28.42,28.4599,28.4,28.42,14005
2026-03-26 10:05:00,28.44,28.47,28.43,28.47,7390
2026-03-26 10:10:00,28.47,28.475,28.45,28.45,16414
2026-03-26 10:15:00,28.455,28.5,28.455,28.5,15036
2026-03-26 10:20:00,28.5,28.52,28.5,28.51,12857
2026-03-26 10:25:00,28.51,28.53,28.485,28.505,22089
2026-03-26 10:30:00,28.51,28.51,28.475,28.48,4500
2026-03-26 10:35:00,28.48,28.5,28.46,28.49,12630
2026-03-26 10:40:00,28.47,28.55,28.44,28.54,31607
2026-03-26 10:45:00,28.54,28.58,28.525,28.57,10622
2026-03-26 10:50:00,28.57,28.575,28.55,28.55,5660
2026-03-26 10:55:00,28.57,28.59,28.53,28.555,8377
2026-03-26 11:00:00,28.5577,28.575,28.535,28.575,4989
2026-03-26 11:05:00,28.58,28.595,28.55,28.59,9074
2026-03-26 11:10:00,28.59,28.595,28.585,28.5893,3732
2026-03-26 11:15:00,28.59,28.6,28.59,28.5921,5706
2026-03-26 11:20:00,28.5966,28.5966,28.56,28.565,5133
2026-03-26 11:25:00,28.57,28.57,28.57,28.57,4855
2026-03-26 11:30:00,28.57,28.61,28.57,28.6,9117
2026-03-26 11:35:00,28.6,28.61,28.59,28.61,1793
2026-03-26 11:40:00,28.595,28.62,28.595,28.61,8311
2026-03-26 11:45:00,28.6115,28.6115,28.555,28.5724,4565
2026-03-26 11:50:00,28.6,28.605,28.59,28.605,3549
2026-03-26 11:55:00,28.61,28.63,28.61,28.63,2867
2026-03-26 12:00:00,28.63,28.64,28.625,28.635,880
2026-03-26 12:05:00,28.635,28.65,28.635,28.635,9947
2026-03-26 12:10:00,28.625,28.655,28.625,28.64,830
2026-03-26 12:15:00,28.6393,28.6393,28.62,28.62,9765
2026-03-26 12:20:00,28.615,28.615,28.595,28.61,6176
2026-03-26 12:25:00,28.615,28.66,28.6,28.66,2877
2026-03-26 12:30:00,28.65,28.65,28.625,28.64,6258
2026-03-26 12:35:00,28.645,28.645,28.595,28.595,3448
2026-03-26 12:40:00,28.61,28.62,28.59,28.59,2100
2026-03-26 12:45:00,28.57,28.5876,28.565,28.565,7144
2026-03-26 12:50:00,28.58,28.585,28.57,28.57,10379
2026-03-26 12:55:00,28.57,28.57,28.5599,28.5599,4081
2026-03-26 13:00:00,28.57,28.63,28.57,28.63,2555
2026-03-26 13:05:00,28.62,28.6287,28.59,28.595,8410
2026-03-26 13:10:00,28.605,28.605,28.6,28.605,1147
2026-03-26 13:15:00,28.6007,28.6007,28.6007,28.6007,1200
2026-03-26 13:20:00,28.595,28.6,28.59,28.59,3545
2026-03-26 13:25:00,28.605,28.61,28.585,28.585,7183
2026-03-26 13:30:00,28.585,28.61,28.585,28.61,4889
2026-03-26 13:35:00,28.63,28.63,28.63,28.63,100
2026-03-26 13:40:00,28.625,28.635,28.62,28.635,1148
2026-03-26 13:45:00,28.6258,28.635,28.6258,28.63,5678
2026-03-26 13:50:00,28.6265,28.6265,28.62,28.62,1369
2026-03-26 13:55:00,28.63,28.6398,28.6293,28.6398,2028
2026-03-26 14:00:00,28.63,28.63,28.6,28.6,2874
2026-03-26 14:05:00,28.615,28.615,28.615,28.615,151
2026-03-26 14:10:00,28.585,28.6,28.585,28.6,962
2026-03-26 14:15:00,28.5875,28.5875,28.5599,28.565,6565
2026-03-26 14:20:00,28.54,28.55,28.54,28.55,743
2026-03-26 14:25:00,28.5611,28.565,28.53,28.54,1384
2026-03-26 14:30:00,28.525,28.525,28.5,28.5099,750
2026-03-26 14:35:00,28.49,28.495,28.49,28.495,500
2026-03-26 14:40:00,28.5,28.5,28.4901,28.4901,700
2026-03-26 14:45:00,28.505,28.505,28.495,28.495,2429
2026-03-26 14:50:00,28.495,28.495,28.495,28.495,783
2026-03-26 14:55:00,28.5,28.5,28.495,28.5,964
2026-03-26 15:00:00,28.51,28.525,28.505,28.505,4421
2026-03-26 15:05:00,28.5025,28.5025,28.495,28.5,763
2026-03-26 15:10:00,28.5,28.5293,28.495,28.5293,2585
2026-03-26 15:15:00,28.525,28.525,28.52,28.52,1648
2026-03-26 15:20:00,28.51,28.51,28.505,28.505,8688
2026-03-26 15:25:00,28.505,28.505,28.475,28.475,5738
2026-03-26 15:30:00,28.485,28.51,28.47,28.51,8986
2026-03-26 15:35:00,28.505,28.505,28.4948,28.4948,1603
2026-03-26 15:40:00,28.495,28.51,28.4941,28.51,6841
2026-03-26 15:45:00,28.5,28.51,28.5,28.505,4620
2026-03-26 15:50:00,28.505,28.505,28.48,28.485,6531
2026-03-26 15:55:00,28.47,28.475,28.425,28.45,42029
2026-03-26 16:00:00,28.44,28.44,28.44,28.44,7337
2026-03-26 16:10:00,28.15,28.15,28.09,28.09,299
2026-03-26 16:15:00,27.5,28.3,27.5,28.3,600
2026-03-26 16:30:00,28.685,28.685,28.685,28.685,200
2026-03-26 17:30:00,28.959,28.959,28.959,28.959,1000
2026-03-26 18:25:00,28.12,28.12,28.12,28.12,140
2026-03-27 08:00:00,28.9039,28.9039,28.9039,28.9039,164
2026-03-27 08:20:00,28.89,28.9,28.89,28.9,5900
2026-03-27 08:45:00,28.8,28.8,28.8,28.8,100
2026-03-27 09:00:00,28.81,28.81,28.8,28.81,763
2026-03-27 09:20:00,28.92,28.92,28.91,28.92,851
2026-03-27 09:25:00,28.91,28.92,28.91,28.92,400
2026-03-27 09:30:00,28.85,28.87,28.82,28.85,10631
2026-03-27 09:35:00,28.86,28.8865,28.85,28.8751,6189
2026-03-27 09:40:00,28.89,28.89,28.86,28.86,6018
2026-03-27 09:45:00,28.86,28.8701,28.845,28.86,3378
2026-03-27 09:50:00,28.865,28.87,28.85,28.865,5595
2026-03-27 09:55:00,28.87,28.8857,28.86,28.875,3250
2026-03-27 10:00:00,28.87,28.87,28.83,28.865,3124
2026-03-27 10:05:00,28.87,28.87,28.85,28.86,2763
2026-03-27 10:10:00,28.865,28.87,28.83,28.83,2600
2026-03-27 10:15:00,28.83,28.83,28.795,28.83,2800
2026-03-27 10:20:00,28.8399,28.925,28.8399,28.905,5213
2026-03-27 10:25:00,28.925,28.925,28.9,28.915,1537
2026-03-27 10:30:00,28.93,28.93,28.909,28.909,2491
2026-03-27 10:35:00,28.91,28.96,28.91,28.955,43160
2026-03-27 10:40:00,28.945,28.945,28.925,28.9299,20047
2026-03-27 10:45:00,28.9401,28.965,28.9401,28.965,915
2026-03-27 10:50:00,28.98,29.0,28.98,28.9999,7009
2026-03-27 10:55:00,28.9798,28.9925,28.9798,28.9925,879
2026-03-27 11:00:00,28.9793,28.985,28.96,28.975,3368
2026-03-27 11:05:00,28.96,28.98,28.94,28.965,7755
2026-03-27 11:10:00,28.965,28.985,28.96,28.98,2687
2026-03-27 11:15:00,28.98,28.99,28.97,28.975,1050
2026-03-27 11:20:00,29.0,29.005,28.895,28.92,12558
2026-03-27 11:25:00,28.94,28.9619,28.92,28.94,8677
2026-03-27 11:30:00,28.94,28.9505,28.93,28.94,1342
2026-03-27 11:35:00,28.93,28.93,28.9,28.92,5700
2026-03-27 11:40:00,28.91,28.96,28.91,28.955,3338
2026-03-27 11:45:00,28.955,28.98,28.95,28.98,2907
2026-03-27 11:50:00,28.975,29.03,28.975,29.03,5753
2026-03-27 11:55:00,29.03,29.055,29.02,29.05,2319
2026-03-27 12:00:00,29.03,29.045,29.03,29.045,2500
2026-03-27 12:05:00,29.045,29.06,29.04,29.04,9677
2026-03-27 12:10:00,29.0502,29.08,29.05,29.07,3417
2026-03-27 12:15:00,29.08,29.085,29.06,29.085,5976
2026-03-27 12:20:00,29.08,29.08,29.06,29.075,803
2026-03-27 12:25:00,29.09,29.095,29.055,29.055,3590
2026-03-27 12:30:00,29.04,29.055,29.02,29.02,3767
2026-03-27 12:35:00,29.035,29.06,29.035,29.045,6551
2026-03-27 12:40:00,29.03,29.03,29.01,29.01,1158
2026-03-27 12:45:00,29.015,29.02,29.0,29.0,32448
2026-03-27 12:50:00,29.005,29.04,28.995,29.04,4360
2026-03-27 12:55:00,29.045,29.05,29.04,29.04,2350
2026-03-27 13:00:00,29.05,29.05,29.025,29.04,526
2026-03-27 13:05:00,29.01,29.01,28.99,29.0,2300
2026-03-27 13:10:00,29.01,29.01,29.01,29.01,100
2026-03-27 13:15:00,29.02,29.025,29.02,29.025,500
2026-03-27 13:20:00,29.015,29.015,28.99,28.99,3364
2026-03-27 13:25:00,28.965,28.98,28.965,28.975,4213
2026-03-27 13:30:00,28.97,28.995,28.9671,28.995,2997
2026-03-27 13:35:00,28.985,28.985,28.97,28.975,4335
2026-03-27 13:40:00,28.97,28.9801,28.97,28.9801,621
2026-03-27 13:45:00,28.995,28.995,28.985,28.99,8640
2026-03-27 13:50:00,29.0,29.015,29.0,29.015,3447
2026-03-27 13:55:00,29.01,29.01,29.01,29.01,449
2026-03-27 14:00:00,29.02,29.055,29.0199,29.055,7337
2026-03-27 14:05:00,29.045,29.055,29.035,29.0493,2798
2026-03-27 14:10:00,29.045,29.065,29.045,29.055,3121
2026-03-27 14:15:00,29.065,29.07,29.045,29.0601,1243
2026-03-27 14:20:00,29.055,29.085,29.055,29.085,3444
2026-03-27 14:25:00,29.09,29.095,29.05,29.06,16067
2026-03-27 14:30:00,29.05,29.065,29.05,29.05,3633
2026-03-27 14:35:00,29.035,29.05,29.035,29.05,500
2026-03-27 14:40:00,29.045,29.075,28.98,29.04,17495
2026-03-27 14:45:00,29.035,29.05,29.035,29.05,2750
2026-03-27 14:50:00,29.06,29.085,29.055,29.08,3467
2026-03-27 14:55:00,29.08,29.0899,29.045,29.045,10340
2026-03-27 15:00:00,29.05,29.065,29.04,29.05,32817
2026-03-27 15:05:00,29.05,29.07,29.0435,29.07,5707
2026-03-27 15:10:00,29.0766,29.0767,29.02,29.05,15692
2026-03-27 15:15:00,29.05,29.07,29.05,29.07,3478
2026-03-27 15:20:00,29.085,29.0886,29.075,29.085,5927
2026-03-27 15:25:00,29.0902,29.1401,29.0902,29.1313,10490
2026-03-27 15:30:00,29.135,29.19,29.13,29.19,5067
2026-03-27 15:35:00,29.175,29.22,29.175,29.195,5760
2026-03-27 15:40:00,29.19,29.195,29.14,29.15,16429
2026-03-27 15:45:00,29.145,29.145,29.115,29.14,5923
2026-03-27 15:50:00,29.14,29.18,29.075,29.105,48696
2026-03-27 15:55:00,29.11,29.115,29.065,29.09,20009
2026-03-27 16:00:00,29.1,29.1,29.1,29.1,5051
2026-03-27 16:05:00,29.12,29.12,29.12,29.12,100
2026-03-27 16:20:00,29.1,29.13,29.1,29.13,200
2026-03-30 04:00:00,29.37,29.37,29.37,29.37,140
2026-03-30 06:05:00,29.38,29.38,29.38,29.38,100
2026-03-30 07:30:00,29.4,29.4,29.4,29.4,1500
2026-03-30 07:35:00,29.42,29.42,29.42,29.42,199
2026-03-30 07:40:00,29.4835,29.4835,29.4835,29.4835,250
2026-03-30 08:05:00,29.3,29.3,29.3,29.3,139
2026-03-30 08:10:00,29.33,29.33,29.33,29.33,300
2026-03-30 08:20:00,29.33,29.33,29.33,29.33,100
2026-03-30 08:25:00,29.33,29.33,29.33,29.33,100
2026-03-30 08:45:00,29.33,29.33,29.33,29.33,170
2026-03-30 09:00:00,29.26,29.26,29.26,29.26,138
2026-03-30 09:10:00,29.34,29.34,29.34,29.34,300
2026-03-30 09:25:00,29.37,29.37,29.37,29.37,100
2026-03-30 09:30:00,29.39,29.3934,29.33,29.3934,80034
2026-03-30 09:35:00,29.3997,29.44,29.3811,29.43,39517
2026-03-30 09:40:00,29.425,29.435,29.405,29.42,13431
2026-03-30 09:45:00,29.41,29.428,29.4,29.42,27698
2026-03-30 09:50:00,29.415,29.43,29.38,29.395,9944
2026-03-30 09:55:00,29.39,29.4,29.35,29.3699,4811
2026-03-30 10:00:00,29.36,29.38,29.345,29.375,19064
2026-03-30 10:05:00,29.38,29.38,29.36,29.37,4867
2026-03-30 10:10:00,29.37,29.38,29.34,29.3727,18575
2026-03-30 10:15:00,29.38,29.4,29.365,29.4,14175
2026-03-30 10:20:00,29.39,29.39,29.338,29.35,10140
2026-03-30 10:25:00,29.35,29.35,29.32,29.32,21597
2026-03-30 10:30:00,29.32,29.35,29.32,29.35,2825
2026-03-30 10:35:00,29.34,29.38,29.34,29.37,14290
2026-03-30 10:40:00,29.38,29.39,29.37,29.375,6028
2026-03-30 10:45:00,29.375,29.385,29.265,29.3299,76828
2026-03-30 10:50:00,29.335,29.335,29.305,29.32,33129
2026-03-30 10:55:00,29.3329,29.365,29.3329,29.365,76249
2026-03-30 11:00:00,29.36,29.36,29.325,29.33,32905
2026-03-30 11:05:00,29.33,29.3799,29.32,29.36,30340
2026-03-30 11:10:00,29.35,29.37,29.335,29.35,6159
2026-03-30 11:15:00,29.35,29.35,29.31,29.34,52237
2026-03-30 11:20:00,29.34,29.34,29.315,29.315,13670
2026-03-30 11:25:00,29.3,29.3,29.28,29.29,9600
2026-03-30 11:30:00,29.295,29.3214,29.285,29.285,14002
2026-03-30 11:35:00,29.275,29.295,29.255,29.27,2011
2026-03-30 11:40:00,29.265,29.265,29.225,29.23,16419
2026-03-30 11:45:00,29.22,29.275,29.2199,29.2599,3051
2026-03-30 11:50:00,29.25,29.285,29.25,29.285,15663
2026-03-30 11:55:00,29.31,29.35,29.31,29.35,8012
2026-03-30 12:00:00,29.345,29.365,29.335,29.335,14359
2026-03-30 12:05:00,29.335,29.359,29.33,29.33,2829
2026-03-30 12:10:00,29.33,29.33,29.305,29.305,1243
2026-03-30 12:15:00,29.325,29.325,29.295,29.295,3486
2026-03-30 12:20:00,29.285,29.285,29.26,29.2707,1700
2026-03-30 12:25:00,29.27,29.28,29.27,29.28,2043
2026-03-30 12:30:00,29.275,29.28,29.27,29.275,2518
2026-03-30 12:35:00,29.28,29.285,29.25,29.25,984
2026-03-30 12:40:00,29.249,29.249,29.23,29.24,5280
2026-03-30 12:45:00,29.265,29.27,29.26,29.27,510
2026-03-30 12:50:00,29.28,29.29,29.26,29.285,3375
2026-03-30 12:55:00,29.275,29.275,29.26,29.26,2666
2026-03-30 13:00:00,29.245,29.27,29.24,29.27,1900
2026-03-30 13:05:00,29.28,29.285,29.275,29.285,1100
2026-03-30 13:10:00,29.29,29.3,29.29,29.29,2617
2026-03-30 13:15:00,29.3,29.31,29.3,29.305,4405
2026-03-30 13:20:00,29.295,29.305,29.295,29.305,1433
2026-03-30 13:25:00,29.3,29.3,29.275,29.275,5070
2026-03-30 13:30:00,29.275,29.295,29.27,29.295,6733
2026-03-30 13:35:00,29.295,29.295,29.275,29.2799,3956
2026-03-30 13:40:00,29.28,29.285,29.27,29.285,4571
2026-03-30 13:45:00,29.285,29.285,29.25,29.255,16500
2026-03-30 13:50:00,29.245,29.265,29.245,29.255,7973
2026-03-30 13:55:00,29.27,29.2799,29.235,29.24,8650
2026-03-30 14:00:00,29.24,29.245,29.185,29.19,13668
2026-03-30 14:05:00,29.195,29.195,29.16,29.1615,5510
2026-03-30 14:10:00,29.17,29.18,29.165,29.17,4540
2026-03-30 14:15:00,29.17,29.175,29.145,29.145,10914
2026-03-30 14:20:00,29.15,29.185,29.145,29.17,5736
2026-03-30 14:25:00,29.165,29.185,29.14,29.185,21905
2026-03-30 14:30:00,29.19,29.195,29.185,29.195,1645
2026-03-30 14:35:00,29.195,29.21,29.185,29.21,2782
2026-03-30 14:40:00,29.22,29.225,29.21,29.2175,8232
2026-03-30 14:45:00,29.215,29.2176,29.215,29.215,4713
2026-03-30 14:50:00,29.22,29.2378,29.22,29.23,3891
2026-03-30 14:55:00,29.22,29.22,29.21,29.21,498
2026-03-30 15:00:00,29.21,29.21,29.195,29.205,4542
2026-03-30 15:05:00,29.21,29.225,29.205,29.225,14167
2026-03-30 15:10:00,29.23,29.275,29.23,29.265,6494
2026-03-30 15:15:00,29.265,29.27,29.255,29.265,4776
2026-03-30 15:20:00,29.255,29.2699,29.2501,29.258,6398
2026-03-30 15:25:00,29.255,29.2675,29.255,29.255,10109
2026-03-30 15:30:00,29.26,29.26,29.245,29.25,9855
2026-03-30 15:35:00,29.26,29.265,29.235,29.235,9643
2026-03-30 15:40:00,29.235,29.245,29.225,29.225,12700
2026-03-30 15:45:00,29.225,29.245,29.22,29.245,7929
2026-03-30 15:50:00,29.245,29.29,29.245,29.275,24438
2026-03-30 15:55:00,29.28,29.28,29.255,29.26,40295
2026-03-30 16:00:00,29.26,29.26,29.26,29.26,12016
2026-03-30 16:45:00,29.3,29.3,29.3,29.3,1500
2026-03-31 07:10:00,29.29,29.29,29.29,29.29,102
2026-03-31 07:40:00,29.3175,29.3175,29.3175,29.3175,341
2026-03-31 07:55:00,29.2,29.3,29.2,29.3,300
2026-03-31 08:10:00,29.245,29.3,29.245,29.3,850
2026-03-31 09:00:00,29.21,29.21,29.21,29.21,1000
2026-03-31 09:05:00,29.21,29.21,29.21,29.21,1000
2026-03-31 09:10:00,29.2268,29.2268,29.2268,29.2268,1950
2026-03-31 09:20:00,29.23,29.23,29.23,29.23,1475
2026-03-31 09:30:00,29.28,29.2945,29.25,29.2855,31926
2026-03-31 09:35:00,29.29,29.295,29.23,29.26,2334743
2026-03-31 09:40:00,29.26,29.26,29.22,29.24,251817
2026-03-31 09:45:00,29.235,29.235,29.19,29.19,232463
2026-03-31 09:50:00,29.195,29.195,29.15,29.175,59939
2026-03-31 09:55:00,29.175,29.2,29.17,29.18,52122
2026-03-31 10:00:00,29.175,29.235,29.175,29.18,72321
2026-03-31 10:05:00,29.19,29.23,29.18,29.195,38456
2026-03-31 10:10:00,29.185,29.19,29.165,29.17,17563
2026-03-31 10:15:00,29.17,29.19,29.16,29.175,167003
2026-03-31 10:20:00,29.18,29.215,29.18,29.19,21472
2026-03-31 10:25:00,29.185,29.215,29.185,29.205,33757
2026-03-31 10:30:00,29.205,29.22,29.19,29.21,19600
2026-03-31 10:35:00,29.205,29.275,29.205,29.27,88324
2026-03-31 10:40:00,29.27,29.295,29.27,29.275,44103
2026-03-31 10:45:00,29.2737,29.305,29.2737,29.305,33499
2026-03-31 10:50:00,29.305,29.335,29.3,29.33,14582
2026-03-31 10:55:00,29.33,29.335,29.31,29.325,190350
2026-03-31 11:00:00,29.32,29.325,29.28,29.295,37753
2026-03-31 11:05:00,29.3,29.33,29.28,29.3199,26748
2026-03-31 11:10:00,29.31,29.32,29.265,29.265,27135
2026-03-31 11:15:00,29.27,29.275,29.24,29.27,24863
2026-03-31 11:20:00,29.2803,29.295,29.22,29.24,102628
2026-03-31 11:25:00,29.255,29.3,29.245,29.28,27180
2026-03-31 11:30:00,29.2918,29.295,29.275,29.28,21599
2026-03-31 11:35:00,29.27,29.275,29.235,29.25,8119
2026-03-31 11:40:00,29.255,29.26,29.245,29.26,16861
2026-03-31 11:45:00,29.27,29.275,29.25,29.255,9422
2026-03-31 11:50:00,29.26,29.26,29.235,29.235,6241
2026-03-31 11:55:00,29.25,29.2623,29.245,29.258,18840
2026-03-31 12:00:00,29.27,29.29,29.27,29.28,33951
2026-03-31 12:05:00,29.285,29.305,29.265,29.275,9826
2026-03-31 12:10:00,29.285,29.32,29.28,29.28,12140
2026-03-31 12:15:00,29.285,29.305,29.285,29.3,13085
2026-03-31 12:20:00,29.295,29.315,29.295,29.31,14963
2026-03-31 12:25:00,29.325,29.345,29.32,29.3416,39693
2026-03-31 12:30:00,29.345,29.365,29.345,29.36,11796
2026-03-31 12:35:00,29.37,29.375,29.19,29.19,118823
2026-03-31 12:40:00,29.17,29.17,28.83,28.99,188443
2026-03-31 12:45:00,28.975,29.11,28.975,29.05,102274
2026-03-31 12:50:00,29.01,29.085,28.945,29.005,140074
2026-03-31 12:55:00,29.01,29.06,28.985,29.01,14651
2026-03-31 13:00:00,29.0207,29.03,28.87,28.895,18048
2026-03-31 13:05:00,28.91,29.045,28.91,29.04,56637
2026-03-31 13:10:00,29.02,29.05,28.95,28.96,62329
2026-03-31 13:15:00,28.95,28.98,28.91,28.93,23146
2026-03-31 13:20:00,28.93,28.95,28.9,28.92,16528
2026-03-31 13:25:00,28.915,29.03,28.915,29.02,21590
2026-03-31 13:30:00,29.01,29.01,28.97,28.97,19645
2026-03-31 13:35:00,28.94,29.025,28.94,29.01,106958
2026-03-31 13:40:00,29.01,29.055,29.0065,29.03,12383
2026-03-31 13:45:00,29.045,29.05,29.02,29.02,8101
2026-03-31 13:50:00,29.015,29.045,28.995,29.03,7009
2026-03-31 13:55:00,29.02,29.045,29.01,29.03,23490
2026-03-31 14:00:00,29.03,29.035,28.99,29.01,13101
2026-03-31 14:05:00,29.01,29.01,28.9701,28.9701,9750
2026-03-31 14:10:00,28.97,29.005,28.97,28.975,5292
2026-03-31 14:15:00,28.985,28.985,28.93,28.945,9572
2026-03-31 14:20:00,28.945,28.975,28.94,28.975,19717
2026-03-31 14:25:00,28.99,28.995,28.84,28.84,21383
2026-03-31 14:30:00,28.86,28.945,28.8468,28.945,6079
2026-03-31 14:35:00,28.95,28.95,28.905,28.93,8477
2026-03-31 14:40:00,28.93,28.99,28.93,28.98,3766
2026-03-31 14:45:00,28.975,28.995,28.965,28.99,2300
2026-03-31 14:50:00,28.985,28.995,28.9603,28.985,10573
2026-03-31 14:55:00,28.995,28.995,28.97,28.9851,18118
2026-03-31 15:00:00,28.9822,28.995,28.965,28.975,12687
2026-03-31 15:05:00,28.975,28.995,28.975,28.975,29076
2026-03-31 15:10:00,28.975,28.9873,28.97,28.975,19683
2026-03-31 15:15:00,28.98,28.99,28.96,28.96,40029
2026-03-31 15:20:00,28.965,28.98,28.95,28.98,29279
2026-03-31 15:25:00,28.9899,29.0,28.98,28.995,32531
2026-03-31 15:30:00,28.99,28.99,28.9615,28.98,19421
2026-03-31 15:35:00,28.97,28.975,28.955,28.955,13781
2026-03-31 15:40:00,28.965,28.985,28.96,28.975,16369
2026-03-31 15:45:00,28.98,28.99,28.97,28.985,304193
2026-03-31 15:50:00,28.97,28.98,28.92,28.92,205900
2026-03-31 15:55:00,28.925,28.97,28.92,28.95,279734
2026-03-31 16:00:00,28.95,28.95,28.95,28.95,102147
2026-03-31 16:15:00,28.87,28.87,28.87,28.87,1200
2026-03-31 16:25:00,28.9,28.9,28.9,28.9,350
2026-03-31 16:40:00,28.82,28.82,28.82,28.82,346
2026-03-31 17:10:00,28.81,28.81,28.81,28.81,100
2026-03-31 17:40:00,28.93,28.93,28.93,28.93,100
2026-03-31 18:00:00,28.978,28.978,28.978,28.978,100
2026-04-01 04:00:00,28.75,28.75,28.62,28.62,3684
2026-04-01 04:20:00,28.56,28.56,28.56,28.56,100
2026-04-01 04:35:00,28.65,28.65,28.61,28.61,1800
2026-04-01 04:50:00,28.82,28.82,28.82,28.82,200
2026-04-01 05:35:00,28.86,28.86,28.86,28.86,600
2026-04-01 06:00:00,29.04,29.04,29.04,29.04,204
2026-04-01 06:30:00,29.01,29.01,28.99,28.99,400
2026-04-01 06:35:00,28.99,28.99,28.99,28.99,2235
2026-04-01 07:00:00,28.86,28.86,28.86,28.86,100
2026-04-01 07:25:00,28.7174,28.7174,28.7174,28.7174,150
2026-04-01 07:30:00,28.8,28.8,28.8,28.8,450
2026-04-01 07:35:00,28.805,28.805,28.8,28.8,700
2026-04-01 07:40:00,28.74,28.74,28.7,28.7208,3400
2026-04-01 07:45:00,28.78,28.78,28.78,28.78,1575
2026-04-01 07:55:00,28.79,28.79,28.79,28.79,125
2026-04-01 08:30:00,28.86,28.86,28.86,28.86,300
2026-04-01 08:40:00,28.74,28.74,28.65,28.65,1280
2026-04-01 08:45:00,28.67,28.67,28.67,28.67,350
2026-04-01 09:00:00,28.7,28.7,28.7,28.7,100
2026-04-01 09:10:00,28.82,28.82,28.82,28.82,100
2026-04-01 09:15:00,28.87,28.87,28.87,28.87,400
2026-04-01 09:25:00,28.73,28.75,28.71,28.71,5541
2026-04-01 09:30:00,28.72,28.72,28.57,28.58,251241
2026-04-01 09:35:00,28.59,28.61,28.54,28.58,84502
2026-04-01 09:40:00,28.5724,28.645,28.545,28.61,153490
2026-04-01 09:45:00,28.6,28.67,28.58,28.585,3967990
2026-04-01 09:50:00,28.585,28.61,28.515,28.555,317499
2026-04-01 09:55:00,28.555,28.57,28.535,28.565,92580
2026-04-01 10:00:00,28.555,28.575,28.54,28.555,29280
2026-04-01 10:05:00,28.55,28.58,28.535,28.54,53169
2026-04-01 10:10:00,28.545,28.555,28.51,28.51,7995
2026-04-01 10:15:00,28.515,28.54,28.515,28.53,22343
2026-04-01 10:20:00,28.53,28.55,28.53,28.5476,17676
2026-04-01 10:25:00,28.53,28.5699,28.52,28.555,38641
2026-04-01 10:30:00,28.56,28.5946,28.52,28.5946,35204
2026-04-01 10:35:00,28.5947,28.62,28.53,28.53,47693
2026-04-01 10:40:00,28.57,28.62,28.55,28.555,37181
2026-04-01 10:45:00,28.54,28.585,28.53,28.55,10695
2026-04-01 10:50:00,28.5607,28.565,28.515,28.54,137840
2026-04-01 10:55:00,28.55,28.56,28.545,28.56,6138
2026-04-01 11:00:00,28.57,28.6299,28.57,28.615,21091
2026-04-01 11:05:00,28.62,28.625,28.6,28.6,8581
2026-04-01 11:10:00,28.6,28.64,28.6,28.625,31144
2026-04-01 11:15:00,28.63,28.645,28.63,28.635,12377
2026-04-01 11:20:00,28.62,28.68,28.6101,28.68,12138
2026-04-01 11:25:00,28.7,28.715,28.68,28.715,5526
2026-04-01 11:30:00,28.7015,28.735,28.7,28.72,8134
2026-04-01 11:35:00,28.7201,28.74,28.7,28.7,2676
2026-04-01 11:40:00,28.71,28.725,28.7035,28.7035,4323
2026-04-01 11:45:00,28.72,28.73,28.71,28.725,15218
2026-04-01 11:50:00,28.73,28.755,28.73,28.7416,3295
2026-04-01 11:55:00,28.74,28.74,28.7,28.7,11263
2026-04-01 12:00:00,28.71,28.7299,28.705,28.72,7090
2026-04-01 12:05:00,28.725,28.755,28.72,28.7411,16428
2026-04-01 12:10:00,28.75,28.8,28.75,28.8,9725
2026-04-01 12:15:00,28.79,28.795,28.765,28.77,2801
2026-04-01 12:20:00,28.77,28.775,28.725,28.725,661913
2026-04-01 12:25:00,28.7336,28.735,28.705,28.71,26762
2026-04-01 12:30:00,28.71,28.735,28.705,28.725,37102
2026-04-01 12:35:00,28.74,28.745,28.73,28.73,17603
2026-04-01 12:40:00,28.725,28.725,28.68,28.68,16765
2026-04-01 12:45:00,28.68,28.705,28.68,28.685,8416
2026-04-01 12:50:00,28.6851,28.69,28.67,28.685,2403
2026-04-01 12:55:00,28.69,28.695,28.68,28.68,1200
2026-04-01 13:00:00,28.68,28.68,28.65,28.66,5923
2026-04-01 13:05:00,28.655,28.655,28.605,28.605,16168
2026-04-01 13:10:00,28.6107,28.63,28.61,28.62,1450
2026-04-01 13:15:00,28.635,28.665,28.63,28.655,7570
2026-04-01 13:20:00,28.655,28.655,28.62,28.6451,15620
2026-04-01 13:25:00,28.645,28.655,28.64,28.64,3290
2026-04-01 13:30:00,28.63,28.6423,28.62,28.63,5361
2026-04-01 13:35:00,28.635,28.635,28.615,28.62,4074
2026-04-01 13:40:00,28.61,28.625,28.6052,28.6116,2771
2026-04-01 13:45:00,28.615,28.615,28.59,28.59,9402
2026-04-01 13:50:00,28.595,28.595,28.565,28.57,2767
2026-04-01 13:55:00,28.575,28.635,28.575,28.625,20795
2026-04-01 14:00:00,28.62,28.6416,28.62,28.6416,13737
2026-04-01 14:05:00,28.645,28.645,28.6223,28.635,9258
2026-04-01 14:10:00,28.625,28.625,28.5998,28.61,12311
2026-04-01 14:15:00,28.62,28.685,28.62,28.68,9712
2026-04-01 14:20:00,28.675,28.68,28.65,28.66,1400
2026-04-01 14:25:00,28.665,28.69,28.66,28.665,4849
2026-04-01 14:30:00,28.69,28.725,28.69,28.72,293426
2026-04-01 14:35:00,28.715,28.715,28.68,28.69,4689
2026-04-01 14:40:00,28.71,28.71,28.665,28.68,10324
2026-04-01 14:45:00,28.665,28.68,28.65,28.68,47160
2026-04-01 14:50:00,28.675,28.7,28.675,28.695,5453
2026-04-01 14:55:00,28.7,28.71,28.6886,28.69,66621
2026-04-01 15:00:00,28.695,28.695,28.68,28.69,22844
2026-04-01 15:05:00,28.7,28.705,28.675,28.68,29589
2026-04-01 15:10:00,28.6867,28.705,28.685,28.705,8338
2026-04-01 15:15:00,28.705,28.705,28.685,28.69,21344
2026-04-01 15:20:00,28.695,28.695,28.685,28.69,2081
2026-04-01 15:25:00,28.685,28.695,28.675,28.69,19096
2026-04-01 15:30:00,28.69,28.69,28.66,28.665,27989
2026-04-01 15:35:00,28.6664,28.679,28.615,28.62,51596
2026-04-01 15:40:00,28.619,28.64,28.619,28.6399,9076
2026-04-01 15:45:00,28.64,28.6699,28.635,28.665,28393
2026-04-01 15:50:00,28.66,28.6797,28.65,28.675,213236
2026-04-01 15:55:00,28.68,28.685,28.655,28.68,287875
2026-04-01 16:00:00,28.68,28.68,28.62,28.62,166140
2026-04-01 16:05:00,28.621,28.621,28.62,28.62,300
2026-04-01 16:15:00,28.68,28.68,28.68,28.68,30600
2026-04-01 16:20:00,28.68,28.68,28.68,28.68,11966
2026-04-01 16:25:00,28.69,28.69,28.68,28.68,1200
2026-04-01 16:30:00,28.68,28.68,28.58,28.58,5031
2026-04-01 16:50:00,28.57,28.7688,28.57,28.7688,263
2026-04-01 17:50:00,28.69,28.79,28.69,28.79,1880
2026-04-02 05:15:00,29.5,29.5,29.5,29.5,1000
2026-04-02 07:15:00,29.5,29.5,29.5,29.5,100
2026-04-02 07:45:00,29.5,29.5,29.5,29.5,170
2026-04-02 08:15:00,29.5,29.5,29.5,29.5,405
2026-04-02 08:20:00,29.5,29.5,29.5,29.5,200
2026-04-02 08:35:00,29.5,29.58,29.5,29.58,1167
2026-04-02 09:00:00,29.5793,29.5793,29.5636,29.5636,200
2026-04-02 09:30:00,29.47,29.47,29.3914,29.405,35746
2026-04-02 09:35:00,29.41,29.46,29.395,29.46,20001
2026-04-02 09:40:00,29.46,29.48,29.445,29.45,6638
2026-04-02 09:45:00,29.4507,29.4507,29.39,29.43,20207
2026-04-02 09:50:00,29.43,29.43,29.38,29.4,33103
2026-04-02 09:55:00,29.4,29.41,29.38,29.38,17312
2026-04-02 10:00:00,29.37,29.4,29.35,29.39,5530
2026-04-02 10:05:00,29.38,29.38,29.3298,29.34,7240
2026-04-02 10:10:00,29.34,29.38,29.32,29.37,7087
2026-04-02 10:15:00,29.375,29.375,29.31,29.32,14834
2026-04-02 10:20:00,29.31,29.34,29.295,29.3,2350
2026-04-02 10:25:00,29.31,29.33,29.3003,29.3097,14302
2026-04-02 10:30:00,29.31,29.3201,29.275,29.29,17572
2026-04-02 10:35:00,29.295,29.295,29.025,29.18,440373
2026-04-02 10:40:00,29.18,29.2707,29.13,29.13,21271
2026-04-02 10:45:00,29.13,29.23,29.09,29.215,24898
2026-04-02 10:50:00,29.215,29.24,29.185,29.2,51396
2026-04-02 10:55:00,29.2,29.2,29.1,29.12,7510
2026-04-02 11:00:00,29.12,29.175,29.055,29.06,64928
2026-04-02 11:05:00,29.07,29.1,29.065,29.07,16044
2026-04-02 11:10:00,29.06,29.1,29.06,29.08,16740
2026-04-02 11:15:00,29.07,29.1,29.03,29.09,13136
2026-04-02 11:20:00,29.1,29.18,29.1,29.18,10584
2026-04-02 11:25:00,29.18,29.18,29.07,29.11,9176
2026-04-02 11:30:00,29.11,29.135,29.1,29.12,19672
2026-04-02 11:35:00,29.11,29.16,29.105,29.155,10103
2026-04-02 11:40:00,29.15,29.175,29.14,29.16,20819
2026-04-02 11:45:00,29.17,29.21,29.17,29.2,18405
2026-04-02 11:50:00,29.195,29.198,29.17,29.17,7372
2026-04-02 11:55:00,29.16,29.185,29.145,29.15,18332
2026-04-02 12:00:00,29.145,29.145,29.11,29.125,5473
2026-04-02 12:05:00,29.13,29.135,29.11,29.135,3431
2026-04-02 12:10:00,29.135,29.165,29.135,29.14,2694
2026-04-02 12:15:00,29.14,29.155,29.135,29.1516,2152
2026-04-02 12:20:00,29.155,29.185,29.155,29.16,14033
2026-04-02 12:25:00,29.15,29.15,29.12,29.14,10297
2026-04-02 12:30:00,29.15,29.15,29.13,29.14,4951
2026-04-02 12:35:00,29.135,29.135,29.115,29.13,9931
2026-04-02 12:40:00,29.135,29.15,29.09,29.12,7730
2026-04-02 12:45:00,29.13,29.145,29.105,29.12,51230
2026-04-02 12:50:00,29.115,29.13,29.1,29.11,5028
2026-04-02 12:55:00,29.12,29.165,29.12,29.16,6264
2026-04-02 13:00:00,29.16,29.185,29.1599,29.165,5469
2026-04-02 13:05:00,29.16,29.18,29.14,29.18,5144
2026-04-02 13:10:00,29.175,29.2,29.17,29.17,16798
2026-04-02 13:15:00,29.18,29.19,29.1593,29.19,6123
2026-04-02 13:20:00,29.195,29.215,29.19,29.21,2026
2026-04-02 13:25:00,29.21,29.24,29.21,29.235,10204
2026-04-02 13:30:00,29.23,29.25,29.23,29.25,400
2026-04-02 13:35:00,29.26,29.275,29.25,29.25,6121
2026-04-02 13:40:00,29.26,29.28,29.26,29.28,1677
2026-04-02 13:45:00,29.285,29.305,29.28,29.305,8732
2026-04-02 13:50:00,29.305,29.31,29.29,29.29,5728
2026-04-02 13:55:00,29.29,29.295,29.28,29.28,4430
2026-04-02 14:00:00,29.27,29.275,29.26,29.26,4808
2026-04-02 14:05:00,29.27,29.27,29.235,29.25,3196
2026-04-02 14:10:00,29.255,29.255,29.24,29.2401,1936
2026-04-02 14:15:00,29.24,29.265,29.24,29.265,2100
2026-04-02 14:20:00,29.27,29.285,29.27,29.28,2388
2026-04-02 14:25:00,29.28,29.33,29.28,29.3,11393
2026-04-02 14:30:00,29.29,29.315,29.2899,29.29,3738
2026-04-02 14:35:00,29.295,29.305,29.29,29.29,4471
2026-04-02 14:40:00,29.29,29.29,29.265,29.28,2985
2026-04-02 14:45:00,29.29,29.295,29.27,29.285,5279
2026-04-02 14:50:00,29.29,29.295,29.265,29.265,1680
2026-04-02 14:55:00,29.265,29.275,29.255,29.26,4496
2026-04-02 15:00:00,29.26,29.265,29.245,29.2593,11158
2026-04-02 15:05:00,29.26,29.28,29.255,29.255,12924
2026-04-02 15:10:00,29.25,29.27,29.249,29.27,15102
2026-04-02 15:15:00,29.28,29.2993,29.28,29.288,7052
2026-04-02 15:20:00,29.29,29.31,29.275,29.31,30341
2026-04-02 15:25:00,29.305,29.35,29.305,29.325,10067
2026-04-02 15:30:00,29.325,29.335,29.315,29.3211,13305
2026-04-02 15:35:00,29.33,29.345,29.325,29.325,11275
2026-04-02 15:40:00,29.325,29.33,29.315,29.33,6723
2026-04-02 15:45:00,29.335,29.3393,29.315,29.335,22384
2026-04-02 15:50:00,29.34,29.35,29.335,29.335,55473
2026-04-02 15:55:00,29.335,29.34,29.32,29.34,154558
2026-04-02 16:00:00,29.33,29.33,29.33,29.33,142390
2026-04-02 16:05:00,29.4215,29.4215,29.4215,29.4215,158
2026-04-02 16:55:00,29.36,29.36,29.24,29.24,7770
2026-04-02 19:20:00,29.82,29.82,29.82,29.82,100
2026-04-02 19:30:00,28.9635,28.9635,28.9635,28.9635,100
