2026-03-04 04:00:00,75.12,75.12,71.71,72.08,1858.0
2026-03-04 04:05:00,72.13,72.13,71.01,71.37,2089.0
2026-03-04 04:10:00,71.51,71.51,71.27,71.27,1653.0
2026-03-04 04:15:00,71.05,71.07,70.75,70.98,2646.0
2026-03-04 04:20:00,71.04,71.46,70.65,71.14,6137.0
2026-03-04 04:25:00,70.89,70.9,70.6,70.6,2860.0
2026-03-04 04:30:00,70.31,70.86,70.31,70.5,5927.0
2026-03-04 04:35:00,70.28,70.28,69.95,70.0,6672.0
2026-03-04 04:40:00,69.8,69.8,69.8,69.8,219.0
2026-03-04 04:45:00,70.15,70.25,70.05,70.05,1477.0
2026-03-04 04:50:00,69.68,70.8,69.68,70.8,840.0
2026-03-04 04:55:00,71.04,71.04,70.9,70.9,2398.0
2026-03-04 05:00:00,70.43,70.43,70.43,70.43,223.0
2026-03-04 05:05:00,70.0,70.0,69.41,69.64,876.0
2026-03-04 05:10:00,70.08,70.08,70.08,70.08,170.0
2026-03-04 05:15:00,70.13,70.13,70.13,70.13,250.0
2026-03-04 05:30:00,70.31,70.61,70.3,70.61,453.0
2026-03-04 05:35:00,70.5,70.5,70.5,70.5,250.0
2026-03-04 05:40:00,70.77,70.78,70.58,70.58,1866.0
2026-03-04 05:45:00,70.74,71.37,70.74,71.37,706.0
2026-03-04 06:00:00,70.84,70.84,70.84,70.84,208.0
2026-03-04 06:05:00,71.01,71.44,71.01,71.19,2075.0
2026-03-04 06:10:00,70.88,70.88,70.75,70.77,1233.0
2026-03-04 06:15:00,70.75,70.75,70.6,70.6,621.0
2026-03-04 06:20:00,70.5,70.99,70.5,70.99,747.0
2026-03-04 06:25:00,71.02,71.02,71.02,71.02,109.0
2026-03-04 06:30:00,71.3,71.3,71.3,71.3,200.0
2026-03-04 06:35:00,72.42,72.42,72.42,72.42,100.0
2026-03-04 06:40:00,72.24,72.24,72.24,72.24,116.0
2026-03-04 06:50:00,72.62,72.62,72.55,72.55,200.0
2026-03-04 06:55:00,72.22,72.22,72.22,72.22,100.0
2026-03-04 07:00:00,72.33,72.35,72.25,72.35,13000.0
2026-03-04 07:05:00,72.4,72.85,72.35,72.85,709.0
2026-03-04 07:10:00,72.71,72.71,72.6,72.7,1117.0
2026-03-04 07:15:00,72.71,73.32,72.7,73.29,1203.0
2026-03-04 07:20:00,73.56,73.56,73.56,73.56,1350.0
2026-03-04 07:30:00,73.3,73.34,73.3,73.34,774.0
2026-03-04 07:40:00,72.5,72.67,72.5,72.67,2181.0
2026-03-04 07:45:00,72.72,72.72,72.72,72.72,269.0
2026-03-04 07:50:00,72.54,72.54,72.54,72.54,223.0
2026-03-04 07:55:00,72.45,72.49,72.45,72.49,868.0
2026-03-04 08:00:00,72.0,79.08,69.49,79.08,37340.0
2026-03-04 08:05:00,72.1,72.1,71.35,71.49,4977.0
2026-03-04 08:10:00,71.3819,71.8692,71.3819,71.8692,1373.0
2026-03-04 08:15:00,72.02,72.02,71.78,71.78,899.0
2026-03-04 08:20:00,72.11,72.16,71.94,72.16,1064.0
2026-03-04 08:25:00,72.0,72.0,72.0,72.0,300.0
2026-03-04 08:30:00,72.02,72.02,72.02,72.02,100.0
2026-03-04 08:35:00,72.1,72.1,72.1,72.1,150.0
2026-03-04 08:45:00,71.39,71.39,71.3234,71.3234,500.0
2026-03-04 08:50:00,71.6,71.6,71.6,71.6,135.0
2026-03-04 08:55:00,71.77,71.77,71.3898,71.3898,435.0
2026-03-04 09:00:00,71.54,71.6,71.3,71.3843,739.0
2026-03-04 09:05:00,71.21,71.29,70.67,71.12,1509.0
2026-03-04 09:10:00,71.03,71.03,70.8396,70.8396,421.0
2026-03-04 09:15:00,70.88,70.8812,70.2414,70.8812,1377.0
2026-03-04 09:20:00,71.0,71.0,70.9,70.92,471.0
2026-03-04 09:25:00,70.33,70.41,70.33,70.3523,400.0
2026-03-04 09:30:00,70.3,70.36,68.0,68.2,38905.0
2026-03-04 09:35:00,68.0,70.6899,68.0,70.0,19994.0
2026-03-04 09:40:00,69.9601,71.3616,69.745,71.31,16520.0
2026-03-04 09:45:00,71.04,71.57,70.51,70.65,13494.0
2026-03-04 09:50:00,70.37,70.7,69.9,70.0126,10004.0
2026-03-04 09:55:00,70.61,70.61,70.02,70.2101,5531.0
2026-03-04 10:00:00,70.17,70.17,68.96,69.675,13690.0
2026-03-04 10:05:00,69.78,70.07,68.6801,69.3599,19449.0
2026-03-04 10:10:00,69.2,69.7184,68.9451,69.7184,8512.0
2026-03-04 10:15:00,69.4699,69.5749,68.5,68.5141,3431.0
2026-03-04 10:20:00,68.35,68.66,68.01,68.66,13567.0
2026-03-04 10:25:00,68.51,68.51,65.396,65.595,46727.0
2026-03-04 10:30:00,65.62,66.615,65.465,66.13,81641.0
2026-03-04 10:35:00,66.5,66.69,65.71,66.53,14564.0
2026-03-04 10:40:00,66.39,66.68,66.17,66.5499,4463.0
2026-03-04 10:45:00,66.44,66.44,65.9,65.9,10977.0
2026-03-04 10:50:00,66.08,66.1199,65.4001,65.54,10607.0
2026-03-04 10:55:00,65.55,65.8,64.1301,64.68,24495.0
2026-03-04 11:00:00,64.615,65.28,63.5,64.71,23921.0
2026-03-04 11:05:00,64.7,65.3199,64.3061,65.28,17422.0
2026-03-04 11:10:00,65.24,65.9799,65.2,65.83,8109.0
2026-03-04 11:15:00,65.64,65.7,65.1,65.585,9997.0
2026-03-04 11:20:00,65.3901,66.22,65.35,66.1,9164.0
2026-03-04 11:25:00,65.78,65.78,64.89,65.11,8824.0
2026-03-04 11:30:00,65.11,65.11,64.87,64.87,1960.0
2026-03-04 11:35:00,64.62,65.08,64.62,65.0,2530.0
2026-03-04 11:40:00,64.9,64.9001,64.4007,64.7311,9064.0
2026-03-04 11:45:00,64.9517,65.12,64.7,64.76,9866.0
2026-03-04 11:50:00,64.86,65.1,64.73,64.77,2373.0
2026-03-04 11:55:00,64.8023,65.42,64.78,65.39,2904.0
2026-03-04 12:00:00,65.475,65.475,64.66,64.66,8166.0
2026-03-04 12:05:00,64.85,65.2699,64.85,64.91,9118.0
2026-03-04 12:10:00,64.91,64.91,64.34,64.5,16757.0
2026-03-04 12:15:00,64.8097,65.41,64.5,65.34,5929.0
2026-03-04 12:20:00,65.52,66.15,65.52,65.8071,6124.0
2026-03-04 12:25:00,66.02,66.05,65.8,65.8,5336.0
2026-03-04 12:30:00,65.69,65.71,65.6723,65.6781,1129.0
2026-03-04 12:35:00,65.39,65.5,65.06,65.06,1023.0
2026-03-04 12:40:00,65.0,65.1,64.82,65.1,3360.0
2026-03-04 12:45:00,64.865,64.91,64.56,64.565,8048.0
2026-03-04 12:50:00,64.5,64.98,64.2,64.5301,13651.0
2026-03-04 12:55:00,64.8,65.11,64.685,65.1,8004.0
2026-03-04 13:00:00,65.15,65.15,64.81,64.81,3180.0
2026-03-04 13:05:00,64.7217,64.84,64.46,64.54,2172.0
2026-03-04 13:10:00,65.0,65.56,65.0,65.36,3542.0
2026-03-04 13:15:00,65.26,65.37,64.55,64.55,3851.0
2026-03-04 13:20:00,64.525,64.64,64.4,64.44,12527.0
2026-03-04 13:25:00,64.42,64.49,64.2501,64.33,4206.0
2026-03-04 13:30:00,64.3,64.99,64.1085,64.93,4220.0
2026-03-04 13:35:00,64.84,65.0,64.8262,65.0,1268.0
2026-03-04 13:40:00,64.76,64.78,64.4,64.43,7583.0
2026-03-04 13:45:00,64.42,64.42,64.0265,64.05,4868.0
2026-03-04 13:50:00,63.85,64.02,63.6,63.88,7650.0
2026-03-04 13:55:00,64.06,64.08,63.715,63.715,11560.0
2026-03-04 14:00:00,63.7635,63.84,62.96,63.17,18995.0
2026-03-04 14:05:00,62.92,62.92,62.635,62.635,8913.0
2026-03-04 14:10:00,62.94,62.94,61.9,62.2498,21885.0
2026-03-04 14:15:00,62.26,62.51,61.02,61.08,36854.0
2026-03-04 14:20:00,61.0,62.19,60.9,62.14,17800.0
2026-03-04 14:25:00,62.2623,62.59,62.19,62.59,8559.0
2026-03-04 14:30:00,62.7,62.99,62.41,62.97,4414.0
2026-03-04 14:35:00,62.84,63.0,62.0,62.0,6673.0
2026-03-04 14:40:00,61.8901,62.32,61.74,62.17,6505.0
2026-03-04 14:45:00,62.2099,62.39,62.04,62.2,7275.0
2026-03-04 14:50:00,62.14,62.535,61.8308,61.97,7553.0
2026-03-04 14:55:00,62.0099,62.48,61.93,62.48,3371.0
2026-03-04 15:00:00,62.2969,62.76,62.2969,62.43,2872.0
2026-03-04 15:05:00,62.66,63.6,62.66,63.4901,13423.0
2026-03-04 15:10:00,63.49,63.5289,63.1,63.14,13375.0
2026-03-04 15:15:00,63.14,63.14,62.51,63.02,4462.0
2026-03-04 15:20:00,62.92,63.31,62.92,62.99,4198.0
2026-03-04 15:25:00,62.9598,63.02,62.7852,62.98,2423.0
2026-03-04 15:30:00,63.0315,63.4,62.91,62.98,1909.0
2026-03-04 15:35:00,62.95,63.12,62.5809,63.08,15177.0
2026-03-04 15:40:00,63.02,63.13,62.85,62.89,3351.0
2026-03-04 15:45:00,62.98,63.15,62.805,63.02,16233.0
2026-03-04 15:50:00,63.13,63.98,63.13,63.9,7289.0
2026-03-04 15:55:00,64.0645,64.84,64.0,64.81,21325.0
2026-03-04 16:00:00,64.8,64.8,64.3119,64.3119,654.0
2026-03-04 16:05:00,64.3,65.03,64.3,65.03,1480.0
2026-03-04 16:10:00,65.0,65.16,64.9,64.9057,1345.0
2026-03-04 16:15:00,64.93,65.17,64.93,65.13,915.0
2026-03-04 16:20:00,64.98,64.98,64.77,64.77,952.0
2026-03-04 16:25:00,64.85,64.85,64.71,64.757,1467.0
2026-03-04 16:30:00,64.66,64.84,64.63,64.76,3197.0
2026-03-04 16:35:00,64.81,64.83,64.28,64.2924,1256.0
2026-03-04 16:40:00,64.3614,64.65,64.3614,64.5508,1260.0
2026-03-04 16:45:00,64.6696,64.6696,64.61,64.61,200.0
2026-03-04 16:50:00,64.64,64.64,64.64,64.64,200.0
2026-03-04 16:55:00,64.92,65.0,64.92,65.0,505.0
2026-03-04 17:00:00,64.65,64.65,64.09,64.24,2237.0
2026-03-04 17:05:00,64.15,64.16,64.15,64.16,403.0
2026-03-04 17:10:00,64.135,64.17,64.135,64.17,300.0
2026-03-04 17:15:00,64.52,64.53,64.21,64.53,620.0
2026-03-04 17:20:00,64.43,64.43,64.3006,64.43,341.0
2026-03-04 17:25:00,64.41,64.43,64.3646,64.3646,430.0
2026-03-04 17:30:00,64.43,64.43,64.43,64.43,183.0
2026-03-04 17:35:00,65.0,65.739,65.0,65.739,550.0
2026-03-04 17:40:00,65.5,65.5,65.5,65.5,130.0
2026-03-04 17:45:00,65.31,65.37,65.0,65.3121,6567.0
2026-03-04 17:50:00,65.46,65.9,65.3,65.9,1234.0
2026-03-04 17:55:00,66.0,66.03,65.999,66.0,780.0
2026-03-04 18:00:00,65.99,65.99,65.9079,65.9118,1200.0
2026-03-04 18:05:00,65.75,65.9,65.63,65.89,600.0
2026-03-04 18:10:00,65.7221,65.8,65.72,65.8,992.0
2026-03-04 18:15:00,65.7,65.72,65.7,65.72,536.0
2026-03-04 18:20:00,65.87,66.2597,65.87,66.23,1386.0
2026-03-04 18:25:00,66.0,66.2056,66.0,66.2056,1200.0
2026-03-04 18:30:00,66.17,66.71,66.17,66.66,3045.0
2026-03-04 18:35:00,66.66,66.66,65.98,66.11,3792.0
2026-03-04 18:40:00,65.99,66.0,65.86,65.86,1053.0
2026-03-04 18:45:00,65.8185,65.9195,65.7,65.9195,5497.0
2026-03-04 18:50:00,66.0,66.16,66.0,66.12,2555.0
2026-03-04 18:55:00,66.0886,66.0886,65.9988,65.9988,495.0
2026-03-04 19:00:00,66.0241,66.0241,66.0069,66.0069,200.0
2026-03-04 19:05:00,65.97,65.97,65.97,65.97,131.0
2026-03-04 19:15:00,66.08,66.08,65.69,65.69,1614.0
2026-03-04 19:25:00,66.22,66.22,66.0301,66.06,2037.0
2026-03-04 19:40:00,66.01,66.01,66.01,66.01,251.0
2026-03-04 19:45:00,65.68,65.69,65.68,65.69,214.0
2026-03-04 19:50:00,66.0,66.0,65.61,65.61,15915.0
2026-03-04 19:55:00,65.85,65.85,65.7,65.81,9636.0
2026-03-05 04:00:00,66.73,66.73,66.53,66.55,422.0
2026-03-05 04:05:00,66.22,66.22,66.12,66.12,332.0
2026-03-05 04:10:00,65.76,65.76,65.76,65.76,257.0
2026-03-05 04:20:00,65.91,65.91,65.91,65.91,111.0
2026-03-05 04:30:00,65.93,65.93,65.93,65.93,117.0
2026-03-05 04:35:00,65.6,65.6,65.59,65.59,463.0
2026-03-05 04:40:00,66.21,66.21,66.13,66.13,259.0
2026-03-05 04:50:00,66.27,66.27,66.27,66.27,100.0
2026-03-05 04:55:00,66.24,66.25,66.12,66.12,650.0
2026-03-05 05:00:00,66.1,66.1,66.1,66.1,175.0
2026-03-05 05:10:00,66.07,66.07,66.07,66.07,114.0
2026-03-05 05:15:00,66.0,66.0,65.92,65.92,234.0
2026-03-05 05:20:00,65.92,65.92,65.81,65.81,308.0
2026-03-05 05:30:00,64.28,64.28,64.28,64.28,100.0
2026-03-05 05:35:00,64.43,64.62,64.43,64.62,621.0
2026-03-05 05:50:00,64.08,64.1,64.08,64.09,580.0
2026-03-05 05:55:00,63.95,64.1,63.95,64.1,375.0
2026-03-05 06:00:00,64.25,64.37,64.25,64.37,1479.0
2026-03-05 06:10:00,64.84,64.84,64.84,64.84,138.0
2026-03-05 06:15:00,64.77,64.8,64.77,64.79,1037.0
2026-03-05 06:20:00,64.98,64.98,64.98,64.98,476.0
2026-03-05 06:35:00,65.14,65.14,65.14,65.14,718.0
2026-03-05 06:40:00,65.52,65.54,65.52,65.53,600.0
2026-03-05 06:45:00,65.55,65.55,65.55,65.55,100.0
2026-03-05 06:50:00,65.58,65.58,65.58,65.58,1077.0
2026-03-05 06:55:00,65.47,65.47,65.47,65.47,189.0
2026-03-05 07:00:00,66.0,66.0,66.0,66.0,320.0
2026-03-05 07:05:00,65.94,65.95,65.52,65.52,2229.0
2026-03-05 07:10:00,65.6,65.75,65.6,65.75,1681.0
2026-03-05 07:15:00,65.75,66.25,65.75,66.13,6760.0
2026-03-05 07:20:00,65.77,65.83,65.77,65.83,651.0
2026-03-05 07:30:00,65.95,65.95,65.92,65.92,306.0
2026-03-05 07:40:00,65.75,65.75,65.75,65.75,302.0
2026-03-05 07:45:00,65.43,65.43,65.4,65.4,787.0
2026-03-05 07:50:00,65.36,65.36,65.36,65.36,449.0
2026-03-05 07:55:00,65.3,65.46,65.3,65.46,354.0
2026-03-05 08:00:00,66.1098,68.15,63.96,66.75,27313.0
2026-03-05 08:05:00,66.15,66.3,65.99,66.0,1211.0
2026-03-05 08:10:00,66.0,66.32,66.0,66.23,4574.0
2026-03-05 08:15:00,65.99,66.14,65.99,66.14,5319.0
2026-03-05 08:20:00,66.2,66.21,66.1964,66.201,4553.0
2026-03-05 08:25:00,66.77,66.77,66.5,66.5,6606.0
2026-03-05 08:30:00,67.0,67.14,67.0,67.0286,5011.0
2026-03-05 08:35:00,66.95,67.01,66.86,67.0,2246.0
2026-03-05 08:40:00,67.0,67.0,66.56,66.67,3917.0
2026-03-05 08:45:00,66.55,66.55,66.33,66.33,503.0
2026-03-05 08:55:00,66.86,66.88,66.86,66.88,5034.0
2026-03-05 09:10:00,66.6598,66.6598,66.6598,66.6598,299.0
2026-03-05 09:15:00,66.61,66.89,66.6,66.89,4194.0
2026-03-05 09:20:00,66.89,66.89,66.78,66.78,2657.0
2026-03-05 09:25:00,66.81,66.84,66.7892,66.84,3172.0
2026-03-05 09:30:00,66.65,67.26,65.95,66.2373,18252.0
2026-03-05 09:35:00,66.175,67.62,66.09,67.495,18140.0
2026-03-05 09:40:00,67.34,67.99,67.34,67.99,14741.0
2026-03-05 09:45:00,67.8375,67.88,67.14,67.56,14251.0
2026-03-05 09:50:00,67.55,67.55,66.6737,66.87,3239.0
2026-03-05 09:55:00,66.8925,67.16,66.4,66.68,5851.0
2026-03-05 10:00:00,66.7299,67.61,66.46,67.61,12662.0
2026-03-05 10:05:00,67.489,68.53,67.35,68.53,8918.0
2026-03-05 10:10:00,68.5,68.745,68.3356,68.43,5678.0
2026-03-05 10:15:00,68.51,69.0,68.32,68.765,4890.0
2026-03-05 10:20:00,68.43,69.24,68.43,69.02,5128.0
2026-03-05 10:25:00,69.06,69.52,68.99,69.44,28142.0
2026-03-05 10:30:00,69.4012,69.78,69.04,69.44,10692.0
2026-03-05 10:35:00,69.41,69.5,68.71,68.71,6904.0
2026-03-05 10:40:00,68.8,69.0,68.7183,68.965,2905.0
2026-03-05 10:45:00,69.0287,69.05,68.705,68.88,2483.0
2026-03-05 10:50:00,68.78,68.86,68.4,68.48,10749.0
2026-03-05 10:55:00,68.7685,68.92,68.5401,68.5401,2402.0
2026-03-05 11:00:00,68.8,69.2499,68.76,69.2499,2444.0
2026-03-05 11:05:00,69.36,70.18,69.3358,70.18,15251.0
2026-03-05 11:10:00,70.2961,70.45,69.72,70.09,3679.0
2026-03-05 11:15:00,70.0,70.15,69.61,69.97,20218.0
2026-03-05 11:20:00,69.845,70.02,69.44,69.67,3443.0
2026-03-05 11:25:00,69.2129,69.51,69.2129,69.4301,3475.0
2026-03-05 11:30:00,69.395,69.5,69.03,69.17,1712.0
2026-03-05 11:35:00,69.16,69.16,68.7801,68.925,18223.0
2026-03-05 11:40:00,68.82,69.08,68.63,68.92,11249.0
2026-03-05 11:45:00,69.0,69.11,68.865,69.11,1168.0
2026-03-05 11:50:00,68.925,69.18,68.925,69.18,302.0
2026-03-05 11:55:00,68.98,69.05,68.9,68.915,1100.0
2026-03-05 12:00:00,68.85,68.85,68.17,68.28,1439.0
2026-03-05 12:05:00,68.54,69.22,68.4847,69.22,591.0
2026-03-05 12:10:00,69.39,69.39,69.12,69.22,2599.0
2026-03-05 12:15:00,69.38,69.55,69.38,69.48,10357.0
2026-03-05 12:20:00,69.48,69.57,69.3,69.3,2774.0
2026-03-05 12:25:00,69.36,69.645,69.2,69.64,4631.0
2026-03-05 12:30:00,70.0,70.1593,69.98,70.14,970.0
2026-03-05 12:35:00,70.1,70.26,69.74,69.81,19112.0
2026-03-05 12:40:00,69.69,69.99,69.63,69.8896,5613.0
2026-03-05 12:45:00,69.8399,70.4,69.8399,70.4,6261.0
2026-03-05 12:50:00,70.5,70.57,69.98,70.19,42938.0
2026-03-05 12:55:00,70.36,70.405,70.22,70.265,15370.0
2026-03-05 13:00:00,70.22,70.245,70.035,70.035,1322.0
2026-03-05 13:05:00,69.99,70.08,69.7274,69.77,4465.0
2026-03-05 13:10:00,69.83,69.83,69.7,69.7,988.0
2026-03-05 13:15:00,69.68,69.79,69.5826,69.79,9015.0
2026-03-05 13:20:00,69.8499,69.93,69.7684,69.7684,1563.0
2026-03-05 13:25:00,69.82,69.96,69.82,69.83,700.0
2026-03-05 13:30:00,69.86,69.91,69.635,69.635,525.0
2026-03-05 13:35:00,69.14,69.52,69.14,69.44,1047.0
2026-03-05 13:40:00,69.09,69.32,69.09,69.2526,8818.0
2026-03-05 13:45:00,69.3952,69.3952,69.25,69.37,3811.0
2026-03-05 13:50:00,69.3,69.58,69.3,69.35,2626.0
2026-03-05 13:55:00,69.305,69.305,69.305,69.305,100.0
2026-03-05 14:00:00,69.02,69.0326,68.75,68.985,4135.0
2026-03-05 14:05:00,68.9507,69.005,68.892,69.0,1291.0
2026-03-05 14:10:00,69.13,69.15,68.4,68.42,5039.0
2026-03-05 14:15:00,68.545,68.8604,68.535,68.71,2724.0
2026-03-05 14:20:00,68.395,68.73,68.395,68.73,2304.0
2026-03-05 14:25:00,68.9,69.3,68.9,69.15,5234.0
2026-03-05 14:30:00,69.25,69.52,69.22,69.3,4875.0
2026-03-05 14:35:00,69.26,69.53,69.18,69.34,3212.0
2026-03-05 14:40:00,69.3,69.3,69.01,69.21,4249.0
2026-03-05 14:45:00,68.95,68.97,68.77,68.7736,1795.0
2026-03-05 14:55:00,69.36,69.3899,69.29,69.3899,1653.0
2026-03-05 15:00:00,69.2,69.61,69.1,69.1,2509.0
2026-03-05 15:05:00,69.32,69.384,69.06,69.06,326.0
2026-03-05 15:10:00,69.07,69.07,68.8247,68.99,969.0
2026-03-05 15:15:00,68.82,68.8854,68.44,68.44,1458.0
2026-03-05 15:20:00,68.55,68.61,68.25,68.28,2354.0
2026-03-05 15:25:00,68.11,68.24,68.11,68.24,760.0
2026-03-05 15:30:00,68.575,68.575,68.54,68.54,300.0
2026-03-05 15:35:00,68.18,68.18,68.01,68.01,1090.0
2026-03-05 15:40:00,68.49,68.54,68.46,68.49,3363.0
2026-03-05 15:45:00,68.53,68.69,68.39,68.39,801.0
2026-03-05 15:50:00,68.36,68.56,68.3303,68.46,6809.0
2026-03-05 15:55:00,68.305,68.44,68.1202,68.365,7822.0
2026-03-05 16:00:00,68.17,68.17,67.89,67.89,6365.0
2026-03-05 16:05:00,68.0,68.02,67.93,68.0,17269.0
2026-03-05 16:10:00,68.1,68.18,68.1,68.18,1540.0
2026-03-05 16:15:00,67.86,67.86,67.86,67.86,200.0
2026-03-05 16:20:00,67.76,68.1,67.76,68.1,1137.0
2026-03-05 16:25:00,68.1,68.1,68.1,68.1,2675.0
2026-03-05 16:30:00,68.15,68.15,68.15,68.15,4587.0
2026-03-05 16:35:00,68.9045,69.18,68.9045,69.18,215.0
2026-03-05 16:40:00,69.0447,69.0447,69.0447,69.0447,240.0
2026-03-05 16:45:00,68.99,68.99,68.95,68.95,544.0
2026-03-05 16:50:00,69.18,69.18,69.18,69.18,200.0
2026-03-05 16:55:00,69.27,69.27,68.98,68.98,820.0
2026-03-05 17:00:00,69.1864,69.1864,69.1864,69.1864,288.0
2026-03-05 17:25:00,68.9883,68.9883,68.9883,68.9883,240.0
2026-03-05 18:00:00,68.97,69.11,68.96,69.11,4150.0
2026-03-05 18:05:00,69.0,69.06,69.0,69.03,1441.0
2026-03-05 18:10:00,69.061,69.061,69.061,69.061,100.0
2026-03-05 18:20:00,69.04,69.04,69.0,69.0,2184.0
2026-03-05 18:25:00,68.91,68.91,68.91,68.91,146.0
2026-03-05 18:30:00,69.18,69.28,69.18,69.28,264.0
2026-03-05 18:35:00,69.35,69.35,69.35,69.35,1125.0
2026-03-05 18:40:00,69.29,69.34,69.29,69.34,3523.0
2026-03-05 18:45:00,69.34,69.34,69.34,69.34,1289.0
2026-03-05 18:50:00,69.3591,69.3591,69.3591,69.3591,108.0
2026-03-05 19:05:00,69.5498,69.5498,69.5498,69.5498,566.0
2026-03-05 19:10:00,69.27,69.27,68.95,68.95,800.0
2026-03-05 19:15:00,69.27,69.27,69.27,69.27,100.0
2026-03-05 19:25:00,69.37,69.37,69.29,69.29,7411.0
2026-03-05 19:30:00,69.261,69.29,69.23,69.29,5908.0
2026-03-05 19:35:00,69.3,69.5054,69.3,69.4,1137.0
2026-03-05 19:40:00,69.7275,69.7275,69.7275,69.7275,145.0
2026-03-05 19:50:00,69.35,69.56,69.35,69.56,750.0
2026-03-05 19:55:00,69.5,69.56,69.5,69.56,5530.0
2026-03-06 04:05:00,69.45,69.45,69.45,69.45,100.0
2026-03-06 04:10:00,69.73,69.73,69.73,69.73,2970.0
2026-03-06 04:15:00,70.3,70.3,70.3,70.3,124.0
2026-03-06 04:20:00,70.5,70.5,70.5,70.5,125.0
2026-03-06 04:25:00,70.82,70.82,70.82,70.82,250.0
2026-03-06 04:30:00,70.69,70.69,70.69,70.69,100.0
2026-03-06 04:35:00,71.04,71.11,71.04,71.11,630.0
2026-03-06 04:40:00,70.94,70.94,70.73,70.73,849.0
2026-03-06 04:50:00,70.84,70.84,70.8,70.8,1855.0
2026-03-06 04:55:00,70.28,70.28,70.28,70.28,360.0
2026-03-06 05:10:00,70.09,70.1,70.04,70.09,3877.0
2026-03-06 05:15:00,70.02,70.02,70.02,70.02,499.0
2026-03-06 05:20:00,70.2,70.24,70.08,70.08,5191.0
2026-03-06 05:25:00,69.85,69.85,69.81,69.81,730.0
2026-03-06 05:35:00,70.21,70.21,70.21,70.21,100.0
2026-03-06 05:40:00,70.27,70.27,70.27,70.27,362.0
2026-03-06 05:50:00,70.1,70.1,70.1,70.1,527.0
2026-03-06 06:00:00,70.3,70.3,70.28,70.28,555.0
2026-03-06 06:20:00,70.1,70.1,70.1,70.1,172.0
2026-03-06 06:30:00,70.13,70.13,70.13,70.13,210.0
2026-03-06 06:45:00,70.81,70.81,70.81,70.81,291.0
2026-03-06 06:55:00,71.07,71.07,71.07,71.07,315.0
2026-03-06 07:00:00,71.05,71.05,71.05,71.05,279.0
2026-03-06 07:05:00,71.33,71.83,71.33,71.83,499.0
2026-03-06 07:10:00,71.35,71.48,71.35,71.37,7280.0
2026-03-06 07:15:00,71.31,71.31,71.3,71.3,1292.0
2026-03-06 07:20:00,71.0,71.0,70.95,70.95,7946.0
2026-03-06 07:40:00,71.45,71.45,71.45,71.45,250.0
2026-03-06 07:45:00,71.56,71.56,71.55,71.55,324.0
2026-03-06 07:50:00,71.47,71.47,71.04,71.04,2256.0
2026-03-06 08:00:00,70.9121,71.7493,69.0,70.89,16139.0
2026-03-06 08:05:00,71.1,71.1,71.1,71.1,380.0
2026-03-06 08:20:00,71.3483,71.77,71.3483,71.43,824.0
2026-03-06 08:25:00,71.0,71.02,71.0,71.02,652.0
2026-03-06 08:30:00,71.37,71.37,70.7,70.7,2024.0
2026-03-06 08:35:00,70.4,70.84,70.4,70.83,2919.0
2026-03-06 08:40:00,71.19,71.19,71.13,71.15,3692.0
2026-03-06 08:45:00,71.4,71.4718,71.2059,71.2059,15604.0
2026-03-06 08:50:00,71.17,71.68,71.17,71.68,2389.0
2026-03-06 08:55:00,71.58,73.0,71.58,73.0,13678.0
2026-03-06 09:00:00,73.17,73.48,72.8822,73.0,2195.0
2026-03-06 09:05:00,73.23,73.6,73.0319,73.6,2198.0
2026-03-06 09:10:00,74.21,74.28,73.81,74.01,3426.0
2026-03-06 09:15:00,73.9,73.96,73.9,73.9283,4355.0
2026-03-06 09:20:00,73.69,73.69,73.54,73.61,2088.0
2026-03-06 09:25:00,73.65,73.7,73.5,73.6,7480.0
2026-03-06 09:30:00,73.67,74.66,73.6,74.465,71398.0
2026-03-06 09:35:00,74.5797,75.44,74.5797,74.95,20304.0
2026-03-06 09:40:00,74.675,75.19,74.63,75.0,7270.0
2026-03-06 09:45:00,75.01,75.75,74.825,75.62,11583.0
2026-03-06 09:50:00,75.67,75.92,75.1401,75.86,14872.0
2026-03-06 09:55:00,75.97,76.16,75.47,75.48,12917.0
2026-03-06 10:00:00,75.46,75.57,75.13,75.2198,6478.0
2026-03-06 10:05:00,75.27,76.04,75.22,76.0001,2428.0
2026-03-06 10:10:00,76.0,76.0,75.49,75.49,1170.0
2026-03-06 10:15:00,75.3001,75.34,74.91,74.91,14195.0
2026-03-06 10:20:00,74.895,74.98,74.58,74.63,8325.0
2026-03-06 10:25:00,74.7763,75.16,74.74,74.96,4440.0
2026-03-06 10:30:00,74.93,75.1099,74.66,75.0,6948.0
2026-03-06 10:35:00,74.92,75.04,74.49,74.62,2580.0
2026-03-06 10:40:00,74.9453,75.45,74.881,75.35,3614.0
2026-03-06 10:45:00,75.43,75.65,75.43,75.65,3710.0
2026-03-06 10:50:00,76.0,76.62,75.92,76.29,9158.0
2026-03-06 10:55:00,76.095,76.095,75.67,75.75,70050.0
2026-03-06 11:00:00,75.8446,75.9,75.45,75.45,2286.0
2026-03-06 11:05:00,75.42,76.25,75.42,76.25,9767.0
2026-03-06 11:10:00,76.27,76.5499,76.23,76.37,2380.0
2026-03-06 11:15:00,76.28,76.557,76.14,76.4,909.0
2026-03-06 11:20:00,76.4,76.46,76.26,76.27,1530.0
2026-03-06 11:25:00,76.18,76.22,76.0,76.0,2685.0
2026-03-06 11:30:00,76.11,76.24,76.005,76.24,1419.0
2026-03-06 11:35:00,76.31,76.31,75.69,75.69,8261.0
2026-03-06 11:40:00,75.83,76.1,75.83,76.06,1535.0
2026-03-06 11:45:00,75.87,76.25,75.87,76.15,900.0
2026-03-06 11:50:00,75.9923,76.185,75.9,76.05,1788.0
2026-03-06 11:55:00,76.44,76.44,76.25,76.26,1584.0
2026-03-06 12:00:00,76.27,76.33,76.0,76.0,500.0
2026-03-06 12:05:00,76.14,76.2,76.05,76.11,923.0
2026-03-06 12:10:00,76.19,76.19,75.99,76.04,869.0
2026-03-06 12:15:00,76.09,76.37,76.08,76.185,1744.0
2026-03-06 12:20:00,75.67,75.7034,75.67,75.7034,506.0
2026-03-06 12:25:00,76.14,76.5,75.94,75.98,1582.0
2026-03-06 12:30:00,76.06,76.12,76.0196,76.03,3268.0
2026-03-06 12:35:00,76.75,77.19,76.75,77.12,16853.0
2026-03-06 12:40:00,77.0,77.31,77.0,77.07,5577.0
2026-03-06 12:45:00,77.0,77.055,76.68,76.68,2407.0
2026-03-06 12:50:00,76.65,76.81,76.56,76.7,875.0
2026-03-06 12:55:00,76.53,76.53,76.4465,76.4465,1500.0
2026-03-06 13:00:00,76.5,76.5,76.17,76.19,2111.0
2026-03-06 13:05:00,76.35,76.35,75.91,76.0,18250.0
2026-03-06 13:10:00,76.0,76.0,75.7113,75.7218,5882.0
2026-03-06 13:15:00,75.72,75.92,75.66,75.81,1938.0
2026-03-06 13:20:00,75.9,75.9,75.88,75.88,1000.0
2026-03-06 13:25:00,75.85,75.9682,75.82,75.9682,3077.0
2026-03-06 13:30:00,75.87,75.87,75.53,75.53,1842.0
2026-03-06 13:35:00,75.4985,75.75,75.4985,75.66,1680.0
2026-03-06 13:45:00,75.56,75.875,75.54,75.7,6306.0
2026-03-06 13:50:00,75.71,76.09,75.7,76.087,6020.0
2026-03-06 13:55:00,76.1,76.1,75.9808,76.05,2352.0
2026-03-06 14:00:00,76.05,76.05,75.72,75.72,6585.0
2026-03-06 14:05:00,76.01,76.01,75.79,75.82,5520.0
2026-03-06 14:10:00,75.83,75.83,75.255,75.29,3187.0
2026-03-06 14:15:00,75.31,75.31,74.9,74.9,3000.0
2026-03-06 14:20:00,75.1149,75.54,75.04,75.46,2265.0
2026-03-06 14:25:00,75.52,75.52,75.4,75.43,911.0
2026-03-06 14:30:00,75.32,75.32,75.18,75.18,881.0
2026-03-06 14:35:00,75.2,75.395,75.11,75.395,1797.0
2026-03-06 14:40:00,75.12,75.5,75.08,75.5,1607.0
2026-03-06 14:45:00,75.46,75.5611,75.46,75.5611,265.0
2026-03-06 14:50:00,75.53,75.64,75.53,75.637,546.0
2026-03-06 14:55:00,75.525,75.525,75.525,75.525,100.0
2026-03-06 15:00:00,75.42,75.42,75.22,75.22,6837.0
2026-03-06 15:05:00,75.25,75.37,75.25,75.36,400.0
2026-03-06 15:10:00,75.45,75.88,75.446,75.8,2531.0
2026-03-06 15:15:00,75.85,75.9,75.64,75.66,13383.0
2026-03-06 15:20:00,75.89,75.89,75.8,75.88,1070.0
2026-03-06 15:25:00,76.04,76.28,76.04,76.185,9572.0
2026-03-06 15:30:00,76.13,76.35,76.13,76.34,3277.0
2026-03-06 15:35:00,76.5,76.5,76.01,76.01,2020.0
2026-03-06 15:40:00,75.9201,76.0111,75.46,75.86,5218.0
2026-03-06 15:45:00,75.76,75.99,75.71,75.71,5361.0
2026-03-06 15:50:00,75.68,75.86,75.66,75.7,2042.0
2026-03-06 15:55:00,75.8,75.84,75.6001,75.75,13987.0
2026-03-06 16:00:00,75.68,75.68,75.66,75.66,897.0
2026-03-06 16:05:00,75.71,75.71,75.5,75.5,690.0
2026-03-06 16:10:00,75.7529,75.7529,75.56,75.56,650.0
2026-03-06 16:15:00,75.7,75.75,75.7,75.75,200.0
2026-03-06 16:20:00,75.75,75.96,75.7497,75.96,3348.0
2026-03-06 16:30:00,76.09,76.09,76.03,76.03,703.0
2026-03-06 16:35:00,75.89,75.89,75.89,75.89,100.0
2026-03-06 16:40:00,75.83,75.83,75.83,75.83,109.0
2026-03-06 16:45:00,75.63,75.63,75.63,75.63,122.0
2026-03-06 16:50:00,75.67,75.67,75.65,75.65,723.0
2026-03-06 16:55:00,75.65,75.65,75.29,75.29,2200.0
2026-03-06 17:05:00,75.05,75.05,75.0,75.01,663.0
2026-03-06 17:15:00,75.22,75.22,75.22,75.22,200.0
2026-03-06 17:20:00,75.4095,75.4095,75.4095,75.4095,350.0
2026-03-06 17:25:00,75.23,75.25,75.17,75.25,522.0
2026-03-06 17:30:00,75.29,75.29,75.29,75.29,110.0
2026-03-06 17:40:00,75.95,75.95,75.95,75.95,1140.0
2026-03-06 17:50:00,75.2,75.3,75.0,75.0,500.0
2026-03-06 17:55:00,74.61,74.8,74.61,74.8,563.0
2026-03-06 18:05:00,75.0,75.0,75.0,75.0,140.0
2026-03-06 18:15:00,75.1,75.1,75.1,75.1,1639.0
2026-03-06 18:30:00,75.04,75.04,75.04,75.04,600.0
2026-03-06 18:35:00,75.1,75.3,75.1,75.3,300.0
2026-03-06 18:55:00,75.4,75.5,75.4,75.5,791.0
2026-03-06 19:00:00,75.67,75.67,75.67,75.67,200.0
2026-03-06 19:10:00,75.01,75.01,75.01,75.01,107.0
2026-03-06 19:15:00,76.0,76.0,76.0,76.0,1000.0
2026-03-06 19:20:00,75.8105,75.8105,75.8105,75.8105,105.0
2026-03-06 19:45:00,75.8138,75.8999,75.5706,75.6,1070.0
2026-03-06 19:50:00,75.5706,75.5784,75.565,75.565,969.0
2026-03-06 19:55:00,75.51,75.51,75.01,75.01,3805.0
2026-03-09 04:00:00,75.5,75.5,75.5,75.5,442.0
2026-03-09 04:15:00,75.46,75.75,75.38,75.45,1194.0
2026-03-09 04:20:00,75.09,75.09,75.09,75.09,297.0
2026-03-09 04:25:00,74.37,74.37,74.36,74.36,565.0
2026-03-09 04:30:00,74.37,74.37,74.36,74.36,200.0
2026-03-09 04:45:00,74.56,74.56,74.5,74.51,1713.0
2026-03-09 04:50:00,74.43,74.43,74.3,74.3,4227.0
2026-03-09 05:05:00,75.23,75.23,75.23,75.23,391.0
2026-03-09 05:20:00,74.44,74.44,74.09,74.09,287.0
2026-03-09 05:30:00,73.77,73.77,73.6,73.6,202.0
2026-03-09 05:35:00,73.0,73.0,72.79,72.79,200.0
2026-03-09 05:40:00,72.92,72.92,72.92,72.92,100.0
2026-03-09 05:55:00,73.61,73.61,73.61,73.61,156.0
2026-03-09 06:00:00,73.98,73.98,73.98,73.98,100.0
2026-03-09 06:05:00,74.16,74.16,74.16,74.16,139.0
2026-03-09 06:20:00,74.0,74.0,74.0,74.0,433.0
2026-03-09 06:25:00,73.93,73.93,73.93,73.93,380.0
2026-03-09 07:00:00,74.83,74.83,74.83,74.83,100.0
2026-03-09 07:15:00,75.0,75.0,75.0,75.0,457.0
2026-03-09 07:20:00,75.67,75.67,75.31,75.31,380.0
2026-03-09 07:35:00,75.05,75.05,74.9,74.9,435.0
2026-03-09 07:50:00,74.6,74.6,74.6,74.6,100.0
2026-03-09 07:55:00,74.53,74.53,74.53,74.53,300.0
2026-03-09 08:00:00,75.58,75.7805,72.9,75.01,11539.0
2026-03-09 08:05:00,74.6,74.6,74.29,74.29,257.0
2026-03-09 08:15:00,74.2005,74.2005,74.2005,74.2005,100.0
2026-03-09 08:20:00,73.99,73.99,73.86,73.88,629.0
2026-03-09 08:25:00,73.5,73.5,73.5,73.5,301.0
2026-03-09 08:30:00,73.7,73.8314,73.7,73.8314,956.0
2026-03-09 08:35:00,73.83,73.83,73.3591,73.3591,2920.0
2026-03-09 08:40:00,73.59,74.0,73.59,74.0,753.0
2026-03-09 08:50:00,74.1156,74.1156,74.1156,74.1156,200.0
2026-03-09 08:55:00,73.9863,74.18,73.9863,74.06,541.0
2026-03-09 09:00:00,74.07,74.07,74.07,74.07,100.0
2026-03-09 09:05:00,73.7705,73.9231,73.7705,73.9231,390.0
2026-03-09 09:10:00,73.38,73.38,73.38,73.38,100.0
2026-03-09 09:15:00,73.52,73.66,73.52,73.64,820.0
2026-03-09 09:20:00,74.0,74.0,74.0,74.0,758.0
2026-03-09 09:25:00,73.92,73.92,72.9,72.92,1849.0
2026-03-09 09:30:00,72.78,73.05,72.49,73.0401,19945.0
2026-03-09 09:35:00,72.4501,73.435,72.4501,73.39,3603.0
2026-03-09 09:40:00,73.22,73.486,71.92,72.105,12270.0
2026-03-09 09:45:00,72.065,72.67,71.9,72.67,9410.0
2026-03-09 09:50:00,72.6374,73.04,72.59,72.9892,4194.0
2026-03-09 09:55:00,73.15,73.22,72.45,72.56,3296.0
2026-03-09 10:00:00,72.56,72.56,72.25,72.5,14435.0
2026-03-09 10:05:00,72.69,73.13,72.69,73.13,925.0
2026-03-09 10:10:00,73.37,73.41,73.08,73.08,1896.0
2026-03-09 10:15:00,73.01,73.01,71.85,72.36,7933.0
2026-03-09 10:20:00,72.5466,72.65,72.47,72.65,1300.0
2026-03-09 10:25:00,72.4,72.665,72.18,72.55,4600.0
2026-03-09 10:30:00,72.39,72.752,72.24,72.5,2486.0
2026-03-09 10:35:00,72.49,72.525,72.0,72.15,4241.0
2026-03-09 10:40:00,72.11,72.32,71.74,71.805,5277.0
2026-03-09 10:45:00,71.83,72.29,71.83,72.23,5206.0
2026-03-09 10:50:00,72.18,72.18,71.85,72.0,2374.0
2026-03-09 10:55:00,72.04,72.62,72.04,72.43,2640.0
2026-03-09 11:00:00,72.4387,72.6686,72.14,72.435,1848.0
2026-03-09 11:05:00,72.47,73.0,72.335,73.0,557.0
2026-03-09 11:10:00,72.85,72.87,72.315,72.34,1699.0
2026-03-09 11:15:00,72.0,72.4,71.88,72.365,2536.0
2026-03-09 11:20:00,72.26,72.26,72.07,72.1,1179.0
2026-03-09 11:25:00,72.074,72.18,72.074,72.18,318.0
2026-03-09 11:30:00,72.055,72.7,72.0,72.7,1396.0
2026-03-09 11:35:00,72.665,72.67,72.53,72.57,1100.0
2026-03-09 11:40:00,72.465,72.61,72.465,72.61,1100.0
2026-03-09 11:45:00,72.51,72.51,72.25,72.35,5533.0
2026-03-09 11:50:00,72.3758,72.3758,72.3758,72.3758,100.0
2026-03-09 11:55:00,71.98,72.3795,71.98,72.3795,838.0
2026-03-09 12:00:00,72.355,72.53,71.81,72.035,2164.0
2026-03-09 12:05:00,71.94,72.0376,71.75,71.84,4133.0
2026-03-09 12:10:00,72.2,72.2683,72.2,72.2683,644.0
2026-03-09 12:15:00,72.35,72.45,72.35,72.41,2214.0
2026-03-09 12:20:00,72.56,72.57,72.35,72.35,4043.0
2026-03-09 12:25:00,72.35,72.375,71.7137,71.886,6180.0
2026-03-09 12:30:00,71.855,72.69,71.84,72.57,6079.0
2026-03-09 12:35:00,72.35,72.35,72.13,72.16,2218.0
2026-03-09 12:40:00,71.98,72.025,71.75,71.9,4622.0
2026-03-09 12:45:00,71.87,72.05,71.87,72.05,200.0
2026-03-09 12:50:00,71.9,71.9,71.35,71.85,3002.0
2026-03-09 12:55:00,72.01,72.08,71.9,72.05,600.0
2026-03-09 13:00:00,72.17,72.18,71.9,72.015,1131.0
2026-03-09 13:05:00,71.935,72.01,71.8211,71.87,2262.0
2026-03-09 13:10:00,71.75,71.9699,71.75,71.895,16051.0
2026-03-09 13:15:00,71.715,72.27,71.715,72.27,10603.0
2026-03-09 13:20:00,72.23,72.55,72.23,72.28,2315.0
2026-03-09 13:25:00,72.29,72.62,72.29,72.58,1580.0
2026-03-09 13:30:00,72.58,72.6511,72.35,72.59,18537.0
2026-03-09 13:35:00,72.75,73.0799,72.75,73.04,3203.0
2026-03-09 13:40:00,73.1,73.7596,73.1,73.38,4527.0
2026-03-09 13:45:00,73.38,73.38,73.045,73.045,839.0
2026-03-09 13:50:00,73.17,73.17,72.97,72.99,1044.0
2026-03-09 13:55:00,72.7,72.795,72.7,72.78,13302.0
2026-03-09 14:00:00,72.8711,73.17,72.86,73.17,1244.0
2026-03-09 14:05:00,73.22,73.2499,73.22,73.2499,1100.0
2026-03-09 14:10:00,73.35,73.4182,73.35,73.4182,975.0
2026-03-09 14:15:00,73.2,73.22,72.5,72.5,15509.0
2026-03-09 14:20:00,72.795,72.91,72.7,72.77,1784.0
2026-03-09 14:25:00,72.83,72.85,72.75,72.78,825.0
2026-03-09 14:30:00,72.715,72.74,72.38,72.52,3200.0
2026-03-09 14:35:00,72.55,72.919,72.55,72.919,4007.0
2026-03-09 14:40:00,72.83,72.95,72.76,72.93,1077.0
2026-03-09 14:45:00,72.72,72.73,72.71,72.71,300.0
2026-03-09 14:50:00,73.11,73.13,72.98,72.98,500.0
2026-03-09 14:55:00,73.0,73.335,73.0,73.25,5794.0
2026-03-09 15:00:00,73.25,73.25,73.03,73.03,1800.0
2026-03-09 15:05:00,73.125,73.3,73.095,73.095,1220.0
2026-03-09 15:10:00,73.16,73.2,73.07,73.2,2760.0
2026-03-09 15:15:00,73.26,73.39,72.4,72.4,4600.0
2026-03-09 15:20:00,72.17,72.34,71.62,71.62,6366.0
2026-03-09 15:25:00,71.5,71.52,70.4,70.4,26653.0
2026-03-09 15:30:00,70.14,71.06,70.135,70.99,7953.0
2026-03-09 15:35:00,70.865,71.7299,70.865,71.6,5147.0
2026-03-09 15:40:00,71.72,72.14,71.71,71.82,4017.0
2026-03-09 15:45:00,71.735,71.74,71.5,71.69,4572.0
2026-03-09 15:50:00,71.91,72.0,71.5,71.5886,2563.0
2026-03-09 15:55:00,71.65,71.785,71.15,71.31,24823.0
2026-03-09 16:00:00,71.42,71.44,71.42,71.44,20497.0
2026-03-09 16:05:00,71.43,71.43,71.42,71.42,200.0
2026-03-09 16:10:00,71.72,71.72,71.72,71.72,1000.0
2026-03-09 16:35:00,72.15,72.29,72.15,72.29,300.0
2026-03-09 16:50:00,72.31,72.31,72.31,72.31,2506.0
2026-03-09 17:25:00,71.75,71.75,71.75,71.75,252.0
2026-03-09 17:45:00,71.57,71.57,71.57,71.57,439.0
2026-03-09 18:20:00,72.3,72.3,72.3,72.3,340.0
2026-03-09 18:25:00,72.26,72.269,72.26,72.269,200.0
2026-03-09 18:30:00,72.26,72.5,72.26,72.5,3034.0
2026-03-09 18:35:00,72.89,73.32,72.89,73.32,693.0
2026-03-09 18:40:00,73.15,73.15,73.15,73.15,1200.0
2026-03-09 18:55:00,73.7,73.7,73.7,73.7,163.0
2026-03-09 19:00:00,73.7,73.85,73.7,73.85,308.0
2026-03-09 19:05:00,73.9,73.9,73.9,73.9,100.0
2026-03-09 19:25:00,73.95,73.95,73.95,73.95,688.0
2026-03-09 19:35:00,74.0,74.0,74.0,74.0,346.0
2026-03-09 19:40:00,74.16,74.16,74.16,74.16,100.0
2026-03-09 19:45:00,74.17,74.17,74.17,74.17,259.0
2026-03-09 19:55:00,74.57,74.6,74.5,74.5,8869.0
2026-03-10 04:00:00,70.0,70.01,70.0,70.01,423.0
2026-03-10 04:05:00,69.88,69.88,69.5,69.5,616.0
2026-03-10 04:15:00,69.61,69.76,69.39,69.39,376.0
2026-03-10 04:30:00,69.31,69.31,69.03,69.03,1082.0
2026-03-10 04:35:00,69.08,69.1,69.02,69.1,4734.0
2026-03-10 04:40:00,69.0,69.03,69.0,69.0,738.0
2026-03-10 04:45:00,69.4,69.4,69.4,69.4,101.0
2026-03-10 05:00:00,69.73,69.73,69.73,69.73,100.0
2026-03-10 05:10:00,69.7,69.7,69.6,69.6,4370.0
2026-03-10 05:15:00,69.68,69.68,69.67,69.67,465.0
2026-03-10 05:20:00,68.83,68.83,68.83,68.83,100.0
2026-03-10 05:35:00,69.08,69.1,69.08,69.1,816.0
2026-03-10 05:40:00,69.02,69.11,69.02,69.05,1603.0
2026-03-10 05:50:00,69.05,69.05,69.05,69.05,240.0
2026-03-10 05:55:00,69.15,69.15,69.15,69.15,151.0
2026-03-10 06:20:00,69.64,69.64,69.64,69.64,140.0
2026-03-10 06:30:00,69.35,69.35,69.35,69.35,269.0
2026-03-10 06:40:00,69.9,69.9,69.9,69.9,447.0
2026-03-10 06:55:00,69.51,69.51,69.51,69.51,200.0
2026-03-10 07:00:00,69.45,69.45,69.44,69.45,2166.0
2026-03-10 07:05:00,69.24,69.24,69.24,69.24,140.0
2026-03-10 07:10:00,69.4,69.94,69.4,69.94,386.0
2026-03-10 07:15:00,69.96,69.96,69.96,69.96,189.0
2026-03-10 07:20:00,69.51,69.51,69.5,69.5,505.0
2026-03-10 07:25:00,69.3,69.3,69.3,69.3,162.0
2026-03-10 07:40:00,69.54,69.54,69.54,69.54,500.0
2026-03-10 07:55:00,69.5,69.63,69.5,69.63,500.0
2026-03-10 08:00:00,69.5,71.88,69.0165,69.81,6610.0
2026-03-10 08:05:00,70.03,70.18,70.03,70.18,335.0
2026-03-10 08:10:00,70.0,70.05,70.0,70.05,262.0
2026-03-10 08:15:00,69.9,70.02,69.9,69.96,1832.0
2026-03-10 08:20:00,69.9,69.9,69.67,69.68,1720.0
2026-03-10 08:30:00,70.44,70.44,70.23,70.23,784.0
2026-03-10 08:35:00,70.25,70.25,69.95,70.18,13600.0
2026-03-10 08:40:00,70.28,70.28,70.28,70.28,200.0
2026-03-10 08:45:00,70.4,70.4,70.31,70.31,600.0
2026-03-10 08:50:00,70.37,70.37,70.2,70.2,770.0
2026-03-10 08:55:00,70.44,70.46,70.36,70.46,2812.0
2026-03-10 09:00:00,70.25,70.25,70.2014,70.25,1108.0
2026-03-10 09:05:00,70.001,70.01,70.0,70.01,12317.0
2026-03-10 09:15:00,70.05,70.05,70.05,70.05,291.0
2026-03-10 09:20:00,70.14,70.14,70.1,70.1,1307.0
2026-03-10 09:25:00,69.71,69.71,69.71,69.71,180.0
2026-03-10 09:30:00,70.06,71.049,69.865,70.965,12154.0
2026-03-10 09:35:00,71.2,72.27,71.15,71.995,12027.0
2026-03-10 09:40:00,72.1,72.14,71.5052,71.77,21587.0
2026-03-10 09:45:00,72.0,72.0399,71.45,71.48,1101.0
2026-03-10 09:50:00,71.31,71.31,70.8,70.8,3453.0
2026-03-10 09:55:00,71.13,71.63,70.96,71.54,3436.0
2026-03-10 10:00:00,71.5,72.3592,71.4314,71.51,2815.0
2026-03-10 10:05:00,71.6117,72.8699,71.6117,72.72,7455.0
2026-03-10 10:10:00,72.67,73.0199,72.56,72.74,6030.0
2026-03-10 10:15:00,72.99,73.2,72.52,72.74,9209.0
2026-03-10 10:20:00,72.6454,72.73,72.2,72.2,2615.0
2026-03-10 10:25:00,72.33,72.33,71.99,71.99,906.0
2026-03-10 10:30:00,71.75,72.1,71.53,71.56,3214.0
2026-03-10 10:35:00,71.69,71.8,71.32,71.32,1548.0
2026-03-10 10:40:00,70.95,70.98,70.5501,70.66,25447.0
2026-03-10 10:45:00,70.73,70.9,70.38,70.56,2854.0
2026-03-10 10:50:00,70.3448,70.3448,69.0,69.1707,11491.0
2026-03-10 10:55:00,69.22,69.22,68.21,68.54,9778.0
2026-03-10 11:00:00,68.48,68.5842,67.73,67.73,27698.0
2026-03-10 11:05:00,67.88,69.2,67.88,68.98,17590.0
2026-03-10 11:10:00,69.18,69.2589,68.74,68.985,5874.0
2026-03-10 11:15:00,69.06,69.63,68.99,69.045,5364.0
2026-03-10 11:20:00,68.83,68.97,68.6913,68.95,2231.0
2026-03-10 11:25:00,68.99,69.0684,68.88,68.92,764.0
2026-03-10 11:30:00,68.88,69.23,68.3,69.16,5694.0
2026-03-10 11:35:00,69.135,69.23,68.7401,69.03,2446.0
2026-03-10 11:40:00,69.31,69.31,68.845,68.875,3302.0
2026-03-10 11:45:00,68.8616,68.96,68.63,68.63,2011.0
2026-03-10 11:50:00,68.6,68.88,68.6,68.88,5740.0
2026-03-10 11:55:00,68.58,68.58,68.16,68.26,2115.0
2026-03-10 12:00:00,68.14,68.5388,68.1,68.409,6124.0
2026-03-10 12:05:00,68.845,69.01,68.7,68.7,2379.0
2026-03-10 12:10:00,68.7,68.84,68.56,68.84,1665.0
2026-03-10 12:15:00,68.74,68.74,68.15,68.15,2882.0
2026-03-10 12:20:00,68.11,68.16,67.4,68.05,7135.0
2026-03-10 12:25:00,67.7,68.22,67.67,68.16,1597.0
2026-03-10 12:30:00,68.25,68.27,68.21,68.27,650.0
2026-03-10 12:35:00,67.96,68.07,67.96,68.07,600.0
2026-03-10 12:40:00,68.1787,68.1787,67.72,67.72,1772.0
2026-03-10 12:45:00,68.09,68.145,68.09,68.13,1722.0
2026-03-10 12:50:00,68.15,68.15,67.74,67.74,525.0
2026-03-10 12:55:00,67.85,68.2299,67.85,68.2299,302.0
2026-03-10 13:00:00,68.13,68.13,68.11,68.11,200.0
2026-03-10 13:05:00,68.075,68.26,67.86,68.15,1500.0
2026-03-10 13:10:00,68.205,68.405,68.15,68.405,1065.0
2026-03-10 13:15:00,68.15,68.5,68.15,68.3,451.0
2026-03-10 13:20:00,68.43,68.43,68.12,68.24,1100.0
2026-03-10 13:25:00,68.35,68.75,68.35,68.6,413.0
2026-03-10 13:30:00,68.76,68.79,68.32,68.5,1635.0
2026-03-10 13:35:00,69.0,69.68,69.0,69.44,612.0
2026-03-10 13:40:00,69.45,69.6,69.0971,69.26,4533.0
2026-03-10 13:45:00,69.32,69.37,68.45,68.62,1810.0
2026-03-10 13:50:00,68.66,68.66,68.58,68.6,1800.0
2026-03-10 13:55:00,68.77,68.77,68.77,68.77,100.0
2026-03-10 14:00:00,68.75,68.75,68.72,68.72,844.0
2026-03-10 14:05:00,69.14,69.18,69.05,69.16,425.0
2026-03-10 14:10:00,69.43,70.09,69.2,70.09,4201.0
2026-03-10 14:15:00,70.48,71.03,70.0,70.94,10134.0
2026-03-10 14:20:00,70.88,71.03,70.3201,70.38,18084.0
2026-03-10 14:25:00,70.54,70.71,70.245,70.62,4602.0
2026-03-10 14:30:00,70.54,70.735,70.4,70.475,5677.0
2026-03-10 14:35:00,70.0,70.84,70.0,70.7,518.0
2026-03-10 14:40:00,70.81,71.01,70.81,70.9,3446.0
2026-03-10 14:45:00,70.875,70.94,70.56,70.64,1323.0
2026-03-10 14:50:00,70.6,71.12,70.58,71.12,914.0
2026-03-10 14:55:00,71.06,71.35,70.99,70.99,3063.0
2026-03-10 15:00:00,71.0801,71.34,70.94,71.02,3130.0
2026-03-10 15:05:00,71.3,71.3056,70.79,70.79,408.0
2026-03-10 15:10:00,71.19,71.5201,71.18,71.5201,920.0
2026-03-10 15:15:00,71.375,71.375,71.32,71.32,200.0
2026-03-10 15:20:00,71.07,71.37,71.06,71.37,500.0
2026-03-10 15:25:00,71.74,71.8,71.6,71.6,670.0
2026-03-10 15:30:00,71.5,71.88,71.5,71.87,650.0
2026-03-10 15:35:00,71.9332,72.0,71.54,71.54,1980.0
2026-03-10 15:40:00,71.52,71.52,71.06,71.105,1963.0
2026-03-10 15:45:00,71.26,71.4,71.26,71.4,461.0
2026-03-10 15:50:00,71.4894,71.52,71.3811,71.45,4484.0
2026-03-10 15:55:00,71.42,71.5,71.1327,71.1327,11141.0
2026-03-10 16:00:00,71.31,71.31,71.31,71.31,1477.0
2026-03-10 16:10:00,71.2481,71.2481,71.22,71.22,2252.0
2026-03-10 16:25:00,70.74,70.74,70.74,70.74,100.0
2026-03-10 16:30:00,70.58,70.58,70.56,70.56,286.0
2026-03-10 16:55:00,70.97,70.97,70.96,70.96,200.0
2026-03-10 17:05:00,70.89,70.89,70.89,70.89,150.0
2026-03-10 17:10:00,70.89,70.89,70.89,70.89,200.0
2026-03-10 17:20:00,71.0,71.0,71.0,71.0,558.0
2026-03-10 17:25:00,70.98,71.0,70.98,71.0,583.0
2026-03-10 17:35:00,71.0,71.01,70.99,71.01,5442.0
2026-03-10 17:45:00,71.76,72.0,71.6954,71.6954,3349.0
2026-03-10 17:50:00,71.66,71.66,71.66,71.66,500.0
2026-03-10 17:55:00,71.68,71.7199,71.68,71.7199,350.0
2026-03-10 18:05:00,72.02,72.16,72.02,72.16,999.0
2026-03-10 18:10:00,72.18,72.28,72.09,72.09,590.0
2026-03-10 18:15:00,72.08,72.32,72.08,72.32,1468.0
2026-03-10 18:25:00,71.68,71.95,71.68,71.9,314.0
2026-03-10 18:35:00,72.18,72.21,72.07,72.07,480.0
2026-03-10 18:40:00,71.81,71.81,71.81,71.81,300.0
2026-03-10 18:45:00,71.97,71.97,71.97,71.97,500.0
2026-03-10 19:05:00,71.69,71.69,71.69,71.69,100.0
2026-03-10 19:10:00,71.47,71.47,71.47,71.47,136.0
2026-03-10 19:15:00,71.4115,71.4115,71.4115,71.4115,198.0
2026-03-10 19:20:00,71.8405,71.8405,71.71,71.71,803.0
2026-03-10 19:30:00,71.6,71.6,71.6,71.6,300.0
2026-03-10 19:50:00,71.3,71.3,71.25,71.25,1660.0
2026-03-11 04:00:00,72.9,72.9,72.89,72.89,200.0
2026-03-11 04:10:00,73.03,73.05,73.03,73.05,661.0
2026-03-11 04:25:00,73.15,73.15,73.15,73.15,100.0
2026-03-11 04:30:00,73.0,73.0,72.46,72.46,494.0
2026-03-11 04:35:00,72.7,72.7,72.25,72.59,500.0
2026-03-11 04:40:00,72.43,72.43,72.2,72.2,200.0
2026-03-11 04:45:00,72.4,72.4,72.4,72.4,150.0
2026-03-11 04:55:00,72.3,72.3,72.3,72.3,159.0
2026-03-11 05:20:00,72.34,72.34,72.34,72.34,113.0
2026-03-11 05:45:00,72.35,72.35,72.07,72.07,360.0
2026-03-11 06:20:00,72.45,72.45,72.45,72.45,533.0
2026-03-11 06:40:00,72.0,72.0,72.0,72.0,160.0
2026-03-11 06:45:00,71.79,71.79,71.79,71.79,260.0
2026-03-11 06:55:00,72.0,72.0,72.0,72.0,518.0
2026-03-11 07:00:00,71.77,72.0,71.77,72.0,616.0
2026-03-11 07:05:00,71.66,71.66,71.66,71.66,100.0
2026-03-11 07:20:00,71.84,71.84,71.84,71.84,159.0
2026-03-11 07:30:00,72.08,72.08,72.07,72.07,200.0
2026-03-11 07:35:00,72.22,72.27,72.22,72.27,207.0
2026-03-11 07:40:00,72.49,72.49,72.49,72.49,100.0
2026-03-11 07:50:00,72.65,72.65,72.65,72.65,159.0
2026-03-11 07:55:00,72.72,72.72,72.68,72.68,319.0
2026-03-11 08:00:00,72.0,73.5,71.4,72.94,7881.0
2026-03-11 08:10:00,72.61,72.61,72.61,72.61,220.0
2026-03-11 08:20:00,72.19,72.19,72.19,72.19,130.0
2026-03-11 08:30:00,72.13,72.58,72.13,72.58,413.0
2026-03-11 08:35:00,72.36,72.36,72.2722,72.2927,2691.0
2026-03-11 08:40:00,72.09,72.51,72.09,72.36,2341.0
2026-03-11 08:45:00,72.39,72.39,72.39,72.39,100.0
2026-03-11 08:50:00,72.4,72.4,72.4,72.4,100.0
2026-03-11 08:55:00,72.3,72.3,72.3,72.3,100.0
2026-03-11 09:00:00,72.28,72.28,72.28,72.28,175.0
2026-03-11 09:05:00,72.18,72.18,72.18,72.18,225.0
2026-03-11 09:10:00,72.1597,72.1597,71.1285,71.5,3600.0
2026-03-11 09:15:00,71.33,71.33,71.33,71.33,150.0
2026-03-11 09:20:00,71.04,71.04,70.58,70.66,1271.0
2026-03-11 09:25:00,70.8,70.8,70.8,70.8,500.0
2026-03-11 09:30:00,70.53,70.53,69.21,69.21,10707.0
2026-03-11 09:35:00,69.315,69.47,68.08,68.2816,26430.0
2026-03-11 09:40:00,68.16,69.37,68.1,69.37,44170.0
2026-03-11 09:45:00,69.46,70.12,69.19,69.94,20435.0
2026-03-11 09:50:00,69.94,70.81,69.94,70.8,22114.0
2026-03-11 09:55:00,70.702,71.16,70.25,70.25,15292.0
2026-03-11 10:00:00,70.26,70.26,69.31,69.8138,3086.0
2026-03-11 10:05:00,69.77,70.4099,69.67,70.2,2406.0
2026-03-11 10:10:00,70.34,70.72,70.2,70.3302,3791.0
2026-03-11 10:15:00,70.32,70.5099,70.0,70.0,1266.0
2026-03-11 10:20:00,69.71,69.91,69.67,69.67,1388.0
2026-03-11 10:25:00,70.19,70.2,69.5,69.5,3284.0
2026-03-11 10:30:00,69.45,69.86,69.3,69.8,9409.0
2026-03-11 10:35:00,69.6,69.6,68.66,69.0482,5390.0
2026-03-11 10:40:00,68.95,69.0,68.6,68.76,4149.0
2026-03-11 10:45:00,68.7,69.09,68.43,69.09,617.0
2026-03-11 10:50:00,69.01,69.01,69.0,69.0,200.0
2026-03-11 10:55:00,69.16,69.55,69.16,69.55,10219.0
2026-03-11 11:00:00,69.39,70.08,69.39,70.0,9663.0
2026-03-11 11:05:00,69.94,70.35,69.85,70.35,10114.0
2026-03-11 11:10:00,70.1206,70.71,70.11,70.5,3906.0
2026-03-11 11:15:00,70.64,70.74,70.2682,70.2682,2517.0
2026-03-11 11:20:00,70.28,70.3398,69.87,69.87,2745.0
2026-03-11 11:25:00,69.75,70.4185,69.68,70.4185,9276.0
2026-03-11 11:30:00,70.66,71.69,70.66,70.82,9568.0
2026-03-11 11:35:00,71.05,71.12,70.9,70.9,462.0
2026-03-11 11:40:00,70.8,70.8,70.71,70.71,740.0
2026-03-11 11:45:00,71.13,71.25,71.0404,71.0404,1218.0
2026-03-11 11:50:00,70.38,70.38,70.38,70.38,212.0
2026-03-11 11:55:00,70.52,70.53,70.1703,70.245,1661.0
2026-03-11 12:00:00,70.23,70.23,70.01,70.08,1726.0
2026-03-11 12:05:00,70.07,70.15,70.07,70.1,2022.0
2026-03-11 12:10:00,70.21,70.21,70.03,70.03,218.0
2026-03-11 12:15:00,70.11,70.11,69.99,70.04,24094.0
2026-03-11 12:20:00,70.25,70.28,69.5,69.91,6333.0
2026-03-11 12:25:00,69.84,69.95,69.84,69.95,720.0
2026-03-11 12:30:00,69.68,69.68,69.6,69.6,439.0
2026-03-11 12:35:00,69.3,69.5,69.3,69.37,1297.0
2026-03-11 12:40:00,69.36,69.48,69.07,69.07,875.0
2026-03-11 12:45:00,68.94,69.04,68.6923,69.04,740.0
2026-03-11 12:50:00,69.16,69.16,68.89,69.0985,2160.0
2026-03-11 12:55:00,69.23,69.24,69.2,69.2,634.0
2026-03-11 13:00:00,68.95,68.95,68.5,68.51,5797.0
2026-03-11 13:05:00,68.56,68.56,68.51,68.51,500.0
2026-03-11 13:10:00,68.589,68.589,68.589,68.589,249.0
2026-03-11 13:15:00,68.82,68.82,68.8,68.8,248.0
2026-03-11 13:20:00,68.51,68.57,68.25,68.25,3081.0
2026-03-11 13:25:00,68.02,68.12,67.86,68.0,8139.0
2026-03-11 13:30:00,68.0,68.63,67.9,68.63,926.0
2026-03-11 13:35:00,68.5,69.62,68.5,69.6,2298.0
2026-03-11 13:40:00,69.12,69.16,68.865,68.865,1891.0
2026-03-11 13:45:00,69.1,69.21,69.1,69.21,300.0
2026-03-11 13:50:00,69.065,69.1098,69.065,69.1098,760.0
2026-03-11 13:55:00,69.23,69.24,69.08,69.08,484.0
2026-03-11 14:00:00,68.88,69.07,68.88,68.9,1200.0
2026-03-11 14:10:00,69.165,69.2786,69.165,69.1779,1420.0
2026-03-11 14:15:00,69.16,69.21,69.16,69.21,200.0
2026-03-11 14:20:00,68.7,68.79,68.7,68.79,1404.0
2026-03-11 14:25:00,68.78,68.78,68.69,68.69,1528.0
2026-03-11 14:30:00,68.69,68.7,68.69,68.7,1421.0
2026-03-11 14:35:00,68.6999,69.04,68.545,69.04,2320.0
2026-03-11 14:40:00,69.03,69.18,69.03,69.18,200.0
2026-03-11 14:45:00,68.86,68.92,68.86,68.89,920.0
2026-03-11 14:50:00,68.515,68.515,68.2,68.415,649.0
2026-03-11 14:55:00,68.5,68.5,68.5,68.5,620.0
2026-03-11 15:00:00,68.42,68.67,68.42,68.67,855.0
2026-03-11 15:05:00,68.65,68.7,68.65,68.7,1000.0
2026-03-11 15:10:00,68.795,68.795,68.68,68.68,945.0
2026-03-11 15:15:00,68.765,68.765,68.765,68.765,101.0
2026-03-11 15:20:00,68.82,68.83,68.69,68.73,2152.0
2026-03-11 15:25:00,68.6222,68.64,68.6222,68.64,276.0
2026-03-11 15:30:00,68.82,68.82,68.66,68.66,225.0
2026-03-11 15:35:00,68.5,68.58,68.47,68.58,1343.0
2026-03-11 15:40:00,68.7,68.89,68.63,68.63,44469.0
2026-03-11 15:45:00,68.68,68.69,68.555,68.59,762.0
2026-03-11 15:50:00,68.68,68.7,68.44,68.44,13009.0
2026-03-11 15:55:00,68.46,68.74,68.44,68.62,30057.0
2026-03-11 16:00:00,68.51,68.51,68.51,68.51,662.0
2026-03-11 16:20:00,69.1536,69.1536,69.1536,69.1536,140.0
2026-03-11 16:25:00,69.05,69.05,69.05,69.05,150.0
2026-03-11 16:50:00,69.1,69.1,69.1,69.1,600.0
2026-03-11 16:55:00,68.81,68.81,68.81,68.81,620.0
2026-03-11 17:05:00,69.07,69.07,69.07,69.07,169.0
2026-03-11 18:00:00,69.26,69.26,69.1,69.1,261.0
2026-03-11 18:05:00,69.06,69.06,69.06,69.06,206.0
2026-03-11 18:10:00,68.75,68.75,68.62,68.62,600.0
2026-03-11 18:15:00,68.38,68.38,68.38,68.38,100.0
2026-03-11 18:25:00,68.84,69.09,68.84,69.09,545.0
2026-03-11 18:35:00,69.23,69.33,69.23,69.33,315.0
2026-03-11 18:45:00,69.25,69.25,69.25,69.25,351.0
2026-03-11 18:55:00,69.6706,69.77,69.6706,69.72,466.0
2026-03-11 19:10:00,69.5,69.5,69.5,69.5,131.0
2026-03-11 19:15:00,69.68,69.68,69.68,69.68,300.0
2026-03-11 19:25:00,69.83,69.83,69.83,69.83,1000.0
2026-03-11 19:35:00,69.9,69.9,69.8,69.8,208.0
2026-03-11 19:40:00,69.98,69.99,69.98,69.99,703.0
2026-03-11 19:45:00,69.9696,70.26,69.9696,70.26,2462.0
2026-03-11 19:50:00,70.1446,70.22,70.1446,70.22,826.0
2026-03-11 19:55:00,70.22,70.31,70.22,70.2995,1259.0
2026-03-12 04:00:00,70.77,70.77,70.58,70.58,810.0
2026-03-12 04:05:00,70.8,70.8,70.8,70.8,162.0
2026-03-12 04:10:00,71.1,71.1,70.95,70.95,362.0
2026-03-12 04:15:00,70.53,70.54,70.53,70.54,496.0
2026-03-12 04:20:00,70.36,70.36,70.36,70.36,100.0
2026-03-12 04:25:00,70.39,70.46,70.39,70.46,316.0
2026-03-12 04:30:00,70.45,70.5,70.43,70.44,3284.0
2026-03-12 04:35:00,70.45,70.45,70.45,70.45,410.0
2026-03-12 04:40:00,70.45,70.45,70.45,70.45,1226.0
2026-03-12 05:15:00,70.91,70.91,70.9,70.9,8757.0
2026-03-12 05:20:00,70.89,70.89,70.89,70.89,172.0
2026-03-12 05:30:00,70.79,70.82,70.79,70.82,2706.0
2026-03-12 05:40:00,70.7,70.7,70.5,70.5,990.0
2026-03-12 05:45:00,69.4,69.57,69.29,69.57,1070.0
2026-03-12 06:15:00,69.84,69.84,69.84,69.84,100.0
2026-03-12 06:20:00,69.5,69.5,69.5,69.5,360.0
2026-03-12 06:30:00,69.42,69.42,69.2,69.2,782.0
2026-03-12 06:35:00,69.25,69.25,68.9,68.9,4133.0
2026-03-12 06:40:00,68.9,68.9,68.9,68.9,252.0
2026-03-12 06:45:00,68.72,68.9,68.72,68.9,4353.0
2026-03-12 06:55:00,68.9,68.9,68.9,68.9,1777.0
2026-03-12 07:00:00,69.0,69.08,69.0,69.0,1900.0
2026-03-12 07:05:00,69.03,69.03,68.98,68.98,2200.0
2026-03-12 07:10:00,68.87,69.0,68.87,69.0,12614.0
2026-03-12 07:20:00,68.8,68.8,68.8,68.8,997.0
2026-03-12 07:25:00,68.81,69.05,68.81,69.05,1738.0
2026-03-12 07:30:00,68.87,68.87,68.87,68.87,162.0
2026-03-12 07:35:00,68.65,68.65,68.65,68.65,904.0
2026-03-12 07:45:00,68.5,68.5,68.5,68.5,100.0
2026-03-12 07:50:00,68.86,69.44,68.86,69.44,3236.0
2026-03-12 07:55:00,69.44,69.44,69.44,69.44,2851.0
2026-03-12 08:00:00,69.0002,71.1,68.59,70.48,28846.0
2026-03-12 08:25:00,69.24,69.24,69.24,69.24,200.0
2026-03-12 08:35:00,69.4114,69.4114,69.4114,69.4114,101.0
2026-03-12 08:40:00,69.38,69.38,69.07,69.07,518.0
2026-03-12 09:10:00,69.2,69.34,69.2,69.34,324.0
2026-03-12 09:15:00,69.32,69.64,69.32,69.64,322.0
2026-03-12 09:20:00,69.5159,70.05,69.5159,70.05,747.0
2026-03-12 09:25:00,69.65,69.65,69.65,69.65,100.0
2026-03-12 09:30:00,69.79,70.15,69.0799,69.0799,5854.0
2026-03-12 09:35:00,68.89,69.14,68.31,68.72,13726.0
2026-03-12 09:40:00,68.74,69.119,68.57,69.119,12758.0
2026-03-12 09:45:00,69.04,69.8999,69.04,69.1001,13607.0
2026-03-12 09:50:00,68.91,69.3,68.825,69.3,2398.0
2026-03-12 09:55:00,69.5012,69.7,69.5012,69.57,1622.0
2026-03-12 10:00:00,69.1,69.1,68.02,68.3216,22998.0
2026-03-12 10:05:00,68.2339,68.565,68.2339,68.45,18294.0
2026-03-12 10:10:00,68.4,68.4,68.1037,68.23,5319.0
2026-03-12 10:15:00,68.14,68.57,67.21,68.5494,12575.0
2026-03-12 10:20:00,68.59,69.1178,68.59,68.9199,9598.0
2026-03-12 10:25:00,68.675,69.75,68.675,69.75,3596.0
2026-03-12 10:30:00,69.745,70.36,69.615,70.3499,7848.0
2026-03-12 10:35:00,70.19,70.7815,70.0406,70.54,11050.0
2026-03-12 10:40:00,70.7499,71.2,70.5301,70.6184,19808.0
2026-03-12 10:45:00,70.71,71.07,70.1214,70.84,9683.0
2026-03-12 10:50:00,70.7,71.08,70.69,71.0,5128.0
2026-03-12 10:55:00,70.805,70.97,70.6701,70.71,6970.0
2026-03-12 11:00:00,70.63,70.74,70.17,70.17,7470.0
2026-03-12 11:05:00,70.26,70.7,70.2101,70.66,22442.0
2026-03-12 11:10:00,70.82,70.91,70.2503,70.2503,27329.0
2026-03-12 11:15:00,70.31,70.39,70.28,70.28,675.0
2026-03-12 11:20:00,70.25,70.31,69.875,69.875,1900.0
2026-03-12 11:25:00,69.8,69.8,68.84,69.02,13206.0
2026-03-12 11:30:00,69.02,69.2363,68.9,69.08,6701.0
2026-03-12 11:35:00,68.925,69.13,68.2,68.22,2603.0
2026-03-12 11:40:00,68.09,68.86,68.08,68.39,4867.0
2026-03-12 11:45:00,68.6228,68.79,68.36,68.71,4631.0
2026-03-12 11:50:00,68.74,68.98,68.74,68.77,602.0
2026-03-12 11:55:00,68.82,68.9,68.69,68.88,966.0
2026-03-12 12:00:00,68.85,68.85,68.5701,68.6,1141.0
2026-03-12 12:05:00,68.6599,69.8,68.41,69.725,9541.0
2026-03-12 12:10:00,69.8,69.8,69.39,69.39,2238.0
2026-03-12 12:15:00,69.28,69.28,68.82,68.97,558.0
2026-03-12 12:20:00,68.98,68.98,68.48,68.8355,2657.0
2026-03-12 12:25:00,69.135,69.39,69.135,69.27,4296.0
2026-03-12 12:30:00,69.37,69.385,68.77,68.99,2400.0
2026-03-12 12:35:00,68.81,68.85,68.6244,68.64,1536.0
2026-03-12 12:40:00,68.7399,68.8,68.665,68.75,1582.0
2026-03-12 12:45:00,68.81,69.19,68.66,68.84,1678.0
2026-03-12 12:50:00,68.8,68.91,68.8,68.91,800.0
2026-03-12 12:55:00,68.86,69.02,68.86,68.925,1100.0
2026-03-12 13:00:00,68.87,68.98,68.81,68.86,1384.0
2026-03-12 13:05:00,68.75,68.89,68.68,68.89,1927.0
2026-03-12 13:10:00,68.9,68.9,68.72,68.72,918.0
2026-03-12 13:15:00,69.12,69.54,69.12,69.54,979.0
2026-03-12 13:20:00,69.6,69.6,68.9301,69.13,1532.0
2026-03-12 13:25:00,69.08,69.45,69.02,69.45,1972.0
2026-03-12 13:30:00,69.46,69.46,69.39,69.39,600.0
2026-03-12 13:35:00,69.39,69.48,69.18,69.2,803.0
2026-03-12 13:40:00,69.09,69.3,69.031,69.24,6768.0
2026-03-12 13:45:00,69.55,69.55,69.44,69.46,584.0
2026-03-12 13:50:00,69.35,69.35,69.17,69.24,876.0
2026-03-12 13:55:00,69.46,69.9,69.46,69.69,1822.0
2026-03-12 14:00:00,69.7,69.785,69.6,69.71,3132.0
2026-03-12 14:05:00,69.97,70.025,69.7,69.71,1900.0
2026-03-12 14:10:00,69.7,69.85,69.65,69.77,2723.0
2026-03-12 14:15:00,69.66,69.92,69.66,69.92,300.0
2026-03-12 14:20:00,70.31,70.49,70.18,70.2011,3474.0
2026-03-12 14:25:00,70.18,70.2,70.0316,70.2,879.0
2026-03-12 14:30:00,70.1,70.11,69.86,70.11,1061.0
2026-03-12 14:35:00,70.06,70.07,69.71,69.83,3001.0
2026-03-12 14:40:00,69.94,70.18,69.94,70.05,620.0
2026-03-12 14:45:00,70.14,70.25,70.04,70.24,3899.0
2026-03-12 14:50:00,70.38,70.38,70.17,70.22,1720.0
2026-03-12 14:55:00,70.28,70.49,70.28,70.49,2056.0
2026-03-12 15:00:00,70.43,70.44,70.3,70.31,1000.0
2026-03-12 15:05:00,70.39,70.57,70.26,70.26,3962.0
2026-03-12 15:10:00,70.2557,70.56,70.2557,70.3601,3708.0
2026-03-12 15:15:00,70.21,70.26,69.92,69.92,657.0
2026-03-12 15:20:00,70.04,70.09,69.79,69.85,2998.0
2026-03-12 15:25:00,69.87,69.87,69.6,69.6,1643.0
2026-03-12 15:30:00,69.45,69.45,69.1,69.215,4773.0
2026-03-12 15:35:00,69.3692,69.3692,69.17,69.17,2890.0
2026-03-12 15:40:00,69.18,69.38,69.17,69.25,3357.0
2026-03-12 15:45:00,69.17,69.17,68.85,68.85,1513.0
2026-03-12 15:50:00,68.84,69.07,68.84,69.07,1423.0
2026-03-12 15:55:00,68.99,69.04,68.75,68.87,23000.0
2026-03-12 16:00:00,68.84,69.3109,68.84,69.3109,1376.0
2026-03-12 16:05:00,68.89,68.89,68.89,68.89,800.0
2026-03-12 16:15:00,69.19,69.29,69.19,69.29,300.0
2026-03-12 16:20:00,69.2123,69.2123,69.2123,69.2123,180.0
2026-03-12 16:25:00,69.05,69.12,69.05,69.12,600.0
2026-03-12 16:45:00,69.52,69.52,69.52,69.52,470.0
2026-03-12 18:10:00,69.3,69.3,69.3,69.3,100.0
2026-03-12 18:15:00,69.46,69.46,69.46,69.46,320.0
2026-03-12 19:00:00,69.15,69.15,68.2,68.2,1138.0
2026-03-12 19:05:00,68.27,68.31,68.06,68.06,341.0
2026-03-12 19:10:00,68.36,68.36,68.36,68.36,400.0
2026-03-12 19:15:00,68.06,68.06,67.7437,67.7437,500.0
2026-03-12 19:20:00,67.62,67.62,67.62,67.62,2886.0
2026-03-12 19:25:00,68.33,68.33,68.17,68.17,758.0
2026-03-12 19:30:00,68.3,68.3,68.3,68.3,1518.0
2026-03-12 19:35:00,68.4,68.4,68.4,68.4,150.0
2026-03-12 19:40:00,68.32,68.32,68.29,68.29,436.0
2026-03-12 19:50:00,68.5,68.5,68.5,68.5,1796.0
2026-03-13 04:00:00,66.8,67.18,66.8,67.18,462.0
2026-03-13 04:05:00,67.18,67.18,67.12,67.12,258.0
2026-03-13 04:15:00,67.37,67.37,67.06,67.06,397.0
2026-03-13 04:30:00,67.07,67.07,66.9,66.9,492.0
2026-03-13 04:35:00,66.96,66.96,66.96,66.96,120.0
2026-03-13 04:40:00,66.38,66.38,66.38,66.38,200.0
2026-03-13 04:45:00,66.93,66.93,66.79,66.79,253.0
2026-03-13 04:50:00,66.83,66.83,66.83,66.83,293.0
2026-03-13 05:10:00,66.83,66.83,66.83,66.83,240.0
2026-03-13 05:40:00,66.56,66.56,66.39,66.39,351.0
2026-03-13 05:50:00,66.11,66.11,65.89,65.91,766.0
2026-03-13 06:00:00,65.87,65.87,65.87,65.87,109.0
2026-03-13 06:05:00,65.52,65.52,65.52,65.52,100.0
2026-03-13 06:10:00,65.43,65.43,65.37,65.37,572.0
2026-03-13 06:15:00,65.28,65.28,65.0,65.0,716.0
2026-03-13 06:20:00,64.9,64.9,64.8,64.8,200.0
2026-03-13 06:25:00,65.32,65.32,65.25,65.25,691.0
2026-03-13 06:35:00,64.96,64.96,64.96,64.96,250.0
2026-03-13 06:45:00,64.77,64.77,64.77,64.77,185.0
2026-03-13 07:00:00,65.0,65.2,65.0,65.2,419.0
2026-03-13 07:05:00,65.11,65.11,65.0,65.0,443.0
2026-03-13 07:10:00,65.15,65.15,65.15,65.15,159.0
2026-03-13 07:15:00,65.3,65.3,65.3,65.3,259.0
2026-03-13 07:20:00,65.16,65.16,65.16,65.16,101.0
2026-03-13 07:25:00,65.03,65.03,65.03,65.03,159.0
2026-03-13 07:35:00,65.4,65.4,65.4,65.4,100.0
2026-03-13 07:40:00,65.41,65.41,65.38,65.38,635.0
2026-03-13 07:50:00,65.62,65.62,65.51,65.51,419.0
2026-03-13 07:55:00,65.43,65.43,65.43,65.43,100.0
2026-03-13 08:00:00,66.64,68.09,65.0273,65.11,11369.0
2026-03-13 08:05:00,65.14,65.14,64.81,64.82,1819.0
2026-03-13 08:10:00,64.83,64.9,64.8,64.8,5983.0
2026-03-13 08:20:00,64.88,64.88,64.46,64.46,4986.0
2026-03-13 08:25:00,65.0,65.0,65.0,65.0,920.0
2026-03-13 08:30:00,64.83,64.83,64.68,64.77,4746.0
2026-03-13 08:35:00,65.0,65.02,64.8,64.92,8045.0
2026-03-13 08:45:00,64.8,64.8,63.5,63.9,4719.0
2026-03-13 08:50:00,63.9,64.1,63.82,64.1,9616.0
2026-03-13 08:55:00,64.1,64.1,63.71,63.87,4715.0
2026-03-13 09:00:00,64.03,64.03,63.95,63.95,3319.0
2026-03-13 09:05:00,63.67,63.95,63.57,63.95,1941.0
2026-03-13 09:10:00,63.29,63.29,63.2,63.2,1984.0
2026-03-13 09:15:00,63.41,63.58,60.5,60.62,37473.0
2026-03-13 09:20:00,60.99,61.3,60.82,60.82,11631.0
2026-03-13 09:25:00,61.03,61.4158,61.03,61.33,3321.0
2026-03-13 09:30:00,61.27,61.6999,60.7401,61.555,22987.0
2026-03-13 09:35:00,61.55,62.0583,61.2803,61.4351,12119.0
2026-03-13 09:40:00,61.48,61.54,60.88,60.9,7483.0
2026-03-13 09:45:00,60.93,61.1,60.7,60.9203,7955.0
2026-03-13 09:50:00,61.025,61.24,60.7422,60.945,22827.0
2026-03-13 09:55:00,60.96,61.145,60.64,61.095,8289.0
2026-03-13 10:00:00,61.145,61.28,60.86,61.08,6051.0
2026-03-13 10:05:00,61.06,61.25,60.79,61.25,5913.0
2026-03-13 10:10:00,61.02,61.11,60.33,60.5327,21707.0
2026-03-13 10:15:00,60.77,61.05,60.65,60.71,4844.0
2026-03-13 10:20:00,60.52,60.61,59.9,60.12,25712.0
2026-03-13 10:25:00,60.15,60.48,59.69,60.3,12659.0
2026-03-13 10:30:00,60.38,60.44,60.06,60.315,2930.0
2026-03-13 10:35:00,60.51,61.2,60.51,60.795,8781.0
2026-03-13 10:40:00,60.93,62.2267,60.93,62.155,9746.0
2026-03-13 10:45:00,62.18,62.6,62.0401,62.48,27105.0
2026-03-13 10:50:00,62.57,63.55,62.57,63.51,19902.0
2026-03-13 10:55:00,63.12,63.97,63.11,63.66,19236.0
2026-03-13 11:00:00,63.6399,64.11,63.231,63.6,29355.0
2026-03-13 11:05:00,63.5,63.9591,63.1,63.1232,39015.0
2026-03-13 11:10:00,63.125,63.26,62.9143,62.97,5780.0
2026-03-13 11:15:00,62.97,63.02,62.68,62.8725,4826.0
2026-03-13 11:20:00,63.0,63.27,62.7,63.15,3489.0
2026-03-13 11:25:00,63.34,63.54,63.318,63.5,12033.0
2026-03-13 11:30:00,63.47,63.88,63.13,63.13,11724.0
2026-03-13 11:35:00,63.3946,63.925,63.2901,63.68,12332.0
2026-03-13 11:40:00,63.93,64.839,63.93,64.43,19179.0
2026-03-13 11:45:00,64.3997,64.62,64.01,64.3691,13574.0
2026-03-13 11:50:00,64.285,65.01,64.28,64.855,6432.0
2026-03-13 11:55:00,65.2158,65.4372,65.07,65.094,10285.0
2026-03-13 12:00:00,65.1,65.45,65.0,65.384,10475.0
2026-03-13 12:05:00,65.45,65.6,64.99,65.11,9993.0
2026-03-13 12:10:00,65.13,65.28,64.79,65.22,4727.0
2026-03-13 12:15:00,65.1,66.02,65.1,65.99,5368.0
2026-03-13 12:20:00,65.99,65.99,65.53,65.89,12155.0
2026-03-13 12:25:00,65.78,66.3,65.7,65.75,3384.0
2026-03-13 12:30:00,65.7,65.7,65.35,65.385,4104.0
2026-03-13 12:35:00,65.355,65.42,64.9993,65.045,6448.0
2026-03-13 12:40:00,65.15,65.18,64.8734,64.985,10652.0
2026-03-13 12:45:00,64.81,64.9,64.55,64.55,4237.0
2026-03-13 12:50:00,64.51,64.55,64.1,64.215,20723.0
2026-03-13 12:55:00,64.3049,64.8207,64.3049,64.77,3421.0
2026-03-13 13:00:00,64.7459,64.77,64.5601,64.72,1750.0
2026-03-13 13:05:00,64.705,64.71,64.43,64.43,1203.0
2026-03-13 13:10:00,64.57,64.7616,64.46,64.46,3134.0
2026-03-13 13:15:00,64.44,64.63,64.29,64.35,3020.0
2026-03-13 13:20:00,64.4,64.66,64.3,64.55,2528.0
2026-03-13 13:25:00,64.8,65.69,64.8,65.59,4259.0
2026-03-13 13:30:00,65.6104,65.7,65.53,65.53,3186.0
2026-03-13 13:35:00,65.63,66.17,65.63,66.0703,11420.0
2026-03-13 13:40:00,66.195,66.74,66.15,66.5,3700.0
2026-03-13 13:45:00,66.5,67.3,66.48,67.3,12553.0
2026-03-13 13:50:00,67.23,67.575,67.18,67.25,17731.0
2026-03-13 13:55:00,67.25,67.5,66.84,66.85,8182.0
2026-03-13 14:00:00,66.85,66.85,66.55,66.61,3907.0
2026-03-13 14:05:00,66.55,66.95,66.5,66.95,15225.0
2026-03-13 14:10:00,66.84,67.02,66.715,66.715,1210.0
2026-03-13 14:15:00,66.74,67.5,66.56,67.2924,12263.0
2026-03-13 14:20:00,67.26,67.4,67.26,67.3645,1874.0
2026-03-13 14:25:00,67.12,67.15,66.73,66.73,5123.0
2026-03-13 14:30:00,66.73,66.73,66.4601,66.6,1452.0
2026-03-13 14:35:00,66.65,66.715,66.65,66.71,832.0
2026-03-13 14:40:00,66.66,66.7474,66.46,66.54,2092.0
2026-03-13 14:45:00,66.79,66.95,66.79,66.95,1886.0
2026-03-13 14:50:00,66.835,67.0,66.83,66.83,882.0
2026-03-13 14:55:00,66.92,66.92,66.91,66.91,800.0
2026-03-13 15:00:00,67.005,67.1,66.915,67.1,1977.0
2026-03-13 15:05:00,67.1,67.25,66.62,66.62,800.0
2026-03-13 15:10:00,66.68,66.68,66.6075,66.6075,500.0
2026-03-13 15:15:00,66.6,66.74,66.6,66.735,1448.0
2026-03-13 15:20:00,66.8,67.0,66.8,66.825,3024.0
2026-03-13 15:25:00,66.96,67.065,66.96,67.0,400.0
2026-03-13 15:30:00,67.06,67.06,66.82,66.94,895.0
2026-03-13 15:35:00,66.863,66.99,66.863,66.99,580.0
2026-03-13 15:40:00,66.895,67.0,66.82,66.82,963.0
2026-03-13 15:45:00,66.7,66.82,66.56,66.6214,3544.0
2026-03-13 15:50:00,66.64,66.95,66.6,66.7401,8881.0
2026-03-13 15:55:00,66.815,66.98,66.7,66.93,38247.0
2026-03-13 16:00:00,66.86,66.95,66.86,66.95,1214.0
2026-03-13 16:10:00,66.775,66.775,66.775,66.775,100.0
2026-03-13 16:15:00,66.35,66.4,66.29,66.4,2964.0
2026-03-13 16:20:00,66.13,66.28,66.121,66.28,12082.0
2026-03-13 16:25:00,66.3,66.48,66.3,66.31,9200.0
2026-03-13 16:30:00,66.4,66.42,66.31,66.34,2340.0
2026-03-13 16:35:00,66.3715,66.49,66.3715,66.47,13178.0
2026-03-13 16:40:00,66.5,66.5,66.45,66.45,5010.0
2026-03-13 16:50:00,66.45,66.49,66.45,66.49,393.0
2026-03-13 16:55:00,66.47,66.47,66.45,66.45,1008.0
2026-03-13 17:00:00,66.45,66.45,66.45,66.45,125.0
2026-03-13 17:05:00,66.4501,66.4501,66.45,66.45,1437.0
2026-03-13 17:10:00,66.45,66.4501,66.45,66.4501,827.0
2026-03-13 17:15:00,66.46,66.46,66.46,66.46,6000.0
2026-03-13 17:20:00,66.49,66.49,66.46,66.46,965.0
2026-03-13 17:25:00,66.49,66.49,66.49,66.49,3700.0
2026-03-13 17:30:00,66.8641,66.8641,66.8641,66.8641,747.0
2026-03-13 17:35:00,66.85,66.85,66.85,66.85,387.0
2026-03-13 17:45:00,66.86,66.86,66.86,66.86,100.0
2026-03-13 17:55:00,66.7305,66.9,66.7305,66.9,3951.0
2026-03-13 18:00:00,66.92,67.55,66.92,67.55,875.0
2026-03-13 18:05:00,67.02,67.02,67.02,67.02,140.0
2026-03-13 18:10:00,67.99,67.99,67.98,67.98,9541.0
2026-03-13 18:15:00,67.2,68.31,67.2,68.31,5403.0
2026-03-13 18:20:00,67.98,67.99,67.8,67.99,6496.0
2026-03-13 18:25:00,68.05,68.2118,67.99,67.99,603.0
2026-03-13 18:30:00,68.0,68.0,67.13,67.13,930.0
2026-03-13 18:35:00,67.72,67.72,67.72,67.72,131.0
2026-03-13 18:40:00,68.2499,68.2499,68.2499,68.2499,1000.0
2026-03-13 18:45:00,68.19,68.23,67.13,67.4,870.0
2026-03-13 18:55:00,67.9752,67.9752,67.9752,67.9752,100.0
2026-03-13 19:10:00,67.77,67.77,67.7188,67.7226,400.0
2026-03-13 19:15:00,67.38,67.38,67.38,67.38,100.0
2026-03-13 19:25:00,67.71,67.71,67.39,67.39,570.0
2026-03-13 19:30:00,67.4,67.4,67.4,67.4,1489.0
2026-03-13 19:35:00,67.41,67.41,67.41,67.41,250.0
2026-03-13 19:50:00,67.5,67.5,67.5,67.5,100.0
2026-03-13 19:55:00,67.51,67.51,67.4,67.4,400.0
2026-03-16 04:00:00,57.96,58.19,57.29,57.38,2091.0
2026-03-16 04:05:00,57.34,57.38,57.32,57.33,1701.0
2026-03-16 04:10:00,57.31,57.76,57.16,57.73,3231.0
2026-03-16 04:15:00,57.79,57.99,57.79,57.88,1434.0
2026-03-16 04:20:00,57.28,57.28,57.15,57.15,777.0
2026-03-16 04:25:00,57.36,57.6,57.33,57.6,1625.0
2026-03-16 04:30:00,57.82,57.89,57.81,57.89,1275.0
2026-03-16 04:35:00,57.89,57.89,57.65,57.73,1036.0
2026-03-16 04:40:00,58.06,58.41,58.06,58.26,5830.0
2026-03-16 04:45:00,58.27,58.34,58.21,58.21,395.0
2026-03-16 04:50:00,58.3,58.3,57.9,57.9,1698.0
2026-03-16 05:00:00,58.01,58.01,57.92,57.92,377.0
2026-03-16 05:05:00,58.08,58.22,58.08,58.22,564.0
2026-03-16 05:10:00,57.8,57.8,57.8,57.8,158.0
2026-03-16 05:15:00,57.7,57.7,57.64,57.64,450.0
2026-03-16 05:25:00,57.4,57.4,57.22,57.22,1386.0
2026-03-16 05:30:00,57.28,57.28,57.28,57.28,121.0
2026-03-16 05:35:00,57.38,57.38,57.2,57.2,644.0
2026-03-16 05:40:00,57.19,57.23,57.18,57.23,464.0
2026-03-16 05:45:00,57.05,57.05,56.68,56.68,2041.0
2026-03-16 05:50:00,56.7,56.85,56.7,56.85,6249.0
2026-03-16 05:55:00,56.87,56.87,56.87,56.87,100.0
2026-03-16 06:00:00,56.85,56.85,56.54,56.6,1487.0
2026-03-16 06:05:00,56.5,56.5,56.5,56.5,389.0
2026-03-16 06:10:00,56.51,56.51,56.46,56.46,927.0
2026-03-16 06:15:00,56.43,56.43,56.43,56.43,116.0
2026-03-16 06:20:00,56.43,56.43,56.39,56.39,1076.0
2026-03-16 06:25:00,56.4,56.4,56.4,56.4,880.0
2026-03-16 06:30:00,56.71,56.97,56.71,56.89,3603.0
2026-03-16 06:35:00,56.94,57.06,56.92,56.92,2557.0
2026-03-16 06:40:00,56.94,56.94,56.85,56.85,716.0
2026-03-16 06:45:00,56.64,56.64,56.5,56.5,735.0
2026-03-16 06:50:00,56.43,56.43,56.41,56.41,310.0
2026-03-16 06:55:00,56.13,56.13,55.73,55.73,2809.0
2026-03-16 07:00:00,55.72,55.91,55.72,55.91,4048.0
2026-03-16 07:05:00,55.85,56.0,55.85,56.0,2943.0
2026-03-16 07:10:00,55.91,55.92,55.84,55.85,1255.0
2026-03-16 07:15:00,55.95,55.95,55.85,55.86,2326.0
2026-03-16 07:20:00,55.94,55.94,55.94,55.94,206.0
2026-03-16 07:25:00,56.1,56.4,56.1,56.4,1545.0
2026-03-16 07:30:00,56.4,56.45,56.251,56.251,388.0
2026-03-16 07:35:00,56.25,56.4,56.22,56.35,6845.0
2026-03-16 07:40:00,56.39,56.4,56.3,56.3,3914.0
2026-03-16 07:45:00,56.1,56.1,56.09,56.09,1100.0
2026-03-16 08:00:00,57.47,58.65,55.0,56.09,48065.0
2026-03-16 08:05:00,56.04,56.0499,55.8079,55.8179,10926.0
2026-03-16 08:10:00,55.98,56.2,55.5,55.5,7766.0
2026-03-16 08:15:00,55.7,55.78,55.1388,55.22,6263.0
2026-03-16 08:20:00,55.05,55.29,54.62,55.14,6027.0
2026-03-16 08:25:00,55.11,55.11,54.4,54.4,4691.0
2026-03-16 08:30:00,54.4377,54.62,54.3,54.62,1826.0
2026-03-16 08:35:00,54.69,55.21,54.69,55.1,3075.0
2026-03-16 08:40:00,55.1,55.1,55.1,55.1,568.0
2026-03-16 08:45:00,55.34,55.72,55.34,55.6,2340.0
2026-03-16 08:50:00,55.59,55.7281,55.55,55.7281,3960.0
2026-03-16 08:55:00,55.7185,55.7185,55.59,55.65,2078.0
2026-03-16 09:00:00,55.55,55.55,55.46,55.46,1907.0
2026-03-16 09:05:00,55.59,55.9,55.5623,55.9,4641.0
2026-03-16 09:10:00,55.89,55.89,55.6,55.61,5659.0
2026-03-16 09:15:00,55.62,56.0,55.62,55.97,3900.0
2026-03-16 09:20:00,56.0032,56.0032,55.46,55.46,1558.0
2026-03-16 09:25:00,55.5004,55.57,55.45,55.45,5290.0
2026-03-16 09:30:00,55.67,55.72,54.41,54.4101,48998.0
2026-03-16 09:35:00,54.55,55.005,54.17,54.46,32936.0
2026-03-16 09:40:00,54.35,55.15,53.73,54.93,61555.0
2026-03-16 09:45:00,54.87,54.8775,54.2,54.77,22939.0
2026-03-16 09:50:00,54.81,55.73,54.65,55.58,24449.0
2026-03-16 09:55:00,55.6,55.6254,55.0,55.0,19721.0
2026-03-16 10:00:00,54.8516,55.32,54.34,54.59,14743.0
2026-03-16 10:05:00,54.6,54.77,54.05,54.1445,22634.0
2026-03-16 10:10:00,54.21,54.5885,53.95,54.33,12725.0
2026-03-16 10:15:00,54.33,54.51,54.1,54.51,12443.0
2026-03-16 10:20:00,54.569,54.64,54.15,54.5455,8820.0
2026-03-16 10:25:00,54.56,55.55,54.45,55.55,15025.0
2026-03-16 10:30:00,55.9,56.78,55.854,56.33,33323.0
2026-03-16 10:35:00,56.205,57.005,55.95,56.7,19245.0
2026-03-16 10:40:00,56.78,57.06,56.445,56.6,23181.0
2026-03-16 10:45:00,56.615,56.78,56.4102,56.71,6955.0
2026-03-16 10:50:00,56.91,57.03,56.1183,56.1183,10896.0
2026-03-16 10:55:00,56.0001,56.115,55.0,55.05,30701.0
2026-03-16 11:00:00,55.05,55.5899,55.05,55.28,7478.0
2026-03-16 11:05:00,55.34,55.6721,55.08,55.08,5939.0
2026-03-16 11:10:00,55.2482,55.3307,54.6617,54.9,6850.0
2026-03-16 11:15:00,55.34,55.34,54.75,54.75,3786.0
2026-03-16 11:20:00,54.75,54.94,54.625,54.82,5466.0
2026-03-16 11:25:00,54.7752,55.0,54.76,54.79,5087.0
2026-03-16 11:30:00,54.6,55.01,54.45,54.93,7894.0
2026-03-16 11:35:00,55.0,55.27,54.765,55.27,2778.0
2026-03-16 11:40:00,55.25,55.3785,55.195,55.26,4168.0
2026-03-16 11:45:00,55.2,55.31,55.1,55.31,1602.0
2026-03-16 11:50:00,55.59,55.8056,55.47,55.8056,10016.0
2026-03-16 11:55:00,56.0,56.14,55.85,55.97,4148.0
2026-03-16 12:00:00,56.0,56.23,56.0,56.003,4216.0
2026-03-16 12:05:00,55.82,55.87,55.3,55.6,4510.0
2026-03-16 12:10:00,55.62,55.87,55.6,55.81,2984.0
2026-03-16 12:15:00,55.51,55.54,55.3,55.3,857.0
2026-03-16 12:20:00,55.34,55.5,55.25,55.46,1655.0
2026-03-16 12:25:00,55.78,55.8399,55.48,55.48,10417.0
2026-03-16 12:30:00,55.47,55.61,55.37,55.59,11838.0
2026-03-16 12:35:00,55.54,55.5578,55.28,55.4105,8055.0
2026-03-16 12:40:00,54.99,54.99,54.7083,54.79,2292.0
2026-03-16 12:45:00,54.92,55.06,54.68,54.96,8022.0
2026-03-16 12:50:00,54.96,54.96,54.4,54.62,8388.0
2026-03-16 12:55:00,54.62,54.75,54.38,54.5399,9893.0
2026-03-16 13:00:00,54.48,54.61,54.1,54.4,38473.0
2026-03-16 13:05:00,54.32,54.4288,54.0,54.165,13641.0
2026-03-16 13:10:00,54.28,54.28,53.82,53.875,13428.0
2026-03-16 13:15:00,53.965,54.21,53.91,54.01,3627.0
2026-03-16 13:20:00,54.0,54.15,53.945,54.0754,1163.0
2026-03-16 13:25:00,54.16,54.34,54.15,54.28,1806.0
2026-03-16 13:30:00,54.28,54.28,53.34,54.0399,26975.0
2026-03-16 13:35:00,53.988,53.988,53.431,53.5474,24973.0
2026-03-16 13:40:00,53.58,53.59,53.2127,53.491,8526.0
2026-03-16 13:45:00,53.5113,53.5113,52.8925,53.16,23270.0
2026-03-16 13:50:00,53.28,53.64,53.23,53.51,4051.0
2026-03-16 13:55:00,53.45,53.52,53.2501,53.2501,8816.0
2026-03-16 14:00:00,53.33,53.37,53.01,53.14,15361.0
2026-03-16 14:05:00,53.14,53.2,52.0,52.05,33559.0
2026-03-16 14:10:00,52.04,52.36,51.58,52.07,31998.0
2026-03-16 14:15:00,52.0981,52.17,51.82,52.17,18331.0
2026-03-16 14:20:00,52.2516,52.2516,51.76,51.76,13327.0
2026-03-16 14:25:00,51.7501,52.115,51.585,51.93,11387.0
2026-03-16 14:30:00,51.84,52.04,51.51,51.61,18979.0
2026-03-16 14:35:00,51.55,52.1603,51.5,52.08,18591.0
2026-03-16 14:40:00,52.06,52.1194,51.59,51.77,14018.0
2026-03-16 14:45:00,51.85,52.19,51.85,52.12,5872.0
2026-03-16 14:50:00,52.105,52.7436,52.105,52.6675,14186.0
2026-03-16 14:55:00,52.76,53.0,52.72,52.975,22021.0
2026-03-16 15:00:00,52.97,53.1,52.6,53.04,14476.0
2026-03-16 15:05:00,52.865,52.895,51.75,51.75,5167.0
2026-03-16 15:10:00,51.65,52.265,51.2,51.895,19003.0
2026-03-16 15:15:00,51.91,52.43,51.7,52.43,2880.0
2026-03-16 15:20:00,52.4925,52.4925,52.16,52.17,3783.0
2026-03-16 15:25:00,52.21,52.73,52.205,52.3,3581.0
2026-03-16 15:30:00,52.2587,52.2587,51.91,52.08,4074.0
2026-03-16 15:35:00,52.19,52.48,51.97,51.97,7279.0
2026-03-16 15:40:00,52.0417,52.0417,51.91,52.0,1929.0
2026-03-16 15:45:00,52.07,52.75,52.05,52.5999,7864.0
2026-03-16 15:50:00,52.5799,52.61,52.35,52.36,2216.0
2026-03-16 15:55:00,52.54,52.54,52.14,52.32,22653.0
2026-03-16 16:00:00,52.28,52.69,52.28,52.69,1703.0
2026-03-16 16:05:00,52.63,52.63,52.6,52.6,335.0
2026-03-16 16:10:00,52.5881,52.6394,52.5665,52.5665,1970.0
2026-03-16 16:15:00,52.55,52.55,52.5,52.5,275.0
2026-03-16 16:20:00,52.4862,52.4862,52.4862,52.4862,200.0
2026-03-16 16:25:00,52.37,52.37,52.37,52.37,1000.0
2026-03-16 16:30:00,52.3132,52.3132,52.2,52.2,1019.0
2026-03-16 16:35:00,52.0,52.0,51.74,51.9582,2320.0
2026-03-16 16:40:00,51.9001,52.0975,51.9001,52.0736,1444.0
2026-03-16 16:45:00,52.0,52.0,51.72,51.72,6883.0
2026-03-16 16:50:00,51.71,51.72,51.66,51.72,1975.0
2026-03-16 16:55:00,51.78,51.78,51.6037,51.6037,1219.0
2026-03-16 17:00:00,51.6995,51.7,51.38,51.5,650.0
2026-03-16 17:05:00,51.3174,51.84,51.3174,51.39,2787.0
2026-03-16 17:10:00,51.41,51.6615,51.4,51.58,7257.0
2026-03-16 17:15:00,51.5069,51.59,51.4,51.55,2225.0
2026-03-16 17:20:00,51.67,51.67,51.58,51.58,317.0
2026-03-16 17:25:00,51.51,51.51,51.51,51.51,610.0
2026-03-16 17:30:00,51.57,51.57,51.37,51.37,637.0
2026-03-16 17:35:00,51.37,51.37,50.8795,50.88,9555.0
2026-03-16 17:40:00,51.02,51.14,50.97,50.97,1270.0
2026-03-16 17:45:00,51.57,51.57,51.04,51.04,850.0
2026-03-16 17:50:00,51.04,51.05,51.04,51.04,1354.0
2026-03-16 17:55:00,51.05,51.5,51.04,51.04,1044.0
2026-03-16 18:00:00,51.0913,51.1191,51.0005,51.0005,912.0
2026-03-16 18:05:00,51.0,51.0,50.13,50.2494,7368.0
2026-03-16 18:10:00,50.308,50.45,50.24,50.45,3062.0
2026-03-16 18:15:00,50.373,50.6,50.373,50.48,1119.0
2026-03-16 18:20:00,50.72,51.0,50.72,50.9981,3664.0
2026-03-16 18:25:00,51.101,51.26,51.0797,51.12,6096.0
2026-03-16 18:30:00,51.14,51.14,51.12,51.13,689.0
2026-03-16 18:35:00,51.12,51.1201,51.12,51.12,1490.0
2026-03-16 18:40:00,51.13,51.13,51.12,51.12,1690.0
2026-03-16 18:45:00,51.129,51.13,51.12,51.12,5148.0
2026-03-16 18:50:00,51.13,51.13,51.13,51.13,155.0
2026-03-16 18:55:00,51.23,51.23,51.2144,51.2144,557.0
2026-03-16 19:00:00,51.26,51.8404,51.26,51.6901,866.0
2026-03-16 19:05:00,51.9288,52.2658,51.9288,52.18,4152.0
2026-03-16 19:10:00,52.0,52.0,51.92,51.92,225.0
2026-03-16 19:15:00,52.0,52.0,51.9697,51.9697,793.0
2026-03-16 19:20:00,51.93,51.999,51.93,51.9892,1299.0
2026-03-16 19:25:00,51.83,51.83,51.81,51.81,268.0
2026-03-16 19:30:00,51.7052,51.7052,51.68,51.68,2091.0
2026-03-16 19:35:00,51.6898,51.6898,51.68,51.6801,1283.0
2026-03-16 19:40:00,51.69,51.7,51.68,51.68,4725.0
2026-03-16 19:45:00,51.68,51.68,51.41,51.41,1179.0
2026-03-16 19:50:00,51.4605,51.78,51.4605,51.5,1524.0
2026-03-17 04:00:00,52.59,52.59,52.28,52.36,1957.0
2026-03-17 04:05:00,52.32,52.39,52.32,52.39,300.0
2026-03-17 04:10:00,52.74,52.74,52.61,52.61,300.0
2026-03-17 04:15:00,52.71,52.77,52.46,52.46,1989.0
2026-03-17 04:20:00,52.37,52.39,52.37,52.39,1009.0
2026-03-17 04:25:00,52.45,52.45,52.45,52.45,240.0
2026-03-17 04:30:00,52.54,52.54,52.54,52.54,100.0
2026-03-17 04:35:00,52.79,52.79,52.79,52.79,112.0
2026-03-17 04:40:00,52.59,52.59,52.29,52.29,299.0
2026-03-17 04:55:00,52.57,52.73,52.57,52.73,758.0
2026-03-17 05:00:00,52.81,52.81,52.68,52.68,522.0
2026-03-17 05:05:00,53.12,53.21,53.04,53.21,2032.0
2026-03-17 05:10:00,53.21,53.26,53.21,53.24,886.0
2026-03-17 05:15:00,53.25,53.32,53.11,53.11,525.0
2026-03-17 05:20:00,52.95,52.95,52.95,52.95,231.0
2026-03-17 05:25:00,52.77,52.77,52.43,52.53,4672.0
2026-03-17 05:30:00,52.59,52.75,52.58,52.75,1448.0
2026-03-17 05:40:00,52.56,52.56,52.56,52.56,120.0
2026-03-17 05:45:00,52.8,52.8,52.66,52.66,313.0
2026-03-17 05:50:00,52.79,53.0,52.79,53.0,692.0
2026-03-17 05:55:00,53.12,53.12,52.98,52.98,521.0
2026-03-17 06:00:00,53.02,53.02,53.02,53.02,100.0
2026-03-17 06:05:00,53.11,53.27,53.11,53.19,725.0
2026-03-17 06:10:00,53.22,53.22,53.12,53.12,331.0
2026-03-17 06:15:00,53.26,53.37,53.26,53.37,421.0
2026-03-17 06:20:00,53.32,53.32,53.17,53.21,525.0
2026-03-17 06:25:00,53.24,53.24,53.08,53.08,360.0
2026-03-17 06:30:00,53.21,53.21,53.12,53.12,402.0
2026-03-17 06:35:00,52.96,52.96,52.96,52.96,125.0
2026-03-17 06:40:00,53.06,53.23,53.06,53.23,364.0
2026-03-17 06:50:00,53.35,53.46,53.24,53.24,1944.0
2026-03-17 07:00:00,53.16,53.19,53.02,53.02,830.0
2026-03-17 07:05:00,52.96,53.0,52.8,52.82,7947.0
2026-03-17 07:10:00,52.8,52.8,52.66,52.66,1521.0
2026-03-17 07:15:00,52.52,52.64,52.35,52.53,1765.0
2026-03-17 07:20:00,52.39,52.39,52.34,52.37,775.0
2026-03-17 07:25:00,52.33,52.37,52.32,52.37,300.0
2026-03-17 07:30:00,52.51,52.51,52.47,52.47,301.0
2026-03-17 07:35:00,52.44,52.44,52.35,52.41,1097.0
2026-03-17 07:40:00,52.4,52.41,52.4,52.41,582.0
2026-03-17 07:45:00,52.4,52.4,52.34,52.34,2405.0
2026-03-17 07:50:00,52.33,52.48,52.31,52.48,2104.0
2026-03-17 07:55:00,52.54,52.54,52.54,52.54,300.0
2026-03-17 08:00:00,52.5473,53.78,51.62,52.49,29487.0
2026-03-17 08:05:00,52.5,52.5,52.37,52.4,5437.0
2026-03-17 08:10:00,52.29,52.5244,52.29,52.5244,1381.0
2026-03-17 08:15:00,52.74,52.74,52.25,52.25,1707.0
2026-03-17 08:20:00,52.2,52.38,52.15,52.38,388.0
2026-03-17 08:25:00,52.7,52.89,52.7,52.89,1315.0
2026-03-17 08:30:00,52.89,52.89,52.89,52.89,802.0
2026-03-17 08:35:00,52.92,53.04,52.92,53.0,1460.0
2026-03-17 08:50:00,53.0994,53.1533,53.0994,53.1533,1092.0
2026-03-17 08:55:00,53.01,53.02,53.0,53.02,1337.0
2026-03-17 09:00:00,53.06,53.09,53.0,53.0,1226.0
2026-03-17 09:05:00,52.88,52.9,52.88,52.9,1292.0
2026-03-17 09:10:00,52.88,52.88,52.86,52.86,301.0
2026-03-17 09:15:00,52.98,52.98,52.88,52.88,633.0
2026-03-17 09:20:00,52.8801,52.8801,52.8,52.86,19614.0
2026-03-17 09:25:00,52.9,52.9,52.9,52.9,150.0
2026-03-17 09:30:00,52.73,52.9,51.875,52.2,35730.0
2026-03-17 09:35:00,52.0129,52.19,51.84,51.86,37391.0
2026-03-17 09:40:00,51.75,52.25,51.7,52.25,5822.0
2026-03-17 09:45:00,52.26,52.61,52.24,52.27,6750.0
2026-03-17 09:50:00,52.31,52.948,52.31,52.66,7864.0
2026-03-17 09:55:00,52.53,52.6,52.35,52.48,10932.0
2026-03-17 10:00:00,52.455,52.86,52.455,52.63,4871.0
2026-03-17 10:05:00,52.6401,52.68,52.19,52.26,33854.0
2026-03-17 10:10:00,52.2001,52.529,52.14,52.14,12934.0
2026-03-17 10:15:00,52.415,52.7,52.29,52.5018,4982.0
2026-03-17 10:20:00,52.48,52.48,52.21,52.31,2192.0
2026-03-17 10:25:00,52.33,52.45,52.08,52.2101,99010.0
2026-03-17 10:30:00,52.21,52.21,51.7,51.815,22768.0
2026-03-17 10:35:00,51.76,51.93,51.5,51.8497,8626.0
2026-03-17 10:40:00,51.74,51.88,51.74,51.75,2274.0
2026-03-17 10:45:00,51.76,51.78,51.5791,51.78,40114.0
2026-03-17 10:50:00,51.78,52.07,51.78,51.8001,2836.0
2026-03-17 10:55:00,51.87,51.89,51.695,51.695,1013.0
2026-03-17 11:00:00,51.725,51.725,51.0,51.415,29662.0
2026-03-17 11:05:00,51.3101,52.075,51.3101,52.075,5866.0
2026-03-17 11:10:00,52.1,52.48,52.1,52.48,4568.0
2026-03-17 11:15:00,52.5,52.5,52.24,52.35,3157.0
2026-03-17 11:20:00,52.4,52.75,52.4,52.6173,12775.0
2026-03-17 11:25:00,52.7,52.71,52.6,52.67,2631.0
2026-03-17 11:30:00,52.595,52.98,52.54,52.93,6288.0
2026-03-17 11:35:00,53.0,53.51,52.882,53.27,9592.0
2026-03-17 11:40:00,53.295,53.47,53.06,53.1,39571.0
2026-03-17 11:45:00,53.18,53.46,53.18,53.45,7130.0
2026-03-17 11:50:00,53.231,53.24,52.81,52.975,4258.0
2026-03-17 11:55:00,52.9684,53.09,52.9501,53.0799,5617.0
2026-03-17 12:00:00,53.0999,53.1374,52.9201,53.085,36078.0
2026-03-17 12:05:00,52.96,52.96,52.76,52.88,2020.0
2026-03-17 12:10:00,52.77,52.88,52.64,52.88,1803.0
2026-03-17 12:15:00,52.76,52.76,52.54,52.54,900.0
2026-03-17 12:20:00,52.54,52.555,52.15,52.15,1403.0
2026-03-17 12:25:00,52.23,52.28,52.0954,52.28,6511.0
2026-03-17 12:30:00,52.24,52.62,52.24,52.55,5372.0
2026-03-17 12:35:00,52.65,52.65,52.65,52.65,100.0
2026-03-17 12:40:00,52.72,52.72,52.51,52.55,9852.0
2026-03-17 12:45:00,52.45,52.565,52.45,52.49,1348.0
2026-03-17 12:50:00,52.55,52.55,52.261,52.5,1000.0
2026-03-17 12:55:00,52.3801,52.58,52.3801,52.5,300.0
2026-03-17 13:00:00,52.43,52.43,52.25,52.3,1070.0
2026-03-17 13:05:00,52.3,52.46,52.3,52.45,783.0
2026-03-17 13:10:00,52.6,52.6,52.55,52.55,594.0
2026-03-17 13:20:00,52.4,52.4085,52.135,52.26,121565.0
2026-03-17 13:25:00,52.27,52.2847,52.27,52.2847,570.0
2026-03-17 13:30:00,52.42,52.44,52.35,52.44,1379.0
2026-03-17 13:35:00,52.45,52.45,52.31,52.31,2051.0
2026-03-17 13:40:00,52.2587,52.2587,52.2,52.2,533.0
2026-03-17 13:45:00,52.15,52.23,52.115,52.115,586.0
2026-03-17 13:50:00,51.9575,51.96,51.78,51.945,7322.0
2026-03-17 13:55:00,52.0,52.0,52.0,52.0,115.0
2026-03-17 14:00:00,52.0,52.0,51.86,51.86,320.0
2026-03-17 14:05:00,51.87,51.87,51.87,51.87,398.0
2026-03-17 14:10:00,51.83,51.85,51.81,51.85,5157.0
2026-03-17 14:15:00,52.0,52.0,51.91,51.93,3714.0
2026-03-17 14:20:00,51.9887,52.025,51.91,52.02,4962.0
2026-03-17 14:25:00,52.085,52.23,52.085,52.23,4020.0
2026-03-17 14:30:00,52.245,52.245,51.8801,51.96,5636.0
2026-03-17 14:35:00,52.04,52.04,51.88,51.96,1971.0
2026-03-17 14:40:00,51.9,52.0127,51.8696,52.0127,2168.0
2026-03-17 14:45:00,52.01,52.03,51.94,51.94,1228.0
2026-03-17 14:50:00,52.07,52.14,52.05,52.08,2524.0
2026-03-17 14:55:00,52.15,52.4044,52.15,52.2791,4768.0
2026-03-17 15:00:00,52.235,52.285,52.12,52.2637,1151.0
2026-03-17 15:05:00,52.25,52.26,52.25,52.26,400.0
2026-03-17 15:10:00,52.08,52.08,51.91,51.96,4988.0
2026-03-17 15:15:00,51.95,51.965,51.94,51.94,809.0
2026-03-17 15:20:00,51.98,52.09,51.98,52.09,200.0
2026-03-17 15:25:00,52.1275,52.23,52.1275,52.23,622.0
2026-03-17 15:30:00,52.21,52.27,52.21,52.27,433.0
2026-03-17 15:35:00,52.21,52.23,52.17,52.23,870.0
2026-03-17 15:40:00,52.32,52.47,52.32,52.47,4914.0
2026-03-17 15:45:00,52.69,52.755,52.69,52.73,1219.0
2026-03-17 15:50:00,52.72,52.8057,52.72,52.8,2902.0
2026-03-17 15:55:00,52.7609,52.94,52.7,52.78,53929.0
2026-03-17 16:00:00,52.74,52.82,52.74,52.74,2724.0
2026-03-17 16:05:00,52.95,52.98,52.9365,52.9365,1186.0
2026-03-17 16:15:00,52.9002,52.9341,52.85,52.85,1424.0
2026-03-17 16:35:00,52.45,52.45,52.45,52.45,100.0
2026-03-17 16:45:00,52.58,52.58,52.58,52.58,1000.0
2026-03-17 16:50:00,52.56,52.56,52.56,52.56,117.0
2026-03-17 16:55:00,52.45,52.45,52.45,52.45,103.0
2026-03-17 17:10:00,51.49,51.49,51.49,51.49,100.0
2026-03-17 17:35:00,52.14,52.14,52.14,52.14,175.0
2026-03-17 17:50:00,52.74,52.74,52.74,52.74,100.0
2026-03-17 18:00:00,52.01,52.01,52.0,52.0,753.0
2026-03-17 18:05:00,52.17,52.26,52.17,52.26,268.0
2026-03-17 18:10:00,52.15,52.2612,52.15,52.2612,607.0
2026-03-17 18:15:00,52.2612,52.2612,52.2612,52.2612,100.0
2026-03-17 18:20:00,52.26,52.26,52.26,52.26,269.0
2026-03-17 18:35:00,52.74,52.9719,52.74,52.9719,300.0
2026-03-17 18:40:00,52.79,52.79,52.62,52.62,1030.0
2026-03-17 18:45:00,52.65,52.7,52.65,52.7,2546.0
2026-03-17 19:05:00,52.45,52.45,52.45,52.45,104.0
2026-03-17 19:25:00,52.49,52.49,52.49,52.49,4522.0
2026-03-17 19:30:00,52.7,52.7,52.7,52.7,100.0
2026-03-17 19:40:00,52.8,52.8,52.8,52.8,190.0
2026-03-17 19:45:00,52.9,52.9,52.9,52.9,680.0
2026-03-17 19:50:00,52.8014,52.8014,52.8014,52.8014,100.0
2026-03-17 19:55:00,52.9802,52.9999,52.94,52.94,490.0
2026-03-18 04:00:00,51.33,51.33,51.33,51.33,110.0
2026-03-18 04:05:00,52.72,52.72,52.72,52.72,1180.0
2026-03-18 04:15:00,52.81,52.81,52.76,52.76,202.0
2026-03-18 04:20:00,52.73,52.73,52.73,52.73,392.0
2026-03-18 04:35:00,52.79,52.79,52.79,52.79,100.0
2026-03-18 05:05:00,52.57,52.57,52.57,52.57,106.0
2026-03-18 05:20:00,52.34,52.34,52.34,52.34,126.0
2026-03-18 05:25:00,52.35,52.35,52.35,52.35,100.0
2026-03-18 05:35:00,52.28,52.28,52.28,52.28,250.0
2026-03-18 05:45:00,52.38,52.38,52.38,52.38,200.0
2026-03-18 06:20:00,52.39,52.39,52.39,52.39,250.0
2026-03-18 06:25:00,52.34,52.36,52.34,52.36,395.0
2026-03-18 06:35:00,52.6,52.68,52.6,52.68,424.0
2026-03-18 06:40:00,52.75,52.93,52.75,52.93,926.0
2026-03-18 06:45:00,53.1,53.1,53.1,53.1,300.0
2026-03-18 06:50:00,53.22,53.22,53.22,53.22,135.0
2026-03-18 07:00:00,53.24,53.49,53.2,53.49,4572.0
2026-03-18 07:05:00,53.5,53.5,53.25,53.25,732.0
2026-03-18 07:10:00,53.01,53.01,53.01,53.01,137.0
2026-03-18 07:25:00,53.4,54.0,53.4,54.0,2424.0
2026-03-18 07:30:00,54.06,54.85,54.06,54.65,9791.0
2026-03-18 07:35:00,54.8,55.4,54.8,55.4,11674.0
2026-03-18 07:40:00,55.4,55.4,54.82,54.87,3021.0
2026-03-18 07:45:00,54.87,55.07,54.86,55.02,1084.0
2026-03-18 07:50:00,54.77,54.92,54.77,54.91,765.0
2026-03-18 07:55:00,55.18,55.26,55.1,55.26,1414.0
2026-03-18 08:00:00,52.78,55.42,51.49,55.42,44237.0
2026-03-18 08:05:00,55.47,55.76,55.36,55.7493,2489.0
2026-03-18 08:10:00,55.6994,55.85,55.6994,55.7,7724.0
2026-03-18 08:15:00,55.49,55.6499,55.48,55.55,3987.0
2026-03-18 08:20:00,55.63,55.7,55.5884,55.699,3553.0
2026-03-18 08:25:00,55.62,55.65,55.53,55.535,1233.0
2026-03-18 08:30:00,55.58,56.47,55.58,56.41,6647.0
2026-03-18 08:35:00,56.4696,56.4696,56.24,56.28,4424.0
2026-03-18 08:40:00,56.2842,56.59,56.2842,56.59,8511.0
2026-03-18 08:45:00,56.6,56.62,56.5,56.58,1857.0
2026-03-18 08:50:00,56.58,56.68,56.3505,56.3505,1471.0
2026-03-18 08:55:00,56.3,56.57,56.25,56.53,6193.0
2026-03-18 09:00:00,56.85,57.14,56.61,56.7346,6373.0
2026-03-18 09:05:00,56.66,56.74,56.51,56.65,4838.0
2026-03-18 09:10:00,56.7345,56.7579,56.55,56.55,2436.0
2026-03-18 09:15:00,56.9497,56.9497,56.703,56.703,4059.0
2026-03-18 09:20:00,56.8,56.8,56.4,56.54,4164.0
2026-03-18 09:25:00,56.5365,56.61,56.4915,56.61,4384.0
2026-03-18 09:30:00,56.55,56.91,56.55,56.91,19059.0
2026-03-18 09:35:00,56.86,56.86,56.37,56.49,12611.0
2026-03-18 09:40:00,56.49,56.659,56.29,56.65,22139.0
2026-03-18 09:45:00,56.65,56.8592,56.4308,56.6,10528.0
2026-03-18 09:50:00,56.68,56.8,56.6101,56.6774,15222.0
2026-03-18 09:55:00,56.795,56.9799,56.66,56.68,5421.0
2026-03-18 10:00:00,56.65,57.12,56.65,57.0299,21021.0
2026-03-18 10:05:00,56.88,57.0948,56.85,56.88,2661.0
2026-03-18 10:10:00,56.94,57.39,56.93,57.34,4757.0
2026-03-18 10:15:00,57.32,57.4,57.18,57.4,6747.0
2026-03-18 10:20:00,57.31,57.35,57.06,57.25,3729.0
2026-03-18 10:25:00,57.13,57.8217,57.12,57.7399,9427.0
2026-03-18 10:30:00,57.65,57.75,57.38,57.43,13569.0
2026-03-18 10:35:00,57.3015,57.47,57.21,57.445,18836.0
2026-03-18 10:40:00,57.475,58.2189,57.45,58.1423,11853.0
2026-03-18 10:45:00,58.14,58.14,57.8001,57.8001,5673.0
2026-03-18 10:50:00,57.8,58.46,57.75,58.3257,6745.0
2026-03-18 10:55:00,58.5194,58.81,58.37,58.74,13053.0
2026-03-18 11:00:00,58.61,59.66,58.61,58.8586,19565.0
2026-03-18 11:05:00,58.945,58.9999,58.49,58.62,12731.0
2026-03-18 11:10:00,58.7,59.34,58.7,59.141,5304.0
2026-03-18 11:15:00,59.11,59.3099,58.91,59.05,8379.0
2026-03-18 11:20:00,59.14,59.3704,59.12,59.205,6649.0
2026-03-18 11:25:00,59.4,59.4,59.08,59.1063,9285.0
2026-03-18 11:30:00,59.2,59.2426,58.68,58.8,2926.0
2026-03-18 11:35:00,58.86,59.02,58.86,58.95,13143.0
2026-03-18 11:40:00,59.15,59.25,59.03,59.08,3337.0
2026-03-18 11:45:00,59.18,59.3891,59.07,59.3,2157.0
2026-03-18 11:50:00,59.08,59.1887,59.02,59.02,3818.0
2026-03-18 11:55:00,59.01,59.13,58.83,58.886,6149.0
2026-03-18 12:00:00,58.93,59.05,58.757,58.93,4417.0
2026-03-18 12:05:00,59.08,59.16,59.08,59.16,731.0
2026-03-18 12:10:00,59.18,59.42,59.12,59.4,4310.0
2026-03-18 12:15:00,59.37,59.5,59.24,59.44,3569.0
2026-03-18 12:20:00,59.6,59.6,59.4302,59.5543,4734.0
2026-03-18 12:25:00,59.74,59.8,59.3201,59.4105,9683.0
2026-03-18 12:30:00,59.42,59.5,59.31,59.4941,2494.0
2026-03-18 12:35:00,59.66,59.84,59.31,59.35,7085.0
2026-03-18 12:40:00,59.4239,59.51,59.26,59.3,1545.0
2026-03-18 12:45:00,59.27,59.27,59.21,59.24,820.0
2026-03-18 12:50:00,59.27,59.32,58.9475,59.005,5561.0
2026-03-18 12:55:00,59.0519,59.2019,59.0519,59.2019,3000.0
2026-03-18 13:00:00,59.27,59.39,59.23,59.23,1534.0
2026-03-18 13:05:00,59.28,59.28,59.24,59.24,400.0
2026-03-18 13:10:00,59.16,59.16,59.05,59.05,520.0
2026-03-18 13:15:00,59.13,59.13,58.96,58.96,400.0
2026-03-18 13:20:00,58.8382,58.855,58.73,58.76,6133.0
2026-03-18 13:25:00,58.5302,58.77,58.4,58.41,8445.0
2026-03-18 13:30:00,58.4172,58.7,58.4172,58.57,4539.0
2026-03-18 13:35:00,58.4,58.4,57.85,57.85,4866.0
2026-03-18 13:40:00,58.11,58.2813,58.0,58.19,16931.0
2026-03-18 13:45:00,58.165,58.165,57.9,58.03,17068.0
2026-03-18 13:50:00,58.04,58.11,58.03,58.11,3696.0
2026-03-18 13:55:00,58.11,58.17,58.07,58.16,634.0
2026-03-18 14:00:00,57.6202,57.8,57.4,57.4384,7372.0
2026-03-18 14:05:00,57.51,57.67,57.5,57.61,5631.0
2026-03-18 14:10:00,57.64,57.71,57.6,57.71,5281.0
2026-03-18 14:15:00,57.7,58.51,57.7,58.5,6103.0
2026-03-18 14:20:00,58.55,58.62,58.51,58.62,4442.0
2026-03-18 14:25:00,58.6049,58.61,58.4801,58.4801,3220.0
2026-03-18 14:30:00,58.35,58.48,57.95,58.39,12554.0
2026-03-18 14:35:00,58.4738,58.54,57.99,58.22,2981.0
2026-03-18 14:40:00,58.33,58.4411,58.05,58.22,3315.0
2026-03-18 14:45:00,58.49,58.58,58.49,58.55,1654.0
2026-03-18 14:50:00,58.8894,59.33,58.7,59.33,8083.0
2026-03-18 14:55:00,59.2589,59.42,59.18,59.24,9802.0
2026-03-18 15:00:00,59.21,59.21,58.84,58.881,5657.0
2026-03-18 15:05:00,58.8,58.9787,58.79,58.79,7111.0
2026-03-18 15:10:00,58.851,58.8807,58.851,58.8807,945.0
2026-03-18 15:15:00,58.83,58.83,58.5261,58.5261,2255.0
2026-03-18 15:20:00,58.5344,58.757,58.5344,58.68,8595.0
2026-03-18 15:25:00,58.8,58.8,58.6,58.67,1384.0
2026-03-18 15:30:00,58.64,58.72,58.6,58.6,7175.0
2026-03-18 15:35:00,58.65,58.715,58.63,58.65,2380.0
2026-03-18 15:40:00,58.73,58.7938,58.66,58.7,1192.0
2026-03-18 15:45:00,58.65,59.0,58.65,59.0,2440.0
2026-03-18 15:50:00,59.075,59.3,58.96,58.96,6018.0
2026-03-18 15:55:00,58.99,59.18,58.9072,58.94,32620.0
2026-03-18 16:00:00,58.9,59.1,58.89,59.1,8559.0
2026-03-18 16:05:00,59.2,59.9937,59.2,59.9937,1560.0
2026-03-18 16:10:00,60.0,60.5,60.0,60.12,5037.0
2026-03-18 16:20:00,59.7327,59.7327,59.7327,59.7327,350.0
2026-03-18 16:25:00,59.51,59.51,59.51,59.51,214.0
2026-03-18 16:30:00,59.43,59.43,59.2816,59.2816,545.0
2026-03-18 16:35:00,59.09,59.0982,59.09,59.0982,200.0
2026-03-18 16:40:00,59.04,59.15,59.04,59.15,1594.0
2026-03-18 16:45:00,59.18,59.18,58.67,58.67,546.0
2026-03-18 16:50:00,58.7217,58.7217,58.7217,58.7217,100.0
2026-03-18 17:00:00,58.8909,58.8909,58.6,58.6,689.0
2026-03-18 17:10:00,58.6,58.6,58.6,58.6,100.0
2026-03-18 17:25:00,58.3,58.3,58.3,58.3,175.0
2026-03-18 17:30:00,58.3,58.31,58.3,58.31,1518.0
2026-03-18 17:35:00,58.48,58.48,58.31,58.31,2624.0
2026-03-18 17:40:00,58.31,58.31,58.0,58.0,924.0
2026-03-18 17:45:00,58.11,58.28,58.11,58.28,475.0
2026-03-18 17:50:00,58.25,58.25,58.0,58.0,516.0
2026-03-18 17:55:00,57.99,57.99,57.9,57.9,461.0
2026-03-18 18:00:00,57.99,58.41,57.99,58.4,1663.0
2026-03-18 18:05:00,58.64,58.64,58.6,58.64,3136.0
2026-03-18 18:10:00,58.73,58.73,58.71,58.71,300.0
2026-03-18 18:15:00,58.65,58.65,58.51,58.51,2192.0
2026-03-18 18:20:00,58.6099,58.6099,58.6099,58.6099,309.0
2026-03-18 18:25:00,58.6,58.6,58.6,58.6,100.0
2026-03-18 18:30:00,58.64,58.77,58.64,58.74,2356.0
2026-03-18 18:40:00,58.8,58.8,58.8,58.8,392.0
2026-03-18 18:55:00,58.74,58.77,58.74,58.77,1255.0
2026-03-18 19:00:00,58.3784,58.67,58.28,58.67,700.0
2026-03-18 19:05:00,58.71,58.71,58.61,58.61,653.0
2026-03-18 19:15:00,58.57,58.57,58.57,58.57,122.0
2026-03-18 19:30:00,58.59,58.59,58.59,58.59,408.0
2026-03-18 19:45:00,58.0,58.0,57.93,57.93,700.0
2026-03-18 19:50:00,58.12,58.12,58.12,58.12,130.0
2026-03-19 04:00:00,59.97,60.31,59.71,60.31,1043.0
2026-03-19 04:05:00,60.34,60.34,60.11,60.12,1418.0
2026-03-19 04:10:00,60.04,60.04,60.04,60.04,100.0
2026-03-19 04:15:00,60.14,60.14,60.14,60.14,100.0
2026-03-19 04:20:00,59.93,59.93,59.93,59.93,100.0
2026-03-19 04:25:00,60.31,60.57,60.31,60.52,789.0
2026-03-19 04:30:00,60.35,60.35,60.25,60.32,1055.0
2026-03-19 04:35:00,60.41,60.42,60.4,60.42,513.0
2026-03-19 04:40:00,60.5,60.5,60.28,60.43,2446.0
2026-03-19 04:45:00,60.35,60.35,60.32,60.32,1477.0
2026-03-19 04:50:00,60.27,60.36,60.27,60.32,1751.0
2026-03-19 05:00:00,60.3,60.3,60.09,60.09,1363.0
2026-03-19 05:05:00,60.12,60.18,60.02,60.15,958.0
2026-03-19 05:10:00,60.07,60.21,60.03,60.21,476.0
2026-03-19 05:15:00,60.16,60.26,60.03,60.03,893.0
2026-03-19 05:20:00,59.57,59.57,59.01,59.15,1137.0
2026-03-19 05:25:00,59.41,59.66,59.36,59.42,5340.0
2026-03-19 05:30:00,59.42,59.52,59.36,59.52,500.0
2026-03-19 05:35:00,59.44,59.44,59.2,59.2,923.0
2026-03-19 05:45:00,59.05,59.15,59.05,59.07,526.0
2026-03-19 05:50:00,58.9,58.9,58.9,58.9,735.0
2026-03-19 05:55:00,58.92,58.92,58.92,58.92,172.0
2026-03-19 06:00:00,59.02,59.02,59.02,59.02,200.0
2026-03-19 06:05:00,58.98,59.0,58.98,58.99,400.0
2026-03-19 06:10:00,59.12,59.14,59.12,59.14,200.0
2026-03-19 06:20:00,59.18,59.18,59.14,59.15,300.0
2026-03-19 06:25:00,59.15,59.17,59.15,59.17,521.0
2026-03-19 06:30:00,59.33,59.33,59.33,59.33,136.0
2026-03-19 06:35:00,59.55,59.55,59.55,59.55,232.0
2026-03-19 06:40:00,59.5,59.53,59.5,59.53,686.0
2026-03-19 07:00:00,59.66,59.66,59.66,59.66,100.0
2026-03-19 07:05:00,59.85,59.85,59.85,59.85,114.0
2026-03-19 07:10:00,59.79,59.8,59.79,59.8,1122.0
2026-03-19 07:25:00,59.72,59.72,59.7,59.7,450.0
2026-03-19 07:35:00,59.85,60.05,59.85,60.05,308.0
2026-03-19 07:40:00,60.1,60.1,60.1,60.1,147.0
2026-03-19 07:45:00,60.0,60.0,60.0,60.0,334.0
2026-03-19 07:50:00,59.96,59.96,59.95,59.95,250.0
2026-03-19 07:55:00,60.1,60.1,60.1,60.1,233.0
2026-03-19 08:00:00,60.54,60.96,58.3,60.35,14409.0
2026-03-19 08:05:00,60.4218,60.57,60.4218,60.52,3508.0
2026-03-19 08:10:00,60.4,60.4,60.25,60.25,1185.0
2026-03-19 08:15:00,60.5,60.5367,60.5,60.5,992.0
2026-03-19 08:20:00,60.47,60.55,60.47,60.4757,4411.0
2026-03-19 08:25:00,60.55,60.84,60.52,60.78,1963.0
2026-03-19 08:30:00,60.78,60.8,60.7666,60.8,2834.0
2026-03-19 08:35:00,60.8,60.8,60.6,60.73,1337.0
2026-03-19 08:40:00,60.73,60.7384,60.58,60.63,3164.0
2026-03-19 08:45:00,60.84,61.11,60.84,61.11,2593.0
2026-03-19 08:50:00,61.15,61.99,61.14,61.9,5885.0
2026-03-19 08:55:00,61.8,62.02,61.7892,62.02,10613.0
2026-03-19 09:00:00,62.04,62.67,61.93,61.93,7772.0
2026-03-19 09:05:00,61.9782,62.26,61.91,61.9596,2630.0
2026-03-19 09:10:00,61.95,62.7797,61.95,62.7797,4224.0
2026-03-19 09:15:00,62.55,62.59,62.19,62.19,4810.0
2026-03-19 09:20:00,62.11,62.23,61.65,62.23,3278.0
2026-03-19 09:25:00,62.2287,62.27,62.07,62.07,8835.0
2026-03-19 09:30:00,62.06,62.66,62.06,62.58,18519.0
2026-03-19 09:35:00,62.8,63.02,62.52,62.9706,27198.0
2026-03-19 09:40:00,62.83,63.1521,61.5113,61.6004,24245.0
2026-03-19 09:45:00,61.79,62.12,61.4523,61.4523,16760.0
2026-03-19 09:50:00,61.54,61.78,61.44,61.44,8235.0
2026-03-19 09:55:00,61.385,61.69,61.385,61.69,6490.0
2026-03-19 10:00:00,61.49,61.69,61.33,61.65,9283.0
2026-03-19 10:05:00,61.7,62.1681,61.67,62.1681,16303.0
2026-03-19 10:10:00,62.22,62.28,61.75,62.15,12525.0
2026-03-19 10:15:00,62.37,62.51,62.17,62.51,3244.0
2026-03-19 10:20:00,62.39,62.7664,62.39,62.53,1856.0
2026-03-19 10:25:00,62.53,63.25,62.53,63.25,3840.0
2026-03-19 10:30:00,63.25,63.34,62.85,63.13,30991.0
2026-03-19 10:35:00,63.0,63.624,62.9,63.34,6430.0
2026-03-19 10:40:00,63.27,63.3853,62.7752,62.95,14322.0
2026-03-19 10:45:00,62.92,63.05,62.82,62.89,4355.0
2026-03-19 10:50:00,62.63,62.79,61.9408,62.4098,7468.0
2026-03-19 10:55:00,62.4,62.58,62.18,62.32,3172.0
2026-03-19 11:00:00,62.48,62.5,61.99,61.99,3635.0
2026-03-19 11:05:00,61.8101,62.32,61.58,62.15,14344.0
2026-03-19 11:10:00,62.27,62.3086,62.1,62.1,3999.0
2026-03-19 11:15:00,62.1,62.74,61.7374,62.74,3003.0
2026-03-19 11:20:00,62.7079,63.03,62.59,63.03,2974.0
2026-03-19 11:25:00,62.85,63.2,62.85,63.2,36865.0
2026-03-19 11:30:00,63.0986,63.0986,62.9,62.98,8030.0
2026-03-19 11:35:00,63.09,63.24,62.81,63.0,2401.0
2026-03-19 11:40:00,63.26,63.49,63.08,63.49,9102.0
2026-03-19 11:45:00,63.43,63.66,62.5,62.7899,18614.0
2026-03-19 11:50:00,62.83,62.875,62.45,62.5,3048.0
2026-03-19 11:55:00,62.46,62.7217,62.2219,62.7217,2253.0
2026-03-19 12:00:00,62.74,62.92,62.43,62.92,3013.0
2026-03-19 12:05:00,62.915,62.9899,62.65,62.65,4854.0
2026-03-19 12:10:00,62.71,63.0,62.64,62.8,3048.0
2026-03-19 12:15:00,62.865,63.3,62.865,63.23,2581.0
2026-03-19 12:20:00,63.25,63.33,62.9,63.14,6828.0
2026-03-19 12:25:00,62.975,62.975,62.77,62.96,3317.0
2026-03-19 12:30:00,63.05,63.33,63.05,63.135,600.0
2026-03-19 12:35:00,63.1676,63.3299,62.88,62.88,6964.0
2026-03-19 12:40:00,62.7456,62.779,62.47,62.69,8798.0
2026-03-19 12:45:00,62.68,62.84,62.68,62.84,900.0
2026-03-19 12:50:00,63.11,63.23,62.96,62.96,600.0
2026-03-19 12:55:00,62.93,63.0,62.761,62.84,8546.0
2026-03-19 13:00:00,62.7901,62.93,62.7901,62.93,690.0
2026-03-19 13:05:00,63.15,63.3876,63.0393,63.3876,8734.0
2026-03-19 13:10:00,63.22,63.275,63.11,63.23,1049.0
2026-03-19 13:15:00,63.26,63.29,62.75,62.75,1382.0
2026-03-19 13:20:00,62.79,62.79,62.1889,62.276,22541.0
2026-03-19 13:25:00,62.3,62.305,62.14,62.3,779.0
2026-03-19 13:30:00,62.18,62.64,62.0901,62.64,5995.0
2026-03-19 13:35:00,62.6089,62.87,62.6089,62.78,2628.0
2026-03-19 13:40:00,62.75,62.75,62.72,62.72,200.0
2026-03-19 13:45:00,62.67,62.67,62.52,62.52,723.0
2026-03-19 13:50:00,62.52,62.52,61.9515,62.135,25341.0
2026-03-19 13:55:00,62.13,62.24,62.1056,62.1056,1470.0
2026-03-19 14:00:00,62.15,62.21,62.15,62.21,200.0
2026-03-19 14:05:00,62.34,62.48,62.28,62.35,4141.0
2026-03-19 14:10:00,62.36,62.36,62.0139,62.095,3557.0
2026-03-19 14:15:00,62.15,62.42,62.13,62.39,13326.0
2026-03-19 14:20:00,62.33,62.42,62.32,62.41,4959.0
2026-03-19 14:25:00,62.44,62.6299,62.44,62.55,816.0
2026-03-19 14:30:00,62.55,62.81,62.55,62.7,2750.0
2026-03-19 14:35:00,62.75,62.82,62.63,62.82,4201.0
2026-03-19 14:40:00,62.8,62.8,62.8,62.8,100.0
2026-03-19 14:45:00,62.8399,62.84,62.8,62.84,1561.0
2026-03-19 14:50:00,62.88,62.89,62.6,62.62,3583.0
2026-03-19 14:55:00,62.62,62.635,62.27,62.275,1765.0
2026-03-19 15:00:00,62.24,62.24,61.64,61.75,12464.0
2026-03-19 15:05:00,61.55,61.56,61.0,61.36,12099.0
2026-03-19 15:10:00,61.505,61.505,60.79,61.3,12085.0
2026-03-19 15:15:00,61.49,61.5,60.74,60.74,3470.0
2026-03-19 15:20:00,60.8208,60.87,60.57,60.7249,3428.0
2026-03-19 15:25:00,60.955,61.47,60.955,61.0642,5532.0
2026-03-19 15:30:00,61.21,61.4385,61.0942,61.0942,5939.0
2026-03-19 15:35:00,61.33,61.56,61.2418,61.2418,4542.0
2026-03-19 15:40:00,61.24,61.29,61.0,61.16,12807.0
2026-03-19 15:45:00,61.06,61.16,61.06,61.16,519.0
2026-03-19 15:50:00,61.16,61.5628,61.16,61.38,12971.0
2026-03-19 15:55:00,61.32,61.47,61.15,61.36,27116.0
2026-03-19 16:00:00,61.36,61.4606,61.16,61.16,4720.0
2026-03-19 16:05:00,61.191,61.29,61.16,61.16,4048.0
2026-03-19 16:10:00,61.351,61.351,61.351,61.351,814.0
2026-03-19 16:15:00,61.2,61.2,61.2,61.2,600.0
2026-03-19 16:20:00,61.18,61.2,61.18,61.2,200.0
2026-03-19 16:25:00,60.79,61.48,60.79,61.48,546.0
2026-03-19 16:55:00,61.0,61.22,61.0,61.22,500.0
2026-03-19 17:00:00,60.74,61.23,60.74,61.23,375.0
2026-03-19 17:05:00,61.23,61.23,60.77,60.77,4363.0
2026-03-19 17:10:00,60.75,60.75,60.75,60.75,422.0
2026-03-19 17:15:00,60.76,60.76,60.76,60.76,141.0
2026-03-19 17:20:00,60.82,60.82,60.82,60.82,3750.0
2026-03-19 17:30:00,60.84,60.84,60.84,60.84,174.0
2026-03-19 17:50:00,60.82,60.82,60.82,60.82,145.0
2026-03-19 17:55:00,60.76,60.76,60.75,60.75,674.0
2026-03-19 18:00:00,60.71,60.821,60.71,60.821,1200.0
2026-03-19 18:05:00,61.0,61.31,61.0,61.31,3416.0
2026-03-19 18:10:00,61.0,61.0,61.0,61.0,415.0
2026-03-19 18:20:00,60.71,60.83,60.71,60.83,322.0
2026-03-19 18:25:00,60.77,60.77,60.77,60.77,500.0
2026-03-19 18:30:00,61.48,61.48,61.48,61.48,200.0
2026-03-19 18:35:00,61.48,61.99,61.48,61.99,549.0
2026-03-19 18:45:00,61.471,61.471,61.47,61.47,200.0
2026-03-19 18:55:00,61.39,61.42,61.39,61.42,1501.0
2026-03-19 19:00:00,61.19,61.21,61.19,61.21,615.0
2026-03-19 19:05:00,60.92,60.92,60.92,60.92,200.0
2026-03-19 19:20:00,61.67,61.67,61.627,61.627,200.0
2026-03-19 19:25:00,61.5,61.5,61.5,61.5,1000.0
2026-03-19 19:30:00,61.6,61.6,61.6,61.6,1000.0
2026-03-19 19:40:00,61.99,61.99,61.63,61.63,8258.0
2026-03-19 19:45:00,61.866,61.866,61.866,61.866,280.0
2026-03-19 19:50:00,61.9196,61.9196,61.9196,61.9196,100.0
2026-03-19 19:55:00,61.7775,61.7775,61.65,61.65,692.0
2026-03-20 04:00:00,60.85,60.85,60.85,60.85,161.0
2026-03-20 04:05:00,60.99,61.04,60.03,60.03,4939.0
2026-03-20 04:10:00,60.14,60.14,59.49,59.81,7422.0
2026-03-20 04:15:00,59.78,59.91,59.78,59.91,946.0
2026-03-20 04:20:00,60.09,60.12,59.95,59.95,1190.0
2026-03-20 04:30:00,60.12,60.15,60.12,60.15,1001.0
2026-03-20 04:35:00,60.11,60.11,60.06,60.06,258.0
2026-03-20 04:40:00,60.07,60.07,60.07,60.07,151.0
2026-03-20 05:15:00,60.68,60.9,60.67,60.9,6181.0
2026-03-20 05:20:00,61.11,61.11,61.11,61.11,263.0
2026-03-20 05:25:00,61.34,61.34,61.34,61.34,139.0
2026-03-20 05:35:00,61.1,61.15,61.1,61.15,752.0
2026-03-20 05:45:00,61.27,61.27,61.27,61.27,222.0
2026-03-20 05:50:00,61.5,61.61,61.5,61.61,2841.0
2026-03-20 05:55:00,61.72,61.73,61.72,61.73,674.0
2026-03-20 06:00:00,61.62,61.69,61.62,61.69,425.0
2026-03-20 06:05:00,61.88,61.88,61.88,61.88,100.0
2026-03-20 06:20:00,62.01,62.01,61.95,61.95,1290.0
2026-03-20 06:25:00,61.8,61.8,61.8,61.8,105.0
2026-03-20 06:35:00,61.36,61.36,61.36,61.36,152.0
2026-03-20 06:45:00,60.91,61.1,60.88,61.1,6273.0
2026-03-20 06:50:00,61.08,61.08,61.08,61.08,100.0
2026-03-20 06:55:00,61.1,61.1,61.1,61.1,263.0
2026-03-20 07:05:00,60.99,60.99,60.8,60.95,3926.0
2026-03-20 07:20:00,60.85,61.0,60.8,61.0,1062.0
2026-03-20 07:25:00,60.9,60.9,60.9,60.9,868.0
2026-03-20 07:35:00,61.78,61.78,61.78,61.78,163.0
2026-03-20 07:45:00,61.66,61.67,61.6,61.6,2008.0
2026-03-20 08:00:00,59.93,63.0,59.61,60.69,20111.0
2026-03-20 08:05:00,61.23,61.23,60.93,61.05,1914.0
2026-03-20 08:10:00,61.01,61.27,60.9,61.27,4709.0
2026-03-20 08:15:00,61.27,61.27,61.27,61.27,1832.0
2026-03-20 08:35:00,61.679,61.679,61.679,61.679,1621.0
2026-03-20 08:40:00,61.74,61.74,61.74,61.74,176.0
2026-03-20 08:45:00,61.69,61.69,61.69,61.69,222.0
2026-03-20 08:50:00,61.55,61.55,61.4416,61.4416,1824.0
2026-03-20 08:55:00,61.47,61.47,61.47,61.47,438.0
2026-03-20 09:05:00,61.46,61.46,61.1902,61.2278,3160.0
2026-03-20 09:10:00,61.45,61.84,61.45,61.6457,4924.0
2026-03-20 09:15:00,61.45,61.52,61.45,61.52,2200.0
2026-03-20 09:20:00,61.2654,61.2654,61.23,61.23,3327.0
2026-03-20 09:25:00,60.83,60.83,60.83,60.83,1454.0
2026-03-20 09:30:00,61.11,62.07,61.11,61.98,11567.0
2026-03-20 09:35:00,62.29,62.35,61.72,62.0,16298.0
2026-03-20 09:40:00,62.08,62.255,61.24,61.64,10129.0
2026-03-20 09:45:00,61.44,61.67,61.36,61.5,2948.0
2026-03-20 09:50:00,61.6,62.1126,61.6,62.0001,8162.0
2026-03-20 09:55:00,61.94,62.37,61.93,62.3,5634.0
2026-03-20 10:00:00,62.435,62.83,62.11,62.11,10063.0
2026-03-20 10:05:00,62.0,62.61,61.9399,62.19,5007.0
2026-03-20 10:10:00,61.87,62.56,61.87,62.48,1585.0
2026-03-20 10:15:00,62.37,62.55,62.29,62.4997,3008.0
2026-03-20 10:20:00,62.665,62.78,62.0,62.0,7719.0
2026-03-20 10:25:00,62.13,62.19,61.5,61.715,7960.0
2026-03-20 10:30:00,61.7601,61.7601,61.22,61.22,2796.0
2026-03-20 10:35:00,61.16,61.5,61.16,61.345,2412.0
2026-03-20 10:40:00,61.495,61.56,61.39,61.56,1462.0
2026-03-20 10:45:00,61.52,61.7987,61.52,61.66,945.0
2026-03-20 10:50:00,61.84,62.25,61.84,62.25,786.0
2026-03-20 10:55:00,62.22,62.26,62.0,62.1,3817.0
2026-03-20 11:00:00,61.87,62.5,61.87,62.5,764.0
2026-03-20 11:05:00,62.24,62.5211,62.2334,62.52,1671.0
2026-03-20 11:10:00,62.23,62.23,62.07,62.07,1313.0
2026-03-20 11:15:00,62.1,62.49,62.0201,62.49,3438.0
2026-03-20 11:20:00,62.05,62.05,61.62,62.01,1880.0
2026-03-20 11:25:00,62.02,62.25,62.02,62.1,2084.0
2026-03-20 11:30:00,62.12,62.23,61.8622,61.8622,2915.0
2026-03-20 11:35:00,61.97,62.2,61.89,62.2,647.0
2026-03-20 11:40:00,61.9437,61.9437,61.935,61.935,250.0
2026-03-20 11:45:00,62.16,62.16,62.06,62.06,258.0
2026-03-20 11:50:00,61.95,61.98,61.7556,61.9,3935.0
2026-03-20 11:55:00,61.9,61.915,61.8,61.83,840.0
2026-03-20 12:00:00,61.73,61.73,61.58,61.58,700.0
2026-03-20 12:05:00,61.61,61.75,61.61,61.75,662.0
2026-03-20 12:10:00,61.51,61.53,61.45,61.5,3604.0
2026-03-20 12:15:00,61.57,61.7,61.31,61.34,1262.0
2026-03-20 12:20:00,61.275,61.59,61.22,61.48,34527.0
2026-03-20 12:25:00,61.61,61.7,61.52,61.52,3556.0
2026-03-20 12:30:00,61.52,62.0,61.44,61.7289,2500.0
2026-03-20 12:35:00,61.827,61.83,61.78,61.83,1181.0
2026-03-20 12:40:00,61.82,61.82,61.76,61.8,3715.0
2026-03-20 12:45:00,61.79,61.82,61.7,61.8,1090.0
2026-03-20 12:50:00,61.82,61.9481,61.76,61.805,3528.0
2026-03-20 12:55:00,61.69,61.69,61.4134,61.47,6156.0
2026-03-20 13:00:00,61.615,61.615,61.46,61.46,953.0
2026-03-20 13:05:00,61.49,61.65,61.49,61.5625,1307.0
2026-03-20 13:10:00,61.8,61.9761,61.8,61.91,401.0
2026-03-20 13:15:00,61.87,61.98,61.87,61.98,529.0
2026-03-20 13:20:00,61.99,62.0173,61.83,61.83,2010.0
2026-03-20 13:25:00,62.02,62.07,61.97,62.07,703.0
2026-03-20 13:30:00,62.0799,62.46,62.05,62.46,3699.0
2026-03-20 13:35:00,62.445,62.66,62.28,62.28,3450.0
2026-03-20 13:40:00,62.35,62.37,62.34,62.34,1330.0
2026-03-20 13:45:00,62.37,62.42,62.36,62.36,1390.0
2026-03-20 13:50:00,62.36,62.36,62.2,62.2,214.0
2026-03-20 13:55:00,62.04,62.05,61.62,61.79,1995.0
2026-03-20 14:00:00,61.82,61.82,61.82,61.82,200.0
2026-03-20 14:05:00,61.83,61.8747,61.79,61.8747,1482.0
2026-03-20 14:10:00,61.75,61.8,61.74,61.8,795.0
2026-03-20 14:15:00,61.82,61.9875,61.82,61.91,1476.0
2026-03-20 14:20:00,61.88,62.4492,61.88,62.4492,1463.0
2026-03-20 14:25:00,62.295,62.45,62.15,62.42,1617.0
2026-03-20 14:30:00,62.42,62.7361,62.36,62.45,2919.0
2026-03-20 14:35:00,62.5,62.87,62.5,62.6,4994.0
2026-03-20 14:40:00,62.58,62.59,62.29,62.47,2222.0
2026-03-20 14:45:00,62.36,62.55,62.17,62.45,2691.0
2026-03-20 14:50:00,62.54,62.54,62.3,62.31,1885.0
2026-03-20 14:55:00,62.31,62.69,62.31,62.5999,761.0
2026-03-20 15:00:00,62.2901,62.32,62.24,62.24,4788.0
2026-03-20 15:05:00,62.355,62.6618,62.355,62.525,2692.0
2026-03-20 15:10:00,62.48,62.61,62.3001,62.4,2261.0
2026-03-20 15:15:00,62.4958,62.4958,62.35,62.365,2171.0
2026-03-20 15:20:00,62.3,62.6,62.27,62.6,1885.0
2026-03-20 15:25:00,62.51,62.55,62.41,62.42,1593.0
2026-03-20 15:30:00,62.41,62.57,62.34,62.57,3238.0
2026-03-20 15:35:00,62.67,62.88,62.67,62.745,6852.0
2026-03-20 15:40:00,62.72,62.72,62.43,62.61,953.0
2026-03-20 15:45:00,62.08,62.26,62.02,62.19,14792.0
2026-03-20 15:50:00,62.21,62.23,61.89,61.89,5748.0
2026-03-20 15:55:00,61.9373,62.08,61.7988,61.92,36892.0
2026-03-20 16:00:00,61.84,62.29,61.8,61.84,3022.0
2026-03-20 16:05:00,61.981,62.02,61.981,62.02,400.0
2026-03-20 16:10:00,61.75,61.75,61.63,61.6431,3670.0
2026-03-20 16:15:00,62.0,62.0,61.79,61.95,9684.0
2026-03-20 16:30:00,61.97,62.28,61.97,62.28,4320.0
2026-03-20 16:35:00,62.07,62.07,62.02,62.0201,1118.0
2026-03-20 16:45:00,62.11,62.1101,62.11,62.11,457.0
2026-03-20 16:50:00,61.8505,61.8505,61.6292,61.63,531.0
2026-03-20 17:15:00,61.66,61.66,61.3,61.3,1277.0
2026-03-20 17:20:00,61.01,61.09,61.01,61.06,4190.0
2026-03-20 17:25:00,61.3681,61.3681,61.0,61.0,1819.0
2026-03-20 17:30:00,60.0,60.63,60.0,60.63,771.0
2026-03-20 17:35:00,60.6,60.6,60.6,60.6,706.0
2026-03-20 17:40:00,61.2,61.2,61.2,61.2,816.0
2026-03-20 18:00:00,60.05,60.4,60.05,60.4,1106.0
2026-03-20 18:10:00,60.4,60.62,60.4,60.62,384.0
2026-03-20 18:15:00,60.16,60.16,60.16,60.16,213.0
2026-03-20 18:25:00,60.31,60.99,60.31,60.99,1934.0
2026-03-20 18:40:00,60.99,60.99,60.99,60.99,100.0
2026-03-20 18:50:00,60.3,60.33,60.3,60.33,844.0
2026-03-20 19:10:00,60.71,60.71,60.71,60.71,169.0
2026-03-20 19:20:00,60.88,60.88,60.88,60.88,192.0
2026-03-20 19:30:00,61.0,61.0,61.0,61.0,100.0
2026-03-20 19:35:00,61.0,61.2,61.0,61.2,1595.0
2026-03-20 19:40:00,61.19,61.19,61.19,61.19,781.0
2026-03-20 19:50:00,60.9,60.9,60.9,60.9,791.0
2026-03-23 04:00:00,67.15,67.16,66.89,66.95,814.0
2026-03-23 04:05:00,66.83,66.9,66.55,66.55,2158.0
2026-03-23 04:10:00,66.61,66.68,66.53,66.64,10939.0
2026-03-23 04:15:00,66.25,66.25,66.23,66.23,273.0
2026-03-23 04:20:00,66.44,66.44,66.35,66.36,650.0
2026-03-23 04:35:00,66.46,66.54,66.46,66.51,536.0
2026-03-23 04:40:00,66.66,66.66,66.66,66.66,220.0
2026-03-23 04:55:00,66.9,66.96,66.9,66.96,992.0
2026-03-23 05:00:00,67.11,67.11,67.11,67.11,232.0
2026-03-23 05:05:00,67.47,67.48,67.47,67.48,404.0
2026-03-23 05:15:00,67.26,67.26,67.07,67.07,315.0
2026-03-23 05:20:00,67.13,67.13,67.0,67.0,291.0
2026-03-23 05:30:00,67.53,67.7,67.53,67.7,7801.0
2026-03-23 05:35:00,67.87,67.87,67.87,67.87,153.0
2026-03-23 06:00:00,67.1,67.1,67.1,67.1,147.0
2026-03-23 06:50:00,67.09,67.09,67.0,67.0,225.0
2026-03-23 06:55:00,66.87,66.87,66.87,66.87,120.0
2026-03-23 07:00:00,66.9,66.9,66.62,66.65,3262.0
2026-03-23 07:05:00,66.73,66.73,60.0,60.0,30342.0
2026-03-23 07:10:00,60.4,60.4,58.01,59.69,14763.0
2026-03-23 07:15:00,59.61,60.0,58.85,60.0,4854.0
2026-03-23 07:20:00,59.72,60.0,59.72,60.0,2336.0
2026-03-23 07:25:00,60.89,60.89,60.0,60.0,1065.0
2026-03-23 07:30:00,59.87,59.87,59.38,59.53,1479.0
2026-03-23 07:35:00,59.6,60.3,59.6,60.3,2360.0
2026-03-23 07:40:00,60.35,60.65,60.35,60.65,1052.0
2026-03-23 07:45:00,60.91,61.5,60.91,61.5,4945.0
2026-03-23 07:50:00,61.3,61.69,60.64,60.69,1799.0
2026-03-23 07:55:00,61.34,61.8,61.34,61.8,1354.0
2026-03-23 08:00:00,62.04,68.3,58.3,62.49,35266.0
2026-03-23 08:05:00,62.8214,62.8214,62.52,62.66,3176.0
2026-03-23 08:10:00,62.3712,62.88,62.31,62.88,2614.0
2026-03-23 08:15:00,62.8676,62.8676,62.31,62.31,1642.0
2026-03-23 08:20:00,62.31,62.31,61.79,62.03,3609.0
2026-03-23 08:25:00,62.51,62.51,62.51,62.51,100.0
2026-03-23 08:30:00,62.3,62.7,62.2822,62.2822,4401.0
2026-03-23 08:35:00,62.1,62.2,61.87,62.15,960.0
2026-03-23 08:40:00,61.73,61.73,61.12,61.2,2620.0
2026-03-23 08:45:00,61.0414,61.19,61.0414,61.07,591.0
2026-03-23 08:50:00,61.37,61.37,61.06,61.12,823.0
2026-03-23 08:55:00,61.52,61.52,61.52,61.52,463.0
2026-03-23 09:00:00,60.85,60.85,60.85,60.85,100.0
2026-03-23 09:05:00,61.28,61.5,61.14,61.14,2045.0
2026-03-23 09:10:00,61.18,61.18,61.18,61.18,191.0
2026-03-23 09:15:00,61.03,61.0308,61.03,61.0308,213.0
2026-03-23 09:20:00,60.82,60.82,60.82,60.82,100.0
2026-03-23 09:30:00,60.91,61.4999,60.86,61.175,10744.0
2026-03-23 09:35:00,61.1,61.275,60.25,60.32,28970.0
2026-03-23 09:40:00,60.5,60.66,59.39,59.7941,74496.0
2026-03-23 09:45:00,59.94,60.15,59.7,59.7357,8808.0
2026-03-23 09:50:00,59.6,59.6,58.78,59.22,17349.0
2026-03-23 09:55:00,59.335,59.55,58.885,58.885,16727.0
2026-03-23 10:00:00,58.85,59.025,58.48,58.77,11449.0
2026-03-23 10:05:00,59.0,59.01,58.6,58.7,3577.0
2026-03-23 10:10:00,58.5,59.23,58.5,59.1,6863.0
2026-03-23 10:15:00,59.05,59.05,58.795,59.0074,2871.0
2026-03-23 10:20:00,59.0,59.2199,58.8,58.98,4947.0
2026-03-23 10:25:00,58.99,59.31,58.73,59.31,1997.0
2026-03-23 10:30:00,59.2583,59.57,59.25,59.565,2642.0
2026-03-23 10:35:00,59.54,59.6,59.0,59.0546,8935.0
2026-03-23 10:40:00,59.12,59.44,59.12,59.29,4944.0
2026-03-23 10:45:00,59.6,59.75,59.4,59.69,3346.0
2026-03-23 10:50:00,59.75,59.75,59.46,59.51,2629.0
2026-03-23 10:55:00,59.5,59.5,58.995,59.06,4391.0
2026-03-23 11:00:00,59.0463,59.05,58.6818,58.85,4352.0
2026-03-23 11:05:00,58.9,59.1798,58.82,59.03,6257.0
2026-03-23 11:10:00,59.02,59.13,59.0,59.13,1034.0
2026-03-23 11:15:00,59.3696,59.71,59.355,59.71,1326.0
2026-03-23 11:20:00,59.74,60.03,59.6,59.77,15860.0
2026-03-23 11:25:00,59.95,60.11,59.95,60.04,4967.0
2026-03-23 11:30:00,60.05,60.23,60.05,60.23,2417.0
2026-03-23 11:35:00,60.38,60.6,60.0911,60.4473,7526.0
2026-03-23 11:40:00,60.65,61.06,60.59,60.9275,6154.0
2026-03-23 11:45:00,60.95,61.45,60.541,60.541,2993.0
2026-03-23 11:50:00,60.69,62.09,60.54,61.919,6666.0
2026-03-23 11:55:00,61.9,62.31,61.9,62.2,18562.0
2026-03-23 12:00:00,62.0401,62.18,61.7395,61.94,3186.0
2026-03-23 12:05:00,62.12,62.26,61.65,61.65,7493.0
2026-03-23 12:10:00,61.77,61.795,61.58,61.58,9521.0
2026-03-23 12:15:00,61.58,62.33,61.58,62.33,6890.0
2026-03-23 12:20:00,62.28,62.73,62.21,62.32,6242.0
2026-03-23 12:25:00,62.49,62.8606,62.49,62.56,10172.0
2026-03-23 12:30:00,62.74,62.78,62.155,62.155,3735.0
2026-03-23 12:35:00,61.97,62.294,61.945,62.19,2979.0
2026-03-23 12:40:00,62.33,62.33,62.02,62.0746,2377.0
2026-03-23 12:45:00,61.815,61.815,61.385,61.385,5264.0
2026-03-23 12:50:00,61.61,61.625,61.61,61.625,200.0
2026-03-23 12:55:00,61.76,62.02,61.76,61.8,4187.0
2026-03-23 13:00:00,61.7,61.9,61.59,61.9,2102.0
2026-03-23 13:05:00,61.9,61.9,61.7,61.71,3689.0
2026-03-23 13:10:00,61.64,61.64,61.64,61.64,100.0
2026-03-23 13:15:00,61.79,62.1,61.72,62.1,1541.0
2026-03-23 13:20:00,62.26,62.27,62.05,62.05,2232.0
2026-03-23 13:25:00,62.04,62.09,61.87,61.99,1177.0
2026-03-23 13:30:00,61.97,61.97,61.13,61.22,7040.0
2026-03-23 13:35:00,61.065,61.065,60.5387,60.8,5779.0
2026-03-23 13:40:00,60.84,61.22,60.84,61.14,1688.0
2026-03-23 13:45:00,61.125,61.125,60.97,60.97,473.0
2026-03-23 13:50:00,60.89,61.01,60.7611,60.77,1950.0
2026-03-23 13:55:00,60.77,60.78,60.71,60.75,3786.0
2026-03-23 14:00:00,60.61,60.77,60.61,60.655,1021.0
2026-03-23 14:05:00,60.73,61.2279,60.57,61.0,1951.0
2026-03-23 14:10:00,60.9,60.9,60.68,60.68,30261.0
2026-03-23 14:15:00,60.93,60.96,60.85,60.85,693.0
2026-03-23 14:20:00,60.865,61.07,60.86,60.915,1033.0
2026-03-23 14:25:00,61.0,61.185,61.0,61.185,1127.0
2026-03-23 14:30:00,60.9701,61.025,60.74,60.74,1395.0
2026-03-23 14:35:00,60.62,60.85,60.575,60.85,1020.0
2026-03-23 14:40:00,60.7443,60.7443,60.48,60.48,578.0
2026-03-23 14:45:00,60.5,60.5,59.95,60.32,4266.0
2026-03-23 14:50:00,60.09,60.29,60.0003,60.29,3861.0
2026-03-23 14:55:00,60.07,60.0937,59.76,59.76,1153.0
2026-03-23 15:00:00,59.84,59.93,59.83,59.9,1276.0
2026-03-23 15:05:00,59.6,60.2594,59.4,60.035,4288.0
2026-03-23 15:10:00,60.095,60.095,60.095,60.095,1587.0
2026-03-23 15:15:00,60.18,60.235,60.12,60.135,1540.0
2026-03-23 15:20:00,60.1964,60.1964,59.9925,60.0137,450.0
2026-03-23 15:25:00,59.98,59.98,59.98,59.98,163.0
2026-03-23 15:30:00,59.97,60.05,59.97,60.05,1500.0
2026-03-23 15:35:00,60.14,60.14,60.0601,60.12,5762.0
2026-03-23 15:40:00,60.18,60.31,60.18,60.235,2616.0
2026-03-23 15:45:00,60.23,60.4,60.15,60.4,2792.0
2026-03-23 15:50:00,60.495,60.605,60.42,60.55,1584.0
2026-03-23 15:55:00,60.64,60.71,60.53,60.55,24790.0
2026-03-23 16:00:00,60.57,60.81,60.57,60.81,1697.0
2026-03-23 16:10:00,60.6,60.6,60.3815,60.3815,1377.0
2026-03-23 16:15:00,60.31,60.31,60.1904,60.28,597.0
2026-03-23 16:20:00,60.2,60.2,60.2,60.2,500.0
2026-03-23 16:25:00,60.31,60.31,60.31,60.31,350.0
2026-03-23 16:30:00,60.35,60.35,60.35,60.35,1666.0
2026-03-23 16:35:00,60.24,60.24,60.24,60.24,502.0
2026-03-23 16:45:00,60.1057,60.1057,60.1057,60.1057,259.0
2026-03-23 17:50:00,60.18,60.18,60.18,60.18,126.0
2026-03-23 18:00:00,60.5,60.5,60.5,60.5,511.0
2026-03-23 18:30:00,60.89,60.89,60.89,60.89,164.0
2026-03-23 18:35:00,60.67,60.67,60.67,60.67,370.0
2026-03-23 19:15:00,61.29,61.29,61.29,61.29,713.0
2026-03-23 19:20:00,61.5,61.5,61.4253,61.4253,3033.0
2026-03-23 19:30:00,60.9,60.9,60.9,60.9,257.0
2026-03-23 19:40:00,60.92,60.92,60.92,60.92,100.0
2026-03-23 19:45:00,60.91,60.99,60.91,60.99,339.0
2026-03-24 04:05:00,60.21,60.22,60.21,60.22,472.0
2026-03-24 04:15:00,60.38,60.38,60.38,60.38,104.0
2026-03-24 04:55:00,60.7,60.7,60.7,60.7,223.0
2026-03-24 05:00:00,60.63,60.63,60.63,60.63,223.0
2026-03-24 05:45:00,60.34,60.34,60.34,60.34,222.0
2026-03-24 05:55:00,60.08,60.08,60.08,60.08,158.0
2026-03-24 06:15:00,60.32,60.44,60.3,60.3,13972.0
2026-03-24 06:20:00,60.31,60.31,60.31,60.31,5845.0
2026-03-24 06:40:00,60.47,60.47,60.4,60.4,258.0
2026-03-24 06:50:00,60.32,60.32,60.31,60.31,600.0
2026-03-24 07:00:00,60.5,60.5,60.5,60.5,123.0
2026-03-24 07:25:00,60.4,60.4,60.4,60.4,154.0
2026-03-24 07:30:00,60.11,60.11,60.1,60.1,323.0
2026-03-24 07:35:00,60.13,60.13,59.76,59.76,300.0
2026-03-24 07:40:00,59.75,59.75,59.53,59.53,454.0
2026-03-24 07:45:00,59.7,59.71,59.7,59.71,354.0
2026-03-24 08:00:00,59.87,62.39,59.67,61.5,9216.0
2026-03-24 08:05:00,60.18,60.18,60.15,60.15,307.0
2026-03-24 08:10:00,60.2,60.2,59.83,59.83,640.0
2026-03-24 08:15:00,59.96,59.96,59.96,59.96,200.0
2026-03-24 08:25:00,60.04,60.04,60.04,60.04,100.0
2026-03-24 08:30:00,59.99,60.3691,59.99,60.3691,673.0
2026-03-24 08:35:00,60.23,60.41,60.23,60.41,1484.0
2026-03-24 08:40:00,60.28,60.28,60.2175,60.25,569.0
2026-03-24 08:45:00,60.27,60.37,60.25,60.37,1316.0
2026-03-24 08:50:00,60.11,60.11,60.11,60.11,100.0
2026-03-24 08:55:00,60.25,60.25,60.25,60.25,411.0
2026-03-24 09:00:00,60.19,60.19,60.19,60.19,230.0
2026-03-24 09:05:00,60.4167,60.7,60.4167,60.7,859.0
2026-03-24 09:10:00,60.73,60.78,60.39,60.39,2699.0
2026-03-24 09:15:00,60.52,60.52,60.52,60.52,186.0
2026-03-24 09:20:00,60.9,60.9183,60.75,60.75,1263.0
2026-03-24 09:30:00,60.81,60.95,60.35,60.41,14065.0
2026-03-24 09:35:00,60.61,61.32,60.48,61.32,5242.0
2026-03-24 09:40:00,61.32,61.655,61.195,61.655,21107.0
2026-03-24 09:45:00,61.65,61.8,61.3102,61.8,14327.0
2026-03-24 09:50:00,61.74,62.0,61.53,61.73,6389.0
2026-03-24 09:55:00,61.628,61.72,61.415,61.5767,12692.0
2026-03-24 10:00:00,61.44,61.6595,61.34,61.59,6527.0
2026-03-24 10:05:00,61.35,61.49,61.04,61.215,3298.0
2026-03-24 10:10:00,61.36,62.3649,61.36,61.9788,17138.0
2026-03-24 10:15:00,62.07,62.4,61.965,62.0,7328.0
2026-03-24 10:20:00,61.99,62.21,61.9092,62.21,9007.0
2026-03-24 10:25:00,62.25,62.25,61.75,61.87,6539.0
2026-03-24 10:30:00,61.73,61.73,61.73,61.73,100.0
2026-03-24 10:35:00,61.59,62.1,61.57,62.0701,6286.0
2026-03-24 10:40:00,62.1692,62.18,61.98,62.0,8126.0
2026-03-24 10:45:00,62.37,62.42,61.94,62.1782,3876.0
2026-03-24 10:50:00,62.45,62.74,61.3599,61.76,10517.0
2026-03-24 10:55:00,61.72,62.21,61.53,62.045,14283.0
2026-03-24 11:00:00,61.66,61.7493,61.52,61.7493,2466.0
2026-03-24 11:05:00,61.68,61.78,61.68,61.78,2689.0
2026-03-24 11:10:00,61.85,61.86,61.67,61.8,3368.0
2026-03-24 11:15:00,61.73,61.74,61.61,61.62,1392.0
2026-03-24 11:20:00,61.625,61.735,61.13,61.17,20629.0
2026-03-24 11:25:00,61.22,61.6,61.2058,61.6,2269.0
2026-03-24 11:30:00,61.63,62.04,61.615,61.82,3108.0
2026-03-24 11:35:00,61.75,61.78,61.279,61.37,5097.0
2026-03-24 11:40:00,61.395,61.55,61.34,61.55,1612.0
2026-03-24 11:45:00,61.62,61.7,61.58,61.7,2713.0
2026-03-24 11:50:00,61.58,61.58,61.58,61.58,100.0
2026-03-24 11:55:00,61.67,61.94,61.67,61.94,320.0
2026-03-24 12:00:00,61.96,61.96,61.7511,61.82,656.0
2026-03-24 12:05:00,61.79,61.88,61.72,61.72,500.0
2026-03-24 12:10:00,61.67,61.73,61.651,61.7,1399.0
2026-03-24 12:15:00,61.7,61.7,61.52,61.575,461.0
2026-03-24 12:20:00,61.58,61.58,61.58,61.58,100.0
2026-03-24 12:25:00,61.73,61.99,61.73,61.77,400.0
2026-03-24 12:30:00,61.82,61.82,61.82,61.82,324.0
2026-03-24 12:35:00,62.04,62.635,62.04,62.6,4146.0
2026-03-24 12:40:00,62.55,62.63,62.06,62.0605,8166.0
2026-03-24 12:45:00,62.0,62.34,62.0,62.33,1780.0
2026-03-24 12:50:00,62.2249,62.23,62.09,62.23,1138.0
2026-03-24 12:55:00,62.4,62.4,62.26,62.3,600.0
2026-03-24 13:00:00,62.2,62.74,62.2,62.74,2742.0
2026-03-24 13:05:00,62.98,63.07,62.83,63.02,1842.0
2026-03-24 13:10:00,62.83,62.94,62.8,62.87,1420.0
2026-03-24 13:15:00,62.93,63.17,62.93,63.115,788.0
2026-03-24 13:20:00,63.03,63.03,62.8301,62.8301,1890.0
2026-03-24 13:25:00,63.05,63.15,63.05,63.15,695.0
2026-03-24 13:30:00,63.1211,63.345,62.91,63.305,3299.0
2026-03-24 13:35:00,63.33,63.33,63.3,63.3,758.0
2026-03-24 13:40:00,63.01,63.68,63.01,63.61,3862.0
2026-03-24 13:45:00,63.56,63.6,63.42,63.42,4033.0
2026-03-24 13:50:00,63.4,63.45,63.17,63.4,1354.0
2026-03-24 13:55:00,63.39,63.44,63.14,63.35,1971.0
2026-03-24 14:00:00,63.265,63.47,63.22,63.4,12170.0
2026-03-24 14:05:00,63.41,63.45,63.2,63.2101,4851.0
2026-03-24 14:10:00,63.2601,63.3,63.2601,63.3,300.0
2026-03-24 14:15:00,63.2,63.32,62.94,62.94,500.0
2026-03-24 14:20:00,63.095,63.095,62.89,62.9,4662.0
2026-03-24 14:25:00,62.89,62.94,62.75,62.9089,1839.0
2026-03-24 14:30:00,62.61,62.68,62.61,62.68,625.0
2026-03-24 14:35:00,62.71,62.71,62.21,62.21,4714.0
2026-03-24 14:40:00,62.27,62.71,62.27,62.69,6750.0
2026-03-24 14:45:00,62.72,62.82,62.7,62.82,455.0
2026-03-24 14:50:00,62.7,62.7,62.51,62.61,934.0
2026-03-24 14:55:00,62.735,62.735,62.735,62.735,208.0
2026-03-24 15:00:00,62.63,62.63,62.545,62.55,804.0
2026-03-24 15:05:00,62.53,62.54,62.3501,62.3501,3342.0
2026-03-24 15:10:00,62.315,62.345,62.29,62.345,3319.0
2026-03-24 15:15:00,62.31,62.4,62.31,62.4,600.0
2026-03-24 15:20:00,62.42,62.435,62.41,62.435,400.0
2026-03-24 15:25:00,62.51,62.56,62.51,62.55,803.0
2026-03-24 15:30:00,62.78,62.855,62.75,62.834,5336.0
2026-03-24 15:35:00,62.75,62.75,62.75,62.75,100.0
2026-03-24 15:40:00,62.7,62.71,62.65,62.71,1862.0
2026-03-24 15:45:00,62.745,62.93,62.745,62.93,1641.0
2026-03-24 15:50:00,63.0,63.0,62.9153,62.97,1669.0
2026-03-24 15:55:00,62.9,62.99,62.855,62.93,22213.0
2026-03-24 16:00:00,62.93,63.0,62.8,62.8,1460.0
2026-03-24 16:10:00,62.85,62.85,62.85,62.85,2238.0
2026-03-24 16:15:00,62.57,62.57,62.57,62.57,826.0
2026-03-24 16:20:00,62.48,62.48,61.24,61.24,6453.0
2026-03-24 16:25:00,61.2,61.5,60.73,61.5,8605.0
2026-03-24 16:30:00,61.11,61.11,60.9,60.91,1200.0
2026-03-24 16:35:00,61.25,61.25,61.25,61.25,100.0
2026-03-24 16:40:00,60.9157,60.9157,60.9157,60.9157,264.0
2026-03-24 16:45:00,60.9,61.18,60.9,61.18,888.0
2026-03-24 16:50:00,60.83,60.83,60.83,60.83,111.0
2026-03-24 16:55:00,60.82,60.97,60.82,60.97,320.0
2026-03-24 17:05:00,61.2037,61.58,61.2037,61.58,2273.0
2026-03-24 17:15:00,61.24,61.39,61.24,61.39,269.0
2026-03-24 17:20:00,61.69,61.69,61.69,61.69,100.0
2026-03-24 17:25:00,61.34,61.34,61.34,61.34,317.0
2026-03-24 17:30:00,61.23,61.23,61.22,61.22,1000.0
2026-03-24 17:35:00,60.82,60.82,60.82,60.82,838.0
2026-03-24 17:40:00,60.7,60.7,60.31,60.31,1646.0
2026-03-24 17:45:00,60.51,60.51,60.51,60.51,109.0
2026-03-24 17:55:00,60.8,60.8,60.8,60.8,183.0
2026-03-24 18:00:00,60.79,61.29,60.79,61.29,251.0
2026-03-24 18:05:00,60.78,60.7801,60.78,60.78,3259.0
2026-03-24 18:10:00,60.7,60.7,60.35,60.35,1009.0
2026-03-24 18:15:00,60.71,60.71,60.52,60.52,245.0
2026-03-24 18:20:00,60.64,60.64,60.64,60.64,100.0
2026-03-24 18:25:00,61.43,61.43,61.25,61.25,779.0
2026-03-24 18:30:00,61.79,61.79,61.08,61.08,804.0
2026-03-24 18:45:00,61.18,61.18,61.18,61.18,500.0
2026-03-24 18:50:00,61.18,61.18,61.1,61.1,532.0
2026-03-24 19:00:00,61.09,61.09,61.09,61.09,114.0
2026-03-24 19:05:00,60.73,60.8033,60.73,60.8033,2164.0
2026-03-24 19:10:00,60.8,60.8,60.8,60.8,150.0
2026-03-24 19:20:00,60.8,60.8,60.8,60.8,100.0
2026-03-24 19:25:00,60.6,60.6,60.51,60.51,525.0
2026-03-24 19:30:00,60.35,60.35,60.1,60.1,7199.0
2026-03-24 19:35:00,60.02,60.05,60.02,60.0201,887.0
2026-03-24 19:40:00,60.17,60.17,60.17,60.17,100.0
2026-03-24 19:50:00,60.4131,60.72,60.4131,60.72,882.0
2026-03-24 19:55:00,60.2,60.2,60.14,60.14,271.0
2026-03-25 04:00:00,59.89,59.89,59.86,59.86,1096.0
2026-03-25 04:05:00,59.73,59.79,59.51,59.51,455.0
2026-03-25 04:10:00,59.83,59.83,59.77,59.77,467.0
2026-03-25 04:15:00,59.77,59.77,59.77,59.77,187.0
2026-03-25 04:20:00,59.47,59.57,59.47,59.57,950.0
2026-03-25 04:25:00,59.22,59.22,58.8,58.8,593.0
2026-03-25 04:30:00,58.74,58.76,58.63,58.63,773.0
2026-03-25 04:35:00,59.04,59.05,59.04,59.05,477.0
2026-03-25 05:20:00,58.95,58.99,58.9,58.99,1805.0
2026-03-25 05:25:00,58.87,58.87,58.87,58.87,100.0
2026-03-25 05:55:00,59.0,59.0,59.0,59.0,418.0
2026-03-25 06:00:00,58.64,58.64,58.64,58.64,107.0
2026-03-25 06:05:00,58.68,58.68,58.65,58.65,560.0
2026-03-25 06:10:00,58.58,58.58,58.58,58.58,481.0
2026-03-25 06:30:00,58.75,58.75,58.75,58.75,138.0
2026-03-25 06:35:00,58.82,58.82,58.82,58.82,159.0
2026-03-25 06:45:00,58.84,58.84,58.76,58.76,305.0
2026-03-25 07:00:00,58.75,58.75,58.75,58.75,857.0
2026-03-25 07:10:00,58.65,58.65,58.65,58.65,688.0
2026-03-25 07:15:00,58.6,58.6,58.4,58.4,1253.0
2026-03-25 07:20:00,58.21,58.21,58.21,58.21,133.0
2026-03-25 07:25:00,58.2,58.23,58.2,58.23,5570.0
2026-03-25 07:30:00,58.09,58.11,57.95,58.07,5952.0
2026-03-25 07:35:00,57.86,57.95,57.86,57.95,621.0
2026-03-25 07:40:00,58.38,58.38,58.38,58.38,100.0
2026-03-25 07:45:00,58.35,58.8,58.3,58.8,2448.0
2026-03-25 07:50:00,58.69,58.78,58.66,58.66,965.0
2026-03-25 08:00:00,58.07,60.6,57.99,58.4644,9941.0
2026-03-25 08:05:00,58.4193,58.4193,58.27,58.31,2180.0
2026-03-25 08:10:00,58.3499,58.45,58.3499,58.37,976.0
2026-03-25 08:15:00,58.4294,59.2,58.4294,59.12,3566.0
2026-03-25 08:20:00,59.22,59.71,59.2,59.45,1895.0
2026-03-25 08:30:00,59.7569,59.89,59.6,59.6,2569.0
2026-03-25 08:35:00,59.45,59.45,59.4,59.4,398.0
2026-03-25 08:50:00,59.45,59.45,59.45,59.45,100.0
2026-03-25 08:55:00,59.21,59.21,58.39,58.88,2131.0
2026-03-25 09:00:00,58.6,58.64,58.6,58.62,570.0
2026-03-25 09:05:00,58.8,58.8,58.8,58.8,200.0
2026-03-25 09:10:00,58.87,58.87,58.87,58.87,100.0
2026-03-25 09:15:00,58.9,58.9,58.9,58.9,348.0
2026-03-25 09:20:00,58.88,58.88,58.88,58.88,368.0
2026-03-25 09:30:00,58.84,58.885,58.0501,58.5,13289.0
2026-03-25 09:35:00,58.45,58.45,57.91,58.25,4933.0
2026-03-25 09:40:00,58.0425,58.55,58.0,58.55,6552.0
2026-03-25 09:45:00,58.5,58.5,58.375,58.43,6754.0
2026-03-25 09:50:00,58.67,58.67,58.54,58.54,1465.0
2026-03-25 09:55:00,58.455,58.72,58.455,58.72,2380.0
2026-03-25 10:00:00,58.66,59.1789,58.6255,58.92,3667.0
2026-03-25 10:05:00,59.15,59.15,58.9288,58.9288,3810.0
2026-03-25 10:10:00,59.0,59.1599,59.0,59.1599,375.0
2026-03-25 10:15:00,59.03,59.03,58.9,58.9257,480.0
2026-03-25 10:20:00,58.85,59.3,58.85,59.3,2555.0
2026-03-25 10:25:00,59.02,59.12,59.01,59.06,1600.0
2026-03-25 10:30:00,59.0688,59.0688,58.795,58.82,1628.0
2026-03-25 10:35:00,58.77,59.02,58.77,59.02,3733.0
2026-03-25 10:40:00,59.03,59.1294,59.0,59.05,4132.0
2026-03-25 10:45:00,59.17,59.1904,59.055,59.055,1092.0
2026-03-25 10:50:00,59.085,59.11,59.06,59.06,650.0
2026-03-25 11:00:00,59.4607,59.4607,59.2529,59.34,2415.0
2026-03-25 11:05:00,59.35,60.16,59.35,60.045,7663.0
2026-03-25 11:10:00,60.035,60.29,59.84,60.24,4789.0
2026-03-25 11:15:00,60.125,60.9991,60.0194,60.785,6290.0
2026-03-25 11:20:00,60.6,60.62,60.045,60.0823,2889.0
2026-03-25 11:25:00,60.1,60.21,59.88,59.94,53292.0
2026-03-25 11:30:00,59.9,60.075,59.73,59.96,7812.0
2026-03-25 11:35:00,60.26,60.26,60.2425,60.2425,571.0
2026-03-25 11:40:00,60.24,60.33,60.2,60.2688,753.0
2026-03-25 11:45:00,60.14,60.15,60.09,60.09,1717.0
2026-03-25 11:50:00,59.97,60.1081,59.97,60.1081,760.0
2026-03-25 11:55:00,60.13,60.13,59.9774,60.0,840.0
2026-03-25 12:00:00,60.13,60.24,60.1084,60.19,576.0
2026-03-25 12:05:00,60.315,60.315,60.04,60.04,1244.0
2026-03-25 12:10:00,60.082,60.082,60.082,60.082,740.0
2026-03-25 12:20:00,60.18,60.18,59.81,59.81,1212.0
2026-03-25 12:25:00,59.6,59.71,58.98,59.0947,6658.0
2026-03-25 12:30:00,59.46,59.46,59.06,59.06,347.0
2026-03-25 12:35:00,59.275,59.275,59.04,59.04,2433.0
2026-03-25 12:40:00,59.0448,59.145,59.0448,59.145,1281.0
2026-03-25 12:45:00,59.2385,59.46,59.2,59.46,1602.0
2026-03-25 12:50:00,59.47,59.47,59.47,59.47,250.0
2026-03-25 12:55:00,59.235,59.4199,59.235,59.4199,200.0
2026-03-25 13:00:00,59.36,59.5301,59.36,59.385,375.0
2026-03-25 13:05:00,59.495,59.57,59.495,59.57,400.0
2026-03-25 13:10:00,59.7317,59.7317,59.6,59.6,534.0
2026-03-25 13:15:00,59.76,59.88,59.76,59.78,581.0
2026-03-25 13:20:00,59.68,59.685,59.64,59.64,554.0
2026-03-25 13:25:00,59.69,59.69,59.53,59.605,5375.0
2026-03-25 13:30:00,59.93,59.93,59.85,59.85,750.0
2026-03-25 13:35:00,59.7834,60.1323,59.7834,60.02,4534.0
2026-03-25 13:40:00,60.03,60.06,59.74,59.99,2015.0
2026-03-25 13:45:00,59.945,59.945,59.88,59.88,425.0
2026-03-25 13:50:00,60.2,60.2,60.03,60.14,694.0
2026-03-25 13:55:00,60.23,60.23,59.91,60.02,1558.0
2026-03-25 14:00:00,60.1,60.1,59.8801,59.9,1444.0
2026-03-25 14:05:00,59.775,59.775,59.775,59.775,250.0
2026-03-25 14:10:00,59.86,59.86,59.73,59.73,733.0
2026-03-25 14:15:00,59.65,59.7413,59.53,59.7413,1389.0
2026-03-25 14:20:00,59.6199,59.6199,59.6199,59.6199,1677.0
2026-03-25 14:25:00,59.5799,59.66,59.5799,59.64,982.0
2026-03-25 14:30:00,59.59,59.71,59.59,59.7,1083.0
2026-03-25 14:35:00,59.67,59.85,59.67,59.85,2275.0
2026-03-25 14:40:00,59.91,60.12,59.91,60.0975,3739.0
2026-03-25 14:45:00,59.96,59.96,59.96,59.96,100.0
2026-03-25 14:50:00,59.95,59.95,59.85,59.85,755.0
2026-03-25 14:55:00,59.9,60.37,59.9,60.18,7595.0
2026-03-25 15:00:00,60.2,60.33,59.8547,59.8547,3630.0
2026-03-25 15:05:00,59.69,59.875,59.69,59.875,3246.0
2026-03-25 15:10:00,59.96,60.05,59.745,59.745,2230.0
2026-03-25 15:15:00,59.74,59.74,59.62,59.7,4993.0
2026-03-25 15:20:00,59.6984,59.7,59.51,59.7,1200.0
2026-03-25 15:25:00,59.69,59.7292,59.69,59.7292,200.0
2026-03-25 15:30:00,59.61,59.66,59.5368,59.5368,2732.0
2026-03-25 15:35:00,59.4,59.4,59.4,59.4,160.0
2026-03-25 15:40:00,59.31,59.56,59.28,59.56,1067.0
2026-03-25 15:45:00,59.502,59.502,59.502,59.502,300.0
2026-03-25 15:50:00,59.47,59.52,59.4201,59.5,3370.0
2026-03-25 15:55:00,59.68,59.7632,59.49,59.49,1391.0
2026-03-25 16:00:00,59.5,59.74,59.5,59.74,788.0
2026-03-25 16:10:00,59.96,59.96,59.96,59.96,100.0
2026-03-25 16:15:00,59.95,59.95,59.95,59.95,100.0
2026-03-25 16:20:00,59.95,59.95,59.95,59.95,100.0
2026-03-25 16:30:00,60.01,60.01,60.01,60.01,100.0
2026-03-25 16:35:00,59.5,59.5,59.5,59.5,100.0
2026-03-25 16:40:00,59.73,59.73,59.73,59.73,537.0
2026-03-25 17:10:00,59.99,59.99,59.74,59.74,755.0
2026-03-25 17:15:00,59.72,59.72,59.72,59.72,118.0
2026-03-25 17:30:00,59.7,59.7,59.7,59.7,250.0
2026-03-25 18:00:00,60.0606,60.0606,59.75,59.75,200.0
2026-03-25 18:25:00,59.85,59.85,59.82,59.82,879.0
2026-03-25 18:30:00,59.9,59.9,59.17,59.18,700.0
2026-03-25 18:35:00,59.2,59.24,59.2,59.24,2220.0
2026-03-25 18:40:00,59.24,59.24,59.0,59.1,980.0
2026-03-25 18:45:00,59.1,59.14,58.98,58.98,1533.0
2026-03-25 18:50:00,59.2,59.2,59.2,59.2,100.0
2026-03-25 19:10:00,59.4,59.5,59.4,59.4987,714.0
2026-03-25 19:15:00,59.61,59.61,59.61,59.61,300.0
2026-03-25 19:25:00,59.58,59.58,59.58,59.58,300.0
2026-03-25 19:40:00,59.64,59.88,59.64,59.88,2283.0
2026-03-25 19:50:00,59.82,59.83,59.82,59.83,1014.0
2026-03-25 19:55:00,59.82,59.82,59.41,59.41,1729.0
2026-03-26 04:05:00,62.28,62.28,62.28,62.28,298.0
2026-03-26 04:10:00,62.37,62.52,62.37,62.46,1754.0
2026-03-26 04:15:00,62.52,62.62,62.52,62.62,1890.0
2026-03-26 04:20:00,62.65,62.65,62.65,62.65,220.0
2026-03-26 04:25:00,62.66,62.66,62.66,62.66,100.0
2026-03-26 04:45:00,62.43,62.43,62.41,62.41,623.0
2026-03-26 04:55:00,62.4,62.4,62.4,62.4,120.0
2026-03-26 05:00:00,62.48,62.48,62.48,62.48,697.0
2026-03-26 05:10:00,62.4,62.4,62.4,62.4,100.0
2026-03-26 05:15:00,62.64,62.64,62.64,62.64,160.0
2026-03-26 05:30:00,63.2,64.0,63.2,64.0,4688.0
2026-03-26 05:35:00,64.6,64.6,64.48,64.48,393.0
2026-03-26 05:45:00,64.62,64.82,64.62,64.82,583.0
2026-03-26 05:50:00,64.74,64.74,64.56,64.56,1030.0
2026-03-26 05:55:00,64.6,64.6,64.5,64.51,3764.0
2026-03-26 06:00:00,64.66,64.78,64.62,64.77,987.0
2026-03-26 06:05:00,64.77,64.88,64.62,64.88,1267.0
2026-03-26 06:10:00,64.9,64.9,64.87,64.87,350.0
2026-03-26 06:15:00,64.85,64.85,64.85,64.85,125.0
2026-03-26 06:20:00,64.7,64.7,64.58,64.58,440.0
2026-03-26 06:35:00,64.69,64.83,64.69,64.83,1666.0
2026-03-26 06:40:00,64.96,64.96,64.96,64.96,577.0
2026-03-26 07:00:00,64.69,64.78,64.69,64.7,4362.0
2026-03-26 07:05:00,64.54,64.88,64.54,64.88,2103.0
2026-03-26 07:10:00,64.89,65.25,64.89,65.1,6157.0
2026-03-26 07:15:00,65.03,65.05,65.03,65.05,200.0
2026-03-26 07:20:00,65.1,65.34,65.1,65.34,354.0
2026-03-26 07:25:00,65.32,65.46,65.32,65.46,541.0
2026-03-26 07:30:00,65.3,65.3,65.11,65.11,245.0
2026-03-26 07:35:00,65.19,65.19,65.19,65.19,148.0
2026-03-26 07:45:00,65.08,65.08,65.08,65.08,100.0
2026-03-26 07:50:00,65.21,65.21,65.21,65.21,180.0
2026-03-26 08:00:00,64.78,65.59,61.0,65.2697,14371.0
2026-03-26 08:05:00,65.23,65.23,65.23,65.23,282.0
2026-03-26 08:10:00,64.99,64.991,64.99,64.991,960.0
2026-03-26 08:15:00,65.04,65.16,65.04,65.16,350.0
2026-03-26 08:20:00,65.0093,65.0093,65.0093,65.0093,351.0
2026-03-26 08:25:00,65.19,65.2,65.19,65.2,200.0
2026-03-26 08:30:00,65.11,65.2,65.01,65.2,993.0
2026-03-26 08:35:00,65.34,65.44,65.07,65.07,1550.0
2026-03-26 08:40:00,65.18,65.18,65.02,65.02,1489.0
2026-03-26 08:45:00,64.97,65.1,64.9585,65.1,600.0
2026-03-26 08:50:00,65.1,65.13,65.0,65.13,1671.0
2026-03-26 09:00:00,65.1227,65.14,65.12,65.12,344.0
2026-03-26 09:05:00,64.9117,64.9117,64.71,64.8,1261.0
2026-03-26 09:10:00,64.9,64.9,64.9,64.9,288.0
2026-03-26 09:15:00,64.77,64.77,64.6017,64.66,1208.0
2026-03-26 09:20:00,64.68,64.68,64.68,64.68,500.0
2026-03-26 09:30:00,64.82,65.13,64.77,65.13,41747.0
2026-03-26 09:35:00,65.13,65.2,64.75,65.166,4967.0
2026-03-26 09:40:00,65.1987,65.2,64.46,64.475,6600.0
2026-03-26 09:45:00,64.37,64.39,63.99,64.355,9016.0
2026-03-26 09:50:00,64.5134,64.53,63.98,64.225,6891.0
2026-03-26 09:55:00,64.2,64.65,64.2,64.57,3325.0
2026-03-26 10:00:00,64.72,64.875,64.63,64.685,2823.0
2026-03-26 10:05:00,64.57,64.83,64.5,64.83,4612.0
2026-03-26 10:10:00,64.62,64.88,64.6,64.6,2644.0
2026-03-26 10:15:00,64.75,64.9,64.6,64.9,2749.0
2026-03-26 10:20:00,65.0,65.06,64.865,65.01,7563.0
2026-03-26 10:25:00,65.0,65.0,64.59,64.93,16089.0
2026-03-26 10:30:00,64.82,64.82,64.42,64.42,3278.0
2026-03-26 10:35:00,64.44,64.82,64.44,64.7092,3363.0
2026-03-26 10:40:00,64.73,64.91,64.65,64.85,2344.0
2026-03-26 10:45:00,64.92,65.0,64.8,64.95,2487.0
2026-03-26 10:50:00,64.9,65.39,64.87,65.25,5541.0
2026-03-26 10:55:00,65.26,65.26,64.9,64.9,1009.0
2026-03-26 11:00:00,64.94,65.02,64.94,65.0,1271.0
2026-03-26 11:05:00,65.1,65.5,65.05,65.4845,5471.0
2026-03-26 11:10:00,65.39,65.81,65.39,65.81,600.0
2026-03-26 11:15:00,65.76,66.15,65.655,65.69,5259.0
2026-03-26 11:20:00,65.7199,65.7199,65.44,65.46,19502.0
2026-03-26 11:25:00,65.41,65.48,65.34,65.46,4499.0
2026-03-26 11:30:00,65.49,65.64,65.48,65.64,8070.0
2026-03-26 11:35:00,65.45,65.6,65.45,65.6,294.0
2026-03-26 11:40:00,65.415,65.6799,65.415,65.54,1451.0
2026-03-26 11:45:00,65.52,65.52,65.26,65.41,1544.0
2026-03-26 11:50:00,65.31,65.37,64.97,65.01,2940.0
2026-03-26 11:55:00,65.1,65.245,65.1,65.245,620.0
2026-03-26 12:00:00,65.24,65.4,65.24,65.38,505.0
2026-03-26 12:05:00,65.3889,65.3889,65.18,65.36,3785.0
2026-03-26 12:10:00,65.34,65.34,65.255,65.255,706.0
2026-03-26 12:15:00,65.31,65.62,65.31,65.31,1467.0
2026-03-26 12:20:00,65.38,65.39,65.34,65.34,955.0
2026-03-26 12:25:00,65.35,65.35,65.35,65.35,100.0
2026-03-26 12:30:00,65.57,65.57,65.46,65.46,2704.0
2026-03-26 12:35:00,65.39,65.57,65.36,65.57,2003.0
2026-03-26 12:40:00,65.65,65.65,65.55,65.56,4339.0
2026-03-26 12:45:00,65.44,65.69,65.42,65.6416,3919.0
2026-03-26 12:50:00,65.72,65.72,65.72,65.72,100.0
2026-03-26 12:55:00,65.71,65.83,65.7,65.83,747.0
2026-03-26 13:00:00,65.69,65.7,65.51,65.51,1461.0
2026-03-26 13:05:00,65.51,65.6,65.51,65.58,516.0
2026-03-26 13:10:00,65.57,65.7,65.57,65.59,1226.0
2026-03-26 13:15:00,65.6,65.6,65.57,65.57,1577.0
2026-03-26 13:20:00,65.52,65.52,65.46,65.46,200.0
2026-03-26 13:30:00,65.34,65.34,65.2296,65.31,3272.0
2026-03-26 13:35:00,65.2936,65.38,65.2936,65.375,2564.0
2026-03-26 13:40:00,65.41,65.47,65.2959,65.4,1686.0
2026-03-26 13:45:00,65.46,65.75,65.45,65.75,7322.0
2026-03-26 13:50:00,65.77,66.0199,65.7109,65.72,4519.0
2026-03-26 13:55:00,66.1,66.5,66.085,66.44,12341.0
2026-03-26 14:00:00,66.38,66.44,66.14,66.44,7346.0
2026-03-26 14:05:00,66.47,66.66,66.34,66.3753,5159.0
2026-03-26 14:10:00,66.35,66.35,66.315,66.315,438.0
2026-03-26 14:15:00,66.4,66.58,66.38,66.55,12246.0
2026-03-26 14:20:00,67.0,67.01,66.69,66.825,5248.0
2026-03-26 14:25:00,66.86,67.2598,66.86,67.08,26992.0
2026-03-26 14:30:00,67.075,67.075,66.82,66.88,5045.0
2026-03-26 14:35:00,66.91,66.91,66.82,66.88,1326.0
2026-03-26 14:40:00,66.88,66.88,66.76,66.79,6373.0
2026-03-26 14:45:00,66.79,66.79,66.79,66.79,240.0
2026-03-26 14:50:00,66.69,66.69,66.5392,66.5392,500.0
2026-03-26 14:55:00,66.62,66.705,66.56,66.56,2299.0
2026-03-26 15:00:00,66.57,66.77,66.55,66.65,6969.0
2026-03-26 15:05:00,66.74,66.93,66.72,66.79,6291.0
2026-03-26 15:10:00,66.72,66.72,66.72,66.72,2000.0
2026-03-26 15:15:00,66.73,66.73,66.6,66.6,3319.0
2026-03-26 15:20:00,66.61,66.6499,66.53,66.53,1133.0
2026-03-26 15:25:00,66.68,66.88,66.6101,66.84,6342.0
2026-03-26 15:30:00,66.81,66.95,66.77,66.8837,2289.0
2026-03-26 15:35:00,66.73,66.73,66.425,66.425,3138.0
2026-03-26 15:40:00,66.26,66.302,66.215,66.302,2955.0
2026-03-26 15:45:00,66.2,66.23,66.115,66.1301,8847.0
2026-03-26 15:50:00,66.25,66.42,66.19,66.305,10660.0
2026-03-26 15:55:00,66.28,66.56,66.23,66.43,3456.0
2026-03-26 16:00:00,66.43,66.43,66.43,66.43,1103.0
2026-03-26 16:05:00,66.55,66.55,66.26,66.44,727.0
2026-03-26 16:10:00,64.86,64.86,64.5,64.5,1356.0
2026-03-26 16:25:00,64.55,64.55,64.55,64.55,450.0
2026-03-26 16:30:00,65.25,65.25,65.25,65.25,100.0
2026-03-26 16:40:00,65.0,65.0,65.0,65.0,900.0
2026-03-26 16:45:00,65.109,65.109,65.109,65.109,156.0
2026-03-26 16:55:00,65.44,65.51,65.43,65.43,1600.0
2026-03-26 17:20:00,65.4,65.4,64.52,64.52,2405.0
2026-03-26 17:30:00,66.0,66.0,66.0,66.0,110.0
2026-03-26 18:00:00,65.0,65.0,65.0,65.0,183.0
2026-03-26 18:10:00,64.8,64.8,64.8,64.8,1025.0
2026-03-26 18:25:00,65.14,65.83,65.14,65.8,1734.0
2026-03-26 18:30:00,65.8,65.83,65.06,65.06,2948.0
2026-03-26 18:50:00,65.59,65.59,65.59,65.59,220.0
2026-03-26 19:00:00,64.87,64.87,64.72,64.72,350.0
2026-03-26 19:10:00,65.2,65.61,65.2,65.61,850.0
2026-03-26 19:25:00,66.0,66.0,65.9214,65.9214,546.0
2026-03-26 19:30:00,65.88,65.88,65.88,65.88,200.0
2026-03-26 19:40:00,65.51,65.51,65.51,65.51,731.0
2026-03-26 19:45:00,65.89,65.89,65.89,65.89,448.0
2026-03-26 19:55:00,65.9,65.9,65.9,65.9,320.0
2026-03-27 04:00:00,65.27,65.27,65.22,65.22,280.0
2026-03-27 04:05:00,65.48,65.48,65.42,65.42,284.0
2026-03-27 04:10:00,65.6,65.6,65.6,65.6,128.0
2026-03-27 04:15:00,65.59,65.59,65.59,65.59,155.0
2026-03-27 04:20:00,65.76,65.76,65.76,65.76,225.0
2026-03-27 04:25:00,65.96,66.0,65.96,66.0,442.0
2026-03-27 04:30:00,66.01,66.01,65.89,65.89,732.0
2026-03-27 04:35:00,66.54,67.25,66.54,67.25,687.0
2026-03-27 04:40:00,67.35,67.39,67.21,67.21,3203.0
2026-03-27 04:45:00,66.78,66.78,66.74,66.74,632.0
2026-03-27 04:55:00,66.49,66.51,66.49,66.51,324.0
2026-03-27 05:00:00,66.54,66.54,66.54,66.54,100.0
2026-03-27 05:15:00,66.87,66.87,66.78,66.78,345.0
2026-03-27 05:25:00,66.47,66.47,66.47,66.47,294.0
2026-03-27 06:00:00,66.89,66.89,66.89,66.89,233.0
2026-03-27 06:05:00,66.9,66.9,66.9,66.9,193.0
2026-03-27 06:20:00,66.9,66.9,66.9,66.9,690.0
2026-03-27 06:25:00,66.85,66.85,66.85,66.85,222.0
2026-03-27 06:35:00,67.9,69.2,67.9,69.03,2053.0
2026-03-27 06:40:00,69.06,69.06,69.06,69.06,722.0
2026-03-27 06:45:00,68.89,69.08,68.89,68.89,3138.0
2026-03-27 06:50:00,68.91,70.06,68.9,70.06,4127.0
2026-03-27 06:55:00,70.35,70.35,70.13,70.16,1230.0
2026-03-27 07:00:00,70.28,70.81,70.19,70.19,3757.0
2026-03-27 07:05:00,70.14,70.23,69.95,70.23,2520.0
2026-03-27 07:10:00,70.25,70.25,70.15,70.16,361.0
2026-03-27 07:15:00,70.16,70.21,70.0,70.19,17686.0
2026-03-27 07:20:00,70.14,70.14,70.14,70.14,393.0
2026-03-27 07:25:00,70.0,70.08,70.0,70.08,1981.0
2026-03-27 07:30:00,70.0,70.0,70.0,70.0,623.0
2026-03-27 07:35:00,70.15,70.15,70.15,70.15,811.0
2026-03-27 07:40:00,70.08,70.08,70.08,70.08,600.0
2026-03-27 07:45:00,70.1,70.1,70.1,70.1,131.0
2026-03-27 07:50:00,70.15,70.15,70.15,70.15,143.0
2026-03-27 07:55:00,70.37,70.37,70.37,70.37,132.0
2026-03-27 08:00:00,70.22,70.672,65.6,66.7,35243.0
2026-03-27 08:05:00,70.42,70.42,70.29,70.29,1800.0
2026-03-27 08:10:00,70.45,70.45,70.23,70.23,1476.0
2026-03-27 08:15:00,70.42,70.4693,70.3,70.4693,1014.0
2026-03-27 08:20:00,70.4,70.52,70.4,70.52,1034.0
2026-03-27 08:25:00,70.5,70.5,70.5,70.5,426.0
2026-03-27 08:30:00,70.6784,70.6784,70.48,70.6,1146.0
2026-03-27 08:35:00,70.6949,70.85,70.45,70.51,2801.0
2026-03-27 08:40:00,70.51,70.7,70.51,70.7,1511.0
2026-03-27 08:45:00,70.48,70.7,70.31,70.7,1695.0
2026-03-27 08:50:00,70.73,70.74,70.73,70.74,466.0
2026-03-27 08:55:00,70.48,70.48,70.48,70.48,409.0
2026-03-27 09:00:00,70.31,70.31,70.31,70.31,225.0
2026-03-27 09:05:00,70.3,70.3,70.29,70.29,605.0
2026-03-27 09:10:00,70.5,70.5,70.47,70.47,355.0
2026-03-27 09:15:00,70.3782,70.3782,70.3782,70.3782,2000.0
2026-03-27 09:20:00,70.05,70.05,70.05,70.05,665.0
2026-03-27 09:25:00,70.01,70.01,69.99,69.99,500.0
2026-03-27 09:30:00,69.99,70.76,69.93,70.75,19415.0
2026-03-27 09:35:00,70.75,71.45,70.6,70.65,14951.0
2026-03-27 09:40:00,70.6717,70.6999,70.43,70.54,26441.0
2026-03-27 09:45:00,70.525,70.75,70.395,70.75,1500.0
2026-03-27 09:50:00,70.9,71.11,70.84,71.06,3260.0
2026-03-27 09:55:00,71.08,71.2933,71.01,71.19,5543.0
2026-03-27 10:00:00,71.18,71.18,70.77,70.82,10734.0
2026-03-27 10:05:00,70.6,70.655,70.4182,70.57,3369.0
2026-03-27 10:10:00,70.62,70.6705,70.4101,70.51,4529.0
2026-03-27 10:15:00,70.67,70.67,70.54,70.54,1294.0
2026-03-27 10:20:00,70.85,71.45,70.85,71.17,7702.0
2026-03-27 10:25:00,71.1129,71.5399,71.1129,71.51,9890.0
2026-03-27 10:30:00,71.5031,71.55,71.24,71.24,4003.0
2026-03-27 10:35:00,71.18,71.19,70.98,71.15,8083.0
2026-03-27 10:40:00,71.24,71.24,71.05,71.09,2460.0
2026-03-27 10:45:00,71.05,71.1464,70.84,70.84,4145.0
2026-03-27 10:50:00,70.74,70.8513,70.53,70.78,5106.0
2026-03-27 10:55:00,70.63,70.63,70.28,70.385,13533.0
2026-03-27 11:00:00,70.2908,70.2908,70.04,70.14,9315.0
2026-03-27 11:05:00,70.31,70.48,70.11,70.18,7113.0
2026-03-27 11:10:00,70.11,70.37,70.0001,70.37,7693.0
2026-03-27 11:15:00,70.2801,70.55,70.2401,70.55,4019.0
2026-03-27 11:20:00,70.63,70.77,69.53,70.0,7580.0
2026-03-27 11:25:00,70.19,70.19,69.9,69.9,2843.0
2026-03-27 11:30:00,69.98,70.01,69.3031,69.3031,9396.0
2026-03-27 11:35:00,69.1,69.37,68.99,69.37,5237.0
2026-03-27 11:40:00,69.58,69.73,69.58,69.72,7513.0
2026-03-27 11:45:00,69.8,69.8,69.73,69.73,200.0
2026-03-27 11:50:00,69.94,70.3692,69.94,70.22,3888.0
2026-03-27 11:55:00,70.4499,70.4499,70.15,70.15,7483.0
2026-03-27 12:00:00,70.3268,70.3268,70.3268,70.3268,137.0
2026-03-27 12:05:00,70.7,70.83,70.53,70.7,1863.0
2026-03-27 12:10:00,70.765,70.765,70.5,70.5,747.0
2026-03-27 12:15:00,70.605,70.605,70.6,70.6,418.0
2026-03-27 12:20:00,70.4602,70.58,70.45,70.57,970.0
2026-03-27 12:25:00,70.87,70.87,70.53,70.57,3476.0
2026-03-27 12:30:00,70.645,70.72,70.645,70.66,1047.0
2026-03-27 12:35:00,70.5369,70.85,70.5,70.85,495.0
2026-03-27 12:40:00,70.51,70.51,70.51,70.51,322.0
2026-03-27 12:45:00,70.46,70.46,70.24,70.38,6416.0
2026-03-27 12:50:00,70.67,70.67,70.67,70.67,100.0
2026-03-27 12:55:00,70.45,70.45,70.45,70.45,209.0
2026-03-27 13:00:00,70.67,70.67,70.6367,70.6367,1182.0
2026-03-27 13:05:00,70.445,70.445,69.79,69.9905,3823.0
2026-03-27 13:10:00,70.0762,70.0762,70.0762,70.0762,731.0
2026-03-27 13:15:00,70.075,70.3258,69.97,70.3258,3513.0
2026-03-27 13:20:00,70.5,70.81,70.5,70.61,3415.0
2026-03-27 13:25:00,70.77,70.85,70.76,70.77,677.0
2026-03-27 13:30:00,70.82,70.82,70.77,70.77,295.0
2026-03-27 13:35:00,70.82,70.87,70.7,70.77,4504.0
2026-03-27 13:40:00,70.7956,71.23,70.73,71.23,1821.0
2026-03-27 13:45:00,70.965,71.15,70.965,71.12,1498.0
2026-03-27 13:50:00,71.16,71.3,71.12,71.21,3100.0
2026-03-27 13:55:00,71.2,71.21,71.18,71.21,1050.0
2026-03-27 14:00:00,70.99,70.99,70.98,70.98,400.0
2026-03-27 14:05:00,70.725,70.725,70.725,70.725,200.0
2026-03-27 14:10:00,70.95,70.95,70.92,70.92,889.0
2026-03-27 14:15:00,70.92,70.9899,70.92,70.9899,943.0
2026-03-27 14:20:00,70.74,70.99,70.74,70.99,1531.0
2026-03-27 14:25:00,71.28,71.28,70.96,70.98,1039.0
2026-03-27 14:30:00,70.87,71.065,70.76,70.76,3826.0
2026-03-27 14:35:00,70.79,70.83,70.65,70.8,2391.0
2026-03-27 14:40:00,70.78,71.05,70.7,70.79,1886.0
2026-03-27 14:45:00,70.936,70.936,70.936,70.936,168.0
2026-03-27 14:50:00,70.71,70.76,70.59,70.75,500.0
2026-03-27 14:55:00,70.75,70.75,70.655,70.655,551.0
2026-03-27 15:00:00,70.81,70.96,70.81,70.96,1050.0
2026-03-27 15:05:00,70.975,71.0999,70.975,71.0,8824.0
2026-03-27 15:10:00,70.89,70.9899,70.89,70.9899,1920.0
2026-03-27 15:15:00,70.84,70.84,70.6,70.6,1214.0
2026-03-27 15:20:00,70.32,70.53,70.32,70.53,1001.0
2026-03-27 15:25:00,70.46,70.53,70.4,70.4,2616.0
2026-03-27 15:30:00,70.16,70.17,69.89,69.99,1883.0
2026-03-27 15:35:00,69.99,70.12,69.99,70.12,4422.0
2026-03-27 15:40:00,70.39,70.45,70.39,70.45,534.0
2026-03-27 15:45:00,70.42,70.5899,70.29,70.29,1731.0
2026-03-27 15:50:00,70.38,70.51,70.36,70.41,2796.0
2026-03-27 15:55:00,70.014,70.083,69.91,70.02,22543.0
2026-03-27 16:00:00,70.13,70.13,70.13,70.13,2582.0
2026-03-27 16:10:00,70.13,70.19,70.01,70.01,1990.0
2026-03-27 16:15:00,70.2,70.2,70.2,70.2,207.0
2026-03-27 16:20:00,70.3,70.3,70.3,70.3,100.0
2026-03-27 16:35:00,70.8502,70.8502,70.8502,70.8502,393.0
2026-03-27 16:40:00,70.84,70.85,70.84,70.85,310.0
2026-03-27 16:45:00,70.91,70.91,70.91,70.91,100.0
2026-03-27 17:05:00,70.6,70.6,70.6,70.6,300.0
2026-03-27 17:10:00,70.6,70.6,70.6,70.6,250.0
2026-03-27 17:15:00,70.4474,70.54,70.4474,70.4541,750.0
2026-03-27 17:35:00,69.87,70.14,69.87,70.0714,410.0
2026-03-27 17:45:00,70.0,70.02,70.0,70.02,622.0
2026-03-27 17:55:00,70.45,70.45,70.45,70.45,984.0
2026-03-27 18:10:00,70.55,70.55,70.55,70.55,178.0
2026-03-27 18:25:00,70.85,70.85,70.85,70.85,100.0
2026-03-27 18:30:00,70.8174,70.8174,70.68,70.68,675.0
2026-03-27 19:15:00,70.53,70.53,70.53,70.53,600.0
2026-03-27 19:20:00,70.5088,70.5088,70.3,70.3,3163.0
2026-03-27 19:25:00,70.31,70.31,70.31,70.31,173.0
2026-03-27 19:30:00,70.32,70.32,70.31,70.31,900.0
2026-03-27 19:35:00,70.35,70.35,70.14,70.14,980.0
2026-03-27 19:40:00,70.15,70.15,70.15,70.15,400.0
2026-03-27 19:50:00,70.5,70.5,70.5,70.5,100.0
2026-03-30 04:00:00,68.0,68.0,65.01,65.2,4936.0
2026-03-30 04:05:00,65.0,65.12,64.83,65.12,12923.0
2026-03-30 04:10:00,65.16,65.31,65.16,65.17,2302.0
2026-03-30 04:15:00,65.02,65.02,65.02,65.02,134.0
2026-03-30 04:20:00,65.19,65.35,65.19,65.34,4064.0
2026-03-30 04:25:00,65.25,65.25,65.25,65.25,126.0
2026-03-30 04:30:00,65.07,65.09,65.07,65.07,2203.0
2026-03-30 04:35:00,65.07,65.07,64.5,64.56,2796.0
2026-03-30 04:40:00,64.82,64.9,64.8,64.9,782.0
2026-03-30 04:45:00,64.88,64.88,64.65,64.65,903.0
2026-03-30 04:50:00,64.64,64.64,64.64,64.64,150.0
2026-03-30 05:00:00,65.24,65.24,65.24,65.24,335.0
2026-03-30 05:15:00,65.35,65.35,65.11,65.24,1997.0
2026-03-30 05:20:00,65.28,65.54,65.28,65.45,677.0
2026-03-30 05:30:00,65.52,65.59,65.52,65.59,1053.0
2026-03-30 05:35:00,65.59,65.59,65.5,65.5,1561.0
2026-03-30 05:45:00,65.51,65.51,65.51,65.51,548.0
2026-03-30 05:55:00,65.6873,65.71,65.6873,65.71,224.0
2026-03-30 06:00:00,65.71,65.71,65.71,65.71,111.0
2026-03-30 06:05:00,65.58,65.66,65.58,65.65,452.0
2026-03-30 06:10:00,65.71,65.71,65.71,65.71,125.0
2026-03-30 06:15:00,65.57,65.57,65.53,65.53,306.0
2026-03-30 06:20:00,65.5,65.5,65.5,65.5,1159.0
2026-03-30 06:35:00,65.89,65.89,65.89,65.89,117.0
2026-03-30 06:40:00,66.08,66.08,65.88,65.9,3279.0
2026-03-30 07:00:00,65.3201,65.3606,65.3,65.301,4552.0
2026-03-30 07:05:00,65.39,65.39,65.14,65.1405,2930.0
2026-03-30 07:10:00,65.3,65.32,65.3,65.32,474.0
2026-03-30 07:15:00,65.3,65.3,65.17,65.2,1480.0
2026-03-30 07:20:00,65.1,65.1,64.9,64.9,1497.0
2026-03-30 07:25:00,64.97,65.11,64.01,65.11,3377.0
2026-03-30 07:35:00,64.5,64.6199,64.5,64.6199,1765.0
2026-03-30 07:40:00,64.79,64.79,64.79,64.79,113.0
2026-03-30 07:45:00,64.79,64.79,64.38,64.38,1886.0
2026-03-30 07:50:00,64.2647,64.4133,64.2647,64.4133,519.0
2026-03-30 07:55:00,64.83,64.83,64.83,64.83,251.0
2026-03-30 08:00:00,64.52,64.52,64.41,64.41,694.0
2026-03-30 08:05:00,64.33,64.33,64.22,64.22,473.0
2026-03-30 08:10:00,64.2,64.2,64.199,64.199,500.0
2026-03-30 08:15:00,64.35,64.35,64.35,64.35,704.0
2026-03-30 08:25:00,64.39,64.44,64.38,64.44,1026.0
2026-03-30 08:30:00,64.4,64.4,64.4,64.4,380.0
2026-03-30 08:35:00,64.21,64.21,64.0,64.0,660.0
2026-03-30 08:50:00,64.33,64.33,64.33,64.33,105.0
2026-03-30 08:55:00,64.24,64.24,64.24,64.24,250.0
2026-03-30 09:00:00,64.29,64.29,64.29,64.29,100.0
2026-03-30 09:05:00,64.3,64.5,64.3,64.4998,1268.0
2026-03-30 09:10:00,64.37,64.37,64.3003,64.3003,1348.0
2026-03-30 09:15:00,64.3921,64.3921,64.3,64.3,927.0
2026-03-30 09:20:00,64.21,64.21,63.99,63.99,250.0
2026-03-30 09:25:00,64.02,64.2382,63.98,64.2382,2223.0
2026-03-30 09:30:00,64.25,64.6375,64.0,64.37,13699.0
2026-03-30 09:35:00,64.41,64.45,64.168,64.355,14244.0
2026-03-30 09:40:00,64.35,64.81,64.35,64.6,24700.0
2026-03-30 09:45:00,64.4,64.84,64.285,64.84,5648.0
2026-03-30 09:50:00,64.78,64.78,64.54,64.77,2758.0
2026-03-30 09:55:00,64.8,65.4,64.79,65.27,29076.0
2026-03-30 10:00:00,65.2599,65.4399,65.0,65.06,17688.0
2026-03-30 10:05:00,65.025,65.3286,64.79,64.79,29977.0
2026-03-30 10:10:00,64.7675,64.9025,64.482,64.67,5846.0
2026-03-30 10:15:00,64.76,65.5,64.76,65.38,8808.0
2026-03-30 10:20:00,65.25,65.5452,65.19,65.25,1486.0
2026-03-30 10:25:00,65.27,65.9,65.27,65.79,4734.0
2026-03-30 10:30:00,65.65,65.72,65.35,65.54,2733.0
2026-03-30 10:35:00,65.82,66.3,65.81,65.93,8879.0
2026-03-30 10:40:00,65.8399,66.0,65.8399,65.9381,3729.0
2026-03-30 10:45:00,66.15,66.23,65.55,65.84,4369.0
2026-03-30 10:50:00,65.77,65.77,64.8401,64.8401,3593.0
2026-03-30 10:55:00,64.975,65.08,64.25,64.43,6940.0
2026-03-30 11:00:00,64.41,64.43,64.31,64.32,7863.0
2026-03-30 11:05:00,64.15,64.8433,63.875,64.71,9689.0
2026-03-30 11:10:00,64.83,64.83,64.6,64.6,308.0
2026-03-30 11:15:00,65.16,65.16,64.87,64.87,4624.0
2026-03-30 11:20:00,64.96,65.0399,64.83,64.9053,975.0
2026-03-30 11:25:00,64.5989,64.5989,64.5989,64.5989,260.0
2026-03-30 11:30:00,64.65,64.7599,64.2,64.33,4481.0
2026-03-30 11:35:00,64.01,64.1,63.81,64.085,4599.0
2026-03-30 11:40:00,64.18,64.18,64.08,64.08,2824.0
2026-03-30 11:45:00,64.08,64.2582,64.08,64.2,5357.0
2026-03-30 11:50:00,64.08,64.08,63.85,63.85,2502.0
2026-03-30 11:55:00,63.98,64.22,63.98,64.205,2800.0
2026-03-30 12:00:00,64.3299,64.72,64.31,64.72,5160.0
2026-03-30 12:05:00,64.73,64.73,64.58,64.67,7543.0
2026-03-30 12:10:00,64.51,64.595,64.51,64.59,1700.0
2026-03-30 12:15:00,64.68,64.8499,64.58,64.8,4605.0
2026-03-30 12:20:00,64.7999,65.0,64.7999,64.99,1929.0
2026-03-30 12:25:00,64.92,65.01,64.92,64.96,1090.0
2026-03-30 12:30:00,65.055,65.09,64.85,64.885,4403.0
2026-03-30 12:35:00,64.89,64.89,64.76,64.76,1283.0
2026-03-30 12:40:00,65.045,65.045,64.82,64.9,6639.0
2026-03-30 12:50:00,64.92,65.2,64.92,65.2,1480.0
2026-03-30 12:55:00,65.27,65.27,64.94,64.94,6259.0
2026-03-30 13:00:00,64.7627,64.89,64.4234,64.86,5549.0
2026-03-30 13:05:00,65.0,65.0,64.832,64.97,2172.0
2026-03-30 13:10:00,65.13,65.18,65.09,65.18,5200.0
2026-03-30 13:15:00,65.3,65.72,65.3,65.6,12587.0
2026-03-30 13:20:00,65.55,66.275,65.55,66.26,14466.0
2026-03-30 13:25:00,66.5,67.24,66.42,66.73,9966.0
2026-03-30 13:30:00,66.57,66.9342,66.49,66.5839,6077.0
2026-03-30 13:35:00,66.7462,66.7462,66.4406,66.65,4140.0
2026-03-30 13:40:00,66.565,66.565,66.3,66.3474,5937.0
2026-03-30 13:45:00,66.2,66.385,65.905,66.27,14761.0
2026-03-30 13:50:00,66.41,66.4854,66.34,66.45,2153.0
2026-03-30 13:55:00,66.53,66.73,66.52,66.68,4024.0
2026-03-30 14:00:00,66.76,66.76,66.54,66.54,6373.0
2026-03-30 14:05:00,66.7243,66.96,66.7243,66.93,4447.0
2026-03-30 14:10:00,67.005,67.05,66.91,66.95,7028.0
2026-03-30 14:15:00,66.8603,66.88,66.79,66.79,895.0
2026-03-30 14:20:00,66.5,67.2299,66.5,66.99,5013.0
2026-03-30 14:25:00,67.12,67.2399,67.02,67.02,1366.0
2026-03-30 14:30:00,67.09,67.42,66.86,66.86,4999.0
2026-03-30 14:35:00,66.81,67.0,66.69,67.0,5220.0
2026-03-30 14:40:00,67.03,67.03,66.96,66.98,3504.0
2026-03-30 14:45:00,66.85,67.25,66.85,67.25,680.0
2026-03-30 14:50:00,67.44,67.6,67.44,67.44,1385.0
2026-03-30 14:55:00,67.4,67.5,67.4,67.4,1047.0
2026-03-30 15:00:00,67.34,67.615,67.34,67.49,3187.0
2026-03-30 15:05:00,67.6699,68.05,67.6699,68.05,2025.0
2026-03-30 15:10:00,68.0,68.48,68.0,68.39,1324.0
2026-03-30 15:15:00,68.1641,68.26,68.05,68.2399,4555.0
2026-03-30 15:20:00,68.1943,68.49,68.18,68.49,800.0
2026-03-30 15:25:00,68.4201,68.502,68.4,68.502,1524.0
2026-03-30 15:30:00,68.38,68.52,68.25,68.25,1616.0
2026-03-30 15:35:00,68.33,68.33,68.03,68.19,3455.0
2026-03-30 15:40:00,68.424,68.54,68.23,68.38,1835.0
2026-03-30 15:45:00,68.2301,68.395,68.0101,68.0101,2627.0
2026-03-30 15:50:00,68.1,68.1,67.76,67.76,7552.0
2026-03-30 15:55:00,67.71,68.06,67.71,67.98,12060.0
2026-03-30 16:00:00,67.99,67.99,67.85,67.99,645.0
2026-03-30 16:05:00,67.81,67.82,67.79,67.82,632.0
2026-03-30 16:15:00,67.63,67.82,67.63,67.8,5013.0
2026-03-30 16:20:00,67.79,67.79,67.47,67.47,504.0
2026-03-30 16:40:00,67.96,67.96,67.96,67.96,103.0
2026-03-30 16:45:00,67.8,67.8,67.8,67.8,140.0
2026-03-30 16:50:00,67.75,67.75,67.75,67.75,100.0
2026-03-30 17:00:00,67.8,67.89,67.8,67.89,1084.0
2026-03-30 17:05:00,67.98,68.0907,67.98,68.0907,1642.0
2026-03-30 17:10:00,67.5,67.53,67.0,67.0,3342.0
2026-03-30 17:15:00,66.75,66.75,66.75,66.75,153.0
2026-03-30 17:20:00,66.68,66.68,66.68,66.68,100.0
2026-03-30 17:45:00,66.11,66.11,66.11,66.11,200.0
2026-03-30 17:50:00,66.5,66.5,66.5,66.5,993.0
2026-03-30 18:00:00,66.5,66.5,66.5,66.5,100.0
2026-03-30 18:05:00,66.2,67.16,66.2,67.16,572.0
2026-03-30 18:10:00,67.22,67.22,67.22,67.22,1100.0
2026-03-30 18:15:00,67.22,67.22,67.22,67.22,100.0
2026-03-30 18:25:00,66.63,66.63,66.63,66.63,100.0
2026-03-30 18:35:00,67.25,67.25,67.25,67.25,1900.0
2026-03-30 18:50:00,67.6315,67.6315,67.6315,67.6315,1000.0
2026-03-30 18:55:00,67.3,67.4,67.3,67.4,779.0
2026-03-30 19:00:00,68.01,68.3667,68.01,68.2509,4596.0
2026-03-30 19:05:00,68.46,68.46,68.46,68.46,146.0
2026-03-30 19:10:00,68.1,68.1,68.03,68.03,5346.0
2026-03-30 19:15:00,67.95,67.95,67.95,67.95,200.0
2026-03-30 19:30:00,68.02,68.02,68.02,68.02,100.0
2026-03-30 19:35:00,67.8,67.8,67.5,67.8,16034.0
2026-03-30 19:40:00,67.8,67.8,67.73,67.73,2382.0
2026-03-30 19:45:00,67.8567,67.95,67.8567,67.95,400.0
2026-03-30 19:50:00,67.85,67.8806,67.8,67.8805,1639.0
2026-03-31 04:00:00,66.2,66.2,65.5,65.6,2112.0
2026-03-31 04:05:00,65.57,65.59,65.56,65.59,5162.0
2026-03-31 04:15:00,65.5882,65.5882,65.5882,65.5882,100.0
2026-03-31 04:20:00,65.62,65.62,65.62,65.62,190.0
2026-03-31 04:25:00,65.6719,65.76,65.6719,65.7,745.0
2026-03-31 04:30:00,65.77,65.77,65.71,65.71,480.0
2026-03-31 04:35:00,66.02,66.02,66.02,66.02,100.0
2026-03-31 04:40:00,66.39,66.39,66.39,66.39,538.0
2026-03-31 04:45:00,67.0,67.0,66.76,66.76,1099.0
2026-03-31 04:55:00,66.8,66.8,66.8,66.8,100.0
2026-03-31 05:05:00,66.8,66.8,66.65,66.65,590.0
2026-03-31 05:15:00,67.52,67.57,67.52,67.56,694.0
2026-03-31 05:20:00,67.58,67.58,67.56,67.56,1146.0
2026-03-31 05:30:00,67.83,67.83,67.83,67.83,420.0
2026-03-31 05:35:00,67.8,67.8,67.8,67.8,160.0
2026-03-31 05:40:00,67.55,67.55,67.38,67.38,1375.0
2026-03-31 05:50:00,67.73,67.79,67.67,67.77,5713.0
2026-03-31 05:55:00,68.76,68.76,68.41,68.46,770.0
2026-03-31 06:00:00,68.2,68.2,68.2,68.2,400.0
2026-03-31 06:05:00,67.91,67.91,67.89,67.89,378.0
2026-03-31 06:15:00,67.81,67.92,67.81,67.92,597.0
2026-03-31 06:20:00,67.73,67.73,67.73,67.73,200.0
2026-03-31 06:30:00,67.6195,67.81,67.6195,67.76,510.0
2026-03-31 06:35:00,67.88,67.88,67.88,67.88,350.0
2026-03-31 06:40:00,68.07,68.07,68.07,68.07,210.0
2026-03-31 06:45:00,67.88,67.88,67.72,67.72,440.0
2026-03-31 06:50:00,67.57,67.57,67.49,67.49,277.0
2026-03-31 07:00:00,67.79,67.85,67.75,67.75,2640.0
2026-03-31 07:05:00,67.85,67.85,67.85,67.85,130.0
2026-03-31 07:10:00,67.59,67.59,67.11,67.36,2016.0
2026-03-31 07:15:00,67.16,67.1613,66.75,66.75,1836.0
2026-03-31 07:30:00,66.91,67.0214,66.91,67.0214,271.0
2026-03-31 07:35:00,66.69,66.69,66.6,66.6,674.0
2026-03-31 07:40:00,66.6409,66.87,66.6409,66.7,13451.0
2026-03-31 07:45:00,66.95,66.95,66.95,66.95,210.0
2026-03-31 07:50:00,66.94,66.95,66.94,66.95,624.0
2026-03-31 07:55:00,66.7202,66.7347,66.7202,66.7347,970.0
2026-03-31 08:00:00,66.7,66.7,66.3208,66.3208,503.0
2026-03-31 08:10:00,66.65,67.0,66.65,67.0,1714.0
2026-03-31 08:15:00,67.08,67.09,67.08,67.08,2189.0
2026-03-31 08:20:00,66.51,66.51,66.51,66.51,108.0
2026-03-31 08:25:00,66.41,66.41,66.03,66.03,2051.0
2026-03-31 08:30:00,65.89,66.03,65.88,66.0,2531.0
2026-03-31 08:35:00,65.9799,65.9799,65.65,65.65,5377.0
2026-03-31 08:40:00,65.71,65.849,65.71,65.72,5166.0
2026-03-31 08:45:00,65.8,65.8,65.8,65.8,100.0
2026-03-31 08:50:00,66.2666,66.31,66.23,66.27,1431.0
2026-03-31 08:55:00,66.3,66.3,66.27,66.27,2008.0
2026-03-31 09:00:00,66.07,66.07,66.07,66.07,200.0
2026-03-31 09:05:00,66.01,66.01,65.88,65.88,1164.0
2026-03-31 09:10:00,65.6,65.6,65.5,65.5,2814.0
2026-03-31 09:15:00,65.43,65.43,65.43,65.43,1611.0
2026-03-31 09:20:00,65.61,65.61,65.57,65.57,12600.0
2026-03-31 09:25:00,65.47,65.53,65.47,65.49,3810.0
2026-03-31 09:30:00,65.42,65.52,65.0,65.255,18718.0
2026-03-31 09:35:00,65.21,65.39,64.96,65.26,39312.0
2026-03-31 09:40:00,64.9894,65.3032,64.85,65.3032,3835.0
2026-03-31 09:45:00,65.245,65.245,64.4,64.4,14783.0
2026-03-31 09:50:00,64.3943,64.61,64.12,64.26,6956.0
2026-03-31 09:55:00,64.225,64.5523,64.185,64.4801,1750.0
2026-03-31 10:00:00,64.2447,64.44,63.9,64.44,3444.0
2026-03-31 10:05:00,64.5,64.88,64.5,64.76,3467.0
2026-03-31 10:10:00,64.8,64.8,64.12,64.12,3204.0
2026-03-31 10:15:00,64.0,64.0,63.2906,63.2906,4584.0
2026-03-31 10:20:00,63.38,63.7213,63.38,63.48,2060.0
2026-03-31 10:25:00,63.9,63.9,63.74,63.75,3154.0
2026-03-31 10:30:00,63.5,64.02,63.44,64.02,4337.0
2026-03-31 10:35:00,64.2116,64.65,64.21,64.63,2601.0
2026-03-31 10:40:00,64.679,65.18,64.679,64.96,6962.0
2026-03-31 10:45:00,65.1299,65.75,65.1299,65.72,11416.0
2026-03-31 10:50:00,65.7999,66.69,65.73,66.5,10730.0
2026-03-31 10:55:00,66.69,66.84,66.26,66.44,9161.0
2026-03-31 11:00:00,66.32,66.44,65.8138,65.8707,4823.0
2026-03-31 11:05:00,65.8865,65.8865,65.1672,65.54,2649.0
2026-03-31 11:10:00,65.235,65.32,64.3,64.36,4880.0
2026-03-31 11:15:00,64.3,64.715,64.3,64.715,1368.0
2026-03-31 11:20:00,64.79,64.79,64.45,64.46,956.0
2026-03-31 11:25:00,64.8589,65.44,64.8589,65.44,1713.0
2026-03-31 11:30:00,65.46,65.48,65.25,65.25,586.0
2026-03-31 11:35:00,65.19,65.35,65.02,65.35,9887.0
2026-03-31 11:40:00,65.44,65.54,65.42,65.54,1168.0
2026-03-31 11:45:00,65.55,65.64,65.55,65.59,1537.0
2026-03-31 11:50:00,65.42,65.42,65.11,65.29,2118.0
2026-03-31 11:55:00,65.23,65.85,65.23,65.85,1617.0
2026-03-31 12:00:00,65.88,65.88,65.28,65.28,2902.0
2026-03-31 12:05:00,65.45,65.45,64.99,65.15,855.0
2026-03-31 12:10:00,65.13,65.64,65.0206,65.0206,2250.0
2026-03-31 12:15:00,65.04,65.08,64.81,65.08,1640.0
2026-03-31 12:20:00,64.81,64.81,64.8,64.8,500.0
2026-03-31 12:25:00,64.79,64.94,64.78,64.94,1850.0
2026-03-31 12:30:00,65.12,65.13,65.12,65.13,400.0
2026-03-31 12:35:00,65.29,65.35,63.93,63.93,8985.0
2026-03-31 12:40:00,63.91,63.91,62.28,63.04,38198.0
2026-03-31 12:45:00,63.05,63.79,62.59,62.97,22911.0
2026-03-31 12:50:00,62.955,63.23,62.79,63.03,8473.0
2026-03-31 12:55:00,63.245,63.595,63.245,63.33,2999.0
2026-03-31 13:00:00,63.2,63.28,62.7644,62.92,7992.0
2026-03-31 13:05:00,63.135,63.41,63.135,63.1865,456.0
2026-03-31 13:10:00,63.01,63.01,61.825,61.825,15867.0
2026-03-31 13:15:00,61.64,62.09,61.6,61.78,7477.0
2026-03-31 13:20:00,61.8094,62.0561,61.21,61.435,10643.0
2026-03-31 13:25:00,61.36,62.22,61.36,62.2159,6428.0
2026-03-31 13:30:00,62.368,62.38,61.7125,61.84,3988.0
2026-03-31 13:35:00,62.0199,62.6,62.0199,62.37,7665.0
2026-03-31 13:40:00,62.6037,62.96,62.6037,62.96,6310.0
2026-03-31 13:45:00,62.565,62.565,62.565,62.565,975.0
2026-03-31 13:50:00,62.74,63.095,62.74,63.03,4194.0
2026-03-31 13:55:00,62.955,63.3693,62.955,63.26,17282.0
2026-03-31 14:00:00,63.08,63.08,62.7985,62.8468,15707.0
2026-03-31 14:05:00,62.73,62.82,62.22,62.275,2841.0
2026-03-31 14:10:00,62.38,62.4,62.1001,62.1001,4346.0
2026-03-31 14:15:00,62.03,62.53,61.71,62.53,3586.0
2026-03-31 14:20:00,62.53,62.54,62.39,62.54,5970.0
2026-03-31 14:25:00,62.51,62.72,62.4,62.585,3052.0
2026-03-31 14:30:00,62.95,62.96,62.695,62.695,1655.0
2026-03-31 14:35:00,62.6146,62.6146,62.36,62.36,1470.0
2026-03-31 14:40:00,62.75,62.75,62.75,62.75,100.0
2026-03-31 14:45:00,62.67,62.67,62.54,62.54,464.0
2026-03-31 14:50:00,62.695,62.9,62.695,62.76,850.0
2026-03-31 14:55:00,62.78,62.875,62.78,62.78,700.0
2026-03-31 15:05:00,62.67,62.78,62.66,62.725,800.0
2026-03-31 15:10:00,62.54,62.7,62.49,62.68,529.0
2026-03-31 15:15:00,62.505,62.7,62.505,62.62,1715.0
2026-03-31 15:20:00,62.7,62.75,62.59,62.64,10006.0
2026-03-31 15:25:00,62.68,62.77,62.68,62.765,1357.0
2026-03-31 15:30:00,62.76,62.82,62.62,62.8,3648.0
2026-03-31 15:35:00,62.815,63.08,62.71,63.05,4573.0
2026-03-31 15:40:00,63.17,63.19,62.9,62.9,3900.0
2026-03-31 15:45:00,62.86,62.98,62.6601,62.84,3130.0
2026-03-31 15:50:00,62.74,63.13,62.64,63.11,5198.0
2026-03-31 15:55:00,63.02,63.18,62.81,62.81,9311.0
2026-03-31 16:00:00,62.9,62.93,62.9,62.93,6292.0
2026-03-31 16:05:00,62.52,62.58,62.48,62.48,837.0
2026-03-31 16:10:00,62.39,62.39,62.24,62.2419,3080.0
2026-03-31 16:15:00,62.5,62.5,62.5,62.5,520.0
2026-03-31 16:20:00,62.54,62.54,62.54,62.54,3500.0
2026-03-31 16:25:00,62.4,62.49,62.4,62.49,653.0
2026-03-31 16:30:00,62.49,62.49,62.49,62.49,139.0
2026-03-31 17:20:00,63.25,63.25,63.25,63.25,140.0
2026-03-31 17:30:00,62.9,63.0,62.9,63.0,334.0
2026-03-31 17:45:00,62.73,62.73,62.73,62.73,463.0
2026-03-31 17:50:00,62.8,62.8,62.73,62.73,369.0
2026-03-31 17:55:00,62.7,62.7,62.7,62.7,100.0
2026-03-31 18:00:00,62.45,62.45,62.45,62.45,159.0
2026-03-31 18:05:00,62.72,62.72,62.71,62.72,3595.0
2026-03-31 18:15:00,62.64,62.64,62.6277,62.6277,601.0
2026-03-31 18:25:00,62.68,62.68,62.68,62.68,506.0
2026-03-31 18:30:00,63.3488,63.3488,63.3488,63.3488,650.0
2026-03-31 18:35:00,63.06,63.1914,63.06,63.1914,306.0
2026-03-31 18:55:00,62.8501,62.8501,62.8501,62.8501,101.0
2026-03-31 19:10:00,62.68,62.68,62.68,62.68,125.0
2026-03-31 19:15:00,62.5,62.5,62.4181,62.4634,390.0
2026-03-31 19:20:00,62.55,62.67,62.55,62.67,951.0
2026-03-31 19:25:00,62.66,62.67,62.6595,62.67,29903.0
2026-03-31 19:30:00,62.67,62.67,62.67,62.67,160.0
2026-03-31 19:35:00,62.4,62.4,62.4,62.4,400.0
2026-04-01 04:00:00,60.85,62.0,60.0,60.78,4019.0
2026-04-01 04:05:00,60.7,61.0,60.7,60.95,793.0
2026-04-01 04:10:00,61.33,61.33,61.33,61.33,638.0
2026-04-01 04:15:00,61.23,61.23,61.08,61.08,320.0
2026-04-01 04:20:00,60.7,60.7,60.7,60.7,342.0
2026-04-01 04:25:00,60.53,60.62,60.53,60.53,880.0
2026-04-01 04:30:00,60.59,60.59,60.59,60.59,100.0
2026-04-01 04:35:00,60.61,60.64,60.16,60.16,1240.0
2026-04-01 04:40:00,60.37,60.37,60.37,60.37,133.0
2026-04-01 04:45:00,60.37,60.37,60.37,60.37,133.0
2026-04-01 04:50:00,60.26,60.6,60.25,60.6,886.0
2026-04-01 04:55:00,60.37,60.37,60.37,60.37,544.0
2026-04-01 05:00:00,60.5414,60.5414,60.37,60.37,1200.0
2026-04-01 05:15:00,60.74,60.74,60.66,60.66,1390.0
2026-04-01 05:20:00,61.04,61.04,61.04,61.04,100.0
2026-04-01 05:25:00,60.75,60.77,60.75,60.77,726.0
2026-04-01 05:30:00,60.6,60.66,60.5321,60.66,804.0
2026-04-01 05:45:00,60.65,60.65,60.65,60.65,110.0
2026-04-01 05:50:00,60.49,60.49,60.2,60.2,300.0
2026-04-01 06:00:00,60.58,60.58,60.58,60.58,120.0
2026-04-01 06:20:00,60.75,60.76,60.75,60.76,422.0
2026-04-01 06:25:00,60.8,60.8,60.8,60.8,719.0
2026-04-01 06:30:00,60.487,60.487,60.487,60.487,773.0
2026-04-01 07:00:00,60.84,60.84,60.6,60.6,653.0
2026-04-01 07:05:00,60.6039,60.6039,60.6039,60.6039,600.0
2026-04-01 07:10:00,60.58,60.58,60.58,60.58,650.0
2026-04-01 07:15:00,60.5,60.5,60.5,60.5,398.0
2026-04-01 07:20:00,60.64,60.64,60.64,60.64,640.0
2026-04-01 07:40:00,60.6,60.6,60.6,60.6,2638.0
2026-04-01 07:50:00,60.5,60.5,60.5,60.5,620.0
2026-04-01 08:00:00,60.91,60.91,60.91,60.91,437.0
2026-04-01 08:10:00,60.6,60.6,60.6,60.6,140.0
2026-04-01 08:15:00,60.5,60.5,60.5,60.5,500.0
2026-04-01 08:20:00,60.68,60.68,60.68,60.68,209.0
2026-04-01 08:25:00,60.94,60.95,60.94,60.95,800.0
2026-04-01 08:35:00,61.0,61.0,60.97,60.97,296.0
2026-04-01 08:40:00,61.0,61.0,60.2,60.2,1076.0
2026-04-01 08:45:00,60.17,60.72,60.17,60.72,1456.0
2026-04-01 08:50:00,60.6108,60.89,60.6108,60.89,208.0
2026-04-01 08:55:00,60.92,60.92,60.92,60.92,120.0
2026-04-01 09:00:00,60.85,61.47,60.84,61.46,2545.0
2026-04-01 09:05:00,61.89,61.89,61.51,61.51,1016.0
2026-04-01 09:10:00,61.05,61.139,61.05,61.139,1902.0
2026-04-01 09:20:00,60.75,60.75,60.75,60.75,210.0
2026-04-01 09:30:00,60.67,61.0,60.67,60.765,25894.0
2026-04-01 09:35:00,60.84,60.99,60.7,60.89,3903.0
2026-04-01 09:40:00,61.245,62.07,61.245,61.8592,10788.0
2026-04-01 09:45:00,61.715,62.02,61.704,61.9331,17832.0
2026-04-01 09:50:00,61.8566,61.8566,61.28,61.48,14275.0
2026-04-01 09:55:00,61.56,61.7099,61.505,61.62,692.0
2026-04-01 10:00:00,61.53,61.53,61.35,61.485,881.0
2026-04-01 10:05:00,61.405,61.89,61.405,61.565,1632.0
2026-04-01 10:10:00,61.73,61.74,61.3519,61.3519,1466.0
2026-04-01 10:15:00,61.26,61.445,61.215,61.385,2080.0
2026-04-01 10:20:00,61.38,61.52,61.1811,61.52,8723.0
2026-04-01 10:25:00,61.4322,61.4322,61.2599,61.2599,798.0
2026-04-01 10:30:00,61.2,61.35,61.18,61.35,2538.0
2026-04-01 10:35:00,61.75,61.79,61.17,61.22,5622.0
2026-04-01 10:40:00,61.74,61.75,61.4,61.4,959.0
2026-04-01 10:45:00,61.47,61.52,61.13,61.13,1250.0
2026-04-01 10:50:00,61.19,61.19,60.8,60.8,2316.0
2026-04-01 10:55:00,60.9714,61.21,60.9714,61.1101,1341.0
2026-04-01 11:00:00,61.06,61.16,61.03,61.03,534.0
2026-04-01 11:05:00,60.95,60.96,60.8,60.88,1117.0
2026-04-01 11:10:00,60.94,61.2,60.9,61.2,706.0
2026-04-01 11:15:00,61.15,61.21,60.9788,61.0,5876.0
2026-04-01 11:20:00,60.93,61.151,60.62,60.62,2754.0
2026-04-01 11:25:00,60.48,60.89,60.48,60.89,2558.0
2026-04-01 11:30:00,60.75,60.85,60.6199,60.84,1413.0
2026-04-01 11:35:00,60.715,60.77,60.65,60.77,1482.0
2026-04-01 11:40:00,60.87,60.92,60.66,60.66,1200.0
2026-04-01 11:45:00,60.58,60.66,60.53,60.53,1828.0
2026-04-01 11:50:00,60.66,60.66,60.41,60.5,6321.0
2026-04-01 11:55:00,60.53,60.53,60.53,60.53,100.0
2026-04-01 12:00:00,60.6116,60.6116,60.6116,60.6116,750.0
2026-04-01 12:05:00,60.865,61.0998,60.865,60.87,810.0
2026-04-01 12:10:00,60.835,61.05,60.7504,61.0,1033.0
2026-04-01 12:15:00,60.845,60.845,60.71,60.82,1070.0
2026-04-01 12:25:00,60.52,60.55,60.35,60.55,1815.0
2026-04-01 12:30:00,60.48,60.48,60.24,60.24,1138.0
2026-04-01 12:35:00,60.145,60.17,59.92,60.03,5099.0
2026-04-01 12:40:00,59.94,59.94,59.5,59.5,1876.0
2026-04-01 12:45:00,59.719,59.86,59.7,59.86,320.0
2026-04-01 12:50:00,59.72,59.83,59.7,59.83,500.0
2026-04-01 12:55:00,59.84,59.84,59.84,59.84,200.0
2026-04-01 13:00:00,59.87,59.87,58.54,58.7,24496.0
2026-04-01 13:05:00,58.72,59.21,58.72,59.18,4702.0
2026-04-01 13:10:00,59.2175,59.44,59.2175,59.44,1338.0
2026-04-01 13:15:00,59.43,59.445,59.275,59.4,2005.0
2026-04-01 13:20:00,59.785,59.96,59.785,59.96,647.0
2026-04-01 13:25:00,60.075,60.23,60.05,60.23,2947.0
2026-04-01 13:30:00,60.18,60.3,60.05,60.3,440.0
2026-04-01 13:35:00,60.32,60.6899,60.11,60.11,2956.0
2026-04-01 13:40:00,60.15,60.2166,60.14,60.14,500.0
2026-04-01 13:45:00,60.23,60.51,60.22,60.51,1300.0
2026-04-01 13:50:00,60.44,60.62,60.36,60.39,4800.0
2026-04-01 13:55:00,60.43,60.45,60.43,60.45,300.0
2026-04-01 14:00:00,60.5,61.12,60.5,61.0,5982.0
2026-04-01 14:05:00,60.9,60.9109,60.8331,60.9109,6030.0
2026-04-01 14:10:00,60.92,60.9299,60.6,60.74,5060.0
2026-04-01 14:15:00,60.84,61.12,60.78,61.02,4225.0
2026-04-01 14:20:00,60.8,61.18,60.8,61.14,2437.0
2026-04-01 14:25:00,61.139,61.139,61.139,61.139,2000.0
2026-04-01 14:30:00,61.02,61.07,60.86,60.86,995.0
2026-04-01 14:35:00,61.04,61.04,60.8,60.8,750.0
2026-04-01 14:40:00,60.75,60.775,60.6,60.775,2492.0
2026-04-01 14:45:00,61.01,61.01,60.98,60.98,710.0
2026-04-01 14:50:00,60.87,60.91,60.87,60.91,925.0
2026-04-01 14:55:00,61.15,61.15,61.06,61.06,1481.0
2026-04-01 15:05:00,60.83,60.83,60.63,60.77,1628.0
2026-04-01 15:10:00,60.82,60.82,60.77,60.78,665.0
2026-04-01 15:15:00,60.8696,60.8696,60.8696,60.8696,278.0
2026-04-01 15:20:00,60.86,60.972,60.86,60.972,337.0
2026-04-01 15:25:00,60.84,60.84,60.25,60.28,4794.0
2026-04-01 15:30:00,60.39,60.57,60.21,60.365,16362.0
2026-04-01 15:35:00,60.47,60.47,60.38,60.38,200.0
2026-04-01 15:40:00,60.31,60.31,60.14,60.14,897.0
2026-04-01 15:45:00,60.35,60.35,59.9501,60.03,5313.0
2026-04-01 15:50:00,60.02,60.28,60.02,60.03,5009.0
2026-04-01 15:55:00,60.05,60.4,60.05,60.28,17371.0
2026-04-01 16:00:00,60.41,60.41,60.23,60.23,1358.0
2026-04-01 16:05:00,60.56,60.56,60.55,60.55,200.0
2026-04-01 16:15:00,60.48,60.48,60.48,60.48,355.0
2026-04-01 16:25:00,60.55,60.55,60.55,60.55,579.0
2026-04-01 16:50:00,60.01,60.01,59.98,59.98,500.0
2026-04-01 17:05:00,59.81,59.81,59.64,59.66,468.0
2026-04-01 17:10:00,59.3911,59.3911,59.3911,59.3911,300.0
2026-04-01 17:25:00,59.36,59.5,59.0,59.45,2216.0
2026-04-01 17:30:00,59.44,59.44,59.2,59.2,595.0
2026-04-01 17:35:00,58.75,59.2,58.75,59.2,819.0
2026-04-01 17:40:00,59.58,59.58,59.58,59.58,100.0
2026-04-01 17:55:00,59.85,59.85,59.3062,59.3062,914.0
2026-04-01 18:05:00,59.7,59.7,59.7,59.7,2000.0
2026-04-01 18:15:00,59.69,60.0,59.69,60.0,2978.0
2026-04-01 18:20:00,60.0,60.0,60.0,60.0,1521.0
2026-04-01 18:45:00,60.08,60.08,60.08,60.08,100.0
2026-04-01 18:50:00,60.27,60.27,60.27,60.27,100.0
2026-04-01 19:15:00,60.34,60.34,60.34,60.34,100.0
2026-04-01 19:30:00,60.44,60.57,60.44,60.57,423.0
2026-04-01 19:45:00,60.04,60.04,60.04,60.04,254.0
2026-04-01 19:50:00,60.31,60.31,60.31,60.31,300.0
2026-04-02 04:00:00,64.99,66.0,64.8,65.5,7199.0
2026-04-02 04:05:00,65.48,65.48,65.48,65.48,100.0
2026-04-02 04:10:00,65.49,65.54,65.48,65.49,1993.0
2026-04-02 04:15:00,65.53,65.53,65.53,65.53,100.0
2026-04-02 04:20:00,65.68,65.68,65.65,65.6696,1120.0
2026-04-02 04:35:00,65.74,65.74,65.74,65.74,943.0
2026-04-02 04:40:00,65.7,65.73,65.62,65.68,4642.0
2026-04-02 04:45:00,65.7,65.7,65.7,65.7,421.0
2026-04-02 04:55:00,65.67,65.68,65.67,65.68,229.0
2026-04-02 05:05:00,65.85,65.8944,65.85,65.8944,451.0
2026-04-02 05:10:00,65.98,66.0,65.98,66.0,400.0
2026-04-02 05:15:00,65.78,65.78,65.78,65.78,432.0
2026-04-02 05:25:00,65.56,65.62,65.56,65.62,951.0
2026-04-02 05:30:00,65.61,65.62,65.6,65.6,2150.0
2026-04-02 05:35:00,65.73,65.73,65.73,65.73,133.0
2026-04-02 06:05:00,66.0,66.0,66.0,66.0,100.0
2026-04-02 06:10:00,66.26,66.34,66.26,66.34,257.0
2026-04-02 06:15:00,66.35,66.39,66.21,66.21,674.0
2026-04-02 06:20:00,66.23,66.25,66.23,66.25,229.0
2026-04-02 06:30:00,66.14,66.14,66.14,66.14,202.0
2026-04-02 06:35:00,66.04,66.17,65.95,66.17,2566.0
2026-04-02 06:50:00,66.12,66.15,66.12,66.15,950.0
2026-04-02 07:00:00,66.03,66.12,65.91,65.97,14067.0
2026-04-02 07:05:00,66.0,66.24,66.0,66.2286,4523.0
2026-04-02 07:10:00,66.32,66.5335,66.3096,66.4934,5463.0
2026-04-02 07:15:00,66.5,66.87,66.3,66.31,1392.0
2026-04-02 07:20:00,66.3,66.3,66.3,66.3,100.0
2026-04-02 07:25:00,66.21,66.21,66.21,66.21,135.0
2026-04-02 07:30:00,66.09,66.2,66.09,66.2,444.0
2026-04-02 07:35:00,66.3073,66.4011,66.3073,66.4011,625.0
2026-04-02 07:40:00,66.3771,66.3771,66.3,66.3,2593.0
2026-04-02 07:45:00,66.357,66.357,66.3,66.3,215.0
2026-04-02 07:50:00,66.31,66.4,66.28,66.4,826.0
2026-04-02 07:55:00,66.46,66.46,66.37,66.37,921.0
2026-04-02 08:00:00,66.66,66.66,66.59,66.61,450.0
2026-04-02 08:05:00,66.62,66.8,66.62,66.8,1235.0
2026-04-02 08:10:00,66.73,66.81,66.55,66.65,11159.0
2026-04-02 08:15:00,66.7587,66.7587,66.7587,66.7587,692.0
2026-04-02 08:20:00,66.76,66.8458,66.76,66.84,654.0
2026-04-02 08:25:00,66.55,66.55,66.5,66.5,3458.0
2026-04-02 08:30:00,66.52,66.6,66.52,66.6,883.0
2026-04-02 08:35:00,66.6,66.68,66.6,66.63,1264.0
2026-04-02 08:40:00,66.5882,66.5882,66.5882,66.5882,2058.0
2026-04-02 08:45:00,66.46,66.64,66.4,66.64,13332.0
2026-04-02 08:50:00,66.6,66.7,66.6,66.7,882.0
2026-04-02 08:55:00,66.71,66.71,66.71,66.71,100.0
2026-04-02 09:00:00,66.78,67.08,66.75,67.03,1334.0
2026-04-02 09:05:00,66.85,66.85,66.66,66.66,735.0
2026-04-02 09:10:00,66.97,67.11,66.97,67.11,589.0
2026-04-02 09:15:00,67.0,67.04,67.0,67.04,1039.0
2026-04-02 09:20:00,67.11,67.11,66.98,66.99,1732.0
2026-04-02 09:25:00,66.39,66.61,66.39,66.61,2103.0
2026-04-02 09:30:00,66.67,67.065,66.39,66.97,30522.0
2026-04-02 09:35:00,67.0,67.4099,66.95,67.2787,11604.0
2026-04-02 09:40:00,67.37,67.4,67.1,67.235,8249.0
2026-04-02 09:45:00,67.2,67.2,66.64,66.72,4009.0
2026-04-02 09:50:00,66.67,66.68,66.455,66.56,6957.0
2026-04-02 09:55:00,66.6,66.6,66.03,66.039,11971.0
2026-04-02 10:00:00,66.135,66.49,66.05,66.34,27254.0
2026-04-02 10:05:00,66.37,66.47,65.95,66.08,13666.0
2026-04-02 10:10:00,66.17,66.23,65.84,66.04,46732.0
2026-04-02 10:15:00,66.1038,66.19,65.84,65.92,11034.0
2026-04-02 10:20:00,65.93,65.93,65.51,65.56,2287.0
2026-04-02 10:25:00,65.76,66.068,65.76,66.068,1479.0
2026-04-02 10:30:00,66.05,66.0505,65.17,65.3246,3783.0
2026-04-02 10:35:00,65.38,65.38,64.0922,64.94,24661.0
2026-04-02 10:40:00,65.0201,65.0201,64.4925,64.495,6911.0
2026-04-02 10:45:00,64.215,64.9399,64.15,64.9399,3562.0
2026-04-02 10:50:00,64.88,64.93,64.64,64.67,1689.0
2026-04-02 10:55:00,64.59,64.59,64.36,64.4446,1933.0
2026-04-02 11:00:00,64.56,64.86,64.56,64.64,6639.0
2026-04-02 11:05:00,64.58,64.785,64.58,64.67,400.0
2026-04-02 11:10:00,64.52,64.69,64.38,64.69,4394.0
2026-04-02 11:15:00,64.72,64.94,64.71,64.94,4193.0
2026-04-02 11:20:00,65.3684,65.39,65.24,65.24,2562.0
2026-04-02 11:25:00,65.28,65.28,65.0,65.07,3598.0
2026-04-02 11:30:00,65.09,65.3,65.04,65.18,1326.0
2026-04-02 11:35:00,65.0312,65.0312,64.63,64.71,3726.0
2026-04-02 11:40:00,64.68,64.85,64.65,64.65,2090.0
2026-04-02 11:45:00,64.595,64.595,64.595,64.595,200.0
2026-04-02 11:55:00,64.82,64.89,64.79,64.88,1100.0
2026-04-02 12:05:00,64.96,64.9799,64.91,64.91,6000.0
2026-04-02 12:10:00,64.82,64.94,64.81,64.93,2038.0
2026-04-02 12:15:00,64.965,65.08,64.95,65.04,1350.0
2026-04-02 12:20:00,65.29,65.29,65.03,65.16,4225.0
2026-04-02 12:25:00,65.15,65.15,65.0299,65.0299,200.0
2026-04-02 12:30:00,64.99,64.99,64.55,64.64,780.0
2026-04-02 12:35:00,64.45,64.62,64.31,64.4,5310.0
2026-04-02 12:40:00,64.34,64.36,63.9,64.3326,17432.0
2026-04-02 12:45:00,64.28,64.55,64.24,64.4999,13656.0
2026-04-02 12:50:00,64.45,64.45,64.3911,64.44,10205.0
2026-04-02 12:55:00,64.45,64.53,64.45,64.53,700.0
2026-04-02 13:00:00,64.88,65.03,64.88,64.98,1097.0
2026-04-02 13:05:00,64.97,64.97,64.9,64.91,500.0
2026-04-02 13:10:00,64.68,64.68,64.46,64.52,11595.0
2026-04-02 13:15:00,64.475,64.61,64.22,64.35,7516.0
2026-04-02 13:20:00,64.33,64.35,64.33,64.35,2606.0
2026-04-02 13:25:00,64.36,64.54,64.2543,64.54,1129.0
2026-04-02 13:30:00,64.76,64.76,64.71,64.71,300.0
2026-04-02 13:35:00,64.76,64.76,64.76,64.76,100.0
2026-04-02 13:40:00,64.76,65.0,64.76,64.85,6528.0
2026-04-02 13:45:00,64.835,65.37,64.835,65.31,4252.0
2026-04-02 13:50:00,65.3099,65.42,65.3099,65.42,4962.0
2026-04-02 13:55:00,65.42,65.66,65.39,65.61,1661.0
2026-04-02 14:00:00,65.49,65.69,65.4301,65.6,1159.0
2026-04-02 14:05:00,65.72,65.78,65.72,65.72,600.0
2026-04-02 14:10:00,65.6,65.6,65.35,65.35,1502.0
2026-04-02 14:15:00,65.6242,65.63,65.3333,65.34,686.0
2026-04-02 14:20:00,65.4,65.4,65.4,65.4,201.0
2026-04-02 14:25:00,65.55,65.71,65.5237,65.71,8301.0
2026-04-02 14:30:00,65.66,65.66,65.47,65.53,5231.0
2026-04-02 14:35:00,65.53,65.59,65.45,65.52,3836.0
2026-04-02 14:40:00,65.52,65.52,65.31,65.36,4392.0
2026-04-02 14:45:00,65.36,65.36,65.16,65.18,945.0
2026-04-02 14:50:00,64.89,64.91,64.67,64.87,1490.0
2026-04-02 14:55:00,64.92,64.92,64.92,64.92,200.0
2026-04-02 15:00:00,64.88,64.88,64.82,64.855,1593.0
2026-04-02 15:05:00,64.92,64.98,64.8326,64.98,5165.0
2026-04-02 15:10:00,64.88,64.88,64.72,64.81,3462.0
2026-04-02 15:15:00,64.91,64.9189,64.91,64.9189,871.0
2026-04-02 15:20:00,65.0,65.0,64.81,64.82,3025.0
2026-04-02 15:25:00,64.79,64.83,64.76,64.78,1050.0
2026-04-02 15:30:00,64.725,64.99,64.725,64.92,1163.0
2026-04-02 15:35:00,65.08,65.08,64.97,64.97,400.0
2026-04-02 15:40:00,64.73,64.97,64.73,64.86,11434.0
2026-04-02 15:45:00,64.815,64.89,64.7,64.88,4271.0
2026-04-02 15:50:00,64.705,64.705,64.55,64.66,2077.0
2026-04-02 15:55:00,64.5912,64.5912,64.43,64.52,15401.0
2026-04-02 16:00:00,64.5,64.52,64.43,64.43,24495.0
2026-04-02 16:05:00,64.52,64.52,64.43,64.43,567.0
2026-04-02 16:15:00,64.21,64.21,64.21,64.21,200.0
2026-04-02 16:20:00,64.138,64.138,64.138,64.138,200.0
2026-04-02 16:25:00,64.23,64.23,64.23,64.23,300.0
2026-04-02 16:30:00,64.27,64.27,64.27,64.27,2464.0
2026-04-02 16:45:00,64.12,64.13,64.09,64.13,1070.0
2026-04-02 16:50:00,64.23,64.23,64.21,64.21,200.0
2026-04-02 17:00:00,64.25,64.3,64.25,64.3,1395.0
2026-04-02 17:10:00,64.5,64.5,64.5,64.5,1500.0
2026-04-02 17:20:00,64.7,64.7,64.43,64.5,3088.0
2026-04-02 17:40:00,65.17,65.45,65.17,65.45,1500.0
2026-04-02 17:45:00,65.3,65.5,65.3,65.5,1100.0
2026-04-02 17:55:00,64.93,64.93,64.93,64.93,160.0
2026-04-02 18:00:00,64.92,64.92,64.92,64.92,400.0
2026-04-02 18:05:00,64.46,64.46,64.46,64.46,136.0
2026-04-02 18:10:00,64.51,64.59,64.51,64.59,269.0
2026-04-02 18:20:00,64.48,64.48,64.48,64.48,387.0
2026-04-02 18:25:00,64.94,65.0699,64.94,64.97,1314.0
2026-04-02 18:30:00,64.97,64.97,64.97,64.97,270.0
2026-04-02 19:05:00,64.8772,64.9,64.8772,64.9,1228.0
2026-04-02 19:15:00,64.9,64.9,64.9,64.9,100.0
2026-04-02 19:25:00,64.9121,64.926,64.9121,64.926,960.0
2026-04-02 19:40:00,64.95,64.95,64.95,64.95,399.0
2026-04-02 19:45:00,65.05,65.05,65.05,65.05,200.0
2026-04-02 19:50:00,64.9586,64.9586,64.9586,64.9586,1515.0
