2026-03-04 09:30:00,99.95,99.95,99.94,99.94,23873
2026-03-04 09:35:00,99.95,99.95,99.94,99.948,1885
2026-03-04 09:40:00,99.9418,99.95,99.94,99.94,1018
2026-03-04 09:45:00,99.95,99.95,99.9488,99.9499,24718
2026-03-04 09:50:00,99.9498,99.9499,99.9498,99.9499,650
2026-03-04 09:55:00,99.944,99.945,99.944,99.945,2070
2026-03-04 10:00:00,99.945,99.95,99.9418,99.9423,6967
2026-03-04 10:05:00,99.9486,99.95,99.9423,99.945,3126
2026-03-04 10:10:00,99.9419,99.95,99.9418,99.945,13926
2026-03-04 10:15:00,99.945,99.945,99.942,99.945,1217
2026-03-04 10:20:00,99.94,99.95,99.94,99.9421,1536
2026-03-04 10:25:00,99.95,99.95,99.94,99.94,1245
2026-03-04 10:30:00,99.9486,99.95,99.94,99.945,3380
2026-03-04 10:35:00,99.945,99.9499,99.945,99.945,2657
2026-03-04 10:40:00,99.9431,99.9431,99.9401,99.9401,1811
2026-03-04 10:45:00,99.95,99.95,99.946,99.95,446
2026-03-04 10:50:00,99.9487,99.95,99.945,99.9499,2617
2026-03-04 10:55:00,99.9403,99.95,99.9403,99.945,13202
2026-03-04 11:00:00,99.9497,99.9497,99.9497,99.9497,119
2026-03-04 11:05:00,99.9499,99.95,99.945,99.945,897
2026-03-04 11:10:00,99.9498,99.9498,99.945,99.945,756
2026-03-04 11:15:00,99.945,99.9458,99.9418,99.945,4397
2026-03-04 11:20:00,99.946,99.9481,99.9401,99.9401,1098
2026-03-04 11:25:00,99.9401,99.9401,99.9401,99.9401,407
2026-03-04 11:30:00,99.94,99.95,99.94,99.95,9753
2026-03-04 11:35:00,99.95,99.95,99.94,99.9429,5519
2026-03-04 11:40:00,99.95,99.95,99.94,99.9401,5355
2026-03-04 11:45:00,99.9401,99.95,99.94,99.9499,3867
2026-03-04 11:50:00,99.9499,99.95,99.945,99.9487,4729
2026-03-04 11:55:00,99.9401,99.95,99.9401,99.95,5979
2026-03-04 12:00:00,99.945,99.9498,99.9431,99.9431,1479
2026-03-04 12:05:00,99.9499,99.9499,99.945,99.945,2562
2026-03-04 12:10:00,99.9444,99.9495,99.9444,99.9495,2059
2026-03-04 12:15:00,99.95,99.95,99.94,99.945,6130
2026-03-04 12:20:00,99.945,99.947,99.945,99.947,250
2026-03-04 12:25:00,99.945,99.95,99.9442,99.9442,3462
2026-03-04 12:30:00,99.9498,99.9498,99.9498,99.9498,250
2026-03-04 12:35:00,99.945,99.9497,99.945,99.9497,2413
2026-03-04 12:40:00,99.9422,99.9499,99.94,99.9421,1020
2026-03-04 12:45:00,99.945,99.95,99.945,99.9478,4403
2026-03-04 12:50:00,99.95,99.95,99.945,99.95,3542
2026-03-04 12:55:00,99.9499,99.95,99.94,99.9495,3037
2026-03-04 13:00:00,99.945,99.9499,99.945,99.945,4097
2026-03-04 13:05:00,99.94,99.945,99.94,99.945,84799
2026-03-04 13:10:00,99.9499,99.9499,99.94,99.945,993
2026-03-04 13:15:00,99.943,99.95,99.94,99.945,6969
2026-03-04 13:20:00,99.9499,99.9499,99.9498,99.9498,350
2026-03-04 13:25:00,99.945,99.95,99.94,99.9416,1401
2026-03-04 13:30:00,99.945,99.95,99.9401,99.945,5327
2026-03-04 13:35:00,99.9497,99.9497,99.9432,99.9447,2060
2026-03-04 13:40:00,99.9499,99.9499,99.9499,99.9499,1515
2026-03-04 13:45:00,99.95,99.95,99.943,99.943,2056
2026-03-04 13:50:00,99.95,99.95,99.945,99.945,7344
2026-03-04 13:55:00,99.95,99.95,99.945,99.9498,8403
2026-03-04 14:00:00,99.9418,99.945,99.9418,99.945,592
2026-03-04 14:05:00,99.9418,99.9499,99.9418,99.9487,1572
2026-03-04 14:10:00,99.95,99.95,99.9418,99.945,3493
2026-03-04 14:15:00,99.95,99.95,99.94,99.945,141444
2026-03-04 14:20:00,99.95,99.95,99.9418,99.9418,3617
2026-03-04 14:25:00,99.95,99.95,99.9417,99.945,967
2026-03-04 14:30:00,99.9499,99.95,99.9418,99.945,4022
2026-03-04 14:35:00,99.945,99.95,99.945,99.95,2159
2026-03-04 14:40:00,99.946,99.9499,99.946,99.9497,714
2026-03-04 14:45:00,99.95,99.95,99.945,99.9481,9668
2026-03-04 14:50:00,99.9419,99.9499,99.9401,99.9401,8737
2026-03-04 14:55:00,99.945,99.95,99.9401,99.945,10457
2026-03-04 15:00:00,99.95,99.95,99.945,99.945,3696
2026-03-04 15:05:00,99.945,99.945,99.9417,99.945,2945
2026-03-04 15:10:00,99.945,99.95,99.94,99.9486,4201
2026-03-04 15:15:00,99.95,99.95,99.945,99.945,867
2026-03-04 15:20:00,99.945,99.945,99.945,99.945,636
2026-03-04 15:25:00,99.95,99.95,99.9418,99.95,2345
2026-03-04 15:30:00,99.95,99.95,99.9418,99.9497,14756
2026-03-04 15:35:00,99.9418,99.95,99.9418,99.95,2325
2026-03-04 15:40:00,99.9458,99.95,99.945,99.945,871
2026-03-04 15:45:00,99.945,99.95,99.9417,99.945,1303
2026-03-04 15:50:00,99.945,99.95,99.9416,99.9418,33194
2026-03-04 15:55:00,99.95,99.95,99.9418,99.95,24848
2026-03-04 16:00:00,99.95,99.95,99.95,99.95,1431
2026-03-05 09:30:00,99.95,99.95,99.95,99.95,4270
2026-03-05 09:35:00,99.95,99.9592,99.95,99.9592,5937
2026-03-05 09:40:00,99.9599,99.9599,99.9599,99.9599,4000
2026-03-05 09:45:00,99.9521,99.9521,99.9521,99.9521,100
2026-03-05 09:50:00,99.9533,99.955,99.9533,99.955,1666
2026-03-05 09:55:00,99.9576,99.9576,99.95,99.955,13075
2026-03-05 10:00:00,99.9599,99.9599,99.9519,99.9519,10548
2026-03-05 10:05:00,99.955,99.9599,99.9501,99.955,19770
2026-03-05 10:10:00,99.95,99.9599,99.95,99.955,9774
2026-03-05 10:15:00,99.9521,99.9598,99.95,99.95,696
2026-03-05 10:20:00,99.95,99.9597,99.95,99.953,6134
2026-03-05 10:25:00,99.955,99.9599,99.95,99.9599,2285
2026-03-05 10:30:00,99.96,99.96,99.95,99.96,7946
2026-03-05 10:35:00,99.96,99.96,99.95,99.96,2844
2026-03-05 10:40:00,99.96,99.96,99.955,99.955,1393
2026-03-05 10:45:00,99.96,99.96,99.955,99.955,5514
2026-03-05 10:50:00,99.95,99.96,99.95,99.955,1465
2026-03-05 10:55:00,99.9586,99.96,99.9518,99.9518,2011
2026-03-05 11:00:00,99.96,99.96,99.95,99.95,4161
2026-03-05 11:05:00,99.955,99.96,99.9518,99.96,350
2026-03-05 11:10:00,99.96,99.96,99.955,99.955,28009
2026-03-05 11:15:00,99.955,99.9557,99.95,99.95,3061
2026-03-05 11:20:00,99.9504,99.9587,99.9504,99.955,4274
2026-03-05 11:25:00,99.9599,99.96,99.95,99.955,47038
2026-03-05 11:30:00,99.955,99.955,99.95,99.955,58244
2026-03-05 11:35:00,99.95,99.96,99.95,99.96,4494
2026-03-05 11:40:00,99.9596,99.96,99.95,99.955,1496
2026-03-05 11:45:00,99.95,99.9598,99.95,99.95,2236
2026-03-05 11:50:00,99.9521,99.955,99.9521,99.9528,8544
2026-03-05 11:55:00,99.95,99.96,99.95,99.96,10997
2026-03-05 12:00:00,99.9502,99.9599,99.95,99.9586,32136
2026-03-05 12:05:00,99.96,99.96,99.95,99.95,1276
2026-03-05 12:10:00,99.9501,99.9592,99.95,99.955,27742
2026-03-05 12:15:00,99.9534,99.955,99.9524,99.9532,3718
2026-03-05 12:20:00,99.96,99.96,99.95,99.9517,1553
2026-03-05 12:25:00,99.952,99.96,99.952,99.96,726
2026-03-05 12:30:00,99.957,99.957,99.95,99.9521,1023
2026-03-05 12:35:00,99.955,99.9599,99.955,99.9599,2250
2026-03-05 12:40:00,99.952,99.9599,99.95,99.95,27558
2026-03-05 12:45:00,99.9599,99.9599,99.9502,99.955,1127
2026-03-05 12:50:00,99.955,99.955,99.955,99.955,1161
2026-03-05 12:55:00,99.9521,99.955,99.9521,99.955,435
2026-03-05 13:00:00,99.9586,99.9586,99.95,99.9521,3150
2026-03-05 13:05:00,99.95,99.9532,99.95,99.9532,2050
2026-03-05 13:10:00,99.9532,99.955,99.95,99.95,1802
2026-03-05 13:15:00,99.955,99.9595,99.9532,99.9532,5138
2026-03-05 13:20:00,99.955,99.96,99.9501,99.955,32115
2026-03-05 13:25:00,99.955,99.96,99.955,99.955,18443
2026-03-05 13:30:00,99.95,99.95,99.95,99.95,730
2026-03-05 13:35:00,99.955,99.96,99.9501,99.9501,85666
2026-03-05 13:40:00,99.955,99.955,99.95,99.955,47199
2026-03-05 13:45:00,99.955,99.96,99.95,99.96,16518
2026-03-05 13:50:00,99.955,99.955,99.95,99.955,23914
2026-03-05 13:55:00,99.955,99.96,99.955,99.96,948
2026-03-05 14:00:00,99.955,99.955,99.95,99.9501,20094
2026-03-05 14:05:00,99.955,99.96,99.95,99.9532,17438
2026-03-05 14:10:00,99.955,99.9587,99.9526,99.9587,4439
2026-03-05 14:15:00,99.955,99.96,99.955,99.955,17342
2026-03-05 14:20:00,99.955,99.9599,99.9502,99.9561,9363
2026-03-05 14:25:00,99.955,99.955,99.955,99.955,13215
2026-03-05 14:30:00,99.95,99.955,99.95,99.955,20663
2026-03-05 14:35:00,99.955,99.96,99.955,99.955,2317
2026-03-05 14:40:00,99.9599,99.9599,99.955,99.955,12084
2026-03-05 14:45:00,99.955,99.9595,99.955,99.955,1212
2026-03-05 14:50:00,99.955,99.9599,99.9521,99.955,13543
2026-03-05 14:55:00,99.955,99.955,99.955,99.955,17577
2026-03-05 15:00:00,99.96,99.96,99.95,99.955,10044
2026-03-05 15:05:00,99.95,99.96,99.95,99.955,11146
2026-03-05 15:10:00,99.955,99.9599,99.955,99.9599,451
2026-03-05 15:15:00,99.955,99.9587,99.951,99.951,2216
2026-03-05 15:20:00,99.957,99.96,99.955,99.955,2285
2026-03-05 15:25:00,99.9532,99.9599,99.95,99.9599,7467
2026-03-05 15:30:00,99.957,99.9599,99.95,99.9599,13912
2026-03-05 15:35:00,99.9506,99.9506,99.9501,99.9501,3996
2026-03-05 15:40:00,99.95,99.96,99.95,99.955,8546
2026-03-05 15:45:00,99.955,99.96,99.95,99.955,11878
2026-03-05 15:50:00,99.9522,99.96,99.9501,99.955,3718
2026-03-05 15:55:00,99.955,99.96,99.9532,99.96,48756
2026-03-05 16:00:00,99.95,99.95,99.95,99.95,171
2026-03-05 16:50:00,99.9502,99.9502,99.9502,99.9502,10000
2026-03-05 16:55:00,99.9502,99.9502,99.9502,99.9502,10000
2026-03-05 17:40:00,99.9598,99.9598,99.9598,99.9598,900
2026-03-05 17:55:00,99.96,99.96,99.9595,99.9595,300
2026-03-05 19:20:00,99.9597,99.9597,99.9597,99.9597,100
2026-03-06 05:30:00,99.98,99.98,99.98,99.98,105
2026-03-06 08:15:00,99.985,99.985,99.985,99.985,8400
2026-03-06 08:45:00,99.99,99.99,99.99,99.99,3000
2026-03-06 09:10:00,99.985,99.985,99.985,99.985,3000
2026-03-06 09:20:00,99.99,99.99,99.99,99.99,500
2026-03-06 09:30:00,99.98,99.99,99.98,99.9841,29654
2026-03-06 09:35:00,99.985,99.99,99.9801,99.985,2750
2026-03-06 09:40:00,99.99,99.99,99.98,99.99,5079
2026-03-06 09:45:00,99.99,99.99,99.98,99.99,8956
2026-03-06 09:50:00,99.983,99.99,99.9816,99.99,5418
2026-03-06 09:55:00,99.9899,99.99,99.982,99.985,21361
2026-03-06 10:00:00,99.99,99.99,99.981,99.99,16640
2026-03-06 10:05:00,99.99,99.99,99.9801,99.985,11800
2026-03-06 10:10:00,99.99,99.99,99.99,99.99,28130
2026-03-06 10:15:00,99.9899,99.99,99.98,99.99,43072
2026-03-06 10:20:00,99.99,99.99,99.98,99.99,9034
2026-03-06 10:25:00,99.99,99.99,99.984,99.99,1624
2026-03-06 10:30:00,99.99,99.99,99.985,99.99,10424
2026-03-06 10:35:00,99.99,99.99,99.98,99.99,2993
2026-03-06 10:40:00,99.99,100.0,99.9899,99.995,31021
2026-03-06 10:45:00,99.995,100.0,99.9902,99.995,60239
2026-03-06 10:50:00,99.995,100.0,99.9912,99.995,10038
2026-03-06 10:55:00,99.995,100.0,99.995,100.0,4561
2026-03-06 11:00:00,100.0,100.0,99.99,99.995,2294
2026-03-06 11:05:00,100.0,100.0,99.99,100.0,12880
2026-03-06 11:10:00,100.0,100.0,99.995,99.995,12600
2026-03-06 11:15:00,99.9901,100.0,99.99,100.0,3395
2026-03-06 11:20:00,100.0,100.0,99.9901,99.995,12712
2026-03-06 11:25:00,100.0,100.0,99.9906,99.995,11470
2026-03-06 11:30:00,100.0,100.0,99.995,99.9977,4085
2026-03-06 11:35:00,100.0,100.0,99.9901,99.995,9975
2026-03-06 11:40:00,100.0,100.0,99.99,99.99,62721
2026-03-06 11:45:00,100.0,100.0,99.99,99.9901,4893
2026-03-06 11:50:00,100.0,100.0,99.99,100.0,13559
2026-03-06 11:55:00,100.0,100.0,99.99,100.0,5551
2026-03-06 12:00:00,99.995,100.0,99.99,100.0,2751
2026-03-06 12:05:00,99.995,100.0,99.99,99.99,11071
2026-03-06 12:10:00,100.0,100.0,99.99,99.99,4813
2026-03-06 12:15:00,100.0,100.0,99.99,100.0,2909
2026-03-06 12:20:00,100.0,100.0,99.99,100.0,22654
2026-03-06 12:25:00,100.0,100.0,99.99,99.9901,36150
2026-03-06 12:30:00,99.991,100.0,99.99,99.995,21275
2026-03-06 12:35:00,100.0,100.0,99.99,100.0,5807
2026-03-06 12:40:00,99.99,100.0,99.99,100.0,43505
2026-03-06 12:45:00,100.0,100.0,99.99,99.99,9915
2026-03-06 12:50:00,100.0,100.0,99.99,99.9958,4884
2026-03-06 12:55:00,100.0,100.0,99.99,99.995,15426
2026-03-06 13:00:00,100.0,100.0,99.99,99.99,5551
2026-03-06 13:05:00,100.0,100.0,99.99,100.0,4086
2026-03-06 13:10:00,99.99,100.0,99.99,100.0,9558
2026-03-06 13:15:00,100.0,100.0,99.99,99.99,1666
2026-03-06 13:20:00,100.0,100.0,99.99,100.0,10057
2026-03-06 13:25:00,100.0,100.0,99.99,100.0,2471
2026-03-06 13:30:00,100.0,100.0,99.99,100.0,8937
2026-03-06 13:35:00,99.99,100.0,99.99,100.0,2115
2026-03-06 13:40:00,99.9913,100.0,99.99,99.99,17521
2026-03-06 13:45:00,100.0,100.0,99.99,100.0,2515
2026-03-06 13:50:00,100.0,100.0,99.99,99.995,10309
2026-03-06 13:55:00,100.0,100.0,99.99,99.995,13961
2026-03-06 14:00:00,100.0,100.0,99.99,99.995,9266
2026-03-06 14:05:00,100.0,100.0,99.99,100.0,4084
2026-03-06 14:10:00,99.995,100.0,99.99,99.99,9108
2026-03-06 14:15:00,100.0,100.0,99.99,100.0,800
2026-03-06 14:20:00,99.99,100.0,99.99,100.0,11592
2026-03-06 14:25:00,99.9979,100.0,99.99,99.99,29672
2026-03-06 14:30:00,100.0,100.0,99.99,100.0,7143
2026-03-06 14:35:00,99.99,100.0,99.99,100.0,48603
2026-03-06 14:40:00,100.0,100.0,99.99,99.99,1937
2026-03-06 14:45:00,100.0,100.0,99.99,99.995,16253
2026-03-06 14:50:00,100.0,100.0,99.99,100.0,2958
2026-03-06 14:55:00,99.99,100.0,99.99,99.995,3625
2026-03-06 15:00:00,100.0,100.0,99.99,99.995,18168
2026-03-06 15:05:00,99.9979,100.0,99.99,99.995,32866
2026-03-06 15:10:00,99.995,100.0,99.99,100.0,9551
2026-03-06 15:15:00,100.0,100.0,99.99,99.995,19326
2026-03-06 15:20:00,100.0,100.0,99.99,100.0,16532
2026-03-06 15:25:00,99.99,100.0,99.99,99.99,13829
2026-03-06 15:30:00,100.0,100.0,99.99,100.0,35865
2026-03-06 15:35:00,100.0,100.0,99.99,99.99,23752
2026-03-06 15:40:00,100.0,100.0,99.99,100.0,32166
2026-03-06 15:45:00,99.99,100.0,99.99,99.99,10292
2026-03-06 15:50:00,100.0,100.0,99.99,99.995,18272
2026-03-06 15:55:00,99.995,100.0,99.99,100.0,47159
2026-03-06 16:00:00,100.0,100.0,100.0,100.0,23614
2026-03-06 17:00:00,100.0,100.0,99.9998,100.0,1999
2026-03-06 18:20:00,99.9901,99.9901,99.9901,99.9901,1000
2026-03-06 19:55:00,100.0,100.0,100.0,100.0,1000
2026-03-09 04:15:00,99.99,99.99,99.99,99.99,368
2026-03-09 08:00:00,99.99,99.99,99.99,99.99,100
2026-03-09 09:00:00,99.99,99.99,99.99,99.99,100
2026-03-09 09:30:00,99.99,100.0,99.99,99.995,5918
2026-03-09 09:35:00,99.992,100.0,99.992,99.9995,2011
2026-03-09 09:40:00,99.99,99.9945,99.99,99.9945,1716
2026-03-09 09:50:00,99.995,100.0,99.99,100.0,2104
2026-03-09 09:55:00,99.9978,99.9999,99.99,99.9999,3137
2026-03-09 10:00:00,99.995,100.0,99.99,99.99,10018
2026-03-09 10:05:00,99.995,100.0,99.99,99.995,96185
2026-03-09 10:10:00,99.995,99.9986,99.9901,99.995,2565
2026-03-09 10:15:00,99.995,100.0,99.9922,99.9999,1773
2026-03-09 10:20:00,99.9998,100.0,99.9924,100.0,2471
2026-03-09 10:25:00,99.995,100.0,99.992,99.992,8844
2026-03-09 10:30:00,99.995,100.0,99.995,99.995,9291
2026-03-09 10:35:00,99.9999,100.0,99.99,100.0,146179
2026-03-09 10:40:00,99.995,100.0,99.99,99.995,40233
2026-03-09 10:45:00,100.0,100.0,99.9919,99.9923,13914
2026-03-09 10:50:00,99.9945,100.0,99.9901,99.995,4871
2026-03-09 10:55:00,99.995,100.0,99.99,99.9958,8242
2026-03-09 11:00:00,99.9981,99.9981,99.9927,99.9927,1187
2026-03-09 11:05:00,99.995,100.0,99.992,99.995,2947
2026-03-09 11:10:00,99.9992,100.0,99.992,100.0,21499
2026-03-09 11:15:00,99.995,100.0,99.995,100.0,2500
2026-03-09 11:20:00,100.0,100.0,99.992,99.992,9140
2026-03-09 11:25:00,99.995,100.0,99.995,100.0,10983
2026-03-09 11:30:00,99.995,100.0,99.9901,100.0,8424
2026-03-09 11:35:00,99.9997,100.0,99.9927,100.0,4481
2026-03-09 11:40:00,99.995,100.0,99.995,100.0,41135
2026-03-09 11:45:00,99.995,100.0,99.995,100.0,5795
2026-03-09 11:50:00,99.995,100.0,99.99,100.0,39219
2026-03-09 11:55:00,99.995,100.0,99.99,99.99,60143
2026-03-09 12:00:00,99.9919,100.0,99.9919,100.0,1150
2026-03-09 12:05:00,100.0,100.0,99.9919,99.9919,2075
2026-03-09 12:10:00,99.9923,100.0,99.9901,99.9999,7128
2026-03-09 12:15:00,100.0,100.0,99.9919,99.9998,2454
2026-03-09 12:20:00,100.0,100.0,99.995,100.0,3254
2026-03-09 12:25:00,99.9923,100.0,99.9923,99.995,7329
2026-03-09 12:30:00,99.995,100.0,99.9901,99.9901,615
2026-03-09 12:35:00,100.0,100.0,99.9932,100.0,6150
2026-03-09 12:40:00,100.0,100.0,99.99,100.0,7292
2026-03-09 12:45:00,99.995,100.0,99.99,100.0,3762
2026-03-09 12:50:00,99.999,100.0,99.9919,99.9999,6478
2026-03-09 12:55:00,100.0,100.0,99.99,100.0,52897
2026-03-09 13:00:00,99.9997,100.0,99.995,100.0,18800
2026-03-09 13:05:00,100.0,100.0,99.9919,99.9978,39252
2026-03-09 13:10:00,99.995,100.0,99.9923,99.995,4237
2026-03-09 13:15:00,99.995,100.0,99.9918,99.9918,1170
2026-03-09 13:20:00,99.99,100.0,99.99,99.994,6730
2026-03-09 13:25:00,99.9983,100.0,99.995,99.995,2122
2026-03-09 13:30:00,100.0,100.0,99.9919,100.0,15489
2026-03-09 13:35:00,100.0,100.0,99.9999,100.0,77335
2026-03-09 13:40:00,99.99,100.0,99.99,99.995,15848
2026-03-09 13:45:00,99.995,100.0,99.99,99.99,1869
2026-03-09 13:50:00,99.995,100.0,99.99,99.99,8591
2026-03-09 13:55:00,99.995,100.0,99.995,100.0,550
2026-03-09 14:00:00,99.99,100.0,99.99,99.999,8327
2026-03-09 14:05:00,99.9986,100.0,99.995,100.0,8299
2026-03-09 14:10:00,100.0,100.0,99.995,99.995,3349
2026-03-09 14:15:00,99.9999,100.0,99.9988,100.0,10733
2026-03-09 14:20:00,99.99,100.0,99.99,99.995,13413
2026-03-09 14:25:00,99.995,99.995,99.995,99.995,1421
2026-03-09 14:30:00,100.0,100.0,99.995,100.0,2207
2026-03-09 14:35:00,99.995,100.0,99.9919,99.995,25968
2026-03-09 14:40:00,99.9927,100.0,99.9901,99.995,20568
2026-03-09 14:45:00,99.995,100.0,99.995,100.0,5907
2026-03-09 14:50:00,100.0,100.0,99.99,99.9923,29081
2026-03-09 14:55:00,99.995,100.0,99.9901,100.0,7162
2026-03-09 15:00:00,99.9919,100.0,99.9919,100.0,1518
2026-03-09 15:05:00,99.995,100.0,99.9901,100.0,10002
2026-03-09 15:10:00,99.995,100.0,99.99,100.0,5709
2026-03-09 15:15:00,99.995,100.0,99.9901,100.0,17526
2026-03-09 15:20:00,99.995,100.0,99.995,100.0,4520
2026-03-09 15:25:00,99.9927,100.0,99.9927,100.0,12432
2026-03-09 15:30:00,100.0,100.0,99.99,99.995,205298
2026-03-09 15:35:00,100.0,100.0,99.992,99.9961,22434
2026-03-09 15:40:00,100.0,100.0,99.9923,100.0,1754
2026-03-09 15:45:00,99.995,100.0,99.9922,100.0,37986
2026-03-09 15:50:00,100.0,100.0,99.995,100.0,3848
2026-03-09 15:55:00,99.992,100.0,99.9919,100.0,10596
2026-03-09 16:00:00,100.0,100.0,100.0,100.0,4194
2026-03-09 16:05:00,99.995,99.995,99.995,99.995,13925
2026-03-09 16:10:00,99.99,99.99,99.99,99.99,2900
2026-03-09 17:15:00,99.99,99.99,99.99,99.99,125
2026-03-09 18:05:00,99.9903,99.9903,99.9903,99.9903,587
2026-03-10 08:05:00,100.005,100.005,100.005,100.005,100
2026-03-10 09:30:00,100.01,100.01,100.005,100.01,15069
2026-03-10 09:35:00,100.01,100.01,100.01,100.01,100
2026-03-10 09:45:00,100.0099,100.01,100.0029,100.0099,8729
2026-03-10 09:50:00,100.01,100.01,100.0,100.0,2977
2026-03-10 09:55:00,100.005,100.01,100.0,100.0,3252
2026-03-10 10:00:00,100.01,100.01,100.0,100.0055,12626
2026-03-10 10:05:00,100.0099,100.01,100.005,100.01,5885
2026-03-10 10:10:00,100.0088,100.01,100.0,100.01,5967
2026-03-10 10:15:00,100.0021,100.01,100.0021,100.005,1458
2026-03-10 10:20:00,100.0012,100.01,100.0,100.01,20997
2026-03-10 10:25:00,100.01,100.01,100.0,100.005,10336
2026-03-10 10:30:00,100.01,100.01,100.005,100.01,1530
2026-03-10 10:35:00,100.005,100.01,100.005,100.01,1415
2026-03-10 10:40:00,100.005,100.01,100.0,100.01,8969
2026-03-10 10:45:00,100.01,100.01,100.005,100.01,4447
2026-03-10 10:50:00,100.01,100.01,100.005,100.0099,1814
2026-03-10 10:55:00,100.0088,100.01,100.0017,100.0095,17905
2026-03-10 11:00:00,100.01,100.01,100.005,100.0087,5576
2026-03-10 11:05:00,100.0098,100.01,100.0061,100.0099,2994
2026-03-10 11:10:00,100.005,100.01,100.0018,100.01,1754
2026-03-10 11:15:00,100.005,100.01,100.0,100.005,5188
2026-03-10 11:20:00,100.0,100.0094,100.0,100.0094,1802
2026-03-10 11:25:00,100.01,100.01,100.0026,100.01,9707
2026-03-10 11:30:00,100.005,100.01,100.005,100.01,527
2026-03-10 11:35:00,100.01,100.01,100.005,100.01,879
2026-03-10 11:40:00,100.0097,100.01,100.0023,100.01,1551
2026-03-10 11:45:00,100.005,100.01,100.002,100.01,8250
2026-03-10 11:50:00,100.0099,100.01,100.0,100.0,5026
2026-03-10 11:55:00,100.0045,100.01,100.0045,100.005,1450
2026-03-10 12:00:00,100.01,100.01,100.005,100.0099,1133
2026-03-10 12:05:00,100.01,100.01,100.01,100.01,600
2026-03-10 12:10:00,100.01,100.01,100.005,100.005,1357
2026-03-10 12:15:00,100.01,100.01,100.0,100.01,5169
2026-03-10 12:20:00,100.005,100.01,100.0,100.01,997
2026-03-10 12:25:00,100.0,100.005,100.0,100.005,715
2026-03-10 12:30:00,100.0061,100.01,100.005,100.01,1911
2026-03-10 12:35:00,100.0,100.01,100.0,100.01,2872
2026-03-10 12:40:00,100.0099,100.01,100.0018,100.0018,4294
2026-03-10 12:45:00,100.0081,100.01,100.0018,100.0018,4465
2026-03-10 12:50:00,100.0017,100.01,100.0017,100.0099,7741
2026-03-10 12:55:00,100.0,100.01,100.0,100.0092,19843
2026-03-10 13:00:00,100.01,100.01,100.0072,100.0072,11857
2026-03-10 13:05:00,100.0086,100.01,100.0031,100.0092,10162
2026-03-10 13:10:00,100.01,100.01,100.0,100.0018,10017
2026-03-10 13:15:00,100.0,100.01,100.0,100.01,8925
2026-03-10 13:20:00,100.01,100.01,100.0,100.01,2542
2026-03-10 13:25:00,100.01,100.01,100.0,100.005,3354
2026-03-10 13:30:00,100.0099,100.01,100.0023,100.01,2483
2026-03-10 13:35:00,100.0039,100.0099,100.0,100.0099,2038
2026-03-10 13:40:00,100.0022,100.005,100.0022,100.005,785
2026-03-10 13:45:00,100.01,100.01,100.0002,100.005,1822
2026-03-10 13:50:00,100.01,100.01,100.01,100.01,1300
2026-03-10 13:55:00,100.0099,100.01,100.0,100.0043,2900
2026-03-10 14:00:00,100.0083,100.01,100.0,100.01,5441
2026-03-10 14:05:00,100.0001,100.01,100.0,100.0017,3444
2026-03-10 14:10:00,100.0001,100.01,100.0,100.0,7828
2026-03-10 14:15:00,100.0013,100.0013,100.0,100.0,1356
2026-03-10 14:20:00,100.0033,100.01,100.002,100.01,3630
2026-03-10 14:25:00,100.01,100.01,100.0048,100.0098,3689
2026-03-10 14:30:00,100.0092,100.01,100.005,100.005,2729
2026-03-10 14:35:00,100.008,100.01,100.005,100.005,1825
2026-03-10 14:40:00,100.009,100.01,100.0016,100.01,2956
2026-03-10 14:45:00,100.0017,100.01,100.0017,100.01,1639
2026-03-10 14:50:00,100.0083,100.01,100.005,100.005,61112
2026-03-10 14:55:00,100.0018,100.01,100.0018,100.005,2697
2026-03-10 15:00:00,100.0092,100.01,100.0,100.01,11205
2026-03-10 15:05:00,100.0098,100.01,100.0,100.01,5667
2026-03-10 15:10:00,100.01,100.01,100.0,100.01,5946
2026-03-10 15:15:00,100.005,100.01,100.0021,100.01,3600
2026-03-10 15:20:00,100.005,100.01,100.0,100.0018,3446
2026-03-10 15:25:00,100.005,100.01,100.005,100.0099,4390
2026-03-10 15:30:00,100.005,100.005,100.005,100.005,600
2026-03-10 15:35:00,100.005,100.01,100.005,100.01,4319
2026-03-10 15:40:00,100.0099,100.01,100.005,100.01,5500
2026-03-10 15:45:00,100.01,100.01,100.005,100.005,6505
2026-03-10 15:50:00,100.01,100.01,100.005,100.005,3464
2026-03-10 15:55:00,100.005,100.01,100.002,100.01,133389
2026-03-10 16:00:00,100.02,100.02,100.01,100.01,169407
2026-03-10 16:40:00,100.01,100.01,100.01,100.01,13000
2026-03-10 18:40:00,100.01,100.01,100.01,100.01,421
2026-03-11 09:30:00,100.02,100.02,100.013,100.015,33813
2026-03-11 09:35:00,100.0106,100.0166,100.0106,100.0166,1355
2026-03-11 09:40:00,100.0102,100.0102,100.0102,100.0102,275
2026-03-11 09:45:00,100.0101,100.02,100.01,100.015,3949
2026-03-11 09:50:00,100.0171,100.0171,100.015,100.015,3319
2026-03-11 09:55:00,100.014,100.014,100.014,100.014,270
2026-03-11 10:00:00,100.015,100.0181,100.01,100.01,3573
2026-03-11 10:05:00,100.01,100.0179,100.01,100.01,4785
2026-03-11 10:10:00,100.015,100.015,100.015,100.015,250
2026-03-11 10:15:00,100.015,100.02,100.01,100.015,35581
2026-03-11 10:20:00,100.015,100.02,100.0102,100.015,7929
2026-03-11 10:25:00,100.0173,100.02,100.015,100.02,11426
2026-03-11 10:30:00,100.0102,100.0102,100.0102,100.0102,290
2026-03-11 10:35:00,100.0182,100.0182,100.015,100.0181,1774
2026-03-11 10:40:00,100.017,100.02,100.015,100.02,41089
2026-03-11 10:45:00,100.013,100.02,100.01,100.015,36458
2026-03-11 10:50:00,100.02,100.02,100.01,100.015,49903
2026-03-11 10:55:00,100.015,100.02,100.0111,100.015,2576
2026-03-11 11:00:00,100.015,100.02,100.015,100.015,2931
2026-03-11 11:05:00,100.015,100.02,100.0104,100.015,56706
2026-03-11 11:10:00,100.0199,100.0199,100.0101,100.015,7156
2026-03-11 11:15:00,100.015,100.015,100.015,100.015,200
2026-03-11 11:20:00,100.015,100.015,100.015,100.015,694
2026-03-11 11:25:00,100.0186,100.02,100.01,100.01,1970
2026-03-11 11:30:00,100.015,100.015,100.0101,100.015,7635
2026-03-11 11:35:00,100.02,100.02,100.01,100.02,2678
2026-03-11 11:40:00,100.01,100.02,100.01,100.015,1420
2026-03-11 11:45:00,100.015,100.02,100.015,100.015,2006
2026-03-11 11:50:00,100.02,100.02,100.01,100.015,4300
2026-03-11 11:55:00,100.015,100.02,100.01,100.01,1148
2026-03-11 12:00:00,100.015,100.02,100.0102,100.015,3139
2026-03-11 12:05:00,100.015,100.02,100.015,100.015,1468
2026-03-11 12:10:00,100.015,100.02,100.015,100.02,1268
2026-03-11 12:15:00,100.0192,100.0199,100.015,100.0199,3915
2026-03-11 12:20:00,100.02,100.02,100.012,100.012,9362
2026-03-11 12:25:00,100.0194,100.0194,100.0107,100.015,2685
2026-03-11 12:30:00,100.02,100.02,100.015,100.0159,4489
2026-03-11 12:35:00,100.015,100.02,100.0101,100.02,33965
2026-03-11 12:40:00,100.01,100.02,100.01,100.015,778
2026-03-11 12:45:00,100.015,100.02,100.015,100.02,2190
2026-03-11 12:50:00,100.0197,100.02,100.0176,100.0176,47821
2026-03-11 12:55:00,100.02,100.02,100.01,100.015,1429
2026-03-11 13:00:00,100.015,100.02,100.014,100.0199,9914
2026-03-11 13:05:00,100.015,100.02,100.015,100.02,5618
2026-03-11 13:10:00,100.015,100.02,100.01,100.0198,4951
2026-03-11 13:15:00,100.02,100.02,100.01,100.0199,16065
2026-03-11 13:20:00,100.015,100.02,100.015,100.0199,1350
2026-03-11 13:25:00,100.02,100.02,100.015,100.02,3256
2026-03-11 13:30:00,100.0172,100.02,100.015,100.015,9414
2026-03-11 13:35:00,100.013,100.02,100.013,100.02,10003
2026-03-11 13:40:00,100.015,100.02,100.01,100.01,431
2026-03-11 13:45:00,100.01,100.02,100.01,100.015,6262
2026-03-11 13:50:00,100.015,100.02,100.0121,100.015,5181
2026-03-11 13:55:00,100.015,100.02,100.0101,100.015,2049
2026-03-11 14:00:00,100.01,100.02,100.01,100.0199,5305
2026-03-11 14:05:00,100.0124,100.02,100.0124,100.015,12364
2026-03-11 14:10:00,100.015,100.02,100.01,100.02,2919
2026-03-11 14:15:00,100.0165,100.02,100.01,100.015,53421
2026-03-11 14:20:00,100.0198,100.02,100.0101,100.015,7250
2026-03-11 14:25:00,100.02,100.02,100.01,100.015,6785
2026-03-11 14:30:00,100.015,100.015,100.015,100.015,500
2026-03-11 14:35:00,100.015,100.02,100.015,100.0197,1777
2026-03-11 14:40:00,100.015,100.02,100.0104,100.0192,6131
2026-03-11 14:45:00,100.02,100.02,100.01,100.02,2934
2026-03-11 14:50:00,100.015,100.02,100.015,100.015,8547
2026-03-11 14:55:00,100.015,100.02,100.0102,100.015,11087
2026-03-11 15:00:00,100.015,100.015,100.015,100.015,4184
2026-03-11 15:05:00,100.0196,100.0199,100.0102,100.015,6225
2026-03-11 15:10:00,100.015,100.0195,100.0102,100.015,5807
2026-03-11 15:15:00,100.015,100.0171,100.015,100.015,7857
2026-03-11 15:20:00,100.02,100.02,100.01,100.015,11055
2026-03-11 15:25:00,100.015,100.02,100.015,100.015,4854
2026-03-11 15:30:00,100.015,100.02,100.01,100.015,7842
2026-03-11 15:35:00,100.015,100.0198,100.0143,100.015,5110
2026-03-11 15:40:00,100.015,100.02,100.015,100.015,5838
2026-03-11 15:45:00,100.0168,100.0197,100.01,100.015,7178
2026-03-11 15:50:00,100.015,100.02,100.01,100.015,66803
2026-03-11 15:55:00,100.015,100.02,100.015,100.02,19692
2026-03-11 16:00:00,100.02,100.02,100.02,100.02,22346
2026-03-11 16:05:00,100.02,100.02,100.02,100.02,1100
2026-03-11 19:45:00,100.02,100.02,100.02,100.02,2225
2026-03-12 08:10:00,100.0296,100.0296,100.0296,100.0296,500
2026-03-12 08:55:00,100.02,100.02,100.02,100.02,250
2026-03-12 09:15:00,100.02,100.02,100.02,100.02,150
2026-03-12 09:30:00,100.03,100.03,100.02,100.025,14173
2026-03-12 09:35:00,100.02,100.0268,100.02,100.025,7774
2026-03-12 09:40:00,100.0267,100.03,100.0267,100.03,3398
2026-03-12 09:45:00,100.025,100.025,100.02,100.02,3795
2026-03-12 09:50:00,100.025,100.03,100.02,100.02,9537
2026-03-12 09:55:00,100.02,100.0283,100.02,100.0283,1200
2026-03-12 10:00:00,100.0201,100.028,100.02,100.02,12349
2026-03-12 10:05:00,100.02,100.025,100.02,100.0201,2418
2026-03-12 10:10:00,100.0267,100.03,100.02,100.02,9109
2026-03-12 10:15:00,100.0201,100.0299,100.02,100.0201,3484
2026-03-12 10:20:00,100.02,100.025,100.02,100.0201,1521
2026-03-12 10:25:00,100.0201,100.03,100.02,100.02,3398
2026-03-12 10:30:00,100.03,100.03,100.02,100.02,2479
2026-03-12 10:35:00,100.025,100.03,100.02,100.025,17458
2026-03-12 10:40:00,100.0202,100.026,100.02,100.0201,14811
2026-03-12 10:45:00,100.0237,100.03,100.0237,100.03,2652
2026-03-12 10:50:00,100.03,100.03,100.02,100.03,5718
2026-03-12 10:55:00,100.0299,100.03,100.02,100.025,4177
2026-03-12 11:00:00,100.03,100.03,100.0201,100.0299,5174
2026-03-12 11:05:00,100.025,100.03,100.02,100.0201,4187
2026-03-12 11:10:00,100.02,100.03,100.02,100.025,4517
2026-03-12 11:15:00,100.0201,100.03,100.0201,100.03,4060
2026-03-12 11:20:00,100.03,100.03,100.025,100.0269,1544
2026-03-12 11:25:00,100.03,100.03,100.022,100.0223,1962
2026-03-12 11:30:00,100.0299,100.03,100.02,100.02,41478
2026-03-12 11:35:00,100.025,100.026,100.02,100.02,2073
2026-03-12 11:40:00,100.02,100.03,100.02,100.0201,11456
2026-03-12 11:45:00,100.025,100.0256,100.0244,100.025,4158
2026-03-12 11:50:00,100.025,100.03,100.0201,100.025,3597
2026-03-12 11:55:00,100.025,100.03,100.02,100.03,2508
2026-03-12 12:00:00,100.025,100.025,100.02,100.02,929
2026-03-12 12:05:00,100.025,100.03,100.025,100.025,5300
2026-03-12 12:10:00,100.025,100.025,100.02,100.02,3789
2026-03-12 12:15:00,100.02,100.0295,100.02,100.02,6425
2026-03-12 12:20:00,100.021,100.0299,100.02,100.02,5034
2026-03-12 12:25:00,100.02,100.03,100.02,100.02,6053
2026-03-12 12:30:00,100.0201,100.03,100.02,100.02,7731
2026-03-12 12:35:00,100.0278,100.0299,100.022,100.0299,616
2026-03-12 12:40:00,100.03,100.03,100.025,100.025,2758
2026-03-12 12:45:00,100.025,100.027,100.02,100.0268,2403
2026-03-12 12:50:00,100.025,100.03,100.0201,100.025,5668
2026-03-12 12:55:00,100.02,100.025,100.02,100.025,4226
2026-03-12 13:00:00,100.025,100.025,100.02,100.0207,1822
2026-03-12 13:05:00,100.025,100.025,100.02,100.0201,999
2026-03-12 13:10:00,100.0224,100.025,100.02,100.025,1232
2026-03-12 13:15:00,100.022,100.0255,100.02,100.0219,4113
2026-03-12 13:20:00,100.03,100.03,100.02,100.02,1061
2026-03-12 13:25:00,100.025,100.026,100.02,100.02,3229
2026-03-12 13:30:00,100.0234,100.0286,100.02,100.0286,5175
2026-03-12 13:35:00,100.025,100.025,100.02,100.02,1351
2026-03-12 13:40:00,100.02,100.0269,100.02,100.0259,10362
2026-03-12 13:45:00,100.0201,100.0201,100.02,100.02,500
2026-03-12 13:50:00,100.025,100.025,100.02,100.0224,2873
2026-03-12 13:55:00,100.0242,100.025,100.02,100.02,526
2026-03-12 14:00:00,100.026,100.03,100.02,100.02,3959
2026-03-12 14:05:00,100.0207,100.0207,100.0201,100.0201,477
2026-03-12 14:10:00,100.0292,100.0292,100.02,100.025,850
2026-03-12 14:20:00,100.0219,100.0297,100.02,100.0297,8475
2026-03-12 14:25:00,100.026,100.03,100.02,100.0264,4473
2026-03-12 14:30:00,100.0216,100.025,100.02,100.02,1951
2026-03-12 14:35:00,100.02,100.0272,100.02,100.025,634
2026-03-12 14:40:00,100.025,100.03,100.02,100.0298,21459
2026-03-12 14:45:00,100.025,100.0299,100.02,100.02,8339
2026-03-12 14:50:00,100.0263,100.0297,100.025,100.025,774
2026-03-12 14:55:00,100.025,100.025,100.02,100.02,376
2026-03-12 15:00:00,100.02,100.03,100.02,100.02,3179
2026-03-12 15:05:00,100.02,100.03,100.02,100.02,4470
2026-03-12 15:10:00,100.0257,100.03,100.02,100.02,2745
2026-03-12 15:15:00,100.0299,100.0299,100.02,100.02,8902
2026-03-12 15:20:00,100.02,100.0274,100.02,100.02,2266
2026-03-12 15:25:00,100.02,100.0254,100.02,100.02,8718
2026-03-12 15:30:00,100.025,100.03,100.02,100.02,5281
2026-03-12 15:35:00,100.025,100.0284,100.02,100.02,7497
2026-03-12 15:40:00,100.02,100.0269,100.02,100.0269,2933
2026-03-12 15:45:00,100.02,100.0262,100.02,100.02,11603
2026-03-12 15:50:00,100.02,100.025,100.02,100.0201,6260
2026-03-12 15:55:00,100.02,100.03,100.02,100.02,19956
2026-03-12 16:00:00,100.02,100.02,100.02,100.02,24829
2026-03-12 16:15:00,100.01,100.02,100.01,100.02,52647
2026-03-12 16:20:00,100.02,100.02,100.02,100.02,2000
2026-03-12 18:25:00,100.0101,100.0101,100.0101,100.0101,1000
2026-03-13 07:40:00,100.04,100.04,100.04,100.04,36000
2026-03-13 08:00:00,100.04,100.04,100.04,100.04,1000
2026-03-13 08:25:00,100.045,100.045,100.045,100.045,13900
2026-03-13 08:30:00,100.045,100.045,100.045,100.045,4829
2026-03-13 09:30:00,100.05,100.05,100.045,100.045,59956
2026-03-13 09:35:00,100.0499,100.0499,100.0499,100.0499,200
2026-03-13 09:40:00,100.0404,100.0472,100.0402,100.0402,3850
2026-03-13 09:45:00,100.045,100.05,100.045,100.0473,5076
2026-03-13 09:50:00,100.045,100.045,100.045,100.045,100
2026-03-13 09:55:00,100.04,100.05,100.04,100.045,27887
2026-03-13 10:00:00,100.045,100.05,100.0403,100.045,30989
2026-03-13 10:05:00,100.0467,100.05,100.045,100.045,50174
2026-03-13 10:10:00,100.045,100.05,100.0401,100.05,41622
2026-03-13 10:20:00,100.045,100.0497,100.045,100.0482,1424
2026-03-13 10:25:00,100.05,100.05,100.045,100.045,764
2026-03-13 10:30:00,100.05,100.05,100.045,100.05,1814
2026-03-13 10:35:00,100.05,100.05,100.04,100.05,2145
2026-03-13 10:40:00,100.04,100.05,100.04,100.04,896
2026-03-13 10:45:00,100.045,100.05,100.04,100.04,514
2026-03-13 10:50:00,100.045,100.0499,100.0402,100.045,3234
2026-03-13 10:55:00,100.0499,100.0499,100.0401,100.0468,3263
2026-03-13 11:00:00,100.0401,100.0499,100.04,100.0485,7885
2026-03-13 11:05:00,100.045,100.05,100.045,100.045,849
2026-03-13 11:10:00,100.045,100.045,100.045,100.045,350
2026-03-13 11:15:00,100.045,100.05,100.04,100.045,8920
2026-03-13 11:20:00,100.045,100.05,100.045,100.045,10789
2026-03-13 11:25:00,100.045,100.05,100.045,100.045,10658
2026-03-13 11:30:00,100.045,100.05,100.045,100.045,3644
2026-03-13 11:35:00,100.04,100.05,100.04,100.05,17121
2026-03-13 11:40:00,100.045,100.05,100.04,100.05,14705
2026-03-13 11:45:00,100.045,100.05,100.04,100.045,4914
2026-03-13 11:50:00,100.045,100.045,100.045,100.045,15651
2026-03-13 11:55:00,100.045,100.045,100.045,100.045,498
2026-03-13 12:00:00,100.0401,100.0485,100.0401,100.045,1967
2026-03-13 12:05:00,100.0499,100.05,100.04,100.045,12120
2026-03-13 12:10:00,100.045,100.05,100.045,100.045,5218
2026-03-13 12:15:00,100.05,100.05,100.0421,100.0475,36382
2026-03-13 12:20:00,100.045,100.05,100.0401,100.05,41092
2026-03-13 12:25:00,100.045,100.05,100.04,100.045,30144
2026-03-13 12:30:00,100.045,100.05,100.04,100.05,21748
2026-03-13 12:35:00,100.05,100.05,100.045,100.045,244
2026-03-13 12:40:00,100.05,100.05,100.045,100.0497,5196
2026-03-13 12:45:00,100.0499,100.0499,100.045,100.045,1627
2026-03-13 12:50:00,100.05,100.05,100.04,100.0401,5152
2026-03-13 12:55:00,100.04,100.05,100.04,100.04,62226
2026-03-13 13:00:00,100.0402,100.0402,100.0402,100.0402,115
2026-03-13 13:05:00,100.0472,100.0472,100.0472,100.0472,6996
2026-03-13 13:10:00,100.045,100.05,100.045,100.05,1398
2026-03-13 13:15:00,100.0493,100.05,100.0461,100.0461,937
2026-03-13 13:20:00,100.0402,100.05,100.0401,100.05,5476
2026-03-13 13:25:00,100.045,100.05,100.0401,100.05,1600
2026-03-13 13:30:00,100.04,100.045,100.04,100.045,3100
2026-03-13 13:35:00,100.045,100.05,100.045,100.045,6227
2026-03-13 13:40:00,100.0439,100.045,100.04,100.045,36122
2026-03-13 13:45:00,100.045,100.05,100.045,100.045,4412
2026-03-13 13:50:00,100.045,100.045,100.045,100.045,719
2026-03-13 13:55:00,100.04,100.05,100.04,100.04,8132
2026-03-13 14:00:00,100.0483,100.05,100.04,100.04,2723
2026-03-13 14:05:00,100.0402,100.049,100.0401,100.0401,4342
2026-03-13 14:10:00,100.05,100.05,100.04,100.0421,4721
2026-03-13 14:15:00,100.04,100.05,100.04,100.04,3714
2026-03-13 14:20:00,100.05,100.05,100.0401,100.05,1599
2026-03-13 14:25:00,100.04,100.0493,100.04,100.0493,1684
2026-03-13 14:30:00,100.045,100.0499,100.045,100.045,27922
2026-03-13 14:35:00,100.045,100.05,100.045,100.05,30676
2026-03-13 14:40:00,100.04,100.0499,100.04,100.0499,1090
2026-03-13 14:45:00,100.045,100.05,100.045,100.045,6471
2026-03-13 14:50:00,100.047,100.05,100.0401,100.045,4160
2026-03-13 14:55:00,100.045,100.047,100.045,100.045,9476
2026-03-13 15:00:00,100.045,100.045,100.045,100.045,5775
2026-03-13 15:05:00,100.04,100.0468,100.04,100.045,3553
2026-03-13 15:10:00,100.0421,100.049,100.04,100.049,5540
2026-03-13 15:15:00,100.0488,100.05,100.0401,100.045,4588
2026-03-13 15:20:00,100.045,100.0498,100.04,100.0423,40515
2026-03-13 15:25:00,100.046,100.05,100.04,100.045,19526
2026-03-13 15:30:00,100.045,100.05,100.0449,100.05,5926
2026-03-13 15:35:00,100.045,100.05,100.0402,100.0402,2814
2026-03-13 15:40:00,100.044,100.05,100.04,100.05,13129
2026-03-13 15:45:00,100.0499,100.0499,100.0499,100.0499,200
2026-03-13 15:50:00,100.045,100.05,100.045,100.0459,27853
2026-03-13 15:55:00,100.045,100.05,100.04,100.05,21975
2026-03-13 16:00:00,100.05,100.05,100.05,100.05,3401
2026-03-13 16:05:00,100.05,100.05,100.04,100.04,8320
2026-03-16 07:20:00,100.05,100.05,100.05,100.05,13998
2026-03-16 09:30:00,100.05,100.055,100.05,100.055,27837
2026-03-16 09:35:00,100.055,100.06,100.05,100.055,3417
2026-03-16 09:40:00,100.0501,100.0501,100.0501,100.0501,100
2026-03-16 09:45:00,100.055,100.0598,100.055,100.055,2107
2026-03-16 09:50:00,100.0501,100.0501,100.0501,100.0501,110
2026-03-16 09:55:00,100.055,100.0585,100.055,100.055,1765
2026-03-16 10:00:00,100.055,100.0599,100.05,100.0599,10136
2026-03-16 10:05:00,100.055,100.055,100.05,100.055,50628
2026-03-16 10:10:00,100.055,100.06,100.0501,100.055,18470
2026-03-16 10:15:00,100.055,100.06,100.0501,100.06,2285
2026-03-16 10:20:00,100.06,100.06,100.0501,100.06,47606
2026-03-16 10:25:00,100.06,100.06,100.0522,100.055,7018
2026-03-16 10:30:00,100.055,100.0599,100.05,100.05,6376
2026-03-16 10:35:00,100.055,100.06,100.0501,100.0501,646
2026-03-16 10:40:00,100.0596,100.06,100.0501,100.06,5880
2026-03-16 10:45:00,100.0572,100.0598,100.0518,100.0598,4381
2026-03-16 10:50:00,100.0591,100.0591,100.0501,100.055,9333
2026-03-16 10:55:00,100.055,100.06,100.055,100.055,345
2026-03-16 11:00:00,100.0566,100.06,100.05,100.05,3893
2026-03-16 11:05:00,100.055,100.0595,100.055,100.055,4075
2026-03-16 11:10:00,100.0511,100.06,100.0501,100.055,12527
2026-03-16 11:15:00,100.055,100.06,100.05,100.0599,1140
2026-03-16 11:20:00,100.0504,100.06,100.0501,100.0591,5891
2026-03-16 11:25:00,100.055,100.06,100.0502,100.0565,4968
2026-03-16 11:30:00,100.055,100.06,100.05,100.0599,1317
2026-03-16 11:35:00,100.055,100.06,100.055,100.06,775
2026-03-16 11:40:00,100.0501,100.06,100.0501,100.06,2640
2026-03-16 11:45:00,100.0577,100.06,100.055,100.055,22595
2026-03-16 11:50:00,100.0501,100.06,100.0501,100.0585,4200
2026-03-16 11:55:00,100.0561,100.06,100.05,100.05,6468
2026-03-16 12:00:00,100.055,100.06,100.05,100.05,599
2026-03-16 12:05:00,100.0501,100.06,100.0501,100.055,2041
2026-03-16 12:10:00,100.055,100.06,100.055,100.055,2456
2026-03-16 12:20:00,100.05,100.06,100.05,100.055,1790
2026-03-16 12:25:00,100.055,100.055,100.0509,100.0509,967
2026-03-16 12:30:00,100.055,100.06,100.05,100.05,2119
2026-03-16 12:35:00,100.06,100.06,100.0501,100.058,1809
2026-03-16 12:40:00,100.055,100.06,100.0501,100.055,8587
2026-03-16 12:45:00,100.055,100.06,100.0503,100.055,15585
2026-03-16 12:50:00,100.055,100.06,100.055,100.06,1454
2026-03-16 12:55:00,100.06,100.06,100.055,100.06,3479
2026-03-16 13:00:00,100.055,100.06,100.055,100.055,4500
2026-03-16 13:05:00,100.055,100.06,100.055,100.056,1414
2026-03-16 13:10:00,100.06,100.06,100.05,100.055,43986
2026-03-16 13:15:00,100.055,100.06,100.055,100.0587,6063
2026-03-16 13:20:00,100.059,100.06,100.05,100.055,6358
2026-03-16 13:25:00,100.055,100.0599,100.055,100.055,4301
2026-03-16 13:30:00,100.055,100.06,100.05,100.055,3096
2026-03-16 13:35:00,100.055,100.06,100.0501,100.06,1625
2026-03-16 13:40:00,100.0518,100.06,100.05,100.0501,2684
2026-03-16 13:45:00,100.055,100.055,100.0501,100.055,1756
2026-03-16 13:50:00,100.055,100.06,100.055,100.06,28940
2026-03-16 13:55:00,100.0597,100.06,100.05,100.055,5631
2026-03-16 14:00:00,100.055,100.055,100.05,100.0501,2598
2026-03-16 14:05:00,100.055,100.06,100.055,100.055,3332
2026-03-16 14:10:00,100.06,100.06,100.0501,100.0501,2351
2026-03-16 14:15:00,100.055,100.06,100.05,100.06,16351
2026-03-16 14:20:00,100.055,100.06,100.05,100.055,3435
2026-03-16 14:25:00,100.0519,100.06,100.05,100.055,7196
2026-03-16 14:30:00,100.0567,100.06,100.055,100.0598,1248
2026-03-16 14:35:00,100.0539,100.06,100.0539,100.06,9703
2026-03-16 14:40:00,100.0599,100.0599,100.055,100.055,1000
2026-03-16 14:45:00,100.06,100.06,100.05,100.055,52738
2026-03-16 14:50:00,100.054,100.055,100.05,100.055,20081
2026-03-16 14:55:00,100.055,100.06,100.055,100.06,3420
2026-03-16 15:00:00,100.06,100.06,100.05,100.0569,11674
2026-03-16 15:05:00,100.055,100.06,100.05,100.0502,44617
2026-03-16 15:10:00,100.05,100.06,100.05,100.05,35253
2026-03-16 15:15:00,100.0572,100.06,100.05,100.055,4832
2026-03-16 15:20:00,100.055,100.06,100.0535,100.055,3837
2026-03-16 15:25:00,100.055,100.06,100.05,100.055,35723
2026-03-16 15:30:00,100.06,100.06,100.0507,100.055,2619
2026-03-16 15:35:00,100.05,100.06,100.05,100.0509,5758
2026-03-16 15:40:00,100.05,100.06,100.05,100.0599,54362
2026-03-16 15:45:00,100.055,100.06,100.05,100.055,10198
2026-03-16 15:50:00,100.055,100.06,100.05,100.055,3234
2026-03-16 15:55:00,100.06,100.06,100.05,100.06,17723
2026-03-16 16:00:00,100.06,100.06,100.06,100.06,2142
2026-03-16 16:05:00,100.06,100.06,100.06,100.06,6000
2026-03-16 16:35:00,100.05,100.05,100.05,100.05,599
2026-03-16 16:40:00,100.05,100.05,100.05,100.05,146
2026-03-16 17:05:00,100.05,100.05,100.05,100.05,250
2026-03-16 18:35:00,100.06,100.06,100.0595,100.0595,300
2026-03-17 05:40:00,100.07,100.07,100.07,100.07,400
2026-03-17 09:30:00,100.06,100.0663,100.06,100.065,27019
2026-03-17 09:35:00,100.065,100.065,100.065,100.065,12490
2026-03-17 09:40:00,100.0639,100.0639,100.0601,100.0601,1752
2026-03-17 09:45:00,100.0699,100.0699,100.065,100.065,1593
2026-03-17 09:50:00,100.06,100.0677,100.06,100.0677,7203
2026-03-17 09:55:00,100.0617,100.07,100.0617,100.07,1900
2026-03-17 10:00:00,100.0687,100.0687,100.06,100.065,6722
2026-03-17 10:05:00,100.07,100.07,100.06,100.065,839
2026-03-17 10:10:00,100.0615,100.07,100.06,100.0676,9866
2026-03-17 10:15:00,100.0694,100.0699,100.065,100.065,2410
2026-03-17 10:20:00,100.0697,100.07,100.0601,100.07,2693
2026-03-17 10:25:00,100.0621,100.0699,100.0621,100.065,1600
2026-03-17 10:30:00,100.065,100.07,100.06,100.065,6287
2026-03-17 10:35:00,100.065,100.0699,100.0631,100.065,1670
2026-03-17 10:40:00,100.065,100.07,100.0601,100.0601,1329
2026-03-17 10:45:00,100.0608,100.0687,100.0601,100.065,3107
2026-03-17 10:50:00,100.06,100.07,100.06,100.07,779
2026-03-17 10:55:00,100.065,100.0699,100.065,100.065,1699
2026-03-17 11:00:00,100.068,100.0699,100.068,100.0699,250
2026-03-17 11:05:00,100.065,100.0699,100.065,100.065,24444
2026-03-17 11:10:00,100.065,100.0699,100.0616,100.0684,1602
2026-03-17 11:15:00,100.065,100.07,100.065,100.07,484
2026-03-17 11:20:00,100.065,100.0679,100.065,100.0679,901
2026-03-17 11:25:00,100.065,100.065,100.065,100.065,239
2026-03-17 11:30:00,100.065,100.0699,100.065,100.0699,11454
2026-03-17 11:35:00,100.065,100.0699,100.0617,100.0617,5213
2026-03-17 11:40:00,100.07,100.07,100.0603,100.065,18195
2026-03-17 11:45:00,100.065,100.07,100.06,100.07,5356
2026-03-17 11:50:00,100.0699,100.0699,100.065,100.065,2856
2026-03-17 11:55:00,100.0699,100.0699,100.0699,100.0699,500
2026-03-17 12:00:00,100.065,100.065,100.06,100.065,462
2026-03-17 12:05:00,100.07,100.07,100.07,100.07,105
2026-03-17 12:10:00,100.06,100.0699,100.06,100.0601,3388
2026-03-17 12:15:00,100.0601,100.07,100.06,100.07,2170
2026-03-17 12:20:00,100.065,100.0684,100.065,100.0684,1000
2026-03-17 12:25:00,100.0697,100.0697,100.069,100.069,700
2026-03-17 12:30:00,100.065,100.065,100.06,100.06,264
2026-03-17 12:35:00,100.0601,100.07,100.06,100.0604,6525
2026-03-17 12:40:00,100.0604,100.069,100.0604,100.069,700
2026-03-17 12:45:00,100.065,100.07,100.06,100.0699,831
2026-03-17 12:50:00,100.0601,100.07,100.06,100.07,3306
2026-03-17 12:55:00,100.06,100.0699,100.06,100.0699,896
2026-03-17 13:00:00,100.065,100.07,100.06,100.065,12775
2026-03-17 13:05:00,100.07,100.07,100.07,100.07,470
2026-03-17 13:15:00,100.0676,100.0699,100.065,100.0699,2972
2026-03-17 13:20:00,100.069,100.069,100.06,100.0678,5985
2026-03-17 13:25:00,100.065,100.069,100.06,100.065,1218
2026-03-17 13:30:00,100.065,100.065,100.06,100.065,1184
2026-03-17 13:35:00,100.065,100.07,100.065,100.0699,52912
2026-03-17 13:40:00,100.0679,100.0679,100.06,100.06,548
2026-03-17 13:45:00,100.065,100.065,100.06,100.065,1519
2026-03-17 13:50:00,100.065,100.07,100.065,100.07,2240
2026-03-17 13:55:00,100.07,100.07,100.06,100.07,4857
2026-03-17 14:00:00,100.06,100.07,100.06,100.07,1215
2026-03-17 14:05:00,100.0601,100.07,100.0601,100.07,547
2026-03-17 14:10:00,100.0614,100.07,100.0614,100.065,8186
2026-03-17 14:15:00,100.065,100.07,100.065,100.065,3760
2026-03-17 14:20:00,100.065,100.07,100.065,100.07,1990
2026-03-17 14:25:00,100.065,100.07,100.06,100.065,14632
2026-03-17 14:30:00,100.0604,100.07,100.0604,100.07,1480
2026-03-17 14:35:00,100.065,100.0699,100.065,100.0699,670
2026-03-17 14:40:00,100.0631,100.0685,100.0631,100.0678,4549
2026-03-17 14:45:00,100.07,100.07,100.065,100.0689,10191
2026-03-17 14:50:00,100.0697,100.0697,100.065,100.0692,1140
2026-03-17 14:55:00,100.06,100.0698,100.06,100.0676,2262
2026-03-17 15:00:00,100.065,100.07,100.06,100.07,7361
2026-03-17 15:05:00,100.07,100.07,100.065,100.07,6519
2026-03-17 15:10:00,100.0676,100.07,100.06,100.07,2969
2026-03-17 15:15:00,100.07,100.07,100.065,100.07,1689
2026-03-17 15:20:00,100.065,100.07,100.065,100.07,3100
2026-03-17 15:25:00,100.065,100.07,100.065,100.07,2916
2026-03-17 15:30:00,100.0657,100.0681,100.06,100.0678,3890
2026-03-17 15:35:00,100.0679,100.07,100.0601,100.0614,13068
2026-03-17 15:40:00,100.065,100.07,100.063,100.065,12646
2026-03-17 15:45:00,100.065,100.07,100.065,100.065,5052
2026-03-17 15:50:00,100.0676,100.07,100.065,100.065,52825
2026-03-17 15:55:00,100.065,100.07,100.06,100.07,7737
2026-03-17 16:00:00,100.07,100.07,100.07,100.07,1393
2026-03-17 16:15:00,100.065,100.07,100.065,100.07,300
2026-03-17 18:10:00,100.06,100.06,100.06,100.06,150
2026-03-18 09:30:00,100.08,100.08,100.07,100.0767,79009
2026-03-18 09:35:00,100.075,100.08,100.07,100.075,14178
2026-03-18 09:40:00,100.075,100.075,100.07,100.075,2096
2026-03-18 09:45:00,100.075,100.0799,100.075,100.0799,4103
2026-03-18 09:50:00,100.0765,100.0799,100.075,100.0799,3948
2026-03-18 09:55:00,100.075,100.0795,100.075,100.075,4371
2026-03-18 10:00:00,100.075,100.08,100.07,100.0701,7009
2026-03-18 10:05:00,100.08,100.08,100.075,100.075,300
2026-03-18 10:10:00,100.0703,100.08,100.0703,100.0716,13382
2026-03-18 10:15:00,100.075,100.0788,100.0702,100.075,7226
2026-03-18 10:20:00,100.0705,100.0799,100.07,100.0784,7086
2026-03-18 10:25:00,100.075,100.0798,100.07,100.075,14459
2026-03-18 10:30:00,100.0799,100.0799,100.075,100.075,3733
2026-03-18 10:35:00,100.075,100.0799,100.07,100.07,2846
2026-03-18 10:40:00,100.075,100.0765,100.075,100.075,5091
2026-03-18 10:45:00,100.075,100.075,100.075,100.075,1379
2026-03-18 10:50:00,100.075,100.075,100.075,100.075,583
2026-03-18 10:55:00,100.075,100.08,100.0706,100.075,1874
2026-03-18 11:00:00,100.07,100.075,100.07,100.07,1752
2026-03-18 11:05:00,100.075,100.08,100.075,100.075,807
2026-03-18 11:10:00,100.075,100.0796,100.075,100.0796,1775
2026-03-18 11:15:00,100.08,100.08,100.0701,100.08,6117
2026-03-18 11:20:00,100.0703,100.0797,100.0703,100.0797,525
2026-03-18 11:25:00,100.0797,100.0797,100.075,100.075,2952
2026-03-18 11:30:00,100.0719,100.0795,100.0719,100.0795,695
2026-03-18 11:35:00,100.0779,100.0779,100.0779,100.0779,559
2026-03-18 11:40:00,100.075,100.08,100.075,100.08,2085
2026-03-18 11:45:00,100.075,100.08,100.0703,100.0703,1479
2026-03-18 11:55:00,100.08,100.08,100.08,100.08,100
2026-03-18 12:00:00,100.075,100.08,100.075,100.08,1769
2026-03-18 12:05:00,100.0799,100.0799,100.07,100.0705,6804
2026-03-18 12:10:00,100.08,100.08,100.0724,100.0724,3087
2026-03-18 12:15:00,100.075,100.075,100.075,100.075,809
2026-03-18 12:20:00,100.0705,100.0705,100.0705,100.0705,100
2026-03-18 12:30:00,100.075,100.0758,100.071,100.075,1593
2026-03-18 12:35:00,100.0792,100.08,100.07,100.0777,1714
2026-03-18 12:40:00,100.075,100.075,100.075,100.075,3626
2026-03-18 12:45:00,100.075,100.0782,100.07,100.075,3744
2026-03-18 12:50:00,100.0708,100.0708,100.07,100.0708,2888
2026-03-18 12:55:00,100.08,100.08,100.075,100.075,1799
2026-03-18 13:00:00,100.07,100.07,100.07,100.07,132
2026-03-18 13:05:00,100.0799,100.08,100.0701,100.075,7357
2026-03-18 13:10:00,100.08,100.08,100.075,100.075,2965
2026-03-18 13:15:00,100.0701,100.08,100.07,100.08,4673
2026-03-18 13:20:00,100.075,100.0799,100.0701,100.075,14988
2026-03-18 13:25:00,100.075,100.0776,100.075,100.075,1014
2026-03-18 13:30:00,100.0799,100.0799,100.07,100.075,1175
2026-03-18 13:35:00,100.0718,100.08,100.0701,100.0775,6408
2026-03-18 13:40:00,100.0799,100.08,100.07,100.0701,6914
2026-03-18 13:45:00,100.075,100.08,100.075,100.075,3202
2026-03-18 13:50:00,100.075,100.08,100.075,100.075,4768
2026-03-18 13:55:00,100.075,100.08,100.075,100.075,3420
2026-03-18 14:00:00,100.0799,100.08,100.075,100.08,25982
2026-03-18 14:05:00,100.075,100.075,100.075,100.075,700
2026-03-18 14:10:00,100.075,100.0798,100.075,100.0798,1127
2026-03-18 14:15:00,100.08,100.08,100.07,100.075,12102
2026-03-18 14:20:00,100.075,100.075,100.075,100.075,306
2026-03-18 14:25:00,100.0701,100.0766,100.0701,100.075,1638
2026-03-18 14:30:00,100.075,100.0767,100.07,100.07,3114
2026-03-18 14:35:00,100.075,100.0799,100.075,100.075,8252
2026-03-18 14:40:00,100.0755,100.077,100.07,100.077,10403
2026-03-18 14:45:00,100.075,100.0756,100.07,100.075,12903
2026-03-18 14:50:00,100.075,100.08,100.0742,100.08,10934
2026-03-18 14:55:00,100.0744,100.0799,100.07,100.0793,8951
2026-03-18 15:00:00,100.08,100.08,100.08,100.08,400
2026-03-18 15:05:00,100.075,100.08,100.07,100.075,3748
2026-03-18 15:10:00,100.075,100.075,100.075,100.075,3256
2026-03-18 15:15:00,100.075,100.075,100.075,100.075,4851
2026-03-18 15:20:00,100.0702,100.08,100.07,100.075,58631
2026-03-18 15:25:00,100.075,100.0799,100.07,100.075,108314
2026-03-18 15:30:00,100.075,100.08,100.07,100.075,6560
2026-03-18 15:35:00,100.075,100.075,100.0702,100.075,7997
2026-03-18 15:40:00,100.075,100.075,100.075,100.075,2750
2026-03-18 15:45:00,100.0749,100.08,100.07,100.075,8627
2026-03-18 15:50:00,100.0701,100.08,100.07,100.0798,12948
2026-03-18 15:55:00,100.07,100.08,100.07,100.08,34268
2026-03-18 16:00:00,100.07,100.0701,100.07,100.0701,5168
2026-03-18 17:20:00,100.07,100.07,100.07,100.07,400
2026-03-19 06:50:00,100.07,100.07,100.07,100.07,2294
2026-03-19 09:30:00,100.07,100.07,100.065,100.065,25270
2026-03-19 09:35:00,100.065,100.0699,100.065,100.065,8562
2026-03-19 09:40:00,100.0601,100.0699,100.06,100.0672,6145
2026-03-19 09:45:00,100.065,100.065,100.065,100.065,450
2026-03-19 09:50:00,100.0689,100.0699,100.06,100.06,3277
2026-03-19 09:55:00,100.0621,100.065,100.0621,100.065,15552
2026-03-19 10:00:00,100.065,100.07,100.06,100.065,28008
2026-03-19 10:05:00,100.0645,100.07,100.0645,100.0667,2103
2026-03-19 10:10:00,100.0667,100.07,100.06,100.07,4257
2026-03-19 10:15:00,100.065,100.0699,100.06,100.06,2809
2026-03-19 10:20:00,100.0641,100.065,100.0641,100.065,3451
2026-03-19 10:25:00,100.065,100.0697,100.062,100.065,19166
2026-03-19 10:30:00,100.065,100.065,100.065,100.065,600
2026-03-19 10:35:00,100.0694,100.07,100.0601,100.07,1801
2026-03-19 10:40:00,100.0675,100.0675,100.0601,100.065,3394
2026-03-19 10:45:00,100.065,100.068,100.065,100.068,498
2026-03-19 10:50:00,100.065,100.065,100.065,100.065,330
2026-03-19 10:55:00,100.0693,100.0699,100.065,100.065,538
2026-03-19 11:00:00,100.065,100.065,100.065,100.065,1298
2026-03-19 11:05:00,100.07,100.07,100.065,100.065,1337
2026-03-19 11:10:00,100.065,100.07,100.0601,100.0601,4532
2026-03-19 11:15:00,100.065,100.07,100.06,100.065,18282
2026-03-19 11:20:00,100.07,100.07,100.06,100.065,5883
2026-03-19 11:25:00,100.0699,100.07,100.065,100.065,2804
2026-03-19 11:30:00,100.065,100.07,100.065,100.067,6419
2026-03-19 11:35:00,100.07,100.07,100.0607,100.065,2390
2026-03-19 11:40:00,100.0689,100.0699,100.0601,100.0696,4457
2026-03-19 11:45:00,100.065,100.0699,100.0612,100.065,3115
2026-03-19 11:50:00,100.065,100.07,100.06,100.06,7324
2026-03-19 11:55:00,100.066,100.07,100.065,100.0699,12099
2026-03-19 12:00:00,100.07,100.07,100.0601,100.0697,1824
2026-03-19 12:05:00,100.065,100.07,100.0604,100.065,7767
2026-03-19 12:10:00,100.0674,100.07,100.065,100.07,3553
2026-03-19 12:15:00,100.065,100.07,100.06,100.065,2131
2026-03-19 12:20:00,100.065,100.07,100.06,100.0601,6419
2026-03-19 12:25:00,100.0601,100.065,100.0601,100.065,3400
2026-03-19 12:30:00,100.0677,100.07,100.06,100.0699,5134
2026-03-19 12:35:00,100.06,100.065,100.06,100.065,250
2026-03-19 12:40:00,100.0623,100.07,100.06,100.065,7663
2026-03-19 12:45:00,100.065,100.07,100.0635,100.0699,3839
2026-03-19 12:50:00,100.065,100.065,100.065,100.065,260
2026-03-19 12:55:00,100.06,100.07,100.06,100.07,3560
2026-03-19 13:00:00,100.068,100.07,100.065,100.065,12056
2026-03-19 13:05:00,100.065,100.07,100.065,100.066,1451
2026-03-19 13:10:00,100.0677,100.07,100.0608,100.0699,1737
2026-03-19 13:15:00,100.065,100.07,100.06,100.06,2656
2026-03-19 13:20:00,100.0677,100.0677,100.0677,100.0677,378
2026-03-19 13:25:00,100.065,100.07,100.0626,100.07,3207
2026-03-19 13:30:00,100.065,100.065,100.065,100.065,6317
2026-03-19 13:35:00,100.06,100.07,100.06,100.07,12112
2026-03-19 13:40:00,100.0692,100.0692,100.0619,100.0619,1483
2026-03-19 13:45:00,100.065,100.07,100.0612,100.07,5799
2026-03-19 13:50:00,100.0699,100.0699,100.065,100.065,9484
2026-03-19 13:55:00,100.0698,100.07,100.0698,100.07,5300
2026-03-19 14:00:00,100.065,100.07,100.0601,100.07,4053
2026-03-19 14:05:00,100.0697,100.0699,100.06,100.06,4599
2026-03-19 14:10:00,100.06,100.07,100.06,100.0601,5290
2026-03-19 14:15:00,100.0699,100.07,100.065,100.065,13284
2026-03-19 14:20:00,100.065,100.07,100.0624,100.065,5170
2026-03-19 14:25:00,100.0699,100.0699,100.0699,100.0699,269
2026-03-19 14:30:00,100.06,100.07,100.06,100.0622,35511
2026-03-19 14:35:00,100.07,100.07,100.0622,100.07,1406
2026-03-19 14:40:00,100.07,100.07,100.06,100.065,9813
2026-03-19 14:45:00,100.065,100.07,100.0626,100.065,2581
2026-03-19 14:50:00,100.0679,100.07,100.0601,100.07,6982
2026-03-19 14:55:00,100.0624,100.0699,100.0601,100.0699,1190
2026-03-19 15:00:00,100.065,100.065,100.065,100.065,352
2026-03-19 15:05:00,100.065,100.07,100.065,100.07,14069
2026-03-19 15:10:00,100.065,100.07,100.0601,100.07,11854
2026-03-19 15:15:00,100.0683,100.07,100.0683,100.07,46832
2026-03-19 15:20:00,100.07,100.07,100.06,100.065,31273
2026-03-19 15:25:00,100.065,100.07,100.065,100.0675,22961
2026-03-19 15:30:00,100.07,100.07,100.06,100.07,51061
2026-03-19 15:35:00,100.065,100.07,100.0603,100.0661,9520
2026-03-19 15:40:00,100.065,100.07,100.0601,100.07,7061
2026-03-19 15:45:00,100.065,100.07,100.063,100.065,10616
2026-03-19 15:50:00,100.065,100.07,100.0601,100.065,20765
2026-03-19 15:55:00,100.065,100.07,100.06,100.07,30245
2026-03-19 16:00:00,100.07,100.07,100.07,100.07,72704
2026-03-19 16:05:00,100.07,100.07,100.07,100.07,15022
2026-03-19 16:20:00,100.07,100.075,100.07,100.075,1100
2026-03-19 17:25:00,100.07,100.07,100.07,100.07,310
2026-03-20 07:50:00,100.095,100.095,100.095,100.095,3600
2026-03-20 09:30:00,100.09,100.095,100.09,100.09,48840
2026-03-20 09:35:00,100.095,100.0999,100.0901,100.0999,51085
2026-03-20 09:40:00,100.095,100.095,100.095,100.095,5263
2026-03-20 09:50:00,100.095,100.1,100.095,100.1,21676
2026-03-20 09:55:00,100.095,100.1,100.09,100.1,37097
2026-03-20 10:00:00,100.095,100.1,100.09,100.0925,11359
2026-03-20 10:05:00,100.095,100.1,100.09,100.09,9481
2026-03-20 10:10:00,100.09,100.095,100.09,100.095,1801
2026-03-20 10:15:00,100.0932,100.097,100.09,100.097,11589
2026-03-20 10:20:00,100.1,100.1,100.0921,100.0921,1676
2026-03-20 10:25:00,100.095,100.1,100.09,100.1,6226
2026-03-20 10:30:00,100.095,100.095,100.0903,100.095,402
2026-03-20 10:35:00,100.095,100.095,100.09,100.09,1187
2026-03-20 10:40:00,100.095,100.095,100.0901,100.0949,2182
2026-03-20 10:45:00,100.0951,100.0951,100.0951,100.0951,1350
2026-03-20 10:50:00,100.095,100.0968,100.095,100.0968,1799
2026-03-20 10:55:00,100.0951,100.0951,100.09,100.095,2472
2026-03-20 11:00:00,100.095,100.0972,100.095,100.0972,1119
2026-03-20 11:05:00,100.095,100.095,100.0901,100.0908,759
2026-03-20 11:10:00,100.09,100.0901,100.09,100.09,9448
2026-03-20 11:15:00,100.0971,100.0972,100.09,100.0922,2882
2026-03-20 11:20:00,100.09,100.1,100.09,100.09,36352
2026-03-20 11:25:00,100.09,100.0986,100.09,100.09,76443
2026-03-20 11:30:00,100.0997,100.1,100.0942,100.095,14839
2026-03-20 11:35:00,100.09,100.09,100.085,100.085,49384
2026-03-20 11:40:00,100.0823,100.0899,100.0801,100.0869,13877
2026-03-20 11:45:00,100.085,100.0897,100.0801,100.085,6885
2026-03-20 11:50:00,100.0801,100.09,100.0801,100.09,27351
2026-03-20 11:55:00,100.087,100.087,100.0801,100.085,2441
2026-03-20 12:00:00,100.0801,100.088,100.0801,100.0831,1959
2026-03-20 12:05:00,100.08,100.0896,100.08,100.0896,448
2026-03-20 12:15:00,100.085,100.0892,100.085,100.0892,1529
2026-03-20 12:20:00,100.0825,100.085,100.082,100.082,5102
2026-03-20 12:25:00,100.085,100.0892,100.0823,100.085,4288
2026-03-20 12:30:00,100.085,100.0898,100.08,100.085,2222
2026-03-20 12:35:00,100.085,100.0854,100.08,100.0801,704
2026-03-20 12:40:00,100.09,100.09,100.0835,100.0835,1030
2026-03-20 12:45:00,100.085,100.085,100.085,100.085,300
2026-03-20 12:50:00,100.085,100.09,100.085,100.09,6838
2026-03-20 12:55:00,100.085,100.09,100.0801,100.09,18536
2026-03-20 13:00:00,100.09,100.09,100.0821,100.085,3813
2026-03-20 13:05:00,100.085,100.09,100.0801,100.0808,2823
2026-03-20 13:10:00,100.0869,100.0875,100.08,100.085,8297
2026-03-20 13:15:00,100.09,100.09,100.0801,100.09,33082
2026-03-20 13:20:00,100.085,100.085,100.085,100.085,5871
2026-03-20 13:25:00,100.085,100.0899,100.0803,100.085,14932
2026-03-20 13:30:00,100.09,100.09,100.085,100.085,1704
2026-03-20 13:35:00,100.085,100.085,100.08,100.0823,4675
2026-03-20 13:40:00,100.0825,100.0868,100.0804,100.0804,4558
2026-03-20 13:45:00,100.0821,100.09,100.0801,100.0867,5449
2026-03-20 13:50:00,100.085,100.09,100.085,100.09,2484
2026-03-20 13:55:00,100.0801,100.085,100.0801,100.085,1026
2026-03-20 14:00:00,100.09,100.09,100.085,100.085,1184
2026-03-20 14:05:00,100.085,100.0897,100.085,100.0897,1978
2026-03-20 14:10:00,100.09,100.09,100.0814,100.085,917
2026-03-20 14:15:00,100.085,100.09,100.082,100.09,1199
2026-03-20 14:20:00,100.085,100.09,100.085,100.09,2288
2026-03-20 14:25:00,100.085,100.09,100.0801,100.085,2091
2026-03-20 14:30:00,100.085,100.09,100.08,100.09,1700
2026-03-20 14:35:00,100.085,100.09,100.08,100.085,15197
2026-03-20 14:40:00,100.09,100.09,100.0801,100.09,99869
2026-03-20 14:45:00,100.09,100.09,100.08,100.08,4795
2026-03-20 14:50:00,100.0825,100.09,100.0825,100.085,4902
2026-03-20 14:55:00,100.085,100.088,100.08,100.0819,34112
2026-03-20 15:00:00,100.0804,100.09,100.0804,100.09,14607
2026-03-20 15:05:00,100.09,100.09,100.0801,100.0899,1224
2026-03-20 15:10:00,100.09,100.09,100.0805,100.0805,3022
2026-03-20 15:15:00,100.0801,100.09,100.08,100.09,2489
2026-03-20 15:20:00,100.085,100.09,100.0801,100.085,2157
2026-03-20 15:25:00,100.085,100.09,100.0807,100.0899,1678
2026-03-20 15:30:00,100.09,100.09,100.085,100.085,4003
2026-03-20 15:35:00,100.085,100.09,100.08,100.085,6458
2026-03-20 15:40:00,100.0801,100.09,100.0801,100.0835,22445
2026-03-20 15:45:00,100.09,100.09,100.0801,100.085,5136
2026-03-20 15:50:00,100.085,100.09,100.085,100.085,14813
2026-03-20 15:55:00,100.085,100.09,100.08,100.08,76655
2026-03-20 16:00:00,100.1,100.1,100.09,100.09,81109
2026-03-20 16:10:00,100.09,100.09,100.09,100.09,149
2026-03-20 16:15:00,100.09,100.09,100.09,100.09,3287
2026-03-20 16:30:00,100.0899,100.0899,100.0899,100.0899,1800
2026-03-23 08:00:00,100.08,100.08,100.08,100.08,150
2026-03-23 09:30:00,100.1,100.1,100.09,100.0909,223995
2026-03-23 09:35:00,100.09,100.095,100.09,100.095,3924
2026-03-23 09:40:00,100.095,100.1,100.095,100.1,7916
2026-03-23 09:45:00,100.1,100.1,100.09,100.095,13322
2026-03-23 09:50:00,100.0984,100.1,100.09,100.1,2885
2026-03-23 09:55:00,100.0992,100.1,100.095,100.0999,42315
2026-03-23 10:00:00,100.1,100.1,100.09,100.0998,14852
2026-03-23 10:05:00,100.0908,100.1,100.09,100.09,53881
2026-03-23 10:10:00,100.0909,100.1,100.09,100.1,32646
2026-03-23 10:15:00,100.0951,100.0999,100.09,100.0909,64123
2026-03-23 10:20:00,100.09,100.1,100.09,100.1,15475
2026-03-23 10:25:00,100.1,100.1,100.09,100.095,24617
2026-03-23 10:30:00,100.09,100.09,100.09,100.09,250
2026-03-23 10:35:00,100.095,100.0999,100.09,100.095,23683
2026-03-23 10:40:00,100.095,100.0999,100.093,100.0999,6843
2026-03-23 10:45:00,100.09,100.0997,100.09,100.09,7770
2026-03-23 10:50:00,100.095,100.1,100.09,100.09,1590
2026-03-23 10:55:00,100.095,100.0981,100.09,100.09,5776
2026-03-23 11:00:00,100.0903,100.0999,100.0903,100.0999,2185
2026-03-23 11:05:00,100.0997,100.0997,100.09,100.0976,2325
2026-03-23 11:10:00,100.1,100.1,100.09,100.09,1422
2026-03-23 11:15:00,100.0932,100.1,100.0932,100.1,3655
2026-03-23 11:20:00,100.0994,100.0994,100.095,100.095,568
2026-03-23 11:25:00,100.095,100.1,100.095,100.095,13101
2026-03-23 11:30:00,100.0902,100.099,100.09,100.0929,5461
2026-03-23 11:35:00,100.1,100.1,100.095,100.095,8350
2026-03-23 11:40:00,100.1,100.1,100.0908,100.1,5449
2026-03-23 11:45:00,100.095,100.1,100.09,100.0999,24208
2026-03-23 11:50:00,100.0999,100.0999,100.09,100.09,9778
2026-03-23 11:55:00,100.09,100.09,100.09,100.09,724
2026-03-23 12:00:00,100.095,100.1,100.0903,100.095,6449
2026-03-23 12:05:00,100.095,100.095,100.095,100.095,270
2026-03-23 12:10:00,100.095,100.1,100.09,100.095,961
2026-03-23 12:15:00,100.1,100.1,100.09,100.095,6662
2026-03-23 12:20:00,100.095,100.0999,100.095,100.098,7161
2026-03-23 12:25:00,100.095,100.1,100.0901,100.095,1137
2026-03-23 12:30:00,100.1,100.1,100.1,100.1,500
2026-03-23 12:35:00,100.1,100.1,100.09,100.095,3188
2026-03-23 12:40:00,100.095,100.095,100.09,100.09,3262
2026-03-23 12:45:00,100.095,100.1,100.09,100.095,3169
2026-03-23 12:50:00,100.095,100.0988,100.09,100.095,1354
2026-03-23 12:55:00,100.1,100.1,100.09,100.09,3678
2026-03-23 13:00:00,100.095,100.1,100.09,100.09,13314
2026-03-23 13:05:00,100.1,100.1,100.09,100.09,17622
2026-03-23 13:10:00,100.0931,100.0999,100.0908,100.095,5587
2026-03-23 13:15:00,100.0999,100.0999,100.095,100.095,722
2026-03-23 13:20:00,100.093,100.0999,100.093,100.0943,1290
2026-03-23 13:25:00,100.09,100.0981,100.09,100.095,8447
2026-03-23 13:30:00,100.095,100.095,100.095,100.095,112
2026-03-23 13:35:00,100.09,100.095,100.09,100.09,1966
2026-03-23 13:40:00,100.1,100.1,100.095,100.0999,6888
2026-03-23 13:45:00,100.09,100.1,100.09,100.1,6262
2026-03-23 13:50:00,100.095,100.095,100.0935,100.0935,1355
2026-03-23 13:55:00,100.095,100.095,100.09,100.0926,15967
2026-03-23 14:00:00,100.09,100.1,100.09,100.09,1328
2026-03-23 14:05:00,100.0999,100.0999,100.09,100.0942,2188
2026-03-23 14:10:00,100.0902,100.1,100.09,100.1,1439
2026-03-23 14:15:00,100.098,100.1,100.09,100.09,3679
2026-03-23 14:20:00,100.0943,100.0999,100.09,100.095,54978
2026-03-23 14:25:00,100.095,100.1,100.095,100.1,1190
2026-03-23 14:30:00,100.095,100.1,100.095,100.1,8936
2026-03-23 14:35:00,100.095,100.0999,100.09,100.095,10661
2026-03-23 14:40:00,100.098,100.1,100.0925,100.095,4946
2026-03-23 14:45:00,100.095,100.1,100.09,100.099,4499
2026-03-23 14:50:00,100.09,100.098,100.09,100.098,2026
2026-03-23 14:55:00,100.095,100.1,100.095,100.095,2884
2026-03-23 15:00:00,100.095,100.1,100.09,100.0902,4813
2026-03-23 15:05:00,100.1,100.1,100.095,100.095,2748
2026-03-23 15:10:00,100.09,100.0999,100.09,100.09,1895
2026-03-23 15:15:00,100.093,100.098,100.093,100.098,14185
2026-03-23 15:20:00,100.09,100.1,100.09,100.095,4147
2026-03-23 15:25:00,100.095,100.098,100.09,100.098,2914
2026-03-23 15:30:00,100.092,100.1,100.09,100.0977,8038
2026-03-23 15:35:00,100.1,100.1,100.09,100.095,1998
2026-03-23 15:40:00,100.0901,100.1,100.09,100.1,35399
2026-03-23 15:45:00,100.09,100.1,100.09,100.1,20455
2026-03-23 15:50:00,100.092,100.1,100.09,100.1,9363
2026-03-23 15:55:00,100.095,100.1,100.09,100.095,29075
2026-03-23 16:00:00,100.1,100.1,100.1,100.1,8694
2026-03-23 16:05:00,100.1,100.1,100.1,100.1,100
2026-03-23 16:40:00,100.09,100.09,100.09,100.09,400
2026-03-23 16:55:00,100.0901,100.0901,100.0901,100.0901,5000
2026-03-23 17:20:00,100.1,100.1,100.1,100.1,180
2026-03-24 06:30:00,100.11,100.11,100.11,100.11,100
2026-03-24 09:30:00,100.1,100.1071,100.1,100.101,9389
2026-03-24 09:35:00,100.105,100.1099,100.105,100.105,2499
2026-03-24 09:40:00,100.105,100.105,100.1001,100.1001,7621
2026-03-24 09:45:00,100.105,100.1099,100.1,100.105,93845
2026-03-24 09:50:00,100.11,100.11,100.1,100.105,29160
2026-03-24 09:55:00,100.1079,100.1079,100.1021,100.105,3587
2026-03-24 10:00:00,100.11,100.11,100.1,100.105,11769
2026-03-24 10:05:00,100.105,100.11,100.1,100.11,3032
2026-03-24 10:10:00,100.1099,100.1099,100.1033,100.105,1857
2026-03-24 10:15:00,100.1,100.11,100.1,100.105,21124
2026-03-24 10:20:00,100.1011,100.105,100.1,100.105,1207
2026-03-24 10:25:00,100.11,100.11,100.1049,100.1049,621
2026-03-24 10:30:00,100.105,100.11,100.1,100.1,7994
2026-03-24 10:35:00,100.1009,100.11,100.1009,100.11,2316
2026-03-24 10:40:00,100.1,100.11,100.1,100.1003,16109
2026-03-24 10:45:00,100.1,100.105,100.1,100.1003,13155
2026-03-24 10:50:00,100.105,100.1099,100.1,100.1002,3558
2026-03-24 10:55:00,100.105,100.105,100.1029,100.1029,1923
2026-03-24 11:00:00,100.11,100.11,100.11,100.11,480
2026-03-24 11:05:00,100.105,100.1099,100.1,100.1099,1140
2026-03-24 11:10:00,100.105,100.105,100.105,100.105,1832
2026-03-24 11:15:00,100.105,100.105,100.101,100.1029,6607
2026-03-24 11:20:00,100.105,100.105,100.105,100.105,550
2026-03-24 11:25:00,100.1,100.11,100.1,100.11,14243
2026-03-24 11:30:00,100.105,100.11,100.105,100.11,620
2026-03-24 11:35:00,100.105,100.108,100.1,100.105,1072
2026-03-24 11:40:00,100.1,100.105,100.1,100.1001,683
2026-03-24 11:45:00,100.11,100.11,100.1,100.11,21126
2026-03-24 11:50:00,100.105,100.1099,100.105,100.1099,763
2026-03-24 11:55:00,100.105,100.11,100.105,100.11,2452
2026-03-24 12:00:00,100.105,100.11,100.1003,100.105,11693
2026-03-24 12:05:00,100.1,100.105,100.1,100.1002,8344
2026-03-24 12:10:00,100.1077,100.108,100.105,100.105,3047
2026-03-24 12:15:00,100.11,100.11,100.1002,100.1042,1031
2026-03-24 12:20:00,100.11,100.11,100.105,100.105,367
2026-03-24 12:25:00,100.105,100.11,100.1,100.1,1273
2026-03-24 12:30:00,100.105,100.105,100.1001,100.105,2805
2026-03-24 12:35:00,100.1058,100.1099,100.105,100.105,1411
2026-03-24 12:40:00,100.1058,100.1099,100.1006,100.1006,4326
2026-03-24 12:45:00,100.1099,100.1099,100.105,100.105,11087
2026-03-24 12:50:00,100.1042,100.1099,100.1,100.1,15847
2026-03-24 12:55:00,100.1,100.105,100.1,100.1,16069
2026-03-24 13:00:00,100.1099,100.1099,100.105,100.105,1821
2026-03-24 13:05:00,100.105,100.1096,100.1011,100.1096,41116
2026-03-24 13:10:00,100.1011,100.105,100.1,100.1,1796
2026-03-24 13:15:00,100.105,100.105,100.1,100.1,1429
2026-03-24 13:20:00,100.105,100.105,100.1,100.1,919
2026-03-24 13:25:00,100.105,100.1078,100.1005,100.1011,1121
2026-03-24 13:30:00,100.105,100.105,100.1,100.1,284
2026-03-24 13:35:00,100.1011,100.1042,100.1,100.1001,2068
2026-03-24 13:40:00,100.105,100.11,100.1,100.1,1719
2026-03-24 13:45:00,100.1,100.105,100.1,100.105,1698
2026-03-24 13:50:00,100.1,100.105,100.1,100.105,448
2026-03-24 13:55:00,100.105,100.105,100.105,100.105,136
2026-03-24 14:00:00,100.1,100.1006,100.1,100.1006,4363
2026-03-24 14:05:00,100.1015,100.105,100.1,100.105,1834
2026-03-24 14:10:00,100.105,100.1099,100.1,100.1,8566
2026-03-24 14:15:00,100.1,100.107,100.1,100.105,3285
2026-03-24 14:20:00,100.103,100.1071,100.1,100.105,3499
2026-03-24 14:25:00,100.105,100.1091,100.1,100.1091,2935
2026-03-24 14:30:00,100.1,100.105,100.1,100.105,1209
2026-03-24 14:35:00,100.105,100.105,100.1,100.1014,992
2026-03-24 14:40:00,100.1001,100.1099,100.1,100.1041,9580
2026-03-24 14:45:00,100.1,100.1,100.1,100.1,16045
2026-03-24 14:50:00,100.1065,100.1065,100.1,100.1059,1543
2026-03-24 14:55:00,100.105,100.11,100.1,100.105,10123
2026-03-24 15:00:00,100.1,100.1099,100.1,100.1099,3599
2026-03-24 15:05:00,100.105,100.105,100.1,100.1,1170
2026-03-24 15:10:00,100.1027,100.11,100.1,100.105,6176
2026-03-24 15:15:00,100.1001,100.11,100.1001,100.105,4303
2026-03-24 15:20:00,100.105,100.11,100.1,100.1099,23858
2026-03-24 15:25:00,100.105,100.11,100.1,100.1006,3786
2026-03-24 15:30:00,100.105,100.11,100.1,100.105,2316
2026-03-24 15:35:00,100.105,100.11,100.105,100.105,1076
2026-03-24 15:40:00,100.1,100.11,100.1,100.105,3726
2026-03-24 15:45:00,100.1088,100.11,100.1,100.105,84934
2026-03-24 15:50:00,100.1,100.11,100.1,100.1,24203
2026-03-24 15:55:00,100.105,100.105,100.1,100.105,10133
2026-03-24 16:00:00,100.1,100.105,100.1,100.1003,2158
2026-03-24 16:15:00,100.1002,100.1002,100.1002,100.1002,10214
2026-03-24 16:20:00,100.1,100.1,100.1,100.1,10214
2026-03-24 16:35:00,100.1,100.1,100.1,100.1,5102
2026-03-24 16:40:00,100.1,100.1,100.1,100.1,5118
2026-03-24 18:45:00,100.11,100.11,100.11,100.11,190
2026-03-24 19:50:00,100.1001,100.1001,100.1001,100.1001,175
2026-03-25 07:20:00,100.11,100.11,100.11,100.11,16000
2026-03-25 09:30:00,100.11,100.115,100.11,100.1134,32883
2026-03-25 09:35:00,100.115,100.115,100.11,100.11,10327
2026-03-25 09:40:00,100.12,100.12,100.1105,100.1198,2934
2026-03-25 09:45:00,100.1199,100.1199,100.1199,100.1199,254
2026-03-25 09:50:00,100.1199,100.1199,100.11,100.11,367
2026-03-25 09:55:00,100.115,100.115,100.115,100.115,946
2026-03-25 10:00:00,100.11,100.12,100.11,100.1199,9010
2026-03-25 10:05:00,100.115,100.12,100.113,100.12,2421
2026-03-25 10:10:00,100.118,100.1191,100.11,100.11,13098
2026-03-25 10:15:00,100.111,100.1191,100.11,100.115,7591
2026-03-25 10:20:00,100.11,100.12,100.11,100.115,7106
2026-03-25 10:25:00,100.115,100.1199,100.1101,100.115,3981
2026-03-25 10:30:00,100.12,100.12,100.11,100.115,5347
2026-03-25 10:35:00,100.115,100.12,100.115,100.12,630
2026-03-25 10:40:00,100.115,100.12,100.11,100.115,4701
2026-03-25 10:45:00,100.115,100.1199,100.1105,100.1199,1429
2026-03-25 10:50:00,100.1199,100.1199,100.1105,100.115,6020
2026-03-25 10:55:00,100.11,100.115,100.11,100.115,15173
2026-03-25 11:00:00,100.115,100.12,100.11,100.11,7358
2026-03-25 11:05:00,100.1196,100.1196,100.11,100.11,1455
2026-03-25 11:10:00,100.1101,100.1199,100.1101,100.115,1109
2026-03-25 11:15:00,100.115,100.115,100.11,100.115,18252
2026-03-25 11:20:00,100.115,100.1158,100.1105,100.1105,1349
2026-03-25 11:25:00,100.115,100.1192,100.11,100.115,5044
2026-03-25 11:30:00,100.115,100.115,100.115,100.115,1450
2026-03-25 11:35:00,100.115,100.115,100.11,100.11,5869
2026-03-25 11:40:00,100.11,100.1156,100.11,100.1122,27010
2026-03-25 11:45:00,100.115,100.12,100.11,100.11,2500
2026-03-25 11:50:00,100.11,100.1199,100.11,100.115,9864
2026-03-25 11:55:00,100.12,100.12,100.1101,100.1103,3167
2026-03-25 12:00:00,100.115,100.115,100.11,100.115,4015
2026-03-25 12:05:00,100.115,100.115,100.115,100.115,293
2026-03-25 12:10:00,100.115,100.115,100.11,100.11,200
2026-03-25 12:15:00,100.115,100.115,100.11,100.11,1311
2026-03-25 12:20:00,100.11,100.12,100.11,100.11,6016
2026-03-25 12:25:00,100.1101,100.12,100.1101,100.12,23768
2026-03-25 12:30:00,100.115,100.115,100.115,100.115,1099
2026-03-25 12:35:00,100.11,100.11,100.11,100.11,500
2026-03-25 12:40:00,100.11,100.1103,100.11,100.1103,577
2026-03-25 12:45:00,100.115,100.12,100.11,100.12,11860
2026-03-25 12:50:00,100.1181,100.1199,100.11,100.115,9081
2026-03-25 12:55:00,100.115,100.115,100.1101,100.1101,2810
2026-03-25 13:00:00,100.115,100.117,100.11,100.11,3848
2026-03-25 13:05:00,100.11,100.11,100.11,100.11,400
2026-03-25 13:10:00,100.115,100.12,100.11,100.12,1558
2026-03-25 13:15:00,100.115,100.12,100.11,100.12,30477
2026-03-25 13:25:00,100.11,100.1112,100.11,100.1112,586
2026-03-25 13:30:00,100.115,100.12,100.11,100.12,1110
2026-03-25 13:35:00,100.1183,100.1183,100.11,100.1101,4641
2026-03-25 13:40:00,100.115,100.115,100.11,100.115,21645
2026-03-25 13:45:00,100.115,100.115,100.115,100.115,3032
2026-03-25 13:50:00,100.115,100.12,100.11,100.115,4224
2026-03-25 13:55:00,100.1199,100.12,100.115,100.115,37848
2026-03-25 14:00:00,100.1193,100.12,100.11,100.11,20826
2026-03-25 14:05:00,100.1177,100.1191,100.11,100.11,2734
2026-03-25 14:10:00,100.11,100.115,100.11,100.115,372
2026-03-25 14:15:00,100.115,100.115,100.115,100.115,921
2026-03-25 14:20:00,100.11,100.11,100.11,100.11,400
2026-03-25 14:25:00,100.11,100.115,100.11,100.115,13334
2026-03-25 14:30:00,100.11,100.1199,100.11,100.1199,468
2026-03-25 14:35:00,100.11,100.11,100.11,100.11,100
2026-03-25 14:40:00,100.115,100.1199,100.11,100.1105,3500
2026-03-25 14:45:00,100.115,100.115,100.11,100.115,2528
2026-03-25 14:50:00,100.115,100.115,100.11,100.115,1500
2026-03-25 14:55:00,100.11,100.12,100.11,100.115,52773
2026-03-25 15:00:00,100.115,100.115,100.11,100.115,2849
2026-03-25 15:05:00,100.115,100.12,100.11,100.12,1700
2026-03-25 15:10:00,100.115,100.1199,100.11,100.115,3999
2026-03-25 15:15:00,100.115,100.1199,100.1142,100.1199,2147
2026-03-25 15:20:00,100.115,100.12,100.11,100.115,3536
2026-03-25 15:25:00,100.115,100.115,100.11,100.115,16413
2026-03-25 15:30:00,100.115,100.1198,100.11,100.115,53799
2026-03-25 15:35:00,100.115,100.1199,100.11,100.11,2894
2026-03-25 15:40:00,100.115,100.115,100.115,100.115,900
2026-03-25 15:45:00,100.1132,100.1165,100.11,100.11,9976
2026-03-25 15:50:00,100.115,100.1199,100.11,100.1199,3216
2026-03-25 15:55:00,100.115,100.115,100.11,100.115,9698
2026-03-25 16:00:00,100.13,100.13,100.12,100.12,42034
2026-03-25 16:05:00,100.11,100.11,100.11,100.11,759
2026-03-25 16:35:00,100.1101,100.1101,100.1101,100.1101,371
2026-03-25 17:05:00,100.11,100.11,100.11,100.11,2321
2026-03-26 09:30:00,100.12,100.125,100.12,100.125,39496
2026-03-26 09:35:00,100.1277,100.13,100.1234,100.1234,3816
2026-03-26 09:40:00,100.1234,100.1234,100.1202,100.1202,3655
2026-03-26 09:45:00,100.125,100.1276,100.125,100.1276,820
2026-03-26 09:50:00,100.125,100.1266,100.12,100.12,1604
2026-03-26 09:55:00,100.1299,100.1299,100.1234,100.1234,4345
2026-03-26 10:00:00,100.12,100.1278,100.12,100.125,5382
2026-03-26 10:05:00,100.1201,100.13,100.12,100.13,1686
2026-03-26 10:10:00,100.1276,100.13,100.12,100.1239,2368
2026-03-26 10:15:00,100.125,100.125,100.1207,100.125,2359
2026-03-26 10:20:00,100.1299,100.13,100.125,100.1278,15898
2026-03-26 10:25:00,100.125,100.125,100.1207,100.125,450
2026-03-26 10:30:00,100.125,100.13,100.1201,100.1288,1786
2026-03-26 10:35:00,100.1299,100.1299,100.12,100.125,6494
2026-03-26 10:40:00,100.1299,100.1299,100.12,100.125,2026
2026-03-26 10:45:00,100.12,100.125,100.12,100.12,1419
2026-03-26 10:50:00,100.12,100.13,100.12,100.125,944
2026-03-26 10:55:00,100.125,100.125,100.1208,100.125,1336
2026-03-26 11:00:00,100.13,100.13,100.125,100.125,4810
2026-03-26 11:05:00,100.12,100.1277,100.12,100.1213,5043
2026-03-26 11:10:00,100.13,100.13,100.124,100.124,24618
2026-03-26 11:15:00,100.13,100.13,100.12,100.12,7321
2026-03-26 11:20:00,100.125,100.1299,100.12,100.12,2031
2026-03-26 11:25:00,100.1299,100.1299,100.12,100.125,1716
2026-03-26 11:30:00,100.125,100.13,100.1202,100.125,1152
2026-03-26 11:35:00,100.1296,100.13,100.125,100.13,1498
2026-03-26 11:40:00,100.12,100.1288,100.12,100.125,5094
2026-03-26 11:45:00,100.125,100.1299,100.125,100.1299,1293
2026-03-26 11:50:00,100.1201,100.1201,100.1201,100.1201,380
2026-03-26 11:55:00,100.12,100.125,100.12,100.1202,1049
2026-03-26 12:00:00,100.12,100.13,100.12,100.1277,7659
2026-03-26 12:05:00,100.12,100.1285,100.12,100.12,1218
2026-03-26 12:10:00,100.1259,100.1295,100.125,100.125,525
2026-03-26 12:15:00,100.13,100.13,100.1203,100.1259,4467
2026-03-26 12:20:00,100.125,100.1297,100.12,100.1297,2594
2026-03-26 12:25:00,100.12,100.125,100.12,100.125,1586
2026-03-26 12:30:00,100.13,100.13,100.12,100.125,2606
2026-03-26 12:35:00,100.125,100.13,100.125,100.13,16266
2026-03-26 12:40:00,100.1241,100.1299,100.121,100.125,2078
2026-03-26 12:45:00,100.1299,100.1299,100.12,100.1277,3567
2026-03-26 12:50:00,100.125,100.128,100.125,100.128,274
2026-03-26 12:55:00,100.1207,100.13,100.1207,100.125,878
2026-03-26 13:00:00,100.125,100.13,100.1216,100.123,8021
2026-03-26 13:05:00,100.13,100.13,100.12,100.12,110977
2026-03-26 13:10:00,100.1293,100.1293,100.125,100.125,240
2026-03-26 13:15:00,100.13,100.13,100.12,100.125,191112
2026-03-26 13:20:00,100.125,100.125,100.12,100.12,127669
2026-03-26 13:25:00,100.125,100.125,100.12,100.12,52962
2026-03-26 13:30:00,100.125,100.125,100.12,100.12,27322
2026-03-26 13:35:00,100.13,100.13,100.1292,100.1295,2364
2026-03-26 13:40:00,100.12,100.1289,100.12,100.12,39659
2026-03-26 13:45:00,100.12,100.1267,100.12,100.12,5931
2026-03-26 13:50:00,100.12,100.1287,100.12,100.1272,12713
2026-03-26 13:55:00,100.12,100.13,100.12,100.12,42322
2026-03-26 14:00:00,100.125,100.13,100.12,100.1202,6217
2026-03-26 14:05:00,100.125,100.125,100.12,100.125,18763
2026-03-26 14:10:00,100.1206,100.1292,100.12,100.12,17901
2026-03-26 14:15:00,100.125,100.125,100.12,100.12,453
2026-03-26 14:20:00,100.1299,100.1299,100.12,100.12,9920
2026-03-26 14:25:00,100.125,100.125,100.125,100.125,702
2026-03-26 14:30:00,100.1258,100.1291,100.12,100.12,7630
2026-03-26 14:35:00,100.12,100.13,100.12,100.12,70315
2026-03-26 14:40:00,100.1299,100.1299,100.12,100.125,6697
2026-03-26 14:45:00,100.125,100.13,100.12,100.122,3721
2026-03-26 14:50:00,100.1297,100.13,100.12,100.125,8644
2026-03-26 14:55:00,100.125,100.13,100.12,100.13,13464
2026-03-26 15:00:00,100.1289,100.1289,100.12,100.1201,1628
2026-03-26 15:05:00,100.1201,100.13,100.12,100.12,22505
2026-03-26 15:10:00,100.12,100.1287,100.12,100.1287,9376
2026-03-26 15:15:00,100.125,100.1268,100.12,100.1202,4299
2026-03-26 15:20:00,100.1202,100.125,100.1202,100.125,444
2026-03-26 15:25:00,100.125,100.13,100.12,100.1201,5132
2026-03-26 15:30:00,100.125,100.1291,100.12,100.125,783
2026-03-26 15:35:00,100.1293,100.1299,100.12,100.125,693
2026-03-26 15:40:00,100.121,100.125,100.12,100.122,10327
2026-03-26 15:45:00,100.125,100.125,100.12,100.12,1791
2026-03-26 15:50:00,100.125,100.13,100.12,100.125,5457
2026-03-26 15:55:00,100.125,100.13,100.12,100.12,47181
2026-03-26 16:00:00,100.12,100.12,100.11,100.12,4968
2026-03-26 16:20:00,100.13,100.13,100.13,100.13,1182
2026-03-26 17:05:00,100.1299,100.1299,100.1299,100.1299,3000
2026-03-26 17:10:00,100.1299,100.1299,100.1299,100.1299,6000
2026-03-26 17:25:00,100.11,100.11,100.11,100.11,142
2026-03-26 17:40:00,100.1274,100.1274,100.1274,100.1274,261
2026-03-27 07:00:00,100.145,100.145,100.145,100.145,462
2026-03-27 09:30:00,100.14,100.15,100.14,100.14,27388
2026-03-27 09:35:00,100.14,100.15,100.14,100.1401,425941
2026-03-27 09:40:00,100.145,100.1499,100.14,100.1499,4950
2026-03-27 09:45:00,100.1451,100.15,100.1401,100.145,40287
2026-03-27 09:50:00,100.145,100.15,100.145,100.15,7508
2026-03-27 09:55:00,100.15,100.15,100.14,100.14,22162
2026-03-27 10:00:00,100.1403,100.1499,100.14,100.1498,11840
2026-03-27 10:05:00,100.15,100.15,100.1402,100.145,3927
2026-03-27 10:10:00,100.1497,100.1497,100.145,100.1481,1708
2026-03-27 10:15:00,100.1499,100.15,100.143,100.145,2147
2026-03-27 10:20:00,100.1499,100.15,100.14,100.145,1900
2026-03-27 10:25:00,100.145,100.1497,100.143,100.145,5715
2026-03-27 10:30:00,100.15,100.15,100.14,100.1499,5482
2026-03-27 10:35:00,100.15,100.15,100.14,100.145,14534
2026-03-27 10:40:00,100.145,100.145,100.145,100.145,1043
2026-03-27 10:45:00,100.145,100.15,100.1413,100.15,7404
2026-03-27 10:50:00,100.1427,100.15,100.14,100.145,10972
2026-03-27 10:55:00,100.145,100.15,100.14,100.145,16168
2026-03-27 11:00:00,100.145,100.15,100.1401,100.15,4630
2026-03-27 11:05:00,100.15,100.15,100.14,100.1476,9818
2026-03-27 11:10:00,100.15,100.15,100.145,100.145,6600
2026-03-27 11:15:00,100.145,100.15,100.1443,100.15,30411
2026-03-27 11:20:00,100.15,100.15,100.14,100.15,17841
2026-03-27 11:25:00,100.15,100.15,100.1401,100.15,26582
2026-03-27 11:30:00,100.15,100.15,100.14,100.15,18677
2026-03-27 11:35:00,100.15,100.15,100.145,100.15,13602
2026-03-27 11:40:00,100.15,100.15,100.14,100.15,9888
2026-03-27 11:45:00,100.15,100.15,100.145,100.15,18630
2026-03-27 11:50:00,100.1499,100.1558,100.14,100.1558,83366
2026-03-27 12:00:00,100.1529,100.16,100.1529,100.1572,71180
2026-03-27 12:05:00,100.155,100.16,100.155,100.1598,4883
2026-03-27 12:10:00,100.155,100.16,100.15,100.16,103428
2026-03-27 12:15:00,100.15,100.16,100.15,100.155,3641
2026-03-27 12:20:00,100.1597,100.1599,100.15,100.155,2998
2026-03-27 12:25:00,100.155,100.155,100.15,100.15,2120
2026-03-27 12:30:00,100.155,100.16,100.1501,100.1501,5385
2026-03-27 12:35:00,100.155,100.1575,100.155,100.1572,3098
2026-03-27 12:40:00,100.155,100.16,100.15,100.1521,1784
2026-03-27 12:45:00,100.155,100.1599,100.15,100.1599,6311
2026-03-27 12:50:00,100.155,100.16,100.1502,100.155,1902
2026-03-27 12:55:00,100.155,100.1599,100.15,100.1599,1546
2026-03-27 13:00:00,100.1591,100.16,100.153,100.155,2719
2026-03-27 13:05:00,100.155,100.16,100.15,100.1502,5328
2026-03-27 13:10:00,100.155,100.1599,100.15,100.1503,1713
2026-03-27 13:15:00,100.1543,100.16,100.1543,100.16,253
2026-03-27 13:20:00,100.15,100.1593,100.15,100.1593,24442
2026-03-27 13:25:00,100.155,100.16,100.1532,100.155,67808
2026-03-27 13:30:00,100.1593,100.1593,100.15,100.15,11447
2026-03-27 13:35:00,100.155,100.155,100.15,100.15,1758
2026-03-27 13:40:00,100.155,100.1598,100.1501,100.1588,4131
2026-03-27 13:45:00,100.155,100.16,100.1503,100.155,3328
2026-03-27 13:50:00,100.155,100.16,100.152,100.16,10330
2026-03-27 13:55:00,100.16,100.16,100.1501,100.1501,5284
2026-03-27 14:00:00,100.151,100.16,100.15,100.1527,14784
2026-03-27 14:05:00,100.155,100.16,100.15,100.155,11995
2026-03-27 14:10:00,100.1502,100.155,100.15,100.155,4032
2026-03-27 14:15:00,100.155,100.16,100.1508,100.1591,14533
2026-03-27 14:20:00,100.155,100.1599,100.15,100.155,1850
2026-03-27 14:25:00,100.1506,100.1597,100.15,100.1501,3192
2026-03-27 14:30:00,100.155,100.16,100.152,100.155,2438
2026-03-27 14:35:00,100.16,100.16,100.155,100.155,1722
2026-03-27 14:40:00,100.155,100.155,100.15,100.155,1539
2026-03-27 14:45:00,100.1578,100.16,100.15,100.155,5994
2026-03-27 14:50:00,100.155,100.1599,100.15,100.1599,3265
2026-03-27 14:55:00,100.155,100.1599,100.15,100.1502,4013
2026-03-27 15:00:00,100.1587,100.1599,100.155,100.1567,11162
2026-03-27 15:05:00,100.155,100.1599,100.155,100.155,1480
2026-03-27 15:10:00,100.155,100.158,100.151,100.155,5288
2026-03-27 15:15:00,100.1597,100.16,100.1501,100.155,43878
2026-03-27 15:20:00,100.155,100.16,100.1502,100.155,16909
2026-03-27 15:25:00,100.16,100.16,100.15,100.1567,29922
2026-03-27 15:30:00,100.155,100.16,100.15,100.155,6242
2026-03-27 15:35:00,100.1504,100.16,100.15,100.155,55491
2026-03-27 15:40:00,100.155,100.16,100.15,100.155,5437
2026-03-27 15:45:00,100.155,100.16,100.15,100.1533,45385
2026-03-27 15:50:00,100.155,100.1598,100.15,100.155,35936
2026-03-27 15:55:00,100.15,100.16,100.15,100.16,67199
2026-03-27 16:00:00,100.16,100.16,100.1537,100.1537,4034
2026-03-30 04:10:00,100.16,100.16,100.16,100.16,204
2026-03-30 08:30:00,100.16,100.16,100.16,100.16,250
2026-03-30 09:30:00,100.17,100.17,100.16,100.165,17117
2026-03-30 09:35:00,100.17,100.17,100.17,100.17,500
2026-03-30 09:40:00,100.17,100.17,100.1601,100.1633,14017
2026-03-30 09:45:00,100.165,100.17,100.16,100.1697,5583
2026-03-30 09:50:00,100.17,100.17,100.16,100.1678,3674
2026-03-30 09:55:00,100.1687,100.1687,100.16,100.165,4588
2026-03-30 10:00:00,100.16,100.17,100.16,100.1699,18573
2026-03-30 10:05:00,100.165,100.17,100.1606,100.17,67741
2026-03-30 10:10:00,100.165,100.17,100.165,100.17,5893
2026-03-30 10:15:00,100.17,100.17,100.16,100.165,3750
2026-03-30 10:20:00,100.165,100.17,100.1604,100.1697,33798
2026-03-30 10:25:00,100.17,100.17,100.1632,100.1632,3068
2026-03-30 10:30:00,100.165,100.17,100.165,100.1659,6594
2026-03-30 10:35:00,100.1699,100.17,100.16,100.165,5469
2026-03-30 10:40:00,100.165,100.17,100.165,100.1682,6509
2026-03-30 10:45:00,100.17,100.17,100.1618,100.17,1114
2026-03-30 10:50:00,100.165,100.17,100.165,100.17,22650
2026-03-30 10:55:00,100.1676,100.17,100.165,100.17,9930
2026-03-30 11:00:00,100.17,100.18,100.1666,100.1781,32370
2026-03-30 11:05:00,100.1795,100.18,100.175,100.18,4380
2026-03-30 11:10:00,100.1799,100.18,100.175,100.1799,1650
2026-03-30 11:15:00,100.1798,100.1799,100.17,100.1799,39540
2026-03-30 11:20:00,100.175,100.18,100.17,100.175,11584
2026-03-30 11:25:00,100.175,100.18,100.1701,100.18,5485
2026-03-30 11:30:00,100.18,100.18,100.1701,100.175,11061
2026-03-30 11:35:00,100.175,100.18,100.17,100.175,3976
2026-03-30 11:40:00,100.1701,100.18,100.17,100.175,15867
2026-03-30 11:45:00,100.175,100.175,100.1701,100.175,10495
2026-03-30 11:50:00,100.17,100.18,100.17,100.18,49503
2026-03-30 11:55:00,100.175,100.18,100.17,100.18,4856
2026-03-30 12:00:00,100.175,100.18,100.17,100.175,4436
2026-03-30 12:05:00,100.175,100.18,100.17,100.17,6492
2026-03-30 12:10:00,100.175,100.18,100.1716,100.175,4584
2026-03-30 12:15:00,100.18,100.18,100.17,100.175,5969
2026-03-30 12:20:00,100.175,100.18,100.17,100.175,6474
2026-03-30 12:25:00,100.18,100.18,100.17,100.18,13201
2026-03-30 12:30:00,100.18,100.18,100.175,100.18,4705
2026-03-30 12:35:00,100.175,100.18,100.1701,100.18,2976
2026-03-30 12:40:00,100.175,100.18,100.17,100.17,2063
2026-03-30 12:45:00,100.175,100.18,100.1701,100.18,2668
2026-03-30 12:50:00,100.175,100.18,100.175,100.18,2100
2026-03-30 12:55:00,100.175,100.18,100.175,100.1778,19051
2026-03-30 13:00:00,100.175,100.18,100.1747,100.18,3553
2026-03-30 13:05:00,100.18,100.18,100.175,100.18,2200
2026-03-30 13:10:00,100.175,100.18,100.175,100.18,329
2026-03-30 13:15:00,100.175,100.18,100.17,100.1799,2585
2026-03-30 13:20:00,100.175,100.18,100.1701,100.175,7474
2026-03-30 13:25:00,100.18,100.18,100.175,100.175,1271
2026-03-30 13:30:00,100.18,100.18,100.175,100.18,1016
2026-03-30 13:35:00,100.175,100.18,100.175,100.18,1489
2026-03-30 13:40:00,100.175,100.18,100.17,100.18,14892
2026-03-30 13:45:00,100.175,100.18,100.175,100.18,694
2026-03-30 13:50:00,100.175,100.1799,100.175,100.1769,1156
2026-03-30 13:55:00,100.1701,100.18,100.1701,100.1713,4729
2026-03-30 14:00:00,100.18,100.18,100.17,100.1729,9254
2026-03-30 14:05:00,100.17,100.18,100.17,100.17,52343
2026-03-30 14:10:00,100.1783,100.18,100.17,100.175,9262
2026-03-30 14:15:00,100.17,100.18,100.17,100.1799,2875
2026-03-30 14:20:00,100.1704,100.18,100.17,100.17,2384
2026-03-30 14:25:00,100.175,100.18,100.175,100.18,476
2026-03-30 14:30:00,100.18,100.18,100.1701,100.1703,8477
2026-03-30 14:35:00,100.175,100.18,100.17,100.18,5714
2026-03-30 14:40:00,100.1799,100.18,100.1701,100.1701,3480
2026-03-30 14:45:00,100.18,100.18,100.175,100.18,1218
2026-03-30 14:50:00,100.18,100.18,100.175,100.175,13501
2026-03-30 14:55:00,100.18,100.18,100.1717,100.175,8967
2026-03-30 15:00:00,100.18,100.18,100.17,100.18,1844
2026-03-30 15:05:00,100.175,100.18,100.17,100.175,13173
2026-03-30 15:10:00,100.175,100.18,100.175,100.175,9338
2026-03-30 15:15:00,100.175,100.18,100.175,100.18,11657
2026-03-30 15:20:00,100.18,100.18,100.1701,100.175,15034
2026-03-30 15:25:00,100.175,100.18,100.17,100.18,33500
2026-03-30 15:30:00,100.18,100.18,100.1701,100.175,18279
2026-03-30 15:35:00,100.18,100.18,100.175,100.175,7870
2026-03-30 15:40:00,100.175,100.18,100.17,100.1796,11094
2026-03-30 15:45:00,100.175,100.18,100.17,100.18,4216
2026-03-30 15:50:00,100.175,100.18,100.1701,100.175,6923
2026-03-30 15:55:00,100.1701,100.18,100.17,100.18,55583
2026-03-30 16:00:00,100.18,100.18,100.17,100.17,16135
2026-03-30 16:05:00,100.18,100.18,100.18,100.18,100
2026-03-30 16:35:00,100.18,100.18,100.18,100.18,1100
2026-03-30 18:50:00,100.17,100.17,100.17,100.17,5000
2026-03-31 07:15:00,100.1813,100.1813,100.1813,100.1813,500
2026-03-31 07:25:00,100.1813,100.1813,100.1813,100.1813,200
2026-03-31 09:10:00,100.185,100.185,100.18,100.18,1000
2026-03-31 09:30:00,100.18,100.1853,100.18,100.1824,51973
2026-03-31 09:35:00,100.185,100.19,100.18,100.1823,97249
2026-03-31 09:40:00,100.19,100.19,100.185,100.19,2898
2026-03-31 09:45:00,100.19,100.19,100.185,100.19,59585
2026-03-31 09:50:00,100.1895,100.1899,100.1825,100.1825,6014
2026-03-31 09:55:00,100.185,100.19,100.1832,100.185,6639
2026-03-31 10:00:00,100.18,100.19,100.18,100.19,28495
2026-03-31 10:05:00,100.185,100.19,100.1807,100.19,12707
2026-03-31 10:10:00,100.19,100.19,100.18,100.18,44413
2026-03-31 10:15:00,100.19,100.19,100.18,100.188,17074
2026-03-31 10:20:00,100.19,100.19,100.18,100.185,3093
2026-03-31 10:25:00,100.185,100.1899,100.18,100.1877,5718
2026-03-31 10:30:00,100.185,100.185,100.18,100.185,3230
2026-03-31 10:35:00,100.19,100.19,100.1821,100.1821,20803
2026-03-31 10:40:00,100.1894,100.1894,100.185,100.185,2264
2026-03-31 10:45:00,100.1852,100.19,100.18,100.19,2544
2026-03-31 10:50:00,100.1858,100.19,100.1805,100.1895,24040
2026-03-31 10:55:00,100.1899,100.1899,100.185,100.185,1131
2026-03-31 11:00:00,100.185,100.19,100.1803,100.1899,7754
2026-03-31 11:05:00,100.1899,100.19,100.185,100.19,46571
2026-03-31 11:10:00,100.19,100.19,100.18,100.1882,4533
2026-03-31 11:15:00,100.185,100.19,100.1828,100.1828,2592
2026-03-31 11:20:00,100.185,100.185,100.18,100.185,4285
2026-03-31 11:25:00,100.19,100.19,100.1801,100.1878,1867
2026-03-31 11:30:00,100.19,100.19,100.18,100.185,8207
2026-03-31 11:35:00,100.185,100.185,100.185,100.185,409
2026-03-31 11:40:00,100.19,100.19,100.1801,100.185,8507
2026-03-31 11:45:00,100.185,100.1899,100.18,100.1899,6227
2026-03-31 11:50:00,100.188,100.1899,100.18,100.1899,5265
2026-03-31 11:55:00,100.19,100.19,100.18,100.185,33537
2026-03-31 12:00:00,100.1881,100.19,100.185,100.185,1898
2026-03-31 12:05:00,100.185,100.185,100.1847,100.1847,1304
2026-03-31 12:10:00,100.185,100.19,100.185,100.19,4400
2026-03-31 12:15:00,100.19,100.19,100.18,100.185,5498
2026-03-31 12:20:00,100.1801,100.19,100.1801,100.1884,26038
2026-03-31 12:25:00,100.1899,100.19,100.18,100.185,6466
2026-03-31 12:30:00,100.185,100.185,100.185,100.185,250
2026-03-31 12:35:00,100.185,100.19,100.1801,100.19,5254
2026-03-31 12:40:00,100.19,100.19,100.185,100.185,521
2026-03-31 12:45:00,100.185,100.1899,100.18,100.1899,47411
2026-03-31 12:50:00,100.18,100.19,100.18,100.1895,20980
2026-03-31 12:55:00,100.19,100.19,100.18,100.183,7792
2026-03-31 13:00:00,100.18,100.19,100.18,100.1842,3911
2026-03-31 13:05:00,100.185,100.19,100.1842,100.1842,2393
2026-03-31 13:10:00,100.1899,100.19,100.185,100.19,6530
2026-03-31 13:15:00,100.1899,100.1899,100.18,100.185,20534
2026-03-31 13:20:00,100.1899,100.19,100.185,100.19,3650
2026-03-31 13:25:00,100.185,100.19,100.1803,100.19,4684
2026-03-31 13:30:00,100.1891,100.1899,100.1801,100.1885,2224
2026-03-31 13:35:00,100.185,100.19,100.18,100.1899,35600
2026-03-31 13:40:00,100.1802,100.19,100.18,100.1878,3918
2026-03-31 13:45:00,100.185,100.185,100.18,100.18,448
2026-03-31 13:50:00,100.19,100.19,100.18,100.185,1971
2026-03-31 13:55:00,100.19,100.19,100.185,100.185,1091
2026-03-31 14:00:00,100.19,100.19,100.1819,100.1819,6243
2026-03-31 14:05:00,100.1897,100.19,100.18,100.18,11973
2026-03-31 14:10:00,100.1896,100.19,100.1801,100.1801,6223
2026-03-31 14:15:00,100.185,100.19,100.1806,100.185,3703
2026-03-31 14:20:00,100.1825,100.1899,100.18,100.1899,2194
2026-03-31 14:25:00,100.185,100.19,100.18,100.19,40181
2026-03-31 14:30:00,100.1899,100.19,100.18,100.18,5436
2026-03-31 14:35:00,100.185,100.19,100.185,100.1879,27148
2026-03-31 14:40:00,100.19,100.19,100.185,100.185,9144
2026-03-31 14:45:00,100.185,100.19,100.185,100.185,3618
2026-03-31 14:50:00,100.1803,100.185,100.1801,100.185,23983
2026-03-31 14:55:00,100.19,100.19,100.18,100.19,3558
2026-03-31 15:00:00,100.1818,100.19,100.1818,100.19,13615
2026-03-31 15:05:00,100.185,100.19,100.185,100.185,15176
2026-03-31 15:10:00,100.185,100.19,100.18,100.19,12967
2026-03-31 15:15:00,100.185,100.19,100.1801,100.19,17979
2026-03-31 15:20:00,100.19,100.19,100.18,100.18,31326
2026-03-31 15:25:00,100.19,100.19,100.185,100.185,1500
2026-03-31 15:30:00,100.19,100.19,100.1801,100.185,2163
2026-03-31 15:35:00,100.19,100.19,100.185,100.185,2225
2026-03-31 15:40:00,100.185,100.19,100.18,100.185,9841
2026-03-31 15:45:00,100.185,100.19,100.185,100.185,26075
2026-03-31 15:50:00,100.185,100.19,100.18,100.185,9105
2026-03-31 15:55:00,100.19,100.19,100.18,100.19,39673
2026-03-31 16:00:00,100.19,100.19,100.19,100.19,16782
2026-03-31 17:35:00,100.18,100.18,100.18,100.18,700
2026-04-01 07:00:00,99.8997,99.8997,99.8997,99.8997,100
2026-04-01 07:10:00,99.8987,99.8987,99.8987,99.8987,100
2026-04-01 07:20:00,99.8993,99.8993,99.8993,99.8993,100
2026-04-01 08:20:00,99.8998,99.8998,99.8998,99.8998,2380
2026-04-01 09:10:00,99.9,99.9,99.9,99.9,13029
2026-04-01 09:30:00,99.89,99.9,99.89,99.9,26004
2026-04-01 09:35:00,99.8921,99.9,99.8921,99.8999,3727
2026-04-01 09:40:00,99.8977,99.9,99.895,99.895,5509
2026-04-01 09:45:00,99.895,99.899,99.895,99.899,979
2026-04-01 09:50:00,99.9,99.9,99.895,99.895,19834
2026-04-01 09:55:00,99.895,99.9,99.895,99.8999,5100
2026-04-01 10:00:00,99.89,99.9,99.89,99.8991,2863
2026-04-01 10:05:00,99.89,99.9,99.89,99.895,12630
2026-04-01 10:10:00,99.8981,99.9,99.89,99.8979,23304
2026-04-01 10:15:00,99.9,99.9,99.8901,99.8999,6918
2026-04-01 10:20:00,99.8908,99.9,99.8908,99.8998,1386
2026-04-01 10:25:00,99.895,99.9,99.8901,99.9,1487
2026-04-01 10:30:00,99.893,99.9,99.89,99.8999,9301
2026-04-01 10:35:00,99.89,99.9,99.89,99.9,9067
2026-04-01 10:40:00,99.89,99.8999,99.89,99.8979,4816
2026-04-01 10:45:00,99.895,99.9,99.89,99.895,19681
2026-04-01 10:50:00,99.9,99.9,99.8901,99.8901,26998
2026-04-01 10:55:00,99.8999,99.9,99.89,99.8999,5598
2026-04-01 11:00:00,99.895,99.8999,99.8908,99.895,4804
2026-04-01 11:05:00,99.895,99.9,99.8901,99.9,12664
2026-04-01 11:10:00,99.8999,99.9,99.8905,99.898,15422
2026-04-01 11:15:00,99.895,99.9,99.89,99.9,12706
2026-04-01 11:20:00,99.8999,99.8999,99.89,99.8927,17944
2026-04-01 11:25:00,99.89,99.9,99.89,99.894,22093
2026-04-01 11:30:00,99.895,99.9,99.8908,99.8997,12297
2026-04-01 11:35:00,99.8983,99.9,99.89,99.895,150384
2026-04-01 11:40:00,99.8931,99.9,99.89,99.9,20477
2026-04-01 11:45:00,99.8999,99.9,99.8901,99.8999,21189
2026-04-01 11:50:00,99.8999,99.9,99.89,99.89,24485
2026-04-01 11:55:00,99.9,99.9,99.89,99.8931,64714
2026-04-01 12:00:00,99.9,99.9,99.89,99.89,20537
2026-04-01 12:05:00,99.899,99.91,99.8901,99.8901,504856
2026-04-01 12:10:00,99.9,99.9,99.8901,99.8986,40598
2026-04-01 12:15:00,99.8901,99.91,99.89,99.9099,101495
2026-04-01 12:20:00,99.905,99.91,99.9,99.9099,115516
2026-04-01 12:25:00,99.902,99.91,99.9,99.905,17240
2026-04-01 12:30:00,99.9089,99.9089,99.9001,99.905,8946
2026-04-01 12:35:00,99.905,99.905,99.9001,99.9001,19980
2026-04-01 12:40:00,99.905,99.9099,99.905,99.9099,12205
2026-04-01 12:45:00,99.91,99.91,99.902,99.905,1791
2026-04-01 12:50:00,99.91,99.91,99.905,99.905,4636
2026-04-01 12:55:00,99.905,99.9079,99.9001,99.9079,699
2026-04-01 13:00:00,99.905,99.91,99.905,99.91,5112
2026-04-01 13:05:00,99.905,99.91,99.905,99.91,839
2026-04-01 13:10:00,99.9,99.91,99.9,99.91,17174
2026-04-01 13:15:00,99.905,99.91,99.9,99.905,11564
2026-04-01 13:20:00,99.905,99.91,99.9,99.91,196151
2026-04-01 13:25:00,99.905,99.9085,99.9,99.905,6748
2026-04-01 13:30:00,99.91,99.91,99.905,99.9068,4406
2026-04-01 13:35:00,99.9017,99.9017,99.9001,99.9001,534
2026-04-01 13:40:00,99.9094,99.91,99.902,99.91,633
2026-04-01 13:50:00,99.905,99.91,99.9,99.9043,3213
2026-04-01 13:55:00,99.9011,99.91,99.9,99.901,6910
2026-04-01 14:00:00,99.9001,99.9097,99.9001,99.9087,3147
2026-04-01 14:05:00,99.905,99.9076,99.905,99.9076,1340
2026-04-01 14:10:00,99.905,99.905,99.9001,99.905,23605
2026-04-01 14:15:00,99.9001,99.91,99.9001,99.9097,39309
2026-04-01 14:20:00,99.91,99.91,99.9001,99.91,23606
2026-04-01 14:25:00,99.9024,99.9088,99.9001,99.9088,6159
2026-04-01 14:30:00,99.9099,99.91,99.9017,99.9097,8731
2026-04-01 14:35:00,99.905,99.9094,99.9,99.905,2271
2026-04-01 14:40:00,99.907,99.9097,99.907,99.9097,1396
2026-04-01 14:45:00,99.9086,99.9086,99.9001,99.9001,4463
2026-04-01 14:50:00,99.91,99.91,99.9024,99.905,3507
2026-04-01 14:55:00,99.9069,99.91,99.9,99.9099,29337
2026-04-01 15:00:00,99.91,99.91,99.9,99.905,5453
2026-04-01 15:05:00,99.905,99.91,99.9,99.91,8809
2026-04-01 15:10:00,99.9002,99.9098,99.9001,99.9001,2234
2026-04-01 15:15:00,99.907,99.907,99.9,99.905,2616
2026-04-01 15:20:00,99.9001,99.9094,99.9,99.9094,19108
2026-04-01 15:25:00,99.905,99.9068,99.9,99.905,5559
2026-04-01 15:30:00,99.9,99.9097,99.9,99.9097,2462
2026-04-01 15:35:00,99.905,99.909,99.9,99.9,10881
2026-04-01 15:40:00,99.9003,99.91,99.9,99.9004,3192
2026-04-01 15:45:00,99.905,99.91,99.9,99.91,19469
2026-04-01 15:50:00,99.905,99.91,99.9,99.905,16240
2026-04-01 15:55:00,99.905,99.91,99.9,99.91,37926
2026-04-01 16:00:00,99.91,99.91,99.91,99.91,3679
2026-04-01 16:05:00,99.91,99.91,99.91,99.91,100
2026-04-01 16:15:00,99.905,99.905,99.905,99.905,2900
2026-04-01 16:55:00,99.91,99.91,99.91,99.91,525
2026-04-01 17:45:00,99.9099,99.9099,99.9099,99.9099,100
2026-04-02 09:30:00,99.94,99.94,99.9333,99.9377,20729
2026-04-02 09:35:00,99.9399,99.94,99.935,99.935,1345
2026-04-02 09:40:00,99.935,99.935,99.9333,99.935,816
2026-04-02 09:45:00,99.9314,99.9396,99.9314,99.9396,420
2026-04-02 09:50:00,99.935,99.939,99.935,99.939,4396
2026-04-02 09:55:00,99.9341,99.935,99.9341,99.935,4475
2026-04-02 10:00:00,99.935,99.935,99.9301,99.9301,10467
2026-04-02 10:05:00,99.935,99.94,99.935,99.94,1255
2026-04-02 10:10:00,99.94,99.94,99.93,99.9311,9786
2026-04-02 10:15:00,99.935,99.94,99.935,99.9399,1644
2026-04-02 10:20:00,99.935,99.9399,99.9301,99.933,3863
2026-04-02 10:25:00,99.935,99.9398,99.935,99.9398,5182
2026-04-02 10:30:00,99.935,99.94,99.93,99.94,1977
2026-04-02 10:35:00,99.935,99.9399,99.93,99.9399,3359
2026-04-02 10:40:00,99.9399,99.9399,99.9301,99.9301,529
2026-04-02 10:45:00,99.935,99.94,99.931,99.935,2662
2026-04-02 10:50:00,99.9301,99.94,99.9301,99.9314,5043
2026-04-02 10:55:00,99.94,99.94,99.94,99.94,200
2026-04-02 11:00:00,99.935,99.94,99.935,99.9399,1462
2026-04-02 11:05:00,99.9321,99.94,99.932,99.935,2080
2026-04-02 11:10:00,99.935,99.94,99.9308,99.935,31670
2026-04-02 11:15:00,99.935,99.9399,99.93,99.9301,8661
2026-04-02 11:20:00,99.935,99.9399,99.93,99.93,17564
2026-04-02 11:25:00,99.9315,99.94,99.93,99.935,2562
2026-04-02 11:30:00,99.935,99.94,99.93,99.935,7193
2026-04-02 11:35:00,99.935,99.935,99.93,99.935,819
2026-04-02 11:40:00,99.9378,99.94,99.935,99.935,3837
2026-04-02 11:45:00,99.9399,99.9399,99.93,99.935,5514
2026-04-02 11:50:00,99.9332,99.94,99.9301,99.94,2378
2026-04-02 11:55:00,99.935,99.935,99.9332,99.935,1827
2026-04-02 12:00:00,99.935,99.94,99.93,99.9305,7380
2026-04-02 12:05:00,99.9301,99.9301,99.9301,99.9301,450
2026-04-02 12:10:00,99.94,99.94,99.93,99.94,3835
2026-04-02 12:15:00,99.935,99.94,99.93,99.94,7885
2026-04-02 12:20:00,99.9301,99.94,99.9301,99.94,2643
2026-04-02 12:25:00,99.94,99.94,99.93,99.935,13995
2026-04-02 12:30:00,99.935,99.9399,99.935,99.9399,2101
2026-04-02 12:35:00,99.94,99.94,99.9303,99.932,8696
2026-04-02 12:40:00,99.935,99.94,99.93,99.938,21922
2026-04-02 12:45:00,99.93,99.94,99.93,99.935,4211
2026-04-02 12:50:00,99.9399,99.94,99.9307,99.9358,6045
2026-04-02 12:55:00,99.935,99.94,99.9301,99.935,6602
2026-04-02 13:00:00,99.935,99.94,99.93,99.9397,5096
2026-04-02 13:05:00,99.935,99.94,99.93,99.93,15021
2026-04-02 13:10:00,99.935,99.94,99.9301,99.935,6145
2026-04-02 13:15:00,99.93,99.94,99.93,99.935,13144
2026-04-02 13:20:00,99.94,99.94,99.9301,99.9301,43092
2026-04-02 13:25:00,99.9381,99.94,99.93,99.935,9643
2026-04-02 13:30:00,99.935,99.94,99.9301,99.9399,32935
2026-04-02 13:35:00,99.9399,99.94,99.93,99.9399,35811
2026-04-02 13:40:00,99.9376,99.94,99.9311,99.94,4585
2026-04-02 13:45:00,99.935,99.94,99.9301,99.94,21908
2026-04-02 13:50:00,99.93,99.94,99.93,99.935,11739
2026-04-02 13:55:00,99.935,99.94,99.9301,99.935,3389
2026-04-02 14:00:00,99.94,99.94,99.93,99.93,552
2026-04-02 14:05:00,99.935,99.94,99.93,99.935,4675
2026-04-02 14:10:00,99.94,99.94,99.935,99.9378,6555
2026-04-02 14:15:00,99.935,99.94,99.93,99.935,6160
2026-04-02 14:20:00,99.935,99.94,99.935,99.9379,1695
2026-04-02 14:25:00,99.935,99.94,99.9301,99.94,2223
2026-04-02 14:30:00,99.94,99.94,99.9301,99.9301,1747
2026-04-02 14:35:00,99.935,99.94,99.935,99.94,9053
2026-04-02 14:40:00,99.9399,99.94,99.9335,99.94,3412
2026-04-02 14:45:00,99.9397,99.94,99.935,99.9399,13389
2026-04-02 14:50:00,99.9306,99.94,99.9306,99.935,10290
2026-04-02 14:55:00,99.94,99.94,99.9332,99.94,11133
2026-04-02 15:00:00,99.935,99.94,99.935,99.9399,3690
2026-04-02 15:05:00,99.935,99.94,99.9306,99.9306,6001
2026-04-02 15:10:00,99.9306,99.94,99.9301,99.94,1146
2026-04-02 15:15:00,99.94,99.94,99.9398,99.9399,45435
2026-04-02 15:20:00,99.9399,99.94,99.935,99.935,7675
2026-04-02 15:25:00,99.935,99.94,99.935,99.94,3318
2026-04-02 15:30:00,99.935,99.94,99.9301,99.94,7509
2026-04-02 15:35:00,99.9385,99.94,99.9301,99.9335,9386
2026-04-02 15:40:00,99.935,99.94,99.9301,99.94,9794
2026-04-02 15:45:00,99.9358,99.94,99.9306,99.94,203974
2026-04-02 15:50:00,99.935,99.94,99.9306,99.94,12494
2026-04-02 15:55:00,99.94,99.94,99.9301,99.94,48211
2026-04-02 16:00:00,99.94,99.94,99.94,99.94,8785
