2026-03-04 04:00:00,97.24,97.29,97.17,97.29,1190.0
2026-03-04 04:15:00,97.34,97.4,97.34,97.4,465.0
2026-03-04 04:20:00,97.45,97.45,97.45,97.45,190.0
2026-03-04 04:25:00,97.39,97.39,97.39,97.39,100.0
2026-03-04 04:30:00,97.35,97.35,97.35,97.35,100.0
2026-03-04 04:35:00,97.46,97.57,97.46,97.57,2373.0
2026-03-04 04:40:00,97.5,97.5,97.5,97.5,100.0
2026-03-04 04:45:00,97.57,97.57,97.55,97.55,200.0
2026-03-04 04:50:00,97.53,97.53,97.51,97.51,200.0
2026-03-04 05:00:00,97.6,97.6,97.6,97.6,174.0
2026-03-04 05:05:00,97.63,97.75,97.63,97.75,714.0
2026-03-04 05:10:00,97.8,97.85,97.72,97.85,927.0
2026-03-04 05:15:00,97.85,97.88,97.75,97.78,1533.0
2026-03-04 05:30:00,97.67,97.67,97.6,97.6,1466.0
2026-03-04 05:35:00,97.57,97.61,97.57,97.58,593.0
2026-03-04 05:40:00,97.64,97.64,97.64,97.64,150.0
2026-03-04 05:45:00,97.6,97.6,97.55,97.59,340.0
2026-03-04 05:50:00,97.59,97.59,97.59,97.59,150.0
2026-03-04 05:55:00,97.71,97.73,97.66,97.7,150986.0
2026-03-04 06:00:00,97.67,97.71,97.66,97.7,999.0
2026-03-04 06:15:00,97.76,97.76,97.71,97.71,2107.0
2026-03-04 06:20:00,97.7,97.72,97.7,97.72,1100.0
2026-03-04 06:25:00,97.78,97.78,97.76,97.76,200.0
2026-03-04 06:30:00,97.78,97.78,97.78,97.78,142.0
2026-03-04 06:35:00,97.83,97.84,97.81,97.81,3373.0
2026-03-04 06:40:00,97.75,97.75,97.72,97.72,200.0
2026-03-04 06:45:00,97.7,97.7,97.7,97.7,100.0
2026-03-04 06:50:00,97.71,97.71,97.66,97.66,1433.0
2026-03-04 07:00:00,97.69,97.97,97.69,97.96,2358.0
2026-03-04 07:05:00,97.9,97.9,97.899,97.899,270.0
2026-03-04 07:10:00,97.86,97.86,97.84,97.84,2504.0
2026-03-04 07:15:00,97.8,97.8,97.5,97.54,1500.0
2026-03-04 07:20:00,97.57,97.57,97.49,97.49,1943.0
2026-03-04 07:25:00,97.45,97.45,97.41,97.43,8185.0
2026-03-04 07:30:00,97.45,97.45,97.3,97.36,724.0
2026-03-04 07:35:00,97.38,97.38,97.38,97.38,726.0
2026-03-04 07:40:00,97.21,97.22,97.08,97.1,2369.0
2026-03-04 07:45:00,97.31,97.34,97.31,97.34,625.0
2026-03-04 07:50:00,97.35,97.35,97.35,97.35,325.0
2026-03-04 07:55:00,97.2,97.27,97.2,97.26,2855.0
2026-03-04 08:00:00,97.68,97.9514,96.47,97.3476,41874.0
2026-03-04 08:05:00,97.4,97.6,97.4,97.6,1012.0
2026-03-04 08:10:00,97.669,97.85,97.669,97.85,1553.0
2026-03-04 08:15:00,97.7112,97.74,97.7112,97.74,2550.0
2026-03-04 08:20:00,97.6355,97.66,97.53,97.53,5863.0
2026-03-04 08:25:00,97.651,97.74,97.651,97.74,1500.0
2026-03-04 08:30:00,97.74,97.74,97.72,97.72,224.0
2026-03-04 08:35:00,97.61,97.6473,97.61,97.6473,2673.0
2026-03-04 08:40:00,97.6,97.66,97.5315,97.66,975.0
2026-03-04 08:45:00,97.67,97.69,97.67,97.69,200.0
2026-03-04 08:50:00,97.67,97.67,97.5,97.59,9887.0
2026-03-04 08:55:00,97.45,97.45,97.26,97.27,4852.0
2026-03-04 09:00:00,97.27,97.37,97.27,97.37,1537.0
2026-03-04 09:05:00,97.44,97.49,97.4203,97.43,3748.0
2026-03-04 09:10:00,97.32,97.32,97.22,97.22,5185.0
2026-03-04 09:15:00,97.19,97.35,97.19,97.3,11854.0
2026-03-04 09:20:00,97.35,97.35,97.209,97.24,1629.0
2026-03-04 09:25:00,97.24,97.2772,97.22,97.2772,1310.0
2026-03-04 09:30:00,97.22,97.59,97.18,97.4902,243808.0
2026-03-04 09:35:00,97.49,97.59,97.28,97.38,166729.0
2026-03-04 09:40:00,97.39,97.52,97.26,97.34,87963.0
2026-03-04 09:45:00,97.34,97.49,96.79,97.04,301158.0
2026-03-04 09:50:00,97.04,97.14,96.845,96.96,191114.0
2026-03-04 09:55:00,96.93,96.96,96.725,96.89,165244.0
2026-03-04 10:00:00,96.84,97.17,96.805,97.12,125095.0
2026-03-04 10:05:00,97.12,97.14,96.76,96.965,156507.0
2026-03-04 10:10:00,96.95,97.005,96.58,96.63,532195.0
2026-03-04 10:15:00,96.63,96.86,96.6165,96.78,218050.0
2026-03-04 10:20:00,96.775,96.96,96.77,96.92,117638.0
2026-03-04 10:25:00,96.94,97.11,96.91,97.06,111679.0
2026-03-04 10:30:00,97.07,97.165,97.05,97.13,99582.0
2026-03-04 10:35:00,97.135,97.25,96.98,97.0,81519.0
2026-03-04 10:40:00,96.99,97.02,96.71,96.8,65848.0
2026-03-04 10:45:00,96.81,96.81,96.61,96.755,89096.0
2026-03-04 10:50:00,96.75,96.97,96.71,96.905,42316.0
2026-03-04 10:55:00,96.9,97.0,96.885,96.965,55623.0
2026-03-04 11:00:00,96.97,97.175,96.97,97.075,43133.0
2026-03-04 11:05:00,97.08,97.09,96.9,96.9,64005.0
2026-03-04 11:10:00,96.91,96.98,96.81,96.91,46025.0
2026-03-04 11:15:00,96.91,96.92,96.8,96.89,45691.0
2026-03-04 11:20:00,96.89,97.04,96.725,96.77,70907.0
2026-03-04 11:25:00,96.76,96.99,96.76,96.87,36047.0
2026-03-04 11:30:00,96.87,97.04,96.825,96.995,108985.0
2026-03-04 11:35:00,97.01,97.05,96.915,96.95,67070.0
2026-03-04 11:40:00,96.94,97.1,96.875,96.875,70310.0
2026-03-04 11:45:00,96.865,96.96,96.8,96.89,97098.0
2026-03-04 11:50:00,96.8913,96.96,96.82,96.905,74304.0
2026-03-04 11:55:00,96.9099,96.94,96.845,96.93,33410.0
2026-03-04 12:00:00,96.92,96.97,96.85,96.93,38018.0
2026-03-04 12:05:00,96.94,96.99,96.875,96.9,32960.0
2026-03-04 12:10:00,96.87,96.92,96.8,96.885,23821.0
2026-03-04 12:15:00,96.87,96.935,96.855,96.87,18925.0
2026-03-04 12:20:00,96.86,96.86,96.38,96.525,223838.0
2026-03-04 12:25:00,96.52,96.75,96.52,96.63,97506.0
2026-03-04 12:30:00,96.635,96.72,96.53,96.68,52900.0
2026-03-04 12:35:00,96.68,96.7,96.6,96.63,21358.0
2026-03-04 12:40:00,96.645,96.72,96.6,96.6918,35277.0
2026-03-04 12:45:00,96.705,96.765,96.67,96.76,28014.0
2026-03-04 12:50:00,96.75,96.85,96.735,96.81,61664.0
2026-03-04 12:55:00,96.82,96.89,96.725,96.77,43485.0
2026-03-04 13:00:00,96.765,96.8087,96.59,96.6103,45683.0
2026-03-04 13:05:00,96.63,96.69,96.545,96.595,65058.0
2026-03-04 13:10:00,96.55,96.55,96.3,96.45,114608.0
2026-03-04 13:15:00,96.47,96.47,96.3112,96.335,54601.0
2026-03-04 13:20:00,96.36,96.51,96.18,96.4688,113593.0
2026-03-04 13:25:00,96.46,96.51,96.39,96.44,40063.0
2026-03-04 13:30:00,96.43,96.5489,96.38,96.48,40054.0
2026-03-04 13:35:00,96.48,96.55,96.31,96.33,47794.0
2026-03-04 13:40:00,96.33,96.49,96.17,96.4702,63701.0
2026-03-04 13:45:00,96.47,96.61,96.45,96.6,32134.0
2026-03-04 13:50:00,96.62,96.635,96.565,96.565,51031.0
2026-03-04 13:55:00,96.57,96.64,96.54,96.62,45879.0
2026-03-04 14:00:00,96.635,96.675,96.515,96.575,113617.0
2026-03-04 14:05:00,96.575,96.625,96.55,96.615,78054.0
2026-03-04 14:10:00,96.615,96.62,96.498,96.58,38420.0
2026-03-04 14:15:00,96.61,96.63,96.5,96.5,1402670.0
2026-03-04 14:20:00,96.4935,96.54,96.48,96.5,39957.0
2026-03-04 14:25:00,96.49,96.52,96.45,96.458,72946.0
2026-03-04 14:30:00,96.44,96.56,96.43,96.5,81757.0
2026-03-04 14:35:00,96.5,96.54,96.465,96.5,43674.0
2026-03-04 14:40:00,96.5,96.59,96.491,96.56,39787.0
2026-03-04 14:45:00,96.56,96.65,96.545,96.605,175763.0
2026-03-04 14:50:00,96.61,96.665,96.585,96.645,58879.0
2026-03-04 14:55:00,96.65,96.72,96.645,96.7,160300.0
2026-03-04 15:00:00,96.7,96.71,96.625,96.6301,68197.0
2026-03-04 15:05:00,96.635,96.64,96.545,96.55,48095.0
2026-03-04 15:10:00,96.555,96.58,96.49,96.54,96596.0
2026-03-04 15:15:00,96.55,96.55,96.44,96.51,92713.0
2026-03-04 15:20:00,96.505,96.59,96.505,96.575,128887.0
2026-03-04 15:25:00,96.575,96.71,96.575,96.68,130855.0
2026-03-04 15:30:00,96.685,96.74,96.685,96.6901,163879.0
2026-03-04 15:35:00,96.69,96.78,96.67,96.745,169394.0
2026-03-04 15:40:00,96.755,96.865,96.75,96.81,111959.0
2026-03-04 15:45:00,96.805,96.82,96.655,96.73,226529.0
2026-03-04 15:50:00,96.73,96.73,96.615,96.6315,259806.0
2026-03-04 15:55:00,96.64,96.705,96.595,96.6399,430486.0
2026-03-04 16:00:00,96.65,96.6893,96.65,96.68,157596.0
2026-03-04 16:05:00,96.71,96.79,96.71,96.79,9685.0
2026-03-04 16:10:00,96.7586,96.78,96.7586,96.78,1590.0
2026-03-04 16:15:00,96.7496,96.7496,96.7496,96.7496,300.0
2026-03-04 16:20:00,96.77,96.77,96.7,96.7,10272.0
2026-03-04 16:25:00,96.69,96.69,96.69,96.69,5930.0
2026-03-04 16:30:00,96.57,96.57,96.57,96.57,100.0
2026-03-04 16:35:00,96.65,96.65,96.65,96.65,100.0
2026-03-04 16:50:00,96.6694,96.7896,96.6694,96.7896,2711.0
2026-03-04 16:55:00,96.72,96.74,96.72,96.73,458.0
2026-03-04 17:00:00,96.8,96.8,96.8,96.8,132.0
2026-03-04 17:15:00,96.8792,96.8792,96.8792,96.8792,207.0
2026-03-04 17:25:00,96.539,96.539,96.539,96.539,310.0
2026-03-04 17:45:00,96.7844,96.7844,96.77,96.77,406.0
2026-03-04 17:50:00,96.77,96.77,96.77,96.77,100.0
2026-03-04 18:00:00,96.79,96.95,96.79,96.95,2265.0
2026-03-04 18:05:00,96.98,96.98,96.98,96.98,300.0
2026-03-04 18:10:00,96.96,96.98,96.96,96.98,300.0
2026-03-04 18:15:00,96.815,96.82,96.815,96.82,349.0
2026-03-04 18:20:00,96.9887,96.99,96.9887,96.99,353.0
2026-03-04 18:25:00,97.0,97.0,96.96,96.96,1077.0
2026-03-04 18:40:00,96.96,96.96,96.9304,96.9304,550.0
2026-03-04 18:45:00,97.01,97.1,97.01,97.1,567.0
2026-03-04 18:50:00,97.09,97.09,97.09,97.09,100.0
2026-03-04 18:55:00,97.15,97.15,97.15,97.15,250.0
2026-03-04 19:05:00,97.2,97.26,97.2,97.26,1308.0
2026-03-04 19:10:00,97.28,97.28,97.2641,97.2641,980.0
2026-03-04 19:15:00,97.29,97.4,97.29,97.4,1119.0
2026-03-04 19:20:00,97.4523,97.47,97.4116,97.4116,300.0
2026-03-04 19:25:00,97.4236,97.4236,97.4236,97.4236,150.0
2026-03-04 19:40:00,97.36,97.3601,97.36,97.3601,578.0
2026-03-04 19:45:00,97.35,97.4,97.25,97.4,2941.0
2026-03-04 19:50:00,97.38,97.38,97.38,97.38,643.0
2026-03-05 04:00:00,97.06,97.15,97.04,97.15,889.0
2026-03-05 04:05:00,97.17,97.48,97.17,97.41,4840.0
2026-03-05 04:10:00,97.4,97.48,97.36,97.46,3837.0
2026-03-05 04:15:00,97.48,97.48,97.33,97.34,11378.0
2026-03-05 04:25:00,97.33,97.34,97.24,97.25,56819.0
2026-03-05 04:30:00,97.26,97.26,97.17,97.18,400.0
2026-03-05 04:35:00,97.19,97.19,96.95,97.0,13356.0
2026-03-05 04:40:00,97.1,97.17,97.1,97.17,5700.0
2026-03-05 04:45:00,97.09,97.09,97.09,97.09,400.0
2026-03-05 04:50:00,97.15,97.16,97.09,97.14,57108.0
2026-03-05 04:55:00,97.13,97.13,97.13,97.13,200.0
2026-03-05 05:00:00,97.06,97.06,96.95,96.95,19813.0
2026-03-05 05:05:00,96.92,96.92,96.89,96.92,71067.0
2026-03-05 05:10:00,96.93,96.99,96.93,96.99,3811.0
2026-03-05 05:15:00,97.0,97.0,97.0,97.0,741.0
2026-03-05 05:20:00,96.97,96.97,96.94,96.94,651.0
2026-03-05 05:30:00,97.04,97.05,96.97,96.97,1963.0
2026-03-05 05:35:00,96.93,96.93,96.87,96.87,900.0
2026-03-05 05:40:00,97.02,97.02,97.02,97.02,250.0
2026-03-05 05:45:00,97.05,97.1,97.05,97.1,10700.0
2026-03-05 05:50:00,97.16,97.2,97.16,97.2,1090.0
2026-03-05 05:55:00,97.23,97.23,97.19,97.2,1350.0
2026-03-05 06:15:00,97.2,97.2,97.2,97.2,100.0
2026-03-05 06:25:00,97.12,97.12,97.11,97.11,1243.0
2026-03-05 06:55:00,97.12,97.17,97.12,97.17,1166.0
2026-03-05 07:00:00,97.16,97.16,97.15,97.16,40730.0
2026-03-05 07:05:00,97.25,97.28,97.25,97.28,6032.0
2026-03-05 07:10:00,97.28,97.29,97.28,97.29,10900.0
2026-03-05 07:15:00,97.23,97.23,97.23,97.23,272.0
2026-03-05 07:20:00,97.24,97.24,97.18,97.22,433.0
2026-03-05 07:25:00,97.14,97.14,97.14,97.14,100.0
2026-03-05 07:30:00,97.15,97.15,97.15,97.15,100.0
2026-03-05 07:40:00,97.21,97.21,97.19,97.19,10000.0
2026-03-05 08:00:00,97.28,97.37,96.51,96.99,31715.0
2026-03-05 08:05:00,96.99,96.99,96.99,96.99,100.0
2026-03-05 08:10:00,96.95,96.96,96.9342,96.96,510.0
2026-03-05 08:15:00,97.04,97.04,96.46,96.62,73334.0
2026-03-05 08:20:00,96.53,96.54,95.6,96.02,90389.0
2026-03-05 08:25:00,96.04,96.4,96.04,96.4,2202.0
2026-03-05 08:30:00,96.35,96.5,96.28,96.48,9425.0
2026-03-05 08:35:00,96.46,96.55,96.46,96.55,16810.0
2026-03-05 08:40:00,96.52,96.6,96.5,96.5,2350.0
2026-03-05 08:45:00,96.33,96.35,96.29,96.3,110488.0
2026-03-05 08:50:00,96.3438,96.48,96.3438,96.4,26080.0
2026-03-05 08:55:00,96.29,96.3,96.18,96.3,18803.0
2026-03-05 09:00:00,96.35,96.35,96.18,96.3355,16226.0
2026-03-05 09:05:00,96.34,96.3494,96.34,96.3494,641.0
2026-03-05 09:10:00,96.3509,96.4,96.24,96.24,2746.0
2026-03-05 09:15:00,96.22,96.2285,96.031,96.031,1122.0
2026-03-05 09:20:00,96.1106,96.19,96.05,96.19,3497.0
2026-03-05 09:25:00,96.25,96.25,96.2,96.24,12500.0
2026-03-05 09:30:00,96.33,96.39,96.05,96.38,189622.0
2026-03-05 09:35:00,96.39,96.4,95.78,95.91,174643.0
2026-03-05 09:40:00,95.91,96.125,95.791,95.9151,157820.0
2026-03-05 09:45:00,95.91,96.1,95.79,95.91,178323.0
2026-03-05 09:50:00,95.91,96.07,95.86,96.0,64147.0
2026-03-05 09:55:00,96.0,96.165,95.92,95.97,166525.0
2026-03-05 10:00:00,95.99,96.31,95.89,95.9,198165.0
2026-03-05 10:05:00,95.9,96.06,95.2,95.4099,545328.0
2026-03-05 10:10:00,95.415,95.78,95.295,95.655,230068.0
2026-03-05 10:15:00,95.67,95.85,95.62,95.725,101873.0
2026-03-05 10:20:00,95.7,95.745,95.56,95.57,75249.0
2026-03-05 10:25:00,95.55,95.69,95.43,95.69,275370.0
2026-03-05 10:30:00,95.68,95.815,95.62,95.815,65698.0
2026-03-05 10:35:00,95.83,95.84,95.58,95.63,69549.0
2026-03-05 10:40:00,95.67,95.74,95.54,95.585,67019.0
2026-03-05 10:45:00,95.58,95.8,95.575,95.72,68011.0
2026-03-05 10:50:00,95.73,95.915,95.7,95.9,147251.0
2026-03-05 10:55:00,95.9,96.01,95.81,96.01,42731.0
2026-03-05 11:00:00,96.01,96.03,95.831,95.835,57308.0
2026-03-05 11:05:00,95.83,95.85,95.51,95.52,75330.0
2026-03-05 11:10:00,95.52,95.63,95.48,95.63,55098.0
2026-03-05 11:15:00,95.62,95.68,95.44,95.532,77910.0
2026-03-05 11:20:00,95.535,95.56,95.271,95.29,116089.0
2026-03-05 11:25:00,95.275,95.46,95.19,95.275,349347.0
2026-03-05 11:30:00,95.27,95.36,95.08,95.26,569998.0
2026-03-05 11:35:00,95.24,95.38,95.15,95.305,845285.0
2026-03-05 11:40:00,95.305,95.42,95.22,95.39,937906.0
2026-03-05 11:45:00,95.42,95.55,95.4,95.55,81597.0
2026-03-05 11:50:00,95.56,95.58,95.38,95.525,106306.0
2026-03-05 11:55:00,95.53,95.57,95.435,95.51,77540.0
2026-03-05 12:00:00,95.53,95.68,95.45,95.67,105334.0
2026-03-05 12:05:00,95.67,95.72,95.595,95.69,106883.0
2026-03-05 12:10:00,95.66,95.73,95.62,95.685,156768.0
2026-03-05 12:15:00,95.695,95.73,95.605,95.66,144367.0
2026-03-05 12:20:00,95.67,95.69,95.565,95.66,129258.0
2026-03-05 12:25:00,95.68,95.7,95.49,95.49,83366.0
2026-03-05 12:30:00,95.49,95.52,95.34,95.37,94737.0
2026-03-05 12:35:00,95.37,95.37,95.11,95.3499,151566.0
2026-03-05 12:40:00,95.35,95.4,95.17,95.265,105524.0
2026-03-05 12:45:00,95.265,95.37,95.191,95.325,117375.0
2026-03-05 12:50:00,95.325,95.355,95.17,95.18,75963.0
2026-03-05 12:55:00,95.18,95.3,95.125,95.25,98844.0
2026-03-05 13:00:00,95.24,95.295,95.03,95.295,116707.0
2026-03-05 13:05:00,95.295,95.42,95.265,95.38,64474.0
2026-03-05 13:10:00,95.36,95.45,95.355,95.425,104986.0
2026-03-05 13:15:00,95.43,95.49,95.395,95.3992,106645.0
2026-03-05 13:20:00,95.385,95.49,95.285,95.31,119393.0
2026-03-05 13:25:00,95.31,95.42,95.225,95.41,122826.0
2026-03-05 13:30:00,95.41,95.56,95.395,95.47,118323.0
2026-03-05 13:35:00,95.47,95.59,95.405,95.58,103165.0
2026-03-05 13:40:00,95.59,95.67,95.571,95.63,56917.0
2026-03-05 13:45:00,95.635,95.635,95.52,95.56,53826.0
2026-03-05 13:50:00,95.56,95.56,95.34,95.435,74119.0
2026-03-05 13:55:00,95.44,95.47,95.355,95.38,63995.0
2026-03-05 14:00:00,95.37,95.55,95.345,95.55,93235.0
2026-03-05 14:05:00,95.55,95.595,95.4745,95.5,91946.0
2026-03-05 14:10:00,95.51,95.518,95.445,95.45,92362.0
2026-03-05 14:15:00,95.45,95.45,95.24,95.39,110124.0
2026-03-05 14:20:00,95.4,95.43,95.27,95.39,117435.0
2026-03-05 14:25:00,95.39,95.4,95.27,95.34,66101.0
2026-03-05 14:30:00,95.33,95.33,95.16,95.218,88874.0
2026-03-05 14:35:00,95.21,95.27,95.13,95.205,85822.0
2026-03-05 14:40:00,95.21,95.33,95.2,95.305,64203.0
2026-03-05 14:45:00,95.29,95.385,95.265,95.35,113705.0
2026-03-05 14:50:00,95.34,95.4,95.275,95.3,58350.0
2026-03-05 14:55:00,95.31,95.34,95.245,95.31,73003.0
2026-03-05 15:00:00,95.305,95.38,95.275,95.35,157810.0
2026-03-05 15:05:00,95.34,95.4,95.24,95.33,1354831.0
2026-03-05 15:10:00,95.33,95.565,95.33,95.545,460571.0
2026-03-05 15:15:00,95.545,95.85,95.545,95.78,367221.0
2026-03-05 15:20:00,95.77,95.8,95.545,95.585,252099.0
2026-03-05 15:25:00,95.59,95.7,95.5,95.59,156484.0
2026-03-05 15:30:00,95.585,95.625,95.5,95.505,145687.0
2026-03-05 15:35:00,95.51,95.6,95.465,95.545,87452.0
2026-03-05 15:40:00,95.55,95.62,95.485,95.59,131908.0
2026-03-05 15:45:00,95.59,95.6,95.44,95.555,164716.0
2026-03-05 15:50:00,95.575,95.6,95.45,95.5,166676.0
2026-03-05 15:55:00,95.515,95.6,95.43,95.52,805361.0
2026-03-05 16:00:00,95.52,95.52,95.5102,95.5102,366031.0
2026-03-05 16:10:00,95.46,95.5,95.45,95.5,10500.0
2026-03-05 16:15:00,95.52,95.5589,95.52,95.5589,400.0
2026-03-05 16:25:00,95.6017,95.6017,95.5694,95.5694,350.0
2026-03-05 16:30:00,95.55,95.59,95.55,95.58,8532.0
2026-03-05 16:35:00,95.55,95.55,95.55,95.55,152.0
2026-03-05 16:40:00,95.49,95.49,95.46,95.46,800.0
2026-03-05 16:45:00,95.5,95.566,95.5,95.566,552.0
2026-03-05 16:50:00,95.65,95.65,95.65,95.65,125.0
2026-03-05 16:55:00,95.5523,95.5523,95.5523,95.5523,100.0
2026-03-05 17:05:00,95.64,95.64,95.5483,95.5483,300.0
2026-03-05 17:20:00,95.66,95.7349,95.66,95.7349,700.0
2026-03-05 17:35:00,95.69,95.7174,95.69,95.7174,350.0
2026-03-05 17:40:00,95.56,95.56,95.56,95.56,300.0
2026-03-05 17:45:00,95.71,95.71,95.6951,95.6951,270.0
2026-03-05 18:00:00,95.6,96.0,95.6,95.65,4051.0
2026-03-05 18:10:00,95.6658,95.75,95.6658,95.75,200.0
2026-03-05 18:15:00,95.7,95.7177,95.7,95.7177,1605.0
2026-03-05 18:30:00,95.75,95.755,95.75,95.755,700.0
2026-03-05 18:40:00,95.9078,95.9078,95.9078,95.9078,200.0
2026-03-05 18:45:00,95.97,95.97,95.97,95.97,100.0
2026-03-05 18:55:00,95.76,95.76,95.7,95.7,3088.0
2026-03-05 19:00:00,95.53,95.59,95.5,95.59,2517.0
2026-03-05 19:05:00,95.76,95.76,95.76,95.76,200.0
2026-03-05 19:10:00,95.68,95.7,95.68,95.7,401.0
2026-03-05 19:15:00,95.7,95.7,95.7,95.7,100.0
2026-03-05 19:20:00,95.8,95.8,95.72,95.72,981.0
2026-03-05 19:25:00,95.81,95.81,95.79,95.8,2092.0
2026-03-05 19:35:00,95.75,95.75,95.74,95.74,1629.0
2026-03-05 19:40:00,95.67,95.67,95.54,95.63,3049.0
2026-03-05 19:45:00,95.73,95.77,95.6,95.6,906.0
2026-03-05 19:55:00,95.6206,95.6206,95.6206,95.6206,1000.0
2026-03-06 04:10:00,96.0,96.0,95.9,95.92,514.0
2026-03-06 04:15:00,95.88,95.99,95.88,95.96,1322.0
2026-03-06 04:25:00,95.95,95.95,95.95,95.95,650.0
2026-03-06 04:30:00,96.05,96.05,96.05,96.05,238.0
2026-03-06 04:35:00,95.99,95.99,95.73,95.8,36558.0
2026-03-06 04:40:00,95.87,95.87,95.87,95.87,124.0
2026-03-06 04:45:00,95.85,95.85,95.82,95.82,710.0
2026-03-06 04:50:00,95.78,95.79,95.7,95.78,11254.0
2026-03-06 04:55:00,95.81,95.81,95.71,95.71,1822.0
2026-03-06 05:00:00,95.63,95.64,95.63,95.64,1101.0
2026-03-06 05:05:00,95.58,95.58,95.58,95.58,731.0
2026-03-06 05:20:00,95.72,95.72,95.72,95.72,118.0
2026-03-06 05:25:00,95.74,95.74,95.74,95.74,101.0
2026-03-06 05:30:00,95.74,95.81,95.74,95.77,5958.0
2026-03-06 05:45:00,95.7,95.75,95.7,95.75,4412.0
2026-03-06 05:50:00,95.75,95.75,95.75,95.75,520.0
2026-03-06 05:55:00,95.82,95.82,95.81,95.81,695.0
2026-03-06 06:00:00,95.76,95.76,95.76,95.76,392.0
2026-03-06 06:05:00,95.71,95.71,95.68,95.68,937.0
2026-03-06 06:10:00,95.65,95.75,95.65,95.69,1679.0
2026-03-06 06:40:00,95.79,95.79,95.775,95.78,626.0
2026-03-06 06:45:00,95.65,95.65,95.65,95.65,149.0
2026-03-06 06:55:00,95.61,95.61,95.31,95.58,10316.0
2026-03-06 07:00:00,95.55,95.6,95.55,95.6,2468.0
2026-03-06 07:05:00,95.62,95.7,95.62,95.7,4398.0
2026-03-06 07:10:00,95.76,95.81,95.76,95.79,2207.0
2026-03-06 07:15:00,95.8,95.89,95.8,95.89,866.0
2026-03-06 07:20:00,95.86,95.86,95.8,95.8,1606.0
2026-03-06 07:25:00,95.769,95.769,95.76,95.76,200.0
2026-03-06 07:30:00,95.79,95.79,95.75,95.77,11598.0
2026-03-06 07:35:00,95.8,95.83,95.8,95.83,6800.0
2026-03-06 07:40:00,95.86,95.86,95.86,95.86,420.0
2026-03-06 07:45:00,95.89,95.89,95.88,95.88,3418.0
2026-03-06 07:50:00,95.76,95.77,95.7,95.7,15842.0
2026-03-06 07:55:00,95.75,95.78,95.75,95.78,12300.0
2026-03-06 08:00:00,95.99,96.51,95.47,96.13,36538.0
2026-03-06 08:05:00,95.37,95.37,95.37,95.37,1100.0
2026-03-06 08:10:00,95.39,95.49,95.39,95.49,5261.0
2026-03-06 08:15:00,95.51,95.55,95.5,95.55,400.0
2026-03-06 08:20:00,95.6,95.6316,95.6,95.6316,388.0
2026-03-06 08:25:00,95.7,95.7,95.66,95.66,5738.0
2026-03-06 08:30:00,95.75,96.47,95.75,96.3487,65208.0
2026-03-06 08:35:00,96.5,96.55,96.37,96.43,41250.0
2026-03-06 08:40:00,96.34,96.39,96.24,96.39,12445.0
2026-03-06 08:45:00,96.37,96.37,96.21,96.3,21426.0
2026-03-06 08:50:00,96.3,96.3008,96.02,96.02,44028.0
2026-03-06 08:55:00,96.0,96.0,95.53,95.72,29324.0
2026-03-06 09:00:00,95.7,95.93,95.7,95.8496,9949.0
2026-03-06 09:05:00,95.79,95.82,95.73,95.76,2844.0
2026-03-06 09:10:00,95.74,95.969,95.74,95.9479,1090.0
2026-03-06 09:15:00,95.91,95.91,95.7739,95.85,3040.0
2026-03-06 09:20:00,95.91,96.06,95.88,96.06,2478.0
2026-03-06 09:25:00,96.1,96.12,96.05,96.09,6536.0
2026-03-06 09:30:00,96.075,96.28,95.985,96.14,308116.0
2026-03-06 09:35:00,96.105,96.14,95.731,95.765,300310.0
2026-03-06 09:40:00,95.755,95.9161,95.64,95.77,220274.0
2026-03-06 09:45:00,95.78,95.98,95.74,95.8,148071.0
2026-03-06 09:50:00,95.805,96.0903,95.805,96.06,77358.0
2026-03-06 09:55:00,96.06,96.6,96.05,96.55,149557.0
2026-03-06 10:00:00,96.57,97.09,96.52,96.89,335507.0
2026-03-06 10:05:00,96.88,97.1,96.83,96.95,216556.0
2026-03-06 10:10:00,96.95,97.06,96.705,96.92,213585.0
2026-03-06 10:15:00,96.91,96.98,96.82,96.93,80290.0
2026-03-06 10:20:00,96.94,97.27,96.94,97.25,145219.0
2026-03-06 10:25:00,97.24,97.32,97.065,97.16,112604.0
2026-03-06 10:30:00,97.1657,97.24,97.01,97.03,70458.0
2026-03-06 10:35:00,97.03,97.16,97.0,97.03,53073.0
2026-03-06 10:40:00,97.05,97.125,96.93,96.99,80834.0
2026-03-06 10:45:00,97.0,97.07,96.83,96.85,54633.0
2026-03-06 10:50:00,96.87,96.87,96.6451,96.78,74831.0
2026-03-06 10:55:00,96.76,96.905,96.71,96.79,248562.0
2026-03-06 11:00:00,96.795,96.95,96.76,96.93,40958.0
2026-03-06 11:05:00,96.92,96.92,96.81,96.86,36738.0
2026-03-06 11:10:00,96.85,96.85,96.67,96.81,39906.0
2026-03-06 11:15:00,96.82,96.99,96.81,96.93,59331.0
2026-03-06 11:20:00,96.94,96.96,96.725,96.76,64241.0
2026-03-06 11:25:00,96.76,96.795,96.68,96.785,39788.0
2026-03-06 11:30:00,96.82,96.85,96.61,96.7,51327.0
2026-03-06 11:35:00,96.71,96.75,96.56,96.56,55991.0
2026-03-06 11:40:00,96.57,96.785,96.48,96.7799,54359.0
2026-03-06 11:45:00,96.7745,96.89,96.7745,96.78,29248.0
2026-03-06 11:50:00,96.77,96.885,96.75,96.75,30466.0
2026-03-06 11:55:00,96.758,96.815,96.55,96.735,158556.0
2026-03-06 12:00:00,96.74,96.78,96.625,96.64,56494.0
2026-03-06 12:05:00,96.6,96.69,96.53,96.66,74921.0
2026-03-06 12:10:00,96.67,96.73,96.63,96.66,44331.0
2026-03-06 12:15:00,96.68,96.8,96.61,96.8,20013.0
2026-03-06 12:20:00,96.82,96.85,96.72,96.825,38232.0
2026-03-06 12:25:00,96.815,96.83,96.69,96.79,35228.0
2026-03-06 12:30:00,96.77,96.955,96.76,96.95,93759.0
2026-03-06 12:35:00,96.95,96.98,96.82,96.8371,43435.0
2026-03-06 12:40:00,96.84,96.84,96.7,96.7,21643.0
2026-03-06 12:45:00,96.71,96.75,96.66,96.7155,39707.0
2026-03-06 12:50:00,96.76,96.76,96.62,96.64,91126.0
2026-03-06 12:55:00,96.65,96.76,96.62,96.76,1559544.0
2026-03-06 13:00:00,96.75,96.85,96.735,96.78,29317.0
2026-03-06 13:05:00,96.775,96.89,96.76,96.84,30048.0
2026-03-06 13:10:00,96.85,96.8899,96.785,96.84,52728.0
2026-03-06 13:15:00,96.85,96.855,96.81,96.815,30441.0
2026-03-06 13:20:00,96.82,96.92,96.82,96.89,38133.0
2026-03-06 13:25:00,96.91,96.96,96.89,96.955,245571.0
2026-03-06 13:30:00,96.955,96.98,96.915,96.98,58978.0
2026-03-06 13:35:00,96.98,97.08,96.94,97.07,46102.0
2026-03-06 13:40:00,97.06,97.23,97.01,97.22,93710.0
2026-03-06 13:45:00,97.23,97.26,97.14,97.145,79560.0
2026-03-06 13:50:00,97.16,97.17,97.07,97.0851,66523.0
2026-03-06 13:55:00,97.085,97.205,97.085,97.15,51850.0
2026-03-06 14:00:00,97.16,97.24,97.14,97.21,51664.0
2026-03-06 14:05:00,97.21,97.29,97.15,97.28,46955.0
2026-03-06 14:10:00,97.27,97.335,97.25,97.335,43844.0
2026-03-06 14:15:00,97.34,97.4,97.32,97.395,35456.0
2026-03-06 14:20:00,97.39,97.395,97.23,97.27,80524.0
2026-03-06 14:25:00,97.27,97.309,97.21,97.235,36981.0
2026-03-06 14:30:00,97.23,97.2799,97.19,97.215,67838.0
2026-03-06 14:35:00,97.235,97.245,97.08,97.12,67526.0
2026-03-06 14:40:00,97.14,97.17,97.09,97.0912,26076.0
2026-03-06 14:45:00,97.0919,97.15,97.065,97.1392,60527.0
2026-03-06 14:50:00,97.13,97.21,97.13,97.17,57233.0
2026-03-06 14:55:00,97.17,97.185,97.115,97.13,64148.0
2026-03-06 15:00:00,97.125,97.17,97.06,97.06,69045.0
2026-03-06 15:05:00,97.06,97.16,97.06,97.0951,170718.0
2026-03-06 15:10:00,97.105,97.13,97.01,97.04,96999.0
2026-03-06 15:15:00,97.03,97.09,97.02,97.03,44881.0
2026-03-06 15:20:00,97.03,97.1,96.994,97.09,54927.0
2026-03-06 15:25:00,97.09,97.135,97.0,97.01,34500.0
2026-03-06 15:30:00,97.015,97.06,96.95,96.955,90989.0
2026-03-06 15:35:00,96.95,97.05,96.92,97.0401,71485.0
2026-03-06 15:40:00,97.04,97.15,97.01,97.08,94224.0
2026-03-06 15:45:00,97.085,97.1151,97.06,97.11,40378.0
2026-03-06 15:50:00,97.115,97.13,97.0,97.055,127134.0
2026-03-06 15:55:00,97.055,97.055,96.935,96.98,724641.0
2026-03-06 16:00:00,96.98,97.05,96.98,97.05,284017.0
2026-03-06 16:05:00,97.2,97.25,97.1746,97.1746,2002.0
2026-03-06 16:10:00,97.2,97.24,97.2,97.22,5976.0
2026-03-06 16:15:00,97.2,97.31,97.2,97.3,7694.0
2026-03-06 16:20:00,97.3,97.3,97.3,97.3,450.0
2026-03-06 16:25:00,96.98,97.3,96.98,97.2744,31997.0
2026-03-06 16:30:00,97.28,97.33,97.26,97.33,2315.0
2026-03-06 16:35:00,97.33,97.33,97.3,97.3,486.0
2026-03-06 16:40:00,97.3208,97.33,97.31,97.31,2213.0
2026-03-06 16:45:00,97.32,97.35,97.29,97.33,5224.0
2026-03-06 16:50:00,97.3677,97.37,97.34,97.37,6856.0
2026-03-06 16:55:00,97.36,97.41,97.3408,97.3408,2253.0
2026-03-06 17:05:00,97.31,97.34,97.31,97.34,447.0
2026-03-06 17:10:00,97.32,97.32,97.3,97.3,1244.0
2026-03-06 17:15:00,97.31,97.32,97.3,97.31,1120.0
2026-03-06 17:20:00,97.31,97.31,97.31,97.31,170.0
2026-03-06 17:25:00,97.41,97.41,97.36,97.36,441.0
2026-03-06 17:30:00,97.3203,97.3203,97.3203,97.3203,360.0
2026-03-06 17:35:00,97.3982,97.3982,97.3982,97.3982,800.0
2026-03-06 17:45:00,97.35,97.39,97.35,97.39,1515.0
2026-03-06 17:55:00,97.38,97.38,97.38,97.38,4776.0
2026-03-06 18:00:00,97.3,97.3,97.11,97.11,8027.0
2026-03-06 18:05:00,97.19,97.19,97.14,97.14,1000.0
2026-03-06 18:10:00,97.19,97.19,97.19,97.19,350.0
2026-03-06 18:15:00,97.28,97.2822,97.28,97.2822,200.0
2026-03-06 18:20:00,97.24,97.24,97.19,97.19,874.0
2026-03-06 18:25:00,97.09,97.19,97.09,97.19,1087.0
2026-03-06 18:30:00,97.14,97.14,97.13,97.13,600.0
2026-03-06 18:35:00,97.11,97.11,97.11,97.11,264.0
2026-03-06 18:40:00,97.15,97.15,97.0791,97.0791,300.0
2026-03-06 18:45:00,97.15,97.28,97.0791,97.0791,1681.0
2026-03-06 18:50:00,97.25,97.25,97.25,97.25,750.0
2026-03-06 18:55:00,97.17,97.17,97.17,97.17,400.0
2026-03-06 19:00:00,97.21,97.38,97.21,97.38,1200.0
2026-03-06 19:10:00,97.22,97.22,97.22,97.22,1500.0
2026-03-06 19:15:00,97.22,97.4058,97.22,97.4058,662.0
2026-03-06 19:20:00,97.43,97.43,97.43,97.43,200.0
2026-03-06 19:25:00,97.22,97.3432,97.22,97.3432,209.0
2026-03-06 19:30:00,97.35,97.35,97.35,97.35,1895.0
2026-03-06 19:50:00,97.23,97.23,97.23,97.23,100.0
2026-03-06 19:55:00,97.26,97.26,97.26,97.26,179.0
2026-03-09 04:00:00,96.0,96.0,96.0,96.0,100.0
2026-03-09 04:05:00,96.01,96.01,96.01,96.01,125.0
2026-03-09 04:15:00,95.9,96.0,95.9,96.0,513.0
2026-03-09 04:20:00,95.99,95.99,95.91,95.91,1500.0
2026-03-09 04:25:00,95.95,95.95,95.85,95.85,619.0
2026-03-09 04:30:00,95.84,95.84,95.8,95.8,926.0
2026-03-09 04:35:00,95.91,95.91,95.89,95.89,773.0
2026-03-09 04:40:00,95.88,95.91,95.8,95.8,915.0
2026-03-09 05:00:00,96.02,96.02,96.02,96.02,557.0
2026-03-09 05:05:00,96.18,96.18,96.15,96.15,202.0
2026-03-09 05:15:00,96.3,96.33,96.3,96.33,326.0
2026-03-09 05:20:00,96.4,96.4,96.4,96.4,200.0
2026-03-09 05:25:00,96.45,96.45,96.45,96.45,197.0
2026-03-09 05:30:00,96.47,96.55,96.46,96.55,1647.0
2026-03-09 05:35:00,96.46,96.46,96.46,96.46,100.0
2026-03-09 05:45:00,96.0,96.0,96.0,96.0,100.0
2026-03-09 05:55:00,96.07,96.08,96.07,96.08,369.0
2026-03-09 06:15:00,96.14,96.14,96.09,96.09,1581.0
2026-03-09 06:25:00,96.0,96.0,95.98,95.98,243.0
2026-03-09 06:30:00,95.97,95.97,95.83,95.9,2361.0
2026-03-09 06:35:00,95.84,95.85,95.84,95.85,1250.0
2026-03-09 06:40:00,95.9,95.9,95.9,95.9,100.0
2026-03-09 06:45:00,95.85,95.85,95.85,95.85,387.0
2026-03-09 06:50:00,95.75,95.9,95.7,95.9,4935.0
2026-03-09 06:55:00,95.85,95.85,95.85,95.85,100.0
2026-03-09 07:00:00,95.76,95.9,95.76,95.9,200.0
2026-03-09 07:05:00,95.9,95.9,95.9,95.9,1610.0
2026-03-09 07:10:00,95.85,95.86,95.84,95.85,1805.0
2026-03-09 07:15:00,95.74,95.74,95.74,95.74,100.0
2026-03-09 07:20:00,95.7,95.7,95.65,95.7,987.0
2026-03-09 07:25:00,95.69,95.69,95.63,95.63,307.0
2026-03-09 07:35:00,95.8,95.8,95.8,95.8,250.0
2026-03-09 07:40:00,95.8,95.8,95.72,95.72,641.0
2026-03-09 07:45:00,95.7,95.7,95.7,95.7,550.0
2026-03-09 07:55:00,95.87,95.89,95.87,95.89,215.0
2026-03-09 08:00:00,95.86,96.7,95.65,96.0,58679.0
2026-03-09 08:05:00,95.95,95.95,95.9,95.9,1204.0
2026-03-09 08:10:00,95.911,95.93,95.89,95.93,616.0
2026-03-09 08:15:00,95.92,95.97,95.92,95.97,1310.0
2026-03-09 08:20:00,96.0,96.05,96.0,96.0255,1274.0
2026-03-09 08:25:00,96.15,96.15,96.15,96.15,200.0
2026-03-09 08:30:00,96.2,96.2,96.15,96.15,579.0
2026-03-09 08:35:00,96.17,96.17,96.17,96.17,100.0
2026-03-09 08:40:00,96.12,96.12,96.0806,96.09,1500.0
2026-03-09 08:45:00,96.06,96.06,96.01,96.01,1380.0
2026-03-09 08:50:00,95.9661,95.9661,95.9,95.9,742.0
2026-03-09 08:55:00,95.89,95.89,95.89,95.89,100.0
2026-03-09 09:00:00,95.84,95.93,95.8,95.93,1759.0
2026-03-09 09:05:00,95.9,95.9,95.8,95.8,1154.0
2026-03-09 09:10:00,95.8739,95.8739,95.83,95.87,3920.0
2026-03-09 09:15:00,95.8499,95.95,95.8499,95.95,2846.0
2026-03-09 09:20:00,95.83,95.83,95.7141,95.7141,645.0
2026-03-09 09:25:00,95.8,95.86,95.8,95.86,4953.0
2026-03-09 09:30:00,95.91,96.15,95.84,96.15,194429.0
2026-03-09 09:35:00,96.16,96.19,95.91,95.92,107879.0
2026-03-09 09:40:00,95.94,95.945,95.5,95.54,151393.0
2026-03-09 09:45:00,95.51,95.69,95.4,95.63,124576.0
2026-03-09 09:50:00,95.64,95.655,95.435,95.48,77963.0
2026-03-09 09:55:00,95.505,95.62,95.37,95.495,73533.0
2026-03-09 10:00:00,95.49,95.77,95.48,95.72,59649.0
2026-03-09 10:05:00,95.74,95.75,95.39,95.51,189690.0
2026-03-09 10:10:00,95.52,95.54,95.22,95.455,113151.0
2026-03-09 10:15:00,95.455,95.59,95.33,95.54,117326.0
2026-03-09 10:20:00,95.54,95.62,95.475,95.62,76797.0
2026-03-09 10:25:00,95.61,95.69,95.56,95.64,56579.0
2026-03-09 10:30:00,95.63,95.82,95.61,95.7708,53391.0
2026-03-09 10:35:00,95.77,95.91,95.75,95.87,36754.0
2026-03-09 10:40:00,95.875,96.2501,95.875,96.22,66039.0
2026-03-09 10:45:00,96.23,96.29,95.975,95.99,60231.0
2026-03-09 10:50:00,95.97,96.06,95.8,95.845,69139.0
2026-03-09 10:55:00,95.82,95.92,95.73,95.88,50326.0
2026-03-09 11:00:00,95.88,95.885,95.7,95.75,96335.0
2026-03-09 11:05:00,95.75,95.76,95.62,95.65,59421.0
2026-03-09 11:10:00,95.64,95.84,95.61,95.83,96723.0
2026-03-09 11:15:00,95.84,95.87,95.66,95.67,64249.0
2026-03-09 11:20:00,95.67,95.935,95.67,95.9301,42367.0
2026-03-09 11:25:00,95.94,95.9861,95.91,95.975,39591.0
2026-03-09 11:30:00,95.97,96.03,95.93,95.985,35640.0
2026-03-09 11:35:00,95.96,95.99,95.88,95.88,36124.0
2026-03-09 11:40:00,95.87,95.9698,95.865,95.88,19177.0
2026-03-09 11:45:00,95.9,95.95,95.8899,95.92,238191.0
2026-03-09 11:50:00,95.915,96.035,95.915,95.99,53479.0
2026-03-09 11:55:00,95.99,96.0545,95.99,95.99,27898.0
2026-03-09 12:00:00,95.99,96.12,95.935,96.12,36095.0
2026-03-09 12:05:00,96.105,96.13,96.04,96.11,32723.0
2026-03-09 12:10:00,96.11,96.17,96.05,96.05,27812.0
2026-03-09 12:15:00,96.06,96.06,95.91,95.935,22454.0
2026-03-09 12:20:00,95.905,95.97,95.89,95.97,44031.0
2026-03-09 12:25:00,95.97,96.08,95.97,96.08,32429.0
2026-03-09 12:30:00,96.075,96.15,96.07,96.07,20920.0
2026-03-09 12:35:00,96.065,96.115,96.04,96.11,56373.0
2026-03-09 12:40:00,96.12,96.19,96.105,96.12,21330.0
2026-03-09 12:45:00,96.13,96.155,96.0799,96.08,53724.0
2026-03-09 12:50:00,96.08,96.1301,96.06,96.08,69053.0
2026-03-09 12:55:00,96.065,96.11,96.04,96.075,34845.0
2026-03-09 13:00:00,96.075,96.115,96.04,96.08,19544.0
2026-03-09 13:05:00,96.07,96.07,95.99,96.0461,21509.0
2026-03-09 13:10:00,96.04,96.06,95.96,96.0,26072.0
2026-03-09 13:15:00,95.99,96.02,95.945,95.955,25639.0
2026-03-09 13:20:00,95.94,95.95,95.82,95.865,26555.0
2026-03-09 13:25:00,95.86,95.94,95.85,95.89,23899.0
2026-03-09 13:30:00,95.9,95.95,95.795,95.885,32922.0
2026-03-09 13:35:00,95.88,95.93,95.8601,95.87,19059.0
2026-03-09 13:40:00,95.87,95.87,95.795,95.83,39134.0
2026-03-09 13:45:00,95.83,95.92,95.83,95.8732,33785.0
2026-03-09 13:50:00,95.87,95.9879,95.85,95.98,24683.0
2026-03-09 13:55:00,95.98,95.985,95.91,95.92,38069.0
2026-03-09 14:00:00,95.93,95.9598,95.855,95.855,57991.0
2026-03-09 14:05:00,95.86,95.9,95.85,95.865,42980.0
2026-03-09 14:10:00,95.86,95.95,95.85,95.945,47225.0
2026-03-09 14:15:00,95.9499,96.06,95.93,96.055,84750.0
2026-03-09 14:20:00,96.06,96.12,96.025,96.11,46788.0
2026-03-09 14:25:00,96.11,96.12,96.0702,96.09,26359.0
2026-03-09 14:30:00,96.09,96.185,96.08,96.18,38858.0
2026-03-09 14:35:00,96.18,96.3069,96.175,96.26,28058.0
2026-03-09 14:40:00,96.27,96.37,96.27,96.33,35229.0
2026-03-09 14:45:00,96.34,96.34,96.285,96.3,23365.0
2026-03-09 14:50:00,96.29,96.47,96.29,96.46,63648.0
2026-03-09 14:55:00,96.475,96.49,96.415,96.425,52662.0
2026-03-09 15:00:00,96.43,96.57,96.43,96.495,32736.0
2026-03-09 15:05:00,96.4923,96.4923,96.34,96.41,43550.0
2026-03-09 15:10:00,96.405,96.465,96.3951,96.4151,32029.0
2026-03-09 15:15:00,96.425,96.65,96.34,96.64,69156.0
2026-03-09 15:20:00,96.65,96.82,96.63,96.73,129636.0
2026-03-09 15:25:00,96.74,96.78,96.67,96.71,74465.0
2026-03-09 15:30:00,96.745,96.745,96.54,96.58,94002.0
2026-03-09 15:35:00,96.58,96.62,96.47,96.555,79237.0
2026-03-09 15:40:00,96.55,96.695,96.525,96.66,63661.0
2026-03-09 15:45:00,96.64,96.675,96.54,96.63,62943.0
2026-03-09 15:50:00,96.63,96.69,96.6,96.67,51757.0
2026-03-09 15:55:00,96.675,96.825,96.63,96.77,136022.0
2026-03-09 16:00:00,96.78,96.85,96.75,96.75,172031.0
2026-03-09 16:05:00,96.8,96.8802,96.8,96.82,4705.0
2026-03-09 16:10:00,96.7703,96.7703,96.77,96.77,413.0
2026-03-09 16:15:00,96.74,96.74,96.69,96.69,10308.0
2026-03-09 16:20:00,96.6915,96.6915,96.69,96.69,5400.0
2026-03-09 16:25:00,96.62,96.7002,96.62,96.7002,3018.0
2026-03-09 16:30:00,96.7,96.7,96.67,96.67,8342.0
2026-03-09 16:45:00,96.71,96.71,96.6576,96.6576,2705.0
2026-03-09 16:50:00,96.67,96.67,96.67,96.67,200.0
2026-03-09 16:55:00,96.7,96.7,96.7,96.7,341.0
2026-03-09 17:05:00,96.8527,96.8527,96.8527,96.8527,100.0
2026-03-09 17:10:00,96.8507,96.8507,96.8507,96.8507,100.0
2026-03-09 17:15:00,96.5262,96.5262,96.5262,96.5262,150.0
2026-03-09 17:30:00,96.65,96.85,96.65,96.85,369.0
2026-03-09 17:35:00,96.84,96.84,96.75,96.75,250.0
2026-03-09 17:45:00,96.75,96.75,96.75,96.75,124.0
2026-03-09 18:00:00,96.74,96.93,96.5,96.5,6508.0
2026-03-09 18:10:00,96.65,96.65,96.65,96.65,2530.0
2026-03-09 18:15:00,96.62,96.62,96.5,96.5,3221.0
2026-03-09 18:20:00,96.5,96.5,96.4415,96.4415,240.0
2026-03-09 18:25:00,96.38,96.54,96.38,96.54,3819.0
2026-03-09 18:30:00,96.5501,96.5501,96.5501,96.5501,475.0
2026-03-09 18:35:00,96.56,96.5866,96.54,96.54,769.0
2026-03-09 18:40:00,96.63,96.65,96.63,96.65,353.0
2026-03-09 18:45:00,96.76,96.8145,96.76,96.8145,210.0
2026-03-09 18:55:00,96.79,96.97,96.79,96.94,1143.0
2026-03-09 19:00:00,97.0,97.0,96.8,96.8,3597.0
2026-03-09 19:05:00,96.84,96.84,96.84,96.84,100.0
2026-03-09 19:10:00,96.86,96.86,96.86,96.86,2527.0
2026-03-09 19:15:00,96.98,96.98,96.98,96.98,600.0
2026-03-09 19:20:00,97.01,97.01,96.95,96.95,3125.0
2026-03-09 19:25:00,96.9165,96.9165,96.78,96.78,320.0
2026-03-09 19:30:00,96.85,96.8597,96.84,96.84,2726.0
2026-03-09 19:35:00,96.83,96.87,96.83,96.87,2927.0
2026-03-09 19:40:00,96.87,96.88,96.77,96.77,740.0
2026-03-09 19:50:00,96.77,96.78,96.77,96.77,3275.0
2026-03-09 19:55:00,96.78,96.78,96.7017,96.74,620.0
2026-03-10 04:00:00,97.5,97.56,97.5,97.56,915.0
2026-03-10 04:05:00,97.47,97.47,97.47,97.47,405.0
2026-03-10 04:10:00,97.54,97.55,97.54,97.55,1100.0
2026-03-10 04:25:00,97.5,97.5,97.5,97.5,140.0
2026-03-10 04:30:00,97.6,97.65,97.6,97.65,400.0
2026-03-10 04:35:00,97.62,97.68,97.62,97.68,5918.0
2026-03-10 04:40:00,97.7,97.75,97.7,97.71,8300.0
2026-03-10 04:45:00,97.67,97.73,97.67,97.73,11646.0
2026-03-10 04:50:00,97.68,97.68,97.64,97.67,10110.0
2026-03-10 04:55:00,97.66,97.66,97.59,97.59,6010.0
2026-03-10 05:00:00,97.51,97.51,97.51,97.51,1793.0
2026-03-10 05:15:00,97.6,97.6,97.59,97.59,813.0
2026-03-10 05:25:00,97.6,97.62,97.6,97.62,1562.0
2026-03-10 05:50:00,97.6,97.6,97.6,97.6,100.0
2026-03-10 05:55:00,97.61,97.61,97.57,97.57,247.0
2026-03-10 06:00:00,97.55,97.55,97.5,97.5,5700.0
2026-03-10 06:05:00,97.44,97.49,97.44,97.49,1292.0
2026-03-10 06:15:00,97.4,97.4,97.4,97.4,100.0
2026-03-10 06:30:00,97.34,97.34,97.34,97.34,133.0
2026-03-10 06:35:00,97.19,97.19,97.09,97.14,1785.0
2026-03-10 06:40:00,97.21,97.21,97.21,97.21,318.0
2026-03-10 06:50:00,97.4,97.4,97.4,97.4,1009.0
2026-03-10 06:55:00,97.37,97.37,97.37,97.37,997.0
2026-03-10 07:00:00,97.5,97.56,97.48,97.56,3197.0
2026-03-10 07:05:00,97.57,97.61,97.57,97.61,2488.0
2026-03-10 07:15:00,97.57,97.57,97.56,97.56,1245.0
2026-03-10 07:20:00,97.57,97.61,97.57,97.59,2534.0
2026-03-10 07:25:00,97.54,97.54,97.54,97.54,100.0
2026-03-10 07:35:00,97.56,97.57,97.51,97.52,3221.0
2026-03-10 07:40:00,97.51,97.51,97.38,97.38,851.0
2026-03-10 07:45:00,97.35,97.35,97.35,97.35,503.0
2026-03-10 07:50:00,97.37,97.47,97.37,97.47,7942.0
2026-03-10 07:55:00,97.39,97.39,97.39,97.39,390.0
2026-03-10 08:00:00,97.57,97.76,97.05,97.29,62726.0
2026-03-10 08:05:00,97.29,97.29,97.2,97.241,550.0
2026-03-10 08:10:00,97.31,97.31,97.31,97.31,226.0
2026-03-10 08:15:00,97.29,97.36,97.25,97.36,7168.0
2026-03-10 08:20:00,97.39,97.4094,97.37,97.4094,4031.0
2026-03-10 08:25:00,97.4798,97.4798,97.4798,97.4798,160.0
2026-03-10 08:30:00,97.45,97.4974,97.45,97.4974,2104.0
2026-03-10 08:35:00,97.5026,97.5026,97.4702,97.4702,2817.0
2026-03-10 08:45:00,97.65,97.65,97.61,97.61,5299.0
2026-03-10 08:55:00,97.61,97.61,97.61,97.61,793.0
2026-03-10 09:00:00,97.71,97.9,97.71,97.77,8509.0
2026-03-10 09:05:00,97.791,97.89,97.791,97.88,1478.0
2026-03-10 09:10:00,97.89,97.91,97.85,97.91,4879.0
2026-03-10 09:15:00,97.86,98.15,97.86,98.11,14353.0
2026-03-10 09:20:00,98.15,98.2816,98.13,98.28,18700.0
2026-03-10 09:25:00,98.27,98.4,98.26,98.2621,26270.0
2026-03-10 09:30:00,98.29,98.3,98.055,98.14,296765.0
2026-03-10 09:35:00,98.11,98.14,98.015,98.115,108172.0
2026-03-10 09:40:00,98.11,98.1651,98.05,98.05,173817.0
2026-03-10 09:45:00,98.04,98.05,97.8,97.98,259688.0
2026-03-10 09:50:00,97.98,98.075,97.94,98.04,163331.0
2026-03-10 09:55:00,98.05,98.175,97.93,97.97,297668.0
2026-03-10 10:00:00,97.97,98.03,97.875,97.89,404479.0
2026-03-10 10:05:00,97.895,97.97,97.645,97.75,414051.0
2026-03-10 10:10:00,97.75,97.81,97.6,97.78,141571.0
2026-03-10 10:15:00,97.78,98.1,97.77,98.1,206491.0
2026-03-10 10:20:00,98.1,98.14,98.05,98.09,56457.0
2026-03-10 10:25:00,98.08,98.08,98.02,98.05,41830.0
2026-03-10 10:30:00,98.05,98.12,97.9999,98.01,32190.0
2026-03-10 10:35:00,98.01,98.12,97.93,98.07,208180.0
2026-03-10 10:40:00,98.08,98.08,97.95,97.98,90567.0
2026-03-10 10:45:00,97.99,98.07,97.965,98.0061,92426.0
2026-03-10 10:50:00,98.0016,98.0951,97.98,98.09,49521.0
2026-03-10 10:55:00,98.0893,98.1,98.0,98.0,40832.0
2026-03-10 11:00:00,98.01,98.175,97.94,98.12,144337.0
2026-03-10 11:05:00,98.14,98.2,98.08,98.2,47039.0
2026-03-10 11:10:00,98.195,98.375,98.19,98.325,71538.0
2026-03-10 11:15:00,98.3101,98.37,98.29,98.37,50682.0
2026-03-10 11:20:00,98.36,98.415,98.35,98.36,42770.0
2026-03-10 11:25:00,98.35,98.39,98.32,98.365,27962.0
2026-03-10 11:30:00,98.365,98.55,98.3599,98.52,62279.0
2026-03-10 11:35:00,98.51,98.55,98.42,98.52,65825.0
2026-03-10 11:40:00,98.515,98.545,98.415,98.545,35331.0
2026-03-10 11:45:00,98.55,98.6007,98.46,98.485,123254.0
2026-03-10 11:50:00,98.495,98.53,98.38,98.4,35035.0
2026-03-10 11:55:00,98.4099,98.456,98.395,98.41,19879.0
2026-03-10 12:00:00,98.41,98.441,98.3279,98.365,34979.0
2026-03-10 12:05:00,98.38,98.4,98.33,98.375,40752.0
2026-03-10 12:10:00,98.36,98.41,98.31,98.32,42987.0
2026-03-10 12:15:00,98.31,98.44,98.31,98.41,43972.0
2026-03-10 12:20:00,98.405,98.49,98.3986,98.49,22805.0
2026-03-10 12:25:00,98.5,98.5361,98.4634,98.48,38722.0
2026-03-10 12:30:00,98.4934,98.515,98.45,98.515,29368.0
2026-03-10 12:35:00,98.509,98.52,98.455,98.49,18555.0
2026-03-10 12:40:00,98.4788,98.49,98.395,98.4122,21154.0
2026-03-10 12:45:00,98.42,98.48,98.4,98.4,34271.0
2026-03-10 12:50:00,98.3951,98.43,98.37,98.39,27665.0
2026-03-10 12:55:00,98.3961,98.43,98.38,98.385,24777.0
2026-03-10 13:00:00,98.4,98.435,98.39,98.425,22447.0
2026-03-10 13:05:00,98.43,98.51,98.42,98.48,49703.0
2026-03-10 13:10:00,98.45,98.54,98.45,98.514,42841.0
2026-03-10 13:15:00,98.5,98.5007,98.32,98.35,46659.0
2026-03-10 13:20:00,98.36,98.42,98.33,98.41,34705.0
2026-03-10 13:25:00,98.405,98.51,98.38,98.495,21794.0
2026-03-10 13:30:00,98.49,98.52,98.42,98.46,90217.0
2026-03-10 13:35:00,98.46,98.48,98.4,98.44,36240.0
2026-03-10 13:40:00,98.44,98.4607,98.395,98.405,21298.0
2026-03-10 13:45:00,98.4,98.45,98.37,98.425,25727.0
2026-03-10 13:50:00,98.42,98.48,98.41,98.44,28057.0
2026-03-10 13:55:00,98.43,98.43,98.39,98.4,24023.0
2026-03-10 14:00:00,98.4,98.4,98.22,98.28,48139.0
2026-03-10 14:05:00,98.29,98.34,98.23,98.27,34305.0
2026-03-10 14:10:00,98.275,98.39,98.16,98.17,127122.0
2026-03-10 14:15:00,98.17,98.23,97.14,97.36,569534.0
2026-03-10 14:20:00,97.34,97.79,97.31,97.74,173908.0
2026-03-10 14:25:00,97.75,97.9886,97.71,97.92,61614.0
2026-03-10 14:30:00,97.93,98.03,97.805,97.9,58736.0
2026-03-10 14:35:00,97.909,97.935,97.69,97.7,64063.0
2026-03-10 14:40:00,97.6951,97.84,97.6951,97.79,37911.0
2026-03-10 14:45:00,97.78,97.975,97.76,97.905,21847.0
2026-03-10 14:50:00,97.9,97.96,97.86,97.908,14827.0
2026-03-10 14:55:00,97.91,97.915,97.72,97.72,15296.0
2026-03-10 15:00:00,97.72,97.8239,97.58,97.79,24660.0
2026-03-10 15:05:00,97.77,97.87,97.755,97.8201,30270.0
2026-03-10 15:10:00,97.82,97.8535,97.7413,97.8471,29094.0
2026-03-10 15:15:00,97.87,97.9551,97.84,97.955,29290.0
2026-03-10 15:20:00,97.97,98.0199,97.91,97.98,49094.0
2026-03-10 15:25:00,97.9745,97.98,97.8868,97.895,31809.0
2026-03-10 15:30:00,97.89,97.89,97.54,97.61,59573.0
2026-03-10 15:35:00,97.6339,97.77,97.5,97.73,66838.0
2026-03-10 15:40:00,97.735,97.78,97.58,97.64,176754.0
2026-03-10 15:45:00,97.64,97.715,97.64,97.675,33424.0
2026-03-10 15:50:00,97.67,97.81,97.66,97.8093,62073.0
2026-03-10 15:55:00,97.82,97.87,97.79,97.8503,144975.0
2026-03-10 16:00:00,97.85,97.85,97.83,97.85,152911.0
2026-03-10 16:05:00,97.82,97.85,97.82,97.85,503.0
2026-03-10 16:10:00,97.81,97.81,97.8,97.8,1842.0
2026-03-10 16:15:00,97.82,97.82,97.801,97.801,664.0
2026-03-10 16:20:00,97.83,97.83,97.83,97.83,3126.0
2026-03-10 16:25:00,97.8421,97.8548,97.79,97.79,1439.0
2026-03-10 16:35:00,97.79,97.79,97.75,97.75,370.0
2026-03-10 16:40:00,97.83,97.83,97.83,97.83,100.0
2026-03-10 16:45:00,97.82,97.83,97.7159,97.7159,2589.0
2026-03-10 16:50:00,97.7642,97.79,97.7642,97.79,1100.0
2026-03-10 16:55:00,97.8,97.8,97.8,97.8,255.0
2026-03-10 17:00:00,97.6413,97.8,97.6413,97.8,735.0
2026-03-10 17:15:00,97.8,97.8,97.8,97.8,331.0
2026-03-10 17:20:00,97.8,97.8,97.8,97.8,100.0
2026-03-10 17:25:00,97.64,97.64,97.64,97.64,400.0
2026-03-10 17:35:00,97.6362,97.6362,97.6362,97.6362,100.0
2026-03-10 17:40:00,97.69,97.69,97.6182,97.6182,319.0
2026-03-10 18:00:00,97.72,97.72,97.6,97.6,550.0
2026-03-10 18:15:00,97.65,97.8,97.65,97.8,405.0
2026-03-10 18:20:00,97.7,97.7,97.7,97.7,100.0
2026-03-10 18:30:00,97.74,97.74,97.66,97.66,1951.0
2026-03-10 18:45:00,97.73,97.74,97.71,97.71,504.0
2026-03-10 18:50:00,97.68,97.68,97.67,97.67,406.0
2026-03-10 18:55:00,97.764,97.764,97.764,97.764,100.0
2026-03-10 19:00:00,97.6327,97.6327,97.6327,97.6327,800.0
2026-03-10 19:05:00,97.8,97.8,97.8,97.8,153.0
2026-03-10 19:35:00,97.77,97.77,97.77,97.77,153.0
2026-03-10 19:45:00,97.6217,97.67,97.6217,97.67,686.0
2026-03-10 19:55:00,97.75,97.82,97.75,97.82,1224.0
2026-03-11 04:00:00,97.7,97.7,97.66,97.67,2263.0
2026-03-11 04:05:00,97.78,97.78,97.78,97.78,103.0
2026-03-11 04:10:00,97.81,97.81,97.81,97.81,100.0
2026-03-11 04:15:00,97.83,97.83,97.74,97.74,246.0
2026-03-11 04:20:00,97.65,97.65,97.65,97.65,240.0
2026-03-11 04:25:00,97.64,97.65,97.55,97.57,2585.0
2026-03-11 04:35:00,97.5,97.5,97.45,97.45,865.0
2026-03-11 04:40:00,97.55,97.55,97.55,97.55,140.0
2026-03-11 04:50:00,97.6,97.6,97.6,97.6,107.0
2026-03-11 05:05:00,97.53,97.57,97.53,97.57,1533.0
2026-03-11 05:10:00,97.57,97.59,97.57,97.59,720.0
2026-03-11 05:20:00,97.66,97.66,97.66,97.66,200.0
2026-03-11 05:40:00,97.79,97.79,97.79,97.79,200.0
2026-03-11 05:45:00,97.73,97.73,97.73,97.73,1100.0
2026-03-11 05:55:00,97.62,97.62,97.62,97.62,100.0
2026-03-11 06:00:00,97.62,97.67,97.61,97.67,400.0
2026-03-11 06:10:00,97.75,97.75,97.75,97.75,432.0
2026-03-11 06:15:00,97.74,97.77,97.74,97.77,440.0
2026-03-11 06:20:00,97.77,97.77,97.7,97.7,600.0
2026-03-11 06:25:00,97.7,97.7,97.69,97.69,450.0
2026-03-11 06:30:00,97.65,97.65,97.61,97.65,940.0
2026-03-11 06:35:00,97.57,97.57,97.57,97.57,100.0
2026-03-11 06:40:00,97.5,97.5,97.5,97.5,2817.0
2026-03-11 06:45:00,97.5,97.63,97.5,97.63,740.0
2026-03-11 06:50:00,97.68,97.68,97.68,97.68,500.0
2026-03-11 06:55:00,97.6,97.63,97.6,97.63,293.0
2026-03-11 07:00:00,97.62,97.72,97.62,97.72,501.0
2026-03-11 07:05:00,97.67,97.67,97.67,97.67,140.0
2026-03-11 07:15:00,97.64,97.64,97.61,97.61,380.0
2026-03-11 07:20:00,97.53,97.53,97.53,97.53,200.0
2026-03-11 07:25:00,97.51,97.54,97.51,97.53,1120.0
2026-03-11 07:30:00,97.51,97.51,97.51,97.51,100.0
2026-03-11 07:45:00,97.62,97.62,97.61,97.61,240.0
2026-03-11 07:50:00,97.59,97.65,97.58,97.58,8893.0
2026-03-11 07:55:00,97.53,97.53,97.43,97.5,2224.0
2026-03-11 08:00:00,97.69,98.01,97.4734,97.54,9445.0
2026-03-11 08:05:00,97.61,97.62,97.61,97.62,1660.0
2026-03-11 08:15:00,97.7294,97.76,97.7,97.76,1741.0
2026-03-11 08:20:00,97.7397,97.7397,97.69,97.7,1645.0
2026-03-11 08:25:00,97.69,97.7,97.69,97.6954,817.0
2026-03-11 08:30:00,97.74,97.74,97.56,97.56,518.0
2026-03-11 08:35:00,97.5,97.5,97.4,97.4696,2954.0
2026-03-11 08:40:00,97.49,97.4939,97.49,97.4939,441.0
2026-03-11 08:45:00,97.46,97.46,97.3,97.3,1263.0
2026-03-11 08:50:00,97.4,97.47,97.4,97.47,1761.0
2026-03-11 08:55:00,97.39,97.39,97.24,97.25,6520.0
2026-03-11 09:00:00,97.2,97.42,97.17,97.41,3133.0
2026-03-11 09:05:00,97.47,97.4989,97.4684,97.4684,2174.0
2026-03-11 09:10:00,97.49,97.5,97.48,97.48,681.0
2026-03-11 09:15:00,97.45,97.47,97.43,97.4488,440.0
2026-03-11 09:20:00,97.53,97.53,97.49,97.49,619.0
2026-03-11 09:25:00,97.5,97.5,97.47,97.49,1907.0
2026-03-11 09:30:00,97.52,97.54,97.285,97.42,211091.0
2026-03-11 09:35:00,97.41,97.455,97.275,97.345,103676.0
2026-03-11 09:40:00,97.3601,97.43,97.2274,97.23,81460.0
2026-03-11 09:45:00,97.2298,97.27,97.09,97.11,241138.0
2026-03-11 09:50:00,97.12,97.29,96.92,97.27,160847.0
2026-03-11 09:55:00,97.27,97.43,97.25,97.4201,472071.0
2026-03-11 10:00:00,97.44,97.61,97.39,97.59,122933.0
2026-03-11 10:05:00,97.6,97.66,97.46,97.6,92599.0
2026-03-11 10:10:00,97.6,97.69,97.495,97.69,57669.0
2026-03-11 10:15:00,97.69,97.7,97.615,97.64,46430.0
2026-03-11 10:20:00,97.6266,97.66,97.61,97.6501,40691.0
2026-03-11 10:25:00,97.645,97.78,97.53,97.765,54536.0
2026-03-11 10:30:00,97.76,97.805,97.575,97.61,67906.0
2026-03-11 10:35:00,97.6,97.68,97.54,97.59,33569.0
2026-03-11 10:40:00,97.58,97.58,97.395,97.5521,63764.0
2026-03-11 10:45:00,97.525,97.67,97.495,97.65,34754.0
2026-03-11 10:50:00,97.66,97.74,97.6099,97.6751,28528.0
2026-03-11 10:55:00,97.67,97.7099,97.535,97.55,27177.0
2026-03-11 11:00:00,97.59,97.6,97.46,97.495,87485.0
2026-03-11 11:05:00,97.5,97.515,97.38,97.51,46793.0
2026-03-11 11:10:00,97.505,97.505,97.32,97.32,45437.0
2026-03-11 11:15:00,97.31,97.405,97.29,97.39,40406.0
2026-03-11 11:20:00,97.39,97.47,97.39,97.4555,20059.0
2026-03-11 11:25:00,97.455,97.48,97.335,97.335,32921.0
2026-03-11 11:30:00,97.35,97.35,97.26,97.27,35519.0
2026-03-11 11:35:00,97.28,97.37,97.2551,97.3,39318.0
2026-03-11 11:40:00,97.3,97.37,97.245,97.295,24557.0
2026-03-11 11:45:00,97.3,97.32,97.19,97.32,33998.0
2026-03-11 11:50:00,97.3,97.405,97.28,97.35,18689.0
2026-03-11 11:55:00,97.35,97.36,97.235,97.235,22365.0
2026-03-11 12:00:00,97.2355,97.33,97.2,97.2251,18878.0
2026-03-11 12:05:00,97.235,97.28,97.19,97.23,30688.0
2026-03-11 12:10:00,97.23,97.355,97.23,97.355,25729.0
2026-03-11 12:15:00,97.345,97.3455,97.2355,97.26,28671.0
2026-03-11 12:20:00,97.26,97.305,97.225,97.29,16334.0
2026-03-11 12:25:00,97.285,97.3133,97.2,97.249,13560.0
2026-03-11 12:30:00,97.25,97.3501,97.23,97.3335,17974.0
2026-03-11 12:35:00,97.32,97.4,97.3122,97.4,15426.0
2026-03-11 12:40:00,97.42,97.435,97.38,97.38,12020.0
2026-03-11 12:45:00,97.3951,97.45,97.33,97.33,11797.0
2026-03-11 12:50:00,97.33,97.376,97.3101,97.376,23019.0
2026-03-11 12:55:00,97.365,97.43,97.33,97.415,18841.0
2026-03-11 13:00:00,97.401,97.48,97.4,97.445,19025.0
2026-03-11 13:05:00,97.455,97.505,97.45,97.5,15462.0
2026-03-11 13:10:00,97.5,97.5,97.3946,97.41,14155.0
2026-03-11 13:15:00,97.425,97.45,97.3,97.33,51093.0
2026-03-11 13:20:00,97.335,97.38,97.31,97.34,30855.0
2026-03-11 13:25:00,97.3699,97.38,97.305,97.335,37565.0
2026-03-11 13:30:00,97.335,97.35,97.23,97.255,42272.0
2026-03-11 13:35:00,97.26,97.28,97.06,97.09,207166.0
2026-03-11 13:40:00,97.095,97.18,97.01,97.16,149756.0
2026-03-11 13:45:00,97.17,97.225,97.15,97.22,12776.0
2026-03-11 13:50:00,97.24,97.27,97.23,97.255,22410.0
2026-03-11 13:55:00,97.245,97.305,97.2,97.305,20709.0
2026-03-11 14:00:00,97.3,97.33,97.29,97.32,29386.0
2026-03-11 14:05:00,97.32,97.385,97.315,97.36,14429.0
2026-03-11 14:10:00,97.375,97.375,97.32,97.35,11319.0
2026-03-11 14:15:00,97.35,97.45,97.345,97.4387,25365.0
2026-03-11 14:20:00,97.45,97.45,97.4,97.44,48189.0
2026-03-11 14:25:00,97.455,97.47,97.43,97.46,40382.0
2026-03-11 14:30:00,97.455,97.47,97.44,97.44,25227.0
2026-03-11 14:35:00,97.445,97.47,97.44,97.45,17737.0
2026-03-11 14:40:00,97.4451,97.46,97.42,97.4424,16711.0
2026-03-11 14:45:00,97.45,97.455,97.42,97.425,13778.0
2026-03-11 14:50:00,97.429,97.45,97.3844,97.3844,21947.0
2026-03-11 14:55:00,97.38,97.395,97.31,97.34,32923.0
2026-03-11 15:00:00,97.35,97.35,97.295,97.3351,22270.0
2026-03-11 15:05:00,97.34,97.38,97.33,97.3795,17436.0
2026-03-11 15:10:00,97.39,97.395,97.345,97.355,18525.0
2026-03-11 15:15:00,97.35,97.42,97.345,97.42,22761.0
2026-03-11 15:20:00,97.43,97.4499,97.37,97.395,41902.0
2026-03-11 15:25:00,97.415,97.4532,97.41,97.45,17442.0
2026-03-11 15:30:00,97.45,97.4699,97.425,97.465,31125.0
2026-03-11 15:35:00,97.465,97.47,97.435,97.4601,17290.0
2026-03-11 15:40:00,97.46,97.495,97.4534,97.49,50444.0
2026-03-11 15:45:00,97.49,97.49,97.43,97.455,254528.0
2026-03-11 15:50:00,97.45,97.53,97.445,97.52,73089.0
2026-03-11 15:55:00,97.51,97.56,97.48,97.55,128990.0
2026-03-11 16:00:00,97.55,97.55,97.5,97.5,53086.0
2026-03-11 16:15:00,97.47,97.47,97.44,97.44,4398.0
2026-03-11 16:20:00,97.42,97.47,97.42,97.47,739.0
2026-03-11 16:25:00,97.46,97.46,97.46,97.46,200.0
2026-03-11 16:30:00,97.44,97.44,97.44,97.44,100.0
2026-03-11 16:35:00,97.42,97.42,97.42,97.42,1182.0
2026-03-11 16:45:00,97.42,97.42,97.42,97.42,200.0
2026-03-11 16:50:00,97.44,97.45,97.44,97.45,1506.0
2026-03-11 17:00:00,97.4,97.4,97.4,97.4,800.0
2026-03-11 17:10:00,97.43,97.55,97.43,97.55,353.0
2026-03-11 17:25:00,97.55,97.55,97.55,97.55,192.0
2026-03-11 17:30:00,97.5499,97.5499,97.5499,97.5499,500.0
2026-03-11 17:40:00,97.55,97.55,97.53,97.53,360.0
2026-03-11 17:50:00,97.5456,97.5456,97.5456,97.5456,300.0
2026-03-11 18:00:00,97.47,97.47,97.43,97.43,415.0
2026-03-11 18:05:00,97.43,97.43,97.2,97.2,431.0
2026-03-11 18:10:00,97.35,97.35,97.35,97.35,336.0
2026-03-11 18:15:00,97.3,97.35,97.3,97.35,344.0
2026-03-11 18:20:00,97.4,97.4,97.3305,97.35,923.0
2026-03-11 18:25:00,97.28,97.28,97.27,97.27,200.0
2026-03-11 18:30:00,97.21,97.22,97.21,97.22,449.0
2026-03-11 18:35:00,97.2,97.21,97.09,97.09,697.0
2026-03-11 18:40:00,97.16,97.16,97.0,97.01,2573.0
2026-03-11 18:50:00,97.0362,97.0362,97.03,97.03,300.0
2026-03-11 18:55:00,97.03,97.03,96.57,96.57,5466.0
2026-03-11 19:00:00,96.79,96.79,96.79,96.79,461.0
2026-03-11 19:05:00,96.85,96.87,96.85,96.85,2203.0
2026-03-11 19:10:00,96.95,96.95,96.95,96.95,515.0
2026-03-11 19:15:00,96.95,96.95,96.95,96.95,415.0
2026-03-11 19:20:00,96.98,96.98,96.98,96.98,546.0
2026-03-11 19:25:00,97.08,97.08,97.08,97.08,100.0
2026-03-11 19:30:00,97.02,97.02,96.99,96.99,400.0
2026-03-11 19:35:00,96.907,96.92,96.84,96.84,1014.0
2026-03-11 19:45:00,96.85,96.85,96.8,96.8,300.0
2026-03-11 19:50:00,96.76,96.76,96.7045,96.72,1643.0
2026-03-11 19:55:00,96.7315,96.77,96.64,96.64,1871.0
2026-03-12 04:00:00,97.49,97.6,97.39,97.6,2282.0
2026-03-12 04:05:00,97.54,97.56,97.54,97.56,449.0
2026-03-12 04:10:00,97.57,97.64,97.5,97.5,3404.0
2026-03-12 04:20:00,97.46,97.46,97.46,97.46,100.0
2026-03-12 04:30:00,97.46,97.5,97.46,97.49,400.0
2026-03-12 04:35:00,97.49,97.51,97.49,97.49,646.0
2026-03-12 04:40:00,97.47,97.47,97.45,97.45,1787.0
2026-03-12 04:45:00,97.44,97.44,97.44,97.44,100.0
2026-03-12 04:50:00,97.43,97.43,97.43,97.43,200.0
2026-03-12 04:55:00,97.44,97.44,97.44,97.44,140.0
2026-03-12 05:00:00,97.45,97.45,97.43,97.43,200.0
2026-03-12 05:05:00,97.41,97.41,97.41,97.41,864.0
2026-03-12 05:10:00,97.4,97.4,97.4,97.4,146.0
2026-03-12 05:15:00,97.43,97.43,97.43,97.43,200.0
2026-03-12 05:20:00,97.41,97.41,97.41,97.41,100.0
2026-03-12 05:25:00,97.41,97.41,97.41,97.41,504.0
2026-03-12 05:30:00,97.54,97.54,97.53,97.53,1337.0
2026-03-12 05:40:00,97.58,97.58,97.55,97.55,1933.0
2026-03-12 05:50:00,97.54,97.59,97.54,97.54,10189.0
2026-03-12 05:55:00,97.57,97.66,97.57,97.62,6340.0
2026-03-12 06:00:00,97.62,97.67,97.62,97.67,1243.0
2026-03-12 06:05:00,97.64,97.65,97.64,97.64,740.0
2026-03-12 06:10:00,97.64,97.64,97.64,97.64,100.0
2026-03-12 06:15:00,97.57,97.58,97.57,97.58,280.0
2026-03-12 06:20:00,97.53,97.53,97.53,97.53,140.0
2026-03-12 06:25:00,97.52,97.52,97.48,97.48,240.0
2026-03-12 06:30:00,97.48,97.51,97.47,97.47,16494.0
2026-03-12 06:35:00,97.49,97.49,97.44,97.44,2731.0
2026-03-12 06:40:00,97.51,97.51,97.51,97.51,140.0
2026-03-12 06:45:00,97.5,97.5,97.49,97.49,280.0
2026-03-12 06:50:00,97.46,97.46,97.46,97.46,990.0
2026-03-12 07:15:00,97.41,97.41,97.38,97.38,300.0
2026-03-12 07:20:00,97.43,97.43,97.43,97.43,280.0
2026-03-12 07:30:00,97.45,97.45,97.45,97.45,140.0
2026-03-12 07:35:00,97.44,97.44,97.44,97.44,535.0
2026-03-12 07:40:00,97.43,97.46,97.43,97.46,200.0
2026-03-12 07:55:00,97.47,97.47,97.45,97.45,300.0
2026-03-12 08:00:00,97.5616,97.63,96.66,97.27,27714.0
2026-03-12 08:10:00,97.24,97.3,97.24,97.25,1035.0
2026-03-12 08:15:00,97.24,97.24,97.22,97.22,200.0
2026-03-12 08:20:00,97.23,97.23,97.19,97.19,380.0
2026-03-12 08:25:00,97.32,97.32,97.32,97.32,100.0
2026-03-12 08:30:00,97.35,97.35,97.33,97.34,590.0
2026-03-12 08:35:00,97.33,97.3371,97.31,97.31,2224.0
2026-03-12 08:40:00,97.27,97.35,97.27,97.35,4180.0
2026-03-12 08:45:00,97.39,97.411,97.39,97.411,840.0
2026-03-12 08:50:00,97.53,97.55,97.53,97.55,2281.0
2026-03-12 08:55:00,97.54,97.54,97.45,97.45,1222.0
2026-03-12 09:00:00,97.5397,97.5572,97.49,97.49,5287.0
2026-03-12 09:05:00,97.55,97.56,97.55,97.56,550.0
2026-03-12 09:10:00,97.5024,97.5024,97.5,97.5,2800.0
2026-03-12 09:15:00,97.38,97.3953,97.37,97.3953,1916.0
2026-03-12 09:20:00,97.33,97.33,97.07,97.27,4740.0
2026-03-12 09:25:00,97.2907,97.3,97.28,97.3,1450.0
2026-03-12 09:30:00,97.3,97.31,97.1,97.2,304773.0
2026-03-12 09:35:00,97.2,97.235,97.05,97.11,103407.0
2026-03-12 09:40:00,97.1,97.13,97.02,97.09,107626.0
2026-03-12 09:45:00,97.05,97.055,96.945,96.9451,109455.0
2026-03-12 09:50:00,96.94,97.08,96.86,96.92,125271.0
2026-03-12 09:55:00,96.91,96.965,96.84,96.91,60324.0
2026-03-12 10:00:00,96.93,97.15,96.91,97.13,167281.0
2026-03-12 10:05:00,97.125,97.14,97.02,97.025,198349.0
2026-03-12 10:10:00,97.02,97.11,96.995,97.0901,80331.0
2026-03-12 10:15:00,97.115,97.14,96.93,96.975,241190.0
2026-03-12 10:20:00,96.98,97.0201,96.9,96.94,217266.0
2026-03-12 10:25:00,96.96,96.99,96.9,96.935,157484.0
2026-03-12 10:30:00,96.94,96.945,96.77,96.84,168991.0
2026-03-12 10:35:00,96.84,96.92,96.695,96.825,116702.0
2026-03-12 10:40:00,96.795,96.87,96.7,96.87,203447.0
2026-03-12 10:45:00,96.875,96.965,96.67,96.755,289126.0
2026-03-12 10:50:00,96.75,96.795,96.7,96.74,50795.0
2026-03-12 10:55:00,96.75,96.796,96.705,96.78,41158.0
2026-03-12 11:00:00,96.765,96.8,96.53,96.55,314556.0
2026-03-12 11:05:00,96.55,96.64,96.47,96.52,231001.0
2026-03-12 11:10:00,96.52,96.53,96.13,96.42,3654344.0
2026-03-12 11:15:00,96.4,96.47,96.2835,96.43,559267.0
2026-03-12 11:20:00,96.43,96.52,96.42,96.5,269206.0
2026-03-12 11:25:00,96.48,96.55,96.47,96.49,649293.0
2026-03-12 11:30:00,96.48,96.48,96.375,96.415,382483.0
2026-03-12 11:35:00,96.41,96.56,96.29,96.55,144222.0
2026-03-12 11:40:00,96.55,96.59,96.42,96.52,404568.0
2026-03-12 11:45:00,96.525,96.53,96.425,96.5101,195045.0
2026-03-12 11:50:00,96.51,96.61,96.465,96.58,123760.0
2026-03-12 11:55:00,96.58,96.59,96.49,96.5497,97601.0
2026-03-12 12:00:00,96.55,96.6,96.525,96.59,65163.0
2026-03-12 12:05:00,96.5803,96.605,96.365,96.4,142800.0
2026-03-12 12:10:00,96.4039,96.49,96.345,96.471,188468.0
2026-03-12 12:15:00,96.49,96.54,96.4601,96.54,66419.0
2026-03-12 12:20:00,96.54,96.66,96.535,96.585,308175.0
2026-03-12 12:25:00,96.58,96.605,96.53,96.535,303782.0
2026-03-12 12:30:00,96.53,96.535,96.41,96.48,277482.0
2026-03-12 12:35:00,96.48,96.57,96.47,96.53,287759.0
2026-03-12 12:40:00,96.53,96.64,96.515,96.595,151141.0
2026-03-12 12:45:00,96.59,96.59,96.475,96.565,377568.0
2026-03-12 12:50:00,96.56,96.56,96.39,96.4,434085.0
2026-03-12 12:55:00,96.4,96.42,96.355,96.39,601748.0
2026-03-12 13:00:00,96.3839,96.46,96.37,96.45,431448.0
2026-03-12 13:05:00,96.45,96.505,96.39,96.42,367711.0
2026-03-12 13:10:00,96.41,96.43,96.325,96.35,827804.0
2026-03-12 13:15:00,96.325,96.35,96.185,96.28,799335.0
2026-03-12 13:20:00,96.29,96.37,96.26,96.3297,476302.0
2026-03-12 13:25:00,96.32,96.35,96.25,96.3,1227611.0
2026-03-12 13:30:00,96.3,96.315,96.145,96.151,843238.0
2026-03-12 13:35:00,96.17,96.23,96.115,96.18,666957.0
2026-03-12 13:40:00,96.185,96.2,96.035,96.14,565096.0
2026-03-12 13:45:00,96.14,96.17,96.065,96.08,544479.0
2026-03-12 13:50:00,96.08,96.12,96.0501,96.08,983707.0
2026-03-12 13:55:00,96.075,96.1,95.995,96.04,534628.0
2026-03-12 14:00:00,96.04,96.18,96.03,96.095,604960.0
2026-03-12 14:05:00,96.1,96.175,96.045,96.085,575541.0
2026-03-12 14:10:00,96.08,96.12,96.04,96.07,500410.0
2026-03-12 14:15:00,96.08,96.1375,96.055,96.06,277587.0
2026-03-12 14:20:00,96.06,96.07,95.96,95.995,536449.0
2026-03-12 14:25:00,95.995,96.05,95.985,96.025,423409.0
2026-03-12 14:30:00,96.02,96.02,95.925,95.94,540757.0
2026-03-12 14:35:00,95.95,96.0,95.89,95.94,1192896.0
2026-03-12 14:40:00,95.935,95.94,95.9,95.91,630972.0
2026-03-12 14:45:00,95.905,95.91,95.7801,95.7953,685743.0
2026-03-12 14:50:00,95.795,95.92,95.755,95.9,433687.0
2026-03-12 14:55:00,95.9,95.92,95.81,95.82,659989.0
2026-03-12 15:00:00,95.81,95.835,95.55,95.685,978801.0
2026-03-12 15:05:00,95.68,95.806,95.68,95.7801,788151.0
2026-03-12 15:10:00,95.785,95.7851,95.59,95.64,1634802.0
2026-03-12 15:15:00,95.64,95.705,95.56,95.67,535361.0
2026-03-12 15:20:00,95.66,95.8102,95.64,95.795,118465.0
2026-03-12 15:25:00,95.795,95.85,95.73,95.815,123050.0
2026-03-12 15:30:00,95.82,95.873,95.805,95.83,100671.0
2026-03-12 15:35:00,95.84,95.865,95.785,95.84,309588.0
2026-03-12 15:40:00,95.84,95.85,95.7502,95.7885,445046.0
2026-03-12 15:45:00,95.78,95.855,95.735,95.84,150944.0
2026-03-12 15:50:00,95.83,95.8602,95.785,95.8265,258834.0
2026-03-12 15:55:00,95.82,95.82,95.6,95.665,385619.0
2026-03-12 16:00:00,95.65,95.72,95.65,95.72,201775.0
2026-03-12 16:05:00,95.74,95.76,95.74,95.76,800.0
2026-03-12 16:10:00,95.73,95.73,95.72,95.72,1579.0
2026-03-12 16:15:00,95.72,95.72,95.6942,95.6942,320.0
2026-03-12 16:20:00,95.6,95.61,95.55,95.61,7089.0
2026-03-12 16:25:00,95.57,95.57,95.43,95.43,1980.0
2026-03-12 16:30:00,95.26,95.38,95.12,95.38,16362.0
2026-03-12 16:35:00,95.3,95.4006,95.3,95.36,14439.0
2026-03-12 16:40:00,95.36,95.42,95.36,95.42,200.0
2026-03-12 16:45:00,95.55,95.56,95.5,95.56,1291.0
2026-03-12 16:50:00,95.5704,95.5704,95.53,95.559,1091.0
2026-03-12 16:55:00,95.55,95.5898,95.55,95.58,4183.0
2026-03-12 17:05:00,95.62,96.2,95.62,96.2,304.0
2026-03-12 17:20:00,95.7,95.7,95.7,95.7,320.0
2026-03-12 17:25:00,95.64,95.64,95.64,95.64,200.0
2026-03-12 17:40:00,95.66,95.66,95.66,95.66,300.0
2026-03-12 17:45:00,95.76,95.76,95.76,95.76,300.0
2026-03-12 17:50:00,95.82,95.82,95.82,95.82,360.0
2026-03-12 17:55:00,95.9,95.9,95.639,95.639,1195.0
2026-03-12 18:00:00,95.6,95.62,95.5,95.5998,6138.0
2026-03-12 18:05:00,95.59,95.64,95.59,95.63,603.0
2026-03-12 18:10:00,95.59,95.59,95.59,95.59,376.0
2026-03-12 18:20:00,95.77,95.77,95.77,95.77,100.0
2026-03-12 18:25:00,95.8,95.8,95.8,95.8,140.0
2026-03-12 18:30:00,95.76,95.76,95.76,95.76,431.0
2026-03-12 18:35:00,95.75,95.75,95.66,95.68,1067.0
2026-03-12 18:50:00,95.78,95.78,95.78,95.78,128.0
2026-03-12 18:55:00,95.8,95.8,95.8,95.8,300.0
2026-03-12 19:00:00,95.8,95.81,95.8,95.81,1089.0
2026-03-12 19:10:00,95.8,95.8,95.79,95.79,475.0
2026-03-12 19:20:00,95.9,95.9,95.9,95.9,483.0
2026-03-12 19:25:00,95.9199,95.9199,95.8809,95.8809,420.0
2026-03-12 19:30:00,95.85,95.85,95.85,95.85,100.0
2026-03-12 19:35:00,95.81,95.91,95.81,95.91,325.0
2026-03-12 19:40:00,95.887,95.887,95.88,95.88,371.0
2026-03-12 19:45:00,95.89,95.9262,95.89,95.9262,491.0
2026-03-12 19:50:00,95.94,95.95,95.94,95.95,498.0
2026-03-12 19:55:00,95.87,95.97,95.87,95.97,949.0
2026-03-13 04:00:00,95.74,95.74,95.5,95.5,1294.0
2026-03-13 04:05:00,95.4,95.46,95.39,95.46,2001.0
2026-03-13 04:15:00,95.56,95.56,95.53,95.53,850.0
2026-03-13 04:30:00,95.49,95.55,95.49,95.55,250.0
2026-03-13 04:35:00,95.57,95.62,95.57,95.62,314.0
2026-03-13 04:45:00,95.57,95.63,95.57,95.63,6449.0
2026-03-13 04:50:00,95.71,95.73,95.71,95.73,1642.0
2026-03-13 05:00:00,95.8,95.8,95.8,95.8,100.0
2026-03-13 05:05:00,95.87,95.91,95.85,95.85,2284.0
2026-03-13 05:10:00,95.85,95.86,95.85,95.85,3992.0
2026-03-13 05:15:00,95.77,95.77,95.76,95.76,1356.0
2026-03-13 05:30:00,95.8,95.8,95.8,95.8,125.0
2026-03-13 05:45:00,95.75,95.75,95.75,95.75,426.0
2026-03-13 05:50:00,95.8,95.8,95.8,95.8,5300.0
2026-03-13 05:55:00,95.81,95.81,95.81,95.81,150.0
2026-03-13 06:00:00,95.75,95.75,95.75,95.75,1130.0
2026-03-13 06:05:00,95.77,95.77,95.77,95.77,140.0
2026-03-13 06:25:00,95.84,95.84,95.84,95.84,185.0
2026-03-13 06:30:00,95.73,95.73,95.61,95.66,77080.0
2026-03-13 06:35:00,95.67,95.71,95.66,95.71,4065.0
2026-03-13 06:40:00,95.76,95.76,95.75,95.75,1470.0
2026-03-13 06:45:00,95.73,95.73,95.72,95.72,700.0
2026-03-13 06:50:00,95.9,95.91,95.9,95.9,1989.0
2026-03-13 06:55:00,95.92,95.92,95.92,95.92,100.0
2026-03-13 07:00:00,95.86,95.86,95.86,95.86,5300.0
2026-03-13 07:05:00,95.87,95.87,95.86,95.86,507.0
2026-03-13 07:10:00,95.75,95.79,95.74,95.79,1100.0
2026-03-13 07:25:00,95.91,95.91,95.9,95.9,1250.0
2026-03-13 07:30:00,95.9,95.9,95.87,95.87,510.0
2026-03-13 07:40:00,95.86,95.86,95.86,95.86,450.0
2026-03-13 07:45:00,95.9,95.9,95.85,95.85,391.0
2026-03-13 07:50:00,95.88,95.91,95.88,95.88,15802.0
2026-03-13 07:55:00,95.94,96.06,95.94,96.06,15390.0
2026-03-13 08:00:00,95.6,96.32,95.411,96.31,43855.0
2026-03-13 08:05:00,96.27,96.27,96.17,96.19,11285.0
2026-03-13 08:10:00,96.15,96.15,96.1226,96.1474,1268.0
2026-03-13 08:15:00,96.12,96.12,96.1,96.1088,624.0
2026-03-13 08:20:00,96.2216,96.2216,96.2216,96.2216,100.0
2026-03-13 08:25:00,96.25,96.27,96.23,96.23,840.0
2026-03-13 08:30:00,96.23,96.23,96.23,96.23,300.0
2026-03-13 08:35:00,96.25,96.25,96.25,96.25,100.0
2026-03-13 08:40:00,96.2393,96.2393,96.1674,96.1674,710.0
2026-03-13 08:45:00,96.29,96.36,96.29,96.351,2626.0
2026-03-13 08:50:00,96.379,96.379,96.32,96.33,1140.0
2026-03-13 08:55:00,96.311,96.319,96.3091,96.319,442.0
2026-03-13 09:00:00,96.31,96.35,96.24,96.35,34135.0
2026-03-13 09:05:00,96.36,96.36,96.31,96.3193,5920.0
2026-03-13 09:10:00,96.22,96.24,96.19,96.19,17311.0
2026-03-13 09:15:00,96.2,96.2,96.2,96.2,125.0
2026-03-13 09:20:00,96.24,96.24,96.22,96.22,250.0
2026-03-13 09:25:00,96.15,96.15,96.1301,96.15,660.0
2026-03-13 09:30:00,96.12,96.15,95.99,96.015,221372.0
2026-03-13 09:35:00,96.015,96.14,95.915,96.11,84267.0
2026-03-13 09:40:00,96.105,96.225,96.04,96.215,74070.0
2026-03-13 09:45:00,96.21,96.3,96.17,96.185,115134.0
2026-03-13 09:50:00,96.18,96.19,96.09,96.135,101404.0
2026-03-13 09:55:00,96.13,96.13,95.96,96.01,122925.0
2026-03-13 10:00:00,96.0,96.1,95.875,96.09,177855.0
2026-03-13 10:05:00,96.085,96.12,95.965,95.98,38366.0
2026-03-13 10:10:00,95.985,96.0,95.8,95.8,99407.0
2026-03-13 10:15:00,95.79,95.875,95.65,95.78,216388.0
2026-03-13 10:20:00,95.78,95.835,95.74,95.8,88117.0
2026-03-13 10:25:00,95.81,95.85,95.71,95.77,70853.0
2026-03-13 10:30:00,95.76,95.83,95.68,95.79,83315.0
2026-03-13 10:35:00,95.8,95.8,95.65,95.67,34159.0
2026-03-13 10:40:00,95.65,95.65,95.5,95.59,161132.0
2026-03-13 10:45:00,95.585,95.585,95.445,95.565,143017.0
2026-03-13 10:50:00,95.55,95.57,95.18,95.3,197266.0
2026-03-13 10:55:00,95.29,95.295,94.78,94.88,457611.0
2026-03-13 11:00:00,94.89,95.055,94.83,95.03,220510.0
2026-03-13 11:05:00,95.03,95.31,95.03,95.31,119529.0
2026-03-13 11:10:00,95.32,95.43,95.22,95.4,100144.0
2026-03-13 11:15:00,95.39,95.44,95.2639,95.27,93254.0
2026-03-13 11:20:00,95.28,95.39,95.1951,95.21,70929.0
2026-03-13 11:25:00,95.2,95.35,95.16,95.28,243281.0
2026-03-13 11:30:00,95.265,95.37,95.22,95.31,866522.0
2026-03-13 11:35:00,95.33,95.3351,95.155,95.16,71247.0
2026-03-13 11:40:00,95.16,95.19,94.885,94.9799,202859.0
2026-03-13 11:45:00,94.97,95.18,94.895,94.99,148220.0
2026-03-13 11:50:00,95.02,95.11,94.78,94.79,119177.0
2026-03-13 11:55:00,94.79,94.94,94.67,94.74,131653.0
2026-03-13 12:00:00,94.74,94.8,94.56,94.62,117987.0
2026-03-13 12:05:00,94.59,94.79,94.455,94.79,175712.0
2026-03-13 12:10:00,94.81,94.85,94.56,94.7,190013.0
2026-03-13 12:15:00,94.69,94.805,94.66,94.68,54525.0
2026-03-13 12:20:00,94.68,94.835,94.67,94.83,41534.0
2026-03-13 12:25:00,94.835,94.87,94.73,94.86,52653.0
2026-03-13 12:30:00,94.87,95.02,94.86,94.93,57642.0
2026-03-13 12:35:00,94.93,95.08,94.93,94.95,52547.0
2026-03-13 12:40:00,94.945,95.02,94.885,94.91,156470.0
2026-03-13 12:45:00,94.93,94.94,94.875,94.91,52635.0
2026-03-13 12:50:00,94.91,95.0651,94.8903,95.02,55569.0
2026-03-13 12:55:00,95.01,95.04,94.93,94.95,58005.0
2026-03-13 13:00:00,94.95,95.03,94.91,94.94,95185.0
2026-03-13 13:05:00,94.945,95.0429,94.92,95.01,45434.0
2026-03-13 13:10:00,95.01,95.16,94.9751,95.16,174799.0
2026-03-13 13:15:00,95.17,95.259,95.15,95.245,41503.0
2026-03-13 13:20:00,95.24,95.24,95.12,95.13,69079.0
2026-03-13 13:25:00,95.125,95.2,95.07,95.14,45461.0
2026-03-13 13:30:00,95.15,95.2,95.095,95.195,32603.0
2026-03-13 13:35:00,95.2,95.28,95.18,95.21,143273.0
2026-03-13 13:40:00,95.195,95.2,95.05,95.09,69407.0
2026-03-13 13:45:00,95.09,95.12,94.95,94.96,177346.0
2026-03-13 13:50:00,94.96,95.0,94.93,94.955,41895.0
2026-03-13 13:55:00,94.94,94.9861,94.91,94.955,62929.0
2026-03-13 14:00:00,94.96,95.015,94.94,95.01,74852.0
2026-03-13 14:05:00,95.01,95.06,94.9701,94.98,44617.0
2026-03-13 14:10:00,94.99,95.0,94.86,94.9,179795.0
2026-03-13 14:15:00,94.89,94.9501,94.86,94.903,36057.0
2026-03-13 14:20:00,94.91,94.935,94.79,94.855,82924.0
2026-03-13 14:25:00,94.855,94.89,94.78,94.87,62255.0
2026-03-13 14:30:00,94.87,95.03,94.855,94.96,26621.0
2026-03-13 14:35:00,94.95,94.99,94.89,94.89,38701.0
2026-03-13 14:40:00,94.885,94.97,94.875,94.93,78816.0
2026-03-13 14:45:00,94.915,94.945,94.87,94.875,17065.0
2026-03-13 14:50:00,94.88,94.935,94.875,94.935,143650.0
2026-03-13 14:55:00,94.915,94.965,94.9,94.965,352299.0
2026-03-13 15:00:00,94.97,95.025,94.965,94.98,54224.0
2026-03-13 15:05:00,94.97,94.985,94.85,94.91,62975.0
2026-03-13 15:10:00,94.91,94.921,94.74,94.85,58364.0
2026-03-13 15:15:00,94.83,94.84,94.7,94.77,90512.0
2026-03-13 15:20:00,94.77,94.8435,94.755,94.84,87135.0
2026-03-13 15:25:00,94.84,94.84,94.7,94.755,160583.0
2026-03-13 15:30:00,94.755,94.78,94.685,94.69,184711.0
2026-03-13 15:35:00,94.695,94.73,94.635,94.64,125596.0
2026-03-13 15:40:00,94.64,94.64,94.51,94.565,213582.0
2026-03-13 15:45:00,94.56,94.56,94.32,94.3758,201354.0
2026-03-13 15:50:00,94.375,94.41,94.275,94.3855,134724.0
2026-03-13 15:55:00,94.39,94.5245,94.33,94.39,427162.0
2026-03-13 16:00:00,94.39,94.4793,94.38,94.42,224814.0
2026-03-13 16:05:00,94.44,94.44,94.32,94.32,1695.0
2026-03-13 16:10:00,94.3794,94.41,94.3794,94.41,3000.0
2026-03-13 16:15:00,94.43,94.4788,94.38,94.38,2933.0
2026-03-13 16:20:00,94.3958,94.3958,94.35,94.35,900.0
2026-03-13 16:25:00,94.34,94.34,94.34,94.34,132.0
2026-03-13 16:30:00,94.35,94.4,94.35,94.3759,3119.0
2026-03-13 16:35:00,94.4,94.46,94.4,94.46,1189.0
2026-03-13 16:40:00,94.45,94.5,94.41,94.5,1334.0
2026-03-13 16:45:00,94.52,94.52,94.52,94.52,200.0
2026-03-13 16:50:00,94.38,94.38,94.38,94.38,200.0
2026-03-13 16:55:00,94.4528,94.47,94.4528,94.47,292.0
2026-03-13 17:00:00,94.4678,94.4678,94.41,94.41,500.0
2026-03-13 17:25:00,94.4,94.43,94.3904,94.43,585.0
2026-03-13 17:30:00,94.53,94.53,94.53,94.53,175.0
2026-03-13 17:35:00,94.39,94.4025,94.39,94.4025,500.0
2026-03-13 17:40:00,94.3971,94.3971,94.396,94.396,936.0
2026-03-13 17:45:00,94.39,94.5,94.39,94.5,850.0
2026-03-13 17:55:00,94.4043,94.4043,94.4043,94.4043,800.0
2026-03-13 18:00:00,94.4984,94.4984,94.4984,94.4984,630.0
2026-03-13 18:30:00,94.46,94.5,94.46,94.5,239.0
2026-03-13 18:35:00,94.45,94.45,94.45,94.45,209.0
2026-03-13 18:40:00,94.4509,94.4509,94.4509,94.4509,1814.0
2026-03-13 18:50:00,94.48,94.48,94.48,94.48,110.0
2026-03-13 19:10:00,94.54,94.54,94.54,94.54,118.0
2026-03-13 19:15:00,95.0796,95.15,94.5,94.5,740.0
2026-03-13 19:20:00,94.5,94.5,94.5,94.5,195.0
2026-03-13 19:35:00,94.5,94.5117,94.5,94.5117,640.0
2026-03-13 19:40:00,94.58,94.58,94.58,94.58,380.0
2026-03-13 19:45:00,94.51,94.51,94.5,94.5,900.0
2026-03-13 19:50:00,94.46,94.46,94.46,94.46,249.0
2026-03-13 19:55:00,94.48,94.48,94.48,94.48,131.0
2026-03-16 04:00:00,94.09,94.09,94.0,94.03,1314.0
2026-03-16 04:05:00,94.02,94.02,93.99,93.99,573.0
2026-03-16 04:10:00,94.06,94.06,93.9,93.92,3071.0
2026-03-16 04:15:00,93.94,93.94,93.94,93.94,160.0
2026-03-16 04:20:00,93.96,94.11,93.96,94.11,5759.0
2026-03-16 04:25:00,94.06,94.1,94.06,94.1,292.0
2026-03-16 04:30:00,94.01,94.01,93.96,93.97,8320.0
2026-03-16 04:35:00,93.95,93.97,93.86,93.86,11308.0
2026-03-16 04:40:00,93.87,93.87,93.82,93.82,1210.0
2026-03-16 04:45:00,93.89,93.92,93.89,93.91,1632.0
2026-03-16 04:50:00,94.01,94.03,94.01,94.02,623.0
2026-03-16 04:55:00,94.0,94.0,93.91,93.91,560.0
2026-03-16 05:00:00,93.81,93.81,93.8,93.8,1740.0
2026-03-16 05:05:00,93.81,93.82,93.75,93.79,7185.0
2026-03-16 05:10:00,93.8,93.83,93.8,93.83,1397.0
2026-03-16 05:15:00,93.81,93.86,93.81,93.86,1267.0
2026-03-16 05:25:00,93.88,93.89,93.88,93.89,2939.0
2026-03-16 05:30:00,93.85,93.9,93.84,93.9,2360.0
2026-03-16 05:35:00,93.86,93.86,93.78,93.78,1186.0
2026-03-16 05:40:00,93.77,93.77,93.75,93.75,560.0
2026-03-16 05:45:00,93.71,93.72,93.6,93.72,2885.0
2026-03-16 05:50:00,93.8,93.8,93.74,93.74,1364.0
2026-03-16 05:55:00,93.62,93.62,93.59,93.59,2138.0
2026-03-16 06:00:00,93.55,93.63,93.55,93.6,3255.0
2026-03-16 06:05:00,93.63,93.63,93.63,93.63,100.0
2026-03-16 06:10:00,93.66,93.67,93.66,93.67,495.0
2026-03-16 06:15:00,93.68,93.68,93.68,93.68,101.0
2026-03-16 06:20:00,93.73,93.75,93.73,93.75,8029.0
2026-03-16 06:25:00,93.91,93.91,93.91,93.91,100.0
2026-03-16 06:30:00,93.86,93.87,93.84,93.87,1730.0
2026-03-16 06:35:00,93.84,93.85,93.75,93.75,1909.0
2026-03-16 06:40:00,93.76,93.79,93.75,93.79,760.0
2026-03-16 06:50:00,93.97,94.07,93.97,94.07,689.0
2026-03-16 06:55:00,94.03,94.03,94.03,94.03,193.0
2026-03-16 07:00:00,94.08,94.09,94.05,94.05,3018.0
2026-03-16 07:05:00,94.05,94.05,94.05,94.05,5400.0
2026-03-16 07:10:00,94.19,94.21,94.19,94.21,1295.0
2026-03-16 07:15:00,94.15,94.31,94.15,94.31,600.0
2026-03-16 07:20:00,94.34,94.43,94.33,94.43,19209.0
2026-03-16 07:25:00,94.5,94.52,94.5,94.52,2566.0
2026-03-16 07:40:00,94.43,94.43,94.38,94.38,2109.0
2026-03-16 07:45:00,94.31,94.31,94.31,94.31,100.0
2026-03-16 07:50:00,94.25,94.25,94.1,94.1,260.0
2026-03-16 07:55:00,94.07,94.07,93.95,93.95,1880.0
2026-03-16 08:00:00,94.05,94.75,93.67,94.11,21902.0
2026-03-16 08:05:00,94.16,94.16,94.08,94.08,910.0
2026-03-16 08:10:00,94.2005,94.2005,94.2005,94.2005,4000.0
2026-03-16 08:15:00,94.18,94.3153,94.18,94.3153,15735.0
2026-03-16 08:20:00,94.39,94.41,94.35,94.4094,1051.0
2026-03-16 08:25:00,94.49,94.51,94.49,94.51,518.0
2026-03-16 08:30:00,94.57,94.57,94.4946,94.5,1510.0
2026-03-16 08:35:00,94.51,94.54,94.48,94.54,1314.0
2026-03-16 08:40:00,94.5305,94.5305,94.46,94.5,1060.0
2026-03-16 08:45:00,94.5054,94.5054,94.41,94.42,4564.0
2026-03-16 08:50:00,94.39,94.39,94.34,94.38,25923.0
2026-03-16 08:55:00,94.43,94.43,94.43,94.43,100.0
2026-03-16 09:00:00,94.43,94.43,94.43,94.43,300.0
2026-03-16 09:05:00,94.41,94.48,94.41,94.47,1050.0
2026-03-16 09:10:00,94.5,94.5,94.5,94.5,139.0
2026-03-16 09:15:00,94.56,94.63,94.56,94.62,2470.0
2026-03-16 09:20:00,94.56,94.56,94.54,94.54,1500.0
2026-03-16 09:25:00,94.61,94.61,94.48,94.48,1602.0
2026-03-16 09:30:00,94.47,94.645,94.43,94.625,252797.0
2026-03-16 09:35:00,94.63,94.75,94.6,94.63,115816.0
2026-03-16 09:40:00,94.61,94.72,94.515,94.68,126436.0
2026-03-16 09:45:00,94.675,94.72,94.54,94.63,143740.0
2026-03-16 09:50:00,94.63,94.64,94.54,94.63,142047.0
2026-03-16 09:55:00,94.63,94.67,94.52,94.64,81696.0
2026-03-16 10:00:00,94.65,94.73,94.595,94.6601,93334.0
2026-03-16 10:05:00,94.67,94.8,94.655,94.706,145046.0
2026-03-16 10:10:00,94.685,94.79,94.615,94.62,107880.0
2026-03-16 10:15:00,94.63,94.65,94.55,94.55,96243.0
2026-03-16 10:20:00,94.54,94.61,94.455,94.5,89963.0
2026-03-16 10:25:00,94.49,94.49,94.36,94.36,87165.0
2026-03-16 10:30:00,94.36,94.37,94.22,94.3,143361.0
2026-03-16 10:35:00,94.29,94.335,94.21,94.21,60999.0
2026-03-16 10:40:00,94.21,94.26,94.09,94.105,95361.0
2026-03-16 10:45:00,94.1,94.13,93.87,94.08,264701.0
2026-03-16 10:50:00,94.07,94.075,93.93,94.018,103994.0
2026-03-16 10:55:00,94.005,94.12,93.94,94.02,97233.0
2026-03-16 11:00:00,94.01,94.13,93.95,94.07,119693.0
2026-03-16 11:05:00,94.07,94.075,93.96,94.035,60674.0
2026-03-16 11:10:00,94.0245,94.06,93.91,94.06,81435.0
2026-03-16 11:15:00,94.05,94.1768,94.05,94.1768,45480.0
2026-03-16 11:20:00,94.16,94.195,94.11,94.12,52468.0
2026-03-16 11:25:00,94.11,94.11,93.79,93.93,1248551.0
2026-03-16 11:30:00,93.93,94.0,93.91,93.99,74492.0
2026-03-16 11:35:00,94.0,94.12,94.0,94.095,44670.0
2026-03-16 11:40:00,94.09,94.15,94.02,94.02,56173.0
2026-03-16 11:45:00,94.015,94.07,93.955,94.0,64484.0
2026-03-16 11:50:00,93.99,93.99,93.825,93.885,94734.0
2026-03-16 11:55:00,93.87,93.9,93.77,93.835,79464.0
2026-03-16 12:00:00,93.84,93.94,93.815,93.8675,48858.0
2026-03-16 12:05:00,93.87,94.02,93.87,93.96,65902.0
2026-03-16 12:10:00,93.96,94.06,93.96,94.02,56129.0
2026-03-16 12:15:00,94.0031,94.045,93.94,93.955,103678.0
2026-03-16 12:20:00,93.955,93.9701,93.85,93.855,34378.0
2026-03-16 12:25:00,93.855,93.8604,93.66,93.71,161775.0
2026-03-16 12:30:00,93.71,93.76,93.63,93.64,92656.0
2026-03-16 12:35:00,93.63,93.8,93.6,93.795,143042.0
2026-03-16 12:40:00,93.79,93.895,93.785,93.84,45974.0
2026-03-16 12:45:00,93.85,93.9,93.78,93.9,59990.0
2026-03-16 12:50:00,93.89,93.9451,93.89,93.931,90476.0
2026-03-16 12:55:00,93.94,93.945,93.88,93.91,127091.0
2026-03-16 13:00:00,93.92,94.03,93.915,93.9636,192005.0
2026-03-16 13:05:00,93.965,94.03,93.965,94.01,41214.0
2026-03-16 13:10:00,94.02,94.155,94.02,94.12,77672.0
2026-03-16 13:15:00,94.13,94.14,94.075,94.105,59894.0
2026-03-16 13:20:00,94.1,94.11,94.025,94.025,73432.0
2026-03-16 13:25:00,94.04,94.1,93.99,94.0,46479.0
2026-03-16 13:30:00,94.02,94.02,93.87,93.9,104589.0
2026-03-16 13:35:00,93.89,93.895,93.83,93.83,29284.0
2026-03-16 13:40:00,93.83,93.87,93.815,93.85,52624.0
2026-03-16 13:45:00,93.86,93.95,93.81,93.83,139538.0
2026-03-16 13:50:00,93.83,93.8899,93.795,93.85,231408.0
2026-03-16 13:55:00,93.854,93.925,93.85,93.915,72178.0
2026-03-16 14:00:00,93.93,94.0,93.93,93.94,22435.0
2026-03-16 14:05:00,93.945,94.08,93.9,94.07,172394.0
2026-03-16 14:10:00,94.075,94.095,94.045,94.065,25951.0
2026-03-16 14:15:00,94.075,94.1,94.04,94.04,29868.0
2026-03-16 14:20:00,94.035,94.09,94.03,94.075,19466.0
2026-03-16 14:25:00,94.065,94.2373,94.06,94.19,102748.0
2026-03-16 14:30:00,94.19,94.3,94.185,94.29,37175.0
2026-03-16 14:35:00,94.285,94.35,94.245,94.34,34010.0
2026-03-16 14:40:00,94.34,94.37,94.31,94.345,34005.0
2026-03-16 14:45:00,94.3547,94.41,94.34,94.37,74814.0
2026-03-16 14:50:00,94.37,94.4101,94.335,94.35,97873.0
2026-03-16 14:55:00,94.345,94.345,94.3,94.32,44318.0
2026-03-16 15:00:00,94.33,94.4,94.29,94.305,44021.0
2026-03-16 15:05:00,94.31,94.4,94.255,94.4,53695.0
2026-03-16 15:10:00,94.42,94.46,94.2817,94.31,87859.0
2026-03-16 15:15:00,94.3,94.37,94.2901,94.315,41119.0
2026-03-16 15:20:00,94.32,94.36,94.285,94.305,139543.0
2026-03-16 15:25:00,94.316,94.325,94.26,94.275,109159.0
2026-03-16 15:30:00,94.275,94.3,94.24,94.27,30917.0
2026-03-16 15:35:00,94.26,94.345,94.25,94.33,47556.0
2026-03-16 15:40:00,94.33,94.36,94.268,94.27,34684.0
2026-03-16 15:45:00,94.2745,94.3,94.24,94.286,39823.0
2026-03-16 15:50:00,94.29,94.39,94.27,94.345,60961.0
2026-03-16 15:55:00,94.345,94.38,94.305,94.34,148596.0
2026-03-16 16:00:00,94.33,94.33,94.3,94.3,67274.0
2026-03-16 16:05:00,94.45,94.45,94.45,94.45,199.0
2026-03-16 16:10:00,94.41,94.41,94.381,94.381,13318.0
2026-03-16 16:20:00,94.36,94.36,94.36,94.36,100.0
2026-03-16 16:25:00,94.4,94.41,94.4,94.41,4872.0
2026-03-16 16:30:00,94.3,94.3,94.3,94.3,100.0
2026-03-16 16:35:00,94.25,94.27,94.25,94.26,6931.0
2026-03-16 16:40:00,94.2964,94.2964,94.25,94.25,600.0
2026-03-16 16:55:00,94.1667,94.1667,94.1667,94.1667,106.0
2026-03-16 17:05:00,94.24,94.24,94.24,94.24,1001.0
2026-03-16 17:20:00,94.17,94.17,94.17,94.17,100.0
2026-03-16 17:30:00,94.25,94.25,94.25,94.25,100.0
2026-03-16 17:45:00,94.18,94.18,94.0484,94.0484,600.0
2026-03-16 18:00:00,94.24,94.3,94.24,94.3,1337.0
2026-03-16 18:05:00,94.3,94.3,94.3,94.3,500.0
2026-03-16 18:10:00,94.2897,94.2897,94.18,94.18,1594.0
2026-03-16 18:15:00,94.2147,94.2444,94.21,94.2444,383.0
2026-03-16 18:20:00,94.15,94.15,94.15,94.15,100.0
2026-03-16 18:50:00,94.1508,94.2,94.1508,94.17,927.0
2026-03-16 19:00:00,94.16,94.16,94.16,94.16,200.0
2026-03-16 19:05:00,94.1591,94.1591,94.1591,94.1591,607.0
2026-03-16 19:15:00,94.2,94.2,94.2,94.2,1000.0
2026-03-16 19:20:00,94.24,94.24,94.24,94.24,100.0
2026-03-16 19:25:00,94.26,94.26,94.26,94.26,525.0
2026-03-17 04:00:00,94.54,94.55,94.54,94.55,50676.0
2026-03-17 04:05:00,94.55,94.56,94.47,94.47,202560.0
2026-03-17 04:10:00,94.54,94.55,94.54,94.55,100652.0
2026-03-17 04:15:00,94.58,94.59,94.58,94.59,28500.0
2026-03-17 04:20:00,94.61,94.61,94.58,94.6,21815.0
2026-03-17 04:25:00,94.55,94.55,94.47,94.5,87404.0
2026-03-17 04:30:00,94.5,94.5,94.5,94.5,13163.0
2026-03-17 04:45:00,94.5,94.5,94.5,94.5,100.0
2026-03-17 04:50:00,94.51,94.51,94.51,94.51,100.0
2026-03-17 04:55:00,94.56,94.56,94.56,94.56,100.0
2026-03-17 05:05:00,94.42,94.42,94.42,94.42,160.0
2026-03-17 05:10:00,94.38,94.39,94.38,94.39,494.0
2026-03-17 05:15:00,94.35,94.35,94.35,94.35,2911.0
2026-03-17 05:25:00,94.42,94.42,94.42,94.42,180.0
2026-03-17 05:30:00,94.36,94.37,94.36,94.37,320.0
2026-03-17 05:35:00,94.36,94.36,94.36,94.36,350.0
2026-03-17 05:40:00,94.32,94.32,94.32,94.32,108.0
2026-03-17 05:55:00,94.3,94.3,94.3,94.3,100.0
2026-03-17 06:00:00,94.28,94.3,94.28,94.28,414.0
2026-03-17 06:05:00,94.25,94.25,94.19,94.19,729.0
2026-03-17 06:15:00,94.19,94.19,94.19,94.19,200.0
2026-03-17 06:20:00,94.23,94.23,94.23,94.23,2000.0
2026-03-17 06:25:00,94.15,94.15,94.15,94.15,159.0
2026-03-17 06:30:00,94.24,94.24,94.23,94.23,320.0
2026-03-17 06:35:00,94.17,94.17,94.17,94.17,100.0
2026-03-17 06:40:00,94.02,94.09,93.98,94.09,3055.0
2026-03-17 06:45:00,94.1,94.1,94.06,94.06,413.0
2026-03-17 06:55:00,94.15,94.15,94.15,94.15,160.0
2026-03-17 07:00:00,94.05,94.051,94.05,94.051,620.0
2026-03-17 07:05:00,94.11,94.11,94.11,94.11,1981.0
2026-03-17 07:10:00,94.16,94.16,94.16,94.16,160.0
2026-03-17 07:15:00,94.22,94.25,94.22,94.25,4753.0
2026-03-17 07:25:00,94.269,94.269,94.269,94.269,300.0
2026-03-17 07:30:00,94.22,94.22,94.22,94.22,100.0
2026-03-17 07:35:00,94.23,94.23,94.23,94.23,130.0
2026-03-17 07:45:00,94.29,94.29,94.29,94.29,100.0
2026-03-17 07:50:00,94.24,94.24,94.24,94.24,160.0
2026-03-17 08:00:00,94.27,94.9,94.05,94.0703,16867.0
2026-03-17 08:05:00,94.13,94.13,94.13,94.13,107.0
2026-03-17 08:10:00,94.27,94.27,94.24,94.26,1727.0
2026-03-17 08:15:00,94.27,94.27,94.27,94.27,160.0
2026-03-17 08:20:00,94.36,94.4,94.36,94.4,2065.0
2026-03-17 08:25:00,94.42,94.45,94.42,94.45,459.0
2026-03-17 08:30:00,94.5,94.5,94.48,94.48,336.0
2026-03-17 08:35:00,94.44,94.44,94.41,94.41,320.0
2026-03-17 08:40:00,94.43,94.43,94.42,94.42,331.0
2026-03-17 08:45:00,94.37,94.37,94.32,94.32,583.0
2026-03-17 08:50:00,94.32,94.34,94.32,94.34,100255.0
2026-03-17 08:55:00,94.32,94.34,94.32,94.34,348.0
2026-03-17 09:00:00,94.31,94.31,94.31,94.31,100.0
2026-03-17 09:05:00,94.37,94.4,94.36,94.4,2080.0
2026-03-17 09:10:00,94.35,94.4,94.35,94.4,900.0
2026-03-17 09:15:00,94.44,94.44,94.38,94.38,925.0
2026-03-17 09:20:00,94.39,94.39,94.39,94.39,250.0
2026-03-17 09:25:00,94.37,94.37,94.33,94.33,279.0
2026-03-17 09:30:00,94.34,94.595,94.305,94.555,183460.0
2026-03-17 09:35:00,94.555,94.56,94.43,94.56,153192.0
2026-03-17 09:40:00,94.57,94.68,94.515,94.6,185511.0
2026-03-17 09:45:00,94.605,94.6103,94.49,94.56,550292.0
2026-03-17 09:50:00,94.555,94.555,94.11,94.33,637313.0
2026-03-17 09:55:00,94.33,94.425,94.31,94.385,422515.0
2026-03-17 10:00:00,94.4,94.41,94.27,94.29,147588.0
2026-03-17 10:05:00,94.29,94.47,94.28,94.41,180564.0
2026-03-17 10:10:00,94.42,94.46,94.37,94.42,61938.0
2026-03-17 10:15:00,94.425,94.43,94.31,94.32,70583.0
2026-03-17 10:20:00,94.32,94.36,94.265,94.275,55204.0
2026-03-17 10:25:00,94.265,94.31,94.22,94.245,84289.0
2026-03-17 10:30:00,94.24,94.27,94.15,94.25,62576.0
2026-03-17 10:35:00,94.27,94.33,94.228,94.26,38461.0
2026-03-17 10:40:00,94.28,94.36,94.24,94.34,44565.0
2026-03-17 10:45:00,94.3446,94.4551,94.3286,94.45,45921.0
2026-03-17 10:50:00,94.45,94.46,94.255,94.27,42592.0
2026-03-17 10:55:00,94.29,94.3,94.22,94.225,56223.0
2026-03-17 11:00:00,94.22,94.405,94.21,94.38,142210.0
2026-03-17 11:05:00,94.38,94.41,94.16,94.28,213410.0
2026-03-17 11:10:00,94.27,94.3051,94.23,94.24,56011.0
2026-03-17 11:15:00,94.24,94.365,94.24,94.28,38169.0
2026-03-17 11:20:00,94.305,94.3511,94.19,94.23,49572.0
2026-03-17 11:25:00,94.2203,94.2655,93.975,93.99,105621.0
2026-03-17 11:30:00,93.99,94.095,93.935,93.96,90776.0
2026-03-17 11:35:00,93.965,94.0,93.74,93.76,257120.0
2026-03-17 11:40:00,93.76,93.81,93.59,93.8,186957.0
2026-03-17 11:45:00,93.8,93.98,93.8,93.9251,70995.0
2026-03-17 11:50:00,93.935,94.04,93.93,94.01,32856.0
2026-03-17 11:55:00,94.01,94.0651,93.99,94.05,22219.0
2026-03-17 12:00:00,94.06,94.0651,93.95,93.985,103371.0
2026-03-17 12:05:00,93.97,94.05,93.94,93.97,69778.0
2026-03-17 12:10:00,93.97,94.0698,93.97,93.99,29665.0
2026-03-17 12:15:00,93.98,94.14,93.9501,94.1,85986.0
2026-03-17 12:20:00,94.085,94.1355,94.06,94.12,38109.0
2026-03-17 12:25:00,94.1299,94.185,94.1299,94.18,57502.0
2026-03-17 12:30:00,94.17,94.2,94.13,94.155,25075.0
2026-03-17 12:35:00,94.16,94.17,94.095,94.11,27344.0
2026-03-17 12:40:00,94.11,94.13,94.085,94.13,20114.0
2026-03-17 12:45:00,94.145,94.15,94.065,94.075,27250.0
2026-03-17 12:50:00,94.08,94.12,94.055,94.095,34003.0
2026-03-17 12:55:00,94.085,94.155,94.085,94.12,20067.0
2026-03-17 13:00:00,94.115,94.215,94.115,94.18,54831.0
2026-03-17 13:05:00,94.175,94.21,94.145,94.205,17921.0
2026-03-17 13:10:00,94.185,94.2,94.14,94.15,34440.0
2026-03-17 13:15:00,94.15,94.16,94.13,94.16,21559.0
2026-03-17 13:20:00,94.17,94.25,94.16,94.2055,25704.0
2026-03-17 13:25:00,94.21,94.24,94.12,94.135,86885.0
2026-03-17 13:30:00,94.14,94.18,94.13,94.16,38888.0
2026-03-17 13:35:00,94.165,94.2,94.14,94.15,67044.0
2026-03-17 13:40:00,94.14,94.16,94.04,94.04,60911.0
2026-03-17 13:45:00,94.045,94.0852,94.02,94.0852,22884.0
2026-03-17 13:50:00,94.08,94.13,94.0798,94.125,30403.0
2026-03-17 13:55:00,94.13,94.1601,94.12,94.135,16080.0
2026-03-17 14:00:00,94.145,94.2,94.12,94.19,39884.0
2026-03-17 14:05:00,94.21,94.23,94.1901,94.2076,51020.0
2026-03-17 14:10:00,94.205,94.24,94.185,94.21,25827.0
2026-03-17 14:15:00,94.21,94.24,94.21,94.24,17616.0
2026-03-17 14:20:00,94.235,94.27,94.2194,94.22,21346.0
2026-03-17 14:25:00,94.21,94.22,94.17,94.175,30755.0
2026-03-17 14:30:00,94.16,94.16,94.09,94.155,31453.0
2026-03-17 14:35:00,94.14,94.1751,94.135,94.135,16969.0
2026-03-17 14:40:00,94.13,94.17,94.13,94.1575,67219.0
2026-03-17 14:45:00,94.15,94.2399,94.15,94.225,48073.0
2026-03-17 14:50:00,94.22,94.245,94.205,94.225,22446.0
2026-03-17 14:55:00,94.225,94.225,94.1571,94.16,65016.0
2026-03-17 15:00:00,94.155,94.1951,94.11,94.1951,53213.0
2026-03-17 15:05:00,94.19,94.19,94.13,94.1555,68244.0
2026-03-17 15:10:00,94.155,94.16,94.0901,94.115,164264.0
2026-03-17 15:15:00,94.11,94.134,94.0901,94.1,27582.0
2026-03-17 15:20:00,94.1,94.1098,94.06,94.091,215180.0
2026-03-17 15:25:00,94.1007,94.1007,94.05,94.08,47004.0
2026-03-17 15:30:00,94.08,94.1,94.015,94.065,100139.0
2026-03-17 15:35:00,94.075,94.1151,94.07,94.09,38036.0
2026-03-17 15:40:00,94.09,94.1451,94.081,94.115,118402.0
2026-03-17 15:45:00,94.1151,94.1375,94.065,94.11,145170.0
2026-03-17 15:50:00,94.11,94.115,94.07,94.11,55125.0
2026-03-17 15:55:00,94.11,94.11,94.04,94.085,233367.0
2026-03-17 16:00:00,94.07,94.1,94.07,94.1,79784.0
2026-03-17 16:05:00,94.1757,94.19,94.1757,94.19,200.0
2026-03-17 16:10:00,94.18,94.18,94.18,94.18,1000.0
2026-03-17 16:20:00,94.15,94.15,94.15,94.15,2419.0
2026-03-17 16:30:00,94.18,94.18,94.18,94.18,448.0
2026-03-17 16:40:00,94.16,94.16,94.16,94.16,820.0
2026-03-17 16:55:00,94.12,94.14,94.12,94.14,392.0
2026-03-17 17:00:00,94.15,94.15,94.15,94.15,3260.0
2026-03-17 17:15:00,94.36,94.36,94.36,94.36,255.0
2026-03-17 17:35:00,94.293,94.293,94.293,94.293,100.0
2026-03-17 17:50:00,94.17,94.17,94.17,94.17,200.0
2026-03-17 18:00:00,94.13,94.13,94.13,94.13,250.0
2026-03-17 18:35:00,94.1,94.1,94.1,94.1,100.0
2026-03-17 18:40:00,94.03,94.03,94.03,94.03,100.0
2026-03-17 18:45:00,94.01,94.01,93.99,93.99,2059.0
2026-03-17 19:25:00,94.1,94.1,94.1,94.1,1701.0
2026-03-17 19:30:00,94.12,94.12,94.12,94.12,100.0
2026-03-17 19:55:00,94.09,94.09,94.09,94.09,106.0
2026-03-18 04:00:00,93.86,93.98,93.86,93.98,524.0
2026-03-18 04:15:00,93.9,93.9,93.9,93.9,100.0
2026-03-18 04:20:00,93.93,93.93,93.82,93.82,1750.0
2026-03-18 04:25:00,93.83,93.83,93.83,93.83,200.0
2026-03-18 04:30:00,93.89,93.9,93.89,93.9,390.0
2026-03-18 04:35:00,93.87,93.87,93.86,93.86,297.0
2026-03-18 04:40:00,93.82,93.82,93.82,93.82,100.0
2026-03-18 04:45:00,93.8,93.88,93.8,93.88,319.0
2026-03-18 04:55:00,93.87,93.87,93.86,93.86,5400.0
2026-03-18 05:05:00,93.91,93.91,93.9,93.91,3108.0
2026-03-18 05:15:00,93.82,93.82,93.82,93.82,293.0
2026-03-18 05:30:00,93.98,93.98,93.98,93.98,108.0
2026-03-18 05:35:00,93.98,93.98,93.98,93.98,5485.0
2026-03-18 05:55:00,93.96,93.96,93.93,93.93,570.0
2026-03-18 06:10:00,93.88,93.88,93.88,93.88,190.0
2026-03-18 06:15:00,93.85,93.85,93.85,93.85,100.0
2026-03-18 06:25:00,93.85,93.85,93.79,93.79,1550.0
2026-03-18 06:30:00,93.85,93.85,93.74,93.74,1059.0
2026-03-18 06:35:00,93.64,93.64,93.35,93.58,5957.0
2026-03-18 06:40:00,93.68,93.68,93.67,93.67,490.0
2026-03-18 06:45:00,93.65,93.68,93.65,93.68,1038.0
2026-03-18 06:50:00,93.62,93.62,93.58,93.58,394.0
2026-03-18 06:55:00,93.58,93.58,93.45,93.51,2963.0
2026-03-18 07:00:00,93.5,93.52,93.34,93.35,5720.0
2026-03-18 07:05:00,93.28,93.281,93.18,93.2,9939.0
2026-03-18 07:10:00,93.3,93.34,93.3,93.34,558.0
2026-03-18 07:20:00,93.58,93.58,93.5,93.5,490.0
2026-03-18 07:25:00,93.44,93.449,93.1,93.11,2414.0
2026-03-18 07:30:00,93.24,93.36,93.24,93.36,5800.0
2026-03-18 07:35:00,93.09,93.16,93.09,93.1,2227.0
2026-03-18 07:40:00,93.06,93.06,92.86,92.89,13619.0
2026-03-18 07:45:00,92.89,92.93,92.8,92.93,2856.0
2026-03-18 07:50:00,92.95,92.95,92.82,92.82,480.0
2026-03-18 07:55:00,92.8,92.85,92.7,92.77,1695.0
2026-03-18 08:00:00,93.21,94.35,92.62,92.75,22844.0
2026-03-18 08:05:00,92.801,92.82,92.46,92.49,9328.0
2026-03-18 08:10:00,92.48,92.51,92.331,92.3521,6143.0
2026-03-18 08:15:00,92.3,92.32,92.2,92.31,4024.0
2026-03-18 08:20:00,92.3111,92.33,92.2,92.25,51724.0
2026-03-18 08:25:00,92.28,92.3,92.14,92.25,78240.0
2026-03-18 08:30:00,92.18,92.18,91.96,92.04,14437.0
2026-03-18 08:35:00,92.0,92.0,91.83,91.972,30806.0
2026-03-18 08:40:00,91.99,92.04,91.73,91.81,7570.0
2026-03-18 08:45:00,91.72,91.8,91.71,91.71,4113.0
2026-03-18 08:50:00,91.72,92.04,91.67,91.96,16783.0
2026-03-18 08:55:00,91.96,91.96,91.8,91.84,10252.0
2026-03-18 09:00:00,91.72,91.72,91.34,91.5596,37013.0
2026-03-18 09:05:00,91.46,91.58,91.46,91.56,8686.0
2026-03-18 09:10:00,91.49,91.54,91.26,91.4681,3286.0
2026-03-18 09:15:00,91.3222,91.3222,91.0,91.2968,10921.0
2026-03-18 09:20:00,91.309,91.53,91.29,91.4301,7367.0
2026-03-18 09:25:00,91.54,91.56,91.42,91.5,8477.0
2026-03-18 09:30:00,91.485,91.52,91.29,91.42,526927.0
2026-03-18 09:35:00,91.41,91.64,91.37,91.6,140953.0
2026-03-18 09:40:00,91.615,91.935,91.57,91.7,178628.0
2026-03-18 09:45:00,91.71,91.82,91.6,91.68,197467.0
2026-03-18 09:50:00,91.66,91.68,91.47,91.68,155786.0
2026-03-18 09:55:00,91.685,91.84,91.6,91.79,141014.0
2026-03-18 10:00:00,91.79,91.955,91.685,91.92,556244.0
2026-03-18 10:05:00,91.91,92.105,91.91,92.07,210737.0
2026-03-18 10:10:00,92.08,92.08,91.835,91.86,156568.0
2026-03-18 10:15:00,91.85,91.8979,91.685,91.69,153031.0
2026-03-18 10:20:00,91.69,91.7,91.52,91.575,2498062.0
2026-03-18 10:25:00,91.58,91.58,91.435,91.45,627881.0
2026-03-18 10:30:00,91.47,91.54,91.39,91.48,570142.0
2026-03-18 10:35:00,91.48,91.5401,91.38,91.46,229713.0
2026-03-18 10:40:00,91.445,91.52,91.41,91.4701,204470.0
2026-03-18 10:45:00,91.48,91.65,91.48,91.565,442251.0
2026-03-18 10:50:00,91.575,91.63,91.48,91.535,44906.0
2026-03-18 10:55:00,91.53,91.6898,91.52,91.63,353115.0
2026-03-18 11:00:00,91.62,91.735,91.56,91.63,207939.0
2026-03-18 11:05:00,91.63,91.79,91.63,91.79,67894.0
2026-03-18 11:10:00,91.77,91.77,91.64,91.735,92193.0
2026-03-18 11:15:00,91.74,91.8277,91.71,91.74,76943.0
2026-03-18 11:20:00,91.745,91.765,91.59,91.71,106700.0
2026-03-18 11:25:00,91.72,91.72,91.61,91.675,72078.0
2026-03-18 11:30:00,91.66,91.725,91.65,91.7,116174.0
2026-03-18 11:35:00,91.71,91.745,91.675,91.69,64397.0
2026-03-18 11:40:00,91.695,91.72,91.535,91.535,79220.0
2026-03-18 11:45:00,91.525,91.575,91.46,91.51,109790.0
2026-03-18 11:50:00,91.5,91.56,91.49,91.535,80173.0
2026-03-18 11:55:00,91.53,91.57,91.485,91.49,136554.0
2026-03-18 12:00:00,91.494,91.63,91.46,91.55,52513.0
2026-03-18 12:05:00,91.555,91.645,91.555,91.62,114463.0
2026-03-18 12:10:00,91.63,91.8099,91.63,91.7801,36441.0
2026-03-18 12:15:00,91.7779,91.795,91.715,91.76,74042.0
2026-03-18 12:20:00,91.765,91.815,91.735,91.765,43885.0
2026-03-18 12:25:00,91.8,91.88,91.755,91.875,90281.0
2026-03-18 12:30:00,91.8658,91.875,91.745,91.8,1478973.0
2026-03-18 12:35:00,91.8,91.825,91.71,91.815,77663.0
2026-03-18 12:40:00,91.825,91.885,91.775,91.885,44128.0
2026-03-18 12:45:00,91.88,91.925,91.845,91.865,54239.0
2026-03-18 12:50:00,91.8601,92.0,91.83,91.965,52949.0
2026-03-18 12:55:00,91.94,92.02,91.935,91.9669,49382.0
2026-03-18 13:00:00,91.965,92.01,91.91,91.99,56139.0
2026-03-18 13:05:00,91.9899,92.0112,91.94,91.9699,45755.0
2026-03-18 13:10:00,91.9655,91.98,91.895,91.96,36800.0
2026-03-18 13:15:00,91.965,92.015,91.935,92.005,40216.0
2026-03-18 13:20:00,92.01,92.14,91.98,92.135,63439.0
2026-03-18 13:25:00,92.145,92.16,92.04,92.04,60356.0
2026-03-18 13:30:00,92.04,92.1,91.97,92.1,38877.0
2026-03-18 13:35:00,92.13,92.19,92.12,92.18,55826.0
2026-03-18 13:40:00,92.16,92.165,92.02,92.105,55161.0
2026-03-18 13:45:00,92.11,92.13,92.025,92.045,18748.0
2026-03-18 13:50:00,92.02,92.085,91.9999,92.015,25401.0
2026-03-18 13:55:00,92.025,92.07,92.01,92.02,24146.0
2026-03-18 14:00:00,92.0201,92.19,91.885,92.01,186477.0
2026-03-18 14:05:00,92.0023,92.0023,91.85,91.9,95160.0
2026-03-18 14:10:00,91.8999,92.015,91.855,91.975,73522.0
2026-03-18 14:15:00,91.97,92.015,91.815,91.92,114342.0
2026-03-18 14:20:00,91.915,91.975,91.84,91.855,64733.0
2026-03-18 14:25:00,91.855,91.955,91.785,91.955,56069.0
2026-03-18 14:30:00,91.925,91.985,91.68,91.775,147965.0
2026-03-18 14:35:00,91.77,91.985,91.74,91.75,109763.0
2026-03-18 14:40:00,91.75,91.88,91.75,91.8,68418.0
2026-03-18 14:45:00,91.79,91.7956,91.595,91.61,173550.0
2026-03-18 14:50:00,91.605,91.64,91.5,91.54,116667.0
2026-03-18 14:55:00,91.535,91.565,91.315,91.325,215030.0
2026-03-18 15:00:00,91.32,91.4,91.145,91.4,200908.0
2026-03-18 15:05:00,91.395,91.43,91.31,91.405,99444.0
2026-03-18 15:10:00,91.39,91.48,91.265,91.4,71288.0
2026-03-18 15:15:00,91.4,91.545,91.39,91.485,155775.0
2026-03-18 15:20:00,91.47,91.5,91.165,91.21,118772.0
2026-03-18 15:25:00,91.21,91.2752,91.15,91.24,75346.0
2026-03-18 15:30:00,91.26,91.39,91.23,91.385,111438.0
2026-03-18 15:35:00,91.3899,91.45,91.355,91.385,109542.0
2026-03-18 15:40:00,91.381,91.42,91.205,91.275,98169.0
2026-03-18 15:45:00,91.28,91.2851,91.125,91.16,242774.0
2026-03-18 15:50:00,91.16,91.19,91.04,91.145,215287.0
2026-03-18 15:55:00,91.14,91.18,91.07,91.1399,563785.0
2026-03-18 16:00:00,91.13,91.21,91.12,91.12,267883.0
2026-03-18 16:05:00,91.15,91.1504,91.03,91.0539,1260.0
2026-03-18 16:10:00,91.11,91.11,90.8,90.8,8810.0
2026-03-18 16:15:00,90.78,91.14,90.72,90.8151,902710.0
2026-03-18 16:20:00,90.73,90.87,90.73,90.75,13929.0
2026-03-18 16:25:00,90.8,90.8,90.54,90.54,8896.0
2026-03-18 16:30:00,90.5,90.52,90.49,90.519,1926.0
2026-03-18 16:35:00,90.56,90.67,90.56,90.63,1904.0
2026-03-18 16:40:00,90.72,90.75,90.7,90.75,14216.0
2026-03-18 16:45:00,90.75,90.82,90.63,90.82,3339.0
2026-03-18 16:50:00,90.78,90.8058,90.69,90.69,1016.0
2026-03-18 16:55:00,90.72,90.74,90.72,90.74,1478.0
2026-03-18 17:00:00,90.74,90.85,90.74,90.85,300.0
2026-03-18 17:05:00,90.9388,90.9388,90.74,90.74,500.0
2026-03-18 17:10:00,90.66,90.78,90.66,90.78,15100.0
2026-03-18 17:20:00,90.75,90.75,90.75,90.75,3455.0
2026-03-18 17:25:00,90.7234,90.7234,90.7234,90.7234,102.0
2026-03-18 17:30:00,90.677,90.677,90.677,90.677,554.0
2026-03-18 17:35:00,90.66,90.66,90.66,90.66,235.0
2026-03-18 17:40:00,90.66,90.66,90.66,90.66,500.0
2026-03-18 17:45:00,90.68,90.68,90.68,90.68,232.0
2026-03-18 18:00:00,90.74,90.83,90.7,90.83,7034.0
2026-03-18 18:05:00,90.849,90.849,90.849,90.849,100.0
2026-03-18 18:10:00,90.68,90.68,90.65,90.65,443.0
2026-03-18 18:15:00,90.65,90.65,90.5024,90.52,8240.0
2026-03-18 18:20:00,90.658,90.658,90.47,90.49,1944.0
2026-03-18 18:25:00,90.65,90.65,90.65,90.65,100.0
2026-03-18 18:35:00,90.6622,90.7606,90.6622,90.75,900.0
2026-03-18 18:40:00,90.83,90.87,90.82,90.83,1195.0
2026-03-18 18:45:00,90.86,91.0,90.86,91.0,300.0
2026-03-18 18:50:00,90.9,91.0,90.9,91.0,295.0
2026-03-18 18:55:00,90.89,90.89,90.89,90.89,500.0
2026-03-18 19:05:00,90.96,90.96,90.96,90.96,200.0
2026-03-18 19:10:00,90.95,90.96,90.95,90.96,200.0
2026-03-18 19:15:00,90.96,90.96,90.86,90.86,438.0
2026-03-18 19:20:00,90.88,90.91,90.88,90.91,335.0
2026-03-18 19:25:00,91.0,91.03,91.0,91.03,4677.0
2026-03-18 19:30:00,91.05,91.05,91.05,91.05,200.0
2026-03-18 19:35:00,91.0099,91.0397,91.0001,91.0291,2670.0
2026-03-18 19:40:00,91.03,91.03,91.0,91.0,350.0
2026-03-18 19:45:00,90.91,90.9948,90.91,90.9948,4697.0
2026-03-18 19:50:00,90.9,90.95,90.9,90.95,261.0
2026-03-18 19:55:00,90.9209,91.03,90.9209,91.0,3530.0
2026-03-19 04:00:00,88.99,89.87,88.99,89.15,11305.0
2026-03-19 04:05:00,89.1,89.1,88.72,88.72,2909.0
2026-03-19 04:10:00,88.77,88.81,88.5,88.5,17898.0
2026-03-19 04:15:00,88.89,89.01,88.85,89.01,655.0
2026-03-19 04:20:00,88.97,89.02,88.97,88.97,1714.0
2026-03-19 04:25:00,89.0,89.0,88.75,88.75,1289.0
2026-03-19 04:30:00,88.71,88.77,88.44,88.45,32883.0
2026-03-19 04:35:00,88.6,88.9,88.6,88.74,28682.0
2026-03-19 04:40:00,88.5,88.5,88.21,88.23,2458.0
2026-03-19 04:45:00,88.19,88.77,88.19,88.68,62535.0
2026-03-19 04:50:00,88.63,88.72,88.63,88.7,1130.0
2026-03-19 04:55:00,88.64,88.64,88.64,88.64,118.0
2026-03-19 05:00:00,88.78,88.78,88.66,88.66,690.0
2026-03-19 05:05:00,88.71,88.72,88.36,88.36,2837.0
2026-03-19 05:10:00,88.42,88.42,88.23,88.23,2236.0
2026-03-19 05:15:00,88.39,88.62,88.38,88.62,804.0
2026-03-19 05:20:00,88.65,88.75,88.64,88.64,658.0
2026-03-19 05:25:00,88.66,88.66,88.53,88.6,1143.0
2026-03-19 05:30:00,88.81,88.9,88.81,88.84,1380.0
2026-03-19 05:35:00,88.7,88.7,88.69,88.69,1226.0
2026-03-19 05:40:00,88.61,88.61,88.6,88.6,800.0
2026-03-19 05:45:00,88.6,88.7,88.6,88.7,1994.0
2026-03-19 05:50:00,88.6,88.6,88.44,88.46,5380.0
2026-03-19 05:55:00,88.5,88.5,88.38,88.39,950.0
2026-03-19 06:00:00,88.44,88.56,88.44,88.56,2691.0
2026-03-19 06:10:00,88.66,88.66,88.45,88.45,1143.0
2026-03-19 06:15:00,88.43,88.43,88.25,88.25,500.0
2026-03-19 06:20:00,88.2,88.2,87.91,88.08,9580.0
2026-03-19 06:25:00,88.19,88.19,88.11,88.11,351.0
2026-03-19 06:30:00,88.12,88.42,87.97,88.42,8608.0
2026-03-19 06:35:00,88.39,88.4,88.23,88.28,6350.0
2026-03-19 06:40:00,88.24,88.24,88.24,88.24,356.0
2026-03-19 06:45:00,88.1,88.14,88.0,88.14,1847.0
2026-03-19 06:50:00,88.16,88.16,87.89,88.0,4028.0
2026-03-19 06:55:00,88.02,88.02,87.82,87.93,1784.0
2026-03-19 07:00:00,88.07,88.36,88.07,88.32,1648.0
2026-03-19 07:05:00,88.21,88.25,88.18,88.18,1230.0
2026-03-19 07:10:00,88.17,88.32,88.17,88.3,1818.0
2026-03-19 07:15:00,88.1,88.199,88.02,88.199,2288.0
2026-03-19 07:20:00,88.25,88.27,88.25,88.25,1981.0
2026-03-19 07:25:00,88.2,88.2,88.07,88.15,1454.0
2026-03-19 07:30:00,88.24,88.25,88.17,88.17,750.0
2026-03-19 07:35:00,88.05,88.11,87.94,88.11,6857.0
2026-03-19 07:40:00,87.98,87.98,87.69,87.73,8640.0
2026-03-19 07:45:00,87.8,87.8,87.63,87.69,12381.0
2026-03-19 07:50:00,87.67,87.67,87.55,87.55,5307.0
2026-03-19 07:55:00,87.561,87.589,87.55,87.55,2100.0
2026-03-19 08:00:00,91.2,91.31,87.05,87.08,111861.0
2026-03-19 08:05:00,87.173,87.2855,87.02,87.02,11216.0
2026-03-19 08:10:00,87.04,87.04,86.75,86.85,15582.0
2026-03-19 08:15:00,86.88,87.0688,86.83,86.89,16402.0
2026-03-19 08:20:00,86.89,86.9107,86.66,86.66,7941.0
2026-03-19 08:25:00,86.6434,86.72,86.6002,86.6002,21236.0
2026-03-19 08:30:00,86.65,86.8156,86.59,86.6494,5366.0
2026-03-19 08:35:00,86.67,86.8,86.63,86.69,31526.0
2026-03-19 08:40:00,86.64,86.64,85.8,85.8,45569.0
2026-03-19 08:45:00,85.9,85.9,85.27,85.63,123705.0
2026-03-19 08:50:00,85.8212,86.07,85.73,86.06,26197.0
2026-03-19 08:55:00,86.07,86.25,86.04,86.06,15633.0
2026-03-19 09:00:00,86.04,86.04,84.74,85.6109,73473.0
2026-03-19 09:05:00,85.74,85.87,85.22,85.29,50080.0
2026-03-19 09:10:00,85.4,85.5147,85.16,85.42,19332.0
2026-03-19 09:15:00,85.32,85.94,85.15,85.89,10063.0
2026-03-19 09:20:00,86.0,86.13,85.82,85.9,3693.0
2026-03-19 09:25:00,85.85,86.12,85.75,86.1101,5802.0
2026-03-19 09:30:00,86.1,86.215,85.75,86.18,1294206.0
2026-03-19 09:35:00,86.18,86.19,85.665,85.86,852512.0
2026-03-19 09:40:00,85.85,86.01,85.53,85.775,776968.0
2026-03-19 09:45:00,85.77,85.97,85.39,85.81,759539.0
2026-03-19 09:50:00,85.81,86.52,85.8,86.495,650755.0
2026-03-19 09:55:00,86.5,86.94,86.49,86.9,782489.0
2026-03-19 10:00:00,86.93,87.355,86.93,87.02,627512.0
2026-03-19 10:05:00,87.04,87.3,86.9,87.045,431249.0
2026-03-19 10:10:00,87.035,87.46,86.955,87.12,485906.0
2026-03-19 10:15:00,87.12,87.215,86.63,86.82,626498.0
2026-03-19 10:20:00,86.825,86.84,86.555,86.77,309842.0
2026-03-19 10:25:00,86.78,86.85,86.26,86.275,455351.0
2026-03-19 10:30:00,86.275,86.655,86.19,86.655,382281.0
2026-03-19 10:35:00,86.65,86.94,86.65,86.89,1004479.0
2026-03-19 10:40:00,86.9,86.96,86.72,86.8,328706.0
2026-03-19 10:45:00,86.8,86.87,86.6,86.83,335278.0
2026-03-19 10:50:00,86.81,87.065,86.755,86.98,241864.0
2026-03-19 10:55:00,86.955,86.97,86.52,86.59,892712.0
2026-03-19 11:00:00,86.58,86.84,86.42,86.84,550545.0
2026-03-19 11:05:00,86.84,87.27,86.82,86.86,307667.0
2026-03-19 11:10:00,86.86,87.095,86.745,87.07,180504.0
2026-03-19 11:15:00,87.06,87.09,86.61,86.73,438150.0
2026-03-19 11:20:00,86.73,86.82,86.615,86.68,202514.0
2026-03-19 11:25:00,86.69,86.75,86.48,86.605,213804.0
2026-03-19 11:30:00,86.601,86.606,86.05,86.15,445356.0
2026-03-19 11:35:00,86.16,86.245,85.98,86.12,406681.0
2026-03-19 11:40:00,86.11,86.195,85.98,86.01,518564.0
2026-03-19 11:45:00,86.0,86.27,85.9,86.24,785595.0
2026-03-19 11:50:00,86.245,86.44,86.21,86.386,218414.0
2026-03-19 11:55:00,86.39,86.75,86.29,86.48,279643.0
2026-03-19 12:00:00,86.47,86.8951,86.41,86.81,308384.0
2026-03-19 12:05:00,86.79,87.02,86.755,86.855,279728.0
2026-03-19 12:10:00,86.86,86.88,86.6,86.635,339080.0
2026-03-19 12:15:00,86.65,86.7,86.42,86.69,391660.0
2026-03-19 12:20:00,86.685,86.855,86.655,86.71,419262.0
2026-03-19 12:25:00,86.72,86.77,86.535,86.55,206005.0
2026-03-19 12:30:00,86.54,86.585,86.33,86.4251,228132.0
2026-03-19 12:35:00,86.4,86.45,86.25,86.425,156418.0
2026-03-19 12:40:00,86.43,86.7,86.41,86.419,185189.0
2026-03-19 12:45:00,86.415,86.51,86.365,86.385,142652.0
2026-03-19 12:50:00,86.39,86.465,86.105,86.285,170009.0
2026-03-19 12:55:00,86.29,86.385,86.205,86.26,194901.0
2026-03-19 13:00:00,86.24,86.43,86.185,86.37,283805.0
2026-03-19 13:05:00,86.375,86.46,86.1,86.13,125049.0
2026-03-19 13:10:00,86.15,86.25,86.055,86.16,267393.0
2026-03-19 13:15:00,86.16,86.51,86.055,86.48,133580.0
2026-03-19 13:20:00,86.49,86.7485,86.47,86.74,225298.0
2026-03-19 13:25:00,86.74,86.79,86.53,86.59,263985.0
2026-03-19 13:30:00,86.61,86.89,86.61,86.675,168905.0
2026-03-19 13:35:00,86.66,86.69,86.55,86.65,152406.0
2026-03-19 13:40:00,86.645,86.73,86.5999,86.625,159321.0
2026-03-19 13:45:00,86.64,86.785,86.635,86.74,138944.0
2026-03-19 13:50:00,86.74,87.1,86.73,87.01,218276.0
2026-03-19 13:55:00,87.0,87.01,86.82,86.85,156896.0
2026-03-19 14:00:00,86.84,86.89,86.625,86.74,381355.0
2026-03-19 14:05:00,86.75,86.785,86.565,86.74,109231.0
2026-03-19 14:10:00,86.75,86.86,86.73,86.82,78986.0
2026-03-19 14:15:00,86.81,86.87,86.67,86.7165,81913.0
2026-03-19 14:20:00,86.72,86.77,86.63,86.69,84323.0
2026-03-19 14:25:00,86.6897,86.815,86.68,86.72,125253.0
2026-03-19 14:30:00,86.71,86.755,86.575,86.6,320408.0
2026-03-19 14:35:00,86.61,86.66,86.475,86.655,137462.0
2026-03-19 14:40:00,86.65,86.735,86.635,86.705,84052.0
2026-03-19 14:45:00,86.705,86.805,86.675,86.68,141602.0
2026-03-19 14:50:00,86.685,86.7,86.63,86.68,78442.0
2026-03-19 14:55:00,86.67,86.97,86.63,86.965,172945.0
2026-03-19 15:00:00,86.965,87.445,86.965,87.2,322691.0
2026-03-19 15:05:00,87.205,87.63,87.16,87.48,449454.0
2026-03-19 15:10:00,87.47,87.72,87.33,87.6,376017.0
2026-03-19 15:15:00,87.6,87.7,87.44,87.64,389674.0
2026-03-19 15:20:00,87.64,87.64,87.35,87.37,380486.0
2026-03-19 15:25:00,87.37,87.41,87.17,87.37,357714.0
2026-03-19 15:30:00,87.37,87.47,87.24,87.41,184360.0
2026-03-19 15:35:00,87.41,87.43,87.165,87.305,204558.0
2026-03-19 15:40:00,87.31,87.36,87.235,87.265,152764.0
2026-03-19 15:45:00,87.26,87.285,87.18,87.205,594822.0
2026-03-19 15:50:00,87.2,87.321,87.14,87.3,545419.0
2026-03-19 15:55:00,87.295,87.47,87.27,87.36,1142072.0
2026-03-19 16:00:00,87.37,87.54,87.365,87.54,134240.0
2026-03-19 16:05:00,87.559,87.56,87.5221,87.5221,977.0
2026-03-19 16:15:00,87.5698,87.5698,87.56,87.56,792.0
2026-03-19 16:20:00,87.6109,87.68,87.6109,87.68,322.0
2026-03-19 16:25:00,87.68,87.68,87.6427,87.6693,2463.0
2026-03-19 16:30:00,87.6317,87.65,87.6,87.639,1779.0
2026-03-19 16:35:00,87.59,87.6453,87.59,87.6453,577.0
2026-03-19 16:40:00,87.64,87.64,87.58,87.5801,13224.0
2026-03-19 16:45:00,87.59,87.59,87.52,87.52,5810.0
2026-03-19 16:50:00,87.73,87.73,87.73,87.73,100.0
2026-03-19 16:55:00,87.63,87.7,87.55,87.55,1050.0
2026-03-19 17:00:00,87.4954,87.4954,87.4954,87.4954,300.0
2026-03-19 17:10:00,87.51,87.74,87.5,87.5,1600.0
2026-03-19 17:20:00,87.5321,87.5321,87.53,87.53,440.0
2026-03-19 17:25:00,87.53,87.53,87.53,87.53,700.0
2026-03-19 17:40:00,87.58,87.58,87.58,87.58,125.0
2026-03-19 17:50:00,87.61,87.61,87.61,87.61,147.0
2026-03-19 17:55:00,87.64,87.67,87.64,87.67,982.0
2026-03-19 18:00:00,87.51,87.54,87.51,87.54,655.0
2026-03-19 18:10:00,87.79,87.8284,87.7808,87.82,4795.0
2026-03-19 18:15:00,87.92,87.95,87.77,87.95,2424.0
2026-03-19 18:20:00,87.79,87.79,87.66,87.67,2193.0
2026-03-19 18:25:00,87.7144,87.85,87.7144,87.8,2397.0
2026-03-19 18:30:00,87.8,87.8,87.5,87.5,2837.0
2026-03-19 18:35:00,87.55,87.55,87.55,87.55,200.0
2026-03-19 18:40:00,87.46,87.46,87.46,87.46,700.0
2026-03-19 18:45:00,87.4,87.49,87.4,87.49,390.0
2026-03-19 18:50:00,87.4434,87.4434,87.4434,87.4434,500.0
2026-03-19 18:55:00,87.45,87.45,87.29,87.29,1205.0
2026-03-19 19:05:00,87.37,87.37,87.37,87.37,100.0
2026-03-19 19:10:00,87.3127,87.3127,87.3127,87.3127,500.0
2026-03-19 19:20:00,87.671,87.671,87.36,87.36,700.0
2026-03-19 19:25:00,87.35,87.4,87.35,87.4,200.0
2026-03-19 19:30:00,87.35,87.35,87.35,87.35,700.0
2026-03-19 19:40:00,87.3491,87.3491,87.3491,87.3491,310.0
2026-03-19 19:50:00,87.39,87.39,87.39,87.39,1000.0
2026-03-19 19:55:00,87.3,87.34,87.3,87.34,1195.0
2026-03-20 04:00:00,88.54,88.54,88.3,88.5,809.0
2026-03-20 04:05:00,88.53,88.59,88.51,88.58,8730.0
2026-03-20 04:10:00,88.61,88.78,88.61,88.76,35142.0
2026-03-20 04:15:00,88.74,88.95,88.74,88.9,109891.0
2026-03-20 04:20:00,88.9,89.03,88.9,88.96,5335.0
2026-03-20 04:25:00,89.02,89.09,88.84,88.87,4190.0
2026-03-20 04:30:00,88.77,88.77,88.5,88.5,1360.0
2026-03-20 04:35:00,88.52,88.52,88.49,88.49,904.0
2026-03-20 04:40:00,88.56,88.56,88.53,88.53,950.0
2026-03-20 04:45:00,88.48,88.49,88.37,88.37,700.0
2026-03-20 04:50:00,88.35,88.35,88.31,88.35,993.0
2026-03-20 04:55:00,88.23,88.3,88.18,88.3,664.0
2026-03-20 05:00:00,88.31,88.31,88.2,88.2,794.0
2026-03-20 05:05:00,88.24,88.25,88.24,88.25,1515.0
2026-03-20 05:10:00,88.4,88.43,88.39,88.43,870.0
2026-03-20 05:15:00,88.29,88.29,88.26,88.26,400.0
2026-03-20 05:20:00,88.22,88.22,88.2,88.21,577.0
2026-03-20 05:30:00,88.3,88.3,88.04,88.06,2720.0
2026-03-20 05:40:00,88.08,88.08,87.97,87.99,20204.0
2026-03-20 05:45:00,87.93,87.93,87.87,87.87,6590.0
2026-03-20 05:50:00,87.91,87.915,87.88,87.88,4128.0
2026-03-20 05:55:00,87.83,87.83,87.83,87.83,270.0
2026-03-20 06:00:00,87.65,87.71,87.56,87.56,1331.0
2026-03-20 06:05:00,87.59,87.82,87.59,87.82,6259.0
2026-03-20 06:20:00,87.5,87.5,87.45,87.45,379.0
2026-03-20 06:30:00,87.6,87.6,87.51,87.52,55982.0
2026-03-20 06:35:00,87.53,87.67,87.53,87.67,3236.0
2026-03-20 06:40:00,87.83,87.83,87.77,87.77,300.0
2026-03-20 06:45:00,87.6,87.6,87.6,87.6,100.0
2026-03-20 06:50:00,87.54,87.54,87.45,87.45,598.0
2026-03-20 06:55:00,87.37,87.38,87.32,87.37,2135.0
2026-03-20 07:00:00,87.419,87.64,87.35,87.61,6673.0
2026-03-20 07:05:00,87.67,87.7,87.67,87.7,570.0
2026-03-20 07:10:00,87.78,87.8,87.78,87.8,1116.0
2026-03-20 07:20:00,87.81,87.81,87.7,87.71,1456.0
2026-03-20 07:25:00,87.73,87.79,87.68,87.79,1263.0
2026-03-20 07:30:00,87.81,87.85,87.81,87.84,1108.0
2026-03-20 07:35:00,87.75,87.75,87.75,87.75,500.0
2026-03-20 07:40:00,87.91,87.95,87.91,87.95,593.0
2026-03-20 07:45:00,87.92,87.92,87.84,87.84,1130.0
2026-03-20 07:50:00,87.8,87.8,87.7,87.779,1756.0
2026-03-20 07:55:00,87.85,87.91,87.85,87.91,729.0
2026-03-20 08:00:00,87.61,89.0079,87.451,88.03,52370.0
2026-03-20 08:05:00,88.1221,88.22,88.1221,88.22,787.0
2026-03-20 08:10:00,88.2193,88.321,88.17,88.17,1676.0
2026-03-20 08:15:00,88.1899,88.2988,88.11,88.2988,3396.0
2026-03-20 08:20:00,88.17,88.2,88.07,88.07,6846.0
2026-03-20 08:25:00,88.0937,88.1,88.08,88.1,14320.0
2026-03-20 08:30:00,88.0,88.0,88.0,88.0,940.0
2026-03-20 08:35:00,87.82,87.82,87.8,87.8,685.0
2026-03-20 08:40:00,87.7878,87.8639,87.7878,87.8639,402.0
2026-03-20 08:45:00,87.97,87.97,87.85,87.85,221.0
2026-03-20 08:50:00,87.95,88.09,87.94,88.0359,4922.0
2026-03-20 08:55:00,88.0474,88.0474,88.0474,88.0474,1000.0
2026-03-20 09:00:00,88.0,88.02,87.96,87.9693,4950.0
2026-03-20 09:05:00,87.82,87.82,87.76,87.76,484.0
2026-03-20 09:10:00,87.6781,87.701,87.6,87.7,7075.0
2026-03-20 09:15:00,87.7,87.7,87.7,87.7,115.0
2026-03-20 09:20:00,87.8,87.84,87.8,87.83,6615.0
2026-03-20 09:25:00,87.71,87.74,87.7,87.74,2400.0
2026-03-20 09:30:00,87.7,87.7907,87.36,87.42,431804.0
2026-03-20 09:35:00,87.4099,87.7,87.255,87.57,129725.0
2026-03-20 09:40:00,87.58,87.8,87.45,87.74,217027.0
2026-03-20 09:45:00,87.75,87.79,87.53,87.54,143173.0
2026-03-20 09:50:00,87.52,87.56,86.95,86.98,321832.0
2026-03-20 09:55:00,87.0,87.08,86.815,86.87,217832.0
2026-03-20 10:00:00,86.88,86.97,86.68,86.865,214149.0
2026-03-20 10:05:00,86.865,86.99,86.58,86.73,162757.0
2026-03-20 10:10:00,86.72,86.9,86.31,86.32,264526.0
2026-03-20 10:15:00,86.32,86.345,85.865,86.105,335464.0
2026-03-20 10:20:00,86.095,86.18,85.83,85.995,448577.0
2026-03-20 10:25:00,85.98,85.99,85.65,85.8,291796.0
2026-03-20 10:30:00,85.77,86.19,85.76,86.1845,167417.0
2026-03-20 10:35:00,86.18,86.28,86.05,86.085,199944.0
2026-03-20 10:40:00,86.08,86.175,86.01,86.11,97288.0
2026-03-20 10:45:00,86.1,86.23,85.87,85.92,188297.0
2026-03-20 10:50:00,85.91,86.03,85.67,85.73,122430.0
2026-03-20 10:55:00,85.71,86.0,85.58,85.88,124213.0
2026-03-20 11:00:00,85.88,86.185,85.88,86.03,269036.0
2026-03-20 11:05:00,86.03,86.11,85.81,85.91,72344.0
2026-03-20 11:10:00,85.875,86.15,85.87,86.12,107514.0
2026-03-20 11:15:00,86.1151,86.12,85.78,85.86,245273.0
2026-03-20 11:20:00,85.85,86.1,85.78,85.85,262739.0
2026-03-20 11:25:00,85.84,85.89,85.455,85.86,168133.0
2026-03-20 11:30:00,85.865,86.1,85.77,85.96,89851.0
2026-03-20 11:35:00,85.96,85.96,85.82,85.87,58078.0
2026-03-20 11:40:00,85.845,85.93,85.755,85.86,94953.0
2026-03-20 11:45:00,85.855,85.86,85.52,85.61,105724.0
2026-03-20 11:50:00,85.61,85.815,85.545,85.77,101521.0
2026-03-20 11:55:00,85.76,85.77,85.66,85.7,74213.0
2026-03-20 12:00:00,85.68,86.12,85.665,86.08,152652.0
2026-03-20 12:05:00,86.07,86.195,86.0,86.035,138017.0
2026-03-20 12:10:00,86.0399,86.33,85.985,86.33,114633.0
2026-03-20 12:15:00,86.34,86.6,86.265,86.59,138196.0
2026-03-20 12:20:00,86.6,86.82,86.465,86.49,428871.0
2026-03-20 12:25:00,86.49,86.49,86.26,86.27,220301.0
2026-03-20 12:30:00,86.28,86.29,86.01,86.21,143758.0
2026-03-20 12:35:00,86.22,86.41,86.215,86.36,134340.0
2026-03-20 12:40:00,86.36,86.41,86.17,86.2,103340.0
2026-03-20 12:45:00,86.185,86.215,85.955,86.12,87219.0
2026-03-20 12:50:00,86.14,86.205,86.03,86.205,89040.0
2026-03-20 12:55:00,86.205,86.33,86.195,86.23,215346.0
2026-03-20 13:00:00,86.24,86.41,86.19,86.355,154039.0
2026-03-20 13:05:00,86.36,86.55,86.05,86.39,426307.0
2026-03-20 13:10:00,86.38,86.43,86.205,86.23,85490.0
2026-03-20 13:15:00,86.22,86.235,86.05,86.1,425175.0
2026-03-20 13:20:00,86.095,86.17,85.965,85.99,273907.0
2026-03-20 13:25:00,85.99,86.105,85.975,86.02,202215.0
2026-03-20 13:30:00,86.03,86.06,85.775,85.83,170640.0
2026-03-20 13:35:00,85.83,85.9,85.695,85.85,101855.0
2026-03-20 13:40:00,85.835,85.91,85.79,85.91,76474.0
2026-03-20 13:45:00,85.91,85.96,85.85,85.88,127605.0
2026-03-20 13:50:00,85.87,86.11,85.85,86.1,235052.0
2026-03-20 13:55:00,86.11,86.125,86.02,86.0502,136837.0
2026-03-20 14:00:00,86.05,86.135,85.985,85.99,190366.0
2026-03-20 14:05:00,85.995,86.1,85.93,85.94,96789.0
2026-03-20 14:10:00,85.935,86.0801,85.83,85.865,3148814.0
2026-03-20 14:15:00,85.875,85.9101,85.79,85.9,186273.0
2026-03-20 14:20:00,85.905,85.95,85.37,85.5314,331821.0
2026-03-20 14:25:00,85.55,85.78,85.55,85.69,160788.0
2026-03-20 14:30:00,85.69,85.74,85.51,85.53,143249.0
2026-03-20 14:35:00,85.53,85.575,85.4,85.5,182200.0
2026-03-20 14:40:00,85.5,85.54,85.13,85.165,323064.0
2026-03-20 14:45:00,85.17,85.23,84.87,84.88,468935.0
2026-03-20 14:50:00,84.88,85.01,84.695,84.73,513072.0
2026-03-20 14:55:00,84.73,84.74,84.265,84.67,910380.0
2026-03-20 15:00:00,84.72,84.9801,84.66,84.68,260240.0
2026-03-20 15:05:00,84.67,84.73,84.42,84.72,218626.0
2026-03-20 15:10:00,84.715,84.78,84.45,84.675,229684.0
2026-03-20 15:15:00,84.68,84.815,84.55,84.695,271225.0
2026-03-20 15:20:00,84.68,84.68,84.405,84.44,330985.0
2026-03-20 15:25:00,84.44,84.65,84.4,84.6401,231995.0
2026-03-20 15:30:00,84.65,84.84,84.61,84.63,250250.0
2026-03-20 15:35:00,84.63,84.86,84.54,84.84,213851.0
2026-03-20 15:40:00,84.84,84.98,84.745,84.94,330392.0
2026-03-20 15:45:00,84.93,84.94,84.805,84.82,440491.0
2026-03-20 15:50:00,84.83,84.97,84.78,84.97,364051.0
2026-03-20 15:55:00,84.96,84.965,84.63,84.705,640050.0
2026-03-20 16:00:00,84.7,84.8,84.6799,84.8,181644.0
2026-03-20 16:05:00,84.73,84.73,84.6,84.72,5295.0
2026-03-20 16:10:00,84.73,84.806,84.73,84.806,1799.0
2026-03-20 16:15:00,84.779,84.87,84.71,84.84,6248.0
2026-03-20 16:20:00,84.879,84.92,84.879,84.92,4708.0
2026-03-20 16:25:00,84.8,84.8,84.73,84.73,790.0
2026-03-20 16:30:00,84.7,84.7,84.7,84.7,110.0
2026-03-20 16:35:00,84.69,84.7,84.66,84.7,1045.0
2026-03-20 16:40:00,84.71,84.71,84.65,84.69,2715.0
2026-03-20 16:45:00,84.73,84.73,84.6,84.6,5012.0
2026-03-20 16:50:00,84.6506,84.96,84.6506,84.7,1000.0
2026-03-20 16:55:00,84.55,84.55,84.51,84.51,699.0
2026-03-20 17:10:00,84.56,84.8,84.56,84.6,426.0
2026-03-20 17:15:00,84.5,84.7676,84.5,84.65,4317.0
2026-03-20 17:20:00,84.8,84.8,84.71,84.71,591.0
2026-03-20 17:25:00,84.75,84.75,84.5,84.5,1399.0
2026-03-20 17:30:00,84.68,84.7,84.68,84.7,500.0
2026-03-20 17:35:00,84.7,84.7,84.7,84.7,530.0
2026-03-20 17:40:00,84.5717,84.65,84.5717,84.65,203.0
2026-03-20 17:45:00,84.66,84.66,84.64,84.64,1508.0
2026-03-20 17:50:00,84.63,84.65,84.63,84.65,200.0
2026-03-20 17:55:00,84.66,84.66,84.66,84.66,786.0
2026-03-20 18:00:00,84.65,84.79,84.65,84.79,221.0
2026-03-20 18:10:00,84.79,84.79,84.79,84.79,404.0
2026-03-20 18:30:00,84.6455,84.6455,84.6455,84.6455,780.0
2026-03-20 18:35:00,84.65,84.65,84.51,84.6,6807.0
2026-03-20 18:40:00,84.5809,84.5809,84.5809,84.5809,127.0
2026-03-20 18:45:00,84.9,84.9,84.58,84.6,3560.0
2026-03-20 18:50:00,84.61,84.61,84.58,84.6,1071.0
2026-03-20 19:00:00,84.88,84.89,84.59,84.876,1000.0
2026-03-20 19:10:00,84.7,84.7,84.7,84.7,100.0
2026-03-20 19:15:00,84.6,84.6,84.6,84.6,240.0
2026-03-20 19:20:00,84.58,84.58,84.58,84.58,153.0
2026-03-20 19:25:00,84.5939,84.5939,84.5939,84.5939,160.0
2026-03-20 19:40:00,84.642,84.642,84.642,84.642,177.0
2026-03-20 19:45:00,84.7,84.7,84.7,84.7,100.0
2026-03-20 19:50:00,84.6,84.69,84.6,84.69,200.0
2026-03-20 19:55:00,84.68,84.68,84.51,84.51,1669.0
2026-03-23 04:00:00,79.09,79.64,79.09,79.37,43736.0
2026-03-23 04:05:00,79.42,79.79,79.33,79.78,24441.0
2026-03-23 04:10:00,79.54,80.05,79.53,80.05,2967.0
2026-03-23 04:15:00,79.99,80.01,79.32,79.46,11762.0
2026-03-23 04:20:00,79.4,79.46,79.26,79.46,2175.0
2026-03-23 04:25:00,79.3,79.57,79.3,79.57,1500.0
2026-03-23 04:30:00,79.78,80.2,79.78,80.17,5959.0
2026-03-23 04:35:00,80.21,80.3,79.8,79.8,2184.0
2026-03-23 04:40:00,79.79,80.1,79.78,80.1,6604.0
2026-03-23 04:45:00,80.3,80.3,80.01,80.01,1595.0
2026-03-23 04:50:00,79.73,79.77,79.59,79.69,5732.0
2026-03-23 04:55:00,79.57,79.76,79.43,79.76,4419.0
2026-03-23 05:00:00,80.01,80.1,79.95,79.98,1813.0
2026-03-23 05:05:00,80.04,80.07,80.0,80.07,2250.0
2026-03-23 05:10:00,80.05,80.26,80.05,80.08,2114.0
2026-03-23 05:15:00,80.46,80.71,80.46,80.7,4544.0
2026-03-23 05:20:00,80.8,80.94,80.66,80.66,2403.0
2026-03-23 05:25:00,80.74,80.89,80.74,80.86,10518.0
2026-03-23 05:30:00,80.99,81.01,80.57,80.57,3540.0
2026-03-23 05:35:00,80.53,80.53,79.81,79.81,13684.0
2026-03-23 05:40:00,79.83,79.95,79.56,79.56,7018.0
2026-03-23 05:45:00,79.53,79.77,79.53,79.76,4340.0
2026-03-23 05:50:00,79.74,79.88,79.74,79.88,584.0
2026-03-23 05:55:00,79.76,80.07,79.76,80.07,758.0
2026-03-23 06:00:00,80.07,80.16,79.89,80.15,1078.0
2026-03-23 06:05:00,80.07,80.16,80.07,80.16,392.0
2026-03-23 06:10:00,80.21,80.29,80.19,80.19,1666.0
2026-03-23 06:15:00,80.29,80.4,80.25,80.4,4428.0
2026-03-23 06:20:00,80.2,80.34,80.15,80.33,6881.0
2026-03-23 06:25:00,80.35,80.37,80.3,80.34,2336.0
2026-03-23 06:30:00,80.33,80.33,80.21,80.23,1281.0
2026-03-23 06:35:00,80.2,80.3,79.84,79.89,4787.0
2026-03-23 06:40:00,79.91,80.04,79.91,80.04,335.0
2026-03-23 06:45:00,80.07,80.07,80.06,80.06,265.0
2026-03-23 06:50:00,80.43,80.54,80.2,80.22,27283.0
2026-03-23 06:55:00,80.2,80.29,80.01,80.28,1237.0
2026-03-23 07:00:00,80.36,80.8,80.36,80.65,19162.0
2026-03-23 07:05:00,80.71,83.15,80.71,82.75,114459.0
2026-03-23 07:10:00,83.01,83.98,83.01,83.88,50979.0
2026-03-23 07:15:00,83.81,83.81,82.47,82.7,111568.0
2026-03-23 07:20:00,82.87,82.87,82.0,82.2,41021.0
2026-03-23 07:25:00,82.4,82.86,82.4,82.44,27406.0
2026-03-23 07:30:00,82.81,83.28,82.81,83.19,37721.0
2026-03-23 07:35:00,83.18,83.39,82.69,83.01,26564.0
2026-03-23 07:40:00,82.75,83.0,82.59,82.98,31660.0
2026-03-23 07:45:00,82.98,83.02,82.45,82.611,12212.0
2026-03-23 07:50:00,82.62,83.06,82.47,82.989,6672.0
2026-03-23 07:55:00,82.73,82.74,82.14,82.36,11366.0
2026-03-23 08:00:00,80.3692,83.9397,77.32,82.0,380531.0
2026-03-23 08:05:00,82.0717,82.16,81.64,82.1454,50486.0
2026-03-23 08:10:00,82.23,82.321,81.96,81.96,19933.0
2026-03-23 08:15:00,81.92,82.7639,81.92,82.7639,21074.0
2026-03-23 08:20:00,82.73,82.88,82.62,82.62,19243.0
2026-03-23 08:25:00,82.78,82.8,82.61,82.61,8791.0
2026-03-23 08:30:00,82.57,82.98,82.34,82.95,15871.0
2026-03-23 08:35:00,82.9652,83.1,82.86,83.01,28354.0
2026-03-23 08:40:00,83.01,83.58,82.9,83.55,37422.0
2026-03-23 08:45:00,83.6,83.91,83.4859,83.91,24743.0
2026-03-23 08:50:00,83.99,84.32,83.98,84.0202,32138.0
2026-03-23 08:55:00,84.12,84.5556,84.08,84.4,14920.0
2026-03-23 09:00:00,84.28,84.28,83.54,83.88,17171.0
2026-03-23 09:05:00,83.56,83.71,83.41,83.6511,11456.0
2026-03-23 09:10:00,83.62,83.8912,83.57,83.7,48347.0
2026-03-23 09:15:00,83.73,83.75,83.28,83.29,31722.0
2026-03-23 09:20:00,83.27,83.42,83.12,83.12,10254.0
2026-03-23 09:25:00,83.13,83.21,82.91,82.97,26573.0
2026-03-23 09:30:00,82.98,83.2057,82.7,83.12,1011900.0
2026-03-23 09:35:00,83.11,83.56,83.09,83.34,418654.0
2026-03-23 09:40:00,83.39,83.74,83.22,83.2301,342353.0
2026-03-23 09:45:00,83.21,83.71,83.16,83.57,220395.0
2026-03-23 09:50:00,83.59,84.035,83.55,83.75,338905.0
2026-03-23 09:55:00,83.75,83.822,83.515,83.805,222786.0
2026-03-23 10:00:00,83.81,84.27,83.81,84.01,240986.0
2026-03-23 10:05:00,84.0,84.12,83.81,83.975,266907.0
2026-03-23 10:10:00,83.955,84.13,83.8,84.005,209476.0
2026-03-23 10:15:00,84.0,84.57,83.94,84.485,253747.0
2026-03-23 10:20:00,84.475,84.74,84.385,84.74,268886.0
2026-03-23 10:25:00,84.74,84.905,84.31,84.42,281849.0
2026-03-23 10:30:00,84.41,84.75,84.2,84.53,104808.0
2026-03-23 10:35:00,84.54,84.695,84.24,84.32,189728.0
2026-03-23 10:40:00,84.3,84.42,84.1,84.3,198500.0
2026-03-23 10:45:00,84.3,84.41,84.08,84.27,182114.0
2026-03-23 10:50:00,84.275,84.275,83.865,84.01,164785.0
2026-03-23 10:55:00,84.0,84.2251,83.95,83.955,258065.0
2026-03-23 11:00:00,83.96,84.28,83.83,84.1301,2262006.0
2026-03-23 11:05:00,84.16,84.435,84.135,84.405,163382.0
2026-03-23 11:10:00,84.41,84.41,83.98,84.045,192729.0
2026-03-23 11:15:00,84.04,84.095,83.34,83.58,586743.0
2026-03-23 11:20:00,83.57,83.92,83.42,83.87,138597.0
2026-03-23 11:25:00,83.87,83.885,83.57,83.69,88229.0
2026-03-23 11:30:00,83.685,83.85,83.41,83.44,114129.0
2026-03-23 11:35:00,83.43,83.43,83.12,83.1859,211480.0
2026-03-23 11:40:00,83.16,83.245,82.93,82.99,169567.0
2026-03-23 11:45:00,82.96,83.08,82.72,82.855,370130.0
2026-03-23 11:50:00,82.8459,82.93,82.53,82.74,307644.0
2026-03-23 11:55:00,82.74,82.76,81.88,82.13,720852.0
2026-03-23 12:00:00,82.12,82.43,82.045,82.11,263432.0
2026-03-23 12:05:00,82.1,82.415,81.93,82.295,217113.0
2026-03-23 12:10:00,82.295,82.62,82.175,82.51,214703.0
2026-03-23 12:15:00,82.51,82.61,82.15,82.25,153066.0
2026-03-23 12:20:00,82.25,82.45,82.07,82.27,186804.0
2026-03-23 12:25:00,82.26,82.26,81.91,81.9501,165136.0
2026-03-23 12:30:00,81.97,82.36,81.93,82.355,136982.0
2026-03-23 12:35:00,82.36,82.56,82.33,82.34,152610.0
2026-03-23 12:40:00,82.36,82.57,82.29,82.545,154656.0
2026-03-23 12:45:00,82.52,82.63,82.3,82.5001,178864.0
2026-03-23 12:50:00,82.51,82.64,82.4,82.55,87984.0
2026-03-23 12:55:00,82.59,82.61,82.265,82.345,89656.0
2026-03-23 13:00:00,82.345,82.55,82.325,82.35,183016.0
2026-03-23 13:05:00,82.34,82.85,82.255,82.745,109668.0
2026-03-23 13:10:00,82.75,82.9,82.68,82.74,84574.0
2026-03-23 13:15:00,82.75,82.82,82.61,82.7733,146207.0
2026-03-23 13:20:00,82.77,82.845,82.5851,82.79,89475.0
2026-03-23 13:25:00,82.78,83.07,82.78,82.91,1658740.0
2026-03-23 13:30:00,82.92,83.39,82.89,83.38,223876.0
2026-03-23 13:35:00,83.35,83.54,83.35,83.41,88860.0
2026-03-23 13:40:00,83.395,83.395,83.17,83.205,167164.0
2026-03-23 13:45:00,83.19,83.225,82.905,82.975,371812.0
2026-03-23 13:50:00,82.975,83.285,82.95,83.285,557679.0
2026-03-23 13:55:00,83.27,83.375,83.19,83.31,236679.0
2026-03-23 14:00:00,83.31,83.32,83.155,83.255,507562.0
2026-03-23 14:05:00,83.26,83.35,82.86,83.15,334707.0
2026-03-23 14:10:00,83.145,83.355,83.145,83.21,197574.0
2026-03-23 14:15:00,83.21,83.225,83.0,83.095,409066.0
2026-03-23 14:20:00,83.09,83.135,83.01,83.09,124318.0
2026-03-23 14:25:00,83.085,83.385,83.085,83.295,111381.0
2026-03-23 14:30:00,83.3,83.645,83.3,83.635,220371.0
2026-03-23 14:35:00,83.65,83.83,83.6,83.7,184002.0
2026-03-23 14:40:00,83.7,83.98,83.675,83.97,134617.0
2026-03-23 14:45:00,83.975,84.07,83.875,84.06,255650.0
2026-03-23 14:50:00,84.06,84.06,83.68,83.845,298057.0
2026-03-23 14:55:00,83.85,83.89,83.725,83.74,151557.0
2026-03-23 15:00:00,83.73,83.7607,83.48,83.5,321042.0
2026-03-23 15:05:00,83.48,83.555,83.37,83.52,170671.0
2026-03-23 15:10:00,83.52,83.525,82.88,82.94,652933.0
2026-03-23 15:15:00,82.94,83.03,82.745,82.91,289380.0
2026-03-23 15:20:00,82.91,82.91,82.69,82.86,210679.0
2026-03-23 15:25:00,82.85,83.08,82.81,83.01,257612.0
2026-03-23 15:30:00,83.0,83.09,82.88,82.9999,188139.0
2026-03-23 15:35:00,82.99,83.07,82.915,83.0,173571.0
2026-03-23 15:40:00,83.0,83.12,82.85,83.12,239803.0
2026-03-23 15:45:00,83.13,83.32,83.1,83.15,192625.0
2026-03-23 15:50:00,83.15,83.16,82.88,82.98,221313.0
2026-03-23 15:55:00,82.99,82.99,82.75,82.78,597835.0
2026-03-23 16:00:00,82.77,82.8,82.55,82.7,747457.0
2026-03-23 16:05:00,82.71,82.73,82.7,82.73,1800.0
2026-03-23 16:10:00,82.89,82.9222,82.89,82.9222,303.0
2026-03-23 16:15:00,83.0,83.0,82.9004,82.9004,2452.0
2026-03-23 16:20:00,82.9495,82.9495,82.9495,82.9495,350.0
2026-03-23 16:25:00,82.99,82.99,82.78,82.9,18931.0
2026-03-23 16:30:00,82.91,82.91,82.85,82.8615,1999.0
2026-03-23 16:35:00,82.86,82.8885,82.76,82.8885,3714.0
2026-03-23 16:40:00,82.91,82.9604,82.91,82.96,1354.0
2026-03-23 16:45:00,83.0,83.0,83.0,83.0,300.0
2026-03-23 16:50:00,83.0,83.0,83.0,83.0,286.0
2026-03-23 16:55:00,82.97,82.97,82.97,82.97,100.0
2026-03-23 17:00:00,82.8247,82.8247,82.8247,82.8247,100.0
2026-03-23 17:20:00,82.92,82.94,82.91,82.91,2990.0
2026-03-23 17:25:00,82.9399,82.98,82.9399,82.98,3983.0
2026-03-23 17:30:00,82.985,82.985,82.985,82.985,100.0
2026-03-23 17:40:00,82.92,82.92,82.91,82.91,1808.0
2026-03-23 17:45:00,82.9,82.9,82.7883,82.9,586.0
2026-03-23 17:55:00,82.9,82.9,82.9,82.9,360.0
2026-03-23 18:00:00,82.9,83.01,82.44,82.44,9086.0
2026-03-23 18:05:00,82.45,82.57,82.1,82.57,5363.0
2026-03-23 18:10:00,82.46,82.76,82.422,82.76,2405.0
2026-03-23 18:15:00,82.64,82.82,82.64,82.82,473.0
2026-03-23 18:20:00,82.82,82.87,82.82,82.87,700.0
2026-03-23 18:25:00,82.84,83.06,82.84,83.06,1301.0
2026-03-23 18:30:00,83.08,83.08,82.8374,82.8374,4738.0
2026-03-23 18:35:00,83.0501,83.0501,83.05,83.05,4300.0
2026-03-23 18:40:00,83.03,83.03,82.9487,82.96,602.0
2026-03-23 18:45:00,83.07,83.07,83.07,83.07,100.0
2026-03-23 18:50:00,83.1,83.25,83.1,83.2,1632.0
2026-03-23 18:55:00,83.24,83.28,83.24,83.28,620.0
2026-03-23 19:00:00,83.31,83.33,83.3015,83.33,2300.0
2026-03-23 19:05:00,83.306,83.4977,83.306,83.47,1959.0
2026-03-23 19:10:00,83.44,83.5,83.44,83.5,960.0
2026-03-23 19:15:00,83.5899,83.5899,83.49,83.49,5387.0
2026-03-23 19:20:00,83.5,83.61,83.4904,83.61,531.0
2026-03-23 19:25:00,83.64,83.66,83.6103,83.66,1817.0
2026-03-23 19:30:00,83.56,83.63,83.56,83.6237,4135.0
2026-03-23 19:35:00,83.6226,83.6226,83.34,83.36,1616.0
2026-03-23 19:40:00,83.31,83.31,83.3,83.3,700.0
2026-03-23 19:45:00,83.3626,83.45,83.32,83.45,937.0
2026-03-23 19:50:00,83.6064,83.6064,83.5885,83.6,610.0
2026-03-23 19:55:00,83.5185,83.55,83.5185,83.55,785.0
2026-03-24 04:00:00,83.09,83.09,82.86,82.98,41108.0
2026-03-24 04:05:00,83.05,83.05,83.05,83.05,200.0
2026-03-24 04:10:00,83.17,83.17,83.17,83.17,170.0
2026-03-24 04:15:00,83.11,83.11,82.99,82.99,2133.0
2026-03-24 04:20:00,82.91,82.91,82.76,82.76,1553.0
2026-03-24 04:25:00,82.67,82.72,82.67,82.71,2628.0
2026-03-24 04:30:00,82.8,82.85,82.78,82.78,2963.0
2026-03-24 04:35:00,82.81,82.84,82.81,82.84,764.0
2026-03-24 04:40:00,82.82,82.82,82.82,82.82,250.0
2026-03-24 04:45:00,82.96,82.96,82.96,82.96,200.0
2026-03-24 04:50:00,82.95,83.02,82.86,83.01,36449.0
2026-03-24 04:55:00,83.03,83.03,82.94,82.94,5369.0
2026-03-24 05:00:00,83.11,83.16,83.05,83.05,4689.0
2026-03-24 05:05:00,82.91,82.91,82.9,82.9,4699.0
2026-03-24 05:10:00,82.9,82.9,82.85,82.85,236.0
2026-03-24 05:15:00,82.76,82.89,82.76,82.89,922.0
2026-03-24 05:25:00,82.94,82.94,82.94,82.94,500.0
2026-03-24 05:40:00,83.19,83.19,83.17,83.17,528.0
2026-03-24 05:50:00,83.08,83.08,83.08,83.08,1354.0
2026-03-24 05:55:00,83.22,83.3,83.22,83.3,3308.0
2026-03-24 06:00:00,83.32,83.34,83.3,83.3,1477.0
2026-03-24 06:10:00,83.29,83.29,83.29,83.29,132.0
2026-03-24 06:15:00,83.35,83.42,83.35,83.42,470.0
2026-03-24 06:20:00,83.33,83.34,83.3,83.3,1131.0
2026-03-24 06:25:00,83.26,83.26,83.22,83.22,1226.0
2026-03-24 06:30:00,83.18,83.22,83.16,83.17,5419.0
2026-03-24 06:45:00,83.3,83.3,83.2,83.2,983.0
2026-03-24 06:55:00,83.34,83.54,83.31,83.54,1277.0
2026-03-24 07:00:00,83.52,83.58,82.32,82.89,73173.0
2026-03-24 07:05:00,82.98,83.03,82.94,83.03,2538.0
2026-03-24 07:10:00,83.05,83.2,83.0,83.2,470.0
2026-03-24 07:15:00,83.0,83.05,83.0,83.011,3632.0
2026-03-24 07:20:00,83.061,83.061,83.061,83.061,100.0
2026-03-24 07:25:00,83.0,83.0,83.0,83.0,420.0
2026-03-24 07:30:00,83.18,83.25,83.18,83.25,400.0
2026-03-24 07:35:00,83.31,83.31,83.3,83.3,888.0
2026-03-24 07:40:00,83.29,83.291,83.24,83.26,4610.0
2026-03-24 07:50:00,83.12,83.12,82.94,82.95,803.0
2026-03-24 07:55:00,82.82,82.91,82.81,82.91,3862.0
2026-03-24 08:00:00,82.65,83.4702,81.36,81.58,105601.0
2026-03-24 08:05:00,82.96,83.03,82.96,83.03,642.0
2026-03-24 08:10:00,83.2,83.2,83.2,83.2,100.0
2026-03-24 08:15:00,83.24,83.3,83.24,83.3,3733.0
2026-03-24 08:20:00,83.18,83.18,82.84,82.84,7245.0
2026-03-24 08:25:00,82.81,82.92,82.78,82.84,3388.0
2026-03-24 08:30:00,82.83,82.85,82.33,82.46,16458.0
2026-03-24 08:35:00,82.59,82.59,82.13,82.18,40193.0
2026-03-24 08:40:00,82.17,82.17,82.1539,82.1539,800.0
2026-03-24 08:45:00,82.29,82.55,82.29,82.44,7200.0
2026-03-24 08:50:00,82.53,82.589,82.4,82.44,6060.0
2026-03-24 08:55:00,82.54,82.55,82.42,82.45,6952.0
2026-03-24 09:00:00,82.41,82.5504,82.3,82.5176,443612.0
2026-03-24 09:05:00,82.5,82.5,82.17,82.25,5562.0
2026-03-24 09:10:00,82.16,82.42,82.16,82.4,10245.0
2026-03-24 09:15:00,82.41,82.46,82.29,82.2996,4865.0
2026-03-24 09:20:00,82.3,82.4,82.28,82.35,5932.0
2026-03-24 09:25:00,82.31,82.3984,81.99,82.02,12726.0
2026-03-24 09:30:00,81.985,82.25,81.93,82.05,321060.0
2026-03-24 09:35:00,82.05,82.13,81.9,81.97,254927.0
2026-03-24 09:40:00,81.96,82.0901,81.87,81.9899,256938.0
2026-03-24 09:45:00,81.99,82.16,81.89,81.97,243532.0
2026-03-24 09:50:00,81.945,82.39,81.935,82.16,208217.0
2026-03-24 09:55:00,82.18,82.49,82.18,82.45,101859.0
2026-03-24 10:00:00,82.45,82.73,82.4393,82.725,235583.0
2026-03-24 10:05:00,82.74,82.76,82.54,82.76,100743.0
2026-03-24 10:10:00,82.755,82.88,82.51,82.71,157163.0
2026-03-24 10:15:00,82.71,82.81,82.6,82.775,108104.0
2026-03-24 10:20:00,82.78,82.96,82.75,82.94,112613.0
2026-03-24 10:25:00,82.935,83.08,82.84,82.99,81998.0
2026-03-24 10:30:00,82.96,83.12,82.82,83.095,110846.0
2026-03-24 10:35:00,83.09,83.13,82.89,82.95,45021.0
2026-03-24 10:40:00,82.93,83.19,82.93,83.02,78103.0
2026-03-24 10:45:00,83.04,83.2,82.89,82.89,88322.0
2026-03-24 10:50:00,82.89,83.44,82.82,83.27,268025.0
2026-03-24 10:55:00,83.285,83.35,82.91,83.1,183084.0
2026-03-24 11:00:00,83.1,83.19,82.88,83.01,245353.0
2026-03-24 11:05:00,83.01,83.07,82.83,82.85,110507.0
2026-03-24 11:10:00,82.85,83.03,82.74,83.015,118423.0
2026-03-24 11:15:00,82.99,83.085,82.92,82.97,61931.0
2026-03-24 11:20:00,82.97,83.09,82.86,83.0701,34589.0
2026-03-24 11:25:00,83.08,83.18,83.03,83.03,57815.0
2026-03-24 11:30:00,83.045,83.15,83.0,83.1,55076.0
2026-03-24 11:35:00,83.1,83.31,83.0998,83.24,49609.0
2026-03-24 11:40:00,83.235,83.34,83.22,83.27,60466.0
2026-03-24 11:45:00,83.26,83.37,83.19,83.35,65353.0
2026-03-24 11:50:00,83.34,83.35,83.16,83.16,45342.0
2026-03-24 11:55:00,83.18,83.18,82.985,83.035,89333.0
2026-03-24 12:00:00,83.02,83.03,82.9,82.93,78343.0
2026-03-24 12:05:00,82.94,83.06,82.86,83.04,89118.0
2026-03-24 12:10:00,83.03,83.075,82.9592,83.07,24756.0
2026-03-24 12:15:00,83.07,83.28,83.03,83.265,97620.0
2026-03-24 12:20:00,83.26,83.27,83.165,83.25,97885.0
2026-03-24 12:25:00,83.245,83.285,83.17,83.2,92169.0
2026-03-24 12:30:00,83.21,83.26,83.12,83.185,91160.0
2026-03-24 12:35:00,83.17,83.17,82.98,82.995,277738.0
2026-03-24 12:40:00,82.98,83.25,82.975,83.25,85447.0
2026-03-24 12:45:00,83.26,83.32,83.15,83.24,113067.0
2026-03-24 12:50:00,83.23,83.31,83.19,83.19,40555.0
2026-03-24 12:55:00,83.21,83.265,83.15,83.21,62004.0
2026-03-24 13:00:00,83.21,83.3,82.96,82.96,118684.0
2026-03-24 13:05:00,82.96,82.96,82.63,82.665,443440.0
2026-03-24 13:10:00,82.65,82.78,82.59,82.7599,176335.0
2026-03-24 13:15:00,82.75,82.85,82.7,82.8,149585.0
2026-03-24 13:20:00,82.81,82.91,82.78,82.83,75136.0
2026-03-24 13:25:00,82.83,82.915,82.79,82.81,63084.0
2026-03-24 13:30:00,82.805,82.805,82.47,82.49,172662.0
2026-03-24 13:35:00,82.49,82.54,82.36,82.485,90041.0
2026-03-24 13:40:00,82.49,82.565,82.34,82.3992,251533.0
2026-03-24 13:45:00,82.38,82.57,82.29,82.525,117631.0
2026-03-24 13:50:00,82.515,82.605,82.45,82.53,81657.0
2026-03-24 13:55:00,82.52,82.715,82.48,82.59,169996.0
2026-03-24 14:00:00,82.59,82.67,82.5,82.6,128459.0
2026-03-24 14:05:00,82.6099,82.665,82.54,82.54,75931.0
2026-03-24 14:10:00,82.55,82.69,82.51,82.61,84070.0
2026-03-24 14:15:00,82.6,82.795,82.57,82.77,95095.0
2026-03-24 14:20:00,82.78,82.9,82.75,82.9,79935.0
2026-03-24 14:25:00,82.91,82.99,82.89,82.93,166394.0
2026-03-24 14:30:00,82.94,83.245,82.94,83.07,134477.0
2026-03-24 14:35:00,83.075,83.24,83.06,83.185,265325.0
2026-03-24 14:40:00,83.185,83.19,82.72,82.81,305926.0
2026-03-24 14:45:00,82.81,82.83,82.64,82.735,147221.0
2026-03-24 14:50:00,82.735,82.84,82.715,82.79,103622.0
2026-03-24 14:55:00,82.78,82.78,82.505,82.61,173661.0
2026-03-24 15:00:00,82.6,82.805,82.58,82.78,87647.0
2026-03-24 15:05:00,82.775,82.89,82.73,82.89,74498.0
2026-03-24 15:10:00,82.88,82.91,82.85,82.88,66917.0
2026-03-24 15:15:00,82.88,82.95,82.8,82.95,97810.0
2026-03-24 15:20:00,82.94,82.97,82.89,82.95,79670.0
2026-03-24 15:25:00,82.95,83.0179,82.92,82.93,77778.0
2026-03-24 15:30:00,82.94,82.94,82.84,82.865,88243.0
2026-03-24 15:35:00,82.86,82.87,82.74,82.76,206693.0
2026-03-24 15:40:00,82.76,82.875,82.705,82.82,185934.0
2026-03-24 15:45:00,82.83,82.835,82.765,82.8,145712.0
2026-03-24 15:50:00,82.8,82.88,82.73,82.84,139665.0
2026-03-24 15:55:00,82.84,82.865,82.74,82.795,602931.0
2026-03-24 16:00:00,82.76,82.79,82.76,82.79,579189.0
2026-03-24 16:10:00,82.79,82.8,82.79,82.8,1726.0
2026-03-24 16:15:00,82.77,82.95,82.77,82.95,1999.0
2026-03-24 16:20:00,82.99,84.0,82.99,84.0,33403.0
2026-03-24 16:25:00,84.09,84.3,83.77,83.87,14629.0
2026-03-24 16:30:00,83.86,84.01,83.77,83.9314,19670.0
2026-03-24 16:35:00,83.8716,84.13,83.8716,84.13,14082.0
2026-03-24 16:40:00,83.89,83.92,83.72,83.88,4459.0
2026-03-24 16:45:00,83.94,84.05,83.9247,84.05,3952.0
2026-03-24 16:50:00,84.08,84.3497,84.08,84.29,13476.0
2026-03-24 16:55:00,84.34,84.34,84.22,84.22,1759.0
2026-03-24 17:00:00,84.12,84.12,84.12,84.12,800.0
2026-03-24 17:05:00,82.76,84.1999,82.76,83.5541,5093.0
2026-03-24 17:10:00,84.15,84.15,84.15,84.15,267.0
2026-03-24 17:15:00,84.1974,84.1974,84.1974,84.1974,200.0
2026-03-24 17:20:00,84.1465,84.1889,84.1465,84.1889,250.0
2026-03-24 17:25:00,84.2,84.2,84.2,84.2,234.0
2026-03-24 17:30:00,84.1905,84.1905,84.1905,84.1905,200.0
2026-03-24 17:35:00,84.01,84.33,84.01,84.33,1012.0
2026-03-24 17:40:00,84.33,84.33,84.33,84.33,300.0
2026-03-24 17:45:00,84.3,84.3,84.2989,84.2989,700.0
2026-03-24 17:50:00,84.3,84.3,84.3,84.3,3319.0
2026-03-24 17:55:00,84.2909,84.2909,84.15,84.15,750.0
2026-03-24 18:00:00,84.15,84.15,84.12,84.12,3101.0
2026-03-24 18:05:00,84.3,84.3,84.3,84.3,1000.0
2026-03-24 18:10:00,84.41,84.41,84.41,84.41,100.0
2026-03-24 18:15:00,84.41,84.41,84.41,84.41,100.0
2026-03-24 18:20:00,84.3803,84.39,84.3803,84.39,590.0
2026-03-24 18:25:00,84.12,84.19,84.12,84.19,623.0
2026-03-24 18:30:00,84.11,84.11,83.91,83.94,1704.0
2026-03-24 18:35:00,84.0,84.13,84.0,84.13,1440.0
2026-03-24 18:40:00,84.0347,84.0347,84.0291,84.0291,250.0
2026-03-24 18:45:00,84.4123,84.4123,84.4123,84.4123,100.0
2026-03-24 18:50:00,84.2209,84.2209,84.16,84.17,967.0
2026-03-24 18:55:00,84.19,84.3,84.18,84.3,1256.0
2026-03-24 19:05:00,84.38,84.4532,84.34,84.4532,720.0
2026-03-24 19:10:00,84.34,84.34,84.3,84.33,667.0
2026-03-24 19:15:00,84.49,84.59,84.49,84.59,594.0
2026-03-24 19:20:00,84.65,84.67,84.65,84.67,775.0
2026-03-24 19:25:00,84.75,84.85,84.75,84.78,1643.0
2026-03-24 19:30:00,84.85,84.87,84.799,84.799,1000.0
2026-03-24 19:35:00,84.7961,85.5,84.7961,85.5,11597.0
2026-03-24 19:40:00,85.5,85.5,85.32,85.45,2853.0
2026-03-24 19:45:00,85.41,85.6389,85.302,85.6389,3900.0
2026-03-24 19:50:00,85.62,85.62,85.38,85.48,88188.0
2026-03-24 19:55:00,85.49,85.65,85.46,85.64,2658.0
2026-03-25 04:00:00,85.56,85.7,85.38,85.6,10501.0
2026-03-25 04:05:00,85.69,85.7,85.68,85.7,1583.0
2026-03-25 04:10:00,85.7,85.71,85.69,85.69,1579.0
2026-03-25 04:15:00,85.77,85.87,85.77,85.81,1144.0
2026-03-25 04:20:00,85.9,85.9,85.88,85.88,4990.0
2026-03-25 04:25:00,85.89,85.92,85.89,85.9,3049.0
2026-03-25 04:30:00,85.88,85.94,85.88,85.94,998.0
2026-03-25 04:35:00,85.87,85.87,85.7,85.87,4018.0
2026-03-25 04:40:00,85.88,85.88,85.88,85.88,280.0
2026-03-25 04:45:00,85.92,85.92,85.92,85.92,699.0
2026-03-25 04:55:00,85.81,85.83,85.75,85.75,8089.0
2026-03-25 05:00:00,85.74,85.89,85.72,85.89,1481.0
2026-03-25 05:05:00,85.9,85.9,85.9,85.9,1000.0
2026-03-25 05:10:00,85.9,85.9,85.8,85.84,1994.0
2026-03-25 05:15:00,85.87,85.87,85.87,85.87,488.0
2026-03-25 05:20:00,85.89,85.89,85.82,85.82,10763.0
2026-03-25 05:25:00,85.8,85.8,85.8,85.8,100.0
2026-03-25 05:30:00,85.79,85.79,85.75,85.75,918.0
2026-03-25 05:35:00,85.73,85.73,85.66,85.66,893.0
2026-03-25 05:40:00,85.72,85.75,85.61,85.64,20904.0
2026-03-25 05:45:00,85.63,85.64,85.21,85.24,25049.0
2026-03-25 05:50:00,85.41,85.51,85.41,85.51,2541.0
2026-03-25 05:55:00,85.64,85.67,85.54,85.65,2516.0
2026-03-25 06:00:00,85.7,85.81,85.68,85.81,1932.0
2026-03-25 06:10:00,85.74,85.74,85.74,85.74,180.0
2026-03-25 06:20:00,85.72,85.72,85.72,85.72,500.0
2026-03-25 06:30:00,85.72,85.72,85.72,85.72,100.0
2026-03-25 06:35:00,85.7,85.77,85.7,85.76,2474.0
2026-03-25 06:45:00,85.74,85.74,85.74,85.74,400.0
2026-03-25 06:50:00,85.77,85.8,85.77,85.8,421.0
2026-03-25 06:55:00,85.82,85.82,85.82,85.82,100.0
2026-03-25 07:00:00,85.8,85.88,85.77,85.88,414.0
2026-03-25 07:05:00,85.98,85.98,85.98,85.98,657.0
2026-03-25 07:10:00,85.92,85.92,85.92,85.92,100.0
2026-03-25 07:15:00,85.93,85.93,85.93,85.93,100.0
2026-03-25 07:20:00,85.95,86.22,85.95,86.19,6515.0
2026-03-25 07:25:00,86.21,86.21,86.2,86.2,794.0
2026-03-25 07:30:00,86.21,86.27,86.21,86.25,898.0
2026-03-25 07:35:00,86.25,86.31,86.24,86.28,10890.0
2026-03-25 07:40:00,86.24,86.26,86.24,86.25,2290.0
2026-03-25 07:45:00,86.21,86.23,86.08,86.15,4886.0
2026-03-25 07:50:00,86.14,86.14,86.07,86.13,1100.0
2026-03-25 07:55:00,86.13,86.17,86.11,86.17,8731.0
2026-03-25 08:00:00,85.68,86.28,85.37,86.2,46188.0
2026-03-25 08:05:00,86.16,86.25,86.0546,86.22,3158.0
2026-03-25 08:10:00,86.18,86.21,85.6404,86.1446,39725.0
2026-03-25 08:15:00,86.03,86.03,85.88,85.88,2841.0
2026-03-25 08:20:00,85.88,85.92,85.69,85.75,11854.0
2026-03-25 08:25:00,85.79,85.8,85.45,85.57,14160.0
2026-03-25 08:30:00,85.46,85.46,85.12,85.41,21024.0
2026-03-25 08:35:00,85.44,85.6966,85.44,85.67,5279.0
2026-03-25 08:40:00,85.62,85.69,85.57,85.57,9909.0
2026-03-25 08:45:00,85.47,85.5,85.44,85.48,2065.0
2026-03-25 08:50:00,85.48,85.54,85.43,85.54,4215.0
2026-03-25 08:55:00,85.61,85.65,85.5499,85.5499,1906.0
2026-03-25 09:00:00,85.5,86.0,85.5,86.0,3246.0
2026-03-25 09:05:00,85.84,85.91,85.84,85.91,664.0
2026-03-25 09:10:00,85.87,85.87,85.79,85.7999,800.0
2026-03-25 09:15:00,85.78,85.78,85.78,85.78,600.0
2026-03-25 09:20:00,85.69,85.78,85.67,85.77,5729.0
2026-03-25 09:25:00,85.8,86.01,85.77,86.0,51401.0
2026-03-25 09:30:00,86.01,86.13,85.87,85.975,687906.0
2026-03-25 09:35:00,85.98,86.015,85.77,85.77,161517.0
2026-03-25 09:40:00,85.79,86.0,85.74,85.83,76966.0
2026-03-25 09:45:00,85.84,85.88,85.63,85.66,1514404.0
2026-03-25 09:50:00,85.66,85.66,85.46,85.56,106033.0
2026-03-25 09:55:00,85.55,85.69,85.455,85.52,112797.0
2026-03-25 10:00:00,85.54,85.62,85.31,85.54,88431.0
2026-03-25 10:05:00,85.54,85.66,85.45,85.65,54589.0
2026-03-25 10:10:00,85.64,85.71,85.595,85.69,49525.0
2026-03-25 10:15:00,85.71,85.855,85.71,85.76,60352.0
2026-03-25 10:20:00,85.75,85.815,85.5551,85.585,50902.0
2026-03-25 10:25:00,85.59,85.8662,85.5736,85.8662,112250.0
2026-03-25 10:30:00,85.87,85.93,85.775,85.91,87849.0
2026-03-25 10:35:00,85.945,85.945,85.86,85.91,65743.0
2026-03-25 10:40:00,85.91,85.99,85.855,85.915,60963.0
2026-03-25 10:45:00,85.925,86.08,85.925,86.055,229641.0
2026-03-25 10:50:00,86.05,86.17,85.95,85.96,57294.0
2026-03-25 10:55:00,85.96,86.0,85.89,85.94,60256.0
2026-03-25 11:00:00,85.95,85.98,85.855,85.89,139083.0
2026-03-25 11:05:00,85.8901,85.915,85.62,85.62,46104.0
2026-03-25 11:10:00,85.63,85.73,85.62,85.62,66965.0
2026-03-25 11:15:00,85.61,85.655,85.15,85.55,223710.0
2026-03-25 11:20:00,85.55,85.8499,85.55,85.74,157005.0
2026-03-25 11:25:00,85.75,85.82,85.69,85.82,52728.0
2026-03-25 11:30:00,85.84,85.9,85.83,85.8602,205822.0
2026-03-25 11:35:00,85.86,85.9,85.78,85.78,80365.0
2026-03-25 11:40:00,85.78,85.8201,85.73,85.755,36788.0
2026-03-25 11:45:00,85.76,85.78,85.69,85.745,49289.0
2026-03-25 11:50:00,85.77,85.86,85.77,85.84,29212.0
2026-03-25 11:55:00,85.84,85.915,85.8,85.8,184758.0
2026-03-25 12:00:00,85.78,85.89,85.7646,85.8,64041.0
2026-03-25 12:05:00,85.8,85.84,85.68,85.82,51981.0
2026-03-25 12:10:00,85.82,85.82,85.685,85.69,39891.0
2026-03-25 12:15:00,85.71,85.72,85.56,85.625,49695.0
2026-03-25 12:20:00,85.62,85.76,85.53,85.76,43205.0
2026-03-25 12:25:00,85.75,85.82,85.685,85.735,86312.0
2026-03-25 12:30:00,85.74,85.75,85.6651,85.68,27315.0
2026-03-25 12:35:00,85.68,85.81,85.655,85.795,20813.0
2026-03-25 12:40:00,85.81,85.835,85.7199,85.735,24896.0
2026-03-25 12:45:00,85.73,85.74,85.65,85.665,23108.0
2026-03-25 12:50:00,85.67,85.7999,85.63,85.775,41470.0
2026-03-25 12:55:00,85.78,85.78,85.72,85.725,19438.0
2026-03-25 13:00:00,85.72,85.765,85.65,85.71,66728.0
2026-03-25 13:05:00,85.695,85.695,85.54,85.55,31238.0
2026-03-25 13:10:00,85.54,85.7,85.505,85.65,37117.0
2026-03-25 13:15:00,85.65,85.65,85.5,85.555,55471.0
2026-03-25 13:20:00,85.56,85.735,85.56,85.66,32912.0
2026-03-25 13:25:00,85.675,85.78,85.655,85.69,45791.0
2026-03-25 13:30:00,85.695,85.87,85.64,85.865,79550.0
2026-03-25 13:35:00,85.87,85.88,85.82,85.8499,35532.0
2026-03-25 13:40:00,85.84,85.84,85.76,85.82,38798.0
2026-03-25 13:45:00,85.82,85.85,85.78,85.795,26207.0
2026-03-25 13:50:00,85.79,85.8,85.57,85.595,87585.0
2026-03-25 13:55:00,85.58,85.73,85.5492,85.645,71987.0
2026-03-25 14:00:00,85.635,85.97,85.55,85.675,283928.0
2026-03-25 14:05:00,85.675,85.82,85.66,85.685,108971.0
2026-03-25 14:10:00,85.65,85.695,85.6,85.66,140093.0
2026-03-25 14:15:00,85.665,85.67,85.5699,85.625,115094.0
2026-03-25 14:20:00,85.62,85.735,85.62,85.735,77447.0
2026-03-25 14:25:00,85.73,85.7599,85.65,85.675,59881.0
2026-03-25 14:30:00,85.665,85.785,85.66,85.76,83513.0
2026-03-25 14:35:00,85.755,85.76,85.62,85.64,69351.0
2026-03-25 14:40:00,85.64,85.645,85.58,85.62,35439.0
2026-03-25 14:45:00,85.62,85.63,85.5051,85.53,31482.0
2026-03-25 14:50:00,85.54,85.55,85.43,85.48,50099.0
2026-03-25 14:55:00,85.48,85.48,85.28,85.415,119814.0
2026-03-25 15:00:00,85.4,85.43,85.26,85.315,81329.0
2026-03-25 15:05:00,85.32,85.3614,84.74,84.75,233159.0
2026-03-25 15:10:00,84.76,84.89,84.46,84.87,406617.0
2026-03-25 15:15:00,84.86,85.0,84.74,84.89,146619.0
2026-03-25 15:20:00,84.89,84.97,84.8,84.965,64630.0
2026-03-25 15:25:00,84.965,85.04,84.9,84.945,92721.0
2026-03-25 15:30:00,84.96,85.035,84.925,85.005,83922.0
2026-03-25 15:35:00,85.005,85.025,84.82,84.925,145109.0
2026-03-25 15:40:00,84.925,85.205,84.915,85.12,112730.0
2026-03-25 15:45:00,85.11,85.14,84.96,84.96,162811.0
2026-03-25 15:50:00,84.98,85.08,84.96,85.05,122681.0
2026-03-25 15:55:00,85.05,85.33,85.03,85.28,169641.0
2026-03-25 16:00:00,85.27,85.45,85.27,85.45,75676.0
2026-03-25 16:05:00,85.351,85.351,85.25,85.25,1558.0
2026-03-25 16:10:00,85.19,85.19,85.1494,85.1494,350.0
2026-03-25 16:15:00,85.24,85.35,85.24,85.35,764.0
2026-03-25 16:20:00,85.15,85.16,85.15,85.16,727.0
2026-03-25 16:25:00,85.16,85.17,85.15,85.15,2552.0
2026-03-25 16:30:00,85.12,85.12,85.08,85.09,1384.0
2026-03-25 16:35:00,85.07,85.07,84.8,84.84,11777.0
2026-03-25 16:40:00,84.75,84.78,84.65,84.78,3570.0
2026-03-25 16:45:00,85.0032,85.0032,84.78,84.78,346.0
2026-03-25 16:50:00,84.79,84.79,84.79,84.79,400.0
2026-03-25 16:55:00,84.79,84.79,84.78,84.78,600.0
2026-03-25 17:00:00,84.8168,84.8168,84.8168,84.8168,154.0
2026-03-25 17:05:00,84.95,84.9696,84.95,84.95,492.0
2026-03-25 17:15:00,84.98,84.98,84.98,84.98,100.0
2026-03-25 17:20:00,84.95,85.04,84.7638,85.04,753.0
2026-03-25 17:30:00,84.94,84.94,84.94,84.94,300.0
2026-03-25 17:35:00,84.94,85.27,84.94,84.94,1420.0
2026-03-25 17:40:00,85.0,85.0,85.0,85.0,100.0
2026-03-25 18:00:00,84.99,84.99,84.99,84.99,198.0
2026-03-25 18:05:00,85.18,85.18,85.18,85.18,150.0
2026-03-25 18:10:00,84.91,84.91,84.91,84.91,499.0
2026-03-25 18:15:00,84.81,84.81,84.81,84.81,100.0
2026-03-25 18:20:00,84.8,84.9,84.75,84.9,300.0
2026-03-25 18:30:00,84.94,84.94,84.94,84.94,100.0
2026-03-25 18:35:00,85.08,85.13,85.08,85.13,364.0
2026-03-25 18:40:00,85.25,85.25,85.25,85.25,100.0
2026-03-25 18:45:00,85.23,85.23,85.15,85.16,403.0
2026-03-25 18:50:00,84.8902,85.1,84.8902,85.1,395.0
2026-03-25 18:55:00,84.95,84.95,84.95,84.95,187.0
2026-03-25 19:00:00,84.978,84.978,84.978,84.978,155.0
2026-03-25 19:05:00,84.75,84.75,84.75,84.75,350.0
2026-03-25 19:10:00,84.94,84.94,84.94,84.94,118.0
2026-03-25 19:25:00,84.77,84.77,84.77,84.77,237.0
2026-03-25 19:30:00,84.8,84.8127,84.8,84.8127,208.0
2026-03-25 19:35:00,84.71,84.71,84.5,84.53,6537.0
2026-03-25 19:45:00,84.5813,84.5813,84.56,84.56,500.0
2026-03-25 19:50:00,84.55,84.65,84.55,84.65,359.0
2026-03-25 19:55:00,84.6,84.6,84.6,84.6,400.0
2026-03-26 04:00:00,84.6,84.6,83.88,83.88,1769.0
2026-03-26 04:05:00,83.81,83.81,83.81,83.81,100.0
2026-03-26 04:10:00,83.71,83.71,83.64,83.64,1340.0
2026-03-26 04:15:00,83.67,83.67,83.55,83.55,5850.0
2026-03-26 04:20:00,83.62,83.62,83.38,83.38,1700.0
2026-03-26 04:25:00,83.35,83.37,83.29,83.29,1699.0
2026-03-26 04:30:00,83.35,83.45,83.35,83.45,1036.0
2026-03-26 04:35:00,83.37,83.44,83.37,83.39,734.0
2026-03-26 04:40:00,83.45,83.45,83.06,83.17,4680.0
2026-03-26 04:50:00,83.27,83.36,83.27,83.31,16293.0
2026-03-26 05:00:00,83.27,83.4,83.24,83.24,1811.0
2026-03-26 05:05:00,83.37,83.4,83.34,83.34,2909.0
2026-03-26 05:10:00,83.34,83.34,83.27,83.27,550.0
2026-03-26 05:15:00,83.32,83.37,83.32,83.37,583.0
2026-03-26 05:20:00,83.41,83.41,83.41,83.41,170.0
2026-03-26 05:25:00,83.37,83.37,83.36,83.36,284.0
2026-03-26 05:30:00,83.27,83.27,83.15,83.15,2177.0
2026-03-26 05:40:00,83.33,83.35,83.31,83.31,420.0
2026-03-26 05:45:00,83.19,83.19,83.19,83.19,150.0
2026-03-26 05:50:00,83.26,83.27,83.26,83.27,9501.0
2026-03-26 05:55:00,83.28,83.28,83.25,83.25,270.0
2026-03-26 06:05:00,83.24,83.24,83.24,83.24,170.0
2026-03-26 06:10:00,83.26,83.26,83.26,83.26,216.0
2026-03-26 06:15:00,83.44,83.44,83.44,83.44,170.0
2026-03-26 06:20:00,83.58,83.58,83.58,83.58,170.0
2026-03-26 06:25:00,83.62,83.62,83.61,83.61,695.0
2026-03-26 06:30:00,83.56,83.62,83.53,83.53,8140.0
2026-03-26 06:35:00,83.47,83.47,83.47,83.47,110.0
2026-03-26 06:40:00,83.4,83.45,83.3,83.4,58358.0
2026-03-26 06:45:00,83.31,83.46,83.31,83.46,4083.0
2026-03-26 06:50:00,83.61,83.63,83.53,83.53,1136.0
2026-03-26 06:55:00,83.53,83.66,83.53,83.65,7389.0
2026-03-26 07:00:00,83.62,83.62,83.6,83.6,270.0
2026-03-26 07:05:00,83.61,83.61,83.61,83.61,104.0
2026-03-26 07:10:00,83.58,83.58,83.58,83.58,2100.0
2026-03-26 07:20:00,83.8,83.8,83.73,83.75,1396.0
2026-03-26 07:25:00,83.63,83.63,83.61,83.61,487.0
2026-03-26 07:30:00,83.72,83.72,83.72,83.72,276.0
2026-03-26 07:40:00,83.7,83.74,83.7,83.74,1211.0
2026-03-26 07:45:00,83.4,83.4,83.31,83.31,370.0
2026-03-26 07:50:00,83.28,83.28,83.2,83.22,1375.0
2026-03-26 07:55:00,83.38,83.38,83.16,83.24,10085.0
2026-03-26 08:00:00,83.5904,85.09,83.12,83.63,27755.0
2026-03-26 08:05:00,83.26,83.5,83.26,83.5,1720.0
2026-03-26 08:10:00,83.52,83.63,83.52,83.59,3053.0
2026-03-26 08:20:00,83.47,83.51,83.45,83.49,1148.0
2026-03-26 08:25:00,83.51,83.51,83.51,83.51,103.0
2026-03-26 08:30:00,83.44,83.5,83.44,83.46,400.0
2026-03-26 08:35:00,83.46,83.4907,83.46,83.4907,300.0
2026-03-26 08:40:00,83.65,83.65,83.49,83.49,5960.0
2026-03-26 08:45:00,83.58,83.59,83.45,83.45,2781.0
2026-03-26 08:50:00,83.49,83.5,83.41,83.41,6129.0
2026-03-26 08:55:00,83.41,83.41,83.34,83.36,8886.0
2026-03-26 09:00:00,83.3,83.3699,83.3,83.3699,1400.0
2026-03-26 09:05:00,83.52,83.56,83.47,83.56,6361.0
2026-03-26 09:10:00,83.62,83.62,83.61,83.61,1731.0
2026-03-26 09:15:00,83.5,83.5515,83.5,83.5515,420.0
2026-03-26 09:20:00,83.57,83.76,83.57,83.76,1663.0
2026-03-26 09:25:00,83.73,83.76,83.6,83.6,507.0
2026-03-26 09:30:00,83.69,83.76,83.45,83.59,243375.0
2026-03-26 09:35:00,83.58,83.67,83.43,83.45,148602.0
2026-03-26 09:40:00,83.44,83.8,83.35,83.8,289268.0
2026-03-26 09:45:00,83.8,83.93,83.725,83.76,263107.0
2026-03-26 09:50:00,83.78,83.92,83.72,83.86,118971.0
2026-03-26 09:55:00,83.86,83.865,83.48,83.7799,273536.0
2026-03-26 10:00:00,83.815,83.84,83.67,83.73,72349.0
2026-03-26 10:05:00,83.73,83.74,83.61,83.67,140432.0
2026-03-26 10:10:00,83.68,83.7199,83.495,83.675,119703.0
2026-03-26 10:15:00,83.675,83.935,83.635,83.825,92124.0
2026-03-26 10:20:00,83.82,84.1,83.775,83.9,172178.0
2026-03-26 10:25:00,83.9,84.025,83.77,83.9,105635.0
2026-03-26 10:30:00,83.9,84.21,83.9,84.205,131722.0
2026-03-26 10:35:00,84.205,84.27,83.99,84.0801,132416.0
2026-03-26 10:40:00,84.08,84.29,83.9,83.94,245116.0
2026-03-26 10:45:00,83.92,84.09,83.87,83.96,158824.0
2026-03-26 10:50:00,83.955,84.085,83.72,83.72,138487.0
2026-03-26 10:55:00,83.72,84.07,83.66,84.02,192696.0
2026-03-26 11:00:00,84.02,84.09,83.9,83.91,102336.0
2026-03-26 11:05:00,83.92,83.99,83.755,83.82,179397.0
2026-03-26 11:10:00,83.83,83.94,83.83,83.84,48620.0
2026-03-26 11:15:00,83.86,83.895,83.715,83.84,97663.0
2026-03-26 11:20:00,83.84,83.89,83.74,83.7821,44076.0
2026-03-26 11:25:00,83.8,83.885,83.75,83.84,63947.0
2026-03-26 11:30:00,83.82,83.82,83.52,83.6,94445.0
2026-03-26 11:35:00,83.6,83.65,83.48,83.54,53605.0
2026-03-26 11:40:00,83.54,83.62,83.495,83.54,50460.0
2026-03-26 11:45:00,83.55,83.6625,83.54,83.615,94241.0
2026-03-26 11:50:00,83.61,83.67,83.59,83.65,62000.0
2026-03-26 11:55:00,83.64,83.64,83.43,83.505,157051.0
2026-03-26 12:00:00,83.51,83.515,83.27,83.49,184460.0
2026-03-26 12:05:00,83.49,83.59,83.44,83.5399,38880.0
2026-03-26 12:10:00,83.5245,83.59,83.45,83.54,66344.0
2026-03-26 12:15:00,83.54,83.54,83.18,83.29,144280.0
2026-03-26 12:20:00,83.28,83.32,82.61,82.81,600096.0
2026-03-26 12:25:00,82.8,82.81,82.535,82.735,332914.0
2026-03-26 12:30:00,82.7,82.7,82.34,82.65,244049.0
2026-03-26 12:35:00,82.66,82.66,82.17,82.33,265034.0
2026-03-26 12:40:00,82.31,82.54,82.3,82.43,84875.0
2026-03-26 12:45:00,82.44,82.62,82.39,82.545,106049.0
2026-03-26 12:50:00,82.51,82.615,82.43,82.61,62029.0
2026-03-26 12:55:00,82.58,82.65,82.55,82.6,77865.0
2026-03-26 13:00:00,82.58,82.74,82.515,82.635,167766.0
2026-03-26 13:05:00,82.64,82.83,82.64,82.76,186094.0
2026-03-26 13:10:00,82.76,82.78,82.58,82.7,106633.0
2026-03-26 13:15:00,82.7,82.74,82.55,82.72,105162.0
2026-03-26 13:20:00,82.72,82.74,82.5,82.54,80546.0
2026-03-26 13:25:00,82.53,82.53,82.37,82.47,145496.0
2026-03-26 13:30:00,82.48,82.565,82.38,82.52,147892.0
2026-03-26 13:35:00,82.54,82.65,82.49,82.58,198058.0
2026-03-26 13:40:00,82.57,82.57,82.45,82.53,70687.0
2026-03-26 13:45:00,82.54,82.63,82.48,82.525,112221.0
2026-03-26 13:50:00,82.525,82.57,82.445,82.49,81531.0
2026-03-26 13:55:00,82.48,82.53,82.41,82.45,89667.0
2026-03-26 14:00:00,82.44,82.54,82.415,82.44,117121.0
2026-03-26 14:05:00,82.46,82.615,82.45,82.54,240885.0
2026-03-26 14:10:00,82.55,82.59,82.44,82.57,339189.0
2026-03-26 14:15:00,82.565,82.565,82.385,82.445,218222.0
2026-03-26 14:20:00,82.445,82.445,82.185,82.355,318110.0
2026-03-26 14:25:00,82.355,82.39,82.215,82.3,252742.0
2026-03-26 14:30:00,82.3,82.475,82.29,82.445,122388.0
2026-03-26 14:35:00,82.45,82.61,82.43,82.605,100294.0
2026-03-26 14:40:00,82.61,82.71,82.605,82.675,84601.0
2026-03-26 14:45:00,82.665,82.7501,82.615,82.71,110604.0
2026-03-26 14:50:00,82.71,82.75,82.67,82.68,105017.0
2026-03-26 14:55:00,82.68,82.73,82.645,82.69,136563.0
2026-03-26 15:00:00,82.71,82.785,82.61,82.61,101522.0
2026-03-26 15:05:00,82.635,82.67,82.51,82.53,111234.0
2026-03-26 15:10:00,82.52,82.585,82.46,82.57,89706.0
2026-03-26 15:15:00,82.57,82.64,82.545,82.61,106703.0
2026-03-26 15:20:00,82.585,82.65,82.57,82.595,47463.0
2026-03-26 15:25:00,82.59,82.615,82.39,82.43,127711.0
2026-03-26 15:30:00,82.435,82.5,82.32,82.435,106598.0
2026-03-26 15:35:00,82.44,82.575,82.42,82.465,85968.0
2026-03-26 15:40:00,82.47,82.5,82.3801,82.39,160216.0
2026-03-26 15:45:00,82.4,82.41,82.28,82.35,113445.0
2026-03-26 15:50:00,82.33,82.33,82.11,82.12,350035.0
2026-03-26 15:55:00,82.12,82.17,82.025,82.11,346382.0
2026-03-26 16:00:00,82.09,82.13,81.99,81.99,140148.0
2026-03-26 16:05:00,81.9171,81.94,81.9,81.91,900.0
2026-03-26 16:10:00,81.941,83.06,81.941,82.75,76181.0
2026-03-26 16:15:00,82.59,82.76,82.51,82.76,2545.0
2026-03-26 16:20:00,82.72,83.0,82.6506,83.0,10392.0
2026-03-26 16:25:00,82.76,82.88,82.7,82.88,17459.0
2026-03-26 16:30:00,82.8633,82.92,82.78,82.78,5120.0
2026-03-26 16:35:00,82.79,83.1888,82.79,83.1888,7148.0
2026-03-26 16:40:00,83.0925,83.13,82.93,82.93,2438.0
2026-03-26 16:45:00,82.94,83.1285,82.81,82.9,1870.0
2026-03-26 16:50:00,82.75,82.822,82.26,82.28,5120.0
2026-03-26 17:00:00,82.35,82.36,82.3,82.31,14150.0
2026-03-26 17:05:00,82.13,82.13,82.13,82.13,100.0
2026-03-26 17:10:00,82.21,82.21,82.21,82.21,100.0
2026-03-26 17:20:00,82.3025,82.3025,82.3025,82.3025,250.0
2026-03-26 17:25:00,82.31,82.31,82.3,82.3,792.0
2026-03-26 17:45:00,82.4,82.5,82.4,82.5,900.0
2026-03-26 17:55:00,82.4835,82.49,82.32,82.35,5676.0
2026-03-26 18:00:00,82.36,82.6,82.35,82.55,2262.0
2026-03-26 18:05:00,82.76,82.76,82.73,82.73,200.0
2026-03-26 18:30:00,82.81,83.0,82.81,83.0,1070.0
2026-03-26 18:35:00,83.0,83.0,83.0,83.0,1707.0
2026-03-26 18:40:00,83.05,83.05,83.05,83.05,1706.0
2026-03-26 18:45:00,83.0368,83.0368,82.86,82.86,497.0
2026-03-26 18:50:00,83.02,83.02,83.02,83.02,100.0
2026-03-26 18:55:00,82.88,82.88,82.88,82.88,200.0
2026-03-26 19:00:00,83.0,83.0,83.0,83.0,389.0
2026-03-26 19:05:00,82.8443,82.8443,82.83,82.83,300.0
2026-03-26 19:15:00,82.75,82.75,82.75,82.75,200.0
2026-03-26 19:25:00,82.75,82.75,82.75,82.75,240.0
2026-03-26 19:30:00,82.81,82.81,82.582,82.582,200.0
2026-03-26 19:40:00,82.9,82.9,82.9,82.9,119.0
2026-03-26 19:50:00,82.75,82.75,82.75,82.75,1609.0
2026-03-26 19:55:00,82.9468,82.9468,82.9468,82.9468,100.0
2026-03-27 04:00:00,83.67,83.73,83.6,83.63,6151.0
2026-03-27 04:05:00,83.69,83.72,83.67,83.68,959.0
2026-03-27 04:10:00,83.67,83.68,83.66,83.66,982.0
2026-03-27 04:15:00,83.55,83.55,83.55,83.55,631.0
2026-03-27 04:20:00,83.54,83.54,83.51,83.51,2391.0
2026-03-27 04:25:00,83.44,83.44,83.39,83.43,3272.0
2026-03-27 04:30:00,83.5,83.5,83.35,83.39,9947.0
2026-03-27 04:35:00,83.46,83.46,83.46,83.46,181.0
2026-03-27 04:45:00,83.46,83.5,83.45,83.45,4150.0
2026-03-27 04:50:00,83.35,83.39,83.35,83.39,406.0
2026-03-27 04:55:00,83.43,83.43,83.38,83.38,1756.0
2026-03-27 05:00:00,83.28,83.4,83.28,83.33,9926.0
2026-03-27 05:05:00,83.28,83.29,83.23,83.28,2275.0
2026-03-27 05:10:00,83.21,83.38,83.21,83.33,1290.0
2026-03-27 05:15:00,83.37,83.37,83.37,83.37,300.0
2026-03-27 05:20:00,83.44,83.44,83.44,83.44,5489.0
2026-03-27 05:25:00,83.44,83.44,83.44,83.44,555.0
2026-03-27 05:30:00,83.48,83.51,83.47,83.47,2240.0
2026-03-27 05:40:00,83.44,83.44,83.44,83.44,170.0
2026-03-27 05:45:00,83.36,83.36,83.36,83.36,3170.0
2026-03-27 05:55:00,83.32,83.34,83.32,83.34,789.0
2026-03-27 06:00:00,83.3,83.38,83.3,83.37,900.0
2026-03-27 06:05:00,83.31,83.38,83.31,83.36,876.0
2026-03-27 06:10:00,83.32,83.32,83.26,83.26,6288.0
2026-03-27 06:15:00,83.29,83.31,83.26,83.31,1458.0
2026-03-27 06:20:00,83.26,83.28,83.26,83.28,750.0
2026-03-27 06:30:00,83.34,83.34,83.34,83.34,200.0
2026-03-27 06:35:00,83.23,83.23,83.23,83.23,100.0
2026-03-27 06:40:00,83.17,83.17,83.17,83.17,200.0
2026-03-27 06:45:00,83.1,83.1,83.07,83.07,2828.0
2026-03-27 06:50:00,83.05,83.14,83.05,83.14,1500.0
2026-03-27 06:55:00,83.08,83.08,83.08,83.08,319.0
2026-03-27 07:00:00,83.06,83.08,83.0,83.0,4231.0
2026-03-27 07:05:00,82.99,82.99,82.91,82.94,1935.0
2026-03-27 07:10:00,83.0,83.0,82.99,82.99,2797.0
2026-03-27 07:15:00,83.03,83.03,82.951,82.98,3619.0
2026-03-27 07:20:00,83.03,83.03,83.03,83.03,340.0
2026-03-27 07:30:00,83.11,83.11,83.11,83.11,300.0
2026-03-27 07:35:00,83.1,83.1,83.08,83.09,521.0
2026-03-27 07:40:00,83.13,83.2,83.13,83.2,3008.0
2026-03-27 07:45:00,83.23,83.23,83.18,83.18,3103.0
2026-03-27 07:55:00,83.17,83.17,83.13,83.16,873.0
2026-03-27 08:00:00,83.66,84.21,82.295,83.24,31552.0
2026-03-27 08:05:00,83.2107,83.2107,83.07,83.15,1024.0
2026-03-27 08:10:00,83.15,83.15,83.15,83.15,100.0
2026-03-27 08:15:00,83.28,83.42,83.28,83.31,5639.0
2026-03-27 08:20:00,83.18,83.2,83.14,83.2,748.0
2026-03-27 08:25:00,83.31,83.32,83.31,83.32,1002.0
2026-03-27 08:30:00,83.36,83.36,83.34,83.34,2512.0
2026-03-27 08:35:00,83.37,83.45,83.37,83.45,1481.0
2026-03-27 08:40:00,83.48,83.5071,83.41,83.43,10305.0
2026-03-27 08:45:00,83.47,83.5072,83.46,83.5,4398.0
2026-03-27 08:50:00,83.57,83.65,83.57,83.6,14116.0
2026-03-27 08:55:00,83.56,83.56,83.56,83.56,900.0
2026-03-27 09:00:00,83.56,83.6088,83.44,83.45,5896.0
2026-03-27 09:05:00,83.401,83.44,83.36,83.36,1300.0
2026-03-27 09:10:00,83.33,83.36,83.3,83.3532,5222.0
2026-03-27 09:15:00,83.411,83.53,83.411,83.53,969.0
2026-03-27 09:20:00,83.47,83.47,83.305,83.34,33344.0
2026-03-27 09:25:00,83.4,83.4,83.17,83.26,32723.0
2026-03-27 09:30:00,83.23,83.305,83.055,83.14,389698.0
2026-03-27 09:35:00,83.14,83.33,83.08,83.32,165765.0
2026-03-27 09:40:00,83.315,83.38,83.26,83.34,87084.0
2026-03-27 09:45:00,83.37,83.59,83.35,83.44,68266.0
2026-03-27 09:50:00,83.45,83.455,83.29,83.3,115273.0
2026-03-27 09:55:00,83.3,83.43,83.19,83.39,92846.0
2026-03-27 10:00:00,83.37,83.89,83.37,83.89,145599.0
2026-03-27 10:05:00,83.91,83.99,83.73,83.735,187174.0
2026-03-27 10:10:00,83.73,83.985,83.655,83.94,95521.0
2026-03-27 10:15:00,83.94,84.12,83.89,84.045,101351.0
2026-03-27 10:20:00,84.04,84.12,83.88,84.01,94317.0
2026-03-27 10:25:00,84.0,84.04,83.8,83.85,55607.0
2026-03-27 10:30:00,83.815,83.99,83.7999,83.99,210854.0
2026-03-27 10:35:00,84.0,84.01,83.855,83.94,80316.0
2026-03-27 10:40:00,83.93,84.01,83.88,84.01,37951.0
2026-03-27 10:45:00,84.01,84.24,84.01,84.2,130293.0
2026-03-27 10:50:00,84.19,84.69,84.17,84.485,476452.0
2026-03-27 10:55:00,84.49,84.965,84.49,84.87,267524.0
2026-03-27 11:00:00,84.875,84.999,84.725,84.999,387544.0
2026-03-27 11:05:00,84.95,84.98,84.8,84.955,272799.0
2026-03-27 11:10:00,84.95,85.31,84.86,85.17,205881.0
2026-03-27 11:15:00,85.17,85.4,85.08,85.3,184466.0
2026-03-27 11:20:00,85.3,85.72,85.3,85.525,464420.0
2026-03-27 11:25:00,85.53,85.63,85.485,85.5,83380.0
2026-03-27 11:30:00,85.52,85.6799,85.41,85.51,74825.0
2026-03-27 11:35:00,85.52,85.525,85.31,85.33,171636.0
2026-03-27 11:40:00,85.33,85.355,85.18,85.29,194114.0
2026-03-27 11:45:00,85.285,85.37,85.1701,85.335,191363.0
2026-03-27 11:50:00,85.33,85.355,85.18,85.2,223909.0
2026-03-27 11:55:00,85.19,85.24,85.08,85.1399,125477.0
2026-03-27 12:00:00,85.155,85.275,85.035,85.2523,225760.0
2026-03-27 12:05:00,85.26,85.295,85.18,85.28,166214.0
2026-03-27 12:10:00,85.27,85.315,85.13,85.235,95079.0
2026-03-27 12:15:00,85.225,85.315,85.165,85.23,114065.0
2026-03-27 12:20:00,85.23,85.33,85.22,85.275,153706.0
2026-03-27 12:25:00,85.28,85.28,85.18,85.225,112776.0
2026-03-27 12:30:00,85.22,85.23,84.93,85.03,244729.0
2026-03-27 12:35:00,85.02,85.03,84.9,84.91,87996.0
2026-03-27 12:40:00,84.9,84.93,84.81,84.905,99386.0
2026-03-27 12:45:00,84.9,85.08,84.825,85.065,136119.0
2026-03-27 12:50:00,85.065,85.09,84.8901,84.91,57791.0
2026-03-27 12:55:00,84.92,85.01,84.9,84.99,44755.0
2026-03-27 13:00:00,84.99,84.99,84.81,84.92,279956.0
2026-03-27 13:05:00,84.92,85.115,84.86,84.96,121606.0
2026-03-27 13:10:00,84.94,84.975,84.885,84.91,53533.0
2026-03-27 13:15:00,84.91,84.91,84.6539,84.71,90683.0
2026-03-27 13:20:00,84.705,84.7251,84.595,84.65,84698.0
2026-03-27 13:25:00,84.65,84.665,84.45,84.58,92134.0
2026-03-27 13:30:00,84.56,84.65,84.5,84.65,102235.0
2026-03-27 13:35:00,84.65,84.69,84.49,84.53,23556.0
2026-03-27 13:40:00,84.535,84.56,84.43,84.505,112845.0
2026-03-27 13:45:00,84.51,84.64,84.4751,84.6,48966.0
2026-03-27 13:50:00,84.55,84.68,84.55,84.595,39349.0
2026-03-27 13:55:00,84.595,84.595,84.43,84.44,88731.0
2026-03-27 14:00:00,84.47,84.64,84.47,84.57,113083.0
2026-03-27 14:05:00,84.6,84.68,84.48,84.6,1783249.0
2026-03-27 14:10:00,84.6,84.66,84.51,84.65,120753.0
2026-03-27 14:15:00,84.66,84.88,84.66,84.87,157633.0
2026-03-27 14:20:00,84.865,84.9,84.73,84.75,70607.0
2026-03-27 14:25:00,84.765,84.88,84.75,84.86,74861.0
2026-03-27 14:30:00,84.87,84.97,84.855,84.95,50358.0
2026-03-27 14:35:00,84.94,85.23,84.925,85.04,212719.0
2026-03-27 14:40:00,85.02,85.2,84.985,85.175,188939.0
2026-03-27 14:45:00,85.17,85.175,85.025,85.06,86188.0
2026-03-27 14:50:00,85.05,85.09,85.015,85.015,43088.0
2026-03-27 14:55:00,85.02,85.02,84.95,85.005,45800.0
2026-03-27 15:00:00,85.03,85.05,84.86,84.86,114621.0
2026-03-27 15:05:00,84.86,84.905,84.8201,84.85,224144.0
2026-03-27 15:10:00,84.86,84.95,84.825,84.9,153917.0
2026-03-27 15:15:00,84.89,85.095,84.88,85.075,152808.0
2026-03-27 15:20:00,85.08,85.14,85.05,85.085,123078.0
2026-03-27 15:25:00,85.09,85.115,85.03,85.11,50765.0
2026-03-27 15:30:00,85.13,85.1769,85.07,85.09,100862.0
2026-03-27 15:35:00,85.1,85.1,84.9,84.92,191862.0
2026-03-27 15:40:00,84.91,84.915,84.72,84.875,127926.0
2026-03-27 15:45:00,84.865,84.875,84.76,84.87,102608.0
2026-03-27 15:50:00,84.86,84.995,84.815,84.99,156082.0
2026-03-27 15:55:00,84.985,85.1021,84.92,84.94,209467.0
2026-03-27 16:00:00,84.95,85.03,84.92,84.93,119503.0
2026-03-27 16:05:00,84.92,84.92,84.86,84.87,850.0
2026-03-27 16:10:00,84.86,84.86,84.86,84.86,100.0
2026-03-27 16:15:00,84.86,84.89,84.86,84.86,1407.0
2026-03-27 16:20:00,84.79,84.81,84.79,84.81,650.0
2026-03-27 16:25:00,84.81,84.81,84.79,84.79,10890.0
2026-03-27 16:30:00,84.8157,84.8157,84.75,84.75,500.0
2026-03-27 16:35:00,84.7463,84.7463,84.7463,84.7463,100.0
2026-03-27 16:40:00,84.74,84.74,84.69,84.71,1450.0
2026-03-27 16:45:00,84.67,84.69,84.61,84.61,3028.0
2026-03-27 16:50:00,84.56,84.56,84.55,84.56,859.0
2026-03-27 16:55:00,84.5182,84.5182,84.5182,84.5182,118.0
2026-03-27 17:00:00,84.5176,84.8524,84.5176,84.8524,500.0
2026-03-27 17:05:00,84.5,84.5,84.5,84.5,156.0
2026-03-27 17:10:00,84.71,84.71,84.57,84.57,800.0
2026-03-27 17:15:00,84.7,84.7,84.7,84.7,350.0
2026-03-27 17:20:00,84.6115,84.6115,84.6115,84.6115,120.0
2026-03-27 17:25:00,84.7,84.7,84.66,84.66,504.0
2026-03-27 17:40:00,84.66,84.66,84.66,84.66,500.0
2026-03-27 17:45:00,84.61,84.61,84.61,84.61,200.0
2026-03-27 17:55:00,84.7,84.7,84.7,84.7,100.0
2026-03-27 18:00:00,84.74,84.95,84.74,84.76,598.0
2026-03-27 18:05:00,84.9309,84.9309,84.84,84.84,300.0
2026-03-27 18:10:00,84.66,84.66,84.65,84.65,526.0
2026-03-27 18:25:00,84.66,84.74,84.6041,84.6041,6216.0
2026-03-27 18:35:00,84.62,84.62,84.6,84.6,898.0
2026-03-27 18:40:00,84.9251,84.9251,84.9251,84.9251,200.0
2026-03-27 18:45:00,84.7332,84.7391,84.7332,84.7391,600.0
2026-03-27 19:10:00,84.94,84.94,84.6007,84.6007,1100.0
2026-03-27 19:20:00,84.74,84.74,84.74,84.74,100.0
2026-03-27 19:35:00,84.6,84.6,84.6,84.6,200.0
2026-03-27 19:40:00,84.7,84.7,84.6,84.6,436.0
2026-03-27 19:45:00,84.7,84.7,84.7,84.7,213.0
2026-03-27 19:55:00,84.7,84.7,84.7,84.7,200.0
2026-03-30 04:00:00,85.08,85.63,84.44,85.18,59918.0
2026-03-30 04:05:00,85.3,85.34,85.29,85.34,1778.0
2026-03-30 04:10:00,85.32,85.32,85.32,85.32,296.0
2026-03-30 04:15:00,85.3,85.3,85.3,85.3,500.0
2026-03-30 04:20:00,85.29,85.29,85.28,85.29,1543.0
2026-03-30 04:30:00,85.37,85.39,85.37,85.39,947.0
2026-03-30 04:35:00,85.37,85.37,85.37,85.37,159.0
2026-03-30 04:40:00,85.36,85.36,85.31,85.31,540.0
2026-03-30 04:45:00,85.33,85.35,85.33,85.35,224.0
2026-03-30 04:50:00,85.35,85.35,85.35,85.35,318.0
2026-03-30 04:55:00,85.37,85.45,85.37,85.45,2500.0
2026-03-30 05:00:00,85.41,85.41,85.41,85.41,300.0
2026-03-30 05:05:00,85.39,85.39,85.31,85.31,2273.0
2026-03-30 05:10:00,85.31,85.31,85.27,85.27,6340.0
2026-03-30 05:15:00,85.2276,85.23,85.14,85.23,6832.0
2026-03-30 05:20:00,85.25,85.35,85.25,85.25,440.0
2026-03-30 05:25:00,85.28,85.28,85.28,85.28,299.0
2026-03-30 05:30:00,85.22,85.22,85.18,85.18,1920.0
2026-03-30 05:35:00,85.23,85.23,85.23,85.23,384.0
2026-03-30 05:40:00,85.35,85.39,85.35,85.39,270.0
2026-03-30 05:45:00,85.35,85.369,85.35,85.35,1500.0
2026-03-30 05:50:00,85.26,85.26,85.26,85.26,170.0
2026-03-30 06:00:00,85.32,85.32,85.32,85.32,170.0
2026-03-30 06:05:00,85.34,85.34,85.31,85.31,470.0
2026-03-30 06:10:00,85.33,85.33,85.33,85.33,170.0
2026-03-30 06:15:00,85.32,85.37,85.32,85.34,612.0
2026-03-30 06:20:00,85.36,85.36,85.29,85.3,1573.0
2026-03-30 06:25:00,85.23,85.23,85.23,85.23,116.0
2026-03-30 06:35:00,85.3,85.3,85.29,85.29,726.0
2026-03-30 06:45:00,85.28,85.28,85.25,85.25,972.0
2026-03-30 07:00:00,85.311,85.311,85.2,85.2,477.0
2026-03-30 07:05:00,85.239,85.3491,85.239,85.3491,1025.0
2026-03-30 07:10:00,85.45,85.45,85.41,85.41,839.0
2026-03-30 07:15:00,85.44,85.54,85.43,85.54,7520.0
2026-03-30 07:20:00,85.3571,85.51,85.3571,85.51,1160.0
2026-03-30 07:25:00,85.52,85.59,85.38,85.48,28864.0
2026-03-30 07:30:00,85.55,85.55,85.49,85.5122,631.0
2026-03-30 07:35:00,85.47,85.4788,85.44,85.45,17915.0
2026-03-30 07:40:00,85.6005,85.77,85.6005,85.77,7806.0
2026-03-30 07:45:00,85.9393,86.05,85.9393,85.98,4681.0
2026-03-30 07:50:00,86.03,86.2,86.03,86.04,6116.0
2026-03-30 07:55:00,85.9,85.9,85.77,85.77,440.0
2026-03-30 08:00:00,85.72,85.77,85.62,85.74,10379.0
2026-03-30 08:05:00,85.78,85.8169,85.74,85.79,2646.0
2026-03-30 08:10:00,85.77,85.82,85.77,85.79,870.0
2026-03-30 08:15:00,85.78,85.93,85.78,85.93,2920.0
2026-03-30 08:20:00,85.94,85.94,85.899,85.9131,1640.0
2026-03-30 08:25:00,85.86,85.95,85.86,85.93,700.0
2026-03-30 08:30:00,86.0,86.05,85.98,86.03,1320.0
2026-03-30 08:35:00,86.02,86.09,86.0,86.06,3508.0
2026-03-30 08:40:00,86.1,86.1,86.1,86.1,100.0
2026-03-30 08:45:00,86.08,86.08,85.935,85.99,7500.0
2026-03-30 08:50:00,85.9592,85.96,85.89,85.94,19112.0
2026-03-30 08:55:00,85.95,86.06,85.95,85.9869,18879.0
2026-03-30 09:00:00,86.06,86.16,86.06,86.0674,11995.0
2026-03-30 09:05:00,86.01,86.01,85.89,86.0,4241.0
2026-03-30 09:10:00,85.97,86.0,85.95,85.95,3300.0
2026-03-30 09:15:00,85.95,85.95,85.91,85.94,3423.0
2026-03-30 09:20:00,85.97,85.97,85.82,85.91,10718.0
2026-03-30 09:25:00,85.9,86.0,85.9,86.0,2623.0
2026-03-30 09:30:00,85.95,86.07,85.76,85.77,350531.0
2026-03-30 09:35:00,85.78,85.83,85.63,85.8,217732.0
2026-03-30 09:40:00,85.82,85.82,85.5,85.53,166029.0
2026-03-30 09:45:00,85.525,85.59,85.29,85.35,217144.0
2026-03-30 09:50:00,85.35,85.4,85.25,85.31,132242.0
2026-03-30 09:55:00,85.32,85.32,85.01,85.125,147336.0
2026-03-30 10:00:00,85.13,85.36,85.11,85.245,202483.0
2026-03-30 10:05:00,85.26,85.26,85.04,85.19,96603.0
2026-03-30 10:10:00,85.18,85.35,85.1,85.315,133243.0
2026-03-30 10:15:00,85.31,85.33,85.07,85.12,86628.0
2026-03-30 10:20:00,85.13,85.18,84.93,85.12,185499.0
2026-03-30 10:25:00,85.1,85.13,85.025,85.05,48974.0
2026-03-30 10:30:00,85.035,85.18,85.02,85.16,503261.0
2026-03-30 10:35:00,85.19,85.3038,85.1,85.22,74161.0
2026-03-30 10:40:00,85.22,85.33,85.09,85.12,111037.0
2026-03-30 10:45:00,85.125,85.455,85.105,85.295,374803.0
2026-03-30 10:50:00,85.3,85.47,85.27,85.405,44935.0
2026-03-30 10:55:00,85.4,85.47,85.33,85.42,58008.0
2026-03-30 11:00:00,85.43,85.515,85.36,85.435,160726.0
2026-03-30 11:05:00,85.44,85.46,85.3,85.34,75648.0
2026-03-30 11:10:00,85.345,85.42,85.325,85.325,39940.0
2026-03-30 11:15:00,85.32,85.33,85.18,85.26,90778.0
2026-03-30 11:20:00,85.28,85.33,85.16,85.25,74246.0
2026-03-30 11:25:00,85.26,85.33,85.25,85.3,41380.0
2026-03-30 11:30:00,85.3,85.475,85.22,85.475,58868.0
2026-03-30 11:35:00,85.48,85.625,85.48,85.61,86331.0
2026-03-30 11:40:00,85.62,85.715,85.62,85.67,47627.0
2026-03-30 11:45:00,85.675,85.75,85.64,85.68,182530.0
2026-03-30 11:50:00,85.68,85.73,85.55,85.72,173325.0
2026-03-30 11:55:00,85.71,85.76,85.59,85.61,55378.0
2026-03-30 12:00:00,85.605,85.62,85.42,85.44,45608.0
2026-03-30 12:05:00,85.46,85.52,85.4,85.47,76016.0
2026-03-30 12:10:00,85.46,85.575,85.46,85.5351,60033.0
2026-03-30 12:15:00,85.53,85.615,85.5,85.55,177197.0
2026-03-30 12:20:00,85.545,85.59,85.5,85.52,39029.0
2026-03-30 12:25:00,85.51,85.51,85.4,85.4,68093.0
2026-03-30 12:30:00,85.39,85.49,85.29,85.43,161289.0
2026-03-30 12:35:00,85.44,85.515,85.435,85.49,48172.0
2026-03-30 12:40:00,85.49,85.6052,85.49,85.58,66017.0
2026-03-30 12:45:00,85.61,85.6151,85.47,85.48,47698.0
2026-03-30 12:50:00,85.48,85.52,85.46,85.5,93835.0
2026-03-30 12:55:00,85.49,85.5,85.4,85.46,84628.0
2026-03-30 13:00:00,85.45,85.4993,85.315,85.315,66002.0
2026-03-30 13:05:00,85.31,85.375,85.3,85.36,156172.0
2026-03-30 13:10:00,85.3578,85.37,85.06,85.13,103179.0
2026-03-30 13:15:00,85.12,85.185,85.08,85.14,108301.0
2026-03-30 13:20:00,85.13,85.24,85.12,85.24,65238.0
2026-03-30 13:25:00,85.24,85.275,85.205,85.215,86868.0
2026-03-30 13:30:00,85.21,85.21,84.975,85.0,219112.0
2026-03-30 13:35:00,85.01,85.06,84.975,85.025,129027.0
2026-03-30 13:40:00,85.01,85.17,84.995,85.15,106001.0
2026-03-30 13:45:00,85.14,85.23,85.01,85.02,136238.0
2026-03-30 13:50:00,85.015,85.07,84.96,85.01,43667.0
2026-03-30 13:55:00,85.01,85.02,84.895,84.96,78076.0
2026-03-30 14:00:00,84.97,85.125,84.96,85.02,49573.0
2026-03-30 14:05:00,85.03,85.05,84.93,85.02,60363.0
2026-03-30 14:10:00,85.03,85.09,84.99,85.025,21201.0
2026-03-30 14:15:00,85.04,85.065,84.99,85.06,41308.0
2026-03-30 14:20:00,85.065,85.09,84.97,84.975,41044.0
2026-03-30 14:25:00,84.985,84.99,84.9,84.95,27217.0
2026-03-30 14:30:00,84.96,85.02,84.925,84.9399,51802.0
2026-03-30 14:35:00,84.94,85.055,84.94,84.94,49247.0
2026-03-30 14:40:00,84.94,85.0,84.94,84.985,49933.0
2026-03-30 14:45:00,84.99,85.04,84.985,85.02,81694.0
2026-03-30 14:50:00,85.02,85.035,84.815,84.83,82531.0
2026-03-30 14:55:00,84.82,84.83,84.64,84.675,368133.0
2026-03-30 15:00:00,84.67,84.73,84.605,84.69,149701.0
2026-03-30 15:05:00,84.685,84.775,84.64,84.68,62142.0
2026-03-30 15:10:00,84.67,84.67,84.57,84.64,73968.0
2026-03-30 15:15:00,84.65,84.71,84.6,84.6097,44909.0
2026-03-30 15:20:00,84.605,84.71,84.56,84.65,75125.0
2026-03-30 15:25:00,84.65,84.765,84.63,84.72,66704.0
2026-03-30 15:30:00,84.73,84.885,84.66,84.855,92815.0
2026-03-30 15:35:00,84.86,84.93,84.77,84.79,105226.0
2026-03-30 15:40:00,84.81,84.81,84.72,84.77,320667.0
2026-03-30 15:45:00,84.775,84.885,84.76,84.8299,86656.0
2026-03-30 15:50:00,84.83,84.865,84.775,84.8,137244.0
2026-03-30 15:55:00,84.8,85.03,84.8,84.9453,423194.0
2026-03-30 16:00:00,84.93,84.9962,84.86,84.86,162484.0
2026-03-30 16:10:00,84.85,84.85,84.82,84.85,4986.0
2026-03-30 16:15:00,84.84,84.84,84.84,84.84,100.0
2026-03-30 16:20:00,84.79,84.79,84.79,84.79,100.0
2026-03-30 16:25:00,84.79,84.79,84.79,84.79,400.0
2026-03-30 16:30:00,84.79,84.79,84.7326,84.7326,1836.0
2026-03-30 16:35:00,84.7737,84.7737,84.74,84.74,858.0
2026-03-30 16:40:00,84.75,84.75,84.74,84.74,1363.0
2026-03-30 16:45:00,84.81,84.81,84.81,84.81,992.0
2026-03-30 16:55:00,84.86,84.86,84.86,84.86,118.0
2026-03-30 17:20:00,84.88,85.0,84.8088,84.9,93318.0
2026-03-30 17:25:00,84.96,84.98,84.96,84.97,2500.0
2026-03-30 17:35:00,84.97,84.97,84.97,84.97,1200.0
2026-03-30 17:40:00,84.96,84.9643,84.96,84.9643,598.0
2026-03-30 17:50:00,84.93,84.93,84.93,84.93,285.0
2026-03-30 17:55:00,84.94,84.94,84.94,84.94,410.0
2026-03-30 18:00:00,85.02,85.02,85.02,85.02,100.0
2026-03-30 18:05:00,84.93,84.95,84.93,84.95,645.0
2026-03-30 18:10:00,84.87,84.87,84.87,84.87,664.0
2026-03-30 18:15:00,84.87,84.8756,84.85,84.8756,1100.0
2026-03-30 18:20:00,84.82,84.82,84.82,84.82,767.0
2026-03-30 18:25:00,84.78,84.78,84.78,84.78,150.0
2026-03-30 18:40:00,84.9,84.9296,84.85,84.85,6643.0
2026-03-30 18:45:00,84.888,84.89,84.888,84.89,708.0
2026-03-30 18:55:00,84.92,84.93,84.92,84.93,877.0
2026-03-30 19:00:00,84.8,84.8,84.68,84.68,1796.0
2026-03-30 19:05:00,84.7517,84.7517,84.6415,84.75,824.0
2026-03-30 19:10:00,84.6,84.6,84.6,84.6,100.0
2026-03-30 19:15:00,84.64,84.7273,84.64,84.7273,650.0
2026-03-30 19:20:00,84.8203,84.8203,84.8203,84.8203,100.0
2026-03-30 19:25:00,84.81,84.819,84.81,84.819,500.0
2026-03-30 19:35:00,84.91,84.95,84.91,84.95,200.0
2026-03-30 19:45:00,85.0173,85.0173,85.0173,85.0173,499.0
2026-03-30 19:50:00,85.03,85.04,84.9721,84.98,800.0
2026-03-30 19:55:00,84.9182,84.94,84.85,84.85,1132.0
2026-03-31 04:00:00,86.04,86.19,85.56,85.93,10703.0
2026-03-31 04:05:00,85.97,86.04,85.95,85.95,4848.0
2026-03-31 04:10:00,85.96,85.96,85.9,85.9,4233.0
2026-03-31 04:15:00,85.92,85.92,85.92,85.92,100.0
2026-03-31 04:20:00,86.0,86.0,86.0,86.0,122.0
2026-03-31 04:25:00,86.05,86.05,86.05,86.05,131.0
2026-03-31 04:30:00,85.98,85.99,85.98,85.99,677.0
2026-03-31 04:35:00,86.03,86.09,86.03,86.09,987.0
2026-03-31 04:40:00,86.02,86.03,86.02,86.02,574.0
2026-03-31 04:45:00,86.04,86.06,86.04,86.04,3450.0
2026-03-31 04:50:00,86.0,86.05,86.0,86.02,537.0
2026-03-31 04:55:00,86.02,86.02,85.99,85.99,1345.0
2026-03-31 05:00:00,85.91,85.93,85.91,85.93,1184.0
2026-03-31 05:05:00,86.0,86.0,86.0,86.0,200.0
2026-03-31 05:15:00,85.91,85.92,85.91,85.92,465.0
2026-03-31 05:20:00,85.99,85.99,85.94,85.94,1070.0
2026-03-31 05:30:00,85.81,85.81,85.72,85.72,1214.0
2026-03-31 05:40:00,85.67,85.67,85.64,85.64,1254.0
2026-03-31 05:50:00,85.84,85.84,85.84,85.84,1200.0
2026-03-31 05:55:00,85.73,85.73,85.68,85.72,1165.0
2026-03-31 06:00:00,85.76,85.76,85.76,85.76,166.0
2026-03-31 06:05:00,85.82,85.82,85.82,85.82,180.0
2026-03-31 06:15:00,85.8,85.8,85.8,85.8,180.0
2026-03-31 06:20:00,85.761,85.761,85.761,85.761,331.0
2026-03-31 06:25:00,85.84,85.84,85.84,85.84,100.0
2026-03-31 06:30:00,85.75,85.75,85.75,85.75,380.0
2026-03-31 06:35:00,85.57,85.57,85.31,85.31,1290.0
2026-03-31 06:40:00,85.3,85.44,85.3,85.43,1100.0
2026-03-31 06:45:00,85.45,85.47,85.45,85.47,206.0
2026-03-31 06:50:00,85.49,85.49,85.49,85.49,5300.0
2026-03-31 06:55:00,85.6,85.63,85.54,85.6,1845.0
2026-03-31 07:00:00,85.59,85.62,85.5261,85.57,2000.0
2026-03-31 07:05:00,85.56,85.56,85.53,85.5454,530.0
2026-03-31 07:10:00,85.5261,85.85,85.5,85.6371,7552.0
2026-03-31 07:15:00,85.81,85.94,85.81,85.94,2651.0
2026-03-31 07:20:00,85.94,86.12,85.94,86.12,4019.0
2026-03-31 07:25:00,86.14,86.21,86.14,86.15,2511.0
2026-03-31 07:30:00,86.05,86.16,86.0,86.16,13177.0
2026-03-31 07:35:00,86.18,86.4305,86.14,86.4305,3424.0
2026-03-31 07:40:00,86.3206,86.41,86.3206,86.41,880.0
2026-03-31 07:45:00,86.3992,86.3992,86.2953,86.3,1919.0
2026-03-31 07:50:00,86.279,86.279,86.21,86.22,640.0
2026-03-31 07:55:00,86.14,86.2548,86.14,86.2548,207.0
2026-03-31 08:00:00,86.29,86.29,85.142,85.142,900.0
2026-03-31 08:05:00,86.3,86.51,86.3,86.51,2088.0
2026-03-31 08:10:00,86.3,86.3,86.14,86.14,2092.0
2026-03-31 08:15:00,86.11,86.18,86.09,86.18,8784.0
2026-03-31 08:20:00,86.15,86.2,86.12,86.12,1214.0
2026-03-31 08:25:00,86.17,86.23,86.1424,86.2,10645.0
2026-03-31 08:30:00,86.2396,86.24,86.2396,86.24,680.0
2026-03-31 08:35:00,86.2556,86.26,86.25,86.25,660.0
2026-03-31 08:40:00,86.26,86.26,86.1608,86.17,460.0
2026-03-31 08:45:00,86.15,86.19,86.0,86.0,3919.0
2026-03-31 08:50:00,86.03,86.05,86.03,86.05,432.0
2026-03-31 08:55:00,86.059,86.125,86.059,86.125,680.0
2026-03-31 09:00:00,85.99,86.0449,85.98,85.98,623.0
2026-03-31 09:05:00,86.0,86.1977,86.0,86.1977,300.0
2026-03-31 09:10:00,86.23,86.23,86.2,86.2,5460.0
2026-03-31 09:15:00,86.29,86.3,86.2446,86.2446,700.0
2026-03-31 09:20:00,86.31,86.31,86.27,86.27,782.0
2026-03-31 09:25:00,86.21,86.21,86.1,86.1,1458.0
2026-03-31 09:30:00,86.07,86.185,85.98,86.165,231086.0
2026-03-31 09:35:00,86.16,86.3,86.055,86.28,139476.0
2026-03-31 09:40:00,86.275,86.37,86.265,86.34,81889.0
2026-03-31 09:45:00,86.355,86.4,86.275,86.365,254930.0
2026-03-31 09:50:00,86.365,86.74,86.29,86.69,220484.0
2026-03-31 09:55:00,86.685,86.74,86.4383,86.715,225729.0
2026-03-31 10:00:00,86.7,87.03,86.64,86.835,406269.0
2026-03-31 10:05:00,86.84,86.865,86.66,86.66,112199.0
2026-03-31 10:10:00,86.67,86.87,86.64,86.87,95988.0
2026-03-31 10:15:00,86.85,86.85,86.72,86.79,121649.0
2026-03-31 10:20:00,86.79,86.865,86.635,86.817,82158.0
2026-03-31 10:25:00,86.815,86.945,86.7,86.925,84764.0
2026-03-31 10:30:00,86.93,87.14,86.865,86.975,145339.0
2026-03-31 10:35:00,86.98,87.0,86.73,86.74,133234.0
2026-03-31 10:40:00,86.71,86.79,86.66,86.725,58473.0
2026-03-31 10:45:00,86.73,86.79,86.59,86.63,80868.0
2026-03-31 10:50:00,86.6,86.7044,86.595,86.675,48212.0
2026-03-31 10:55:00,86.67,86.67,86.485,86.555,74806.0
2026-03-31 11:00:00,86.57,86.84,86.565,86.83,157253.0
2026-03-31 11:05:00,86.845,86.93,86.8101,86.85,86014.0
2026-03-31 11:10:00,86.86,87.02,86.835,87.02,183461.0
2026-03-31 11:15:00,87.005,87.05,86.88,86.945,117025.0
2026-03-31 11:20:00,86.94,86.949,86.8266,86.94,35387.0
2026-03-31 11:25:00,86.935,86.94,86.735,86.77,41508.0
2026-03-31 11:30:00,86.765,86.84,86.71,86.8351,23550.0
2026-03-31 11:35:00,86.87,86.95,86.84,86.95,43375.0
2026-03-31 11:40:00,86.925,86.975,86.885,86.96,29248.0
2026-03-31 11:45:00,86.96,87.0,86.875,86.885,22508.0
2026-03-31 11:50:00,86.86,87.02,86.86,86.91,96150.0
2026-03-31 11:55:00,86.92,86.92,86.73,86.755,99839.0
2026-03-31 12:00:00,86.75,86.93,86.72,86.84,163915.0
2026-03-31 12:05:00,86.855,86.95,86.84,86.95,63309.0
2026-03-31 12:10:00,86.95,86.95,86.71,86.79,97863.0
2026-03-31 12:15:00,86.805,86.92,86.805,86.8499,141332.0
2026-03-31 12:20:00,86.85,86.91,86.75,86.91,81636.0
2026-03-31 12:25:00,86.89,86.925,86.86,86.905,86573.0
2026-03-31 12:30:00,86.91,86.935,86.875,86.89,34179.0
2026-03-31 12:35:00,86.895,87.205,86.86,87.2,86523.0
2026-03-31 12:40:00,87.19,87.53,87.185,87.36,341285.0
2026-03-31 12:45:00,87.345,87.45,87.16,87.37,237927.0
2026-03-31 12:50:00,87.35,87.525,87.23,87.28,130276.0
2026-03-31 12:55:00,87.27,87.39,87.25,87.3,66644.0
2026-03-31 13:00:00,87.31,87.63,87.31,87.4899,63599.0
2026-03-31 13:05:00,87.49,87.51,87.28,87.31,88863.0
2026-03-31 13:10:00,87.32,87.44,87.27,87.39,87519.0
2026-03-31 13:15:00,87.39,87.505,87.35,87.48,199628.0
2026-03-31 13:20:00,87.48,87.67,87.42,87.52,943069.0
2026-03-31 13:25:00,87.52,87.535,87.37,87.48,108753.0
2026-03-31 13:30:00,87.48,87.67,87.475,87.67,67406.0
2026-03-31 13:35:00,87.675,87.72,87.43,87.53,127638.0
2026-03-31 13:40:00,87.53,87.765,87.53,87.705,183957.0
2026-03-31 13:45:00,87.71,87.81,87.665,87.76,338629.0
2026-03-31 13:50:00,87.76,87.845,87.71,87.745,83100.0
2026-03-31 13:55:00,87.73,87.73,87.58,87.6,97858.0
2026-03-31 14:00:00,87.63,87.72,87.59,87.61,42516.0
2026-03-31 14:05:00,87.61,87.86,87.585,87.8051,117671.0
2026-03-31 14:10:00,87.8,87.88,87.72,87.82,95229.0
2026-03-31 14:15:00,87.8226,87.88,87.785,87.825,147113.0
2026-03-31 14:20:00,87.84,87.8799,87.77,87.785,70273.0
2026-03-31 14:25:00,87.78,87.84,87.71,87.79,47059.0
2026-03-31 14:30:00,87.785,87.825,87.74,87.75,33272.0
2026-03-31 14:35:00,87.74,87.91,87.72,87.885,50304.0
2026-03-31 14:40:00,87.89,87.9,87.785,87.84,39408.0
2026-03-31 14:45:00,87.85,87.89,87.78,87.81,117725.0
2026-03-31 14:50:00,87.83,87.88,87.81,87.87,43740.0
2026-03-31 14:55:00,87.87,87.909,87.835,87.85,86937.0
2026-03-31 15:00:00,87.85,88.015,87.85,87.91,220946.0
2026-03-31 15:05:00,87.9093,87.94,87.75,87.75,129451.0
2026-03-31 15:10:00,87.75,87.93,87.75,87.92,114393.0
2026-03-31 15:15:00,87.94,87.995,87.88,87.955,130732.0
2026-03-31 15:20:00,87.96,88.1,87.95,87.99,157254.0
2026-03-31 15:25:00,88.005,88.03,87.92,87.955,93910.0
2026-03-31 15:30:00,87.965,88.08,87.945,88.04,111949.0
2026-03-31 15:35:00,88.0323,88.14,88.03,88.13,114506.0
2026-03-31 15:40:00,88.14,88.155,88.025,88.1,108868.0
2026-03-31 15:45:00,88.1,88.165,88.09,88.145,229615.0
2026-03-31 15:50:00,88.15,88.195,88.08,88.17,208714.0
2026-03-31 15:55:00,88.16,88.195,88.11,88.13,344199.0
2026-03-31 16:00:00,88.16,88.21,88.16,88.21,179604.0
2026-03-31 16:05:00,88.1,88.1,88.09,88.09,29851.0
2026-03-31 16:10:00,88.07,88.07,88.06,88.06,200.0
2026-03-31 16:15:00,88.06,88.06,88.03,88.0598,1592.0
2026-03-31 16:20:00,88.02,88.03,87.94,87.94,1365.0
2026-03-31 16:25:00,87.9,87.9,87.88,87.8824,1834.0
2026-03-31 16:30:00,87.881,88.0,87.881,88.0,1861.0
2026-03-31 16:35:00,87.99,87.99,87.97,87.97,200.0
2026-03-31 16:40:00,87.9497,87.9497,87.869,87.869,220.0
2026-03-31 16:45:00,87.86,87.88,87.86,87.88,1710.0
2026-03-31 16:50:00,87.82,87.85,87.82,87.85,1064.0
2026-03-31 16:55:00,87.86,87.87,87.82,87.82,10550.0
2026-03-31 17:00:00,87.89,87.89,87.89,87.89,340.0
2026-03-31 17:05:00,88.09,88.09,88.06,88.06,300.0
2026-03-31 17:10:00,87.93,87.93,87.93,87.93,200.0
2026-03-31 17:15:00,88.09,88.09,88.09,88.09,100.0
2026-03-31 17:20:00,87.99,87.99,87.7683,87.84,400.0
2026-03-31 17:25:00,88.08,88.08,87.91,87.91,300.0
2026-03-31 17:45:00,87.8,87.8,87.8,87.8,599.0
2026-03-31 18:00:00,87.93,88.05,87.93,88.02,7066.0
2026-03-31 18:05:00,87.9515,87.9515,87.9515,87.9515,200.0
2026-03-31 18:10:00,87.76,87.83,87.76,87.83,1075.0
2026-03-31 18:15:00,87.88,87.9,87.83,87.83,850.0
2026-03-31 18:20:00,87.79,87.79,87.7132,87.7132,539.0
2026-03-31 18:25:00,88.09,88.09,87.97,87.98,700.0
2026-03-31 18:30:00,87.97,87.97,87.9,87.9,1786.0
2026-03-31 18:35:00,87.93,88.28,87.93,88.21,1907.0
2026-03-31 18:40:00,88.3,88.32,88.26,88.26,796.0
2026-03-31 18:45:00,88.14,88.1456,87.75,87.88,11985.0
2026-03-31 18:50:00,87.92,88.04,87.85,87.85,1851.0
2026-03-31 19:00:00,88.0,88.05,88.0,88.05,507.0
2026-03-31 19:05:00,87.9778,87.9778,87.97,87.97,421.0
2026-03-31 19:10:00,87.93,87.97,87.93,87.97,430.0
2026-03-31 19:15:00,88.0,88.0,88.0,88.0,179.0
2026-03-31 19:25:00,88.0,88.07,88.0,88.07,340.0
2026-03-31 19:35:00,88.2091,88.2091,88.19,88.202,402.0
2026-04-01 04:00:00,88.8,89.25,87.85,88.81,33510.0
2026-04-01 04:05:00,88.84,88.88,88.79,88.82,9194.0
2026-04-01 04:10:00,88.76,88.8,88.75,88.7971,1330.0
2026-04-01 04:15:00,88.77,88.9,88.77,88.9,1640.0
2026-04-01 04:20:00,88.95,88.99,88.93,88.99,740.0
2026-04-01 04:25:00,89.0,89.05,89.0,89.0,1749.0
2026-04-01 04:35:00,89.1,89.15,89.1,89.13,793.0
2026-04-01 04:40:00,89.12,89.12,89.02,89.02,2718.0
2026-04-01 04:45:00,89.0,89.0,88.99,88.99,400.0
2026-04-01 04:50:00,89.0,89.02,88.95,88.95,2548.0
2026-04-01 04:55:00,88.97,88.98,88.97,88.98,1380.0
2026-04-01 05:00:00,88.97,88.97,88.97,88.97,180.0
2026-04-01 05:05:00,88.85,88.85,88.84,88.84,200.0
2026-04-01 05:10:00,88.82,88.82,88.8,88.8,1240.0
2026-04-01 05:15:00,88.75,88.78,88.71,88.71,1100.0
2026-04-01 05:20:00,88.69,88.79,88.69,88.78,823.0
2026-04-01 05:25:00,88.77,88.77,88.77,88.77,100.0
2026-04-01 05:30:00,88.82,88.82,88.68,88.71,3615.0
2026-04-01 05:35:00,88.78,88.78,88.78,88.78,180.0
2026-04-01 05:40:00,88.77,88.78,88.77,88.78,948.0
2026-04-01 05:45:00,88.83,88.92,88.83,88.92,664.0
2026-04-01 05:50:00,88.92,88.92,88.92,88.92,130.0
2026-04-01 06:05:00,88.77,88.78,88.77,88.78,284.0
2026-04-01 06:20:00,88.93,88.93,88.93,88.93,100.0
2026-04-01 06:25:00,88.86,88.89,88.85,88.88,2164.0
2026-04-01 06:30:00,88.99,89.0,88.99,89.0,597.0
2026-04-01 06:40:00,89.02,89.08,89.02,89.08,1128.0
2026-04-01 06:45:00,89.1,89.14,89.1,89.14,340.0
2026-04-01 06:50:00,89.09,89.1,88.96,88.99,15565.0
2026-04-01 07:00:00,89.0,89.03,88.98,88.99,2031.0
2026-04-01 07:05:00,89.1396,89.1396,89.1297,89.1391,4382.0
2026-04-01 07:10:00,89.17,89.17,89.09,89.09,3950.0
2026-04-01 07:15:00,89.1261,89.24,89.1261,89.23,2767.0
2026-04-01 07:20:00,89.14,89.14,89.14,89.14,100.0
2026-04-01 07:25:00,89.23,89.26,89.23,89.26,918.0
2026-04-01 07:30:00,89.28,89.36,89.28,89.33,3314.0
2026-04-01 07:35:00,89.34,89.52,89.34,89.52,2586.0
2026-04-01 07:40:00,89.49,89.59,89.49,89.56,3255.0
2026-04-01 07:45:00,89.5574,89.5574,89.46,89.47,4193.0
2026-04-01 07:50:00,89.5,89.55,89.5,89.52,929.0
2026-04-01 07:55:00,89.52,89.52,89.42,89.42,5626.0
2026-04-01 08:00:00,89.4,89.41,89.349,89.35,4341.0
2026-04-01 08:05:00,89.32,89.33,89.2,89.22,9539.0
2026-04-01 08:10:00,89.23,89.27,89.22,89.22,1290.0
2026-04-01 08:15:00,89.22,89.26,89.11,89.15,3511.0
2026-04-01 08:20:00,89.17,89.17,89.02,89.03,3758.0
2026-04-01 08:25:00,89.02,89.06,88.9,89.06,6613.0
2026-04-01 08:30:00,89.08,89.21,89.07,89.19,12914.0
2026-04-01 08:35:00,89.29,89.3001,89.08,89.08,6930.0
2026-04-01 08:40:00,89.0881,89.44,89.0881,89.36,84582.0
2026-04-01 08:45:00,89.33,89.42,89.02,89.14,86227.0
2026-04-01 08:50:00,89.1,89.1,88.95,89.02,3952.0
2026-04-01 08:55:00,88.95,88.96,88.95,88.96,6628.0
2026-04-01 09:00:00,88.8,88.89,88.8,88.85,2382.0
2026-04-01 09:05:00,88.84,88.96,88.84,88.96,3219.0
2026-04-01 09:10:00,88.94,89.06,88.94,88.9999,1864.0
2026-04-01 09:15:00,89.0143,89.1754,89.0143,89.1754,1580.0
2026-04-01 09:20:00,89.09,89.1,89.05,89.1,19551.0
2026-04-01 09:25:00,89.1698,89.21,89.14,89.14,3400.0
2026-04-01 09:30:00,89.12,89.205,89.0,89.155,295534.0
2026-04-01 09:35:00,89.155,89.36,89.13,89.2862,297415.0
2026-04-01 09:40:00,89.28,89.34,89.09,89.22,193668.0
2026-04-01 09:45:00,89.22,89.31,89.15,89.24,145968.0
2026-04-01 09:50:00,89.24,89.33,89.06,89.21,95010.0
2026-04-01 09:55:00,89.2,89.2,89.065,89.15,108254.0
2026-04-01 10:00:00,89.14,89.24,88.88,89.24,180824.0
2026-04-01 10:05:00,89.25,89.3,89.11,89.22,98253.0
2026-04-01 10:10:00,89.22,89.29,89.12,89.2599,88512.0
2026-04-01 10:15:00,89.255,89.34,89.195,89.31,130162.0
2026-04-01 10:20:00,89.33,89.45,89.12,89.17,238562.0
2026-04-01 10:25:00,89.165,89.23,89.01,89.22,155466.0
2026-04-01 10:30:00,89.22,89.28,89.17,89.26,112532.0
2026-04-01 10:35:00,89.25,89.42,89.08,89.37,152471.0
2026-04-01 10:40:00,89.36,89.49,89.255,89.435,127104.0
2026-04-01 10:45:00,89.45,89.56,89.42,89.55,71500.0
2026-04-01 10:50:00,89.53,89.7,89.49,89.695,111214.0
2026-04-01 10:55:00,89.6999,89.71,89.54,89.565,71351.0
2026-04-01 11:00:00,89.57,89.765,89.52,89.695,889305.0
2026-04-01 11:05:00,89.695,89.84,89.68,89.81,1673803.0
2026-04-01 11:10:00,89.82,89.86,89.605,89.63,1035775.0
2026-04-01 11:15:00,89.65,89.75,89.615,89.75,75004.0
2026-04-01 11:20:00,89.745,89.865,89.72,89.745,128990.0
2026-04-01 11:25:00,89.75,89.81,89.715,89.799,106494.0
2026-04-01 11:30:00,89.81,89.93,89.74,89.93,187883.0
2026-04-01 11:35:00,89.925,90.0,89.92,89.965,164756.0
2026-04-01 11:40:00,89.955,90.055,89.928,90.035,98564.0
2026-04-01 11:45:00,90.05,90.07,89.99,90.01,51734.0
2026-04-01 11:50:00,90.02,90.08,90.01,90.04,56668.0
2026-04-01 11:55:00,90.035,90.075,89.98,90.05,148208.0
2026-04-01 12:00:00,90.06,90.13,89.98,90.04,114657.0
2026-04-01 12:05:00,90.04,90.071,89.96,90.02,110673.0
2026-04-01 12:10:00,90.025,90.025,89.82,89.83,127377.0
2026-04-01 12:15:00,89.83,89.97,89.83,89.97,47825.0
2026-04-01 12:20:00,89.965,89.99,89.93,89.93,32994.0
2026-04-01 12:25:00,89.92,89.92,89.83,89.86,80543.0
2026-04-01 12:30:00,89.86,89.99,89.8481,89.965,48401.0
2026-04-01 12:35:00,89.97,90.02,89.94,89.9451,49596.0
2026-04-01 12:40:00,89.94,90.01,89.9303,90.0,53460.0
2026-04-01 12:45:00,90.005,90.025,89.99,90.0007,186355.0
2026-04-01 12:50:00,90.01,90.025,89.965,89.985,59008.0
2026-04-01 12:55:00,90.0,90.09,89.98,90.07,36905.0
2026-04-01 13:00:00,90.07,90.16,90.055,90.1,50835.0
2026-04-01 13:05:00,90.1,90.17,90.095,90.13,44269.0
2026-04-01 13:10:00,90.14,90.14,90.0801,90.09,35670.0
2026-04-01 13:15:00,90.09,90.1,89.98,90.045,68276.0
2026-04-01 13:20:00,90.045,90.09,90.02,90.0701,289221.0
2026-04-01 13:25:00,90.07,90.12,90.01,90.03,304405.0
2026-04-01 13:30:00,90.03,90.05,89.92,89.93,82485.0
2026-04-01 13:35:00,89.925,89.98,89.855,89.98,58054.0
2026-04-01 13:40:00,89.995,90.02,89.96,89.97,42648.0
2026-04-01 13:45:00,89.97,90.0,89.925,89.935,40795.0
2026-04-01 13:50:00,89.93,89.96,89.9,89.9251,45262.0
2026-04-01 13:55:00,89.935,89.9399,89.815,89.825,106351.0
2026-04-01 14:00:00,89.825,89.83,89.54,89.64,200796.0
2026-04-01 14:05:00,89.63,89.82,89.625,89.68,159373.0
2026-04-01 14:10:00,89.7,89.79,89.7,89.77,28283.0
2026-04-01 14:15:00,89.77,89.77,89.54,89.6,83216.0
2026-04-01 14:20:00,89.59,89.64,89.4,89.46,192668.0
2026-04-01 14:25:00,89.47,89.54,89.43,89.435,102642.0
2026-04-01 14:30:00,89.435,89.56,89.435,89.47,69132.0
2026-04-01 14:35:00,89.47,89.47,89.22,89.35,153369.0
2026-04-01 14:40:00,89.34,89.67,89.34,89.475,136775.0
2026-04-01 14:45:00,89.5,89.52,89.415,89.48,72590.0
2026-04-01 14:50:00,89.48,89.5,89.39,89.465,58942.0
2026-04-01 14:55:00,89.47,89.47,89.4,89.41,37079.0
2026-04-01 15:00:00,89.44,89.515,89.38,89.515,52061.0
2026-04-01 15:05:00,89.515,89.65,89.515,89.52,71343.0
2026-04-01 15:10:00,89.51,89.565,89.48,89.55,31045.0
2026-04-01 15:15:00,89.55,89.6,89.52,89.57,73428.0
2026-04-01 15:20:00,89.57,89.605,89.53,89.575,91103.0
2026-04-01 15:25:00,89.57,89.72,89.565,89.655,105919.0
2026-04-01 15:30:00,89.66,89.7,89.61,89.7,79501.0
2026-04-01 15:35:00,89.7,89.8499,89.69,89.83,98632.0
2026-04-01 15:40:00,89.8445,89.895,89.725,89.735,98935.0
2026-04-01 15:45:00,89.73,89.75,89.67,89.7,117401.0
2026-04-01 15:50:00,89.705,89.72,89.52,89.66,261632.0
2026-04-01 15:55:00,89.655,89.78,89.64,89.67,436446.0
2026-04-01 16:00:00,89.68,89.7,89.63,89.63,264181.0
2026-04-01 16:05:00,89.6303,89.68,89.6303,89.68,679.0
2026-04-01 16:10:00,89.71,89.73,89.7,89.73,2091.0
2026-04-01 16:15:00,89.74,89.74,89.74,89.74,251.0
2026-04-01 16:20:00,89.75,89.75,89.75,89.75,345.0
2026-04-01 16:25:00,89.6201,89.63,89.61,89.61,1401.0
2026-04-01 16:35:00,89.56,89.6,89.5361,89.5361,5032.0
2026-04-01 16:40:00,89.5197,89.5197,89.51,89.51,357.0
2026-04-01 16:45:00,89.54,89.54,89.54,89.54,500.0
2026-04-01 17:05:00,89.67,89.67,89.67,89.67,150.0
2026-04-01 17:20:00,89.67,89.67,89.67,89.67,273.0
2026-04-01 17:25:00,89.85,89.85,89.85,89.85,114.0
2026-04-01 17:55:00,89.68,89.7657,89.68,89.7657,477.0
2026-04-01 18:05:00,89.7,89.7,89.55,89.55,2080.0
2026-04-01 18:10:00,89.66,89.67,89.66,89.67,400.0
2026-04-01 18:20:00,89.59,89.59,89.59,89.59,110.0
2026-04-01 18:25:00,89.72,89.75,89.72,89.75,1086.0
2026-04-01 18:30:00,89.8,89.8,89.8,89.8,389.0
2026-04-01 18:40:00,89.83,89.83,89.83,89.83,2617.0
2026-04-01 18:45:00,89.91,89.95,89.7,89.7,2445.0
2026-04-01 18:50:00,89.9,89.94,89.9,89.94,3240.0
2026-04-01 19:00:00,89.87,89.87,89.87,89.87,556.0
2026-04-01 19:05:00,89.98,90.035,89.98,90.035,675.0
2026-04-01 19:10:00,90.1,90.1,90.1,90.1,1300.0
2026-04-01 19:15:00,90.2,90.25,90.15,90.25,1931.0
2026-04-01 19:20:00,90.22,90.26,90.21,90.26,10147.0
2026-04-01 19:30:00,90.24,90.28,90.2211,90.26,747.0
2026-04-01 19:35:00,90.0819,90.0819,90.0819,90.0819,100.0
2026-04-01 19:40:00,90.17,90.17,90.17,90.17,1674.0
2026-04-01 19:50:00,89.95,90.0,89.95,90.0,1674.0
2026-04-01 19:55:00,90.03,90.03,90.03,90.03,2224.0
2026-04-02 04:00:00,87.4,88.0,85.81,87.3,58495.0
2026-04-02 04:05:00,87.25,87.25,87.15,87.17,4637.0
2026-04-02 04:10:00,87.14,87.25,87.1,87.25,4346.0
2026-04-02 04:15:00,87.34,87.34,87.28,87.28,205.0
2026-04-02 04:20:00,87.3,87.3,87.21,87.24,627.0
2026-04-02 04:25:00,87.22,87.22,87.16,87.2,1983.0
2026-04-02 04:30:00,87.23,87.24,87.22,87.24,1017.0
2026-04-02 04:35:00,87.3,87.3,87.3,87.3,100.0
2026-04-02 04:40:00,87.26,87.26,87.15,87.15,1461.0
2026-04-02 04:45:00,87.13,87.14,87.05,87.05,4527.0
2026-04-02 04:50:00,87.09,87.09,87.07,87.07,480.0
2026-04-02 04:55:00,87.0,87.01,86.88,86.9,4054.0
2026-04-02 05:00:00,86.96,86.96,86.85,86.85,718.0
2026-04-02 05:05:00,86.82,86.89,86.82,86.89,1801.0
2026-04-02 05:15:00,87.09,87.09,87.04,87.04,330.0
2026-04-02 05:30:00,86.88,87.04,86.88,86.943,2093.0
2026-04-02 05:35:00,86.99,86.99,86.86,86.86,853.0
2026-04-02 05:40:00,86.99,87.0,86.99,87.0,550.0
2026-04-02 05:45:00,86.95,86.95,86.95,86.95,565.0
2026-04-02 05:50:00,86.96,86.96,86.96,86.96,180.0
2026-04-02 05:55:00,87.05,87.05,86.97,86.97,840.0
2026-04-02 06:05:00,87.1,87.14,87.1,87.14,740.0
2026-04-02 06:10:00,87.13,87.13,87.12,87.12,780.0
2026-04-02 06:15:00,86.95,86.95,86.84,86.84,1212.0
2026-04-02 06:20:00,86.8,86.81,86.65,86.65,1043.0
2026-04-02 06:25:00,86.9,86.96,86.9,86.96,1115.0
2026-04-02 06:30:00,86.92,86.92,86.86,86.86,1048.0
2026-04-02 06:35:00,86.85,86.91,86.85,86.91,381.0
2026-04-02 06:40:00,86.86,87.09,86.86,87.09,9793.0
2026-04-02 06:45:00,87.07,87.08,87.07,87.08,420.0
2026-04-02 06:55:00,87.0,87.0,87.0,87.0,109.0
2026-04-02 07:00:00,86.97,87.03,86.95,87.03,1179.0
2026-04-02 07:05:00,87.05,87.05,87.0169,87.04,975.0
2026-04-02 07:10:00,87.05,87.1341,87.0404,87.07,2150.0
2026-04-02 07:15:00,87.04,87.04,87.001,87.03,1045.0
2026-04-02 07:20:00,87.03,87.03,87.03,87.03,284.0
2026-04-02 07:25:00,87.0308,87.08,86.82,86.82,4209.0
2026-04-02 07:30:00,86.8,86.83,86.7397,86.8,26787.0
2026-04-02 07:35:00,86.8409,86.8429,86.81,86.81,1205.0
2026-04-02 07:40:00,86.66,86.71,86.44,86.55,3605.0
2026-04-02 07:45:00,86.5306,86.5694,86.5306,86.5439,790.0
2026-04-02 07:50:00,86.73,86.77,86.6,86.64,6526.0
2026-04-02 07:55:00,86.6,86.6,86.55,86.58,14469.0
2026-04-02 08:00:00,86.55,86.6801,86.48,86.6801,1542.0
2026-04-02 08:05:00,86.7,86.76,86.62,86.62,2727.0
2026-04-02 08:10:00,86.57,89.904,86.5502,86.6329,4100.0
2026-04-02 08:15:00,86.82,86.82,86.7439,86.7439,240.0
2026-04-02 08:20:00,86.851,87.05,86.851,87.03,1546.0
2026-04-02 08:25:00,87.09,87.1,87.0663,87.0663,1480.0
2026-04-02 08:30:00,87.04,87.04,86.98,86.99,1289.0
2026-04-02 08:35:00,86.94,86.99,86.94,86.9503,1434.0
2026-04-02 08:40:00,86.94,86.94,86.9046,86.9046,3397.0
2026-04-02 08:50:00,86.939,87.02,86.92,86.98,2401.0
2026-04-02 08:55:00,86.909,86.909,86.59,86.59,1870.0
2026-04-02 09:00:00,86.44,86.5,86.21,86.4,20127.0
2026-04-02 09:05:00,86.5,86.7539,86.49,86.5855,25897.0
2026-04-02 09:10:00,86.57,86.57,86.33,86.35,7473.0
2026-04-02 09:15:00,86.4,86.4426,86.35,86.35,1037.0
2026-04-02 09:20:00,86.37,86.4561,86.22,86.33,12666.0
2026-04-02 09:25:00,86.33,86.33,86.33,86.33,100.0
2026-04-02 09:30:00,86.54,86.6901,86.44,86.54,252417.0
2026-04-02 09:35:00,86.54,86.57,86.36,86.365,112903.0
2026-04-02 09:40:00,86.36,86.615,86.29,86.6,80260.0
2026-04-02 09:45:00,86.59,87.25,86.57,87.2,108949.0
2026-04-02 09:50:00,87.2,87.3601,87.11,87.22,84592.0
2026-04-02 09:55:00,87.23,87.52,87.165,87.42,68022.0
2026-04-02 10:00:00,87.42,87.49,87.17,87.35,181611.0
2026-04-02 10:05:00,87.355,87.52,87.265,87.47,94120.0
2026-04-02 10:10:00,87.46,87.67,87.43,87.44,74320.0
2026-04-02 10:15:00,87.45,87.75,87.425,87.7,79095.0
2026-04-02 10:20:00,87.7,87.98,87.665,87.97,62423.0
2026-04-02 10:25:00,87.9701,87.975,87.7,87.78,38854.0
2026-04-02 10:30:00,87.78,87.95,87.68,87.9,119071.0
2026-04-02 10:35:00,87.87,88.36,87.87,88.21,412671.0
2026-04-02 10:40:00,88.19,88.41,88.07,88.33,174827.0
2026-04-02 10:45:00,88.3,88.31,88.08,88.09,58488.0
2026-04-02 10:50:00,88.08,88.15,87.935,88.135,70852.0
2026-04-02 10:55:00,88.145,88.25,88.09,88.1,35610.0
2026-04-02 11:00:00,88.14,88.14,87.88,88.08,44959.0
2026-04-02 11:05:00,88.08,88.1,87.84,87.9,31222.0
2026-04-02 11:10:00,87.895,88.08,87.87,87.9269,36187.0
2026-04-02 11:15:00,87.93,88.1099,87.92,87.94,29169.0
2026-04-02 11:20:00,87.93,87.93,87.6901,87.72,35271.0
2026-04-02 11:25:00,87.74,87.99,87.66,87.9099,26480.0
2026-04-02 11:30:00,87.945,87.97,87.8452,87.97,33279.0
2026-04-02 11:35:00,87.98,87.9803,87.86,87.881,17734.0
2026-04-02 11:40:00,87.86,87.885,87.7403,87.81,43106.0
2026-04-02 11:45:00,87.81,87.81,87.67,87.675,74069.0
2026-04-02 11:50:00,87.67,87.73,87.55,87.72,36243.0
2026-04-02 11:55:00,87.705,87.7599,87.5523,87.7,35995.0
2026-04-02 12:00:00,87.7,87.8499,87.69,87.725,37666.0
2026-04-02 12:05:00,87.725,87.78,87.46,87.65,96865.0
2026-04-02 12:10:00,87.65,87.65,87.52,87.58,24146.0
2026-04-02 12:15:00,87.58,87.63,87.44,87.445,37488.0
2026-04-02 12:20:00,87.445,87.615,87.37,87.525,52665.0
2026-04-02 12:25:00,87.525,87.6101,87.51,87.51,52806.0
2026-04-02 12:30:00,87.51,87.76,87.51,87.655,118238.0
2026-04-02 12:35:00,87.66,87.83,87.66,87.73,55431.0
2026-04-02 12:40:00,87.755,87.87,87.665,87.665,145985.0
2026-04-02 12:45:00,87.65,87.74,87.63,87.71,33921.0
2026-04-02 12:50:00,87.71,87.88,87.68,87.775,183168.0
2026-04-02 12:55:00,87.76,87.78,87.68,87.69,42840.0
2026-04-02 13:00:00,87.685,87.77,87.625,87.76,43197.0
2026-04-02 13:05:00,87.73,87.85,87.7,87.75,68034.0
2026-04-02 13:10:00,87.76,87.77,87.67,87.77,50581.0
2026-04-02 13:15:00,87.77,87.8,87.69,87.74,47574.0
2026-04-02 13:20:00,87.75,87.79,87.69,87.76,50950.0
2026-04-02 13:25:00,87.74,87.75,87.54,87.54,30992.0
2026-04-02 13:30:00,87.54,87.58,87.44,87.565,64875.0
2026-04-02 13:35:00,87.55,87.58,87.49,87.58,44945.0
2026-04-02 13:40:00,87.595,87.6651,87.5651,87.65,24874.0
2026-04-02 13:45:00,87.66,87.675,87.4501,87.47,67503.0
2026-04-02 13:50:00,87.48,87.54,87.43,87.5101,21151.0
2026-04-02 13:55:00,87.51,87.555,87.45,87.485,31777.0
2026-04-02 14:00:00,87.51,87.58,87.46,87.58,24315.0
2026-04-02 14:05:00,87.57,87.67,87.57,87.625,29704.0
2026-04-02 14:10:00,87.62,87.67,87.57,87.57,30940.0
2026-04-02 14:15:00,87.59,87.63,87.555,87.59,20521.0
2026-04-02 14:20:00,87.58,87.635,87.54,87.54,38798.0
2026-04-02 14:25:00,87.54,87.575,87.5145,87.535,32959.0
2026-04-02 14:30:00,87.54,87.6789,87.54,87.6789,41598.0
2026-04-02 14:35:00,87.67,87.6855,87.5901,87.62,16571.0
2026-04-02 14:40:00,87.62,87.75,87.62,87.74,30117.0
2026-04-02 14:45:00,87.74,87.865,87.74,87.86,68983.0
2026-04-02 14:50:00,87.86,87.88,87.75,87.85,23877.0
2026-04-02 14:55:00,87.85,87.925,87.83,87.85,19415.0
2026-04-02 15:00:00,87.851,87.99,87.851,87.895,24748.0
2026-04-02 15:05:00,87.94,88.065,87.94,88.06,28831.0
2026-04-02 15:10:00,88.07,88.1,87.95,87.96,46397.0
2026-04-02 15:15:00,87.97,87.975,87.87,87.88,38947.0
2026-04-02 15:20:00,87.87,88.025,87.825,87.95,109972.0
2026-04-02 15:25:00,87.93,87.94,87.775,87.79,20128.0
2026-04-02 15:30:00,87.79,87.83,87.73,87.77,29794.0
2026-04-02 15:35:00,87.81,87.81,87.73,87.78,23749.0
2026-04-02 15:40:00,87.775,87.8477,87.77,87.81,37654.0
2026-04-02 15:45:00,87.82,87.88,87.81,87.855,61519.0
2026-04-02 15:50:00,87.87,87.99,87.86,87.985,77301.0
2026-04-02 15:55:00,87.98,87.9999,87.92,87.92,141118.0
2026-04-02 16:00:00,87.93,88.0,87.93,88.0,68649.0
2026-04-02 16:15:00,87.97,87.97,87.9,87.9,563.0
2026-04-02 16:20:00,87.82,87.84,87.82,87.84,1016.0
2026-04-02 16:25:00,87.84,87.88,87.84,87.85,1993.0
2026-04-02 16:30:00,87.83,87.83,87.83,87.83,500.0
2026-04-02 16:35:00,87.9,87.93,87.9,87.93,9963.0
2026-04-02 16:45:00,87.87,87.9,87.87,87.9,2560.0
2026-04-02 16:50:00,87.91,87.91,87.91,87.91,100.0
2026-04-02 16:55:00,87.886,88.0,87.886,87.99,658.0
2026-04-02 17:05:00,87.95,87.95,87.95,87.95,600.0
2026-04-02 17:45:00,88.03,88.03,88.03,88.03,250.0
2026-04-02 17:55:00,87.97,87.97,87.8041,87.8041,624.0
2026-04-02 18:00:00,87.9,87.9,87.9,87.9,122.0
2026-04-02 18:15:00,87.86,87.92,87.85,87.92,758.0
2026-04-02 18:20:00,88.0,88.0,87.94,87.94,400.0
2026-04-02 18:30:00,87.92,87.92,87.92,87.92,200.0
2026-04-02 18:35:00,87.93,87.93,87.92,87.92,600.0
2026-04-02 18:40:00,87.92,88.0,87.92,88.0,318.0
2026-04-02 18:50:00,88.0222,88.0222,88.0222,88.0222,100.0
2026-04-02 18:55:00,87.95,87.95,87.95,87.95,361.0
2026-04-02 19:00:00,87.95,87.95,87.6525,87.6525,491.0
2026-04-02 19:05:00,87.85,87.85,87.85,87.85,287.0
2026-04-02 19:15:00,88.0,88.0,88.0,88.0,100.0
2026-04-02 19:25:00,87.95,87.95,87.95,87.95,250.0
2026-04-02 19:35:00,87.95,87.95,87.9446,87.9446,377.0
2026-04-02 19:50:00,87.95,87.95,87.95,87.95,100.0
