2026-03-04 09:30:00,163.13,163.78,163.13,163.7,18180
2026-03-04 09:35:00,163.61,163.65,163.395,163.42,7931
2026-03-04 09:40:00,163.18,163.27,163.11,163.18,6270
2026-03-04 09:45:00,163.17,163.73,163.11,163.55,7288
2026-03-04 09:50:00,163.495,163.7987,163.34,163.6,4338
2026-03-04 09:55:00,163.64,163.7,163.42,163.43,4968
2026-03-04 10:00:00,163.81,163.95,163.52,163.52,8955
2026-03-04 10:05:00,163.67,164.035,163.64,164.01,48998
2026-03-04 10:10:00,164.0,164.18,163.87,163.99,37585
2026-03-04 10:15:00,164.03,164.25,164.03,164.235,35441
2026-03-04 10:20:00,164.34,164.69,164.3,164.69,5470
2026-03-04 10:25:00,164.69,164.94,164.61,164.9,5065
2026-03-04 10:30:00,165.0,165.0,164.73,164.74,20204
2026-03-04 10:35:00,164.6591,164.7095,164.47,164.47,5351
2026-03-04 10:40:00,164.49,164.49,164.3988,164.3988,1269
2026-03-04 10:45:00,164.34,164.37,164.24,164.37,2519
2026-03-04 10:50:00,164.345,164.5,164.23,164.425,27568
2026-03-04 10:55:00,164.56,164.725,164.5347,164.72,1421
2026-03-04 11:00:00,164.805,164.92,164.805,164.8935,4684
2026-03-04 11:05:00,164.83,164.83,164.6,164.6,3417
2026-03-04 11:10:00,164.6155,164.6155,164.26,164.29,4501
2026-03-04 11:15:00,164.29,164.42,164.23,164.3,12606
2026-03-04 11:20:00,164.2915,164.44,164.23,164.29,7400
2026-03-04 11:25:00,164.27,164.63,164.27,164.54,4865
2026-03-04 11:30:00,164.55,164.7,164.536,164.665,7767
2026-03-04 11:35:00,164.72,164.73,164.48,164.65,2150
2026-03-04 11:40:00,164.72,164.8474,164.72,164.83,1707
2026-03-04 11:45:00,164.82,164.87,164.79,164.79,8861
2026-03-04 11:50:00,164.81,164.82,164.69,164.8199,2793
2026-03-04 11:55:00,164.79,164.86,164.68,164.7,3264
2026-03-04 12:00:00,164.67,164.83,164.61,164.83,3299
2026-03-04 12:05:00,164.82,164.88,164.82,164.85,1960
2026-03-04 12:10:00,164.81,164.845,164.7605,164.7605,2135
2026-03-04 12:15:00,164.7375,164.81,164.7375,164.8099,12415
2026-03-04 12:20:00,164.75,164.75,164.67,164.73,500
2026-03-04 12:25:00,164.795,164.81,164.77,164.79,785
2026-03-04 12:30:00,164.53,164.67,164.42,164.66,2279
2026-03-04 12:35:00,164.69,164.78,164.65,164.78,2570
2026-03-04 12:40:00,164.84,164.84,164.71,164.71,1525
2026-03-04 12:45:00,164.725,164.83,164.7129,164.79,2803
2026-03-04 12:50:00,164.8,164.88,164.715,164.829,2623
2026-03-04 12:55:00,164.825,164.89,164.77,164.86,1570
2026-03-04 13:00:00,164.81,164.9,164.81,164.84,1274
2026-03-04 13:05:00,164.76,164.86,164.76,164.86,1526
2026-03-04 13:10:00,164.8022,164.82,164.77,164.77,1352
2026-03-04 13:15:00,164.74,164.75,164.6615,164.6635,5828
2026-03-04 13:20:00,164.595,164.72,164.595,164.68,1509
2026-03-04 13:25:00,164.65,164.74,164.621,164.74,2201
2026-03-04 13:30:00,164.76,164.93,164.76,164.85,11621
2026-03-04 13:35:00,164.855,164.94,164.84,164.86,1210
2026-03-04 13:40:00,164.85,165.0,164.85,164.99,3364
2026-03-04 13:45:00,164.985,164.985,164.86,164.95,2908
2026-03-04 13:50:00,165.0197,165.08,165.0101,165.04,3349
2026-03-04 13:55:00,164.998,165.0099,164.9,164.995,3881
2026-03-04 14:00:00,164.99,165.12,164.99,165.11,2821
2026-03-04 14:05:00,165.1,165.1,165.05,165.06,8785
2026-03-04 14:10:00,165.06,165.11,165.04,165.08,7679
2026-03-04 14:15:00,165.09,165.12,165.04,165.07,4891
2026-03-04 14:20:00,165.07,165.09,165.005,165.08,2927
2026-03-04 14:25:00,165.0498,165.07,164.96,165.0,6857
2026-03-04 14:30:00,164.99,165.025,164.915,164.93,4152
2026-03-04 14:35:00,164.925,164.97,164.92,164.95,3315
2026-03-04 14:40:00,165.02,165.02,164.925,164.93,3408
2026-03-04 14:45:00,164.95,164.99,164.88,164.99,4802
2026-03-04 14:50:00,165.04,165.0442,165.01,165.03,4304
2026-03-04 14:55:00,165.03,165.04,164.96,164.98,4441
2026-03-04 15:00:00,165.0,165.03,164.93,164.99,5164
2026-03-04 15:05:00,165.0,165.0,164.84,164.88,4721
2026-03-04 15:10:00,164.89,164.89,164.75,164.75,7806
2026-03-04 15:15:00,164.755,164.78,164.68,164.68,7728
2026-03-04 15:20:00,164.68,164.7,164.55,164.59,8213
2026-03-04 15:25:00,164.63,164.76,164.62,164.76,5538
2026-03-04 15:30:00,164.73,164.78,164.655,164.6703,5735
2026-03-04 15:35:00,164.67,164.8,164.67,164.74,8998
2026-03-04 15:40:00,164.7,164.85,164.7,164.83,5220
2026-03-04 15:45:00,164.82,164.8303,164.75,164.7503,12747
2026-03-04 15:50:00,164.7,164.71,164.52,164.7,24676
2026-03-04 15:55:00,164.65,164.68,164.48,164.48,15674
2026-03-04 16:00:00,164.46,164.46,164.46,164.46,319
2026-03-05 04:10:00,164.73,164.73,164.73,164.73,140
2026-03-05 04:15:00,164.52,164.52,164.52,164.52,380
2026-03-05 06:25:00,164.96,164.96,164.96,164.96,200
2026-03-05 07:05:00,164.43,164.43,164.43,164.43,100
2026-03-05 08:00:00,164.5,164.5,164.5,164.5,380
2026-03-05 08:05:00,164.06,164.06,164.06,164.06,250
2026-03-05 08:35:00,164.05,164.06,163.95,164.02,808
2026-03-05 08:55:00,164.12,164.12,164.08,164.08,750
2026-03-05 09:30:00,163.78,164.2599,163.78,164.12,13340
2026-03-05 09:35:00,164.32,164.48,164.31,164.39,3820
2026-03-05 09:40:00,164.17,164.28,164.075,164.075,3246
2026-03-05 09:45:00,164.02,164.56,164.0,164.56,7604
2026-03-05 09:50:00,164.44,164.56,164.44,164.55,3862
2026-03-05 09:55:00,164.57,164.89,164.52,164.89,4949
2026-03-05 10:00:00,164.94,165.04,164.87,164.9799,2198
2026-03-05 10:05:00,164.715,164.75,164.455,164.455,2277
2026-03-05 10:10:00,164.64,164.84,164.63,164.84,1057
2026-03-05 10:15:00,164.75,164.7609,164.5099,164.51,4563
2026-03-05 10:20:00,164.3,164.3,163.935,163.935,789
2026-03-05 10:25:00,163.82,163.89,163.69,163.7,3948
2026-03-05 10:30:00,163.58,163.58,163.25,163.485,10449
2026-03-05 10:35:00,163.48,163.91,163.48,163.91,2109
2026-03-05 10:40:00,164.09,164.09,163.84,163.9,13465
2026-03-05 10:45:00,163.955,164.16,163.955,164.0,2446
2026-03-05 10:50:00,164.05,164.35,164.05,164.28,3357
2026-03-05 10:55:00,164.28,164.31,164.0803,164.3,18820
2026-03-05 11:00:00,164.32,164.32,163.9999,163.9999,25040
2026-03-05 11:05:00,164.09,164.09,163.7,163.7,1873
2026-03-05 11:10:00,163.68,163.78,163.46,163.68,8103
2026-03-05 11:15:00,163.65,163.65,163.4,163.4,23210
2026-03-05 11:20:00,163.49,163.75,163.45,163.63,8475
2026-03-05 11:25:00,163.53,163.75,163.48,163.48,7600
2026-03-05 11:30:00,163.5001,163.91,163.5001,163.72,13060
2026-03-05 11:35:00,163.72,163.935,163.72,163.89,10975
2026-03-05 11:40:00,163.91,164.03,163.74,163.78,3349
2026-03-05 11:45:00,163.87,164.02,163.85,163.89,4764
2026-03-05 11:50:00,163.94,163.94,163.8001,163.81,14743
2026-03-05 11:55:00,163.95,164.03,163.9,164.0,3081
2026-03-05 12:00:00,163.925,164.28,163.925,164.28,30751
2026-03-05 12:05:00,164.28,164.3,164.03,164.03,4474
2026-03-05 12:10:00,163.86,164.0,163.765,163.85,29102
2026-03-05 12:15:00,163.84,163.84,163.47,163.47,3412
2026-03-05 12:20:00,163.45,163.45,163.2702,163.38,4983
2026-03-05 12:25:00,163.475,163.58,163.2,163.2,18551
2026-03-05 12:30:00,163.175,163.185,162.71,162.73,8331
2026-03-05 12:35:00,162.74,163.1,162.645,162.875,17584
2026-03-05 12:40:00,162.87,162.9,162.57,162.67,7800
2026-03-05 12:45:00,162.655,162.675,162.38,162.42,34861
2026-03-05 12:50:00,162.34,162.59,162.21,162.36,6170
2026-03-05 12:55:00,162.3,162.42,162.23,162.36,13346
2026-03-05 13:00:00,162.3,162.56,162.3,162.56,12252
2026-03-05 13:05:00,162.54,162.85,162.53,162.76,4755
2026-03-05 13:10:00,162.74,162.95,162.74,162.92,4497
2026-03-05 13:15:00,162.96,162.96,162.36,162.36,3007
2026-03-05 13:20:00,162.46,162.6,162.35,162.52,4395
2026-03-05 13:25:00,162.38,162.39,162.19,162.22,8871
2026-03-05 13:30:00,162.39,162.47,162.26,162.34,6264
2026-03-05 13:35:00,162.35,162.53,162.35,162.53,5983
2026-03-05 13:40:00,162.44,162.78,162.44,162.73,1100
2026-03-05 13:45:00,162.68,162.69,162.46,162.54,5738
2026-03-05 13:50:00,162.46,162.53,162.27,162.27,5448
2026-03-05 13:55:00,162.33,162.5701,162.33,162.49,4313
2026-03-05 14:00:00,162.46,162.7194,162.44,162.5899,2700
2026-03-05 14:05:00,162.63,162.74,162.63,162.69,8599
2026-03-05 14:10:00,162.6,162.81,162.6,162.81,2133
2026-03-05 14:15:00,162.7163,162.84,162.67,162.7563,5829
2026-03-05 14:20:00,162.86,162.92,162.75,162.75,2022
2026-03-05 14:25:00,162.79,162.79,162.54,162.645,4896
2026-03-05 14:30:00,162.55,162.56,162.37,162.47,7015
2026-03-05 14:35:00,162.46,162.5694,162.4,162.53,4421
2026-03-05 14:40:00,162.57,162.71,162.57,162.71,5395
2026-03-05 14:45:00,162.69,162.885,162.6601,162.85,4710
2026-03-05 14:50:00,162.89,162.89,162.63,162.63,2664
2026-03-05 14:55:00,162.6,162.73,162.53,162.73,3344
2026-03-05 15:00:00,162.71,162.99,162.55,162.99,14982
2026-03-05 15:05:00,162.96,163.09,162.6802,163.03,14338
2026-03-05 15:10:00,163.05,163.32,163.05,163.28,5533
2026-03-05 15:15:00,163.32,163.46,163.1976,163.44,10716
2026-03-05 15:20:00,163.34,163.535,163.32,163.5302,5307
2026-03-05 15:25:00,163.59,163.75,163.47,163.47,11567
2026-03-05 15:30:00,163.495,163.69,163.3848,163.69,5359
2026-03-05 15:35:00,163.65,163.74,163.58,163.62,4593
2026-03-05 15:40:00,163.595,163.63,163.49,163.49,6872
2026-03-05 15:45:00,163.62,163.74,163.43,163.74,6057
2026-03-05 15:50:00,163.77,163.99,163.74,163.99,19833
2026-03-05 15:55:00,164.04,164.22,163.98,164.18,20983
2026-03-05 16:00:00,164.14,164.14,164.14,164.14,866
2026-03-05 19:25:00,164.4,164.4,164.4,164.4,500
2026-03-06 05:45:00,163.79,163.79,163.79,163.79,234
2026-03-06 05:50:00,163.78,163.78,163.76,163.76,710
2026-03-06 06:20:00,163.76,163.76,163.76,163.76,2954
2026-03-06 06:40:00,162.81,162.81,162.56,162.76,343
2026-03-06 07:00:00,163.45,163.48,163.45,163.48,300
2026-03-06 08:00:00,164.13,164.13,164.12,164.12,990
2026-03-06 09:00:00,161.56,161.56,161.51,161.51,300
2026-03-06 09:05:00,161.55,161.56,161.28,161.28,1505
2026-03-06 09:10:00,161.33,161.39,161.33,161.39,1000
2026-03-06 09:20:00,161.43,161.44,161.43,161.44,1168
2026-03-06 09:25:00,161.54,161.69,161.54,161.67,400
2026-03-06 09:30:00,161.815,162.03,161.74,161.78,13957
2026-03-06 09:35:00,161.9254,161.9254,161.3201,161.59,13269
2026-03-06 09:40:00,161.7,162.06,161.62,161.775,12696
2026-03-06 09:45:00,161.745,162.03,161.54,161.74,4554
2026-03-06 09:50:00,161.71,162.17,161.71,161.87,38284
2026-03-06 09:55:00,161.83,161.96,161.52,161.94,11692
2026-03-06 10:00:00,161.89,162.47,161.89,162.47,17930
2026-03-06 10:05:00,162.47,162.53,161.87,161.9,8540
2026-03-06 10:10:00,161.92,162.59,161.85,162.51,11590
2026-03-06 10:15:00,162.53,162.65,162.44,162.595,26733
2026-03-06 10:20:00,162.63,162.7999,162.56,162.72,4946
2026-03-06 10:25:00,162.68,162.76,162.56,162.69,13290
2026-03-06 10:30:00,162.75,162.94,162.7,162.79,7284
2026-03-06 10:35:00,162.83,163.185,162.83,163.08,7681
2026-03-06 10:40:00,163.05,163.05,162.66,162.82,8970
2026-03-06 10:45:00,162.83,162.84,162.48,162.515,6526
2026-03-06 10:50:00,162.49,162.49,162.18,162.33,29297
2026-03-06 10:55:00,162.435,162.975,162.435,162.875,2978
2026-03-06 11:00:00,162.83,163.1,162.76,163.07,3044
2026-03-06 11:05:00,163.0,163.07,162.74,162.76,7602
2026-03-06 11:10:00,162.729,162.729,162.545,162.55,6171
2026-03-06 11:15:00,162.5491,162.76,162.5491,162.68,5137
2026-03-06 11:20:00,162.76,162.76,162.34,162.59,8161
2026-03-06 11:25:00,162.585,162.66,162.49,162.63,6298
2026-03-06 11:30:00,162.6491,162.7,162.44,162.44,2458
2026-03-06 11:35:00,162.43,162.89,162.43,162.83,5392
2026-03-06 11:40:00,162.805,162.85,162.72,162.7301,2663
2026-03-06 11:45:00,162.895,163.015,162.87,162.97,6203
2026-03-06 11:50:00,163.02,163.14,162.85,162.86,2400
2026-03-06 11:55:00,162.74,163.01,162.68,162.95,20176
2026-03-06 12:00:00,162.93,163.19,162.85,163.04,6518
2026-03-06 12:05:00,162.93,163.025,162.62,162.63,10686
2026-03-06 12:10:00,162.69,162.705,162.55,162.58,13624
2026-03-06 12:15:00,162.625,162.67,162.46,162.67,2850
2026-03-06 12:20:00,162.635,162.75,162.56,162.58,2267
2026-03-06 12:25:00,162.46,162.53,162.305,162.48,1600
2026-03-06 12:30:00,162.425,162.48,162.38,162.4,1533
2026-03-06 12:35:00,162.39,162.39,162.1,162.13,5434
2026-03-06 12:40:00,162.21,162.21,162.0,162.14,1924
2026-03-06 12:45:00,162.1635,162.36,162.14,162.36,3192
2026-03-06 12:50:00,162.35,162.45,162.21,162.3,9770
2026-03-06 12:55:00,162.2961,162.41,162.2,162.29,7345
2026-03-06 13:00:00,162.28,162.455,162.23,162.23,5132
2026-03-06 13:05:00,162.29,162.47,162.29,162.47,3131
2026-03-06 13:10:00,162.44,162.98,162.44,162.93,7829
2026-03-06 13:15:00,162.95,162.99,162.78,162.92,4042
2026-03-06 13:20:00,162.92,162.945,162.745,162.7715,2904
2026-03-06 13:25:00,162.67,162.71,162.5799,162.5799,3335
2026-03-06 13:30:00,162.6199,162.79,162.57,162.7099,5924
2026-03-06 13:35:00,162.56,162.65,162.45,162.56,1890
2026-03-06 13:40:00,162.5999,162.7,162.5999,162.69,1497
2026-03-06 13:45:00,162.68,162.69,162.57,162.635,5658
2026-03-06 13:50:00,162.685,162.685,162.39,162.39,2232
2026-03-06 13:55:00,162.44,162.5,162.44,162.445,1732
2026-03-06 14:00:00,162.461,162.5115,162.41,162.41,1451
2026-03-06 14:05:00,162.425,162.62,162.425,162.545,3849
2026-03-06 14:10:00,162.63,162.79,162.63,162.77,600
2026-03-06 14:15:00,162.7,162.77,162.5,162.635,16036
2026-03-06 14:20:00,162.61,162.64,162.41,162.5,8465
2026-03-06 14:25:00,162.4,162.63,162.39,162.58,3452
2026-03-06 14:30:00,162.56,162.7,162.56,162.61,2193
2026-03-06 14:35:00,162.615,162.6533,162.34,162.3705,7549
2026-03-06 14:40:00,162.43,162.64,162.43,162.5,2605
2026-03-06 14:45:00,162.37,162.4,162.25,162.3201,1644
2026-03-06 14:50:00,162.36,162.4496,162.26,162.4092,7948
2026-03-06 14:55:00,162.42,162.48,162.39,162.46,10878
2026-03-06 15:00:00,162.48,162.7,162.47,162.665,9944
2026-03-06 15:05:00,162.6994,162.6994,162.39,162.43,1603
2026-03-06 15:10:00,162.4,162.4,161.865,162.0,19346
2026-03-06 15:15:00,162.03,162.15,161.9,162.0002,10682
2026-03-06 15:20:00,161.96,161.9713,161.62,161.62,19215
2026-03-06 15:25:00,161.55,161.6,161.325,161.33,10000
2026-03-06 15:30:00,161.29,161.43,161.255,161.2801,18228
2026-03-06 15:35:00,161.24,161.39,161.05,161.36,8325
2026-03-06 15:40:00,161.29,161.72,161.27,161.52,25136
2026-03-06 15:45:00,161.5328,161.64,161.5328,161.58,3544
2026-03-06 15:50:00,161.61,161.68,161.41,161.56,13345
2026-03-06 15:55:00,161.56,161.64,161.41,161.485,14501
2026-03-06 16:00:00,161.47,161.47,161.47,161.47,636
2026-03-06 18:05:00,161.43,161.43,161.43,161.43,189
2026-03-09 04:00:00,161.12,161.12,159.64,159.64,200
2026-03-09 04:55:00,159.51,159.51,159.51,159.51,480
2026-03-09 05:00:00,159.38,159.53,159.38,159.53,1600
2026-03-09 05:05:00,159.45,159.45,159.35,159.35,1700
2026-03-09 05:10:00,159.48,159.51,159.43,159.51,2550
2026-03-09 05:25:00,160.17,160.18,160.07,160.18,3760
2026-03-09 05:30:00,160.05,160.05,160.05,160.05,980
2026-03-09 05:45:00,160.53,160.53,160.38,160.38,2510
2026-03-09 05:50:00,160.17,160.17,160.03,160.03,1590
2026-03-09 05:55:00,160.08,160.21,160.08,160.21,1850
2026-03-09 06:00:00,160.15,160.15,160.08,160.08,2880
2026-03-09 06:05:00,160.05,160.05,160.0,160.0,1930
2026-03-09 06:10:00,159.92,159.92,159.92,159.92,980
2026-03-09 06:15:00,159.91,160.02,159.91,160.02,2550
2026-03-09 06:20:00,160.03,160.03,160.03,160.03,850
2026-03-09 06:25:00,159.76,159.84,159.76,159.84,980
2026-03-09 06:30:00,159.81,159.82,159.8,159.82,2056
2026-03-09 06:35:00,159.96,159.96,159.96,159.96,1250
2026-03-09 06:40:00,159.84,159.84,159.84,159.84,804
2026-03-09 07:00:00,160.0,160.0,160.0,160.0,217
2026-03-09 07:30:00,159.71,159.93,159.71,159.87,1053
2026-03-09 08:00:00,161.19,161.4,160.99,161.38,31311
2026-03-09 09:10:00,159.73,159.95,159.73,159.95,750
2026-03-09 09:25:00,159.65,159.75,159.65,159.71,4951
2026-03-09 09:30:00,159.92,160.48,159.8,160.3,45280
2026-03-09 09:35:00,160.365,160.37,159.8,159.86,38146
2026-03-09 09:40:00,159.82,159.88,159.495,159.62,22311
2026-03-09 09:45:00,159.59,159.81,159.51,159.57,6126
2026-03-09 09:50:00,159.57,159.67,159.31,159.46,18936
2026-03-09 09:55:00,159.34,159.94,159.25,159.68,44656
2026-03-09 10:00:00,159.73,160.43,159.62,160.38,10612
2026-03-09 10:05:00,160.2801,160.31,159.64,159.73,11945
2026-03-09 10:10:00,159.72,159.7691,159.35,159.605,15518
2026-03-09 10:15:00,159.66,160.04,159.555,160.01,50011
2026-03-09 10:20:00,159.98,160.45,159.79,160.31,14502
2026-03-09 10:25:00,160.41,160.41,159.9201,160.075,6289
2026-03-09 10:30:00,160.1,160.335,160.1,160.3,103976
2026-03-09 10:35:00,160.26,160.75,160.24,160.61,12982
2026-03-09 10:40:00,160.64,160.83,160.52,160.83,33289
2026-03-09 10:45:00,160.87,161.08,160.85,161.02,20066
2026-03-09 10:50:00,161.09,161.14,160.98,161.11,16365
2026-03-09 10:55:00,161.085,161.14,160.88,160.95,14426
2026-03-09 11:00:00,161.06,161.19,161.05,161.13,9365
2026-03-09 11:05:00,161.16,161.23,161.01,161.01,4446
2026-03-09 11:10:00,161.05,161.29,161.04,161.21,10691
2026-03-09 11:15:00,161.38,161.41,161.1101,161.1699,8766
2026-03-09 11:20:00,161.275,161.45,161.27,161.45,5323
2026-03-09 11:25:00,161.43,161.59,161.41,161.539,8900
2026-03-09 11:30:00,161.5,161.5145,161.28,161.38,12733
2026-03-09 11:35:00,161.3365,161.39,161.22,161.35,15328
2026-03-09 11:40:00,161.29,161.3193,161.26,161.3193,4123
2026-03-09 11:45:00,161.29,161.46,161.29,161.43,3674
2026-03-09 11:50:00,161.39,161.6351,161.39,161.6351,2914
2026-03-09 11:55:00,161.63,161.63,161.58,161.58,700
2026-03-09 12:00:00,161.5835,161.8,161.52,161.77,5529
2026-03-09 12:05:00,161.7,161.73,161.61,161.66,7315
2026-03-09 12:10:00,161.61,161.72,161.59,161.68,1780
2026-03-09 12:15:00,161.69,161.69,161.62,161.68,2329
2026-03-09 12:20:00,161.565,161.84,161.54,161.79,7850
2026-03-09 12:25:00,161.7901,162.115,161.76,161.94,13762
2026-03-09 12:30:00,161.97,161.97,161.71,161.94,54123
2026-03-09 12:35:00,161.95,162.065,161.95,162.065,5056
2026-03-09 12:40:00,162.17,162.2651,162.17,162.2417,1655
2026-03-09 12:45:00,162.25,162.315,162.21,162.23,2255
2026-03-09 12:50:00,162.1811,162.25,162.12,162.12,3989
2026-03-09 12:55:00,162.11,162.26,162.06,162.08,12116
2026-03-09 13:00:00,162.08,162.09,161.855,161.93,5555
2026-03-09 13:05:00,161.92,161.92,161.78,161.91,4386
2026-03-09 13:10:00,161.94,161.95,161.86,161.86,2136
2026-03-09 13:15:00,161.8442,161.8442,161.6606,161.6606,2458
2026-03-09 13:20:00,161.58,161.58,161.43,161.43,3473
2026-03-09 13:25:00,161.42,161.42,161.35,161.38,4092
2026-03-09 13:30:00,161.41,161.46,161.3501,161.36,6275
2026-03-09 13:35:00,161.42,161.42,161.31,161.35,2004
2026-03-09 13:40:00,161.26,161.34,161.18,161.26,8062
2026-03-09 13:45:00,161.27,161.49,161.27,161.37,4207
2026-03-09 13:50:00,161.4,161.501,161.4,161.501,2587
2026-03-09 13:55:00,161.4408,161.48,161.44,161.44,3939
2026-03-09 14:00:00,161.46,161.59,161.46,161.4911,4435
2026-03-09 14:05:00,161.52,161.63,161.46,161.54,3498
2026-03-09 14:10:00,161.56,161.69,161.5,161.63,1682
2026-03-09 14:15:00,161.625,161.716,161.61,161.71,11997
2026-03-09 14:20:00,161.74,161.905,161.6,161.74,7122
2026-03-09 14:25:00,161.72,161.72,161.68,161.7099,10621
2026-03-09 14:30:00,161.72,162.0,161.72,162.0,6320
2026-03-09 14:35:00,161.96,162.04,161.9593,161.9593,3578
2026-03-09 14:40:00,161.91,161.96,161.88,161.91,4502
2026-03-09 14:45:00,161.93,162.01,161.92,161.99,2127
2026-03-09 14:50:00,161.93,161.97,161.91,161.93,1754
2026-03-09 14:55:00,161.79,161.79,161.62,161.6372,9146
2026-03-09 15:00:00,161.6,161.72,161.58,161.67,2253
2026-03-09 15:05:00,161.58,161.73,161.57,161.73,2070
2026-03-09 15:10:00,161.72,161.88,161.72,161.73,14938
2026-03-09 15:15:00,161.75,162.65,161.75,162.615,53543
2026-03-09 15:20:00,162.595,163.2204,162.5,163.07,56570
2026-03-09 15:25:00,163.09,163.67,162.975,163.67,18792
2026-03-09 15:30:00,163.68,163.95,163.3,163.94,16497
2026-03-09 15:35:00,163.97,164.4,163.67,164.32,52226
2026-03-09 15:40:00,164.2,164.2,163.57,163.8401,14684
2026-03-09 15:45:00,163.76,164.0,163.7,163.89,6903
2026-03-09 15:50:00,163.87,163.89,163.57,163.67,15794
2026-03-09 15:55:00,163.695,164.16,163.66,164.08,25074
2026-03-10 04:20:00,164.65,164.65,164.65,164.65,478
2026-03-10 04:25:00,164.67,164.67,164.67,164.67,480
2026-03-10 04:40:00,164.69,164.69,164.69,164.69,850
2026-03-10 04:45:00,164.68,164.69,164.67,164.69,3397
2026-03-10 04:50:00,164.43,164.43,164.43,164.43,853
2026-03-10 05:10:00,164.59,164.62,164.59,164.61,2547
2026-03-10 05:15:00,164.53,164.53,164.53,164.53,854
2026-03-10 05:25:00,164.57,164.57,164.57,164.57,850
2026-03-10 05:30:00,164.63,164.63,164.63,164.63,980
2026-03-10 05:35:00,164.49,164.57,164.49,164.57,1810
2026-03-10 05:40:00,164.59,164.59,164.51,164.51,2810
2026-03-10 05:45:00,164.53,164.53,164.5,164.5,2558
2026-03-10 06:00:00,164.5,164.5,164.5,164.5,854
2026-03-10 06:15:00,164.16,164.16,164.16,164.16,500
2026-03-10 08:00:00,164.16,164.17,164.11,164.11,19260
2026-03-10 09:05:00,163.85,163.85,163.85,163.85,111
2026-03-10 09:30:00,164.11,164.58,164.11,164.33,28574
2026-03-10 09:35:00,164.3001,164.3699,164.105,164.35,4948
2026-03-10 09:40:00,164.25,164.36,163.94,164.36,4186
2026-03-10 09:45:00,164.31,164.4001,164.21,164.4001,3676
2026-03-10 09:50:00,164.31,164.39,164.15,164.19,2492
2026-03-10 09:55:00,164.07,164.08,163.85,163.87,10557
2026-03-10 10:00:00,163.915,163.97,163.6815,163.9201,16594
2026-03-10 10:05:00,163.96,164.11,163.47,163.47,6738
2026-03-10 10:10:00,163.5,163.8,163.5,163.76,13010
2026-03-10 10:15:00,163.65,163.96,163.56,163.94,27804
2026-03-10 10:20:00,163.96,164.17,163.91,164.08,17479
2026-03-10 10:25:00,164.14,164.34,164.14,164.23,10583
2026-03-10 10:30:00,164.23,164.62,164.22,164.59,10585
2026-03-10 10:35:00,164.615,164.82,164.54,164.82,8333
2026-03-10 10:40:00,164.8,164.94,164.77,164.85,5460
2026-03-10 10:45:00,164.86,164.95,164.76,164.9,6906
2026-03-10 10:50:00,164.94,165.045,164.93,165.0401,1842
2026-03-10 10:55:00,165.055,165.16,165.0301,165.14,3830
2026-03-10 11:00:00,165.1601,165.31,165.14,165.2774,6174
2026-03-10 11:05:00,165.26,165.26,165.02,165.0597,13372
2026-03-10 11:10:00,164.97,165.09,164.94,164.95,3397
2026-03-10 11:15:00,165.09,165.26,165.09,165.245,7587
2026-03-10 11:20:00,165.3,165.3,165.1435,165.16,7756
2026-03-10 11:25:00,165.19,165.19,165.06,165.11,3927
2026-03-10 11:30:00,165.11,165.12,164.94,164.96,2061
2026-03-10 11:35:00,164.95,165.08,164.95,165.07,8705
2026-03-10 11:40:00,165.12,165.29,165.06,165.18,4289
2026-03-10 11:45:00,165.15,165.2,165.02,165.11,7614
2026-03-10 11:50:00,165.13,165.22,165.07,165.08,3615
2026-03-10 11:55:00,165.07,165.2,165.06,165.15,4905
2026-03-10 12:00:00,165.17,165.17,164.95,164.95,3214
2026-03-10 12:05:00,164.9,164.905,164.69,164.76,10179
2026-03-10 12:10:00,164.85,164.93,164.78,164.9,31594
2026-03-10 12:15:00,164.87,165.05,164.8665,164.96,20221
2026-03-10 12:20:00,164.99,164.99,164.87,164.95,4395
2026-03-10 12:25:00,165.0,165.15,164.935,164.97,15818
2026-03-10 12:30:00,165.02,165.17,165.01,165.17,7867
2026-03-10 12:35:00,165.18,165.2,165.1,165.16,4167
2026-03-10 12:40:00,165.2,165.25,165.135,165.25,4093
2026-03-10 12:45:00,165.19,165.19,164.94,165.06,23230
2026-03-10 12:50:00,164.99,165.25,164.99,165.22,4592
2026-03-10 12:55:00,165.19,165.22,165.1303,165.1303,5392
2026-03-10 13:00:00,165.14,165.31,165.12,165.27,4274
2026-03-10 13:05:00,165.28,165.35,165.24,165.3,6253
2026-03-10 13:10:00,165.31,165.355,165.16,165.18,12956
2026-03-10 13:15:00,165.3218,165.53,165.3,165.53,4162
2026-03-10 13:20:00,165.51,165.53,165.43,165.52,17295
2026-03-10 13:25:00,165.5,165.66,165.48,165.65,9507
2026-03-10 13:30:00,165.62,165.62,165.34,165.34,6520
2026-03-10 13:35:00,165.29,165.31,164.94,165.11,10493
2026-03-10 13:40:00,165.12,165.28,165.07,165.1,4468
2026-03-10 13:45:00,165.12,165.31,165.1,165.27,1300
2026-03-10 13:50:00,165.27,165.42,165.27,165.34,5961
2026-03-10 13:55:00,165.35,165.37,165.25,165.3001,4223
2026-03-10 14:00:00,165.27,165.37,165.27,165.37,5158
2026-03-10 14:05:00,165.32,165.32,165.18,165.18,5619
2026-03-10 14:10:00,165.1875,165.31,164.4,164.43,15684
2026-03-10 14:15:00,164.48,164.72,164.16,164.35,22351
2026-03-10 14:20:00,164.14,164.62,164.12,164.6,16648
2026-03-10 14:25:00,164.55,164.85,164.52,164.7599,4054
2026-03-10 14:30:00,164.71,164.93,164.6,164.795,6787
2026-03-10 14:35:00,164.72,164.81,164.44,164.5,17223
2026-03-10 14:40:00,164.495,164.56,164.42,164.4232,5455
2026-03-10 14:45:00,164.35,164.54,164.35,164.445,2332
2026-03-10 14:50:00,164.58,164.6222,164.38,164.475,4734
2026-03-10 14:55:00,164.51,164.52,164.34,164.3501,6859
2026-03-10 15:00:00,164.34,164.35,164.25,164.25,2431
2026-03-10 15:05:00,164.305,164.41,164.24,164.36,2518
2026-03-10 15:10:00,164.32,164.43,164.21,164.43,6154
2026-03-10 15:15:00,164.435,164.52,164.38,164.52,5851
2026-03-10 15:20:00,164.49,164.49,164.18,164.42,18452
2026-03-10 15:25:00,164.39,164.39,164.11,164.12,9372
2026-03-10 15:30:00,164.07,164.135,164.0,164.02,5962
2026-03-10 15:35:00,164.0,164.1,163.95,164.1,6093
2026-03-10 15:40:00,164.12,164.35,163.96,164.0522,22981
2026-03-10 15:45:00,164.06,164.1,163.85,163.85,2612
2026-03-10 15:50:00,163.89,163.98,163.79,163.96,19170
2026-03-10 15:55:00,163.95,164.13,163.8822,164.11,25954
2026-03-10 16:00:00,164.11,164.11,164.11,164.11,476
2026-03-10 16:40:00,164.37,164.37,164.37,164.37,325
2026-03-10 17:50:00,163.8764,163.8764,163.8764,163.8764,120
2026-03-11 07:50:00,164.11,164.11,164.11,164.11,100
2026-03-11 09:20:00,164.27,164.27,164.27,164.27,100
2026-03-11 09:30:00,164.46,164.67,164.31,164.4101,12921
2026-03-11 09:35:00,164.32,164.55,164.32,164.455,7205
2026-03-11 09:40:00,164.52,164.67,164.33,164.39,5834
2026-03-11 09:45:00,164.35,164.57,164.265,164.33,5098
2026-03-11 09:50:00,164.31,164.62,164.17,164.425,4014
2026-03-11 09:55:00,164.45,164.74,164.32,164.67,25660
2026-03-11 10:00:00,164.7,165.35,164.7,164.94,16210
2026-03-11 10:05:00,165.02,165.1,164.6,164.73,13159
2026-03-11 10:10:00,164.73,164.86,164.585,164.86,2557
2026-03-11 10:15:00,164.85,164.87,164.58,164.82,2818
2026-03-11 10:20:00,164.8022,164.85,164.45,164.46,5003
2026-03-11 10:25:00,164.33,164.471,164.1822,164.46,2937
2026-03-11 10:30:00,164.455,164.48,164.03,164.031,65923
2026-03-11 10:35:00,164.255,164.48,164.1765,164.27,3017
2026-03-11 10:40:00,164.36,164.57,164.301,164.51,27444
2026-03-11 10:45:00,164.44,164.58,164.39,164.54,7268
2026-03-11 10:50:00,164.59,164.625,164.53,164.5996,10422
2026-03-11 10:55:00,164.53,164.72,164.49,164.62,2731
2026-03-11 11:00:00,164.7,164.81,164.4,164.56,3043
2026-03-11 11:05:00,164.66,164.66,164.43,164.44,7112
2026-03-11 11:10:00,164.49,164.55,163.951,164.195,9421
2026-03-11 11:15:00,164.1633,164.1633,163.89,164.04,4367
2026-03-11 11:20:00,164.025,164.19,163.94,164.19,3840
2026-03-11 11:25:00,164.27,164.32,163.92,163.92,4425
2026-03-11 11:30:00,163.77,163.9496,163.65,163.9496,9931
2026-03-11 11:35:00,163.85,163.93,163.79,163.8,13007
2026-03-11 11:40:00,163.9,163.92,163.67,163.67,2926
2026-03-11 11:45:00,163.65,163.663,163.51,163.64,6264
2026-03-11 11:50:00,163.7,163.87,163.69,163.805,4830
2026-03-11 11:55:00,163.86,163.88,163.71,163.72,3225
2026-03-11 12:00:00,163.6,163.6726,163.49,163.49,2652
2026-03-11 12:05:00,163.53,163.57,163.5,163.53,696
2026-03-11 12:10:00,163.55,163.69,163.5,163.69,4035
2026-03-11 12:15:00,163.62,163.65,163.58,163.58,1400
2026-03-11 12:20:00,163.54,163.73,163.5301,163.6399,12420
2026-03-11 12:25:00,163.65,163.75,163.5814,163.75,2218
2026-03-11 12:30:00,163.75,164.09,163.75,164.09,1900
2026-03-11 12:35:00,164.07,164.07,163.9801,163.9801,422
2026-03-11 12:40:00,164.025,164.0497,164.025,164.0497,1945
2026-03-11 12:45:00,163.94,164.0594,163.94,163.98,1222
2026-03-11 12:50:00,163.95,164.08,163.95,164.08,733
2026-03-11 12:55:00,164.13,164.18,164.13,164.15,1159
2026-03-11 13:00:00,164.22,164.24,164.17,164.2301,2811
2026-03-11 13:05:00,164.1983,164.2394,164.1983,164.2394,2168
2026-03-11 13:10:00,164.12,164.12,164.04,164.11,1085
2026-03-11 13:15:00,164.135,164.135,163.92,163.93,1735
2026-03-11 13:25:00,164.145,164.26,164.13,164.165,5017
2026-03-11 13:30:00,164.22,164.22,164.14,164.14,2211
2026-03-11 13:35:00,163.91,163.91,163.32,163.62,5874
2026-03-11 13:40:00,163.74,163.74,163.53,163.68,5663
2026-03-11 13:45:00,163.7,163.805,163.665,163.805,1923
2026-03-11 13:50:00,163.8675,163.97,163.83,163.91,1873
2026-03-11 13:55:00,163.78,163.8415,163.67,163.8415,3842
2026-03-11 14:00:00,163.81,163.84,163.76,163.77,2702
2026-03-11 14:05:00,163.73,163.73,163.67,163.67,200
2026-03-11 14:10:00,163.63,163.63,163.43,163.61,3216
2026-03-11 14:15:00,163.6516,163.7,163.57,163.7,4201
2026-03-11 14:20:00,163.76,163.79,163.58,163.67,2886
2026-03-11 14:25:00,163.65,163.87,163.65,163.87,760
2026-03-11 14:30:00,163.81,163.9,163.81,163.9,2269
2026-03-11 14:35:00,163.89,163.9,163.82,163.83,921
2026-03-11 14:40:00,163.8105,163.8105,163.73,163.77,1069
2026-03-11 14:45:00,163.82,163.82,163.71,163.74,4050
2026-03-11 14:50:00,163.94,163.98,163.7901,163.93,3877
2026-03-11 14:55:00,164.01,164.019,163.86,163.86,3693
2026-03-11 15:00:00,163.93,163.93,163.71,163.85,5925
2026-03-11 15:05:00,163.83,163.85,163.79,163.83,18291
2026-03-11 15:10:00,163.85,163.8519,163.71,163.74,10745
2026-03-11 15:15:00,163.73,163.87,163.69,163.8599,13020
2026-03-11 15:20:00,163.85,163.89,163.74,163.84,21001
2026-03-11 15:25:00,163.85,163.93,163.83,163.85,17448
2026-03-11 15:30:00,163.87,164.08,163.79,164.03,21612
2026-03-11 15:35:00,164.05,164.105,163.97,164.06,15848
2026-03-11 15:40:00,164.07,164.15,164.02,164.095,13651
2026-03-11 15:45:00,164.1,164.12,163.96,163.99,21590
2026-03-11 15:50:00,164.02,164.19,163.965,164.19,11593
2026-03-11 15:55:00,164.28,164.2828,164.17,164.21,36270
2026-03-11 16:00:00,164.2,164.2,164.2,164.2,3000
2026-03-12 09:30:00,162.98,163.0,162.64,162.95,15770
2026-03-12 09:35:00,162.89,162.95,162.76,162.87,9909
2026-03-12 09:40:00,162.82,162.93,162.48,162.48,14647
2026-03-12 09:45:00,162.48,162.48,161.96,162.21,5958
2026-03-12 09:50:00,162.39,162.51,161.9,161.9,18454
2026-03-12 09:55:00,161.89,161.89,161.6609,161.76,1933
2026-03-12 10:00:00,161.79,162.36,161.79,162.27,28232
2026-03-12 10:05:00,162.25,162.295,162.17,162.22,3103
2026-03-12 10:10:00,162.28,162.47,162.17,162.4,8700
2026-03-12 10:15:00,162.49,162.49,162.07,162.07,5072
2026-03-12 10:20:00,162.05,162.1,161.98,162.02,30959
2026-03-12 10:25:00,162.18,162.2,161.89,161.89,2331
2026-03-12 10:30:00,161.6,161.67,161.49,161.52,4062
2026-03-12 10:35:00,161.58,161.73,161.27,161.45,6083
2026-03-12 10:40:00,161.53,161.73,161.35,161.73,6086
2026-03-12 10:45:00,161.66,162.19,161.44,161.48,11186
2026-03-12 10:50:00,161.45,161.6,161.45,161.598,11966
2026-03-12 10:55:00,161.61,161.72,161.56,161.57,3628
2026-03-12 11:00:00,161.58,161.61,161.35,161.5008,5980
2026-03-12 11:05:00,161.52,161.52,161.32,161.32,1801
2026-03-12 11:10:00,161.3,161.3,161.04,161.21,20167
2026-03-12 11:15:00,161.24,161.29,161.12,161.2168,10555
2026-03-12 11:20:00,161.17,161.3301,161.11,161.3301,4255
2026-03-12 11:25:00,161.35,161.5919,161.32,161.49,13691
2026-03-12 11:30:00,161.455,161.589,161.3922,161.3922,2394
2026-03-12 11:35:00,161.48,162.07,161.33,162.07,4633
2026-03-12 11:40:00,162.02,162.14,161.76,162.07,14693
2026-03-12 11:45:00,162.04,162.11,161.68,161.87,7601
2026-03-12 11:50:00,161.9198,162.0,161.78,162.0,5182
2026-03-12 11:55:00,161.92,162.02,161.87,162.0,25664
2026-03-12 12:00:00,162.02,162.15,161.91,162.15,5053
2026-03-12 12:05:00,162.27,162.27,161.59,161.66,7963
2026-03-12 12:10:00,161.63,162.01,161.63,162.01,6103
2026-03-12 12:15:00,162.0,162.24,162.0,162.16,5797
2026-03-12 12:20:00,162.14,162.45,162.13,162.25,5595
2026-03-12 12:25:00,162.13,162.14,161.93,161.93,4285
2026-03-12 12:30:00,161.95,161.99,161.9,161.99,3261
2026-03-12 12:35:00,162.13,162.4,162.11,162.35,4417
2026-03-12 12:40:00,162.33,162.34,162.24,162.24,2867
2026-03-12 12:45:00,162.25,162.27,161.835,162.04,265872
2026-03-12 12:50:00,162.05,162.14,161.88,161.9,8614
2026-03-12 12:55:00,162.0,162.0,161.87,161.96,1657
2026-03-12 13:00:00,161.9917,162.25,161.9917,162.215,4570
2026-03-12 13:05:00,162.3,162.43,162.08,162.08,8706
2026-03-12 13:10:00,162.1292,162.18,162.0,162.0,14541
2026-03-12 13:15:00,161.94,162.05,161.9,161.9,2631
2026-03-12 13:20:00,161.89,162.08,161.8899,162.08,602
2026-03-12 13:25:00,162.1,162.1001,161.89,161.89,2584
2026-03-12 13:30:00,161.96,162.0494,161.96,161.98,721
2026-03-12 13:35:00,162.01,162.16,162.01,162.08,12060
2026-03-12 13:40:00,162.17,162.17,161.9,161.9,1025
2026-03-12 13:45:00,161.78,161.87,161.72,161.7729,3308
2026-03-12 13:50:00,161.83,161.91,161.78,161.78,2648
2026-03-12 13:55:00,161.56,161.79,161.56,161.78,1600
2026-03-12 14:00:00,161.79,161.9893,161.79,161.93,3958
2026-03-12 14:05:00,161.86,162.07,161.8,161.93,6711
2026-03-12 14:10:00,161.9,161.99,161.9,161.98,1978
2026-03-12 14:15:00,162.04,162.054,161.85,161.85,4200
2026-03-12 14:20:00,161.83,161.86,161.73,161.83,4991
2026-03-12 14:25:00,161.79,161.865,161.735,161.865,7370
2026-03-12 14:30:00,161.85,161.9,161.75,161.75,2782
2026-03-12 14:35:00,161.73,161.79,161.62,161.74,4073
2026-03-12 14:40:00,161.71,161.74,161.69,161.72,2043
2026-03-12 14:45:00,161.67,161.67,161.59,161.5901,6108
2026-03-12 14:50:00,161.61,161.74,161.61,161.705,1714
2026-03-12 14:55:00,161.7,161.7,161.62,161.63,2791
2026-03-12 15:00:00,161.61,161.8,161.505,161.57,8413
2026-03-12 15:05:00,161.58,161.74,161.56,161.69,4940
2026-03-12 15:10:00,161.66,161.7,161.47,161.58,2901
2026-03-12 15:15:00,161.66,161.75,161.6,161.69,5917
2026-03-12 15:20:00,161.68,161.87,161.68,161.7781,3308
2026-03-12 15:25:00,161.8,161.83,161.755,161.78,3085
2026-03-12 15:30:00,161.8,161.95,161.8,161.86,5029
2026-03-12 15:35:00,161.89,161.89,161.73,161.7799,7559
2026-03-12 15:40:00,161.73,161.73,161.54,161.5963,4595
2026-03-12 15:45:00,161.54,161.54,161.44,161.53,6008
2026-03-12 15:50:00,161.51,161.59,161.35,161.525,8859
2026-03-12 15:55:00,161.52,161.58,161.31,161.34,12510
2026-03-12 16:00:00,161.35,161.35,161.35,161.35,1028
2026-03-13 04:00:00,161.02,161.02,161.02,161.02,280
2026-03-13 04:05:00,160.9,160.9,160.89,160.89,740
2026-03-13 04:10:00,160.84,160.84,160.84,160.84,280
2026-03-13 04:15:00,160.74,160.87,160.74,160.87,980
2026-03-13 04:20:00,160.87,160.87,160.87,160.87,1440
2026-03-13 04:25:00,160.87,160.97,160.84,160.84,2809
2026-03-13 06:15:00,161.52,161.57,161.52,161.57,657
2026-03-13 06:20:00,161.69,161.69,161.69,161.69,402
2026-03-13 06:25:00,161.69,161.69,161.62,161.62,828
2026-03-13 08:00:00,161.31,161.42,161.27,161.32,7449
2026-03-13 09:15:00,162.31,162.38,162.31,162.38,1020
2026-03-13 09:25:00,162.36,162.36,162.205,162.205,700
2026-03-13 09:30:00,162.13,162.31,162.05,162.12,18689
2026-03-13 09:35:00,162.13,162.17,161.78,162.17,3631
2026-03-13 09:40:00,162.16,162.68,162.15,162.68,6791
2026-03-13 09:45:00,162.71,162.905,162.56,162.56,12316
2026-03-13 09:50:00,162.55,162.8,162.47,162.8,4149
2026-03-13 09:55:00,162.81,162.81,162.47,162.47,3423
2026-03-13 10:00:00,162.44,162.6,162.18,162.28,28657
2026-03-13 10:05:00,162.27,162.4,162.07,162.07,17391
2026-03-13 10:10:00,162.08,162.0999,161.95,162.0999,4586
2026-03-13 10:15:00,162.03,162.03,161.775,161.825,2379
2026-03-13 10:20:00,162.0,162.03,161.95,161.98,21472
2026-03-13 10:25:00,161.9499,162.07,161.82,162.005,49633
2026-03-13 10:30:00,162.03,162.3,162.03,162.095,9547
2026-03-13 10:35:00,161.95,162.025,161.74,161.99,5955
2026-03-13 10:40:00,161.88,161.88,161.47,161.47,1437
2026-03-13 10:45:00,161.368,161.4155,161.15,161.23,5879
2026-03-13 10:50:00,161.27,161.29,161.07,161.09,7660
2026-03-13 10:55:00,161.18,161.18,160.65,160.68,4102
2026-03-13 11:00:00,160.74,160.77,160.555,160.69,8281
2026-03-13 11:05:00,160.79,160.92,160.725,160.92,2094
2026-03-13 11:10:00,160.9397,161.22,160.9072,161.17,3914
2026-03-13 11:15:00,161.14,161.14,161.03,161.03,1756
2026-03-13 11:20:00,160.845,160.978,160.615,160.615,5126
2026-03-13 11:25:00,160.5762,160.59,160.5,160.56,4734
2026-03-13 11:30:00,160.56,160.7,160.48,160.7,6207
2026-03-13 11:35:00,160.66,160.66,160.31,160.46,10111
2026-03-13 11:40:00,160.4,160.4,160.06,160.12,9794
2026-03-13 11:45:00,160.16,160.54,160.0,160.29,17153
2026-03-13 11:50:00,160.29,160.33,160.0701,160.0701,5041
2026-03-13 11:55:00,160.1199,160.2,159.99,160.11,2355
2026-03-13 12:00:00,160.08,160.28,160.08,160.24,2164
2026-03-13 12:05:00,160.2,160.34,160.2,160.34,9021
2026-03-13 12:10:00,160.39,160.49,160.1,160.24,8015
2026-03-13 12:15:00,160.2916,160.2916,160.13,160.1799,15154
2026-03-13 12:20:00,160.19,160.37,160.15,160.32,5754
2026-03-13 12:25:00,160.22,160.3274,160.09,160.2701,9381
2026-03-13 12:30:00,160.35,160.4,160.3,160.31,5023
2026-03-13 12:35:00,160.31,160.55,160.31,160.38,4002
2026-03-13 12:40:00,160.36,160.44,160.27,160.29,8343
2026-03-13 12:45:00,160.15,160.2,160.09,160.2,14871
2026-03-13 12:50:00,160.23,160.42,160.23,160.42,3073
2026-03-13 12:55:00,160.45,160.45,159.9,159.925,11221
2026-03-13 13:00:00,159.99,160.05,159.98,160.0,3322
2026-03-13 13:05:00,160.01,160.16,159.965,160.13,1427
2026-03-13 13:10:00,160.17,160.32,159.9994,160.2687,3863
2026-03-13 13:15:00,160.4499,160.49,160.25,160.4,4765
2026-03-13 13:20:00,160.4,160.4,160.215,160.34,4247
2026-03-13 13:25:00,160.32,160.32,160.23,160.3,2060
2026-03-13 13:30:00,160.36,160.36,160.15,160.2308,4487
2026-03-13 13:35:00,160.22,160.22,160.18,160.22,2546
2026-03-13 13:40:00,160.18,160.21,160.01,160.11,2208
2026-03-13 13:45:00,160.12,160.12,159.785,159.785,1298
2026-03-13 13:50:00,159.74,159.83,159.69,159.81,3104
2026-03-13 13:55:00,159.8,159.8891,159.75,159.78,8255
2026-03-13 14:00:00,159.83,159.88,159.78,159.87,1430
2026-03-13 14:05:00,159.89,159.936,159.81,159.87,5632
2026-03-13 14:10:00,159.94,159.98,159.91,159.955,5520
2026-03-13 14:15:00,159.97,160.03,159.87,159.89,4623
2026-03-13 14:20:00,159.91,159.92,159.78,159.81,1281
2026-03-13 14:25:00,159.88,160.03,159.84,160.02,21491
2026-03-13 14:30:00,159.98,160.23,159.97,160.23,4982
2026-03-13 14:35:00,160.169,160.29,160.169,160.22,963
2026-03-13 14:40:00,160.23,160.3259,160.19,160.3259,4462
2026-03-13 14:45:00,160.285,160.35,160.27,160.35,5629
2026-03-13 14:50:00,160.25,160.38,160.25,160.3322,1143
2026-03-13 14:55:00,160.29,160.29,160.2,160.25,2165
2026-03-13 15:00:00,160.24,160.24,160.09,160.09,5218
2026-03-13 15:05:00,160.05,160.13,159.9999,160.09,5066
2026-03-13 15:10:00,160.08,160.14,160.07,160.07,2462
2026-03-13 15:15:00,160.14,160.1415,160.03,160.12,7543
2026-03-13 15:20:00,160.0,160.0,159.78,159.83,5699
2026-03-13 15:25:00,159.81,159.81,159.7212,159.725,1405
2026-03-13 15:30:00,159.76,159.88,159.73,159.79,9165
2026-03-13 15:35:00,159.79,159.7999,159.66,159.66,3157
2026-03-13 15:40:00,159.61,159.64,159.55,159.55,5259
2026-03-13 15:45:00,159.65,159.72,159.59,159.7,5100
2026-03-13 15:50:00,159.71,159.78,159.62,159.73,7004
2026-03-13 15:55:00,159.72,159.82,159.715,159.79,6014
2026-03-13 16:00:00,159.81,159.81,159.81,159.81,599
2026-03-16 04:35:00,160.19,160.19,160.19,160.19,119
2026-03-16 04:40:00,160.19,160.21,160.19,160.21,3240
2026-03-16 04:45:00,160.26,160.26,160.26,160.26,980
2026-03-16 04:50:00,160.21,160.21,160.21,160.21,1320
2026-03-16 08:00:00,159.81,159.91,159.81,159.83,5390
2026-03-16 09:30:00,161.36,161.845,161.36,161.8,18389
2026-03-16 09:35:00,161.94,162.0,161.785,161.8025,1946
2026-03-16 09:40:00,161.81,161.96,161.74,161.89,4012
2026-03-16 09:45:00,162.0,162.19,161.96,162.11,2499
2026-03-16 09:50:00,162.05,162.12,162.0201,162.11,8856
2026-03-16 09:55:00,162.01,162.32,162.01,162.25,16041
2026-03-16 10:00:00,162.25,162.25,162.0656,162.09,5462
2026-03-16 10:05:00,162.1,162.34,162.08,162.34,10411
2026-03-16 10:10:00,162.39,162.42,162.3,162.34,25345
2026-03-16 10:15:00,162.33,162.41,162.275,162.41,26577
2026-03-16 10:20:00,162.3201,162.44,162.3201,162.4,3889
2026-03-16 10:25:00,162.4,162.42,162.2,162.25,2126
2026-03-16 10:30:00,162.05,162.0662,161.9,161.9,4176
2026-03-16 10:35:00,161.97,162.01,161.67,161.76,5482
2026-03-16 10:40:00,161.78,161.79,161.6256,161.65,31244
2026-03-16 10:45:00,161.72,161.78,161.665,161.68,7089
2026-03-16 10:50:00,161.59,161.8,161.47,161.8,62614
2026-03-16 10:55:00,161.8199,162.01,161.8199,162.01,6135
2026-03-16 11:00:00,162.04,162.04,161.805,161.82,4274
2026-03-16 11:05:00,161.785,161.84,161.69,161.8,5709
2026-03-16 11:10:00,161.9,161.9,161.77,161.87,8758
2026-03-16 11:15:00,161.98,162.04,161.91,162.04,9155
2026-03-16 11:20:00,162.02,162.2,161.98,162.2,9633
2026-03-16 11:25:00,162.13,162.13,162.07,162.07,506
2026-03-16 11:30:00,162.18,162.27,162.175,162.27,8498
2026-03-16 11:35:00,162.23,162.26,162.19,162.19,1688
2026-03-16 11:40:00,162.14,162.18,162.1,162.18,2480
2026-03-16 11:45:00,162.17,162.19,162.14,162.17,2715
2026-03-16 11:50:00,162.095,162.1,161.94,162.005,31337
2026-03-16 11:55:00,161.93,162.02,161.78,161.82,10884
2026-03-16 12:00:00,161.78,161.88,161.77,161.84,8698
2026-03-16 12:05:00,161.7091,161.91,161.7091,161.8,7207
2026-03-16 12:10:00,161.87,161.9,161.76,161.8,4710
2026-03-16 12:15:00,161.77,161.81,161.72,161.72,4206
2026-03-16 12:20:00,161.7,161.715,161.45,161.46,7321
2026-03-16 12:25:00,161.4,161.52,161.3701,161.39,1615
2026-03-16 12:30:00,161.43,161.55,161.43,161.44,10670
2026-03-16 12:35:00,161.51,161.62,161.51,161.62,10878
2026-03-16 12:40:00,161.61,161.8,161.581,161.8,5651
2026-03-16 12:45:00,161.75,161.81,161.69,161.78,3440
2026-03-16 12:50:00,161.7233,161.82,161.7233,161.8102,1261
2026-03-16 12:55:00,161.76,161.77,161.74,161.74,1190
2026-03-16 13:00:00,161.77,162.01,161.77,161.84,8810
2026-03-16 13:05:00,161.9301,161.9301,161.8678,161.8678,515
2026-03-16 13:10:00,161.969,161.969,161.969,161.969,190
2026-03-16 13:15:00,161.97,161.97,161.8999,161.95,6472
2026-03-16 13:20:00,162.05,162.09,162.03,162.07,2842
2026-03-16 13:25:00,162.01,162.05,161.92,161.93,16163
2026-03-16 13:30:00,162.01,162.02,161.87,161.87,2446
2026-03-16 13:35:00,161.92,161.945,161.83,161.83,2739
2026-03-16 13:40:00,161.83,161.86,161.82,161.83,3667
2026-03-16 13:45:00,161.81,161.87,161.69,161.72,4110
2026-03-16 13:50:00,161.63,161.79,161.62,161.785,5083
2026-03-16 13:55:00,161.81,161.82,161.77,161.8,4352
2026-03-16 14:00:00,161.8001,161.84,161.76,161.84,2269
2026-03-16 14:05:00,161.9,162.05,161.9,162.0,2673
2026-03-16 14:10:00,162.02,162.02,161.99,162.02,3754
2026-03-16 14:15:00,162.03,162.16,162.03,162.09,2065
2026-03-16 14:20:00,162.095,162.14,162.05,162.14,2416
2026-03-16 14:25:00,162.11,162.155,162.065,162.07,2636
2026-03-16 14:30:00,162.09,162.11,162.05,162.0999,2168
2026-03-16 14:35:00,162.09,162.11,162.09,162.1011,1507
2026-03-16 14:40:00,162.1,162.15,162.09,162.09,2007
2026-03-16 14:45:00,162.1592,162.18,162.12,162.1299,3588
2026-03-16 14:50:00,162.12,162.12,162.05,162.05,1490
2026-03-16 14:55:00,162.04,162.04,162.0,162.0,2762
2026-03-16 15:00:00,162.04,162.07,161.93,161.93,1645
2026-03-16 15:05:00,161.92,162.71,161.8601,162.7,23722
2026-03-16 15:10:00,162.76,162.89,162.165,162.2335,19495
2026-03-16 15:15:00,162.1899,162.2884,162.03,162.03,8631
2026-03-16 15:20:00,161.88,161.98,161.8126,161.8126,1220
2026-03-16 15:25:00,161.83,161.91,161.7,161.81,9041
2026-03-16 15:30:00,161.79,161.9,161.705,161.79,15680
2026-03-16 15:35:00,161.83,161.9,161.78,161.78,19519
2026-03-16 15:40:00,161.85,161.85,161.71,161.76,15317
2026-03-16 15:45:00,161.8,161.8,161.7,161.74,4134
2026-03-16 15:50:00,161.71,161.7899,161.6405,161.69,13033
2026-03-16 15:55:00,161.73,161.87,161.71,161.815,15255
2026-03-17 09:30:00,162.14,162.72,162.14,162.62,7650
2026-03-17 09:35:00,162.66,162.695,162.64,162.68,1475
2026-03-17 09:40:00,162.67,162.69,162.67,162.68,1369
2026-03-17 09:45:00,162.655,162.8899,162.655,162.8899,4237
2026-03-17 09:50:00,162.89,162.89,162.69,162.69,7236
2026-03-17 09:55:00,162.74,162.74,162.62,162.63,1656
2026-03-17 10:00:00,162.66,162.66,162.36,162.4138,31651
2026-03-17 10:05:00,162.395,162.4399,162.36,162.37,2397
2026-03-17 10:10:00,162.35,162.3678,162.19,162.19,3611
2026-03-17 10:15:00,162.14,162.31,162.1,162.28,2730
2026-03-17 10:20:00,162.45,162.45,162.33,162.4,2480
2026-03-17 10:25:00,162.32,162.44,162.31,162.37,62151
2026-03-17 10:30:00,162.37,162.43,162.19,162.43,13099
2026-03-17 10:35:00,162.442,162.51,162.28,162.28,7960
2026-03-17 10:40:00,162.3,162.52,162.28,162.5,19618
2026-03-17 10:45:00,162.49,162.51,162.45,162.51,4434
2026-03-17 10:50:00,162.39,162.47,162.39,162.47,1570
2026-03-17 10:55:00,162.42,162.49,162.395,162.395,2077
2026-03-17 11:00:00,162.44,162.44,162.21,162.21,3381
2026-03-17 11:05:00,162.19,162.23,161.98,162.0,2878
2026-03-17 11:10:00,161.95,162.05,161.95,161.95,3833
2026-03-17 11:15:00,162.04,162.15,162.0,162.11,7390
2026-03-17 11:20:00,162.15,162.1599,161.9,161.99,8183
2026-03-17 11:25:00,162.02,162.0751,161.91,161.91,5826
2026-03-17 11:30:00,161.9169,161.93,161.74,161.75,7987
2026-03-17 11:35:00,161.77,161.82,161.48,161.64,8115
2026-03-17 11:40:00,161.62,161.78,161.61,161.77,3870
2026-03-17 11:45:00,161.84,161.87,161.75,161.76,11716
2026-03-17 11:50:00,161.76,161.91,161.76,161.87,4450
2026-03-17 11:55:00,161.85,161.91,161.79,161.83,4085
2026-03-17 12:00:00,161.81,161.81,161.67,161.72,2405
2026-03-17 12:05:00,161.72,161.76,161.53,161.6699,12828
2026-03-17 12:10:00,161.76,161.86,161.7,161.7,16738
2026-03-17 12:15:00,161.76,161.92,161.6915,161.91,6636
2026-03-17 12:20:00,161.91,161.99,161.84,161.98,3234
2026-03-17 12:25:00,161.96,161.96,161.86,161.93,14868
2026-03-17 12:30:00,161.9801,161.9801,161.8,161.85,3671
2026-03-17 12:35:00,161.93,161.96,161.8,161.81,4410
2026-03-17 12:40:00,161.87,161.9801,161.835,161.9801,2387
2026-03-17 12:45:00,161.97,161.9998,161.87,161.925,9257
2026-03-17 12:50:00,161.91,161.93,161.84,161.88,1730
2026-03-17 12:55:00,161.95,161.95,161.84,161.84,2697
2026-03-17 13:00:00,161.85,162.09,161.85,162.06,4735
2026-03-17 13:05:00,162.0596,162.07,162.01,162.06,5382
2026-03-17 13:10:00,162.05,162.06,161.92,161.9698,2707
2026-03-17 13:15:00,161.96,161.99,161.94,161.97,5147
2026-03-17 13:20:00,161.97,162.03,161.93,162.01,4602
2026-03-17 13:25:00,161.97,162.02,161.96,162.01,5231
2026-03-17 13:30:00,161.98,162.08,161.97,162.03,1226
2026-03-17 13:35:00,162.05,162.2,162.03,162.17,2795
2026-03-17 13:40:00,162.17,162.17,161.99,161.99,4253
2026-03-17 13:45:00,162.02,162.02,161.97,162.01,2529
2026-03-17 13:50:00,162.01,162.2,162.01,162.185,4683
2026-03-17 13:55:00,162.165,162.2,162.14,162.16,1653
2026-03-17 14:00:00,162.12,162.21,162.11,162.21,4449
2026-03-17 14:05:00,162.235,162.31,162.15,162.31,12493
2026-03-17 14:10:00,162.32,162.32,162.23,162.23,3538
2026-03-17 14:15:00,162.22,162.25,162.21,162.23,4040
2026-03-17 14:20:00,162.22,162.23,162.05,162.06,9846
2026-03-17 14:25:00,162.09,162.12,162.05,162.05,3196
2026-03-17 14:30:00,162.03,162.03,161.96,162.0297,842
2026-03-17 14:35:00,162.03,162.04,161.9899,162.02,613
2026-03-17 14:40:00,161.98,162.0,161.96,161.965,5172
2026-03-17 14:45:00,161.97,162.0,161.97,161.99,2900
2026-03-17 14:50:00,161.9598,162.05,161.9598,162.05,1699
2026-03-17 14:55:00,162.04,162.04,161.905,161.94,3744
2026-03-17 15:00:00,161.93,162.03,161.9299,161.9299,8205
2026-03-17 15:05:00,161.9151,161.95,161.82,161.95,4249
2026-03-17 15:10:00,161.94,161.96,161.94,161.9598,5451
2026-03-17 15:15:00,161.96,162.06,161.9501,162.02,8455
2026-03-17 15:20:00,161.99,161.99,161.94,161.97,7590
2026-03-17 15:25:00,161.98,162.03,161.95,161.98,9342
2026-03-17 15:30:00,162.0,162.08,161.99,162.01,10170
2026-03-17 15:35:00,162.02,162.04,161.995,162.03,9185
2026-03-17 15:40:00,162.03,162.055,161.98,162.0,10561
2026-03-17 15:45:00,162.02,162.12,162.02,162.115,10883
2026-03-17 15:50:00,162.1,162.17,161.96,162.17,27101
2026-03-17 15:55:00,162.16,162.16,161.96,162.03,21135
2026-03-17 16:00:00,161.99,161.99,161.99,161.99,952
2026-03-17 16:45:00,162.02,162.02,162.02,162.02,149
2026-03-18 04:05:00,162.75,162.75,162.75,162.75,480
2026-03-18 04:10:00,162.77,162.77,162.77,162.77,1765
2026-03-18 04:30:00,162.72,162.72,162.72,162.72,2440
2026-03-18 04:40:00,162.64,162.64,162.59,162.59,2778
2026-03-18 04:45:00,162.59,162.59,162.59,162.59,3920
2026-03-18 04:50:00,162.61,162.62,162.61,162.61,2945
2026-03-18 07:15:00,162.95,162.95,162.95,162.95,100
2026-03-18 07:25:00,162.67,162.67,162.67,162.67,600
2026-03-18 07:35:00,162.65,162.65,162.65,162.65,100
2026-03-18 08:00:00,162.11,162.22,162.09,162.12,14575
2026-03-18 08:15:00,162.3,162.3,162.06,162.06,200
2026-03-18 09:30:00,161.41,161.8,161.41,161.686,13899
2026-03-18 09:35:00,161.8105,161.82,161.78,161.78,472
2026-03-18 09:40:00,161.82,161.86,161.61,161.61,2963
2026-03-18 09:45:00,161.74,161.97,161.74,161.91,1514
2026-03-18 09:50:00,161.9,161.9,161.788,161.788,6515
2026-03-18 09:55:00,161.89,162.0,161.78,161.9793,26884
2026-03-18 10:00:00,161.98,161.98,161.74,161.8501,16175
2026-03-18 10:05:00,161.82,162.12,161.81,162.02,6175
2026-03-18 10:10:00,162.02,162.02,161.54,161.5792,8990
2026-03-18 10:15:00,161.56,161.72,161.56,161.64,63498
2026-03-18 10:20:00,161.525,161.56,161.47,161.48,2559
2026-03-18 10:25:00,161.48,161.48,161.02,161.05,6202
2026-03-18 10:30:00,161.1065,161.34,161.1065,161.18,4192
2026-03-18 10:35:00,161.23,161.3,161.191,161.225,2581
2026-03-18 10:40:00,161.17,161.21,161.15,161.1539,2818
2026-03-18 10:45:00,161.18,161.23,161.08,161.08,2404
2026-03-18 10:50:00,161.1755,161.3,161.1755,161.3,19943
2026-03-18 10:55:00,161.3,161.52,161.3,161.52,11654
2026-03-18 11:00:00,161.57,161.7198,161.47,161.54,12075
2026-03-18 11:05:00,161.66,161.8,161.66,161.8,5142
2026-03-18 11:10:00,161.73,161.78,161.69,161.731,6827
2026-03-18 11:15:00,161.65,161.67,161.47,161.47,1664
2026-03-18 11:20:00,161.41,161.51,161.35,161.49,2895
2026-03-18 11:25:00,161.525,161.57,161.52,161.5499,2768
2026-03-18 11:30:00,161.53,161.64,161.48,161.6287,2857
2026-03-18 11:35:00,161.59,161.64,161.59,161.631,529
2026-03-18 11:40:00,161.6,161.62,161.47,161.51,5432
2026-03-18 11:45:00,161.54,161.54,161.54,161.54,469
2026-03-18 11:50:00,161.43,161.56,161.411,161.56,1153
2026-03-18 11:55:00,161.59,161.605,161.51,161.51,2913
2026-03-18 12:00:00,161.46,161.47,161.4055,161.47,9336
2026-03-18 12:05:00,161.46,161.5,161.42,161.43,6051
2026-03-18 12:10:00,161.41,161.5101,161.35,161.5101,2159
2026-03-18 12:15:00,161.52,161.5597,161.44,161.54,4150
2026-03-18 12:20:00,161.58,161.58,161.5245,161.55,3973
2026-03-18 12:25:00,161.51,161.54,161.48,161.49,2367
2026-03-18 12:30:00,161.435,161.4727,161.25,161.26,8233
2026-03-18 12:35:00,161.26,161.35,161.14,161.33,3254
2026-03-18 12:40:00,161.3,161.33,161.3,161.33,11128
2026-03-18 12:45:00,161.24,161.2855,161.24,161.2855,1756
2026-03-18 12:50:00,161.27,161.43,161.27,161.4,10176
2026-03-18 12:55:00,161.405,161.42,161.24,161.24,1206
2026-03-18 13:00:00,161.25,161.25,161.07,161.1601,3630
2026-03-18 13:05:00,161.11,161.18,161.06,161.06,5588
2026-03-18 13:10:00,161.07,161.07,160.9501,160.9501,6035
2026-03-18 13:15:00,160.96,161.06,160.9512,161.06,3537
2026-03-18 13:20:00,161.05,161.11,161.04,161.11,4093
2026-03-18 13:25:00,161.05,161.09,161.05,161.085,1872
2026-03-18 13:30:00,161.1,161.15,160.97,161.15,3576
2026-03-18 13:35:00,161.19,161.28,161.19,161.25,2214
2026-03-18 13:40:00,161.27,161.2745,161.2,161.21,2243
2026-03-18 13:45:00,161.225,161.41,161.225,161.29,5877
2026-03-18 13:50:00,161.28,161.38,161.25,161.375,5235
2026-03-18 13:55:00,161.36,161.4745,161.35,161.43,5944
2026-03-18 14:00:00,161.44,161.685,161.42,161.685,19426
2026-03-18 14:05:00,161.6,161.61,161.45,161.49,10954
2026-03-18 14:10:00,161.47,161.47,161.37,161.3816,4621
2026-03-18 14:15:00,161.35,161.359,161.12,161.18,11066
2026-03-18 14:20:00,161.23,161.23,161.08,161.08,3324
2026-03-18 14:25:00,161.15,161.25,161.13,161.25,5692
2026-03-18 14:30:00,161.2071,161.26,160.87,160.87,11074
2026-03-18 14:35:00,160.82,161.23,160.82,160.97,14504
2026-03-18 14:40:00,160.87,161.12,160.82,161.0301,23136
2026-03-18 14:45:00,160.9416,160.98,160.84,160.845,17305
2026-03-18 14:50:00,160.79,160.8,160.5,160.5,12877
2026-03-18 14:55:00,160.54,160.64,160.46,160.46,19620
2026-03-18 15:00:00,160.45,160.74,160.43,160.73,11717
2026-03-18 15:05:00,160.73,160.85,160.68,160.76,22314
2026-03-18 15:10:00,160.75,160.7558,160.6,160.68,8305
2026-03-18 15:15:00,160.63,160.63,160.5,160.5,8888
2026-03-18 15:20:00,160.49,160.51,160.32,160.32,8939
2026-03-18 15:25:00,160.3201,160.44,160.3,160.39,9436
2026-03-18 15:30:00,160.39,160.47,160.33,160.425,17396
2026-03-18 15:35:00,160.42,160.42,160.29,160.31,12351
2026-03-18 15:40:00,160.34,160.34,160.08,160.14,23706
2026-03-18 15:45:00,160.14,160.21,160.09,160.15,16695
2026-03-18 15:50:00,160.16,160.24,160.1,160.18,27711
2026-03-18 15:55:00,160.17,160.2,159.99,160.07,23597
2026-03-18 16:00:00,160.05,160.05,160.05,160.05,1123
2026-03-19 05:10:00,159.87,159.87,159.82,159.82,1540
2026-03-19 05:15:00,159.83,159.88,159.82,159.83,3651
2026-03-19 05:25:00,159.7,159.9,159.68,159.9,2670
2026-03-19 05:30:00,159.73,159.73,159.73,159.73,480
2026-03-19 05:35:00,159.71,159.71,159.7,159.7,660
2026-03-19 05:40:00,159.71,159.71,159.71,159.71,480
2026-03-19 06:30:00,160.02,160.02,160.02,160.02,200
2026-03-19 07:10:00,159.81,159.81,159.81,159.81,200
2026-03-19 08:00:00,159.96,160.04,159.96,160.04,3840
2026-03-19 08:20:00,159.0,159.01,159.0,159.01,1735
2026-03-19 08:25:00,159.01,159.01,158.81,158.81,1827
2026-03-19 08:35:00,159.01,159.01,159.0,159.0,1620
2026-03-19 09:15:00,158.48,158.48,158.48,158.48,100
2026-03-19 09:20:00,158.6,158.6,158.47,158.47,1136
2026-03-19 09:25:00,158.51,158.51,158.43,158.44,1312
2026-03-19 09:30:00,158.37,158.45,157.815,158.0,43911
2026-03-19 09:35:00,157.87,158.26,157.75,158.15,10358
2026-03-19 09:40:00,158.17,158.47,158.09,158.44,9135
2026-03-19 09:45:00,158.4,158.52,158.15,158.52,6075
2026-03-19 09:50:00,158.58,158.85,158.5099,158.84,12066
2026-03-19 09:55:00,158.8993,158.8993,158.62,158.79,9697
2026-03-19 10:00:00,158.81,158.98,158.74,158.74,13725
2026-03-19 10:05:00,158.77,158.93,158.755,158.755,32124
2026-03-19 10:10:00,158.74,159.08,158.65,158.84,6125
2026-03-19 10:15:00,158.905,158.905,158.59,158.7,7142
2026-03-19 10:20:00,158.71,158.79,158.405,158.48,11739
2026-03-19 10:25:00,158.49,158.57,158.255,158.255,11419
2026-03-19 10:30:00,158.31,158.9397,158.31,158.92,234930
2026-03-19 10:35:00,158.93,159.02,158.5,158.59,5541
2026-03-19 10:40:00,158.72,158.84,158.64,158.7,7230
2026-03-19 10:45:00,158.62,158.84,158.56,158.84,26384
2026-03-19 10:50:00,158.82,159.01,158.79,158.8746,7694
2026-03-19 10:55:00,158.801,158.96,158.7263,158.93,3458
2026-03-19 11:00:00,158.87,159.08,158.83,159.08,6350
2026-03-19 11:05:00,159.09,159.37,159.02,159.12,10650
2026-03-19 11:10:00,159.17,159.34,159.14,159.34,3631
2026-03-19 11:15:00,159.3,159.34,158.96,158.97,6570
2026-03-19 11:20:00,158.95,158.95,158.77,158.7799,8030
2026-03-19 11:25:00,158.77,159.04,158.72,158.81,26786
2026-03-19 11:30:00,158.77,158.77,158.54,158.54,7789
2026-03-19 11:35:00,158.54,158.56,158.4,158.47,5816
2026-03-19 11:40:00,158.54,158.64,158.47,158.54,13679
2026-03-19 11:45:00,158.4865,158.6,158.43,158.6,1411
2026-03-19 11:50:00,158.59,158.62,158.5,158.51,3950
2026-03-19 11:55:00,158.53,158.825,158.5,158.8,13905
2026-03-19 12:00:00,158.75,159.16,158.73,159.0,7549
2026-03-19 12:05:00,159.0151,159.2,159.0151,159.12,18690
2026-03-19 12:10:00,159.01,159.06,158.82,158.89,19211
2026-03-19 12:15:00,158.91,158.969,158.77,158.85,6789
2026-03-19 12:20:00,158.88,158.89,158.72,158.795,16956
2026-03-19 12:25:00,158.85,158.98,158.7925,158.93,4296
2026-03-19 12:30:00,158.97,159.0,158.79,158.86,2235
2026-03-19 12:35:00,158.84,158.9451,158.76,158.9451,2244
2026-03-19 12:40:00,158.99,159.12,158.96,159.025,4009
2026-03-19 12:45:00,158.97,159.005,158.9,158.92,7793
2026-03-19 12:50:00,158.9,158.91,158.72,158.75,2545
2026-03-19 12:55:00,158.82,158.85,158.74,158.83,1256
2026-03-19 13:00:00,158.79,158.82,158.6848,158.6848,2201
2026-03-19 13:05:00,158.63,158.66,158.36,158.38,7266
2026-03-19 13:10:00,158.4,158.47,158.36,158.4,6392
2026-03-19 13:15:00,158.43,158.65,158.36,158.64,10854
2026-03-19 13:20:00,158.6,158.73,158.595,158.73,7609
2026-03-19 13:25:00,158.82,158.82,158.77,158.78,2000
2026-03-19 13:30:00,158.8,158.81,158.69,158.69,1500
2026-03-19 13:35:00,158.62,158.6839,158.57,158.57,2611
2026-03-19 13:40:00,158.53,158.62,158.53,158.62,1604
2026-03-19 13:45:00,158.58,158.61,158.51,158.59,6465
2026-03-19 13:50:00,158.695,158.91,158.695,158.855,6681
2026-03-19 13:55:00,158.76,158.79,158.74,158.77,5720
2026-03-19 14:00:00,158.67,158.7093,158.57,158.6,9069
2026-03-19 14:05:00,158.6,158.81,158.6,158.755,9485
2026-03-19 14:10:00,158.77,159.14,158.76,159.08,8196
2026-03-19 14:15:00,159.07,159.105,158.92,159.02,22310
2026-03-19 14:20:00,159.05,159.09,158.96,158.98,17049
2026-03-19 14:25:00,158.98,158.99,158.86,158.86,6650
2026-03-19 14:30:00,158.82,158.82,158.76,158.78,7094
2026-03-19 14:35:00,158.84,158.84,158.6729,158.705,6904
2026-03-19 14:40:00,158.72,158.72,158.5893,158.61,3643
2026-03-19 14:45:00,158.585,158.67,158.58,158.62,4947
2026-03-19 14:50:00,158.61,158.645,158.56,158.645,2039
2026-03-19 14:55:00,158.6694,159.19,158.6694,159.1,11273
2026-03-19 15:00:00,159.1,159.64,159.1,159.54,18412
2026-03-19 15:05:00,159.56,160.13,159.56,159.935,36861
2026-03-19 15:10:00,159.925,160.19,159.74,160.01,15039
2026-03-19 15:15:00,160.0,160.15,159.9383,160.068,17780
2026-03-19 15:20:00,159.95,159.95,159.69,159.74,9043
2026-03-19 15:25:00,159.69,159.69,159.49,159.59,16360
2026-03-19 15:30:00,159.56,159.67,159.46,159.47,9937
2026-03-19 15:35:00,159.515,159.53,159.22,159.505,8808
2026-03-19 15:40:00,159.52,159.62,159.45,159.52,14311
2026-03-19 15:45:00,159.5,159.57,159.43,159.47,10054
2026-03-19 15:50:00,159.5,159.535,159.35,159.42,18742
2026-03-19 15:55:00,159.425,159.62,159.425,159.51,9405
2026-03-19 16:00:00,159.47,159.47,159.47,159.47,528
2026-03-20 06:05:00,158.51,158.51,158.43,158.43,1130
2026-03-20 06:10:00,158.42,158.42,158.31,158.35,2320
2026-03-20 06:15:00,158.35,158.46,158.35,158.4,1782
2026-03-20 06:20:00,158.36,158.36,158.31,158.31,2110
2026-03-20 06:25:00,158.6,158.79,158.6,158.79,1080
2026-03-20 06:35:00,158.73,158.86,158.73,158.8,4930
2026-03-20 06:40:00,158.84,158.84,158.8,158.82,2310
2026-03-20 07:00:00,158.74,158.74,158.74,158.74,2000
2026-03-20 08:00:00,159.29,159.33,159.12,159.33,13581
2026-03-20 08:05:00,159.05,159.06,159.05,159.06,414
2026-03-20 09:25:00,159.06,159.06,159.06,159.06,100
2026-03-20 09:30:00,158.98,159.01,158.25,158.32,42705
2026-03-20 09:35:00,158.4,158.41,158.22,158.2511,13965
2026-03-20 09:40:00,158.24,158.63,158.21,158.5235,14686
2026-03-20 09:45:00,158.64,158.7,158.3551,158.4,8902
2026-03-20 09:50:00,158.245,158.245,157.88,157.98,4429
2026-03-20 09:55:00,158.04,158.04,157.575,157.615,23999
2026-03-20 10:00:00,157.59,157.68,157.43,157.64,19154
2026-03-20 10:05:00,157.71,157.755,157.4,157.595,11955
2026-03-20 10:10:00,157.7036,157.7036,157.13,157.16,11354
2026-03-20 10:15:00,157.22,157.47,157.19,157.405,9699
2026-03-20 10:20:00,157.37,157.46,157.23,157.355,15985
2026-03-20 10:25:00,157.37,157.41,157.22,157.34,7184
2026-03-20 10:30:00,157.38,157.57,157.38,157.56,8456
2026-03-20 10:35:00,157.61,157.71,157.35,157.45,94052
2026-03-20 10:40:00,157.42,157.485,157.37,157.4,4278
2026-03-20 10:45:00,157.39,157.52,157.35,157.52,4256
2026-03-20 10:50:00,157.41,157.41,157.04,157.04,7716
2026-03-20 10:55:00,157.07,157.39,157.07,157.295,12851
2026-03-20 11:00:00,157.475,157.59,157.19,157.19,12525
2026-03-20 11:05:00,157.22,157.29,157.16,157.26,4685
2026-03-20 11:10:00,157.275,157.4668,157.275,157.46,2403
2026-03-20 11:15:00,157.53,157.53,157.31,157.31,6530
2026-03-20 11:20:00,157.22,157.775,157.21,157.44,44248
2026-03-20 11:25:00,157.34,157.38,157.14,157.25,8055
2026-03-20 11:30:00,157.25,157.45,157.25,157.43,3727
2026-03-20 11:35:00,157.3,157.4,157.2601,157.4,5470
2026-03-20 11:40:00,157.33,157.49,157.31,157.46,4871
2026-03-20 11:45:00,157.46,157.53,157.32,157.47,4862
2026-03-20 11:50:00,157.45,157.56,157.335,157.56,18237
2026-03-20 11:55:00,157.56,157.62,157.5,157.61,2250
2026-03-20 12:00:00,157.57,157.85,157.57,157.8,32014
2026-03-20 12:05:00,157.78,157.785,157.62,157.705,12156
2026-03-20 12:10:00,157.692,157.82,157.692,157.82,12054
2026-03-20 12:15:00,157.7309,157.86,157.67,157.86,3484
2026-03-20 12:20:00,157.8894,157.8894,157.78,157.83,1798
2026-03-20 12:25:00,157.7633,157.77,157.61,157.63,4618
2026-03-20 12:30:00,157.35,157.46,157.35,157.46,958
2026-03-20 12:35:00,157.41,157.51,157.33,157.33,1054
2026-03-20 12:40:00,157.3901,157.4146,157.3901,157.4146,2051
2026-03-20 12:45:00,157.4018,157.41,157.2718,157.2718,1006
2026-03-20 12:50:00,157.41,157.41,157.2101,157.4,8262
2026-03-20 12:55:00,157.36,157.5771,157.36,157.4209,3539
2026-03-20 13:00:00,157.46,157.54,157.46,157.51,785
2026-03-20 13:05:00,157.52,157.52,157.17,157.44,32017
2026-03-20 13:10:00,157.42,157.42,157.3,157.3,4150
2026-03-20 13:15:00,157.2609,157.27,157.21,157.22,7488
2026-03-20 13:20:00,157.22,157.3201,157.22,157.27,1776
2026-03-20 13:25:00,157.25,157.27,157.15,157.15,7121
2026-03-20 13:30:00,157.19,157.22,156.99,157.02,17571
2026-03-20 13:35:00,157.04,157.07,156.78,156.95,3041
2026-03-20 13:40:00,156.98,156.98,156.8052,156.8052,2758
2026-03-20 13:45:00,156.84,156.84,156.71,156.76,13687
2026-03-20 13:50:00,156.78,156.965,156.78,156.96,6416
2026-03-20 13:55:00,156.99,157.015,156.96,156.96,4719
2026-03-20 14:00:00,156.99,157.02,156.83,156.83,6769
2026-03-20 14:05:00,156.83,156.92,156.74,156.8567,6826
2026-03-20 14:10:00,156.84,156.84,156.7,156.78,21572
2026-03-20 14:15:00,156.75,156.79,156.7115,156.79,12064
2026-03-20 14:20:00,156.81,156.81,156.34,156.36,14800
2026-03-20 14:25:00,156.4,156.61,156.4,156.46,3152
2026-03-20 14:30:00,156.52,156.54,156.3,156.36,26505
2026-03-20 14:35:00,156.315,156.35,156.13,156.1645,12272
2026-03-20 14:40:00,156.13,156.23,156.075,156.12,4774
2026-03-20 14:45:00,156.07,156.14,155.98,156.06,18685
2026-03-20 14:50:00,156.02,156.12,155.97,156.02,13255
2026-03-20 14:55:00,156.0445,156.1,155.95,156.08,19389
2026-03-20 15:00:00,156.08,156.2,156.07,156.07,22438
2026-03-20 15:05:00,156.08,156.08,155.95,156.0,8626
2026-03-20 15:10:00,156.0,156.0,155.84,155.98,17497
2026-03-20 15:15:00,155.95,156.05,155.94,156.02,7830
2026-03-20 15:20:00,156.06,156.06,155.74,155.76,15980
2026-03-20 15:25:00,155.75,155.89,155.75,155.8,17208
2026-03-20 15:30:00,155.82,155.88,155.5728,155.58,28141
2026-03-20 15:35:00,155.58,155.61,155.23,155.43,18662
2026-03-20 15:40:00,155.45,155.82,155.4,155.82,15504
2026-03-20 15:45:00,155.78,155.81,155.61,155.62,36378
2026-03-20 15:50:00,155.655,156.09,155.63,156.08,27321
2026-03-20 15:55:00,156.06,156.26,156.06,156.25,38444
2026-03-20 16:00:00,156.31,156.31,156.31,156.31,1048
2026-03-20 18:05:00,157.45,157.45,157.45,157.45,200
2026-03-23 04:15:00,155.36,155.36,155.32,155.32,480
2026-03-23 06:40:00,154.51,154.51,154.51,154.51,200
2026-03-23 07:05:00,155.71,157.14,155.71,157.14,300
2026-03-23 08:00:00,156.22,156.22,156.22,156.22,180
2026-03-23 09:10:00,159.38,159.49,159.33,159.49,400
2026-03-23 09:15:00,159.36,159.38,159.32,159.32,1500
2026-03-23 09:20:00,159.22,159.22,159.22,159.22,200
2026-03-23 09:25:00,158.94,158.94,158.94,158.94,100
2026-03-23 09:30:00,158.67,159.02,158.63,158.83,46874
2026-03-23 09:35:00,158.93,159.24,158.7,159.24,33230
2026-03-23 09:40:00,159.26,159.45,158.83,159.12,37986
2026-03-23 09:45:00,159.04,159.42,158.98,159.42,27396
2026-03-23 09:50:00,159.52,159.76,159.36,159.64,45487
2026-03-23 09:55:00,159.6,159.81,159.42,159.79,71902
2026-03-23 10:00:00,159.78,159.86,159.44,159.47,109332
2026-03-23 10:05:00,159.47,159.64,159.32,159.53,61503
2026-03-23 10:10:00,159.54,159.87,159.48,159.78,75855
2026-03-23 10:15:00,159.77,160.07,159.76,160.04,27871
2026-03-23 10:20:00,160.03,160.34,159.96,160.221,28325
2026-03-23 10:25:00,160.21,160.24,159.88,160.02,237864
2026-03-23 10:30:00,159.95,160.06,159.83,159.94,18527
2026-03-23 10:35:00,159.94,160.06,159.79,159.87,23198
2026-03-23 10:40:00,159.81,159.87,159.69,159.75,52172
2026-03-23 10:45:00,159.72,160.08,159.645,159.95,29023
2026-03-23 10:50:00,159.97,159.97,159.72,159.92,12382
2026-03-23 10:55:00,159.83,159.94,159.8,159.92,2531
2026-03-23 11:00:00,159.85,160.33,159.85,160.31,20553
2026-03-23 11:05:00,160.29,160.33,160.13,160.2616,13370
2026-03-23 11:10:00,160.25,160.3694,160.17,160.25,26157
2026-03-23 11:15:00,160.25,160.25,160.05,160.05,9555
2026-03-23 11:20:00,160.03,160.2,159.86,160.18,40154
2026-03-23 11:25:00,160.14,160.15,159.85,159.92,25573
2026-03-23 11:30:00,160.0,160.019,159.84,159.84,17881
2026-03-23 11:35:00,159.8,159.8,159.37,159.45,13715
2026-03-23 11:40:00,159.41,159.51,159.29,159.43,22294
2026-03-23 11:45:00,159.38,159.38,159.09,159.19,13403
2026-03-23 11:50:00,159.24,159.24,158.73,158.83,42790
2026-03-23 11:55:00,158.79,158.79,158.39,158.47,31491
2026-03-23 12:00:00,158.475,158.72,158.475,158.55,44272
2026-03-23 12:05:00,158.62,158.88,158.49,158.76,13414
2026-03-23 12:10:00,158.76,158.88,158.67,158.8,22921
2026-03-23 12:15:00,158.8,158.8,158.45,158.5,35717
2026-03-23 12:20:00,158.51,158.55,158.35,158.41,63421
2026-03-23 12:25:00,158.36,158.37,157.93,157.95,19345
2026-03-23 12:30:00,157.95,158.36,157.95,158.36,68554
2026-03-23 12:35:00,158.41,158.53,158.3,158.33,37316
2026-03-23 12:40:00,158.35,158.5,158.315,158.49,30956
2026-03-23 12:45:00,158.48,158.67,158.44,158.57,23181
2026-03-23 12:50:00,158.65,158.65,158.36,158.4,13178
2026-03-23 12:55:00,158.48,158.48,158.24,158.33,10085
2026-03-23 13:00:00,158.4,158.45,158.19,158.19,47769
2026-03-23 13:05:00,158.13,158.4555,158.12,158.4555,14961
2026-03-23 13:10:00,158.43,158.45,158.25,158.25,12996
2026-03-23 13:15:00,158.22,158.29,158.11,158.21,13296
2026-03-23 13:20:00,158.21,158.21,157.97,158.1,12383
2026-03-23 13:25:00,158.06,158.32,158.06,158.23,17174
2026-03-23 13:30:00,158.22,158.74,158.22,158.65,31691
2026-03-23 13:35:00,158.65,158.92,158.65,158.78,37674
2026-03-23 13:40:00,158.76,158.76,158.47,158.56,15147
2026-03-23 13:45:00,158.58,158.58,158.43,158.54,11189
2026-03-23 13:50:00,158.52,158.71,158.5,158.68,18940
2026-03-23 13:55:00,158.64,158.92,158.64,158.88,25337
2026-03-23 14:00:00,158.88,159.01,158.84,158.96,17620
2026-03-23 14:05:00,158.97,158.97,158.57,158.755,21435
2026-03-23 14:10:00,158.765,158.93,158.765,158.82,21305
2026-03-23 14:15:00,158.81,158.83,158.66,158.72,20683
2026-03-23 14:20:00,158.7,158.77,158.68,158.77,9922
2026-03-23 14:25:00,158.775,158.85,158.7,158.72,13140
2026-03-23 14:30:00,158.78,159.14,158.78,159.14,32956
2026-03-23 14:35:00,159.18,159.33,159.01,159.14,44337
2026-03-23 14:40:00,159.1355,159.19,159.01,159.11,32405
2026-03-23 14:45:00,159.11,159.24,159.07,159.24,23288
2026-03-23 14:50:00,159.23,159.24,159.1,159.155,20709
2026-03-23 14:55:00,159.16,159.24,159.12,159.19,10712
2026-03-23 15:00:00,159.2,159.2,159.05,159.09,10085
2026-03-23 15:05:00,159.095,159.19,159.09,159.18,16563
2026-03-23 15:10:00,159.1657,159.1657,159.01,159.0101,16311
2026-03-23 15:15:00,159.0,159.06,158.87,158.95,13176
2026-03-23 15:20:00,158.96,158.96,158.87,158.93,17447
2026-03-23 15:25:00,158.96,158.965,158.82,158.875,19680
2026-03-23 15:30:00,158.87,158.94,158.85,158.87,20337
2026-03-23 15:35:00,158.92,158.99,158.85,158.97,20574
2026-03-23 15:40:00,158.95,159.02,158.92,159.02,8233
2026-03-23 15:45:00,159.04,159.12,158.94,158.99,20555
2026-03-23 15:50:00,158.99,159.01,158.69,158.7,46601
2026-03-23 15:55:00,158.69,158.71,158.36,158.36,33319
2026-03-23 16:00:00,158.33,158.34,158.33,158.34,811
2026-03-24 09:15:00,157.33,157.33,157.28,157.285,2100
2026-03-24 09:20:00,157.27,157.275,157.2,157.2,1417
2026-03-24 09:25:00,157.3,157.3,157.3,157.3,100
2026-03-24 09:30:00,157.275,157.69,157.145,157.69,14090
2026-03-24 09:35:00,157.64,157.64,157.24,157.24,14950
2026-03-24 09:40:00,157.07,157.07,156.59,156.73,8655
2026-03-24 09:45:00,156.73,157.05,156.68,156.75,14011
2026-03-24 09:50:00,156.5548,156.78,156.49,156.76,17249
2026-03-24 09:55:00,156.7,156.87,156.7,156.87,1400
2026-03-24 10:00:00,157.03,157.12,156.8,156.9504,35786
2026-03-24 10:05:00,156.99,157.185,156.78,157.15,10125
2026-03-24 10:10:00,157.18,157.18,156.545,156.82,6902
2026-03-24 10:15:00,156.8,156.865,156.6525,156.83,45877
2026-03-24 10:20:00,156.87,156.93,156.66,156.77,4792
2026-03-24 10:25:00,156.63,156.995,156.62,156.7599,4900
2026-03-24 10:30:00,156.76,156.98,156.72,156.98,31163
2026-03-24 10:35:00,157.0,157.03,156.69,156.82,10210
2026-03-24 10:40:00,156.76,157.12,156.76,157.12,17040
2026-03-24 10:45:00,157.1,157.27,156.89,157.05,13108
2026-03-24 10:50:00,156.8702,157.79,156.85,157.47,40060
2026-03-24 10:55:00,157.42,157.6949,156.81,157.175,55681
2026-03-24 11:00:00,157.18,157.56,157.18,157.4559,22593
2026-03-24 11:05:00,157.41,157.52,157.38,157.41,17057
2026-03-24 11:10:00,157.35,157.57,157.32,157.45,8687
2026-03-24 11:15:00,157.5,157.74,157.5,157.64,11502
2026-03-24 11:20:00,157.63,157.82,157.53,157.7701,16987
2026-03-24 11:25:00,157.82,157.98,157.67,157.69,19010
2026-03-24 11:30:00,157.76,157.76,157.4851,157.579,3771
2026-03-24 11:35:00,157.655,157.79,157.64,157.79,3161
2026-03-24 11:40:00,157.81,157.81,157.69,157.725,3202
2026-03-24 11:45:00,157.72,157.8096,157.72,157.8096,1363
2026-03-24 11:50:00,157.88,157.93,157.8,157.81,1373
2026-03-24 11:55:00,157.67,157.7,157.4293,157.43,6304
2026-03-24 12:00:00,157.44,157.48,157.3,157.33,23538
2026-03-24 12:05:00,157.255,157.33,157.14,157.33,3662
2026-03-24 12:10:00,157.35,157.35,157.18,157.29,25121
2026-03-24 12:15:00,157.29,157.54,157.29,157.53,5678
2026-03-24 12:20:00,157.51,157.64,157.49,157.595,6482
2026-03-24 12:25:00,157.61,157.62,157.53,157.59,19762
2026-03-24 12:30:00,157.58,157.59,157.45,157.45,4813
2026-03-24 12:35:00,157.29,157.3,157.08,157.13,1985
2026-03-24 12:40:00,157.082,157.33,157.082,157.33,5747
2026-03-24 12:45:00,157.49,157.4932,157.37,157.37,3039
2026-03-24 12:50:00,157.4322,157.52,157.4322,157.46,7176
2026-03-24 12:55:00,157.36,157.36,157.24,157.35,10371
2026-03-24 13:00:00,157.41,157.42,157.02,157.02,5004
2026-03-24 13:05:00,156.81,156.98,156.725,156.77,8314
2026-03-24 13:10:00,156.72,156.86,156.69,156.78,4986
2026-03-24 13:15:00,156.8,156.8,156.68,156.755,5624
2026-03-24 13:20:00,156.7532,156.82,156.75,156.75,6104
2026-03-24 13:25:00,156.7799,156.87,156.72,156.84,5838
2026-03-24 13:30:00,156.96,157.02,156.77,156.7801,4207
2026-03-24 13:35:00,156.81,156.9,156.7407,156.86,3120
2026-03-24 13:40:00,156.93,156.98,156.69,156.7,5862
2026-03-24 13:45:00,156.69,156.83,156.69,156.7899,4991
2026-03-24 13:50:00,156.79,157.025,156.77,156.94,11375
2026-03-24 13:55:00,156.89,157.235,156.89,157.19,29042
2026-03-24 14:00:00,157.25,157.425,157.17,157.27,7124
2026-03-24 14:05:00,157.26,157.27,157.165,157.19,8998
2026-03-24 14:10:00,157.19,157.24,157.16,157.2,15347
2026-03-24 14:15:00,157.19,157.275,157.04,157.23,16957
2026-03-24 14:20:00,157.22,157.24,157.15,157.22,6227
2026-03-24 14:25:00,157.2497,157.43,157.2497,157.335,18378
2026-03-24 14:30:00,157.34,157.61,157.27,157.47,16841
2026-03-24 14:35:00,157.49,157.88,157.49,157.88,18966
2026-03-24 14:40:00,157.875,157.875,157.45,157.56,19593
2026-03-24 14:45:00,157.58,157.6,157.42,157.44,6063
2026-03-24 14:50:00,157.45,157.65,157.45,157.52,4448
2026-03-24 14:55:00,157.51,157.52,157.33,157.43,8442
2026-03-24 15:00:00,157.44,157.62,157.44,157.53,13850
2026-03-24 15:05:00,157.51,157.58,157.46,157.58,10514
2026-03-24 15:10:00,157.55,157.66,157.55,157.66,15736
2026-03-24 15:15:00,157.66,157.69,157.57,157.61,13033
2026-03-24 15:20:00,157.605,157.605,157.47,157.59,19475
2026-03-24 15:25:00,157.58,157.61,157.38,157.38,5747
2026-03-24 15:30:00,157.38,157.47,157.25,157.29,15675
2026-03-24 15:35:00,157.24,157.31,157.14,157.21,11992
2026-03-24 15:40:00,157.26,157.32,157.19,157.19,8069
2026-03-24 15:45:00,157.18,157.18,157.01,157.09,11753
2026-03-24 15:50:00,157.13,157.13,156.96,156.985,29258
2026-03-24 15:55:00,156.98,157.02,156.87,156.98,25477
2026-03-24 16:00:00,157.03,157.03,157.03,157.03,252
2026-03-24 16:25:00,158.23,158.23,158.23,158.23,100
2026-03-25 04:50:00,158.49,158.49,158.48,158.48,1060
2026-03-25 04:55:00,158.26,158.26,158.07,158.13,3310
2026-03-25 07:20:00,158.78,158.94,158.78,158.94,200
2026-03-25 08:00:00,157.61,157.95,157.51,157.51,3870
2026-03-25 08:35:00,158.53,158.53,158.53,158.53,100
2026-03-25 09:00:00,158.7,158.73,158.7,158.73,500
2026-03-25 09:25:00,158.65,158.73,158.58,158.58,4568
2026-03-25 09:30:00,158.6,158.76,158.59,158.72,38935
2026-03-25 09:35:00,158.905,159.22,158.88,159.22,658
2026-03-25 09:40:00,158.955,159.07,158.65,158.66,13415
2026-03-25 09:45:00,158.7,158.75,158.49,158.49,14122
2026-03-25 09:50:00,158.485,158.49,158.17,158.17,35277
2026-03-25 09:55:00,158.24,158.35,158.09,158.105,12294
2026-03-25 10:00:00,158.05,158.37,157.85,158.32,6778
2026-03-25 10:05:00,158.27,158.42,158.265,158.42,9693
2026-03-25 10:10:00,158.34,158.66,158.34,158.66,10424
2026-03-25 10:15:00,158.6401,158.685,158.55,158.58,9338
2026-03-25 10:20:00,158.63,158.88,158.63,158.63,60765
2026-03-25 10:25:00,158.62,158.95,158.62,158.76,13488
2026-03-25 10:30:00,158.65,158.83,158.65,158.83,8447
2026-03-25 10:35:00,158.77,158.77,158.67,158.69,2225
2026-03-25 10:40:00,158.7201,158.95,158.71,158.88,2021
2026-03-25 10:45:00,158.87,158.99,158.84,158.91,2874
2026-03-25 10:50:00,158.89,158.995,158.89,158.9,1926
2026-03-25 10:55:00,158.85,158.89,158.825,158.89,5761
2026-03-25 11:00:00,158.76,158.8299,158.695,158.77,2603
2026-03-25 11:05:00,158.76,158.76,158.42,158.42,3030
2026-03-25 11:10:00,158.37,158.41,158.29,158.29,600
2026-03-25 11:15:00,158.16,158.2,157.54,157.69,19078
2026-03-25 11:20:00,157.89,158.33,157.8879,158.33,14096
2026-03-25 11:25:00,158.21,158.38,158.195,158.38,6589
2026-03-25 11:30:00,158.48,158.485,158.43,158.43,1672
2026-03-25 11:35:00,158.41,158.41,158.05,158.05,1165
2026-03-25 11:40:00,158.13,158.13,157.92,158.04,2797
2026-03-25 11:45:00,158.06,158.08,157.93,158.0,3763
2026-03-25 11:50:00,158.09,158.13,157.99,158.04,15799
2026-03-25 11:55:00,158.13,158.2,157.99,158.1501,2184
2026-03-25 12:00:00,158.11,158.13,157.99,157.99,9480
2026-03-25 12:05:00,157.9199,157.975,157.78,157.96,8646
2026-03-25 12:10:00,157.9398,158.0,157.88,157.97,4064
2026-03-25 12:15:00,157.97,157.98,157.91,157.9244,1989
2026-03-25 12:20:00,157.975,158.17,157.91,158.17,3686
2026-03-25 12:25:00,158.23,158.38,158.19,158.24,11839
2026-03-25 12:30:00,158.17,158.45,158.14,158.36,9669
2026-03-25 12:35:00,158.365,158.4,158.35,158.37,971
2026-03-25 12:40:00,158.36,158.4,158.28,158.38,2065
2026-03-25 12:45:00,158.37,158.37,158.28,158.31,3851
2026-03-25 12:50:00,158.2699,158.43,158.18,158.42,6963
2026-03-25 12:55:00,158.43,158.43,158.3,158.3001,2920
2026-03-25 13:00:00,158.33,158.45,158.16,158.23,20216
2026-03-25 13:05:00,158.1802,158.2,158.06,158.14,6915
2026-03-25 13:10:00,158.07,158.23,158.02,158.23,5735
2026-03-25 13:15:00,158.16,158.195,158.05,158.13,4202
2026-03-25 13:20:00,158.13,158.24,158.12,158.24,3371
2026-03-25 13:25:00,158.27,158.4,158.27,158.395,1546
2026-03-25 13:30:00,158.31,158.35,158.26,158.34,1950
2026-03-25 13:35:00,158.42,158.49,158.365,158.49,2561
2026-03-25 13:40:00,158.49,158.68,158.44,158.54,16560
2026-03-25 13:45:00,158.5,158.5183,158.33,158.33,9109
2026-03-25 13:50:00,158.32,158.51,158.18,158.2,11197
2026-03-25 13:55:00,158.2,158.5,158.2,158.33,17293
2026-03-25 14:00:00,158.31,158.34,158.26,158.28,8832
2026-03-25 14:05:00,158.345,158.35,158.19,158.24,1679
2026-03-25 14:10:00,158.245,158.32,158.245,158.3,12073
2026-03-25 14:15:00,158.3,158.41,158.265,158.265,15305
2026-03-25 14:20:00,158.3,158.38,158.3,158.34,21897
2026-03-25 14:25:00,158.35,158.36,158.19,158.19,6988
2026-03-25 14:30:00,158.24,158.27,158.18,158.25,5007
2026-03-25 14:35:00,158.235,158.24,158.19,158.2101,7089
2026-03-25 14:40:00,158.18,158.18,158.12,158.17,2875
2026-03-25 14:45:00,158.13,158.16,158.11,158.11,3910
2026-03-25 14:50:00,158.12,158.12,158.08,158.0812,4839
2026-03-25 14:55:00,158.085,158.09,157.68,157.85,37519
2026-03-25 15:00:00,157.84,157.84,157.6,157.7,22370
2026-03-25 15:05:00,157.73,157.77,157.68,157.72,4323
2026-03-25 15:10:00,157.73,157.88,157.715,157.88,6198
2026-03-25 15:15:00,157.95,158.0,157.9,157.9916,9549
2026-03-25 15:20:00,157.98,158.1,157.965,158.01,8693
2026-03-25 15:25:00,158.015,158.035,157.87,157.89,9082
2026-03-25 15:30:00,157.8851,157.8851,157.78,157.8,3853
2026-03-25 15:35:00,157.82,157.82,157.7001,157.76,5012
2026-03-25 15:40:00,157.78,157.89,157.76,157.78,6682
2026-03-25 15:45:00,157.77,157.83,157.76,157.8,4689
2026-03-25 15:50:00,157.81,158.01,157.81,157.97,26167
2026-03-25 15:55:00,157.97,158.09,157.9,158.01,14552
2026-03-25 16:00:00,157.99,157.99,157.99,157.99,437
2026-03-26 05:10:00,157.12,157.18,157.08,157.08,1380
2026-03-26 05:15:00,157.06,157.06,157.06,157.06,702
2026-03-26 05:45:00,156.84,156.85,156.81,156.81,1780
2026-03-26 05:50:00,156.85,156.85,156.85,156.85,990
2026-03-26 08:00:00,157.91,157.91,157.17,157.29,930
2026-03-26 09:25:00,156.42,156.43,156.38,156.43,2400
2026-03-26 09:30:00,156.44,156.48,155.95,156.12,31527
2026-03-26 09:35:00,156.11,156.135,155.805,155.83,7425
2026-03-26 09:40:00,155.89,156.22,155.865,156.22,6600
2026-03-26 09:45:00,156.39,156.58,156.28,156.305,11590
2026-03-26 09:50:00,156.37,156.66,156.34,156.6085,4596
2026-03-26 09:55:00,156.57,156.585,156.09,156.585,37492
2026-03-26 10:00:00,156.59,156.6269,156.56,156.57,2423
2026-03-26 10:05:00,156.47,156.735,156.36,156.395,21869
2026-03-26 10:10:00,156.385,156.46,156.27,156.46,7504
2026-03-26 10:15:00,156.45,156.59,156.29,156.3,7051
2026-03-26 10:20:00,156.33,156.52,156.2981,156.43,5716
2026-03-26 10:25:00,156.41,156.41,156.195,156.195,2307
2026-03-26 10:30:00,156.2099,156.37,156.2099,156.24,7049
2026-03-26 10:35:00,156.26,156.27,156.12,156.2,85051
2026-03-26 10:40:00,156.21,156.51,155.76,155.84,40438
2026-03-26 10:45:00,155.79,155.9,155.59,155.61,11320
2026-03-26 10:50:00,155.73,155.73,155.445,155.445,49101
2026-03-26 10:55:00,155.36,155.62,155.22,155.565,15482
2026-03-26 11:00:00,155.72,155.73,155.705,155.73,2347
2026-03-26 11:05:00,155.68,155.8,155.62,155.66,17956
2026-03-26 11:10:00,155.71,155.75,155.67,155.74,1018
2026-03-26 11:15:00,155.65,155.65,155.53,155.5301,1948
2026-03-26 11:20:00,155.57,155.64,155.57,155.61,3407
2026-03-26 11:25:00,155.57,155.65,155.55,155.57,9943
2026-03-26 11:30:00,155.52,155.52,155.345,155.36,4788
2026-03-26 11:35:00,155.46,155.52,155.38,155.52,1785
2026-03-26 11:40:00,155.53,155.53,155.46,155.46,12136
2026-03-26 11:45:00,155.5,155.77,155.47,155.68,28733
2026-03-26 11:50:00,155.68,155.74,155.62,155.68,3981
2026-03-26 11:55:00,155.64,155.64,155.59,155.59,2117
2026-03-26 12:05:00,155.51,155.58,155.46,155.58,6237
2026-03-26 12:10:00,155.5399,155.54,155.36,155.52,7208
2026-03-26 12:15:00,155.48,155.48,155.1,155.34,13210
2026-03-26 12:20:00,155.19,155.19,155.08,155.15,1203
2026-03-26 12:25:00,155.1619,155.1619,154.92,154.945,13067
2026-03-26 12:30:00,154.95,154.95,154.77,154.91,5224
2026-03-26 12:35:00,154.93,155.0,154.83,154.83,5334
2026-03-26 12:40:00,154.82,154.89,154.81,154.88,2446
2026-03-26 12:45:00,154.8524,154.8524,154.64,154.66,2825
2026-03-26 12:50:00,154.75,154.84,154.74,154.82,6266
2026-03-26 12:55:00,154.84,154.85,154.79,154.8401,4190
2026-03-26 13:00:00,154.84,154.97,154.84,154.865,4305
2026-03-26 13:05:00,154.85,154.86,154.8005,154.8005,3913
2026-03-26 13:10:00,154.7555,154.8,154.72,154.72,2342
2026-03-26 13:15:00,154.7498,154.8416,154.7498,154.78,2383
2026-03-26 13:20:00,154.73,154.73,154.55,154.55,10361
2026-03-26 13:25:00,154.56,154.62,154.52,154.62,1396
2026-03-26 13:30:00,154.65,154.75,154.57,154.75,650
2026-03-26 13:35:00,154.67,154.725,154.63,154.635,182212
2026-03-26 13:40:00,154.58,154.58,154.4,154.4,2211
2026-03-26 13:45:00,154.41,154.41,154.25,154.25,6257
2026-03-26 13:50:00,154.19,154.21,154.051,154.051,3303
2026-03-26 13:55:00,154.075,154.08,153.88,153.93,5568
2026-03-26 14:00:00,153.93,154.21,153.93,154.075,16420
2026-03-26 14:05:00,154.08,154.14,153.9,154.12,46299
2026-03-26 14:10:00,154.13,154.14,154.0,154.03,12054
2026-03-26 14:15:00,153.995,154.005,153.94,154.005,2143
2026-03-26 14:20:00,153.92,154.06,153.91,154.0592,4515
2026-03-26 14:25:00,154.09,154.09,153.855,153.87,10586
2026-03-26 14:30:00,153.87,154.04,153.87,154.02,10834
2026-03-26 14:35:00,153.97,154.08,153.97,154.06,1264
2026-03-26 14:40:00,154.11,154.11,153.95,154.02,40197
2026-03-26 14:45:00,154.01,154.189,153.96,154.1726,3272
2026-03-26 14:50:00,154.2,154.27,154.1999,154.2,1844
2026-03-26 14:55:00,154.18,154.2,154.1,154.145,6207
2026-03-26 15:00:00,154.2,154.2,153.99,153.992,2741
2026-03-26 15:05:00,153.98,153.99,153.78,153.86,4775
2026-03-26 15:10:00,153.8781,153.9,153.775,153.9,12493
2026-03-26 15:15:00,153.915,154.04,153.915,154.01,11227
2026-03-26 15:20:00,153.99,153.995,153.91,153.93,9222
2026-03-26 15:25:00,153.915,153.94,153.83,153.93,7965
2026-03-26 15:30:00,153.95,153.95,153.71,153.77,15320
2026-03-26 15:35:00,153.79,153.89,153.78,153.82,5304
2026-03-26 15:40:00,153.79,153.85,153.68,153.68,7329
2026-03-26 15:45:00,153.68,153.71,153.62,153.71,9280
2026-03-26 15:50:00,153.74,153.76,153.55,153.55,42831
2026-03-26 15:55:00,153.54,153.67,153.48,153.54,12936
2026-03-26 16:00:00,153.53,153.53,153.53,153.53,429
2026-03-27 09:25:00,152.54,152.54,152.54,152.54,100
2026-03-27 09:30:00,152.51,152.63,152.09,152.09,32908
2026-03-27 09:35:00,152.14,152.25,151.91,152.25,8968
2026-03-27 09:40:00,152.29,152.43,152.075,152.32,9721
2026-03-27 09:45:00,152.36,152.63,152.36,152.49,10080
2026-03-27 09:50:00,152.465,152.465,151.8,151.8,31934
2026-03-27 09:55:00,151.66,151.71,151.37,151.505,20248
2026-03-27 10:00:00,151.42,151.645,151.38,151.63,26798
2026-03-27 10:05:00,151.66,151.7,151.47,151.48,12350
2026-03-27 10:10:00,151.5,151.81,151.49,151.785,8307
2026-03-27 10:15:00,151.78,152.01,151.78,151.97,21215
2026-03-27 10:20:00,151.985,152.0396,151.6,151.7099,14344
2026-03-27 10:25:00,151.74,151.75,151.51,151.555,225557
2026-03-27 10:30:00,151.535,151.69,151.535,151.685,13459
2026-03-27 10:35:00,151.7,151.71,151.44,151.48,8115
2026-03-27 10:40:00,151.51,151.59,151.46,151.5151,5797
2026-03-27 10:45:00,151.64,151.91,151.4,151.91,928064
2026-03-27 10:50:00,151.88,152.0,151.66,151.665,94369
2026-03-27 10:55:00,151.78,151.84,151.72,151.835,4024
2026-03-27 11:00:00,151.88,152.03,151.795,152.03,6326
2026-03-27 11:05:00,151.95,152.12,151.82,151.8803,11806
2026-03-27 11:10:00,151.8814,151.9,151.76,151.76,4642
2026-03-27 11:15:00,151.7,151.7,151.56,151.59,8466
2026-03-27 11:20:00,151.57,152.18,151.5,151.88,24775
2026-03-27 11:25:00,151.87,152.13,151.87,152.045,4458
2026-03-27 11:30:00,152.05,152.42,152.05,152.39,7978
2026-03-27 11:35:00,152.36,152.42,152.18,152.19,4951
2026-03-27 11:40:00,152.01,152.03,151.9,152.0,6632
2026-03-27 11:45:00,152.0398,152.11,152.01,152.11,2770
2026-03-27 11:50:00,152.16,152.205,152.03,152.055,2191
2026-03-27 11:55:00,152.07,152.1,151.97,151.97,4758
2026-03-27 12:00:00,152.0,152.01,151.83,151.92,38220
2026-03-27 12:05:00,151.89,151.89,151.65,151.715,11123
2026-03-27 12:10:00,151.61,151.7,151.61,151.685,4888
2026-03-27 12:15:00,151.74,151.74,151.58,151.6,3662
2026-03-27 12:20:00,151.67,151.6737,151.56,151.56,3809
2026-03-27 12:25:00,151.54,151.54,151.47,151.49,10887
2026-03-27 12:30:00,151.55,151.55,151.44,151.465,6665
2026-03-27 12:35:00,151.44,151.47,151.29,151.29,24108
2026-03-27 12:40:00,151.28,151.51,151.2251,151.45,17476
2026-03-27 12:45:00,151.47,151.7,151.42,151.7,22039
2026-03-27 12:50:00,151.6601,151.6601,151.505,151.56,3677
2026-03-27 12:55:00,151.48,151.5026,151.475,151.48,17264
2026-03-27 13:00:00,151.5,151.52,151.32,151.39,12865
2026-03-27 13:05:00,151.38,151.77,151.285,151.56,23306
2026-03-27 13:10:00,151.4901,151.5192,151.335,151.42,7250
2026-03-27 13:15:00,151.41,151.41,151.18,151.2,6722
2026-03-27 13:20:00,151.15,151.15,151.05,151.09,12313
2026-03-27 13:25:00,151.09,151.09,150.79,150.81,8472
2026-03-27 13:30:00,150.83,150.92,150.83,150.92,6156
2026-03-27 13:35:00,150.9,150.96,150.87,150.87,4028
2026-03-27 13:40:00,150.875,150.875,150.71,150.71,2742
2026-03-27 13:45:00,150.81,150.81,150.725,150.73,10492
2026-03-27 13:50:00,150.715,150.77,150.68,150.69,6649
2026-03-27 13:55:00,150.72,150.72,150.58,150.69,3381
2026-03-27 14:00:00,150.69,150.7,150.64,150.6666,18261
2026-03-27 14:05:00,150.68,150.71,150.55,150.56,6120
2026-03-27 14:10:00,150.56,150.65,150.495,150.62,4940
2026-03-27 14:15:00,150.63,150.83,150.62,150.79,14970
2026-03-27 14:20:00,150.805,150.85,150.68,150.68,7390
2026-03-27 14:25:00,150.69,150.82,150.69,150.77,7469
2026-03-27 14:30:00,150.78,150.82,150.74,150.7731,39882
2026-03-27 14:35:00,150.695,150.7601,150.69,150.7,3963
2026-03-27 14:40:00,150.73,150.95,150.66,150.7794,11146
2026-03-27 14:45:00,150.78,150.79,150.65,150.66,11272
2026-03-27 14:50:00,150.68,150.7135,150.52,150.6,6329
2026-03-27 14:55:00,150.54,150.6,150.54,150.57,3772
2026-03-27 15:00:00,150.6,150.6,150.44,150.44,4814
2026-03-27 15:05:00,150.47,150.49,150.39,150.44,9208
2026-03-27 15:10:00,150.438,150.55,150.38,150.5255,25383
2026-03-27 15:15:00,150.53,150.69,150.52,150.65,17691
2026-03-27 15:20:00,150.63,150.65,150.56,150.64,10809
2026-03-27 15:25:00,150.62,150.62,150.5,150.5,11707
2026-03-27 15:30:00,150.54,150.6,150.47,150.59,12978
2026-03-27 15:35:00,150.6,150.61,150.49,150.5,14045
2026-03-27 15:40:00,150.46,150.48,150.3,150.3501,18353
2026-03-27 15:45:00,150.36,150.37,150.14,150.3,24882
2026-03-27 15:50:00,150.29,150.37,150.08,150.32,22242
2026-03-27 15:55:00,150.37,150.56,150.34,150.34,34941
2026-03-27 16:00:00,150.35,150.35,150.35,150.35,253
2026-03-27 19:30:00,149.4725,149.4725,149.4725,149.4725,600
2026-03-30 04:05:00,150.76,150.76,150.76,150.76,108
2026-03-30 04:10:00,150.46,150.87,150.37,150.79,4343
2026-03-30 04:20:00,150.41,150.41,150.41,150.41,850
2026-03-30 04:25:00,150.81,150.81,150.81,150.81,781
2026-03-30 04:30:00,150.46,150.82,150.46,150.82,2558
2026-03-30 04:35:00,150.46,150.85,150.41,150.85,6799
2026-03-30 05:00:00,150.42,150.89,150.42,150.89,1961
2026-03-30 05:05:00,150.42,150.91,150.42,150.91,1960
2026-03-30 05:10:00,150.44,150.91,150.44,150.91,1960
2026-03-30 05:20:00,150.42,150.42,150.42,150.42,980
2026-03-30 05:25:00,150.83,150.85,150.38,150.83,8735
2026-03-30 05:30:00,150.43,150.79,150.38,150.55,6668
2026-03-30 05:35:00,150.75,150.85,150.7,150.7,4395
2026-03-30 05:40:00,150.71,150.71,150.71,150.71,100
2026-03-30 05:55:00,150.45,150.77,150.45,150.45,2550
2026-03-30 06:00:00,150.73,150.73,150.73,150.73,850
2026-03-30 06:10:00,150.39,150.75,150.39,150.75,1694
2026-03-30 06:25:00,151.13,151.3,151.04,151.15,3696
2026-03-30 06:30:00,151.1,151.11,151.1,151.1,300
2026-03-30 06:35:00,151.0,151.0,151.0,151.0,301
2026-03-30 06:45:00,151.04,151.04,151.04,151.04,100
2026-03-30 07:00:00,151.3,151.3,151.3,151.3,500
2026-03-30 07:05:00,151.1,151.17,151.1,151.17,300
2026-03-30 07:15:00,151.31,151.31,151.31,151.31,100
2026-03-30 07:25:00,151.41,151.41,151.41,151.41,100
2026-03-30 07:30:00,151.55,151.59,151.4,151.43,3523
2026-03-30 09:30:00,151.63,151.9,151.425,151.425,38118
2026-03-30 09:35:00,151.365,151.365,150.9524,150.9524,29174
2026-03-30 09:40:00,150.85,150.8599,150.63,150.73,15265
2026-03-30 09:45:00,150.83,150.86,150.445,150.52,27740
2026-03-30 09:50:00,150.475,150.6,150.41,150.46,20716
2026-03-30 09:55:00,150.33,150.33,149.91,150.01,19783
2026-03-30 10:00:00,150.105,150.3,150.06,150.25,27281
2026-03-30 10:05:00,150.24,150.35,150.0,150.35,73817
2026-03-30 10:10:00,150.38,150.67,150.23,150.57,31491
2026-03-30 10:15:00,150.58,150.64,150.25,150.37,34110
2026-03-30 10:20:00,150.37,150.5,150.36,150.4582,7592
2026-03-30 10:25:00,150.47,150.4796,150.23,150.265,11834
2026-03-30 10:30:00,150.31,150.42,150.265,150.265,7054
2026-03-30 10:35:00,150.29,150.295,150.03,150.2,9025
2026-03-30 10:40:00,150.29,150.29,149.82,149.8739,170479
2026-03-30 10:45:00,149.89,150.42,149.89,150.17,36525
2026-03-30 10:50:00,150.19,150.31,150.08,150.28,22134
2026-03-30 10:55:00,150.3,150.66,150.2,150.66,17370
2026-03-30 11:00:00,150.69,150.83,150.69,150.8,21391
2026-03-30 11:05:00,150.89,150.97,150.39,150.44,13049
2026-03-30 11:10:00,150.45,150.53,150.23,150.25,14526
2026-03-30 11:15:00,150.25,150.26,149.99,150.18,9450
2026-03-30 11:20:00,150.19,150.365,150.15,150.35,4061
2026-03-30 11:25:00,150.41,150.46,150.3,150.3,8946
2026-03-30 11:30:00,150.32,150.64,150.23,150.64,59918
2026-03-30 11:35:00,150.67,150.8,150.6,150.62,11474
2026-03-30 11:40:00,150.59,150.78,150.56,150.78,5950
2026-03-30 11:45:00,150.712,150.77,150.712,150.76,2386
2026-03-30 11:50:00,150.81,150.95,150.81,150.815,11515
2026-03-30 11:55:00,150.78,150.78,150.58,150.5999,170692
2026-03-30 12:00:00,150.61,150.61,150.3,150.3,2419
2026-03-30 12:05:00,150.3,150.37,150.22,150.31,26136
2026-03-30 12:10:00,150.31,150.38,150.28,150.35,2078
2026-03-30 12:15:00,150.31,150.31,150.18,150.18,3581
2026-03-30 12:20:00,150.25,150.25,150.07,150.09,10947
2026-03-30 12:25:00,150.0,150.03,149.94,149.94,5367
2026-03-30 12:30:00,149.94,150.01,149.88,150.01,8606
2026-03-30 12:35:00,149.98,150.0,149.97,149.99,618
2026-03-30 12:40:00,150.08,150.08,150.0,150.0,730
2026-03-30 12:45:00,150.005,150.0755,150.005,150.04,1003
2026-03-30 12:50:00,150.0187,150.1098,149.98,149.99,4822
2026-03-30 12:55:00,149.9699,149.9699,149.9,149.96,6989
2026-03-30 13:00:00,150.05,150.05,149.84,149.84,21558
2026-03-30 13:05:00,150.015,150.015,149.9501,149.9501,2527
2026-03-30 13:10:00,149.9601,149.9601,149.72,149.74,6755
2026-03-30 13:15:00,149.75,149.75,149.55,149.64,1813
2026-03-30 13:20:00,149.7188,149.7188,149.51,149.54,3197
2026-03-30 13:25:00,149.48,149.5,149.48,149.48,616
2026-03-30 13:30:00,149.43,149.43,149.3,149.31,6262
2026-03-30 13:35:00,149.39,149.52,149.39,149.52,3287
2026-03-30 13:40:00,149.53,149.6414,149.53,149.6414,1945
2026-03-30 13:45:00,149.71,149.7825,149.53,149.56,35347
2026-03-30 13:50:00,149.485,149.59,149.485,149.52,4217
2026-03-30 13:55:00,149.51,149.52,149.42,149.5101,5489
2026-03-30 14:00:00,149.5,149.51,149.4,149.4299,10543
2026-03-30 14:05:00,149.44,149.4799,149.31,149.35,2070
2026-03-30 14:10:00,149.35,149.43,149.33,149.43,7047
2026-03-30 14:15:00,149.4,149.4,149.315,149.39,1578
2026-03-30 14:20:00,149.4134,149.47,149.33,149.34,11624
2026-03-30 14:25:00,149.31,149.31,149.13,149.13,5290
2026-03-30 14:30:00,149.16,149.23,149.16,149.2035,16389
2026-03-30 14:35:00,149.29,149.35,149.22,149.22,4017
2026-03-30 14:40:00,149.255,149.26,149.2,149.21,1917
2026-03-30 14:45:00,149.2188,149.25,149.11,149.13,3619
2026-03-30 14:50:00,149.08,149.08,148.91,148.91,933
2026-03-30 14:55:00,149.006,149.006,148.9001,148.93,2146
2026-03-30 15:00:00,148.97,148.995,148.91,148.93,8740
2026-03-30 15:05:00,148.86,148.86,148.66,148.66,10760
2026-03-30 15:10:00,148.655,148.655,148.46,148.49,15210
2026-03-30 15:15:00,148.52,148.61,148.52,148.545,10019
2026-03-30 15:20:00,148.57,148.59,148.48,148.54,17034
2026-03-30 15:25:00,148.51,148.53,148.39,148.46,6659
2026-03-30 15:30:00,148.475,148.61,148.43,148.435,11338
2026-03-30 15:35:00,148.45,148.77,148.45,148.635,18275
2026-03-30 15:40:00,148.64,148.82,148.64,148.77,13583
2026-03-30 15:45:00,148.75,148.96,148.74,148.87,17896
2026-03-30 15:50:00,148.88,149.125,148.78,149.125,37514
2026-03-30 15:55:00,149.12,149.3,149.04,149.155,28274
2026-03-30 16:00:00,149.1,149.1,149.1,149.1,322
2026-03-30 19:00:00,149.07,149.07,149.07,149.07,193
2026-03-31 04:55:00,149.37,149.99,149.37,149.99,960
2026-03-31 05:00:00,149.34,150.08,149.34,150.08,6932
2026-03-31 05:15:00,149.68,150.12,149.68,150.08,960
2026-03-31 05:35:00,149.76,150.12,149.72,150.12,4360
2026-03-31 07:10:00,150.81,150.81,150.06,150.06,580
2026-03-31 07:15:00,150.52,150.71,150.52,150.71,2574
2026-03-31 09:10:00,151.03,151.13,151.01,151.09,6195
2026-03-31 09:15:00,151.03,151.03,151.03,151.03,500
2026-03-31 09:25:00,151.11,151.16,151.11,151.11,500
2026-03-31 09:30:00,150.91,151.44,150.91,151.24,19028
2026-03-31 09:35:00,151.62,151.62,151.3,151.56,20806
2026-03-31 09:40:00,151.55,151.68,151.31,151.33,27638
2026-03-31 09:45:00,151.435,152.07,151.43,152.07,25264
2026-03-31 09:50:00,152.08,152.37,152.005,152.37,10201
2026-03-31 09:55:00,152.405,152.565,152.14,152.56,80337
2026-03-31 10:00:00,152.56,152.56,152.43,152.47,3298
2026-03-31 10:05:00,152.45,152.45,152.14,152.14,6663
2026-03-31 10:10:00,152.23,152.32,152.19,152.32,6729
2026-03-31 10:15:00,152.33,152.645,152.265,152.5,10469
2026-03-31 10:20:00,152.47,152.61,152.21,152.54,98677
2026-03-31 10:25:00,152.53,152.63,152.42,152.57,15467
2026-03-31 10:30:00,152.56,152.685,152.43,152.56,18792
2026-03-31 10:35:00,152.55,152.5899,152.24,152.29,14017
2026-03-31 10:40:00,152.26,152.39,152.01,152.1,31417
2026-03-31 10:45:00,152.08,152.17,151.83,151.83,21330
2026-03-31 10:50:00,151.83,151.85,151.59,151.64,13355
2026-03-31 10:55:00,151.56,151.63,151.41,151.61,23138
2026-03-31 11:00:00,151.6,151.96,151.6,151.87,24491
2026-03-31 11:05:00,151.88,152.24,151.87,151.97,20069
2026-03-31 11:10:00,152.0,152.44,151.95,152.4,14617
2026-03-31 11:15:00,152.42,152.44,152.32,152.33,35386
2026-03-31 11:20:00,152.32,152.37,152.14,152.37,8720
2026-03-31 11:25:00,152.38,152.38,152.07,152.12,5099
2026-03-31 11:30:00,152.08,152.08,151.88,152.05,4463
2026-03-31 11:35:00,152.25,152.25,152.08,152.0999,4401
2026-03-31 11:40:00,152.1,152.12,151.98,151.98,8498
2026-03-31 11:45:00,151.99,151.99,151.84,151.97,12072
2026-03-31 11:50:00,151.9,152.17,151.87,152.04,59688
2026-03-31 11:55:00,152.08,152.1,151.78,151.78,126601
2026-03-31 12:00:00,151.75,152.17,151.75,152.01,23689
2026-03-31 12:05:00,152.03,152.34,152.03,152.275,9935
2026-03-31 12:10:00,152.27,152.27,152.05,152.23,4126
2026-03-31 12:15:00,152.27,152.45,152.27,152.39,15544
2026-03-31 12:20:00,152.38,152.6,152.36,152.6,6372
2026-03-31 12:25:00,152.6,152.6,152.46,152.52,18898
2026-03-31 12:30:00,152.49,152.49,152.41,152.48,3340
2026-03-31 12:35:00,152.44,153.08,152.405,153.08,12147
2026-03-31 12:40:00,153.35,154.56,153.35,154.08,17953
2026-03-31 12:45:00,153.98,154.38,153.51,153.82,34556
2026-03-31 12:50:00,153.88,154.23,153.58,154.03,10361
2026-03-31 12:55:00,153.92,153.97,153.69,153.96,11088
2026-03-31 13:00:00,154.12,154.56,154.03,154.45,4380
2026-03-31 13:05:00,154.41,154.41,154.035,154.08,13925
2026-03-31 13:10:00,154.13,154.425,154.11,154.39,10236
2026-03-31 13:15:00,154.4598,154.81,154.4401,154.81,17037
2026-03-31 13:20:00,154.73,154.79,154.62,154.69,10919
2026-03-31 13:25:00,154.7,154.74,154.2901,154.2901,17466
2026-03-31 13:30:00,154.36,154.74,154.345,154.72,7250
2026-03-31 13:35:00,154.72,154.7699,154.09,154.3,22570
2026-03-31 13:40:00,154.27,154.4,154.04,154.2,12574
2026-03-31 13:45:00,154.17,154.36,154.15,154.3,8063
2026-03-31 13:50:00,154.285,154.36,154.2,154.2648,7422
2026-03-31 13:55:00,154.24,154.25,153.99,154.055,42026
2026-03-31 14:00:00,154.15,154.38,154.09,154.24,7778
2026-03-31 14:05:00,154.2501,154.49,154.25,154.44,9177
2026-03-31 14:10:00,154.44,154.44,154.27,154.42,4373
2026-03-31 14:15:00,154.4,154.57,154.4,154.47,20141
2026-03-31 14:20:00,154.48,154.51,154.37,154.38,5821
2026-03-31 14:25:00,154.37,154.62,154.31,154.52,22749
2026-03-31 14:30:00,154.5088,154.53,154.4,154.46,30308
2026-03-31 14:35:00,154.46,154.73,154.46,154.69,4716
2026-03-31 14:40:00,154.67,154.67,154.52,154.58,11722
2026-03-31 14:45:00,154.61,154.77,154.61,154.7,12197
2026-03-31 14:50:00,154.7,154.82,154.7,154.785,6837
2026-03-31 14:55:00,154.83,154.85,154.76,154.78,9040
2026-03-31 15:00:00,154.77,154.91,154.77,154.82,6741
2026-03-31 15:05:00,154.83,154.83,154.62,154.68,11816
2026-03-31 15:10:00,154.66,154.925,154.66,154.89,16064
2026-03-31 15:15:00,154.88,155.025,154.85,154.91,18572
2026-03-31 15:20:00,154.89,155.07,154.89,155.02,15371
2026-03-31 15:25:00,155.01,155.01,154.87,154.92,12850
2026-03-31 15:30:00,154.91,155.0686,154.91,154.985,18401
2026-03-31 15:35:00,154.99,155.16,154.99,155.14,13278
2026-03-31 15:40:00,155.11,155.16,154.95,155.04,26626
2026-03-31 15:45:00,155.04,155.29,155.01,155.24,21244
2026-03-31 15:50:00,155.25,155.43,154.96,155.0828,47619
2026-03-31 15:55:00,155.05,155.18,154.88,155.1,22633
2026-03-31 16:00:00,155.11,155.11,155.11,155.11,381
2026-03-31 16:05:00,155.09,155.09,155.09,155.09,200
2026-03-31 18:20:00,155.28,155.28,155.28,155.28,200
2026-04-01 04:05:00,155.17,155.86,155.17,155.86,1940
2026-04-01 04:10:00,155.18,155.68,155.18,155.68,1700
2026-04-01 04:35:00,156.66,156.66,156.66,156.66,100
2026-04-01 05:00:00,155.9,155.9,155.9,155.9,147
2026-04-01 05:45:00,155.79,155.83,155.21,155.83,2780
2026-04-01 05:50:00,155.27,155.85,155.27,155.85,1960
2026-04-01 06:05:00,155.37,155.91,155.37,155.83,2260
2026-04-01 06:10:00,155.41,155.77,155.41,155.77,1700
2026-04-01 09:30:00,156.35,156.88,156.181,156.88,21289
2026-04-01 09:35:00,156.94,157.26,156.93,157.26,3198
2026-04-01 09:40:00,157.15,157.17,156.39,156.45,34267
2026-04-01 09:45:00,156.665,156.6982,156.25,156.37,83468
2026-04-01 09:50:00,156.38,156.83,156.36,156.55,41198
2026-04-01 09:55:00,156.51,156.685,156.46,156.68,19881
2026-04-01 10:00:00,156.74,156.96,156.74,156.86,34036
2026-04-01 10:05:00,156.94,156.99,156.71,156.92,6547
2026-04-01 10:10:00,156.855,157.01,156.76,157.01,20353
2026-04-01 10:15:00,157.06,157.105,156.985,157.08,4611
2026-04-01 10:20:00,157.115,157.265,156.96,157.07,19627
2026-04-01 10:25:00,157.05,157.18,157.04,157.18,8779
2026-04-01 10:30:00,157.19,157.3,156.95,156.95,13341
2026-04-01 10:35:00,156.88,157.3525,156.72,157.14,16889
2026-04-01 10:40:00,157.13,157.27,156.97,157.12,77548
2026-04-01 10:45:00,157.15,157.34,156.95,157.32,12549
2026-04-01 10:50:00,157.3,157.538,157.21,157.45,15784
2026-04-01 10:55:00,157.45,157.59,157.37,157.52,9817
2026-04-01 11:00:00,157.52,157.625,157.47,157.54,11351
2026-04-01 11:05:00,157.53,157.7,157.52,157.69,26925
2026-04-01 11:10:00,157.68,157.7,157.57,157.61,11384
2026-04-01 11:15:00,157.605,157.63,157.53,157.625,19487
2026-04-01 11:20:00,157.63,157.68,157.56,157.58,13171
2026-04-01 11:25:00,157.61,157.68,157.5,157.56,12349
2026-04-01 11:30:00,157.49,157.615,157.44,157.57,21585
2026-04-01 11:35:00,157.61,157.77,157.61,157.72,7431
2026-04-01 11:40:00,157.76,157.83,157.69,157.81,10743
2026-04-01 11:45:00,157.83,157.9,157.81,157.865,15859
2026-04-01 11:50:00,157.865,157.995,157.85,157.965,8706
2026-04-01 11:55:00,157.98,158.16,157.98,158.1,6222
2026-04-01 12:00:00,158.09,158.115,158.03,158.1,5494
2026-04-01 12:05:00,158.11,158.15,158.04,158.15,4869
2026-04-01 12:10:00,158.15,158.15,157.98,158.01,16809
2026-04-01 12:15:00,157.98,158.1,157.95,158.08,7129
2026-04-01 12:20:00,158.08,158.08,158.01,158.01,3506
2026-04-01 12:25:00,157.99,158.04,157.94,157.95,3638
2026-04-01 12:30:00,157.93,157.95,157.835,157.9201,9648
2026-04-01 12:35:00,157.95,158.025,157.95,157.98,5053
2026-04-01 12:40:00,158.01,158.085,158.0,158.07,3649
2026-04-01 12:45:00,158.07,158.07,158.01,158.05,2746
2026-04-01 12:50:00,158.075,158.095,158.055,158.09,11215
2026-04-01 12:55:00,158.055,158.12,158.055,158.11,1501
2026-04-01 13:00:00,158.09,158.28,158.07,158.28,4782
2026-04-01 13:05:00,158.24,158.29,158.24,158.25,3351
2026-04-01 13:10:00,158.31,158.31,158.28,158.2945,2111
2026-04-01 13:15:00,158.3044,158.305,158.2545,158.2545,4214
2026-04-01 13:20:00,158.28,158.31,158.25,158.3,2592
2026-04-01 13:25:00,158.29,158.31,158.265,158.265,2735
2026-04-01 13:30:00,158.26,158.29,158.14,158.14,7055
2026-04-01 13:35:00,158.11,158.2,158.11,158.2,2678
2026-04-01 13:40:00,158.205,158.205,158.06,158.1,3870
2026-04-01 13:45:00,158.12,158.12,158.02,158.02,3105
2026-04-01 13:50:00,157.98,158.02,157.94,157.975,6469
2026-04-01 13:55:00,157.99,158.0,157.73,157.74,8949
2026-04-01 14:00:00,157.73,157.75,157.37,157.495,14332
2026-04-01 14:05:00,157.46,157.575,157.42,157.47,9460
2026-04-01 14:10:00,157.48,157.54,157.39,157.43,6488
2026-04-01 14:15:00,157.38,157.38,157.005,157.09,11628
2026-04-01 14:20:00,157.08,157.13,156.85,156.85,13382
2026-04-01 14:25:00,156.85,157.0,156.78,156.87,17432
2026-04-01 14:30:00,156.87,156.91,156.76,156.78,27817
2026-04-01 14:35:00,156.79,156.95,156.66,156.94,11713
2026-04-01 14:40:00,156.91,157.16,156.91,157.03,4772
2026-04-01 14:45:00,157.04,157.04,156.885,156.925,13206
2026-04-01 14:50:00,156.96,156.98,156.815,156.945,8156
2026-04-01 14:55:00,156.86,156.92,156.84,156.9,2421
2026-04-01 15:00:00,156.88,157.03,156.87,157.03,3182
2026-04-01 15:05:00,157.03,157.17,157.03,157.14,3079
2026-04-01 15:10:00,157.1,157.1443,157.03,157.14,9795
2026-04-01 15:15:00,157.13,157.23,157.12,157.23,8781
2026-04-01 15:20:00,157.27,157.34,157.19,157.32,7701
2026-04-01 15:25:00,157.33,157.5,157.33,157.405,77569
2026-04-01 15:30:00,157.4,157.46,157.25,157.32,13132
2026-04-01 15:35:00,157.28,157.41,157.24,157.38,13099
2026-04-01 15:40:00,157.39,157.53,157.38,157.405,12224
2026-04-01 15:45:00,157.4,157.46,157.34,157.39,16833
2026-04-01 15:50:00,157.39,157.39,157.1,157.15,25766
2026-04-01 15:55:00,157.15,157.21,157.02,157.13,30085
2026-04-01 16:00:00,157.21,157.21,157.21,157.21,834
2026-04-02 04:00:00,155.21,155.21,155.21,155.21,280
2026-04-02 04:20:00,155.07,156.38,155.06,156.37,4700
2026-04-02 04:25:00,155.06,156.49,155.06,156.49,1958
2026-04-02 04:30:00,156.51,156.51,155.06,155.09,2827
2026-04-02 04:35:00,156.42,157.0,155.07,156.94,4770
2026-04-02 04:40:00,155.06,157.0,155.06,155.07,4880
2026-04-02 04:45:00,156.73,157.0,155.07,155.07,5855
2026-04-02 04:50:00,157.0,157.13,155.06,157.0,6858
2026-04-02 04:55:00,155.06,157.0,155.06,155.09,2938
2026-04-02 05:00:00,157.0,157.0,155.08,155.08,3912
2026-04-02 05:05:00,157.0,157.0,157.0,157.0,980
2026-04-02 05:10:00,155.06,155.06,155.06,155.06,970
2026-04-02 05:25:00,154.97,154.97,154.83,154.83,2811
2026-04-02 08:10:00,153.7,153.7,153.7,153.7,805
2026-04-02 08:45:00,153.95,153.95,153.95,153.95,625
2026-04-02 09:20:00,153.97,153.97,153.97,153.97,100
2026-04-02 09:30:00,154.12,154.685,153.9504,154.45,29024
2026-04-02 09:35:00,154.465,154.465,153.71,153.75,16075
2026-04-02 09:40:00,153.72,153.89,153.65,153.8251,126698
2026-04-02 09:45:00,153.9,154.44,153.82,154.385,3488
2026-04-02 09:50:00,154.48,155.04,154.4772,155.04,8842
2026-04-02 09:55:00,154.95,155.2723,154.91,155.2723,2684
2026-04-02 10:00:00,155.33,155.37,155.12,155.15,9471
2026-04-02 10:05:00,155.1832,155.59,155.1,155.4801,5608
2026-04-02 10:10:00,155.52,155.63,155.5075,155.52,7864
2026-04-02 10:15:00,155.55,155.8,155.55,155.8,4128
2026-04-02 10:20:00,155.7501,155.92,155.6951,155.74,93778
2026-04-02 10:25:00,155.745,155.745,155.54,155.635,3431
2026-04-02 10:30:00,155.55,156.13,155.55,156.11,56848
2026-04-02 10:35:00,156.16,157.74,156.15,157.3247,19837
2026-04-02 10:40:00,157.4,157.4,156.79,157.35,14638
2026-04-02 10:45:00,157.34,157.34,156.83,156.835,2729
2026-04-02 10:50:00,156.65,156.86,156.47,156.845,34066
2026-04-02 10:55:00,156.96,157.2,156.96,157.08,3136
2026-04-02 11:00:00,157.0736,157.0736,156.7,156.82,4154
2026-04-02 11:05:00,156.99,157.0,156.76,156.86,3151
2026-04-02 11:10:00,157.0,157.23,156.94,157.18,1632
2026-04-02 11:15:00,157.13,157.13,157.0,157.08,660
2026-04-02 11:20:00,156.89,156.94,156.715,156.94,1917
2026-04-02 11:25:00,156.73,157.17,156.73,157.07,3301
2026-04-02 11:30:00,156.98,156.9999,156.895,156.95,12035
2026-04-02 11:35:00,157.03,157.23,157.03,157.07,5015
2026-04-02 11:40:00,157.08,157.13,156.87,157.11,8238
2026-04-02 11:45:00,156.98,157.01,156.87,156.87,5429
2026-04-02 11:50:00,156.775,156.88,156.62,156.865,6015
2026-04-02 11:55:00,156.785,156.87,156.7,156.74,3253
2026-04-02 12:00:00,156.82,156.9176,156.72,156.72,2706
2026-04-02 12:05:00,156.75,156.75,156.42,156.6201,3839
2026-04-02 12:10:00,156.62,156.64,156.54,156.5801,2549
2026-04-02 12:15:00,156.57,156.6197,156.31,156.31,7168
2026-04-02 12:20:00,156.33,156.46,156.2,156.37,7382
2026-04-02 12:25:00,156.335,156.495,156.28,156.4028,16614
2026-04-02 12:30:00,156.375,156.64,156.375,156.61,3669
2026-04-02 12:35:00,156.6297,156.6297,156.41,156.49,10216
2026-04-02 12:40:00,156.55,156.97,156.52,156.81,11274
2026-04-02 12:45:00,156.85,156.86,156.75,156.8,816
2026-04-02 12:50:00,156.8261,156.88,156.75,156.88,1426
2026-04-02 12:55:00,156.831,156.831,156.75,156.77,1184
2026-04-02 13:00:00,156.54,156.71,156.53,156.71,1179
2026-04-02 13:05:00,156.715,156.715,156.645,156.645,346
2026-04-02 13:10:00,156.65,156.91,156.62,156.86,19136
2026-04-02 13:15:00,156.91,156.9397,156.9,156.91,2337
2026-04-02 13:20:00,156.9,157.0095,156.9,157.0095,1222
2026-04-02 13:25:00,156.9791,156.9791,156.94,156.94,531
2026-04-02 13:30:00,156.96,156.9704,156.8901,156.92,1779
2026-04-02 13:35:00,156.83,156.83,156.76,156.76,348
2026-04-02 13:40:00,156.85,156.8523,156.76,156.8,5076
2026-04-02 13:45:00,156.85,156.85,156.41,156.41,2597
2026-04-02 13:50:00,156.505,156.56,156.37,156.56,7023
2026-04-02 13:55:00,156.605,156.61,156.48,156.58,2665
2026-04-02 14:00:00,156.6825,156.6825,156.63,156.6401,2643
2026-04-02 14:05:00,156.76,156.83,156.74,156.74,4457
2026-04-02 14:10:00,156.8199,156.8466,156.75,156.775,2894
2026-04-02 14:15:00,156.7,156.8182,156.7,156.781,2841
2026-04-02 14:20:00,156.77,156.77,156.7599,156.76,381
2026-04-02 14:25:00,156.63,156.67,156.62,156.65,8131
2026-04-02 14:30:00,156.675,156.7,156.6301,156.7,2787
2026-04-02 14:40:00,156.77,156.89,156.74,156.755,3217
2026-04-02 14:45:00,156.805,156.89,156.805,156.865,2901
2026-04-02 14:50:00,156.86,156.94,156.85,156.89,9288
2026-04-02 14:55:00,156.875,156.8804,156.79,156.79,5991
2026-04-02 15:00:00,156.85,156.91,156.79,156.83,6937
2026-04-02 15:05:00,156.89,156.96,156.89,156.9346,7037
2026-04-02 15:10:00,156.98,157.08,156.93,156.94,14433
2026-04-02 15:15:00,156.985,156.985,156.82,156.8899,18977
2026-04-02 15:20:00,156.87,156.94,156.78,156.87,12732
2026-04-02 15:25:00,156.86,156.88,156.78,156.83,4914
2026-04-02 15:30:00,156.826,156.88,156.79,156.79,4162
2026-04-02 15:35:00,156.92,156.93,156.91,156.93,327
2026-04-02 15:40:00,156.95,156.965,156.8601,156.8601,36942
2026-04-02 15:45:00,156.825,156.8998,156.8,156.89,6337
2026-04-02 15:50:00,156.89,157.18,156.89,157.1,57881
2026-04-02 15:55:00,157.15,157.28,157.15,157.2,11319
2026-04-02 16:00:00,157.28,157.28,157.24,157.24,1091
