2026-03-04 04:05:00,66.86,66.9,66.86,66.9,15500
2026-03-04 05:05:00,67.2,67.26,67.2,67.2,600
2026-03-04 06:25:00,67.51,67.51,67.51,67.51,249
2026-03-04 07:20:00,67.36,67.4,67.35,67.4,2538
2026-03-04 07:25:00,67.36,67.36,67.34,67.34,750
2026-03-04 07:30:00,67.35,67.35,67.34,67.34,420
2026-03-04 08:00:00,67.55,67.58,66.92,67.56,2335
2026-03-04 08:05:00,67.59,67.67,67.59,67.67,1450
2026-03-04 08:10:00,67.71,67.74,67.71,67.74,500
2026-03-04 08:15:00,67.65,67.702,67.65,67.69,7151
2026-03-04 08:40:00,67.68,67.77,67.68,67.77,502
2026-03-04 08:50:00,67.76,67.78,67.76,67.78,4688
2026-03-04 09:05:00,67.7009,67.7009,67.7009,67.7009,1000
2026-03-04 09:10:00,67.7012,67.72,67.7003,67.7035,5013
2026-03-04 09:25:00,67.66,67.7,67.66,67.7,1884
2026-03-04 09:30:00,67.65,67.76,67.27,67.3,290264
2026-03-04 09:35:00,67.295,67.455,67.205,67.355,395740
2026-03-04 09:40:00,67.36,67.54,67.315,67.43,534480
2026-03-04 09:45:00,67.41,67.46,67.145,67.18,354439
2026-03-04 09:50:00,67.18,67.38,67.092,67.34,310395
2026-03-04 09:55:00,67.315,67.4,67.155,67.33,385068
2026-03-04 10:00:00,67.35,67.55,67.21,67.28,296732
2026-03-04 10:05:00,67.29,67.305,67.095,67.28,216846
2026-03-04 10:10:00,67.27,67.465,67.2,67.39,195640
2026-03-04 10:15:00,67.395,67.4925,67.31,67.435,144680
2026-03-04 10:20:00,67.435,67.59,67.365,67.57,259107
2026-03-04 10:25:00,67.56,67.745,67.465,67.59,188841
2026-03-04 10:30:00,67.585,67.635,67.39,67.42,204778
2026-03-04 10:35:00,67.41,67.42,67.28,67.37,150579
2026-03-04 10:40:00,67.37,67.46,67.32,67.395,108380
2026-03-04 10:45:00,67.4,67.605,67.345,67.57,292811
2026-03-04 10:50:00,67.57,67.665,67.525,67.65,116102
2026-03-04 10:55:00,67.64,67.765,67.595,67.755,144635
2026-03-04 11:00:00,67.765,67.81,67.69,67.705,126386
2026-03-04 11:05:00,67.7,67.72,67.525,67.69,114122
2026-03-04 11:10:00,67.691,67.691,67.49,67.495,38425
2026-03-04 11:15:00,67.495,67.585,67.41,67.53,109315
2026-03-04 11:20:00,67.52,67.555,67.455,67.475,54159
2026-03-04 11:25:00,67.475,67.635,67.445,67.62,115707
2026-03-04 11:30:00,67.63,67.6982,67.61,67.68,67793
2026-03-04 11:35:00,67.68,67.71,67.59,67.61,254114
2026-03-04 11:40:00,67.61,67.815,67.61,67.77,154214
2026-03-04 11:45:00,67.765,67.765,67.66,67.705,64443
2026-03-04 11:50:00,67.695,67.71,67.59,67.68,67685
2026-03-04 11:55:00,67.68,67.71,67.63,67.695,80795
2026-03-04 12:00:00,67.675,67.76,67.615,67.755,57206
2026-03-04 12:05:00,67.755,67.755,67.62,67.705,74484
2026-03-04 12:10:00,67.705,67.735,67.665,67.715,72544
2026-03-04 12:15:00,67.715,67.8,67.695,67.795,188963
2026-03-04 12:20:00,67.795,67.855,67.6682,67.705,245984
2026-03-04 12:25:00,67.7,67.715,67.6,67.625,99702
2026-03-04 12:30:00,67.63,67.645,67.545,67.64,130976
2026-03-04 12:35:00,67.64,67.71,67.61,67.695,168034
2026-03-04 12:40:00,67.695,67.72,67.605,67.69,123582
2026-03-04 12:45:00,67.69,67.725,67.665,67.69,143914
2026-03-04 12:50:00,67.69,67.715,67.62,67.685,56521
2026-03-04 12:55:00,67.68,67.695,67.645,67.685,121411
2026-03-04 13:00:00,67.685,67.72,67.615,67.62,93159
2026-03-04 13:05:00,67.62,67.655,67.55,67.59,123464
2026-03-04 13:10:00,67.58,67.62,67.52,67.52,138379
2026-03-04 13:15:00,67.525,67.545,67.43,67.435,94774
2026-03-04 13:20:00,67.43,67.47,67.33,67.3575,129077
2026-03-04 13:25:00,67.35,67.4301,67.345,67.41,233984
2026-03-04 13:30:00,67.415,67.425,67.31,67.35,307301
2026-03-04 13:35:00,67.35,67.53,67.325,67.505,271950
2026-03-04 13:40:00,67.495,67.66,67.49,67.62,253380
2026-03-04 13:45:00,67.62,67.645,67.51,67.545,124301
2026-03-04 13:50:00,67.545,67.65,67.525,67.635,53954
2026-03-04 13:55:00,67.635,67.74,67.6,67.725,191391
2026-03-04 14:00:00,67.715,67.84,67.675,67.805,374578
2026-03-04 14:05:00,67.805,67.9,67.79,67.845,380423
2026-03-04 14:10:00,67.84,67.84,67.7,67.755,49807
2026-03-04 14:15:00,67.76,67.765,67.675,67.7,73246
2026-03-04 14:20:00,67.7,67.755,67.675,67.7,105435
2026-03-04 14:25:00,67.71,67.71,67.625,67.675,52738
2026-03-04 14:30:00,67.68,67.74,67.68,67.725,40514
2026-03-04 14:35:00,67.725,67.815,67.725,67.81,47104
2026-03-04 14:40:00,67.815,67.815,67.765,67.79,35356
2026-03-04 14:45:00,67.795,67.825,67.74,67.81,75948
2026-03-04 14:50:00,67.8,67.875,67.78,67.835,71084
2026-03-04 14:55:00,67.83,67.845,67.77,67.77,63893
2026-03-04 15:00:00,67.78,67.805,67.725,67.8,98408
2026-03-04 15:05:00,67.8,67.815,67.72,67.725,79594
2026-03-04 15:10:00,67.725,67.73,67.67,67.695,126319
2026-03-04 15:15:00,67.7,67.71,67.667,67.705,73417
2026-03-04 15:20:00,67.7,67.735,67.66,67.735,129187
2026-03-04 15:25:00,67.73,67.81,67.725,67.795,125629
2026-03-04 15:30:00,67.795,67.825,67.77,67.8,194154
2026-03-04 15:35:00,67.79,67.82,67.72,67.745,109018
2026-03-04 15:40:00,67.745,67.79,67.72,67.775,89519
2026-03-04 15:45:00,67.775,67.805,67.735,67.785,129651
2026-03-04 15:50:00,67.78,67.795,67.6,67.61,497846
2026-03-04 15:55:00,67.6,67.635,67.5,67.5,480767
2026-03-04 16:00:00,67.5,67.5,67.3,67.3,190543
2026-03-04 16:05:00,67.37,67.4801,67.369,67.4801,22321
2026-03-04 19:10:00,67.49,67.49,67.49,67.49,1958
2026-03-05 04:20:00,67.1,67.1,67.09,67.09,2000
2026-03-05 07:35:00,67.22,67.22,67.21,67.21,500
2026-03-05 07:45:00,67.2,67.2,67.2,67.2,250
2026-03-05 07:50:00,67.18,67.18,67.14,67.14,1500
2026-03-05 07:55:00,67.1,67.1,67.1,67.1,250
2026-03-05 08:00:00,67.13,67.21,67.03,67.03,628
2026-03-05 08:05:00,67.03,67.03,67.03,67.03,500
2026-03-05 08:10:00,67.02,67.02,66.97,66.98,6550
2026-03-05 08:20:00,67.0,67.0,67.0,67.0,150
2026-03-05 08:25:00,66.91,66.91,66.91,66.91,800
2026-03-05 08:45:00,67.0,67.0,66.9992,66.9992,6473
2026-03-05 08:50:00,67.0,67.07,66.98,66.98,2280
2026-03-05 08:55:00,67.0,67.0,66.76,66.85,16485
2026-03-05 09:00:00,66.91,66.91,66.83,66.83,2980
2026-03-05 09:05:00,66.83,66.83,66.69,66.83,2968
2026-03-05 09:15:00,66.7,66.7,66.7,66.7,100
2026-03-05 09:30:00,66.74,67.22,66.5275,67.1,476331
2026-03-05 09:35:00,67.09,67.15,66.93,67.09,359914
2026-03-05 09:40:00,67.085,67.1,66.81,66.86,236330
2026-03-05 09:45:00,66.85,66.85,66.42,66.46,300210
2026-03-05 09:50:00,66.485,66.69,66.43,66.69,272233
2026-03-05 09:55:00,66.66,66.955,66.625,66.93,343567
2026-03-05 10:00:00,66.93,66.955,66.535,66.575,350298
2026-03-05 10:05:00,66.57,66.605,66.33,66.405,268681
2026-03-05 10:10:00,66.41,66.59,66.375,66.54,266117
2026-03-05 10:15:00,66.53,66.65,66.415,66.55,172732
2026-03-05 10:20:00,66.54,66.69,66.49,66.52,206213
2026-03-05 10:25:00,66.51,66.625,66.405,66.525,261857
2026-03-05 10:30:00,66.535,66.55,66.345,66.41,250146
2026-03-05 10:35:00,66.42,66.505,66.325,66.4901,93361
2026-03-05 10:40:00,66.5,66.58,66.445,66.525,72316
2026-03-05 10:45:00,66.5201,66.685,66.495,66.64,98726
2026-03-05 10:50:00,66.635,66.8,66.63,66.71,107946
2026-03-05 10:55:00,66.705,66.83,66.63,66.79,123986
2026-03-05 11:00:00,66.8,66.895,66.645,66.66,140738
2026-03-05 11:05:00,66.66,66.74,66.6021,66.61,56682
2026-03-05 11:10:00,66.6,66.67,66.51,66.545,232603
2026-03-05 11:15:00,66.545,66.61,66.495,66.51,88804
2026-03-05 11:20:00,66.52,66.55,66.42,66.45,79476
2026-03-05 11:25:00,66.44,66.595,66.4,66.52,68419
2026-03-05 11:30:00,66.53,66.655,66.515,66.59,95827
2026-03-05 11:35:00,66.585,66.63,66.535,66.55,141951
2026-03-05 11:40:00,66.55,66.58,66.405,66.47,84147
2026-03-05 11:45:00,66.47,66.6,66.47,66.51,74963
2026-03-05 11:50:00,66.51,66.635,66.485,66.625,45539
2026-03-05 11:55:00,66.625,66.66,66.515,66.545,53445
2026-03-05 12:00:00,66.535,66.64,66.53,66.63,112522
2026-03-05 12:05:00,66.625,66.63,66.43,66.49,207400
2026-03-05 12:10:00,66.47,66.47,66.34,66.37,164795
2026-03-05 12:15:00,66.38,66.395,66.235,66.245,67568
2026-03-05 12:20:00,66.265,66.36,66.265,66.305,68681
2026-03-05 12:25:00,66.305,66.35,66.26,66.3,63820
2026-03-05 12:30:00,66.29,66.315,66.185,66.215,84570
2026-03-05 12:35:00,66.22,66.44,66.2,66.395,140053
2026-03-05 12:40:00,66.41,66.49,66.335,66.35,83984
2026-03-05 12:45:00,66.36,66.66,66.345,66.49,1107946
2026-03-05 12:50:00,66.49,66.58,66.425,66.425,151277
2026-03-05 12:55:00,66.43,66.47,66.37,66.41,96921
2026-03-05 13:00:00,66.4,66.41,66.285,66.35,146149
2026-03-05 13:05:00,66.34,66.445,66.285,66.435,98732
2026-03-05 13:10:00,66.44,66.48,66.365,66.445,77580
2026-03-05 13:15:00,66.445,66.445,66.315,66.32,42245
2026-03-05 13:20:00,66.315,66.415,66.305,66.36,134707
2026-03-05 13:25:00,66.375,66.405,66.3,66.37,55985
2026-03-05 13:30:00,66.37,66.475,66.355,66.41,89476
2026-03-05 13:35:00,66.41,66.45,66.345,66.375,62231
2026-03-05 13:40:00,66.38,66.445,66.37,66.42,51120
2026-03-05 13:45:00,66.415,66.425,66.27,66.31,71090
2026-03-05 13:50:00,66.3,66.3,66.2,66.22,162135
2026-03-05 13:55:00,66.23,66.31,66.205,66.3,73269
2026-03-05 14:00:00,66.3,66.35,66.265,66.31,52592
2026-03-05 14:05:00,66.315,66.33,66.26,66.305,36149
2026-03-05 14:10:00,66.31,66.365,66.285,66.325,52560
2026-03-05 14:15:00,66.325,66.325,66.175,66.225,101564
2026-03-05 14:20:00,66.215,66.28,66.205,66.215,67762
2026-03-05 14:25:00,66.22,66.242,66.095,66.095,122164
2026-03-05 14:30:00,66.09,66.09,65.865,65.925,330548
2026-03-05 14:35:00,65.925,66.04,65.925,65.99,83492
2026-03-05 14:40:00,66.0,66.145,66.0,66.13,52245
2026-03-05 14:45:00,66.12,66.2,66.04,66.155,93892
2026-03-05 14:50:00,66.16,66.28,66.16,66.215,94679
2026-03-05 14:55:00,66.215,66.33,66.215,66.265,65319
2026-03-05 15:00:00,66.27,66.33,66.17,66.32,120501
2026-03-05 15:05:00,66.32,66.41,66.23,66.38,119093
2026-03-05 15:10:00,66.37,66.49,66.37,66.46,85281
2026-03-05 15:15:00,66.45,66.535,66.42,66.485,77088
2026-03-05 15:20:00,66.485,66.515,66.4,66.44,114475
2026-03-05 15:25:00,66.45,66.51,66.425,66.46,77614
2026-03-05 15:30:00,66.445,66.475,66.375,66.42,135920
2026-03-05 15:35:00,66.43,66.595,66.43,66.57,123244
2026-03-05 15:40:00,66.565,66.62,66.55,66.605,108177
2026-03-05 15:45:00,66.61,66.67,66.54,66.665,136537
2026-03-05 15:50:00,66.665,66.725,66.615,66.72,375087
2026-03-05 15:55:00,66.71,66.73,66.575,66.59,717720
2026-03-05 16:00:00,66.6,66.7475,66.56,66.7475,260441
2026-03-05 16:05:00,66.6,66.65,66.6,66.65,89905
2026-03-05 16:15:00,66.44,66.5,66.4396,66.5,2159
2026-03-05 16:25:00,66.45,66.45,66.45,66.45,467
2026-03-05 16:30:00,66.47,66.7,66.4,66.55,7674
2026-03-05 16:55:00,66.51,66.55,66.51,66.55,503
2026-03-05 18:40:00,66.62,66.66,66.62,66.66,286
2026-03-05 19:45:00,66.8083,66.8083,66.8083,66.8083,146
2026-03-05 19:55:00,66.62,66.62,66.62,66.62,100
2026-03-06 04:35:00,66.48,66.48,66.48,66.48,100
2026-03-06 06:50:00,66.36,66.36,66.29,66.29,1657
2026-03-06 06:55:00,66.02,66.02,66.02,66.02,100
2026-03-06 07:30:00,65.97,66.09,65.9,65.9,15853
2026-03-06 07:35:00,65.82,65.82,65.7,65.7,14139
2026-03-06 07:45:00,65.8,65.9,65.8,65.86,3104
2026-03-06 07:50:00,65.86,65.9,65.86,65.9,867
2026-03-06 07:55:00,65.89,65.9,65.89,65.9,1695
2026-03-06 08:00:00,66.56,66.91,65.65,66.91,8750
2026-03-06 08:05:00,65.85,65.85,65.85,65.85,8769
2026-03-06 08:10:00,65.85,65.86,65.85,65.85,16880
2026-03-06 08:15:00,65.74,65.85,65.73,65.85,25170
2026-03-06 08:20:00,65.72,65.8,65.65,65.8,9085
2026-03-06 08:25:00,65.8,65.85,65.67,65.69,31619
2026-03-06 08:30:00,65.7,65.77,65.01,65.22,82868
2026-03-06 08:35:00,65.16,65.5,64.9,64.99,50667
2026-03-06 08:40:00,65.1,65.13,64.95,65.0,11749
2026-03-06 08:45:00,64.9,65.0,64.68,65.0,13677
2026-03-06 08:50:00,64.75,64.94,64.46,64.55,19179
2026-03-06 08:55:00,64.71,64.96,64.71,64.96,389
2026-03-06 09:00:00,64.79,64.9,64.79,64.85,5782
2026-03-06 09:05:00,64.85,64.85,64.5,64.5,11699
2026-03-06 09:10:00,64.55,64.7,64.35,64.4,12400
2026-03-06 09:15:00,64.49,64.7,64.3,64.3,30405
2026-03-06 09:20:00,64.3,64.6,64.3,64.6,1404
2026-03-06 09:25:00,64.58,64.6,64.4,64.51,19197
2026-03-06 09:30:00,64.61,64.675,63.775,64.095,1698064
2026-03-06 09:35:00,64.1,64.13,63.705,63.73,1065983
2026-03-06 09:40:00,63.73,63.85,63.48,63.78,740547
2026-03-06 09:45:00,63.78,63.94,63.64,63.77,687834
2026-03-06 09:50:00,63.76,63.975,63.7,63.885,584256
2026-03-06 09:55:00,63.885,64.03,63.735,63.74,656860
2026-03-06 10:00:00,63.735,64.195,63.735,64.195,352057
2026-03-06 10:05:00,64.195,64.2,63.755,63.825,465115
2026-03-06 10:10:00,63.82,64.05,63.77,63.93,352999
2026-03-06 10:15:00,63.93,64.135,63.89,64.06,375861
2026-03-06 10:20:00,64.055,64.27,63.985,64.17,398738
2026-03-06 10:25:00,64.165,64.255,63.955,64.11,363847
2026-03-06 10:30:00,64.11,64.295,64.11,64.29,270491
2026-03-06 10:35:00,64.285,64.47,64.285,64.45,327836
2026-03-06 10:40:00,64.445,64.445,64.16,64.28,217437
2026-03-06 10:45:00,64.27,64.305,63.96,64.06,366475
2026-03-06 10:50:00,64.06,64.09,63.845,63.95,290556
2026-03-06 10:55:00,63.94,64.21,63.94,64.15,279473
2026-03-06 11:00:00,64.15,64.31,64.135,64.27,198287
2026-03-06 11:05:00,64.27,64.305,64.09,64.18,239098
2026-03-06 11:10:00,64.175,64.21,63.975,64.075,192285
2026-03-06 11:15:00,64.07,64.15,64.02,64.145,99163
2026-03-06 11:20:00,64.145,64.16,63.985,64.11,174434
2026-03-06 11:25:00,64.105,64.12,63.95,63.975,282832
2026-03-06 11:30:00,63.97,64.075,63.915,64.05,192031
2026-03-06 11:35:00,64.035,64.27,64.035,64.235,133236
2026-03-06 11:40:00,64.24,64.25,64.085,64.115,89539
2026-03-06 11:45:00,64.11,64.25,64.1,64.23,78295
2026-03-06 11:50:00,64.225,64.275,64.095,64.105,101684
2026-03-06 11:55:00,64.105,64.28,64.06,64.19,101543
2026-03-06 12:00:00,64.205,64.355,64.18,64.28,169316
2026-03-06 12:05:00,64.285,64.29,64.1703,64.27,97997
2026-03-06 12:10:00,64.27,64.29,64.15,64.215,89023
2026-03-06 12:15:00,64.215,64.35,64.18,64.35,76638
2026-03-06 12:20:00,64.35,64.45,64.29,64.36,184954
2026-03-06 12:25:00,64.36,64.4,64.285,64.355,79500
2026-03-06 12:30:00,64.36,64.45,64.36,64.41,84811
2026-03-06 12:35:00,64.41,64.43,64.28,64.36,85027
2026-03-06 12:40:00,64.365,64.37,64.13,64.195,123358
2026-03-06 12:45:00,64.2,64.33,64.2,64.305,120423
2026-03-06 12:50:00,64.3028,64.39,64.275,64.325,90924
2026-03-06 12:55:00,64.33,64.445,64.29,64.335,48996
2026-03-06 13:00:00,64.335,64.61,64.331,64.52,80930
2026-03-06 13:05:00,64.5257,64.675,64.52,64.63,81455
2026-03-06 13:10:00,64.635,64.78,64.59,64.715,131947
2026-03-06 13:15:00,64.71,64.76,64.67,64.715,98151
2026-03-06 13:20:00,64.715,64.73,64.63,64.665,165871
2026-03-06 13:25:00,64.665,64.705,64.6,64.695,81960
2026-03-06 13:30:00,64.69,64.755,64.65,64.705,127046
2026-03-06 13:35:00,64.7,64.74,64.54,64.635,172599
2026-03-06 13:40:00,64.64,64.725,64.6,64.67,206710
2026-03-06 13:45:00,64.675,64.77,64.6,64.77,183240
2026-03-06 13:50:00,64.765,64.78,64.665,64.71,136503
2026-03-06 13:55:00,64.71,64.795,64.66,64.775,199482
2026-03-06 14:00:00,64.78,64.85,64.77,64.785,270816
2026-03-06 14:05:00,64.785,64.83,64.74,64.8,185479
2026-03-06 14:10:00,64.8,64.905,64.79,64.835,94807
2026-03-06 14:15:00,64.83,64.95,64.805,64.94,179178
2026-03-06 14:20:00,64.93,65.02,64.9,64.91,399812
2026-03-06 14:25:00,64.91,65.0,64.82,64.98,281179
2026-03-06 14:30:00,64.97,65.01,64.905,64.965,108308
2026-03-06 14:35:00,64.97,64.9877,64.89,64.92,153945
2026-03-06 14:40:00,64.92,65.025,64.89,64.905,398583
2026-03-06 14:45:00,64.905,64.965,64.855,64.875,195364
2026-03-06 14:50:00,64.865,64.95,64.81,64.945,220568
2026-03-06 14:55:00,64.95,64.96,64.885,64.94,122056
2026-03-06 15:00:00,64.95,65.025,64.94,65.01,142533
2026-03-06 15:05:00,65.01,65.035,64.98,65.0,166743
2026-03-06 15:10:00,65.0,65.0,64.885,64.965,151393
2026-03-06 15:15:00,64.97,65.105,64.95,65.05,63297
2026-03-06 15:20:00,65.04,65.08,65.0,65.025,120081
2026-03-06 15:25:00,65.03,65.065,64.93,65.015,250304
2026-03-06 15:30:00,65.02,65.08,64.94,64.94,224832
2026-03-06 15:35:00,64.945,65.01,64.86,65.0,480812
2026-03-06 15:40:00,65.0,65.095,64.92,64.92,442697
2026-03-06 15:45:00,64.925,65.02,64.89,64.975,430372
2026-03-06 15:50:00,64.975,65.0,64.85,64.945,1171111
2026-03-06 15:55:00,64.95,65.03,64.885,64.97,1051298
2026-03-06 16:00:00,64.91,65.03,64.85,65.03,484136
2026-03-06 16:05:00,65.02,65.02,64.87,64.9,23953
2026-03-06 16:10:00,64.9,64.91,64.88,64.88,17968
2026-03-06 16:15:00,64.86,64.86,64.86,64.86,658
2026-03-06 16:20:00,64.75,64.75,64.75,64.75,500
2026-03-06 16:30:00,64.9,64.9,64.89,64.89,668
2026-03-06 16:50:00,64.7469,64.7469,64.7469,64.7469,144
2026-03-06 17:25:00,64.86,64.86,64.77,64.77,4888
2026-03-06 17:45:00,64.77,64.96,64.76,64.76,2984
2026-03-06 17:55:00,64.75,64.88,64.7,64.7,1043
2026-03-06 18:00:00,64.65,64.65,64.65,64.65,418
2026-03-06 18:40:00,64.8,64.8,64.8,64.8,170
2026-03-06 19:50:00,64.74,64.74,64.74,64.74,313
2026-03-06 19:55:00,64.7218,64.7218,64.7218,64.7218,300
2026-03-09 04:00:00,63.16,63.21,63.15,63.21,650
2026-03-09 04:05:00,62.56,62.56,62.56,62.56,100
2026-03-09 04:20:00,63.06,63.06,63.06,63.06,100
2026-03-09 04:35:00,63.37,63.37,63.35,63.37,1518
2026-03-09 05:05:00,63.4,63.4,63.39,63.39,261
2026-03-09 05:30:00,63.82,63.9,63.82,63.9,3077
2026-03-09 06:50:00,63.46,63.46,63.46,63.46,233
2026-03-09 07:00:00,63.67,63.7,63.67,63.7,550
2026-03-09 07:30:00,63.7,63.7,63.69,63.7,656
2026-03-09 07:35:00,63.65,63.76,63.65,63.71,2066
2026-03-09 07:50:00,63.72,63.72,63.72,63.72,300
2026-03-09 08:00:00,63.38,63.75,62.62,62.82,6566
2026-03-09 08:05:00,64.06,64.06,63.91,63.98,6023
2026-03-09 08:10:00,63.95,63.95,62.75,63.92,2593
2026-03-09 08:15:00,64.06,64.06,63.98,63.98,564
2026-03-09 08:20:00,64.06,64.06,64.04,64.06,5400
2026-03-09 08:30:00,63.7822,63.94,63.7822,63.94,300
2026-03-09 08:35:00,63.99,63.99,63.99,63.99,2880
2026-03-09 08:40:00,63.93,63.93,63.8,63.8,867
2026-03-09 08:50:00,63.68,63.68,63.62,63.62,498
2026-03-09 08:55:00,63.63,63.63,63.62,63.62,500
2026-03-09 09:00:00,63.66,63.66,63.66,63.66,200
2026-03-09 09:05:00,63.71,63.71,63.71,63.71,219
2026-03-09 09:25:00,63.93,64.0,63.92,63.92,750
2026-03-09 09:30:00,64.12,64.23,63.5,63.75,586264
2026-03-09 09:35:00,63.74,63.74,63.5,63.59,558951
2026-03-09 09:40:00,63.58,63.59,63.35,63.48,300207
2026-03-09 09:45:00,63.47,63.52,63.035,63.04,265333
2026-03-09 09:50:00,63.03,63.055,62.63,62.66,330439
2026-03-09 09:55:00,62.655,62.97,62.62,62.865,247293
2026-03-09 10:00:00,62.87,63.06,62.835,63.02,366993
2026-03-09 10:05:00,63.02,63.03,62.435,62.635,778107
2026-03-09 10:10:00,62.64,62.78,62.545,62.74,458586
2026-03-09 10:15:00,62.75,62.93,62.67,62.78,293611
2026-03-09 10:20:00,62.77,63.035,62.665,62.91,362295
2026-03-09 10:25:00,62.91,62.94,62.615,62.68,160817
2026-03-09 10:30:00,62.68,62.93,62.675,62.91,179474
2026-03-09 10:35:00,62.9,63.05,62.835,62.935,425359
2026-03-09 10:40:00,62.93,63.1,62.89,63.095,314066
2026-03-09 10:45:00,63.1,63.1,62.945,63.02,310950
2026-03-09 10:50:00,63.03,63.21,62.97,63.195,238191
2026-03-09 10:55:00,63.195,63.25,63.025,63.1,464205
2026-03-09 11:00:00,63.095,63.31,63.055,63.29,326588
2026-03-09 11:05:00,63.29,63.355,63.045,63.075,338199
2026-03-09 11:10:00,63.07,63.205,63.025,63.205,232845
2026-03-09 11:15:00,63.21,63.28,63.1,63.17,162100
2026-03-09 11:20:00,63.16,63.32,63.13,63.32,128164
2026-03-09 11:25:00,63.32,63.435,63.265,63.43,295141
2026-03-09 11:30:00,63.43,63.45,63.27,63.29,143434
2026-03-09 11:35:00,63.28,63.28,63.06,63.07,309993
2026-03-09 11:40:00,63.07,63.095,63.0,63.065,427658
2026-03-09 11:45:00,63.06,63.175,63.06,63.105,300360
2026-03-09 11:50:00,63.1,63.39,63.09,63.35,450053
2026-03-09 11:55:00,63.33,63.425,63.305,63.34,176000
2026-03-09 12:00:00,63.33,63.43,63.255,63.3602,159722
2026-03-09 12:05:00,63.37,63.5,63.35,63.475,345991
2026-03-09 12:10:00,63.475,63.51,63.41,63.41,266988
2026-03-09 12:15:00,63.41,63.42,63.28,63.32,71894
2026-03-09 12:20:00,63.32,63.52,63.28,63.51,123660
2026-03-09 12:25:00,63.506,63.71,63.49,63.64,504120
2026-03-09 12:30:00,63.64,63.645,63.495,63.57,363969
2026-03-09 12:35:00,63.57,63.7,63.535,63.565,303705
2026-03-09 12:40:00,63.57,63.7,63.57,63.65,145441
2026-03-09 12:45:00,63.65,63.685,63.59,63.615,157533
2026-03-09 12:50:00,63.615,63.65,63.565,63.595,109529
2026-03-09 12:55:00,63.595,63.635,63.52,63.535,109869
2026-03-09 13:00:00,63.535,63.58,63.5,63.515,65629
2026-03-09 13:05:00,63.51,63.53,63.47,63.525,58070
2026-03-09 13:10:00,63.525,63.615,63.46,63.615,259678
2026-03-09 13:15:00,63.615,63.625,63.41,63.415,204616
2026-03-09 13:20:00,63.41,63.435,63.365,63.415,103026
2026-03-09 13:25:00,63.42,63.425,63.355,63.375,76448
2026-03-09 13:30:00,63.37,63.475,63.37,63.41,190005
2026-03-09 13:35:00,63.41,63.42,63.37,63.4,45979
2026-03-09 13:40:00,63.395,63.445,63.36,63.415,95255
2026-03-09 13:45:00,63.41,63.505,63.4,63.415,106874
2026-03-09 13:50:00,63.4,63.445,63.37,63.39,66676
2026-03-09 13:55:00,63.39,63.435,63.375,63.41,103215
2026-03-09 14:00:00,63.41,63.455,63.385,63.395,57686
2026-03-09 14:05:00,63.4,63.505,63.39,63.415,77483
2026-03-09 14:10:00,63.42,63.475,63.37,63.455,61395
2026-03-09 14:15:00,63.45,63.67,63.435,63.66,108842
2026-03-09 14:20:00,63.665,63.705,63.55,63.55,107500
2026-03-09 14:25:00,63.555,63.565,63.49,63.505,61786
2026-03-09 14:30:00,63.505,63.63,63.4,63.605,310900
2026-03-09 14:35:00,63.605,63.65,63.57,63.61,105435
2026-03-09 14:40:00,63.615,63.615,63.53,63.585,91369
2026-03-09 14:45:00,63.58,63.6,63.52,63.535,85374
2026-03-09 14:50:00,63.53,63.635,63.5,63.575,89623
2026-03-09 14:55:00,63.57,63.575,63.465,63.495,79443
2026-03-09 15:00:00,63.5,63.585,63.465,63.585,91137
2026-03-09 15:05:00,63.585,63.655,63.56,63.65,104374
2026-03-09 15:10:00,63.65,63.725,63.63,63.715,86987
2026-03-09 15:15:00,63.72,63.985,63.695,63.97,270062
2026-03-09 15:20:00,63.97,64.53,63.96,64.525,516363
2026-03-09 15:25:00,64.53,64.885,64.46,64.825,1038592
2026-03-09 15:30:00,64.82,65.01,64.58,64.97,1415496
2026-03-09 15:35:00,64.97,65.225,64.795,65.155,710147
2026-03-09 15:40:00,65.15,65.16,64.8,64.93,888257
2026-03-09 15:45:00,64.91,65.0,64.715,64.995,801040
2026-03-09 15:50:00,64.99,65.005,64.79,64.84,1157747
2026-03-09 15:55:00,64.85,64.875,64.73,64.77,1367264
2026-03-09 16:00:00,64.77,64.87,64.61,64.61,445701
2026-03-09 16:10:00,64.61,64.61,64.61,64.61,1000
2026-03-09 16:15:00,64.57,64.57,64.57,64.57,800
2026-03-09 16:20:00,64.51,64.51,64.51,64.51,800
2026-03-09 16:25:00,64.62,64.75,64.62,64.75,44826
2026-03-09 16:30:00,64.66,64.69,64.66,64.69,900
2026-03-09 16:35:00,64.62,64.66,64.62,64.65,7013
2026-03-09 16:40:00,64.72,64.72,64.68,64.68,1122
2026-03-09 16:45:00,64.65,64.65,64.65,64.65,4665
2026-03-09 18:00:00,64.66,64.66,64.65,64.65,2133
2026-03-09 18:25:00,64.51,64.51,64.49,64.49,9204
2026-03-09 19:40:00,64.74,64.74,64.74,64.74,300
2026-03-10 05:20:00,65.09,65.09,65.09,65.09,100
2026-03-10 06:35:00,65.1,65.1,65.1,65.1,100
2026-03-10 06:45:00,64.9,64.9,64.9,64.9,232
2026-03-10 07:35:00,64.8,64.8,64.8,64.8,1000
2026-03-10 08:00:00,64.8,65.11,64.69,64.76,5390
2026-03-10 08:05:00,64.33,65.05,64.28,65.05,5577
2026-03-10 08:20:00,63.95,63.95,63.95,63.95,100
2026-03-10 08:35:00,64.4,64.4,64.4,64.4,210
2026-03-10 08:40:00,64.42,64.43,64.42,64.43,1000
2026-03-10 09:10:00,64.5,64.5,64.5,64.5,200
2026-03-10 09:25:00,64.59,64.72,64.59,64.72,12600
2026-03-10 09:30:00,64.77,65.15,64.58,64.9812,342335
2026-03-10 09:35:00,64.99,65.04,64.5,64.61,312066
2026-03-10 09:40:00,64.58,64.69,64.25,64.29,257423
2026-03-10 09:45:00,64.28,64.34,64.1,64.32,525577
2026-03-10 09:50:00,64.32,64.42,64.13,64.285,417891
2026-03-10 09:55:00,64.285,64.285,63.995,64.14,195228
2026-03-10 10:00:00,64.135,64.19,63.97,64.17,142098
2026-03-10 10:05:00,64.175,64.33,63.935,63.975,245121
2026-03-10 10:10:00,63.97,64.25,63.93,64.205,224112
2026-03-10 10:15:00,64.21,64.47,64.16,64.435,222357
2026-03-10 10:20:00,64.44,64.7,64.435,64.69,194500
2026-03-10 10:25:00,64.68,64.71,64.6,64.675,247162
2026-03-10 10:30:00,64.67,64.8339,64.67,64.735,279960
2026-03-10 10:35:00,64.73,64.8,64.67,64.77,120038
2026-03-10 10:40:00,64.77,64.935,64.77,64.87,167234
2026-03-10 10:45:00,64.86,65.03,64.83,65.02,224131
2026-03-10 10:50:00,65.02,65.14,65.01,65.12,346104
2026-03-10 10:55:00,65.125,65.265,65.125,65.245,311109
2026-03-10 11:00:00,65.24,65.28,65.105,65.105,141091
2026-03-10 11:05:00,65.105,65.12,64.96,64.99,66049
2026-03-10 11:10:00,64.985,65.1,64.93,65.1,149935
2026-03-10 11:15:00,65.1,65.2,65.0802,65.105,265692
2026-03-10 11:20:00,65.1,65.205,65.07,65.185,99661
2026-03-10 11:25:00,65.19,65.37,65.16,65.365,148860
2026-03-10 11:30:00,65.365,65.395,65.245,65.25,119258
2026-03-10 11:35:00,65.25,65.3,65.21,65.275,50435
2026-03-10 11:40:00,65.275,65.32,65.2,65.285,93564
2026-03-10 11:45:00,65.28,65.295,65.11,65.18,157277
2026-03-10 11:50:00,65.18,65.225,65.06,65.115,131619
2026-03-10 11:55:00,65.11,65.14,65.045,65.115,71963
2026-03-10 12:00:00,65.115,65.165,65.09,65.105,126263
2026-03-10 12:05:00,65.1,65.105,64.935,64.95,129993
2026-03-10 12:10:00,64.955,65.1,64.955,65.04,126202
2026-03-10 12:15:00,65.045,65.265,65.03,65.215,194748
2026-03-10 12:20:00,65.215,65.26,65.12,65.255,252973
2026-03-10 12:25:00,65.255,65.27,65.18,65.25,252217
2026-03-10 12:30:00,65.24,65.435,65.23,65.425,177324
2026-03-10 12:35:00,65.425,65.49,65.37,65.405,207016
2026-03-10 12:40:00,65.405,65.455,65.37,65.45,131532
2026-03-10 12:45:00,65.45,65.475,65.32,65.425,186709
2026-03-10 12:50:00,65.425,65.535,65.395,65.505,261587
2026-03-10 12:55:00,65.505,65.56,65.48,65.545,156797
2026-03-10 13:00:00,65.545,65.59,65.465,65.535,193220
2026-03-10 13:05:00,65.54,65.67,65.54,65.655,227645
2026-03-10 13:10:00,65.65,65.685,65.6,65.665,287671
2026-03-10 13:15:00,65.67,65.835,65.67,65.825,208405
2026-03-10 13:20:00,65.83,65.975,65.815,65.91,210584
2026-03-10 13:25:00,65.915,66.15,65.915,66.13,512250
2026-03-10 13:30:00,66.135,66.16,65.96,65.97,415061
2026-03-10 13:35:00,65.97,66.005,65.6,65.74,322608
2026-03-10 13:40:00,65.74,65.81,65.63,65.78,395742
2026-03-10 13:45:00,65.78,65.88,65.72,65.85,179742
2026-03-10 13:50:00,65.85,65.925,65.825,65.895,137791
2026-03-10 13:55:00,65.895,65.985,65.835,65.845,176113
2026-03-10 14:00:00,65.845,65.87,65.75,65.775,106251
2026-03-10 14:05:00,65.77,65.85,65.735,65.76,165768
2026-03-10 14:10:00,65.765,65.855,65.3,65.32,419637
2026-03-10 14:15:00,65.33,65.45,64.9,64.97,490795
2026-03-10 14:20:00,64.965,65.18,64.75,65.07,595824
2026-03-10 14:25:00,65.07,65.34,65.05,65.23,258102
2026-03-10 14:30:00,65.23,65.405,65.17,65.28,316318
2026-03-10 14:35:00,65.28,65.415,65.13,65.285,419915
2026-03-10 14:40:00,65.28,65.28,65.1,65.17,212701
2026-03-10 14:45:00,65.155,65.275,65.105,65.18,154462
2026-03-10 14:50:00,65.175,65.275,65.145,65.23,140073
2026-03-10 14:55:00,65.23,65.26,65.15,65.2,211447
2026-03-10 15:00:00,65.2,65.25,65.16,65.185,198283
2026-03-10 15:05:00,65.19,65.24,65.13,65.19,318711
2026-03-10 15:10:00,65.2,65.205,65.0,65.06,233006
2026-03-10 15:15:00,65.06,65.135,65.0,65.105,242739
2026-03-10 15:20:00,65.1,65.13,64.9,65.055,214920
2026-03-10 15:25:00,65.05,65.075,64.94,64.99,508331
2026-03-10 15:30:00,64.985,64.995,64.895,64.945,166092
2026-03-10 15:35:00,64.945,65.1,64.905,65.095,229499
2026-03-10 15:40:00,65.095,65.245,65.02,65.06,1028762
2026-03-10 15:45:00,65.06,65.085,64.87,64.925,408038
2026-03-10 15:50:00,64.93,64.97,64.765,64.835,1030542
2026-03-10 15:55:00,64.835,64.89,64.64,64.715,1205604
2026-03-10 16:00:00,64.72,64.72,64.72,64.72,393323
2026-03-10 16:10:00,64.53,64.68,64.52,64.68,9718
2026-03-10 16:40:00,64.68,64.76,64.68,64.76,1300
2026-03-10 16:55:00,64.7794,64.7794,64.7794,64.7794,100
2026-03-10 17:15:00,64.6556,64.6556,64.6556,64.6556,100
2026-03-10 17:30:00,64.65,64.65,64.65,64.65,130
2026-03-10 18:35:00,64.66,64.66,64.66,64.66,1000
2026-03-10 19:45:00,64.52,64.52,64.52,64.52,190
2026-03-11 04:45:00,64.59,64.59,64.55,64.55,700
2026-03-11 05:00:00,64.45,64.5,64.45,64.5,450
2026-03-11 05:10:00,64.21,64.21,64.2,64.2,400
2026-03-11 05:25:00,64.2,64.2,64.2,64.2,200
2026-03-11 05:30:00,64.2,64.22,64.2,64.22,2524
2026-03-11 06:00:00,64.16,64.16,64.15,64.15,263
2026-03-11 06:40:00,64.49,64.63,64.49,64.63,2800
2026-03-11 07:25:00,64.57,64.57,64.55,64.55,500
2026-03-11 07:30:00,64.55,64.55,64.52,64.52,3109
2026-03-11 07:35:00,64.6,64.6,64.6,64.6,300
2026-03-11 07:40:00,64.51,64.51,64.49,64.49,1220
2026-03-11 07:45:00,64.47,64.49,64.46,64.49,1577
2026-03-11 07:50:00,64.31,64.31,64.25,64.25,4610
2026-03-11 08:00:00,64.47,64.76,64.2,64.26,31000
2026-03-11 08:05:00,64.71,64.71,64.2,64.2,4900
2026-03-11 08:10:00,64.2,64.2,64.2,64.2,1100
2026-03-11 08:15:00,64.23,64.23,64.15,64.15,13869
2026-03-11 08:20:00,64.15,64.15,64.15,64.15,900
2026-03-11 08:25:00,64.25,64.36,64.25,64.35,10117
2026-03-11 08:30:00,64.55,64.55,64.22,64.24,8469
2026-03-11 08:35:00,64.12,64.19,64.09,64.19,1825
2026-03-11 08:40:00,64.19,64.19,64.14,64.14,1839
2026-03-11 08:45:00,64.02,64.02,63.93,63.95,2570
2026-03-11 08:50:00,64.1,64.1,64.0,64.0,2270
2026-03-11 08:55:00,64.0,64.0,64.0,64.0,1000
2026-03-11 09:00:00,64.1,64.2,64.1,64.19,2900
2026-03-11 09:05:00,64.19,64.27,64.19,64.25,4834
2026-03-11 09:20:00,64.22,64.25,64.22,64.25,1400
2026-03-11 09:25:00,64.12,64.12,64.0,64.01,8351
2026-03-11 09:30:00,64.24,64.62,64.06,64.39,565963
2026-03-11 09:35:00,64.38,64.53,64.17,64.365,485487
2026-03-11 09:40:00,64.38,64.465,63.985,64.135,416253
2026-03-11 09:45:00,64.14,64.175,63.745,63.82,537205
2026-03-11 09:50:00,63.82,64.0,63.65,63.74,417409
2026-03-11 09:55:00,63.74,63.76,63.51,63.595,470223
2026-03-11 10:00:00,63.59,64.12,63.54,63.66,691093
2026-03-11 10:05:00,63.66,64.09,63.605,63.985,353348
2026-03-11 10:10:00,63.97,63.995,63.615,63.805,310483
2026-03-11 10:15:00,63.79,63.98,63.725,63.92,352059
2026-03-11 10:20:00,63.915,63.935,63.6,63.62,507420
2026-03-11 10:25:00,63.62,63.755,63.575,63.63,369401
2026-03-11 10:30:00,63.63,63.825,63.625,63.72,151515
2026-03-11 10:35:00,63.72,64.14,63.71,64.115,145863
2026-03-11 10:40:00,64.115,64.185,64.07,64.185,121561
2026-03-11 10:45:00,64.18,64.25,64.085,64.205,361369
2026-03-11 10:50:00,64.21,64.295,64.055,64.14,456660
2026-03-11 10:55:00,64.15,64.15,63.97,64.07,189130
2026-03-11 11:00:00,64.05,64.17,63.79,63.91,226257
2026-03-11 11:05:00,63.92,63.975,63.84,63.93,69285
2026-03-11 11:10:00,63.935,63.98,63.66,63.67,136154
2026-03-11 11:15:00,63.675,63.775,63.62,63.76,122949
2026-03-11 11:20:00,63.76,63.935,63.705,63.86,170699
2026-03-11 11:25:00,63.85,63.9,63.71,63.715,145059
2026-03-11 11:30:00,63.72,63.805,63.665,63.74,96744
2026-03-11 11:35:00,63.75,63.785,63.6732,63.675,71826
2026-03-11 11:40:00,63.675,63.71,63.575,63.575,80042
2026-03-11 11:45:00,63.57,63.615,63.43,63.49,176167
2026-03-11 11:50:00,63.49,63.575,63.445,63.575,358969
2026-03-11 11:55:00,63.585,63.59,63.435,63.45,148123
2026-03-11 12:00:00,63.46,63.495,63.38,63.385,191432
2026-03-11 12:05:00,63.385,63.44,63.365,63.41,189756
2026-03-11 12:10:00,63.41,63.525,63.385,63.515,364058
2026-03-11 12:15:00,63.51,63.57,63.46,63.485,145958
2026-03-11 12:20:00,63.485,63.57,63.43,63.5391,90686
2026-03-11 12:25:00,63.54,63.59,63.49,63.545,117846
2026-03-11 12:30:00,63.54,63.72,63.54,63.72,114636
2026-03-11 12:35:00,63.715,63.735,63.651,63.715,129313
2026-03-11 12:40:00,63.715,63.79,63.67,63.69,138876
2026-03-11 12:45:00,63.69,63.785,63.65,63.72,117376
2026-03-11 12:50:00,63.715,63.795,63.715,63.755,150961
2026-03-11 12:55:00,63.755,63.775,63.621,63.755,199351
2026-03-11 13:00:00,63.755,63.77,63.59,63.605,327503
2026-03-11 13:05:00,63.605,63.765,63.59,63.68,90505
2026-03-11 13:10:00,63.67,63.72,63.605,63.645,100422
2026-03-11 13:15:00,63.65,63.685,63.605,63.685,68043
2026-03-11 13:20:00,63.69,63.825,63.66,63.825,70139
2026-03-11 13:25:00,63.825,63.935,63.8,63.91,103088
2026-03-11 13:30:00,63.92,63.935,63.82,63.845,124691
2026-03-11 13:35:00,63.845,63.85,63.565,63.65,162954
2026-03-11 13:40:00,63.655,63.705,63.48,63.545,114050
2026-03-11 13:45:00,63.54,63.635,63.365,63.4,201481
2026-03-11 13:50:00,63.405,63.685,63.405,63.62,217877
2026-03-11 13:55:00,63.61,63.66,63.52,63.64,128736
2026-03-11 14:00:00,63.63,63.705,63.595,63.62,104783
2026-03-11 14:05:00,63.625,63.64,63.475,63.495,179988
2026-03-11 14:10:00,63.5,63.61,63.43,63.575,344696
2026-03-11 14:15:00,63.575,63.715,63.575,63.71,123214
2026-03-11 14:20:00,63.7156,63.77,63.635,63.68,157416
2026-03-11 14:25:00,63.67,63.845,63.66,63.805,87736
2026-03-11 14:30:00,63.795,63.825,63.745,63.825,91097
2026-03-11 14:35:00,63.825,63.83,63.665,63.685,124094
2026-03-11 14:40:00,63.685,63.765,63.67,63.765,78176
2026-03-11 14:45:00,63.765,63.82,63.75,63.765,360623
2026-03-11 14:50:00,63.765,63.85,63.74,63.785,221931
2026-03-11 14:55:00,63.785,63.8,63.67,63.735,138816
2026-03-11 15:00:00,63.735,63.74,63.59,63.625,104203
2026-03-11 15:05:00,63.625,63.64,63.525,63.63,78745
2026-03-11 15:10:00,63.63,63.69,63.605,63.64,109242
2026-03-11 15:15:00,63.635,63.695,63.615,63.68,107539
2026-03-11 15:20:00,63.675,63.72,63.65,63.69,192616
2026-03-11 15:25:00,63.69,63.735,63.65,63.71,124829
2026-03-11 15:30:00,63.7,63.78,63.66,63.775,322498
2026-03-11 15:35:00,63.775,63.8,63.73,63.775,270671
2026-03-11 15:40:00,63.78,63.865,63.75,63.865,402384
2026-03-11 15:45:00,63.86,63.9,63.825,63.84,282698
2026-03-11 15:50:00,63.84,63.96,63.79,63.95,922891
2026-03-11 15:55:00,63.95,64.0,63.935,63.97,1441749
2026-03-11 16:00:00,63.98,64.0,63.97,64.0,571985
2026-03-11 16:05:00,64.0,64.02,64.0,64.02,34580
2026-03-11 16:10:00,64.02,64.05,64.02,64.05,9905
2026-03-11 16:15:00,64.05,64.1,64.05,64.1,12670
2026-03-11 16:20:00,63.97,63.97,63.97,63.97,100
2026-03-11 16:25:00,63.98,64.06,63.97,64.06,7235
2026-03-11 16:35:00,64.039,64.06,64.039,64.06,3730
2026-03-11 16:40:00,63.92,63.92,63.92,63.92,100
2026-03-11 16:50:00,64.05,64.05,64.0,64.0,940
2026-03-11 17:10:00,63.88,63.88,63.88,63.88,700
2026-03-11 17:15:00,63.85,63.85,63.85,63.85,300
2026-03-11 17:35:00,63.9902,63.9902,63.9902,63.9902,100
2026-03-11 17:45:00,63.98,63.99,63.98,63.99,500
2026-03-11 18:00:00,63.85,63.87,63.77,63.77,1779
2026-03-11 18:05:00,63.75,63.75,63.75,63.75,500
2026-03-11 18:15:00,63.74,63.83,63.74,63.8,5502
2026-03-11 18:20:00,63.76,63.76,63.49,63.71,4422
2026-03-11 18:25:00,63.55,63.56,63.55,63.56,1200
2026-03-11 18:30:00,63.56,63.56,63.44,63.44,5575
2026-03-11 18:35:00,63.44,63.48,63.4,63.42,6296
2026-03-11 18:40:00,63.35,63.35,63.3,63.33,6193
2026-03-11 18:45:00,63.41,63.44,63.41,63.44,1100
2026-03-11 18:50:00,63.4,63.4,63.4,63.4,160
2026-03-11 18:55:00,63.43,63.43,63.43,63.43,100
2026-03-11 19:00:00,63.3472,63.3472,63.3469,63.3472,1200
2026-03-11 19:05:00,63.34,63.35,63.28,63.28,766
2026-03-11 19:10:00,63.36,63.36,63.36,63.36,318
2026-03-11 19:15:00,63.34,63.34,63.34,63.34,1500
2026-03-11 19:20:00,63.25,63.25,63.21,63.21,1900
2026-03-11 19:25:00,63.26,63.27,63.26,63.27,200
2026-03-11 19:30:00,63.15,63.15,63.15,63.15,100
2026-03-11 19:35:00,63.1065,63.1065,62.9707,62.9707,1698
2026-03-11 19:40:00,62.97,63.0,62.97,62.97,1191
2026-03-11 19:45:00,62.96,63.01,62.94,63.01,6938
2026-03-11 19:50:00,62.9988,62.9988,62.9988,62.9988,120
2026-03-12 04:00:00,63.35,63.36,63.35,63.35,1400
2026-03-12 04:05:00,63.35,63.35,63.35,63.35,5005
2026-03-12 04:10:00,63.18,63.18,63.18,63.18,100
2026-03-12 04:25:00,63.3,63.3,63.3,63.3,125
2026-03-12 04:35:00,63.35,63.35,63.35,63.35,620
2026-03-12 04:40:00,63.27,63.27,63.27,63.27,300
2026-03-12 04:45:00,63.21,63.21,63.21,63.21,260
2026-03-12 05:00:00,63.23,63.23,63.19,63.19,3420
2026-03-12 05:40:00,63.18,63.2,63.18,63.19,514
2026-03-12 05:55:00,63.29,63.34,63.29,63.34,3179
2026-03-12 06:30:00,63.32,63.35,63.32,63.35,1000
2026-03-12 06:45:00,63.39,63.4,63.36,63.4,1375
2026-03-12 06:50:00,63.25,63.25,63.23,63.23,2431
2026-03-12 06:55:00,63.26,63.26,63.24,63.24,500
2026-03-12 07:00:00,63.32,63.32,63.23,63.23,2301
2026-03-12 07:05:00,63.14,63.14,63.11,63.12,6234
2026-03-12 07:10:00,63.09,63.09,63.01,63.01,2720
2026-03-12 07:20:00,63.01,63.2,63.01,63.2,5675
2026-03-12 07:30:00,63.18,63.3,63.18,63.3,8496
2026-03-12 07:40:00,63.36,63.48,63.35,63.48,6493
2026-03-12 07:50:00,63.36,63.36,63.27,63.27,3351
2026-03-12 08:00:00,63.378,63.378,62.7,62.99,12590
2026-03-12 08:05:00,62.81,62.9,62.81,62.9,927
2026-03-12 08:10:00,62.96,63.03,62.96,63.0,5540
2026-03-12 08:20:00,62.95,62.95,62.95,62.95,1200
2026-03-12 08:25:00,63.0,63.0,63.0,63.0,999
2026-03-12 08:30:00,62.95,62.95,62.95,62.95,629
2026-03-12 08:40:00,62.92,62.92,62.9,62.9,1087
2026-03-12 08:50:00,62.9,62.92,62.9,62.92,5454
2026-03-12 08:55:00,62.97,62.98,62.97,62.98,2487
2026-03-12 09:00:00,63.0,63.03,62.98,63.02,3064
2026-03-12 09:05:00,63.01,63.01,63.0,63.0,500
2026-03-12 09:10:00,63.03,63.04,62.87,62.88,16737
2026-03-12 09:15:00,62.86,62.86,62.8,62.8,7910
2026-03-12 09:20:00,62.76,62.79,62.75,62.7501,657
2026-03-12 09:25:00,62.79,62.8,62.7,62.7,700
2026-03-12 09:30:00,62.69,62.885,62.39,62.57,866617
2026-03-12 09:35:00,62.57,62.92,62.465,62.9,769149
2026-03-12 09:40:00,62.89,62.97,62.695,62.765,514297
2026-03-12 09:45:00,62.76,62.96,62.615,62.96,236346
2026-03-12 09:50:00,62.96,63.03,62.635,62.65,222808
2026-03-12 09:55:00,62.65,62.82,62.59,62.76,374702
2026-03-12 10:00:00,62.77,62.9,62.67,62.69,280995
2026-03-12 10:05:00,62.7,62.88,62.49,62.87,399600
2026-03-12 10:10:00,62.88,63.005,62.84,62.97,210909
2026-03-12 10:15:00,62.97,63.02,62.855,62.93,240521
2026-03-12 10:20:00,62.92,62.945,62.71,62.805,236004
2026-03-12 10:25:00,62.8,62.89,62.695,62.73,151651
2026-03-12 10:30:00,62.71,62.745,62.605,62.735,199548
2026-03-12 10:35:00,62.73,62.865,62.69,62.855,182504
2026-03-12 10:40:00,62.86,63.02,62.78,63.01,110017
2026-03-12 10:45:00,63.015,63.165,62.875,62.92,189933
2026-03-12 10:50:00,62.925,63.01,62.825,62.99,103773
2026-03-12 10:55:00,62.99,63.04,62.94,63.025,192111
2026-03-12 11:00:00,63.03,63.05,62.895,62.92,123959
2026-03-12 11:05:00,62.91,63.005,62.86,63.0,96442
2026-03-12 11:10:00,62.99,63.07,62.9,63.06,183772
2026-03-12 11:15:00,63.06,63.095,62.98,63.01,260158
2026-03-12 11:20:00,63.0,63.085,62.905,63.085,117626
2026-03-12 11:25:00,63.08,63.26,63.075,63.17,154969
2026-03-12 11:30:00,63.17,63.2275,63.095,63.15,149246
2026-03-12 11:35:00,63.145,63.505,63.055,63.5,180574
2026-03-12 11:40:00,63.5,63.555,63.33,63.46,192775
2026-03-12 11:45:00,63.45,63.55,63.32,63.42,300832
2026-03-12 11:50:00,63.43,63.54,63.37,63.485,235192
2026-03-12 11:55:00,63.49,63.495,63.345,63.425,141153
2026-03-12 12:00:00,63.425,63.57,63.38,63.57,136445
2026-03-12 12:05:00,63.575,63.575,63.31,63.32,149442
2026-03-12 12:10:00,63.32,63.445,63.275,63.41,139243
2026-03-12 12:15:00,63.415,63.65,63.415,63.56,161935
2026-03-12 12:20:00,63.58,63.875,63.575,63.66,526813
2026-03-12 12:25:00,63.65,63.665,63.4,63.415,135763
2026-03-12 12:30:00,63.415,63.46,63.28,63.39,145694
2026-03-12 12:35:00,63.4,63.59,63.39,63.525,136430
2026-03-12 12:40:00,63.525,63.575,63.46,63.57,106058
2026-03-12 12:45:00,63.56,63.56,63.32,63.455,92065
2026-03-12 12:50:00,63.45,63.51,63.41,63.5,74076
2026-03-12 12:55:00,63.505,63.54,63.34,63.54,92349
2026-03-12 13:00:00,63.53,63.59,63.43,63.52,185881
2026-03-12 13:05:00,63.51,63.59,63.425,63.43,141884
2026-03-12 13:10:00,63.45,63.495,63.34,63.365,47709
2026-03-12 13:15:00,63.355,63.38,63.295,63.31,53974
2026-03-12 13:20:00,63.3,63.46,63.295,63.39,68262
2026-03-12 13:25:00,63.395,63.435,63.325,63.385,68017
2026-03-12 13:30:00,63.39,63.505,63.375,63.43,131649
2026-03-12 13:35:00,63.435,63.545,63.435,63.52,96519
2026-03-12 13:40:00,63.52,63.58,63.36,63.42,120886
2026-03-12 13:45:00,63.425,63.425,63.25,63.31,174650
2026-03-12 13:50:00,63.31,63.375,63.165,63.17,98496
2026-03-12 13:55:00,63.17,63.29,63.11,63.27,198800
2026-03-12 14:00:00,63.27,63.485,63.245,63.45,666360
2026-03-12 14:05:00,63.44,63.47,63.395,63.435,177523
2026-03-12 14:10:00,63.435,63.6,63.435,63.555,140919
2026-03-12 14:15:00,63.55,63.615,63.435,63.435,166524
2026-03-12 14:20:00,63.435,63.5,63.385,63.445,128403
2026-03-12 14:25:00,63.44,63.505,63.405,63.505,99904
2026-03-12 14:30:00,63.5,63.535,63.45,63.46,108373
2026-03-12 14:35:00,63.47,63.485,63.405,63.465,77930
2026-03-12 14:40:00,63.46,63.505,63.405,63.5,72427
2026-03-12 14:45:00,63.5003,63.525,63.41,63.44,218476
2026-03-12 14:50:00,63.445,63.485,63.39,63.455,226251
2026-03-12 14:55:00,63.45,63.475,63.39,63.42,124370
2026-03-12 15:00:00,63.42,63.47,63.32,63.335,214179
2026-03-12 15:05:00,63.33,63.44,63.32,63.44,206183
2026-03-12 15:10:00,63.445,63.465,63.375,63.405,194783
2026-03-12 15:15:00,63.405,63.47,63.35,63.435,254422
2026-03-12 15:20:00,63.435,63.5,63.405,63.4722,137842
2026-03-12 15:25:00,63.475,63.515,63.46,63.495,75039
2026-03-12 15:30:00,63.5,63.55,63.485,63.505,137905
2026-03-12 15:35:00,63.505,63.545,63.445,63.525,275592
2026-03-12 15:40:00,63.52,63.525,63.44,63.495,295538
2026-03-12 15:45:00,63.49,63.505,63.42,63.485,322642
2026-03-12 15:50:00,63.49,63.595,63.45,63.515,628032
2026-03-12 15:55:00,63.52,63.565,63.39,63.465,1250935
2026-03-12 16:00:00,63.47,63.6,63.46,63.47,432297
2026-03-12 16:05:00,63.59,63.59,63.59,63.59,873
2026-03-12 16:15:00,63.46,63.46,63.46,63.46,680986
2026-03-12 16:30:00,63.47,63.47,63.26,63.26,292599
2026-03-12 16:35:00,63.27,63.4,63.27,63.31,36678
2026-03-12 16:40:00,63.31,63.32,63.31,63.31,4100
2026-03-12 16:45:00,63.39,63.39,63.39,63.39,343
2026-03-12 16:50:00,63.39,63.46,63.39,63.3919,18943
2026-03-12 17:10:00,63.34,63.34,63.34,63.34,197
2026-03-12 17:20:00,63.3308,63.3308,63.3308,63.3308,100
2026-03-12 17:40:00,63.39,63.39,63.39,63.39,144
2026-03-12 17:45:00,63.43,63.45,63.43,63.45,2898
2026-03-12 19:40:00,63.59,63.6,63.59,63.6,1800
2026-03-13 04:00:00,63.24,63.27,63.17,63.17,3136
2026-03-13 04:05:00,63.13,63.15,63.13,63.15,980
2026-03-13 04:10:00,63.0,63.0,63.0,63.0,889
2026-03-13 04:15:00,63.0,63.0,63.0,63.0,572
2026-03-13 04:30:00,63.0,63.0,63.0,63.0,200
2026-03-13 04:35:00,63.0,63.31,63.0,63.31,1238
2026-03-13 05:00:00,63.4,63.43,63.4,63.43,700
2026-03-13 05:45:00,63.46,63.46,63.46,63.46,142
2026-03-13 06:20:00,63.56,63.56,63.56,63.56,100
2026-03-13 06:40:00,63.67,63.67,63.65,63.66,1705
2026-03-13 07:00:00,63.67,63.67,63.67,63.67,7665
2026-03-13 07:15:00,63.79,63.79,63.79,63.79,240
2026-03-13 07:20:00,63.8,63.8,63.8,63.8,3190
2026-03-13 07:45:00,63.79,63.8,63.79,63.8,1221
2026-03-13 08:00:00,63.45,63.926,63.45,63.926,3147
2026-03-13 08:05:00,63.8,63.8,63.72,63.72,6697
2026-03-13 08:10:00,63.86,63.86,63.86,63.86,100
2026-03-13 08:20:00,63.72,63.8,63.7,63.7,12202
2026-03-13 08:25:00,63.83,63.83,63.83,63.83,120
2026-03-13 08:30:00,63.87,63.87,63.87,63.87,150
2026-03-13 08:35:00,63.84,63.85,63.84,63.85,1300
2026-03-13 08:40:00,63.87,63.87,63.87,63.87,300
2026-03-13 08:45:00,63.86,64.06,63.86,63.92,7255
2026-03-13 08:50:00,63.93,63.93,63.8,63.82,3295
2026-03-13 08:55:00,63.83,63.83,63.83,63.83,218
2026-03-13 09:00:00,63.86,63.86,63.86,63.86,200
2026-03-13 09:15:00,63.84,63.84,63.84,63.84,163
2026-03-13 09:20:00,63.93,63.95,63.93,63.95,1458
2026-03-13 09:25:00,63.95,64.01,63.94,64.01,14544
2026-03-13 09:30:00,63.92,64.24,63.74,64.015,459529
2026-03-13 09:35:00,64.0,64.195,63.91,64.195,322511
2026-03-13 09:40:00,64.195,64.22,63.89,64.12,256363
2026-03-13 09:45:00,64.105,64.1101,63.7,63.72,257022
2026-03-13 09:50:00,63.72,63.78,63.56,63.75,249644
2026-03-13 09:55:00,63.74,63.745,63.49,63.495,216145
2026-03-13 10:00:00,63.5,63.54,62.96,63.11,363628
2026-03-13 10:05:00,63.11,63.305,63.11,63.295,618760
2026-03-13 10:10:00,63.29,63.345,63.165,63.267,222011
2026-03-13 10:15:00,63.27,63.3,63.145,63.245,157066
2026-03-13 10:20:00,63.24,63.38,63.19,63.265,282222
2026-03-13 10:25:00,63.265,63.46,63.23,63.455,129562
2026-03-13 10:30:00,63.47,63.72,63.47,63.645,261041
2026-03-13 10:35:00,63.65,63.66,63.54,63.54,257804
2026-03-13 10:40:00,63.54,63.545,63.305,63.395,333680
2026-03-13 10:45:00,63.4,63.43,63.31,63.39,365024
2026-03-13 10:50:00,63.39,63.455,63.3,63.42,139150
2026-03-13 10:55:00,63.41,63.46,63.2901,63.4,197657
2026-03-13 11:00:00,63.41,63.46,63.24,63.26,196385
2026-03-13 11:05:00,63.265,63.355,63.235,63.35,127961
2026-03-13 11:10:00,63.355,63.435,63.31,63.325,61670
2026-03-13 11:15:00,63.33,63.39,63.285,63.32,187597
2026-03-13 11:20:00,63.33,63.41,63.235,63.235,63304
2026-03-13 11:25:00,63.23,63.285,63.195,63.215,131546
2026-03-13 11:30:00,63.22,63.37,63.205,63.35,74165
2026-03-13 11:35:00,63.355,63.39,63.17,63.365,78254
2026-03-13 11:40:00,63.36,63.4,63.245,63.36,153028
2026-03-13 11:45:00,63.37,63.57,63.32,63.48,263319
2026-03-13 11:50:00,63.49,63.51,63.38,63.46,156923
2026-03-13 11:55:00,63.44,63.46,63.295,63.38,195030
2026-03-13 12:00:00,63.38,63.465,63.29,63.3,106211
2026-03-13 12:05:00,63.315,63.38,63.25,63.33,171227
2026-03-13 12:10:00,63.335,63.46,63.32,63.34,112948
2026-03-13 12:15:00,63.34,63.37,63.24,63.285,148044
2026-03-13 12:20:00,63.29,63.385,63.2531,63.305,46916
2026-03-13 12:25:00,63.32,63.34,63.265,63.295,125273
2026-03-13 12:30:00,63.29,63.375,63.28,63.31,61684
2026-03-13 12:35:00,63.32,63.47,63.27,63.42,133205
2026-03-13 12:40:00,63.41,63.475,63.285,63.285,74415
2026-03-13 12:45:00,63.285,63.34,63.24,63.34,59806
2026-03-13 12:50:00,63.345,63.43,63.33,63.41,51249
2026-03-13 12:55:00,63.41,63.44,63.25,63.28,120451
2026-03-13 13:00:00,63.295,63.375,63.24,63.24,112031
2026-03-13 13:05:00,63.24,63.32,63.24,63.27,92089
2026-03-13 13:10:00,63.29,63.355,63.2,63.355,72672
2026-03-13 13:15:00,63.36,63.38,63.27,63.31,97075
2026-03-13 13:20:00,63.315,63.37,63.215,63.27,78746
2026-03-13 13:25:00,63.27,63.3,63.185,63.24,219534
2026-03-13 13:30:00,63.24,63.28,63.135,63.19,141224
2026-03-13 13:35:00,63.195,63.25,63.11,63.25,258525
2026-03-13 13:40:00,63.25,63.295,63.195,63.295,94964
2026-03-13 13:45:00,63.295,63.325,63.19,63.19,113867
2026-03-13 13:50:00,63.18,63.22,63.14,63.185,78649
2026-03-13 13:55:00,63.185,63.225,63.16,63.205,80533
2026-03-13 14:00:00,63.21,63.24,63.145,63.23,89561
2026-03-13 14:05:00,63.24,63.26,63.12,63.205,136411
2026-03-13 14:10:00,63.21,63.305,63.2,63.265,124000
2026-03-13 14:15:00,63.26,63.33,63.24,63.28,196723
2026-03-13 14:20:00,63.29,63.3,63.21,63.275,135690
2026-03-13 14:25:00,63.26,63.285,63.24,63.28,122966
2026-03-13 14:30:00,63.27,63.37,63.24,63.355,135321
2026-03-13 14:35:00,63.355,63.43,63.295,63.33,93544
2026-03-13 14:40:00,63.34,63.34,63.255,63.31,97244
2026-03-13 14:45:00,63.305,63.3601,63.295,63.305,88678
2026-03-13 14:50:00,63.295,63.3,63.175,63.2,89439
2026-03-13 14:55:00,63.19,63.2,63.09,63.16,90161
2026-03-13 15:00:00,63.16,63.165,63.125,63.15,100466
2026-03-13 15:05:00,63.16,63.16,63.06,63.11,119705
2026-03-13 15:10:00,63.11,63.21,63.11,63.18,43894
2026-03-13 15:15:00,63.19,63.245,63.16,63.245,125386
2026-03-13 15:20:00,63.245,63.25,63.14,63.145,110467
2026-03-13 15:25:00,63.14,63.175,63.095,63.135,209736
2026-03-13 15:30:00,63.135,63.23,63.135,63.17,234371
2026-03-13 15:35:00,63.17,63.18,63.055,63.06,309150
2026-03-13 15:40:00,63.07,63.075,63.01,63.06,511812
2026-03-13 15:45:00,63.07,63.095,63.015,63.015,502462
2026-03-13 15:50:00,63.02,63.13,63.0,63.055,1059783
2026-03-13 15:55:00,63.055,63.14,63.01,63.115,1711025
2026-03-13 16:00:00,63.11,63.27,63.11,63.27,210487
2026-03-13 16:10:00,63.13,63.13,63.1,63.1,200
2026-03-13 16:20:00,63.1,63.1,63.1,63.1,500
2026-03-13 16:25:00,63.08,63.14,63.08,63.14,8087
2026-03-13 16:30:00,63.11,63.11,63.1,63.1,2204
2026-03-13 16:35:00,63.12,63.12,63.1,63.1,2974
2026-03-13 16:40:00,63.05,63.05,63.0,63.0,24740
2026-03-13 17:05:00,63.02,63.02,63.02,63.02,885
2026-03-13 17:35:00,62.9,62.9,62.9,62.9,180
2026-03-16 04:00:00,63.11,63.11,63.11,63.11,500
2026-03-16 04:05:00,63.25,63.31,63.24,63.26,1900
2026-03-16 04:50:00,63.37,63.37,63.37,63.37,180
2026-03-16 05:35:00,63.21,63.21,63.16,63.16,7358
2026-03-16 05:45:00,63.15,63.2,63.15,63.2,787
2026-03-16 06:00:00,63.13,63.13,62.82,63.12,1384
2026-03-16 06:10:00,63.14,63.2,63.14,63.2,7099
2026-03-16 07:05:00,63.53,63.59,63.32,63.32,6500
2026-03-16 07:20:00,63.38,63.4,63.38,63.4,1750
2026-03-16 07:40:00,63.53,63.55,63.53,63.55,750
2026-03-16 07:45:00,63.44,63.54,63.4,63.53,16505
2026-03-16 07:50:00,63.53,63.53,63.52,63.53,3516
2026-03-16 07:55:00,63.52,63.53,63.52,63.53,3839
2026-03-16 08:00:00,63.58,63.67,63.27,63.61,1022
2026-03-16 08:05:00,63.07,63.61,63.07,63.4468,505
2026-03-16 08:10:00,63.71,63.8,63.71,63.8,353
2026-03-16 08:15:00,63.75,63.78,63.75,63.77,17706
2026-03-16 08:25:00,63.65,63.65,63.65,63.65,100
2026-03-16 08:40:00,63.77,63.77,63.77,63.77,1200
2026-03-16 08:45:00,63.77,63.77,63.77,63.77,1059
2026-03-16 09:15:00,63.71,63.71,63.71,63.71,100
2026-03-16 09:25:00,63.71,63.71,63.71,63.71,100
2026-03-16 09:30:00,63.81,63.91,63.67,63.78,375802
2026-03-16 09:35:00,63.78,63.945,63.675,63.945,251010
2026-03-16 09:40:00,63.93,64.12,63.825,64.0703,223512
2026-03-16 09:45:00,64.075,64.105,63.91,63.995,193700
2026-03-16 09:50:00,64.0,64.015,63.82,63.825,143963
2026-03-16 09:55:00,63.825,64.0999,63.815,64.09,257424
2026-03-16 10:00:00,64.085,64.175,63.97,64.14,318008
2026-03-16 10:05:00,64.14,64.205,63.97,64.125,285200
2026-03-16 10:10:00,64.1201,64.24,63.96,64.11,180174
2026-03-16 10:15:00,64.115,64.145,64.035,64.065,127894
2026-03-16 10:20:00,64.065,64.22,64.055,64.11,111209
2026-03-16 10:25:00,64.11,64.205,64.055,64.055,96438
2026-03-16 10:30:00,64.055,64.09,63.85,63.86,247800
2026-03-16 10:35:00,63.87,63.995,63.87,63.905,130540
2026-03-16 10:40:00,63.9,64.005,63.83,63.865,179171
2026-03-16 10:45:00,63.86,63.935,63.84,63.885,124594
2026-03-16 10:50:00,63.88,64.165,63.88,64.165,127305
2026-03-16 10:55:00,64.165,64.275,64.115,64.275,105863
2026-03-16 11:00:00,64.27,64.3,64.125,64.151,113346
2026-03-16 11:05:00,64.15,64.15,63.985,64.07,119832
2026-03-16 11:10:00,64.06,64.065,63.905,63.92,103235
2026-03-16 11:15:00,63.92,63.975,63.825,63.965,158037
2026-03-16 11:20:00,63.97,64.08,63.95,64.02,68601
2026-03-16 11:25:00,64.025,64.105,64.01,64.07,47102
2026-03-16 11:30:00,64.075,64.1097,64.025,64.07,43395
2026-03-16 11:35:00,64.08,64.09,63.965,63.965,60038
2026-03-16 11:40:00,63.965,63.97,63.9,63.93,51089
2026-03-16 11:45:00,63.93,64.025,63.905,63.995,58746
2026-03-16 11:50:00,63.99,63.995,63.845,63.92,71413
2026-03-16 11:55:00,63.92,63.975,63.83,63.835,126975
2026-03-16 12:00:00,63.835,63.875,63.755,63.755,64192
2026-03-16 12:05:00,63.76,63.895,63.755,63.895,64265
2026-03-16 12:10:00,63.9,63.965,63.885,63.955,156864
2026-03-16 12:15:00,63.95,63.99,63.9,63.9,98193
2026-03-16 12:20:00,63.905,63.94,63.71,63.71,112530
2026-03-16 12:25:00,63.705,63.705,63.605,63.64,157989
2026-03-16 12:30:00,63.645,63.695,63.585,63.675,147848
2026-03-16 12:35:00,63.675,63.805,63.67,63.805,79951
2026-03-16 12:40:00,63.8,63.875,63.78,63.805,92133
2026-03-16 12:45:00,63.8,63.855,63.755,63.805,129065
2026-03-16 12:50:00,63.8,63.855,63.791,63.805,106243
2026-03-16 12:55:00,63.805,63.82,63.695,63.7,135715
2026-03-16 13:00:00,63.705,63.85,63.705,63.745,230586
2026-03-16 13:05:00,63.745,63.82,63.72,63.795,107861
2026-03-16 13:10:00,63.795,63.935,63.795,63.905,145311
2026-03-16 13:15:00,63.91,63.92,63.835,63.915,133184
2026-03-16 13:20:00,63.92,63.935,63.855,63.87,116434
2026-03-16 13:25:00,63.87,63.88,63.83,63.85,34580
2026-03-16 13:30:00,63.85,63.895,63.785,63.825,65331
2026-03-16 13:35:00,63.82,63.865,63.81,63.825,54968
2026-03-16 13:40:00,63.825,63.825,63.76,63.775,56274
2026-03-16 13:45:00,63.775,63.82,63.69,63.71,71553
2026-03-16 13:50:00,63.7,63.75,63.66,63.705,55196
2026-03-16 13:55:00,63.7,63.79,63.675,63.75,54357
2026-03-16 14:00:00,63.76,63.805,63.75,63.795,82942
2026-03-16 14:05:00,63.795,63.85,63.755,63.785,66822
2026-03-16 14:10:00,63.785,63.83,63.705,63.77,51648
2026-03-16 14:15:00,63.765,63.83,63.755,63.82,40072
2026-03-16 14:20:00,63.81,63.8893,63.785,63.84,36220
2026-03-16 14:25:00,63.845,63.85,63.755,63.765,60602
2026-03-16 14:30:00,63.77,63.79,63.64,63.735,105739
2026-03-16 14:35:00,63.74,63.785,63.705,63.765,67856
2026-03-16 14:40:00,63.77,63.785,63.725,63.74,47255
2026-03-16 14:45:00,63.74,63.785,63.715,63.765,108798
2026-03-16 14:50:00,63.765,63.77,63.675,63.675,54144
2026-03-16 14:55:00,63.675,63.7,63.65,63.7,35274
2026-03-16 15:00:00,63.71,63.765,63.71,63.725,68889
2026-03-16 15:05:00,63.72,63.8,63.635,63.8,208025
2026-03-16 15:10:00,63.8,63.88,63.7,63.71,317252
2026-03-16 15:15:00,63.7,63.7,63.6,63.601,74693
2026-03-16 15:20:00,63.595,63.645,63.58,63.585,97130
2026-03-16 15:25:00,63.59,63.59,63.48,63.53,333524
2026-03-16 15:30:00,63.535,63.585,63.515,63.515,128199
2026-03-16 15:35:00,63.515,63.565,63.485,63.545,146845
2026-03-16 15:40:00,63.54,63.565,63.495,63.525,291742
2026-03-16 15:45:00,63.525,63.58,63.495,63.575,449814
2026-03-16 15:50:00,63.57,63.625,63.51,63.525,892110
2026-03-16 15:55:00,63.525,63.585,63.46,63.465,1306964
2026-03-16 16:00:00,63.46,63.47,63.33,63.37,154373
2026-03-16 16:30:00,63.44,63.44,63.44,63.44,11202
2026-03-16 16:35:00,63.42,63.49,63.28,63.49,10358
2026-03-16 19:20:00,63.4,63.4,63.4,63.4,100
2026-03-17 07:00:00,63.25,63.25,63.25,63.25,100
2026-03-17 08:00:00,63.17,63.17,62.77,63.16,3167
2026-03-17 08:05:00,62.81,63.17,62.81,63.17,513
2026-03-17 08:40:00,63.66,63.66,63.66,63.66,100
2026-03-17 09:05:00,63.73,63.73,63.73,63.73,426
2026-03-17 09:10:00,63.78,63.78,63.77,63.77,200
2026-03-17 09:15:00,63.83,63.83,63.82,63.83,1600
2026-03-17 09:25:00,64.02,64.11,63.95,64.08,11716
2026-03-17 09:30:00,64.05,64.44,64.05,64.26,465426
2026-03-17 09:35:00,64.27,64.4,64.17,64.265,505311
2026-03-17 09:40:00,64.26,64.29,64.01,64.01,320033
2026-03-17 09:45:00,64.0,64.11,63.955,64.05,204768
2026-03-17 09:50:00,64.04,64.075,63.92,63.965,212140
2026-03-17 09:55:00,63.96,64.095,63.87,63.91,162807
2026-03-17 10:00:00,63.915,63.915,63.67,63.77,268243
2026-03-17 10:05:00,63.76,63.89,63.64,63.655,332602
2026-03-17 10:10:00,63.655,63.68,63.465,63.465,229699
2026-03-17 10:15:00,63.46,63.488,63.26,63.485,533747
2026-03-17 10:20:00,63.5,63.5,63.22,63.27,90345
2026-03-17 10:25:00,63.25,63.46,63.14,63.435,212136
2026-03-17 10:30:00,63.44,63.49,63.31,63.485,160290
2026-03-17 10:35:00,63.49,63.51,63.39,63.48,93603
2026-03-17 10:40:00,63.48,63.625,63.44,63.62,86606
2026-03-17 10:45:00,63.62,63.76,63.6,63.72,201952
2026-03-17 10:50:00,63.735,63.82,63.72,63.75,221363
2026-03-17 10:55:00,63.75,63.825,63.7278,63.815,189661
2026-03-17 11:00:00,63.82,63.83,63.6536,63.685,116093
2026-03-17 11:05:00,63.68,63.68,63.51,63.53,223370
2026-03-17 11:10:00,63.53,63.565,63.435,63.49,201308
2026-03-17 11:15:00,63.5,63.62,63.5,63.55,72890
2026-03-17 11:20:00,63.54,63.575,63.46,63.57,64797
2026-03-17 11:25:00,63.565,63.645,63.495,63.54,107944
2026-03-17 11:30:00,63.545,63.595,63.415,63.425,83749
2026-03-17 11:35:00,63.435,63.505,63.335,63.41,159112
2026-03-17 11:40:00,63.41,63.46,63.37,63.44,99209
2026-03-17 11:45:00,63.44,63.525,63.43,63.48,113041
2026-03-17 11:50:00,63.49,63.58,63.455,63.55,77949
2026-03-17 11:55:00,63.545,63.58,63.455,63.51,104185
2026-03-17 12:00:00,63.51,63.51,63.355,63.39,84654
2026-03-17 12:05:00,63.39,63.44,63.33,63.415,113437
2026-03-17 12:10:00,63.42,63.46,63.355,63.38,97820
2026-03-17 12:15:00,63.39,63.505,63.39,63.48,98101
2026-03-17 12:20:00,63.48,63.485,63.38,63.48,67129
2026-03-17 12:25:00,63.47,63.495,63.375,63.42,83414
2026-03-17 12:30:00,63.425,63.44,63.285,63.34,119142
2026-03-17 12:35:00,63.34,63.38,63.3,63.315,149535
2026-03-17 12:40:00,63.32,63.42,63.29,63.415,121570
2026-03-17 12:45:00,63.42,63.52,63.405,63.48,254927
2026-03-17 12:50:00,63.48,63.54,63.47,63.495,153239
2026-03-17 12:55:00,63.49,63.585,63.45,63.475,225142
2026-03-17 13:00:00,63.475,63.61,63.45,63.6,122621
2026-03-17 13:05:00,63.595,63.63,63.565,63.59,108764
2026-03-17 13:10:00,63.59,63.625,63.555,63.615,112557
2026-03-17 13:15:00,63.61,63.615,63.545,63.565,30606
2026-03-17 13:20:00,63.565,63.565,63.515,63.515,49006
2026-03-17 13:25:00,63.515,63.57,63.485,63.57,64714
2026-03-17 13:30:00,63.57,63.635,63.545,63.605,52959
2026-03-17 13:35:00,63.61,63.67,63.585,63.65,59977
2026-03-17 13:40:00,63.64,63.645,63.49,63.51,63833
2026-03-17 13:45:00,63.52,63.545,63.46,63.545,214373
2026-03-17 13:50:00,63.545,63.56,63.485,63.485,58898
2026-03-17 13:55:00,63.495,63.52,63.475,63.515,48430
2026-03-17 14:00:00,63.515,63.54,63.455,63.455,115577
2026-03-17 14:05:00,63.455,63.58,63.42,63.555,197682
2026-03-17 14:10:00,63.56,63.625,63.555,63.6,82514
2026-03-17 14:15:00,63.59,63.635,63.555,63.595,64577
2026-03-17 14:20:00,63.6,63.615,63.435,63.44,180246
2026-03-17 14:25:00,63.44,63.5,63.435,63.445,196162
2026-03-17 14:30:00,63.44,63.48,63.415,63.46,47936
2026-03-17 14:35:00,63.455,63.54,63.43,63.49,236867
2026-03-17 14:40:00,63.49,63.52,63.44,63.5,211701
2026-03-17 14:45:00,63.49,63.56,63.48,63.545,158654
2026-03-17 14:50:00,63.54,63.555,63.5,63.53,230036
2026-03-17 14:55:00,63.535,63.56,63.49,63.56,122919
2026-03-17 15:00:00,63.57,63.57,63.475,63.48,109961
2026-03-17 15:05:00,63.485,63.585,63.485,63.585,95134
2026-03-17 15:10:00,63.585,63.66,63.585,63.66,105080
2026-03-17 15:15:00,63.655,63.665,63.61,63.63,109950
2026-03-17 15:20:00,63.63,63.65,63.57,63.6,120931
2026-03-17 15:25:00,63.595,63.655,63.595,63.645,176435
2026-03-17 15:30:00,63.64,63.645,63.535,63.545,287557
2026-03-17 15:35:00,63.55,63.62,63.52,63.585,272783
2026-03-17 15:40:00,63.585,63.64,63.565,63.64,216839
2026-03-17 15:45:00,63.635,63.675,63.61,63.6326,224606
2026-03-17 15:50:00,63.63,63.66,63.585,63.59,548467
2026-03-17 15:55:00,63.59,63.59,63.375,63.45,982465
2026-03-17 16:00:00,63.45,63.45,63.41,63.41,159226
2026-03-17 16:05:00,63.46,63.5144,63.46,63.5108,4839
2026-03-17 16:10:00,63.51,63.51,63.51,63.51,3599
2026-03-17 16:15:00,63.54,63.54,63.54,63.54,3341
2026-03-17 16:30:00,63.45,63.45,63.4099,63.41,21207
2026-03-17 16:35:00,63.41,63.41,63.38,63.38,18241
2026-03-17 16:45:00,63.51,63.51,63.49,63.49,600
2026-03-17 16:50:00,63.46,63.4616,63.4101,63.4101,10880
2026-03-17 18:10:00,63.47,63.47,63.47,63.47,100
2026-03-17 18:20:00,63.45,63.4665,63.45,63.4665,2158
2026-03-17 19:05:00,63.4,63.4,63.39,63.39,1363
2026-03-18 07:00:00,63.96,63.96,63.75,63.75,1265
2026-03-18 07:15:00,63.64,63.64,63.64,63.64,316
2026-03-18 07:35:00,63.7,63.7,63.7,63.7,190
2026-03-18 07:45:00,63.74,63.74,63.74,63.74,102
2026-03-18 07:55:00,63.77,63.77,63.76,63.76,487
2026-03-18 08:00:00,63.95,63.95,63.53,63.69,7855
2026-03-18 08:05:00,63.67,63.67,63.53,63.53,580
2026-03-18 08:10:00,63.65,63.65,63.61,63.61,546
2026-03-18 08:15:00,63.5,63.5,63.45,63.45,1870
2026-03-18 08:25:00,63.54,63.54,63.54,63.54,200
2026-03-18 08:30:00,63.45,63.45,63.22,63.22,6078
2026-03-18 08:35:00,63.29,63.34,63.28,63.34,1198
2026-03-18 08:40:00,63.22,63.22,63.12,63.12,550
2026-03-18 08:45:00,63.13,63.13,63.01,63.01,2084
2026-03-18 08:50:00,63.07,63.11,63.07,63.09,1000
2026-03-18 09:00:00,63.0,63.0,62.98,62.98,210
2026-03-18 09:05:00,62.99,62.99,62.99,62.99,100
2026-03-18 09:10:00,62.94,62.99,62.93,62.99,1087
2026-03-18 09:15:00,62.9636,63.0,62.9636,63.0,1800
2026-03-18 09:25:00,63.2,63.27,63.2,63.27,991
2026-03-18 09:30:00,63.2,63.48,63.02,63.025,536968
2026-03-18 09:35:00,63.025,63.065,62.89,63.04,479104
2026-03-18 09:40:00,63.045,63.1,62.905,62.93,296647
2026-03-18 09:45:00,62.925,63.125,62.84,63.115,352790
2026-03-18 09:50:00,63.12,63.31,63.015,63.295,442540
2026-03-18 09:55:00,63.3,63.35,63.13,63.35,488132
2026-03-18 10:00:00,63.36,63.37,63.075,63.15,221699
2026-03-18 10:05:00,63.15,63.325,63.12,63.12,372887
2026-03-18 10:10:00,63.11,63.13,62.74,62.78,232702
2026-03-18 10:15:00,62.78,62.905,62.78,62.905,123614
2026-03-18 10:20:00,62.91,63.005,62.87,62.97,102746
2026-03-18 10:25:00,62.96,63.005,62.9,62.975,83276
2026-03-18 10:30:00,62.98,63.025,62.91,62.945,94034
2026-03-18 10:35:00,62.95,63.055,62.95,62.975,68802
2026-03-18 10:40:00,62.975,62.99,62.865,62.92,46722
2026-03-18 10:45:00,62.93,63.06,62.93,62.99,86848
2026-03-18 10:50:00,62.995,63.025,62.875,62.875,182754
2026-03-18 10:55:00,62.875,63.065,62.855,63.065,64162
2026-03-18 11:00:00,63.07,63.155,63.07,63.155,125878
2026-03-18 11:05:00,63.15,63.2,63.125,63.15,49916
2026-03-18 11:10:00,63.15,63.15,63.025,63.035,117891
2026-03-18 11:15:00,63.04,63.06,62.9,62.94,87780
2026-03-18 11:20:00,62.94,62.985,62.85,62.96,102269
2026-03-18 11:25:00,62.96,63.025,62.915,62.975,82476
2026-03-18 11:30:00,62.98,63.075,62.975,63.04,102889
2026-03-18 11:35:00,63.05,63.085,63.005,63.025,85537
2026-03-18 11:40:00,63.02,63.02,62.9,63.005,65469
2026-03-18 11:45:00,63.005,63.015,62.9,62.95,86489
2026-03-18 11:50:00,62.95,62.965,62.895,62.94,45240
2026-03-18 11:55:00,62.95,62.985,62.86,62.91,66417
2026-03-18 12:00:00,62.905,62.905,62.81,62.83,95613
2026-03-18 12:05:00,62.825,62.93,62.79,62.895,188224
2026-03-18 12:10:00,62.895,62.985,62.87,62.98,71961
2026-03-18 12:15:00,62.975,63.02,62.945,63.015,64978
2026-03-18 12:20:00,63.02,63.065,62.98,63.04,99509
2026-03-18 12:25:00,63.035,63.035,62.905,62.94,267228
2026-03-18 12:30:00,62.935,62.975,62.845,62.89,611027
2026-03-18 12:35:00,62.885,63.025,62.835,63.005,107022
2026-03-18 12:40:00,63.01,63.04,62.965,62.99,50693
2026-03-18 12:45:00,62.995,63.055,62.97,63.04,36202
2026-03-18 12:50:00,63.035,63.04,62.965,63.0,148097
2026-03-18 12:55:00,62.995,63.065,62.98,63.015,124016
2026-03-18 13:00:00,63.02,63.035,62.9,62.955,90712
2026-03-18 13:05:00,62.955,63.0,62.875,62.89,106611
2026-03-18 13:10:00,62.9,62.975,62.885,62.95,142447
2026-03-18 13:15:00,62.95,63.04,62.945,63.025,104043
2026-03-18 13:20:00,63.025,63.035,62.99,63.015,36993
2026-03-18 13:25:00,63.01,63.01,62.92,62.92,63699
2026-03-18 13:30:00,62.925,62.965,62.86,62.945,49604
2026-03-18 13:35:00,62.95,63.04,62.945,63.035,90990
2026-03-18 13:40:00,63.035,63.06,62.975,63.015,82282
2026-03-18 13:45:00,63.015,63.03,62.895,62.905,267544
2026-03-18 13:50:00,62.9,62.955,62.845,62.945,235298
2026-03-18 13:55:00,62.94,63.07,62.91,63.05,90591
2026-03-18 14:00:00,63.055,63.08,62.93,62.995,126550
2026-03-18 14:05:00,62.99,63.06,62.98,62.995,76178
2026-03-18 14:10:00,62.999,63.1,62.955,63.045,328210
2026-03-18 14:15:00,63.045,63.045,62.8,62.85,176120
2026-03-18 14:20:00,62.84,62.905,62.835,62.89,50755
2026-03-18 14:25:00,62.885,62.94,62.855,62.935,48558
2026-03-18 14:30:00,62.93,62.955,62.82,62.83,103036
2026-03-18 14:35:00,62.83,62.98,62.77,62.8,224547
2026-03-18 14:40:00,62.8,62.905,62.75,62.78,249689
2026-03-18 14:45:00,62.77,62.8,62.715,62.72,110528
2026-03-18 14:50:00,62.715,62.74,62.49,62.5,443248
2026-03-18 14:55:00,62.5,62.61,62.46,62.605,693905
2026-03-18 15:00:00,62.61,62.715,62.585,62.715,347377
2026-03-18 15:05:00,62.715,62.79,62.685,62.78,279797
2026-03-18 15:10:00,62.79,62.81,62.725,62.755,141643
2026-03-18 15:15:00,62.76,62.785,62.7,62.7,138471
2026-03-18 15:20:00,62.69,62.735,62.64,62.64,192336
2026-03-18 15:25:00,62.645,62.67,62.59,62.655,208003
2026-03-18 15:30:00,62.65,62.709,62.605,62.685,258000
2026-03-18 15:35:00,62.685,62.715,62.64,62.645,318131
2026-03-18 15:40:00,62.645,62.715,62.625,62.695,325343
2026-03-18 15:45:00,62.695,62.705,62.63,62.64,546116
2026-03-18 15:50:00,62.64,62.705,62.57,62.615,704233
2026-03-18 15:55:00,62.61,62.64,62.52,62.63,1535441
2026-03-18 16:00:00,62.62,62.81,62.51,62.81,349201
2026-03-18 16:05:00,62.72,62.72,62.72,62.72,202
2026-03-18 16:15:00,62.46,62.46,62.46,62.46,800
2026-03-18 16:25:00,62.41,62.41,62.41,62.41,592
2026-03-18 16:30:00,62.4,62.4,62.4,62.4,1331
2026-03-18 16:35:00,62.4,62.4,62.39,62.39,4349
2026-03-18 16:55:00,62.49,62.61,62.49,62.61,4815
2026-03-18 17:00:00,62.62,62.62,62.62,62.62,150
2026-03-18 19:35:00,62.55,62.55,62.55,62.55,375
2026-03-19 04:05:00,62.5,62.5,62.5,62.5,102
2026-03-19 05:25:00,62.31,62.31,62.31,62.31,412
2026-03-19 05:55:00,62.62,62.62,62.62,62.62,100
2026-03-19 06:55:00,62.43,62.43,62.37,62.39,5000
2026-03-19 07:15:00,62.32,62.32,62.3,62.3,1390
2026-03-19 07:20:00,62.28,62.38,62.28,62.38,747
2026-03-19 07:35:00,62.28,62.28,62.28,62.28,237
2026-03-19 07:40:00,62.25,62.25,62.24,62.25,4998
2026-03-19 07:55:00,62.36,62.36,62.36,62.36,110
2026-03-19 08:00:00,62.38,62.53,62.22,62.22,7939
2026-03-19 08:05:00,62.24,62.41,62.24,62.41,500
2026-03-19 08:10:00,62.38,62.38,62.37,62.37,300
2026-03-19 08:15:00,62.36,62.38,62.36,62.38,200
2026-03-19 08:25:00,62.3,62.3,62.13,62.14,13699
2026-03-19 08:30:00,62.2291,62.23,62.2291,62.23,1190
2026-03-19 08:35:00,62.22,62.22,62.22,62.22,820
2026-03-19 08:40:00,62.0375,62.12,62.0375,62.12,910
2026-03-19 08:45:00,62.13,62.21,62.13,62.21,1403
2026-03-19 08:50:00,62.1,62.1,62.02,62.02,2037
2026-03-19 08:55:00,62.2,62.2,62.0919,62.1069,1713
2026-03-19 09:00:00,62.02,62.02,61.99,62.02,3644
2026-03-19 09:10:00,61.89,61.89,61.89,61.89,1163
2026-03-19 09:15:00,61.88,61.93,61.88,61.93,1015
2026-03-19 09:20:00,62.09,62.1,62.09,62.1,350
2026-03-19 09:25:00,62.33,62.35,62.26,62.26,2563
2026-03-19 09:30:00,62.26,62.47,62.05,62.37,618564
2026-03-19 09:35:00,62.38,62.39,62.14,62.3,1051325
2026-03-19 09:40:00,62.28,62.509,62.14,62.33,1213419
2026-03-19 09:45:00,62.32,62.45,62.24,62.4,469564
2026-03-19 09:50:00,62.41,62.61,62.3,62.455,513108
2026-03-19 09:55:00,62.45,62.5,62.31,62.48,159254
2026-03-19 10:00:00,62.47,62.5,62.27,62.36,235341
2026-03-19 10:05:00,62.36,62.41,62.24,62.3,200371
2026-03-19 10:10:00,62.29,62.415,61.9,61.92,295072
2026-03-19 10:15:00,61.92,62.04,61.895,61.98,688763
2026-03-19 10:20:00,61.98,62.09,61.855,61.895,293253
2026-03-19 10:25:00,61.9,62.005,61.86,61.895,471781
2026-03-19 10:30:00,61.89,62.21,61.8,62.21,346018
2026-03-19 10:35:00,62.22,62.27,62.095,62.135,129401
2026-03-19 10:40:00,62.13,62.28,62.1,62.2,147530
2026-03-19 10:45:00,62.22,62.29,62.17,62.29,107770
2026-03-19 10:50:00,62.28,62.315,62.225,62.27,110401
2026-03-19 10:55:00,62.28,62.435,62.23,62.4,328050
2026-03-19 11:00:00,62.4,62.525,62.375,62.525,152863
2026-03-19 11:05:00,62.53,62.625,62.47,62.58,327265
2026-03-19 11:10:00,62.58,62.59,62.442,62.545,175583
2026-03-19 11:15:00,62.545,62.615,62.425,62.43,153526
2026-03-19 11:20:00,62.43,62.475,62.395,62.45,97055
2026-03-19 11:25:00,62.45,62.47,62.355,62.42,138700
2026-03-19 11:30:00,62.415,62.455,62.33,62.355,73008
2026-03-19 11:35:00,62.36,62.365,62.29,62.325,178229
2026-03-19 11:40:00,62.33,62.3525,62.215,62.215,154399
2026-03-19 11:45:00,62.21,62.325,62.18,62.3,206097
2026-03-19 11:50:00,62.3,62.335,62.25,62.285,91871
2026-03-19 11:55:00,62.285,62.5,62.285,62.5,196229
2026-03-19 12:00:00,62.515,62.72,62.46,62.64,169557
2026-03-19 12:05:00,62.635,62.665,62.515,62.56,311872
2026-03-19 12:10:00,62.55,62.555,62.39,62.415,89589
2026-03-19 12:15:00,62.41,62.425,62.33,62.345,138981
2026-03-19 12:20:00,62.345,62.395,62.3,62.36,104619
2026-03-19 12:25:00,62.365,62.465,62.36,62.445,64065
2026-03-19 12:30:00,62.46,62.525,62.44,62.495,56950
2026-03-19 12:35:00,62.49,62.535,62.41,62.53,71778
2026-03-19 12:40:00,62.525,62.605,62.5,62.58,129325
2026-03-19 12:45:00,62.58,62.595,62.525,62.535,55572
2026-03-19 12:50:00,62.535,62.535,62.32,62.425,108209
2026-03-19 12:55:00,62.43,62.465,62.395,62.44,63924
2026-03-19 13:00:00,62.45,62.495,62.425,62.44,68852
2026-03-19 13:05:00,62.45,62.465,62.33,62.385,61693
2026-03-19 13:10:00,62.385,62.41,62.23,62.255,173227
2026-03-19 13:15:00,62.26,62.39,62.25,62.365,191286
2026-03-19 13:20:00,62.36,62.43,62.32,62.41,116170
2026-03-19 13:25:00,62.41,62.485,62.4,62.43,105112
2026-03-19 13:30:00,62.43,62.465,62.315,62.325,99062
2026-03-19 13:35:00,62.32,62.345,62.25,62.25,67969
2026-03-19 13:40:00,62.24,62.325,62.24,62.3,82201
2026-03-19 13:45:00,62.3,62.335,62.285,62.31,58084
2026-03-19 13:50:00,62.315,62.405,62.31,62.385,82289
2026-03-19 13:55:00,62.38,62.39,62.32,62.33,56740
2026-03-19 14:00:00,62.32,62.33,62.2807,62.295,81373
2026-03-19 14:05:00,62.3,62.435,62.275,62.425,78250
2026-03-19 14:10:00,62.435,62.58,62.435,62.575,129773
2026-03-19 14:15:00,62.575,62.615,62.5,62.56,161893
2026-03-19 14:20:00,62.56,62.595,62.47,62.47,120847
2026-03-19 14:25:00,62.47,62.495,62.455,62.465,37992
2026-03-19 14:30:00,62.465,62.54,62.435,62.54,76631
2026-03-19 14:35:00,62.535,62.58,62.505,62.54,43709
2026-03-19 14:40:00,62.545,62.57,62.52,62.55,54046
2026-03-19 14:45:00,62.545,62.59,62.515,62.575,78049
2026-03-19 14:50:00,62.57,62.68,62.54,62.675,70475
2026-03-19 14:55:00,62.675,63.0,62.675,62.96,285977
2026-03-19 15:00:00,62.96,63.28,62.91,63.2,302854
2026-03-19 15:05:00,63.2,63.585,63.2,63.43,484515
2026-03-19 15:10:00,63.42,63.625,63.31,63.48,431882
2026-03-19 15:15:00,63.48,63.56,63.24,63.34,482333
2026-03-19 15:20:00,63.34,63.35,63.13,63.165,288009
2026-03-19 15:25:00,63.17,63.17,62.985,63.035,781660
2026-03-19 15:30:00,63.04,63.045,62.89,62.915,277877
2026-03-19 15:35:00,62.915,63.015,62.82,63.0,271329
2026-03-19 15:40:00,62.99,63.08,62.95,63.055,946653
2026-03-19 15:45:00,63.06,63.155,62.99,63.075,737803
2026-03-19 15:50:00,63.07,63.215,63.015,63.19,1487585
2026-03-19 15:55:00,63.19,63.225,63.15,63.19,1542322
2026-03-19 16:00:00,63.19,63.19,63.09,63.18,349674
2026-03-19 16:05:00,63.19,63.19,63.19,63.19,1423
2026-03-19 16:10:00,63.19,63.19,63.19,63.19,400
2026-03-19 16:15:00,63.3564,63.3564,63.3564,63.3564,100
2026-03-19 16:30:00,63.23,63.23,63.23,63.23,100
2026-03-19 16:35:00,63.2,63.2,63.18,63.19,51918
2026-03-19 16:40:00,63.18,63.18,63.16,63.16,42566
2026-03-19 16:45:00,63.16,63.23,63.1,63.1,81976
2026-03-19 16:50:00,63.13,63.13,63.12,63.12,15589
2026-03-19 17:00:00,63.28,63.28,63.21,63.21,14600
2026-03-19 17:20:00,63.2053,63.2053,63.2053,63.2053,200
2026-03-19 18:20:00,63.27,63.27,63.27,63.27,400
2026-03-19 18:25:00,63.3,63.3,63.27,63.27,200
2026-03-19 18:35:00,63.35,63.35,63.35,63.35,300
2026-03-19 18:50:00,63.34,63.39,63.34,63.39,3707
2026-03-19 19:55:00,63.38,63.38,63.38,63.38,299
2026-03-20 05:00:00,63.31,63.31,63.19,63.19,300
2026-03-20 05:20:00,63.19,63.19,63.19,63.19,297
2026-03-20 05:40:00,63.05,63.05,62.98,63.0,9218
2026-03-20 05:50:00,62.94,62.94,62.88,62.88,412
2026-03-20 06:30:00,62.73,62.73,62.73,62.73,200
2026-03-20 06:50:00,62.72,62.72,62.72,62.72,1000
2026-03-20 06:55:00,62.68,62.7,62.68,62.7,2873
2026-03-20 07:00:00,62.55,62.73,62.55,62.73,616
2026-03-20 07:05:00,62.73,62.73,62.73,62.73,1250
2026-03-20 08:00:00,63.57,63.59,63.57,63.59,376
2026-03-20 08:05:00,63.46,63.46,63.46,63.46,156
2026-03-20 08:30:00,63.06,63.06,63.06,63.06,100
2026-03-20 08:55:00,62.95,62.95,62.95,62.95,300
2026-03-20 09:10:00,62.9,62.9,62.88,62.89,949
2026-03-20 09:15:00,62.94,63.02,62.94,63.02,474
2026-03-20 09:25:00,62.95,63.25,62.95,63.18,31265
2026-03-20 09:30:00,63.11,63.41,62.88,62.9,573105
2026-03-20 09:35:00,62.9,63.12,62.77,63.09,355899
2026-03-20 09:40:00,63.08,63.18,62.97,63.17,159260
2026-03-20 09:45:00,63.17,63.2777,62.97,62.98,362193
2026-03-20 09:50:00,62.98,62.98,62.75,62.785,285255
2026-03-20 09:55:00,62.785,62.86,62.71,62.77,160808
2026-03-20 10:00:00,62.765,62.9,62.67,62.8,203118
2026-03-20 10:05:00,62.79,62.95,62.76,62.95,185696
2026-03-20 10:10:00,62.96,62.965,62.775,62.8,209433
2026-03-20 10:15:00,62.8,62.83,62.65,62.695,307629
2026-03-20 10:20:00,62.695,62.86,62.64,62.82,171609
2026-03-20 10:25:00,62.82,62.855,62.715,62.785,194740
2026-03-20 10:30:00,62.77,62.9025,62.73,62.89,141867
2026-03-20 10:35:00,62.9,62.96,62.695,62.77,168474
2026-03-20 10:40:00,62.76,62.895,62.74,62.84,72489
2026-03-20 10:45:00,62.845,63.07,62.83,63.05,327745
2026-03-20 10:50:00,63.04,63.06,62.88,62.88,339426
2026-03-20 10:55:00,62.88,63.04,62.88,62.9,113636
2026-03-20 11:00:00,62.905,63.02,62.855,62.9,134661
2026-03-20 11:05:00,62.895,62.965,62.84,62.955,68108
2026-03-20 11:10:00,62.95,63.105,62.945,63.09,179621
2026-03-20 11:15:00,63.09,63.11,62.905,62.93,202835
2026-03-20 11:20:00,62.93,63.125,62.82,62.89,181521
2026-03-20 11:25:00,62.91,62.93,62.69,62.77,200137
2026-03-20 11:30:00,62.77,62.915,62.735,62.88,175899
2026-03-20 11:35:00,62.88,62.95,62.81,62.9,123262
2026-03-20 11:40:00,62.89,62.935,62.845,62.865,123308
2026-03-20 11:45:00,62.86,62.915,62.825,62.87,103919
2026-03-20 11:50:00,62.865,62.93,62.825,62.92,107883
2026-03-20 11:55:00,62.92,62.925,62.805,62.855,313536
2026-03-20 12:00:00,62.85,63.01,62.82,63.0,251543
2026-03-20 12:05:00,62.99,62.99,62.815,62.87,75356
2026-03-20 12:10:00,62.865,62.95,62.86,62.87,66200
2026-03-20 12:15:00,62.865,62.97,62.83,62.96,80835
2026-03-20 12:20:00,62.96,62.99,62.91,62.95,68627
2026-03-20 12:25:00,62.95,62.955,62.895,62.915,78123
2026-03-20 12:30:00,62.92,62.92,62.805,62.895,105101
2026-03-20 12:35:00,62.9,62.98,62.845,62.965,115293
2026-03-20 12:40:00,62.97,63.07,62.91,63.0,222158
2026-03-20 12:45:00,63.0,63.06,62.975,63.06,133338
2026-03-20 12:50:00,63.055,63.09,62.985,63.09,57936
2026-03-20 12:55:00,63.08,63.22,63.08,63.22,186625
2026-03-20 13:00:00,63.22,63.24,63.17,63.24,45027
2026-03-20 13:05:00,63.225,63.235,63.05,63.145,354386
2026-03-20 13:10:00,63.15,63.19,63.065,63.08,95805
2026-03-20 13:15:00,63.08,63.13,63.0,63.03,222419
2026-03-20 13:20:00,63.035,63.13,63.01,63.07,121693
2026-03-20 13:25:00,63.075,63.115,63.04,63.07,153972
2026-03-20 13:30:00,63.06,63.095,62.945,63.02,435539
2026-03-20 13:35:00,63.01,63.08,62.96,63.065,189221
2026-03-20 13:40:00,63.06,63.105,62.99,63.05,353074
2026-03-20 13:45:00,63.06,63.065,62.97,63.025,134494
2026-03-20 13:50:00,63.02,63.05,62.985,63.045,233314
2026-03-20 13:55:00,63.05,63.125,63.035,63.11,125348
2026-03-20 14:00:00,63.11,63.135,63.025,63.03,149315
2026-03-20 14:05:00,63.04,63.045,62.97,62.98,93083
2026-03-20 14:10:00,62.98,62.98,62.915,62.93,102546
2026-03-20 14:15:00,62.93,62.955,62.825,62.9,116941
2026-03-20 14:20:00,62.91,62.925,62.625,62.65,405552
2026-03-20 14:25:00,62.66,62.79,62.645,62.745,162707
2026-03-20 14:30:00,62.745,62.78,62.695,62.715,95526
2026-03-20 14:35:00,62.71,62.73,62.62,62.675,169245
2026-03-20 14:40:00,62.675,62.73,62.565,62.655,277122
2026-03-20 14:45:00,62.655,62.695,62.6,62.655,166334
2026-03-20 14:50:00,62.65,62.75,62.63,62.655,180467
2026-03-20 14:55:00,62.65,62.66,62.55,62.64,497946
2026-03-20 15:00:00,62.645,62.73,62.64,62.66,286249
2026-03-20 15:05:00,62.675,62.75,62.57,62.745,282717
2026-03-20 15:10:00,62.745,62.79,62.7,62.785,125601
2026-03-20 15:15:00,62.785,62.84,62.785,62.835,247629
2026-03-20 15:20:00,62.84,62.85,62.675,62.675,173132
2026-03-20 15:25:00,62.675,62.745,62.655,62.705,126796
2026-03-20 15:30:00,62.71,62.725,62.55,62.55,149839
2026-03-20 15:35:00,62.56,62.6,62.475,62.55,164068
2026-03-20 15:40:00,62.545,62.76,62.534,62.7553,319304
2026-03-20 15:45:00,62.75,62.775,62.685,62.74,379843
2026-03-20 15:50:00,62.75,63.06,62.7,63.04,585510
2026-03-20 15:55:00,63.035,63.06,62.93,63.04,1510089
2026-03-20 16:00:00,63.04,63.04,63.01,63.01,479361
2026-03-20 16:05:00,63.02,63.05,63.02,63.02,15635
2026-03-20 16:10:00,63.05,63.18,63.05,63.18,17433
2026-03-20 16:15:00,63.22,63.22,63.1,63.1,17141
2026-03-20 16:20:00,63.05,63.05,63.04,63.04,12239
2026-03-20 16:30:00,63.01,63.05,62.49,63.05,117905
2026-03-20 16:35:00,62.97,63.05,62.89,63.05,97830
2026-03-20 16:40:00,63.04,63.05,63.04,63.05,16000
2026-03-20 16:45:00,63.1,63.2,63.1,63.2,332
2026-03-20 16:50:00,63.18,63.18,63.07,63.07,6810
2026-03-20 16:55:00,63.08,63.08,63.01,63.02,20703
2026-03-20 17:00:00,63.05,63.05,62.91,62.91,6862
2026-03-20 17:05:00,63.03,63.04,63.03,63.04,1000
2026-03-20 17:10:00,63.05,63.77,62.91,62.91,22344
2026-03-20 17:20:00,63.3,63.3,63.3,63.3,4751
2026-03-20 17:35:00,63.59,63.7,63.59,63.65,14290
2026-03-20 17:40:00,63.69,63.7,63.67,63.69,4710
2026-03-20 18:10:00,63.95,64.39,63.95,64.34,4537
2026-03-20 18:15:00,64.08,64.1,64.08,64.1,5700
2026-03-20 18:20:00,63.99,63.99,63.99,63.99,410
2026-03-23 05:00:00,61.9,62.0,61.87,61.99,4189
2026-03-23 05:05:00,61.99,62.0,61.99,62.0,389
2026-03-23 07:00:00,61.99,61.99,61.99,61.99,241
2026-03-23 07:05:00,62.16,64.0,62.16,64.0,22736
2026-03-23 07:10:00,64.0,64.51,63.99,64.51,5570
2026-03-23 07:20:00,64.31,64.31,63.99,64.0,7438
2026-03-23 07:25:00,64.0,64.0,64.0,64.0,1976
2026-03-23 07:30:00,64.0,64.03,63.99,64.0,37032
2026-03-23 07:35:00,64.7,64.98,64.7,64.93,16812
2026-03-23 07:40:00,64.62,64.72,64.55,64.62,30956
2026-03-23 07:45:00,64.62,64.62,64.25,64.25,10638
2026-03-23 07:50:00,64.2,64.2,64.2,64.2,816
2026-03-23 07:55:00,64.08,64.15,64.04,64.14,2094
2026-03-23 08:00:00,64.0,64.7206,61.74,64.0,17797
2026-03-23 08:05:00,64.05,64.15,64.05,64.15,1300
2026-03-23 08:10:00,64.2687,64.2687,64.14,64.15,9301
2026-03-23 08:15:00,64.0382,64.0382,64.0382,64.0382,200
2026-03-23 08:20:00,64.34,64.4,64.06,64.11,21772
2026-03-23 08:30:00,64.07,64.08,64.07,64.08,200
2026-03-23 08:35:00,64.0,64.1,64.0,64.1,848
2026-03-23 08:40:00,64.1,64.38,64.1,64.3,3924
2026-03-23 08:45:00,64.51,64.54,64.5,64.54,4158
2026-03-23 09:10:00,64.11,64.13,64.1,64.1,1293
2026-03-23 09:20:00,64.1818,64.1818,64.1,64.1,1056
2026-03-23 09:25:00,64.04,64.07,64.01,64.01,3975
2026-03-23 09:30:00,64.01,64.89,63.94,64.04,1742359
2026-03-23 09:35:00,64.03,64.115,63.86,64.09,907847
2026-03-23 09:40:00,64.07,64.44,63.95,64.19,613219
2026-03-23 09:45:00,64.19,64.19,63.76,63.9,437181
2026-03-23 09:50:00,63.89,64.15,63.89,64.08,464663
2026-03-23 09:55:00,64.07,64.31,64.03,64.23,492631
2026-03-23 10:00:00,64.23,64.55,64.17,64.37,804895
2026-03-23 10:05:00,64.38,64.53,64.29,64.525,397247
2026-03-23 10:10:00,64.53,64.555,64.36,64.48,435014
2026-03-23 10:15:00,64.49,64.695,64.425,64.63,670398
2026-03-23 10:20:00,64.64,64.725,64.52,64.62,484354
2026-03-23 10:25:00,64.6,64.66,64.495,64.5,311282
2026-03-23 10:30:00,64.5,64.62,64.46,64.59,242189
2026-03-23 10:35:00,64.595,64.695,64.465,64.62,563803
2026-03-23 10:40:00,64.615,64.685,64.5,64.67,304317
2026-03-23 10:45:00,64.67,64.83,64.595,64.82,306020
2026-03-23 10:50:00,64.83,65.03,64.74,64.995,607044
2026-03-23 10:55:00,64.98,65.07,64.925,65.03,398868
2026-03-23 11:00:00,65.04,65.225,65.035,65.14,695549
2026-03-23 11:05:00,65.135,65.165,65.06,65.07,205663
2026-03-23 11:10:00,65.07,65.17,65.03,65.035,256661
2026-03-23 11:15:00,65.035,65.085,64.95,64.95,336801
2026-03-23 11:20:00,64.95,65.06,64.905,65.005,315395
2026-03-23 11:25:00,65.0,65.035,64.85,64.855,350898
2026-03-23 11:30:00,64.855,64.905,64.74,64.83,425433
2026-03-23 11:35:00,64.83,64.83,64.65,64.68,217223
2026-03-23 11:40:00,64.68,64.715,64.545,64.64,260192
2026-03-23 11:45:00,64.63,64.72,64.59,64.65,295960
2026-03-23 11:50:00,64.66,64.67,64.48,64.48,427553
2026-03-23 11:55:00,64.48,64.49,64.325,64.35,234191
2026-03-23 12:00:00,64.35,64.395,64.235,64.27,667972
2026-03-23 12:05:00,64.272,64.4023,64.23,64.375,216668
2026-03-23 12:10:00,64.37,64.44,64.31,64.35,193355
2026-03-23 12:15:00,64.355,64.41,64.21,64.21,143008
2026-03-23 12:20:00,64.22,64.27,64.12,64.14,100549
2026-03-23 12:25:00,64.145,64.195,64.055,64.06,154392
2026-03-23 12:30:00,64.06,64.19,64.04,64.19,132703
2026-03-23 12:35:00,64.19,64.265,64.135,64.145,297029
2026-03-23 12:40:00,64.125,64.225,64.11,64.15,170992
2026-03-23 12:45:00,64.15,64.195,64.06,64.13,121200
2026-03-23 12:50:00,64.125,64.18,64.07,64.17,137490
2026-03-23 12:55:00,64.18,64.185,64.06,64.125,96624
2026-03-23 13:00:00,64.15,64.225,64.05,64.05,83735
2026-03-23 13:05:00,64.055,64.15,63.96,64.13,79167
2026-03-23 13:10:00,64.135,64.175,64.0401,64.0401,58699
2026-03-23 13:15:00,64.04,64.06,63.95,63.98,104813
2026-03-23 13:20:00,63.985,64.01,63.91,63.95,41849
2026-03-23 13:25:00,63.95,64.14,63.94,64.09,124926
2026-03-23 13:30:00,64.1,64.32,64.1,64.31,173171
2026-03-23 13:35:00,64.315,64.49,64.315,64.48,214484
2026-03-23 13:40:00,64.48,64.48,64.31,64.33,171712
2026-03-23 13:45:00,64.325,64.425,64.32,64.425,98132
2026-03-23 13:50:00,64.425,64.48,64.375,64.475,146544
2026-03-23 13:55:00,64.47,64.55,64.445,64.53,166168
2026-03-23 14:00:00,64.53,64.53,64.395,64.435,199621
2026-03-23 14:05:00,64.44,64.465,64.185,64.255,198664
2026-03-23 14:10:00,64.25,64.385,64.25,64.35,188106
2026-03-23 14:15:00,64.35,64.35,64.235,64.24,80469
2026-03-23 14:20:00,64.245,64.285,64.22,64.275,61989
2026-03-23 14:25:00,64.275,64.35,64.275,64.315,173340
2026-03-23 14:30:00,64.335,64.43,64.315,64.415,230514
2026-03-23 14:35:00,64.42,64.535,64.37,64.425,202248
2026-03-23 14:40:00,64.425,64.445,64.315,64.325,97035
2026-03-23 14:45:00,64.325,64.415,64.285,64.36,194324
2026-03-23 14:50:00,64.365,64.39,64.25,64.295,136167
2026-03-23 14:55:00,64.295,64.36,64.27,64.355,96740
2026-03-23 15:00:00,64.35,64.355,64.25,64.31,186935
2026-03-23 15:05:00,64.31,64.365,64.295,64.365,108811
2026-03-23 15:10:00,64.365,64.365,64.29,64.325,139422
2026-03-23 15:15:00,64.325,64.325,64.21,64.225,211402
2026-03-23 15:20:00,64.225,64.225,64.115,64.175,155568
2026-03-23 15:25:00,64.17,64.2,64.12,64.145,203413
2026-03-23 15:30:00,64.14,64.185,64.11,64.155,283749
2026-03-23 15:35:00,64.155,64.235,64.13,64.23,250585
2026-03-23 15:40:00,64.225,64.27,64.2,64.255,253736
2026-03-23 15:45:00,64.255,64.305,64.2,64.225,443944
2026-03-23 15:50:00,64.22,64.24,64.08,64.115,1062332
2026-03-23 15:55:00,64.115,64.115,63.81,63.81,1264867
2026-03-23 16:00:00,63.81,64.0,63.58,63.58,250538
2026-03-23 16:10:00,63.72,63.75,63.72,63.74,2428
2026-03-23 16:15:00,63.75,63.75,63.75,63.75,999
2026-03-23 16:20:00,63.81,63.81,63.81,63.81,461
2026-03-23 16:25:00,63.81,63.81,63.79,63.79,700
2026-03-23 16:30:00,63.76,63.76,63.57,63.57,28192
2026-03-23 16:50:00,63.75,63.75,63.75,63.75,400
2026-03-23 16:55:00,63.72,63.72,63.71,63.71,886
2026-03-23 17:05:00,63.81,63.81,63.81,63.81,480
2026-03-23 17:55:00,63.83,63.84,63.8,63.8,7375
2026-03-23 18:45:00,63.8,63.88,63.8,63.88,480
2026-03-24 05:00:00,63.66,63.66,63.58,63.58,267
2026-03-24 05:10:00,63.52,63.52,63.52,63.52,600
2026-03-24 05:40:00,63.68,63.68,63.68,63.68,200
2026-03-24 06:05:00,63.68,63.75,63.68,63.75,1952
2026-03-24 07:00:00,63.5,63.5,63.5,63.5,167
2026-03-24 07:25:00,63.75,63.75,63.75,63.75,100
2026-03-24 07:50:00,63.6,63.6,63.55,63.55,2757
2026-03-24 08:20:00,63.39,63.53,63.39,63.53,1100
2026-03-24 08:30:00,63.6,63.6,63.55,63.55,878
2026-03-24 08:50:00,63.32,63.32,63.3,63.3,1980
2026-03-24 09:10:00,63.25,63.25,63.25,63.25,500
2026-03-24 09:20:00,63.25,63.25,63.24,63.24,1845
2026-03-24 09:25:00,63.18,63.18,63.11,63.11,2212
2026-03-24 09:30:00,63.18,63.47,63.05,63.45,715169
2026-03-24 09:35:00,63.46,63.72,63.41,63.63,326078
2026-03-24 09:40:00,63.62,63.89,63.59,63.79,277572
2026-03-24 09:45:00,63.8,63.82,63.535,63.56,249176
2026-03-24 09:50:00,63.55,63.63,63.37,63.395,173141
2026-03-24 09:55:00,63.4,63.445,63.295,63.39,227874
2026-03-24 10:00:00,63.37,63.49,63.3,63.49,173089
2026-03-24 10:05:00,63.5,63.65,63.38,63.61,163250
2026-03-24 10:10:00,63.61,63.735,63.61,63.73,161684
2026-03-24 10:15:00,63.74,63.79,63.555,63.775,114036
2026-03-24 10:20:00,63.77,63.83,63.69,63.78,58931
2026-03-24 10:25:00,63.77,63.86,63.71,63.79,79744
2026-03-24 10:30:00,63.79,63.99,63.77,63.99,290195
2026-03-24 10:35:00,63.99,64.01,63.865,63.91,98132
2026-03-24 10:40:00,63.9,64.03,63.875,64.03,64963
2026-03-24 10:45:00,64.025,64.065,63.84,63.9,148692
2026-03-24 10:50:00,63.905,64.475,63.89,64.355,386447
2026-03-24 10:55:00,64.35,64.485,64.16,64.36,739159
2026-03-24 11:00:00,64.365,64.55,64.355,64.43,243673
2026-03-24 11:05:00,64.425,64.485,64.335,64.47,358103
2026-03-24 11:10:00,64.46,64.65,64.41,64.615,217040
2026-03-24 11:15:00,64.62,64.7,64.605,64.685,94451
2026-03-24 11:20:00,64.68,64.835,64.66,64.83,125996
2026-03-24 11:25:00,64.825,64.915,64.74,64.76,384228
2026-03-24 11:30:00,64.755,64.8,64.7,64.785,194326
2026-03-24 11:35:00,64.785,64.86,64.78,64.79,104525
2026-03-24 11:40:00,64.785,64.865,64.78,64.795,134289
2026-03-24 11:45:00,64.795,64.885,64.77,64.88,154901
2026-03-24 11:50:00,64.88,64.96,64.83,64.83,117469
2026-03-24 11:55:00,64.83,64.835,64.68,64.75,183197
2026-03-24 12:00:00,64.755,64.785,64.695,64.705,154086
2026-03-24 12:05:00,64.705,64.79,64.685,64.79,172512
2026-03-24 12:10:00,64.8,64.85,64.77,64.845,121235
2026-03-24 12:15:00,64.84,64.91,64.81,64.865,180394
2026-03-24 12:20:00,64.86,64.86,64.755,64.8,142101
2026-03-24 12:25:00,64.8,64.845,64.76,64.83,90510
2026-03-24 12:30:00,64.84,64.865,64.755,64.77,93217
2026-03-24 12:35:00,64.775,64.775,64.63,64.66,86002
2026-03-24 12:40:00,64.65,64.85,64.63,64.85,60023
2026-03-24 12:45:00,64.86,64.945,64.765,64.79,110895
2026-03-24 12:50:00,64.785,64.845,64.77,64.83,46361
2026-03-24 12:55:00,64.82,64.88,64.74,64.865,75977
2026-03-24 13:00:00,64.865,64.895,64.63,64.635,64062
2026-03-24 13:05:00,64.63,64.63,64.47,64.53,175017
2026-03-24 13:10:00,64.53,64.585,64.49,64.53,113895
2026-03-24 13:15:00,64.52,64.56,64.475,64.51,39672
2026-03-24 13:20:00,64.49,64.595,64.49,64.56,45940
2026-03-24 13:25:00,64.55,64.6,64.55,64.58,36791
2026-03-24 13:30:00,64.585,64.65,64.45,64.465,55373
2026-03-24 13:35:00,64.455,64.57,64.44,64.56,74566
2026-03-24 13:40:00,64.565,64.605,64.43,64.45,60937
2026-03-24 13:45:00,64.45,64.515,64.44,64.51,54099
2026-03-24 13:50:00,64.5,64.59,64.48,64.535,96324
2026-03-24 13:55:00,64.535,64.725,64.53,64.7,205048
2026-03-24 14:00:00,64.71,64.735,64.6,64.61,91849
2026-03-24 14:05:00,64.61,64.62,64.555,64.555,40053
2026-03-24 14:10:00,64.555,64.595,64.53,64.565,85885
2026-03-24 14:15:00,64.565,64.58,64.5,64.56,94358
2026-03-24 14:20:00,64.575,64.61,64.54,64.59,96142
2026-03-24 14:25:00,64.595,64.655,64.57,64.655,106614
2026-03-24 14:30:00,64.65,64.765,64.63,64.645,78617
2026-03-24 14:35:00,64.64,64.885,64.635,64.88,163018
2026-03-24 14:40:00,64.87,64.87,64.55,64.61,201856
2026-03-24 14:45:00,64.605,64.67,64.605,64.635,232506
2026-03-24 14:50:00,64.63,64.665,64.59,64.635,152856
2026-03-24 14:55:00,64.635,64.635,64.54,64.57,79003
2026-03-24 15:00:00,64.58,64.595,64.54,64.555,70524
2026-03-24 15:05:00,64.55,64.605,64.54,64.59,60183
2026-03-24 15:10:00,64.595,64.63,64.555,64.595,45493
2026-03-24 15:15:00,64.59,64.59,64.485,64.515,63333
2026-03-24 15:20:00,64.52,64.545,64.4893,64.52,146165
2026-03-24 15:25:00,64.52,64.545,64.485,64.485,271658
2026-03-24 15:30:00,64.485,64.515,64.445,64.48,77692
2026-03-24 15:35:00,64.48,64.515,64.435,64.515,138888
2026-03-24 15:40:00,64.52,64.57,64.515,64.54,90178
2026-03-24 15:45:00,64.54,64.56,64.445,64.51,112384
2026-03-24 15:50:00,64.515,64.515,64.305,64.355,349620
2026-03-24 15:55:00,64.355,64.41,64.31,64.33,1269642
2026-03-24 16:00:00,64.34,64.36,64.34,64.34,279995
2026-03-24 16:05:00,64.36,64.36,64.36,64.36,172
2026-03-24 16:15:00,64.4281,64.4281,64.4281,64.4281,100
2026-03-24 16:20:00,64.43,65.05,64.43,64.86,62335
2026-03-24 16:25:00,65.04,65.38,64.92,65.09,129257
2026-03-24 16:30:00,64.75,64.75,64.7,64.7,8652
2026-03-24 16:35:00,65.15,65.34,65.13,65.34,11512
2026-03-24 16:40:00,65.2,65.2,65.0,65.0,400
2026-03-24 16:45:00,65.0,65.0,64.8769,64.8769,4000
2026-03-24 16:50:00,65.03,65.06,65.03,65.06,1141
2026-03-24 16:55:00,64.9,64.9,64.7115,64.7115,435
2026-03-24 17:00:00,65.0,65.0,64.9,64.9,925
2026-03-24 17:40:00,64.91,64.91,64.91,64.91,100
2026-03-24 18:05:00,65.02,65.02,64.95,64.95,870
2026-03-24 18:30:00,64.84,64.84,64.84,64.84,1552
2026-03-24 18:35:00,64.9,64.9,64.9,64.9,100
2026-03-24 18:40:00,65.0286,65.0286,64.99,65.02,14746
2026-03-24 18:45:00,65.03,65.03,65.03,65.03,10000
2026-03-24 19:20:00,65.09,65.09,65.05,65.05,600
2026-03-24 19:55:00,65.0,65.0,65.0,65.0,200
2026-03-25 04:35:00,64.96,64.96,64.96,64.96,150
2026-03-25 05:10:00,65.08,65.08,65.05,65.05,260
2026-03-25 05:25:00,65.12,65.12,65.08,65.12,2110
2026-03-25 05:35:00,64.98,64.98,64.98,64.98,150
2026-03-25 06:15:00,65.08,65.08,65.08,65.08,150
2026-03-25 06:40:00,65.02,65.02,65.02,65.02,110
2026-03-25 07:10:00,65.11,65.11,65.08,65.08,553
2026-03-25 07:25:00,65.04,65.04,65.01,65.01,970
2026-03-25 07:35:00,65.06,65.13,65.06,65.12,1090
2026-03-25 07:40:00,65.12,65.12,65.07,65.07,3264
2026-03-25 07:45:00,64.93,64.93,64.93,64.93,100
2026-03-25 08:00:00,65.01,65.0112,65.0,65.0103,2290
2026-03-25 08:05:00,65.11,65.13,65.08,65.13,2420
2026-03-25 08:15:00,64.97,64.97,64.88,64.88,1270
2026-03-25 08:35:00,64.74,64.79,64.74,64.79,610
2026-03-25 08:40:00,64.86,64.94,64.7905,64.7905,1838
2026-03-25 08:55:00,64.83,64.9,64.83,64.9,500
2026-03-25 09:05:00,64.93,64.96,64.91,64.96,630
2026-03-25 09:10:00,64.93,64.93,64.93,64.93,100
2026-03-25 09:25:00,64.91,64.95,64.91,64.92,1125
2026-03-25 09:30:00,65.0,65.24,64.86,65.1,646871
2026-03-25 09:35:00,65.09,65.265,65.05,65.195,399957
2026-03-25 09:40:00,65.19,65.25,65.1,65.14,315329
2026-03-25 09:45:00,65.14,65.18,64.85,64.865,178583
2026-03-25 09:50:00,64.87,64.915,64.55,64.62,285217
2026-03-25 09:55:00,64.62,64.645,64.43,64.45,311800
2026-03-25 10:00:00,64.44,64.465,64.325,64.37,431371
2026-03-25 10:05:00,64.37,64.65,64.345,64.625,429283
2026-03-25 10:10:00,64.63,64.715,64.57,64.71,235493
2026-03-25 10:15:00,64.71,64.775,64.65,64.655,132770
2026-03-25 10:20:00,64.66,64.755,64.48,64.505,163445
2026-03-25 10:25:00,64.51,64.67,64.465,64.565,145686
2026-03-25 10:30:00,64.57,64.675,64.51,64.665,69552
2026-03-25 10:35:00,64.665,64.72,64.54,64.625,166584
2026-03-25 10:40:00,64.625,64.74,64.575,64.59,95860
2026-03-25 10:45:00,64.575,64.65,64.47,64.63,75534
2026-03-25 10:50:00,64.625,64.665,64.58,64.605,109289
2026-03-25 10:55:00,64.61,64.635,64.56,64.58,65543
2026-03-25 11:00:00,64.585,64.625,64.5,64.55,115860
2026-03-25 11:05:00,64.53,64.55,64.23,64.285,89845
2026-03-25 11:10:00,64.28,64.31,64.19,64.225,97102
2026-03-25 11:15:00,64.205,64.24,63.98,64.075,166064
2026-03-25 11:20:00,64.08,64.385,64.08,64.365,401271
2026-03-25 11:25:00,64.35,64.515,64.335,64.51,87602
2026-03-25 11:30:00,64.51,64.56,64.48,64.53,100250
2026-03-25 11:35:00,64.54,64.55,64.38,64.39,47616
2026-03-25 11:40:00,64.39,64.425,64.32,64.37,44877
2026-03-25 11:45:00,64.37,64.42,64.325,64.415,31356
2026-03-25 11:50:00,64.415,64.465,64.37,64.425,100016
2026-03-25 11:55:00,64.445,64.465,64.345,64.395,112213
2026-03-25 12:00:00,64.39,64.42,64.355,64.38,81467
2026-03-25 12:05:00,64.39,64.425,64.345,64.39,49932
2026-03-25 12:10:00,64.38,64.395,64.32,64.34,66904
2026-03-25 12:15:00,64.335,64.345,64.25,64.285,52669
2026-03-25 12:20:00,64.29,64.41,64.26,64.41,91662
2026-03-25 12:25:00,64.41,64.44,64.33,64.42,133673
2026-03-25 12:30:00,64.43,64.565,64.37,64.56,186683
2026-03-25 12:35:00,64.555,64.605,64.51,64.565,74589
2026-03-25 12:40:00,64.565,64.57,64.485,64.535,54063
2026-03-25 12:45:00,64.52,64.53,64.465,64.485,44036
2026-03-25 12:50:00,64.49,64.56,64.445,64.555,113147
2026-03-25 12:55:00,64.575,64.6,64.515,64.525,109909
2026-03-25 13:00:00,64.53,64.585,64.45,64.515,141777
2026-03-25 13:05:00,64.515,64.525,64.47,64.485,29929
2026-03-25 13:10:00,64.485,64.545,64.465,64.52,65329
2026-03-25 13:15:00,64.52,64.52,64.4,64.455,44657
2026-03-25 13:20:00,64.45,64.54,64.45,64.48,48894
2026-03-25 13:25:00,64.485,64.6,64.47,64.585,73154
2026-03-25 13:30:00,64.585,64.66,64.53,64.655,60167
2026-03-25 13:35:00,64.655,64.695,64.625,64.655,136329
2026-03-25 13:40:00,64.66,64.675,64.58,64.58,69523
2026-03-25 13:45:00,64.59,64.595,64.48,64.49,30948
2026-03-25 13:50:00,64.49,64.57,64.38,64.395,82130
2026-03-25 13:55:00,64.39,64.52,64.37,64.405,72849
2026-03-25 14:00:00,64.4,64.435,64.36,64.385,39025
2026-03-25 14:05:00,64.39,64.425,64.375,64.405,29616
2026-03-25 14:10:00,64.405,64.485,64.4,64.48,52781
2026-03-25 14:15:00,64.48,64.515,64.43,64.435,58999
2026-03-25 14:20:00,64.45,64.455,64.38,64.4,27900
2026-03-25 14:25:00,64.4,64.405,64.32,64.32,44001
2026-03-25 14:30:00,64.315,64.395,64.315,64.345,54937
2026-03-25 14:35:00,64.34,64.345,64.26,64.34,127268
2026-03-25 14:40:00,64.34,64.38,64.32,64.37,53176
2026-03-25 14:45:00,64.365,64.39,64.33,64.36,36961
2026-03-25 14:50:00,64.365,64.39,64.32,64.365,49995
2026-03-25 14:55:00,64.365,64.365,64.15,64.29,215890
2026-03-25 15:00:00,64.29,64.29,64.2,64.285,119220
2026-03-25 15:05:00,64.285,64.35,64.28,64.35,90502
2026-03-25 15:10:00,64.355,64.365,64.295,64.365,56840
2026-03-25 15:15:00,64.365,64.41,64.36,64.405,86533
2026-03-25 15:20:00,64.405,64.48,64.39,64.44,67794
2026-03-25 15:25:00,64.45,64.46,64.38,64.4425,74845
2026-03-25 15:30:00,64.44,64.46,64.41,64.46,114957
2026-03-25 15:35:00,64.45,64.495,64.4,64.49,92751
2026-03-25 15:40:00,64.495,64.515,64.42,64.42,69348
2026-03-25 15:45:00,64.43,64.495,64.39,64.485,103269
2026-03-25 15:50:00,64.48,64.585,64.465,64.565,193774
2026-03-25 15:55:00,64.57,64.62,64.495,64.58,738343
2026-03-25 16:00:00,64.57,64.63,64.45,64.63,696343
2026-03-25 16:15:00,64.5,64.5,64.5,64.5,118
2026-03-25 16:30:00,64.46,64.46,64.44,64.44,2864
2026-03-25 16:35:00,64.47,64.47,64.42,64.42,306
2026-03-25 17:10:00,64.44,64.44,64.44,64.44,100
2026-03-25 19:55:00,64.35,64.35,64.35,64.35,294
2026-03-26 05:10:00,64.12,64.12,64.12,64.12,200
2026-03-26 05:20:00,63.9,63.9,63.9,63.9,150
2026-03-26 05:25:00,63.89,63.89,63.89,63.89,149
2026-03-26 07:45:00,63.92,63.92,63.78,63.79,5395
2026-03-26 08:00:00,63.93,63.93,63.72,63.73,3066
2026-03-26 08:10:00,63.7574,63.7574,63.7574,63.7574,200
2026-03-26 08:15:00,63.87,63.87,63.87,63.87,200
2026-03-26 08:40:00,63.844,63.844,63.844,63.844,215
2026-03-26 08:50:00,63.7867,63.7867,63.7867,63.7867,135
2026-03-26 09:00:00,63.8,63.8,63.8,63.8,176
2026-03-26 09:20:00,63.99,64.0,63.99,64.0,700
2026-03-26 09:25:00,63.92,63.92,63.92,63.92,148
2026-03-26 09:30:00,63.98,64.34,63.91,64.12,391463
2026-03-26 09:35:00,64.125,64.22,64.09,64.11,238090
2026-03-26 09:40:00,64.1,64.53,64.1,64.5,419517
2026-03-26 09:45:00,64.5,64.61,64.265,64.29,334614
2026-03-26 09:50:00,64.29,64.39,64.225,64.33,107279
2026-03-26 09:55:00,64.32,64.355,64.195,64.3,158590
2026-03-26 10:00:00,64.3,64.51,64.255,64.495,227982
2026-03-26 10:05:00,64.49,64.55,64.365,64.42,387752
2026-03-26 10:10:00,64.435,64.61,64.365,64.585,164012
2026-03-26 10:15:00,64.585,64.695,64.54,64.55,86897
2026-03-26 10:20:00,64.56,64.66,64.51,64.57,155483
2026-03-26 10:25:00,64.57,64.61,64.495,64.505,115144
2026-03-26 10:30:00,64.51,64.65,64.495,64.62,134476
2026-03-26 10:35:00,64.61,64.625,64.545,64.585,59772
2026-03-26 10:40:00,64.58,64.655,64.39,64.41,152007
2026-03-26 10:45:00,64.4,64.505,64.37,64.395,259325
2026-03-26 10:50:00,64.41,64.485,64.285,64.315,214439
2026-03-26 10:55:00,64.315,64.525,64.29,64.48,346263
2026-03-26 11:00:00,64.49,64.545,64.46,64.51,60321
2026-03-26 11:05:00,64.495,64.55,64.4401,64.48,126129
2026-03-26 11:10:00,64.46,64.56,64.46,64.49,65912
2026-03-26 11:15:00,64.475,64.495,64.4,64.46,185409
2026-03-26 11:20:00,64.46,64.52,64.425,64.505,62888
2026-03-26 11:25:00,64.51,64.555,64.48,64.48,60604
2026-03-26 11:30:00,64.475,64.475,64.34,64.41,74817
2026-03-26 11:35:00,64.41,64.495,64.39,64.48,23569
2026-03-26 11:40:00,64.48,64.49,64.4,64.415,30906
2026-03-26 11:45:00,64.415,64.55,64.385,64.53,190537
2026-03-26 11:50:00,64.525,64.585,64.5,64.54,150548
2026-03-26 11:55:00,64.535,64.54,64.44,64.465,103596
2026-03-26 12:00:00,64.46,64.465,64.405,64.41,45411
2026-03-26 12:05:00,64.405,64.515,64.405,64.48,80401
2026-03-26 12:10:00,64.49,64.495,64.405,64.445,44219
2026-03-26 12:15:00,64.43,64.43,64.23,64.35,76475
2026-03-26 12:20:00,64.355,64.355,64.24,64.325,87144
2026-03-26 12:25:00,64.325,64.33,64.235,64.28,65982
2026-03-26 12:30:00,64.285,64.325,64.23,64.31,105318
2026-03-26 12:35:00,64.31,64.375,64.3,64.335,43783
2026-03-26 12:40:00,64.34,64.345,64.285,64.3,85734
2026-03-26 12:45:00,64.29,64.295,64.225,64.26,415626
2026-03-26 12:50:00,64.26,64.365,64.26,64.31,89399
2026-03-26 12:55:00,64.295,64.31,64.25,64.3,242308
2026-03-26 13:00:00,64.295,64.33,64.26,64.26,101463
2026-03-26 13:05:00,64.27,64.315,64.27,64.29,35341
2026-03-26 13:10:00,64.29,64.295,64.155,64.155,130108
2026-03-26 13:15:00,64.15,64.17,64.11,64.17,40531
2026-03-26 13:20:00,64.16,64.16,64.055,64.125,224335
2026-03-26 13:25:00,64.13,64.155,64.055,64.155,130679
2026-03-26 13:30:00,64.155,64.239,64.105,64.235,94731
2026-03-26 13:35:00,64.24,64.295,64.235,64.285,39020
2026-03-26 13:40:00,64.28,64.28,64.16,64.19,188899
2026-03-26 13:45:00,64.2,64.305,64.19,64.305,30733
2026-03-26 13:50:00,64.305,64.31,64.26,64.275,111484
2026-03-26 13:55:00,64.275,64.285,64.155,64.165,289635
2026-03-26 14:00:00,64.165,64.29,64.155,64.275,188796
2026-03-26 14:05:00,64.275,64.38,64.275,64.375,81327
2026-03-26 14:10:00,64.38,64.39,64.29,64.32,81405
2026-03-26 14:15:00,64.315,64.35,64.31,64.34,97878
2026-03-26 14:20:00,64.335,64.42,64.31,64.415,144900
2026-03-26 14:25:00,64.415,64.445,64.35,64.36,78222
2026-03-26 14:30:00,64.355,64.445,64.355,64.425,278909
2026-03-26 14:35:00,64.425,64.525,64.425,64.525,119566
2026-03-26 14:40:00,64.525,64.595,64.51,64.59,131205
2026-03-26 14:45:00,64.59,64.635,64.555,64.585,135491
2026-03-26 14:50:00,64.585,64.605,64.52,64.545,127769
2026-03-26 14:55:00,64.54,64.615,64.53,64.59,105343
2026-03-26 15:00:00,64.595,64.605,64.46,64.475,114102
2026-03-26 15:05:00,64.47,64.475,64.39,64.425,121324
2026-03-26 15:10:00,64.425,64.445,64.375,64.395,280409
2026-03-26 15:15:00,64.4,64.42,64.365,64.375,271598
2026-03-26 15:20:00,64.375,64.3899,64.29,64.32,266207
2026-03-26 15:25:00,64.31,64.355,64.295,64.33,127008
2026-03-26 15:30:00,64.33,64.38,64.245,64.38,174539
2026-03-26 15:35:00,64.385,64.515,64.38,64.45,131857
2026-03-26 15:40:00,64.45,64.51,64.415,64.42,142910
2026-03-26 15:45:00,64.4201,64.46,64.395,64.445,169638
2026-03-26 15:50:00,64.44,64.45,64.385,64.4,320549
2026-03-26 15:55:00,64.4,64.495,64.375,64.475,946673
2026-03-26 16:00:00,64.47,64.48,64.47,64.48,207625
2026-03-26 16:05:00,64.62,64.62,64.55,64.55,2155
2026-03-26 16:10:00,64.6,66.2,64.55,65.05,26882
2026-03-26 16:15:00,64.8584,65.0,64.85,64.93,12483
2026-03-26 16:20:00,64.94,64.94,64.85,64.85,5342
2026-03-26 16:30:00,64.7,64.7,64.7,64.7,376
2026-03-26 16:40:00,64.64,64.64,64.62,64.62,6922
2026-03-26 16:55:00,64.73,64.84,64.69,64.84,5941
2026-03-26 17:10:00,64.75,64.75,64.75,64.75,700
2026-03-26 17:30:00,64.6,64.61,64.6,64.61,340
2026-03-26 18:05:00,64.62,64.62,64.62,64.62,200
2026-03-26 19:25:00,64.6,64.6,64.6,64.6,100
2026-03-27 04:30:00,64.41,64.41,64.41,64.41,149
2026-03-27 04:40:00,64.84,64.84,64.84,64.84,148
2026-03-27 04:45:00,64.71,64.71,64.71,64.71,100
2026-03-27 04:50:00,64.75,64.75,64.75,64.75,148
2026-03-27 05:10:00,64.63,64.63,64.63,64.63,100
2026-03-27 06:50:00,64.17,64.29,64.13,64.13,5080
2026-03-27 07:00:00,64.17,64.17,64.17,64.17,100
2026-03-27 07:30:00,64.14,64.14,64.14,64.14,100
2026-03-27 07:35:00,64.15,64.15,64.15,64.15,125
2026-03-27 07:55:00,64.32,64.33,64.27,64.27,1890
2026-03-27 08:00:00,64.3608,64.3608,64.02,64.02,46716
2026-03-27 08:10:00,64.19,64.3,64.16,64.3,5084
2026-03-27 08:20:00,64.0783,64.0783,64.0783,64.0783,1565
2026-03-27 08:25:00,64.0907,64.0907,64.0907,64.0907,308
2026-03-27 08:30:00,64.0783,64.0783,64.0783,64.0783,1560
2026-03-27 09:05:00,64.1,64.11,63.95,64.0,5015
2026-03-27 09:20:00,64.0,64.0,63.8896,63.8896,1426
2026-03-27 09:25:00,64.01,64.03,64.01,64.03,6640
2026-03-27 09:30:00,64.04,64.24,63.77,63.83,296537
2026-03-27 09:35:00,63.83,63.83,63.65,63.79,652159
2026-03-27 09:40:00,63.77,63.81,63.63,63.75,121486
2026-03-27 09:45:00,63.75,63.97,63.725,63.895,236492
2026-03-27 09:50:00,63.895,63.935,63.79,63.8321,151419
2026-03-27 09:55:00,63.83,63.83,63.57,63.605,584801
2026-03-27 10:00:00,63.61,63.75,63.54,63.685,264210
2026-03-27 10:05:00,63.69,63.8,63.405,63.4502,440087
2026-03-27 10:10:00,63.45,63.78,63.445,63.7478,226998
2026-03-27 10:15:00,63.745,63.96,63.745,63.91,132470
2026-03-27 10:20:00,63.93,63.96,63.79,63.915,106768
2026-03-27 10:25:00,63.92,63.98,63.835,63.87,80562
2026-03-27 10:30:00,63.87,63.965,63.835,63.96,79019
2026-03-27 10:35:00,63.965,64.0,63.905,63.955,56130
2026-03-27 10:40:00,63.965,63.975,63.885,63.9,55795
2026-03-27 10:45:00,63.91,63.92,63.8,63.905,147517
2026-03-27 10:50:00,63.895,63.96,63.835,63.855,61769
2026-03-27 10:55:00,63.855,63.97,63.855,63.935,62668
2026-03-27 11:00:00,63.93,64.03,63.88,63.995,156760
2026-03-27 11:05:00,64.0,64.06,63.91,63.915,55329
2026-03-27 11:10:00,63.91,63.95,63.835,63.925,75919
2026-03-27 11:15:00,63.92,63.975,63.875,63.9,66139
2026-03-27 11:20:00,63.895,64.09,63.87,63.95,104928
2026-03-27 11:25:00,63.96,64.05,63.955,64.04,89400
2026-03-27 11:30:00,64.04,64.1,64.02,64.075,77599
2026-03-27 11:35:00,64.085,64.17,64.0,64.02,37448
2026-03-27 11:40:00,64.02,64.045,63.96,64.03,37333
2026-03-27 11:45:00,64.025,64.15,64.025,64.15,42609
2026-03-27 11:50:00,64.145,64.175,64.01,64.025,118224
2026-03-27 11:55:00,64.03,64.23,63.94,64.11,2669726
2026-03-27 12:00:00,64.105,64.14,63.875,63.99,1124077
2026-03-27 12:05:00,63.99,64.005,63.7,63.78,280276
2026-03-27 12:10:00,63.785,63.91,63.77,63.875,125848
2026-03-27 12:15:00,63.875,63.905,63.82,63.845,329155
2026-03-27 12:20:00,63.845,63.88,63.82,63.83,81151
2026-03-27 12:25:00,63.83,63.87,63.785,63.865,82534
2026-03-27 12:30:00,63.885,63.895,63.805,63.87,219540
2026-03-27 12:35:00,63.87,63.91,63.795,63.825,43811
2026-03-27 12:40:00,63.82,63.895,63.775,63.865,63964
2026-03-27 12:45:00,63.855,63.96,63.84,63.95,65199
2026-03-27 12:50:00,63.95,63.98,63.915,63.93,101646
2026-03-27 12:55:00,63.93,63.945,63.905,63.93,27809
2026-03-27 13:00:00,63.94,63.99,63.895,63.97,64635
2026-03-27 13:05:00,63.965,64.115,63.935,64.0,164536
2026-03-27 13:10:00,63.995,64.015,63.9,63.93,42355
2026-03-27 13:15:00,63.93,63.95,63.91,63.9341,25801
2026-03-27 13:20:00,63.94,63.955,63.905,63.915,97690
2026-03-27 13:25:00,63.915,63.93,63.85,63.855,57426
2026-03-27 13:30:00,63.86,63.9102,63.85,63.9102,65306
2026-03-27 13:35:00,63.905,63.925,63.875,63.91,14189
2026-03-27 13:40:00,63.91,63.92,63.82,63.845,63201
2026-03-27 13:45:00,63.85,63.875,63.775,63.8,107286
2026-03-27 13:50:00,63.79,63.79,63.69,63.7261,98196
2026-03-27 13:55:00,63.72,63.74,63.69,63.715,51751
2026-03-27 14:00:00,63.715,63.725,63.6399,63.6399,224118
2026-03-27 14:05:00,63.64,63.695,63.52,63.605,56008
2026-03-27 14:10:00,63.605,63.65,63.59,63.635,50613
2026-03-27 14:15:00,63.63,63.76,63.62,63.745,123624
2026-03-27 14:20:00,63.745,63.83,63.69,63.69,182979
2026-03-27 14:25:00,63.69,63.72,63.64,63.685,162790
2026-03-27 14:30:00,63.685,63.715,63.6,63.63,156567
2026-03-27 14:35:00,63.63,63.685,63.615,63.645,46243
2026-03-27 14:40:00,63.645,63.725,63.62,63.67,65884
2026-03-27 14:45:00,63.675,63.73,63.65,63.685,67224
2026-03-27 14:50:00,63.69,63.715,63.65,63.67,64368
2026-03-27 14:55:00,63.67,63.765,63.65,63.75,79438
2026-03-27 15:00:00,63.75,63.775,63.595,63.6,85164
2026-03-27 15:05:00,63.61,63.62,63.545,63.575,75608
2026-03-27 15:10:00,63.58,63.68,63.56,63.68,87644
2026-03-27 15:15:00,63.675,63.7,63.64,63.69,81712
2026-03-27 15:20:00,63.685,63.7,63.62,63.645,56252
2026-03-27 15:25:00,63.645,63.66,63.61,63.615,70653
2026-03-27 15:30:00,63.615,63.625,63.51,63.625,149091
2026-03-27 15:35:00,63.61,63.61,63.48,63.485,70634
2026-03-27 15:40:00,63.48,63.51,63.345,63.37,124720
2026-03-27 15:45:00,63.36,63.37,63.245,63.34,212280
2026-03-27 15:50:00,63.34,63.405,63.21,63.355,358271
2026-03-27 15:55:00,63.36,63.445,63.33,63.36,595810
2026-03-27 16:00:00,63.37,63.37,63.2,63.2,152043
2026-03-27 16:10:00,63.34,63.34,63.34,63.34,100
2026-03-27 16:20:00,63.24,63.25,63.2,63.21,5475
2026-03-27 16:25:00,63.19,63.19,63.19,63.19,320
2026-03-27 16:30:00,63.33,63.34,63.28,63.28,4254
2026-03-27 16:35:00,63.32,63.3558,63.32,63.3558,800
2026-03-27 18:25:00,63.25,63.25,63.25,63.25,100
2026-03-27 18:50:00,63.25,63.25,63.25,63.25,100
2026-03-27 19:05:00,63.23,63.23,63.23,63.23,140
2026-03-27 19:20:00,63.32,63.32,63.32,63.32,996
2026-03-30 04:00:00,63.37,63.37,63.37,63.37,100
2026-03-30 06:15:00,63.82,63.82,63.8,63.8,522
2026-03-30 06:35:00,63.81,63.81,63.74,63.74,10640
2026-03-30 06:50:00,63.7,63.7,63.7,63.7,200
2026-03-30 07:15:00,63.65,63.77,63.65,63.77,1920
2026-03-30 07:20:00,63.87,63.94,63.87,63.94,5340
2026-03-30 08:20:00,63.86,63.89,63.86,63.89,9080
2026-03-30 08:25:00,63.87,63.9,63.87,63.9,1096
2026-03-30 09:00:00,63.94,64.11,63.93,64.11,2719
2026-03-30 09:10:00,63.89,63.89,63.89,63.89,169
2026-03-30 09:30:00,63.995,64.0,63.69,63.825,329071
2026-03-30 09:35:00,63.835,63.835,63.655,63.71,303674
2026-03-30 09:40:00,63.7,63.83,63.62,63.76,501607
2026-03-30 09:45:00,63.77,63.82,63.375,63.425,341358
2026-03-30 09:50:00,63.435,63.595,63.395,63.5,227537
2026-03-30 09:55:00,63.49,63.52,63.4,63.49,134940
2026-03-30 10:00:00,63.5,63.86,63.48,63.735,360908
2026-03-30 10:05:00,63.735,63.81,63.605,63.69,163131
2026-03-30 10:10:00,63.68,63.765,63.625,63.655,72048
2026-03-30 10:15:00,63.66,63.66,63.53,63.61,84833
2026-03-30 10:20:00,63.62,63.685,63.565,63.58,75797
2026-03-30 10:25:00,63.595,63.64,63.565,63.62,56222
2026-03-30 10:30:00,63.62,63.675,63.555,63.57,77520
2026-03-30 10:35:00,63.57,63.725,63.54,63.62,75672
2026-03-30 10:40:00,63.615,63.64,63.41,63.48,132340
2026-03-30 10:45:00,63.48,63.68,63.435,63.59,216354
2026-03-30 10:50:00,63.605,63.685,63.565,63.6599,77708
2026-03-30 10:55:00,63.67,63.865,63.63,63.855,61269
2026-03-30 11:00:00,63.855,63.98,63.84,63.98,209489
2026-03-30 11:05:00,63.98,64.02,63.755,63.85,185789
2026-03-30 11:10:00,63.85,63.875,63.76,63.81,108366
2026-03-30 11:15:00,63.81,63.985,63.77,63.98,354526
2026-03-30 11:20:00,63.99,63.995,63.885,63.92,205717
2026-03-30 11:25:00,63.915,63.95,63.88,63.88,86659
2026-03-30 11:30:00,63.88,64.0,63.835,63.975,238961
2026-03-30 11:35:00,63.99,64.115,63.97,64.03,222260
2026-03-30 11:40:00,64.02,64.07,63.99,64.065,48335
2026-03-30 11:45:00,64.065,64.155,64.015,64.145,177758
2026-03-30 11:50:00,64.14,64.15,64.02,64.04,142262
2026-03-30 11:55:00,64.03,64.03,63.935,63.98,69965
2026-03-30 12:00:00,63.99,64.0,63.875,63.89,102003
2026-03-30 12:05:00,63.88,63.91,63.835,63.835,73110
2026-03-30 12:10:00,63.83,63.935,63.825,63.915,70083
2026-03-30 12:15:00,63.915,63.93,63.85,63.87,193189
2026-03-30 12:20:00,63.87,63.915,63.855,63.86,34306
2026-03-30 12:25:00,63.86,63.93,63.855,63.905,33082
2026-03-30 12:30:00,63.91,63.955,63.865,63.92,38552
2026-03-30 12:35:00,63.92,63.92,63.815,63.83,38405
2026-03-30 12:40:00,63.83,63.84,63.78,63.8,117793
2026-03-30 12:45:00,63.79,63.79,63.745,63.76,72970
2026-03-30 12:50:00,63.7623,63.865,63.75,63.805,131218
2026-03-30 12:55:00,63.805,63.935,63.79,63.91,98449
2026-03-30 13:00:00,63.91,63.965,63.85,63.85,128422
2026-03-30 13:05:00,63.845,63.905,63.835,63.86,392147
2026-03-30 13:10:00,63.86,63.865,63.735,63.735,90183
2026-03-30 13:15:00,63.74,63.75,63.625,63.645,133692
2026-03-30 13:20:00,63.64,63.66,63.57,63.6,144501
2026-03-30 13:25:00,63.61,63.64,63.58,63.615,95799
2026-03-30 13:30:00,63.605,63.625,63.55,63.55,240901
2026-03-30 13:35:00,63.56,63.595,63.515,63.585,66448
2026-03-30 13:40:00,63.585,63.615,63.52,63.615,51123
2026-03-30 13:45:00,63.61,63.635,63.48,63.51,174485
2026-03-30 13:50:00,63.515,63.555,63.48,63.535,49588
2026-03-30 13:55:00,63.54,63.545,63.49,63.525,34863
2026-03-30 14:00:00,63.52,63.585,63.505,63.505,38626
2026-03-30 14:05:00,63.505,63.52,63.465,63.51,51781
2026-03-30 14:10:00,63.5,63.575,63.495,63.57,34058
2026-03-30 14:15:00,63.57,63.62,63.555,63.575,106795
2026-03-30 14:20:00,63.575,63.605,63.52,63.535,88374
2026-03-30 14:25:00,63.53,63.595,63.52,63.545,31567
2026-03-30 14:30:00,63.54,63.575,63.515,63.575,103234
2026-03-30 14:35:00,63.58,63.73,63.58,63.635,117153
2026-03-30 14:40:00,63.63,63.655,63.615,63.62,65954
2026-03-30 14:45:00,63.625,63.65,63.58,63.585,63916
2026-03-30 14:50:00,63.59,63.685,63.58,63.685,81720
2026-03-30 14:55:00,63.6895,63.7362,63.675,63.72,35568
2026-03-30 15:00:00,63.72,63.725,63.585,63.585,124479
2026-03-30 15:05:00,63.595,63.635,63.49,63.5,47283
2026-03-30 15:10:00,63.51,63.515,63.425,63.48,55352
2026-03-30 15:15:00,63.485,63.545,63.465,63.53,58560
2026-03-30 15:20:00,63.535,63.6,63.53,63.56,219889
2026-03-30 15:25:00,63.565,63.565,63.49,63.52,166148
2026-03-30 15:30:00,63.525,63.585,63.49,63.525,313634
2026-03-30 15:35:00,63.53,63.57,63.485,63.565,158078
2026-03-30 15:40:00,63.565,63.61,63.5323,63.585,597454
2026-03-30 15:45:00,63.58,63.585,63.485,63.515,219853
2026-03-30 15:50:00,63.515,63.705,63.495,63.705,567920
2026-03-30 15:55:00,63.705,63.775,63.59,63.62,1365209
2026-03-30 16:00:00,63.61,63.61,63.56,63.56,292657
2026-03-30 16:15:00,63.6,63.6,63.6,63.6,114
2026-03-30 16:30:00,63.58,63.58,63.56,63.56,704
2026-03-30 16:50:00,63.72,63.73,63.72,63.73,8543
2026-03-30 16:55:00,63.63,63.63,63.63,63.63,113
2026-03-30 17:05:00,63.63,63.63,63.62,63.62,452
2026-03-30 17:20:00,63.61,63.61,63.61,63.61,2241
2026-03-30 17:25:00,63.58,63.58,63.58,63.58,100
2026-03-30 19:00:00,63.58,63.58,63.58,63.58,100
2026-03-30 19:05:00,63.53,63.53,63.52,63.53,4093
2026-03-30 19:10:00,63.53,63.53,63.53,63.53,4773
2026-03-31 04:00:00,64.54,64.9,64.53,64.58,3641
2026-03-31 04:15:00,64.41,64.41,64.41,64.41,100
2026-03-31 04:45:00,64.37,64.37,64.37,64.37,100
2026-03-31 07:10:00,64.47,64.78,64.47,64.78,1250
2026-03-31 07:15:00,64.7,64.7,64.7,64.7,100
2026-03-31 07:35:00,64.43,64.66,64.41,64.65,4600
2026-03-31 07:45:00,64.57,64.57,64.51,64.51,2087
2026-03-31 07:50:00,64.45,64.45,64.45,64.45,100
2026-03-31 07:55:00,64.42,64.42,64.41,64.41,950
2026-03-31 08:00:00,64.49,64.51,64.49,64.51,685
2026-03-31 08:05:00,64.59,64.6,64.59,64.6,1817
2026-03-31 08:10:00,64.5,64.5,64.5,64.5,723
2026-03-31 08:15:00,64.37,64.37,64.36,64.36,200
2026-03-31 08:30:00,64.38,64.44,64.35,64.44,9750
2026-03-31 08:45:00,64.59,64.59,64.59,64.59,103
2026-03-31 08:50:00,64.6484,64.6484,64.6484,64.6484,250
2026-03-31 08:55:00,64.48,64.48,64.43,64.43,200
2026-03-31 09:00:00,64.33,64.33,64.33,64.33,470
2026-03-31 09:05:00,64.36,64.54,64.36,64.54,1999
2026-03-31 09:10:00,64.53,64.53,64.51,64.51,905
2026-03-31 09:20:00,64.5,64.5,64.5,64.5,1000
2026-03-31 09:25:00,64.49,64.5,64.48,64.48,2750
2026-03-31 09:30:00,64.56,65.02,64.29,64.33,722198
2026-03-31 09:35:00,64.335,64.41,64.22,64.38,350620
2026-03-31 09:40:00,64.38,64.4992,64.37,64.41,367421
2026-03-31 09:45:00,64.415,64.755,64.415,64.735,467765
2026-03-31 09:50:00,64.73,64.86,64.68,64.75,444975
2026-03-31 09:55:00,64.75,64.755,64.605,64.68,422006
2026-03-31 10:00:00,64.675,64.69,64.485,64.52,375917
2026-03-31 10:05:00,64.51,64.56,64.37,64.4,493826
2026-03-31 10:10:00,64.41,64.57,64.37,64.53,310731
2026-03-31 10:15:00,64.53,64.585,64.465,64.515,196986
2026-03-31 10:20:00,64.51,64.545,64.305,64.495,251229
2026-03-31 10:25:00,64.49,64.575,64.405,64.555,60010
2026-03-31 10:30:00,64.57,64.61,64.515,64.56,148397
2026-03-31 10:35:00,64.57,64.58,64.37,64.38,278590
2026-03-31 10:40:00,64.38,64.465,64.18,64.23,185873
2026-03-31 10:45:00,64.22,64.225,64.1,64.155,198905
2026-03-31 10:50:00,64.155,64.305,64.14,64.28,242756
2026-03-31 10:55:00,64.26,64.265,64.19,64.24,74829
2026-03-31 11:00:00,64.25,64.43,64.24,64.43,95399
2026-03-31 11:05:00,64.43,64.565,64.4,64.445,334257
2026-03-31 11:10:00,64.445,64.495,64.4,64.485,109086
2026-03-31 11:15:00,64.49,64.495,64.375,64.395,78609
2026-03-31 11:20:00,64.39,64.39,64.305,64.38,118147
2026-03-31 11:25:00,64.375,64.4,64.24,64.33,105104
2026-03-31 11:30:00,64.325,64.355,64.24,64.355,89304
2026-03-31 11:35:00,64.36,64.38,64.305,64.31,66630
2026-03-31 11:40:00,64.31,64.39,64.3,64.34,155287
2026-03-31 11:45:00,64.33,64.36,64.29,64.33,82877
2026-03-31 11:50:00,64.32,64.38,64.26,64.29,59555
2026-03-31 11:55:00,64.3,64.3,64.2,64.28,143637
2026-03-31 12:00:00,64.27,64.38,64.22,64.295,217028
2026-03-31 12:05:00,64.3,64.345,64.28,64.3,105952
2026-03-31 12:10:00,64.3,64.33,64.22,64.315,115913
2026-03-31 12:15:00,64.315,64.37,64.23,64.23,139054
2026-03-31 12:20:00,64.24,64.41,64.23,64.41,69339
2026-03-31 12:25:00,64.415,64.44,64.33,64.365,89973
2026-03-31 12:30:00,64.36,64.36,64.27,64.305,79854
2026-03-31 12:35:00,64.305,64.56,64.25,64.56,118146
2026-03-31 12:40:00,64.56,65.54,64.56,65.24,1047345
2026-03-31 12:45:00,65.245,65.27,64.91,65.065,710595
2026-03-31 12:50:00,65.06,65.17,64.83,64.88,412153
2026-03-31 12:55:00,64.88,64.98,64.745,64.96,208213
2026-03-31 13:00:00,64.97,65.205,64.965,65.145,669148
2026-03-31 13:05:00,65.14,65.15,64.93,64.97,715636
2026-03-31 13:10:00,64.975,65.105,64.94,65.07,250642
2026-03-31 13:15:00,65.08,65.215,65.06,65.165,311824
2026-03-31 13:20:00,65.17,65.18,65.02,65.065,215024
2026-03-31 13:25:00,65.075,65.085,64.935,64.97,274380
2026-03-31 13:30:00,64.965,65.14,64.95,65.14,460926
2026-03-31 13:35:00,65.14,65.165,64.9,64.98,386410
2026-03-31 13:40:00,64.98,65.06,64.895,64.9597,315805
2026-03-31 13:45:00,64.955,65.1,64.95,64.98,221789
2026-03-31 13:50:00,64.985,65.085,64.985,65.085,151583
2026-03-31 13:55:00,65.08,65.085,64.995,65.03,275740
2026-03-31 14:00:00,65.03,65.155,65.025,65.055,96070
2026-03-31 14:05:00,65.06,65.225,65.055,65.205,164394
2026-03-31 14:10:00,65.21,65.21,65.015,65.1,144067
2026-03-31 14:15:00,65.09,65.105,65.06,65.099,191822
2026-03-31 14:20:00,65.1,65.15,65.035,65.04,452763
2026-03-31 14:25:00,65.045,65.095,64.975,65.03,128923
2026-03-31 14:30:00,65.03,65.09,65.015,65.065,99305
2026-03-31 14:35:00,65.06,65.22,65.06,65.165,226595
2026-03-31 14:40:00,65.16,65.175,65.1,65.13,154008
2026-03-31 14:45:00,65.13,65.195,65.04,65.1,201061
2026-03-31 14:50:00,65.11,65.19,65.11,65.16,147820
2026-03-31 14:55:00,65.16,65.195,65.105,65.155,186758
2026-03-31 15:00:00,65.155,65.205,65.095,65.11,217669
2026-03-31 15:05:00,65.11,65.11,64.995,65.045,243723
2026-03-31 15:10:00,65.045,65.16,65.025,65.155,227265
2026-03-31 15:15:00,65.155,65.235,65.155,65.165,438954
2026-03-31 15:20:00,65.17,65.18,65.09,65.125,541070
2026-03-31 15:25:00,65.13,65.14,65.005,65.045,665373
2026-03-31 15:30:00,65.045,65.195,65.045,65.1,274178
2026-03-31 15:35:00,65.1,65.14,65.095,65.115,299885
2026-03-31 15:40:00,65.115,65.125,65.06,65.105,383043
2026-03-31 15:45:00,65.105,65.22,65.075,65.215,362075
2026-03-31 15:50:00,65.21,65.22,65.08,65.11,858972
2026-03-31 15:55:00,65.11,65.17,65.02,65.12,2021814
2026-03-31 16:00:00,65.15,65.15,65.09,65.12,310177
2026-03-31 16:05:00,65.08,65.12,65.08,65.12,6660
2026-03-31 16:15:00,65.13,65.15,65.0681,65.12,12456
2026-03-31 16:20:00,65.13,65.15,65.12,65.15,6000
2026-03-31 16:35:00,65.04,65.05,65.03,65.03,14847
2026-03-31 16:40:00,65.03,65.28,65.03,65.13,6664
2026-03-31 17:55:00,65.12,65.12,65.12,65.12,200
2026-03-31 18:00:00,64.981,64.981,64.98,64.98,400
2026-04-01 04:00:00,65.5,65.76,65.5,65.6,415
2026-04-01 07:00:00,65.54,65.58,65.54,65.58,3990
2026-04-01 07:05:00,65.59,65.62,65.52,65.52,890
2026-04-01 07:25:00,65.65,65.65,65.64,65.64,400
2026-04-01 07:40:00,65.64,65.64,65.6,65.6,541
2026-04-01 07:45:00,65.6,65.6,65.6,65.6,100
2026-04-01 07:55:00,65.65,65.68,65.62,65.62,600
2026-04-01 08:05:00,65.6503,65.6503,65.6503,65.6503,900
2026-04-01 08:10:00,65.61,65.61,65.61,65.61,200
2026-04-01 08:20:00,65.58,65.59,65.52,65.54,700
2026-04-01 08:40:00,65.58,65.58,65.58,65.58,129
2026-04-01 08:55:00,65.38,65.45,65.38,65.45,242
2026-04-01 09:00:00,65.58,65.58,65.38,65.38,33181
2026-04-01 09:20:00,65.46,65.46,65.44,65.44,1200
2026-04-01 09:25:00,65.41,65.48,65.39,65.48,4906
2026-04-01 09:30:00,65.33,65.905,65.33,65.74,613333
2026-04-01 09:35:00,65.75,65.92,65.71,65.895,312879
2026-04-01 09:40:00,65.9,65.945,65.63,65.675,314332
2026-04-01 09:45:00,65.675,65.745,65.49,65.725,309852
2026-04-01 09:50:00,65.725,66.09,65.705,66.05,258914
2026-04-01 09:55:00,66.05,66.14,65.945,66.0,627020
2026-04-01 10:00:00,66.0,66.315,65.95,66.195,542455
2026-04-01 10:05:00,66.195,66.22,66.06,66.16,522355
2026-04-01 10:10:00,66.15,66.17,65.99,66.07,179446
2026-04-01 10:15:00,66.06,66.09,65.82,65.845,100071
2026-04-01 10:20:00,65.84,65.93,65.795,65.855,222500
2026-04-01 10:25:00,65.855,65.97,65.76,65.92,396521
2026-04-01 10:30:00,65.925,65.96,65.84,65.86,255276
2026-04-01 10:35:00,65.865,65.97,65.67,65.865,215779
2026-04-01 10:40:00,65.86,66.005,65.77,65.985,160426
2026-04-01 10:45:00,65.99,66.06,65.95,66.06,116947
2026-04-01 10:50:00,66.06,66.205,66.035,66.19,131844
2026-04-01 10:55:00,66.18,66.27,66.15,66.18,543060
2026-04-01 11:00:00,66.18,66.26,66.16,66.18,112559
2026-04-01 11:05:00,66.18,66.255,66.125,66.14,210761
2026-04-01 11:10:00,66.145,66.205,66.135,66.14,268831
2026-04-01 11:15:00,66.145,66.285,66.145,66.285,111679
2026-04-01 11:20:00,66.285,66.33,66.2,66.22,64037
2026-04-01 11:25:00,66.23,66.29,66.21,66.255,74380
2026-04-01 11:30:00,66.25,66.25,66.165,66.2,92407
2026-04-01 11:35:00,66.22,66.305,66.21,66.29,119837
2026-04-01 11:40:00,66.29,66.31,66.21,66.26,221405
2026-04-01 11:45:00,66.26,66.285,66.22,66.25,76255
2026-04-01 11:50:00,66.24,66.3,66.235,66.285,86219
2026-04-01 11:55:00,66.285,66.405,66.285,66.365,50716
2026-04-01 12:00:00,66.37,66.41,66.345,66.38,370580
2026-04-01 12:05:00,66.38,66.48,66.36,66.4,238758
2026-04-01 12:10:00,66.4,66.425,66.31,66.33,67246
2026-04-01 12:15:00,66.34,66.37,66.265,66.29,65412
2026-04-01 12:20:00,66.285,66.295,66.22,66.25,39968
2026-04-01 12:25:00,66.245,66.255,66.2,66.21,68610
2026-04-01 12:30:00,66.22,66.295,66.18,66.295,57558
2026-04-01 12:35:00,66.305,66.35,66.275,66.29,51823
2026-04-01 12:40:00,66.285,66.29,66.225,66.275,285882
2026-04-01 12:45:00,66.28,66.28,66.215,66.22,76357
2026-04-01 12:50:00,66.23,66.28,66.225,66.26,193216
2026-04-01 12:55:00,66.255,66.305,66.21,66.295,63767
2026-04-01 13:00:00,66.3,66.3,66.235,66.295,54390
2026-04-01 13:05:00,66.305,66.34,66.255,66.29,43805
2026-04-01 13:10:00,66.3,66.325,66.265,66.295,46318
2026-04-01 13:15:00,66.29,66.295,66.24,66.285,52878
2026-04-01 13:20:00,66.29,66.33,66.285,66.3,41837
2026-04-01 13:25:00,66.29,66.34,66.29,66.305,50749
2026-04-01 13:30:00,66.305,66.325,66.285,66.295,49378
2026-04-01 13:35:00,66.295,66.34,66.28,66.315,34231
2026-04-01 13:40:00,66.315,66.34,66.22,66.255,70433
2026-04-01 13:45:00,66.26,66.3,66.225,66.24,121783
2026-04-01 13:50:00,66.24,66.295,66.225,66.235,163724
2026-04-01 13:55:00,66.235,66.245,66.14,66.155,66376
2026-04-01 14:00:00,66.16,66.19,66.03,66.095,132516
2026-04-01 14:05:00,66.095,66.155,66.045,66.085,49859
2026-04-01 14:10:00,66.08,66.105,65.975,65.98,205121
2026-04-01 14:15:00,65.97,65.995,65.87,65.925,180725
2026-04-01 14:20:00,65.92,65.965,65.885,65.91,120438
2026-04-01 14:25:00,65.92,65.98,65.89,65.925,82045
2026-04-01 14:30:00,65.93,65.97,65.895,65.905,107925
2026-04-01 14:35:00,65.895,65.945,65.815,65.92,320362
2026-04-01 14:40:00,65.92,66.0,65.89,65.9,84652
2026-04-01 14:45:00,65.905,65.95,65.865,65.905,88804
2026-04-01 14:50:00,65.9,65.92,65.835,65.875,47145
2026-04-01 14:55:00,65.875,65.875,65.82,65.85,34278
2026-04-01 15:00:00,65.855,65.88,65.79,65.83,241715
2026-04-01 15:05:00,65.835,65.905,65.83,65.845,240004
2026-04-01 15:10:00,65.84,65.895,65.815,65.89,89964
2026-04-01 15:15:00,65.8879,65.97,65.875,65.96,301212
2026-04-01 15:20:00,65.96,66.01,65.95,65.975,194362
2026-04-01 15:25:00,65.975,66.01,65.945,65.945,116946
2026-04-01 15:30:00,65.95,65.955,65.87,65.915,190396
2026-04-01 15:35:00,65.915,65.98,65.89,65.96,214975
2026-04-01 15:40:00,65.965,66.04,65.95,66.015,244140
2026-04-01 15:45:00,66.01,66.04,65.94,65.975,232047
2026-04-01 15:50:00,65.98,65.98,65.85,65.89,469832
2026-04-01 15:55:00,65.89,65.895,65.81,65.84,901048
2026-04-01 16:00:00,65.85,65.96,65.58,65.79,288131
2026-04-01 16:05:00,65.81,65.81,65.76,65.77,1332
2026-04-01 16:10:00,65.76,65.76,65.76,65.76,100
2026-04-01 16:30:00,65.8,65.8,65.77,65.77,10612
2026-04-01 16:40:00,65.72,65.72,65.72,65.72,5590
2026-04-01 17:55:00,65.85,65.85,65.85,65.85,356
2026-04-01 04:00:00,65.5,65.76,65.5,65.6,415
2026-04-01 07:00:00,65.54,65.58,65.54,65.58,3990
2026-04-01 07:05:00,65.59,65.62,65.52,65.52,890
2026-04-01 07:25:00,65.65,65.65,65.64,65.64,400
2026-04-01 07:40:00,65.64,65.64,65.6,65.6,541
2026-04-01 07:45:00,65.6,65.6,65.6,65.6,100
2026-04-01 07:55:00,65.65,65.68,65.62,65.62,600
2026-04-01 08:05:00,65.6503,65.6503,65.6503,65.6503,900
2026-04-01 08:10:00,65.61,65.61,65.61,65.61,200
2026-04-01 08:20:00,65.58,65.59,65.52,65.54,700
2026-04-01 08:40:00,65.58,65.58,65.58,65.58,129
2026-04-01 08:55:00,65.38,65.45,65.38,65.45,242
2026-04-01 09:00:00,65.58,65.58,65.38,65.38,33181
2026-04-01 09:20:00,65.46,65.46,65.44,65.44,1200
2026-04-01 09:25:00,65.41,65.48,65.39,65.48,4906
2026-04-01 09:30:00,65.33,65.905,65.33,65.74,613333
2026-04-01 09:35:00,65.75,65.92,65.71,65.895,312879
2026-04-01 09:40:00,65.9,65.945,65.63,65.675,314332
2026-04-01 09:45:00,65.675,65.745,65.49,65.725,309852
2026-04-01 09:50:00,65.725,66.09,65.705,66.05,258914
2026-04-01 09:55:00,66.05,66.14,65.945,66.0,627020
2026-04-01 10:00:00,66.0,66.315,65.95,66.195,542455
2026-04-01 10:05:00,66.195,66.22,66.06,66.16,522355
2026-04-01 10:10:00,66.15,66.17,65.99,66.07,179446
2026-04-01 10:15:00,66.06,66.09,65.82,65.845,100071
2026-04-01 10:20:00,65.84,65.93,65.795,65.855,222500
2026-04-01 10:25:00,65.855,65.97,65.76,65.92,396521
2026-04-01 10:30:00,65.925,65.96,65.84,65.86,255276
2026-04-01 10:35:00,65.865,65.97,65.67,65.865,215779
2026-04-01 10:40:00,65.86,66.005,65.77,65.985,160426
2026-04-01 10:45:00,65.99,66.06,65.95,66.06,116947
2026-04-01 10:50:00,66.06,66.205,66.035,66.19,131844
2026-04-01 10:55:00,66.18,66.27,66.15,66.18,543060
2026-04-01 11:00:00,66.18,66.26,66.16,66.18,112559
2026-04-01 11:05:00,66.18,66.255,66.125,66.14,210761
2026-04-01 11:10:00,66.145,66.205,66.135,66.14,268831
2026-04-01 11:15:00,66.145,66.285,66.145,66.285,111679
2026-04-01 11:20:00,66.285,66.33,66.2,66.22,64037
2026-04-01 11:25:00,66.23,66.29,66.21,66.255,74380
2026-04-01 11:30:00,66.25,66.25,66.165,66.2,92407
2026-04-01 11:35:00,66.22,66.305,66.21,66.29,119837
2026-04-01 11:40:00,66.29,66.31,66.21,66.26,221405
2026-04-01 11:45:00,66.26,66.285,66.22,66.25,76255
2026-04-01 11:50:00,66.24,66.3,66.235,66.285,86219
2026-04-01 11:55:00,66.285,66.405,66.285,66.365,50716
2026-04-01 12:00:00,66.37,66.41,66.345,66.38,370580
2026-04-01 12:05:00,66.38,66.48,66.36,66.4,238758
2026-04-01 12:10:00,66.4,66.425,66.31,66.33,67246
2026-04-01 12:15:00,66.34,66.37,66.265,66.29,65412
2026-04-01 12:20:00,66.285,66.295,66.22,66.25,39968
2026-04-01 12:25:00,66.245,66.255,66.2,66.21,68610
2026-04-01 12:30:00,66.22,66.295,66.18,66.295,57558
2026-04-01 12:35:00,66.305,66.35,66.275,66.29,51823
2026-04-01 12:40:00,66.285,66.29,66.225,66.275,285882
2026-04-01 12:45:00,66.28,66.28,66.215,66.22,76357
2026-04-01 12:50:00,66.23,66.28,66.225,66.26,193216
2026-04-01 12:55:00,66.255,66.305,66.21,66.295,63767
2026-04-01 13:00:00,66.3,66.3,66.235,66.295,54390
2026-04-01 13:05:00,66.305,66.34,66.255,66.29,43805
2026-04-01 13:10:00,66.3,66.325,66.265,66.295,46318
2026-04-01 13:15:00,66.29,66.295,66.24,66.285,52878
2026-04-01 13:20:00,66.29,66.33,66.285,66.3,41837
2026-04-01 13:25:00,66.29,66.34,66.29,66.305,50749
2026-04-01 13:30:00,66.305,66.325,66.285,66.295,49378
2026-04-01 13:35:00,66.295,66.34,66.28,66.315,34231
2026-04-01 13:40:00,66.315,66.34,66.22,66.255,70433
2026-04-01 13:45:00,66.26,66.3,66.225,66.24,121783
2026-04-01 13:50:00,66.24,66.295,66.225,66.235,163724
2026-04-01 13:55:00,66.235,66.245,66.14,66.155,66376
2026-04-01 14:00:00,66.16,66.19,66.03,66.095,132516
2026-04-01 14:05:00,66.095,66.155,66.045,66.085,49859
2026-04-01 14:10:00,66.08,66.105,65.975,65.98,205121
2026-04-01 14:15:00,65.97,65.995,65.87,65.925,180725
2026-04-01 14:20:00,65.92,65.965,65.885,65.91,120438
2026-04-01 14:25:00,65.92,65.98,65.89,65.925,82045
2026-04-01 14:30:00,65.93,65.97,65.895,65.905,107925
2026-04-01 14:35:00,65.895,65.945,65.815,65.92,320362
2026-04-01 14:40:00,65.92,66.0,65.89,65.9,84652
2026-04-01 14:45:00,65.905,65.95,65.865,65.905,88804
2026-04-01 14:50:00,65.9,65.92,65.835,65.875,47145
2026-04-01 14:55:00,65.875,65.875,65.82,65.85,34278
2026-04-01 15:00:00,65.855,65.88,65.79,65.83,241715
2026-04-01 15:05:00,65.835,65.905,65.83,65.845,240004
2026-04-01 15:10:00,65.84,65.895,65.815,65.89,89964
2026-04-01 15:15:00,65.8879,65.97,65.875,65.96,301212
2026-04-01 15:20:00,65.96,66.01,65.95,65.975,194362
2026-04-01 15:25:00,65.975,66.01,65.945,65.945,116946
2026-04-01 15:30:00,65.95,65.955,65.87,65.915,190396
2026-04-01 15:35:00,65.915,65.98,65.89,65.96,214975
2026-04-01 15:40:00,65.965,66.04,65.95,66.015,244140
2026-04-01 15:45:00,66.01,66.04,65.94,65.975,232047
2026-04-01 15:50:00,65.98,65.98,65.85,65.89,469832
2026-04-01 15:55:00,65.89,65.895,65.81,65.84,901048
2026-04-01 16:00:00,65.85,65.96,65.58,65.79,288131
2026-04-01 16:05:00,65.81,65.81,65.76,65.77,1332
2026-04-01 16:10:00,65.76,65.76,65.76,65.76,100
2026-04-01 16:30:00,65.8,65.8,65.77,65.77,10612
2026-04-01 16:40:00,65.72,65.72,65.72,65.72,5590
2026-04-01 17:55:00,65.85,65.85,65.85,65.85,356
2026-04-02 04:00:00,64.83,64.83,64.83,64.83,150
2026-04-02 06:15:00,65.01,65.01,65.0,65.0,200
2026-04-02 07:05:00,64.78,64.78,64.78,64.78,250
2026-04-02 07:10:00,64.715,64.715,64.715,64.715,200
2026-04-02 07:40:00,64.7194,64.7194,64.67,64.67,1500
2026-04-02 07:55:00,64.75,64.75,64.62,64.62,400
2026-04-02 08:05:00,64.61,64.61,64.6,64.6,400
2026-04-02 08:10:00,64.61,64.61,64.61,64.61,204
2026-04-02 08:30:00,64.75,64.78,64.75,64.78,1560
2026-04-02 08:45:00,64.65,64.65,64.65,64.65,200
2026-04-02 09:25:00,64.77,64.77,64.77,64.77,1543
2026-04-02 09:30:00,64.75,65.02,64.7,64.81,288850
2026-04-02 09:35:00,64.81,64.82,64.59,64.645,206399
2026-04-02 09:40:00,64.65,64.69,64.465,64.5814,225459
2026-04-02 09:45:00,64.59,64.905,64.59,64.83,319547
2026-04-02 09:50:00,64.83,64.91,64.78,64.84,273796
2026-04-02 09:55:00,64.84,64.9,64.76,64.87,79982
2026-04-02 10:00:00,64.88,64.88,64.67,64.8,84133
2026-04-02 10:05:00,64.795,64.81,64.7,64.785,73336
2026-04-02 10:10:00,64.78,64.83,64.715,64.725,116704
2026-04-02 10:15:00,64.73,64.85,64.7,64.835,78414
2026-04-02 10:20:00,64.835,64.95,64.81,64.94,53807
2026-04-02 10:25:00,64.92,65.04,64.9,64.975,63757
2026-04-02 10:30:00,64.975,65.255,64.925,65.24,299340
2026-04-02 10:35:00,65.25,65.98,65.24,65.64,506401
2026-04-02 10:40:00,65.63,65.73,65.39,65.71,462576
2026-04-02 10:45:00,65.7,65.71,65.43,65.455,91076
2026-04-02 10:50:00,65.455,65.58,65.41,65.55,125501
2026-04-02 10:55:00,65.55,65.65,65.51,65.6,330103
2026-04-02 11:00:00,65.6,65.61,65.375,65.57,219803
2026-04-02 11:05:00,65.57,65.59,65.43,65.56,40036
2026-04-02 11:10:00,65.565,65.65,65.515,65.59,38568
2026-04-02 11:15:00,65.6,65.75,65.59,65.685,92553
2026-04-02 11:20:00,65.68,65.695,65.55,65.69,157980
2026-04-02 11:25:00,65.685,65.815,65.65,65.81,107291
2026-04-02 11:30:00,65.815,65.85,65.74,65.83,183747
2026-04-02 11:35:00,65.83,65.905,65.74,65.785,89787
2026-04-02 11:40:00,65.785,65.795,65.64,65.745,96485
2026-04-02 11:45:00,65.74,65.74,65.62,65.66,83260
2026-04-02 11:50:00,65.66,65.84,65.59,65.84,101905
2026-04-02 11:55:00,65.84,65.89,65.74,65.78,276674
2026-04-02 12:00:00,65.78,65.875,65.73,65.76,326744
2026-04-02 12:05:00,65.75,65.78,65.69,65.7675,40603
2026-04-02 12:10:00,65.765,65.785,65.71,65.71,92843
2026-04-02 12:15:00,65.7,65.72,65.65,65.65,70122
2026-04-02 12:20:00,65.65,65.72,65.63,65.7,30377
2026-04-02 12:25:00,65.685,65.78,65.665,65.7,21046
2026-04-02 12:30:00,65.7,65.88,65.7,65.8589,56258
2026-04-02 12:35:00,65.865,65.895,65.76,65.825,68554
2026-04-02 12:40:00,65.82,65.99,65.82,65.89,103726
2026-04-02 12:45:00,65.89,65.925,65.87,65.9,167819
2026-04-02 12:50:00,65.92,65.925,65.84,65.85,28481
2026-04-02 12:55:00,65.845,65.845,65.72,65.72,28214
2026-04-02 13:00:00,65.71,65.785,65.675,65.785,48229
2026-04-02 13:05:00,65.785,65.825,65.76,65.79,37380
2026-04-02 13:10:00,65.785,65.85,65.73,65.835,65543
2026-04-02 13:15:00,65.835,65.88,65.805,65.83,74102
2026-04-02 13:20:00,65.84,65.915,65.83,65.89,44790
2026-04-02 13:25:00,65.89,65.94,65.88,65.935,29400
2026-04-02 13:30:00,65.945,65.955,65.89,65.91,25946
2026-04-02 13:35:00,65.9,65.9,65.845,65.885,24052
2026-04-02 13:40:00,65.885,65.885,65.82,65.86,13304
2026-04-02 13:45:00,65.86,65.875,65.72,65.72,30501
2026-04-02 13:50:00,65.715,65.76,65.68,65.75,37024
2026-04-02 13:55:00,65.76,65.775,65.71,65.745,18288
2026-04-02 14:00:00,65.75,65.785,65.73,65.78,28395
2026-04-02 14:05:00,65.775,65.8,65.725,65.775,28275
2026-04-02 14:10:00,65.77,65.86,65.77,65.83,119700
2026-04-02 14:15:00,65.82,65.845,65.74,65.78,40535
2026-04-02 14:20:00,65.785,65.795,65.74,65.74,13172
2026-04-02 14:25:00,65.725,65.74,65.69,65.72,28388
2026-04-02 14:30:00,65.725,65.785,65.725,65.78,73904
2026-04-02 14:35:00,65.775,65.795,65.75,65.785,31885
2026-04-02 14:40:00,65.785,65.925,65.785,65.92,117027
2026-04-02 14:45:00,65.93,65.95,65.91,65.945,130392
2026-04-02 14:50:00,65.95,66.01,65.93,65.935,116736
2026-04-02 14:55:00,65.935,65.97,65.93,65.94,71066
2026-04-02 15:00:00,65.94,65.975,65.895,65.905,191963
2026-04-02 15:05:00,65.9,65.925,65.87,65.925,169735
2026-04-02 15:10:00,65.93,65.945,65.8,65.815,87678
2026-04-02 15:15:00,65.82,65.855,65.8,65.825,48355
2026-04-02 15:20:00,65.825,65.83,65.755,65.795,90149
2026-04-02 15:25:00,65.795,65.805,65.76,65.785,67694
2026-04-02 15:30:00,65.785,65.815,65.745,65.765,87667
2026-04-02 15:35:00,65.765,65.905,65.765,65.885,275794
2026-04-02 15:40:00,65.88,65.91,65.82,65.83,72473
2026-04-02 15:45:00,65.83,65.88,65.79,65.88,210557
2026-04-02 15:50:00,65.88,65.98,65.875,65.925,575245
2026-04-02 15:55:00,65.925,65.98,65.89,65.955,1077577
2026-04-02 16:00:00,66.0,66.0,66.0,66.0,485503
2026-04-02 16:05:00,65.99,65.99,65.82,65.82,2947
2026-04-02 16:10:00,65.94,66.05,65.94,66.05,40464
2026-04-02 16:35:00,65.99,66.04,65.93,65.93,5233
2026-04-02 16:40:00,65.82,65.82,65.77,65.77,3155
2026-04-02 17:35:00,65.99,65.99,65.99,65.99,200
2026-04-02 18:05:00,65.93,65.93,65.93,65.93,100
2026-04-02 18:20:00,65.74,65.74,65.74,65.74,400
2026-04-02 19:50:00,65.87,65.87,65.87,65.87,100
