2026-03-04 04:00:00,19.49,19.49,19.49,19.49,1200.0
2026-03-04 04:25:00,19.49,19.5,19.49,19.5,400.0
2026-03-04 04:50:00,19.38,19.38,19.23,19.23,1000.0
2026-03-04 05:00:00,19.23,19.23,19.23,19.23,169.0
2026-03-04 05:10:00,19.22,19.22,19.22,19.22,1000.0
2026-03-04 05:15:00,19.04,19.04,19.04,19.04,900.0
2026-03-04 07:30:00,19.15,19.21,19.15,19.21,1389.0
2026-03-04 07:35:00,19.1,19.1,19.04,19.04,5600.0
2026-03-04 08:00:00,19.13,19.69,18.79,18.91,6971.0
2026-03-04 08:05:00,19.53,19.65,18.8925,18.8925,1046.0
2026-03-04 08:10:00,18.9,18.91,18.85,18.85,16542.0
2026-03-04 08:15:00,18.78,18.8195,18.78,18.8195,4092.0
2026-03-04 08:20:00,18.8005,18.9,18.8005,18.9,276.0
2026-03-04 08:25:00,18.82,18.82,18.82,18.82,110.0
2026-03-04 08:30:00,18.84,18.84,18.8,18.8,1800.0
2026-03-04 08:40:00,18.81,18.81,18.8,18.81,3850.0
2026-03-04 08:45:00,18.79,18.81,18.721,18.721,8726.0
2026-03-04 09:05:00,18.85,18.85,18.85,18.85,100.0
2026-03-04 09:20:00,18.81,18.81,18.76,18.76,5000.0
2026-03-04 09:25:00,18.77,18.77,18.77,18.77,250.0
2026-03-04 09:30:00,18.79,19.26,18.66,19.23,195745.0
2026-03-04 09:35:00,19.22,19.35,18.96,19.05,129916.0
2026-03-04 09:40:00,19.04,19.35,18.97,19.31,62257.0
2026-03-04 09:45:00,19.3,19.43,19.17,19.24,41496.0
2026-03-04 09:50:00,19.25,19.4,19.13,19.31,79016.0
2026-03-04 09:55:00,19.28,19.45,19.12,19.15,137973.0
2026-03-04 10:00:00,19.13,19.33,18.96,19.21,100127.0
2026-03-04 10:05:00,19.215,19.29,18.83,18.9,60450.0
2026-03-04 10:10:00,18.89,19.02,18.75,18.8786,38077.0
2026-03-04 10:15:00,18.878,18.92,18.66,18.66,51433.0
2026-03-04 10:20:00,18.7,18.72,18.44,18.465,50341.0
2026-03-04 10:25:00,18.53,18.67,18.52,18.54,96862.0
2026-03-04 10:30:00,18.54,18.645,18.52,18.645,56356.0
2026-03-04 10:35:00,18.66,18.67,18.39,18.45,101541.0
2026-03-04 10:40:00,18.43,18.75,18.43,18.71,80565.0
2026-03-04 10:45:00,18.7,18.78,18.46,18.46,41102.0
2026-03-04 10:50:00,18.46,18.65,18.365,18.58,41119.0
2026-03-04 10:55:00,18.58,18.64,18.365,18.395,39505.0
2026-03-04 11:00:00,18.4,18.53,18.385,18.45,18539.0
2026-03-04 11:05:00,18.46,18.53,18.46,18.48,5964.0
2026-03-04 11:10:00,18.5,18.64,18.46,18.54,28865.0
2026-03-04 11:15:00,18.51,18.72,18.5,18.72,12505.0
2026-03-04 11:20:00,18.73,18.7632,18.62,18.7632,16692.0
2026-03-04 11:25:00,18.74,18.74,18.55,18.565,7118.0
2026-03-04 11:30:00,18.6,18.66,18.565,18.61,8589.0
2026-03-04 11:35:00,18.59,18.73,18.59,18.71,15011.0
2026-03-04 11:40:00,18.69,18.69,18.51,18.53,20012.0
2026-03-04 11:45:00,18.54,18.65,18.54,18.56,6623.0
2026-03-04 11:50:00,18.56,18.67,18.55,18.61,3168.0
2026-03-04 11:55:00,18.645,18.685,18.61,18.64,13184.0
2026-03-04 12:00:00,18.65,18.65,18.555,18.57,27569.0
2026-03-04 12:05:00,18.56,18.68,18.555,18.675,6612.0
2026-03-04 12:10:00,18.62,18.62,18.545,18.6,6552.0
2026-03-04 12:15:00,18.68,18.69,18.51,18.53,12049.0
2026-03-04 12:20:00,18.55,18.59,18.515,18.515,20928.0
2026-03-04 12:25:00,18.51,18.62,18.48,18.61,29110.0
2026-03-04 12:30:00,18.61,18.61,18.505,18.505,12673.0
2026-03-04 12:35:00,18.495,18.6,18.455,18.52,27904.0
2026-03-04 12:40:00,18.5,18.52,18.45,18.45,8072.0
2026-03-04 12:45:00,18.45,18.45,18.365,18.4,38272.0
2026-03-04 12:50:00,18.405,18.405,18.29,18.29,26341.0
2026-03-04 12:55:00,18.3,18.345,18.285,18.315,13710.0
2026-03-04 13:00:00,18.315,18.35,18.27,18.335,14384.0
2026-03-04 13:05:00,18.35,18.38,18.245,18.27,34415.0
2026-03-04 13:10:00,18.265,18.33,18.25,18.33,13814.0
2026-03-04 13:15:00,18.34,18.36,18.24,18.26,30976.0
2026-03-04 13:20:00,18.26,18.3,18.25,18.295,7743.0
2026-03-04 13:25:00,18.3,18.32,18.185,18.2,49535.0
2026-03-04 13:30:00,18.2,18.2,18.12,18.13,35481.0
2026-03-04 13:35:00,18.12,18.13,17.98,18.035,43073.0
2026-03-04 13:40:00,18.045,18.065,17.975,17.995,21423.0
2026-03-04 13:45:00,17.99,18.025,17.975,17.975,18683.0
2026-03-04 13:50:00,17.97,17.97,17.85,17.9,32604.0
2026-03-04 13:55:00,17.8907,17.971,17.8907,17.94,20927.0
2026-03-04 14:00:00,17.94,17.96,17.88,17.885,24411.0
2026-03-04 14:05:00,17.885,17.92,17.79,17.82,58771.0
2026-03-04 14:10:00,17.84,17.875,17.72,17.76,58107.0
2026-03-04 14:15:00,17.765,17.775,17.71,17.76,44540.0
2026-03-04 14:20:00,17.77,17.775,17.735,17.755,28787.0
2026-03-04 14:25:00,17.755,17.775,17.71,17.77,50345.0
2026-03-04 14:30:00,17.77,17.8,17.74,17.77,37006.0
2026-03-04 14:35:00,17.765,17.825,17.69,17.825,44201.0
2026-03-04 14:40:00,17.835,17.87,17.81,17.82,18583.0
2026-03-04 14:45:00,17.82,17.825,17.755,17.78,20945.0
2026-03-04 14:50:00,17.779,17.82,17.75,17.8,12784.0
2026-03-04 14:55:00,17.8,17.82,17.71,17.735,40435.0
2026-03-04 15:00:00,17.73,17.735,17.695,17.705,36985.0
2026-03-04 15:05:00,17.71,17.79,17.71,17.74,17702.0
2026-03-04 15:10:00,17.73,17.79,17.7,17.775,28961.0
2026-03-04 15:15:00,17.7792,17.7892,17.725,17.78,47279.0
2026-03-04 15:20:00,17.775,17.83,17.745,17.79,33849.0
2026-03-04 15:25:00,17.795,17.7978,17.73,17.735,28064.0
2026-03-04 15:30:00,17.76,17.825,17.75,17.79,17417.0
2026-03-04 15:35:00,17.8088,17.8088,17.745,17.78,25375.0
2026-03-04 15:40:00,17.775,17.79,17.76,17.78,24775.0
2026-03-04 15:45:00,17.78,17.825,17.73,17.825,34209.0
2026-03-04 15:50:00,17.83,17.975,17.82,17.975,122952.0
2026-03-04 15:55:00,17.97,18.04,17.935,18.02,131171.0
2026-03-04 16:00:00,18.02,18.02,18.0,18.0,8981.0
2026-03-04 16:05:00,18.02,18.05,18.02,18.047,1975.0
2026-03-04 16:10:00,18.0402,18.0402,18.04,18.04,460.0
2026-03-04 16:15:00,18.0,18.04,18.0,18.04,899.0
2026-03-04 16:20:00,18.07,18.12,18.07,18.11,1450.0
2026-03-04 16:30:00,17.99,17.99,17.99,17.99,110.0
2026-03-04 16:35:00,18.1,18.1,18.1,18.1,526.0
2026-03-04 16:55:00,18.08,18.1,18.08,18.1,300.0
2026-03-04 17:00:00,18.07,18.07,18.07,18.07,300.0
2026-03-04 17:05:00,18.011,18.04,18.011,18.04,351.0
2026-03-04 17:10:00,18.04,18.04,18.04,18.04,1044.0
2026-03-04 17:40:00,18.1,18.1,18.05,18.05,2327.0
2026-03-04 18:00:00,18.03,18.03,18.03,18.03,404.0
2026-03-04 18:20:00,18.02,18.02,18.02,18.02,180.0
2026-03-04 18:40:00,18.02,18.02,17.9913,17.9913,9803.0
2026-03-04 19:05:00,17.9906,17.9906,17.9906,17.9906,300.0
2026-03-04 19:15:00,17.99,17.99,17.98,17.98,677.0
2026-03-04 19:20:00,17.95,17.95,17.95,17.95,2000.0
2026-03-04 19:25:00,17.99,17.99,17.99,17.99,100.0
2026-03-04 19:30:00,18.0252,18.0252,18.0252,18.0252,1000.0
2026-03-04 19:40:00,17.98,17.98,17.98,17.98,100.0
2026-03-04 19:45:00,18.0,18.0,18.0,18.0,800.0
2026-03-04 19:50:00,17.9997,17.9997,17.9997,17.9997,200.0
2026-03-05 04:00:00,18.2,18.2,18.19,18.19,1290.0
2026-03-05 04:05:00,18.18,18.18,18.15,18.15,10687.0
2026-03-05 04:25:00,18.04,18.04,18.04,18.04,250.0
2026-03-05 04:30:00,18.14,18.14,18.14,18.14,102.0
2026-03-05 04:40:00,18.09,18.09,18.09,18.09,180.0
2026-03-05 05:00:00,18.16,18.16,18.15,18.15,613.0
2026-03-05 06:25:00,18.19,18.19,18.16,18.19,750.0
2026-03-05 06:40:00,18.2,18.2,18.2,18.2,200.0
2026-03-05 06:45:00,18.24,18.24,18.22,18.22,680.0
2026-03-05 07:00:00,18.18,18.2,18.13,18.2,2572.0
2026-03-05 07:15:00,18.25,18.25,18.25,18.25,100.0
2026-03-05 07:20:00,18.21,18.21,18.2,18.2,936.0
2026-03-05 07:30:00,18.2,18.22,18.16,18.18,3534.0
2026-03-05 07:35:00,18.16,18.26,18.12,18.26,1910.0
2026-03-05 07:40:00,18.25,18.27,18.25,18.27,615.0
2026-03-05 07:45:00,18.29,18.3,18.25,18.25,1750.0
2026-03-05 07:50:00,18.31,18.35,18.31,18.35,4561.0
2026-03-05 08:00:00,18.11,18.48,18.1,18.36,5923.0
2026-03-05 08:05:00,18.39,18.39,18.34,18.39,653.0
2026-03-05 08:10:00,18.39,18.41,18.39,18.4,3730.0
2026-03-05 08:15:00,18.39,18.39,18.37,18.37,1475.0
2026-03-05 08:20:00,18.39,18.39,18.34,18.34,18477.0
2026-03-05 08:25:00,18.41,18.41,18.38,18.38,916.0
2026-03-05 08:30:00,18.39,18.41,18.39,18.41,4250.0
2026-03-05 08:35:00,18.41,18.49,18.41,18.49,6912.0
2026-03-05 08:45:00,18.43,18.45,18.43,18.45,684.0
2026-03-05 08:50:00,18.44,18.45,18.4073,18.4073,1580.0
2026-03-05 08:55:00,18.48,18.55,18.48,18.55,6572.0
2026-03-05 09:00:00,18.504,18.57,18.504,18.56,2429.0
2026-03-05 09:05:00,18.58,18.59,18.54,18.54,1642.0
2026-03-05 09:10:00,18.55,18.5893,18.55,18.5893,280.0
2026-03-05 09:20:00,18.56,18.5929,18.56,18.5929,2405.0
2026-03-05 09:25:00,18.56,18.65,18.5,18.568,9447.0
2026-03-05 09:30:00,18.65,19.0,18.55,18.786,166992.0
2026-03-05 09:35:00,18.75,18.92,18.6268,18.78,78833.0
2026-03-05 09:40:00,18.77,18.8225,18.605,18.605,31363.0
2026-03-05 09:45:00,18.64,18.75,18.49,18.7236,37255.0
2026-03-05 09:50:00,18.73,18.75,18.48,18.5,26118.0
2026-03-05 09:55:00,18.5,18.5199,18.375,18.45,14380.0
2026-03-05 10:00:00,18.44,18.6,18.39,18.58,35321.0
2026-03-05 10:05:00,18.62,18.76,18.54,18.56,30674.0
2026-03-05 10:10:00,18.57,18.6,18.4699,18.56,9004.0
2026-03-05 10:15:00,18.56,18.79,18.56,18.765,51233.0
2026-03-05 10:20:00,18.8,18.97,18.76,18.92,50971.0
2026-03-05 10:25:00,18.91,19.04,18.83,18.91,158147.0
2026-03-05 10:30:00,18.91,19.0,18.863,18.94,88805.0
2026-03-05 10:35:00,18.94,19.0,18.69,18.725,40864.0
2026-03-05 10:40:00,18.73,18.755,18.64,18.685,10029.0
2026-03-05 10:45:00,18.65,18.8,18.63,18.68,9585.0
2026-03-05 10:50:00,18.64,18.8,18.55,18.8,27463.0
2026-03-05 10:55:00,18.8,18.94,18.8,18.83,60984.0
2026-03-05 11:00:00,18.79,18.94,18.72,18.92,30642.0
2026-03-05 11:05:00,18.92,18.98,18.83,18.945,39863.0
2026-03-05 11:10:00,18.93,18.96,18.86,18.95,37765.0
2026-03-05 11:15:00,18.965,19.04,18.89,19.02,56880.0
2026-03-05 11:20:00,19.01,19.05,18.85,19.005,44963.0
2026-03-05 11:25:00,19.03,19.06,18.965,19.04,69656.0
2026-03-05 11:30:00,19.03,19.16,18.98,19.1199,49247.0
2026-03-05 11:35:00,19.12,19.14,19.03,19.105,15624.0
2026-03-05 11:40:00,19.07,19.2,19.045,19.18,24456.0
2026-03-05 11:45:00,19.16,19.16,19.02,19.075,34480.0
2026-03-05 11:50:00,19.07,19.1703,19.03,19.045,17295.0
2026-03-05 11:55:00,19.05,19.0899,19.035,19.07,42507.0
2026-03-05 12:00:00,19.095,19.095,18.92,18.92,21561.0
2026-03-05 12:05:00,18.92,19.04,18.91,18.98,36307.0
2026-03-05 12:10:00,19.01,19.11,19.01,19.085,11957.0
2026-03-05 12:15:00,19.135,19.185,19.1,19.18,12864.0
2026-03-05 12:20:00,19.15,19.17,19.07,19.1,29137.0
2026-03-05 12:25:00,19.14,19.25,19.1,19.13,34315.0
2026-03-05 12:30:00,19.13,19.2799,19.13,19.22,38566.0
2026-03-05 12:35:00,19.205,19.275,19.11,19.225,35786.0
2026-03-05 12:40:00,19.23,19.325,19.215,19.25,16702.0
2026-03-05 12:45:00,19.255,19.4,19.255,19.3801,19968.0
2026-03-05 12:50:00,19.385,19.395,19.2599,19.375,26820.0
2026-03-05 12:55:00,19.41,19.44,19.375,19.4,12165.0
2026-03-05 13:00:00,19.415,19.45,19.3,19.37,19389.0
2026-03-05 13:05:00,19.3998,19.48,19.3,19.3,33549.0
2026-03-05 13:10:00,19.3,19.385,19.255,19.27,18429.0
2026-03-05 13:15:00,19.27,19.4,19.24,19.4,15458.0
2026-03-05 13:20:00,19.38,19.425,19.25,19.305,24380.0
2026-03-05 13:25:00,19.275,19.425,19.27,19.4,16775.0
2026-03-05 13:30:00,19.38,19.44,19.31,19.32,13094.0
2026-03-05 13:35:00,19.31,19.315,19.21,19.27,27478.0
2026-03-05 13:40:00,19.21,19.22,19.15,19.1697,18894.0
2026-03-05 13:45:00,19.16,19.29,19.16,19.2499,16017.0
2026-03-05 13:50:00,19.28,19.38,19.25,19.355,9502.0
2026-03-05 13:55:00,19.33,19.4,19.32,19.35,8050.0
2026-03-05 14:00:00,19.37,19.47,19.34,19.46,31935.0
2026-03-05 14:05:00,19.45,19.51,19.345,19.41,47900.0
2026-03-05 14:10:00,19.42,19.51,19.395,19.4,27485.0
2026-03-05 14:15:00,19.41,19.47,19.385,19.39,8643.0
2026-03-05 14:20:00,19.38,19.45,19.34,19.45,10683.0
2026-03-05 14:25:00,19.45,19.555,19.435,19.49,21015.0
2026-03-05 14:30:00,19.49,19.575,19.485,19.51,8032.0
2026-03-05 14:35:00,19.51,19.555,19.43,19.46,22579.0
2026-03-05 14:40:00,19.47,19.49,19.38,19.385,14562.0
2026-03-05 14:45:00,19.38,19.46,19.38,19.405,4558.0
2026-03-05 14:50:00,19.39,19.49,19.315,19.49,31041.0
2026-03-05 14:55:00,19.5,19.51,19.41,19.45,22542.0
2026-03-05 15:00:00,19.46,19.465,19.32,19.33,28334.0
2026-03-05 15:05:00,19.33,19.4,19.245,19.36,31215.0
2026-03-05 15:10:00,19.37,19.375,19.21,19.21,16445.0
2026-03-05 15:15:00,19.21,19.25,19.135,19.165,12651.0
2026-03-05 15:20:00,19.155,19.185,19.055,19.07,73220.0
2026-03-05 15:25:00,19.05,19.17,19.01,19.155,48087.0
2026-03-05 15:30:00,19.155,19.155,19.01,19.06,60011.0
2026-03-05 15:35:00,19.06,19.15,19.045,19.145,15519.0
2026-03-05 15:40:00,19.14,19.195,19.085,19.16,13650.0
2026-03-05 15:45:00,19.13,19.26,19.13,19.15,45275.0
2026-03-05 15:50:00,19.12,19.16,19.08,19.115,31646.0
2026-03-05 15:55:00,19.11,19.11,19.05,19.07,33624.0
2026-03-05 16:00:00,19.05,19.05,19.05,19.05,11865.0
2026-03-05 16:10:00,19.25,19.36,19.25,19.36,1060.0
2026-03-05 16:25:00,19.28,19.35,19.28,19.35,350.0
2026-03-05 17:20:00,19.34,19.34,19.34,19.34,280.0
2026-03-05 19:10:00,19.1,19.1,19.1,19.1,100.0
2026-03-05 19:50:00,19.0922,19.0922,19.0922,19.0922,1000.0
2026-03-06 04:15:00,19.23,19.23,19.23,19.23,306.0
2026-03-06 04:50:00,19.31,19.31,19.31,19.31,250.0
2026-03-06 06:20:00,19.19,19.19,19.19,19.19,230.0
2026-03-06 06:25:00,19.2,19.2,19.2,19.2,1011.0
2026-03-06 06:40:00,19.34,19.37,19.34,19.37,1650.0
2026-03-06 07:25:00,19.47,19.47,19.47,19.47,500.0
2026-03-06 07:30:00,19.48,19.51,19.48,19.51,2947.0
2026-03-06 07:40:00,19.51,19.51,19.51,19.51,205.0
2026-03-06 07:45:00,19.42,19.55,19.381,19.55,2000.0
2026-03-06 07:50:00,19.59,19.6,19.59,19.6,700.0
2026-03-06 08:00:00,19.37,19.5981,18.85,19.23,3923.0
2026-03-06 08:05:00,18.99,19.5642,18.86,19.5642,907.0
2026-03-06 08:15:00,19.5695,19.5695,19.51,19.51,200.0
2026-03-06 08:20:00,19.5695,19.5695,19.5695,19.5695,100.0
2026-03-06 08:25:00,19.57,19.57,19.51,19.51,600.0
2026-03-06 08:30:00,19.58,19.75,19.58,19.73,10726.0
2026-03-06 08:35:00,19.72,19.73,19.7,19.7,584.0
2026-03-06 08:40:00,19.78,19.94,19.78,19.88,15572.0
2026-03-06 08:45:00,19.85,19.97,19.85,19.97,1812.0
2026-03-06 08:50:00,19.98,20.1,19.96,19.99,22907.0
2026-03-06 08:55:00,20.13,20.2,20.0168,20.0168,3548.0
2026-03-06 09:00:00,20.0,20.09,20.0,20.04,7850.0
2026-03-06 09:05:00,20.06,20.22,20.06,20.21,8959.0
2026-03-06 09:10:00,20.21,20.21,20.04,20.04,4700.0
2026-03-06 09:15:00,20.07,20.07,20.04,20.07,491.0
2026-03-06 09:25:00,20.08,20.08,20.01,20.01,1359.0
2026-03-06 09:30:00,19.89,20.5,19.89,20.2,259341.0
2026-03-06 09:35:00,20.18,20.23,19.79,19.87,110416.0
2026-03-06 09:40:00,19.88,20.03,19.54,19.72,113753.0
2026-03-06 09:45:00,19.72,19.735,19.52,19.635,105650.0
2026-03-06 09:50:00,19.645,19.9,19.64,19.855,137043.0
2026-03-06 09:55:00,19.89,19.98,19.85,19.875,33403.0
2026-03-06 10:00:00,19.82,19.83,19.48,19.48,52149.0
2026-03-06 10:05:00,19.46,19.735,19.46,19.64,65589.0
2026-03-06 10:10:00,19.6402,19.69,19.2998,19.33,84937.0
2026-03-06 10:15:00,19.2901,19.32,19.1,19.16,37269.0
2026-03-06 10:20:00,19.1899,19.285,19.12,19.27,52022.0
2026-03-06 10:25:00,19.28,19.47,19.2,19.355,64016.0
2026-03-06 10:30:00,19.355,19.38,19.195,19.315,54853.0
2026-03-06 10:35:00,19.29,19.4613,19.16,19.4613,25662.0
2026-03-06 10:40:00,19.43,19.53,19.385,19.45,35701.0
2026-03-06 10:45:00,19.44,19.69,19.385,19.66,59109.0
2026-03-06 10:50:00,19.645,19.89,19.645,19.78,89031.0
2026-03-06 10:55:00,19.77,19.785,19.5161,19.635,33305.0
2026-03-06 11:00:00,19.63,19.64,19.49,19.555,13853.0
2026-03-06 11:05:00,19.57,19.725,19.56,19.62,12760.0
2026-03-06 11:10:00,19.66,19.82,19.66,19.73,54748.0
2026-03-06 11:15:00,19.74,19.81,19.635,19.71,40615.0
2026-03-06 11:20:00,19.7,19.83,19.6899,19.72,31680.0
2026-03-06 11:25:00,19.72,19.89,19.72,19.79,65848.0
2026-03-06 11:30:00,19.79,19.98,19.76,19.9,37787.0
2026-03-06 11:35:00,19.9,19.92,19.675,19.72,45482.0
2026-03-06 11:40:00,19.73,19.84,19.715,19.78,16447.0
2026-03-06 11:45:00,19.78,19.79,19.63,19.755,26071.0
2026-03-06 11:50:00,19.71,19.815,19.65,19.805,14908.0
2026-03-06 11:55:00,19.8,19.89,19.69,19.78,40291.0
2026-03-06 12:00:00,19.775,19.8112,19.68,19.75,44977.0
2026-03-06 12:05:00,19.75,19.88,19.75,19.785,28843.0
2026-03-06 12:10:00,19.79,19.85,19.71,19.82,19266.0
2026-03-06 12:15:00,19.785,19.87,19.75,19.77,15689.0
2026-03-06 12:20:00,19.745,19.81,19.72,19.775,11135.0
2026-03-06 12:25:00,19.785,19.91,19.78,19.9,28216.0
2026-03-06 12:30:00,19.89,19.89,19.73,19.78,33098.0
2026-03-06 12:35:00,19.8,19.9398,19.79,19.895,60608.0
2026-03-06 12:40:00,19.9,19.99,19.87,19.87,13987.0
2026-03-06 12:45:00,19.865,19.94,19.72,19.72,28076.0
2026-03-06 12:50:00,19.7,19.855,19.67,19.8,32947.0
2026-03-06 12:55:00,19.79,19.86,19.725,19.775,28509.0
2026-03-06 13:00:00,19.78,19.79,19.56,19.7,50681.0
2026-03-06 13:05:00,19.6824,19.7,19.505,19.55,30055.0
2026-03-06 13:10:00,19.555,19.62,19.325,19.33,43680.0
2026-03-06 13:15:00,19.365,19.42,19.32,19.38,64693.0
2026-03-06 13:20:00,19.38,19.45,19.28,19.3,26440.0
2026-03-06 13:25:00,19.29,19.405,19.29,19.3399,17769.0
2026-03-06 13:30:00,19.33,19.4,19.245,19.36,110258.0
2026-03-06 13:35:00,19.36,19.45,19.325,19.38,26021.0
2026-03-06 13:40:00,19.385,19.435,19.26,19.26,25170.0
2026-03-06 13:45:00,19.28,19.4,19.25,19.2693,44264.0
2026-03-06 13:50:00,19.27,19.42,19.27,19.364,27379.0
2026-03-06 13:55:00,19.4,19.48,19.375,19.47,23775.0
2026-03-06 14:00:00,19.47,19.525,19.42,19.51,11700.0
2026-03-06 14:05:00,19.52,19.52,19.355,19.36,41662.0
2026-03-06 14:10:00,19.36,19.36,19.265,19.3,6414.0
2026-03-06 14:15:00,19.31,19.36,19.2,19.21,49379.0
2026-03-06 14:20:00,19.22,19.37,19.21,19.37,57166.0
2026-03-06 14:25:00,19.38,19.415,19.24,19.25,29741.0
2026-03-06 14:30:00,19.245,19.25,19.17,19.2199,14004.0
2026-03-06 14:35:00,19.21,19.22,19.075,19.11,57692.0
2026-03-06 14:40:00,19.105,19.17,19.045,19.16,35378.0
2026-03-06 14:45:00,19.16,19.215,19.09,19.21,18464.0
2026-03-06 14:50:00,19.225,19.25,19.15,19.15,18316.0
2026-03-06 14:55:00,19.14,19.235,19.11,19.2,21368.0
2026-03-06 15:00:00,19.16,19.185,19.045,19.075,41257.0
2026-03-06 15:05:00,19.07,19.16,19.07,19.1599,22725.0
2026-03-06 15:10:00,19.15,19.205,19.125,19.175,24140.0
2026-03-06 15:15:00,19.17,19.17,19.08,19.165,36259.0
2026-03-06 15:20:00,19.185,19.23,19.115,19.12,20648.0
2026-03-06 15:25:00,19.14,19.24,19.14,19.235,23370.0
2026-03-06 15:30:00,19.25,19.25,19.17,19.225,20802.0
2026-03-06 15:35:00,19.24,19.28,19.19,19.195,26002.0
2026-03-06 15:40:00,19.185,19.205,19.0893,19.17,29098.0
2026-03-06 15:45:00,19.145,19.205,19.08,19.13,26777.0
2026-03-06 15:50:00,19.13,19.21,19.1,19.15,40590.0
2026-03-06 15:55:00,19.17,19.19,19.03,19.05,106611.0
2026-03-06 16:00:00,19.04,19.04,19.04,19.04,2331.0
2026-03-06 16:05:00,19.08,19.14,19.08,19.13,1285.0
2026-03-06 16:10:00,19.13,19.2,19.11,19.2,539.0
2026-03-06 16:15:00,19.19,19.2,19.109,19.109,700.0
2026-03-06 16:35:00,19.2,19.2,19.2,19.2,161.0
2026-03-06 16:40:00,19.2,19.2,19.1,19.1,1800.0
2026-03-06 16:45:00,19.2448,19.2448,19.2448,19.2448,2000.0
2026-03-06 16:55:00,19.09,19.09,18.68,18.68,30831.0
2026-03-06 17:00:00,18.67,18.909,18.55,18.55,5168.0
2026-03-06 17:05:00,18.38,18.39,18.3,18.3,2700.0
2026-03-06 17:10:00,18.3,18.3,18.3,18.3,400.0
2026-03-06 17:15:00,18.4,18.4,18.28,18.38,2400.0
2026-03-06 17:20:00,18.3,18.31,18.3,18.3,9096.0
2026-03-06 17:25:00,18.5493,18.55,18.3853,18.3853,8000.0
2026-03-06 17:30:00,18.25,18.25,18.12,18.12,2536.0
2026-03-06 17:35:00,18.11,18.46,18.1,18.46,3365.0
2026-03-06 17:40:00,18.45,18.45,18.45,18.45,500.0
2026-03-06 17:45:00,18.2,18.2,18.1,18.1,9239.0
2026-03-06 17:50:00,18.3251,18.3251,18.15,18.15,800.0
2026-03-06 17:55:00,18.2,18.2,18.16,18.16,3970.0
2026-03-06 18:00:00,18.22,18.22,18.22,18.22,1900.0
2026-03-06 18:05:00,18.24,18.24,18.2364,18.2364,5100.0
2026-03-06 18:10:00,18.1261,18.1261,18.05,18.05,4309.0
2026-03-06 18:15:00,18.1,18.11,18.1,18.1,978.0
2026-03-06 18:30:00,18.2507,18.3483,18.2507,18.3,1250.0
2026-03-06 18:35:00,18.2981,18.2981,18.2981,18.2981,100.0
2026-03-06 18:40:00,18.25,18.3,18.25,18.25,3531.0
2026-03-06 18:45:00,18.2697,18.2697,18.2021,18.24,1701.0
2026-03-06 18:50:00,18.35,18.36,18.35,18.36,600.0
2026-03-06 18:55:00,18.25,18.37,18.25,18.37,800.0
2026-03-06 19:00:00,18.3,18.3,18.29,18.29,563.0
2026-03-06 19:05:00,18.29,18.3,18.26,18.26,786.0
2026-03-06 19:10:00,18.29,18.3,18.29,18.299,1440.0
2026-03-06 19:15:00,18.29,18.3,18.29,18.3,852.0
2026-03-06 19:20:00,18.25,18.25,18.25,18.25,500.0
2026-03-06 19:25:00,18.25,18.25,18.25,18.25,2000.0
2026-03-06 19:30:00,18.25,18.2508,18.25,18.2501,6500.0
2026-03-06 19:35:00,18.27,18.27,18.27,18.27,200.0
2026-03-06 19:50:00,18.3403,18.3403,18.3403,18.3403,922.0
2026-03-06 19:55:00,18.3479,18.36,18.34,18.36,1100.0
2026-03-09 04:00:00,20.0,20.0,19.85,19.85,2700.0
2026-03-09 05:15:00,19.36,19.36,19.34,19.34,1250.0
2026-03-09 05:30:00,19.31,19.31,19.08,19.08,2094.0
2026-03-09 05:35:00,19.09,19.09,19.09,19.09,156.0
2026-03-09 05:40:00,19.1,19.1,19.08,19.08,1075.0
2026-03-09 06:25:00,19.3,19.32,19.27,19.27,1505.0
2026-03-09 07:00:00,19.23,19.23,19.11,19.11,6238.0
2026-03-09 07:15:00,19.2,19.2,19.2,19.2,3000.0
2026-03-09 07:25:00,19.26,19.32,19.26,19.32,2334.0
2026-03-09 07:35:00,19.23,19.23,19.23,19.23,100.0
2026-03-09 07:40:00,19.21,19.25,19.21,19.25,700.0
2026-03-09 07:45:00,19.15,19.15,19.14,19.14,700.0
2026-03-09 07:50:00,19.12,19.12,19.12,19.12,100.0
2026-03-09 08:00:00,19.1101,20.52,19.11,19.25,22795.0
2026-03-09 08:05:00,19.07,19.1,19.03,19.03,4030.0
2026-03-09 08:10:00,20.29,20.57,19.09,19.09,1350.0
2026-03-09 08:20:00,19.05,19.07,19.05,19.06,6930.0
2026-03-09 08:25:00,19.05,19.08,19.05,19.08,4919.0
2026-03-09 08:30:00,19.13,19.13,19.0008,19.1,4922.0
2026-03-09 08:35:00,19.1087,19.1087,19.1087,19.1087,130.0
2026-03-09 08:40:00,19.2,19.2,19.15,19.18,3621.0
2026-03-09 08:45:00,19.1767,19.18,19.14,19.14,512.0
2026-03-09 08:55:00,19.18,19.25,19.18,19.22,1010.0
2026-03-09 09:00:00,19.24,19.2849,19.2,19.2849,895.0
2026-03-09 09:05:00,19.1818,19.1818,19.1818,19.1818,1075.0
2026-03-09 09:15:00,19.19,19.3,19.12,19.3,2863.0
2026-03-09 09:25:00,19.15,19.15,19.14,19.14,304.0
2026-03-09 09:30:00,19.03,19.22,18.05,18.22,150280.0
2026-03-09 09:35:00,18.2,18.58,18.1,18.47,176706.0
2026-03-09 09:40:00,18.52,18.87,18.33,18.67,268108.0
2026-03-09 09:45:00,18.68,18.83,18.1,18.28,152076.0
2026-03-09 09:50:00,18.285,18.46,18.18,18.3601,98865.0
2026-03-09 09:55:00,18.36,18.59,18.305,18.58,94913.0
2026-03-09 10:00:00,18.61,18.81,18.59,18.68,62396.0
2026-03-09 10:05:00,18.67,19.01,18.61,18.96,97519.0
2026-03-09 10:10:00,19.02,19.08,18.79,18.855,45858.0
2026-03-09 10:15:00,18.82,18.915,18.68,18.85,38037.0
2026-03-09 10:20:00,18.87,18.97,18.75,18.93,41922.0
2026-03-09 10:25:00,18.97,19.19,18.86,19.08,53412.0
2026-03-09 10:30:00,19.07,19.19,18.99,19.09,18354.0
2026-03-09 10:35:00,19.1,19.23,19.05,19.1,20201.0
2026-03-09 10:40:00,19.11,19.11,18.77,18.78,55201.0
2026-03-09 10:45:00,18.76,18.86,18.6299,18.7,33204.0
2026-03-09 10:50:00,18.7192,18.785,18.55,18.555,16393.0
2026-03-09 10:55:00,18.56,18.64,18.45,18.5809,39771.0
2026-03-09 11:00:00,18.58,18.62,18.43,18.435,31195.0
2026-03-09 11:05:00,18.42,18.52,18.36,18.46,22053.0
2026-03-09 11:10:00,18.47,18.6,18.37,18.49,24423.0
2026-03-09 11:15:00,18.47,18.55,18.45,18.49,21063.0
2026-03-09 11:20:00,18.49,18.52,18.365,18.37,19865.0
2026-03-09 11:25:00,18.38,18.45,18.3197,18.44,11487.0
2026-03-09 11:30:00,18.435,18.54,18.42,18.5,9338.0
2026-03-09 11:35:00,18.51,18.75,18.505,18.72,17059.0
2026-03-09 11:40:00,18.74,18.82,18.6999,18.82,12032.0
2026-03-09 11:45:00,18.82,18.85,18.68,18.74,17867.0
2026-03-09 11:50:00,18.735,18.775,18.67,18.67,10326.0
2026-03-09 11:55:00,18.68,18.73,18.61,18.65,3170.0
2026-03-09 12:00:00,18.64,18.68,18.52,18.58,7737.0
2026-03-09 12:05:00,18.55,18.56,18.45,18.56,15229.0
2026-03-09 12:10:00,18.57,18.63,18.54,18.59,9319.0
2026-03-09 12:15:00,18.6,18.675,18.525,18.54,7370.0
2026-03-09 12:20:00,18.53,18.605,18.47,18.5,16194.0
2026-03-09 12:25:00,18.5,18.52,18.3898,18.52,35982.0
2026-03-09 12:30:00,18.49,18.535,18.36,18.38,18050.0
2026-03-09 12:35:00,18.41,18.435,18.32,18.35,10571.0
2026-03-09 12:40:00,18.325,18.33,18.25,18.27,13788.0
2026-03-09 12:45:00,18.27,18.305,18.24,18.24,22565.0
2026-03-09 12:50:00,18.23,18.32,18.205,18.24,11820.0
2026-03-09 12:55:00,18.24,18.36,18.17,18.3366,53568.0
2026-03-09 13:00:00,18.33,18.45,18.32,18.445,11020.0
2026-03-09 13:05:00,18.46,18.54,18.4002,18.53,16689.0
2026-03-09 13:10:00,18.49,18.61,18.49,18.61,27653.0
2026-03-09 13:15:00,18.58,18.6899,18.55,18.6899,16352.0
2026-03-09 13:20:00,18.699,18.7,18.57,18.64,26339.0
2026-03-09 13:25:00,18.655,18.76,18.625,18.71,17734.0
2026-03-09 13:30:00,18.7,18.76,18.67,18.73,11030.0
2026-03-09 13:35:00,18.74,18.85,18.74,18.84,14123.0
2026-03-09 13:40:00,18.85,18.92,18.825,18.89,38669.0
2026-03-09 13:45:00,18.89,18.97,18.89,18.93,33022.0
2026-03-09 13:50:00,18.96,18.96,18.815,18.82,24904.0
2026-03-09 13:55:00,18.81,18.87,18.785,18.85,12550.0
2026-03-09 14:00:00,18.83,18.85,18.81,18.84,5839.0
2026-03-09 14:05:00,18.84,18.84,18.675,18.74,13863.0
2026-03-09 14:10:00,18.675,18.71,18.5897,18.5897,9576.0
2026-03-09 14:15:00,18.59,18.59,18.47,18.47,20934.0
2026-03-09 14:20:00,18.478,18.585,18.46,18.54,22039.0
2026-03-09 14:25:00,18.55,18.65,18.55,18.65,12287.0
2026-03-09 14:30:00,18.665,18.665,18.43,18.45,17381.0
2026-03-09 14:35:00,18.47,18.49,18.43,18.46,5446.0
2026-03-09 14:40:00,18.46,18.48,18.4,18.47,14659.0
2026-03-09 14:45:00,18.48,18.49,18.325,18.34,9597.0
2026-03-09 14:50:00,18.35,18.35,18.28,18.32,28341.0
2026-03-09 14:55:00,18.335,18.47,18.335,18.415,21035.0
2026-03-09 15:00:00,18.42,18.45,18.34,18.45,23936.0
2026-03-09 15:05:00,18.43,18.515,18.43,18.46,10813.0
2026-03-09 15:10:00,18.46,18.495,18.4151,18.485,6924.0
2026-03-09 15:15:00,18.49,18.5,18.2,18.22,50370.0
2026-03-09 15:20:00,18.22,18.22,17.73,17.76,173656.0
2026-03-09 15:25:00,17.765,17.8,17.55,17.565,68029.0
2026-03-09 15:30:00,17.6,17.79,17.505,17.605,68237.0
2026-03-09 15:35:00,17.61,17.71,17.455,17.48,95334.0
2026-03-09 15:40:00,17.485,17.699,17.485,17.56,114750.0
2026-03-09 15:45:00,17.58,17.71,17.575,17.655,59904.0
2026-03-09 15:50:00,17.68,17.71,17.57,17.71,83408.0
2026-03-09 15:55:00,17.7,17.73,17.5803,17.66,155507.0
2026-03-09 16:00:00,17.67,17.68,17.67,17.68,3126.0
2026-03-09 16:10:00,17.73,17.94,17.72,17.76,5975.0
2026-03-09 16:15:00,17.75,17.9089,17.68,17.9089,1102.0
2026-03-09 16:20:00,17.7812,17.7812,17.7812,17.7812,1000.0
2026-03-09 16:25:00,17.81,17.85,17.81,17.85,4596.0
2026-03-09 16:30:00,17.85,17.85,17.85,17.85,5344.0
2026-03-09 16:35:00,17.81,17.81,17.81,17.81,1300.0
2026-03-09 16:40:00,17.82,17.82,17.82,17.82,644.0
2026-03-09 16:45:00,17.84,17.84,17.84,17.84,2000.0
2026-03-09 16:50:00,17.79,17.79,17.79,17.79,500.0
2026-03-09 16:55:00,17.75,17.75,17.75,17.75,1094.0
2026-03-09 17:05:00,17.77,17.7848,17.75,17.752,2362.0
2026-03-09 17:10:00,17.71,17.71,17.7,17.7,2214.0
2026-03-09 18:00:00,17.82,17.84,17.8,17.84,700.0
2026-03-09 18:20:00,17.8,17.83,17.8,17.83,641.0
2026-03-09 18:25:00,17.84,17.9,17.84,17.9,6141.0
2026-03-09 18:30:00,17.76,17.76,17.76,17.76,570.0
2026-03-09 18:50:00,17.905,17.905,17.905,17.905,100.0
2026-03-09 19:00:00,17.85,17.887,17.85,17.887,1200.0
2026-03-09 19:05:00,17.87,17.87,17.87,17.87,200.0
2026-03-09 19:55:00,17.88,17.88,17.87,17.87,400.0
2026-03-10 04:05:00,17.72,17.72,17.7,17.7,500.0
2026-03-10 04:15:00,17.67,17.67,17.67,17.67,145.0
2026-03-10 04:30:00,17.58,17.69,17.58,17.69,401.0
2026-03-10 05:10:00,17.58,17.58,17.55,17.55,800.0
2026-03-10 05:40:00,17.55,17.55,17.55,17.55,250.0
2026-03-10 06:10:00,17.63,17.64,17.63,17.64,750.0
2026-03-10 06:20:00,17.64,17.64,17.64,17.64,211.0
2026-03-10 07:05:00,17.78,17.78,17.78,17.78,450.0
2026-03-10 07:10:00,17.81,17.81,17.81,17.81,190.0
2026-03-10 07:30:00,17.83,17.84,17.83,17.84,428.0
2026-03-10 07:35:00,17.83,17.83,17.83,17.83,248.0
2026-03-10 07:40:00,17.87,17.88,17.87,17.88,3917.0
2026-03-10 07:50:00,17.85,17.88,17.85,17.88,1665.0
2026-03-10 08:00:00,17.8666,17.95,17.8666,17.95,2862.0
2026-03-10 08:05:00,17.93,17.97,17.8,17.8,5709.0
2026-03-10 08:10:00,18.01,18.01,18.0,18.0,1060.0
2026-03-10 08:15:00,17.9986,17.9986,17.9986,17.9986,350.0
2026-03-10 08:25:00,17.99,17.99,17.99,17.99,300.0
2026-03-10 08:30:00,17.98,18.04,17.98,18.04,853.0
2026-03-10 08:35:00,18.01,18.01,17.97,17.97,532.0
2026-03-10 08:45:00,17.9,17.9,17.9,17.9,183.0
2026-03-10 08:55:00,17.9,17.9,17.9,17.9,200.0
2026-03-10 09:00:00,17.9,17.9,17.9,17.9,100.0
2026-03-10 09:05:00,17.93,17.96,17.93,17.96,1098.0
2026-03-10 09:10:00,17.91,17.91,17.91,17.91,191.0
2026-03-10 09:20:00,17.95,17.95,17.95,17.95,841.0
2026-03-10 09:25:00,17.94,17.94,17.66,17.66,20414.0
2026-03-10 09:30:00,17.64,17.73,17.265,17.31,71831.0
2026-03-10 09:35:00,17.34,17.73,17.23,17.705,84104.0
2026-03-10 09:40:00,17.72,17.81,17.44,17.48,97828.0
2026-03-10 09:45:00,17.51,17.64,17.25,17.28,53670.0
2026-03-10 09:50:00,17.3,17.37,17.21,17.36,56285.0
2026-03-10 09:55:00,17.35,17.6,17.27,17.51,102016.0
2026-03-10 10:00:00,17.5,17.7,17.45,17.675,41761.0
2026-03-10 10:05:00,17.6,17.72,17.38,17.72,45816.0
2026-03-10 10:10:00,17.71,17.77,17.55,17.56,91999.0
2026-03-10 10:15:00,17.54,17.56,17.3501,17.435,51739.0
2026-03-10 10:20:00,17.44,17.545,17.35,17.39,29016.0
2026-03-10 10:25:00,17.385,17.46,17.385,17.435,14549.0
2026-03-10 10:30:00,17.42,17.4811,17.275,17.33,27783.0
2026-03-10 10:35:00,17.31,17.365,17.21,17.26,68355.0
2026-03-10 10:40:00,17.27,17.335,17.195,17.205,86022.0
2026-03-10 10:45:00,17.215,17.311,17.14,17.2,46126.0
2026-03-10 10:50:00,17.17,17.255,17.12,17.13,32719.0
2026-03-10 10:55:00,17.12,17.22,17.11,17.19,24476.0
2026-03-10 11:00:00,17.2,17.265,17.155,17.155,31470.0
2026-03-10 11:05:00,17.15,17.3297,17.145,17.27,41430.0
2026-03-10 11:10:00,17.27,17.37,17.2606,17.3,44210.0
2026-03-10 11:15:00,17.295,17.3,17.14,17.15,20516.0
2026-03-10 11:20:00,17.15,17.1794,17.1,17.1397,43150.0
2026-03-10 11:25:00,17.15,17.22,17.145,17.2,24339.0
2026-03-10 11:30:00,17.205,17.24,17.11,17.12,41429.0
2026-03-10 11:35:00,17.12,17.14,17.02,17.02,69198.0
2026-03-10 11:40:00,17.02,17.04,16.91,16.985,89043.0
2026-03-10 11:45:00,16.9899,17.01,16.96,16.98,31636.0
2026-03-10 11:50:00,16.98,17.06,16.93,17.06,38271.0
2026-03-10 11:55:00,17.06,17.15,17.06,17.06,38548.0
2026-03-10 12:00:00,17.06,17.17,17.0,17.165,28311.0
2026-03-10 12:05:00,17.175,17.28,17.17,17.27,54455.0
2026-03-10 12:10:00,17.25,17.28,17.15,17.25,22229.0
2026-03-10 12:15:00,17.25,17.25,17.12,17.15,21164.0
2026-03-10 12:20:00,17.165,17.23,17.16,17.205,11719.0
2026-03-10 12:25:00,17.185,17.23,17.11,17.14,28204.0
2026-03-10 12:30:00,17.14,17.17,17.06,17.095,22116.0
2026-03-10 12:35:00,17.095,17.095,16.99,17.06,25282.0
2026-03-10 12:40:00,17.06,17.105,16.995,16.995,10367.0
2026-03-10 12:45:00,17.02,17.135,17.0199,17.135,31860.0
2026-03-10 12:50:00,17.135,17.145,17.04,17.0797,20657.0
2026-03-10 12:55:00,17.08,17.125,17.055,17.125,12053.0
2026-03-10 13:00:00,17.11,17.13,17.03,17.03,8797.0
2026-03-10 13:05:00,17.03,17.06,16.94,16.95,50108.0
2026-03-10 13:10:00,16.94,17.055,16.93,17.0,33988.0
2026-03-10 13:15:00,16.999,17.01,16.95,16.95,25681.0
2026-03-10 13:20:00,16.93,16.955,16.86,16.89,108901.0
2026-03-10 13:25:00,16.89,16.91,16.85,16.9,50903.0
2026-03-10 13:30:00,16.91,16.97,16.81,16.9099,68913.0
2026-03-10 13:35:00,16.92,17.08,16.87,17.01,126965.0
2026-03-10 13:40:00,17.01,17.2,16.98,17.16,57544.0
2026-03-10 13:45:00,17.145,17.16,17.0,17.1,109475.0
2026-03-10 13:50:00,17.09,17.16,17.02,17.025,26316.0
2026-03-10 13:55:00,17.0301,17.09,17.0301,17.05,22694.0
2026-03-10 14:00:00,17.04,17.12,16.99,17.02,33431.0
2026-03-10 14:05:00,17.02,17.09,16.9899,17.09,17230.0
2026-03-10 14:10:00,17.095,17.3399,17.03,17.33,78630.0
2026-03-10 14:15:00,17.33,17.48,17.2155,17.4693,46582.0
2026-03-10 14:20:00,17.47,17.64,17.42,17.5,130701.0
2026-03-10 14:25:00,17.485,17.485,17.31,17.33,77568.0
2026-03-10 14:30:00,17.33,17.33,17.2,17.285,62009.0
2026-03-10 14:35:00,17.3,17.49,17.29,17.49,33993.0
2026-03-10 14:40:00,17.49,17.57,17.44,17.565,32028.0
2026-03-10 14:45:00,17.58,17.58,17.31,17.42,32540.0
2026-03-10 14:50:00,17.37,17.46,17.3,17.41,12315.0
2026-03-10 14:55:00,17.415,17.5,17.415,17.49,11575.0
2026-03-10 15:00:00,17.48,17.545,17.43,17.49,27892.0
2026-03-10 15:05:00,17.5001,17.56,17.4135,17.445,20103.0
2026-03-10 15:10:00,17.45,17.5,17.3789,17.3789,13506.0
2026-03-10 15:15:00,17.35,17.42,17.295,17.2967,15854.0
2026-03-10 15:20:00,17.31,17.48,17.31,17.48,25999.0
2026-03-10 15:25:00,17.48,17.545,17.45,17.51,24909.0
2026-03-10 15:30:00,17.52,17.56,17.49,17.525,31664.0
2026-03-10 15:35:00,17.53,17.66,17.51,17.53,35930.0
2026-03-10 15:40:00,17.525,17.575,17.42,17.535,36774.0
2026-03-10 15:45:00,17.55,17.63,17.49,17.61,66749.0
2026-03-10 15:50:00,17.65,17.69,17.57,17.575,62141.0
2026-03-10 15:55:00,17.57,17.61,17.485,17.485,52332.0
2026-03-10 16:00:00,17.5,17.56,17.5,17.55,14399.0
2026-03-10 16:10:00,17.5,17.5,17.4521,17.4521,200.0
2026-03-10 16:20:00,17.43,17.43,17.43,17.43,1300.0
2026-03-10 16:25:00,17.44,17.44,17.43,17.43,1771.0
2026-03-10 16:35:00,17.55,17.55,17.5,17.5,1807.0
2026-03-10 16:45:00,17.5,17.5,17.5,17.5,200.0
2026-03-10 17:15:00,17.36,17.36,17.36,17.36,6549.0
2026-03-10 17:45:00,17.5,17.5,17.5,17.5,3000.0
2026-03-10 18:05:00,17.5,17.5,17.5,17.5,300.0
2026-03-10 18:10:00,17.36,17.36,17.36,17.36,700.0
2026-03-10 18:40:00,17.5,17.54,17.5,17.54,1800.0
2026-03-10 19:15:00,17.5,17.54,17.4617,17.54,4200.0
2026-03-10 19:20:00,17.54,17.54,17.54,17.54,1366.0
2026-03-10 19:25:00,17.6,17.6,17.53,17.53,440.0
2026-03-10 19:30:00,17.52,17.52,17.5,17.5,3868.0
2026-03-10 19:40:00,17.5,17.5,17.5,17.5,2000.0
2026-03-10 19:50:00,17.51,17.51,17.51,17.51,300.0
2026-03-10 19:55:00,17.51,17.52,17.51,17.52,1000.0
2026-03-11 04:25:00,17.59,17.61,17.59,17.61,612.0
2026-03-11 04:50:00,17.61,17.61,17.61,17.61,100.0
2026-03-11 05:00:00,17.61,17.61,17.61,17.61,100.0
2026-03-11 05:30:00,17.63,17.63,17.63,17.63,1177.0
2026-03-11 05:35:00,17.62,17.62,17.62,17.62,500.0
2026-03-11 05:45:00,17.64,17.64,17.64,17.64,100.0
2026-03-11 05:55:00,17.64,17.64,17.64,17.64,250.0
2026-03-11 06:00:00,17.66,17.66,17.64,17.66,4545.0
2026-03-11 06:05:00,17.66,17.66,17.66,17.66,271.0
2026-03-11 06:30:00,17.6,17.61,17.6,17.61,600.0
2026-03-11 06:40:00,17.6,17.6,17.6,17.6,130.0
2026-03-11 06:50:00,17.62,17.62,17.62,17.62,100.0
2026-03-11 07:00:00,17.61,17.61,17.6,17.6,441.0
2026-03-11 07:30:00,17.62,17.62,17.6,17.6,1352.0
2026-03-11 07:45:00,17.63,17.63,17.62,17.63,2043.0
2026-03-11 07:50:00,17.6,17.6,17.6,17.6,156.0
2026-03-11 08:00:00,17.6711,17.6711,17.5,17.5819,1557.0
2026-03-11 08:05:00,17.61,17.61,17.55,17.5804,943.0
2026-03-11 08:15:00,17.62,17.67,17.6,17.67,5000.0
2026-03-11 08:20:00,17.67,17.67,17.67,17.67,1130.0
2026-03-11 08:25:00,17.6,17.6,17.6,17.6,200.0
2026-03-11 08:30:00,17.58,17.58,17.58,17.58,200.0
2026-03-11 08:35:00,17.68,17.68,17.64,17.64,756.0
2026-03-11 08:40:00,17.68,17.69,17.68,17.69,1150.0
2026-03-11 08:45:00,17.68,17.75,17.68,17.7488,3072.0
2026-03-11 08:50:00,17.73,17.7984,17.73,17.7984,535.0
2026-03-11 08:55:00,17.7954,17.7954,17.72,17.75,3050.0
2026-03-11 09:00:00,17.7,17.7,17.7,17.7,198.0
2026-03-11 09:05:00,17.7634,17.7634,17.7634,17.7634,500.0
2026-03-11 09:10:00,17.7421,17.7421,17.7,17.71,600.0
2026-03-11 09:15:00,17.69,17.71,17.69,17.71,2064.0
2026-03-11 09:20:00,17.7179,17.7179,17.7,17.71,1857.0
2026-03-11 09:25:00,17.69,17.8,17.61,17.8,1310.0
2026-03-11 09:30:00,17.67,17.92,17.6314,17.8284,77937.0
2026-03-11 09:35:00,17.85,18.01,17.82,17.88,137208.0
2026-03-11 09:40:00,17.875,18.14,17.82,18.12,135779.0
2026-03-11 09:45:00,18.12,18.23,18.04,18.055,120442.0
2026-03-11 09:50:00,18.04,18.19,17.92,18.07,72994.0
2026-03-11 09:55:00,18.06,18.215,18.02,18.125,47512.0
2026-03-11 10:00:00,18.11,18.13,17.81,17.88,74464.0
2026-03-11 10:05:00,17.9,18.14,17.82,18.0,113873.0
2026-03-11 10:10:00,18.0,18.0,17.7,17.725,57313.0
2026-03-11 10:15:00,17.73,17.91,17.695,17.76,54823.0
2026-03-11 10:20:00,17.73,17.83,17.58,17.801,101352.0
2026-03-11 10:25:00,17.82,17.94,17.66,17.66,109186.0
2026-03-11 10:30:00,17.65,17.875,17.63,17.81,38465.0
2026-03-11 10:35:00,17.79,17.8,17.6201,17.655,22576.0
2026-03-11 10:40:00,17.66,17.72,17.54,17.5593,45864.0
2026-03-11 10:45:00,17.57,17.69,17.545,17.64,27201.0
2026-03-11 10:50:00,17.63,17.66,17.54,17.6,47746.0
2026-03-11 10:55:00,17.61,17.715,17.54,17.545,17604.0
2026-03-11 11:00:00,17.55,17.625,17.48,17.4818,27395.0
2026-03-11 11:05:00,17.4799,17.64,17.42,17.625,34752.0
2026-03-11 11:10:00,17.63,17.73,17.59,17.71,20927.0
2026-03-11 11:15:00,17.73,17.88,17.73,17.835,35782.0
2026-03-11 11:20:00,17.84,17.88,17.78,17.785,43577.0
2026-03-11 11:25:00,17.77,17.97,17.73,17.97,25159.0
2026-03-11 11:30:00,17.97,18.1,17.925,17.96,35401.0
2026-03-11 11:35:00,17.99,18.015,17.93,17.99,19628.0
2026-03-11 11:40:00,18.0,18.13,17.96,18.13,22999.0
2026-03-11 11:45:00,18.14,18.19,18.11,18.16,25168.0
2026-03-11 11:50:00,18.14,18.205,18.065,18.15,57239.0
2026-03-11 11:55:00,18.155,18.29,18.13,18.29,43727.0
2026-03-11 12:00:00,18.28,18.34,18.2646,18.27,40474.0
2026-03-11 12:05:00,18.27,18.2787,18.15,18.2,32082.0
2026-03-11 12:10:00,18.19,18.28,18.14,18.195,12865.0
2026-03-11 12:15:00,18.19,18.285,18.18,18.26,9754.0
2026-03-11 12:20:00,18.265,18.265,18.16,18.18,27446.0
2026-03-11 12:25:00,18.165,18.23,18.15,18.15,9803.0
2026-03-11 12:30:00,18.14,18.14,18.03,18.03,23463.0
2026-03-11 12:35:00,18.04,18.15,18.0345,18.14,18932.0
2026-03-11 12:40:00,18.11,18.11,18.015,18.02,19647.0
2026-03-11 12:45:00,18.03,18.13,18.03,18.11,5027.0
2026-03-11 12:50:00,18.07,18.085,18.02,18.045,7810.0
2026-03-11 12:55:00,18.04,18.085,18.01,18.035,5338.0
2026-03-11 13:00:00,18.04,18.04,17.95,17.97,4850.0
2026-03-11 13:05:00,17.95,18.045,17.925,18.01,8239.0
2026-03-11 13:10:00,18.01,18.125,18.01,18.09,6243.0
2026-03-11 13:15:00,18.1,18.1283,18.025,18.09,10071.0
2026-03-11 13:20:00,18.0891,18.135,18.075,18.09,20750.0
2026-03-11 13:25:00,18.07,18.16,18.065,18.115,5959.0
2026-03-11 13:30:00,18.1,18.13,18.09,18.11,6675.0
2026-03-11 13:35:00,18.11,18.3,18.07,18.225,28212.0
2026-03-11 13:40:00,18.2,18.33,18.15,18.285,16096.0
2026-03-11 13:45:00,18.29,18.3,18.23,18.235,7310.0
2026-03-11 13:50:00,18.23,18.23,18.1055,18.17,7092.0
2026-03-11 13:55:00,18.2,18.23,18.14,18.17,7140.0
2026-03-11 14:00:00,18.16,18.17,18.1,18.1,3172.0
2026-03-11 14:05:00,18.11,18.168,18.105,18.168,17622.0
2026-03-11 14:10:00,18.18,18.25,18.12,18.13,8200.0
2026-03-11 14:15:00,18.14,18.195,18.11,18.12,10731.0
2026-03-11 14:20:00,18.105,18.165,18.085,18.15,4600.0
2026-03-11 14:25:00,18.12,18.14,18.06,18.09,6070.0
2026-03-11 14:30:00,18.08,18.105,18.05,18.09,4567.0
2026-03-11 14:35:00,18.06,18.125,18.06,18.11,5850.0
2026-03-11 14:40:00,18.13,18.18,18.1,18.15,10959.0
2026-03-11 14:45:00,18.13,18.185,18.105,18.18,3940.0
2026-03-11 14:50:00,18.16,18.19,18.13,18.17,26187.0
2026-03-11 14:55:00,18.17,18.235,18.14,18.18,9199.0
2026-03-11 15:00:00,18.16,18.205,18.145,18.16,13633.0
2026-03-11 15:05:00,18.16,18.175,18.14,18.15,8712.0
2026-03-11 15:10:00,18.15,18.2099,18.14,18.205,10424.0
2026-03-11 15:15:00,18.205,18.21,18.09,18.09,4753.0
2026-03-11 15:20:00,18.105,18.125,18.1,18.1,4131.0
2026-03-11 15:25:00,18.08,18.09,18.04,18.0899,6710.0
2026-03-11 15:30:00,18.08,18.08,17.995,18.0,11654.0
2026-03-11 15:35:00,17.9985,18.005,17.97,17.975,10211.0
2026-03-11 15:40:00,17.97,17.97,17.915,17.92,8352.0
2026-03-11 15:45:00,17.91,17.96,17.88,17.9,30830.0
2026-03-11 15:50:00,17.9,17.965,17.88,17.92,65540.0
2026-03-11 15:55:00,17.91,17.95,17.89,17.95,46931.0
2026-03-11 16:00:00,17.95,18.0,17.93,17.9305,11666.0
2026-03-11 16:05:00,17.9436,17.9436,17.9436,17.9436,100.0
2026-03-11 16:10:00,17.94,17.9591,17.9,17.9591,2463.0
2026-03-11 16:20:00,17.91,17.91,17.87,17.89,4543.0
2026-03-11 16:40:00,17.93,17.93,17.93,17.93,205.0
2026-03-11 16:45:00,17.92,17.92,17.92,17.92,200.0
2026-03-11 16:50:00,17.93,17.93,17.93,17.93,287.0
2026-03-11 16:55:00,17.87,17.87,17.87,17.87,161.0
2026-03-11 17:00:00,17.871,17.871,17.871,17.871,141.0
2026-03-11 17:05:00,17.95,17.95,17.95,17.95,480.0
2026-03-11 17:15:00,17.95,17.95,17.95,17.95,250.0
2026-03-11 17:30:00,17.95,17.95,17.95,17.95,287.0
2026-03-11 17:50:00,17.95,17.96,17.95,17.95,1655.0
2026-03-11 18:00:00,17.97,18.0,17.97,18.0,755.0
2026-03-11 18:05:00,18.0,18.0,18.0,18.0,488.0
2026-03-11 18:10:00,18.07,18.07,18.07,18.07,1200.0
2026-03-11 18:35:00,18.1883,18.2,18.1883,18.2,4527.0
2026-03-11 18:45:00,17.9327,18.1,17.9327,18.1,600.0
2026-03-11 18:50:00,18.1,18.1,18.1,18.1,200.0
2026-03-11 18:55:00,18.27,18.28,18.26,18.28,2472.0
2026-03-11 19:05:00,18.27,18.28,18.27,18.28,847.0
2026-03-11 19:10:00,18.15,18.22,18.15,18.22,450.0
2026-03-11 19:15:00,18.2,18.2,18.2,18.2,100.0
2026-03-11 19:20:00,18.29,18.3,18.29,18.3,455.0
2026-03-11 19:30:00,18.41,18.41,18.41,18.41,340.0
2026-03-11 19:35:00,18.35,18.35,18.35,18.35,200.0
2026-03-11 19:40:00,18.38,18.4,18.31,18.31,2330.0
2026-03-11 19:45:00,18.4,18.52,18.4,18.52,82767.0
2026-03-12 04:20:00,18.29,18.33,18.12,18.33,3419.0
2026-03-12 06:30:00,18.35,18.35,18.35,18.35,342.0
2026-03-12 07:00:00,18.22,18.3,18.22,18.3,7137.0
2026-03-12 07:25:00,18.34,18.34,18.34,18.34,200.0
2026-03-12 07:45:00,18.29,18.29,18.29,18.29,1250.0
2026-03-12 07:55:00,18.37,18.37,18.37,18.37,478.0
2026-03-12 08:00:00,18.38,18.77,18.12,18.43,8987.0
2026-03-12 08:05:00,18.43,18.51,18.42,18.49,2678.0
2026-03-12 08:10:00,18.3,18.3,18.3,18.3,200.0
2026-03-12 08:15:00,18.49,18.49,18.49,18.49,500.0
2026-03-12 08:25:00,18.51,18.51,18.5,18.5,2977.0
2026-03-12 08:30:00,18.5,18.51,18.43,18.49,1464.0
2026-03-12 08:35:00,18.45,18.52,18.4229,18.4229,4376.0
2026-03-12 08:40:00,18.5,18.5,18.5,18.5,200.0
2026-03-12 08:45:00,18.5,18.5,18.45,18.5,610.0
2026-03-12 09:15:00,18.62,18.62,18.62,18.62,100.0
2026-03-12 09:20:00,18.63,18.63,18.6,18.6,5395.0
2026-03-12 09:25:00,18.62,18.62,18.57,18.59,1711.0
2026-03-12 09:30:00,18.42,19.245,18.42,19.12,446100.0
2026-03-12 09:35:00,19.14,19.19,18.93,18.94,38758.0
2026-03-12 09:40:00,18.94,19.235,18.87,19.21,88006.0
2026-03-12 09:45:00,19.21,19.21,19.095,19.13,32061.0
2026-03-12 09:50:00,19.08,19.19,18.95,19.19,32555.0
2026-03-12 09:55:00,19.2,19.265,18.89,18.89,92880.0
2026-03-12 10:00:00,18.89,18.93,18.71,18.78,86161.0
2026-03-12 10:05:00,18.78,18.96,18.75,18.955,63388.0
2026-03-12 10:10:00,18.95,19.02,18.9,18.94,48174.0
2026-03-12 10:15:00,18.94,19.13,18.915,19.0,72388.0
2026-03-12 10:20:00,18.9901,19.17,18.98,19.1699,78104.0
2026-03-12 10:25:00,19.155,19.369,19.09,19.36,81556.0
2026-03-12 10:30:00,19.38,19.445,19.31,19.39,84698.0
2026-03-12 10:35:00,19.38,19.545,19.36,19.54,72080.0
2026-03-12 10:40:00,19.53,19.62,19.4884,19.5,123118.0
2026-03-12 10:45:00,19.5,19.61,19.33,19.61,122569.0
2026-03-12 10:50:00,19.6,19.705,19.57,19.61,85821.0
2026-03-12 10:55:00,19.61,19.7,19.575,19.61,59746.0
2026-03-12 11:00:00,19.63,19.735,19.63,19.645,45854.0
2026-03-12 11:05:00,19.66,19.74,19.6,19.7,53821.0
2026-03-12 11:10:00,19.71,19.87,19.685,19.805,52331.0
2026-03-12 11:15:00,19.805,19.865,19.77,19.84,40801.0
2026-03-12 11:20:00,19.84,19.89,19.71,19.745,578648.0
2026-03-12 11:25:00,19.745,19.815,19.61,19.8,122379.0
2026-03-12 11:30:00,19.81,19.81,19.515,19.535,55058.0
2026-03-12 11:35:00,19.53,19.7,19.475,19.495,103557.0
2026-03-12 11:40:00,19.48,19.59,19.28,19.33,54099.0
2026-03-12 11:45:00,19.33,19.56,19.29,19.56,46021.0
2026-03-12 11:50:00,19.575,19.6,19.47,19.51,28988.0
2026-03-12 11:55:00,19.51,19.58,19.495,19.56,16210.0
2026-03-12 12:00:00,19.565,19.6,19.485,19.485,25632.0
2026-03-12 12:05:00,19.495,19.75,19.41,19.7401,40597.0
2026-03-12 12:10:00,19.73,19.76,19.68,19.725,21950.0
2026-03-12 12:15:00,19.7364,19.7364,19.575,19.66,28397.0
2026-03-12 12:20:00,19.63,19.66,19.475,19.55,21797.0
2026-03-12 12:25:00,19.55,19.61,19.47,19.56,26940.0
2026-03-12 12:30:00,19.585,19.615,19.4,19.515,24774.0
2026-03-12 12:35:00,19.4944,19.56,19.34,19.34,40728.0
2026-03-12 12:40:00,19.345,19.4599,19.33,19.38,12857.0
2026-03-12 12:45:00,19.38,19.595,19.38,19.51,18823.0
2026-03-12 12:50:00,19.51,19.59,19.45,19.505,30678.0
2026-03-12 12:55:00,19.495,19.5,19.4197,19.44,14308.0
2026-03-12 13:00:00,19.44,19.49,19.375,19.375,5831.0
2026-03-12 13:05:00,19.365,19.43,19.27,19.41,28028.0
2026-03-12 13:10:00,19.355,19.475,19.34,19.455,16176.0
2026-03-12 13:15:00,19.47,19.51,19.335,19.41,15792.0
2026-03-12 13:20:00,19.43,19.45,19.32,19.43,17531.0
2026-03-12 13:25:00,19.42,19.46,19.38,19.39,12761.0
2026-03-12 13:30:00,19.38,19.43,19.315,19.425,21041.0
2026-03-12 13:35:00,19.36,19.36,19.25,19.31,18453.0
2026-03-12 13:40:00,19.3,19.47,19.26,19.46,18619.0
2026-03-12 13:45:00,19.47,19.53,19.445,19.5036,14605.0
2026-03-12 13:50:00,19.51,19.535,19.445,19.505,15614.0
2026-03-12 13:55:00,19.53,19.57,19.44,19.45,14589.0
2026-03-12 14:00:00,19.45,19.45,19.39,19.45,8449.0
2026-03-12 14:05:00,19.455,19.5,19.32,19.41,12673.0
2026-03-12 14:10:00,19.4,19.435,19.265,19.265,6780.0
2026-03-12 14:15:00,19.27,19.375,19.255,19.35,38679.0
2026-03-12 14:20:00,19.35,19.455,19.35,19.41,11030.0
2026-03-12 14:25:00,19.43,19.485,19.415,19.425,17315.0
2026-03-12 14:30:00,19.43,19.485,19.355,19.425,18803.0
2026-03-12 14:35:00,19.46,19.47,19.33,19.33,14319.0
2026-03-12 14:40:00,19.33,19.38,19.3,19.335,16298.0
2026-03-12 14:45:00,19.33,19.365,19.255,19.27,31130.0
2026-03-12 14:50:00,19.275,19.32,19.19,19.26,36237.0
2026-03-12 14:55:00,19.29,19.305,19.235,19.285,18761.0
2026-03-12 15:00:00,19.28,19.39,19.225,19.38,33731.0
2026-03-12 15:05:00,19.375,19.39,19.33,19.345,9575.0
2026-03-12 15:10:00,19.35,19.38,19.315,19.345,7222.0
2026-03-12 15:15:00,19.34,19.39,19.3,19.365,12683.0
2026-03-12 15:20:00,19.36,19.42,19.335,19.405,18462.0
2026-03-12 15:25:00,19.41,19.41,19.335,19.38,7395.0
2026-03-12 15:30:00,19.37,19.3851,19.305,19.33,23086.0
2026-03-12 15:35:00,19.325,19.365,19.28,19.31,22098.0
2026-03-12 15:40:00,19.31,19.445,19.31,19.42,17586.0
2026-03-12 15:45:00,19.42,19.47,19.42,19.455,28633.0
2026-03-12 15:50:00,19.48,19.575,19.45,19.55,76774.0
2026-03-12 15:55:00,19.55,19.595,19.53,19.535,86043.0
2026-03-12 16:00:00,19.52,19.6,19.45,19.53,6944.0
2026-03-12 16:10:00,19.6,19.6,19.59,19.6,892.0
2026-03-12 16:45:00,19.3254,19.3254,19.3254,19.3254,400.0
2026-03-12 16:55:00,19.3114,19.3114,19.3114,19.3114,200.0
2026-03-12 17:15:00,19.45,19.45,19.42,19.42,1671.0
2026-03-12 17:20:00,19.48,19.48,19.48,19.48,324.0
2026-03-12 17:45:00,19.323,19.323,19.323,19.323,115.0
2026-03-12 18:00:00,19.32,19.32,19.32,19.32,1000.0
2026-03-12 18:05:00,19.32,19.32,19.32,19.32,400.0
2026-03-12 19:40:00,19.52,19.52,19.52,19.52,102.0
2026-03-12 19:55:00,19.5,19.5,19.5,19.5,300.0
2026-03-13 04:20:00,19.7,19.7,19.7,19.7,2170.0
2026-03-13 04:50:00,19.58,19.58,19.58,19.58,700.0
2026-03-13 07:05:00,19.3,19.3,19.3,19.3,1200.0
2026-03-13 07:10:00,19.3,19.3,19.28,19.28,865.0
2026-03-13 07:20:00,19.31,19.32,19.3,19.32,2010.0
2026-03-13 07:25:00,19.29,19.3,19.27,19.28,8973.0
2026-03-13 07:35:00,19.26,19.27,19.26,19.27,400.0
2026-03-13 07:40:00,19.3,19.3,19.2,19.2,500.0
2026-03-13 08:00:00,19.3,19.53,19.17,19.17,8192.0
2026-03-13 08:05:00,19.1503,19.4,19.1503,19.23,3655.0
2026-03-13 08:30:00,19.19,19.19,19.19,19.19,176.0
2026-03-13 08:40:00,19.18,19.18,19.18,19.18,531.0
2026-03-13 08:45:00,19.17,19.17,19.04,19.1,7091.0
2026-03-13 09:00:00,19.08,19.08,18.99,19.08,985.0
2026-03-13 09:05:00,18.91,18.91,18.91,18.91,100.0
2026-03-13 09:10:00,19.19,19.19,19.19,19.19,100.0
2026-03-13 09:20:00,18.99,19.21,18.99,19.17,3981.0
2026-03-13 09:25:00,19.18,19.2,19.16,19.16,551.0
2026-03-13 09:30:00,19.05,19.11,18.65,18.71,235483.0
2026-03-13 09:35:00,18.72,18.96,18.67,18.76,107632.0
2026-03-13 09:40:00,18.77,18.92,18.7,18.76,73023.0
2026-03-13 09:45:00,18.8,18.875,18.735,18.75,72212.0
2026-03-13 09:50:00,18.78,18.81,18.48,18.48,60599.0
2026-03-13 09:55:00,18.48,18.92,18.48,18.92,67002.0
2026-03-13 10:00:00,18.875,19.078,18.83,18.935,72967.0
2026-03-13 10:05:00,18.93,19.09,18.9,19.02,55855.0
2026-03-13 10:10:00,18.98,19.1499,18.9,19.02,64363.0
2026-03-13 10:15:00,19.01,19.03,18.83,18.93,46367.0
2026-03-13 10:20:00,18.93,18.98,18.7502,18.97,39266.0
2026-03-13 10:25:00,18.93,19.01,18.855,18.9,43128.0
2026-03-13 10:30:00,18.9,18.93,18.74,18.87,41683.0
2026-03-13 10:35:00,18.89,19.12,18.89,19.07,43291.0
2026-03-13 10:40:00,19.1,19.34,19.1,19.31,80851.0
2026-03-13 10:45:00,19.35,19.38,19.26,19.2711,42263.0
2026-03-13 10:50:00,19.265,19.415,19.19,19.39,43699.0
2026-03-13 10:55:00,19.415,19.71,19.3799,19.69,36303.0
2026-03-13 11:00:00,19.685,19.8,19.603,19.7632,58053.0
2026-03-13 11:05:00,19.77,19.85,19.6,19.62,272280.0
2026-03-13 11:10:00,19.63,19.71,19.51,19.53,96417.0
2026-03-13 11:15:00,19.54,19.68,19.51,19.66,41287.0
2026-03-13 11:20:00,19.655,19.77,19.625,19.77,36575.0
2026-03-13 11:25:00,19.768,19.97,19.768,19.96,47314.0
2026-03-13 11:30:00,19.93,19.995,19.89,19.92,56053.0
2026-03-13 11:35:00,19.92,20.01,19.855,19.995,179546.0
2026-03-13 11:40:00,19.995,20.21,19.97,20.17,65605.0
2026-03-13 11:45:00,20.17,20.23,20.02,20.16,57461.0
2026-03-13 11:50:00,20.17,20.295,20.1,20.17,78912.0
2026-03-13 11:55:00,20.17,20.315,20.135,20.295,162524.0
2026-03-13 12:00:00,20.305,20.305,20.17,20.28,37751.0
2026-03-13 12:05:00,20.28,20.36,20.18,20.255,62147.0
2026-03-13 12:10:00,20.26,20.33,20.14,20.265,37812.0
2026-03-13 12:15:00,20.24,20.32,20.21,20.27,18218.0
2026-03-13 12:20:00,20.26,20.3,20.145,20.27,30628.0
2026-03-13 12:25:00,20.265,20.32,20.2,20.275,52855.0
2026-03-13 12:30:00,20.29,20.315,20.215,20.24,24830.0
2026-03-13 12:35:00,20.225,20.225,20.08,20.18,31915.0
2026-03-13 12:40:00,20.18,20.19,19.98,20.13,38476.0
2026-03-13 12:45:00,20.12,20.17,20.07,20.12,27658.0
2026-03-13 12:50:00,20.11,20.12,19.87,19.87,40627.0
2026-03-13 12:55:00,19.86,20.135,19.84,20.1,155665.0
2026-03-13 13:00:00,20.1,20.19,20.08,20.08,12351.0
2026-03-13 13:05:00,20.09,20.165,20.0,20.09,24493.0
2026-03-13 13:10:00,20.08,20.11,19.9,19.95,40610.0
2026-03-13 13:15:00,19.9,19.945,19.84,19.865,12837.0
2026-03-13 13:20:00,19.86,19.98,19.83,19.8699,17868.0
2026-03-13 13:25:00,19.85,20.02,19.85,19.965,29047.0
2026-03-13 13:30:00,19.945,20.055,19.945,20.02,13640.0
2026-03-13 13:35:00,20.01,20.035,19.93,19.95,15761.0
2026-03-13 13:40:00,19.995,20.065,19.94,19.96,20120.0
2026-03-13 13:45:00,19.97,20.13,19.935,20.12,13595.0
2026-03-13 13:50:00,20.11,20.13,20.04,20.085,19823.0
2026-03-13 13:55:00,20.095,20.195,20.025,20.19,30414.0
2026-03-13 14:00:00,20.18,20.19,20.1,20.11,17468.0
2026-03-13 14:05:00,20.1,20.145,20.03,20.09,15251.0
2026-03-13 14:10:00,20.05,20.11,20.02,20.0893,9278.0
2026-03-13 14:15:00,20.09,20.165,20.0401,20.1593,9554.0
2026-03-13 14:20:00,20.15,20.19,20.05,20.06,19314.0
2026-03-13 14:25:00,20.06,20.15,20.01,20.04,27477.0
2026-03-13 14:30:00,20.04,20.045,19.89,19.97,25525.0
2026-03-13 14:35:00,19.97,20.0,19.87,19.88,13459.0
2026-03-13 14:40:00,19.8899,19.89,19.7801,19.81,22115.0
2026-03-13 14:45:00,19.82,19.865,19.795,19.795,16090.0
2026-03-13 14:50:00,19.805,19.83,19.76,19.815,21182.0
2026-03-13 14:55:00,19.815,19.92,19.815,19.88,12325.0
2026-03-13 15:00:00,19.87,19.945,19.8,19.93,24266.0
2026-03-13 15:05:00,19.93,20.01,19.875,19.89,21147.0
2026-03-13 15:10:00,19.89,19.93,19.86,19.88,13634.0
2026-03-13 15:15:00,19.87,19.915,19.85,19.9,16943.0
2026-03-13 15:20:00,19.905,19.94,19.855,19.93,21225.0
2026-03-13 15:25:00,19.94,20.04,19.94,20.02,27902.0
2026-03-13 15:30:00,20.02,20.02,19.915,19.97,26836.0
2026-03-13 15:35:00,19.965,19.985,19.87,19.985,49237.0
2026-03-13 15:40:00,19.9913,20.06,19.985,20.035,13431.0
2026-03-13 15:45:00,20.04,20.1064,20.03,20.06,16486.0
2026-03-13 15:50:00,20.07,20.115,20.035,20.035,69149.0
2026-03-13 15:55:00,20.025,20.05,19.95,19.96,99171.0
2026-03-13 16:00:00,19.98,19.98,19.98,19.98,9187.0
2026-03-13 16:05:00,20.01,20.01,20.01,20.01,163.0
2026-03-13 16:10:00,20.01,20.01,20.0,20.0,478.0
2026-03-13 16:35:00,20.0,20.0,19.99,19.99,700.0
2026-03-13 16:50:00,19.99,19.99,19.93,19.93,872.0
2026-03-13 16:55:00,19.9953,19.9953,19.9953,19.9953,500.0
2026-03-13 18:00:00,19.93,19.93,19.93,19.93,145.0
2026-03-13 18:20:00,19.9111,19.9111,19.9111,19.9111,585.0
2026-03-13 18:35:00,19.92,19.92,19.92,19.92,460.0
2026-03-13 18:40:00,19.92,19.925,19.92,19.925,300.0
2026-03-13 19:10:00,19.9011,19.9011,19.9011,19.9011,500.0
2026-03-13 19:30:00,19.9777,19.9777,19.9777,19.9777,100.0
2026-03-13 19:40:00,19.9147,19.9147,19.9147,19.9147,137.0
2026-03-13 19:45:00,19.99,19.99,19.99,19.99,500.0
2026-03-16 04:35:00,19.44,19.47,19.4,19.46,1016.0
2026-03-16 05:05:00,19.77,19.87,19.77,19.79,578.0
2026-03-16 05:25:00,19.75,19.81,19.75,19.81,736.0
2026-03-16 05:35:00,19.78,19.79,19.78,19.79,750.0
2026-03-16 06:00:00,19.81,19.81,19.81,19.81,100.0
2026-03-16 06:25:00,19.75,19.75,19.75,19.75,1200.0
2026-03-16 06:35:00,19.77,19.8,19.74,19.74,4220.0
2026-03-16 06:40:00,19.7,19.7,19.7,19.7,100.0
2026-03-16 06:45:00,19.7,19.72,19.7,19.72,200.0
2026-03-16 06:55:00,19.7,19.7,19.62,19.62,2392.0
2026-03-16 07:00:00,19.68,19.68,19.63,19.63,600.0
2026-03-16 07:05:00,19.63,19.63,19.62,19.62,1400.0
2026-03-16 07:15:00,19.66,19.66,19.66,19.66,100.0
2026-03-16 07:25:00,19.63,19.63,19.62,19.62,500.0
2026-03-16 07:35:00,19.61,19.61,19.58,19.58,995.0
2026-03-16 07:40:00,19.56,19.56,19.54,19.54,500.0
2026-03-16 07:45:00,19.55,19.55,19.52,19.52,350.0
2026-03-16 07:50:00,19.5,19.5,19.48,19.48,2523.0
2026-03-16 07:55:00,19.5,19.5,19.5,19.5,400.0
2026-03-16 08:00:00,19.7,19.75,19.4,19.4,8561.0
2026-03-16 08:05:00,19.49,19.74,19.35,19.38,3092.0
2026-03-16 08:10:00,19.2806,19.2806,19.2656,19.2722,2200.0
2026-03-16 08:15:00,19.28,19.4099,19.26,19.4099,3450.0
2026-03-16 08:30:00,19.39,19.39,19.39,19.39,340.0
2026-03-16 08:40:00,19.3,19.3,19.3,19.3,5000.0
2026-03-16 08:45:00,19.29,19.34,19.26,19.26,4332.0
2026-03-16 08:50:00,19.3,19.3,19.26,19.26,769.0
2026-03-16 09:00:00,19.35,19.35,19.29,19.29,600.0
2026-03-16 09:15:00,19.3,19.31,19.3,19.3,10537.0
2026-03-16 09:20:00,19.3,19.3,19.28,19.28,799.0
2026-03-16 09:25:00,19.31,19.31,19.31,19.31,406.0
2026-03-16 09:30:00,19.32,19.325,18.92,19.0,167315.0
2026-03-16 09:35:00,19.03,19.03,18.78,18.96,53634.0
2026-03-16 09:40:00,18.95,18.99,18.72,18.78,88414.0
2026-03-16 09:45:00,18.805,18.94,18.76,18.81,46768.0
2026-03-16 09:50:00,18.8,18.96,18.68,18.84,37017.0
2026-03-16 09:55:00,18.87,18.92,18.7,18.7,35434.0
2026-03-16 10:00:00,18.7,18.82,18.68,18.81,23476.0
2026-03-16 10:05:00,18.78,18.88,18.73,18.75,24167.0
2026-03-16 10:10:00,18.7,18.87,18.7,18.83,10666.0
2026-03-16 10:15:00,18.85,18.99,18.85,18.98,77538.0
2026-03-16 10:20:00,18.9787,19.04,18.8907,18.99,37210.0
2026-03-16 10:25:00,18.975,19.105,18.905,19.08,21616.0
2026-03-16 10:30:00,19.07,19.26,19.0307,19.23,40758.0
2026-03-16 10:35:00,19.2,19.265,19.11,19.16,34540.0
2026-03-16 10:40:00,19.16,19.23,19.09,19.11,23743.0
2026-03-16 10:45:00,19.12,19.17,18.84,18.88,42537.0
2026-03-16 10:50:00,18.89,18.915,18.7,18.71,51080.0
2026-03-16 10:55:00,18.72,18.85,18.66,18.77,98762.0
2026-03-16 11:00:00,18.76,18.78,18.68,18.705,30962.0
2026-03-16 11:05:00,18.7,18.84,18.69,18.77,28671.0
2026-03-16 11:10:00,18.77,18.81,18.73,18.76,16781.0
2026-03-16 11:15:00,18.76,18.89,18.76,18.89,29058.0
2026-03-16 11:20:00,18.86,18.88,18.745,18.77,14879.0
2026-03-16 11:25:00,18.775,18.83,18.74,18.765,18785.0
2026-03-16 11:30:00,18.77,18.8099,18.65,18.6599,36927.0
2026-03-16 11:35:00,18.675,18.75,18.6691,18.7,57594.0
2026-03-16 11:40:00,18.71,18.75,18.68,18.715,19666.0
2026-03-16 11:45:00,18.74,18.76,18.685,18.72,13146.0
2026-03-16 11:50:00,18.72,18.81,18.705,18.76,13425.0
2026-03-16 11:55:00,18.76,19.0,18.76,18.9701,37154.0
2026-03-16 12:00:00,18.98,19.06,18.92,19.06,85311.0
2026-03-16 12:05:00,19.055,19.08,18.97,19.0,120521.0
2026-03-16 12:10:00,18.99,19.02,18.93,18.95,9881.0
2026-03-16 12:15:00,18.96,19.01,18.92,18.95,13059.0
2026-03-16 12:20:00,18.94,19.035,18.9,19.03,12179.0
2026-03-16 12:25:00,19.05,19.07,18.915,18.94,7163.0
2026-03-16 12:30:00,18.97,19.04,18.8901,18.9085,14094.0
2026-03-16 12:35:00,18.87,18.89,18.82,18.8283,6695.0
2026-03-16 12:40:00,18.84,18.89,18.79,18.81,17930.0
2026-03-16 12:45:00,18.82,18.88,18.795,18.81,21056.0
2026-03-16 12:50:00,18.825,18.855,18.77,18.83,49222.0
2026-03-16 12:55:00,18.82,18.86,18.79,18.815,7145.0
2026-03-16 13:00:00,18.83,18.84,18.7,18.785,19826.0
2026-03-16 13:05:00,18.8,18.91,18.785,18.84,13115.0
2026-03-16 13:10:00,18.81,18.88,18.795,18.88,15468.0
2026-03-16 13:15:00,18.88,18.98,18.86,18.86,8117.0
2026-03-16 13:20:00,18.86,18.88,18.8,18.8,2760.0
2026-03-16 13:25:00,18.82,18.82,18.74,18.78,12800.0
2026-03-16 13:30:00,18.76,18.79,18.7,18.76,30307.0
2026-03-16 13:35:00,18.76,18.77,18.705,18.77,11880.0
2026-03-16 13:40:00,18.76,18.8511,18.76,18.85,5070.0
2026-03-16 13:45:00,18.83,18.945,18.78,18.865,11847.0
2026-03-16 13:50:00,18.88,18.935,18.88,18.93,9040.0
2026-03-16 13:55:00,18.93,18.93,18.89,18.9201,12616.0
2026-03-16 14:00:00,18.9,18.945,18.885,18.9,15948.0
2026-03-16 14:05:00,18.885,18.895,18.79,18.825,12165.0
2026-03-16 14:10:00,18.81,18.91,18.785,18.845,5530.0
2026-03-16 14:15:00,18.85,18.87,18.74,18.74,36427.0
2026-03-16 14:20:00,18.74,18.74,18.67,18.705,29952.0
2026-03-16 14:25:00,18.685,18.7,18.68,18.7,13396.0
2026-03-16 14:30:00,18.68,18.765,18.64,18.69,44486.0
2026-03-16 14:35:00,18.685,18.75,18.68,18.75,20358.0
2026-03-16 14:40:00,18.74,18.77,18.69,18.725,6692.0
2026-03-16 14:45:00,18.725,18.76,18.665,18.695,23603.0
2026-03-16 14:50:00,18.69,18.72,18.6798,18.71,5826.0
2026-03-16 14:55:00,18.72,18.765,18.7096,18.73,10535.0
2026-03-16 15:00:00,18.715,18.83,18.675,18.83,9679.0
2026-03-16 15:05:00,18.82,18.83,18.71,18.71,13988.0
2026-03-16 15:10:00,18.7,18.91,18.66,18.88,92487.0
2026-03-16 15:15:00,18.89,18.96,18.8806,18.96,29377.0
2026-03-16 15:20:00,18.96,19.0,18.9074,18.94,20837.0
2026-03-16 15:25:00,18.94,18.995,18.895,18.91,58810.0
2026-03-16 15:30:00,18.9,18.9905,18.89,18.97,10161.0
2026-03-16 15:35:00,18.98,19.025,18.97,18.995,50179.0
2026-03-16 15:40:00,19.0,19.02,18.97,19.02,10671.0
2026-03-16 15:45:00,19.0,19.01,18.93,18.935,15115.0
2026-03-16 15:50:00,18.94,18.99,18.85,18.9417,41971.0
2026-03-16 15:55:00,18.94,18.97,18.9,18.9501,29526.0
2026-03-16 16:00:00,18.98,18.98,18.98,18.98,2092.0
2026-03-16 16:15:00,18.98,18.98,18.98,18.98,100.0
2026-03-16 17:00:00,18.99,19.0,18.98,18.98,2535.0
2026-03-16 18:00:00,19.0,19.0,19.0,19.0,159.0
2026-03-16 18:10:00,18.98,18.98,18.98,18.98,200.0
2026-03-16 18:30:00,19.04,19.05,19.04,19.05,1900.0
2026-03-16 18:40:00,19.05,19.05,19.05,19.05,490.0
2026-03-16 18:50:00,19.05,19.05,19.05,19.05,1891.0
2026-03-16 19:30:00,19.05,19.05,19.0013,19.0013,12167.0
2026-03-16 19:40:00,19.0018,19.0018,19.0018,19.0018,1800.0
2026-03-16 19:50:00,19.0435,19.0435,19.0435,19.0435,300.0
2026-03-16 19:55:00,19.01,19.01,19.0,19.001,2388.0
2026-03-17 06:25:00,19.38,19.38,19.38,19.38,500.0
2026-03-17 07:05:00,19.2,19.2,19.19,19.19,309.0
2026-03-17 07:25:00,19.2,19.2,19.2,19.2,400.0
2026-03-17 07:35:00,19.21,19.21,19.21,19.21,341.0
2026-03-17 07:40:00,19.12,19.12,19.12,19.12,420.0
2026-03-17 07:45:00,19.12,19.12,19.12,19.12,1003.0
2026-03-17 07:50:00,19.15,19.15,19.15,19.15,2100.0
2026-03-17 08:00:00,19.38,19.4,19.15,19.15,4854.0
2026-03-17 08:05:00,19.2,19.2,19.07,19.07,1700.0
2026-03-17 08:10:00,19.08,19.08,19.02,19.02,6130.0
2026-03-17 08:30:00,18.97,18.97,18.94,18.94,1365.0
2026-03-17 08:40:00,18.99,18.99,18.99,18.99,200.0
2026-03-17 08:55:00,19.0,19.0,19.0,19.0,289.0
2026-03-17 09:05:00,18.94,18.94,18.94,18.94,300.0
2026-03-17 09:10:00,18.85,18.85,18.85,18.85,494.0
2026-03-17 09:15:00,18.85,18.86,18.84,18.84,12312.0
2026-03-17 09:20:00,18.87,18.87,18.87,18.87,200.0
2026-03-17 09:25:00,18.9,18.9,18.9,18.9,1069.0
2026-03-17 09:30:00,18.895,19.08,18.685,18.81,63984.0
2026-03-17 09:35:00,18.81,19.045,18.77,19.01,103838.0
2026-03-17 09:40:00,18.9926,19.065,18.76,18.77,52474.0
2026-03-17 09:45:00,18.79,18.79,18.615,18.6501,59670.0
2026-03-17 09:50:00,18.72,18.87,18.675,18.69,52188.0
2026-03-17 09:55:00,18.66,18.78,18.65,18.74,18366.0
2026-03-17 10:00:00,18.75,18.87,18.72,18.77,37274.0
2026-03-17 10:05:00,18.74,18.78,18.59,18.61,41459.0
2026-03-17 10:10:00,18.59,18.73,18.59,18.73,39904.0
2026-03-17 10:15:00,18.715,18.715,18.4774,18.48,67255.0
2026-03-17 10:20:00,18.49,18.5,18.37,18.46,68007.0
2026-03-17 10:25:00,18.46,18.57,18.46,18.5,37724.0
2026-03-17 10:30:00,18.5,18.555,18.37,18.38,39925.0
2026-03-17 10:35:00,18.385,18.565,18.37,18.51,42876.0
2026-03-17 10:40:00,18.51,18.6205,18.43,18.43,14710.0
2026-03-17 10:45:00,18.45,18.46,18.37,18.4,16806.0
2026-03-17 10:50:00,18.41,18.525,18.3966,18.49,27744.0
2026-03-17 10:55:00,18.49,18.49,18.405,18.445,13571.0
2026-03-17 11:00:00,18.445,18.505,18.39,18.495,17362.0
2026-03-17 11:05:00,18.5,18.59,18.48,18.59,26659.0
2026-03-17 11:10:00,18.59,18.72,18.59,18.6,42537.0
2026-03-17 11:15:00,18.57,18.57,18.425,18.54,19599.0
2026-03-17 11:20:00,18.52,18.685,18.52,18.665,12257.0
2026-03-17 11:25:00,18.645,18.75,18.59,18.75,49422.0
2026-03-17 11:30:00,18.7403,18.825,18.715,18.82,74211.0
2026-03-17 11:35:00,18.8,18.95,18.775,18.895,71148.0
2026-03-17 11:40:00,18.895,18.9,18.83,18.835,58740.0
2026-03-17 11:45:00,18.84,18.84,18.73,18.83,44432.0
2026-03-17 11:50:00,18.83,18.8586,18.735,18.7401,17312.0
2026-03-17 11:55:00,18.73,18.78,18.71,18.75,23437.0
2026-03-17 12:00:00,18.76,18.89,18.76,18.795,26466.0
2026-03-17 12:05:00,18.805,18.92,18.78,18.845,26395.0
2026-03-17 12:10:00,18.84,18.86,18.75,18.8,15423.0
2026-03-17 12:15:00,18.78,18.785,18.69,18.71,20758.0
2026-03-17 12:20:00,18.71,18.775,18.65,18.67,15820.0
2026-03-17 12:25:00,18.68,18.77,18.6601,18.72,16442.0
2026-03-17 12:30:00,18.73,18.86,18.715,18.8399,18368.0
2026-03-17 12:35:00,18.82,18.89,18.77,18.84,19646.0
2026-03-17 12:40:00,18.83,18.85,18.76,18.78,12858.0
2026-03-17 12:45:00,18.78,18.81,18.78,18.805,10220.0
2026-03-17 12:50:00,18.81,18.83,18.765,18.765,7634.0
2026-03-17 12:55:00,18.77,18.8,18.74,18.78,6061.0
2026-03-17 13:00:00,18.775,18.775,18.68,18.7,12881.0
2026-03-17 13:05:00,18.71,18.745,18.65,18.65,7973.0
2026-03-17 13:10:00,18.68,18.72,18.63,18.68,8725.0
2026-03-17 13:15:00,18.685,18.69,18.61,18.61,10062.0
2026-03-17 13:20:00,18.61,18.625,18.56,18.625,29309.0
2026-03-17 13:25:00,18.635,18.64,18.58,18.635,11671.0
2026-03-17 13:30:00,18.64,18.64,18.565,18.615,6648.0
2026-03-17 13:35:00,18.615,18.68,18.59,18.62,11859.0
2026-03-17 13:40:00,18.62,18.685,18.61,18.685,10368.0
2026-03-17 13:45:00,18.675,18.7,18.61,18.62,12289.0
2026-03-17 13:50:00,18.61,18.645,18.57,18.58,21065.0
2026-03-17 13:55:00,18.56,18.56,18.495,18.515,28673.0
2026-03-17 14:00:00,18.51,18.535,18.47,18.48,13922.0
2026-03-17 14:05:00,18.48,18.505,18.46,18.46,11949.0
2026-03-17 14:10:00,18.455,18.4599,18.42,18.43,25140.0
2026-03-17 14:15:00,18.42,18.485,18.395,18.47,26776.0
2026-03-17 14:20:00,18.47,18.5512,18.455,18.5512,17407.0
2026-03-17 14:25:00,18.56,18.7,18.54,18.67,29338.0
2026-03-17 14:30:00,18.68,18.69,18.625,18.675,21689.0
2026-03-17 14:35:00,18.685,18.73,18.665,18.675,24304.0
2026-03-17 14:40:00,18.7,18.765,18.68,18.755,11015.0
2026-03-17 14:45:00,18.75,18.755,18.701,18.71,10094.0
2026-03-17 14:50:00,18.71,18.71,18.64,18.65,25240.0
2026-03-17 14:55:00,18.66,18.71,18.645,18.685,15626.0
2026-03-17 15:00:00,18.68,18.715,18.65,18.715,15970.0
2026-03-17 15:05:00,18.72,18.73,18.675,18.7,19526.0
2026-03-17 15:10:00,18.695,18.715,18.6301,18.715,16989.0
2026-03-17 15:15:00,18.715,18.7168,18.68,18.69,11372.0
2026-03-17 15:20:00,18.69,18.765,18.685,18.76,18052.0
2026-03-17 15:25:00,18.76,18.87,18.76,18.86,29545.0
2026-03-17 15:30:00,18.865,18.88,18.825,18.8601,23917.0
2026-03-17 15:35:00,18.865,18.89,18.825,18.835,21097.0
2026-03-17 15:40:00,18.855,18.88,18.83,18.835,11544.0
2026-03-17 15:45:00,18.83,18.85,18.82,18.82,10239.0
2026-03-17 15:50:00,18.81,18.81,18.755,18.8,53124.0
2026-03-17 15:55:00,18.805,18.87,18.805,18.82,37656.0
2026-03-17 16:00:00,18.83,18.83,18.83,18.83,1822.0
2026-03-17 16:15:00,18.86,18.89,18.86,18.89,819.0
2026-03-17 16:55:00,18.87,18.87,18.87,18.87,200.0
2026-03-17 17:05:00,18.87,18.87,18.87,18.87,388.0
2026-03-17 17:10:00,18.87,18.87,18.87,18.87,100.0
2026-03-17 17:35:00,18.887,18.887,18.887,18.887,1000.0
2026-03-17 17:45:00,18.8957,18.8957,18.8957,18.8957,500.0
2026-03-17 18:10:00,18.85,18.85,18.85,18.85,500.0
2026-03-17 18:20:00,18.85,18.85,18.84,18.85,333.0
2026-03-17 19:25:00,18.89,18.9,18.89,18.9,3073.0
2026-03-17 19:50:00,18.9087,18.9087,18.8902,18.8902,200.0
2026-03-18 04:00:00,18.45,18.51,18.39,18.4,7799.0
2026-03-18 04:05:00,18.4,18.4,18.4,18.4,1420.0
2026-03-18 04:15:00,18.38,18.4,18.37,18.4,1999.0
2026-03-18 05:25:00,18.44,18.44,18.44,18.44,200.0
2026-03-18 05:30:00,18.44,18.44,18.44,18.44,1200.0
2026-03-18 06:20:00,18.39,18.39,18.39,18.39,410.0
2026-03-18 07:00:00,18.57,18.58,18.57,18.58,500.0
2026-03-18 07:05:00,18.57,18.57,18.5,18.5,300.0
2026-03-18 07:10:00,18.46,18.46,18.46,18.46,100.0
2026-03-18 07:30:00,18.6,18.61,18.59,18.61,300.0
2026-03-18 07:35:00,18.59,18.59,18.59,18.59,210.0
2026-03-18 08:00:00,18.57,18.83,18.43,18.51,8035.0
2026-03-18 08:05:00,18.57,18.69,18.51,18.69,2130.0
2026-03-18 08:10:00,18.59,18.66,18.59,18.66,1145.0
2026-03-18 08:15:00,18.66,18.66,18.66,18.66,1000.0
2026-03-18 08:25:00,18.8513,18.8513,18.84,18.84,1000.0
2026-03-18 08:30:00,18.85,18.9425,18.78,18.932,7500.0
2026-03-18 08:35:00,18.88,18.94,18.86,18.87,4244.0
2026-03-18 08:40:00,18.9,19.04,18.85,19.04,4210.0
2026-03-18 08:45:00,19.05,19.05,19.05,19.05,400.0
2026-03-18 08:50:00,19.04,19.17,19.04,19.17,12814.0
2026-03-18 08:55:00,19.17,19.3,19.14,19.24,7650.0
2026-03-18 09:00:00,19.23,19.23,19.1669,19.1669,1766.0
2026-03-18 09:05:00,19.18,19.18,19.18,19.18,125.0
2026-03-18 09:10:00,19.17,19.25,19.1182,19.25,11246.0
2026-03-18 09:15:00,19.2012,19.2012,19.2012,19.2012,190.0
2026-03-18 09:20:00,19.22,19.2387,19.22,19.2387,634.0
2026-03-18 09:25:00,19.21,19.28,19.21,19.21,5090.0
2026-03-18 09:30:00,19.2,19.45,19.2,19.4,113123.0
2026-03-18 09:35:00,19.405,19.6,19.365,19.53,80036.0
2026-03-18 09:40:00,19.53,19.77,19.435,19.77,173632.0
2026-03-18 09:45:00,19.8,19.84,19.67,19.75,107813.0
2026-03-18 09:50:00,19.74,19.81,19.695,19.78,87206.0
2026-03-18 09:55:00,19.76,20.015,19.76,19.81,72804.0
2026-03-18 10:00:00,19.82,20.03,19.73,20.02,126129.0
2026-03-18 10:05:00,20.02,20.06,19.85,19.92,129363.0
2026-03-18 10:10:00,19.915,20.02,19.82,20.01,183775.0
2026-03-18 10:15:00,20.01,20.015,19.76,19.79,140765.0
2026-03-18 10:20:00,19.79,19.83,19.69,19.71,38874.0
2026-03-18 10:25:00,19.68,19.925,19.67,19.85,109514.0
2026-03-18 10:30:00,19.85,19.96,19.77,19.8,111414.0
2026-03-18 10:35:00,19.81,19.835,19.68,19.83,30874.0
2026-03-18 10:40:00,19.82,19.845,19.77,19.8,62505.0
2026-03-18 10:45:00,19.79,19.895,19.71,19.8501,41830.0
2026-03-18 10:50:00,19.855,19.94,19.815,19.87,73980.0
2026-03-18 10:55:00,19.88,19.95,19.81,19.81,67757.0
2026-03-18 11:00:00,19.795,19.94,19.75,19.89,74680.0
2026-03-18 11:05:00,19.9,19.935,19.865,19.875,34728.0
2026-03-18 11:10:00,19.91,19.99,19.91,19.96,68410.0
2026-03-18 11:15:00,19.945,20.05,19.91,20.04,83713.0
2026-03-18 11:20:00,20.03,20.16,20.02,20.08,78942.0
2026-03-18 11:25:00,20.08,20.105,20.015,20.04,28157.0
2026-03-18 11:30:00,20.05,20.05,19.955,20.02,6910.0
2026-03-18 11:35:00,20.025,20.055,19.98,20.025,20753.0
2026-03-18 11:40:00,20.03,20.1,20.0,20.085,15791.0
2026-03-18 11:45:00,20.085,20.16,20.06,20.13,58056.0
2026-03-18 11:50:00,20.13,20.155,20.1,20.11,64065.0
2026-03-18 11:55:00,20.09,20.13,20.04,20.07,18359.0
2026-03-18 12:00:00,20.09,20.1,20.05,20.075,28921.0
2026-03-18 12:05:00,20.06,20.105,20.0412,20.08,32608.0
2026-03-18 12:10:00,20.08,20.085,19.93,19.95,11190.0
2026-03-18 12:15:00,19.95,20.0099,19.93,19.97,12344.0
2026-03-18 12:20:00,19.955,19.97,19.81,19.81,10526.0
2026-03-18 12:25:00,19.805,19.84,19.72,19.74,21137.0
2026-03-18 12:30:00,19.76,19.77,19.69,19.73,26880.0
2026-03-18 12:35:00,19.73,19.79,19.67,19.68,16511.0
2026-03-18 12:40:00,19.67,19.7,19.63,19.67,33856.0
2026-03-18 12:45:00,19.66,19.715,19.66,19.68,13120.0
2026-03-18 12:50:00,19.685,19.685,19.625,19.675,30871.0
2026-03-18 12:55:00,19.68,19.74,19.65,19.74,43262.0
2026-03-18 13:00:00,19.7,19.835,19.675,19.8,28728.0
2026-03-18 13:05:00,19.81,19.865,19.795,19.825,19819.0
2026-03-18 13:10:00,19.82,19.86,19.75,19.855,33825.0
2026-03-18 13:15:00,19.855,19.855,19.68,19.7,26639.0
2026-03-18 13:20:00,19.73,19.755,19.71,19.73,20631.0
2026-03-18 13:25:00,19.71,19.75,19.7,19.73,20156.0
2026-03-18 13:30:00,19.72,19.77,19.7,19.7,25360.0
2026-03-18 13:35:00,19.69,19.69,19.62,19.62,7466.0
2026-03-18 13:40:00,19.6399,19.74,19.6399,19.66,29106.0
2026-03-18 13:45:00,19.64,19.645,19.565,19.645,47990.0
2026-03-18 13:50:00,19.65,19.655,19.62,19.645,42127.0
2026-03-18 13:55:00,19.645,19.68,19.5899,19.5899,19179.0
2026-03-18 14:00:00,19.59,19.6145,19.5471,19.6,31734.0
2026-03-18 14:05:00,19.62,19.62,19.5599,19.5599,4745.0
2026-03-18 14:10:00,19.565,19.66,19.52,19.59,5779.0
2026-03-18 14:15:00,19.6099,19.74,19.6099,19.74,18420.0
2026-03-18 14:20:00,19.75,19.78,19.71,19.74,11946.0
2026-03-18 14:25:00,19.75,19.78,19.75,19.7501,4620.0
2026-03-18 14:30:00,19.7602,19.83,19.725,19.83,7544.0
2026-03-18 14:35:00,19.81,19.88,19.75,19.87,15279.0
2026-03-18 14:40:00,19.87,19.9,19.8,19.85,14536.0
2026-03-18 14:45:00,19.9,19.93,19.83,19.93,10631.0
2026-03-18 14:50:00,19.93,20.05,19.91,20.02,33194.0
2026-03-18 14:55:00,20.03,20.08,19.9901,20.08,17457.0
2026-03-18 15:00:00,20.0799,20.08,19.9501,19.975,49578.0
2026-03-18 15:05:00,19.98,20.03,19.93,19.99,12890.0
2026-03-18 15:10:00,20.0,20.08,19.99,20.07,8256.0
2026-03-18 15:15:00,20.05,20.06,19.985,20.01,7500.0
2026-03-18 15:20:00,20.015,20.095,20.0,20.08,13530.0
2026-03-18 15:25:00,20.08,20.1,20.05,20.1,14565.0
2026-03-18 15:30:00,20.1,20.14,20.07,20.13,45291.0
2026-03-18 15:35:00,20.14,20.2,20.12,20.15,247432.0
2026-03-18 15:40:00,20.16,20.19,20.11,20.12,333729.0
2026-03-18 15:45:00,20.115,20.15,20.065,20.11,100454.0
2026-03-18 15:50:00,20.115,20.215,20.05,20.185,172008.0
2026-03-18 15:55:00,20.21,20.24,20.19,20.2,75071.0
2026-03-18 16:00:00,20.21,20.21,20.034,20.034,5064.0
2026-03-18 16:10:00,20.21,20.25,20.21,20.25,1400.0
2026-03-18 16:15:00,20.27,20.27,20.21,20.27,1800.0
2026-03-18 16:20:00,20.2929,20.3,20.27,20.29,2123.0
2026-03-18 16:25:00,20.3,20.3,20.3,20.3,751.0
2026-03-18 16:30:00,20.22,20.22,20.22,20.22,210.0
2026-03-18 16:40:00,20.29,20.29,20.29,20.29,2500.0
2026-03-18 16:45:00,20.22,20.22,20.2002,20.2002,814.0
2026-03-18 16:50:00,20.23,20.23,20.23,20.23,100.0
2026-03-18 17:00:00,20.27,20.2802,20.19,20.19,2128.0
2026-03-18 17:10:00,20.23,20.26,20.22,20.26,1400.0
2026-03-18 17:50:00,20.2,20.2,20.2,20.2,243.0
2026-03-18 18:00:00,20.2,20.3,20.2,20.3,15011.0
2026-03-18 18:10:00,20.17,20.17,20.17,20.17,118.0
2026-03-18 18:15:00,20.26,20.26,20.26,20.26,290.0
2026-03-18 18:30:00,20.3,20.31,20.2641,20.27,5993.0
2026-03-18 18:35:00,20.28,20.29,20.28,20.29,1800.0
2026-03-18 18:40:00,20.279,20.3055,20.2709,20.3055,16970.0
2026-03-18 18:45:00,20.2894,20.2894,20.2894,20.2894,100.0
2026-03-18 18:50:00,20.28,20.2996,20.28,20.2996,4000.0
2026-03-18 18:55:00,20.29,20.29,20.29,20.29,296.0
2026-03-18 19:10:00,20.24,20.24,20.24,20.24,500.0
2026-03-18 19:15:00,20.29,20.29,20.29,20.29,100.0
2026-03-18 19:35:00,20.17,20.17,20.17,20.17,2500.0
2026-03-18 19:45:00,20.29,20.3,20.2827,20.2827,4677.0
2026-03-18 19:50:00,20.31,20.31,20.31,20.31,125.0
2026-03-19 04:00:00,20.34,20.37,20.34,20.35,7010.0
2026-03-19 04:20:00,20.4,20.4,20.26,20.26,3398.0
2026-03-19 04:30:00,20.4,20.4,20.36,20.36,276.0
2026-03-19 04:35:00,20.44,20.44,20.44,20.44,150.0
2026-03-19 04:40:00,20.46,20.46,20.46,20.46,1200.0
2026-03-19 05:00:00,20.5,20.5,20.5,20.5,1000.0
2026-03-19 05:30:00,20.51,20.51,20.51,20.51,115.0
2026-03-19 05:45:00,20.51,20.51,20.51,20.51,100.0
2026-03-19 07:00:00,20.51,20.51,20.43,20.45,2505.0
2026-03-19 07:05:00,20.49,20.49,20.49,20.49,250.0
2026-03-19 07:10:00,20.549,20.549,20.549,20.549,400.0
2026-03-19 07:20:00,20.48,20.5,20.48,20.5,1200.0
2026-03-19 07:25:00,20.5,20.5,20.5,20.5,600.0
2026-03-19 07:35:00,20.53,20.53,20.51,20.51,425.0
2026-03-19 07:40:00,20.55,20.55,20.55,20.55,100.0
2026-03-19 07:45:00,20.5,20.52,20.5,20.52,954.0
2026-03-19 07:50:00,20.48,20.51,20.48,20.51,905.0
2026-03-19 08:00:00,20.53,20.55,20.21,20.53,8624.0
2026-03-19 08:10:00,20.52,20.53,20.52,20.53,745.0
2026-03-19 08:15:00,20.53,20.53,20.5,20.5,1485.0
2026-03-19 08:20:00,20.54,20.56,20.54,20.56,3703.0
2026-03-19 08:25:00,20.58,20.66,20.58,20.66,4657.0
2026-03-19 08:30:00,20.723,20.723,20.69,20.7,960.0
2026-03-19 08:35:00,20.67,20.67,20.67,20.67,165.0
2026-03-19 08:40:00,20.66,20.66,20.66,20.66,250.0
2026-03-19 08:45:00,20.66,20.67,20.66,20.67,500.0
2026-03-19 08:50:00,20.66,20.72,20.66,20.72,4612.0
2026-03-19 08:55:00,20.69,20.69,20.68,20.69,4058.0
2026-03-19 09:00:00,20.7165,20.75,20.7165,20.75,1017.0
2026-03-19 09:05:00,20.79,20.8,20.79,20.8,662.0
2026-03-19 09:10:00,20.849,20.85,20.84,20.85,1269.0
2026-03-19 09:15:00,20.91,20.91,20.75,20.77,8264.0
2026-03-19 09:20:00,20.71,20.77,20.71,20.75,1161.0
2026-03-19 09:25:00,20.76,20.76,20.67,20.67,1373.0
2026-03-19 09:30:00,20.67,20.885,20.235,20.77,260217.0
2026-03-19 09:35:00,20.77,20.92,20.41,20.46,193160.0
2026-03-19 09:40:00,20.46,20.48,20.19,20.38,85797.0
2026-03-19 09:45:00,20.4,20.59,20.2701,20.51,49361.0
2026-03-19 09:50:00,20.5,20.57,20.41,20.43,58658.0
2026-03-19 09:55:00,20.44,20.5,20.36,20.475,249495.0
2026-03-19 10:00:00,20.48,20.555,20.32,20.41,63866.0
2026-03-19 10:05:00,20.4,20.61,20.36,20.55,65324.0
2026-03-19 10:10:00,20.54,20.6,20.4,20.51,47419.0
2026-03-19 10:15:00,20.51,20.585,20.42,20.54,130022.0
2026-03-19 10:20:00,20.53,20.68,20.4,20.63,122934.0
2026-03-19 10:25:00,20.62,20.75,20.53,20.68,59351.0
2026-03-19 10:30:00,20.68,20.7,20.46,20.5,26081.0
2026-03-19 10:35:00,20.5,20.535,20.44,20.5,22039.0
2026-03-19 10:40:00,20.52,20.52,20.365,20.37,18178.0
2026-03-19 10:45:00,20.375,20.475,20.345,20.345,24572.0
2026-03-19 10:50:00,20.34,20.36,20.17,20.29,50135.0
2026-03-19 10:55:00,20.275,20.36,20.14,20.19,39043.0
2026-03-19 11:00:00,20.1799,20.305,20.14,20.14,35676.0
2026-03-19 11:05:00,20.15,20.26,20.0501,20.17,40386.0
2026-03-19 11:10:00,20.165,20.255,20.075,20.11,22858.0
2026-03-19 11:15:00,20.08,20.1201,19.99,20.11,32398.0
2026-03-19 11:20:00,20.12,20.28,20.0999,20.2613,37482.0
2026-03-19 11:25:00,20.26,20.33,20.255,20.31,34374.0
2026-03-19 11:30:00,20.3368,20.4,20.28,20.3917,24512.0
2026-03-19 11:35:00,20.4,20.455,20.365,20.405,60476.0
2026-03-19 11:40:00,20.39,20.53,20.375,20.45,106250.0
2026-03-19 11:45:00,20.45,20.51,20.385,20.4,21808.0
2026-03-19 11:50:00,20.415,20.51,20.39,20.5,28662.0
2026-03-19 11:55:00,20.49,20.51,20.3901,20.41,71277.0
2026-03-19 12:00:00,20.41,20.44,20.22,20.26,120289.0
2026-03-19 12:05:00,20.25,20.29,20.16,20.25,135713.0
2026-03-19 12:10:00,20.25,20.39,20.23,20.375,31552.0
2026-03-19 12:15:00,20.355,20.445,20.33,20.43,16365.0
2026-03-19 12:20:00,20.445,20.5,20.39,20.425,13259.0
2026-03-19 12:25:00,20.415,20.46,20.36,20.38,8102.0
2026-03-19 12:30:00,20.37,20.41,20.3,20.3,8368.0
2026-03-19 12:35:00,20.305,20.43,20.305,20.37,27361.0
2026-03-19 12:40:00,20.33,20.355,20.24,20.26,35592.0
2026-03-19 12:45:00,20.3,20.32,20.23,20.265,10522.0
2026-03-19 12:50:00,20.27,20.38,20.27,20.32,22321.0
2026-03-19 12:55:00,20.32,20.415,20.3,20.31,28225.0
2026-03-19 13:00:00,20.29,20.46,20.28,20.46,41768.0
2026-03-19 13:05:00,20.45,20.62,20.45,20.57,30343.0
2026-03-19 13:10:00,20.57,20.67,20.55,20.63,20777.0
2026-03-19 13:15:00,20.6,20.645,20.5499,20.5499,19626.0
2026-03-19 13:20:00,20.54,20.55,20.4608,20.48,5011.0
2026-03-19 13:25:00,20.5,20.5,20.39,20.39,5952.0
2026-03-19 13:30:00,20.37,20.44,20.345,20.44,12327.0
2026-03-19 13:35:00,20.465,20.485,20.375,20.48,18294.0
2026-03-19 13:40:00,20.48,20.485,20.3976,20.415,5821.0
2026-03-19 13:45:00,20.42,20.44,20.36,20.36,10023.0
2026-03-19 13:50:00,20.36,20.37,20.25,20.27,20092.0
2026-03-19 13:55:00,20.3,20.325,20.25,20.28,5246.0
2026-03-19 14:00:00,20.29,20.37,20.25,20.37,8588.0
2026-03-19 14:05:00,20.38,20.38,20.28,20.2807,5716.0
2026-03-19 14:10:00,20.25,20.26,20.06,20.1,28871.0
2026-03-19 14:15:00,20.08,20.14,20.0,20.0599,19664.0
2026-03-19 14:20:00,20.05,20.115,20.05,20.095,8484.0
2026-03-19 14:25:00,20.1,20.23,20.1,20.23,42365.0
2026-03-19 14:30:00,20.235,20.34,20.22,20.285,26817.0
2026-03-19 14:35:00,20.29,20.29,20.2101,20.24,7873.0
2026-03-19 14:40:00,20.22,20.28,20.22,20.23,7048.0
2026-03-19 14:45:00,20.23,20.3,20.23,20.26,4984.0
2026-03-19 14:50:00,20.265,20.3,20.15,20.15,7558.0
2026-03-19 14:55:00,20.15,20.16,19.905,19.91,31002.0
2026-03-19 15:00:00,19.9,19.915,19.59,19.6,159932.0
2026-03-19 15:05:00,19.6,19.6,19.26,19.36,251524.0
2026-03-19 15:10:00,19.3602,19.49,19.11,19.345,197249.0
2026-03-19 15:15:00,19.34,19.455,19.265,19.33,195714.0
2026-03-19 15:20:00,19.33,19.55,19.33,19.535,80695.0
2026-03-19 15:25:00,19.55,19.72,19.55,19.65,124838.0
2026-03-19 15:30:00,19.65,19.7,19.595,19.69,54864.0
2026-03-19 15:35:00,19.69,19.75,19.615,19.63,50445.0
2026-03-19 15:40:00,19.635,19.67,19.58,19.63,37135.0
2026-03-19 15:45:00,19.63,19.65,19.605,19.61,21801.0
2026-03-19 15:50:00,19.62,19.69,19.52,19.57,95807.0
2026-03-19 15:55:00,19.57,19.64,19.55,19.64,81342.0
2026-03-19 16:00:00,19.65,19.65,19.65,19.65,4737.0
2026-03-19 16:05:00,19.7,19.7,19.7,19.7,100.0
2026-03-19 16:15:00,19.61,19.65,19.6,19.65,1110.0
2026-03-19 16:20:00,19.6,19.6,19.6,19.6,390.0
2026-03-19 16:45:00,19.65,19.65,19.65,19.65,200.0
2026-03-19 16:55:00,19.65,19.65,19.65,19.65,1200.0
2026-03-19 17:00:00,19.68,19.68,19.68,19.68,200.0
2026-03-19 17:15:00,19.65,19.6617,19.65,19.65,1380.0
2026-03-19 18:00:00,19.65,19.65,19.57,19.57,4071.0
2026-03-19 18:30:00,19.59,19.59,19.59,19.59,1000.0
2026-03-19 18:40:00,19.48,19.48,19.48,19.48,427.0
2026-03-19 19:15:00,19.57,19.57,19.57,19.57,500.0
2026-03-19 19:45:00,19.6,19.6,19.6,19.6,970.0
2026-03-20 04:30:00,19.63,19.63,19.63,19.63,100.0
2026-03-20 04:40:00,19.6,19.6,19.6,19.6,100.0
2026-03-20 05:15:00,19.63,19.63,19.63,19.63,200.0
2026-03-20 05:20:00,19.64,19.65,19.64,19.65,2435.0
2026-03-20 05:30:00,19.63,19.63,19.63,19.63,146.0
2026-03-20 05:40:00,19.8,19.81,19.8,19.81,1641.0
2026-03-20 05:50:00,19.93,19.94,19.88,19.94,1700.0
2026-03-20 06:00:00,19.94,19.94,19.94,19.94,450.0
2026-03-20 06:10:00,20.1,20.2,20.07,20.2,5460.0
2026-03-20 06:25:00,20.1,20.1,20.1,20.1,1000.0
2026-03-20 07:00:00,19.97,20.0,19.92,20.0,1150.0
2026-03-20 07:50:00,19.9,19.9,19.9,19.9,100.0
2026-03-20 07:55:00,19.87,19.87,19.82,19.82,1766.0
2026-03-20 08:00:00,19.9994,19.9994,19.53,19.87,2534.0
2026-03-20 08:05:00,19.6,19.91,19.6,19.91,322.0
2026-03-20 08:10:00,19.8,19.8,19.8,19.8,606.0
2026-03-20 08:15:00,19.81,19.81,19.81,19.81,475.0
2026-03-20 08:25:00,19.83,19.83,19.81,19.81,792.0
2026-03-20 08:45:00,19.88,19.88,19.88,19.88,105.0
2026-03-20 08:50:00,19.87,19.87,19.84,19.84,1759.0
2026-03-20 09:00:00,19.87,19.87,19.87,19.87,3000.0
2026-03-20 09:05:00,19.88,19.96,19.88,19.89,2017.0
2026-03-20 09:10:00,19.94,19.98,19.88,19.88,2585.0
2026-03-20 09:15:00,19.92,19.94,19.92,19.94,700.0
2026-03-20 09:20:00,19.94,19.94,19.87,19.87,1158.0
2026-03-20 09:25:00,19.87,19.87,19.8,19.8,11984.0
2026-03-20 09:30:00,19.87,19.88,19.435,19.81,123004.0
2026-03-20 09:35:00,19.81,19.95,19.48,19.49,145000.0
2026-03-20 09:40:00,19.49,19.49,19.105,19.11,130438.0
2026-03-20 09:45:00,19.15,19.275,19.07,19.22,91624.0
2026-03-20 09:50:00,19.22,19.5,19.185,19.29,97852.0
2026-03-20 09:55:00,19.33,19.62,19.3,19.585,81755.0
2026-03-20 10:00:00,19.59,19.785,19.555,19.7,165562.0
2026-03-20 10:05:00,19.67,19.74,19.535,19.68,27592.0
2026-03-20 10:10:00,19.67,19.87,19.6,19.825,26030.0
2026-03-20 10:15:00,19.8,19.9,19.725,19.89,26598.0
2026-03-20 10:20:00,19.9085,19.975,19.81,19.88,18813.0
2026-03-20 10:25:00,19.895,19.955,19.75,19.95,20212.0
2026-03-20 10:30:00,19.93,19.96,19.7,19.7,37866.0
2026-03-20 10:35:00,19.69,19.83,19.63,19.72,24530.0
2026-03-20 10:40:00,19.73,19.815,19.57,19.58,30457.0
2026-03-20 10:45:00,19.61,19.675,19.555,19.605,30780.0
2026-03-20 10:50:00,19.615,19.82,19.615,19.781,35447.0
2026-03-20 10:55:00,19.77,19.77,19.65,19.7,27490.0
2026-03-20 11:00:00,19.7,19.84,19.57,19.75,29689.0
2026-03-20 11:05:00,19.74,19.79,19.7,19.74,6348.0
2026-03-20 11:10:00,19.75,19.75,19.55,19.55,16228.0
2026-03-20 11:15:00,19.5491,19.77,19.5313,19.71,11509.0
2026-03-20 11:20:00,19.72,19.73,19.44,19.585,30904.0
2026-03-20 11:25:00,19.6,19.79,19.58,19.715,13394.0
2026-03-20 11:30:00,19.72,19.8,19.5783,19.59,21629.0
2026-03-20 11:35:00,19.59,19.7,19.58,19.67,15124.0
2026-03-20 11:40:00,19.69,19.78,19.675,19.755,7222.0
2026-03-20 11:45:00,19.73,19.765,19.68,19.68,6735.0
2026-03-20 11:50:00,19.64,19.74,19.56,19.59,14852.0
2026-03-20 11:55:00,19.58,19.61,19.5,19.57,21983.0
2026-03-20 12:00:00,19.595,19.61,19.44,19.46,14199.0
2026-03-20 12:05:00,19.48,19.66,19.44,19.57,13379.0
2026-03-20 12:10:00,19.59,19.67,19.515,19.635,12390.0
2026-03-20 12:15:00,19.66,19.665,19.565,19.565,8126.0
2026-03-20 12:20:00,19.57,19.665,19.535,19.65,26418.0
2026-03-20 12:25:00,19.67,19.76,19.67,19.74,19243.0
2026-03-20 12:30:00,19.74,19.87,19.74,19.82,30348.0
2026-03-20 12:35:00,19.81,19.92,19.77,19.89,68430.0
2026-03-20 12:40:00,19.89,19.935,19.825,19.905,390938.0
2026-03-20 12:45:00,19.91,20.0,19.875,19.995,40685.0
2026-03-20 12:50:00,19.99,20.055,19.94,19.955,21555.0
2026-03-20 12:55:00,19.93,19.955,19.835,19.865,49342.0
2026-03-20 13:00:00,19.83,19.92,19.83,19.84,14513.0
2026-03-20 13:05:00,19.865,20.025,19.855,19.94,52924.0
2026-03-20 13:10:00,19.915,19.94,19.875,19.89,15331.0
2026-03-20 13:15:00,19.89,20.02,19.89,20.0,26884.0
2026-03-20 13:20:00,20.005,20.025,19.87,19.92,12344.0
2026-03-20 13:25:00,19.93,20.04,19.92,19.9701,82545.0
2026-03-20 13:30:00,19.965,20.18,19.95,20.16,58166.0
2026-03-20 13:35:00,20.1702,20.1879,20.085,20.105,25414.0
2026-03-20 13:40:00,20.12,20.175,20.07,20.175,23418.0
2026-03-20 13:45:00,20.175,20.265,20.16,20.255,24635.0
2026-03-20 13:50:00,20.255,20.26,20.11,20.13,19195.0
2026-03-20 13:55:00,20.09,20.135,20.06,20.085,14039.0
2026-03-20 14:00:00,20.08,20.16,20.05,20.16,38836.0
2026-03-20 14:05:00,20.165,20.24,20.125,20.195,45917.0
2026-03-20 14:10:00,20.205,20.305,20.205,20.24,49430.0
2026-03-20 14:15:00,20.23,20.27,20.22,20.23,22444.0
2026-03-20 14:20:00,20.21,20.435,20.2,20.425,75662.0
2026-03-20 14:25:00,20.4,20.4,20.29,20.305,146415.0
2026-03-20 14:30:00,20.31,20.44,20.305,20.42,250777.0
2026-03-20 14:35:00,20.43,20.53,20.425,20.49,142889.0
2026-03-20 14:40:00,20.5008,20.5783,20.46,20.51,37940.0
2026-03-20 14:45:00,20.495,20.58,20.445,20.57,30450.0
2026-03-20 14:50:00,20.58,20.69,20.525,20.685,82405.0
2026-03-20 14:55:00,20.685,20.75,20.665,20.7,62190.0
2026-03-20 15:00:00,20.695,20.7097,20.6,20.7,109461.0
2026-03-20 15:05:00,20.68,20.795,20.645,20.75,44319.0
2026-03-20 15:10:00,20.73,20.83,20.715,20.715,68366.0
2026-03-20 15:15:00,20.7,20.7499,20.675,20.74,34931.0
2026-03-20 15:20:00,20.725,20.83,20.725,20.83,54712.0
2026-03-20 15:25:00,20.83,20.83,20.745,20.765,32780.0
2026-03-20 15:30:00,20.76,20.88,20.7,20.87,43832.0
2026-03-20 15:35:00,20.865,20.9801,20.845,20.935,78081.0
2026-03-20 15:40:00,20.94,20.965,20.8399,20.8399,45244.0
2026-03-20 15:45:00,20.85,20.995,20.825,20.97,77847.0
2026-03-20 15:50:00,20.98,20.98,20.74,20.74,98184.0
2026-03-20 15:55:00,20.74,20.8,20.6,20.62,122090.0
2026-03-20 16:00:00,20.63,20.8323,20.63,20.63,12877.0
2026-03-20 16:05:00,20.54,20.54,20.5271,20.5368,2843.0
2026-03-20 16:10:00,20.59,20.6,20.59,20.6,1000.0
2026-03-20 16:15:00,20.53,20.53,20.53,20.53,490.0
2026-03-20 16:20:00,20.6,20.6,20.51,20.51,6635.0
2026-03-20 16:30:00,20.5499,20.65,20.5499,20.65,750.0
2026-03-20 16:35:00,20.6911,20.6911,20.6911,20.6911,2000.0
2026-03-20 16:40:00,20.62,20.67,20.6,20.6,600.0
2026-03-20 16:45:00,20.6,20.6,20.55,20.55,2726.0
2026-03-20 16:50:00,20.55,20.55,20.55,20.55,210.0
2026-03-20 16:55:00,20.52,20.52,20.5,20.5,2000.0
2026-03-20 17:10:00,20.57,20.58,20.13,20.13,9689.0
2026-03-20 17:25:00,20.4484,20.4484,20.29,20.3,2450.0
2026-03-20 17:30:00,20.22,20.22,20.2,20.2,2500.0
2026-03-20 17:35:00,20.0,20.0578,20.0,20.0578,3100.0
2026-03-20 17:40:00,20.0212,20.05,20.02,20.02,5900.0
2026-03-20 17:45:00,20.05,20.05,20.0072,20.0072,469.0
2026-03-20 17:50:00,20.036,20.036,20.036,20.036,200.0
2026-03-20 17:55:00,20.19,20.3,20.15,20.15,1097.0
2026-03-20 18:05:00,20.06,20.06,20.03,20.03,1443.0
2026-03-20 18:15:00,20.04,20.04,20.02,20.02,1248.0
2026-03-20 18:20:00,20.02,20.02,20.0,20.0,2395.0
2026-03-20 18:30:00,20.01,20.01,20.0,20.0,827.0
2026-03-20 18:35:00,20.04,20.04,20.04,20.04,124.0
2026-03-20 19:40:00,20.19,20.19,20.19,20.19,250.0
2026-03-20 19:50:00,20.1616,20.1616,20.1616,20.1616,200.0
2026-03-20 19:55:00,20.2,20.2,20.19,20.1999,2000.0
2026-03-23 04:00:00,21.22,21.32,21.22,21.3,4109.0
2026-03-23 04:05:00,21.25,21.3,21.25,21.3,5228.0
2026-03-23 04:10:00,21.31,21.31,21.3,21.3,945.0
2026-03-23 04:15:00,21.29,21.31,21.29,21.31,2722.0
2026-03-23 04:30:00,21.3,21.3,21.28,21.28,865.0
2026-03-23 04:35:00,21.28,21.28,21.28,21.28,100.0
2026-03-23 04:40:00,21.29,21.33,21.29,21.33,1928.0
2026-03-23 04:45:00,21.29,21.29,21.28,21.28,525.0
2026-03-23 04:50:00,21.27,21.27,21.27,21.27,190.0
2026-03-23 05:00:00,21.26,21.26,21.26,21.26,200.0
2026-03-23 05:05:00,21.3,21.3,21.3,21.3,100.0
2026-03-23 05:10:00,21.32,21.32,21.26,21.26,200.0
2026-03-23 05:15:00,21.32,21.32,21.25,21.25,200.0
2026-03-23 05:20:00,21.3,21.3,21.3,21.3,600.0
2026-03-23 05:25:00,21.29,21.29,21.29,21.29,109.0
2026-03-23 05:30:00,21.31,21.38,21.31,21.38,5001.0
2026-03-23 05:35:00,21.44,21.48,21.42,21.48,5159.0
2026-03-23 05:50:00,21.41,21.58,21.41,21.54,10194.0
2026-03-23 06:35:00,21.52,21.54,21.52,21.54,408.0
2026-03-23 06:40:00,21.54,21.54,21.54,21.54,201.0
2026-03-23 06:45:00,21.55,21.57,21.54,21.57,1080.0
2026-03-23 06:50:00,21.54,21.54,21.54,21.54,1023.0
2026-03-23 07:00:00,21.54,21.54,21.4,21.42,4915.0
2026-03-23 07:05:00,21.3,21.3,20.22,20.22,16735.0
2026-03-23 07:10:00,20.24,20.24,19.67,19.82,14824.0
2026-03-23 07:15:00,19.48,19.79,19.48,19.79,1529.0
2026-03-23 07:20:00,19.51,19.82,19.51,19.62,774.0
2026-03-23 07:25:00,19.8,19.9,19.8,19.9,1896.0
2026-03-23 07:30:00,19.78,19.948,19.29,19.29,12325.0
2026-03-23 07:35:00,19.57,19.66,19.23,19.4,15529.0
2026-03-23 07:45:00,19.78,19.79,19.74,19.79,872.0
2026-03-23 07:50:00,19.9,19.94,19.61,19.7,9498.0
2026-03-23 07:55:00,19.74,19.86,19.74,19.86,425.0
2026-03-23 08:00:00,21.3,21.5418,19.075,19.92,49610.0
2026-03-23 08:05:00,19.74,21.43,19.62,19.62,4599.0
2026-03-23 08:15:00,19.7,19.7,19.53,19.53,1216.0
2026-03-23 08:20:00,19.55,19.64,19.53,19.63,6590.0
2026-03-23 08:25:00,19.54,19.57,19.52,19.57,6912.0
2026-03-23 08:30:00,19.7823,19.7823,19.63,19.69,750.0
2026-03-23 08:35:00,19.66,19.79,19.6,19.79,1437.0
2026-03-23 08:40:00,19.57,19.58,19.4,19.45,9800.0
2026-03-23 08:45:00,19.36,19.36,19.35,19.35,1808.0
2026-03-23 08:50:00,19.43,19.43,19.43,19.43,100.0
2026-03-23 08:55:00,19.3552,19.46,19.3552,19.42,721.0
2026-03-23 09:00:00,19.4687,19.48,19.43,19.48,3437.0
2026-03-23 09:05:00,19.609,19.61,19.5,19.5,2503.0
2026-03-23 09:10:00,19.511,19.511,19.511,19.511,300.0
2026-03-23 09:15:00,19.55,19.55,19.5499,19.55,3745.0
2026-03-23 09:25:00,19.69,19.81,19.69,19.81,762.0
2026-03-23 09:30:00,19.87,19.9,19.23,19.705,240020.0
2026-03-23 09:35:00,19.73,19.9,19.28,19.46,250207.0
2026-03-23 09:40:00,19.46,19.57,19.0865,19.52,310253.0
2026-03-23 09:45:00,19.53,19.665,19.4,19.5821,159483.0
2026-03-23 09:50:00,19.59,19.78,19.46,19.56,146088.0
2026-03-23 09:55:00,19.56,19.72,19.41,19.48,95027.0
2026-03-23 10:00:00,19.49,19.56,19.15,19.47,178350.0
2026-03-23 10:05:00,19.48,19.745,19.44,19.66,170788.0
2026-03-23 10:10:00,19.67,19.975,19.67,19.91,145414.0
2026-03-23 10:15:00,19.96,19.98,19.775,19.94,100731.0
2026-03-23 10:20:00,19.94,20.02,19.7,19.71,74515.0
2026-03-23 10:25:00,19.715,19.85,19.58,19.83,110230.0
2026-03-23 10:30:00,19.83,19.98,19.765,19.82,82256.0
2026-03-23 10:35:00,19.79,19.95,19.66,19.78,68198.0
2026-03-23 10:40:00,19.79,19.88,19.68,19.73,69576.0
2026-03-23 10:45:00,19.74,19.78,19.565,19.64,65455.0
2026-03-23 10:50:00,19.635,19.69,19.56,19.575,38102.0
2026-03-23 10:55:00,19.575,19.66,19.49,19.615,64858.0
2026-03-23 11:00:00,19.6,19.605,19.39,19.4,45988.0
2026-03-23 11:05:00,19.43,19.44,19.3,19.3,70584.0
2026-03-23 11:10:00,19.32,19.345,19.16,19.21,101722.0
2026-03-23 11:15:00,19.22,19.36,19.215,19.3554,70093.0
2026-03-23 11:20:00,19.36,19.4,19.15,19.17,82437.0
2026-03-23 11:25:00,19.18,19.31,19.175,19.3,84363.0
2026-03-23 11:30:00,19.29,19.35,19.26,19.27,45482.0
2026-03-23 11:35:00,19.29,19.6,19.29,19.6,81271.0
2026-03-23 11:40:00,19.61,19.7,19.575,19.63,52901.0
2026-03-23 11:45:00,19.64,19.74,19.58,19.58,52327.0
2026-03-23 11:50:00,19.575,19.74,19.53,19.74,53075.0
2026-03-23 11:55:00,19.75,20.0,19.74,19.91,101862.0
2026-03-23 12:00:00,19.885,19.97,19.82,19.95,46437.0
2026-03-23 12:05:00,19.95,20.015,19.8,19.805,40849.0
2026-03-23 12:10:00,19.84,19.865,19.67,19.69,37268.0
2026-03-23 12:15:00,19.69,19.82,19.675,19.73,33928.0
2026-03-23 12:20:00,19.74,19.859,19.695,19.81,56999.0
2026-03-23 12:25:00,19.83,19.99,19.825,19.98,29335.0
2026-03-23 12:30:00,19.97,20.015,19.82,19.83,68718.0
2026-03-23 12:35:00,19.82,19.89,19.66,19.88,68615.0
2026-03-23 12:40:00,19.89,19.97,19.795,19.85,33125.0
2026-03-23 12:45:00,19.85,19.9,19.805,19.83,27588.0
2026-03-23 12:50:00,19.82,19.875,19.76,19.84,29923.0
2026-03-23 12:55:00,19.82,19.93,19.82,19.875,21390.0
2026-03-23 13:00:00,19.84,19.96,19.75,19.95,34629.0
2026-03-23 13:05:00,19.95,20.0,19.88,19.92,16990.0
2026-03-23 13:10:00,19.9,20.03,19.9,20.02,21060.0
2026-03-23 13:15:00,20.03,20.155,20.02,20.11,55451.0
2026-03-23 13:20:00,20.16,20.29,20.135,20.25,57057.0
2026-03-23 13:25:00,20.24,20.24,20.05,20.135,41558.0
2026-03-23 13:30:00,20.155,20.155,19.86,19.86,60054.0
2026-03-23 13:35:00,19.8214,19.83,19.575,19.61,54837.0
2026-03-23 13:40:00,19.63,19.82,19.625,19.795,42715.0
2026-03-23 13:45:00,19.815,19.875,19.775,19.79,27793.0
2026-03-23 13:50:00,19.81,19.825,19.71,19.72,13248.0
2026-03-23 13:55:00,19.72,19.745,19.68,19.68,22957.0
2026-03-23 14:00:00,19.69,19.7,19.615,19.63,15934.0
2026-03-23 14:05:00,19.63,19.9,19.63,19.85,50012.0
2026-03-23 14:10:00,19.81,19.86,19.73,19.79,39100.0
2026-03-23 14:15:00,19.8,19.86,19.775,19.845,31402.0
2026-03-23 14:20:00,19.83,19.9,19.8,19.835,35602.0
2026-03-23 14:25:00,19.835,19.8798,19.81,19.87,35984.0
2026-03-23 14:30:00,19.86,19.86,19.62,19.62,36463.0
2026-03-23 14:35:00,19.6,19.64,19.455,19.54,50355.0
2026-03-23 14:40:00,19.54,19.615,19.5,19.5,43046.0
2026-03-23 14:45:00,19.52,19.55,19.46,19.46,25679.0
2026-03-23 14:50:00,19.46,19.58,19.46,19.57,22490.0
2026-03-23 14:55:00,19.555,19.57,19.49,19.5,9548.0
2026-03-23 15:00:00,19.51,19.58,19.48,19.55,19520.0
2026-03-23 15:05:00,19.55,19.62,19.525,19.56,34812.0
2026-03-23 15:10:00,19.59,19.615,19.56,19.6,10556.0
2026-03-23 15:15:00,19.6,19.75,19.59,19.72,21172.0
2026-03-23 15:20:00,19.72,19.81,19.72,19.8,18190.0
2026-03-23 15:25:00,19.8,19.84,19.72,19.75,32744.0
2026-03-23 15:30:00,19.75,19.785,19.725,19.725,23644.0
2026-03-23 15:35:00,19.72,19.74,19.61,19.62,24862.0
2026-03-23 15:40:00,19.62,19.635,19.57,19.57,25556.0
2026-03-23 15:45:00,19.58,19.71,19.5313,19.665,19259.0
2026-03-23 15:50:00,19.66,19.73,19.63,19.725,68223.0
2026-03-23 15:55:00,19.725,19.91,19.715,19.9,154680.0
2026-03-23 16:00:00,19.89,19.91,19.89,19.91,5351.0
2026-03-23 16:05:00,19.94,20.0,19.94,19.97,6082.0
2026-03-23 16:10:00,19.89,19.89,19.89,19.89,800.0
2026-03-23 16:25:00,19.9,20.0,19.9,19.92,642.0
2026-03-23 16:35:00,19.9282,19.9282,19.92,19.92,300.0
2026-03-23 16:45:00,19.9104,19.9104,19.9104,19.9104,200.0
2026-03-23 16:50:00,19.89,19.89,19.89,19.89,2251.0
2026-03-23 16:55:00,19.8892,19.8892,19.8892,19.8892,200.0
2026-03-23 17:20:00,19.88,19.89,19.88,19.89,1137.0
2026-03-23 17:25:00,19.8894,19.8894,19.8894,19.8894,117.0
2026-03-23 17:50:00,19.86,19.86,19.86,19.86,170.0
2026-03-23 18:00:00,19.89,19.89,19.86,19.89,6766.0
2026-03-23 18:55:00,19.8,19.8,19.8,19.8,100.0
2026-03-23 19:00:00,19.75,19.86,19.75,19.86,330.0
2026-03-24 04:00:00,19.75,19.75,19.7,19.7,950.0
2026-03-24 05:05:00,19.94,19.94,19.92,19.92,1400.0
2026-03-24 05:25:00,19.95,19.95,19.93,19.93,1200.0
2026-03-24 05:50:00,19.95,19.95,19.95,19.95,5000.0
2026-03-24 05:55:00,19.86,19.86,19.8,19.8,1800.0
2026-03-24 06:30:00,19.95,19.96,19.95,19.96,428.0
2026-03-24 07:50:00,19.99,20.0,19.99,20.0,886.0
2026-03-24 08:00:00,19.77,20.13,19.77,20.02,2770.0
2026-03-24 08:05:00,20.03,20.03,20.03,20.03,100.0
2026-03-24 08:15:00,19.9805,19.9988,19.97,19.99,2214.0
2026-03-24 08:30:00,20.0,20.03,20.0,20.02,6253.0
2026-03-24 08:35:00,20.0162,20.05,20.0162,20.05,700.0
2026-03-24 08:40:00,20.04,20.04,20.0,20.04,2177.0
2026-03-24 08:50:00,20.09,20.1,20.09,20.1,200.0
2026-03-24 08:55:00,20.09,20.1,20.09,20.1,800.0
2026-03-24 09:00:00,20.13,20.13,20.09,20.09,1615.0
2026-03-24 09:05:00,20.22,20.26,20.22,20.26,2171.0
2026-03-24 09:25:00,20.2115,20.51,20.21,20.45,26636.0
2026-03-24 09:30:00,20.28,21.09,20.28,20.605,181750.0
2026-03-24 09:35:00,20.6,21.04,20.58,20.97,159015.0
2026-03-24 09:40:00,20.98,21.26,20.955,21.105,142722.0
2026-03-24 09:45:00,21.07,21.21,20.97,21.21,68445.0
2026-03-24 09:50:00,21.195,21.465,21.16,21.4101,126005.0
2026-03-24 09:55:00,21.42,21.535,21.25,21.38,83730.0
2026-03-24 10:00:00,21.37,21.4,21.11,21.17,101456.0
2026-03-24 10:05:00,21.12,21.31,21.04,21.04,84277.0
2026-03-24 10:10:00,21.03,21.24,20.94,21.05,56915.0
2026-03-24 10:15:00,20.97,21.185,20.965,21.065,41465.0
2026-03-24 10:20:00,21.13,21.25,21.05,21.05,34593.0
2026-03-24 10:25:00,21.06,21.1099,20.87,21.085,31957.0
2026-03-24 10:30:00,21.09,21.13,20.86,20.914,25552.0
2026-03-24 10:35:00,20.88,21.1,20.88,21.03,39055.0
2026-03-24 10:40:00,21.055,21.055,20.825,20.825,48944.0
2026-03-24 10:45:00,20.82,20.995,20.78,20.995,52036.0
2026-03-24 10:50:00,20.99,21.05,20.6,20.74,89240.0
2026-03-24 10:55:00,20.75,21.03,20.66,20.865,83791.0
2026-03-24 11:00:00,20.85,20.94,20.6,20.84,109498.0
2026-03-24 11:05:00,20.85,20.99,20.805,20.91,36704.0
2026-03-24 11:10:00,20.955,21.04,20.87,20.905,24366.0
2026-03-24 11:15:00,20.92,20.95,20.82,20.87,34511.0
2026-03-24 11:20:00,20.88,20.89,20.69,20.69,50820.0
2026-03-24 11:25:00,20.7,20.765,20.59,20.705,53957.0
2026-03-24 11:30:00,20.705,20.905,20.66,20.87,50285.0
2026-03-24 11:35:00,20.89,20.915,20.835,20.885,15516.0
2026-03-24 11:40:00,20.875,20.875,20.79,20.795,10240.0
2026-03-24 11:45:00,20.805,20.82,20.76,20.76,8255.0
2026-03-24 11:50:00,20.75,20.75,20.65,20.69,25737.0
2026-03-24 11:55:00,20.725,20.98,20.725,20.93,60426.0
2026-03-24 12:00:00,20.94,21.07,20.9,21.06,43423.0
2026-03-24 12:05:00,21.07,21.1,21.0,21.0,79935.0
2026-03-24 12:10:00,20.99,21.07,20.95,20.98,26594.0
2026-03-24 12:15:00,20.98,21.005,20.76,20.76,36490.0
2026-03-24 12:20:00,20.76,20.83,20.67,20.705,32313.0
2026-03-24 12:25:00,20.69,20.815,20.68,20.755,70192.0
2026-03-24 12:30:00,20.75,20.84,20.72,20.84,20999.0
2026-03-24 12:35:00,20.84,21.08,20.84,21.07,26930.0
2026-03-24 12:40:00,21.08,21.11,21.025,21.05,16098.0
2026-03-24 12:45:00,21.0205,21.0205,20.95,20.99,9290.0
2026-03-24 12:50:00,20.985,20.985,20.91,20.94,12860.0
2026-03-24 12:55:00,20.94,21.055,20.94,20.97,25324.0
2026-03-24 13:00:00,20.95,21.115,20.91,21.115,11198.0
2026-03-24 13:05:00,21.12,21.26,21.12,21.235,56044.0
2026-03-24 13:10:00,21.25,21.29,21.17,21.24,55947.0
2026-03-24 13:15:00,21.25,21.31,21.17,21.29,37523.0
2026-03-24 13:20:00,21.31,21.31,21.11,21.15,35511.0
2026-03-24 13:25:00,21.17,21.265,21.17,21.215,26220.0
2026-03-24 13:30:00,21.21,21.3,21.095,21.28,43403.0
2026-03-24 13:35:00,21.29,21.315,21.2,21.235,20714.0
2026-03-24 13:40:00,21.23,21.405,21.19,21.3799,45097.0
2026-03-24 13:45:00,21.38,21.38,21.305,21.315,8893.0
2026-03-24 13:50:00,21.33,21.4,21.16,21.325,59430.0
2026-03-24 13:55:00,21.32,21.345,21.04,21.045,90445.0
2026-03-24 14:00:00,21.03,21.15,20.97,21.06,35393.0
2026-03-24 14:05:00,21.08,21.105,21.01,21.105,41324.0
2026-03-24 14:10:00,21.105,21.115,21.0,21.075,37122.0
2026-03-24 14:15:00,21.07,21.115,21.0,21.0,24091.0
2026-03-24 14:20:00,21.01,21.12,20.99,21.055,44549.0
2026-03-24 14:25:00,21.05,21.15,21.01,21.075,35875.0
2026-03-24 14:30:00,21.06,21.1,20.95,21.075,19652.0
2026-03-24 14:35:00,21.065,21.065,20.78,20.78,39011.0
2026-03-24 14:40:00,20.81,21.12,20.81,21.045,105677.0
2026-03-24 14:45:00,21.05,21.065,20.975,21.005,25451.0
2026-03-24 14:50:00,21.01,21.045,20.895,20.99,24057.0
2026-03-24 14:55:00,21.0,21.105,20.995,21.045,35063.0
2026-03-24 15:00:00,21.04,21.04,20.83,20.835,36723.0
2026-03-24 15:05:00,20.85,20.85,20.64,20.64,32138.0
2026-03-24 15:10:00,20.65,20.69,20.58,20.625,27874.0
2026-03-24 15:15:00,20.63,20.67,20.59,20.59,119642.0
2026-03-24 15:20:00,20.61,20.635,20.54,20.61,46762.0
2026-03-24 15:25:00,20.615,20.7302,20.605,20.73,25341.0
2026-03-24 15:30:00,20.73,20.775,20.64,20.74,31305.0
2026-03-24 15:35:00,20.745,20.85,20.74,20.81,41527.0
2026-03-24 15:40:00,20.8,20.81,20.725,20.77,10261.0
2026-03-24 15:45:00,20.79,20.875,20.78,20.79,48378.0
2026-03-24 15:50:00,20.78,20.91,20.765,20.81,41831.0
2026-03-24 15:55:00,20.83,20.91,20.83,20.88,58759.0
2026-03-24 16:00:00,20.87,20.89,20.87,20.89,10939.0
2026-03-24 16:05:00,20.81,20.91,20.81,20.9,2730.0
2026-03-24 16:20:00,20.75,20.76,20.24,20.24,22044.0
2026-03-24 16:25:00,20.25,20.36,19.97,20.2,20309.0
2026-03-24 16:30:00,20.3396,20.45,20.2,20.42,4372.0
2026-03-24 16:35:00,20.19,20.3,20.06,20.29,8326.0
2026-03-24 16:40:00,20.0,20.26,20.0,20.26,2050.0
2026-03-24 16:45:00,20.3,20.38,20.3,20.3358,3500.0
2026-03-24 17:00:00,20.18,20.18,20.18,20.18,134.0
2026-03-24 17:05:00,20.34,20.48,20.34,20.38,2265.0
2026-03-24 17:10:00,20.39,20.39,20.3,20.3,536.0
2026-03-24 17:15:00,20.48,20.48,20.48,20.48,100.0
2026-03-24 18:15:00,20.25,20.25,20.25,20.25,120.0
2026-03-24 18:20:00,20.2124,20.2124,20.2124,20.2124,100.0
2026-03-24 18:55:00,20.32,20.32,20.32,20.32,600.0
2026-03-24 19:25:00,20.21,20.21,20.21,20.21,100.0
2026-03-24 19:30:00,20.3,20.3,20.3,20.3,200.0
2026-03-24 19:35:00,20.21,20.21,20.21,20.21,5000.0
2026-03-24 19:40:00,20.2541,20.2541,20.2541,20.2541,150.0
2026-03-24 19:45:00,20.2255,20.2255,20.2255,20.2255,150.0
2026-03-24 19:50:00,20.37,20.37,20.36,20.37,2500.0
2026-03-25 04:05:00,20.05,20.05,20.0,20.0,750.0
2026-03-25 04:30:00,20.32,20.32,20.32,20.32,250.0
2026-03-25 04:55:00,20.16,20.2,19.86,20.06,14141.0
2026-03-25 05:25:00,20.03,20.2,19.99,20.2,10834.0
2026-03-25 05:45:00,20.3,20.3,20.06,20.1,1094.0
2026-03-25 05:55:00,20.06,20.06,20.05,20.05,310.0
2026-03-25 06:00:00,20.05,20.05,19.87,19.87,4400.0
2026-03-25 06:10:00,19.81,19.81,19.73,19.79,3837.0
2026-03-25 06:35:00,19.9,19.9,19.9,19.9,100.0
2026-03-25 07:00:00,19.94,19.94,19.94,19.94,516.0
2026-03-25 07:20:00,19.88,20.07,19.88,20.04,17850.0
2026-03-25 07:30:00,20.05,20.07,19.95,19.95,2913.0
2026-03-25 08:00:00,20.0483,20.1,19.94,20.1,1800.0
2026-03-25 08:05:00,20.36,20.36,19.87,19.92,12948.0
2026-03-25 08:10:00,19.87,19.87,19.86,19.87,1583.0
2026-03-25 08:15:00,19.8489,20.07,19.8489,20.07,1650.0
2026-03-25 08:20:00,20.19,20.22,20.19,20.22,4172.0
2026-03-25 08:25:00,20.24,20.33,20.08,20.3296,11206.0
2026-03-25 08:30:00,20.33,20.46,20.33,20.45,4828.0
2026-03-25 08:40:00,20.2,20.25,20.15,20.25,5970.0
2026-03-25 08:50:00,20.38,20.39,20.38,20.39,226.0
2026-03-25 09:00:00,20.21,20.21,20.13,20.13,400.0
2026-03-25 09:15:00,20.29,20.32,20.29,20.32,850.0
2026-03-25 09:20:00,20.26,20.26,20.26,20.26,700.0
2026-03-25 09:25:00,20.34,20.35,20.11,20.11,2657.0
2026-03-25 09:30:00,20.2,20.2,19.22,19.25,303586.0
2026-03-25 09:35:00,19.27,19.315,19.02,19.07,173117.0
2026-03-25 09:40:00,19.07,19.07,18.8,18.905,181578.0
2026-03-25 09:45:00,18.895,19.02,18.81,19.01,205615.0
2026-03-25 09:50:00,18.98,19.12,18.88,18.9,180632.0
2026-03-25 09:55:00,18.8899,18.92,18.745,18.86,133757.0
2026-03-25 10:00:00,18.87,18.925,18.59,18.62,102143.0
2026-03-25 10:05:00,18.615,18.725,18.505,18.505,216459.0
2026-03-25 10:10:00,18.505,18.55,18.46,18.48,140703.0
2026-03-25 10:15:00,18.48,18.615,18.405,18.59,120296.0
2026-03-25 10:20:00,18.58,18.66,18.43,18.54,200274.0
2026-03-25 10:25:00,18.52,18.56,18.435,18.5,135914.0
2026-03-25 10:30:00,18.495,18.53,18.3,18.305,141187.0
2026-03-25 10:35:00,18.3,18.39,18.22,18.35,275086.0
2026-03-25 10:40:00,18.335,18.41,18.27,18.32,83165.0
2026-03-25 10:45:00,18.31,18.35,18.2,18.2299,48888.0
2026-03-25 10:50:00,18.205,18.325,18.2,18.32,64472.0
2026-03-25 10:55:00,18.33,18.39,18.295,18.34,45738.0
2026-03-25 11:00:00,18.34,18.485,18.325,18.37,213081.0
2026-03-25 11:05:00,18.36,18.5784,18.3479,18.57,96032.0
2026-03-25 11:10:00,18.56,18.6992,18.55,18.64,236382.0
2026-03-25 11:15:00,18.65,18.91,18.6,18.76,239789.0
2026-03-25 11:20:00,18.76,18.76,18.44,18.46,95297.0
2026-03-25 11:25:00,18.48,18.5,18.33,18.3399,43378.0
2026-03-25 11:30:00,18.33,18.37,18.29,18.35,104064.0
2026-03-25 11:35:00,18.355,18.58,18.33,18.57,82149.0
2026-03-25 11:40:00,18.57,18.57,18.43,18.435,39978.0
2026-03-25 11:45:00,18.435,18.45,18.3799,18.39,41147.0
2026-03-25 11:50:00,18.375,18.39,18.31,18.38,50611.0
2026-03-25 11:55:00,18.36,18.39,18.26,18.3,60464.0
2026-03-25 12:00:00,18.3,18.45,18.3,18.425,42429.0
2026-03-25 12:05:00,18.44,18.54,18.415,18.495,56653.0
2026-03-25 12:10:00,18.53,18.62,18.52,18.6001,40440.0
2026-03-25 12:15:00,18.605,18.625,18.545,18.59,44166.0
2026-03-25 12:20:00,18.59,18.64,18.48,18.48,69723.0
2026-03-25 12:25:00,18.46,18.505,18.42,18.485,45546.0
2026-03-25 12:30:00,18.47,18.51,18.335,18.34,141282.0
2026-03-25 12:35:00,18.36,18.37,18.31,18.33,38474.0
2026-03-25 12:40:00,18.32,18.35,18.275,18.2899,51920.0
2026-03-25 12:45:00,18.29,18.34,18.25,18.31,138259.0
2026-03-25 12:50:00,18.29,18.31,18.16,18.2,103694.0
2026-03-25 12:55:00,18.2,18.225,18.155,18.195,81639.0
2026-03-25 13:00:00,18.1886,18.19,18.045,18.095,50778.0
2026-03-25 13:05:00,18.11,18.28,18.11,18.27,119228.0
2026-03-25 13:10:00,18.26,18.285,18.215,18.23,37866.0
2026-03-25 13:15:00,18.25,18.32,18.24,18.3,25071.0
2026-03-25 13:20:00,18.31,18.37,18.22,18.34,39016.0
2026-03-25 13:25:00,18.325,18.36,18.28,18.315,18223.0
2026-03-25 13:30:00,18.33,18.39,18.33,18.39,47070.0
2026-03-25 13:35:00,18.395,18.41,18.355,18.37,19220.0
2026-03-25 13:40:00,18.365,18.4583,18.32,18.38,62575.0
2026-03-25 13:45:00,18.38,18.49,18.36,18.48,74093.0
2026-03-25 13:50:00,18.49,18.6699,18.45,18.64,86890.0
2026-03-25 13:55:00,18.6499,18.67,18.51,18.61,79963.0
2026-03-25 14:00:00,18.625,18.66,18.56,18.57,24065.0
2026-03-25 14:05:00,18.57,18.57,18.48,18.55,60944.0
2026-03-25 14:10:00,18.55,18.555,18.475,18.52,37763.0
2026-03-25 14:15:00,18.52,18.54,18.43,18.45,27739.0
2026-03-25 14:20:00,18.4501,18.4501,18.3625,18.365,45236.0
2026-03-25 14:25:00,18.365,18.5,18.355,18.5,49396.0
2026-03-25 14:30:00,18.47,18.6,18.445,18.545,171659.0
2026-03-25 14:35:00,18.545,18.575,18.525,18.575,26457.0
2026-03-25 14:40:00,18.565,18.68,18.565,18.63,52797.0
2026-03-25 14:45:00,18.62,18.66,18.59,18.61,38372.0
2026-03-25 14:50:00,18.585,18.68,18.57,18.63,26352.0
2026-03-25 14:55:00,18.62,18.905,18.62,18.77,135799.0
2026-03-25 15:00:00,18.78,18.885,18.78,18.82,29781.0
2026-03-25 15:05:00,18.79,18.795,18.71,18.73,26935.0
2026-03-25 15:10:00,18.745,18.845,18.725,18.815,40710.0
2026-03-25 15:15:00,18.81,18.855,18.66,18.665,124031.0
2026-03-25 15:20:00,18.675,18.685,18.57,18.6299,519012.0
2026-03-25 15:25:00,18.615,18.76,18.615,18.75,24129.0
2026-03-25 15:30:00,18.75,18.85,18.7101,18.83,43693.0
2026-03-25 15:35:00,18.825,18.91,18.75,18.83,973513.0
2026-03-25 15:40:00,18.84,18.8801,18.75,18.875,61518.0
2026-03-25 15:45:00,18.88,18.92,18.7934,18.81,55986.0
2026-03-25 15:50:00,18.81,18.81,18.61,18.665,159642.0
2026-03-25 15:55:00,18.66,18.69,18.58,18.6,195563.0
2026-03-25 16:00:00,18.61,18.76,18.61,18.63,5256.0
2026-03-25 16:05:00,18.7,18.7,18.65,18.65,1047.0
2026-03-25 16:10:00,18.65,18.65,18.61,18.61,2131.0
2026-03-25 16:15:00,18.58,18.6,18.5,18.5831,3099.0
2026-03-25 16:20:00,18.55,18.55,18.55,18.55,300.0
2026-03-25 16:25:00,18.5527,18.5527,18.5527,18.5527,168.0
2026-03-25 16:30:00,18.6,18.6,18.55,18.55,805.0
2026-03-25 16:35:00,18.7001,18.7001,18.7001,18.7001,140.0
2026-03-25 16:45:00,18.62,18.62,18.61,18.61,690.0
2026-03-25 16:55:00,18.61,18.61,18.6099,18.6099,200.0
2026-03-25 17:00:00,18.61,18.61,18.61,18.61,281.0
2026-03-25 17:05:00,18.61,18.61,18.61,18.61,300.0
2026-03-25 17:10:00,18.6,18.6,18.6,18.6,542.0
2026-03-25 17:15:00,18.5709,18.6,18.5709,18.6,2100.0
2026-03-25 17:20:00,18.6,18.6,18.6,18.6,600.0
2026-03-25 17:30:00,18.6065,18.6065,18.6065,18.6065,3000.0
2026-03-25 17:50:00,18.65,18.65,18.65,18.65,100.0
2026-03-25 18:05:00,18.64,18.65,18.64,18.65,300.0
2026-03-25 18:10:00,18.6474,18.65,18.6474,18.65,800.0
2026-03-25 18:15:00,18.6493,18.6493,18.6493,18.6493,200.0
2026-03-25 18:25:00,18.64,18.64,18.64,18.64,438.0
2026-03-25 18:35:00,18.6369,18.6369,18.6369,18.6369,100.0
2026-03-25 18:45:00,18.6262,18.6262,18.6,18.6,247.0
2026-03-25 18:50:00,18.6,18.6,18.6,18.6,100.0
2026-03-25 18:55:00,18.6272,18.6272,18.62,18.62,299.0
2026-03-25 19:00:00,18.61,18.61,18.61,18.61,688.0
2026-03-25 19:15:00,18.63,18.63,18.63,18.63,748.0
2026-03-25 19:20:00,18.65,18.67,18.63,18.67,2933.0
2026-03-25 19:25:00,18.67,18.67,18.59,18.6,17564.0
2026-03-25 19:30:00,18.6,18.66,18.6,18.66,978.0
2026-03-25 19:35:00,18.6786,18.6786,18.66,18.66,1600.0
2026-03-25 19:40:00,18.6628,18.6628,18.6628,18.6628,200.0
2026-03-25 19:45:00,18.67,18.69,18.67,18.69,1834.0
2026-03-25 19:55:00,18.61,18.6216,18.6,18.6216,3315.0
2026-03-26 04:00:00,18.77,18.89,18.77,18.89,1595.0
2026-03-26 04:10:00,18.88,18.9,18.88,18.9,1702.0
2026-03-26 04:15:00,18.79,18.79,18.79,18.79,325.0
2026-03-26 04:20:00,18.88,18.89,18.79,18.79,1125.0
2026-03-26 04:25:00,18.76,18.95,18.76,18.88,4095.0
2026-03-26 04:30:00,18.95,18.95,18.95,18.95,100.0
2026-03-26 04:40:00,18.89,18.9,18.89,18.9,1625.0
2026-03-26 04:45:00,18.91,18.91,18.89,18.89,370.0
2026-03-26 04:50:00,18.95,18.99,18.95,18.99,3982.0
2026-03-26 05:00:00,18.99,18.99,18.99,18.99,2205.0
2026-03-26 05:05:00,19.0,19.01,18.99,18.99,875.0
2026-03-26 05:10:00,19.03,19.03,19.03,19.03,190.0
2026-03-26 05:30:00,19.03,19.03,19.03,19.03,2535.0
2026-03-26 05:35:00,19.03,19.03,19.03,19.03,249.0
2026-03-26 05:45:00,19.02,19.02,19.02,19.02,415.0
2026-03-26 06:05:00,19.01,19.01,19.01,19.01,250.0
2026-03-26 06:10:00,19.01,19.01,19.0,19.0,272.0
2026-03-26 06:15:00,19.0,19.0,19.0,19.0,202.0
2026-03-26 06:40:00,19.01,19.01,19.0,19.0,1300.0
2026-03-26 06:45:00,19.0,19.0,18.99,18.99,2828.0
2026-03-26 07:00:00,19.0,19.0,18.99,18.99,5891.0
2026-03-26 07:05:00,18.99,18.99,18.99,18.99,1308.0
2026-03-26 07:10:00,18.99,18.99,18.99,18.99,1942.0
2026-03-26 07:15:00,18.995,18.995,18.99,18.99,970.0
2026-03-26 07:20:00,18.99,18.99,18.99,18.99,200.0
2026-03-26 07:25:00,18.99,19.04,18.99,19.04,3754.0
2026-03-26 07:30:00,19.01,19.01,19.01,19.01,604.0
2026-03-26 07:40:00,19.04,19.06,19.04,19.06,872.0
2026-03-26 07:45:00,19.05,19.05,19.04,19.04,521.0
2026-03-26 07:50:00,19.06,19.08,19.06,19.06,3657.0
2026-03-26 07:55:00,19.079,19.08,19.079,19.08,2808.0
2026-03-26 08:00:00,19.04,19.13,18.78,19.12,15396.0
2026-03-26 08:05:00,19.12,19.1571,18.97,19.1571,10920.0
2026-03-26 08:10:00,19.1549,19.1549,19.12,19.12,6693.0
2026-03-26 08:15:00,19.129,19.129,19.0501,19.0501,7744.0
2026-03-26 08:25:00,19.0653,19.14,19.0653,19.12,1290.0
2026-03-26 08:30:00,19.13,19.13,19.1283,19.1283,1200.0
2026-03-26 08:35:00,19.1,19.13,19.1,19.13,2400.0
2026-03-26 08:40:00,19.13,19.15,19.12,19.13,2843.0
2026-03-26 08:45:00,19.09,19.12,19.09,19.0902,650.0
2026-03-26 08:50:00,19.09,19.09,19.09,19.09,270.0
2026-03-26 08:55:00,19.09,19.09,19.09,19.09,170.0
2026-03-26 09:00:00,19.1,19.1,19.05,19.05,3485.0
2026-03-26 09:10:00,19.1324,19.1324,19.1324,19.1324,100.0
2026-03-26 09:15:00,19.08,19.08,19.0504,19.0504,1298.0
2026-03-26 09:20:00,19.07,19.1321,19.07,19.1321,646.0
2026-03-26 09:25:00,19.08,19.13,19.07,19.12,7561.0
2026-03-26 09:30:00,19.1,19.26,18.85,19.15,144990.0
2026-03-26 09:35:00,19.17,19.21,18.82,18.925,169969.0
2026-03-26 09:40:00,18.91,18.97,18.64,18.64,148770.0
2026-03-26 09:45:00,18.61,18.62,18.35,18.43,226979.0
2026-03-26 09:50:00,18.41,18.44,18.2,18.23,202315.0
2026-03-26 09:55:00,18.24,18.31,18.15,18.17,128270.0
2026-03-26 10:00:00,18.18,18.445,18.11,18.33,206915.0
2026-03-26 10:05:00,18.33,18.33,18.0733,18.08,153019.0
2026-03-26 10:10:00,18.07,18.15,17.98,17.9899,82603.0
2026-03-26 10:15:00,17.99,18.135,17.99,18.13,67591.0
2026-03-26 10:20:00,18.13,18.19,18.0,18.04,86764.0
2026-03-26 10:25:00,18.055,18.115,18.005,18.05,32045.0
2026-03-26 10:30:00,18.05,18.08,17.985,18.02,76828.0
2026-03-26 10:35:00,18.025,18.195,18.025,18.1101,76177.0
2026-03-26 10:40:00,18.115,18.265,17.98,18.265,109094.0
2026-03-26 10:45:00,18.2705,18.295,18.155,18.27,50914.0
2026-03-26 10:50:00,18.29,18.4003,18.175,18.39,78787.0
2026-03-26 10:55:00,18.4,18.465,18.315,18.35,124245.0
2026-03-26 11:00:00,18.32,18.375,18.27,18.33,42067.0
2026-03-26 11:05:00,18.325,18.435,18.275,18.405,92937.0
2026-03-26 11:10:00,18.4,18.425,18.335,18.425,17579.0
2026-03-26 11:15:00,18.425,18.48,18.385,18.46,35002.0
2026-03-26 11:20:00,18.46,18.5,18.43,18.47,21158.0
2026-03-26 11:25:00,18.46,18.46,18.34,18.41,28455.0
2026-03-26 11:30:00,18.39,18.515,18.385,18.51,23833.0
2026-03-26 11:35:00,18.5,18.51,18.4199,18.475,21635.0
2026-03-26 11:40:00,18.49,18.49,18.34,18.34,52596.0
2026-03-26 11:45:00,18.32,18.36,18.22,18.245,25837.0
2026-03-26 11:50:00,18.245,18.28,18.19,18.265,24796.0
2026-03-26 11:55:00,18.255,18.32,18.255,18.3199,32670.0
2026-03-26 12:00:00,18.33,18.35,18.29,18.33,14431.0
2026-03-26 12:05:00,18.32,18.3699,18.22,18.255,20192.0
2026-03-26 12:10:00,18.23,18.2499,18.19,18.205,21647.0
2026-03-26 12:15:00,18.215,18.48,18.215,18.42,47437.0
2026-03-26 12:20:00,18.415,18.535,18.41,18.465,51408.0
2026-03-26 12:25:00,18.47,18.585,18.47,18.53,36723.0
2026-03-26 12:30:00,18.52,18.6,18.49,18.51,86104.0
2026-03-26 12:35:00,18.505,18.54,18.455,18.455,15412.0
2026-03-26 12:40:00,18.46,18.48,18.41,18.41,21840.0
2026-03-26 12:45:00,18.4,18.405,18.335,18.37,12800.0
2026-03-26 12:50:00,18.37,18.37,18.2825,18.285,29884.0
2026-03-26 12:55:00,18.281,18.31,18.225,18.235,17644.0
2026-03-26 13:00:00,18.24,18.285,18.19,18.28,17576.0
2026-03-26 13:05:00,18.27,18.29,18.21,18.24,11057.0
2026-03-26 13:10:00,18.2501,18.34,18.25,18.3,13605.0
2026-03-26 13:15:00,18.31,18.38,18.28,18.34,23461.0
2026-03-26 13:20:00,18.345,18.465,18.345,18.42,18439.0
2026-03-26 13:25:00,18.43,18.435,18.29,18.29,23703.0
2026-03-26 13:30:00,18.29,18.3,18.18,18.18,34604.0
2026-03-26 13:35:00,18.18,18.205,18.15,18.195,22587.0
2026-03-26 13:40:00,18.19,18.245,18.19,18.205,23784.0
2026-03-26 13:45:00,18.205,18.315,18.175,18.3125,31211.0
2026-03-26 13:50:00,18.32,18.405,18.315,18.4,29564.0
2026-03-26 13:55:00,18.4,18.4486,18.36,18.44,18409.0
2026-03-26 14:00:00,18.43,18.43,18.34,18.34,19059.0
2026-03-26 14:05:00,18.34,18.37,18.3,18.34,22034.0
2026-03-26 14:10:00,18.355,18.4,18.305,18.39,29864.0
2026-03-26 14:15:00,18.385,18.445,18.375,18.42,23693.0
2026-03-26 14:20:00,18.42,18.425,18.36,18.36,18017.0
2026-03-26 14:25:00,18.37,18.51,18.355,18.485,59728.0
2026-03-26 14:30:00,18.485,18.485,18.28,18.295,62251.0
2026-03-26 14:35:00,18.3,18.33,18.28,18.32,10897.0
2026-03-26 14:40:00,18.33,18.415,18.31,18.37,34448.0
2026-03-26 14:45:00,18.37,18.375,18.04,18.08,234865.0
2026-03-26 14:50:00,18.09,18.135,17.84,17.975,305492.0
2026-03-26 14:55:00,17.96,18.325,17.96,18.235,252286.0
2026-03-26 15:00:00,18.23,18.44,18.225,18.405,75027.0
2026-03-26 15:05:00,18.4,18.51,18.365,18.5,35032.0
2026-03-26 15:10:00,18.505,18.64,18.505,18.63,45635.0
2026-03-26 15:15:00,18.635,18.645,18.525,18.525,76872.0
2026-03-26 15:20:00,18.53,18.55,18.45,18.48,36801.0
2026-03-26 15:25:00,18.48,18.525,18.395,18.4002,37704.0
2026-03-26 15:30:00,18.41,18.505,18.41,18.455,31965.0
2026-03-26 15:35:00,18.46,18.47,18.4,18.46,23333.0
2026-03-26 15:40:00,18.475,18.555,18.42,18.555,36184.0
2026-03-26 15:45:00,18.56,18.67,18.56,18.585,86154.0
2026-03-26 15:50:00,18.59,18.6899,18.575,18.61,123602.0
2026-03-26 15:55:00,18.61,18.64,18.55,18.595,131788.0
2026-03-26 16:00:00,18.6,18.6121,18.5,18.6121,4724.0
2026-03-26 16:05:00,18.6,18.68,18.59,18.68,3724.0
2026-03-26 16:10:00,18.44,18.48,18.17,18.18,16904.0
2026-03-26 16:15:00,18.3319,18.4073,18.3319,18.4,4550.0
2026-03-26 16:20:00,18.5,18.51,18.5,18.51,1700.0
2026-03-26 16:25:00,18.41,18.41,18.41,18.41,3100.0
2026-03-26 16:35:00,18.46,18.46,18.46,18.46,100.0
2026-03-26 16:40:00,18.5,18.5,18.5,18.5,550.0
2026-03-26 16:45:00,18.45,18.45,18.43,18.43,9903.0
2026-03-26 16:50:00,18.41,18.41,18.41,18.41,9846.0
2026-03-26 16:55:00,18.5127,18.5127,18.41,18.41,10500.0
2026-03-26 17:00:00,18.5133,18.5133,18.5133,18.5133,335.0
2026-03-26 17:05:00,18.4142,18.4142,18.41,18.41,5700.0
2026-03-26 17:15:00,18.411,18.411,18.411,18.411,100.0
2026-03-26 17:20:00,18.49,18.49,18.49,18.49,171.0
2026-03-26 17:25:00,18.4109,18.4109,18.4109,18.4109,1000.0
2026-03-26 17:30:00,18.41,18.41,18.41,18.41,500.0
2026-03-26 17:45:00,18.51,18.51,18.51,18.51,161.0
2026-03-26 18:00:00,18.41,18.41,18.41,18.41,1177.0
2026-03-26 18:25:00,18.47,18.47,18.41,18.45,664.0
2026-03-26 18:45:00,18.4697,18.4697,18.41,18.41,2501.0
2026-03-26 18:50:00,18.405,18.405,18.4,18.4,400.0
2026-03-26 18:55:00,18.35,18.35,18.35,18.35,240.0
2026-03-26 19:15:00,18.38,18.3999,18.38,18.3999,350.0
2026-03-26 19:25:00,18.36,18.37,18.35,18.35,19724.0
2026-03-26 19:35:00,18.32,18.32,18.32,18.32,154.0
2026-03-26 19:50:00,18.39,18.3985,18.39,18.3985,206.0
2026-03-27 04:10:00,18.58,18.58,18.4,18.4,221.0
2026-03-27 04:15:00,18.59,18.59,18.59,18.59,500.0
2026-03-27 04:20:00,18.56,18.57,18.56,18.57,369.0
2026-03-27 04:30:00,18.62,18.62,18.62,18.62,100.0
2026-03-27 04:35:00,18.7,18.7,18.7,18.7,100.0
2026-03-27 04:55:00,18.72,18.72,18.72,18.72,608.0
2026-03-27 05:00:00,18.72,18.74,18.72,18.74,1976.0
2026-03-27 05:05:00,18.77,18.77,18.77,18.77,1300.0
2026-03-27 05:10:00,18.83,18.83,18.83,18.83,300.0
2026-03-27 06:10:00,18.79,18.79,18.79,18.79,100.0
2026-03-27 06:15:00,18.79,18.83,18.65,18.82,1950.0
2026-03-27 06:50:00,18.8,18.8,18.8,18.8,200.0
2026-03-27 07:00:00,18.84,18.84,18.8,18.8,300.0
2026-03-27 07:15:00,18.79,18.84,18.79,18.84,5107.0
2026-03-27 07:20:00,18.79,18.84,18.79,18.84,619.0
2026-03-27 07:45:00,18.81,18.81,18.81,18.81,100.0
2026-03-27 07:55:00,18.78,18.79,18.78,18.79,5000.0
2026-03-27 08:00:00,18.8009,18.8363,18.59,18.83,11438.0
2026-03-27 08:05:00,18.31,18.89,18.31,18.89,6888.0
2026-03-27 08:15:00,18.8087,18.9,18.8087,18.9,400.0
2026-03-27 08:20:00,18.88,18.8983,18.8633,18.8983,4280.0
2026-03-27 08:25:00,18.86,18.8694,18.86,18.8694,584.0
2026-03-27 08:30:00,18.85,18.91,18.85,18.91,5096.0
2026-03-27 08:35:00,18.91,18.9699,18.9,18.9,1800.0
2026-03-27 08:40:00,18.8002,18.9,18.8,18.9,1740.0
2026-03-27 08:45:00,18.94,18.95,18.93,18.94,5553.0
2026-03-27 09:00:00,18.91,18.91,18.89,18.9,1815.0
2026-03-27 09:05:00,18.93,18.95,18.9,18.9,844.0
2026-03-27 09:10:00,18.93,18.94,18.93,18.93,1228.0
2026-03-27 09:15:00,18.95,18.95,18.95,18.95,500.0
2026-03-27 09:20:00,18.94,18.96,18.94,18.96,879.0
2026-03-27 09:25:00,18.95,18.96,18.92,18.92,4750.0
2026-03-27 09:30:00,18.92,19.15,18.78,19.0,214598.0
2026-03-27 09:35:00,19.02,19.16,18.795,18.841,230954.0
2026-03-27 09:40:00,18.85,19.02,18.74,18.88,143469.0
2026-03-27 09:45:00,18.86,18.91,18.72,18.87,109064.0
2026-03-27 09:50:00,18.85,19.16,18.845,19.1,128784.0
2026-03-27 09:55:00,19.1,19.43,19.1,19.39,134305.0
2026-03-27 10:00:00,19.42,19.43,19.245,19.3001,161297.0
2026-03-27 10:05:00,19.31,19.465,19.29,19.435,78854.0
2026-03-27 10:10:00,19.455,19.455,19.27,19.315,62173.0
2026-03-27 10:15:00,19.33,19.5,19.33,19.41,133595.0
2026-03-27 10:20:00,19.39,19.52,19.365,19.49,64817.0
2026-03-27 10:25:00,19.49,19.595,19.395,19.54,99147.0
2026-03-27 10:30:00,19.55,19.55,19.405,19.41,71448.0
2026-03-27 10:35:00,19.415,19.7178,19.395,19.7101,103358.0
2026-03-27 10:40:00,19.72,19.81,19.7,19.71,94223.0
2026-03-27 10:45:00,19.7,19.75,19.43,19.43,135547.0
2026-03-27 10:50:00,19.42,19.45,19.32,19.43,97685.0
2026-03-27 10:55:00,19.4,19.455,19.37,19.375,32379.0
2026-03-27 11:00:00,19.3899,19.415,19.31,19.38,44609.0
2026-03-27 11:05:00,19.38,19.59,19.335,19.55,61743.0
2026-03-27 11:10:00,19.565,19.655,19.535,19.645,65145.0
2026-03-27 11:15:00,19.655,19.73,19.595,19.73,39671.0
2026-03-27 11:20:00,19.73,19.73,19.405,19.57,161251.0
2026-03-27 11:25:00,19.56,19.64,19.47,19.51,38084.0
2026-03-27 11:30:00,19.51,19.52,19.36,19.389,49942.0
2026-03-27 11:35:00,19.37,19.47,19.27,19.46,44954.0
2026-03-27 11:40:00,19.47,19.55,19.45,19.55,29449.0
2026-03-27 11:45:00,19.545,19.545,19.455,19.52,10554.0
2026-03-27 11:50:00,19.53,19.58,19.465,19.58,20049.0
2026-03-27 11:55:00,19.59,19.73,19.56,19.725,18906.0
2026-03-27 12:00:00,19.73,19.82,19.7,19.8,47436.0
2026-03-27 12:05:00,19.805,19.93,19.79,19.93,48607.0
2026-03-27 12:10:00,19.93,19.97,19.9,19.91,40907.0
2026-03-27 12:15:00,19.905,19.995,19.905,19.96,34576.0
2026-03-27 12:20:00,19.965,20.035,19.89,20.035,58901.0
2026-03-27 12:25:00,20.04,20.13,20.04,20.1,50778.0
2026-03-27 12:30:00,20.095,20.095,20.03,20.035,30137.0
2026-03-27 12:35:00,20.045,20.2,20.02,20.2,36443.0
2026-03-27 12:40:00,20.21,20.225,20.115,20.12,50570.0
2026-03-27 12:45:00,20.14,20.175,20.015,20.03,48876.0
2026-03-27 12:50:00,20.03,20.22,20.02,20.22,23959.0
2026-03-27 12:55:00,20.22,20.27,20.19,20.26,23711.0
2026-03-27 13:00:00,20.26,20.29,20.215,20.225,52344.0
2026-03-27 13:05:00,20.22,20.255,20.025,20.11,112877.0
2026-03-27 13:10:00,20.11,20.12,20.0,20.0,52943.0
2026-03-27 13:15:00,20.0,20.065,20.0,20.03,27895.0
2026-03-27 13:20:00,20.025,20.13,20.015,20.105,74483.0
2026-03-27 13:25:00,20.11,20.28,20.11,20.28,57141.0
2026-03-27 13:30:00,20.27,20.31,20.225,20.25,45673.0
2026-03-27 13:35:00,20.25,20.25,20.17,20.17,47214.0
2026-03-27 13:40:00,20.17,20.25,20.16,20.225,22410.0
2026-03-27 13:45:00,20.22,20.265,20.18,20.215,39776.0
2026-03-27 13:50:00,20.215,20.215,20.13,20.15,37008.0
2026-03-27 13:55:00,20.14,20.285,20.14,20.28,64430.0
2026-03-27 14:00:00,20.285,20.32,20.25,20.2836,33749.0
2026-03-27 14:05:00,20.2977,20.2977,20.245,20.255,31120.0
2026-03-27 14:10:00,20.25,20.285,20.213,20.235,34197.0
2026-03-27 14:15:00,20.235,20.25,20.125,20.125,49970.0
2026-03-27 14:20:00,20.155,20.215,20.1,20.21,37734.0
2026-03-27 14:25:00,20.21,20.285,20.21,20.25,29814.0
2026-03-27 14:30:00,20.265,20.265,20.16,20.18,30644.0
2026-03-27 14:35:00,20.18,20.285,20.18,20.255,29259.0
2026-03-27 14:40:00,20.24,20.26,20.095,20.16,62980.0
2026-03-27 14:45:00,20.175,20.25,20.16,20.22,57094.0
2026-03-27 14:50:00,20.2101,20.24,20.17,20.215,26792.0
2026-03-27 14:55:00,20.225,20.255,20.195,20.2421,18200.0
2026-03-27 15:00:00,20.25,20.335,20.23,20.335,27037.0
2026-03-27 15:05:00,20.34,20.395,20.34,20.3799,66147.0
2026-03-27 15:10:00,20.38,20.38,20.3,20.3,222384.0
2026-03-27 15:15:00,20.3,20.3,20.21,20.24,65145.0
2026-03-27 15:20:00,20.245,20.245,20.195,20.195,40555.0
2026-03-27 15:25:00,20.215,20.29,20.2,20.285,30613.0
2026-03-27 15:30:00,20.28,20.285,20.165,20.21,63073.0
2026-03-27 15:35:00,20.22,20.395,20.215,20.37,134585.0
2026-03-27 15:40:00,20.38,20.51,20.36,20.505,121101.0
2026-03-27 15:45:00,20.495,20.605,20.445,20.46,230103.0
2026-03-27 15:50:00,20.45,20.525,20.37,20.49,283622.0
2026-03-27 15:55:00,20.49,20.59,20.47,20.56,320064.0
2026-03-27 16:00:00,20.58,20.58,20.45,20.55,9289.0
2026-03-27 16:05:00,20.47,20.5,20.39,20.5,1250.0
2026-03-27 16:10:00,20.5,20.58,20.5,20.58,4010.0
2026-03-27 16:15:00,20.62,20.67,20.61,20.67,1062.0
2026-03-27 16:20:00,20.57,20.57,20.5,20.5,245.0
2026-03-27 16:35:00,20.61,20.65,20.61,20.65,250.0
2026-03-27 16:40:00,20.65,20.65,20.65,20.65,125.0
2026-03-27 16:45:00,20.63,20.65,20.63,20.65,1788.0
2026-03-27 16:50:00,20.65,20.65,20.6,20.6,672.0
2026-03-27 17:10:00,20.62,20.68,20.62,20.68,690.0
2026-03-27 17:15:00,20.65,20.66,20.65,20.66,342.0
2026-03-27 17:35:00,20.63,20.63,20.63,20.63,1300.0
2026-03-27 17:40:00,20.6,20.6,20.6,20.6,100.0
2026-03-27 17:50:00,20.55,20.55,20.55,20.55,186.0
2026-03-27 17:55:00,20.6141,20.6141,20.6141,20.6141,200.0
2026-03-27 18:10:00,20.6,20.6,20.6,20.6,480.0
2026-03-27 18:15:00,20.6,20.6,20.6,20.6,357.0
2026-03-27 18:30:00,20.61,20.61,20.61,20.61,200.0
2026-03-27 18:40:00,20.65,20.65,20.62,20.62,2670.0
2026-03-27 18:45:00,20.68,20.68,20.68,20.68,763.0
2026-03-27 18:50:00,20.61,20.6285,20.61,20.6285,748.0
2026-03-27 18:55:00,20.6091,20.6091,20.6091,20.6091,100.0
2026-03-27 19:00:00,20.67,20.67,20.67,20.67,300.0
2026-03-27 19:05:00,20.65,20.65,20.65,20.65,600.0
2026-03-27 19:30:00,20.6006,20.6006,20.6006,20.6006,800.0
2026-03-27 19:55:00,20.6087,20.6087,20.6087,20.6087,150.0
2026-03-30 04:00:00,20.6,20.6,20.41,20.48,1140
2026-03-30 04:30:00,20.45,20.45,20.45,20.45,2088
2026-03-30 04:35:00,20.4541,20.4541,20.4541,20.4541,341
2026-03-30 04:40:00,20.46,20.46,20.46,20.46,353
2026-03-30 04:55:00,20.45,20.45,20.45,20.45,300
2026-03-30 05:25:00,20.38,20.38,20.38,20.38,1300
2026-03-30 05:30:00,20.47,20.47,20.47,20.47,150
2026-03-30 07:00:00,20.35,20.35,20.2519,20.2575,4006
2026-03-30 07:05:00,20.2838,20.3269,20.26,20.3269,1775
2026-03-30 07:10:00,20.25,20.25,20.25,20.25,125
2026-03-30 07:20:00,20.26,20.28,20.25,20.26,3137
2026-03-30 07:25:00,20.26,20.35,20.25,20.25,4670
2026-03-30 07:30:00,20.32,20.34,20.25,20.25,17142
2026-03-30 07:40:00,20.24,20.25,20.23,20.25,9042
2026-03-30 07:50:00,20.26,20.36,20.25,20.36,1060
2026-03-30 07:55:00,20.38,20.38,20.38,20.38,1380
2026-03-30 08:00:00,20.3,20.3,20.3,20.3,454
2026-03-30 08:05:00,20.2838,20.284,20.2838,20.284,850
2026-03-30 08:15:00,20.4482,20.4482,20.2847,20.4253,6077
2026-03-30 08:20:00,20.31,20.31,20.31,20.31,239
2026-03-30 08:30:00,20.2501,20.26,20.1812,20.1812,3690
2026-03-30 09:00:00,20.25,20.25,20.25,20.25,800
2026-03-30 09:10:00,20.2378,20.2378,20.21,20.21,580
2026-03-30 09:25:00,20.2489,20.2489,20.2489,20.2489,339
2026-03-30 09:30:00,20.25,21.16,20.21,20.91,147410
2026-03-30 09:35:00,20.895,20.895,20.36,20.4,67983
2026-03-30 09:40:00,20.3901,20.48,20.23,20.25,40383
2026-03-30 09:45:00,20.23,20.29,20.05,20.28,94995
2026-03-30 09:50:00,20.2899,20.6,20.28,20.5799,132086
2026-03-30 09:55:00,20.57,20.725,20.535,20.69,32792
2026-03-30 10:00:00,20.71,20.71,20.48,20.51,45024
2026-03-30 10:05:00,20.545,20.62,20.36,20.365,43310
2026-03-30 10:10:00,20.35,20.49,20.33,20.47,29091
2026-03-30 10:15:00,20.5,20.73,20.5,20.655,60274
2026-03-30 10:20:00,20.58,20.6625,20.535,20.59,37583
2026-03-30 10:25:00,20.55,20.595,20.47,20.55,14287
2026-03-30 10:30:00,20.555,20.555,20.45,20.53,13880
2026-03-30 10:35:00,20.54,20.645,20.48,20.58,22150
2026-03-30 10:40:00,20.61,20.63,20.4901,20.55,26543
2026-03-30 10:45:00,20.5568,20.59,20.32,20.48,59845
2026-03-30 10:50:00,20.465,20.55,20.465,20.535,24218
2026-03-30 10:55:00,20.53,20.585,20.41,20.42,26179
2026-03-30 11:00:00,20.4,20.5,20.335,20.41,26901
2026-03-30 11:05:00,20.385,20.5306,20.35,20.46,22585
2026-03-30 11:10:00,20.43,20.57,20.38,20.55,32483
2026-03-30 11:15:00,20.53,20.82,20.53,20.76,1039793
2026-03-30 11:20:00,20.74,20.83,20.6,20.645,349015
2026-03-30 11:25:00,20.64,20.82,20.61,20.78,44115
2026-03-30 11:30:00,20.78,20.885,20.55,20.55,109868
2026-03-30 11:35:00,20.54,20.6,20.475,20.6,39985
2026-03-30 11:40:00,20.6,20.675,20.47,20.5,34806
2026-03-30 11:45:00,20.48,20.525,20.4,20.41,45004
2026-03-30 11:50:00,20.43,20.465,20.375,20.4,31325
2026-03-30 11:55:00,20.41,20.6,20.39,20.59,88964
2026-03-30 12:00:00,20.59,20.89,20.58,20.87,51968
2026-03-30 12:05:00,20.87,20.87,20.73,20.73,45766
2026-03-30 12:10:00,20.74,20.76,20.65,20.68,136574
2026-03-30 12:15:00,20.68,20.745,20.655,20.69,39546
2026-03-30 12:20:00,20.7,20.72,20.62,20.685,39131
2026-03-30 12:25:00,20.645,20.77,20.64,20.77,23021
2026-03-30 12:30:00,20.785,20.83,20.73,20.74,47394
2026-03-30 12:35:00,20.74,20.77,20.625,20.685,27732
2026-03-30 12:40:00,20.68,20.735,20.67,20.72,12877
2026-03-30 12:45:00,20.72,20.785,20.71,20.76,21323
2026-03-30 12:50:00,20.75,20.795,20.66,20.695,37329
2026-03-30 12:55:00,20.74,20.82,20.695,20.76,26221
2026-03-30 13:00:00,20.77,20.83,20.74,20.83,22524
2026-03-30 13:05:00,20.83,20.87,20.75,20.775,19172
2026-03-30 13:10:00,20.745,20.94,20.74,20.94,23288
2026-03-30 13:15:00,20.935,21.015,20.905,20.97,37281
2026-03-30 13:20:00,20.97,21.0,20.93,20.9692,12361
2026-03-30 13:25:00,20.95,21.105,20.935,21.085,62689
2026-03-30 13:30:00,21.085,21.115,21.04,21.09,38205
2026-03-30 13:35:00,21.085,21.135,21.0,21.005,39580
2026-03-30 13:40:00,21.005,21.06,20.995,21.02,27425
2026-03-30 13:45:00,21.04,21.135,20.94,21.095,127733
2026-03-30 13:50:00,21.105,21.16,21.09,21.13,32107
2026-03-30 13:55:00,21.125,21.18,21.095,21.15,16237
2026-03-30 14:00:00,21.155,21.18,21.125,21.15,20540
2026-03-30 14:05:00,21.15,21.175,21.03,21.035,26876
2026-03-30 14:10:00,21.045,21.06,20.91,20.9216,18953
2026-03-30 14:15:00,20.9301,21.055,20.9301,21.0,20877
2026-03-30 14:20:00,21.0,21.02,20.92,20.99,22642
2026-03-30 14:25:00,20.98,21.0,20.955,20.97,17877
2026-03-30 14:30:00,20.965,20.975,20.79,20.79,71832
2026-03-30 14:35:00,20.79,20.89,20.75,20.87,49509
2026-03-30 14:40:00,20.87,20.93,20.8,20.87,16699
2026-03-30 14:45:00,20.87,20.895,20.83,20.88,30938
2026-03-30 14:50:00,20.88,21.055,20.88,21.01,39494
2026-03-30 14:55:00,21.02,21.1,21.01,21.04,20765
2026-03-30 15:00:00,21.035,21.055,20.94,20.98,18257
2026-03-30 15:05:00,21.0,21.15,20.99,21.1235,20888
2026-03-30 15:10:00,21.12,21.255,21.12,21.25,36486
2026-03-30 15:15:00,21.2493,21.25,21.155,21.2,22633
2026-03-30 15:20:00,21.18,21.195,21.0701,21.105,30526
2026-03-30 15:25:00,21.12,21.145,21.06,21.12,20554
2026-03-30 15:30:00,21.11,21.225,21.095,21.22,45807
2026-03-30 15:35:00,21.215,21.23,21.1113,21.12,111953
2026-03-30 15:40:00,21.12,21.135,21.045,21.08,33223
2026-03-30 15:45:00,21.085,21.175,21.055,21.14,66725
2026-03-30 15:50:00,21.14,21.14,20.995,21.045,162680
2026-03-30 15:55:00,21.04,21.04,20.91,21.01,229406
2026-03-30 16:00:00,21.01,21.16,21.0,21.0,10039
2026-03-30 16:10:00,21.03,21.03,21.0,21.0,1712
2026-03-30 16:15:00,21.01,21.18,21.01,21.18,790
2026-03-30 16:25:00,21.1,21.1,21.1,21.1,1000
2026-03-30 16:55:00,20.99,20.99,20.98,20.98,674
2026-03-30 17:00:00,21.02,21.02,21.02,21.02,111
2026-03-30 17:15:00,20.983,20.983,20.983,20.983,374
2026-03-30 17:20:00,21.0,21.0,21.0,21.0,135
2026-03-30 17:55:00,21.0,21.09,20.99,21.01,6353
2026-03-30 18:00:00,21.0,21.05,20.9937,21.05,2185
2026-03-30 18:05:00,21.0737,21.0737,21.0737,21.0737,338
2026-03-30 18:15:00,21.05,21.05,21.05,21.05,250
2026-03-30 18:20:00,21.0,21.0,21.0,21.0,2577
2026-03-30 18:35:00,21.05,21.05,21.05,21.05,100
2026-03-30 18:45:00,21.05,21.05,21.05,21.05,100
2026-03-30 18:50:00,20.9927,20.9927,20.99,20.99,1251
2026-03-30 18:55:00,21.059,21.07,21.059,21.07,1000
2026-03-30 19:00:00,21.05,21.09,21.05,21.09,3743
2026-03-30 19:05:00,21.09,21.09,21.09,21.09,140
2026-03-30 19:25:00,21.15,21.15,21.15,21.15,100
2026-03-30 19:30:00,21.17,21.17,21.17,21.17,300
2026-03-30 19:35:00,21.1605,21.1605,21.1605,21.1605,200
2026-03-30 19:40:00,21.1214,21.18,21.1214,21.18,6180
2026-03-30 19:50:00,20.9976,20.9976,20.9976,20.9976,230
2026-03-31 04:00:00,20.33,20.64,20.28,20.42,8296
2026-03-31 04:30:00,19.86,19.86,19.86,19.86,377
2026-03-31 05:15:00,19.94,19.94,19.94,19.94,250
2026-03-31 06:20:00,20.56,20.56,20.43,20.43,2755
2026-03-31 06:25:00,20.46,20.46,20.43,20.43,1014
2026-03-31 06:40:00,20.38,20.39,19.91,19.91,13522
2026-03-31 06:45:00,19.79,19.85,19.65,19.68,12849
2026-03-31 06:50:00,19.7,19.7,19.7,19.7,406
2026-03-31 07:00:00,19.7606,19.84,19.67,19.84,2605
2026-03-31 07:05:00,19.76,19.76,19.75,19.75,800
2026-03-31 07:10:00,19.71,19.71,19.3624,19.3624,29349
2026-03-31 07:15:00,19.59,19.59,19.42,19.44,21897
2026-03-31 07:20:00,19.415,19.46,19.27,19.44,62184
2026-03-31 07:25:00,19.34,19.34,19.21,19.21,13109
2026-03-31 07:30:00,19.36,19.36,19.36,19.36,250
2026-03-31 07:35:00,19.3982,19.3998,19.21,19.3,3779
2026-03-31 07:40:00,19.25,19.25,19.21,19.21,17418
2026-03-31 07:45:00,19.29,19.33,19.29,19.33,33809
2026-03-31 07:50:00,19.35,19.38,19.25,19.26,6475
2026-03-31 07:55:00,19.3002,19.3002,19.2,19.2,36610
2026-03-31 08:00:00,19.25,19.25,19.1,19.187,41528
2026-03-31 08:05:00,19.15,19.1857,19.15,19.15,1850
2026-03-31 08:10:00,19.18,19.2,19.15,19.19,2002
2026-03-31 08:15:00,19.2,19.25,19.19,19.19,17503
2026-03-31 08:20:00,19.1994,19.21,19.1994,19.21,7903
2026-03-31 08:25:00,19.28,19.28,19.14,19.15,9971
2026-03-31 08:35:00,19.11,19.19,19.1,19.13,65899
2026-03-31 08:40:00,19.15,19.15,19.1317,19.15,2719
2026-03-31 08:45:00,19.149,19.15,19.11,19.11,14906
2026-03-31 08:50:00,19.11,19.11,19.0403,19.0403,35776
2026-03-31 08:55:00,19.12,19.12,19.1,19.1,25692
2026-03-31 09:00:00,19.07,19.13,19.05,19.06,53170
2026-03-31 09:05:00,19.14,19.14,19.07,19.08,7085
2026-03-31 09:10:00,19.09,19.09,18.98,18.98,60151
2026-03-31 09:15:00,18.99,18.99,18.93,18.9684,11448
2026-03-31 09:20:00,19.0,19.01,18.95,18.9995,5056
2026-03-31 09:25:00,18.9998,19.0,18.87,18.87,59948
2026-03-31 09:30:00,18.88,18.88,18.08,18.14,547419
2026-03-31 09:35:00,18.145,18.16,17.885,17.96,407225
2026-03-31 09:40:00,17.88,18.0499,17.86,18.02,305475
2026-03-31 09:45:00,17.97,17.98,17.43,17.475,360955
2026-03-31 09:50:00,17.47,17.5,17.1,17.105,309892
2026-03-31 09:55:00,17.105,17.22,16.9126,17.0,508564
2026-03-31 10:00:00,17.0,17.01,16.62,16.62,259413
2026-03-31 10:05:00,16.63,16.97,16.605,16.9699,297712
2026-03-31 10:10:00,16.97,17.14,16.94,16.9514,163314
2026-03-31 10:15:00,16.98,17.21,16.83,17.188,136708
2026-03-31 10:20:00,17.1999,17.48,17.175,17.33,178674
2026-03-31 10:25:00,17.34,17.4799,17.3,17.33,94543
2026-03-31 10:30:00,17.33,17.44,17.3,17.38,74197
2026-03-31 10:35:00,17.375,17.53,17.36,17.495,100260
2026-03-31 10:40:00,17.475,17.565,17.38,17.475,94709
2026-03-31 10:45:00,17.47,17.68,17.455,17.645,140488
2026-03-31 10:50:00,17.65,17.7109,17.6,17.66,127304
2026-03-31 10:55:00,17.69,17.8,17.615,17.615,93370
2026-03-31 11:00:00,17.61,17.61,17.3,17.385,97087
2026-03-31 11:05:00,17.375,17.49,17.2501,17.46,55034
2026-03-31 11:10:00,17.465,17.5099,17.135,17.14,97282
2026-03-31 11:15:00,17.135,17.1899,17.025,17.165,61484
2026-03-31 11:20:00,17.165,17.26,17.125,17.125,49450
2026-03-31 11:25:00,17.13,17.4,17.105,17.32,105084
2026-03-31 11:30:00,17.335,17.44,17.27,17.29,65206
2026-03-31 11:35:00,17.27,17.285,17.16,17.245,64112
2026-03-31 11:40:00,17.25,17.37,17.21,17.3397,34688
2026-03-31 11:45:00,17.33,17.44,17.32,17.33,46756
2026-03-31 11:50:00,17.33,17.39,17.22,17.34,45975
2026-03-31 11:55:00,17.33,17.56,17.325,17.54,58912
2026-03-31 12:00:00,17.535,17.56,17.38,17.42,39868
2026-03-31 12:05:00,17.42,17.425,17.225,17.25,35130
2026-03-31 12:10:00,17.2494,17.38,17.23,17.24,20064
2026-03-31 12:15:00,17.24,17.24,17.155,17.18,80715
2026-03-31 12:20:00,17.1599,17.16,17.035,17.045,69751
2026-03-31 12:25:00,17.035,17.14,16.985,17.1,94308
2026-03-31 12:30:00,17.105,17.18,17.08,17.1,36419
2026-03-31 12:35:00,17.09,17.1,16.705,16.705,125825
2026-03-31 12:40:00,16.7,16.7,16.25,16.45,554835
2026-03-31 12:45:00,16.4726,16.64,16.29,16.47,186240
2026-03-31 12:50:00,16.475,16.57,16.305,16.425,112762
2026-03-31 12:55:00,16.47,16.67,16.4501,16.455,50995
2026-03-31 13:00:00,16.46,16.47,16.231,16.295,99169
2026-03-31 13:05:00,16.29,16.58,16.275,16.5599,98354
2026-03-31 13:10:00,16.54,16.6,16.43,16.455,67698
2026-03-31 13:15:00,16.44,16.44,16.2401,16.245,158704
2026-03-31 13:20:00,16.25,16.335,16.25,16.295,94337
2026-03-31 13:25:00,16.29,16.58,16.29,16.55,100173
2026-03-31 13:30:00,16.55,16.55,16.255,16.26,113440
2026-03-31 13:35:00,16.265,16.52,16.245,16.425,103164
2026-03-31 13:40:00,16.4401,16.58,16.38,16.51,56648
2026-03-31 13:45:00,16.505,16.54,16.44,16.49,39711
2026-03-31 13:50:00,16.47,16.61,16.47,16.535,51579
2026-03-31 13:55:00,16.535,16.79,16.529,16.77,152699
2026-03-31 14:00:00,16.77,16.8,16.67,16.77,189887
2026-03-31 14:05:00,16.76,16.76,16.6,16.61,56662
2026-03-31 14:10:00,16.61,16.765,16.61,16.65,59642
2026-03-31 14:15:00,16.665,16.665,16.5599,16.59,33849
2026-03-31 14:20:00,16.58,16.7192,16.58,16.71,26409
2026-03-31 14:25:00,16.705,16.7499,16.495,16.525,127033
2026-03-31 14:30:00,16.515,16.6,16.495,16.595,37842
2026-03-31 14:35:00,16.6,16.6199,16.4101,16.455,72663
2026-03-31 14:40:00,16.455,16.53,16.445,16.495,54706
2026-03-31 14:45:00,16.485,16.495,16.375,16.375,105288
2026-03-31 14:50:00,16.37,16.495,16.36,16.4717,78138
2026-03-31 14:55:00,16.48,16.485,16.385,16.39,76614
2026-03-31 15:00:00,16.38,16.465,16.35,16.44,83850
2026-03-31 15:05:00,16.44,16.565,16.425,16.51,63234
2026-03-31 15:10:00,16.52,16.52,16.425,16.48,118635
2026-03-31 15:15:00,16.475,16.48,16.395,16.3999,75960
2026-03-31 15:20:00,16.39,16.43,16.37,16.4,88917
2026-03-31 15:25:00,16.39,16.455,16.37,16.395,136758
2026-03-31 15:30:00,16.39,16.52,16.32,16.475,104925
2026-03-31 15:35:00,16.495,16.495,16.348,16.375,126844
2026-03-31 15:40:00,16.37,16.47,16.3,16.305,113129
2026-03-31 15:45:00,16.305,16.38,16.2501,16.265,161171
2026-03-31 15:50:00,16.26,16.32,16.19,16.305,361503
2026-03-31 15:55:00,16.305,16.42,16.258,16.3,317474
2026-03-31 16:00:00,16.3,16.35,16.29,16.29,15419
2026-03-31 16:05:00,16.3357,16.37,16.2965,16.32,9049
2026-03-31 16:10:00,16.3693,16.3693,16.2998,16.329,8466
2026-03-31 16:15:00,16.29,16.33,16.29,16.2907,5026
2026-03-31 16:20:00,16.301,16.37,16.3,16.3,20450
2026-03-31 16:25:00,16.31,16.37,16.31,16.33,4364
2026-03-31 16:30:00,16.33,16.33,16.32,16.32,3470
2026-03-31 16:35:00,16.3352,16.3678,16.3352,16.35,2495
2026-03-31 16:40:00,16.3478,16.3478,16.3478,16.3478,152
2026-03-31 16:45:00,16.3477,16.35,16.32,16.35,900
2026-03-31 16:50:00,16.35,16.35,16.35,16.35,350
2026-03-31 16:55:00,16.3699,16.37,16.36,16.37,1392
2026-03-31 17:00:00,16.36,16.36,16.36,16.36,697
2026-03-31 17:05:00,16.35,16.35,16.35,16.35,1000
2026-03-31 17:15:00,16.3589,16.36,16.345,16.36,918
2026-03-31 17:20:00,16.3485,16.36,16.3485,16.36,2499
2026-03-31 17:25:00,16.35,16.35,16.35,16.35,711
2026-03-31 17:30:00,16.3401,16.3401,16.34,16.34,2103
2026-03-31 17:35:00,16.33,16.34,16.33,16.33,1869
2026-03-31 17:40:00,16.35,16.35,16.3309,16.35,2700
2026-03-31 17:45:00,16.35,16.35,16.35,16.35,7582
2026-03-31 17:50:00,16.35,16.35,16.35,16.35,227
2026-03-31 17:55:00,16.35,16.35,16.3302,16.3303,19636
2026-03-31 18:00:00,16.3301,16.39,16.33,16.39,11043
2026-03-31 18:05:00,16.36,16.36,16.36,16.36,200
2026-03-31 18:10:00,16.34,16.34,16.3318,16.3318,248
2026-03-31 18:15:00,16.37,16.39,16.33,16.35,2934
2026-03-31 18:20:00,16.3326,16.4443,16.3326,16.4443,1436
2026-03-31 18:25:00,16.36,16.36,16.33,16.35,5879
2026-03-31 18:30:00,16.39,16.39,16.39,16.39,1000
2026-03-31 18:35:00,16.3992,16.3992,16.3992,16.3992,1000
2026-03-31 18:40:00,16.37,16.37,16.37,16.37,125
2026-03-31 18:45:00,16.36,16.38,16.36,16.38,1023
2026-03-31 18:55:00,16.3509,16.3509,16.35,16.35,2205
2026-03-31 19:00:00,16.36,16.36,16.36,16.36,200
2026-03-31 19:05:00,16.36,16.36,16.36,16.36,1015
2026-03-31 19:10:00,16.37,16.37,16.37,16.37,15805
2026-03-31 19:15:00,16.37,16.37,16.36,16.36,200
2026-03-31 19:30:00,16.36,16.3697,16.35,16.35,7148
2026-03-31 19:35:00,16.33,16.33,16.3,16.3,8099
2026-03-31 19:40:00,16.34,16.34,16.34,16.34,100
2026-03-31 19:45:00,16.34,16.34,16.34,16.34,1684
2026-04-01 04:00:00,16.35,16.37,15.95,16.08,33361
2026-04-01 04:10:00,16.07,16.07,16.07,16.07,120
2026-04-01 04:15:00,16.15,16.15,16.15,16.15,810
2026-04-01 04:20:00,16.14,16.14,16.04,16.04,1010
2026-04-01 04:25:00,16.05,16.05,16.05,16.05,500
2026-04-01 04:40:00,16.04,16.04,15.97,15.98,24591
2026-04-01 04:45:00,15.9504,16.03,15.87,16.03,31051
2026-04-01 04:50:00,16.02,16.02,15.98,16.0,1740
2026-04-01 04:55:00,16.02,16.02,16.02,16.02,100
2026-04-01 05:00:00,16.02,16.08,16.02,16.06,477
2026-04-01 05:05:00,16.08,16.08,16.05,16.07,325
2026-04-01 05:20:00,16.08,16.08,16.08,16.08,322
2026-04-01 05:50:00,16.04,16.05,16.04,16.05,1360
2026-04-01 05:55:00,16.05,16.05,16.05,16.05,960
2026-04-01 06:00:00,16.07,16.07,16.05,16.05,600
2026-04-01 06:10:00,16.01,16.01,15.9,15.9,4208
2026-04-01 06:45:00,16.03,16.04,16.03,16.04,240
2026-04-01 06:50:00,15.95,15.95,15.95,15.95,126
2026-04-01 07:00:00,16.06,16.09,15.95,16.0,9838
2026-04-01 07:05:00,15.957,16.0,15.94,15.99,28671
2026-04-01 07:10:00,15.94,16.02,15.94,16.0,1198
2026-04-01 07:15:00,15.96,16.0,15.96,15.99,9053
2026-04-01 07:20:00,15.99,16.0095,15.97,15.97,5360
2026-04-01 07:25:00,15.9605,15.98,15.96,15.98,4188
2026-04-01 07:30:00,15.96,15.98,15.96,15.9699,8700
2026-04-01 07:35:00,15.96,16.0658,15.96,15.96,2600
2026-04-01 07:40:00,16.0549,16.0549,15.96,15.97,1428
2026-04-01 07:45:00,16.0,16.0,15.86,15.9,13642
2026-04-01 07:50:00,15.9,15.9099,15.86,15.9061,5586
2026-04-01 07:55:00,15.88,15.91,15.86,15.91,1574
2026-04-01 08:00:00,15.9,15.9,15.86,15.8609,4560
2026-04-01 08:05:00,15.88,15.899,15.8787,15.89,7171
2026-04-01 08:10:00,15.8999,15.9,15.87,15.89,1837
2026-04-01 08:15:00,15.9,15.95,15.9,15.91,2430
2026-04-01 08:20:00,15.9,15.94,15.9,15.9397,8100
2026-04-01 08:25:00,15.94,16.06,15.94,16.06,11780
2026-04-01 08:30:00,16.01,16.02,16.01,16.02,1000
2026-04-01 08:35:00,15.9827,16.06,15.98,16.05,948
2026-04-01 08:40:00,16.05,16.0899,15.87,15.91,36112
2026-04-01 08:45:00,15.8782,16.09,15.8782,16.09,4593
2026-04-01 08:50:00,16.08,16.11,16.0,16.09,11279
2026-04-01 08:55:00,16.08,16.1091,16.08,16.1091,2100
2026-04-01 09:00:00,16.09,16.1016,16.09,16.1016,999
2026-04-01 09:05:00,16.11,16.14,16.11,16.14,3848
2026-04-01 09:10:00,16.15,16.15,16.07,16.1093,3541
2026-04-01 09:15:00,16.12,16.12,16.1,16.1135,4000
2026-04-01 09:20:00,16.12,16.12,16.08,16.08,1303
2026-04-01 09:25:00,16.07,16.1,15.84,15.95,30994
2026-04-01 09:30:00,15.94,15.94,14.84,15.2,1606895
2026-04-01 09:35:00,15.2,15.41,15.1414,15.28,685490
2026-04-01 09:40:00,15.27,15.56,15.09,15.54,550188
2026-04-01 09:45:00,15.53,15.815,15.5292,15.785,451549
2026-04-01 09:50:00,15.7801,15.79,15.385,15.415,273640
2026-04-01 09:55:00,15.41,15.42,15.155,15.3638,507674
2026-04-01 10:00:00,15.34,15.625,15.34,15.6,491554
2026-04-01 10:05:00,15.6,15.78,15.55,15.73,321765
2026-04-01 10:10:00,15.74,15.94,15.68,15.92,323549
2026-04-01 10:15:00,15.925,15.925,15.67,15.685,226851
2026-04-01 10:20:00,15.66,15.7,15.5799,15.62,136309
2026-04-01 10:25:00,15.62,15.62,15.5,15.545,158769
2026-04-01 10:30:00,15.54,15.59,15.4389,15.58,163272
2026-04-01 10:35:00,15.57,15.66,15.43,15.475,247140
2026-04-01 10:40:00,15.48,15.6099,15.455,15.58,168611
2026-04-01 10:45:00,15.57,15.745,15.56,15.64,126517
2026-04-01 10:50:00,15.65,15.705,15.57,15.62,132122
2026-04-01 10:55:00,15.63,15.745,15.58,15.64,93606
2026-04-01 11:00:00,15.64,15.645,15.53,15.59,51118
2026-04-01 11:05:00,15.59,15.62,15.53,15.545,79727
2026-04-01 11:10:00,15.545,15.62,15.525,15.61,35707
2026-04-01 11:15:00,15.61,15.7,15.6,15.6,83638
2026-04-01 11:20:00,15.59,15.712,15.59,15.69,69591
2026-04-01 11:25:00,15.695,15.805,15.665,15.79,100187
2026-04-01 11:30:00,15.79,15.82,15.585,15.59,91333
2026-04-01 11:35:00,15.59,15.6204,15.54,15.575,39657
2026-04-01 11:40:00,15.575,15.675,15.57,15.665,58706
2026-04-01 11:45:00,15.66,15.71,15.63,15.63,37351
2026-04-01 11:50:00,15.635,15.65,15.55,15.595,65630
2026-04-01 11:55:00,15.595,15.635,15.545,15.565,61239
2026-04-01 12:00:00,15.57,15.605,15.545,15.55,23818
2026-04-01 12:05:00,15.545,15.6,15.5,15.56,35591
2026-04-01 12:10:00,15.56,15.75,15.56,15.745,58826
2026-04-01 12:15:00,15.74,15.755,15.68,15.695,49332
2026-04-01 12:20:00,15.7,15.805,15.7,15.805,34942
2026-04-01 12:25:00,15.82,15.8493,15.7701,15.83,91536
2026-04-01 12:30:00,15.825,15.86,15.7223,15.7223,59570
2026-04-01 12:35:00,15.725,15.7599,15.7,15.755,86852
2026-04-01 12:40:00,15.79,15.8097,15.7001,15.7001,46465
2026-04-01 12:45:00,15.705,15.71,15.67,15.69,21352
2026-04-01 12:50:00,15.68,15.68,15.595,15.61,73748
2026-04-01 12:55:00,15.61,15.6199,15.525,15.565,31782
2026-04-01 13:00:00,15.57,15.575,15.47,15.48,50288
2026-04-01 13:05:00,15.48,15.55,15.455,15.5366,31747
2026-04-01 13:10:00,15.54,15.649,15.54,15.645,54872
2026-04-01 13:15:00,15.6376,15.65,15.59,15.605,32068
2026-04-01 13:20:00,15.59,15.6674,15.58,15.6,58331
2026-04-01 13:25:00,15.61,15.68,15.605,15.68,19679
2026-04-01 13:30:00,15.69,15.765,15.665,15.76,30539
2026-04-01 13:35:00,15.765,15.79,15.715,15.725,27301
2026-04-01 13:40:00,15.73,15.78,15.69,15.765,33733
2026-04-01 13:45:00,15.75,15.78,15.7232,15.745,24314
2026-04-01 13:50:00,15.73,15.77,15.685,15.69,26487
2026-04-01 13:55:00,15.68,15.82,15.67,15.81,38299
2026-04-01 14:00:00,15.82,15.97,15.795,15.9104,109005
2026-04-01 14:05:00,15.915,15.915,15.84,15.88,81145
2026-04-01 14:10:00,15.895,15.98,15.86,15.895,105282
2026-04-01 14:15:00,15.93,16.0301,15.92,15.96,89959
2026-04-01 14:20:00,15.955,16.08,15.93,16.07,91143
2026-04-01 14:25:00,16.045,16.08,15.97,16.01,74764
2026-04-01 14:30:00,16.0,16.135,15.99,16.095,75520
2026-04-01 14:35:00,16.115,16.17,15.97,15.9801,267762
2026-04-01 14:40:00,15.98,16.075,15.895,16.055,67051
2026-04-01 14:45:00,16.045,16.098,16.04,16.065,31873
2026-04-01 14:50:00,16.06,16.085,16.0,16.0,38627
2026-04-01 14:55:00,16.005,16.06,16.005,16.02,54788
2026-04-01 15:00:00,16.02,16.05,15.94,15.98,65114
2026-04-01 15:05:00,15.975,15.98,15.9,15.925,37304
2026-04-01 15:10:00,15.93,16.04,15.93,15.96,64156
2026-04-01 15:15:00,15.96,16.01,15.925,15.935,67551
2026-04-01 15:20:00,15.94,15.995,15.91,15.935,35262
2026-04-01 15:25:00,15.925,15.925,15.82,15.83,46675
2026-04-01 15:30:00,15.83,15.94,15.83,15.92,46434
2026-04-01 15:35:00,15.925,16.015,15.86,15.89,68444
2026-04-01 15:40:00,15.895,15.9201,15.825,15.9,81080
2026-04-01 15:45:00,15.92,15.9776,15.91,15.95,49359
2026-04-01 15:50:00,15.945,16.03,15.945,15.97,161838
2026-04-01 15:55:00,15.98,15.99,15.92,15.99,163248
2026-04-01 16:00:00,15.96,16.05,15.96,16.05,14079
2026-04-01 16:05:00,16.0368,16.0368,15.99,16.001,2345
2026-04-01 16:10:00,16.0065,16.0497,15.9604,15.99,6700
2026-04-01 16:15:00,16.0429,16.05,16.0,16.04,895
2026-04-01 16:25:00,16.03,16.05,16.03,16.05,3713
2026-04-01 16:40:00,16.0512,16.0512,16.0503,16.0503,484
2026-04-01 16:50:00,16.05,16.07,16.0,16.0,10937
2026-04-01 16:55:00,15.9769,15.9769,15.9769,15.9769,3000
2026-04-01 17:00:00,16.0,16.0052,16.0,16.0052,643
2026-04-01 17:05:00,16.0174,16.0174,16.001,16.001,2192
2026-04-01 17:15:00,16.0394,16.0396,16.0393,16.0393,1100
2026-04-01 17:20:00,16.0052,16.04,16.0052,16.0052,710
2026-04-01 17:25:00,16.001,16.001,16.001,16.001,150
2026-04-01 17:35:00,16.0,16.0,16.0,16.0,100
2026-04-01 17:50:00,16.01,16.01,16.01,16.01,593
2026-04-01 18:00:00,16.047,16.0586,16.047,16.0586,1750
2026-04-01 18:05:00,16.0522,16.06,16.0522,16.06,286
2026-04-01 18:10:00,16.02,16.02,16.02,16.02,120
2026-04-01 18:15:00,16.0165,16.02,16.0165,16.02,300
2026-04-01 18:20:00,16.03,16.06,16.03,16.06,250
2026-04-01 18:25:00,16.02,16.05,16.02,16.05,250
2026-04-01 18:30:00,16.0763,16.0763,16.0403,16.0403,200
2026-04-01 18:45:00,16.07,16.0826,16.06,16.0826,1300
2026-04-01 19:00:00,16.0211,16.0211,16.0211,16.0211,269
2026-04-01 19:05:00,16.06,16.06,16.02,16.02,1150
2026-04-01 19:15:00,16.0486,16.0486,16.0479,16.0479,300
2026-04-01 19:25:00,16.05,16.05,16.0,16.0,859
2026-04-01 19:30:00,16.0,16.01,16.0,16.01,600
2026-04-01 19:55:00,16.04,16.0493,16.04,16.0493,21209
2026-04-01 04:00:00,16.35,16.37,15.95,16.08,33361
2026-04-01 04:10:00,16.07,16.07,16.07,16.07,120
2026-04-01 04:15:00,16.15,16.15,16.15,16.15,810
2026-04-01 04:20:00,16.14,16.14,16.04,16.04,1010
2026-04-01 04:25:00,16.05,16.05,16.05,16.05,500
2026-04-01 04:40:00,16.04,16.04,15.97,15.98,24591
2026-04-01 04:45:00,15.9504,16.03,15.87,16.03,31051
2026-04-01 04:50:00,16.02,16.02,15.98,16.0,1740
2026-04-01 04:55:00,16.02,16.02,16.02,16.02,100
2026-04-01 05:00:00,16.02,16.08,16.02,16.06,477
2026-04-01 05:05:00,16.08,16.08,16.05,16.07,325
2026-04-01 05:20:00,16.08,16.08,16.08,16.08,322
2026-04-01 05:50:00,16.04,16.05,16.04,16.05,1360
2026-04-01 05:55:00,16.05,16.05,16.05,16.05,960
2026-04-01 06:00:00,16.07,16.07,16.05,16.05,600
2026-04-01 06:10:00,16.01,16.01,15.9,15.9,4208
2026-04-01 06:45:00,16.03,16.04,16.03,16.04,240
2026-04-01 06:50:00,15.95,15.95,15.95,15.95,126
2026-04-01 07:00:00,16.06,16.09,15.95,16.0,9838
2026-04-01 07:05:00,15.957,16.0,15.94,15.99,28671
2026-04-01 07:10:00,15.94,16.02,15.94,16.0,1198
2026-04-01 07:15:00,15.96,16.0,15.96,15.99,9053
2026-04-01 07:20:00,15.99,16.0095,15.97,15.97,5360
2026-04-01 07:25:00,15.9605,15.98,15.96,15.98,4188
2026-04-01 07:30:00,15.96,15.98,15.96,15.9699,8700
2026-04-01 07:35:00,15.96,16.0658,15.96,15.96,2600
2026-04-01 07:40:00,16.0549,16.0549,15.96,15.97,1428
2026-04-01 07:45:00,16.0,16.0,15.86,15.9,13642
2026-04-01 07:50:00,15.9,15.9099,15.86,15.9061,5586
2026-04-01 07:55:00,15.88,15.91,15.86,15.91,1574
2026-04-01 08:00:00,15.9,15.9,15.86,15.8609,4560
2026-04-01 08:05:00,15.88,15.899,15.8787,15.89,7171
2026-04-01 08:10:00,15.8999,15.9,15.87,15.89,1837
2026-04-01 08:15:00,15.9,15.95,15.9,15.91,2430
2026-04-01 08:20:00,15.9,15.94,15.9,15.9397,8100
2026-04-01 08:25:00,15.94,16.06,15.94,16.06,11780
2026-04-01 08:30:00,16.01,16.02,16.01,16.02,1000
2026-04-01 08:35:00,15.9827,16.06,15.98,16.05,948
2026-04-01 08:40:00,16.05,16.0899,15.87,15.91,36112
2026-04-01 08:45:00,15.8782,16.09,15.8782,16.09,4593
2026-04-01 08:50:00,16.08,16.11,16.0,16.09,11279
2026-04-01 08:55:00,16.08,16.1091,16.08,16.1091,2100
2026-04-01 09:00:00,16.09,16.1016,16.09,16.1016,999
2026-04-01 09:05:00,16.11,16.14,16.11,16.14,3848
2026-04-01 09:10:00,16.15,16.15,16.07,16.1093,3541
2026-04-01 09:15:00,16.12,16.12,16.1,16.1135,4000
2026-04-01 09:20:00,16.12,16.12,16.08,16.08,1303
2026-04-01 09:25:00,16.07,16.1,15.84,15.95,30994
2026-04-01 09:30:00,15.94,15.94,14.84,15.2,1606895
2026-04-01 09:35:00,15.2,15.41,15.1414,15.28,685490
2026-04-01 09:40:00,15.27,15.56,15.09,15.54,550188
2026-04-01 09:45:00,15.53,15.815,15.5292,15.785,451549
2026-04-01 09:50:00,15.7801,15.79,15.385,15.415,273640
2026-04-01 09:55:00,15.41,15.42,15.155,15.3638,507674
2026-04-01 10:00:00,15.34,15.625,15.34,15.6,491554
2026-04-01 10:05:00,15.6,15.78,15.55,15.73,321765
2026-04-01 10:10:00,15.74,15.94,15.68,15.92,323549
2026-04-01 10:15:00,15.925,15.925,15.67,15.685,226851
2026-04-01 10:20:00,15.66,15.7,15.5799,15.62,136309
2026-04-01 10:25:00,15.62,15.62,15.5,15.545,158769
2026-04-01 10:30:00,15.54,15.59,15.4389,15.58,163272
2026-04-01 10:35:00,15.57,15.66,15.43,15.475,247140
2026-04-01 10:40:00,15.48,15.6099,15.455,15.58,168611
2026-04-01 10:45:00,15.57,15.745,15.56,15.64,126517
2026-04-01 10:50:00,15.65,15.705,15.57,15.62,132122
2026-04-01 10:55:00,15.63,15.745,15.58,15.64,93606
2026-04-01 11:00:00,15.64,15.645,15.53,15.59,51118
2026-04-01 11:05:00,15.59,15.62,15.53,15.545,79727
2026-04-01 11:10:00,15.545,15.62,15.525,15.61,35707
2026-04-01 11:15:00,15.61,15.7,15.6,15.6,83638
2026-04-01 11:20:00,15.59,15.712,15.59,15.69,69591
2026-04-01 11:25:00,15.695,15.805,15.665,15.79,100187
2026-04-01 11:30:00,15.79,15.82,15.585,15.59,91333
2026-04-01 11:35:00,15.59,15.6204,15.54,15.575,39657
2026-04-01 11:40:00,15.575,15.675,15.57,15.665,58706
2026-04-01 11:45:00,15.66,15.71,15.63,15.63,37351
2026-04-01 11:50:00,15.635,15.65,15.55,15.595,65630
2026-04-01 11:55:00,15.595,15.635,15.545,15.565,61239
2026-04-01 12:00:00,15.57,15.605,15.545,15.55,23818
2026-04-01 12:05:00,15.545,15.6,15.5,15.56,35591
2026-04-01 12:10:00,15.56,15.75,15.56,15.745,58826
2026-04-01 12:15:00,15.74,15.755,15.68,15.695,49332
2026-04-01 12:20:00,15.7,15.805,15.7,15.805,34942
2026-04-01 12:25:00,15.82,15.8493,15.7701,15.83,91536
2026-04-01 12:30:00,15.825,15.86,15.7223,15.7223,59570
2026-04-01 12:35:00,15.725,15.7599,15.7,15.755,86852
2026-04-01 12:40:00,15.79,15.8097,15.7001,15.7001,46465
2026-04-01 12:45:00,15.705,15.71,15.67,15.69,21352
2026-04-01 12:50:00,15.68,15.68,15.595,15.61,73748
2026-04-01 12:55:00,15.61,15.6199,15.525,15.565,31782
2026-04-01 13:00:00,15.57,15.575,15.47,15.48,50288
2026-04-01 13:05:00,15.48,15.55,15.455,15.5366,31747
2026-04-01 13:10:00,15.54,15.649,15.54,15.645,54872
2026-04-01 13:15:00,15.6376,15.65,15.59,15.605,32068
2026-04-01 13:20:00,15.59,15.6674,15.58,15.6,58331
2026-04-01 13:25:00,15.61,15.68,15.605,15.68,19679
2026-04-01 13:30:00,15.69,15.765,15.665,15.76,30539
2026-04-01 13:35:00,15.765,15.79,15.715,15.725,27301
2026-04-01 13:40:00,15.73,15.78,15.69,15.765,33733
2026-04-01 13:45:00,15.75,15.78,15.7232,15.745,24314
2026-04-01 13:50:00,15.73,15.77,15.685,15.69,26487
2026-04-01 13:55:00,15.68,15.82,15.67,15.81,38299
2026-04-01 14:00:00,15.82,15.97,15.795,15.9104,109005
2026-04-01 14:05:00,15.915,15.915,15.84,15.88,81145
2026-04-01 14:10:00,15.895,15.98,15.86,15.895,105282
2026-04-01 14:15:00,15.93,16.0301,15.92,15.96,89959
2026-04-01 14:20:00,15.955,16.08,15.93,16.07,91143
2026-04-01 14:25:00,16.045,16.08,15.97,16.01,74764
2026-04-01 14:30:00,16.0,16.135,15.99,16.095,75520
2026-04-01 14:35:00,16.115,16.17,15.97,15.9801,267762
2026-04-01 14:40:00,15.98,16.075,15.895,16.055,67051
2026-04-01 14:45:00,16.045,16.098,16.04,16.065,31873
2026-04-01 14:50:00,16.06,16.085,16.0,16.0,38627
2026-04-01 14:55:00,16.005,16.06,16.005,16.02,54788
2026-04-01 15:00:00,16.02,16.05,15.94,15.98,65114
2026-04-01 15:05:00,15.975,15.98,15.9,15.925,37304
2026-04-01 15:10:00,15.93,16.04,15.93,15.96,64156
2026-04-01 15:15:00,15.96,16.01,15.925,15.935,67551
2026-04-01 15:20:00,15.94,15.995,15.91,15.935,35262
2026-04-01 15:25:00,15.925,15.925,15.82,15.83,46675
2026-04-01 15:30:00,15.83,15.94,15.83,15.92,46434
2026-04-01 15:35:00,15.925,16.015,15.86,15.89,68444
2026-04-01 15:40:00,15.895,15.9201,15.825,15.9,81080
2026-04-01 15:45:00,15.92,15.9776,15.91,15.95,49359
2026-04-01 15:50:00,15.945,16.03,15.945,15.97,161838
2026-04-01 15:55:00,15.98,15.99,15.92,15.99,163248
2026-04-01 16:00:00,15.96,16.05,15.96,16.05,14079
2026-04-01 16:05:00,16.0368,16.0368,15.99,16.001,2345
2026-04-01 16:10:00,16.0065,16.0497,15.9604,15.99,6700
2026-04-01 16:15:00,16.0429,16.05,16.0,16.04,895
2026-04-01 16:25:00,16.03,16.05,16.03,16.05,3713
2026-04-01 16:40:00,16.0512,16.0512,16.0503,16.0503,484
2026-04-01 16:50:00,16.05,16.07,16.0,16.0,10937
2026-04-01 16:55:00,15.9769,15.9769,15.9769,15.9769,3000
2026-04-01 17:00:00,16.0,16.0052,16.0,16.0052,643
2026-04-01 17:05:00,16.0174,16.0174,16.001,16.001,2192
2026-04-01 17:15:00,16.0394,16.0396,16.0393,16.0393,1100
2026-04-01 17:20:00,16.0052,16.04,16.0052,16.0052,710
2026-04-01 17:25:00,16.001,16.001,16.001,16.001,150
2026-04-01 17:35:00,16.0,16.0,16.0,16.0,100
2026-04-01 17:50:00,16.01,16.01,16.01,16.01,593
2026-04-01 18:00:00,16.047,16.0586,16.047,16.0586,1750
2026-04-01 18:05:00,16.0522,16.06,16.0522,16.06,286
2026-04-01 18:10:00,16.02,16.02,16.02,16.02,120
2026-04-01 18:15:00,16.0165,16.02,16.0165,16.02,300
2026-04-01 18:20:00,16.03,16.06,16.03,16.06,250
2026-04-01 18:25:00,16.02,16.05,16.02,16.05,250
2026-04-01 18:30:00,16.0763,16.0763,16.0403,16.0403,200
2026-04-01 18:45:00,16.07,16.0826,16.06,16.0826,1300
2026-04-01 19:00:00,16.0211,16.0211,16.0211,16.0211,269
2026-04-01 19:05:00,16.06,16.06,16.02,16.02,1150
2026-04-01 19:15:00,16.0486,16.0486,16.0479,16.0479,300
2026-04-01 19:25:00,16.05,16.05,16.0,16.0,859
2026-04-01 19:30:00,16.0,16.01,16.0,16.01,600
2026-04-01 19:55:00,16.04,16.0493,16.04,16.0493,21209
2026-04-02 04:00:00,16.74,16.9,16.73,16.89,5682
2026-04-02 04:05:00,16.61,16.66,16.61,16.66,550
2026-04-02 04:10:00,16.61,16.61,16.61,16.61,882
2026-04-02 04:30:00,16.89,16.89,16.89,16.89,788
2026-04-02 04:35:00,16.7,16.78,16.7,16.78,419
2026-04-02 04:45:00,16.71,16.71,16.7,16.7,753
2026-04-02 05:10:00,16.7948,16.8,16.76,16.76,500
2026-04-02 05:30:00,16.74,16.77,16.74,16.75,5138
2026-04-02 05:50:00,16.7,16.8539,16.68,16.8539,700
2026-04-02 06:00:00,16.71,16.71,16.66,16.66,700
2026-04-02 06:05:00,16.67,16.67,16.67,16.67,100
2026-04-02 06:10:00,16.79,16.85,16.79,16.85,275
2026-04-02 06:15:00,16.76,16.76,16.76,16.76,125
2026-04-02 06:20:00,16.82,16.82,16.82,16.82,112
2026-04-02 06:25:00,16.83,16.83,16.83,16.83,250
2026-04-02 06:30:00,16.8,16.8,16.8,16.8,100
2026-04-02 06:35:00,16.78,16.78,16.78,16.78,355
2026-04-02 06:40:00,16.83,16.83,16.83,16.83,500
2026-04-02 06:50:00,16.86,16.86,16.86,16.86,140
2026-04-02 06:55:00,16.85,16.85,16.85,16.85,500
2026-04-02 07:00:00,16.72,16.86,16.67,16.75,4519
2026-04-02 07:05:00,16.72,16.73,16.7,16.73,1169
2026-04-02 07:10:00,16.77,16.8,16.77,16.77,3086
2026-04-02 07:15:00,16.77,16.86,16.77,16.8461,5002
2026-04-02 07:20:00,16.71,16.8,16.7004,16.75,1126
2026-04-02 07:25:00,16.8,16.81,16.8,16.8,1202
2026-04-02 07:30:00,16.85,16.87,16.8,16.82,7594
2026-04-02 07:35:00,16.81,16.84,16.8,16.84,1459
2026-04-02 07:40:00,16.85,16.93,16.82,16.93,166850
2026-04-02 07:45:00,16.95,16.98,16.95,16.97,36120
2026-04-02 07:50:00,16.97,16.99,16.91,16.91,13822
2026-04-02 07:55:00,16.9,16.96,16.9,16.96,549
2026-04-02 08:00:00,16.9759,16.9761,16.9365,16.9365,13112
2026-04-02 08:05:00,16.93,16.96,16.92,16.96,11472
2026-04-02 08:10:00,16.9699,16.9699,16.92,16.92,20035
2026-04-02 08:15:00,16.95,16.9501,16.925,16.95,3613
2026-04-02 08:20:00,16.93,16.94,16.92,16.92,16564
2026-04-02 08:25:00,16.91,16.91,16.9,16.9025,4546
2026-04-02 08:30:00,16.9,16.9435,16.89,16.905,6848
2026-04-02 08:35:00,16.9,16.9,16.9,16.9,1300
2026-04-02 08:40:00,16.92,16.92,16.855,16.88,5090
2026-04-02 08:45:00,16.9,16.9,16.9,16.9,1700
2026-04-02 08:50:00,16.8803,16.9,16.8803,16.881,1400
2026-04-02 08:55:00,16.9,16.9,16.81,16.82,1910
2026-04-02 09:00:00,16.83,16.93,16.83,16.84,3474
2026-04-02 09:05:00,16.86,16.92,16.84,16.88,5571
2026-04-02 09:10:00,16.87,16.9148,16.87,16.91,1635
2026-04-02 09:15:00,16.9,16.9,16.9,16.9,937
2026-04-02 09:20:00,16.9005,16.92,16.9,16.9,3063
2026-04-02 09:25:00,16.85,17.0,16.849,17.0,33152
2026-04-02 09:30:00,16.94,17.1,16.7,16.7,315548
2026-04-02 09:35:00,16.7,16.72,16.48,16.59,233196
2026-04-02 09:40:00,16.61,16.61,16.395,16.52,194053
2026-04-02 09:45:00,16.515,16.625,16.405,16.615,357028
2026-04-02 09:50:00,16.615,16.65,16.48,16.5,236906
2026-04-02 09:55:00,16.5,16.515,16.37,16.38,173850
2026-04-02 10:00:00,16.37,16.4715,16.33,16.36,153411
2026-04-02 10:05:00,16.365,16.39,16.26,16.29,130621
2026-04-02 10:10:00,16.285,16.365,16.235,16.35,280631
2026-04-02 10:15:00,16.34,16.36,16.225,16.295,273029
2026-04-02 10:20:00,16.3,16.3,16.175,16.225,156221
2026-04-02 10:25:00,16.225,16.305,16.195,16.29,206082
2026-04-02 10:30:00,16.3,16.31,16.04,16.055,125991
2026-04-02 10:35:00,16.05,16.05,15.465,15.505,701775
2026-04-02 10:40:00,15.51,15.67,15.48,15.505,277504
2026-04-02 10:45:00,15.52,15.765,15.5,15.76,236883
2026-04-02 10:50:00,15.76,15.85,15.7,15.75,247571
2026-04-02 10:55:00,15.765,15.765,15.6303,15.7,88140
2026-04-02 11:00:00,15.71,15.97,15.695,15.875,176000
2026-04-02 11:05:00,15.89,16.02,15.85,15.925,155826
2026-04-02 11:10:00,15.93,15.94,15.85,15.86,99997
2026-04-02 11:15:00,15.86,16.0,15.86,15.94,125909
2026-04-02 11:20:00,15.935,16.16,15.935,16.125,173040
2026-04-02 11:25:00,16.12,16.18,15.9283,15.96,78644
2026-04-02 11:30:00,15.965,16.065,15.945,15.985,84730
2026-04-02 11:35:00,15.985,16.07,15.965,16.06,71249
2026-04-02 11:40:00,16.05,16.17,16.01,16.055,137967
2026-04-02 11:45:00,16.055,16.178,16.055,16.175,97453
2026-04-02 11:50:00,16.17,16.23,16.04,16.055,135819
2026-04-02 11:55:00,16.06,16.14,16.03,16.1,60393
2026-04-02 12:00:00,16.1,16.13,15.97,16.13,95716
2026-04-02 12:05:00,16.13,16.27,16.13,16.18,139256
2026-04-02 12:10:00,16.17,16.22,16.14,16.155,79365
2026-04-02 12:15:00,16.175,16.25,16.155,16.24,77081
2026-04-02 12:20:00,16.245,16.255,16.135,16.2,124389
2026-04-02 12:25:00,16.21,16.24,16.12,16.165,90442
2026-04-02 12:30:00,16.17,16.17,16.06,16.135,109072
2026-04-02 12:35:00,16.135,16.22,16.12,16.15,95834
2026-04-02 12:40:00,16.15,16.15,16.01,16.07,198801
2026-04-02 12:45:00,16.08,16.135,16.04,16.12,64837
2026-04-02 12:50:00,16.115,16.16,16.095,16.12,96038
2026-04-02 12:55:00,16.135,16.185,16.1,16.185,56657
2026-04-02 13:00:00,16.18,16.25,16.135,16.14,110793
2026-04-02 13:05:00,16.15,16.3,16.13,16.28,70493
2026-04-02 13:10:00,16.28,16.32,16.26,16.29,78613
2026-04-02 13:15:00,16.28,16.335,16.25,16.29,117674
2026-04-02 13:20:00,16.295,16.295,16.24,16.255,29624
2026-04-02 13:25:00,16.26,16.295,16.24,16.29,64421
2026-04-02 13:30:00,16.275,16.3477,16.27,16.285,54232
2026-04-02 13:35:00,16.295,16.33,16.235,16.235,42487
2026-04-02 13:40:00,16.235,16.26,16.205,16.24,35587
2026-04-02 13:45:00,16.23,16.365,16.23,16.35,81794
2026-04-02 13:50:00,16.355,16.355,16.23,16.23,86888
2026-04-02 13:55:00,16.23,16.265,16.2,16.21,31776
2026-04-02 14:00:00,16.2,16.2,16.08,16.08,22103
2026-04-02 14:05:00,16.095,16.105,16.06,16.095,20707
2026-04-02 14:10:00,16.1,16.1,16.03,16.09,27572
2026-04-02 14:15:00,16.08,16.11,16.04,16.08,71005
2026-04-02 14:20:00,16.075,16.08,16.03,16.07,37084
2026-04-02 14:25:00,16.075,16.155,16.075,16.15,73421
2026-04-02 14:30:00,16.15,16.16,16.055,16.065,68923
2026-04-02 14:35:00,16.07,16.095,16.0502,16.09,39321
2026-04-02 14:40:00,16.06,16.06,15.99,15.99,111809
2026-04-02 14:45:00,15.99,15.995,15.92,15.96,60370
2026-04-02 14:50:00,15.97,16.01,15.915,15.945,33736
2026-04-02 14:55:00,15.94,16.005,15.94,15.97,56788
2026-04-02 15:00:00,15.96,15.96,15.85,15.88,121347
2026-04-02 15:05:00,15.875,15.875,15.81,15.85,56647
2026-04-02 15:10:00,15.845,15.93,15.845,15.91,68904
2026-04-02 15:15:00,15.91,15.97,15.91,15.935,40691
2026-04-02 15:20:00,15.93,15.95,15.91,15.9499,66804
2026-04-02 15:25:00,15.95,15.99,15.93,15.95,97302
2026-04-02 15:30:00,15.95,15.96,15.92,15.945,93208
2026-04-02 15:35:00,15.945,15.98,15.9008,15.935,82138
2026-04-02 15:40:00,15.935,15.985,15.92,15.965,90679
2026-04-02 15:45:00,15.965,16.01,15.94,15.94,124627
2026-04-02 15:50:00,15.94,15.94,15.84,15.8598,243816
2026-04-02 15:55:00,15.85,15.85,15.785,15.82,225746
2026-04-02 16:00:00,15.8,15.87,15.7701,15.85,12308
2026-04-02 16:05:00,15.89,15.9,15.82,15.9,6140
2026-04-02 16:10:00,15.8407,15.843,15.8407,15.843,1500
2026-04-02 16:15:00,15.8429,15.92,15.8429,15.92,10235
2026-04-02 16:20:00,15.92,15.92,15.92,15.92,100
2026-04-02 16:35:00,15.91,15.94,15.821,15.87,1557
2026-04-02 16:45:00,15.86,15.86,15.85,15.86,1200
2026-04-02 16:50:00,15.85,15.85,15.85,15.85,300
2026-04-02 17:00:00,15.84,15.84,15.84,15.84,100
2026-04-02 17:05:00,15.85,15.85,15.83,15.84,2024
2026-04-02 17:10:00,15.84,15.84,15.8,15.8,4318
2026-04-02 17:15:00,15.9,15.9,15.9,15.9,100
2026-04-02 17:20:00,15.89,15.89,15.89,15.89,342
2026-04-02 17:35:00,15.93,15.93,15.9221,15.9221,300
2026-04-02 17:50:00,15.9,15.91,15.9,15.91,525
2026-04-02 17:55:00,15.89,15.89,15.89,15.89,100
2026-04-02 18:05:00,15.87,15.87,15.87,15.87,3807
2026-04-02 18:15:00,15.86,15.86,15.84,15.84,450
2026-04-02 18:30:00,15.89,15.89,15.89,15.89,100
2026-04-02 18:35:00,15.92,15.92,15.92,15.92,350
2026-04-02 19:15:00,15.9,15.91,15.9,15.91,487
2026-04-02 19:25:00,15.91,15.92,15.91,15.92,507
2026-04-02 19:30:00,15.87,15.87,15.86,15.86,240
2026-04-02 19:50:00,15.9,15.9,15.9,15.9,200
2026-04-02 19:55:00,15.87,15.9135,15.87,15.87,358
