2026-03-04 04:15:00,56.67,56.67,56.67,56.67,500
2026-03-04 05:05:00,56.84,56.84,56.84,56.84,179
2026-03-04 06:40:00,57.13,57.14,57.13,57.13,499
2026-03-04 06:45:00,57.16,57.16,57.16,57.16,320
2026-03-04 08:00:00,56.21,56.65,56.2,56.65,1746
2026-03-04 09:25:00,57.08,57.08,57.03,57.05,6975
2026-03-04 09:30:00,57.0,57.04,56.8607,56.935,223674
2026-03-04 09:35:00,56.94,56.94,56.77,56.82,93474
2026-03-04 09:40:00,56.82,56.83,56.73,56.79,25640
2026-03-04 09:45:00,56.77,56.84,56.686,56.775,72647
2026-03-04 09:50:00,56.77,56.81,56.685,56.775,35181
2026-03-04 09:55:00,56.78,56.78,56.7,56.76,28481
2026-03-04 10:00:00,56.77,56.85,56.735,56.755,54535
2026-03-04 10:05:00,56.77,56.82,56.72,56.81,33394
2026-03-04 10:10:00,56.79,56.805,56.66,56.68,59817
2026-03-04 10:15:00,56.69,56.89,56.69,56.89,43711
2026-03-04 10:20:00,56.89,57.0,56.875,56.965,197811
2026-03-04 10:25:00,56.96,57.046,56.94,57.04,36859
2026-03-04 10:30:00,57.04,57.045,57.01,57.015,23730
2026-03-04 10:35:00,57.01,57.03,56.96,56.96,55820
2026-03-04 10:40:00,56.96,56.96,56.84,56.84,26656
2026-03-04 10:45:00,56.85,56.88,56.755,56.87,107605
2026-03-04 10:50:00,56.87,56.98,56.86,56.98,36893
2026-03-04 10:55:00,56.975,57.02,56.975,57.0,36355
2026-03-04 11:00:00,57.01,57.04,57.0033,57.0033,17369
2026-03-04 11:05:00,57.005,57.005,56.955,56.99,23466
2026-03-04 11:10:00,56.995,56.995,56.885,56.9,21079
2026-03-04 11:15:00,56.9,56.94,56.87,56.88,24590
2026-03-04 11:20:00,56.88,56.895,56.815,56.825,27101
2026-03-04 11:25:00,56.82,56.89,56.82,56.84,38991
2026-03-04 11:30:00,56.835,56.905,56.83,56.895,32007
2026-03-04 11:35:00,56.885,56.91,56.86,56.865,33949
2026-03-04 11:40:00,56.865,56.94,56.86,56.925,21265
2026-03-04 11:45:00,56.925,56.97,56.915,56.96,45980
2026-03-04 11:50:00,56.955,57.015,56.9415,57.015,25094
2026-03-04 11:55:00,57.02,57.02,56.975,56.99,14700
2026-03-04 12:00:00,57.0,57.05,56.995,57.03,14420
2026-03-04 12:05:00,57.04,57.05,57.005,57.0194,11310
2026-03-04 12:10:00,57.01,57.0586,57.005,57.03,10726
2026-03-04 12:15:00,57.035,57.0607,57.03,57.055,18591
2026-03-04 12:20:00,57.055,57.06,57.0,57.02,17838
2026-03-04 12:25:00,57.04,57.06,57.005,57.005,16744
2026-03-04 12:30:00,57.01,57.03,56.97,57.02,16503
2026-03-04 12:35:00,57.02,57.06,57.015,57.06,8782
2026-03-04 12:40:00,57.0512,57.07,57.0206,57.03,11332
2026-03-04 12:45:00,57.04,57.075,57.04,57.065,69936
2026-03-04 12:50:00,57.06,57.0801,57.03,57.08,32209
2026-03-04 12:55:00,57.07,57.085,57.055,57.07,22825
2026-03-04 13:00:00,57.07,57.08,57.045,57.045,10375
2026-03-04 13:05:00,57.04,57.095,57.04,57.085,15887
2026-03-04 13:10:00,57.08,57.08,57.05,57.0606,9827
2026-03-04 13:15:00,57.06,57.06,57.04,57.04,10137
2026-03-04 13:20:00,57.04,57.04,56.995,57.02,12596
2026-03-04 13:25:00,57.01,57.055,57.01,57.0506,18023
2026-03-04 13:30:00,57.06,57.075,57.0401,57.05,7388
2026-03-04 13:35:00,57.05,57.07,57.045,57.045,13834
2026-03-04 13:40:00,57.05,57.11,57.05,57.085,9672
2026-03-04 13:45:00,57.09,57.1167,57.08,57.1167,11602
2026-03-04 13:50:00,57.12,57.13,57.085,57.085,11286
2026-03-04 13:55:00,57.08,57.085,57.05,57.085,14175
2026-03-04 14:00:00,57.09,57.12,57.085,57.115,11123
2026-03-04 14:05:00,57.11,57.185,57.105,57.165,19563
2026-03-04 14:10:00,57.17,57.18,57.15,57.175,28684
2026-03-04 14:15:00,57.18,57.185,57.17,57.17,9644
2026-03-04 14:20:00,57.17,57.17,57.14,57.14,13197
2026-03-04 14:25:00,57.145,57.16,57.145,57.155,13049
2026-03-04 14:30:00,57.155,57.22,57.155,57.215,17722
2026-03-04 14:35:00,57.22,57.24,57.22,57.23,18585
2026-03-04 14:40:00,57.225,57.23,57.16,57.17,20916
2026-03-04 14:45:00,57.17,57.185,57.155,57.175,12773
2026-03-04 14:50:00,57.175,57.175,57.125,57.155,16054
2026-03-04 14:55:00,57.15,57.1659,57.14,57.16,30597
2026-03-04 15:00:00,57.16,57.23,57.15,57.23,50154
2026-03-04 15:05:00,57.23,57.23,57.185,57.185,10592
2026-03-04 15:10:00,57.18,57.185,57.16,57.165,16330
2026-03-04 15:15:00,57.16,57.185,57.15,57.18,30969
2026-03-04 15:20:00,57.18,57.205,57.16,57.205,233687
2026-03-04 15:25:00,57.205,57.23,57.2,57.21,74443
2026-03-04 15:30:00,57.21,57.235,57.2,57.205,25488
2026-03-04 15:35:00,57.205,57.22,57.19,57.2,18311
2026-03-04 15:40:00,57.195,57.2,57.175,57.175,24143
2026-03-04 15:45:00,57.175,57.2,57.151,57.155,15504
2026-03-04 15:50:00,57.15,57.15,57.1,57.115,70895
2026-03-04 15:55:00,57.11,57.14,57.09,57.14,178511
2026-03-04 16:00:00,57.13,57.13,57.1,57.1,73012
2026-03-04 16:20:00,57.33,57.33,57.33,57.33,500
2026-03-04 17:00:00,57.01,57.01,57.01,57.01,170
2026-03-05 04:05:00,56.28,56.28,56.28,56.28,354
2026-03-05 04:55:00,56.42,56.42,56.42,56.42,100
2026-03-05 05:00:00,56.49,56.52,56.49,56.52,280
2026-03-05 05:45:00,56.51,56.51,56.51,56.51,700
2026-03-05 07:50:00,56.51,56.51,56.51,56.51,300
2026-03-05 08:00:00,56.5239,56.67,56.28,56.28,1014
2026-03-05 08:05:00,56.47,56.74,56.27,56.74,443
2026-03-05 08:25:00,56.38,56.38,56.38,56.38,100
2026-03-05 08:40:00,56.293,56.293,56.293,56.293,300
2026-03-05 08:55:00,56.28,56.28,56.28,56.28,100
2026-03-05 09:00:00,56.25,56.25,56.25,56.25,100
2026-03-05 09:30:00,56.18,56.335,56.09,56.33,142297
2026-03-05 09:35:00,56.33,56.4016,56.26,56.33,84613
2026-03-05 09:40:00,56.31,56.38,56.28,56.33,56232
2026-03-05 09:45:00,56.34,56.37,56.25,56.31,44260
2026-03-05 09:50:00,56.32,56.44,56.31,56.44,40200
2026-03-05 09:55:00,56.46,56.54,56.42,56.51,27942
2026-03-05 10:00:00,56.5199,56.565,56.445,56.45,48895
2026-03-05 10:05:00,56.45,56.48,56.355,56.37,51777
2026-03-05 10:10:00,56.36,56.41,56.34,56.41,40133
2026-03-05 10:15:00,56.405,56.42,56.27,56.29,37328
2026-03-05 10:20:00,56.27,56.29,56.17,56.17,35904
2026-03-05 10:25:00,56.17,56.17,56.11,56.13,35725
2026-03-05 10:30:00,56.145,56.16,56.04,56.1,46876
2026-03-05 10:35:00,56.105,56.14,56.06,56.12,53479
2026-03-05 10:40:00,56.115,56.16,56.055,56.07,43479
2026-03-05 10:45:00,56.075,56.13,56.05,56.055,44186
2026-03-05 10:50:00,56.06,56.14,56.06,56.1261,31147
2026-03-05 10:55:00,56.12,56.12,56.03,56.11,34492
2026-03-05 11:00:00,56.12,56.16,56.065,56.08,35361
2026-03-05 11:05:00,56.065,56.08,55.95,55.95,49749
2026-03-05 11:10:00,55.945,56.015,55.92,55.98,52738
2026-03-05 11:15:00,55.98,56.02,55.91,55.92,33092
2026-03-05 11:20:00,55.92,55.98,55.905,55.93,32198
2026-03-05 11:25:00,55.92,56.02,55.91,55.985,27100
2026-03-05 11:30:00,55.99,56.06,55.96,55.995,380455
2026-03-05 11:35:00,55.99,56.08,55.975,56.07,177235
2026-03-05 11:40:00,56.08,56.11,56.015,56.06,157342
2026-03-05 11:45:00,56.06,56.105,56.06,56.09,38801
2026-03-05 11:50:00,56.1,56.115,56.05,56.11,48404
2026-03-05 11:55:00,56.13,56.145,56.115,56.135,36995
2026-03-05 12:00:00,56.135,56.18,56.105,56.18,89683
2026-03-05 12:05:00,56.185,56.185,56.08,56.085,263506
2026-03-05 12:10:00,56.085,56.12,56.03,56.085,82390
2026-03-05 12:15:00,56.085,56.09,56.03,56.04,78669
2026-03-05 12:20:00,56.05,56.075,56.02,56.06,42018
2026-03-05 12:25:00,56.06,56.1,56.035,56.07,33279
2026-03-05 12:30:00,56.06,56.075,55.9706,55.9706,35201
2026-03-05 12:35:00,55.97,56.015,55.925,55.97,141963
2026-03-05 12:40:00,55.975,56.02,55.915,55.935,375655
2026-03-05 12:45:00,55.94,55.945,55.875,55.92,71978
2026-03-05 12:50:00,55.93,56.03,55.91,55.98,52139
2026-03-05 12:55:00,55.975,56.02,55.97,56.0,45210
2026-03-05 13:00:00,56.0,56.02,55.97,56.01,54757
2026-03-05 13:05:00,56.0,56.07,55.995,56.065,55863
2026-03-05 13:10:00,56.06,56.07,56.025,56.035,32195
2026-03-05 13:15:00,56.035,56.05,55.905,55.905,113368
2026-03-05 13:20:00,55.91,55.98,55.91,55.9294,45206
2026-03-05 13:25:00,55.92,55.925,55.855,55.88,61530
2026-03-05 13:30:00,55.88,55.915,55.825,55.85,103267
2026-03-05 13:35:00,55.85,55.9,55.845,55.885,99570
2026-03-05 13:40:00,55.885,55.995,55.875,55.965,236214
2026-03-05 13:45:00,55.965,55.97,55.915,55.94,174914
2026-03-05 13:50:00,55.935,55.94,55.88,55.885,170898
2026-03-05 13:55:00,55.885,55.945,55.885,55.915,143347
2026-03-05 14:00:00,55.915,56.005,55.91,55.99,51883
2026-03-05 14:05:00,55.985,56.015,55.965,55.97,368916
2026-03-05 14:10:00,55.975,56.005,55.955,56.0,57831
2026-03-05 14:15:00,56.005,56.005,55.95,56.0,45753
2026-03-05 14:20:00,56.01,56.03,55.995,56.02,23323
2026-03-05 14:25:00,56.01,56.01,55.92,55.94,29315
2026-03-05 14:30:00,55.935,55.935,55.875,55.91,46501
2026-03-05 14:35:00,55.9,55.905,55.86,55.89,20160
2026-03-05 14:40:00,55.89,55.95,55.89,55.92,19051
2026-03-05 14:45:00,55.93,55.93,55.9,55.925,10739
2026-03-05 14:50:00,55.925,55.945,55.885,55.885,24382
2026-03-05 14:55:00,55.88,55.9,55.8641,55.865,171037
2026-03-05 15:00:00,55.865,55.945,55.825,55.94,183121
2026-03-05 15:05:00,55.935,55.97,55.88,55.92,84993
2026-03-05 15:10:00,55.92,55.96,55.87,55.92,25733
2026-03-05 15:15:00,55.93,56.02,55.93,56.0,42881
2026-03-05 15:20:00,56.0,56.125,55.99,56.125,67180
2026-03-05 15:25:00,56.125,56.22,56.085,56.09,43495
2026-03-05 15:30:00,56.09,56.0997,56.02,56.08,68544
2026-03-05 15:35:00,56.085,56.15,56.085,56.1,165827
2026-03-05 15:40:00,56.1,56.125,56.08,56.12,286590
2026-03-05 15:45:00,56.12,56.19,56.11,56.185,59739
2026-03-05 15:50:00,56.19,56.225,56.145,56.19,113674
2026-03-05 15:55:00,56.195,56.235,56.16,56.195,238190
2026-03-05 16:00:00,56.18,56.18,56.034,56.034,1463414
2026-03-05 16:05:00,55.58,55.58,55.58,55.58,116
2026-03-06 08:00:00,57.33,57.33,57.3,57.3,336
2026-03-06 08:25:00,56.76,56.76,56.76,56.76,500
2026-03-06 08:50:00,56.36,56.36,56.35,56.35,600
2026-03-06 09:15:00,56.34,56.4994,56.31,56.31,3598
2026-03-06 09:25:00,56.44,56.48,56.41,56.41,1622
2026-03-06 09:30:00,56.4,56.49,56.32,56.38,77934
2026-03-06 09:35:00,56.3814,56.42,56.21,56.36,96652
2026-03-06 09:40:00,56.36,56.46,56.29,56.43,65313
2026-03-06 09:45:00,56.43,56.51,56.35,56.41,53680
2026-03-06 09:50:00,56.41,56.55,56.38,56.43,85691
2026-03-06 09:55:00,56.44,56.45,56.355,56.44,219617
2026-03-06 10:00:00,56.43,56.64,56.43,56.59,91152
2026-03-06 10:05:00,56.6,56.625,56.435,56.45,50890
2026-03-06 10:10:00,56.45,56.7101,56.445,56.68,61979
2026-03-06 10:15:00,56.67,56.76,56.63,56.705,449017
2026-03-06 10:20:00,56.71,56.8,56.69,56.78,16675
2026-03-06 10:25:00,56.76,56.77,56.66,56.68,22083
2026-03-06 10:30:00,56.68,56.84,56.68,56.8,35778
2026-03-06 10:35:00,56.81,56.86,56.79,56.8,25472
2026-03-06 10:40:00,56.81,56.82,56.725,56.77,80970
2026-03-06 10:45:00,56.77,56.805,56.7,56.72,103955
2026-03-06 10:50:00,56.72,56.72,56.62,56.705,76479
2026-03-06 10:55:00,56.705,56.85,56.705,56.82,62474
2026-03-06 11:00:00,56.815,56.92,56.81,56.91,28133
2026-03-06 11:05:00,56.9,56.91,56.83,56.86,26481
2026-03-06 11:10:00,56.85,56.85,56.7,56.73,48925
2026-03-06 11:15:00,56.73,56.82,56.72,56.81,17798
2026-03-06 11:20:00,56.84,56.86,56.71,56.79,25074
2026-03-06 11:25:00,56.8,56.805,56.74,56.795,22728
2026-03-06 11:30:00,56.8,56.84,56.77,56.8,22140
2026-03-06 11:35:00,56.8,56.95,56.8,56.93,23197
2026-03-06 11:40:00,56.94,56.945,56.84,56.84,17666
2026-03-06 11:45:00,56.8361,56.9,56.83,56.85,22011
2026-03-06 11:50:00,56.85,56.87,56.78,56.78,14711
2026-03-06 11:55:00,56.78,56.82,56.7373,56.78,22092
2026-03-06 12:00:00,56.78,56.81,56.745,56.79,11039
2026-03-06 12:05:00,56.78,56.78,56.655,56.67,66910
2026-03-06 12:10:00,56.69,56.7,56.66,56.66,31274
2026-03-06 12:15:00,56.67,56.74,56.66,56.74,15060
2026-03-06 12:20:00,56.76,56.79,56.7299,56.735,12262
2026-03-06 12:25:00,56.72,56.745,56.64,56.72,38035
2026-03-06 12:30:00,56.71,56.76,56.71,56.76,19872
2026-03-06 12:35:00,56.76,56.765,56.65,56.65,41406
2026-03-06 12:40:00,56.655,56.6689,56.58,56.615,23893
2026-03-06 12:45:00,56.625,56.67,56.585,56.65,97940
2026-03-06 12:50:00,56.66,56.68,56.61,56.61,16941
2026-03-06 12:55:00,56.62,56.6501,56.59,56.59,6270
2026-03-06 13:00:00,56.575,56.735,56.575,56.7,27314
2026-03-06 13:05:00,56.71,56.8,56.7,56.785,9649
2026-03-06 13:10:00,56.78,56.9,56.76,56.86,19914
2026-03-06 13:15:00,56.86,56.905,56.84,56.89,18111
2026-03-06 13:20:00,56.88,56.89,56.8,56.815,82671
2026-03-06 13:25:00,56.82,56.82,56.7,56.71,157154
2026-03-06 13:30:00,56.7,56.77,56.69,56.77,182286
2026-03-06 13:35:00,56.765,56.78,56.72,56.76,64692
2026-03-06 13:40:00,56.76,56.78,56.735,56.7701,12966
2026-03-06 13:45:00,56.77,56.785,56.7406,56.745,6664
2026-03-06 13:50:00,56.7699,56.7703,56.71,56.72,20284
2026-03-06 13:55:00,56.74,56.8,56.74,56.8,8048
2026-03-06 14:00:00,56.8,56.84,56.785,56.785,23549
2026-03-06 14:05:00,56.78,56.84,56.78,56.84,6216
2026-03-06 14:10:00,56.84,56.93,56.84,56.91,50987
2026-03-06 14:15:00,56.915,56.92,56.875,56.91,26877
2026-03-06 14:20:00,56.885,56.9,56.76,56.76,26810
2026-03-06 14:25:00,56.75,56.8,56.725,56.795,29783
2026-03-06 14:30:00,56.8,56.84,56.8,56.83,11746
2026-03-06 14:35:00,56.825,56.85,56.79,56.8,38692
2026-03-06 14:40:00,56.8,56.885,56.79,56.81,13655
2026-03-06 14:45:00,56.805,56.83,56.78,56.83,17163
2026-03-06 14:50:00,56.835,56.85,56.8,56.85,19038
2026-03-06 14:55:00,56.845,56.88,56.83,56.83,10778
2026-03-06 15:00:00,56.83,56.92,56.83,56.89,25811
2026-03-06 15:05:00,56.9,56.935,56.885,56.915,17375
2026-03-06 15:10:00,56.91,56.91,56.845,56.89,51548
2026-03-06 15:15:00,56.88,56.89,56.835,56.835,51520
2026-03-06 15:20:00,56.815,56.82,56.77,56.78,19297
2026-03-06 15:25:00,56.77,56.78,56.705,56.72,50192
2026-03-06 15:30:00,56.71,56.735,56.66,56.68,28266
2026-03-06 15:35:00,56.67,56.67,56.58,56.64,26286
2026-03-06 15:40:00,56.64,56.73,56.62,56.63,85943
2026-03-06 15:45:00,56.63,56.715,56.61,56.7,42015
2026-03-06 15:50:00,56.71,56.73,56.66,56.73,47922
2026-03-06 15:55:00,56.74,56.77,56.64,56.72,204780
2026-03-06 16:00:00,56.7,57.08,56.69,57.08,65862
2026-03-06 19:40:00,56.0704,56.0704,56.0704,56.0704,150
2026-03-09 04:00:00,56.46,56.78,56.46,56.78,300
2026-03-09 05:15:00,56.81,56.81,56.8,56.8,671
2026-03-09 05:20:00,56.9,56.9,56.9,56.9,1250
2026-03-09 05:35:00,57.05,57.05,57.02,57.02,330
2026-03-09 05:40:00,57.03,57.03,57.03,57.03,360
2026-03-09 05:45:00,57.03,57.03,57.0,57.0,460
2026-03-09 08:00:00,56.27,57.0,56.25,57.0,4917
2026-03-09 08:10:00,56.49,56.49,56.49,56.49,174
2026-03-09 08:30:00,56.8,56.8,56.75,56.78,4820
2026-03-09 08:50:00,56.7,56.7,56.69,56.69,268
2026-03-09 09:10:00,56.74,56.75,56.74,56.75,282
2026-03-09 09:25:00,56.78,56.78,56.64,56.68,19998
2026-03-09 09:30:00,56.74,56.935,56.74,56.89,175873
2026-03-09 09:35:00,56.89,56.89,56.79,56.81,48879
2026-03-09 09:40:00,56.81,56.825,56.72,56.75,44796
2026-03-09 09:45:00,56.75,56.75,56.605,56.61,83066
2026-03-09 09:50:00,56.61,56.62,56.4914,56.545,59857
2026-03-09 09:55:00,56.535,56.65,56.49,56.635,55623
2026-03-09 10:00:00,56.63,56.79,56.62,56.79,34176
2026-03-09 10:05:00,56.79,56.795,56.49,56.56,139224
2026-03-09 10:10:00,56.56,56.59,56.475,56.565,52157
2026-03-09 10:15:00,56.57,56.695,56.57,56.67,70204
2026-03-09 10:20:00,56.665,56.775,56.62,56.735,69361
2026-03-09 10:25:00,56.73,56.75,56.63,56.67,102906
2026-03-09 10:30:00,56.66,56.755,56.66,56.72,55966
2026-03-09 10:35:00,56.71,56.81,56.695,56.79,28665
2026-03-09 10:40:00,56.78,56.86,56.765,56.85,29787
2026-03-09 10:45:00,56.85,56.87,56.81,56.825,55462
2026-03-09 10:50:00,56.825,56.865,56.805,56.85,53845
2026-03-09 10:55:00,56.84,56.85,56.76,56.82,78445
2026-03-09 11:00:00,56.82,56.865,56.8,56.845,47120
2026-03-09 11:05:00,56.84,56.9,56.83,56.86,55331
2026-03-09 11:10:00,56.87,57.03,56.86,57.03,103320
2026-03-09 11:15:00,57.055,57.06,56.965,56.985,138272
2026-03-09 11:20:00,56.98,57.1,56.975,57.095,40167
2026-03-09 11:25:00,57.09,57.145,57.065,57.13,67741
2026-03-09 11:30:00,57.14,57.18,57.07,57.09,71261
2026-03-09 11:35:00,57.09,57.105,57.03,57.08,139056
2026-03-09 11:40:00,57.07,57.11,57.06,57.08,30024
2026-03-09 11:45:00,57.08,57.15,57.08,57.11,28507
2026-03-09 11:50:00,57.1,57.145,57.095,57.145,36851
2026-03-09 11:55:00,57.14,57.195,57.13,57.17,68790
2026-03-09 12:00:00,57.17,57.29,57.16,57.25,429714
2026-03-09 12:05:00,57.245,57.265,57.22,57.245,31873
2026-03-09 12:10:00,57.24,57.305,57.22,57.26,129921
2026-03-09 12:15:00,57.26,57.26,57.205,57.235,53714
2026-03-09 12:20:00,57.24,57.285,57.17,57.285,83578
2026-03-09 12:25:00,57.2897,57.3399,57.27,57.305,38226
2026-03-09 12:30:00,57.305,57.31,57.235,57.29,72303
2026-03-09 12:35:00,57.3,57.31,57.255,57.255,42003
2026-03-09 12:40:00,57.26,57.325,57.26,57.32,57862
2026-03-09 12:45:00,57.33,57.35,57.32,57.335,30666
2026-03-09 12:50:00,57.33,57.36,57.305,57.31,30550
2026-03-09 12:55:00,57.305,57.32,57.265,57.27,34141
2026-03-09 13:00:00,57.27,57.27,57.215,57.225,80110
2026-03-09 13:05:00,57.22,57.245,57.195,57.2,24347
2026-03-09 13:10:00,57.22,57.2299,57.165,57.18,21784
2026-03-09 13:15:00,57.17,57.17,57.09,57.09,17013
2026-03-09 13:20:00,57.095,57.0999,57.05,57.06,16771
2026-03-09 13:25:00,57.055,57.055,56.99,57.0,17677
2026-03-09 13:30:00,57.0,57.03,57.0,57.0197,22078
2026-03-09 13:35:00,57.02,57.02,56.99,56.99,11435
2026-03-09 13:40:00,56.99,57.005,56.965,57.0,26226
2026-03-09 13:45:00,56.995,57.07,56.995,57.035,16418
2026-03-09 13:50:00,57.03,57.075,57.02,57.065,32052
2026-03-09 13:55:00,57.06,57.07,57.015,57.025,22918
2026-03-09 14:00:00,57.025,57.06,57.025,57.035,34437
2026-03-09 14:05:00,57.035,57.065,56.985,56.985,39965
2026-03-09 14:10:00,56.9899,57.05,56.9801,57.045,23079
2026-03-09 14:15:00,57.045,57.095,57.045,57.085,13762
2026-03-09 14:20:00,57.09,57.125,57.035,57.0599,57999
2026-03-09 14:25:00,57.05,57.06,57.04,57.055,64027
2026-03-09 14:30:00,57.05,57.145,57.045,57.13,74641
2026-03-09 14:35:00,57.13,57.1394,57.11,57.13,53148
2026-03-09 14:40:00,57.13,57.16,57.12,57.145,24547
2026-03-09 14:45:00,57.145,57.145,57.12,57.12,45361
2026-03-09 14:50:00,57.11,57.16,57.095,57.145,58781
2026-03-09 14:55:00,57.145,57.145,57.095,57.095,50559
2026-03-09 15:00:00,57.09,57.115,57.09,57.105,16226
2026-03-09 15:05:00,57.11,57.115,57.07,57.095,30108
2026-03-09 15:10:00,57.1,57.16,57.1,57.13,51146
2026-03-09 15:15:00,57.13,57.31,57.105,57.305,135628
2026-03-09 15:20:00,57.3,57.495,57.3,57.48,494003
2026-03-09 15:25:00,57.485,57.615,57.47,57.615,237635
2026-03-09 15:30:00,57.615,57.7,57.52,57.695,305474
2026-03-09 15:35:00,57.705,57.78,57.64,57.74,215562
2026-03-09 15:40:00,57.73,57.73,57.595,57.66,150855
2026-03-09 15:45:00,57.65,57.66,57.52,57.59,66973
2026-03-09 15:50:00,57.59,57.605,57.53,57.59,155318
2026-03-09 15:55:00,57.58,57.67,57.57,57.665,212859
2026-03-09 16:00:00,57.67,57.67,57.67,57.67,47197
2026-03-09 16:30:00,57.59,57.59,57.59,57.59,500
2026-03-09 16:35:00,57.59,57.59,57.59,57.59,110
2026-03-09 18:50:00,57.79,57.79,57.79,57.79,220
2026-03-09 18:55:00,57.96,57.97,57.96,57.97,200
2026-03-09 19:05:00,57.9,57.9,57.9,57.9,500
2026-03-09 19:45:00,57.81,57.81,57.81,57.81,100
2026-03-10 04:00:00,58.0,58.48,58.0,58.48,1470
2026-03-10 05:15:00,58.58,58.59,58.57,58.57,1147
2026-03-10 05:20:00,58.59,58.59,58.59,58.59,437
2026-03-10 06:55:00,58.6,58.61,58.36,58.58,1366
2026-03-10 07:15:00,58.28,58.28,58.28,58.28,303
2026-03-10 07:25:00,58.25,58.25,58.25,58.25,396
2026-03-10 07:40:00,58.23,58.24,58.23,58.24,200
2026-03-10 07:45:00,58.25,58.25,58.25,58.25,360
2026-03-10 07:50:00,58.31,58.31,58.3,58.3,512
2026-03-10 08:00:00,57.82,58.19,57.82,58.19,2065
2026-03-10 08:05:00,58.2,58.21,58.2,58.21,200
2026-03-10 08:10:00,58.15,58.15,58.15,58.15,350
2026-03-10 08:30:00,58.09,58.09,58.09,58.09,593
2026-03-10 08:40:00,58.23,58.23,58.23,58.23,193
2026-03-10 08:45:00,58.25,58.28,58.25,58.28,462
2026-03-10 08:55:00,58.3,58.3,58.3,58.3,171
2026-03-10 09:30:00,58.3,58.32,58.215,58.25,166231
2026-03-10 09:35:00,58.255,58.3,58.21,58.24,52888
2026-03-10 09:40:00,58.23,58.28,58.16,58.23,53906
2026-03-10 09:45:00,58.22,58.29,58.19,58.29,39638
2026-03-10 09:50:00,58.29,58.325,58.235,58.29,31711
2026-03-10 09:55:00,58.285,58.29,58.17,58.21,24822
2026-03-10 10:00:00,58.2,58.285,58.16,58.285,35212
2026-03-10 10:05:00,58.29,58.345,58.21,58.22,228783
2026-03-10 10:10:00,58.22,58.39,58.22,58.38,73322
2026-03-10 10:15:00,58.38,58.65,58.38,58.64,65032
2026-03-10 10:20:00,58.63,58.72,58.62,58.7,68333
2026-03-10 10:25:00,58.695,58.79,58.69,58.755,59953
2026-03-10 10:30:00,58.765,58.86,58.765,58.8461,40498
2026-03-10 10:35:00,58.85,58.96,58.82,58.96,39451
2026-03-10 10:40:00,58.96,59.06,58.935,59.04,120735
2026-03-10 10:45:00,59.05,59.06,59.0,59.05,74630
2026-03-10 10:50:00,59.055,59.115,59.0499,59.115,28726
2026-03-10 10:55:00,59.11,59.18,59.095,59.16,45574
2026-03-10 11:00:00,59.16,59.2,59.13,59.18,31776
2026-03-10 11:05:00,59.1614,59.1614,59.03,59.035,32334
2026-03-10 11:10:00,59.04,59.085,59.015,59.04,42953
2026-03-10 11:15:00,59.025,59.125,59.0,59.125,80831
2026-03-10 11:20:00,59.12,59.12,59.055,59.08,63623
2026-03-10 11:25:00,59.08,59.15,59.08,59.095,38180
2026-03-10 11:30:00,59.095,59.115,59.06,59.06,30271
2026-03-10 11:35:00,59.06,59.14,59.06,59.1199,26742
2026-03-10 11:40:00,59.115,59.185,59.0815,59.14,70046
2026-03-10 11:45:00,59.135,59.155,59.07,59.09,34750
2026-03-10 11:50:00,59.1,59.14,59.06,59.07,41922
2026-03-10 11:55:00,59.065,59.065,59.02,59.035,24311
2026-03-10 12:00:00,59.035,59.045,58.96,58.97,25491
2026-03-10 12:05:00,58.96,58.96,58.9,58.945,56039
2026-03-10 12:10:00,58.95,59.015,58.93,58.99,51719
2026-03-10 12:15:00,58.985,59.05,58.975,59.02,49798
2026-03-10 12:20:00,59.025,59.03,59.0,59.02,43165
2026-03-10 12:25:00,59.015,59.05,58.99,58.995,45008
2026-03-10 12:30:00,58.995,59.07,58.995,59.055,83480
2026-03-10 12:35:00,59.06,59.095,59.05,59.075,44942
2026-03-10 12:40:00,59.075,59.15,59.06,59.135,39229
2026-03-10 12:45:00,59.13,59.13,59.06,59.09,25215
2026-03-10 12:50:00,59.075,59.16,59.075,59.14,30806
2026-03-10 12:55:00,59.15,59.18,59.15,59.1616,39478
2026-03-10 13:00:00,59.16,59.215,59.15,59.205,51696
2026-03-10 13:05:00,59.205,59.27,59.205,59.245,92232
2026-03-10 13:10:00,59.245,59.27,59.205,59.235,39373
2026-03-10 13:15:00,59.235,59.33,59.225,59.325,79434
2026-03-10 13:20:00,59.32,59.37,59.31,59.355,141782
2026-03-10 13:25:00,59.355,59.4,59.355,59.36,59613
2026-03-10 13:30:00,59.365,59.38,59.27,59.27,60720
2026-03-10 13:35:00,59.26,59.29,59.155,59.19,60719
2026-03-10 13:40:00,59.19,59.25,59.16,59.17,27217
2026-03-10 13:45:00,59.18,59.25,59.17,59.22,21838
2026-03-10 13:50:00,59.215,59.24,59.21,59.23,19802
2026-03-10 13:55:00,59.22,59.22,59.1714,59.21,29102
2026-03-10 14:00:00,59.2113,59.235,59.1818,59.2,30520
2026-03-10 14:05:00,59.2,59.2,59.12,59.12,26286
2026-03-10 14:10:00,59.115,59.18,58.94,58.95,170879
2026-03-10 14:15:00,58.96,59.02,58.845,58.87,140975
2026-03-10 14:20:00,58.86,58.88,58.8,58.81,126320
2026-03-10 14:25:00,58.81,58.97,58.7916,58.94,64291
2026-03-10 14:30:00,58.94,59.01,58.91,59.01,45923
2026-03-10 14:35:00,59.0,59.035,58.88,58.93,58844
2026-03-10 14:40:00,58.92,58.93,58.87,58.91,34697
2026-03-10 14:45:00,58.9,58.97,58.88,58.95,34065
2026-03-10 14:50:00,58.94,58.985,58.865,58.91,29217
2026-03-10 14:55:00,58.92,58.92,58.86,58.86,33291
2026-03-10 15:00:00,58.86,58.8801,58.835,58.8623,36728
2026-03-10 15:05:00,58.86,58.91,58.83,58.885,18559
2026-03-10 15:10:00,58.8899,58.91,58.84,58.9,23054
2026-03-10 15:15:00,58.9,58.975,58.89,58.95,23541
2026-03-10 15:20:00,58.95,58.95,58.825,58.88,43197
2026-03-10 15:25:00,58.89,58.89,58.78,58.78,66515
2026-03-10 15:30:00,58.775,58.775,58.7013,58.745,29109
2026-03-10 15:35:00,58.74,58.77,58.685,58.77,37319
2026-03-10 15:40:00,58.78,58.86,58.735,58.745,125612
2026-03-10 15:45:00,58.75,58.76,58.695,58.705,64649
2026-03-10 15:50:00,58.71,58.73,58.64,58.72,88963
2026-03-10 15:55:00,58.73,58.73,58.67,58.715,135366
2026-03-10 16:00:00,58.7,58.7,58.7,58.7,136917
2026-03-10 19:05:00,58.52,58.52,58.52,58.52,840
2026-03-11 08:00:00,58.49,58.71,58.49,58.71,466
2026-03-11 08:10:00,58.26,58.28,58.26,58.28,523
2026-03-11 09:25:00,58.33,58.35,58.31,58.33,2741
2026-03-11 09:30:00,58.34,58.35,58.26,58.3,55253
2026-03-11 09:35:00,58.3,58.385,58.28,58.385,81653
2026-03-11 09:40:00,58.39,58.4,58.3,58.315,165631
2026-03-11 09:45:00,58.315,58.335,58.255,58.32,88480
2026-03-11 09:50:00,58.315,58.345,58.25,58.3,242663
2026-03-11 09:55:00,58.3,58.365,58.25,58.34,90363
2026-03-11 10:00:00,58.33,58.475,58.325,58.38,236928
2026-03-11 10:05:00,58.38,58.435,58.26,58.305,85865
2026-03-11 10:10:00,58.305,58.34,58.25,58.34,57663
2026-03-11 10:15:00,58.34,58.345,58.27,58.33,60325
2026-03-11 10:20:00,58.335,58.335,58.19,58.205,36219
2026-03-11 10:25:00,58.17,58.215,58.12,58.21,92220
2026-03-11 10:30:00,58.2,58.285,58.17,58.21,92246
2026-03-11 10:35:00,58.21,58.3,58.21,58.25,106023
2026-03-11 10:40:00,58.255,58.33,58.25,58.325,60682
2026-03-11 10:45:00,58.325,58.325,58.27,58.3,47633
2026-03-11 10:50:00,58.31,58.345,58.295,58.33,44181
2026-03-11 10:55:00,58.335,58.375,58.31,58.34,60317
2026-03-11 11:00:00,58.35,58.385,58.2894,58.34,39361
2026-03-11 11:05:00,58.35,58.36,58.315,58.315,123981
2026-03-11 11:10:00,58.315,58.335,58.21,58.24,110315
2026-03-11 11:15:00,58.225,58.23,58.15,58.18,49610
2026-03-11 11:20:00,58.17,58.21,58.16,58.195,55906
2026-03-11 11:25:00,58.2,58.21,58.13,58.13,49137
2026-03-11 11:30:00,58.13,58.165,58.095,58.15,37616
2026-03-11 11:35:00,58.14,58.185,58.14,58.175,47487
2026-03-11 11:40:00,58.17,58.18,58.12,58.12,35600
2026-03-11 11:45:00,58.1103,58.1103,58.0606,58.0899,51525
2026-03-11 11:50:00,58.095,58.155,58.095,58.155,76127
2026-03-11 11:55:00,58.155,58.16,58.09,58.095,45318
2026-03-11 12:00:00,58.1,58.105,58.07,58.075,42176
2026-03-11 12:05:00,58.075,58.095,58.05,58.065,56044
2026-03-11 12:10:00,58.07,58.145,58.055,58.145,69591
2026-03-11 12:15:00,58.145,58.1516,58.105,58.13,58346
2026-03-11 12:20:00,58.125,58.165,58.095,58.14,41901
2026-03-11 12:25:00,58.14,58.155,58.115,58.145,85916
2026-03-11 12:30:00,58.155,58.225,58.15,58.2197,52281
2026-03-11 12:35:00,58.215,58.265,58.215,58.22,39918
2026-03-11 12:40:00,58.23,58.285,58.225,58.2426,25391
2026-03-11 12:45:00,58.24,58.255,58.2221,58.23,23780
2026-03-11 12:50:00,58.23,58.25,58.225,58.25,33901
2026-03-11 12:55:00,58.2498,58.28,58.235,58.275,36185
2026-03-11 13:00:00,58.2708,58.305,58.27,58.28,34089
2026-03-11 13:05:00,58.285,58.31,58.265,58.275,109642
2026-03-11 13:10:00,58.275,58.275,58.205,58.21,50703
2026-03-11 13:15:00,58.215,58.2402,58.16,58.165,33282
2026-03-11 13:20:00,58.17,58.2106,58.17,58.195,30534
2026-03-11 13:25:00,58.2,58.225,58.19,58.2,48251
2026-03-11 13:30:00,58.21,58.2211,58.18,58.1906,26032
2026-03-11 13:35:00,58.195,58.205,58.01,58.05,68321
2026-03-11 13:40:00,58.06,58.1,58.04,58.08,68475
2026-03-11 13:45:00,58.08,58.09,58.05,58.075,25290
2026-03-11 13:50:00,58.0706,58.125,58.0601,58.065,31525
2026-03-11 13:55:00,58.06,58.075,58.015,58.075,26695
2026-03-11 14:00:00,58.085,58.095,58.05,58.08,37284
2026-03-11 14:05:00,58.09,58.095,58.055,58.06,24789
2026-03-11 14:10:00,58.055,58.065,58.015,58.06,32891
2026-03-11 14:15:00,58.07,58.1099,58.05,58.105,253366
2026-03-11 14:20:00,58.105,58.135,58.09,58.12,50314
2026-03-11 14:25:00,58.12,58.18,58.1199,58.175,41047
2026-03-11 14:30:00,58.17,58.21,58.165,58.21,45487
2026-03-11 14:35:00,58.2189,58.235,58.215,58.22,20630
2026-03-11 14:40:00,58.22,58.2462,58.215,58.24,24041
2026-03-11 14:45:00,58.2386,58.255,58.2,58.205,35754
2026-03-11 14:50:00,58.21,58.275,58.21,58.27,35445
2026-03-11 14:55:00,58.275,58.285,58.225,58.24,71668
2026-03-11 15:00:00,58.24,58.24,58.17,58.2016,25561
2026-03-11 15:05:00,58.2,58.2,58.16,58.175,17456
2026-03-11 15:10:00,58.175,58.175,58.1401,58.165,7870
2026-03-11 15:15:00,58.165,58.18,58.135,58.1784,70221
2026-03-11 15:20:00,58.18,58.195,58.16,58.165,17600
2026-03-11 15:25:00,58.17,58.1899,58.165,58.185,13637
2026-03-11 15:30:00,58.185,58.2302,58.175,58.23,25404
2026-03-11 15:35:00,58.23,58.245,58.22,58.245,12729
2026-03-11 15:40:00,58.25,58.265,58.225,58.24,16835
2026-03-11 15:45:00,58.24,58.255,58.23,58.25,29390
2026-03-11 15:50:00,58.245,58.315,58.245,58.29,51345
2026-03-11 15:55:00,58.29,58.335,58.275,58.32,111940
2026-03-11 16:00:00,58.31,58.31,58.31,58.31,21831
2026-03-11 18:00:00,57.3001,57.3001,57.3001,57.3001,100
2026-03-11 18:30:00,57.3694,57.3694,57.3694,57.3694,209
2026-03-11 19:50:00,57.76,57.76,57.76,57.76,446
2026-03-12 05:25:00,58.29,58.29,58.29,58.29,169
2026-03-12 05:30:00,58.19,58.29,58.19,58.29,335
2026-03-12 05:40:00,58.29,58.31,58.28,58.28,795
2026-03-12 06:15:00,58.3,58.3,58.28,58.28,920
2026-03-12 07:20:00,58.28,58.28,58.28,58.28,160
2026-03-12 08:00:00,57.67,57.67,57.67,57.67,122
2026-03-12 08:20:00,58.29,58.29,58.29,58.29,152
2026-03-12 09:10:00,57.9232,57.9232,57.9232,57.9232,250
2026-03-12 09:30:00,58.01,58.115,57.95,58.07,196110
2026-03-12 09:35:00,58.06,58.095,58.04,58.07,87561
2026-03-12 09:40:00,58.06,58.085,57.95,57.975,85384
2026-03-12 09:45:00,57.97,57.98,57.86,57.93,115288
2026-03-12 09:50:00,57.935,57.99,57.805,57.835,93330
2026-03-12 09:55:00,57.845,57.845,57.75,57.78,73597
2026-03-12 10:00:00,57.78,57.89,57.78,57.88,27842
2026-03-12 10:05:00,57.88,57.885,57.83,57.83,36006
2026-03-12 10:10:00,57.84,57.91,57.82,57.91,15186
2026-03-12 10:15:00,57.92,57.935,57.7732,57.7839,16163
2026-03-12 10:20:00,57.78,57.805,57.75,57.8,13018
2026-03-12 10:25:00,57.81,57.84,57.765,57.765,30376
2026-03-12 10:30:00,57.76,57.77,57.72,57.75,13065
2026-03-12 10:35:00,57.77,57.87,57.73,57.7653,180648
2026-03-12 10:40:00,57.77,57.78,57.67,57.76,28011
2026-03-12 10:45:00,57.75,57.87,57.66,57.66,132447
2026-03-12 10:50:00,57.665,57.68,57.64,57.67,11839
2026-03-12 10:55:00,57.68,57.6888,57.645,57.645,12899
2026-03-12 11:00:00,57.65,57.65,57.59,57.62,22529
2026-03-12 11:05:00,57.61,57.64,57.59,57.6,9897
2026-03-12 11:10:00,57.59,57.595,57.52,57.59,78736
2026-03-12 11:15:00,57.595,57.64,57.595,57.62,12577
2026-03-12 11:20:00,57.61,57.655,57.6,57.655,26094
2026-03-12 11:25:00,57.655,57.73,57.65,57.71,22891
2026-03-12 11:30:00,57.71,57.75,57.695,57.71,32410
2026-03-12 11:35:00,57.72,57.835,57.62,57.83,41314
2026-03-12 11:40:00,57.84,57.87,57.75,57.85,50867
2026-03-12 11:45:00,57.83,57.85,57.76,57.79,23797
2026-03-12 11:50:00,57.79,57.805,57.76,57.8,16671
2026-03-12 11:55:00,57.8,57.805,57.72,57.78,8705
2026-03-12 12:00:00,57.78,57.8101,57.76,57.805,29866
2026-03-12 12:05:00,57.8016,57.82,57.65,57.65,29778
2026-03-12 12:10:00,57.65,57.7099,57.62,57.7099,20633
2026-03-12 12:15:00,57.71,57.76,57.7,57.74,54765
2026-03-12 12:20:00,57.74,57.85,57.74,57.77,28268
2026-03-12 12:25:00,57.77,57.77,57.68,57.69,20581
2026-03-12 12:30:00,57.685,57.77,57.68,57.75,14083
2026-03-12 12:35:00,57.74,57.81,57.73,57.79,36510
2026-03-12 12:40:00,57.7911,57.8,57.76,57.775,23413
2026-03-12 12:45:00,57.765,57.795,57.69,57.745,17048
2026-03-12 12:50:00,57.74,57.755,57.7,57.72,17447
2026-03-12 12:55:00,57.725,57.74,57.7,57.73,14081
2026-03-12 13:00:00,57.73,57.8,57.72,57.8,12577
2026-03-12 13:05:00,57.8,57.8381,57.74,57.75,12406
2026-03-12 13:10:00,57.75,57.7745,57.725,57.73,14760
2026-03-12 13:15:00,57.73,57.7499,57.7177,57.72,11840
2026-03-12 13:20:00,57.71,57.79,57.71,57.78,13551
2026-03-12 13:25:00,57.775,57.78,57.73,57.74,35106
2026-03-12 13:30:00,57.74,57.785,57.74,57.755,43983
2026-03-12 13:35:00,57.76,57.81,57.76,57.81,29743
2026-03-12 13:40:00,57.805,57.83,57.72,57.72,69878
2026-03-12 13:45:00,57.72,57.73,57.69,57.705,31423
2026-03-12 13:50:00,57.705,57.745,57.705,57.725,25847
2026-03-12 13:55:00,57.725,57.725,57.67,57.72,36348
2026-03-12 14:00:00,57.72,57.77,57.72,57.74,73646
2026-03-12 14:05:00,57.74,57.77,57.72,57.735,40397
2026-03-12 14:10:00,57.735,57.77,57.725,57.77,49800
2026-03-12 14:15:00,57.77,57.8,57.755,57.76,44599
2026-03-12 14:20:00,57.765,57.77,57.725,57.755,63830
2026-03-12 14:25:00,57.755,57.76,57.72,57.735,52484
2026-03-12 14:30:00,57.735,57.75,57.68,57.695,62676
2026-03-12 14:35:00,57.695,57.6992,57.655,57.69,72445
2026-03-12 14:40:00,57.69,57.7,57.665,57.685,44927
2026-03-12 14:45:00,57.69,57.7,57.68,57.685,42279
2026-03-12 14:50:00,57.685,57.74,57.685,57.725,118257
2026-03-12 14:55:00,57.725,57.74,57.685,57.695,46333
2026-03-12 15:00:00,57.695,57.72,57.645,57.69,57694
2026-03-12 15:05:00,57.685,57.74,57.685,57.715,56062
2026-03-12 15:10:00,57.715,57.725,57.665,57.715,41505
2026-03-12 15:15:00,57.715,57.725,57.675,57.695,28369
2026-03-12 15:20:00,57.695,57.71,57.675,57.705,41281
2026-03-12 15:25:00,57.705,57.71,57.69,57.705,32634
2026-03-12 15:30:00,57.705,57.76,57.705,57.75,58354
2026-03-12 15:35:00,57.7481,57.77,57.725,57.755,50714
2026-03-12 15:40:00,57.75,57.755,57.71,57.715,41955
2026-03-12 15:45:00,57.715,57.725,57.65,57.6601,117305
2026-03-12 15:50:00,57.67,57.685,57.63,57.685,74417
2026-03-12 15:55:00,57.685,57.7,57.66,57.67,127711
2026-03-12 16:00:00,57.68,57.68,57.68,57.68,25918
2026-03-12 16:10:00,57.48,57.48,57.48,57.48,200
2026-03-12 16:15:00,57.48,57.63,56.74,57.53,2004
2026-03-12 16:25:00,57.7,57.7,57.7,57.7,172
2026-03-12 16:50:00,57.31,57.51,57.19,57.19,1000
2026-03-13 04:00:00,57.68,57.68,57.68,57.68,300
2026-03-13 07:55:00,57.97,57.97,57.97,57.97,250
2026-03-13 08:05:00,58.22,58.22,58.22,58.22,103
2026-03-13 08:45:00,58.13,58.21,58.13,58.21,7435
2026-03-13 08:50:00,58.2,58.2,58.2,58.2,372
2026-03-13 09:25:00,58.19,58.2,58.15,58.15,1705
2026-03-13 09:30:00,58.14,58.315,58.14,58.23,88819
2026-03-13 09:35:00,58.24,58.42,58.18,58.375,58157
2026-03-13 09:40:00,58.37,58.425,58.3696,58.4,79909
2026-03-13 09:45:00,58.4,58.44,58.375,58.375,124944
2026-03-13 09:50:00,58.37,58.41,58.34,58.4,45732
2026-03-13 09:55:00,58.39,58.395,58.305,58.33,16142
2026-03-13 10:00:00,58.325,58.35,58.24,58.265,15045
2026-03-13 10:05:00,58.27,58.28,58.2,58.25,21737
2026-03-13 10:10:00,58.24,58.25,58.18,58.18,34345
2026-03-13 10:15:00,58.18,58.215,58.125,58.17,43857
2026-03-13 10:20:00,58.18,58.235,58.18,58.22,27539
2026-03-13 10:25:00,58.22,58.245,58.19,58.21,30482
2026-03-13 10:30:00,58.2,58.27,58.2,58.25,70905
2026-03-13 10:35:00,58.255,58.255,58.175,58.19,32491
2026-03-13 10:40:00,58.18,58.18,58.06,58.06,40815
2026-03-13 10:45:00,58.055,58.075,58.02,58.05,41430
2026-03-13 10:50:00,58.0551,58.08,58.035,58.06,24961
2026-03-13 10:55:00,58.06,58.06,57.935,57.94,37974
2026-03-13 11:00:00,57.95,57.96,57.895,57.9,21855
2026-03-13 11:05:00,57.91,57.99,57.885,57.99,40576
2026-03-13 11:10:00,57.99,58.06,57.975,58.05,17488
2026-03-13 11:15:00,58.045,58.05,57.965,57.965,12633
2026-03-13 11:20:00,57.965,58.01,57.885,57.885,39024
2026-03-13 11:25:00,57.88,57.91,57.88,57.8816,24268
2026-03-13 11:30:00,57.89,57.94,57.87,57.93,9288
2026-03-13 11:35:00,57.93,57.93,57.85,57.9,16797
2026-03-13 11:40:00,57.9,57.905,57.7894,57.805,15734
2026-03-13 11:45:00,57.805,57.92,57.7676,57.83,44054
2026-03-13 11:50:00,57.84,57.85,57.76,57.78,14055
2026-03-13 11:55:00,57.78,57.78,57.73,57.76,17759
2026-03-13 12:00:00,57.76,57.8,57.72,57.79,30761
2026-03-13 12:05:00,57.77,57.84,57.76,57.79,26771
2026-03-13 12:10:00,57.8,57.8199,57.69,57.75,47866
2026-03-13 12:15:00,57.75,57.76,57.69,57.7,34773
2026-03-13 12:20:00,57.7,57.79,57.69,57.74,20756
2026-03-13 12:25:00,57.74,57.76,57.7081,57.76,13388
2026-03-13 12:30:00,57.76,57.85,57.76,57.8,158344
2026-03-13 12:35:00,57.805,57.93,57.805,57.87,17695
2026-03-13 12:40:00,57.85,57.9,57.83,57.83,14371
2026-03-13 12:45:00,57.82,57.83,57.775,57.83,13483
2026-03-13 12:50:00,57.835,57.91,57.835,57.9,11781
2026-03-13 12:55:00,57.9,57.9,57.77,57.785,33425
2026-03-13 13:00:00,57.79,57.815,57.79,57.8,12004
2026-03-13 13:05:00,57.8,57.84,57.77,57.8201,8580
2026-03-13 13:10:00,57.82,57.88,57.79,57.88,6740
2026-03-13 13:15:00,57.9,57.92,57.86,57.87,6832
2026-03-13 13:20:00,57.89,57.905,57.8397,57.88,14835
2026-03-13 13:25:00,57.872,57.905,57.86,57.9,224092
2026-03-13 13:30:00,57.9,57.905,57.87,57.895,63072
2026-03-13 13:35:00,57.895,57.925,57.88,57.915,71078
2026-03-13 13:40:00,57.91,57.915,57.85,57.88,40377
2026-03-13 13:45:00,57.8901,57.905,57.77,57.77,34677
2026-03-13 13:50:00,57.77,57.77,57.74,57.75,17418
2026-03-13 13:55:00,57.74,57.77,57.715,57.73,41467
2026-03-13 14:00:00,57.73,57.76,57.71,57.755,26029
2026-03-13 14:05:00,57.76,57.76,57.715,57.76,17343
2026-03-13 14:10:00,57.76,57.78,57.75,57.76,10541
2026-03-13 14:15:00,57.77,57.77,57.7,57.7099,9170
2026-03-13 14:20:00,57.71,57.71,57.6713,57.71,7777
2026-03-13 14:25:00,57.71,57.74,57.7081,57.73,6410
2026-03-13 14:30:00,57.745,57.82,57.74,57.8094,11502
2026-03-13 14:35:00,57.81,57.83,57.79,57.815,11597
2026-03-13 14:40:00,57.8139,57.855,57.81,57.85,15745
2026-03-13 14:45:00,57.85,57.865,57.8248,57.845,18663
2026-03-13 14:50:00,57.83,57.84,57.805,57.83,15349
2026-03-13 14:55:00,57.84,57.84,57.8,57.82,15354
2026-03-13 15:00:00,57.81,57.82,57.8,57.82,22860
2026-03-13 15:05:00,57.81,57.845,57.8,57.8348,78415
2026-03-13 15:10:00,57.84,57.84,57.795,57.815,52950
2026-03-13 15:15:00,57.82,57.825,57.775,57.82,102244
2026-03-13 15:20:00,57.82,57.825,57.75,57.77,64663
2026-03-13 15:25:00,57.775,57.775,57.74,57.745,45753
2026-03-13 15:30:00,57.75,57.78,57.75,57.755,72095
2026-03-13 15:35:00,57.76,57.775,57.745,57.755,89543
2026-03-13 15:40:00,57.755,57.76,57.73,57.76,108759
2026-03-13 15:45:00,57.76,57.765,57.725,57.755,128969
2026-03-13 15:50:00,57.75,57.76,57.69,57.755,214640
2026-03-13 15:55:00,57.755,57.82,57.75,57.77,441600
2026-03-13 16:00:00,57.77,57.78,57.77,57.78,85159
2026-03-13 16:45:00,58.0,58.0,58.0,58.0,172
2026-03-13 16:55:00,57.77,57.77,57.77,57.77,200
2026-03-13 18:05:00,57.78,57.78,57.78,57.78,26480
2026-03-16 05:45:00,58.21,58.21,58.21,58.21,200
2026-03-16 06:10:00,58.3,58.35,58.3,58.35,782
2026-03-16 06:20:00,58.35,58.35,58.35,58.35,100
2026-03-16 06:40:00,58.4,58.46,58.4,58.46,800
2026-03-16 07:50:00,58.41,58.48,58.41,58.48,300
2026-03-16 08:00:00,58.45,58.45,58.45,58.45,1760
2026-03-16 08:05:00,58.5,58.5,58.5,58.5,100
2026-03-16 08:20:00,58.55,58.55,58.55,58.55,100
2026-03-16 09:25:00,58.54,58.54,58.53,58.53,667
2026-03-16 09:30:00,58.59,58.67,58.54,58.66,88885
2026-03-16 09:35:00,58.65,58.73,58.65,58.68,24701
2026-03-16 09:40:00,58.67,58.72,58.665,58.72,73297
2026-03-16 09:45:00,58.72,58.81,58.7188,58.75,62058
2026-03-16 09:50:00,58.75,58.75,58.69,58.73,26880
2026-03-16 09:55:00,58.73,58.74,58.7,58.73,23221
2026-03-16 10:00:00,58.73,58.78,58.665,58.73,26024
2026-03-16 10:05:00,58.72,58.77,58.71,58.75,16117
2026-03-16 10:10:00,58.745,58.79,58.7,58.72,22183
2026-03-16 10:15:00,58.715,58.745,58.7,58.7,19680
2026-03-16 10:20:00,58.71,58.77,58.705,58.735,21862
2026-03-16 10:25:00,58.74,58.78,58.73,58.73,24688
2026-03-16 10:30:00,58.72,58.73,58.66,58.66,22967
2026-03-16 10:35:00,58.67,58.73,58.635,58.655,28027
2026-03-16 10:40:00,58.66,58.67,58.63,58.635,14248
2026-03-16 10:45:00,58.645,58.6818,58.64,58.68,24629
2026-03-16 10:50:00,58.68,58.765,58.665,58.765,41620
2026-03-16 10:55:00,58.765,58.815,58.75,58.815,104279
2026-03-16 11:00:00,58.815,58.815,58.77,58.78,90815
2026-03-16 11:05:00,58.775,58.8,58.75,58.8,78688
2026-03-16 11:10:00,58.8,58.845,58.78,58.84,87279
2026-03-16 11:15:00,58.84,58.84,58.78,58.82,77272
2026-03-16 11:20:00,58.825,58.83,58.795,58.795,59631
2026-03-16 11:25:00,58.8,58.8,58.7399,58.76,35010
2026-03-16 11:30:00,58.765,58.805,58.7632,58.805,56976
2026-03-16 11:35:00,58.81,58.825,58.78,58.78,82215
2026-03-16 11:40:00,58.775,58.78,58.758,58.76,35161
2026-03-16 11:45:00,58.75,58.765,58.725,58.75,33067
2026-03-16 11:50:00,58.745,58.745,58.655,58.695,40826
2026-03-16 11:55:00,58.695,58.71,58.66,58.665,27071
2026-03-16 12:00:00,58.66,58.675,58.63,58.63,25939
2026-03-16 12:05:00,58.625,58.71,58.625,58.675,36990
2026-03-16 12:10:00,58.68,58.715,58.6606,58.675,23257
2026-03-16 12:15:00,58.67,58.715,58.66,58.695,33941
2026-03-16 12:20:00,58.69,58.7,58.59,58.59,26557
2026-03-16 12:25:00,58.5903,58.6,58.565,58.575,22170
2026-03-16 12:30:00,58.575,58.595,58.542,58.55,31878
2026-03-16 12:35:00,58.55,58.6,58.55,58.6,31061
2026-03-16 12:40:00,58.61,58.66,58.6,58.62,22799
2026-03-16 12:45:00,58.61,58.621,58.575,58.59,25441
2026-03-16 12:50:00,58.59,58.635,58.58,58.6099,41400
2026-03-16 12:55:00,58.61,58.63,58.595,58.605,17770
2026-03-16 13:00:00,58.605,58.68,58.605,58.625,74871
2026-03-16 13:05:00,58.62,58.655,58.62,58.6315,26542
2026-03-16 13:10:00,58.6384,58.69,58.635,58.66,40756
2026-03-16 13:15:00,58.67,58.67,58.635,58.655,21601
2026-03-16 13:20:00,58.655,58.675,58.655,58.6651,14361
2026-03-16 13:25:00,58.66,58.67,58.64,58.64,17944
2026-03-16 13:30:00,58.64,58.66,58.625,58.63,18339
2026-03-16 13:35:00,58.635,58.655,58.615,58.62,18308
2026-03-16 13:40:00,58.61,58.635,58.605,58.615,25871
2026-03-16 13:45:00,58.62,58.635,58.5584,58.57,17618
2026-03-16 13:50:00,58.57,58.635,58.545,58.61,204811
2026-03-16 13:55:00,58.615,58.63,58.605,58.625,62105
2026-03-16 14:00:00,58.625,58.655,58.625,58.655,113512
2026-03-16 14:05:00,58.655,58.7,58.645,58.68,68754
2026-03-16 14:10:00,58.68,58.685,58.6414,58.665,40796
2026-03-16 14:15:00,58.67,58.695,58.665,58.68,27768
2026-03-16 14:20:00,58.68,58.72,58.68,58.71,19038
2026-03-16 14:25:00,58.705,58.715,58.69,58.6994,25931
2026-03-16 14:30:00,58.7,58.71,58.675,58.7,19466
2026-03-16 14:35:00,58.7,58.705,58.67,58.695,28223
2026-03-16 14:40:00,58.7,58.72,58.69,58.72,25279
2026-03-16 14:45:00,58.73,58.74,58.71,58.73,23786
2026-03-16 14:50:00,58.72,58.725,58.71,58.725,16356
2026-03-16 14:55:00,58.725,58.725,58.705,58.71,17726
2026-03-16 15:00:00,58.71,58.735,58.71,58.715,31796
2026-03-16 15:05:00,58.715,58.785,58.7,58.785,38497
2026-03-16 15:10:00,58.79,58.81,58.6885,58.71,44784
2026-03-16 15:15:00,58.705,58.72,58.665,58.67,31838
2026-03-16 15:20:00,58.6694,58.71,58.6687,58.7,55294
2026-03-16 15:25:00,58.7,58.72,58.68,58.71,48564
2026-03-16 15:30:00,58.71,58.72,58.6801,58.685,31075
2026-03-16 15:35:00,58.685,58.69,58.665,58.6701,37271
2026-03-16 15:40:00,58.67,58.675,58.615,58.615,41869
2026-03-16 15:45:00,58.615,58.625,58.58,58.62,110313
2026-03-16 15:50:00,58.62,58.66,58.61,58.635,50866
2026-03-16 15:55:00,58.64,58.7,58.64,58.695,226609
2026-03-16 16:00:00,58.7,58.7,58.69,58.69,71791
2026-03-16 16:10:00,58.818,58.818,58.818,58.818,188
2026-03-16 17:30:00,58.9,58.9,58.9,58.9,100
2026-03-16 17:40:00,58.9,58.9,58.9,58.9,100
2026-03-17 04:00:00,58.71,58.71,58.71,58.71,600
2026-03-17 08:00:00,59.14,59.14,58.57,58.57,588
2026-03-17 09:25:00,58.75,58.77,58.71,58.71,5482
2026-03-17 09:30:00,58.69,58.765,58.63,58.73,220345
2026-03-17 09:35:00,58.73,58.785,58.71,58.77,61468
2026-03-17 09:40:00,58.775,58.775,58.71,58.725,65996
2026-03-17 09:45:00,58.725,58.765,58.7,58.725,103406
2026-03-17 09:50:00,58.725,58.725,58.68,58.7,63669
2026-03-17 09:55:00,58.7,58.71,58.675,58.7,46346
2026-03-17 10:00:00,58.71,58.71,58.63,58.64,95402
2026-03-17 10:05:00,58.65,58.72,58.645,58.715,27685
2026-03-17 10:10:00,58.718,58.725,58.675,58.685,76635
2026-03-17 10:15:00,58.675,58.68,58.615,58.66,93242
2026-03-17 10:20:00,58.66,58.675,58.63,58.64,32998
2026-03-17 10:25:00,58.635,58.65,58.61,58.62,47179
2026-03-17 10:30:00,58.62,58.69,58.6,58.66,46348
2026-03-17 10:35:00,58.66,58.69,58.64,58.645,31398
2026-03-17 10:40:00,58.65,58.73,58.625,58.715,44839
2026-03-17 10:45:00,58.715,58.73,58.71,58.72,19323
2026-03-17 10:50:00,58.72,58.735,58.7,58.71,41134
2026-03-17 10:55:00,58.7099,58.72,58.7,58.7,15475
2026-03-17 11:00:00,58.71,58.715,58.685,58.69,35195
2026-03-17 11:05:00,58.69,58.69,58.57,58.57,97514
2026-03-17 11:10:00,58.57,58.58,58.525,58.53,79286
2026-03-17 11:15:00,58.53,58.57,58.52,58.549,74164
2026-03-17 11:20:00,58.56,58.57,58.46,58.5498,38600
2026-03-17 11:25:00,58.5482,58.55,58.45,58.45,51738
2026-03-17 11:30:00,58.455,58.508,58.43,58.43,56886
2026-03-17 11:35:00,58.44,58.45,58.37,58.425,51637
2026-03-17 11:40:00,58.43,58.47,58.41,58.465,30125
2026-03-17 11:45:00,58.46,58.5,58.455,58.47,35438
2026-03-17 11:50:00,58.47,58.515,58.47,58.49,48671
2026-03-17 11:55:00,58.49,58.51,58.47,58.485,28953
2026-03-17 12:00:00,58.485,58.49,58.42,58.45,13751
2026-03-17 12:05:00,58.46,58.49,58.395,58.4585,40889
2026-03-17 12:10:00,58.465,58.5,58.465,58.47,14068
2026-03-17 12:15:00,58.47,58.55,58.47,58.55,16397
2026-03-17 12:20:00,58.56,58.56,58.515,58.54,11616
2026-03-17 12:25:00,58.54,58.56,58.5277,58.54,9166
2026-03-17 12:30:00,58.53,58.53,58.4494,58.46,20840
2026-03-17 12:35:00,58.475,58.48,58.4093,58.41,27631
2026-03-17 12:40:00,58.41,58.4701,58.41,58.47,19243
2026-03-17 12:45:00,58.48,58.49,58.46,58.47,13551
2026-03-17 12:50:00,58.47,58.485,58.4594,58.48,19651
2026-03-17 12:55:00,58.4811,58.49,58.47,58.47,11349
2026-03-17 13:00:00,58.48,58.545,58.48,58.5291,14052
2026-03-17 13:05:00,58.53,58.54,58.5127,58.53,12427
2026-03-17 13:10:00,58.535,58.535,58.4999,58.53,6994
2026-03-17 13:15:00,58.53,58.53,58.505,58.5106,14262
2026-03-17 13:20:00,58.52,58.545,58.51,58.5299,42074
2026-03-17 13:25:00,58.53,58.5385,58.525,58.53,19149
2026-03-17 13:30:00,58.53,58.545,58.505,58.525,71383
2026-03-17 13:35:00,58.525,58.565,58.525,58.5614,8545
2026-03-17 13:40:00,58.565,58.565,58.52,58.52,23469
2026-03-17 13:45:00,58.52,58.52,58.48,58.52,56599
2026-03-17 13:50:00,58.52,58.55,58.5094,58.54,10444
2026-03-17 13:55:00,58.54,58.5499,58.5311,58.54,6159
2026-03-17 14:00:00,58.55,58.575,58.538,58.5616,5592
2026-03-17 14:05:00,58.57,58.575,58.55,58.57,6940
2026-03-17 14:10:00,58.57,58.58,58.568,58.5713,10537
2026-03-17 14:15:00,58.57,58.57,58.5601,58.57,22387
2026-03-17 14:20:00,58.57,58.57,58.51,58.51,14731
2026-03-17 14:25:00,58.51,58.525,58.445,58.445,7871
2026-03-17 14:30:00,58.45,58.4616,58.4384,58.4584,7698
2026-03-17 14:35:00,58.455,58.475,58.445,58.465,16822
2026-03-17 14:40:00,58.465,58.47,58.45,58.4599,11511
2026-03-17 14:45:00,58.46,58.495,58.455,58.4851,8662
2026-03-17 14:50:00,58.485,58.49,58.4601,58.485,15679
2026-03-17 14:55:00,58.485,58.485,58.445,58.47,19525
2026-03-17 15:00:00,58.465,58.469,58.435,58.4399,14299
2026-03-17 15:05:00,58.435,58.44,58.42,58.43,11738
2026-03-17 15:10:00,58.43,58.44,58.425,58.44,6649
2026-03-17 15:15:00,58.445,58.465,58.4301,58.4307,11168
2026-03-17 15:20:00,58.425,58.43,58.405,58.43,6440
2026-03-17 15:25:00,58.44,58.45,58.415,58.42,22587
2026-03-17 15:30:00,58.42,58.425,58.395,58.395,25438
2026-03-17 15:35:00,58.395,58.415,58.39,58.395,35386
2026-03-17 15:40:00,58.39,58.395,58.37,58.39,75729
2026-03-17 15:45:00,58.385,58.42,58.385,58.42,49711
2026-03-17 15:50:00,58.42,58.45,58.4,58.445,101928
2026-03-17 15:55:00,58.445,58.445,58.405,58.42,181732
2026-03-17 16:00:00,58.44,58.44,58.44,58.44,84698
2026-03-18 04:00:00,58.68,58.68,58.56,58.56,2499
2026-03-18 05:15:00,58.88,58.88,58.88,58.88,150
2026-03-18 06:55:00,58.75,58.75,58.6,58.6,1230
2026-03-18 08:00:00,58.89,58.99,58.89,58.99,532
2026-03-18 08:05:00,58.56,58.56,58.56,58.56,100
2026-03-18 08:40:00,58.2,58.2,58.2,58.2,100
2026-03-18 08:45:00,58.16,58.21,58.09,58.1,48493
2026-03-18 08:50:00,58.0,58.02,58.0,58.02,1550
2026-03-18 08:55:00,58.0268,58.05,58.0,58.0,1742
2026-03-18 09:05:00,58.02,58.1,58.01,58.1,1453
2026-03-18 09:15:00,57.975,57.975,57.975,57.975,1000
2026-03-18 09:25:00,58.0,58.0,57.97,57.97,5026
2026-03-18 09:30:00,57.95,58.095,57.92,57.96,189491
2026-03-18 09:35:00,57.97,58.06,57.96,58.04,37180
2026-03-18 09:40:00,58.05,58.09,58.01,58.04,34348
2026-03-18 09:45:00,58.04,58.1,58.03,58.06,25846
2026-03-18 09:50:00,58.07,58.08,58.02,58.03,27729
2026-03-18 09:55:00,58.04,58.06,57.98,58.06,23831
2026-03-18 10:00:00,58.06,58.07,57.975,58.02,30984
2026-03-18 10:05:00,58.01,58.1,58.01,58.07,18278
2026-03-18 10:10:00,58.06,58.06,57.91,57.91,68313
2026-03-18 10:15:00,57.9,57.93,57.89,57.92,16902
2026-03-18 10:20:00,57.9,57.935,57.89,57.89,15533
2026-03-18 10:25:00,57.895,57.895,57.73,57.78,37381
2026-03-18 10:30:00,57.77,57.82,57.75,57.75,25131
2026-03-18 10:35:00,57.75,57.8,57.73,57.74,48983
2026-03-18 10:40:00,57.725,57.75,57.675,57.69,29024
2026-03-18 10:45:00,57.7,57.735,57.615,57.62,34410
2026-03-18 10:50:00,57.62,57.66,57.575,57.65,143932
2026-03-18 10:55:00,57.65,57.705,57.65,57.7,20398
2026-03-18 11:00:00,57.71,57.755,57.69,57.735,12803
2026-03-18 11:05:00,57.73,57.81,57.73,57.7901,28631
2026-03-18 11:10:00,57.79,57.79,57.695,57.7,31934
2026-03-18 11:15:00,57.71,57.72,57.62,57.62,47347
2026-03-18 11:20:00,57.61,57.61,57.55,57.59,52237
2026-03-18 11:25:00,57.58,57.61,57.56,57.57,54543
2026-03-18 11:30:00,57.56,57.645,57.56,57.63,28205
2026-03-18 11:35:00,57.62,57.645,57.615,57.6199,31238
2026-03-18 11:40:00,57.615,57.62,57.57,57.6,26181
2026-03-18 11:45:00,57.59,57.62,57.57,57.58,25670
2026-03-18 11:50:00,57.58,57.615,57.57,57.61,29119
2026-03-18 11:55:00,57.62,57.665,57.61,57.64,21004
2026-03-18 12:00:00,57.64,57.64,57.565,57.565,29154
2026-03-18 12:05:00,57.56,57.59,57.54,57.56,24235
2026-03-18 12:10:00,57.5784,57.65,57.56,57.64,13112
2026-03-18 12:15:00,57.64,57.64,57.6,57.63,6589
2026-03-18 12:20:00,57.63,57.655,57.63,57.64,11346
2026-03-18 12:25:00,57.64,57.645,57.605,57.64,13924
2026-03-18 12:30:00,57.635,57.65,57.61,57.61,29997
2026-03-18 12:35:00,57.61,57.64,57.58,57.615,18122
2026-03-18 12:40:00,57.6331,57.64,57.6001,57.64,11840
2026-03-18 12:45:00,57.6401,57.65,57.62,57.62,6472
2026-03-18 12:50:00,57.62,57.69,57.6199,57.68,9294
2026-03-18 12:55:00,57.67,57.685,57.6491,57.6491,10522
2026-03-18 13:00:00,57.645,57.651,57.615,57.63,16637
2026-03-18 13:05:00,57.63,57.63,57.585,57.585,5549
2026-03-18 13:10:00,57.59,57.595,57.53,57.565,10708
2026-03-18 13:15:00,57.57,57.62,57.57,57.62,8031
2026-03-18 13:20:00,57.62,57.64,57.615,57.64,9206
2026-03-18 13:25:00,57.65,57.65,57.58,57.59,8350
2026-03-18 13:30:00,57.59,57.59,57.549,57.575,26299
2026-03-18 13:35:00,57.575,57.605,57.575,57.595,16982
2026-03-18 13:40:00,57.59,57.59,57.55,57.57,7697
2026-03-18 13:45:00,57.58,57.635,57.58,57.6,14411
2026-03-18 13:50:00,57.6,57.61,57.59,57.61,7449
2026-03-18 13:55:00,57.61,57.61,57.57,57.5899,2849
2026-03-18 14:00:00,57.59,57.65,57.58,57.62,9012
2026-03-18 14:05:00,57.61,57.61,57.58,57.59,8268
2026-03-18 14:10:00,57.6,57.615,57.575,57.6,13086
2026-03-18 14:15:00,57.57,57.6,57.495,57.55,38716
2026-03-18 14:20:00,57.565,57.565,57.515,57.52,6873
2026-03-18 14:25:00,57.515,57.54,57.5,57.54,4979
2026-03-18 14:30:00,57.53,57.55,57.44,57.44,21695
2026-03-18 14:35:00,57.45,57.56,57.45,57.46,31939
2026-03-18 14:40:00,57.45,57.49,57.43,57.46,35600
2026-03-18 14:45:00,57.44,57.44,57.39,57.41,40015
2026-03-18 14:50:00,57.41,57.42,57.355,57.365,20112
2026-03-18 14:55:00,57.365,57.39,57.35,57.35,18308
2026-03-18 15:00:00,57.35,57.38,57.33,57.38,23139
2026-03-18 15:05:00,57.38,57.4,57.37,57.395,33563
2026-03-18 15:10:00,57.395,57.395,57.355,57.37,16718
2026-03-18 15:15:00,57.37,57.3999,57.36,57.38,20001
2026-03-18 15:20:00,57.37,57.37,57.3,57.3,17282
2026-03-18 15:25:00,57.29,57.325,57.2728,57.31,22215
2026-03-18 15:30:00,57.305,57.325,57.285,57.325,39785
2026-03-18 15:35:00,57.33,57.335,57.31,57.32,32121
2026-03-18 15:40:00,57.315,57.325,57.275,57.28,29906
2026-03-18 15:45:00,57.28,57.29,57.255,57.265,49379
2026-03-18 15:50:00,57.27,57.33,57.27,57.295,91067
2026-03-18 15:55:00,57.295,57.295,57.21,57.23,123953
2026-03-18 16:00:00,57.23,57.23,57.23,57.23,17831
2026-03-18 16:15:00,57.22,57.22,57.22,57.22,500
2026-03-18 16:25:00,56.99,56.99,56.99,56.99,725
2026-03-19 04:10:00,57.01,57.01,57.01,57.01,170
2026-03-19 05:15:00,56.81,56.81,56.81,56.81,340
2026-03-19 05:30:00,56.76,56.76,56.72,56.72,2410
2026-03-19 05:45:00,56.92,56.92,56.91,56.91,320
2026-03-19 06:30:00,56.91,56.91,56.91,56.91,100
2026-03-19 07:20:00,56.82,56.82,56.82,56.82,140
2026-03-19 07:30:00,56.8,56.8,56.8,56.8,170
2026-03-19 07:55:00,56.81,56.81,56.81,56.81,170
2026-03-19 08:00:00,57.04,57.28,56.82,56.96,5650
2026-03-19 08:05:00,56.7,56.81,56.7,56.81,250
2026-03-19 08:30:00,56.55,56.55,56.55,56.55,100
2026-03-19 09:10:00,56.34,56.34,56.34,56.34,100
2026-03-19 09:20:00,56.44,56.44,56.44,56.44,100
2026-03-19 09:25:00,56.26,56.26,56.21,56.21,1510
2026-03-19 09:30:00,56.23,56.23,55.99,56.07,216297
2026-03-19 09:35:00,56.07,56.16,56.02,56.13,126042
2026-03-19 09:40:00,56.12,56.225,56.1,56.21,86597
2026-03-19 09:45:00,56.2,56.29,56.18,56.28,131124
2026-03-19 09:50:00,56.295,56.445,56.295,56.445,57219
2026-03-19 09:55:00,56.44,56.505,56.41,56.5,72635
2026-03-19 10:00:00,56.52,56.57,56.5,56.5,51756
2026-03-19 10:05:00,56.51,56.59,56.51,56.56,38673
2026-03-19 10:10:00,56.56,56.67,56.54,56.54,49136
2026-03-19 10:15:00,56.52,56.55,56.45,56.49,40939
2026-03-19 10:20:00,56.49,56.505,56.425,56.44,59067
2026-03-19 10:25:00,56.445,56.465,56.36,56.385,47327
2026-03-19 10:30:00,56.38,56.525,56.38,56.525,35634
2026-03-19 10:35:00,56.54,56.54,56.38,56.43,34942
2026-03-19 10:40:00,56.425,56.52,56.42,56.49,95018
2026-03-19 10:45:00,56.51,56.55,56.46,56.54,46432
2026-03-19 10:50:00,56.53,56.555,56.45,56.46,114604
2026-03-19 10:55:00,56.46,56.5,56.45,56.465,47008
2026-03-19 11:00:00,56.46,56.51,56.45,56.495,46289
2026-03-19 11:05:00,56.495,56.585,56.48,56.51,136570
2026-03-19 11:10:00,56.515,56.56,56.47,56.545,64395
2026-03-19 11:15:00,56.56,56.56,56.45,56.45,59412
2026-03-19 11:20:00,56.45,56.465,56.365,56.365,53366
2026-03-19 11:25:00,56.365,56.38,56.335,56.35,36956
2026-03-19 11:30:00,56.3401,56.35,56.29,56.29,35749
2026-03-19 11:35:00,56.29,56.31,56.27,56.31,31134
2026-03-19 11:40:00,56.31,56.37,56.3,56.32,60588
2026-03-19 11:45:00,56.3199,56.38,56.3,56.36,24786
2026-03-19 11:50:00,56.36,56.385,56.35,56.36,18288
2026-03-19 11:55:00,56.355,56.42,56.34,56.4,50561
2026-03-19 12:00:00,56.41,56.47,56.36,56.41,58424
2026-03-19 12:05:00,56.41,56.51,56.4,56.43,36275
2026-03-19 12:10:00,56.45,56.45,56.39,56.4,77617
2026-03-19 12:15:00,56.42,56.42,56.35,56.37,32693
2026-03-19 12:20:00,56.37,56.4,56.34,56.385,18324
2026-03-19 12:25:00,56.41,56.4399,56.4,56.4376,23989
2026-03-19 12:30:00,56.45,56.455,56.4,56.41,20266
2026-03-19 12:35:00,56.4,56.4,56.345,56.39,28658
2026-03-19 12:40:00,56.4,56.44,56.37,56.395,30776
2026-03-19 12:45:00,56.4,56.4,56.34,56.34,16027
2026-03-19 12:50:00,56.3484,56.36,56.275,56.34,22027
2026-03-19 12:55:00,56.345,56.3723,56.325,56.365,14189
2026-03-19 13:00:00,56.35,56.365,56.33,56.345,22040
2026-03-19 13:05:00,56.34,56.36,56.26,56.27,91808
2026-03-19 13:10:00,56.26,56.325,56.26,56.305,199177
2026-03-19 13:15:00,56.3,56.4,56.3,56.39,181591
2026-03-19 13:20:00,56.39,56.49,56.38,56.47,150008
2026-03-19 13:25:00,56.47,56.53,56.46,56.5,140773
2026-03-19 13:30:00,56.5,56.53,56.47,56.48,35795
2026-03-19 13:35:00,56.47,56.505,56.465,56.49,23507
2026-03-19 13:40:00,56.49,56.51,56.46,56.505,14468
2026-03-19 13:45:00,56.51,56.535,56.5,56.525,23147
2026-03-19 13:50:00,56.53,56.645,56.53,56.645,31435
2026-03-19 13:55:00,56.64,56.64,56.605,56.615,98606
2026-03-19 14:00:00,56.61,56.625,56.585,56.595,98694
2026-03-19 14:05:00,56.595,56.61,56.58,56.605,80032
2026-03-19 14:10:00,56.6,56.67,56.6,56.64,130865
2026-03-19 14:15:00,56.65,56.655,56.58,56.61,49299
2026-03-19 14:20:00,56.615,56.635,56.59,56.615,43647
2026-03-19 14:25:00,56.62,56.625,56.585,56.585,30261
2026-03-19 14:30:00,56.585,56.605,56.545,56.555,58191
2026-03-19 14:35:00,56.56,56.58,56.535,56.55,43273
2026-03-19 14:40:00,56.545,56.545,56.505,56.51,56050
2026-03-19 14:45:00,56.51,56.54,56.5,56.505,58157
2026-03-19 14:50:00,56.51,56.55,56.495,56.55,36211
2026-03-19 14:55:00,56.55,56.64,56.545,56.63,75579
2026-03-19 15:00:00,56.635,56.79,56.585,56.79,143309
2026-03-19 15:05:00,56.8,57.05,56.8,57.02,125509
2026-03-19 15:10:00,57.0,57.085,56.92,57.03,707276
2026-03-19 15:15:00,57.035,57.09,57.005,57.06,150235
2026-03-19 15:20:00,57.05,57.05,56.905,56.93,89292
2026-03-19 15:25:00,56.92,56.92,56.81,56.84,66118
2026-03-19 15:30:00,56.845,56.89,56.82,56.85,73956
2026-03-19 15:35:00,56.85,56.855,56.78,56.815,74104
2026-03-19 15:40:00,56.815,56.845,56.805,56.815,99686
2026-03-19 15:45:00,56.81,56.81,56.755,56.77,101119
2026-03-19 15:50:00,56.77,56.77,56.735,56.76,86572
2026-03-19 15:55:00,56.76,56.8,56.735,56.795,174077
2026-03-19 16:00:00,56.81,56.81,56.79,56.79,35592
2026-03-20 04:00:00,56.45,56.47,56.45,56.47,9500
2026-03-20 04:05:00,56.43,56.43,56.43,56.43,177
2026-03-20 04:15:00,56.41,56.44,56.41,56.44,354
2026-03-20 04:30:00,56.21,56.21,56.2,56.2,317
2026-03-20 05:15:00,56.2,56.2,56.2,56.2,119
2026-03-20 05:45:00,56.28,56.28,56.28,56.28,100
2026-03-20 06:00:00,56.21,56.21,56.2,56.2,200
2026-03-20 06:20:00,55.99,55.99,55.99,55.99,414
2026-03-20 07:25:00,56.28,56.28,56.28,56.28,110
2026-03-20 08:00:00,56.18,56.55,56.02,56.02,394
2026-03-20 08:25:00,56.18,56.18,56.18,56.18,119
2026-03-20 09:25:00,56.01,56.01,56.01,56.01,180
2026-03-20 09:30:00,56.0,56.04,55.88,55.88,78489
2026-03-20 09:35:00,55.87,55.93,55.84,55.88,11216
2026-03-20 09:40:00,55.88,56.025,55.88,56.01,13613
2026-03-20 09:45:00,56.01,56.03,55.94,55.975,17296
2026-03-20 09:50:00,55.96,55.96,55.81,55.82,28315
2026-03-20 09:55:00,55.82,55.84,55.73,55.77,25173
2026-03-20 10:00:00,55.76,55.86,55.76,55.85,323643
2026-03-20 10:05:00,55.845,55.905,55.795,55.82,114085
2026-03-20 10:10:00,55.82,55.875,55.68,55.71,93688
2026-03-20 10:15:00,55.705,55.79,55.705,55.74,27602
2026-03-20 10:20:00,55.76,55.77,55.665,55.71,35552
2026-03-20 10:25:00,55.695,55.72,55.68,55.7,8560
2026-03-20 10:30:00,55.7,55.76,55.69,55.76,26116
2026-03-20 10:35:00,55.76,55.79,55.69,55.74,19666
2026-03-20 10:40:00,55.73,55.74,55.6113,55.635,197207
2026-03-20 10:45:00,55.635,55.72,55.625,55.66,24517
2026-03-20 10:50:00,55.65,55.67,55.53,55.54,46039
2026-03-20 10:55:00,55.545,55.635,55.545,55.59,30782
2026-03-20 11:00:00,55.6,55.7001,55.565,55.615,86735
2026-03-20 11:05:00,55.605,55.635,55.57,55.6,62099
2026-03-20 11:10:00,55.6,55.705,55.6,55.7,106697
2026-03-20 11:15:00,55.695,55.7,55.625,55.625,198682
2026-03-20 11:20:00,55.62,55.78,55.58,55.6,153960
2026-03-20 11:25:00,55.6,55.6,55.52,55.54,43253
2026-03-20 11:30:00,55.555,55.635,55.54,55.615,38411
2026-03-20 11:35:00,55.61,55.62,55.57,55.57,86026
2026-03-20 11:40:00,55.57,55.58,55.55,55.565,45305
2026-03-20 11:45:00,55.56,55.56,55.52,55.53,15609
2026-03-20 11:50:00,55.525,55.57,55.51,55.535,13547
2026-03-20 11:55:00,55.53,55.55,55.51,55.54,9926
2026-03-20 12:00:00,55.54,55.64,55.525,55.64,11370
2026-03-20 12:05:00,55.63,55.63,55.5599,55.58,23499
2026-03-20 12:10:00,55.58,55.62,55.5739,55.58,11996
2026-03-20 12:15:00,55.58,55.6001,55.57,55.595,8241
2026-03-20 12:20:00,55.61,55.625,55.5799,55.61,11907
2026-03-20 12:25:00,55.6,55.6,55.54,55.54,20786
2026-03-20 12:30:00,55.53,55.535,55.45,55.535,45675
2026-03-20 12:35:00,55.55,55.57,55.51,55.52,37234
2026-03-20 12:40:00,55.535,55.5403,55.5026,55.5026,27232
2026-03-20 12:45:00,55.5,55.505,55.47,55.501,28961
2026-03-20 12:50:00,55.51,55.525,55.46,55.52,28473
2026-03-20 12:55:00,55.53,55.58,55.525,55.55,31859
2026-03-20 13:00:00,55.55,55.56,55.535,55.56,7734
2026-03-20 13:05:00,55.5621,55.565,55.445,55.525,64540
2026-03-20 13:10:00,55.53,55.54,55.49,55.49,21063
2026-03-20 13:15:00,55.5,55.5102,55.46,55.46,21476
2026-03-20 13:20:00,55.4599,55.475,55.43,55.43,16765
2026-03-20 13:25:00,55.44,55.455,55.39,55.4,29580
2026-03-20 13:30:00,55.4,55.415,55.31,55.315,19616
2026-03-20 13:35:00,55.32,55.345,55.275,55.3401,33681
2026-03-20 13:40:00,55.33,55.35,55.315,55.33,21169
2026-03-20 13:45:00,55.335,55.355,55.31,55.345,55406
2026-03-20 13:50:00,55.34,55.425,55.34,55.415,26936
2026-03-20 13:55:00,55.42,55.43,55.385,55.4002,35364
2026-03-20 14:00:00,55.41,55.415,55.365,55.37,11748
2026-03-20 14:05:00,55.365,55.3903,55.36,55.375,21659
2026-03-20 14:10:00,55.37,55.37,55.3228,55.35,13448
2026-03-20 14:15:00,55.35,55.36,55.325,55.34,18065
2026-03-20 14:20:00,55.35,55.36,55.185,55.205,80928
2026-03-20 14:25:00,55.21,55.325,55.21,55.285,21270
2026-03-20 14:30:00,55.3,55.325,55.27,55.3,58973
2026-03-20 14:35:00,55.29,55.2983,55.26,55.275,41086
2026-03-20 14:40:00,55.27,55.305,55.23,55.235,31282
2026-03-20 14:45:00,55.24,55.26,55.21,55.215,22055
2026-03-20 14:50:00,55.21,55.24,55.2,55.21,25830
2026-03-20 14:55:00,55.21,55.21,55.16,55.2,21383
2026-03-20 15:00:00,55.22,55.26,55.195,55.195,21628
2026-03-20 15:05:00,55.195,55.23,55.145,55.22,25280
2026-03-20 15:10:00,55.22,55.25,55.175,55.24,23287
2026-03-20 15:15:00,55.23,55.25,55.195,55.23,22114
2026-03-20 15:20:00,55.23,55.23,55.14,55.145,21747
2026-03-20 15:25:00,55.145,55.2001,55.14,55.195,21854
2026-03-20 15:30:00,55.2,55.22,55.155,55.155,25900
2026-03-20 15:35:00,55.155,55.17,55.095,55.15,39156
2026-03-20 15:40:00,55.145,55.25,55.145,55.25,37638
2026-03-20 15:45:00,55.24,55.24,55.12,55.12,30063
2026-03-20 15:50:00,55.13,55.24,55.13,55.24,58747
2026-03-20 15:55:00,55.24,55.29,55.1343,55.21,112157
2026-03-20 16:00:00,55.21,55.51,55.21,55.51,27753
2026-03-20 16:05:00,55.41,55.41,55.41,55.41,500
2026-03-20 16:15:00,55.5,55.5,55.5,55.5,441
2026-03-20 17:50:00,56.4398,56.4398,56.4398,56.4398,800
2026-03-20 18:55:00,56.83,56.83,56.83,56.83,170
2026-03-23 04:00:00,54.56,54.56,54.5,54.5,1641
2026-03-23 04:05:00,54.58,54.61,54.58,54.61,420
2026-03-23 04:10:00,54.54,54.6,54.54,54.58,899
2026-03-23 04:55:00,54.19,54.19,54.19,54.19,129
2026-03-23 05:00:00,54.41,54.41,54.41,54.41,247
2026-03-23 05:10:00,54.12,54.12,54.12,54.12,1035
2026-03-23 05:15:00,54.42,54.46,54.41,54.46,717
2026-03-23 05:20:00,54.46,54.46,54.46,54.46,180
2026-03-23 05:35:00,54.4,54.4,54.4,54.4,120
2026-03-23 05:40:00,54.37,54.37,54.37,54.37,650
2026-03-23 06:10:00,54.4,54.4,54.39,54.39,222
2026-03-23 06:45:00,54.24,54.24,54.19,54.19,287
2026-03-23 06:50:00,54.24,54.24,54.24,54.24,300
2026-03-23 07:05:00,54.4,55.56,54.4,55.56,8821
2026-03-23 07:15:00,55.74,55.74,55.61,55.61,317
2026-03-23 07:25:00,55.6,55.6,55.6,55.6,150
2026-03-23 07:30:00,55.4,55.4,55.4,55.4,700
2026-03-23 07:40:00,55.5,55.5,55.45,55.47,1346
2026-03-23 07:45:00,55.45,55.45,55.45,55.45,130
2026-03-23 08:00:00,54.13,54.35,54.03,54.03,1274
2026-03-23 08:05:00,54.32,54.32,54.32,54.32,110
2026-03-23 08:40:00,55.59,55.71,55.59,55.69,1473
2026-03-23 08:45:00,55.73,55.78,55.73,55.78,989
2026-03-23 08:50:00,55.9,55.9,55.9,55.9,300
2026-03-23 08:55:00,55.8139,55.8139,55.8139,55.8139,200
2026-03-23 09:25:00,55.5,55.5,55.5,55.5,109
2026-03-23 09:30:00,55.5,55.6,55.425,55.46,174732
2026-03-23 09:35:00,55.46,55.62,55.41,55.62,83969
2026-03-23 09:40:00,55.62,55.765,55.56,55.67,272301
2026-03-23 09:45:00,55.665,55.75,55.63,55.745,135627
2026-03-23 09:50:00,55.745,55.815,55.71,55.805,114020
2026-03-23 09:55:00,55.8,55.825,55.73,55.825,73931
2026-03-23 10:00:00,55.825,55.92,55.81,55.86,82533
2026-03-23 10:05:00,55.85,55.89,55.815,55.84,56966
2026-03-23 10:10:00,55.85,55.88,55.78,55.81,204969
2026-03-23 10:15:00,55.81,55.99,55.81,55.985,127020
2026-03-23 10:20:00,55.99,56.08,55.98,56.06,157092
2026-03-23 10:25:00,56.05,56.05,55.92,55.98,263818
2026-03-23 10:30:00,55.975,55.975,55.89,55.9,168887
2026-03-23 10:35:00,55.91,55.945,55.84,55.9,303377
2026-03-23 10:40:00,55.895,55.97,55.88,55.95,82571
2026-03-23 10:45:00,55.94,56.03,55.9,55.99,128868
2026-03-23 10:50:00,55.99,56.01,55.935,55.98,110848
2026-03-23 10:55:00,55.98,56.0,55.91,55.91,67691
2026-03-23 11:00:00,55.92,56.13,55.9,56.12,238654
2026-03-23 11:05:00,56.11,56.16,56.1,56.145,84288
2026-03-23 11:10:00,56.14,56.175,56.09,56.105,164702
2026-03-23 11:15:00,56.11,56.11,55.985,55.99,93694
2026-03-23 11:20:00,55.98,56.055,55.94,56.05,146577
2026-03-23 11:25:00,56.045,56.07,55.915,55.935,69110
2026-03-23 11:30:00,55.94,55.95,55.87,55.87,93229
2026-03-23 11:35:00,55.87,55.88,55.74,55.74,51897
2026-03-23 11:40:00,55.74,55.78,55.69,55.71,29226
2026-03-23 11:45:00,55.7,55.71,55.63,55.7,35537
2026-03-23 11:50:00,55.7,55.71,55.55,55.59,72334
2026-03-23 11:55:00,55.57,55.57,55.41,55.43,34290
2026-03-23 12:00:00,55.43,55.4899,55.4,55.43,35091
2026-03-23 12:05:00,55.42,55.52,55.405,55.505,40230
2026-03-23 12:10:00,55.5,55.56,55.485,55.52,34414
2026-03-23 12:15:00,55.51,55.53,55.435,55.44,97423
2026-03-23 12:20:00,55.44,55.455,55.375,55.41,35450
2026-03-23 12:25:00,55.4,55.41,55.305,55.305,26769
2026-03-23 12:30:00,55.305,55.42,55.305,55.415,30494
2026-03-23 12:35:00,55.43,55.49,55.43,55.45,57192
2026-03-23 12:40:00,55.455,55.53,55.45,55.53,44117
2026-03-23 12:45:00,55.52,55.565,55.51,55.56,22470
2026-03-23 12:50:00,55.55,55.58,55.51,55.53,33190
2026-03-23 12:55:00,55.54,55.54,55.43,55.45,16500
2026-03-23 13:00:00,55.45,55.49,55.4,55.4,24708
2026-03-23 13:05:00,55.37,55.45,55.36,55.44,38466
2026-03-23 13:10:00,55.43,55.45,55.38,55.38,19788
2026-03-23 13:15:00,55.38,55.4,55.33,55.38,31025
2026-03-23 13:20:00,55.38,55.4,55.325,55.38,25119
2026-03-23 13:25:00,55.38,55.47,55.38,55.46,20064
2026-03-23 13:30:00,55.47,55.6,55.47,55.6,39315
2026-03-23 13:35:00,55.62,55.695,55.62,55.65,23109
2026-03-23 13:40:00,55.66,55.66,55.57,55.58,24099
2026-03-23 13:45:00,55.585,55.585,55.53,55.54,18942
2026-03-23 13:50:00,55.54,55.61,55.54,55.605,16985
2026-03-23 13:55:00,55.6,55.6501,55.595,55.64,11598
2026-03-23 14:00:00,55.6401,55.6599,55.6184,55.65,16976
2026-03-23 14:05:00,55.65,55.65,55.495,55.59,49656
2026-03-23 14:10:00,55.6,55.645,55.6,55.63,31031
2026-03-23 14:15:00,55.62,55.6293,55.58,55.62,15344
2026-03-23 14:20:00,55.615,55.65,55.615,55.65,14883
2026-03-23 14:25:00,55.65,55.67,55.64,55.64,17366
2026-03-23 14:30:00,55.645,55.78,55.645,55.775,42998
2026-03-23 14:35:00,55.775,55.83,55.76,55.77,62668
2026-03-23 14:40:00,55.76,55.795,55.72,55.765,35041
2026-03-23 14:45:00,55.76,55.8072,55.75,55.805,20053
2026-03-23 14:50:00,55.8,55.8001,55.715,55.73,11832
2026-03-23 14:55:00,55.74,55.7402,55.71,55.7195,10655
2026-03-23 15:00:00,55.72,55.72,55.67,55.675,11265
2026-03-23 15:05:00,55.68,55.71,55.67,55.71,12424
2026-03-23 15:10:00,55.71,55.715,55.675,55.69,23372
2026-03-23 15:15:00,55.69,55.7199,55.655,55.68,40397
2026-03-23 15:20:00,55.685,55.685,55.645,55.65,15051
2026-03-23 15:25:00,55.66,55.675,55.63,55.66,23823
2026-03-23 15:30:00,55.67,55.7,55.665,55.67,22369
2026-03-23 15:35:00,55.68,55.695,55.665,55.69,73431
2026-03-23 15:40:00,55.685,55.69,55.65,55.67,23745
2026-03-23 15:45:00,55.67,55.71,55.665,55.69,31563
2026-03-23 15:50:00,55.69,55.69,55.605,55.625,38489
2026-03-23 15:55:00,55.63,55.635,55.59,55.59,122253
2026-03-23 16:00:00,55.59,55.59,55.37,55.37,84356
2026-03-24 04:10:00,55.86,55.9,55.85,55.9,840
2026-03-24 04:15:00,55.87,55.87,55.84,55.84,2002
2026-03-24 05:15:00,55.64,55.64,55.64,55.64,154
2026-03-24 05:55:00,55.83,55.9,55.83,55.9,850
2026-03-24 06:20:00,55.82,55.82,55.81,55.81,500
2026-03-24 06:25:00,55.81,55.81,55.8,55.81,2250
2026-03-24 06:30:00,55.81,55.82,55.74,55.74,3939
2026-03-24 07:40:00,55.68,55.68,55.68,55.68,440
2026-03-24 08:00:00,55.9364,56.02,55.31,56.02,10299
2026-03-24 09:25:00,55.43,55.43,55.43,55.43,680
2026-03-24 09:30:00,55.41,55.52,55.31,55.5,324026
2026-03-24 09:35:00,55.5,55.55,55.39,55.42,41109
2026-03-24 09:40:00,55.41,55.42,55.335,55.36,81677
2026-03-24 09:45:00,55.365,55.41,55.29,55.295,67982
2026-03-24 09:50:00,55.29,55.41,55.26,55.37,37353
2026-03-24 09:55:00,55.39,55.505,55.39,55.505,23777
2026-03-24 10:00:00,55.52,55.585,55.485,55.585,44798
2026-03-24 10:05:00,55.585,55.67,55.535,55.66,18099
2026-03-24 10:10:00,55.67,55.705,55.535,55.62,29850
2026-03-24 10:15:00,55.62,55.62,55.555,55.59,10808
2026-03-24 10:20:00,55.59,55.605,55.525,55.53,65097
2026-03-24 10:25:00,55.53,55.57,55.49,55.51,17428
2026-03-24 10:30:00,55.5,55.575,55.495,55.565,8485
2026-03-24 10:35:00,55.57,55.575,55.475,55.52,18786
2026-03-24 10:40:00,55.5101,55.62,55.51,55.6,26491
2026-03-24 10:45:00,55.6,55.65,55.55,55.56,32530
2026-03-24 10:50:00,55.54,55.83,55.48,55.7,152861
2026-03-24 10:55:00,55.69,55.76,55.515,55.61,92890
2026-03-24 11:00:00,55.615,55.715,55.61,55.66,55254
2026-03-24 11:05:00,55.64,55.66,55.615,55.63,14183
2026-03-24 11:10:00,55.625,55.68,55.6,55.665,14283
2026-03-24 11:15:00,55.66,55.73,55.66,55.71,13283
2026-03-24 11:20:00,55.7,55.78,55.67,55.78,18223
2026-03-24 11:25:00,55.775,55.815,55.725,55.73,14330
2026-03-24 11:30:00,55.745,55.78,55.7,55.73,7656
2026-03-24 11:35:00,55.73,55.78,55.725,55.76,6494
2026-03-24 11:40:00,55.75,55.765,55.73,55.74,7568
2026-03-24 11:45:00,55.73,55.745,55.71,55.74,6442
2026-03-24 11:50:00,55.74,55.79,55.74,55.74,11028
2026-03-24 11:55:00,55.74,55.74,55.62,55.62,17386
2026-03-24 12:00:00,55.61,55.63,55.585,55.59,13636
2026-03-24 12:05:00,55.59,55.635,55.56,55.635,9638
2026-03-24 12:10:00,55.63,55.65,55.61,55.65,6914
2026-03-24 12:15:00,55.65,55.75,55.64,55.75,10478
2026-03-24 12:20:00,55.74,55.77,55.705,55.755,8412
2026-03-24 12:25:00,55.75,55.7719,55.71,55.77,12837
2026-03-24 12:30:00,55.775,55.79,55.755,55.79,12232
2026-03-24 12:35:00,55.7801,55.785,55.69,55.7,15355
2026-03-24 12:40:00,55.68,55.75,55.67,55.75,20475
2026-03-24 12:45:00,55.76,55.78,55.73,55.73,8682
2026-03-24 12:50:00,55.74,55.785,55.74,55.75,13826
2026-03-24 12:55:00,55.74,55.77,55.71,55.725,16736
2026-03-24 13:00:00,55.725,55.735,55.61,55.61,11214
2026-03-24 13:05:00,55.6,55.6,55.52,55.52,28860
2026-03-24 13:10:00,55.51,55.525,55.48,55.51,15261
2026-03-24 13:15:00,55.5,55.51,55.44,55.45,438274
2026-03-24 13:20:00,55.445,55.53,55.445,55.51,76525
2026-03-24 13:25:00,55.51,55.535,55.5,55.525,29912
2026-03-24 13:30:00,55.52,55.555,55.47,55.47,38802
2026-03-24 13:35:00,55.46,55.515,55.4418,55.515,30829
2026-03-24 13:40:00,55.52,55.545,55.455,55.465,35933
2026-03-24 13:45:00,55.4603,55.475,55.45,55.465,19146
2026-03-24 13:50:00,55.46,55.53,55.445,55.485,78999
2026-03-24 13:55:00,55.48,55.64,55.475,55.625,159389
2026-03-24 14:00:00,55.635,55.685,55.615,55.64,43845
2026-03-24 14:05:00,55.63,55.645,55.595,55.6,35828
2026-03-24 14:10:00,55.6,55.6099,55.575,55.575,35175
2026-03-24 14:15:00,55.57,55.64,55.56,55.63,35887
2026-03-24 14:20:00,55.66,55.66,55.61,55.64,21792
2026-03-24 14:25:00,55.645,55.695,55.64,55.675,18269
2026-03-24 14:30:00,55.675,55.765,55.66,55.72,23829
2026-03-24 14:35:00,55.725,55.815,55.72,55.805,66469
2026-03-24 14:40:00,55.825,55.825,55.73,55.76,35973
2026-03-24 14:45:00,55.76,55.77,55.71,55.715,46025
2026-03-24 14:50:00,55.715,55.765,55.71,55.725,31170
2026-03-24 14:55:00,55.725,55.73,55.685,55.7,28741
2026-03-24 15:00:00,55.695,55.75,55.695,55.745,28396
2026-03-24 15:05:00,55.74,55.78,55.735,55.775,22138
2026-03-24 15:10:00,55.7703,55.79,55.765,55.79,19873
2026-03-24 15:15:00,55.785,55.79,55.75,55.755,14914
2026-03-24 15:20:00,55.76,55.76,55.705,55.73,27405
2026-03-24 15:25:00,55.73,55.73,55.66,55.67,20768
2026-03-24 15:30:00,55.66,55.68,55.635,55.68,49699
2026-03-24 15:35:00,55.67,55.68,55.655,55.66,31707
2026-03-24 15:40:00,55.665,55.675,55.66,55.665,65542
2026-03-24 15:45:00,55.665,55.67,55.62,55.665,95255
2026-03-24 15:50:00,55.67,55.67,55.615,55.63,78804
2026-03-24 15:55:00,55.635,55.65,55.6,55.65,135473
2026-03-24 16:00:00,55.64,55.64,55.64,55.64,12097
2026-03-24 16:05:00,55.66,55.66,55.66,55.66,500
2026-03-24 16:25:00,56.0,56.0,55.896,55.896,483
2026-03-25 04:15:00,56.74,56.74,56.74,56.74,100
2026-03-25 05:25:00,56.54,56.54,56.54,56.54,100
2026-03-25 08:00:00,56.4307,56.61,56.0,56.48,659
2026-03-25 08:20:00,56.54,56.54,56.48,56.48,881
2026-03-25 09:20:00,56.47,56.47,56.46,56.46,1003
2026-03-25 09:25:00,56.54,56.56,56.53,56.56,908
2026-03-25 09:30:00,56.515,56.62,56.51,56.535,232497
2026-03-25 09:35:00,56.535,56.635,56.51,56.55,179575
2026-03-25 09:40:00,56.56,56.61,56.51,56.52,62952
2026-03-25 09:45:00,56.53,56.54,56.45,56.45,55026
2026-03-25 09:50:00,56.45,56.46,56.39,56.43,91242
2026-03-25 09:55:00,56.42,56.55,56.42,56.51,70530
2026-03-25 10:00:00,56.52,56.58,56.46,56.57,81646
2026-03-25 10:05:00,56.57,56.71,56.57,56.71,80592
2026-03-25 10:10:00,56.7,56.75,56.68,56.75,65047
2026-03-25 10:15:00,56.75,56.81,56.74,56.77,30564
2026-03-25 10:20:00,56.77,56.8,56.68,56.7,54208
2026-03-25 10:25:00,56.7,56.82,56.7,56.735,96936
2026-03-25 10:30:00,56.76,56.795,56.73,56.795,20197
2026-03-25 10:35:00,56.8,56.81,56.72,56.74,40687
2026-03-25 10:40:00,56.74,56.765,56.71,56.755,27540
2026-03-25 10:45:00,56.75,56.795,56.74,56.7721,23955
2026-03-25 10:50:00,56.775,56.805,56.745,56.745,28661
2026-03-25 10:55:00,56.75,56.75,56.68,56.69,36585
2026-03-25 11:00:00,56.7,56.73,56.67,56.71,22499
2026-03-25 11:05:00,56.7,56.72,56.58,56.58,40405
2026-03-25 11:10:00,56.59,56.6,56.53,56.53,46408
2026-03-25 11:15:00,56.52,56.53,56.355,56.43,130735
2026-03-25 11:20:00,56.43,56.66,56.43,56.64,38874
2026-03-25 11:25:00,56.63,56.68,56.6,56.68,25704
2026-03-25 11:30:00,56.69,56.7,56.6498,56.65,20676
2026-03-25 11:35:00,56.65,56.665,56.59,56.61,21170
2026-03-25 11:40:00,56.62,56.63,56.57,56.62,12121
2026-03-25 11:45:00,56.625,56.63,56.58,56.58,13731
2026-03-25 11:50:00,56.59,56.615,56.56,56.585,27220
2026-03-25 11:55:00,56.58,56.61,56.56,56.6,32445
2026-03-25 12:00:00,56.59,56.64,56.58,56.58,43500
2026-03-25 12:05:00,56.585,56.615,56.55,56.6,16154
2026-03-25 12:10:00,56.59,56.62,56.56,56.61,20611
2026-03-25 12:15:00,56.62,56.62,56.55,56.57,18469
2026-03-25 12:20:00,56.58,56.7,56.58,56.7,53237
2026-03-25 12:25:00,56.69,56.74,56.66,56.715,118601
2026-03-25 12:30:00,56.73,56.74,56.7,56.72,33366
2026-03-25 12:35:00,56.71,56.725,56.7,56.705,18442
2026-03-25 12:40:00,56.7,56.71,56.68,56.68,15716
2026-03-25 12:45:00,56.68,56.69,56.65,56.67,20601
2026-03-25 12:50:00,56.665,56.72,56.64,56.71,19196
2026-03-25 12:55:00,56.71,56.72,56.66,56.68,13625
2026-03-25 13:00:00,56.69,56.76,56.68,56.69,42894
2026-03-25 13:05:00,56.68,56.69,56.65,56.65,11477
2026-03-25 13:10:00,56.65,56.7,56.645,56.69,16414
2026-03-25 13:15:00,56.69,56.69,56.61,56.65,16034
2026-03-25 13:20:00,56.65,56.7,56.64,56.67,12347
2026-03-25 13:25:00,56.67,56.71,56.665,56.69,8250
2026-03-25 13:30:00,56.69,56.715,56.67,56.7,13742
2026-03-25 13:35:00,56.71,56.735,56.7,56.72,18126
2026-03-25 13:40:00,56.725,56.795,56.71,56.745,35445
2026-03-25 13:45:00,56.74,56.745,56.69,56.71,15342
2026-03-25 13:50:00,56.701,56.745,56.655,56.66,31172
2026-03-25 13:55:00,56.65,56.75,56.65,56.68,33476
2026-03-25 14:00:00,56.67,56.685,56.655,56.685,13360
2026-03-25 14:05:00,56.69,56.71,56.6799,56.6799,7789
2026-03-25 14:10:00,56.67,56.69,56.65,56.66,7972
2026-03-25 14:15:00,56.6598,56.68,56.65,56.65,17487
2026-03-25 14:20:00,56.66,56.6721,56.66,56.67,12911
2026-03-25 14:25:00,56.67,56.6701,56.61,56.62,12466
2026-03-25 14:30:00,56.62,56.635,56.6197,56.63,11283
2026-03-25 14:35:00,56.63,56.635,56.6,56.6,12075
2026-03-25 14:40:00,56.605,56.6098,56.57,56.58,13026
2026-03-25 14:45:00,56.57,56.6001,56.565,56.5821,19362
2026-03-25 14:50:00,56.59,56.595,56.58,56.59,8570
2026-03-25 14:55:00,56.59,56.59,56.51,56.56,57665
2026-03-25 15:00:00,56.56,56.56,56.515,56.545,27042
2026-03-25 15:05:00,56.55,56.57,56.55,56.56,18311
2026-03-25 15:10:00,56.56,56.58,56.52,56.58,26962
2026-03-25 15:15:00,56.59,56.62,56.59,56.615,24753
2026-03-25 15:20:00,56.62,56.64,56.62,56.625,34640
2026-03-25 15:25:00,56.62,56.63,56.573,56.5822,18481
2026-03-25 15:30:00,56.59,56.605,56.58,56.605,14281
2026-03-25 15:35:00,56.61,56.63,56.6,56.625,15992
2026-03-25 15:40:00,56.63,56.665,56.63,56.645,16123
2026-03-25 15:45:00,56.64,56.64,56.56,56.58,58858
2026-03-25 15:50:00,56.59,56.64,56.58,56.6,91233
2026-03-25 15:55:00,56.6,56.65,56.595,56.645,137944
2026-03-25 16:00:00,56.65,56.65,56.65,56.65,78759
2026-03-25 17:20:00,56.66,56.66,56.66,56.66,495
2026-03-26 04:10:00,55.43,55.43,55.43,55.43,143
2026-03-26 07:25:00,55.35,55.35,55.25,55.33,714
2026-03-26 07:30:00,55.24,55.24,55.23,55.23,500
2026-03-26 07:45:00,55.23,55.23,55.23,55.23,1000
2026-03-26 07:55:00,55.23,55.23,55.18,55.18,850
2026-03-26 08:00:00,56.55,56.55,55.4,55.4,459
2026-03-26 08:25:00,55.0,55.0,55.0,55.0,6278
2026-03-26 09:30:00,55.275,55.44,55.21,55.435,111571
2026-03-26 09:35:00,55.44,55.45,55.315,55.32,35734
2026-03-26 09:40:00,55.315,55.47,55.315,55.47,47903
2026-03-26 09:45:00,55.47,55.58,55.47,55.515,52222
2026-03-26 09:50:00,55.525,55.59,55.51,55.585,21188
2026-03-26 09:55:00,55.58,55.58,55.41,55.56,45685
2026-03-26 10:00:00,55.56,55.57,55.49,55.498,45603
2026-03-26 10:05:00,55.49,55.53,55.46,55.5,61608
2026-03-26 10:10:00,55.5,55.59,55.495,55.59,43111
2026-03-26 10:15:00,55.58,55.64,55.58,55.62,29405
2026-03-26 10:20:00,55.62,55.635,55.59,55.62,45915
2026-03-26 10:25:00,55.61,55.65,55.6,55.62,22317
2026-03-26 10:30:00,55.62,55.67,55.62,55.665,26132
2026-03-26 10:35:00,55.665,55.665,55.61,55.64,20433
2026-03-26 10:40:00,55.64,55.695,55.51,55.53,85729
2026-03-26 10:45:00,55.53,55.55,55.485,55.5,41238
2026-03-26 10:50:00,55.51,55.545,55.39,55.39,14025
2026-03-26 10:55:00,55.38,55.52,55.36,55.51,52455
2026-03-26 11:00:00,55.51,55.54,55.49,55.49,24610
2026-03-26 11:05:00,55.49,55.54,55.4675,55.48,71976
2026-03-26 11:10:00,55.49,55.54,55.49,55.5,11771
2026-03-26 11:15:00,55.5001,55.51,55.42,55.425,23776
2026-03-26 11:20:00,55.42,55.445,55.36,55.39,28876
2026-03-26 11:25:00,55.39,55.44,55.38,55.41,14579
2026-03-26 11:30:00,55.41,55.41,55.33,55.34,11493
2026-03-26 11:35:00,55.34,55.37,55.325,55.325,14571
2026-03-26 11:40:00,55.33,55.35,55.29,55.31,8596
2026-03-26 11:45:00,55.32,55.41,55.31,55.36,20410
2026-03-26 11:50:00,55.365,55.42,55.36,55.38,8604
2026-03-26 11:55:00,55.39,55.39,55.32,55.32,17158
2026-03-26 12:00:00,55.33,55.35,55.31,55.32,8016
2026-03-26 12:05:00,55.32,55.35,55.3,55.345,10486
2026-03-26 12:10:00,55.35,55.355,55.315,55.34,17815
2026-03-26 12:15:00,55.33,55.33,55.22,55.3,35011
2026-03-26 12:20:00,55.295,55.295,55.2,55.23,12245
2026-03-26 12:25:00,55.235,55.235,55.165,55.18,29793
2026-03-26 12:30:00,55.18,55.22,55.165,55.22,31259
2026-03-26 12:35:00,55.21,55.23,55.18,55.185,51564
2026-03-26 12:40:00,55.18,55.225,55.18,55.19,18945
2026-03-26 12:45:00,55.2,55.215,55.16,55.18,28349
2026-03-26 12:50:00,55.18,55.205,55.16,55.205,18046
2026-03-26 12:55:00,55.205,55.205,55.18,55.19,16971
2026-03-26 13:00:00,55.19,55.23,55.19,55.205,24798
2026-03-26 13:05:00,55.21,55.235,55.195,55.215,25532
2026-03-26 13:10:00,55.21,55.21,55.18,55.18,12158
2026-03-26 13:15:00,55.18,55.18,55.15,55.17,32170
2026-03-26 13:20:00,55.17,55.175,55.12,55.13,38923
2026-03-26 13:25:00,55.13,55.13,55.09,55.13,52157
2026-03-26 13:30:00,55.13,55.17,55.12,55.165,28953
2026-03-26 13:35:00,55.17,55.175,55.135,55.16,22263
2026-03-26 13:40:00,55.16,55.16,55.105,55.1199,28400
2026-03-26 13:45:00,55.12,55.13,55.1,55.1,21936
2026-03-26 13:50:00,55.1,55.1012,55.07,55.1,19041
2026-03-26 13:55:00,55.105,55.105,55.06,55.065,33246
2026-03-26 14:00:00,55.06,55.125,55.06,55.11,29497
2026-03-26 14:05:00,55.11,55.12,55.1,55.115,21012
2026-03-26 14:10:00,55.11,55.115,55.09,55.105,27962
2026-03-26 14:15:00,55.1,55.11,55.08,55.085,10787
2026-03-26 14:20:00,55.085,55.085,55.05,55.07,13835
2026-03-26 14:25:00,55.08,55.09,55.035,55.05,21249
2026-03-26 14:30:00,55.05,55.11,55.05,55.11,10648
2026-03-26 14:35:00,55.105,55.165,55.105,55.16,25046
2026-03-26 14:40:00,55.16,55.18,55.155,55.16,11913
2026-03-26 14:45:00,55.1588,55.18,55.135,55.175,30516
2026-03-26 14:50:00,55.17,55.195,55.165,55.195,12807
2026-03-26 14:55:00,55.195,55.195,55.155,55.19,16347
2026-03-26 15:00:00,55.19,55.19,55.115,55.115,21562
2026-03-26 15:05:00,55.12,55.12,55.06,55.08,32060
2026-03-26 15:10:00,55.0801,55.0801,55.05,55.08,19581
2026-03-26 15:15:00,55.085,55.11,55.0799,55.1,46051
2026-03-26 15:20:00,55.1,55.105,55.08,55.085,17014
2026-03-26 15:25:00,55.08,55.09,55.03,55.04,49366
2026-03-26 15:30:00,55.045,55.045,55.0,55.015,55494
2026-03-26 15:35:00,55.015,55.08,55.01,55.06,258415
2026-03-26 15:40:00,55.055,55.07,55.05,55.06,275107
2026-03-26 15:45:00,55.065,55.07,55.04,55.06,339295
2026-03-26 15:50:00,55.07,55.08,55.04,55.07,398453
2026-03-26 15:55:00,55.065,55.08,55.005,55.03,460695
2026-03-26 16:00:00,55.04,55.04,55.04,55.04,29938
2026-03-26 16:10:00,55.2,55.2,55.2,55.2,200
2026-03-26 16:25:00,55.02,55.03,55.01,55.03,626
2026-03-26 16:35:00,55.14,55.14,55.14,55.14,100
2026-03-26 18:15:00,55.1,55.1,55.1,55.1,164
2026-03-26 18:30:00,55.1,55.1,55.1,55.1,223
2026-03-26 19:10:00,55.18,55.18,55.18,55.18,254
2026-03-26 19:25:00,55.36,55.36,55.36,55.36,190
2026-03-27 05:15:00,55.75,55.84,55.54,55.57,1980
2026-03-27 06:55:00,55.11,55.11,55.11,55.11,180
2026-03-27 07:00:00,55.1,55.1,55.05,55.05,540
2026-03-27 07:10:00,55.11,55.11,55.11,55.11,737
2026-03-27 07:45:00,55.11,55.11,55.11,55.11,171
2026-03-27 07:50:00,55.1,55.11,55.1,55.11,600
2026-03-27 07:55:00,55.11,55.11,55.11,55.11,723
2026-03-27 08:00:00,55.11,56.0,55.11,56.0,911
2026-03-27 08:45:00,55.1,55.1,55.1,55.1,250
2026-03-27 08:50:00,55.11,55.11,55.11,55.11,1570
2026-03-27 09:25:00,55.27,55.27,55.17,55.22,4197
2026-03-27 09:30:00,55.23,55.23,55.11,55.12,79853
2026-03-27 09:35:00,55.12,55.17,55.075,55.16,76421
2026-03-27 09:40:00,55.15,55.185,55.135,55.18,67387
2026-03-27 09:45:00,55.17,55.24,55.16,55.21,21962
2026-03-27 09:50:00,55.19,55.19,55.06,55.075,70719
2026-03-27 09:55:00,55.075,55.075,54.985,55.03,59270
2026-03-27 10:00:00,55.02,55.08,55.01,55.07,21539
2026-03-27 10:05:00,55.07,55.09,55.005,55.015,79140
2026-03-27 10:10:00,55.005,55.06,54.995,55.06,10823
2026-03-27 10:15:00,55.06,55.16,55.06,55.13,8014
2026-03-27 10:20:00,55.13,55.15,55.055,55.0818,8048
2026-03-27 10:25:00,55.08,55.1,55.01,55.01,13509
2026-03-27 10:30:00,55.01,55.04,54.99,55.038,6454
2026-03-27 10:35:00,55.06,55.06,54.975,54.975,8205
2026-03-27 10:40:00,54.98,54.99,54.965,54.98,5384
2026-03-27 10:45:00,55.01,55.07,54.98,55.07,8682
2026-03-27 10:50:00,55.07,55.105,55.03,55.03,5870
2026-03-27 10:55:00,55.04,55.14,55.04,55.12,7235
2026-03-27 11:00:00,55.11,55.17,55.11,55.17,18346
2026-03-27 11:05:00,55.17,55.19,55.1,55.12,5211
2026-03-27 11:10:00,55.13,55.135,55.09,55.13,11837
2026-03-27 11:15:00,55.12,55.12,55.045,55.07,10225
2026-03-27 11:20:00,55.08,55.255,55.05,55.14,70808
2026-03-27 11:25:00,55.15,55.2,55.12,55.17,8152
2026-03-27 11:30:00,55.18,55.24,55.165,55.22,22424
2026-03-27 11:35:00,55.23,55.24,55.165,55.175,6908
2026-03-27 11:40:00,55.17,55.17,55.12,55.13,4229
2026-03-27 11:45:00,55.13,55.15,55.11,55.1401,5836
2026-03-27 11:50:00,55.14,55.175,55.125,55.145,22990
2026-03-27 11:55:00,55.15,55.15,55.1,55.105,7336
2026-03-27 12:00:00,55.105,55.11,55.08,55.09,6422
2026-03-27 12:05:00,55.1,55.1,55.05,55.0501,8066
2026-03-27 12:10:00,55.05,55.07,55.025,55.04,36351
2026-03-27 12:15:00,55.055,55.06,55.0396,55.06,6082
2026-03-27 12:20:00,55.07,55.095,55.05,55.055,11614
2026-03-27 12:25:00,55.05,55.055,55.01,55.04,28351
2026-03-27 12:30:00,55.04,55.055,55.015,55.0299,19281
2026-03-27 12:35:00,55.035,55.035,54.985,54.985,7034
2026-03-27 12:40:00,54.97,55.02,54.96,55.01,10858
2026-03-27 12:45:00,55.01,55.07,54.99,55.07,7094
2026-03-27 12:50:00,55.07,55.085,55.03,55.04,54491
2026-03-27 12:55:00,55.03,55.0365,54.98,54.98,15752
2026-03-27 13:00:00,54.975,54.9999,54.945,54.995,16381
2026-03-27 13:05:00,55.0,55.135,54.98,55.03,54707
2026-03-27 13:10:00,55.02,55.02,54.965,54.975,7258
2026-03-27 13:15:00,54.975,54.98,54.95,54.96,7012
2026-03-27 13:20:00,54.96,54.96,54.935,54.95,13308
2026-03-27 13:25:00,54.945,54.945,54.88,54.889,11350
2026-03-27 13:30:00,54.88,54.885,54.87,54.88,12452
2026-03-27 13:35:00,54.8898,54.9,54.875,54.875,4629
2026-03-27 13:40:00,54.875,54.875,54.83,54.84,13808
2026-03-27 13:45:00,54.86,54.885,54.84,54.86,11753
2026-03-27 13:50:00,54.855,54.87,54.855,54.865,11543
2026-03-27 13:55:00,54.87,54.87,54.8301,54.855,7045
2026-03-27 14:00:00,54.86,54.875,54.855,54.855,5840
2026-03-27 14:05:00,54.855,54.865,54.83,54.84,5091
2026-03-27 14:10:00,54.84,54.84,54.805,54.82,6933
2026-03-27 14:15:00,54.83,54.875,54.82,54.875,20403
2026-03-27 14:20:00,54.87,54.875,54.835,54.845,47510
2026-03-27 14:25:00,54.845,54.86,54.835,54.85,6764
2026-03-27 14:30:00,54.85,54.875,54.85,54.87,10095
2026-03-27 14:35:00,54.87,54.905,54.87,54.89,6886
2026-03-27 14:40:00,54.89,54.935,54.865,54.875,16446
2026-03-27 14:45:00,54.875,54.885,54.835,54.835,20251
2026-03-27 14:50:00,54.84,54.845,54.805,54.845,6287
2026-03-27 14:55:00,54.84,54.845,54.82,54.83,4300
2026-03-27 15:00:00,54.83,54.84,54.81,54.815,127112
2026-03-27 15:05:00,54.815,54.815,54.78,54.79,78865
2026-03-27 15:10:00,54.79,54.82,54.785,54.805,92927
2026-03-27 15:15:00,54.805,54.85,54.8,54.835,81832
2026-03-27 15:20:00,54.835,54.84,54.815,54.83,68787
2026-03-27 15:25:00,54.825,54.83,54.815,54.815,45104
2026-03-27 15:30:00,54.815,54.875,54.81,54.87,133789
2026-03-27 15:35:00,54.875,54.875,54.83,54.845,81295
2026-03-27 15:40:00,54.84,54.84,54.795,54.81,128785
2026-03-27 15:45:00,54.805,54.81,54.76,54.775,156586
2026-03-27 15:50:00,54.77,54.87,54.755,54.87,132969
2026-03-27 15:55:00,54.865,54.899,54.845,54.85,260737
2026-03-27 16:00:00,54.84,54.84,54.82,54.83,42440
2026-03-27 16:25:00,55.03,55.03,55.03,55.03,118
2026-03-30 04:00:00,54.82,55.18,54.82,55.18,1402
2026-03-30 04:05:00,54.95,54.95,54.95,54.95,360
2026-03-30 07:25:00,55.37,55.37,55.37,55.37,100
2026-03-30 09:25:00,55.2,55.27,55.18,55.18,9413
2026-03-30 09:30:00,55.22,55.26,55.15,55.15,114079
2026-03-30 09:35:00,55.14,55.17,55.11,55.17,76467
2026-03-30 09:40:00,55.165,55.165,55.07,55.09,35047
2026-03-30 09:45:00,55.095,55.11,54.995,55.01,41794
2026-03-30 09:50:00,55.0,55.025,54.971,54.98,26909
2026-03-30 09:55:00,54.97,55.0,54.95,54.99,17398
2026-03-30 10:00:00,54.985,55.08,54.985,55.055,46555
2026-03-30 10:05:00,55.055,55.055,54.99,55.05,29468
2026-03-30 10:10:00,55.06,55.13,55.06,55.12,26882
2026-03-30 10:15:00,55.12,55.12,55.04,55.0507,23022
2026-03-30 10:20:00,55.065,55.09,55.04,55.07,28625
2026-03-30 10:25:00,55.07,55.07,55.03,55.05,30375
2026-03-30 10:30:00,55.05,55.1,55.05,55.07,17309
2026-03-30 10:35:00,55.08,55.11,55.04,55.08,80633
2026-03-30 10:40:00,55.07,55.09,54.995,55.0,18198
2026-03-30 10:45:00,55.0,55.17,54.99,55.1,82334
2026-03-30 10:50:00,55.09,55.14,55.075,55.12,208170
2026-03-30 10:55:00,55.12,55.215,55.095,55.215,55894
2026-03-30 11:00:00,55.22,55.32,55.22,55.315,23631
2026-03-30 11:05:00,55.325,55.325,55.185,55.1901,37033
2026-03-30 11:10:00,55.2,55.215,55.15,55.15,19786
2026-03-30 11:15:00,55.15,55.16,55.092,55.16,27335
2026-03-30 11:20:00,55.16,55.195,55.1527,55.18,36918
2026-03-30 11:25:00,55.19,55.21,55.155,55.155,44061
2026-03-30 11:30:00,55.155,55.25,55.135,55.25,58055
2026-03-30 11:35:00,55.255,55.285,55.235,55.25,13792
2026-03-30 11:40:00,55.24,55.31,55.24,55.3,7035
2026-03-30 11:45:00,55.3,55.3,55.255,55.28,9790
2026-03-30 11:50:00,55.285,55.33,55.285,55.29,11807
2026-03-30 11:55:00,55.285,55.285,55.23,55.24,12780
2026-03-30 12:00:00,55.235,55.235,55.165,55.17,13589
2026-03-30 12:05:00,55.17,55.185,55.14,55.155,24896
2026-03-30 12:10:00,55.15,55.185,55.1499,55.175,20178
2026-03-30 12:15:00,55.17,55.17,55.125,55.14,34299
2026-03-30 12:20:00,55.15,55.16,55.115,55.1231,17181
2026-03-30 12:25:00,55.13,55.14,55.09,55.09,9774
2026-03-30 12:30:00,55.08,55.1003,55.08,55.085,9465
2026-03-30 12:35:00,55.085,55.115,55.085,55.115,5538
2026-03-30 12:40:00,55.11,55.13,55.102,55.102,4737
2026-03-30 12:45:00,55.105,55.105,55.0801,55.0801,14439
2026-03-30 12:50:00,55.085,55.11,55.07,55.075,109575
2026-03-30 12:55:00,55.075,55.075,55.055,55.075,8632
2026-03-30 13:00:00,55.08,55.11,55.02,55.02,12332
2026-03-30 13:05:00,55.02,55.07,55.02,55.06,12025
2026-03-30 13:10:00,55.07,55.07,55.0,55.0,47082
2026-03-30 13:15:00,55.0,55.01,54.94,54.97,41378
2026-03-30 13:20:00,54.965,54.965,54.9099,54.93,7781
2026-03-30 13:25:00,54.93,54.94,54.92,54.925,5718
2026-03-30 13:30:00,54.925,54.925,54.89,54.9,24490
2026-03-30 13:35:00,54.89,54.96,54.885,54.96,7469
2026-03-30 13:40:00,54.95,55.015,54.95,55.015,5783
2026-03-30 13:45:00,55.0102,55.07,54.975,54.975,43348
2026-03-30 13:50:00,54.97,54.985,54.955,54.955,16103
2026-03-30 13:55:00,54.955,54.955,54.91,54.92,6330
2026-03-30 14:00:00,54.925,54.95,54.92,54.94,3557
2026-03-30 14:05:00,54.945,54.965,54.94,54.945,6365
2026-03-30 14:10:00,54.94,54.995,54.94,54.995,79214
2026-03-30 14:15:00,54.99,55.0,54.97,55.0,10162
2026-03-30 14:20:00,55.01,55.01,54.95,54.9604,6101
2026-03-30 14:25:00,54.96,54.96,54.925,54.94,3341
2026-03-30 14:30:00,54.945,54.975,54.94,54.97,6740
2026-03-30 14:35:00,54.98,55.01,54.955,54.955,10249
2026-03-30 14:40:00,54.95,54.965,54.94,54.95,47109
2026-03-30 14:45:00,54.965,54.965,54.94,54.955,40699
2026-03-30 14:50:00,54.95,54.95,54.91,54.92,6845
2026-03-30 14:55:00,54.915,54.9299,54.895,54.9001,6008
2026-03-30 15:00:00,54.905,54.92,54.88,54.89,11737
2026-03-30 15:05:00,54.89,54.89,54.82,54.82,28336
2026-03-30 15:10:00,54.82,54.82,54.78,54.79,10300
2026-03-30 15:15:00,54.79,54.82,54.79,54.815,14278
2026-03-30 15:20:00,54.81,54.845,54.795,54.82,10575
2026-03-30 15:25:00,54.81,54.815,54.795,54.81,11033
2026-03-30 15:30:00,54.82,54.845,54.81,54.825,25628
2026-03-30 15:35:00,54.82,54.89,54.82,54.87,14262
2026-03-30 15:40:00,54.875,54.9,54.87,54.88,22113
2026-03-30 15:45:00,54.87,54.88,54.835,54.85,23428
2026-03-30 15:50:00,54.84,54.92,54.825,54.915,134801
2026-03-30 15:55:00,54.915,54.96,54.9,54.96,159506
2026-03-30 16:00:00,54.95,55.21,54.95,55.21,63279
2026-03-30 16:10:00,55.0478,55.0478,55.0478,55.0478,4700
2026-03-31 08:05:00,54.99,54.99,54.99,54.99,176
2026-03-31 09:05:00,54.86,54.86,54.86,54.86,182
2026-03-31 09:30:00,55.0,55.055,54.92,55.025,34607
2026-03-31 09:35:00,55.025,55.05,54.975,55.05,25158
2026-03-31 09:40:00,55.05,55.15,55.05,55.06,22480
2026-03-31 09:45:00,55.07,55.15,55.07,55.15,26269
2026-03-31 09:50:00,55.16,55.24,55.13,55.23,122242
2026-03-31 09:55:00,55.22,55.26,55.18,55.26,14993
2026-03-31 10:00:00,55.26,55.29,55.24,55.28,22009
2026-03-31 10:05:00,55.29,55.29,55.22,55.235,36186
2026-03-31 10:10:00,55.23,55.32,55.23,55.3,14842
2026-03-31 10:15:00,55.32,55.395,55.31,55.365,51319
2026-03-31 10:20:00,55.36,55.44,55.33,55.41,24410
2026-03-31 10:25:00,55.4,55.46,55.38,55.455,23850
2026-03-31 10:30:00,55.46,55.515,55.45,55.5,41693
2026-03-31 10:35:00,55.49,55.49,55.375,55.39,14794
2026-03-31 10:40:00,55.39,55.41,55.28,55.2999,16853
2026-03-31 10:45:00,55.29,55.295,55.185,55.185,29462
2026-03-31 10:50:00,55.18,55.2,55.1301,55.14,41000
2026-03-31 10:55:00,55.13,55.15,55.09,55.145,27148
2026-03-31 11:00:00,55.14,55.27,55.14,55.265,12117
2026-03-31 11:05:00,55.275,55.335,55.275,55.295,12702
2026-03-31 11:10:00,55.32,55.42,55.305,55.415,17962
2026-03-31 11:15:00,55.43,55.44,55.4,55.4,14891
2026-03-31 11:20:00,55.39,55.39,55.335,55.39,10877
2026-03-31 11:25:00,55.39,55.39,55.275,55.29,12857
2026-03-31 11:30:00,55.28,55.28,55.22,55.27,13060
2026-03-31 11:35:00,55.29,55.325,55.29,55.325,15370
2026-03-31 11:40:00,55.305,55.3099,55.265,55.28,11334
2026-03-31 11:45:00,55.27,55.275,55.24,55.25,12309
2026-03-31 11:50:00,55.24,55.295,55.23,55.24,25728
2026-03-31 11:55:00,55.24,55.25,55.17,55.17,15026
2026-03-31 12:00:00,55.165,55.25,55.16,55.2,9130
2026-03-31 12:05:00,55.21,55.265,55.21,55.25,4378
2026-03-31 12:10:00,55.25,55.25,55.19,55.24,8697
2026-03-31 12:15:00,55.24,55.26,55.22,55.22,3640
2026-03-31 12:20:00,55.22,55.29,55.21,55.29,8618
2026-03-31 12:25:00,55.3,55.31,55.27,55.27,6237
2026-03-31 12:30:00,55.26,55.29,55.25,55.29,8014
2026-03-31 12:35:00,55.28,55.49,55.26,55.49,148745
2026-03-31 12:40:00,55.49,55.91,55.49,55.79,287525
2026-03-31 12:45:00,55.77,55.79,55.6,55.69,149843
2026-03-31 12:50:00,55.695,55.82,55.66,55.73,154610
2026-03-31 12:55:00,55.71,55.71,55.64,55.69,26381
2026-03-31 13:00:00,55.69,55.81,55.69,55.77,36398
2026-03-31 13:05:00,55.77,55.77,55.655,55.67,55013
2026-03-31 13:10:00,55.67,55.775,55.66,55.77,39845
2026-03-31 13:15:00,55.77,55.86,55.77,55.85,36637
2026-03-31 13:20:00,55.85,55.87,55.805,55.85,35988
2026-03-31 13:25:00,55.85,55.85,55.7877,55.83,20933
2026-03-31 13:30:00,55.84,55.91,55.84,55.91,37475
2026-03-31 13:35:00,55.91,55.915,55.82,55.83,76340
2026-03-31 13:40:00,55.83,55.86,55.81,55.84,28468
2026-03-31 13:45:00,55.84,55.895,55.82,55.84,23958
2026-03-31 13:50:00,55.84,55.85,55.81,55.83,21741
2026-03-31 13:55:00,55.83,55.835,55.755,55.755,21273
2026-03-31 14:00:00,55.76,55.845,55.76,55.8,19147
2026-03-31 14:05:00,55.8,55.86,55.79,55.845,18804
2026-03-31 14:10:00,55.845,55.87,55.815,55.86,28658
2026-03-31 14:15:00,55.86,55.894,55.855,55.855,38015
2026-03-31 14:20:00,55.855,55.855,55.805,55.805,36538
2026-03-31 14:25:00,55.805,55.83,55.755,55.795,39852
2026-03-31 14:30:00,55.79,55.8,55.75,55.775,30163
2026-03-31 14:35:00,55.77,55.87,55.77,55.845,38014
2026-03-31 14:40:00,55.845,55.845,55.805,55.825,34142
2026-03-31 14:45:00,55.83,55.87,55.825,55.845,68966
2026-03-31 14:50:00,55.85,55.885,55.85,55.88,26287
2026-03-31 14:55:00,55.875,55.89,55.875,55.88,34351
2026-03-31 15:00:00,55.87,55.89,55.865,55.865,29401
2026-03-31 15:05:00,55.86,55.865,55.81,55.84,61474
2026-03-31 15:10:00,55.84,55.9299,55.84,55.91,48511
2026-03-31 15:15:00,55.92,55.945,55.905,55.91,64708
2026-03-31 15:20:00,55.91,55.945,55.91,55.915,56354
2026-03-31 15:25:00,55.91,55.91,55.875,55.885,47760
2026-03-31 15:30:00,55.885,55.925,55.875,55.9,58543
2026-03-31 15:35:00,55.9,55.975,55.895,55.975,66578
2026-03-31 15:40:00,55.97,56.03,55.97,56.02,120885
2026-03-31 15:45:00,56.02,56.165,56.01,56.151,97199
2026-03-31 15:50:00,56.15,56.19,56.085,56.155,350353
2026-03-31 15:55:00,56.15,56.25,56.135,56.2,581156
2026-03-31 16:00:00,56.19,56.19,56.18,56.18,344175
2026-03-31 16:10:00,56.37,56.42,56.34,56.34,1913
2026-03-31 17:20:00,56.36,56.36,56.36,56.36,401
2026-03-31 18:35:00,56.35,56.35,56.35,56.35,100
2026-03-31 19:00:00,56.1814,56.1814,56.1814,56.1814,100
2026-03-31 19:15:00,56.3279,56.3279,56.3279,56.3279,1000
2026-03-31 19:35:00,56.2877,56.2877,56.2877,56.2877,1000
2026-04-01 04:00:00,56.48,56.48,56.1,56.1,717
2026-04-01 04:05:00,55.92,55.92,55.91,55.91,380
2026-04-01 04:40:00,56.2,56.2,56.2,56.2,100
2026-04-01 05:10:00,55.48,55.48,55.48,55.48,100
2026-04-01 06:15:00,56.0,56.0,56.0,56.0,180
2026-04-01 06:20:00,56.1,56.1,56.1,56.1,100
2026-04-01 06:45:00,56.09,56.09,56.09,56.09,180
2026-04-01 07:00:00,56.25,56.25,56.25,56.25,347
2026-04-01 07:20:00,56.12,56.12,56.12,56.12,180
2026-04-01 08:05:00,56.14,56.14,56.12,56.12,460
2026-04-01 08:20:00,56.13,56.13,56.13,56.13,100
2026-04-01 08:40:00,56.18,56.18,56.18,56.18,300
2026-04-01 09:00:00,56.0,56.0,56.0,56.0,500
2026-04-01 09:25:00,56.14,56.15,56.14,56.15,200
2026-04-01 09:30:00,56.1,56.39,56.1,56.37,282898
2026-04-01 09:35:00,56.37,56.5,56.36,56.46,300943
2026-04-01 09:40:00,56.465,56.465,56.16,56.21,209986
2026-04-01 09:45:00,56.2,56.24,56.115,56.17,186120
2026-04-01 09:50:00,56.175,56.205,56.11,56.14,135310
2026-04-01 09:55:00,56.14,56.2,56.125,56.165,76234
2026-04-01 10:00:00,56.16,56.2,56.12,56.12,106385
2026-04-01 10:05:00,56.13,56.17,56.065,56.13,113137
2026-04-01 10:10:00,56.14,56.15,56.075,56.12,88927
2026-04-01 10:15:00,56.115,56.145,56.07,56.11,125358
2026-04-01 10:20:00,56.12,56.18,56.08,56.125,156785
2026-04-01 10:25:00,56.125,56.185,56.125,56.18,120370
2026-04-01 10:30:00,56.18,56.21,56.125,56.145,101241
2026-04-01 10:35:00,56.15,56.25,56.055,56.22,182820
2026-04-01 10:40:00,56.2,56.2,56.105,56.16,116892
2026-04-01 10:45:00,56.165,56.21,56.105,56.21,101760
2026-04-01 10:50:00,56.2,56.245,56.175,56.215,96040
2026-04-01 10:55:00,56.22,56.285,56.21,56.27,94883
2026-04-01 11:00:00,56.27,56.31,56.265,56.28,99020
2026-04-01 11:05:00,56.275,56.305,56.26,56.295,85623
2026-04-01 11:10:00,56.295,56.3,56.24,56.255,112708
2026-04-01 11:15:00,56.26,56.33,56.235,56.32,77513
2026-04-01 11:20:00,56.32,56.32,56.26,56.26,107139
2026-04-01 11:25:00,56.27,56.2774,56.17,56.18,87073
2026-04-01 11:30:00,56.17,56.23,56.14,56.225,140427
2026-04-01 11:35:00,56.23,56.278,56.225,56.265,67475
2026-04-01 11:40:00,56.27,56.27,56.23,56.25,60635
2026-04-01 11:45:00,56.25,56.28,56.235,56.235,100800
2026-04-01 11:50:00,56.23,56.29,56.23,56.28,60232
2026-04-01 11:55:00,56.275,56.305,56.275,56.28,35816
2026-04-01 12:00:00,56.28,56.285,56.25,56.275,81872
2026-04-01 12:05:00,56.275,56.295,56.265,56.295,68609
2026-04-01 12:10:00,56.29,56.29,56.23,56.23,72653
2026-04-01 12:15:00,56.23,56.245,56.205,56.24,89891
2026-04-01 12:20:00,56.24,56.25,56.21,56.21,31601
2026-04-01 12:25:00,56.215,56.215,56.17,56.1778,61442
2026-04-01 12:30:00,56.18,56.22,56.175,56.2033,62445
2026-04-01 12:35:00,56.21,56.28,56.21,56.24,123820
2026-04-01 12:40:00,56.24,56.28,56.24,56.2699,43989
2026-04-01 12:45:00,56.265,56.29,56.26,56.29,70605
2026-04-01 12:50:00,56.29,56.34,56.29,56.34,102389
2026-04-01 12:55:00,56.335,56.36,56.33,56.34,50911
2026-04-01 13:00:00,56.34,56.38,56.335,56.375,24322
2026-04-01 13:05:00,56.375,56.4,56.375,56.375,119779
2026-04-01 13:10:00,56.375,56.39,56.375,56.385,21979
2026-04-01 13:15:00,56.385,56.385,56.365,56.365,16904
2026-04-01 13:20:00,56.365,56.38,56.345,56.35,28614
2026-04-01 13:25:00,56.34,56.36,56.325,56.345,45026
2026-04-01 13:30:00,56.35,56.35,56.32,56.32,19620
2026-04-01 13:35:00,56.32,56.34,56.305,56.335,24848
2026-04-01 13:40:00,56.335,56.35,56.24,56.245,256488
2026-04-01 13:45:00,56.245,56.25,56.2,56.205,127894
2026-04-01 13:50:00,56.205,56.22,56.17,56.175,218937
2026-04-01 13:55:00,56.18,56.18,56.1,56.105,224514
2026-04-01 14:00:00,56.1,56.11,56.06,56.08,57920
2026-04-01 14:05:00,56.0701,56.12,56.07,56.105,75233
2026-04-01 14:10:00,56.11,56.14,56.1,56.1,15826
2026-04-01 14:15:00,56.09,56.09,55.995,56.015,111608
2026-04-01 14:20:00,56.02,56.035,55.96,55.97,53536
2026-04-01 14:25:00,55.97,56.0,55.95,55.952,31251
2026-04-01 14:30:00,55.95,55.98,55.94,55.945,33985
2026-04-01 14:35:00,55.94,55.945,55.895,55.94,40099
2026-04-01 14:40:00,55.935,56.0,55.935,55.98,63961
2026-04-01 14:45:00,55.99,55.99,55.94,55.96,22366
2026-04-01 14:50:00,55.97,55.975,55.935,55.96,21645
2026-04-01 14:55:00,55.96,55.96,55.935,55.94,62432
2026-04-01 15:00:00,55.945,55.965,55.935,55.96,18870
2026-04-01 15:05:00,55.97,56.01,55.969,55.995,30410
2026-04-01 15:10:00,55.99,56.05,55.99,56.05,61216
2026-04-01 15:15:00,56.04,56.05,56.03,56.05,19442
2026-04-01 15:20:00,56.045,56.05,56.025,56.045,10680
2026-04-01 15:25:00,56.045,56.07,56.045,56.07,10959
2026-04-01 15:30:00,56.08,56.085,56.065,56.085,19600
2026-04-01 15:35:00,56.09,56.12,56.08,56.115,36713
2026-04-01 15:40:00,56.115,56.13,56.105,56.105,74121
2026-04-01 15:45:00,56.105,56.12,56.085,56.095,39117
2026-04-01 15:50:00,56.1,56.1,56.05,56.05,69381
2026-04-01 15:55:00,56.06,56.06,55.995,56.01,57121
2026-04-01 16:00:00,56.0,56.0,56.0,56.0,48451
2026-04-01 17:25:00,56.13,56.13,56.13,56.13,300
2026-04-01 18:55:00,56.1665,56.1665,56.1665,56.1665,100
2026-04-01 04:00:00,56.48,56.48,56.1,56.1,717
2026-04-01 04:05:00,55.92,55.92,55.91,55.91,380
2026-04-01 04:40:00,56.2,56.2,56.2,56.2,100
2026-04-01 05:10:00,55.48,55.48,55.48,55.48,100
2026-04-01 06:15:00,56.0,56.0,56.0,56.0,180
2026-04-01 06:20:00,56.1,56.1,56.1,56.1,100
2026-04-01 06:45:00,56.09,56.09,56.09,56.09,180
2026-04-01 07:00:00,56.25,56.25,56.25,56.25,347
2026-04-01 07:20:00,56.12,56.12,56.12,56.12,180
2026-04-01 08:05:00,56.14,56.14,56.12,56.12,460
2026-04-01 08:20:00,56.13,56.13,56.13,56.13,100
2026-04-01 08:40:00,56.18,56.18,56.18,56.18,300
2026-04-01 09:00:00,56.0,56.0,56.0,56.0,500
2026-04-01 09:25:00,56.14,56.15,56.14,56.15,200
2026-04-01 09:30:00,56.1,56.39,56.1,56.37,282898
2026-04-01 09:35:00,56.37,56.5,56.36,56.46,300943
2026-04-01 09:40:00,56.465,56.465,56.16,56.21,209986
2026-04-01 09:45:00,56.2,56.24,56.115,56.17,186120
2026-04-01 09:50:00,56.175,56.205,56.11,56.14,135310
2026-04-01 09:55:00,56.14,56.2,56.125,56.165,76234
2026-04-01 10:00:00,56.16,56.2,56.12,56.12,106385
2026-04-01 10:05:00,56.13,56.17,56.065,56.13,113137
2026-04-01 10:10:00,56.14,56.15,56.075,56.12,88927
2026-04-01 10:15:00,56.115,56.145,56.07,56.11,125358
2026-04-01 10:20:00,56.12,56.18,56.08,56.125,156785
2026-04-01 10:25:00,56.125,56.185,56.125,56.18,120370
2026-04-01 10:30:00,56.18,56.21,56.125,56.145,101241
2026-04-01 10:35:00,56.15,56.25,56.055,56.22,182820
2026-04-01 10:40:00,56.2,56.2,56.105,56.16,116892
2026-04-01 10:45:00,56.165,56.21,56.105,56.21,101760
2026-04-01 10:50:00,56.2,56.245,56.175,56.215,96040
2026-04-01 10:55:00,56.22,56.285,56.21,56.27,94883
2026-04-01 11:00:00,56.27,56.31,56.265,56.28,99020
2026-04-01 11:05:00,56.275,56.305,56.26,56.295,85623
2026-04-01 11:10:00,56.295,56.3,56.24,56.255,112708
2026-04-01 11:15:00,56.26,56.33,56.235,56.32,77513
2026-04-01 11:20:00,56.32,56.32,56.26,56.26,107139
2026-04-01 11:25:00,56.27,56.2774,56.17,56.18,87073
2026-04-01 11:30:00,56.17,56.23,56.14,56.225,140427
2026-04-01 11:35:00,56.23,56.278,56.225,56.265,67475
2026-04-01 11:40:00,56.27,56.27,56.23,56.25,60635
2026-04-01 11:45:00,56.25,56.28,56.235,56.235,100800
2026-04-01 11:50:00,56.23,56.29,56.23,56.28,60232
2026-04-01 11:55:00,56.275,56.305,56.275,56.28,35816
2026-04-01 12:00:00,56.28,56.285,56.25,56.275,81872
2026-04-01 12:05:00,56.275,56.295,56.265,56.295,68609
2026-04-01 12:10:00,56.29,56.29,56.23,56.23,72653
2026-04-01 12:15:00,56.23,56.245,56.205,56.24,89891
2026-04-01 12:20:00,56.24,56.25,56.21,56.21,31601
2026-04-01 12:25:00,56.215,56.215,56.17,56.1778,61442
2026-04-01 12:30:00,56.18,56.22,56.175,56.2033,62445
2026-04-01 12:35:00,56.21,56.28,56.21,56.24,123820
2026-04-01 12:40:00,56.24,56.28,56.24,56.2699,43989
2026-04-01 12:45:00,56.265,56.29,56.26,56.29,70605
2026-04-01 12:50:00,56.29,56.34,56.29,56.34,102389
2026-04-01 12:55:00,56.335,56.36,56.33,56.34,50911
2026-04-01 13:00:00,56.34,56.38,56.335,56.375,24322
2026-04-01 13:05:00,56.375,56.4,56.375,56.375,119779
2026-04-01 13:10:00,56.375,56.39,56.375,56.385,21979
2026-04-01 13:15:00,56.385,56.385,56.365,56.365,16904
2026-04-01 13:20:00,56.365,56.38,56.345,56.35,28614
2026-04-01 13:25:00,56.34,56.36,56.325,56.345,45026
2026-04-01 13:30:00,56.35,56.35,56.32,56.32,19620
2026-04-01 13:35:00,56.32,56.34,56.305,56.335,24848
2026-04-01 13:40:00,56.335,56.35,56.24,56.245,256488
2026-04-01 13:45:00,56.245,56.25,56.2,56.205,127894
2026-04-01 13:50:00,56.205,56.22,56.17,56.175,218937
2026-04-01 13:55:00,56.18,56.18,56.1,56.105,224514
2026-04-01 14:00:00,56.1,56.11,56.06,56.08,57920
2026-04-01 14:05:00,56.0701,56.12,56.07,56.105,75233
2026-04-01 14:10:00,56.11,56.14,56.1,56.1,15826
2026-04-01 14:15:00,56.09,56.09,55.995,56.015,111608
2026-04-01 14:20:00,56.02,56.035,55.96,55.97,53536
2026-04-01 14:25:00,55.97,56.0,55.95,55.952,31251
2026-04-01 14:30:00,55.95,55.98,55.94,55.945,33985
2026-04-01 14:35:00,55.94,55.945,55.895,55.94,40099
2026-04-01 14:40:00,55.935,56.0,55.935,55.98,63961
2026-04-01 14:45:00,55.99,55.99,55.94,55.96,22366
2026-04-01 14:50:00,55.97,55.975,55.935,55.96,21645
2026-04-01 14:55:00,55.96,55.96,55.935,55.94,62432
2026-04-01 15:00:00,55.945,55.965,55.935,55.96,18870
2026-04-01 15:05:00,55.97,56.01,55.969,55.995,30410
2026-04-01 15:10:00,55.99,56.05,55.99,56.05,61216
2026-04-01 15:15:00,56.04,56.05,56.03,56.05,19442
2026-04-01 15:20:00,56.045,56.05,56.025,56.045,10680
2026-04-01 15:25:00,56.045,56.07,56.045,56.07,10959
2026-04-01 15:30:00,56.08,56.085,56.065,56.085,19600
2026-04-01 15:35:00,56.09,56.12,56.08,56.115,36713
2026-04-01 15:40:00,56.115,56.13,56.105,56.105,74121
2026-04-01 15:45:00,56.105,56.12,56.085,56.095,39117
2026-04-01 15:50:00,56.1,56.1,56.05,56.05,69381
2026-04-01 15:55:00,56.06,56.06,55.995,56.01,57121
2026-04-01 16:00:00,56.0,56.0,56.0,56.0,48451
2026-04-01 17:25:00,56.13,56.13,56.13,56.13,300
2026-04-01 18:55:00,56.1665,56.1665,56.1665,56.1665,100
2026-04-02 04:00:00,55.3,55.39,55.3,55.39,360
2026-04-02 04:20:00,55.7,55.98,55.7,55.98,885
2026-04-02 05:30:00,55.35,55.48,55.35,55.48,900
2026-04-02 07:20:00,55.46,55.46,55.46,55.46,164
2026-04-02 08:05:00,55.3,55.3,55.3,55.3,100
2026-04-02 08:50:00,55.5,55.5,55.5,55.5,1000
2026-04-02 08:55:00,55.51,55.51,55.51,55.51,1000
2026-04-02 09:00:00,55.35,55.35,55.35,55.35,250
2026-04-02 09:25:00,55.3,55.35,55.3,55.35,952
2026-04-02 09:30:00,55.28,55.61,55.25,55.315,80902
2026-04-02 09:35:00,55.29,55.3,55.21,55.21,8047
2026-04-02 09:40:00,55.2,55.315,55.2,55.295,16814
2026-04-02 09:45:00,55.305,55.395,55.305,55.37,72794
2026-04-02 09:50:00,55.37,55.47,55.37,55.445,52673
2026-04-02 09:55:00,55.44,55.495,55.43,55.485,60157
2026-04-02 10:00:00,55.49,55.52,55.445,55.46,27111
2026-04-02 10:05:00,55.47,55.525,55.44,55.48,58350
2026-04-02 10:10:00,55.475,55.53,55.465,55.495,9598
2026-04-02 10:15:00,55.505,55.565,55.5,55.56,84730
2026-04-02 10:20:00,55.565,55.59,55.54,55.56,8196
2026-04-02 10:25:00,55.55,55.55,55.472,55.495,6754
2026-04-02 10:30:00,55.49,55.59,55.49,55.59,30525
2026-04-02 10:35:00,55.62,56.06,55.62,55.97,328783
2026-04-02 10:40:00,55.955,55.96,55.83,55.94,39986
2026-04-02 10:45:00,55.92,55.93,55.82,55.825,16135
2026-04-02 10:50:00,55.82,55.85,55.785,55.84,71028
2026-04-02 10:55:00,55.84,55.915,55.835,55.88,53180
2026-04-02 11:00:00,55.885,55.885,55.74,55.835,32218
2026-04-02 11:05:00,55.835,55.845,55.775,55.795,18788
2026-04-02 11:10:00,55.8,55.835,55.78,55.8,37645
2026-04-02 11:15:00,55.81,55.81,55.74,55.7503,20283
2026-04-02 11:20:00,55.74,55.74,55.62,55.66,11191
2026-04-02 11:25:00,55.65,55.71,55.61,55.67,8245
2026-04-02 11:30:00,55.68,55.7,55.655,55.7,10300
2026-04-02 11:35:00,55.69,55.7493,55.69,55.72,18611
2026-04-02 11:40:00,55.72,55.72,55.64,55.71,7294
2026-04-02 11:45:00,55.7,55.7,55.6,55.6101,7516
2026-04-02 11:50:00,55.6,55.62,55.54,55.62,5640
2026-04-02 11:55:00,55.62,55.64,55.58,55.6,4435
2026-04-02 12:00:00,55.6,55.645,55.6,55.61,6420
2026-04-02 12:05:00,55.62,55.62,55.54,55.595,9916
2026-04-02 12:10:00,55.59,55.605,55.5787,55.6,10438
2026-04-02 12:15:00,55.605,55.62,55.55,55.55,9533
2026-04-02 12:20:00,55.555,55.6,55.535,55.565,11985
2026-04-02 12:25:00,55.56,55.615,55.55,55.58,7130
2026-04-02 12:30:00,55.575,55.665,55.575,55.64,15662
2026-04-02 12:35:00,55.64,55.66,55.58,55.62,11236
2026-04-02 12:40:00,55.6199,55.705,55.6199,55.675,21715
2026-04-02 12:45:00,55.675,55.688,55.66,55.675,4296
2026-04-02 12:50:00,55.68,55.6902,55.65,55.68,4115
2026-04-02 12:55:00,55.67,55.67,55.62,55.62,6340
2026-04-02 13:00:00,55.62,55.655,55.585,55.65,5666
2026-04-02 13:05:00,55.64,55.6801,55.6399,55.655,7567
2026-04-02 13:10:00,55.6702,55.73,55.64,55.72,11329
2026-04-02 13:15:00,55.725,55.75,55.71,55.75,5137
2026-04-02 13:20:00,55.7582,55.8,55.74,55.8,4879
2026-04-02 13:25:00,55.81,55.815,55.76,55.76,13346
2026-04-02 13:30:00,55.77,55.77,55.74,55.755,3568
2026-04-02 13:35:00,55.74,55.7427,55.72,55.74,4755
2026-04-02 13:40:00,55.74,55.74,55.715,55.73,2896
2026-04-02 13:45:00,55.69,55.7,55.63,55.63,3467
2026-04-02 13:50:00,55.63,55.6688,55.63,55.6688,5114
2026-04-02 13:55:00,55.67,55.675,55.63,55.655,3854
2026-04-02 14:00:00,55.66,55.695,55.66,55.69,5910
2026-04-02 14:05:00,55.71,55.72,55.7,55.71,4918
2026-04-02 14:10:00,55.72,55.745,55.7198,55.7198,3693
2026-04-02 14:15:00,55.725,55.74,55.7,55.72,8350
2026-04-02 14:20:00,55.72,55.725,55.7,55.715,2515
2026-04-02 14:25:00,55.69,55.71,55.69,55.7,2641
2026-04-02 14:30:00,55.7,55.73,55.695,55.72,27478
2026-04-02 14:35:00,55.72,55.725,55.715,55.715,6819
2026-04-02 14:40:00,55.715,55.77,55.715,55.755,65434
2026-04-02 14:45:00,55.76,55.79,55.7518,55.79,10411
2026-04-02 14:50:00,55.7874,55.81,55.78,55.79,7649
2026-04-02 14:55:00,55.785,55.7899,55.765,55.765,9408
2026-04-02 15:00:00,55.77,55.81,55.77,55.79,11145
2026-04-02 15:05:00,55.8,55.83,55.8,55.83,7603
2026-04-02 15:10:00,55.83,55.845,55.825,55.8297,6771
2026-04-02 15:15:00,55.83,55.845,55.8,55.825,8795
2026-04-02 15:20:00,55.82,55.85,55.805,55.81,5289
2026-04-02 15:25:00,55.81,55.81,55.77,55.78,3180
2026-04-02 15:30:00,55.785,55.785,55.765,55.77,4227
2026-04-02 15:35:00,55.78,55.785,55.765,55.77,4237
2026-04-02 15:40:00,55.77,55.785,55.755,55.755,8663
2026-04-02 15:45:00,55.75,55.75,55.73,55.735,12391
2026-04-02 15:50:00,55.73,55.79,55.73,55.78,24119
2026-04-02 15:55:00,55.79,55.86,55.775,55.86,72731
2026-04-02 16:00:00,55.84,55.84,55.84,55.84,40535
2026-04-02 16:50:00,55.86,55.86,55.86,55.86,500
