2026-03-04 04:00:00,11.5,11.5,10.82,10.85,164301
2026-03-04 04:05:00,10.84,10.84,10.59,10.61,153462
2026-03-04 04:10:00,10.63,10.66,10.55,10.61,54530
2026-03-04 04:15:00,10.6,10.6,10.37,10.52,88026
2026-03-04 04:20:00,10.51,10.59,10.43,10.55,67369
2026-03-04 04:25:00,10.55,10.57,10.5,10.51,32986
2026-03-04 04:30:00,10.5,10.52,10.29,10.36,57389
2026-03-04 04:35:00,10.37,10.37,10.1,10.24,190131
2026-03-04 04:40:00,10.27,10.28,10.1,10.22,43576
2026-03-04 04:45:00,10.23,10.3,10.16,10.16,41132
2026-03-04 04:50:00,10.17,10.38,10.16,10.34,67264
2026-03-04 04:55:00,10.35,10.42,10.305,10.37,38327
2026-03-04 05:00:00,10.36,10.43,10.34,10.35,22821
2026-03-04 05:05:00,10.34,10.42,10.17,10.185,46579
2026-03-04 05:10:00,10.19,10.29,10.17,10.27,59158
2026-03-04 05:15:00,10.28,10.47,10.28,10.43,28295
2026-03-04 05:20:00,10.43,10.45,10.39,10.4,68631
2026-03-04 05:25:00,10.43,10.47,10.33,10.33,12924
2026-03-04 05:30:00,10.32,10.46,10.32,10.43,38469
2026-03-04 05:35:00,10.44,10.52,10.42,10.51,26056
2026-03-04 05:40:00,10.5,10.51,10.45,10.51,39215
2026-03-04 05:45:00,10.52,10.54,10.46,10.47,37640
2026-03-04 05:50:00,10.47,10.47,10.38,10.46,16827
2026-03-04 05:55:00,10.48,10.52,10.46,10.475,13456
2026-03-04 06:00:00,10.47,10.47,10.37,10.41,29926
2026-03-04 06:05:00,10.39,10.51,10.39,10.49,17888
2026-03-04 06:10:00,10.49,10.49,10.43,10.44,4092
2026-03-04 06:15:00,10.44,10.44,10.32,10.33,44708
2026-03-04 06:20:00,10.32,10.46,10.31,10.46,17612
2026-03-04 06:25:00,10.46,10.49,10.44,10.49,11305
2026-03-04 06:30:00,10.49,10.545,10.46,10.525,29878
2026-03-04 06:35:00,10.53,10.65,10.53,10.62,43402
2026-03-04 06:40:00,10.62,10.62,10.57,10.59,25222
2026-03-04 06:45:00,10.6,10.62,10.58,10.62,38395
2026-03-04 06:50:00,10.65,10.65,10.57,10.57,10325
2026-03-04 06:55:00,10.57,10.65,10.55,10.65,34395
2026-03-04 07:00:00,10.67,10.71,10.62,10.675,51290
2026-03-04 07:05:00,10.66,10.77,10.65,10.74,25754
2026-03-04 07:10:00,10.75,10.75,10.7,10.7,15955
2026-03-04 07:15:00,10.7,10.83,10.68,10.78,32859
2026-03-04 07:20:00,10.789,10.85,10.76,10.85,34702
2026-03-04 07:25:00,10.84,10.86,10.75,10.85,22934
2026-03-04 07:30:00,10.84,10.86,10.77,10.77,22089
2026-03-04 07:35:00,10.75,10.81,10.64,10.64,35404
2026-03-04 07:40:00,10.63,10.66,10.51,10.58,43565
2026-03-04 07:45:00,10.57,10.63,10.56,10.58,16077
2026-03-04 07:50:00,10.585,10.61,10.56,10.57,74970
2026-03-04 07:55:00,10.57,10.57,10.45,10.45,19327
2026-03-04 08:00:00,10.66,12.46,10.1004,10.47,1130199
2026-03-04 08:05:00,10.47,12.11,10.35,10.4,73765
2026-03-04 08:10:00,10.39,10.52,10.38,10.52,49478
2026-03-04 08:15:00,10.53,10.6,10.49,10.6,37315
2026-03-04 08:20:00,10.6,10.63,10.53,10.56,58884
2026-03-04 08:25:00,10.56,10.56,10.49,10.5,19491
2026-03-04 08:30:00,10.5098,10.58,10.5,10.52,33171
2026-03-04 08:35:00,10.56,10.56,10.5,10.5,40472
2026-03-04 08:40:00,10.5,10.51,10.28,10.3598,146288
2026-03-04 08:45:00,10.3595,10.3697,10.3087,10.345,55522
2026-03-04 08:50:00,10.35,10.3998,10.32,10.34,40428
2026-03-04 08:55:00,10.36,10.41,10.31,10.34,97240
2026-03-04 09:00:00,10.34,10.36,10.31,10.33,45394
2026-03-04 09:05:00,10.35,10.41,10.3,10.41,98613
2026-03-04 09:10:00,10.41,10.42,10.29,10.3,40848
2026-03-04 09:15:00,10.2998,10.3602,10.23,10.3198,96686
2026-03-04 09:20:00,10.315,10.35,10.3,10.3,55788
2026-03-04 09:25:00,10.3,10.3084,10.1,10.18,125316
2026-03-04 09:30:00,10.24,10.37,9.85,10.145,1143153
2026-03-04 09:35:00,10.13,10.44,10.05,10.19,953790
2026-03-04 09:40:00,10.19,10.4499,10.17,10.4499,726783
2026-03-04 09:45:00,10.45,10.48,10.22,10.27,756146
2026-03-04 09:50:00,10.27,10.29,9.9,10.08,746237
2026-03-04 09:55:00,10.065,10.31,10.04,10.1,389071
2026-03-04 10:00:00,10.09,10.165,9.9207,10.14,499613
2026-03-04 10:05:00,10.14,10.19,9.8,9.8699,541933
2026-03-04 10:10:00,9.87,10.05,9.865,10.015,291670
2026-03-04 10:15:00,10.02,10.03,9.805,9.805,292802
2026-03-04 10:20:00,9.8,9.88,9.8,9.855,334739
2026-03-04 10:25:00,9.85,9.9,9.55,9.55,628723
2026-03-04 10:30:00,9.55,9.665,9.515,9.665,462067
2026-03-04 10:35:00,9.665,9.78,9.635,9.71,367960
2026-03-04 10:40:00,9.72,9.72,9.54,9.6683,328181
2026-03-04 10:45:00,9.66,9.66,9.365,9.4366,615193
2026-03-04 10:50:00,9.44,9.47,9.315,9.355,472704
2026-03-04 10:55:00,9.34,9.34,9.14,9.2199,574377
2026-03-04 11:00:00,9.205,9.39,9.2,9.375,428318
2026-03-04 11:05:00,9.375,9.445,9.2907,9.3176,365754
2026-03-04 11:10:00,9.32,9.56,9.25,9.49,479066
2026-03-04 11:15:00,9.485,9.5,9.32,9.49,374850
2026-03-04 11:20:00,9.49,9.75,9.4684,9.705,420329
2026-03-04 11:25:00,9.7,9.715,9.45,9.46,305005
2026-03-04 11:30:00,9.47,9.495,9.37,9.41,197827
2026-03-04 11:35:00,9.41,9.64,9.38,9.585,311770
2026-03-04 11:40:00,9.595,9.61,9.45,9.51,356536
2026-03-04 11:45:00,9.52,9.56,9.36,9.38,221435
2026-03-04 11:50:00,9.375,9.39,9.3001,9.364,160228
2026-03-04 11:55:00,9.3698,9.405,9.265,9.3,188170
2026-03-04 12:00:00,9.29,9.335,9.205,9.2299,251586
2026-03-04 12:05:00,9.225,9.3099,9.2,9.26,196011
2026-03-04 12:10:00,9.2467,9.3,9.185,9.255,221036
2026-03-04 12:15:00,9.25,9.35,9.2001,9.31,231354
2026-03-04 12:20:00,9.325,9.45,9.295,9.435,452250
2026-03-04 12:25:00,9.44,9.62,9.4105,9.565,397161
2026-03-04 12:30:00,9.565,9.6511,9.54,9.62,303166
2026-03-04 12:35:00,9.6248,9.645,9.47,9.5,183449
2026-03-04 12:40:00,9.48,9.62,9.47,9.585,161295
2026-03-04 12:45:00,9.58,9.61,9.505,9.585,135105
2026-03-04 12:50:00,9.5886,9.635,9.43,9.6,276351
2026-03-04 12:55:00,9.595,9.64,9.55,9.62,166347
2026-03-04 13:00:00,9.615,9.665,9.585,9.595,182644
2026-03-04 13:05:00,9.585,9.63,9.5501,9.5999,102345
2026-03-04 13:10:00,9.6,9.7399,9.6,9.64,206375
2026-03-04 13:15:00,9.65,9.685,9.6,9.685,130687
2026-03-04 13:20:00,9.6838,9.74,9.65,9.6887,194604
2026-03-04 13:25:00,9.685,9.695,9.52,9.5499,123573
2026-03-04 13:30:00,9.55,9.595,9.5099,9.5699,130752
2026-03-04 13:35:00,9.565,9.6299,9.555,9.585,105042
2026-03-04 13:40:00,9.595,9.595,9.4801,9.49,154233
2026-03-04 13:45:00,9.4803,9.56,9.47,9.47,100882
2026-03-04 13:50:00,9.475,9.515,9.4115,9.51,112076
2026-03-04 13:55:00,9.51,9.68,9.51,9.63,169901
2026-03-04 14:00:00,9.64,9.6501,9.58,9.62,82520
2026-03-04 14:05:00,9.62,9.66,9.565,9.645,101166
2026-03-04 14:10:00,9.6301,9.635,9.4514,9.5,201988
2026-03-04 14:15:00,9.51,9.52,9.3397,9.34,206857
2026-03-04 14:20:00,9.35,9.45,9.32,9.43,207519
2026-03-04 14:25:00,9.45,9.56,9.4,9.55,164823
2026-03-04 14:30:00,9.545,9.58,9.52,9.56,174685
2026-03-04 14:35:00,9.555,9.5899,9.45,9.5,136764
2026-03-04 14:40:00,9.505,9.54,9.4501,9.53,70345
2026-03-04 14:45:00,9.515,9.59,9.475,9.5699,100358
2026-03-04 14:50:00,9.565,9.605,9.39,9.39,211930
2026-03-04 14:55:00,9.4,9.5,9.4,9.5,192342
2026-03-04 15:00:00,9.485,9.57,9.4703,9.53,123203
2026-03-04 15:05:00,9.54,9.68,9.53,9.625,294206
2026-03-04 15:10:00,9.615,9.65,9.545,9.5799,151601
2026-03-04 15:15:00,9.57,9.58,9.47,9.5192,112637
2026-03-04 15:20:00,9.52,9.53,9.365,9.375,242511
2026-03-04 15:25:00,9.38,9.4699,9.3525,9.46,134902
2026-03-04 15:30:00,9.47,9.525,9.425,9.4399,195459
2026-03-04 15:35:00,9.44,9.6,9.405,9.54,294519
2026-03-04 15:40:00,9.54,9.56,9.44,9.47,96604
2026-03-04 15:45:00,9.475,9.61,9.475,9.5902,189609
2026-03-04 15:50:00,9.6,9.755,9.54,9.73,416335
2026-03-04 15:55:00,9.73,9.74,9.62,9.725,380221
2026-03-04 16:00:00,9.71,9.82,9.71,9.8,101014
2026-03-04 16:05:00,9.7998,9.92,9.78,9.8982,99161
2026-03-04 16:10:00,9.8993,9.9,9.86,9.8614,30101
2026-03-04 16:15:00,9.88,9.9,9.86,9.89,41021
2026-03-04 16:20:00,9.9,9.91,9.85,9.87,31075
2026-03-04 16:25:00,9.86,9.87,9.83,9.84,16711
2026-03-04 16:30:00,9.84,9.8698,9.81,9.8103,22973
2026-03-04 16:35:00,9.82,9.8299,9.75,9.77,29872
2026-03-04 16:40:00,9.78,9.82,9.76,9.76,7749
2026-03-04 16:45:00,9.75,9.77,9.73,9.77,13221
2026-03-04 16:50:00,9.7782,9.7782,9.7308,9.77,10658
2026-03-04 16:55:00,9.77,9.78,9.76,9.78,20970
2026-03-04 17:00:00,9.78,9.78,9.72,9.73,12847
2026-03-04 17:05:00,9.73,9.74,9.72,9.72,9992
2026-03-04 17:10:00,9.72,9.73,9.7,9.73,13243
2026-03-04 17:15:00,9.74,9.75,9.7262,9.7452,3533
2026-03-04 17:20:00,9.75,9.7554,9.74,9.74,5744
2026-03-04 17:25:00,9.74,9.74,9.72,9.73,4409
2026-03-04 17:30:00,9.73,9.76,9.73,9.76,7113
2026-03-04 17:35:00,9.76,9.79,9.75,9.76,11795
2026-03-04 17:40:00,9.7699,9.83,9.74,9.83,25181
2026-03-04 17:45:00,9.8184,9.83,9.76,9.83,57504
2026-03-04 17:50:00,9.84,9.84,9.8,9.83,11015
2026-03-04 17:55:00,9.8391,9.84,9.82,9.8296,14063
2026-03-04 18:00:00,9.83,9.84,9.8009,9.81,15820
2026-03-04 18:05:00,9.801,9.82,9.75,9.82,26815
2026-03-04 18:10:00,9.82,9.85,9.82,9.8361,22000
2026-03-04 18:15:00,9.83,9.8335,9.8001,9.8001,2314
2026-03-04 18:20:00,9.82,9.87,9.81,9.86,11531
2026-03-04 18:25:00,9.86,9.87,9.83,9.84,10609
2026-03-04 18:30:00,9.8504,9.9,9.8504,9.8998,11679
2026-03-04 18:35:00,9.8901,9.908,9.8,9.82,20753
2026-03-04 18:40:00,9.83,9.85,9.81,9.81,6238
2026-03-04 18:45:00,9.81,9.81,9.77,9.77,21455
2026-03-04 18:50:00,9.7692,9.79,9.7692,9.79,14220
2026-03-04 18:55:00,9.7898,9.79,9.7801,9.79,6316
2026-03-04 19:00:00,9.79,9.79,9.77,9.7894,8477
2026-03-04 19:05:00,9.78,9.78,9.77,9.77,1477
2026-03-04 19:10:00,9.79,9.79,9.76,9.76,3717
2026-03-04 19:15:00,9.76,9.76,9.71,9.71,16929
2026-03-04 19:20:00,9.7,9.71,9.7,9.7039,17156
2026-03-04 19:25:00,9.7,9.7391,9.7,9.7,9635
2026-03-04 19:30:00,9.7,9.7293,9.7,9.7293,8082
2026-03-04 19:35:00,9.725,9.7295,9.7008,9.72,13428
2026-03-04 19:40:00,9.7006,9.7006,9.6803,9.7,6624
2026-03-04 19:45:00,9.7,9.7,9.68,9.68,4579
2026-03-04 19:50:00,9.7,9.72,9.69,9.72,6952
2026-03-04 19:55:00,9.72,9.75,9.7,9.711,10063
2026-03-05 04:00:00,9.87,9.87,9.74,9.74,32268
2026-03-05 04:05:00,9.74,9.79,9.72,9.78,20644
2026-03-05 04:10:00,9.76,9.76,9.66,9.71,34782
2026-03-05 04:15:00,9.7,9.79,9.7,9.77,20821
2026-03-05 04:20:00,9.78,9.8,9.7,9.73,27361
2026-03-05 04:25:00,9.73,9.755,9.7,9.74,16656
2026-03-05 04:30:00,9.72,9.73,9.7,9.7,8283
2026-03-05 04:35:00,9.7,9.75,9.65,9.73,15001
2026-03-05 04:40:00,9.74,9.78,9.72,9.75,7015
2026-03-05 04:45:00,9.74,9.77,9.73,9.75,4433
2026-03-05 04:50:00,9.765,9.79,9.75,9.77,4900
2026-03-05 04:55:00,9.78,9.79,9.76,9.76,2703
2026-03-05 05:00:00,9.775,9.81,9.77,9.81,6827
2026-03-05 05:05:00,9.78,9.78,9.74,9.75,1900
2026-03-05 05:10:00,9.74,9.74,9.71,9.71,2300
2026-03-05 05:15:00,9.72,9.725,9.65,9.65,8302
2026-03-05 05:20:00,9.66,9.67,9.59,9.61,7165
2026-03-05 05:25:00,9.63,9.63,9.45,9.46,45432
2026-03-05 05:30:00,9.46,9.5,9.41,9.42,28296
2026-03-05 05:35:00,9.41,9.485,9.4,9.48,14373
2026-03-05 05:40:00,9.48,9.51,9.48,9.49,13035
2026-03-05 05:45:00,9.48,9.48,9.4,9.4,11402
2026-03-05 05:50:00,9.42,9.42,9.345,9.345,10133
2026-03-05 05:55:00,9.35,9.42,9.33,9.41,13213
2026-03-05 06:00:00,9.4,9.45,9.4,9.44,6636
2026-03-05 06:05:00,9.445,9.485,9.43,9.43,14564
2026-03-05 06:10:00,9.43,9.46,9.39,9.39,7264
2026-03-05 06:15:00,9.4,9.45,9.39,9.45,6684
2026-03-05 06:20:00,9.445,9.49,9.42,9.49,2927
2026-03-05 06:25:00,9.49,9.49,9.42,9.44,9613
2026-03-05 06:30:00,9.43,9.47,9.43,9.46,1500
2026-03-05 06:35:00,9.46,9.525,9.45,9.52,7912
2026-03-05 06:40:00,9.52,9.54,9.51,9.54,7400
2026-03-05 06:45:00,9.53,9.53,9.5,9.505,4976
2026-03-05 06:50:00,9.51,9.54,9.51,9.52,4065
2026-03-05 06:55:00,9.545,9.56,9.53,9.555,5301
2026-03-05 07:00:00,9.54,9.65,9.54,9.59,17897
2026-03-05 07:05:00,9.6,9.62,9.56,9.56,12052
2026-03-05 07:10:00,9.58,9.6,9.57,9.6,15399
2026-03-05 07:15:00,9.61,9.65,9.58,9.58,22388
2026-03-05 07:20:00,9.58,9.59,9.52,9.56,12937
2026-03-05 07:25:00,9.55,9.62,9.54,9.6,9480
2026-03-05 07:30:00,9.62,9.66,9.61,9.65,5266
2026-03-05 07:35:00,9.64,9.66,9.62,9.62,7877
2026-03-05 07:40:00,9.62,9.63,9.59,9.63,4940
2026-03-05 07:45:00,9.61,9.61,9.56,9.57,15718
2026-03-05 07:50:00,9.565,9.62,9.565,9.61,6624
2026-03-05 07:55:00,9.59,9.62,9.58,9.58,15022
2026-03-05 08:00:00,9.57,10.0,9.33,9.62,693578
2026-03-05 08:05:00,9.64,10.01,9.64,9.65,56346
2026-03-05 08:10:00,9.6495,9.71,9.6495,9.68,22392
2026-03-05 08:15:00,9.69,9.72,9.67,9.68,29843
2026-03-05 08:20:00,9.68,9.76,9.66,9.76,12523
2026-03-05 08:25:00,9.78,9.82,9.71,9.71,44998
2026-03-05 08:30:00,9.71,9.87,9.71,9.81,38024
2026-03-05 08:35:00,9.8087,9.86,9.8087,9.84,30066
2026-03-05 08:40:00,9.84,9.84,9.74,9.77,39789
2026-03-05 08:45:00,9.78,9.78,9.72,9.745,32664
2026-03-05 08:50:00,9.74,9.75,9.711,9.72,20135
2026-03-05 08:55:00,9.73,9.82,9.73,9.7982,26170
2026-03-05 09:00:00,9.79,9.82,9.7787,9.8,22250
2026-03-05 09:05:00,9.7905,9.82,9.75,9.79,20361
2026-03-05 09:10:00,9.7719,9.8181,9.76,9.79,5454
2026-03-05 09:15:00,9.79,9.85,9.79,9.82,45437
2026-03-05 09:20:00,9.83,9.83,9.76,9.78,15876
2026-03-05 09:25:00,9.78,9.94,9.71,9.94,106631
2026-03-05 09:30:00,9.94,9.97,9.72,9.795,460271
2026-03-05 09:35:00,9.79,10.0399,9.775,9.9499,410495
2026-03-05 09:40:00,9.95,10.08,9.88,10.0698,490880
2026-03-05 09:45:00,10.065,10.14,10.025,10.09,548363
2026-03-05 09:50:00,10.085,10.12,9.81,9.825,543948
2026-03-05 09:55:00,9.83,9.89,9.8,9.845,225440
2026-03-05 10:00:00,9.84,10.0397,9.72,10.015,496371
2026-03-05 10:05:00,10.02,10.08,9.91,10.065,340656
2026-03-05 10:10:00,10.055,10.2,10.0214,10.17,434254
2026-03-05 10:15:00,10.16,10.27,10.1103,10.18,269495
2026-03-05 10:20:00,10.18,10.32,10.15,10.275,380795
2026-03-05 10:25:00,10.275,10.35,10.21,10.335,379052
2026-03-05 10:30:00,10.335,10.44,10.325,10.3614,481283
2026-03-05 10:35:00,10.36,10.4,10.26,10.265,309862
2026-03-05 10:40:00,10.2601,10.37,10.25,10.34,268937
2026-03-05 10:45:00,10.335,10.38,10.3,10.37,166665
2026-03-05 10:50:00,10.3701,10.3701,10.23,10.255,227456
2026-03-05 10:55:00,10.255,10.37,10.2502,10.305,184662
2026-03-05 11:00:00,10.3,10.44,10.28,10.4399,151441
2026-03-05 11:05:00,10.435,10.66,10.4202,10.6501,415365
2026-03-05 11:10:00,10.6588,10.71,10.57,10.6101,375183
2026-03-05 11:15:00,10.6162,10.66,10.57,10.655,239276
2026-03-05 11:20:00,10.65,10.66,10.54,10.575,225659
2026-03-05 11:25:00,10.575,10.59,10.53,10.58,159646
2026-03-05 11:30:00,10.58,10.61,10.43,10.52,222615
2026-03-05 11:35:00,10.51,10.53,10.36,10.36,145771
2026-03-05 11:40:00,10.365,10.47,10.325,10.455,152509
2026-03-05 11:45:00,10.45,10.46,10.4,10.405,90177
2026-03-05 11:50:00,10.4,10.46,10.4,10.4399,101586
2026-03-05 11:55:00,10.43,10.44,10.365,10.43,97002
2026-03-05 12:00:00,10.425,10.445,10.24,10.2503,152595
2026-03-05 12:05:00,10.26,10.39,10.25,10.39,127345
2026-03-05 12:10:00,10.4,10.415,10.33,10.3499,117549
2026-03-05 12:15:00,10.34,10.49,10.34,10.49,131941
2026-03-05 12:20:00,10.48,10.56,10.44,10.45,124056
2026-03-05 12:25:00,10.46,10.52,10.4499,10.5,112744
2026-03-05 12:30:00,10.5,10.655,10.49,10.65,179979
2026-03-05 12:35:00,10.64,10.69,10.6001,10.61,214339
2026-03-05 12:40:00,10.6,10.7,10.59,10.685,152550
2026-03-05 12:45:00,10.68,10.7693,10.67,10.7693,218890
2026-03-05 12:50:00,10.765,10.85,10.68,10.745,288005
2026-03-05 12:55:00,10.75,10.7899,10.73,10.76,169544
2026-03-05 13:00:00,10.77,10.795,10.685,10.705,157038
2026-03-05 13:05:00,10.71,10.79,10.635,10.64,161407
2026-03-05 13:10:00,10.625,10.72,10.55,10.58,130684
2026-03-05 13:15:00,10.57,10.67,10.56,10.66,124914
2026-03-05 13:20:00,10.65,10.71,10.59,10.64,84464
2026-03-05 13:25:00,10.64,10.71,10.625,10.6997,83287
2026-03-05 13:30:00,10.7,10.705,10.61,10.635,91604
2026-03-05 13:35:00,10.635,10.695,10.59,10.68,74202
2026-03-05 13:40:00,10.68,10.685,10.61,10.615,96734
2026-03-05 13:45:00,10.62,10.6799,10.6,10.64,102779
2026-03-05 13:50:00,10.65,10.71,10.63,10.655,112848
2026-03-05 13:55:00,10.66,10.66,10.5401,10.57,141301
2026-03-05 14:00:00,10.575,10.58,10.49,10.52,184141
2026-03-05 14:05:00,10.51,10.525,10.42,10.515,151122
2026-03-05 14:10:00,10.51,10.57,10.455,10.46,219742
2026-03-05 14:15:00,10.455,10.4899,10.43,10.46,142096
2026-03-05 14:20:00,10.445,10.5099,10.405,10.47,99237
2026-03-05 14:25:00,10.46,10.595,10.45,10.565,98300
2026-03-05 14:30:00,10.57,10.65,10.56,10.59,181518
2026-03-05 14:35:00,10.6097,10.68,10.6,10.62,136384
2026-03-05 14:40:00,10.625,10.66,10.6,10.63,58299
2026-03-05 14:45:00,10.625,10.65,10.5714,10.585,71845
2026-03-05 14:50:00,10.58,10.66,10.57,10.66,40968
2026-03-05 14:55:00,10.675,10.7,10.64,10.66,69338
2026-03-05 15:00:00,10.67,10.675,10.545,10.55,143258
2026-03-05 15:05:00,10.55,10.65,10.54,10.59,166246
2026-03-05 15:10:00,10.59,10.59,10.55,10.555,92010
2026-03-05 15:15:00,10.55,10.5999,10.535,10.56,84985
2026-03-05 15:20:00,10.56,10.5638,10.425,10.4302,101847
2026-03-05 15:25:00,10.435,10.5201,10.4301,10.5099,102786
2026-03-05 15:30:00,10.51,10.52,10.44,10.45,73663
2026-03-05 15:35:00,10.44,10.44,10.33,10.385,70431
2026-03-05 15:40:00,10.38,10.465,10.38,10.445,96940
2026-03-05 15:45:00,10.44,10.55,10.435,10.47,80326
2026-03-05 15:50:00,10.46,10.58,10.455,10.53,134311
2026-03-05 15:55:00,10.535,10.6,10.525,10.595,169349
2026-03-05 16:00:00,10.56,10.62,10.55,10.59,30960
2026-03-05 16:05:00,10.5707,10.62,10.5707,10.61,5024
2026-03-05 16:10:00,10.57,10.6,10.57,10.5904,3528
2026-03-05 16:15:00,10.58,10.5802,10.53,10.5402,3876
2026-03-05 16:20:00,10.54,10.54,10.49,10.53,24603
2026-03-05 16:25:00,10.52,10.52,10.49,10.49,9892
2026-03-05 16:30:00,10.48,10.5,10.48,10.5,9312
2026-03-05 16:35:00,10.53,10.5561,10.53,10.55,8869
2026-03-05 16:40:00,10.5593,10.5593,10.54,10.54,8138
2026-03-05 16:45:00,10.53,10.55,10.51,10.51,9671
2026-03-05 16:50:00,10.51,10.55,10.5,10.55,7896
2026-03-05 16:55:00,10.57,10.57,10.53,10.53,3629
2026-03-05 17:00:00,10.55,10.5507,10.55,10.5507,1019
2026-03-05 17:05:00,10.56,10.56,10.55,10.5598,2178
2026-03-05 17:10:00,10.56,10.56,10.56,10.56,2662
2026-03-05 17:15:00,10.5303,10.5303,10.5303,10.5303,939
2026-03-05 17:20:00,10.53,10.53,10.53,10.53,324
2026-03-05 17:25:00,10.55,10.57,10.5239,10.57,2106
2026-03-05 17:30:00,10.5303,10.5303,10.5303,10.5303,186
2026-03-05 17:35:00,10.5491,10.5491,10.5491,10.5491,100
2026-03-05 17:40:00,10.5682,10.57,10.56,10.57,620
2026-03-05 17:45:00,10.54,10.56,10.54,10.56,840
2026-03-05 17:50:00,10.5601,10.5601,10.55,10.55,6266
2026-03-05 17:55:00,10.56,10.56,10.55,10.55,3204
2026-03-05 18:00:00,10.56,10.56,10.54,10.56,1842
2026-03-05 18:05:00,10.57,10.58,10.57,10.58,900
2026-03-05 18:10:00,10.571,10.58,10.571,10.58,215
2026-03-05 18:15:00,10.6,10.61,10.5752,10.5752,1169
2026-03-05 18:25:00,10.58,10.58,10.58,10.58,700
2026-03-05 18:30:00,10.59,10.61,10.59,10.61,8160
2026-03-05 18:35:00,10.605,10.63,10.605,10.62,2838
2026-03-05 18:40:00,10.63,10.63,10.62,10.62,3831
2026-03-05 18:45:00,10.5722,10.63,10.5722,10.63,1200
2026-03-05 18:50:00,10.6003,10.6284,10.6,10.62,2643
2026-03-05 18:55:00,10.6199,10.6299,10.6103,10.6299,12110
2026-03-05 19:00:00,10.6297,10.63,10.6199,10.63,2812
2026-03-05 19:05:00,10.63,10.6391,10.62,10.62,1135
2026-03-05 19:10:00,10.62,10.62,10.6098,10.61,3793
2026-03-05 19:15:00,10.6,10.61,10.52,10.52,39369
2026-03-05 19:20:00,10.55,10.55,10.55,10.55,480
2026-03-05 19:25:00,10.54,10.5896,10.54,10.5896,600
2026-03-05 19:30:00,10.54,10.6,10.54,10.5414,1583
2026-03-05 19:35:00,10.58,10.58,10.58,10.58,744
2026-03-05 19:40:00,10.5794,10.58,10.57,10.57,2247
2026-03-05 19:45:00,10.58,10.58,10.57,10.58,3310
2026-03-05 19:50:00,10.58,10.61,10.58,10.61,5277
2026-03-05 19:55:00,10.5983,10.6,10.57,10.57,2482
2026-03-06 04:00:00,10.5,10.59,10.46,10.53,15217
2026-03-06 04:05:00,10.55,10.58,10.5,10.58,11713
2026-03-06 04:10:00,10.59,10.65,10.58,10.61,23585
2026-03-06 04:15:00,10.62,10.72,10.61,10.63,77520
2026-03-06 04:20:00,10.63,10.67,10.61,10.62,23273
2026-03-06 04:25:00,10.625,10.78,10.59,10.71,87094
2026-03-06 04:30:00,10.705,10.75,10.69,10.73,47582
2026-03-06 04:35:00,10.71,10.74,10.69,10.71,15644
2026-03-06 04:40:00,10.71,10.74,10.65,10.66,20600
2026-03-06 04:45:00,10.66,10.72,10.63,10.7,23886
2026-03-06 04:50:00,10.69,10.71,10.65,10.66,15680
2026-03-06 04:55:00,10.66,10.66,10.605,10.63,14502
2026-03-06 05:00:00,10.62,10.64,10.59,10.6,14058
2026-03-06 05:05:00,10.6,10.6,10.55,10.57,30987
2026-03-06 05:10:00,10.58,10.59,10.58,10.58,6064
2026-03-06 05:15:00,10.56,10.61,10.53,10.61,19650
2026-03-06 05:20:00,10.6,10.62,10.57,10.57,40407
2026-03-06 05:25:00,10.58,10.59,10.54,10.57,28577
2026-03-06 05:30:00,10.54,10.63,10.54,10.63,6467
2026-03-06 05:35:00,10.625,10.64,10.61,10.64,7561
2026-03-06 05:40:00,10.64,10.66,10.64,10.65,2940
2026-03-06 05:45:00,10.64,10.67,10.63,10.67,12254
2026-03-06 05:50:00,10.67,10.68,10.63,10.63,11536
2026-03-06 05:55:00,10.66,10.66,10.64,10.64,9767
2026-03-06 06:00:00,10.65,10.7,10.65,10.69,10004
2026-03-06 06:05:00,10.69,10.7,10.64,10.66,50541
2026-03-06 06:10:00,10.69,10.69,10.62,10.64,13419
2026-03-06 06:15:00,10.64,10.66,10.63,10.66,2680
2026-03-06 06:20:00,10.66,10.66,10.64,10.65,3939
2026-03-06 06:25:00,10.65,10.66,10.63,10.63,3895
2026-03-06 06:30:00,10.64,10.67,10.62,10.66,12637
2026-03-06 06:35:00,10.66,10.66,10.63,10.64,4032
2026-03-06 06:40:00,10.65,10.71,10.65,10.69,41208
2026-03-06 06:45:00,10.69,10.74,10.69,10.72,16829
2026-03-06 06:50:00,10.71,10.77,10.71,10.75,9891
2026-03-06 06:55:00,10.77,10.8,10.76,10.77,12432
2026-03-06 07:00:00,10.78,10.84,10.77,10.84,58712
2026-03-06 07:05:00,10.82,10.97,10.82,10.96,48109
2026-03-06 07:10:00,10.97,11.02,10.95,10.96,80817
2026-03-06 07:15:00,10.97,10.97,10.87,10.87,72329
2026-03-06 07:20:00,10.88,10.92,10.87,10.92,15581
2026-03-06 07:25:00,10.92,10.95,10.9,10.95,70158
2026-03-06 07:30:00,10.95,10.99,10.94,10.96,35648
2026-03-06 07:35:00,10.97,11.07,10.97,11.06,31980
2026-03-06 07:40:00,11.05,11.07,10.99,11.01,25954
2026-03-06 07:45:00,11.02,11.09,11.0,11.06,39633
2026-03-06 07:50:00,11.05,11.05,10.97,11.01,25460
2026-03-06 07:55:00,11.01,11.01,10.95,10.98,18475
2026-03-06 08:00:00,11.0,11.08,10.34,10.97,503486
2026-03-06 08:05:00,10.97,10.98,10.34,10.94,38827
2026-03-06 08:10:00,10.94,10.95,10.9,10.93,21958
2026-03-06 08:15:00,10.94,10.979,10.92,10.9397,8835
2026-03-06 08:20:00,10.94,11.02,10.94,10.97,25083
2026-03-06 08:25:00,10.96,11.0308,10.91,11.0308,16355
2026-03-06 08:30:00,10.99,11.14,10.9515,10.9701,43058
2026-03-06 08:35:00,10.95,11.07,10.9098,11.07,80869
2026-03-06 08:40:00,11.07,11.13,11.06,11.1087,69544
2026-03-06 08:45:00,11.11,11.19,11.11,11.16,61304
2026-03-06 08:50:00,11.15,11.25,11.12,11.22,80453
2026-03-06 08:55:00,11.21,11.34,11.21,11.34,132065
2026-03-06 09:00:00,11.34,11.4,11.26,11.2801,150718
2026-03-06 09:05:00,11.29,11.5,11.2802,11.49,104437
2026-03-06 09:10:00,11.49,11.505,11.36,11.39,177256
2026-03-06 09:15:00,11.39,11.42,11.33,11.33,139976
2026-03-06 09:20:00,11.35,11.36,11.28,11.31,67703
2026-03-06 09:25:00,11.3,11.41,11.3,11.335,96730
2026-03-06 09:30:00,11.34,11.36,11.145,11.165,528924
2026-03-06 09:35:00,11.18,11.37,11.15,11.225,404164
2026-03-06 09:40:00,11.2264,11.2797,11.115,11.27,322126
2026-03-06 09:45:00,11.2698,11.39,11.16,11.36,324444
2026-03-06 09:50:00,11.37,11.56,11.32,11.5299,420496
2026-03-06 09:55:00,11.52,11.5685,11.43,11.51,344435
2026-03-06 10:00:00,11.51,11.51,11.3,11.34,393464
2026-03-06 10:05:00,11.34,11.6,11.34,11.59,306814
2026-03-06 10:10:00,11.59,11.615,11.48,11.4876,260547
2026-03-06 10:15:00,11.48,11.51,11.225,11.285,241178
2026-03-06 10:20:00,11.285,11.345,11.15,11.225,246277
2026-03-06 10:25:00,11.2263,11.41,11.22,11.355,267635
2026-03-06 10:30:00,11.3514,11.3514,11.24,11.32,174591
2026-03-06 10:35:00,11.315,11.35,11.225,11.2802,143368
2026-03-06 10:40:00,11.295,11.45,11.29,11.42,198779
2026-03-06 10:45:00,11.42,11.58,11.412,11.57,113955
2026-03-06 10:50:00,11.58,11.68,11.58,11.6,201399
2026-03-06 10:55:00,11.5999,11.605,11.45,11.48,156541
2026-03-06 11:00:00,11.48,11.5,11.29,11.305,183288
2026-03-06 11:05:00,11.32,11.4399,11.3,11.43,145009
2026-03-06 11:10:00,11.4301,11.569,11.425,11.535,411354
2026-03-06 11:15:00,11.54,11.54,11.4399,11.4439,102569
2026-03-06 11:20:00,11.445,11.5,11.39,11.42,97275
2026-03-06 11:25:00,11.41,11.46,11.39,11.445,90311
2026-03-06 11:30:00,11.44,11.51,11.369,11.5,125893
2026-03-06 11:35:00,11.49,11.505,11.31,11.335,94727
2026-03-06 11:40:00,11.35,11.39,11.29,11.325,101319
2026-03-06 11:45:00,11.315,11.365,11.27,11.32,68503
2026-03-06 11:50:00,11.3,11.3788,11.26,11.3788,84545
2026-03-06 11:55:00,11.365,11.385,11.29,11.295,87968
2026-03-06 12:00:00,11.295,11.345,11.25,11.28,74917
2026-03-06 12:05:00,11.285,11.4199,11.26,11.37,117903
2026-03-06 12:10:00,11.38,11.385,11.31,11.385,33863
2026-03-06 12:15:00,11.375,11.395,11.33,11.33,72258
2026-03-06 12:20:00,11.325,11.36,11.27,11.355,69261
2026-03-06 12:25:00,11.36,11.44,11.33,11.345,77930
2026-03-06 12:30:00,11.34,11.41,11.3,11.41,89520
2026-03-06 12:35:00,11.408,11.5597,11.4,11.54,134215
2026-03-06 12:40:00,11.535,11.59,11.47,11.4801,133166
2026-03-06 12:45:00,11.485,11.51,11.4601,11.495,95060
2026-03-06 12:50:00,11.495,11.545,11.445,11.52,75312
2026-03-06 12:55:00,11.515,11.535,11.435,11.49,65518
2026-03-06 13:00:00,11.49,11.49,11.395,11.43,108019
2026-03-06 13:05:00,11.4286,11.455,11.34,11.375,77844
2026-03-06 13:10:00,11.375,11.41,11.28,11.325,147697
2026-03-06 13:15:00,11.32,11.3601,11.29,11.36,62669
2026-03-06 13:20:00,11.36,11.3799,11.3201,11.33,94081
2026-03-06 13:25:00,11.335,11.435,11.32,11.4215,82197
2026-03-06 13:30:00,11.43,11.43,11.315,11.34,76448
2026-03-06 13:35:00,11.37,11.44,11.37,11.395,48226
2026-03-06 13:40:00,11.39,11.43,11.365,11.38,41803
2026-03-06 13:45:00,11.38,11.485,11.37,11.44,117927
2026-03-06 13:50:00,11.435,11.505,11.3901,11.495,89432
2026-03-06 13:55:00,11.485,11.52,11.455,11.52,70185
2026-03-06 14:00:00,11.52,11.53,11.48,11.52,104448
2026-03-06 14:05:00,11.52,11.55,11.47,11.52,79748
2026-03-06 14:10:00,11.52,11.52,11.39,11.4,48330
2026-03-06 14:15:00,11.41,11.49,11.37,11.415,53219
2026-03-06 14:20:00,11.43,11.55,11.43,11.5073,140705
2026-03-06 14:25:00,11.51,11.57,11.49,11.565,90184
2026-03-06 14:30:00,11.565,11.6,11.515,11.6,97915
2026-03-06 14:35:00,11.59,11.62,11.57,11.575,91377
2026-03-06 14:40:00,11.5801,11.6,11.495,11.5999,105998
2026-03-06 14:45:00,11.6,11.645,11.595,11.635,74849
2026-03-06 14:50:00,11.64,11.68,11.6201,11.6361,87420
2026-03-06 14:55:00,11.645,11.65,11.595,11.6301,80995
2026-03-06 15:00:00,11.63,11.63,11.535,11.625,72870
2026-03-06 15:05:00,11.62,11.675,11.615,11.66,67065
2026-03-06 15:10:00,11.66,11.775,11.63,11.73,168085
2026-03-06 15:15:00,11.72,11.725,11.6,11.6291,83104
2026-03-06 15:20:00,11.635,11.6991,11.61,11.68,88174
2026-03-06 15:25:00,11.69,11.8,11.6545,11.665,132517
2026-03-06 15:30:00,11.66,11.67,11.555,11.5761,344884
2026-03-06 15:35:00,11.585,11.615,11.51,11.525,153707
2026-03-06 15:40:00,11.53,11.56,11.45,11.52,159434
2026-03-06 15:45:00,11.52,11.56,11.5,11.55,154109
2026-03-06 15:50:00,11.55,11.57,11.4601,11.47,167048
2026-03-06 15:55:00,11.475,11.55,11.475,11.54,224464
2026-03-06 16:00:00,11.51,11.55,11.51,11.55,20841
2026-03-06 16:05:00,11.56,11.61,11.56,11.57,11465
2026-03-06 16:10:00,11.59,11.62,11.55,11.55,7604
2026-03-06 16:15:00,11.551,11.61,11.55,11.6,2020
2026-03-06 16:20:00,11.6,11.6,11.59,11.59,12522
2026-03-06 16:25:00,11.6082,11.64,11.52,11.58,27297
2026-03-06 16:30:00,11.57,11.59,11.57,11.59,5497
2026-03-06 16:35:00,11.59,11.6,11.57,11.58,11970
2026-03-06 16:40:00,11.58,11.58,11.51,11.51,16483
2026-03-06 16:45:00,11.52,11.52,11.51,11.51,4525
2026-03-06 16:50:00,11.51,11.51,11.48,11.49,12784
2026-03-06 16:55:00,11.51,11.51,11.51,11.51,100
2026-03-06 17:00:00,11.53,11.55,11.49,11.52,5800
2026-03-06 17:05:00,11.4802,11.4802,11.4802,11.4802,432
2026-03-06 17:10:00,11.5,11.51,11.49,11.5009,1693
2026-03-06 17:15:00,11.5039,11.53,11.5039,11.53,1096
2026-03-06 17:20:00,11.51,11.51,11.51,11.51,300
2026-03-06 17:25:00,11.5,11.54,11.5,11.54,2568
2026-03-06 17:30:00,11.51,11.56,11.51,11.56,1872
2026-03-06 17:35:00,11.55,11.57,11.52,11.5201,2193
2026-03-06 17:45:00,11.55,11.55,11.5232,11.54,2591
2026-03-06 17:50:00,11.54,11.54,11.54,11.54,952
2026-03-06 17:55:00,11.55,11.55,11.53,11.53,5712
2026-03-06 18:00:00,11.52,11.5791,11.52,11.53,3786
2026-03-06 18:05:00,11.53,11.53,11.53,11.53,2283
2026-03-06 18:10:00,11.55,11.55,11.55,11.55,2025
2026-03-06 18:15:00,11.5508,11.5674,11.55,11.5674,1126
2026-03-06 18:20:00,11.55,11.55,11.55,11.55,200
2026-03-06 18:25:00,11.5406,11.5406,11.5406,11.5406,999
2026-03-06 18:30:00,11.5401,11.55,11.5401,11.55,352
2026-03-06 18:35:00,11.5506,11.5506,11.5506,11.5506,1474
2026-03-06 18:40:00,11.57,11.5701,11.56,11.5701,7225
2026-03-06 18:45:00,11.58,11.6,11.57,11.58,10502
2026-03-06 18:50:00,11.59,11.5998,11.58,11.5998,6013
2026-03-06 18:55:00,11.59,11.59,11.59,11.59,465
2026-03-06 19:00:00,11.57,11.6,11.56,11.5984,2282
2026-03-06 19:05:00,11.55,11.5607,11.55,11.5607,200
2026-03-06 19:15:00,11.5799,11.5799,11.57,11.57,374
2026-03-06 19:20:00,11.56,11.56,11.52,11.52,4457
2026-03-06 19:25:00,11.54,11.56,11.52,11.56,27157
2026-03-06 19:30:00,11.55,11.5792,11.55,11.57,1454
2026-03-06 19:35:00,11.55,11.57,11.55,11.57,353
2026-03-06 19:40:00,11.55,11.58,11.55,11.57,3373
2026-03-06 19:45:00,11.57,11.588,11.5527,11.588,17252
2026-03-06 19:50:00,11.59,11.59,11.51,11.53,4140
2026-03-06 19:55:00,11.5097,11.61,11.5097,11.61,11030
2026-03-09 04:00:00,11.87,11.91,11.83,11.91,14766
2026-03-09 04:05:00,11.92,11.93,11.86,11.93,5877
2026-03-09 04:10:00,11.85,11.89,11.74,11.76,20469
2026-03-09 04:15:00,11.79,11.87,11.79,11.82,4400
2026-03-09 04:20:00,11.82,11.82,11.7,11.74,11014
2026-03-09 04:25:00,11.71,11.73,11.71,11.73,2243
2026-03-09 04:30:00,11.73,11.73,11.66,11.66,2630
2026-03-09 04:35:00,11.66,11.73,11.66,11.73,3619
2026-03-09 04:40:00,11.72,11.74,11.69,11.69,2935
2026-03-09 04:45:00,11.71,11.76,11.69,11.69,5175
2026-03-09 04:50:00,11.685,11.685,11.64,11.65,10694
2026-03-09 04:55:00,11.65,11.71,11.65,11.68,13493
2026-03-09 05:00:00,11.675,11.72,11.67,11.72,16304
2026-03-09 05:05:00,11.73,11.78,11.715,11.73,34944
2026-03-09 05:10:00,11.73,11.735,11.64,11.64,32755
2026-03-09 05:15:00,11.64,11.65,11.56,11.61,50507
2026-03-09 05:20:00,11.61,11.61,11.51,11.53,30376
2026-03-09 05:25:00,11.535,11.57,11.49,11.5,23924
2026-03-09 05:30:00,11.51,11.57,11.34,11.36,112695
2026-03-09 05:35:00,11.38,11.38,11.3,11.34,40356
2026-03-09 05:40:00,11.34,11.39,11.3,11.34,35992
2026-03-09 05:45:00,11.34,11.45,11.29,11.44,30135
2026-03-09 05:50:00,11.44,11.53,11.44,11.5,39076
2026-03-09 05:55:00,11.5,11.52,11.46,11.48,19311
2026-03-09 06:00:00,11.47,11.56,11.43,11.55,39591
2026-03-09 06:05:00,11.57,11.6,11.52,11.56,36193
2026-03-09 06:10:00,11.57,11.64,11.57,11.62,18041
2026-03-09 06:15:00,11.61,11.65,11.58,11.61,26281
2026-03-09 06:20:00,11.62,11.65,11.57,11.65,26545
2026-03-09 06:25:00,11.64,11.67,11.62,11.67,6672
2026-03-09 06:30:00,11.68,11.7,11.67,11.67,7250
2026-03-09 06:35:00,11.66,11.68,11.61,11.64,20702
2026-03-09 06:40:00,11.62,11.67,11.61,11.67,3060
2026-03-09 06:45:00,11.69,11.72,11.66,11.7,12702
2026-03-09 06:50:00,11.69,11.71,11.67,11.67,20421
2026-03-09 06:55:00,11.7,11.72,11.69,11.71,17535
2026-03-09 07:00:00,11.71,11.78,11.7,11.72,44531
2026-03-09 07:05:00,11.68,11.7,11.67,11.7,5246
2026-03-09 07:10:00,11.7,11.74,11.69,11.69,18002
2026-03-09 07:15:00,11.7,11.78,11.68,11.77,11252
2026-03-09 07:20:00,11.78,11.82,11.74,11.74,6068
2026-03-09 07:25:00,11.73,11.79,11.73,11.78,5692
2026-03-09 07:30:00,11.78,11.78,11.71,11.71,9456
2026-03-09 07:35:00,11.71,11.71,11.68,11.69,10159
2026-03-09 07:40:00,11.69,11.72,11.69,11.69,1852
2026-03-09 07:45:00,11.7,11.7,11.629,11.68,17842
2026-03-09 07:50:00,11.69,11.69,11.61,11.61,6253
2026-03-09 07:55:00,11.61,11.64,11.59,11.64,10709
2026-03-09 08:00:00,11.77,12.05,11.3,11.54,387156
2026-03-09 08:05:00,11.535,11.5403,11.49,11.54,30237
2026-03-09 08:10:00,11.55,12.04,11.51,11.51,39500
2026-03-09 08:15:00,11.5,11.5,11.4,11.41,29047
2026-03-09 08:20:00,11.39,11.44,11.38,11.39,34057
2026-03-09 08:25:00,11.3901,11.42,11.34,11.35,18089
2026-03-09 08:30:00,11.35,11.48,11.35,11.47,33256
2026-03-09 08:35:00,11.47,11.48,11.39,11.42,39021
2026-03-09 08:40:00,11.41,11.52,11.41,11.51,38336
2026-03-09 08:45:00,11.5,11.5197,11.48,11.5095,11452
2026-03-09 08:50:00,11.5,11.54,11.48,11.52,37143
2026-03-09 08:55:00,11.5,11.5,11.44,11.47,14335
2026-03-09 09:00:00,11.46,11.46,11.39,11.3998,12447
2026-03-09 09:05:00,11.3997,11.45,11.38,11.41,12626
2026-03-09 09:10:00,11.4,11.4,11.3,11.35,58808
2026-03-09 09:15:00,11.37,11.41,11.33,11.39,35062
2026-03-09 09:20:00,11.3881,11.4002,11.36,11.36,14558
2026-03-09 09:25:00,11.37,11.38,11.0803,11.09,52253
2026-03-09 09:30:00,11.1,11.12,10.825,10.8299,420972
2026-03-09 09:35:00,10.84,11.01,10.78,10.9,409208
2026-03-09 09:40:00,10.89,10.95,10.59,10.59,369443
2026-03-09 09:45:00,10.595,10.8601,10.505,10.85,440196
2026-03-09 09:50:00,10.855,10.99,10.79,10.9698,347302
2026-03-09 09:55:00,10.96,11.04,10.865,10.98,240030
2026-03-09 10:00:00,10.99,11.02,10.7439,10.835,254657
2026-03-09 10:05:00,10.835,11.17,10.8103,11.1699,415782
2026-03-09 10:10:00,11.1599,11.22,11.0601,11.13,232681
2026-03-09 10:15:00,11.12,11.175,10.9,10.94,255584
2026-03-09 10:20:00,10.95,11.015,10.805,10.81,203764
2026-03-09 10:25:00,10.8214,10.94,10.7601,10.85,399801
2026-03-09 10:30:00,10.85,10.86,10.745,10.82,120782
2026-03-09 10:35:00,10.82,10.85,10.6907,10.7,190897
2026-03-09 10:40:00,10.69,10.8,10.628,10.63,171626
2026-03-09 10:45:00,10.62,10.69,10.6,10.665,192232
2026-03-09 10:50:00,10.67,10.7,10.56,10.56,185992
2026-03-09 10:55:00,10.56,10.7099,10.5216,10.67,252614
2026-03-09 11:00:00,10.66,10.7598,10.65,10.745,197261
2026-03-09 11:05:00,10.75,10.755,10.615,10.715,149577
2026-03-09 11:10:00,10.715,10.8,10.69,10.69,161734
2026-03-09 11:15:00,10.68,10.725,10.64,10.7,110426
2026-03-09 11:20:00,10.71,10.74,10.58,10.61,121823
2026-03-09 11:25:00,10.61,10.62,10.53,10.61,115230
2026-03-09 11:30:00,10.6,10.7114,10.48,10.68,303567
2026-03-09 11:35:00,10.69,10.84,10.69,10.84,277389
2026-03-09 11:40:00,10.84,10.8986,10.8,10.865,147897
2026-03-09 11:45:00,10.86,10.88,10.81,10.875,88544
2026-03-09 11:50:00,10.88,10.9599,10.87,10.875,119469
2026-03-09 11:55:00,10.87,10.91,10.82,10.91,136767
2026-03-09 12:00:00,10.905,10.96,10.815,10.84,84888
2026-03-09 12:05:00,10.83,10.83,10.6801,10.798,109583
2026-03-09 12:10:00,10.79,10.9051,10.785,10.88,111758
2026-03-09 12:15:00,10.88,10.97,10.8701,10.88,94498
2026-03-09 12:20:00,10.89,10.97,10.8,10.8,125887
2026-03-09 12:25:00,10.8,10.82,10.6725,10.725,114439
2026-03-09 12:30:00,10.71,10.87,10.71,10.855,142753
2026-03-09 12:35:00,10.865,10.865,10.745,10.755,59952
2026-03-09 12:40:00,10.75,10.75,10.64,10.68,115545
2026-03-09 12:45:00,10.6899,10.76,10.6,10.615,145018
2026-03-09 12:50:00,10.615,10.71,10.59,10.68,158485
2026-03-09 12:55:00,10.69,10.72,10.6099,10.62,88454
2026-03-09 13:00:00,10.61,10.72,10.59,10.72,98696
2026-03-09 13:05:00,10.715,10.74,10.64,10.725,70617
2026-03-09 13:10:00,10.745,10.825,10.725,10.775,83410
2026-03-09 13:15:00,10.775,10.8398,10.75,10.805,68292
2026-03-09 13:20:00,10.81,10.93,10.8,10.8914,134293
2026-03-09 13:25:00,10.9,10.9803,10.88,10.96,117702
2026-03-09 13:30:00,10.96,10.97,10.88,10.9301,102002
2026-03-09 13:35:00,10.93,11.0,10.89,10.995,76091
2026-03-09 13:40:00,10.995,11.1301,10.98,11.11,157743
2026-03-09 13:45:00,11.115,11.15,10.9693,10.99,129635
2026-03-09 13:50:00,10.99,11.01,10.93,10.98,65567
2026-03-09 13:55:00,10.97,11.04,10.96,11.04,41911
2026-03-09 14:00:00,11.04,11.09,11.01,11.08,58529
2026-03-09 14:05:00,11.07,11.16,11.04,11.1371,87031
2026-03-09 14:10:00,11.13,11.13,10.99,11.0,66038
2026-03-09 14:15:00,11.005,11.0299,10.94,10.96,75678
2026-03-09 14:20:00,10.97,11.0693,10.95,11.02,124181
2026-03-09 14:25:00,11.035,11.0999,11.015,11.0999,61070
2026-03-09 14:30:00,11.095,11.1,11.02,11.05,79696
2026-03-09 14:35:00,11.045,11.12,11.03,11.11,54304
2026-03-09 14:40:00,11.105,11.16,11.06,11.15,49449
2026-03-09 14:45:00,11.155,11.16,11.11,11.16,88041
2026-03-09 14:50:00,11.165,11.195,11.1,11.105,75991
2026-03-09 14:55:00,11.1,11.18,11.1,11.16,59095
2026-03-09 15:00:00,11.15,11.16,11.02,11.035,105126
2026-03-09 15:05:00,11.04,11.145,11.04,11.075,87234
2026-03-09 15:10:00,11.075,11.1,11.04,11.07,70383
2026-03-09 15:15:00,11.07,11.08,10.845,10.85,408192
2026-03-09 15:20:00,10.845,10.86,10.67,10.68,444147
2026-03-09 15:25:00,10.665,10.665,10.42,10.48,359648
2026-03-09 15:30:00,10.4793,10.55,10.39,10.455,275687
2026-03-09 15:35:00,10.45,10.57,10.42,10.5,229934
2026-03-09 15:40:00,10.51,10.645,10.51,10.53,265280
2026-03-09 15:45:00,10.54,10.6101,10.5,10.56,196714
2026-03-09 15:50:00,10.55,10.655,10.495,10.615,243543
2026-03-09 15:55:00,10.61,10.625,10.55,10.61,264262
2026-03-09 16:00:00,10.63,10.63,10.5501,10.63,11457
2026-03-09 16:05:00,10.62,10.63,10.59,10.63,9613
2026-03-09 16:10:00,10.63,10.67,10.63,10.65,27426
2026-03-09 16:15:00,10.64,10.64,10.62,10.63,17139
2026-03-09 16:20:00,10.63,10.64,10.6287,10.6287,2716
2026-03-09 16:25:00,10.6297,10.64,10.62,10.64,12900
2026-03-09 16:30:00,10.65,10.66,10.64,10.64,12283
2026-03-09 16:35:00,10.64,10.66,10.64,10.66,12416
2026-03-09 16:40:00,10.64,10.64,10.63,10.6302,4380
2026-03-09 16:45:00,10.64,10.66,10.64,10.64,3204
2026-03-09 16:50:00,10.6501,10.66,10.63,10.63,6969
2026-03-09 16:55:00,10.63,10.63,10.6,10.61,6648
2026-03-09 17:00:00,10.61,10.61,10.61,10.61,824
2026-03-09 17:05:00,10.6,10.605,10.59,10.59,11176
2026-03-09 17:10:00,10.59,10.5902,10.58,10.5902,5633
2026-03-09 17:15:00,10.6,10.605,10.59,10.5904,4961
2026-03-09 17:20:00,10.61,10.61,10.59,10.59,4469
2026-03-09 17:25:00,10.6097,10.61,10.6,10.61,1409
2026-03-09 17:30:00,10.61,10.61,10.6099,10.6099,1170
2026-03-09 17:35:00,10.6,10.62,10.6,10.6148,4420
2026-03-09 17:40:00,10.6148,10.63,10.6148,10.63,3484
2026-03-09 17:45:00,10.609,10.61,10.6,10.6,1700
2026-03-09 17:50:00,10.6,10.61,10.6,10.61,230
2026-03-09 17:55:00,10.6381,10.6381,10.629,10.629,200
2026-03-09 18:00:00,10.6,10.64,10.6,10.64,1120
2026-03-09 18:05:00,10.64,10.64,10.62,10.62,718
2026-03-09 18:10:00,10.66,10.67,10.66,10.66,5819
2026-03-09 18:15:00,10.67,10.67,10.66,10.66,486
2026-03-09 18:20:00,10.66,10.68,10.63,10.68,11120
2026-03-09 18:25:00,10.7,10.71,10.66,10.66,24653
2026-03-09 18:30:00,10.69,10.69,10.69,10.69,661
2026-03-09 18:35:00,10.69,10.69,10.6507,10.69,3337
2026-03-09 18:40:00,10.69,10.69,10.68,10.68,12930
2026-03-09 18:45:00,10.69,10.7,10.6801,10.7,1721
2026-03-09 18:50:00,10.69,10.7,10.69,10.7,482
2026-03-09 18:55:00,10.68,10.69,10.68,10.69,950
2026-03-09 19:00:00,10.6902,10.71,10.6902,10.7094,14604
2026-03-09 19:05:00,10.7,10.7,10.7,10.7,2237
2026-03-09 19:10:00,10.71,10.71,10.71,10.71,1000
2026-03-09 19:15:00,10.6807,10.71,10.6807,10.7,1255
2026-03-09 19:20:00,10.7,10.72,10.7,10.72,9152
2026-03-09 19:25:00,10.74,10.74,10.74,10.74,839
2026-03-09 19:30:00,10.71,10.74,10.71,10.74,2727
2026-03-09 19:35:00,10.74,10.76,10.74,10.76,5799
2026-03-09 19:40:00,10.76,10.7697,10.76,10.7697,13203
2026-03-09 19:45:00,10.779,10.79,10.7701,10.79,4998
2026-03-09 19:50:00,10.8,10.8384,10.78,10.8017,10149
2026-03-09 19:55:00,10.82,10.86,10.82,10.83,9768
2026-03-10 04:00:00,10.22,10.22,10.06,10.06,142103
2026-03-10 04:05:00,10.06,10.07,9.915,9.925,134581
2026-03-10 04:10:00,9.93,10.02,9.93,9.97,57550
2026-03-10 04:15:00,9.98,9.99,9.93,9.94,35238
2026-03-10 04:20:00,9.95,9.97,9.94,9.965,14820
2026-03-10 04:25:00,9.97,10.01,9.95,9.97,51316
2026-03-10 04:30:00,9.97,9.97,9.88,9.89,43564
2026-03-10 04:35:00,9.89,9.92,9.85,9.89,39331
2026-03-10 04:40:00,9.89,9.92,9.885,9.91,24467
2026-03-10 04:45:00,9.93,9.96,9.92,9.95,30665
2026-03-10 04:50:00,9.95,10.03,9.95,10.02,24814
2026-03-10 04:55:00,10.02,10.07,10.01,10.07,19521
2026-03-10 05:00:00,10.06,10.065,9.98,9.98,36144
2026-03-10 05:05:00,9.98,9.98,9.93,9.96,14312
2026-03-10 05:10:00,9.96,9.98,9.94,9.96,14047
2026-03-10 05:15:00,9.95,9.99,9.94,9.97,28043
2026-03-10 05:20:00,9.97,9.975,9.86,9.87,19510
2026-03-10 05:25:00,9.87,9.9,9.86,9.87,15727
2026-03-10 05:30:00,9.88,9.9,9.87,9.89,14923
2026-03-10 05:35:00,9.89,9.91,9.865,9.9,47853
2026-03-10 05:40:00,9.89,9.9,9.87,9.89,17721
2026-03-10 05:45:00,9.9,9.94,9.9,9.94,6519
2026-03-10 05:50:00,9.92,9.92,9.9,9.91,5484
2026-03-10 05:55:00,9.91,9.93,9.905,9.905,8709
2026-03-10 06:00:00,9.91,9.95,9.9,9.94,16060
2026-03-10 06:05:00,9.94,10.01,9.93,9.98,30044
2026-03-10 06:10:00,9.98,10.02,9.97,9.99,22742
2026-03-10 06:15:00,10.0,10.03,9.99,10.02,12474
2026-03-10 06:20:00,10.02,10.02,10.0,10.01,9606
2026-03-10 06:25:00,10.005,10.01,9.98,9.99,14446
2026-03-10 06:30:00,9.99,9.99,9.97,9.98,9183
2026-03-10 06:35:00,9.98,10.04,9.98,10.02,13930
2026-03-10 06:40:00,10.02,10.02,9.99,9.99,10659
2026-03-10 06:45:00,9.99,10.0,9.98,9.99,14335
2026-03-10 06:50:00,9.99,9.99,9.94,9.97,10698
2026-03-10 06:55:00,9.97,9.995,9.96,9.995,37843
2026-03-10 07:00:00,10.0,10.05,9.955,9.97,96456
2026-03-10 07:05:00,9.97,10.04,9.96,10.03,26326
2026-03-10 07:10:00,10.03,10.06,10.02,10.06,16504
2026-03-10 07:15:00,10.05,10.09,10.04,10.09,25580
2026-03-10 07:20:00,10.08,10.08,10.01,10.03,46631
2026-03-10 07:25:00,10.02,10.09,10.01,10.06,18849
2026-03-10 07:30:00,10.055,10.08,10.05,10.07,20703
2026-03-10 07:35:00,10.07,10.07,10.05,10.07,11429
2026-03-10 07:40:00,10.07,10.09,10.02,10.03,36097
2026-03-10 07:45:00,10.025,10.11,10.025,10.07,42561
2026-03-10 07:50:00,10.06,10.07,10.03,10.04,10398
2026-03-10 07:55:00,10.05,10.07,10.03,10.06,16802
2026-03-10 08:00:00,10.0,10.48,9.8499,10.15,450032
2026-03-10 08:05:00,10.15,10.45,10.13,10.22,96981
2026-03-10 08:10:00,10.22,10.23,10.18,10.19,90760
2026-03-10 08:15:00,10.19,10.22,10.19,10.2,27108
2026-03-10 08:20:00,10.2,10.2,10.16,10.19,24176
2026-03-10 08:25:00,10.19,10.23,10.1701,10.21,21616
2026-03-10 08:30:00,10.21,10.28,10.21,10.24,71299
2026-03-10 08:35:00,10.24,10.24,10.15,10.16,81300
2026-03-10 08:40:00,10.15,10.18,10.12,10.14,24683
2026-03-10 08:45:00,10.14,10.14,10.09,10.11,68542
2026-03-10 08:50:00,10.11,10.13,10.09,10.1,23883
2026-03-10 08:55:00,10.1013,10.15,10.1,10.13,28313
2026-03-10 09:00:00,10.12,10.13,10.09,10.11,40409
2026-03-10 09:05:00,10.11,10.11,10.08,10.09,22270
2026-03-10 09:10:00,10.09,10.13,10.09,10.1197,28830
2026-03-10 09:15:00,10.1,10.17,10.09,10.16,41813
2026-03-10 09:20:00,10.16,10.16,10.11,10.12,26749
2026-03-10 09:25:00,10.12,10.1698,10.11,10.14,25783
2026-03-10 09:30:00,10.13,10.415,10.092,10.41,851999
2026-03-10 09:35:00,10.41,10.7995,10.41,10.73,639162
2026-03-10 09:40:00,10.74,10.83,10.64,10.79,502372
2026-03-10 09:45:00,10.795,10.86,10.525,10.53,449493
2026-03-10 09:50:00,10.53,10.58,10.45,10.54,238706
2026-03-10 09:55:00,10.5312,10.7,10.5201,10.655,221863
2026-03-10 10:00:00,10.65,10.73,10.5899,10.62,280508
2026-03-10 10:05:00,10.61,10.9599,10.56,10.9498,333472
2026-03-10 10:10:00,10.945,10.99,10.89,10.985,292730
2026-03-10 10:15:00,10.99,11.0399,10.9601,10.975,275155
2026-03-10 10:20:00,10.9833,11.0,10.87,10.88,266121
2026-03-10 10:25:00,10.88,10.92,10.8,10.845,154128
2026-03-10 10:30:00,10.84,10.87,10.74,10.8,185791
2026-03-10 10:35:00,10.795,10.85,10.7,10.71,149786
2026-03-10 10:40:00,10.7,10.7,10.62,10.655,149634
2026-03-10 10:45:00,10.6689,10.6899,10.5723,10.64,142214
2026-03-10 10:50:00,10.63,10.63,10.465,10.485,188251
2026-03-10 10:55:00,10.49,10.49,10.3,10.4101,366259
2026-03-10 11:00:00,10.42,10.5,10.315,10.32,282432
2026-03-10 11:05:00,10.31,10.55,10.305,10.505,317834
2026-03-10 11:10:00,10.51,10.54,10.3499,10.37,201628
2026-03-10 11:15:00,10.37,10.445,10.34,10.365,202947
2026-03-10 11:20:00,10.37,10.425,10.3,10.3014,263213
2026-03-10 11:25:00,10.3,10.3478,10.24,10.315,450615
2026-03-10 11:30:00,10.32,10.39,10.27,10.37,173840
2026-03-10 11:35:00,10.3686,10.4099,10.27,10.4001,118436
2026-03-10 11:40:00,10.41,10.4401,10.29,10.32,190926
2026-03-10 11:45:00,10.32,10.42,10.28,10.395,174499
2026-03-10 11:50:00,10.395,10.435,10.3501,10.395,117077
2026-03-10 11:55:00,10.4,10.415,10.28,10.32,129460
2026-03-10 12:00:00,10.32,10.37,10.295,10.315,95797
2026-03-10 12:05:00,10.31,10.445,10.31,10.3999,156796
2026-03-10 12:10:00,10.4,10.405,10.32,10.35,78265
2026-03-10 12:15:00,10.36,10.36,10.21,10.21,161311
2026-03-10 12:20:00,10.22,10.25,10.1525,10.187,180276
2026-03-10 12:25:00,10.19,10.295,10.145,10.28,145051
2026-03-10 12:30:00,10.28,10.2999,10.245,10.25,83972
2026-03-10 12:35:00,10.235,10.24,10.17,10.2199,76485
2026-03-10 12:40:00,10.22,10.28,10.16,10.16,97657
2026-03-10 12:45:00,10.165,10.26,10.15,10.2,66999
2026-03-10 12:50:00,10.19,10.2,10.06,10.1,207382
2026-03-10 12:55:00,10.1,10.18,10.095,10.145,82196
2026-03-10 13:00:00,10.15,10.215,10.1401,10.2,72717
2026-03-10 13:05:00,10.19,10.1999,10.12,10.145,62953
2026-03-10 13:10:00,10.15,10.25,10.1498,10.2401,96925
2026-03-10 13:15:00,10.245,10.28,10.19,10.2099,108766
2026-03-10 13:20:00,10.2088,10.25,10.19,10.21,74987
2026-03-10 13:25:00,10.215,10.34,10.205,10.335,111277
2026-03-10 13:30:00,10.345,10.4,10.31,10.395,111053
2026-03-10 13:35:00,10.4,10.5797,10.4,10.54,374135
2026-03-10 13:40:00,10.5201,10.58,10.47,10.48,122346
2026-03-10 13:45:00,10.488,10.5,10.31,10.36,170581
2026-03-10 13:50:00,10.355,10.37,10.29,10.295,95100
2026-03-10 13:55:00,10.295,10.46,10.295,10.43,104248
2026-03-10 14:00:00,10.4421,10.48,10.41,10.42,75418
2026-03-10 14:05:00,10.43,10.5,10.38,10.465,60942
2026-03-10 14:10:00,10.465,10.665,10.415,10.665,144350
2026-03-10 14:15:00,10.665,10.68,10.555,10.64,268536
2026-03-10 14:20:00,10.6401,10.695,10.57,10.645,173913
2026-03-10 14:25:00,10.6304,10.66,10.5701,10.6399,98090
2026-03-10 14:30:00,10.63,10.6699,10.4776,10.49,212823
2026-03-10 14:35:00,10.485,10.595,10.44,10.58,223954
2026-03-10 14:40:00,10.575,10.64,10.565,10.61,148822
2026-03-10 14:45:00,10.62,10.64,10.53,10.555,100059
2026-03-10 14:50:00,10.56,10.61,10.515,10.565,114712
2026-03-10 14:55:00,10.56,10.645,10.55,10.62,128825
2026-03-10 15:00:00,10.61,10.63,10.53,10.605,206737
2026-03-10 15:05:00,10.605,10.615,10.5,10.51,134549
2026-03-10 15:10:00,10.5099,10.65,10.5099,10.5614,82884
2026-03-10 15:15:00,10.56,10.56,10.41,10.44,87535
2026-03-10 15:20:00,10.44,10.52,10.43,10.485,111805
2026-03-10 15:25:00,10.49,10.58,10.49,10.5501,97431
2026-03-10 15:30:00,10.55,10.68,10.55,10.66,99389
2026-03-10 15:35:00,10.67,10.6964,10.59,10.6,94220
2026-03-10 15:40:00,10.5999,10.61,10.52,10.5699,133376
2026-03-10 15:45:00,10.565,10.65,10.55,10.6304,54085
2026-03-10 15:50:00,10.635,10.6982,10.62,10.625,169870
2026-03-10 15:55:00,10.63,10.7091,10.575,10.68,128266
2026-03-10 16:00:00,10.68,10.69,10.63,10.63,51100
2026-03-10 16:05:00,10.63,10.63,10.6,10.61,16973
2026-03-10 16:10:00,10.61,10.66,10.6,10.65,17353
2026-03-10 16:15:00,10.64,10.6702,10.63,10.66,12542
2026-03-10 16:20:00,10.65,10.65,10.6,10.6,8864
2026-03-10 16:25:00,10.61,10.61,10.59,10.6,16335
2026-03-10 16:30:00,10.6,10.6,10.57,10.59,9157
2026-03-10 16:35:00,10.59,10.63,10.59,10.59,5738
2026-03-10 16:40:00,10.6,10.6,10.59,10.6,12804
2026-03-10 16:45:00,10.58,10.58,10.57,10.58,7182
2026-03-10 16:50:00,10.58,10.6,10.56,10.59,7177
2026-03-10 16:55:00,10.58,10.58,10.55,10.5597,11587
2026-03-10 17:00:00,10.56,10.58,10.55,10.55,1505
2026-03-10 17:05:00,10.55,10.56,10.54,10.55,3595
2026-03-10 17:10:00,10.57,10.59,10.56,10.57,12056
2026-03-10 17:15:00,10.58,10.6,10.58,10.6,1671
2026-03-10 17:20:00,10.6,10.6,10.6,10.6,500
2026-03-10 17:25:00,10.6005,10.63,10.6005,10.63,11337
2026-03-10 17:35:00,10.6,10.64,10.5716,10.5716,1500
2026-03-10 17:40:00,10.65,10.68,10.65,10.68,8504
2026-03-10 17:45:00,10.68,10.74,10.68,10.7,10725
2026-03-10 17:50:00,10.6803,10.69,10.66,10.69,4284
2026-03-10 17:55:00,10.67,10.67,10.67,10.67,233
2026-03-10 18:00:00,10.66,10.71,10.66,10.6757,1450
2026-03-10 18:05:00,10.7,10.7184,10.67,10.69,1256
2026-03-10 18:10:00,10.73,10.74,10.7,10.7084,11667
2026-03-10 18:15:00,10.7,10.71,10.67,10.7006,2944
2026-03-10 18:20:00,10.72,10.75,10.69,10.69,14038
2026-03-10 18:25:00,10.69,10.72,10.69,10.72,1635
2026-03-10 18:30:00,10.6807,10.6807,10.6807,10.6807,390
2026-03-10 18:35:00,10.6805,10.71,10.6801,10.71,26800
2026-03-10 18:40:00,10.71,10.73,10.7,10.73,3725
2026-03-10 18:45:00,10.68,10.72,10.68,10.7,6809
2026-03-10 18:50:00,10.6999,10.71,10.68,10.68,5097
2026-03-10 18:55:00,10.7,10.7094,10.69,10.69,23313
2026-03-10 19:00:00,10.69,10.71,10.63,10.65,11140
2026-03-10 19:05:00,10.7,10.72,10.7,10.71,7883
2026-03-10 19:10:00,10.68,10.68,10.68,10.68,341
2026-03-10 19:15:00,10.67,10.68,10.67,10.68,4355
2026-03-10 19:20:00,10.67,10.68,10.67,10.68,2665
2026-03-10 19:25:00,10.69,10.74,10.68,10.6804,6348
2026-03-10 19:30:00,10.72,10.75,10.67,10.69,7902
2026-03-10 19:35:00,10.68,10.7246,10.68,10.69,1537
2026-03-10 19:40:00,10.69,10.69,10.69,10.69,261
2026-03-10 19:45:00,10.69,10.69,10.68,10.69,12153
2026-03-10 19:50:00,10.67,10.67,10.67,10.67,6316
2026-03-10 19:55:00,10.67,10.72,10.66,10.71,16936
2026-03-11 04:00:00,10.66,10.68,10.65,10.67,3398
2026-03-11 04:05:00,10.66,10.73,10.64,10.69,22036
2026-03-11 04:10:00,10.69,10.69,10.65,10.65,8343
2026-03-11 04:15:00,10.66,10.73,10.64,10.73,29926
2026-03-11 04:20:00,10.73,10.76,10.7,10.72,18653
2026-03-11 04:25:00,10.71,10.76,10.71,10.74,12154
2026-03-11 04:30:00,10.74,10.76,10.7,10.705,18511
2026-03-11 04:35:00,10.72,10.72,10.66,10.7,17891
2026-03-11 04:40:00,10.71,10.71,10.67,10.68,8240
2026-03-11 04:45:00,10.69,10.74,10.68,10.73,7500
2026-03-11 04:50:00,10.72,10.77,10.72,10.75,12936
2026-03-11 04:55:00,10.75,10.765,10.69,10.72,31223
2026-03-11 05:00:00,10.73,10.78,10.73,10.78,6669
2026-03-11 05:05:00,10.78,10.78,10.74,10.74,8944
2026-03-11 05:10:00,10.74,10.79,10.74,10.79,38134
2026-03-11 05:15:00,10.78,10.79,10.76,10.77,4242
2026-03-11 05:20:00,10.76,10.76,10.74,10.76,3537
2026-03-11 05:25:00,10.76,10.8,10.76,10.8,14017
2026-03-11 05:30:00,10.8,10.81,10.795,10.81,16259
2026-03-11 05:35:00,10.81,10.91,10.81,10.85,20818
2026-03-11 05:40:00,10.84,10.84,10.82,10.84,11166
2026-03-11 05:45:00,10.83,10.83,10.76,10.79,8381
2026-03-11 05:50:00,10.81,10.83,10.8,10.82,4935
2026-03-11 05:55:00,10.82,10.89,10.81,10.86,21582
2026-03-11 06:00:00,10.85,10.86,10.81,10.82,10881
2026-03-11 06:05:00,10.81,10.86,10.81,10.81,5347
2026-03-11 06:10:00,10.83,10.83,10.81,10.815,5235
2026-03-11 06:15:00,10.81,10.81,10.79,10.8,3875
2026-03-11 06:20:00,10.81,10.85,10.81,10.84,10605
2026-03-11 06:25:00,10.84,10.84,10.82,10.82,6074
2026-03-11 06:30:00,10.83,10.83,10.8,10.81,5242
2026-03-11 06:35:00,10.81,10.815,10.76,10.76,8903
2026-03-11 06:40:00,10.77,10.77,10.71,10.71,8787
2026-03-11 06:45:00,10.72,10.74,10.72,10.74,1100
2026-03-11 06:50:00,10.74,10.74,10.73,10.74,1650
2026-03-11 06:55:00,10.735,10.74,10.73,10.73,1400
2026-03-11 07:00:00,10.73,10.775,10.73,10.77,18558
2026-03-11 07:05:00,10.75,10.77,10.74,10.75,15280
2026-03-11 07:10:00,10.76,10.77,10.76,10.77,8155
2026-03-11 07:15:00,10.74,10.79,10.74,10.785,6370
2026-03-11 07:20:00,10.79,10.84,10.78,10.84,21302
2026-03-11 07:25:00,10.83,10.9,10.82,10.86,25591
2026-03-11 07:30:00,10.88,10.88,10.85,10.86,14937
2026-03-11 07:35:00,10.85,10.87,10.84,10.87,4332
2026-03-11 07:40:00,10.87,10.89,10.86,10.86,3387
2026-03-11 07:45:00,10.86,10.88,10.84,10.87,6094
2026-03-11 07:50:00,10.87,10.88,10.79,10.84,63100
2026-03-11 07:55:00,10.85,10.875,10.84,10.87,24499
2026-03-11 08:00:00,10.88,10.91,10.46,10.91,209151
2026-03-11 08:05:00,10.9,10.93,10.46,10.9298,32179
2026-03-11 08:10:00,10.9201,10.9201,10.86,10.88,17369
2026-03-11 08:15:00,10.88,10.88,10.86,10.87,11197
2026-03-11 08:20:00,10.88,10.89,10.82,10.83,20512
2026-03-11 08:25:00,10.8388,10.85,10.82,10.83,21776
2026-03-11 08:30:00,10.83,10.89,10.73,10.8798,28289
2026-03-11 08:35:00,10.88,10.8902,10.85,10.86,10220
2026-03-11 08:40:00,10.84,10.92,10.84,10.8913,28078
2026-03-11 08:45:00,10.9,10.93,10.89,10.89,13622
2026-03-11 08:50:00,10.92,10.92,10.88,10.88,17980
2026-03-11 08:55:00,10.87,10.87,10.84,10.86,21500
2026-03-11 09:00:00,10.86,10.86,10.81,10.83,17696
2026-03-11 09:05:00,10.825,10.86,10.82,10.84,49397
2026-03-11 09:10:00,10.84,10.84,10.66,10.71,75879
2026-03-11 09:15:00,10.7,10.73,10.64,10.65,67515
2026-03-11 09:20:00,10.65,10.65,10.54,10.59,144512
2026-03-11 09:25:00,10.58,10.6,10.46,10.4792,124602
2026-03-11 09:30:00,10.46,10.49,10.1,10.165,573595
2026-03-11 09:35:00,10.18,10.21,10.0246,10.1035,744577
2026-03-11 09:40:00,10.1,10.355,10.045,10.355,636094
2026-03-11 09:45:00,10.35,10.545,10.29,10.435,583283
2026-03-11 09:50:00,10.44,10.5799,10.42,10.54,843011
2026-03-11 09:55:00,10.545,10.62,10.465,10.52,421122
2026-03-11 10:00:00,10.52,10.55,10.395,10.54,465446
2026-03-11 10:05:00,10.53,10.62,10.485,10.62,279550
2026-03-11 10:10:00,10.64,10.8,10.6,10.615,318200
2026-03-11 10:15:00,10.62,10.63,10.5,10.5185,210617
2026-03-11 10:20:00,10.55,10.655,10.49,10.635,166036
2026-03-11 10:25:00,10.635,10.685,10.505,10.515,196338
2026-03-11 10:30:00,10.51,10.66,10.45,10.63,136193
2026-03-11 10:35:00,10.625,10.625,10.39,10.4799,258772
2026-03-11 10:40:00,10.47,10.49,10.3199,10.38,154164
2026-03-11 10:45:00,10.395,10.65,10.39,10.6104,244384
2026-03-11 10:50:00,10.6104,10.67,10.565,10.605,122257
2026-03-11 10:55:00,10.62,10.74,10.6001,10.695,152290
2026-03-11 11:00:00,10.7,10.77,10.61,10.705,130099
2026-03-11 11:05:00,10.71,10.84,10.71,10.77,126698
2026-03-11 11:10:00,10.765,10.86,10.72,10.815,138135
2026-03-11 11:15:00,10.8203,10.89,10.81,10.82,104550
2026-03-11 11:20:00,10.82,10.84,10.74,10.7818,86792
2026-03-11 11:25:00,10.78,10.92,10.78,10.92,166886
2026-03-11 11:30:00,10.93,11.1083,10.93,10.97,242261
2026-03-11 11:35:00,10.97,11.06,10.97,11.05,97690
2026-03-11 11:40:00,11.045,11.09,10.9901,11.08,96458
2026-03-11 11:45:00,11.08,11.175,11.04,11.12,122168
2026-03-11 11:50:00,11.125,11.125,10.95,10.97,176615
2026-03-11 11:55:00,10.97,11.005,10.885,10.9886,83458
2026-03-11 12:00:00,10.975,11.0096,10.87,10.97,121020
2026-03-11 12:05:00,10.97,10.97,10.84,10.84,55189
2026-03-11 12:10:00,10.84,10.975,10.805,10.8717,125980
2026-03-11 12:15:00,10.87,10.885,10.825,10.86,64924
2026-03-11 12:20:00,10.85,10.9499,10.81,10.86,62120
2026-03-11 12:25:00,10.85,10.8986,10.815,10.815,67930
2026-03-11 12:30:00,10.82,10.825,10.6799,10.6799,62993
2026-03-11 12:35:00,10.675,10.7071,10.61,10.7,85940
2026-03-11 12:40:00,10.695,10.71,10.635,10.6499,69530
2026-03-11 12:45:00,10.65,10.745,10.63,10.7,65322
2026-03-11 12:50:00,10.685,10.69,10.645,10.645,48670
2026-03-11 12:55:00,10.645,10.75,10.645,10.7314,57380
2026-03-11 13:00:00,10.725,10.76,10.61,10.64,48566
2026-03-11 13:05:00,10.64,10.665,10.6,10.63,106328
2026-03-11 13:10:00,10.635,10.69,10.635,10.645,56118
2026-03-11 13:15:00,10.649,10.6899,10.6,10.6599,69818
2026-03-11 13:20:00,10.66,10.705,10.63,10.63,59470
2026-03-11 13:25:00,10.63,10.63,10.5,10.51,160536
2026-03-11 13:30:00,10.515,10.6386,10.485,10.6386,145860
2026-03-11 13:35:00,10.63,10.9,10.6,10.81,186828
2026-03-11 13:40:00,10.8,10.8,10.6901,10.715,142428
2026-03-11 13:45:00,10.72,10.745,10.7,10.72,32444
2026-03-11 13:50:00,10.71,10.795,10.69,10.785,107126
2026-03-11 13:55:00,10.81,10.83,10.745,10.7799,57361
2026-03-11 14:00:00,10.77,10.78,10.625,10.6585,69028
2026-03-11 14:05:00,10.65,10.75,10.64,10.7211,45183
2026-03-11 14:10:00,10.7199,10.785,10.7199,10.74,38233
2026-03-11 14:15:00,10.75,10.8,10.7201,10.7499,55108
2026-03-11 14:20:00,10.73,10.75,10.6601,10.705,98989
2026-03-11 14:25:00,10.69,10.71,10.65,10.665,65025
2026-03-11 14:30:00,10.675,10.705,10.635,10.675,35653
2026-03-11 14:35:00,10.66,10.7299,10.65,10.725,61072
2026-03-11 14:40:00,10.72,10.74,10.69,10.7105,53467
2026-03-11 14:45:00,10.715,10.745,10.675,10.7,73474
2026-03-11 14:50:00,10.7,10.71,10.6099,10.6101,68504
2026-03-11 14:55:00,10.605,10.695,10.565,10.655,49612
2026-03-11 15:00:00,10.65,10.73,10.635,10.675,49997
2026-03-11 15:05:00,10.69,10.775,10.67,10.775,56542
2026-03-11 15:10:00,10.78,10.9,10.765,10.87,97694
2026-03-11 15:15:00,10.869,10.895,10.815,10.83,91476
2026-03-11 15:20:00,10.825,10.855,10.8,10.82,34144
2026-03-11 15:25:00,10.815,10.87,10.7811,10.855,63414
2026-03-11 15:30:00,10.86,10.865,10.73,10.7348,45635
2026-03-11 15:35:00,10.725,10.73,10.67,10.69,117904
2026-03-11 15:40:00,10.695,10.735,10.68,10.69,89648
2026-03-11 15:45:00,10.695,10.705,10.68,10.695,47905
2026-03-11 15:50:00,10.695,10.725,10.675,10.715,72006
2026-03-11 15:55:00,10.71,10.715,10.685,10.71,120927
2026-03-11 16:00:00,10.7,10.71,10.69,10.7,8992
2026-03-11 16:05:00,10.7,10.7098,10.69,10.7,4775
2026-03-11 16:10:00,10.7001,10.72,10.69,10.7,2736
2026-03-11 16:15:00,10.71,10.72,10.705,10.71,4700
2026-03-11 16:20:00,10.7098,10.7098,10.68,10.68,6799
2026-03-11 16:25:00,10.69,10.69,10.69,10.69,100
2026-03-11 16:30:00,10.69,10.69,10.67,10.68,6400
2026-03-11 16:35:00,10.6798,10.6798,10.66,10.66,1624
2026-03-11 16:40:00,10.67,10.67,10.67,10.67,100
2026-03-11 16:45:00,10.65,10.66,10.65,10.65,973
2026-03-11 16:50:00,10.65,10.67,10.65,10.655,19165
2026-03-11 16:55:00,10.65,10.6645,10.6405,10.6405,2470
2026-03-11 17:00:00,10.6439,10.6439,10.6439,10.6439,200
2026-03-11 17:05:00,10.64,10.64,10.64,10.64,18800
2026-03-11 17:10:00,10.6402,10.69,10.64,10.69,1226
2026-03-11 17:25:00,10.67,10.67,10.67,10.67,142
2026-03-11 17:30:00,10.68,10.68,10.68,10.68,100
2026-03-11 17:35:00,10.67,10.6799,10.6601,10.6601,568
2026-03-11 17:45:00,10.6797,10.68,10.66,10.68,1100
2026-03-11 17:50:00,10.7186,10.7186,10.64,10.64,700
2026-03-11 17:55:00,10.6401,10.6401,10.6401,10.6401,500
2026-03-11 18:00:00,10.65,10.65,10.65,10.65,376
2026-03-11 18:05:00,10.7,10.71,10.7,10.71,400
2026-03-11 18:10:00,10.71,10.72,10.7,10.7064,4890
2026-03-11 18:15:00,10.69,10.69,10.69,10.69,1020
2026-03-11 18:20:00,10.7,10.72,10.6987,10.72,4650
2026-03-11 18:25:00,10.72,10.77,10.69,10.77,35179
2026-03-11 18:30:00,10.77,10.8056,10.77,10.8,30274
2026-03-11 18:35:00,10.81,10.94,10.81,10.94,27711
2026-03-11 18:40:00,10.93,10.93,10.86,10.9,4040
2026-03-11 18:45:00,10.883,10.883,10.82,10.82,3305
2026-03-11 18:50:00,10.84,10.8493,10.84,10.8493,2407
2026-03-11 18:55:00,10.87,10.8794,10.84,10.84,1496
2026-03-11 19:00:00,10.81,10.84,10.78,10.78,4339
2026-03-11 19:05:00,10.79,10.79,10.79,10.79,360
2026-03-11 19:10:00,10.85,10.85,10.85,10.85,3490
2026-03-11 19:15:00,10.85,10.87,10.84,10.86,7326
2026-03-11 19:20:00,10.87,10.9,10.86,10.9,7379
2026-03-11 19:25:00,10.8902,10.8902,10.89,10.89,1735
2026-03-11 19:30:00,10.91,10.9504,10.9,10.9504,3258
2026-03-11 19:35:00,10.9009,10.91,10.9009,10.9052,4800
2026-03-11 19:40:00,10.9298,10.9302,10.91,10.9301,5844
2026-03-11 19:45:00,10.94,10.96,10.91,10.96,8111
2026-03-11 19:50:00,10.93,10.96,10.93,10.96,12176
2026-03-11 19:55:00,10.96,10.9935,10.9014,10.98,21445
2026-03-12 04:00:00,11.0,11.0,10.82,10.85,4382
2026-03-12 04:05:00,10.86,10.91,10.86,10.88,4244
2026-03-12 04:10:00,10.87,10.9,10.87,10.89,4104
2026-03-12 04:15:00,10.9,10.9,10.8,10.81,5273
2026-03-12 04:20:00,10.82,10.86,10.82,10.86,2300
2026-03-12 04:25:00,10.87,10.885,10.86,10.885,17829
2026-03-12 04:30:00,10.88,10.88,10.86,10.87,3999
2026-03-12 04:35:00,10.86,10.88,10.86,10.88,1159
2026-03-12 04:40:00,10.91,10.92,10.88,10.88,6541
2026-03-12 04:45:00,10.88,10.91,10.87,10.87,3340
2026-03-12 04:50:00,10.87,10.87,10.86,10.86,2112
2026-03-12 04:55:00,10.87,10.87,10.87,10.87,645
2026-03-12 05:00:00,10.85,10.87,10.85,10.87,3902
2026-03-12 05:05:00,10.86,10.88,10.86,10.88,1800
2026-03-12 05:10:00,10.88,10.91,10.88,10.9,2245
2026-03-12 05:15:00,10.91,10.94,10.91,10.93,2910
2026-03-12 05:20:00,10.97,10.98,10.95,10.95,1212
2026-03-12 05:25:00,10.95,10.95,10.93,10.93,3169
2026-03-12 05:30:00,10.92,10.92,10.9,10.91,976
2026-03-12 05:35:00,10.91,10.91,10.89,10.89,1327
2026-03-12 05:40:00,10.86,10.86,10.765,10.77,13415
2026-03-12 05:45:00,10.765,10.86,10.765,10.84,5633
2026-03-12 05:50:00,10.84,10.845,10.81,10.81,3325
2026-03-12 05:55:00,10.82,10.82,10.81,10.81,263
2026-03-12 06:00:00,10.8,10.8,10.795,10.795,4337
2026-03-12 06:05:00,10.81,10.85,10.81,10.85,5618
2026-03-12 06:10:00,10.84,10.84,10.83,10.83,1840
2026-03-12 06:15:00,10.82,10.84,10.79,10.79,6702
2026-03-12 06:20:00,10.79,10.8,10.76,10.78,10382
2026-03-12 06:25:00,10.79,10.79,10.79,10.79,300
2026-03-12 06:30:00,10.75,10.76,10.72,10.72,7993
2026-03-12 06:35:00,10.72,10.73,10.71,10.72,6049
2026-03-12 06:40:00,10.7,10.7,10.69,10.7,7445
2026-03-12 06:45:00,10.71,10.71,10.69,10.69,660
2026-03-12 06:50:00,10.7,10.73,10.7,10.73,700
2026-03-12 06:55:00,10.71,10.72,10.705,10.705,2725
2026-03-12 07:00:00,10.75,10.75,10.74,10.75,7449
2026-03-12 07:05:00,10.76,10.77,10.76,10.76,1324
2026-03-12 07:10:00,10.75,10.75,10.74,10.74,3411
2026-03-12 07:15:00,10.76,10.76,10.739,10.739,400
2026-03-12 07:20:00,10.71,10.71,10.71,10.71,100
2026-03-12 07:25:00,10.76,10.77,10.72,10.73,2156
2026-03-12 07:30:00,10.71,10.73,10.71,10.73,300
2026-03-12 07:35:00,10.73,10.73,10.7,10.7,2367
2026-03-12 07:40:00,10.7,10.7,10.67,10.68,1939
2026-03-12 07:45:00,10.68,10.73,10.68,10.73,3395
2026-03-12 07:50:00,10.74,10.78,10.74,10.78,4025
2026-03-12 07:55:00,10.785,10.8,10.78,10.8,1300
2026-03-12 08:00:00,10.7497,11.1,10.68,10.82,254032
2026-03-12 08:05:00,10.8298,11.09,10.82,10.83,37924
2026-03-12 08:10:00,10.84,10.85,10.8,10.82,18594
2026-03-12 08:15:00,10.8197,10.8198,10.7901,10.7901,3334
2026-03-12 08:20:00,10.7999,10.82,10.76,10.7601,6563
2026-03-12 08:25:00,10.78,10.79,10.7798,10.79,4470
2026-03-12 08:30:00,10.82,10.84,10.81,10.8301,11991
2026-03-12 08:35:00,10.83,10.85,10.83,10.85,11500
2026-03-12 08:40:00,10.84,10.85,10.78,10.7818,5010
2026-03-12 08:45:00,10.79,10.79,10.74,10.74,4523
2026-03-12 08:50:00,10.74,10.81,10.73,10.8,8333
2026-03-12 08:55:00,10.8,10.8,10.76,10.76,8142
2026-03-12 09:00:00,10.76,10.77,10.74,10.74,11585
2026-03-12 09:05:00,10.72,10.75,10.72,10.75,2425
2026-03-12 09:10:00,10.75,10.78,10.7499,10.78,7151
2026-03-12 09:15:00,10.78,10.85,10.78,10.83,12091
2026-03-12 09:20:00,10.8398,10.9102,10.8397,10.84,36706
2026-03-12 09:25:00,10.84,10.9,10.82,10.89,23410
2026-03-12 09:30:00,10.89,10.96,10.655,10.72,288769
2026-03-12 09:35:00,10.73,10.79,10.63,10.74,227710
2026-03-12 09:40:00,10.745,10.85,10.67,10.85,183852
2026-03-12 09:45:00,10.85,11.09,10.815,10.9499,367965
2026-03-12 09:50:00,10.945,11.11,10.905,11.1001,165900
2026-03-12 09:55:00,11.095,11.22,11.085,11.125,266828
2026-03-12 10:00:00,11.11,11.125,10.91,10.99,201568
2026-03-12 10:05:00,10.99,11.1098,10.975,11.07,194540
2026-03-12 10:10:00,11.07,11.07,10.94,10.99,145721
2026-03-12 10:15:00,10.97,11.125,10.9,11.11,183078
2026-03-12 10:20:00,11.11,11.28,11.11,11.17,223318
2026-03-12 10:25:00,11.165,11.28,11.125,11.27,138301
2026-03-12 10:30:00,11.27,11.38,11.27,11.335,182748
2026-03-12 10:35:00,11.34,11.37,11.24,11.34,127785
2026-03-12 10:40:00,11.33,11.38,11.29,11.29,154066
2026-03-12 10:45:00,11.28,11.36,11.16,11.35,200665
2026-03-12 10:50:00,11.345,11.455,11.32,11.375,154928
2026-03-12 10:55:00,11.38,11.43,11.365,11.39,89446
2026-03-12 11:00:00,11.395,11.415,11.2008,11.21,101901
2026-03-12 11:05:00,11.215,11.315,11.13,11.3,211708
2026-03-12 11:10:00,11.305,11.37,11.25,11.28,181393
2026-03-12 11:15:00,11.28,11.3,11.19,11.205,70349
2026-03-12 11:20:00,11.21,11.24,11.17,11.22,95750
2026-03-12 11:25:00,11.22,11.23,10.99,11.04,204787
2026-03-12 11:30:00,11.04,11.115,11.03,11.055,177708
2026-03-12 11:35:00,11.045,11.0797,10.845,10.85,299313
2026-03-12 11:40:00,10.85,10.985,10.835,10.94,215048
2026-03-12 11:45:00,10.9499,11.03,10.8865,10.96,280079
2026-03-12 11:50:00,10.955,10.96,10.865,10.885,113208
2026-03-12 11:55:00,10.885,11.01,10.885,10.96,207459
2026-03-12 12:00:00,10.955,11.01,10.94,10.9699,158804
2026-03-12 12:05:00,10.95,11.25,10.92,11.221,234710
2026-03-12 12:10:00,11.2201,11.245,11.145,11.155,146039
2026-03-12 12:15:00,11.16,11.17,11.06,11.07,69318
2026-03-12 12:20:00,11.08,11.0999,10.95,11.02,70535
2026-03-12 12:25:00,11.02,11.17,11.015,11.1513,130834
2026-03-12 12:30:00,11.16,11.16,10.955,11.0099,102491
2026-03-12 12:35:00,11.0099,11.035,10.93,10.94,93877
2026-03-12 12:40:00,10.945,10.9899,10.93,10.9799,117651
2026-03-12 12:45:00,10.975,11.04,10.92,10.96,123740
2026-03-12 12:50:00,10.97,11.03,10.96,11.01,75933
2026-03-12 12:55:00,11.01,11.035,10.97,11.005,57478
2026-03-12 13:00:00,11.0199,11.0199,10.9,10.92,104767
2026-03-12 13:05:00,10.925,11.05,10.895,11.035,104452
2026-03-12 13:10:00,11.04,11.06,10.98,11.03,70609
2026-03-12 13:15:00,11.03,11.13,11.025,11.125,76905
2026-03-12 13:20:00,11.13,11.13,10.995,11.01,104320
2026-03-12 13:25:00,11.0,11.0801,11.0,11.065,63786
2026-03-12 13:30:00,11.06,11.06,11.01,11.025,41671
2026-03-12 13:35:00,11.015,11.0399,10.9801,11.0399,53527
2026-03-12 13:40:00,11.03,11.06,10.995,11.06,51841
2026-03-12 13:45:00,11.06,11.14,11.045,11.07,57345
2026-03-12 13:50:00,11.05,11.09,10.985,11.09,37102
2026-03-12 13:55:00,11.09,11.1899,11.09,11.13,112439
2026-03-12 14:00:00,11.1281,11.1306,11.03,11.1306,75185
2026-03-12 14:05:00,11.1301,11.17,11.09,11.09,62849
2026-03-12 14:10:00,11.09,11.14,11.09,11.125,16500
2026-03-12 14:15:00,11.125,11.19,11.1,11.18,48775
2026-03-12 14:20:00,11.185,11.25,11.14,11.153,137157
2026-03-12 14:25:00,11.1501,11.16,11.1,11.1497,57590
2026-03-12 14:30:00,11.14,11.185,11.1,11.175,82976
2026-03-12 14:35:00,11.175,11.18,11.1099,11.1601,80665
2026-03-12 14:40:00,11.17,11.205,11.17,11.2,40054
2026-03-12 14:45:00,11.1901,11.23,11.15,11.2003,44759
2026-03-12 14:50:00,11.205,11.21,11.135,11.1801,52121
2026-03-12 14:55:00,11.185,11.2686,11.185,11.25,81219
2026-03-12 15:00:00,11.25,11.25,11.135,11.155,83005
2026-03-12 15:05:00,11.16,11.245,11.14,11.17,94675
2026-03-12 15:10:00,11.17,11.225,11.14,11.14,57764
2026-03-12 15:15:00,11.14,11.14,11.055,11.0615,61221
2026-03-12 15:20:00,11.075,11.12,11.025,11.09,85768
2026-03-12 15:25:00,11.085,11.105,11.04,11.04,69494
2026-03-12 15:30:00,11.04,11.04,10.89,10.895,167144
2026-03-12 15:35:00,10.895,10.93,10.85,10.855,130814
2026-03-12 15:40:00,10.855,10.9,10.8514,10.88,67519
2026-03-12 15:45:00,10.88,10.895,10.805,10.81,135119
2026-03-12 15:50:00,10.815,10.97,10.815,10.95,175294
2026-03-12 15:55:00,10.955,10.955,10.84,10.85,134822
2026-03-12 16:00:00,10.82,10.86,10.8,10.805,20983
2026-03-12 16:05:00,10.8003,10.8522,10.8,10.8522,5863
2026-03-12 16:10:00,10.85,10.85,10.85,10.85,500
2026-03-12 16:15:00,10.8369,10.84,10.82,10.83,4239
2026-03-12 16:20:00,10.85,10.8521,10.84,10.8457,6748
2026-03-12 16:25:00,10.85,10.87,10.85,10.8652,2226
2026-03-12 16:30:00,10.8799,10.88,10.87,10.88,8277
2026-03-12 16:35:00,10.9072,10.9072,10.89,10.89,980
2026-03-12 16:40:00,10.9,10.91,10.881,10.91,1745
2026-03-12 16:45:00,10.91,10.91,10.88,10.89,7110
2026-03-12 16:50:00,10.88,10.89,10.871,10.871,1791
2026-03-12 16:55:00,10.86,10.8641,10.85,10.85,3565
2026-03-12 17:00:00,10.8424,10.8424,10.8303,10.8303,2294
2026-03-12 17:05:00,10.84,10.84,10.8387,10.8387,1700
2026-03-12 17:10:00,10.8362,10.84,10.81,10.82,5347
2026-03-12 17:15:00,10.83,10.8594,10.83,10.83,2577
2026-03-12 17:20:00,10.84,10.86,10.84,10.86,2164
2026-03-12 17:25:00,10.86,10.86,10.85,10.85,2998
2026-03-12 17:30:00,10.8507,10.8507,10.8507,10.8507,1001
2026-03-12 17:35:00,10.8506,10.88,10.8506,10.88,1632
2026-03-12 17:40:00,10.88,10.88,10.86,10.88,2280
2026-03-12 17:45:00,10.88,10.88,10.8766,10.8792,5525
2026-03-12 17:50:00,10.86,10.88,10.86,10.88,717
2026-03-12 17:55:00,10.87,10.88,10.87,10.8701,780
2026-03-12 18:00:00,10.8703,10.88,10.87,10.88,2700
2026-03-12 18:05:00,10.87,10.88,10.87,10.8706,8000
2026-03-12 18:10:00,10.88,10.9,10.88,10.9,2580
2026-03-12 18:15:00,10.9,10.93,10.8891,10.8891,3671
2026-03-12 18:25:00,10.91,10.95,10.9016,10.9497,5478
2026-03-12 18:30:00,10.949,10.949,10.9,10.9182,21968
2026-03-12 18:35:00,10.9,10.9,10.89,10.89,1590
2026-03-12 18:40:00,10.91,10.91,10.8904,10.8904,1550
2026-03-12 18:45:00,10.9194,10.9194,10.89,10.89,1306
2026-03-12 18:50:00,10.9,10.9196,10.9,10.9196,1200
2026-03-12 18:55:00,10.8904,10.9096,10.8904,10.9096,2244
2026-03-12 19:00:00,10.89,10.9,10.87,10.87,8726
2026-03-12 19:05:00,10.852,10.852,10.84,10.85,3584
2026-03-12 19:10:00,10.85,10.85,10.8408,10.8408,1217
2026-03-12 19:15:00,10.87,10.87,10.87,10.87,600
2026-03-12 19:20:00,10.8303,10.8303,10.8,10.81,18466
2026-03-12 19:25:00,10.8,10.82,10.8,10.82,18113
2026-03-12 19:30:00,10.82,10.82,10.7954,10.8,6721
2026-03-12 19:35:00,10.8,10.81,10.79,10.8,5325
2026-03-12 19:40:00,10.8,10.8196,10.7947,10.7947,1590
2026-03-12 19:45:00,10.8198,10.83,10.8027,10.83,10356
2026-03-12 19:50:00,10.83,10.84,10.83,10.84,1300
2026-03-12 19:55:00,10.8008,10.82,10.8008,10.81,4104
2026-03-13 04:00:00,10.62,10.66,10.54,10.65,5006
2026-03-13 04:05:00,10.63,10.69,10.62,10.69,6632
2026-03-13 04:10:00,10.71,10.73,10.69,10.69,5685
2026-03-13 04:15:00,10.67,10.715,10.64,10.65,6655
2026-03-13 04:20:00,10.65,10.67,10.62,10.62,4239
2026-03-13 04:25:00,10.62,10.64,10.6,10.63,4105
2026-03-13 04:30:00,10.62,10.62,10.53,10.54,15150
2026-03-13 04:35:00,10.52,10.52,10.41,10.44,31022
2026-03-13 04:40:00,10.43,10.44,10.4,10.42,16224
2026-03-13 04:45:00,10.45,10.51,10.435,10.44,19216
2026-03-13 04:50:00,10.43,10.45,10.4,10.42,11500
2026-03-13 04:55:00,10.41,10.415,10.38,10.39,22908
2026-03-13 05:00:00,10.38,10.38,10.31,10.37,37709
2026-03-13 05:05:00,10.365,10.39,10.335,10.38,14077
2026-03-13 05:10:00,10.39,10.43,10.39,10.41,7650
2026-03-13 05:15:00,10.42,10.44,10.39,10.4,15947
2026-03-13 05:20:00,10.39,10.41,10.37,10.405,5015
2026-03-13 05:25:00,10.405,10.405,10.36,10.37,13750
2026-03-13 05:30:00,10.37,10.39,10.36,10.37,14007
2026-03-13 05:35:00,10.36,10.4,10.355,10.4,12455
2026-03-13 05:40:00,10.39,10.39,10.36,10.38,11261
2026-03-13 05:45:00,10.38,10.38,10.33,10.33,3870
2026-03-13 05:50:00,10.33,10.33,10.28,10.31,16765
2026-03-13 05:55:00,10.31,10.32,10.29,10.32,11037
2026-03-13 06:00:00,10.32,10.32,10.23,10.24,20338
2026-03-13 06:05:00,10.24,10.25,10.22,10.25,9600
2026-03-13 06:10:00,10.24,10.24,10.14,10.15,36333
2026-03-13 06:15:00,10.15,10.15,10.08,10.085,44811
2026-03-13 06:20:00,10.08,10.09,10.01,10.03,65467
2026-03-13 06:25:00,10.03,10.11,10.03,10.08,37574
2026-03-13 06:30:00,10.08,10.11,10.07,10.07,20016
2026-03-13 06:35:00,10.06,10.07,10.01,10.055,34659
2026-03-13 06:40:00,10.06,10.08,10.04,10.08,15818
2026-03-13 06:45:00,10.06,10.07,10.0,10.0,41020
2026-03-13 06:50:00,10.01,10.04,9.98,10.04,43269
2026-03-13 06:55:00,10.05,10.1,10.05,10.1,53102
2026-03-13 07:00:00,10.1,10.14,10.05,10.06,50391
2026-03-13 07:05:00,10.06,10.09,10.0,10.07,36885
2026-03-13 07:10:00,10.07,10.1,10.04,10.09,27656
2026-03-13 07:15:00,10.08,10.08,10.025,10.03,25400
2026-03-13 07:20:00,10.03,10.07,10.02,10.04,29188
2026-03-13 07:25:00,10.025,10.04,9.97,10.03,42782
2026-03-13 07:30:00,10.03,10.05,10.03,10.05,12140
2026-03-13 07:35:00,10.05,10.05,10.02,10.04,13786
2026-03-13 07:40:00,10.04,10.07,10.04,10.05,6363
2026-03-13 07:45:00,10.04,10.05,10.02,10.05,7665
2026-03-13 07:50:00,10.07,10.08,10.05,10.05,3454
2026-03-13 07:55:00,10.05,10.06,10.05,10.06,3084
2026-03-13 08:00:00,10.09,10.7101,9.98,10.01,317252
2026-03-13 08:05:00,10.0109,10.67,10.0109,10.05,60499
2026-03-13 08:10:00,10.0597,10.12,10.0597,10.0698,17241
2026-03-13 08:15:00,10.06,10.07,10.05,10.06,14580
2026-03-13 08:20:00,10.0698,10.113,10.0698,10.07,35303
2026-03-13 08:25:00,10.08,10.12,10.07,10.09,16434
2026-03-13 08:30:00,10.08,10.08,9.99,10.06,51198
2026-03-13 08:35:00,10.07,10.13,10.06,10.06,32220
2026-03-13 08:40:00,10.05,10.06,10.01,10.03,23868
2026-03-13 08:45:00,10.01,10.01,9.85,9.89,164462
2026-03-13 08:50:00,9.8997,9.96,9.8997,9.95,45177
2026-03-13 08:55:00,9.95,9.98,9.93,9.97,35445
2026-03-13 09:00:00,9.97,10.02,9.96,9.98,39369
2026-03-13 09:05:00,9.9796,10.0,9.93,9.99,30077
2026-03-13 09:10:00,9.9887,10.0,9.91,9.92,35388
2026-03-13 09:15:00,9.93,9.97,9.85,9.86,88639
2026-03-13 09:20:00,9.86,9.8903,9.83,9.8378,75392
2026-03-13 09:25:00,9.84,9.85,9.75,9.8,66292
2026-03-13 09:30:00,9.81,9.835,9.42,9.8081,780819
2026-03-13 09:35:00,9.8,10.0199,9.78,9.9,628721
2026-03-13 09:40:00,9.905,9.965,9.725,9.7799,292623
2026-03-13 09:45:00,9.775,9.89,9.725,9.81,411102
2026-03-13 09:50:00,9.815,9.85,9.7,9.7314,448866
2026-03-13 09:55:00,9.73,9.78,9.6645,9.705,348576
2026-03-13 10:00:00,9.7001,9.97,9.65,9.9001,398757
2026-03-13 10:05:00,9.89,9.96,9.74,9.875,328115
2026-03-13 10:10:00,9.87,9.89,9.6,9.6999,362149
2026-03-13 10:15:00,9.7,9.785,9.6236,9.625,292433
2026-03-13 10:20:00,9.62,9.62,9.4,9.405,882525
2026-03-13 10:25:00,9.41,9.53,9.4,9.4193,410223
2026-03-13 10:30:00,9.415,9.44,9.3,9.335,451363
2026-03-13 10:35:00,9.34,9.48,9.335,9.47,366668
2026-03-13 10:40:00,9.46,9.7,9.4314,9.7,462145
2026-03-13 10:45:00,9.7,9.78,9.64,9.76,535373
2026-03-13 10:50:00,9.75,9.9,9.72,9.825,490357
2026-03-13 10:55:00,9.83,9.98,9.77,9.97,404661
2026-03-13 11:00:00,9.95,10.09,9.88,9.985,537874
2026-03-13 11:05:00,9.97,9.98,9.7801,9.81,236114
2026-03-13 11:10:00,9.815,9.87,9.74,9.76,333864
2026-03-13 11:15:00,9.76,9.7678,9.62,9.735,226339
2026-03-13 11:20:00,9.74,9.79,9.6501,9.7801,222124
2026-03-13 11:25:00,9.785,9.93,9.775,9.91,179915
2026-03-13 11:30:00,9.91,9.925,9.75,9.8,139787
2026-03-13 11:35:00,9.785,9.8999,9.775,9.85,115313
2026-03-13 11:40:00,9.845,10.09,9.83,10.045,218036
2026-03-13 11:45:00,10.05,10.109,9.93,9.995,228643
2026-03-13 11:50:00,9.985,10.13,9.965,10.075,215664
2026-03-13 11:55:00,10.075,10.165,10.075,10.115,111568
2026-03-13 12:00:00,10.11,10.2,10.035,10.2,146923
2026-03-13 12:05:00,10.195,10.3,10.1801,10.235,233596
2026-03-13 12:10:00,10.24,10.34,10.2,10.275,180147
2026-03-13 12:15:00,10.27,10.41,10.2586,10.4,196459
2026-03-13 12:20:00,10.39,10.43,10.325,10.415,122359
2026-03-13 12:25:00,10.415,10.5,10.3713,10.41,232974
2026-03-13 12:30:00,10.4,10.4,10.27,10.295,124472
2026-03-13 12:35:00,10.284,10.31,10.1801,10.255,163009
2026-03-13 12:40:00,10.24,10.29,10.17,10.225,146861
2026-03-13 12:45:00,10.23,10.3099,10.185,10.185,136401
2026-03-13 12:50:00,10.185,10.185,10.03,10.045,165164
2026-03-13 12:55:00,10.05,10.26,10.05,10.2297,244096
2026-03-13 13:00:00,10.225,10.29,10.1897,10.27,87024
2026-03-13 13:05:00,10.265,10.325,10.245,10.29,112800
2026-03-13 13:10:00,10.285,10.33,10.23,10.2304,72275
2026-03-13 13:15:00,10.225,10.27,10.17,10.18,155052
2026-03-13 13:20:00,10.185,10.28,10.15,10.24,136417
2026-03-13 13:25:00,10.24,10.3811,10.23,10.345,123397
2026-03-13 13:30:00,10.34,10.4,10.32,10.38,83012
2026-03-13 13:35:00,10.38,10.4497,10.37,10.395,101230
2026-03-13 13:40:00,10.39,10.505,10.38,10.44,181961
2026-03-13 13:45:00,10.435,10.605,10.42,10.59,417770
2026-03-13 13:50:00,10.595,10.63,10.48,10.51,155816
2026-03-13 13:55:00,10.51,10.57,10.5,10.55,156542
2026-03-13 14:00:00,10.54,10.57,10.47,10.4701,105444
2026-03-13 14:05:00,10.4799,10.55,10.4714,10.495,75511
2026-03-13 14:10:00,10.505,10.595,10.495,10.525,102242
2026-03-13 14:15:00,10.5201,10.635,10.505,10.57,94638
2026-03-13 14:20:00,10.56,10.615,10.535,10.535,69900
2026-03-13 14:25:00,10.54,10.57,10.495,10.495,58999
2026-03-13 14:30:00,10.495,10.52,10.42,10.4808,112770
2026-03-13 14:35:00,10.485,10.52,10.47,10.49,41657
2026-03-13 14:40:00,10.4902,10.51,10.47,10.51,84608
2026-03-13 14:45:00,10.5108,10.62,10.5108,10.545,94019
2026-03-13 14:50:00,10.555,10.6199,10.555,10.56,99918
2026-03-13 14:55:00,10.565,10.61,10.54,10.605,55068
2026-03-13 15:00:00,10.61,10.64,10.58,10.59,55354
2026-03-13 15:05:00,10.605,10.669,10.495,10.545,114525
2026-03-13 15:10:00,10.54,10.54,10.5,10.505,44494
2026-03-13 15:15:00,10.5,10.505,10.4501,10.48,41431
2026-03-13 15:20:00,10.485,10.55,10.48,10.4801,44481
2026-03-13 15:25:00,10.47,10.54,10.465,10.525,52910
2026-03-13 15:30:00,10.525,10.525,10.44,10.4698,68048
2026-03-13 15:35:00,10.465,10.4707,10.405,10.43,44476
2026-03-13 15:40:00,10.42,10.43,10.37,10.4,109760
2026-03-13 15:45:00,10.4,10.42,10.34,10.39,66926
2026-03-13 15:50:00,10.38,10.435,10.36,10.4,146173
2026-03-13 15:55:00,10.41,10.49,10.3999,10.48,207787
2026-03-13 16:00:00,10.46,10.5,10.45,10.49,36060
2026-03-13 16:05:00,10.49,10.58,10.49,10.5601,22184
2026-03-13 16:10:00,10.57,10.5701,10.53,10.55,48715
2026-03-13 16:15:00,10.52,10.52,10.47,10.47,6834
2026-03-13 16:20:00,10.48,10.48,10.46,10.4601,3149
2026-03-13 16:25:00,10.4602,10.53,10.4602,10.52,4476
2026-03-13 16:30:00,10.52,10.52,10.51,10.51,3804
2026-03-13 16:35:00,10.51,10.51,10.5,10.5,2086
2026-03-13 16:40:00,10.5,10.5197,10.5,10.51,1700
2026-03-13 16:45:00,10.51,10.5287,10.5,10.51,3514
2026-03-13 16:50:00,10.5001,10.5001,10.491,10.491,1900
2026-03-13 16:55:00,10.51,10.52,10.51,10.5102,3311
2026-03-13 17:00:00,10.52,10.52,10.5026,10.51,16674
2026-03-13 17:05:00,10.48,10.5,10.48,10.5,600
2026-03-13 17:10:00,10.48,10.48,10.47,10.48,1795
2026-03-13 17:15:00,10.48,10.49,10.48,10.49,2900
2026-03-13 17:20:00,10.48,10.5,10.48,10.5,10002
2026-03-13 17:25:00,10.49,10.54,10.49,10.54,6340
2026-03-13 17:30:00,10.51,10.51,10.51,10.51,1427
2026-03-13 17:35:00,10.5192,10.52,10.5,10.52,1423
2026-03-13 17:40:00,10.51,10.54,10.4902,10.4902,4949
2026-03-13 17:45:00,10.5395,10.5395,10.53,10.53,500
2026-03-13 17:50:00,10.53,10.53,10.52,10.52,1206
2026-03-13 17:55:00,10.5102,10.5102,10.51,10.51,1578
2026-03-13 18:00:00,10.52,10.5491,10.5199,10.5491,9866
2026-03-13 18:05:00,10.5499,10.55,10.53,10.54,22445
2026-03-13 18:10:00,10.55,10.56,10.54,10.5403,2032
2026-03-13 18:15:00,10.57,10.57,10.55,10.5698,3078
2026-03-13 18:20:00,10.55,10.55,10.53,10.53,10750
2026-03-13 18:25:00,10.5695,10.57,10.56,10.56,4423
2026-03-13 18:30:00,10.56,10.56,10.55,10.56,2829
2026-03-13 18:35:00,10.55,10.61,10.55,10.61,40253
2026-03-13 18:40:00,10.55,10.6,10.55,10.59,8358
2026-03-13 18:45:00,10.58,10.63,10.57,10.63,15978
2026-03-13 18:50:00,10.6001,10.63,10.57,10.63,15511
2026-03-13 18:55:00,10.61,10.6602,10.6004,10.6602,6300
2026-03-13 19:00:00,10.66,10.68,10.66,10.6691,7268
2026-03-13 19:05:00,10.66,10.66,10.64,10.64,765
2026-03-13 19:10:00,10.5719,10.6,10.5719,10.6,2424
2026-03-13 19:15:00,10.6,10.6,10.58,10.58,500
2026-03-13 19:20:00,10.58,10.5802,10.57,10.57,4638
2026-03-13 19:25:00,10.56,10.6,10.56,10.5882,1100
2026-03-13 19:30:00,10.56,10.59,10.55,10.59,13490
2026-03-13 19:35:00,10.6,10.6,10.56,10.56,2490
2026-03-13 19:40:00,10.56,10.56,10.55,10.55,1164
2026-03-13 19:45:00,10.5574,10.58,10.54,10.57,11810
2026-03-13 19:50:00,10.55,10.61,10.55,10.6,6693
2026-03-13 19:55:00,10.63,10.65,10.54,10.58,11928
2026-03-16 04:00:00,9.86,9.86,9.76,9.78,26812
2026-03-16 04:05:00,9.77,9.82,9.76,9.76,21353
2026-03-16 04:10:00,9.76,9.81,9.72,9.81,13009
2026-03-16 04:15:00,9.82,9.85,9.8,9.81,7150
2026-03-16 04:20:00,9.82,9.87,9.77,9.77,21988
2026-03-16 04:25:00,9.78,9.87,9.78,9.87,13131
2026-03-16 04:30:00,9.86,9.93,9.86,9.92,11206
2026-03-16 04:35:00,9.91,9.94,9.905,9.92,15239
2026-03-16 04:40:00,9.92,9.99,9.92,9.99,25633
2026-03-16 04:45:00,9.99,9.99,9.93,9.945,16097
2026-03-16 04:50:00,9.95,10.0,9.91,9.91,16860
2026-03-16 04:55:00,9.89,9.9,9.89,9.89,2905
2026-03-16 05:00:00,9.895,9.9,9.885,9.885,13361
2026-03-16 05:05:00,9.88,9.93,9.88,9.905,6374
2026-03-16 05:10:00,9.89,9.89,9.85,9.85,8536
2026-03-16 05:15:00,9.855,9.87,9.84,9.84,6186
2026-03-16 05:20:00,9.83,9.86,9.81,9.81,10854
2026-03-16 05:25:00,9.815,9.815,9.765,9.78,18542
2026-03-16 05:30:00,9.78,9.83,9.78,9.83,13823
2026-03-16 05:35:00,9.83,9.83,9.815,9.83,6680
2026-03-16 05:40:00,9.83,9.84,9.81,9.83,5712
2026-03-16 05:45:00,9.83,9.86,9.82,9.83,6827
2026-03-16 05:50:00,9.83,9.84,9.82,9.83,6194
2026-03-16 05:55:00,9.83,9.86,9.83,9.86,1400
2026-03-16 06:00:00,9.85,9.85,9.775,9.8,11164
2026-03-16 06:05:00,9.8,9.825,9.75,9.75,17564
2026-03-16 06:10:00,9.745,9.76,9.74,9.76,7900
2026-03-16 06:15:00,9.74,9.74,9.7,9.72,8723
2026-03-16 06:20:00,9.72,9.72,9.65,9.65,38236
2026-03-16 06:25:00,9.655,9.655,9.62,9.625,12737
2026-03-16 06:30:00,9.63,9.66,9.63,9.66,8880
2026-03-16 06:35:00,9.67,9.72,9.67,9.71,9695
2026-03-16 06:40:00,9.71,9.71,9.665,9.675,10474
2026-03-16 06:45:00,9.68,9.685,9.65,9.65,6541
2026-03-16 06:50:00,9.65,9.65,9.62,9.62,19316
2026-03-16 06:55:00,9.61,9.64,9.595,9.64,30167
2026-03-16 07:00:00,9.65,9.73,9.64,9.675,79557
2026-03-16 07:05:00,9.675,9.69,9.66,9.68,15582
2026-03-16 07:10:00,9.69,9.69,9.595,9.6,21271
2026-03-16 07:15:00,9.615,9.62,9.59,9.59,10347
2026-03-16 07:20:00,9.585,9.635,9.585,9.635,16270
2026-03-16 07:25:00,9.635,9.655,9.615,9.655,13362
2026-03-16 07:30:00,9.65,9.66,9.61,9.61,23543
2026-03-16 07:35:00,9.61,9.61,9.58,9.58,39624
2026-03-16 07:40:00,9.58,9.59,9.56,9.56,22389
2026-03-16 07:45:00,9.565,9.605,9.565,9.6,6240
2026-03-16 07:50:00,9.61,9.64,9.61,9.64,1700
2026-03-16 07:55:00,9.62,9.625,9.62,9.625,1600
2026-03-16 08:00:00,9.65,9.98,9.55,9.55,599093
2026-03-16 08:05:00,9.555,9.86,9.55,9.55,49443
2026-03-16 08:10:00,9.5595,9.59,9.52,9.52,36832
2026-03-16 08:15:00,9.53,9.56,9.5,9.5073,58853
2026-03-16 08:20:00,9.51,9.55,9.5,9.53,30196
2026-03-16 08:25:00,9.54,9.57,9.54,9.5503,28828
2026-03-16 08:30:00,9.56,9.57,9.5,9.53,52725
2026-03-16 08:35:00,9.52,9.565,9.52,9.52,21007
2026-03-16 08:40:00,9.52,9.54,9.5,9.52,36103
2026-03-16 08:45:00,9.52,9.5399,9.5,9.535,19597
2026-03-16 08:50:00,9.545,9.55,9.52,9.54,13689
2026-03-16 08:55:00,9.54,9.57,9.5201,9.565,29640
2026-03-16 09:00:00,9.56,9.56,9.515,9.5275,20221
2026-03-16 09:05:00,9.52,9.54,9.5,9.5398,21744
2026-03-16 09:10:00,9.5307,9.5394,9.5,9.5197,17969
2026-03-16 09:15:00,9.5198,9.6,9.5195,9.59,12369
2026-03-16 09:20:00,9.59,9.6,9.55,9.55,55197
2026-03-16 09:25:00,9.55,9.64,9.5201,9.63,87284
2026-03-16 09:30:00,9.63,9.65,9.365,9.375,901025
2026-03-16 09:35:00,9.375,9.4786,9.31,9.425,489617
2026-03-16 09:40:00,9.43,9.57,9.3398,9.47,515225
2026-03-16 09:45:00,9.47,9.54,9.37,9.5,517941
2026-03-16 09:50:00,9.49,9.79,9.485,9.79,594069
2026-03-16 09:55:00,9.79,9.8,9.45,9.45,409087
2026-03-16 10:00:00,9.435,9.4799,9.2101,9.39,847076
2026-03-16 10:05:00,9.3899,9.5099,9.23,9.27,559391
2026-03-16 10:10:00,9.275,9.345,9.22,9.265,516927
2026-03-16 10:15:00,9.27,9.34,9.22,9.2802,370344
2026-03-16 10:20:00,9.295,9.315,9.225,9.295,201561
2026-03-16 10:25:00,9.295,9.56,9.29,9.555,680626
2026-03-16 10:30:00,9.555,9.655,9.52,9.5598,481638
2026-03-16 10:35:00,9.555,9.68,9.5014,9.645,305828
2026-03-16 10:40:00,9.645,9.72,9.6001,9.675,495208
2026-03-16 10:45:00,9.6701,9.76,9.635,9.76,491590
2026-03-16 10:50:00,9.7699,9.815,9.63,9.645,260033
2026-03-16 10:55:00,9.66,9.665,9.55,9.555,194183
2026-03-16 11:00:00,9.55,9.62,9.535,9.585,136945
2026-03-16 11:05:00,9.595,9.68,9.55,9.57,133380
2026-03-16 11:10:00,9.56,9.6399,9.5401,9.555,92481
2026-03-16 11:15:00,9.56,9.65,9.4903,9.5,119560
2026-03-16 11:20:00,9.51,9.53,9.4601,9.53,145754
2026-03-16 11:25:00,9.5324,9.6099,9.5324,9.54,109988
2026-03-16 11:30:00,9.545,9.575,9.44,9.525,161593
2026-03-16 11:35:00,9.52,9.61,9.47,9.61,127790
2026-03-16 11:40:00,9.61,9.71,9.59,9.71,146322
2026-03-16 11:45:00,9.71,9.72,9.6603,9.705,91938
2026-03-16 11:50:00,9.709,9.8655,9.709,9.79,206252
2026-03-16 11:55:00,9.8,9.925,9.8,9.855,205371
2026-03-16 12:00:00,9.855,9.87,9.7401,9.77,140201
2026-03-16 12:05:00,9.765,9.78,9.66,9.755,92016
2026-03-16 12:10:00,9.755,9.815,9.71,9.78,90354
2026-03-16 12:15:00,9.77,9.821,9.7501,9.8,109667
2026-03-16 12:20:00,9.81,9.875,9.79,9.875,93326
2026-03-16 12:25:00,9.88,9.92,9.8618,9.87,159202
2026-03-16 12:30:00,9.87,9.91,9.81,9.84,131129
2026-03-16 12:35:00,9.8486,9.8486,9.75,9.77,103804
2026-03-16 12:40:00,9.755,9.76,9.64,9.675,144096
2026-03-16 12:45:00,9.6899,9.6899,9.625,9.66,129854
2026-03-16 12:50:00,9.64,9.64,9.54,9.56,115349
2026-03-16 12:55:00,9.55,9.61,9.5399,9.58,100630
2026-03-16 13:00:00,9.575,9.58,9.4801,9.5579,187863
2026-03-16 13:05:00,9.555,9.62,9.505,9.605,125706
2026-03-16 13:10:00,9.605,9.61,9.5502,9.57,50523
2026-03-16 13:15:00,9.57,9.61,9.53,9.54,185638
2026-03-16 13:20:00,9.54,9.575,9.52,9.535,46366
2026-03-16 13:25:00,9.535,9.585,9.495,9.575,57786
2026-03-16 13:30:00,9.57,9.61,9.5211,9.58,78388
2026-03-16 13:35:00,9.58,9.6099,9.5227,9.525,91481
2026-03-16 13:40:00,9.525,9.5499,9.51,9.535,76852
2026-03-16 13:45:00,9.535,9.535,9.47,9.495,102322
2026-03-16 13:50:00,9.5,9.59,9.49,9.53,89323
2026-03-16 13:55:00,9.53,9.5401,9.4701,9.485,57093
2026-03-16 14:00:00,9.49,9.495,9.4201,9.425,123944
2026-03-16 14:05:00,9.43,9.43,9.35,9.355,280352
2026-03-16 14:10:00,9.355,9.385,9.31,9.3301,334468
2026-03-16 14:15:00,9.335,9.35,9.3,9.33,292558
2026-03-16 14:20:00,9.33,9.355,9.305,9.305,178540
2026-03-16 14:25:00,9.3,9.31,9.26,9.265,523032
2026-03-16 14:30:00,9.2619,9.33,9.22,9.2618,500662
2026-03-16 14:35:00,9.27,9.3687,9.269,9.355,279030
2026-03-16 14:40:00,9.36,9.38,9.31,9.325,133093
2026-03-16 14:45:00,9.33,9.385,9.33,9.375,130295
2026-03-16 14:50:00,9.375,9.43,9.37,9.4199,171210
2026-03-16 14:55:00,9.42,9.48,9.41,9.47,235794
2026-03-16 15:00:00,9.475,9.5297,9.4,9.49,182905
2026-03-16 15:05:00,9.49,9.5,9.2701,9.2799,437757
2026-03-16 15:10:00,9.27,9.41,9.22,9.3,262777
2026-03-16 15:15:00,9.315,9.35,9.255,9.35,123833
2026-03-16 15:20:00,9.345,9.37,9.25,9.275,171714
2026-03-16 15:25:00,9.27,9.355,9.27,9.305,132623
2026-03-16 15:30:00,9.305,9.36,9.285,9.315,179964
2026-03-16 15:35:00,9.31,9.355,9.27,9.3,174212
2026-03-16 15:40:00,9.31,9.33,9.285,9.325,87908
2026-03-16 15:45:00,9.32,9.3583,9.275,9.305,202318
2026-03-16 15:50:00,9.305,9.32,9.275,9.285,291229
2026-03-16 15:55:00,9.29,9.32,9.275,9.295,367106
2026-03-16 16:00:00,9.29,9.33,9.29,9.32,45211
2026-03-16 16:05:00,9.33,9.33,9.31,9.329,9835
2026-03-16 16:10:00,9.32,9.32,9.299,9.3,7291
2026-03-16 16:15:00,9.3,9.3,9.28,9.29,16036
2026-03-16 16:20:00,9.29,9.29,9.2818,9.29,9938
2026-03-16 16:25:00,9.29,9.29,9.28,9.2887,6085
2026-03-16 16:30:00,9.29,9.29,9.28,9.28,2218
2026-03-16 16:35:00,9.28,9.28,9.26,9.27,20244
2026-03-16 16:40:00,9.26,9.27,9.26,9.27,12254
2026-03-16 16:45:00,9.27,9.27,9.2613,9.27,3732
2026-03-16 16:50:00,9.27,9.27,9.235,9.25,19181
2026-03-16 16:55:00,9.2543,9.2543,9.24,9.25,2287
2026-03-16 17:00:00,9.2593,9.26,9.21,9.22,14268
2026-03-16 17:05:00,9.2201,9.25,9.22,9.23,5204
2026-03-16 17:10:00,9.23,9.23,9.22,9.22,31934
2026-03-16 17:15:00,9.22,9.23,9.22,9.23,26528
2026-03-16 17:20:00,9.22,9.23,9.22,9.22,9821
2026-03-16 17:25:00,9.22,9.23,9.22,9.225,4742
2026-03-16 17:30:00,9.225,9.2297,9.22,9.22,9442
2026-03-16 17:35:00,9.22,9.23,9.2,9.2,69794
2026-03-16 17:40:00,9.2,9.21,9.2,9.2018,6064
2026-03-16 17:45:00,9.2,9.2099,9.2,9.2002,4934
2026-03-16 17:50:00,9.2,9.21,9.2,9.21,8606
2026-03-16 17:55:00,9.2,9.21,9.2,9.2098,15237
2026-03-16 18:00:00,9.205,9.21,9.205,9.2099,6925
2026-03-16 18:05:00,9.2,9.21,9.17,9.1761,72550
2026-03-16 18:10:00,9.17,9.1799,9.16,9.16,13110
2026-03-16 18:15:00,9.16,9.17,9.15,9.15,26440
2026-03-16 18:20:00,9.16,9.16,9.15,9.16,15457
2026-03-16 18:25:00,9.155,9.17,9.15,9.1568,18203
2026-03-16 18:30:00,9.1501,9.16,9.15,9.155,18818
2026-03-16 18:35:00,9.16,9.17,9.16,9.17,1953
2026-03-16 18:40:00,9.169,9.1699,9.165,9.1699,12450
2026-03-16 18:45:00,9.1602,9.17,9.16,9.1603,11729
2026-03-16 18:50:00,9.16,9.17,9.16,9.165,5023
2026-03-16 18:55:00,9.165,9.17,9.165,9.17,33373
2026-03-16 19:00:00,9.18,9.23,9.18,9.23,15019
2026-03-16 19:05:00,9.23,9.27,9.23,9.26,5989
2026-03-16 19:10:00,9.26,9.26,9.2401,9.25,628
2026-03-16 19:15:00,9.24,9.24,9.23,9.24,6836
2026-03-16 19:20:00,9.235,9.24,9.235,9.24,1020
2026-03-16 19:25:00,9.2387,9.24,9.23,9.24,2925
2026-03-16 19:30:00,9.24,9.2497,9.23,9.23,8701
2026-03-16 19:35:00,9.2297,9.23,9.2204,9.2226,1919
2026-03-16 19:40:00,9.22,9.23,9.21,9.21,9086
2026-03-16 19:45:00,9.21,9.22,9.1883,9.21,21108
2026-03-16 19:50:00,9.21,9.2291,9.19,9.21,9033
2026-03-16 19:55:00,9.2,9.2195,9.18,9.2195,9355
2026-03-17 04:00:00,9.24,9.24,9.18,9.2,10581
2026-03-17 04:05:00,9.2,9.21,9.2,9.2,2587
2026-03-17 04:10:00,9.26,9.28,9.26,9.27,5173
2026-03-17 04:15:00,9.27,9.29,9.24,9.24,5106
2026-03-17 04:20:00,9.24,9.27,9.24,9.27,2581
2026-03-17 04:25:00,9.27,9.27,9.24,9.24,6500
2026-03-17 04:30:00,9.25,9.27,9.25,9.25,500
2026-03-17 04:35:00,9.28,9.295,9.28,9.295,750
2026-03-17 04:40:00,9.29,9.29,9.23,9.23,2158
2026-03-17 04:45:00,9.23,9.24,9.23,9.23,5500
2026-03-17 04:50:00,9.25,9.285,9.25,9.27,3548
2026-03-17 04:55:00,9.26,9.29,9.26,9.29,13564
2026-03-17 05:00:00,9.28,9.29,9.25,9.29,9047
2026-03-17 05:05:00,9.29,9.3,9.28,9.29,3614
2026-03-17 05:10:00,9.29,9.3,9.29,9.3,833
2026-03-17 05:15:00,9.3,9.31,9.3,9.31,9034
2026-03-17 05:20:00,9.285,9.29,9.27,9.28,4425
2026-03-17 05:25:00,9.27,9.27,9.215,9.215,13036
2026-03-17 05:30:00,9.22,9.26,9.22,9.26,1190
2026-03-17 05:35:00,9.25,9.25,9.24,9.24,405
2026-03-17 05:40:00,9.24,9.26,9.24,9.25,800
2026-03-17 05:45:00,9.25,9.26,9.25,9.26,2543
2026-03-17 05:50:00,9.27,9.3,9.27,9.3,2535
2026-03-17 05:55:00,9.31,9.335,9.31,9.32,7556
2026-03-17 06:00:00,9.33,9.34,9.31,9.32,3554
2026-03-17 06:05:00,9.33,9.38,9.33,9.38,21839
2026-03-17 06:10:00,9.38,9.43,9.37,9.42,29881
2026-03-17 06:15:00,9.43,9.46,9.425,9.45,6533
2026-03-17 06:20:00,9.45,9.455,9.44,9.44,5068
2026-03-17 06:25:00,9.445,9.445,9.42,9.435,2518
2026-03-17 06:30:00,9.43,9.45,9.43,9.43,24078
2026-03-17 06:35:00,9.42,9.45,9.42,9.44,2869
2026-03-17 06:40:00,9.435,9.44,9.43,9.43,5379
2026-03-17 06:45:00,9.42,9.43,9.415,9.43,3819
2026-03-17 06:50:00,9.45,9.46,9.44,9.44,6837
2026-03-17 06:55:00,9.44,9.44,9.395,9.4,13040
2026-03-17 07:00:00,9.39,9.395,9.38,9.38,6226
2026-03-17 07:05:00,9.37,9.37,9.33,9.33,10337
2026-03-17 07:10:00,9.33,9.33,9.31,9.33,3330
2026-03-17 07:15:00,9.33,9.33,9.31,9.31,7527
2026-03-17 07:20:00,9.31,9.31,9.285,9.29,9904
2026-03-17 07:25:00,9.28,9.305,9.28,9.305,11056
2026-03-17 07:30:00,9.315,9.32,9.3,9.3,2481
2026-03-17 07:35:00,9.3,9.31,9.28,9.3,12045
2026-03-17 07:40:00,9.3,9.3,9.3,9.3,2020
2026-03-17 07:45:00,9.29,9.3,9.29,9.3,1900
2026-03-17 07:50:00,9.3,9.31,9.3,9.31,3991
2026-03-17 07:55:00,9.31,9.33,9.31,9.33,903
2026-03-17 08:00:00,9.4,9.4695,9.16,9.34,485657
2026-03-17 08:05:00,9.33,9.33,9.18,9.2995,25739
2026-03-17 08:10:00,9.29,9.29,9.2597,9.26,24069
2026-03-17 08:15:00,9.26,9.3299,9.2599,9.31,14853
2026-03-17 08:20:00,9.3,9.36,9.29,9.36,29912
2026-03-17 08:25:00,9.3587,9.39,9.3587,9.38,14458
2026-03-17 08:30:00,9.3903,9.3918,9.37,9.3902,29771
2026-03-17 08:35:00,9.4,9.44,9.38,9.38,55070
2026-03-17 08:40:00,9.389,9.39,9.37,9.39,6981
2026-03-17 08:45:00,9.39,9.44,9.39,9.43,24644
2026-03-17 08:50:00,9.44,9.45,9.42,9.43,45942
2026-03-17 08:55:00,9.42,9.43,9.41,9.41,16379
2026-03-17 09:00:00,9.41,9.4199,9.39,9.4,13647
2026-03-17 09:05:00,9.4,9.4,9.37,9.37,17551
2026-03-17 09:10:00,9.37,9.4,9.37,9.39,9211
2026-03-17 09:15:00,9.39,9.43,9.38,9.3802,51157
2026-03-17 09:20:00,9.38,9.39,9.37,9.39,27651
2026-03-17 09:25:00,9.395,9.5,9.3901,9.5,55720
2026-03-17 09:30:00,9.49,9.58,9.215,9.28,592222
2026-03-17 09:35:00,9.28,9.3299,9.17,9.19,583122
2026-03-17 09:40:00,9.18,9.27,9.14,9.245,600413
2026-03-17 09:45:00,9.245,9.315,9.175,9.1953,437794
2026-03-17 09:50:00,9.195,9.35,9.19,9.2799,376873
2026-03-17 09:55:00,9.275,9.3199,9.22,9.25,227599
2026-03-17 10:00:00,9.24,9.32,9.23,9.28,272955
2026-03-17 10:05:00,9.27,9.29,9.1503,9.175,353634
2026-03-17 10:10:00,9.165,9.225,9.15,9.22,327313
2026-03-17 10:15:00,9.225,9.25,9.15,9.18,346032
2026-03-17 10:20:00,9.185,9.22,9.15,9.205,147000
2026-03-17 10:25:00,9.2,9.24,9.16,9.185,187528
2026-03-17 10:30:00,9.18,9.19,9.05,9.0578,439045
2026-03-17 10:35:00,9.05,9.095,9.0,9.045,521136
2026-03-17 10:40:00,9.045,9.06,9.0001,9.03,227181
2026-03-17 10:45:00,9.025,9.045,8.95,9.0312,368635
2026-03-17 10:50:00,9.025,9.1,8.95,8.985,293590
2026-03-17 10:55:00,8.9801,9.01,8.9,8.9214,438614
2026-03-17 11:00:00,8.935,8.94,8.77,8.85,809672
2026-03-17 11:05:00,8.8493,8.93,8.825,8.93,313339
2026-03-17 11:10:00,8.93,9.025,8.915,9.01,262221
2026-03-17 11:15:00,9.015,9.035,8.97,8.985,215623
2026-03-17 11:20:00,8.985,9.135,8.975,9.135,377327
2026-03-17 11:25:00,9.14,9.17,9.1,9.1401,168719
2026-03-17 11:30:00,9.135,9.19,9.07,9.1883,274286
2026-03-17 11:35:00,9.1899,9.3162,9.16,9.23,460103
2026-03-17 11:40:00,9.23,9.28,9.21,9.2586,201036
2026-03-17 11:45:00,9.2503,9.29,9.2,9.28,177654
2026-03-17 11:50:00,9.28,9.28,9.16,9.175,169178
2026-03-17 11:55:00,9.17,9.24,9.1603,9.205,83252
2026-03-17 12:00:00,9.215,9.22,9.16,9.1801,82113
2026-03-17 12:05:00,9.2,9.205,9.12,9.13,89297
2026-03-17 12:10:00,9.129,9.13,9.06,9.115,104572
2026-03-17 12:15:00,9.12,9.14,8.995,8.9999,271194
2026-03-17 12:20:00,8.995,9.04,8.9848,8.985,152006
2026-03-17 12:25:00,8.99,9.04,8.9501,9.04,190052
2026-03-17 12:30:00,9.03,9.08,8.99,9.06,117614
2026-03-17 12:35:00,9.06,9.065,9.02,9.02,110689
2026-03-17 12:40:00,9.01,9.03,8.96,8.975,148622
2026-03-17 12:45:00,8.98,9.05,8.9501,9.035,130554
2026-03-17 12:50:00,9.035,9.035,8.97,8.98,91054
2026-03-17 12:55:00,8.97,9.015,8.96,8.99,88784
2026-03-17 13:00:00,8.995,9.0,8.94,8.955,107103
2026-03-17 13:05:00,8.96,8.97,8.94,8.95,111345
2026-03-17 13:10:00,8.9598,9.06,8.9598,9.0,137059
2026-03-17 13:15:00,9.0007,9.02,8.96,8.99,76751
2026-03-17 13:20:00,8.985,8.985,8.9,8.915,241893
2026-03-17 13:25:00,8.915,8.96,8.89,8.93,308815
2026-03-17 13:30:00,8.92,8.94,8.8692,8.925,105560
2026-03-17 13:35:00,8.93,8.935,8.845,8.8585,214825
2026-03-17 13:40:00,8.855,8.9077,8.825,8.9,221057
2026-03-17 13:45:00,8.89,8.9,8.83,8.84,118968
2026-03-17 13:50:00,8.84,8.845,8.72,8.73,470466
2026-03-17 13:55:00,8.73,8.79,8.7101,8.79,266720
2026-03-17 14:00:00,8.79,8.88,8.79,8.8599,287578
2026-03-17 14:05:00,8.86,8.87,8.8,8.8001,177600
2026-03-17 14:10:00,8.8069,8.87,8.78,8.855,96788
2026-03-17 14:15:00,8.855,8.885,8.8301,8.865,137742
2026-03-17 14:20:00,8.865,8.965,8.855,8.96,255491
2026-03-17 14:25:00,8.97,8.97,8.892,8.955,276233
2026-03-17 14:30:00,8.955,8.955,8.86,8.88,130549
2026-03-17 14:35:00,8.885,8.92,8.86,8.89,91018
2026-03-17 14:40:00,8.885,8.8899,8.85,8.8799,75929
2026-03-17 14:45:00,8.8799,8.89,8.855,8.87,92772
2026-03-17 14:50:00,8.87,8.885,8.8102,8.82,131374
2026-03-17 14:55:00,8.815,8.89,8.81,8.865,66735
2026-03-17 15:00:00,8.8685,8.8814,8.82,8.855,89726
2026-03-17 15:05:00,8.87,8.9195,8.86,8.885,54087
2026-03-17 15:10:00,8.88,8.885,8.835,8.84,84823
2026-03-17 15:15:00,8.845,8.85,8.815,8.85,62479
2026-03-17 15:20:00,8.8477,8.92,8.82,8.915,148671
2026-03-17 15:25:00,8.915,8.98,8.9,8.95,207262
2026-03-17 15:30:00,8.95,8.97,8.94,8.97,73454
2026-03-17 15:35:00,8.96,9.02,8.9501,8.99,255801
2026-03-17 15:40:00,8.99,9.03,8.9801,9.005,173908
2026-03-17 15:45:00,9.0,9.03,8.99,9.0,159544
2026-03-17 15:50:00,9.0,9.01,8.9413,8.9413,158258
2026-03-17 15:55:00,8.95,8.978,8.92,8.94,198503
2026-03-17 16:00:00,8.94,8.96,8.9198,8.92,14588
2026-03-17 16:05:00,8.92,8.92,8.89,8.89,11569
2026-03-17 16:10:00,8.889,8.92,8.88,8.92,6105
2026-03-17 16:15:00,8.9,8.9,8.9,8.9,100
2026-03-17 16:20:00,8.91,8.9103,8.8797,8.8797,1007
2026-03-17 16:25:00,8.87,8.88,8.85,8.87,3627
2026-03-17 16:30:00,8.88,8.89,8.87,8.89,4352
2026-03-17 16:35:00,8.89,8.91,8.89,8.895,3956
2026-03-17 16:40:00,8.9,8.91,8.8998,8.9003,5820
2026-03-17 16:45:00,8.91,8.9187,8.91,8.9174,4671
2026-03-17 16:50:00,8.91,8.91,8.9,8.9,5606
2026-03-17 16:55:00,8.91,8.91,8.9,8.9,4916
2026-03-17 17:05:00,8.92,8.92,8.9001,8.9001,850
2026-03-17 17:10:00,8.91,8.91,8.8898,8.8898,4655
2026-03-17 17:15:00,8.8802,8.8802,8.87,8.88,5054
2026-03-17 17:20:00,8.89,8.89,8.89,8.89,470
2026-03-17 17:25:00,8.8994,8.9,8.8704,8.9,2158
2026-03-17 17:30:00,8.89,8.9,8.88,8.88,1855
2026-03-17 17:35:00,8.9,8.9,8.88,8.8899,2945
2026-03-17 17:40:00,8.87,8.8701,8.86,8.86,8739
2026-03-17 17:45:00,8.86,8.86,8.8503,8.86,2169
2026-03-17 17:50:00,8.8548,8.8548,8.8548,8.8548,188
2026-03-17 17:55:00,8.86,8.8795,8.86,8.8795,2048
2026-03-17 18:00:00,8.8794,8.8794,8.86,8.86,1601
2026-03-17 18:05:00,8.86,8.86,8.86,8.86,793
2026-03-17 18:10:00,8.87,8.87,8.86,8.86,1541
2026-03-17 18:15:00,8.8795,8.89,8.8702,8.89,6626
2026-03-17 18:20:00,8.8899,8.8913,8.88,8.8913,7765
2026-03-17 18:25:00,8.9,8.94,8.895,8.94,1505
2026-03-17 18:30:00,8.94,8.95,8.93,8.95,15659
2026-03-17 18:35:00,8.94,8.99,8.94,8.99,18226
2026-03-17 18:40:00,8.99,8.99,8.96,8.96,2795
2026-03-17 18:45:00,8.96,8.96,8.95,8.96,3187
2026-03-17 18:50:00,8.95,8.96,8.94,8.95,5696
2026-03-17 18:55:00,8.9402,8.9402,8.9254,8.9254,1057
2026-03-17 19:00:00,8.94,8.94,8.91,8.93,1604
2026-03-17 19:05:00,8.93,8.93,8.92,8.93,6297
2026-03-17 19:10:00,8.92,8.94,8.92,8.94,2550
2026-03-17 19:15:00,8.94,8.94,8.94,8.94,309
2026-03-17 19:20:00,8.95,8.96,8.95,8.96,770
2026-03-17 19:25:00,8.9503,8.96,8.95,8.96,3134
2026-03-17 19:30:00,8.96,8.9697,8.95,8.951,18097
2026-03-17 19:35:00,8.96,8.97,8.95,8.97,2218
2026-03-17 19:40:00,8.9697,9.0,8.9697,8.9913,10955
2026-03-17 19:45:00,8.99,9.0,8.99,8.99,14203
2026-03-17 19:50:00,8.99,9.0,8.99,9.0,15639
2026-03-17 19:55:00,8.99,9.0299,8.99,9.0299,12248
2026-03-18 04:00:00,9.0,9.02,8.96,8.96,20797
2026-03-18 04:05:00,8.96,8.97,8.91,8.97,19513
2026-03-18 04:10:00,8.98,9.0,8.97,8.97,6956
2026-03-18 04:15:00,8.97,9.01,8.96,9.01,12177
2026-03-18 04:20:00,9.0,9.01,8.97,8.97,2393
2026-03-18 04:25:00,8.98,9.0,8.97,8.98,5277
2026-03-18 04:30:00,8.98,9.01,8.98,8.98,7554
2026-03-18 04:35:00,9.0,9.02,8.99,9.02,8944
2026-03-18 04:40:00,9.02,9.03,9.01,9.01,6414
2026-03-18 04:45:00,9.02,9.04,9.02,9.02,7845
2026-03-18 04:50:00,9.02,9.03,9.0,9.0,12230
2026-03-18 04:55:00,9.02,9.02,9.0,9.015,1050
2026-03-18 05:00:00,9.01,9.01,8.98,8.98,8218
2026-03-18 05:05:00,8.98,8.98,8.92,8.92,8384
2026-03-18 05:10:00,8.93,8.94,8.88,8.9,32919
2026-03-18 05:15:00,8.9,8.92,8.89,8.89,3467
2026-03-18 05:20:00,8.89,8.89,8.87,8.89,17238
2026-03-18 05:25:00,8.89,8.89,8.86,8.87,7438
2026-03-18 05:30:00,8.86,8.86,8.84,8.84,9138
2026-03-18 05:35:00,8.84,8.85,8.82,8.83,14067
2026-03-18 05:40:00,8.825,8.84,8.81,8.83,9994
2026-03-18 05:45:00,8.83,8.86,8.83,8.86,7432
2026-03-18 05:50:00,8.86,8.9,8.86,8.9,7254
2026-03-18 05:55:00,8.9,8.905,8.9,8.905,5408
2026-03-18 06:00:00,8.89,8.9,8.89,8.9,2200
2026-03-18 06:05:00,8.9,8.9,8.86,8.875,10189
2026-03-18 06:10:00,8.87,8.87,8.85,8.85,3686
2026-03-18 06:15:00,8.85,8.86,8.85,8.86,11006
2026-03-18 06:20:00,8.85,8.88,8.85,8.88,6092
2026-03-18 06:25:00,8.88,8.9,8.87,8.9,4215
2026-03-18 06:30:00,8.91,8.94,8.9,8.92,26665
2026-03-18 06:35:00,8.93,8.98,8.92,8.98,7967
2026-03-18 06:40:00,8.98,9.0,8.96,8.99,29762
2026-03-18 06:45:00,9.0,9.01,8.98,8.98,10384
2026-03-18 06:50:00,8.99,9.0,8.98,8.98,4278
2026-03-18 06:55:00,8.98,8.99,8.98,8.99,1200
2026-03-18 07:00:00,8.99,8.99,8.94,8.98,12491
2026-03-18 07:05:00,8.98,9.01,8.96,8.96,19380
2026-03-18 07:10:00,8.93,8.96,8.93,8.94,3895
2026-03-18 07:15:00,8.95,8.95,8.94,8.95,1200
2026-03-18 07:20:00,8.95,8.98,8.95,8.98,2612
2026-03-18 07:25:00,8.97,9.09,8.97,9.08,43286
2026-03-18 07:30:00,9.08,9.16,9.08,9.11,87341
2026-03-18 07:35:00,9.12,9.28,9.11,9.26,114086
2026-03-18 07:40:00,9.26,9.27,9.2,9.2,25836
2026-03-18 07:45:00,9.21,9.23,9.19,9.23,23600
2026-03-18 07:50:00,9.22,9.23,9.16,9.22,31813
2026-03-18 07:55:00,9.22,9.249,9.21,9.249,20573
2026-03-18 08:00:00,9.02,9.36,8.82,9.34,547770
2026-03-18 08:05:00,9.34,9.36,8.9,9.35,179445
2026-03-18 08:10:00,9.35,9.37,9.34,9.34,82027
2026-03-18 08:15:00,9.34,9.36,9.32,9.35,60416
2026-03-18 08:20:00,9.35,9.3601,9.33,9.35,51258
2026-03-18 08:25:00,9.34,9.3602,9.33,9.34,43316
2026-03-18 08:30:00,9.35,9.49,9.35,9.45,131134
2026-03-18 08:35:00,9.44,9.5,9.4397,9.45,102700
2026-03-18 08:40:00,9.44,9.51,9.41,9.5,95539
2026-03-18 08:45:00,9.51,9.52,9.48,9.5,80742
2026-03-18 08:50:00,9.4999,9.6,9.49,9.5801,200483
2026-03-18 08:55:00,9.5813,9.5813,9.53,9.56,55997
2026-03-18 09:00:00,9.56,9.6,9.4602,9.49,147722
2026-03-18 09:05:00,9.49,9.5403,9.48,9.51,72170
2026-03-18 09:10:00,9.51,9.54,9.49,9.51,87177
2026-03-18 09:15:00,9.51,9.55,9.51,9.54,63082
2026-03-18 09:20:00,9.54,9.54,9.48,9.5,65745
2026-03-18 09:25:00,9.4902,9.6,9.4902,9.59,84301
2026-03-18 09:30:00,9.57,9.68,9.5,9.555,1151739
2026-03-18 09:35:00,9.555,9.56,9.4199,9.455,383875
2026-03-18 09:40:00,9.4501,9.545,9.36,9.4701,431256
2026-03-18 09:45:00,9.48,9.58,9.445,9.54,272472
2026-03-18 09:50:00,9.55,9.58,9.5089,9.57,258473
2026-03-18 09:55:00,9.565,9.645,9.51,9.52,281656
2026-03-18 10:00:00,9.515,9.68,9.5,9.62,391653
2026-03-18 10:05:00,9.63,9.67,9.57,9.6,171418
2026-03-18 10:10:00,9.605,9.74,9.6,9.735,244348
2026-03-18 10:15:00,9.73,9.74,9.6714,9.7,204847
2026-03-18 10:20:00,9.7,9.71,9.655,9.705,112488
2026-03-18 10:25:00,9.7,9.835,9.6916,9.825,357148
2026-03-18 10:30:00,9.8201,9.86,9.76,9.8,192685
2026-03-18 10:35:00,9.8,9.86,9.79,9.86,161927
2026-03-18 10:40:00,9.86,9.925,9.8401,9.915,195656
2026-03-18 10:45:00,9.91,9.9198,9.87,9.8711,212461
2026-03-18 10:50:00,9.88,9.96,9.875,9.9493,264366
2026-03-18 10:55:00,9.95,9.965,9.91,9.9193,178636
2026-03-18 11:00:00,9.92,10.0,9.85,9.88,309185
2026-03-18 11:05:00,9.871,9.9,9.7799,9.83,236791
2026-03-18 11:10:00,9.83,9.925,9.825,9.895,187414
2026-03-18 11:15:00,9.895,9.905,9.83,9.88,101824
2026-03-18 11:20:00,9.885,9.93,9.8648,9.9155,114476
2026-03-18 11:25:00,9.91,9.92,9.87,9.905,70017
2026-03-18 11:30:00,9.9,9.9202,9.8101,9.8498,142142
2026-03-18 11:35:00,9.849,9.8902,9.84,9.8717,58117
2026-03-18 11:40:00,9.88,9.93,9.87,9.89,70185
2026-03-18 11:45:00,9.91,9.965,9.89,9.945,105348
2026-03-18 11:50:00,9.95,9.965,9.91,9.9401,80523
2026-03-18 11:55:00,9.93,9.95,9.895,9.92,64587
2026-03-18 12:00:00,9.92,9.98,9.9,9.98,64284
2026-03-18 12:05:00,9.975,9.99,9.95,9.99,50970
2026-03-18 12:10:00,9.975,10.0,9.96,9.98,75138
2026-03-18 12:15:00,9.975,10.03,9.975,10.025,119255
2026-03-18 12:20:00,10.02,10.05,10.01,10.0201,62335
2026-03-18 12:25:00,10.03,10.06,10.0,10.0299,134068
2026-03-18 12:30:00,10.035,10.1099,10.01,10.105,100154
2026-03-18 12:35:00,10.11,10.1268,10.02,10.03,135835
2026-03-18 12:40:00,10.025,10.06,10.0,10.0001,75807
2026-03-18 12:45:00,10.0,10.05,9.995,10.03,48542
2026-03-18 12:50:00,10.03,10.045,9.99,10.0,42679
2026-03-18 12:55:00,10.0101,10.0401,10.01,10.035,81887
2026-03-18 13:00:00,10.025,10.08,10.01,10.04,72919
2026-03-18 13:05:00,10.035,10.0691,10.03,10.055,44675
2026-03-18 13:10:00,10.06,10.06,10.02,10.045,31649
2026-03-18 13:15:00,10.035,10.06,9.99,9.995,103398
2026-03-18 13:20:00,9.9901,10.005,9.96,9.96,86045
2026-03-18 13:25:00,9.96,9.98,9.935,9.95,123870
2026-03-18 13:30:00,9.94,9.98,9.93,9.9301,30163
2026-03-18 13:35:00,9.935,9.94,9.85,9.855,85969
2026-03-18 13:40:00,9.86,9.915,9.86,9.87,71876
2026-03-18 13:45:00,9.87,9.875,9.815,9.8499,92769
2026-03-18 13:50:00,9.845,9.8991,9.84,9.855,80413
2026-03-18 13:55:00,9.85,9.89,9.85,9.89,34290
2026-03-18 14:00:00,9.88,9.89,9.8,9.82,132540
2026-03-18 14:05:00,9.82,9.83,9.77,9.83,81894
2026-03-18 14:10:00,9.835,9.855,9.775,9.805,90087
2026-03-18 14:15:00,9.81,9.8881,9.8,9.875,109511
2026-03-18 14:20:00,9.87,9.92,9.85,9.895,96997
2026-03-18 14:25:00,9.91,9.92,9.865,9.865,63962
2026-03-18 14:30:00,9.87,9.9,9.8,9.9,99939
2026-03-18 14:35:00,9.905,9.905,9.755,9.895,186151
2026-03-18 14:40:00,9.9,9.91,9.83,9.84,77414
2026-03-18 14:45:00,9.85,9.97,9.85,9.97,96380
2026-03-18 14:50:00,9.9608,10.08,9.95,10.08,149442
2026-03-18 14:55:00,10.0799,10.1,10.0321,10.0684,188387
2026-03-18 15:00:00,10.07,10.07,9.925,9.925,119639
2026-03-18 15:05:00,9.9301,9.96,9.89,9.905,101496
2026-03-18 15:10:00,9.915,9.9801,9.91,9.94,108019
2026-03-18 15:15:00,9.94,9.95,9.9,9.93,98786
2026-03-18 15:20:00,9.94,9.96,9.92,9.95,75037
2026-03-18 15:25:00,9.95,9.965,9.895,9.91,57201
2026-03-18 15:30:00,9.91,9.945,9.8801,9.885,103822
2026-03-18 15:35:00,9.885,9.93,9.88,9.905,68764
2026-03-18 15:40:00,9.905,9.95,9.9,9.945,70780
2026-03-18 15:45:00,9.94,9.9999,9.9301,9.985,114957
2026-03-18 15:50:00,9.99,10.05,9.99,10.05,163516
2026-03-18 15:55:00,10.06,10.11,10.035,10.105,198482
2026-03-18 16:00:00,10.09,10.17,9.99,10.16,24596
2026-03-18 16:05:00,10.17,10.3,10.0919,10.25,62143
2026-03-18 16:10:00,10.25,10.3,10.22,10.2603,17118
2026-03-18 16:15:00,10.2603,10.2603,10.191,10.21,7108
2026-03-18 16:20:00,10.2033,10.23,10.2,10.22,7910
2026-03-18 16:25:00,10.2,10.275,10.2,10.23,11292
2026-03-18 16:30:00,10.22,10.26,10.18,10.18,13951
2026-03-18 16:35:00,10.18,10.2,10.15,10.17,15747
2026-03-18 16:40:00,10.16,10.16,10.15,10.15,3919
2026-03-18 16:45:00,10.15,10.16,10.14,10.14,3584
2026-03-18 16:50:00,10.14,10.14,10.11,10.14,10419
2026-03-18 16:55:00,10.13,10.14,10.12,10.14,8228
2026-03-18 17:00:00,10.1498,10.1498,10.11,10.11,2798
2026-03-18 17:05:00,10.12,10.12,10.06,10.09,3763
2026-03-18 17:10:00,10.09,10.09,10.06,10.06,9757
2026-03-18 17:15:00,10.08,10.11,10.05,10.0801,8681
2026-03-18 17:25:00,10.06,10.09,10.04,10.04,4164
2026-03-18 17:30:00,10.06,10.09,10.06,10.09,523
2026-03-18 17:35:00,10.1,10.1,10.07,10.07,381
2026-03-18 17:40:00,10.08,10.11,10.08,10.11,5586
2026-03-18 17:45:00,10.1,10.1,10.1,10.1,282
2026-03-18 17:50:00,10.06,10.09,10.05,10.05,1227
2026-03-18 17:55:00,10.05,10.0792,10.05,10.05,2158
2026-03-18 18:00:00,10.08,10.11,10.0619,10.11,7863
2026-03-18 18:05:00,10.12,10.1605,10.12,10.16,3938
2026-03-18 18:10:00,10.1519,10.16,10.13,10.13,3049
2026-03-18 18:15:00,10.13,10.14,10.09,10.09,2026
2026-03-18 18:20:00,10.11,10.1328,10.11,10.11,6444
2026-03-18 18:25:00,10.12,10.13,10.11,10.13,1460
2026-03-18 18:30:00,10.13,10.13,10.13,10.13,3198
2026-03-18 18:35:00,10.14,10.1699,10.1303,10.16,1308
2026-03-18 18:40:00,10.16,10.17,10.151,10.151,2140
2026-03-18 18:45:00,10.16,10.16,10.15,10.15,1300
2026-03-18 18:50:00,10.16,10.16,10.15,10.15,2784
2026-03-18 18:55:00,10.16,10.16,10.14,10.14,7848
2026-03-18 19:00:00,10.14,10.15,10.12,10.13,3135
2026-03-18 19:05:00,10.13,10.15,10.13,10.13,4275
2026-03-18 19:10:00,10.1105,10.1445,10.1105,10.1445,681
2026-03-18 19:15:00,10.1623,10.1623,10.13,10.13,3945
2026-03-18 19:20:00,10.13,10.13,10.13,10.13,500
2026-03-18 19:25:00,10.12,10.12,10.11,10.11,5013
2026-03-18 19:30:00,10.08,10.08,10.06,10.07,8837
2026-03-18 19:35:00,10.07,10.07,10.07,10.07,3120
2026-03-18 19:40:00,10.05,10.075,10.04,10.04,23205
2026-03-18 19:45:00,10.08,10.08,10.0452,10.08,3050
2026-03-18 19:50:00,10.0601,10.0612,10.0601,10.0612,2179
2026-03-18 19:55:00,10.1,10.16,10.1,10.1271,8574
2026-03-19 04:00:00,10.36,10.43,10.32,10.38,18966
2026-03-19 04:05:00,10.39,10.4,10.34,10.37,16113
2026-03-19 04:10:00,10.39,10.39,10.35,10.38,5839
2026-03-19 04:15:00,10.38,10.4,10.36,10.4,10247
2026-03-19 04:20:00,10.39,10.44,10.37,10.39,5964
2026-03-19 04:25:00,10.41,10.48,10.4,10.47,18768
2026-03-19 04:30:00,10.47,10.52,10.45,10.51,23916
2026-03-19 04:35:00,10.51,10.55,10.49,10.54,19385
2026-03-19 04:40:00,10.53,10.54,10.45,10.51,29242
2026-03-19 04:45:00,10.54,10.55,10.48,10.51,17707
2026-03-19 04:50:00,10.51,10.55,10.49,10.51,15420
2026-03-19 04:55:00,10.49,10.53,10.49,10.51,4556
2026-03-19 05:00:00,10.51,10.51,10.42,10.45,15292
2026-03-19 05:05:00,10.43,10.47,10.41,10.42,11205
2026-03-19 05:10:00,10.41,10.45,10.38,10.43,11452
2026-03-19 05:15:00,10.43,10.46,10.42,10.42,14277
2026-03-19 05:20:00,10.43,10.43,10.31,10.37,32510
2026-03-19 05:25:00,10.37,10.42,10.34,10.38,35592
2026-03-19 05:30:00,10.38,10.4,10.34,10.38,15896
2026-03-19 05:35:00,10.38,10.4,10.31,10.33,13846
2026-03-19 05:40:00,10.35,10.35,10.3,10.32,11839
2026-03-19 05:45:00,10.33,10.34,10.26,10.27,9358
2026-03-19 05:50:00,10.28,10.29,10.24,10.29,35021
2026-03-19 05:55:00,10.285,10.285,10.25,10.28,13354
2026-03-19 06:00:00,10.28,10.31,10.28,10.29,4833
2026-03-19 06:05:00,10.3,10.3,10.29,10.29,870
2026-03-19 06:10:00,10.29,10.34,10.29,10.325,2970
2026-03-19 06:15:00,10.32,10.33,10.3,10.32,15207
2026-03-19 06:20:00,10.32,10.35,10.31,10.325,6161
2026-03-19 06:25:00,10.33,10.34,10.31,10.32,7201
2026-03-19 06:30:00,10.32,10.32,10.31,10.32,2400
2026-03-19 06:35:00,10.32,10.44,10.315,10.44,16710
2026-03-19 06:40:00,10.44,10.45,10.44,10.44,1100
2026-03-19 06:45:00,10.43,10.44,10.41,10.41,9028
2026-03-19 06:50:00,10.41,10.45,10.41,10.44,9280
2026-03-19 06:55:00,10.44,10.47,10.44,10.46,10883
2026-03-19 07:00:00,10.46,10.48,10.41,10.45,23521
2026-03-19 07:05:00,10.44,10.46,10.39,10.42,15774
2026-03-19 07:10:00,10.42,10.43,10.405,10.43,15701
2026-03-19 07:15:00,10.42,10.44,10.4,10.41,14049
2026-03-19 07:20:00,10.42,10.46,10.42,10.45,11680
2026-03-19 07:25:00,10.45,10.45,10.41,10.41,11196
2026-03-19 07:30:00,10.41,10.44,10.41,10.44,3767
2026-03-19 07:35:00,10.45,10.49,10.45,10.49,11967
2026-03-19 07:40:00,10.485,10.55,10.485,10.54,14370
2026-03-19 07:45:00,10.54,10.56,10.53,10.55,5975
2026-03-19 07:50:00,10.56,10.56,10.52,10.54,23343
2026-03-19 07:55:00,10.55,10.55,10.53,10.54,5000
2026-03-19 08:00:00,10.47,10.62,10.08,10.61,504328
2026-03-19 08:05:00,10.61,10.64,10.57,10.6,68204
2026-03-19 08:10:00,10.6,10.62,10.57,10.61,37696
2026-03-19 08:15:00,10.6182,10.67,10.61,10.67,43135
2026-03-19 08:20:00,10.66,10.66,10.63,10.6599,30521
2026-03-19 08:25:00,10.6503,10.72,10.6503,10.715,21950
2026-03-19 08:30:00,10.71,10.75,10.67,10.7098,52017
2026-03-19 08:35:00,10.7,10.7,10.66,10.685,44682
2026-03-19 08:40:00,10.68,10.68,10.64,10.675,18886
2026-03-19 08:45:00,10.6787,10.74,10.6787,10.73,32196
2026-03-19 08:50:00,10.73,10.83,10.73,10.78,149571
2026-03-19 08:55:00,10.76,10.82,10.76,10.8,72045
2026-03-19 09:00:00,10.8,10.86,10.8,10.84,79353
2026-03-19 09:05:00,10.84,10.93,10.84,10.91,72667
2026-03-19 09:10:00,10.91,10.96,10.9,10.9397,56579
2026-03-19 09:15:00,10.94,10.95,10.85,10.86,78069
2026-03-19 09:20:00,10.85,10.92,10.79,10.91,62979
2026-03-19 09:25:00,10.9,10.96,10.87,10.91,32507
2026-03-19 09:30:00,10.9,11.14,10.8,10.98,877118
2026-03-19 09:35:00,10.96,11.18,10.96,11.06,647753
2026-03-19 09:40:00,11.06,11.07,10.65,10.72,702041
2026-03-19 09:45:00,10.73,10.825,10.61,10.6119,533841
2026-03-19 09:50:00,10.62,10.63,10.46,10.46,643220
2026-03-19 09:55:00,10.465,10.55,10.44,10.51,364665
2026-03-19 10:00:00,10.51,10.55,10.41,10.515,363672
2026-03-19 10:05:00,10.51,10.64,10.46,10.625,450786
2026-03-19 10:10:00,10.615,10.68,10.5014,10.615,284033
2026-03-19 10:15:00,10.615,10.79,10.589,10.715,369356
2026-03-19 10:20:00,10.71,10.8,10.68,10.74,326360
2026-03-19 10:25:00,10.73,10.938,10.71,10.905,717383
2026-03-19 10:30:00,10.9,10.9122,10.7299,10.735,334692
2026-03-19 10:35:00,10.74,10.85,10.665,10.82,278134
2026-03-19 10:40:00,10.82,10.82,10.7201,10.7493,136456
2026-03-19 10:45:00,10.74,10.815,10.72,10.765,130603
2026-03-19 10:50:00,10.77,10.77,10.66,10.675,177860
2026-03-19 10:55:00,10.69,10.74,10.64,10.68,78512
2026-03-19 11:00:00,10.665,10.69,10.52,10.53,186824
2026-03-19 11:05:00,10.53,10.53,10.4,10.46,328664
2026-03-19 11:10:00,10.4699,10.54,10.43,10.47,175754
2026-03-19 11:15:00,10.46,10.625,10.405,10.62,147269
2026-03-19 11:20:00,10.61,10.74,10.585,10.7281,233996
2026-03-19 11:25:00,10.7199,10.77,10.66,10.755,152239
2026-03-19 11:30:00,10.76,10.815,10.76,10.8,217246
2026-03-19 11:35:00,10.8,10.865,10.77,10.8,240045
2026-03-19 11:40:00,10.795,10.88,10.79,10.845,201111
2026-03-19 11:45:00,10.84,10.88,10.7551,10.7999,198678
2026-03-19 11:50:00,10.79,10.825,10.705,10.7399,134792
2026-03-19 11:55:00,10.73,10.75,10.6301,10.715,227052
2026-03-19 12:00:00,10.72,10.745,10.63,10.695,174878
2026-03-19 12:05:00,10.7098,10.72,10.66,10.7,153868
2026-03-19 12:10:00,10.71,10.7799,10.6902,10.715,99213
2026-03-19 12:15:00,10.72,10.7999,10.7,10.78,91567
2026-03-19 12:20:00,10.79,10.795,10.7301,10.755,114407
2026-03-19 12:25:00,10.745,10.77,10.725,10.76,73817
2026-03-19 12:30:00,10.77,10.825,10.7501,10.82,40000
2026-03-19 12:35:00,10.83,10.88,10.77,10.77,76578
2026-03-19 12:40:00,10.7699,10.79,10.71,10.77,74536
2026-03-19 12:45:00,10.76,10.815,10.75,10.8,74588
2026-03-19 12:50:00,10.81,10.9299,10.8,10.875,105788
2026-03-19 12:55:00,10.86,10.8999,10.835,10.855,50865
2026-03-19 13:00:00,10.86,10.97,10.83,10.97,94226
2026-03-19 13:05:00,10.97,11.0279,10.9301,11.0,200252
2026-03-19 13:10:00,11.01,11.03,10.94,10.98,129129
2026-03-19 13:15:00,10.98,11.025,10.8706,10.8787,138833
2026-03-19 13:20:00,10.885,10.925,10.78,10.79,117442
2026-03-19 13:25:00,10.785,10.8489,10.78,10.7899,139981
2026-03-19 13:30:00,10.78,10.83,10.755,10.81,65429
2026-03-19 13:35:00,10.815,10.845,10.81,10.815,95352
2026-03-19 13:40:00,10.82,10.845,10.79,10.81,72965
2026-03-19 13:45:00,10.82,10.825,10.755,10.76,82806
2026-03-19 13:50:00,10.76,10.77,10.6314,10.655,147961
2026-03-19 13:55:00,10.66,10.7,10.655,10.7,74056
2026-03-19 14:00:00,10.69,10.71,10.66,10.695,49444
2026-03-19 14:05:00,10.705,10.7099,10.6445,10.675,48271
2026-03-19 14:10:00,10.67,10.675,10.58,10.62,66427
2026-03-19 14:15:00,10.625,10.6499,10.5922,10.6299,73512
2026-03-19 14:20:00,10.62,10.67,10.605,10.6202,63518
2026-03-19 14:25:00,10.635,10.72,10.635,10.7199,65401
2026-03-19 14:30:00,10.725,10.73,10.7,10.73,55594
2026-03-19 14:35:00,10.715,10.765,10.71,10.725,78674
2026-03-19 14:40:00,10.73,10.75,10.72,10.7412,63771
2026-03-19 14:45:00,10.74,10.7599,10.7101,10.735,66521
2026-03-19 14:50:00,10.74,10.76,10.68,10.695,48000
2026-03-19 14:55:00,10.69,10.7099,10.605,10.645,85094
2026-03-19 15:00:00,10.64,10.64,10.43,10.43,244174
2026-03-19 15:05:00,10.425,10.425,10.2887,10.38,360468
2026-03-19 15:10:00,10.39,10.39,10.21,10.26,389112
2026-03-19 15:15:00,10.26,10.33,10.24,10.24,231643
2026-03-19 15:20:00,10.25,10.33,10.25,10.33,138844
2026-03-19 15:25:00,10.335,10.465,10.3301,10.43,272272
2026-03-19 15:30:00,10.44,10.46,10.4,10.45,140088
2026-03-19 15:35:00,10.46,10.54,10.3686,10.37,219536
2026-03-19 15:40:00,10.37,10.4,10.35,10.38,153154
2026-03-19 15:45:00,10.39,10.43,10.35,10.43,100800
2026-03-19 15:50:00,10.435,10.49,10.4,10.43,230644
2026-03-19 15:55:00,10.43,10.5,10.42,10.445,232405
2026-03-19 16:00:00,10.43,10.5,10.43,10.5,56138
2026-03-19 16:05:00,10.48,10.4991,10.4,10.4,5104
2026-03-19 16:10:00,10.4,10.45,10.4,10.44,11731
2026-03-19 16:15:00,10.4176,10.4176,10.38,10.38,5360
2026-03-19 16:20:00,10.38,10.4,10.37,10.4,9105
2026-03-19 16:25:00,10.4,10.4,10.38,10.4,16209
2026-03-19 16:30:00,10.38,10.38,10.38,10.38,977
2026-03-19 16:35:00,10.38,10.38,10.35,10.35,2894
2026-03-19 16:40:00,10.34,10.35,10.33,10.35,5942
2026-03-19 16:45:00,10.34,10.35,10.32,10.3491,2085
2026-03-19 16:50:00,10.34,10.35,10.34,10.35,2377
2026-03-19 16:55:00,10.34,10.35,10.33,10.34,1100
2026-03-19 17:00:00,10.34,10.35,10.34,10.35,1350
2026-03-19 17:05:00,10.35,10.35,10.34,10.34,2166
2026-03-19 17:10:00,10.34,10.3495,10.33,10.33,423
2026-03-19 17:15:00,10.34,10.34,10.34,10.34,2919
2026-03-19 17:20:00,10.34,10.36,10.3397,10.3397,1729
2026-03-19 17:25:00,10.3313,10.349,10.33,10.349,4137
2026-03-19 17:30:00,10.35,10.35,10.34,10.35,2167
2026-03-19 17:35:00,10.36,10.36,10.36,10.36,1800
2026-03-19 17:40:00,10.34,10.34,10.34,10.34,600
2026-03-19 17:45:00,10.36,10.37,10.36,10.37,648
2026-03-19 17:50:00,10.44,10.44,10.36,10.4,3298
2026-03-19 17:55:00,10.37,10.43,10.36,10.37,741
2026-03-19 18:00:00,10.37,10.37,10.36,10.36,3667
2026-03-19 18:05:00,10.38,10.38,10.36,10.36,1036
2026-03-19 18:10:00,10.35,10.35,10.35,10.35,100
2026-03-19 18:15:00,10.3567,10.3629,10.3512,10.3629,1295
2026-03-19 18:20:00,10.3602,10.39,10.3602,10.39,592
2026-03-19 18:25:00,10.4,10.4,10.39,10.39,704
2026-03-19 18:30:00,10.39,10.4,10.37,10.39,5430
2026-03-19 18:35:00,10.44,10.44,10.4322,10.4322,1112
2026-03-19 18:40:00,10.3809,10.48,10.3809,10.3816,2579
2026-03-19 18:45:00,10.44,10.44,10.4002,10.4002,2521
2026-03-19 18:50:00,10.4,10.4489,10.4,10.4489,1100
2026-03-19 18:55:00,10.39,10.4,10.39,10.39,16911
2026-03-19 19:00:00,10.38,10.4,10.36,10.4,2688
2026-03-19 19:05:00,10.35,10.37,10.35,10.37,1000
2026-03-19 19:15:00,10.39,10.41,10.37,10.41,3050
2026-03-19 19:20:00,10.41,10.4393,10.41,10.43,2500
2026-03-19 19:25:00,10.4387,10.4387,10.41,10.41,2123
2026-03-19 19:30:00,10.41,10.43,10.41,10.4295,2763
2026-03-19 19:35:00,10.41,10.45,10.41,10.45,15843
2026-03-19 19:40:00,10.4491,10.45,10.4418,10.4418,9182
2026-03-19 19:45:00,10.44,10.4561,10.43,10.43,1107
2026-03-19 19:50:00,10.4,10.42,10.4,10.4,10239
2026-03-19 19:55:00,10.43,10.44,10.42,10.44,4201
2026-03-20 04:00:00,10.33,10.33,10.21,10.21,20265
2026-03-20 04:05:00,10.2,10.22,10.08,10.08,18675
2026-03-20 04:10:00,10.08,10.09,9.97,9.99,59035
2026-03-20 04:15:00,10.0,10.03,9.99,9.99,18232
2026-03-20 04:20:00,10.0,10.03,9.99,10.0,17076
2026-03-20 04:25:00,9.99,10.07,9.97,10.03,18953
2026-03-20 04:30:00,10.07,10.09,10.04,10.04,8906
2026-03-20 04:35:00,10.04,10.07,10.03,10.06,13189
2026-03-20 04:40:00,10.07,10.08,10.05,10.07,8542
2026-03-20 04:45:00,10.08,10.095,10.06,10.06,23754
2026-03-20 04:50:00,10.055,10.07,10.055,10.07,2680
2026-03-20 04:55:00,10.07,10.1,10.06,10.09,6355
2026-03-20 05:00:00,10.1,10.15,10.1,10.12,12372
2026-03-20 05:05:00,10.12,10.15,10.115,10.13,42082
2026-03-20 05:10:00,10.12,10.15,10.12,10.15,17532
2026-03-20 05:15:00,10.15,10.23,10.15,10.225,10269
2026-03-20 05:20:00,10.225,10.27,10.22,10.27,13784
2026-03-20 05:25:00,10.27,10.27,10.24,10.26,10417
2026-03-20 05:30:00,10.26,10.26,10.2,10.22,11837
2026-03-20 05:35:00,10.21,10.21,10.195,10.2,5599
2026-03-20 05:40:00,10.205,10.28,10.205,10.26,18499
2026-03-20 05:45:00,10.26,10.33,10.26,10.32,21478
2026-03-20 05:50:00,10.32,10.37,10.31,10.37,24303
2026-03-20 05:55:00,10.36,10.37,10.32,10.32,12200
2026-03-20 06:00:00,10.32,10.39,10.32,10.39,7600
2026-03-20 06:05:00,10.395,10.495,10.37,10.48,19668
2026-03-20 06:10:00,10.475,10.52,10.46,10.47,34672
2026-03-20 06:15:00,10.48,10.5,10.46,10.48,24122
2026-03-20 06:20:00,10.49,10.56,10.49,10.51,35286
2026-03-20 06:25:00,10.51,10.52,10.48,10.5,19037
2026-03-20 06:30:00,10.5,10.5,10.42,10.42,12051
2026-03-20 06:35:00,10.42,10.44,10.355,10.37,17823
2026-03-20 06:40:00,10.38,10.39,10.33,10.37,13713
2026-03-20 06:45:00,10.38,10.41,10.37,10.4,8789
2026-03-20 06:50:00,10.395,10.41,10.39,10.4,5800
2026-03-20 06:55:00,10.4,10.41,10.39,10.39,4500
2026-03-20 07:00:00,10.4,10.46,10.36,10.38,29098
2026-03-20 07:05:00,10.38,10.38,10.32,10.33,14750
2026-03-20 07:10:00,10.33,10.34,10.31,10.33,6954
2026-03-20 07:15:00,10.34,10.38,10.34,10.34,5300
2026-03-20 07:20:00,10.35,10.35,10.31,10.35,8240
2026-03-20 07:25:00,10.35,10.35,10.33,10.34,15158
2026-03-20 07:30:00,10.35,10.35,10.32,10.32,3776
2026-03-20 07:35:00,10.33,10.455,10.33,10.45,14400
2026-03-20 07:40:00,10.45,10.45,10.42,10.43,21495
2026-03-20 07:45:00,10.43,10.455,10.43,10.45,13417
2026-03-20 07:50:00,10.45,10.46,10.4,10.4,20980
2026-03-20 07:55:00,10.39,10.39,10.36,10.36,5860
2026-03-20 08:00:00,10.38,10.56,9.9895,10.38,380709
2026-03-20 08:05:00,10.24,10.44,10.22,10.27,29140
2026-03-20 08:10:00,10.27,10.32,10.27,10.32,15230
2026-03-20 08:15:00,10.31,10.34,10.3,10.31,26186
2026-03-20 08:20:00,10.32,10.32,10.29,10.32,5318
2026-03-20 08:25:00,10.33,10.39,10.33,10.355,19341
2026-03-20 08:30:00,10.36,10.41,10.36,10.38,15405
2026-03-20 08:35:00,10.39,10.4,10.37,10.4,12138
2026-03-20 08:40:00,10.4,10.44,10.4,10.4,13326
2026-03-20 08:45:00,10.4,10.42,10.4,10.4,22909
2026-03-20 08:50:00,10.405,10.42,10.39,10.42,11383
2026-03-20 08:55:00,10.42,10.42,10.39,10.39,6209
2026-03-20 09:00:00,10.38,10.41,10.37,10.38,14963
2026-03-20 09:05:00,10.38,10.39,10.29,10.32,77104
2026-03-20 09:10:00,10.33,10.37,10.31,10.32,16258
2026-03-20 09:15:00,10.32,10.33,10.2698,10.27,16994
2026-03-20 09:20:00,10.2798,10.2798,10.22,10.2499,14453
2026-03-20 09:25:00,10.23,10.33,10.21,10.22,42522
2026-03-20 09:30:00,10.225,10.7513,10.225,10.73,577385
2026-03-20 09:35:00,10.74,10.77,10.59,10.7,402313
2026-03-20 09:40:00,10.7,10.76,10.51,10.63,424489
2026-03-20 09:45:00,10.625,10.65,10.52,10.52,291866
2026-03-20 09:50:00,10.52,10.855,10.52,10.81,393959
2026-03-20 09:55:00,10.8,10.92,10.74,10.85,293463
2026-03-20 10:00:00,10.86,10.925,10.795,10.825,345158
2026-03-20 10:05:00,10.84,10.925,10.72,10.8399,226866
2026-03-20 10:10:00,10.8399,10.99,10.79,10.975,284127
2026-03-20 10:15:00,10.97,10.97,10.84,10.87,302314
2026-03-20 10:20:00,10.87,10.915,10.81,10.815,236604
2026-03-20 10:25:00,10.82,10.85,10.74,10.75,255133
2026-03-20 10:30:00,10.74,10.74,10.56,10.6101,298344
2026-03-20 10:35:00,10.61,10.68,10.52,10.54,369359
2026-03-20 10:40:00,10.55,10.56,10.4618,10.53,178108
2026-03-20 10:45:00,10.525,10.5679,10.48,10.55,155540
2026-03-20 10:50:00,10.55,10.68,10.5402,10.645,262009
2026-03-20 10:55:00,10.65,10.65,10.525,10.615,180963
2026-03-20 11:00:00,10.61,10.685,10.51,10.65,130593
2026-03-20 11:05:00,10.6599,10.76,10.6,10.715,242881
2026-03-20 11:10:00,10.71,10.7117,10.62,10.625,129117
2026-03-20 11:15:00,10.62,10.79,10.62,10.78,179126
2026-03-20 11:20:00,10.7804,10.8,10.55,10.67,254745
2026-03-20 11:25:00,10.6797,10.715,10.67,10.69,153248
2026-03-20 11:30:00,10.69,10.7,10.605,10.63,142337
2026-03-20 11:35:00,10.635,10.695,10.55,10.6,97379
2026-03-20 11:40:00,10.615,10.64,10.57,10.625,90481
2026-03-20 11:45:00,10.615,10.66,10.58,10.62,76195
2026-03-20 11:50:00,10.62,10.7,10.615,10.63,69538
2026-03-20 11:55:00,10.64,10.665,10.525,10.53,141170
2026-03-20 12:00:00,10.53,10.53,10.45,10.4506,96293
2026-03-20 12:05:00,10.45,10.56,10.435,10.495,185760
2026-03-20 12:10:00,10.5,10.5497,10.465,10.5399,79977
2026-03-20 12:15:00,10.5401,10.5999,10.51,10.525,57951
2026-03-20 12:20:00,10.515,10.59,10.5,10.53,82077
2026-03-20 12:25:00,10.56,10.61,10.53,10.5401,73853
2026-03-20 12:30:00,10.54,10.6782,10.54,10.6205,151494
2026-03-20 12:35:00,10.62,10.74,10.615,10.7,101055
2026-03-20 12:40:00,10.695,10.72,10.685,10.715,73734
2026-03-20 12:45:00,10.715,10.74,10.695,10.7,128456
2026-03-20 12:50:00,10.7006,10.76,10.665,10.68,80359
2026-03-20 12:55:00,10.685,10.685,10.565,10.615,58389
2026-03-20 13:00:00,10.625,10.625,10.595,10.62,27108
2026-03-20 13:05:00,10.62,10.74,10.61,10.665,153397
2026-03-20 13:10:00,10.67,10.78,10.66,10.75,73518
2026-03-20 13:15:00,10.74,10.79,10.695,10.76,77549
2026-03-20 13:20:00,10.76,10.7797,10.7398,10.7797,54521
2026-03-20 13:25:00,10.78,10.8096,10.77,10.78,75791
2026-03-20 13:30:00,10.78,10.815,10.755,10.79,86005
2026-03-20 13:35:00,10.78,10.88,10.76,10.82,113056
2026-03-20 13:40:00,10.83,10.9,10.81,10.88,80694
2026-03-20 13:45:00,10.88,10.92,10.86,10.915,65820
2026-03-20 13:50:00,10.91,10.925,10.85,10.8691,96062
2026-03-20 13:55:00,10.8516,10.87,10.745,10.77,86882
2026-03-20 14:00:00,10.755,10.7901,10.74,10.74,100990
2026-03-20 14:05:00,10.73,10.75,10.67,10.72,72527
2026-03-20 14:10:00,10.74,10.7699,10.675,10.68,69460
2026-03-20 14:15:00,10.67,10.7298,10.66,10.7199,85663
2026-03-20 14:20:00,10.699,10.87,10.675,10.8592,122997
2026-03-20 14:25:00,10.85,10.9301,10.81,10.89,104504
2026-03-20 14:30:00,10.9,10.9417,10.87,10.91,97876
2026-03-20 14:35:00,10.9102,10.9997,10.9102,10.975,103493
2026-03-20 14:40:00,10.975,10.98,10.9,10.955,68887
2026-03-20 14:45:00,10.95,11.02,10.93,11.0,165166
2026-03-20 14:50:00,11.0,11.0192,10.96,10.985,43722
2026-03-20 14:55:00,10.99,11.05,10.98,11.015,51445
2026-03-20 15:00:00,11.0,11.0,10.885,10.965,111823
2026-03-20 15:05:00,10.97,11.0177,10.93,10.9807,59774
2026-03-20 15:10:00,10.985,11.05,10.95,10.97,80973
2026-03-20 15:15:00,10.97,10.98,10.9014,10.91,81518
2026-03-20 15:20:00,10.91,10.93,10.87,10.93,63714
2026-03-20 15:25:00,10.93,10.94,10.87,10.9,64825
2026-03-20 15:30:00,10.89,10.95,10.83,10.93,104081
2026-03-20 15:35:00,10.93,10.99,10.91,10.96,95509
2026-03-20 15:40:00,10.955,10.97,10.855,10.86,102151
2026-03-20 15:45:00,10.86,10.95,10.86,10.945,131743
2026-03-20 15:50:00,10.945,10.95,10.78,10.78,437684
2026-03-20 15:55:00,10.79,10.84,10.77,10.82,321937
2026-03-20 16:00:00,10.8,10.89,10.8,10.85,18826
2026-03-20 16:05:00,10.83,10.84,10.8014,10.84,8297
2026-03-20 16:10:00,10.83,10.831,10.82,10.831,6962
2026-03-20 16:15:00,10.8319,10.85,10.81,10.85,19086
2026-03-20 16:20:00,10.84,10.84,10.82,10.84,7928
2026-03-20 16:25:00,10.83,10.84,10.83,10.83,10261
2026-03-20 16:30:00,10.83,10.85,10.83,10.8479,3741
2026-03-20 16:35:00,10.87,10.879,10.83,10.83,2330
2026-03-20 16:40:00,10.83,10.85,10.83,10.84,3334
2026-03-20 16:45:00,10.83,10.85,10.83,10.83,4057
2026-03-20 16:50:00,10.8203,10.8203,10.81,10.82,5185
2026-03-20 16:55:00,10.82,10.83,10.82,10.82,5125
2026-03-20 17:00:00,10.81,10.81,10.8,10.81,2978
2026-03-20 17:05:00,10.8261,10.8261,10.82,10.82,450
2026-03-20 17:10:00,10.8147,10.8147,10.79,10.79,1227
2026-03-20 17:15:00,10.79,10.81,10.73,10.76,12031
2026-03-20 17:20:00,10.7503,10.79,10.75,10.75,9950
2026-03-20 17:25:00,10.74,10.76,10.73,10.75,1591
2026-03-20 17:30:00,10.73,10.73,10.73,10.73,23978
2026-03-20 17:35:00,10.7004,10.74,10.69,10.69,7270
2026-03-20 17:40:00,10.72,10.8027,10.7018,10.8027,4999
2026-03-20 17:45:00,10.7,10.74,10.7,10.7384,1608
2026-03-20 17:50:00,10.71,10.71,10.7,10.71,3791
2026-03-20 17:55:00,10.7,10.7006,10.7,10.7006,5500
2026-03-20 18:00:00,10.6904,10.6904,10.6816,10.6816,2350
2026-03-20 18:05:00,10.69,10.69,10.66,10.66,12615
2026-03-20 18:10:00,10.66,10.66,10.63,10.63,391
2026-03-20 18:15:00,10.6589,10.6589,10.6,10.6,1494
2026-03-20 18:20:00,10.6,10.66,10.6,10.62,3911
2026-03-20 18:25:00,10.6,10.62,10.6,10.61,3698
2026-03-20 18:30:00,10.65,10.67,10.65,10.67,1347
2026-03-20 18:35:00,10.66,10.66,10.65,10.65,376
2026-03-20 18:40:00,10.62,10.63,10.62,10.63,2391
2026-03-20 18:45:00,10.63,10.63,10.63,10.63,1735
2026-03-20 18:50:00,10.63,10.63,10.62,10.62,1811
2026-03-20 18:55:00,10.62,10.62,10.6001,10.62,5520
2026-03-20 19:00:00,10.63,10.63,10.62,10.62,1175
2026-03-20 19:05:00,10.65,10.66,10.65,10.66,2468
2026-03-20 19:15:00,10.67,10.68,10.6699,10.6699,2291
2026-03-20 19:20:00,10.66,10.66,10.66,10.66,569
2026-03-20 19:25:00,10.69,10.69,10.68,10.68,514
2026-03-20 19:30:00,10.6751,10.6751,10.6751,10.6751,116
2026-03-20 19:35:00,10.6702,10.6702,10.66,10.6695,2129
2026-03-20 19:40:00,10.66,10.66,10.65,10.65,3918
2026-03-20 19:45:00,10.66,10.67,10.63,10.67,7022
2026-03-20 19:50:00,10.65,10.65,10.6201,10.65,17549
2026-03-20 19:55:00,10.65,10.66,10.63,10.6461,9200
2026-03-23 04:00:00,11.45,11.55,11.33,11.39,32404
2026-03-23 04:05:00,11.38,11.4,11.27,11.3,28317
2026-03-23 04:10:00,11.3,11.39,11.2,11.21,30293
2026-03-23 04:15:00,11.21,11.31,11.19,11.29,18747
2026-03-23 04:20:00,11.28,11.32,11.26,11.29,11908
2026-03-23 04:25:00,11.29,11.31,11.28,11.31,8388
2026-03-23 04:30:00,11.32,11.34,11.2,11.23,23980
2026-03-23 04:35:00,11.245,11.29,11.23,11.27,6865
2026-03-23 04:40:00,11.27,11.28,11.22,11.28,7078
2026-03-23 04:45:00,11.27,11.3,11.26,11.29,12121
2026-03-23 04:50:00,11.3,11.32,11.28,11.32,10377
2026-03-23 04:55:00,11.33,11.36,11.3,11.33,10208
2026-03-23 05:00:00,11.33,11.39,11.33,11.36,12393
2026-03-23 05:05:00,11.38,11.4,11.36,11.36,6176
2026-03-23 05:10:00,11.36,11.36,11.33,11.33,15395
2026-03-23 05:15:00,11.33,11.34,11.31,11.32,4800
2026-03-23 05:20:00,11.34,11.35,11.29,11.35,11650
2026-03-23 05:25:00,11.37,11.39,11.34,11.35,4441
2026-03-23 05:30:00,11.36,11.47,11.35,11.46,5865
2026-03-23 05:35:00,11.47,11.53,11.46,11.46,20811
2026-03-23 05:40:00,11.46,11.46,11.41,11.45,12988
2026-03-23 05:45:00,11.43,11.45,11.41,11.45,10340
2026-03-23 05:50:00,11.44,11.47,11.43,11.45,9118
2026-03-23 05:55:00,11.46,11.46,11.4,11.4,7991
2026-03-23 06:00:00,11.4,11.43,11.38,11.38,7354
2026-03-23 06:05:00,11.37,11.4,11.31,11.32,15287
2026-03-23 06:10:00,11.32,11.36,11.31,11.36,11232
2026-03-23 06:15:00,11.37,11.4,11.37,11.39,6147
2026-03-23 06:20:00,11.4,11.45,11.4,11.445,13638
2026-03-23 06:25:00,11.44,11.45,11.39,11.44,8789
2026-03-23 06:30:00,11.44,11.45,11.425,11.44,5760
2026-03-23 06:35:00,11.44,11.45,11.4,11.45,7238
2026-03-23 06:40:00,11.5,11.51,11.42,11.42,12471
2026-03-23 06:45:00,11.43,11.5,11.42,11.5,10825
2026-03-23 06:50:00,11.47,11.48,11.3,11.36,38439
2026-03-23 06:55:00,11.36,11.36,11.33,11.34,7056
2026-03-23 07:00:00,11.34,11.4,11.29,11.34,36554
2026-03-23 07:05:00,11.33,11.33,10.24,10.25,404538
2026-03-23 07:10:00,10.25,10.38,10.05,10.16,286764
2026-03-23 07:15:00,10.12,10.4,10.06,10.39,111526
2026-03-23 07:20:00,10.39,10.65,10.28,10.51,126898
2026-03-23 07:25:00,10.5,10.62,10.39,10.44,67569
2026-03-23 07:30:00,10.45,10.45,10.22,10.26,29069
2026-03-23 07:35:00,10.3,10.5,10.29,10.43,26197
2026-03-23 07:40:00,10.44,10.61,10.43,10.58,52619
2026-03-23 07:45:00,10.57,10.82,10.57,10.71,67210
2026-03-23 07:50:00,10.72,10.86,10.66,10.69,58800
2026-03-23 07:55:00,10.68,10.83,10.65,10.69,98092
2026-03-23 08:00:00,10.63,11.71,10.06,10.73,861812
2026-03-23 08:05:00,10.72,11.69,10.62,10.64,133637
2026-03-23 08:10:00,10.63,10.68,10.57,10.68,63474
2026-03-23 08:15:00,10.67,10.69,10.47,10.48,51207
2026-03-23 08:20:00,10.48,10.5581,10.4301,10.5581,31217
2026-03-23 08:25:00,10.55,10.57,10.49,10.52,24165
2026-03-23 08:30:00,10.54,10.66,10.53,10.56,78754
2026-03-23 08:35:00,10.54,10.56,10.42,10.5403,41543
2026-03-23 08:40:00,10.54,10.62,10.23,10.24,179988
2026-03-23 08:45:00,10.24,10.3,10.19,10.22,83436
2026-03-23 08:50:00,10.22,10.34,10.19,10.32,47498
2026-03-23 08:55:00,10.32,10.36,10.28,10.31,30369
2026-03-23 09:00:00,10.31,10.4,10.25,10.38,37137
2026-03-23 09:05:00,10.3799,10.46,10.32,10.34,40304
2026-03-23 09:10:00,10.34,10.46,10.3,10.37,57146
2026-03-23 09:15:00,10.36,10.41,10.33,10.41,41908
2026-03-23 09:20:00,10.42,10.47,10.38,10.44,22725
2026-03-23 09:25:00,10.45,10.47,10.32,10.36,49343
2026-03-23 09:30:00,10.35,10.61,10.265,10.53,354736
2026-03-23 09:35:00,10.52,10.59,10.38,10.38,290744
2026-03-23 09:40:00,10.37,10.425,10.185,10.3,311239
2026-03-23 09:45:00,10.3,10.41,10.26,10.335,265638
2026-03-23 09:50:00,10.345,10.375,10.16,10.36,215342
2026-03-23 09:55:00,10.37,10.42,10.16,10.16,214874
2026-03-23 10:00:00,10.16,10.29,10.15,10.24,200942
2026-03-23 10:05:00,10.25,10.33,10.19,10.2301,218818
2026-03-23 10:10:00,10.235,10.31,10.175,10.29,178494
2026-03-23 10:15:00,10.265,10.28,10.185,10.26,118487
2026-03-23 10:20:00,10.25,10.34,10.225,10.295,140910
2026-03-23 10:25:00,10.3,10.455,10.27,10.375,137509
2026-03-23 10:30:00,10.38,10.4699,10.36,10.455,135570
2026-03-23 10:35:00,10.4597,10.475,10.375,10.39,165378
2026-03-23 10:40:00,10.405,10.44,10.29,10.36,191906
2026-03-23 10:45:00,10.36,10.43,10.265,10.415,157158
2026-03-23 10:50:00,10.415,10.55,10.415,10.46,190524
2026-03-23 10:55:00,10.45,10.455,10.34,10.37,145574
2026-03-23 11:00:00,10.35,10.365,10.185,10.225,153866
2026-03-23 11:05:00,10.23,10.27,10.18,10.24,106710
2026-03-23 11:10:00,10.25,10.295,10.2299,10.29,82106
2026-03-23 11:15:00,10.29,10.502,10.275,10.47,184032
2026-03-23 11:20:00,10.48,10.6,10.42,10.46,187141
2026-03-23 11:25:00,10.4693,10.52,10.4406,10.5,80762
2026-03-23 11:30:00,10.505,10.595,10.47,10.5825,123960
2026-03-23 11:35:00,10.59,10.6597,10.525,10.63,140689
2026-03-23 11:40:00,10.63,10.74,10.63,10.685,165694
2026-03-23 11:45:00,10.69,10.765,10.6,10.645,140071
2026-03-23 11:50:00,10.65,10.84,10.63,10.84,168472
2026-03-23 11:55:00,10.835,10.98,10.835,10.9597,167716
2026-03-23 12:00:00,10.95,10.995,10.86,10.955,172116
2026-03-23 12:05:00,10.96,10.99,10.81,10.825,103534
2026-03-23 12:10:00,10.83,10.85,10.64,10.655,82620
2026-03-23 12:15:00,10.65,10.83,10.645,10.825,120811
2026-03-23 12:20:00,10.83,10.89,10.79,10.84,141873
2026-03-23 12:25:00,10.85,10.95,10.85,10.95,62559
2026-03-23 12:30:00,10.96,10.97,10.83,10.83,152472
2026-03-23 12:35:00,10.81,10.865,10.74,10.855,111988
2026-03-23 12:40:00,10.855,10.9,10.805,10.81,107748
2026-03-23 12:45:00,10.82,10.8293,10.7599,10.77,80040
2026-03-23 12:50:00,10.77,10.875,10.755,10.8251,142077
2026-03-23 12:55:00,10.8,10.9436,10.8,10.93,93002
2026-03-23 13:00:00,10.93,10.975,10.88,10.91,81494
2026-03-23 13:05:00,10.905,10.975,10.9,10.93,73733
2026-03-23 13:10:00,10.94,10.975,10.91,10.975,57888
2026-03-23 13:15:00,10.98,11.055,10.93,11.03,88885
2026-03-23 13:20:00,11.03,11.09,11.02,11.03,66237
2026-03-23 13:25:00,11.04,11.04,10.915,10.965,62223
2026-03-23 13:30:00,10.9751,10.9751,10.8,10.8,151035
2026-03-23 13:35:00,10.78,10.785,10.6999,10.74,100727
2026-03-23 13:40:00,10.745,10.8,10.725,10.76,124009
2026-03-23 13:45:00,10.76,10.78,10.7,10.73,98959
2026-03-23 13:50:00,10.705,10.72,10.615,10.615,110897
2026-03-23 13:55:00,10.6101,10.625,10.54,10.55,94504
2026-03-23 14:00:00,10.55,10.5795,10.505,10.52,72468
2026-03-23 14:05:00,10.535,10.76,10.535,10.705,177809
2026-03-23 14:10:00,10.7,10.7,10.595,10.685,36376
2026-03-23 14:15:00,10.685,10.71,10.61,10.62,35560
2026-03-23 14:20:00,10.62,10.635,10.58,10.58,58096
2026-03-23 14:25:00,10.575,10.6699,10.57,10.655,74491
2026-03-23 14:30:00,10.645,10.645,10.515,10.515,76052
2026-03-23 14:35:00,10.51,10.51,10.43,10.436,100559
2026-03-23 14:40:00,10.42,10.4871,10.42,10.455,108046
2026-03-23 14:45:00,10.455,10.485,10.39,10.395,67224
2026-03-23 14:50:00,10.395,10.5573,10.395,10.535,68299
2026-03-23 14:55:00,10.5,10.53,10.46,10.47,88268
2026-03-23 15:00:00,10.47,10.495,10.42,10.425,65255
2026-03-23 15:05:00,10.415,10.52,10.39,10.4499,100060
2026-03-23 15:10:00,10.445,10.49,10.425,10.465,79190
2026-03-23 15:15:00,10.46,10.495,10.43,10.44,88072
2026-03-23 15:20:00,10.44,10.46,10.39,10.39,50181
2026-03-23 15:25:00,10.3812,10.4,10.35,10.37,67683
2026-03-23 15:30:00,10.365,10.43,10.35,10.4,84896
2026-03-23 15:35:00,10.389,10.415,10.375,10.39,42560
2026-03-23 15:40:00,10.39,10.44,10.38,10.4,100688
2026-03-23 15:45:00,10.395,10.42,10.3735,10.405,76626
2026-03-23 15:50:00,10.41,10.44,10.365,10.37,124824
2026-03-23 15:55:00,10.365,10.4635,10.365,10.43,169256
2026-03-23 16:00:00,10.44,10.5195,10.38,10.49,59977
2026-03-23 16:05:00,10.49,10.5,10.48,10.4808,15883
2026-03-23 16:10:00,10.4661,10.4661,10.4421,10.4421,3400
2026-03-23 16:15:00,10.42,10.45,10.42,10.45,2585
2026-03-23 16:20:00,10.45,10.45,10.44,10.44,3332
2026-03-23 16:25:00,10.44,10.45,10.44,10.45,2294
2026-03-23 16:30:00,10.4497,10.4497,10.44,10.44,200
2026-03-23 16:35:00,10.43,10.43,10.41,10.41,9411
2026-03-23 16:40:00,10.43,10.43,10.42,10.42,3462
2026-03-23 16:45:00,10.41,10.45,10.41,10.45,5425
2026-03-23 16:50:00,10.4507,10.4507,10.4507,10.4507,226
2026-03-23 16:55:00,10.43,10.43,10.4201,10.4201,1073
2026-03-23 17:00:00,10.42,10.42,10.42,10.42,2100
2026-03-23 17:05:00,10.42,10.42,10.42,10.42,300
2026-03-23 17:15:00,10.4386,10.44,10.42,10.43,5399
2026-03-23 17:20:00,10.43,10.43,10.43,10.43,124
2026-03-23 17:25:00,10.44,10.45,10.44,10.45,2870
2026-03-23 17:30:00,10.43,10.44,10.43,10.44,1371
2026-03-23 17:35:00,10.4303,10.4399,10.4303,10.4399,1076
2026-03-23 17:40:00,10.435,10.435,10.42,10.43,4819
2026-03-23 17:50:00,10.4397,10.4397,10.4397,10.4397,100
2026-03-23 17:55:00,10.431,10.44,10.431,10.44,3200
2026-03-23 18:00:00,10.44,10.45,10.43,10.45,3000
2026-03-23 18:05:00,10.46,10.49,10.46,10.49,200
2026-03-23 18:10:00,10.48,10.5,10.48,10.5,9722
2026-03-23 18:15:00,10.5,10.5,10.5,10.5,283
2026-03-23 18:20:00,10.4835,10.4835,10.48,10.48,402
2026-03-23 18:25:00,10.48,10.48,10.44,10.44,1939
2026-03-23 18:30:00,10.48,10.5,10.45,10.45,4043
2026-03-23 18:35:00,10.45,10.45,10.45,10.45,105
2026-03-23 18:40:00,10.4691,10.4691,10.46,10.46,809
2026-03-23 18:45:00,10.45,10.4699,10.45,10.4699,5890
2026-03-23 18:50:00,10.46,10.46,10.41,10.41,15272
2026-03-23 18:55:00,10.4,10.42,10.4,10.42,2572
2026-03-23 19:00:00,10.43,10.43,10.43,10.43,350
2026-03-23 19:15:00,10.46,10.5,10.46,10.4948,13904
2026-03-23 19:20:00,10.48,10.49,10.48,10.49,3600
2026-03-23 19:25:00,10.47,10.47,10.4406,10.4408,1545
2026-03-23 19:45:00,10.45,10.45,10.44,10.44,7385
2026-03-23 19:50:00,10.44,10.46,10.43,10.43,650
2026-03-23 19:55:00,10.42,10.4201,10.37,10.37,3465
2026-03-24 04:00:00,10.37,10.41,10.3,10.32,12972
2026-03-24 04:05:00,10.32,10.32,10.28,10.3,6860
2026-03-24 04:10:00,10.3,10.32,10.28,10.3,8161
2026-03-24 04:15:00,10.31,10.4,10.31,10.4,12496
2026-03-24 04:20:00,10.4,10.4,10.36,10.39,2240
2026-03-24 04:25:00,10.39,10.42,10.39,10.41,9505
2026-03-24 04:30:00,10.41,10.47,10.4,10.42,12455
2026-03-24 04:35:00,10.42,10.43,10.365,10.38,13387
2026-03-24 04:40:00,10.39,10.42,10.37,10.39,5210
2026-03-24 04:45:00,10.385,10.4,10.36,10.4,3830
2026-03-24 04:50:00,10.39,10.42,10.37,10.4,11663
2026-03-24 04:55:00,10.43,10.44,10.41,10.41,5929
2026-03-24 05:00:00,10.42,10.42,10.38,10.38,2908
2026-03-24 05:05:00,10.39,10.45,10.39,10.445,4057
2026-03-24 05:10:00,10.44,10.49,10.43,10.49,19989
2026-03-24 05:15:00,10.48,10.49,10.42,10.42,14198
2026-03-24 05:20:00,10.43,10.46,10.42,10.455,2720
2026-03-24 05:25:00,10.45,10.46,10.42,10.42,11675
2026-03-24 05:30:00,10.42,10.44,10.42,10.43,6070
2026-03-24 05:35:00,10.43,10.43,10.42,10.42,4003
2026-03-24 05:40:00,10.4,10.4,10.33,10.34,13261
2026-03-24 05:45:00,10.34,10.37,10.34,10.35,5430
2026-03-24 05:50:00,10.35,10.37,10.32,10.33,6966
2026-03-24 05:55:00,10.33,10.33,10.25,10.29,23160
2026-03-24 06:00:00,10.3,10.34,10.3,10.32,6165
2026-03-24 06:05:00,10.32,10.32,10.29,10.29,6751
2026-03-24 06:10:00,10.29,10.31,10.28,10.3,6310
2026-03-24 06:15:00,10.3,10.34,10.3,10.32,9422
2026-03-24 06:20:00,10.33,10.33,10.31,10.32,2810
2026-03-24 06:25:00,10.34,10.37,10.34,10.37,3576
2026-03-24 06:30:00,10.37,10.375,10.34,10.375,10303
2026-03-24 06:35:00,10.37,10.37,10.32,10.32,7198
2026-03-24 06:40:00,10.31,10.34,10.31,10.31,15573
2026-03-24 06:45:00,10.32,10.36,10.32,10.35,7950
2026-03-24 06:50:00,10.34,10.34,10.33,10.34,4294
2026-03-24 06:55:00,10.33,10.33,10.32,10.32,12499
2026-03-24 07:00:00,10.32,10.41,10.32,10.4,21104
2026-03-24 07:05:00,10.39,10.4,10.32,10.33,13660
2026-03-24 07:10:00,10.32,10.36,10.31,10.34,12979
2026-03-24 07:15:00,10.35,10.4,10.34,10.37,14723
2026-03-24 07:20:00,10.38,10.39,10.38,10.39,2759
2026-03-24 07:25:00,10.39,10.41,10.38,10.38,6399
2026-03-24 07:30:00,10.39,10.39,10.37,10.38,6838
2026-03-24 07:35:00,10.37,10.38,10.34,10.35,6097
2026-03-24 07:40:00,10.35,10.35,10.33,10.34,2892
2026-03-24 07:45:00,10.34,10.34,10.27,10.31,49557
2026-03-24 07:50:00,10.31,10.45,10.31,10.4,99275
2026-03-24 07:55:00,10.4,10.4,10.36,10.36,17603
2026-03-24 08:00:00,10.41,10.67,10.25,10.38,269934
2026-03-24 08:05:00,10.4,10.6,10.34,10.4097,24128
2026-03-24 08:10:00,10.41,10.44,10.39,10.42,16728
2026-03-24 08:15:00,10.4179,10.44,10.41,10.41,18478
2026-03-24 08:20:00,10.42,10.42,10.39,10.4,6530
2026-03-24 08:25:00,10.4,10.41,10.36,10.39,11425
2026-03-24 08:30:00,10.4,10.49,10.4,10.47,24489
2026-03-24 08:35:00,10.47,10.5,10.46,10.48,34532
2026-03-24 08:40:00,10.4711,10.5,10.46,10.5,30364
2026-03-24 08:45:00,10.49,10.49,10.47,10.49,21332
2026-03-24 08:50:00,10.48,10.48,10.42,10.44,33348
2026-03-24 08:55:00,10.43,10.46,10.43,10.46,11927
2026-03-24 09:00:00,10.47,10.47,10.41,10.46,6324
2026-03-24 09:05:00,10.44,10.58,10.44,10.55,48542
2026-03-24 09:10:00,10.54,10.55,10.49,10.51,15512
2026-03-24 09:15:00,10.51,10.56,10.5,10.56,19049
2026-03-24 09:20:00,10.56,10.58,10.48,10.5,57524
2026-03-24 09:25:00,10.5,10.5,10.34,10.36,48269
2026-03-24 09:30:00,10.355,10.55,10.17,10.245,392871
2026-03-24 09:35:00,10.245,10.36,10.15,10.33,327377
2026-03-24 09:40:00,10.35,10.43,10.31,10.37,411760
2026-03-24 09:45:00,10.375,10.639,10.32,10.595,355119
2026-03-24 09:50:00,10.6,10.705,10.53,10.64,384299
2026-03-24 09:55:00,10.6301,10.69,10.53,10.545,259722
2026-03-24 10:00:00,10.55,10.5601,10.3523,10.3699,253230
2026-03-24 10:05:00,10.35,10.43,10.23,10.29,244399
2026-03-24 10:10:00,10.29,10.77,10.275,10.595,406648
2026-03-24 10:15:00,10.59,10.75,10.56,10.695,235306
2026-03-24 10:20:00,10.7,10.78,10.675,10.7201,154922
2026-03-24 10:25:00,10.73,10.765,10.645,10.715,158940
2026-03-24 10:30:00,10.71,10.745,10.5702,10.575,148484
2026-03-24 10:35:00,10.57,10.64,10.52,10.631,190314
2026-03-24 10:40:00,10.63,10.68,10.6,10.605,179519
2026-03-24 10:45:00,10.595,10.7,10.58,10.69,230255
2026-03-24 10:50:00,10.69,10.835,10.49,10.62,603112
2026-03-24 10:55:00,10.63,10.72,10.5603,10.62,274034
2026-03-24 11:00:00,10.619,10.64,10.48,10.595,195524
2026-03-24 11:05:00,10.595,10.7099,10.565,10.69,157363
2026-03-24 11:10:00,10.67,10.7497,10.62,10.665,107953
2026-03-24 11:15:00,10.67,10.735,10.64,10.7,108941
2026-03-24 11:20:00,10.695,10.72,10.605,10.62,142713
2026-03-24 11:25:00,10.625,10.7001,10.57,10.7001,223367
2026-03-24 11:30:00,10.7,10.92,10.69,10.825,286077
2026-03-24 11:35:00,10.8399,10.84,10.66,10.6799,107469
2026-03-24 11:40:00,10.68,10.7,10.64,10.645,77862
2026-03-24 11:45:00,10.645,10.695,10.62,10.675,148474
2026-03-24 11:50:00,10.67,10.67,10.54,10.615,137500
2026-03-24 11:55:00,10.61,10.745,10.61,10.74,143749
2026-03-24 12:00:00,10.74,10.77,10.71,10.71,97822
2026-03-24 12:05:00,10.71,10.735,10.65,10.735,81938
2026-03-24 12:10:00,10.73,10.735,10.68,10.698,66366
2026-03-24 12:15:00,10.71,10.7401,10.575,10.58,110691
2026-03-24 12:20:00,10.59,10.64,10.555,10.585,114980
2026-03-24 12:25:00,10.59,10.65,10.5786,10.58,143638
2026-03-24 12:30:00,10.575,10.63,10.57,10.595,48683
2026-03-24 12:35:00,10.6,10.745,10.58,10.7317,131740
2026-03-24 12:40:00,10.73,10.74,10.6202,10.63,58640
2026-03-24 12:45:00,10.61,10.65,10.57,10.615,85230
2026-03-24 12:50:00,10.62,10.625,10.555,10.585,83233
2026-03-24 12:55:00,10.6,10.745,10.59,10.73,200216
2026-03-24 13:00:00,10.7187,10.78,10.63,10.77,83548
2026-03-24 13:05:00,10.7706,10.92,10.77,10.91,137697
2026-03-24 13:10:00,10.9101,10.965,10.89,10.92,139717
2026-03-24 13:15:00,10.915,10.985,10.9,10.96,83537
2026-03-24 13:20:00,10.95,10.955,10.87,10.9,93696
2026-03-24 13:25:00,10.9,11.005,10.895,10.98,92545
2026-03-24 13:30:00,10.975,10.985,10.885,10.955,57234
2026-03-24 13:35:00,10.96,10.985,10.9,10.91,87469
2026-03-24 13:40:00,10.91,11.01,10.905,10.985,90361
2026-03-24 13:45:00,10.99,10.99,10.9,10.91,42038
2026-03-24 13:50:00,10.92,10.96,10.82,10.92,152936
2026-03-24 13:55:00,10.93,10.9409,10.79,10.8,201529
2026-03-24 14:00:00,10.8,10.8199,10.74,10.76,112253
2026-03-24 14:05:00,10.78,10.82,10.755,10.8,117567
2026-03-24 14:10:00,10.8,10.8,10.6801,10.695,68243
2026-03-24 14:15:00,10.69,10.74,10.65,10.65,124293
2026-03-24 14:20:00,10.65,10.69,10.5817,10.62,164855
2026-03-24 14:25:00,10.625,10.68,10.6,10.675,87216
2026-03-24 14:30:00,10.665,10.67,10.53,10.58,104946
2026-03-24 14:35:00,10.58,10.58,10.44,10.44,118767
2026-03-24 14:40:00,10.45,10.625,10.449,10.57,129003
2026-03-24 14:45:00,10.5601,10.595,10.525,10.58,95829
2026-03-24 14:50:00,10.57,10.6085,10.55,10.57,124191
2026-03-24 14:55:00,10.57,10.66,10.56,10.65,121028
2026-03-24 15:00:00,10.65,10.655,10.545,10.62,60093
2026-03-24 15:05:00,10.625,10.625,10.52,10.55,52231
2026-03-24 15:10:00,10.545,10.64,10.535,10.58,56298
2026-03-24 15:15:00,10.58,10.59,10.55,10.575,41778
2026-03-24 15:20:00,10.575,10.6,10.495,10.535,128504
2026-03-24 15:25:00,10.535,10.625,10.53,10.625,66753
2026-03-24 15:30:00,10.63,10.72,10.61,10.695,124444
2026-03-24 15:35:00,10.695,10.75,10.675,10.71,82299
2026-03-24 15:40:00,10.71,10.715,10.63,10.65,78929
2026-03-24 15:45:00,10.65,10.71,10.65,10.7,71135
2026-03-24 15:50:00,10.695,10.78,10.67,10.71,172815
2026-03-24 15:55:00,10.7,10.74,10.655,10.71,148452
2026-03-24 16:00:00,10.7,10.74,10.7,10.73,9986
2026-03-24 16:05:00,10.73,10.76,10.72,10.7442,26856
2026-03-24 16:10:00,10.75,10.751,10.73,10.73,18500
2026-03-24 16:15:00,10.7399,10.74,10.73,10.73,3272
2026-03-24 16:20:00,10.72,10.74,10.61,10.63,21095
2026-03-24 16:25:00,10.58,10.67,10.49,10.66,52024
2026-03-24 16:30:00,10.62,10.63,10.56,10.6,9511
2026-03-24 16:35:00,10.59,10.59,10.47,10.49,18829
2026-03-24 16:40:00,10.5,10.58,10.5,10.56,29952
2026-03-24 16:45:00,10.55,10.5897,10.5305,10.55,13846
2026-03-24 16:50:00,10.52,10.55,10.48,10.55,6224
2026-03-24 16:55:00,10.53,10.53,10.53,10.53,320
2026-03-24 17:00:00,10.53,10.53,10.52,10.52,6890
2026-03-24 17:05:00,10.56,10.56,10.55,10.55,1647
2026-03-24 17:10:00,10.54,10.58,10.54,10.5598,3829
2026-03-24 17:15:00,10.5679,10.5694,10.5599,10.56,10914
2026-03-24 17:20:00,10.54,10.54,10.54,10.54,4614
2026-03-24 17:25:00,10.55,10.59,10.55,10.5816,8808
2026-03-24 17:30:00,10.56,10.56,10.5413,10.5413,2870
2026-03-24 17:40:00,10.54,10.54,10.54,10.54,2684
2026-03-24 17:45:00,10.54,10.54,10.53,10.53,976
2026-03-24 17:50:00,10.53,10.53,10.5001,10.5001,3500
2026-03-24 17:55:00,10.51,10.53,10.5,10.53,2575
2026-03-24 18:00:00,10.5,10.53,10.5,10.5,6494
2026-03-24 18:05:00,10.5,10.5,10.46,10.46,11947
2026-03-24 18:10:00,10.46,10.48,10.41,10.45,11838
2026-03-24 18:15:00,10.4555,10.4555,10.44,10.44,1125
2026-03-24 18:20:00,10.44,10.44,10.42,10.42,3020
2026-03-24 18:25:00,10.45,10.45,10.44,10.4416,2231
2026-03-24 18:30:00,10.5,10.529,10.49,10.5,4435
2026-03-24 18:35:00,10.51,10.5294,10.5,10.52,2720
2026-03-24 18:40:00,10.47,10.47,10.47,10.47,200
2026-03-24 18:45:00,10.51,10.52,10.4604,10.4604,2236
2026-03-24 18:50:00,10.46,10.46,10.46,10.46,194
2026-03-24 18:55:00,10.46,10.46,10.46,10.46,724
2026-03-24 19:00:00,10.53,10.53,10.52,10.53,23000
2026-03-24 19:05:00,10.53,10.54,10.53,10.54,2888
2026-03-24 19:15:00,10.5,10.5,10.5,10.5,170
2026-03-24 19:25:00,10.45,10.45,10.41,10.411,5914
2026-03-24 19:30:00,10.4018,10.4018,10.32,10.32,17849
2026-03-24 19:35:00,10.3343,10.35,10.33,10.33,699
2026-03-24 19:40:00,10.39,10.39,10.38,10.38,2601
2026-03-24 19:45:00,10.4,10.45,10.4,10.4,4334
2026-03-24 19:50:00,10.36,10.36,10.36,10.36,599
2026-03-24 19:55:00,10.46,10.46,10.46,10.46,100
2026-03-25 04:00:00,10.25,10.31,10.19,10.19,36169
2026-03-25 04:05:00,10.21,10.31,10.21,10.3,15703
2026-03-25 04:10:00,10.31,10.31,10.27,10.28,12186
2026-03-25 04:15:00,10.29,10.29,10.23,10.23,14607
2026-03-25 04:20:00,10.23,10.23,10.17,10.2,21156
2026-03-25 04:25:00,10.205,10.22,10.15,10.15,23183
2026-03-25 04:30:00,10.155,10.155,10.03,10.06,46743
2026-03-25 04:35:00,10.065,10.09,10.01,10.06,57001
2026-03-25 04:40:00,10.05,10.06,10.01,10.02,45930
2026-03-25 04:45:00,10.01,10.08,10.01,10.08,11770
2026-03-25 04:50:00,10.07,10.145,10.07,10.145,21069
2026-03-25 04:55:00,10.15,10.15,10.12,10.14,16466
2026-03-25 05:00:00,10.12,10.16,10.11,10.12,11187
2026-03-25 05:05:00,10.12,10.12,10.055,10.055,7416
2026-03-25 05:10:00,10.05,10.085,10.04,10.08,20411
2026-03-25 05:15:00,10.08,10.1,10.08,10.1,6713
2026-03-25 05:20:00,10.1,10.13,10.08,10.12,4845
2026-03-25 05:25:00,10.13,10.14,10.12,10.12,4480
2026-03-25 05:30:00,10.12,10.12,10.1,10.11,11257
2026-03-25 05:35:00,10.125,10.15,10.11,10.15,6905
2026-03-25 05:40:00,10.12,10.14,10.12,10.14,2940
2026-03-25 05:45:00,10.15,10.22,10.15,10.215,6040
2026-03-25 05:50:00,10.2,10.2,10.16,10.16,4085
2026-03-25 05:55:00,10.16,10.16,10.07,10.1,38219
2026-03-25 06:00:00,10.1,10.11,10.05,10.07,24427
2026-03-25 06:05:00,10.08,10.08,10.05,10.07,6524
2026-03-25 06:10:00,10.07,10.07,10.055,10.06,2540
2026-03-25 06:15:00,10.06,10.06,10.02,10.02,8980
2026-03-25 06:20:00,10.02,10.05,10.02,10.05,6309
2026-03-25 06:25:00,10.05,10.05,10.03,10.04,12995
2026-03-25 06:30:00,10.05,10.09,10.05,10.09,12090
2026-03-25 06:35:00,10.09,10.1,10.08,10.09,3127
2026-03-25 06:40:00,10.1,10.11,10.09,10.09,10851
2026-03-25 06:45:00,10.09,10.09,10.02,10.03,29057
2026-03-25 06:50:00,10.04,10.04,10.01,10.01,7690
2026-03-25 06:55:00,10.02,10.05,10.02,10.05,12937
2026-03-25 07:00:00,10.06,10.105,10.03,10.03,34551
2026-03-25 07:05:00,10.03,10.03,9.98,9.99,54129
2026-03-25 07:10:00,9.99,10.005,9.99,9.99,22551
2026-03-25 07:15:00,9.99,9.99,9.95,9.96,8278
2026-03-25 07:20:00,9.96,9.97,9.95,9.96,15625
2026-03-25 07:25:00,9.96,9.96,9.94,9.94,10614
2026-03-25 07:30:00,9.945,9.945,9.91,9.92,24857
2026-03-25 07:35:00,9.91,9.94,9.905,9.91,14687
2026-03-25 07:40:00,9.92,9.97,9.92,9.96,6852
2026-03-25 07:45:00,9.97,10.04,9.95,10.01,73873
2026-03-25 07:50:00,10.01,10.03,9.99,9.99,33237
2026-03-25 07:55:00,10.0,10.01,9.97,9.97,4196
2026-03-25 08:00:00,10.08,10.33,9.9095,9.96,364434
2026-03-25 08:05:00,9.97,10.33,9.94,9.95,31235
2026-03-25 08:10:00,9.95,9.95,9.9,9.9301,50338
2026-03-25 08:15:00,9.94,10.07,9.94,10.0498,59244
2026-03-25 08:20:00,10.07,10.14,10.01,10.08,139716
2026-03-25 08:25:00,10.09,10.11,10.01,10.09,117662
2026-03-25 08:30:00,10.0999,10.21,10.0999,10.1199,87378
2026-03-25 08:35:00,10.12,10.12,10.04,10.04,29832
2026-03-25 08:40:00,10.04,10.08,10.04,10.08,24414
2026-03-25 08:45:00,10.0996,10.14,10.0996,10.14,16832
2026-03-25 08:50:00,10.1399,10.15,10.08,10.08,22148
2026-03-25 08:55:00,10.07,10.08,9.95,10.01,63443
2026-03-25 09:00:00,10.01,10.06,9.92,9.96,54572
2026-03-25 09:05:00,9.97,10.01,9.9495,9.99,50169
2026-03-25 09:10:00,9.99,10.05,9.97,10.04,24730
2026-03-25 09:15:00,10.05,10.09,10.04,10.05,17572
2026-03-25 09:20:00,10.045,10.09,10.045,10.075,20484
2026-03-25 09:25:00,10.07,10.1197,10.02,10.04,34222
2026-03-25 09:30:00,10.045,10.06,9.555,9.75,929499
2026-03-25 09:35:00,9.7498,9.82,9.635,9.8199,545169
2026-03-25 09:40:00,9.815,9.82,9.6,9.725,502865
2026-03-25 09:45:00,9.72,9.77,9.61,9.67,379484
2026-03-25 09:50:00,9.675,9.74,9.5702,9.6099,565901
2026-03-25 09:55:00,9.605,9.725,9.535,9.72,476536
2026-03-25 10:00:00,9.72,9.76,9.52,9.59,496198
2026-03-25 10:05:00,9.61,9.7,9.6,9.66,328998
2026-03-25 10:10:00,9.66,9.755,9.63,9.6499,245678
2026-03-25 10:15:00,9.6493,9.7,9.545,9.68,224928
2026-03-25 10:20:00,9.6798,9.6798,9.6,9.64,125293
2026-03-25 10:25:00,9.64,9.6801,9.555,9.605,294174
2026-03-25 10:30:00,9.605,9.66,9.5518,9.595,299557
2026-03-25 10:35:00,9.59,9.74,9.565,9.6605,290803
2026-03-25 10:40:00,9.66,9.77,9.66,9.75,208066
2026-03-25 10:45:00,9.75,9.795,9.7201,9.7398,181410
2026-03-25 10:50:00,9.745,9.795,9.7,9.79,79554
2026-03-25 10:55:00,9.8,9.9299,9.8,9.915,458387
2026-03-25 11:00:00,9.91,9.93,9.84,9.925,271055
2026-03-25 11:05:00,9.92,10.13,9.91,10.13,463640
2026-03-25 11:10:00,10.13,10.22,10.07,10.1999,290814
2026-03-25 11:15:00,10.195,10.34,10.17,10.2914,294708
2026-03-25 11:20:00,10.2986,10.3,10.095,10.1099,207751
2026-03-25 11:25:00,10.115,10.18,10.0814,10.115,175490
2026-03-25 11:30:00,10.1,10.119,9.99,10.09,107116
2026-03-25 11:35:00,10.085,10.23,10.07,10.1998,142218
2026-03-25 11:40:00,10.195,10.2499,10.18,10.2186,78693
2026-03-25 11:45:00,10.21,10.27,10.2,10.235,73033
2026-03-25 11:50:00,10.235,10.27,10.17,10.255,71038
2026-03-25 11:55:00,10.24,10.34,10.24,10.34,133809
2026-03-25 12:00:00,10.34,10.355,10.2901,10.335,126173
2026-03-25 12:05:00,10.335,10.385,10.2601,10.2712,127758
2026-03-25 12:10:00,10.289,10.37,10.289,10.3675,53655
2026-03-25 12:15:00,10.37,10.375,10.305,10.32,54436
2026-03-25 12:20:00,10.299,10.335,10.24,10.24,154031
2026-03-25 12:25:00,10.23,10.2512,10.11,10.19,174650
2026-03-25 12:30:00,10.169,10.2,10.0571,10.145,101308
2026-03-25 12:35:00,10.14,10.1599,10.105,10.1099,84711
2026-03-25 12:40:00,10.105,10.15,10.095,10.13,65206
2026-03-25 12:45:00,10.14,10.19,10.135,10.1614,81204
2026-03-25 12:50:00,10.18,10.2,10.105,10.1201,95519
2026-03-25 12:55:00,10.13,10.14,10.07,10.1209,71843
2026-03-25 13:00:00,10.12,10.17,10.09,10.12,67536
2026-03-25 13:05:00,10.1499,10.195,10.145,10.185,67993
2026-03-25 13:10:00,10.19,10.275,10.19,10.2,106665
2026-03-25 13:15:00,10.22,10.27,10.2102,10.235,83394
2026-03-25 13:20:00,10.24,10.245,10.14,10.17,41834
2026-03-25 13:25:00,10.165,10.19,10.079,10.19,63946
2026-03-25 13:30:00,10.19,10.235,10.165,10.199,39856
2026-03-25 13:35:00,10.2,10.25,10.16,10.1614,58445
2026-03-25 13:40:00,10.16,10.16,10.089,10.15,51916
2026-03-25 13:45:00,10.15,10.2101,10.135,10.2,31383
2026-03-25 13:50:00,10.21,10.34,10.21,10.315,148208
2026-03-25 13:55:00,10.32,10.37,10.31,10.35,129276
2026-03-25 14:00:00,10.35,10.4,10.35,10.3921,70782
2026-03-25 14:05:00,10.4,10.43,10.33,10.42,116739
2026-03-25 14:10:00,10.4102,10.425,10.39,10.41,78063
2026-03-25 14:15:00,10.4,10.405,10.345,10.385,55413
2026-03-25 14:20:00,10.38,10.385,10.33,10.345,70531
2026-03-25 14:25:00,10.345,10.47,10.345,10.435,154112
2026-03-25 14:30:00,10.435,10.47,10.4,10.455,128551
2026-03-25 14:35:00,10.455,10.52,10.43,10.49,81774
2026-03-25 14:40:00,10.51,10.575,10.505,10.545,118067
2026-03-25 14:45:00,10.55,10.57,10.54,10.545,63145
2026-03-25 14:50:00,10.545,10.555,10.47,10.47,36234
2026-03-25 14:55:00,10.475,10.6297,10.475,10.555,160314
2026-03-25 15:00:00,10.57,10.595,10.4401,10.455,63979
2026-03-25 15:05:00,10.455,10.53,10.45,10.5299,96091
2026-03-25 15:10:00,10.52,10.54,10.45,10.47,54188
2026-03-25 15:15:00,10.46,10.47,10.3801,10.3801,60489
2026-03-25 15:20:00,10.39,10.395,10.3,10.3,72120
2026-03-25 15:25:00,10.3,10.36,10.3,10.36,79128
2026-03-25 15:30:00,10.35,10.375,10.325,10.345,85073
2026-03-25 15:35:00,10.33,10.355,10.25,10.2601,41152
2026-03-25 15:40:00,10.275,10.28,10.1925,10.25,48574
2026-03-25 15:45:00,10.25,10.295,10.245,10.26,63643
2026-03-25 15:50:00,10.26,10.26,10.19,10.21,128826
2026-03-25 15:55:00,10.21,10.295,10.21,10.275,99591
2026-03-25 16:00:00,10.25,10.33,10.25,10.33,29956
2026-03-25 16:05:00,10.32,10.366,10.32,10.3304,20919
2026-03-25 16:10:00,10.34,10.34,10.32,10.3223,12451
2026-03-25 16:15:00,10.3201,10.3201,10.31,10.31,580
2026-03-25 16:20:00,10.3,10.3,10.3,10.3,512
2026-03-25 16:25:00,10.32,10.32,10.31,10.31,6866
2026-03-25 16:30:00,10.28,10.33,10.28,10.33,4987
2026-03-25 16:35:00,10.31,10.31,10.29,10.31,9338
2026-03-25 16:40:00,10.32,10.32,10.29,10.29,500
2026-03-25 16:45:00,10.285,10.29,10.285,10.29,1000
2026-03-25 16:50:00,10.2802,10.29,10.25,10.29,12648
2026-03-25 17:05:00,10.28,10.28,10.28,10.28,191
2026-03-25 17:10:00,10.29,10.29,10.28,10.29,499
2026-03-25 17:15:00,10.25,10.26,10.25,10.26,687
2026-03-25 17:20:00,10.2793,10.2793,10.2793,10.2793,166
2026-03-25 17:25:00,10.28,10.28,10.28,10.28,589
2026-03-25 17:35:00,10.3,10.3,10.3,10.3,500
2026-03-25 17:40:00,10.3,10.3,10.3,10.3,616
2026-03-25 18:05:00,10.3,10.3,10.3,10.3,200
2026-03-25 18:10:00,10.2908,10.3,10.2908,10.3,1764
2026-03-25 18:15:00,10.3,10.309,10.2909,10.309,866
2026-03-25 18:20:00,10.31,10.31,10.3,10.305,3281
2026-03-25 18:25:00,10.3,10.3,10.28,10.28,23529
2026-03-25 18:30:00,10.28,10.28,10.28,10.28,190
2026-03-25 18:35:00,10.24,10.24,10.21,10.21,7011
2026-03-25 18:40:00,10.229,10.229,10.18,10.18,3712
2026-03-25 18:45:00,10.17,10.18,10.09,10.09,30590
2026-03-25 18:50:00,10.15,10.15,10.12,10.15,18030
2026-03-25 18:55:00,10.14,10.14,10.13,10.13,1109
2026-03-25 19:00:00,10.16,10.16,10.15,10.15,1416
2026-03-25 19:05:00,10.16,10.189,10.159,10.189,21475
2026-03-25 19:10:00,10.2,10.2,10.19,10.19,1204
2026-03-25 19:15:00,10.21,10.22,10.2,10.22,5766
2026-03-25 19:20:00,10.1952,10.22,10.1952,10.22,8412
2026-03-25 19:25:00,10.21,10.2294,10.2008,10.2294,2646
2026-03-25 19:30:00,10.2,10.2,10.1815,10.19,1890
2026-03-25 19:35:00,10.22,10.25,10.22,10.25,2218
2026-03-25 19:40:00,10.26,10.26,10.26,10.26,650
2026-03-25 19:45:00,10.27,10.27,10.25,10.25,2666
2026-03-25 19:50:00,10.23,10.2635,10.21,10.21,20126
2026-03-25 19:55:00,10.27,10.27,10.2,10.2,1451
2026-03-26 04:00:00,10.55,10.56,10.52,10.54,11101
2026-03-26 04:05:00,10.53,10.545,10.5,10.545,9211
2026-03-26 04:10:00,10.545,10.64,10.545,10.625,9957
2026-03-26 04:15:00,10.62,10.64,10.58,10.64,5233
2026-03-26 04:20:00,10.64,10.65,10.62,10.63,5132
2026-03-26 04:25:00,10.64,10.66,10.63,10.66,4668
2026-03-26 04:30:00,10.66,10.66,10.63,10.63,2931
2026-03-26 04:35:00,10.635,10.65,10.62,10.645,5995
2026-03-26 04:40:00,10.64,10.65,10.625,10.65,8593
2026-03-26 04:45:00,10.65,10.65,10.595,10.61,14011
2026-03-26 04:50:00,10.61,10.615,10.595,10.595,2496
2026-03-26 04:55:00,10.58,10.59,10.56,10.58,6482
2026-03-26 05:00:00,10.575,10.63,10.575,10.6,8108
2026-03-26 05:05:00,10.58,10.585,10.57,10.57,5567
2026-03-26 05:10:00,10.58,10.58,10.555,10.58,3568
2026-03-26 05:15:00,10.58,10.63,10.58,10.63,2188
2026-03-26 05:20:00,10.62,10.62,10.59,10.61,3390
2026-03-26 05:25:00,10.61,10.61,10.58,10.595,1090
2026-03-26 05:30:00,10.605,10.73,10.605,10.73,20799
2026-03-26 05:35:00,10.73,10.735,10.705,10.72,5628
2026-03-26 05:40:00,10.715,10.72,10.695,10.71,9058
2026-03-26 05:45:00,10.715,10.74,10.71,10.74,15506
2026-03-26 05:50:00,10.74,10.74,10.67,10.67,7252
2026-03-26 05:55:00,10.67,10.69,10.655,10.69,11054
2026-03-26 06:00:00,10.68,10.715,10.68,10.7,15671
2026-03-26 06:05:00,10.68,10.68,10.65,10.66,4894
2026-03-26 06:10:00,10.65,10.66,10.64,10.64,9140
2026-03-26 06:15:00,10.64,10.64,10.58,10.59,11061
2026-03-26 06:20:00,10.59,10.6,10.56,10.59,2749
2026-03-26 06:25:00,10.59,10.59,10.58,10.59,5138
2026-03-26 06:30:00,10.6,10.62,10.59,10.595,6405
2026-03-26 06:35:00,10.595,10.645,10.59,10.62,16307
2026-03-26 06:40:00,10.62,10.635,10.615,10.63,7223
2026-03-26 06:45:00,10.63,10.63,10.62,10.63,5040
2026-03-26 06:50:00,10.62,10.62,10.615,10.62,3505
2026-03-26 06:55:00,10.62,10.62,10.605,10.605,3569
2026-03-26 07:00:00,10.6,10.635,10.57,10.58,37624
2026-03-26 07:05:00,10.585,10.62,10.585,10.6,8836
2026-03-26 07:10:00,10.61,10.66,10.61,10.63,31390
2026-03-26 07:15:00,10.63,10.65,10.625,10.64,4952
2026-03-26 07:20:00,10.64,10.68,10.64,10.68,20863
2026-03-26 07:25:00,10.69,10.73,10.68,10.71,10908
2026-03-26 07:30:00,10.7,10.7,10.65,10.67,13221
2026-03-26 07:35:00,10.675,10.69,10.665,10.665,7605
2026-03-26 07:40:00,10.67,10.705,10.67,10.705,7446
2026-03-26 07:45:00,10.7,10.7,10.69,10.7,8193
2026-03-26 07:50:00,10.71,10.71,10.675,10.69,2749
2026-03-26 07:55:00,10.7,10.73,10.69,10.73,2090
2026-03-26 08:00:00,10.6,10.74,10.3,10.705,240940
2026-03-26 08:05:00,10.705,10.7299,10.31,10.645,25330
2026-03-26 08:10:00,10.64,10.6402,10.6,10.61,19863
2026-03-26 08:15:00,10.61,10.62,10.6,10.62,16013
2026-03-26 08:20:00,10.62,10.63,10.58,10.61,17760
2026-03-26 08:25:00,10.61,10.62,10.59,10.59,7415
2026-03-26 08:30:00,10.58,10.68,10.58,10.6799,47920
2026-03-26 08:35:00,10.68,10.7,10.63,10.63,33602
2026-03-26 08:40:00,10.63,10.64,10.63,10.6301,2400
2026-03-26 08:45:00,10.64,10.66,10.62,10.65,9169
2026-03-26 08:50:00,10.65,10.66,10.64,10.65,13211
2026-03-26 08:55:00,10.64,10.65,10.62,10.645,8815
2026-03-26 09:00:00,10.65,10.65,10.6,10.63,40430
2026-03-26 09:05:00,10.625,10.625,10.57,10.585,25699
2026-03-26 09:10:00,10.59,10.62,10.585,10.5901,11982
2026-03-26 09:15:00,10.59,10.6198,10.59,10.6,27704
2026-03-26 09:20:00,10.6098,10.62,10.6,10.62,5801
2026-03-26 09:25:00,10.62,10.68,10.61,10.63,35613
2026-03-26 09:30:00,10.63,10.74,10.57,10.73,336304
2026-03-26 09:35:00,10.73,10.79,10.52,10.66,318917
2026-03-26 09:40:00,10.66,10.7011,10.4606,10.4777,256615
2026-03-26 09:45:00,10.46,10.46,10.35,10.36,497932
2026-03-26 09:50:00,10.36,10.385,10.272,10.3,385655
2026-03-26 09:55:00,10.3,10.405,10.285,10.3,321131
2026-03-26 10:00:00,10.2901,10.47,10.2882,10.3089,352886
2026-03-26 10:05:00,10.31,10.5,10.3,10.435,397039
2026-03-26 10:10:00,10.435,10.5499,10.41,10.49,220498
2026-03-26 10:15:00,10.485,10.515,10.445,10.505,100465
2026-03-26 10:20:00,10.5001,10.51,10.4007,10.43,141297
2026-03-26 10:25:00,10.44,10.4699,10.34,10.45,127730
2026-03-26 10:30:00,10.44,10.46,10.31,10.315,153209
2026-03-26 10:35:00,10.315,10.51,10.315,10.465,175162
2026-03-26 10:40:00,10.465,10.55,10.37,10.515,182262
2026-03-26 10:45:00,10.52,10.5899,10.5,10.54,153815
2026-03-26 10:50:00,10.545,10.645,10.52,10.625,149811
2026-03-26 10:55:00,10.63,10.66,10.49,10.5,174248
2026-03-26 11:00:00,10.49,10.53,10.45,10.49,88718
2026-03-26 11:05:00,10.4901,10.59,10.43,10.57,132152
2026-03-26 11:10:00,10.57,10.685,10.5511,10.685,176793
2026-03-26 11:15:00,10.685,10.715,10.625,10.71,170919
2026-03-26 11:20:00,10.705,10.715,10.6601,10.67,89670
2026-03-26 11:25:00,10.66,10.72,10.66,10.705,92995
2026-03-26 11:30:00,10.7099,10.785,10.675,10.77,102094
2026-03-26 11:35:00,10.775,10.84,10.7501,10.81,132266
2026-03-26 11:40:00,10.815,10.885,10.78,10.87,93524
2026-03-26 11:45:00,10.865,10.895,10.7701,10.7798,115527
2026-03-26 11:50:00,10.785,10.835,10.725,10.76,129101
2026-03-26 11:55:00,10.755,10.83,10.75,10.81,51857
2026-03-26 12:00:00,10.82,10.875,10.82,10.8284,66884
2026-03-26 12:05:00,10.82,10.87,10.795,10.8493,61571
2026-03-26 12:10:00,10.8501,10.905,10.84,10.87,67761
2026-03-26 12:15:00,10.87,10.935,10.855,10.895,104828
2026-03-26 12:20:00,10.89,10.91,10.86,10.86,54300
2026-03-26 12:25:00,10.865,10.9399,10.84,10.9399,69494
2026-03-26 12:30:00,10.94,10.98,10.93,10.9401,79202
2026-03-26 12:35:00,10.94,10.975,10.925,10.97,50551
2026-03-26 12:40:00,10.98,11.03,10.98,11.0,110461
2026-03-26 12:45:00,11.0,11.065,10.995,11.0,79405
2026-03-26 12:50:00,11.0,11.035,10.97,10.99,41234
2026-03-26 12:55:00,10.99,11.029,10.98,11.0092,51494
2026-03-26 13:00:00,11.0081,11.01,10.94,10.95,72486
2026-03-26 13:05:00,10.955,10.975,10.935,10.955,31146
2026-03-26 13:10:00,10.955,11.025,10.955,11.0201,76868
2026-03-26 13:15:00,11.03,11.04,10.9726,10.9726,48891
2026-03-26 13:20:00,10.975,11.01,10.955,10.98,34896
2026-03-26 13:25:00,10.98,11.01,10.97,10.995,98283
2026-03-26 13:30:00,10.98,10.98,10.84,10.85,77058
2026-03-26 13:35:00,10.845,10.8988,10.78,10.84,156057
2026-03-26 13:40:00,10.84,10.9,10.84,10.8893,120077
2026-03-26 13:45:00,10.89,10.965,10.88,10.95,143248
2026-03-26 13:50:00,10.945,11.01,10.945,10.9614,66952
2026-03-26 13:55:00,10.975,11.0203,10.96,11.0109,90133
2026-03-26 14:00:00,10.9901,11.015,10.9403,11.015,92896
2026-03-26 14:05:00,11.015,11.045,11.0062,11.025,49856
2026-03-26 14:10:00,11.015,11.015,10.98,10.995,34715
2026-03-26 14:15:00,11.0,11.06,11.0,11.05,28851
2026-03-26 14:20:00,11.055,11.09,11.04,11.06,36617
2026-03-26 14:25:00,11.06,11.145,11.06,11.1399,129216
2026-03-26 14:30:00,11.1301,11.155,11.11,11.12,35907
2026-03-26 14:35:00,11.1201,11.125,11.07,11.07,35254
2026-03-26 14:40:00,11.08,11.09,11.06,11.08,30230
2026-03-26 14:45:00,11.08,11.12,11.07,11.075,59320
2026-03-26 14:50:00,11.1,11.115,11.01,11.045,55152
2026-03-26 14:55:00,11.055,11.1,11.05,11.05,83946
2026-03-26 15:00:00,11.0509,11.11,11.035,11.075,244478
2026-03-26 15:05:00,11.075,11.105,11.045,11.08,164450
2026-03-26 15:10:00,11.085,11.1392,11.06,11.135,42205
2026-03-26 15:15:00,11.135,11.14,11.0537,11.06,55217
2026-03-26 15:20:00,11.07,11.09,11.05,11.075,108241
2026-03-26 15:25:00,11.08,11.1593,11.08,11.1301,73664
2026-03-26 15:30:00,11.1377,11.1377,11.0681,11.0681,39982
2026-03-26 15:35:00,11.07,11.07,10.96,10.9971,348413
2026-03-26 15:40:00,10.995,11.035,10.98,11.025,78360
2026-03-26 15:45:00,11.035,11.15,11.03,11.15,132765
2026-03-26 15:50:00,11.15,11.2128,11.12,11.185,156297
2026-03-26 15:55:00,11.18,11.195,11.1203,11.19,269401
2026-03-26 16:00:00,11.17,11.23,11.17,11.21,8258
2026-03-26 16:05:00,11.2001,11.21,11.17,11.17,5785
2026-03-26 16:10:00,11.17,11.175,10.94,10.9752,39365
2026-03-26 16:15:00,10.99,11.01,10.95,11.01,7999
2026-03-26 16:20:00,11.0,11.0097,10.95,10.9501,9128
2026-03-26 16:25:00,10.94,10.99,10.94,10.97,10294
2026-03-26 16:30:00,10.97,10.97,10.95,10.96,1056
2026-03-26 16:35:00,10.96,10.97,10.94,10.94,2162
2026-03-26 16:40:00,10.98,10.98,10.97,10.97,1299
2026-03-26 16:45:00,10.97,10.99,10.97,10.99,6700
2026-03-26 16:50:00,10.98,11.04,10.97,11.04,22890
2026-03-26 16:55:00,11.05,11.05,11.0103,11.0103,7234
2026-03-26 17:00:00,11.07,11.07,11.07,11.07,2522
2026-03-26 17:05:00,11.05,11.05,11.05,11.05,2000
2026-03-26 17:10:00,11.05,11.05,11.05,11.05,165
2026-03-26 17:15:00,11.04,11.04,11.03,11.0326,4651
2026-03-26 17:20:00,11.03,11.03,10.98,10.98,1113
2026-03-26 17:25:00,11.0,11.0,11.0,11.0,200
2026-03-26 17:30:00,11.0,11.0,11.0,11.0,200
2026-03-26 17:35:00,10.98,10.98,10.97,10.97,885
2026-03-26 17:40:00,11.0,11.0,10.99,10.99,2449
2026-03-26 17:45:00,10.99,10.99,10.97,10.97,1633
2026-03-26 17:50:00,11.04,11.04,10.97,10.97,7415
2026-03-26 17:55:00,10.99,11.03,10.9859,11.03,8524
2026-03-26 18:00:00,10.9919,11.0005,10.9919,11.0005,7297
2026-03-26 18:10:00,11.0,11.0,11.0,11.0,600
2026-03-26 18:15:00,10.99,11.02,10.99,11.02,529
2026-03-26 18:20:00,11.04,11.04,10.99,10.99,3258
2026-03-26 18:25:00,11.02,11.07,11.02,11.07,961
2026-03-26 18:30:00,11.04,11.05,11.04,11.04,2451
2026-03-26 18:35:00,11.03,11.03,11.03,11.03,5214
2026-03-26 18:40:00,11.01,11.07,11.01,11.05,3728
2026-03-26 18:45:00,11.06,11.06,11.03,11.03,1199
2026-03-26 18:50:00,11.0319,11.06,11.0319,11.04,418
2026-03-26 18:55:00,11.03,11.03,11.0,11.02,1900
2026-03-26 19:00:00,10.99,11.0235,10.9815,11.02,10451
2026-03-26 19:05:00,10.9915,10.9915,10.9915,10.9915,200
2026-03-26 19:10:00,11.03,11.0797,11.03,11.0679,6378
2026-03-26 19:15:00,11.06,11.06,11.04,11.06,1379
2026-03-26 19:20:00,11.041,11.1,11.041,11.09,4671
2026-03-26 19:25:00,11.1,11.1,11.1,11.1,2584
2026-03-26 19:30:00,11.12,11.12,11.08,11.1,1905
2026-03-26 19:35:00,11.0809,11.0809,11.0809,11.0809,100
2026-03-26 19:45:00,11.11,11.11,11.11,11.11,170
2026-03-26 19:50:00,11.1,11.12,11.0687,11.12,1474
2026-03-26 19:55:00,11.13,11.13,11.0901,11.0901,10132
2026-03-27 04:00:00,10.97,11.03,10.97,10.97,8295
2026-03-27 04:05:00,11.08,11.08,11.08,11.08,176
2026-03-27 04:10:00,11.06,11.06,11.03,11.04,4338
2026-03-27 04:15:00,11.04,11.12,11.04,11.11,18946
2026-03-27 04:20:00,11.11,11.16,11.08,11.11,35288
2026-03-27 04:25:00,11.12,11.2,11.1,11.18,24734
2026-03-27 04:30:00,11.19,11.19,11.135,11.16,16209
2026-03-27 04:35:00,11.15,11.32,11.14,11.31,62514
2026-03-27 04:40:00,11.31,11.32,11.25,11.28,36778
2026-03-27 04:45:00,11.27,11.28,11.24,11.25,30425
2026-03-27 04:50:00,11.26,11.27,11.2,11.24,22719
2026-03-27 04:55:00,11.23,11.24,11.22,11.24,5631
2026-03-27 05:00:00,11.25,11.31,11.24,11.31,13100
2026-03-27 05:05:00,11.31,11.41,11.31,11.4,36787
2026-03-27 05:10:00,11.41,11.44,11.34,11.38,39069
2026-03-27 05:15:00,11.39,11.39,11.31,11.31,9994
2026-03-27 05:20:00,11.32,11.32,11.3,11.32,6996
2026-03-27 05:25:00,11.31,11.31,11.25,11.265,9448
2026-03-27 05:30:00,11.27,11.29,11.24,11.28,13234
2026-03-27 05:35:00,11.29,11.32,11.29,11.29,4997
2026-03-27 05:40:00,11.31,11.33,11.3,11.31,8136
2026-03-27 05:45:00,11.315,11.36,11.31,11.33,12060
2026-03-27 05:50:00,11.32,11.34,11.31,11.33,3443
2026-03-27 05:55:00,11.34,11.4,11.34,11.39,14167
2026-03-27 06:00:00,11.4,11.43,11.37,11.4,19983
2026-03-27 06:05:00,11.4,11.4,11.35,11.38,6998
2026-03-27 06:10:00,11.38,11.42,11.38,11.42,6554
2026-03-27 06:15:00,11.42,11.42,11.39,11.4,22791
2026-03-27 06:20:00,11.4,11.4,11.36,11.36,4181
2026-03-27 06:25:00,11.36,11.39,11.35,11.37,7148
2026-03-27 06:30:00,11.37,11.4,11.37,11.4,7440
2026-03-27 06:35:00,11.4,11.61,11.4,11.6,61053
2026-03-27 06:40:00,11.59,11.66,11.58,11.61,41914
2026-03-27 06:45:00,11.62,11.65,11.61,11.65,30152
2026-03-27 06:50:00,11.66,11.68,11.6,11.68,14409
2026-03-27 06:55:00,11.69,11.73,11.64,11.64,60641
2026-03-27 07:00:00,11.64,11.8,11.62,11.76,79675
2026-03-27 07:05:00,11.76,11.86,11.76,11.79,58183
2026-03-27 07:10:00,11.79,11.79,11.695,11.7,56790
2026-03-27 07:15:00,11.7,11.74,11.67,11.705,33301
2026-03-27 07:20:00,11.71,11.77,11.7,11.77,15745
2026-03-27 07:25:00,11.77,11.77,11.72,11.73,12343
2026-03-27 07:30:00,11.73,11.76,11.71,11.73,8598
2026-03-27 07:35:00,11.735,11.78,11.73,11.75,21874
2026-03-27 07:40:00,11.74,11.75,11.65,11.67,21608
2026-03-27 07:45:00,11.69,11.69,11.58,11.65,29321
2026-03-27 07:50:00,11.66,11.72,11.65,11.68,14692
2026-03-27 07:55:00,11.67,11.72,11.66,11.72,11946
2026-03-27 08:00:00,11.82,11.86,10.83,11.74,324553
2026-03-27 08:05:00,11.0,11.79,11.0,11.78,27393
2026-03-27 08:10:00,11.78,11.81,11.75,11.8,33028
2026-03-27 08:15:00,11.7974,11.7974,11.72,11.73,18131
2026-03-27 08:20:00,11.74,11.77,11.73,11.77,25854
2026-03-27 08:25:00,11.76,11.78,11.76,11.77,21351
2026-03-27 08:30:00,11.77,11.82,11.76,11.82,30951
2026-03-27 08:35:00,11.81,11.83,11.77,11.8,35424
2026-03-27 08:40:00,11.8,11.81,11.79,11.81,19822
2026-03-27 08:45:00,11.79,11.85,11.75,11.8413,30673
2026-03-27 08:50:00,11.85,11.85,11.76,11.7603,17862
2026-03-27 08:55:00,11.7698,11.82,11.7667,11.81,12786
2026-03-27 09:00:00,11.81,11.85,11.78,11.85,27654
2026-03-27 09:05:00,11.8498,11.87,11.83,11.86,18628
2026-03-27 09:10:00,11.85,11.89,11.84,11.86,18083
2026-03-27 09:15:00,11.86,11.86,11.74,11.75,34859
2026-03-27 09:20:00,11.75,11.78,11.71,11.73,28006
2026-03-27 09:25:00,11.73,11.73,11.66,11.7,63178
2026-03-27 09:30:00,11.695,11.93,11.575,11.9012,631674
2026-03-27 09:35:00,11.905,12.075,11.885,11.985,657495
2026-03-27 09:40:00,11.98,12.06,11.93,12.05,395551
2026-03-27 09:45:00,12.05,12.1389,11.99,12.12,481192
2026-03-27 09:50:00,12.13,12.415,12.1101,12.4,613143
2026-03-27 09:55:00,12.42,12.605,12.42,12.55,655132
2026-03-27 10:00:00,12.56,12.5851,12.455,12.4982,435101
2026-03-27 10:05:00,12.49,12.54,12.44,12.5,300956
2026-03-27 10:10:00,12.51,12.51,12.36,12.37,325627
2026-03-27 10:15:00,12.385,12.475,12.325,12.46,232982
2026-03-27 10:20:00,12.461,12.63,12.46,12.53,410811
2026-03-27 10:25:00,12.53,12.68,12.48,12.615,460370
2026-03-27 10:30:00,12.61,12.6199,12.51,12.535,249138
2026-03-27 10:35:00,12.5402,12.6297,12.52,12.5998,215565
2026-03-27 10:40:00,12.59,12.61,12.53,12.53,214437
2026-03-27 10:45:00,12.52,12.6,12.455,12.455,249991
2026-03-27 10:50:00,12.455,12.48,12.355,12.44,316653
2026-03-27 10:55:00,12.435,12.46,12.36,12.39,226226
2026-03-27 11:00:00,12.39,12.405,12.2907,12.3351,182229
2026-03-27 11:05:00,12.34,12.355,12.225,12.315,223699
2026-03-27 11:10:00,12.31,12.34,12.2697,12.31,128228
2026-03-27 11:15:00,12.315,12.4,12.29,12.3998,237664
2026-03-27 11:20:00,12.4,12.465,12.19,12.315,422283
2026-03-27 11:25:00,12.32,12.36,12.2112,12.245,228936
2026-03-27 11:30:00,12.23,12.24,12.1,12.115,319408
2026-03-27 11:35:00,12.12,12.175,12.02,12.16,939036
2026-03-27 11:40:00,12.16,12.23,12.15,12.175,284049
2026-03-27 11:45:00,12.17,12.175,12.095,12.12,245877
2026-03-27 11:50:00,12.115,12.18,12.055,12.155,287680
2026-03-27 11:55:00,12.16,12.24,12.13,12.175,253127
2026-03-27 12:00:00,12.17,12.315,12.15,12.29,385259
2026-03-27 12:05:00,12.29,12.4,12.27,12.335,280102
2026-03-27 12:10:00,12.335,12.38,12.28,12.295,348310
2026-03-27 12:15:00,12.29,12.335,12.235,12.255,191901
2026-03-27 12:20:00,12.24,12.38,12.2299,12.35,156564
2026-03-27 12:25:00,12.35,12.3682,12.27,12.325,118267
2026-03-27 12:30:00,12.33,12.385,12.3,12.335,167194
2026-03-27 12:35:00,12.34,12.4099,12.305,12.39,233552
2026-03-27 12:40:00,12.39,12.45,12.37,12.37,149069
2026-03-27 12:45:00,12.37,12.39,12.31,12.325,185044
2026-03-27 12:50:00,12.345,12.455,12.33,12.375,155177
2026-03-27 12:55:00,12.39,12.445,12.39,12.4189,83686
2026-03-27 13:00:00,12.41,12.44,12.36,12.38,89981
2026-03-27 13:05:00,12.375,12.3901,12.2209,12.31,293751
2026-03-27 13:10:00,12.31,12.3699,12.3009,12.305,133307
2026-03-27 13:15:00,12.31,12.33,12.25,12.3199,144082
2026-03-27 13:20:00,12.315,12.37,12.315,12.33,127901
2026-03-27 13:25:00,12.335,12.45,12.3279,12.395,197007
2026-03-27 13:30:00,12.4,12.43,12.35,12.365,111083
2026-03-27 13:35:00,12.37,12.4,12.335,12.36,114780
2026-03-27 13:40:00,12.35,12.44,12.35,12.425,142297
2026-03-27 13:45:00,12.43,12.475,12.39,12.4601,164668
2026-03-27 13:50:00,12.47,12.495,12.405,12.425,126189
2026-03-27 13:55:00,12.425,12.475,12.415,12.4699,63973
2026-03-27 14:00:00,12.46,12.47,12.32,12.355,210531
2026-03-27 14:05:00,12.35,12.38,12.315,12.3579,97736
2026-03-27 14:10:00,12.365,12.3889,12.305,12.38,155808
2026-03-27 14:15:00,12.375,12.39,12.225,12.23,113565
2026-03-27 14:20:00,12.24,12.33,12.215,12.3197,143563
2026-03-27 14:25:00,12.302,12.345,12.26,12.2701,112588
2026-03-27 14:30:00,12.28,12.28,12.14,12.14,134745
2026-03-27 14:35:00,12.135,12.1978,12.135,12.175,112047
2026-03-27 14:40:00,12.175,12.21,12.1104,12.19,148897
2026-03-27 14:45:00,12.195,12.195,12.12,12.16,156831
2026-03-27 14:50:00,12.17,12.18,12.135,12.16,100909
2026-03-27 14:55:00,12.1699,12.245,12.1699,12.24,137080
2026-03-27 15:00:00,12.235,12.3,12.22,12.295,132892
2026-03-27 15:05:00,12.295,12.3598,12.2901,12.31,112049
2026-03-27 15:10:00,12.3,12.345,12.3,12.315,145363
2026-03-27 15:15:00,12.32,12.33,12.18,12.215,124965
2026-03-27 15:20:00,12.22,12.2699,12.205,12.265,92835
2026-03-27 15:25:00,12.26,12.3,12.25,12.26,218112
2026-03-27 15:30:00,12.245,12.245,12.18,12.195,151557
2026-03-27 15:35:00,12.19,12.24,12.16,12.2098,128116
2026-03-27 15:40:00,12.2009,12.26,12.2,12.205,153405
2026-03-27 15:45:00,12.215,12.24,12.15,12.2,165131
2026-03-27 15:50:00,12.205,12.36,12.205,12.325,560047
2026-03-27 15:55:00,12.325,12.33,12.245,12.325,338053
2026-03-27 16:00:00,12.31,12.37,12.31,12.35,13538
2026-03-27 16:05:00,12.33,12.33,12.3,12.31,633
2026-03-27 16:10:00,12.3001,12.35,12.3001,12.34,6715
2026-03-27 16:15:00,12.32,12.338,12.32,12.3297,2300
2026-03-27 16:20:00,12.3397,12.35,12.3397,12.3498,1520
2026-03-27 16:25:00,12.36,12.36,12.35,12.36,8923
2026-03-27 16:30:00,12.3563,12.36,12.35,12.35,2195
2026-03-27 16:35:00,12.34,12.37,12.3287,12.33,14332
2026-03-27 16:40:00,12.33,12.35,12.33,12.35,7649
2026-03-27 16:45:00,12.35,12.35,12.33,12.33,1852
2026-03-27 16:55:00,12.34,12.34,12.33,12.33,825
2026-03-27 17:00:00,12.3498,12.3498,12.34,12.3401,1456
2026-03-27 17:05:00,12.34,12.34,12.3397,12.34,11247
2026-03-27 17:10:00,12.33,12.35,12.33,12.34,17314
2026-03-27 17:15:00,12.34,12.34,12.3304,12.3304,11873
2026-03-27 17:20:00,12.33,12.33,12.32,12.32,1935
2026-03-27 17:25:00,12.3126,12.3126,12.31,12.31,250
2026-03-27 17:35:00,12.33,12.33,12.33,12.33,736
2026-03-27 17:40:00,12.33,12.33,12.33,12.33,300
2026-03-27 17:50:00,12.3103,12.33,12.3103,12.33,3180
2026-03-27 17:55:00,12.33,12.35,12.33,12.3392,26309
2026-03-27 18:00:00,12.34,12.34,12.34,12.34,5049
2026-03-27 18:05:00,12.3574,12.3574,12.35,12.35,262
2026-03-27 18:10:00,12.36,12.36,12.36,12.36,1300
2026-03-27 18:15:00,12.38,12.38,12.36,12.37,1108
2026-03-27 18:20:00,12.37,12.38,12.37,12.37,6217
2026-03-27 18:25:00,12.38,12.38,12.37,12.38,3142
2026-03-27 18:30:00,12.37,12.39,12.37,12.39,16490
2026-03-27 18:35:00,12.4207,12.43,12.41,12.43,2123
2026-03-27 18:40:00,12.39,12.44,12.39,12.43,2701
2026-03-27 18:45:00,12.43,12.44,12.41,12.4301,3755
2026-03-27 18:50:00,12.43,12.43,12.3917,12.4,1147
2026-03-27 18:55:00,12.4,12.4191,12.3701,12.3701,9796
2026-03-27 19:00:00,12.4,12.42,12.4,12.4093,2026
2026-03-27 19:05:00,12.41,12.45,12.41,12.45,15209
2026-03-27 19:10:00,12.44,12.44,12.44,12.44,150
2026-03-27 19:15:00,12.42,12.4203,12.42,12.42,600
2026-03-27 19:20:00,12.42,12.42,12.42,12.42,2000
2026-03-27 19:25:00,12.4239,12.45,12.42,12.42,4369
2026-03-27 19:30:00,12.42,12.44,12.42,12.44,5944
2026-03-27 19:35:00,12.4206,12.45,12.4206,12.43,2836
2026-03-27 19:40:00,12.44,12.44,12.4299,12.4299,1084
2026-03-27 19:45:00,12.42,12.42,12.39,12.405,11322
2026-03-27 19:50:00,12.42,12.43,12.3802,12.3802,1929
2026-03-27 19:55:00,12.39,12.4493,12.39,12.4,2125
2026-03-30 04:00:00,11.97,11.99,11.76,11.82,102001
2026-03-30 04:05:00,11.78,11.78,11.73,11.74,3891
2026-03-30 04:10:00,11.7,11.74,11.68,11.6805,18240
2026-03-30 04:15:00,11.69,11.73,11.66,11.7,12060
2026-03-30 04:20:00,11.7,11.79,11.7,11.78,25343
2026-03-30 04:25:00,11.79,11.79,11.755,11.76,5110
2026-03-30 04:30:00,11.75,11.75,11.71,11.74,7838
2026-03-30 04:35:00,11.75,11.75,11.67,11.69,10309
2026-03-30 04:40:00,11.7,11.74,11.7,11.73,5896
2026-03-30 04:45:00,11.72,11.78,11.69,11.74,11157
2026-03-30 04:50:00,11.75,11.76,11.74,11.74,5327
2026-03-30 04:55:00,11.75,11.77,11.7495,11.77,9027
2026-03-30 05:00:00,11.76,11.79,11.75,11.79,6942
2026-03-30 05:05:00,11.78,11.79,11.76,11.79,11837
2026-03-30 05:10:00,11.79,11.815,11.7605,11.815,3969
2026-03-30 05:15:00,11.81,11.84,11.77,11.8,19266
2026-03-30 05:20:00,11.79,11.82,11.78,11.8,9681
2026-03-30 05:25:00,11.81,11.81,11.78,11.81,5592
2026-03-30 05:30:00,11.81,11.85,11.8,11.85,2352
2026-03-30 05:35:00,11.8495,11.8495,11.79,11.82,12655
2026-03-30 05:40:00,11.83,11.86,11.83,11.84,4869
2026-03-30 05:45:00,11.83,11.84,11.83,11.83,2345
2026-03-30 05:50:00,11.84,11.84,11.82,11.839,9080
2026-03-30 05:55:00,11.85,11.865,11.845,11.85,4155
2026-03-30 06:00:00,11.87,11.87,11.85,11.85,2045
2026-03-30 06:05:00,11.85,11.85,11.84,11.85,2049
2026-03-30 06:10:00,11.85,11.93,11.85,11.92,8202
2026-03-30 06:15:00,11.91,11.94,11.91,11.92,6098
2026-03-30 06:20:00,11.92,11.94,11.91,11.94,6726
2026-03-30 06:25:00,11.94,11.94,11.91,11.93,5093
2026-03-30 06:30:00,11.95,11.955,11.93,11.93,4750
2026-03-30 06:35:00,11.93,11.97,11.93,11.94,6249
2026-03-30 06:40:00,11.94,11.97,11.93,11.95,6422
2026-03-30 06:45:00,11.95,11.95,11.9,11.9,8069
2026-03-30 06:50:00,11.9,11.92,11.88,11.91,8859
2026-03-30 06:55:00,11.91,11.939,11.91,11.92,6685
2026-03-30 07:00:00,11.92,11.98,11.91,11.925,26237
2026-03-30 07:05:00,11.92,11.92,11.88,11.88,11990
2026-03-30 07:10:00,11.9,11.9,11.88,11.89,2743
2026-03-30 07:15:00,11.89,11.9,11.875,11.88,7047
2026-03-30 07:20:00,11.9,11.905,11.82,11.84,11106
2026-03-30 07:25:00,11.85,11.87,11.66,11.76,200299
2026-03-30 07:30:00,11.7601,11.87,11.72,11.84,51778
2026-03-30 07:35:00,11.85,11.8897,11.815,11.87,28372
2026-03-30 07:40:00,11.86,11.88,11.83,11.85,11725
2026-03-30 07:45:00,11.85,11.86,11.8,11.81,7428
2026-03-30 07:50:00,11.805,11.88,11.79,11.85,18818
2026-03-30 07:55:00,11.86,11.88,11.86,11.86,7229
2026-03-30 08:00:00,11.84,11.9,11.83,11.84,31306
2026-03-30 08:05:00,11.84,11.84,11.78,11.81,14667
2026-03-30 08:10:00,11.8198,11.8198,11.76,11.77,16477
2026-03-30 08:15:00,11.77,11.78,11.73,11.73,12495
2026-03-30 08:20:00,11.75,11.75,11.71,11.73,8186
2026-03-30 08:25:00,11.74,11.77,11.72,11.72,13905
2026-03-30 08:30:00,11.73,11.73,11.66,11.67,19234
2026-03-30 08:35:00,11.67,11.71,11.67,11.7,5609
2026-03-30 08:40:00,11.6901,11.7,11.68,11.69,8068
2026-03-30 08:45:00,11.69,11.7,11.6778,11.69,3682
2026-03-30 08:50:00,11.69,11.7,11.66,11.67,8377
2026-03-30 08:55:00,11.675,11.69,11.65,11.67,11549
2026-03-30 09:00:00,11.65,11.68,11.64,11.65,8370
2026-03-30 09:05:00,11.64,11.68,11.64,11.67,5366
2026-03-30 09:10:00,11.66,11.67,11.65,11.65,6847
2026-03-30 09:15:00,11.66,11.6601,11.6397,11.66,7952
2026-03-30 09:20:00,11.66,11.66,11.6,11.63,20493
2026-03-30 09:25:00,11.63,11.66,11.61,11.66,14424
2026-03-30 09:30:00,11.66,11.8,11.5,11.605,293549
2026-03-30 09:35:00,11.61,11.86,11.605,11.81,288748
2026-03-30 09:40:00,11.805,12.03,11.805,11.89,356778
2026-03-30 09:45:00,11.88,12.105,11.8214,12.035,337324
2026-03-30 09:50:00,12.02,12.06,11.88,11.97,216867
2026-03-30 09:55:00,11.985,12.15,11.98,12.065,264038
2026-03-30 10:00:00,12.06,12.1,11.93,12.01,235907
2026-03-30 10:05:00,12.01,12.1199,11.99,11.99,229112
2026-03-30 10:10:00,11.9993,12.06,11.93,11.9703,135365
2026-03-30 10:15:00,11.965,12.215,11.9599,12.175,250032
2026-03-30 10:20:00,12.175,12.2,12.08,12.085,93284
2026-03-30 10:25:00,12.09,12.335,12.075,12.315,131735
2026-03-30 10:30:00,12.32,12.33,12.265,12.275,143491
2026-03-30 10:35:00,12.27,12.33,12.205,12.2211,198308
2026-03-30 10:40:00,12.22,12.41,12.1799,12.355,165209
2026-03-30 10:45:00,12.365,12.38,12.1,12.165,218984
2026-03-30 10:50:00,12.16,12.21,12.025,12.075,149509
2026-03-30 10:55:00,12.07,12.13,11.9299,11.94,181405
2026-03-30 11:00:00,11.94,11.94,11.82,11.84,210894
2026-03-30 11:05:00,11.82,12.035,11.785,12.01,227223
2026-03-30 11:10:00,12.015,12.1101,12.005,12.105,130420
2026-03-30 11:15:00,12.1,12.18,12.09,12.175,129126
2026-03-30 11:20:00,12.17,12.19,12.08,12.085,100486
2026-03-30 11:25:00,12.085,12.1,12.01,12.09,65729
2026-03-30 11:30:00,12.09,12.14,11.9401,11.95,101094
2026-03-30 11:35:00,11.94,11.97,11.87,11.945,137948
2026-03-30 11:40:00,11.95,12.005,11.94,11.94,98925
2026-03-30 11:45:00,11.94,12.015,11.94,11.99,40958
2026-03-30 11:50:00,11.99,11.99,11.88,11.9,47239
2026-03-30 11:55:00,11.93,12.02,11.93,11.95,109504
2026-03-30 12:00:00,11.955,12.115,11.94,12.115,83249
2026-03-30 12:05:00,12.13,12.13,12.045,12.06,100137
2026-03-30 12:10:00,12.04,12.135,12.01,12.12,59961
2026-03-30 12:15:00,12.12,12.235,12.12,12.22,93716
2026-03-30 12:20:00,12.1901,12.275,12.1901,12.21,79033
2026-03-30 12:25:00,12.21,12.24,12.185,12.23,52231
2026-03-30 12:30:00,12.235,12.26,12.15,12.16,70155
2026-03-30 12:35:00,12.15,12.15,12.07,12.13,79170
2026-03-30 12:40:00,12.13,12.28,12.13,12.25,55601
2026-03-30 12:45:00,12.27,12.295,12.165,12.24,69058
2026-03-30 12:50:00,12.27,12.37,12.265,12.365,115162
2026-03-30 12:55:00,12.38,12.4301,12.3503,12.3503,94312
2026-03-30 13:00:00,12.35,12.44,12.32,12.435,72235
2026-03-30 13:05:00,12.435,12.485,12.3705,12.45,68330
2026-03-30 13:10:00,12.46,12.545,12.46,12.5298,93375
2026-03-30 13:15:00,12.525,12.6499,12.51,12.595,98973
2026-03-30 13:20:00,12.59,12.77,12.555,12.76,118234
2026-03-30 13:25:00,12.76,12.82,12.715,12.755,135651
2026-03-30 13:30:00,12.75,12.7789,12.6711,12.7,120671
2026-03-30 13:35:00,12.7,12.795,12.7,12.71,97590
2026-03-30 13:40:00,12.715,12.81,12.695,12.695,74404
2026-03-30 13:45:00,12.695,12.775,12.59,12.725,206629
2026-03-30 13:50:00,12.73,12.77,12.7,12.75,73246
2026-03-30 13:55:00,12.745,12.78,12.685,12.69,91045
2026-03-30 14:00:00,12.695,12.72,12.575,12.655,96719
2026-03-30 14:05:00,12.65,12.735,12.635,12.72,70348
2026-03-30 14:10:00,12.7012,12.725,12.65,12.69,111747
2026-03-30 14:15:00,12.7,12.79,12.695,12.705,90369
2026-03-30 14:20:00,12.7,12.7451,12.65,12.73,61870
2026-03-30 14:25:00,12.735,12.815,12.7199,12.77,109032
2026-03-30 14:30:00,12.76,12.77,12.655,12.6669,130517
2026-03-30 14:35:00,12.66,12.735,12.5887,12.72,80580
2026-03-30 14:40:00,12.72,12.795,12.71,12.76,69183
2026-03-30 14:45:00,12.7601,12.865,12.715,12.8399,74420
2026-03-30 14:50:00,12.85,12.91,12.84,12.9007,82748
2026-03-30 14:55:00,12.9,12.98,12.895,12.95,65650
2026-03-30 15:00:00,12.95,13.04,12.92,13.04,78216
2026-03-30 15:05:00,13.0499,13.2284,13.045,13.19,187005
2026-03-30 15:10:00,13.185,13.29,13.185,13.265,145235
2026-03-30 15:15:00,13.26,13.275,13.2,13.25,141231
2026-03-30 15:20:00,13.2401,13.26,13.2,13.26,79619
2026-03-30 15:25:00,13.26,13.35,13.225,13.32,125344
2026-03-30 15:30:00,13.31,13.315,13.245,13.2788,123084
2026-03-30 15:35:00,13.275,13.275,13.16,13.16,114459
2026-03-30 15:40:00,13.16,13.23,13.13,13.14,79417
2026-03-30 15:45:00,13.1599,13.165,13.1,13.14,96010
2026-03-30 15:50:00,13.13,13.265,13.13,13.21,188070
2026-03-30 15:55:00,13.19,13.2579,13.13,13.23,123002
2026-03-30 16:00:00,13.21,13.25,13.16,13.21,10186
2026-03-30 16:05:00,13.21,13.21,13.1416,13.1747,3999
2026-03-30 16:10:00,13.17,13.18,13.1501,13.1501,6895
2026-03-30 16:15:00,13.15,13.18,13.15,13.18,6576
2026-03-30 16:20:00,13.15,13.15,13.11,13.13,37936
2026-03-30 16:25:00,13.1193,13.14,13.0622,13.09,4408
2026-03-30 16:30:00,13.1197,13.15,13.1197,13.15,1056
2026-03-30 16:35:00,13.12,13.13,13.12,13.13,1520
2026-03-30 16:40:00,13.1,13.13,13.1,13.12,3377
2026-03-30 16:45:00,13.11,13.18,13.11,13.18,1854
2026-03-30 16:50:00,13.13,13.13,13.12,13.12,2752
2026-03-30 16:55:00,13.12,13.13,13.12,13.13,3499
2026-03-30 17:00:00,13.15,13.17,13.15,13.17,360
2026-03-30 17:05:00,13.15,13.15,13.15,13.15,1000
2026-03-30 17:10:00,13.0892,13.14,13.0892,13.13,3084
2026-03-30 17:15:00,13.09,13.09,13.0566,13.09,1793
2026-03-30 17:20:00,13.05,13.1,13.0,13.0,8037
2026-03-30 17:25:00,13.09,13.09,13.09,13.09,3402
2026-03-30 17:30:00,13.06,13.09,13.06,13.0709,2224
2026-03-30 17:35:00,13.09,13.09,13.0765,13.0765,4283
2026-03-30 17:40:00,13.08,13.12,13.08,13.12,1633
2026-03-30 17:50:00,13.11,13.11,13.11,13.11,300
2026-03-30 17:55:00,13.1187,13.14,13.1187,13.14,1212
2026-03-30 18:00:00,13.13,13.13,13.0485,13.0485,760
2026-03-30 18:05:00,13.041,13.041,13.041,13.041,1000
2026-03-30 18:10:00,13.13,13.14,13.13,13.13,6832
2026-03-30 18:15:00,13.13,13.13,13.08,13.13,3648
2026-03-30 18:20:00,13.14,13.14,13.1189,13.1189,802
2026-03-30 18:25:00,13.1,13.12,13.1,13.1,1947
2026-03-30 18:30:00,13.13,13.14,13.11,13.11,2273
2026-03-30 18:35:00,13.11,13.11,13.11,13.11,135
2026-03-30 18:40:00,13.1,13.1,13.1,13.1,100
2026-03-30 18:45:00,13.1,13.12,13.1,13.12,3737
2026-03-30 18:50:00,13.12,13.12,13.11,13.11,250
2026-03-30 18:55:00,13.12,13.15,13.12,13.13,1071
2026-03-30 19:00:00,13.16,13.21,13.14,13.21,10405
2026-03-30 19:05:00,13.22,13.23,13.19,13.19,6252
2026-03-30 19:10:00,13.25,13.27,13.25,13.2606,2179
2026-03-30 19:15:00,13.2174,13.22,13.1968,13.22,2296
2026-03-30 19:20:00,13.212,13.212,13.2,13.202,2955
2026-03-30 19:35:00,13.17,13.17,13.15,13.15,1000
2026-03-30 19:40:00,13.15,13.19,13.1401,13.19,11975
2026-03-30 19:45:00,13.1652,13.1652,13.1652,13.1652,200
2026-03-30 19:55:00,13.2,13.2,13.17,13.18,5300
2026-03-31 04:00:00,12.63,12.84,12.52,12.61,117073
2026-03-31 04:05:00,12.6025,12.63,12.54,12.54,18430
2026-03-31 04:10:00,12.54,12.71,12.53,12.7,21358
2026-03-31 04:15:00,12.71,12.71,12.645,12.67,7723
2026-03-31 04:20:00,12.66,12.69,12.6,12.69,17947
2026-03-31 04:25:00,12.7,12.73,12.69,12.71,8568
2026-03-31 04:30:00,12.705,12.77,12.705,12.75,13880
2026-03-31 04:35:00,12.75,12.8,12.73,12.8,18161
2026-03-31 04:40:00,12.81,12.92,12.8,12.91,42682
2026-03-31 04:45:00,12.9,12.96,12.8,12.8,44689
2026-03-31 04:50:00,12.8,12.81,12.69,12.73,79925
2026-03-31 04:55:00,12.73,12.775,12.73,12.76,26586
2026-03-31 05:00:00,12.77,12.8,12.73,12.73,41794
2026-03-31 05:05:00,12.74,12.81,12.67,12.8,35756
2026-03-31 05:10:00,12.8,12.86,12.79,12.84,27264
2026-03-31 05:15:00,12.85,12.91,12.84,12.91,14442
2026-03-31 05:20:00,12.92,12.92,12.89,12.91,28152
2026-03-31 05:25:00,12.9,13.04,12.9,13.02,64517
2026-03-31 05:30:00,13.02,13.04,12.96,12.99,28879
2026-03-31 05:35:00,12.99,13.01,12.97,13.01,23484
2026-03-31 05:40:00,13.0,13.01,12.97,12.98,8401
2026-03-31 05:45:00,12.98,13.04,12.98,13.02,8840
2026-03-31 05:50:00,13.03,13.05,12.94,12.95,50784
2026-03-31 05:55:00,12.96,13.11,12.95,13.09,34501
2026-03-31 06:00:00,13.08,13.08,13.03,13.03,21982
2026-03-31 06:05:00,13.03,13.04,12.95,12.97,13793
2026-03-31 06:10:00,12.96,12.97,12.95,12.96,7351
2026-03-31 06:15:00,12.97,12.98,12.93,12.95,11671
2026-03-31 06:20:00,12.97,13.0,12.97,12.97,16264
2026-03-31 06:25:00,12.98,13.02,12.96,12.96,18872
2026-03-31 06:30:00,12.97,13.02,12.97,13.02,13966
2026-03-31 06:35:00,13.0,13.13,13.0,13.12,48905
2026-03-31 06:40:00,13.12,13.155,13.095,13.13,24839
2026-03-31 06:45:00,13.14,13.15,13.04,13.055,26551
2026-03-31 06:50:00,13.055,13.055,12.98,12.99,44875
2026-03-31 06:55:00,13.0,13.03,13.0,13.03,20888
2026-03-31 07:00:00,13.03,13.1302,13.0299,13.04,54788
2026-03-31 07:05:00,13.04,13.16,13.04,13.14,25950
2026-03-31 07:10:00,13.14,13.14,12.79,12.98,314658
2026-03-31 07:15:00,12.99,13.02,12.8,12.89,143362
2026-03-31 07:20:00,12.9,12.93,12.83,12.88,47246
2026-03-31 07:25:00,12.8798,12.94,12.87,12.93,27216
2026-03-31 07:30:00,12.91,12.95,12.84,12.84,29718
2026-03-31 07:35:00,12.85,12.9,12.84,12.84,29838
2026-03-31 07:40:00,12.83,12.92,12.83,12.85,29329
2026-03-31 07:45:00,12.8502,12.92,12.8502,12.87,40036
2026-03-31 07:50:00,12.86,12.93,12.86,12.89,38832
2026-03-31 07:55:00,12.88,12.88,12.85,12.85,7689
2026-03-31 08:00:00,12.845,12.845,12.76,12.78,43585
2026-03-31 08:05:00,12.78,12.82,12.7,12.75,45564
2026-03-31 08:10:00,12.75,12.97,12.75,12.96,92025
2026-03-31 08:15:00,12.95,13.01,12.83,12.87,69557
2026-03-31 08:20:00,12.88,12.97,12.87,12.96,22437
2026-03-31 08:25:00,12.95,12.96,12.77,12.78,73754
2026-03-31 08:30:00,12.78,12.9,12.76,12.87,76371
2026-03-31 08:35:00,12.86,12.86,12.755,12.79,69208
2026-03-31 08:40:00,12.79,12.83,12.75,12.75,70180
2026-03-31 08:45:00,12.75,12.85,12.73,12.85,49466
2026-03-31 08:50:00,12.84,12.86,12.82,12.84,20400
2026-03-31 08:55:00,12.84,12.905,12.84,12.87,21356
2026-03-31 09:00:00,12.88,12.89,12.84,12.88,25115
2026-03-31 09:05:00,12.87,12.87,12.81,12.82,26639
2026-03-31 09:10:00,12.81,12.835,12.8,12.82,17528
2026-03-31 09:15:00,12.8203,12.8203,12.76,12.79,34686
2026-03-31 09:20:00,12.78,12.81,12.78,12.8,8244
2026-03-31 09:25:00,12.79,12.87,12.79,12.85,34678
2026-03-31 09:30:00,12.87,13.2499,12.72,13.125,468142
2026-03-31 09:35:00,13.13,13.23,13.0,13.14,332480
2026-03-31 09:40:00,13.14,13.1793,12.97,13.17,255857
2026-03-31 09:45:00,13.17,13.17,12.84,12.8594,402876
2026-03-31 09:50:00,12.86,13.0189,12.85,12.89,288025
2026-03-31 09:55:00,12.885,13.1,12.83,13.0,253550
2026-03-31 10:00:00,13.02,13.13,12.92,13.105,274769
2026-03-31 10:05:00,13.11,13.28,13.0901,13.22,349460
2026-03-31 10:10:00,13.21,13.26,13.12,13.12,362411
2026-03-31 10:15:00,13.13,13.16,13.025,13.05,231196
2026-03-31 10:20:00,13.05,13.175,13.05,13.115,354379
2026-03-31 10:25:00,13.13,13.23,13.055,13.055,166492
2026-03-31 10:30:00,13.08,13.235,13.045,13.235,238402
2026-03-31 10:35:00,13.24,13.4599,13.215,13.4,213662
2026-03-31 10:40:00,13.4,13.47,13.33,13.4086,186480
2026-03-31 10:45:00,13.405,13.75,13.395,13.745,239830
2026-03-31 10:50:00,13.75,14.02,13.75,13.93,427262
2026-03-31 10:55:00,13.94,14.03,13.88,13.93,365051
2026-03-31 11:00:00,13.94,13.95,13.79,13.795,252691
2026-03-31 11:05:00,13.8,13.805,13.57,13.67,323678
2026-03-31 11:10:00,13.6701,13.679,13.53,13.54,203205
2026-03-31 11:15:00,13.54,13.62,13.5,13.58,272584
2026-03-31 11:20:00,13.57,13.645,13.4524,13.49,280329
2026-03-31 11:25:00,13.5,13.65,13.465,13.625,263182
2026-03-31 11:30:00,13.63,13.729,13.54,13.57,326110
2026-03-31 11:35:00,13.55,13.66,13.49,13.64,149956
2026-03-31 11:40:00,13.63,13.7989,13.6,13.735,209824
2026-03-31 11:45:00,13.75,13.8,13.61,13.63,176737
2026-03-31 11:50:00,13.6397,13.65,13.495,13.58,138056
2026-03-31 11:55:00,13.575,13.715,13.5502,13.66,136772
2026-03-31 12:00:00,13.65,13.7401,13.57,13.71,160759
2026-03-31 12:05:00,13.7011,13.71,13.61,13.635,116300
2026-03-31 12:10:00,13.63,13.8201,13.615,13.68,132073
2026-03-31 12:15:00,13.69,13.74,13.6202,13.715,77674
2026-03-31 12:20:00,13.72,13.77,13.63,13.63,102833
2026-03-31 12:25:00,13.62,13.66,13.57,13.65,105503
2026-03-31 12:30:00,13.65,13.72,13.58,13.6301,116874
2026-03-31 12:35:00,13.64,13.72,13.375,13.375,269730
2026-03-31 12:40:00,13.38,13.38,12.885,13.07,895380
2026-03-31 12:45:00,13.08,13.29,13.05,13.12,374565
2026-03-31 12:50:00,13.13,13.2399,12.955,13.12,344547
2026-03-31 12:55:00,13.13,13.275,13.1,13.1,184481
2026-03-31 13:00:00,13.1,13.14,12.88,12.98,205700
2026-03-31 13:05:00,12.975,13.21,12.975,13.165,236761
2026-03-31 13:10:00,13.17,13.18,12.79,12.8619,250416
2026-03-31 13:15:00,12.87,12.87,12.66,12.7301,302425
2026-03-31 13:20:00,12.72,12.8,12.635,12.71,293162
2026-03-31 13:25:00,12.7,13.12,12.7,13.07,332892
2026-03-31 13:30:00,13.08,13.13,12.945,12.955,245208
2026-03-31 13:35:00,12.96,13.2299,12.9,13.13,309546
2026-03-31 13:40:00,13.13,13.2,13.07,13.08,129712
2026-03-31 13:45:00,13.08,13.09,12.99,13.005,97230
2026-03-31 13:50:00,13.0,13.135,12.975,13.09,70097
2026-03-31 13:55:00,13.08,13.23,13.08,13.19,129038
2026-03-31 14:00:00,13.2,13.2,13.005,13.04,115010
2026-03-31 14:05:00,13.04,13.04,12.92,12.94,84794
2026-03-31 14:10:00,12.95,12.98,12.87,12.875,100160
2026-03-31 14:15:00,12.88,12.98,12.84,12.96,111400
2026-03-31 14:20:00,12.96,12.96,12.91,12.95,52074
2026-03-31 14:25:00,12.94,13.0,12.89,12.92,123059
2026-03-31 14:30:00,12.91,12.95,12.82,12.8399,84908
2026-03-31 14:35:00,12.85,12.8899,12.7308,12.77,125061
2026-03-31 14:40:00,12.77,12.86,12.75,12.76,79661
2026-03-31 14:45:00,12.76,12.77,12.69,12.75,88965
2026-03-31 14:50:00,12.75,12.8,12.71,12.765,85136
2026-03-31 14:55:00,12.765,12.82,12.75,12.7896,87734
2026-03-31 15:00:00,12.78,12.785,12.67,12.7099,69041
2026-03-31 15:05:00,12.71,12.8,12.71,12.79,49062
2026-03-31 15:10:00,12.79,12.79,12.67,12.695,111105
2026-03-31 15:15:00,12.7,12.72,12.61,12.7,79911
2026-03-31 15:20:00,12.7,12.72,12.66,12.6793,79167
2026-03-31 15:25:00,12.675,12.745,12.66,12.7098,71691
2026-03-31 15:30:00,12.7,12.745,12.645,12.72,71487
2026-03-31 15:35:00,12.72,12.72,12.62,12.65,107511
2026-03-31 15:40:00,12.675,12.685,12.59,12.61,110346
2026-03-31 15:45:00,12.61,12.63,12.5,12.51,133181
2026-03-31 15:50:00,12.5,12.5,12.4,12.45,338148
2026-03-31 15:55:00,12.44,12.585,12.44,12.48,318056
2026-03-31 16:00:00,12.48,12.54,12.48,12.53,9582
2026-03-31 16:05:00,12.5579,12.6,12.45,12.45,4045
2026-03-31 16:10:00,12.45,12.45,12.3893,12.3893,1306
2026-03-31 16:15:00,12.39,12.46,12.39,12.46,3036
2026-03-31 16:20:00,12.46,12.49,12.46,12.46,5233
2026-03-31 16:25:00,12.48,12.48,12.48,12.48,118
2026-03-31 16:30:00,12.47,12.49,12.47,12.49,357
2026-03-31 16:35:00,12.4893,12.4893,12.45,12.46,2115
2026-03-31 16:40:00,12.48,12.51,12.48,12.5001,2153
2026-03-31 16:45:00,12.5,12.5005,12.48,12.48,1352
2026-03-31 16:50:00,12.47,12.47,12.4307,12.4307,1133
2026-03-31 16:55:00,12.46,12.46,12.45,12.45,500
2026-03-31 17:00:00,12.47,12.47,12.4572,12.46,574
2026-03-31 17:05:00,12.5,12.5,12.46,12.48,2189
2026-03-31 17:10:00,12.5,12.52,12.49,12.52,9726
2026-03-31 17:15:00,12.5292,12.5292,12.51,12.51,584
2026-03-31 17:20:00,12.53,12.53,12.5,12.5,4628
2026-03-31 17:25:00,12.4909,12.4909,12.4909,12.4909,484
2026-03-31 17:30:00,12.49,12.491,12.49,12.491,650
2026-03-31 17:35:00,12.5,12.5391,12.5,12.5391,3936
2026-03-31 17:45:00,12.49,12.5209,12.48,12.51,3071
2026-03-31 17:50:00,12.4806,12.4842,12.45,12.45,3380
2026-03-31 17:55:00,12.45,12.45,12.4,12.44,3092
2026-03-31 18:00:00,12.44,12.46,12.41,12.41,5571
2026-03-31 18:05:00,12.46,12.46,12.46,12.46,200
2026-03-31 18:15:00,12.43,12.43,12.42,12.42,1417
2026-03-31 18:25:00,12.41,12.41,12.41,12.41,528
2026-03-31 18:30:00,12.4,12.41,12.4,12.41,595
2026-03-31 18:40:00,12.4107,12.43,12.4107,12.43,659
2026-03-31 18:45:00,12.45,12.45,12.4179,12.4179,1377
2026-03-31 18:55:00,12.4196,12.42,12.4196,12.42,1247
2026-03-31 19:00:00,12.41,12.43,12.41,12.43,3695
2026-03-31 19:05:00,12.43,12.4398,12.43,12.4398,6049
2026-03-31 19:10:00,12.41,12.45,12.41,12.45,6670
2026-03-31 19:15:00,12.43,12.43,12.4,12.4,4852
2026-03-31 19:20:00,12.39,12.44,12.39,12.44,31400
2026-03-31 19:25:00,12.4019,12.439,12.4019,12.439,830
2026-03-31 19:30:00,12.42,12.42,12.4,12.4,3640
2026-03-31 19:35:00,12.38,12.3889,12.35,12.3883,3233
2026-03-31 19:40:00,12.32,12.38,12.31,12.31,1867
2026-03-31 19:45:00,12.36,12.36,12.34,12.34,8734
2026-03-31 19:50:00,12.31,12.33,12.31,12.33,7738
2026-03-31 19:55:00,12.36,12.45,12.36,12.41,11577
2026-04-01 04:00:00,12.0,12.43,11.75,11.92,163939
2026-04-01 04:05:00,11.99,12.06,11.99,12.05,12392
2026-04-01 04:10:00,12.05,12.14,12.05,12.12,11084
2026-04-01 04:15:00,12.12,12.12,12.05,12.1,11342
2026-04-01 04:20:00,12.09,12.09,12.04,12.07,20384
2026-04-01 04:25:00,12.06,12.06,11.96,12.02,37688
2026-04-01 04:30:00,12.01,12.02,11.99,12.0,3921
2026-04-01 04:35:00,11.99,12.01,11.96,11.97,16133
2026-04-01 04:40:00,11.96,12.02,11.96,11.98,9053
2026-04-01 04:45:00,11.98,12.03,11.98,12.0,8450
2026-04-01 04:50:00,12.0,12.08,11.96,11.99,31453
2026-04-01 04:55:00,11.99,12.04,11.98,12.01,8317
2026-04-01 05:00:00,12.02,12.04,12.0,12.03,9370
2026-04-01 05:05:00,12.03,12.12,12.02,12.11,4966
2026-04-01 05:10:00,12.11,12.21,12.1,12.21,40040
2026-04-01 05:15:00,12.21,12.25,12.2,12.24,8398
2026-04-01 05:20:00,12.24,12.3,12.23,12.23,31025
2026-04-01 05:25:00,12.23,12.23,12.2,12.21,8907
2026-04-01 05:30:00,12.2,12.21,12.09,12.12,27078
2026-04-01 05:35:00,12.13,12.18,12.11,12.18,7441
2026-04-01 05:40:00,12.19,12.24,12.17,12.19,15349
2026-04-01 05:45:00,12.18,12.19,12.13,12.13,8860
2026-04-01 05:50:00,12.11,12.13,12.08,12.13,7757
2026-04-01 05:55:00,12.11,12.14,12.1,12.13,5356
2026-04-01 06:00:00,12.14,12.16,12.1,12.16,11347
2026-04-01 06:05:00,12.16,12.17,12.14,12.17,2835
2026-04-01 06:10:00,12.18,12.19,12.11,12.14,7381
2026-04-01 06:15:00,12.16,12.16,12.14,12.14,7125
2026-04-01 06:20:00,12.11,12.11,12.11,12.11,370
2026-04-01 06:25:00,12.11,12.17,12.11,12.15,4668
2026-04-01 06:30:00,12.15,12.18,12.12,12.18,6490
2026-04-01 06:35:00,12.17,12.19,12.14,12.14,5278
2026-04-01 06:40:00,12.15,12.15,12.12,12.12,5632
2026-04-01 06:45:00,12.13,12.13,12.09,12.11,6277
2026-04-01 06:50:00,12.1,12.12,12.08,12.1,5298
2026-04-01 06:55:00,12.1,12.16,12.1,12.13,4387
2026-04-01 07:00:00,12.11,12.12,12.04,12.07,16332
2026-04-01 07:05:00,12.07,12.12,12.04,12.12,25984
2026-04-01 07:10:00,12.12,12.13,12.06,12.08,7367
2026-04-01 07:15:00,12.07,12.09,12.06,12.09,2820
2026-04-01 07:20:00,12.11,12.12,12.09,12.0999,10909
2026-04-01 07:25:00,12.09,12.1,12.07,12.09,11659
2026-04-01 07:30:00,12.08,12.09,12.05,12.08,8090
2026-04-01 07:35:00,12.08,12.1,12.05,12.07,11391
2026-04-01 07:40:00,12.07,12.12,12.06,12.1,14680
2026-04-01 07:45:00,12.0997,12.12,12.08,12.09,7380
2026-04-01 07:50:00,12.09,12.1,12.06,12.09,12576
2026-04-01 07:55:00,12.09,12.12,12.08,12.11,7451
2026-04-01 08:00:00,12.1,12.17,12.09,12.16,36234
2026-04-01 08:05:00,12.16,12.18,12.13,12.17,8036
2026-04-01 08:10:00,12.15,12.16,12.14,12.14,12841
2026-04-01 08:15:00,12.14,12.16,12.12,12.12,7812
2026-04-01 08:20:00,12.15,12.19,12.15,12.17,4704
2026-04-01 08:25:00,12.16,12.22,12.15,12.19,2463
2026-04-01 08:30:00,12.2,12.2199,12.19,12.2199,6418
2026-04-01 08:35:00,12.21,12.29,12.2,12.29,22678
2026-04-01 08:40:00,12.2894,12.29,12.06,12.09,55400
2026-04-01 08:45:00,12.09,12.27,11.98,12.23,112153
2026-04-01 08:50:00,12.23,12.26,12.18,12.2502,15202
2026-04-01 08:55:00,12.26,12.26,12.22,12.23,9867
2026-04-01 09:00:00,12.22,12.31,12.22,12.3,17748
2026-04-01 09:05:00,12.29,12.34,12.28,12.28,18525
2026-04-01 09:10:00,12.26,12.3,12.23,12.23,14887
2026-04-01 09:15:00,12.21,12.24,12.21,12.21,18523
2026-04-01 09:20:00,12.2,12.26,12.2,12.24,9596
2026-04-01 09:25:00,12.23,12.25,12.2,12.25,13492
2026-04-01 09:30:00,12.21,12.54,12.21,12.32,282858
2026-04-01 09:35:00,12.32,12.5,12.29,12.435,224428
2026-04-01 09:40:00,12.435,12.83,12.435,12.72,553350
2026-04-01 09:45:00,12.7,13.03,12.66,12.93,546166
2026-04-01 09:50:00,12.92,12.98,12.715,12.82,386218
2026-04-01 09:55:00,12.84,12.925,12.815,12.84,166631
2026-04-01 10:00:00,12.84,12.87,12.68,12.76,167375
2026-04-01 10:05:00,12.75,12.87,12.685,12.81,190618
2026-04-01 10:10:00,12.81,12.94,12.78,12.865,221038
2026-04-01 10:15:00,12.86,12.86,12.73,12.74,190028
2026-04-01 10:20:00,12.7499,12.81,12.62,12.73,279306
2026-04-01 10:25:00,12.73,12.77,12.64,12.64,132704
2026-04-01 10:30:00,12.63,12.805,12.54,12.8,249572
2026-04-01 10:35:00,12.79,12.94,12.7,12.75,310585
2026-04-01 10:40:00,12.77,12.93,12.77,12.905,181018
2026-04-01 10:45:00,12.905,12.94,12.785,12.785,135047
2026-04-01 10:50:00,12.79,12.85,12.69,12.7597,133485
2026-04-01 10:55:00,12.75,12.8,12.715,12.73,97790
2026-04-01 11:00:00,12.7389,12.89,12.695,12.87,141290
2026-04-01 11:05:00,12.875,12.8889,12.79,12.8399,91796
2026-04-01 11:10:00,12.84,12.9189,12.8,12.8299,113664
2026-04-01 11:15:00,12.82,12.92,12.805,12.86,77474
2026-04-01 11:20:00,12.87,12.92,12.82,12.835,144719
2026-04-01 11:25:00,12.83,12.87,12.77,12.825,144506
2026-04-01 11:30:00,12.83,12.89,12.72,12.75,167950
2026-04-01 11:35:00,12.74,12.74,12.64,12.7001,94407
2026-04-01 11:40:00,12.71,12.74,12.655,12.73,53598
2026-04-01 11:45:00,12.74,12.74,12.65,12.69,82279
2026-04-01 11:50:00,12.69,12.7,12.58,12.59,104480
2026-04-01 11:55:00,12.59,12.65,12.58,12.595,48088
2026-04-01 12:00:00,12.605,12.705,12.6,12.705,99442
2026-04-01 12:05:00,12.705,12.735,12.655,12.69,80646
2026-04-01 12:10:00,12.69,12.8287,12.6786,12.8,100703
2026-04-01 12:15:00,12.81,12.85,12.745,12.75,81716
2026-04-01 12:20:00,12.74,12.7699,12.66,12.6898,43114
2026-04-01 12:25:00,12.69,12.7499,12.66,12.73,53595
2026-04-01 12:30:00,12.7296,12.81,12.69,12.765,93785
2026-04-01 12:35:00,12.75,12.75,12.61,12.65,63705
2026-04-01 12:40:00,12.65,12.6699,12.5,12.51,129949
2026-04-01 12:45:00,12.51,12.58,12.51,12.53,53154
2026-04-01 12:50:00,12.52,12.61,12.49,12.515,103268
2026-04-01 12:55:00,12.52,12.535,12.475,12.49,33528
2026-04-01 13:00:00,12.5,12.505,12.28,12.34,331533
2026-04-01 13:05:00,12.35,12.39,12.34,12.37,135633
2026-04-01 13:10:00,12.375,12.43,12.375,12.415,54514
2026-04-01 13:15:00,12.41,12.465,12.395,12.425,65375
2026-04-01 13:20:00,12.425,12.61,12.425,12.53,133401
2026-04-01 13:25:00,12.5392,12.56,12.49,12.54,50041
2026-04-01 13:30:00,12.55,12.615,12.5098,12.6094,53166
2026-04-01 13:35:00,12.605,12.69,12.59,12.61,138876
2026-04-01 13:40:00,12.62,12.65,12.595,12.61,33906
2026-04-01 13:45:00,12.605,12.755,12.605,12.755,85412
2026-04-01 13:50:00,12.75,12.77,12.71,12.74,93580
2026-04-01 13:55:00,12.735,12.854,12.73,12.845,85730
2026-04-01 14:00:00,12.84,13.015,12.82,12.98,306990
2026-04-01 14:05:00,12.98,12.985,12.905,12.97,135709
2026-04-01 14:10:00,12.97,12.995,12.905,12.995,71092
2026-04-01 14:15:00,12.9999,13.08,12.99,13.05,140094
2026-04-01 14:20:00,13.05,13.105,12.99,13.1,117337
2026-04-01 14:25:00,13.095,13.1,12.985,13.05,125709
2026-04-01 14:30:00,13.05,13.095,13.005,13.08,134982
2026-04-01 14:35:00,13.1,13.165,13.01,13.04,209379
2026-04-01 14:40:00,13.04,13.04,12.935,13.01,89043
2026-04-01 14:45:00,13.005,13.055,12.9951,13.02,55071
2026-04-01 14:50:00,13.02,13.0895,13.02,13.05,50344
2026-04-01 14:55:00,13.05,13.11,13.035,13.035,69509
2026-04-01 15:00:00,13.04,13.05,12.9703,13.03,65674
2026-04-01 15:05:00,13.02,13.03,12.975,13.015,48994
2026-04-01 15:10:00,13.02,13.06,12.99,13.055,56466
2026-04-01 15:15:00,13.0598,13.08,12.99,13.005,37023
2026-04-01 15:20:00,13.005,13.0199,12.98,12.99,21604
2026-04-01 15:25:00,12.99,12.99,12.875,12.88,79430
2026-04-01 15:30:00,12.875,12.985,12.8685,12.97,50450
2026-04-01 15:35:00,12.97,13.02,12.93,12.95,58040
2026-04-01 15:40:00,12.95,12.9599,12.89,12.89,70464
2026-04-01 15:45:00,12.9,12.9,12.79,12.8,62534
2026-04-01 15:50:00,12.8,12.91,12.795,12.83,113357
2026-04-01 15:55:00,12.83,12.91,12.83,12.9,143622
2026-04-01 16:00:00,12.88,12.9951,12.86,12.9951,13126
2026-04-01 16:05:00,12.995,12.999,12.92,12.92,5282
2026-04-01 16:10:00,12.9015,12.9783,12.9015,12.9783,396
2026-04-01 16:15:00,12.9013,12.9013,12.9013,12.9013,963
2026-04-01 16:20:00,12.9422,12.9422,12.93,12.93,1249
2026-04-01 16:25:00,12.91,12.92,12.8911,12.8911,2189
2026-04-01 16:30:00,12.91,12.9591,12.91,12.94,1720
2026-04-01 16:35:00,12.9395,12.9395,12.91,12.92,5200
2026-04-01 16:40:00,12.8803,12.8803,12.8803,12.8803,2000
2026-04-01 16:45:00,12.89,12.89,12.89,12.89,300
2026-04-01 16:50:00,12.88,12.88,12.85,12.85,3385
2026-04-01 16:55:00,12.84,12.84,12.84,12.84,125
2026-04-01 17:00:00,12.85,12.85,12.85,12.85,525
2026-04-01 17:05:00,12.82,12.82,12.82,12.82,1100
2026-04-01 17:10:00,12.82,12.82,12.8026,12.82,5885
2026-04-01 17:15:00,12.82,12.8208,12.82,12.8208,1105
2026-04-01 17:20:00,12.8207,12.83,12.5851,12.82,3868
2026-04-01 17:25:00,12.82,12.82,12.73,12.73,957
2026-04-01 17:30:00,12.74,12.74,12.74,12.74,246
2026-04-01 17:35:00,13.0,13.0,12.73,12.73,2499
2026-04-01 17:50:00,12.83,12.86,12.7333,12.7333,1795
2026-04-01 18:10:00,12.85,12.88,12.85,12.88,900
2026-04-01 18:15:00,12.88,12.8892,12.8558,12.8892,2100
2026-04-01 18:20:00,12.87,12.89,12.87,12.89,1867
2026-04-01 18:25:00,12.88,12.88,12.86,12.86,1650
2026-04-01 18:30:00,12.88,12.89,12.88,12.89,2894
2026-04-01 18:35:00,12.8848,12.8848,12.86,12.88,1731
2026-04-01 18:40:00,12.87,12.87,12.86,12.87,667
2026-04-01 18:45:00,12.87,12.89,12.855,12.89,5779
2026-04-01 18:50:00,12.8897,12.98,12.8897,12.96,14532
2026-04-01 18:55:00,12.9704,12.9792,12.9308,12.9308,1768
2026-04-01 19:00:00,12.93,12.93,12.93,12.93,520
2026-04-01 19:05:00,12.95,12.95,12.9322,12.9322,2500
2026-04-01 19:10:00,12.93,12.9375,12.93,12.9322,5000
2026-04-01 19:20:00,12.8906,12.911,12.8906,12.911,300
2026-04-01 19:25:00,12.9,12.9,12.9,12.9,20500
2026-04-01 19:30:00,12.91,12.92,12.9,12.92,3159
2026-04-01 19:35:00,12.91,12.91,12.91,12.91,687
2026-04-01 19:40:00,12.9,12.9,12.89,12.89,7284
2026-04-01 19:50:00,12.9122,12.93,12.9122,12.93,1598
2026-04-01 19:55:00,12.88,12.9,12.88,12.88,1961
2026-04-01 04:00:00,12.0,12.43,11.75,11.92,163939
2026-04-01 04:05:00,11.99,12.06,11.99,12.05,12392
2026-04-01 04:10:00,12.05,12.14,12.05,12.12,11084
2026-04-01 04:15:00,12.12,12.12,12.05,12.1,11342
2026-04-01 04:20:00,12.09,12.09,12.04,12.07,20384
2026-04-01 04:25:00,12.06,12.06,11.96,12.02,37688
2026-04-01 04:30:00,12.01,12.02,11.99,12.0,3921
2026-04-01 04:35:00,11.99,12.01,11.96,11.97,16133
2026-04-01 04:40:00,11.96,12.02,11.96,11.98,9053
2026-04-01 04:45:00,11.98,12.03,11.98,12.0,8450
2026-04-01 04:50:00,12.0,12.08,11.96,11.99,31453
2026-04-01 04:55:00,11.99,12.04,11.98,12.01,8317
2026-04-01 05:00:00,12.02,12.04,12.0,12.03,9370
2026-04-01 05:05:00,12.03,12.12,12.02,12.11,4966
2026-04-01 05:10:00,12.11,12.21,12.1,12.21,40040
2026-04-01 05:15:00,12.21,12.25,12.2,12.24,8398
2026-04-01 05:20:00,12.24,12.3,12.23,12.23,31025
2026-04-01 05:25:00,12.23,12.23,12.2,12.21,8907
2026-04-01 05:30:00,12.2,12.21,12.09,12.12,27078
2026-04-01 05:35:00,12.13,12.18,12.11,12.18,7441
2026-04-01 05:40:00,12.19,12.24,12.17,12.19,15349
2026-04-01 05:45:00,12.18,12.19,12.13,12.13,8860
2026-04-01 05:50:00,12.11,12.13,12.08,12.13,7757
2026-04-01 05:55:00,12.11,12.14,12.1,12.13,5356
2026-04-01 06:00:00,12.14,12.16,12.1,12.16,11347
2026-04-01 06:05:00,12.16,12.17,12.14,12.17,2835
2026-04-01 06:10:00,12.18,12.19,12.11,12.14,7381
2026-04-01 06:15:00,12.16,12.16,12.14,12.14,7125
2026-04-01 06:20:00,12.11,12.11,12.11,12.11,370
2026-04-01 06:25:00,12.11,12.17,12.11,12.15,4668
2026-04-01 06:30:00,12.15,12.18,12.12,12.18,6490
2026-04-01 06:35:00,12.17,12.19,12.14,12.14,5278
2026-04-01 06:40:00,12.15,12.15,12.12,12.12,5632
2026-04-01 06:45:00,12.13,12.13,12.09,12.11,6277
2026-04-01 06:50:00,12.1,12.12,12.08,12.1,5298
2026-04-01 06:55:00,12.1,12.16,12.1,12.13,4387
2026-04-01 07:00:00,12.11,12.12,12.04,12.07,16332
2026-04-01 07:05:00,12.07,12.12,12.04,12.12,25984
2026-04-01 07:10:00,12.12,12.13,12.06,12.08,7367
2026-04-01 07:15:00,12.07,12.09,12.06,12.09,2820
2026-04-01 07:20:00,12.11,12.12,12.09,12.0999,10909
2026-04-01 07:25:00,12.09,12.1,12.07,12.09,11659
2026-04-01 07:30:00,12.08,12.09,12.05,12.08,8090
2026-04-01 07:35:00,12.08,12.1,12.05,12.07,11391
2026-04-01 07:40:00,12.07,12.12,12.06,12.1,14680
2026-04-01 07:45:00,12.0997,12.12,12.08,12.09,7380
2026-04-01 07:50:00,12.09,12.1,12.06,12.09,12576
2026-04-01 07:55:00,12.09,12.12,12.08,12.11,7451
2026-04-01 08:00:00,12.1,12.17,12.09,12.16,36234
2026-04-01 08:05:00,12.16,12.18,12.13,12.17,8036
2026-04-01 08:10:00,12.15,12.16,12.14,12.14,12841
2026-04-01 08:15:00,12.14,12.16,12.12,12.12,7812
2026-04-01 08:20:00,12.15,12.19,12.15,12.17,4704
2026-04-01 08:25:00,12.16,12.22,12.15,12.19,2463
2026-04-01 08:30:00,12.2,12.2199,12.19,12.2199,6418
2026-04-01 08:35:00,12.21,12.29,12.2,12.29,22678
2026-04-01 08:40:00,12.2894,12.29,12.06,12.09,55400
2026-04-01 08:45:00,12.09,12.27,11.98,12.23,112153
2026-04-01 08:50:00,12.23,12.26,12.18,12.2502,15202
2026-04-01 08:55:00,12.26,12.26,12.22,12.23,9867
2026-04-01 09:00:00,12.22,12.31,12.22,12.3,17748
2026-04-01 09:05:00,12.29,12.34,12.28,12.28,18525
2026-04-01 09:10:00,12.26,12.3,12.23,12.23,14887
2026-04-01 09:15:00,12.21,12.24,12.21,12.21,18523
2026-04-01 09:20:00,12.2,12.26,12.2,12.24,9596
2026-04-01 09:25:00,12.23,12.25,12.2,12.25,13492
2026-04-01 09:30:00,12.21,12.54,12.21,12.32,282858
2026-04-01 09:35:00,12.32,12.5,12.29,12.435,224428
2026-04-01 09:40:00,12.435,12.83,12.435,12.72,553350
2026-04-01 09:45:00,12.7,13.03,12.66,12.93,546166
2026-04-01 09:50:00,12.92,12.98,12.715,12.82,386218
2026-04-01 09:55:00,12.84,12.925,12.815,12.84,166631
2026-04-01 10:00:00,12.84,12.87,12.68,12.76,167375
2026-04-01 10:05:00,12.75,12.87,12.685,12.81,190618
2026-04-01 10:10:00,12.81,12.94,12.78,12.865,221038
2026-04-01 10:15:00,12.86,12.86,12.73,12.74,190028
2026-04-01 10:20:00,12.7499,12.81,12.62,12.73,279306
2026-04-01 10:25:00,12.73,12.77,12.64,12.64,132704
2026-04-01 10:30:00,12.63,12.805,12.54,12.8,249572
2026-04-01 10:35:00,12.79,12.94,12.7,12.75,310585
2026-04-01 10:40:00,12.77,12.93,12.77,12.905,181018
2026-04-01 10:45:00,12.905,12.94,12.785,12.785,135047
2026-04-01 10:50:00,12.79,12.85,12.69,12.7597,133485
2026-04-01 10:55:00,12.75,12.8,12.715,12.73,97790
2026-04-01 11:00:00,12.7389,12.89,12.695,12.87,141290
2026-04-01 11:05:00,12.875,12.8889,12.79,12.8399,91796
2026-04-01 11:10:00,12.84,12.9189,12.8,12.8299,113664
2026-04-01 11:15:00,12.82,12.92,12.805,12.86,77474
2026-04-01 11:20:00,12.87,12.92,12.82,12.835,144719
2026-04-01 11:25:00,12.83,12.87,12.77,12.825,144506
2026-04-01 11:30:00,12.83,12.89,12.72,12.75,167950
2026-04-01 11:35:00,12.74,12.74,12.64,12.7001,94407
2026-04-01 11:40:00,12.71,12.74,12.655,12.73,53598
2026-04-01 11:45:00,12.74,12.74,12.65,12.69,82279
2026-04-01 11:50:00,12.69,12.7,12.58,12.59,104480
2026-04-01 11:55:00,12.59,12.65,12.58,12.595,48088
2026-04-01 12:00:00,12.605,12.705,12.6,12.705,99442
2026-04-01 12:05:00,12.705,12.735,12.655,12.69,80646
2026-04-01 12:10:00,12.69,12.8287,12.6786,12.8,100703
2026-04-01 12:15:00,12.81,12.85,12.745,12.75,81716
2026-04-01 12:20:00,12.74,12.7699,12.66,12.6898,43114
2026-04-01 12:25:00,12.69,12.7499,12.66,12.73,53595
2026-04-01 12:30:00,12.7296,12.81,12.69,12.765,93785
2026-04-01 12:35:00,12.75,12.75,12.61,12.65,63705
2026-04-01 12:40:00,12.65,12.6699,12.5,12.51,129949
2026-04-01 12:45:00,12.51,12.58,12.51,12.53,53154
2026-04-01 12:50:00,12.52,12.61,12.49,12.515,103268
2026-04-01 12:55:00,12.52,12.535,12.475,12.49,33528
2026-04-01 13:00:00,12.5,12.505,12.28,12.34,331533
2026-04-01 13:05:00,12.35,12.39,12.34,12.37,135633
2026-04-01 13:10:00,12.375,12.43,12.375,12.415,54514
2026-04-01 13:15:00,12.41,12.465,12.395,12.425,65375
2026-04-01 13:20:00,12.425,12.61,12.425,12.53,133401
2026-04-01 13:25:00,12.5392,12.56,12.49,12.54,50041
2026-04-01 13:30:00,12.55,12.615,12.5098,12.6094,53166
2026-04-01 13:35:00,12.605,12.69,12.59,12.61,138876
2026-04-01 13:40:00,12.62,12.65,12.595,12.61,33906
2026-04-01 13:45:00,12.605,12.755,12.605,12.755,85412
2026-04-01 13:50:00,12.75,12.77,12.71,12.74,93580
2026-04-01 13:55:00,12.735,12.854,12.73,12.845,85730
2026-04-01 14:00:00,12.84,13.015,12.82,12.98,306990
2026-04-01 14:05:00,12.98,12.985,12.905,12.97,135709
2026-04-01 14:10:00,12.97,12.995,12.905,12.995,71092
2026-04-01 14:15:00,12.9999,13.08,12.99,13.05,140094
2026-04-01 14:20:00,13.05,13.105,12.99,13.1,117337
2026-04-01 14:25:00,13.095,13.1,12.985,13.05,125709
2026-04-01 14:30:00,13.05,13.095,13.005,13.08,134982
2026-04-01 14:35:00,13.1,13.165,13.01,13.04,209379
2026-04-01 14:40:00,13.04,13.04,12.935,13.01,89043
2026-04-01 14:45:00,13.005,13.055,12.9951,13.02,55071
2026-04-01 14:50:00,13.02,13.0895,13.02,13.05,50344
2026-04-01 14:55:00,13.05,13.11,13.035,13.035,69509
2026-04-01 15:00:00,13.04,13.05,12.9703,13.03,65674
2026-04-01 15:05:00,13.02,13.03,12.975,13.015,48994
2026-04-01 15:10:00,13.02,13.06,12.99,13.055,56466
2026-04-01 15:15:00,13.0598,13.08,12.99,13.005,37023
2026-04-01 15:20:00,13.005,13.0199,12.98,12.99,21604
2026-04-01 15:25:00,12.99,12.99,12.875,12.88,79430
2026-04-01 15:30:00,12.875,12.985,12.8685,12.97,50450
2026-04-01 15:35:00,12.97,13.02,12.93,12.95,58040
2026-04-01 15:40:00,12.95,12.9599,12.89,12.89,70464
2026-04-01 15:45:00,12.9,12.9,12.79,12.8,62534
2026-04-01 15:50:00,12.8,12.91,12.795,12.83,113357
2026-04-01 15:55:00,12.83,12.91,12.83,12.9,143622
2026-04-01 16:00:00,12.88,12.9951,12.86,12.9951,13126
2026-04-01 16:05:00,12.995,12.999,12.92,12.92,5282
2026-04-01 16:10:00,12.9015,12.9783,12.9015,12.9783,396
2026-04-01 16:15:00,12.9013,12.9013,12.9013,12.9013,963
2026-04-01 16:20:00,12.9422,12.9422,12.93,12.93,1249
2026-04-01 16:25:00,12.91,12.92,12.8911,12.8911,2189
2026-04-01 16:30:00,12.91,12.9591,12.91,12.94,1720
2026-04-01 16:35:00,12.9395,12.9395,12.91,12.92,5200
2026-04-01 16:40:00,12.8803,12.8803,12.8803,12.8803,2000
2026-04-01 16:45:00,12.89,12.89,12.89,12.89,300
2026-04-01 16:50:00,12.88,12.88,12.85,12.85,3385
2026-04-01 16:55:00,12.84,12.84,12.84,12.84,125
2026-04-01 17:00:00,12.85,12.85,12.85,12.85,525
2026-04-01 17:05:00,12.82,12.82,12.82,12.82,1100
2026-04-01 17:10:00,12.82,12.82,12.8026,12.82,5885
2026-04-01 17:15:00,12.82,12.8208,12.82,12.8208,1105
2026-04-01 17:20:00,12.8207,12.83,12.5851,12.82,3868
2026-04-01 17:25:00,12.82,12.82,12.73,12.73,957
2026-04-01 17:30:00,12.74,12.74,12.74,12.74,246
2026-04-01 17:35:00,13.0,13.0,12.73,12.73,2499
2026-04-01 17:50:00,12.83,12.86,12.7333,12.7333,1795
2026-04-01 18:10:00,12.85,12.88,12.85,12.88,900
2026-04-01 18:15:00,12.88,12.8892,12.8558,12.8892,2100
2026-04-01 18:20:00,12.87,12.89,12.87,12.89,1867
2026-04-01 18:25:00,12.88,12.88,12.86,12.86,1650
2026-04-01 18:30:00,12.88,12.89,12.88,12.89,2894
2026-04-01 18:35:00,12.8848,12.8848,12.86,12.88,1731
2026-04-01 18:40:00,12.87,12.87,12.86,12.87,667
2026-04-01 18:45:00,12.87,12.89,12.855,12.89,5779
2026-04-01 18:50:00,12.8897,12.98,12.8897,12.96,14532
2026-04-01 18:55:00,12.9704,12.9792,12.9308,12.9308,1768
2026-04-01 19:00:00,12.93,12.93,12.93,12.93,520
2026-04-01 19:05:00,12.95,12.95,12.9322,12.9322,2500
2026-04-01 19:10:00,12.93,12.9375,12.93,12.9322,5000
2026-04-01 19:20:00,12.8906,12.911,12.8906,12.911,300
2026-04-01 19:25:00,12.9,12.9,12.9,12.9,20500
2026-04-01 19:30:00,12.91,12.92,12.9,12.92,3159
2026-04-01 19:35:00,12.91,12.91,12.91,12.91,687
2026-04-01 19:40:00,12.9,12.9,12.89,12.89,7284
2026-04-01 19:50:00,12.9122,12.93,12.9122,12.93,1598
2026-04-01 19:55:00,12.88,12.9,12.88,12.88,1961
2026-04-02 04:00:00,13.4,13.68,13.36,13.46,107287
2026-04-02 04:05:00,13.48,13.51,13.43,13.5,20291
2026-04-02 04:10:00,13.49,13.52,13.47,13.49,3558
2026-04-02 04:15:00,13.4904,13.53,13.49,13.53,14201
2026-04-02 04:20:00,13.55,13.55,13.519,13.52,2747
2026-04-02 04:25:00,13.53,13.54,13.5,13.5,2375
2026-04-02 04:30:00,13.51,13.51,13.43,13.46,5929
2026-04-02 04:35:00,13.47,13.55,13.47,13.505,4203
2026-04-02 04:40:00,13.51,13.53,13.505,13.52,2170
2026-04-02 04:45:00,13.52,13.52,13.51,13.51,1212
2026-04-02 04:50:00,13.52,13.52,13.5,13.5,408
2026-04-02 04:55:00,13.5,13.53,13.5,13.52,8459
2026-04-02 05:00:00,13.52,13.55,13.49,13.53,6538
2026-04-02 05:05:00,13.55,13.57,13.54,13.57,3177
2026-04-02 05:10:00,13.56,13.57,13.519,13.519,4211
2026-04-02 05:15:00,13.52,13.54,13.5,13.52,7276
2026-04-02 05:20:00,13.52,13.52,13.5,13.52,4054
2026-04-02 05:25:00,13.51,13.51,13.46,13.49,1129
2026-04-02 05:30:00,13.49,13.5,13.46,13.47,5947
2026-04-02 05:35:00,13.469,13.49,13.469,13.49,3537
2026-04-02 05:40:00,13.47,13.49,13.46,13.47,1034
2026-04-02 05:45:00,13.48,13.51,13.48,13.49,2096
2026-04-02 05:50:00,13.49,13.5,13.48,13.48,3178
2026-04-02 05:55:00,13.48,13.49,13.44,13.44,2900
2026-04-02 06:00:00,13.45,13.52,13.45,13.49,8287
2026-04-02 06:05:00,13.5,13.52,13.5,13.52,1296
2026-04-02 06:10:00,13.52,13.585,13.52,13.58,9907
2026-04-02 06:15:00,13.57,13.59,13.55,13.56,9783
2026-04-02 06:20:00,13.55,13.59,13.54,13.59,2344
2026-04-02 06:25:00,13.58,13.6,13.58,13.6,5202
2026-04-02 06:30:00,13.61,13.61,13.57,13.59,4358
2026-04-02 06:35:00,13.57,13.58,13.56,13.57,7422
2026-04-02 06:40:00,13.6,13.6,13.55,13.55,1469
2026-04-02 06:45:00,13.56,13.57,13.55,13.56,2283
2026-04-02 06:50:00,13.57,13.57,13.54,13.55,4781
2026-04-02 06:55:00,13.56,13.56,13.54,13.54,20094
2026-04-02 07:00:00,13.53,13.6,13.53,13.6,10290
2026-04-02 07:05:00,13.61,13.69,13.61,13.69,23594
2026-04-02 07:10:00,13.69,13.75,13.69,13.72,19045
2026-04-02 07:15:00,13.73,13.77,13.68,13.7,16380
2026-04-02 07:20:00,13.7,13.71,13.68,13.69,6614
2026-04-02 07:25:00,13.68,13.73,13.65,13.73,16190
2026-04-02 07:30:00,13.73,13.73,13.67,13.7,5746
2026-04-02 07:35:00,13.7,13.74,13.68,13.71,27590
2026-04-02 07:40:00,13.72,13.74,13.71,13.72,6993
2026-04-02 07:45:00,13.71,13.73,13.71,13.72,3618
2026-04-02 07:50:00,13.7,13.74,13.7,13.73,14364
2026-04-02 07:55:00,13.73,13.765,13.73,13.76,15580
2026-04-02 08:00:00,13.76,13.79,13.73,13.76,20886
2026-04-02 08:05:00,13.76,13.8,13.75,13.78,16735
2026-04-02 08:10:00,13.77,13.79,13.72,13.732,11251
2026-04-02 08:15:00,13.7495,13.8,13.7495,13.76,9505
2026-04-02 08:20:00,13.76,13.79,13.72,13.72,26940
2026-04-02 08:25:00,13.72,13.77,13.7,13.74,8812
2026-04-02 08:30:00,13.72,13.73,13.7,13.7,24485
2026-04-02 08:35:00,13.7299,13.73,13.69,13.7,5387
2026-04-02 08:40:00,13.69,13.71,13.68,13.68,8184
2026-04-02 08:45:00,13.69,13.71,13.65,13.7,14780
2026-04-02 08:50:00,13.71,13.73,13.68,13.73,2900
2026-04-02 08:55:00,13.725,13.76,13.71,13.75,13471
2026-04-02 09:00:00,13.74,13.78,13.73,13.7503,18680
2026-04-02 09:05:00,13.76,13.77,13.69,13.75,38533
2026-04-02 09:10:00,13.75,13.76,13.71,13.71,24299
2026-04-02 09:15:00,13.715,13.81,13.705,13.79,24414
2026-04-02 09:20:00,13.78,13.78,13.71,13.71,23313
2026-04-02 09:25:00,13.71,13.71,13.45,13.49,81308
2026-04-02 09:30:00,13.515,13.95,13.49,13.9023,420970
2026-04-02 09:35:00,13.91,14.16,13.905,14.135,523039
2026-04-02 09:40:00,14.14,14.2013,14.05,14.09,404999
2026-04-02 09:45:00,14.0899,14.215,14.04,14.125,385719
2026-04-02 09:50:00,14.13,14.145,13.93,14.01,306473
2026-04-02 09:55:00,14.01,14.03,13.8,13.82,284272
2026-04-02 10:00:00,13.82,14.07,13.81,13.9286,448827
2026-04-02 10:05:00,13.925,14.01,13.71,13.765,420434
2026-04-02 10:10:00,13.79,13.84,13.61,13.6493,312013
2026-04-02 10:15:00,13.65,13.78,13.59,13.705,232866
2026-04-02 10:20:00,13.71,13.75,13.56,13.62,248000
2026-04-02 10:25:00,13.62,13.78,13.62,13.745,225019
2026-04-02 10:30:00,13.75,13.7501,13.58,13.63,196040
2026-04-02 10:35:00,13.635,13.645,12.92,13.21,852193
2026-04-02 10:40:00,13.23,13.45,13.18,13.205,413837
2026-04-02 10:45:00,13.21,13.44,13.18,13.42,357964
2026-04-02 10:50:00,13.43,13.52,13.225,13.3,398162
2026-04-02 10:55:00,13.285,13.29,13.1,13.16,295521
2026-04-02 11:00:00,13.16,13.425,13.16,13.22,275414
2026-04-02 11:05:00,13.23,13.3,13.2,13.2399,159061
2026-04-02 11:10:00,13.23,13.24,13.02,13.12,235578
2026-04-02 11:15:00,13.11,13.23,13.1,13.19,112903
2026-04-02 11:20:00,13.21,13.41,13.21,13.28,259104
2026-04-02 11:25:00,13.28,13.36,13.145,13.205,156194
2026-04-02 11:30:00,13.2,13.3,13.195,13.225,113095
2026-04-02 11:35:00,13.22,13.235,13.05,13.16,169481
2026-04-02 11:40:00,13.17,13.34,13.14,13.15,228174
2026-04-02 11:45:00,13.16,13.25,13.1401,13.22,111489
2026-04-02 11:50:00,13.235,13.355,13.175,13.2,255645
2026-04-02 11:55:00,13.195,13.25,13.125,13.21,133452
2026-04-02 12:00:00,13.22,13.28,13.145,13.28,117856
2026-04-02 12:05:00,13.285,13.35,13.245,13.275,112583
2026-04-02 12:10:00,13.28,13.28,13.205,13.27,95099
2026-04-02 12:15:00,13.28,13.42,13.27,13.42,161567
2026-04-02 12:20:00,13.415,13.48,13.36,13.475,107281
2026-04-02 12:25:00,13.4789,13.545,13.38,13.45,160184
2026-04-02 12:30:00,13.45,13.48,13.3,13.405,117906
2026-04-02 12:35:00,13.41,13.4414,13.34,13.37,113945
2026-04-02 12:40:00,13.36,13.37,13.1803,13.295,129262
2026-04-02 12:45:00,13.3,13.31,13.21,13.21,151960
2026-04-02 12:50:00,13.2,13.24,13.16,13.24,83422
2026-04-02 12:55:00,13.23,13.3,13.23,13.29,84652
2026-04-02 13:00:00,13.29,13.43,13.28,13.345,104218
2026-04-02 13:05:00,13.35,13.39,13.315,13.32,79789
2026-04-02 13:10:00,13.32,13.37,13.2999,13.335,95970
2026-04-02 13:15:00,13.345,13.36,13.26,13.28,103806
2026-04-02 13:20:00,13.285,13.29,13.255,13.27,62648
2026-04-02 13:25:00,13.27,13.4,13.235,13.4,46732
2026-04-02 13:30:00,13.4,13.53,13.38,13.5,191991
2026-04-02 13:35:00,13.51,13.54,13.48,13.5,89567
2026-04-02 13:40:00,13.505,13.52,13.44,13.44,73939
2026-04-02 13:45:00,13.44,13.67,13.43,13.66,167876
2026-04-02 13:50:00,13.66,13.68,13.595,13.64,132376
2026-04-02 13:55:00,13.64,13.725,13.625,13.7,116394
2026-04-02 14:00:00,13.705,13.705,13.6107,13.6107,67929
2026-04-02 14:05:00,13.615,13.69,13.57,13.6798,57967
2026-04-02 14:10:00,13.68,13.68,13.5404,13.605,155600
2026-04-02 14:15:00,13.6,13.69,13.57,13.655,87796
2026-04-02 14:20:00,13.66,13.67,13.615,13.665,49748
2026-04-02 14:25:00,13.66,13.73,13.625,13.67,105628
2026-04-02 14:30:00,13.67,13.675,13.605,13.66,70294
2026-04-02 14:35:00,13.655,13.75,13.64,13.75,84107
2026-04-02 14:40:00,13.75,13.75,13.64,13.655,93069
2026-04-02 14:45:00,13.65,13.665,13.56,13.605,66877
2026-04-02 14:50:00,13.6,13.605,13.48,13.56,86828
2026-04-02 14:55:00,13.5501,13.61,13.55,13.55,58525
2026-04-02 15:00:00,13.54,13.6,13.5,13.59,72780
2026-04-02 15:05:00,13.59,13.6,13.53,13.59,49539
2026-04-02 15:10:00,13.59,13.59,13.52,13.555,31817
2026-04-02 15:15:00,13.545,13.66,13.545,13.59,70658
2026-04-02 15:20:00,13.585,13.605,13.47,13.48,70481
2026-04-02 15:25:00,13.49,13.555,13.455,13.535,93672
2026-04-02 15:30:00,13.52,13.5701,13.49,13.49,54734
2026-04-02 15:35:00,13.48,13.49,13.435,13.45,50072
2026-04-02 15:40:00,13.47,13.47,13.405,13.45,110733
2026-04-02 15:45:00,13.4503,13.51,13.445,13.48,81011
2026-04-02 15:50:00,13.48,13.57,13.45,13.53,178692
2026-04-02 15:55:00,13.52,13.5301,13.45,13.5,155553
2026-04-02 16:00:00,13.49,13.54,13.44,13.44,15441
2026-04-02 16:05:00,13.44,13.47,13.44,13.4591,4878
2026-04-02 16:10:00,13.48,13.48,13.4275,13.4275,682
2026-04-02 16:15:00,13.45,13.45,13.4,13.41,1087
2026-04-02 16:20:00,13.3829,13.42,13.3829,13.42,740
2026-04-02 16:25:00,13.43,13.43,13.41,13.42,500
2026-04-02 16:30:00,13.38,13.4,13.38,13.4,363
2026-04-02 16:35:00,13.3878,13.39,13.38,13.38,3353
2026-04-02 16:40:00,13.38,13.4,13.38,13.4,2350
2026-04-02 16:45:00,13.38,13.41,13.38,13.39,5451
2026-04-02 16:50:00,13.4192,13.4192,13.4192,13.4192,400
2026-04-02 16:55:00,13.3949,13.42,13.3949,13.42,864
2026-04-02 17:00:00,13.3915,13.42,13.3915,13.42,600
2026-04-02 17:10:00,13.3974,13.45,13.3974,13.4019,300
2026-04-02 17:15:00,13.42,13.42,13.42,13.42,2700
2026-04-02 17:20:00,13.47,13.47,13.47,13.47,111
2026-04-02 17:25:00,13.46,13.46,13.46,13.46,1000
2026-04-02 17:30:00,13.48,13.48,13.48,13.48,100
2026-04-02 17:35:00,13.4596,13.4596,13.39,13.44,10575
2026-04-02 17:40:00,13.44,13.44,13.44,13.44,1800
2026-04-02 17:55:00,13.45,13.45,13.45,13.45,1726
2026-04-02 18:00:00,13.46,13.46,13.45,13.46,1115
2026-04-02 18:10:00,13.46,13.47,13.46,13.47,2008
2026-04-02 18:15:00,13.47,13.47,13.47,13.47,1100
2026-04-02 18:20:00,13.48,13.4887,13.48,13.4887,444
2026-04-02 18:30:00,13.47,13.48,13.46,13.46,1847
2026-04-02 18:40:00,13.46,13.46,13.43,13.43,907
2026-04-02 18:50:00,13.45,13.45,13.45,13.45,139
2026-04-02 18:55:00,13.45,13.45,13.45,13.45,173
2026-04-02 19:00:00,13.44,13.49,13.4312,13.49,970
2026-04-02 19:05:00,13.4308,13.45,13.4305,13.45,600
2026-04-02 19:10:00,13.44,13.45,13.4301,13.45,9380
2026-04-02 19:15:00,13.4306,13.44,13.43,13.43,1142
2026-04-02 19:25:00,13.44,13.49,13.44,13.49,1700
2026-04-02 19:35:00,13.45,13.45,13.45,13.45,100
2026-04-02 19:40:00,13.44,13.45,13.4,13.4,6513
2026-04-02 19:50:00,13.43,13.43,13.43,13.43,400
2026-04-02 19:55:00,13.4293,13.4293,13.4036,13.4071,5671
