2026-03-04 04:00:00,16.79,16.81,16.73,16.8,5386
2026-03-04 04:05:00,16.83,16.83,16.77,16.79,770
2026-03-04 04:10:00,16.8,16.93,16.8,16.93,876
2026-03-04 04:15:00,17.0,17.1,17.0,17.05,12636
2026-03-04 04:20:00,17.06,17.06,17.05,17.05,3836
2026-03-04 04:25:00,17.04,17.04,17.0,17.0,1615
2026-03-04 04:30:00,17.0,17.02,16.98,17.02,3191
2026-03-04 04:35:00,17.06,17.07,17.04,17.04,2250
2026-03-04 04:40:00,17.05,17.1,17.04,17.1,5477
2026-03-04 04:45:00,17.09,17.16,17.09,17.16,3720
2026-03-04 04:50:00,17.16,17.19,17.1,17.12,17689
2026-03-04 04:55:00,17.05,17.1,17.05,17.09,387
2026-03-04 05:00:00,17.09,17.09,17.06,17.06,2201
2026-03-04 05:05:00,17.05,17.18,17.05,17.18,2609
2026-03-04 05:10:00,17.28,17.3,17.28,17.3,710
2026-03-04 05:15:00,17.29,17.29,17.25,17.25,6102
2026-03-04 05:20:00,17.32,17.38,17.3,17.37,4583
2026-03-04 05:25:00,17.34,17.34,17.22,17.25,2774
2026-03-04 05:30:00,17.25,17.3,17.25,17.3,7734
2026-03-04 05:35:00,17.34,17.37,17.31,17.31,2065
2026-03-04 05:40:00,17.35,17.38,17.35,17.38,1028
2026-03-04 05:45:00,17.39,17.4,17.37,17.39,3581
2026-03-04 05:50:00,17.4,17.44,17.4,17.41,4213
2026-03-04 05:55:00,17.44,17.45,17.42,17.42,493
2026-03-04 06:00:00,17.46,17.52,17.46,17.5,6087
2026-03-04 06:05:00,17.5,17.5,17.44,17.46,2895
2026-03-04 06:10:00,17.46,17.48,17.44,17.48,2017
2026-03-04 06:15:00,17.5,17.6,17.5,17.59,13093
2026-03-04 06:20:00,17.57,17.57,17.52,17.52,1894
2026-03-04 06:25:00,17.51,17.51,17.46,17.46,11687
2026-03-04 06:30:00,17.43,17.43,17.34,17.34,4104
2026-03-04 06:35:00,17.37,17.37,17.32,17.33,3834
2026-03-04 06:40:00,17.34,17.35,17.3,17.3,3844
2026-03-04 06:45:00,17.3,17.32,17.3,17.32,935
2026-03-04 06:55:00,17.25,17.25,17.19,17.19,5659
2026-03-04 07:00:00,17.2,17.33,17.2,17.33,10592
2026-03-04 07:05:00,17.27,17.3,17.25,17.25,3783
2026-03-04 07:10:00,17.25,17.3,17.23,17.3,2405
2026-03-04 07:15:00,17.3,17.3,17.22,17.22,2698
2026-03-04 07:20:00,17.2,17.22,17.18,17.21,5726
2026-03-04 07:25:00,17.21,17.21,17.17,17.17,12479
2026-03-04 07:30:00,17.18,17.24,17.17,17.24,3764
2026-03-04 07:35:00,17.25,17.25,17.24,17.24,1231
2026-03-04 07:40:00,17.3,17.34,17.3,17.32,918
2026-03-04 07:50:00,17.32,17.32,17.3,17.31,864
2026-03-04 07:55:00,17.34,17.42,17.34,17.41,3354
2026-03-04 08:00:00,17.4,17.59,16.45,17.43,89098
2026-03-04 08:05:00,16.8,17.5,16.51,17.49,32625
2026-03-04 08:10:00,17.5,17.61,17.5,17.61,46179
2026-03-04 08:15:00,17.6,17.609,17.48,17.4984,22374
2026-03-04 08:20:00,17.48,17.51,17.47,17.47,68169
2026-03-04 08:25:00,17.51,17.57,17.49,17.53,72582
2026-03-04 08:30:00,17.5,17.55,17.48,17.53,7185
2026-03-04 08:35:00,17.49,17.52,17.48,17.52,1060
2026-03-04 08:40:00,17.55,17.6,17.55,17.579,10031
2026-03-04 08:45:00,17.59,17.6,17.56,17.6,23054
2026-03-04 08:50:00,17.63,17.68,17.62,17.64,9791
2026-03-04 08:55:00,17.6,17.66,17.57,17.61,9922
2026-03-04 09:00:00,17.59,17.61,17.52,17.61,79977
2026-03-04 09:05:00,17.63,17.64,17.5772,17.5772,37123
2026-03-04 09:10:00,17.6089,17.65,17.6,17.61,49309
2026-03-04 09:15:00,17.62,17.639,17.51,17.57,23392
2026-03-04 09:20:00,17.59,17.59,17.48,17.48,49440
2026-03-04 09:25:00,17.49,17.6303,17.35,17.35,34342
2026-03-04 09:30:00,17.3,17.98,17.25,17.98,618735
2026-03-04 09:35:00,18.0,18.14,17.9,18.09,312470
2026-03-04 09:40:00,18.07,18.145,17.7,17.79,231066
2026-03-04 09:45:00,17.77,18.05,17.75,17.86,184872
2026-03-04 09:50:00,17.87,18.085,17.71,18.0301,124199
2026-03-04 09:55:00,18.04,18.18,17.99,18.0999,115603
2026-03-04 10:00:00,18.12,18.24,17.975,18.038,147226
2026-03-04 10:05:00,18.0745,18.1999,17.99,18.18,86689
2026-03-04 10:10:00,18.18,18.22,18.11,18.19,80241
2026-03-04 10:15:00,18.18,18.31,18.16,18.23,110473
2026-03-04 10:20:00,18.23,18.45,18.21,18.44,110371
2026-03-04 10:25:00,18.43,18.71,18.4,18.71,118331
2026-03-04 10:30:00,18.705,18.71,18.33,18.33,107070
2026-03-04 10:35:00,18.31,18.31,18.11,18.13,203745
2026-03-04 10:40:00,18.15,18.2299,18.13,18.14,38705
2026-03-04 10:45:00,18.14,18.2,18.08,18.175,53530
2026-03-04 10:50:00,18.17,18.17,17.97,18.05,85675
2026-03-04 10:55:00,18.11,18.1801,18.07,18.135,35118
2026-03-04 11:00:00,18.15,18.225,18.11,18.16,52797
2026-03-04 11:05:00,18.1599,18.16,18.02,18.08,44747
2026-03-04 11:10:00,18.09,18.1607,17.95,17.99,46968
2026-03-04 11:15:00,18.0,18.11,17.95,18.11,55736
2026-03-04 11:20:00,18.12,18.155,17.99,18.02,36030
2026-03-04 11:25:00,18.01,18.22,18.01,18.16,76920
2026-03-04 11:30:00,18.155,18.275,18.14,18.275,31293
2026-03-04 11:35:00,18.26,18.31,18.16,18.28,32555
2026-03-04 11:40:00,18.26,18.39,18.21,18.335,33809
2026-03-04 11:45:00,18.33,18.38,18.285,18.36,144975
2026-03-04 11:50:00,18.34,18.36,18.29,18.31,41423
2026-03-04 11:55:00,18.3,18.415,18.3,18.385,39246
2026-03-04 12:00:00,18.395,18.47,18.355,18.47,79005
2026-03-04 12:05:00,18.48,18.52,18.405,18.41,32130
2026-03-04 12:10:00,18.43,18.48,18.38,18.381,14971
2026-03-04 12:15:00,18.37,18.42,18.25,18.42,21524
2026-03-04 12:20:00,18.44,18.44,18.38,18.39,45288
2026-03-04 12:25:00,18.4,18.4314,18.38,18.39,19698
2026-03-04 12:30:00,18.39,18.41,18.295,18.37,19463
2026-03-04 12:35:00,18.38,18.47,18.34,18.435,16410
2026-03-04 12:40:00,18.43,18.45,18.35,18.35,9200
2026-03-04 12:45:00,18.355,18.44,18.345,18.4106,14533
2026-03-04 12:50:00,18.41,18.47,18.37,18.41,16467
2026-03-04 12:55:00,18.4101,18.485,18.4,18.485,46362
2026-03-04 13:00:00,18.4821,18.501,18.46,18.5,31649
2026-03-04 13:05:00,18.49,18.55,18.48,18.48,58943
2026-03-04 13:10:00,18.485,18.485,18.39,18.44,21958
2026-03-04 13:15:00,18.445,18.5199,18.41,18.485,15668
2026-03-04 13:20:00,18.47,18.475,18.395,18.435,15551
2026-03-04 13:25:00,18.435,18.49,18.41,18.42,18204
2026-03-04 13:30:00,18.4,18.4999,18.4,18.475,9239
2026-03-04 13:35:00,18.4801,18.61,18.4801,18.61,20144
2026-03-04 13:40:00,18.615,18.6399,18.53,18.55,61834
2026-03-04 13:45:00,18.552,18.585,18.515,18.545,16330
2026-03-04 13:50:00,18.55,18.595,18.54,18.565,20336
2026-03-04 13:55:00,18.57,18.58,18.52,18.55,14429
2026-03-04 14:00:00,18.575,18.65,18.55,18.65,13050
2026-03-04 14:05:00,18.655,18.715,18.6251,18.71,27753
2026-03-04 14:10:00,18.7199,18.725,18.665,18.68,20830
2026-03-04 14:15:00,18.69,18.69,18.63,18.655,17687
2026-03-04 14:20:00,18.64,18.66,18.608,18.63,19013
2026-03-04 14:25:00,18.63,18.645,18.575,18.5999,10256
2026-03-04 14:30:00,18.58,18.585,18.534,18.58,13558
2026-03-04 14:35:00,18.59,18.6,18.52,18.585,12844
2026-03-04 14:40:00,18.585,18.64,18.5662,18.58,10227
2026-03-04 14:45:00,18.585,18.6599,18.55,18.645,11415
2026-03-04 14:50:00,18.64,18.7,18.6387,18.695,20155
2026-03-04 14:55:00,18.7,18.7,18.63,18.65,25980
2026-03-04 15:00:00,18.6501,18.7,18.64,18.6899,27542
2026-03-04 15:05:00,18.67,18.68,18.48,18.51,27017
2026-03-04 15:10:00,18.51,18.54,18.455,18.515,79341
2026-03-04 15:15:00,18.51,18.57,18.47,18.47,159985
2026-03-04 15:20:00,18.47,18.51,18.38,18.4099,23727
2026-03-04 15:25:00,18.415,18.51,18.415,18.505,17131
2026-03-04 15:30:00,18.51,18.54,18.485,18.5299,162878
2026-03-04 15:35:00,18.535,18.56,18.41,18.425,30375
2026-03-04 15:40:00,18.42,18.48,18.42,18.46,31613
2026-03-04 15:45:00,18.44,18.455,18.39,18.39,17603
2026-03-04 15:50:00,18.39,18.48,18.342,18.46,106047
2026-03-04 15:55:00,18.46,18.505,18.41,18.4147,59874
2026-03-04 16:00:00,18.4,18.4,18.3408,18.3819,15736
2026-03-04 16:05:00,18.4,18.4,18.18,18.3251,12211
2026-03-04 16:10:00,18.3,18.301,18.29,18.301,4499
2026-03-04 16:15:00,18.3,18.38,18.3,18.38,2944
2026-03-04 16:20:00,18.38,18.38,18.33,18.38,3940
2026-03-04 16:25:00,18.36,18.47,18.36,18.42,8857
2026-03-04 16:30:00,18.38,18.38,18.38,18.38,856
2026-03-04 16:35:00,18.33,18.35,18.33,18.35,200
2026-03-04 16:40:00,18.37,18.37,18.36,18.36,300
2026-03-04 16:45:00,18.38,18.4,18.38,18.4,1400
2026-03-04 16:50:00,18.34,18.39,18.34,18.39,308
2026-03-04 16:55:00,18.3309,18.34,18.29,18.32,2882
2026-03-04 17:00:00,18.34,18.34,18.3307,18.34,2766
2026-03-04 17:05:00,18.34,18.35,18.32,18.35,767
2026-03-04 17:10:00,18.43,18.43,18.42,18.42,200
2026-03-04 17:20:00,18.39,18.45,18.39,18.4,1170
2026-03-04 17:25:00,18.4,18.4705,18.4,18.42,1270
2026-03-04 17:30:00,18.4,18.4,18.4,18.4,2014
2026-03-04 17:35:00,18.41,18.44,18.41,18.44,1320
2026-03-04 17:40:00,18.43,18.43,18.43,18.43,100
2026-03-04 17:45:00,18.41,18.44,18.41,18.44,1002
2026-03-04 17:50:00,18.45,18.4907,18.45,18.4907,445
2026-03-04 17:55:00,18.46,18.52,18.45,18.52,2036
2026-03-04 18:00:00,18.46,18.46,18.46,18.46,117
2026-03-04 18:05:00,18.5,18.5,18.5,18.5,1501
2026-03-04 18:10:00,18.5,18.5,18.43,18.43,1300
2026-03-04 18:15:00,18.46,18.46,18.46,18.46,1000
2026-03-04 18:25:00,18.4787,18.4787,18.4685,18.4685,200
2026-03-04 18:30:00,18.4304,18.4306,18.43,18.4306,1604
2026-03-04 18:35:00,18.45,18.45,18.45,18.45,200
2026-03-04 18:40:00,18.4489,18.4489,18.44,18.44,943
2026-03-04 18:45:00,18.47,18.47,18.4601,18.4601,884
2026-03-04 18:55:00,18.46,18.48,18.43,18.48,2878
2026-03-04 19:00:00,18.47,18.47,18.47,18.47,100
2026-03-04 19:05:00,18.4795,18.4795,18.45,18.4794,1759
2026-03-04 19:10:00,18.461,18.4786,18.461,18.4786,387
2026-03-04 19:15:00,18.48,18.54,18.48,18.5399,2303
2026-03-04 19:25:00,18.5,18.5,18.47,18.49,1469
2026-03-04 19:35:00,18.52,18.52,18.52,18.52,373
2026-03-04 19:40:00,18.51,18.51,18.47,18.5,3247
2026-03-04 19:45:00,18.5,18.5,18.5,18.5,2021
2026-03-04 19:50:00,18.5,18.53,18.5,18.53,2820
2026-03-05 04:00:00,18.2,18.31,18.19,18.31,1068
2026-03-05 04:05:00,18.35,18.56,18.35,18.54,4157
2026-03-05 04:10:00,18.55,18.7,18.55,18.66,12447
2026-03-05 04:15:00,18.66,18.66,18.52,18.55,9028
2026-03-05 04:20:00,18.63,18.68,18.6,18.68,3948
2026-03-05 04:25:00,18.63,18.67,18.6,18.6,4395
2026-03-05 04:30:00,18.6,18.6,18.54,18.54,1050
2026-03-05 04:35:00,18.61,18.61,18.53,18.53,3301
2026-03-05 04:40:00,18.51,18.53,18.51,18.52,1130
2026-03-05 04:45:00,18.51,18.51,18.51,18.51,970
2026-03-05 04:50:00,18.58,18.58,18.5,18.5,300
2026-03-05 04:55:00,18.48,18.52,18.48,18.52,986
2026-03-05 05:00:00,18.5,18.52,18.47,18.47,4269
2026-03-05 05:05:00,18.52,18.52,18.51,18.51,883
2026-03-05 05:15:00,18.51,18.51,18.51,18.51,1088
2026-03-05 05:25:00,18.53,18.53,18.53,18.53,100
2026-03-05 05:30:00,18.56,18.56,18.54,18.54,778
2026-03-05 05:35:00,18.57,18.57,18.57,18.57,200
2026-03-05 05:40:00,18.54,18.54,18.54,18.54,809
2026-03-05 05:45:00,18.49,18.49,18.46,18.46,2251
2026-03-05 05:50:00,18.43,18.49,18.43,18.49,3682
2026-03-05 05:55:00,18.51,18.54,18.5,18.54,905
2026-03-05 06:00:00,18.52,18.52,18.45,18.46,5802
2026-03-05 06:10:00,18.51,18.51,18.51,18.51,300
2026-03-05 06:15:00,18.5,18.5,18.49,18.5,400
2026-03-05 06:20:00,18.49,18.49,18.42,18.42,792
2026-03-05 06:25:00,18.46,18.46,18.46,18.46,100
2026-03-05 06:30:00,18.44,18.44,18.44,18.44,180
2026-03-05 06:35:00,18.43,18.43,18.42,18.43,1849
2026-03-05 06:40:00,18.43,18.43,18.43,18.43,375
2026-03-05 06:50:00,18.44,18.45,18.43,18.45,431
2026-03-05 06:55:00,18.42,18.42,18.38,18.38,759
2026-03-05 07:00:00,18.38,18.41,18.35,18.39,1941
2026-03-05 07:05:00,18.39,18.39,18.39,18.39,200
2026-03-05 07:10:00,18.38,18.42,18.38,18.42,1161
2026-03-05 07:20:00,18.45,18.46,18.45,18.46,640
2026-03-05 07:25:00,18.43,18.43,18.39,18.41,700
2026-03-05 07:30:00,18.37,18.4,18.35,18.4,1921
2026-03-05 07:35:00,18.3,18.3,18.291,18.291,340
2026-03-05 07:40:00,18.3,18.3,18.24,18.24,2059
2026-03-05 07:45:00,18.27,18.31,18.21,18.21,3600
2026-03-05 07:50:00,18.2,18.21,18.14,18.14,2985
2026-03-05 07:55:00,18.16,18.19,18.16,18.18,680
2026-03-05 08:00:00,18.42,18.68,18.04,18.08,55957
2026-03-05 08:05:00,18.05,18.34,17.971,17.99,17578
2026-03-05 08:10:00,17.98,17.99,17.94,17.95,9247
2026-03-05 08:15:00,17.94,17.94,17.87,17.88,6118
2026-03-05 08:20:00,17.9,17.98,17.9,17.94,7302
2026-03-05 08:25:00,17.92,17.98,17.911,17.98,2155
2026-03-05 08:30:00,18.0,18.05,17.91,17.91,5672
2026-03-05 08:35:00,17.9,17.9,17.8201,17.88,5249
2026-03-05 08:40:00,17.93,18.05,17.93,18.03,4499
2026-03-05 08:45:00,18.03,18.12,18.02,18.12,1917
2026-03-05 08:50:00,18.17,18.22,18.15,18.16,6548
2026-03-05 08:55:00,18.15,18.15,18.04,18.05,4091
2026-03-05 09:00:00,18.09,18.09,17.98,18.03,14484
2026-03-05 09:05:00,18.05,18.0794,18.011,18.03,3755
2026-03-05 09:10:00,18.05,18.07,18.0,18.0102,2470
2026-03-05 09:15:00,18.04,18.04,17.94,17.99,4748
2026-03-05 09:20:00,18.0,18.0246,17.9995,18.0,5664
2026-03-05 09:25:00,18.02,18.3591,18.01,18.29,17647
2026-03-05 09:30:00,18.35,18.7999,18.29,18.61,205814
2026-03-05 09:35:00,18.61,18.945,18.56,18.7801,162433
2026-03-05 09:40:00,18.79,18.86,18.49,18.6432,162889
2026-03-05 09:45:00,18.62,18.93,18.51,18.82,122948
2026-03-05 09:50:00,18.82,19.075,18.79,19.07,216639
2026-03-05 09:55:00,19.07,19.185,18.98,19.115,217701
2026-03-05 10:00:00,19.12,19.15,18.87,18.87,115846
2026-03-05 10:05:00,18.8701,19.0,18.835,18.92,75410
2026-03-05 10:10:00,18.94,18.94,18.66,18.81,92024
2026-03-05 10:15:00,18.81,18.82,18.62,18.7307,93306
2026-03-05 10:20:00,18.705,18.8,18.62,18.69,88735
2026-03-05 10:25:00,18.69,18.74,18.56,18.595,76122
2026-03-05 10:30:00,18.61,18.62,18.36,18.52,157005
2026-03-05 10:35:00,18.5,18.63,18.45,18.49,62046
2026-03-05 10:40:00,18.5,18.59,18.3912,18.485,55135
2026-03-05 10:45:00,18.49,18.58,18.39,18.39,51104
2026-03-05 10:50:00,18.4001,18.6,18.37,18.52,71642
2026-03-05 10:55:00,18.515,18.52,18.345,18.39,43260
2026-03-05 11:00:00,18.41,18.42,18.275,18.29,40770
2026-03-05 11:05:00,18.295,18.3899,18.1601,18.19,71230
2026-03-05 11:10:00,18.21,18.24,18.0401,18.1099,68325
2026-03-05 11:15:00,18.1,18.11,17.95,17.96,69476
2026-03-05 11:20:00,17.98,18.16,17.955,18.13,61599
2026-03-05 11:25:00,18.12,18.175,18.01,18.05,51124
2026-03-05 11:30:00,18.05,18.229,18.04,18.13,66386
2026-03-05 11:35:00,18.1399,18.285,18.04,18.19,50921
2026-03-05 11:40:00,18.195,18.22,18.0478,18.085,53297
2026-03-05 11:45:00,18.085,18.19,18.085,18.18,43708
2026-03-05 11:50:00,18.18,18.23,18.16,18.195,59951
2026-03-05 11:55:00,18.225,18.31,18.2,18.2871,25303
2026-03-05 12:00:00,18.29,18.46,18.27,18.46,76124
2026-03-05 12:05:00,18.46,18.5,18.3999,18.3999,100124
2026-03-05 12:10:00,18.365,18.365,18.18,18.27,70750
2026-03-05 12:15:00,18.25,18.26,18.08,18.0801,37411
2026-03-05 12:20:00,18.07,18.165,18.025,18.14,29579
2026-03-05 12:25:00,18.145,18.21,18.06,18.06,42633
2026-03-05 12:30:00,18.07,18.08,17.73,17.73,66605
2026-03-05 12:35:00,17.745,17.91,17.69,17.89,62233
2026-03-05 12:40:00,17.89,17.98,17.76,17.8,39920
2026-03-05 12:45:00,17.8,17.8,17.66,17.66,75459
2026-03-05 12:50:00,17.655,17.8493,17.565,17.65,57336
2026-03-05 12:55:00,17.63,17.71,17.56,17.655,42355
2026-03-05 13:00:00,17.64,17.77,17.63,17.755,44154
2026-03-05 13:05:00,17.75,17.83,17.72,17.83,48331
2026-03-05 13:10:00,17.85,18.03,17.81,18.015,37287
2026-03-05 13:15:00,18.02,18.05,17.81,17.825,32821
2026-03-05 13:20:00,17.82,17.87,17.76,17.83,30249
2026-03-05 13:25:00,17.835,17.835,17.62,17.675,46704
2026-03-05 13:30:00,17.7,17.755,17.64,17.705,24003
2026-03-05 13:35:00,17.71,17.82,17.69,17.74,43099
2026-03-05 13:40:00,17.745,17.92,17.74,17.92,15483
2026-03-05 13:45:00,17.91,17.92,17.77,17.82,30815
2026-03-05 13:50:00,17.815,17.84,17.76,17.76,171661
2026-03-05 13:55:00,17.77,17.89,17.77,17.85,14012
2026-03-05 14:00:00,17.87,18.025,17.85,17.95,43326
2026-03-05 14:05:00,17.965,18.04,17.96,17.96,201679
2026-03-05 14:10:00,17.96,18.03,17.91,18.015,29025
2026-03-05 14:15:00,18.01,18.07,17.98,18.07,114021
2026-03-05 14:20:00,18.08,18.13,18.005,18.07,25229
2026-03-05 14:25:00,18.075,18.08,17.92,18.0,111074
2026-03-05 14:30:00,17.97,17.97,17.8,17.84,49042
2026-03-05 14:35:00,17.83,17.895,17.8026,17.87,23033
2026-03-05 14:40:00,17.8593,17.905,17.84,17.85,48348
2026-03-05 14:45:00,17.89,17.9999,17.86,17.98,20886
2026-03-05 14:50:00,17.9801,17.995,17.86,17.865,89725
2026-03-05 14:55:00,17.85,17.94,17.815,17.9,16234
2026-03-05 15:00:00,17.9,17.98,17.81,17.97,45052
2026-03-05 15:05:00,17.97,17.97,17.83,17.95,47764
2026-03-05 15:10:00,17.9567,18.07,17.9499,18.01,141735
2026-03-05 15:15:00,18.0,18.095,18.0,18.075,36940
2026-03-05 15:20:00,18.055,18.2,18.05,18.145,34761
2026-03-05 15:25:00,18.15,18.21,18.14,18.16,40614
2026-03-05 15:30:00,18.15,18.165,18.05,18.12,53524
2026-03-05 15:35:00,18.17,18.25,18.15,18.22,35486
2026-03-05 15:40:00,18.23,18.23,18.065,18.11,25022
2026-03-05 15:45:00,18.115,18.28,18.09,18.28,196786
2026-03-05 15:50:00,18.29,18.41,18.29,18.36,95542
2026-03-05 15:55:00,18.36,18.365,18.25,18.28,247206
2026-03-05 16:00:00,18.28,18.28,18.16,18.16,5536
2026-03-05 16:05:00,18.2008,18.2008,18.2008,18.2008,100
2026-03-05 16:10:00,18.23,18.23,18.1704,18.1704,1287
2026-03-05 16:20:00,18.17,18.17,18.1605,18.1605,660
2026-03-05 16:25:00,18.16,18.17,18.1501,18.17,3409
2026-03-05 16:30:00,18.2,18.22,18.2,18.22,272
2026-03-05 16:45:00,18.18,18.18,18.18,18.18,400
2026-03-05 16:50:00,18.18,18.18,18.18,18.18,359
2026-03-05 16:55:00,18.17,18.2,18.17,18.2,367
2026-03-05 17:00:00,18.1736,18.1736,18.1736,18.1736,225
2026-03-05 17:05:00,18.17,18.17,18.17,18.17,229
2026-03-05 17:10:00,18.12,18.12,18.12,18.12,200
2026-03-05 17:15:00,18.19,18.19,18.16,18.16,250
2026-03-05 17:20:00,18.18,18.18,18.18,18.18,130
2026-03-05 17:25:00,18.2,18.2,18.2,18.2,272
2026-03-05 17:30:00,18.2,18.2,18.2,18.2,750
2026-03-05 17:50:00,18.2,18.2,18.2,18.2,246
2026-03-05 17:55:00,18.21,18.21,18.21,18.21,100
2026-03-05 18:05:00,18.22,18.22,18.22,18.22,100
2026-03-05 18:30:00,18.2486,18.2486,18.2486,18.2486,650
2026-03-05 18:35:00,18.23,18.23,18.23,18.23,437
2026-03-05 18:40:00,18.25,18.25,18.25,18.25,500
2026-03-05 18:45:00,18.26,18.29,18.26,18.29,300
2026-03-05 18:55:00,18.29,18.29,18.29,18.29,284
2026-03-05 19:05:00,18.35,18.36,18.3304,18.3304,360
2026-03-05 19:25:00,18.3631,18.3631,18.3631,18.3631,170
2026-03-05 19:30:00,18.33,18.33,18.32,18.32,701
2026-03-05 19:35:00,18.32,18.32,18.31,18.31,1300
2026-03-05 19:40:00,18.3395,18.38,18.3395,18.38,690
2026-03-06 04:00:00,18.38,18.41,18.36,18.36,800
2026-03-06 04:05:00,18.26,18.26,18.23,18.23,2188
2026-03-06 04:10:00,18.21,18.21,18.21,18.21,400
2026-03-06 04:15:00,18.12,18.12,18.12,18.12,350
2026-03-06 04:20:00,18.15,18.15,18.14,18.14,400
2026-03-06 04:25:00,18.1,18.1,18.09,18.1,1500
2026-03-06 04:30:00,18.05,18.05,18.05,18.05,275
2026-03-06 04:35:00,18.02,18.02,17.96,17.96,3500
2026-03-06 04:40:00,17.94,17.97,17.94,17.97,640
2026-03-06 04:45:00,17.92,17.92,17.85,17.85,1110
2026-03-06 04:50:00,17.88,17.9,17.84,17.9,1420
2026-03-06 04:55:00,17.91,17.93,17.89,17.92,1175
2026-03-06 05:00:00,17.95,18.05,17.95,18.05,2259
2026-03-06 05:05:00,18.04,18.07,18.04,18.07,500
2026-03-06 05:10:00,18.04,18.04,18.01,18.01,200
2026-03-06 05:15:00,18.03,18.04,18.03,18.04,460
2026-03-06 05:20:00,18.06,18.06,18.05,18.05,389
2026-03-06 05:25:00,18.01,18.08,18.01,18.08,1050
2026-03-06 05:30:00,18.05,18.05,18.05,18.05,150
2026-03-06 05:40:00,18.01,18.01,18.01,18.01,100
2026-03-06 05:50:00,17.97,17.97,17.97,17.97,300
2026-03-06 05:55:00,18.01,18.01,17.99,18.0,3649
2026-03-06 06:00:00,17.99,17.99,17.93,17.94,1610
2026-03-06 06:05:00,17.92,17.96,17.91,17.96,1150
2026-03-06 06:10:00,17.99,18.0,17.99,18.0,3871
2026-03-06 06:15:00,17.96,17.97,17.95,17.97,1970
2026-03-06 06:20:00,17.97,18.0,17.97,18.0,3389
2026-03-06 06:25:00,17.98,17.98,17.98,17.98,150
2026-03-06 06:30:00,17.98,17.98,17.98,17.98,476
2026-03-06 06:35:00,17.96,17.96,17.96,17.96,100
2026-03-06 06:40:00,17.91,17.93,17.88,17.89,887
2026-03-06 06:45:00,17.89,17.9,17.85,17.85,3922
2026-03-06 06:50:00,17.84,17.85,17.84,17.84,945
2026-03-06 06:55:00,17.82,17.82,17.8,17.8,2570
2026-03-06 07:00:00,17.81,17.82,17.74,17.82,3289
2026-03-06 07:05:00,17.75,17.81,17.74,17.75,6515
2026-03-06 07:10:00,17.76,17.76,17.76,17.76,321
2026-03-06 07:15:00,17.87,17.871,17.85,17.871,460
2026-03-06 07:20:00,17.89,17.9,17.88,17.88,398
2026-03-06 07:25:00,17.87,17.87,17.87,17.87,400
2026-03-06 07:30:00,17.84,17.89,17.8,17.87,1847
2026-03-06 07:35:00,17.82,17.9,17.82,17.9,859
2026-03-06 07:40:00,17.92,17.93,17.92,17.93,300
2026-03-06 07:45:00,17.91,17.91,17.9,17.9,575
2026-03-06 07:50:00,17.91,17.94,17.91,17.94,250
2026-03-06 07:55:00,17.94,17.96,17.94,17.96,518
2026-03-06 08:00:00,17.74,18.48,17.73,18.36,30737
2026-03-06 08:05:00,18.36,18.36,17.99,18.04,5842
2026-03-06 08:10:00,18.03,18.03,18.03,18.03,100
2026-03-06 08:15:00,18.02,18.05,18.02,18.05,600
2026-03-06 08:20:00,18.079,18.079,18.05,18.0779,3424
2026-03-06 08:25:00,18.07,18.15,18.0404,18.13,3620
2026-03-06 08:30:00,18.21,18.21,17.87,17.87,4311
2026-03-06 08:35:00,18.0,18.0,17.82,17.82,3800
2026-03-06 08:40:00,17.82,17.85,17.78,17.78,16796
2026-03-06 08:45:00,17.77,17.77,17.64,17.71,15399
2026-03-06 08:50:00,17.75,17.75,17.65,17.65,8346
2026-03-06 08:55:00,17.66,17.7,17.611,17.7,15707
2026-03-06 09:00:00,17.63,17.64,17.58,17.63,3029
2026-03-06 09:05:00,17.62,17.62,17.48,17.48,7128
2026-03-06 09:10:00,17.48,17.6374,17.48,17.6374,6391
2026-03-06 09:15:00,17.6224,17.6685,17.56,17.56,13073
2026-03-06 09:20:00,17.6,17.69,17.6,17.62,1645
2026-03-06 09:25:00,17.67,17.8,17.66,17.779,13685
2026-03-06 09:30:00,17.73,18.36,17.725,18.1,149755
2026-03-06 09:35:00,18.1,18.225,17.8,18.09,161310
2026-03-06 09:40:00,18.11,18.33,18.09,18.115,99690
2026-03-06 09:45:00,18.13,18.38,18.08,18.31,164991
2026-03-06 09:50:00,18.32,18.59,18.24,18.47,155308
2026-03-06 09:55:00,18.47,18.5,18.03,18.14,110903
2026-03-06 10:00:00,18.14,18.43,18.095,18.36,127700
2026-03-06 10:05:00,18.37,18.51,18.28,18.345,95648
2026-03-06 10:10:00,18.35,18.775,18.32,18.765,187389
2026-03-06 10:15:00,18.78,18.8588,18.5801,18.63,156547
2026-03-06 10:20:00,18.64,18.82,18.62,18.815,106351
2026-03-06 10:25:00,18.795,18.89,18.725,18.835,159388
2026-03-06 10:30:00,18.845,18.905,18.675,18.71,85549
2026-03-06 10:35:00,18.71,18.97,18.7,18.88,60390
2026-03-06 10:40:00,18.87,18.9,18.73,18.81,51492
2026-03-06 10:45:00,18.81,18.825,18.53,18.54,62979
2026-03-06 10:50:00,18.535,18.535,18.35,18.52,64959
2026-03-06 10:55:00,18.54,18.92,18.54,18.8,111461
2026-03-06 11:00:00,18.785,18.98,18.77,18.91,68790
2026-03-06 11:05:00,18.91,18.91,18.7,18.73,47508
2026-03-06 11:10:00,18.71,18.75,18.65,18.715,41618
2026-03-06 11:15:00,18.7,18.8,18.685,18.725,32871
2026-03-06 11:20:00,18.695,18.76,18.63,18.74,30762
2026-03-06 11:25:00,18.745,18.79,18.71,18.78,17748
2026-03-06 11:30:00,18.77,18.8,18.69,18.69,24786
2026-03-06 11:35:00,18.69,18.96,18.69,18.94,55685
2026-03-06 11:40:00,18.94,18.94,18.83,18.85,56821
2026-03-06 11:45:00,18.87,19.05,18.865,19.04,119311
2026-03-06 11:50:00,19.05,19.11,18.975,19.02,209234
2026-03-06 11:55:00,19.04,19.25,19.01,19.18,261388
2026-03-06 12:00:00,19.19,19.335,19.12,19.31,122952
2026-03-06 12:05:00,19.3,19.31,19.115,19.26,73659
2026-03-06 12:10:00,19.235,19.2699,19.1,19.14,40904
2026-03-06 12:15:00,19.15,19.21,19.07,19.21,198093
2026-03-06 12:20:00,19.21,19.245,19.06,19.24,239547
2026-03-06 12:25:00,19.23,19.27,19.07,19.15,37957
2026-03-06 12:30:00,19.16,19.18,19.07,19.17,50970
2026-03-06 12:35:00,19.165,19.18,18.99,19.11,51983
2026-03-06 12:40:00,19.12,19.15,19.0,19.11,60313
2026-03-06 12:45:00,19.13,19.24,19.12,19.2,45268
2026-03-06 12:50:00,19.21,19.305,19.175,19.29,34763
2026-03-06 12:55:00,19.27,19.37,19.22,19.355,54271
2026-03-06 13:00:00,19.335,19.36,19.25,19.295,70388
2026-03-06 13:05:00,19.3,19.4401,19.28,19.43,81045
2026-03-06 13:10:00,19.43,19.7199,19.38,19.6855,131575
2026-03-06 13:15:00,19.685,19.89,19.65,19.88,94806
2026-03-06 13:20:00,19.89,19.98,19.85,19.8999,139099
2026-03-06 13:25:00,19.9001,19.9001,19.72,19.7739,83090
2026-03-06 13:30:00,19.77,19.95,19.76,19.89,95363
2026-03-06 13:35:00,19.885,19.885,19.69,19.745,71078
2026-03-06 13:40:00,19.75,19.9193,19.745,19.895,110295
2026-03-06 13:45:00,19.9,20.01,19.88,20.0,168063
2026-03-06 13:50:00,20.0053,20.02,19.82,19.91,80724
2026-03-06 13:55:00,19.91,20.0299,19.9,20.0,86105
2026-03-06 14:00:00,20.01,20.09,20.01,20.085,75266
2026-03-06 14:05:00,20.06,20.14,20.015,20.07,59757
2026-03-06 14:10:00,20.075,20.19,20.0,20.075,127017
2026-03-06 14:15:00,20.065,20.22,20.065,20.2,101873
2026-03-06 14:20:00,20.1861,20.22,20.09,20.18,71040
2026-03-06 14:25:00,20.19,20.37,20.185,20.28,130818
2026-03-06 14:30:00,20.26,20.3,20.1702,20.195,106769
2026-03-06 14:35:00,20.23,20.23,20.06,20.07,88261
2026-03-06 14:40:00,20.065,20.1,19.9135,19.95,83318
2026-03-06 14:45:00,19.95,20.06,19.94,20.04,91602
2026-03-06 14:50:00,20.05,20.15,19.97,20.1,88491
2026-03-06 14:55:00,20.07,20.1313,20.03,20.1,55687
2026-03-06 15:00:00,20.1,20.215,20.03,20.085,114492
2026-03-06 15:05:00,20.09,20.09,19.91,19.93,118449
2026-03-06 15:10:00,19.93,19.96,19.52,19.65,126914
2026-03-06 15:15:00,19.65,19.76,19.56,19.73,98733
2026-03-06 15:20:00,19.73,19.73,19.575,19.65,120888
2026-03-06 15:25:00,19.64,19.67,19.4401,19.52,161258
2026-03-06 15:30:00,19.52,19.645,19.49,19.56,133503
2026-03-06 15:35:00,19.57,19.7,19.47,19.67,176493
2026-03-06 15:40:00,19.66,19.87,19.62,19.76,221127
2026-03-06 15:45:00,19.77,19.78,19.545,19.57,70225
2026-03-06 15:50:00,19.57,19.59,19.39,19.425,228115
2026-03-06 15:55:00,19.41,19.41,19.32,19.35,122898
2026-03-06 16:00:00,19.35,19.35,19.25,19.25,13047
2026-03-06 16:05:00,19.25,19.32,19.2,19.2,6853
2026-03-06 16:10:00,19.2,19.27,19.16,19.25,4940
2026-03-06 16:15:00,19.24,19.29,19.22,19.28,133458
2026-03-06 16:20:00,19.28,19.33,19.27,19.3,4539
2026-03-06 16:25:00,19.28,19.29,19.23,19.23,8533
2026-03-06 16:30:00,19.24,19.24,19.23,19.23,2677
2026-03-06 16:35:00,19.24,19.29,19.24,19.27,3623
2026-03-06 16:40:00,19.28,19.3,19.28,19.29,968
2026-03-06 16:45:00,19.26,19.26,19.23,19.24,1742
2026-03-06 16:50:00,19.2439,19.27,19.2439,19.26,674
2026-03-06 16:55:00,19.26,19.26,19.25,19.25,2737
2026-03-06 17:00:00,19.25,19.289,19.25,19.289,405
2026-03-06 17:10:00,19.26,19.3,19.24,19.25,5173
2026-03-06 17:15:00,19.2548,19.2548,19.24,19.25,1480
2026-03-06 17:20:00,19.29,19.29,19.24,19.24,1257
2026-03-06 17:25:00,19.24,19.2881,19.2,19.2,1985
2026-03-06 17:30:00,19.21,19.21,19.2,19.2,888
2026-03-06 17:35:00,19.2,19.21,19.2,19.21,1815
2026-03-06 17:40:00,19.21,19.21,19.2003,19.21,699
2026-03-06 17:45:00,19.21,19.21,19.2,19.2,377
2026-03-06 17:50:00,19.2,19.2,19.2,19.2,122
2026-03-06 17:55:00,19.21,19.24,19.2,19.2,1295
2026-03-06 18:00:00,19.2007,19.23,19.2007,19.23,2821
2026-03-06 18:05:00,19.23,19.25,19.23,19.25,311
2026-03-06 18:10:00,19.26,19.26,19.26,19.26,320
2026-03-06 18:15:00,19.31,19.31,19.28,19.28,10451
2026-03-06 18:20:00,19.2763,19.28,19.2381,19.2381,1000
2026-03-06 18:25:00,19.24,19.25,19.24,19.25,953
2026-03-06 18:30:00,19.25,19.25,19.2402,19.25,7607
2026-03-06 18:35:00,19.25,19.25,19.25,19.25,1211
2026-03-06 18:40:00,19.23,19.24,19.23,19.24,375
2026-03-06 18:45:00,19.23,19.23,19.23,19.23,129
2026-03-06 18:50:00,19.2323,19.2323,19.2323,19.2323,300
2026-03-06 18:55:00,19.24,19.24,19.23,19.23,915
2026-03-06 19:00:00,19.2498,19.25,19.24,19.24,2000
2026-03-06 19:05:00,19.22,19.22,19.22,19.22,110
2026-03-06 19:10:00,19.209,19.25,19.209,19.25,300
2026-03-06 19:15:00,19.2,19.25,19.2,19.25,200
2026-03-06 19:30:00,19.2011,19.22,19.2011,19.22,5978
2026-03-06 19:35:00,19.22,19.28,19.22,19.28,630
2026-03-06 19:40:00,19.2494,19.2494,19.2484,19.2484,328
2026-03-06 19:45:00,19.2398,19.2398,19.21,19.21,2501
2026-03-06 19:50:00,19.21,19.21,19.2,19.2064,706
2026-03-06 19:55:00,19.24,19.26,19.2399,19.26,1620
2026-03-09 04:00:00,18.51,18.63,18.5,18.5,1014
2026-03-09 04:05:00,18.49,18.49,18.49,18.49,100
2026-03-09 04:10:00,18.52,18.52,18.4,18.4,1167
2026-03-09 04:15:00,18.36,18.36,18.36,18.36,274
2026-03-09 04:20:00,18.51,18.57,18.51,18.57,474
2026-03-09 04:25:00,18.6,18.6,18.54,18.55,5341
2026-03-09 04:30:00,18.54,18.62,18.54,18.62,863
2026-03-09 04:35:00,18.63,18.69,18.63,18.66,1553
2026-03-09 04:40:00,18.6,18.6,18.6,18.6,603
2026-03-09 04:50:00,18.62,18.62,18.62,18.62,120
2026-03-09 04:55:00,18.64,18.64,18.64,18.64,2500
2026-03-09 05:00:00,18.65,18.65,18.64,18.64,600
2026-03-09 05:10:00,18.53,18.62,18.43,18.61,13172
2026-03-09 05:15:00,18.68,18.79,18.65,18.79,4470
2026-03-09 05:20:00,18.78,18.85,18.78,18.84,2045
2026-03-09 05:25:00,18.83,18.83,18.81,18.83,6570
2026-03-09 05:30:00,18.8,19.0,18.8,18.99,5580
2026-03-09 05:35:00,18.99,19.0,18.96,19.0,2834
2026-03-09 05:40:00,18.94,18.94,18.92,18.92,934
2026-03-09 05:45:00,18.94,18.94,18.86,18.87,2480
2026-03-09 05:50:00,18.81,18.86,18.76,18.76,942
2026-03-09 05:55:00,18.76,18.8,18.76,18.79,2185
2026-03-09 06:00:00,18.79,18.79,18.7,18.72,2851
2026-03-09 06:05:00,18.73,18.74,18.7,18.7,2659
2026-03-09 06:10:00,18.7,18.7,18.64,18.66,890
2026-03-09 06:15:00,18.7,18.71,18.7,18.71,2700
2026-03-09 06:25:00,18.82,18.84,18.82,18.84,610
2026-03-09 06:30:00,18.74,18.75,18.74,18.74,400
2026-03-09 06:35:00,18.73,18.8,18.7,18.72,4857
2026-03-09 06:40:00,18.76,18.76,18.76,18.76,144
2026-03-09 06:45:00,18.75,18.75,18.75,18.75,1000
2026-03-09 06:50:00,18.73,18.73,18.73,18.73,100
2026-03-09 06:55:00,18.72,18.72,18.67,18.67,1507
2026-03-09 07:00:00,18.74,18.89,18.73,18.85,18446
2026-03-09 07:05:00,18.89,18.89,18.89,18.89,100
2026-03-09 07:10:00,18.89,18.89,18.88,18.88,1876
2026-03-09 07:15:00,18.71,18.71,18.71,18.71,967
2026-03-09 07:20:00,18.71,18.79,18.71,18.79,1706
2026-03-09 07:25:00,18.74,18.74,18.74,18.74,800
2026-03-09 07:30:00,18.76,18.77,18.75,18.77,2124
2026-03-09 07:35:00,18.84,18.84,18.84,18.84,250
2026-03-09 07:40:00,18.83,18.84,18.77,18.79,4639
2026-03-09 07:45:00,18.84,18.84,18.81,18.81,366
2026-03-09 07:50:00,18.83,18.889,18.83,18.889,1329
2026-03-09 07:55:00,18.85,18.86,18.82,18.83,2285
2026-03-09 08:00:00,18.62,19.01,18.16,18.85,67978
2026-03-09 08:05:00,18.84,18.84,18.16,18.67,17215
2026-03-09 08:10:00,18.82,18.8687,18.82,18.8687,5611
2026-03-09 08:15:00,18.85,18.8698,18.83,18.83,1549
2026-03-09 08:20:00,18.85,18.87,18.85,18.86,2500
2026-03-09 08:25:00,18.8794,18.8794,18.801,18.8215,2757
2026-03-09 08:30:00,18.85,18.85,18.73,18.74,18064
2026-03-09 08:35:00,18.73,18.8123,18.7233,18.8,5338
2026-03-09 08:40:00,18.8,18.96,18.8,18.96,8717
2026-03-09 08:45:00,18.94,19.05,18.93,19.05,6328
2026-03-09 08:50:00,19.01,19.0704,18.99,19.0704,19429
2026-03-09 08:55:00,19.05,19.05,19.0,19.02,20748
2026-03-09 09:00:00,19.0,19.03,18.99,19.03,4440
2026-03-09 09:05:00,19.03,19.03,18.97,19.0,2648
2026-03-09 09:10:00,19.04,19.18,19.04,19.18,1419
2026-03-09 09:15:00,19.15,19.15,19.05,19.05,3779
2026-03-09 09:20:00,19.01,19.17,19.01,19.1478,7189
2026-03-09 09:25:00,19.1,19.1,18.89,18.98,8463
2026-03-09 09:30:00,18.98,19.6599,18.9,19.4,401142
2026-03-09 09:35:00,19.4,19.405,18.95,19.07,154559
2026-03-09 09:40:00,19.03,19.11,18.84,18.96,181571
2026-03-09 09:45:00,18.95,19.095,18.72,18.77,127991
2026-03-09 09:50:00,18.79,18.98,18.7,18.905,85559
2026-03-09 09:55:00,18.84,18.96,18.64,18.72,102625
2026-03-09 10:00:00,18.7,18.87,18.54,18.8,127929
2026-03-09 10:05:00,18.8,19.0099,18.55,19.0,106916
2026-03-09 10:10:00,19.02,19.04,18.49,18.61,135090
2026-03-09 10:15:00,18.6,18.765,18.55,18.71,74534
2026-03-09 10:20:00,18.7,18.9,18.53,18.855,72129
2026-03-09 10:25:00,18.85,18.95,18.54,18.54,80728
2026-03-09 10:30:00,18.54,18.67,18.54,18.61,58527
2026-03-09 10:35:00,18.63,18.93,18.6,18.93,52628
2026-03-09 10:40:00,18.93,19.02,18.8501,18.99,63775
2026-03-09 10:45:00,18.995,19.0399,18.81,18.86,40706
2026-03-09 10:50:00,18.87,18.915,18.745,18.765,45851
2026-03-09 10:55:00,18.765,18.815,18.64,18.75,55734
2026-03-09 11:00:00,18.75,18.9,18.7,18.86,46316
2026-03-09 11:05:00,18.83,18.84,18.625,18.63,51675
2026-03-09 11:10:00,18.63,18.71,18.55,18.645,51478
2026-03-09 11:15:00,18.66,18.78,18.62,18.7,34281
2026-03-09 11:20:00,18.68,18.76,18.64,18.74,35809
2026-03-09 11:25:00,18.735,18.975,18.73,18.965,86512
2026-03-09 11:30:00,18.95,18.95,18.81,18.81,46582
2026-03-09 11:35:00,18.78,18.89,18.78,18.8,27498
2026-03-09 11:40:00,18.785,18.84,18.765,18.815,24733
2026-03-09 11:45:00,18.815,18.86,18.775,18.8,24389
2026-03-09 11:50:00,18.77,18.795,18.7,18.74,21248
2026-03-09 11:55:00,18.74,18.75,18.67,18.68,29493
2026-03-09 12:00:00,18.665,18.68,18.55,18.62,62681
2026-03-09 12:05:00,18.665,18.7,18.58,18.59,28792
2026-03-09 12:10:00,18.585,18.62,18.48,18.58,64650
2026-03-09 12:15:00,18.62,18.63,18.57,18.595,20225
2026-03-09 12:20:00,18.635,18.67,18.56,18.59,36929
2026-03-09 12:25:00,18.61,18.79,18.6,18.64,49195
2026-03-09 12:30:00,18.656,18.66,18.58,18.63,54793
2026-03-09 12:35:00,18.63,18.74,18.625,18.74,30557
2026-03-09 12:40:00,18.7599,18.89,18.7599,18.83,40369
2026-03-09 12:45:00,18.85,18.88,18.77,18.78,27715
2026-03-09 12:50:00,18.775,18.805,18.74,18.74,26396
2026-03-09 12:55:00,18.735,18.82,18.71,18.71,20841
2026-03-09 13:00:00,18.71,18.71,18.59,18.59,33099
2026-03-09 13:05:00,18.59,18.6,18.535,18.59,88415
2026-03-09 13:10:00,18.6,18.64,18.5653,18.635,9427
2026-03-09 13:15:00,18.64,18.65,18.54,18.55,11559
2026-03-09 13:20:00,18.55,18.555,18.35,18.37,67497
2026-03-09 13:25:00,18.365,18.4,18.33,18.39,13172
2026-03-09 13:30:00,18.39,18.48,18.39,18.45,33583
2026-03-09 13:35:00,18.47,18.505,18.445,18.5,23379
2026-03-09 13:40:00,18.46,18.49,18.4101,18.49,22299
2026-03-09 13:45:00,18.48,18.54,18.47,18.49,11011
2026-03-09 13:50:00,18.49,18.55,18.485,18.52,14171
2026-03-09 13:55:00,18.505,18.62,18.49,18.59,18747
2026-03-09 14:00:00,18.59,18.6499,18.5699,18.6,24718
2026-03-09 14:05:00,18.605,18.655,18.495,18.55,19680
2026-03-09 14:10:00,18.55,18.68,18.55,18.645,27544
2026-03-09 14:15:00,18.64,18.705,18.63,18.69,16664
2026-03-09 14:20:00,18.71,18.75,18.64,18.72,31864
2026-03-09 14:25:00,18.715,18.755,18.7,18.745,33117
2026-03-09 14:30:00,18.735,18.86,18.735,18.86,22754
2026-03-09 14:35:00,18.85,18.9,18.79,18.88,31121
2026-03-09 14:40:00,18.875,18.945,18.86,18.87,18376
2026-03-09 14:45:00,18.86,18.93,18.84,18.88,17854
2026-03-09 14:50:00,18.845,18.94,18.84,18.91,15659
2026-03-09 14:55:00,18.895,18.9,18.7116,18.77,38879
2026-03-09 15:00:00,18.75,18.78,18.695,18.71,20675
2026-03-09 15:05:00,18.73,18.77,18.62,18.765,24229
2026-03-09 15:10:00,18.76,18.8,18.75,18.79,14632
2026-03-09 15:15:00,18.79,19.11,18.775,19.1,80752
2026-03-09 15:20:00,19.1,19.25,19.06,19.185,161642
2026-03-09 15:25:00,19.18,19.33,19.12,19.33,98592
2026-03-09 15:30:00,19.33,19.45,19.15,19.4001,78842
2026-03-09 15:35:00,19.41,19.48,19.27,19.435,111321
2026-03-09 15:40:00,19.41,19.41,19.1,19.15,90405
2026-03-09 15:45:00,19.13,19.185,19.03,19.18,75196
2026-03-09 15:50:00,19.17,19.23,18.9906,19.085,107803
2026-03-09 15:55:00,19.09,19.26,19.05,19.17,75150
2026-03-09 16:00:00,19.17,19.2,19.15,19.15,11233
2026-03-09 16:05:00,19.14,19.14,19.07,19.07,980
2026-03-09 16:10:00,19.001,19.031,19.0001,19.031,4533
2026-03-09 16:15:00,19.03,19.09,19.03,19.051,3612
2026-03-09 16:20:00,19.04,19.06,18.99,18.99,796
2026-03-09 16:25:00,18.95,18.99,18.95,18.99,2194
2026-03-09 16:30:00,18.98,18.98,18.9,18.91,5168
2026-03-09 16:35:00,18.9407,19.1,18.9407,19.0,4347
2026-03-09 16:40:00,18.98,18.98,18.97,18.98,5095
2026-03-09 16:45:00,18.97,18.97,18.9,18.9,1150
2026-03-09 16:50:00,18.9922,18.9922,18.9922,18.9922,100
2026-03-09 16:55:00,18.97,18.97,18.97,18.97,1000
2026-03-09 17:00:00,18.9887,18.9887,18.91,18.91,627
2026-03-09 17:05:00,18.96,18.97,18.96,18.96,1718
2026-03-09 17:10:00,18.97,18.97,18.92,18.93,757
2026-03-09 17:20:00,18.94,18.96,18.92,18.96,1113
2026-03-09 17:25:00,18.891,18.891,18.891,18.891,200
2026-03-09 17:30:00,18.9,18.9,18.9,18.9,474
2026-03-09 17:35:00,18.9114,18.9114,18.9114,18.9114,300
2026-03-09 17:40:00,18.92,18.97,18.92,18.97,700
2026-03-09 17:45:00,18.92,18.93,18.9003,18.9003,700
2026-03-09 17:50:00,18.9,18.9,18.9,18.9,471
2026-03-09 17:55:00,18.9,18.9,18.9,18.9,174
2026-03-09 18:00:00,18.92,18.94,18.79,18.8,1445
2026-03-09 18:10:00,18.801,18.801,18.801,18.801,1300
2026-03-09 18:15:00,18.8041,18.8041,18.731,18.7401,1493
2026-03-09 18:20:00,18.74,18.74,18.68,18.68,7153
2026-03-09 18:25:00,18.71,18.81,18.71,18.81,1448
2026-03-09 18:30:00,18.8,18.8,18.77,18.77,1310
2026-03-09 18:35:00,18.72,18.7695,18.7,18.7695,2495
2026-03-09 18:45:00,18.76,18.76,18.76,18.76,290
2026-03-09 18:50:00,18.75,18.76,18.75,18.75,1571
2026-03-09 18:55:00,18.69,18.69,18.67,18.68,2770
2026-03-09 19:00:00,18.6717,18.747,18.6717,18.747,4818
2026-03-09 19:05:00,18.73,18.73,18.73,18.73,200
2026-03-09 19:10:00,18.7,18.7,18.7,18.7,250
2026-03-09 19:15:00,18.79,18.79,18.79,18.79,800
2026-03-09 19:20:00,18.73,18.73,18.73,18.73,100
2026-03-09 19:25:00,18.73,18.78,18.73,18.73,440
2026-03-09 19:30:00,18.73,18.73,18.73,18.73,149
2026-03-09 19:40:00,18.72,18.74,18.72,18.74,534
2026-03-09 19:50:00,18.69,18.69,18.69,18.69,500
2026-03-09 19:55:00,18.69,18.69,18.69,18.69,3336
2026-03-10 04:00:00,19.02,19.07,19.01,19.07,4224
2026-03-10 04:05:00,19.06,19.2,19.05,19.19,1349
2026-03-10 04:10:00,19.19,19.19,19.08,19.08,8381
2026-03-10 04:15:00,19.07,19.1,19.07,19.1,605
2026-03-10 04:20:00,19.13,19.14,19.06,19.06,4059
2026-03-10 04:25:00,19.07,19.08,19.04,19.04,18263
2026-03-10 04:30:00,19.02,19.05,19.0,19.0,11986
2026-03-10 04:35:00,19.04,19.04,19.03,19.03,2551
2026-03-10 04:40:00,18.99,19.0,18.97,19.0,9137
2026-03-10 04:45:00,18.98,18.98,18.87,18.87,9462
2026-03-10 04:50:00,18.83,18.83,18.75,18.76,2619
2026-03-10 04:55:00,18.79,18.79,18.75,18.76,1956
2026-03-10 05:00:00,18.8,18.83,18.78,18.83,3202
2026-03-10 05:05:00,18.83,18.84,18.83,18.84,970
2026-03-10 05:10:00,18.85,18.86,18.84,18.86,2250
2026-03-10 05:15:00,18.87,18.89,18.87,18.87,444
2026-03-10 05:20:00,18.86,18.87,18.77,18.78,2299
2026-03-10 05:25:00,18.78,18.79,18.77,18.79,912
2026-03-10 05:30:00,18.79,18.81,18.76,18.76,1374
2026-03-10 05:35:00,18.77,18.77,18.73,18.73,4301
2026-03-10 05:40:00,18.73,18.78,18.73,18.78,970
2026-03-10 05:45:00,18.78,18.78,18.71,18.72,2920
2026-03-10 05:50:00,18.72,18.75,18.72,18.75,980
2026-03-10 05:55:00,18.74,18.75,18.7,18.7,1737
2026-03-10 06:00:00,18.71,18.71,18.63,18.63,1905
2026-03-10 06:05:00,18.64,18.68,18.63,18.68,3089
2026-03-10 06:10:00,18.68,18.71,18.68,18.71,1050
2026-03-10 06:15:00,18.71,18.71,18.71,18.71,130
2026-03-10 06:20:00,18.72,18.72,18.63,18.63,439
2026-03-10 06:25:00,18.62,18.63,18.62,18.63,5893
2026-03-10 06:35:00,18.64,18.64,18.61,18.62,2595
2026-03-10 06:40:00,18.67,18.67,18.66,18.66,200
2026-03-10 06:45:00,18.74,18.74,18.74,18.74,654
2026-03-10 06:50:00,18.72,18.73,18.69,18.7,8338
2026-03-10 06:55:00,18.72,18.72,18.72,18.72,567
2026-03-10 07:00:00,18.76,18.85,18.76,18.85,10250
2026-03-10 07:05:00,18.78,18.78,18.74,18.74,554
2026-03-10 07:10:00,18.72,18.72,18.67,18.67,1638
2026-03-10 07:15:00,18.65,18.65,18.57,18.57,1658
2026-03-10 07:20:00,18.58,18.65,18.58,18.65,1424
2026-03-10 07:25:00,18.63,18.63,18.63,18.63,110
2026-03-10 07:30:00,18.6,18.6,18.59,18.59,550
2026-03-10 07:35:00,18.61,18.61,18.58,18.6,2169
2026-03-10 07:40:00,18.59,18.61,18.58,18.61,1240
2026-03-10 07:45:00,18.62,18.62,18.62,18.62,1110
2026-03-10 07:50:00,18.63,18.64,18.63,18.64,4478
2026-03-10 07:55:00,18.75,18.75,18.74,18.74,600
2026-03-10 08:00:00,18.7612,19.19,18.57,18.71,79763
2026-03-10 08:05:00,18.67,19.06,18.66,18.69,8086
2026-03-10 08:10:00,18.69,18.71,18.68,18.7,14028
2026-03-10 08:15:00,18.71,18.73,18.7,18.7,1450
2026-03-10 08:20:00,18.73,18.7695,18.72,18.75,1624
2026-03-10 08:25:00,18.76,18.76,18.74,18.74,1254
2026-03-10 08:30:00,18.72,18.73,18.67,18.72,3520
2026-03-10 08:35:00,18.72,18.81,18.72,18.8069,4840
2026-03-10 08:40:00,18.79,18.81,18.79,18.81,1173
2026-03-10 08:45:00,18.82,18.83,18.77,18.8,4050
2026-03-10 08:50:00,18.75,18.75,18.74,18.74,1210
2026-03-10 09:00:00,18.75,18.75,18.75,18.75,920
2026-03-10 09:05:00,18.73,18.73,18.68,18.69,3761
2026-03-10 09:10:00,18.75,18.78,18.71,18.71,4825
2026-03-10 09:15:00,18.78,18.78,18.78,18.78,983
2026-03-10 09:20:00,18.82,18.95,18.82,18.9212,7430
2026-03-10 09:25:00,18.97,19.05,18.97,19.05,7538
2026-03-10 09:30:00,19.11,19.19,18.69,18.94,191847
2026-03-10 09:35:00,18.92,19.0,18.46,18.46,124816
2026-03-10 09:40:00,18.44,18.68,18.41,18.6301,150790
2026-03-10 09:45:00,18.61,18.95,18.55,18.66,109106
2026-03-10 09:50:00,18.67,18.67,18.43,18.535,98890
2026-03-10 09:55:00,18.54,18.62,18.35,18.4,202655
2026-03-10 10:00:00,18.4,18.405,17.92,17.97,237693
2026-03-10 10:05:00,17.975,18.165,17.86,17.89,125188
2026-03-10 10:10:00,17.88,18.01,17.82,17.94,105085
2026-03-10 10:15:00,17.95,18.07,17.9001,18.04,86390
2026-03-10 10:20:00,18.045,18.13,17.975,18.02,53692
2026-03-10 10:25:00,18.03,18.16,17.98,17.995,50958
2026-03-10 10:30:00,17.995,18.065,17.87,17.94,108133
2026-03-10 10:35:00,17.935,18.05,17.85,17.9845,101666
2026-03-10 10:40:00,18.0,18.135,17.95,18.0899,58093
2026-03-10 10:45:00,18.085,18.115,17.975,18.06,53631
2026-03-10 10:50:00,18.07,18.105,17.95,18.02,46967
2026-03-10 10:55:00,18.015,18.085,17.9601,18.03,39946
2026-03-10 11:00:00,18.025,18.095,18.0,18.02,25175
2026-03-10 11:05:00,18.01,18.01,17.74,17.75,269986
2026-03-10 11:10:00,17.73,17.925,17.72,17.88,44783
2026-03-10 11:15:00,17.8814,18.09,17.87,18.09,69084
2026-03-10 11:20:00,18.08,18.095,17.8,17.8002,36660
2026-03-10 11:25:00,17.8,17.875,17.7,17.72,106647
2026-03-10 11:30:00,17.725,17.755,17.63,17.65,163654
2026-03-10 11:35:00,17.66,17.7786,17.655,17.775,48879
2026-03-10 11:40:00,17.78,17.88,17.77,17.805,33403
2026-03-10 11:45:00,17.8,17.845,17.77,17.825,32496
2026-03-10 11:50:00,17.855,17.915,17.82,17.82,96706
2026-03-10 11:55:00,17.82,17.89,17.79,17.855,110175
2026-03-10 12:00:00,17.84,17.96,17.825,17.9,32944
2026-03-10 12:05:00,17.9,17.905,17.7,17.79,24000
2026-03-10 12:10:00,17.795,17.875,17.76,17.87,29930
2026-03-10 12:15:00,17.855,17.92,17.84,17.9166,14464
2026-03-10 12:20:00,17.91,18.0,17.895,18.0,56889
2026-03-10 12:25:00,18.005,18.11,17.965,18.065,38212
2026-03-10 12:30:00,18.075,18.16,18.04,18.065,43643
2026-03-10 12:35:00,18.05,18.125,18.04,18.105,38813
2026-03-10 12:40:00,18.105,18.17,18.08,18.135,31754
2026-03-10 12:45:00,18.125,18.175,18.05,18.07,39799
2026-03-10 12:50:00,18.065,18.1499,18.01,18.045,18203
2026-03-10 12:55:00,18.045,18.09,17.97,17.97,187291
2026-03-10 13:00:00,17.96,18.01,17.93,17.985,66010
2026-03-10 13:05:00,18.0,18.035,17.91,17.955,17211
2026-03-10 13:10:00,17.925,17.97,17.86,17.915,24573
2026-03-10 13:15:00,17.94,18.045,17.92,18.04,10206
2026-03-10 13:20:00,18.0602,18.08,17.995,18.06,80856
2026-03-10 13:25:00,18.045,18.15,18.045,18.13,105844
2026-03-10 13:30:00,18.11,18.12,17.975,17.99,25801
2026-03-10 13:35:00,17.9999,18.0155,17.79,17.87,34209
2026-03-10 13:40:00,17.855,17.965,17.85,17.91,18065
2026-03-10 13:45:00,17.89,18.065,17.89,18.03,14745
2026-03-10 13:50:00,18.04,18.095,18.035,18.08,13434
2026-03-10 13:55:00,18.06,18.0601,18.0,18.0601,11811
2026-03-10 14:00:00,18.0502,18.11,18.0,18.1,27622
2026-03-10 14:05:00,18.095,18.1,18.04,18.075,8458
2026-03-10 14:10:00,18.0899,18.14,17.8501,17.855,46162
2026-03-10 14:15:00,17.86,18.03,17.85,18.015,54594
2026-03-10 14:20:00,18.0,18.08,17.89,17.905,59468
2026-03-10 14:25:00,17.92,17.995,17.865,17.87,21917
2026-03-10 14:30:00,17.865,17.96,17.85,17.89,21760
2026-03-10 14:35:00,17.89,17.895,17.755,17.8,20847
2026-03-10 14:40:00,17.805,17.875,17.76,17.815,11853
2026-03-10 14:45:00,17.78,17.865,17.78,17.835,12520
2026-03-10 14:50:00,17.86,17.93,17.855,17.905,13048
2026-03-10 14:55:00,17.89,17.91,17.7901,17.805,11821
2026-03-10 15:00:00,17.8,17.865,17.69,17.79,89266
2026-03-10 15:05:00,17.775,17.91,17.775,17.895,13260
2026-03-10 15:10:00,17.875,17.9,17.7801,17.9,11008
2026-03-10 15:15:00,17.9,18.09,17.9,18.065,22826
2026-03-10 15:20:00,18.08,18.105,17.94,18.065,40370
2026-03-10 15:25:00,18.035,18.035,17.925,17.95,27447
2026-03-10 15:30:00,17.92,18.045,17.905,18.035,31604
2026-03-10 15:35:00,18.04,18.065,17.97,18.06,21176
2026-03-10 15:40:00,18.04,18.09,17.97,18.015,58835
2026-03-10 15:45:00,18.0,18.02,17.82,17.86,31533
2026-03-10 15:50:00,17.86,17.91,17.8,17.84,78858
2026-03-10 15:55:00,17.84,17.885,17.785,17.87,70007
2026-03-10 16:00:00,17.86,17.87,17.8012,17.87,11550
2026-03-10 16:05:00,17.8,17.82,17.8,17.81,1734
2026-03-10 16:10:00,17.8681,17.89,17.82,17.89,6576
2026-03-10 16:15:00,17.89,17.8903,17.85,17.87,3052
2026-03-10 16:20:00,17.87,17.87,17.8636,17.8636,238
2026-03-10 16:25:00,17.92,17.94,17.919,17.94,2059
2026-03-10 16:30:00,17.95,17.96,17.95,17.96,103686
2026-03-10 16:35:00,17.95,17.95,17.9103,17.9103,1800
2026-03-10 16:40:00,17.9,17.9,17.87,17.87,1162
2026-03-10 16:45:00,17.91,17.919,17.91,17.919,305
2026-03-10 16:50:00,17.91,17.91,17.83,17.83,748
2026-03-10 17:00:00,17.83,17.84,17.83,17.84,810
2026-03-10 17:05:00,17.8,17.8,17.8,17.8,140
2026-03-10 17:10:00,17.84,17.8575,17.8,17.8,1738
2026-03-10 17:15:00,17.83,17.95,17.83,17.84,1899
2026-03-10 17:20:00,17.82,17.82,17.82,17.82,700
2026-03-10 17:30:00,17.87,17.87,17.87,17.87,100
2026-03-10 17:45:00,17.88,17.88,17.82,17.82,600
2026-03-10 17:50:00,17.8,17.8,17.8,17.8,439
2026-03-10 18:00:00,17.81,17.81,17.8,17.8,1050
2026-03-10 18:05:00,17.8,17.8,17.76,17.76,2154
2026-03-10 18:15:00,17.8,17.8,17.8,17.8,105
2026-03-10 18:20:00,17.76,17.76,17.76,17.76,150
2026-03-10 18:25:00,17.7229,17.7229,17.69,17.69,1531
2026-03-10 18:30:00,17.69,17.72,17.69,17.72,915
2026-03-10 18:40:00,17.6702,17.68,17.6702,17.6765,516
2026-03-10 19:00:00,17.75,17.75,17.75,17.75,100
2026-03-10 19:15:00,17.75,17.78,17.75,17.78,1260
2026-03-10 19:30:00,17.7735,17.7735,17.73,17.73,5100
2026-03-10 19:35:00,17.75,17.75,17.75,17.75,300
2026-03-10 19:40:00,17.748,17.77,17.73,17.73,2786
2026-03-10 19:45:00,17.74,17.76,17.74,17.76,1455
2026-03-10 19:50:00,17.74,17.74,17.74,17.74,200
2026-03-10 19:55:00,17.7994,17.7994,17.7994,17.7994,500
2026-03-11 04:05:00,17.84,17.85,17.84,17.85,523
2026-03-11 04:10:00,17.86,17.86,17.86,17.86,1278
2026-03-11 04:15:00,17.88,17.88,17.88,17.88,150
2026-03-11 04:20:00,17.86,17.86,17.86,17.86,150
2026-03-11 04:25:00,17.87,17.87,17.87,17.87,100
2026-03-11 04:30:00,17.88,17.91,17.88,17.91,1200
2026-03-11 04:35:00,17.89,17.89,17.86,17.86,750
2026-03-11 04:40:00,17.82,17.82,17.8,17.8,1763
2026-03-11 04:45:00,17.79,17.79,17.79,17.79,110
2026-03-11 04:50:00,17.76,17.76,17.75,17.75,1050
2026-03-11 04:55:00,17.74,17.74,17.7,17.7,3362
2026-03-11 05:00:00,17.7,17.7,17.7,17.7,536
2026-03-11 05:05:00,17.66,17.68,17.66,17.68,310
2026-03-11 05:10:00,17.68,17.68,17.63,17.64,2100
2026-03-11 05:15:00,17.63,17.63,17.61,17.61,510
2026-03-11 05:20:00,17.62,17.65,17.62,17.65,1300
2026-03-11 05:25:00,17.65,17.66,17.64,17.64,500
2026-03-11 05:30:00,17.65,17.65,17.65,17.65,150
2026-03-11 05:35:00,17.66,17.66,17.62,17.62,700
2026-03-11 05:40:00,17.65,17.65,17.65,17.65,200
2026-03-11 05:45:00,17.63,17.64,17.63,17.63,1670
2026-03-11 05:50:00,17.61,17.62,17.61,17.62,220
2026-03-11 05:55:00,17.6,17.6,17.5,17.5,4028
2026-03-11 06:00:00,17.5,17.56,17.48,17.56,2778
2026-03-11 06:05:00,17.56,17.6,17.55,17.6,3981
2026-03-11 06:10:00,17.62,17.63,17.6,17.63,3623
2026-03-11 06:15:00,17.65,17.65,17.65,17.65,330
2026-03-11 06:20:00,17.66,17.66,17.64,17.64,621
2026-03-11 06:25:00,17.64,17.64,17.61,17.61,610
2026-03-11 06:30:00,17.67,17.68,17.67,17.68,800
2026-03-11 06:35:00,17.66,17.69,17.66,17.69,1748
2026-03-11 06:45:00,17.71,17.72,17.71,17.72,348
2026-03-11 06:50:00,17.72,17.72,17.71,17.71,1146
2026-03-11 07:00:00,17.78,17.78,17.77,17.77,800
2026-03-11 07:05:00,17.79,17.83,17.79,17.83,3292
2026-03-11 07:10:00,17.78,17.78,17.77,17.78,360
2026-03-11 07:15:00,17.76,17.76,17.69,17.69,1362
2026-03-11 07:20:00,17.66,17.66,17.61,17.62,1776
2026-03-11 07:25:00,17.63,17.63,17.59,17.59,1080
2026-03-11 07:30:00,17.56,17.609,17.56,17.58,2500
2026-03-11 07:35:00,17.58,17.58,17.56,17.56,360
2026-03-11 07:40:00,17.55,17.57,17.52,17.57,10436
2026-03-11 07:45:00,17.54,17.55,17.52,17.52,958
2026-03-11 07:50:00,17.53,17.61,17.51,17.55,10585
2026-03-11 07:55:00,17.55,17.57,17.55,17.55,2616
2026-03-11 08:00:00,17.88,18.01,17.48,17.84,50196
2026-03-11 08:05:00,17.74,17.99,17.55,17.56,3626
2026-03-11 08:10:00,17.55,17.58,17.54,17.58,1101
2026-03-11 08:15:00,17.52,17.64,17.52,17.64,2270
2026-03-11 08:20:00,17.63,17.6521,17.62,17.6209,792
2026-03-11 08:25:00,17.62,17.749,17.62,17.749,3019
2026-03-11 08:30:00,17.8,17.85,17.63,17.63,2579
2026-03-11 08:35:00,17.65,17.66,17.65,17.66,1778
2026-03-11 08:40:00,17.66,17.66,17.62,17.63,1620
2026-03-11 08:45:00,17.65,17.66,17.63,17.65,1200
2026-03-11 08:50:00,17.65,17.66,17.65,17.65,820
2026-03-11 08:55:00,17.6646,17.72,17.6646,17.71,1125
2026-03-11 09:00:00,17.71,17.76,17.71,17.75,3582
2026-03-11 09:05:00,17.75,17.82,17.75,17.8,4885
2026-03-11 09:10:00,17.78,17.81,17.76,17.8,3391
2026-03-11 09:15:00,17.77,17.86,17.77,17.85,4325
2026-03-11 09:20:00,17.83,17.88,17.83,17.87,3070
2026-03-11 09:25:00,17.86,17.98,17.82,17.94,9737
2026-03-11 09:30:00,17.89,18.34,17.89,18.2191,279844
2026-03-11 09:35:00,18.2,18.3,18.09,18.12,141082
2026-03-11 09:40:00,18.13,18.34,18.115,18.21,116960
2026-03-11 09:45:00,18.2,18.31,18.115,18.18,69797
2026-03-11 09:50:00,18.17,18.24,17.98,18.01,192722
2026-03-11 09:55:00,18.01,18.155,17.915,18.1,211715
2026-03-11 10:00:00,18.12,18.34,18.07,18.19,77766
2026-03-11 10:05:00,18.2,18.3,18.07,18.125,48476
2026-03-11 10:10:00,18.11,18.27,18.06,18.24,42206
2026-03-11 10:15:00,18.23,18.33,18.165,18.29,59820
2026-03-11 10:20:00,18.29,18.29,18.03,18.08,206545
2026-03-11 10:25:00,18.05,18.12,17.92,18.12,45717
2026-03-11 10:30:00,18.115,18.16,17.87,17.89,276157
2026-03-11 10:35:00,17.89,18.055,17.89,17.99,25073
2026-03-11 10:40:00,17.98,18.24,17.97,18.15,36975
2026-03-11 10:45:00,18.09,18.15,18.01,18.02,161704
2026-03-11 10:50:00,18.01,18.11,18.01,18.065,23828
2026-03-11 10:55:00,18.06,18.13,18.02,18.09,24198
2026-03-11 11:00:00,18.11,18.18,18.035,18.135,42976
2026-03-11 11:05:00,18.16,18.16,18.06,18.06,150071
2026-03-11 11:10:00,18.0499,18.06,17.8,17.8999,41781
2026-03-11 11:15:00,17.89,17.89,17.76,17.8501,34411
2026-03-11 11:20:00,17.8513,17.9,17.79,17.83,35512
2026-03-11 11:25:00,17.83,17.92,17.75,17.75,32002
2026-03-11 11:30:00,17.73,17.76,17.64,17.76,36509
2026-03-11 11:35:00,17.7599,17.76,17.545,17.6001,43493
2026-03-11 11:40:00,17.61,17.64,17.54,17.555,158221
2026-03-11 11:45:00,17.55,17.5799,17.44,17.495,234758
2026-03-11 11:50:00,17.49,17.63,17.49,17.63,57399
2026-03-11 11:55:00,17.625,17.64,17.58,17.595,184498
2026-03-11 12:00:00,17.585,17.625,17.4907,17.5,28860
2026-03-11 12:05:00,17.54,17.59,17.49,17.49,8305
2026-03-11 12:10:00,17.52,17.545,17.46,17.545,18519
2026-03-11 12:15:00,17.565,17.59,17.52,17.52,26390
2026-03-11 12:20:00,17.52,17.6,17.51,17.54,14142
2026-03-11 12:25:00,17.57,17.59,17.5561,17.58,29964
2026-03-11 12:30:00,17.58,17.76,17.58,17.75,20043
2026-03-11 12:35:00,17.755,17.805,17.665,17.705,10960
2026-03-11 12:40:00,17.7066,17.8,17.685,17.79,25282
2026-03-11 12:45:00,17.74,17.81,17.695,17.775,236985
2026-03-11 12:50:00,17.7716,17.8201,17.76,17.81,10191
2026-03-11 12:55:00,17.805,17.86,17.79,17.8499,10255
2026-03-11 13:00:00,17.85,17.91,17.85,17.88,50892
2026-03-11 13:05:00,17.87,17.99,17.86,17.99,169794
2026-03-11 13:10:00,17.965,17.965,17.9,17.94,14669
2026-03-11 13:15:00,17.93,17.955,17.88,17.911,14052
2026-03-11 13:20:00,17.905,17.96,17.88,17.895,8596
2026-03-11 13:25:00,17.93,17.97,17.89,17.9181,151869
2026-03-11 13:30:00,17.94,17.97,17.905,17.93,170614
2026-03-11 13:35:00,17.93,17.955,17.6401,17.77,29821
2026-03-11 13:40:00,17.77,17.83,17.74,17.805,13872
2026-03-11 13:45:00,17.76,17.8,17.7519,17.8,24516
2026-03-11 13:50:00,17.81,17.89,17.8,17.81,18327
2026-03-11 13:55:00,17.76,17.85,17.76,17.85,11675
2026-03-11 14:00:00,17.83,17.9,17.82,17.88,7554
2026-03-11 14:05:00,17.87,17.87,17.74,17.76,5594
2026-03-11 14:10:00,17.745,17.77,17.66,17.73,141214
2026-03-11 14:15:00,17.73,17.75,17.675,17.7,10882
2026-03-11 14:20:00,17.71,17.76,17.67,17.71,8964
2026-03-11 14:25:00,17.7,17.79,17.7,17.78,10591
2026-03-11 14:30:00,17.775,17.81,17.77,17.795,3969
2026-03-11 14:35:00,17.83,17.85,17.79,17.83,7789
2026-03-11 14:40:00,17.82,17.83,17.79,17.8299,6310
2026-03-11 14:45:00,17.81,17.84,17.8,17.81,5498
2026-03-11 14:50:00,17.82,17.93,17.81,17.93,11603
2026-03-11 14:55:00,17.94,17.9662,17.88,17.91,9242
2026-03-11 15:00:00,17.9201,17.97,17.87,17.97,24989
2026-03-11 15:05:00,17.95,17.97,17.93,17.94,9069
2026-03-11 15:10:00,17.95,17.95,17.755,17.78,10413
2026-03-11 15:15:00,17.79,17.82,17.775,17.785,2434
2026-03-11 15:20:00,17.78,17.83,17.74,17.795,13617
2026-03-11 15:25:00,17.84,17.88,17.8101,17.8199,9549
2026-03-11 15:30:00,17.85,17.98,17.84,17.96,169646
2026-03-11 15:35:00,17.96,18.015,17.94,17.985,18666
2026-03-11 15:40:00,17.9701,18.01,17.97,18.005,9875
2026-03-11 15:45:00,17.98,17.98,17.94,17.96,166170
2026-03-11 15:50:00,17.97,18.04,17.97,18.04,34620
2026-03-11 15:55:00,18.04,18.05,17.9545,17.97,34938
2026-03-11 16:00:00,17.96,17.98,17.9,17.9,8430
2026-03-11 16:10:00,17.8831,17.92,17.8831,17.92,300
2026-03-11 16:15:00,17.92,17.92,17.92,17.92,500
2026-03-11 16:20:00,17.8901,17.9,17.89,17.89,22363
2026-03-11 16:25:00,17.871,17.871,17.871,17.871,500
2026-03-11 16:30:00,17.89,17.89,17.89,17.89,500
2026-03-11 16:35:00,17.88,17.99,17.87,17.93,7268
2026-03-11 16:45:00,17.94,17.94,17.94,17.94,2000
2026-03-11 16:50:00,17.93,17.93,17.87,17.87,1585
2026-03-11 16:55:00,17.89,17.89,17.89,17.89,126
2026-03-11 17:00:00,17.9283,17.9283,17.9283,17.9283,100
2026-03-11 17:10:00,17.91,17.91,17.91,17.91,372
2026-03-11 17:30:00,17.88,17.88,17.88,17.88,500
2026-03-11 17:35:00,17.87,17.87,17.87,17.87,100
2026-03-11 17:45:00,17.9,17.9,17.9,17.9,100
2026-03-11 18:00:00,17.86,17.86,17.72,17.72,2714
2026-03-11 18:35:00,17.68,17.68,17.68,17.68,100
2026-03-11 18:40:00,17.62,17.62,17.62,17.62,400
2026-03-11 18:45:00,17.62,17.62,17.609,17.6109,5296
2026-03-11 18:50:00,17.61,17.61,17.61,17.61,2801
2026-03-11 18:55:00,17.63,17.66,17.62,17.66,3173
2026-03-11 19:00:00,17.67,17.67,17.67,17.67,111
2026-03-11 19:05:00,17.6256,17.6256,17.6256,17.6256,266
2026-03-11 19:10:00,17.6116,17.6116,17.6116,17.6116,200
2026-03-11 19:20:00,17.621,17.621,17.6,17.6,1894
2026-03-11 19:25:00,17.59,17.59,17.59,17.59,28712
2026-03-11 19:30:00,17.62,17.62,17.54,17.54,1959
2026-03-11 19:35:00,17.54,17.54,17.531,17.531,800
2026-03-11 19:40:00,17.53,17.53,17.52,17.52,750
2026-03-11 19:45:00,17.54,17.54,17.54,17.54,200
2026-03-11 19:55:00,17.57,17.57,17.55,17.55,915
2026-03-12 04:15:00,17.73,17.73,17.73,17.73,110
2026-03-12 04:20:00,17.67,17.67,17.65,17.65,434
2026-03-12 04:25:00,17.68,17.68,17.64,17.64,1100
2026-03-12 04:30:00,17.66,17.66,17.66,17.66,220
2026-03-12 04:45:00,17.66,17.66,17.66,17.66,147
2026-03-12 04:50:00,17.67,17.67,17.67,17.67,150
2026-03-12 05:05:00,17.65,17.65,17.65,17.65,420
2026-03-12 05:10:00,17.63,17.63,17.61,17.61,541
2026-03-12 05:15:00,17.6,17.6,17.6,17.6,100
2026-03-12 05:20:00,17.59,17.6,17.58,17.6,765
2026-03-12 05:35:00,17.7,17.81,17.69,17.8,8524
2026-03-12 05:40:00,17.79,17.79,17.75,17.75,200
2026-03-12 05:50:00,17.76,17.78,17.76,17.78,260
2026-03-12 06:05:00,17.73,17.73,17.71,17.71,410
2026-03-12 06:10:00,17.72,17.72,17.72,17.72,110
2026-03-12 06:15:00,17.73,17.73,17.7,17.7,360
2026-03-12 06:20:00,17.72,17.72,17.72,17.72,110
2026-03-12 06:25:00,17.7,17.7,17.7,17.7,150
2026-03-12 06:30:00,17.7,17.72,17.68,17.7,4978
2026-03-12 06:50:00,17.75,17.75,17.73,17.73,270
2026-03-12 06:55:00,17.72,18.4,17.72,18.24,10889
2026-03-12 07:00:00,18.19,18.19,18.0,18.0,1328
2026-03-12 07:05:00,18.0,18.0,17.91,17.92,1958
2026-03-12 07:10:00,17.89,17.89,17.88,17.88,1318
2026-03-12 07:15:00,17.9,17.91,17.86,17.86,1235
2026-03-12 07:20:00,17.91,17.92,17.91,17.91,725
2026-03-12 07:25:00,17.93,17.93,17.88,17.9,1318
2026-03-12 07:30:00,17.92,17.92,17.89,17.89,2386
2026-03-12 07:35:00,17.9,17.93,17.87,17.93,1521
2026-03-12 07:40:00,17.93,17.98,17.93,17.94,1479
2026-03-12 07:45:00,17.92,17.93,17.9,17.9,2038
2026-03-12 07:50:00,17.9,17.9,17.85,17.85,1569
2026-03-12 07:55:00,17.85,17.85,17.81,17.85,4834
2026-03-12 08:00:00,17.82,18.24,17.53,17.8627,47131
2026-03-12 08:05:00,17.84,17.8965,17.58,17.8965,12139
2026-03-12 08:10:00,17.91,17.97,17.91,17.97,1265
2026-03-12 08:15:00,17.9746,18.0,17.93,17.93,12569
2026-03-12 08:20:00,17.89,17.89,17.83,17.86,3387
2026-03-12 08:25:00,17.8208,17.86,17.72,17.76,22584
2026-03-12 08:30:00,17.8,17.8481,17.74,17.8481,5293
2026-03-12 08:35:00,17.82,17.84,17.8,17.8,320
2026-03-12 08:40:00,17.8,17.9,17.79,17.9,5648
2026-03-12 08:45:00,17.88,17.9,17.86,17.86,4390
2026-03-12 08:50:00,17.88,17.9,17.8208,17.8208,2819
2026-03-12 08:55:00,17.88,17.88,17.87,17.87,1384
2026-03-12 09:00:00,17.88,18.07,17.87,18.06,19362
2026-03-12 09:05:00,18.05,18.19,18.05,18.16,13107
2026-03-12 09:10:00,18.17,18.17,18.0435,18.0435,5764
2026-03-12 09:15:00,18.0,18.15,18.0,18.11,8879
2026-03-12 09:20:00,18.15,18.15,18.04,18.05,17099
2026-03-12 09:25:00,18.15,18.38,18.12,18.35,21516
2026-03-12 09:30:00,18.335,18.74,18.24,18.71,790430
2026-03-12 09:35:00,18.71,18.86,18.505,18.695,359102
2026-03-12 09:40:00,18.71,18.83,18.42,18.43,539270
2026-03-12 09:45:00,18.41,18.425,17.83,18.1293,248499
2026-03-12 09:50:00,18.14,18.3299,18.085,18.1402,133564
2026-03-12 09:55:00,18.15,18.275,18.05,18.255,80129
2026-03-12 10:00:00,18.265,18.6699,18.26,18.565,156539
2026-03-12 10:05:00,18.57,18.74,18.51,18.65,245160
2026-03-12 10:10:00,18.67,18.975,18.63,18.875,164993
2026-03-12 10:15:00,18.87,18.915,18.55,18.56,104218
2026-03-12 10:20:00,18.525,18.64,18.49,18.5699,223728
2026-03-12 10:25:00,18.575,18.665,18.405,18.44,98880
2026-03-12 10:30:00,18.43,18.46,18.12,18.205,70386
2026-03-12 10:35:00,18.22,18.37,18.18,18.3,91943
2026-03-12 10:40:00,18.31,18.565,18.31,18.55,56712
2026-03-12 10:45:00,18.555,18.755,18.365,18.42,120340
2026-03-12 10:50:00,18.42,18.6,18.39,18.6,57004
2026-03-12 10:55:00,18.61,18.705,18.56,18.57,239123
2026-03-12 11:00:00,18.565,18.64,18.37,18.575,213244
2026-03-12 11:05:00,18.575,18.63,18.445,18.48,177473
2026-03-12 11:10:00,18.47,18.54,18.33,18.49,65044
2026-03-12 11:15:00,18.485,18.535,18.32,18.375,46487
2026-03-12 11:20:00,18.4,18.41,18.33,18.345,40938
2026-03-12 11:25:00,18.34,18.48,18.33,18.395,45750
2026-03-12 11:30:00,18.38,18.41,18.29,18.395,43204
2026-03-12 11:35:00,18.405,18.59,18.25,18.59,47083
2026-03-12 11:40:00,18.57,18.69,18.49,18.625,73907
2026-03-12 11:45:00,18.62,18.6299,18.33,18.45,41563
2026-03-12 11:50:00,18.47,18.59,18.4,18.59,28794
2026-03-12 11:55:00,18.565,18.77,18.535,18.72,39812
2026-03-12 12:00:00,18.72,18.76,18.62,18.71,32763
2026-03-12 12:05:00,18.71,18.78,18.39,18.42,46409
2026-03-12 12:10:00,18.41,18.54,18.39,18.52,45245
2026-03-12 12:15:00,18.52,18.7,18.51,18.67,48408
2026-03-12 12:20:00,18.65,18.775,18.64,18.65,63618
2026-03-12 12:25:00,18.655,18.67,18.5,18.59,31557
2026-03-12 12:30:00,18.59,18.71,18.56,18.69,21120
2026-03-12 12:35:00,18.67,18.82,18.65,18.79,41357
2026-03-12 12:40:00,18.79,18.835,18.76,18.775,32963
2026-03-12 12:45:00,18.76,18.86,18.59,18.845,46520
2026-03-12 12:50:00,18.85,18.855,18.59,18.71,24452
2026-03-12 12:55:00,18.715,18.82,18.68,18.74,31981
2026-03-12 13:00:00,18.76,18.82,18.64,18.72,34661
2026-03-12 13:05:00,18.73,18.865,18.715,18.72,29683
2026-03-12 13:10:00,18.74,18.79,18.625,18.64,17560
2026-03-12 13:15:00,18.63,18.69,18.6,18.611,18773
2026-03-12 13:20:00,18.61,18.771,18.61,18.771,10328
2026-03-12 13:25:00,18.76,18.7899,18.65,18.65,21728
2026-03-12 13:30:00,18.67,18.725,18.66,18.68,16895
2026-03-12 13:35:00,18.7,18.72,18.64,18.64,14002
2026-03-12 13:40:00,18.64,18.67,18.55,18.57,9096
2026-03-12 13:45:00,18.56,18.57,18.45,18.46,28168
2026-03-12 13:50:00,18.45,18.56,18.45,18.54,7045
2026-03-12 13:55:00,18.51,18.55,18.45,18.5193,24635
2026-03-12 14:00:00,18.515,18.635,18.515,18.5501,21640
2026-03-12 14:05:00,18.56,18.62,18.485,18.59,37246
2026-03-12 14:10:00,18.6,18.64,18.565,18.64,12738
2026-03-12 14:15:00,18.65,18.66,18.555,18.555,13017
2026-03-12 14:20:00,18.57,18.595,18.48,18.58,18606
2026-03-12 14:25:00,18.58,18.58,18.45,18.535,22258
2026-03-12 14:30:00,18.53,18.58,18.48,18.48,8580
2026-03-12 14:35:00,18.475,18.525,18.46,18.5,18322
2026-03-12 14:40:00,18.51,18.52,18.485,18.49,2963
2026-03-12 14:45:00,18.5,18.54,18.46,18.49,7339
2026-03-12 14:50:00,18.5,18.61,18.48,18.56,12168
2026-03-12 14:55:00,18.56,18.58,18.4701,18.5,6414
2026-03-12 15:00:00,18.505,18.575,18.41,18.505,17860
2026-03-12 15:05:00,18.485,18.58,18.47,18.47,16717
2026-03-12 15:10:00,18.485,18.485,18.37,18.465,19448
2026-03-12 15:15:00,18.465,18.535,18.45,18.535,20410
2026-03-12 15:20:00,18.47,18.5393,18.435,18.49,8809
2026-03-12 15:25:00,18.49,18.515,18.41,18.43,20164
2026-03-12 15:30:00,18.43,18.605,18.43,18.56,17035
2026-03-12 15:35:00,18.585,18.6,18.435,18.46,13301
2026-03-12 15:40:00,18.48,18.48,18.37,18.41,14235
2026-03-12 15:45:00,18.385,18.46,18.385,18.435,20164
2026-03-12 15:50:00,18.43,18.5,18.355,18.49,53515
2026-03-12 15:55:00,18.49,18.55,18.39,18.415,40960
2026-03-12 16:00:00,18.4,18.415,18.331,18.38,8358
2026-03-12 16:05:00,18.33,18.33,18.24,18.24,2699
2026-03-12 16:10:00,18.3,18.3,18.21,18.21,1424
2026-03-12 16:15:00,18.2,18.24,18.18,18.18,2117
2026-03-12 16:25:00,18.24,18.24,18.2209,18.2209,555
2026-03-12 16:30:00,18.24,18.24,18.24,18.24,200
2026-03-12 16:35:00,18.24,18.24,18.24,18.24,1959
2026-03-12 16:50:00,18.18,18.18,18.15,18.15,3410
2026-03-12 16:55:00,18.14,18.14,18.14,18.14,103
2026-03-12 17:00:00,18.141,18.141,18.141,18.141,500
2026-03-12 17:05:00,18.141,18.141,18.141,18.141,100
2026-03-12 17:10:00,18.16,18.17,18.14,18.17,3425
2026-03-12 17:20:00,18.2,18.2,18.2,18.2,117
2026-03-12 17:40:00,18.21,18.21,18.21,18.21,100
2026-03-12 17:50:00,18.16,18.16,18.14,18.14,900
2026-03-12 17:55:00,18.16,18.16,18.15,18.15,499
2026-03-12 18:00:00,18.15,18.15,18.15,18.15,197
2026-03-12 18:10:00,18.1532,18.1532,18.1532,18.1532,154
2026-03-12 18:15:00,18.14,18.14,18.09,18.09,3881
2026-03-12 18:20:00,18.0663,18.07,18.0663,18.07,213
2026-03-12 18:25:00,18.08,18.11,18.08,18.11,500
2026-03-12 18:30:00,18.12,18.12,18.1,18.11,34430
2026-03-12 18:35:00,18.11,18.11,18.11,18.11,7427
2026-03-12 18:40:00,18.14,18.1745,18.14,18.1745,2350
2026-03-12 18:45:00,18.15,18.15,18.14,18.14,3720
2026-03-12 18:50:00,18.11,18.15,18.11,18.13,69544
2026-03-12 19:00:00,18.131,18.131,18.1261,18.1297,3452
2026-03-12 19:30:00,18.14,18.14,18.14,18.14,214
2026-03-12 19:35:00,18.1215,18.1215,18.1215,18.1215,815
2026-03-12 19:45:00,18.1038,18.1038,18.1,18.1,1425
2026-03-12 19:50:00,18.1392,18.1392,18.1392,18.1392,100
2026-03-12 19:55:00,18.13,18.13,18.071,18.071,1725
2026-03-13 04:05:00,18.01,18.01,17.92,17.94,10283
2026-03-13 04:10:00,17.92,17.98,17.92,17.98,750
2026-03-13 04:15:00,17.96,17.96,17.95,17.95,840
2026-03-13 04:20:00,17.95,17.97,17.95,17.97,322
2026-03-13 04:30:00,17.93,17.93,17.93,17.93,170
2026-03-13 04:35:00,17.96,18.11,17.96,18.1,4187
2026-03-13 04:40:00,18.08,18.08,18.08,18.08,100
2026-03-13 04:50:00,18.08,18.11,18.08,18.1,1070
2026-03-13 05:00:00,18.19,18.19,18.19,18.19,517
2026-03-13 05:05:00,18.16,18.16,18.16,18.16,100
2026-03-13 05:10:00,18.16,18.16,18.16,18.16,100
2026-03-13 05:15:00,18.15,18.15,18.15,18.15,110
2026-03-13 05:20:00,18.15,18.15,18.14,18.14,500
2026-03-13 05:30:00,18.17,18.17,18.17,18.17,339
2026-03-13 05:35:00,18.18,18.18,18.18,18.18,710
2026-03-13 05:40:00,18.15,18.15,18.15,18.15,110
2026-03-13 05:50:00,18.19,18.2,18.19,18.2,387
2026-03-13 06:00:00,18.2,18.24,18.19,18.24,897
2026-03-13 06:05:00,18.25,18.25,18.23,18.24,1651
2026-03-13 06:10:00,18.28,18.31,18.28,18.31,330
2026-03-13 06:15:00,18.31,18.35,18.31,18.35,820
2026-03-13 06:20:00,18.32,18.32,18.32,18.32,320
2026-03-13 06:35:00,18.26,18.28,18.26,18.28,387
2026-03-13 06:40:00,18.26,18.26,18.26,18.26,150
2026-03-13 06:45:00,18.27,18.27,18.27,18.27,600
2026-03-13 06:55:00,18.28,18.28,18.28,18.28,270
2026-03-13 07:00:00,18.25,18.4,18.24,18.4,3232
2026-03-13 07:05:00,18.48,18.48,18.4,18.4,874
2026-03-13 07:10:00,18.46,18.46,18.46,18.46,160
2026-03-13 07:15:00,18.47,18.47,18.47,18.47,2884
2026-03-13 07:20:00,18.51,18.53,18.51,18.53,760
2026-03-13 07:25:00,18.54,18.54,18.53,18.53,728
2026-03-13 07:30:00,18.51,18.53,18.51,18.53,950
2026-03-13 07:35:00,18.59,18.59,18.58,18.59,838
2026-03-13 07:40:00,18.56,18.56,18.521,18.56,1523
2026-03-13 07:45:00,18.6,18.68,18.59,18.66,6687
2026-03-13 07:50:00,18.66,18.69,18.66,18.69,1085
2026-03-13 07:55:00,18.66,18.68,18.64,18.64,4105
2026-03-13 08:00:00,18.24,18.6781,17.92,18.67,18136
2026-03-13 08:05:00,18.09,18.6,18.03,18.6,6553
2026-03-13 08:10:00,18.6011,18.61,18.6011,18.61,420
2026-03-13 08:15:00,18.62,18.62,18.62,18.62,579
2026-03-13 08:20:00,18.6006,18.62,18.6006,18.62,422
2026-03-13 08:25:00,18.63,18.68,18.63,18.68,1415
2026-03-13 08:30:00,18.69,18.72,18.68,18.68,6041
2026-03-13 08:35:00,18.64,18.67,18.63,18.65,147910
2026-03-13 08:40:00,18.65,18.69,18.65,18.69,470
2026-03-13 08:45:00,18.73,18.83,18.73,18.77,8453
2026-03-13 08:50:00,18.69,18.74,18.66,18.67,2456
2026-03-13 08:55:00,18.69,18.73,18.68,18.73,2186
2026-03-13 09:00:00,18.73,18.759,18.69,18.69,6336
2026-03-13 09:05:00,18.7,18.71,18.63,18.6358,2875
2026-03-13 09:10:00,18.6,18.65,18.6,18.65,3720
2026-03-13 09:15:00,18.6489,18.66,18.6489,18.65,522
2026-03-13 09:20:00,18.679,18.679,18.64,18.65,2070
2026-03-13 09:25:00,18.61,18.61,18.35,18.36,7651
2026-03-13 09:30:00,18.34,18.505,17.99,18.1,362979
2026-03-13 09:35:00,18.09,18.165,17.825,18.165,197437
2026-03-13 09:40:00,18.17,18.57,18.12,18.485,158410
2026-03-13 09:45:00,18.485,18.56,18.38,18.44,162374
2026-03-13 09:50:00,18.415,18.65,18.4,18.64,167647
2026-03-13 09:55:00,18.64,18.66,18.28,18.33,110143
2026-03-13 10:00:00,18.36,18.43,18.045,18.075,82609
2026-03-13 10:05:00,18.075,18.21,18.05,18.145,76209
2026-03-13 10:10:00,18.14,18.17,18.0203,18.04,342891
2026-03-13 10:15:00,18.05,18.16,18.0,18.075,221692
2026-03-13 10:20:00,18.07,18.1264,18.0,18.08,205684
2026-03-13 10:25:00,18.06,18.12,17.98,18.025,48742
2026-03-13 10:30:00,18.01,18.16,17.965,18.0,340226
2026-03-13 10:35:00,17.99,18.01,17.855,17.97,65489
2026-03-13 10:40:00,17.95,17.975,17.83,17.83,57467
2026-03-13 10:45:00,17.83,17.885,17.7,17.735,241015
2026-03-13 10:50:00,17.73,17.775,17.68,17.685,45159
2026-03-13 10:55:00,17.68,17.75,17.315,17.33,220172
2026-03-13 11:00:00,17.34,17.44,17.3,17.395,205012
2026-03-13 11:05:00,17.42,17.495,17.3366,17.49,72846
2026-03-13 11:10:00,17.51,17.615,17.45,17.585,50701
2026-03-13 11:15:00,17.575,17.64,17.565,17.6,49010
2026-03-13 11:20:00,17.61,17.7,17.545,17.56,49592
2026-03-13 11:25:00,17.565,17.565,17.495,17.51,33978
2026-03-13 11:30:00,17.51,17.58,17.47,17.5393,55202
2026-03-13 11:35:00,17.54,17.54,17.42,17.44,36813
2026-03-13 11:40:00,17.46,17.46,17.275,17.32,46873
2026-03-13 11:45:00,17.31,17.44,17.2211,17.35,183526
2026-03-13 11:50:00,17.35,17.405,17.285,17.4011,23076
2026-03-13 11:55:00,17.4,17.45,17.34,17.45,23407
2026-03-13 12:00:00,17.435,17.59,17.435,17.55,49825
2026-03-13 12:05:00,17.54,17.675,17.495,17.66,42557
2026-03-13 12:10:00,17.655,17.73,17.555,17.67,35328
2026-03-13 12:15:00,17.68,17.71,17.63,17.63,22380
2026-03-13 12:20:00,17.635,17.7499,17.62,17.67,21190
2026-03-13 12:25:00,17.68,17.785,17.59,17.785,27296
2026-03-13 12:30:00,17.78,17.8999,17.78,17.88,72380
2026-03-13 12:35:00,17.89,18.04,17.89,17.95,38418
2026-03-13 12:40:00,17.96,17.985,17.87,17.915,35681
2026-03-13 12:45:00,17.915,17.92,17.78,17.9,33317
2026-03-13 12:50:00,17.91,18.01,17.9,17.995,15565
2026-03-13 12:55:00,17.99,18.0,17.78,17.79,56754
2026-03-13 13:00:00,17.8,17.86,17.8,17.83,17528
2026-03-13 13:05:00,17.845,17.88,17.81,17.83,21788
2026-03-13 13:10:00,17.82,17.85,17.72,17.81,17353
2026-03-13 13:15:00,17.84,17.91,17.805,17.89,22575
2026-03-13 13:20:00,17.86,17.9401,17.825,17.93,30431
2026-03-13 13:25:00,17.925,17.955,17.875,17.9203,15539
2026-03-13 13:30:00,17.94,17.96,17.81,17.83,25123
2026-03-13 13:35:00,17.86,17.9,17.84,17.9,11078
2026-03-13 13:40:00,17.88,17.9,17.79,17.86,23630
2026-03-13 13:45:00,17.86,17.8901,17.72,17.73,18215
2026-03-13 13:50:00,17.72,17.8,17.67,17.8,19738
2026-03-13 13:55:00,17.795,17.815,17.73,17.76,9909
2026-03-13 14:00:00,17.77,17.805,17.7501,17.77,16470
2026-03-13 14:05:00,17.77,17.775,17.67,17.7,8696
2026-03-13 14:10:00,17.74,17.86,17.74,17.86,6954
2026-03-13 14:15:00,17.86,17.875,17.77,17.79,13590
2026-03-13 14:20:00,17.79,17.845,17.78,17.795,11022
2026-03-13 14:25:00,17.81,17.91,17.805,17.9,9603
2026-03-13 14:30:00,17.905,17.9599,17.87,17.94,25125
2026-03-13 14:35:00,17.93,17.965,17.91,17.925,7650
2026-03-13 14:40:00,17.94,17.96,17.91,17.92,12534
2026-03-13 14:45:00,17.915,17.94,17.88,17.93,21081
2026-03-13 14:50:00,17.93,18.0,17.9,18.0,26826
2026-03-13 14:55:00,17.98,17.99,17.91,17.9103,11719
2026-03-13 15:00:00,17.92,17.93,17.799,17.8,24333
2026-03-13 15:05:00,17.8,17.865,17.8,17.83,29864
2026-03-13 15:10:00,17.82,17.86,17.815,17.84,16431
2026-03-13 15:15:00,17.855,17.875,17.82,17.835,20019
2026-03-13 15:20:00,17.82,17.82,17.69,17.73,22316
2026-03-13 15:25:00,17.735,17.75,17.665,17.67,10515
2026-03-13 15:30:00,17.7,17.75,17.69,17.71,12921
2026-03-13 15:35:00,17.71,17.785,17.71,17.71,14703
2026-03-13 15:40:00,17.68,17.7,17.61,17.65,22801
2026-03-13 15:45:00,17.65,17.705,17.585,17.705,32650
2026-03-13 15:50:00,17.7,17.76,17.59,17.7555,61993
2026-03-13 15:55:00,17.77,17.81,17.72,17.8,90386
2026-03-13 16:00:00,17.81,17.81,17.74,17.74,13440
2026-03-13 16:05:00,17.72,17.72,17.63,17.64,3832
2026-03-13 16:10:00,17.66,17.71,17.66,17.6905,1990
2026-03-13 16:15:00,17.701,17.701,17.701,17.701,109
2026-03-13 16:25:00,17.68,17.68,17.68,17.68,2021
2026-03-13 16:40:00,17.6833,17.7,17.67,17.67,1668
2026-03-13 16:45:00,17.671,17.671,17.671,17.671,316
2026-03-13 17:05:00,17.6839,17.6839,17.6839,17.6839,100
2026-03-13 17:15:00,17.71,17.71,17.71,17.71,400
2026-03-13 17:25:00,17.66,17.7,17.66,17.7,823
2026-03-13 17:30:00,17.76,17.8,17.7,17.8,17917
2026-03-13 17:40:00,17.7009,17.7201,17.7009,17.7201,950
2026-03-13 17:45:00,17.7506,17.7511,17.7506,17.7511,904
2026-03-13 18:00:00,17.73,17.75,17.73,17.75,536
2026-03-13 18:05:00,17.8969,17.8969,17.8969,17.8969,1245
2026-03-13 18:10:00,17.79,17.83,17.79,17.83,555
2026-03-13 18:15:00,17.76,17.76,17.76,17.76,200
2026-03-13 18:55:00,17.77,17.77,17.77,17.77,240
2026-03-13 19:00:00,17.8,17.8109,17.8,17.8109,10275
2026-03-13 19:05:00,17.8,17.8,17.8,17.8,800
2026-03-13 19:10:00,17.8,17.8,17.8,17.8,10180
2026-03-13 19:15:00,17.83,17.83,17.81,17.81,17667
2026-03-13 19:20:00,17.85,17.85,17.82,17.82,25358
2026-03-13 19:25:00,17.82,17.82,17.82,17.82,1001
2026-03-13 19:35:00,17.7715,17.8046,17.7715,17.8046,3827
2026-03-13 19:40:00,17.8,17.82,17.8,17.82,674
2026-03-13 19:45:00,17.8,17.82,17.8,17.81,5273
2026-03-13 19:50:00,17.8199,17.8199,17.8,17.8,17064
2026-03-13 19:55:00,17.8,17.8007,17.76,17.8007,4776
2026-03-16 04:00:00,17.89,17.96,17.89,17.96,674
2026-03-16 04:10:00,17.95,17.97,17.95,17.97,2015
2026-03-16 04:20:00,17.91,17.91,17.91,17.91,280
2026-03-16 04:30:00,17.9,17.91,17.9,17.91,275
2026-03-16 04:35:00,17.88,17.88,17.88,17.88,400
2026-03-16 04:55:00,17.87,17.87,17.86,17.86,320
2026-03-16 05:00:00,17.87,17.87,17.85,17.85,1500
2026-03-16 05:05:00,17.85,17.85,17.8,17.8,1088
2026-03-16 05:10:00,17.8,17.82,17.8,17.82,316
2026-03-16 05:20:00,17.78,17.78,17.78,17.78,150
2026-03-16 05:25:00,17.79,17.79,17.79,17.79,200
2026-03-16 05:30:00,17.76,17.76,17.76,17.76,250
2026-03-16 05:35:00,17.76,17.76,17.74,17.74,1428
2026-03-16 05:40:00,17.76,17.76,17.76,17.76,220
2026-03-16 05:45:00,17.74,17.78,17.74,17.78,975
2026-03-16 05:55:00,17.76,17.79,17.76,17.78,1533
2026-03-16 06:00:00,17.76,17.8,17.76,17.8,420
2026-03-16 06:05:00,17.79,17.79,17.78,17.79,2020
2026-03-16 06:15:00,17.85,17.87,17.85,17.86,1710
2026-03-16 06:20:00,17.88,17.9,17.87,17.9,2426
2026-03-16 06:25:00,17.93,17.93,17.93,17.93,100
2026-03-16 06:35:00,17.9,17.9,17.9,17.9,100
2026-03-16 06:40:00,17.92,17.95,17.92,17.92,5204
2026-03-16 06:45:00,17.92,17.95,17.92,17.95,220
2026-03-16 06:50:00,17.98,17.98,17.96,17.96,1080
2026-03-16 06:55:00,17.95,17.96,17.95,17.96,1336
2026-03-16 07:00:00,17.94,17.96,17.94,17.95,1174
2026-03-16 07:05:00,17.951,17.951,17.951,17.951,200
2026-03-16 07:10:00,17.97,17.989,17.95,17.95,730
2026-03-16 07:15:00,17.97,17.97,17.97,17.97,110
2026-03-16 07:20:00,17.96,17.96,17.96,17.96,110
2026-03-16 07:25:00,17.95,17.96,17.93,17.96,760
2026-03-16 07:30:00,17.97,18.05,17.97,18.05,3379
2026-03-16 07:35:00,18.05,18.1,18.05,18.07,3943
2026-03-16 07:40:00,18.1,18.14,18.1,18.14,3329
2026-03-16 07:45:00,18.12,18.14,18.11,18.14,985
2026-03-16 07:50:00,18.12,18.12,18.05,18.05,3447
2026-03-16 07:55:00,18.05,18.06,18.03,18.03,1310
2026-03-16 08:00:00,17.95,18.14,17.85,18.04,18954
2026-03-16 08:05:00,17.93,18.05,17.91,18.03,2884
2026-03-16 08:10:00,18.01,18.09,18.01,18.09,3063
2026-03-16 08:15:00,18.09,18.11,18.0858,18.09,1521
2026-03-16 08:20:00,18.09,18.09,18.02,18.02,1002
2026-03-16 08:25:00,18.01,18.04,18.01,18.04,1584
2026-03-16 08:30:00,18.03,18.07,18.03,18.07,1238
2026-03-16 08:35:00,18.08,18.08,18.01,18.02,7549
2026-03-16 08:40:00,18.02,18.04,18.02,18.02,3534
2026-03-16 08:45:00,18.0,18.05,18.0,18.03,5005
2026-03-16 08:50:00,18.03,18.04,18.0,18.0,1841
2026-03-16 08:55:00,17.96,17.99,17.96,17.99,1756
2026-03-16 09:00:00,18.02,18.02,18.0,18.02,440
2026-03-16 09:05:00,17.99,18.02,17.99,18.01,320
2026-03-16 09:10:00,18.0,18.0,17.99,17.99,1665
2026-03-16 09:15:00,17.97,17.97,17.85,17.96,2063
2026-03-16 09:20:00,17.95,18.0,17.95,17.97,3482
2026-03-16 09:25:00,17.95,18.17,17.94,18.17,43548
2026-03-16 09:30:00,18.14,18.43,18.03,18.24,228351
2026-03-16 09:35:00,18.24,18.315,18.035,18.14,51239
2026-03-16 09:40:00,18.13,18.23,18.0,18.032,69333
2026-03-16 09:45:00,18.02,18.16,17.95,18.16,100363
2026-03-16 09:50:00,18.18,18.225,18.05,18.09,65452
2026-03-16 09:55:00,18.08,18.215,18.02,18.05,73159
2026-03-16 10:00:00,18.06,18.13,17.95,18.02,67543
2026-03-16 10:05:00,18.02,18.24,18.0,18.17,57581
2026-03-16 10:10:00,18.165,18.25,18.14,18.21,24637
2026-03-16 10:15:00,18.195,18.245,18.06,18.2,41923
2026-03-16 10:20:00,18.19,18.215,18.14,18.215,21832
2026-03-16 10:25:00,18.21,18.21,18.12,18.13,8463
2026-03-16 10:30:00,18.12,18.12,17.99,18.01,75251
2026-03-16 10:35:00,18.02,18.08,17.94,17.99,27757
2026-03-16 10:40:00,17.985,18.02,17.85,17.87,22572
2026-03-16 10:45:00,17.87,18.0,17.87,17.95,18106
2026-03-16 10:50:00,17.925,18.055,17.88,18.04,65082
2026-03-16 10:55:00,18.02,18.065,18.005,18.04,22246
2026-03-16 11:00:00,18.05,18.065,17.935,17.935,34037
2026-03-16 11:05:00,17.93,18.0,17.88,17.995,16170
2026-03-16 11:10:00,18.0,18.07,17.91,18.06,41387
2026-03-16 11:15:00,18.035,18.05,17.995,18.02,15175
2026-03-16 11:20:00,18.015,18.115,18.01,18.08,31661
2026-03-16 11:25:00,18.07,18.105,17.98,17.98,24162
2026-03-16 11:30:00,18.0214,18.14,18.0214,18.14,27548
2026-03-16 11:35:00,18.135,18.2,18.095,18.12,25281
2026-03-16 11:40:00,18.12,18.12,18.085,18.09,12285
2026-03-16 11:45:00,18.09,18.13,18.09,18.11,9421
2026-03-16 11:50:00,18.11,18.135,18.08,18.12,10395
2026-03-16 11:55:00,18.11,18.1499,18.035,18.075,34984
2026-03-16 12:00:00,18.065,18.115,18.03,18.095,6880
2026-03-16 12:05:00,18.09,18.18,18.07,18.115,13466
2026-03-16 12:10:00,18.12,18.135,18.08,18.11,10567
2026-03-16 12:15:00,18.12,18.18,18.05,18.05,26971
2026-03-16 12:20:00,18.03,18.04,17.95,17.95,7311
2026-03-16 12:25:00,17.93,17.99,17.9,17.99,11433
2026-03-16 12:30:00,18.0,18.08,17.994,18.005,18647
2026-03-16 12:35:00,18.015,18.095,18.015,18.095,7704
2026-03-16 12:40:00,18.09,18.21,18.085,18.19,12964
2026-03-16 12:45:00,18.195,18.2021,18.14,18.16,8517
2026-03-16 12:50:00,18.15,18.185,18.145,18.17,6374
2026-03-16 12:55:00,18.19,18.22,18.155,18.175,22935
2026-03-16 13:00:00,18.18,18.25,18.15,18.16,29415
2026-03-16 13:05:00,18.165,18.22,18.165,18.195,5801
2026-03-16 13:10:00,18.21,18.225,18.2032,18.21,4834
2026-03-16 13:15:00,18.19,18.23,18.19,18.23,19219
2026-03-16 13:20:00,18.23,18.27,18.2,18.215,18688
2026-03-16 13:25:00,18.215,18.22,18.154,18.154,5531
2026-03-16 13:30:00,18.16,18.2,18.16,18.175,8322
2026-03-16 13:35:00,18.19,18.205,18.1835,18.1835,3665
2026-03-16 13:40:00,18.19,18.205,18.11,18.11,6180
2026-03-16 13:45:00,18.12,18.145,18.09,18.11,10474
2026-03-16 13:50:00,18.085,18.12,18.055,18.08,2173
2026-03-16 13:55:00,18.1,18.11,18.1,18.11,1345
2026-03-16 14:00:00,18.11,18.16,18.095,18.16,4797
2026-03-16 14:05:00,18.16,18.28,18.155,18.235,18835
2026-03-16 14:10:00,18.245,18.2803,18.24,18.28,226809
2026-03-16 14:15:00,18.29,18.34,18.285,18.3,38704
2026-03-16 14:20:00,18.3,18.34,18.285,18.34,9978
2026-03-16 14:25:00,18.34,18.355,18.28,18.28,17340
2026-03-16 14:30:00,18.3,18.31,18.29,18.305,11150
2026-03-16 14:35:00,18.32,18.3397,18.315,18.3263,7306
2026-03-16 14:40:00,18.325,18.42,18.325,18.4,29510
2026-03-16 14:45:00,18.39,18.42,18.3203,18.3203,25021
2026-03-16 14:50:00,18.325,18.33,18.295,18.32,11899
2026-03-16 14:55:00,18.31,18.32,18.28,18.285,5396
2026-03-16 15:00:00,18.275,18.29,18.255,18.265,16139
2026-03-16 15:05:00,18.27,18.41,18.245,18.41,32041
2026-03-16 15:10:00,18.43,18.47,18.28,18.29,59693
2026-03-16 15:15:00,18.28,18.32,18.25,18.2835,28752
2026-03-16 15:20:00,18.28,18.32,18.23,18.3006,12611
2026-03-16 15:25:00,18.275,18.355,18.255,18.33,23794
2026-03-16 15:30:00,18.335,18.34,18.2701,18.2701,13643
2026-03-16 15:35:00,18.27,18.27,18.245,18.265,8212
2026-03-16 15:40:00,18.25,18.27,18.195,18.215,14489
2026-03-16 15:45:00,18.23,18.25,18.2,18.25,13589
2026-03-16 15:50:00,18.25,18.275,18.185,18.225,20615
2026-03-16 15:55:00,18.22,18.24,18.125,18.21,82481
2026-03-16 16:00:00,18.22,18.22,18.12,18.16,8574
2026-03-16 16:05:00,18.18,18.18,18.18,18.18,126
2026-03-16 16:10:00,18.19,18.1998,18.16,18.16,3918
2026-03-16 16:15:00,18.15,18.16,18.15,18.16,749
2026-03-16 16:20:00,18.12,18.14,18.12,18.13,586
2026-03-16 16:25:00,18.13,18.13,18.1,18.1001,4573
2026-03-16 16:30:00,18.11,18.11,18.1032,18.1032,475
2026-03-16 16:40:00,18.14,18.14,18.14,18.14,800
2026-03-16 16:45:00,18.12,18.12,18.12,18.12,129
2026-03-16 16:55:00,18.1202,18.1202,18.1202,18.1202,1000
2026-03-16 17:00:00,18.2,18.2,18.2,18.2,150
2026-03-16 17:40:00,18.14,18.14,18.13,18.1303,820
2026-03-16 17:50:00,18.16,18.16,18.16,18.16,450
2026-03-16 18:05:00,18.22,18.22,18.1311,18.1311,639
2026-03-16 18:10:00,18.1318,18.1318,18.1318,18.1318,600
2026-03-16 18:15:00,18.13,18.1303,18.13,18.13,2497
2026-03-16 18:35:00,18.12,18.12,18.11,18.11,436
2026-03-16 18:50:00,18.1,18.1005,18.1,18.1,1829
2026-03-16 18:55:00,18.1,18.1,18.1,18.1,100
2026-03-16 19:00:00,18.09,18.09,18.09,18.09,400
2026-03-16 19:30:00,18.11,18.11,18.11,18.11,555
2026-03-16 19:35:00,18.1297,18.1297,18.1297,18.1297,497
2026-03-16 19:40:00,18.12,18.12,18.12,18.12,264
2026-03-16 19:55:00,18.09,18.09,18.09,18.09,300
2026-03-17 04:00:00,17.93,18.0,17.93,17.94,2349
2026-03-17 04:05:00,17.91,17.91,17.91,17.91,150
2026-03-17 04:10:00,17.9,17.9,17.9,17.9,100
2026-03-17 04:20:00,17.89,17.89,17.89,17.89,370
2026-03-17 04:30:00,17.89,17.89,17.89,17.89,400
2026-03-17 04:35:00,17.89,17.89,17.89,17.89,200
2026-03-17 04:40:00,17.97,17.97,17.91,17.91,760
2026-03-17 04:45:00,17.89,17.89,17.88,17.89,2267
2026-03-17 05:00:00,17.91,17.91,17.91,17.91,150
2026-03-17 05:15:00,17.91,17.91,17.91,17.91,542
2026-03-17 05:25:00,17.92,17.98,17.92,17.95,1453
2026-03-17 05:30:00,17.99,17.99,17.93,17.93,1450
2026-03-17 05:35:00,17.93,17.93,17.93,17.93,139
2026-03-17 05:40:00,17.93,17.93,17.93,17.93,200
2026-03-17 05:50:00,17.92,17.92,17.92,17.92,750
2026-03-17 05:55:00,17.93,17.94,17.93,17.94,240
2026-03-17 06:05:00,17.91,17.91,17.89,17.89,1757
2026-03-17 06:10:00,17.89,17.89,17.89,17.89,320
2026-03-17 06:15:00,17.89,17.89,17.89,17.89,150
2026-03-17 06:25:00,17.86,17.86,17.86,17.86,100
2026-03-17 06:30:00,17.89,17.91,17.89,17.91,376
2026-03-17 06:40:00,17.91,17.92,17.91,17.92,940
2026-03-17 06:50:00,17.91,17.91,17.9,17.9,545
2026-03-17 06:55:00,17.93,17.95,17.93,17.95,910
2026-03-17 07:00:00,17.96,18.0,17.96,17.98,8737
2026-03-17 07:05:00,17.99,18.07,17.99,18.07,2312
2026-03-17 07:10:00,18.08,18.08,18.02,18.02,880
2026-03-17 07:15:00,18.02,18.02,18.02,18.02,320
2026-03-17 07:20:00,18.07,18.07,18.07,18.07,378
2026-03-17 07:30:00,18.09,18.09,18.09,18.09,2131
2026-03-17 07:35:00,18.1,18.1,18.1,18.1,200
2026-03-17 07:40:00,18.09,18.09,18.09,18.09,160
2026-03-17 07:50:00,18.08,18.08,18.07,18.07,486
2026-03-17 07:55:00,18.08,18.08,18.08,18.08,100
2026-03-17 08:00:00,17.99,18.11,17.85,17.92,22743
2026-03-17 08:05:00,18.12,18.16,18.1102,18.16,15010
2026-03-17 08:10:00,18.16,18.18,18.15,18.18,11416
2026-03-17 08:15:00,18.18,18.19,18.12,18.13,2434
2026-03-17 08:20:00,18.14,18.15,18.14,18.15,396
2026-03-17 08:25:00,18.14,18.15,18.14,18.1405,2421
2026-03-17 08:30:00,18.19,18.23,18.19,18.2204,560
2026-03-17 08:35:00,18.21,18.21,18.181,18.2,1103
2026-03-17 08:40:00,18.21,18.21,18.15,18.16,518
2026-03-17 08:45:00,18.14,18.16,18.131,18.16,10015
2026-03-17 08:50:00,18.14,18.14,18.14,18.14,100
2026-03-17 08:55:00,18.16,18.1654,18.14,18.16,1707
2026-03-17 09:00:00,18.16,18.16,17.99,18.1,31329
2026-03-17 09:05:00,18.1,18.13,18.1,18.13,1242
2026-03-17 09:10:00,18.15,18.15,18.15,18.15,702
2026-03-17 09:15:00,18.15,18.2,18.15,18.2,782
2026-03-17 09:20:00,18.2,18.27,18.2,18.27,1879
2026-03-17 09:25:00,18.2555,18.2555,18.1,18.12,8463
2026-03-17 09:30:00,18.13,18.38,18.11,18.175,68642
2026-03-17 09:35:00,18.17,18.39,18.07,18.39,65208
2026-03-17 09:40:00,18.39,18.86,18.34,18.75,166664
2026-03-17 09:45:00,18.735,18.97,18.7,18.94,97723
2026-03-17 09:50:00,18.92,18.995,18.745,18.83,78354
2026-03-17 09:55:00,18.84,18.84,18.66,18.8,41435
2026-03-17 10:00:00,18.82,18.91,18.7,18.79,36370
2026-03-17 10:05:00,18.8,18.825,18.695,18.76,15780
2026-03-17 10:10:00,18.76,18.77,18.67,18.675,21101
2026-03-17 10:15:00,18.67,18.72,18.59,18.72,39137
2026-03-17 10:20:00,18.72,18.84,18.685,18.82,36534
2026-03-17 10:25:00,18.81,18.855,18.725,18.76,36435
2026-03-17 10:30:00,18.7201,18.795,18.68,18.775,15654
2026-03-17 10:35:00,18.81,18.86,18.75,18.79,22804
2026-03-17 10:40:00,18.78,18.96,18.77,18.96,32953
2026-03-17 10:45:00,18.97,19.09,18.89,19.075,63424
2026-03-17 10:50:00,19.075,19.1,18.9901,19.089,41795
2026-03-17 10:55:00,19.095,19.1401,19.04,19.055,55689
2026-03-17 11:00:00,19.045,19.16,19.04,19.1025,51538
2026-03-17 11:05:00,19.13,19.155,18.995,19.015,79224
2026-03-17 11:10:00,19.01,19.01,18.895,18.9,26344
2026-03-17 11:15:00,18.91,18.9597,18.885,18.955,25542
2026-03-17 11:20:00,18.97,18.97,18.82,18.87,12628
2026-03-17 11:25:00,18.88,18.925,18.83,18.8301,10383
2026-03-17 11:30:00,18.86,18.91,18.8314,18.84,11094
2026-03-17 11:35:00,18.87,18.87,18.67,18.73,22771
2026-03-17 11:40:00,18.72,18.81,18.72,18.8,8861
2026-03-17 11:45:00,18.8,18.9,18.795,18.835,10565
2026-03-17 11:50:00,18.83,18.965,18.8298,18.89,15195
2026-03-17 11:55:00,18.8955,18.9,18.845,18.88,10433
2026-03-17 12:00:00,18.845,18.86,18.785,18.805,10873
2026-03-17 12:05:00,18.79,18.8099,18.7302,18.8,15664
2026-03-17 12:10:00,18.8,18.86,18.8,18.81,12746
2026-03-17 12:15:00,18.8,18.89,18.79,18.89,6580
2026-03-17 12:20:00,18.88,19.025,18.845,19.015,17198
2026-03-17 12:25:00,18.97,19.08,18.96,19.04,23651
2026-03-17 12:30:00,19.06,19.155,19.04,19.04,21376
2026-03-17 12:35:00,19.075,19.12,19.02,19.02,22878
2026-03-17 12:40:00,19.045,19.1,19.03,19.08,7695
2026-03-17 12:45:00,19.085,19.085,19.01,19.03,11847
2026-03-17 12:50:00,19.01,19.05,19.0,19.04,12645
2026-03-17 12:55:00,19.04,19.06,18.995,19.0,10056
2026-03-17 13:00:00,19.0,19.05,19.0,19.02,6375
2026-03-17 13:05:00,19.01,19.03,18.99,19.0,11793
2026-03-17 13:10:00,18.975,18.985,18.91,18.955,6225
2026-03-17 13:15:00,18.94,18.965,18.94,18.96,5624
2026-03-17 13:20:00,18.975,18.99,18.9551,18.965,5150
2026-03-17 13:25:00,18.96,19.0,18.895,18.9,8779
2026-03-17 13:30:00,18.905,18.945,18.905,18.945,4904
2026-03-17 13:35:00,18.945,18.945,18.915,18.92,5153
2026-03-17 13:40:00,18.9,18.9,18.84,18.85,6910
2026-03-17 13:45:00,18.855,18.8885,18.825,18.885,5887
2026-03-17 13:50:00,18.89,18.975,18.865,18.9401,17790
2026-03-17 13:55:00,18.96,19.03,18.96,18.96,8178
2026-03-17 14:00:00,18.945,18.955,18.88,18.925,4617
2026-03-17 14:05:00,18.93,18.955,18.915,18.955,10976
2026-03-17 14:10:00,18.98,18.98,18.865,18.865,12815
2026-03-17 14:15:00,18.865,18.87,18.825,18.845,12048
2026-03-17 14:20:00,18.855,18.855,18.75,18.75,13565
2026-03-17 14:25:00,18.75,18.7801,18.74,18.74,7031
2026-03-17 14:30:00,18.745,18.75,18.67,18.7,7167
2026-03-17 14:35:00,18.7,18.74,18.67,18.685,15092
2026-03-17 14:40:00,18.6901,18.695,18.66,18.6701,12117
2026-03-17 14:45:00,18.68,18.725,18.665,18.715,10844
2026-03-17 14:50:00,18.71,18.71,18.655,18.68,7491
2026-03-17 14:55:00,18.69,18.705,18.65,18.7,4403
2026-03-17 15:00:00,18.6999,18.725,18.675,18.705,4241
2026-03-17 15:05:00,18.695,18.7699,18.665,18.74,10937
2026-03-17 15:10:00,18.74,18.76,18.705,18.715,5848
2026-03-17 15:15:00,18.73,18.785,18.725,18.725,8974
2026-03-17 15:20:00,18.725,18.765,18.7,18.705,14929
2026-03-17 15:25:00,18.725,18.735,18.705,18.73,8137
2026-03-17 15:30:00,18.745,18.745,18.7135,18.735,9625
2026-03-17 15:35:00,18.73,18.744,18.675,18.69,9265
2026-03-17 15:40:00,18.71,18.735,18.685,18.715,3801
2026-03-17 15:45:00,18.72,18.7393,18.69,18.735,8290
2026-03-17 15:50:00,18.73,18.74,18.675,18.74,15018
2026-03-17 15:55:00,18.72,18.77,18.685,18.76,19825
2026-03-17 16:00:00,18.75,18.79,18.75,18.79,8249
2026-03-17 16:05:00,18.7885,18.7885,18.7632,18.7632,793
2026-03-17 16:15:00,18.76,18.76,18.76,18.76,360
2026-03-17 16:20:00,18.79,18.79,18.79,18.79,100
2026-03-17 16:25:00,18.7639,18.7639,18.7639,18.7639,200
2026-03-17 16:35:00,18.7609,18.7609,18.7609,18.7609,1418
2026-03-17 16:40:00,18.76,18.76,18.76,18.76,100
2026-03-17 16:50:00,18.75,18.75,18.75,18.75,250
2026-03-17 16:55:00,18.71,18.71,18.7,18.7,447
2026-03-17 17:00:00,18.7,18.7,18.7,18.7,300
2026-03-17 17:15:00,18.7105,18.72,18.7105,18.72,784
2026-03-17 17:20:00,18.7,18.71,18.65,18.65,1031
2026-03-17 17:25:00,18.6461,18.68,18.6461,18.68,270
2026-03-17 17:35:00,18.68,18.68,18.68,18.68,810
2026-03-17 18:00:00,18.68,18.7,18.66,18.66,897
2026-03-17 18:10:00,18.65,18.65,18.65,18.65,5176
2026-03-17 18:25:00,18.65,18.65,18.65,18.65,1000
2026-03-17 18:30:00,18.65,18.65,18.65,18.65,905
2026-03-17 18:40:00,18.65,18.65,18.65,18.65,300
2026-03-17 18:45:00,18.63,18.63,18.62,18.62,2050
2026-03-17 18:55:00,18.61,18.61,18.61,18.61,100
2026-03-17 19:15:00,18.64,18.64,18.64,18.64,450
2026-03-17 19:50:00,18.69,18.69,18.6728,18.6728,1536
2026-03-17 19:55:00,18.69,18.7,18.69,18.7,283
2026-03-18 04:00:00,18.94,18.97,18.93,18.97,1868
2026-03-18 04:15:00,19.04,19.05,19.03,19.05,1113
2026-03-18 04:25:00,19.02,19.02,19.02,19.02,110
2026-03-18 04:30:00,19.0,19.01,19.0,19.01,622
2026-03-18 04:35:00,18.99,18.99,18.99,18.99,1686
2026-03-18 04:45:00,19.01,19.01,19.01,19.01,371
2026-03-18 04:55:00,19.02,19.02,19.02,19.02,221
2026-03-18 05:05:00,19.0,19.0,19.0,19.0,740
2026-03-18 05:15:00,19.01,19.01,19.01,19.01,220
2026-03-18 05:20:00,19.02,19.02,19.02,19.02,110
2026-03-18 05:40:00,19.03,19.04,19.03,19.04,697
2026-03-18 05:45:00,19.03,19.03,19.02,19.02,800
2026-03-18 05:50:00,19.02,19.02,19.0,19.0,4719
2026-03-18 05:55:00,19.0,19.0,19.0,19.0,100
2026-03-18 06:00:00,19.0,19.0,19.0,19.0,300
2026-03-18 06:05:00,19.0,19.0,19.0,19.0,130
2026-03-18 06:10:00,19.0,19.0,19.0,19.0,100
2026-03-18 06:15:00,19.0,19.0,19.0,19.0,110
2026-03-18 06:20:00,19.01,19.01,19.0,19.0,420
2026-03-18 06:25:00,19.0,19.0,19.0,19.0,200
2026-03-18 06:35:00,19.01,19.01,19.01,19.01,500
2026-03-18 06:40:00,19.0,19.0,19.0,19.0,1020
2026-03-18 06:50:00,18.99,18.99,18.97,18.97,461
2026-03-18 06:55:00,18.95,18.95,18.95,18.95,200
2026-03-18 07:00:00,18.94,18.97,18.9,18.92,3623
2026-03-18 07:05:00,18.95,18.95,18.95,18.95,200
2026-03-18 07:10:00,19.0,19.0,19.0,19.0,234
2026-03-18 07:15:00,19.05,19.08,19.05,19.08,1134
2026-03-18 07:20:00,19.08,19.08,19.06,19.06,2006
2026-03-18 07:25:00,19.06,19.06,19.01,19.03,7922
2026-03-18 07:30:00,19.03,19.06,19.03,19.04,1316
2026-03-18 07:35:00,19.07,19.07,19.07,19.07,431
2026-03-18 07:45:00,19.07,19.07,19.06,19.07,1029
2026-03-18 08:00:00,19.04,19.14,18.87,18.93,38718
2026-03-18 08:05:00,19.03,19.07,18.86,18.92,15691
2026-03-18 08:10:00,18.91,18.9388,18.9,18.92,3839
2026-03-18 08:15:00,18.96,18.96,18.86,18.86,9627
2026-03-18 08:20:00,18.8507,18.9,18.8507,18.88,5110
2026-03-18 08:25:00,18.88,18.91,18.87,18.91,744
2026-03-18 08:30:00,18.85,18.85,18.71,18.75,6864
2026-03-18 08:35:00,18.74,18.76,18.74,18.76,1833
2026-03-18 08:40:00,18.7646,18.84,18.61,18.61,6410
2026-03-18 08:45:00,18.64,18.67,18.6,18.6104,2481
2026-03-18 08:50:00,18.63,18.66,18.59,18.66,3515
2026-03-18 08:55:00,18.65,18.6883,18.59,18.59,2147
2026-03-18 09:00:00,18.65,18.71,18.65,18.69,7432
2026-03-18 09:05:00,18.69,18.739,18.67,18.71,1528
2026-03-18 09:10:00,18.71,18.81,18.71,18.81,1143
2026-03-18 09:15:00,18.76,18.78,18.7204,18.78,2211
2026-03-18 09:20:00,18.77,18.9248,18.77,18.86,12506
2026-03-18 09:25:00,18.86,18.88,18.75,18.76,8376
2026-03-18 09:30:00,18.73,19.03,18.53,18.69,86110
2026-03-18 09:35:00,18.67,18.805,18.645,18.7091,24379
2026-03-18 09:40:00,18.675,18.96,18.675,18.9,50777
2026-03-18 09:45:00,18.9,18.97,18.83,18.8901,48052
2026-03-18 09:50:00,18.91,19.03,18.85,18.965,28731
2026-03-18 09:55:00,18.985,19.1,18.985,19.1,29285
2026-03-18 10:00:00,19.11,19.11,18.96,19.0,46113
2026-03-18 10:05:00,19.02,19.14,19.0,19.13,54455
2026-03-18 10:10:00,19.12,19.12,18.82,18.8203,32648
2026-03-18 10:15:00,18.86,19.0,18.86,18.91,11724
2026-03-18 10:20:00,18.91,18.91,18.83,18.84,16086
2026-03-18 10:25:00,18.845,18.85,18.5,18.52,38421
2026-03-18 10:30:00,18.525,18.63,18.5,18.5601,14565
2026-03-18 10:35:00,18.565,18.61,18.525,18.525,18149
2026-03-18 10:40:00,18.52,18.53,18.4398,18.4502,23761
2026-03-18 10:45:00,18.46,18.48,18.36,18.405,26998
2026-03-18 10:50:00,18.41,18.45,18.38,18.43,82037
2026-03-18 10:55:00,18.434,18.48,18.4199,18.475,10576
2026-03-18 11:00:00,18.48,18.54,18.435,18.5,85476
2026-03-18 11:05:00,18.49,18.61,18.48,18.605,31166
2026-03-18 11:10:00,18.6,18.6,18.51,18.53,16577
2026-03-18 11:15:00,18.54,18.58,18.445,18.445,18928
2026-03-18 11:20:00,18.45,18.52,18.42,18.515,12530
2026-03-18 11:25:00,18.52,18.53,18.4601,18.4891,5650
2026-03-18 11:30:00,18.47,18.605,18.47,18.575,7417
2026-03-18 11:35:00,18.56,18.59,18.53,18.54,4533
2026-03-18 11:40:00,18.53,18.575,18.5,18.53,4519
2026-03-18 11:45:00,18.535,18.55,18.46,18.485,8000
2026-03-18 11:50:00,18.48,18.57,18.46,18.57,14421
2026-03-18 11:55:00,18.57,18.6,18.54,18.55,4946
2026-03-18 12:00:00,18.545,18.565,18.51,18.56,6255
2026-03-18 12:05:00,18.53,18.575,18.515,18.52,4200
2026-03-18 12:10:00,18.52,18.61,18.52,18.595,26038
2026-03-18 12:15:00,18.585,18.595,18.5402,18.55,7865
2026-03-18 12:20:00,18.545,18.57,18.525,18.555,5813
2026-03-18 12:25:00,18.535,18.57,18.535,18.54,2920
2026-03-18 12:30:00,18.525,18.535,18.45,18.45,14687
2026-03-18 12:35:00,18.445,18.495,18.365,18.475,31221
2026-03-18 12:40:00,18.47,18.49,18.45,18.45,2489
2026-03-18 12:45:00,18.435,18.455,18.43,18.43,2160
2026-03-18 12:50:00,18.44,18.495,18.44,18.48,3364
2026-03-18 12:55:00,18.475,18.48,18.39,18.39,4400
2026-03-18 13:00:00,18.39,18.395,18.29,18.3507,19814
2026-03-18 13:05:00,18.35,18.37,18.2901,18.3,6907
2026-03-18 13:10:00,18.31,18.33,18.29,18.33,4022
2026-03-18 13:15:00,18.335,18.385,18.33,18.375,11453
2026-03-18 13:20:00,18.35,18.37,18.34,18.37,6508
2026-03-18 13:25:00,18.37,18.38,18.345,18.38,2660
2026-03-18 13:30:00,18.395,18.455,18.36,18.455,9884
2026-03-18 13:35:00,18.46,18.55,18.46,18.55,12489
2026-03-18 13:40:00,18.55,18.57,18.52,18.555,6412
2026-03-18 13:45:00,18.535,18.58,18.5099,18.525,3892
2026-03-18 13:50:00,18.525,18.595,18.52,18.57,6137
2026-03-18 13:55:00,18.56,18.585,18.56,18.56,1286
2026-03-18 14:00:00,18.565,18.68,18.565,18.67,20482
2026-03-18 14:05:00,18.655,18.66,18.58,18.58,23941
2026-03-18 14:10:00,18.59,18.62,18.495,18.58,15482
2026-03-18 14:15:00,18.56,18.575,18.49,18.52,10095
2026-03-18 14:20:00,18.53,18.54,18.48,18.505,5627
2026-03-18 14:25:00,18.48,18.56,18.48,18.525,17519
2026-03-18 14:30:00,18.51,18.5403,18.41,18.4191,7331
2026-03-18 14:35:00,18.43,18.605,18.43,18.45,21618
2026-03-18 14:40:00,18.42,18.53,18.4,18.45,11947
2026-03-18 14:45:00,18.45,18.475,18.405,18.405,5681
2026-03-18 14:50:00,18.4,18.41,18.26,18.2824,26113
2026-03-18 14:55:00,18.27,18.319,18.23,18.23,12559
2026-03-18 15:00:00,18.21,18.355,18.2,18.34,20090
2026-03-18 15:05:00,18.355,18.42,18.33,18.41,11706
2026-03-18 15:10:00,18.39,18.402,18.32,18.39,9969
2026-03-18 15:15:00,18.4,18.42,18.36,18.39,8732
2026-03-18 15:20:00,18.38,18.38,18.28,18.325,4904
2026-03-18 15:25:00,18.32,18.34,18.2701,18.31,5746
2026-03-18 15:30:00,18.315,18.355,18.275,18.35,12916
2026-03-18 15:35:00,18.345,18.345,18.305,18.33,3336
2026-03-18 15:40:00,18.33,18.33,18.27,18.3,16032
2026-03-18 15:45:00,18.295,18.3,18.22,18.28,12185
2026-03-18 15:50:00,18.29,18.295,18.17,18.195,54933
2026-03-18 15:55:00,18.19,18.24,18.17,18.195,27394
2026-03-18 16:00:00,18.2,18.2,18.14,18.17,3418
2026-03-18 16:05:00,18.11,18.11,18.09,18.09,1678
2026-03-18 16:10:00,18.06,18.09,18.05,18.05,2454
2026-03-18 16:15:00,18.0426,18.0426,18.04,18.04,205
2026-03-18 16:20:00,18.0525,18.07,18.05,18.05,2497
2026-03-18 16:25:00,18.03,18.03,17.96,18.0,4297
2026-03-18 16:30:00,18.0,18.0,18.0,18.0,100
2026-03-18 16:35:00,18.02,18.04,18.02,18.04,419
2026-03-18 16:40:00,18.02,18.05,18.01,18.05,2603
2026-03-18 16:45:00,18.09,18.1,18.09,18.1,650
2026-03-18 16:50:00,18.11,18.11,18.1,18.11,882
2026-03-18 16:55:00,18.1,18.1,18.07,18.07,700
2026-03-18 17:00:00,18.0264,18.09,18.0264,18.09,352
2026-03-18 17:10:00,18.09,18.2,18.09,18.113,1854
2026-03-18 17:15:00,18.1,18.18,18.1,18.1,664
2026-03-18 17:20:00,18.1,18.13,18.1,18.13,1597
2026-03-18 17:25:00,18.18,18.18,18.1,18.1,850
2026-03-18 17:40:00,18.11,18.11,18.11,18.11,180
2026-03-18 17:45:00,18.13,18.14,18.13,18.14,699
2026-03-18 17:50:00,18.189,18.189,18.189,18.189,300
2026-03-18 18:05:00,18.06,18.06,18.05,18.05,683
2026-03-18 18:15:00,18.05,18.05,18.05,18.05,585
2026-03-18 18:20:00,18.03,18.03,18.03,18.03,111
2026-03-18 18:25:00,18.0001,18.0001,18.0001,18.0001,579
2026-03-18 18:30:00,18.0,18.01,18.0,18.0,2156
2026-03-18 18:35:00,18.0,18.0,18.0,18.0,6058
2026-03-18 18:40:00,18.01,18.01,18.01,18.01,400
2026-03-18 18:45:00,18.02,18.02,18.02,18.02,1198
2026-03-18 18:50:00,18.05,18.05,18.04,18.04,1000
2026-03-18 19:00:00,18.04,18.07,18.04,18.07,860
2026-03-18 19:05:00,18.07,18.07,18.07,18.07,100
2026-03-18 19:10:00,18.06,18.06,18.06,18.06,100
2026-03-18 19:15:00,18.07,18.07,18.07,18.07,900
2026-03-18 19:20:00,18.03,18.05,18.03,18.05,1246
2026-03-18 19:40:00,18.18,18.18,18.18,18.18,1200
2026-03-18 19:45:00,18.13,18.14,18.09,18.09,3496
2026-03-18 19:55:00,18.06,18.17,18.06,18.17,1200
2026-03-19 04:00:00,17.92,17.92,17.91,17.91,1550
2026-03-19 04:05:00,17.91,17.94,17.91,17.94,1208
2026-03-19 04:10:00,17.94,17.97,17.94,17.95,609
2026-03-19 04:15:00,17.95,17.95,17.95,17.95,110
2026-03-19 04:20:00,17.92,17.92,17.92,17.92,152
2026-03-19 04:25:00,17.87,17.89,17.86,17.86,3819
2026-03-19 04:30:00,17.87,17.87,17.83,17.83,2424
2026-03-19 04:35:00,17.82,17.83,17.8,17.8,3490
2026-03-19 04:40:00,17.8,17.82,17.74,17.75,3517
2026-03-19 04:45:00,17.75,17.77,17.74,17.77,712
2026-03-19 04:50:00,17.77,17.86,17.75,17.86,912
2026-03-19 04:55:00,17.79,17.79,17.79,17.79,857
2026-03-19 05:00:00,17.81,17.86,17.81,17.83,5356
2026-03-19 05:05:00,17.81,17.81,17.81,17.81,250
2026-03-19 05:10:00,17.86,17.86,17.84,17.84,1064
2026-03-19 05:20:00,17.94,17.94,17.91,17.91,864
2026-03-19 05:25:00,17.83,17.83,17.83,17.83,1414
2026-03-19 05:30:00,17.81,17.84,17.81,17.84,404
2026-03-19 05:35:00,17.83,17.83,17.77,17.77,1975
2026-03-19 05:40:00,17.83,17.84,17.82,17.82,1026
2026-03-19 05:45:00,17.93,17.93,17.93,17.93,200
2026-03-19 05:50:00,17.96,18.01,17.96,18.01,2038
2026-03-19 05:55:00,18.01,18.01,17.96,18.01,725
2026-03-19 06:00:00,17.94,17.94,17.94,17.94,527
2026-03-19 06:05:00,17.93,17.97,17.93,17.97,1572
2026-03-19 06:10:00,17.97,17.98,17.97,17.97,1219
2026-03-19 06:15:00,17.93,17.94,17.93,17.94,460
2026-03-19 06:20:00,17.93,17.93,17.93,17.93,299
2026-03-19 06:25:00,17.9,17.9,17.9,17.9,336
2026-03-19 06:30:00,17.92,17.92,17.92,17.92,552
2026-03-19 06:40:00,17.89,17.89,17.89,17.89,100
2026-03-19 06:50:00,17.89,17.89,17.89,17.89,105
2026-03-19 06:55:00,17.89,17.89,17.89,17.89,145
2026-03-19 07:00:00,17.92,18.0,17.92,18.0,5084
2026-03-19 07:05:00,17.96,18.11,17.96,18.11,6281
2026-03-19 07:10:00,18.09,18.22,18.09,18.19,5201
2026-03-19 07:15:00,18.18,18.18,18.1,18.13,7825
2026-03-19 07:20:00,18.17,18.17,18.11,18.11,5422
2026-03-19 07:25:00,18.09,18.09,18.09,18.09,773
2026-03-19 07:30:00,18.11,18.11,18.07,18.07,1016
2026-03-19 07:35:00,18.03,18.03,18.03,18.03,474
2026-03-19 07:40:00,18.0,18.0,17.99,17.99,793
2026-03-19 07:45:00,17.98,17.98,17.98,17.98,161
2026-03-19 07:50:00,18.0,18.07,18.0,18.07,1990
2026-03-19 07:55:00,18.09,18.1,18.09,18.1,1660
2026-03-19 08:00:00,18.07,18.2235,17.72,17.97,20588
2026-03-19 08:05:00,17.97,18.15,17.96,18.11,1630
2026-03-19 08:10:00,18.11,18.24,18.1,18.14,19824
2026-03-19 08:15:00,18.1,18.1,18.08,18.08,3722
2026-03-19 08:20:00,18.04,18.07,18.03,18.07,11092
2026-03-19 08:25:00,18.01,18.01,17.99,18.01,2706
2026-03-19 08:30:00,17.98,18.05,17.98,18.05,1060
2026-03-19 08:35:00,18.06,18.06,18.01,18.01,1229
2026-03-19 08:40:00,17.98,18.05,17.97,18.03,2900
2026-03-19 08:45:00,18.03,18.03,17.92,17.92,498
2026-03-19 08:50:00,17.9,17.91,17.87,17.9,3175
2026-03-19 08:55:00,17.9,17.92,17.8987,17.9,18780
2026-03-19 09:00:00,17.93,17.93,17.91,17.91,2305
2026-03-19 09:05:00,17.91,17.91,17.88,17.88,3745
2026-03-19 09:10:00,17.9,17.9985,17.9,17.9985,7195
2026-03-19 09:15:00,17.94,18.11,17.94,18.09,3531
2026-03-19 09:20:00,18.1,18.16,17.98,17.98,2406
2026-03-19 09:25:00,17.97,18.28,17.9618,18.28,18038
2026-03-19 09:30:00,18.265,18.28,17.67,17.8701,268950
2026-03-19 09:35:00,17.86,18.065,17.79,17.84,108267
2026-03-19 09:40:00,17.835,18.35,17.83,18.3,94640
2026-03-19 09:45:00,18.29,18.3,18.034,18.3,65874
2026-03-19 09:50:00,18.295,18.4799,18.135,18.27,83212
2026-03-19 09:55:00,18.26,18.29,18.1,18.255,24370
2026-03-19 10:00:00,18.25,18.32,18.2,18.245,36083
2026-03-19 10:05:00,18.255,18.355,18.11,18.11,34956
2026-03-19 10:10:00,18.134,18.245,18.0501,18.0501,30137
2026-03-19 10:15:00,18.05,18.08,17.92,17.96,26669
2026-03-19 10:20:00,17.96,17.9886,17.8,17.85,49691
2026-03-19 10:25:00,17.862,17.885,17.6599,17.6599,74366
2026-03-19 10:30:00,17.675,17.991,17.675,17.991,23443
2026-03-19 10:35:00,17.99,18.08,17.97,18.04,35505
2026-03-19 10:40:00,18.05,18.09,17.96,17.99,7735
2026-03-19 10:45:00,17.985,18.045,17.965,18.04,10509
2026-03-19 10:50:00,18.045,18.19,18.03,18.135,7960
2026-03-19 10:55:00,18.145,18.31,18.1,18.255,16759
2026-03-19 11:00:00,18.2602,18.4887,18.2602,18.4887,49306
2026-03-19 11:05:00,18.49,18.62,18.475,18.58,54786
2026-03-19 11:10:00,18.58,18.625,18.5499,18.62,9916
2026-03-19 11:15:00,18.6,18.625,18.48,18.48,40327
2026-03-19 11:20:00,18.48,18.58,18.47,18.54,9811
2026-03-19 11:25:00,18.53,18.57,18.5,18.545,10854
2026-03-19 11:30:00,18.54,18.55,18.48,18.4801,21448
2026-03-19 11:35:00,18.485,18.535,18.38,18.41,15600
2026-03-19 11:40:00,18.41,18.44,18.345,18.41,10575
2026-03-19 11:45:00,18.42,18.4599,18.3801,18.4599,19970
2026-03-19 11:50:00,18.4612,18.545,18.43,18.47,112742
2026-03-19 11:55:00,18.49,18.5799,18.46,18.485,28204
2026-03-19 12:00:00,18.5,18.67,18.4645,18.635,120467
2026-03-19 12:05:00,18.64,18.705,18.625,18.64,14214
2026-03-19 12:10:00,18.5901,18.66,18.565,18.6,7585
2026-03-19 12:15:00,18.605,18.62,18.5,18.545,11723
2026-03-19 12:20:00,18.53,18.56,18.46,18.485,8549
2026-03-19 12:25:00,18.5,18.51,18.465,18.495,14348
2026-03-19 12:30:00,18.505,18.535,18.455,18.47,7052
2026-03-19 12:35:00,18.45,18.524,18.41,18.52,13505
2026-03-19 12:40:00,18.53,18.55,18.47,18.48,6824
2026-03-19 12:45:00,18.5,18.52,18.47,18.48,8415
2026-03-19 12:50:00,18.455,18.46,18.32,18.365,22288
2026-03-19 12:55:00,18.37,18.43,18.365,18.43,10480
2026-03-19 13:00:00,18.44,18.45,18.39,18.4,6694
2026-03-19 13:05:00,18.41,18.41,18.25,18.25,5114
2026-03-19 13:10:00,18.25,18.315,18.24,18.28,14801
2026-03-19 13:15:00,18.29,18.36,18.24,18.36,12911
2026-03-19 13:20:00,18.375,18.4,18.34,18.39,7480
2026-03-19 13:25:00,18.38,18.44,18.38,18.425,15680
2026-03-19 13:30:00,18.425,18.49,18.37,18.38,6268
2026-03-19 13:35:00,18.38,18.405,18.36,18.3616,2285
2026-03-19 13:40:00,18.35,18.365,18.325,18.345,7686
2026-03-19 13:45:00,18.34,18.375,18.295,18.33,3105
2026-03-19 13:50:00,18.365,18.47,18.365,18.435,8970
2026-03-19 13:55:00,18.4165,18.4165,18.37,18.395,1180
2026-03-19 14:00:00,18.39,18.415,18.36,18.39,7178
2026-03-19 14:05:00,18.38,18.43,18.3338,18.4,6217
2026-03-19 14:10:00,18.43,18.56,18.4,18.515,8186
2026-03-19 14:15:00,18.54,18.57,18.51,18.57,11978
2026-03-19 14:20:00,18.585,18.6,18.52,18.5399,35780
2026-03-19 14:25:00,18.53,18.555,18.53,18.535,8407
2026-03-19 14:30:00,18.515,18.54,18.47,18.48,3825
2026-03-19 14:35:00,18.47,18.49,18.42,18.4601,23965
2026-03-19 14:40:00,18.48,18.48,18.435,18.465,6937
2026-03-19 14:45:00,18.41,18.425,18.395,18.405,64103
2026-03-19 14:50:00,18.405,18.445,18.37,18.44,57743
2026-03-19 14:55:00,18.42,18.64,18.42,18.58,20516
2026-03-19 15:00:00,18.595,18.78,18.59,18.74,94418
2026-03-19 15:05:00,18.75,18.98,18.74,18.865,75171
2026-03-19 15:10:00,18.85,18.98,18.82,18.94,49229
2026-03-19 15:15:00,18.96,18.995,18.8997,18.96,41768
2026-03-19 15:20:00,18.93,18.93,18.805,18.85,16589
2026-03-19 15:25:00,18.815,18.82,18.71,18.735,20668
2026-03-19 15:30:00,18.735,18.755,18.66,18.68,11813
2026-03-19 15:35:00,18.68,18.785,18.625,18.785,17736
2026-03-19 15:40:00,18.78,18.82,18.75,18.75,21080
2026-03-19 15:45:00,18.74,18.8,18.7,18.785,15089
2026-03-19 15:50:00,18.79,18.81,18.72,18.775,25630
2026-03-19 15:55:00,18.78,18.91,18.78,18.895,70552
2026-03-19 16:00:00,18.88,18.89,18.86,18.88,7522
2026-03-19 16:05:00,18.86,18.9,18.86,18.9,3012
2026-03-19 16:10:00,18.9,18.9,18.9,18.9,400
2026-03-19 16:15:00,18.92,18.92,18.92,18.92,300
2026-03-19 16:20:00,18.9445,18.9445,18.94,18.94,900
2026-03-19 16:25:00,18.9204,18.9204,18.901,18.901,658
2026-03-19 16:30:00,18.9026,18.9026,18.88,18.88,668
2026-03-19 16:35:00,18.87,18.9,18.84,18.85,6147
2026-03-19 16:40:00,18.8302,18.8302,18.82,18.82,850
2026-03-19 16:45:00,18.8,18.8,18.8,18.8,452
2026-03-19 16:50:00,18.78,18.78,18.78,18.78,6949
2026-03-19 17:05:00,18.79,18.79,18.78,18.78,435
2026-03-19 17:10:00,18.78,18.78,18.78,18.78,1065
2026-03-19 17:25:00,18.81,18.81,18.81,18.81,100
2026-03-19 17:30:00,18.85,18.85,18.8266,18.8266,2100
2026-03-19 17:35:00,18.85,18.85,18.7485,18.7485,290
2026-03-19 17:50:00,18.79,18.79,18.79,18.79,243
2026-03-19 18:05:00,18.77,18.8,18.77,18.8,1539
2026-03-19 18:10:00,18.7604,18.7604,18.7604,18.7604,351
2026-03-19 18:15:00,18.78,18.78,18.76,18.78,1250
2026-03-19 18:20:00,18.76,18.76,18.76,18.76,683
2026-03-19 18:30:00,18.81,18.81,18.81,18.81,500
2026-03-19 18:35:00,18.81,18.81,18.81,18.81,598
2026-03-19 18:40:00,18.809,18.809,18.809,18.809,100
2026-03-19 18:45:00,18.8,18.8,18.77,18.77,500
2026-03-19 19:20:00,18.78,18.78,18.78,18.78,650
2026-03-19 19:35:00,18.78,18.78,18.78,18.78,115
2026-03-19 19:45:00,18.82,18.82,18.82,18.82,100
2026-03-20 04:00:00,18.85,18.85,18.83,18.83,1439
2026-03-20 04:05:00,18.79,18.84,18.79,18.84,1139
2026-03-20 04:10:00,18.82,18.83,18.82,18.83,300
2026-03-20 04:15:00,18.86,18.86,18.86,18.86,387
2026-03-20 04:20:00,18.82,18.82,18.82,18.82,641
2026-03-20 04:25:00,18.82,18.83,18.81,18.82,3255
2026-03-20 04:35:00,18.82,18.83,18.82,18.83,442
2026-03-20 04:40:00,18.79,18.79,18.79,18.79,800
2026-03-20 04:45:00,18.82,18.82,18.82,18.82,110
2026-03-20 04:50:00,18.81,18.81,18.8,18.8,262
2026-03-20 05:05:00,18.72,18.75,18.72,18.75,1410
2026-03-20 05:15:00,18.7,18.7,18.65,18.65,910
2026-03-20 05:30:00,18.63,18.64,18.61,18.61,2120
2026-03-20 05:35:00,18.65,18.66,18.64,18.64,1742
2026-03-20 05:40:00,18.6,18.6,18.57,18.57,1219
2026-03-20 05:45:00,18.58,18.58,18.58,18.58,150
2026-03-20 05:50:00,18.51,18.51,18.44,18.44,7260
2026-03-20 05:55:00,18.43,18.49,18.43,18.49,388
2026-03-20 06:00:00,18.51,18.52,18.36,18.39,2691
2026-03-20 06:05:00,18.33,18.33,18.33,18.33,100
2026-03-20 06:10:00,18.31,18.39,18.31,18.39,878
2026-03-20 06:15:00,18.41,18.41,18.39,18.39,8444
2026-03-20 06:20:00,18.36,18.39,18.35,18.39,3400
2026-03-20 06:35:00,18.48,18.55,18.47,18.55,710
2026-03-20 06:45:00,18.5,18.5,18.5,18.5,110
2026-03-20 07:00:00,18.52,18.58,18.49,18.58,1246
2026-03-20 07:05:00,18.61,18.61,18.61,18.61,220
2026-03-20 07:15:00,18.59,18.59,18.58,18.59,1833
2026-03-20 07:20:00,18.58,18.58,18.57,18.57,1753
2026-03-20 07:25:00,18.57,18.57,18.57,18.57,272
2026-03-20 07:30:00,18.59,18.59,18.58,18.58,480
2026-03-20 07:35:00,18.57,18.57,18.51,18.51,1806
2026-03-20 07:40:00,18.52,18.52,18.52,18.52,110
2026-03-20 07:45:00,18.5,18.5,18.5,18.5,474
2026-03-20 07:50:00,18.48,18.48,18.47,18.48,551
2026-03-20 07:55:00,18.5,18.5,18.5,18.5,100
2026-03-20 08:00:00,18.61,18.84,18.27,18.69,19154
2026-03-20 08:05:00,18.51,18.54,18.51,18.54,210
2026-03-20 08:10:00,18.58,18.5861,18.58,18.5861,645
2026-03-20 08:15:00,18.53,18.53,18.52,18.53,1602
2026-03-20 08:20:00,18.5594,18.5594,18.51,18.51,647
2026-03-20 08:25:00,18.5,18.55,18.5,18.55,1630
2026-03-20 08:30:00,18.48,18.5,18.48,18.5,1520
2026-03-20 08:35:00,18.5,18.5,18.47,18.49,2528
2026-03-20 08:40:00,18.4602,18.47,18.45,18.47,2527
2026-03-20 08:45:00,18.47,18.4787,18.44,18.47,1550
2026-03-20 08:50:00,18.5,18.51,18.48,18.509,1110
2026-03-20 08:55:00,18.51,18.51,18.48,18.48,500
2026-03-20 09:00:00,18.46,18.46,18.46,18.46,100
2026-03-20 09:05:00,18.47,18.5,18.47,18.5,1385
2026-03-20 09:10:00,18.46,18.46,18.46,18.46,268
2026-03-20 09:15:00,18.47,18.52,18.47,18.52,1059
2026-03-20 09:20:00,18.53,18.61,18.53,18.61,1087
2026-03-20 09:25:00,18.67,18.82,18.6516,18.82,16664
2026-03-20 09:30:00,18.74,19.09,17.99,18.15,157813
2026-03-20 09:35:00,18.13,18.295,18.095,18.13,109685
2026-03-20 09:40:00,18.11,18.235,18.025,18.235,60006
2026-03-20 09:45:00,18.22,18.26,18.04,18.13,121606
2026-03-20 09:50:00,18.13,18.157,17.82,17.87,283486
2026-03-20 09:55:00,17.865,17.89,17.6,17.64,138348
2026-03-20 10:00:00,17.63,17.84,17.61,17.81,45709
2026-03-20 10:05:00,17.81,17.94,17.59,17.73,65604
2026-03-20 10:10:00,17.71,17.75,17.52,17.55,43162
2026-03-20 10:15:00,17.56,17.68,17.535,17.675,46823
2026-03-20 10:20:00,17.66,17.86,17.63,17.82,34909
2026-03-20 10:25:00,17.81,17.925,17.77,17.925,30143
2026-03-20 10:30:00,17.93,18.06,17.93,18.0,69378
2026-03-20 10:35:00,18.03,18.05,17.88,17.93,67872
2026-03-20 10:40:00,17.93,17.95,17.82,17.83,25310
2026-03-20 10:45:00,17.85,18.0,17.85,17.97,47951
2026-03-20 10:50:00,17.93,17.95,17.76,17.775,38258
2026-03-20 10:55:00,17.8,17.95,17.8,17.93,25168
2026-03-20 11:00:00,17.93,18.07,17.845,17.94,56749
2026-03-20 11:05:00,17.94,18.08,17.91,18.0,51471
2026-03-20 11:10:00,17.99,18.16,17.99,18.15,22047
2026-03-20 11:15:00,18.1401,18.16,17.95,17.95,44359
2026-03-20 11:20:00,17.98,18.16,17.91,18.02,70489
2026-03-20 11:25:00,18.025,18.035,17.9375,18.0,15073
2026-03-20 11:30:00,17.9886,18.1,17.9886,18.06,25890
2026-03-20 11:35:00,18.05,18.09,18.01,18.01,9912
2026-03-20 11:40:00,18.0161,18.11,17.985,18.11,11838
2026-03-20 11:45:00,18.115,18.16,18.04,18.095,11768
2026-03-20 11:50:00,18.09,18.17,18.05,18.14,23131
2026-03-20 11:55:00,18.13,18.22,18.13,18.175,25472
2026-03-20 12:00:00,18.19,18.35,18.18,18.335,29842
2026-03-20 12:05:00,18.33,18.39,18.29,18.32,35512
2026-03-20 12:10:00,18.32,18.4201,18.31,18.39,21167
2026-03-20 12:15:00,18.39,18.43,18.3297,18.405,26465
2026-03-20 12:20:00,18.4124,18.46,18.375,18.43,17397
2026-03-20 12:25:00,18.42,18.42,18.31,18.3601,19336
2026-03-20 12:30:00,18.32,18.32,18.22,18.29,13298
2026-03-20 12:35:00,18.28,18.31,18.24,18.27,13905
2026-03-20 12:40:00,18.26,18.26,18.165,18.165,12152
2026-03-20 12:45:00,18.155,18.16,18.095,18.105,4722
2026-03-20 12:50:00,18.11,18.17,18.0801,18.15,5840
2026-03-20 12:55:00,18.135,18.26,18.135,18.21,14043
2026-03-20 13:00:00,18.22,18.23,18.13,18.16,11435
2026-03-20 13:05:00,18.16,18.18,18.04,18.13,54814
2026-03-20 13:10:00,18.14,18.155,18.11,18.13,21859
2026-03-20 13:15:00,18.155,18.17,18.035,18.06,44163
2026-03-20 13:20:00,18.055,18.105,18.05,18.05,25886
2026-03-20 13:25:00,18.06,18.075,18.01,18.04,19035
2026-03-20 13:30:00,18.045,18.065,17.97,17.98,18716
2026-03-20 13:35:00,18.0,18.0,17.835,17.89,33819
2026-03-20 13:40:00,17.88,17.91,17.85,17.87,16238
2026-03-20 13:45:00,17.875,17.9099,17.85,17.8832,16654
2026-03-20 13:50:00,17.88,17.9,17.85,17.89,8732
2026-03-20 13:55:00,17.905,17.9401,17.9,17.925,10995
2026-03-20 14:00:00,17.94,17.945,17.8993,17.8993,4982
2026-03-20 14:05:00,17.8811,17.92,17.85,17.8793,16413
2026-03-20 14:10:00,17.865,17.9,17.84,17.88,11379
2026-03-20 14:15:00,17.88,17.8899,17.84,17.8899,8474
2026-03-20 14:20:00,17.93,17.935,17.7,17.7,34494
2026-03-20 14:25:00,17.735,17.81,17.735,17.75,11434
2026-03-20 14:30:00,17.76,17.77,17.6799,17.69,12361
2026-03-20 14:35:00,17.68,17.705,17.5701,17.58,20587
2026-03-20 14:40:00,17.5711,17.61,17.42,17.445,61448
2026-03-20 14:45:00,17.46,17.52,17.42,17.51,39982
2026-03-20 14:50:00,17.505,17.5264,17.445,17.46,19445
2026-03-20 14:55:00,17.46,17.49,17.41,17.4599,11892
2026-03-20 15:00:00,17.49,17.55,17.475,17.51,28212
2026-03-20 15:05:00,17.52,17.5699,17.45,17.485,43265
2026-03-20 15:10:00,17.47,17.6,17.47,17.6,23609
2026-03-20 15:15:00,17.6,17.625,17.57,17.62,15729
2026-03-20 15:20:00,17.62,17.63,17.53,17.54,31842
2026-03-20 15:25:00,17.535,17.6,17.53,17.58,12662
2026-03-20 15:30:00,17.58,17.605,17.465,17.475,42796
2026-03-20 15:35:00,17.47,17.475,17.2786,17.41,29913
2026-03-20 15:40:00,17.39,17.59,17.39,17.59,42096
2026-03-20 15:45:00,17.58,17.6,17.48,17.505,34326
2026-03-20 15:50:00,17.5,17.59,17.38,17.55,113798
2026-03-20 15:55:00,17.55,17.68,17.54,17.68,57525
2026-03-20 16:00:00,17.67,17.68,17.66,17.67,24054
2026-03-20 16:05:00,17.65,17.66,17.65,17.66,900
2026-03-20 16:10:00,17.679,17.68,17.67,17.67,1352
2026-03-20 16:15:00,17.6653,17.67,17.6637,17.6637,700
2026-03-20 16:20:00,17.68,17.69,17.64,17.64,2650
2026-03-20 16:25:00,17.65,17.65,17.65,17.65,100
2026-03-20 16:30:00,17.66,17.66,17.64,17.64,15591
2026-03-20 16:35:00,17.68,17.68,17.66,17.6721,1254
2026-03-20 16:40:00,17.73,17.74,17.73,17.74,581
2026-03-20 16:45:00,17.76,17.76,17.76,17.76,1200
2026-03-20 16:50:00,17.8255,17.8255,17.8255,17.8255,100
2026-03-20 16:55:00,17.74,17.74,17.73,17.73,534
2026-03-20 17:05:00,17.71,17.71,17.71,17.71,182
2026-03-20 17:10:00,17.73,17.85,17.72,17.85,1399
2026-03-20 17:20:00,17.8,17.83,17.8,17.83,1500
2026-03-20 17:25:00,17.9,17.9,17.82,17.82,390
2026-03-20 17:40:00,17.9,17.9,17.9,17.9,100
2026-03-20 17:50:00,17.8543,17.8543,17.8543,17.8543,1000
2026-03-20 17:55:00,17.94,17.94,17.9,17.9,836
2026-03-20 18:00:00,17.8,17.87,17.8,17.87,1031
2026-03-20 18:05:00,17.8505,17.8505,17.8505,17.8505,600
2026-03-20 18:10:00,17.91,17.91,17.87,17.87,306
2026-03-20 18:25:00,17.9,17.9,17.9,17.9,100
2026-03-20 18:35:00,17.85,17.87,17.85,17.87,311
2026-03-20 18:45:00,17.93,17.93,17.93,17.93,200
2026-03-20 18:50:00,17.86,17.8978,17.86,17.8978,400
2026-03-20 18:55:00,17.85,17.85,17.85,17.85,250
2026-03-20 19:00:00,17.85,17.85,17.85,17.85,249
2026-03-20 19:05:00,17.89,17.8986,17.89,17.8986,1100
2026-03-20 19:10:00,17.86,17.86,17.86,17.86,400
2026-03-20 19:20:00,17.82,17.82,17.82,17.82,100
2026-03-20 19:30:00,17.85,17.85,17.85,17.85,132
2026-03-20 19:35:00,17.86,17.98,17.86,17.98,2750
2026-03-20 19:40:00,17.8509,17.8509,17.8509,17.8509,105
2026-03-20 19:45:00,17.86,17.96,17.86,17.96,1000
2026-03-20 19:50:00,17.96,17.96,17.96,17.96,130
2026-03-20 19:55:00,17.9501,17.9501,17.9474,17.95,1318
2026-03-23 04:00:00,17.08,17.19,17.08,17.15,5008
2026-03-23 04:05:00,17.15,17.15,17.14,17.14,900
2026-03-23 04:10:00,17.15,17.19,17.1,17.19,1400
2026-03-23 04:15:00,17.28,17.29,17.21,17.28,4670
2026-03-23 04:20:00,17.35,17.35,17.28,17.28,910
2026-03-23 04:25:00,17.29,17.34,17.28,17.29,1136
2026-03-23 04:30:00,17.31,17.33,17.31,17.33,200
2026-03-23 04:35:00,17.38,17.38,17.3,17.31,1680
2026-03-23 04:45:00,17.37,17.37,17.37,17.37,400
2026-03-23 04:50:00,17.4,17.4,17.37,17.37,750
2026-03-23 04:55:00,17.33,17.36,17.33,17.36,1158
2026-03-23 05:00:00,17.31,17.31,17.24,17.27,1249
2026-03-23 05:05:00,17.35,17.35,17.35,17.35,215
2026-03-23 05:10:00,17.35,17.35,17.33,17.33,436
2026-03-23 05:15:00,17.36,17.36,17.35,17.35,330
2026-03-23 05:20:00,17.37,17.43,17.35,17.42,7356
2026-03-23 05:25:00,17.39,17.39,17.33,17.33,612
2026-03-23 05:30:00,17.32,17.32,17.23,17.23,1550
2026-03-23 05:35:00,17.22,17.22,17.17,17.17,2243
2026-03-23 05:40:00,17.17,17.17,17.17,17.17,117
2026-03-23 05:45:00,17.18,17.18,17.15,17.15,470
2026-03-23 05:50:00,17.16,17.16,17.16,17.16,110
2026-03-23 06:00:00,17.19,17.21,17.18,17.21,1162
2026-03-23 06:05:00,17.24,17.24,17.23,17.23,220
2026-03-23 06:10:00,17.3,17.3,17.29,17.29,330
2026-03-23 06:15:00,17.24,17.24,17.21,17.21,209
2026-03-23 06:20:00,17.2,17.2,17.13,17.13,551
2026-03-23 06:25:00,17.13,17.13,17.09,17.09,2129
2026-03-23 06:30:00,17.08,17.08,17.0,17.07,5900
2026-03-23 06:35:00,17.07,17.1,17.07,17.08,949
2026-03-23 06:45:00,17.02,17.02,16.98,16.98,320
2026-03-23 06:50:00,17.0,17.12,17.0,17.12,1364
2026-03-23 06:55:00,17.09,17.4,17.09,17.31,7687
2026-03-23 07:00:00,17.3,17.3,17.16,17.16,2013
2026-03-23 07:05:00,17.18,18.02,17.18,18.0,34509
2026-03-23 07:10:00,18.16,18.52,18.11,18.52,9820
2026-03-23 07:15:00,18.46,18.49,18.25,18.29,2554
2026-03-23 07:20:00,18.2,18.2,18.02,18.05,19240
2026-03-23 07:25:00,18.17,18.18,17.96,18.05,47159
2026-03-23 07:30:00,18.09,18.3,18.09,18.26,9148
2026-03-23 07:35:00,18.25,18.279,18.249,18.249,300
2026-03-23 07:40:00,18.05,18.1,18.0,18.01,3527
2026-03-23 07:45:00,17.89,17.94,17.89,17.94,994
2026-03-23 07:50:00,17.9,17.98,17.83,17.98,16381
2026-03-23 07:55:00,17.98,17.98,17.811,17.85,1412
2026-03-23 08:00:00,17.1,18.446,17.04,17.97,161550
2026-03-23 08:05:00,17.98,18.01,17.06,17.98,5441
2026-03-23 08:10:00,18.01,18.02,17.95,17.96,3026
2026-03-23 08:15:00,17.93,18.17,17.9,18.17,4601
2026-03-23 08:20:00,18.18,18.22,18.1426,18.22,7633
2026-03-23 08:25:00,18.19,18.22,18.1684,18.195,5321
2026-03-23 08:30:00,18.15,18.17,18.15,18.17,610
2026-03-23 08:35:00,18.15,18.15,18.11,18.11,684
2026-03-23 08:40:00,18.19,18.3,18.19,18.27,3989
2026-03-23 08:45:00,18.3,18.32,18.2411,18.32,3098
2026-03-23 08:50:00,18.24,18.34,18.2,18.27,4780
2026-03-23 08:55:00,18.26,18.26,18.26,18.26,160
2026-03-23 09:00:00,18.24,18.33,18.1765,18.1765,9145
2026-03-23 09:05:00,18.1004,18.15,18.1004,18.15,550
2026-03-23 09:10:00,18.11,18.1497,18.08,18.1,1134
2026-03-23 09:15:00,18.188,18.188,18.188,18.188,100
2026-03-23 09:20:00,18.09,18.09,18.07,18.07,1177
2026-03-23 09:25:00,18.08,18.24,18.08,18.21,6842
2026-03-23 09:30:00,18.27,19.26,18.27,19.2509,699968
2026-03-23 09:35:00,19.265,19.61,19.265,19.61,282438
2026-03-23 09:40:00,19.615,19.685,19.31,19.32,176001
2026-03-23 09:45:00,19.32,19.54,19.23,19.54,135359
2026-03-23 09:50:00,19.54,19.64,19.48,19.61,98118
2026-03-23 09:55:00,19.61,19.72,19.485,19.69,100534
2026-03-23 10:00:00,19.69,19.745,19.51,19.54,83653
2026-03-23 10:05:00,19.52,19.64,19.44,19.54,64723
2026-03-23 10:10:00,19.52,19.7818,19.5,19.78,83924
2026-03-23 10:15:00,19.785,19.885,19.75,19.83,82610
2026-03-23 10:20:00,19.83,19.835,19.755,19.79,34633
2026-03-23 10:25:00,19.78,19.805,19.5901,19.68,41133
2026-03-23 10:30:00,19.67,19.71,19.605,19.66,39625
2026-03-23 10:35:00,19.65,19.685,19.581,19.625,28179
2026-03-23 10:40:00,19.63,19.65,19.49,19.54,24911
2026-03-23 10:45:00,19.555,19.68,19.52,19.5497,26104
2026-03-23 10:50:00,19.52,19.52,19.3203,19.34,80826
2026-03-23 10:55:00,19.34,19.515,19.34,19.44,35404
2026-03-23 11:00:00,19.43,19.6978,19.43,19.61,48958
2026-03-23 11:05:00,19.615,19.62,19.47,19.595,30294
2026-03-23 11:10:00,19.6,19.71,19.56,19.58,32306
2026-03-23 11:15:00,19.59,19.62,19.52,19.56,12687
2026-03-23 11:20:00,19.54,19.62,19.51,19.62,17338
2026-03-23 11:25:00,19.61,19.6386,19.5246,19.5902,13674
2026-03-23 11:30:00,19.62,19.67,19.54,19.55,31378
2026-03-23 11:35:00,19.54,19.55,19.36,19.39,20231
2026-03-23 11:40:00,19.41,19.41,19.245,19.32,41042
2026-03-23 11:45:00,19.32,19.34,19.24,19.3,41094
2026-03-23 11:50:00,19.28,19.32,19.135,19.14,42744
2026-03-23 11:55:00,19.11,19.11,18.93,18.985,98291
2026-03-23 12:00:00,19.0,19.19,19.0,19.11,33734
2026-03-23 12:05:00,19.11,19.2799,19.105,19.25,22174
2026-03-23 12:10:00,19.22,19.265,19.175,19.23,15783
2026-03-23 12:15:00,19.225,19.245,19.18,19.19,14816
2026-03-23 12:20:00,19.195,19.29,19.16,19.29,23311
2026-03-23 12:25:00,19.2699,19.2699,19.06,19.09,15381
2026-03-23 12:30:00,19.08,19.25,19.07,19.24,13509
2026-03-23 12:35:00,19.27,19.4,19.26,19.27,18780
2026-03-23 12:40:00,19.2401,19.25,19.18,19.24,14301
2026-03-23 12:45:00,19.23,19.3478,19.23,19.3478,19035
2026-03-23 12:50:00,19.325,19.355,19.1212,19.16,14583
2026-03-23 12:55:00,19.1702,19.205,19.14,19.17,22250
2026-03-23 13:00:00,19.19,19.24,19.1,19.1,16020
2026-03-23 13:05:00,19.09,19.18,19.08,19.17,20725
2026-03-23 13:10:00,19.17,19.25,19.17,19.23,11355
2026-03-23 13:15:00,19.21,19.245,19.14,19.17,23074
2026-03-23 13:20:00,19.155,19.16,19.06,19.125,11569
2026-03-23 13:25:00,19.14,19.23,19.14,19.205,14698
2026-03-23 13:30:00,19.2,19.44,19.195,19.395,74517
2026-03-23 13:35:00,19.41,19.54,19.41,19.48,45085
2026-03-23 13:40:00,19.47,19.5,19.43,19.455,26479
2026-03-23 13:45:00,19.46,19.49,19.43,19.485,8052
2026-03-23 13:50:00,19.48,19.61,19.48,19.6,14567
2026-03-23 13:55:00,19.615,19.7,19.6,19.69,19635
2026-03-23 14:00:00,19.69,19.78,19.685,19.78,44517
2026-03-23 14:05:00,19.77,19.82,19.69,19.78,38824
2026-03-23 14:10:00,19.79,19.8699,19.79,19.85,29318
2026-03-23 14:15:00,19.81,19.82,19.705,19.75,12971
2026-03-23 14:20:00,19.74,19.785,19.73,19.77,17899
2026-03-23 14:25:00,19.78,19.83,19.775,19.78,41538
2026-03-23 14:30:00,19.795,19.885,19.76,19.8801,41663
2026-03-23 14:35:00,19.89,19.95,19.84,19.9001,84006
2026-03-23 14:40:00,19.91,19.94,19.875,19.875,31488
2026-03-23 14:45:00,19.8899,19.945,19.875,19.935,27889
2026-03-23 14:50:00,19.935,19.97,19.885,19.925,17030
2026-03-23 14:55:00,19.92,19.955,19.895,19.94,42008
2026-03-23 15:00:00,19.945,20.005,19.93,19.99,192807
2026-03-23 15:05:00,19.985,19.995,19.945,19.985,28303
2026-03-23 15:10:00,19.98,19.99,19.93,19.94,30015
2026-03-23 15:15:00,19.935,19.96,19.89,19.94,27607
2026-03-23 15:20:00,19.94,19.97,19.92,19.965,18593
2026-03-23 15:25:00,19.96,19.99,19.925,19.955,18886
2026-03-23 15:30:00,19.925,19.98,19.91,19.96,21390
2026-03-23 15:35:00,19.97,19.985,19.95,19.955,84742
2026-03-23 15:40:00,19.95,19.97,19.91,19.96,12041
2026-03-23 15:45:00,19.96,20.01,19.945,19.9901,69590
2026-03-23 15:50:00,19.99,20.0,19.885,19.99,101948
2026-03-23 15:55:00,20.0,20.0899,19.995,20.03,110765
2026-03-23 16:00:00,20.02,20.12,20.02,20.0307,15370
2026-03-23 16:05:00,20.03,20.1,20.02,20.1,16217
2026-03-23 16:10:00,20.11,20.12,20.09,20.09,811
2026-03-23 16:15:00,20.11,20.16,20.11,20.11,8844
2026-03-23 16:20:00,20.1,20.11,20.09,20.09,4072
2026-03-23 16:25:00,20.07,20.07,20.03,20.03,950
2026-03-23 16:30:00,20.02,20.02,19.99,19.99,400
2026-03-23 16:35:00,20.02,20.02,20.02,20.02,400
2026-03-23 16:40:00,20.07,20.07,20.0564,20.06,1777
2026-03-23 16:45:00,20.04,20.05,20.04,20.05,889
2026-03-23 16:50:00,20.05,20.05,20.05,20.05,500
2026-03-23 16:55:00,20.02,20.02,20.01,20.01,900
2026-03-23 17:00:00,20.01,20.0486,20.01,20.03,5004
2026-03-23 17:05:00,20.02,20.02,20.02,20.02,200
2026-03-23 17:10:00,20.03,20.03,20.02,20.02,340
2026-03-23 17:15:00,20.02,20.02,20.0121,20.02,1856
2026-03-23 17:20:00,20.011,20.0117,20.0103,20.011,900
2026-03-23 17:25:00,20.0291,20.0291,19.99,19.99,1636
2026-03-23 17:30:00,19.98,19.98,19.98,19.98,4020
2026-03-23 17:40:00,19.98,19.98,19.96,19.96,909
2026-03-23 17:45:00,19.98,19.99,19.98,19.99,932
2026-03-23 17:50:00,19.9926,19.9926,19.9926,19.9926,100
2026-03-23 17:55:00,19.99,20.01,19.99,20.01,1565
2026-03-23 18:00:00,20.0,20.02,19.99,19.99,2261
2026-03-23 18:05:00,19.99,20.03,19.96,20.03,1059
2026-03-23 18:10:00,20.01,20.04,20.01,20.01,1721
2026-03-23 18:15:00,20.03,20.04,20.0,20.0,699
2026-03-23 18:20:00,20.02,20.02,20.02,20.02,100
2026-03-23 18:25:00,20.0491,20.06,20.0491,20.06,1771
2026-03-23 18:30:00,20.05,20.05,20.05,20.05,2000
2026-03-23 18:35:00,20.01,20.05,20.01,20.05,1008
2026-03-23 18:40:00,20.05,20.05,20.0333,20.04,797
2026-03-23 18:45:00,20.044,20.06,20.044,20.06,355
2026-03-23 18:50:00,20.0996,20.14,20.09,20.11,2851
2026-03-23 18:55:00,20.12,20.13,20.12,20.13,900
2026-03-23 19:00:00,20.1089,20.1089,20.06,20.08,950
2026-03-23 19:05:00,20.08,20.08,20.08,20.08,500
2026-03-23 19:10:00,20.1,20.1,20.09,20.09,450
2026-03-23 19:15:00,20.08,20.08,20.08,20.08,1373
2026-03-23 19:35:00,20.09,20.09,20.09,20.09,100
2026-03-23 19:40:00,20.09,20.1,20.09,20.1,577
2026-03-23 19:45:00,20.09,20.09,20.09,20.09,300
2026-03-23 19:50:00,20.0713,20.1,20.0713,20.1,632
2026-03-23 19:55:00,20.12,20.18,20.12,20.18,1506
2026-03-24 04:00:00,20.13,20.16,20.12,20.16,3350
2026-03-24 04:05:00,20.11,20.11,20.11,20.11,151
2026-03-24 04:15:00,20.1,20.1,20.1,20.1,166
2026-03-24 04:20:00,20.02,20.04,19.99,20.04,944
2026-03-24 04:25:00,19.96,19.96,19.96,19.96,2023
2026-03-24 04:30:00,19.95,19.95,19.93,19.93,1100
2026-03-24 04:35:00,19.98,19.98,19.97,19.97,560
2026-03-24 04:50:00,19.93,20.0,19.93,19.95,7283
2026-03-24 04:55:00,19.87,19.87,19.84,19.84,727
2026-03-24 05:00:00,19.83,19.83,19.81,19.81,560
2026-03-24 05:05:00,19.85,19.86,19.85,19.86,402
2026-03-24 05:10:00,19.8,19.8,19.75,19.76,2580
2026-03-24 05:15:00,19.81,19.81,19.8,19.8,1291
2026-03-24 05:25:00,19.89,19.89,19.89,19.89,600
2026-03-24 05:30:00,19.86,19.86,19.86,19.86,160
2026-03-24 05:35:00,19.86,19.86,19.86,19.86,250
2026-03-24 05:40:00,19.89,19.92,19.89,19.92,4052
2026-03-24 05:45:00,19.91,19.91,19.9,19.91,1120
2026-03-24 05:50:00,19.88,19.88,19.87,19.87,520
2026-03-24 05:55:00,19.92,20.03,19.92,20.0,4923
2026-03-24 06:05:00,19.95,20.0,19.95,20.0,1237
2026-03-24 06:10:00,20.0,20.0,20.0,20.0,278
2026-03-24 06:15:00,20.02,20.02,20.0,20.0,211
2026-03-24 06:20:00,20.0,20.0,20.0,20.0,224
2026-03-24 06:25:00,19.92,19.92,19.92,19.92,108
2026-03-24 06:30:00,19.94,19.94,19.94,19.94,100
2026-03-24 06:35:00,19.91,19.91,19.9,19.91,886
2026-03-24 06:40:00,19.91,19.91,19.91,19.91,149
2026-03-24 06:45:00,19.91,19.91,19.91,19.91,517
2026-03-24 07:00:00,19.95,19.95,19.9,19.92,4116
2026-03-24 07:10:00,20.01,20.01,19.99,19.99,1017
2026-03-24 07:15:00,19.93,19.93,19.93,19.93,1698
2026-03-24 07:20:00,19.93,19.93,19.93,19.93,227
2026-03-24 07:25:00,19.96,19.96,19.96,19.96,800
2026-03-24 07:40:00,19.99,19.99,19.96,19.96,938
2026-03-24 07:45:00,20.01,20.05,20.01,20.05,2092
2026-03-24 07:50:00,20.05,20.05,19.82,19.83,3808
2026-03-24 07:55:00,19.92,19.95,19.92,19.95,2582
2026-03-24 08:00:00,20.12,20.27,19.6,19.92,27949
2026-03-24 08:05:00,20.26,20.26,19.63,19.87,8491
2026-03-24 08:10:00,19.87,19.89,19.87,19.89,319
2026-03-24 08:15:00,19.87,19.87,19.87,19.87,400
2026-03-24 08:20:00,19.83,19.83,19.8,19.83,2499
2026-03-24 08:25:00,19.85,19.9,19.85,19.87,2805
2026-03-24 08:30:00,19.84,19.8535,19.71,19.73,2847
2026-03-24 08:35:00,19.776,19.776,19.7,19.74,2471
2026-03-24 08:40:00,19.73,19.8,19.73,19.78,3696
2026-03-24 08:45:00,19.8,19.8048,19.7706,19.8,1450
2026-03-24 08:50:00,19.7706,19.86,19.7706,19.84,5422
2026-03-24 08:55:00,19.84,19.84,19.8,19.8092,1250
2026-03-24 09:00:00,19.8,19.82,19.8,19.82,2878
2026-03-24 09:05:00,19.82,19.82,19.7,19.7,3730
2026-03-24 09:10:00,19.75,19.79,19.75,19.79,3573
2026-03-24 09:15:00,19.8078,19.83,19.79,19.79,1125
2026-03-24 09:20:00,19.75,19.83,19.75,19.83,813
2026-03-24 09:25:00,19.8,19.9,19.73,19.9,2851
2026-03-24 09:30:00,19.88,20.4,19.83,19.87,136544
2026-03-24 09:35:00,19.88,19.89,19.15,19.17,129221
2026-03-24 09:40:00,19.17,19.17,18.73,18.76,269258
2026-03-24 09:45:00,18.77,18.92,18.53,18.6,174086
2026-03-24 09:50:00,18.6,18.66,18.43,18.54,152044
2026-03-24 09:55:00,18.54,18.5899,18.44,18.555,103754
2026-03-24 10:00:00,18.57,18.6299,18.35,18.47,116645
2026-03-24 10:05:00,18.47,18.57,18.36,18.505,79110
2026-03-24 10:10:00,18.505,18.51,18.01,18.2401,163571
2026-03-24 10:15:00,18.24,18.27,18.1,18.21,96288
2026-03-24 10:20:00,18.22,18.25,18.09,18.185,91288
2026-03-24 10:25:00,18.2,18.25,18.12,18.15,88290
2026-03-24 10:30:00,18.15,18.2,17.96,18.03,122073
2026-03-24 10:35:00,18.03,18.06,17.95,17.9993,78181
2026-03-24 10:40:00,17.99,18.15,17.96,18.075,55205
2026-03-24 10:45:00,18.05,18.09,17.9007,17.9007,57035
2026-03-24 10:50:00,17.91,18.18,17.7551,18.13,118252
2026-03-24 10:55:00,18.11,18.25,17.9,18.02,102601
2026-03-24 11:00:00,18.05,18.33,18.05,18.33,59591
2026-03-24 11:05:00,18.31,18.36,18.23,18.295,92385
2026-03-24 11:10:00,18.25,18.4,18.2399,18.37,90906
2026-03-24 11:15:00,18.3601,18.5265,18.3601,18.51,64998
2026-03-24 11:20:00,18.505,18.62,18.465,18.61,45874
2026-03-24 11:25:00,18.6,18.66,18.51,18.54,78111
2026-03-24 11:30:00,18.54,18.5927,18.39,18.5301,56332
2026-03-24 11:35:00,18.53,18.69,18.51,18.54,56074
2026-03-24 11:40:00,18.54,18.58,18.35,18.3727,28760
2026-03-24 11:45:00,18.33,18.48,18.33,18.35,26195
2026-03-24 11:50:00,18.36,18.455,18.35,18.41,38897
2026-03-24 11:55:00,18.395,18.395,18.18,18.18,26000
2026-03-24 12:00:00,18.18,18.26,18.14,18.18,22220
2026-03-24 12:05:00,18.175,18.19,18.12,18.19,16968
2026-03-24 12:10:00,18.19,18.205,18.12,18.1862,21511
2026-03-24 12:15:00,18.185,18.305,18.182,18.29,28645
2026-03-24 12:20:00,18.285,18.36,18.26,18.35,19343
2026-03-24 12:25:00,18.34,18.36,18.3,18.34,18254
2026-03-24 12:30:00,18.34,18.34,18.25,18.26,11827
2026-03-24 12:35:00,18.26,18.26,18.1,18.135,24875
2026-03-24 12:40:00,18.1101,18.18,18.1,18.18,8337
2026-03-24 12:45:00,18.2,18.34,18.2,18.33,15727
2026-03-24 12:50:00,18.35,18.4,18.35,18.37,13869
2026-03-24 12:55:00,18.37,18.37,18.27,18.29,18478
2026-03-24 13:00:00,18.32,18.37,18.18,18.18,10232
2026-03-24 13:05:00,18.16,18.17,18.1,18.1,11409
2026-03-24 13:10:00,18.1,18.145,18.08,18.0826,8190
2026-03-24 13:15:00,18.095,18.115,18.03,18.1,5758
2026-03-24 13:20:00,18.1,18.13,18.03,18.05,14051
2026-03-24 13:25:00,18.05,18.09,18.05,18.09,5665
2026-03-24 13:30:00,18.108,18.2,18.105,18.175,12334
2026-03-24 13:35:00,18.18,18.31,18.17,18.31,7266
2026-03-24 13:40:00,18.31,18.35,18.18,18.2013,19604
2026-03-24 13:45:00,18.23,18.26,18.19,18.23,33650
2026-03-24 13:50:00,18.24,18.39,18.235,18.31,10418
2026-03-24 13:55:00,18.2999,18.49,18.2999,18.47,62079
2026-03-24 14:00:00,18.49,18.56,18.44,18.51,26425
2026-03-24 14:05:00,18.505,18.61,18.49,18.595,31586
2026-03-24 14:10:00,18.605,18.73,18.605,18.72,51327
2026-03-24 14:15:00,18.72,18.77,18.655,18.76,44001
2026-03-24 14:20:00,18.77,18.7899,18.72,18.745,13532
2026-03-24 14:25:00,18.75,18.77,18.68,18.6899,40939
2026-03-24 14:30:00,18.69,18.82,18.69,18.72,47419
2026-03-24 14:35:00,18.736,18.8701,18.71,18.8701,20664
2026-03-24 14:40:00,18.865,18.87,18.61,18.705,54592
2026-03-24 14:45:00,18.71,18.73,18.655,18.68,20214
2026-03-24 14:50:00,18.69,18.77,18.68,18.745,16577
2026-03-24 14:55:00,18.73,18.79,18.69,18.765,5407
2026-03-24 15:00:00,18.8,18.85,18.79,18.79,10186
2026-03-24 15:05:00,18.75,18.82,18.74,18.8,5386
2026-03-24 15:10:00,18.78,18.82,18.73,18.82,6462
2026-03-24 15:15:00,18.84,18.84,18.76,18.81,14014
2026-03-24 15:20:00,18.7901,18.805,18.74,18.77,12172
2026-03-24 15:25:00,18.785,18.785,18.69,18.7,12157
2026-03-24 15:30:00,18.715,18.72,18.64,18.6401,10209
2026-03-24 15:35:00,18.63,18.65,18.54,18.64,27754
2026-03-24 15:40:00,18.64,18.655,18.6,18.6,9489
2026-03-24 15:45:00,18.5799,18.58,18.5,18.535,8757
2026-03-24 15:50:00,18.54,18.555,18.465,18.485,28705
2026-03-24 15:55:00,18.49,18.55,18.49,18.52,19190
2026-03-24 16:00:00,18.53,18.55,18.5299,18.55,5644
2026-03-24 16:05:00,18.56,18.56,18.56,18.56,122
2026-03-24 16:10:00,18.52,18.52,18.51,18.51,1219
2026-03-24 16:15:00,18.4615,18.49,18.4615,18.49,2500
2026-03-24 16:20:00,18.58,18.9684,18.58,18.92,5457
2026-03-24 16:25:00,18.91,18.99,18.79,18.88,3735
2026-03-24 16:30:00,18.7,18.75,18.7,18.74,12670
2026-03-24 16:35:00,18.86,18.9,18.82,18.89,4977
2026-03-24 16:40:00,18.85,18.85,18.679,18.69,8503
2026-03-24 16:50:00,18.64,18.67,18.56,18.6,10381
2026-03-24 16:55:00,18.71,18.71,18.71,18.71,200
2026-03-24 17:00:00,18.7,18.7,18.59,18.59,2927
2026-03-24 17:05:00,18.63,18.63,18.56,18.56,537
2026-03-24 17:10:00,18.63,18.68,18.63,18.65,1694
2026-03-24 17:20:00,18.63,18.63,18.6065,18.6065,343
2026-03-24 17:25:00,18.65,18.65,18.63,18.63,2400
2026-03-24 17:35:00,18.8,18.8,18.8,18.8,1304
2026-03-24 17:40:00,18.81,18.83,18.78,18.81,857
2026-03-24 17:45:00,18.74,18.76,18.74,18.76,300
2026-03-24 17:50:00,18.77,18.8,18.74,18.8,800
2026-03-24 17:55:00,18.8004,18.8004,18.8,18.8,316
2026-03-24 18:00:00,18.761,18.77,18.761,18.77,527
2026-03-24 18:05:00,18.8191,18.82,18.8191,18.82,200
2026-03-24 18:10:00,18.83,18.85,18.83,18.83,27349
2026-03-24 18:15:00,18.8,18.8,18.8,18.8,2966
2026-03-24 18:20:00,18.79,18.81,18.79,18.81,1345
2026-03-24 18:25:00,18.78,19.3506,18.78,18.94,9662
2026-03-24 18:30:00,18.9409,19.0,18.9409,19.0,303
2026-03-24 18:35:00,19.0,19.0,18.93,18.9765,2796
2026-03-24 18:40:00,18.96,18.96,18.96,18.96,200
2026-03-24 18:45:00,18.88,18.93,18.88,18.93,350
2026-03-24 18:50:00,18.99,18.99,18.881,18.881,300
2026-03-24 18:55:00,18.99,18.99,18.89,18.89,260
2026-03-24 19:05:00,19.0,19.0,18.9,18.9,1039
2026-03-24 19:10:00,18.87,18.87,18.87,18.87,4470
2026-03-24 19:15:00,18.93,19.0179,18.93,19.0,1309
2026-03-24 19:20:00,18.99,19.0199,18.99,19.0199,1322
2026-03-24 19:25:00,18.98,18.98,18.98,18.98,300
2026-03-24 19:30:00,18.95,18.96,18.95,18.95,600
2026-03-24 19:35:00,18.95,18.95,18.95,18.95,200
2026-03-24 19:40:00,19.0,19.0,19.0,19.0,200
2026-03-24 19:45:00,18.941,19.0,18.941,19.0,6784
2026-03-24 19:50:00,18.9916,18.9916,18.9916,18.9916,500
2026-03-24 19:55:00,18.98,18.9826,18.98,18.9826,2342
2026-03-25 04:00:00,19.24,19.24,19.24,19.24,500
2026-03-25 04:05:00,19.24,19.29,19.22,19.24,4514
2026-03-25 04:10:00,19.24,19.39,19.24,19.37,1322
2026-03-25 04:15:00,19.39,19.4,19.37,19.38,1519
2026-03-25 04:20:00,19.44,19.44,19.42,19.42,1547
2026-03-25 04:25:00,19.4,19.4,19.4,19.4,1853
2026-03-25 04:30:00,19.4,19.4,19.4,19.4,500
2026-03-25 04:35:00,19.41,19.41,19.32,19.32,2264
2026-03-25 04:40:00,19.39,19.39,19.34,19.34,1866
2026-03-25 04:45:00,19.35,19.35,19.35,19.35,446
2026-03-25 04:50:00,19.28,19.28,19.2,19.2,2960
2026-03-25 04:55:00,19.19,19.19,19.19,19.19,200
2026-03-25 05:00:00,19.21,19.24,19.21,19.24,977
2026-03-25 05:05:00,19.24,19.24,19.24,19.24,420
2026-03-25 05:10:00,19.27,19.27,19.27,19.27,100
2026-03-25 05:15:00,19.27,19.27,19.27,19.27,784
2026-03-25 05:20:00,19.25,19.25,19.22,19.22,3029
2026-03-25 05:25:00,19.2,19.2,19.2,19.2,1664
2026-03-25 05:30:00,19.22,19.25,19.22,19.25,1036
2026-03-25 05:35:00,19.25,19.25,19.24,19.24,255
2026-03-25 05:40:00,19.21,19.21,19.21,19.21,631
2026-03-25 05:45:00,19.22,19.22,19.22,19.22,1590
2026-03-25 05:55:00,19.22,19.28,19.2,19.28,3977
2026-03-25 06:00:00,19.29,19.29,19.28,19.28,755
2026-03-25 06:05:00,19.25,19.25,19.25,19.25,640
2026-03-25 06:10:00,19.27,19.27,19.24,19.26,809
2026-03-25 06:15:00,19.25,19.26,19.25,19.25,1565
2026-03-25 06:20:00,19.23,19.23,19.22,19.22,1755
2026-03-25 06:25:00,19.21,19.21,19.2,19.2,1400
2026-03-25 06:30:00,19.18,19.18,19.18,19.18,307
2026-03-25 06:40:00,19.2,19.2,19.2,19.2,219
2026-03-25 06:45:00,19.2,19.22,19.2,19.22,3822
2026-03-25 06:50:00,19.24,19.24,19.23,19.23,1400
2026-03-25 06:55:00,19.23,19.23,19.23,19.23,1295
2026-03-25 07:00:00,19.21,19.21,19.17,19.18,5609
2026-03-25 07:05:00,19.2,19.22,19.2,19.22,2129
2026-03-25 07:15:00,19.22,19.27,19.22,19.27,738
2026-03-25 07:20:00,19.28,19.37,19.27,19.36,4569
2026-03-25 07:25:00,19.339,19.339,19.28,19.28,2635
2026-03-25 07:30:00,19.27,19.27,19.27,19.27,200
2026-03-25 07:35:00,19.3,19.36,19.3,19.36,3531
2026-03-25 07:40:00,19.33,19.33,19.32,19.32,419
2026-03-25 07:45:00,19.31,19.31,19.25,19.25,332
2026-03-25 07:50:00,19.23,19.24,19.2,19.2,2769
2026-03-25 07:55:00,19.2,19.2,19.19,19.19,382
2026-03-25 08:00:00,19.2048,19.42,18.92,19.22,21285
2026-03-25 08:05:00,19.1,19.27,18.95,19.27,5273
2026-03-25 08:10:00,19.27,19.28,19.27,19.28,432
2026-03-25 08:15:00,19.26,19.26,19.12,19.18,6828
2026-03-25 08:20:00,19.13,19.22,19.12,19.2,14515
2026-03-25 08:25:00,19.19,19.25,19.19,19.23,5780
2026-03-25 08:30:00,19.13,19.21,19.1248,19.21,2389
2026-03-25 08:35:00,19.22,19.379,19.22,19.37,9165
2026-03-25 08:40:00,19.36,19.36,19.3,19.3298,5176
2026-03-25 08:45:00,19.27,19.3217,19.27,19.3192,5398
2026-03-25 08:50:00,19.31,19.37,19.31,19.37,3284
2026-03-25 08:55:00,19.3703,19.4,19.35,19.36,5107
2026-03-25 09:00:00,19.35,19.46,19.33,19.44,6602
2026-03-25 09:05:00,19.41,19.44,19.38,19.38,3663
2026-03-25 09:10:00,19.38,19.39,19.3073,19.31,3699
2026-03-25 09:15:00,19.31,19.42,19.3,19.42,8861
2026-03-25 09:20:00,19.4,19.44,19.3621,19.3871,4060
2026-03-25 09:25:00,19.38,19.45,19.1891,19.1891,9446
2026-03-25 09:30:00,19.13,19.495,19.05,19.47,223572
2026-03-25 09:35:00,19.4501,19.82,19.41,19.4901,593993
2026-03-25 09:40:00,19.51,19.775,19.39,19.43,137320
2026-03-25 09:45:00,19.44,19.63,19.425,19.5589,237323
2026-03-25 09:50:00,19.52,19.67,19.4,19.515,233718
2026-03-25 09:55:00,19.5,19.57,19.455,19.465,39048
2026-03-25 10:00:00,19.46,19.55,19.37,19.52,68937
2026-03-25 10:05:00,19.5001,19.52,19.4,19.4201,54574
2026-03-25 10:10:00,19.41,19.54,19.36,19.54,39634
2026-03-25 10:15:00,19.55,19.58,19.31,19.31,34400
2026-03-25 10:20:00,19.33,19.41,19.28,19.32,31120
2026-03-25 10:25:00,19.305,19.595,19.285,19.53,59721
2026-03-25 10:30:00,19.52,19.61,19.47,19.5686,65949
2026-03-25 10:35:00,19.57,19.6002,19.49,19.6002,27258
2026-03-25 10:40:00,19.59,19.62,19.4501,19.48,41254
2026-03-25 10:45:00,19.47,19.61,19.47,19.56,15804
2026-03-25 10:50:00,19.55,19.58,19.52,19.56,28966
2026-03-25 10:55:00,19.53,19.575,19.46,19.49,36337
2026-03-25 11:00:00,19.4805,19.505,19.37,19.43,36342
2026-03-25 11:05:00,19.45,19.45,19.2,19.21,12442
2026-03-25 11:10:00,19.23,19.26,19.065,19.1,64676
2026-03-25 11:15:00,19.09,19.13,18.91,18.915,52169
2026-03-25 11:20:00,18.915,19.1082,18.905,19.08,43438
2026-03-25 11:25:00,19.03,19.155,19.015,19.15,18358
2026-03-25 11:30:00,19.14,19.2299,19.12,19.195,10141
2026-03-25 11:35:00,19.21,19.21,18.95,18.9603,40758
2026-03-25 11:40:00,18.95,18.96,18.73,18.7901,21074
2026-03-25 11:45:00,18.79,18.81,18.68,18.7,32922
2026-03-25 11:50:00,18.73,18.76,18.66,18.67,8301
2026-03-25 11:55:00,18.69,18.705,18.6093,18.65,17819
2026-03-25 12:00:00,18.665,18.7,18.595,18.605,25706
2026-03-25 12:05:00,18.6,18.65,18.54,18.64,33900
2026-03-25 12:10:00,18.6493,18.66,18.6,18.6199,8540
2026-03-25 12:15:00,18.61,18.635,18.59,18.63,4956
2026-03-25 12:20:00,18.68,18.84,18.6799,18.835,33417
2026-03-25 12:25:00,18.84,18.875,18.78,18.81,41586
2026-03-25 12:30:00,18.81,18.92,18.7812,18.865,14829
2026-03-25 12:35:00,18.875,18.919,18.791,18.835,7462
2026-03-25 12:40:00,18.83,18.88,18.83,18.865,3605
2026-03-25 12:45:00,18.8766,18.88,18.775,18.785,5588
2026-03-25 12:50:00,18.775,18.915,18.775,18.885,5868
2026-03-25 12:55:00,18.88,18.89,18.81,18.82,15208
2026-03-25 13:00:00,18.85,18.91,18.82,18.9,14053
2026-03-25 13:05:00,18.9,18.9,18.8,18.815,17212
2026-03-25 13:10:00,18.81,18.92,18.81,18.92,5280
2026-03-25 13:15:00,18.905,18.945,18.87,18.915,6079
2026-03-25 13:20:00,18.91,19.03,18.9099,19.03,25236
2026-03-25 13:25:00,19.03,19.0697,18.99,19.0,19300
2026-03-25 13:30:00,18.995,19.025,18.955,19.02,21564
2026-03-25 13:35:00,19.0,19.035,18.99,19.035,11160
2026-03-25 13:40:00,19.015,19.045,18.94,18.94,14454
2026-03-25 13:45:00,18.925,18.93,18.89,18.9,7930
2026-03-25 13:50:00,18.89,18.95,18.845,18.86,14966
2026-03-25 13:55:00,18.85,18.97,18.84,18.905,12142
2026-03-25 14:00:00,18.9,18.9,18.845,18.85,9880
2026-03-25 14:05:00,18.86,18.905,18.76,18.81,7399
2026-03-25 14:10:00,18.825,18.86,18.795,18.8,7789
2026-03-25 14:15:00,18.79,18.9,18.79,18.825,14062
2026-03-25 14:20:00,18.82,18.86,18.82,18.83,6974
2026-03-25 14:25:00,18.84,18.84,18.72,18.725,11887
2026-03-25 14:30:00,18.73,18.83,18.7,18.83,11913
2026-03-25 14:35:00,18.855,18.87,18.82,18.835,5630
2026-03-25 14:40:00,18.83,18.83,18.75,18.815,13566
2026-03-25 14:45:00,18.815,18.84,18.8,18.825,36447
2026-03-25 14:50:00,18.825,18.86,18.8,18.86,3416
2026-03-25 14:55:00,18.835,18.835,18.69,18.78,25787
2026-03-25 15:00:00,18.785,18.785,18.69,18.74,18753
2026-03-25 15:05:00,18.755,18.77,18.72,18.77,10378
2026-03-25 15:10:00,18.78,18.79,18.735,18.74,10289
2026-03-25 15:15:00,18.77,18.8399,18.77,18.83,13221
2026-03-25 15:20:00,18.82,18.84,18.79,18.82,5564
2026-03-25 15:25:00,18.83,18.85,18.74,18.74,12395
2026-03-25 15:30:00,18.745,18.755,18.7003,18.715,4814
2026-03-25 15:35:00,18.725,18.725,18.646,18.71,6036
2026-03-25 15:40:00,18.7,18.71,18.6899,18.6899,2701
2026-03-25 15:45:00,18.69,18.7385,18.675,18.71,16425
2026-03-25 15:50:00,18.71,18.71,18.605,18.64,38900
2026-03-25 15:55:00,18.64,18.66,18.55,18.57,49956
2026-03-25 16:00:00,18.58,18.6321,18.58,18.58,8051
2026-03-25 16:10:00,18.597,18.597,18.597,18.597,200
2026-03-25 16:15:00,18.59,18.59,18.57,18.57,2800
2026-03-25 16:20:00,18.55,18.55,18.55,18.55,350
2026-03-25 16:25:00,18.559,18.559,18.559,18.559,2000
2026-03-25 16:30:00,18.55,18.55,18.51,18.51,2092
2026-03-25 16:40:00,18.55,18.55,18.55,18.55,532
2026-03-25 16:45:00,18.55,18.55,18.55,18.55,1202
2026-03-25 16:50:00,18.56,18.65,18.56,18.65,9560
2026-03-25 16:55:00,18.59,18.6,18.59,18.6,227
2026-03-25 17:10:00,18.75,18.75,18.75,18.75,500
2026-03-25 17:25:00,18.72,18.72,18.72,18.72,200
2026-03-25 17:30:00,18.7385,18.7385,18.7385,18.7385,300
2026-03-25 17:35:00,18.6,18.6,18.6,18.6,100
2026-03-25 17:40:00,18.63,18.63,18.62,18.62,897
2026-03-25 17:45:00,18.6,18.6,18.6,18.6,100
2026-03-25 17:50:00,18.56,18.5743,18.56,18.5612,40091
2026-03-25 17:55:00,18.59,18.59,18.59,18.59,556
2026-03-25 18:05:00,18.55,18.55,18.53,18.53,26174
2026-03-25 18:10:00,18.53,18.53,18.51,18.52,22471
2026-03-25 18:15:00,18.52,18.529,18.52,18.529,469
2026-03-25 18:20:00,18.5261,18.5261,18.5,18.5,3108
2026-03-25 18:25:00,18.52,18.52,18.52,18.52,100
2026-03-25 18:30:00,18.49,18.49,18.49,18.49,1167
2026-03-25 18:35:00,18.5,18.5,18.49,18.49,420
2026-03-25 18:45:00,18.51,18.51,18.51,18.51,100
2026-03-25 18:50:00,18.4809,18.4809,18.47,18.47,1860
2026-03-25 18:55:00,18.47,18.47,18.45,18.47,1300
2026-03-25 19:00:00,18.4761,18.4761,18.4761,18.4761,200
2026-03-25 19:15:00,18.46,18.46,18.41,18.41,1000
2026-03-25 19:25:00,18.43,18.43,18.43,18.43,172
2026-03-25 19:50:00,18.45,18.45,18.43,18.43,437
2026-03-25 19:55:00,18.4,18.41,18.4,18.4,17747
2026-03-26 04:00:00,18.37,18.39,18.37,18.39,1065
2026-03-26 04:05:00,18.36,18.36,18.23,18.23,550
2026-03-26 04:10:00,18.22,18.22,18.12,18.12,1512
2026-03-26 04:15:00,18.18,18.18,18.18,18.18,1242
2026-03-26 04:20:00,18.24,18.25,18.24,18.25,617
2026-03-26 04:25:00,18.21,18.21,18.21,18.21,100
2026-03-26 04:30:00,18.23,18.23,18.2,18.2,893
2026-03-26 04:40:00,18.18,18.21,18.14,18.14,1303
2026-03-26 04:45:00,18.16,18.16,18.15,18.15,700
2026-03-26 04:50:00,18.14,18.2,18.14,18.2,1090
2026-03-26 04:55:00,18.19,18.19,18.19,18.19,450
2026-03-26 05:00:00,18.18,18.2,18.18,18.2,400
2026-03-26 05:05:00,18.24,18.26,18.22,18.22,631
2026-03-26 05:10:00,18.23,18.23,18.23,18.23,100
2026-03-26 05:15:00,18.14,18.14,18.13,18.13,1754
2026-03-26 05:20:00,18.13,18.13,18.13,18.13,2089
2026-03-26 05:30:00,18.12,18.12,18.01,18.04,5908
2026-03-26 05:35:00,18.04,18.04,18.0,18.02,3951
2026-03-26 05:40:00,18.0,18.05,18.0,18.05,1846
2026-03-26 05:45:00,18.03,18.04,18.03,18.04,2774
2026-03-26 05:50:00,18.05,18.05,18.05,18.05,3320
2026-03-26 05:55:00,18.09,18.1,18.09,18.09,400
2026-03-26 06:00:00,18.09,18.12,18.08,18.12,686
2026-03-26 06:10:00,18.15,18.17,18.15,18.17,1601
2026-03-26 06:15:00,18.19,18.21,18.19,18.21,1695
2026-03-26 06:20:00,18.19,18.19,18.18,18.18,257
2026-03-26 06:25:00,18.2,18.21,18.2,18.21,1052
2026-03-26 06:30:00,18.24,18.24,18.24,18.24,855
2026-03-26 06:35:00,18.25,18.25,18.17,18.17,598
2026-03-26 06:45:00,18.15,18.15,18.15,18.15,325
2026-03-26 07:00:00,18.18,18.19,18.14,18.14,5929
2026-03-26 07:05:00,18.199,18.199,18.19,18.19,2125
2026-03-26 07:10:00,18.19,18.19,18.16,18.16,1667
2026-03-26 07:15:00,18.17,18.17,18.17,18.17,1300
2026-03-26 07:20:00,18.11,18.12,18.11,18.12,1800
2026-03-26 07:25:00,18.03,18.05,18.01,18.04,2167
2026-03-26 07:30:00,18.04,18.04,18.01,18.01,3717
2026-03-26 07:35:00,18.0,18.0,17.95,17.95,2137
2026-03-26 07:40:00,17.93,17.93,17.87,17.87,4515
2026-03-26 07:45:00,17.87,17.9,17.87,17.88,1654
2026-03-26 07:50:00,17.87,17.88,17.82,17.82,22731
2026-03-26 07:55:00,17.87,17.87,17.86,17.86,451
2026-03-26 08:00:00,18.18,18.63,17.8,17.83,148221
2026-03-26 08:05:00,17.87,18.44,17.87,17.95,7627
2026-03-26 08:10:00,17.95,18.0,17.95,18.0,1369
2026-03-26 08:15:00,17.96,17.99,17.94,17.94,3992
2026-03-26 08:20:00,17.93,17.98,17.92,17.98,1770
2026-03-26 08:25:00,17.9163,17.92,17.9163,17.92,200
2026-03-26 08:30:00,17.9,17.9,17.87,17.87,2600
2026-03-26 08:35:00,17.8258,17.96,17.8258,17.96,5579
2026-03-26 08:40:00,17.95,17.95,17.91,17.939,1074
2026-03-26 08:45:00,17.99,18.01,17.98,18.009,6924
2026-03-26 08:50:00,17.98,18.01,17.98,17.98,6305
2026-03-26 08:55:00,18.01,18.03,17.9723,18.02,2953
2026-03-26 09:00:00,18.05,18.06,18.01,18.01,2551
2026-03-26 09:05:00,17.99,18.01,17.97,18.01,600
2026-03-26 09:10:00,18.0,18.01,18.0,18.01,200
2026-03-26 09:15:00,17.99,18.0496,17.99,18.0496,1081
2026-03-26 09:20:00,18.02,18.03,18.0002,18.0002,1455
2026-03-26 09:25:00,18.01,18.18,18.01,18.09,5094
2026-03-26 09:30:00,18.07,18.08,17.29,17.36,156085
2026-03-26 09:35:00,17.36,17.44,17.28,17.32,93418
2026-03-26 09:40:00,17.31,17.52,17.3,17.511,65135
2026-03-26 09:45:00,17.52,17.58,17.37,17.51,74940
2026-03-26 09:50:00,17.5,17.71,17.5,17.705,54295
2026-03-26 09:55:00,17.7,17.7,17.38,17.53,76606
2026-03-26 10:00:00,17.56,17.6901,17.54,17.615,179050
2026-03-26 10:05:00,17.61,17.69,17.52,17.55,194969
2026-03-26 10:10:00,17.57,17.665,17.54,17.65,88611
2026-03-26 10:15:00,17.645,17.71,17.58,17.58,23123
2026-03-26 10:20:00,17.59,17.66,17.5789,17.63,34453
2026-03-26 10:25:00,17.6193,17.655,17.575,17.5899,17560
2026-03-26 10:30:00,17.58,17.63,17.55,17.57,27704
2026-03-26 10:35:00,17.61,17.61,17.345,17.415,39472
2026-03-26 10:40:00,17.42,17.54,17.17,17.19,73695
2026-03-26 10:45:00,17.17,17.215,17.015,17.05,66726
2026-03-26 10:50:00,17.07,17.11,16.9903,17.04,48428
2026-03-26 10:55:00,17.03,17.205,16.96,17.1998,57737
2026-03-26 11:00:00,17.21,17.26,17.17,17.19,211652
2026-03-26 11:05:00,17.18,17.265,17.12,17.21,33395
2026-03-26 11:10:00,17.22,17.25,17.17,17.18,88743
2026-03-26 11:15:00,17.18,17.22,17.14,17.16,109454
2026-03-26 11:20:00,17.16,17.23,17.155,17.22,10440
2026-03-26 11:25:00,17.22,17.32,17.22,17.2699,175630
2026-03-26 11:30:00,17.245,17.285,17.2001,17.23,193170
2026-03-26 11:35:00,17.245,17.33,17.23,17.33,10803
2026-03-26 11:40:00,17.33,17.45,17.31,17.45,157094
2026-03-26 11:45:00,17.475,17.595,17.475,17.58,47672
2026-03-26 11:50:00,17.575,17.7,17.57,17.68,51531
2026-03-26 11:55:00,17.675,17.6914,17.63,17.67,19206
2026-03-26 12:00:00,17.67,17.72,17.64,17.655,46858
2026-03-26 12:05:00,17.67,17.67,17.605,17.6289,28542
2026-03-26 12:10:00,17.6199,17.62,17.485,17.502,184770
2026-03-26 12:15:00,17.49,17.49,17.355,17.47,23989
2026-03-26 12:20:00,17.47,17.475,17.36,17.385,11117
2026-03-26 12:25:00,17.395,17.395,17.208,17.208,20220
2026-03-26 12:30:00,17.2,17.22,17.14,17.15,23474
2026-03-26 12:35:00,17.16,17.185,17.13,17.13,16774
2026-03-26 12:40:00,17.13,17.16,17.0799,17.095,13160
2026-03-26 12:45:00,17.11,17.11,17.04,17.06,17588
2026-03-26 12:50:00,17.05,17.12,17.0393,17.105,19387
2026-03-26 12:55:00,17.11,17.11,17.06,17.1,10102
2026-03-26 13:00:00,17.105,17.19,17.105,17.16,15229
2026-03-26 13:05:00,17.15,17.15,17.115,17.14,6999
2026-03-26 13:10:00,17.13,17.155,17.08,17.1,6731
2026-03-26 13:15:00,17.1,17.21,17.1,17.21,7188
2026-03-26 13:20:00,17.195,17.195,17.14,17.14,4821
2026-03-26 13:25:00,17.13,17.148,17.105,17.148,18951
2026-03-26 13:30:00,17.15,17.27,17.145,17.26,13215
2026-03-26 13:35:00,17.27,17.279,17.23,17.23,15387
2026-03-26 13:40:00,17.22,17.22,17.03,17.03,30723
2026-03-26 13:45:00,17.01,17.0601,17.01,17.01,27986
2026-03-26 13:50:00,17.0,17.0,16.87,16.9,32330
2026-03-26 13:55:00,16.905,16.92,16.79,16.825,21956
2026-03-26 14:00:00,16.83,16.96,16.83,16.91,39550
2026-03-26 14:05:00,16.925,16.97,16.925,16.96,30882
2026-03-26 14:10:00,16.96,17.06,16.96,17.035,18463
2026-03-26 14:15:00,17.03,17.03,16.975,17.01,7193
2026-03-26 14:20:00,17.02,17.12,16.99,17.12,17001
2026-03-26 14:25:00,17.125,17.14,16.96,16.9738,23065
2026-03-26 14:30:00,16.99,17.01,16.945,16.995,22148
2026-03-26 14:35:00,17.02,17.04,16.99,17.04,4348
2026-03-26 14:40:00,17.04,17.04,16.925,16.95,5390
2026-03-26 14:45:00,16.95,16.97,16.93,16.96,12512
2026-03-26 14:50:00,16.95,17.025,16.93,17.005,12705
2026-03-26 14:55:00,16.98,16.995,16.93,16.98,10361
2026-03-26 15:00:00,16.97,17.0,16.94,16.95,8936
2026-03-26 15:05:00,16.96,16.975,16.89,16.9099,10379
2026-03-26 15:10:00,16.905,16.94,16.895,16.92,7564
2026-03-26 15:15:00,16.92,16.965,16.91,16.955,7019
2026-03-26 15:20:00,16.94,16.9699,16.93,16.94,7918
2026-03-26 15:25:00,16.94,16.94,16.87,16.87,20884
2026-03-26 15:30:00,16.895,16.91,16.8205,16.91,11210
2026-03-26 15:35:00,16.92,16.995,16.915,16.92,61941
2026-03-26 15:40:00,16.925,16.97,16.92,16.95,9645
2026-03-26 15:45:00,16.94,16.95,16.8688,16.895,94222
2026-03-26 15:50:00,16.85,16.87,16.71,16.74,44252
2026-03-26 15:55:00,16.74,16.8,16.725,16.8,140290
2026-03-26 16:00:00,16.79,16.79,16.71,16.73,7390
2026-03-26 16:05:00,16.72,16.76,16.7197,16.74,2313
2026-03-26 16:10:00,16.77,17.03,16.73,16.94,13079
2026-03-26 16:15:00,16.9,16.95,16.9,16.95,8064
2026-03-26 16:20:00,17.0183,17.0183,16.99,16.99,567
2026-03-26 16:25:00,16.91,16.91,16.89,16.89,2441
2026-03-26 16:30:00,16.9294,16.9294,16.9294,16.9294,500
2026-03-26 16:40:00,16.98,16.98,16.9,16.9,2722
2026-03-26 16:45:00,16.89,16.89,16.89,16.89,200
2026-03-26 16:50:00,16.9707,16.9707,16.88,16.89,1410
2026-03-26 16:55:00,16.8182,16.8182,16.8182,16.8182,300
2026-03-26 17:00:00,16.89,16.89,16.82,16.82,293
2026-03-26 17:05:00,16.8382,16.907,16.8382,16.907,329
2026-03-26 17:15:00,16.9,16.9046,16.88,16.88,1350
2026-03-26 17:20:00,16.87,16.89,16.85,16.89,2329
2026-03-26 17:25:00,16.82,16.82,16.82,16.82,600
2026-03-26 17:30:00,16.85,16.85,16.85,16.85,800
2026-03-26 17:35:00,16.85,16.85,16.85,16.85,2998
2026-03-26 17:40:00,16.91,16.91,16.9,16.9,1192
2026-03-26 17:45:00,16.86,16.86,16.86,16.86,600
2026-03-26 17:50:00,16.831,16.831,16.831,16.831,458
2026-03-26 18:10:00,16.89,16.89,16.871,16.88,1428
2026-03-26 18:15:00,16.93,16.93,16.93,16.93,130
2026-03-26 18:20:00,16.9,16.9,16.9,16.9,620
2026-03-26 18:30:00,16.9,16.91,16.9,16.91,700
2026-03-26 18:35:00,16.87,16.88,16.87,16.88,209
2026-03-26 18:40:00,16.9,16.92,16.89,16.92,1996
2026-03-26 18:45:00,16.9251,16.9251,16.9251,16.9251,100
2026-03-26 18:50:00,16.9013,16.91,16.9013,16.91,200
2026-03-26 18:55:00,16.89,16.9037,16.88,16.88,950
2026-03-26 19:00:00,16.89,16.89,16.89,16.89,100
2026-03-26 19:05:00,16.9,16.9,16.9,16.9,230
2026-03-26 19:10:00,16.86,16.86,16.82,16.82,5845
2026-03-26 19:15:00,16.85,16.86,16.85,16.86,660
2026-03-26 19:25:00,16.83,16.83,16.83,16.83,602
2026-03-26 19:35:00,16.85,16.85,16.85,16.85,100
2026-03-26 19:40:00,16.8495,16.8495,16.8495,16.8495,200
2026-03-26 19:45:00,16.8358,16.8358,16.8204,16.8204,2500
2026-03-26 19:50:00,16.83,16.84,16.82,16.84,1604
2026-03-26 19:55:00,16.83,16.8305,16.83,16.8305,600
2026-03-27 04:00:00,16.96,17.0,16.96,16.96,2538
2026-03-27 04:05:00,16.96,16.96,16.9,16.9,1603
2026-03-27 04:10:00,16.94,16.94,16.94,16.94,130
2026-03-27 04:20:00,16.87,16.87,16.86,16.86,1167
2026-03-27 04:25:00,16.84,16.84,16.84,16.84,100
2026-03-27 04:30:00,16.84,16.84,16.82,16.82,212
2026-03-27 04:35:00,16.76,16.8,16.76,16.76,958
2026-03-27 04:40:00,16.72,16.74,16.72,16.74,532
2026-03-27 04:45:00,16.77,16.77,16.77,16.77,100
2026-03-27 04:50:00,16.75,16.75,16.75,16.75,516
2026-03-27 05:00:00,16.73,16.73,16.7,16.7,320
2026-03-27 05:05:00,16.58,16.58,16.58,16.58,240
2026-03-27 05:10:00,16.51,16.6,16.46,16.59,5395
2026-03-27 05:15:00,16.62,16.66,16.62,16.66,2324
2026-03-27 05:25:00,16.62,16.7,16.62,16.68,728
2026-03-27 05:30:00,16.69,16.69,16.69,16.69,200
2026-03-27 05:35:00,16.7,16.7,16.66,16.66,2264
2026-03-27 05:40:00,16.67,16.67,16.67,16.67,4394
2026-03-27 05:45:00,16.64,16.64,16.63,16.63,2464
2026-03-27 05:50:00,16.64,16.64,16.62,16.62,2106
2026-03-27 05:55:00,16.61,16.61,16.61,16.61,104
2026-03-27 06:00:00,16.6,16.6,16.58,16.58,1667
2026-03-27 06:05:00,16.6,16.61,16.6,16.61,452
2026-03-27 06:10:00,16.62,16.62,16.62,16.62,214
2026-03-27 06:15:00,16.6,16.6,16.6,16.6,777
2026-03-27 06:20:00,16.57,16.57,16.57,16.57,1075
2026-03-27 06:25:00,16.57,16.58,16.57,16.58,804
2026-03-27 06:30:00,16.58,16.59,16.53,16.53,1891
2026-03-27 06:35:00,16.56,16.56,16.5,16.5,728
2026-03-27 06:40:00,16.44,16.48,16.44,16.48,3888
2026-03-27 06:45:00,16.47,16.47,16.38,16.38,3209
2026-03-27 06:50:00,16.4,16.4,16.37,16.37,1012
2026-03-27 06:55:00,16.31,16.32,16.31,16.32,1318
2026-03-27 07:00:00,16.35,16.39,16.22,16.22,4652
2026-03-27 07:05:00,16.23,16.27,16.19,16.27,4214
2026-03-27 07:15:00,16.32,16.35,16.32,16.35,300
2026-03-27 07:20:00,16.34,16.36,16.34,16.36,685
2026-03-27 07:25:00,16.37,16.39,16.37,16.39,964
2026-03-27 07:30:00,16.35,16.36,16.33,16.33,772
2026-03-27 07:35:00,16.33,16.36,16.33,16.34,4929
2026-03-27 07:40:00,16.34,16.36,16.34,16.36,9180
2026-03-27 07:45:00,16.37,16.4,16.36,16.4,3571
2026-03-27 07:50:00,16.37,16.37,16.34,16.34,2158
2026-03-27 07:55:00,16.37,16.37,16.25,16.25,2673
2026-03-27 08:00:00,16.35,17.19,16.1947,17.0,86424
2026-03-27 08:05:00,16.1,16.1,16.01,16.03,6044
2026-03-27 08:10:00,16.01,16.08,15.97,16.0589,20048
2026-03-27 08:15:00,16.0798,16.12,16.07,16.12,2609
2026-03-27 08:20:00,16.15,16.22,16.15,16.2,7415
2026-03-27 08:25:00,16.2,16.2,16.14,16.18,1379
2026-03-27 08:30:00,16.1425,16.2,16.1425,16.18,9520
2026-03-27 08:35:00,16.13,16.13,16.08,16.11,1161
2026-03-27 08:40:00,16.1352,16.17,16.1,16.1,6928
2026-03-27 08:45:00,16.14,16.1434,16.02,16.02,2981
2026-03-27 08:50:00,16.03,16.1091,16.03,16.1091,2416
2026-03-27 08:55:00,16.06,16.06,16.039,16.039,900
2026-03-27 09:00:00,16.019,16.03,15.96,16.03,6657
2026-03-27 09:05:00,16.04,16.1,16.04,16.1,3870
2026-03-27 09:10:00,16.05,16.07,16.01,16.07,2805
2026-03-27 09:15:00,16.07,16.19,16.0502,16.19,4325
2026-03-27 09:20:00,16.26,16.2886,16.24,16.249,6437
2026-03-27 09:25:00,16.34,16.41,16.3,16.38,9141
2026-03-27 09:30:00,16.395,16.395,16.065,16.12,120693
2026-03-27 09:35:00,16.12,16.29,15.92,16.23,72454
2026-03-27 09:40:00,16.22,16.23,16.1,16.19,33838
2026-03-27 09:45:00,16.2,16.28,16.09,16.18,42157
2026-03-27 09:50:00,16.175,16.19,15.6901,15.71,128279
2026-03-27 09:55:00,15.69,15.71,15.415,15.49,81254
2026-03-27 10:00:00,15.47,15.69,15.46,15.655,95625
2026-03-27 10:05:00,15.67,15.77,15.64,15.72,31136
2026-03-27 10:10:00,15.725,15.82,15.67,15.75,44725
2026-03-27 10:15:00,15.72,15.85,15.71,15.85,30753
2026-03-27 10:20:00,15.86,15.88,15.755,15.85,26461
2026-03-27 10:25:00,15.87,15.89,15.77,15.82,19676
2026-03-27 10:30:00,15.84,15.9,15.78,15.87,21308
2026-03-27 10:35:00,15.87,15.87,15.72,15.775,33405
2026-03-27 10:40:00,15.76,15.85,15.75,15.81,9408
2026-03-27 10:45:00,15.815,15.9,15.7,15.9,34398
2026-03-27 10:50:00,15.89,15.98,15.875,15.94,11763
2026-03-27 10:55:00,15.94,15.94,15.81,15.835,16348
2026-03-27 11:00:00,15.84,16.04,15.84,16.025,16823
2026-03-27 11:05:00,16.0199,16.07,16.005,16.05,15887
2026-03-27 11:10:00,16.07,16.07,16.005,16.0076,17081
2026-03-27 11:15:00,16.0,16.0,15.8934,15.91,14030
2026-03-27 11:20:00,15.921,16.13,15.85,16.03,43459
2026-03-27 11:25:00,16.05,16.23,16.04,16.22,34802
2026-03-27 11:30:00,16.2301,16.34,16.2,16.32,48039
2026-03-27 11:35:00,16.32,16.34,16.26,16.27,17954
2026-03-27 11:40:00,16.25,16.2532,16.12,16.1996,16629
2026-03-27 11:45:00,16.21,16.26,16.21,16.25,3148
2026-03-27 11:50:00,16.295,16.295,16.19,16.19,2430
2026-03-27 11:55:00,16.185,16.2201,16.175,16.18,4721
2026-03-27 12:00:00,16.19,16.19,16.07,16.125,4004
2026-03-27 12:05:00,16.12,16.125,16.02,16.02,1805
2026-03-27 12:10:00,16.02,16.05,16.0,16.03,11819
2026-03-27 12:15:00,16.005,16.005,15.97,15.99,3178
2026-03-27 12:20:00,16.0096,16.0096,15.94,15.94,2480
2026-03-27 12:25:00,15.915,15.93,15.8899,15.89,4255
2026-03-27 12:30:00,15.91,15.925,15.875,15.895,17099
2026-03-27 12:35:00,15.9,15.91,15.845,15.85,147761
2026-03-27 12:40:00,15.845,15.89,15.8,15.87,19873
2026-03-27 12:45:00,15.86,15.92,15.86,15.9,107182
2026-03-27 12:50:00,15.89,15.89,15.81,15.85,21056
2026-03-27 12:55:00,15.84,15.845,15.815,15.835,4906
2026-03-27 13:00:00,15.82,15.82,15.755,15.795,15256
2026-03-27 13:05:00,15.78,15.9,15.7501,15.84,17422
2026-03-27 13:10:00,15.82,15.82,15.73,15.78,16460
2026-03-27 13:15:00,15.77,15.7899,15.73,15.74,12521
2026-03-27 13:20:00,15.71,15.79,15.7,15.79,5495
2026-03-27 13:25:00,15.785,15.785,15.66,15.68,10393
2026-03-27 13:30:00,15.675,15.81,15.675,15.81,11613
2026-03-27 13:35:00,15.82,15.8398,15.785,15.8,7866
2026-03-27 13:40:00,15.8,15.8,15.73,15.75,17063
2026-03-27 13:45:00,15.75,15.785,15.72,15.755,14750
2026-03-27 13:50:00,15.75,15.76,15.71,15.715,4899
2026-03-27 13:55:00,15.73,15.73,15.685,15.715,2248
2026-03-27 14:00:00,15.735,15.7793,15.735,15.745,8512
2026-03-27 14:05:00,15.755,15.77,15.695,15.695,10888
2026-03-27 14:10:00,15.7,15.83,15.7,15.83,24109
2026-03-27 14:15:00,15.83,15.91,15.83,15.91,11878
2026-03-27 14:20:00,15.93,15.94,15.84,15.87,53463
2026-03-27 14:25:00,15.875,15.875,15.855,15.855,4444
2026-03-27 14:30:00,15.86,15.87,15.825,15.87,88808
2026-03-27 14:35:00,15.87,15.87,15.785,15.81,14543
2026-03-27 14:40:00,15.8,15.88,15.78,15.8,12923
2026-03-27 14:45:00,15.81,15.82,15.755,15.76,5636
2026-03-27 14:50:00,15.78,15.78,15.71,15.74,23021
2026-03-27 14:55:00,15.73,15.73,15.68,15.715,20906
2026-03-27 15:00:00,15.735,15.7496,15.68,15.6801,7222
2026-03-27 15:05:00,15.6901,15.695,15.6599,15.6599,7064
2026-03-27 15:10:00,15.6701,15.74,15.66,15.725,21763
2026-03-27 15:15:00,15.72,15.8,15.72,15.795,14365
2026-03-27 15:20:00,15.765,15.8,15.76,15.7799,11455
2026-03-27 15:25:00,15.77,15.78,15.755,15.775,4153
2026-03-27 15:30:00,15.79,15.8583,15.78,15.83,16845
2026-03-27 15:35:00,15.82,15.825,15.79,15.79,4869
2026-03-27 15:40:00,15.775,15.79,15.705,15.755,12572
2026-03-27 15:45:00,15.75,15.76,15.7,15.72,18987
2026-03-27 15:50:00,15.72,15.753,15.6325,15.733,53136
2026-03-27 15:55:00,15.74,15.805,15.73,15.76,19124
2026-03-27 16:00:00,15.77,15.77,15.66,15.67,10474
2026-03-27 16:05:00,15.68,15.7,15.64,15.64,2571
2026-03-27 16:10:00,15.65,15.65,15.63,15.63,1654
2026-03-27 16:15:00,15.63,15.63,15.55,15.58,1206
2026-03-27 16:20:00,15.58,15.58,15.55,15.56,891
2026-03-27 16:25:00,15.6,15.6,15.58,15.58,3088
2026-03-27 16:30:00,15.6,15.6,15.59,15.59,800
2026-03-27 16:35:00,15.62,15.62,15.61,15.61,585
2026-03-27 16:40:00,15.62,15.66,15.62,15.66,1066
2026-03-27 16:45:00,15.61,15.61,15.61,15.61,300
2026-03-27 16:55:00,15.62,15.62,15.61,15.61,372
2026-03-27 17:00:00,15.61,15.61,15.581,15.61,1506
2026-03-27 17:05:00,15.61,15.61,15.61,15.61,100
2026-03-27 17:10:00,15.6,15.6,15.6,15.6,100
2026-03-27 17:15:00,15.6,15.6,15.58,15.58,2623
2026-03-27 17:20:00,15.6,15.6061,15.6,15.6061,1874
2026-03-27 17:25:00,15.5802,15.6061,15.5802,15.6061,400
2026-03-27 17:30:00,15.59,15.59,15.58,15.58,2171
2026-03-27 17:35:00,15.6,15.61,15.6,15.61,1804
2026-03-27 17:40:00,15.6383,15.6383,15.6383,15.6383,100
2026-03-27 17:45:00,15.62,15.64,15.62,15.63,1525
2026-03-27 17:50:00,15.6,15.6,15.6,15.6,5100
2026-03-27 17:55:00,15.6291,15.6291,15.59,15.6,2547
2026-03-27 18:00:00,15.62,15.62,15.6,15.6,366
2026-03-27 18:05:00,15.6,15.6,15.58,15.58,1520
2026-03-27 18:10:00,15.59,15.59,15.59,15.59,128
2026-03-27 18:25:00,15.53,15.53,15.53,15.53,350
2026-03-27 18:30:00,15.58,15.58,15.5078,15.54,1175
2026-03-27 18:35:00,15.51,15.53,15.51,15.53,833
2026-03-27 18:40:00,15.52,15.54,15.52,15.54,300
2026-03-27 18:45:00,15.52,15.52,15.52,15.52,127
2026-03-27 18:50:00,15.55,15.55,15.5,15.5,1258
2026-03-27 19:05:00,15.5,15.5783,15.5,15.5018,999
2026-03-27 19:10:00,15.5,15.51,15.48,15.49,1223
2026-03-27 19:20:00,15.5,15.5,15.3602,15.3652,26718
2026-03-27 19:25:00,15.4,15.4,15.38,15.3987,16646
2026-03-27 19:30:00,15.4,15.4,15.4,15.4,4458
2026-03-27 19:35:00,15.4,15.4,15.39,15.39,4225
2026-03-27 19:45:00,15.38,15.39,15.3478,15.3478,3810
2026-03-27 19:55:00,15.4,15.4,15.4,15.4,250
2026-03-30 04:00:00,15.4,15.8,15.4,15.75,10895
2026-03-30 04:05:00,15.73,15.8,15.73,15.8,457
2026-03-30 04:10:00,15.8,15.85,15.8,15.83,5518
2026-03-30 04:15:00,15.87,15.89,15.87,15.89,2731
2026-03-30 04:20:00,15.86,15.9,15.86,15.9,2567
2026-03-30 04:25:00,15.85,15.88,15.85,15.88,1306
2026-03-30 04:30:00,15.9,15.94,15.9,15.94,1429
2026-03-30 04:35:00,15.92,15.92,15.9,15.9,300
2026-03-30 04:40:00,15.89,15.89,15.87,15.87,1278
2026-03-30 04:45:00,15.87,15.87,15.85,15.85,245
2026-03-30 04:55:00,15.88,15.88,15.86,15.87,1200
2026-03-30 05:00:00,15.86,15.87,15.86,15.87,1008
2026-03-30 05:10:00,15.89,15.89,15.86,15.86,780
2026-03-30 05:15:00,15.82,15.82,15.8,15.8,1696
2026-03-30 05:20:00,15.78,15.78,15.77,15.78,960
2026-03-30 05:25:00,15.77,15.77,15.77,15.77,200
2026-03-30 05:30:00,15.78,15.78,15.7615,15.7615,628
2026-03-30 05:50:00,15.72,15.72,15.72,15.72,100
2026-03-30 05:55:00,15.71,15.71,15.71,15.71,100
2026-03-30 06:00:00,15.7,15.7,15.7,15.7,2022
2026-03-30 06:05:00,15.71,15.71,15.71,15.71,100
2026-03-30 06:10:00,15.73,15.73,15.7,15.7,300
2026-03-30 06:15:00,15.69,15.69,15.69,15.69,1091
2026-03-30 06:20:00,15.72,15.72,15.72,15.72,1280
2026-03-30 06:25:00,15.73,15.73,15.73,15.73,100
2026-03-30 06:30:00,15.72,15.72,15.67,15.67,753
2026-03-30 06:35:00,15.62,15.62,15.62,15.62,328
2026-03-30 06:40:00,15.63,15.63,15.62,15.62,2762
2026-03-30 06:50:00,15.68,15.72,15.68,15.71,1060
2026-03-30 06:55:00,15.68,15.68,15.68,15.68,949
2026-03-30 07:00:00,15.71,15.78,15.67,15.7614,62575
2026-03-30 07:05:00,15.75,15.77,15.73,15.76,99545
2026-03-30 07:10:00,15.7614,15.7614,15.72,15.72,56636
2026-03-30 07:15:00,15.73,15.8,15.725,15.8,3037
2026-03-30 07:20:00,15.86,15.91,15.86,15.9053,16895
2026-03-30 07:25:00,15.9293,16.11,15.89,15.97,45629
2026-03-30 07:30:00,15.97,15.97,15.8786,15.8786,4436
2026-03-30 07:35:00,15.92,15.9535,15.89,15.95,2887
2026-03-30 07:40:00,15.93,15.93,15.91,15.9217,2751
2026-03-30 07:45:00,15.91,15.91,15.88,15.88,200
2026-03-30 07:55:00,15.86,15.9,15.86,15.9,510
2026-03-30 08:05:00,15.9,15.9,15.9,15.9,180
2026-03-30 08:10:00,15.91,15.91,15.91,15.91,100
2026-03-30 08:15:00,15.89,15.89,15.89,15.89,100
2026-03-30 08:20:00,15.96,15.9774,15.9378,15.97,15783
2026-03-30 08:25:00,15.97,16.0,15.97,15.9843,15468
2026-03-30 08:30:00,16.0,16.0,15.98,15.99,3059
2026-03-30 08:35:00,16.0,16.0,15.9974,15.9974,1250
2026-03-30 08:40:00,16.0,16.0,15.99,16.0,1954
2026-03-30 08:45:00,16.0,16.01,16.0,16.01,3910
2026-03-30 08:50:00,16.0,16.0,15.99,16.0,2252
2026-03-30 08:55:00,16.011,16.04,16.011,16.04,332
2026-03-30 09:00:00,16.06,16.07,16.0452,16.06,6269
2026-03-30 09:05:00,16.06,16.06,16.0,16.0,1599
2026-03-30 09:10:00,16.02,16.049,16.02,16.049,500
2026-03-30 09:15:00,16.04,16.04,16.03,16.03,4719
2026-03-30 09:20:00,16.0,16.07,16.0,16.07,3699
2026-03-30 09:25:00,16.04,16.06,15.8,15.809,7219
2026-03-30 09:30:00,15.8,15.96,15.55,15.79,87614
2026-03-30 09:35:00,15.79,15.845,15.535,15.6,56388
2026-03-30 09:40:00,15.58,15.6784,15.491,15.63,61949
2026-03-30 09:45:00,15.65,15.72,15.56,15.56,45516
2026-03-30 09:50:00,15.56,15.7501,15.55,15.625,115081
2026-03-30 09:55:00,15.61,15.64,15.25,15.27,58444
2026-03-30 10:00:00,15.27,15.33,15.09,15.2634,61640
2026-03-30 10:05:00,15.25,15.41,15.13,15.41,30328
2026-03-30 10:10:00,15.41,15.47,15.35,15.43,29219
2026-03-30 10:15:00,15.45,15.47,15.35,15.39,37798
2026-03-30 10:20:00,15.4,15.49,15.39,15.47,19077
2026-03-30 10:25:00,15.45,15.46,15.24,15.25,48179
2026-03-30 10:30:00,15.24,15.37,15.225,15.3,53748
2026-03-30 10:35:00,15.325,15.325,15.22,15.28,22031
2026-03-30 10:40:00,15.29,15.32,15.1,15.16,45601
2026-03-30 10:45:00,15.155,15.35,15.14,15.31,76935
2026-03-30 10:50:00,15.32,15.37,15.26,15.36,31723
2026-03-30 10:55:00,15.31,15.535,15.3,15.53,31302
2026-03-30 11:00:00,15.53,15.6,15.53,15.6,27819
2026-03-30 11:05:00,15.65,15.66,15.51,15.52,26001
2026-03-30 11:10:00,15.57,15.575,15.43,15.43,32692
2026-03-30 11:15:00,15.44,15.455,15.39,15.39,13678
2026-03-30 11:20:00,15.4,15.4,15.33,15.375,27603
2026-03-30 11:25:00,15.385,15.52,15.385,15.495,32203
2026-03-30 11:30:00,15.515,15.56,15.4699,15.54,19550
2026-03-30 11:35:00,15.55,15.65,15.54,15.55,26231
2026-03-30 11:40:00,15.53,15.59,15.52,15.58,86798
2026-03-30 11:45:00,15.58,15.61,15.54,15.59,61796
2026-03-30 11:50:00,15.61,15.6705,15.6,15.65,17596
2026-03-30 11:55:00,15.63,15.635,15.51,15.515,40298
2026-03-30 12:00:00,15.53,15.53,15.39,15.39,11442
2026-03-30 12:05:00,15.395,15.41,15.37,15.41,11420
2026-03-30 12:10:00,15.41,15.475,15.41,15.4507,6659
2026-03-30 12:15:00,15.45,15.45,15.34,15.355,24964
2026-03-30 12:20:00,15.38,15.38,15.34,15.34,12028
2026-03-30 12:25:00,15.355,15.37,15.265,15.265,13600
2026-03-30 12:30:00,15.265,15.27,15.21,15.26,22171
2026-03-30 12:35:00,15.25,15.28,15.23,15.28,9655
2026-03-30 12:40:00,15.255,15.265,15.23,15.24,12317
2026-03-30 12:45:00,15.23,15.24,15.19,15.195,6092
2026-03-30 12:50:00,15.2,15.265,15.1945,15.1945,9947
2026-03-30 12:55:00,15.18,15.18,15.15,15.18,15869
2026-03-30 13:00:00,15.18,15.19,15.105,15.13,17511
2026-03-30 13:05:00,15.13,15.17,15.065,15.08,14082
2026-03-30 13:10:00,15.08,15.09,15.01,15.01,17640
2026-03-30 13:15:00,15.015,15.03,14.93,14.9701,27001
2026-03-30 13:20:00,14.99,15.005,14.94,14.94,31339
2026-03-30 13:25:00,14.95,14.96,14.91,14.94,42859
2026-03-30 13:30:00,14.95,14.95,14.835,14.84,27576
2026-03-30 13:35:00,14.8502,14.91,14.83,14.9,19771
2026-03-30 13:40:00,14.935,14.9399,14.88,14.935,12331
2026-03-30 13:45:00,14.92,15.01,14.89,14.9,65342
2026-03-30 13:50:00,14.89,14.93,14.87,14.87,12739
2026-03-30 13:55:00,14.88,14.89,14.82,14.86,28566
2026-03-30 14:00:00,14.85,14.855,14.82,14.83,15235
2026-03-30 14:05:00,14.845,14.85,14.765,14.785,13218
2026-03-30 14:10:00,14.775,14.8012,14.73,14.76,24235
2026-03-30 14:15:00,14.76,14.8,14.73,14.8,42321
2026-03-30 14:20:00,14.805,14.86,14.76,14.765,35258
2026-03-30 14:25:00,14.79,14.8,14.695,14.72,18179
2026-03-30 14:30:00,14.72,14.76,14.7099,14.76,8409
2026-03-30 14:35:00,14.78,14.82,14.775,14.785,9917
2026-03-30 14:40:00,14.75,14.765,14.665,14.675,6224
2026-03-30 14:45:00,14.68,14.72,14.6601,14.6601,20492
2026-03-30 14:50:00,14.66,14.66,14.58,14.6,22021
2026-03-30 14:55:00,14.595,14.62,14.543,14.57,33147
2026-03-30 15:00:00,14.57,14.5999,14.5607,14.59,36875
2026-03-30 15:05:00,14.56,14.56,14.46,14.46,57491
2026-03-30 15:10:00,14.465,14.47,14.4,14.41,18509
2026-03-30 15:15:00,14.4,14.5,14.4,14.45,20011
2026-03-30 15:20:00,14.46,14.46,14.41,14.44,42945
2026-03-30 15:25:00,14.42,14.45,14.35,14.35,33939
2026-03-30 15:30:00,14.35,14.37,14.28,14.37,103961
2026-03-30 15:35:00,14.37,14.4368,14.37,14.4368,43784
2026-03-30 15:40:00,14.43,14.535,14.43,14.505,64475
2026-03-30 15:45:00,14.51,14.5571,14.5,14.53,46736
2026-03-30 15:50:00,14.54,14.59,14.51,14.53,57755
2026-03-30 15:55:00,14.53,14.5699,14.5,14.535,70177
2026-03-30 16:00:00,14.53,14.5581,14.52,14.529,16752
2026-03-30 16:05:00,14.51,14.51,14.49,14.49,626
2026-03-30 16:15:00,14.49,14.49,14.4711,14.4711,2148
2026-03-30 16:35:00,14.48,14.48,14.39,14.39,2786
2026-03-30 16:40:00,14.39,14.4,14.39,14.4,930
2026-03-30 16:45:00,14.39,14.39,14.39,14.39,1705
2026-03-30 16:50:00,14.37,14.4,14.3677,14.4,894
2026-03-30 16:55:00,14.37,14.37,14.36,14.36,10764
2026-03-30 17:05:00,14.33,14.36,14.33,14.36,3100
2026-03-30 17:10:00,14.37,14.37,14.37,14.37,350
2026-03-30 17:15:00,14.38,14.38,14.38,14.38,734
2026-03-30 17:20:00,14.33,14.33,14.33,14.33,173
2026-03-30 17:25:00,14.33,14.33,14.3,14.3,917
2026-03-30 17:30:00,14.3008,14.3008,14.3,14.3,812
2026-03-30 17:35:00,14.23,14.23,14.23,14.23,18000
2026-03-30 17:40:00,14.2306,14.2306,14.2306,14.2306,1108
2026-03-30 17:45:00,14.26,14.28,14.26,14.28,10318
2026-03-30 17:55:00,14.23,14.23,14.23,14.23,250
2026-03-30 18:00:00,14.28,14.28,14.28,14.28,2380
2026-03-30 18:05:00,14.34,14.4,14.34,14.39,442
2026-03-30 18:10:00,14.35,14.35,14.35,14.35,150
2026-03-30 18:15:00,14.31,14.32,14.31,14.32,1800
2026-03-30 18:20:00,14.32,14.35,14.32,14.35,2100
2026-03-30 18:30:00,14.28,14.29,14.28,14.29,1850
2026-03-30 18:35:00,14.2712,14.3,14.2712,14.3,433
2026-03-30 18:40:00,14.31,14.31,14.31,14.31,100
2026-03-30 18:45:00,14.26,14.29,14.2308,14.2308,3181
2026-03-30 18:50:00,14.25,14.27,14.24,14.269,4405
2026-03-30 18:55:00,14.25,14.29,14.25,14.25,922
2026-03-30 19:00:00,14.2,14.2,14.14,14.15,1400
2026-03-30 19:05:00,14.11,14.12,14.11,14.12,1607
2026-03-30 19:10:00,14.1,14.1,14.1,14.1,478
2026-03-30 19:15:00,14.12,14.12,14.12,14.12,200
2026-03-30 19:25:00,14.1822,14.1822,14.1822,14.1822,100
2026-03-30 19:30:00,14.11,14.11,14.11,14.11,125
2026-03-30 19:35:00,14.1109,14.1109,14.1109,14.1109,237
2026-03-30 19:40:00,14.11,14.11,14.08,14.08,2040
2026-03-30 19:45:00,14.0681,14.07,14.03,14.05,6256
2026-03-30 19:50:00,14.05,14.05,14.03,14.03,5950
2026-03-30 19:55:00,14.0782,14.0782,14.0,14.0,7900
2026-03-31 04:00:00,14.78,14.87,14.43,14.87,18288
2026-03-31 04:05:00,14.88,14.89,14.87,14.87,3256
2026-03-31 04:10:00,14.82,14.82,14.75,14.75,2218
2026-03-31 04:15:00,14.76,14.77,14.76,14.77,576
2026-03-31 04:25:00,14.76,14.76,14.72,14.72,618
2026-03-31 04:30:00,14.69,14.72,14.69,14.72,497
2026-03-31 04:35:00,14.73,14.73,14.73,14.73,194
2026-03-31 04:40:00,14.71,14.71,14.7,14.7,200
2026-03-31 04:45:00,14.65,14.68,14.65,14.68,2418
2026-03-31 04:50:00,14.69,14.69,14.64,14.64,300
2026-03-31 04:55:00,14.61,14.61,14.61,14.61,186
2026-03-31 05:00:00,14.64,14.65,14.6226,14.6226,906
2026-03-31 05:05:00,14.68,14.68,14.68,14.68,100
2026-03-31 05:10:00,14.68,14.68,14.68,14.68,860
2026-03-31 05:25:00,14.73,14.73,14.73,14.73,100
2026-03-31 05:30:00,14.67,14.67,14.67,14.67,100
2026-03-31 05:35:00,14.68,14.72,14.68,14.68,639
2026-03-31 05:45:00,14.6876,14.6876,14.6876,14.6876,200
2026-03-31 05:50:00,14.66,14.67,14.66,14.66,2208
2026-03-31 05:55:00,14.64,14.64,14.61,14.61,1514
2026-03-31 06:00:00,14.64,14.64,14.62,14.62,756
2026-03-31 06:05:00,14.65,14.65,14.65,14.65,122
2026-03-31 06:10:00,14.67,14.71,14.67,14.7,1660
2026-03-31 06:25:00,14.66,14.66,14.66,14.66,468
2026-03-31 06:30:00,14.68,14.68,14.68,14.68,100
2026-03-31 06:35:00,14.65,14.65,14.6,14.6,1000
2026-03-31 06:40:00,14.58,14.58,14.55,14.56,1372
2026-03-31 06:45:00,14.55,14.55,14.54,14.55,524
2026-03-31 06:50:00,14.58,14.58,14.58,14.58,934
2026-03-31 06:55:00,14.57,14.6,14.57,14.6,1011
2026-03-31 07:00:00,14.58,14.64,14.58,14.64,3807
2026-03-31 07:05:00,14.6505,14.6505,14.6106,14.6106,876
2026-03-31 07:10:00,14.62,14.82,14.62,14.72,10178
2026-03-31 07:15:00,14.72,14.8,14.71,14.71,2307
2026-03-31 07:20:00,14.72,14.7485,14.72,14.73,500
2026-03-31 07:25:00,14.799,14.799,14.76,14.76,220
2026-03-31 07:30:00,14.73,14.73,14.72,14.73,312
2026-03-31 07:35:00,14.72,14.73,14.72,14.73,2715
2026-03-31 07:40:00,14.78,14.8288,14.78,14.8288,1238
2026-03-31 07:45:00,14.8,14.8,14.78,14.78,1328
2026-03-31 07:50:00,14.78,14.78,14.77,14.77,380
2026-03-31 07:55:00,14.78,14.78,14.78,14.78,700
2026-03-31 08:00:00,14.79,14.87,14.79,14.87,983
2026-03-31 08:05:00,14.87,14.89,14.83,14.89,17581
2026-03-31 08:10:00,14.88,14.88,14.77,14.82,7787
2026-03-31 08:15:00,14.76,14.79,14.7409,14.79,2015
2026-03-31 08:20:00,14.81,14.81,14.8,14.8,200
2026-03-31 08:25:00,14.78,14.88,14.78,14.86,3631
2026-03-31 08:30:00,14.88,14.89,14.86,14.89,1313
2026-03-31 08:35:00,14.91,14.98,14.9,14.9635,4935
2026-03-31 08:40:00,14.958,15.01,14.958,15.0,5505
2026-03-31 08:45:00,15.03,15.03,14.95,14.95,4592
2026-03-31 08:50:00,14.9653,15.01,14.95,15.0,2027
2026-03-31 08:55:00,14.98,14.98,14.91,14.91,732
2026-03-31 09:00:00,14.93,14.99,14.93,14.97,5639
2026-03-31 09:05:00,14.98,15.02,14.96,15.01,1766
2026-03-31 09:10:00,15.04,15.05,15.01,15.01,13365
2026-03-31 09:15:00,15.01,15.01,14.9621,14.9804,2775
2026-03-31 09:20:00,14.99,15.01,14.96,14.96,3072
2026-03-31 09:25:00,14.96,15.06,14.9,15.06,14808
2026-03-31 09:30:00,15.06,15.14,14.86,15.015,120073
2026-03-31 09:35:00,15.04,15.04,14.83,14.91,73573
2026-03-31 09:40:00,14.91,15.03,14.86,14.88,50120
2026-03-31 09:45:00,14.89,15.21,14.89,15.195,75389
2026-03-31 09:50:00,15.2,15.21,15.11,15.205,52645
2026-03-31 09:55:00,15.19,15.28,15.07,15.25,50731
2026-03-31 10:00:00,15.2499,15.31,15.2,15.23,34901
2026-03-31 10:05:00,15.22,15.22,15.13,15.16,38499
2026-03-31 10:10:00,15.2,15.43,15.2,15.4299,45282
2026-03-31 10:15:00,15.42,15.5,15.37,15.47,54412
2026-03-31 10:20:00,15.46,15.59,15.405,15.535,44540
2026-03-31 10:25:00,15.52,15.605,15.485,15.59,51698
2026-03-31 10:30:00,15.59,15.61,15.52,15.55,43467
2026-03-31 10:35:00,15.55,15.56,15.445,15.52,28482
2026-03-31 10:40:00,15.5,15.57,15.47,15.51,30852
2026-03-31 10:45:00,15.52,15.52,15.39,15.395,30846
2026-03-31 10:50:00,15.4001,15.415,15.36,15.4,395184
2026-03-31 10:55:00,15.355,15.405,15.31,15.39,123101
2026-03-31 11:00:00,15.395,15.515,15.39,15.49,35563
2026-03-31 11:05:00,15.49,15.59,15.45,15.46,24438
2026-03-31 11:10:00,15.47,15.65,15.4573,15.65,49559
2026-03-31 11:15:00,15.65,15.655,15.575,15.5897,72365
2026-03-31 11:20:00,15.55,15.61,15.47,15.5999,27305
2026-03-31 11:25:00,15.61,15.61,15.54,15.58,26142
2026-03-31 11:30:00,15.58,15.6,15.53,15.545,10016
2026-03-31 11:35:00,15.59,15.635,15.54,15.55,10292
2026-03-31 11:40:00,15.55,15.55,15.46,15.5,20362
2026-03-31 11:45:00,15.51,15.55,15.4901,15.55,13265
2026-03-31 11:50:00,15.54,15.61,15.53,15.53,16380
2026-03-31 11:55:00,15.545,15.545,15.5,15.505,16610
2026-03-31 12:00:00,15.51,15.57,15.48,15.49,29649
2026-03-31 12:05:00,15.515,15.59,15.515,15.55,11754
2026-03-31 12:10:00,15.545,15.6,15.5,15.59,13538
2026-03-31 12:15:00,15.58,15.65,15.575,15.635,13646
2026-03-31 12:20:00,15.63,15.635,15.57,15.63,3354
2026-03-31 12:25:00,15.645,15.68,15.63,15.68,7454
2026-03-31 12:30:00,15.66,15.67,15.64,15.64,20308
2026-03-31 12:35:00,15.645,15.845,15.6,15.84,56701
2026-03-31 12:40:00,15.84,16.2,15.84,16.12,414710
2026-03-31 12:45:00,16.085,16.22,15.91,16.0501,117146
2026-03-31 12:50:00,16.095,16.2,15.96,16.145,96371
2026-03-31 12:55:00,16.145,16.19,16.055,16.18,51755
2026-03-31 13:00:00,16.19,16.4,16.19,16.35,75247
2026-03-31 13:05:00,16.35,16.37,16.24,16.26,71270
2026-03-31 13:10:00,16.26,16.49,16.26,16.49,58945
2026-03-31 13:15:00,16.48,16.605,16.48,16.595,43354
2026-03-31 13:20:00,16.6,16.705,16.57,16.61,65499
2026-03-31 13:25:00,16.595,16.6,16.475,16.5,104608
2026-03-31 13:30:00,16.51,16.64,16.49,16.63,37020
2026-03-31 13:35:00,16.6399,16.65,16.36,16.4,87386
2026-03-31 13:40:00,16.41,16.45,16.26,16.29,36111
2026-03-31 13:45:00,16.29,16.38,16.28,16.38,30502
2026-03-31 13:50:00,16.37,16.395,16.28,16.3005,14534
2026-03-31 13:55:00,16.3,16.3,16.18,16.2,43977
2026-03-31 14:00:00,16.205,16.28,16.205,16.26,34249
2026-03-31 14:05:00,16.26,16.34,16.235,16.34,29239
2026-03-31 14:10:00,16.32,16.35,16.2602,16.305,7029
2026-03-31 14:15:00,16.305,16.41,16.305,16.395,84580
2026-03-31 14:20:00,16.39,16.4,16.32,16.325,39631
2026-03-31 14:25:00,16.325,16.43,16.285,16.355,12967
2026-03-31 14:30:00,16.35,16.39,16.32,16.36,33781
2026-03-31 14:35:00,16.36,16.4,16.33,16.38,15980
2026-03-31 14:40:00,16.36,16.38,16.35,16.36,10933
2026-03-31 14:45:00,16.39,16.425,16.37,16.4,44891
2026-03-31 14:50:00,16.4101,16.43,16.3601,16.365,34775
2026-03-31 14:55:00,16.36,16.39,16.35,16.35,7001
2026-03-31 15:00:00,16.34,16.385,16.34,16.36,8703
2026-03-31 15:05:00,16.34,16.345,16.315,16.315,7989
2026-03-31 15:10:00,16.34,16.395,16.34,16.375,8275
2026-03-31 15:15:00,16.39,16.42,16.32,16.36,22815
2026-03-31 15:20:00,16.355,16.385,16.34,16.37,23105
2026-03-31 15:25:00,16.36,16.37,16.325,16.33,22315
2026-03-31 15:30:00,16.33,16.37,16.3,16.3099,18696
2026-03-31 15:35:00,16.31,16.37,16.31,16.31,13466
2026-03-31 15:40:00,16.31,16.311,16.25,16.28,15128
2026-03-31 15:45:00,16.3,16.42,16.29,16.4,13496
2026-03-31 15:50:00,16.42,16.43,16.305,16.39,115177
2026-03-31 15:55:00,16.37,16.39,16.3,16.37,232095
2026-03-31 16:00:00,16.37,16.4,16.37,16.4,7005
2026-03-31 16:05:00,16.43,16.43,16.39,16.42,1300
2026-03-31 16:10:00,16.44,16.44,16.44,16.44,293
2026-03-31 16:15:00,16.45,16.45,16.45,16.45,600
2026-03-31 16:20:00,16.4301,16.45,16.4301,16.45,200
2026-03-31 16:25:00,16.46,16.46,16.46,16.46,400
2026-03-31 16:35:00,16.46,16.46,16.46,16.46,201
2026-03-31 16:40:00,16.43,16.45,16.41,16.41,1545
2026-03-31 16:45:00,16.4,16.4347,16.4,16.4347,2250
2026-03-31 16:50:00,16.4002,16.4002,16.4,16.4,367
2026-03-31 16:55:00,16.39,16.39,16.37,16.37,5099
2026-03-31 17:00:00,16.39,16.39,16.39,16.39,1262
2026-03-31 17:15:00,16.33,16.36,16.33,16.36,500
2026-03-31 17:20:00,16.34,16.34,16.3,16.3,906
2026-03-31 17:40:00,16.2935,16.294,16.2935,16.294,301
2026-03-31 17:45:00,16.32,16.32,16.3058,16.3058,575
2026-03-31 17:50:00,16.322,16.322,16.322,16.322,169
2026-03-31 17:55:00,16.33,16.33,16.3099,16.3099,6070
2026-03-31 18:00:00,16.35,16.36,16.35,16.36,641
2026-03-31 18:05:00,16.4,16.4,16.4,16.4,2700
2026-03-31 18:10:00,16.38,16.45,16.38,16.45,1220
2026-03-31 18:15:00,16.48,16.48,16.46,16.46,2122
2026-03-31 18:20:00,16.44,16.47,16.44,16.47,500
2026-03-31 18:25:00,16.4301,16.47,16.4301,16.47,400
2026-03-31 18:30:00,16.4852,16.4852,16.46,16.4681,4321
2026-03-31 18:35:00,16.43,16.44,16.43,16.44,1343
2026-03-31 18:40:00,16.47,16.4895,16.47,16.4863,1097
2026-03-31 18:50:00,16.46,16.46,16.41,16.41,1140
2026-03-31 18:55:00,16.42,16.42,16.42,16.42,452
2026-03-31 19:00:00,16.45,16.45,16.45,16.45,737
2026-03-31 19:05:00,16.46,16.47,16.46,16.47,400
2026-03-31 19:10:00,16.47,16.4738,16.45,16.4738,939
2026-03-31 19:15:00,16.48,16.48,16.48,16.48,400
2026-03-31 19:20:00,16.48,16.5045,16.48,16.4819,5583
2026-03-31 19:25:00,16.509,16.578,16.509,16.578,16199
2026-03-31 19:30:00,16.54,16.59,16.54,16.59,3947
2026-03-31 19:35:00,16.58,16.61,16.58,16.61,5282
2026-03-31 19:40:00,16.56,16.56,16.56,16.56,200
2026-03-31 19:45:00,16.5687,16.5687,16.55,16.55,9060
2026-04-01 04:00:00,16.55,17.0,16.55,16.78,29655
2026-04-01 04:05:00,16.79,16.81,16.76,16.76,4896
2026-04-01 04:10:00,16.69,16.76,16.69,16.71,2248
2026-04-01 04:15:00,16.71,16.7379,16.7,16.7,1578
2026-04-01 04:20:00,16.72,16.73,16.72,16.73,1269
2026-04-01 04:25:00,16.75,16.75,16.74,16.74,600
2026-04-01 04:30:00,16.75,16.75,16.75,16.75,200
2026-04-01 04:35:00,16.78,16.82,16.78,16.82,300
2026-04-01 04:40:00,16.8,16.82,16.8,16.82,1120
2026-04-01 04:45:00,16.82,16.82,16.75,16.75,5199
2026-04-01 04:50:00,16.78,16.78,16.7,16.72,7362
2026-04-01 04:55:00,16.73,16.79,16.73,16.78,2484
2026-04-01 05:00:00,16.76,16.76,16.76,16.76,1409
2026-04-01 05:05:00,16.74,16.74,16.63,16.66,4432
2026-04-01 05:10:00,16.61,16.64,16.61,16.61,2712
2026-04-01 05:15:00,16.62,16.62,16.6,16.6,7565
2026-04-01 05:20:00,16.57,16.6,16.55,16.59,2109
2026-04-01 05:25:00,16.58,16.59,16.58,16.59,533
2026-04-01 05:30:00,16.61,16.61,16.61,16.61,100
2026-04-01 05:35:00,16.62,16.69,16.62,16.69,300
2026-04-01 05:45:00,16.66,16.67,16.64,16.67,2095
2026-04-01 05:50:00,16.7,16.7,16.68,16.68,596
2026-04-01 05:55:00,16.7,16.7,16.7,16.7,120
2026-04-01 06:05:00,16.71,16.71,16.71,16.71,404
2026-04-01 06:10:00,16.7,16.72,16.7,16.72,200
2026-04-01 06:20:00,16.75,16.77,16.75,16.75,1709
2026-04-01 06:25:00,16.75,16.75,16.75,16.75,100
2026-04-01 06:30:00,16.73,16.73,16.73,16.73,288
2026-04-01 06:35:00,16.74,16.74,16.74,16.74,400
2026-04-01 06:40:00,16.75,16.75,16.75,16.75,100
2026-04-01 06:45:00,16.78,16.78,16.78,16.78,1419
2026-04-01 06:50:00,16.79,16.83,16.79,16.83,632
2026-04-01 06:55:00,16.78,16.82,16.78,16.82,860
2026-04-01 07:00:00,16.77,16.94,16.77,16.94,1516
2026-04-01 07:05:00,16.94,16.94,16.9,16.93,1446
2026-04-01 07:10:00,16.91,16.91,16.91,16.91,1264
2026-04-01 07:15:00,16.88,16.91,16.88,16.9,2832
2026-04-01 07:20:00,16.93,16.96,16.93,16.95,6307
2026-04-01 07:25:00,16.97,17.0174,16.97,17.0174,25977
2026-04-01 07:30:00,16.97,16.98,16.97,16.98,583
2026-04-01 07:35:00,17.0,17.1,16.99,17.0691,2785
2026-04-01 07:40:00,17.07,17.08,17.04,17.04,2668
2026-04-01 07:45:00,17.05,17.05,17.02,17.02,1600
2026-04-01 07:50:00,17.05,17.1,17.05,17.1,2873
2026-04-01 07:55:00,17.11,17.11,17.1,17.11,1058
2026-04-01 08:00:00,17.08,17.09,17.06,17.06,3140
2026-04-01 08:05:00,17.08,17.1,17.08,17.09,600
2026-04-01 08:10:00,17.05,17.05,17.01,17.01,4596
2026-04-01 08:15:00,17.02,17.03,17.0,17.03,4682
2026-04-01 08:20:00,17.03,17.03,16.97,16.97,6050
2026-04-01 08:25:00,16.97,16.98,16.95,16.96,4555
2026-04-01 08:30:00,16.99,16.99,16.97,16.98,400
2026-04-01 08:35:00,16.98,16.98,16.9009,16.96,4629
2026-04-01 08:40:00,16.93,17.06,16.91,17.05,13307
2026-04-01 08:45:00,16.95,16.97,16.8,16.84,24108
2026-04-01 08:50:00,16.84,16.86,16.77,16.78,4038
2026-04-01 08:55:00,16.78,16.82,16.76,16.79,3108
2026-04-01 09:00:00,16.78,16.82,16.76,16.76,4739
2026-04-01 09:05:00,16.77,16.77,16.75,16.75,1413
2026-04-01 09:10:00,16.8,16.83,16.79,16.79,3080
2026-04-01 09:15:00,16.82,16.82,16.8009,16.8009,924
2026-04-01 09:20:00,16.83,16.83,16.64,16.66,24930
2026-04-01 09:25:00,16.67,16.67,16.47,16.52,21126
2026-04-01 09:30:00,16.54,16.66,16.395,16.61,355283
2026-04-01 09:35:00,16.61,16.61,16.45,16.5,112335
2026-04-01 09:40:00,16.49,16.565,16.17,16.275,272110
2026-04-01 09:45:00,16.29,16.33,15.97,16.015,105016
2026-04-01 09:50:00,16.055,16.255,16.055,16.17,60547
2026-04-01 09:55:00,16.15,16.3,16.145,16.21,137717
2026-04-01 10:00:00,16.24,16.445,16.24,16.285,184637
2026-04-01 10:05:00,16.29,16.355,16.265,16.33,59015
2026-04-01 10:10:00,16.34,16.51,16.32,16.51,92478
2026-04-01 10:15:00,16.51,16.59,16.505,16.515,63923
2026-04-01 10:20:00,16.525,16.575,16.435,16.475,53437
2026-04-01 10:25:00,16.45,16.48,16.39,16.43,26261
2026-04-01 10:30:00,16.425,16.47,16.28,16.28,22513
2026-04-01 10:35:00,16.28,16.395,16.18,16.34,55968
2026-04-01 10:40:00,16.33,16.335,16.23,16.29,25140
2026-04-01 10:45:00,16.27,16.3882,16.26,16.38,36084
2026-04-01 10:50:00,16.37,16.51,16.37,16.5,70680
2026-04-01 10:55:00,16.5,16.585,16.43,16.53,47383
2026-04-01 11:00:00,16.55,16.57,16.52,16.53,23296
2026-04-01 11:05:00,16.525,16.6202,16.52,16.525,115252
2026-04-01 11:10:00,16.535,16.575,16.48,16.51,59281
2026-04-01 11:15:00,16.51,16.5899,16.46,16.56,9532
2026-04-01 11:20:00,16.58,16.6,16.555,16.59,6022
2026-04-01 11:25:00,16.59,16.615,16.56,16.59,15388
2026-04-01 11:30:00,16.58,16.64,16.56,16.62,19926
2026-04-01 11:35:00,16.62,16.69,16.61,16.68,28577
2026-04-01 11:40:00,16.69,16.775,16.66,16.77,15595
2026-04-01 11:45:00,16.785,16.81,16.74,16.74,19021
2026-04-01 11:50:00,16.75,16.79,16.75,16.77,13458
2026-04-01 11:55:00,16.76,16.81,16.76,16.795,14072
2026-04-01 12:00:00,16.78,16.79,16.66,16.675,13142
2026-04-01 12:05:00,16.67,16.79,16.655,16.79,11822
2026-04-01 12:10:00,16.8,16.81,16.685,16.7,13321
2026-04-01 12:15:00,16.695,16.74,16.69,16.71,11930
2026-04-01 12:20:00,16.72,16.72,16.69,16.72,10097
2026-04-01 12:25:00,16.73,16.735,16.655,16.67,14203
2026-04-01 12:30:00,16.6902,16.7,16.68,16.695,6328
2026-04-01 12:35:00,16.7,16.705,16.67,16.705,18344
2026-04-01 12:40:00,16.715,16.745,16.7,16.74,5877
2026-04-01 12:45:00,16.74,16.745,16.6603,16.705,6209
2026-04-01 12:50:00,16.7,16.7,16.65,16.69,4654
2026-04-01 12:55:00,16.68,16.69,16.65,16.69,4306
2026-04-01 13:00:00,16.69,16.77,16.69,16.75,13435
2026-04-01 13:05:00,16.7399,16.79,16.7399,16.76,5865
2026-04-01 13:10:00,16.73,16.77,16.73,16.73,10120
2026-04-01 13:15:00,16.73,16.735,16.68,16.68,6759
2026-04-01 13:20:00,16.69,16.69,16.65,16.665,21037
2026-04-01 13:25:00,16.665,16.705,16.6601,16.68,6627
2026-04-01 13:30:00,16.64,16.64,16.53,16.5301,11727
2026-04-01 13:35:00,16.535,16.5803,16.52,16.55,10683
2026-04-01 13:40:00,16.5499,16.55,16.53,16.53,3789
2026-04-01 13:45:00,16.525,16.54,16.49,16.515,28276
2026-04-01 13:50:00,16.515,16.55,16.49,16.53,26939
2026-04-01 13:55:00,16.53,16.56,16.445,16.46,13667
2026-04-01 14:00:00,16.47,16.47,16.32,16.34,44230
2026-04-01 14:05:00,16.35,16.38,16.33,16.34,16297
2026-04-01 14:10:00,16.325,16.37,16.325,16.355,9332
2026-04-01 14:15:00,16.335,16.335,16.19,16.23,13928
2026-04-01 14:20:00,16.24,16.25,16.1348,16.15,15015
2026-04-01 14:25:00,16.13,16.25,16.13,16.18,17854
2026-04-01 14:30:00,16.18,16.23,16.18,16.18,12081
2026-04-01 14:35:00,16.1801,16.25,16.14,16.22,16349
2026-04-01 14:40:00,16.23,16.3,16.23,16.25,9628
2026-04-01 14:45:00,16.21,16.26,16.21,16.24,4975
2026-04-01 14:50:00,16.2599,16.32,16.21,16.32,5514
2026-04-01 14:55:00,16.315,16.365,16.284,16.35,7272
2026-04-01 15:00:00,16.35,16.41,16.34,16.39,14180
2026-04-01 15:05:00,16.395,16.445,16.385,16.385,9989
2026-04-01 15:10:00,16.36,16.4,16.35,16.4,8222
2026-04-01 15:15:00,16.4,16.4,16.33,16.4,3440
2026-04-01 15:20:00,16.41,16.45,16.395,16.395,6582
2026-04-01 15:25:00,16.4,16.49,16.4,16.455,6287
2026-04-01 15:30:00,16.435,16.46,16.42,16.44,4486
2026-04-01 15:35:00,16.44,16.45,16.36,16.44,19389
2026-04-01 15:40:00,16.44,16.44,16.39,16.39,18821
2026-04-01 15:45:00,16.39,16.43,16.385,16.43,11853
2026-04-01 15:50:00,16.43,16.44,16.38,16.43,53184
2026-04-01 15:55:00,16.39,16.43,16.39,16.41,48321
2026-04-01 16:00:00,16.42,16.4586,16.42,16.42,16125
2026-04-01 16:05:00,16.42,16.42,16.37,16.37,1667
2026-04-01 16:15:00,16.42,16.42,16.42,16.42,400
2026-04-01 16:25:00,16.4,16.4,16.38,16.38,773
2026-04-01 16:35:00,16.37,16.42,16.37,16.42,1534
2026-04-01 16:40:00,16.42,16.43,16.42,16.43,1000
2026-04-01 16:45:00,16.42,16.43,16.42,16.43,1155
2026-04-01 16:50:00,16.44,16.44,16.42,16.44,2903
2026-04-01 16:55:00,16.45,16.4685,16.43,16.43,4813
2026-04-01 17:00:00,16.4352,16.4352,16.43,16.43,734
2026-04-01 17:05:00,16.43,16.43,16.43,16.43,168
2026-04-01 17:10:00,16.46,16.46,16.46,16.46,103
2026-04-01 17:55:00,16.4339,16.46,16.4339,16.46,1190
2026-04-01 18:05:00,16.45,16.45,16.45,16.45,400
2026-04-01 18:10:00,16.43,16.43,16.41,16.42,2344
2026-04-01 18:15:00,16.45,16.45,16.41,16.41,1584
2026-04-01 18:25:00,16.4,16.42,16.4,16.42,500
2026-04-01 18:30:00,16.42,16.44,16.42,16.44,2708
2026-04-01 18:35:00,16.42,16.42,16.42,16.42,200
2026-04-01 18:40:00,16.42,16.42,16.42,16.42,1549
2026-04-01 18:45:00,16.42,16.4609,16.42,16.45,1298
2026-04-01 19:20:00,16.44,16.44,16.44,16.44,400
2026-04-01 19:35:00,16.45,16.45,16.45,16.45,310
2026-04-01 19:45:00,16.47,16.47,16.47,16.47,100
2026-04-01 19:55:00,16.45,16.45,16.45,16.45,200
2026-04-01 04:00:00,16.55,17.0,16.55,16.78,29655
2026-04-01 04:05:00,16.79,16.81,16.76,16.76,4896
2026-04-01 04:10:00,16.69,16.76,16.69,16.71,2248
2026-04-01 04:15:00,16.71,16.7379,16.7,16.7,1578
2026-04-01 04:20:00,16.72,16.73,16.72,16.73,1269
2026-04-01 04:25:00,16.75,16.75,16.74,16.74,600
2026-04-01 04:30:00,16.75,16.75,16.75,16.75,200
2026-04-01 04:35:00,16.78,16.82,16.78,16.82,300
2026-04-01 04:40:00,16.8,16.82,16.8,16.82,1120
2026-04-01 04:45:00,16.82,16.82,16.75,16.75,5199
2026-04-01 04:50:00,16.78,16.78,16.7,16.72,7362
2026-04-01 04:55:00,16.73,16.79,16.73,16.78,2484
2026-04-01 05:00:00,16.76,16.76,16.76,16.76,1409
2026-04-01 05:05:00,16.74,16.74,16.63,16.66,4432
2026-04-01 05:10:00,16.61,16.64,16.61,16.61,2712
2026-04-01 05:15:00,16.62,16.62,16.6,16.6,7565
2026-04-01 05:20:00,16.57,16.6,16.55,16.59,2109
2026-04-01 05:25:00,16.58,16.59,16.58,16.59,533
2026-04-01 05:30:00,16.61,16.61,16.61,16.61,100
2026-04-01 05:35:00,16.62,16.69,16.62,16.69,300
2026-04-01 05:45:00,16.66,16.67,16.64,16.67,2095
2026-04-01 05:50:00,16.7,16.7,16.68,16.68,596
2026-04-01 05:55:00,16.7,16.7,16.7,16.7,120
2026-04-01 06:05:00,16.71,16.71,16.71,16.71,404
2026-04-01 06:10:00,16.7,16.72,16.7,16.72,200
2026-04-01 06:20:00,16.75,16.77,16.75,16.75,1709
2026-04-01 06:25:00,16.75,16.75,16.75,16.75,100
2026-04-01 06:30:00,16.73,16.73,16.73,16.73,288
2026-04-01 06:35:00,16.74,16.74,16.74,16.74,400
2026-04-01 06:40:00,16.75,16.75,16.75,16.75,100
2026-04-01 06:45:00,16.78,16.78,16.78,16.78,1419
2026-04-01 06:50:00,16.79,16.83,16.79,16.83,632
2026-04-01 06:55:00,16.78,16.82,16.78,16.82,860
2026-04-01 07:00:00,16.77,16.94,16.77,16.94,1516
2026-04-01 07:05:00,16.94,16.94,16.9,16.93,1446
2026-04-01 07:10:00,16.91,16.91,16.91,16.91,1264
2026-04-01 07:15:00,16.88,16.91,16.88,16.9,2832
2026-04-01 07:20:00,16.93,16.96,16.93,16.95,6307
2026-04-01 07:25:00,16.97,17.0174,16.97,17.0174,25977
2026-04-01 07:30:00,16.97,16.98,16.97,16.98,583
2026-04-01 07:35:00,17.0,17.1,16.99,17.0691,2785
2026-04-01 07:40:00,17.07,17.08,17.04,17.04,2668
2026-04-01 07:45:00,17.05,17.05,17.02,17.02,1600
2026-04-01 07:50:00,17.05,17.1,17.05,17.1,2873
2026-04-01 07:55:00,17.11,17.11,17.1,17.11,1058
2026-04-01 08:00:00,17.08,17.09,17.06,17.06,3140
2026-04-01 08:05:00,17.08,17.1,17.08,17.09,600
2026-04-01 08:10:00,17.05,17.05,17.01,17.01,4596
2026-04-01 08:15:00,17.02,17.03,17.0,17.03,4682
2026-04-01 08:20:00,17.03,17.03,16.97,16.97,6050
2026-04-01 08:25:00,16.97,16.98,16.95,16.96,4555
2026-04-01 08:30:00,16.99,16.99,16.97,16.98,400
2026-04-01 08:35:00,16.98,16.98,16.9009,16.96,4629
2026-04-01 08:40:00,16.93,17.06,16.91,17.05,13307
2026-04-01 08:45:00,16.95,16.97,16.8,16.84,24108
2026-04-01 08:50:00,16.84,16.86,16.77,16.78,4038
2026-04-01 08:55:00,16.78,16.82,16.76,16.79,3108
2026-04-01 09:00:00,16.78,16.82,16.76,16.76,4739
2026-04-01 09:05:00,16.77,16.77,16.75,16.75,1413
2026-04-01 09:10:00,16.8,16.83,16.79,16.79,3080
2026-04-01 09:15:00,16.82,16.82,16.8009,16.8009,924
2026-04-01 09:20:00,16.83,16.83,16.64,16.66,24930
2026-04-01 09:25:00,16.67,16.67,16.47,16.52,21126
2026-04-01 09:30:00,16.54,16.66,16.395,16.61,355283
2026-04-01 09:35:00,16.61,16.61,16.45,16.5,112335
2026-04-01 09:40:00,16.49,16.565,16.17,16.275,272110
2026-04-01 09:45:00,16.29,16.33,15.97,16.015,105016
2026-04-01 09:50:00,16.055,16.255,16.055,16.17,60547
2026-04-01 09:55:00,16.15,16.3,16.145,16.21,137717
2026-04-01 10:00:00,16.24,16.445,16.24,16.285,184637
2026-04-01 10:05:00,16.29,16.355,16.265,16.33,59015
2026-04-01 10:10:00,16.34,16.51,16.32,16.51,92478
2026-04-01 10:15:00,16.51,16.59,16.505,16.515,63923
2026-04-01 10:20:00,16.525,16.575,16.435,16.475,53437
2026-04-01 10:25:00,16.45,16.48,16.39,16.43,26261
2026-04-01 10:30:00,16.425,16.47,16.28,16.28,22513
2026-04-01 10:35:00,16.28,16.395,16.18,16.34,55968
2026-04-01 10:40:00,16.33,16.335,16.23,16.29,25140
2026-04-01 10:45:00,16.27,16.3882,16.26,16.38,36084
2026-04-01 10:50:00,16.37,16.51,16.37,16.5,70680
2026-04-01 10:55:00,16.5,16.585,16.43,16.53,47383
2026-04-01 11:00:00,16.55,16.57,16.52,16.53,23296
2026-04-01 11:05:00,16.525,16.6202,16.52,16.525,115252
2026-04-01 11:10:00,16.535,16.575,16.48,16.51,59281
2026-04-01 11:15:00,16.51,16.5899,16.46,16.56,9532
2026-04-01 11:20:00,16.58,16.6,16.555,16.59,6022
2026-04-01 11:25:00,16.59,16.615,16.56,16.59,15388
2026-04-01 11:30:00,16.58,16.64,16.56,16.62,19926
2026-04-01 11:35:00,16.62,16.69,16.61,16.68,28577
2026-04-01 11:40:00,16.69,16.775,16.66,16.77,15595
2026-04-01 11:45:00,16.785,16.81,16.74,16.74,19021
2026-04-01 11:50:00,16.75,16.79,16.75,16.77,13458
2026-04-01 11:55:00,16.76,16.81,16.76,16.795,14072
2026-04-01 12:00:00,16.78,16.79,16.66,16.675,13142
2026-04-01 12:05:00,16.67,16.79,16.655,16.79,11822
2026-04-01 12:10:00,16.8,16.81,16.685,16.7,13321
2026-04-01 12:15:00,16.695,16.74,16.69,16.71,11930
2026-04-01 12:20:00,16.72,16.72,16.69,16.72,10097
2026-04-01 12:25:00,16.73,16.735,16.655,16.67,14203
2026-04-01 12:30:00,16.6902,16.7,16.68,16.695,6328
2026-04-01 12:35:00,16.7,16.705,16.67,16.705,18344
2026-04-01 12:40:00,16.715,16.745,16.7,16.74,5877
2026-04-01 12:45:00,16.74,16.745,16.6603,16.705,6209
2026-04-01 12:50:00,16.7,16.7,16.65,16.69,4654
2026-04-01 12:55:00,16.68,16.69,16.65,16.69,4306
2026-04-01 13:00:00,16.69,16.77,16.69,16.75,13435
2026-04-01 13:05:00,16.7399,16.79,16.7399,16.76,5865
2026-04-01 13:10:00,16.73,16.77,16.73,16.73,10120
2026-04-01 13:15:00,16.73,16.735,16.68,16.68,6759
2026-04-01 13:20:00,16.69,16.69,16.65,16.665,21037
2026-04-01 13:25:00,16.665,16.705,16.6601,16.68,6627
2026-04-01 13:30:00,16.64,16.64,16.53,16.5301,11727
2026-04-01 13:35:00,16.535,16.5803,16.52,16.55,10683
2026-04-01 13:40:00,16.5499,16.55,16.53,16.53,3789
2026-04-01 13:45:00,16.525,16.54,16.49,16.515,28276
2026-04-01 13:50:00,16.515,16.55,16.49,16.53,26939
2026-04-01 13:55:00,16.53,16.56,16.445,16.46,13667
2026-04-01 14:00:00,16.47,16.47,16.32,16.34,44230
2026-04-01 14:05:00,16.35,16.38,16.33,16.34,16297
2026-04-01 14:10:00,16.325,16.37,16.325,16.355,9332
2026-04-01 14:15:00,16.335,16.335,16.19,16.23,13928
2026-04-01 14:20:00,16.24,16.25,16.1348,16.15,15015
2026-04-01 14:25:00,16.13,16.25,16.13,16.18,17854
2026-04-01 14:30:00,16.18,16.23,16.18,16.18,12081
2026-04-01 14:35:00,16.1801,16.25,16.14,16.22,16349
2026-04-01 14:40:00,16.23,16.3,16.23,16.25,9628
2026-04-01 14:45:00,16.21,16.26,16.21,16.24,4975
2026-04-01 14:50:00,16.2599,16.32,16.21,16.32,5514
2026-04-01 14:55:00,16.315,16.365,16.284,16.35,7272
2026-04-01 15:00:00,16.35,16.41,16.34,16.39,14180
2026-04-01 15:05:00,16.395,16.445,16.385,16.385,9989
2026-04-01 15:10:00,16.36,16.4,16.35,16.4,8222
2026-04-01 15:15:00,16.4,16.4,16.33,16.4,3440
2026-04-01 15:20:00,16.41,16.45,16.395,16.395,6582
2026-04-01 15:25:00,16.4,16.49,16.4,16.455,6287
2026-04-01 15:30:00,16.435,16.46,16.42,16.44,4486
2026-04-01 15:35:00,16.44,16.45,16.36,16.44,19389
2026-04-01 15:40:00,16.44,16.44,16.39,16.39,18821
2026-04-01 15:45:00,16.39,16.43,16.385,16.43,11853
2026-04-01 15:50:00,16.43,16.44,16.38,16.43,53184
2026-04-01 15:55:00,16.39,16.43,16.39,16.41,48321
2026-04-01 16:00:00,16.42,16.4586,16.42,16.42,16125
2026-04-01 16:05:00,16.42,16.42,16.37,16.37,1667
2026-04-01 16:15:00,16.42,16.42,16.42,16.42,400
2026-04-01 16:25:00,16.4,16.4,16.38,16.38,773
2026-04-01 16:35:00,16.37,16.42,16.37,16.42,1534
2026-04-01 16:40:00,16.42,16.43,16.42,16.43,1000
2026-04-01 16:45:00,16.42,16.43,16.42,16.43,1155
2026-04-01 16:50:00,16.44,16.44,16.42,16.44,2903
2026-04-01 16:55:00,16.45,16.4685,16.43,16.43,4813
2026-04-01 17:00:00,16.4352,16.4352,16.43,16.43,734
2026-04-01 17:05:00,16.43,16.43,16.43,16.43,168
2026-04-01 17:10:00,16.46,16.46,16.46,16.46,103
2026-04-01 17:55:00,16.4339,16.46,16.4339,16.46,1190
2026-04-01 18:05:00,16.45,16.45,16.45,16.45,400
2026-04-01 18:10:00,16.43,16.43,16.41,16.42,2344
2026-04-01 18:15:00,16.45,16.45,16.41,16.41,1584
2026-04-01 18:25:00,16.4,16.42,16.4,16.42,500
2026-04-01 18:30:00,16.42,16.44,16.42,16.44,2708
2026-04-01 18:35:00,16.42,16.42,16.42,16.42,200
2026-04-01 18:40:00,16.42,16.42,16.42,16.42,1549
2026-04-01 18:45:00,16.42,16.4609,16.42,16.45,1298
2026-04-01 19:20:00,16.44,16.44,16.44,16.44,400
2026-04-01 19:35:00,16.45,16.45,16.45,16.45,310
2026-04-01 19:45:00,16.47,16.47,16.47,16.47,100
2026-04-01 19:55:00,16.45,16.45,16.45,16.45,200
2026-04-02 04:00:00,15.56,15.64,15.4,15.56,14671
2026-04-02 04:05:00,15.64,15.69,15.64,15.64,427
2026-04-02 04:15:00,15.6,15.63,15.6,15.63,200
2026-04-02 04:20:00,15.67,15.67,15.55,15.55,220
2026-04-02 04:30:00,15.62,15.63,15.62,15.63,300
2026-04-02 04:40:00,15.65,15.65,15.65,15.65,100
2026-04-02 04:50:00,15.65,15.65,15.65,15.65,345
2026-04-02 04:55:00,15.63,15.64,15.61,15.61,1360
2026-04-02 05:00:00,15.61,15.61,15.6,15.6,462
2026-04-02 05:10:00,15.55,15.56,15.55,15.56,500
2026-04-02 05:15:00,15.52,15.52,15.52,15.52,463
2026-04-02 05:20:00,15.5,15.5,15.5,15.5,800
2026-04-02 05:25:00,15.6,15.67,15.6,15.67,1898
2026-04-02 05:30:00,15.68,15.68,15.6,15.6,517
2026-04-02 05:35:00,15.56,15.56,15.56,15.56,100
2026-04-02 05:40:00,15.615,15.615,15.615,15.615,100
2026-04-02 05:45:00,15.6,15.6,15.6,15.6,100
2026-04-02 05:50:00,15.59,15.59,15.59,15.59,100
2026-04-02 05:55:00,15.59,15.59,15.59,15.59,514
2026-04-02 06:00:00,15.56,15.56,15.51,15.51,686
2026-04-02 06:10:00,15.5,15.5,15.5,15.5,100
2026-04-02 06:15:00,15.485,15.485,15.48,15.48,200
2026-04-02 06:20:00,15.46,15.46,15.46,15.46,200
2026-04-02 06:45:00,15.52,15.52,15.52,15.52,100
2026-04-02 06:55:00,15.51,15.58,15.51,15.58,600
2026-04-02 07:00:00,15.61,15.64,15.56,15.58,1427
2026-04-02 07:05:00,15.53,15.53,15.53,15.53,300
2026-04-02 07:15:00,15.43,15.46,15.3917,15.4102,3500
2026-04-02 07:20:00,15.45,15.45,15.41,15.41,969
2026-04-02 07:25:00,15.4,15.4,15.36,15.36,854
2026-04-02 07:30:00,15.36,15.47,15.34,15.47,8557
2026-04-02 07:35:00,15.43,15.44,15.32,15.35,1800
2026-04-02 07:40:00,15.32,15.39,15.32,15.35,4371
2026-04-02 07:45:00,15.35,15.35,15.35,15.35,500
2026-04-02 07:50:00,15.37,15.37,15.37,15.37,150
2026-04-02 07:55:00,15.4,15.4,15.34,15.34,1320
2026-04-02 08:00:00,15.33,15.33,15.33,15.33,1305
2026-04-02 08:05:00,15.37,15.41,15.37,15.4,697
2026-04-02 08:10:00,15.38,15.3917,15.3501,15.3917,9737
2026-04-02 08:15:00,15.4271,15.4271,15.4271,15.4271,100
2026-04-02 08:20:00,15.44,15.5,15.44,15.4703,2754
2026-04-02 08:25:00,15.5,15.5,15.45,15.49,2663
2026-04-02 08:35:00,15.51,15.52,15.5,15.5,765
2026-04-02 08:40:00,15.52,15.52,15.52,15.52,500
2026-04-02 08:45:00,15.52,15.52,15.52,15.52,100
2026-04-02 08:50:00,15.53,15.54,15.53,15.54,1200
2026-04-02 08:55:00,15.5422,15.5422,15.49,15.49,430
2026-04-02 09:00:00,15.4578,15.51,15.4578,15.51,5587
2026-04-02 09:05:00,15.5,15.55,15.5,15.53,700
2026-04-02 09:10:00,15.51,15.52,15.49,15.52,1379
2026-04-02 09:15:00,15.52,15.61,15.511,15.511,2705
2026-04-02 09:20:00,15.52,15.52,15.52,15.52,4100
2026-04-02 09:25:00,15.5,15.76,15.43,15.74,40919
2026-04-02 09:30:00,15.7,15.73,15.44,15.45,94205
2026-04-02 09:35:00,15.44,15.44,15.19,15.19,39698
2026-04-02 09:40:00,15.2,15.2,15.065,15.18,100356
2026-04-02 09:45:00,15.18,15.61,15.18,15.55,111998
2026-04-02 09:50:00,15.54,15.77,15.54,15.76,28505
2026-04-02 09:55:00,15.75,15.96,15.71,15.925,47260
2026-04-02 10:00:00,15.91,15.96,15.76,15.815,49304
2026-04-02 10:05:00,15.815,16.035,15.75,16.02,43487
2026-04-02 10:10:00,16.035,16.1,16.0101,16.055,59228
2026-04-02 10:15:00,16.06,16.22,16.03,16.21,42550
2026-04-02 10:20:00,16.2001,16.295,16.18,16.23,14026
2026-04-02 10:25:00,16.23,16.23,16.07,16.08,11786
2026-04-02 10:30:00,16.05,16.29,16.05,16.26,40477
2026-04-02 10:35:00,16.275,16.77,16.2699,16.61,100228
2026-04-02 10:40:00,16.5891,16.62,16.38,16.61,40723
2026-04-02 10:45:00,16.59,16.62,16.42,16.42,42713
2026-04-02 10:50:00,16.39,16.52,16.32,16.5,15443
2026-04-02 10:55:00,16.49,16.6722,16.485,16.6203,25661
2026-04-02 11:00:00,16.62,16.62,16.44,16.58,26782
2026-04-02 11:05:00,16.58,16.585,16.44,16.54,24833
2026-04-02 11:10:00,16.525,16.65,16.52,16.57,14021
2026-04-02 11:15:00,16.56,16.565,16.45,16.52,128851
2026-04-02 11:20:00,16.5,16.51,16.41,16.495,125306
2026-04-02 11:25:00,16.49,16.59,16.46,16.54,11660
2026-04-02 11:30:00,16.54,16.54,16.47,16.51,10489
2026-04-02 11:35:00,16.52,16.65,16.52,16.56,11883
2026-04-02 11:40:00,16.57,16.625,16.55,16.625,4351
2026-04-02 11:45:00,16.605,16.605,16.49,16.49,14977
2026-04-02 11:50:00,16.51,16.55,16.39,16.53,235962
2026-04-02 11:55:00,16.515,16.58,16.5,16.55,18977
2026-04-02 12:00:00,16.53,16.5999,16.53,16.56,6514
2026-04-02 12:05:00,16.54,16.54,16.425,16.482,92988
2026-04-02 12:10:00,16.48,16.54,16.45,16.52,53902
2026-04-02 12:15:00,16.48,16.505,16.405,16.41,95303
2026-04-02 12:20:00,16.4,16.44,16.34,16.39,16053
2026-04-02 12:25:00,16.4,16.43,16.35,16.39,12293
2026-04-02 12:30:00,16.39,16.51,16.385,16.49,109031
2026-04-02 12:35:00,16.49,16.5,16.43,16.435,110157
2026-04-02 12:40:00,16.47,16.61,16.47,16.5798,19847
2026-04-02 12:45:00,16.59,16.625,16.585,16.5999,9162
2026-04-02 12:50:00,16.615,16.645,16.6,16.645,2579
2026-04-02 12:55:00,16.65,16.65,16.58,16.58,6803
2026-04-02 13:00:00,16.58,16.585,16.54,16.58,10114
2026-04-02 13:05:00,16.565,16.615,16.56,16.6,4278
2026-04-02 13:10:00,16.58,16.645,16.565,16.645,6858
2026-04-02 13:15:00,16.65,16.67,16.63,16.6332,5281
2026-04-02 13:20:00,16.65,16.655,16.64,16.655,2906
2026-04-02 13:25:00,16.65,16.655,16.62,16.62,1070
2026-04-02 13:30:00,16.645,16.67,16.625,16.63,4292
2026-04-02 13:35:00,16.64,16.67,16.63,16.67,19371
2026-04-02 13:40:00,16.695,16.71,16.61,16.7,13045
2026-04-02 13:45:00,16.69,16.69,16.49,16.52,68698
2026-04-02 13:50:00,16.52,16.585,16.52,16.575,3641
2026-04-02 13:55:00,16.59,16.59,16.56,16.56,2735
2026-04-02 14:00:00,16.59,16.65,16.57,16.65,3830
2026-04-02 14:05:00,16.65,16.7,16.63,16.63,5520
2026-04-02 14:10:00,16.64,16.69,16.63,16.63,7580
2026-04-02 14:15:00,16.6301,16.635,16.6003,16.6003,28797
2026-04-02 14:20:00,16.62,16.63,16.6001,16.63,15945
2026-04-02 14:25:00,16.62,16.62,16.57,16.57,7485
2026-04-02 14:30:00,16.57,16.62,16.57,16.62,2569
2026-04-02 14:35:00,16.6,16.65,16.59,16.6,3662
2026-04-02 14:40:00,16.59,16.66,16.59,16.66,9156
2026-04-02 14:45:00,16.66,16.66,16.585,16.62,38794
2026-04-02 14:50:00,16.621,16.66,16.605,16.64,85875
2026-04-02 14:55:00,16.625,16.625,16.595,16.595,9809
2026-04-02 15:00:00,16.6,16.64,16.6,16.62,7907
2026-04-02 15:05:00,16.625,16.66,16.62,16.645,3395
2026-04-02 15:10:00,16.655,16.71,16.635,16.645,11891
2026-04-02 15:15:00,16.66,16.67,16.59,16.62,57918
2026-04-02 15:20:00,16.63,16.645,16.59,16.59,35719
2026-04-02 15:25:00,16.575,16.59,16.555,16.58,2503
2026-04-02 15:30:00,16.56,16.575,16.53,16.5403,8202
2026-04-02 15:35:00,16.58,16.61,16.565,16.6,5902
2026-04-02 15:40:00,16.6,16.625,16.56,16.575,4190
2026-04-02 15:45:00,16.565,16.575,16.54,16.555,9567
2026-04-02 15:50:00,16.57,16.71,16.57,16.7001,34147
2026-04-02 15:55:00,16.71,16.85,16.71,16.84,48309
2026-04-02 16:00:00,16.84,16.85,16.84,16.85,8362
2026-04-02 16:05:00,16.86,16.9,16.82,16.82,1885
2026-04-02 16:15:00,16.8184,16.85,16.8184,16.85,437
2026-04-02 16:25:00,16.83,16.8893,16.83,16.8893,392
2026-04-02 16:30:00,16.88,16.89,16.88,16.89,225
2026-04-02 16:35:00,16.85,16.85,16.81,16.84,7072
2026-04-02 16:40:00,16.84,16.85,16.84,16.84,589
2026-04-02 16:50:00,16.8,16.8,16.8,16.8,144
2026-04-02 17:00:00,16.8,16.8,16.8,16.8,100
2026-04-02 17:15:00,16.7773,16.7773,16.7773,16.7773,180
2026-04-02 17:40:00,16.81,16.81,16.81,16.81,102
2026-04-02 17:50:00,16.78,16.8,16.76,16.8,3207
2026-04-02 18:00:00,16.81,16.81,16.81,16.81,396
2026-04-02 18:10:00,16.78,16.78,16.75,16.75,436
2026-04-02 18:15:00,16.77,16.83,16.77,16.83,824
2026-04-02 18:20:00,16.7603,16.7603,16.7603,16.7603,449
2026-04-02 18:25:00,16.76,16.76,16.76,16.76,1000
2026-04-02 18:30:00,16.8,16.8,16.8,16.8,100
2026-04-02 18:40:00,16.7978,16.7978,16.7978,16.7978,120
2026-04-02 19:00:00,16.8,16.8,16.76,16.76,3775
2026-04-02 19:05:00,16.8,16.8,16.79,16.79,1018
2026-04-02 19:10:00,16.7677,16.8,16.7677,16.8,500
2026-04-02 19:15:00,16.78,16.78,16.78,16.78,3356
2026-04-02 19:20:00,16.76,16.8,16.76,16.8,3480
2026-04-02 19:25:00,16.8,16.8,16.8,16.8,23798
2026-04-02 19:30:00,16.8,16.8,16.8,16.8,220
2026-04-02 19:35:00,16.8,16.8,16.8,16.8,120
2026-04-02 19:45:00,16.8,16.8,16.8,16.8,110
2026-04-02 19:50:00,16.7626,16.79,16.7626,16.79,373
2026-04-02 19:55:00,16.81,16.82,16.81,16.82,700
