2026-03-04 04:00:00,51.14,51.14,51.05,51.12,3517.0
2026-03-04 04:05:00,51.13,51.13,51.13,51.13,1565.0
2026-03-04 04:10:00,50.96,50.96,50.9,50.9,1900.0
2026-03-04 04:25:00,50.88,50.89,50.88,50.89,800.0
2026-03-04 04:30:00,50.89,50.89,50.86,50.86,2500.0
2026-03-04 04:35:00,50.84,50.91,50.81,50.91,3438.0
2026-03-04 04:40:00,50.91,50.93,50.91,50.93,574.0
2026-03-04 04:50:00,50.62,50.68,50.62,50.68,1100.0
2026-03-04 04:55:00,50.73,50.73,50.73,50.73,1158.0
2026-03-04 05:00:00,50.62,50.62,50.61,50.61,700.0
2026-03-04 05:05:00,50.65,50.65,50.19,50.19,21607.0
2026-03-04 05:10:00,50.18,50.33,50.16,50.33,4558.0
2026-03-04 05:15:00,50.18,50.25,50.13,50.13,2770.0
2026-03-04 05:20:00,50.28,50.31,50.25,50.28,4506.0
2026-03-04 05:25:00,50.44,50.44,50.42,50.44,1328.0
2026-03-04 05:35:00,50.35,50.35,50.35,50.35,140.0
2026-03-04 05:40:00,50.23,50.23,50.23,50.23,100.0
2026-03-04 05:50:00,50.2,50.2,50.2,50.2,1400.0
2026-03-04 05:55:00,50.28,50.28,50.28,50.28,443.0
2026-03-04 06:00:00,50.11,50.11,50.09,50.09,1000.0
2026-03-04 06:05:00,50.12,50.21,50.12,50.21,4547.0
2026-03-04 06:10:00,50.22,50.22,50.16,50.16,443.0
2026-03-04 06:15:00,50.05,50.05,49.99,49.99,1778.0
2026-03-04 06:20:00,50.0,50.0,50.0,50.0,683.0
2026-03-04 06:25:00,50.04,50.11,50.04,50.11,1500.0
2026-03-04 06:30:00,50.28,50.28,50.28,50.28,270.0
2026-03-04 06:40:00,50.37,50.37,50.37,50.37,100.0
2026-03-04 06:45:00,50.44,50.44,50.35,50.35,774.0
2026-03-04 06:50:00,50.44,50.44,50.44,50.44,100.0
2026-03-04 07:00:00,50.48,50.48,50.29,50.33,2500.0
2026-03-04 07:05:00,50.31,50.32,50.27,50.32,2419.0
2026-03-04 07:10:00,50.37,50.37,50.37,50.37,100.0
2026-03-04 07:15:00,50.379,50.5,50.379,50.5,450.0
2026-03-04 07:20:00,50.63,50.71,50.62,50.62,22035.0
2026-03-04 07:25:00,50.73,50.76,50.72,50.76,933.0
2026-03-04 07:30:00,50.88,50.88,50.77,50.77,3400.0
2026-03-04 07:35:00,50.82,50.84,50.82,50.84,400.0
2026-03-04 07:40:00,50.68,50.68,50.58,50.58,269.0
2026-03-04 07:45:00,50.71,50.71,50.71,50.71,300.0
2026-03-04 08:00:00,50.43,51.75,50.0,50.39,87069.0
2026-03-04 08:05:00,50.3477,50.3477,50.13,50.13,10238.0
2026-03-04 08:10:00,50.12,50.12,49.96,49.99,22648.0
2026-03-04 08:15:00,50.1,50.2087,50.1,50.18,4300.0
2026-03-04 08:20:00,50.219,50.23,50.15,50.21,7448.0
2026-03-04 08:25:00,50.1514,50.21,50.1,50.1489,10066.0
2026-03-04 08:30:00,50.1397,50.26,50.09,50.16,23008.0
2026-03-04 08:35:00,50.19,50.23,50.14,50.14,11091.0
2026-03-04 08:40:00,50.18,50.18,50.0,50.0974,13124.0
2026-03-04 08:45:00,50.09,50.09,50.0,50.0004,3641.0
2026-03-04 08:50:00,50.0,50.0999,50.0,50.08,9121.0
2026-03-04 08:55:00,50.1487,50.1685,49.98,50.13,18913.0
2026-03-04 09:00:00,50.12,50.15,50.12,50.13,5230.0
2026-03-04 09:05:00,50.09,50.19,50.06,50.181,16430.0
2026-03-04 09:10:00,50.1502,50.1502,50.07,50.07,650.0
2026-03-04 09:15:00,50.08,50.1,50.0,50.0,5220.0
2026-03-04 09:20:00,49.98,50.1196,49.94,50.1196,4872.0
2026-03-04 09:25:00,50.15,50.31,50.15,50.31,29454.0
2026-03-04 09:30:00,50.32,50.372,49.92,50.065,511687.0
2026-03-04 09:35:00,50.06,50.53,50.05,50.47,441816.0
2026-03-04 09:40:00,50.46,50.68,50.46,50.6305,258172.0
2026-03-04 09:45:00,50.64,50.77,50.31,50.49,265784.0
2026-03-04 09:50:00,50.49,50.63,50.3,50.36,190518.0
2026-03-04 09:55:00,50.35,50.52,50.335,50.36,119400.0
2026-03-04 10:00:00,50.38,50.49,50.1,50.345,201186.0
2026-03-04 10:05:00,50.34,50.38,49.95,49.99,168453.0
2026-03-04 10:10:00,49.99,50.13,49.855,49.96,161179.0
2026-03-04 10:15:00,49.965,49.985,49.68,49.69,303354.0
2026-03-04 10:20:00,49.69,49.7294,49.45,49.455,421958.0
2026-03-04 10:25:00,49.44,49.54,49.29,49.3,127163.0
2026-03-04 10:30:00,49.31,49.48,49.28,49.48,97803.0
2026-03-04 10:35:00,49.51,49.67,49.452,49.65,174364.0
2026-03-04 10:40:00,49.65,49.71,49.5901,49.675,81604.0
2026-03-04 10:45:00,49.67,49.82,49.64,49.67,87387.0
2026-03-04 10:50:00,49.67,49.77,49.55,49.56,123412.0
2026-03-04 10:55:00,49.57,49.57,49.37,49.38,79652.0
2026-03-04 11:00:00,49.37,49.37,49.21,49.3,126718.0
2026-03-04 11:05:00,49.28,49.45,49.28,49.42,90265.0
2026-03-04 11:10:00,49.42,49.71,49.41,49.67,84974.0
2026-03-04 11:15:00,49.66,49.72,49.53,49.66,92671.0
2026-03-04 11:20:00,49.67,49.75,49.59,49.69,133659.0
2026-03-04 11:25:00,49.69,49.72,49.47,49.55,74195.0
2026-03-04 11:30:00,49.53,49.55,49.38,49.44,47926.0
2026-03-04 11:35:00,49.44,49.6,49.39,49.55,124556.0
2026-03-04 11:40:00,49.55,49.56,49.295,49.32,96231.0
2026-03-04 11:45:00,49.31,49.37,49.26,49.3199,128575.0
2026-03-04 11:50:00,49.33,49.43,49.28,49.33,82253.0
2026-03-04 11:55:00,49.325,49.41,49.28,49.4,56746.0
2026-03-04 12:00:00,49.4,49.45,49.2762,49.29,57405.0
2026-03-04 12:05:00,49.29,49.375,49.2692,49.33,60850.0
2026-03-04 12:10:00,49.32,49.36,49.28,49.35,182660.0
2026-03-04 12:15:00,49.34,49.39,49.31,49.36,116832.0
2026-03-04 12:20:00,49.36,49.48,49.32,49.41,97728.0
2026-03-04 12:25:00,49.395,49.5,49.33,49.495,103019.0
2026-03-04 12:30:00,49.49,49.68,49.46,49.46,288645.0
2026-03-04 12:35:00,49.45,49.4974,49.3207,49.335,54985.0
2026-03-04 12:40:00,49.34,49.445,49.3,49.4,87708.0
2026-03-04 12:45:00,49.395,49.395,49.32,49.355,33709.0
2026-03-04 12:50:00,49.36,49.39,49.25,49.28,63256.0
2026-03-04 12:55:00,49.28,49.36,49.26,49.3,53355.0
2026-03-04 13:00:00,49.31,49.35,49.24,49.35,66180.0
2026-03-04 13:05:00,49.35,49.39,49.26,49.29,79215.0
2026-03-04 13:10:00,49.3,49.38,49.265,49.36,62449.0
2026-03-04 13:15:00,49.36,49.435,49.36,49.435,28215.0
2026-03-04 13:20:00,49.445,49.485,49.36,49.43,99656.0
2026-03-04 13:25:00,49.43,49.45,49.31,49.315,29796.0
2026-03-04 13:30:00,49.32,49.32,49.18,49.27,38796.0
2026-03-04 13:35:00,49.27,49.27,49.195,49.25,40314.0
2026-03-04 13:40:00,49.26,49.26,49.165,49.22,14451.0
2026-03-04 13:45:00,49.205,49.27,49.18,49.18,120059.0
2026-03-04 13:50:00,49.1797,49.215,49.16,49.215,59531.0
2026-03-04 13:55:00,49.215,49.3,49.21,49.22,76299.0
2026-03-04 14:00:00,49.22,49.25,49.14,49.1501,38846.0
2026-03-04 14:05:00,49.17,49.205,49.16,49.18,21880.0
2026-03-04 14:10:00,49.18,49.2,49.1399,49.16,70003.0
2026-03-04 14:15:00,49.145,49.18,49.14,49.17,17741.0
2026-03-04 14:20:00,49.17,49.205,49.1462,49.15,41646.0
2026-03-04 14:25:00,49.16,49.24,49.16,49.21,252976.0
2026-03-04 14:30:00,49.21,49.25,49.17,49.2399,51640.0
2026-03-04 14:35:00,49.24,49.24,49.16,49.16,72439.0
2026-03-04 14:40:00,49.15,49.23,49.13,49.2,30216.0
2026-03-04 14:45:00,49.19,49.23,49.16,49.17,25977.0
2026-03-04 14:50:00,49.17,49.17,49.1,49.12,85160.0
2026-03-04 14:55:00,49.13,49.18,49.13,49.18,26543.0
2026-03-04 15:00:00,49.16,49.2,49.13,49.15,39807.0
2026-03-04 15:05:00,49.14,49.27,49.13,49.25,76771.0
2026-03-04 15:10:00,49.25,49.325,49.25,49.3,71530.0
2026-03-04 15:15:00,49.32,49.36,49.28,49.355,31701.0
2026-03-04 15:20:00,49.36,49.46,49.34,49.4,72827.0
2026-03-04 15:25:00,49.405,49.405,49.29,49.295,32363.0
2026-03-04 15:30:00,49.3,49.365,49.27,49.35,53642.0
2026-03-04 15:35:00,49.355,49.36,49.27,49.315,55127.0
2026-03-04 15:40:00,49.32,49.34,49.21,49.23,61172.0
2026-03-04 15:45:00,49.24,49.29,49.215,49.29,68985.0
2026-03-04 15:50:00,49.29,49.49,49.285,49.349,373904.0
2026-03-04 15:55:00,49.36,49.54,49.31,49.54,587788.0
2026-03-04 16:00:00,49.54,49.6905,49.49,49.5902,79221.0
2026-03-04 16:05:00,49.57,49.5713,49.46,49.4695,7691.0
2026-03-04 16:10:00,49.4502,49.48,49.41,49.41,1660.0
2026-03-04 16:15:00,49.46,49.4874,49.4,49.4474,4371.0
2026-03-04 16:20:00,49.5,49.5274,49.5,49.51,8684.0
2026-03-04 16:25:00,49.46,49.47,49.4301,49.47,1136.0
2026-03-04 16:30:00,49.46,49.46,49.44,49.4406,426.0
2026-03-04 16:35:00,49.4301,49.4301,49.4301,49.4301,100.0
2026-03-04 16:40:00,49.46,49.46,49.4402,49.4402,1100.0
2026-03-04 16:45:00,49.42,49.44,49.42,49.44,14723.0
2026-03-04 16:50:00,49.43,49.43,49.36,49.37,4995.0
2026-03-04 16:55:00,49.3997,49.45,49.3997,49.43,2190.0
2026-03-04 17:00:00,49.5,49.5,49.5,49.5,5200.0
2026-03-04 17:05:00,49.499,49.5,49.499,49.5,3000.0
2026-03-04 17:10:00,49.4408,49.4408,49.429,49.429,1200.0
2026-03-04 17:20:00,49.3737,49.41,49.3737,49.41,2500.0
2026-03-04 17:35:00,49.37,49.45,49.37,49.45,806.0
2026-03-04 17:40:00,49.41,49.4174,49.41,49.4174,677.0
2026-03-04 17:45:00,49.4,49.41,49.38,49.38,420.0
2026-03-04 17:50:00,49.4,49.4,49.4,49.4,101.0
2026-03-04 17:55:00,49.3613,49.37,49.36,49.36,1390.0
2026-03-04 18:00:00,49.35,49.4,49.35,49.4,700.0
2026-03-04 18:05:00,49.33,49.33,49.29,49.29,1227.0
2026-03-04 18:10:00,49.26,49.26,49.24,49.25,25020.0
2026-03-04 18:15:00,49.2801,49.32,49.26,49.32,8230.0
2026-03-04 18:20:00,49.35,49.35,49.3274,49.3492,800.0
2026-03-04 18:35:00,49.37,49.37,49.36,49.36,300.0
2026-03-04 18:40:00,49.34,49.34,49.2469,49.2469,2100.0
2026-03-04 18:45:00,49.24,49.25,49.21,49.25,3950.0
2026-03-04 18:50:00,49.25,49.2809,49.25,49.2809,3588.0
2026-03-04 18:55:00,49.3097,49.3097,49.2826,49.2826,250.0
2026-03-04 19:00:00,49.31,49.31,49.31,49.31,250.0
2026-03-04 19:05:00,49.24,49.24,49.2,49.21,3645.0
2026-03-04 19:10:00,49.2,49.23,49.15,49.1501,3650.0
2026-03-04 19:15:00,49.13,49.14,48.97,48.9794,10106.0
2026-03-04 19:20:00,49.0426,49.0691,49.0336,49.0691,3785.0
2026-03-04 19:25:00,49.1299,49.1299,49.1264,49.1274,2200.0
2026-03-04 19:30:00,49.1167,49.12,49.08,49.1001,2624.0
2026-03-04 19:35:00,49.0795,49.0795,49.0787,49.0787,500.0
2026-03-04 19:40:00,49.02,49.1064,49.0199,49.0896,2955.0
2026-03-04 19:45:00,49.1018,49.1018,49.0982,49.0982,300.0
2026-03-04 19:50:00,49.09,49.15,49.09,49.15,705.0
2026-03-04 19:55:00,49.1574,49.1574,49.1406,49.1406,2350.0
2026-03-05 04:00:00,49.94,49.94,49.65,49.66,41752.0
2026-03-05 04:05:00,49.6,49.6,49.29,49.31,31336.0
2026-03-05 04:10:00,49.3,49.3,49.13,49.22,16735.0
2026-03-05 04:15:00,49.23,49.42,49.23,49.37,4278.0
2026-03-05 04:20:00,49.41,49.41,49.18,49.35,58153.0
2026-03-05 04:25:00,49.33,49.53,49.33,49.47,5423.0
2026-03-05 04:30:00,49.51,49.55,49.51,49.54,3640.0
2026-03-05 04:35:00,49.5,49.69,49.45,49.66,8043.0
2026-03-05 04:40:00,49.72,49.72,49.61,49.61,2800.0
2026-03-05 04:45:00,49.64,49.67,49.61,49.61,1677.0
2026-03-05 04:50:00,49.6,49.75,49.59,49.75,7340.0
2026-03-05 04:55:00,49.74,49.74,49.58,49.58,6823.0
2026-03-05 05:00:00,49.57,49.69,49.56,49.66,6030.0
2026-03-05 05:05:00,49.59,49.59,49.52,49.53,4320.0
2026-03-05 05:10:00,49.51,49.51,49.49,49.5,5340.0
2026-03-05 05:15:00,49.51,49.51,49.5,49.5,403.0
2026-03-05 05:25:00,49.55,49.55,49.55,49.55,400.0
2026-03-05 05:35:00,49.49,49.49,49.49,49.49,200.0
2026-03-05 05:40:00,49.56,49.64,49.56,49.64,1900.0
2026-03-05 05:50:00,49.64,49.66,49.64,49.66,320.0
2026-03-05 06:00:00,49.58,49.7,49.58,49.6,32680.0
2026-03-05 06:05:00,49.59,49.59,49.51,49.51,800.0
2026-03-05 06:10:00,49.56,49.56,49.5,49.5,400.0
2026-03-05 06:15:00,49.43,49.43,49.4,49.43,2053.0
2026-03-05 06:20:00,49.45,49.49,49.45,49.49,310.0
2026-03-05 06:25:00,49.45,49.45,49.43,49.45,1920.0
2026-03-05 06:30:00,49.5,49.55,49.4,49.55,8242.0
2026-03-05 06:35:00,49.58,49.58,49.57,49.57,300.0
2026-03-05 06:50:00,49.55,49.62,49.54,49.62,2803.0
2026-03-05 06:55:00,49.61,49.62,49.59,49.62,5639.0
2026-03-05 07:00:00,49.69,49.75,49.65,49.7,4725.0
2026-03-05 07:05:00,49.7,49.7,49.61,49.61,2300.0
2026-03-05 07:10:00,49.62,49.69,49.62,49.69,1100.0
2026-03-05 07:15:00,49.69,49.72,49.63,49.63,5560.0
2026-03-05 07:20:00,49.49,49.52,49.41,49.52,8646.0
2026-03-05 07:25:00,49.53,49.55,49.5,49.54,4000.0
2026-03-05 07:30:00,49.56,49.63,49.56,49.63,300.0
2026-03-05 07:35:00,49.67,49.68,49.67,49.67,520.0
2026-03-05 07:40:00,49.63,49.73,49.63,49.73,3200.0
2026-03-05 07:45:00,49.63,49.75,49.63,49.72,1718.0
2026-03-05 07:50:00,49.76,49.89,49.76,49.89,11288.0
2026-03-05 07:55:00,49.83,49.83,49.76,49.76,2772.0
2026-03-05 08:00:00,49.7303,50.25,49.21,49.83,126541.0
2026-03-05 08:05:00,49.9,50.2,49.77,49.92,14822.0
2026-03-05 08:10:00,49.93,49.94,49.87,49.89,6260.0
2026-03-05 08:15:00,49.8414,49.91,49.8218,49.91,3140.0
2026-03-05 08:20:00,49.9079,49.93,49.9079,49.93,2190.0
2026-03-05 08:25:00,49.97,49.97,49.85,49.87,11664.0
2026-03-05 08:30:00,49.81,50.0,49.81,49.95,27087.0
2026-03-05 08:35:00,49.94,50.07,49.93,50.0502,22719.0
2026-03-05 08:40:00,50.0674,50.0674,49.96,49.9601,5600.0
2026-03-05 08:45:00,49.98,49.99,49.95,49.9791,13400.0
2026-03-05 08:50:00,49.9236,49.9913,49.9085,49.9913,1096.0
2026-03-05 08:55:00,50.02,50.2,50.02,50.13,29137.0
2026-03-05 09:00:00,50.14,50.22,50.1,50.22,30152.0
2026-03-05 09:05:00,50.2174,50.2514,50.15,50.2,13185.0
2026-03-05 09:10:00,50.17,50.27,50.1318,50.26,9195.0
2026-03-05 09:15:00,50.24,50.34,50.23,50.29,12081.0
2026-03-05 09:20:00,50.3101,50.34,50.2,50.3,10699.0
2026-03-05 09:25:00,50.18,50.24,50.17,50.23,10845.0
2026-03-05 09:30:00,50.21,50.26,49.77,49.77,382716.0
2026-03-05 09:35:00,49.77,49.995,49.71,49.87,352805.0
2026-03-05 09:40:00,49.9,50.13,49.85,50.1,202591.0
2026-03-05 09:45:00,50.08,50.19,49.85,50.05,220549.0
2026-03-05 09:50:00,50.06,50.1,49.81,49.82,161222.0
2026-03-05 09:55:00,49.84,49.88,49.57,49.57,197266.0
2026-03-05 10:00:00,49.56,49.76,49.47,49.74,77584.0
2026-03-05 10:05:00,49.74,50.0381,49.72,49.9097,133645.0
2026-03-05 10:10:00,49.9,50.0,49.73,49.73,117597.0
2026-03-05 10:15:00,49.74,50.07,49.74,50.03,158632.0
2026-03-05 10:20:00,50.05,50.43,50.05,50.4201,130225.0
2026-03-05 10:25:00,50.44,50.59,50.35,50.5,126565.0
2026-03-05 10:30:00,50.48,50.81,50.48,50.62,237024.0
2026-03-05 10:35:00,50.63,50.7,50.42,50.4303,131629.0
2026-03-05 10:40:00,50.425,50.47,50.28,50.395,137928.0
2026-03-05 10:45:00,50.4,50.42,50.22,50.3994,107826.0
2026-03-05 10:50:00,50.39,50.39,50.1,50.18,127203.0
2026-03-05 10:55:00,50.2,50.39,50.19,50.21,90983.0
2026-03-05 11:00:00,50.21,50.5,50.16,50.48,135972.0
2026-03-05 11:05:00,50.475,50.65,50.43,50.63,105363.0
2026-03-05 11:10:00,50.65,50.85,50.59,50.7,182005.0
2026-03-05 11:15:00,50.71,50.88,50.635,50.855,146860.0
2026-03-05 11:20:00,50.85,50.86,50.6,50.72,170803.0
2026-03-05 11:25:00,50.76,50.79,50.63,50.77,60293.0
2026-03-05 11:30:00,50.765,50.78,50.5,50.655,82974.0
2026-03-05 11:35:00,50.65,50.67,50.465,50.57,49717.0
2026-03-05 11:40:00,50.52,50.68,50.44,50.63,69897.0
2026-03-05 11:45:00,50.59,50.59,50.42,50.515,120639.0
2026-03-05 11:50:00,50.51,50.61,50.4403,50.48,43267.0
2026-03-05 11:55:00,50.47,50.47,50.37,50.44,72865.0
2026-03-05 12:00:00,50.43,50.48,50.15,50.16,82850.0
2026-03-05 12:05:00,50.16,50.45,50.14,50.45,65349.0
2026-03-05 12:10:00,50.48,50.62,50.42,50.55,93119.0
2026-03-05 12:15:00,50.55,50.85,50.55,50.82,54475.0
2026-03-05 12:20:00,50.81,50.89,50.74,50.78,68336.0
2026-03-05 12:25:00,50.8,50.99,50.735,50.99,230051.0
2026-03-05 12:30:00,50.98,51.26,50.925,51.25,165247.0
2026-03-05 12:35:00,51.225,51.29,50.96,51.09,258927.0
2026-03-05 12:40:00,51.055,51.32,51.01,51.265,104340.0
2026-03-05 12:45:00,51.26,51.46,51.26,51.43,126916.0
2026-03-05 12:50:00,51.42,51.505,51.24,51.45,103882.0
2026-03-05 12:55:00,51.4399,51.52,51.361,51.43,113034.0
2026-03-05 13:00:00,51.4494,51.47,51.28,51.28,180123.0
2026-03-05 13:05:00,51.32,51.36,51.1201,51.14,72060.0
2026-03-05 13:10:00,51.145,51.25,51.05,51.09,78588.0
2026-03-05 13:15:00,51.1,51.47,51.05,51.45,78341.0
2026-03-05 13:20:00,51.44,51.46,51.24,51.33,76089.0
2026-03-05 13:25:00,51.34,51.55,51.32,51.46,63789.0
2026-03-05 13:30:00,51.48,51.57,51.31,51.45,72072.0
2026-03-05 13:35:00,51.45,51.49,51.32,51.38,54196.0
2026-03-05 13:40:00,51.37,51.38,51.12,51.14,71677.0
2026-03-05 13:45:00,51.145,51.38,51.14,51.33,95910.0
2026-03-05 13:50:00,51.36,51.555,51.345,51.525,107281.0
2026-03-05 13:55:00,51.525,51.525,51.3101,51.4,54393.0
2026-03-05 14:00:00,51.39,51.45,51.3,51.37,78690.0
2026-03-05 14:05:00,51.37,51.38,51.25,51.32,61563.0
2026-03-05 14:10:00,51.32,51.41,51.22,51.25,34994.0
2026-03-05 14:15:00,51.28,51.3995,51.24,51.25,58203.0
2026-03-05 14:20:00,51.24,51.34,51.15,51.29,79064.0
2026-03-05 14:25:00,51.27,51.47,51.225,51.38,61149.0
2026-03-05 14:30:00,51.44,51.62,51.44,51.53,79173.0
2026-03-05 14:35:00,51.54,51.6,51.455,51.47,67008.0
2026-03-05 14:40:00,51.45,51.47,51.31,51.31,57496.0
2026-03-05 14:45:00,51.32,51.405,51.21,51.265,59105.0
2026-03-05 14:50:00,51.25,51.38,51.1607,51.38,61300.0
2026-03-05 14:55:00,51.38,51.43,51.25,51.31,52875.0
2026-03-05 15:00:00,51.3,51.43,51.07,51.1,308468.0
2026-03-05 15:05:00,51.11,51.37,51.0,51.04,258168.0
2026-03-05 15:10:00,51.05,51.06,50.87,50.925,99633.0
2026-03-05 15:15:00,50.92,51.015,50.785,50.87,83661.0
2026-03-05 15:20:00,50.87,50.91,50.71,50.71,84653.0
2026-03-05 15:25:00,50.71,50.8,50.57,50.79,136037.0
2026-03-05 15:30:00,50.79,50.84,50.62,50.66,88514.0
2026-03-05 15:35:00,50.66,50.695,50.57,50.67,47904.0
2026-03-05 15:40:00,50.66,50.76,50.64,50.675,63689.0
2026-03-05 15:45:00,50.665,50.8,50.56,50.56,85866.0
2026-03-05 15:50:00,50.55,50.59,50.36,50.38,357454.0
2026-03-05 15:55:00,50.37,50.46,50.2926,50.37,349500.0
2026-03-05 16:00:00,50.36,50.4803,50.36,50.4101,44668.0
2026-03-05 16:05:00,50.41,50.5,50.4,50.45,4094.0
2026-03-05 16:10:00,50.48,50.5297,50.47,50.5182,12782.0
2026-03-05 16:15:00,50.48,50.48,50.44,50.47,4623.0
2026-03-05 16:20:00,50.47,50.5513,50.46,50.5513,3541.0
2026-03-05 16:25:00,50.59,50.62,50.55,50.55,14246.0
2026-03-05 16:30:00,50.54,50.57,50.54,50.57,634.0
2026-03-05 16:35:00,50.6,50.6087,50.54,50.58,3627.0
2026-03-05 16:40:00,50.57,50.59,50.56,50.59,998.0
2026-03-05 16:45:00,50.6,50.65,50.6,50.6103,5509.0
2026-03-05 16:50:00,50.58,50.59,50.55,50.59,1770.0
2026-03-05 16:55:00,50.6,50.6,50.56,50.56,4700.0
2026-03-05 17:00:00,50.57,50.57,50.57,50.57,376.0
2026-03-05 17:05:00,50.61,50.61,50.61,50.61,100.0
2026-03-05 17:10:00,50.56,50.62,50.56,50.62,868.0
2026-03-05 17:15:00,50.58,50.58,50.58,50.58,5489.0
2026-03-05 17:25:00,50.65,50.65,50.65,50.65,225.0
2026-03-05 17:40:00,50.42,50.42,50.42,50.42,400.0
2026-03-05 17:45:00,50.5316,50.5316,50.5316,50.5316,100.0
2026-03-05 17:50:00,50.55,50.55,50.55,50.55,100.0
2026-03-05 17:55:00,50.6,50.61,50.6,50.6,1470.0
2026-03-05 18:00:00,50.56,50.62,50.52,50.52,5031.0
2026-03-05 18:05:00,50.52,50.55,50.4511,50.48,4298.0
2026-03-05 18:10:00,50.45,50.45,50.45,50.45,150.0
2026-03-05 18:15:00,50.44,50.44,50.4396,50.44,756.0
2026-03-05 18:20:00,50.42,50.43,50.41,50.42,3828.0
2026-03-05 18:25:00,50.44,50.44,50.35,50.35,2059.0
2026-03-05 18:30:00,50.36,50.37,50.35,50.37,9200.0
2026-03-05 18:35:00,50.37,50.3778,50.3661,50.3661,2996.0
2026-03-05 18:40:00,50.28,50.28,50.27,50.27,1786.0
2026-03-05 18:45:00,50.25,50.25,50.23,50.23,800.0
2026-03-05 19:00:00,50.22,50.22,50.15,50.15,1207.0
2026-03-05 19:05:00,50.13,50.13,50.09,50.09,400.0
2026-03-05 19:10:00,50.08,50.09,50.05,50.0502,1800.0
2026-03-05 19:15:00,50.11,50.1296,50.09,50.1296,1130.0
2026-03-05 19:20:00,50.13,50.1697,50.13,50.1674,1500.0
2026-03-05 19:25:00,50.19,50.199,50.17,50.199,780.0
2026-03-05 19:30:00,50.1796,50.2305,50.1796,50.2305,599.0
2026-03-05 19:35:00,50.22,50.22,50.1804,50.2,1595.0
2026-03-05 19:40:00,50.19,50.2,50.17,50.17,3250.0
2026-03-05 19:45:00,50.179,50.179,50.1695,50.1695,900.0
2026-03-05 19:50:00,50.2396,50.2396,50.1701,50.2,1300.0
2026-03-05 19:55:00,50.22,50.22,50.22,50.22,789.0
2026-03-06 04:00:00,50.3,50.43,50.29,50.43,7990.0
2026-03-06 04:05:00,50.36,50.38,50.36,50.38,900.0
2026-03-06 04:10:00,50.56,50.56,50.53,50.53,600.0
2026-03-06 04:15:00,50.55,50.72,50.53,50.7,2640.0
2026-03-06 04:20:00,50.7,50.71,50.69,50.71,1175.0
2026-03-06 04:25:00,50.75,50.84,50.75,50.83,2380.0
2026-03-06 04:30:00,50.85,50.85,50.79,50.79,1400.0
2026-03-06 04:35:00,50.96,51.01,50.96,51.01,850.0
2026-03-06 04:40:00,51.02,51.02,51.0,51.0,550.0
2026-03-06 04:50:00,51.11,51.11,51.11,51.11,300.0
2026-03-06 04:55:00,51.03,51.03,50.97,51.02,2372.0
2026-03-06 05:00:00,50.95,50.97,50.95,50.97,1539.0
2026-03-06 05:05:00,50.84,50.85,50.83,50.84,2219.0
2026-03-06 05:15:00,50.8,50.8,50.77,50.77,500.0
2026-03-06 05:25:00,50.81,50.88,50.68,50.68,5387.0
2026-03-06 05:30:00,50.72,50.72,50.72,50.72,100.0
2026-03-06 05:35:00,50.81,50.85,50.8,50.82,1516.0
2026-03-06 05:45:00,50.85,50.85,50.85,50.85,120.0
2026-03-06 05:50:00,50.89,50.89,50.89,50.89,500.0
2026-03-06 06:00:00,50.9,50.96,50.9,50.96,3055.0
2026-03-06 06:05:00,51.01,51.08,50.9,50.99,8595.0
2026-03-06 06:10:00,50.81,50.83,50.81,50.83,1970.0
2026-03-06 06:15:00,50.86,50.88,50.86,50.88,1120.0
2026-03-06 06:20:00,50.91,50.91,50.91,50.91,1218.0
2026-03-06 06:25:00,50.83,50.85,50.79,50.84,4187.0
2026-03-06 06:30:00,50.82,50.87,50.82,50.87,600.0
2026-03-06 06:40:00,51.09,51.09,51.09,51.09,100.0
2026-03-06 06:45:00,51.2,51.2,51.1,51.16,340.0
2026-03-06 06:55:00,51.31,51.34,51.31,51.31,610.0
2026-03-06 07:00:00,51.27,51.311,51.22,51.27,3690.0
2026-03-06 07:05:00,51.25,51.31,51.25,51.31,742.0
2026-03-06 07:10:00,51.27,51.27,51.2,51.2,1970.0
2026-03-06 07:15:00,51.16,51.19,51.14,51.17,5550.0
2026-03-06 07:20:00,51.22,51.25,51.22,51.25,700.0
2026-03-06 07:25:00,51.23,51.23,51.21,51.21,1920.0
2026-03-06 07:30:00,51.28,51.4,51.24,51.29,10509.0
2026-03-06 07:35:00,51.3,51.42,51.3,51.36,8048.0
2026-03-06 07:40:00,51.3,51.31,51.3,51.31,500.0
2026-03-06 07:45:00,51.36,51.5,51.36,51.48,940.0
2026-03-06 07:50:00,51.47,51.47,51.39,51.45,68971.0
2026-03-06 07:55:00,51.46,51.46,51.46,51.46,600.0
2026-03-06 08:00:00,50.9895,51.5093,49.98,51.33,90443.0
2026-03-06 08:05:00,51.35,51.3687,51.19,51.28,19903.0
2026-03-06 08:10:00,51.271,51.271,51.2118,51.25,3420.0
2026-03-06 08:15:00,51.27,51.3066,51.26,51.2674,5311.0
2026-03-06 08:20:00,51.28,51.32,51.28,51.2896,2520.0
2026-03-06 08:25:00,51.261,51.261,51.13,51.14,6407.0
2026-03-06 08:30:00,51.12,51.84,51.05,51.43,104906.0
2026-03-06 08:35:00,51.45,51.7682,51.34,51.7682,40715.0
2026-03-06 08:40:00,51.76,51.9059,51.68,51.8307,17773.0
2026-03-06 08:45:00,51.89,52.22,51.89,52.1,18034.0
2026-03-06 08:50:00,52.09,52.38,52.0401,52.38,42043.0
2026-03-06 08:55:00,52.36,52.5,52.249,52.379,18075.0
2026-03-06 09:00:00,52.38,52.43,52.2616,52.3393,14961.0
2026-03-06 09:05:00,52.32,52.52,52.3193,52.4726,8778.0
2026-03-06 09:10:00,52.45,52.45,52.32,52.4,7748.0
2026-03-06 09:15:00,52.4288,52.48,52.38,52.43,17215.0
2026-03-06 09:20:00,52.37,52.41,52.28,52.4,15026.0
2026-03-06 09:25:00,52.38,52.38,52.22,52.22,24056.0
2026-03-06 09:30:00,52.19,52.505,52.07,52.4,468579.0
2026-03-06 09:35:00,52.43,52.86,52.39,52.7,313456.0
2026-03-06 09:40:00,52.72,52.79,52.47,52.73,250690.0
2026-03-06 09:45:00,52.74,52.96,52.55,52.8001,206522.0
2026-03-06 09:50:00,52.8,52.855,52.49,52.79,221482.0
2026-03-06 09:55:00,52.8,53.01,52.7,52.7676,202858.0
2026-03-06 10:00:00,52.76,52.77,52.275,52.33,235690.0
2026-03-06 10:05:00,52.33,52.77,52.29,52.72,141438.0
2026-03-06 10:10:00,52.74,52.78,52.23,52.24,183575.0
2026-03-06 10:15:00,52.25,52.37,52.18,52.19,221427.0
2026-03-06 10:20:00,52.19,52.25,51.99,52.05,239964.0
2026-03-06 10:25:00,52.07,52.175,52.01,52.02,117785.0
2026-03-06 10:30:00,52.04,52.04,51.84,51.87,259156.0
2026-03-06 10:35:00,51.85,51.88,51.65,51.72,166147.0
2026-03-06 10:40:00,51.72,52.03,51.72,51.91,177439.0
2026-03-06 10:45:00,51.92,52.18,51.86,52.12,164283.0
2026-03-06 10:50:00,52.11,52.4,52.11,52.2,140691.0
2026-03-06 10:55:00,52.19,52.2,51.76,51.87,148709.0
2026-03-06 11:00:00,51.86,51.91,51.63,51.645,196363.0
2026-03-06 11:05:00,51.65,51.89,51.63,51.87,159103.0
2026-03-06 11:10:00,51.88,52.05,51.85,52.0193,115742.0
2026-03-06 11:15:00,52.04,52.0797,51.83,51.88,172409.0
2026-03-06 11:20:00,51.87,52.19,51.85,51.98,184855.0
2026-03-06 11:25:00,51.96,52.12,51.93,51.98,128226.0
2026-03-06 11:30:00,51.98,52.2,51.94,52.13,172877.0
2026-03-06 11:35:00,52.15,52.16,51.81,51.87,233938.0
2026-03-06 11:40:00,51.83,51.98,51.8,51.96,123205.0
2026-03-06 11:45:00,51.96,51.97,51.7,51.775,131774.0
2026-03-06 11:50:00,51.76,51.9501,51.63,51.93,139964.0
2026-03-06 11:55:00,51.925,52.04,51.74,51.86,154493.0
2026-03-06 12:00:00,51.86,51.94,51.655,51.78,132137.0
2026-03-06 12:05:00,51.78,52.15,51.78,52.05,161053.0
2026-03-06 12:10:00,52.07,52.14,51.99,52.09,90333.0
2026-03-06 12:15:00,52.08,52.19,51.98,51.98,84811.0
2026-03-06 12:20:00,51.98,52.05,51.81,51.96,194218.0
2026-03-06 12:25:00,51.96,52.21,51.95,52.11,109339.0
2026-03-06 12:30:00,52.11,52.16,52.04,52.04,99667.0
2026-03-06 12:35:00,52.05,52.38,52.05,52.31,116262.0
2026-03-06 12:40:00,52.3,52.5,52.2601,52.375,151497.0
2026-03-06 12:45:00,52.37,52.37,52.18,52.21,83974.0
2026-03-06 12:50:00,52.2,52.28,52.08,52.25,58228.0
2026-03-06 12:55:00,52.23,52.3,52.11,52.27,44757.0
2026-03-06 13:00:00,52.28,52.3,52.01,52.17,62327.0
2026-03-06 13:05:00,52.16,52.2,51.96,52.03,41099.0
2026-03-06 13:10:00,52.03,52.09,51.6,51.67,158943.0
2026-03-06 13:15:00,51.66,51.8,51.61,51.65,161062.0
2026-03-06 13:20:00,51.64,51.85,51.62,51.78,52156.0
2026-03-06 13:25:00,51.7799,52.01,51.7799,51.93,31578.0
2026-03-06 13:30:00,51.93,51.96,51.785,51.86,98932.0
2026-03-06 13:35:00,51.88,52.07,51.86,51.98,96611.0
2026-03-06 13:40:00,51.99,52.01,51.88,51.96,22975.0
2026-03-06 13:45:00,51.93,52.02,51.91,51.92,23573.0
2026-03-06 13:50:00,51.9,52.14,51.9,52.08,43880.0
2026-03-06 13:55:00,52.1,52.14,51.99,52.05,135772.0
2026-03-06 14:00:00,52.06,52.1,51.99,52.09,29177.0
2026-03-06 14:05:00,52.11,52.12,51.91,51.93,166783.0
2026-03-06 14:10:00,51.93,51.93,51.76,51.81,144028.0
2026-03-06 14:15:00,51.81,51.97,51.79,51.82,109870.0
2026-03-06 14:20:00,51.84,52.03,51.81,52.0,127012.0
2026-03-06 14:25:00,52.02,52.08,51.83,51.86,158863.0
2026-03-06 14:30:00,51.87,51.9,51.765,51.83,129839.0
2026-03-06 14:35:00,51.83,52.01,51.8,51.91,33407.0
2026-03-06 14:40:00,51.89,51.93,51.71,51.92,114634.0
2026-03-06 14:45:00,51.93,52.03,51.89,51.95,83217.0
2026-03-06 14:50:00,51.96,52.02,51.84,51.87,125814.0
2026-03-06 14:55:00,51.865,51.9,51.82,51.85,50753.0
2026-03-06 15:00:00,51.85,51.85,51.63,51.68,56923.0
2026-03-06 15:05:00,51.6899,51.87,51.68,51.86,61006.0
2026-03-06 15:10:00,51.85,52.19,51.83,52.08,168570.0
2026-03-06 15:15:00,52.09,52.18,51.97,52.09,101791.0
2026-03-06 15:20:00,52.09,52.325,52.09,52.31,84335.0
2026-03-06 15:25:00,52.31,52.52,52.3002,52.465,98682.0
2026-03-06 15:30:00,52.465,52.5899,52.39,52.53,80355.0
2026-03-06 15:35:00,52.5201,52.7,52.44,52.47,150835.0
2026-03-06 15:40:00,52.46,52.56,52.21,52.4,224454.0
2026-03-06 15:45:00,52.41,52.42,52.29,52.33,78944.0
2026-03-06 15:50:00,52.33,52.55,52.28,52.3755,240692.0
2026-03-06 15:55:00,52.38,52.49,52.24,52.41,491648.0
2026-03-06 16:00:00,52.41,52.6104,52.37,52.6104,27995.0
2026-03-06 16:05:00,52.61,52.68,52.59,52.61,18085.0
2026-03-06 16:10:00,52.6,52.6,52.45,52.47,8621.0
2026-03-06 16:15:00,52.4804,52.59,52.48,52.54,10845.0
2026-03-06 16:20:00,52.53,52.55,52.52,52.55,1708.0
2026-03-06 16:25:00,52.55,52.61,52.53,52.55,3765.0
2026-03-06 16:30:00,52.59,52.59,52.58,52.58,500.0
2026-03-06 16:35:00,52.5306,52.57,52.51,52.51,2612.0
2026-03-06 16:40:00,52.49,52.5274,52.48,52.5,23190.0
2026-03-06 16:45:00,52.5,52.5,52.47,52.4804,1975.0
2026-03-06 16:50:00,52.46,52.46,52.3913,52.43,9264.0
2026-03-06 16:55:00,52.4,52.44,52.3901,52.44,1840.0
2026-03-06 17:00:00,52.49,52.49,52.43,52.4318,700.0
2026-03-06 17:05:00,52.43,52.46,52.3813,52.3813,1500.0
2026-03-06 17:10:00,52.44,52.4596,52.44,52.4596,1435.0
2026-03-06 17:15:00,52.46,52.5308,52.46,52.5308,670.0
2026-03-06 17:20:00,52.4507,52.56,52.4507,52.56,3000.0
2026-03-06 17:25:00,52.44,52.5,52.44,52.5,880.0
2026-03-06 17:35:00,52.42,52.42,52.42,52.42,200.0
2026-03-06 17:45:00,52.5,52.5,52.38,52.38,1000.0
2026-03-06 17:55:00,52.54,52.54,52.54,52.54,380.0
2026-03-06 18:10:00,52.6,52.6,52.6,52.6,599.0
2026-03-06 18:15:00,52.6016,52.6016,52.6016,52.6016,203.0
2026-03-06 18:25:00,52.67,52.67,52.67,52.67,1500.0
2026-03-06 18:35:00,52.65,52.65,52.65,52.65,107.0
2026-03-06 18:45:00,52.62,52.62,52.61,52.61,500.0
2026-03-06 18:50:00,52.62,52.62,52.62,52.62,100.0
2026-03-06 18:55:00,52.65,52.65,52.65,52.65,200.0
2026-03-06 19:00:00,52.64,52.64,52.64,52.64,100.0
2026-03-06 19:10:00,52.65,52.65,52.6214,52.6214,600.0
2026-03-06 19:15:00,52.62,52.6215,52.62,52.6201,2400.0
2026-03-06 19:20:00,52.6,52.6,52.6,52.6,700.0
2026-03-06 19:25:00,52.6783,52.6783,52.6783,52.6783,100.0
2026-03-06 19:30:00,52.66,52.6865,52.66,52.6865,673.0
2026-03-06 19:35:00,52.6832,52.69,52.6832,52.69,800.0
2026-03-06 19:45:00,52.64,52.64,52.64,52.64,100.0
2026-03-06 19:50:00,52.66,52.71,52.66,52.71,312.0
2026-03-06 19:55:00,52.6995,52.71,52.68,52.7099,926.0
2026-03-09 04:00:00,54.35,54.98,54.35,54.66,4208.0
2026-03-09 04:05:00,54.79,54.8,54.63,54.63,1120.0
2026-03-09 04:10:00,54.72,54.72,54.72,54.72,100.0
2026-03-09 04:15:00,54.79,54.9,54.79,54.9,600.0
2026-03-09 04:20:00,54.58,54.58,54.46,54.54,4071.0
2026-03-09 04:25:00,54.44,54.51,54.44,54.51,3000.0
2026-03-09 04:30:00,54.59,54.59,54.42,54.42,2820.0
2026-03-09 04:35:00,54.41,54.44,54.41,54.44,4300.0
2026-03-09 04:45:00,54.62,54.64,54.62,54.64,1766.0
2026-03-09 04:55:00,54.42,54.5,54.42,54.44,4986.0
2026-03-09 05:00:00,54.38,54.5,54.34,54.5,8593.0
2026-03-09 05:05:00,54.54,54.58,54.43,54.43,640.0
2026-03-09 05:10:00,54.54,54.54,54.25,54.25,6740.0
2026-03-09 05:15:00,54.25,54.26,54.02,54.11,10068.0
2026-03-09 05:20:00,54.01,54.05,53.83,53.84,14135.0
2026-03-09 05:25:00,53.86,53.86,53.83,53.84,660.0
2026-03-09 05:30:00,53.87,54.0,53.4,53.52,26910.0
2026-03-09 05:35:00,53.5,53.68,53.43,53.59,23944.0
2026-03-09 05:40:00,53.63,53.65,53.62,53.62,7454.0
2026-03-09 05:45:00,53.62,53.81,53.53,53.77,7669.0
2026-03-09 05:50:00,53.82,54.0,53.82,53.97,9304.0
2026-03-09 05:55:00,53.91,53.91,53.79,53.82,1943.0
2026-03-09 06:00:00,53.79,54.0,53.79,53.89,10230.0
2026-03-09 06:05:00,53.87,54.04,53.87,54.04,400.0
2026-03-09 06:10:00,54.02,54.09,53.99,54.09,649.0
2026-03-09 06:15:00,54.07,54.08,53.98,53.98,1230.0
2026-03-09 06:20:00,53.93,54.06,53.93,54.06,1500.0
2026-03-09 06:25:00,54.0,54.15,54.0,54.15,3260.0
2026-03-09 06:30:00,54.22,54.22,54.12,54.12,2220.0
2026-03-09 06:35:00,54.12,54.21,53.93,54.07,9970.0
2026-03-09 06:40:00,54.03,54.05,54.0,54.05,3200.0
2026-03-09 06:45:00,54.11,54.2,54.11,54.19,3480.0
2026-03-09 06:50:00,54.19,54.31,54.13,54.18,3719.0
2026-03-09 06:55:00,54.08,54.23,54.08,54.21,1600.0
2026-03-09 07:00:00,54.17,54.18,54.0,54.05,4950.0
2026-03-09 07:05:00,54.011,54.011,53.979,54.0,2563.0
2026-03-09 07:10:00,54.07,54.12,54.06,54.11,2807.0
2026-03-09 07:15:00,54.12,54.26,54.12,54.2,6015.0
2026-03-09 07:20:00,54.29,54.29,54.09,54.09,12700.0
2026-03-09 07:25:00,54.1,54.12,54.1,54.12,200.0
2026-03-09 07:30:00,54.23,54.23,54.09,54.09,1515.0
2026-03-09 07:35:00,54.0,54.04,53.99,54.04,1049.0
2026-03-09 07:40:00,54.05,54.19,54.05,54.14,6581.0
2026-03-09 07:45:00,54.09,54.14,54.0,54.1,1880.0
2026-03-09 07:50:00,54.17,54.17,54.0,54.03,5000.0
2026-03-09 07:55:00,54.04,54.17,54.03,54.17,3660.0
2026-03-09 08:00:00,54.05,55.44,53.4704,53.93,74491.0
2026-03-09 08:05:00,53.94,55.48,53.85,53.97,96568.0
2026-03-09 08:10:00,53.93,53.9799,53.83,53.83,2777.0
2026-03-09 08:15:00,53.81,53.83,53.75,53.8,6233.0
2026-03-09 08:20:00,53.76,53.81,53.7,53.725,13690.0
2026-03-09 08:25:00,53.7,53.78,53.66,53.66,9863.0
2026-03-09 08:30:00,53.65,53.86,53.63,53.85,6514.0
2026-03-09 08:35:00,53.92,54.06,53.9,54.06,8225.0
2026-03-09 08:40:00,54.1,54.22,54.06,54.169,59857.0
2026-03-09 08:45:00,54.21,54.21,54.14,54.1501,2250.0
2026-03-09 08:50:00,54.24,54.3,54.11,54.25,28111.0
2026-03-09 08:55:00,54.24,54.24,54.17,54.17,11681.0
2026-03-09 09:00:00,54.1,54.13,53.98,53.98,8416.0
2026-03-09 09:05:00,53.95,54.11,53.93,54.03,56124.0
2026-03-09 09:10:00,53.96,53.96,53.8,53.83,8727.0
2026-03-09 09:15:00,53.84,53.91,53.79,53.91,5678.0
2026-03-09 09:20:00,53.97,54.01,53.91,53.99,11164.0
2026-03-09 09:25:00,54.06,54.06,53.87,53.87,14462.0
2026-03-09 09:30:00,53.84,54.01,53.56,53.87,574344.0
2026-03-09 09:35:00,53.86,54.26,53.82,54.24,284294.0
2026-03-09 09:40:00,54.25,54.495,54.2099,54.32,304026.0
2026-03-09 09:45:00,54.34,54.56,54.2,54.5,256914.0
2026-03-09 09:50:00,54.5,54.71,54.37,54.615,294491.0
2026-03-09 09:55:00,54.62,54.72,54.2,54.385,306152.0
2026-03-09 10:00:00,54.4,54.47,53.98,53.99,182633.0
2026-03-09 10:05:00,53.985,54.67,53.96,54.53,339457.0
2026-03-09 10:10:00,54.52,54.79,54.51,54.61,168210.0
2026-03-09 10:15:00,54.61,54.69,54.37,54.4,273494.0
2026-03-09 10:20:00,54.47,54.65,54.03,54.11,156358.0
2026-03-09 10:25:00,54.13,54.5,54.05,54.3893,152916.0
2026-03-09 10:30:00,54.4,54.4,54.14,54.17,124781.0
2026-03-09 10:35:00,54.18,54.22,53.83,53.93,115545.0
2026-03-09 10:40:00,53.93,54.02,53.74,53.74,163047.0
2026-03-09 10:45:00,53.73,53.77,53.54,53.585,146038.0
2026-03-09 10:50:00,53.57,53.695,53.44,53.4494,140859.0
2026-03-09 10:55:00,53.46,53.68,53.41,53.57,176056.0
2026-03-09 11:00:00,53.56,53.57,53.31,53.36,171578.0
2026-03-09 11:05:00,53.38,53.52,53.3,53.48,116313.0
2026-03-09 11:10:00,53.47,53.49,53.285,53.3,91723.0
2026-03-09 11:15:00,53.27,53.38,53.17,53.28,261091.0
2026-03-09 11:20:00,53.28,53.335,53.13,53.16,91174.0
2026-03-09 11:25:00,53.17,53.24,53.025,53.06,133300.0
2026-03-09 11:30:00,53.07,53.32,53.06,53.28,119762.0
2026-03-09 11:35:00,53.28,53.36,53.24,53.33,89563.0
2026-03-09 11:40:00,53.35,53.39,53.27,53.36,95873.0
2026-03-09 11:45:00,53.36,53.38,53.14,53.22,228597.0
2026-03-09 11:50:00,53.22,53.26,53.06,53.09,89733.0
2026-03-09 11:55:00,53.11,53.16,53.045,53.145,50219.0
2026-03-09 12:00:00,53.13,53.2,52.94,53.09,145672.0
2026-03-09 12:05:00,53.07,53.11,52.99,53.045,71041.0
2026-03-09 12:10:00,53.07,53.12,52.97,53.02,39059.0
2026-03-09 12:15:00,53.03,53.12,53.01,53.02,66910.0
2026-03-09 12:20:00,53.03,53.18,52.8699,52.915,160965.0
2026-03-09 12:25:00,52.9,52.94,52.6301,52.825,216286.0
2026-03-09 12:30:00,52.8,53.03,52.77,52.83,139711.0
2026-03-09 12:35:00,52.83,52.835,52.7,52.76,85812.0
2026-03-09 12:40:00,52.74,52.74,52.555,52.58,109693.0
2026-03-09 12:45:00,52.5797,52.61,52.48,52.55,108531.0
2026-03-09 12:50:00,52.545,52.675,52.52,52.6674,158842.0
2026-03-09 12:55:00,52.65,52.7299,52.56,52.71,64156.0
2026-03-09 13:00:00,52.7,52.91,52.7,52.82,97068.0
2026-03-09 13:05:00,52.83,52.92,52.8,52.83,129915.0
2026-03-09 13:10:00,52.84,52.91,52.78,52.85,121625.0
2026-03-09 13:15:00,52.86,53.08,52.83,53.0603,94785.0
2026-03-09 13:20:00,53.07,53.25,53.05,53.24,140680.0
2026-03-09 13:25:00,53.24,53.32,53.23,53.27,137557.0
2026-03-09 13:30:00,53.28,53.33,53.22,53.29,76703.0
2026-03-09 13:35:00,53.29,53.37,53.25,53.36,60546.0
2026-03-09 13:40:00,53.379,53.46,53.3,53.43,119186.0
2026-03-09 13:45:00,53.41,53.42,53.23,53.32,81182.0
2026-03-09 13:50:00,53.36,53.36,53.19,53.2,79923.0
2026-03-09 13:55:00,53.21,53.32,53.17,53.2901,61539.0
2026-03-09 14:00:00,53.29,53.29,53.16,53.23,65625.0
2026-03-09 14:05:00,53.225,53.25,53.07,53.21,117484.0
2026-03-09 14:10:00,53.19,53.2492,53.07,53.11,60544.0
2026-03-09 14:15:00,53.11,53.16,52.95,52.96,26048.0
2026-03-09 14:20:00,52.96,53.1,52.81,52.97,224991.0
2026-03-09 14:25:00,52.98,53.03,52.955,52.995,64039.0
2026-03-09 14:30:00,53.0,53.01,52.74,52.74,136874.0
2026-03-09 14:35:00,52.77,52.83,52.71,52.8,71804.0
2026-03-09 14:40:00,52.81,52.86,52.77,52.81,66739.0
2026-03-09 14:45:00,52.815,52.8245,52.72,52.79,37532.0
2026-03-09 14:50:00,52.8,52.84,52.72,52.8,30779.0
2026-03-09 14:55:00,52.81,53.02,52.81,52.99,107976.0
2026-03-09 15:00:00,52.97,53.03,52.89,52.94,86913.0
2026-03-09 15:05:00,52.95,53.03,52.92,52.935,53181.0
2026-03-09 15:10:00,52.925,52.93,52.84,52.91,47036.0
2026-03-09 15:15:00,52.91,52.93,52.19,52.22,641175.0
2026-03-09 15:20:00,52.22,52.315,51.68,51.79,1077346.0
2026-03-09 15:25:00,51.8,51.91,51.26,51.29,848609.0
2026-03-09 15:30:00,51.29,51.63,51.03,51.0401,515092.0
2026-03-09 15:35:00,51.04,51.31,50.69,50.7434,600967.0
2026-03-09 15:40:00,50.75,51.38,50.75,51.15,414474.0
2026-03-09 15:45:00,51.18,51.29,51.01,51.13,262671.0
2026-03-09 15:50:00,51.14,51.42,51.14,51.34,382189.0
2026-03-09 15:55:00,51.32,51.39,50.96,51.05,342201.0
2026-03-09 16:00:00,51.065,51.25,50.93,51.2,38000.0
2026-03-09 16:05:00,51.16,51.31,51.16,51.31,5893.0
2026-03-09 16:10:00,51.32,51.45,51.31,51.31,8523.0
2026-03-09 16:15:00,51.33,51.49,51.3293,51.49,11565.0
2026-03-09 16:20:00,51.5,51.52,51.38,51.46,3450.0
2026-03-09 16:25:00,51.42,51.4304,51.27,51.27,5514.0
2026-03-09 16:30:00,51.37,51.37,51.25,51.3,23874.0
2026-03-09 16:35:00,51.28,51.3515,51.24,51.24,8664.0
2026-03-09 16:40:00,51.31,51.32,51.3,51.3,1288.0
2026-03-09 16:45:00,51.33,51.4,51.3098,51.3098,5060.0
2026-03-09 16:50:00,51.2995,51.33,51.22,51.32,7245.0
2026-03-09 16:55:00,51.299,51.299,51.2,51.2554,12250.0
2026-03-09 17:00:00,51.19,51.38,51.19,51.279,600.0
2026-03-09 17:05:00,51.25,51.257,51.2412,51.2412,400.0
2026-03-09 17:10:00,51.2,51.2,51.18,51.18,1938.0
2026-03-09 17:15:00,51.25,51.25,51.25,51.25,213.0
2026-03-09 17:20:00,51.21,51.21,51.21,51.21,215.0
2026-03-09 17:25:00,51.22,51.24,51.22,51.23,570.0
2026-03-09 17:30:00,51.25,51.25,51.23,51.23,4061.0
2026-03-09 17:35:00,51.15,51.2491,51.15,51.22,670.0
2026-03-09 17:40:00,51.15,51.35,51.15,51.3,1850.0
2026-03-09 17:45:00,51.34,51.377,51.3011,51.3011,1300.0
2026-03-09 17:55:00,51.34,51.34,51.29,51.29,278.0
2026-03-09 18:00:00,51.16,51.5761,51.16,51.5504,4459.0
2026-03-09 18:05:00,51.46,51.46,51.25,51.43,4750.0
2026-03-09 18:10:00,51.35,51.5,51.35,51.3892,2750.0
2026-03-09 18:15:00,51.44,51.529,51.42,51.529,4850.0
2026-03-09 18:20:00,51.59,51.65,51.55,51.62,4150.0
2026-03-09 18:25:00,51.64,51.659,51.38,51.38,3667.0
2026-03-09 18:30:00,51.4702,51.5929,51.47,51.5923,1400.0
2026-03-09 18:35:00,51.62,51.63,51.55,51.61,3315.0
2026-03-09 18:40:00,51.63,51.63,51.51,51.51,1954.0
2026-03-09 18:45:00,51.51,51.51,51.4539,51.461,3800.0
2026-03-09 18:50:00,51.5399,51.5399,51.53,51.53,899.0
2026-03-09 18:55:00,51.62,51.62,51.62,51.62,1000.0
2026-03-09 19:00:00,51.6499,51.6499,51.6499,51.6499,1000.0
2026-03-09 19:05:00,51.51,51.55,51.51,51.55,2371.0
2026-03-09 19:10:00,51.53,51.5305,51.5,51.5209,7324.0
2026-03-09 19:15:00,51.501,51.5026,51.501,51.5026,800.0
2026-03-09 19:20:00,51.5901,51.5901,51.5901,51.5901,3000.0
2026-03-09 19:30:00,51.57,51.6,51.56,51.6,1251.0
2026-03-09 19:35:00,51.62,51.68,51.62,51.68,1250.0
2026-03-09 19:40:00,51.68,51.7406,51.66,51.7406,2393.0
2026-03-09 19:45:00,51.73,51.73,51.73,51.73,200.0
2026-03-09 19:50:00,51.82,51.85,51.7805,51.8203,3249.0
2026-03-09 19:55:00,51.7761,51.78,51.76,51.7606,940.0
2026-03-10 04:00:00,50.84,50.84,50.68,50.7,1541.0
2026-03-10 04:05:00,50.65,50.65,50.5,50.5,1868.0
2026-03-10 04:10:00,50.51,50.51,50.51,50.51,100.0
2026-03-10 04:15:00,50.56,50.56,50.56,50.56,200.0
2026-03-10 04:20:00,50.51,50.51,50.51,50.51,200.0
2026-03-10 04:30:00,50.47,50.53,50.47,50.53,400.0
2026-03-10 04:35:00,50.4,50.4,50.4,50.4,100.0
2026-03-10 04:40:00,50.42,50.42,50.42,50.42,587.0
2026-03-10 04:45:00,50.44,50.44,50.4,50.43,300.0
2026-03-10 04:50:00,50.57,50.57,50.57,50.57,282.0
2026-03-10 05:05:00,50.5,50.5,50.44,50.44,2904.0
2026-03-10 05:10:00,50.42,50.42,50.42,50.42,100.0
2026-03-10 05:15:00,50.48,50.48,50.48,50.48,100.0
2026-03-10 05:25:00,50.55,50.55,50.55,50.55,100.0
2026-03-10 05:30:00,50.51,50.51,50.51,50.51,100.0
2026-03-10 05:35:00,50.52,50.52,50.52,50.52,100.0
2026-03-10 05:40:00,50.5,50.5,50.5,50.5,710.0
2026-03-10 05:45:00,50.51,50.51,50.51,50.51,203.0
2026-03-10 05:50:00,50.5,50.51,50.5,50.51,700.0
2026-03-10 05:55:00,50.64,50.64,50.64,50.64,125.0
2026-03-10 06:15:00,50.85,50.85,50.85,50.85,1500.0
2026-03-10 06:20:00,50.86,50.86,50.86,50.86,300.0
2026-03-10 06:25:00,50.81,50.85,50.74,50.74,19674.0
2026-03-10 06:40:00,50.84,50.84,50.84,50.84,885.0
2026-03-10 06:50:00,50.88,50.88,50.82,50.82,1200.0
2026-03-10 06:55:00,50.8,50.8,50.8,50.8,900.0
2026-03-10 07:00:00,50.8,50.88,50.6,50.6,12762.0
2026-03-10 07:05:00,50.63,50.85,50.609,50.85,1115.0
2026-03-10 07:10:00,50.92,50.96,50.92,50.94,2500.0
2026-03-10 07:15:00,51.08,51.08,51.08,51.08,983.0
2026-03-10 07:20:00,51.05,51.05,51.05,51.05,300.0
2026-03-10 07:25:00,51.01,51.081,51.01,51.081,514.0
2026-03-10 07:30:00,51.13,51.13,51.13,51.13,893.0
2026-03-10 07:35:00,51.2,51.2,51.19,51.19,662.0
2026-03-10 07:40:00,51.22,51.32,51.21,51.32,2327.0
2026-03-10 07:45:00,51.341,51.36,51.34,51.34,344.0
2026-03-10 07:55:00,51.3,51.35,51.25,51.25,4139.0
2026-03-10 08:00:00,50.92,51.81,50.42,51.5,85135.0
2026-03-10 08:05:00,51.56,51.7,51.53,51.69,20544.0
2026-03-10 08:10:00,51.71,51.71,51.57,51.57,1841.0
2026-03-10 08:15:00,51.5783,51.65,51.5783,51.6416,2210.0
2026-03-10 08:20:00,51.63,51.63,51.4809,51.4809,8545.0
2026-03-10 08:25:00,51.55,51.55,51.512,51.5403,320.0
2026-03-10 08:30:00,51.74,51.77,51.609,51.6698,11405.0
2026-03-10 08:35:00,51.5704,51.5704,51.5002,51.5308,3341.0
2026-03-10 08:40:00,51.5308,51.5308,51.48,51.48,4340.0
2026-03-10 08:45:00,51.4316,51.4316,51.33,51.33,9591.0
2026-03-10 08:50:00,51.3197,51.3805,51.3,51.32,11247.0
2026-03-10 08:55:00,51.3,51.47,51.3,51.47,30886.0
2026-03-10 09:00:00,51.36,51.39,51.3365,51.3469,3850.0
2026-03-10 09:05:00,51.4,51.4083,51.39,51.39,2800.0
2026-03-10 09:10:00,51.3214,51.3214,51.3214,51.3214,100.0
2026-03-10 09:15:00,51.35,51.38,51.3322,51.3484,2400.0
2026-03-10 09:20:00,51.3,51.31,51.3,51.31,2180.0
2026-03-10 09:25:00,51.19,51.28,51.19,51.24,12409.0
2026-03-10 09:30:00,51.22,51.34,50.9801,51.25,526415.0
2026-03-10 09:35:00,51.24,51.43,51.2,51.325,233580.0
2026-03-10 09:40:00,51.325,51.64,51.215,51.33,155796.0
2026-03-10 09:45:00,51.35,51.53,51.27,51.325,117897.0
2026-03-10 09:50:00,51.31,51.55,51.31,51.54,108634.0
2026-03-10 09:55:00,51.545,51.72,51.5,51.65,163113.0
2026-03-10 10:00:00,51.64,51.85,51.55,51.6,116646.0
2026-03-10 10:05:00,51.55,51.89,51.37,51.85,103238.0
2026-03-10 10:10:00,51.84,51.865,51.67,51.71,92337.0
2026-03-10 10:15:00,51.71,51.87,51.52,51.56,122817.0
2026-03-10 10:20:00,51.535,51.56,51.28,51.34,127958.0
2026-03-10 10:25:00,51.33,51.33,51.155,51.2313,195068.0
2026-03-10 10:30:00,51.235,51.235,50.9,50.9401,101013.0
2026-03-10 10:35:00,50.93,51.01,50.8,50.8,138667.0
2026-03-10 10:40:00,50.81,50.85,50.65,50.7099,63981.0
2026-03-10 10:45:00,50.685,50.805,50.62,50.62,167832.0
2026-03-10 10:50:00,50.63,50.6491,50.52,50.53,61606.0
2026-03-10 10:55:00,50.53,50.54,50.44,50.44,52398.0
2026-03-10 11:00:00,50.45,50.46,50.32,50.385,112165.0
2026-03-10 11:05:00,50.385,50.5998,50.375,50.57,277659.0
2026-03-10 11:10:00,50.565,50.65,50.53,50.615,74202.0
2026-03-10 11:15:00,50.61,50.61,50.36,50.3901,58060.0
2026-03-10 11:20:00,50.39,50.475,50.35,50.46,46034.0
2026-03-10 11:25:00,50.44,50.49,50.4207,50.455,86741.0
2026-03-10 11:30:00,50.45,50.595,50.445,50.58,230051.0
2026-03-10 11:35:00,50.57,50.5701,50.465,50.48,34174.0
2026-03-10 11:40:00,50.49,50.53,50.265,50.37,210228.0
2026-03-10 11:45:00,50.37,50.5101,50.34,50.43,90841.0
2026-03-10 11:50:00,50.41,50.5096,50.33,50.48,46503.0
2026-03-10 11:55:00,50.4945,50.5,50.38,50.399,72633.0
2026-03-10 12:00:00,50.39,50.62,50.39,50.5799,47635.0
2026-03-10 12:05:00,50.59,50.775,50.585,50.695,143560.0
2026-03-10 12:10:00,50.695,50.71,50.51,50.5866,285476.0
2026-03-10 12:15:00,50.6,50.635,50.42,50.48,64758.0
2026-03-10 12:20:00,50.48,50.635,50.48,50.555,83048.0
2026-03-10 12:25:00,50.54,50.6,50.4075,50.57,158395.0
2026-03-10 12:30:00,50.565,50.565,50.39,50.39,197050.0
2026-03-10 12:35:00,50.39,50.415,50.33,50.36,79038.0
2026-03-10 12:40:00,50.345,50.42,50.34,50.355,31643.0
2026-03-10 12:45:00,50.35,50.5599,50.35,50.5,85899.0
2026-03-10 12:50:00,50.51,50.53,50.28,50.33,127251.0
2026-03-10 12:55:00,50.33,50.4,50.31,50.36,48024.0
2026-03-10 13:00:00,50.38,50.41,50.23,50.28,77824.0
2026-03-10 13:05:00,50.28,50.29,50.17,50.23,66246.0
2026-03-10 13:10:00,50.25,50.35,50.175,50.29,101132.0
2026-03-10 13:15:00,50.29,50.29,50.095,50.095,59980.0
2026-03-10 13:20:00,50.1,50.175,50.07,50.1,83191.0
2026-03-10 13:25:00,50.1,50.12,49.94,49.9699,150320.0
2026-03-10 13:30:00,49.97,50.25,49.97,50.24,142486.0
2026-03-10 13:35:00,50.24,50.55,50.21,50.4099,245981.0
2026-03-10 13:40:00,50.4,50.47,50.3,50.42,236646.0
2026-03-10 13:45:00,50.415,50.43,50.15,50.23,205125.0
2026-03-10 13:50:00,50.22,50.2439,50.12,50.165,36900.0
2026-03-10 13:55:00,50.162,50.29,50.162,50.24,36433.0
2026-03-10 14:00:00,50.24,50.31,50.22,50.24,36854.0
2026-03-10 14:05:00,50.27,50.4,50.26,50.37,37511.0
2026-03-10 14:10:00,50.36,51.02,50.25,51.02,493167.0
2026-03-10 14:15:00,51.01,51.23,50.75,51.12,508310.0
2026-03-10 14:20:00,51.15,51.285,50.92,51.05,281805.0
2026-03-10 14:25:00,51.05,51.06,50.67,50.86,200746.0
2026-03-10 14:30:00,50.85,50.95,50.62,50.78,163527.0
2026-03-10 14:35:00,50.78,51.07,50.68,50.945,149122.0
2026-03-10 14:40:00,50.94,51.05,50.83,50.99,93296.0
2026-03-10 14:45:00,51.0,51.0399,50.85,50.93,51781.0
2026-03-10 14:50:00,50.935,51.06,50.76,50.96,142793.0
2026-03-10 14:55:00,50.95,51.07,50.9,51.045,51446.0
2026-03-10 15:00:00,51.04,51.08,50.94,51.03,53846.0
2026-03-10 15:05:00,51.06,51.1399,50.95,51.0,70240.0
2026-03-10 15:10:00,51.02,51.12,50.9203,50.945,58139.0
2026-03-10 15:15:00,50.94,50.99,50.82,50.85,62007.0
2026-03-10 15:20:00,50.86,51.19,50.84,51.01,134535.0
2026-03-10 15:25:00,51.02,51.2999,51.02,51.295,86208.0
2026-03-10 15:30:00,51.3,51.44,51.25,51.365,112746.0
2026-03-10 15:35:00,51.375,51.47,51.25,51.28,108396.0
2026-03-10 15:40:00,51.27,51.42,51.09,51.28,298564.0
2026-03-10 15:45:00,51.28,51.5,51.215,51.44,67371.0
2026-03-10 15:50:00,51.43,51.55,51.38,51.44,237102.0
2026-03-10 15:55:00,51.44,51.55,51.35,51.37,339933.0
2026-03-10 16:00:00,51.365,51.39,51.3,51.35,18593.0
2026-03-10 16:05:00,51.33,51.33,51.19,51.23,109655.0
2026-03-10 16:10:00,51.25,51.25,51.07,51.07,8613.0
2026-03-10 16:15:00,51.11,51.2198,51.11,51.17,4741.0
2026-03-10 16:20:00,51.16,51.16,51.12,51.12,2600.0
2026-03-10 16:25:00,51.1396,51.1396,51.13,51.13,300.0
2026-03-10 16:30:00,51.165,51.165,51.165,51.165,100.0
2026-03-10 16:35:00,51.1787,51.1999,51.17,51.1806,2925.0
2026-03-10 16:40:00,51.18,51.18,51.1697,51.17,1450.0
2026-03-10 16:55:00,51.145,51.18,51.14,51.18,12994.0
2026-03-10 17:00:00,51.15,51.1554,51.15,51.1554,639.0
2026-03-10 17:05:00,51.3281,51.33,51.15,51.15,7755.0
2026-03-10 17:20:00,51.1322,51.23,51.1322,51.23,500.0
2026-03-10 17:35:00,51.25,51.25,51.25,51.25,360.0
2026-03-10 17:40:00,51.23,51.25,51.23,51.25,662.0
2026-03-10 17:45:00,51.16,51.16,51.12,51.13,1800.0
2026-03-10 17:50:00,51.11,51.11,51.11,51.11,200.0
2026-03-10 18:00:00,51.16,51.33,51.16,51.24,8315.0
2026-03-10 18:05:00,51.3484,51.35,51.3484,51.35,280.0
2026-03-10 18:10:00,51.3497,51.3497,51.18,51.18,897.0
2026-03-10 18:15:00,51.28,51.32,51.28,51.32,1202.0
2026-03-10 18:20:00,51.28,51.28,51.28,51.28,300.0
2026-03-10 18:25:00,51.3,51.35,51.3,51.35,1174.0
2026-03-10 18:30:00,51.41,51.41,51.3978,51.3978,2200.0
2026-03-10 18:35:00,51.39,51.4778,51.39,51.4778,3200.0
2026-03-10 18:40:00,51.4697,51.47,51.44,51.47,1124.0
2026-03-10 18:45:00,51.46,51.48,51.45,51.48,45702.0
2026-03-10 18:50:00,51.42,51.42,51.42,51.42,1000.0
2026-03-10 19:00:00,51.39,51.4178,51.39,51.4078,870.0
2026-03-10 19:10:00,51.32,51.32,51.32,51.32,500.0
2026-03-10 19:15:00,51.31,51.32,51.2901,51.32,2450.0
2026-03-10 19:30:00,51.3199,51.3304,51.3199,51.3304,1250.0
2026-03-10 19:45:00,51.23,51.26,51.23,51.23,7812.0
2026-03-10 19:50:00,51.24,51.24,51.14,51.18,39431.0
2026-03-10 19:55:00,51.159,51.1606,51.1496,51.1606,9250.0
2026-03-11 04:00:00,51.26,51.27,51.19,51.2,1100.0
2026-03-11 04:05:00,51.17,51.22,51.15,51.17,914.0
2026-03-11 04:10:00,51.23,51.23,51.14,51.15,614.0
2026-03-11 04:15:00,51.14,51.2,51.14,51.2,200.0
2026-03-11 04:20:00,51.16,51.25,51.16,51.22,400.0
2026-03-11 04:25:00,51.21,51.26,51.21,51.26,520.0
2026-03-11 04:35:00,51.29,51.4,51.29,51.39,520.0
2026-03-11 04:40:00,51.37,51.37,51.31,51.31,300.0
2026-03-11 04:45:00,51.36,51.5,51.36,51.5,1762.0
2026-03-11 04:50:00,51.47,51.58,51.47,51.58,34656.0
2026-03-11 04:55:00,51.6,51.6,51.33,51.48,26134.0
2026-03-11 05:00:00,51.56,51.7,51.56,51.7,2874.0
2026-03-11 05:05:00,51.72,51.72,51.67,51.72,1240.0
2026-03-11 05:10:00,51.7,51.71,51.7,51.71,600.0
2026-03-11 05:15:00,51.66,51.69,51.63,51.63,1620.0
2026-03-11 05:20:00,51.62,51.62,51.5,51.5,52652.0
2026-03-11 05:25:00,51.61,51.69,51.61,51.69,2370.0
2026-03-11 05:30:00,51.72,51.72,51.64,51.64,400.0
2026-03-11 05:35:00,51.62,51.68,51.6,51.63,3191.0
2026-03-11 05:40:00,51.62,51.68,51.6,51.68,1960.0
2026-03-11 05:45:00,51.64,51.64,51.6,51.63,2800.0
2026-03-11 05:50:00,51.76,51.76,51.74,51.74,200.0
2026-03-11 05:55:00,51.78,51.79,51.77,51.78,4460.0
2026-03-11 06:00:00,51.71,51.71,51.58,51.58,1500.0
2026-03-11 06:05:00,51.55,51.55,51.44,51.44,6520.0
2026-03-11 06:10:00,51.45,51.49,51.45,51.45,1340.0
2026-03-11 06:15:00,51.4,51.4,51.35,51.36,2856.0
2026-03-11 06:20:00,51.39,51.45,51.39,51.45,1691.0
2026-03-11 06:25:00,51.45,51.45,51.36,51.36,40358.0
2026-03-11 06:30:00,51.35,51.35,51.28,51.28,840.0
2026-03-11 06:40:00,51.18,51.18,51.18,51.18,120.0
2026-03-11 06:45:00,51.13,51.17,51.13,51.17,3443.0
2026-03-11 06:55:00,51.16,51.16,51.13,51.13,900.0
2026-03-11 07:00:00,51.1,51.1,50.99,51.02,2970.0
2026-03-11 07:05:00,51.04,51.14,51.04,51.1,796.0
2026-03-11 07:10:00,51.12,51.12,51.07,51.07,2993.0
2026-03-11 07:15:00,51.05,51.07,51.01,51.07,4498.0
2026-03-11 07:20:00,51.19,51.27,51.19,51.27,5556.0
2026-03-11 07:25:00,51.29,51.29,51.29,51.29,200.0
2026-03-11 07:30:00,51.38,51.39,51.3,51.37,9620.0
2026-03-11 07:35:00,51.37,51.37,51.34,51.34,400.0
2026-03-11 07:40:00,51.341,51.51,51.341,51.44,5619.0
2026-03-11 07:45:00,51.49,51.64,51.49,51.63,19699.0
2026-03-11 07:50:00,51.62,51.69,51.42,51.49,75257.0
2026-03-11 07:55:00,51.51,51.55,51.46,51.54,4740.0
2026-03-11 08:00:00,51.12,51.79,50.62,51.55,169329.0
2026-03-11 08:05:00,51.54,51.6,51.5329,51.6,14144.0
2026-03-11 08:10:00,51.6,51.61,51.51,51.51,7440.0
2026-03-11 08:15:00,51.5271,51.56,51.46,51.47,16132.0
2026-03-11 08:20:00,51.48,51.4918,51.44,51.49,10230.0
2026-03-11 08:25:00,51.5,51.54,51.37,51.3854,7314.0
2026-03-11 08:30:00,51.2,51.7,51.17,51.6913,146443.0
2026-03-11 08:35:00,51.66,51.72,51.62,51.66,19265.0
2026-03-11 08:40:00,51.62,51.8093,51.6112,51.75,10551.0
2026-03-11 08:45:00,51.78,51.9,51.78,51.81,29240.0
2026-03-11 08:50:00,51.8489,51.85,51.8122,51.8313,6078.0
2026-03-11 08:55:00,51.7603,51.79,51.7,51.77,4251.0
2026-03-11 09:00:00,51.7,51.71,51.55,51.6,84639.0
2026-03-11 09:05:00,51.57,51.64,51.43,51.64,7931.0
2026-03-11 09:10:00,51.64,51.69,51.58,51.6791,1580.0
2026-03-11 09:15:00,51.63,51.63,51.53,51.53,3069.0
2026-03-11 09:20:00,51.52,51.52,51.37,51.37,13595.0
2026-03-11 09:25:00,51.36,51.39,51.3,51.3,27305.0
2026-03-11 09:30:00,51.28,51.28,51.1,51.23,280856.0
2026-03-11 09:35:00,51.22,51.26,51.09,51.09,194149.0
2026-03-11 09:40:00,51.08,51.35,51.071,51.32,131757.0
2026-03-11 09:45:00,51.33,51.53,51.21,51.475,106535.0
2026-03-11 09:50:00,51.495,51.6,51.26,51.3999,90861.0
2026-03-11 09:55:00,51.4,51.51,51.135,51.21,101636.0
2026-03-11 10:00:00,51.21,51.24,50.71,51.1,408191.0
2026-03-11 10:05:00,51.09,51.29,50.94,51.19,112588.0
2026-03-11 10:10:00,51.2,51.39,51.12,51.16,100362.0
2026-03-11 10:15:00,51.17,51.41,51.125,51.23,96252.0
2026-03-11 10:20:00,51.22,51.57,51.21,51.565,106460.0
2026-03-11 10:25:00,51.6,51.81,51.57,51.6,126838.0
2026-03-11 10:30:00,51.6,51.815,51.46,51.76,161484.0
2026-03-11 10:35:00,51.745,51.745,51.37,51.49,122886.0
2026-03-11 10:40:00,51.455,51.51,51.255,51.32,77944.0
2026-03-11 10:45:00,51.32,51.4,51.23,51.255,66654.0
2026-03-11 10:50:00,51.23,51.29,51.19,51.22,100482.0
2026-03-11 10:55:00,51.23,51.28,51.1,51.16,80210.0
2026-03-11 11:00:00,51.16,51.42,51.03,51.21,53400.0
2026-03-11 11:05:00,51.21,51.405,51.21,51.39,20640.0
2026-03-11 11:10:00,51.38,51.785,51.2803,51.68,144302.0
2026-03-11 11:15:00,51.7,51.885,51.69,51.77,66895.0
2026-03-11 11:20:00,51.76,51.82,51.55,51.59,87028.0
2026-03-11 11:25:00,51.575,51.93,51.525,51.93,77287.0
2026-03-11 11:30:00,51.93,52.06,51.83,51.86,133721.0
2026-03-11 11:35:00,51.86,51.935,51.8,51.89,93870.0
2026-03-11 11:40:00,51.89,52.03,51.83,52.03,58549.0
2026-03-11 11:45:00,52.03,52.1689,52.0009,52.085,92331.0
2026-03-11 11:50:00,52.08,52.085,51.8618,51.87,124761.0
2026-03-11 11:55:00,51.87,52.04,51.85,52.04,38480.0
2026-03-11 12:00:00,52.0314,52.18,52.03,52.16,95564.0
2026-03-11 12:05:00,52.165,52.189,52.07,52.165,112686.0
2026-03-11 12:10:00,52.15,52.18,52.0,52.0,63802.0
2026-03-11 12:15:00,51.99,52.12,51.97,52.12,41788.0
2026-03-11 12:20:00,52.1,52.1499,51.93,52.0,55314.0
2026-03-11 12:25:00,51.98,52.06,51.92,51.92,61585.0
2026-03-11 12:30:00,51.93,51.93,51.6609,51.665,190347.0
2026-03-11 12:35:00,51.68,51.83,51.65,51.77,68792.0
2026-03-11 12:40:00,51.79,51.79,51.6312,51.75,33822.0
2026-03-11 12:45:00,51.76,51.8178,51.695,51.7815,27761.0
2026-03-11 12:50:00,51.78,51.78,51.621,51.621,27312.0
2026-03-11 12:55:00,51.64,51.675,51.56,51.585,62324.0
2026-03-11 13:00:00,51.57,51.6092,51.51,51.5908,53579.0
2026-03-11 13:05:00,51.61,51.61,51.51,51.57,23965.0
2026-03-11 13:10:00,51.595,51.72,51.5801,51.68,71309.0
2026-03-11 13:15:00,51.685,51.78,51.62,51.73,37916.0
2026-03-11 13:20:00,51.73,51.73,51.59,51.6,21355.0
2026-03-11 13:25:00,51.58,51.6,51.45,51.53,47645.0
2026-03-11 13:30:00,51.51,51.615,51.49,51.6,56532.0
2026-03-11 13:35:00,51.6,52.23,51.57,51.995,178638.0
2026-03-11 13:40:00,52.0,52.135,51.87,51.96,101669.0
2026-03-11 13:45:00,51.96,52.03,51.88,51.89,93608.0
2026-03-11 13:50:00,51.85,51.87,51.69,51.8479,195931.0
2026-03-11 13:55:00,51.88,51.98,51.805,51.86,57109.0
2026-03-11 14:00:00,51.87,51.91,51.81,51.85,24157.0
2026-03-11 14:05:00,51.855,52.0199,51.85,52.0199,21388.0
2026-03-11 14:10:00,52.0,52.155,52.0,52.01,35974.0
2026-03-11 14:15:00,52.01,52.0301,51.85,51.9,92196.0
2026-03-11 14:20:00,51.89,52.0,51.805,51.905,54376.0
2026-03-11 14:25:00,51.92,51.94,51.745,51.79,81567.0
2026-03-11 14:30:00,51.81,51.82,51.73,51.73,30812.0
2026-03-11 14:35:00,51.73,51.85,51.73,51.85,31142.0
2026-03-11 14:40:00,51.85,51.9,51.83,51.85,20144.0
2026-03-11 14:45:00,51.84,51.91,51.79,51.89,18898.0
2026-03-11 14:50:00,51.9,51.9,51.69,51.75,79388.0
2026-03-11 14:55:00,51.735,51.85,51.68,51.79,85360.0
2026-03-11 15:00:00,51.78,51.96,51.75,51.88,76850.0
2026-03-11 15:05:00,51.89,51.9599,51.861,51.89,10947.0
2026-03-11 15:10:00,51.8978,52.0,51.8798,51.975,45651.0
2026-03-11 15:15:00,51.975,52.01,51.85,51.87,26009.0
2026-03-11 15:20:00,51.88,51.975,51.84,51.9,24469.0
2026-03-11 15:25:00,51.885,51.9,51.8,51.86,49194.0
2026-03-11 15:30:00,51.86,51.91,51.66,51.6922,43040.0
2026-03-11 15:35:00,51.68,51.75,51.64,51.6699,46569.0
2026-03-11 15:40:00,51.655,51.6934,51.57,51.6101,51255.0
2026-03-11 15:45:00,51.59,51.74,51.58,51.71,33939.0
2026-03-11 15:50:00,51.7,51.755,51.5401,51.545,82410.0
2026-03-11 15:55:00,51.54,51.595,51.49,51.56,191255.0
2026-03-11 16:00:00,51.56,51.72,51.52,51.7,35780.0
2026-03-11 16:05:00,51.68,51.68,51.63,51.63,1400.0
2026-03-11 16:10:00,51.61,51.61,51.6,51.6,1350.0
2026-03-11 16:15:00,51.6087,51.62,51.6026,51.6026,1400.0
2026-03-11 16:20:00,51.6104,51.63,51.6104,51.63,460.0
2026-03-11 16:25:00,51.6298,51.6298,51.62,51.62,1000.0
2026-03-11 16:30:00,51.6005,51.6199,51.6005,51.6007,1700.0
2026-03-11 16:45:00,51.631,51.631,51.631,51.631,125.0
2026-03-11 16:50:00,51.7,51.73,51.7,51.72,1938.0
2026-03-11 16:55:00,51.73,51.7991,51.73,51.78,1062.0
2026-03-11 17:00:00,51.75,51.75,51.75,51.75,500.0
2026-03-11 17:15:00,51.71,51.78,51.71,51.78,404.0
2026-03-11 17:20:00,51.76,51.77,51.72,51.77,695.0
2026-03-11 17:25:00,51.72,51.76,51.711,51.76,940.0
2026-03-11 17:35:00,51.7392,51.74,51.7392,51.74,2000.0
2026-03-11 17:45:00,51.71,51.71,51.71,51.71,847.0
2026-03-11 17:55:00,51.7009,51.77,51.7009,51.77,700.0
2026-03-11 18:00:00,51.83,51.9802,51.83,51.9802,11440.0
2026-03-11 18:05:00,51.9788,52.0788,51.9788,52.0399,2375.0
2026-03-11 18:10:00,52.11,52.11,52.04,52.04,2000.0
2026-03-11 18:15:00,52.05,52.08,52.05,52.08,1720.0
2026-03-11 18:20:00,52.0774,52.25,52.0774,52.25,3850.0
2026-03-11 18:25:00,52.1893,52.31,52.1893,52.28,2000.0
2026-03-11 18:30:00,52.27,52.33,52.2401,52.3298,4590.0
2026-03-11 18:35:00,52.36,52.53,52.36,52.5112,3520.0
2026-03-11 18:40:00,52.52,52.5699,52.46,52.4802,5406.0
2026-03-11 18:45:00,52.43,52.44,52.42,52.43,2225.0
2026-03-11 18:50:00,52.44,52.44,52.41,52.4109,1570.0
2026-03-11 18:55:00,52.44,52.4878,52.44,52.44,2363.0
2026-03-11 19:00:00,52.44,52.44,52.42,52.42,1918.0
2026-03-11 19:05:00,52.42,52.69,52.4199,52.61,18761.0
2026-03-11 19:10:00,52.5974,52.5974,52.49,52.52,3300.0
2026-03-11 19:15:00,52.52,52.5289,52.52,52.5289,961.0
2026-03-11 19:20:00,52.5,52.58,52.45,52.58,12243.0
2026-03-11 19:25:00,52.64,52.67,52.61,52.61,3126.0
2026-03-11 19:30:00,52.73,52.9299,52.73,52.9299,7455.0
2026-03-11 19:35:00,52.9498,52.96,52.839,52.9,5434.0
2026-03-11 19:40:00,52.93,53.0,52.9,52.98,6656.0
2026-03-11 19:45:00,53.0,53.0,52.9022,52.9022,4056.0
2026-03-11 19:50:00,52.8,52.8299,52.74,52.74,2665.0
2026-03-11 19:55:00,52.74,52.78,52.71,52.71,3250.0
2026-03-12 04:00:00,52.27,52.3,52.15,52.15,4550.0
2026-03-12 04:05:00,52.19,52.19,52.1,52.1,1600.0
2026-03-12 04:10:00,52.25,52.25,52.25,52.25,600.0
2026-03-12 04:15:00,52.23,52.23,52.23,52.23,130.0
2026-03-12 04:25:00,52.24,52.24,52.24,52.24,600.0
2026-03-12 04:30:00,52.26,52.26,52.26,52.26,1200.0
2026-03-12 04:40:00,52.45,52.45,52.42,52.42,1700.0
2026-03-12 04:50:00,52.18,52.21,52.18,52.21,600.0
2026-03-12 04:55:00,52.26,52.26,52.26,52.26,300.0
2026-03-12 05:10:00,52.49,52.49,52.49,52.49,300.0
2026-03-12 05:15:00,52.48,52.48,52.48,52.48,300.0
2026-03-12 05:20:00,52.59,52.59,52.49,52.5,2100.0
2026-03-12 05:35:00,52.27,52.28,52.27,52.28,4776.0
2026-03-12 05:40:00,52.24,52.25,52.15,52.17,6987.0
2026-03-12 05:50:00,52.09,52.09,52.06,52.06,300.0
2026-03-12 05:55:00,52.09,52.1,52.06,52.06,3600.0
2026-03-12 06:00:00,52.09,52.09,52.08,52.08,1700.0
2026-03-12 06:05:00,52.15,52.15,52.15,52.15,100.0
2026-03-12 06:10:00,52.15,52.15,52.15,52.15,300.0
2026-03-12 06:30:00,52.16,52.16,52.03,52.03,6634.0
2026-03-12 06:35:00,52.19,52.19,52.19,52.19,200.0
2026-03-12 06:40:00,52.27,52.27,52.27,52.27,489.0
2026-03-12 06:55:00,52.27,52.27,52.26,52.26,2945.0
2026-03-12 07:00:00,52.39,52.39,52.39,52.39,100.0
2026-03-12 07:10:00,52.39,52.39,52.39,52.39,1000.0
2026-03-12 07:15:00,52.38,52.38,52.35,52.35,2205.0
2026-03-12 07:20:00,52.29,52.29,52.28,52.28,3784.0
2026-03-12 07:25:00,52.26,52.45,52.26,52.3,2500.0
2026-03-12 07:30:00,52.25,52.25,52.14,52.15,2300.0
2026-03-12 07:40:00,52.12,52.12,52.02,52.02,1100.0
2026-03-12 07:45:00,52.1,52.18,52.08,52.18,4400.0
2026-03-12 07:50:00,52.25,52.28,52.24,52.28,1600.0
2026-03-12 07:55:00,52.36,52.36,52.36,52.36,100.0
2026-03-12 08:00:00,52.26,53.14,52.0128,52.52,74531.0
2026-03-12 08:05:00,52.5304,52.6678,52.5304,52.6376,2860.0
2026-03-12 08:10:00,52.64,52.65,52.51,52.51,2976.0
2026-03-12 08:15:00,52.52,52.6,52.52,52.53,4319.0
2026-03-12 08:20:00,52.55,52.6106,52.5406,52.5406,2600.0
2026-03-12 08:25:00,52.5412,52.5412,52.48,52.48,3180.0
2026-03-12 08:30:00,52.53,52.6201,52.53,52.6201,974.0
2026-03-12 08:35:00,52.6146,52.67,52.6146,52.64,3556.0
2026-03-12 08:40:00,52.69,52.69,52.5934,52.61,2944.0
2026-03-12 08:50:00,52.5816,52.6733,52.5816,52.6466,610.0
2026-03-12 08:55:00,52.6178,52.6178,52.6178,52.6178,100.0
2026-03-12 09:00:00,52.53,52.53,52.44,52.44,3485.0
2026-03-12 09:05:00,52.5018,52.5299,52.47,52.47,1650.0
2026-03-12 09:10:00,52.51,52.68,52.47,52.68,2423.0
2026-03-12 09:15:00,52.6856,52.81,52.66,52.7499,6880.0
2026-03-12 09:20:00,52.79,52.94,52.7499,52.75,19324.0
2026-03-12 09:25:00,52.73,52.83,52.7029,52.76,9748.0
2026-03-12 09:30:00,52.77,53.03,52.7101,52.805,370769.0
2026-03-12 09:35:00,52.835,52.93,52.65,52.71,152885.0
2026-03-12 09:40:00,52.71,52.97,52.66,52.96,101397.0
2026-03-12 09:45:00,52.96,53.3,52.96,52.98,215340.0
2026-03-12 09:50:00,52.98,53.24,52.81,53.24,90019.0
2026-03-12 09:55:00,53.25,53.43,53.2142,53.2772,122113.0
2026-03-12 10:00:00,53.29,53.29,52.83,52.96,124876.0
2026-03-12 10:05:00,52.95,53.0999,52.88,52.95,86028.0
2026-03-12 10:10:00,52.94,52.98,52.77,52.799,81200.0
2026-03-12 10:15:00,52.7912,53.13,52.75,53.11,93280.0
2026-03-12 10:20:00,53.115,53.245,53.115,53.1999,57669.0
2026-03-12 10:25:00,53.16,53.47,53.04,53.47,100606.0
2026-03-12 10:30:00,53.48,53.56,53.43,53.48,133369.0
2026-03-12 10:35:00,53.47,53.638,53.33,53.49,92306.0
2026-03-12 10:40:00,53.48,53.5601,53.23,53.2708,76293.0
2026-03-12 10:45:00,53.27,53.44,52.9,53.3801,270049.0
2026-03-12 10:50:00,53.385,53.46,53.34,53.38,67093.0
2026-03-12 10:55:00,53.37,53.41,53.28,53.36,65594.0
2026-03-12 11:00:00,53.37,53.55,53.3,53.44,95952.0
2026-03-12 11:05:00,53.45,53.51,53.395,53.48,27900.0
2026-03-12 11:10:00,53.51,53.73,53.51,53.62,71300.0
2026-03-12 11:15:00,53.62,53.68,53.56,53.6,51149.0
2026-03-12 11:20:00,53.615,53.69,53.505,53.515,44774.0
2026-03-12 11:25:00,53.53,53.53,53.31,53.44,69731.0
2026-03-12 11:30:00,53.44,53.56,53.35,53.49,34493.0
2026-03-12 11:35:00,53.51,53.65,53.03,53.03,141344.0
2026-03-12 11:40:00,53.03,53.33,52.96,53.06,371917.0
2026-03-12 11:45:00,53.07,53.37,53.03,53.22,84195.0
2026-03-12 11:50:00,53.21,53.32,53.1,53.14,44157.0
2026-03-12 11:55:00,53.1399,53.27,53.13,53.18,61332.0
2026-03-12 12:00:00,53.18,53.24,53.0119,53.0119,63331.0
2026-03-12 12:05:00,53.01,53.55,52.965,53.516,143601.0
2026-03-12 12:10:00,53.48,53.54,53.26,53.26,136302.0
2026-03-12 12:15:00,53.275,53.28,53.02,53.0901,71857.0
2026-03-12 12:20:00,53.09,53.1,52.73,53.08,152341.0
2026-03-12 12:25:00,53.1,53.33,53.06,53.29,76251.0
2026-03-12 12:30:00,53.29,53.4,53.1199,53.17,76855.0
2026-03-12 12:35:00,53.195,53.22,52.97,52.99,101675.0
2026-03-12 12:40:00,53.019,53.15,53.0,53.075,127506.0
2026-03-12 12:45:00,53.105,53.45,53.079,53.3,104247.0
2026-03-12 12:50:00,53.31,53.46,53.2,53.38,43921.0
2026-03-12 12:55:00,53.38,53.43,53.26,53.29,37351.0
2026-03-12 13:00:00,53.29,53.32,53.08,53.09,40595.0
2026-03-12 13:05:00,53.11,53.3,52.96,53.2602,61785.0
2026-03-12 13:10:00,53.265,53.33,53.14,53.315,32290.0
2026-03-12 13:15:00,53.36,53.43,53.27,53.425,44578.0
2026-03-12 13:20:00,53.485,53.49,53.165,53.22,38195.0
2026-03-12 13:25:00,53.24,53.39,53.185,53.36,46855.0
2026-03-12 13:30:00,53.33,53.36,53.21,53.28,30978.0
2026-03-12 13:35:00,53.28,53.28,53.13,53.15,25993.0
2026-03-12 13:40:00,53.14,53.37,53.09,53.37,42699.0
2026-03-12 13:45:00,53.36,53.485,53.31,53.42,45222.0
2026-03-12 13:50:00,53.43,53.47,53.31,53.47,20855.0
2026-03-12 13:55:00,53.47,53.64,53.43,53.445,65198.0
2026-03-12 14:00:00,53.44,53.44,53.26,53.36,57617.0
2026-03-12 14:05:00,53.38,53.43,53.23,53.32,36988.0
2026-03-12 14:10:00,53.33,53.36,53.26,53.29,17409.0
2026-03-12 14:15:00,53.26,53.4288,53.21,53.42,36666.0
2026-03-12 14:20:00,53.4492,53.5398,53.41,53.47,39636.0
2026-03-12 14:25:00,53.48,53.55,53.42,53.44,50268.0
2026-03-12 14:30:00,53.46,53.5399,53.375,53.5,15981.0
2026-03-12 14:35:00,53.52,53.6,53.49,53.515,40744.0
2026-03-12 14:40:00,53.525,53.58,53.5009,53.5599,15914.0
2026-03-12 14:45:00,53.555,53.615,53.51,53.61,23400.0
2026-03-12 14:50:00,53.6099,53.61,53.4498,53.52,47985.0
2026-03-12 14:55:00,53.5301,53.665,53.5301,53.63,33584.0
2026-03-12 15:00:00,53.648,53.735,53.48,53.65,90324.0
2026-03-12 15:05:00,53.64,53.67,53.5,53.575,115942.0
2026-03-12 15:10:00,53.5699,53.71,53.52,53.6,40641.0
2026-03-12 15:15:00,53.59,53.64,53.492,53.55,28972.0
2026-03-12 15:20:00,53.54,53.575,53.395,53.52,73283.0
2026-03-12 15:25:00,53.515,53.55,53.45,53.495,24617.0
2026-03-12 15:30:00,53.49,53.49,53.33,53.41,35464.0
2026-03-12 15:35:00,53.4,53.54,53.4,53.49,34493.0
2026-03-12 15:40:00,53.505,53.7,53.5,53.66,62334.0
2026-03-12 15:45:00,53.665,53.83,53.665,53.78,109956.0
2026-03-12 15:50:00,53.78,53.91,53.73,53.76,112635.0
2026-03-12 15:55:00,53.75,53.965,53.7,53.94,191436.0
2026-03-12 16:00:00,53.94,53.97,53.78,53.7897,49964.0
2026-03-12 16:05:00,53.82,53.91,53.8118,53.87,2960.0
2026-03-12 16:10:00,53.9,54.01,53.89,53.97,44261.0
2026-03-12 16:15:00,53.94,53.94,53.8817,53.8817,2050.0
2026-03-12 16:20:00,53.8513,53.8799,53.8513,53.8699,5823.0
2026-03-12 16:25:00,53.83,53.85,53.82,53.83,7230.0
2026-03-12 16:30:00,53.8789,53.8789,53.85,53.85,660.0
2026-03-12 16:35:00,53.86,53.86,53.8293,53.8293,800.0
2026-03-12 16:40:00,53.82,53.82,53.819,53.819,2200.0
2026-03-12 16:45:00,53.8093,53.8093,53.77,53.77,300.0
2026-03-12 16:50:00,53.7106,53.7106,53.69,53.69,850.0
2026-03-12 16:55:00,53.7,53.73,53.7,53.7236,1648.0
2026-03-12 17:05:00,53.75,53.79,53.75,53.79,400.0
2026-03-12 17:10:00,53.8,53.82,53.7243,53.7243,2150.0
2026-03-12 17:15:00,53.78,53.78,53.78,53.78,200.0
2026-03-12 17:20:00,53.76,53.76,53.76,53.76,300.0
2026-03-12 17:25:00,53.72,53.75,53.72,53.75,505.0
2026-03-12 17:30:00,53.72,53.72,53.72,53.72,125.0
2026-03-12 17:35:00,53.79,53.79,53.79,53.79,100.0
2026-03-12 17:40:00,53.81,53.81,53.78,53.78,232.0
2026-03-12 17:45:00,53.8135,53.8135,53.8135,53.8135,178.0
2026-03-12 17:50:00,53.781,53.83,53.781,53.83,400.0
2026-03-12 17:55:00,53.83,53.85,53.77,53.77,4378.0
2026-03-12 18:00:00,53.76,53.8985,53.68,53.85,6686.0
2026-03-12 18:05:00,53.8796,53.8796,53.693,53.693,330.0
2026-03-12 18:10:00,53.8,53.8,53.7705,53.7705,1400.0
2026-03-12 18:15:00,53.9,53.9,53.9,53.9,625.0
2026-03-12 18:20:00,53.9078,53.9078,53.9078,53.9078,270.0
2026-03-12 18:25:00,53.74,53.74,53.74,53.74,200.0
2026-03-12 18:30:00,53.67,53.67,53.59,53.59,535.0
2026-03-12 18:35:00,53.58,53.599,53.5605,53.57,3386.0
2026-03-12 18:40:00,53.59,53.59,53.59,53.59,300.0
2026-03-12 18:45:00,53.62,53.62,53.61,53.61,1200.0
2026-03-12 18:50:00,53.657,53.657,53.6274,53.6274,716.0
2026-03-12 18:55:00,53.59,53.59,53.59,53.59,400.0
2026-03-12 19:00:00,53.59,53.599,53.59,53.599,200.0
2026-03-12 19:05:00,53.4803,53.5039,53.48,53.5039,2300.0
2026-03-12 19:15:00,53.62,53.62,53.62,53.62,500.0
2026-03-12 19:20:00,53.67,53.67,53.6565,53.6565,1200.0
2026-03-12 19:40:00,53.71,53.71,53.71,53.71,100.0
2026-03-12 19:45:00,53.77,53.77,53.77,53.77,1000.0
2026-03-12 19:50:00,53.74,53.8,53.7339,53.7339,4715.0
2026-03-12 19:55:00,53.7999,53.8791,53.7974,53.84,6689.0
2026-03-13 04:00:00,54.39,54.55,54.25,54.55,3432.0
2026-03-13 04:05:00,54.64,54.71,54.57,54.71,3049.0
2026-03-13 04:10:00,54.72,54.75,54.72,54.75,700.0
2026-03-13 04:15:00,54.72,54.72,54.65,54.66,4472.0
2026-03-13 04:20:00,54.65,54.65,54.64,54.64,400.0
2026-03-13 04:25:00,54.73,54.76,54.68,54.68,2500.0
2026-03-13 04:30:00,54.6,54.62,54.55,54.55,600.0
2026-03-13 04:35:00,54.5,54.5,54.35,54.35,2500.0
2026-03-13 04:40:00,54.32,54.36,54.32,54.36,856.0
2026-03-13 04:50:00,54.12,54.14,54.09,54.14,2103.0
2026-03-13 04:55:00,54.15,54.15,54.15,54.15,161.0
2026-03-13 05:00:00,54.1,54.1,53.78,53.91,7195.0
2026-03-13 05:05:00,53.93,53.99,53.93,53.99,700.0
2026-03-13 05:10:00,53.99,54.06,53.94,54.03,3369.0
2026-03-13 05:15:00,54.03,54.06,54.02,54.06,760.0
2026-03-13 05:20:00,54.05,54.05,54.05,54.05,100.0
2026-03-13 05:30:00,54.06,54.06,54.06,54.06,100.0
2026-03-13 05:35:00,53.97,53.97,53.97,53.97,100.0
2026-03-13 05:45:00,54.01,54.01,53.96,53.96,200.0
2026-03-13 05:50:00,53.87,53.95,53.87,53.95,300.0
2026-03-13 05:55:00,53.98,53.98,53.98,53.98,100.0
2026-03-13 06:00:00,53.85,53.85,53.85,53.85,118.0
2026-03-13 06:05:00,53.78,53.78,53.77,53.77,12060.0
2026-03-13 06:10:00,53.73,53.73,53.65,53.67,966.0
2026-03-13 06:15:00,53.65,53.65,53.6,53.6,486.0
2026-03-13 06:20:00,53.54,53.58,53.54,53.57,1598.0
2026-03-13 06:25:00,53.6,53.6,53.6,53.6,480.0
2026-03-13 06:30:00,53.68,53.71,53.68,53.71,300.0
2026-03-13 06:45:00,53.68,53.7,53.56,53.56,3425.0
2026-03-13 06:50:00,53.55,53.64,53.54,53.64,1466.0
2026-03-13 06:55:00,53.65,53.65,53.59,53.65,500.0
2026-03-13 07:00:00,53.53,53.53,53.41,53.41,2682.0
2026-03-13 07:05:00,53.44,53.45,53.37,53.44,1400.0
2026-03-13 07:10:00,53.55,53.55,53.48,53.48,400.0
2026-03-13 07:15:00,53.54,53.55,53.42,53.42,5754.0
2026-03-13 07:20:00,53.42,53.43,53.42,53.43,300.0
2026-03-13 07:25:00,53.4,53.5,53.32,53.45,7435.0
2026-03-13 07:30:00,53.43,53.47,53.38,53.43,2814.0
2026-03-13 07:35:00,53.46,53.47,53.36,53.42,1831.0
2026-03-13 07:40:00,53.46,53.46,53.35,53.36,1180.0
2026-03-13 07:45:00,53.31,53.36,53.31,53.34,4615.0
2026-03-13 07:50:00,53.35,53.35,53.28,53.3,1600.0
2026-03-13 07:55:00,53.25,53.28,53.24,53.24,450.0
2026-03-13 08:00:00,53.21,54.79,53.1301,54.34,62447.0
2026-03-13 08:05:00,53.3,53.34,53.3,53.34,3750.0
2026-03-13 08:10:00,53.37,53.3889,53.28,53.28,4027.0
2026-03-13 08:15:00,53.3,53.35,53.3,53.35,24950.0
2026-03-13 08:20:00,53.4102,53.42,53.39,53.39,2680.0
2026-03-13 08:25:00,53.36,53.38,53.2447,53.2999,6730.0
2026-03-13 08:30:00,53.3,53.3,53.1369,53.21,4660.0
2026-03-13 08:35:00,53.28,53.3787,53.28,53.35,3640.0
2026-03-13 08:40:00,53.2964,53.2964,53.24,53.25,920.0
2026-03-13 08:45:00,53.17,53.17,52.77,53.0302,43107.0
2026-03-13 08:50:00,53.09,53.2,53.09,53.17,4998.0
2026-03-13 08:55:00,53.21,53.21,53.1403,53.1684,2863.0
2026-03-13 09:00:00,53.1592,53.3,53.0829,53.1529,43008.0
2026-03-13 09:05:00,53.1503,53.24,53.11,53.2399,3522.0
2026-03-13 09:10:00,53.29,53.3,53.14,53.17,11834.0
2026-03-13 09:15:00,53.1825,53.2,53.11,53.1196,25708.0
2026-03-13 09:20:00,53.0996,53.1788,53.0996,53.12,11896.0
2026-03-13 09:25:00,53.09,53.23,53.08,53.21,13081.0
2026-03-13 09:30:00,53.21,53.25,52.96,53.09,493390.0
2026-03-13 09:35:00,53.085,53.295,52.8701,52.97,193264.0
2026-03-13 09:40:00,52.94,53.0,52.57,52.58,231038.0
2026-03-13 09:45:00,52.57,52.77,52.47,52.765,314596.0
2026-03-13 09:50:00,52.765,52.88,52.59,52.66,221301.0
2026-03-13 09:55:00,52.62,52.94,52.62,52.91,163525.0
2026-03-13 10:00:00,52.89,53.1,52.74,52.985,114893.0
2026-03-13 10:05:00,53.0,53.25,52.91,53.21,162006.0
2026-03-13 10:10:00,53.21,53.325,53.165,53.3,112789.0
2026-03-13 10:15:00,53.305,53.585,53.2612,53.4799,122742.0
2026-03-13 10:20:00,53.48,53.48,53.27,53.3601,177070.0
2026-03-13 10:25:00,53.36,53.46,53.23,53.32,76667.0
2026-03-13 10:30:00,53.32,53.35,52.99,53.165,109139.0
2026-03-13 10:35:00,53.155,53.42,53.155,53.32,104937.0
2026-03-13 10:40:00,53.31,53.7,53.31,53.69,92444.0
2026-03-13 10:45:00,53.73,53.93,53.68,53.76,150807.0
2026-03-13 10:50:00,53.76,53.8999,53.63,53.88,113743.0
2026-03-13 10:55:00,53.89,54.24,53.81,54.18,143333.0
2026-03-13 11:00:00,54.18,54.36,54.09,54.23,185243.0
2026-03-13 11:05:00,54.21,54.28,53.97,53.97,271622.0
2026-03-13 11:10:00,53.97,54.06,53.79,53.8097,86433.0
2026-03-13 11:15:00,53.795,54.045,53.795,54.03,87702.0
2026-03-13 11:20:00,54.05,54.3,53.93,54.289,110615.0
2026-03-13 11:25:00,54.3,54.38,54.2814,54.37,78100.0
2026-03-13 11:30:00,54.36,54.41,54.18,54.22,112029.0
2026-03-13 11:35:00,54.22,54.5,54.21,54.32,126378.0
2026-03-13 11:40:00,54.3099,54.655,54.3099,54.5701,135859.0
2026-03-13 11:45:00,54.58,54.67,54.21,54.455,386697.0
2026-03-13 11:50:00,54.45,54.6676,54.4,54.53,100315.0
2026-03-13 11:55:00,54.53,54.71,54.515,54.635,60790.0
2026-03-13 12:00:00,54.64,54.64,54.43,54.47,95637.0
2026-03-13 12:05:00,54.51,54.58,54.335,54.38,48462.0
2026-03-13 12:10:00,54.36,54.64,54.26,54.5,147949.0
2026-03-13 12:15:00,54.4799,54.62,54.43,54.56,54786.0
2026-03-13 12:20:00,54.54,54.59,54.36,54.48,71108.0
2026-03-13 12:25:00,54.46,54.5989,54.38,54.4,60351.0
2026-03-13 12:30:00,54.42,54.49,54.2803,54.46,82621.0
2026-03-13 12:35:00,54.43,54.445,54.2,54.4,61148.0
2026-03-13 12:40:00,54.41,54.56,54.309,54.55,60045.0
2026-03-13 12:45:00,54.55,54.68,54.4835,54.5,60904.0
2026-03-13 12:50:00,54.49,54.5,54.25,54.3,70274.0
2026-03-13 12:55:00,54.29,54.7,54.27,54.65,133730.0
2026-03-13 13:00:00,54.64,54.6601,54.58,54.62,59058.0
2026-03-13 13:05:00,54.615,54.705,54.47,54.52,52103.0
2026-03-13 13:10:00,54.5,54.66,54.335,54.335,44473.0
2026-03-13 13:15:00,54.31,54.4402,54.24,54.3,53257.0
2026-03-13 13:20:00,54.325,54.54,54.3,54.38,51193.0
2026-03-13 13:25:00,54.39,54.53,54.3413,54.43,56409.0
2026-03-13 13:30:00,54.41,54.56,54.3722,54.5,47015.0
2026-03-13 13:35:00,54.5,54.56,54.43,54.435,55155.0
2026-03-13 13:40:00,54.47,54.63,54.45,54.51,95197.0
2026-03-13 13:45:00,54.51,54.885,54.46,54.855,62127.0
2026-03-13 13:50:00,54.875,54.96,54.78,54.8,85086.0
2026-03-13 13:55:00,54.82,54.89,54.74,54.83,101650.0
2026-03-13 14:00:00,54.83,54.83,54.67,54.7,71243.0
2026-03-13 14:05:00,54.69,54.8,54.665,54.71,85168.0
2026-03-13 14:10:00,54.71,54.72,54.62,54.66,88601.0
2026-03-13 14:15:00,54.64,54.785,54.56,54.76,113810.0
2026-03-13 14:20:00,54.75,54.87,54.715,54.82,63527.0
2026-03-13 14:25:00,54.82,54.83,54.64,54.66,50498.0
2026-03-13 14:30:00,54.68,54.71,54.44,54.47,74243.0
2026-03-13 14:35:00,54.5091,54.52,54.39,54.4665,70572.0
2026-03-13 14:40:00,54.455,54.49,54.3601,54.39,38358.0
2026-03-13 14:45:00,54.39,54.43,54.335,54.355,90156.0
2026-03-13 14:50:00,54.39,54.45,54.305,54.35,71706.0
2026-03-13 14:55:00,54.39,54.48,54.39,54.4522,48415.0
2026-03-13 15:00:00,54.45,54.595,54.45,54.58,63261.0
2026-03-13 15:05:00,54.625,54.675,54.54,54.57,71302.0
2026-03-13 15:10:00,54.57,54.64,54.5,54.615,34325.0
2026-03-13 15:15:00,54.6,54.635,54.52,54.59,93053.0
2026-03-13 15:20:00,54.6,54.85,54.6,54.8,70529.0
2026-03-13 15:25:00,54.82,54.94,54.81,54.899,62148.0
2026-03-13 15:30:00,54.89,54.9,54.74,54.86,108429.0
2026-03-13 15:35:00,54.845,55.03,54.845,55.03,90214.0
2026-03-13 15:40:00,55.03,55.13,54.995,55.06,92254.0
2026-03-13 15:45:00,55.04,55.12,54.985,55.0,304821.0
2026-03-13 15:50:00,54.99,55.09,54.92,54.975,347516.0
2026-03-13 15:55:00,54.97,55.005,54.855,54.905,458600.0
2026-03-13 16:00:00,54.9,55.1,54.88,55.09,33734.0
2026-03-13 16:05:00,55.08,55.08,55.03,55.07,24142.0
2026-03-13 16:10:00,55.05,55.09,55.04,55.06,25595.0
2026-03-13 16:15:00,55.05,55.05,55.0,55.01,3292.0
2026-03-13 16:20:00,55.01,55.01,54.9895,54.9895,5548.0
2026-03-13 16:25:00,54.99,54.99,54.9826,54.9826,1100.0
2026-03-13 16:30:00,55.02,55.02,54.99,55.0003,1211.0
2026-03-13 16:35:00,54.9696,54.9696,54.92,54.92,1137.0
2026-03-13 16:40:00,54.92,54.9696,54.92,54.9696,425.0
2026-03-13 16:45:00,55.01,55.06,55.0,55.05,37484.0
2026-03-13 16:50:00,55.09,55.18,55.09,55.11,1700.0
2026-03-13 16:55:00,55.16,55.1896,55.16,55.17,7835.0
2026-03-13 17:00:00,55.15,55.19,55.15,55.19,875.0
2026-03-13 17:05:00,55.15,55.15,55.08,55.08,227.0
2026-03-13 17:10:00,55.1171,55.1171,55.1171,55.1171,200.0
2026-03-13 17:15:00,55.07,55.07,55.07,55.07,630.0
2026-03-13 17:25:00,55.08,55.08,55.08,55.08,200.0
2026-03-13 17:35:00,55.05,55.05,55.05,55.05,130.0
2026-03-13 17:40:00,55.05,55.05,55.05,55.05,2004.0
2026-03-13 17:45:00,55.0,55.0,55.0,55.0,105.0
2026-03-13 17:50:00,55.12,55.12,55.12,55.12,100.0
2026-03-13 17:55:00,54.9982,54.9982,54.98,54.98,595.0
2026-03-13 18:00:00,54.9944,54.9944,54.93,54.93,428.0
2026-03-13 18:05:00,54.9991,54.9991,54.92,54.92,1080.0
2026-03-13 18:10:00,55.0,55.0,55.0,55.0,500.0
2026-03-13 18:15:00,54.9596,54.9596,54.9,54.9,11637.0
2026-03-13 18:20:00,54.9,54.9,54.9,54.9,100.0
2026-03-13 18:25:00,54.3084,54.3084,54.3084,54.3084,125.0
2026-03-13 18:30:00,54.5,54.89,54.49,54.89,748.0
2026-03-13 18:35:00,54.64,54.64,54.64,54.64,499.0
2026-03-13 18:40:00,54.79,54.79,54.78,54.78,700.0
2026-03-13 18:55:00,54.9,54.9348,54.8844,54.9348,300.0
2026-03-13 19:00:00,54.97,54.98,54.8999,54.9006,1058.0
2026-03-13 19:05:00,54.95,54.95,54.94,54.94,202.0
2026-03-13 19:15:00,54.97,54.97,54.97,54.97,795.0
2026-03-13 19:20:00,54.97,54.98,54.97,54.98,498.0
2026-03-13 19:25:00,54.98,55.0,54.98,55.0,764.0
2026-03-13 19:30:00,55.0403,55.0403,55.0403,55.0403,111.0
2026-03-13 19:35:00,55.0,55.07,55.0,55.07,231.0
2026-03-13 19:40:00,54.89,54.89,54.89,54.89,170.0
2026-03-13 19:45:00,54.95,54.95,54.95,54.95,150.0
2026-03-13 19:50:00,55.024,55.024,54.86,54.86,259.0
2026-03-13 19:55:00,54.85,54.99,54.79,54.95,3095.0
2026-03-16 04:00:00,54.75,54.75,54.07,54.09,3824.0
2026-03-16 04:05:00,54.1,54.1,53.91,53.91,1290.0
2026-03-16 04:10:00,53.89,53.89,53.88,53.88,1716.0
2026-03-16 04:15:00,54.15,54.15,54.15,54.15,508.0
2026-03-16 04:20:00,54.09,54.09,54.01,54.02,2660.0
2026-03-16 04:25:00,54.12,54.15,54.06,54.06,6132.0
2026-03-16 04:30:00,54.08,54.15,54.05,54.15,1480.0
2026-03-16 04:35:00,54.23,54.26,54.21,54.26,2524.0
2026-03-16 04:40:00,54.27,54.31,54.2,54.31,1000.0
2026-03-16 04:45:00,54.29,54.31,54.26,54.31,7045.0
2026-03-16 04:50:00,54.35,54.35,54.14,54.14,13367.0
2026-03-16 04:55:00,54.13,54.2,54.11,54.2,3018.0
2026-03-16 05:05:00,54.36,54.45,54.36,54.45,4916.0
2026-03-16 05:10:00,54.37,54.37,54.25,54.25,3236.0
2026-03-16 05:15:00,54.33,54.33,54.26,54.26,1900.0
2026-03-16 05:30:00,54.42,54.45,54.42,54.45,700.0
2026-03-16 05:35:00,54.44,54.44,54.41,54.41,3576.0
2026-03-16 05:40:00,54.44,54.5,54.43,54.5,2538.0
2026-03-16 05:45:00,54.5,54.52,54.32,54.32,2744.0
2026-03-16 05:50:00,54.41,54.41,54.41,54.41,1000.0
2026-03-16 05:55:00,54.38,54.38,54.38,54.38,1000.0
2026-03-16 06:00:00,54.41,54.41,54.3,54.3,1174.0
2026-03-16 06:05:00,54.36,54.42,54.24,54.24,943.0
2026-03-16 06:10:00,54.23,54.23,54.23,54.23,120.0
2026-03-16 06:15:00,54.2,54.23,54.18,54.18,5678.0
2026-03-16 06:20:00,54.1,54.1,53.96,53.96,16333.0
2026-03-16 06:25:00,54.0,54.0,53.9,53.9,6872.0
2026-03-16 06:40:00,53.94,54.0,53.89,54.0,4184.0
2026-03-16 06:45:00,53.98,53.98,53.88,53.88,2258.0
2026-03-16 06:50:00,53.87,53.87,53.81,53.81,6950.0
2026-03-16 06:55:00,53.8,53.8,53.7,53.7,4846.0
2026-03-16 07:00:00,53.74,53.85,53.7,53.75,27398.0
2026-03-16 07:05:00,53.81,53.81,53.81,53.81,250.0
2026-03-16 07:10:00,53.8,53.8,53.79,53.79,800.0
2026-03-16 07:15:00,53.81,53.81,53.75,53.75,6764.0
2026-03-16 07:20:00,53.86,53.88,53.86,53.88,3148.0
2026-03-16 07:25:00,53.9,53.9,53.9,53.9,508.0
2026-03-16 07:30:00,53.92,53.94,53.78,53.78,6725.0
2026-03-16 07:35:00,53.79,53.79,53.68,53.7,3574.0
2026-03-16 07:40:00,53.71,53.71,53.59,53.67,8857.0
2026-03-16 07:45:00,53.62,53.68,53.62,53.68,1451.0
2026-03-16 07:50:00,53.66,53.72,53.66,53.72,14870.0
2026-03-16 07:55:00,53.72,53.72,53.69,53.69,38748.0
2026-03-16 08:00:00,53.7395,54.45,53.58,53.59,103077.0
2026-03-16 08:05:00,53.59,53.6,53.52,53.52,12972.0
2026-03-16 08:10:00,53.52,53.54,53.33,53.35,63231.0
2026-03-16 08:15:00,53.3682,53.41,53.33,53.33,26139.0
2026-03-16 08:20:00,53.38,53.4793,53.38,53.4626,11148.0
2026-03-16 08:25:00,53.47,53.49,53.45,53.45,3648.0
2026-03-16 08:30:00,53.42,53.4271,53.37,53.39,7802.0
2026-03-16 08:35:00,53.38,53.43,53.35,53.43,26493.0
2026-03-16 08:40:00,53.38,53.42,53.3,53.32,10198.0
2026-03-16 08:45:00,53.279,53.36,53.26,53.339,36252.0
2026-03-16 08:50:00,53.36,53.42,53.3191,53.38,6522.0
2026-03-16 08:55:00,53.42,53.51,53.42,53.51,20912.0
2026-03-16 09:00:00,53.47,53.48,53.3536,53.3907,32447.0
2026-03-16 09:05:00,53.3891,53.42,53.37,53.42,8840.0
2026-03-16 09:10:00,53.4829,53.5,53.47,53.5,1948.0
2026-03-16 09:15:00,53.44,53.5064,53.44,53.44,7935.0
2026-03-16 09:20:00,53.49,53.49,53.37,53.43,12536.0
2026-03-16 09:25:00,53.48,53.5,53.44,53.44,11260.0
2026-03-16 09:30:00,53.42,53.59,53.295,53.36,285382.0
2026-03-16 09:35:00,53.38,53.385,53.24,53.26,202773.0
2026-03-16 09:40:00,53.255,53.33,53.08,53.1,189142.0
2026-03-16 09:45:00,53.1,53.13,52.86,53.0,365826.0
2026-03-16 09:50:00,53.01,53.12,53.0,53.06,82861.0
2026-03-16 09:55:00,53.065,53.13,52.8,52.81,223527.0
2026-03-16 10:00:00,52.81,53.0,52.79,52.95,71011.0
2026-03-16 10:05:00,52.95,52.995,52.74,52.82,93947.0
2026-03-16 10:10:00,52.81,52.9,52.67,52.84,265207.0
2026-03-16 10:15:00,52.85,52.91,52.72,52.865,126541.0
2026-03-16 10:20:00,52.8692,52.88,52.68,52.77,78091.0
2026-03-16 10:25:00,52.78,52.9494,52.7299,52.9494,107759.0
2026-03-16 10:30:00,52.94,53.275,52.925,53.25,164425.0
2026-03-16 10:35:00,53.24,53.42,53.0908,53.4,185209.0
2026-03-16 10:40:00,53.4099,53.49,53.33,53.48,99935.0
2026-03-16 10:45:00,53.46,53.56,53.34,53.49,144167.0
2026-03-16 10:50:00,53.51,53.6001,53.1901,53.205,227116.0
2026-03-16 10:55:00,53.26,53.28,53.06,53.06,80425.0
2026-03-16 11:00:00,53.05,53.27,53.05,53.24,62297.0
2026-03-16 11:05:00,53.25,53.34,53.19,53.19,51413.0
2026-03-16 11:10:00,53.1899,53.345,53.12,53.15,58808.0
2026-03-16 11:15:00,53.17,53.3,53.1,53.1,61834.0
2026-03-16 11:20:00,53.13,53.14,52.94,52.9722,34356.0
2026-03-16 11:25:00,52.98,53.08,52.93,53.0025,37368.0
2026-03-16 11:30:00,52.99,52.9999,52.87,52.9199,33952.0
2026-03-16 11:35:00,52.8989,52.9668,52.86,52.96,40093.0
2026-03-16 11:40:00,52.965,53.07,52.95,53.025,41049.0
2026-03-16 11:45:00,53.04,53.06,52.95,52.97,49436.0
2026-03-16 11:50:00,52.98,53.23,52.98,53.155,104198.0
2026-03-16 11:55:00,53.165,53.4,53.1101,53.395,112436.0
2026-03-16 12:00:00,53.4,53.45,53.29,53.45,91806.0
2026-03-16 12:05:00,53.46,53.465,53.23,53.33,83474.0
2026-03-16 12:10:00,53.32,53.37,53.22,53.29,35864.0
2026-03-16 12:15:00,53.3,53.4,53.24,53.35,90432.0
2026-03-16 12:20:00,53.35,53.67,53.34,53.66,109722.0
2026-03-16 12:25:00,53.65,53.72,53.56,53.65,97606.0
2026-03-16 12:30:00,53.65,53.72,53.53,53.62,59372.0
2026-03-16 12:35:00,53.63,53.63,53.4601,53.4601,31233.0
2026-03-16 12:40:00,53.47,53.53,53.29,53.35,82564.0
2026-03-16 12:45:00,53.355,53.45,53.32,53.35,52136.0
2026-03-16 12:50:00,53.38,53.41,53.25,53.34,25061.0
2026-03-16 12:55:00,53.36,53.44,53.32,53.4,31877.0
2026-03-16 13:00:00,53.41,53.41,53.14,53.34,197168.0
2026-03-16 13:05:00,53.33,53.36,53.22,53.28,28456.0
2026-03-16 13:10:00,53.28,53.28,53.095,53.17,37848.0
2026-03-16 13:15:00,53.16,53.29,53.15,53.19,27307.0
2026-03-16 13:20:00,53.18,53.2,53.09,53.14,28903.0
2026-03-16 13:25:00,53.14,53.22,53.08,53.209,48262.0
2026-03-16 13:30:00,53.195,53.29,53.125,53.25,27183.0
2026-03-16 13:35:00,53.24,53.29,53.18,53.28,23326.0
2026-03-16 13:40:00,53.29,53.365,53.235,53.345,38557.0
2026-03-16 13:45:00,53.345,53.45,53.22,53.42,91384.0
2026-03-16 13:50:00,53.42,53.51,53.3,53.36,96018.0
2026-03-16 13:55:00,53.39,53.39,53.2701,53.32,27032.0
2026-03-16 14:00:00,53.31,53.34,53.2292,53.2292,19692.0
2026-03-16 14:05:00,53.21,53.25,53.062,53.13,55821.0
2026-03-16 14:10:00,53.14,53.19,53.08,53.135,85401.0
2026-03-16 14:15:00,53.12,53.14,52.9982,53.06,55737.0
2026-03-16 14:20:00,53.07,53.1,53.0,53.03,19682.0
2026-03-16 14:25:00,53.02,53.11,53.0099,53.06,30977.0
2026-03-16 14:30:00,53.05,53.11,53.02,53.04,22893.0
2026-03-16 14:35:00,53.02,53.08,52.98,53.0,32987.0
2026-03-16 14:40:00,53.0,53.03,52.9599,52.97,23909.0
2026-03-16 14:45:00,52.965,52.9911,52.94,52.99,24151.0
2026-03-16 14:50:00,53.0,53.07,52.99,53.07,30085.0
2026-03-16 14:55:00,53.08,53.13,53.065,53.12,26347.0
2026-03-16 15:00:00,53.1,53.1599,53.01,53.13,27358.0
2026-03-16 15:05:00,53.13,53.19,52.678,52.68,123262.0
2026-03-16 15:10:00,52.67,53.09,52.505,53.04,230528.0
2026-03-16 15:15:00,53.04,53.16,52.945,53.16,101145.0
2026-03-16 15:20:00,53.16,53.27,53.08,53.23,84036.0
2026-03-16 15:25:00,53.23,53.33,53.135,53.23,143178.0
2026-03-16 15:30:00,53.21,53.27,53.17,53.245,57719.0
2026-03-16 15:35:00,53.25,53.305,53.17,53.27,49427.0
2026-03-16 15:40:00,53.275,53.4,53.24,53.36,80434.0
2026-03-16 15:45:00,53.36,53.41,53.3,53.32,96500.0
2026-03-16 15:50:00,53.32,53.4,53.25,53.35,136274.0
2026-03-16 15:55:00,53.35,53.35,53.202,53.27,248760.0
2026-03-16 16:00:00,53.26,53.32,53.21,53.3,21797.0
2026-03-16 16:05:00,53.27,53.27,53.17,53.24,12431.0
2026-03-16 16:10:00,53.24,53.2503,53.2102,53.2102,2250.0
2026-03-16 16:15:00,53.2194,53.2701,53.2194,53.2701,7413.0
2026-03-16 16:20:00,53.32,53.38,53.32,53.38,4222.0
2026-03-16 16:25:00,53.4,53.4099,53.39,53.3902,10686.0
2026-03-16 16:30:00,53.36,53.41,53.36,53.41,3279.0
2026-03-16 16:35:00,53.4,53.4282,53.38,53.38,16106.0
2026-03-16 16:40:00,53.4,53.43,53.32,53.4,5248.0
2026-03-16 16:45:00,53.41,53.41,53.3401,53.3401,3930.0
2026-03-16 16:50:00,53.36,53.36,53.33,53.34,1200.0
2026-03-16 16:55:00,53.3499,53.3941,53.33,53.3941,1600.0
2026-03-16 17:00:00,53.37,53.37,53.37,53.37,200.0
2026-03-16 17:05:00,53.3613,53.3935,53.35,53.35,400.0
2026-03-16 17:15:00,53.39,53.3993,53.39,53.3993,2100.0
2026-03-16 17:20:00,53.4,53.4,53.4,53.4,250.0
2026-03-16 17:25:00,53.38,53.38,53.37,53.37,750.0
2026-03-16 17:30:00,53.37,53.37,53.36,53.36,670.0
2026-03-16 17:35:00,53.42,53.42,53.42,53.42,399.0
2026-03-16 17:40:00,53.4127,53.4127,53.4127,53.4127,150.0
2026-03-16 17:50:00,53.4,53.4,53.4,53.4,500.0
2026-03-16 18:00:00,53.35,53.48,53.35,53.47,9676.0
2026-03-16 18:05:00,53.49,53.49,53.4408,53.4408,2100.0
2026-03-16 18:10:00,53.3804,53.3804,53.3804,53.3804,1000.0
2026-03-16 18:15:00,53.44,53.47,53.44,53.47,2200.0
2026-03-16 18:20:00,53.4001,53.4279,53.4001,53.4279,2500.0
2026-03-16 18:30:00,53.38,53.45,53.38,53.45,2604.0
2026-03-16 18:35:00,53.45,53.48,53.45,53.48,2102.0
2026-03-16 18:40:00,53.4974,53.4974,53.4964,53.4964,1000.0
2026-03-16 18:45:00,53.4891,53.4891,53.4891,53.4891,200.0
2026-03-16 18:50:00,53.5,53.5097,53.5,53.5097,894.0
2026-03-16 19:00:00,53.4801,53.4801,53.42,53.46,3056.0
2026-03-16 19:05:00,53.44,53.44,53.44,53.44,100.0
2026-03-16 19:10:00,53.43,53.43,53.43,53.43,600.0
2026-03-16 19:15:00,53.46,53.46,53.46,53.46,969.0
2026-03-16 19:20:00,53.4596,53.4596,53.43,53.43,765.0
2026-03-16 19:25:00,53.46,53.4694,53.46,53.4694,5982.0
2026-03-16 19:30:00,53.4046,53.4046,53.4046,53.4046,1000.0
2026-03-16 19:35:00,53.3915,53.42,53.3915,53.42,1165.0
2026-03-16 19:40:00,53.37,53.37,53.35,53.35,2629.0
2026-03-16 19:45:00,53.38,53.38,53.38,53.38,100.0
2026-03-16 19:55:00,53.32,53.36,53.32,53.33,4100.0
2026-03-17 04:00:00,53.77,53.83,53.77,53.83,2300.0
2026-03-17 04:05:00,53.81,53.91,53.81,53.91,200.0
2026-03-17 04:10:00,53.95,53.97,53.87,53.93,2400.0
2026-03-17 04:15:00,53.87,53.9,53.8,53.8,2575.0
2026-03-17 04:35:00,54.03,54.03,53.96,53.96,1100.0
2026-03-17 04:40:00,53.91,53.91,53.75,53.76,2720.0
2026-03-17 04:45:00,53.79,53.8,53.79,53.8,200.0
2026-03-17 04:50:00,53.85,53.99,53.84,53.99,800.0
2026-03-17 04:55:00,53.94,53.96,53.94,53.96,858.0
2026-03-17 05:00:00,53.85,53.85,53.72,53.79,2900.0
2026-03-17 05:05:00,53.77,53.77,53.77,53.77,700.0
2026-03-17 05:10:00,53.74,53.74,53.69,53.71,7846.0
2026-03-17 05:15:00,53.77,53.77,53.77,53.77,600.0
2026-03-17 05:20:00,53.7,53.7,53.66,53.66,3200.0
2026-03-17 05:25:00,53.61,53.61,53.58,53.58,793.0
2026-03-17 05:30:00,53.43,53.45,53.41,53.45,1560.0
2026-03-17 05:35:00,53.48,53.48,53.48,53.48,356.0
2026-03-17 05:40:00,53.49,53.51,53.49,53.51,5883.0
2026-03-17 05:45:00,53.5,53.5,53.5,53.5,100.0
2026-03-17 05:50:00,53.49,53.49,53.49,53.49,328.0
2026-03-17 05:55:00,53.47,53.47,53.42,53.42,700.0
2026-03-17 06:00:00,53.43,53.43,53.43,53.43,250.0
2026-03-17 06:05:00,53.53,53.53,53.52,53.52,500.0
2026-03-17 06:10:00,53.54,53.54,53.54,53.54,100.0
2026-03-17 06:15:00,53.66,53.68,53.66,53.68,200.0
2026-03-17 06:45:00,53.51,53.51,53.5,53.5,900.0
2026-03-17 07:00:00,53.46,53.47,53.41,53.44,4002.0
2026-03-17 07:05:00,53.39,53.44,53.38,53.39,11291.0
2026-03-17 07:10:00,53.38,53.49,53.37,53.49,4090.0
2026-03-17 07:15:00,53.51,53.51,53.51,53.51,100.0
2026-03-17 07:25:00,53.35,53.38,53.33,53.38,2733.0
2026-03-17 07:40:00,53.35,53.37,53.35,53.37,1000.0
2026-03-17 07:45:00,53.35,53.42,53.35,53.42,2860.0
2026-03-17 07:50:00,53.43,53.47,53.43,53.47,3480.0
2026-03-17 07:55:00,53.54,53.54,53.52,53.52,1579.0
2026-03-17 08:00:00,53.76,54.13,53.3404,53.3999,57535.0
2026-03-17 08:05:00,53.31,53.3213,53.21,53.21,10328.0
2026-03-17 08:10:00,53.2,53.22,53.08,53.11,10990.0
2026-03-17 08:15:00,53.11,53.1382,53.09,53.09,3982.0
2026-03-17 08:20:00,53.06,53.06,53.0,53.04,6800.0
2026-03-17 08:25:00,53.04,53.04,52.97,52.98,14256.0
2026-03-17 08:30:00,52.97,52.99,52.8,52.8392,62247.0
2026-03-17 08:35:00,52.85,52.92,52.8299,52.8299,8210.0
2026-03-17 08:40:00,52.84,52.88,52.81,52.85,3960.0
2026-03-17 08:45:00,52.87,52.93,52.87,52.88,5700.0
2026-03-17 08:50:00,52.9,52.92,52.8982,52.92,2700.0
2026-03-17 08:55:00,52.919,52.93,52.88,52.88,5290.0
2026-03-17 09:00:00,52.85,52.86,52.78,52.79,15922.0
2026-03-17 09:05:00,52.79,52.79,52.68,52.7087,8490.0
2026-03-17 09:10:00,52.679,52.71,52.65,52.6697,2530.0
2026-03-17 09:15:00,52.66,52.68,52.53,52.53,13005.0
2026-03-17 09:20:00,52.52,52.54,52.44,52.4677,24524.0
2026-03-17 09:25:00,52.4812,52.5299,52.4,52.45,16030.0
2026-03-17 09:30:00,52.48,52.58,52.13,52.2001,290356.0
2026-03-17 09:35:00,52.21,52.27,52.12,52.12,149778.0
2026-03-17 09:40:00,52.145,52.21,52.09,52.2,103566.0
2026-03-17 09:45:00,52.21,52.24,51.9899,52.025,129284.0
2026-03-17 09:50:00,52.025,52.16,52.025,52.061,107515.0
2026-03-17 09:55:00,52.07,52.17,52.05,52.1194,62748.0
2026-03-17 10:00:00,52.11,52.32,52.11,52.28,147255.0
2026-03-17 10:05:00,52.27,52.295,52.195,52.25,74645.0
2026-03-17 10:10:00,52.26,52.49,52.255,52.49,103270.0
2026-03-17 10:15:00,52.5,52.67,52.43,52.43,139832.0
2026-03-17 10:20:00,52.42,52.48,52.3447,52.4424,45556.0
2026-03-17 10:25:00,52.445,52.55,52.38,52.41,46336.0
2026-03-17 10:30:00,52.42,52.52,52.29,52.32,52723.0
2026-03-17 10:35:00,52.32,52.485,52.26,52.44,28224.0
2026-03-17 10:40:00,52.425,52.49,52.24,52.25,38024.0
2026-03-17 10:45:00,52.26,52.305,52.22,52.25,40232.0
2026-03-17 10:50:00,52.25,52.33,52.24,52.29,62930.0
2026-03-17 10:55:00,52.27,52.34,52.24,52.33,33733.0
2026-03-17 11:00:00,52.32,52.45,52.27,52.45,41159.0
2026-03-17 11:05:00,52.44,52.605,52.42,52.605,53411.0
2026-03-17 11:10:00,52.61,52.64,52.5112,52.58,56089.0
2026-03-17 11:15:00,52.58,52.58,52.4,52.46,88809.0
2026-03-17 11:20:00,52.46,52.65,52.42,52.53,74781.0
2026-03-17 11:25:00,52.515,52.65,52.44,52.64,47983.0
2026-03-17 11:30:00,52.64,52.7699,52.52,52.75,54087.0
2026-03-17 11:35:00,52.74,52.9599,52.68,52.85,134382.0
2026-03-17 11:40:00,52.86,52.9,52.74,52.745,59267.0
2026-03-17 11:45:00,52.75,52.809,52.64,52.79,84030.0
2026-03-17 11:50:00,52.78,52.78,52.65,52.73,43025.0
2026-03-17 11:55:00,52.73,52.84,52.685,52.79,43492.0
2026-03-17 12:00:00,52.8,52.96,52.79,52.9,75339.0
2026-03-17 12:05:00,52.9,53.02,52.8,52.87,147475.0
2026-03-17 12:10:00,52.89,52.89,52.74,52.8604,41558.0
2026-03-17 12:15:00,52.85,52.9,52.67,52.67,51442.0
2026-03-17 12:20:00,52.67,52.7901,52.66,52.68,41688.0
2026-03-17 12:25:00,52.685,52.81,52.685,52.76,22596.0
2026-03-17 12:30:00,52.75,52.86,52.7,52.76,21231.0
2026-03-17 12:35:00,52.74,52.86,52.68,52.8401,28584.0
2026-03-17 12:40:00,52.82,52.85,52.68,52.68,18215.0
2026-03-17 12:45:00,52.67,52.76,52.65,52.735,65930.0
2026-03-17 12:50:00,52.725,52.775,52.69,52.75,17670.0
2026-03-17 12:55:00,52.74,52.82,52.7,52.82,9918.0
2026-03-17 13:00:00,52.81,52.81,52.58,52.6,32036.0
2026-03-17 13:05:00,52.61,52.65,52.59,52.6,14160.0
2026-03-17 13:10:00,52.61,52.74,52.59,52.66,17442.0
2026-03-17 13:15:00,52.67,52.73,52.67,52.71,17539.0
2026-03-17 13:20:00,52.69,52.76,52.66,52.69,18679.0
2026-03-17 13:25:00,52.69,52.73,52.63,52.675,15205.0
2026-03-17 13:30:00,52.7,52.72,52.63,52.69,16056.0
2026-03-17 13:35:00,52.69,52.69,52.57,52.585,24958.0
2026-03-17 13:40:00,52.59,52.75,52.58,52.75,23145.0
2026-03-17 13:45:00,52.71,52.79,52.69,52.72,50585.0
2026-03-17 13:50:00,52.73,52.75,52.57,52.6,71025.0
2026-03-17 13:55:00,52.6,52.641,52.6,52.6301,14596.0
2026-03-17 14:00:00,52.63,52.695,52.56,52.59,31579.0
2026-03-17 14:05:00,52.56,52.63,52.51,52.51,44031.0
2026-03-17 14:10:00,52.51,52.5801,52.48,52.575,34431.0
2026-03-17 14:15:00,52.59,52.6299,52.565,52.595,19440.0
2026-03-17 14:20:00,52.61,52.81,52.61,52.81,29888.0
2026-03-17 14:25:00,52.805,52.83,52.75,52.81,20416.0
2026-03-17 14:30:00,52.825,52.86,52.7501,52.78,60033.0
2026-03-17 14:35:00,52.79,52.815,52.75,52.77,20980.0
2026-03-17 14:40:00,52.8,52.83,52.76,52.82,92405.0
2026-03-17 14:45:00,52.83,52.83,52.7613,52.77,79211.0
2026-03-17 14:50:00,52.77,52.82,52.6998,52.7,11033.0
2026-03-17 14:55:00,52.71,52.83,52.71,52.7708,23567.0
2026-03-17 15:00:00,52.775,52.8,52.72,52.79,38309.0
2026-03-17 15:05:00,52.81,52.89,52.8,52.805,40779.0
2026-03-17 15:10:00,52.79,52.8,52.75,52.76,13297.0
2026-03-17 15:15:00,52.76,52.76,52.66,52.7,31260.0
2026-03-17 15:20:00,52.7,52.77,52.7,52.765,8931.0
2026-03-17 15:25:00,52.76,52.8,52.75,52.795,63890.0
2026-03-17 15:30:00,52.79,52.81,52.735,52.8,19685.0
2026-03-17 15:35:00,52.8,52.818,52.77,52.8,18231.0
2026-03-17 15:40:00,52.8,52.855,52.76,52.8378,100126.0
2026-03-17 15:45:00,52.83,52.83,52.75,52.76,30291.0
2026-03-17 15:50:00,52.76,52.9,52.74,52.745,132680.0
2026-03-17 15:55:00,52.75,52.925,52.75,52.86,274169.0
2026-03-17 16:00:00,52.86,52.9,52.83,52.83,20948.0
2026-03-17 16:05:00,52.8174,52.8782,52.8174,52.86,929.0
2026-03-17 16:10:00,52.86,52.86,52.82,52.8399,5605.0
2026-03-17 16:15:00,52.84,52.85,52.8,52.8,2681.0
2026-03-17 16:20:00,52.83,52.84,52.81,52.81,1300.0
2026-03-17 16:25:00,52.8106,52.8288,52.8007,52.8288,2200.0
2026-03-17 16:35:00,52.8,52.8,52.79,52.79,700.0
2026-03-17 16:45:00,52.78,52.8091,52.78,52.8091,2705.0
2026-03-17 16:50:00,52.7992,52.81,52.7992,52.81,1200.0
2026-03-17 16:55:00,52.82,52.82,52.8107,52.8107,513.0
2026-03-17 17:05:00,52.76,52.76,52.76,52.76,158.0
2026-03-17 17:15:00,52.81,52.81,52.81,52.81,900.0
2026-03-17 17:40:00,52.8,52.8,52.8,52.8,2000.0
2026-03-17 17:45:00,52.829,52.83,52.7729,52.7729,510.0
2026-03-17 18:00:00,52.83,52.881,52.83,52.881,5600.0
2026-03-17 18:15:00,52.92,52.92,52.92,52.92,400.0
2026-03-17 18:25:00,52.88,52.88,52.88,52.88,2500.0
2026-03-17 18:30:00,52.88,52.88,52.88,52.88,3412.0
2026-03-17 18:35:00,52.95,52.96,52.95,52.96,1400.0
2026-03-17 18:40:00,52.97,53.0185,52.97,53.0185,400.0
2026-03-17 18:45:00,53.0197,53.0197,53.0197,53.0197,1600.0
2026-03-17 18:55:00,52.93,52.93,52.93,52.93,100.0
2026-03-17 19:10:00,52.96,52.96,52.96,52.96,100.0
2026-03-17 19:25:00,52.96,52.96,52.96,52.96,200.0
2026-03-17 19:30:00,52.97,52.97,52.97,52.97,200.0
2026-03-17 19:45:00,52.9626,52.9995,52.9626,52.981,908.0
2026-03-17 19:50:00,52.98,52.98,52.98,52.98,100.0
2026-03-17 19:55:00,52.9994,53.0,52.9994,53.0,2077.0
2026-03-18 04:00:00,52.14,52.15,52.09,52.09,2798.0
2026-03-18 04:05:00,52.04,52.04,52.02,52.02,1000.0
2026-03-18 04:15:00,52.06,52.07,52.02,52.06,1853.0
2026-03-18 04:20:00,52.05,52.07,52.05,52.06,2700.0
2026-03-18 04:25:00,52.07,52.09,52.06,52.06,2805.0
2026-03-18 05:05:00,52.0,52.0,52.0,52.0,1000.0
2026-03-18 05:15:00,52.05,52.05,52.05,52.05,200.0
2026-03-18 05:25:00,52.03,52.03,52.03,52.03,100.0
2026-03-18 05:30:00,52.03,52.04,52.03,52.04,200.0
2026-03-18 05:35:00,52.02,52.02,52.02,52.02,100.0
2026-03-18 05:45:00,52.01,52.01,52.01,52.01,384.0
2026-03-18 05:50:00,52.0,52.0,52.0,52.0,400.0
2026-03-18 05:55:00,52.07,52.07,52.07,52.07,100.0
2026-03-18 06:20:00,51.98,51.98,51.98,51.98,1605.0
2026-03-18 06:25:00,52.0,52.0,52.0,52.0,200.0
2026-03-18 06:30:00,52.0,52.0,52.0,52.0,800.0
2026-03-18 06:55:00,52.13,52.13,52.13,52.13,200.0
2026-03-18 07:00:00,52.18,52.18,52.14,52.14,3150.0
2026-03-18 07:05:00,52.161,52.19,52.161,52.19,1600.0
2026-03-18 07:10:00,52.15,52.15,52.08,52.1,3755.0
2026-03-18 07:15:00,52.07,52.07,52.07,52.07,200.0
2026-03-18 07:20:00,52.06,52.09,52.06,52.09,707.0
2026-03-18 07:25:00,52.2,52.45,52.2,52.45,1520.0
2026-03-18 07:30:00,52.471,52.471,52.31,52.331,3225.0
2026-03-18 07:35:00,52.37,52.39,52.36,52.39,575.0
2026-03-18 07:40:00,52.34,52.34,52.21,52.24,1535.0
2026-03-18 07:45:00,52.28,52.28,52.28,52.28,100.0
2026-03-18 07:50:00,52.3,52.3,52.3,52.3,535.0
2026-03-18 07:55:00,52.37,52.39,52.32,52.36,13905.0
2026-03-18 08:00:00,52.18,52.58,51.9,52.56,79731.0
2026-03-18 08:05:00,52.57,52.65,52.55,52.65,28453.0
2026-03-18 08:10:00,52.66,52.75,52.62,52.75,12630.0
2026-03-18 08:15:00,52.71,52.95,52.67,52.95,23940.0
2026-03-18 08:20:00,52.94,52.94,52.85,52.8864,9045.0
2026-03-18 08:25:00,52.89,52.91,52.75,52.8,39098.0
2026-03-18 08:30:00,52.84,53.29,52.84,53.2,51841.0
2026-03-18 08:35:00,53.15,53.22,53.0707,53.0707,27701.0
2026-03-18 08:40:00,53.05,53.56,53.0,53.4626,39193.0
2026-03-18 08:45:00,53.48,53.6689,53.43,53.62,73197.0
2026-03-18 08:50:00,53.6394,53.72,53.52,53.68,25500.0
2026-03-18 08:55:00,53.6605,53.75,53.51,53.7,23597.0
2026-03-18 09:00:00,53.66,53.7,53.57,53.57,10296.0
2026-03-18 09:05:00,53.62,53.68,53.55,53.609,12840.0
2026-03-18 09:10:00,53.64,53.64,53.5602,53.5911,2551.0
2026-03-18 09:15:00,53.64,53.72,53.5613,53.57,14287.0
2026-03-18 09:20:00,53.6202,53.6202,53.5,53.56,10140.0
2026-03-18 09:25:00,53.49,53.5,53.38,53.46,17778.0
2026-03-18 09:30:00,53.45,53.55,53.29,53.375,339398.0
2026-03-18 09:35:00,53.34,53.41,53.24,53.29,139763.0
2026-03-18 09:40:00,53.28,53.465,53.16,53.355,191639.0
2026-03-18 09:45:00,53.39,53.4,53.1499,53.28,81349.0
2026-03-18 09:50:00,53.29,53.39,53.22,53.34,125614.0
2026-03-18 09:55:00,53.36,53.4499,53.23,53.23,126934.0
2026-03-18 10:00:00,53.23,53.54,53.22,53.43,116723.0
2026-03-18 10:05:00,53.44,53.49,53.2101,53.33,84655.0
2026-03-18 10:10:00,53.335,53.73,53.335,53.73,101057.0
2026-03-18 10:15:00,53.7293,53.73,53.58,53.65,61926.0
2026-03-18 10:20:00,53.64,53.72,53.61,53.7099,34311.0
2026-03-18 10:25:00,53.69,54.0699,53.69,54.01,175190.0
2026-03-18 10:30:00,54.01,54.02,53.78,53.9507,171425.0
2026-03-18 10:35:00,53.945,54.0184,53.875,53.97,40442.0
2026-03-18 10:40:00,53.975,54.065,53.94,54.02,39867.0
2026-03-18 10:45:00,54.03,54.08,53.9,54.03,54342.0
2026-03-18 10:50:00,54.015,54.03,53.92,53.96,39345.0
2026-03-18 10:55:00,53.965,53.965,53.74,53.74,77421.0
2026-03-18 11:00:00,53.74,53.83,53.6,53.73,124017.0
2026-03-18 11:05:00,53.71,53.7299,53.535,53.54,80173.0
2026-03-18 11:10:00,53.5401,53.68,53.54,53.65,50942.0
2026-03-18 11:15:00,53.62,53.8199,53.6048,53.8084,70576.0
2026-03-18 11:20:00,53.8,53.909,53.75,53.76,49593.0
2026-03-18 11:25:00,53.76,53.79,53.7,53.79,20494.0
2026-03-18 11:30:00,53.7901,53.7901,53.63,53.68,25147.0
2026-03-18 11:35:00,53.69,53.75,53.6497,53.68,16296.0
2026-03-18 11:40:00,53.7,53.82,53.68,53.74,31197.0
2026-03-18 11:45:00,53.74,53.84,53.6899,53.8,88099.0
2026-03-18 11:50:00,53.8,53.84,53.695,53.695,46331.0
2026-03-18 11:55:00,53.695,53.7869,53.665,53.74,53942.0
2026-03-18 12:00:00,53.76,53.8825,53.76,53.82,35104.0
2026-03-18 12:05:00,53.81,53.86,53.755,53.8301,21558.0
2026-03-18 12:10:00,53.835,53.89,53.68,53.7,26835.0
2026-03-18 12:15:00,53.7,53.8,53.6999,53.71,24548.0
2026-03-18 12:20:00,53.685,53.71,53.645,53.68,17009.0
2026-03-18 12:25:00,53.67,53.76,53.67,53.74,21945.0
2026-03-18 12:30:00,53.75,53.94,53.7299,53.9,83466.0
2026-03-18 12:35:00,53.95,54.05,53.82,53.85,55500.0
2026-03-18 12:40:00,53.86,53.91,53.82,53.89,20840.0
2026-03-18 12:45:00,53.9,53.94,53.84,53.86,17886.0
2026-03-18 12:50:00,53.89,53.89,53.75,53.75,12796.0
2026-03-18 12:55:00,53.77,53.9,53.7297,53.87,27751.0
2026-03-18 13:00:00,53.88,54.06,53.8529,53.94,55403.0
2026-03-18 13:05:00,53.95,54.03,53.91,54.01,29348.0
2026-03-18 13:10:00,54.0,54.14,53.985,54.09,40355.0
2026-03-18 13:15:00,54.0987,54.13,54.0001,54.015,26210.0
2026-03-18 13:20:00,54.015,54.04,53.98,53.99,18633.0
2026-03-18 13:25:00,54.03,54.07,54.03,54.045,12490.0
2026-03-18 13:30:00,54.04,54.17,54.01,54.01,67889.0
2026-03-18 13:35:00,54.0,54.0,53.88,53.91,57599.0
2026-03-18 13:40:00,53.92,54.05,53.92,54.0201,46964.0
2026-03-18 13:45:00,54.02,54.04,53.85,53.97,153219.0
2026-03-18 13:50:00,53.97,54.02,53.88,53.88,47135.0
2026-03-18 13:55:00,53.88,53.93,53.81,53.84,38060.0
2026-03-18 14:00:00,53.825,53.87,53.67,53.75,106247.0
2026-03-18 14:05:00,53.79,53.9,53.76,53.87,26664.0
2026-03-18 14:10:00,53.84,53.96,53.8301,53.8714,32440.0
2026-03-18 14:15:00,53.88,54.1499,53.88,54.08,127316.0
2026-03-18 14:20:00,54.07,54.15,54.01,54.06,21994.0
2026-03-18 14:25:00,54.06,54.1,53.96,53.96,65733.0
2026-03-18 14:30:00,53.98,54.3299,53.95,54.32,77482.0
2026-03-18 14:35:00,54.32,54.35,53.97,54.3,162337.0
2026-03-18 14:40:00,54.2999,54.38,54.13,54.25,131449.0
2026-03-18 14:45:00,54.25,54.3399,54.24,54.32,65557.0
2026-03-18 14:50:00,54.3393,54.615,54.31,54.56,135684.0
2026-03-18 14:55:00,54.585,54.635,54.48,54.63,129969.0
2026-03-18 15:00:00,54.625,54.65,54.3903,54.4,116992.0
2026-03-18 15:05:00,54.38,54.45,54.3149,54.37,106163.0
2026-03-18 15:10:00,54.37,54.56,54.37,54.49,49052.0
2026-03-18 15:15:00,54.48,54.63,54.48,54.63,34371.0
2026-03-18 15:20:00,54.64,54.78,54.605,54.7794,60293.0
2026-03-18 15:25:00,54.78,54.79,54.67,54.7514,46260.0
2026-03-18 15:30:00,54.73,54.8,54.67,54.7,33579.0
2026-03-18 15:35:00,54.71,54.85,54.71,54.83,43551.0
2026-03-18 15:40:00,54.82,55.01,54.805,54.945,121844.0
2026-03-18 15:45:00,54.96,55.04,54.92,54.99,80107.0
2026-03-18 15:50:00,54.98,55.0,54.87,54.955,112270.0
2026-03-18 15:55:00,54.97,55.13,54.9299,55.05,238737.0
2026-03-18 16:00:00,55.06,55.14,55.04,55.11,14568.0
2026-03-18 16:05:00,55.12,55.253,55.1018,55.24,21756.0
2026-03-18 16:10:00,55.24,55.3693,55.24,55.3693,12678.0
2026-03-18 16:15:00,55.4292,55.45,55.4,55.4,4526.0
2026-03-18 16:20:00,55.45,55.45,55.4,55.4195,2911.0
2026-03-18 16:25:00,55.4198,55.59,55.4198,55.51,15623.0
2026-03-18 16:30:00,55.47,55.47,55.44,55.44,10870.0
2026-03-18 16:35:00,55.4493,55.4493,55.361,55.3791,6767.0
2026-03-18 16:40:00,55.3609,55.3764,55.32,55.3218,2430.0
2026-03-18 16:45:00,55.3108,55.3108,55.2807,55.2807,4052.0
2026-03-18 16:50:00,55.27,55.3003,55.27,55.3,2264.0
2026-03-18 16:55:00,55.27,55.35,55.27,55.35,290.0
2026-03-18 17:00:00,55.31,55.31,55.31,55.31,200.0
2026-03-18 17:05:00,55.3301,55.3301,55.33,55.33,450.0
2026-03-18 17:10:00,55.16,55.16,55.1,55.15,3526.0
2026-03-18 17:15:00,55.19,55.19,55.15,55.15,499.0
2026-03-18 17:20:00,55.2,55.2,55.1606,55.17,2646.0
2026-03-18 17:25:00,55.146,55.1511,55.1419,55.15,4765.0
2026-03-18 17:30:00,55.2795,55.2795,55.1838,55.1838,618.0
2026-03-18 17:35:00,55.2487,55.2489,55.1803,55.2342,1848.0
2026-03-18 17:40:00,55.1878,55.24,55.1878,55.24,700.0
2026-03-18 17:45:00,55.25,55.27,55.18,55.2,2663.0
2026-03-18 17:50:00,55.15,55.15,55.1,55.11,2101.0
2026-03-18 17:55:00,55.13,55.1465,55.08,55.1465,1450.0
2026-03-18 18:00:00,55.18,55.35,55.18,55.35,2115.0
2026-03-18 18:05:00,55.39,55.39,55.3264,55.3264,1401.0
2026-03-18 18:10:00,55.3292,55.33,55.3292,55.33,300.0
2026-03-18 18:15:00,55.399,55.4,55.35,55.35,2518.0
2026-03-18 18:20:00,55.3,55.43,55.3,55.43,4721.0
2026-03-18 18:25:00,55.4411,55.4796,55.4411,55.45,2079.0
2026-03-18 18:30:00,55.43,55.5279,55.43,55.5279,1370.0
2026-03-18 18:35:00,55.52,55.5392,55.5,55.5,7187.0
2026-03-18 18:40:00,55.5364,55.5364,55.5364,55.5364,450.0
2026-03-18 18:50:00,55.4401,55.4401,55.3854,55.3854,900.0
2026-03-18 18:55:00,55.4,55.4,55.38,55.4,1650.0
2026-03-18 19:00:00,55.35,55.35,55.35,55.35,300.0
2026-03-18 19:15:00,55.2797,55.31,55.2797,55.3,2400.0
2026-03-18 19:20:00,55.28,55.29,55.23,55.2599,7048.0
2026-03-18 19:25:00,55.24,55.24,55.21,55.21,5133.0
2026-03-18 19:30:00,55.2197,55.22,55.2,55.22,4454.0
2026-03-18 19:35:00,55.23,55.23,55.19,55.2,1161.0
2026-03-18 19:40:00,55.1906,55.1997,55.11,55.13,2326.0
2026-03-18 19:45:00,55.32,55.32,55.22,55.2799,7704.0
2026-03-18 19:50:00,55.31,55.31,55.22,55.22,4875.0
2026-03-18 19:55:00,55.23,55.25,55.18,55.18,5131.0
2026-03-19 04:00:00,55.46,55.54,55.45,55.54,532.0
2026-03-19 04:05:00,55.39,55.4,55.39,55.4,1082.0
2026-03-19 04:10:00,55.42,55.42,55.31,55.31,659.0
2026-03-19 04:15:00,55.34,55.34,55.33,55.34,1507.0
2026-03-19 04:20:00,55.51,55.52,55.51,55.52,607.0
2026-03-19 04:25:00,55.61,55.62,55.59,55.6,2481.0
2026-03-19 04:30:00,55.58,55.68,55.5,55.68,4938.0
2026-03-19 04:35:00,55.65,55.69,55.64,55.66,3015.0
2026-03-19 04:40:00,55.69,55.78,55.62,55.78,3107.0
2026-03-19 04:45:00,55.76,55.77,55.76,55.77,1014.0
2026-03-19 04:50:00,55.65,55.65,55.47,55.47,300.0
2026-03-19 04:55:00,55.48,55.48,55.48,55.48,507.0
2026-03-19 05:00:00,55.51,55.51,55.4,55.4,1414.0
2026-03-19 05:10:00,55.41,55.42,55.41,55.41,3057.0
2026-03-19 05:15:00,55.37,55.48,55.37,55.43,3228.0
2026-03-19 05:20:00,55.32,55.32,55.26,55.26,382.0
2026-03-19 05:25:00,55.35,55.8,55.35,55.67,24793.0
2026-03-19 05:30:00,55.75,55.75,55.55,55.61,2460.0
2026-03-19 05:35:00,55.71,55.71,55.62,55.62,1520.0
2026-03-19 05:40:00,55.54,55.56,55.54,55.56,1507.0
2026-03-19 05:45:00,55.55,55.55,55.18,55.18,30951.0
2026-03-19 05:50:00,55.18,55.2,55.0,55.0,12381.0
2026-03-19 05:55:00,55.04,55.04,55.0,55.04,2221.0
2026-03-19 06:00:00,55.09,55.14,55.09,55.12,1609.0
2026-03-19 06:05:00,55.11,55.11,55.08,55.08,807.0
2026-03-19 06:10:00,55.2,55.2,55.2,55.2,500.0
2026-03-19 06:15:00,55.26,55.26,55.24,55.24,877.0
2026-03-19 06:25:00,55.18,55.2,55.18,55.2,1300.0
2026-03-19 06:30:00,55.18,55.18,55.18,55.18,100.0
2026-03-19 06:40:00,55.29,55.33,55.28,55.28,3921.0
2026-03-19 06:45:00,55.33,55.33,55.33,55.33,507.0
2026-03-19 06:50:00,55.29,55.29,55.29,55.29,200.0
2026-03-19 07:00:00,55.29,55.33,55.24,55.3,1839.0
2026-03-19 07:05:00,55.37,55.37,55.35,55.35,732.0
2026-03-19 07:10:00,55.35,55.35,55.34,55.34,4613.0
2026-03-19 07:15:00,55.36,55.44,55.35,55.44,1118.0
2026-03-19 07:20:00,55.42,55.57,55.42,55.57,2500.0
2026-03-19 07:25:00,55.58,55.6,55.58,55.6,2607.0
2026-03-19 07:30:00,55.47,55.62,55.47,55.62,807.0
2026-03-19 07:35:00,55.65,55.69,55.65,55.65,2806.0
2026-03-19 07:40:00,55.699,55.73,55.699,55.7,1300.0
2026-03-19 07:45:00,55.73,55.73,55.69,55.71,5142.0
2026-03-19 07:50:00,55.699,55.699,55.55,55.559,2002.0
2026-03-19 07:55:00,55.6,55.6,55.48,55.48,5517.0
2026-03-19 08:00:00,55.4686,55.88,54.93,55.88,128350.0
2026-03-19 08:05:00,55.8496,55.8496,55.45,55.63,44344.0
2026-03-19 08:10:00,55.5547,55.77,55.5547,55.77,3428.0
2026-03-19 08:15:00,55.71,55.88,55.67,55.88,38861.0
2026-03-19 08:20:00,55.8493,55.91,55.8,55.9,4217.0
2026-03-19 08:25:00,55.8892,56.14,55.8892,56.054,14213.0
2026-03-19 08:30:00,56.01,56.2,55.94,56.05,25393.0
2026-03-19 08:35:00,56.03,56.12,55.96,56.12,19747.0
2026-03-19 08:40:00,56.13,56.15,55.8806,55.95,32806.0
2026-03-19 08:45:00,55.9899,56.1526,55.9899,56.15,11840.0
2026-03-19 08:50:00,56.16,56.37,56.15,56.2,41164.0
2026-03-19 08:55:00,56.2185,56.2499,56.16,56.22,13268.0
2026-03-19 09:00:00,56.2,56.4,56.2,56.323,17850.0
2026-03-19 09:05:00,56.31,56.4099,56.3,56.39,11460.0
2026-03-19 09:10:00,56.43,56.44,56.37,56.4396,4550.0
2026-03-19 09:15:00,56.47,56.5,55.9982,56.0295,27515.0
2026-03-19 09:20:00,55.94,56.33,55.86,56.29,18458.0
2026-03-19 09:25:00,56.32,56.34,56.17,56.25,42948.0
2026-03-19 09:30:00,56.24,56.68,56.24,56.43,445828.0
2026-03-19 09:35:00,56.44,56.64,56.2923,56.405,193342.0
2026-03-19 09:40:00,56.41,56.46,56.07,56.13,206758.0
2026-03-19 09:45:00,56.1592,56.33,55.99,55.9901,202795.0
2026-03-19 09:50:00,55.99,56.05,55.73,55.75,165505.0
2026-03-19 09:55:00,55.78,56.015,55.78,55.81,103842.0
2026-03-19 10:00:00,55.83,55.92,55.69,55.915,85510.0
2026-03-19 10:05:00,55.88,55.955,55.75,55.925,104347.0
2026-03-19 10:10:00,55.905,55.97,55.61,55.945,182099.0
2026-03-19 10:15:00,55.95,56.16,55.895,56.07,73552.0
2026-03-19 10:20:00,56.06,56.29,55.93,56.25,64367.0
2026-03-19 10:25:00,56.24,56.46,56.18,56.39,84585.0
2026-03-19 10:30:00,56.39,56.4,55.84,55.85,182158.0
2026-03-19 10:35:00,55.84,56.195,55.71,56.13,161976.0
2026-03-19 10:40:00,56.14,56.14,55.89,56.11,74585.0
2026-03-19 10:45:00,56.1,56.18,55.97,55.97,44206.0
2026-03-19 10:50:00,55.97,56.08,55.87,56.02,72122.0
2026-03-19 10:55:00,56.01,56.14,55.88,56.0,54402.0
2026-03-19 11:00:00,56.02,56.09,55.835,55.84,49782.0
2026-03-19 11:05:00,55.825,55.885,55.55,55.76,175902.0
2026-03-19 11:10:00,55.76,55.8,55.62,55.65,57150.0
2026-03-19 11:15:00,55.625,55.955,55.56,55.94,215901.0
2026-03-19 11:20:00,55.94,56.11,55.89,56.0996,86479.0
2026-03-19 11:25:00,56.09,56.16,55.97,56.03,107583.0
2026-03-19 11:30:00,56.06,56.27,56.03,56.25,68149.0
2026-03-19 11:35:00,56.28,56.385,56.2001,56.335,63942.0
2026-03-19 11:40:00,56.24,56.35,56.16,56.35,223088.0
2026-03-19 11:45:00,56.33,56.425,56.185,56.2201,193599.0
2026-03-19 11:50:00,56.23,56.31,56.18,56.28,56958.0
2026-03-19 11:55:00,56.285,56.29,55.99,56.0,208778.0
2026-03-19 12:00:00,56.0,56.11,55.73,55.89,246538.0
2026-03-19 12:05:00,55.89,55.92,55.71,55.85,124326.0
2026-03-19 12:10:00,55.86,56.06,55.84,56.02,139830.0
2026-03-19 12:15:00,56.02,56.13,55.955,56.085,63491.0
2026-03-19 12:20:00,56.1,56.19,56.0,56.09,60624.0
2026-03-19 12:25:00,56.08,56.1099,55.95,55.99,62791.0
2026-03-19 12:30:00,55.985,56.1,55.935,56.0,95783.0
2026-03-19 12:35:00,56.01,56.15,55.95,55.99,74856.0
2026-03-19 12:40:00,55.98,56.0,55.8,55.93,71475.0
2026-03-19 12:45:00,55.92,56.1,55.89,56.065,49788.0
2026-03-19 12:50:00,56.075,56.3199,56.06,56.2,56838.0
2026-03-19 12:55:00,56.2001,56.275,56.145,56.18,33059.0
2026-03-19 13:00:00,56.18,56.34,56.135,56.33,27271.0
2026-03-19 13:05:00,56.34,56.54,56.3,56.51,83517.0
2026-03-19 13:10:00,56.51,56.56,56.41,56.52,114028.0
2026-03-19 13:15:00,56.5,56.55,56.25,56.25,95482.0
2026-03-19 13:20:00,56.26,56.33,56.09,56.17,80130.0
2026-03-19 13:25:00,56.18,56.23,56.1,56.18,73452.0
2026-03-19 13:30:00,56.18,56.3,56.1,56.28,44823.0
2026-03-19 13:35:00,56.29,56.39,56.26,56.38,52259.0
2026-03-19 13:40:00,56.38,56.4299,56.3,56.34,73585.0
2026-03-19 13:45:00,56.34,56.38,56.27,56.3,52911.0
2026-03-19 13:50:00,56.29,56.3,56.01,56.02,114012.0
2026-03-19 13:55:00,56.08,56.18,56.06,56.165,70032.0
2026-03-19 14:00:00,56.17,56.31,56.155,56.295,26001.0
2026-03-19 14:05:00,56.285,56.3,56.12,56.16,40936.0
2026-03-19 14:10:00,56.12,56.155,55.83,55.88,85095.0
2026-03-19 14:15:00,55.87,56.04,55.85,55.93,53240.0
2026-03-19 14:20:00,55.93,56.05,55.9,56.0,30107.0
2026-03-19 14:25:00,56.025,56.18,56.01,56.18,25761.0
2026-03-19 14:30:00,56.19,56.26,56.15,56.19,43235.0
2026-03-19 14:35:00,56.18,56.33,56.13,56.28,70899.0
2026-03-19 14:40:00,56.27,56.39,56.25,56.35,28175.0
2026-03-19 14:45:00,56.37,56.38,56.27,56.29,30994.0
2026-03-19 14:50:00,56.33,56.3891,56.22,56.22,58678.0
2026-03-19 14:55:00,56.22,56.25,55.77,55.86,202160.0
2026-03-19 15:00:00,55.85,55.86,55.3,55.36,304638.0
2026-03-19 15:05:00,55.37,55.37,54.74,55.05,677743.0
2026-03-19 15:10:00,55.06,55.29,54.81,54.99,351408.0
2026-03-19 15:15:00,55.03,55.18,54.91,55.01,201848.0
2026-03-19 15:20:00,55.01,55.35,55.0,55.31,106274.0
2026-03-19 15:25:00,55.32,55.55,55.31,55.42,179173.0
2026-03-19 15:30:00,55.42,55.53,55.29,55.48,105240.0
2026-03-19 15:35:00,55.49,55.72,55.38,55.39,116160.0
2026-03-19 15:40:00,55.39,55.49,55.32,55.42,105064.0
2026-03-19 15:45:00,55.42,55.52,55.38,55.47,102156.0
2026-03-19 15:50:00,55.49,55.59,55.43,55.54,134303.0
2026-03-19 15:55:00,55.535,55.58,55.41,55.52,291121.0
2026-03-19 16:00:00,55.54,55.63,55.499,55.499,29998.0
2026-03-19 16:05:00,55.4206,55.45,55.32,55.35,16223.0
2026-03-19 16:10:00,55.39,55.4,55.27,55.27,2000.0
2026-03-19 16:15:00,55.219,55.241,55.21,55.2379,5286.0
2026-03-19 16:20:00,55.21,55.21,55.15,55.2,3801.0
2026-03-19 16:25:00,55.225,55.225,55.22,55.22,400.0
2026-03-19 16:30:00,55.25,55.27,55.2405,55.2405,725.0
2026-03-19 16:35:00,55.24,55.2493,55.24,55.2493,1800.0
2026-03-19 16:40:00,55.24,55.26,55.24,55.2497,700.0
2026-03-19 16:45:00,55.24,55.25,55.24,55.25,1600.0
2026-03-19 16:50:00,55.24,55.24,55.24,55.24,1000.0
2026-03-19 16:55:00,55.2693,55.2693,55.26,55.26,725.0
2026-03-19 17:05:00,55.27,55.27,55.2389,55.2389,1300.0
2026-03-19 17:15:00,55.25,55.25,55.25,55.25,371.0
2026-03-19 17:20:00,55.23,55.23,55.23,55.23,200.0
2026-03-19 17:25:00,55.29,55.29,55.29,55.29,3000.0
2026-03-19 17:30:00,55.24,55.24,55.24,55.24,271.0
2026-03-19 17:35:00,55.2055,55.2055,55.2055,55.2055,339.0
2026-03-19 17:50:00,55.28,55.28,55.28,55.28,100.0
2026-03-19 17:55:00,55.21,55.21,55.21,55.21,869.0
2026-03-19 18:00:00,55.2,55.2,55.11,55.11,2788.0
2026-03-19 18:05:00,55.3,55.3,55.3,55.3,250.0
2026-03-19 18:10:00,55.22,55.22,55.22,55.22,300.0
2026-03-19 18:15:00,55.191,55.22,55.191,55.22,360.0
2026-03-19 18:20:00,55.1,55.1,55.1,55.1,500.0
2026-03-19 18:25:00,55.11,55.11,55.06,55.06,515.0
2026-03-19 18:30:00,55.06,55.06,55.06,55.06,100.0
2026-03-19 18:35:00,55.041,55.041,55.04,55.04,5000.0
2026-03-19 18:40:00,55.081,55.081,55.081,55.081,100.0
2026-03-19 18:45:00,55.1,55.1,55.1,55.1,100.0
2026-03-19 18:50:00,55.16,55.16,55.12,55.13,1120.0
2026-03-19 18:55:00,55.1592,55.1592,55.1,55.1035,1100.0
2026-03-19 19:05:00,55.0599,55.0599,54.99,55.02,8239.0
2026-03-19 19:10:00,55.02,55.08,55.02,55.08,3800.0
2026-03-19 19:15:00,55.08,55.1,55.08,55.0903,2320.0
2026-03-19 19:20:00,55.1,55.18,55.1,55.18,3310.0
2026-03-19 19:25:00,55.19,55.19,55.19,55.19,110.0
2026-03-19 19:30:00,55.15,55.18,55.15,55.18,1200.0
2026-03-19 19:35:00,55.15,55.15,55.15,55.15,500.0
2026-03-19 19:40:00,55.16,55.17,55.16,55.17,1100.0
2026-03-19 19:50:00,55.24,55.25,55.22,55.22,1900.0
2026-03-19 19:55:00,55.15,55.15,55.12,55.12,450.0
2026-03-20 04:00:00,55.29,55.35,55.28,55.35,1800.0
2026-03-20 04:05:00,55.29,55.29,55.17,55.17,1280.0
2026-03-20 04:10:00,55.15,55.15,55.15,55.15,180.0
2026-03-20 04:20:00,55.28,55.28,55.28,55.28,100.0
2026-03-20 04:30:00,55.32,55.44,55.26,55.26,1682.0
2026-03-20 04:35:00,55.22,55.29,55.22,55.29,380.0
2026-03-20 04:45:00,55.4,55.4,55.4,55.4,100.0
2026-03-20 04:50:00,55.36,55.4,55.36,55.4,1001.0
2026-03-20 04:55:00,55.43,55.43,55.43,55.43,100.0
2026-03-20 05:00:00,55.48,55.52,55.43,55.43,9703.0
2026-03-20 05:05:00,55.59,55.59,55.59,55.59,701.0
2026-03-20 05:15:00,55.65,55.73,55.65,55.73,601.0
2026-03-20 05:20:00,55.77,55.77,55.77,55.77,601.0
2026-03-20 05:30:00,55.68,55.72,55.68,55.72,659.0
2026-03-20 05:40:00,55.93,55.97,55.91,55.91,2343.0
2026-03-20 05:45:00,55.92,56.12,55.92,56.12,3063.0
2026-03-20 05:50:00,56.09,56.3,56.09,56.29,11579.0
2026-03-20 05:55:00,56.31,56.31,56.24,56.28,3185.0
2026-03-20 06:00:00,56.17,56.54,56.17,56.54,5985.0
2026-03-20 06:05:00,56.54,56.54,56.45,56.54,8568.0
2026-03-20 06:10:00,56.79,56.8,56.63,56.63,2913.0
2026-03-20 06:15:00,56.6,56.66,56.54,56.66,8237.0
2026-03-20 06:20:00,56.72,56.76,56.72,56.74,1502.0
2026-03-20 06:25:00,56.64,56.65,56.62,56.65,1075.0
2026-03-20 06:30:00,56.57,56.57,56.47,56.47,4787.0
2026-03-20 06:35:00,56.37,56.37,56.35,56.36,980.0
2026-03-20 06:40:00,56.24,56.24,56.24,56.24,501.0
2026-03-20 06:45:00,56.36,56.36,56.36,56.36,200.0
2026-03-20 06:50:00,56.39,56.39,56.39,56.39,481.0
2026-03-20 06:55:00,56.42,56.42,56.4,56.42,2830.0
2026-03-20 07:00:00,56.42,56.42,56.18,56.18,5203.0
2026-03-20 07:05:00,56.14,56.14,56.04,56.04,670.0
2026-03-20 07:10:00,56.05,56.07,56.05,56.07,1600.0
2026-03-20 07:15:00,56.16,56.16,56.08,56.11,2201.0
2026-03-20 07:20:00,56.11,56.11,56.06,56.07,3103.0
2026-03-20 07:25:00,56.15,56.15,56.14,56.14,700.0
2026-03-20 07:30:00,56.08,56.08,56.08,56.08,1202.0
2026-03-20 07:35:00,56.14,56.25,56.14,56.25,3262.0
2026-03-20 07:40:00,56.12,56.19,56.11,56.17,10735.0
2026-03-20 07:45:00,56.17,56.34,56.17,56.34,3892.0
2026-03-20 07:50:00,56.29,56.36,56.29,56.35,14220.0
2026-03-20 07:55:00,56.16,56.19,56.16,56.16,3422.0
2026-03-20 08:00:00,56.18,56.7975,55.17,56.25,74425.0
2026-03-20 08:05:00,56.13,56.13,55.93,55.93,10235.0
2026-03-20 08:10:00,55.93,56.0,55.88,56.0,2820.0
2026-03-20 08:15:00,56.02,56.18,56.02,56.06,7008.0
2026-03-20 08:20:00,56.08,56.12,56.05,56.09,11376.0
2026-03-20 08:25:00,56.11,56.1108,55.97,55.98,4489.0
2026-03-20 08:30:00,55.95,56.11,55.95,56.04,16540.0
2026-03-20 08:35:00,56.02,56.15,55.97,56.15,20060.0
2026-03-20 08:40:00,56.15,56.2001,56.12,56.16,3943.0
2026-03-20 08:45:00,56.01,56.14,56.0,56.14,10116.0
2026-03-20 08:50:00,56.05,56.05,55.94,55.94,2350.0
2026-03-20 08:55:00,55.95,56.01,55.9293,55.93,12762.0
2026-03-20 09:00:00,55.9,55.95,55.9,55.95,3483.0
2026-03-20 09:05:00,55.97,56.0807,55.97,56.0691,4080.0
2026-03-20 09:10:00,56.1,56.15,56.1,56.1196,2400.0
2026-03-20 09:15:00,56.09,56.09,56.0421,56.0897,2034.0
2026-03-20 09:20:00,56.02,56.02,55.96,55.96,3741.0
2026-03-20 09:25:00,55.94,55.97,55.84,55.91,12049.0
2026-03-20 09:30:00,55.96,56.38,55.94,56.335,278492.0
2026-03-20 09:35:00,56.335,56.4372,56.22,56.405,150820.0
2026-03-20 09:40:00,56.4,56.415,56.02,56.03,123976.0
2026-03-20 09:45:00,56.03,56.24,55.93,56.21,181110.0
2026-03-20 09:50:00,56.2403,56.61,56.2,56.46,153879.0
2026-03-20 09:55:00,56.468,56.85,56.44,56.81,150918.0
2026-03-20 10:00:00,56.825,56.98,56.695,56.81,184248.0
2026-03-20 10:05:00,56.83,56.9699,56.65,56.865,204710.0
2026-03-20 10:10:00,56.87,57.23,56.77,57.17,227376.0
2026-03-20 10:15:00,57.17,57.19,56.97,57.065,156707.0
2026-03-20 10:20:00,57.1,57.2,57.0,57.08,120013.0
2026-03-20 10:25:00,57.09,57.2,57.03,57.13,128506.0
2026-03-20 10:30:00,57.13,57.13,56.79,56.8,185090.0
2026-03-20 10:35:00,56.8,57.1,56.73,56.98,79901.0
2026-03-20 10:40:00,56.98,57.04,56.89,56.99,72104.0
2026-03-20 10:45:00,57.02,57.04,56.88,56.9,59979.0
2026-03-20 10:50:00,56.93,57.305,56.89,57.28,175720.0
2026-03-20 10:55:00,57.24,57.24,56.93,57.08,109866.0
2026-03-20 11:00:00,57.06,57.18,56.83,57.1,181593.0
2026-03-20 11:05:00,57.1,57.18,56.975,57.035,62049.0
2026-03-20 11:10:00,57.055,57.055,56.805,56.81,76460.0
2026-03-20 11:15:00,56.82,57.08,56.81,57.05,50700.0
2026-03-20 11:20:00,57.05,57.13,56.56,57.0,272382.0
2026-03-20 11:25:00,57.0,57.23,56.95,57.14,90873.0
2026-03-20 11:30:00,57.135,57.1607,56.92,56.95,54327.0
2026-03-20 11:35:00,56.9799,57.1,56.89,57.03,54735.0
2026-03-20 11:40:00,57.02,57.09,56.89,56.97,33123.0
2026-03-20 11:45:00,56.96,57.1,56.92,56.98,45328.0
2026-03-20 11:50:00,56.98,57.08,56.87,56.87,44575.0
2026-03-20 11:55:00,56.87,56.97,56.79,56.865,31259.0
2026-03-20 12:00:00,56.86,56.91,56.64,56.685,56305.0
2026-03-20 12:05:00,56.68,56.88,56.68,56.79,71135.0
2026-03-20 12:10:00,56.805,56.81,56.69,56.77,47488.0
2026-03-20 12:15:00,56.77,56.89,56.65,56.65,53329.0
2026-03-20 12:20:00,56.655,56.72,56.61,56.69,47650.0
2026-03-20 12:25:00,56.71,56.85,56.705,56.83,49388.0
2026-03-20 12:30:00,56.83,57.11,56.83,56.94,61403.0
2026-03-20 12:35:00,56.925,57.06,56.89,57.0,38352.0
2026-03-20 12:40:00,56.98,57.02,56.91,56.98,27401.0
2026-03-20 12:45:00,56.98,57.09,56.95,57.0,23809.0
2026-03-20 12:50:00,56.995,57.11,56.93,56.955,55182.0
2026-03-20 12:55:00,56.95,56.97,56.76,56.91,50980.0
2026-03-20 13:00:00,56.9,56.91,56.8,56.8107,60127.0
2026-03-20 13:05:00,56.81,57.16,56.79,56.9,312516.0
2026-03-20 13:10:00,56.88,57.04,56.83,57.01,65855.0
2026-03-20 13:15:00,57.02,57.085,56.96,57.05,49406.0
2026-03-20 13:20:00,57.07,57.08,56.92,57.03,58237.0
2026-03-20 13:25:00,57.02,57.11,56.99,57.065,52874.0
2026-03-20 13:30:00,57.06,57.28,57.0109,57.24,54999.0
2026-03-20 13:35:00,57.24,57.435,57.16,57.25,108330.0
2026-03-20 13:40:00,57.25,57.36,57.18,57.325,52991.0
2026-03-20 13:45:00,57.31,57.47,57.3,57.4,89432.0
2026-03-20 13:50:00,57.43,57.44,57.23,57.28,72827.0
2026-03-20 13:55:00,57.26,57.3,57.19,57.2502,62923.0
2026-03-20 14:00:00,57.25,57.41,57.19,57.41,56682.0
2026-03-20 14:05:00,57.4,57.48,57.315,57.38,53629.0
2026-03-20 14:10:00,57.4,57.53,57.4,57.4503,47108.0
2026-03-20 14:15:00,57.46,57.57,57.43,57.49,77783.0
2026-03-20 14:20:00,57.48,57.94,57.45,57.885,273963.0
2026-03-20 14:25:00,57.84,57.8499,57.67,57.77,113142.0
2026-03-20 14:30:00,57.765,57.89,57.72,57.87,51199.0
2026-03-20 14:35:00,57.88,58.0686,57.845,58.02,94182.0
2026-03-20 14:40:00,58.035,58.11,57.95,58.08,78753.0
2026-03-20 14:45:00,58.05,58.17,58.01,58.13,79976.0
2026-03-20 14:50:00,58.14,58.19,58.06,58.12,60461.0
2026-03-20 14:55:00,58.12,58.21,58.07,58.1,137839.0
2026-03-20 15:00:00,58.08,58.1,57.96,58.085,105410.0
2026-03-20 15:05:00,58.08,58.21,58.055,58.13,57532.0
2026-03-20 15:10:00,58.14,58.28,58.13,58.17,81690.0
2026-03-20 15:15:00,58.18,58.22,58.1199,58.12,66994.0
2026-03-20 15:20:00,58.11,58.42,58.11,58.4,78119.0
2026-03-20 15:25:00,58.39,58.41,58.2804,58.335,77671.0
2026-03-20 15:30:00,58.32,58.595,58.28,58.58,153465.0
2026-03-20 15:35:00,58.57,58.94,58.54,58.73,210558.0
2026-03-20 15:40:00,58.73,58.7569,58.37,58.38,239528.0
2026-03-20 15:45:00,58.39,58.65,58.39,58.62,214428.0
2026-03-20 15:50:00,58.62,58.66,58.1,58.15,376178.0
2026-03-20 15:55:00,58.155,58.17,57.99,57.995,664938.0
2026-03-20 16:00:00,57.99,58.0403,57.76,57.85,146988.0
2026-03-20 16:05:00,57.87,57.9391,57.81,57.83,10526.0
2026-03-20 16:10:00,57.8,57.8,57.6,57.6198,25137.0
2026-03-20 16:15:00,57.65,57.71,57.5901,57.69,12468.0
2026-03-20 16:20:00,57.74,57.75,57.73,57.73,35552.0
2026-03-20 16:25:00,57.81,57.82,57.75,57.8,7175.0
2026-03-20 16:30:00,57.8,57.8,57.78,57.78,1966.0
2026-03-20 16:35:00,57.7092,57.7092,57.57,57.57,2615.0
2026-03-20 16:40:00,57.6096,57.61,57.56,57.57,5353.0
2026-03-20 16:45:00,57.5,57.5,57.2642,57.28,10507.0
2026-03-20 16:50:00,57.25,57.3,57.18,57.3,29010.0
2026-03-20 16:55:00,57.28,57.38,57.28,57.38,8750.0
2026-03-20 17:05:00,57.55,57.55,57.55,57.55,480.0
2026-03-20 17:10:00,57.37,57.37,56.55,57.18,2362.0
2026-03-20 17:15:00,56.8,57.11,56.71,56.87,4163.0
2026-03-20 17:20:00,56.75,56.75,56.6207,56.71,3549.0
2026-03-20 17:25:00,56.66,56.82,56.54,56.54,5055.0
2026-03-20 17:30:00,56.51,56.98,56.51,56.6,1300.0
2026-03-20 17:35:00,56.6,56.74,56.6,56.74,709.0
2026-03-20 17:40:00,56.58,56.58,56.5594,56.5594,1293.0
2026-03-20 17:50:00,56.6978,56.7,56.6978,56.7,1400.0
2026-03-20 17:55:00,56.69,56.69,56.65,56.69,1895.0
2026-03-20 18:00:00,56.72,56.72,56.64,56.64,1423.0
2026-03-20 18:05:00,56.64,56.75,56.64,56.64,3361.0
2026-03-20 18:10:00,56.65,56.7277,56.55,56.55,1660.0
2026-03-20 18:15:00,56.66,56.71,56.65,56.69,1277.0
2026-03-20 18:20:00,56.71,56.71,56.655,56.655,830.0
2026-03-20 18:25:00,56.67,56.67,56.67,56.67,300.0
2026-03-20 18:30:00,56.7327,56.75,56.5657,56.5714,1270.0
2026-03-20 18:35:00,56.57,56.67,56.57,56.6,1206.0
2026-03-20 18:40:00,56.6,56.6,56.6,56.6,170.0
2026-03-20 18:45:00,56.6,56.7,56.6,56.7,1486.0
2026-03-20 18:50:00,56.5687,56.61,56.56,56.56,1785.0
2026-03-20 18:55:00,56.6109,56.6109,56.61,56.61,3800.0
2026-03-20 19:00:00,56.61,56.61,56.56,56.56,358.0
2026-03-20 19:05:00,56.5499,56.55,56.5499,56.5499,834.0
2026-03-20 19:10:00,56.62,56.62,56.61,56.61,525.0
2026-03-20 19:15:00,56.6,56.6196,56.6,56.6196,1000.0
2026-03-20 19:20:00,56.5537,56.56,56.5537,56.56,940.0
2026-03-20 19:25:00,56.6026,56.6026,56.6026,56.6026,178.0
2026-03-20 19:35:00,56.6,56.65,56.6,56.65,900.0
2026-03-20 19:40:00,56.6025,56.6025,56.6025,56.6025,500.0
2026-03-20 19:45:00,56.6486,56.65,56.6486,56.65,1374.0
2026-03-20 19:50:00,56.64,56.64,56.6,56.6,1120.0
2026-03-20 19:55:00,56.68,56.75,56.64,56.72,1501.0
2026-03-23 04:00:00,59.53,59.54,59.5,59.54,500.0
2026-03-23 04:05:00,59.5,59.5,59.32,59.32,350.0
2026-03-23 04:10:00,59.46,59.5,59.22,59.22,1888.0
2026-03-23 04:15:00,59.27,59.42,59.26,59.42,869.0
2026-03-23 04:20:00,59.27,59.35,59.25,59.25,1075.0
2026-03-23 04:25:00,59.33,59.33,59.33,59.33,471.0
2026-03-23 04:30:00,59.17,59.17,59.06,59.1,6952.0
2026-03-23 04:35:00,59.17,59.17,59.17,59.17,300.0
2026-03-23 04:40:00,59.11,59.23,59.11,59.23,3944.0
2026-03-23 04:45:00,59.04,59.08,58.99,59.08,1729.0
2026-03-23 04:50:00,59.05,59.09,58.98,58.99,800.0
2026-03-23 05:00:00,59.29,59.36,59.29,59.32,1930.0
2026-03-23 05:05:00,59.24,59.24,59.1,59.1,1071.0
2026-03-23 05:20:00,59.06,59.06,59.06,59.06,1884.0
2026-03-23 05:25:00,59.13,59.13,59.11,59.11,1042.0
2026-03-23 05:30:00,59.27,59.39,59.27,59.39,561.0
2026-03-23 05:35:00,59.58,59.59,59.58,59.59,1396.0
2026-03-23 05:45:00,59.42,59.47,59.42,59.47,2350.0
2026-03-23 05:50:00,59.54,59.54,59.5,59.5,500.0
2026-03-23 05:55:00,59.56,59.56,59.43,59.43,1725.0
2026-03-23 06:00:00,59.39,59.46,59.39,59.46,4717.0
2026-03-23 06:05:00,59.37,59.4,59.37,59.39,930.0
2026-03-23 06:10:00,59.38,59.38,59.38,59.38,1884.0
2026-03-23 06:15:00,59.51,59.52,59.39,59.39,2738.0
2026-03-23 06:20:00,59.51,59.63,59.51,59.63,3493.0
2026-03-23 06:25:00,59.66,59.66,59.65,59.65,2171.0
2026-03-23 06:30:00,59.65,59.66,59.65,59.66,446.0
2026-03-23 06:35:00,59.43,59.7,59.43,59.7,425.0
2026-03-23 06:40:00,59.72,59.72,59.67,59.67,600.0
2026-03-23 06:45:00,59.7,59.83,59.7,59.83,2471.0
2026-03-23 06:50:00,59.77,59.77,59.16,59.58,19325.0
2026-03-23 06:55:00,59.61,59.61,59.56,59.56,671.0
2026-03-23 07:00:00,59.45,59.45,59.3,59.35,19344.0
2026-03-23 07:05:00,59.3,59.3,53.56,53.63,425811.0
2026-03-23 07:10:00,53.57,54.6,53.1,53.21,221459.0
2026-03-23 07:15:00,53.32,54.35,53.24,54.27,195478.0
2026-03-23 07:20:00,54.26,55.37,54.22,54.93,192291.0
2026-03-23 07:25:00,54.88,55.5,54.6,54.97,144144.0
2026-03-23 07:30:00,55.01,55.01,53.65,53.79,84806.0
2026-03-23 07:35:00,53.79,54.54,53.75,54.5,156793.0
2026-03-23 07:40:00,54.6,55.21,54.6,55.17,35044.0
2026-03-23 07:45:00,54.99,55.93,54.99,55.26,116881.0
2026-03-23 07:50:00,55.36,55.9,55.36,55.38,109377.0
2026-03-23 07:55:00,55.4,56.07,55.37,56.07,50964.0
2026-03-23 08:00:00,55.97,59.93,53.0903,58.69,306133.0
2026-03-23 08:05:00,58.87,60.0,55.42,55.44,83578.0
2026-03-23 08:10:00,55.38,55.79,55.38,55.79,22967.0
2026-03-23 08:15:00,55.8697,55.8697,55.0711,55.0711,10775.0
2026-03-23 08:20:00,55.2096,55.23,55.04,55.23,20434.0
2026-03-23 08:25:00,55.21,55.24,55.09,55.21,5784.0
2026-03-23 08:30:00,55.3047,55.55,55.3,55.5,15155.0
2026-03-23 08:35:00,55.49,55.56,55.2,55.49,11263.0
2026-03-23 08:40:00,55.4699,55.63,54.6647,54.75,30822.0
2026-03-23 08:45:00,54.7095,54.847,54.61,54.61,16106.0
2026-03-23 08:50:00,54.59,54.7461,54.44,54.7461,10440.0
2026-03-23 08:55:00,54.7,54.83,54.57,54.57,8879.0
2026-03-23 09:00:00,54.55,54.8,54.45,54.67,7892.0
2026-03-23 09:05:00,54.79,55.04,54.76,54.76,16730.0
2026-03-23 09:10:00,54.7847,55.0338,54.7847,55.0,15567.0
2026-03-23 09:15:00,54.99,55.0748,54.88,55.0748,4513.0
2026-03-23 09:20:00,55.09,55.2499,55.0,55.12,13892.0
2026-03-23 09:25:00,55.16,55.46,55.16,55.46,31348.0
2026-03-23 09:30:00,55.45,55.82,55.36,55.77,560728.0
2026-03-23 09:35:00,55.79,55.96,55.37,55.37,322741.0
2026-03-23 09:40:00,55.38,55.72,55.05,55.45,335948.0
2026-03-23 09:45:00,55.47,55.61,55.19,55.19,209309.0
2026-03-23 09:50:00,55.2,55.26,54.89,55.0,194598.0
2026-03-23 09:55:00,55.04,55.25,54.85,54.85,218057.0
2026-03-23 10:00:00,54.86,55.135,54.71,55.12,194235.0
2026-03-23 10:05:00,55.12,55.29,54.95,55.01,294914.0
2026-03-23 10:10:00,55.01,55.11,54.785,54.88,212132.0
2026-03-23 10:15:00,54.8799,54.89,54.6004,54.6004,167197.0
2026-03-23 10:20:00,54.6,54.71,54.31,54.43,121144.0
2026-03-23 10:25:00,54.44,54.75,54.405,54.64,142618.0
2026-03-23 10:30:00,54.68,54.82,54.58,54.68,127577.0
2026-03-23 10:35:00,54.67,54.87,54.5403,54.78,91134.0
2026-03-23 10:40:00,54.81,54.885,54.705,54.81,75423.0
2026-03-23 10:45:00,54.82,54.92,54.44,54.57,134082.0
2026-03-23 10:50:00,54.58,54.8,54.55,54.68,81695.0
2026-03-23 10:55:00,54.66,54.76,54.55,54.64,63075.0
2026-03-23 11:00:00,54.63,54.68,54.22,54.28,117691.0
2026-03-23 11:05:00,54.2728,54.4,54.24,54.315,98442.0
2026-03-23 11:10:00,54.32,54.44,54.21,54.37,69583.0
2026-03-23 11:15:00,54.37,54.54,54.34,54.52,84970.0
2026-03-23 11:20:00,54.54,54.71,54.36,54.37,113235.0
2026-03-23 11:25:00,54.4,54.71,54.385,54.68,74299.0
2026-03-23 11:30:00,54.67,54.7801,54.56,54.74,62367.0
2026-03-23 11:35:00,54.74,55.12,54.74,55.1,153542.0
2026-03-23 11:40:00,55.115,55.23,54.98,55.12,155534.0
2026-03-23 11:45:00,55.13,55.415,55.13,55.28,132776.0
2026-03-23 11:50:00,55.265,55.69,55.19,55.615,196371.0
2026-03-23 11:55:00,55.63,56.03,55.62,55.99,212102.0
2026-03-23 12:00:00,55.99,56.0,55.68,55.86,184146.0
2026-03-23 12:05:00,55.86,55.95,55.6199,55.74,134317.0
2026-03-23 12:10:00,55.75,55.84,55.56,55.7,118610.0
2026-03-23 12:15:00,55.7,56.01,55.66,55.97,81944.0
2026-03-23 12:20:00,55.97,56.16,55.91,56.08,108456.0
2026-03-23 12:25:00,56.1,56.5491,56.1,56.49,147171.0
2026-03-23 12:30:00,56.5,56.51,56.1,56.1,187823.0
2026-03-23 12:35:00,56.1,56.16,55.95,56.13,143959.0
2026-03-23 12:40:00,56.14,56.14,55.95,55.96,118131.0
2026-03-23 12:45:00,55.98,56.06,55.8,55.9,142212.0
2026-03-23 12:50:00,55.9,56.11,55.8,56.02,105815.0
2026-03-23 12:55:00,56.01,56.225,55.96,56.1,83372.0
2026-03-23 13:00:00,56.09,56.25,55.975,56.24,65121.0
2026-03-23 13:05:00,56.23,56.29,55.93,55.97,62548.0
2026-03-23 13:10:00,55.97,56.17,55.95,56.17,61342.0
2026-03-23 13:15:00,56.16,56.34,56.11,56.2,40189.0
2026-03-23 13:20:00,56.22,56.4399,56.22,56.32,43880.0
2026-03-23 13:25:00,56.33,56.34,56.1,56.18,39467.0
2026-03-23 13:30:00,56.18,56.19,55.69,55.71,143832.0
2026-03-23 13:35:00,55.7,55.7,55.4,55.5,252496.0
2026-03-23 13:40:00,55.5,55.87,55.5,55.78,101985.0
2026-03-23 13:45:00,55.75,55.9,55.75,55.785,39770.0
2026-03-23 13:50:00,55.8,55.82,55.6,55.6,55535.0
2026-03-23 13:55:00,55.62,55.67,55.39,55.42,78170.0
2026-03-23 14:00:00,55.44,55.51,55.37,55.41,157587.0
2026-03-23 14:05:00,55.41,55.84,55.39,55.63,171016.0
2026-03-23 14:10:00,55.6,55.6,55.43,55.56,47562.0
2026-03-23 14:15:00,55.56,55.69,55.51,55.61,49549.0
2026-03-23 14:20:00,55.61,55.66,55.57,55.58,49570.0
2026-03-23 14:25:00,55.58,55.64,55.49,55.62,52454.0
2026-03-23 14:30:00,55.6,55.6,55.2,55.23,100690.0
2026-03-23 14:35:00,55.21,55.32,55.0,55.19,246841.0
2026-03-23 14:40:00,55.19,55.315,55.15,55.24,77153.0
2026-03-23 14:45:00,55.25,55.3,55.11,55.14,70320.0
2026-03-23 14:50:00,55.13,55.29,55.115,55.22,55579.0
2026-03-23 14:55:00,55.2,55.28,55.15,55.2,28716.0
2026-03-23 15:00:00,55.2,55.335,55.2,55.3,42578.0
2026-03-23 15:05:00,55.3,55.35,55.24,55.26,40423.0
2026-03-23 15:10:00,55.26,55.42,55.26,55.41,32848.0
2026-03-23 15:15:00,55.415,55.56,55.37,55.5,67934.0
2026-03-23 15:20:00,55.47,55.61,55.47,55.56,50455.0
2026-03-23 15:25:00,55.555,55.71,55.535,55.635,63090.0
2026-03-23 15:30:00,55.645,55.67,55.57,55.66,43657.0
2026-03-23 15:35:00,55.59,55.6799,55.51,55.5509,55441.0
2026-03-23 15:40:00,55.57,55.61,55.48,55.48,59135.0
2026-03-23 15:45:00,55.48,55.58,55.37,55.51,123576.0
2026-03-23 15:50:00,55.51,55.8,55.49,55.79,148840.0
2026-03-23 15:55:00,55.79,56.15,55.77,56.15,504816.0
2026-03-23 16:00:00,56.16,56.4,56.11,56.38,43104.0
2026-03-23 16:05:00,56.32,56.32,56.2101,56.22,5986.0
2026-03-23 16:10:00,56.19,56.19,56.14,56.14,8265.0
2026-03-23 16:15:00,56.1204,56.14,56.06,56.14,4114.0
2026-03-23 16:20:00,56.14,56.14,56.0958,56.1007,2815.0
2026-03-23 16:25:00,56.09,56.09,56.05,56.05,1500.0
2026-03-23 16:30:00,56.08,56.1499,56.08,56.1279,1800.0
2026-03-23 16:35:00,56.0102,56.0121,55.9742,55.9842,1926.0
2026-03-23 16:40:00,55.98,55.98,55.96,55.96,1560.0
2026-03-23 16:45:00,56.0,56.0,56.0,56.0,500.0
2026-03-23 16:50:00,56.05,56.1,56.0393,56.1,5900.0
2026-03-23 16:55:00,56.08,56.1508,56.08,56.1508,1194.0
2026-03-23 17:00:00,56.0302,56.08,56.0302,56.08,425.0
2026-03-23 17:05:00,56.2697,56.2697,56.2697,56.2697,1800.0
2026-03-23 17:10:00,55.8981,55.8981,55.8981,55.8981,239.0
2026-03-23 17:15:00,56.07,56.07,56.07,56.07,200.0
2026-03-23 17:25:00,55.99,55.99,55.99,55.99,177.0
2026-03-23 17:45:00,56.05,56.05,56.05,56.05,300.0
2026-03-23 17:50:00,56.04,56.05,56.04,56.05,800.0
2026-03-23 18:00:00,56.07,56.2498,56.07,56.2498,7447.0
2026-03-23 18:05:00,56.23,56.3,56.23,56.3,1262.0
2026-03-23 18:10:00,56.12,56.12,56.0416,56.0416,295.0
2026-03-23 18:15:00,56.04,56.04,56.04,56.04,583.0
2026-03-23 18:20:00,56.0,56.0,56.0,56.0,3570.0
2026-03-23 18:25:00,56.01,56.01,55.99,56.0,810.0
2026-03-23 18:30:00,56.01,56.01,56.01,56.01,297.0
2026-03-23 18:35:00,55.92,55.92,55.92,55.92,581.0
2026-03-23 18:40:00,55.9309,55.9309,55.9309,55.9309,200.0
2026-03-23 18:45:00,55.86,55.86,55.84,55.84,1800.0
2026-03-23 18:50:00,55.85,55.85,55.69,55.69,2705.0
2026-03-23 18:55:00,55.6898,55.6898,55.62,55.62,1048.0
2026-03-23 19:00:00,55.71,55.74,55.69,55.74,700.0
2026-03-23 19:05:00,55.76,55.77,55.74,55.77,2400.0
2026-03-23 19:10:00,55.74,55.74,55.73,55.73,2469.0
2026-03-23 19:15:00,55.75,55.75,55.7375,55.7375,1044.0
2026-03-23 19:20:00,55.7604,55.7604,55.7604,55.7604,100.0
2026-03-23 19:25:00,55.73,55.73,55.73,55.73,100.0
2026-03-23 19:30:00,55.809,55.83,55.809,55.83,450.0
2026-03-23 19:35:00,55.8461,55.8461,55.8461,55.8461,100.0
2026-03-23 19:40:00,55.7799,55.7799,55.7799,55.7799,100.0
2026-03-23 19:45:00,55.77,55.951,55.77,55.951,2622.0
2026-03-23 19:50:00,55.949,55.949,55.92,55.92,200.0
2026-03-23 19:55:00,55.9184,55.9323,55.8,55.83,1566.0
2026-03-24 04:00:00,55.74,55.74,55.74,55.74,400.0
2026-03-24 04:05:00,55.74,55.78,55.67,55.78,2586.0
2026-03-24 04:10:00,55.7,55.7,55.7,55.7,200.0
2026-03-24 04:15:00,55.76,56.13,55.67,56.13,12689.0
2026-03-24 04:20:00,56.11,56.14,56.03,56.14,9423.0
2026-03-24 04:25:00,56.23,56.23,56.23,56.23,1000.0
2026-03-24 04:30:00,56.27,56.27,56.27,56.27,400.0
2026-03-24 04:35:00,56.12,56.22,56.1,56.22,3197.0
2026-03-24 04:40:00,56.14,56.16,56.14,56.16,600.0
2026-03-24 04:45:00,56.22,56.22,56.19,56.2,363.0
2026-03-24 04:50:00,56.15,56.35,56.11,56.34,22140.0
2026-03-24 04:55:00,56.41,56.44,56.41,56.44,2365.0
2026-03-24 05:00:00,56.35,56.35,56.35,56.35,300.0
2026-03-24 05:05:00,56.38,56.55,56.38,56.55,1571.0
2026-03-24 05:10:00,56.6,56.6,56.6,56.6,400.0
2026-03-24 05:15:00,56.78,56.78,56.78,56.78,900.0
2026-03-24 05:20:00,56.63,56.63,56.63,56.63,600.0
2026-03-24 05:25:00,56.59,56.59,56.46,56.46,400.0
2026-03-24 05:35:00,56.47,56.47,56.47,56.47,200.0
2026-03-24 05:40:00,56.39,56.39,56.3,56.33,1379.0
2026-03-24 05:50:00,56.45,56.48,56.42,56.42,1779.0
2026-03-24 05:55:00,56.24,56.24,56.09,56.14,20652.0
2026-03-24 06:00:00,56.27,56.42,56.27,56.36,1493.0
2026-03-24 06:05:00,56.17,56.17,56.12,56.12,400.0
2026-03-24 06:10:00,56.1,56.1,56.1,56.1,1000.0
2026-03-24 06:15:00,56.08,56.08,56.08,56.08,100.0
2026-03-24 06:25:00,56.19,56.19,56.19,56.19,100.0
2026-03-24 06:30:00,56.34,56.34,56.27,56.27,200.0
2026-03-24 06:35:00,56.32,56.35,56.22,56.22,8937.0
2026-03-24 06:40:00,56.15,56.22,56.08,56.16,4641.0
2026-03-24 06:45:00,56.35,56.35,56.3,56.3,300.0
2026-03-24 06:55:00,56.22,56.22,56.22,56.22,1136.0
2026-03-24 07:00:00,56.2,56.2,56.16,56.19,900.0
2026-03-24 07:05:00,56.19,56.21,56.19,56.2,1984.0
2026-03-24 07:10:00,56.13,56.161,56.13,56.15,300.0
2026-03-24 07:15:00,56.35,56.35,56.34,56.34,363.0
2026-03-24 07:25:00,56.3,56.371,56.27,56.27,1172.0
2026-03-24 07:30:00,56.4,56.4,56.4,56.4,1741.0
2026-03-24 07:35:00,56.3,56.3,56.3,56.3,250.0
2026-03-24 07:40:00,56.37,56.4,56.37,56.37,579.0
2026-03-24 07:45:00,56.35,56.35,56.151,56.19,3208.0
2026-03-24 07:50:00,56.45,56.81,56.45,56.6,6212.0
2026-03-24 07:55:00,56.52,56.52,56.29,56.29,1879.0
2026-03-24 08:00:00,55.7,57.35,55.64,55.78,82557.0
2026-03-24 08:05:00,56.45,56.61,56.45,56.61,5475.0
2026-03-24 08:10:00,56.5463,56.6,56.48,56.5,2600.0
2026-03-24 08:15:00,56.58,56.6,56.53,56.57,3661.0
2026-03-24 08:20:00,56.55,56.61,56.52,56.52,1500.0
2026-03-24 08:25:00,56.53,56.53,56.35,56.4558,5890.0
2026-03-24 08:30:00,56.56,56.81,56.56,56.74,8125.0
2026-03-24 08:35:00,56.79,56.96,56.7307,56.93,29430.0
2026-03-24 08:40:00,56.89,57.0,56.88,57.0,19518.0
2026-03-24 08:45:00,56.96,57.03,56.91,57.02,21421.0
2026-03-24 08:50:00,56.999,56.999,56.81,56.8658,9034.0
2026-03-24 08:55:00,56.8903,56.96,56.89,56.96,4400.0
2026-03-24 09:00:00,57.0,57.007,56.8542,56.96,3386.0
2026-03-24 09:05:00,56.92,57.381,56.9193,57.24,12077.0
2026-03-24 09:10:00,57.2575,57.2575,57.0553,57.09,4910.0
2026-03-24 09:15:00,56.9903,57.23,56.9903,57.19,2710.0
2026-03-24 09:20:00,57.21,57.2387,57.12,57.174,6323.0
2026-03-24 09:25:00,57.14,57.33,57.08,57.22,27125.0
2026-03-24 09:30:00,57.23,57.34,56.8401,56.85,406760.0
2026-03-24 09:35:00,56.82,57.26,56.7999,57.2199,252340.0
2026-03-24 09:40:00,57.245,57.59,57.19,57.39,217990.0
2026-03-24 09:45:00,57.36,57.53,57.14,57.505,118676.0
2026-03-24 09:50:00,57.52,57.59,57.33,57.48,102767.0
2026-03-24 09:55:00,57.47,57.47,57.17,57.19,124206.0
2026-03-24 10:00:00,57.19,57.24,56.95,56.97,213712.0
2026-03-24 10:05:00,56.94,57.14,56.66,56.7,116038.0
2026-03-24 10:10:00,56.665,57.16,56.64,56.89,121798.0
2026-03-24 10:15:00,56.9,57.115,56.87,56.915,77256.0
2026-03-24 10:20:00,56.91,57.11,56.815,56.95,326376.0
2026-03-24 10:25:00,56.97,57.09,56.69,56.92,106898.0
2026-03-24 10:30:00,56.93,56.95,56.69,56.72,63795.0
2026-03-24 10:35:00,56.7099,56.99,56.68,56.85,85064.0
2026-03-24 10:40:00,56.89,56.915,56.6,56.6,68797.0
2026-03-24 10:45:00,56.62,56.87,56.49,56.855,160716.0
2026-03-24 10:50:00,56.87,56.99,56.05,56.411,454391.0
2026-03-24 10:55:00,56.42,56.93,56.12,56.55,470268.0
2026-03-24 11:00:00,56.545,56.55,56.15,56.29,197428.0
2026-03-24 11:05:00,56.33,56.38,56.211,56.29,80762.0
2026-03-24 11:10:00,56.33,56.4103,56.15,56.21,77731.0
2026-03-24 11:15:00,56.21,56.24,56.05,56.1,104782.0
2026-03-24 11:20:00,56.1,56.185,55.91,55.92,82603.0
2026-03-24 11:25:00,55.92,56.06,55.81,56.005,107384.0
2026-03-24 11:30:00,56.0,56.2,55.92,56.0593,54425.0
2026-03-24 11:35:00,56.1,56.1,55.88,55.95,51115.0
2026-03-24 11:40:00,55.92,56.01,55.89,55.9599,26709.0
2026-03-24 11:45:00,55.95,56.0,55.85,55.87,29433.0
2026-03-24 11:50:00,55.87,55.915,55.76,55.89,41625.0
2026-03-24 11:55:00,55.92,56.29,55.92,56.26,86155.0
2026-03-24 12:00:00,56.265,56.38,56.21,56.37,82587.0
2026-03-24 12:05:00,56.35,56.45,56.26,56.26,38469.0
2026-03-24 12:10:00,56.25,56.39,56.23,56.28,70364.0
2026-03-24 12:15:00,56.29,56.3,56.0,56.048,62323.0
2026-03-24 12:20:00,56.07,56.14,55.98,56.03,21372.0
2026-03-24 12:25:00,56.03,56.13,56.01,56.03,100199.0
2026-03-24 12:30:00,56.03,56.16,55.995,56.15,71181.0
2026-03-24 12:35:00,56.16,56.5,56.16,56.48,74672.0
2026-03-24 12:40:00,56.505,56.505,56.22,56.22,46028.0
2026-03-24 12:45:00,56.19,56.28,56.08,56.25,47259.0
2026-03-24 12:50:00,56.275,56.28,56.12,56.24,41215.0
2026-03-24 12:55:00,56.25,56.42,56.19,56.24,85171.0
2026-03-24 13:00:00,56.24,56.65,56.18,56.65,46622.0
2026-03-24 13:05:00,56.65,56.855,56.63,56.79,132163.0
2026-03-24 13:10:00,56.81,56.9,56.7,56.8,118350.0
2026-03-24 13:15:00,56.805,56.89,56.74,56.86,42850.0
2026-03-24 13:20:00,56.855,56.87,56.7,56.78,61010.0
2026-03-24 13:25:00,56.78,56.81,56.67,56.71,46897.0
2026-03-24 13:30:00,56.69,56.81,56.53,56.8,48730.0
2026-03-24 13:35:00,56.81,56.86,56.66,56.6807,29391.0
2026-03-24 13:40:00,56.68,56.93,56.61,56.895,36738.0
2026-03-24 13:45:00,56.9,56.95,56.79,56.83,50981.0
2026-03-24 13:50:00,56.83,56.8699,56.58,56.74,120469.0
2026-03-24 13:55:00,56.79,56.8,56.45,56.47,330487.0
2026-03-24 14:00:00,56.46,56.54,56.29,56.46,144792.0
2026-03-24 14:05:00,56.47,56.6099,56.44,56.6,40865.0
2026-03-24 14:10:00,56.58,56.63,56.5211,56.555,47309.0
2026-03-24 14:15:00,56.58,56.72,56.49,56.53,137628.0
2026-03-24 14:20:00,56.52,56.61,56.44,56.5,92855.0
2026-03-24 14:25:00,56.5,56.53,56.31,56.39,86396.0
2026-03-24 14:30:00,56.385,56.46,56.13,56.29,190659.0
2026-03-24 14:35:00,56.3,56.3,55.88,55.88,142959.0
2026-03-24 14:40:00,55.9,56.34,55.9,56.17,181213.0
2026-03-24 14:45:00,56.185,56.34,56.17,56.27,101814.0
2026-03-24 14:50:00,56.275,56.285,56.08,56.23,100655.0
2026-03-24 14:55:00,56.24,56.41,56.22,56.31,52974.0
2026-03-24 15:00:00,56.32,56.32,56.12,56.24,96999.0
2026-03-24 15:05:00,56.25,56.32,56.18,56.2,42540.0
2026-03-24 15:10:00,56.2,56.22,56.105,56.105,26124.0
2026-03-24 15:15:00,56.12,56.28,56.11,56.2,78899.0
2026-03-24 15:20:00,56.2007,56.35,56.2,56.26,75142.0
2026-03-24 15:25:00,56.265,56.44,56.265,56.43,33426.0
2026-03-24 15:30:00,56.43,56.54,56.34,56.505,82568.0
2026-03-24 15:35:00,56.5,56.64,56.5,56.54,67577.0
2026-03-24 15:40:00,56.54,56.58,56.4502,56.575,47882.0
2026-03-24 15:45:00,56.585,56.74,56.58,56.65,93171.0
2026-03-24 15:50:00,56.64,56.845,56.62,56.83,154038.0
2026-03-24 15:55:00,56.82,56.9,56.72,56.72,445223.0
2026-03-24 16:00:00,56.735,56.76,56.6906,56.7198,20347.0
2026-03-24 16:10:00,56.73,56.74,56.6779,56.68,4353.0
2026-03-24 16:15:00,56.6421,56.69,56.6421,56.68,4203.0
2026-03-24 16:20:00,56.5,56.5,55.23,55.23,31635.0
2026-03-24 16:25:00,55.26,55.78,54.88,55.6422,26905.0
2026-03-24 16:30:00,55.648,55.6803,55.48,55.5,11469.0
2026-03-24 16:35:00,55.43,55.43,54.92,55.04,46153.0
2026-03-24 16:40:00,55.1252,55.75,55.1252,55.57,29526.0
2026-03-24 16:45:00,55.5584,55.88,55.45,55.58,44864.0
2026-03-24 16:50:00,55.61,55.69,55.56,55.63,8527.0
2026-03-24 16:55:00,55.6,55.68,55.59,55.68,1400.0
2026-03-24 17:00:00,55.66,55.7,55.66,55.7,1150.0
2026-03-24 17:05:00,55.688,55.74,55.688,55.7,550.0
2026-03-24 17:10:00,55.72,55.72,55.68,55.68,245.0
2026-03-24 17:15:00,55.647,55.67,55.6063,55.67,2100.0
2026-03-24 17:20:00,55.62,55.62,55.58,55.6001,3335.0
2026-03-24 17:25:00,55.64,55.7293,55.64,55.7293,1350.0
2026-03-24 17:30:00,55.65,55.65,55.65,55.65,100.0
2026-03-24 17:35:00,55.66,55.66,55.66,55.66,175.0
2026-03-24 17:40:00,55.75,55.83,55.66,55.66,3008.0
2026-03-24 17:45:00,55.66,55.66,55.5,55.5,8566.0
2026-03-24 17:50:00,55.55,55.56,55.55,55.56,558.0
2026-03-24 17:55:00,55.55,55.67,55.55,55.67,400.0
2026-03-24 18:00:00,55.65,55.65,55.52,55.59,2780.0
2026-03-24 18:05:00,55.48,55.48,55.3774,55.38,3200.0
2026-03-24 18:10:00,55.43,55.5019,55.4176,55.5019,2004.0
2026-03-24 18:15:00,55.61,55.72,55.61,55.62,5000.0
2026-03-24 18:20:00,55.6,55.6682,55.6,55.6682,2456.0
2026-03-24 18:25:00,55.73,55.82,55.72,55.75,2851.0
2026-03-24 18:30:00,55.66,55.66,55.61,55.61,1850.0
2026-03-24 18:35:00,55.58,55.6108,55.55,55.6108,2230.0
2026-03-24 18:40:00,55.6201,55.6201,55.56,55.56,1100.0
2026-03-24 18:45:00,55.53,55.579,55.53,55.579,4235.0
2026-03-24 18:50:00,55.56,55.59,55.55,55.55,1350.0
2026-03-24 18:55:00,55.55,55.55,55.5,55.5,1400.0
2026-03-24 19:00:00,55.54,55.54,55.54,55.54,457.0
2026-03-24 19:05:00,55.62,55.63,55.5839,55.62,1225.0
2026-03-24 19:10:00,55.56,55.5803,55.55,55.57,2050.0
2026-03-24 19:15:00,55.5505,55.56,55.55,55.55,1450.0
2026-03-24 19:20:00,55.5017,55.5017,55.42,55.42,2100.0
2026-03-24 19:25:00,55.4,55.42,55.4,55.42,2251.0
2026-03-24 19:30:00,55.48,55.5,55.4701,55.49,1936.0
2026-03-24 19:35:00,55.5,55.53,55.47,55.47,11190.0
2026-03-24 19:40:00,55.511,55.58,55.511,55.58,4405.0
2026-03-24 19:45:00,55.59,55.59,55.57,55.59,925.0
2026-03-24 19:50:00,55.58,55.6,55.57,55.5707,2400.0
2026-03-24 19:55:00,55.58,55.58,55.5704,55.571,904.0
2026-03-25 04:00:00,55.07,55.07,54.83,54.83,9521.0
2026-03-25 04:05:00,54.82,54.82,54.59,54.7,10218.0
2026-03-25 04:10:00,54.69,54.72,54.65,54.68,2600.0
2026-03-25 04:15:00,54.51,54.54,54.49,54.5,4018.0
2026-03-25 04:20:00,54.48,54.57,54.4,54.54,11276.0
2026-03-25 04:25:00,54.53,54.58,54.45,54.58,11410.0
2026-03-25 04:30:00,54.52,54.52,54.52,54.52,200.0
2026-03-25 04:35:00,54.46,54.75,54.46,54.61,8371.0
2026-03-25 04:40:00,54.62,54.65,54.6,54.65,5976.0
2026-03-25 04:45:00,54.6,54.72,54.6,54.72,400.0
2026-03-25 04:50:00,54.81,54.85,54.81,54.85,2810.0
2026-03-25 04:55:00,55.03,55.05,55.01,55.05,2706.0
2026-03-25 05:05:00,54.9,54.9,54.88,54.88,1606.0
2026-03-25 05:15:00,54.82,54.82,54.82,54.82,100.0
2026-03-25 05:20:00,54.82,54.85,54.82,54.85,1100.0
2026-03-25 05:25:00,55.0,55.02,55.0,55.02,1500.0
2026-03-25 05:45:00,55.1,55.21,55.1,55.21,464.0
2026-03-25 05:50:00,55.18,55.18,55.12,55.15,1470.0
2026-03-25 05:55:00,55.06,55.06,54.92,54.98,31238.0
2026-03-25 06:00:00,54.87,54.87,54.77,54.77,1078.0
2026-03-25 06:05:00,54.85,54.95,54.85,54.95,508.0
2026-03-25 06:15:00,54.91,54.91,54.91,54.91,243.0
2026-03-25 06:20:00,54.93,54.93,54.93,54.93,500.0
2026-03-25 06:25:00,55.03,55.03,55.03,55.03,100.0
2026-03-25 06:30:00,55.08,55.08,55.01,55.02,5552.0
2026-03-25 06:35:00,55.0,55.0,54.95,54.95,400.0
2026-03-25 06:40:00,54.95,54.95,54.95,54.95,250.0
2026-03-25 06:45:00,55.1,55.1,55.06,55.06,300.0
2026-03-25 06:55:00,54.97,54.98,54.96,54.98,1150.0
2026-03-25 07:00:00,54.97,54.97,54.85,54.85,900.0
2026-03-25 07:05:00,54.8,54.88,54.75,54.75,1850.0
2026-03-25 07:15:00,54.83,54.87,54.83,54.84,3519.0
2026-03-25 07:20:00,54.75,54.75,54.71,54.71,1189.0
2026-03-25 07:25:00,54.8,54.8,54.8,54.8,600.0
2026-03-25 07:30:00,54.711,54.73,54.67,54.72,4927.0
2026-03-25 07:35:00,54.72,54.72,54.55,54.55,2335.0
2026-03-25 07:40:00,54.66,54.67,54.66,54.67,300.0
2026-03-25 07:45:00,54.63,55.02,54.63,54.991,14510.0
2026-03-25 07:50:00,54.84,54.91,54.81,54.82,6541.0
2026-03-25 07:55:00,54.82,54.831,54.68,54.68,2450.0
2026-03-25 08:00:00,54.96,55.47,54.4604,54.6226,96125.0
2026-03-25 08:05:00,54.63,54.64,54.4425,54.5,8388.0
2026-03-25 08:10:00,54.51,54.55,54.4899,54.51,10900.0
2026-03-25 08:15:00,54.52,55.0874,54.52,55.01,27224.0
2026-03-25 08:20:00,55.07,55.29,54.9,55.03,61609.0
2026-03-25 08:25:00,55.0268,55.2,54.9,55.19,29007.0
2026-03-25 08:30:00,55.2,55.44,55.2,55.32,25291.0
2026-03-25 08:35:00,55.2499,55.27,55.0,55.0,13481.0
2026-03-25 08:40:00,54.98,55.1237,54.98,55.1,9646.0
2026-03-25 08:45:00,55.17,55.2,55.08,55.09,8257.0
2026-03-25 08:50:00,55.0904,55.0904,54.95,54.95,5281.0
2026-03-25 08:55:00,54.96,54.96,54.8174,54.89,8679.0
2026-03-25 09:00:00,54.88,55.09,54.77,54.77,15415.0
2026-03-25 09:05:00,54.77,54.89,54.73,54.86,9430.0
2026-03-25 09:10:00,54.861,54.9789,54.7701,54.93,4561.0
2026-03-25 09:15:00,54.95,54.98,54.92,54.95,3671.0
2026-03-25 09:20:00,54.88,55.02,54.88,54.92,3077.0
2026-03-25 09:25:00,54.93,54.97,54.9,54.9,6704.0
2026-03-25 09:30:00,54.92,54.92,54.49,54.64,432346.0
2026-03-25 09:35:00,54.65,54.67,54.33,54.59,232429.0
2026-03-25 09:40:00,54.58,54.88,54.43,54.85,283937.0
2026-03-25 09:45:00,54.85,55.14,54.77,55.12,96584.0
2026-03-25 09:50:00,55.13,55.41,55.1,55.41,172028.0
2026-03-25 09:55:00,55.42,55.48,55.19,55.47,133978.0
2026-03-25 10:00:00,55.46,55.68,55.21,55.32,209228.0
2026-03-25 10:05:00,55.33,55.48,55.2,55.3,307074.0
2026-03-25 10:10:00,55.31,55.43,55.04,55.05,110808.0
2026-03-25 10:15:00,55.07,55.21,55.01,55.175,72845.0
2026-03-25 10:20:00,55.16,55.28,54.935,55.24,75380.0
2026-03-25 10:25:00,55.23,55.26,54.87,55.04,228801.0
2026-03-25 10:30:00,55.02,55.16,54.88,54.88,111635.0
2026-03-25 10:35:00,54.88,55.095,54.81,55.05,40920.0
2026-03-25 10:40:00,55.03,55.1,54.83,54.94,68612.0
2026-03-25 10:45:00,54.94,54.96,54.8,54.835,37738.0
2026-03-25 10:50:00,54.8322,54.9,54.77,54.89,52405.0
2026-03-25 10:55:00,54.89,54.95,54.8,54.9,25560.0
2026-03-25 11:00:00,54.89,54.97,54.82,54.87,45673.0
2026-03-25 11:05:00,54.88,55.3,54.87,55.29,61259.0
2026-03-25 11:10:00,55.27,55.47,55.2,55.44,152124.0
2026-03-25 11:15:00,55.46,56.05,55.39,55.82,214938.0
2026-03-25 11:20:00,55.825,55.835,55.26,55.35,123028.0
2026-03-25 11:25:00,55.35,55.4,55.11,55.11,59942.0
2026-03-25 11:30:00,55.12,55.1786,55.02,55.1,96356.0
2026-03-25 11:35:00,55.09,55.43,55.09,55.3799,55404.0
2026-03-25 11:40:00,55.39,55.56,55.32,55.42,63804.0
2026-03-25 11:45:00,55.44,55.52,55.38,55.44,41369.0
2026-03-25 11:50:00,55.42,55.49,55.32,55.4,62752.0
2026-03-25 11:55:00,55.39,55.495,55.23,55.32,90021.0
2026-03-25 12:00:00,55.35,55.49,55.285,55.47,68933.0
2026-03-25 12:05:00,55.46,55.59,55.38,55.41,46190.0
2026-03-25 12:10:00,55.43,55.55,55.41,55.46,17345.0
2026-03-25 12:15:00,55.43,55.55,55.4,55.5,31578.0
2026-03-25 12:20:00,55.485,55.55,55.16,55.17,95705.0
2026-03-25 12:25:00,55.155,55.27,55.07,55.24,160693.0
2026-03-25 12:30:00,55.2,55.32,55.0,55.045,89333.0
2026-03-25 12:35:00,55.06,55.14,55.0,55.05,33339.0
2026-03-25 12:40:00,55.055,55.15,55.03,55.08,36942.0
2026-03-25 12:45:00,55.08,55.21,55.06,55.175,36570.0
2026-03-25 12:50:00,55.17,55.31,55.041,55.07,71478.0
2026-03-25 12:55:00,55.065,55.19,55.05,55.14,20395.0
2026-03-25 13:00:00,55.15,55.27,55.01,55.19,108232.0
2026-03-25 13:05:00,55.21,55.331,55.18,55.331,24919.0
2026-03-25 13:10:00,55.3,55.35,55.15,55.17,20308.0
2026-03-25 13:15:00,55.19,55.35,55.19,55.26,30600.0
2026-03-25 13:20:00,55.27,55.28,55.09,55.19,37048.0
2026-03-25 13:25:00,55.13,55.15,55.0,55.05,26012.0
2026-03-25 13:30:00,55.07,55.17,55.01,55.04,38035.0
2026-03-25 13:35:00,55.01,55.03,54.9,54.92,86659.0
2026-03-25 13:40:00,54.91,54.98,54.715,54.87,159031.0
2026-03-25 13:45:00,54.86,55.06,54.86,55.05,45039.0
2026-03-25 13:50:00,55.05,55.245,54.9,55.21,100672.0
2026-03-25 13:55:00,55.2109,55.24,54.865,55.09,98341.0
2026-03-25 14:00:00,55.11,55.18,55.07,55.1201,27785.0
2026-03-25 14:05:00,55.115,55.19,55.015,55.13,21815.0
2026-03-25 14:10:00,55.1399,55.14,55.04,55.08,34413.0
2026-03-25 14:15:00,55.08,55.11,54.95,55.1,60072.0
2026-03-25 14:20:00,55.1,55.12,55.03,55.1,13869.0
2026-03-25 14:25:00,55.075,55.22,55.06,55.209,22120.0
2026-03-25 14:30:00,55.2,55.21,55.13,55.1599,23384.0
2026-03-25 14:35:00,55.16,55.23,55.155,55.175,15908.0
2026-03-25 14:40:00,55.17,55.31,55.17,55.25,30801.0
2026-03-25 14:45:00,55.26,55.32,55.25,55.31,27835.0
2026-03-25 14:50:00,55.29,55.34,55.2701,55.29,20689.0
2026-03-25 14:55:00,55.29,55.68,55.29,55.46,138456.0
2026-03-25 15:00:00,55.465,55.695,55.465,55.58,90951.0
2026-03-25 15:05:00,55.58,55.615,55.52,55.59,37562.0
2026-03-25 15:10:00,55.5701,55.63,55.47,55.47,122373.0
2026-03-25 15:15:00,55.49,55.49,55.35,55.375,92450.0
2026-03-25 15:20:00,55.385,55.385,55.25,55.33,55230.0
2026-03-25 15:25:00,55.33,55.46,55.32,55.46,31209.0
2026-03-25 15:30:00,55.455,55.56,55.45,55.515,52555.0
2026-03-25 15:35:00,55.52,55.65,55.49,55.57,44546.0
2026-03-25 15:40:00,55.575,55.59,55.425,55.545,144259.0
2026-03-25 15:45:00,55.55,55.595,55.5118,55.555,63363.0
2026-03-25 15:50:00,55.55,55.55,55.38,55.42,253101.0
2026-03-25 15:55:00,55.43,55.53,55.32,55.4,283845.0
2026-03-25 16:00:00,55.405,55.42,55.3,55.3003,21952.0
2026-03-25 16:05:00,55.3303,55.39,55.3303,55.37,2013.0
2026-03-25 16:10:00,55.4,55.41,55.4,55.41,846.0
2026-03-25 16:15:00,55.42,55.42,55.36,55.36,1000.0
2026-03-25 16:20:00,55.39,55.4,55.3799,55.4,526.0
2026-03-25 16:25:00,55.53,55.5499,55.53,55.5499,600.0
2026-03-25 16:30:00,55.55,55.55,55.55,55.55,100.0
2026-03-25 16:35:00,55.51,55.51,55.48,55.48,400.0
2026-03-25 16:45:00,55.49,55.49,55.48,55.48,1276.0
2026-03-25 16:50:00,55.481,55.481,55.46,55.46,900.0
2026-03-25 16:55:00,55.4897,55.4897,55.4897,55.4897,500.0
2026-03-25 17:25:00,55.5057,55.5057,55.5057,55.5057,100.0
2026-03-25 17:30:00,55.4227,55.4227,55.4227,55.4227,397.0
2026-03-25 17:45:00,55.527,55.527,55.527,55.527,100.0
2026-03-25 17:55:00,55.5255,55.5255,55.5255,55.5255,100.0
2026-03-25 18:00:00,55.56,55.59,55.56,55.59,1300.0
2026-03-25 18:05:00,55.58,55.63,55.54,55.63,2800.0
2026-03-25 18:10:00,55.59,55.65,55.59,55.65,2150.0
2026-03-25 18:15:00,55.63,55.7,55.63,55.7,1140.0
2026-03-25 18:20:00,55.68,55.73,55.68,55.73,1310.0
2026-03-25 18:25:00,55.71,55.71,55.71,55.71,300.0
2026-03-25 18:30:00,55.64,55.64,55.64,55.64,500.0
2026-03-25 18:35:00,55.6598,55.6598,55.63,55.63,200.0
2026-03-25 18:40:00,55.64,55.65,55.64,55.65,308.0
2026-03-25 18:45:00,55.6,55.6,55.6,55.6,360.0
2026-03-25 18:50:00,55.7,55.7,55.7,55.7,5780.0
2026-03-25 18:55:00,55.68,55.6958,55.68,55.68,2300.0
2026-03-25 19:00:00,55.66,55.66,55.66,55.66,500.0
2026-03-25 19:10:00,55.7069,55.73,55.7069,55.73,559.0
2026-03-25 19:15:00,55.85,55.8599,55.81,55.81,3810.0
2026-03-25 19:20:00,55.8208,55.8208,55.82,55.82,740.0
2026-03-25 19:25:00,55.7801,55.7801,55.7801,55.7801,100.0
2026-03-25 19:30:00,55.8,55.81,55.8,55.81,2400.0
2026-03-25 19:35:00,55.82,55.82,55.82,55.82,269.0
2026-03-25 19:40:00,55.8,55.8858,55.8,55.8858,1060.0
2026-03-25 19:45:00,55.9,55.91,55.7639,55.7639,6568.0
2026-03-25 19:50:00,55.76,55.76,55.74,55.74,300.0
2026-03-25 19:55:00,55.7496,55.7496,55.69,55.7,10797.0
2026-03-26 04:00:00,56.1,56.1,56.0,56.0,310.0
2026-03-26 04:05:00,56.04,56.05,55.94,56.05,2732.0
2026-03-26 04:10:00,56.15,56.24,56.15,56.24,900.0
2026-03-26 04:15:00,56.3,56.31,56.28,56.28,1506.0
2026-03-26 04:20:00,56.3,56.3,56.3,56.3,230.0
2026-03-26 04:30:00,56.35,56.35,56.35,56.35,500.0
2026-03-26 04:35:00,56.42,56.42,56.42,56.42,100.0
2026-03-26 04:40:00,56.46,56.56,56.45,56.56,2210.0
2026-03-26 04:45:00,56.49,56.6,56.45,56.6,531.0
2026-03-26 04:50:00,56.59,56.59,56.59,56.59,196.0
2026-03-26 04:55:00,56.39,56.39,56.37,56.37,905.0
2026-03-26 05:00:00,56.43,56.43,56.43,56.43,100.0
2026-03-26 05:20:00,56.62,56.62,56.62,56.62,100.0
2026-03-26 05:25:00,56.68,56.71,56.68,56.7,700.0
2026-03-26 05:30:00,56.8,56.92,56.8,56.87,8069.0
2026-03-26 05:35:00,56.85,56.85,56.83,56.83,200.0
2026-03-26 05:40:00,56.8,56.8,56.76,56.77,1800.0
2026-03-26 05:45:00,56.78,56.81,56.78,56.81,6100.0
2026-03-26 05:50:00,56.77,56.77,56.71,56.71,1966.0
2026-03-26 05:55:00,56.65,56.65,56.65,56.65,788.0
2026-03-26 06:00:00,56.7,56.7,56.61,56.63,3448.0
2026-03-26 06:05:00,56.6,56.6,56.45,56.58,4666.0
2026-03-26 06:10:00,56.57,56.57,56.57,56.57,116.0
2026-03-26 06:15:00,56.49,56.53,56.49,56.53,529.0
2026-03-26 06:20:00,56.57,56.57,56.54,56.54,1127.0
2026-03-26 06:25:00,56.47,56.47,56.43,56.43,1000.0
2026-03-26 06:30:00,56.45,56.45,56.41,56.41,2538.0
2026-03-26 06:35:00,56.46,56.63,56.46,56.61,14886.0
2026-03-26 06:40:00,56.65,56.68,56.57,56.68,1850.0
2026-03-26 06:45:00,56.59,56.62,56.59,56.62,500.0
2026-03-26 06:50:00,56.62,56.62,56.59,56.59,458.0
2026-03-26 06:55:00,56.58,56.58,56.58,56.58,907.0
2026-03-26 07:00:00,56.575,56.6,56.55,56.55,2330.0
2026-03-26 07:05:00,56.52,56.59,56.51,56.52,4952.0
2026-03-26 07:10:00,56.6,56.61,56.6,56.6,1623.0
2026-03-26 07:15:00,56.59,56.59,56.59,56.59,800.0
2026-03-26 07:20:00,56.64,56.64,56.57,56.61,4250.0
2026-03-26 07:25:00,56.64,56.77,56.64,56.77,5288.0
2026-03-26 07:30:00,56.69,56.81,56.69,56.74,6952.0
2026-03-26 07:35:00,56.75,56.75,56.739,56.739,5000.0
2026-03-26 07:40:00,56.8,56.83,56.8,56.82,545.0
2026-03-26 07:45:00,56.8,56.8,56.8,56.8,269.0
2026-03-26 07:50:00,56.85,56.86,56.78,56.8,7803.0
2026-03-26 07:55:00,56.81,56.96,56.81,56.96,3180.0
2026-03-26 08:00:00,56.08,57.07,55.52,57.03,124029.0
2026-03-26 08:05:00,56.94,56.96,55.81,56.76,8950.0
2026-03-26 08:10:00,56.7406,56.7406,56.6627,56.67,1350.0
2026-03-26 08:15:00,56.6302,56.69,56.6302,56.69,3100.0
2026-03-26 08:20:00,56.71,56.72,56.68,56.72,12005.0
2026-03-26 08:25:00,56.7102,56.75,56.7,56.74,6909.0
2026-03-26 08:30:00,56.78,56.96,56.78,56.9292,9873.0
2026-03-26 08:35:00,56.9804,57.04,56.93,56.95,21656.0
2026-03-26 08:40:00,56.8901,57.01,56.8901,56.9793,6190.0
2026-03-26 08:45:00,56.9274,56.9274,56.83,56.8842,5400.0
2026-03-26 08:50:00,56.8992,56.91,56.82,56.88,3600.0
2026-03-26 08:55:00,56.83,56.83,56.827,56.827,719.0
2026-03-26 09:00:00,56.76,56.79,56.69,56.75,16635.0
2026-03-26 09:05:00,56.77,56.78,56.7578,56.78,1200.0
2026-03-26 09:10:00,56.753,56.753,56.63,56.7,12324.0
2026-03-26 09:15:00,56.71,56.7287,56.55,56.6026,10183.0
2026-03-26 09:20:00,56.62,56.69,56.6,56.69,5028.0
2026-03-26 09:25:00,56.7,56.71,56.66,56.68,48091.0
2026-03-26 09:30:00,56.63,56.86,56.6,56.72,265213.0
2026-03-26 09:35:00,56.72,56.94,56.69,56.9202,191393.0
2026-03-26 09:40:00,56.93,56.93,56.36,56.365,164953.0
2026-03-26 09:45:00,56.37,56.385,56.1,56.27,149005.0
2026-03-26 09:50:00,56.27,56.315,55.96,56.01,238793.0
2026-03-26 09:55:00,56.015,56.42,55.98,56.0,163105.0
2026-03-26 10:00:00,55.98,56.17,55.96,56.11,110130.0
2026-03-26 10:05:00,56.14,56.24,55.93,56.145,320796.0
2026-03-26 10:10:00,56.135,56.275,56.01,56.01,71135.0
2026-03-26 10:15:00,56.045,56.15,55.91,56.12,52170.0
2026-03-26 10:20:00,56.135,56.1814,55.94,56.045,34973.0
2026-03-26 10:25:00,56.06,56.22,56.005,56.22,56105.0
2026-03-26 10:30:00,56.21,56.21,56.0,56.03,50765.0
2026-03-26 10:35:00,56.05,56.24,56.025,56.19,76501.0
2026-03-26 10:40:00,56.18,56.5,55.905,56.4399,204441.0
2026-03-26 10:45:00,56.46,56.57,56.34,56.49,95981.0
2026-03-26 10:50:00,56.5,56.76,56.41,56.76,100334.0
2026-03-26 10:55:00,56.8,56.925,56.52,56.57,95621.0
2026-03-26 11:00:00,56.56,56.6034,56.45,56.59,48401.0
2026-03-26 11:05:00,56.5792,56.625,56.4,56.57,132354.0
2026-03-26 11:10:00,56.56,56.5601,56.43,56.5601,46375.0
2026-03-26 11:15:00,56.56,56.73,56.52,56.65,33427.0
2026-03-26 11:20:00,56.658,56.67,56.55,56.64,29942.0
2026-03-26 11:25:00,56.62,56.71,56.58,56.69,58386.0
2026-03-26 11:30:00,56.71,56.91,56.71,56.815,60821.0
2026-03-26 11:35:00,56.82,56.82,56.68,56.72,49435.0
2026-03-26 11:40:00,56.74,56.85,56.67,56.83,33193.0
2026-03-26 11:45:00,56.81,56.88,56.555,56.71,141266.0
2026-03-26 11:50:00,56.72,56.77,56.61,56.68,46187.0
2026-03-26 11:55:00,56.67,56.81,56.655,56.73,48825.0
2026-03-26 12:00:00,56.78,56.85,56.72,56.8299,19374.0
2026-03-26 12:05:00,56.81,56.86,56.71,56.77,72361.0
2026-03-26 12:10:00,56.77,56.91,56.74,56.79,34133.0
2026-03-26 12:15:00,56.81,57.17,56.81,56.93,232063.0
2026-03-26 12:20:00,56.92,57.18,56.92,57.04,52614.0
2026-03-26 12:25:00,57.04,57.31,57.03,57.26,130649.0
2026-03-26 12:30:00,57.26,57.41,57.25,57.285,68627.0
2026-03-26 12:35:00,57.27,57.37,57.21,57.36,35995.0
2026-03-26 12:40:00,57.36,57.375,57.23,57.27,25886.0
2026-03-26 12:45:00,57.26,57.4,57.21,57.355,115393.0
2026-03-26 12:50:00,57.35,57.3878,57.24,57.265,64431.0
2026-03-26 12:55:00,57.265,57.3,57.2,57.21,46453.0
2026-03-26 13:00:00,57.2107,57.28,57.11,57.27,50058.0
2026-03-26 13:05:00,57.27,57.29,57.2,57.2301,29176.0
2026-03-26 13:10:00,57.26,57.39,57.26,57.39,33871.0
2026-03-26 13:15:00,57.39,57.41,57.31,57.35,20467.0
2026-03-26 13:20:00,57.3599,57.565,57.3599,57.5597,52224.0
2026-03-26 13:25:00,57.55,57.64,57.48,57.48,47629.0
2026-03-26 13:30:00,57.49,57.57,57.3999,57.4,29168.0
2026-03-26 13:35:00,57.4,57.52,57.37,57.51,43092.0
2026-03-26 13:40:00,57.52,57.68,57.52,57.64,42463.0
2026-03-26 13:45:00,57.65,57.745,57.62,57.745,76567.0
2026-03-26 13:50:00,57.75,57.88,57.75,57.86,71834.0
2026-03-26 13:55:00,57.8899,58.03,57.85,57.98,53436.0
2026-03-26 14:00:00,57.98,57.9899,57.75,57.86,84403.0
2026-03-26 14:05:00,57.84,57.9,57.79,57.81,92056.0
2026-03-26 14:10:00,57.815,57.92,57.8,57.89,44906.0
2026-03-26 14:15:00,57.88,57.95,57.87,57.93,19408.0
2026-03-26 14:20:00,57.9299,58.0,57.85,57.88,25019.0
2026-03-26 14:25:00,57.87,58.01,57.84,58.0,49271.0
2026-03-26 14:30:00,57.995,57.995,57.85,57.855,38264.0
2026-03-26 14:35:00,57.87,57.9,57.78,57.7909,36516.0
2026-03-26 14:40:00,57.81,57.91,57.76,57.86,36799.0
2026-03-26 14:45:00,57.875,57.92,57.77,57.78,29961.0
2026-03-26 14:50:00,57.78,57.82,57.74,57.765,25186.0
2026-03-26 14:55:00,57.76,57.875,57.76,57.785,33770.0
2026-03-26 15:00:00,57.76,57.98,57.76,57.9799,21001.0
2026-03-26 15:05:00,57.97,58.15,57.9699,58.09,83496.0
2026-03-26 15:10:00,58.08,58.17,58.07,58.08,53655.0
2026-03-26 15:15:00,58.08,58.08,57.97,58.0,156066.0
2026-03-26 15:20:00,58.0,58.125,57.99,58.11,36271.0
2026-03-26 15:25:00,58.135,58.18,58.08,58.08,62930.0
2026-03-26 15:30:00,58.08,58.285,58.08,58.21,48049.0
2026-03-26 15:35:00,58.21,58.22,58.1199,58.19,27958.0
2026-03-26 15:40:00,58.19,58.295,58.13,58.275,43447.0
2026-03-26 15:45:00,58.27,58.31,58.195,58.2,199165.0
2026-03-26 15:50:00,58.21,58.4,58.17,58.395,138602.0
2026-03-26 15:55:00,58.395,58.4403,58.27,58.37,274126.0
2026-03-26 16:00:00,58.37,58.52,58.33,58.44,29143.0
2026-03-26 16:05:00,58.38,58.3801,58.3139,58.3142,3524.0
2026-03-26 16:10:00,58.3,58.3,56.56,57.58,90049.0
2026-03-26 16:15:00,57.8,57.8,57.36,57.7303,13750.0
2026-03-26 16:20:00,57.73,57.88,57.69,57.88,6459.0
2026-03-26 16:25:00,57.83,58.1,57.83,57.83,6075.0
2026-03-26 16:30:00,57.75,57.7682,57.6502,57.7222,4254.0
2026-03-26 16:35:00,57.6506,57.6506,57.5506,57.5506,2600.0
2026-03-26 16:40:00,57.66,57.68,57.66,57.68,2300.0
2026-03-26 16:45:00,57.72,57.7426,57.7101,57.72,1710.0
2026-03-26 16:50:00,57.76,57.8,57.76,57.79,3037.0
2026-03-26 16:55:00,57.85,58.08,57.83,58.02,5447.0
2026-03-26 17:00:00,58.07,58.1381,57.9556,57.9556,483.0
2026-03-26 17:05:00,58.13,58.13,57.87,57.929,1330.0
2026-03-26 17:15:00,57.86,57.86,57.86,57.86,345.0
2026-03-26 17:20:00,57.92,57.92,57.86,57.86,800.0
2026-03-26 17:25:00,57.96,57.96,57.96,57.96,1000.0
2026-03-26 17:30:00,58.0,58.0,58.0,58.0,250.0
2026-03-26 17:35:00,58.0,58.0,58.0,58.0,160.0
2026-03-26 17:40:00,57.8797,57.8797,57.85,57.85,470.0
2026-03-26 17:45:00,57.8695,57.8695,57.8695,57.8695,500.0
2026-03-26 17:50:00,57.9,57.9,57.9,57.9,1000.0
2026-03-26 17:55:00,57.95,57.95,57.95,57.95,1649.0
2026-03-26 18:00:00,57.99,58.01,57.85,57.8815,3452.0
2026-03-26 18:05:00,57.88,57.88,57.88,57.88,100.0
2026-03-26 18:10:00,57.79,57.79,57.7774,57.7774,378.0
2026-03-26 18:15:00,57.75,57.75,57.75,57.75,500.0
2026-03-26 18:20:00,57.75,57.75,57.7335,57.7335,200.0
2026-03-26 18:25:00,57.78,57.86,57.78,57.86,1700.0
2026-03-26 18:30:00,57.89,57.91,57.7939,57.82,2311.0
2026-03-26 18:35:00,57.82,57.8801,57.75,57.75,4174.0
2026-03-26 18:40:00,57.71,57.79,57.71,57.79,1002.0
2026-03-26 18:45:00,57.81,57.81,57.81,57.81,100.0
2026-03-26 18:55:00,57.6937,57.6937,57.6937,57.6937,100.0
2026-03-26 19:00:00,57.72,57.72,57.69,57.69,200.0
2026-03-26 19:05:00,57.73,57.77,57.73,57.77,350.0
2026-03-26 19:10:00,57.77,57.78,57.77,57.78,719.0
2026-03-26 19:15:00,57.78,57.78,57.78,57.78,500.0
2026-03-26 19:20:00,57.8121,57.8121,57.8121,57.8121,200.0
2026-03-26 19:25:00,57.83,57.8448,57.83,57.8448,1050.0
2026-03-26 19:30:00,57.79,57.79,57.73,57.7391,2200.0
2026-03-26 19:35:00,57.7,57.7,57.6039,57.6039,3401.0
2026-03-26 19:40:00,57.669,57.669,57.65,57.6684,1425.0
2026-03-26 19:45:00,57.61,57.62,57.5917,57.6,1069.0
2026-03-26 19:50:00,57.58,57.59,57.57,57.57,2078.0
2026-03-26 19:55:00,57.61,57.6473,57.6,57.63,1467.0
2026-03-27 04:00:00,57.69,57.95,57.69,57.95,10208.0
2026-03-27 04:05:00,57.88,58.01,57.88,58.01,700.0
2026-03-27 04:15:00,58.07,58.12,58.07,58.12,650.0
2026-03-27 04:20:00,58.02,58.02,58.02,58.02,100.0
2026-03-27 04:30:00,58.16,58.16,58.16,58.16,200.0
2026-03-27 04:35:00,58.28,58.28,58.26,58.26,1100.0
2026-03-27 04:40:00,58.36,58.36,58.36,58.36,400.0
2026-03-27 04:45:00,58.23,58.23,58.23,58.23,100.0
2026-03-27 04:55:00,58.34,58.38,58.33,58.38,1000.0
2026-03-27 05:00:00,58.42,58.48,58.42,58.48,1100.0
2026-03-27 05:05:00,58.63,58.68,58.62,58.68,877.0
2026-03-27 05:10:00,58.69,58.69,58.49,58.52,1000.0
2026-03-27 05:15:00,58.55,58.55,58.5,58.51,2384.0
2026-03-27 05:20:00,58.36,58.43,58.36,58.43,595.0
2026-03-27 05:25:00,58.27,58.27,58.27,58.27,200.0
2026-03-27 05:30:00,58.23,58.23,58.2,58.2,400.0
2026-03-27 05:35:00,58.25,58.36,58.25,58.36,670.0
2026-03-27 05:40:00,58.35,58.38,58.35,58.38,500.0
2026-03-27 05:45:00,58.45,58.55,58.44,58.55,2100.0
2026-03-27 05:50:00,58.53,58.55,58.53,58.55,500.0
2026-03-27 05:55:00,58.55,58.58,58.55,58.58,1500.0
2026-03-27 06:00:00,58.63,58.67,58.55,58.57,6478.0
2026-03-27 06:05:00,58.52,58.52,58.45,58.45,8860.0
2026-03-27 06:10:00,58.58,58.6,58.56,58.58,5383.0
2026-03-27 06:15:00,58.55,58.55,58.55,58.55,200.0
2026-03-27 06:20:00,58.67,58.67,58.57,58.57,3213.0
2026-03-27 06:25:00,58.63,58.63,58.62,58.62,2200.0
2026-03-27 06:30:00,58.64,58.68,58.59,58.68,2678.0
2026-03-27 06:35:00,58.68,58.88,58.68,58.88,8558.0
2026-03-27 06:40:00,58.94,58.94,58.84,58.84,6990.0
2026-03-27 06:45:00,58.93,58.95,58.89,58.94,7382.0
2026-03-27 06:50:00,58.96,58.96,58.92,58.92,2034.0
2026-03-27 06:55:00,59.03,59.13,59.03,59.09,4474.0
2026-03-27 07:00:00,59.07,59.26,59.04,59.16,24173.0
2026-03-27 07:05:00,59.21,59.29,59.16,59.18,1972.0
2026-03-27 07:15:00,59.18,59.19,59.12,59.15,5067.0
2026-03-27 07:20:00,59.11,59.16,59.1,59.11,3786.0
2026-03-27 07:25:00,59.11,59.11,59.05,59.05,1350.0
2026-03-27 07:30:00,59.01,59.03,59.0,59.03,1800.0
2026-03-27 07:35:00,59.05,59.05,59.03,59.03,345.0
2026-03-27 07:40:00,59.03,59.03,58.97,58.97,400.0
2026-03-27 07:45:00,59.0,59.0,58.87,58.87,4025.0
2026-03-27 07:50:00,58.87,58.91,58.82,58.82,6314.0
2026-03-27 07:55:00,58.8,58.96,58.8,58.96,1884.0
2026-03-27 08:00:00,57.86,59.27,57.18,59.08,153895.0
2026-03-27 08:05:00,59.1,59.221,59.1,59.221,4327.0
2026-03-27 08:10:00,59.22,59.23,59.12,59.14,6100.0
2026-03-27 08:15:00,59.141,59.1571,59.0004,59.001,3550.0
2026-03-27 08:20:00,59.06,59.1306,59.06,59.06,16868.0
2026-03-27 08:25:00,59.03,59.1,59.02,59.061,19645.0
2026-03-27 08:30:00,59.04,59.2,59.0129,59.17,4714.0
2026-03-27 08:35:00,59.2496,59.2496,59.14,59.14,9704.0
2026-03-27 08:40:00,59.12,59.23,59.12,59.23,4246.0
2026-03-27 08:45:00,59.13,59.33,59.12,59.33,6645.0
2026-03-27 08:50:00,59.2098,59.2098,59.18,59.18,30720.0
2026-03-27 08:55:00,59.1997,59.3,59.19,59.25,26980.0
2026-03-27 09:00:00,59.23,59.42,59.22,59.35,10594.0
2026-03-27 09:05:00,59.4,59.5,59.39,59.45,4506.0
2026-03-27 09:10:00,59.46,59.55,59.4395,59.46,33752.0
2026-03-27 09:15:00,59.45,59.47,59.341,59.37,14637.0
2026-03-27 09:20:00,59.3399,59.3399,59.2274,59.2274,10125.0
2026-03-27 09:25:00,59.23,59.23,59.11,59.15,11812.0
2026-03-27 09:30:00,59.15,59.725,59.11,59.69,302030.0
2026-03-27 09:35:00,59.69,59.88,59.49,59.56,269902.0
2026-03-27 09:40:00,59.555,59.675,59.42,59.55,355823.0
2026-03-27 09:45:00,59.545,59.545,59.165,59.32,278235.0
2026-03-27 09:50:00,59.33,59.83,59.289,59.83,125367.0
2026-03-27 09:55:00,59.83,60.22,59.83,60.09,254272.0
2026-03-27 10:00:00,60.11,60.2,59.9,59.96,220182.0
2026-03-27 10:05:00,59.97,60.18,59.915,60.15,103813.0
2026-03-27 10:10:00,60.14,60.14,59.84,59.899,83782.0
2026-03-27 10:15:00,59.92,59.945,59.6399,59.705,126911.0
2026-03-27 10:20:00,59.65,59.99,59.62,59.89,136958.0
2026-03-27 10:25:00,59.89,60.07,59.735,60.07,136403.0
2026-03-27 10:30:00,60.08,60.08,59.9107,59.9107,96494.0
2026-03-27 10:35:00,59.925,60.17,59.9,60.15,62323.0
2026-03-27 10:40:00,60.16,60.16,60.015,60.09,52832.0
2026-03-27 10:45:00,60.09,60.27,59.77,59.77,238342.0
2026-03-27 10:50:00,59.78,59.975,59.68,59.96,101120.0
2026-03-27 10:55:00,59.95,59.95,59.73,59.78,57596.0
2026-03-27 11:00:00,59.77,59.83,59.59,59.64,153898.0
2026-03-27 11:05:00,59.61,59.82,59.48,59.785,128504.0
2026-03-27 11:10:00,59.78,59.93,59.74,59.895,32588.0
2026-03-27 11:15:00,59.91,60.08,59.87,60.015,70286.0
2026-03-27 11:20:00,60.02,60.11,59.43,59.77,231445.0
2026-03-27 11:25:00,59.75,59.81,59.55,59.6,47447.0
2026-03-27 11:30:00,59.56,59.63,59.29,59.345,105866.0
2026-03-27 11:35:00,59.34,59.55,59.25,59.52,86341.0
2026-03-27 11:40:00,59.53,59.78,59.52,59.63,68214.0
2026-03-27 11:45:00,59.64,59.66,59.52,59.53,30808.0
2026-03-27 11:50:00,59.54,59.63,59.45,59.61,35687.0
2026-03-27 11:55:00,59.605,59.79,59.58,59.76,52830.0
2026-03-27 12:00:00,59.75,59.88,59.715,59.81,43065.0
2026-03-27 12:05:00,59.825,60.05,59.82,60.05,52232.0
2026-03-27 12:10:00,60.05,60.13,59.96,59.965,32247.0
2026-03-27 12:15:00,59.94,60.08,59.94,60.06,24949.0
2026-03-27 12:20:00,60.05,60.09,59.95,60.09,29725.0
2026-03-27 12:25:00,60.09,60.21,60.08,60.12,35322.0
2026-03-27 12:30:00,60.125,60.16,60.09,60.15,22170.0
2026-03-27 12:35:00,60.16,60.31,60.135,60.28,99298.0
2026-03-27 12:40:00,60.29,60.35,60.14,60.202,27639.0
2026-03-27 12:45:00,60.21,60.24,59.95,59.96,139501.0
2026-03-27 12:50:00,59.98,60.14,59.93,60.12,89720.0
2026-03-27 12:55:00,60.14,60.19,60.095,60.18,18283.0
2026-03-27 13:00:00,60.17,60.32,60.15,60.245,97807.0
2026-03-27 13:05:00,60.24,60.32,59.85,60.14,258389.0
2026-03-27 13:10:00,60.161,60.33,60.13,60.24,54540.0
2026-03-27 13:15:00,60.2507,60.425,60.2507,60.39,45462.0
2026-03-27 13:20:00,60.405,60.52,60.405,60.5,135116.0
2026-03-27 13:25:00,60.4999,60.74,60.49,60.74,96743.0
2026-03-27 13:30:00,60.725,60.73,60.58,60.61,100939.0
2026-03-27 13:35:00,60.61,60.68,60.57,60.65,42930.0
2026-03-27 13:40:00,60.65,60.8101,60.65,60.78,72701.0
2026-03-27 13:45:00,60.79,60.795,60.67,60.78,163311.0
2026-03-27 13:50:00,60.8,60.85,60.76,60.805,21478.0
2026-03-27 13:55:00,60.8,60.92,60.78,60.8601,79300.0
2026-03-27 14:00:00,60.87,60.95,60.84,60.9401,26713.0
2026-03-27 14:05:00,60.94,61.08,60.88,61.075,82135.0
2026-03-27 14:10:00,61.08,61.145,61.02,61.06,73035.0
2026-03-27 14:15:00,61.055,61.09,60.88,60.88,176099.0
2026-03-27 14:20:00,60.88,61.02,60.83,60.99,76428.0
2026-03-27 14:25:00,60.995,61.03,60.89,60.97,95595.0
2026-03-27 14:30:00,60.98,61.025,60.93,60.96,133094.0
2026-03-27 14:35:00,60.96,61.04,60.8902,60.975,38403.0
2026-03-27 14:40:00,60.97,61.05,60.72,60.91,132064.0
2026-03-27 14:45:00,60.92,61.0099,60.87,61.0,83349.0
2026-03-27 14:50:00,61.01,61.13,60.96,61.09,70759.0
2026-03-27 14:55:00,61.09,61.12,61.04,61.08,61862.0
2026-03-27 15:00:00,61.06,61.255,61.0,61.24,158840.0
2026-03-27 15:05:00,61.225,61.3,61.2,61.255,95311.0
2026-03-27 15:10:00,61.26,61.31,61.14,61.17,69865.0
2026-03-27 15:15:00,61.18,61.18,61.02,61.09,101590.0
2026-03-27 15:20:00,61.07,61.21,61.07,61.14,77782.0
2026-03-27 15:25:00,61.1611,61.26,61.16,61.215,92650.0
2026-03-27 15:30:00,61.21,61.25,61.09,61.095,120105.0
2026-03-27 15:35:00,61.09,61.235,61.09,61.215,85147.0
2026-03-27 15:40:00,61.235,61.435,61.23,61.41,139886.0
2026-03-27 15:45:00,61.41,61.64,61.4,61.48,340112.0
2026-03-27 15:50:00,61.49,61.68,61.36,61.43,331346.0
2026-03-27 15:55:00,61.42,61.43,61.13,61.43,495824.0
2026-03-27 16:00:00,61.42,61.65,61.35,61.54,34483.0
2026-03-27 16:05:00,61.59,61.59,61.51,61.58,2122.0
2026-03-27 16:10:00,61.55,61.63,61.55,61.61,3439.0
2026-03-27 16:15:00,61.6,61.76,61.6,61.72,6849.0
2026-03-27 16:20:00,61.7727,61.95,61.76,61.79,8306.0
2026-03-27 16:25:00,61.77,61.8205,61.73,61.73,9682.0
2026-03-27 16:30:00,61.71,61.82,61.701,61.82,4085.0
2026-03-27 16:35:00,61.77,61.77,61.7,61.7394,640.0
2026-03-27 16:40:00,61.76,61.76,61.65,61.73,11480.0
2026-03-27 16:45:00,61.75,61.75,61.65,61.65,9616.0
2026-03-27 16:50:00,61.66,61.66,61.64,61.66,993.0
2026-03-27 16:55:00,61.61,61.69,61.61,61.69,882.0
2026-03-27 17:05:00,61.6657,61.6657,61.6657,61.6657,1000.0
2026-03-27 17:10:00,61.66,61.66,61.65,61.65,3030.0
2026-03-27 17:15:00,61.7186,61.7186,61.69,61.69,329.0
2026-03-27 17:35:00,61.68,61.68,61.68,61.68,384.0
2026-03-27 17:40:00,61.68,61.82,61.68,61.82,920.0
2026-03-27 17:45:00,61.68,61.68,61.59,61.59,1036.0
2026-03-27 17:50:00,61.64,61.71,61.64,61.71,2100.0
2026-03-27 17:55:00,61.7588,61.8242,61.7588,61.8242,500.0
2026-03-27 18:00:00,61.65,61.68,61.5669,61.65,3750.0
2026-03-27 18:05:00,61.69,61.69,61.65,61.65,1956.0
2026-03-27 18:10:00,61.63,61.71,61.63,61.71,563.0
2026-03-27 18:20:00,61.7168,61.7394,61.7168,61.7394,200.0
2026-03-27 18:25:00,61.68,61.73,61.68,61.73,312.0
2026-03-27 18:30:00,61.72,61.735,61.66,61.66,429.0
2026-03-27 18:35:00,61.698,61.698,61.66,61.66,496.0
2026-03-27 18:40:00,61.68,61.68,61.65,61.65,1720.0
2026-03-27 18:45:00,61.69,61.69,61.69,61.69,968.0
2026-03-27 18:50:00,61.69,61.7,61.69,61.69,2265.0
2026-03-27 18:55:00,61.74,61.7805,61.74,61.7805,660.0
2026-03-27 19:15:00,61.78,61.78,61.78,61.78,100.0
2026-03-27 19:25:00,61.85,61.85,61.85,61.85,196.0
2026-03-27 19:30:00,61.85,61.85,61.7695,61.7695,850.0
2026-03-27 19:35:00,61.84,61.85,61.84,61.85,398.0
2026-03-27 19:40:00,61.85,61.85,61.8442,61.8442,200.0
2026-03-27 19:45:00,61.8,61.8,61.8,61.8,380.0
2026-03-27 19:50:00,61.7695,61.7898,61.7695,61.7898,300.0
2026-03-27 19:55:00,61.7981,61.82,61.75,61.7943,4106.0
2026-03-30 04:00:00,60.66,61.56,60.63,60.76,37608
2026-03-30 04:05:00,60.64,60.74,60.57,60.68,9798
2026-03-30 04:10:00,60.58,60.59,60.5004,60.5004,4690
2026-03-30 04:15:00,60.52,60.52,60.45,60.5,3326
2026-03-30 04:20:00,60.49,60.54,60.46,60.54,3888
2026-03-30 04:25:00,60.57,60.57,60.57,60.57,100
2026-03-30 04:30:00,60.5,60.5,60.38,60.38,2380
2026-03-30 04:35:00,60.52,60.53,60.36,60.39,2038
2026-03-30 04:45:00,60.5,60.5,60.4104,60.4104,1250
2026-03-30 04:50:00,60.39,60.4296,60.39,60.42,1425
2026-03-30 04:55:00,60.45,60.45,60.35,60.35,1567
2026-03-30 05:00:00,60.34,60.41,60.34,60.41,1100
2026-03-30 05:15:00,60.62,60.7,60.43,60.59,12190
2026-03-30 05:20:00,60.58,60.67,60.56,60.56,2863
2026-03-30 05:25:00,60.58,60.61,60.58,60.61,6338
2026-03-30 05:35:00,60.75,60.75,60.55,60.55,1845
2026-03-30 05:40:00,60.61,60.61,60.61,60.61,300
2026-03-30 05:45:00,60.64,60.64,60.64,60.64,300
2026-03-30 05:55:00,60.69,60.69,60.69,60.69,150
2026-03-30 06:00:00,60.63,60.6796,60.63,60.66,1850
2026-03-30 06:05:00,60.55,60.55,60.55,60.55,163
2026-03-30 06:25:00,60.53,60.53,60.53,60.53,399
2026-03-30 06:30:00,60.6,60.6,60.6,60.6,100
2026-03-30 06:35:00,60.68,60.68,60.68,60.68,100
2026-03-30 06:40:00,60.68,60.71,60.68,60.7,663
2026-03-30 06:45:00,60.64,60.64,60.6,60.6,1125
2026-03-30 06:50:00,60.5,60.5,60.4727,60.4727,200
2026-03-30 06:55:00,60.55,60.55,60.5,60.52,300
2026-03-30 07:00:00,60.48,60.48,60.36,60.45,3063
2026-03-30 07:05:00,60.45,60.45,60.37,60.387,2100
2026-03-30 07:10:00,60.4034,60.449,60.4034,60.42,7361
2026-03-30 07:15:00,60.4001,60.45,60.22,60.22,6136
2026-03-30 07:20:00,60.24,60.2508,60.15,60.18,6839
2026-03-30 07:25:00,60.19,60.32,59.39,60.0,95938
2026-03-30 07:30:00,60.08,60.2,60.08,60.2,4704
2026-03-30 07:35:00,60.2174,60.2174,60.09,60.19,5762
2026-03-30 07:40:00,60.18,60.25,60.169,60.1968,3597
2026-03-30 07:45:00,60.22,60.22,60.16,60.16,3920
2026-03-30 07:50:00,60.15,60.23,60.0991,60.21,2128
2026-03-30 07:55:00,60.175,60.33,60.175,60.27,6483
2026-03-30 08:00:00,60.2391,60.42,60.2391,60.35,6135
2026-03-30 08:05:00,60.2,60.2426,60.18,60.18,1636
2026-03-30 08:10:00,60.23,60.23,60.19,60.19,730
2026-03-30 08:15:00,60.18,60.18,60.0374,60.05,3913
2026-03-30 08:20:00,60.079,60.1,59.94,59.94,13535
2026-03-30 08:25:00,59.9502,59.9502,59.89,59.92,3351
2026-03-30 08:30:00,59.86,59.86,59.8,59.85,2863
2026-03-30 08:35:00,59.86,59.87,59.8398,59.84,3772
2026-03-30 08:40:00,59.87,59.8728,59.83,59.86,600
2026-03-30 08:45:00,59.87,59.89,59.8401,59.87,12086
2026-03-30 08:50:00,59.98,59.98,59.9199,59.9199,14700
2026-03-30 08:55:00,59.9087,59.9087,59.85,59.88,1900
2026-03-30 09:00:00,59.8,59.879,59.7355,59.879,7736
2026-03-30 09:05:00,59.86,60.0126,59.86,60.0126,4201
2026-03-30 09:10:00,60.01,60.01,59.8849,59.8849,5699
2026-03-30 09:15:00,59.84,59.8888,59.8,59.85,4026
2026-03-30 09:20:00,59.8,59.8,59.76,59.77,3799
2026-03-30 09:25:00,59.74,59.79,59.73,59.74,3626
2026-03-30 09:30:00,59.73,60.1,59.65,60.08,411991
2026-03-30 09:35:00,60.07,60.39,60.0598,60.335,227793
2026-03-30 09:40:00,60.36,60.68,60.36,60.57,186113
2026-03-30 09:45:00,60.57,60.915,60.49,60.89,165101
2026-03-30 09:50:00,60.89,60.99,60.7297,60.98,121392
2026-03-30 09:55:00,60.985,61.29,60.97,61.185,146890
2026-03-30 10:00:00,61.19,61.19,60.83,60.8899,103674
2026-03-30 10:05:00,60.885,61.14,60.86,60.86,80649
2026-03-30 10:10:00,60.87,60.98,60.68,60.76,87499
2026-03-30 10:15:00,60.76,61.08,60.73,60.95,105612
2026-03-30 10:20:00,60.955,60.99,60.81,60.82,86271
2026-03-30 10:25:00,60.82,61.02,60.762,60.955,153360
2026-03-30 10:30:00,60.96,60.965,60.76,60.925,87185
2026-03-30 10:35:00,60.91,61.13,60.88,60.96,88443
2026-03-30 10:40:00,60.95,61.275,60.84,61.215,72849
2026-03-30 10:45:00,61.24,61.28,60.64,60.98,224275
2026-03-30 10:50:00,60.94,61.0579,60.8099,60.87,57666
2026-03-30 10:55:00,60.84,60.94,60.46,60.48,63052
2026-03-30 11:00:00,60.46,60.46,60.23,60.23,163111
2026-03-30 11:05:00,60.22,60.72,60.11,60.66,83411
2026-03-30 11:10:00,60.62,60.79,60.565,60.742,51614
2026-03-30 11:15:00,60.76,61.04,60.76,60.795,58413
2026-03-30 11:20:00,60.79,60.85,60.67,60.69,48033
2026-03-30 11:25:00,60.68,60.8,60.6,60.78,42775
2026-03-30 11:30:00,60.78,60.9,60.44,60.46,71875
2026-03-30 11:35:00,60.45,60.53,60.29,60.48,51288
2026-03-30 11:40:00,60.51,60.54,60.31,60.325,51323
2026-03-30 11:45:00,60.32,60.47,60.31,60.4,40988
2026-03-30 11:50:00,60.36,60.38,60.2,60.34,58641
2026-03-30 11:55:00,60.36,60.56,60.36,60.52,68633
2026-03-30 12:00:00,60.52,60.85,60.505,60.8402,50118
2026-03-30 12:05:00,60.83,60.88,60.735,60.82,56318
2026-03-30 12:10:00,60.83,60.83,60.66,60.72,51900
2026-03-30 12:15:00,60.71,60.91,60.71,60.845,62627
2026-03-30 12:20:00,60.86,61.015,60.79,60.97,34918
2026-03-30 12:25:00,60.97,61.14,60.9499,61.11,27645
2026-03-30 12:30:00,61.15,61.16,60.98,61.03,87405
2026-03-30 12:35:00,61.03,61.09,60.91,60.9501,82146
2026-03-30 12:40:00,60.99,61.06,60.96,61.05,16808
2026-03-30 12:45:00,61.05,61.12,61.01,61.1,24677
2026-03-30 12:50:00,61.1,61.14,60.98,61.1399,26904
2026-03-30 12:55:00,61.14,61.2,61.095,61.095,46989
2026-03-30 13:00:00,61.085,61.245,60.96,61.24,76451
2026-03-30 13:05:00,61.24,61.25,61.02,61.08,37072
2026-03-30 13:10:00,61.09,61.35,61.09,61.33,130686
2026-03-30 13:15:00,61.33,61.55,61.28,61.4699,69120
2026-03-30 13:20:00,61.4899,61.64,61.42,61.6,73201
2026-03-30 13:25:00,61.589,61.72,61.53,61.67,142533
2026-03-30 13:30:00,61.65,61.83,61.65,61.82,51176
2026-03-30 13:35:00,61.81,61.86,61.5901,61.6,204689
2026-03-30 13:40:00,61.6,61.65,61.4,61.4,62402
2026-03-30 13:45:00,61.43,61.6,61.32,61.6,160039
2026-03-30 13:50:00,61.58,61.66,61.56,61.64,52893
2026-03-30 13:55:00,61.63,61.72,61.61,61.62,42616
2026-03-30 14:00:00,61.61,61.71,61.57,61.67,47096
2026-03-30 14:05:00,61.69,61.82,61.6101,61.8,42818
2026-03-30 14:10:00,61.805,61.82,61.69,61.71,34654
2026-03-30 14:15:00,61.71,61.79,61.63,61.65,51734
2026-03-30 14:20:00,61.66,61.775,61.6,61.775,36236
2026-03-30 14:25:00,61.78,61.99,61.78,61.985,76360
2026-03-30 14:30:00,61.97,61.995,61.87,61.9,48475
2026-03-30 14:35:00,61.88,61.9114,61.735,61.9099,50817
2026-03-30 14:40:00,61.91,61.95,61.87,61.94,30520
2026-03-30 14:45:00,61.91,62.005,61.85,61.985,82388
2026-03-30 14:50:00,62.0,62.16,61.98,62.11,86969
2026-03-30 14:55:00,62.11,62.219,62.07,62.13,249964
2026-03-30 15:00:00,62.12,62.24,62.09,62.21,57447
2026-03-30 15:05:00,62.23,62.52,62.23,62.515,62671
2026-03-30 15:10:00,62.52,62.755,62.495,62.66,143641
2026-03-30 15:15:00,62.66,62.665,62.55,62.64,76017
2026-03-30 15:20:00,62.62,62.7199,62.57,62.69,51011
2026-03-30 15:25:00,62.7,62.85,62.68,62.775,93664
2026-03-30 15:30:00,62.76,62.822,62.64,62.81,73590
2026-03-30 15:35:00,62.81,62.81,62.4501,62.5899,96050
2026-03-30 15:40:00,62.58,62.5809,62.34,62.44,73255
2026-03-30 15:45:00,62.45,62.45,62.23,62.34,108243
2026-03-30 15:50:00,62.33,62.42,62.04,62.06,244292
2026-03-30 15:55:00,62.055,62.21,61.89,62.05,356644
2026-03-30 16:00:00,62.07,62.26,62.05,62.22,20011
2026-03-30 16:05:00,62.1926,62.35,62.15,62.3399,6787
2026-03-30 16:10:00,62.32,62.36,62.299,62.35,3966
2026-03-30 16:15:00,62.3297,62.3297,62.2798,62.2798,725
2026-03-30 16:20:00,62.28,62.32,62.28,62.32,1590
2026-03-30 16:25:00,62.31,62.3174,62.2603,62.2603,1875
2026-03-30 16:35:00,62.3028,62.3028,62.2892,62.2892,450
2026-03-30 16:40:00,62.25,62.27,62.25,62.27,4088
2026-03-30 16:45:00,62.23,62.25,62.23,62.25,1849
2026-03-30 16:50:00,62.2492,62.2701,62.23,62.2701,7128
2026-03-30 16:55:00,62.23,62.24,62.2,62.2,500
2026-03-30 17:00:00,62.2,62.2,62.1993,62.1993,1470
2026-03-30 17:05:00,62.1235,62.1235,62.1235,62.1235,1808
2026-03-30 17:10:00,62.15,62.1798,62.15,62.1798,510
2026-03-30 17:15:00,62.2353,62.2353,62.17,62.17,1100
2026-03-30 17:30:00,62.21,62.21,62.21,62.21,639
2026-03-30 17:40:00,62.15,62.15,62.15,62.15,175
2026-03-30 17:55:00,62.16,62.2,62.16,62.2,511
2026-03-30 18:00:00,62.13,62.13,61.931,61.931,7024
2026-03-30 18:05:00,61.97,62.06,61.96,62.06,1500
2026-03-30 18:10:00,62.11,62.12,62.1,62.1,1500
2026-03-30 18:15:00,62.1,62.1,62.03,62.0981,4950
2026-03-30 18:20:00,62.07,62.07,62.07,62.07,200
2026-03-30 18:25:00,62.04,62.07,62.04,62.07,1050
2026-03-30 18:30:00,62.09,62.09,62.09,62.09,250
2026-03-30 18:40:00,62.1,62.1,62.1,62.1,250
2026-03-30 18:45:00,62.1499,62.1499,62.1499,62.1499,8589
2026-03-30 18:50:00,62.0861,62.0861,62.0861,62.0861,500
2026-03-30 19:00:00,62.22,62.3,62.22,62.3,6205
2026-03-30 19:05:00,62.39,62.64,62.34,62.64,7100
2026-03-30 19:10:00,62.4906,62.5787,62.4805,62.55,8890
2026-03-30 19:15:00,62.5,62.5,62.5,62.5,100
2026-03-30 19:20:00,62.45,62.4588,62.4,62.4588,1656
2026-03-30 19:25:00,62.44,62.45,62.44,62.45,1000
2026-03-30 19:30:00,62.54,62.5761,62.54,62.5761,2100
2026-03-30 19:35:00,62.5948,62.5948,62.5948,62.5948,100
2026-03-30 19:40:00,62.55,62.57,62.55,62.5594,1461
2026-03-30 19:45:00,62.5961,62.6,62.5961,62.6,200
2026-03-30 19:50:00,62.52,62.5644,62.52,62.5644,1209
2026-03-30 19:55:00,62.59,62.59,62.54,62.5422,1222
2026-03-31 04:00:00,60.09,61.02,60.09,60.09,64915
2026-03-31 04:05:00,60.13,60.15,60.12,60.12,1210
2026-03-31 04:10:00,60.3196,60.39,60.31,60.39,2923
2026-03-31 04:15:00,60.25,60.25,60.25,60.25,100
2026-03-31 04:20:00,60.33,60.33,60.33,60.33,562
2026-03-31 04:30:00,60.5,60.5,60.46,60.4904,1156
2026-03-31 04:35:00,60.4296,60.4296,60.4296,60.4296,100
2026-03-31 04:40:00,60.57,60.58,60.53,60.54,896
2026-03-31 04:45:00,60.5726,60.5726,60.49,60.49,570
2026-03-31 04:50:00,60.46,60.65,60.46,60.63,6643
2026-03-31 04:55:00,60.5,60.6,60.5,60.6,300
2026-03-31 05:05:00,60.41,60.41,60.41,60.41,305
2026-03-31 05:20:00,60.31,60.31,60.31,60.31,116
2026-03-31 05:35:00,60.43,60.43,60.43,60.43,400
2026-03-31 05:40:00,60.49,60.49,60.49,60.49,129
2026-03-31 05:45:00,60.5796,60.5796,60.56,60.56,290
2026-03-31 05:50:00,60.43,60.5,60.4196,60.5,400
2026-03-31 05:55:00,60.6296,60.6896,60.6296,60.6896,400
2026-03-31 06:00:00,60.48,60.48,60.47,60.47,2070
2026-03-31 06:05:00,60.43,60.43,60.43,60.43,100
2026-03-31 06:10:00,60.45,60.45,60.44,60.44,800
2026-03-31 06:15:00,60.55,60.55,60.55,60.55,400
2026-03-31 06:20:00,60.61,60.61,60.53,60.53,200
2026-03-31 06:25:00,60.6,60.6096,60.54,60.54,300
2026-03-31 06:30:00,60.64,60.64,60.64,60.64,100
2026-03-31 06:35:00,60.68,60.93,60.68,60.93,1500
2026-03-31 06:40:00,60.95,61.0,60.95,61.0,2114
2026-03-31 06:45:00,60.96,60.97,60.96,60.97,1773
2026-03-31 06:50:00,60.7925,60.7925,60.7925,60.7925,100
2026-03-31 06:55:00,60.7496,60.7496,60.65,60.65,3828
2026-03-31 07:00:00,60.68,60.78,60.59,60.59,4225
2026-03-31 07:05:00,60.6108,60.6849,60.6,60.66,4270
2026-03-31 07:10:00,60.69,60.71,59.8,60.28,27474
2026-03-31 07:15:00,60.27,60.32,59.94,60.26,26175
2026-03-31 07:20:00,60.23,60.3,60.15,60.19,11732
2026-03-31 07:25:00,60.16,60.2,60.06,60.2,7024
2026-03-31 07:30:00,60.24,60.389,60.23,60.298,3350
2026-03-31 07:35:00,60.34,60.4,60.1945,60.1945,5164
2026-03-31 07:40:00,60.21,60.21,60.05,60.05,1930
2026-03-31 07:45:00,60.09,60.33,60.0562,60.22,4599
2026-03-31 07:50:00,60.211,60.32,60.21,60.2506,6178
2026-03-31 07:55:00,60.22,60.2307,60.2,60.2,3866
2026-03-31 08:00:00,60.1282,60.1282,60.0,60.03,10222
2026-03-31 08:05:00,60.09,60.14,59.7,59.82,15403
2026-03-31 08:10:00,59.91,60.48,59.91,60.48,9630
2026-03-31 08:15:00,60.48,60.5884,60.01,60.01,13243
2026-03-31 08:20:00,60.1005,60.2891,60.1,60.2891,7733
2026-03-31 08:25:00,60.27,60.27,59.86,59.96,22801
2026-03-31 08:30:00,59.9795,60.03,59.89,59.9,7638
2026-03-31 08:35:00,59.83,59.9,59.75,59.8994,21098
2026-03-31 08:40:00,59.8787,59.8972,59.77,59.789,12046
2026-03-31 08:45:00,59.78,59.9534,59.77,59.91,3555
2026-03-31 08:50:00,59.9494,59.9494,59.85,59.86,5612
2026-03-31 08:55:00,59.89,60.1296,59.89,60.11,9476
2026-03-31 09:00:00,60.11,60.23,60.06,60.23,7972
2026-03-31 09:05:00,60.17,60.17,60.05,60.05,3861
2026-03-31 09:10:00,60.03,60.0826,59.99,60.039,4472
2026-03-31 09:15:00,60.0613,60.07,59.93,59.93,2561
2026-03-31 09:20:00,59.8997,59.9909,59.8997,59.99,1471
2026-03-31 09:25:00,60.0074,60.08,60.0074,60.05,8719
2026-03-31 09:30:00,60.05,60.23,59.81,59.815,411823
2026-03-31 09:35:00,59.83,60.09,59.77,59.78,340437
2026-03-31 09:40:00,59.79,59.99,59.59,59.96,221833
2026-03-31 09:45:00,59.95,59.95,59.19,59.2,392799
2026-03-31 09:50:00,59.2,59.35,59.0001,59.04,192142
2026-03-31 09:55:00,59.05,59.32,58.94,58.96,321008
2026-03-31 10:00:00,58.97,59.13,58.87,59.035,307632
2026-03-31 10:05:00,59.04,59.41,59.04,59.38,244830
2026-03-31 10:10:00,59.355,59.395,59.17,59.29,81084
2026-03-31 10:15:00,59.3,59.44,59.06,59.15,112160
2026-03-31 10:20:00,59.16,59.47,59.03,59.07,83319
2026-03-31 10:25:00,59.1,59.2,58.95,59.01,81030
2026-03-31 10:30:00,59.0,59.185,58.96,59.06,104850
2026-03-31 10:35:00,59.07,59.48,59.03,59.44,100548
2026-03-31 10:40:00,59.422,59.74,59.31,59.67,170031
2026-03-31 10:45:00,59.67,59.925,59.63,59.91,82268
2026-03-31 10:50:00,59.92,60.17,59.8892,60.13,98354
2026-03-31 10:55:00,60.16,60.33,60.1,60.12,131437
2026-03-31 11:00:00,60.125,60.125,59.69,59.75,135866
2026-03-31 11:05:00,59.76,59.76,59.38,59.57,144308
2026-03-31 11:10:00,59.57,59.64,59.14,59.15,181561
2026-03-31 11:15:00,59.16,59.29,59.08,59.22,76837
2026-03-31 11:20:00,59.23,59.46,59.215,59.23,114461
2026-03-31 11:25:00,59.23,59.57,59.185,59.525,151006
2026-03-31 11:30:00,59.53,59.755,59.52,59.55,141650
2026-03-31 11:35:00,59.49,59.5,59.365,59.4599,65111
2026-03-31 11:40:00,59.46,59.56,59.43,59.51,47405
2026-03-31 11:45:00,59.53,59.7,59.53,59.61,82602
2026-03-31 11:50:00,59.62,59.665,59.4,59.55,59963
2026-03-31 11:55:00,59.55,59.82,59.51,59.82,44921
2026-03-31 12:00:00,59.821,59.87,59.4,59.56,71321
2026-03-31 12:05:00,59.565,59.565,59.26,59.33,55047
2026-03-31 12:10:00,59.33,59.6099,59.325,59.36,80762
2026-03-31 12:15:00,59.36,59.36,59.18,59.2999,120852
2026-03-31 12:20:00,59.285,59.32,59.02,59.02,187087
2026-03-31 12:25:00,59.02,59.1697,58.97,59.12,326495
2026-03-31 12:30:00,59.12,59.235,59.12,59.16,81373
2026-03-31 12:35:00,59.19,59.25,58.29,58.31,405730
2026-03-31 12:40:00,58.33,58.34,56.95,57.64,1644548
2026-03-31 12:45:00,57.65,58.28,57.4,57.88,583729
2026-03-31 12:50:00,57.89,58.21,57.44,57.875,290895
2026-03-31 12:55:00,57.889,58.11,57.76,57.78,146367
2026-03-31 13:00:00,57.77,57.78,57.23,57.37,234218
2026-03-31 13:05:00,57.36,57.92,57.3499,57.84,231749
2026-03-31 13:10:00,57.83,57.87,57.515,57.54,211505
2026-03-31 13:15:00,57.54,57.54,57.24,57.3,131394
2026-03-31 13:20:00,57.285,57.48,57.28,57.43,177265
2026-03-31 13:25:00,57.42,57.74,57.405,57.68,166865
2026-03-31 13:30:00,57.68,57.69,57.31,57.34,180232
2026-03-31 13:35:00,57.34,57.9,57.265,57.73,320836
2026-03-31 13:40:00,57.7294,57.88,57.56,57.76,150318
2026-03-31 13:45:00,57.77,57.83,57.525,57.635,230798
2026-03-31 13:50:00,57.625,57.7,57.54,57.62,131389
2026-03-31 13:55:00,57.63,57.93,57.62,57.85,148780
2026-03-31 14:00:00,57.82,57.835,57.51,57.675,250299
2026-03-31 14:05:00,57.67,57.68,57.42,57.475,94060
2026-03-31 14:10:00,57.475,57.7099,57.475,57.54,63973
2026-03-31 14:15:00,57.54,57.54,57.35,57.44,104729
2026-03-31 14:20:00,57.425,57.615,57.42,57.6,84242
2026-03-31 14:25:00,57.59,57.685,57.33,57.4601,147657
2026-03-31 14:30:00,57.48,57.61,57.43,57.51,106251
2026-03-31 14:35:00,57.515,57.55,57.2,57.295,104008
2026-03-31 14:40:00,57.32,57.48,57.31,57.3922,105303
2026-03-31 14:45:00,57.385,57.4,57.18,57.2999,94040
2026-03-31 14:50:00,57.28,57.28,57.135,57.18,41258
2026-03-31 14:55:00,57.19,57.225,57.14,57.185,41756
2026-03-31 15:00:00,57.195,57.2,57.04,57.13,100260
2026-03-31 15:05:00,57.11,57.37,57.11,57.28,108346
2026-03-31 15:10:00,57.29,57.3,57.03,57.06,89532
2026-03-31 15:15:00,57.04,57.09,56.9,57.01,125995
2026-03-31 15:20:00,57.01,57.0399,56.825,56.91,147394
2026-03-31 15:25:00,56.905,57.04,56.9,56.98,90165
2026-03-31 15:30:00,56.97,56.99,56.8,56.885,190341
2026-03-31 15:35:00,56.89,56.89,56.6266,56.66,187223
2026-03-31 15:40:00,56.67,56.84,56.63,56.75,167694
2026-03-31 15:45:00,56.75,56.8,56.495,56.545,274126
2026-03-31 15:50:00,56.54,56.88,56.355,56.8099,517510
2026-03-31 15:55:00,56.81,57.0,56.585,56.72,907890
2026-03-31 16:00:00,56.74,56.8909,56.65,56.88,64773
2026-03-31 16:05:00,56.87,56.87,56.68,56.68,10348
2026-03-31 16:10:00,56.72,56.76,56.65,56.7,10025
2026-03-31 16:15:00,56.68,56.68,56.59,56.6,4423
2026-03-31 16:20:00,56.55,56.61,56.55,56.6,19989
2026-03-31 16:25:00,56.58,56.6394,56.58,56.61,3921
2026-03-31 16:30:00,56.56,56.61,56.56,56.6,878
2026-03-31 16:35:00,56.6,56.7,56.6,56.68,1444
2026-03-31 16:40:00,56.69,56.79,56.69,56.79,5011
2026-03-31 16:45:00,56.75,56.76,56.7382,56.7382,2576
2026-03-31 16:50:00,56.75,56.75,56.7192,56.75,7710
2026-03-31 16:55:00,56.74,56.78,56.74,56.78,1400
2026-03-31 17:00:00,56.79,56.8,56.76,56.8,1101
2026-03-31 17:10:00,56.81,56.81,56.74,56.74,5724
2026-03-31 17:15:00,56.761,56.761,56.761,56.761,500
2026-03-31 17:20:00,56.8805,56.8805,56.8805,56.8805,170
2026-03-31 17:25:00,56.83,56.83,56.83,56.83,375
2026-03-31 17:30:00,56.76,56.76,56.76,56.76,500
2026-03-31 17:40:00,56.85,56.85,56.85,56.85,100
2026-03-31 17:50:00,56.8,56.8281,56.8,56.82,1360
2026-03-31 17:55:00,56.85,56.85,56.85,56.85,1090
2026-03-31 18:00:00,56.89,56.9,56.64,56.6905,3472
2026-03-31 18:05:00,56.7104,56.81,56.68,56.7927,6030
2026-03-31 18:10:00,56.84,56.84,56.5691,56.5874,5481
2026-03-31 18:15:00,56.6006,56.65,56.5907,56.62,9504
2026-03-31 18:20:00,56.64,56.6686,56.55,56.6224,4910
2026-03-31 18:25:00,56.61,56.61,56.61,56.61,125
2026-03-31 18:30:00,56.611,56.7,56.6,56.6908,4088
2026-03-31 18:35:00,56.72,56.74,56.7,56.7,3988
2026-03-31 18:40:00,56.61,56.61,56.61,56.61,925
2026-03-31 18:45:00,56.66,56.6639,56.66,56.6639,700
2026-03-31 18:50:00,56.69,56.69,56.6824,56.6824,400
2026-03-31 18:55:00,56.64,56.6609,56.64,56.6609,620
2026-03-31 19:00:00,56.65,56.65,56.65,56.65,3459
2026-03-31 19:05:00,56.67,56.69,56.67,56.69,1706
2026-03-31 19:10:00,56.6801,56.7,56.6801,56.6809,1800
2026-03-31 19:15:00,56.61,56.65,56.61,56.6406,3108
2026-03-31 19:20:00,56.64,56.64,56.64,56.64,200
2026-03-31 19:25:00,56.649,56.649,56.649,56.649,250
2026-03-31 19:30:00,56.56,56.57,56.4611,56.4611,4495
2026-03-31 19:35:00,56.45,56.46,56.3,56.3,15404
2026-03-31 19:40:00,56.32,56.48,56.32,56.48,5195
2026-03-31 19:45:00,56.48,56.5,56.4303,56.4303,1800
2026-03-31 19:50:00,56.43,56.43,56.2847,56.31,12200
2026-04-01 04:00:00,56.03,56.45,55.36,55.89,61015
2026-04-01 04:05:00,55.89,56.08,55.89,56.08,6319
2026-04-01 04:10:00,56.13,56.15,56.0604,56.08,3710
2026-04-01 04:15:00,56.08,56.14,56.0,56.0,2600
2026-04-01 04:20:00,55.93,55.93,55.88,55.88,856
2026-04-01 04:25:00,55.82,55.93,55.75,55.89,1914
2026-04-01 04:30:00,55.86,55.86,55.8,55.8,14880
2026-04-01 04:35:00,55.84,55.89,55.81,55.81,2452
2026-04-01 04:40:00,55.8,55.86,55.8,55.82,850
2026-04-01 04:45:00,55.8,55.81,55.8,55.81,3550
2026-04-01 04:50:00,55.78,56.16,55.77,55.88,48495
2026-04-01 04:55:00,55.9096,55.99,55.81,55.91,6912
2026-04-01 05:00:00,55.96,55.96,55.82,55.93,4290
2026-04-01 05:05:00,55.93,56.06,55.93,56.05,2227
2026-04-01 05:10:00,56.14,56.15,56.0404,56.0404,2000
2026-04-01 05:15:00,56.1,56.16,56.1,56.16,700
2026-04-01 05:20:00,56.21,56.28,56.21,56.27,3454
2026-04-01 05:25:00,56.17,56.17,56.14,56.14,350
2026-04-01 05:30:00,56.05,56.0613,56.04,56.0613,1890
2026-04-01 05:35:00,55.99,55.99,55.95,55.95,200
2026-04-01 05:40:00,56.0,56.0,56.0,56.0,600
2026-04-01 05:45:00,55.9313,55.9313,55.89,55.89,600
2026-04-01 05:50:00,55.8,55.8,55.79,55.8,3970
2026-04-01 05:55:00,55.89,55.92,55.77,55.84,4122
2026-04-01 06:00:00,55.87,55.93,55.8,55.93,8297
2026-04-01 06:05:00,55.94,55.94,55.8696,55.8696,2222
2026-04-01 06:10:00,55.95,55.96,55.9007,55.9007,5284
2026-04-01 06:25:00,55.9,55.94,55.87,55.87,17770
2026-04-01 06:45:00,55.66,55.66,55.54,55.58,5775
2026-04-01 06:50:00,55.51,55.56,55.51,55.55,3100
2026-04-01 06:55:00,55.65,55.65,55.51,55.51,2850
2026-04-01 07:00:00,55.53,55.55,55.44,55.45,24385
2026-04-01 07:05:00,55.45,55.48,55.423,55.43,7070
2026-04-01 07:10:00,55.46,55.48,55.4,55.4,6217
2026-04-01 07:15:00,55.3874,55.4369,55.3601,55.361,4800
2026-04-01 07:20:00,55.35,55.43,55.35,55.39,4700
2026-04-01 07:25:00,55.39,55.4009,55.33,55.4009,7081
2026-04-01 07:30:00,55.39,55.39,55.35,55.35,13687
2026-04-01 07:35:00,55.32,55.34,55.23,55.247,9047
2026-04-01 07:40:00,55.2474,55.35,55.23,55.3,5848
2026-04-01 07:45:00,55.3126,55.32,55.307,55.32,999
2026-04-01 07:50:00,55.27,55.27,55.2,55.247,3672
2026-04-01 07:55:00,55.2,55.23,55.16,55.23,8299
2026-04-01 08:00:00,55.23,55.3,55.2107,55.2899,9745
2026-04-01 08:05:00,55.2896,55.35,55.2185,55.34,11572
2026-04-01 08:10:00,55.3698,55.41,55.34,55.41,11057
2026-04-01 08:15:00,55.4,55.4109,55.391,55.41,3550
2026-04-01 08:20:00,55.45,55.58,55.44,55.53,30853
2026-04-01 08:25:00,55.53,55.68,55.52,55.6,11598
2026-04-01 08:30:00,55.5,55.64,55.47,55.63,2737
2026-04-01 08:35:00,55.5874,55.83,55.5874,55.72,3142
2026-04-01 08:40:00,55.6915,55.76,54.88,55.31,155986
2026-04-01 08:45:00,55.34,55.91,54.99,55.9,194261
2026-04-01 08:50:00,55.789,56.0351,55.789,56.0351,16950
2026-04-01 08:55:00,56.1,56.12,55.95,56.05,13340
2026-04-01 09:00:00,56.07,56.16,56.07,56.1403,3528
2026-04-01 09:05:00,56.15,56.1826,56.11,56.14,7259
2026-04-01 09:10:00,56.03,56.07,55.9,56.02,14100
2026-04-01 09:15:00,56.03,56.03,55.89,55.89,1000
2026-04-01 09:20:00,55.86,56.05,55.86,55.92,9664
2026-04-01 09:25:00,55.89,55.98,55.8,55.8,16751
2026-04-01 09:30:00,55.79,55.88,55.39,55.52,423553
2026-04-01 09:35:00,55.5,55.6,55.23,55.26,154897
2026-04-01 09:40:00,55.27,55.925,55.27,55.76,277416
2026-04-01 09:45:00,55.77,56.02,55.63,55.96,186548
2026-04-01 09:50:00,55.95,56.0,55.54,55.76,154686
2026-04-01 09:55:00,55.78,55.84,55.61,55.675,87426
2026-04-01 10:00:00,55.67,55.77,55.45,55.59,103000
2026-04-01 10:05:00,55.57,55.76,55.43,55.555,88602
2026-04-01 10:10:00,55.55,55.75,55.52,55.6,122173
2026-04-01 10:15:00,55.62,55.69,55.49,55.56,73601
2026-04-01 10:20:00,55.55,55.69,55.37,55.58,176533
2026-04-01 10:25:00,55.6,55.66,55.48,55.49,106407
2026-04-01 10:30:00,55.47,55.64,55.33,55.63,166412
2026-04-01 10:35:00,55.63,55.83,55.15,55.37,259237
2026-04-01 10:40:00,55.37,55.61,55.23,55.32,223382
2026-04-01 10:45:00,55.33,55.48,55.13,55.17,104596
2026-04-01 10:50:00,55.19,55.29,55.0,55.09,150443
2026-04-01 10:55:00,55.09,55.19,55.04,55.09,217338
2026-04-01 11:00:00,55.09,55.15,54.98,55.08,152306
2026-04-01 11:05:00,55.08,55.13,54.96,54.975,67962
2026-04-01 11:10:00,54.99,55.095,54.98,55.05,54899
2026-04-01 11:15:00,55.06,55.1,54.99,54.99,43944
2026-04-01 11:20:00,54.985,55.09,54.96,55.055,47443
2026-04-01 11:25:00,55.06,55.14,54.99,55.14,42062
2026-04-01 11:30:00,55.14,55.24,55.06,55.11,85102
2026-04-01 11:35:00,55.1,55.1,54.875,54.95,131643
2026-04-01 11:40:00,54.94,55.05,54.9,54.91,29046
2026-04-01 11:45:00,54.915,54.965,54.85,54.92,157986
2026-04-01 11:50:00,54.92,54.95,54.81,54.835,59144
2026-04-01 11:55:00,54.84,54.8425,54.685,54.75,116041
2026-04-01 12:00:00,54.75,54.805,54.7184,54.74,40087
2026-04-01 12:05:00,54.73,54.79,54.69,54.7,37436
2026-04-01 12:10:00,54.71,54.85,54.71,54.8199,56023
2026-04-01 12:15:00,54.82,54.86,54.735,54.77,76532
2026-04-01 12:20:00,54.7699,54.84,54.7699,54.83,33484
2026-04-01 12:25:00,54.8599,54.9399,54.825,54.93,56904
2026-04-01 12:30:00,54.92,55.0,54.86,54.865,65779
2026-04-01 12:35:00,54.85,54.85,54.78,54.82,26383
2026-04-01 12:40:00,54.82,54.825,54.74,54.74,30688
2026-04-01 12:45:00,54.74,54.8,54.7321,54.78,31775
2026-04-01 12:50:00,54.75,54.78,54.73,54.75,17036
2026-04-01 12:55:00,54.75,54.79,54.7104,54.75,26885
2026-04-01 13:00:00,54.765,54.78,54.6201,54.6212,39052
2026-04-01 13:05:00,54.635,54.642,54.57,54.63,38033
2026-04-01 13:10:00,54.62,54.64,54.59,54.61,23934
2026-04-01 13:15:00,54.6,54.665,54.6,54.63,33586
2026-04-01 13:20:00,54.6192,54.64,54.57,54.59,31039
2026-04-01 13:25:00,54.5987,54.64,54.59,54.63,24896
2026-04-01 13:30:00,54.625,54.7301,54.6,54.725,43266
2026-04-01 13:35:00,54.73,54.76,54.651,54.68,64303
2026-04-01 13:40:00,54.695,54.78,54.6411,54.75,46225
2026-04-01 13:45:00,54.72,54.8299,54.72,54.815,23881
2026-04-01 13:50:00,54.81,54.85,54.77,54.8199,46177
2026-04-01 13:55:00,54.8299,55.03,54.805,55.03,107241
2026-04-01 14:00:00,55.015,55.32,54.99,55.235,142791
2026-04-01 14:05:00,55.245,55.27,55.1303,55.205,75872
2026-04-01 14:10:00,55.2,55.26,55.14,55.26,86895
2026-04-01 14:15:00,55.27,55.61,55.27,55.51,121615
2026-04-01 14:20:00,55.5,55.775,55.44,55.73,152286
2026-04-01 14:25:00,55.71,55.79,55.55,55.7,126806
2026-04-01 14:30:00,55.6999,55.7799,55.62,55.75,105037
2026-04-01 14:35:00,55.76,55.84,55.565,55.62,169045
2026-04-01 14:40:00,55.64,55.64,55.395,55.5525,112991
2026-04-01 14:45:00,55.52,55.6784,55.5,55.58,95056
2026-04-01 14:50:00,55.57,55.715,55.55,55.6083,80688
2026-04-01 14:55:00,55.615,55.72,55.615,55.65,49510
2026-04-01 15:00:00,55.65,55.685,55.49,55.54,81704
2026-04-01 15:05:00,55.53,55.545,55.4,55.455,82093
2026-04-01 15:10:00,55.455,55.55,55.43,55.45,99440
2026-04-01 15:15:00,55.455,55.495,55.34,55.34,116939
2026-04-01 15:20:00,55.36,55.425,55.3,55.31,76759
2026-04-01 15:25:00,55.31,55.31,55.14,55.21,122087
2026-04-01 15:30:00,55.205,55.315,55.15,55.225,90524
2026-04-01 15:35:00,55.21,55.29,55.1403,55.175,95996
2026-04-01 15:40:00,55.17,55.2,55.05,55.19,73701
2026-04-01 15:45:00,55.2,55.26,55.145,55.24,120720
2026-04-01 15:50:00,55.23,55.49,55.2,55.43,462691
2026-04-01 15:55:00,55.43,55.565,55.365,55.44,669653
2026-04-01 16:00:00,55.44,55.53,55.37,55.47,27820
2026-04-01 16:05:00,55.469,55.47,55.44,55.44,4475
2026-04-01 16:10:00,55.43,55.43,55.3726,55.3726,3050
2026-04-01 16:15:00,55.43,55.449,55.37,55.37,5213
2026-04-01 16:20:00,55.4,55.46,55.4,55.46,2530
2026-04-01 16:25:00,55.4631,55.5298,55.4631,55.5298,4889
2026-04-01 16:30:00,55.4816,55.4816,55.43,55.43,2546
2026-04-01 16:35:00,55.44,55.44,55.42,55.42,1475
2026-04-01 16:40:00,55.4201,55.4426,55.4201,55.4426,800
2026-04-01 16:45:00,55.4502,55.4502,55.43,55.44,862
2026-04-01 16:50:00,55.47,55.47,55.45,55.46,4331
2026-04-01 16:55:00,55.42,55.5,55.42,55.4826,3029
2026-04-01 17:00:00,55.4217,55.4217,55.4217,55.4217,3500
2026-04-01 17:05:00,55.43,55.4822,55.43,55.43,686
2026-04-01 17:10:00,55.477,55.477,55.4005,55.4005,626
2026-04-01 17:20:00,55.4,55.4,55.4,55.4,2000
2026-04-01 17:25:00,55.43,55.43,55.43,55.43,100
2026-04-01 17:30:00,55.5,55.5,55.4,55.4,1163
2026-04-01 17:35:00,55.44,55.44,55.44,55.44,791
2026-04-01 17:40:00,55.46,55.46,55.46,55.46,100
2026-04-01 17:45:00,55.45,55.4848,55.45,55.452,5052
2026-04-01 17:50:00,55.4942,55.5,55.4942,55.5,500
2026-04-01 17:55:00,55.48,55.5,55.47,55.5,5394
2026-04-01 18:00:00,55.5,55.52,55.41,55.41,4356
2026-04-01 18:05:00,55.46,55.519,55.46,55.49,780
2026-04-01 18:10:00,55.48,55.57,55.48,55.5697,1950
2026-04-01 18:15:00,55.5692,55.5692,55.539,55.539,1350
2026-04-01 18:20:00,55.58,55.58,55.49,55.54,3476
2026-04-01 18:25:00,55.53,55.53,55.52,55.5226,1679
2026-04-01 18:30:00,55.5,55.53,55.5,55.51,2000
2026-04-01 18:35:00,55.5,55.52,55.49,55.52,61203
2026-04-01 18:40:00,55.48,55.63,55.46,55.47,9269
2026-04-01 18:45:00,55.5,55.53,55.5,55.53,320
2026-04-01 18:50:00,55.54,55.65,55.54,55.65,4533
2026-04-01 18:55:00,55.6339,55.65,55.59,55.59,2100
2026-04-01 19:00:00,55.61,55.61,55.6,55.6,1305
2026-04-01 19:05:00,55.58,55.58,55.5578,55.5578,400
2026-04-01 19:10:00,55.53,55.53,55.51,55.51,1076
2026-04-01 19:15:00,55.47,55.5,55.47,55.5,5054
2026-04-01 19:25:00,55.5,55.5,55.4674,55.4674,4855
2026-04-01 19:30:00,55.48,55.48,55.48,55.48,600
2026-04-01 19:35:00,55.55,55.55,55.52,55.53,5063
2026-04-01 19:40:00,55.52,55.53,55.52,55.52,4626
2026-04-01 19:45:00,55.53,55.53,55.482,55.5106,4664
2026-04-01 19:50:00,55.53,55.63,55.5,55.52,3624
2026-04-01 19:55:00,55.54,55.58,55.54,55.57,1031
2026-04-01 04:00:00,56.03,56.45,55.36,55.89,61015
2026-04-01 04:05:00,55.89,56.08,55.89,56.08,6319
2026-04-01 04:10:00,56.13,56.15,56.0604,56.08,3710
2026-04-01 04:15:00,56.08,56.14,56.0,56.0,2600
2026-04-01 04:20:00,55.93,55.93,55.88,55.88,856
2026-04-01 04:25:00,55.82,55.93,55.75,55.89,1914
2026-04-01 04:30:00,55.86,55.86,55.8,55.8,14880
2026-04-01 04:35:00,55.84,55.89,55.81,55.81,2452
2026-04-01 04:40:00,55.8,55.86,55.8,55.82,850
2026-04-01 04:45:00,55.8,55.81,55.8,55.81,3550
2026-04-01 04:50:00,55.78,56.16,55.77,55.88,48495
2026-04-01 04:55:00,55.9096,55.99,55.81,55.91,6912
2026-04-01 05:00:00,55.96,55.96,55.82,55.93,4290
2026-04-01 05:05:00,55.93,56.06,55.93,56.05,2227
2026-04-01 05:10:00,56.14,56.15,56.0404,56.0404,2000
2026-04-01 05:15:00,56.1,56.16,56.1,56.16,700
2026-04-01 05:20:00,56.21,56.28,56.21,56.27,3454
2026-04-01 05:25:00,56.17,56.17,56.14,56.14,350
2026-04-01 05:30:00,56.05,56.0613,56.04,56.0613,1890
2026-04-01 05:35:00,55.99,55.99,55.95,55.95,200
2026-04-01 05:40:00,56.0,56.0,56.0,56.0,600
2026-04-01 05:45:00,55.9313,55.9313,55.89,55.89,600
2026-04-01 05:50:00,55.8,55.8,55.79,55.8,3970
2026-04-01 05:55:00,55.89,55.92,55.77,55.84,4122
2026-04-01 06:00:00,55.87,55.93,55.8,55.93,8297
2026-04-01 06:05:00,55.94,55.94,55.8696,55.8696,2222
2026-04-01 06:10:00,55.95,55.96,55.9007,55.9007,5284
2026-04-01 06:25:00,55.9,55.94,55.87,55.87,17770
2026-04-01 06:45:00,55.66,55.66,55.54,55.58,5775
2026-04-01 06:50:00,55.51,55.56,55.51,55.55,3100
2026-04-01 06:55:00,55.65,55.65,55.51,55.51,2850
2026-04-01 07:00:00,55.53,55.55,55.44,55.45,24385
2026-04-01 07:05:00,55.45,55.48,55.423,55.43,7070
2026-04-01 07:10:00,55.46,55.48,55.4,55.4,6217
2026-04-01 07:15:00,55.3874,55.4369,55.3601,55.361,4800
2026-04-01 07:20:00,55.35,55.43,55.35,55.39,4700
2026-04-01 07:25:00,55.39,55.4009,55.33,55.4009,7081
2026-04-01 07:30:00,55.39,55.39,55.35,55.35,13687
2026-04-01 07:35:00,55.32,55.34,55.23,55.247,9047
2026-04-01 07:40:00,55.2474,55.35,55.23,55.3,5848
2026-04-01 07:45:00,55.3126,55.32,55.307,55.32,999
2026-04-01 07:50:00,55.27,55.27,55.2,55.247,3672
2026-04-01 07:55:00,55.2,55.23,55.16,55.23,8299
2026-04-01 08:00:00,55.23,55.3,55.2107,55.2899,9745
2026-04-01 08:05:00,55.2896,55.35,55.2185,55.34,11572
2026-04-01 08:10:00,55.3698,55.41,55.34,55.41,11057
2026-04-01 08:15:00,55.4,55.4109,55.391,55.41,3550
2026-04-01 08:20:00,55.45,55.58,55.44,55.53,30853
2026-04-01 08:25:00,55.53,55.68,55.52,55.6,11598
2026-04-01 08:30:00,55.5,55.64,55.47,55.63,2737
2026-04-01 08:35:00,55.5874,55.83,55.5874,55.72,3142
2026-04-01 08:40:00,55.6915,55.76,54.88,55.31,155986
2026-04-01 08:45:00,55.34,55.91,54.99,55.9,194261
2026-04-01 08:50:00,55.789,56.0351,55.789,56.0351,16950
2026-04-01 08:55:00,56.1,56.12,55.95,56.05,13340
2026-04-01 09:00:00,56.07,56.16,56.07,56.1403,3528
2026-04-01 09:05:00,56.15,56.1826,56.11,56.14,7259
2026-04-01 09:10:00,56.03,56.07,55.9,56.02,14100
2026-04-01 09:15:00,56.03,56.03,55.89,55.89,1000
2026-04-01 09:20:00,55.86,56.05,55.86,55.92,9664
2026-04-01 09:25:00,55.89,55.98,55.8,55.8,16751
2026-04-01 09:30:00,55.79,55.88,55.39,55.52,423553
2026-04-01 09:35:00,55.5,55.6,55.23,55.26,154897
2026-04-01 09:40:00,55.27,55.925,55.27,55.76,277416
2026-04-01 09:45:00,55.77,56.02,55.63,55.96,186548
2026-04-01 09:50:00,55.95,56.0,55.54,55.76,154686
2026-04-01 09:55:00,55.78,55.84,55.61,55.675,87426
2026-04-01 10:00:00,55.67,55.77,55.45,55.59,103000
2026-04-01 10:05:00,55.57,55.76,55.43,55.555,88602
2026-04-01 10:10:00,55.55,55.75,55.52,55.6,122173
2026-04-01 10:15:00,55.62,55.69,55.49,55.56,73601
2026-04-01 10:20:00,55.55,55.69,55.37,55.58,176533
2026-04-01 10:25:00,55.6,55.66,55.48,55.49,106407
2026-04-01 10:30:00,55.47,55.64,55.33,55.63,166412
2026-04-01 10:35:00,55.63,55.83,55.15,55.37,259237
2026-04-01 10:40:00,55.37,55.61,55.23,55.32,223382
2026-04-01 10:45:00,55.33,55.48,55.13,55.17,104596
2026-04-01 10:50:00,55.19,55.29,55.0,55.09,150443
2026-04-01 10:55:00,55.09,55.19,55.04,55.09,217338
2026-04-01 11:00:00,55.09,55.15,54.98,55.08,152306
2026-04-01 11:05:00,55.08,55.13,54.96,54.975,67962
2026-04-01 11:10:00,54.99,55.095,54.98,55.05,54899
2026-04-01 11:15:00,55.06,55.1,54.99,54.99,43944
2026-04-01 11:20:00,54.985,55.09,54.96,55.055,47443
2026-04-01 11:25:00,55.06,55.14,54.99,55.14,42062
2026-04-01 11:30:00,55.14,55.24,55.06,55.11,85102
2026-04-01 11:35:00,55.1,55.1,54.875,54.95,131643
2026-04-01 11:40:00,54.94,55.05,54.9,54.91,29046
2026-04-01 11:45:00,54.915,54.965,54.85,54.92,157986
2026-04-01 11:50:00,54.92,54.95,54.81,54.835,59144
2026-04-01 11:55:00,54.84,54.8425,54.685,54.75,116041
2026-04-01 12:00:00,54.75,54.805,54.7184,54.74,40087
2026-04-01 12:05:00,54.73,54.79,54.69,54.7,37436
2026-04-01 12:10:00,54.71,54.85,54.71,54.8199,56023
2026-04-01 12:15:00,54.82,54.86,54.735,54.77,76532
2026-04-01 12:20:00,54.7699,54.84,54.7699,54.83,33484
2026-04-01 12:25:00,54.8599,54.9399,54.825,54.93,56904
2026-04-01 12:30:00,54.92,55.0,54.86,54.865,65779
2026-04-01 12:35:00,54.85,54.85,54.78,54.82,26383
2026-04-01 12:40:00,54.82,54.825,54.74,54.74,30688
2026-04-01 12:45:00,54.74,54.8,54.7321,54.78,31775
2026-04-01 12:50:00,54.75,54.78,54.73,54.75,17036
2026-04-01 12:55:00,54.75,54.79,54.7104,54.75,26885
2026-04-01 13:00:00,54.765,54.78,54.6201,54.6212,39052
2026-04-01 13:05:00,54.635,54.642,54.57,54.63,38033
2026-04-01 13:10:00,54.62,54.64,54.59,54.61,23934
2026-04-01 13:15:00,54.6,54.665,54.6,54.63,33586
2026-04-01 13:20:00,54.6192,54.64,54.57,54.59,31039
2026-04-01 13:25:00,54.5987,54.64,54.59,54.63,24896
2026-04-01 13:30:00,54.625,54.7301,54.6,54.725,43266
2026-04-01 13:35:00,54.73,54.76,54.651,54.68,64303
2026-04-01 13:40:00,54.695,54.78,54.6411,54.75,46225
2026-04-01 13:45:00,54.72,54.8299,54.72,54.815,23881
2026-04-01 13:50:00,54.81,54.85,54.77,54.8199,46177
2026-04-01 13:55:00,54.8299,55.03,54.805,55.03,107241
2026-04-01 14:00:00,55.015,55.32,54.99,55.235,142791
2026-04-01 14:05:00,55.245,55.27,55.1303,55.205,75872
2026-04-01 14:10:00,55.2,55.26,55.14,55.26,86895
2026-04-01 14:15:00,55.27,55.61,55.27,55.51,121615
2026-04-01 14:20:00,55.5,55.775,55.44,55.73,152286
2026-04-01 14:25:00,55.71,55.79,55.55,55.7,126806
2026-04-01 14:30:00,55.6999,55.7799,55.62,55.75,105037
2026-04-01 14:35:00,55.76,55.84,55.565,55.62,169045
2026-04-01 14:40:00,55.64,55.64,55.395,55.5525,112991
2026-04-01 14:45:00,55.52,55.6784,55.5,55.58,95056
2026-04-01 14:50:00,55.57,55.715,55.55,55.6083,80688
2026-04-01 14:55:00,55.615,55.72,55.615,55.65,49510
2026-04-01 15:00:00,55.65,55.685,55.49,55.54,81704
2026-04-01 15:05:00,55.53,55.545,55.4,55.455,82093
2026-04-01 15:10:00,55.455,55.55,55.43,55.45,99440
2026-04-01 15:15:00,55.455,55.495,55.34,55.34,116939
2026-04-01 15:20:00,55.36,55.425,55.3,55.31,76759
2026-04-01 15:25:00,55.31,55.31,55.14,55.21,122087
2026-04-01 15:30:00,55.205,55.315,55.15,55.225,90524
2026-04-01 15:35:00,55.21,55.29,55.1403,55.175,95996
2026-04-01 15:40:00,55.17,55.2,55.05,55.19,73701
2026-04-01 15:45:00,55.2,55.26,55.145,55.24,120720
2026-04-01 15:50:00,55.23,55.49,55.2,55.43,462691
2026-04-01 15:55:00,55.43,55.565,55.365,55.44,669653
2026-04-01 16:00:00,55.44,55.53,55.37,55.47,27820
2026-04-01 16:05:00,55.469,55.47,55.44,55.44,4475
2026-04-01 16:10:00,55.43,55.43,55.3726,55.3726,3050
2026-04-01 16:15:00,55.43,55.449,55.37,55.37,5213
2026-04-01 16:20:00,55.4,55.46,55.4,55.46,2530
2026-04-01 16:25:00,55.4631,55.5298,55.4631,55.5298,4889
2026-04-01 16:30:00,55.4816,55.4816,55.43,55.43,2546
2026-04-01 16:35:00,55.44,55.44,55.42,55.42,1475
2026-04-01 16:40:00,55.4201,55.4426,55.4201,55.4426,800
2026-04-01 16:45:00,55.4502,55.4502,55.43,55.44,862
2026-04-01 16:50:00,55.47,55.47,55.45,55.46,4331
2026-04-01 16:55:00,55.42,55.5,55.42,55.4826,3029
2026-04-01 17:00:00,55.4217,55.4217,55.4217,55.4217,3500
2026-04-01 17:05:00,55.43,55.4822,55.43,55.43,686
2026-04-01 17:10:00,55.477,55.477,55.4005,55.4005,626
2026-04-01 17:20:00,55.4,55.4,55.4,55.4,2000
2026-04-01 17:25:00,55.43,55.43,55.43,55.43,100
2026-04-01 17:30:00,55.5,55.5,55.4,55.4,1163
2026-04-01 17:35:00,55.44,55.44,55.44,55.44,791
2026-04-01 17:40:00,55.46,55.46,55.46,55.46,100
2026-04-01 17:45:00,55.45,55.4848,55.45,55.452,5052
2026-04-01 17:50:00,55.4942,55.5,55.4942,55.5,500
2026-04-01 17:55:00,55.48,55.5,55.47,55.5,5394
2026-04-01 18:00:00,55.5,55.52,55.41,55.41,4356
2026-04-01 18:05:00,55.46,55.519,55.46,55.49,780
2026-04-01 18:10:00,55.48,55.57,55.48,55.5697,1950
2026-04-01 18:15:00,55.5692,55.5692,55.539,55.539,1350
2026-04-01 18:20:00,55.58,55.58,55.49,55.54,3476
2026-04-01 18:25:00,55.53,55.53,55.52,55.5226,1679
2026-04-01 18:30:00,55.5,55.53,55.5,55.51,2000
2026-04-01 18:35:00,55.5,55.52,55.49,55.52,61203
2026-04-01 18:40:00,55.48,55.63,55.46,55.47,9269
2026-04-01 18:45:00,55.5,55.53,55.5,55.53,320
2026-04-01 18:50:00,55.54,55.65,55.54,55.65,4533
2026-04-01 18:55:00,55.6339,55.65,55.59,55.59,2100
2026-04-01 19:00:00,55.61,55.61,55.6,55.6,1305
2026-04-01 19:05:00,55.58,55.58,55.5578,55.5578,400
2026-04-01 19:10:00,55.53,55.53,55.51,55.51,1076
2026-04-01 19:15:00,55.47,55.5,55.47,55.5,5054
2026-04-01 19:25:00,55.5,55.5,55.4674,55.4674,4855
2026-04-01 19:30:00,55.48,55.48,55.48,55.48,600
2026-04-01 19:35:00,55.55,55.55,55.52,55.53,5063
2026-04-01 19:40:00,55.52,55.53,55.52,55.52,4626
2026-04-01 19:45:00,55.53,55.53,55.482,55.5106,4664
2026-04-01 19:50:00,55.53,55.63,55.5,55.52,3624
2026-04-01 19:55:00,55.54,55.58,55.54,55.57,1031
2026-04-02 04:00:00,57.33,57.73,57.2,57.3,3830
2026-04-02 04:05:00,57.5,57.9,57.22,57.37,48743
2026-04-02 04:10:00,57.35,57.37,57.35,57.37,400
2026-04-02 04:15:00,57.39,57.4,57.39,57.4,459
2026-04-02 04:20:00,57.43,57.48,57.42,57.42,6647
2026-04-02 04:25:00,57.45,57.45,57.45,57.45,930
2026-04-02 04:30:00,57.32,57.32,57.27,57.27,407
2026-04-02 04:40:00,57.3,57.3,57.18,57.2,1400
2026-04-02 04:45:00,57.31,57.31,57.31,57.31,498
2026-04-02 04:50:00,57.37,57.37,57.37,57.37,763
2026-04-02 04:55:00,57.4,57.4,57.4,57.4,220
2026-04-02 05:00:00,57.39,57.4,57.39,57.4,5036
2026-04-02 05:05:00,57.39,57.4,57.39,57.4,924
2026-04-02 05:10:00,57.42,57.42,57.42,57.42,500
2026-04-02 05:15:00,57.42,57.42,57.419,57.419,685
2026-04-02 05:20:00,57.34,57.34,57.34,57.34,250
2026-04-02 05:25:00,57.3,57.33,57.3,57.33,304
2026-04-02 05:30:00,57.41,57.41,57.41,57.41,250
2026-04-02 05:40:00,57.45,57.45,57.44,57.44,1160
2026-04-02 05:45:00,57.48,57.49,57.48,57.49,1200
2026-04-02 05:50:00,57.45,57.45,57.4,57.4,1249
2026-04-02 05:55:00,57.4,57.4,57.4,57.4,200
2026-04-02 06:00:00,57.44,57.44,57.44,57.44,1001
2026-04-02 06:10:00,57.55,57.65,57.55,57.65,1300
2026-04-02 06:15:00,57.6904,57.73,57.6904,57.7,400
2026-04-02 06:25:00,57.7,57.7,57.7,57.7,1096
2026-04-02 06:30:00,57.7004,57.75,57.66,57.66,820
2026-04-02 06:35:00,57.59,57.59,57.59,57.59,100
2026-04-02 06:40:00,57.59,57.59,57.55,57.56,3203
2026-04-02 06:45:00,57.55,57.56,57.51,57.51,2814
2026-04-02 06:50:00,57.56,57.59,57.55,57.59,6679
2026-04-02 06:55:00,57.52,57.52,57.48,57.48,2000
2026-04-02 07:00:00,57.52,57.5794,57.49,57.55,36938
2026-04-02 07:05:00,57.56,57.72,57.56,57.7,21327
2026-04-02 07:10:00,57.7377,57.8,57.72,57.8,24270
2026-04-02 07:15:00,57.83,57.92,57.83,57.9,5000
2026-04-02 07:20:00,57.88,57.88,57.84,57.88,47016
2026-04-02 07:25:00,57.89,58.0,57.89,58.0,7140
2026-04-02 07:30:00,58.0297,58.0297,57.8674,57.9091,5776
2026-04-02 07:35:00,57.9678,58.1,57.96,58.0799,9665
2026-04-02 07:40:00,58.1126,58.16,58.06,58.0987,27212
2026-04-02 07:45:00,58.07,58.13,58.06,58.06,8089
2026-04-02 07:50:00,58.0613,58.0787,57.9788,57.9788,2388
2026-04-02 07:55:00,57.9787,58.201,57.96,58.201,18180
2026-04-02 08:00:00,58.2,58.33,58.2,58.21,36269
2026-04-02 08:05:00,58.2,58.28,58.16,58.28,57337
2026-04-02 08:10:00,58.34,58.34,58.24,58.26,14087
2026-04-02 08:15:00,58.22,58.25,58.15,58.15,3946
2026-04-02 08:20:00,58.13,58.17,57.9605,57.9605,16320
2026-04-02 08:25:00,57.9994,58.1,57.9994,58.0394,8221
2026-04-02 08:30:00,57.99,58.0209,57.99,58.0,35892
2026-04-02 08:35:00,57.96,58.04,57.96,57.99,7996
2026-04-02 08:40:00,57.9806,57.9987,57.93,57.9569,5503
2026-04-02 08:45:00,57.9574,57.98,57.871,57.88,26706
2026-04-02 08:50:00,57.86,57.9006,57.83,57.9004,19557
2026-04-02 08:55:00,57.9,58.03,57.9,58.03,31800
2026-04-02 09:00:00,58.01,58.06,57.95,57.98,12259
2026-04-02 09:05:00,57.94,57.96,57.85,57.9487,5734
2026-04-02 09:10:00,58.0,58.0498,58.0,58.0,9075
2026-04-02 09:15:00,57.97,57.9774,57.9,57.96,3548
2026-04-02 09:20:00,57.95,57.95,57.83,57.92,39218
2026-04-02 09:25:00,57.95,57.95,57.7206,57.78,44955
2026-04-02 09:30:00,57.75,57.78,57.5,57.6,435027
2026-04-02 09:35:00,57.59,58.03,57.59,58.03,144517
2026-04-02 09:40:00,58.02,58.09,57.76,57.9499,131423
2026-04-02 09:45:00,57.96,58.01,57.51,57.61,259245
2026-04-02 09:50:00,57.615,57.64,57.115,57.19,221031
2026-04-02 09:55:00,57.185,57.26,56.88,56.94,199757
2026-04-02 10:00:00,56.935,57.15,56.82,57.1,193776
2026-04-02 10:05:00,57.08,57.21,56.77,56.88,194529
2026-04-02 10:10:00,56.895,56.99,56.73,56.94,217771
2026-04-02 10:15:00,56.92,56.95,56.65,56.77,238465
2026-04-02 10:20:00,56.785,56.785,56.58,56.66,157843
2026-04-02 10:25:00,56.66,56.84,56.66,56.75,99873
2026-04-02 10:30:00,56.765,56.79,56.23,56.29,219169
2026-04-02 10:35:00,56.26,56.28,54.84,55.22,1235817
2026-04-02 10:40:00,55.22,55.735,55.17,55.3,456069
2026-04-02 10:45:00,55.3,55.81,55.26,55.795,314733
2026-04-02 10:50:00,55.81,55.99,55.59,55.65,234648
2026-04-02 10:55:00,55.64,55.67,55.32,55.47,130130
2026-04-02 11:00:00,55.47,55.87,55.455,55.565,166256
2026-04-02 11:05:00,55.58,55.79,55.54,55.61,76677
2026-04-02 11:10:00,55.62,55.66,55.34,55.5001,145487
2026-04-02 11:15:00,55.48,55.64,55.375,55.52,85460
2026-04-02 11:20:00,55.53,55.84,55.53,55.64,109093
2026-04-02 11:25:00,55.68,55.82,55.39,55.51,101993
2026-04-02 11:30:00,55.49,55.7201,55.46,55.57,99377
2026-04-02 11:35:00,55.59,55.61,55.35,55.52,65509
2026-04-02 11:40:00,55.51,55.74,55.47,55.53,86150
2026-04-02 11:45:00,55.51,55.795,55.51,55.7797,74704
2026-04-02 11:50:00,55.7778,56.06,55.67,55.69,135047
2026-04-02 11:55:00,55.72,55.88,55.64,55.8211,53168
2026-04-02 12:00:00,55.835,55.92,55.67,55.875,42304
2026-04-02 12:05:00,55.875,56.12,55.8,55.92,55714
2026-04-02 12:10:00,55.95,56.06,55.9,55.975,39077
2026-04-02 12:15:00,55.98,56.21,55.93,56.2,74306
2026-04-02 12:20:00,56.21,56.285,56.06,56.19,87102
2026-04-02 12:25:00,56.2,56.25,56.02,56.155,63259
2026-04-02 12:30:00,56.1499,56.19,55.83,55.93,79714
2026-04-02 12:35:00,55.9399,56.18,55.87,56.0,92765
2026-04-02 12:40:00,56.01,56.01,55.59,55.7745,124319
2026-04-02 12:45:00,55.76,55.84,55.69,55.77,42915
2026-04-02 12:50:00,55.76,55.85,55.69,55.715,27756
2026-04-02 12:55:00,55.76,55.945,55.7501,55.94,32161
2026-04-02 13:00:00,55.95,56.07,55.8489,55.86,89402
2026-04-02 13:05:00,55.9,55.9478,55.83,55.87,37643
2026-04-02 13:10:00,55.88,55.98,55.7,55.745,39728
2026-04-02 13:15:00,55.7294,55.76,55.58,55.685,50165
2026-04-02 13:20:00,55.6701,55.72,55.575,55.602,18668
2026-04-02 13:25:00,55.61,55.68,55.59,55.6701,39231
2026-04-02 13:30:00,55.64,55.77,55.64,55.745,50507
2026-04-02 13:35:00,55.75,55.84,55.74,55.76,55449
2026-04-02 13:40:00,55.735,55.87,55.72,55.77,47810
2026-04-02 13:45:00,55.78,56.15,55.7502,56.14,107064
2026-04-02 13:50:00,56.13,56.185,56.0115,56.0115,61098
2026-04-02 13:55:00,56.0,56.11,55.96,56.0201,33640
2026-04-02 14:00:00,55.98,55.98,55.845,55.845,52783
2026-04-02 14:05:00,55.87,55.89,55.72,55.82,65037
2026-04-02 14:10:00,55.83,55.861,55.74,55.861,28648
2026-04-02 14:15:00,55.84,55.92,55.77,55.825,49947
2026-04-02 14:20:00,55.84,55.895,55.82,55.88,16035
2026-04-02 14:25:00,55.905,55.98,55.905,55.98,35211
2026-04-02 14:30:00,55.9301,55.97,55.88,55.895,10907
2026-04-02 14:35:00,55.895,55.965,55.885,55.93,9783
2026-04-02 14:40:00,55.91,55.91,55.69,55.75,26267
2026-04-02 14:45:00,55.7601,55.77,55.67,55.705,27937
2026-04-02 14:50:00,55.7,55.74,55.57,55.6402,43505
2026-04-02 14:55:00,55.66,55.7393,55.66,55.73,22613
2026-04-02 15:00:00,55.71,55.7228,55.62,55.7,33347
2026-04-02 15:05:00,55.67,55.68,55.61,55.63,39193
2026-04-02 15:10:00,55.6,55.66,55.51,55.645,77066
2026-04-02 15:15:00,55.64,55.75,55.62,55.7,21218
2026-04-02 15:20:00,55.695,55.79,55.61,55.7,35618
2026-04-02 15:25:00,55.725,55.785,55.71,55.7301,22699
2026-04-02 15:30:00,55.74,55.81,55.6801,55.78,51738
2026-04-02 15:35:00,55.76,55.76,55.64,55.6402,43188
2026-04-02 15:40:00,55.64,55.75,55.59,55.74,47180
2026-04-02 15:45:00,55.74,55.785,55.67,55.685,60906
2026-04-02 15:50:00,55.68,55.68,55.4299,55.46,189941
2026-04-02 15:55:00,55.46,55.48,55.31,55.35,259106
2026-04-02 16:00:00,55.34,55.44,55.32,55.41,53832
2026-04-02 16:05:00,55.4,55.44,55.4,55.44,2785
2026-04-02 16:10:00,55.43,55.43,55.3602,55.3806,4417
2026-04-02 16:15:00,55.3513,55.37,55.33,55.36,3608
2026-04-02 16:20:00,55.36,55.38,55.35,55.36,8314
2026-04-02 16:25:00,55.34,55.34,55.229,55.229,8598
2026-04-02 16:30:00,55.25,55.31,55.25,55.3,2825
2026-04-02 16:35:00,55.35,55.35,55.35,55.35,625
2026-04-02 16:40:00,55.35,55.35,55.35,55.35,200
2026-04-02 16:45:00,55.35,55.35,55.3,55.3,1746
2026-04-02 16:50:00,55.33,55.36,55.3201,55.36,5960
2026-04-02 16:55:00,55.36,55.38,55.36,55.379,914
2026-04-02 17:00:00,55.36,55.36,55.36,55.36,600
2026-04-02 17:05:00,55.38,55.38,55.38,55.38,100
2026-04-02 17:10:00,55.38,55.4,55.38,55.4,800
2026-04-02 17:15:00,55.3493,55.3493,55.33,55.33,814
2026-04-02 17:20:00,55.35,55.4,55.35,55.4,1352
2026-04-02 17:25:00,55.38,55.38,55.34,55.34,518
2026-04-02 17:35:00,55.35,55.35,55.35,55.35,170
2026-04-02 17:55:00,55.34,55.341,55.34,55.341,1097
2026-04-02 18:00:00,55.4,55.4132,55.4,55.4132,9265
2026-04-02 18:05:00,55.44,55.44,55.39,55.39,900
2026-04-02 18:15:00,55.39,55.42,55.3,55.4,1400
2026-04-02 18:20:00,55.4,55.44,55.4,55.4,1650
2026-04-02 18:25:00,55.36,55.36,55.36,55.36,199
2026-04-02 18:30:00,55.32,55.33,55.29,55.29,1600
2026-04-02 18:35:00,55.3326,55.3326,55.3326,55.3326,225
2026-04-02 18:40:00,55.33,55.3399,55.3102,55.3399,5147
2026-04-02 18:45:00,55.36,55.36,55.36,55.36,100
2026-04-02 18:55:00,55.36,55.36,55.36,55.36,2000
2026-04-02 19:00:00,55.36,55.3706,55.36,55.361,650
2026-04-02 19:05:00,55.37,55.3974,55.37,55.3974,3400
2026-04-02 19:10:00,55.3901,55.3901,55.3847,55.3847,1491
2026-04-02 19:15:00,55.3982,55.3982,55.3826,55.3826,400
2026-04-02 19:20:00,55.35,55.3503,55.35,55.3503,900
2026-04-02 19:25:00,55.37,55.37,55.3374,55.3374,1370
2026-04-02 19:30:00,55.35,55.35,55.3091,55.3091,1420
2026-04-02 19:35:00,55.32,55.34,55.32,55.34,700
2026-04-02 19:40:00,55.32,55.34,55.31,55.31,300
2026-04-02 19:45:00,55.3491,55.3491,55.34,55.34,3100
2026-04-02 19:50:00,55.36,55.3604,55.36,55.3604,300
2026-04-02 19:55:00,55.36,55.36,55.33,55.3496,1400
