2026-03-04 04:00:00,56.59,56.62,56.59,56.62,350
2026-03-04 04:10:00,56.63,56.8,56.63,56.78,1465
2026-03-04 04:15:00,56.82,56.82,56.75,56.75,600
2026-03-04 04:25:00,56.8,56.8,56.79,56.79,200
2026-03-04 04:30:00,56.8,56.82,56.76,56.8,1650
2026-03-04 04:35:00,56.87,56.87,56.84,56.84,734
2026-03-04 04:40:00,56.87,56.89,56.87,56.89,600
2026-03-04 04:45:00,56.88,56.94,56.88,56.94,676
2026-03-04 04:50:00,57.01,57.01,57.01,57.01,100
2026-03-04 05:05:00,57.04,57.3,56.98,57.28,9355
2026-03-04 05:10:00,57.33,57.35,57.21,57.21,3599
2026-03-04 05:15:00,57.31,57.36,57.25,57.25,8734
2026-03-04 05:20:00,57.26,57.28,57.23,57.26,3757
2026-03-04 05:30:00,57.2,57.2,57.2,57.2,100
2026-03-04 05:35:00,57.28,57.28,57.26,57.26,1920
2026-03-04 05:50:00,57.31,57.31,57.31,57.31,105
2026-03-04 06:00:00,57.37,57.37,57.37,57.37,164
2026-03-04 06:05:00,57.32,57.32,57.31,57.31,476
2026-03-04 06:15:00,57.41,57.41,57.41,57.41,200
2026-03-04 06:20:00,57.42,57.42,57.42,57.42,114
2026-03-04 06:30:00,57.34,57.34,57.23,57.23,1891
2026-03-04 06:35:00,57.28,57.28,57.19,57.19,659
2026-03-04 06:40:00,57.24,57.26,57.24,57.26,406
2026-03-04 06:55:00,57.14,57.14,57.14,57.14,576
2026-03-04 07:00:00,57.14,57.26,57.14,57.26,44388
2026-03-04 07:05:00,57.17,57.25,57.16,57.25,8062
2026-03-04 07:10:00,57.17,57.17,57.17,57.17,1076
2026-03-04 07:15:00,57.08,57.08,57.0,57.0,3418
2026-03-04 07:20:00,56.98,56.99,56.94,56.94,15914
2026-03-04 07:25:00,56.89,56.89,56.84,56.84,1553
2026-03-04 07:30:00,56.8,56.88,56.8,56.88,1120
2026-03-04 07:35:00,56.86,56.939,56.86,56.939,276
2026-03-04 07:40:00,56.94,57.01,56.94,57.01,200
2026-03-04 07:45:00,56.94,56.94,56.94,56.94,176
2026-03-04 07:50:00,56.88,56.88,56.87,56.87,276
2026-03-04 08:00:00,57.15,57.36,56.14,56.64,75591
2026-03-04 08:05:00,57.2,57.37,57.2,57.36,12156
2026-03-04 08:10:00,57.39,57.49,57.39,57.45,3476
2026-03-04 08:15:00,57.47,57.47,57.34,57.34,3919
2026-03-04 08:20:00,57.32,57.36,57.2987,57.3095,5955
2026-03-04 08:25:00,57.31,57.38,57.31,57.36,7867
2026-03-04 08:30:00,57.31,57.4,57.28,57.35,13827
2026-03-04 08:35:00,57.32,57.36,57.29,57.36,6548
2026-03-04 08:40:00,57.38,57.47,57.38,57.43,6205
2026-03-04 08:45:00,57.4,57.4601,57.4,57.4601,2976
2026-03-04 08:50:00,57.46,57.46,57.39,57.4,1298
2026-03-04 08:55:00,57.349,57.48,57.349,57.38,6020
2026-03-04 09:00:00,57.3611,57.4,57.3611,57.3996,1520
2026-03-04 09:05:00,57.39,57.43,57.329,57.33,5518
2026-03-04 09:10:00,57.34,57.4,57.34,57.4,1000
2026-03-04 09:15:00,57.45,57.45,57.37,57.45,4026
2026-03-04 09:20:00,57.47,57.48,57.38,57.38,2884
2026-03-04 09:25:00,57.3195,57.3195,57.23,57.23,6436
2026-03-04 09:30:00,57.22,57.51,57.18,57.41,209769
2026-03-04 09:35:00,57.405,57.41,57.07,57.11,148832
2026-03-04 09:40:00,57.11,57.11,56.95,56.98,167764
2026-03-04 09:45:00,56.95,57.22,56.88,57.09,129551
2026-03-04 09:50:00,57.085,57.23,56.9862,57.18,68822
2026-03-04 09:55:00,57.19,57.2,57.07,57.16,51159
2026-03-04 10:00:00,57.18,57.38,57.09,57.19,131016
2026-03-04 10:05:00,57.22,57.48,57.17,57.47,76417
2026-03-04 10:10:00,57.47,57.56,57.365,57.49,84733
2026-03-04 10:15:00,57.48,57.69,57.47,57.6813,71025
2026-03-04 10:20:00,57.69,57.86,57.66,57.86,64799
2026-03-04 10:25:00,57.87,57.99,57.805,57.97,51808
2026-03-04 10:30:00,57.98,57.99,57.85,57.86,37611
2026-03-04 10:35:00,57.84,57.86,57.7,57.72,46669
2026-03-04 10:40:00,57.71,57.76,57.68,57.69,22521
2026-03-04 10:45:00,57.69,57.7201,57.6,57.715,49902
2026-03-04 10:50:00,57.71,57.79,57.62,57.78,36449
2026-03-04 10:55:00,57.8,57.92,57.79,57.92,25364
2026-03-04 11:00:00,57.935,58.05,57.93,57.99,43595
2026-03-04 11:05:00,57.985,57.99,57.87,57.89,30979
2026-03-04 11:10:00,57.89,57.89,57.67,57.72,30582
2026-03-04 11:15:00,57.71,57.8,57.67,57.7,33378
2026-03-04 11:20:00,57.7,57.77,57.65,57.68,31050
2026-03-04 11:25:00,57.685,57.85,57.67,57.81,20952
2026-03-04 11:30:00,57.81,57.915,57.79,57.87,34246
2026-03-04 11:35:00,57.87,57.91,57.76,57.8,34397
2026-03-04 11:40:00,57.79,57.99,57.79,57.97,21217
2026-03-04 11:45:00,57.98,58.01,57.93,57.96,43416
2026-03-04 11:50:00,57.96,57.99,57.88,57.96,27786
2026-03-04 11:55:00,57.955,57.99,57.9,57.91,18427
2026-03-04 12:00:00,57.91,57.995,57.87,57.99,9390
2026-03-04 12:05:00,57.99,58.005,57.93,57.96,18518
2026-03-04 12:10:00,57.9601,58.0,57.948,57.95,18245
2026-03-04 12:15:00,57.95,57.96,57.92,57.935,25500
2026-03-04 12:20:00,57.93,57.96,57.84,57.89,45183
2026-03-04 12:25:00,57.91,57.96,57.84,57.84,25007
2026-03-04 12:30:00,57.85,57.86,57.705,57.86,25519
2026-03-04 12:35:00,57.885,57.96,57.83,57.96,8844
2026-03-04 12:40:00,57.9525,57.98,57.88,57.91,18330
2026-03-04 12:45:00,57.93,57.96,57.93,57.94,7853
2026-03-04 12:50:00,57.94,58.015,57.92,57.99,43970
2026-03-04 12:55:00,57.995,58.01,57.93,58.0,32059
2026-03-04 13:00:00,57.97,58.0212,57.94,57.94,84673
2026-03-04 13:05:00,57.945,58.005,57.91,57.98,42049
2026-03-04 13:10:00,57.98,57.99,57.93,57.93,11656
2026-03-04 13:15:00,57.92,57.93,57.88,57.88,24144
2026-03-04 13:20:00,57.885,57.93,57.84,57.88,10052
2026-03-04 13:25:00,57.88,57.97,57.87,57.965,60673
2026-03-04 13:30:00,57.96,58.06,57.96,58.0,11890
2026-03-04 13:35:00,58.015,58.05,58.01,58.02,6752
2026-03-04 13:40:00,58.01,58.07,58.01,58.0301,32997
2026-03-04 13:45:00,58.05,58.065,58.0,58.065,145998
2026-03-04 13:50:00,58.065,58.08,58.05,58.05,14230
2026-03-04 13:55:00,58.04,58.04,57.98,58.03,7085
2026-03-04 14:00:00,58.04,58.09,58.02,58.09,18893
2026-03-04 14:05:00,58.075,58.08,58.05,58.06,11464
2026-03-04 14:10:00,58.07,58.095,58.0501,58.09,29270
2026-03-04 14:15:00,58.0812,58.095,58.07,58.075,11263
2026-03-04 14:20:00,58.07,58.09,58.05,58.09,10856
2026-03-04 14:25:00,58.08,58.08,58.025,58.04,13457
2026-03-04 14:30:00,58.05,58.07,58.02,58.0299,13625
2026-03-04 14:35:00,58.03,58.08,58.03,58.07,72001
2026-03-04 14:40:00,58.095,58.095,58.04,58.05,9380
2026-03-04 14:45:00,58.07,58.08,58.03,58.08,7496
2026-03-04 14:50:00,58.08,58.125,58.078,58.115,29405
2026-03-04 14:55:00,58.11,58.11,58.07,58.075,13269
2026-03-04 15:00:00,58.1,58.1087,58.055,58.1,7420
2026-03-04 15:05:00,58.095,58.1,58.005,58.03,13465
2026-03-04 15:10:00,58.025,58.025,57.96,57.97,10261
2026-03-04 15:15:00,57.97,57.98,57.94,57.94,13663
2026-03-04 15:20:00,57.93,57.95,57.86,57.9,16601
2026-03-04 15:25:00,57.91,57.99,57.91,57.98,13844
2026-03-04 15:30:00,57.97,58.0,57.935,57.94,10245
2026-03-04 15:35:00,57.94,57.995,57.94,57.97,16740
2026-03-04 15:40:00,57.95,58.04,57.95,58.03,15153
2026-03-04 15:45:00,58.02,58.04,57.99,57.995,48701
2026-03-04 15:50:00,57.995,57.995,57.84,57.95,217609
2026-03-04 15:55:00,57.94,57.97,57.8,57.8,566591
2026-03-04 16:00:00,57.8,57.84,57.72,57.75,432097
2026-03-04 16:05:00,57.7503,57.8703,57.7503,57.86,12339
2026-03-04 16:10:00,57.87,57.88,57.82,57.88,5858
2026-03-04 16:15:00,57.83,57.9,57.8,57.88,10482
2026-03-04 16:20:00,57.8336,57.8336,57.8336,57.8336,226
2026-03-04 16:30:00,57.88,57.88,57.88,57.88,1482
2026-03-04 16:35:00,57.8797,57.8797,57.8703,57.8703,814
2026-03-04 16:40:00,57.879,57.879,57.879,57.879,360
2026-03-04 16:50:00,57.931,57.931,57.931,57.931,500
2026-03-04 16:55:00,57.9,57.9,57.85,57.8787,738
2026-03-04 17:05:00,57.84,57.84,57.84,57.84,200
2026-03-04 17:15:00,57.8289,57.8289,57.8289,57.8289,488
2026-03-04 17:20:00,57.83,57.83,57.83,57.83,121
2026-03-04 17:25:00,57.86,57.86,57.86,57.86,142
2026-03-04 17:35:00,57.85,57.85,57.85,57.85,400
2026-03-04 17:45:00,57.9699,57.9699,57.9699,57.9699,300
2026-03-04 18:00:00,57.94,57.94,57.93,57.93,1700
2026-03-04 18:05:00,58.0,58.0,57.9982,58.0,1200
2026-03-04 18:10:00,58.02,58.03,58.02,58.03,4800
2026-03-04 18:15:00,57.98,57.98,57.97,57.97,988
2026-03-04 18:20:00,57.95,57.95,57.95,57.95,200
2026-03-04 18:25:00,57.95,57.95,57.94,57.95,3001
2026-03-04 18:35:00,57.95,57.9697,57.9496,57.9496,772
2026-03-04 18:40:00,58.03,58.03,58.03,58.03,200
2026-03-04 18:45:00,58.03,58.05,58.03,58.04,425
2026-03-04 18:50:00,58.0102,58.0102,58.0,58.0,1280
2026-03-04 19:00:00,57.97,57.97,57.97,57.97,100
2026-03-04 19:05:00,58.02,58.05,58.02,58.04,1075
2026-03-04 19:10:00,58.05,58.12,58.05,58.1,1193
2026-03-04 19:15:00,58.14,58.23,58.14,58.23,2246
2026-03-04 19:20:00,58.1606,58.1606,58.16,58.16,253
2026-03-04 19:45:00,58.131,58.131,58.131,58.131,100
2026-03-04 19:50:00,58.15,58.15,58.15,58.15,150
2026-03-05 04:00:00,57.45,57.62,57.45,57.62,7720
2026-03-05 04:05:00,57.8,57.89,57.8,57.89,1743
2026-03-05 04:10:00,58.05,58.11,58.04,58.04,1443
2026-03-05 04:15:00,58.05,58.05,57.85,57.85,315
2026-03-05 04:20:00,57.95,58.05,57.93,57.95,9402
2026-03-05 04:30:00,57.82,57.82,57.82,57.82,129
2026-03-05 04:35:00,57.72,57.72,57.69,57.69,1100
2026-03-05 04:50:00,57.65,57.65,57.65,57.65,317
2026-03-05 04:55:00,57.71,57.71,57.71,57.71,173
2026-03-05 05:00:00,57.71,57.71,57.7,57.71,1348
2026-03-05 05:10:00,57.83,57.84,57.81,57.81,535
2026-03-05 05:25:00,57.79,57.84,57.79,57.84,2700
2026-03-05 05:30:00,57.83,57.83,57.83,57.83,112
2026-03-05 05:50:00,57.7,57.71,57.7,57.71,714
2026-03-05 06:00:00,57.77,57.77,57.68,57.76,14010
2026-03-05 06:10:00,57.79,57.79,57.79,57.79,273
2026-03-05 06:25:00,57.9,57.9,57.9,57.9,241
2026-03-05 06:30:00,57.91,57.91,57.87,57.87,273
2026-03-05 06:50:00,57.79,57.79,57.78,57.79,1773
2026-03-05 06:55:00,57.74,57.75,57.74,57.74,1700
2026-03-05 07:05:00,57.73,57.73,57.73,57.73,900
2026-03-05 07:10:00,57.7,57.7,57.68,57.68,700
2026-03-05 07:15:00,57.66,57.66,57.66,57.66,100
2026-03-05 07:20:00,57.83,57.9,57.8,57.8,2838
2026-03-05 07:30:00,57.77,57.77,57.77,57.77,400
2026-03-05 07:35:00,57.7,57.7,57.7,57.7,300
2026-03-05 07:40:00,57.68,57.68,57.68,57.68,600
2026-03-05 07:45:00,57.67,57.67,57.65,57.67,1061
2026-03-05 07:50:00,57.67,57.67,57.55,57.55,1361
2026-03-05 07:55:00,57.6,57.6,57.6,57.6,300
2026-03-05 08:00:00,57.83,58.0,57.27,57.4,24514
2026-03-05 08:05:00,57.52,57.61,57.27,57.54,9372
2026-03-05 08:10:00,57.49,57.5385,57.49,57.5385,900
2026-03-05 08:15:00,57.5784,57.5784,57.5784,57.5784,200
2026-03-05 08:20:00,57.51,57.51,57.499,57.5,330
2026-03-05 08:25:00,57.5,57.5,57.5,57.5,100
2026-03-05 08:30:00,57.48,57.5,57.48,57.5,450
2026-03-05 08:35:00,57.49,57.5,57.38,57.39,6359
2026-03-05 08:40:00,57.41,57.451,57.41,57.451,525
2026-03-05 08:45:00,57.46,57.46,57.46,57.46,100
2026-03-05 08:55:00,57.38,57.38,57.2987,57.3,3320
2026-03-05 09:00:00,57.34,57.34,57.29,57.33,11237
2026-03-05 09:05:00,57.28,57.31,57.25,57.28,1377
2026-03-05 09:10:00,57.3299,57.3299,57.24,57.24,15400
2026-03-05 09:15:00,57.1901,57.22,57.1898,57.19,1600
2026-03-05 09:20:00,57.1799,57.26,57.1799,57.1999,1400
2026-03-05 09:25:00,57.2795,57.31,57.2597,57.28,1604
2026-03-05 09:30:00,57.26,57.62,57.24,57.62,114786
2026-03-05 09:35:00,57.62,57.675,57.45,57.545,93178
2026-03-05 09:40:00,57.53,57.5587,57.34,57.38,73001
2026-03-05 09:45:00,57.37,57.56,57.3,57.4,46398
2026-03-05 09:50:00,57.4,57.58,57.37,57.57,42346
2026-03-05 09:55:00,57.57,57.78,57.53,57.78,47852
2026-03-05 10:00:00,57.79,57.86,57.64,57.64,31951
2026-03-05 10:05:00,57.64,57.655,57.4155,57.5101,53410
2026-03-05 10:10:00,57.55,57.66,57.44,57.66,91468
2026-03-05 10:15:00,57.66,57.66,57.39,57.42,82381
2026-03-05 10:20:00,57.41,57.41,57.11,57.11,57539
2026-03-05 10:25:00,57.1,57.17,57.0,57.06,75954
2026-03-05 10:30:00,57.06,57.065,56.82,56.96,123816
2026-03-05 10:35:00,56.96,57.12,56.9,57.11,67828
2026-03-05 10:40:00,57.11,57.22,57.08,57.13,134666
2026-03-05 10:45:00,57.12,57.27,57.115,57.15,51741
2026-03-05 10:50:00,57.14,57.36,57.13,57.3,79754
2026-03-05 10:55:00,57.29,57.3,57.15,57.26,47884
2026-03-05 11:00:00,57.29,57.32,57.07,57.07,40393
2026-03-05 11:05:00,57.07,57.11,56.94,56.95,37088
2026-03-05 11:10:00,56.94,56.98,56.7899,56.89,74008
2026-03-05 11:15:00,56.89,56.95,56.76,56.775,76370
2026-03-05 11:20:00,56.78,56.975,56.78,56.88,77662
2026-03-05 11:25:00,56.87,56.94,56.83,56.85,52139
2026-03-05 11:30:00,56.85,57.05,56.84,56.96,38547
2026-03-05 11:35:00,56.94,57.08,56.915,57.02,29993
2026-03-05 11:40:00,57.03,57.08,56.91,56.96,28056
2026-03-05 11:45:00,56.96,57.12,56.96,57.04,55324
2026-03-05 11:50:00,57.045,57.09,56.98,57.075,19512
2026-03-05 11:55:00,57.08,57.135,57.07,57.1,20451
2026-03-05 12:00:00,57.11,57.32,57.07,57.32,16707
2026-03-05 12:05:00,57.32,57.33,57.09,57.09,26386
2026-03-05 12:10:00,57.06,57.11,56.96,57.01,64673
2026-03-05 12:15:00,57.0,57.0,56.785,56.8,22677
2026-03-05 12:20:00,56.81,56.86,56.745,56.82,28540
2026-03-05 12:25:00,56.82,56.865,56.67,56.67,71535
2026-03-05 12:30:00,56.68,56.71,56.46,56.47,63486
2026-03-05 12:35:00,56.48,56.685,56.43,56.59,100571
2026-03-05 12:40:00,56.6,56.65,56.415,56.455,46585
2026-03-05 12:45:00,56.46,56.46,56.3,56.33,58753
2026-03-05 12:50:00,56.33,56.47,56.27,56.31,54448
2026-03-05 12:55:00,56.31,56.375,56.25,56.33,58302
2026-03-05 13:00:00,56.31,56.44,56.3006,56.4301,90836
2026-03-05 13:05:00,56.42,56.565,56.39,56.55,45128
2026-03-05 13:10:00,56.55,56.62,56.47,56.5911,43551
2026-03-05 13:15:00,56.59,56.61,56.31,56.31,50737
2026-03-05 13:20:00,56.32,56.46,56.31,56.4,63006
2026-03-05 13:25:00,56.4,56.41,56.23,56.3,31640
2026-03-05 13:30:00,56.29,56.42,56.23,56.31,34618
2026-03-05 13:35:00,56.32,56.41,56.29,56.37,30625
2026-03-05 13:40:00,56.37,56.57,56.365,56.54,22716
2026-03-05 13:45:00,56.55,56.55,56.37,56.41,25509
2026-03-05 13:50:00,56.39,56.395,56.245,56.26,18072
2026-03-05 13:55:00,56.26,56.41,56.26,56.35,11501
2026-03-05 14:00:00,56.35,56.43,56.32,56.37,31835
2026-03-05 14:05:00,56.4,56.47,56.37,56.4,37049
2026-03-05 14:10:00,56.41,56.49,56.35,56.4767,21417
2026-03-05 14:15:00,56.47,56.48,56.36,56.48,26830
2026-03-05 14:20:00,56.4797,56.54,56.39,56.45,36159
2026-03-05 14:25:00,56.46,56.48,56.305,56.36,30888
2026-03-05 14:30:00,56.33,56.33,56.185,56.25,51571
2026-03-05 14:35:00,56.25,56.31,56.2,56.31,36230
2026-03-05 14:40:00,56.31,56.42,56.3,56.42,29391
2026-03-05 14:45:00,56.41,56.49,56.35,56.47,16443
2026-03-05 14:50:00,56.47,56.54,56.37,56.37,21567
2026-03-05 14:55:00,56.36,56.46,56.33,56.43,27451
2026-03-05 15:00:00,56.425,56.61,56.32,56.57,95558
2026-03-05 15:05:00,56.57,56.66,56.38,56.63,98205
2026-03-05 15:10:00,56.63,56.76,56.61,56.72,48143
2026-03-05 15:15:00,56.72,56.83,56.65,56.77,62041
2026-03-05 15:20:00,56.77,56.895,56.7399,56.875,53992
2026-03-05 15:25:00,56.89,56.995,56.83,56.84,84474
2026-03-05 15:30:00,56.83,56.95,56.7999,56.92,41268
2026-03-05 15:35:00,56.93,57.0,56.905,56.93,74725
2026-03-05 15:40:00,56.93,56.95,56.87,56.93,582028
2026-03-05 15:45:00,56.93,57.015,56.83,57.015,33720
2026-03-05 15:50:00,57.03,57.1662,56.98,57.1462,129272
2026-03-05 15:55:00,57.16,57.21,57.09,57.165,755193
2026-03-05 16:00:00,57.16,57.16,57.07,57.1195,422312
2026-03-05 16:05:00,57.11,57.11,57.04,57.04,17246
2026-03-05 16:10:00,57.06,57.06,57.039,57.05,7021
2026-03-05 16:15:00,57.07,57.09,57.06,57.06,3040
2026-03-05 16:20:00,57.0403,57.08,56.9999,56.9999,5309
2026-03-05 16:25:00,56.98,57.01,56.9601,57.01,8852
2026-03-05 16:30:00,57.02,57.02,57.009,57.009,900
2026-03-05 16:35:00,57.0,57.0,57.0,57.0,100
2026-03-05 16:40:00,56.99,57.0,56.97,56.97,725
2026-03-05 16:45:00,56.96,56.96,56.94,56.94,625
2026-03-05 16:50:00,56.9599,57.0001,56.9599,56.99,2112
2026-03-05 16:55:00,56.98,57.0,56.98,56.9895,2791
2026-03-05 17:00:00,56.99,56.99,56.99,56.99,500
2026-03-05 17:55:00,56.99,57.0,56.99,57.0,600
2026-03-05 18:00:00,56.98,57.04,56.98,57.04,2400
2026-03-05 18:05:00,57.08,57.08,57.08,57.08,400
2026-03-05 18:10:00,57.1,57.1,57.1,57.1,265
2026-03-05 18:20:00,57.11,57.11,57.11,57.11,175
2026-03-05 18:25:00,57.16,57.16,57.16,57.16,250
2026-03-05 18:30:00,57.15,57.15,57.15,57.15,4800
2026-03-05 18:35:00,57.16,57.16,57.16,57.16,225
2026-03-05 18:40:00,57.21,57.23,57.21,57.23,1700
2026-03-05 18:45:00,57.25,57.26,57.24,57.24,3984
2026-03-05 18:50:00,57.22,57.2626,57.22,57.2626,1800
2026-03-05 19:00:00,57.29,57.3,57.29,57.3,220
2026-03-05 19:05:00,57.34,57.37,57.3303,57.37,4742
2026-03-05 19:10:00,57.39,57.4,57.39,57.4,3914
2026-03-05 19:15:00,57.34,57.35,57.34,57.35,3601
2026-03-05 19:20:00,57.33,57.33,57.33,57.33,275
2026-03-05 19:25:00,57.32,57.32,57.3,57.3,1000
2026-03-05 19:30:00,57.29,57.3,57.29,57.3,600
2026-03-05 19:50:00,57.29,57.29,57.28,57.28,270
2026-03-05 19:55:00,57.27,57.28,57.2604,57.27,1536
2026-03-06 04:00:00,57.21,57.22,57.15,57.16,7420
2026-03-06 04:05:00,57.05,57.05,57.03,57.03,910
2026-03-06 04:10:00,57.02,57.06,57.02,57.06,300
2026-03-06 04:15:00,57.02,57.02,56.91,56.91,900
2026-03-06 04:20:00,56.91,56.91,56.91,56.91,500
2026-03-06 04:25:00,56.92,56.92,56.84,56.84,2200
2026-03-06 04:30:00,56.8,56.88,56.8,56.82,1550
2026-03-06 04:35:00,56.73,56.73,56.68,56.7,3600
2026-03-06 04:40:00,56.71,56.71,56.71,56.71,1000
2026-03-06 04:45:00,56.63,56.65,56.58,56.64,3250
2026-03-06 05:05:00,56.82,56.82,56.81,56.81,2100
2026-03-06 05:10:00,56.85,56.85,56.84,56.84,1904
2026-03-06 05:15:00,56.89,56.89,56.87,56.87,1000
2026-03-06 05:25:00,56.8,56.94,56.8,56.92,9468
2026-03-06 05:30:00,56.84,56.84,56.84,56.84,215
2026-03-06 05:35:00,56.85,56.87,56.84,56.84,2843
2026-03-06 05:50:00,56.8,56.8,56.8,56.8,171
2026-03-06 06:00:00,56.78,56.81,56.74,56.74,3681
2026-03-06 06:05:00,56.66,56.73,56.64,56.69,8795
2026-03-06 06:10:00,56.83,56.83,56.83,56.83,616
2026-03-06 06:15:00,56.8,56.8,56.77,56.77,1500
2026-03-06 06:20:00,56.77,56.77,56.77,56.77,900
2026-03-06 06:25:00,56.86,56.88,56.82,56.88,3263
2026-03-06 06:30:00,56.79,56.79,56.79,56.79,246
2026-03-06 06:40:00,56.68,56.68,56.5,56.52,6030
2026-03-06 06:45:00,56.57,56.6,56.57,56.57,2310
2026-03-06 06:50:00,56.56,56.56,56.54,56.54,619
2026-03-06 06:55:00,56.46,56.48,56.46,56.48,1300
2026-03-06 07:00:00,56.49,56.52,56.46,56.49,4426
2026-03-06 07:05:00,56.49,56.54,56.44,56.49,5568
2026-03-06 07:10:00,56.49,56.5,56.49,56.5,1631
2026-03-06 07:15:00,56.57,56.57,56.55,56.55,375
2026-03-06 07:20:00,56.52,56.52,56.52,56.52,298
2026-03-06 07:25:00,56.53,56.53,56.52,56.53,909
2026-03-06 07:30:00,56.46,56.55,56.44,56.49,9951
2026-03-06 07:35:00,56.45,56.45,56.38,56.39,11080
2026-03-06 07:40:00,56.419,56.48,56.419,56.48,3268
2026-03-06 07:45:00,56.4,56.4,56.32,56.32,992
2026-03-06 07:50:00,56.4,56.43,56.37,56.37,700
2026-03-06 07:55:00,56.35,56.4,56.35,56.4,400
2026-03-06 08:00:00,56.47,57.4,56.3499,56.46,39823
2026-03-06 08:05:00,56.43,56.54,56.42,56.52,9861
2026-03-06 08:10:00,56.52,56.5302,56.52,56.53,1936
2026-03-06 08:15:00,56.47,56.5006,56.47,56.5006,850
2026-03-06 08:20:00,56.5164,56.5164,56.4704,56.4803,2400
2026-03-06 08:25:00,56.55,56.6,56.55,56.6,977
2026-03-06 08:30:00,56.65,56.65,56.05,56.36,63614
2026-03-06 08:35:00,56.42,56.45,56.1507,56.1507,5399
2026-03-06 08:40:00,56.13,56.1693,56.05,56.0712,30716
2026-03-06 08:45:00,56.01,56.01,55.7698,55.87,19997
2026-03-06 08:50:00,55.91,55.92,55.68,55.68,32845
2026-03-06 08:55:00,55.69,55.7387,55.578,55.682,6470
2026-03-06 09:00:00,55.63,55.73,55.63,55.65,2725
2026-03-06 09:05:00,55.7,55.7478,55.55,55.59,13575
2026-03-06 09:10:00,55.59,55.71,55.55,55.65,11795
2026-03-06 09:15:00,55.64,55.6787,55.581,55.62,2098
2026-03-06 09:20:00,55.67,55.74,55.6406,55.6494,2760
2026-03-06 09:25:00,55.6784,55.7704,55.6784,55.7704,1440
2026-03-06 09:30:00,55.8,55.9,55.57,55.63,200931
2026-03-06 09:35:00,55.63,55.65,55.3,55.42,180842
2026-03-06 09:40:00,55.42,55.59,55.36,55.39,154395
2026-03-06 09:45:00,55.37,55.52,55.22,55.34,128513
2026-03-06 09:50:00,55.34,55.58,55.305,55.35,137140
2026-03-06 09:55:00,55.34,55.42,55.18,55.3796,157362
2026-03-06 10:00:00,55.37,55.73,55.37,55.695,197466
2026-03-06 10:05:00,55.7,55.73,55.37,55.395,52564
2026-03-06 10:10:00,55.39,55.77,55.35,55.74,51880
2026-03-06 10:15:00,55.76,55.81,55.67,55.8,37676
2026-03-06 10:20:00,55.8,55.96,55.75,55.9,37219
2026-03-06 10:25:00,55.89,55.93,55.81,55.93,29657
2026-03-06 10:30:00,55.92,56.06,55.92,56.04,47710
2026-03-06 10:35:00,56.05,56.22,56.04,56.16,88023
2026-03-06 10:40:00,56.16,56.16,55.925,56.01,62412
2026-03-06 10:45:00,56.01,56.04,55.815,55.86,32622
2026-03-06 10:50:00,55.86,55.86,55.64,55.78,51687
2026-03-06 10:55:00,55.81,56.13,55.8,56.055,85229
2026-03-06 11:00:00,56.05,56.23,56.02,56.21,65097
2026-03-06 11:05:00,56.21,56.22,56.03,56.06,54074
2026-03-06 11:10:00,56.05,56.06,55.9039,55.94,75527
2026-03-06 11:15:00,55.92,56.07,55.89,56.04,36369
2026-03-06 11:20:00,56.055,56.0661,55.81,55.95,46694
2026-03-06 11:25:00,55.97,56.0,55.87,55.96,32760
2026-03-06 11:30:00,55.96,55.99,55.8,55.85,26882
2026-03-06 11:35:00,55.84,56.09,55.83,56.05,34269
2026-03-06 11:40:00,56.06,56.09,55.965,55.97,20692
2026-03-06 11:45:00,55.97,56.175,55.97,56.125,29352
2026-03-06 11:50:00,56.15,56.225,55.97,55.995,70353
2026-03-06 11:55:00,56.0,56.14,55.92,56.055,36862
2026-03-06 12:00:00,56.055,56.205,55.99,56.1099,30279
2026-03-06 12:05:00,56.1,56.11,55.84,55.9,31476
2026-03-06 12:10:00,55.9,55.95,55.84,55.88,24177
2026-03-06 12:15:00,55.885,55.975,55.8,55.97,19092
2026-03-06 12:20:00,55.97,56.0712,55.92,55.97,16452
2026-03-06 12:25:00,55.93,55.97,55.785,55.87,24476
2026-03-06 12:30:00,55.87,55.91,55.83,55.91,7580
2026-03-06 12:35:00,55.87,55.9,55.66,55.71,21212
2026-03-06 12:40:00,55.71,55.745,55.5699,55.675,26644
2026-03-06 12:45:00,55.68,55.81,55.67,55.775,13930
2026-03-06 12:50:00,55.78,55.88,55.73,55.76,22781
2026-03-06 12:55:00,55.765,55.86,55.735,55.74,8581
2026-03-06 13:00:00,55.725,55.94,55.725,55.8197,19147
2026-03-06 13:05:00,55.82,55.955,55.8,55.92,25604
2026-03-06 13:10:00,55.93,56.245,55.88,56.1986,69974
2026-03-06 13:15:00,56.195,56.24,56.105,56.2099,103694
2026-03-06 13:20:00,56.22,56.23,56.06,56.12,15277
2026-03-06 13:25:00,56.1,56.11,55.94,56.01,20903
2026-03-06 13:30:00,56.0,56.11,55.98,56.05,18119
2026-03-06 13:35:00,56.05,56.05,55.9,55.96,16080
2026-03-06 13:40:00,55.96,56.04,55.945,55.985,7826
2026-03-06 13:45:00,56.01,56.01,55.925,56.01,6800
2026-03-06 13:50:00,56.02,56.02,55.8513,55.8888,20706
2026-03-06 13:55:00,55.875,55.96,55.86,55.9,8219
2026-03-06 14:00:00,55.9,55.95,55.875,55.875,19724
2026-03-06 14:05:00,55.87,56.0,55.86,55.99,21031
2026-03-06 14:10:00,55.98,56.13,55.98,56.1,15043
2026-03-06 14:15:00,56.08,56.1076,55.97,56.085,11580
2026-03-06 14:20:00,56.07,56.09,55.92,55.94,23027
2026-03-06 14:25:00,55.93,56.06,55.89,56.05,18509
2026-03-06 14:30:00,56.04,56.12,56.0295,56.07,18538
2026-03-06 14:35:00,56.1,56.1,55.94,56.02,15687
2026-03-06 14:40:00,56.03,56.16,56.0,56.01,22233
2026-03-06 14:45:00,55.99,56.02,55.93,55.9895,11599
2026-03-06 14:50:00,55.98,56.06,55.94,56.04,18068
2026-03-06 14:55:00,56.045,56.08,56.0213,56.06,17944
2026-03-06 15:00:00,56.07,56.22,56.065,56.18,28886
2026-03-06 15:05:00,56.181,56.19,56.05,56.06,14535
2026-03-06 15:10:00,56.05,56.07,55.81,55.89,42931
2026-03-06 15:15:00,55.88,55.97,55.81,55.88,25457
2026-03-06 15:20:00,55.87,55.87,55.7,55.71,26749
2026-03-06 15:25:00,55.71,55.71,55.545,55.58,350496
2026-03-06 15:30:00,55.585,55.6499,55.505,55.545,55621
2026-03-06 15:35:00,55.5,55.61,55.41,55.585,52810
2026-03-06 15:40:00,55.59,55.79,55.52,55.64,100257
2026-03-06 15:45:00,55.65,55.72,55.63,55.7,38691
2026-03-06 15:50:00,55.7,55.72,55.52,55.66,117565
2026-03-06 15:55:00,55.66,55.76,55.57,55.635,325642
2026-03-06 16:00:00,55.62,55.62,55.49,55.49,31281
2026-03-06 16:05:00,55.42,55.5,55.42,55.5,25250
2026-03-06 16:10:00,55.51,55.61,55.5097,55.6,69584
2026-03-06 16:15:00,55.57,55.5892,55.5374,55.54,9346
2026-03-06 16:20:00,55.56,55.56,55.5387,55.5387,7919
2026-03-06 16:25:00,55.53,55.55,55.5,55.5291,13260
2026-03-06 16:30:00,55.5,55.52,55.4904,55.52,4141
2026-03-06 16:35:00,55.52,55.5697,55.52,55.5697,2733
2026-03-06 16:40:00,55.5897,55.5897,55.5699,55.5699,369
2026-03-06 16:45:00,55.609,55.609,55.609,55.609,100
2026-03-06 16:50:00,55.64,55.64,55.64,55.64,2200
2026-03-06 16:55:00,55.64,55.6504,55.57,55.57,1226
2026-03-06 17:00:00,55.68,55.68,55.68,55.68,2590
2026-03-06 17:05:00,55.65,55.65,55.65,55.65,500
2026-03-06 17:10:00,55.63,55.6897,55.63,55.6897,329
2026-03-06 17:15:00,55.5701,55.6593,55.5701,55.59,878
2026-03-06 17:20:00,55.57,55.57,55.57,55.57,200
2026-03-06 17:35:00,55.4804,55.4804,55.4804,55.4804,180
2026-03-06 17:50:00,55.53,55.53,55.53,55.53,850
2026-03-06 17:55:00,55.56,55.56,55.56,55.56,200
2026-03-06 18:15:00,55.55,55.55,55.55,55.55,100
2026-03-06 18:25:00,55.7,55.7,55.7,55.7,100
2026-03-06 18:45:00,55.5,55.5,55.5,55.5,100
2026-03-06 18:50:00,55.5519,55.5519,55.5519,55.5519,400
2026-03-06 18:55:00,55.6,55.6,55.6,55.6,118
2026-03-06 19:35:00,55.6,55.6,55.6,55.6,230
2026-03-06 19:45:00,55.6,55.6,55.56,55.56,370
2026-03-06 19:50:00,55.56,55.56,55.56,55.56,100
2026-03-09 04:00:00,54.16,54.16,53.99,54.04,10709
2026-03-09 04:15:00,53.93,53.93,53.93,53.93,400
2026-03-09 04:20:00,54.11,54.19,54.11,54.19,2669
2026-03-09 04:25:00,54.17,54.17,54.15,54.15,600
2026-03-09 04:35:00,54.24,54.24,54.24,54.24,100
2026-03-09 04:45:00,54.07,54.12,54.07,54.12,1514
2026-03-09 04:50:00,54.26,54.26,54.25,54.25,300
2026-03-09 04:55:00,54.23,54.24,54.22,54.22,600
2026-03-09 05:05:00,54.14,54.14,54.14,54.14,967
2026-03-09 05:10:00,54.18,54.35,54.18,54.35,2240
2026-03-09 05:15:00,54.49,54.5,54.49,54.5,1210
2026-03-09 05:20:00,54.55,54.55,54.55,54.55,120
2026-03-09 05:25:00,54.65,54.65,54.65,54.65,100
2026-03-09 05:30:00,54.61,54.87,54.52,54.87,5967
2026-03-09 05:35:00,54.88,54.89,54.77,54.77,1161
2026-03-09 05:40:00,54.76,54.81,54.76,54.78,559
2026-03-09 05:45:00,54.81,54.84,54.79,54.79,577
2026-03-09 05:50:00,54.61,54.61,54.54,54.54,456
2026-03-09 05:55:00,54.62,54.62,54.62,54.62,161
2026-03-09 06:00:00,54.5,54.54,54.5,54.54,770
2026-03-09 06:10:00,54.49,54.49,54.44,54.44,400
2026-03-09 06:20:00,54.5,54.53,54.5,54.53,636
2026-03-09 06:25:00,54.5,54.51,54.49,54.49,3855
2026-03-09 06:30:00,54.41,54.41,54.41,54.41,200
2026-03-09 06:35:00,54.52,54.52,54.38,54.38,1100
2026-03-09 06:40:00,54.52,54.52,54.52,54.52,400
2026-03-09 06:45:00,54.41,54.41,54.4,54.4,220
2026-03-09 06:50:00,54.37,54.39,54.37,54.38,406
2026-03-09 06:55:00,54.41,54.41,54.41,54.41,100
2026-03-09 07:00:00,54.4,54.51,54.4,54.48,2540
2026-03-09 07:05:00,54.53,54.56,54.509,54.509,620
2026-03-09 07:10:00,54.49,54.49,54.49,54.49,191
2026-03-09 07:15:00,54.34,54.37,54.34,54.37,1100
2026-03-09 07:20:00,54.3,54.4,54.29,54.4,2030
2026-03-09 07:30:00,54.33,54.33,54.31,54.31,246
2026-03-09 07:35:00,54.511,54.54,54.48,54.48,600
2026-03-09 07:45:00,54.4,54.4,54.4,54.4,358
2026-03-09 07:50:00,54.38,54.42,54.38,54.42,903
2026-03-09 07:55:00,54.42,54.42,54.42,54.42,227
2026-03-09 08:00:00,54.3999,54.8204,53.5,54.53,33511
2026-03-09 08:05:00,53.83,54.61,53.46,54.5401,39594
2026-03-09 08:10:00,54.57,54.59,54.57,54.59,445
2026-03-09 08:15:00,54.6306,54.67,54.6306,54.65,2989
2026-03-09 08:20:00,54.68,54.73,54.65,54.71,4640
2026-03-09 08:25:00,54.71,54.74,54.6687,54.74,3119
2026-03-09 08:30:00,54.76,54.77,54.61,54.61,6042
2026-03-09 08:35:00,54.55,54.5798,54.49,54.49,5795
2026-03-09 08:40:00,54.45,54.48,54.41,54.4113,2963
2026-03-09 08:45:00,54.4,54.43,54.37,54.37,6642
2026-03-09 08:50:00,54.35,54.43,54.3208,54.34,16497
2026-03-09 08:55:00,54.35,54.42,54.35,54.42,8215
2026-03-09 09:00:00,54.44,54.49,54.43,54.49,2714
2026-03-09 09:05:00,54.549,54.549,54.45,54.48,3865
2026-03-09 09:10:00,54.4894,54.58,54.4894,54.58,360
2026-03-09 09:15:00,54.65,54.65,54.58,54.5892,4312
2026-03-09 09:20:00,54.53,54.57,54.51,54.53,7908
2026-03-09 09:25:00,54.51,54.62,54.48,54.62,6834
2026-03-09 09:30:00,54.62,54.81,54.52,54.61,291273
2026-03-09 09:35:00,54.615,54.64,54.325,54.345,400780
2026-03-09 09:40:00,54.34,54.37,54.17,54.28,276487
2026-03-09 09:45:00,54.28,54.37,54.13,54.16,207384
2026-03-09 09:50:00,54.15,54.24,54.01,54.08,221598
2026-03-09 09:55:00,54.06,54.36,54.01,54.2377,283232
2026-03-09 10:00:00,54.23,54.53,54.18,54.53,77713
2026-03-09 10:05:00,54.54,54.54,54.045,54.1401,147100
2026-03-09 10:10:00,54.14,54.15,53.96,54.0612,100833
2026-03-09 10:15:00,54.09,54.25,54.04,54.2061,64166
2026-03-09 10:20:00,54.19,54.49,54.06,54.44,62168
2026-03-09 10:25:00,54.42,54.47,54.17,54.23,60169
2026-03-09 10:30:00,54.23,54.41,54.23,54.39,72291
2026-03-09 10:35:00,54.37,54.635,54.355,54.56,48237
2026-03-09 10:40:00,54.555,54.7,54.495,54.7,77299
2026-03-09 10:45:00,54.71,54.84,54.68,54.81,55089
2026-03-09 10:50:00,54.82,54.9,54.74,54.9,61923
2026-03-09 10:55:00,54.9,54.93,54.74,54.82,98930
2026-03-09 11:00:00,54.83,54.99,54.83,54.96,61274
2026-03-09 11:05:00,54.96,55.005,54.86,54.89,36138
2026-03-09 11:10:00,54.89,55.02,54.8813,55.01,40900
2026-03-09 11:15:00,55.05,55.1,54.95,55.0164,33692
2026-03-09 11:20:00,55.02,55.13,54.99,55.1103,38174
2026-03-09 11:25:00,55.1012,55.2,55.06,55.17,35393
2026-03-09 11:30:00,55.17,55.18,55.0,55.03,69489
2026-03-09 11:35:00,55.02,55.04,54.97,55.0,86412
2026-03-09 11:40:00,54.99,55.01,54.95,54.97,23446
2026-03-09 11:45:00,54.97,55.1177,54.96,55.07,28411
2026-03-09 11:50:00,55.065,55.175,55.0499,55.16,28229
2026-03-09 11:55:00,55.1501,55.19,55.11,55.14,13545
2026-03-09 12:00:00,55.13,55.26,55.085,55.16,22098
2026-03-09 12:05:00,55.17,55.23,55.15,55.19,20738
2026-03-09 12:10:00,55.18,55.24,55.14,55.2,13935
2026-03-09 12:15:00,55.2,55.215,55.145,55.21,16782
2026-03-09 12:20:00,55.205,55.31,55.1,55.29,31099
2026-03-09 12:25:00,55.28,55.47,55.265,55.35,46873
2026-03-09 12:30:00,55.37,55.39,55.21,55.35,29409
2026-03-09 12:35:00,55.35,55.44,55.35,55.39,24142
2026-03-09 12:40:00,55.3922,55.53,55.3922,55.52,19558
2026-03-09 12:45:00,55.53,55.59,55.5,55.5401,46125
2026-03-09 12:50:00,55.5408,55.55,55.46,55.475,32760
2026-03-09 12:55:00,55.46,55.535,55.42,55.42,32784
2026-03-09 13:00:00,55.43,55.435,55.29,55.35,19358
2026-03-09 13:05:00,55.34,55.36,55.27,55.35,31105
2026-03-09 13:10:00,55.35,55.3786,55.29,55.33,28194
2026-03-09 13:15:00,55.32,55.34,55.165,55.17,33103
2026-03-09 13:20:00,55.171,55.19,55.05,55.05,48102
2026-03-09 13:25:00,55.04,55.065,55.0014,55.03,20701
2026-03-09 13:30:00,55.03,55.06,54.99,55.02,17856
2026-03-09 13:35:00,55.02,55.05,54.96,54.97,19298
2026-03-09 13:40:00,54.96,55.0,54.9,54.93,29626
2026-03-09 13:45:00,54.92,55.06,54.92,54.99,22462
2026-03-09 13:50:00,54.98,55.085,54.97,55.08,19256
2026-03-09 13:55:00,55.08,55.1,55.0,55.02,19337
2026-03-09 14:00:00,55.02,55.1,55.02,55.06,20640
2026-03-09 14:05:00,55.07,55.18,55.0498,55.07,21980
2026-03-09 14:10:00,55.07,55.1761,55.06,55.145,22175
2026-03-09 14:15:00,55.145,55.26,55.11,55.24,16914
2026-03-09 14:20:00,55.25,55.35,55.15,55.23,39899
2026-03-09 14:25:00,55.22,55.25,55.1999,55.23,17569
2026-03-09 14:30:00,55.22,55.41,55.22,55.39,48587
2026-03-09 14:35:00,55.38,55.43,55.345,55.37,19556
2026-03-09 14:40:00,55.375,55.385,55.33,55.37,32282
2026-03-09 14:45:00,55.355,55.42,55.35,55.38,14485
2026-03-09 14:50:00,55.36,55.42,55.34,55.38,117786
2026-03-09 14:55:00,55.35,55.35,55.21,55.22,32051
2026-03-09 15:00:00,55.23,55.3,55.21,55.26,15411
2026-03-09 15:05:00,55.26,55.28,55.2,55.27,19165
2026-03-09 15:10:00,55.27,55.335,55.27,55.28,33975
2026-03-09 15:15:00,55.28,55.8,55.28,55.78,292109
2026-03-09 15:20:00,55.78,56.16,55.72,56.07,331062
2026-03-09 15:25:00,56.09,56.46,56.01,56.435,174891
2026-03-09 15:30:00,56.43,56.6299,56.1961,56.6299,217163
2026-03-09 15:35:00,56.61,56.86,56.43,56.82,307757
2026-03-09 15:40:00,56.81,56.81,56.37,56.5213,192547
2026-03-09 15:45:00,56.51,56.63,56.4301,56.54,114318
2026-03-09 15:50:00,56.53,56.54,56.3397,56.4,181473
2026-03-09 15:55:00,56.41,56.665,56.37,56.59,256100
2026-03-09 16:00:00,56.585,56.6699,56.461,56.52,63215
2026-03-09 16:05:00,56.51,56.51,56.4,56.4,12687
2026-03-09 16:10:00,56.34,56.4187,56.34,56.4187,3100
2026-03-09 16:15:00,56.4,56.4,56.3,56.3,5600
2026-03-09 16:20:00,56.28,56.36,56.26,56.35,2600
2026-03-09 16:25:00,56.3474,56.4204,56.34,56.4204,6300
2026-03-09 16:30:00,56.42,56.48,56.38,56.41,22956
2026-03-09 16:35:00,56.43,56.47,56.4,56.47,3817
2026-03-09 16:40:00,56.42,56.42,56.41,56.4186,2862
2026-03-09 16:45:00,56.38,56.41,56.35,56.39,4730
2026-03-09 16:50:00,56.42,56.45,56.41,56.41,1900
2026-03-09 16:55:00,56.4,56.5,56.4,56.46,2083
2026-03-09 17:00:00,56.47,56.4981,56.44,56.44,3760
2026-03-09 17:05:00,56.52,56.52,56.5,56.5,300
2026-03-09 17:15:00,56.53,56.53,56.5,56.5,300
2026-03-09 17:20:00,56.5082,56.5082,56.5082,56.5082,200
2026-03-09 17:30:00,56.4957,56.54,56.48,56.54,2501
2026-03-09 17:35:00,56.5201,56.55,56.5201,56.55,11047
2026-03-09 17:40:00,56.59,56.6,56.42,56.42,8317
2026-03-09 17:45:00,56.4,56.4,56.4,56.4,800
2026-03-09 18:00:00,56.5,56.5,56.2,56.2,14807
2026-03-09 18:05:00,56.2721,56.49,56.2721,56.35,6237
2026-03-09 18:10:00,56.37,56.37,56.27,56.36,2737
2026-03-09 18:15:00,56.3004,56.32,56.2299,56.2299,1261
2026-03-09 18:20:00,56.2226,56.2226,56.1598,56.1598,2000
2026-03-09 18:25:00,56.1521,56.37,56.1521,56.37,2043
2026-03-09 18:30:00,56.3296,56.3296,56.22,56.22,1622
2026-03-09 18:35:00,56.19,56.21,56.16,56.16,1648
2026-03-09 18:40:00,56.19,56.26,56.19,56.26,1430
2026-03-09 18:45:00,56.26,56.29,56.26,56.29,800
2026-03-09 19:00:00,56.1904,56.1904,56.15,56.17,1375
2026-03-09 19:05:00,56.2574,56.2574,56.2574,56.2574,100
2026-03-09 19:10:00,56.2403,56.26,56.2403,56.26,1000
2026-03-09 19:15:00,56.24,56.2401,56.21,56.2401,2000
2026-03-09 19:20:00,56.2,56.2,56.2,56.2,430
2026-03-09 19:25:00,56.22,56.22,56.22,56.22,100
2026-03-09 19:35:00,56.1505,56.1505,56.15,56.15,350
2026-03-09 19:40:00,56.1208,56.129,56.1,56.1,1570
2026-03-09 19:45:00,56.08,56.08,56.08,56.08,700
2026-03-09 19:50:00,56.05,56.07,56.0195,56.07,14120
2026-03-09 19:55:00,56.09,56.09,56.0801,56.0801,1500
2026-03-10 04:00:00,56.88,56.91,56.84,56.91,3766
2026-03-10 04:05:00,56.99,57.06,56.99,57.06,985
2026-03-10 04:15:00,57.0,57.0,57.0,57.0,200
2026-03-10 04:20:00,57.0,57.0,57.0,57.0,2700
2026-03-10 04:25:00,57.02,57.02,57.02,57.02,100
2026-03-10 04:30:00,57.03,57.03,57.03,57.03,100
2026-03-10 04:35:00,57.05,57.05,57.05,57.05,200
2026-03-10 04:45:00,57.08,57.08,57.08,57.08,277
2026-03-10 04:50:00,57.03,57.03,56.94,56.94,279
2026-03-10 04:55:00,56.95,56.95,56.88,56.88,1300
2026-03-10 05:00:00,56.94,56.94,56.94,56.94,100
2026-03-10 05:05:00,57.04,57.04,57.04,57.04,4329
2026-03-10 05:10:00,57.07,57.07,57.07,57.07,190
2026-03-10 05:15:00,57.02,57.02,57.02,57.02,200
2026-03-10 05:25:00,57.0,57.0,56.98,56.99,1070
2026-03-10 05:30:00,57.02,57.02,57.02,57.02,100
2026-03-10 05:40:00,56.98,56.98,56.98,56.98,200
2026-03-10 05:50:00,57.02,57.02,57.02,57.02,200
2026-03-10 05:55:00,56.93,56.93,56.93,56.93,761
2026-03-10 06:00:00,56.84,56.84,56.84,56.84,1912
2026-03-10 06:05:00,56.81,56.81,56.81,56.81,100
2026-03-10 06:15:00,56.76,56.76,56.76,56.76,3600
2026-03-10 06:20:00,56.71,56.74,56.71,56.74,942
2026-03-10 06:25:00,56.77,56.85,56.77,56.85,1071
2026-03-10 06:30:00,56.87,56.87,56.78,56.78,596
2026-03-10 06:35:00,56.75,56.75,56.63,56.63,1377
2026-03-10 07:00:00,56.8,56.92,56.74,56.92,1400
2026-03-10 07:05:00,56.92,56.92,56.7,56.7,886
2026-03-10 07:10:00,56.68,56.68,56.68,56.68,423
2026-03-10 07:20:00,56.53,56.61,56.53,56.61,28129
2026-03-10 07:25:00,56.61,56.61,56.58,56.58,900
2026-03-10 07:30:00,56.62,56.62,56.55,56.55,977
2026-03-10 07:35:00,56.52,56.53,56.5,56.51,4393
2026-03-10 07:40:00,56.5,56.52,56.42,56.42,2111
2026-03-10 07:45:00,56.4,56.4,56.36,56.39,2500
2026-03-10 07:50:00,56.47,56.48,56.47,56.48,3400
2026-03-10 07:55:00,56.41,56.47,56.36,56.42,5653
2026-03-10 08:00:00,56.7503,57.1,56.04,56.3,102465
2026-03-10 08:05:00,56.3,56.83,56.12,56.1387,11354
2026-03-10 08:10:00,56.12,56.23,56.12,56.19,5177
2026-03-10 08:15:00,56.2187,56.2187,56.15,56.15,2997
2026-03-10 08:20:00,56.17,56.25,56.17,56.25,1577
2026-03-10 08:25:00,56.25,56.25,56.21,56.21,2685
2026-03-10 08:30:00,56.15,56.1693,56.05,56.1693,4479
2026-03-10 08:35:00,56.22,56.2492,56.21,56.2492,1200
2026-03-10 08:40:00,56.27,56.3,56.27,56.3,220
2026-03-10 08:45:00,56.2794,56.4011,56.2794,56.4011,2610
2026-03-10 08:50:00,56.37,56.43,56.365,56.4074,7470
2026-03-10 08:55:00,56.43,56.43,56.329,56.34,2880
2026-03-10 09:00:00,56.38,56.4006,56.37,56.39,2708
2026-03-10 09:05:00,56.36,56.36,56.34,56.3585,1557
2026-03-10 09:10:00,56.42,56.42,56.37,56.37,1920
2026-03-10 09:15:00,56.36,56.38,56.36,56.38,302
2026-03-10 09:20:00,56.4,56.5,56.4,56.5,5727
2026-03-10 09:25:00,56.5,56.5,56.45,56.46,2101
2026-03-10 09:30:00,56.49,56.665,56.4,56.46,140713
2026-03-10 09:35:00,56.47,56.5,56.335,56.44,139903
2026-03-10 09:40:00,56.41,56.49,56.18,56.4,121885
2026-03-10 09:45:00,56.4,56.45,56.255,56.41,43232
2026-03-10 09:50:00,56.42,56.42,56.2601,56.2601,14577
2026-03-10 09:55:00,56.25,56.275,56.12,56.18,14466
2026-03-10 10:00:00,56.18,56.2157,56.0351,56.21,27134
2026-03-10 10:05:00,56.235,56.3592,56.0,56.0,29259
2026-03-10 10:10:00,56.03,56.15,56.015,56.1,31681
2026-03-10 10:15:00,56.1,56.27,56.01,56.25,37213
2026-03-10 10:20:00,56.25,56.44,56.235,56.39,31694
2026-03-10 10:25:00,56.41,56.53,56.4,56.48,35759
2026-03-10 10:30:00,56.48,56.72,56.48,56.69,30625
2026-03-10 10:35:00,56.69,56.7899,56.64,56.7899,29921
2026-03-10 10:40:00,56.79,56.91,56.76,56.87,43014
2026-03-10 10:45:00,56.88,56.925,56.8,56.91,43407
2026-03-10 10:50:00,56.925,57.01,56.92,57.0,79095
2026-03-10 10:55:00,56.995,57.06,56.9812,57.03,50921
2026-03-10 11:00:00,57.06,57.1487,57.05,57.1,38152
2026-03-10 11:05:00,57.1,57.1,56.95,56.975,31495
2026-03-10 11:10:00,56.97,56.995,56.92,56.94,44358
2026-03-10 11:15:00,56.94,57.11,56.94,57.105,33738
2026-03-10 11:20:00,57.1,57.13,57.04,57.05,45359
2026-03-10 11:25:00,57.07,57.07,57.03,57.06,10913
2026-03-10 11:30:00,57.055,57.06,56.94,56.95,19467
2026-03-10 11:35:00,56.9614,57.04,56.96,57.04,17066
2026-03-10 11:40:00,57.04,57.19,57.0,57.11,38102
2026-03-10 11:45:00,57.11,57.135,57.01,57.0613,54321
2026-03-10 11:50:00,57.07,57.1434,57.02,57.04,29479
2026-03-10 11:55:00,57.03,57.11,57.015,57.1,12293
2026-03-10 12:00:00,57.085,57.085,56.94,56.97,126361
2026-03-10 12:05:00,56.95,56.955,56.82,56.88,39547
2026-03-10 12:10:00,56.88,57.01,56.865,56.95,17354
2026-03-10 12:15:00,56.95,57.07,56.92,57.03,20882
2026-03-10 12:20:00,57.03,57.03,56.92,56.97,24394
2026-03-10 12:25:00,56.98,57.09,56.95,56.97,68271
2026-03-10 12:30:00,56.98,57.0939,56.975,57.0939,52004
2026-03-10 12:35:00,57.1,57.14,57.08,57.1378,17594
2026-03-10 12:40:00,57.14,57.15,57.08,57.13,40430
2026-03-10 12:45:00,57.125,57.125,56.975,57.04,269981
2026-03-10 12:50:00,57.01,57.17,57.0,57.14,16022
2026-03-10 12:55:00,57.14,57.15,57.1,57.11,12870
2026-03-10 13:00:00,57.1,57.21,57.0861,57.175,24311
2026-03-10 13:05:00,57.18,57.255,57.18,57.211,24537
2026-03-10 13:10:00,57.21,57.255,57.14,57.17,24986
2026-03-10 13:15:00,57.17,57.32,57.17,57.32,16019
2026-03-10 13:20:00,57.31,57.33,57.26,57.32,71899
2026-03-10 13:25:00,57.315,57.43,57.3,57.4101,33157
2026-03-10 13:30:00,57.4,57.4,57.21,57.21,38622
2026-03-10 13:35:00,57.22,57.23,56.98,57.07,651336
2026-03-10 13:40:00,57.08,57.16,57.05,57.08,39099
2026-03-10 13:45:00,57.08,57.28,57.07,57.215,22155
2026-03-10 13:50:00,57.225,57.3,57.21,57.26,18009
2026-03-10 13:55:00,57.26,57.26,57.17,57.2015,16262
2026-03-10 14:00:00,57.21,57.23,57.16,57.21,30339
2026-03-10 14:05:00,57.21,57.21,57.09,57.11,63177
2026-03-10 14:10:00,57.11,57.2,56.645,56.65,120634
2026-03-10 14:15:00,56.64,56.83,56.48,56.56,234448
2026-03-10 14:20:00,56.54,56.7,56.43,56.6,183487
2026-03-10 14:25:00,56.61,56.89,56.6,56.76,108483
2026-03-10 14:30:00,56.76,56.93,56.685,56.82,55162
2026-03-10 14:35:00,56.835,56.88,56.61,56.7,44268
2026-03-10 14:40:00,56.7,56.77,56.61,56.69,16434
2026-03-10 14:45:00,56.65,56.75,56.63,56.7039,20950
2026-03-10 14:50:00,56.72,56.8339,56.61,56.69,22884
2026-03-10 14:55:00,56.69,56.73,56.61,56.61,16112
2026-03-10 15:00:00,56.62,56.7,56.5898,56.63,20246
2026-03-10 15:05:00,56.62,56.68,56.55,56.65,108660
2026-03-10 15:10:00,56.635,56.7,56.57,56.685,12834
2026-03-10 15:15:00,56.69,56.7879,56.66,56.75,14037
2026-03-10 15:20:00,56.75,56.7599,56.51,56.6399,70150
2026-03-10 15:25:00,56.625,56.6299,56.43,56.4399,48195
2026-03-10 15:30:00,56.43,56.46,56.34,56.385,19213
2026-03-10 15:35:00,56.37,56.46,56.29,56.44,709736
2026-03-10 15:40:00,56.4521,56.57,56.33,56.44,108506
2026-03-10 15:45:00,56.44,56.485,56.28,56.32,28349
2026-03-10 15:50:00,56.33,56.36,56.25,56.335,100745
2026-03-10 15:55:00,56.32,56.395,56.24,56.36,137713
2026-03-10 16:00:00,56.38,56.4126,56.36,56.3909,11636
2026-03-10 16:05:00,56.4,56.48,56.4,56.48,5065
2026-03-10 16:10:00,56.45,56.5736,56.45,56.5736,620
2026-03-10 16:15:00,56.54,56.54,56.49,56.51,4220
2026-03-10 16:20:00,56.56,56.56,56.5497,56.55,3680
2026-03-10 16:25:00,56.53,56.54,56.53,56.54,1755
2026-03-10 16:30:00,56.54,56.54,56.5201,56.5201,1521
2026-03-10 16:35:00,56.52,56.52,56.52,56.52,400
2026-03-10 16:40:00,56.52,56.52,56.52,56.52,700
2026-03-10 16:50:00,56.5299,56.5299,56.51,56.51,639
2026-03-10 16:55:00,56.53,56.53,56.52,56.52,635
2026-03-10 17:35:00,56.55,56.7013,56.55,56.7013,300
2026-03-10 17:40:00,56.57,56.57,56.57,56.57,180
2026-03-10 17:55:00,56.511,56.511,56.511,56.511,118
2026-03-10 18:00:00,56.54,56.57,56.46,56.46,3474
2026-03-10 18:10:00,56.44,56.44,56.44,56.44,150
2026-03-10 18:15:00,56.45,56.45,56.45,56.45,250
2026-03-10 18:20:00,56.43,56.43,56.43,56.43,100
2026-03-10 18:25:00,56.42,56.42,56.37,56.37,5809
2026-03-10 18:30:00,56.3696,56.37,56.3498,56.3498,14380
2026-03-10 18:35:00,56.3402,56.3402,56.3,56.3,1530
2026-03-10 18:40:00,56.32,56.32,56.2902,56.2902,424
2026-03-10 19:00:00,56.3582,56.3582,56.3582,56.3582,100
2026-03-10 19:20:00,56.4488,56.4488,56.4488,56.4488,100
2026-03-10 19:25:00,56.42,56.42,56.42,56.42,200
2026-03-10 19:30:00,56.4295,56.4295,56.41,56.41,1300
2026-03-10 19:35:00,56.4198,56.4198,56.4,56.4007,800
2026-03-10 19:45:00,56.461,56.461,56.461,56.461,320
2026-03-10 19:50:00,56.49,56.55,56.49,56.5194,2150
2026-03-10 19:55:00,56.5301,56.54,56.5301,56.54,1860
2026-03-11 04:00:00,56.51,56.51,56.51,56.51,100
2026-03-11 04:05:00,56.53,56.53,56.53,56.53,100
2026-03-11 04:15:00,56.52,56.52,56.52,56.52,1000
2026-03-11 04:20:00,56.53,56.53,56.53,56.53,500
2026-03-11 04:35:00,56.54,56.54,56.51,56.51,1100
2026-03-11 04:45:00,56.39,56.39,56.3,56.3,1589
2026-03-11 04:55:00,56.18,56.4,56.18,56.39,19749
2026-03-11 05:00:00,56.15,56.15,56.15,56.15,128
2026-03-11 05:10:00,56.16,56.16,56.15,56.15,200
2026-03-11 05:20:00,56.26,56.28,56.26,56.28,3156
2026-03-11 05:25:00,56.16,56.17,56.12,56.12,2802
2026-03-11 05:30:00,56.12,56.12,56.12,56.12,139
2026-03-11 05:40:00,56.15,56.15,56.15,56.15,200
2026-03-11 05:45:00,56.19,56.19,56.19,56.19,300
2026-03-11 05:55:00,56.13,56.13,56.09,56.09,800
2026-03-11 06:00:00,56.18,56.18,56.18,56.18,500
2026-03-11 06:05:00,56.25,56.31,56.25,56.3,2378
2026-03-11 06:10:00,56.33,56.33,56.29,56.31,778
2026-03-11 06:20:00,56.34,56.34,56.34,56.34,500
2026-03-11 06:25:00,56.34,56.34,56.34,56.34,500
2026-03-11 06:40:00,56.55,56.55,56.55,56.55,120
2026-03-11 06:50:00,56.53,56.55,56.53,56.55,200
2026-03-11 07:00:00,56.56,56.66,56.56,56.62,2065
2026-03-11 07:05:00,56.589,56.589,56.589,56.589,1000
2026-03-11 07:10:00,56.58,56.58,56.58,56.58,100
2026-03-11 07:15:00,56.64,56.64,56.62,56.62,1556
2026-03-11 07:20:00,56.48,56.48,56.44,56.44,2150
2026-03-11 07:25:00,56.45,56.49,56.39,56.39,2113
2026-03-11 07:30:00,56.38,56.42,56.38,56.41,4569
2026-03-11 07:35:00,56.38,56.39,56.38,56.39,1750
2026-03-11 07:40:00,56.35,56.35,56.28,56.34,3828
2026-03-11 07:45:00,56.24,56.25,56.19,56.19,5796
2026-03-11 07:50:00,56.2,56.37,56.16,56.25,22987
2026-03-11 07:55:00,56.26,56.29,56.26,56.26,800
2026-03-11 08:00:00,56.23,56.92,56.08,56.46,39841
2026-03-11 08:05:00,56.26,56.26,56.24,56.24,700
2026-03-11 08:10:00,56.22,56.28,56.22,56.27,1900
2026-03-11 08:20:00,56.32,56.33,56.32,56.33,1000
2026-03-11 08:25:00,56.38,56.4,56.38,56.4,500
2026-03-11 08:30:00,56.55,56.63,56.149,56.149,5390
2026-03-11 08:35:00,56.13,56.21,56.13,56.2,10165
2026-03-11 08:40:00,56.21,56.21,56.08,56.08,1789
2026-03-11 08:45:00,56.05,56.0602,56.01,56.05,6589
2026-03-11 08:55:00,56.09,56.15,56.09,56.1077,2124
2026-03-11 09:00:00,56.12,56.25,56.12,56.2188,9137
2026-03-11 09:05:00,56.23,56.3399,56.23,56.23,6132
2026-03-11 09:10:00,56.1698,56.1698,56.1698,56.1698,200
2026-03-11 09:15:00,56.169,56.26,56.169,56.26,850
2026-03-11 09:20:00,56.331,56.331,56.3,56.31,812
2026-03-11 09:25:00,56.4,56.43,56.3799,56.41,6766
2026-03-11 09:30:00,56.47,56.58,56.44,56.49,241463
2026-03-11 09:35:00,56.49,56.59,56.47,56.59,66611
2026-03-11 09:40:00,56.6,56.61,56.39,56.43,28705
2026-03-11 09:45:00,56.42,56.505,56.27,56.31,56029
2026-03-11 09:50:00,56.295,56.46,56.23,56.36,28731
2026-03-11 09:55:00,56.39,56.55,56.291,56.48,31158
2026-03-11 10:00:00,56.5,56.87,56.48,56.59,146999
2026-03-11 10:05:00,56.58,56.7,56.4301,56.525,59402
2026-03-11 10:10:00,56.525,56.57,56.37,56.54,45664
2026-03-11 10:15:00,56.53,56.56,56.355,56.49,32157
2026-03-11 10:20:00,56.49,56.5,56.225,56.225,34173
2026-03-11 10:25:00,56.215,56.24,56.07,56.22,39647
2026-03-11 10:30:00,56.23,56.32,56.05,56.11,23820
2026-03-11 10:35:00,56.11,56.37,56.11,56.32,20400
2026-03-11 10:40:00,56.32,56.47,56.3,56.43,45827
2026-03-11 10:45:00,56.425,56.49,56.36,56.47,14362
2026-03-11 10:50:00,56.47,56.505,56.45,56.4999,17298
2026-03-11 10:55:00,56.495,56.5801,56.445,56.53,26678
2026-03-11 11:00:00,56.54,56.63,56.36,56.5,19982
2026-03-11 11:05:00,56.5,56.5,56.36,56.37,4918
2026-03-11 11:10:00,56.4,56.44,56.08,56.17,37522
2026-03-11 11:15:00,56.16,56.16,56.01,56.1,43804
2026-03-11 11:20:00,56.0995,56.24,56.0507,56.2308,39412
2026-03-11 11:25:00,56.23,56.27,55.97,55.97,66021
2026-03-11 11:30:00,55.98,56.0439,55.8895,56.01,39268
2026-03-11 11:35:00,56.01,56.07,55.9705,56.005,18785
2026-03-11 11:40:00,56.0,56.05,55.9,55.9,18474
2026-03-11 11:45:00,55.9,55.9161,55.81,55.865,64923
2026-03-11 11:50:00,55.87,56.01,55.865,56.01,31105
2026-03-11 11:55:00,56.02,56.03,55.89,55.89,24222
2026-03-11 12:00:00,55.85,55.875,55.78,55.79,23629
2026-03-11 12:05:00,55.8,55.86,55.78,55.81,14660
2026-03-11 12:10:00,55.8387,55.9213,55.795,55.9213,47629
2026-03-11 12:15:00,55.915,55.93,55.83,55.8303,52325
2026-03-11 12:20:00,55.835,55.97,55.82,55.91,57441
2026-03-11 12:25:00,55.92,55.975,55.8739,55.975,60226
2026-03-11 12:30:00,55.975,56.1706,55.97,56.16,29592
2026-03-11 12:35:00,56.15,56.18,56.0499,56.08,15861
2026-03-11 12:40:00,56.095,56.19,56.09,56.1,7964
2026-03-11 12:45:00,56.06,56.15,56.05,56.08,7020
2026-03-11 12:50:00,56.09,56.2,56.09,56.195,13553
2026-03-11 12:55:00,56.18,56.2302,56.16,56.23,13630
2026-03-11 13:00:00,56.2389,56.27,56.21,56.23,19048
2026-03-11 13:05:00,56.23,56.27,56.22,56.2299,8610
2026-03-11 13:10:00,56.21,56.22,56.13,56.13,10234
2026-03-11 13:15:00,56.14,56.205,56.0809,56.11,6379
2026-03-11 13:20:00,56.12,56.23,56.12,56.23,8733
2026-03-11 13:25:00,56.25,56.32,56.22,56.25,13586
2026-03-11 13:30:00,56.27,56.29,56.2001,56.2192,13532
2026-03-11 13:35:00,56.235,56.235,55.75,55.925,77135
2026-03-11 13:40:00,55.93,56.01,55.84,55.96,22377
2026-03-11 13:45:00,55.95,56.02,55.9,56.0,27133
2026-03-11 13:50:00,56.04,56.14,56.01,56.05,17343
2026-03-11 13:55:00,56.0,56.06,55.94,56.02,22290
2026-03-11 14:00:00,56.02,56.06,55.99,56.03,7000
2026-03-11 14:05:00,56.04,56.04,55.92,55.92,4397
2026-03-11 14:10:00,55.9239,55.9239,55.81,55.92,19185
2026-03-11 14:15:00,55.9201,56.03,55.91,55.98,10180
2026-03-11 14:20:00,56.04,56.06,55.92,55.98,13651
2026-03-11 14:25:00,55.99,56.1,55.96,56.07,13113
2026-03-11 14:30:00,56.1,56.115,56.0412,56.115,11236
2026-03-11 14:35:00,56.115,56.12,56.03,56.05,13474
2026-03-11 14:40:00,56.025,56.03,55.99,56.025,6550
2026-03-11 14:45:00,56.039,56.065,55.99,56.0,14261
2026-03-11 14:50:00,56.005,56.14,56.005,56.11,16073
2026-03-11 14:55:00,56.105,56.15,56.04,56.06,11093
2026-03-11 15:00:00,56.08,56.1,55.94,56.02,28169
2026-03-11 15:05:00,56.0,56.03,55.96,56.0,8603
2026-03-11 15:10:00,56.01,56.0161,55.92,55.94,6301
2026-03-11 15:15:00,55.94,56.02,55.92,56.02,8719
2026-03-11 15:20:00,56.02,56.035,55.94,55.995,21022
2026-03-11 15:25:00,56.02,56.06,55.99,56.025,13191
2026-03-11 15:30:00,56.02,56.16,55.99,56.135,28797
2026-03-11 15:35:00,56.14,56.1792,56.1001,56.1608,61659
2026-03-11 15:40:00,56.175,56.22,56.14,56.2,77570
2026-03-11 15:45:00,56.21,56.21,56.11,56.13,24747
2026-03-11 15:50:00,56.12,56.25,56.0999,56.25,41443
2026-03-11 15:55:00,56.25,56.28,56.22,56.25,57335
2026-03-11 16:00:00,56.25,56.27,56.13,56.15,51874
2026-03-11 16:05:00,56.14,56.14,56.14,56.14,104
2026-03-11 16:15:00,56.19,56.2,56.19,56.2,570
2026-03-11 16:20:00,56.2,56.2,56.2,56.2,100
2026-03-11 16:25:00,56.19,56.19,56.19,56.19,125
2026-03-11 16:35:00,56.1903,56.1903,56.1903,56.1903,102
2026-03-11 16:40:00,56.18,56.2,56.18,56.191,15822
2026-03-11 16:45:00,56.191,56.191,56.16,56.16,29993
2026-03-11 16:55:00,56.12,56.12,56.06,56.09,11294
2026-03-11 17:10:00,56.12,56.12,56.12,56.12,800
2026-03-11 17:25:00,56.1,56.11,56.1,56.11,508
2026-03-11 17:30:00,56.0917,56.0917,56.09,56.09,1700
2026-03-11 18:00:00,56.1,56.1,55.93,55.93,3653
2026-03-11 18:05:00,55.87,55.87,55.85,55.85,1676
2026-03-11 18:10:00,55.86,55.88,55.85,55.88,28541
2026-03-11 18:15:00,55.88,55.88,55.88,55.88,200
2026-03-11 18:20:00,55.8608,55.8608,55.75,55.75,2827
2026-03-11 18:25:00,55.7,55.7,55.65,55.7,9246
2026-03-11 18:30:00,55.69,55.69,55.6796,55.6796,3344
2026-03-11 18:35:00,55.63,55.64,55.5474,55.55,3316
2026-03-11 18:40:00,55.5413,55.5413,55.51,55.54,28691
2026-03-11 18:45:00,55.6174,55.6174,55.6074,55.6074,850
2026-03-11 18:50:00,55.6,55.6,55.6,55.6,5167
2026-03-11 18:55:00,55.6,55.61,55.5401,55.61,23778
2026-03-11 19:00:00,55.6298,55.6298,55.57,55.61,11083
2026-03-11 19:05:00,55.5908,55.5908,55.47,55.47,3900
2026-03-11 19:10:00,55.5,55.56,55.5,55.5526,1510
2026-03-11 19:15:00,55.531,55.56,55.531,55.55,1736
2026-03-11 19:20:00,55.56,55.59,55.519,55.519,3510
2026-03-11 19:25:00,55.45,55.4799,55.4012,55.42,8681
2026-03-11 19:30:00,55.3399,55.34,55.24,55.27,3160
2026-03-11 19:40:00,55.2864,55.29,55.2,55.2009,2000
2026-03-11 19:45:00,55.2574,55.27,55.25,55.2505,2977
2026-03-11 19:50:00,55.34,55.38,55.3226,55.38,2055
2026-03-11 19:55:00,55.3708,55.4,55.36,55.4,8400
2026-03-12 04:00:00,55.7,55.81,55.7,55.81,1790
2026-03-12 04:05:00,55.8,55.8,55.79,55.79,800
2026-03-12 04:10:00,55.77,55.77,55.77,55.77,100
2026-03-12 04:30:00,55.74,55.74,55.72,55.72,1000
2026-03-12 04:50:00,55.76,55.76,55.76,55.76,300
2026-03-12 04:55:00,55.75,55.75,55.74,55.74,1500
2026-03-12 05:00:00,55.68,55.68,55.67,55.67,1025
2026-03-12 05:05:00,55.69,55.69,55.69,55.69,1000
2026-03-12 05:10:00,55.63,55.63,55.63,55.63,400
2026-03-12 05:15:00,55.55,55.55,55.55,55.55,120
2026-03-12 05:20:00,55.53,55.53,55.53,55.53,300
2026-03-12 05:30:00,55.7,55.7,55.68,55.68,600
2026-03-12 05:35:00,55.7,55.74,55.7,55.74,2100
2026-03-12 05:40:00,55.77,55.84,55.77,55.84,4783
2026-03-12 06:10:00,55.8,55.8,55.8,55.8,336
2026-03-12 06:30:00,55.84,55.91,55.84,55.86,5096
2026-03-12 06:35:00,55.78,55.78,55.78,55.78,250
2026-03-12 06:50:00,55.78,55.78,55.74,55.74,1250
2026-03-12 06:55:00,55.74,55.74,55.74,55.74,1972
2026-03-12 07:00:00,55.72,55.72,55.65,55.66,63571
2026-03-12 07:05:00,55.63,55.66,55.63,55.63,34438
2026-03-12 07:10:00,55.65,55.65,55.65,55.65,200
2026-03-12 07:15:00,55.66,55.67,55.66,55.67,5528
2026-03-12 07:20:00,55.7,55.74,55.7,55.74,2550
2026-03-12 07:25:00,55.64,55.66,55.6,55.65,7230
2026-03-12 07:30:00,55.79,55.8,55.79,55.8,2200
2026-03-12 07:40:00,55.84,55.91,55.84,55.87,3479
2026-03-12 07:45:00,55.87,55.87,55.8,55.8,2238
2026-03-12 07:50:00,55.77,55.77,55.7,55.7,4115
2026-03-12 07:55:00,55.64,55.65,55.64,55.65,1700
2026-03-12 08:00:00,55.58,55.9164,55.11,55.26,97253
2026-03-12 08:05:00,55.52,55.52,55.4487,55.4487,900
2026-03-12 08:10:00,55.46,55.56,55.46,55.56,500
2026-03-12 08:15:00,55.5377,55.5377,55.5213,55.5213,300
2026-03-12 08:20:00,55.48,55.48,55.48,55.48,1000
2026-03-12 08:25:00,55.54,55.57,55.54,55.57,1304
2026-03-12 08:30:00,55.48,55.48,55.48,55.48,2200
2026-03-12 08:35:00,55.5,55.5,55.42,55.42,3940
2026-03-12 08:40:00,55.45,55.48,55.45,55.47,4600
2026-03-12 08:45:00,55.47,55.5,55.46,55.47,28405
2026-03-12 08:50:00,55.51,55.51,55.44,55.44,700
2026-03-12 09:00:00,55.54,55.6,55.54,55.6,1200
2026-03-12 09:05:00,55.57,55.58,55.55,55.57,1466
2026-03-12 09:10:00,55.59,55.59,55.43,55.44,8649
2026-03-12 09:15:00,55.39,55.39,55.33,55.37,4100
2026-03-12 09:20:00,55.36,55.36,55.24,55.24,5066
2026-03-12 09:25:00,55.38,55.41,55.35,55.35,3663
2026-03-12 09:30:00,55.36,55.41,55.165,55.329,210128
2026-03-12 09:35:00,55.32,55.455,55.27,55.4198,147531
2026-03-12 09:40:00,55.4,55.44,55.225,55.24,50688
2026-03-12 09:45:00,55.23,55.23,54.9799,55.2183,171214
2026-03-12 09:50:00,55.205,55.33,55.025,55.03,78389
2026-03-12 09:55:00,55.025,55.0402,54.885,54.99,69601
2026-03-12 10:00:00,54.99,55.315,54.99,55.23,178624
2026-03-12 10:05:00,55.24,55.28,55.14,55.24,27914
2026-03-12 10:10:00,55.23,55.3601,55.22,55.3535,19767
2026-03-12 10:15:00,55.355,55.38,55.11,55.13,64323
2026-03-12 10:20:00,55.1082,55.12,55.02,55.07,25273
2026-03-12 10:25:00,55.1,55.17,54.87,54.87,79595
2026-03-12 10:30:00,54.86,54.89,54.795,54.84,55117
2026-03-12 10:35:00,54.85,54.96,54.7317,54.84,46648
2026-03-12 10:40:00,54.85,55.03,54.7839,54.99,49903
2026-03-12 10:45:00,54.965,55.27,54.88,54.91,104623
2026-03-12 10:50:00,54.92,54.96,54.8683,54.92,27748
2026-03-12 10:55:00,54.93,55.0,54.91,54.93,59338
2026-03-12 11:00:00,54.93,54.98,54.8,54.88,59843
2026-03-12 11:05:00,54.875,54.91,54.83,54.83,24500
2026-03-12 11:10:00,54.83,54.83,54.68,54.75,35967
2026-03-12 11:15:00,54.76,54.795,54.705,54.74,26820
2026-03-12 11:20:00,54.745,54.83,54.695,54.815,41358
2026-03-12 11:25:00,54.815,54.971,54.815,54.85,27229
2026-03-12 11:30:00,54.845,54.94,54.8,54.835,16464
2026-03-12 11:35:00,54.825,55.18,54.74,55.175,87435
2026-03-12 11:40:00,55.175,55.23,54.97,55.16,144353
2026-03-12 11:45:00,55.15,55.18,54.94,55.05,58997
2026-03-12 11:50:00,55.03,55.12,54.98,55.08,18184
2026-03-12 11:55:00,55.1,55.1,55.0,55.07,18455
2026-03-12 12:00:00,55.07,55.19,55.03,55.185,17334
2026-03-12 12:05:00,55.18,55.2206,54.81,54.84,60731
2026-03-12 12:10:00,54.8439,55.0,54.81,54.99,43164
2026-03-12 12:15:00,55.005,55.19,55.0,55.12,28729
2026-03-12 12:20:00,55.145,55.4,55.125,55.15,105106
2026-03-12 12:25:00,55.14,55.1503,54.97,54.985,76304
2026-03-12 12:30:00,54.98,55.13,54.91,55.075,22988
2026-03-12 12:35:00,55.06,55.22,55.04,55.2,74966
2026-03-12 12:40:00,55.1995,55.2,55.085,55.15,28180
2026-03-12 12:45:00,55.13,55.145,54.88,54.985,22221
2026-03-12 12:50:00,54.98,55.06,54.87,54.93,7495
2026-03-12 12:55:00,54.92,55.01,54.89,54.99,12655
2026-03-12 13:00:00,54.97,55.14,54.97,55.13,15116
2026-03-12 13:05:00,55.12,55.22,54.99,54.99,26109
2026-03-12 13:10:00,55.01,55.1,54.97,54.98,11074
2026-03-12 13:15:00,54.95,55.0,54.88,54.88,29673
2026-03-12 13:20:00,54.87,55.07,54.87,55.025,15274
2026-03-12 13:25:00,55.03,55.06,54.92,54.94,22010
2026-03-12 13:30:00,54.95,55.04,54.94,54.95,15489
2026-03-12 13:35:00,55.0,55.1,55.0,55.09,13916
2026-03-12 13:40:00,55.1,55.15,54.94,54.94,20793
2026-03-12 13:45:00,54.94,54.98,54.86,54.89,16956
2026-03-12 13:50:00,54.88,54.98,54.87,54.87,18182
2026-03-12 13:55:00,54.86,54.89,54.73,54.88,49402
2026-03-12 14:00:00,54.88,55.01,54.88,54.9695,32070
2026-03-12 14:05:00,54.94,55.045,54.89,54.97,25178
2026-03-12 14:10:00,54.96,55.01,54.94,55.0,15021
2026-03-12 14:15:00,55.01,55.05,54.89,54.89,22153
2026-03-12 14:20:00,54.87,54.9,54.8111,54.87,40362
2026-03-12 14:25:00,54.87,54.89,54.81,54.89,17797
2026-03-12 14:30:00,54.87,54.92,54.82,54.82,19285
2026-03-12 14:35:00,54.82,54.85,54.775,54.82,21034
2026-03-12 14:40:00,54.8217,54.84,54.78,54.7993,7840
2026-03-12 14:45:00,54.795,54.83,54.76,54.76,8525
2026-03-12 14:50:00,54.77,54.88,54.77,54.82,5964
2026-03-12 14:55:00,54.81,54.81,54.7265,54.73,24962
2026-03-12 15:00:00,54.72,54.86,54.67,54.7393,85306
2026-03-12 15:05:00,54.74,54.8399,54.74,54.78,91748
2026-03-12 15:10:00,54.79,54.83,54.69,54.7701,25041
2026-03-12 15:15:00,54.77,54.8389,54.74,54.8097,21990
2026-03-12 15:20:00,54.8,54.9,54.78,54.82,41457
2026-03-12 15:25:00,54.8283,54.87,54.7908,54.84,16141
2026-03-12 15:30:00,54.85,54.955,54.85,54.9,14337
2026-03-12 15:35:00,54.9,54.91,54.79,54.84,33420
2026-03-12 15:40:00,54.83,54.83,54.69,54.72,30166
2026-03-12 15:45:00,54.71,54.71,54.61,54.64,137616
2026-03-12 15:50:00,54.63,54.66,54.54,54.65,84677
2026-03-12 15:55:00,54.65,54.6985,54.505,54.52,290055
2026-03-12 16:00:00,54.51,54.63,54.5,54.63,36449
2026-03-12 16:05:00,54.6,54.6,54.5499,54.56,3024
2026-03-12 16:10:00,54.53,54.56,54.47,54.56,5000
2026-03-12 16:15:00,54.54,54.57,54.54,54.57,973
2026-03-12 16:20:00,54.55,54.57,54.55,54.57,200
2026-03-12 16:25:00,54.59,54.61,54.59,54.61,16695
2026-03-12 16:30:00,54.5687,54.58,54.56,54.58,1100
2026-03-12 16:35:00,54.58,54.58,54.58,54.58,250
2026-03-12 16:45:00,54.6496,54.6496,54.6496,54.6496,1000
2026-03-12 16:50:00,54.68,54.7,54.68,54.68,525
2026-03-12 16:55:00,54.681,54.681,54.67,54.67,1300
2026-03-12 17:05:00,54.67,54.679,54.67,54.679,495
2026-03-12 17:15:00,54.66,54.66,54.66,54.66,123
2026-03-12 17:20:00,54.67,54.67,54.67,54.67,100
2026-03-12 17:25:00,54.67,54.67,54.66,54.66,424
2026-03-12 17:30:00,54.68,54.68,54.68,54.68,125
2026-03-12 17:45:00,54.6,54.6,54.6,54.6,100
2026-03-12 17:50:00,54.63,54.63,54.63,54.63,186
2026-03-12 17:55:00,54.64,54.64,54.64,54.64,932
2026-03-12 18:00:00,54.67,54.68,54.6,54.6,9343
2026-03-12 18:05:00,54.5901,54.5901,54.5901,54.5901,145
2026-03-12 18:10:00,54.63,54.63,54.62,54.62,1600
2026-03-12 18:15:00,54.61,54.61,54.61,54.61,850
2026-03-12 18:20:00,54.5774,54.5901,54.5774,54.5901,1200
2026-03-12 18:25:00,54.6803,54.6803,54.6801,54.6801,3700
2026-03-12 18:30:00,54.68,54.7395,54.68,54.7395,806
2026-03-12 18:35:00,54.77,54.7703,54.76,54.77,7820
2026-03-12 18:40:00,54.77,54.78,54.77,54.78,2249
2026-03-12 18:45:00,54.77,54.77,54.74,54.76,641
2026-03-12 18:50:00,54.74,54.74,54.74,54.74,100
2026-03-12 18:55:00,54.7405,54.76,54.7405,54.76,673
2026-03-12 19:00:00,54.76,54.79,54.76,54.79,1822
2026-03-12 19:05:00,54.8,54.8197,54.8,54.8197,420
2026-03-12 19:15:00,54.73,54.73,54.73,54.73,200
2026-03-12 19:20:00,54.74,54.74,54.74,54.74,4700
2026-03-12 19:25:00,54.7,54.7496,54.7,54.7496,4005
2026-03-12 19:30:00,54.73,54.76,54.73,54.76,950
2026-03-12 19:35:00,54.7,54.7,54.7,54.7,400
2026-03-12 19:40:00,54.7064,54.7064,54.7064,54.7064,100
2026-03-12 19:45:00,54.64,54.64,54.64,54.64,1200
2026-03-12 19:50:00,54.667,54.667,54.66,54.66,300
2026-03-12 19:55:00,54.63,54.63,54.59,54.59,499
2026-03-13 04:00:00,54.4,54.4,54.19,54.24,545
2026-03-13 04:05:00,54.09,54.12,54.01,54.01,23179
2026-03-13 04:10:00,54.0,54.01,53.97,53.97,5326
2026-03-13 04:15:00,54.05,54.05,54.04,54.04,300
2026-03-13 04:20:00,54.08,54.08,54.08,54.08,207
2026-03-13 04:35:00,54.18,54.18,54.18,54.18,600
2026-03-13 04:45:00,54.2,54.32,54.2,54.32,870
2026-03-13 04:50:00,54.44,54.44,54.4,54.4,700
2026-03-13 04:55:00,54.45,54.46,54.45,54.46,600
2026-03-13 05:00:00,54.44,54.55,54.44,54.55,6302
2026-03-13 05:15:00,54.44,54.44,54.44,54.44,100
2026-03-13 05:25:00,54.5,54.5,54.5,54.5,200
2026-03-13 05:30:00,54.47,54.47,54.47,54.47,300
2026-03-13 05:50:00,54.59,54.59,54.59,54.59,100
2026-03-13 06:10:00,54.64,54.64,54.64,54.64,100
2026-03-13 06:15:00,54.77,54.79,54.77,54.79,1383
2026-03-13 06:20:00,54.8,54.8,54.8,54.8,120
2026-03-13 06:45:00,54.68,54.75,54.68,54.75,916
2026-03-13 06:50:00,54.8,54.8,54.75,54.77,805
2026-03-13 06:55:00,54.75,54.75,54.75,54.75,636
2026-03-13 07:00:00,54.85,54.89,54.85,54.87,1600
2026-03-13 07:05:00,54.88,54.95,54.83,54.83,1638
2026-03-13 07:10:00,54.8,54.8,54.8,54.8,100
2026-03-13 07:15:00,54.85,54.87,54.85,54.87,845
2026-03-13 07:25:00,54.94,54.95,54.86,54.86,1953
2026-03-13 07:35:00,54.87,54.87,54.87,54.87,300
2026-03-13 07:40:00,54.871,54.93,54.871,54.93,1800
2026-03-13 07:45:00,54.95,54.95,54.95,54.95,201
2026-03-13 07:50:00,54.96,54.99,54.96,54.98,1025
2026-03-13 07:55:00,55.01,55.01,55.0,55.01,1200
2026-03-13 08:00:00,54.77,55.08,54.0,55.03,34191
2026-03-13 08:05:00,54.94,54.94,54.94,54.94,100
2026-03-13 08:15:00,54.97,54.97,54.93,54.95,490
2026-03-13 08:20:00,54.94,54.94,54.89,54.92,2785
2026-03-13 08:25:00,54.9499,55.01,54.9499,55.01,2070
2026-03-13 08:30:00,54.9974,55.09,54.9974,55.05,2118
2026-03-13 08:35:00,55.02,55.02,54.9203,54.99,1800
2026-03-13 08:40:00,54.9876,55.0264,54.9876,55.0264,318
2026-03-13 08:45:00,55.05,55.3,55.05,55.15,12124
2026-03-13 08:50:00,55.13,55.13,55.0223,55.0223,300
2026-03-13 08:55:00,55.04,55.0826,55.04,55.0826,775
2026-03-13 09:00:00,55.0926,55.1203,55.0,55.08,9762
2026-03-13 09:05:00,55.05,55.05,55.01,55.01,2780
2026-03-13 09:10:00,55.0429,55.0429,55.0429,55.0429,400
2026-03-13 09:15:00,55.0699,55.1,55.0699,55.1,400
2026-03-13 09:20:00,55.07,55.13,55.07,55.13,2504
2026-03-13 09:25:00,55.11,55.11,55.0399,55.06,483
2026-03-13 09:30:00,55.025,55.19,55.01,55.1198,89990
2026-03-13 09:35:00,55.11,55.26,54.98,55.19,54902
2026-03-13 09:40:00,55.22,55.47,55.19,55.47,79758
2026-03-13 09:45:00,55.46,55.525,55.34,55.35,81533
2026-03-13 09:50:00,55.33,55.455,55.25,55.41,80391
2026-03-13 09:55:00,55.41,55.4103,55.23,55.24,72030
2026-03-13 10:00:00,55.24,55.35,55.11,55.17,51480
2026-03-13 10:05:00,55.16,55.23,55.02,55.02,32729
2026-03-13 10:10:00,55.0472,55.06,54.955,54.98,36955
2026-03-13 10:15:00,54.965,55.0,54.78,54.84,57525
2026-03-13 10:20:00,54.86,55.0,54.86,54.935,30586
2026-03-13 10:25:00,54.945,55.01,54.87,54.98,20401
2026-03-13 10:30:00,54.965,55.19,54.94,55.075,41592
2026-03-13 10:35:00,55.06,55.06,54.9,54.98,51642
2026-03-13 10:40:00,54.96,54.96,54.7,54.71,36046
2026-03-13 10:45:00,54.68,54.72,54.55,54.66,63260
2026-03-13 10:50:00,54.69,54.75,54.57,54.58,30650
2026-03-13 10:55:00,54.58,54.63,54.34,54.37,62054
2026-03-13 11:00:00,54.37,54.435,54.27,54.35,47159
2026-03-13 11:05:00,54.375,54.53,54.32,54.52,57424
2026-03-13 11:10:00,54.52,54.6485,54.47,54.6299,28186
2026-03-13 11:15:00,54.63,54.6393,54.47,54.47,30771
2026-03-13 11:20:00,54.465,54.55,54.3,54.3,24554
2026-03-13 11:25:00,54.29,54.31,54.24,54.25,44165
2026-03-13 11:30:00,54.26,54.3799,54.22,54.36,43611
2026-03-13 11:35:00,54.36,54.36,54.17,54.28,43572
2026-03-13 11:40:00,54.27,54.3,54.06,54.1172,71920
2026-03-13 11:45:00,54.135,54.35,54.04,54.22,126995
2026-03-13 11:50:00,54.22,54.23,54.0723,54.14,32336
2026-03-13 11:55:00,54.1499,54.15,54.02,54.07,60462
2026-03-13 12:00:00,54.08,54.21,54.07,54.17,43882
2026-03-13 12:05:00,54.1601,54.2739,54.11,54.2361,56501
2026-03-13 12:10:00,54.24,54.32,54.095,54.17,58224
2026-03-13 12:15:00,54.16,54.21,54.085,54.15,15942
2026-03-13 12:20:00,54.17,54.26,54.11,54.18,21544
2026-03-13 12:25:00,54.18,54.25,54.095,54.22,21381
2026-03-13 12:30:00,54.23,54.3,54.17,54.17,46276
2026-03-13 12:35:00,54.19,54.3634,54.19,54.25,27155
2026-03-13 12:40:00,54.22,54.29,54.125,54.125,45458
2026-03-13 12:45:00,54.13,54.17,54.05,54.17,25646
2026-03-13 12:50:00,54.175,54.32,54.1561,54.3,33323
2026-03-13 12:55:00,54.3039,54.3103,54.04,54.05,66947
2026-03-13 13:00:00,54.0685,54.111,54.06,54.075,19856
2026-03-13 13:05:00,54.08,54.1705,54.03,54.15,17417
2026-03-13 13:10:00,54.15,54.27,54.0699,54.27,32286
2026-03-13 13:15:00,54.295,54.34,54.1939,54.2999,41877
2026-03-13 13:20:00,54.29,54.29,54.18,54.245,26380
2026-03-13 13:25:00,54.24,54.27,54.14,54.22,20999
2026-03-13 13:30:00,54.24,54.2466,54.1201,54.1518,26915
2026-03-13 13:35:00,54.14,54.21,54.12,54.19,11666
2026-03-13 13:40:00,54.18,54.19,54.08,54.16,33708
2026-03-13 13:45:00,54.17,54.19,53.91,53.92,59444
2026-03-13 13:50:00,53.9099,53.98,53.85,53.95,36898
2026-03-13 13:55:00,53.93,54.0,53.9,53.94,32559
2026-03-13 14:00:00,53.95,54.0401,53.945,54.0228,31584
2026-03-13 14:05:00,54.03,54.055,53.9639,54.0234,38764
2026-03-13 14:10:00,54.02,54.08,54.02,54.06,16465
2026-03-13 14:15:00,54.06,54.1199,53.97,53.985,39048
2026-03-13 14:20:00,53.97,54.01,53.92,53.955,50435
2026-03-13 14:25:00,53.95,54.07,53.95,54.06,26590
2026-03-13 14:30:00,54.05,54.2,54.02,54.1698,63119
2026-03-13 14:35:00,54.16,54.24,54.152,54.19,13699
2026-03-13 14:40:00,54.19,54.25,54.1601,54.24,12836
2026-03-13 14:45:00,54.235,54.27,54.2094,54.26,35270
2026-03-13 14:50:00,54.2562,54.29,54.2,54.27,42638
2026-03-13 14:55:00,54.24,54.24,54.15,54.2,17639
2026-03-13 15:00:00,54.19,54.19,54.1,54.1066,32757
2026-03-13 15:05:00,54.08,54.14,54.0499,54.1272,10962
2026-03-13 15:10:00,54.1182,54.16,54.07,54.085,11554
2026-03-13 15:15:00,54.1,54.15,54.075,54.1,85062
2026-03-13 15:20:00,54.1,54.1,53.93,53.96,42154
2026-03-13 15:25:00,53.96,53.96,53.87,53.9,48112
2026-03-13 15:30:00,53.9,54.0,53.9,53.92,90895
2026-03-13 15:35:00,53.89,53.91,53.805,53.805,32419
2026-03-13 15:40:00,53.8001,53.8282,53.74,53.7861,28046
2026-03-13 15:45:00,53.8,53.83,53.74,53.805,39417
2026-03-13 15:50:00,53.83,53.88,53.765,53.84,82964
2026-03-13 15:55:00,53.84,53.9101,53.8161,53.89,204943
2026-03-13 16:00:00,53.88,53.89,53.7601,53.7601,13447
2026-03-13 16:05:00,53.78,53.8,53.7783,53.78,1211
2026-03-13 16:10:00,53.79,53.7982,53.77,53.79,4640
2026-03-13 16:15:00,53.8003,53.82,53.8003,53.82,1200
2026-03-13 16:20:00,53.82,53.839,53.82,53.839,870
2026-03-13 16:25:00,53.83,53.8389,53.83,53.8389,3400
2026-03-13 16:30:00,53.82,53.82,53.82,53.82,100
2026-03-13 16:35:00,53.8595,53.89,53.8595,53.89,2010
2026-03-13 16:45:00,53.82,53.8294,53.81,53.82,25058
2026-03-13 16:50:00,53.7773,53.7773,53.7207,53.7698,4070
2026-03-13 16:55:00,53.75,53.8383,53.7,53.8383,34599
2026-03-13 17:00:00,53.8338,53.8338,53.7237,53.7739,1215
2026-03-13 17:05:00,53.7771,53.79,53.77,53.79,477
2026-03-13 17:15:00,53.78,53.78,53.78,53.78,100
2026-03-13 17:25:00,53.77,53.77,53.77,53.77,100
2026-03-13 17:30:00,53.84,53.84,53.84,53.84,100
2026-03-13 17:35:00,53.78,53.78,53.71,53.72,2910
2026-03-13 17:40:00,53.7859,53.7859,53.7859,53.7859,1000
2026-03-13 17:45:00,53.9,53.9,53.89,53.9,4523
2026-03-13 17:50:00,53.95,53.95,53.94,53.94,3400
2026-03-13 18:20:00,53.91,53.91,53.91,53.91,130
2026-03-13 18:25:00,53.82,53.9,53.75,53.9,5574
2026-03-13 18:30:00,53.95,54.02,53.95,54.02,1990
2026-03-13 18:35:00,54.04,54.04,54.04,54.04,390
2026-03-13 18:40:00,53.991,53.991,53.991,53.991,494
2026-03-13 18:45:00,54.0,54.0,54.0,54.0,100
2026-03-13 18:50:00,54.03,54.03,54.03,54.03,1234
2026-03-13 19:00:00,54.11,54.12,54.02,54.02,613
2026-03-13 19:10:00,53.884,53.89,53.884,53.89,400
2026-03-13 19:20:00,53.9,53.9,53.87,53.87,1750
2026-03-13 19:25:00,53.816,53.816,53.816,53.816,100
2026-03-13 19:50:00,54.12,54.12,54.12,54.12,200
2026-03-13 19:55:00,54.1,54.11,53.8416,53.8416,669
2026-03-16 04:00:00,54.33,54.45,54.33,54.44,1928
2026-03-16 04:05:00,54.42,54.55,54.42,54.55,1138
2026-03-16 04:10:00,54.44,54.44,54.44,54.44,103
2026-03-16 04:15:00,54.4,54.4,54.4,54.4,223
2026-03-16 04:20:00,54.48,54.48,54.48,54.48,186
2026-03-16 04:40:00,54.31,54.36,54.3,54.36,1020
2026-03-16 04:45:00,54.3,54.3,54.29,54.29,1130
2026-03-16 04:50:00,54.35,54.39,54.35,54.38,6196
2026-03-16 05:00:00,54.35,54.35,54.33,54.33,304
2026-03-16 05:05:00,54.27,54.27,54.2,54.2,4671
2026-03-16 05:10:00,54.33,54.33,54.32,54.32,3908
2026-03-16 05:15:00,54.32,54.33,54.32,54.33,2183
2026-03-16 05:25:00,54.32,54.32,54.32,54.32,2400
2026-03-16 05:30:00,54.26,54.26,54.2,54.2,927
2026-03-16 05:35:00,54.22,54.22,54.22,54.22,2508
2026-03-16 05:40:00,54.19,54.19,54.19,54.19,100
2026-03-16 05:45:00,54.14,54.28,54.14,54.28,1612
2026-03-16 06:10:00,54.33,54.33,54.33,54.33,200
2026-03-16 06:20:00,54.48,54.5,54.48,54.5,1000
2026-03-16 06:25:00,54.55,54.55,54.55,54.55,120
2026-03-16 06:35:00,54.45,54.45,54.45,54.45,100
2026-03-16 06:40:00,54.49,54.55,54.44,54.49,1336
2026-03-16 06:50:00,54.62,54.62,54.61,54.61,1400
2026-03-16 07:00:00,54.67,54.68,54.58,54.64,30363
2026-03-16 07:05:00,54.61,54.61,54.61,54.61,154
2026-03-16 07:10:00,54.6,54.6,54.6,54.6,100
2026-03-16 07:15:00,54.62,54.64,54.62,54.64,1149
2026-03-16 07:20:00,54.57,54.61,54.57,54.61,500
2026-03-16 07:25:00,54.55,54.55,54.55,54.55,105
2026-03-16 07:30:00,54.56,54.57,54.56,54.57,201
2026-03-16 07:35:00,54.64,54.68,54.64,54.68,2180
2026-03-16 07:40:00,54.67,54.71,54.67,54.71,1959
2026-03-16 07:45:00,54.73,54.73,54.7,54.7,400
2026-03-16 07:50:00,54.68,54.68,54.66,54.66,286
2026-03-16 07:55:00,54.69,54.69,54.69,54.69,300
2026-03-16 08:00:00,54.6603,54.77,54.2,54.75,57397
2026-03-16 08:05:00,54.75,54.8,54.75,54.8,10377
2026-03-16 08:10:00,54.8,54.93,54.79,54.92,15379
2026-03-16 08:15:00,54.9,54.92,54.87,54.92,8306
2026-03-16 08:20:00,54.87,54.87,54.86,54.86,1050
2026-03-16 08:25:00,54.8207,54.8229,54.8207,54.8229,523
2026-03-16 08:30:00,54.8729,54.8729,54.8729,54.8729,270
2026-03-16 08:35:00,54.91,54.91,54.86,54.86,22329
2026-03-16 08:40:00,54.9,54.929,54.85,54.929,9615
2026-03-16 08:45:00,54.95,54.9772,54.9,54.9,26400
2026-03-16 08:50:00,54.9,54.95,54.87,54.87,8704
2026-03-16 08:55:00,54.86,54.86,54.81,54.81,9310
2026-03-16 09:00:00,54.83,54.9191,54.83,54.88,25418
2026-03-16 09:05:00,54.8896,54.89,54.87,54.88,7100
2026-03-16 09:10:00,54.8213,54.8213,54.8213,54.8213,500
2026-03-16 09:15:00,54.84,54.84,54.82,54.8313,2700
2026-03-16 09:20:00,54.8322,54.8811,54.8199,54.87,4268
2026-03-16 09:25:00,54.8272,54.86,54.81,54.84,6466
2026-03-16 09:30:00,54.85,54.95,54.765,54.905,150479
2026-03-16 09:35:00,54.895,54.98,54.895,54.97,34823
2026-03-16 09:40:00,54.96,55.08,54.93,55.0719,37422
2026-03-16 09:45:00,55.07,55.225,55.06,55.12,64616
2026-03-16 09:50:00,55.12,55.13,55.07,55.1,16359
2026-03-16 09:55:00,55.09,55.2775,55.05,55.25,48311
2026-03-16 10:00:00,55.265,55.27,55.14,55.18,53634
2026-03-16 10:05:00,55.17,55.3,55.14,55.255,35298
2026-03-16 10:10:00,55.26,55.3586,55.205,55.2501,39212
2026-03-16 10:15:00,55.24,55.3201,55.2001,55.23,40429
2026-03-16 10:20:00,55.23,55.35,55.23,55.29,13682
2026-03-16 10:25:00,55.29,55.31,55.18,55.18,13837
2026-03-16 10:30:00,55.18,55.18,54.97,54.975,46829
2026-03-16 10:35:00,54.98,55.065,54.865,54.895,52095
2026-03-16 10:40:00,54.875,54.925,54.82,54.85,39649
2026-03-16 10:45:00,54.84,54.91,54.77,54.82,44300
2026-03-16 10:50:00,54.81,55.005,54.74,54.9919,43753
2026-03-16 10:55:00,54.97,55.1,54.9547,55.1,44568
2026-03-16 11:00:00,55.1,55.1,54.965,54.98,24897
2026-03-16 11:05:00,54.97,55.02,54.92,55.02,23006
2026-03-16 11:10:00,54.99,55.06,54.9135,55.04,8856
2026-03-16 11:15:00,55.015,55.0777,54.945,55.07,28561
2026-03-16 11:20:00,55.065,55.18,55.05,55.16,36314
2026-03-16 11:25:00,55.15,55.18,55.09,55.14,28785
2026-03-16 11:30:00,55.15,55.2272,55.15,55.2,11504
2026-03-16 11:35:00,55.21,55.225,55.155,55.19,10054
2026-03-16 11:40:00,55.16,55.16,55.09,55.12,14849
2026-03-16 11:45:00,55.11,55.16,55.1,55.15,5598
2026-03-16 11:50:00,55.135,55.135,54.99,55.035,21222
2026-03-16 11:55:00,55.025,55.06,54.88,54.895,29141
2026-03-16 12:00:00,54.88,54.941,54.84,54.84,19067
2026-03-16 12:05:00,54.86,54.99,54.86,54.91,11096
2026-03-16 12:10:00,54.93,54.99,54.9,54.95,6729
2026-03-16 12:15:00,54.935,54.98,54.87,54.91,18550
2026-03-16 12:20:00,54.9,54.91,54.71,54.71,19705
2026-03-16 12:25:00,54.71,54.77,54.67,54.71,25539
2026-03-16 12:30:00,54.715,54.79,54.67,54.72,27932
2026-03-16 12:35:00,54.73,54.83,54.73,54.83,23058
2026-03-16 12:40:00,54.83,54.95,54.79,54.8998,16089
2026-03-16 12:45:00,54.88,54.94,54.8422,54.9,16601
2026-03-16 12:50:00,54.89,54.9711,54.87,54.9,15332
2026-03-16 12:55:00,54.92,54.9301,54.85,54.87,9980
2026-03-16 13:00:00,54.875,55.05,54.875,54.915,89106
2026-03-16 13:05:00,54.9083,54.9999,54.9083,54.965,11930
2026-03-16 13:10:00,54.97,55.07,54.97,55.03,38890
2026-03-16 13:15:00,55.03,55.04,54.95,55.005,10910
2026-03-16 13:20:00,55.015,55.09,55.015,55.045,49087
2026-03-16 13:25:00,55.04,55.08,55.0,55.01,10504
2026-03-16 13:30:00,55.015,55.0585,54.95,54.965,7281
2026-03-16 13:35:00,54.98,55.015,54.95,54.97,4345
2026-03-16 13:40:00,54.95,54.97,54.9199,54.9199,4395
2026-03-16 13:45:00,54.93,55.0,54.84,54.87,28314
2026-03-16 13:50:00,54.86,54.92,54.805,54.895,13106
2026-03-16 13:55:00,54.885,54.955,54.885,54.925,15969
2026-03-16 14:00:00,54.93,54.9901,54.92,54.98,37915
2026-03-16 14:05:00,54.9904,55.096,54.985,55.05,22895
2026-03-16 14:10:00,55.06,55.08,55.01,55.045,8187
2026-03-16 14:15:00,55.06,55.13,55.046,55.1,12742
2026-03-16 14:20:00,55.09,55.1492,55.075,55.1275,7341
2026-03-16 14:25:00,55.115,55.13,55.07,55.1,9554
2026-03-16 14:30:00,55.12,55.125,55.07,55.114,7085
2026-03-16 14:35:00,55.12,55.16,55.09,55.14,14934
2026-03-16 14:40:00,55.15,55.16,55.115,55.14,14420
2026-03-16 14:45:00,55.17,55.1799,55.14,55.145,26944
2026-03-16 14:50:00,55.1401,55.145,55.095,55.1,10195
2026-03-16 14:55:00,55.08,55.0895,55.05,55.06,5524
2026-03-16 15:00:00,55.08,55.125,55.031,55.05,11663
2026-03-16 15:05:00,55.04,55.35,55.008,55.345,128837
2026-03-16 15:10:00,55.36,55.46,55.085,55.12,97555
2026-03-16 15:15:00,55.11,55.17,55.035,55.035,19885
2026-03-16 15:20:00,55.04,55.085,54.97,54.99,18166
2026-03-16 15:25:00,54.99,55.05,54.92,55.01,59659
2026-03-16 15:30:00,55.01,55.03,54.97,54.99,21150
2026-03-16 15:35:00,54.9601,55.03,54.95,54.97,18626
2026-03-16 15:40:00,54.955,54.98,54.87,54.9,24310
2026-03-16 15:45:00,54.9,54.94,54.875,54.93,34965
2026-03-16 15:50:00,54.94,54.98,54.8847,54.9,66779
2026-03-16 15:55:00,54.91,55.01,54.91,54.97,171073
2026-03-16 16:00:00,54.95,55.0,54.9201,54.945,67141
2026-03-16 16:05:00,54.9702,55.021,54.9702,55.021,17600
2026-03-16 16:10:00,54.9706,55.0,54.9706,55.0,1223
2026-03-16 16:15:00,54.96,54.96,54.96,54.96,100
2026-03-16 16:20:00,54.92,54.92,54.9,54.91,1853
2026-03-16 16:25:00,54.88,54.88,54.88,54.88,100
2026-03-16 16:30:00,54.8807,54.8807,54.88,54.88,323
2026-03-16 16:35:00,54.8502,54.86,54.8502,54.8599,2800
2026-03-16 16:40:00,54.88,54.88,54.88,54.88,200
2026-03-16 16:45:00,54.87,54.87,54.87,54.87,100
2026-03-16 16:50:00,54.91,54.91,54.91,54.91,500
2026-03-16 16:55:00,54.92,54.92,54.89,54.89,578
2026-03-16 17:45:00,54.9,54.9,54.8586,54.8586,1399
2026-03-16 18:00:00,54.85,54.85,54.85,54.85,125
2026-03-16 18:30:00,54.85,54.859,54.85,54.859,630
2026-03-16 18:45:00,54.83,54.83,54.83,54.83,100
2026-03-16 18:50:00,54.8,54.8,54.8,54.8,220
2026-03-16 19:25:00,54.82,54.82,54.82,54.82,200
2026-03-16 19:40:00,54.9,54.9,54.9,54.9,100
2026-03-16 19:50:00,54.91,54.91,54.91,54.91,100
2026-03-16 19:55:00,54.9191,54.93,54.9,54.929,950
2026-03-17 04:00:00,54.68,54.68,54.54,54.62,1159
2026-03-17 04:05:00,54.59,54.59,54.53,54.53,1878
2026-03-17 04:10:00,54.53,54.53,54.53,54.53,204
2026-03-17 04:20:00,54.56,54.56,54.56,54.56,800
2026-03-17 04:40:00,54.53,54.61,54.53,54.61,3700
2026-03-17 05:05:00,54.65,54.65,54.65,54.65,595
2026-03-17 05:10:00,54.65,54.67,54.65,54.66,9766
2026-03-17 05:25:00,54.8,54.86,54.8,54.85,5397
2026-03-17 05:30:00,54.87,54.87,54.87,54.87,4800
2026-03-17 05:40:00,54.82,54.83,54.82,54.82,5000
2026-03-17 06:15:00,54.72,54.72,54.72,54.72,100
2026-03-17 06:25:00,54.72,54.72,54.72,54.72,707
2026-03-17 06:55:00,54.84,54.84,54.84,54.84,100
2026-03-17 07:00:00,54.87,54.87,54.869,54.87,696
2026-03-17 07:05:00,54.9,54.9,54.9,54.9,1400
2026-03-17 07:10:00,54.91,54.91,54.91,54.91,100
2026-03-17 07:25:00,54.93,54.93,54.93,54.93,280
2026-03-17 07:40:00,54.92,54.92,54.89,54.9,617
2026-03-17 07:45:00,54.9,54.9,54.87,54.87,2150
2026-03-17 07:50:00,54.82,54.82,54.82,54.82,430
2026-03-17 07:55:00,54.79,54.79,54.79,54.79,119
2026-03-17 08:00:00,54.53,54.92,54.39,54.92,12054
2026-03-17 08:05:00,54.94,55.031,54.9302,55.031,12407
2026-03-17 08:10:00,55.02,55.1,55.02,55.1,902
2026-03-17 08:15:00,55.081,55.1,55.07,55.07,21452
2026-03-17 08:20:00,55.14,55.17,55.1204,55.1204,2150
2026-03-17 08:25:00,55.14,55.1686,55.14,55.1512,1474
2026-03-17 08:30:00,55.1609,55.2805,55.16,55.27,14125
2026-03-17 08:35:00,55.26,55.26,55.21,55.2599,2300
2026-03-17 08:40:00,55.28,55.28,55.24,55.27,2744
2026-03-17 08:45:00,55.24,55.25,55.2102,55.23,908
2026-03-17 08:50:00,55.2095,55.2095,55.2095,55.2095,125
2026-03-17 08:55:00,55.21,55.21,55.2,55.2,200
2026-03-17 09:00:00,55.27,55.31,55.27,55.31,8178
2026-03-17 09:05:00,55.2805,55.3711,55.27,55.3711,15531
2026-03-17 09:10:00,55.38,55.3929,55.38,55.3929,440
2026-03-17 09:15:00,55.3802,55.48,55.3802,55.48,5001
2026-03-17 09:20:00,55.5,55.54,55.47,55.54,9290
2026-03-17 09:25:00,55.55,55.56,55.5001,55.51,10030
2026-03-17 09:30:00,55.51,55.75,55.44,55.7,95414
2026-03-17 09:35:00,55.7,55.75,55.66,55.75,45049
2026-03-17 09:40:00,55.77,55.7712,55.7,55.7,34558
2026-03-17 09:45:00,55.7,55.85,55.69,55.815,53046
2026-03-17 09:50:00,55.82,55.82,55.73,55.8,63820
2026-03-17 09:55:00,55.79,55.8001,55.73,55.77,110120
2026-03-17 10:00:00,55.77,55.77,55.62,55.64,64325
2026-03-17 10:05:00,55.65,55.7,55.64,55.665,37535
2026-03-17 10:10:00,55.67,55.67,55.51,55.51,30644
2026-03-17 10:15:00,55.5,55.545,55.38,55.53,34548
2026-03-17 10:20:00,55.55,55.6071,55.5099,55.556,43295
2026-03-17 10:25:00,55.545,55.5881,55.46,55.56,18650
2026-03-17 10:30:00,55.555,55.64,55.48,55.62,14690
2026-03-17 10:35:00,55.62,55.665,55.53,55.5399,12680
2026-03-17 10:40:00,55.56,55.68,55.52,55.67,15218
2026-03-17 10:45:00,55.68,55.6884,55.64,55.675,7165
2026-03-17 10:50:00,55.675,55.675,55.62,55.6401,8451
2026-03-17 10:55:00,55.65,55.67,55.62,55.62,4912
2026-03-17 11:00:00,55.62,55.6683,55.53,55.53,15810
2026-03-17 11:05:00,55.53,55.55,55.425,55.425,17121
2026-03-17 11:10:00,55.42,55.495,55.4,55.465,13671
2026-03-17 11:15:00,55.47,55.57,55.46,55.52,35236
2026-03-17 11:20:00,55.56,55.56,55.4,55.4699,19044
2026-03-17 11:25:00,55.47,55.5483,55.42,55.42,10503
2026-03-17 11:30:00,55.435,55.48,55.32,55.33,25019
2026-03-17 11:35:00,55.33,55.3783,55.186,55.2632,24999
2026-03-17 11:40:00,55.255,55.3376,55.23,55.325,10705
2026-03-17 11:45:00,55.335,55.4,55.29,55.29,11181
2026-03-17 11:50:00,55.3,55.39,55.3,55.344,13628
2026-03-17 11:55:00,55.335,55.36,55.27,55.3,8759
2026-03-17 12:00:00,55.2807,55.294,55.18,55.2499,14432
2026-03-17 12:05:00,55.25,55.29,55.13,55.24,43770
2026-03-17 12:10:00,55.23,55.33,55.224,55.24,15460
2026-03-17 12:15:00,55.255,55.365,55.225,55.365,9446
2026-03-17 12:20:00,55.3875,55.3875,55.305,55.38,4688
2026-03-17 12:25:00,55.35,55.3582,55.2906,55.33,3820
2026-03-17 12:30:00,55.32,55.36,55.25,55.3293,14251
2026-03-17 12:35:00,55.321,55.3793,55.26,55.261,14388
2026-03-17 12:40:00,55.29,55.375,55.261,55.375,8089
2026-03-17 12:45:00,55.37,55.395,55.32,55.3401,16348
2026-03-17 12:50:00,55.34,55.3599,55.31,55.32,1100
2026-03-17 12:55:00,55.32,55.35,55.2801,55.2801,5100
2026-03-17 13:00:00,55.3,55.44,55.3,55.4299,9320
2026-03-17 13:05:00,55.42,55.43,55.4,55.43,11985
2026-03-17 13:10:00,55.43,55.43,55.346,55.39,8193
2026-03-17 13:15:00,55.38,55.38,55.3417,55.3417,7911
2026-03-17 13:20:00,55.3507,55.39,55.3201,55.37,6648
2026-03-17 13:25:00,55.35,55.4,55.34,55.37,4279
2026-03-17 13:30:00,55.38,55.4099,55.355,55.36,4435
2026-03-17 13:35:00,55.3881,55.445,55.385,55.44,3672
2026-03-17 13:40:00,55.44,55.44,55.356,55.36,10216
2026-03-17 13:45:00,55.36,55.36,55.3,55.3418,8724
2026-03-17 13:50:00,55.34,55.45,55.33,55.4259,16061
2026-03-17 13:55:00,55.4381,55.4381,55.4,55.4094,6509
2026-03-17 14:00:00,55.41,55.45,55.37,55.44,16560
2026-03-17 14:05:00,55.4445,55.4901,55.41,55.49,7919
2026-03-17 14:10:00,55.5,55.5,55.44,55.4491,28047
2026-03-17 14:15:00,55.435,55.44,55.41,55.435,5312
2026-03-17 14:20:00,55.415,55.4199,55.28,55.28,20802
2026-03-17 14:25:00,55.28,55.33,55.279,55.31,13004
2026-03-17 14:30:00,55.2799,55.32,55.255,55.3,6910
2026-03-17 14:35:00,55.3,55.3283,55.29,55.3016,4158
2026-03-17 14:40:00,55.3001,55.32,55.2698,55.2698,7563
2026-03-17 14:45:00,55.27,55.3281,55.27,55.31,10070
2026-03-17 14:50:00,55.2801,55.37,55.2801,55.365,7499
2026-03-17 14:55:00,55.35,55.35,55.28,55.3,6871
2026-03-17 15:00:00,55.3013,55.34,55.29,55.2901,10945
2026-03-17 15:05:00,55.29,55.3,55.24,55.27,9413
2026-03-17 15:10:00,55.3,55.32,55.29,55.32,5970
2026-03-17 15:15:00,55.32,55.39,55.32,55.364,19830
2026-03-17 15:20:00,55.36,55.36,55.3101,55.32,3347
2026-03-17 15:25:00,55.32,55.3288,55.2823,55.3001,13508
2026-03-17 15:30:00,55.3,55.33,55.285,55.285,11418
2026-03-17 15:35:00,55.3,55.3096,55.2819,55.29,2733
2026-03-17 15:40:00,55.29,55.3182,55.25,55.27,15978
2026-03-17 15:45:00,55.286,55.326,55.28,55.32,24310
2026-03-17 15:50:00,55.33,55.33,55.225,55.323,89445
2026-03-17 15:55:00,55.31,55.31,55.2,55.245,63831
2026-03-17 16:00:00,55.25,55.2897,55.25,55.2897,30233
2026-03-17 16:05:00,55.28,55.28,55.25,55.25,2200
2026-03-17 16:10:00,55.2699,55.28,55.2699,55.27,1682
2026-03-17 16:15:00,55.2897,55.2897,55.2584,55.28,2243
2026-03-17 16:20:00,55.27,55.2774,55.27,55.2774,587
2026-03-17 16:25:00,55.2899,55.2999,55.2899,55.2999,1185
2026-03-17 16:30:00,55.285,55.3,55.285,55.3,1110
2026-03-17 16:35:00,55.285,55.3,55.281,55.3,2360
2026-03-17 16:40:00,55.3092,55.3092,55.3092,55.3092,200
2026-03-17 16:45:00,55.31,55.31,55.2932,55.2932,2850
2026-03-17 16:50:00,55.3,55.3001,55.2818,55.29,4074
2026-03-17 16:55:00,55.28,55.28,55.2706,55.2706,389
2026-03-17 17:00:00,55.32,55.32,55.32,55.32,600
2026-03-17 17:05:00,55.33,55.33,55.33,55.33,250
2026-03-17 18:00:00,55.27,55.27,55.27,55.27,150
2026-03-17 18:15:00,55.2,55.22,55.2,55.22,1442
2026-03-17 18:35:00,55.15,55.15,55.15,55.15,100
2026-03-17 18:55:00,55.209,55.209,55.209,55.209,100
2026-03-17 19:00:00,55.17,55.17,55.17,55.17,100
2026-03-17 19:05:00,55.18,55.18,55.1799,55.1799,1000
2026-03-17 19:15:00,55.1899,55.1899,55.1899,55.1899,500
2026-03-17 19:45:00,55.1603,55.1603,55.1603,55.1603,100
2026-03-17 19:55:00,55.16,55.17,55.16,55.17,1650
2026-03-18 04:00:00,55.77,55.8,55.77,55.8,3400
2026-03-18 04:05:00,55.86,55.86,55.84,55.84,800
2026-03-18 04:25:00,55.81,55.81,55.81,55.81,1300
2026-03-18 04:35:00,55.79,55.79,55.79,55.79,200
2026-03-18 04:55:00,55.82,55.83,55.82,55.83,230
2026-03-18 05:10:00,55.82,55.82,55.81,55.81,600
2026-03-18 05:30:00,55.84,55.84,55.84,55.84,420
2026-03-18 05:50:00,55.83,55.83,55.82,55.82,527
2026-03-18 06:25:00,55.88,55.89,55.88,55.89,583
2026-03-18 06:30:00,55.87,55.87,55.87,55.87,400
2026-03-18 06:45:00,55.82,55.82,55.82,55.82,195
2026-03-18 06:50:00,55.84,55.84,55.84,55.84,800
2026-03-18 06:55:00,55.78,55.78,55.78,55.78,195
2026-03-18 07:00:00,55.75,55.75,55.74,55.74,945
2026-03-18 07:05:00,55.74,55.75,55.74,55.75,600
2026-03-18 07:10:00,55.77,55.81,55.761,55.81,4105
2026-03-18 07:15:00,55.8,55.82,55.8,55.82,300
2026-03-18 07:20:00,55.8,55.8,55.8,55.8,300
2026-03-18 07:25:00,55.71,55.71,55.55,55.55,750
2026-03-18 07:30:00,55.63,55.63,55.63,55.63,175
2026-03-18 07:35:00,55.61,55.61,55.61,55.61,200
2026-03-18 07:40:00,55.71,55.71,55.71,55.71,100
2026-03-18 07:50:00,55.63,55.63,55.63,55.63,300
2026-03-18 07:55:00,55.6,55.63,55.59,55.59,2680
2026-03-18 08:00:00,55.81,55.9,55.46,55.46,41426
2026-03-18 08:05:00,55.4482,55.4482,55.41,55.41,2840
2026-03-18 08:10:00,55.4,55.4087,55.31,55.37,1970
2026-03-18 08:15:00,55.3683,55.3683,55.2,55.2,13531
2026-03-18 08:20:00,55.24,55.25,55.23,55.2491,2220
2026-03-18 08:25:00,55.25,55.33,55.23,55.3,21492
2026-03-18 08:30:00,55.25,55.27,54.9693,55.0,26426
2026-03-18 08:35:00,55.0504,55.1197,55.01,55.1,12079
2026-03-18 08:40:00,55.15,55.15,54.78,54.84,23021
2026-03-18 08:45:00,54.83,54.84,54.7,54.72,12276
2026-03-18 08:50:00,54.72,54.8,54.66,54.69,5214
2026-03-18 08:55:00,54.77,54.78,54.65,54.67,7430
2026-03-18 09:00:00,54.6899,54.77,54.62,54.74,3613
2026-03-18 09:05:00,54.73,54.78,54.73,54.73,3832
2026-03-18 09:10:00,54.71,54.77,54.71,54.77,1300
2026-03-18 09:15:00,54.71,54.73,54.6682,54.711,1683
2026-03-18 09:20:00,54.76,54.8002,54.75,54.75,6600
2026-03-18 09:25:00,54.78,54.8987,54.78,54.8303,5623
2026-03-18 09:30:00,54.85,54.96,54.78,54.9,127140
2026-03-18 09:35:00,54.92,54.9999,54.89,54.97,57955
2026-03-18 09:40:00,54.97,55.0372,54.84,54.91,45702
2026-03-18 09:45:00,54.9,55.06,54.88,54.975,38324
2026-03-18 09:50:00,54.9797,55.0003,54.89,54.905,27645
2026-03-18 09:55:00,54.9299,55.0,54.86,55.0,12284
2026-03-18 10:00:00,55.0,55.02,54.8,54.885,40397
2026-03-18 10:05:00,54.83,55.015,54.825,54.95,18591
2026-03-18 10:10:00,54.9235,54.9235,54.655,54.655,27183
2026-03-18 10:15:00,54.66,54.76,54.65,54.73,12790
2026-03-18 10:20:00,54.7298,54.73,54.67,54.68,33969
2026-03-18 10:25:00,54.65,54.65,54.42,54.45,116031
2026-03-18 10:30:00,54.46,54.61,54.46,54.5,23342
2026-03-18 10:35:00,54.5,54.5401,54.4681,54.5,21346
2026-03-18 10:40:00,54.47,54.5,54.42,54.45,21297
2026-03-18 10:45:00,54.45,54.53,54.41,54.4316,10815
2026-03-18 10:50:00,54.4717,54.5199,54.4406,54.4999,27524
2026-03-18 10:55:00,54.5,54.64,54.49,54.64,16102
2026-03-18 11:00:00,54.68,54.735,54.58,54.6478,44485
2026-03-18 11:05:00,54.67,54.7882,54.654,54.7878,10724
2026-03-18 11:10:00,54.75,54.78,54.69,54.69,22742
2026-03-18 11:15:00,54.73,54.74,54.6,54.6,17230
2026-03-18 11:20:00,54.61,54.64,54.53,54.64,12982
2026-03-18 11:25:00,54.636,54.67,54.606,54.606,15025
2026-03-18 11:30:00,54.61,54.7108,54.6,54.68,16696
2026-03-18 11:35:00,54.68,54.71,54.64,54.68,6492
2026-03-18 11:40:00,54.67,54.6897,54.59,54.64,19967
2026-03-18 11:45:00,54.64,54.69,54.58,54.595,4620
2026-03-18 11:50:00,54.6,54.68,54.57,54.68,7664
2026-03-18 11:55:00,54.676,54.6974,54.611,54.64,9153
2026-03-18 12:00:00,54.63,54.63,54.55,54.6057,18214
2026-03-18 12:05:00,54.58,54.635,54.565,54.5745,6159
2026-03-18 12:10:00,54.58,54.69,54.55,54.67,9766
2026-03-18 12:15:00,54.6773,54.68,54.6101,54.65,10290
2026-03-18 12:20:00,54.69,54.71,54.66,54.68,5453
2026-03-18 12:25:00,54.68,54.685,54.63,54.64,6567
2026-03-18 12:30:00,54.63,54.655,54.505,54.52,37641
2026-03-18 12:35:00,54.5,54.59,54.44,54.56,18871
2026-03-18 12:40:00,54.56,54.59,54.52,54.55,6384
2026-03-18 12:45:00,54.52,54.56,54.51,54.55,5985
2026-03-18 12:50:00,54.539,54.63,54.53,54.63,15618
2026-03-18 12:55:00,54.62,54.6489,54.54,54.555,2783
2026-03-18 13:00:00,54.56,54.56,54.44,54.5,6569
2026-03-18 13:05:00,54.4957,54.52,54.45,54.45,18412
2026-03-18 13:10:00,54.46,54.47,54.37,54.395,11748
2026-03-18 13:15:00,54.42,54.46,54.38,54.45,3905
2026-03-18 13:20:00,54.45,54.475,54.44,54.47,2746
2026-03-18 13:25:00,54.45,54.45,54.42,54.43,3086
2026-03-18 13:30:00,54.445,54.465,54.35,54.465,8153
2026-03-18 13:35:00,54.48,54.54,54.47,54.5399,21988
2026-03-18 13:40:00,54.52,54.52,54.4301,54.45,12875
2026-03-18 13:45:00,54.44,54.565,54.44,54.485,16453
2026-03-18 13:50:00,54.47,54.5401,54.45,54.5401,12306
2026-03-18 13:55:00,54.5553,54.6,54.51,54.58,82908
2026-03-18 14:00:00,54.58,54.68,54.54,54.64,64816
2026-03-18 14:05:00,54.62,54.63,54.54,54.55,12804
2026-03-18 14:10:00,54.56,54.59,54.5,54.55,22064
2026-03-18 14:15:00,54.54,54.54,54.36,54.4,39858
2026-03-18 14:20:00,54.43,54.43,54.35,54.41,13443
2026-03-18 14:25:00,54.41,54.4801,54.4,54.47,23293
2026-03-18 14:30:00,54.46,54.4999,54.2492,54.2492,146189
2026-03-18 14:35:00,54.27,54.475,54.22,54.25,1023268
2026-03-18 14:40:00,54.24,54.38,54.2,54.29,54041
2026-03-18 14:45:00,54.28,54.3,54.225,54.26,34180
2026-03-18 14:50:00,54.23,54.24,54.035,54.0597,38766
2026-03-18 14:55:00,54.06,54.13,54.026,54.0295,37203
2026-03-18 15:00:00,54.03,54.2,54.02,54.2,19242
2026-03-18 15:05:00,54.17,54.24,54.154,54.21,43647
2026-03-18 15:10:00,54.19,54.19,54.08,54.12,16051
2026-03-18 15:15:00,54.12,54.135,54.03,54.03,7107
2026-03-18 15:20:00,54.02,54.05,53.92,53.93,32339
2026-03-18 15:25:00,53.92,53.985,53.915,53.95,22229
2026-03-18 15:30:00,53.96,54.0,53.91,53.98,27888
2026-03-18 15:35:00,53.985,53.985,53.87,53.89,36520
2026-03-18 15:40:00,53.91,53.91,53.77,53.8,35654
2026-03-18 15:45:00,53.8,53.82,53.74,53.775,40321
2026-03-18 15:50:00,53.79,53.85,53.77,53.7999,169423
2026-03-18 15:55:00,53.78,53.82,53.68,53.73,417800
2026-03-18 16:00:00,53.73,53.76,53.68,53.7064,48853
2026-03-18 16:05:00,53.7,53.7,53.5891,53.5987,5763
2026-03-18 16:10:00,53.6096,53.61,53.5316,53.5398,16944
2026-03-18 16:15:00,53.51,53.51,53.47,53.49,8330
2026-03-18 16:20:00,53.4698,53.5066,53.465,53.5066,1638
2026-03-18 16:25:00,53.45,53.45,53.37,53.43,3551
2026-03-18 16:30:00,53.45,53.48,53.45,53.4797,7350
2026-03-18 16:35:00,53.4702,53.52,53.4701,53.52,1604
2026-03-18 16:40:00,53.53,53.5518,53.53,53.5518,2900
2026-03-18 16:45:00,53.56,53.58,53.56,53.58,2250
2026-03-18 16:50:00,53.59,53.59,53.59,53.59,1000
2026-03-18 16:55:00,53.55,53.55,53.53,53.53,2647
2026-03-18 17:05:00,53.6,53.6,53.55,53.6,2735
2026-03-18 17:10:00,53.6,53.68,53.6,53.68,1187
2026-03-18 17:20:00,53.5966,53.5966,53.5966,53.5966,201
2026-03-18 17:40:00,53.6514,53.6514,53.6514,53.6514,1945
2026-03-18 17:55:00,53.7,53.7,53.7,53.7,200
2026-03-18 18:00:00,53.68,53.68,53.55,53.55,2454
2026-03-18 18:05:00,53.5861,53.5896,53.55,53.55,2150
2026-03-18 18:10:00,53.5309,53.5309,53.5309,53.5309,170
2026-03-18 18:15:00,53.5,53.5491,53.5,53.5491,2271
2026-03-18 18:20:00,53.55,53.55,53.5,53.509,925
2026-03-18 18:25:00,53.49,53.49,53.469,53.469,900
2026-03-18 18:30:00,53.48,53.48,53.4275,53.4275,2400
2026-03-18 18:35:00,53.429,53.429,53.41,53.41,1742
2026-03-18 18:40:00,53.4294,53.43,53.4294,53.4297,1672
2026-03-18 19:00:00,53.5406,53.5811,53.5406,53.5811,2000
2026-03-18 19:10:00,53.6,53.6,53.6,53.6,600
2026-03-18 19:15:00,53.57,53.58,53.57,53.58,1599
2026-03-18 19:20:00,53.5909,53.5909,53.5909,53.5909,1500
2026-03-18 19:30:00,53.62,53.62,53.62,53.62,772
2026-03-18 19:40:00,53.7,53.7,53.7,53.7,100
2026-03-18 19:45:00,53.6225,53.63,53.61,53.61,1300
2026-03-18 19:50:00,53.5704,53.599,53.5704,53.599,2221
2026-03-18 19:55:00,53.61,53.61,53.61,53.61,400
2026-03-19 04:00:00,53.47,53.54,53.47,53.5,386
2026-03-19 04:05:00,53.52,53.52,53.51,53.51,1200
2026-03-19 04:15:00,53.55,53.55,53.55,53.55,680
2026-03-19 04:20:00,53.44,53.45,53.44,53.45,2894
2026-03-19 04:25:00,53.41,53.41,53.36,53.37,1860
2026-03-19 04:30:00,53.4,53.4,53.4,53.4,100
2026-03-19 04:35:00,53.32,53.35,53.3,53.31,3561
2026-03-19 04:40:00,53.31,53.31,53.31,53.31,900
2026-03-19 04:50:00,53.33,53.33,53.33,53.33,1000
2026-03-19 05:10:00,53.44,53.52,53.44,53.52,10764
2026-03-19 05:15:00,53.49,53.49,53.49,53.49,2660
2026-03-19 05:20:00,53.56,53.56,53.56,53.56,100
2026-03-19 05:25:00,53.52,53.52,53.24,53.36,32431
2026-03-19 05:30:00,53.33,53.39,53.33,53.39,600
2026-03-19 05:45:00,53.58,53.65,53.56,53.65,10336
2026-03-19 05:50:00,53.67,53.68,53.65,53.65,1000
2026-03-19 05:55:00,53.76,53.79,53.72,53.72,1229
2026-03-19 06:05:00,53.71,53.71,53.71,53.71,100
2026-03-19 06:30:00,53.7,53.7,53.7,53.7,1000
2026-03-19 06:35:00,53.62,53.63,53.62,53.62,3200
2026-03-19 06:40:00,53.55,53.55,53.55,53.55,110
2026-03-19 06:45:00,53.55,53.55,53.55,53.55,1900
2026-03-19 07:00:00,53.56,53.65,53.56,53.6,1425
2026-03-19 07:05:00,53.5,53.54,53.499,53.54,1126
2026-03-19 07:10:00,53.54,53.55,53.54,53.55,2448
2026-03-19 07:20:00,53.45,53.45,53.45,53.45,100
2026-03-19 07:25:00,53.4,53.4,53.4,53.4,1000
2026-03-19 07:30:00,53.43,53.43,53.37,53.37,2800
2026-03-19 07:35:00,53.3,53.3,53.3,53.3,110
2026-03-19 07:40:00,53.29,53.32,53.29,53.31,1000
2026-03-19 07:45:00,53.3,53.33,53.3,53.31,2232
2026-03-19 07:50:00,53.35,53.36,53.35,53.36,780
2026-03-19 07:55:00,53.41,53.45,53.39,53.45,700
2026-03-19 08:00:00,53.45,53.76,53.2,53.2,40505
2026-03-19 08:05:00,53.23,53.47,53.23,53.36,5393
2026-03-19 08:10:00,53.4,53.4,53.27,53.27,4420
2026-03-19 08:15:00,53.29,53.34,53.24,53.24,15274
2026-03-19 08:20:00,53.2,53.24,53.18,53.19,600
2026-03-19 08:25:00,53.19,53.19,53.05,53.09,6774
2026-03-19 08:30:00,53.12,53.1598,53.0,53.1,8285
2026-03-19 08:35:00,53.1,53.1213,53.05,53.05,4030
2026-03-19 08:40:00,53.03,53.18,53.03,53.18,3894
2026-03-19 08:45:00,53.1202,53.1202,53.0,53.0,12696
2026-03-19 08:50:00,53.02,53.02,52.9,52.97,23880
2026-03-19 08:55:00,52.9797,53.0,52.97,52.989,3700
2026-03-19 09:00:00,52.97,52.97,52.87,52.89,6201
2026-03-19 09:05:00,52.88,52.88,52.86,52.88,1320
2026-03-19 09:10:00,52.85,52.87,52.83,52.859,4137
2026-03-19 09:15:00,52.81,53.12,52.8,53.109,9782
2026-03-19 09:20:00,53.17,53.2,52.91,52.9564,5694
2026-03-19 09:25:00,52.9379,52.9893,52.91,52.9893,5135
2026-03-19 09:30:00,52.96,52.96,52.68,52.84,252437
2026-03-19 09:35:00,52.82,52.93,52.72,52.855,131032
2026-03-19 09:40:00,52.84,53.08,52.83,53.035,111114
2026-03-19 09:45:00,53.02,53.13,52.91,53.13,149313
2026-03-19 09:50:00,53.13,53.29,53.1,53.27,164543
2026-03-19 09:55:00,53.27,53.2786,53.12,53.23,34168
2026-03-19 10:00:00,53.245,53.336,53.16,53.17,41928
2026-03-19 10:05:00,53.19,53.29,53.1506,53.16,36698
2026-03-19 10:10:00,53.1804,53.37,53.135,53.15,54991
2026-03-19 10:15:00,53.155,53.19,53.01,53.075,112754
2026-03-19 10:20:00,53.08,53.16,52.92,52.955,40823
2026-03-19 10:25:00,52.96,53.0,52.83,52.86,42246
2026-03-19 10:30:00,52.86,53.22,52.86,53.22,63826
2026-03-19 10:35:00,53.22,53.3097,52.99,53.04,53029
2026-03-19 10:40:00,53.03,53.17,53.03,53.05,46616
2026-03-19 10:45:00,53.05,53.14,52.99,53.14,44183
2026-03-19 10:50:00,53.13,53.1999,53.06,53.09,32394
2026-03-19 10:55:00,53.0823,53.2,53.03,53.14,193250
2026-03-19 11:00:00,53.11,53.23,53.07,53.23,33537
2026-03-19 11:05:00,53.236,53.41,53.19,53.27,56325
2026-03-19 11:10:00,53.28,53.36,53.255,53.36,30387
2026-03-19 11:15:00,53.36,53.4014,53.145,53.145,30411
2026-03-19 11:20:00,53.1601,53.19,53.05,53.055,38990
2026-03-19 11:25:00,53.06,53.13,53.02,53.11,27806
2026-03-19 11:30:00,53.08,53.1,52.942,52.95,20106
2026-03-19 11:35:00,52.94,52.985,52.88,52.95,23063
2026-03-19 11:40:00,52.96,53.01,52.9,52.9,73231
2026-03-19 11:45:00,52.89,53.01,52.85,53.0,39943
2026-03-19 11:50:00,52.98,53.01,52.925,52.94,16919
2026-03-19 11:55:00,52.94,53.12,52.94,53.1,103897
2026-03-19 12:00:00,53.11,53.29,53.05,53.19,65243
2026-03-19 12:05:00,53.19,53.3,53.19,53.22,18463
2026-03-19 12:10:00,53.205,53.23,53.08,53.096,22783
2026-03-19 12:15:00,53.1,53.15,53.04,53.07,32526
2026-03-19 12:20:00,53.07,53.12,52.99,53.075,52227
2026-03-19 12:25:00,53.08,53.16,53.05,53.15,13632
2026-03-19 12:30:00,53.1401,53.16,53.06,53.13,32987
2026-03-19 12:35:00,53.11,53.15,53.0278,53.14,14730
2026-03-19 12:40:00,53.14,53.25,53.1345,53.17,40364
2026-03-19 12:45:00,53.18,53.18,53.06,53.08,16480
2026-03-19 12:50:00,53.06,53.08,52.9114,52.985,32442
2026-03-19 12:55:00,52.97,53.02,52.94,53.01,15785
2026-03-19 13:00:00,53.01,53.02,52.9001,52.9001,16298
2026-03-19 13:05:00,52.91,52.92,52.77,52.7901,34780
2026-03-19 13:10:00,52.79,52.845,52.76,52.79,29242
2026-03-19 13:15:00,52.8002,52.96,52.765,52.96,48770
2026-03-19 13:20:00,52.945,53.06,52.91,53.0178,27603
2026-03-19 13:25:00,53.0,53.05,52.98,53.0,19734
2026-03-19 13:30:00,53.0,53.05,52.93,52.9404,22788
2026-03-19 13:35:00,52.93,52.95,52.87,52.87,20505
2026-03-19 13:40:00,52.88,52.925,52.8419,52.9,34972
2026-03-19 13:45:00,52.905,52.94,52.87,52.93,49049
2026-03-19 13:50:00,52.93,53.115,52.93,53.1,33150
2026-03-19 13:55:00,53.055,53.08,53.01,53.02,10526
2026-03-19 14:00:00,53.01,53.0194,52.915,52.94,26883
2026-03-19 14:05:00,52.94,53.055,52.93,53.01,22012
2026-03-19 14:10:00,53.02,53.23,53.02,53.2,30782
2026-03-19 14:15:00,53.2,53.22,53.1,53.11,10564
2026-03-19 14:20:00,53.18,53.18,53.085,53.12,10744
2026-03-19 14:25:00,53.11,53.125,53.02,53.03,13394
2026-03-19 14:30:00,53.0,53.02,52.95,52.9899,22846
2026-03-19 14:35:00,52.99,52.99,52.905,52.935,8663
2026-03-19 14:40:00,52.945,52.945,52.875,52.898,5504
2026-03-19 14:45:00,52.88,52.94,52.87,52.91,14265
2026-03-19 14:50:00,52.915,52.97,52.88,52.965,10666
2026-03-19 14:55:00,52.98,53.27,52.9666,53.21,60975
2026-03-19 15:00:00,53.21,53.58,53.21,53.53,162558
2026-03-19 15:05:00,53.53,53.92,53.53,53.7401,238773
2026-03-19 15:10:00,53.74,53.89,53.572,53.76,153865
2026-03-19 15:15:00,53.75,53.82,53.65,53.77,91389
2026-03-19 15:20:00,53.76,53.765,53.545,53.57,55445
2026-03-19 15:25:00,53.565,53.57,53.42,53.48,71598
2026-03-19 15:30:00,53.49,53.58,53.43,53.46,49214
2026-03-19 15:35:00,53.475,53.52,53.3,53.52,79959
2026-03-19 15:40:00,53.51,53.56,53.455,53.51,48281
2026-03-19 15:45:00,53.49,53.54,53.43,53.45,85956
2026-03-19 15:50:00,53.46,53.47,53.39,53.42,81500
2026-03-19 15:55:00,53.425,53.5,53.395,53.42,133631
2026-03-19 16:00:00,53.42,53.45,53.38,53.42,17063
2026-03-19 16:05:00,53.5,53.56,53.49,53.53,5317
2026-03-19 16:10:00,53.53,53.5326,53.53,53.5326,600
2026-03-19 16:15:00,53.62,53.62,53.6007,53.61,1666
2026-03-19 16:20:00,53.6275,53.67,53.6275,53.67,200
2026-03-19 16:25:00,53.64,53.64,53.6208,53.631,1000
2026-03-19 16:30:00,53.6207,53.6207,53.6004,53.6007,1406
2026-03-19 16:35:00,53.61,53.61,53.6,53.6,527
2026-03-19 16:40:00,53.611,53.6188,53.61,53.6188,1018
2026-03-19 16:45:00,53.6199,53.6199,53.6199,53.6199,784
2026-03-19 16:50:00,53.62,53.62,53.58,53.599,4290
2026-03-19 16:55:00,53.6,53.61,53.5999,53.5999,5308
2026-03-19 17:00:00,53.57,53.57,53.57,53.57,255
2026-03-19 17:05:00,53.6,53.6224,53.6,53.6224,400
2026-03-19 17:20:00,53.62,53.62,53.62,53.62,140
2026-03-19 17:25:00,53.6078,53.6078,53.6078,53.6078,1000
2026-03-19 17:35:00,53.61,53.61,53.61,53.61,1763
2026-03-19 17:45:00,53.7599,53.7599,53.7599,53.7599,170
2026-03-19 17:55:00,53.66,53.6666,53.6599,53.6666,300
2026-03-19 18:00:00,53.66,53.689,53.65,53.65,2300
2026-03-19 18:05:00,53.6,53.6,53.59,53.59,5278
2026-03-19 18:15:00,53.64,53.64,53.64,53.64,100
2026-03-19 18:20:00,53.7,53.7,53.7,53.7,5996
2026-03-19 18:25:00,53.71,53.729,53.71,53.72,1788
2026-03-19 18:30:00,53.7274,53.74,53.7,53.74,5800
2026-03-19 18:35:00,53.7391,53.7391,53.7391,53.7391,200
2026-03-19 18:40:00,53.7491,53.7491,53.701,53.72,1000
2026-03-19 18:45:00,53.6812,53.6812,53.6812,53.6812,200
2026-03-19 18:50:00,53.6726,53.6726,53.6726,53.6726,400
2026-03-19 18:55:00,53.68,53.68,53.68,53.68,200
2026-03-19 19:00:00,53.71,53.73,53.71,53.73,5045
2026-03-19 19:05:00,53.74,53.7782,53.74,53.7782,5680
2026-03-19 19:10:00,53.7475,53.7475,53.7287,53.7287,200
2026-03-19 19:20:00,53.71,53.71,53.71,53.71,1862
2026-03-19 19:25:00,53.65,53.65,53.65,53.65,2449
2026-03-19 19:30:00,53.67,53.69,53.65,53.65,4302
2026-03-19 19:35:00,53.66,53.66,53.66,53.66,100
2026-03-19 19:40:00,53.6692,53.6692,53.64,53.64,492
2026-03-19 19:45:00,53.6592,53.6592,53.6592,53.6592,100
2026-03-19 19:50:00,53.63,53.64,53.6187,53.64,400
2026-03-19 19:55:00,53.6591,53.6999,53.649,53.649,1400
2026-03-20 04:00:00,53.6,53.61,53.57,53.58,3100
2026-03-20 04:05:00,53.64,53.68,53.64,53.68,374
2026-03-20 04:30:00,53.58,53.59,53.5,53.5,646
2026-03-20 04:40:00,53.6,53.6,53.6,53.6,187
2026-03-20 04:50:00,53.55,53.55,53.55,53.55,200
2026-03-20 05:00:00,53.5,53.5,53.49,53.49,8535
2026-03-20 05:05:00,53.47,53.47,53.47,53.47,100
2026-03-20 05:30:00,53.25,53.25,53.25,53.25,380
2026-03-20 05:35:00,53.34,53.34,53.34,53.34,187
2026-03-20 05:40:00,53.18,53.22,53.16,53.22,3964
2026-03-20 05:45:00,53.18,53.18,53.09,53.09,650
2026-03-20 05:50:00,53.05,53.05,52.96,52.96,3963
2026-03-20 05:55:00,52.97,52.99,52.97,52.97,754
2026-03-20 06:00:00,53.01,53.01,52.81,52.81,1599
2026-03-20 06:05:00,52.8,52.86,52.75,52.75,1309
2026-03-20 06:10:00,52.7,52.76,52.64,52.75,2685
2026-03-20 06:15:00,52.77,52.79,52.71,52.71,6460
2026-03-20 06:20:00,52.66,52.66,52.66,52.66,2387
2026-03-20 06:25:00,52.72,52.76,52.72,52.74,6762
2026-03-20 06:30:00,52.78,52.83,52.78,52.83,2608
2026-03-20 06:35:00,52.87,52.95,52.87,52.95,521
2026-03-20 06:40:00,53.0,53.0,53.0,53.0,227
2026-03-20 06:45:00,52.93,52.93,52.93,52.93,400
2026-03-20 06:50:00,52.88,52.92,52.88,52.92,3900
2026-03-20 07:00:00,52.87,53.05,52.87,53.05,802
2026-03-20 07:05:00,53.09,53.1,53.09,53.099,800
2026-03-20 07:10:00,53.12,53.12,53.11,53.11,400
2026-03-20 07:15:00,53.05,53.09,53.04,53.09,2900
2026-03-20 07:20:00,53.1,53.1,53.1,53.1,2800
2026-03-20 07:25:00,53.04,53.04,53.04,53.04,200
2026-03-20 07:30:00,53.089,53.089,53.089,53.089,500
2026-03-20 07:35:00,53.04,53.04,53.0,53.0,1505
2026-03-20 07:40:00,53.02,53.06,53.02,53.04,3347
2026-03-20 07:45:00,53.04,53.04,52.99,52.99,400
2026-03-20 07:50:00,52.92,52.98,52.92,52.98,2287
2026-03-20 07:55:00,53.02,53.04,53.02,53.04,900
2026-03-20 08:00:00,53.5,53.65,52.67,52.97,31584
2026-03-20 08:05:00,53.09,53.2,53.09,53.19,6178
2026-03-20 08:10:00,53.21,53.22,53.14,53.14,4891
2026-03-20 08:15:00,53.07,53.11,53.0399,53.11,1800
2026-03-20 08:20:00,53.1,53.1,53.0903,53.0903,300
2026-03-20 08:25:00,53.11,53.1105,53.11,53.1105,500
2026-03-20 08:30:00,53.19,53.19,53.07,53.13,3372
2026-03-20 08:35:00,53.1297,53.14,53.06,53.08,3745
2026-03-20 08:40:00,53.06,53.06,53.0,53.0,1560
2026-03-20 08:45:00,53.07,53.08,53.05,53.05,400
2026-03-20 08:50:00,53.2,53.21,53.17,53.17,1670
2026-03-20 08:55:00,53.18,53.2,53.18,53.2,400
2026-03-20 09:00:00,53.23,53.2305,53.17,53.17,2087
2026-03-20 09:05:00,53.139,53.139,53.12,53.12,200
2026-03-20 09:10:00,53.07,53.07,53.05,53.05,687
2026-03-20 09:15:00,53.1203,53.1203,53.08,53.08,250
2026-03-20 09:20:00,53.14,53.14,53.13,53.13,300
2026-03-20 09:25:00,53.22,53.25,53.18,53.19,3984
2026-03-20 09:30:00,53.17,53.19,52.905,52.93,206743
2026-03-20 09:35:00,52.93,53.0,52.87,52.89,77903
2026-03-20 09:40:00,52.89,53.13,52.885,53.121,43559
2026-03-20 09:45:00,53.14,53.19,52.98,53.06,69564
2026-03-20 09:50:00,53.0088,53.01,52.755,52.85,93381
2026-03-20 09:55:00,52.8699,52.8699,52.6009,52.64,61201
2026-03-20 10:00:00,52.62,52.69,52.52,52.64,79318
2026-03-20 10:05:00,52.61,52.725,52.53,52.59,41069
2026-03-20 10:10:00,52.58,52.65,52.35,52.395,105612
2026-03-20 10:15:00,52.395,52.52,52.385,52.465,236489
2026-03-20 10:20:00,52.45,52.51,52.375,52.47,91555
2026-03-20 10:25:00,52.4482,52.475,52.38,52.43,25662
2026-03-20 10:30:00,52.415,52.63,52.415,52.63,129131
2026-03-20 10:35:00,52.62,52.68,52.44,52.545,100019
2026-03-20 10:40:00,52.5,52.54,52.48,52.495,10944
2026-03-20 10:45:00,52.49,52.58,52.475,52.5692,19380
2026-03-20 10:50:00,52.55,52.57,52.31,52.31,31034
2026-03-20 10:55:00,52.325,52.54,52.325,52.45,58065
2026-03-20 11:00:00,52.475,52.61,52.395,52.44,46870
2026-03-20 11:05:00,52.44,52.52,52.39,52.48,16337
2026-03-20 11:10:00,52.5,52.63,52.48,52.62,35581
2026-03-20 11:15:00,52.62,52.62,52.46,52.48,14602
2026-03-20 11:20:00,52.45,52.77,52.42,52.52,107931
2026-03-20 11:25:00,52.51,52.54,52.36,52.42,57733
2026-03-20 11:30:00,52.42,52.55,52.405,52.53,20790
2026-03-20 11:35:00,52.525,52.57,52.44,52.51,19366
2026-03-20 11:40:00,52.48,52.57,52.45,52.53,10530
2026-03-20 11:45:00,52.52,52.5599,52.44,52.53,7571
2026-03-20 11:50:00,52.515,52.59,52.45,52.59,20119
2026-03-20 11:55:00,52.585,52.63,52.53,52.61,15826
2026-03-20 12:00:00,52.59,52.705,52.58,52.7,17375
2026-03-20 12:05:00,52.7,52.7,52.58,52.64,19044
2026-03-20 12:10:00,52.625,52.7,52.625,52.65,16516
2026-03-20 12:15:00,52.65,52.73,52.59,52.73,16687
2026-03-20 12:20:00,52.72,52.7569,52.68,52.7,25742
2026-03-20 12:25:00,52.685,52.695,52.5907,52.615,24953
2026-03-20 12:30:00,52.61,52.61,52.435,52.5,26862
2026-03-20 12:35:00,52.56,52.56,52.47,52.515,10399
2026-03-20 12:40:00,52.52,52.55,52.49,52.52,7065
2026-03-20 12:45:00,52.51,52.535,52.45,52.49,5350
2026-03-20 12:50:00,52.51,52.5499,52.43,52.535,8589
2026-03-20 12:55:00,52.53,52.65,52.5299,52.55,13452
2026-03-20 13:00:00,52.59,52.63,52.5897,52.6297,15966
2026-03-20 13:05:00,52.625,52.625,52.4,52.555,122961
2026-03-20 13:10:00,52.61,52.61,52.48,52.485,18683
2026-03-20 13:15:00,52.5,52.52,52.45,52.46,13823
2026-03-20 13:20:00,52.46,52.55,52.4599,52.49,12987
2026-03-20 13:25:00,52.49,52.505,52.44,52.46,18591
2026-03-20 13:30:00,52.46,52.49,52.34,52.3506,29810
2026-03-20 13:35:00,52.35,52.4,52.224,52.355,41471
2026-03-20 13:40:00,52.32,52.385,52.27,52.284,20656
2026-03-20 13:45:00,52.3,52.3,52.205,52.25,34619
2026-03-20 13:50:00,52.23,52.36,52.225,52.33,36444
2026-03-20 13:55:00,52.335,52.38,52.31,52.34,14581
2026-03-20 14:00:00,52.34,52.38,52.24,52.24,25352
2026-03-20 14:05:00,52.25,52.3,52.19,52.25,46286
2026-03-20 14:10:00,52.24,52.24,52.17,52.2076,19314
2026-03-20 14:15:00,52.21,52.2235,52.13,52.18,159874
2026-03-20 14:20:00,52.19,52.21,51.9099,51.92,157843
2026-03-20 14:25:00,51.95,52.08,51.95,51.995,36087
2026-03-20 14:30:00,52.02,52.045,51.93,51.9499,28263
2026-03-20 14:35:00,51.94,51.95,51.82,51.86,72759
2026-03-20 14:40:00,51.84,51.89,51.79,51.82,44757
2026-03-20 14:45:00,51.83,51.8509,51.745,51.775,104165
2026-03-20 14:50:00,51.76,51.8299,51.74,51.78,128869
2026-03-20 14:55:00,51.7813,51.8198,51.73,51.79,43884
2026-03-20 15:00:00,51.81,51.88,51.8,51.81,76792
2026-03-20 15:05:00,51.81,51.81,51.725,51.775,81048
2026-03-20 15:10:00,51.77,51.78,51.67,51.76,236023
2026-03-20 15:15:00,51.73,51.785,51.7294,51.78,16516
2026-03-20 15:20:00,51.77,51.775,51.59,51.6017,95797
2026-03-20 15:25:00,51.61,51.67,51.59,51.64,39959
2026-03-20 15:30:00,51.66,51.68,51.475,51.4814,63352
2026-03-20 15:35:00,51.49,51.51,51.26,51.39,80719
2026-03-20 15:40:00,51.38,51.62,51.375,51.61,212982
2026-03-20 15:45:00,51.6,51.6,51.445,51.47,114483
2026-03-20 15:50:00,51.47,51.7601,51.425,51.76,203160
2026-03-20 15:55:00,51.76,51.87,51.75,51.865,384663
2026-03-20 16:00:00,51.86,51.98,51.84,51.98,53775
2026-03-20 16:05:00,51.9402,51.97,51.9,51.96,6585
2026-03-20 16:10:00,52.01,52.1,52.0026,52.1,13182
2026-03-20 16:15:00,52.1,52.1,52.0313,52.0313,1676
2026-03-20 16:20:00,52.02,52.0289,52.01,52.0101,1631
2026-03-20 16:25:00,51.98,51.98,51.97,51.9706,30904
2026-03-20 16:30:00,52.05,52.05,52.0499,52.0499,327
2026-03-20 16:35:00,52.0529,52.11,52.0499,52.11,1180
2026-03-20 16:40:00,52.11,52.13,52.1002,52.12,4594
2026-03-20 16:45:00,52.15,52.3,52.15,52.3,6394
2026-03-20 16:50:00,52.34,52.34,52.28,52.28,56841
2026-03-20 16:55:00,52.27,52.3482,52.23,52.3482,31903
2026-03-20 17:00:00,52.34,52.34,52.22,52.22,10400
2026-03-20 17:05:00,52.15,52.2364,52.1436,52.1436,4600
2026-03-20 17:10:00,52.111,52.85,52.11,52.3,11991
2026-03-20 17:15:00,52.55,52.55,52.46,52.5,1683
2026-03-20 17:20:00,52.64,52.6899,52.64,52.6899,200
2026-03-20 17:25:00,52.55,52.7818,52.55,52.6,4147
2026-03-20 17:30:00,52.6116,52.6116,52.5906,52.5948,2700
2026-03-20 17:35:00,52.51,52.56,52.51,52.54,6597
2026-03-20 17:40:00,52.58,52.58,52.56,52.56,1700
2026-03-20 17:45:00,52.64,52.6965,52.6212,52.6499,1350
2026-03-20 17:50:00,52.7,52.7,52.7,52.7,1000
2026-03-20 17:55:00,52.6786,52.75,52.6786,52.75,4615
2026-03-20 18:00:00,52.7306,52.7306,52.62,52.69,3456
2026-03-20 18:05:00,52.74,52.8,52.6303,52.8,2909
2026-03-20 18:10:00,52.78,52.83,52.78,52.83,700
2026-03-20 18:15:00,52.84,52.84,52.7839,52.7839,500
2026-03-20 18:20:00,52.78,52.78,52.73,52.75,4339
2026-03-20 18:25:00,52.79,52.86,52.79,52.8,600
2026-03-20 18:30:00,52.8,52.8,52.72,52.72,450
2026-03-20 18:35:00,52.55,52.7,52.55,52.6593,850
2026-03-20 18:45:00,52.8,52.8,52.8,52.8,200
2026-03-20 18:50:00,52.75,52.75,52.75,52.75,200
2026-03-20 18:55:00,52.75,52.86,52.75,52.86,2007
2026-03-20 19:00:00,52.75,52.75,52.75,52.75,100
2026-03-20 19:05:00,52.76,52.76,52.76,52.76,300
2026-03-20 19:15:00,52.71,52.76,52.71,52.76,2098
2026-03-20 19:25:00,52.7374,52.7997,52.72,52.7997,450
2026-03-20 19:30:00,52.7704,52.7704,52.72,52.72,450
2026-03-20 19:35:00,52.72,52.72,52.71,52.71,2633
2026-03-20 19:50:00,52.72,52.72,52.66,52.69,1100
2026-03-20 19:55:00,52.6518,52.72,52.65,52.72,7055
2026-03-23 04:00:00,51.0,51.0,50.9,50.96,2513
2026-03-23 04:05:00,51.05,51.06,51.01,51.01,1181
2026-03-23 04:10:00,51.01,51.14,51.01,51.13,1220
2026-03-23 04:25:00,51.06,51.06,51.06,51.06,125
2026-03-23 04:30:00,51.19,51.19,51.19,51.19,325
2026-03-23 04:35:00,51.13,51.13,51.13,51.13,340
2026-03-23 04:40:00,51.13,51.16,51.13,51.16,2500
2026-03-23 04:45:00,51.23,51.23,51.23,51.23,200
2026-03-23 05:00:00,51.2,51.2,51.06,51.09,1075
2026-03-23 05:10:00,51.21,51.24,51.21,51.24,800
2026-03-23 05:15:00,51.2,51.2,51.2,51.2,100
2026-03-23 05:20:00,51.24,51.3,51.21,51.3,1128
2026-03-23 05:30:00,51.19,51.19,51.0,51.0,454
2026-03-23 05:45:00,50.99,50.99,50.98,50.98,530
2026-03-23 05:55:00,50.93,50.95,50.92,50.95,2248
2026-03-23 06:00:00,51.05,51.05,51.05,51.05,594
2026-03-23 06:05:00,51.05,51.06,51.04,51.06,1700
2026-03-23 06:15:00,51.03,51.07,51.03,51.04,2996
2026-03-23 06:20:00,50.99,50.99,50.97,50.97,294
2026-03-23 06:30:00,50.93,50.93,50.93,50.93,174
2026-03-23 06:35:00,51.02,51.02,51.02,51.02,194
2026-03-23 06:40:00,50.86,50.86,50.86,50.86,500
2026-03-23 06:45:00,50.82,50.82,50.76,50.76,1193
2026-03-23 06:50:00,50.93,51.16,50.93,50.96,7063
2026-03-23 06:55:00,50.95,50.99,50.95,50.99,1694
2026-03-23 07:00:00,51.03,51.06,51.01,51.031,6800
2026-03-23 07:05:00,51.13,54.53,51.13,54.46,408682
2026-03-23 07:10:00,54.5,54.75,53.88,54.75,200967
2026-03-23 07:15:00,54.61,54.61,54.031,54.1,95155
2026-03-23 07:20:00,54.01,54.1,53.44,53.7,121530
2026-03-23 07:25:00,53.73,53.871,53.36,53.59,64476
2026-03-23 07:30:00,53.7,54.45,53.68,54.37,75578
2026-03-23 07:35:00,54.36,54.39,53.91,53.97,69566
2026-03-23 07:40:00,53.84,53.85,53.51,53.54,27953
2026-03-23 07:45:00,53.51,53.55,53.09,53.36,71011
2026-03-23 07:50:00,53.381,53.42,53.11,53.42,74250
2026-03-23 07:55:00,53.42,53.42,53.0,53.1,18398
2026-03-23 08:00:00,51.17,54.71,50.78,51.49,165275
2026-03-23 08:05:00,53.2113,53.37,50.72,53.37,43857
2026-03-23 08:10:00,53.4,53.41,53.15,53.15,11285
2026-03-23 08:15:00,53.2,53.6,53.2,53.5901,5021
2026-03-23 08:20:00,53.59,53.6101,53.49,53.49,5071
2026-03-23 08:25:00,53.52,53.61,53.5029,53.5029,8053
2026-03-23 08:30:00,53.3696,53.39,53.3,53.39,3941
2026-03-23 08:35:00,53.47,53.48,53.33,53.37,5365
2026-03-23 08:40:00,53.39,53.82,53.3,53.77,16477
2026-03-23 08:45:00,53.8,53.9,53.74,53.8854,5145
2026-03-23 08:50:00,53.92,53.97,53.839,53.89,3963
2026-03-23 08:55:00,53.77,53.88,53.75,53.88,2736
2026-03-23 09:00:00,53.8949,53.9871,53.76,53.79,9280
2026-03-23 09:05:00,53.76,53.76,53.6602,53.67,3900
2026-03-23 09:10:00,53.67,53.67,53.6012,53.631,3352
2026-03-23 09:15:00,53.67,53.7009,53.62,53.62,7599
2026-03-23 09:20:00,53.61,53.66,53.51,53.58,7503
2026-03-23 09:25:00,53.5343,53.5343,53.39,53.41,6365
2026-03-23 09:30:00,53.37,53.43,53.1501,53.19,305406
2026-03-23 09:35:00,53.18,53.4299,53.08,53.4299,138920
2026-03-23 09:40:00,53.42,53.62,53.228,53.39,143942
2026-03-23 09:45:00,53.37,53.535,53.28,53.53,64665
2026-03-23 09:50:00,53.5386,53.7,53.49,53.63,78936
2026-03-23 09:55:00,53.61,53.73,53.5,53.73,84853
2026-03-23 10:00:00,53.73,53.81,53.56,53.58,71250
2026-03-23 10:05:00,53.57,53.68,53.47,53.64,72050
2026-03-23 10:10:00,53.65,53.78,53.58,53.7,63714
2026-03-23 10:15:00,53.73,53.888,53.715,53.888,41867
2026-03-23 10:20:00,53.87,54.05,53.82,54.0,114664
2026-03-23 10:25:00,53.96,53.995,53.79,53.85,33346
2026-03-23 10:30:00,53.82,53.89,53.75,53.82,33223
2026-03-23 10:35:00,53.8386,53.91,53.72,53.78,34120
2026-03-23 10:40:00,53.76,53.82,53.72,53.75,38664
2026-03-23 10:45:00,53.74,53.98,53.69,53.9,77745
2026-03-23 10:50:00,53.87,53.91,53.77,53.83,33006
2026-03-23 10:55:00,53.83,53.91,53.8,53.89,18311
2026-03-23 11:00:00,53.865,54.1089,53.84,54.08,53727
2026-03-23 11:05:00,54.09,54.095,54.0,54.05,28468
2026-03-23 11:10:00,54.045,54.11,53.978,54.015,34560
2026-03-23 11:15:00,54.02,54.03,53.92,53.92,28898
2026-03-23 11:20:00,53.91,54.03,53.83,54.02,78348
2026-03-23 11:25:00,53.99,54.005,53.81,53.84,17202
2026-03-23 11:30:00,53.85,53.9,53.78,53.7902,38674
2026-03-23 11:35:00,53.77,53.7799,53.57,53.58,57040
2026-03-23 11:40:00,53.57,53.655,53.51,53.58,72446
2026-03-23 11:45:00,53.5599,53.57,53.4,53.48,50453
2026-03-23 11:50:00,53.5,53.516,53.23,53.27,85559
2026-03-23 11:55:00,53.27,53.27,53.0301,53.06,59759
2026-03-23 12:00:00,53.06,53.235,53.045,53.12,112471
2026-03-23 12:05:00,53.11,53.2842,53.08,53.22,48409
2026-03-23 12:10:00,53.18,53.31,53.15,53.23,39057
2026-03-23 12:15:00,53.225,53.24,53.04,53.07,36608
2026-03-23 12:20:00,53.09,53.1,52.96,53.02,51096
2026-03-23 12:25:00,53.0,53.0,52.73,52.74,51636
2026-03-23 12:30:00,52.75,52.99,52.75,52.99,44910
2026-03-23 12:35:00,53.0,53.0799,52.95,52.95,49231
2026-03-23 12:40:00,52.96,53.08,52.96,53.07,34178
2026-03-23 12:45:00,53.06,53.165,53.02,53.11,22306
2026-03-23 12:50:00,53.1,53.17,52.99,53.03,33640
2026-03-23 12:55:00,53.04,53.06,52.92,52.995,20199
2026-03-23 13:00:00,53.01,53.07,52.9,52.91,24788
2026-03-23 13:05:00,52.9005,53.09,52.88,53.07,41003
2026-03-23 13:10:00,53.0699,53.08,52.95,52.95,9895
2026-03-23 13:15:00,52.94,52.9892,52.85,52.93,31328
2026-03-23 13:20:00,52.91,52.91,52.79,52.86,7191
2026-03-23 13:25:00,52.87,52.99,52.87,52.95,48713
2026-03-23 13:30:00,52.955,53.23,52.935,53.23,56539
2026-03-23 13:35:00,53.23,53.4,53.225,53.3401,95723
2026-03-23 13:40:00,53.34,53.34,53.13,53.17,86064
2026-03-23 13:45:00,53.19,53.2,53.12,53.18,32634
2026-03-23 13:50:00,53.17,53.29,53.16,53.27,55612
2026-03-23 13:55:00,53.2782,53.41,53.25,53.39,167017
2026-03-23 14:00:00,53.38,53.42,53.34,53.41,27304
2026-03-23 14:05:00,53.4,53.41,53.14,53.26,71617
2026-03-23 14:10:00,53.31,53.38,53.3,53.32,10394
2026-03-23 14:15:00,53.31,53.34,53.23,53.28,19860
2026-03-23 14:20:00,53.28,53.3,53.25,53.285,5613
2026-03-23 14:25:00,53.3,53.34,53.26,53.28,8376
2026-03-23 14:30:00,53.3,53.52,53.3,53.5,46039
2026-03-23 14:35:00,53.51,53.64,53.45,53.53,81379
2026-03-23 14:40:00,53.52,53.555,53.44,53.49,25586
2026-03-23 14:45:00,53.505,53.58,53.47,53.57,49087
2026-03-23 14:50:00,53.57,53.57,53.4799,53.51,16451
2026-03-23 14:55:00,53.53,53.55,53.48,53.53,24922
2026-03-23 15:00:00,53.53,53.53,53.45,53.465,12418
2026-03-23 15:05:00,53.465,53.5,53.4401,53.495,9398
2026-03-23 15:10:00,53.49,53.49,53.385,53.4,13323
2026-03-23 15:15:00,53.39,53.42,53.31,53.3407,13461
2026-03-23 15:20:00,53.35,53.36,53.275,53.3,113109
2026-03-23 15:25:00,53.32,53.3229,53.23,53.255,22695
2026-03-23 15:30:00,53.265,53.3081,53.25,53.255,18033
2026-03-23 15:35:00,53.28,53.325,53.2401,53.3183,8491
2026-03-23 15:40:00,53.31,53.36,53.275,53.36,18440
2026-03-23 15:45:00,53.36,53.41,53.31,53.33,11027
2026-03-23 15:50:00,53.34,53.35,53.175,53.18,112771
2026-03-23 15:55:00,53.18,53.18,52.96,52.96,258301
2026-03-23 16:00:00,52.95,52.96,52.79,52.82,177134
2026-03-23 16:05:00,52.8174,52.8987,52.8,52.8987,12834
2026-03-23 16:10:00,52.94,52.9799,52.9299,52.9799,2100
2026-03-23 16:15:00,53.0,53.0,52.9498,52.9498,12365
2026-03-23 16:20:00,52.95,52.961,52.95,52.961,3222
2026-03-23 16:25:00,52.9999,53.02,52.9999,53.0199,840
2026-03-23 16:35:00,53.05,53.05,53.05,53.05,110
2026-03-23 16:45:00,53.0587,53.06,53.0587,53.06,2100
2026-03-23 16:50:00,53.0,53.0,52.99,52.99,17700
2026-03-23 16:55:00,52.99,52.99,52.9797,52.9797,2477
2026-03-23 17:00:00,53.04,53.04,53.04,53.04,995
2026-03-23 17:05:00,53.07,53.07,53.01,53.01,3100
2026-03-23 17:10:00,53.01,53.01,53.01,53.01,605
2026-03-23 17:15:00,53.0302,53.0573,53.0302,53.04,487
2026-03-23 17:20:00,53.0561,53.0579,53.0561,53.0579,200
2026-03-23 17:35:00,53.03,53.03,53.03,53.03,100
2026-03-23 17:40:00,53.05,53.05,53.05,53.05,200
2026-03-23 17:45:00,53.02,53.02,53.02,53.02,412
2026-03-23 17:50:00,53.029,53.03,53.029,53.03,800
2026-03-23 18:00:00,53.02,53.02,52.88,52.88,5393
2026-03-23 18:05:00,52.88,53.02,52.88,53.01,8582
2026-03-23 18:10:00,53.03,53.03,53.03,53.03,2947
2026-03-23 18:20:00,53.02,53.0505,53.02,53.0505,2136
2026-03-23 18:25:00,53.0794,53.0794,53.0794,53.0794,450
2026-03-23 18:35:00,53.06,53.0995,53.06,53.0995,1700
2026-03-23 18:45:00,53.1,53.14,53.1,53.14,2344
2026-03-23 18:50:00,53.1492,53.1492,53.14,53.14,1000
2026-03-23 18:55:00,53.28,53.2801,53.25,53.2801,3250
2026-03-23 19:05:00,53.191,53.191,53.191,53.191,100
2026-03-23 19:10:00,53.2,53.2,53.2,53.2,100
2026-03-23 19:15:00,53.22,53.22,53.22,53.22,100
2026-03-23 19:25:00,53.211,53.23,53.211,53.23,629
2026-03-23 19:30:00,53.15,53.169,53.14,53.169,1750
2026-03-23 19:45:00,53.1101,53.1199,53.1,53.1,650
2026-03-23 19:50:00,53.13,53.13,53.13,53.13,125
2026-03-23 19:55:00,53.11,53.17,53.1,53.17,2200
2026-03-24 04:00:00,53.19,53.19,53.12,53.12,1905
2026-03-24 04:05:00,53.24,53.27,53.24,53.27,200
2026-03-24 04:10:00,53.22,53.22,53.22,53.22,600
2026-03-24 04:15:00,53.21,53.26,52.98,52.98,2831
2026-03-24 04:20:00,52.99,52.99,52.96,52.96,3511
2026-03-24 04:35:00,52.96,52.99,52.96,52.96,1139
2026-03-24 04:40:00,52.9,52.9,52.9,52.9,310
2026-03-24 04:45:00,52.97,52.97,52.97,52.97,400
2026-03-24 04:50:00,52.99,52.99,52.8,52.93,10823
2026-03-24 04:55:00,52.8,52.8,52.8,52.8,538
2026-03-24 05:05:00,52.78,52.78,52.78,52.78,100
2026-03-24 05:10:00,52.69,52.69,52.55,52.55,978
2026-03-24 05:15:00,52.69,52.69,52.67,52.68,1000
2026-03-24 05:25:00,52.69,52.71,52.69,52.71,900
2026-03-24 05:40:00,52.8,52.86,52.8,52.86,310
2026-03-24 05:50:00,52.78,52.88,52.78,52.88,210
2026-03-24 05:55:00,52.96,52.99,52.96,52.97,13422
2026-03-24 06:00:00,52.81,52.82,52.81,52.82,400
2026-03-24 06:05:00,52.91,52.99,52.91,52.99,800
2026-03-24 06:10:00,52.98,53.01,52.95,53.01,930
2026-03-24 06:35:00,52.87,52.93,52.84,52.93,6838
2026-03-24 06:40:00,53.01,53.01,53.01,53.01,200
2026-03-24 06:55:00,52.94,52.94,52.94,52.94,200
2026-03-24 07:00:00,52.96,52.96,52.87,52.92,3550
2026-03-24 07:05:00,52.95,52.95,52.95,52.95,200
2026-03-24 07:10:00,52.96,52.98,52.96,52.97,1135
2026-03-24 07:15:00,52.88,52.88,52.88,52.88,300
2026-03-24 07:20:00,52.86,52.86,52.86,52.86,100
2026-03-24 07:25:00,52.84,52.89,52.83,52.89,1960
2026-03-24 07:30:00,52.83,52.83,52.81,52.81,300
2026-03-24 07:35:00,52.8,52.8,52.8,52.8,320
2026-03-24 07:40:00,52.86,52.86,52.8,52.81,3139
2026-03-24 07:45:00,52.86,52.97,52.86,52.97,1900
2026-03-24 07:50:00,52.86,52.86,52.55,52.69,11791
2026-03-24 07:55:00,52.71,52.9,52.71,52.9,2847
2026-03-24 08:00:00,52.77,53.3,52.24,52.8042,76140
2026-03-24 08:05:00,52.76,52.76,52.68,52.68,1900
2026-03-24 08:10:00,52.7197,52.76,52.65,52.74,2300
2026-03-24 08:15:00,52.7,52.72,52.7,52.7,850
2026-03-24 08:20:00,52.7,52.7497,52.6812,52.7487,1880
2026-03-24 08:25:00,52.7413,52.8458,52.7413,52.77,2660
2026-03-24 08:30:00,52.7821,52.7821,52.5521,52.6087,4240
2026-03-24 08:35:00,52.6008,52.6008,52.49,52.49,18583
2026-03-24 08:40:00,52.54,52.54,52.45,52.48,1400
2026-03-24 08:45:00,52.4691,52.49,52.42,52.42,7300
2026-03-24 08:50:00,52.4379,52.53,52.4379,52.52,1800
2026-03-24 08:55:00,52.45,52.45,52.45,52.45,100
2026-03-24 09:00:00,52.4399,52.51,52.4399,52.47,1608
2026-03-24 09:05:00,52.47,52.47,52.16,52.3,11860
2026-03-24 09:10:00,52.28,52.4,52.28,52.4,1700
2026-03-24 09:15:00,52.38,52.38,52.29,52.32,1800
2026-03-24 09:20:00,52.3,52.32,52.29,52.32,7382
2026-03-24 09:25:00,52.34,52.39,52.23,52.3,17458
2026-03-24 09:30:00,52.31,52.53,52.23,52.5299,272125
2026-03-24 09:35:00,52.55,52.5699,52.27,52.28,94177
2026-03-24 09:40:00,52.29,52.31,52.06,52.2,79737
2026-03-24 09:45:00,52.2,52.33,52.11,52.11,43874
2026-03-24 09:50:00,52.11,52.2299,52.06,52.13,62480
2026-03-24 09:55:00,52.14,52.33,52.13,52.32,61477
2026-03-24 10:00:00,52.305,52.46,52.29,52.46,73296
2026-03-24 10:05:00,52.455,52.64,52.34,52.625,61148
2026-03-24 10:10:00,52.64,52.655,52.3332,52.5,47185
2026-03-24 10:15:00,52.49,52.52,52.355,52.495,34709
2026-03-24 10:20:00,52.49,52.55,52.37,52.46,21869
2026-03-24 10:25:00,52.455,52.63,52.38,52.485,31305
2026-03-24 10:30:00,52.485,52.6393,52.47,52.5913,26699
2026-03-24 10:35:00,52.6298,52.6391,52.4414,52.54,25696
2026-03-24 10:40:00,52.5,52.68,52.485,52.68,46557
2026-03-24 10:45:00,52.68,52.74,52.52,52.525,51494
2026-03-24 10:50:00,52.52,53.03,52.44,52.7999,207293
2026-03-24 10:55:00,52.8,52.98,52.49,52.71,210950
2026-03-24 11:00:00,52.72,52.97,52.72,52.895,77383
2026-03-24 11:05:00,52.86,52.92,52.83,52.86,38704
2026-03-24 11:10:00,52.8608,52.97,52.8,52.91,15280
2026-03-24 11:15:00,52.93,53.03,52.91,52.99,56562
2026-03-24 11:20:00,53.0,53.12,52.945,53.1199,70103
2026-03-24 11:25:00,53.11,53.18,53.04,53.06,50999
2026-03-24 11:30:00,53.07,53.1,52.94,53.0118,43114
2026-03-24 11:35:00,53.01,53.135,53.01,53.09,14606
2026-03-24 11:40:00,53.1,53.115,53.0507,53.085,6950
2026-03-24 11:45:00,53.07,53.1501,53.07,53.1311,18041
2026-03-24 11:50:00,53.15,53.21,53.12,53.12,12914
2026-03-24 11:55:00,53.12,53.125,52.88,52.925,20020
2026-03-24 12:00:00,52.9,52.92,52.82,52.84,32137
2026-03-24 12:05:00,52.84,52.905,52.79,52.9001,12255
2026-03-24 12:10:00,52.915,52.92,52.8101,52.885,43518
2026-03-24 12:15:00,52.8899,53.06,52.88,53.035,16093
2026-03-24 12:20:00,53.0099,53.09,52.98,53.045,10530
2026-03-24 12:25:00,53.05,53.0588,52.9812,53.04,32979
2026-03-24 12:30:00,53.04,53.06,52.97,52.99,9505
2026-03-24 12:35:00,52.945,52.9499,52.75,52.78,13774
2026-03-24 12:40:00,52.74,52.91,52.74,52.91,23237
2026-03-24 12:45:00,52.95,53.01,52.89,52.9,8436
2026-03-24 12:50:00,52.89,52.98,52.89,52.92,6885
2026-03-24 12:55:00,52.91,52.94,52.8,52.9,39727
2026-03-24 13:00:00,52.92,52.945,52.66,52.66,7439
2026-03-24 13:05:00,52.65,52.66,52.53,52.57,69625
2026-03-24 13:10:00,52.57,52.62,52.4901,52.5502,28260
2026-03-24 13:15:00,52.55,52.6,52.5016,52.53,17355
2026-03-24 13:20:00,52.53,52.62,52.53,52.58,13704
2026-03-24 13:25:00,52.57,52.64,52.55,52.61,19023
2026-03-24 13:30:00,52.6391,52.73,52.5599,52.5599,13173
2026-03-24 13:35:00,52.58,52.6493,52.52,52.6,7023
2026-03-24 13:40:00,52.63,52.67,52.48,52.48,9377
2026-03-24 13:45:00,52.51,52.575,52.47,52.55,18207
2026-03-24 13:50:00,52.54,52.69,52.52,52.6,40852
2026-03-24 13:55:00,52.58,52.78,52.58,52.75,141584
2026-03-24 14:00:00,52.77,52.87,52.72,52.78,32790
2026-03-24 14:05:00,52.76,52.78,52.69,52.69,12488
2026-03-24 14:10:00,52.7,52.735,52.665,52.71,18524
2026-03-24 14:15:00,52.66,52.75,52.61,52.73,57847
2026-03-24 14:20:00,52.73,52.78,52.69,52.73,21360
2026-03-24 14:25:00,52.75,52.86,52.74,52.8099,32985
2026-03-24 14:30:00,52.82,52.98,52.78,52.8807,52630
2026-03-24 14:35:00,52.8908,53.14,52.88,53.14,172801
2026-03-24 14:40:00,53.11,53.11,52.86,52.95,52220
2026-03-24 14:45:00,52.945,52.955,52.855,52.89,11753
2026-03-24 14:50:00,52.9,53.01,52.89,52.925,111669
2026-03-24 14:55:00,52.93,52.93,52.81,52.87,72561
2026-03-24 15:00:00,52.87,52.98,52.87,52.91,41903
2026-03-24 15:05:00,52.91,52.9599,52.87,52.95,9974
2026-03-24 15:10:00,52.93,52.995,52.925,52.995,6876
2026-03-24 15:15:00,52.99,52.99,52.89,52.93,55574
2026-03-24 15:20:00,52.925,52.94,52.85,52.895,19264
2026-03-24 15:25:00,52.91,52.91,52.78,52.8,13950
2026-03-24 15:30:00,52.79,52.85,52.72,52.74,63928
2026-03-24 15:35:00,52.7218,52.7499,52.665,52.72,14595
2026-03-24 15:40:00,52.72,52.77,52.6901,52.7,19589
2026-03-24 15:45:00,52.6917,52.696,52.6,52.65,16513
2026-03-24 15:50:00,52.67,52.67,52.53,52.545,91284
2026-03-24 15:55:00,52.55,52.6,52.46,52.59,609669
2026-03-24 16:00:00,52.59,52.62,52.58,52.61,43953
2026-03-24 16:05:00,52.63,52.63,52.5813,52.5813,7715
2026-03-24 16:10:00,52.61,52.65,52.61,52.6474,7338
2026-03-24 16:15:00,52.63,52.72,52.63,52.72,1425
2026-03-24 16:20:00,52.72,53.56,52.72,53.5,49226
2026-03-24 16:25:00,53.54,53.73,53.18,53.26,20312
2026-03-24 16:30:00,53.32,53.38,53.26,53.3263,5372
2026-03-24 16:35:00,53.45,53.7,53.43,53.62,26855
2026-03-24 16:40:00,53.44,53.45,53.2,53.32,72418
2026-03-24 16:45:00,53.38,53.38,53.13,53.32,22558
2026-03-24 16:50:00,53.3,53.3109,53.19,53.19,4713
2026-03-24 16:55:00,53.21,53.29,53.21,53.26,2137
2026-03-24 17:00:00,53.34,53.37,53.34,53.37,2668
2026-03-24 17:05:00,53.2195,53.31,53.2137,53.23,799
2026-03-24 17:10:00,53.2114,53.2496,53.2114,53.2496,1400
2026-03-24 17:15:00,53.23,53.32,53.23,53.31,8800
2026-03-24 17:20:00,53.3196,53.3196,53.3196,53.3196,850
2026-03-24 17:25:00,53.31,53.31,53.26,53.26,200
2026-03-24 17:30:00,53.26,53.26,53.1051,53.1051,2297
2026-03-24 17:45:00,53.39,53.39,53.36,53.3601,1000
2026-03-24 17:50:00,53.36,53.37,53.36,53.36,2200
2026-03-24 18:00:00,53.27,53.33,53.27,53.33,5218
2026-03-24 18:05:00,53.357,53.43,53.357,53.4,5997
2026-03-24 18:10:00,53.41,53.4109,53.3303,53.37,7766
2026-03-24 18:15:00,53.2901,53.2901,53.24,53.26,7173
2026-03-24 18:20:00,53.279,53.279,53.279,53.279,1000
2026-03-24 18:25:00,53.2,53.23,53.1708,53.23,3560
2026-03-24 18:30:00,53.25,53.2807,53.25,53.2807,2517
2026-03-24 18:35:00,53.2996,53.3198,53.2825,53.31,2000
2026-03-24 18:40:00,53.2806,53.35,53.2806,53.35,481
2026-03-24 18:45:00,53.35,53.35,53.3396,53.34,4876
2026-03-24 18:50:00,53.34,53.34,53.339,53.339,821
2026-03-24 18:55:00,53.3405,53.3405,53.3405,53.3405,1000
2026-03-24 19:00:00,53.34,53.34,53.2797,53.2797,970
2026-03-24 19:15:00,53.35,53.35,53.35,53.35,445
2026-03-24 19:20:00,53.4,53.4,53.4,53.4,100
2026-03-24 19:25:00,53.41,53.41,53.3779,53.3779,1059
2026-03-24 19:30:00,53.3899,53.3899,53.3702,53.3702,3350
2026-03-24 19:35:00,53.3597,53.38,53.3597,53.37,1474
2026-03-24 19:40:00,53.3594,53.3594,53.3042,53.31,17882
2026-03-24 19:45:00,53.3,53.3199,53.3,53.3174,460
2026-03-24 19:50:00,53.31,53.34,53.31,53.34,200
2026-03-24 19:55:00,53.31,53.3179,53.31,53.3179,700
2026-03-25 04:00:00,53.26,53.39,53.26,53.39,4294
2026-03-25 04:05:00,53.47,53.55,53.45,53.45,6017
2026-03-25 04:15:00,53.52,53.6,53.52,53.6,600
2026-03-25 04:25:00,53.56,53.58,53.56,53.56,800
2026-03-25 04:30:00,53.57,53.62,53.57,53.62,5299
2026-03-25 04:35:00,53.6,53.6,53.44,53.53,11058
2026-03-25 04:40:00,53.56,53.56,53.51,53.51,17283
2026-03-25 04:50:00,53.41,53.41,53.3,53.3,600
2026-03-25 04:55:00,53.27,53.27,53.26,53.26,400
2026-03-25 05:00:00,53.25,53.28,53.25,53.28,614
2026-03-25 05:05:00,53.36,53.37,53.36,53.37,1390
2026-03-25 05:10:00,53.44,53.44,53.42,53.42,761
2026-03-25 05:20:00,53.41,53.41,53.35,53.35,430
2026-03-25 05:25:00,53.28,53.28,53.28,53.28,200
2026-03-25 05:30:00,53.33,53.33,53.33,53.33,300
2026-03-25 05:35:00,53.33,53.33,53.33,53.33,278
2026-03-25 05:55:00,53.26,53.35,53.25,53.32,15078
2026-03-25 06:00:00,53.4,53.44,53.38,53.38,500
2026-03-25 06:05:00,53.36,53.36,53.36,53.36,100
2026-03-25 06:30:00,53.24,53.28,53.24,53.26,4199
2026-03-25 06:35:00,53.32,53.32,53.32,53.32,390
2026-03-25 07:00:00,53.31,53.37,53.31,53.37,800
2026-03-25 07:05:00,53.39,53.4,53.37,53.38,950
2026-03-25 07:10:00,53.42,53.42,53.42,53.42,100
2026-03-25 07:15:00,53.39,53.4,53.39,53.4,200
2026-03-25 07:20:00,53.48,53.48,53.48,53.48,100
2026-03-25 07:25:00,53.45,53.45,53.42,53.42,400
2026-03-25 07:30:00,53.45,53.48,53.45,53.47,2900
2026-03-25 07:35:00,53.53,53.55,53.53,53.55,406
2026-03-25 07:45:00,53.47,53.47,53.29,53.3,8022
2026-03-25 07:50:00,53.39,53.41,53.31,53.37,5110
2026-03-25 07:55:00,53.4,53.48,53.4,53.48,900
2026-03-25 08:00:00,53.23,53.6,53.0,53.54,42096
2026-03-25 08:05:00,53.52,53.64,53.52,53.5912,16084
2026-03-25 08:10:00,53.57,53.61,53.57,53.5805,4409
2026-03-25 08:15:00,53.5788,53.5788,53.25,53.26,4177
2026-03-25 08:20:00,53.24,53.29,53.1,53.27,7707
2026-03-25 08:25:00,53.31,53.35,53.1698,53.1698,2060
2026-03-25 08:30:00,53.0991,53.1,53.0358,53.0997,2866
2026-03-25 08:35:00,53.27,53.31,53.2408,53.31,1430
2026-03-25 08:40:00,53.31,53.31,53.23,53.23,1900
2026-03-25 08:45:00,53.2,53.24,53.1603,53.24,1030
2026-03-25 08:50:00,53.23,53.32,53.23,53.32,920
2026-03-25 08:55:00,53.34,53.41,53.34,53.35,1260
2026-03-25 09:00:00,53.37,53.43,53.24,53.4204,8237
2026-03-25 09:05:00,53.43,53.47,53.43,53.4487,5240
2026-03-25 09:10:00,53.38,53.42,53.31,53.31,1045
2026-03-25 09:20:00,53.33,53.35,53.3,53.35,1557
2026-03-25 09:25:00,53.31,53.36,53.301,53.34,1996
2026-03-25 09:30:00,53.34,53.6,53.34,53.52,102160
2026-03-25 09:35:00,53.51,53.7,53.4803,53.545,60975
2026-03-25 09:40:00,53.55,53.645,53.37,53.375,43785
2026-03-25 09:45:00,53.39,53.425,53.205,53.22,64282
2026-03-25 09:50:00,53.21,53.225,53.035,53.035,48436
2026-03-25 09:55:00,53.035,53.17,52.99,53.02,59002
2026-03-25 10:00:00,53.0,53.15,52.8799,53.09,95323
2026-03-25 10:05:00,53.08,53.17,52.99,53.11,26192
2026-03-25 10:10:00,53.1,53.26,53.04,53.26,21081
2026-03-25 10:15:00,53.25,53.28,53.1618,53.175,25025
2026-03-25 10:20:00,53.21,53.335,53.13,53.13,34426
2026-03-25 10:25:00,53.15,53.37,53.14,53.2501,42801
2026-03-25 10:30:00,53.27,53.36,53.19,53.36,34439
2026-03-25 10:35:00,53.37,53.4,53.24,53.24,14771
2026-03-25 10:40:00,53.26,53.395,53.23,53.33,105380
2026-03-25 10:45:00,53.32,53.41,53.305,53.39,51869
2026-03-25 10:50:00,53.4,53.44,53.35,53.35,14683
2026-03-25 10:55:00,53.36,53.41,53.315,53.34,17122
2026-03-25 11:00:00,53.355,53.4,53.31,53.36,19793
2026-03-25 11:05:00,53.365,53.375,53.11,53.11,29496
2026-03-25 11:10:00,53.15,53.16,53.01,53.02,15559
2026-03-25 11:15:00,53.0,53.0596,52.64,52.775,108813
2026-03-25 11:20:00,52.8,53.13,52.8,53.07,112319
2026-03-25 11:25:00,53.05,53.22,53.03,53.22,28075
2026-03-25 11:30:00,53.22,53.27,53.18,53.225,20695
2026-03-25 11:35:00,53.21,53.22,53.04,53.05,22395
2026-03-25 11:40:00,53.035,53.08,52.94,53.03,33554
2026-03-25 11:45:00,53.05,53.05,52.97,53.0227,14785
2026-03-25 11:50:00,53.0399,53.09,52.985,53.04,17468
2026-03-25 11:55:00,53.045,53.1499,52.98,53.1,32221
2026-03-25 12:00:00,53.07,53.11,53.01,53.02,20786
2026-03-25 12:05:00,52.995,53.06,52.94,53.03,13008
2026-03-25 12:10:00,53.01,53.03,52.945,53.02,5744
2026-03-25 12:15:00,53.02,53.03,52.94,52.96,53614
2026-03-25 12:20:00,53.01,53.19,52.95,53.19,19928
2026-03-25 12:25:00,53.185,53.25,53.1298,53.15,47318
2026-03-25 12:30:00,53.17,53.29,53.09,53.26,21523
2026-03-25 12:35:00,53.24,53.29,53.21,53.25,8826
2026-03-25 12:40:00,53.26,53.27,53.2,53.24,13196
2026-03-25 12:45:00,53.245,53.25,53.16,53.19,12957
2026-03-25 12:50:00,53.19,53.25,53.1,53.25,27103
2026-03-25 12:55:00,53.26,53.26,53.17,53.2,6983
2026-03-25 13:00:00,53.21,53.28,53.12,53.17,41269
2026-03-25 13:05:00,53.17,53.18,53.09,53.09,7766
2026-03-25 13:10:00,53.1,53.2,53.07,53.2,12609
2026-03-25 13:15:00,53.17,53.17,53.08,53.12,12885
2026-03-25 13:20:00,53.12,53.24,53.12,53.1701,8910
2026-03-25 13:25:00,53.21,53.295,53.205,53.26,14324
2026-03-25 13:30:00,53.25,53.29,53.175,53.265,10933
2026-03-25 13:35:00,53.285,53.351,53.275,53.35,15172
2026-03-25 13:40:00,53.35,53.465,53.3099,53.37,39253
2026-03-25 13:45:00,53.38,53.38,53.25,53.26,13047
2026-03-25 13:50:00,53.24,53.355,53.14,53.17,21648
2026-03-25 13:55:00,53.152,53.375,53.145,53.23,47684
2026-03-25 14:00:00,53.24,53.25,53.18,53.22,10882
2026-03-25 14:05:00,53.23,53.28,53.19,53.22,12102
2026-03-25 14:10:00,53.21,53.25,53.2,53.23,3152
2026-03-25 14:15:00,53.24,53.33,53.225,53.23,15842
2026-03-25 14:20:00,53.24,53.27,53.225,53.23,3322
2026-03-25 14:25:00,53.23,53.23,53.16,53.16,8273
2026-03-25 14:30:00,53.17,53.215,53.16,53.2,4268
2026-03-25 14:35:00,53.18,53.19,53.15,53.175,7718
2026-03-25 14:40:00,53.18,53.18,53.1,53.1498,9605
2026-03-25 14:45:00,53.13,53.135,53.09,53.09,9951
2026-03-25 14:50:00,53.11,53.12,53.08,53.11,10710
2026-03-25 14:55:00,53.11,53.11,52.87,52.9907,46376
2026-03-25 15:00:00,52.99,52.99,52.85,52.93,28499
2026-03-25 15:05:00,52.94,52.97,52.92,52.93,11836
2026-03-25 15:10:00,52.94,53.0,52.91,53.0,21602
2026-03-25 15:15:00,52.99,53.08,52.99,53.06,29286
2026-03-25 15:20:00,53.06,53.135,53.055,53.07,25906
2026-03-25 15:25:00,53.085,53.09,53.01,53.01,15956
2026-03-25 15:30:00,53.01,53.01,52.95,52.97,9581
2026-03-25 15:35:00,52.965,52.99,52.8897,52.95,12427
2026-03-25 15:40:00,52.93,53.02,52.93,52.95,27463
2026-03-25 15:45:00,52.94,52.97,52.915,52.945,23100
2026-03-25 15:50:00,52.95,53.06,52.95,53.03,48214
2026-03-25 15:55:00,53.025,53.0999,52.96,53.05,530249
2026-03-25 16:00:00,53.04,53.11,53.02,53.1004,95391
2026-03-25 16:05:00,53.09,53.0901,53.03,53.03,25700
2026-03-25 16:10:00,53.0402,53.0402,53.04,53.04,13800
2026-03-25 16:20:00,53.04,53.04,53.04,53.04,400
2026-03-25 16:25:00,53.0092,53.0092,52.9487,52.95,2300
2026-03-25 16:35:00,52.97,52.99,52.97,52.99,2360
2026-03-25 16:45:00,53.0,53.0,53.0,53.0,500
2026-03-25 16:55:00,52.9905,53.02,52.9905,53.02,6088
2026-03-25 17:10:00,52.8753,53.0,52.8753,53.0,607
2026-03-25 17:15:00,52.835,52.835,52.835,52.835,196
2026-03-25 17:30:00,53.0495,53.05,53.0495,53.05,200
2026-03-25 17:35:00,53.05,53.05,53.04,53.04,1022
2026-03-25 17:45:00,52.99,52.99,52.99,52.99,300
2026-03-25 17:50:00,53.0,53.0,52.8311,52.9974,3189
2026-03-25 18:05:00,52.93,52.95,52.93,52.95,1700
2026-03-25 18:10:00,52.9098,52.9098,52.9098,52.9098,100
2026-03-25 18:15:00,52.889,52.889,52.889,52.889,1000
2026-03-25 18:20:00,52.87,52.87,52.84,52.84,550
2026-03-25 18:25:00,52.841,52.859,52.841,52.859,859
2026-03-25 18:35:00,52.87,52.89,52.87,52.89,1580
2026-03-25 18:40:00,52.87,52.87,52.87,52.87,100
2026-03-25 18:45:00,52.9,52.9,52.9,52.9,100
2026-03-25 18:50:00,52.919,52.919,52.85,52.85,875
2026-03-25 18:55:00,52.87,52.87,52.84,52.84,9801
2026-03-25 19:00:00,52.87,52.87,52.87,52.87,8000
2026-03-25 19:05:00,52.86,52.8601,52.86,52.8601,902
2026-03-25 19:10:00,52.82,52.82,52.82,52.82,300
2026-03-25 19:15:00,52.811,52.811,52.7508,52.7508,1110
2026-03-25 19:20:00,52.78,52.78,52.78,52.78,359
2026-03-25 19:25:00,52.8193,52.8193,52.8193,52.8193,250
2026-03-25 19:35:00,52.799,52.799,52.799,52.799,500
2026-03-25 19:40:00,52.809,52.809,52.77,52.77,449
2026-03-25 19:45:00,52.73,52.82,52.73,52.8194,1200
2026-03-25 19:50:00,52.8204,52.8204,52.8204,52.8204,100
2026-03-25 19:55:00,52.84,52.87,52.81,52.8591,17590
2026-03-26 04:00:00,52.85,52.85,52.85,52.85,300
2026-03-26 04:05:00,52.64,52.64,52.64,52.64,200
2026-03-26 04:10:00,52.58,52.58,52.58,52.58,200
2026-03-26 04:15:00,52.43,52.43,52.43,52.43,167
2026-03-26 04:30:00,52.41,52.41,52.41,52.41,120
2026-03-26 04:35:00,52.4,52.4,52.4,52.4,1000
2026-03-26 04:40:00,52.38,52.38,52.33,52.34,500
2026-03-26 04:45:00,52.3,52.3,52.28,52.28,510
2026-03-26 04:50:00,52.33,52.34,52.33,52.34,700
2026-03-26 04:55:00,52.36,52.42,52.36,52.42,700
2026-03-26 05:15:00,52.29,52.29,52.29,52.29,250
2026-03-26 05:25:00,52.24,52.24,52.22,52.22,960
2026-03-26 05:30:00,52.15,52.15,52.09,52.11,2400
2026-03-26 05:35:00,52.15,52.15,52.12,52.13,1500
2026-03-26 05:40:00,52.17,52.18,52.15,52.18,800
2026-03-26 05:45:00,52.19,52.19,52.19,52.19,200
2026-03-26 06:00:00,52.27,52.27,52.27,52.27,2080
2026-03-26 06:05:00,52.37,52.37,52.29,52.29,300
2026-03-26 06:15:00,52.3,52.3,52.3,52.3,200
2026-03-26 06:25:00,52.39,52.39,52.39,52.39,200
2026-03-26 06:30:00,52.39,52.39,52.39,52.39,100
2026-03-26 06:35:00,52.37,52.37,52.26,52.28,9854
2026-03-26 06:40:00,52.23,52.31,52.23,52.26,2151
2026-03-26 06:45:00,52.28,52.28,52.27,52.27,200
2026-03-26 06:50:00,52.27,52.27,52.27,52.27,100
2026-03-26 06:55:00,52.28,52.28,52.28,52.28,200
2026-03-26 07:00:00,52.31,52.31,52.25,52.25,1060
2026-03-26 07:05:00,52.32,52.35,52.28,52.3,2050
2026-03-26 07:10:00,52.34,52.34,52.28,52.28,250
2026-03-26 07:15:00,52.3,52.3,52.27,52.28,509
2026-03-26 07:20:00,52.27,52.27,52.27,52.27,100
2026-03-26 07:25:00,52.2,52.21,52.16,52.21,900
2026-03-26 07:30:00,52.2,52.2,52.15,52.17,604
2026-03-26 07:40:00,52.15,52.15,52.15,52.15,649
2026-03-26 07:45:00,52.15,52.15,52.15,52.15,157
2026-03-26 07:50:00,52.12,52.16,52.12,52.16,6800
2026-03-26 07:55:00,52.1,52.1,52.05,52.06,4370
2026-03-26 08:00:00,52.28,52.91,51.9871,51.99,33025
2026-03-26 08:05:00,52.67,52.87,52.112,52.1542,5334
2026-03-26 08:10:00,52.2,52.269,52.2,52.26,8515
2026-03-26 08:15:00,52.24,52.26,52.2226,52.2226,5630
2026-03-26 08:20:00,52.22,52.23,52.22,52.23,520
2026-03-26 08:25:00,52.2,52.2198,52.19,52.2198,2121
2026-03-26 08:30:00,52.16,52.16,52.05,52.06,2000
2026-03-26 08:35:00,52.02,52.07,52.0,52.06,3000
2026-03-26 08:40:00,52.0602,52.0602,52.04,52.06,700
2026-03-26 08:45:00,52.14,52.15,52.1079,52.1079,3200
2026-03-26 08:50:00,52.1,52.1,52.1,52.1,100
2026-03-26 09:00:00,52.21,52.22,52.17,52.17,500
2026-03-26 09:10:00,52.2103,52.26,52.2103,52.23,8730
2026-03-26 09:15:00,52.22,52.31,52.2,52.27,2934
2026-03-26 09:20:00,52.2797,52.28,52.2797,52.28,200
2026-03-26 09:25:00,52.24,52.26,52.22,52.26,1500
2026-03-26 09:30:00,52.26,52.28,52.115,52.18,101398
2026-03-26 09:35:00,52.19,52.22,52.07,52.08,69506
2026-03-26 09:40:00,52.07,52.4001,52.07,52.4001,51501
2026-03-26 09:45:00,52.43,52.59,52.42,52.49,85728
2026-03-26 09:50:00,52.5,52.69,52.48,52.6601,44433
2026-03-26 09:55:00,52.6501,52.67,52.4,52.67,130848
2026-03-26 10:00:00,52.68,52.69,52.5699,52.5699,40756
2026-03-26 10:05:00,52.58,52.72,52.511,52.59,58487
2026-03-26 10:10:00,52.59,52.65,52.49,52.65,28629
2026-03-26 10:15:00,52.64,52.72,52.57,52.58,22547
2026-03-26 10:20:00,52.59,52.7,52.55,52.65,17279
2026-03-26 10:25:00,52.62,52.66,52.53,52.53,11657
2026-03-26 10:30:00,52.55,52.6589,52.55,52.645,25180
2026-03-26 10:35:00,52.64,52.645,52.51,52.545,36574
2026-03-26 10:40:00,52.55,52.7,52.35,52.375,133781
2026-03-26 10:45:00,52.37,52.45,52.3099,52.3599,47340
2026-03-26 10:50:00,52.35,52.3995,52.18,52.18,54630
2026-03-26 10:55:00,52.16,52.34,52.08,52.3,53622
2026-03-26 11:00:00,52.31,52.37,52.23,52.29,124070
2026-03-26 11:05:00,52.29,52.4,52.27,52.3,44105
2026-03-26 11:10:00,52.33,52.3799,52.31,52.32,41102
2026-03-26 11:15:00,52.31,52.3205,52.21,52.24,6359
2026-03-26 11:20:00,52.25,52.3,52.24,52.26,15801
2026-03-26 11:25:00,52.2893,52.29,52.22,52.22,19230
2026-03-26 11:30:00,52.21,52.21,52.09,52.14,21345
2026-03-26 11:35:00,52.1499,52.23,52.14,52.2001,18880
2026-03-26 11:40:00,52.2,52.2299,52.1304,52.135,8739
2026-03-26 11:45:00,52.145,52.31,52.11,52.22,98404
2026-03-26 11:50:00,52.205,52.2701,52.19,52.24,19930
2026-03-26 11:55:00,52.22,52.22,52.15,52.1809,33396
2026-03-26 12:00:00,52.17,52.19,52.135,52.15,15088
2026-03-26 12:05:00,52.16,52.21,52.115,52.17,63926
2026-03-26 12:10:00,52.195,52.195,52.09,52.17,32732
2026-03-26 12:15:00,52.145,52.145,51.93,52.065,77735
2026-03-26 12:20:00,52.06,52.07,51.92,51.9899,22657
2026-03-26 12:25:00,52.01,52.01,51.83,51.855,145339
2026-03-26 12:30:00,51.86,51.86,51.765,51.845,57285
2026-03-26 12:35:00,51.85,51.89,51.805,51.805,20415
2026-03-26 12:40:00,51.8099,51.885,51.795,51.86,32087
2026-03-26 12:45:00,51.8613,51.8894,51.775,51.8,44687
2026-03-26 12:50:00,51.8,51.8794,51.785,51.855,44122
2026-03-26 12:55:00,51.855,51.9,51.8314,51.89,44452
2026-03-26 13:00:00,51.89,51.96,51.85,51.85,63896
2026-03-26 13:05:00,51.86,51.89,51.85,51.88,22465
2026-03-26 13:10:00,51.84,51.85,51.77,51.78,43434
2026-03-26 13:15:00,51.78,51.8295,51.77,51.8099,135734
2026-03-26 13:20:00,51.7999,51.7999,51.67,51.67,48326
2026-03-26 13:25:00,51.68,51.72,51.63,51.72,34335
2026-03-26 13:30:00,51.72,51.7779,51.66,51.7607,26047
2026-03-26 13:35:00,51.7799,51.79,51.69,51.7051,8839
2026-03-26 13:40:00,51.68,51.685,51.6,51.615,34511
2026-03-26 13:45:00,51.61,51.63,51.56,51.56,93762
2026-03-26 13:50:00,51.55,51.55,51.465,51.48,35082
2026-03-26 13:55:00,51.48,51.495,51.38,51.405,38010
2026-03-26 14:00:00,51.42,51.555,51.415,51.49,77073
2026-03-26 14:05:00,51.51,51.53,51.46,51.5109,31418
2026-03-26 14:10:00,51.51,51.52,51.44,51.47,29381
2026-03-26 14:15:00,51.4701,51.48,51.415,51.44,11864
2026-03-26 14:20:00,51.4307,51.49,51.395,51.475,13047
2026-03-26 14:25:00,51.48,51.49,51.39,51.4,65490
2026-03-26 14:30:00,51.4,51.4994,51.4,51.49,72517
2026-03-26 14:35:00,51.4702,51.53,51.4601,51.52,33100
2026-03-26 14:40:00,51.525,51.5499,51.445,51.48,33435
2026-03-26 14:45:00,51.475,51.5399,51.4401,51.5399,15819
2026-03-26 14:50:00,51.53,51.568,51.5001,51.545,20372
2026-03-26 14:55:00,51.54,51.54,51.47,51.5399,28844
2026-03-26 15:00:00,51.54,51.54,51.41,51.41,13910
2026-03-26 15:05:00,51.4099,51.4099,51.3,51.345,48155
2026-03-26 15:10:00,51.34,51.35,51.282,51.34,39993
2026-03-26 15:15:00,51.34,51.41,51.3301,51.3892,27517
2026-03-26 15:20:00,51.39,51.39,51.3189,51.3189,18936
2026-03-26 15:25:00,51.3114,51.3388,51.28,51.335,24563
2026-03-26 15:30:00,51.33,51.33,51.2,51.25,29199
2026-03-26 15:35:00,51.255,51.3187,51.245,51.275,34068
2026-03-26 15:40:00,51.27,51.3099,51.21,51.22,33563
2026-03-26 15:45:00,51.21,51.2599,51.1915,51.2582,21068
2026-03-26 15:50:00,51.26,51.275,51.13,51.13,80783
2026-03-26 15:55:00,51.14,51.215,51.11,51.16,208211
2026-03-26 16:00:00,51.16,51.1887,51.0696,51.0995,48303
2026-03-26 16:05:00,51.12,51.19,51.12,51.19,3757
2026-03-26 16:10:00,51.1997,52.3,51.19,51.61,115898
2026-03-26 16:15:00,51.56,51.74,51.54,51.61,19928
2026-03-26 16:20:00,51.5442,51.58,51.43,51.43,7768
2026-03-26 16:25:00,51.42,51.4993,51.3,51.49,10912
2026-03-26 16:30:00,51.5086,51.5974,51.5086,51.549,2650
2026-03-26 16:35:00,51.53,51.6394,51.53,51.63,5000
2026-03-26 16:40:00,51.61,51.61,51.57,51.58,1000
2026-03-26 16:45:00,51.5561,51.5561,51.5326,51.5326,1300
2026-03-26 16:50:00,51.5326,51.5326,51.4597,51.4597,1400
2026-03-26 16:55:00,51.45,51.47,51.35,51.35,4381
2026-03-26 17:05:00,51.43,51.43,51.43,51.43,100
2026-03-26 17:10:00,51.4612,51.4699,51.4612,51.4699,515
2026-03-26 17:15:00,51.4653,51.4653,51.4653,51.4653,400
2026-03-26 17:20:00,51.4491,51.4491,51.4,51.4,579
2026-03-26 17:25:00,51.4,51.4,51.4,51.4,278
2026-03-26 17:30:00,51.46,51.46,51.46,51.46,300
2026-03-26 17:35:00,51.41,51.55,51.41,51.55,856
2026-03-26 17:40:00,51.45,51.45,51.45,51.45,4105
2026-03-26 17:45:00,51.51,51.51,51.45,51.45,229
2026-03-26 17:50:00,51.45,51.45,51.4,51.41,1501
2026-03-26 17:55:00,51.41,51.4497,51.4,51.4497,12994
2026-03-26 18:00:00,51.4,51.4787,51.37,51.45,3215
2026-03-26 18:05:00,51.43,51.45,51.39,51.39,2799
2026-03-26 18:10:00,51.4796,51.5058,51.4796,51.5058,790
2026-03-26 18:15:00,51.52,51.54,51.48,51.5,9819
2026-03-26 18:20:00,51.5074,51.53,51.48,51.5258,4903
2026-03-26 18:25:00,51.52,51.52,51.4826,51.4826,2421
2026-03-26 18:30:00,51.45,51.48,51.45,51.48,911
2026-03-26 18:35:00,51.4595,51.51,51.4595,51.51,1100
2026-03-26 18:40:00,51.52,51.55,51.4803,51.52,5525
2026-03-26 18:50:00,51.56,51.56,51.56,51.56,1000
2026-03-26 18:55:00,51.55,51.55,51.5295,51.5295,400
2026-03-26 19:00:00,51.52,51.52,51.52,51.52,800
2026-03-26 19:05:00,51.5408,51.5408,51.5082,51.5082,550
2026-03-26 19:10:00,51.48,51.48,51.46,51.47,1538
2026-03-26 19:15:00,51.5,51.5,51.47,51.47,300
2026-03-26 19:20:00,51.47,51.4799,51.47,51.4799,988
2026-03-26 19:25:00,51.4674,51.47,51.4517,51.47,1510
2026-03-26 19:30:00,51.5094,51.54,51.5094,51.536,870
2026-03-26 19:35:00,51.5896,51.5896,51.5896,51.5896,1000
2026-03-26 19:45:00,51.6,51.6092,51.5902,51.5902,1318
2026-03-26 19:55:00,51.6098,51.6098,51.591,51.591,350
2026-03-27 04:00:00,51.52,51.52,51.46,51.46,1381
2026-03-27 04:10:00,51.38,51.38,51.38,51.38,250
2026-03-27 04:15:00,51.39,51.39,51.35,51.35,257
2026-03-27 04:20:00,51.3,51.38,51.3,51.38,511
2026-03-27 04:35:00,51.21,51.23,51.2,51.2,1520
2026-03-27 04:40:00,51.22,51.22,51.21,51.21,200
2026-03-27 04:55:00,51.2,51.21,51.17,51.19,2519
2026-03-27 05:00:00,51.18,51.18,51.1,51.1,600
2026-03-27 05:05:00,51.0,51.0,51.0,51.0,300
2026-03-27 05:10:00,51.06,51.06,51.06,51.06,100
2026-03-27 05:15:00,51.07,51.07,51.07,51.07,300
2026-03-27 05:20:00,51.16,51.16,51.15,51.15,1091
2026-03-27 05:35:00,51.18,51.19,51.18,51.19,995
2026-03-27 05:45:00,51.17,51.17,51.08,51.08,220
2026-03-27 05:50:00,51.07,51.07,51.07,51.07,200
2026-03-27 05:55:00,51.07,51.08,51.03,51.04,1700
2026-03-27 06:00:00,51.02,51.06,51.02,51.06,600
2026-03-27 06:05:00,51.09,51.12,51.08,51.08,600
2026-03-27 06:10:00,51.05,51.05,51.02,51.02,300
2026-03-27 06:15:00,51.03,51.05,51.03,51.05,800
2026-03-27 06:20:00,51.03,51.06,51.01,51.06,1430
2026-03-27 06:25:00,51.02,51.03,51.02,51.03,2085
2026-03-27 06:30:00,51.02,51.03,50.98,50.98,1400
2026-03-27 06:35:00,50.98,50.98,50.89,50.91,6812
2026-03-27 06:40:00,50.86,50.91,50.84,50.91,5270
2026-03-27 06:45:00,50.87,50.87,50.85,50.85,1000
2026-03-27 06:50:00,50.84,50.85,50.81,50.85,2400
2026-03-27 06:55:00,50.84,50.84,50.73,50.73,3855
2026-03-27 07:00:00,50.76,50.76,50.67,50.7,13042
2026-03-27 07:05:00,50.67,50.67,50.669,50.669,1270
2026-03-27 07:10:00,50.71,50.72,50.69,50.69,1100
2026-03-27 07:15:00,50.71,50.74,50.69,50.73,7490
2026-03-27 07:20:00,50.73,50.74,50.73,50.74,600
2026-03-27 07:25:00,50.73,50.78,50.73,50.77,1890
2026-03-27 07:30:00,50.8,50.8,50.77,50.78,2398
2026-03-27 07:35:00,50.75,50.79,50.75,50.79,2702
2026-03-27 07:40:00,50.75,50.8,50.75,50.8,3032
2026-03-27 07:45:00,50.83,50.89,50.81,50.89,8000
2026-03-27 07:50:00,50.88,50.89,50.84,50.85,3600
2026-03-27 07:55:00,50.93,50.93,50.86,50.86,965
2026-03-27 08:00:00,51.361,51.87,50.65,50.76,63663
2026-03-27 08:05:00,50.7,50.71,50.69,50.7097,3780
2026-03-27 08:10:00,50.69,50.75,50.67,50.7187,2360
2026-03-27 08:15:00,50.7703,50.81,50.7703,50.79,1900
2026-03-27 08:20:00,50.72,50.74,50.72,50.72,1287
2026-03-27 08:25:00,50.78,50.78,50.76,50.76,600
2026-03-27 08:30:00,50.79,50.79,50.69,50.69,3400
2026-03-27 08:35:00,50.7,50.7,50.68,50.68,1145
2026-03-27 08:40:00,50.75,50.75,50.68,50.68,800
2026-03-27 08:45:00,50.739,50.7426,50.61,50.61,6310
2026-03-27 08:50:00,50.63,50.7,50.6195,50.7,4792
2026-03-27 08:55:00,50.69,50.69,50.6397,50.67,9229
2026-03-27 09:00:00,50.67,50.67,50.55,50.6,7721
2026-03-27 09:05:00,50.58,50.6,50.55,50.55,2249
2026-03-27 09:10:00,50.56,50.56,50.5,50.5402,5703
2026-03-27 09:15:00,50.54,50.6137,50.54,50.6137,3590
2026-03-27 09:20:00,50.6671,50.69,50.62,50.6863,1100
2026-03-27 09:25:00,50.73,50.74,50.7,50.72,9173
2026-03-27 09:30:00,50.73,50.745,50.38,50.3999,193250
2026-03-27 09:35:00,50.41,50.5299,50.29,50.4799,68287
2026-03-27 09:40:00,50.47,50.56,50.42,50.505,55170
2026-03-27 09:45:00,50.49,50.71,50.49,50.6018,88913
2026-03-27 09:50:00,50.615,50.64,50.325,50.325,69075
2026-03-27 09:55:00,50.3,50.3,50.11,50.17,74510
2026-03-27 10:00:00,50.17,50.29,50.12,50.25,81371
2026-03-27 10:05:00,50.255,50.27,50.12,50.145,33229
2026-03-27 10:10:00,50.1301,50.315,50.1301,50.2806,54195
2026-03-27 10:15:00,50.27,50.44,50.26,50.395,57232
2026-03-27 10:20:00,50.41,50.4499,50.24,50.265,36200
2026-03-27 10:25:00,50.29,50.38,50.1801,50.19,36672
2026-03-27 10:30:00,50.18,50.28,50.18,50.28,63186
2026-03-27 10:35:00,50.27,50.28,50.125,50.14,38832
2026-03-27 10:40:00,50.14,50.21,50.1299,50.17,33700
2026-03-27 10:45:00,50.18,50.345,50.07,50.335,62456
2026-03-27 10:50:00,50.36,50.415,50.24,50.25,56604
2026-03-27 10:55:00,50.275,50.375,50.275,50.36,28573
2026-03-27 11:00:00,50.355,50.46,50.3201,50.44,45533
2026-03-27 11:05:00,50.44,50.52,50.335,50.35,25791
2026-03-27 11:10:00,50.35,50.37,50.27,50.29,30516
2026-03-27 11:15:00,50.285,50.3,50.175,50.2194,90673
2026-03-27 11:20:00,50.21,50.555,50.17,50.355,218916
2026-03-27 11:25:00,50.36,50.48,50.34,50.46,32933
2026-03-27 11:30:00,50.49,50.6299,50.435,50.6099,70313
2026-03-27 11:35:00,50.61,50.65,50.48,50.49,35674
2026-03-27 11:40:00,50.49,50.5,50.35,50.44,21814
2026-03-27 11:45:00,50.43,50.5,50.42,50.48,7569
2026-03-27 11:50:00,50.48,50.545,50.44,50.46,13908
2026-03-27 11:55:00,50.45,50.47,50.355,50.37,29311
2026-03-27 12:00:00,50.38,50.38,50.2996,50.32,14995
2026-03-27 12:05:00,50.3235,50.3235,50.19,50.19,24544
2026-03-27 12:10:00,50.19,50.25,50.14,50.24,62128
2026-03-27 12:15:00,50.23,50.23,50.18,50.19,13144
2026-03-27 12:20:00,50.2,50.24,50.17,50.17,13803
2026-03-27 12:25:00,50.16,50.17,50.11,50.15,23960
2026-03-27 12:30:00,50.1599,50.17,50.125,50.135,23616
2026-03-27 12:35:00,50.12,50.1495,50.04,50.07,26579
2026-03-27 12:40:00,50.04,50.135,50.025,50.11,23184
2026-03-27 12:45:00,50.1,50.25,50.08,50.24,35592
2026-03-27 12:50:00,50.24,50.255,50.14,50.155,10672
2026-03-27 12:55:00,50.15,50.15,50.1097,50.12,7627
2026-03-27 13:00:00,50.12,50.13,50.04,50.08,31752
2026-03-27 13:05:00,50.08,50.315,50.03,50.15,262334
2026-03-27 13:10:00,50.15,50.15,50.03,50.07,27882
2026-03-27 13:15:00,50.075,50.08,49.972,49.985,55397
2026-03-27 13:20:00,49.99,49.99,49.91,49.935,55299
2026-03-27 13:25:00,49.94,49.9472,49.79,49.7993,137759
2026-03-27 13:30:00,49.79,49.87,49.79,49.865,27282
2026-03-27 13:35:00,49.865,49.885,49.83,49.845,25199
2026-03-27 13:40:00,49.83,49.83,49.7486,49.76,34724
2026-03-27 13:45:00,49.77,49.82,49.75,49.76,69991
2026-03-27 13:50:00,49.75,49.78,49.725,49.75,64712
2026-03-27 13:55:00,49.7587,49.76,49.68,49.7295,52693
2026-03-27 14:00:00,49.7189,49.73,49.665,49.68,94254
2026-03-27 14:05:00,49.67,49.695,49.595,49.605,48350
2026-03-27 14:10:00,49.595,49.625,49.55,49.605,72110
2026-03-27 14:15:00,49.605,49.7156,49.59,49.71,77397
2026-03-27 14:20:00,49.71,49.74,49.63,49.63,42704
2026-03-27 14:25:00,49.64,49.69,49.625,49.65,78196
2026-03-27 14:30:00,49.65,49.67,49.6298,49.67,34588
2026-03-27 14:35:00,49.66,49.6994,49.615,49.6493,45548
2026-03-27 14:40:00,49.65,49.8,49.61,49.69,111033
2026-03-27 14:45:00,49.69,49.71,49.6323,49.64,34003
2026-03-27 14:50:00,49.64,49.66,49.565,49.59,52958
2026-03-27 14:55:00,49.59,49.61,49.5601,49.6,31643
2026-03-27 15:00:00,49.59,49.64,49.48,49.49,47581
2026-03-27 15:05:00,49.5,49.52,49.46,49.48,42500
2026-03-27 15:10:00,49.48,49.55,49.4599,49.54,50320
2026-03-27 15:15:00,49.54,49.62,49.53,49.59,66636
2026-03-27 15:20:00,49.58,49.58,49.5195,49.5582,29216
2026-03-27 15:25:00,49.54,49.54,49.48,49.5001,31755
2026-03-27 15:30:00,49.51,49.5802,49.4898,49.5802,73534
2026-03-27 15:35:00,49.58,49.58,49.4925,49.5,44947
2026-03-27 15:40:00,49.49,49.49,49.38,49.392,102953
2026-03-27 15:45:00,49.3916,49.3951,49.255,49.35,178557
2026-03-27 15:50:00,49.34,49.4199,49.235,49.375,183330
2026-03-27 15:55:00,49.38,49.55,49.375,49.385,275663
2026-03-27 16:00:00,49.38,49.43,49.29,49.31,38548
2026-03-27 16:05:00,49.31,49.3496,49.3,49.31,11284
2026-03-27 16:10:00,49.32,49.32,49.2774,49.2774,3734
2026-03-27 16:15:00,49.29,49.3,49.2,49.23,9926
2026-03-27 16:20:00,49.19,49.19,49.1196,49.15,2785
2026-03-27 16:25:00,49.21,49.22,49.2,49.22,4404
2026-03-27 16:30:00,49.23,49.23,49.1874,49.2096,16922
2026-03-27 16:35:00,49.2097,49.24,49.2097,49.24,2201
2026-03-27 16:40:00,49.2637,49.27,49.22,49.23,4117
2026-03-27 16:45:00,49.24,49.26,49.24,49.26,9900
2026-03-27 16:50:00,49.27,49.28,49.27,49.28,4305
2026-03-27 16:55:00,49.29,49.3,49.24,49.2522,5986
2026-03-27 17:00:00,49.2774,49.3,49.2774,49.3,335
2026-03-27 17:15:00,49.27,49.27,49.2301,49.2301,1693
2026-03-27 17:20:00,49.2648,49.2648,49.257,49.257,698
2026-03-27 17:25:00,49.2699,49.2699,49.2699,49.2699,100
2026-03-27 17:30:00,49.28,49.28,49.2616,49.2616,800
2026-03-27 17:35:00,49.28,49.28,49.2626,49.2626,550
2026-03-27 17:40:00,49.2737,49.28,49.2737,49.28,5993
2026-03-27 17:45:00,49.29,49.29,49.2791,49.2791,1164
2026-03-27 17:50:00,49.2975,49.3,49.2747,49.2747,1360
2026-03-27 17:55:00,49.29,49.29,49.29,49.29,200
2026-03-27 18:00:00,49.29,49.29,49.29,49.29,550
2026-03-27 18:05:00,49.2999,49.2999,49.28,49.28,1200
2026-03-27 18:10:00,49.29,49.29,49.2899,49.29,1756
2026-03-27 18:15:00,49.28,49.28,49.26,49.2699,1045
2026-03-27 18:20:00,49.26,49.2697,49.26,49.26,1380
2026-03-27 18:25:00,49.25,49.2501,49.2324,49.2324,1685
2026-03-27 18:30:00,49.2322,49.24,49.2322,49.24,798
2026-03-27 18:35:00,49.26,49.26,49.26,49.26,109
2026-03-27 18:40:00,49.26,49.26,49.26,49.26,300
2026-03-27 18:45:00,49.26,49.26,49.26,49.26,300
2026-03-27 18:50:00,49.27,49.27,49.23,49.23,603
2026-03-27 18:55:00,49.27,49.27,49.2,49.2699,9884
2026-03-27 19:00:00,49.2688,49.2688,49.25,49.26,8106
2026-03-27 19:10:00,49.25,49.25,49.2,49.2,750
2026-03-27 19:15:00,49.22,49.26,49.22,49.26,1197
2026-03-27 19:20:00,49.245,49.245,49.21,49.23,507
2026-03-27 19:25:00,49.26,49.26,49.26,49.26,200
2026-03-27 19:30:00,49.207,49.207,49.207,49.207,2500
2026-03-27 19:35:00,49.27,49.27,49.2066,49.2066,5313
2026-03-27 19:45:00,49.27,49.27,49.26,49.26,1100
2026-03-27 19:50:00,49.26,49.26,49.26,49.26,400
2026-03-27 19:55:00,49.2691,49.27,49.2256,49.2699,5700
2026-03-30 04:00:00,49.8,49.8,49.42,49.71,16359
2026-03-30 04:05:00,49.84,49.86,49.84,49.86,250
2026-03-30 04:10:00,49.84,49.84,49.84,49.84,200
2026-03-30 04:15:00,49.87,49.93,49.87,49.88,11881
2026-03-30 04:20:00,49.89,49.91,49.87,49.87,1630
2026-03-30 04:35:00,49.88,49.92,49.88,49.92,200
2026-03-30 04:40:00,49.89,49.93,49.89,49.9,877
2026-03-30 05:00:00,49.94,49.94,49.94,49.94,100
2026-03-30 05:10:00,49.91,49.91,49.88,49.88,599
2026-03-30 05:15:00,49.84,49.93,49.8,49.85,6618
2026-03-30 05:20:00,49.87,49.87,49.87,49.87,250
2026-03-30 05:25:00,49.87,49.87,49.83,49.8388,6728
2026-03-30 05:30:00,49.8387,49.8387,49.8387,49.8387,258
2026-03-30 05:45:00,49.83,49.83,49.83,49.83,300
2026-03-30 06:15:00,49.84,49.84,49.84,49.84,106
2026-03-30 06:20:00,49.86,49.86,49.86,49.86,226
2026-03-30 06:35:00,49.831,49.831,49.82,49.82,221
2026-03-30 06:45:00,49.84,49.84,49.84,49.84,403
2026-03-30 06:55:00,49.88,49.89,49.87,49.89,1100
2026-03-30 07:00:00,49.9,49.9526,49.9,49.94,12386
2026-03-30 07:05:00,49.92,49.93,49.92,49.93,2025
2026-03-30 07:10:00,49.92,49.96,49.91,49.93,7174
2026-03-30 07:15:00,49.93,50.06,49.93,50.06,968
2026-03-30 07:20:00,50.02,50.09,50.02,50.08,4540
2026-03-30 07:25:00,50.08,50.52,49.99,50.12,65422
2026-03-30 07:30:00,50.18,50.18,49.99,49.99,2456
2026-03-30 07:35:00,50.1,50.11,50.06,50.06,6193
2026-03-30 07:40:00,50.0737,50.0737,50.029,50.04,10346
2026-03-30 07:45:00,50.06,50.08,50.04,50.07,8761
2026-03-30 07:50:00,50.1,50.1037,50.03,50.03,23941
2026-03-30 07:55:00,50.04,50.04,49.99,50.0129,6630
2026-03-30 08:00:00,49.95,49.98,49.94,49.98,7944
2026-03-30 08:05:00,50.05,50.05,50.0397,50.04,1646
2026-03-30 08:10:00,50.05,50.05,50.04,50.04,517
2026-03-30 08:15:00,50.06,50.15,50.06,50.15,4403
2026-03-30 08:20:00,50.1203,50.19,50.1173,50.19,4050
2026-03-30 08:25:00,50.1812,50.2226,50.1812,50.2226,1713
2026-03-30 08:30:00,50.1937,50.27,50.1937,50.25,4200
2026-03-30 08:35:00,50.2408,50.25,50.2302,50.2302,1100
2026-03-30 08:40:00,50.2337,50.25,50.23,50.23,2752
2026-03-30 08:45:00,50.23,50.24,50.22,50.24,6150
2026-03-30 08:50:00,50.18,50.22,50.18,50.22,3499
2026-03-30 08:55:00,50.191,50.24,50.191,50.24,2080
2026-03-30 09:00:00,50.25,50.31,50.25,50.25,3694
2026-03-30 09:05:00,50.2263,50.2263,50.13,50.1464,1303
2026-03-30 09:10:00,50.17,50.2103,50.17,50.2103,1525
2026-03-30 09:15:00,50.25,50.26,50.25,50.25,1685
2026-03-30 09:20:00,50.2313,50.29,50.2313,50.29,1700
2026-03-30 09:25:00,50.28,50.32,50.2601,50.3,4035
2026-03-30 09:30:00,50.3,50.35,50.1199,50.1199,268727
2026-03-30 09:35:00,50.12,50.12,49.945,49.97,77064
2026-03-30 09:40:00,49.96,49.96,49.795,49.855,89328
2026-03-30 09:45:00,49.86,49.8901,49.675,49.7,93827
2026-03-30 09:50:00,49.68,49.765,49.63,49.63,85396
2026-03-30 09:55:00,49.63,49.63,49.4611,49.53,48756
2026-03-30 10:00:00,49.52,49.71,49.52,49.685,65615
2026-03-30 10:05:00,49.69,49.7,49.55,49.7,46472
2026-03-30 10:10:00,49.69,49.8,49.64,49.74,30378
2026-03-30 10:15:00,49.75,49.75,49.58,49.6399,33396
2026-03-30 10:20:00,49.655,49.74,49.635,49.72,13006
2026-03-30 10:25:00,49.71,49.75,49.61,49.65,20792
2026-03-30 10:30:00,49.65,49.75,49.65,49.66,42882
2026-03-30 10:35:00,49.67,49.69,49.555,49.645,23687
2026-03-30 10:40:00,49.65,49.71,49.49,49.5,15911
2026-03-30 10:45:00,49.51,49.81,49.47,49.64,115955
2026-03-30 10:50:00,49.66,49.715,49.6,49.7044,41090
2026-03-30 10:55:00,49.71,49.91,49.66,49.89,23213
2026-03-30 11:00:00,49.92,50.0493,49.92,50.0493,32257
2026-03-30 11:05:00,50.05,50.11,49.79,49.8,32032
2026-03-30 11:10:00,49.81,49.86,49.75,49.75,36696
2026-03-30 11:15:00,49.7507,49.76,49.61,49.73,22395
2026-03-30 11:20:00,49.75,49.8,49.72,49.775,3427
2026-03-30 11:25:00,49.79,49.84,49.745,49.7483,5901
2026-03-30 11:30:00,49.75,49.9298,49.68,49.9298,24053
2026-03-30 11:35:00,49.93,50.0,49.88,49.8993,26350
2026-03-30 11:40:00,49.89,49.9902,49.8789,49.98,19697
2026-03-30 11:45:00,49.97,49.97,49.9001,49.95,14874
2026-03-30 11:50:00,49.955,50.0594,49.955,50.0,45902
2026-03-30 11:55:00,49.97,49.97,49.86,49.88,35151
2026-03-30 12:00:00,49.9,49.9,49.71,49.71,13363
2026-03-30 12:05:00,49.74,49.76,49.68,49.73,43007
2026-03-30 12:10:00,49.73,49.81,49.73,49.775,9855
2026-03-30 12:15:00,49.78,49.78,49.6701,49.6701,7196
2026-03-30 12:20:00,49.715,49.735,49.615,49.6201,16307
2026-03-30 12:25:00,49.645,49.65,49.55,49.5593,24495
2026-03-30 12:30:00,49.57,49.63,49.54,49.6,13650
2026-03-30 12:35:00,49.6,49.67,49.58,49.645,5550
2026-03-30 12:40:00,49.62,49.65,49.59,49.6,9889
2026-03-30 12:45:00,49.6,49.61,49.57,49.58,12006
2026-03-30 12:50:00,49.56,49.63,49.56,49.57,7544
2026-03-30 12:55:00,49.55,49.58,49.52,49.58,9817
2026-03-30 13:00:00,49.59,49.615,49.5,49.5,11259
2026-03-30 13:05:00,49.5,49.61,49.5,49.58,118231
2026-03-30 13:10:00,49.5978,49.5978,49.44,49.445,18366
2026-03-30 13:15:00,49.465,49.465,49.34,49.36,21333
2026-03-30 13:20:00,49.38,49.4,49.28,49.3102,21875
2026-03-30 13:25:00,49.3,49.34,49.25,49.27,17091
2026-03-30 13:30:00,49.28,49.28,49.18,49.19,60256
2026-03-30 13:35:00,49.21,49.31,49.17,49.3088,412255
2026-03-30 13:40:00,49.305,49.41,49.28,49.4,595211
2026-03-30 13:45:00,49.4,49.46,49.31,49.315,128830
2026-03-30 13:50:00,49.31,49.33,49.28,49.285,26686
2026-03-30 13:55:00,49.295,49.3,49.24,49.3,24480
2026-03-30 14:00:00,49.3,49.32,49.25,49.255,141598
2026-03-30 14:05:00,49.28,49.285,49.19,49.21,23487
2026-03-30 14:10:00,49.205,49.26,49.19,49.25,35698
2026-03-30 14:15:00,49.25,49.29,49.205,49.29,109117
2026-03-30 14:20:00,49.28,49.31,49.21,49.21,59903
2026-03-30 14:25:00,49.22,49.22,49.105,49.11,85912
2026-03-30 14:30:00,49.105,49.16,49.1,49.145,28409
2026-03-30 14:35:00,49.175,49.24,49.135,49.135,37890
2026-03-30 14:40:00,49.13,49.16,49.12,49.125,24025
2026-03-30 14:45:00,49.13,49.165,49.085,49.1,57669
2026-03-30 14:50:00,49.0988,49.1,49.0,49.03,31914
2026-03-30 14:55:00,49.03,49.05,48.972,49.0285,45703
2026-03-30 15:00:00,49.03,49.0486,48.97,48.985,1158168
2026-03-30 15:05:00,48.9817,48.9817,48.815,48.815,306078
2026-03-30 15:10:00,48.815,48.825,48.6899,48.7389,120344
2026-03-30 15:15:00,48.7492,48.79,48.745,48.745,65466
2026-03-30 15:20:00,48.76,48.78,48.705,48.72,19142
2026-03-30 15:25:00,48.72,48.72,48.6308,48.675,33331
2026-03-30 15:30:00,48.68,48.75,48.65,48.66,54586
2026-03-30 15:35:00,48.66,48.85,48.66,48.78,69379
2026-03-30 15:40:00,48.78,48.9,48.7755,48.8518,62462
2026-03-30 15:45:00,48.8699,48.96,48.855,48.9097,58994
2026-03-30 15:50:00,48.91,49.06,48.87,49.06,160081
2026-03-30 15:55:00,49.06,49.15,48.98,49.06,354331
2026-03-30 16:00:00,49.06,49.06,48.99,49.01,29808
2026-03-30 16:05:00,48.99,49.02,48.91,48.93,12116
2026-03-30 16:10:00,48.93,48.93,48.91,48.91,5000
2026-03-30 16:15:00,48.93,48.94,48.9263,48.94,860
2026-03-30 16:20:00,48.93,48.93,48.92,48.92,1200
2026-03-30 16:25:00,48.9396,48.96,48.92,48.9497,9357
2026-03-30 16:30:00,48.9363,48.9363,48.9363,48.9363,100
2026-03-30 16:40:00,48.96,48.9696,48.9598,48.9696,2800
2026-03-30 16:45:00,48.9795,48.98,48.9795,48.98,450
2026-03-30 16:50:00,48.98,48.98,48.94,48.95,6190
2026-03-30 16:55:00,48.95,48.96,48.95,48.96,1547
2026-03-30 17:00:00,49.01,49.0381,49.01,49.0381,1800
2026-03-30 17:10:00,48.99,48.99,48.99,48.99,1050
2026-03-30 17:15:00,49.01,49.01,49.01,49.01,201
2026-03-30 17:25:00,49.03,49.03,48.98,48.98,1200
2026-03-30 17:30:00,49.2,49.2,48.98,48.98,700
2026-03-30 17:45:00,49.029,49.029,49.0,49.0,948
2026-03-30 17:50:00,49.03,49.03,49.03,49.03,2300
2026-03-30 17:55:00,49.01,49.01,48.99,49.01,1152
2026-03-30 18:00:00,49.07,49.1009,49.07,49.1009,3673
2026-03-30 18:05:00,49.12,49.1226,49.0892,49.0994,6264
2026-03-30 18:10:00,49.0293,49.03,49.0293,49.03,488
2026-03-30 18:15:00,49.0497,49.0698,49.0497,49.0498,2778
2026-03-30 18:20:00,49.04,49.058,49.04,49.0574,4734
2026-03-30 18:25:00,49.0526,49.07,49.0526,49.07,1225
2026-03-30 18:30:00,49.05,49.05,49.04,49.04,586
2026-03-30 18:35:00,49.0314,49.0596,49.0314,49.0596,1400
2026-03-30 18:40:00,49.05,49.05,49.05,49.05,749
2026-03-30 18:45:00,49.03,49.03,49.03,49.03,130
2026-03-30 18:50:00,49.06,49.06,49.04,49.04,1437
2026-03-30 18:55:00,49.06,49.06,49.05,49.05,887
2026-03-30 19:00:00,49.0,49.0,48.95,48.95,8700
2026-03-30 19:05:00,48.87,48.87,48.7807,48.7807,4689
2026-03-30 19:10:00,48.8108,48.8108,48.8108,48.8108,100
2026-03-30 19:15:00,48.7906,48.83,48.7906,48.8008,3129
2026-03-30 19:20:00,48.89,48.89,48.86,48.86,1150
2026-03-30 19:30:00,48.84,48.84,48.78,48.78,1800
2026-03-30 19:40:00,48.8,48.82,48.8,48.82,300
2026-03-30 19:45:00,48.7701,48.7701,48.7701,48.7701,800
2026-03-30 19:50:00,48.8,48.8,48.78,48.78,350
2026-03-30 19:55:00,48.7898,48.812,48.7898,48.812,34300
2026-03-31 04:00:00,50.01,50.1,49.63,50.07,23938
2026-03-31 04:05:00,50.1,50.1,50.09,50.09,584
2026-03-31 04:10:00,49.95,49.95,49.95,49.95,904
2026-03-31 04:15:00,49.95,49.95,49.95,49.95,200
2026-03-31 04:20:00,50.0,50.0,49.98,49.98,1412
2026-03-31 04:25:00,49.93,49.93,49.93,49.93,919
2026-03-31 04:30:00,49.89,49.89,49.89,49.89,204
2026-03-31 04:35:00,49.88,49.89,49.88,49.89,400
2026-03-31 04:40:00,49.87,49.88,49.8599,49.88,800
2026-03-31 04:45:00,49.84,49.84,49.84,49.84,400
2026-03-31 04:50:00,49.88,49.88,49.8,49.86,7149
2026-03-31 04:55:00,49.85,49.85,49.85,49.85,320
2026-03-31 05:00:00,49.92,49.92,49.92,49.92,170
2026-03-31 05:15:00,49.951,49.951,49.951,49.951,100
2026-03-31 05:20:00,49.91,49.97,49.91,49.97,620
2026-03-31 05:25:00,50.0,50.0,49.9,49.9,1757
2026-03-31 05:30:00,49.87,49.87,49.87,49.87,200
2026-03-31 05:35:00,49.93,49.93,49.93,49.93,200
2026-03-31 05:40:00,49.89,49.89,49.89,49.89,200
2026-03-31 05:45:00,49.89,49.89,49.89,49.89,100
2026-03-31 06:00:00,49.91,49.91,49.91,49.91,100
2026-03-31 06:05:00,49.93,49.94,49.905,49.905,3584
2026-03-31 06:10:00,49.91,49.92,49.91,49.92,2200
2026-03-31 06:15:00,49.9,49.9,49.88,49.88,1800
2026-03-31 06:25:00,49.8691,49.87,49.84,49.87,1150
2026-03-31 06:35:00,49.79,49.79,49.69,49.69,1200
2026-03-31 06:40:00,49.64,49.64,49.64,49.64,100
2026-03-31 06:50:00,49.7204,49.76,49.7204,49.76,1841
2026-03-31 06:55:00,49.77,49.77,49.77,49.77,441
2026-03-31 07:00:00,49.7997,49.85,49.75,49.85,7647
2026-03-31 07:05:00,49.86,49.87,49.7794,49.7794,27401
2026-03-31 07:10:00,49.78,50.26,49.77,49.99,53592
2026-03-31 07:15:00,50.01,50.18,49.989,50.01,20890
2026-03-31 07:20:00,50.03,50.0898,50.01,50.06,11257
2026-03-31 07:25:00,50.1,50.1,49.96,50.02,1013
2026-03-31 07:30:00,50.0165,50.04,49.96,50.0,4571
2026-03-31 07:35:00,50.0,50.08,49.97,50.08,5180
2026-03-31 07:40:00,50.0687,50.09,50.0471,50.09,2600
2026-03-31 07:45:00,50.0,50.04,49.97,50.04,2350
2026-03-31 07:50:00,50.03,50.03,49.99,50.0,5100
2026-03-31 07:55:00,50.03,50.05,50.03,50.0498,1854
2026-03-31 08:00:00,50.1,50.15,50.1,50.14,4289
2026-03-31 08:05:00,50.12,50.31,50.09,50.27,12005
2026-03-31 08:10:00,50.05,50.09,49.91,49.92,16868
2026-03-31 08:15:00,49.87,50.15,49.87,50.15,4930
2026-03-31 08:20:00,50.1,50.1,49.99,49.99,3333
2026-03-31 08:25:00,50.08,50.23,50.06,50.19,16150
2026-03-31 08:30:00,50.15,50.2129,50.15,50.2129,3375
2026-03-31 08:35:00,50.23,50.3,50.23,50.25,7700
2026-03-31 08:40:00,50.23,50.25,50.22,50.25,750
2026-03-31 08:45:00,50.27,50.27,50.19,50.19,4044
2026-03-31 08:50:00,50.1812,50.24,50.1725,50.2003,4621
2026-03-31 08:55:00,50.1983,50.1983,50.0808,50.081,7724
2026-03-31 09:00:00,50.1,50.1,50.03,50.03,1100
2026-03-31 09:05:00,50.07,50.139,50.06,50.1273,10670
2026-03-31 09:10:00,50.1502,50.1502,50.1103,50.1103,950
2026-03-31 09:15:00,50.17,50.19,50.1463,50.19,3240
2026-03-31 09:20:00,50.2,50.2,50.15,50.15,720
2026-03-31 09:25:00,50.13,50.14,50.11,50.12,11073
2026-03-31 09:30:00,50.12,50.25,50.02,50.25,229855
2026-03-31 09:35:00,50.235,50.26,50.1,50.26,66969
2026-03-31 09:40:00,50.26,50.3695,50.15,50.16,114165
2026-03-31 09:45:00,50.19,50.5601,50.19,50.55,199985
2026-03-31 09:50:00,50.55,50.665,50.49,50.65,78248
2026-03-31 09:55:00,50.64,50.7,50.5001,50.7,624757
2026-03-31 10:00:00,50.7,50.73,50.61,50.66,40750
2026-03-31 10:05:00,50.65,50.65,50.465,50.48,53952
2026-03-31 10:10:00,50.49,50.59,50.47,50.5199,55073
2026-03-31 10:15:00,50.54,50.64,50.45,50.59,35505
2026-03-31 10:20:00,50.59,50.655,50.43,50.65,40727
2026-03-31 10:25:00,50.61,50.68,50.575,50.6699,28796
2026-03-31 10:30:00,50.675,50.7,50.575,50.64,132179
2026-03-31 10:35:00,50.64,50.66,50.42,50.44,30461
2026-03-31 10:40:00,50.4499,50.51,50.28,50.32,58664
2026-03-31 10:45:00,50.32,50.35,50.19,50.2,23941
2026-03-31 10:50:00,50.18,50.2,50.06,50.08,29216
2026-03-31 10:55:00,50.05,50.0901,49.9801,50.085,46722
2026-03-31 11:00:00,50.08,50.3,50.08,50.28,72264
2026-03-31 11:05:00,50.28,50.475,50.27,50.37,69138
2026-03-31 11:10:00,50.37,50.6,50.335,50.59,43777
2026-03-31 11:15:00,50.61,50.63,50.525,50.55,46395
2026-03-31 11:20:00,50.54,50.56,50.42,50.555,44298
2026-03-31 11:25:00,50.55,50.58,50.375,50.395,24567
2026-03-31 11:30:00,50.39,50.4,50.28,50.39,26453
2026-03-31 11:35:00,50.39,50.48,50.39,50.42,20261
2026-03-31 11:40:00,50.43,50.44,50.37,50.4,13564
2026-03-31 11:45:00,50.38,50.4,50.31,50.35,45653
2026-03-31 11:50:00,50.35,50.465,50.33,50.3783,34366
2026-03-31 11:55:00,50.385,50.41,50.25,50.25,27851
2026-03-31 12:00:00,50.245,50.46,50.22,50.37,44159
2026-03-31 12:05:00,50.3806,50.53,50.3806,50.5,18060
2026-03-31 12:10:00,50.5,50.5,50.375,50.485,33415
2026-03-31 12:15:00,50.4899,50.58,50.4899,50.5,24326
2026-03-31 12:20:00,50.53,50.65,50.5,50.65,15181
2026-03-31 12:25:00,50.67,50.69,50.59,50.62,20494
2026-03-31 12:30:00,50.575,50.605,50.555,50.59,7508
2026-03-31 12:35:00,50.59,51.045,50.55,51.045,86459
2026-03-31 12:40:00,51.03,51.75,51.03,51.39,954662
2026-03-31 12:45:00,51.38,51.51,51.06,51.27,406549
2026-03-31 12:50:00,51.26,51.5,51.09,51.26,310000
2026-03-31 12:55:00,51.25,51.3299,51.14,51.3199,108948
2026-03-31 13:00:00,51.32,51.61,51.31,51.53,141335
2026-03-31 13:05:00,51.54,51.54,51.24,51.28,135456
2026-03-31 13:10:00,51.29,51.455,51.27,51.4499,53869
2026-03-31 13:15:00,51.45,51.6,51.445,51.57,52486
2026-03-31 13:20:00,51.58,51.58,51.48,51.505,48439
2026-03-31 13:25:00,51.5,51.5,51.34,51.3618,43570
2026-03-31 13:30:00,51.37,51.565,51.36,51.5499,73851
2026-03-31 13:35:00,51.55,51.5801,51.255,51.34,113328
2026-03-31 13:40:00,51.3499,51.43,51.27,51.34,51132
2026-03-31 13:45:00,51.328,51.4499,51.31,51.39,29688
2026-03-31 13:50:00,51.42,51.44,51.36,51.4,22769
2026-03-31 13:55:00,51.4,51.4,51.24,51.28,33460
2026-03-31 14:00:00,51.28,51.46,51.28,51.3701,38957
2026-03-31 14:05:00,51.375,51.505,51.365,51.48,46112
2026-03-31 14:10:00,51.475,51.475,51.35,51.44,26028
2026-03-31 14:15:00,51.44,51.54,51.43,51.495,55461
2026-03-31 14:20:00,51.5,51.5,51.4001,51.405,22726
2026-03-31 14:25:00,51.405,51.55,51.365,51.48,67865
2026-03-31 14:30:00,51.47,51.5,51.4,51.46,86385
2026-03-31 14:35:00,51.455,51.6285,51.44,51.57,78265
2026-03-31 14:40:00,51.57,51.57,51.48,51.5199,43263
2026-03-31 14:45:00,51.53,51.635,51.52,51.5799,37004
2026-03-31 14:50:00,51.58,51.66,51.575,51.63,25755
2026-03-31 14:55:00,51.63,51.66,51.61,51.63,40799
2026-03-31 15:00:00,51.625,51.705,51.62,51.66,28993
2026-03-31 15:05:00,51.67,51.67,51.535,51.5782,44980
2026-03-31 15:10:00,51.57,51.71,51.57,51.7,41235
2026-03-31 15:15:00,51.7,51.7799,51.6799,51.72,64452
2026-03-31 15:20:00,51.725,51.82,51.71,51.78,53255
2026-03-31 15:25:00,51.78,51.78,51.7,51.74,226836
2026-03-31 15:30:00,51.74,51.83,51.74,51.8,99706
2026-03-31 15:35:00,51.8099,51.9251,51.8,51.91,56480
2026-03-31 15:40:00,51.9,51.93,51.815,51.86,112031
2026-03-31 15:45:00,51.86,51.99,51.8312,51.97,36420
2026-03-31 15:50:00,51.98,52.07,51.79,51.82,179488
2026-03-31 15:55:00,51.82,51.94,51.73,51.85,551190
2026-03-31 16:00:00,51.865,51.93,51.77,51.77,44856
2026-03-31 16:05:00,51.8,51.9,51.8,51.9,3610
2026-03-31 16:10:00,51.8613,51.9037,50.3,51.89,2200
2026-03-31 16:15:00,51.9,51.97,51.9,51.9637,3893
2026-03-31 16:20:00,51.97,51.97,51.94,51.94,1544
2026-03-31 16:25:00,51.9474,51.95,51.93,51.94,39419
2026-03-31 16:30:00,51.9303,51.9303,51.9303,51.9303,550
2026-03-31 16:35:00,51.9,51.9099,51.88,51.88,5320
2026-03-31 16:40:00,51.86,51.86,51.84,51.84,2365
2026-03-31 16:45:00,51.842,51.86,51.83,51.86,2100
2026-03-31 16:50:00,51.8597,51.87,51.85,51.87,1500
2026-03-31 16:55:00,51.85,51.85,51.8,51.8,4285
2026-03-31 17:00:00,51.8282,51.832,51.8282,51.832,1400
2026-03-31 17:10:00,51.83,51.83,51.83,51.83,1000
2026-03-31 17:15:00,51.86,51.86,51.86,51.86,200
2026-03-31 17:20:00,51.81,51.81,51.81,51.81,1666
2026-03-31 17:35:00,51.86,51.86,51.86,51.86,200
2026-03-31 17:40:00,51.82,51.82,51.82,51.82,1000
2026-03-31 17:45:00,51.82,51.82,51.82,51.82,1000
2026-03-31 17:50:00,51.84,51.84,51.8,51.81,1389
2026-03-31 17:55:00,51.7169,51.81,51.7169,51.81,499
2026-03-31 18:00:00,51.78,51.9,51.78,51.9,1526
2026-03-31 18:05:00,51.87,51.87,51.81,51.82,2693
2026-03-31 18:10:00,51.81,51.9,51.81,51.8961,2540
2026-03-31 18:15:00,51.91,51.9203,51.91,51.9203,600
2026-03-31 18:20:00,51.92,51.95,51.91,51.9195,4122
2026-03-31 18:25:00,51.92,51.92,51.92,51.92,150
2026-03-31 18:30:00,51.88,51.88,51.88,51.88,125
2026-03-31 18:35:00,51.87,51.92,51.8603,51.92,6033
2026-03-31 18:40:00,51.92,51.95,51.92,51.92,3000
2026-03-31 18:45:00,51.9101,51.93,51.89,51.93,8900
2026-03-31 18:55:00,51.9109,51.92,51.9109,51.9199,1250
2026-03-31 19:00:00,51.87,51.9,51.87,51.89,4433
2026-03-31 19:05:00,51.89,51.9,51.88,51.88,2908
2026-03-31 19:10:00,51.8874,51.89,51.87,51.89,720
2026-03-31 19:15:00,51.88,51.93,51.88,51.9291,959
2026-03-31 19:20:00,51.91,51.9291,51.9064,51.92,3560
2026-03-31 19:25:00,51.94,51.94,51.94,51.94,110
2026-03-31 19:30:00,51.945,52.0,51.945,52.0,9620
2026-03-31 19:35:00,52.04,52.11,52.03,52.11,5586
2026-03-31 19:40:00,52.0396,52.0396,52.0396,52.0396,100
2026-03-31 19:45:00,52.02,52.02,52.0,52.02,3755
2026-03-31 19:50:00,52.05,52.14,52.05,52.1394,24418
2026-04-01 04:00:00,52.43,52.69,52.09,52.37,42095
2026-04-01 04:05:00,52.36,52.36,52.26,52.26,3300
2026-04-01 04:10:00,52.2395,52.241,52.22,52.241,431
2026-04-01 04:15:00,52.23,52.26,52.23,52.26,523
2026-04-01 04:20:00,52.35,52.35,52.35,52.35,100
2026-04-01 04:25:00,52.45,52.45,52.4,52.4,898
2026-04-01 04:30:00,52.43,52.43,52.43,52.43,600
2026-04-01 04:35:00,52.38,52.43,52.37,52.43,4200
2026-04-01 04:40:00,52.43,52.43,52.4,52.41,800
2026-04-01 04:45:00,52.39,52.39,52.39,52.39,1700
2026-04-01 04:50:00,52.43,52.43,52.2,52.38,51869
2026-04-01 05:00:00,52.39,52.39,52.35,52.35,200
2026-04-01 05:05:00,52.2796,52.2796,52.26,52.26,500
2026-04-01 05:10:00,52.24,52.24,52.21,52.21,300
2026-04-01 05:15:00,52.22,52.22,52.21,52.21,230
2026-04-01 05:20:00,52.18,52.18,52.14,52.14,1720
2026-04-01 05:25:00,52.22,52.22,52.2,52.2,1350
2026-04-01 05:30:00,52.27,52.27,52.27,52.27,274
2026-04-01 05:35:00,52.28,52.33,52.28,52.33,1200
2026-04-01 05:40:00,52.33,52.33,52.33,52.33,384
2026-04-01 05:45:00,52.32,52.4,52.32,52.4,5400
2026-04-01 05:50:00,52.45,52.45,52.41,52.41,2520
2026-04-01 05:55:00,52.33,52.46,52.33,52.46,700
2026-04-01 06:00:00,52.39,52.44,52.35,52.35,11693
2026-04-01 06:05:00,52.36,52.38,52.36,52.37,1308
2026-04-01 06:10:00,52.36,52.36,52.36,52.36,200
2026-04-01 06:25:00,52.41,52.41,52.35,52.37,2557
2026-04-01 06:30:00,52.42,52.42,52.42,52.42,200
2026-04-01 06:40:00,52.4696,52.4696,52.4696,52.4696,2500
2026-04-01 06:45:00,52.54,52.56,52.54,52.56,930
2026-04-01 06:50:00,52.6,52.62,52.6,52.6,1290
2026-04-01 07:00:00,52.59,52.66,52.58,52.66,13331
2026-04-01 07:05:00,52.65,52.6591,52.63,52.64,5899
2026-04-01 07:10:00,52.64,52.68,52.6204,52.67,6234
2026-04-01 07:15:00,52.7,52.7,52.6603,52.68,800
2026-04-01 07:20:00,52.68,52.68,52.65,52.67,4850
2026-04-01 07:25:00,52.72,52.72,52.6695,52.6695,4224
2026-04-01 07:30:00,52.68,52.71,52.67,52.7,9339
2026-04-01 07:35:00,52.73,52.79,52.71,52.77,6500
2026-04-01 07:40:00,52.77,52.7703,52.7,52.76,22587
2026-04-01 07:45:00,52.73,52.74,52.7087,52.74,2956
2026-04-01 07:50:00,52.75,52.8,52.749,52.7774,1904
2026-04-01 07:55:00,52.8,52.8,52.79,52.8,576
2026-04-01 08:00:00,52.7802,52.7802,52.7299,52.7574,4531
2026-04-01 08:05:00,52.75,52.77,52.72,52.72,67638
2026-04-01 08:10:00,52.7299,52.7299,52.66,52.66,6908
2026-04-01 08:15:00,52.6713,52.6878,52.66,52.6613,3811
2026-04-01 08:20:00,52.67,52.67,52.58,52.5997,5720
2026-04-01 08:25:00,52.6,52.6,52.51,52.52,4766
2026-04-01 08:30:00,52.55,52.56,52.5369,52.56,10295
2026-04-01 08:35:00,52.557,52.557,52.43,52.45,7831
2026-04-01 08:40:00,52.45,53.0,52.45,52.73,75557
2026-04-01 08:45:00,52.75,52.92,52.319,52.37,75512
2026-04-01 08:50:00,52.41,52.42,52.2895,52.2895,22244
2026-04-01 08:55:00,52.2587,52.32,52.25,52.29,14222
2026-04-01 09:00:00,52.28,52.29,52.249,52.27,1888
2026-04-01 09:05:00,52.24,52.24,52.2,52.23,2929
2026-04-01 09:10:00,52.26,52.3896,52.26,52.31,13516
2026-04-01 09:15:00,52.3,52.38,52.3,52.36,1623
2026-04-01 09:20:00,52.37,52.3704,52.28,52.3612,1825
2026-04-01 09:25:00,52.39,52.44,52.38,52.44,3681
2026-04-01 09:30:00,52.45,52.68,52.38,52.6199,295069
2026-04-01 09:35:00,52.61,52.78,52.555,52.765,66306
2026-04-01 09:40:00,52.75,52.75,52.365,52.46,183264
2026-04-01 09:45:00,52.47,52.54,52.31,52.345,122859
2026-04-01 09:50:00,52.35,52.59,52.325,52.47,97998
2026-04-01 09:55:00,52.4501,52.55,52.41,52.4999,57278
2026-04-01 10:00:00,52.52,52.65,52.47,52.55,46795
2026-04-01 10:05:00,52.6,52.66,52.47,52.575,42597
2026-04-01 10:10:00,52.6,52.61,52.47,52.56,67229
2026-04-01 10:15:00,52.56,52.62,52.51,52.58,47677
2026-04-01 10:20:00,52.6,52.69,52.51,52.56,113709
2026-04-01 10:25:00,52.56,52.635,52.525,52.62,31986
2026-04-01 10:30:00,52.63,52.71,52.54,52.55,137163
2026-04-01 10:35:00,52.54,52.84,52.42,52.7,205050
2026-04-01 10:40:00,52.7,52.78,52.55,52.72,117565
2026-04-01 10:45:00,52.73,52.84,52.64,52.84,58062
2026-04-01 10:50:00,52.8106,52.91,52.75,52.87,86252
2026-04-01 10:55:00,52.865,52.9078,52.82,52.85,59960
2026-04-01 11:00:00,52.87,52.93,52.84,52.88,54887
2026-04-01 11:05:00,52.86,52.95,52.85,52.9398,79365
2026-04-01 11:10:00,52.925,52.94,52.875,52.9,39783
2026-04-01 11:15:00,52.89,52.93,52.87,52.93,26085
2026-04-01 11:20:00,52.925,52.945,52.87,52.89,53536
2026-04-01 11:25:00,52.89,52.9111,52.845,52.845,34381
2026-04-01 11:30:00,52.84,52.89,52.775,52.86,78881
2026-04-01 11:35:00,52.88,52.99,52.88,52.945,56201
2026-04-01 11:40:00,52.955,52.98,52.9,52.98,9163
2026-04-01 11:45:00,53.0,53.01,52.95,52.98,33331
2026-04-01 11:50:00,52.98,53.04,52.95,53.03,45300
2026-04-01 11:55:00,53.03,53.11,53.03,53.08,36408
2026-04-01 12:00:00,53.08,53.105,53.045,53.09,64802
2026-04-01 12:05:00,53.09,53.115,53.055,53.1084,36117
2026-04-01 12:10:00,53.1001,53.11,53.02,53.04,60559
2026-04-01 12:15:00,53.03,53.085,53.0194,53.07,89081
2026-04-01 12:20:00,53.07,53.08,53.02,53.02,136734
2026-04-01 12:25:00,53.02,53.03,52.965,52.97,47729
2026-04-01 12:30:00,52.97,53.005,52.925,53.005,25857
2026-04-01 12:35:00,53.02,53.06,53.015,53.0399,19015
2026-04-01 12:40:00,53.04,53.085,53.04,53.0797,25053
2026-04-01 12:45:00,53.08,53.09,53.04,53.07,12596
2026-04-01 12:50:00,53.07,53.09,53.06,53.08,8498
2026-04-01 12:55:00,53.07,53.1,53.0566,53.08,6814
2026-04-01 13:00:00,53.0614,53.16,53.0614,53.15,19957
2026-04-01 13:05:00,53.15,53.185,53.145,53.15,55329
2026-04-01 13:10:00,53.16,53.18,53.1438,53.16,23313
2026-04-01 13:15:00,53.17,53.1799,53.1222,53.15,10509
2026-04-01 13:20:00,53.16,53.18,53.14,53.18,10720
2026-04-01 13:25:00,53.175,53.175,53.15,53.1504,17680
2026-04-01 13:30:00,53.1582,53.17,53.09,53.09,10230
2026-04-01 13:35:00,53.095,53.1399,53.08,53.12,19249
2026-04-01 13:40:00,53.12,53.14,53.07,53.08,20139
2026-04-01 13:45:00,53.085,53.1,53.04,53.0497,18077
2026-04-01 13:50:00,53.05,53.0601,53.02,53.05,8990
2026-04-01 13:55:00,53.04,53.04,52.91,52.92,112494
2026-04-01 14:00:00,52.93,52.93,52.74,52.79,36602
2026-04-01 14:05:00,52.78,52.8492,52.762,52.795,41014
2026-04-01 14:10:00,52.8,52.8398,52.77,52.775,134466
2026-04-01 14:15:00,52.75,52.755,52.56,52.62,62886
2026-04-01 14:20:00,52.62,52.655,52.46,52.48,81730
2026-04-01 14:25:00,52.49,52.581,52.45,52.5,70223
2026-04-01 14:30:00,52.5,52.54,52.455,52.465,96657
2026-04-01 14:35:00,52.45,52.58,52.41,52.54,67682
2026-04-01 14:40:00,52.54,52.69,52.54,52.6,58364
2026-04-01 14:45:00,52.61,52.62,52.52,52.57,23253
2026-04-01 14:50:00,52.57,52.59,52.495,52.56,57788
2026-04-01 14:55:00,52.555,52.555,52.49,52.53,30087
2026-04-01 15:00:00,52.53,52.62,52.51,52.6,19144
2026-04-01 15:05:00,52.6,52.68,52.6,52.65,126866
2026-04-01 15:10:00,52.65,52.665,52.595,52.655,32958
2026-04-01 15:15:00,52.67,52.72,52.621,52.7193,18085
2026-04-01 15:20:00,52.715,52.7499,52.6701,52.74,36535
2026-04-01 15:25:00,52.74,52.835,52.74,52.8,35842
2026-04-01 15:30:00,52.81,52.83,52.74,52.77,22406
2026-04-01 15:35:00,52.79,52.85,52.75,52.83,33929
2026-04-01 15:40:00,52.82,52.9,52.8018,52.8281,26028
2026-04-01 15:45:00,52.81,52.8399,52.77,52.785,44199
2026-04-01 15:50:00,52.78,52.78,52.64,52.68,122267
2026-04-01 15:55:00,52.66,52.7,52.59,52.66,370473
2026-04-01 16:00:00,52.66,52.67,52.64,52.64,65703
2026-04-01 16:05:00,52.65,52.67,52.64,52.6495,5474
2026-04-01 16:10:00,52.6831,52.7003,52.6831,52.7003,200
2026-04-01 16:15:00,52.6701,52.71,52.6701,52.7001,3674
2026-04-01 16:20:00,52.685,52.685,52.66,52.66,566
2026-04-01 16:25:00,52.66,52.66,52.62,52.62,2380
2026-04-01 16:30:00,52.6493,52.67,52.6493,52.67,5442
2026-04-01 16:35:00,52.68,52.68,52.68,52.68,100
2026-04-01 16:45:00,52.68,52.68,52.68,52.68,650
2026-04-01 16:50:00,52.66,52.6699,52.65,52.66,7531
2026-04-01 16:55:00,52.679,52.6797,52.6214,52.6214,2454
2026-04-01 17:00:00,52.64,52.64,52.62,52.63,9130
2026-04-01 17:05:00,52.63,52.6324,52.63,52.6324,1647
2026-04-01 17:15:00,52.67,52.67,52.67,52.67,300
2026-04-01 17:25:00,52.68,52.68,52.68,52.68,250
2026-04-01 17:30:00,52.67,52.67,52.66,52.66,416
2026-04-01 17:40:00,52.65,52.65,52.65,52.65,300
2026-04-01 17:45:00,52.67,52.67,52.67,52.67,200
2026-04-01 17:50:00,52.679,52.679,52.637,52.637,500
2026-04-01 18:00:00,52.65,52.68,52.65,52.68,3250
2026-04-01 18:10:00,52.6591,52.6591,52.59,52.59,1195
2026-04-01 18:15:00,52.6191,52.6191,52.59,52.59,5595
2026-04-01 18:20:00,52.58,52.61,52.58,52.61,5349
2026-04-01 18:40:00,52.639,52.64,52.63,52.639,2383
2026-04-01 18:45:00,52.62,52.62,52.62,52.62,600
2026-04-01 18:50:00,52.6,52.6,52.53,52.53,9274
2026-04-01 18:55:00,52.54,52.54,52.53,52.53,500
2026-04-01 19:05:00,52.6099,52.6099,52.6099,52.6099,100
2026-04-01 19:25:00,52.62,52.63,52.62,52.63,1900
2026-04-01 19:35:00,52.6,52.6,52.6,52.6,100
2026-04-01 19:45:00,52.639,52.639,52.6206,52.6206,450
2026-04-01 19:50:00,52.51,52.62,52.51,52.6196,8794
2026-04-01 04:00:00,52.43,52.69,52.09,52.37,42095
2026-04-01 04:05:00,52.36,52.36,52.26,52.26,3300
2026-04-01 04:10:00,52.2395,52.241,52.22,52.241,431
2026-04-01 04:15:00,52.23,52.26,52.23,52.26,523
2026-04-01 04:20:00,52.35,52.35,52.35,52.35,100
2026-04-01 04:25:00,52.45,52.45,52.4,52.4,898
2026-04-01 04:30:00,52.43,52.43,52.43,52.43,600
2026-04-01 04:35:00,52.38,52.43,52.37,52.43,4200
2026-04-01 04:40:00,52.43,52.43,52.4,52.41,800
2026-04-01 04:45:00,52.39,52.39,52.39,52.39,1700
2026-04-01 04:50:00,52.43,52.43,52.2,52.38,51869
2026-04-01 05:00:00,52.39,52.39,52.35,52.35,200
2026-04-01 05:05:00,52.2796,52.2796,52.26,52.26,500
2026-04-01 05:10:00,52.24,52.24,52.21,52.21,300
2026-04-01 05:15:00,52.22,52.22,52.21,52.21,230
2026-04-01 05:20:00,52.18,52.18,52.14,52.14,1720
2026-04-01 05:25:00,52.22,52.22,52.2,52.2,1350
2026-04-01 05:30:00,52.27,52.27,52.27,52.27,274
2026-04-01 05:35:00,52.28,52.33,52.28,52.33,1200
2026-04-01 05:40:00,52.33,52.33,52.33,52.33,384
2026-04-01 05:45:00,52.32,52.4,52.32,52.4,5400
2026-04-01 05:50:00,52.45,52.45,52.41,52.41,2520
2026-04-01 05:55:00,52.33,52.46,52.33,52.46,700
2026-04-01 06:00:00,52.39,52.44,52.35,52.35,11693
2026-04-01 06:05:00,52.36,52.38,52.36,52.37,1308
2026-04-01 06:10:00,52.36,52.36,52.36,52.36,200
2026-04-01 06:25:00,52.41,52.41,52.35,52.37,2557
2026-04-01 06:30:00,52.42,52.42,52.42,52.42,200
2026-04-01 06:40:00,52.4696,52.4696,52.4696,52.4696,2500
2026-04-01 06:45:00,52.54,52.56,52.54,52.56,930
2026-04-01 06:50:00,52.6,52.62,52.6,52.6,1290
2026-04-01 07:00:00,52.59,52.66,52.58,52.66,13331
2026-04-01 07:05:00,52.65,52.6591,52.63,52.64,5899
2026-04-01 07:10:00,52.64,52.68,52.6204,52.67,6234
2026-04-01 07:15:00,52.7,52.7,52.6603,52.68,800
2026-04-01 07:20:00,52.68,52.68,52.65,52.67,4850
2026-04-01 07:25:00,52.72,52.72,52.6695,52.6695,4224
2026-04-01 07:30:00,52.68,52.71,52.67,52.7,9339
2026-04-01 07:35:00,52.73,52.79,52.71,52.77,6500
2026-04-01 07:40:00,52.77,52.7703,52.7,52.76,22587
2026-04-01 07:45:00,52.73,52.74,52.7087,52.74,2956
2026-04-01 07:50:00,52.75,52.8,52.749,52.7774,1904
2026-04-01 07:55:00,52.8,52.8,52.79,52.8,576
2026-04-01 08:00:00,52.7802,52.7802,52.7299,52.7574,4531
2026-04-01 08:05:00,52.75,52.77,52.72,52.72,67638
2026-04-01 08:10:00,52.7299,52.7299,52.66,52.66,6908
2026-04-01 08:15:00,52.6713,52.6878,52.66,52.6613,3811
2026-04-01 08:20:00,52.67,52.67,52.58,52.5997,5720
2026-04-01 08:25:00,52.6,52.6,52.51,52.52,4766
2026-04-01 08:30:00,52.55,52.56,52.5369,52.56,10295
2026-04-01 08:35:00,52.557,52.557,52.43,52.45,7831
2026-04-01 08:40:00,52.45,53.0,52.45,52.73,75557
2026-04-01 08:45:00,52.75,52.92,52.319,52.37,75512
2026-04-01 08:50:00,52.41,52.42,52.2895,52.2895,22244
2026-04-01 08:55:00,52.2587,52.32,52.25,52.29,14222
2026-04-01 09:00:00,52.28,52.29,52.249,52.27,1888
2026-04-01 09:05:00,52.24,52.24,52.2,52.23,2929
2026-04-01 09:10:00,52.26,52.3896,52.26,52.31,13516
2026-04-01 09:15:00,52.3,52.38,52.3,52.36,1623
2026-04-01 09:20:00,52.37,52.3704,52.28,52.3612,1825
2026-04-01 09:25:00,52.39,52.44,52.38,52.44,3681
2026-04-01 09:30:00,52.45,52.68,52.38,52.6199,295069
2026-04-01 09:35:00,52.61,52.78,52.555,52.765,66306
2026-04-01 09:40:00,52.75,52.75,52.365,52.46,183264
2026-04-01 09:45:00,52.47,52.54,52.31,52.345,122859
2026-04-01 09:50:00,52.35,52.59,52.325,52.47,97998
2026-04-01 09:55:00,52.4501,52.55,52.41,52.4999,57278
2026-04-01 10:00:00,52.52,52.65,52.47,52.55,46795
2026-04-01 10:05:00,52.6,52.66,52.47,52.575,42597
2026-04-01 10:10:00,52.6,52.61,52.47,52.56,67229
2026-04-01 10:15:00,52.56,52.62,52.51,52.58,47677
2026-04-01 10:20:00,52.6,52.69,52.51,52.56,113709
2026-04-01 10:25:00,52.56,52.635,52.525,52.62,31986
2026-04-01 10:30:00,52.63,52.71,52.54,52.55,137163
2026-04-01 10:35:00,52.54,52.84,52.42,52.7,205050
2026-04-01 10:40:00,52.7,52.78,52.55,52.72,117565
2026-04-01 10:45:00,52.73,52.84,52.64,52.84,58062
2026-04-01 10:50:00,52.8106,52.91,52.75,52.87,86252
2026-04-01 10:55:00,52.865,52.9078,52.82,52.85,59960
2026-04-01 11:00:00,52.87,52.93,52.84,52.88,54887
2026-04-01 11:05:00,52.86,52.95,52.85,52.9398,79365
2026-04-01 11:10:00,52.925,52.94,52.875,52.9,39783
2026-04-01 11:15:00,52.89,52.93,52.87,52.93,26085
2026-04-01 11:20:00,52.925,52.945,52.87,52.89,53536
2026-04-01 11:25:00,52.89,52.9111,52.845,52.845,34381
2026-04-01 11:30:00,52.84,52.89,52.775,52.86,78881
2026-04-01 11:35:00,52.88,52.99,52.88,52.945,56201
2026-04-01 11:40:00,52.955,52.98,52.9,52.98,9163
2026-04-01 11:45:00,53.0,53.01,52.95,52.98,33331
2026-04-01 11:50:00,52.98,53.04,52.95,53.03,45300
2026-04-01 11:55:00,53.03,53.11,53.03,53.08,36408
2026-04-01 12:00:00,53.08,53.105,53.045,53.09,64802
2026-04-01 12:05:00,53.09,53.115,53.055,53.1084,36117
2026-04-01 12:10:00,53.1001,53.11,53.02,53.04,60559
2026-04-01 12:15:00,53.03,53.085,53.0194,53.07,89081
2026-04-01 12:20:00,53.07,53.08,53.02,53.02,136734
2026-04-01 12:25:00,53.02,53.03,52.965,52.97,47729
2026-04-01 12:30:00,52.97,53.005,52.925,53.005,25857
2026-04-01 12:35:00,53.02,53.06,53.015,53.0399,19015
2026-04-01 12:40:00,53.04,53.085,53.04,53.0797,25053
2026-04-01 12:45:00,53.08,53.09,53.04,53.07,12596
2026-04-01 12:50:00,53.07,53.09,53.06,53.08,8498
2026-04-01 12:55:00,53.07,53.1,53.0566,53.08,6814
2026-04-01 13:00:00,53.0614,53.16,53.0614,53.15,19957
2026-04-01 13:05:00,53.15,53.185,53.145,53.15,55329
2026-04-01 13:10:00,53.16,53.18,53.1438,53.16,23313
2026-04-01 13:15:00,53.17,53.1799,53.1222,53.15,10509
2026-04-01 13:20:00,53.16,53.18,53.14,53.18,10720
2026-04-01 13:25:00,53.175,53.175,53.15,53.1504,17680
2026-04-01 13:30:00,53.1582,53.17,53.09,53.09,10230
2026-04-01 13:35:00,53.095,53.1399,53.08,53.12,19249
2026-04-01 13:40:00,53.12,53.14,53.07,53.08,20139
2026-04-01 13:45:00,53.085,53.1,53.04,53.0497,18077
2026-04-01 13:50:00,53.05,53.0601,53.02,53.05,8990
2026-04-01 13:55:00,53.04,53.04,52.91,52.92,112494
2026-04-01 14:00:00,52.93,52.93,52.74,52.79,36602
2026-04-01 14:05:00,52.78,52.8492,52.762,52.795,41014
2026-04-01 14:10:00,52.8,52.8398,52.77,52.775,134466
2026-04-01 14:15:00,52.75,52.755,52.56,52.62,62886
2026-04-01 14:20:00,52.62,52.655,52.46,52.48,81730
2026-04-01 14:25:00,52.49,52.581,52.45,52.5,70223
2026-04-01 14:30:00,52.5,52.54,52.455,52.465,96657
2026-04-01 14:35:00,52.45,52.58,52.41,52.54,67682
2026-04-01 14:40:00,52.54,52.69,52.54,52.6,58364
2026-04-01 14:45:00,52.61,52.62,52.52,52.57,23253
2026-04-01 14:50:00,52.57,52.59,52.495,52.56,57788
2026-04-01 14:55:00,52.555,52.555,52.49,52.53,30087
2026-04-01 15:00:00,52.53,52.62,52.51,52.6,19144
2026-04-01 15:05:00,52.6,52.68,52.6,52.65,126866
2026-04-01 15:10:00,52.65,52.665,52.595,52.655,32958
2026-04-01 15:15:00,52.67,52.72,52.621,52.7193,18085
2026-04-01 15:20:00,52.715,52.7499,52.6701,52.74,36535
2026-04-01 15:25:00,52.74,52.835,52.74,52.8,35842
2026-04-01 15:30:00,52.81,52.83,52.74,52.77,22406
2026-04-01 15:35:00,52.79,52.85,52.75,52.83,33929
2026-04-01 15:40:00,52.82,52.9,52.8018,52.8281,26028
2026-04-01 15:45:00,52.81,52.8399,52.77,52.785,44199
2026-04-01 15:50:00,52.78,52.78,52.64,52.68,122267
2026-04-01 15:55:00,52.66,52.7,52.59,52.66,370473
2026-04-01 16:00:00,52.66,52.67,52.64,52.64,65703
2026-04-01 16:05:00,52.65,52.67,52.64,52.6495,5474
2026-04-01 16:10:00,52.6831,52.7003,52.6831,52.7003,200
2026-04-01 16:15:00,52.6701,52.71,52.6701,52.7001,3674
2026-04-01 16:20:00,52.685,52.685,52.66,52.66,566
2026-04-01 16:25:00,52.66,52.66,52.62,52.62,2380
2026-04-01 16:30:00,52.6493,52.67,52.6493,52.67,5442
2026-04-01 16:35:00,52.68,52.68,52.68,52.68,100
2026-04-01 16:45:00,52.68,52.68,52.68,52.68,650
2026-04-01 16:50:00,52.66,52.6699,52.65,52.66,7531
2026-04-01 16:55:00,52.679,52.6797,52.6214,52.6214,2454
2026-04-01 17:00:00,52.64,52.64,52.62,52.63,9130
2026-04-01 17:05:00,52.63,52.6324,52.63,52.6324,1647
2026-04-01 17:15:00,52.67,52.67,52.67,52.67,300
2026-04-01 17:25:00,52.68,52.68,52.68,52.68,250
2026-04-01 17:30:00,52.67,52.67,52.66,52.66,416
2026-04-01 17:40:00,52.65,52.65,52.65,52.65,300
2026-04-01 17:45:00,52.67,52.67,52.67,52.67,200
2026-04-01 17:50:00,52.679,52.679,52.637,52.637,500
2026-04-01 18:00:00,52.65,52.68,52.65,52.68,3250
2026-04-01 18:10:00,52.6591,52.6591,52.59,52.59,1195
2026-04-01 18:15:00,52.6191,52.6191,52.59,52.59,5595
2026-04-01 18:20:00,52.58,52.61,52.58,52.61,5349
2026-04-01 18:40:00,52.639,52.64,52.63,52.639,2383
2026-04-01 18:45:00,52.62,52.62,52.62,52.62,600
2026-04-01 18:50:00,52.6,52.6,52.53,52.53,9274
2026-04-01 18:55:00,52.54,52.54,52.53,52.53,500
2026-04-01 19:05:00,52.6099,52.6099,52.6099,52.6099,100
2026-04-01 19:25:00,52.62,52.63,52.62,52.63,1900
2026-04-01 19:35:00,52.6,52.6,52.6,52.6,100
2026-04-01 19:45:00,52.639,52.639,52.6206,52.6206,450
2026-04-01 19:50:00,52.51,52.62,52.51,52.6196,8794
2026-04-02 04:00:00,51.81,51.81,51.16,51.49,12052
2026-04-02 04:05:00,51.4,51.55,51.16,51.47,79107
2026-04-02 04:10:00,51.47,51.48,51.47,51.48,390
2026-04-02 04:15:00,51.45,51.5,51.45,51.47,590
2026-04-02 04:20:00,51.43,51.45,51.4,51.43,5630
2026-04-02 04:25:00,51.42,51.43,51.42,51.43,849
2026-04-02 04:30:00,51.51,51.51,51.51,51.51,390
2026-04-02 04:35:00,51.51,51.51,51.5,51.5,390
2026-04-02 04:40:00,51.56,51.56,51.56,51.56,900
2026-04-02 04:45:00,51.5,51.5,51.5,51.5,300
2026-04-02 04:50:00,51.46,51.46,51.46,51.46,159
2026-04-02 04:55:00,51.47,51.48,51.46,51.46,550
2026-04-02 05:00:00,51.47,51.48,51.44,51.47,1848
2026-04-02 05:05:00,51.45,51.46,51.44,51.46,637
2026-04-02 05:10:00,51.42,51.42,51.4,51.41,489
2026-04-02 05:15:00,51.44,51.44,51.44,51.44,200
2026-04-02 05:25:00,51.49,51.49,51.49,51.49,900
2026-04-02 05:45:00,51.41,51.41,51.41,51.41,1000
2026-04-02 05:50:00,51.41,51.4305,51.41,51.4305,556
2026-04-02 05:55:00,51.4,51.4,51.4,51.4,200
2026-04-02 06:00:00,51.38,51.39,51.38,51.39,2080
2026-04-02 06:05:00,51.39,51.39,51.39,51.39,397
2026-04-02 06:10:00,51.37,51.37,51.3,51.3,310
2026-04-02 06:15:00,51.27,51.27,51.27,51.27,100
2026-04-02 06:25:00,51.2605,51.2695,51.24,51.24,1800
2026-04-02 06:35:00,51.29,51.3,51.29,51.3,4100
2026-04-02 06:40:00,51.36,51.36,51.36,51.36,200
2026-04-02 06:45:00,51.36,51.38,51.3395,51.3595,1638
2026-04-02 06:50:00,51.36,51.36,51.31,51.31,950
2026-04-02 06:55:00,51.36,51.39,51.36,51.37,800
2026-04-02 07:00:00,51.37,51.38,51.35,51.3501,10728
2026-04-02 07:05:00,51.325,51.325,51.24,51.24,3953
2026-04-02 07:10:00,51.22,51.23,51.2,51.21,4779
2026-04-02 07:15:00,51.15,51.15,51.11,51.11,7532
2026-04-02 07:20:00,51.14,51.16,51.1304,51.1304,7146
2026-04-02 07:25:00,51.14,51.14,51.1,51.1001,2422
2026-04-02 07:30:00,51.05,51.16,51.04,51.09,9547
2026-04-02 07:35:00,51.0513,51.0513,51.02,51.0298,549
2026-04-02 07:40:00,51.0,51.01,50.98,51.0004,71825
2026-04-02 07:45:00,51.0,51.02,50.99,51.02,1550
2026-04-02 07:50:00,51.03,51.0902,51.03,51.0902,3084
2026-04-02 07:55:00,51.09,51.09,50.96,50.96,11675
2026-04-02 08:00:00,50.9398,50.95,50.9,50.94,4640
2026-04-02 08:05:00,50.93,50.96,50.86,50.89,7050
2026-04-02 08:10:00,50.9,50.92,50.8787,50.92,6818
2026-04-02 08:15:00,50.92,50.97,50.8984,50.97,1520
2026-04-02 08:20:00,50.98,51.0795,50.96,51.0795,8044
2026-04-02 08:25:00,51.0403,51.06,51.0403,51.0499,1976
2026-04-02 08:30:00,51.05,51.09,51.03,51.07,3628
2026-04-02 08:35:00,51.06,51.09,51.0398,51.09,1789
2026-04-02 08:40:00,51.08,51.0941,51.0702,51.0702,2500
2026-04-02 08:45:00,51.09,51.15,51.07,51.15,2583
2026-04-02 08:50:00,51.15,51.16,51.13,51.139,1176
2026-04-02 08:55:00,51.13,51.13,51.05,51.07,2200
2026-04-02 09:00:00,51.04,51.0471,51.04,51.0471,2157
2026-04-02 09:05:00,51.09,51.13,51.09,51.13,1560
2026-04-02 09:10:00,51.0905,51.0905,51.07,51.0785,1876
2026-04-02 09:15:00,51.1187,51.129,51.1184,51.1184,5303
2026-04-02 09:20:00,51.15,51.18,51.12,51.12,2000
2026-04-02 09:25:00,51.12,51.24,51.12,51.22,30904
2026-04-02 09:30:00,51.22,51.3799,51.2,51.33,272026
2026-04-02 09:35:00,51.32,51.32,51.04,51.04,89773
2026-04-02 09:40:00,51.05,51.21,51.01,51.09,91995
2026-04-02 09:45:00,51.1,51.37,51.06,51.3195,96687
2026-04-02 09:50:00,51.3,51.61,51.295,51.575,75525
2026-04-02 09:55:00,51.575,51.77,51.52,51.73,47538
2026-04-02 10:00:00,51.72,51.8,51.59,51.6301,195800
2026-04-02 10:05:00,51.645,51.83,51.57,51.765,147974
2026-04-02 10:10:00,51.76,51.86,51.71,51.72,103706
2026-04-02 10:15:00,51.73,51.91,51.73,51.8491,42039
2026-04-02 10:20:00,51.83,51.96,51.83,51.91,29749
2026-04-02 10:25:00,51.91,51.91,51.795,51.85,12501
2026-04-02 10:30:00,51.82,52.16,51.82,52.145,158518
2026-04-02 10:35:00,52.145,53.06,52.145,52.835,531990
2026-04-02 10:40:00,52.81,52.85,52.5,52.77,124015
2026-04-02 10:45:00,52.75,52.795,52.45,52.45,55500
2026-04-02 10:50:00,52.45,52.58,52.34,52.545,66095
2026-04-02 10:55:00,52.555,52.75,52.555,52.67,51471
2026-04-02 11:00:00,52.67,52.67,52.42,52.6,41910
2026-04-02 11:05:00,52.606,52.62,52.47,52.5697,21749
2026-04-02 11:10:00,52.56,52.728,52.5399,52.63,65167
2026-04-02 11:15:00,52.65,52.72,52.56,52.63,132558
2026-04-02 11:20:00,52.55,52.57,52.43,52.5499,57042
2026-04-02 11:25:00,52.55,52.71,52.45,52.63,27581
2026-04-02 11:30:00,52.65,52.65,52.5,52.58,18115
2026-04-02 11:35:00,52.58,52.73,52.58,52.63,18818
2026-04-02 11:40:00,52.63,52.6492,52.49,52.6298,26265
2026-04-02 11:45:00,52.62,52.62,52.4508,52.46,15005
2026-04-02 11:50:00,52.46,52.538,52.3,52.51,89639
2026-04-02 11:55:00,52.47,52.55,52.4,52.45,25066
2026-04-02 12:00:00,52.44,52.53,52.37,52.4,20269
2026-04-02 12:05:00,52.41,52.44,52.24,52.37,21111
2026-04-02 12:10:00,52.36,52.39,52.2812,52.345,57111
2026-04-02 12:15:00,52.34,52.365,52.19,52.19,15317
2026-04-02 12:20:00,52.19,52.28,52.14,52.21,23797
2026-04-02 12:25:00,52.2,52.3,52.17,52.23,15550
2026-04-02 12:30:00,52.23,52.43,52.21,52.37,19735
2026-04-02 12:35:00,52.38,52.4,52.21,52.31,57586
2026-04-02 12:40:00,52.34,52.57,52.34,52.475,55763
2026-04-02 12:45:00,52.49,52.52,52.43,52.47,9460
2026-04-02 12:50:00,52.49,52.525,52.42,52.49,13900
2026-04-02 12:55:00,52.48,52.48,52.38,52.3801,15400
2026-04-02 13:00:00,52.37,52.42,52.28,52.41,11155
2026-04-02 13:05:00,52.38,52.42,52.36,52.39,11598
2026-04-02 13:10:00,52.395,52.52,52.34,52.49,15591
2026-04-02 13:15:00,52.49,52.59,52.475,52.525,24493
2026-04-02 13:20:00,52.53,52.59,52.51,52.58,11443
2026-04-02 13:25:00,52.57,52.5999,52.5207,52.535,19278
2026-04-02 13:30:00,52.53,52.5499,52.47,52.5,15270
2026-04-02 13:35:00,52.4801,52.49,52.43,52.465,13220
2026-04-02 13:40:00,52.48,52.495,52.4001,52.4597,8819
2026-04-02 13:45:00,52.47,52.47,52.23,52.23,32238
2026-04-02 13:50:00,52.24,52.305,52.21,52.3,15079
2026-04-02 13:55:00,52.34,52.34,52.2599,52.31,12126
2026-04-02 14:00:00,52.315,52.42,52.315,52.42,9713
2026-04-02 14:05:00,52.41,52.49,52.39,52.42,18626
2026-04-02 14:10:00,52.47,52.48,52.4,52.4,3980
2026-04-02 14:15:00,52.4,52.47,52.38,52.4397,13072
2026-04-02 14:20:00,52.435,52.438,52.395,52.395,14763
2026-04-02 14:25:00,52.3621,52.39,52.3389,52.35,22440
2026-04-02 14:30:00,52.36,52.4,52.35,52.4,7802
2026-04-02 14:35:00,52.385,52.39,52.35,52.36,5421
2026-04-02 14:40:00,52.37,52.5113,52.37,52.48,14494
2026-04-02 14:45:00,52.49,52.535,52.48,52.5184,11704
2026-04-02 14:50:00,52.5112,52.59,52.49,52.55,18540
2026-04-02 14:55:00,52.54,52.54,52.49,52.5,11273
2026-04-02 15:00:00,52.51,52.56,52.495,52.5001,17872
2026-04-02 15:05:00,52.515,52.585,52.515,52.575,16854
2026-04-02 15:10:00,52.57,52.63,52.5315,52.5315,22742
2026-04-02 15:15:00,52.545,52.565,52.48,52.52,16365
2026-04-02 15:20:00,52.52,52.56,52.47,52.52,8682
2026-04-02 15:25:00,52.5,52.5,52.46,52.48,11628
2026-04-02 15:30:00,52.495,52.52,52.45,52.4701,24645
2026-04-02 15:35:00,52.51,52.555,52.495,52.555,23716
2026-04-02 15:40:00,52.55,52.59,52.5001,52.5001,14581
2026-04-02 15:45:00,52.51,52.53,52.465,52.5217,24773
2026-04-02 15:50:00,52.53,52.68,52.53,52.67,110597
2026-04-02 15:55:00,52.67,52.765,52.655,52.73,186804
2026-04-02 16:00:00,52.74,52.75,52.67,52.7002,22706
2026-04-02 16:05:00,52.6887,52.6887,52.67,52.67,2557
2026-04-02 16:10:00,52.6816,52.71,52.6816,52.71,5242
2026-04-02 16:15:00,52.73,52.74,52.73,52.73,15607
2026-04-02 16:20:00,52.73,52.73,52.72,52.73,5375
2026-04-02 16:25:00,52.7401,52.8,52.7401,52.8,460
2026-04-02 16:30:00,52.8,52.8,52.74,52.74,3081
2026-04-02 16:35:00,52.74,52.75,52.73,52.75,950
2026-04-02 16:45:00,52.7474,52.76,52.7474,52.76,7650
2026-04-02 16:50:00,52.72,52.72,52.72,52.72,2500
2026-04-02 16:55:00,52.73,52.73,52.7187,52.7187,3955
2026-04-02 17:00:00,52.71,52.73,52.71,52.7274,1134
2026-04-02 17:05:00,52.71,52.71,52.71,52.71,513
2026-04-02 17:10:00,52.7,52.75,52.7,52.7462,1100
2026-04-02 17:15:00,52.74,52.74,52.74,52.74,3000
2026-04-02 17:40:00,52.75,52.75,52.75,52.75,300
2026-04-02 17:45:00,52.74,52.74,52.74,52.74,1280
2026-04-02 17:50:00,52.73,52.73,52.729,52.729,877
2026-04-02 17:55:00,52.71,52.71,52.7,52.7,1869
2026-04-02 18:00:00,52.7,52.7,52.671,52.699,3605
2026-04-02 18:10:00,52.69,52.69,52.6705,52.6705,1400
2026-04-02 18:15:00,52.75,52.75,52.75,52.75,1166
2026-04-02 18:20:00,52.68,52.68,52.68,52.68,1168
2026-04-02 18:25:00,52.69,52.729,52.69,52.729,519
2026-04-02 18:30:00,52.73,52.75,52.73,52.75,2085
2026-04-02 18:40:00,52.7502,52.7502,52.74,52.75,1810
2026-04-02 19:15:00,52.71,52.71,52.71,52.71,200
2026-04-02 19:20:00,52.7,52.7,52.7,52.7,500
2026-04-02 19:30:00,52.75,52.75,52.74,52.74,500
2026-04-02 19:35:00,52.73,52.73,52.73,52.73,100
2026-04-02 19:40:00,52.75,52.75,52.75,52.75,100
2026-04-02 19:45:00,52.73,52.73,52.73,52.73,200
2026-04-02 19:50:00,52.74,52.74,52.7109,52.7109,300
2026-04-02 19:55:00,52.7126,52.7488,52.7126,52.7488,1200
