2026-03-04 08:00:00,50.5,50.5,50.4902,50.4913,1220
2026-03-04 08:15:00,50.49,50.495,50.49,50.495,1985
2026-03-04 08:30:00,50.4901,50.4901,50.4901,50.4901,198
2026-03-04 08:35:00,50.4903,50.4903,50.4903,50.4903,200
2026-03-04 08:40:00,50.4918,50.4987,50.4918,50.4987,333
2026-03-04 08:45:00,50.4999,50.4999,50.4901,50.4901,333
2026-03-04 09:05:00,50.49,50.49,50.49,50.49,5131
2026-03-04 09:30:00,50.49,50.5,50.49,50.492,73884
2026-03-04 09:35:00,50.495,50.495,50.49,50.495,13585
2026-03-04 09:40:00,50.495,50.5,50.49,50.495,125072
2026-03-04 09:45:00,50.4962,50.5,50.4919,50.4919,3620
2026-03-04 09:50:00,50.4901,50.5,50.49,50.4903,5263
2026-03-04 09:55:00,50.495,50.5,50.4901,50.4901,8547
2026-03-04 10:00:00,50.4901,50.5,50.49,50.49,40008
2026-03-04 10:05:00,50.495,50.4999,50.49,50.495,13846
2026-03-04 10:10:00,50.4901,50.5,50.49,50.495,11607
2026-03-04 10:15:00,50.4916,50.4984,50.49,50.495,7851
2026-03-04 10:20:00,50.495,50.4999,50.49,50.4901,15649
2026-03-04 10:25:00,50.4982,50.4999,50.49,50.4981,9443
2026-03-04 10:30:00,50.5,50.5,50.49,50.495,14514
2026-03-04 10:35:00,50.5,50.5,50.4901,50.4999,8905
2026-03-04 10:40:00,50.5,50.5,50.4901,50.5,1600
2026-03-04 10:45:00,50.495,50.5,50.4901,50.4999,9555
2026-03-04 10:50:00,50.5,50.5,50.49,50.5,1836
2026-03-04 10:55:00,50.495,50.5,50.49,50.4901,13206
2026-03-04 11:00:00,50.49,50.5,50.49,50.4999,6077
2026-03-04 11:05:00,50.495,50.4999,50.495,50.495,1162
2026-03-04 11:10:00,50.49,50.5,50.49,50.495,122086
2026-03-04 11:15:00,50.495,50.5,50.49,50.495,18304
2026-03-04 11:20:00,50.495,50.5,50.49,50.5,5512
2026-03-04 11:25:00,50.4915,50.5,50.49,50.495,13276
2026-03-04 11:30:00,50.4917,50.4999,50.4901,50.4999,20977
2026-03-04 11:35:00,50.495,50.495,50.4901,50.495,769
2026-03-04 11:40:00,50.4938,50.4999,50.49,50.49,4852
2026-03-04 11:45:00,50.495,50.4999,50.49,50.49,11692
2026-03-04 11:50:00,50.495,50.4999,50.4915,50.4915,12109
2026-03-04 11:55:00,50.495,50.5,50.49,50.49,12320
2026-03-04 12:00:00,50.495,50.5,50.4917,50.4999,1791
2026-03-04 12:05:00,50.4985,50.5,50.495,50.4988,2608
2026-03-04 12:10:00,50.4983,50.5,50.49,50.495,4927
2026-03-04 12:15:00,50.4999,50.5,50.49,50.4999,17580
2026-03-04 12:20:00,50.4938,50.5,50.49,50.495,1626
2026-03-04 12:25:00,50.4949,50.5,50.49,50.4999,3621
2026-03-04 12:30:00,50.5,50.5,50.4901,50.4901,10264
2026-03-04 12:35:00,50.4915,50.5,50.49,50.495,2251
2026-03-04 12:40:00,50.495,50.5,50.49,50.4999,13374
2026-03-04 12:45:00,50.5,50.5,50.495,50.495,3227
2026-03-04 12:50:00,50.495,50.5,50.4901,50.4958,4173
2026-03-04 12:55:00,50.4901,50.5,50.49,50.495,16084
2026-03-04 13:00:00,50.5,50.5,50.495,50.495,406
2026-03-04 13:05:00,50.4916,50.5,50.4916,50.4999,4883
2026-03-04 13:10:00,50.495,50.5,50.495,50.495,1561
2026-03-04 13:15:00,50.4924,50.5,50.4917,50.5,27854
2026-03-04 13:20:00,50.5,50.5,50.5,50.5,413
2026-03-04 13:25:00,50.495,50.5,50.4917,50.4917,4171
2026-03-04 13:30:00,50.5,50.5,50.495,50.4999,2440
2026-03-04 13:35:00,50.49,50.5,50.49,50.4999,2743
2026-03-04 13:40:00,50.4901,50.5,50.49,50.49,1597
2026-03-04 13:45:00,50.5,50.5,50.49,50.49,1044
2026-03-04 13:50:00,50.4915,50.5,50.49,50.495,4727
2026-03-04 13:55:00,50.5,50.5,50.49,50.49,27331
2026-03-04 14:00:00,50.49,50.5,50.49,50.4928,7323
2026-03-04 14:05:00,50.4999,50.5,50.49,50.495,50396
2026-03-04 14:10:00,50.495,50.5,50.4917,50.4917,1716
2026-03-04 14:15:00,50.4999,50.5,50.494,50.5,21713
2026-03-04 14:20:00,50.495,50.5,50.4917,50.4999,13050
2026-03-04 14:25:00,50.49,50.5,50.49,50.4999,1923
2026-03-04 14:30:00,50.4999,50.5,50.49,50.4997,5460
2026-03-04 14:35:00,50.5,50.5,50.4962,50.5,5551
2026-03-04 14:40:00,50.4999,50.5,50.493,50.493,7792
2026-03-04 14:45:00,50.5,50.5,50.49,50.49,1913
2026-03-04 14:50:00,50.49,50.491,50.49,50.49,799
2026-03-04 14:55:00,50.4999,50.4999,50.49,50.495,5703
2026-03-04 15:00:00,50.5,50.5,50.49,50.4999,20938
2026-03-04 15:05:00,50.495,50.5,50.4901,50.4999,6660
2026-03-04 15:10:00,50.4917,50.5,50.49,50.5,3188
2026-03-04 15:15:00,50.5,50.5,50.495,50.5,3262
2026-03-04 15:20:00,50.4917,50.5,50.49,50.5,10797
2026-03-04 15:25:00,50.5,50.5,50.49,50.495,8299
2026-03-04 15:30:00,50.4999,50.5,50.49,50.49,5015
2026-03-04 15:35:00,50.4999,50.5,50.49,50.4996,40482
2026-03-04 15:40:00,50.4999,50.4999,50.495,50.4999,4664
2026-03-04 15:45:00,50.5,50.5,50.4901,50.5,25969
2026-03-04 15:50:00,50.5,50.5,50.4917,50.4999,28534
2026-03-04 15:55:00,50.498,50.5,50.49,50.5,18417
2026-03-04 16:00:00,50.5,50.5,50.4901,50.4901,4046
2026-03-04 16:10:00,50.4913,50.5,50.4913,50.5,3110
2026-03-04 16:15:00,50.5,50.5,50.4913,50.4913,600
2026-03-04 16:20:00,50.5,50.5,50.4901,50.4901,801
2026-03-04 16:30:00,50.4903,50.4903,50.4903,50.4903,100
2026-03-04 16:40:00,50.5,50.5,50.5,50.5,2152
2026-03-04 17:00:00,50.4997,50.4997,50.4997,50.4997,100
2026-03-04 17:05:00,50.4998,50.5,50.4998,50.4998,2209
2026-03-04 17:10:00,50.5,50.5,50.49,50.49,300
2026-03-04 19:20:00,50.4901,50.4901,50.4901,50.4901,100
2026-03-04 19:25:00,50.5,50.5,50.5,50.5,500
2026-03-05 05:35:00,50.5,50.5,50.5,50.5,1000
2026-03-05 06:00:00,50.49,50.49,50.49,50.49,799
2026-03-05 07:00:00,50.5,50.5,50.5,50.5,200
2026-03-05 08:00:00,50.49,50.5,50.49,50.49,1390
2026-03-05 08:20:00,50.4913,50.4913,50.4913,50.4913,100
2026-03-05 09:15:00,50.5,50.5,50.5,50.5,324
2026-03-05 09:30:00,50.5,50.5,50.49,50.4915,52295
2026-03-05 09:35:00,50.4999,50.4999,50.4901,50.495,39332
2026-03-05 09:40:00,50.5,50.5,50.49,50.4988,9126
2026-03-05 09:45:00,50.491,50.5,50.49,50.5,11189
2026-03-05 09:50:00,50.5,50.5,50.49,50.491,10062
2026-03-05 09:55:00,50.495,50.5,50.4901,50.495,4667
2026-03-05 10:00:00,50.4999,50.5,50.49,50.4929,15971
2026-03-05 10:05:00,50.5,50.5,50.495,50.4999,24651
2026-03-05 10:10:00,50.4901,50.5,50.49,50.49,24930
2026-03-05 10:15:00,50.5,50.5,50.49,50.5,69797
2026-03-05 10:20:00,50.495,50.5,50.49,50.5,35754
2026-03-05 10:25:00,50.495,50.5,50.49,50.49,2070
2026-03-05 10:30:00,50.49,50.5,50.49,50.4901,5384
2026-03-05 10:35:00,50.49,50.5,50.49,50.5,126844
2026-03-05 10:40:00,50.5,50.5,50.49,50.5,13747
2026-03-05 10:45:00,50.5,50.5,50.4901,50.4917,22975
2026-03-05 10:50:00,50.4999,50.5,50.495,50.495,850
2026-03-05 10:55:00,50.4999,50.5,50.49,50.49,2957
2026-03-05 11:00:00,50.495,50.5,50.4901,50.5,2019
2026-03-05 11:05:00,50.4975,50.5,50.49,50.5,9155
2026-03-05 11:10:00,50.4928,50.5,50.4901,50.4999,15953
2026-03-05 11:15:00,50.5,50.5,50.495,50.495,3071
2026-03-05 11:20:00,50.5,50.5,50.4915,50.4999,5345
2026-03-05 11:25:00,50.5,50.5,50.495,50.4999,43340
2026-03-05 11:30:00,50.5,50.5,50.4915,50.4915,2910
2026-03-05 11:35:00,50.495,50.5,50.4901,50.4915,2242
2026-03-05 11:40:00,50.4917,50.4999,50.49,50.4901,6518
2026-03-05 11:45:00,50.4987,50.5,50.4901,50.5,2050
2026-03-05 11:50:00,50.4917,50.5,50.4901,50.5,4705
2026-03-05 11:55:00,50.5,50.5,50.4901,50.495,10161
2026-03-05 12:00:00,50.5,50.5,50.49,50.4999,15651
2026-03-05 12:05:00,50.4999,50.5,50.49,50.5,1844
2026-03-05 12:10:00,50.5,50.5,50.49,50.5,1807
2026-03-05 12:15:00,50.5,50.5,50.49,50.5,18526
2026-03-05 12:20:00,50.5,50.5,50.4901,50.499,16996
2026-03-05 12:25:00,50.49,50.5,50.49,50.5,3553
2026-03-05 12:30:00,50.495,50.5,50.495,50.5,28166
2026-03-05 12:35:00,50.5,50.5,50.49,50.5,24813
2026-03-05 12:40:00,50.5,50.5,50.49,50.4998,11007
2026-03-05 12:45:00,50.5,50.5,50.4915,50.4915,21957
2026-03-05 12:50:00,50.4997,50.5,50.4901,50.5,23761
2026-03-05 12:55:00,50.495,50.5,50.49,50.5,2137
2026-03-05 13:00:00,50.5,50.5,50.4901,50.5,10167
2026-03-05 13:05:00,50.4962,50.5,50.49,50.5,25304
2026-03-05 13:10:00,50.4901,50.5,50.4901,50.5,81428
2026-03-05 13:15:00,50.5,50.5,50.4919,50.4998,71645
2026-03-05 13:20:00,50.4917,50.5,50.4917,50.4999,51887
2026-03-05 13:25:00,50.4987,50.5,50.4916,50.5,57208
2026-03-05 13:30:00,50.495,50.5,50.4901,50.4917,4263
2026-03-05 13:35:00,50.495,50.5,50.4917,50.4997,34060
2026-03-05 13:40:00,50.5,50.5,50.4919,50.4919,11606
2026-03-05 13:45:00,50.5,50.5,50.495,50.4999,10178
2026-03-05 13:50:00,50.4998,50.5099,50.4917,50.5099,24843
2026-03-05 13:55:00,50.5,50.51,50.5,50.5085,31158
2026-03-05 14:00:00,50.5,50.51,50.5,50.505,17386
2026-03-05 14:05:00,50.51,50.51,50.5,50.505,26886
2026-03-05 14:10:00,50.51,50.51,50.5,50.51,356279
2026-03-05 14:15:00,50.5,50.51,50.5,50.5054,11688
2026-03-05 14:20:00,50.505,50.51,50.505,50.5085,46943
2026-03-05 14:25:00,50.51,50.51,50.5,50.505,2566
2026-03-05 14:30:00,50.505,50.505,50.5001,50.5001,1017
2026-03-05 14:35:00,50.51,50.51,50.5,50.51,4743
2026-03-05 14:40:00,50.51,50.51,50.5003,50.5081,6307
2026-03-05 14:45:00,50.5002,50.51,50.5,50.5097,9831
2026-03-05 14:50:00,50.51,50.51,50.504,50.51,6963
2026-03-05 14:55:00,50.5002,50.51,50.5001,50.5001,4902
2026-03-05 15:00:00,50.5074,50.51,50.5001,50.51,120826
2026-03-05 15:05:00,50.51,50.51,50.5002,50.5083,4207
2026-03-05 15:10:00,50.5085,50.51,50.5002,50.5002,7792
2026-03-05 15:15:00,50.505,50.51,50.5047,50.5085,102452
2026-03-05 15:20:00,50.5008,50.51,50.5002,50.5085,19263
2026-03-05 15:25:00,50.5002,50.51,50.5,50.505,5204
2026-03-05 15:30:00,50.505,50.51,50.5,50.5099,7976
2026-03-05 15:35:00,50.505,50.51,50.5001,50.505,19816
2026-03-05 15:40:00,50.505,50.51,50.5,50.505,12478
2026-03-05 15:45:00,50.51,50.51,50.505,50.51,7770
2026-03-05 15:50:00,50.51,50.51,50.5,50.51,15610
2026-03-05 15:55:00,50.5099,50.51,50.5,50.51,22476
2026-03-05 16:00:00,50.51,50.51,50.5018,50.5018,5090
2026-03-05 17:15:00,50.51,50.51,50.51,50.51,5840
2026-03-05 18:00:00,50.5001,50.5001,50.5001,50.5001,255
2026-03-05 18:20:00,50.501,50.501,50.501,50.501,100
2026-03-05 19:50:00,50.5082,50.51,50.5082,50.5082,18481
2026-03-05 19:55:00,50.51,50.51,50.5099,50.5099,1355
2026-03-06 04:15:00,50.51,50.51,50.51,50.51,396
2026-03-06 06:45:00,50.51,50.51,50.51,50.51,100
2026-03-06 08:10:00,50.52,50.52,50.52,50.52,100
2026-03-06 08:30:00,50.515,50.515,50.515,50.515,400
2026-03-06 08:50:00,50.515,50.515,50.515,50.515,300
2026-03-06 09:20:00,50.5113,50.5113,50.5113,50.5113,1364
2026-03-06 09:30:00,50.51,50.52,50.51,50.52,59170
2026-03-06 09:35:00,50.51,50.515,50.51,50.515,7745
2026-03-06 09:40:00,50.5199,50.5199,50.51,50.5199,2826
2026-03-06 09:45:00,50.5199,50.52,50.5101,50.515,3904
2026-03-06 09:50:00,50.5155,50.52,50.51,50.5195,6161
2026-03-06 09:55:00,50.5116,50.52,50.51,50.51,7980
2026-03-06 10:00:00,50.52,50.52,50.5179,50.52,1263
2026-03-06 10:05:00,50.5199,50.52,50.51,50.51,20471
2026-03-06 10:10:00,50.5198,50.52,50.51,50.52,3203
2026-03-06 10:15:00,50.5199,50.52,50.51,50.515,5961
2026-03-06 10:20:00,50.51,50.515,50.51,50.5124,3453
2026-03-06 10:25:00,50.52,50.52,50.5127,50.5195,7584
2026-03-06 10:30:00,50.52,50.52,50.515,50.515,835
2026-03-06 10:35:00,50.5134,50.52,50.51,50.515,3810
2026-03-06 10:40:00,50.51,50.52,50.51,50.52,63543
2026-03-06 10:45:00,50.5189,50.52,50.515,50.52,10933
2026-03-06 10:50:00,50.5116,50.52,50.51,50.5116,5398
2026-03-06 10:55:00,50.5199,50.52,50.51,50.515,73164
2026-03-06 11:00:00,50.52,50.52,50.515,50.5199,1066
2026-03-06 11:05:00,50.52,50.52,50.5101,50.5101,6136
2026-03-06 11:10:00,50.52,50.52,50.5116,50.5189,193504
2026-03-06 11:15:00,50.52,50.52,50.5101,50.52,42689
2026-03-06 11:20:00,50.5199,50.52,50.5122,50.515,32978
2026-03-06 11:25:00,50.5169,50.52,50.51,50.515,17798
2026-03-06 11:30:00,50.515,50.52,50.515,50.52,1676
2026-03-06 11:35:00,50.52,50.52,50.51,50.515,7406
2026-03-06 11:40:00,50.5199,50.52,50.51,50.515,12602
2026-03-06 11:45:00,50.515,50.52,50.5116,50.5161,39117
2026-03-06 11:50:00,50.515,50.52,50.5116,50.52,6714
2026-03-06 11:55:00,50.5115,50.52,50.51,50.52,12191
2026-03-06 12:00:00,50.52,50.52,50.51,50.5101,11882
2026-03-06 12:05:00,50.5101,50.52,50.51,50.5118,83198
2026-03-06 12:10:00,50.5116,50.52,50.5101,50.52,7451
2026-03-06 12:15:00,50.5101,50.52,50.51,50.51,6201
2026-03-06 12:20:00,50.5199,50.52,50.518,50.52,14981
2026-03-06 12:25:00,50.52,50.52,50.51,50.51,3939
2026-03-06 12:30:00,50.5123,50.52,50.51,50.515,102244
2026-03-06 12:35:00,50.51,50.5199,50.51,50.5199,14148
2026-03-06 12:40:00,50.515,50.52,50.5101,50.52,6412
2026-03-06 12:45:00,50.5166,50.5198,50.515,50.515,5680
2026-03-06 12:50:00,50.5198,50.52,50.51,50.52,5861
2026-03-06 12:55:00,50.5116,50.52,50.5116,50.52,3986
2026-03-06 13:00:00,50.5199,50.52,50.5199,50.52,828
2026-03-06 13:05:00,50.5127,50.52,50.5115,50.5199,21574
2026-03-06 13:10:00,50.51,50.52,50.51,50.52,63901
2026-03-06 13:15:00,50.5199,50.52,50.515,50.515,7779
2026-03-06 13:20:00,50.5117,50.52,50.5116,50.5199,1442
2026-03-06 13:25:00,50.515,50.52,50.51,50.52,9050
2026-03-06 13:30:00,50.52,50.52,50.5101,50.5101,10039
2026-03-06 13:35:00,50.5199,50.52,50.515,50.52,8168
2026-03-06 13:40:00,50.5101,50.52,50.5101,50.5101,12308
2026-03-06 13:45:00,50.5199,50.52,50.5115,50.5116,20662
2026-03-06 13:50:00,50.515,50.52,50.515,50.515,547
2026-03-06 13:55:00,50.52,50.52,50.5101,50.5101,5274
2026-03-06 14:00:00,50.5116,50.52,50.5116,50.515,4107
2026-03-06 14:05:00,50.5196,50.52,50.515,50.5196,4005
2026-03-06 14:10:00,50.5187,50.52,50.515,50.5199,5447
2026-03-06 14:15:00,50.52,50.52,50.515,50.52,1560
2026-03-06 14:20:00,50.515,50.52,50.51,50.5199,7440
2026-03-06 14:25:00,50.5118,50.52,50.5101,50.5161,12116
2026-03-06 14:30:00,50.515,50.52,50.515,50.515,955
2026-03-06 14:35:00,50.52,50.52,50.5116,50.52,3069
2026-03-06 14:40:00,50.515,50.52,50.51,50.5101,4648
2026-03-06 14:45:00,50.5145,50.52,50.51,50.52,3770
2026-03-06 14:50:00,50.5199,50.52,50.5101,50.515,5021
2026-03-06 14:55:00,50.52,50.52,50.51,50.52,13471
2026-03-06 15:00:00,50.52,50.52,50.51,50.52,27975
2026-03-06 15:05:00,50.52,50.52,50.51,50.52,17800
2026-03-06 15:10:00,50.52,50.52,50.5196,50.52,6882
2026-03-06 15:15:00,50.5187,50.52,50.5101,50.52,14182
2026-03-06 15:20:00,50.52,50.52,50.5101,50.52,13164
2026-03-06 15:25:00,50.52,50.52,50.5143,50.52,5174
2026-03-06 15:30:00,50.52,50.52,50.5199,50.52,3053
2026-03-06 15:35:00,50.5199,50.52,50.5101,50.52,17044
2026-03-06 15:40:00,50.5115,50.52,50.5101,50.52,7766
2026-03-06 15:45:00,50.52,50.52,50.5127,50.515,23876
2026-03-06 15:50:00,50.515,50.52,50.5101,50.52,12791
2026-03-06 15:55:00,50.515,50.52,50.51,50.52,113112
2026-03-06 16:00:00,50.52,50.52,50.5198,50.52,5555
2026-03-06 16:05:00,50.52,50.52,50.52,50.52,3959
2026-03-06 16:10:00,50.51,50.51,50.51,50.51,1000
2026-03-06 16:20:00,50.52,50.52,50.5197,50.52,955
2026-03-06 16:55:00,50.52,50.52,50.5199,50.52,1200
2026-03-06 17:20:00,50.5113,50.52,50.5113,50.5199,2225
2026-03-06 17:35:00,50.51,50.51,50.51,50.51,177
2026-03-06 18:40:00,50.52,50.52,50.5195,50.5195,660
2026-03-06 19:55:00,50.51,50.5101,50.51,50.5101,2428
2026-03-09 05:55:00,50.52,50.52,50.52,50.52,303
2026-03-09 06:05:00,50.53,50.53,50.53,50.53,2079
2026-03-09 07:15:00,50.53,50.53,50.53,50.53,182
2026-03-09 07:20:00,50.53,50.53,50.53,50.53,285
2026-03-09 08:00:00,50.5299,50.5299,50.52,50.52,478
2026-03-09 08:15:00,50.52,50.52,50.52,50.52,500
2026-03-09 09:30:00,50.53,50.53,50.52,50.52,47656
2026-03-09 09:35:00,50.5201,50.53,50.5201,50.5273,9411
2026-03-09 09:40:00,50.53,50.53,50.52,50.53,29758
2026-03-09 09:45:00,50.5299,50.53,50.52,50.53,55244
2026-03-09 09:50:00,50.525,50.5285,50.52,50.525,13476
2026-03-09 09:55:00,50.525,50.53,50.52,50.525,16386
2026-03-09 10:00:00,50.5201,50.53,50.52,50.525,51219
2026-03-09 10:05:00,50.5212,50.53,50.52,50.5299,11564
2026-03-09 10:10:00,50.5219,50.53,50.52,50.525,23336
2026-03-09 10:15:00,50.525,50.53,50.52,50.53,18058
2026-03-09 10:20:00,50.53,50.53,50.52,50.525,61610
2026-03-09 10:25:00,50.53,50.53,50.5201,50.525,16008
2026-03-09 10:30:00,50.525,50.53,50.52,50.525,17485
2026-03-09 10:35:00,50.5201,50.53,50.52,50.525,1100
2026-03-09 10:40:00,50.5201,50.5297,50.52,50.5201,5191
2026-03-09 10:45:00,50.53,50.53,50.5201,50.5283,4205
2026-03-09 10:50:00,50.525,50.53,50.52,50.5283,52070
2026-03-09 10:55:00,50.525,50.525,50.52,50.5202,42731
2026-03-09 11:00:00,50.525,50.53,50.525,50.525,7339
2026-03-09 11:05:00,50.5201,50.5299,50.5201,50.525,38717
2026-03-09 11:10:00,50.52,50.53,50.52,50.525,4775
2026-03-09 11:15:00,50.5201,50.5285,50.52,50.525,15140
2026-03-09 11:20:00,50.52,50.525,50.52,50.525,4067
2026-03-09 11:25:00,50.5257,50.53,50.5202,50.5281,21768
2026-03-09 11:30:00,50.525,50.53,50.5202,50.525,3279
2026-03-09 11:35:00,50.525,50.5299,50.52,50.5202,14577
2026-03-09 11:40:00,50.53,50.53,50.52,50.52,14028
2026-03-09 11:45:00,50.5204,50.525,50.52,50.525,20729
2026-03-09 11:50:00,50.5202,50.53,50.52,50.525,334648
2026-03-09 11:55:00,50.525,50.5299,50.52,50.525,6394
2026-03-09 12:00:00,50.52,50.53,50.52,50.53,8235
2026-03-09 12:05:00,50.5201,50.5299,50.5201,50.5285,4854
2026-03-09 12:10:00,50.5203,50.525,50.52,50.525,8368
2026-03-09 12:15:00,50.52,50.53,50.52,50.52,3744
2026-03-09 12:20:00,50.525,50.5283,50.525,50.525,874
2026-03-09 12:25:00,50.525,50.53,50.52,50.5241,9017
2026-03-09 12:30:00,50.525,50.5281,50.52,50.525,3387
2026-03-09 12:35:00,50.525,50.5299,50.5201,50.5201,540
2026-03-09 12:40:00,50.5283,50.53,50.52,50.5201,7253
2026-03-09 12:45:00,50.525,50.53,50.52,50.52,27760
2026-03-09 12:50:00,50.521,50.53,50.52,50.5202,2669
2026-03-09 12:55:00,50.53,50.53,50.52,50.5201,1060
2026-03-09 13:00:00,50.53,50.53,50.52,50.5202,3595
2026-03-09 13:05:00,50.5284,50.53,50.5201,50.53,38748
2026-03-09 13:10:00,50.525,50.5299,50.525,50.5299,469
2026-03-09 13:15:00,50.525,50.525,50.52,50.525,2760
2026-03-09 13:20:00,50.52,50.53,50.52,50.525,3438
2026-03-09 13:25:00,50.525,50.53,50.52,50.52,13644
2026-03-09 13:30:00,50.5201,50.53,50.52,50.5266,10762
2026-03-09 13:35:00,50.525,50.53,50.52,50.525,7659
2026-03-09 13:40:00,50.5299,50.5299,50.52,50.525,4040
2026-03-09 13:45:00,50.53,50.53,50.525,50.5299,6681
2026-03-09 13:50:00,50.528,50.5285,50.528,50.5285,1101
2026-03-09 13:55:00,50.5284,50.53,50.525,50.525,27713
2026-03-09 14:00:00,50.5283,50.5283,50.52,50.525,2279
2026-03-09 14:05:00,50.525,50.53,50.5201,50.525,2800
2026-03-09 14:10:00,50.5286,50.53,50.52,50.525,127717
2026-03-09 14:15:00,50.53,50.53,50.5201,50.53,1561
2026-03-09 14:20:00,50.5299,50.53,50.52,50.53,1133
2026-03-09 14:25:00,50.53,50.53,50.52,50.53,3242
2026-03-09 14:30:00,50.52,50.53,50.52,50.53,4867
2026-03-09 14:35:00,50.525,50.53,50.52,50.525,6874
2026-03-09 14:40:00,50.5201,50.53,50.52,50.525,9360
2026-03-09 14:45:00,50.53,50.53,50.52,50.525,3984
2026-03-09 14:50:00,50.525,50.53,50.52,50.525,14855
2026-03-09 14:55:00,50.525,50.53,50.5201,50.5283,22454
2026-03-09 15:00:00,50.5299,50.53,50.52,50.529,5074
2026-03-09 15:05:00,50.5201,50.53,50.52,50.5201,9194
2026-03-09 15:10:00,50.53,50.53,50.5201,50.5201,1481
2026-03-09 15:15:00,50.5239,50.53,50.52,50.53,9660
2026-03-09 15:20:00,50.5201,50.53,50.52,50.525,8172
2026-03-09 15:25:00,50.5283,50.53,50.5202,50.53,13863
2026-03-09 15:30:00,50.525,50.53,50.52,50.525,10740
2026-03-09 15:35:00,50.53,50.53,50.5202,50.5243,8095
2026-03-09 15:40:00,50.53,50.53,50.52,50.525,199082
2026-03-09 15:45:00,50.525,50.53,50.5201,50.5216,9814
2026-03-09 15:50:00,50.525,50.53,50.52,50.53,25588
2026-03-09 15:55:00,50.53,50.53,50.52,50.53,61088
2026-03-09 16:00:00,50.52,50.53,50.52,50.53,9198
2026-03-09 16:10:00,50.52,50.52,50.52,50.52,300
2026-03-09 16:15:00,50.53,50.53,50.53,50.53,530
2026-03-09 16:20:00,50.53,50.53,50.53,50.53,395
2026-03-09 16:40:00,50.52,50.5297,50.52,50.5297,1175
2026-03-09 16:55:00,50.52,50.52,50.52,50.52,138
2026-03-09 17:05:00,50.53,50.53,50.5295,50.5298,5700
2026-03-09 17:10:00,50.53,50.53,50.5291,50.5295,15336
2026-03-09 18:10:00,50.5297,50.5297,50.5297,50.5297,150
2026-03-09 19:55:00,50.5299,50.5299,50.5299,50.5299,1280
2026-03-10 04:35:00,50.52,50.52,50.52,50.52,611
2026-03-10 08:00:00,50.5213,50.5213,50.5213,50.5213,450
2026-03-10 09:00:00,50.5203,50.5203,50.5202,50.5202,350
2026-03-10 09:10:00,50.52,50.52,50.52,50.52,118
2026-03-10 09:30:00,50.53,50.53,50.52,50.52,14056
2026-03-10 09:35:00,50.525,50.53,50.52,50.5288,20496
2026-03-10 09:40:00,50.53,50.53,50.52,50.525,19777
2026-03-10 09:45:00,50.53,50.53,50.52,50.5299,7127
2026-03-10 09:50:00,50.53,50.53,50.52,50.525,56876
2026-03-10 09:55:00,50.5299,50.5299,50.5216,50.5216,410
2026-03-10 10:00:00,50.5215,50.53,50.52,50.52,14814
2026-03-10 10:05:00,50.525,50.53,50.5241,50.53,1687
2026-03-10 10:10:00,50.525,50.53,50.52,50.53,9191
2026-03-10 10:15:00,50.5293,50.53,50.52,50.5299,66383
2026-03-10 10:20:00,50.525,50.53,50.52,50.5287,13067
2026-03-10 10:25:00,50.525,50.53,50.5217,50.53,16787
2026-03-10 10:30:00,50.5298,50.53,50.5201,50.5299,18942
2026-03-10 10:35:00,50.53,50.53,50.5201,50.5299,6327
2026-03-10 10:40:00,50.5201,50.53,50.5201,50.5299,14056
2026-03-10 10:45:00,50.53,50.53,50.52,50.5299,29854
2026-03-10 10:50:00,50.5295,50.53,50.5201,50.5255,14975
2026-03-10 10:55:00,50.53,50.53,50.52,50.523,12658
2026-03-10 11:00:00,50.5219,50.53,50.5219,50.53,3234
2026-03-10 11:05:00,50.5299,50.53,50.52,50.53,118373
2026-03-10 11:10:00,50.5299,50.53,50.5217,50.53,4234
2026-03-10 11:15:00,50.53,50.53,50.5217,50.525,28866
2026-03-10 11:20:00,50.5217,50.53,50.5217,50.525,5266
2026-03-10 11:25:00,50.525,50.53,50.525,50.53,4892
2026-03-10 11:30:00,50.53,50.53,50.52,50.5299,15746
2026-03-10 11:35:00,50.53,50.53,50.5217,50.53,3382
2026-03-10 11:40:00,50.5267,50.5299,50.52,50.5255,5233
2026-03-10 11:45:00,50.525,50.53,50.52,50.53,16016
2026-03-10 11:50:00,50.53,50.53,50.5242,50.5242,3442
2026-03-10 11:55:00,50.5217,50.5298,50.52,50.52,2904
2026-03-10 12:00:00,50.5299,50.53,50.5201,50.5221,3479
2026-03-10 12:05:00,50.5201,50.53,50.52,50.53,7420
2026-03-10 12:10:00,50.525,50.5299,50.52,50.5299,3394
2026-03-10 12:15:00,50.5219,50.53,50.5219,50.5261,1668
2026-03-10 12:20:00,50.529,50.53,50.52,50.53,19790
2026-03-10 12:25:00,50.53,50.53,50.5219,50.5219,40177
2026-03-10 12:30:00,50.53,50.53,50.5219,50.5219,8346
2026-03-10 12:35:00,50.53,50.53,50.5217,50.525,30301
2026-03-10 12:40:00,50.5201,50.53,50.52,50.52,16054
2026-03-10 12:45:00,50.53,50.53,50.53,50.53,9215
2026-03-10 12:50:00,50.53,50.53,50.529,50.5299,2568
2026-03-10 12:55:00,50.53,50.53,50.52,50.53,3101
2026-03-10 13:00:00,50.53,50.53,50.525,50.525,899
2026-03-10 13:05:00,50.525,50.53,50.52,50.53,15688
2026-03-10 13:10:00,50.5217,50.53,50.52,50.53,40809
2026-03-10 13:15:00,50.53,50.53,50.52,50.52,63799
2026-03-10 13:20:00,50.53,50.53,50.52,50.53,9558
2026-03-10 13:25:00,50.5219,50.53,50.5219,50.53,5700
2026-03-10 13:30:00,50.5201,50.53,50.52,50.53,17895
2026-03-10 13:35:00,50.53,50.53,50.52,50.525,19135
2026-03-10 13:40:00,50.53,50.53,50.52,50.53,30866
2026-03-10 13:45:00,50.53,50.53,50.52,50.5223,231781
2026-03-10 13:50:00,50.525,50.53,50.52,50.53,25897
2026-03-10 13:55:00,50.5299,50.53,50.5201,50.5219,14706
2026-03-10 14:00:00,50.5233,50.53,50.5233,50.53,30181
2026-03-10 14:05:00,50.525,50.53,50.52,50.53,7848
2026-03-10 14:10:00,50.5299,50.53,50.5219,50.53,3166
2026-03-10 14:15:00,50.53,50.53,50.5201,50.53,13797
2026-03-10 14:20:00,50.5298,50.53,50.521,50.53,19926
2026-03-10 14:25:00,50.53,50.53,50.52,50.53,10759
2026-03-10 14:30:00,50.53,50.53,50.52,50.53,11023
2026-03-10 14:35:00,50.525,50.53,50.5219,50.53,3451
2026-03-10 14:40:00,50.52,50.53,50.52,50.53,17664
2026-03-10 14:45:00,50.53,50.53,50.5219,50.53,50844
2026-03-10 14:50:00,50.53,50.53,50.5201,50.53,69648
2026-03-10 14:55:00,50.53,50.53,50.52,50.53,80155
2026-03-10 15:00:00,50.53,50.53,50.52,50.53,10942
2026-03-10 15:05:00,50.53,50.53,50.52,50.53,147543
2026-03-10 15:10:00,50.53,50.53,50.5201,50.53,45278
2026-03-10 15:15:00,50.53,50.53,50.52,50.53,22543
2026-03-10 15:20:00,50.522,50.53,50.52,50.5297,73744
2026-03-10 15:25:00,50.53,50.53,50.525,50.53,105726
2026-03-10 15:30:00,50.53,50.53,50.52,50.53,46985
2026-03-10 15:35:00,50.53,50.53,50.52,50.5298,51364
2026-03-10 15:40:00,50.53,50.53,50.52,50.53,47670
2026-03-10 15:45:00,50.53,50.53,50.5201,50.5299,67592
2026-03-10 15:50:00,50.5299,50.53,50.52,50.5298,89418
2026-03-10 15:55:00,50.5295,50.53,50.52,50.53,89262
2026-03-10 16:00:00,50.53,50.53,50.53,50.53,4471
2026-03-10 16:20:00,50.53,50.53,50.53,50.53,3215
2026-03-10 16:50:00,50.53,50.53,50.53,50.53,5400
2026-03-10 17:05:00,50.53,50.53,50.53,50.53,200
2026-03-10 17:45:00,50.53,50.53,50.53,50.53,556
2026-03-10 18:05:00,50.53,50.53,50.53,50.53,500
2026-03-10 19:05:00,50.53,50.53,50.53,50.53,700
2026-03-10 19:50:00,50.53,50.53,50.53,50.53,594
2026-03-11 04:45:00,50.53,50.53,50.53,50.53,498
2026-03-11 07:00:00,50.53,50.53,50.53,50.53,197
2026-03-11 09:30:00,50.53,50.54,50.53,50.53,119388
2026-03-11 09:35:00,50.535,50.54,50.53,50.535,15744
2026-03-11 09:40:00,50.54,50.54,50.53,50.53,979
2026-03-11 09:45:00,50.535,50.54,50.53,50.535,2313
2026-03-11 09:50:00,50.53,50.5302,50.53,50.5302,459
2026-03-11 09:55:00,50.5302,50.54,50.53,50.53,3179
2026-03-11 10:00:00,50.54,50.54,50.53,50.53,3286
2026-03-11 10:05:00,50.535,50.54,50.53,50.53,15214
2026-03-11 10:10:00,50.5302,50.5398,50.53,50.53,3766
2026-03-11 10:15:00,50.535,50.54,50.53,50.54,7821
2026-03-11 10:20:00,50.5302,50.54,50.53,50.54,10136
2026-03-11 10:25:00,50.5399,50.5399,50.53,50.5359,5771
2026-03-11 10:30:00,50.5339,50.5399,50.53,50.53,3920
2026-03-11 10:35:00,50.535,50.54,50.5301,50.535,3461
2026-03-11 10:40:00,50.535,50.5376,50.5301,50.5376,1294
2026-03-11 10:45:00,50.5399,50.5399,50.53,50.5399,3067
2026-03-11 10:50:00,50.535,50.5359,50.53,50.5359,3296
2026-03-11 10:55:00,50.5301,50.54,50.5301,50.5399,1361
2026-03-11 11:00:00,50.5392,50.54,50.53,50.5301,9121
2026-03-11 11:05:00,50.535,50.535,50.53,50.535,3181
2026-03-11 11:10:00,50.54,50.54,50.53,50.54,5842
2026-03-11 11:15:00,50.5301,50.54,50.53,50.5301,11954
2026-03-11 11:20:00,50.535,50.54,50.53,50.5302,20778
2026-03-11 11:25:00,50.5399,50.5399,50.53,50.535,2298
2026-03-11 11:30:00,50.53,50.54,50.53,50.53,1326
2026-03-11 11:35:00,50.5301,50.54,50.53,50.5301,5060
2026-03-11 11:40:00,50.5301,50.54,50.53,50.5302,4371
2026-03-11 11:45:00,50.5399,50.5399,50.53,50.535,5674
2026-03-11 11:50:00,50.5399,50.54,50.53,50.53,6375
2026-03-11 11:55:00,50.5302,50.54,50.5302,50.5399,7426
2026-03-11 12:00:00,50.54,50.54,50.535,50.535,23764
2026-03-11 12:05:00,50.54,50.54,50.53,50.5301,4771
2026-03-11 12:10:00,50.538,50.54,50.53,50.535,35601
2026-03-11 12:15:00,50.5397,50.54,50.53,50.54,5451
2026-03-11 12:20:00,50.535,50.535,50.5302,50.5302,2657
2026-03-11 12:25:00,50.5301,50.54,50.53,50.53,1925
2026-03-11 12:30:00,50.538,50.54,50.53,50.53,3150
2026-03-11 12:35:00,50.5301,50.535,50.53,50.535,1747
2026-03-11 12:40:00,50.53,50.54,50.53,50.5301,2636
2026-03-11 12:45:00,50.535,50.54,50.53,50.535,1058333
2026-03-11 12:50:00,50.53,50.54,50.53,50.535,16166
2026-03-11 12:55:00,50.535,50.5399,50.53,50.5301,9639
2026-03-11 13:00:00,50.535,50.54,50.535,50.535,455338
2026-03-11 13:05:00,50.5301,50.5351,50.53,50.53,698
2026-03-11 13:10:00,50.5399,50.54,50.53,50.53,1386
2026-03-11 13:15:00,50.5301,50.54,50.53,50.535,3979
2026-03-11 13:20:00,50.54,50.54,50.53,50.535,10130
2026-03-11 13:25:00,50.5301,50.54,50.53,50.54,10325
2026-03-11 13:30:00,50.535,50.54,50.53,50.54,2317
2026-03-11 13:35:00,50.5399,50.54,50.53,50.5301,9293
2026-03-11 13:40:00,50.54,50.54,50.53,50.535,3244
2026-03-11 13:45:00,50.54,50.54,50.53,50.5302,2662
2026-03-11 13:50:00,50.535,50.54,50.53,50.53,8005
2026-03-11 13:55:00,50.5399,50.5399,50.53,50.5399,2265
2026-03-11 14:00:00,50.5398,50.54,50.5301,50.54,12450
2026-03-11 14:05:00,50.5301,50.54,50.53,50.54,13096
2026-03-11 14:10:00,50.5301,50.54,50.53,50.535,2886
2026-03-11 14:15:00,50.53,50.54,50.53,50.535,17026
2026-03-11 14:20:00,50.54,50.54,50.5302,50.5399,1305
2026-03-11 14:25:00,50.535,50.54,50.5301,50.535,2563
2026-03-11 14:30:00,50.5302,50.54,50.5302,50.5302,12039
2026-03-11 14:35:00,50.54,50.54,50.53,50.54,7787
2026-03-11 14:40:00,50.535,50.54,50.535,50.5399,317
2026-03-11 14:45:00,50.535,50.54,50.53,50.54,16656
2026-03-11 14:50:00,50.54,50.54,50.53,50.54,23774
2026-03-11 14:55:00,50.54,50.54,50.5301,50.535,4709
2026-03-11 15:00:00,50.535,50.54,50.53,50.535,11033
2026-03-11 15:05:00,50.535,50.54,50.5302,50.54,8049
2026-03-11 15:10:00,50.538,50.54,50.5304,50.54,19083
2026-03-11 15:15:00,50.535,50.54,50.53,50.54,18730
2026-03-11 15:20:00,50.535,50.54,50.535,50.535,9168
2026-03-11 15:25:00,50.535,50.54,50.535,50.535,12547
2026-03-11 15:30:00,50.535,50.54,50.53,50.535,21270
2026-03-11 15:35:00,50.53,50.54,50.53,50.535,14652
2026-03-11 15:40:00,50.535,50.54,50.53,50.535,17710
2026-03-11 15:45:00,50.54,50.54,50.53,50.54,20092
2026-03-11 15:50:00,50.54,50.54,50.53,50.535,111744
2026-03-11 15:55:00,50.535,50.54,50.53,50.54,64334
2026-03-11 16:00:00,50.54,50.54,50.54,50.54,12843
2026-03-11 16:10:00,50.54,50.54,50.54,50.54,6102
2026-03-11 16:15:00,50.5399,50.5399,50.5399,50.5399,361
2026-03-11 17:35:00,50.54,50.54,50.54,50.54,4452
2026-03-11 18:00:00,50.54,50.54,50.5395,50.54,3920
2026-03-11 18:30:00,50.53,50.53,50.53,50.53,1000
2026-03-11 18:35:00,50.53,50.53,50.53,50.53,500
2026-03-11 18:40:00,50.53,50.53,50.53,50.53,500
2026-03-11 18:50:00,50.53,50.53,50.53,50.53,500
2026-03-11 19:00:00,50.54,50.54,50.5395,50.5399,3800
2026-03-11 19:50:00,50.5397,50.54,50.5395,50.54,9100
2026-03-12 08:00:00,50.71,50.71,50.71,50.71,618
2026-03-12 09:30:00,50.54,50.54,50.53,50.535,54206
2026-03-12 09:35:00,50.54,50.54,50.53,50.5345,8902
2026-03-12 09:40:00,50.54,50.54,50.54,50.54,2023
2026-03-12 09:45:00,50.535,50.54,50.535,50.54,2404
2026-03-12 09:50:00,50.53,50.54,50.53,50.54,4575
2026-03-12 09:55:00,50.535,50.54,50.53,50.54,15831
2026-03-12 10:00:00,50.54,50.54,50.53,50.5301,18866
2026-03-12 10:05:00,50.54,50.54,50.53,50.5399,26527
2026-03-12 10:10:00,50.5339,50.54,50.53,50.53,7225
2026-03-12 10:15:00,50.535,50.54,50.5301,50.54,12750
2026-03-12 10:20:00,50.54,50.54,50.535,50.54,10787
2026-03-12 10:25:00,50.5381,50.54,50.535,50.535,4769
2026-03-12 10:30:00,50.54,50.54,50.53,50.54,7462
2026-03-12 10:35:00,50.54,50.54,50.5315,50.535,95671
2026-03-12 10:40:00,50.5301,50.54,50.53,50.54,35120
2026-03-12 10:45:00,50.5301,50.54,50.53,50.54,6404
2026-03-12 10:50:00,50.5387,50.54,50.53,50.54,13816
2026-03-12 10:55:00,50.54,50.54,50.53,50.54,2897
2026-03-12 11:00:00,50.54,50.54,50.5355,50.54,1940
2026-03-12 11:05:00,50.535,50.54,50.53,50.54,16771
2026-03-12 11:10:00,50.54,50.54,50.53,50.54,36665
2026-03-12 11:15:00,50.54,50.54,50.53,50.5399,6840
2026-03-12 11:20:00,50.535,50.54,50.53,50.53,39697
2026-03-12 11:25:00,50.5334,50.54,50.53,50.5399,19276
2026-03-12 11:30:00,50.5332,50.54,50.53,50.5399,20523
2026-03-12 11:35:00,50.5355,50.54,50.5301,50.5399,12423
2026-03-12 11:40:00,50.537,50.54,50.53,50.5399,15278
2026-03-12 11:45:00,50.5315,50.54,50.53,50.54,9843
2026-03-12 11:50:00,50.534,50.54,50.53,50.54,5861
2026-03-12 11:55:00,50.5301,50.54,50.53,50.5399,11934
2026-03-12 12:00:00,50.54,50.54,50.5301,50.5301,5024
2026-03-12 12:05:00,50.54,50.54,50.53,50.54,18643
2026-03-12 12:10:00,50.5388,50.54,50.53,50.54,7462
2026-03-12 12:15:00,50.5399,50.54,50.53,50.53,12082
2026-03-12 12:20:00,50.54,50.54,50.53,50.53,10632
2026-03-12 12:25:00,50.54,50.54,50.53,50.53,3863
2026-03-12 12:30:00,50.5301,50.54,50.53,50.5301,10440
2026-03-12 12:35:00,50.535,50.54,50.53,50.54,27045
2026-03-12 12:40:00,50.5399,50.54,50.53,50.53,2534
2026-03-12 12:45:00,50.54,50.54,50.535,50.54,2606
2026-03-12 12:50:00,50.54,50.54,50.53,50.54,33652
2026-03-12 12:55:00,50.54,50.54,50.53,50.535,3961
2026-03-12 13:00:00,50.54,50.54,50.53,50.535,12496
2026-03-12 13:05:00,50.5383,50.54,50.5301,50.54,17978
2026-03-12 13:10:00,50.5385,50.54,50.535,50.54,8389
2026-03-12 13:15:00,50.54,50.54,50.53,50.54,15120
2026-03-12 13:20:00,50.54,50.54,50.53,50.53,33493
2026-03-12 13:25:00,50.5399,50.54,50.5301,50.54,3440
2026-03-12 13:30:00,50.5399,50.54,50.53,50.54,2894
2026-03-12 13:35:00,50.54,50.54,50.535,50.54,8810
2026-03-12 13:40:00,50.54,50.54,50.53,50.5399,38268
2026-03-12 13:45:00,50.53,50.54,50.53,50.54,17376
2026-03-12 13:50:00,50.5364,50.54,50.53,50.54,7626
2026-03-12 13:55:00,50.535,50.54,50.5301,50.5376,17485
2026-03-12 14:00:00,50.5399,50.54,50.53,50.54,10051
2026-03-12 14:05:00,50.54,50.54,50.53,50.54,181370
2026-03-12 14:10:00,50.54,50.54,50.5301,50.54,79615
2026-03-12 14:15:00,50.53,50.54,50.53,50.54,5372
2026-03-12 14:20:00,50.54,50.54,50.53,50.54,14729
2026-03-12 14:25:00,50.53,50.54,50.53,50.5336,2854
2026-03-12 14:30:00,50.5301,50.54,50.53,50.535,10263
2026-03-12 14:35:00,50.54,50.54,50.53,50.5399,39009
2026-03-12 14:40:00,50.54,50.54,50.5301,50.54,115577
2026-03-12 14:45:00,50.54,50.54,50.53,50.5323,193059
2026-03-12 14:50:00,50.5399,50.54,50.5301,50.54,24168
2026-03-12 14:55:00,50.5399,50.54,50.535,50.5399,12088
2026-03-12 15:00:00,50.5301,50.54,50.5301,50.535,20426
2026-03-12 15:05:00,50.54,50.54,50.53,50.535,10238
2026-03-12 15:10:00,50.54,50.54,50.53,50.5399,7482
2026-03-12 15:15:00,50.5399,50.54,50.53,50.54,18122
2026-03-12 15:20:00,50.535,50.54,50.5343,50.535,2713
2026-03-12 15:25:00,50.5366,50.54,50.5301,50.5365,12505
2026-03-12 15:30:00,50.54,50.54,50.5302,50.5397,210668
2026-03-12 15:35:00,50.54,50.55,50.5377,50.5499,223235
2026-03-12 15:40:00,50.545,50.55,50.54,50.5492,373036
2026-03-12 15:45:00,50.5499,50.55,50.54,50.545,133460
2026-03-12 15:50:00,50.545,50.55,50.54,50.545,537690
2026-03-12 15:55:00,50.545,50.55,50.54,50.55,301397
2026-03-12 16:00:00,50.55,50.55,50.5482,50.5482,5202
2026-03-12 16:30:00,50.5413,50.5413,50.5413,50.5413,415
2026-03-12 16:50:00,50.55,50.55,50.5495,50.5495,796
2026-03-12 16:55:00,50.55,50.55,50.5495,50.5495,2390
2026-03-12 17:10:00,50.5401,50.5498,50.5401,50.5498,1748
2026-03-12 17:25:00,50.5499,50.5499,50.5499,50.5499,717
2026-03-12 17:50:00,50.5499,50.55,50.5495,50.5499,14438
2026-03-12 18:45:00,50.55,50.55,50.55,50.55,400
2026-03-12 19:55:00,50.54,50.54,50.54,50.54,283
2026-03-13 07:55:00,50.555,50.555,50.555,50.555,172
2026-03-13 08:00:00,50.63,50.63,50.63,50.63,548
2026-03-13 08:10:00,50.555,50.555,50.555,50.555,500
2026-03-13 08:15:00,50.55,50.55,50.55,50.55,250
2026-03-13 09:30:00,50.56,50.56,50.55,50.5599,47346
2026-03-13 09:35:00,50.555,50.56,50.55,50.555,12763
2026-03-13 09:40:00,50.555,50.56,50.55,50.5599,21477
2026-03-13 09:45:00,50.56,50.56,50.55,50.555,10365
2026-03-13 09:50:00,50.5501,50.56,50.55,50.5501,2406
2026-03-13 09:55:00,50.55,50.56,50.55,50.55,11682
2026-03-13 10:00:00,50.5501,50.56,50.5501,50.56,67761
2026-03-13 10:05:00,50.56,50.56,50.5501,50.555,64521
2026-03-13 10:10:00,50.56,50.56,50.55,50.5585,91017
2026-03-13 10:15:00,50.56,50.56,50.5501,50.56,3842
2026-03-13 10:20:00,50.56,50.56,50.55,50.555,11470
2026-03-13 10:25:00,50.5567,50.56,50.55,50.56,54707
2026-03-13 10:30:00,50.56,50.56,50.55,50.5597,18895
2026-03-13 10:35:00,50.56,50.56,50.555,50.555,4206
2026-03-13 10:40:00,50.555,50.56,50.55,50.56,17095
2026-03-13 10:45:00,50.555,50.56,50.55,50.56,9128
2026-03-13 10:50:00,50.56,50.56,50.5501,50.56,10875
2026-03-13 10:55:00,50.5599,50.56,50.55,50.56,8759
2026-03-13 11:00:00,50.5599,50.56,50.55,50.5599,44114
2026-03-13 11:05:00,50.56,50.56,50.5522,50.555,584
2026-03-13 11:10:00,50.5599,50.56,50.55,50.56,6150
2026-03-13 11:15:00,50.56,50.56,50.55,50.56,2807
2026-03-13 11:20:00,50.56,50.56,50.55,50.55,17446
2026-03-13 11:25:00,50.56,50.56,50.55,50.56,8917
2026-03-13 11:30:00,50.56,50.56,50.5501,50.5598,4012
2026-03-13 11:35:00,50.56,50.56,50.55,50.555,1548
2026-03-13 11:40:00,50.56,50.56,50.5501,50.56,21642
2026-03-13 11:45:00,50.5599,50.56,50.55,50.56,32657
2026-03-13 11:50:00,50.56,50.56,50.55,50.55,49109
2026-03-13 11:55:00,50.56,50.56,50.5501,50.555,15306
2026-03-13 12:00:00,50.56,50.56,50.55,50.56,11379
2026-03-13 12:05:00,50.56,50.56,50.55,50.555,8708
2026-03-13 12:10:00,50.56,50.56,50.5501,50.5501,4480
2026-03-13 12:15:00,50.56,50.56,50.5599,50.56,4539
2026-03-13 12:20:00,50.56,50.56,50.5599,50.5599,13840
2026-03-13 12:25:00,50.56,50.56,50.555,50.56,1242
2026-03-13 12:30:00,50.555,50.56,50.555,50.56,25602
2026-03-13 12:35:00,50.56,50.56,50.55,50.5501,16567
2026-03-13 12:40:00,50.56,50.56,50.55,50.56,22294
2026-03-13 12:45:00,50.5599,50.56,50.55,50.56,10657
2026-03-13 12:50:00,50.5599,50.56,50.55,50.5599,9600
2026-03-13 12:55:00,50.56,50.56,50.55,50.56,9978
2026-03-13 13:00:00,50.5599,50.56,50.55,50.5599,14044
2026-03-13 13:05:00,50.555,50.56,50.55,50.56,11440
2026-03-13 13:10:00,50.5576,50.56,50.5501,50.5599,5999
2026-03-13 13:15:00,50.56,50.56,50.556,50.56,28500
2026-03-13 13:20:00,50.56,50.56,50.555,50.56,11077
2026-03-13 13:25:00,50.556,50.56,50.555,50.56,299881
2026-03-13 13:30:00,50.56,50.56,50.55,50.5599,8897
2026-03-13 13:35:00,50.5505,50.56,50.55,50.5501,13743
2026-03-13 13:40:00,50.5599,50.56,50.5501,50.56,19743
2026-03-13 13:45:00,50.555,50.56,50.55,50.5501,12530
2026-03-13 13:50:00,50.56,50.56,50.5567,50.5567,6186
2026-03-13 13:55:00,50.56,50.56,50.55,50.56,11746
2026-03-13 14:00:00,50.56,50.56,50.5501,50.56,6471
2026-03-13 14:05:00,50.56,50.56,50.5514,50.5599,14070
2026-03-13 14:10:00,50.5599,50.56,50.5501,50.555,52692
2026-03-13 14:15:00,50.56,50.56,50.55,50.55,5565
2026-03-13 14:20:00,50.56,50.56,50.55,50.5599,15782
2026-03-13 14:25:00,50.56,50.56,50.555,50.56,12951
2026-03-13 14:30:00,50.5501,50.56,50.55,50.555,17740
2026-03-13 14:35:00,50.56,50.56,50.55,50.555,12318
2026-03-13 14:40:00,50.5599,50.56,50.5558,50.56,1840
2026-03-13 14:45:00,50.56,50.56,50.5534,50.5534,4968
2026-03-13 14:50:00,50.56,50.56,50.5515,50.56,8187
2026-03-13 14:55:00,50.56,50.56,50.55,50.56,25353
2026-03-13 15:00:00,50.5599,50.56,50.5534,50.5534,887
2026-03-13 15:05:00,50.56,50.56,50.55,50.555,28140
2026-03-13 15:10:00,50.555,50.56,50.5526,50.56,4955
2026-03-13 15:15:00,50.5587,50.56,50.55,50.5501,23605
2026-03-13 15:20:00,50.56,50.56,50.5501,50.5561,3726
2026-03-13 15:25:00,50.5512,50.56,50.5512,50.555,20778
2026-03-13 15:30:00,50.56,50.56,50.5501,50.5599,235434
2026-03-13 15:35:00,50.5598,50.56,50.5501,50.56,16792
2026-03-13 15:40:00,50.56,50.56,50.55,50.55,19277
2026-03-13 15:45:00,50.555,50.56,50.5501,50.56,16051
2026-03-13 15:50:00,50.56,50.56,50.555,50.5599,31556
2026-03-13 15:55:00,50.56,50.56,50.5501,50.56,102687
2026-03-13 16:00:00,50.56,50.56,50.55,50.55,6948
2026-03-13 16:05:00,50.5501,50.5501,50.5501,50.5501,150
2026-03-13 16:10:00,50.555,50.5597,50.555,50.5597,404
2026-03-13 16:25:00,50.56,50.56,50.56,50.56,200
2026-03-13 17:30:00,50.5598,50.5598,50.5598,50.5598,500
2026-03-13 18:30:00,50.5582,50.5585,50.5582,50.5585,305
2026-03-13 18:40:00,50.555,50.5599,50.555,50.5599,1070
2026-03-13 18:55:00,50.5583,50.5583,50.5583,50.5583,100
2026-03-13 19:25:00,50.5503,50.5518,50.5503,50.5513,8299
2026-03-13 19:30:00,50.5501,50.5501,50.5501,50.5501,300
2026-03-16 05:20:00,50.56,50.56,50.56,50.56,340
2026-03-16 05:40:00,50.555,50.555,50.555,50.555,100
2026-03-16 08:00:00,50.5513,50.5513,50.5513,50.5513,1000
2026-03-16 08:10:00,50.5509,50.56,50.5509,50.56,704
2026-03-16 08:15:00,50.56,50.56,50.56,50.56,200
2026-03-16 08:40:00,50.5503,50.5503,50.5503,50.5503,1967
2026-03-16 08:50:00,50.5597,50.5597,50.5597,50.5597,228
2026-03-16 08:55:00,50.5518,50.5518,50.5518,50.5518,500
2026-03-16 09:05:00,50.56,50.56,50.56,50.56,1200
2026-03-16 09:15:00,50.56,50.56,50.5595,50.5595,11060
2026-03-16 09:30:00,50.56,50.56,50.555,50.56,28706
2026-03-16 09:35:00,50.5501,50.56,50.5501,50.555,8292
2026-03-16 09:40:00,50.552,50.56,50.5501,50.5599,11195
2026-03-16 09:45:00,50.56,50.56,50.5501,50.56,20460
2026-03-16 09:50:00,50.56,50.56,50.5525,50.56,15484
2026-03-16 09:55:00,50.552,50.56,50.552,50.555,9926
2026-03-16 10:00:00,50.5597,50.56,50.55,50.56,6865
2026-03-16 10:05:00,50.56,50.56,50.552,50.56,10786
2026-03-16 10:10:00,50.5508,50.56,50.55,50.55,16497
2026-03-16 10:15:00,50.56,50.56,50.5501,50.5599,12115
2026-03-16 10:20:00,50.5599,50.57,50.5533,50.5699,102383
2026-03-16 10:25:00,50.57,50.57,50.56,50.565,9396
2026-03-16 10:30:00,50.565,50.57,50.56,50.5685,10990
2026-03-16 10:35:00,50.5619,50.57,50.56,50.565,8228
2026-03-16 10:40:00,50.57,50.57,50.56,50.5692,4912
2026-03-16 10:45:00,50.565,50.57,50.56,50.57,69602
2026-03-16 10:50:00,50.56,50.57,50.56,50.565,12488
2026-03-16 10:55:00,50.57,50.57,50.56,50.56,5407
2026-03-16 11:00:00,50.5699,50.57,50.5601,50.5699,3182
2026-03-16 11:05:00,50.57,50.57,50.5601,50.565,30337
2026-03-16 11:10:00,50.565,50.57,50.56,50.57,62470
2026-03-16 11:15:00,50.565,50.57,50.5601,50.5601,2041
2026-03-16 11:20:00,50.5601,50.57,50.5601,50.565,14766
2026-03-16 11:25:00,50.565,50.57,50.565,50.565,14761
2026-03-16 11:30:00,50.565,50.57,50.56,50.5699,37471
2026-03-16 11:35:00,50.565,50.57,50.56,50.5699,16091
2026-03-16 11:40:00,50.565,50.57,50.56,50.565,14024
2026-03-16 11:45:00,50.565,50.57,50.56,50.5601,22872
2026-03-16 11:50:00,50.56,50.57,50.56,50.565,27678
2026-03-16 11:55:00,50.57,50.57,50.565,50.565,12407
2026-03-16 12:00:00,50.565,50.57,50.5601,50.5601,9134
2026-03-16 12:05:00,50.5601,50.57,50.5601,50.565,5426
2026-03-16 12:10:00,50.5687,50.57,50.56,50.56,8894
2026-03-16 12:15:00,50.5601,50.5699,50.5601,50.565,3075
2026-03-16 12:20:00,50.56,50.57,50.56,50.565,6207
2026-03-16 12:25:00,50.5698,50.57,50.56,50.57,6999
2026-03-16 12:30:00,50.564,50.57,50.56,50.57,4181
2026-03-16 12:35:00,50.5601,50.57,50.5601,50.565,2690
2026-03-16 12:40:00,50.57,50.57,50.565,50.566,6756
2026-03-16 12:45:00,50.564,50.57,50.56,50.565,8604
2026-03-16 12:50:00,50.57,50.57,50.56,50.564,7417
2026-03-16 12:55:00,50.57,50.57,50.5601,50.5601,16098
2026-03-16 13:00:00,50.5696,50.57,50.56,50.5601,11875
2026-03-16 13:05:00,50.57,50.57,50.56,50.565,20901
2026-03-16 13:10:00,50.57,50.57,50.56,50.57,19143
2026-03-16 13:15:00,50.564,50.57,50.56,50.565,14010
2026-03-16 13:20:00,50.5697,50.57,50.56,50.57,50289
2026-03-16 13:25:00,50.57,50.57,50.565,50.57,11552
2026-03-16 13:30:00,50.57,50.57,50.56,50.56,9184
2026-03-16 13:35:00,50.5615,50.57,50.56,50.5601,35395
2026-03-16 13:40:00,50.5697,50.57,50.565,50.566,3187
2026-03-16 13:45:00,50.5601,50.57,50.5601,50.57,2245
2026-03-16 13:50:00,50.5699,50.57,50.5601,50.565,8357
2026-03-16 13:55:00,50.57,50.57,50.5601,50.5699,6675
2026-03-16 14:00:00,50.565,50.57,50.565,50.57,27247
2026-03-16 14:05:00,50.5698,50.57,50.5601,50.57,63813
2026-03-16 14:10:00,50.5699,50.57,50.5601,50.5601,6627
2026-03-16 14:15:00,50.565,50.5699,50.5601,50.565,2243
2026-03-16 14:20:00,50.565,50.57,50.565,50.565,1810
2026-03-16 14:25:00,50.565,50.57,50.5601,50.5601,6569
2026-03-16 14:30:00,50.5669,50.57,50.56,50.57,3960
2026-03-16 14:35:00,50.565,50.57,50.56,50.57,48738
2026-03-16 14:40:00,50.565,50.57,50.56,50.565,8054
2026-03-16 14:45:00,50.57,50.57,50.56,50.57,7800
2026-03-16 14:50:00,50.57,50.57,50.56,50.565,21252
2026-03-16 14:55:00,50.5699,50.57,50.56,50.565,32491
2026-03-16 15:00:00,50.5699,50.57,50.56,50.57,10430
2026-03-16 15:05:00,50.5699,50.57,50.56,50.57,9766
2026-03-16 15:10:00,50.57,50.57,50.5601,50.565,6948
2026-03-16 15:15:00,50.56,50.57,50.56,50.565,13225
2026-03-16 15:20:00,50.57,50.57,50.56,50.565,7811
2026-03-16 15:25:00,50.565,50.57,50.56,50.5655,44257
2026-03-16 15:30:00,50.57,50.57,50.56,50.565,6591
2026-03-16 15:35:00,50.565,50.57,50.56,50.5699,17337
2026-03-16 15:40:00,50.565,50.57,50.5601,50.565,14479
2026-03-16 15:45:00,50.565,50.57,50.56,50.565,31694
2026-03-16 15:50:00,50.565,50.57,50.56,50.565,88696
2026-03-16 15:55:00,50.565,50.57,50.56,50.57,36364
2026-03-16 16:00:00,50.57,50.57,50.5695,50.5695,5769
2026-03-16 16:05:00,50.56,50.56,50.56,50.56,106
2026-03-16 16:30:00,50.5699,50.5699,50.5699,50.5699,7336
2026-03-16 17:00:00,50.57,50.57,50.5682,50.5682,23794
2026-03-16 18:40:00,50.57,50.57,50.57,50.57,100
2026-03-17 07:00:00,50.58,50.58,50.58,50.58,480
2026-03-17 09:30:00,50.57,50.58,50.57,50.57,20654
2026-03-17 09:35:00,50.575,50.58,50.57,50.575,6945
2026-03-17 09:40:00,50.5701,50.5799,50.57,50.57,7589
2026-03-17 09:45:00,50.57,50.5799,50.57,50.575,9382
2026-03-17 09:50:00,50.575,50.5797,50.57,50.575,5303
2026-03-17 09:55:00,50.58,50.58,50.57,50.57,4165
2026-03-17 10:00:00,50.575,50.58,50.57,50.575,4900
2026-03-17 10:05:00,50.575,50.58,50.57,50.576,5663
2026-03-17 10:10:00,50.575,50.58,50.57,50.5701,4442
2026-03-17 10:15:00,50.575,50.5799,50.575,50.5799,958
2026-03-17 10:20:00,50.57,50.58,50.57,50.57,2585
2026-03-17 10:25:00,50.57,50.5799,50.57,50.575,3674
2026-03-17 10:30:00,50.58,50.58,50.57,50.575,31574
2026-03-17 10:35:00,50.575,50.58,50.57,50.57,29263
2026-03-17 10:40:00,50.5739,50.58,50.57,50.575,2394
2026-03-17 10:45:00,50.575,50.5799,50.57,50.5701,11794
2026-03-17 10:50:00,50.5799,50.58,50.57,50.57,13024
2026-03-17 10:55:00,50.575,50.58,50.57,50.57,6387
2026-03-17 11:00:00,50.58,50.58,50.57,50.58,35420
2026-03-17 11:05:00,50.57,50.5761,50.57,50.57,11919
2026-03-17 11:10:00,50.575,50.58,50.57,50.575,17827
2026-03-17 11:15:00,50.57,50.58,50.57,50.575,22681
2026-03-17 11:20:00,50.575,50.58,50.57,50.57,17480
2026-03-17 11:25:00,50.575,50.5799,50.57,50.575,7324
2026-03-17 11:30:00,50.5701,50.574,50.57,50.57,2239
2026-03-17 11:35:00,50.575,50.575,50.5702,50.5702,700
2026-03-17 11:40:00,50.58,50.58,50.57,50.5701,8240
2026-03-17 11:45:00,50.574,50.58,50.57,50.57,15681
2026-03-17 11:50:00,50.575,50.575,50.57,50.57,1947
2026-03-17 11:55:00,50.5762,50.58,50.57,50.574,2416
2026-03-17 12:00:00,50.575,50.5799,50.5702,50.575,1360
2026-03-17 12:05:00,50.5765,50.58,50.57,50.575,9290
2026-03-17 12:10:00,50.575,50.58,50.57,50.58,34554
2026-03-17 12:15:00,50.58,50.58,50.57,50.58,16134
2026-03-17 12:20:00,50.5701,50.5702,50.5701,50.5702,515
2026-03-17 12:25:00,50.58,50.58,50.57,50.575,2830
2026-03-17 12:30:00,50.575,50.58,50.5701,50.58,12753
2026-03-17 12:35:00,50.575,50.58,50.57,50.58,3299
2026-03-17 12:40:00,50.57,50.579,50.57,50.575,2135
2026-03-17 12:45:00,50.575,50.58,50.5701,50.5702,3343
2026-03-17 12:50:00,50.575,50.58,50.5701,50.5702,4636
2026-03-17 12:55:00,50.575,50.58,50.57,50.5701,2004
2026-03-17 13:00:00,50.58,50.58,50.57,50.5799,885
2026-03-17 13:05:00,50.5763,50.5799,50.57,50.57,12204
2026-03-17 13:10:00,50.575,50.58,50.57,50.58,1017
2026-03-17 13:15:00,50.575,50.575,50.5701,50.5701,497
2026-03-17 13:20:00,50.5723,50.58,50.57,50.57,74091
2026-03-17 13:25:00,50.575,50.58,50.575,50.58,2381
2026-03-17 13:30:00,50.575,50.58,50.57,50.5799,18218
2026-03-17 13:35:00,50.575,50.5798,50.57,50.575,11448
2026-03-17 13:40:00,50.575,50.58,50.5702,50.575,8072
2026-03-17 13:45:00,50.5799,50.58,50.57,50.5765,224884
2026-03-17 13:50:00,50.575,50.58,50.57,50.575,54667
2026-03-17 13:55:00,50.5755,50.5755,50.575,50.575,3732
2026-03-17 14:00:00,50.5789,50.5789,50.57,50.57,7698
2026-03-17 14:05:00,50.575,50.58,50.57,50.57,11187
2026-03-17 14:10:00,50.57,50.575,50.57,50.57,14506
2026-03-17 14:15:00,50.58,50.58,50.57,50.58,5685
2026-03-17 14:20:00,50.5701,50.58,50.57,50.57,9491
2026-03-17 14:25:00,50.5799,50.58,50.57,50.58,96562
2026-03-17 14:30:00,50.57,50.58,50.57,50.575,18046
2026-03-17 14:35:00,50.57,50.58,50.57,50.58,20346
2026-03-17 14:40:00,50.5702,50.58,50.57,50.57,7286
2026-03-17 14:45:00,50.57,50.58,50.57,50.57,16199
2026-03-17 14:50:00,50.57,50.58,50.57,50.57,8482
2026-03-17 14:55:00,50.57,50.58,50.57,50.57,16094
2026-03-17 15:00:00,50.5702,50.58,50.57,50.5701,3291
2026-03-17 15:05:00,50.57,50.5766,50.57,50.575,7615
2026-03-17 15:10:00,50.575,50.58,50.57,50.57,2818
2026-03-17 15:15:00,50.5799,50.58,50.57,50.5759,21296
2026-03-17 15:20:00,50.5702,50.58,50.57,50.58,15823
2026-03-17 15:25:00,50.575,50.5799,50.5701,50.575,1037
2026-03-17 15:30:00,50.5799,50.5799,50.57,50.57,6384
2026-03-17 15:35:00,50.575,50.58,50.57,50.571,20173
2026-03-17 15:40:00,50.57,50.58,50.57,50.575,5115
2026-03-17 15:45:00,50.5702,50.58,50.57,50.575,4669
2026-03-17 15:50:00,50.57,50.58,50.57,50.57,21381
2026-03-17 15:55:00,50.5799,50.58,50.57,50.58,34691
2026-03-17 16:00:00,50.57,50.58,50.57,50.58,3461
2026-03-17 16:25:00,50.5787,50.5787,50.5787,50.5787,336
2026-03-17 17:40:00,50.5713,50.5713,50.5713,50.5713,120
2026-03-17 18:15:00,50.5701,50.5701,50.5701,50.5701,140
2026-03-17 19:55:00,50.575,50.575,50.5702,50.575,4700
2026-03-18 04:05:00,50.57,50.57,50.57,50.57,2000
2026-03-18 08:00:00,50.5703,50.5703,50.5703,50.5703,100
2026-03-18 08:45:00,50.5703,50.5703,50.5703,50.5703,200
2026-03-18 08:50:00,50.5702,50.5702,50.5702,50.5702,100
2026-03-18 09:30:00,50.57,50.58,50.57,50.5771,101613
2026-03-18 09:35:00,50.5701,50.575,50.57,50.5701,6201
2026-03-18 09:40:00,50.5701,50.58,50.57,50.5701,18838
2026-03-18 09:45:00,50.57,50.58,50.57,50.575,6001
2026-03-18 09:50:00,50.5701,50.575,50.57,50.575,22355
2026-03-18 09:55:00,50.575,50.58,50.57,50.575,17330
2026-03-18 10:00:00,50.5702,50.58,50.57,50.57,30092
2026-03-18 10:05:00,50.5799,50.5799,50.57,50.57,9427
2026-03-18 10:10:00,50.57,50.58,50.57,50.58,5388
2026-03-18 10:15:00,50.5701,50.575,50.5701,50.575,6806
2026-03-18 10:20:00,50.5701,50.5701,50.5701,50.5701,295
2026-03-18 10:25:00,50.57,50.5755,50.57,50.575,143997
2026-03-18 10:30:00,50.575,50.58,50.57,50.58,70241
2026-03-18 10:35:00,50.58,50.58,50.57,50.5766,2878
2026-03-18 10:40:00,50.575,50.58,50.575,50.58,14214
2026-03-18 10:45:00,50.571,50.58,50.5701,50.5701,3752
2026-03-18 10:50:00,50.5799,50.58,50.57,50.5723,4394
2026-03-18 10:55:00,50.575,50.5796,50.57,50.5701,2136
2026-03-18 11:00:00,50.5799,50.58,50.57,50.57,6417
2026-03-18 11:05:00,50.5797,50.5797,50.5701,50.575,15866
2026-03-18 11:10:00,50.578,50.58,50.57,50.5799,27569
2026-03-18 11:15:00,50.575,50.5755,50.57,50.57,2819
2026-03-18 11:20:00,50.5701,50.58,50.57,50.58,2825
2026-03-18 11:25:00,50.5794,50.58,50.57,50.575,19644
2026-03-18 11:30:00,50.5701,50.58,50.57,50.575,26901
2026-03-18 11:35:00,50.5701,50.58,50.57,50.5741,14918
2026-03-18 11:40:00,50.5797,50.58,50.57,50.575,5949
2026-03-18 11:45:00,50.576,50.58,50.57,50.58,25449
2026-03-18 11:50:00,50.576,50.58,50.575,50.58,6228
2026-03-18 11:55:00,50.575,50.58,50.57,50.575,1836
2026-03-18 12:00:00,50.5701,50.5755,50.57,50.57,2073
2026-03-18 12:05:00,50.5781,50.58,50.57,50.57,8542
2026-03-18 12:10:00,50.575,50.58,50.57,50.5701,5874
2026-03-18 12:15:00,50.57,50.58,50.57,50.58,5611
2026-03-18 12:20:00,50.575,50.575,50.57,50.575,1499
2026-03-18 12:25:00,50.5799,50.5799,50.57,50.575,7982
2026-03-18 12:30:00,50.5755,50.5755,50.57,50.57,4570
2026-03-18 12:35:00,50.58,50.58,50.57,50.575,13092
2026-03-18 12:40:00,50.58,50.58,50.57,50.5701,5687
2026-03-18 12:45:00,50.575,50.58,50.57,50.575,31458
2026-03-18 12:50:00,50.574,50.58,50.57,50.575,7127
2026-03-18 12:55:00,50.575,50.575,50.575,50.575,858
2026-03-18 13:00:00,50.575,50.58,50.57,50.57,4272
2026-03-18 13:05:00,50.575,50.58,50.57,50.57,11597
2026-03-18 13:10:00,50.5799,50.58,50.57,50.58,14357
2026-03-18 13:15:00,50.575,50.58,50.5701,50.58,2014
2026-03-18 13:20:00,50.58,50.58,50.5701,50.575,3279
2026-03-18 13:25:00,50.57,50.58,50.57,50.58,87696
2026-03-18 13:30:00,50.58,50.58,50.57,50.575,10176
2026-03-18 13:35:00,50.5701,50.58,50.57,50.5799,1801
2026-03-18 13:40:00,50.575,50.58,50.57,50.58,2629
2026-03-18 13:45:00,50.575,50.58,50.57,50.58,6362
2026-03-18 13:50:00,50.576,50.5799,50.57,50.5799,14231
2026-03-18 13:55:00,50.57,50.58,50.57,50.58,12872
2026-03-18 14:00:00,50.5799,50.58,50.57,50.58,3880
2026-03-18 14:05:00,50.575,50.58,50.57,50.5799,3583
2026-03-18 14:10:00,50.575,50.58,50.57,50.575,39209
2026-03-18 14:15:00,50.58,50.58,50.57,50.58,7705
2026-03-18 14:20:00,50.574,50.58,50.57,50.5799,21506
2026-03-18 14:25:00,50.5799,50.58,50.575,50.575,42386
2026-03-18 14:30:00,50.5799,50.5799,50.57,50.57,2184
2026-03-18 14:35:00,50.575,50.58,50.57,50.58,3960
2026-03-18 14:40:00,50.575,50.5799,50.575,50.5799,721
2026-03-18 14:45:00,50.57,50.58,50.57,50.575,4608
2026-03-18 14:50:00,50.575,50.58,50.57,50.5702,23731
2026-03-18 14:55:00,50.575,50.58,50.5701,50.58,5035
2026-03-18 15:00:00,50.58,50.58,50.57,50.5756,6648
2026-03-18 15:05:00,50.5756,50.5799,50.57,50.5781,3889
2026-03-18 15:10:00,50.575,50.58,50.57,50.575,18659
2026-03-18 15:15:00,50.575,50.58,50.57,50.575,8301
2026-03-18 15:20:00,50.58,50.58,50.5701,50.5701,5510
2026-03-18 15:25:00,50.575,50.58,50.57,50.575,9221
2026-03-18 15:30:00,50.5724,50.5799,50.57,50.575,10170
2026-03-18 15:35:00,50.575,50.58,50.5701,50.575,13647
2026-03-18 15:40:00,50.57,50.58,50.57,50.58,18519
2026-03-18 15:45:00,50.5701,50.58,50.5701,50.576,9957
2026-03-18 15:50:00,50.5799,50.58,50.5701,50.5799,62365
2026-03-18 15:55:00,50.575,50.58,50.57,50.575,19524
2026-03-18 16:00:00,50.57,50.5701,50.57,50.5701,1283
2026-03-18 16:20:00,50.57,50.57,50.57,50.57,1000
2026-03-18 16:45:00,50.5713,50.5713,50.5713,50.5713,100
2026-03-18 17:15:00,50.57,50.57,50.57,50.57,200
2026-03-18 17:45:00,50.5787,50.5787,50.5787,50.5787,400
2026-03-18 17:55:00,50.57,50.57,50.57,50.57,900
2026-03-18 18:45:00,50.5713,50.5713,50.5702,50.5702,4100
2026-03-18 18:50:00,50.5709,50.5718,50.5709,50.5718,3461
2026-03-18 18:55:00,50.5702,50.5798,50.5701,50.5782,7419
2026-03-18 19:00:00,50.5798,50.5798,50.5787,50.5787,3500
2026-03-18 19:20:00,50.5701,50.5701,50.5701,50.5701,250
2026-03-19 04:15:00,50.57,50.57,50.57,50.57,200
2026-03-19 08:00:00,50.5701,50.5783,50.5701,50.5783,1742
2026-03-19 08:20:00,50.5713,50.5713,50.5713,50.5713,100
2026-03-19 08:30:00,50.57,50.57,50.57,50.57,1000
2026-03-19 08:35:00,50.5703,50.5703,50.5703,50.5703,200
2026-03-19 08:45:00,50.575,50.575,50.575,50.575,500
2026-03-19 08:50:00,50.575,50.575,50.575,50.575,500
2026-03-19 09:00:00,50.57,50.57,50.57,50.57,130
2026-03-19 09:05:00,50.5701,50.5701,50.5701,50.5701,200
2026-03-19 09:15:00,50.575,50.575,50.575,50.575,130
2026-03-19 09:20:00,50.58,50.58,50.58,50.58,3400
2026-03-19 09:25:00,50.58,50.58,50.57,50.575,5124
2026-03-19 09:30:00,50.58,50.58,50.57,50.5799,38930
2026-03-19 09:35:00,50.576,50.58,50.57,50.575,81819
2026-03-19 09:40:00,50.575,50.58,50.57,50.575,72833
2026-03-19 09:45:00,50.575,50.58,50.57,50.57,10304
2026-03-19 09:50:00,50.575,50.58,50.5701,50.575,7030
2026-03-19 09:55:00,50.5799,50.58,50.57,50.576,19432
2026-03-19 10:00:00,50.5799,50.58,50.5701,50.5702,12703
2026-03-19 10:05:00,50.5799,50.58,50.5702,50.58,42377
2026-03-19 10:10:00,50.5799,50.58,50.575,50.58,3440
2026-03-19 10:15:00,50.5799,50.58,50.57,50.5797,14638
2026-03-19 10:20:00,50.575,50.58,50.5701,50.5701,5537
2026-03-19 10:25:00,50.5701,50.58,50.5701,50.575,4710
2026-03-19 10:30:00,50.576,50.58,50.57,50.58,128842
2026-03-19 10:35:00,50.5701,50.58,50.57,50.57,13536
2026-03-19 10:40:00,50.5795,50.58,50.575,50.58,4117
2026-03-19 10:45:00,50.5701,50.58,50.57,50.5799,9274
2026-03-19 10:50:00,50.575,50.58,50.57,50.5799,18303
2026-03-19 10:55:00,50.58,50.58,50.575,50.58,6126
2026-03-19 11:00:00,50.575,50.58,50.575,50.58,11157
2026-03-19 11:05:00,50.575,50.58,50.5701,50.5799,9162
2026-03-19 11:10:00,50.5799,50.58,50.5701,50.5799,3530
2026-03-19 11:15:00,50.576,50.58,50.57,50.58,10637
2026-03-19 11:20:00,50.5799,50.58,50.57,50.58,18239
2026-03-19 11:25:00,50.58,50.58,50.57,50.5799,4360
2026-03-19 11:30:00,50.5799,50.58,50.57,50.58,8400
2026-03-19 11:35:00,50.5799,50.58,50.57,50.5799,36400
2026-03-19 11:40:00,50.5799,50.58,50.57,50.58,20605
2026-03-19 11:45:00,50.58,50.58,50.57,50.58,12761
2026-03-19 11:50:00,50.5701,50.58,50.57,50.577,8164
2026-03-19 11:55:00,50.58,50.58,50.57,50.58,11080
2026-03-19 12:00:00,50.58,50.58,50.57,50.58,3855
2026-03-19 12:05:00,50.58,50.58,50.57,50.5799,32517
2026-03-19 12:10:00,50.5799,50.58,50.57,50.57,10471
2026-03-19 12:15:00,50.58,50.58,50.57,50.5799,4294
2026-03-19 12:20:00,50.57,50.58,50.57,50.58,5262
2026-03-19 12:25:00,50.575,50.58,50.5702,50.575,15020
2026-03-19 12:30:00,50.58,50.58,50.5701,50.58,10836
2026-03-19 12:35:00,50.58,50.58,50.57,50.5701,54058
2026-03-19 12:40:00,50.5764,50.58,50.57,50.58,58667
2026-03-19 12:45:00,50.58,50.58,50.57,50.58,9460
2026-03-19 12:50:00,50.57,50.58,50.57,50.58,6858
2026-03-19 12:55:00,50.58,50.58,50.57,50.58,29781
2026-03-19 13:00:00,50.57,50.58,50.57,50.579,28375
2026-03-19 13:05:00,50.57,50.58,50.57,50.5719,16373
2026-03-19 13:10:00,50.58,50.58,50.57,50.576,6917
2026-03-19 13:15:00,50.58,50.58,50.5701,50.5799,14584
2026-03-19 13:20:00,50.575,50.58,50.5701,50.58,3889
2026-03-19 13:25:00,50.5799,50.58,50.57,50.58,10130
2026-03-19 13:30:00,50.5799,50.58,50.575,50.58,25368
2026-03-19 13:35:00,50.58,50.58,50.5701,50.58,7146
2026-03-19 13:40:00,50.58,50.58,50.5702,50.58,7744
2026-03-19 13:45:00,50.575,50.58,50.57,50.58,66863
2026-03-19 13:50:00,50.5767,50.58,50.57,50.5797,14631
2026-03-19 13:55:00,50.58,50.58,50.57,50.575,6954
2026-03-19 14:00:00,50.58,50.58,50.57,50.5745,5929
2026-03-19 14:05:00,50.58,50.58,50.57,50.57,15011
2026-03-19 14:10:00,50.58,50.58,50.57,50.58,12289
2026-03-19 14:15:00,50.58,50.58,50.5702,50.574,8702
2026-03-19 14:20:00,50.5799,50.58,50.5702,50.58,7275
2026-03-19 14:25:00,50.58,50.58,50.5701,50.58,4465
2026-03-19 14:30:00,50.58,50.58,50.57,50.58,13049
2026-03-19 14:35:00,50.574,50.58,50.57,50.58,3105
2026-03-19 14:40:00,50.58,50.58,50.57,50.58,9509
2026-03-19 14:45:00,50.575,50.58,50.5701,50.5701,15858
2026-03-19 14:50:00,50.5798,50.58,50.5701,50.5799,33329
2026-03-19 14:55:00,50.576,50.58,50.57,50.5799,14938
2026-03-19 15:00:00,50.575,50.58,50.5701,50.58,10524
2026-03-19 15:05:00,50.58,50.58,50.57,50.58,9810
2026-03-19 15:10:00,50.57,50.58,50.57,50.58,35458
2026-03-19 15:15:00,50.5799,50.58,50.57,50.58,13384
2026-03-19 15:20:00,50.5799,50.58,50.57,50.58,16077
2026-03-19 15:25:00,50.58,50.58,50.5701,50.58,16273
2026-03-19 15:30:00,50.58,50.58,50.5702,50.58,4704
2026-03-19 15:35:00,50.58,50.58,50.57,50.58,112596
2026-03-19 15:40:00,50.58,50.58,50.57,50.58,128611
2026-03-19 15:45:00,50.58,50.58,50.575,50.5799,8812
2026-03-19 15:50:00,50.58,50.58,50.5702,50.58,14883
2026-03-19 15:55:00,50.575,50.58,50.5709,50.58,66560
2026-03-19 16:00:00,50.58,50.58,50.57,50.58,21061
2026-03-19 16:05:00,50.57,50.5785,50.57,50.5785,936
2026-03-19 16:25:00,50.5701,50.5701,50.5701,50.5701,383
2026-03-19 16:30:00,50.58,50.58,50.58,50.58,721
2026-03-19 17:30:00,50.5703,50.5703,50.5703,50.5703,100
2026-03-19 19:15:00,50.57,50.57,50.57,50.57,120
2026-03-19 19:45:00,50.5799,50.5799,50.5799,50.5799,1958
2026-03-19 19:50:00,50.5798,50.5798,50.5798,50.5798,958
2026-03-20 05:50:00,50.585,50.585,50.585,50.585,100
2026-03-20 07:25:00,50.58,50.58,50.58,50.58,180
2026-03-20 07:55:00,50.58,50.58,50.58,50.58,500
2026-03-20 09:15:00,50.5899,50.5899,50.5899,50.5899,545
2026-03-20 09:30:00,50.59,50.59,50.58,50.585,293513
2026-03-20 09:35:00,50.59,50.59,50.5801,50.59,56653
2026-03-20 09:40:00,50.59,50.59,50.58,50.5879,20373
2026-03-20 09:45:00,50.5899,50.59,50.58,50.59,71402
2026-03-20 09:50:00,50.585,50.6,50.585,50.5901,40964
2026-03-20 09:55:00,50.595,50.6,50.59,50.5985,9603
2026-03-20 10:00:00,50.595,50.6,50.59,50.6,30152
2026-03-20 10:05:00,50.595,50.6,50.59,50.59,13679
2026-03-20 10:10:00,50.6,50.6,50.59,50.595,17274
2026-03-20 10:15:00,50.595,50.6,50.59,50.595,35093
2026-03-20 10:20:00,50.6,50.6,50.59,50.59,6453
2026-03-20 10:25:00,50.5914,50.6,50.59,50.5953,62690
2026-03-20 10:30:00,50.595,50.6,50.59,50.5901,12800
2026-03-20 10:35:00,50.595,50.6,50.59,50.595,9754
2026-03-20 10:40:00,50.595,50.6,50.59,50.595,55485
2026-03-20 10:45:00,50.595,50.6,50.59,50.5999,6162
2026-03-20 10:50:00,50.5999,50.6,50.59,50.5999,91440
2026-03-20 10:55:00,50.59,50.6,50.59,50.5967,94518
2026-03-20 11:00:00,50.595,50.6,50.59,50.595,9864
2026-03-20 11:05:00,50.6,50.6,50.59,50.595,11801
2026-03-20 11:10:00,50.5965,50.6,50.5901,50.595,1679
2026-03-20 11:15:00,50.595,50.6,50.59,50.6,15706
2026-03-20 11:20:00,50.5999,50.6,50.59,50.6,46141
2026-03-20 11:25:00,50.5997,50.6,50.59,50.595,18408
2026-03-20 11:30:00,50.595,50.5999,50.59,50.5999,10425
2026-03-20 11:35:00,50.5999,50.6,50.59,50.595,32793
2026-03-20 11:40:00,50.595,50.6,50.59,50.595,16487
2026-03-20 11:45:00,50.595,50.6,50.5901,50.595,12517
2026-03-20 11:50:00,50.5901,50.6,50.59,50.5999,9895
2026-03-20 11:55:00,50.595,50.5999,50.59,50.5999,3757
2026-03-20 12:00:00,50.595,50.6,50.5901,50.595,10893
2026-03-20 12:05:00,50.595,50.6,50.5944,50.597,7244
2026-03-20 12:10:00,50.595,50.6,50.59,50.595,2285
2026-03-20 12:15:00,50.595,50.6,50.5901,50.595,7632
2026-03-20 12:20:00,50.595,50.6,50.5901,50.5901,10049
2026-03-20 12:25:00,50.595,50.6,50.59,50.59,12713
2026-03-20 12:30:00,50.595,50.6,50.5901,50.5999,10399
2026-03-20 12:35:00,50.5999,50.6,50.59,50.5999,9254
2026-03-20 12:40:00,50.6,50.6,50.59,50.595,61075
2026-03-20 12:45:00,50.595,50.6,50.59,50.595,3471
2026-03-20 12:50:00,50.5999,50.6,50.59,50.6,11948
2026-03-20 12:55:00,50.595,50.595,50.59,50.595,2760
2026-03-20 13:00:00,50.595,50.6,50.5901,50.6,7357
2026-03-20 13:05:00,50.6,50.6,50.595,50.6,4453
2026-03-20 13:10:00,50.595,50.6,50.59,50.59,5548
2026-03-20 13:15:00,50.595,50.6,50.59,50.59,31288
2026-03-20 13:20:00,50.595,50.6,50.59,50.5901,18038
2026-03-20 13:25:00,50.595,50.6,50.595,50.6,24986
2026-03-20 13:30:00,50.5945,50.6,50.59,50.595,15265
2026-03-20 13:35:00,50.5901,50.6,50.59,50.6,35092
2026-03-20 13:40:00,50.6,50.6,50.59,50.6,139566
2026-03-20 13:45:00,50.5994,50.6,50.59,50.595,1632
2026-03-20 13:50:00,50.5969,50.6,50.59,50.595,29091
2026-03-20 13:55:00,50.5999,50.6,50.59,50.5999,5311
2026-03-20 14:00:00,50.595,50.6,50.59,50.59,25569
2026-03-20 14:05:00,50.595,50.6,50.59,50.59,8793
2026-03-20 14:10:00,50.595,50.6,50.5901,50.595,5663
2026-03-20 14:15:00,50.6,50.6,50.59,50.59,4102
2026-03-20 14:20:00,50.595,50.6,50.59,50.595,48473
2026-03-20 14:25:00,50.595,50.6,50.59,50.6,13091
2026-03-20 14:30:00,50.6,50.6,50.595,50.5999,18978
2026-03-20 14:35:00,50.595,50.6,50.59,50.595,8373
2026-03-20 14:40:00,50.595,50.6,50.59,50.595,111680
2026-03-20 14:45:00,50.59,50.6,50.59,50.59,9363
2026-03-20 14:50:00,50.595,50.6,50.59,50.595,11747
2026-03-20 14:55:00,50.59,50.6,50.59,50.5999,14994
2026-03-20 15:00:00,50.5901,50.6,50.59,50.5901,27934
2026-03-20 15:05:00,50.6,50.6,50.59,50.5901,22473
2026-03-20 15:10:00,50.595,50.6,50.59,50.595,19254
2026-03-20 15:15:00,50.595,50.6,50.595,50.595,8692
2026-03-20 15:20:00,50.5913,50.6,50.5901,50.5992,34960
2026-03-20 15:25:00,50.5999,50.6,50.59,50.595,37987
2026-03-20 15:30:00,50.595,50.6,50.59,50.59,31162
2026-03-20 15:35:00,50.595,50.6,50.5901,50.5999,8986
2026-03-20 15:40:00,50.6,50.6,50.5901,50.595,3166
2026-03-20 15:45:00,50.6,50.6,50.5901,50.595,51274
2026-03-20 15:50:00,50.595,50.6,50.59,50.595,55896
2026-03-20 15:55:00,50.595,50.6,50.59,50.5999,110542
2026-03-20 16:00:00,50.6,50.6,50.5979,50.5979,3539
2026-03-20 16:20:00,50.6,50.6,50.6,50.6,691
2026-03-20 16:55:00,50.59,50.59,50.59,50.59,300
2026-03-20 17:35:00,50.5903,50.5903,50.5903,50.5903,630
2026-03-20 17:50:00,50.6,50.6,50.5999,50.5999,426
2026-03-20 17:55:00,50.5902,50.5902,50.5902,50.5902,140
2026-03-20 18:40:00,50.5999,50.5999,50.5999,50.5999,646
2026-03-20 18:55:00,50.5921,50.5921,50.5902,50.5902,2664
2026-03-20 19:20:00,50.59,50.59,50.59,50.59,200
2026-03-20 19:45:00,50.59,50.59,50.59,50.59,1400
2026-03-20 19:50:00,50.5922,50.5922,50.5903,50.5921,4188
2026-03-23 04:00:00,50.59,50.59,50.59,50.59,160
2026-03-23 04:20:00,50.6,50.6,50.6,50.6,640
2026-03-23 06:35:00,50.6,50.6,50.6,50.6,251
2026-03-23 07:00:00,50.6,50.6,50.6,50.6,1256
2026-03-23 07:25:00,50.6,50.6,50.6,50.6,100
2026-03-23 08:00:00,50.5998,50.5999,50.59,50.5913,2505
2026-03-23 08:45:00,50.5909,50.5909,50.5909,50.5909,400
2026-03-23 09:00:00,50.595,50.595,50.595,50.595,261
2026-03-23 09:10:00,50.591,50.591,50.591,50.591,198
2026-03-23 09:30:00,50.6,50.6,50.59,50.595,81166
2026-03-23 09:35:00,50.5901,50.6,50.59,50.595,4680
2026-03-23 09:40:00,50.6,50.6,50.59,50.5901,2410
2026-03-23 09:45:00,50.595,50.6,50.59,50.595,12685
2026-03-23 09:50:00,50.6,50.6,50.59,50.5999,9562
2026-03-23 09:55:00,50.595,50.6,50.59,50.59,31848
2026-03-23 10:00:00,50.6,50.6,50.59,50.5901,20174
2026-03-23 10:05:00,50.6,50.6,50.595,50.5974,22244
2026-03-23 10:10:00,50.5916,50.6,50.59,50.595,68051
2026-03-23 10:15:00,50.595,50.6,50.59,50.6,132189
2026-03-23 10:20:00,50.595,50.6,50.59,50.6,46860
2026-03-23 10:25:00,50.5999,50.6,50.59,50.59,59199
2026-03-23 10:30:00,50.595,50.6,50.59,50.595,57597
2026-03-23 10:35:00,50.598,50.6,50.59,50.595,22614
2026-03-23 10:40:00,50.5953,50.6,50.5901,50.5999,2016
2026-03-23 10:45:00,50.595,50.6,50.59,50.5901,96133
2026-03-23 10:50:00,50.5901,50.6,50.59,50.5999,3606
2026-03-23 10:55:00,50.5901,50.6,50.59,50.6,4893
2026-03-23 11:00:00,50.5901,50.6,50.5901,50.5999,3152
2026-03-23 11:05:00,50.6,50.6,50.595,50.5999,3203
2026-03-23 11:10:00,50.59,50.6,50.59,50.595,5923
2026-03-23 11:15:00,50.595,50.6,50.59,50.5901,12328
2026-03-23 11:20:00,50.59,50.6,50.59,50.6,13191
2026-03-23 11:25:00,50.5901,50.6,50.59,50.595,85302
2026-03-23 11:30:00,50.595,50.6,50.59,50.6,35481
2026-03-23 11:35:00,50.595,50.6,50.594,50.5999,7596
2026-03-23 11:40:00,50.59,50.6,50.59,50.5901,9899
2026-03-23 11:45:00,50.6,50.6,50.59,50.59,12417
2026-03-23 11:50:00,50.595,50.6,50.59,50.6,3381
2026-03-23 11:55:00,50.6,50.6,50.59,50.5901,5064
2026-03-23 12:00:00,50.6,50.6,50.59,50.6,3085
2026-03-23 12:05:00,50.595,50.6,50.59,50.5993,11064
2026-03-23 12:10:00,50.6,50.6,50.59,50.5999,42088
2026-03-23 12:15:00,50.6,50.6,50.595,50.5999,10474
2026-03-23 12:20:00,50.6,50.6,50.59,50.5999,27114
2026-03-23 12:25:00,50.6,50.6,50.59,50.59,24614
2026-03-23 12:30:00,50.6,50.6,50.59,50.6,4532
2026-03-23 12:35:00,50.6,50.6,50.59,50.595,5967
2026-03-23 12:40:00,50.5999,50.6,50.59,50.59,5662
2026-03-23 12:45:00,50.59,50.6,50.59,50.595,7295
2026-03-23 12:50:00,50.5901,50.6,50.59,50.595,17929
2026-03-23 12:55:00,50.595,50.595,50.59,50.5901,2480
2026-03-23 13:00:00,50.6,50.6,50.59,50.59,8019
2026-03-23 13:05:00,50.595,50.6,50.595,50.5997,7796
2026-03-23 13:10:00,50.5999,50.6,50.59,50.5999,24182
2026-03-23 13:15:00,50.5999,50.6,50.59,50.5999,4519
2026-03-23 13:20:00,50.6,50.6,50.59,50.6,12474
2026-03-23 13:25:00,50.59,50.6,50.59,50.595,21821
2026-03-23 13:30:00,50.5915,50.6,50.59,50.6,29991
2026-03-23 13:35:00,50.6,50.6,50.59,50.6,12301
2026-03-23 13:40:00,50.5901,50.6,50.59,50.59,11258
2026-03-23 13:45:00,50.6,50.6,50.59,50.59,10159
2026-03-23 13:50:00,50.5901,50.6,50.59,50.59,18227
2026-03-23 13:55:00,50.5999,50.6,50.59,50.6,15786
2026-03-23 14:00:00,50.59,50.6,50.59,50.595,18986
2026-03-23 14:05:00,50.595,50.6,50.59,50.5901,23091
2026-03-23 14:10:00,50.6,50.6,50.59,50.595,20637
2026-03-23 14:15:00,50.6,50.6,50.5901,50.5998,12850
2026-03-23 14:20:00,50.5901,50.6,50.59,50.6,13703
2026-03-23 14:25:00,50.5999,50.6,50.59,50.5957,10539
2026-03-23 14:30:00,50.6,50.6,50.59,50.6,22090
2026-03-23 14:35:00,50.5901,50.6,50.59,50.5901,16699
2026-03-23 14:40:00,50.6,50.6,50.5901,50.6,15119
2026-03-23 14:45:00,50.5999,50.6,50.59,50.6,45806
2026-03-23 14:50:00,50.6,50.6,50.59,50.595,50136
2026-03-23 14:55:00,50.5999,50.6,50.59,50.6,22497
2026-03-23 15:00:00,50.5999,50.6,50.59,50.6,17410
2026-03-23 15:05:00,50.5901,50.6,50.59,50.6,19444
2026-03-23 15:10:00,50.59,50.6,50.59,50.6,27760
2026-03-23 15:15:00,50.5901,50.6,50.59,50.5999,106839
2026-03-23 15:20:00,50.5999,50.6,50.59,50.59,89107
2026-03-23 15:25:00,50.5999,50.6,50.59,50.6,69089
2026-03-23 15:30:00,50.595,50.6,50.59,50.5901,31140
2026-03-23 15:35:00,50.6,50.6,50.59,50.5997,32626
2026-03-23 15:40:00,50.595,50.6,50.59,50.595,57645
2026-03-23 15:45:00,50.6,50.6,50.59,50.595,96957
2026-03-23 15:50:00,50.595,50.6,50.5901,50.6,129303
2026-03-23 15:55:00,50.6,50.6,50.59,50.6,29886
2026-03-23 16:00:00,50.6,50.6,50.5999,50.5999,5285
2026-03-23 16:05:00,50.5903,50.5903,50.5903,50.5903,100
2026-03-23 16:15:00,50.5901,50.5901,50.5901,50.5901,3165
2026-03-23 16:40:00,50.6,50.6,50.5999,50.5999,200
2026-03-23 19:30:00,50.6,50.6,50.6,50.6,716
2026-03-23 19:35:00,50.5999,50.5999,50.5999,50.5999,660
2026-03-23 19:40:00,50.5979,50.6,50.5979,50.6,1800
2026-03-23 19:45:00,50.5902,50.5921,50.5902,50.5913,7500
2026-03-23 19:50:00,50.5921,50.5921,50.5901,50.5921,1276
2026-03-24 05:20:00,50.61,50.61,50.61,50.61,1000
2026-03-24 07:40:00,50.605,50.605,50.605,50.605,493
2026-03-24 09:10:00,50.605,50.605,50.605,50.605,650
2026-03-24 09:30:00,50.6,50.6099,50.6,50.6,77683
2026-03-24 09:35:00,50.605,50.61,50.6,50.6,34040
2026-03-24 09:40:00,50.6,50.609,50.6,50.602,11642
2026-03-24 09:45:00,50.605,50.61,50.6,50.605,8716
2026-03-24 09:50:00,50.605,50.61,50.6,50.605,47283
2026-03-24 09:55:00,50.605,50.6085,50.6,50.605,16888
2026-03-24 10:00:00,50.605,50.61,50.6001,50.6099,5889
2026-03-24 10:05:00,50.605,50.6099,50.6001,50.6099,16795
2026-03-24 10:10:00,50.6001,50.61,50.6,50.605,18063
2026-03-24 10:15:00,50.605,50.61,50.6,50.6097,70295
2026-03-24 10:20:00,50.605,50.61,50.6,50.605,23886
2026-03-24 10:25:00,50.605,50.61,50.6,50.605,22643
2026-03-24 10:30:00,50.605,50.6099,50.6,50.605,5922
2026-03-24 10:35:00,50.61,50.61,50.6,50.605,12224
2026-03-24 10:40:00,50.605,50.61,50.6001,50.605,12188
2026-03-24 10:45:00,50.605,50.6099,50.6001,50.6001,9431
2026-03-24 10:50:00,50.605,50.61,50.6001,50.605,25727
2026-03-24 10:55:00,50.6,50.61,50.6,50.61,21090
2026-03-24 11:00:00,50.605,50.6099,50.6,50.6001,4296
2026-03-24 11:05:00,50.6,50.61,50.6,50.605,29043
2026-03-24 11:10:00,50.605,50.61,50.6,50.605,26582
2026-03-24 11:15:00,50.605,50.61,50.6001,50.6085,12883
2026-03-24 11:20:00,50.6,50.6099,50.6,50.605,5960
2026-03-24 11:25:00,50.605,50.61,50.6,50.605,8563
2026-03-24 11:30:00,50.6001,50.6099,50.6001,50.6001,4508
2026-03-24 11:35:00,50.605,50.61,50.6,50.61,8021
2026-03-24 11:40:00,50.61,50.61,50.6,50.6001,12081
2026-03-24 11:45:00,50.6,50.61,50.6,50.6,34020
2026-03-24 11:50:00,50.605,50.61,50.6,50.605,7887
2026-03-24 11:55:00,50.605,50.61,50.6,50.6,63226
2026-03-24 12:00:00,50.6001,50.6074,50.6,50.6006,35725
2026-03-24 12:05:00,50.6001,50.61,50.6,50.605,17091
2026-03-24 12:10:00,50.605,50.61,50.605,50.61,3646
2026-03-24 12:15:00,50.605,50.61,50.6001,50.6099,14705
2026-03-24 12:20:00,50.61,50.61,50.6,50.6099,8929
2026-03-24 12:25:00,50.605,50.61,50.6,50.6,24472
2026-03-24 12:30:00,50.605,50.61,50.6,50.6099,43039
2026-03-24 12:35:00,50.6001,50.61,50.6001,50.6069,10661
2026-03-24 12:40:00,50.61,50.61,50.6,50.6,3201
2026-03-24 12:45:00,50.6,50.61,50.6,50.6099,10025
2026-03-24 12:50:00,50.61,50.61,50.6002,50.6023,3713
2026-03-24 12:55:00,50.6002,50.6095,50.6,50.605,4186
2026-03-24 13:00:00,50.605,50.61,50.6,50.6001,7395
2026-03-24 13:05:00,50.6,50.605,50.6,50.605,6537
2026-03-24 13:10:00,50.6001,50.61,50.6,50.6,3485
2026-03-24 13:15:00,50.605,50.61,50.6001,50.61,2089
2026-03-24 13:20:00,50.605,50.61,50.6,50.6008,6011
2026-03-24 13:25:00,50.6097,50.61,50.6,50.6,18296
2026-03-24 13:30:00,50.6004,50.61,50.6,50.6,15700
2026-03-24 13:35:00,50.6,50.61,50.6,50.605,47173
2026-03-24 13:40:00,50.605,50.6099,50.6,50.6099,29435
2026-03-24 13:45:00,50.6001,50.61,50.6,50.6026,22010
2026-03-24 13:50:00,50.6001,50.605,50.6,50.6,30400
2026-03-24 13:55:00,50.6001,50.6096,50.6,50.6,296108
2026-03-24 14:00:00,50.6013,50.6099,50.6,50.6,10155
2026-03-24 14:05:00,50.6072,50.61,50.6,50.6,45121
2026-03-24 14:10:00,50.605,50.61,50.6,50.6099,21896
2026-03-24 14:15:00,50.605,50.605,50.6,50.605,4741
2026-03-24 14:20:00,50.605,50.61,50.6,50.605,27308
2026-03-24 14:25:00,50.6099,50.61,50.6,50.605,38099
2026-03-24 14:30:00,50.605,50.61,50.6,50.605,5605
2026-03-24 14:35:00,50.61,50.61,50.6,50.6085,6043
2026-03-24 14:40:00,50.605,50.61,50.6,50.61,73824
2026-03-24 14:45:00,50.605,50.6069,50.6,50.605,16331
2026-03-24 14:50:00,50.6001,50.61,50.6,50.605,7118
2026-03-24 14:55:00,50.605,50.61,50.6,50.605,89697
2026-03-24 15:00:00,50.605,50.61,50.6,50.605,137044
2026-03-24 15:05:00,50.605,50.61,50.6,50.605,7235
2026-03-24 15:10:00,50.605,50.6099,50.6,50.6099,4200
2026-03-24 15:15:00,50.605,50.61,50.6,50.605,8103
2026-03-24 15:20:00,50.605,50.605,50.6,50.6001,3564
2026-03-24 15:25:00,50.605,50.61,50.6,50.6,2300
2026-03-24 15:30:00,50.605,50.6068,50.6,50.6,12419
2026-03-24 15:35:00,50.61,50.61,50.6,50.605,49528
2026-03-24 15:40:00,50.605,50.61,50.6,50.605,37772
2026-03-24 15:45:00,50.6073,50.61,50.6,50.605,53047
2026-03-24 15:50:00,50.6,50.61,50.6,50.605,28230
2026-03-24 15:55:00,50.6001,50.61,50.6,50.61,48158
2026-03-24 16:00:00,50.61,50.61,50.6001,50.6021,3317
2026-03-24 16:15:00,50.6098,50.6098,50.605,50.605,3000
2026-03-24 16:35:00,50.6,50.6,50.6,50.6,340
2026-03-24 17:05:00,50.6079,50.61,50.6079,50.6097,33137
2026-03-24 17:40:00,50.609,50.609,50.609,50.609,203
2026-03-24 17:45:00,50.6001,50.6001,50.6001,50.6001,1000
2026-03-24 18:35:00,50.6,50.6,50.6,50.6,100
2026-03-24 18:45:00,50.61,50.61,50.61,50.61,925
2026-03-24 19:10:00,50.6,50.6,50.6,50.6,125
2026-03-24 19:35:00,50.61,50.61,50.61,50.61,1444
2026-03-25 08:00:00,50.6013,50.6013,50.6013,50.6013,200
2026-03-25 08:30:00,50.6,50.61,50.6,50.61,600
2026-03-25 09:05:00,50.6001,50.6001,50.6001,50.6001,300
2026-03-25 09:20:00,50.6021,50.6021,50.6021,50.6021,400
2026-03-25 09:30:00,50.61,50.61,50.6,50.6001,148247
2026-03-25 09:35:00,50.6099,50.61,50.6,50.6001,17943
2026-03-25 09:40:00,50.6001,50.61,50.6,50.605,5262
2026-03-25 09:45:00,50.6,50.607,50.6,50.605,3318
2026-03-25 09:50:00,50.6099,50.61,50.6,50.605,8557
2026-03-25 09:55:00,50.6,50.61,50.6,50.6078,9465
2026-03-25 10:00:00,50.6,50.61,50.6,50.605,3671
2026-03-25 10:05:00,50.6035,50.61,50.6,50.6099,22718
2026-03-25 10:10:00,50.61,50.61,50.6,50.61,9721
2026-03-25 10:15:00,50.6001,50.61,50.6,50.6099,8004
2026-03-25 10:20:00,50.6099,50.61,50.6,50.61,7154
2026-03-25 10:25:00,50.6,50.61,50.6,50.605,11113
2026-03-25 10:30:00,50.6006,50.61,50.6,50.605,9573
2026-03-25 10:35:00,50.6099,50.61,50.6,50.605,16058
2026-03-25 10:40:00,50.6,50.61,50.6,50.605,92168
2026-03-25 10:45:00,50.605,50.61,50.6,50.6099,6772
2026-03-25 10:50:00,50.605,50.61,50.6002,50.6099,4908
2026-03-25 10:55:00,50.61,50.61,50.6,50.6001,3747
2026-03-25 11:00:00,50.61,50.61,50.6,50.6,20629
2026-03-25 11:05:00,50.6002,50.61,50.6,50.6099,12494
2026-03-25 11:10:00,50.605,50.61,50.6,50.6,4398
2026-03-25 11:15:00,50.61,50.61,50.6,50.6,15388
2026-03-25 11:20:00,50.605,50.61,50.6,50.61,2629
2026-03-25 11:25:00,50.61,50.61,50.6,50.6,24376
2026-03-25 11:30:00,50.605,50.61,50.6,50.605,2977
2026-03-25 11:35:00,50.61,50.61,50.6002,50.605,3695
2026-03-25 11:40:00,50.605,50.61,50.6,50.605,7991
2026-03-25 11:45:00,50.6,50.61,50.6,50.6099,10359
2026-03-25 11:50:00,50.6094,50.61,50.605,50.605,6275
2026-03-25 11:55:00,50.6,50.61,50.6,50.6099,5027
2026-03-25 12:00:00,50.61,50.61,50.6,50.605,15954
2026-03-25 12:05:00,50.605,50.6099,50.605,50.6099,390
2026-03-25 12:10:00,50.605,50.61,50.6,50.605,16080
2026-03-25 12:15:00,50.6,50.61,50.6,50.6001,1356
2026-03-25 12:20:00,50.6099,50.61,50.6,50.61,2512
2026-03-25 12:25:00,50.6099,50.6099,50.6,50.6,561
2026-03-25 12:30:00,50.605,50.61,50.6,50.605,6369
2026-03-25 12:35:00,50.605,50.61,50.6,50.61,175227
2026-03-25 12:40:00,50.6057,50.61,50.605,50.6099,11782
2026-03-25 12:45:00,50.6099,50.61,50.6001,50.6001,1930
2026-03-25 12:50:00,50.6001,50.61,50.6,50.605,13655
2026-03-25 12:55:00,50.6099,50.61,50.6,50.6,37658
2026-03-25 13:00:00,50.61,50.61,50.6,50.6099,92494
2026-03-25 13:05:00,50.605,50.61,50.605,50.605,6329
2026-03-25 13:10:00,50.61,50.61,50.6,50.605,2456
2026-03-25 13:15:00,50.6001,50.61,50.6001,50.61,1200
2026-03-25 13:20:00,50.6001,50.61,50.6,50.6002,4034
2026-03-25 13:25:00,50.6099,50.61,50.6,50.605,21306
2026-03-25 13:30:00,50.61,50.61,50.6,50.605,4603
2026-03-25 13:35:00,50.6031,50.61,50.6,50.6,20570
2026-03-25 13:40:00,50.605,50.61,50.6,50.608,3545
2026-03-25 13:45:00,50.605,50.605,50.6,50.6,525
2026-03-25 13:50:00,50.61,50.61,50.6002,50.6002,4570
2026-03-25 13:55:00,50.6001,50.61,50.6,50.61,31832
2026-03-25 14:00:00,50.61,50.61,50.6,50.61,7292
2026-03-25 14:05:00,50.605,50.61,50.6,50.605,2401
2026-03-25 14:10:00,50.6098,50.61,50.605,50.61,6241
2026-03-25 14:15:00,50.6,50.61,50.6,50.6099,2972
2026-03-25 14:20:00,50.6002,50.61,50.6002,50.61,3166
2026-03-25 14:25:00,50.6,50.61,50.6,50.61,26109
2026-03-25 14:30:00,50.605,50.61,50.6,50.605,2320
2026-03-25 14:35:00,50.61,50.61,50.6,50.6099,3663
2026-03-25 14:40:00,50.6002,50.61,50.6002,50.61,1352
2026-03-25 14:45:00,50.6,50.61,50.6,50.61,5342
2026-03-25 14:50:00,50.605,50.61,50.6,50.61,9572
2026-03-25 14:55:00,50.605,50.61,50.6,50.6,16711
2026-03-25 15:00:00,50.605,50.61,50.6002,50.61,5532
2026-03-25 15:05:00,50.6099,50.61,50.6,50.61,5539
2026-03-25 15:10:00,50.6,50.61,50.6,50.61,35671
2026-03-25 15:15:00,50.6097,50.61,50.605,50.605,1579
2026-03-25 15:20:00,50.605,50.61,50.6,50.61,3872
2026-03-25 15:25:00,50.605,50.61,50.605,50.6098,3624
2026-03-25 15:30:00,50.6099,50.6099,50.6,50.6,1262
2026-03-25 15:35:00,50.605,50.61,50.6,50.605,9782
2026-03-25 15:40:00,50.61,50.61,50.6,50.6,3566
2026-03-25 15:45:00,50.6,50.61,50.6,50.605,15833
2026-03-25 15:50:00,50.6001,50.61,50.6,50.6,3225
2026-03-25 15:55:00,50.6002,50.61,50.6,50.605,17709
2026-03-25 16:00:00,50.6,50.605,50.6,50.605,11104
2026-03-25 16:05:00,50.6021,50.6021,50.6021,50.6021,206
2026-03-25 16:20:00,50.6,50.6,50.6,50.6,255
2026-03-25 19:50:00,50.6039,50.6039,50.6039,50.6039,700
2026-03-26 04:40:00,50.61,50.61,50.61,50.61,126
2026-03-26 07:20:00,50.605,50.605,50.605,50.605,805
2026-03-26 08:40:00,50.61,50.61,50.61,50.61,130
2026-03-26 09:00:00,50.605,50.605,50.605,50.605,137
2026-03-26 09:30:00,50.6,50.61,50.6,50.6099,67848
2026-03-26 09:35:00,50.6,50.61,50.6,50.6099,10820
2026-03-26 09:40:00,50.6,50.61,50.6,50.6099,36918
2026-03-26 09:45:00,50.605,50.6099,50.6001,50.605,4680
2026-03-26 09:50:00,50.6,50.6099,50.6,50.6,2823
2026-03-26 09:55:00,50.6001,50.605,50.6,50.6001,5184
2026-03-26 10:00:00,50.605,50.6091,50.605,50.605,4854
2026-03-26 10:05:00,50.61,50.61,50.6008,50.6097,10048
2026-03-26 10:10:00,50.6018,50.6099,50.6,50.6001,3744
2026-03-26 10:15:00,50.6,50.6,50.6,50.6,100
2026-03-26 10:20:00,50.605,50.61,50.6,50.6099,16558
2026-03-26 10:25:00,50.6,50.61,50.6,50.6099,5432
2026-03-26 10:30:00,50.605,50.6099,50.6,50.6099,14106
2026-03-26 10:35:00,50.61,50.61,50.6,50.605,2194
2026-03-26 10:40:00,50.6099,50.61,50.6,50.61,2395
2026-03-26 10:45:00,50.6099,50.6099,50.6,50.6001,19479
2026-03-26 10:50:00,50.6001,50.605,50.6,50.605,34235
2026-03-26 10:55:00,50.6,50.61,50.6,50.6099,6959
2026-03-26 11:00:00,50.61,50.61,50.6,50.61,4260
2026-03-26 11:05:00,50.6,50.61,50.6,50.6067,7162
2026-03-26 11:10:00,50.61,50.61,50.6001,50.61,3412
2026-03-26 11:15:00,50.6001,50.61,50.6,50.6001,43882
2026-03-26 11:20:00,50.604,50.6099,50.6001,50.6099,385
2026-03-26 11:25:00,50.605,50.61,50.6,50.6099,5364
2026-03-26 11:30:00,50.605,50.61,50.605,50.605,6628
2026-03-26 11:35:00,50.6099,50.61,50.6,50.61,5643
2026-03-26 11:40:00,50.6,50.6099,50.6,50.6013,17499
2026-03-26 11:45:00,50.6099,50.61,50.6,50.6,12985
2026-03-26 11:50:00,50.6099,50.61,50.6,50.61,11553
2026-03-26 11:55:00,50.6099,50.61,50.6,50.61,30983
2026-03-26 12:00:00,50.61,50.61,50.6001,50.6012,6927
2026-03-26 12:05:00,50.6099,50.61,50.605,50.6099,12398
2026-03-26 12:10:00,50.6001,50.6099,50.6,50.6,3988
2026-03-26 12:15:00,50.61,50.61,50.6001,50.601,10183
2026-03-26 12:20:00,50.61,50.61,50.6001,50.61,3590
2026-03-26 12:25:00,50.6,50.6099,50.6,50.6099,15857
2026-03-26 12:30:00,50.605,50.61,50.6001,50.605,10219
2026-03-26 12:35:00,50.6001,50.6099,50.6,50.6069,4119
2026-03-26 12:40:00,50.605,50.61,50.6,50.61,28281
2026-03-26 12:45:00,50.61,50.61,50.6,50.6,115714
2026-03-26 12:50:00,50.6,50.61,50.6,50.6001,29178
2026-03-26 12:55:00,50.603,50.61,50.6001,50.605,12700
2026-03-26 13:00:00,50.604,50.61,50.6,50.6001,10740
2026-03-26 13:05:00,50.6,50.61,50.6,50.6025,33452
2026-03-26 13:10:00,50.6001,50.61,50.6,50.61,3187
2026-03-26 13:15:00,50.605,50.61,50.6,50.6099,161006
2026-03-26 13:20:00,50.6001,50.61,50.6,50.6,5868
2026-03-26 13:25:00,50.605,50.61,50.605,50.605,4387
2026-03-26 13:30:00,50.6001,50.61,50.6,50.6,5513
2026-03-26 13:35:00,50.605,50.61,50.6001,50.605,11181
2026-03-26 13:40:00,50.61,50.61,50.6,50.6099,4388
2026-03-26 13:45:00,50.61,50.61,50.6,50.6099,8907
2026-03-26 13:50:00,50.6099,50.6099,50.6001,50.605,12355
2026-03-26 13:55:00,50.6001,50.61,50.6,50.61,7777
2026-03-26 14:00:00,50.6099,50.6099,50.6,50.6099,17881
2026-03-26 14:05:00,50.61,50.61,50.6,50.605,11496
2026-03-26 14:10:00,50.6097,50.61,50.605,50.61,10549
2026-03-26 14:15:00,50.6,50.61,50.6,50.61,3416
2026-03-26 14:20:00,50.605,50.61,50.605,50.6099,3516
2026-03-26 14:25:00,50.6099,50.61,50.6001,50.61,20045
2026-03-26 14:30:00,50.6099,50.61,50.605,50.61,12845
2026-03-26 14:35:00,50.6099,50.6099,50.605,50.6075,9626
2026-03-26 14:40:00,50.6001,50.61,50.6,50.609,59716
2026-03-26 14:45:00,50.6,50.61,50.6,50.61,7508
2026-03-26 14:50:00,50.6001,50.61,50.6,50.61,14027
2026-03-26 14:55:00,50.61,50.61,50.6,50.6078,7214
2026-03-26 15:00:00,50.61,50.61,50.6001,50.61,10918
2026-03-26 15:05:00,50.6002,50.61,50.6,50.605,32019
2026-03-26 15:10:00,50.6001,50.61,50.6001,50.6099,32653
2026-03-26 15:15:00,50.61,50.61,50.6,50.6001,56516
2026-03-26 15:20:00,50.61,50.61,50.6,50.6013,9783
2026-03-26 15:25:00,50.61,50.61,50.6004,50.6098,12343
2026-03-26 15:30:00,50.605,50.61,50.6,50.6002,15090
2026-03-26 15:35:00,50.605,50.61,50.6001,50.61,11437
2026-03-26 15:40:00,50.605,50.61,50.6,50.605,6211
2026-03-26 15:45:00,50.61,50.61,50.6,50.6099,12005
2026-03-26 15:50:00,50.605,50.61,50.6,50.605,63207
2026-03-26 15:55:00,50.605,50.61,50.6,50.61,49061
2026-03-26 16:00:00,50.61,50.61,50.6,50.6,6503
2026-03-26 16:05:00,50.6,50.61,50.6,50.605,7045
2026-03-26 16:10:00,50.605,50.605,50.6002,50.6002,1775
2026-03-26 16:25:00,50.6,50.6,50.6,50.6,600
2026-03-26 16:45:00,50.6002,50.6021,50.6002,50.6021,620
2026-03-26 16:50:00,50.61,50.61,50.61,50.61,259
2026-03-26 16:55:00,50.6001,50.6001,50.6001,50.6001,450
2026-03-26 17:15:00,50.6099,50.6099,50.6099,50.6099,1226
2026-03-26 17:30:00,50.6099,50.6099,50.6099,50.6099,116
2026-03-26 18:35:00,50.61,50.61,50.61,50.61,2601
2026-03-26 18:50:00,50.6005,50.6005,50.6005,50.6005,195
2026-03-26 19:55:00,50.6013,50.6024,50.6013,50.6021,3660
2026-03-27 08:00:00,50.615,50.615,50.615,50.615,370
2026-03-27 08:45:00,50.6163,50.6163,50.6163,50.6163,1518
2026-03-27 08:55:00,50.61,50.61,50.61,50.61,100
2026-03-27 09:00:00,50.6113,50.6113,50.6113,50.6113,320
2026-03-27 09:30:00,50.61,50.62,50.61,50.6101,37424
2026-03-27 09:35:00,50.6101,50.62,50.6101,50.615,11624
2026-03-27 09:40:00,50.612,50.62,50.61,50.615,12260
2026-03-27 09:45:00,50.615,50.62,50.61,50.6199,8259
2026-03-27 09:50:00,50.615,50.62,50.61,50.615,25040
2026-03-27 09:55:00,50.615,50.62,50.61,50.615,46332
2026-03-27 10:00:00,50.62,50.62,50.61,50.6137,19898
2026-03-27 10:05:00,50.62,50.62,50.615,50.615,18432
2026-03-27 10:10:00,50.615,50.62,50.61,50.615,19081
2026-03-27 10:15:00,50.6189,50.62,50.61,50.615,80536
2026-03-27 10:20:00,50.615,50.62,50.61,50.6101,30346
2026-03-27 10:25:00,50.62,50.62,50.61,50.615,28530
2026-03-27 10:30:00,50.6185,50.62,50.61,50.61,6164
2026-03-27 10:35:00,50.6197,50.62,50.6142,50.6199,5641
2026-03-27 10:40:00,50.615,50.62,50.61,50.615,9366
2026-03-27 10:45:00,50.6199,50.62,50.61,50.61,13311
2026-03-27 10:50:00,50.62,50.62,50.61,50.61,21366
2026-03-27 10:55:00,50.61,50.62,50.61,50.6175,2738
2026-03-27 11:00:00,50.6133,50.62,50.61,50.6199,47649
2026-03-27 11:05:00,50.62,50.62,50.61,50.62,7725
2026-03-27 11:10:00,50.61,50.62,50.61,50.61,9851
2026-03-27 11:15:00,50.615,50.62,50.61,50.6122,50016
2026-03-27 11:20:00,50.6199,50.6199,50.6122,50.6122,10985
2026-03-27 11:25:00,50.6139,50.62,50.61,50.6124,5230
2026-03-27 11:30:00,50.6199,50.62,50.6101,50.6101,12912
2026-03-27 11:35:00,50.6101,50.615,50.61,50.61,31822
2026-03-27 11:40:00,50.615,50.62,50.61,50.615,36077
2026-03-27 11:45:00,50.615,50.6199,50.61,50.615,5762
2026-03-27 11:50:00,50.61,50.62,50.61,50.62,1564
2026-03-27 11:55:00,50.62,50.62,50.61,50.62,2316
2026-03-27 12:00:00,50.6199,50.62,50.61,50.615,51485
2026-03-27 12:05:00,50.615,50.6199,50.615,50.615,995
2026-03-27 12:10:00,50.62,50.62,50.61,50.62,161733
2026-03-27 12:15:00,50.6185,50.6198,50.61,50.615,3585
2026-03-27 12:20:00,50.62,50.62,50.61,50.6101,27467
2026-03-27 12:25:00,50.6101,50.62,50.61,50.62,10670
2026-03-27 12:30:00,50.6199,50.62,50.61,50.615,41824
2026-03-27 12:35:00,50.62,50.62,50.61,50.615,120633
2026-03-27 12:40:00,50.6185,50.6199,50.6101,50.6199,18203
2026-03-27 12:45:00,50.62,50.62,50.61,50.6158,7514
2026-03-27 12:50:00,50.6101,50.62,50.6101,50.6139,98654
2026-03-27 12:55:00,50.62,50.62,50.612,50.612,30597
2026-03-27 13:00:00,50.6199,50.6199,50.61,50.61,1798
2026-03-27 13:05:00,50.615,50.62,50.6101,50.62,34615
2026-03-27 13:10:00,50.6199,50.62,50.61,50.615,14939
2026-03-27 13:15:00,50.62,50.62,50.6122,50.62,13668
2026-03-27 13:20:00,50.62,50.62,50.61,50.61,82372
2026-03-27 13:25:00,50.6198,50.62,50.61,50.62,25415
2026-03-27 13:30:00,50.62,50.62,50.615,50.62,986
2026-03-27 13:35:00,50.615,50.62,50.61,50.6196,19567
2026-03-27 13:40:00,50.62,50.62,50.61,50.62,19259
2026-03-27 13:45:00,50.62,50.62,50.612,50.615,16376
2026-03-27 13:50:00,50.615,50.62,50.61,50.6199,82255
2026-03-27 13:55:00,50.62,50.62,50.61,50.6199,8654
2026-03-27 14:00:00,50.62,50.62,50.61,50.61,19517
2026-03-27 14:05:00,50.62,50.62,50.615,50.615,4026
2026-03-27 14:10:00,50.62,50.62,50.6122,50.6199,25083
2026-03-27 14:15:00,50.615,50.62,50.6101,50.6185,14433
2026-03-27 14:20:00,50.61,50.62,50.61,50.6199,25221
2026-03-27 14:25:00,50.6143,50.62,50.61,50.61,5659
2026-03-27 14:30:00,50.615,50.62,50.61,50.612,13304
2026-03-27 14:35:00,50.6195,50.62,50.6101,50.613,21210
2026-03-27 14:40:00,50.615,50.62,50.61,50.615,91933
2026-03-27 14:45:00,50.615,50.63,50.6101,50.63,26893
2026-03-27 14:50:00,50.625,50.63,50.62,50.6299,36832
2026-03-27 14:55:00,50.6201,50.63,50.62,50.625,17541
2026-03-27 15:00:00,50.63,50.63,50.62,50.6299,41668
2026-03-27 15:05:00,50.6299,50.63,50.62,50.625,19585
2026-03-27 15:10:00,50.63,50.63,50.62,50.625,63488
2026-03-27 15:15:00,50.63,50.63,50.625,50.625,9751
2026-03-27 15:20:00,50.6201,50.63,50.6201,50.625,21765
2026-03-27 15:25:00,50.625,50.63,50.6201,50.6299,11082
2026-03-27 15:30:00,50.625,50.63,50.6201,50.625,31340
2026-03-27 15:35:00,50.625,50.63,50.62,50.6208,27444
2026-03-27 15:40:00,50.625,50.63,50.62,50.625,36418
2026-03-27 15:45:00,50.62,50.63,50.62,50.625,35029
2026-03-27 15:50:00,50.63,50.63,50.6201,50.625,335538
2026-03-27 15:55:00,50.625,50.63,50.62,50.63,79186
2026-03-27 16:00:00,50.63,50.63,50.6201,50.6201,13221
2026-03-27 16:05:00,50.62,50.62,50.62,50.62,309
2026-03-27 16:25:00,50.62,50.62,50.62,50.62,2500
2026-03-27 16:30:00,50.62,50.62,50.62,50.62,1600
2026-03-27 16:45:00,50.63,50.63,50.63,50.63,288
2026-03-27 17:25:00,50.62,50.6297,50.62,50.6297,1070
2026-03-27 18:35:00,50.62,50.62,50.62,50.62,106
2026-03-27 19:00:00,50.62,50.62,50.62,50.62,200
2026-03-27 19:10:00,50.62,50.62,50.62,50.62,400
2026-03-27 19:15:00,50.62,50.62,50.62,50.62,200
2026-03-27 19:20:00,50.6213,50.6213,50.6213,50.6213,1000
2026-03-27 19:30:00,50.6299,50.6299,50.6263,50.6263,3000
2026-03-27 19:35:00,50.6299,50.63,50.6253,50.6295,12193
2026-03-30 07:00:00,50.64,50.64,50.64,50.64,321
2026-03-30 07:25:00,50.635,50.635,50.635,50.635,20000
2026-03-30 07:30:00,50.635,50.635,50.63,50.63,66000
2026-03-30 07:50:00,50.639,50.639,50.639,50.639,400
2026-03-30 08:15:00,50.635,50.635,50.63,50.635,2234
2026-03-30 09:15:00,50.64,50.64,50.64,50.64,150
2026-03-30 09:30:00,50.64,50.64,50.63,50.6301,45940
2026-03-30 09:35:00,50.63,50.64,50.63,50.6301,10731
2026-03-30 09:40:00,50.635,50.64,50.63,50.63,11175
2026-03-30 09:45:00,50.64,50.64,50.63,50.6301,26972
2026-03-30 09:50:00,50.63,50.64,50.63,50.635,6921
2026-03-30 09:55:00,50.63,50.6399,50.63,50.6399,1328
2026-03-30 10:00:00,50.6301,50.635,50.63,50.63,6812
2026-03-30 10:05:00,50.6301,50.64,50.63,50.635,2311
2026-03-30 10:10:00,50.63,50.64,50.63,50.6301,5326
2026-03-30 10:15:00,50.6399,50.6399,50.63,50.63,23636
2026-03-30 10:20:00,50.64,50.64,50.63,50.64,12788
2026-03-30 10:25:00,50.635,50.64,50.63,50.635,22663
2026-03-30 10:30:00,50.64,50.64,50.63,50.64,11428
2026-03-30 10:35:00,50.6301,50.64,50.6301,50.6301,3266
2026-03-30 10:40:00,50.6315,50.64,50.63,50.6302,67946
2026-03-30 10:45:00,50.64,50.64,50.63,50.635,7598
2026-03-30 10:50:00,50.6308,50.6399,50.6301,50.635,2669
2026-03-30 10:55:00,50.6306,50.64,50.63,50.6301,10608
2026-03-30 11:00:00,50.63,50.64,50.63,50.64,3167
2026-03-30 11:05:00,50.635,50.64,50.63,50.64,9852
2026-03-30 11:10:00,50.6367,50.64,50.63,50.635,13398
2026-03-30 11:15:00,50.63,50.64,50.63,50.635,8934
2026-03-30 11:20:00,50.635,50.64,50.6301,50.635,6010
2026-03-30 11:25:00,50.635,50.635,50.6301,50.6325,870
2026-03-30 11:30:00,50.64,50.64,50.6301,50.6308,4830
2026-03-30 11:35:00,50.63,50.64,50.63,50.6399,8728
2026-03-30 11:40:00,50.6399,50.64,50.63,50.635,17254
2026-03-30 11:45:00,50.64,50.64,50.63,50.635,5541
2026-03-30 11:50:00,50.635,50.6399,50.6301,50.635,5547
2026-03-30 11:55:00,50.635,50.64,50.63,50.635,4466
2026-03-30 12:00:00,50.6301,50.64,50.63,50.64,13146
2026-03-30 12:05:00,50.6301,50.638,50.63,50.6312,6056
2026-03-30 12:10:00,50.635,50.64,50.63,50.635,21147
2026-03-30 12:15:00,50.635,50.64,50.63,50.632,42248
2026-03-30 12:20:00,50.6301,50.64,50.63,50.6399,7893
2026-03-30 12:25:00,50.635,50.64,50.63,50.635,16351
2026-03-30 12:30:00,50.6393,50.6393,50.6301,50.635,1662
2026-03-30 12:35:00,50.64,50.64,50.63,50.635,6877
2026-03-30 12:40:00,50.6399,50.64,50.635,50.64,18731
2026-03-30 12:45:00,50.635,50.64,50.63,50.635,16259
2026-03-30 12:50:00,50.64,50.64,50.63,50.6399,58692
2026-03-30 12:55:00,50.63,50.64,50.63,50.6399,2593
2026-03-30 13:00:00,50.635,50.64,50.63,50.63,16287
2026-03-30 13:05:00,50.6301,50.64,50.63,50.635,121398
2026-03-30 13:10:00,50.63,50.64,50.63,50.635,5436
2026-03-30 13:15:00,50.635,50.64,50.63,50.635,17155
2026-03-30 13:20:00,50.635,50.64,50.63,50.635,22138
2026-03-30 13:25:00,50.6301,50.64,50.63,50.6399,8681
2026-03-30 13:30:00,50.6301,50.64,50.63,50.64,43133
2026-03-30 13:35:00,50.64,50.64,50.63,50.63,679
2026-03-30 13:40:00,50.635,50.64,50.63,50.6385,21442
2026-03-30 13:45:00,50.635,50.64,50.63,50.63,22792
2026-03-30 13:50:00,50.635,50.64,50.63,50.6399,38128
2026-03-30 13:55:00,50.63,50.64,50.63,50.6301,39262
2026-03-30 14:00:00,50.635,50.64,50.63,50.64,20396
2026-03-30 14:05:00,50.6325,50.64,50.63,50.64,29353
2026-03-30 14:10:00,50.6302,50.64,50.63,50.64,33430
2026-03-30 14:15:00,50.64,50.64,50.63,50.6367,47427
2026-03-30 14:20:00,50.64,50.64,50.63,50.6399,18035
2026-03-30 14:25:00,50.635,50.64,50.63,50.6306,26645
2026-03-30 14:30:00,50.635,50.64,50.63,50.63,69628
2026-03-30 14:35:00,50.64,50.64,50.6301,50.6301,9699
2026-03-30 14:40:00,50.636,50.64,50.63,50.64,16220
2026-03-30 14:45:00,50.6399,50.64,50.63,50.63,31320
2026-03-30 14:50:00,50.635,50.64,50.63,50.64,41228
2026-03-30 14:55:00,50.6301,50.64,50.63,50.635,62594
2026-03-30 15:00:00,50.635,50.64,50.63,50.635,204468
2026-03-30 15:05:00,50.6301,50.64,50.63,50.635,8661
2026-03-30 15:10:00,50.635,50.64,50.63,50.64,73478
2026-03-30 15:15:00,50.635,50.64,50.63,50.635,21805
2026-03-30 15:20:00,50.635,50.64,50.63,50.635,20302
2026-03-30 15:25:00,50.635,50.64,50.63,50.6399,20510
2026-03-30 15:30:00,50.635,50.64,50.6301,50.635,10285
2026-03-30 15:35:00,50.635,50.64,50.63,50.64,29465
2026-03-30 15:40:00,50.635,50.64,50.63,50.637,24921
2026-03-30 15:45:00,50.635,50.64,50.63,50.635,14846
2026-03-30 15:50:00,50.635,50.64,50.63,50.635,40519
2026-03-30 15:55:00,50.635,50.64,50.63,50.635,42351
2026-03-30 16:00:00,50.63,50.6397,50.63,50.6397,4564
2026-03-30 16:10:00,50.6303,50.635,50.6303,50.6313,663
2026-03-30 16:15:00,50.63,50.63,50.63,50.63,500
2026-03-30 16:30:00,50.635,50.635,50.635,50.635,100
2026-03-30 16:45:00,50.6307,50.6307,50.6307,50.6307,530
2026-03-30 16:50:00,50.6301,50.631,50.6301,50.631,6870
2026-03-30 16:55:00,50.6337,50.64,50.6337,50.64,10205
2026-03-30 17:10:00,50.6399,50.64,50.635,50.64,23282
2026-03-30 17:15:00,50.64,50.64,50.64,50.64,600
2026-03-30 17:25:00,50.63,50.63,50.63,50.63,140
2026-03-30 18:30:00,50.63,50.63,50.63,50.63,2000
2026-03-30 18:50:00,50.63,50.63,50.63,50.63,368
2026-03-30 19:25:00,50.6398,50.6398,50.6398,50.6398,100
2026-03-30 19:45:00,50.6492,50.6492,50.6492,50.6492,614
2026-03-31 06:50:00,50.63,50.63,50.63,50.63,1078
2026-03-31 07:10:00,50.63,50.63,50.63,50.63,8112
2026-03-31 08:30:00,50.635,50.635,50.635,50.635,1087
2026-03-31 09:30:00,50.64,50.64,50.63,50.6301,146767
2026-03-31 09:35:00,50.635,50.64,50.63,50.6302,33125
2026-03-31 09:40:00,50.635,50.64,50.63,50.635,48551
2026-03-31 09:45:00,50.64,50.64,50.63,50.64,13109
2026-03-31 09:50:00,50.63,50.64,50.63,50.631,12074
2026-03-31 09:55:00,50.64,50.64,50.63,50.63,35732
2026-03-31 10:00:00,50.64,50.64,50.63,50.63,57134
2026-03-31 10:05:00,50.635,50.64,50.6308,50.635,3976
2026-03-31 10:10:00,50.635,50.64,50.63,50.63,22640
2026-03-31 10:15:00,50.635,50.64,50.63,50.6399,8803
2026-03-31 10:20:00,50.635,50.64,50.6301,50.635,9034
2026-03-31 10:25:00,50.635,50.64,50.63,50.64,7379
2026-03-31 10:30:00,50.635,50.64,50.63,50.635,23348
2026-03-31 10:35:00,50.635,50.64,50.63,50.6301,21855
2026-03-31 10:40:00,50.635,50.64,50.63,50.6399,40290
2026-03-31 10:45:00,50.635,50.64,50.63,50.64,18925
2026-03-31 10:50:00,50.635,50.635,50.63,50.63,31544
2026-03-31 10:55:00,50.635,50.635,50.63,50.635,40593
2026-03-31 11:00:00,50.635,50.64,50.63,50.635,7231
2026-03-31 11:05:00,50.635,50.64,50.63,50.635,99776
2026-03-31 11:10:00,50.635,50.64,50.63,50.6399,99120
2026-03-31 11:15:00,50.635,50.64,50.63,50.6301,21815
2026-03-31 11:20:00,50.635,50.64,50.63,50.6399,53270
2026-03-31 11:25:00,50.635,50.64,50.63,50.635,8713
2026-03-31 11:30:00,50.635,50.64,50.63,50.635,79841
2026-03-31 11:35:00,50.635,50.64,50.63,50.6395,13865
2026-03-31 11:40:00,50.635,50.6399,50.63,50.63,43822
2026-03-31 11:45:00,50.635,50.64,50.63,50.63,16284
2026-03-31 11:50:00,50.635,50.635,50.6302,50.635,2873
2026-03-31 11:55:00,50.635,50.64,50.63,50.63,7514
2026-03-31 12:00:00,50.635,50.6399,50.63,50.6301,66194
2026-03-31 12:05:00,50.6302,50.635,50.63,50.635,6664
2026-03-31 12:10:00,50.635,50.64,50.63,50.6301,90453
2026-03-31 12:15:00,50.635,50.64,50.63,50.6301,9173
2026-03-31 12:20:00,50.635,50.64,50.63,50.635,13244
2026-03-31 12:25:00,50.6302,50.64,50.6301,50.635,8971
2026-03-31 12:30:00,50.6303,50.64,50.63,50.63,30916
2026-03-31 12:35:00,50.635,50.64,50.63,50.64,9905
2026-03-31 12:40:00,50.635,50.635,50.6301,50.635,117036
2026-03-31 12:45:00,50.6301,50.64,50.6301,50.635,32385
2026-03-31 12:50:00,50.6399,50.64,50.63,50.6301,29311
2026-03-31 12:55:00,50.635,50.64,50.63,50.64,15759
2026-03-31 13:00:00,50.635,50.64,50.63,50.6301,8279
2026-03-31 13:05:00,50.635,50.64,50.63,50.6399,28449
2026-03-31 13:10:00,50.635,50.64,50.63,50.635,18066
2026-03-31 13:15:00,50.635,50.64,50.63,50.638,4132
2026-03-31 13:20:00,50.635,50.6399,50.6301,50.6399,8743
2026-03-31 13:25:00,50.635,50.64,50.63,50.635,34588
2026-03-31 13:30:00,50.6365,50.64,50.63,50.6301,26610
2026-03-31 13:35:00,50.635,50.64,50.6301,50.64,61307
2026-03-31 13:40:00,50.63,50.638,50.63,50.635,5268
2026-03-31 13:45:00,50.635,50.64,50.63,50.635,14237
2026-03-31 13:50:00,50.6381,50.64,50.63,50.63,5327
2026-03-31 13:55:00,50.635,50.64,50.6301,50.6397,5056
2026-03-31 14:00:00,50.635,50.64,50.6301,50.6301,5351
2026-03-31 14:05:00,50.635,50.64,50.63,50.6399,4259
2026-03-31 14:10:00,50.635,50.64,50.63,50.64,5216
2026-03-31 14:15:00,50.635,50.6399,50.63,50.639,7440
2026-03-31 14:20:00,50.635,50.64,50.63,50.6399,53983
2026-03-31 14:25:00,50.635,50.64,50.63,50.635,87955
2026-03-31 14:30:00,50.635,50.6389,50.635,50.6389,47329
2026-03-31 14:35:00,50.635,50.64,50.63,50.64,3334
2026-03-31 14:40:00,50.6301,50.64,50.63,50.6399,285360
2026-03-31 14:45:00,50.635,50.64,50.63,50.6399,42568
2026-03-31 14:50:00,50.635,50.635,50.6301,50.635,5428
2026-03-31 14:55:00,50.635,50.64,50.63,50.64,22333
2026-03-31 15:00:00,50.635,50.64,50.6301,50.635,7172
2026-03-31 15:05:00,50.635,50.64,50.63,50.6399,37427
2026-03-31 15:10:00,50.635,50.64,50.63,50.6399,16177
2026-03-31 15:15:00,50.635,50.64,50.63,50.6302,20644
2026-03-31 15:20:00,50.63,50.64,50.63,50.6385,15877
2026-03-31 15:25:00,50.63,50.64,50.63,50.63,32928
2026-03-31 15:30:00,50.6301,50.64,50.63,50.635,19302
2026-03-31 15:35:00,50.6399,50.64,50.63,50.63,26029
2026-03-31 15:40:00,50.635,50.64,50.63,50.635,47230
2026-03-31 15:45:00,50.635,50.64,50.63,50.635,18200
2026-03-31 15:50:00,50.635,50.64,50.63,50.635,37932
2026-03-31 15:55:00,50.635,50.64,50.63,50.63,32403
2026-03-31 16:00:00,50.63,50.6387,50.63,50.6387,16655
2026-03-31 16:25:00,50.63,50.63,50.63,50.63,6000
2026-03-31 16:30:00,50.64,50.64,50.63,50.63,205
2026-03-31 17:00:00,50.6387,50.6387,50.6387,50.6387,3508
2026-03-31 17:05:00,50.6301,50.6301,50.6301,50.6301,236
2026-03-31 17:10:00,50.6313,50.6313,50.6313,50.6313,395
2026-03-31 19:15:00,50.6313,50.6313,50.6313,50.6313,700
2026-03-31 19:50:00,50.6303,50.6337,50.6303,50.6313,8983
2026-04-01 04:00:00,50.6,50.6,50.6,50.6,1000
2026-04-01 04:15:00,50.49,50.49,50.49,50.49,782
2026-04-01 04:30:00,50.485,50.485,50.485,50.485,1000
2026-04-01 07:05:00,50.48,50.48,50.48,50.48,2000
2026-04-01 07:15:00,50.4891,50.4891,50.48,50.48,2200
2026-04-01 07:45:00,50.49,50.49,50.49,50.49,1000
2026-04-01 08:00:00,50.4899,50.4899,50.4899,50.4899,350
2026-04-01 08:40:00,50.4895,50.4895,50.4895,50.4895,1000
2026-04-01 08:55:00,50.4891,50.4891,50.4891,50.4891,400
2026-04-01 09:30:00,50.49,50.49,50.48,50.485,106490
2026-04-01 09:35:00,50.4801,50.49,50.48,50.485,26503
2026-04-01 09:40:00,50.485,50.49,50.48,50.4899,11290
2026-04-01 09:45:00,50.49,50.49,50.48,50.485,41735
2026-04-01 09:50:00,50.485,50.49,50.48,50.485,9580
2026-04-01 09:55:00,50.485,50.49,50.48,50.48,5684
2026-04-01 10:00:00,50.49,50.49,50.48,50.4899,20841
2026-04-01 10:05:00,50.4869,50.49,50.485,50.485,11323
2026-04-01 10:10:00,50.485,50.49,50.4801,50.485,5389
2026-04-01 10:15:00,50.485,50.4899,50.48,50.4899,8341
2026-04-01 10:20:00,50.49,50.49,50.48,50.485,24063
2026-04-01 10:25:00,50.485,50.49,50.485,50.4899,11302
2026-04-01 10:30:00,50.485,50.49,50.48,50.485,11466
2026-04-01 10:35:00,50.485,50.4899,50.48,50.485,36430
2026-04-01 10:40:00,50.4808,50.49,50.4808,50.485,13796
2026-04-01 10:45:00,50.485,50.49,50.48,50.485,26751
2026-04-01 10:50:00,50.485,50.49,50.48,50.485,33294
2026-04-01 10:55:00,50.49,50.49,50.48,50.49,10230
2026-04-01 11:00:00,50.485,50.49,50.4801,50.4801,24479
2026-04-01 11:05:00,50.49,50.49,50.48,50.48,224357
2026-04-01 11:10:00,50.49,50.49,50.4801,50.4801,4155
2026-04-01 11:15:00,50.485,50.49,50.48,50.49,18131
2026-04-01 11:20:00,50.485,50.485,50.48,50.485,5323
2026-04-01 11:25:00,50.485,50.49,50.48,50.485,87378
2026-04-01 11:30:00,50.4801,50.49,50.48,50.481,15236
2026-04-01 11:35:00,50.48,50.49,50.48,50.48,176926
2026-04-01 11:40:00,50.485,50.4899,50.48,50.48,74355
2026-04-01 11:45:00,50.485,50.49,50.48,50.485,20856
2026-04-01 11:50:00,50.485,50.49,50.48,50.485,20956
2026-04-01 11:55:00,50.4899,50.49,50.48,50.49,16904
2026-04-01 12:00:00,50.485,50.49,50.48,50.485,9832
2026-04-01 12:05:00,50.49,50.49,50.48,50.485,9131
2026-04-01 12:10:00,50.49,50.49,50.48,50.485,101570
2026-04-01 12:15:00,50.485,50.49,50.48,50.48,72999
2026-04-01 12:20:00,50.485,50.4899,50.48,50.485,2511
2026-04-01 12:25:00,50.4801,50.4899,50.48,50.485,4887
2026-04-01 12:30:00,50.485,50.49,50.48,50.48,34694
2026-04-01 12:35:00,50.48,50.4899,50.48,50.485,13231
2026-04-01 12:40:00,50.48,50.49,50.48,50.48,10915
2026-04-01 12:45:00,50.4899,50.49,50.48,50.485,10583
2026-04-01 12:50:00,50.485,50.49,50.485,50.49,3862
2026-04-01 12:55:00,50.485,50.4899,50.48,50.485,4693
2026-04-01 13:00:00,50.485,50.49,50.48,50.48,3494
2026-04-01 13:05:00,50.485,50.49,50.48,50.48,7052
2026-04-01 13:10:00,50.4899,50.49,50.4801,50.4847,11419
2026-04-01 13:15:00,50.485,50.485,50.48,50.4815,5057
2026-04-01 13:20:00,50.48,50.4899,50.48,50.4898,1562
2026-04-01 13:25:00,50.48,50.49,50.48,50.485,9576
2026-04-01 13:30:00,50.4887,50.49,50.48,50.485,16242
2026-04-01 13:35:00,50.48,50.49,50.48,50.48,31628
2026-04-01 13:40:00,50.48,50.4899,50.48,50.4854,4452
2026-04-01 13:45:00,50.4899,50.49,50.48,50.485,23138
2026-04-01 13:50:00,50.485,50.49,50.48,50.485,22218
2026-04-01 13:55:00,50.485,50.49,50.48,50.48,40963
2026-04-01 14:00:00,50.48,50.49,50.48,50.485,12644
2026-04-01 14:05:00,50.485,50.49,50.48,50.485,5798
2026-04-01 14:10:00,50.48,50.49,50.48,50.49,20590
2026-04-01 14:15:00,50.485,50.49,50.48,50.485,14717
2026-04-01 14:20:00,50.485,50.49,50.48,50.48,15953
2026-04-01 14:25:00,50.4899,50.49,50.48,50.485,9225
2026-04-01 14:30:00,50.48,50.49,50.48,50.485,10806
2026-04-01 14:35:00,50.485,50.49,50.48,50.485,44901
2026-04-01 14:40:00,50.4899,50.49,50.48,50.48,22750
2026-04-01 14:45:00,50.485,50.49,50.48,50.49,10234
2026-04-01 14:50:00,50.4899,50.49,50.48,50.4803,7777
2026-04-01 14:55:00,50.4801,50.4806,50.4801,50.4806,2005
2026-04-01 15:00:00,50.48,50.49,50.48,50.48,2960
2026-04-01 15:05:00,50.485,50.49,50.48,50.49,8671
2026-04-01 15:10:00,50.4825,50.49,50.4801,50.485,15854
2026-04-01 15:15:00,50.49,50.49,50.48,50.4801,57084
2026-04-01 15:20:00,50.485,50.49,50.48,50.4849,31897
2026-04-01 15:25:00,50.485,50.49,50.48,50.48,16781
2026-04-01 15:30:00,50.48,50.49,50.48,50.4801,16978
2026-04-01 15:35:00,50.4899,50.49,50.48,50.485,16749
2026-04-01 15:40:00,50.49,50.49,50.48,50.48,8257
2026-04-01 15:45:00,50.48,50.49,50.48,50.485,8572
2026-04-01 15:50:00,50.485,50.49,50.48,50.485,39574
2026-04-01 15:55:00,50.485,50.49,50.48,50.485,57176
2026-04-01 16:00:00,50.49,50.49,50.48,50.49,1630
2026-04-01 16:05:00,50.48,50.48,50.48,50.48,300
2026-04-01 16:10:00,50.4813,50.4813,50.4813,50.4813,100
2026-04-01 16:15:00,50.4813,50.4813,50.4813,50.4813,155
2026-04-01 16:20:00,50.48,50.48,50.48,50.48,1200
2026-04-01 16:25:00,50.4804,50.4804,50.4804,50.4804,172
2026-04-01 16:30:00,50.4899,50.4899,50.4899,50.4899,3962
2026-04-01 16:35:00,50.48,50.4887,50.48,50.4887,13060
2026-04-01 16:45:00,50.48,50.48,50.48,50.48,350
2026-04-01 16:50:00,50.4813,50.4813,50.4813,50.4813,118
2026-04-01 17:10:00,50.49,50.49,50.49,50.49,5863
2026-04-01 18:25:00,50.49,50.49,50.49,50.49,993
2026-04-01 18:30:00,50.4887,50.4887,50.4887,50.4887,100
2026-04-01 18:35:00,50.485,50.485,50.485,50.485,100
2026-04-01 18:40:00,50.49,50.49,50.49,50.49,700
2026-04-01 18:45:00,50.4897,50.4897,50.4897,50.4897,100
2026-04-01 19:55:00,50.4887,50.4899,50.4887,50.4899,2323
2026-04-01 04:00:00,50.6,50.6,50.6,50.6,1000
2026-04-01 04:15:00,50.49,50.49,50.49,50.49,782
2026-04-01 04:30:00,50.485,50.485,50.485,50.485,1000
2026-04-01 07:05:00,50.48,50.48,50.48,50.48,2000
2026-04-01 07:15:00,50.4891,50.4891,50.48,50.48,2200
2026-04-01 07:45:00,50.49,50.49,50.49,50.49,1000
2026-04-01 08:00:00,50.4899,50.4899,50.4899,50.4899,350
2026-04-01 08:40:00,50.4895,50.4895,50.4895,50.4895,1000
2026-04-01 08:55:00,50.4891,50.4891,50.4891,50.4891,400
2026-04-01 09:30:00,50.49,50.49,50.48,50.485,106490
2026-04-01 09:35:00,50.4801,50.49,50.48,50.485,26503
2026-04-01 09:40:00,50.485,50.49,50.48,50.4899,11290
2026-04-01 09:45:00,50.49,50.49,50.48,50.485,41735
2026-04-01 09:50:00,50.485,50.49,50.48,50.485,9580
2026-04-01 09:55:00,50.485,50.49,50.48,50.48,5684
2026-04-01 10:00:00,50.49,50.49,50.48,50.4899,20841
2026-04-01 10:05:00,50.4869,50.49,50.485,50.485,11323
2026-04-01 10:10:00,50.485,50.49,50.4801,50.485,5389
2026-04-01 10:15:00,50.485,50.4899,50.48,50.4899,8341
2026-04-01 10:20:00,50.49,50.49,50.48,50.485,24063
2026-04-01 10:25:00,50.485,50.49,50.485,50.4899,11302
2026-04-01 10:30:00,50.485,50.49,50.48,50.485,11466
2026-04-01 10:35:00,50.485,50.4899,50.48,50.485,36430
2026-04-01 10:40:00,50.4808,50.49,50.4808,50.485,13796
2026-04-01 10:45:00,50.485,50.49,50.48,50.485,26751
2026-04-01 10:50:00,50.485,50.49,50.48,50.485,33294
2026-04-01 10:55:00,50.49,50.49,50.48,50.49,10230
2026-04-01 11:00:00,50.485,50.49,50.4801,50.4801,24479
2026-04-01 11:05:00,50.49,50.49,50.48,50.48,224357
2026-04-01 11:10:00,50.49,50.49,50.4801,50.4801,4155
2026-04-01 11:15:00,50.485,50.49,50.48,50.49,18131
2026-04-01 11:20:00,50.485,50.485,50.48,50.485,5323
2026-04-01 11:25:00,50.485,50.49,50.48,50.485,87378
2026-04-01 11:30:00,50.4801,50.49,50.48,50.481,15236
2026-04-01 11:35:00,50.48,50.49,50.48,50.48,176926
2026-04-01 11:40:00,50.485,50.4899,50.48,50.48,74355
2026-04-01 11:45:00,50.485,50.49,50.48,50.485,20856
2026-04-01 11:50:00,50.485,50.49,50.48,50.485,20956
2026-04-01 11:55:00,50.4899,50.49,50.48,50.49,16904
2026-04-01 12:00:00,50.485,50.49,50.48,50.485,9832
2026-04-01 12:05:00,50.49,50.49,50.48,50.485,9131
2026-04-01 12:10:00,50.49,50.49,50.48,50.485,101570
2026-04-01 12:15:00,50.485,50.49,50.48,50.48,72999
2026-04-01 12:20:00,50.485,50.4899,50.48,50.485,2511
2026-04-01 12:25:00,50.4801,50.4899,50.48,50.485,4887
2026-04-01 12:30:00,50.485,50.49,50.48,50.48,34694
2026-04-01 12:35:00,50.48,50.4899,50.48,50.485,13231
2026-04-01 12:40:00,50.48,50.49,50.48,50.48,10915
2026-04-01 12:45:00,50.4899,50.49,50.48,50.485,10583
2026-04-01 12:50:00,50.485,50.49,50.485,50.49,3862
2026-04-01 12:55:00,50.485,50.4899,50.48,50.485,4693
2026-04-01 13:00:00,50.485,50.49,50.48,50.48,3494
2026-04-01 13:05:00,50.485,50.49,50.48,50.48,7052
2026-04-01 13:10:00,50.4899,50.49,50.4801,50.4847,11419
2026-04-01 13:15:00,50.485,50.485,50.48,50.4815,5057
2026-04-01 13:20:00,50.48,50.4899,50.48,50.4898,1562
2026-04-01 13:25:00,50.48,50.49,50.48,50.485,9576
2026-04-01 13:30:00,50.4887,50.49,50.48,50.485,16242
2026-04-01 13:35:00,50.48,50.49,50.48,50.48,31628
2026-04-01 13:40:00,50.48,50.4899,50.48,50.4854,4452
2026-04-01 13:45:00,50.4899,50.49,50.48,50.485,23138
2026-04-01 13:50:00,50.485,50.49,50.48,50.485,22218
2026-04-01 13:55:00,50.485,50.49,50.48,50.48,40963
2026-04-01 14:00:00,50.48,50.49,50.48,50.485,12644
2026-04-01 14:05:00,50.485,50.49,50.48,50.485,5798
2026-04-01 14:10:00,50.48,50.49,50.48,50.49,20590
2026-04-01 14:15:00,50.485,50.49,50.48,50.485,14717
2026-04-01 14:20:00,50.485,50.49,50.48,50.48,15953
2026-04-01 14:25:00,50.4899,50.49,50.48,50.485,9225
2026-04-01 14:30:00,50.48,50.49,50.48,50.485,10806
2026-04-01 14:35:00,50.485,50.49,50.48,50.485,44901
2026-04-01 14:40:00,50.4899,50.49,50.48,50.48,22750
2026-04-01 14:45:00,50.485,50.49,50.48,50.49,10234
2026-04-01 14:50:00,50.4899,50.49,50.48,50.4803,7777
2026-04-01 14:55:00,50.4801,50.4806,50.4801,50.4806,2005
2026-04-01 15:00:00,50.48,50.49,50.48,50.48,2960
2026-04-01 15:05:00,50.485,50.49,50.48,50.49,8671
2026-04-01 15:10:00,50.4825,50.49,50.4801,50.485,15854
2026-04-01 15:15:00,50.49,50.49,50.48,50.4801,57084
2026-04-01 15:20:00,50.485,50.49,50.48,50.4849,31897
2026-04-01 15:25:00,50.485,50.49,50.48,50.48,16781
2026-04-01 15:30:00,50.48,50.49,50.48,50.4801,16978
2026-04-01 15:35:00,50.4899,50.49,50.48,50.485,16749
2026-04-01 15:40:00,50.49,50.49,50.48,50.48,8257
2026-04-01 15:45:00,50.48,50.49,50.48,50.485,8572
2026-04-01 15:50:00,50.485,50.49,50.48,50.485,39574
2026-04-01 15:55:00,50.485,50.49,50.48,50.485,57176
2026-04-01 16:00:00,50.49,50.49,50.48,50.49,1630
2026-04-01 16:05:00,50.48,50.48,50.48,50.48,300
2026-04-01 16:10:00,50.4813,50.4813,50.4813,50.4813,100
2026-04-01 16:15:00,50.4813,50.4813,50.4813,50.4813,155
2026-04-01 16:20:00,50.48,50.48,50.48,50.48,1200
2026-04-01 16:25:00,50.4804,50.4804,50.4804,50.4804,172
2026-04-01 16:30:00,50.4899,50.4899,50.4899,50.4899,3962
2026-04-01 16:35:00,50.48,50.4887,50.48,50.4887,13060
2026-04-01 16:45:00,50.48,50.48,50.48,50.48,350
2026-04-01 16:50:00,50.4813,50.4813,50.4813,50.4813,118
2026-04-01 17:10:00,50.49,50.49,50.49,50.49,5863
2026-04-01 18:25:00,50.49,50.49,50.49,50.49,993
2026-04-01 18:30:00,50.4887,50.4887,50.4887,50.4887,100
2026-04-01 18:35:00,50.485,50.485,50.485,50.485,100
2026-04-01 18:40:00,50.49,50.49,50.49,50.49,700
2026-04-01 18:45:00,50.4897,50.4897,50.4897,50.4897,100
2026-04-01 19:55:00,50.4887,50.4899,50.4887,50.4899,2323
2026-04-02 04:00:00,50.57,50.57,50.57,50.57,263
2026-04-02 05:35:00,50.51,50.51,50.51,50.51,13900
2026-04-02 07:05:00,50.505,50.505,50.505,50.505,500
2026-04-02 07:10:00,50.505,50.505,50.505,50.505,500
2026-04-02 07:55:00,50.5087,50.5087,50.5087,50.5087,500
2026-04-02 09:05:00,50.505,50.505,50.505,50.505,2767
2026-04-02 09:30:00,50.51,50.51,50.5,50.505,107200
2026-04-02 09:35:00,50.5071,50.51,50.5,50.505,87240
2026-04-02 09:40:00,50.51,50.51,50.5,50.51,7039
2026-04-02 09:45:00,50.5028,50.51,50.5,50.505,8053
2026-04-02 09:50:00,50.51,50.51,50.5,50.5099,8277
2026-04-02 09:55:00,50.51,50.51,50.5,50.5,14047
2026-04-02 10:00:00,50.5001,50.5099,50.5,50.5001,1973
2026-04-02 10:05:00,50.5016,50.5016,50.5,50.5,17412
2026-04-02 10:10:00,50.505,50.51,50.5,50.505,18400
2026-04-02 10:15:00,50.505,50.51,50.5,50.5099,72292
2026-04-02 10:20:00,50.505,50.51,50.5,50.51,3339
2026-04-02 10:25:00,50.5001,50.51,50.5,50.505,48005
2026-04-02 10:30:00,50.5099,50.51,50.5,50.5099,143267
2026-04-02 10:35:00,50.51,50.51,50.5,50.5099,14923
2026-04-02 10:40:00,50.505,50.51,50.5,50.505,4905
2026-04-02 10:45:00,50.51,50.51,50.5,50.5093,3602
2026-04-02 10:50:00,50.51,50.51,50.5,50.5,2104
2026-04-02 10:55:00,50.5097,50.51,50.5044,50.505,9876
2026-04-02 11:00:00,50.505,50.51,50.5,50.51,15356
2026-04-02 11:05:00,50.505,50.51,50.5001,50.505,3901
2026-04-02 11:10:00,50.505,50.5099,50.5,50.5099,2197
2026-04-02 11:15:00,50.5045,50.51,50.5,50.505,8677
2026-04-02 11:20:00,50.5001,50.51,50.5,50.51,42770
2026-04-02 11:25:00,50.51,50.51,50.505,50.505,2508
2026-04-02 11:30:00,50.51,50.51,50.5013,50.51,6080
2026-04-02 11:35:00,50.505,50.51,50.5,50.5005,5857
2026-04-02 11:40:00,50.505,50.51,50.5,50.505,5839
2026-04-02 11:45:00,50.5095,50.51,50.5,50.5003,27853
2026-04-02 11:50:00,50.505,50.505,50.505,50.505,924
2026-04-02 11:55:00,50.51,50.51,50.505,50.505,12752
2026-04-02 12:00:00,50.5099,50.51,50.5001,50.51,5782
2026-04-02 12:05:00,50.51,50.51,50.5,50.505,3386
2026-04-02 12:10:00,50.5001,50.51,50.5,50.51,14635
2026-04-02 12:15:00,50.5096,50.51,50.5,50.5099,12843
2026-04-02 12:20:00,50.51,50.51,50.5,50.5001,2043
2026-04-02 12:25:00,50.5099,50.51,50.505,50.51,33967
2026-04-02 12:30:00,50.5,50.5099,50.5,50.5,1484
2026-04-02 12:35:00,50.505,50.51,50.5001,50.505,10437
2026-04-02 12:40:00,50.505,50.51,50.5,50.5,64985
2026-04-02 12:45:00,50.51,50.51,50.5,50.5099,13045
2026-04-02 12:50:00,50.505,50.51,50.5001,50.51,10102
2026-04-02 12:55:00,50.5085,50.51,50.5,50.5001,2897
2026-04-02 13:00:00,50.5001,50.51,50.5001,50.5003,30551
2026-04-02 13:05:00,50.51,50.51,50.505,50.51,820
2026-04-02 13:10:00,50.505,50.51,50.5,50.5001,3002
2026-04-02 13:15:00,50.51,50.51,50.5,50.5,2305
2026-04-02 13:20:00,50.51,50.51,50.5,50.505,18632
2026-04-02 13:25:00,50.505,50.51,50.5002,50.51,1054
2026-04-02 13:30:00,50.5042,50.51,50.5042,50.505,5542
2026-04-02 13:35:00,50.51,50.51,50.5,50.5,9811
2026-04-02 13:40:00,50.505,50.51,50.5001,50.51,2999
2026-04-02 13:45:00,50.51,50.51,50.5,50.505,9212
2026-04-02 13:50:00,50.505,50.51,50.5001,50.5001,18050
2026-04-02 13:55:00,50.5001,50.5099,50.5,50.5099,1692
2026-04-02 14:05:00,50.5001,50.51,50.5,50.5099,20581
2026-04-02 14:10:00,50.5097,50.51,50.505,50.505,21534
2026-04-02 14:15:00,50.5,50.51,50.5,50.505,21514
2026-04-02 14:20:00,50.5099,50.51,50.5,50.505,21626
2026-04-02 14:25:00,50.5002,50.51,50.5002,50.505,1879
2026-04-02 14:30:00,50.5099,50.51,50.504,50.504,1935
2026-04-02 14:35:00,50.5002,50.51,50.5,50.5002,8785
2026-04-02 14:40:00,50.505,50.51,50.505,50.5099,8129
2026-04-02 14:45:00,50.5099,50.51,50.5,50.5002,245819
2026-04-02 14:50:00,50.505,50.51,50.5,50.505,69660
2026-04-02 14:55:00,50.505,50.51,50.5,50.5,7167
2026-04-02 15:00:00,50.505,50.51,50.5,50.51,6757
2026-04-02 15:05:00,50.505,50.51,50.5,50.505,8138
2026-04-02 15:10:00,50.505,50.51,50.5,50.505,11641
2026-04-02 15:15:00,50.51,50.51,50.5,50.5,27598
2026-04-02 15:20:00,50.505,50.51,50.5,50.5099,17692
2026-04-02 15:25:00,50.5099,50.51,50.5,50.504,54943
2026-04-02 15:30:00,50.5099,50.51,50.5,50.505,9704
2026-04-02 15:35:00,50.5099,50.51,50.5001,50.5099,11774
2026-04-02 15:40:00,50.5,50.51,50.5,50.501,215792
2026-04-02 15:45:00,50.5002,50.51,50.5001,50.51,6317
2026-04-02 15:50:00,50.51,50.51,50.5001,50.5099,22787
2026-04-02 15:55:00,50.505,50.51,50.5,50.51,23188
2026-04-02 16:00:00,50.51,50.51,50.5097,50.5097,12014
2026-04-02 16:10:00,50.5099,50.5099,50.5099,50.5099,180
2026-04-02 16:15:00,50.5001,50.5001,50.5001,50.5001,200
2026-04-02 17:05:00,50.5,50.5,50.5,50.5,100
2026-04-02 17:25:00,50.51,50.51,50.51,50.51,580
2026-04-02 17:30:00,50.5099,50.5099,50.5099,50.5099,200
2026-04-02 17:40:00,50.5001,50.5001,50.5001,50.5001,3200
2026-04-02 18:00:00,50.505,50.505,50.505,50.505,100
2026-04-02 18:50:00,50.51,50.51,50.51,50.51,190
2026-04-02 19:30:00,50.5001,50.5001,50.5001,50.5001,425
2026-04-02 19:50:00,50.5087,50.5087,50.5087,50.5087,237
2026-04-02 19:55:00,50.5013,50.5016,50.5003,50.5011,10000
