2026-03-04 04:10:00,6.75,6.75,6.75,6.75,1000
2026-03-04 04:15:00,6.8,6.8,6.8,6.8,771
2026-03-04 04:20:00,6.8,6.8,6.8,6.8,100
2026-03-04 04:25:00,6.79,6.79,6.79,6.79,1309
2026-03-04 04:35:00,6.82,6.83,6.82,6.83,2093
2026-03-04 04:45:00,6.86,6.86,6.86,6.86,200
2026-03-04 05:05:00,6.86,6.91,6.86,6.91,6665
2026-03-04 05:10:00,6.94,7.0,6.94,7.0,3939
2026-03-04 05:15:00,7.0,7.0,7.0,7.0,885
2026-03-04 05:20:00,7.0,7.02,7.0,7.02,1797
2026-03-04 05:25:00,6.97,6.97,6.97,6.97,200
2026-03-04 05:35:00,6.99,6.99,6.99,6.99,340
2026-03-04 05:40:00,6.98,6.98,6.98,6.98,10230
2026-03-04 05:45:00,6.98,6.99,6.97,6.97,3150
2026-03-04 05:50:00,6.98,6.98,6.97,6.97,823
2026-03-04 06:00:00,6.98,7.01,6.98,7.01,3746
2026-03-04 06:05:00,7.03,7.09,7.03,7.06,12443
2026-03-04 06:10:00,7.06,7.08,7.06,7.07,5044
2026-03-04 06:15:00,7.07,7.13,7.07,7.13,4471
2026-03-04 06:20:00,7.13,7.13,7.12,7.12,4484
2026-03-04 06:30:00,7.07,7.07,7.07,7.07,3966
2026-03-04 06:40:00,7.06,7.08,7.06,7.08,2839
2026-03-04 06:45:00,7.07,7.07,7.07,7.07,147
2026-03-04 06:55:00,7.03,7.03,7.03,7.03,500
2026-03-04 07:00:00,7.04,7.04,6.98,7.0,1899
2026-03-04 07:05:00,7.0,7.01,7.0,7.01,4868
2026-03-04 07:15:00,6.98,6.98,6.98,6.98,500
2026-03-04 07:20:00,6.98,6.98,6.98,6.98,3991
2026-03-04 07:30:00,6.95,6.95,6.95,6.95,310
2026-03-04 07:35:00,6.98,6.98,6.98,6.98,366
2026-03-04 07:55:00,6.98,6.98,6.98,6.98,4000
2026-03-04 08:00:00,6.9996,7.14,6.6,7.01,42265
2026-03-04 08:05:00,7.02,7.05,7.02,7.05,11000
2026-03-04 08:10:00,7.05,7.07,7.04,7.05,400
2026-03-04 08:15:00,7.0413,7.0413,7.0413,7.0413,100
2026-03-04 08:25:00,7.0403,7.06,7.0403,7.06,2500
2026-03-04 08:30:00,7.05,7.05,7.05,7.05,628
2026-03-04 08:40:00,7.0896,7.0896,7.08,7.08,3500
2026-03-04 08:45:00,7.09,7.1,7.09,7.1,1000
2026-03-04 08:50:00,7.1,7.1,7.1,7.1,800
2026-03-04 08:55:00,7.09,7.1,7.09,7.1,5560
2026-03-04 09:00:00,7.1,7.1,7.1,7.1,480
2026-03-04 09:05:00,7.09,7.09,7.09,7.09,600
2026-03-04 09:15:00,7.0801,7.0801,7.0801,7.0801,1200
2026-03-04 09:20:00,7.071,7.071,7.07,7.07,11850
2026-03-04 09:25:00,7.07,7.07,7.0,7.01,19228
2026-03-04 09:30:00,6.99,7.19,6.895,7.18,508148
2026-03-04 09:35:00,7.18,7.19,7.1,7.11,353867
2026-03-04 09:40:00,7.11,7.11,7.06,7.07,249341
2026-03-04 09:45:00,7.07,7.1,7.03,7.05,342357
2026-03-04 09:50:00,7.05,7.0501,7.0162,7.02,544384
2026-03-04 09:55:00,7.03,7.03,6.97,7.0,334666
2026-03-04 10:00:00,7.01,7.0901,7.01,7.0599,350237
2026-03-04 10:05:00,7.06,7.13,7.0497,7.13,460720
2026-03-04 10:10:00,7.1299,7.15,7.0899,7.15,300717
2026-03-04 10:15:00,7.16,7.22,7.16,7.208,325784
2026-03-04 10:20:00,7.21,7.2838,7.21,7.28,230068
2026-03-04 10:25:00,7.2797,7.35,7.27,7.34,384627
2026-03-04 10:30:00,7.34,7.34,7.3001,7.31,713377
2026-03-04 10:35:00,7.3101,7.32,7.29,7.2911,423833
2026-03-04 10:40:00,7.2928,7.305,7.27,7.27,763971
2026-03-04 10:45:00,7.26,7.2601,7.225,7.225,463869
2026-03-04 10:50:00,7.2204,7.2485,7.2,7.24,598555
2026-03-04 10:55:00,7.24,7.2703,7.24,7.2509,787472
2026-03-04 11:00:00,7.26,7.2703,7.24,7.25,978166
2026-03-04 11:05:00,7.25,7.2523,7.2,7.2,444408
2026-03-04 11:10:00,7.2,7.2017,7.135,7.145,566637
2026-03-04 11:15:00,7.145,7.18,7.135,7.17,778728
2026-03-04 11:20:00,7.1673,7.17,7.13,7.15,369361
2026-03-04 11:25:00,7.16,7.225,7.16,7.22,411115
2026-03-04 11:30:00,7.225,7.245,7.225,7.24,669760
2026-03-04 11:35:00,7.25,7.2601,7.2199,7.23,395851
2026-03-04 11:40:00,7.235,7.3038,7.2299,7.29,517577
2026-03-04 11:45:00,7.285,7.3099,7.285,7.2977,426158
2026-03-04 11:50:00,7.29,7.32,7.29,7.31,445878
2026-03-04 11:55:00,7.31,7.31,7.2938,7.3,700619
2026-03-04 12:00:00,7.3,7.321,7.2962,7.31,416988
2026-03-04 12:05:00,7.3162,7.3238,7.31,7.32,519750
2026-03-04 12:10:00,7.3199,7.32,7.2835,7.29,835782
2026-03-04 12:15:00,7.29,7.3,7.2762,7.281,680991
2026-03-04 12:20:00,7.29,7.2901,7.2595,7.26,375621
2026-03-04 12:25:00,7.2684,7.27,7.235,7.25,849473
2026-03-04 12:30:00,7.2401,7.25,7.235,7.25,579502
2026-03-04 12:35:00,7.24,7.2402,7.2262,7.2299,476768
2026-03-04 12:40:00,7.23,7.25,7.2282,7.25,780216
2026-03-04 12:45:00,7.2401,7.25,7.2097,7.2097,463361
2026-03-04 12:50:00,7.21,7.235,7.2062,7.2203,431466
2026-03-04 12:55:00,7.226,7.226,7.1962,7.225,246041
2026-03-04 13:00:00,7.2299,7.236,7.205,7.22,912474
2026-03-04 13:05:00,7.22,7.225,7.2001,7.215,993143
2026-03-04 13:10:00,7.21,7.2238,7.2094,7.2199,538781
2026-03-04 13:15:00,7.22,7.2299,7.215,7.22,221230
2026-03-04 13:20:00,7.22,7.2231,7.2,7.2001,790696
2026-03-04 13:25:00,7.2038,7.2174,7.195,7.21,445740
2026-03-04 13:30:00,7.21,7.255,7.2062,7.2401,711862
2026-03-04 13:35:00,7.245,7.2699,7.2398,7.2601,628868
2026-03-04 13:40:00,7.26,7.27,7.25,7.25,110476
2026-03-04 13:45:00,7.26,7.265,7.2476,7.255,595775
2026-03-04 13:50:00,7.26,7.279,7.2501,7.27,613371
2026-03-04 13:55:00,7.27,7.3,7.265,7.3,148941
2026-03-04 14:00:00,7.295,7.31,7.2938,7.3017,355174
2026-03-04 14:05:00,7.305,7.305,7.2766,7.2766,670362
2026-03-04 14:10:00,7.28,7.3,7.275,7.2901,146742
2026-03-04 14:15:00,7.2901,7.3,7.2901,7.295,84325
2026-03-04 14:20:00,7.29,7.305,7.2838,7.3,337406
2026-03-04 14:25:00,7.295,7.32,7.295,7.2999,312459
2026-03-04 14:30:00,7.3,7.305,7.255,7.27,689935
2026-03-04 14:35:00,7.2738,7.275,7.26,7.27,343373
2026-03-04 14:40:00,7.265,7.27,7.2537,7.2537,178635
2026-03-04 14:45:00,7.255,7.265,7.25,7.26,445979
2026-03-04 14:50:00,7.27,7.27,7.255,7.26,197029
2026-03-04 14:55:00,7.2598,7.2738,7.2462,7.2699,765236
2026-03-04 15:00:00,7.27,7.305,7.27,7.3,253858
2026-03-04 15:05:00,7.3,7.31,7.2899,7.2899,466925
2026-03-04 15:10:00,7.2898,7.3099,7.2898,7.29,485815
2026-03-04 15:15:00,7.2899,7.32,7.285,7.3127,1124599
2026-03-04 15:20:00,7.315,7.3215,7.3099,7.315,539693
2026-03-04 15:25:00,7.32,7.335,7.31,7.3121,513373
2026-03-04 15:30:00,7.3194,7.3228,7.3099,7.32,379651
2026-03-04 15:35:00,7.33,7.3515,7.3284,7.33,261617
2026-03-04 15:40:00,7.33,7.365,7.33,7.365,217558
2026-03-04 15:45:00,7.3601,7.37,7.3514,7.3514,255378
2026-03-04 15:50:00,7.35,7.35,7.25,7.26,641353
2026-03-04 15:55:00,7.26,7.2999,7.2417,7.29,293057
2026-03-04 16:00:00,7.29,7.29,7.28,7.29,2742
2026-03-04 16:05:00,7.27,7.28,7.27,7.28,4271
2026-03-04 16:10:00,7.2898,7.2898,7.28,7.28,800
2026-03-04 16:15:00,7.28,7.28,7.28,7.28,971
2026-03-04 16:20:00,7.27,7.28,7.27,7.28,3000
2026-03-04 16:25:00,7.26,7.26,7.26,7.26,1000
2026-03-04 16:30:00,7.245,7.25,7.22,7.23,96126
2026-03-04 16:40:00,7.25,7.25,7.25,7.25,200
2026-03-04 17:30:00,7.25,7.25,7.25,7.25,230
2026-03-04 18:00:00,7.25,7.25,7.25,7.25,200
2026-03-04 18:05:00,7.2797,7.2797,7.2797,7.2797,125
2026-03-04 18:15:00,7.28,7.28,7.26,7.26,10732
2026-03-04 18:30:00,7.26,7.26,7.26,7.26,100
2026-03-04 18:40:00,7.2697,7.2703,7.2697,7.2703,670
2026-03-04 18:55:00,7.27,7.27,7.27,7.27,277
2026-03-04 19:05:00,7.2797,7.2797,7.2797,7.2797,100
2026-03-04 19:15:00,7.29,7.3,7.29,7.3,3276
2026-03-04 19:20:00,7.3,7.3,7.3,7.3,454
2026-03-04 19:40:00,7.31,7.31,7.31,7.31,1065
2026-03-04 19:45:00,7.3,7.31,7.3,7.31,2000
2026-03-05 04:05:00,7.27,7.3,7.27,7.3,4743
2026-03-05 04:10:00,7.31,7.31,7.3,7.31,1448
2026-03-05 04:20:00,7.29,7.3,7.29,7.3,8882
2026-03-05 04:25:00,7.28,7.28,7.28,7.28,1000
2026-03-05 04:30:00,7.26,7.26,7.26,7.26,1581
2026-03-05 04:35:00,7.25,7.25,7.25,7.25,200
2026-03-05 05:05:00,7.28,7.28,7.28,7.28,1000
2026-03-05 05:15:00,7.28,7.28,7.28,7.28,200
2026-03-05 05:20:00,7.29,7.29,7.29,7.29,100
2026-03-05 05:35:00,7.295,7.295,7.295,7.295,1400
2026-03-05 06:00:00,7.26,7.27,7.26,7.27,1615
2026-03-05 06:15:00,7.285,7.285,7.285,7.285,400
2026-03-05 06:30:00,7.28,7.28,7.28,7.28,500
2026-03-05 06:35:00,7.275,7.275,7.26,7.26,300
2026-03-05 07:00:00,7.26,7.26,7.25,7.25,1400
2026-03-05 07:20:00,7.27,7.27,7.27,7.27,500
2026-03-05 07:25:00,7.27,7.27,7.27,7.27,1100
2026-03-05 07:35:00,7.24,7.24,7.24,7.24,10000
2026-03-05 07:40:00,7.23,7.23,7.23,7.23,2947
2026-03-05 07:50:00,7.23,7.23,7.23,7.23,500
2026-03-05 08:00:00,7.25,7.29,7.2,7.21,50614
2026-03-05 08:05:00,7.2,7.2,7.2,7.2,3800
2026-03-05 08:10:00,7.18,7.18,7.18,7.18,100
2026-03-05 08:15:00,7.1802,7.1802,7.1802,7.1802,500
2026-03-05 08:20:00,7.1702,7.1702,7.1702,7.1702,200
2026-03-05 08:25:00,7.17,7.1704,7.17,7.1704,900
2026-03-05 08:35:00,7.15,7.16,7.15,7.16,1309
2026-03-05 08:40:00,7.155,7.16,7.15,7.16,1500
2026-03-05 08:50:00,7.17,7.17,7.16,7.16,276
2026-03-05 08:55:00,7.14,7.14,7.14,7.14,9988
2026-03-05 09:00:00,7.14,7.14,7.14,7.14,1400
2026-03-05 09:05:00,7.1424,7.1424,7.14,7.14,2061
2026-03-05 09:10:00,7.15,7.15,7.15,7.15,800
2026-03-05 09:20:00,7.1401,7.15,7.14,7.14,1300
2026-03-05 09:25:00,7.14,7.14,7.1,7.11,6242
2026-03-05 09:30:00,7.12,7.24,7.085,7.235,290404
2026-03-05 09:35:00,7.24,7.26,7.19,7.23,286163
2026-03-05 09:40:00,7.24,7.24,7.2,7.235,314130
2026-03-05 09:45:00,7.24,7.3,7.21,7.25,248778
2026-03-05 09:50:00,7.25,7.3,7.24,7.29,217912
2026-03-05 09:55:00,7.3,7.3238,7.27,7.31,464324
2026-03-05 10:00:00,7.31,7.33,7.2562,7.26,533199
2026-03-05 10:05:00,7.2637,7.28,7.25,7.25,387382
2026-03-05 10:10:00,7.26,7.3,7.26,7.2901,435360
2026-03-05 10:15:00,7.29,7.3,7.23,7.2301,376668
2026-03-05 10:20:00,7.23,7.2401,7.2087,7.21,394446
2026-03-05 10:25:00,7.21,7.22,7.1862,7.2,345934
2026-03-05 10:30:00,7.2,7.2,7.135,7.18,631595
2026-03-05 10:35:00,7.17,7.24,7.1699,7.24,308363
2026-03-05 10:40:00,7.24,7.275,7.23,7.2461,678753
2026-03-05 10:45:00,7.25,7.26,7.2482,7.25,282521
2026-03-05 10:50:00,7.24,7.3099,7.24,7.29,891584
2026-03-05 10:55:00,7.285,7.2901,7.2562,7.28,668787
2026-03-05 11:00:00,7.285,7.3099,7.26,7.26,867596
2026-03-05 11:05:00,7.26,7.2799,7.26,7.27,215095
2026-03-05 11:10:00,7.27,7.3001,7.24,7.27,722457
2026-03-05 11:15:00,7.26,7.261,7.22,7.24,525018
2026-03-05 11:20:00,7.24,7.2999,7.24,7.28,611077
2026-03-05 11:25:00,7.2801,7.32,7.2603,7.2603,837957
2026-03-05 11:30:00,7.26,7.325,7.255,7.3099,560542
2026-03-05 11:35:00,7.3001,7.3238,7.285,7.2899,580843
2026-03-05 11:40:00,7.29,7.305,7.275,7.29,669295
2026-03-05 11:45:00,7.29,7.315,7.2799,7.2799,530603
2026-03-05 11:50:00,7.2799,7.285,7.2505,7.27,620244
2026-03-05 11:55:00,7.2762,7.3306,7.2762,7.33,446356
2026-03-05 12:00:00,7.32,7.36,7.2999,7.36,373250
2026-03-05 12:05:00,7.3601,7.37,7.31,7.31,508686
2026-03-05 12:10:00,7.3,7.3001,7.265,7.2701,575751
2026-03-05 12:15:00,7.27,7.2738,7.22,7.225,452399
2026-03-05 12:20:00,7.22,7.221,7.18,7.22,711985
2026-03-05 12:25:00,7.2201,7.225,7.18,7.18,710012
2026-03-05 12:30:00,7.18,7.1899,7.1297,7.14,513417
2026-03-05 12:35:00,7.1399,7.1699,7.1199,7.16,817016
2026-03-05 12:40:00,7.17,7.1801,7.135,7.1599,819779
2026-03-05 12:45:00,7.1512,7.16,7.1199,7.12,870881
2026-03-05 12:50:00,7.1272,7.175,7.105,7.143,507086
2026-03-05 12:55:00,7.14,7.14,7.1,7.1101,820675
2026-03-05 13:00:00,7.11,7.1301,7.1074,7.13,774945
2026-03-05 13:05:00,7.12,7.1501,7.1162,7.1411,498075
2026-03-05 13:10:00,7.1499,7.1701,7.1318,7.17,1039952
2026-03-05 13:15:00,7.1699,7.1701,7.0801,7.09,1264134
2026-03-05 13:20:00,7.0862,7.125,7.0667,7.11,585247
2026-03-05 13:25:00,7.1,7.1,7.05,7.06,695615
2026-03-05 13:30:00,7.06,7.105,7.0566,7.1,1283439
2026-03-05 13:35:00,7.1,7.1101,7.085,7.0881,667197
2026-03-05 13:40:00,7.0801,7.125,7.08,7.125,1054141
2026-03-05 13:45:00,7.125,7.125,7.09,7.1,431061
2026-03-05 13:50:00,7.105,7.105,7.0767,7.08,1551581
2026-03-05 13:55:00,7.0898,7.1201,7.0898,7.12,1108557
2026-03-05 14:00:00,7.1199,7.1499,7.1199,7.12,564702
2026-03-05 14:05:00,7.1295,7.145,7.1262,7.1313,452983
2026-03-05 14:10:00,7.13,7.1438,7.12,7.14,683947
2026-03-05 14:15:00,7.1488,7.15,7.125,7.15,549364
2026-03-05 14:20:00,7.16,7.165,7.1299,7.14,486975
2026-03-05 14:25:00,7.135,7.145,7.0898,7.125,739913
2026-03-05 14:30:00,7.13,7.13,7.0862,7.09,1081328
2026-03-05 14:35:00,7.0801,7.085,7.065,7.085,949901
2026-03-05 14:40:00,7.0899,7.1,7.0701,7.1,218006
2026-03-05 14:45:00,7.1002,7.1333,7.0962,7.13,440713
2026-03-05 14:50:00,7.1299,7.135,7.08,7.0801,853806
2026-03-05 14:55:00,7.08,7.095,7.0698,7.08,899890
2026-03-05 15:00:00,7.0899,7.1338,7.08,7.13,970094
2026-03-05 15:05:00,7.13,7.16,7.0999,7.155,485517
2026-03-05 15:10:00,7.15,7.165,7.145,7.15,711321
2026-03-05 15:15:00,7.16,7.1638,7.1399,7.1599,494272
2026-03-05 15:20:00,7.16,7.1903,7.1599,7.1838,467805
2026-03-05 15:25:00,7.19,7.2201,7.18,7.18,420636
2026-03-05 15:30:00,7.17,7.215,7.17,7.21,773396
2026-03-05 15:35:00,7.2199,7.2203,7.195,7.2,703586
2026-03-05 15:40:00,7.1999,7.2101,7.19,7.2,899606
2026-03-05 15:45:00,7.2001,7.225,7.185,7.22,962730
2026-03-05 15:50:00,7.24,7.25,7.21,7.235,426642
2026-03-05 15:55:00,7.24,7.28,7.24,7.27,446608
2026-03-05 16:00:00,7.27,7.27,7.24,7.27,2234
2026-03-05 16:05:00,7.27,7.27,7.24,7.24,718
2026-03-05 16:10:00,7.23,7.23,7.23,7.23,10000
2026-03-05 16:20:00,7.25,7.25,7.24,7.24,14163
2026-03-05 16:25:00,7.24,7.25,7.24,7.25,2259
2026-03-05 16:30:00,7.2402,7.2402,7.2402,7.2402,101
2026-03-05 16:35:00,7.24,7.24,7.24,7.24,776
2026-03-05 16:50:00,7.239,7.239,7.239,7.239,130
2026-03-05 16:55:00,7.23,7.23,7.23,7.23,1200
2026-03-05 17:15:00,7.22,7.22,7.22,7.22,750
2026-03-05 17:20:00,7.22,7.24,7.22,7.24,321
2026-03-05 18:10:00,7.24,7.24,7.24,7.24,1500
2026-03-05 18:40:00,7.24,7.24,7.24,7.24,500
2026-03-05 18:50:00,7.24,7.24,7.24,7.24,13197
2026-03-05 19:00:00,7.25,7.25,7.25,7.25,4729
2026-03-05 19:05:00,7.26,7.28,7.26,7.28,807
2026-03-05 19:10:00,7.2801,7.2801,7.2801,7.2801,10000
2026-03-05 19:15:00,7.27,7.27,7.27,7.27,500
2026-03-05 19:20:00,7.2672,7.2672,7.2672,7.2672,100
2026-03-05 19:50:00,7.26,7.26,7.26,7.26,650
2026-03-05 19:55:00,7.219,7.219,7.219,7.219,150
2026-03-06 04:35:00,7.19,7.19,7.19,7.19,200
2026-03-06 04:40:00,7.185,7.185,7.18,7.18,806
2026-03-06 04:45:00,7.175,7.175,7.175,7.175,700
2026-03-06 04:55:00,7.215,7.215,7.21,7.21,1375
2026-03-06 05:00:00,7.21,7.21,7.21,7.21,200
2026-03-06 05:10:00,7.245,7.245,7.245,7.245,675
2026-03-06 05:25:00,7.25,7.25,7.25,7.25,3800
2026-03-06 05:45:00,7.215,7.215,7.215,7.215,675
2026-03-06 06:00:00,7.21,7.21,7.21,7.21,1900
2026-03-06 06:05:00,7.2,7.2,7.2,7.2,675
2026-03-06 06:10:00,7.215,7.215,7.215,7.215,675
2026-03-06 06:15:00,7.21,7.21,7.21,7.21,1350
2026-03-06 06:20:00,7.215,7.215,7.215,7.215,675
2026-03-06 06:40:00,7.175,7.175,7.165,7.165,2049
2026-03-06 06:50:00,7.18,7.18,7.18,7.18,100
2026-03-06 06:55:00,7.165,7.17,7.165,7.165,1475
2026-03-06 07:00:00,7.17,7.17,7.17,7.17,3430
2026-03-06 07:05:00,7.16,7.17,7.16,7.17,1250
2026-03-06 07:10:00,7.16,7.165,7.16,7.165,1556
2026-03-06 07:30:00,7.165,7.165,7.155,7.165,2900
2026-03-06 07:35:00,7.15,7.15,7.15,7.15,278
2026-03-06 07:45:00,7.145,7.145,7.145,7.145,700
2026-03-06 07:50:00,7.145,7.145,7.145,7.145,675
2026-03-06 07:55:00,7.125,7.125,7.125,7.125,675
2026-03-06 08:00:00,7.18,7.31,7.13,7.14,9055
2026-03-06 08:10:00,7.15,7.15,7.15,7.15,400
2026-03-06 08:30:00,7.12,7.12,7.1,7.1,3339
2026-03-06 08:35:00,7.12,7.13,7.1,7.1,11000
2026-03-06 08:40:00,7.085,7.085,7.07,7.075,17780
2026-03-06 08:45:00,7.07,7.07,7.05,7.05,18063
2026-03-06 08:50:00,7.05,7.05,7.01,7.025,23626
2026-03-06 08:55:00,7.0,7.02,6.99,7.0098,28618
2026-03-06 09:00:00,7.01,7.0298,7.0,7.0,7237
2026-03-06 09:05:00,7.005,7.015,7.005,7.01,4662
2026-03-06 09:10:00,6.9902,7.0299,6.9902,7.0299,3801
2026-03-06 09:15:00,7.015,7.015,7.0,7.0,75658
2026-03-06 09:20:00,7.015,7.0313,7.015,7.0303,6243
2026-03-06 09:25:00,7.03,7.03,6.995,7.0,6963
2026-03-06 09:30:00,7.0,7.0,6.9,6.94,391735
2026-03-06 09:35:00,6.94,6.94,6.86,6.9,282847
2026-03-06 09:40:00,6.9,6.93,6.8718,6.8999,389676
2026-03-06 09:45:00,6.9,6.92,6.8571,6.9,386778
2026-03-06 09:50:00,6.9,6.9474,6.885,6.939,337971
2026-03-06 09:55:00,6.93,6.9301,6.88,6.9202,440192
2026-03-06 10:00:00,6.9201,7.0,6.92,6.9798,521738
2026-03-06 10:05:00,6.98,7.0001,6.935,6.94,451660
2026-03-06 10:10:00,6.9399,7.0001,6.9399,6.99,449596
2026-03-06 10:15:00,6.99,7.0093,6.96,6.995,417385
2026-03-06 10:20:00,6.99,6.9993,6.9661,6.99,440673
2026-03-06 10:25:00,6.99,6.99,6.9499,6.96,409632
2026-03-06 10:30:00,6.97,6.9788,6.95,6.9599,785079
2026-03-06 10:35:00,6.96,7.025,6.9501,7.0,1108953
2026-03-06 10:40:00,6.99,6.9939,6.9439,6.9599,1319885
2026-03-06 10:45:00,6.95,6.9599,6.92,6.9339,787288
2026-03-06 10:50:00,6.93,6.93,6.8961,6.9201,1147835
2026-03-06 10:55:00,6.9299,7.0203,6.9299,7.0093,720157
2026-03-06 11:00:00,7.0,7.0297,6.985,7.0199,802468
2026-03-06 11:05:00,7.015,7.0399,6.9905,6.9905,1189022
2026-03-06 11:10:00,7.0,7.0101,6.98,7.0001,1102056
2026-03-06 11:15:00,7.01,7.0594,7.0,7.0501,1074340
2026-03-06 11:20:00,7.0501,7.0501,7.0061,7.03,980342
2026-03-06 11:25:00,7.03,7.0539,7.0261,7.0437,1034231
2026-03-06 11:30:00,7.0495,7.05,6.9897,6.9899,1409385
2026-03-06 11:35:00,6.99,7.05,6.985,7.05,975433
2026-03-06 11:40:00,7.05,7.0787,7.0393,7.0739,673883
2026-03-06 11:45:00,7.07,7.1101,7.0699,7.0961,726247
2026-03-06 11:50:00,7.095,7.11,7.06,7.0601,1066890
2026-03-06 11:55:00,7.0602,7.0901,7.055,7.055,1118634
2026-03-06 12:00:00,7.05,7.0601,7.035,7.05,1283308
2026-03-06 12:05:00,7.04,7.04,6.995,7.0006,975942
2026-03-06 12:10:00,7.0099,7.025,7.005,7.02,749763
2026-03-06 12:15:00,7.0199,7.0396,7.005,7.0325,1333252
2026-03-06 12:20:00,7.04,7.065,7.0361,7.0407,1078665
2026-03-06 12:25:00,7.0401,7.045,7.0,7.03,714333
2026-03-06 12:30:00,7.0201,7.0202,7.0,7.02,605773
2026-03-06 12:35:00,7.0203,7.0203,6.9661,6.97,999724
2026-03-06 12:40:00,6.979,6.99,6.955,6.99,946965
2026-03-06 12:45:00,6.99,7.0062,6.98,7.0,824643
2026-03-06 12:50:00,7.01,7.025,7.0,7.02,475545
2026-03-06 12:55:00,7.0199,7.0234,7.0002,7.0002,695970
2026-03-06 13:00:00,7.0,7.0308,6.9901,7.0101,721123
2026-03-06 13:05:00,7.01,7.0501,7.01,7.0501,550311
2026-03-06 13:10:00,7.05,7.1001,7.05,7.1001,514469
2026-03-06 13:15:00,7.1,7.125,7.0994,7.1199,809733
2026-03-06 13:20:00,7.12,7.15,7.1097,7.12,1184740
2026-03-06 13:25:00,7.1199,7.12,7.095,7.1,1066359
2026-03-06 13:30:00,7.11,7.1295,7.0998,7.105,1061307
2026-03-06 13:35:00,7.1,7.1,7.075,7.09,874596
2026-03-06 13:40:00,7.08,7.0801,7.0661,7.0699,521912
2026-03-06 13:45:00,7.07,7.075,7.05,7.06,597979
2026-03-06 13:50:00,7.0606,7.065,7.015,7.015,643743
2026-03-06 13:55:00,7.015,7.016,7.005,7.0103,95084
2026-03-06 14:00:00,7.019,7.0261,7.01,7.01,693802
2026-03-06 14:05:00,7.01,7.0399,7.005,7.0299,1184184
2026-03-06 14:10:00,7.0299,7.0391,7.0201,7.03,916607
2026-03-06 14:15:00,7.03,7.0499,7.03,7.04,1014919
2026-03-06 14:20:00,7.04,7.045,7.0097,7.02,2132602
2026-03-06 14:25:00,7.0199,7.045,7.0098,7.04,1273411
2026-03-06 14:30:00,7.04,7.0599,7.0399,7.045,1012216
2026-03-06 14:35:00,7.05,7.0501,7.015,7.0301,815809
2026-03-06 14:40:00,7.03,7.06,7.03,7.03,1277722
2026-03-06 14:45:00,7.02,7.0299,7.0103,7.02,1014892
2026-03-06 14:50:00,7.02,7.045,7.015,7.04,1144863
2026-03-06 14:55:00,7.0497,7.07,7.0484,7.065,270236
2026-03-06 15:00:00,7.07,7.0939,7.065,7.0839,249887
2026-03-06 15:05:00,7.085,7.085,7.0601,7.0711,587808
2026-03-06 15:10:00,7.0701,7.0701,7.0,7.01,838019
2026-03-06 15:15:00,7.01,7.0299,7.0,7.0201,748201
2026-03-06 15:20:00,7.02,7.0299,6.9761,6.98,1228693
2026-03-06 15:25:00,6.97,6.97,6.9399,6.94,563753
2026-03-06 15:30:00,6.94,6.955,6.93,6.9401,717203
2026-03-06 15:35:00,6.937,6.9679,6.925,6.9679,1050433
2026-03-06 15:40:00,6.96,7.0,6.9499,6.98,851581
2026-03-06 15:45:00,6.98,6.99,6.9795,6.9864,934458
2026-03-06 15:50:00,6.98,6.98,6.95,6.97,671063
2026-03-06 15:55:00,6.965,6.975,6.94,6.94,875293
2026-03-06 16:00:00,6.94,6.95,6.92,6.92,6632
2026-03-06 16:05:00,6.92,6.92,6.92,6.92,300
2026-03-06 16:15:00,6.9401,6.9401,6.94,6.94,755
2026-03-06 16:20:00,6.9497,6.95,6.9497,6.95,1175
2026-03-06 16:25:00,6.94,6.94,6.94,6.94,914
2026-03-06 16:30:00,6.939,6.939,6.939,6.939,500
2026-03-06 16:35:00,6.93,6.9329,6.92,6.9329,2847
2026-03-06 16:45:00,6.94,6.94,6.94,6.94,200
2026-03-06 16:55:00,6.94,6.94,6.94,6.94,800
2026-03-06 17:00:00,6.95,6.95,6.9496,6.9496,2187
2026-03-06 17:05:00,6.9217,6.94,6.9217,6.93,1510
2026-03-06 17:30:00,6.93,6.93,6.93,6.93,3000
2026-03-06 17:40:00,6.94,6.94,6.94,6.94,200
2026-03-06 17:50:00,6.92,6.92,6.92,6.92,100
2026-03-06 18:00:00,6.92,6.92,6.92,6.92,775
2026-03-06 18:05:00,6.92,6.92,6.92,6.92,871
2026-03-06 18:30:00,6.95,6.95,6.95,6.95,100
2026-03-06 19:05:00,6.91,6.91,6.91,6.91,1248
2026-03-06 19:10:00,6.9,6.91,6.9,6.9,1659
2026-03-06 19:25:00,6.9,6.9,6.9,6.9,1000
2026-03-06 19:30:00,6.9,6.9,6.9,6.9,739
2026-03-06 19:35:00,6.9,6.9,6.9,6.9,700
2026-03-06 19:50:00,6.9,6.9,6.9,6.9,100
2026-03-06 19:55:00,6.8915,6.8915,6.8915,6.8915,125
2026-03-09 04:00:00,6.72,6.72,6.71,6.71,3125
2026-03-09 04:10:00,6.69,6.69,6.67,6.68,4787
2026-03-09 04:15:00,6.67,6.67,6.66,6.66,5355
2026-03-09 04:20:00,6.65,6.67,6.65,6.67,12618
2026-03-09 04:25:00,6.68,6.68,6.68,6.68,200
2026-03-09 04:30:00,6.7,6.7,6.7,6.7,2889
2026-03-09 04:35:00,6.7,6.7,6.7,6.7,656
2026-03-09 04:40:00,6.685,6.71,6.68,6.71,26032
2026-03-09 04:50:00,6.7,6.7,6.7,6.7,500
2026-03-09 05:15:00,6.78,6.78,6.78,6.78,1100
2026-03-09 05:20:00,6.79,6.81,6.79,6.8,2700
2026-03-09 05:30:00,6.81,6.84,6.81,6.84,1500
2026-03-09 05:35:00,6.86,6.86,6.85,6.85,1300
2026-03-09 05:40:00,6.82,6.82,6.82,6.82,663
2026-03-09 05:50:00,6.795,6.795,6.78,6.78,599
2026-03-09 05:55:00,6.79,6.79,6.79,6.79,2714
2026-03-09 06:10:00,6.78,6.78,6.78,6.78,2000
2026-03-09 06:15:00,6.78,6.78,6.76,6.76,6733
2026-03-09 06:35:00,6.75,6.75,6.75,6.75,200
2026-03-09 06:55:00,6.74,6.74,6.74,6.74,865
2026-03-09 07:00:00,6.75,6.75,6.74,6.74,2100
2026-03-09 07:05:00,6.72,6.72,6.72,6.72,500
2026-03-09 07:10:00,6.71,6.71,6.69,6.69,1756
2026-03-09 07:15:00,6.68,6.68,6.68,6.68,2200
2026-03-09 07:20:00,6.675,6.675,6.675,6.675,300
2026-03-09 07:25:00,6.66,6.66,6.66,6.66,353
2026-03-09 07:30:00,6.67,6.67,6.67,6.67,203
2026-03-09 07:35:00,6.69,6.69,6.69,6.69,1100
2026-03-09 07:40:00,6.68,6.68,6.68,6.68,600
2026-03-09 07:45:00,6.67,6.67,6.67,6.67,1500
2026-03-09 07:55:00,6.68,6.68,6.68,6.68,200
2026-03-09 08:00:00,6.68,6.77,6.59,6.67,22100
2026-03-09 08:05:00,6.7,6.7,6.7,6.7,500
2026-03-09 08:15:00,6.73,6.73,6.73,6.73,200
2026-03-09 08:20:00,6.74,6.74,6.74,6.74,200
2026-03-09 08:25:00,6.74,6.74,6.74,6.74,553
2026-03-09 08:35:00,6.719,6.719,6.71,6.71,674
2026-03-09 08:40:00,6.7,6.71,6.7,6.71,520
2026-03-09 08:45:00,6.7,6.715,6.7,6.715,3424
2026-03-09 08:50:00,6.705,6.705,6.705,6.705,1100
2026-03-09 08:55:00,6.71,6.71,6.71,6.71,1343
2026-03-09 09:00:00,6.735,6.735,6.73,6.73,1970
2026-03-09 09:10:00,6.73,6.755,6.73,6.755,800
2026-03-09 09:15:00,6.76,6.76,6.76,6.76,2473
2026-03-09 09:20:00,6.73,6.74,6.73,6.74,693
2026-03-09 09:25:00,6.74,6.74,6.7,6.71,22352
2026-03-09 09:30:00,6.71,6.81,6.69,6.79,470531
2026-03-09 09:35:00,6.795,6.8,6.62,6.62,288783
2026-03-09 09:40:00,6.615,6.63,6.5897,6.6,301528
2026-03-09 09:45:00,6.6,6.6,6.5262,6.53,295225
2026-03-09 09:50:00,6.535,6.545,6.51,6.52,271651
2026-03-09 09:55:00,6.51,6.53,6.47,6.52,493994
2026-03-09 10:00:00,6.52,6.565,6.4999,6.565,487469
2026-03-09 10:05:00,6.57,6.5764,6.4497,6.47,573730
2026-03-09 10:10:00,6.47,6.47,6.41,6.47,355687
2026-03-09 10:15:00,6.47,6.5001,6.46,6.4999,524843
2026-03-09 10:20:00,6.495,6.5301,6.45,6.53,473033
2026-03-09 10:25:00,6.5301,6.5301,6.46,6.475,462861
2026-03-09 10:30:00,6.48,6.5101,6.48,6.5,623199
2026-03-09 10:35:00,6.5,6.555,6.4997,6.55,555801
2026-03-09 10:40:00,6.5403,6.55,6.5199,6.55,687241
2026-03-09 10:45:00,6.55,6.5699,6.545,6.5597,972250
2026-03-09 10:50:00,6.56,6.575,6.5497,6.5599,939650
2026-03-09 10:55:00,6.5601,6.575,6.5399,6.55,1012169
2026-03-09 11:00:00,6.56,6.6013,6.56,6.585,834076
2026-03-09 11:05:00,6.585,6.6198,6.58,6.59,831732
2026-03-09 11:10:00,6.5805,6.6101,6.58,6.6,1134194
2026-03-09 11:15:00,6.6,6.6286,6.595,6.6001,680012
2026-03-09 11:20:00,6.605,6.635,6.59,6.63,917012
2026-03-09 11:25:00,6.63,6.6579,6.6197,6.6404,950052
2026-03-09 11:30:00,6.6402,6.645,6.625,6.6398,994925
2026-03-09 11:35:00,6.635,6.66,6.6233,6.6499,995979
2026-03-09 11:40:00,6.64,6.646,6.61,6.6201,853435
2026-03-09 11:45:00,6.6201,6.655,6.615,6.655,1144810
2026-03-09 11:50:00,6.655,6.7,6.6501,6.6999,508067
2026-03-09 11:55:00,6.6901,6.71,6.6808,6.696,440438
2026-03-09 12:00:00,6.6934,6.705,6.68,6.7,822515
2026-03-09 12:05:00,6.6999,6.7,6.6885,6.6899,153524
2026-03-09 12:10:00,6.68,6.6801,6.65,6.6731,910904
2026-03-09 12:15:00,6.675,6.675,6.6601,6.6698,612741
2026-03-09 12:20:00,6.67,6.68,6.645,6.67,1203958
2026-03-09 12:25:00,6.6799,6.735,6.6799,6.71,757444
2026-03-09 12:30:00,6.7199,6.7199,6.6808,6.7,943972
2026-03-09 12:35:00,6.7098,6.7301,6.6999,6.7101,944461
2026-03-09 12:40:00,6.71,6.7301,6.71,6.725,406545
2026-03-09 12:45:00,6.73,6.7401,6.7197,6.7301,1322861
2026-03-09 12:50:00,6.7201,6.725,6.715,6.715,411772
2026-03-09 12:55:00,6.71,6.7203,6.71,6.71,593385
2026-03-09 13:00:00,6.71,6.7299,6.7,6.7199,993699
2026-03-09 13:05:00,6.71,6.715,6.6885,6.7,1484504
2026-03-09 13:10:00,6.7099,6.7199,6.705,6.71,887051
2026-03-09 13:15:00,6.71,6.71,6.6801,6.69,466812
2026-03-09 13:20:00,6.69,6.69,6.665,6.6799,1130185
2026-03-09 13:25:00,6.6701,6.68,6.6601,6.675,742701
2026-03-09 13:30:00,6.6763,6.71,6.675,6.68,1297838
2026-03-09 13:35:00,6.68,6.7021,6.6685,6.68,939535
2026-03-09 13:40:00,6.675,6.6801,6.6598,6.675,669580
2026-03-09 13:45:00,6.675,6.7003,6.675,6.69,1037269
2026-03-09 13:50:00,6.69,6.7101,6.6898,6.7101,315705
2026-03-09 13:55:00,6.71,6.715,6.6998,6.71,570228
2026-03-09 14:00:00,6.71,6.7203,6.6999,6.7,560427
2026-03-09 14:05:00,6.705,6.725,6.7,6.705,684544
2026-03-09 14:10:00,6.7099,6.7399,6.705,6.73,385709
2026-03-09 14:15:00,6.7395,6.765,6.7203,6.76,629313
2026-03-09 14:20:00,6.755,6.765,6.74,6.76,702159
2026-03-09 14:25:00,6.76,6.76,6.74,6.75,580512
2026-03-09 14:30:00,6.7501,6.7799,6.745,6.7798,1586321
2026-03-09 14:35:00,6.7794,6.785,6.77,6.78,379507
2026-03-09 14:40:00,6.7898,6.8106,6.7892,6.7901,967216
2026-03-09 14:45:00,6.8,6.835,6.7999,6.815,1017712
2026-03-09 14:50:00,6.82,6.82,6.8099,6.81,555523
2026-03-09 14:55:00,6.8,6.8001,6.79,6.7906,409908
2026-03-09 15:00:00,6.79,6.8,6.785,6.79,1048506
2026-03-09 15:05:00,6.79,6.8015,6.78,6.785,646113
2026-03-09 15:10:00,6.78,6.8,6.77,6.79,520731
2026-03-09 15:15:00,6.79,6.92,6.7899,6.92,1212757
2026-03-09 15:20:00,6.9101,6.98,6.9,6.975,847901
2026-03-09 15:25:00,6.97,7.08,6.97,7.08,240661
2026-03-09 15:30:00,7.08,7.0851,7.02,7.0601,286527
2026-03-09 15:35:00,7.07,7.11,7.04,7.09,359873
2026-03-09 15:40:00,7.08,7.08,7.0109,7.05,303961
2026-03-09 15:45:00,7.04,7.0403,7.0,7.03,158171
2026-03-09 15:50:00,7.03,7.04,6.98,6.98,337797
2026-03-09 15:55:00,6.98,7.02,6.96,7.02,301010
2026-03-09 16:00:00,7.02,7.02,6.99,6.99,13076
2026-03-09 16:10:00,6.97,6.98,6.97,6.97,6570
2026-03-09 16:15:00,6.97,6.97,6.97,6.97,1304
2026-03-09 16:20:00,6.969,6.969,6.969,6.969,1000
2026-03-09 16:35:00,6.98,7.0,6.98,7.0,2795
2026-03-09 16:40:00,6.99,6.99,6.99,6.99,1001
2026-03-09 16:45:00,6.99,6.99,6.99,6.99,2550
2026-03-09 16:55:00,6.98,6.98,6.98,6.98,200
2026-03-09 18:00:00,6.97,6.97,6.97,6.97,2300
2026-03-09 18:05:00,6.98,6.98,6.98,6.98,926
2026-03-09 18:10:00,6.97,6.97,6.97,6.97,231
2026-03-09 18:20:00,6.955,6.955,6.93,6.93,9204
2026-03-09 18:25:00,6.93,6.93,6.93,6.93,1694
2026-03-09 18:30:00,6.95,6.95,6.94,6.94,1500
2026-03-09 18:40:00,6.95,6.95,6.9499,6.9499,1100
2026-03-09 18:45:00,6.9599,6.9599,6.9587,6.9587,4302
2026-03-09 18:50:00,6.95,6.95,6.95,6.95,1400
2026-03-09 18:55:00,6.95,6.95,6.95,6.95,3066
2026-03-09 19:05:00,6.95,6.95,6.95,6.95,12404
2026-03-09 19:10:00,6.96,6.9602,6.96,6.9602,325
2026-03-09 19:15:00,6.95,6.95,6.95,6.95,2100
2026-03-09 19:25:00,6.955,6.96,6.9527,6.96,12021
2026-03-09 19:30:00,6.96,6.96,6.96,6.96,100
2026-03-09 19:35:00,6.95,6.95,6.95,6.95,2524
2026-03-09 19:40:00,6.95,6.95,6.95,6.95,300
2026-03-09 19:50:00,6.94,6.94,6.94,6.94,3600
2026-03-10 04:05:00,7.08,7.09,7.08,7.09,3930
2026-03-10 04:10:00,7.09,7.09,7.09,7.09,123
2026-03-10 04:20:00,7.09,7.09,7.09,7.09,1205
2026-03-10 04:25:00,7.09,7.09,7.09,7.09,398
2026-03-10 04:35:00,7.12,7.12,7.12,7.12,813
2026-03-10 04:45:00,7.13,7.13,7.13,7.13,603
2026-03-10 04:50:00,7.13,7.13,7.13,7.13,100
2026-03-10 04:55:00,7.13,7.13,7.13,7.13,1000
2026-03-10 05:00:00,7.15,7.17,7.15,7.17,2898
2026-03-10 05:05:00,7.17,7.17,7.17,7.17,500
2026-03-10 05:10:00,7.185,7.2,7.18,7.18,4006
2026-03-10 05:15:00,7.18,7.18,7.18,7.18,1535
2026-03-10 05:20:00,7.18,7.18,7.18,7.18,605
2026-03-10 05:25:00,7.19,7.19,7.19,7.19,1000
2026-03-10 05:35:00,7.19,7.19,7.19,7.19,1697
2026-03-10 05:45:00,7.18,7.18,7.18,7.18,600
2026-03-10 06:10:00,7.17,7.17,7.17,7.17,2331
2026-03-10 06:15:00,7.16,7.16,7.16,7.16,1715
2026-03-10 06:35:00,7.15,7.15,7.13,7.13,600
2026-03-10 06:40:00,7.13,7.15,7.13,7.15,800
2026-03-10 06:55:00,7.15,7.15,7.15,7.15,120
2026-03-10 07:00:00,7.12,7.17,7.11,7.17,2372
2026-03-10 07:05:00,7.16,7.16,7.15,7.15,939
2026-03-10 07:15:00,7.11,7.11,7.1,7.11,1952
2026-03-10 07:20:00,7.09,7.1,7.09,7.1,700
2026-03-10 07:25:00,7.13,7.13,7.13,7.13,500
2026-03-10 07:40:00,7.1,7.1,7.071,7.071,982
2026-03-10 08:00:00,7.1302,7.18,6.96,7.04,12122
2026-03-10 08:05:00,7.03,7.03,7.03,7.03,309
2026-03-10 08:10:00,7.03,7.03,7.03,7.03,150
2026-03-10 08:15:00,7.03,7.03,7.03,7.03,900
2026-03-10 08:20:00,7.05,7.06,7.05,7.06,7300
2026-03-10 08:25:00,7.06,7.06,7.06,7.06,450
2026-03-10 08:30:00,7.04,7.04,7.03,7.03,2900
2026-03-10 08:35:00,7.0439,7.0439,7.0439,7.0439,700
2026-03-10 08:40:00,7.0501,7.07,7.0501,7.07,666
2026-03-10 08:50:00,7.09,7.12,7.09,7.12,4889
2026-03-10 08:55:00,7.11,7.11,7.1,7.1,1500
2026-03-10 09:00:00,7.11,7.11,7.11,7.11,1046
2026-03-10 09:10:00,7.1,7.1,7.1,7.1,1453
2026-03-10 09:20:00,7.1,7.1,7.0902,7.095,1350
2026-03-10 09:25:00,7.09,7.1397,7.09,7.1397,4369
2026-03-10 09:30:00,7.13,7.25,7.095,7.2,440168
2026-03-10 09:35:00,7.19,7.2,7.13,7.16,398163
2026-03-10 09:40:00,7.15,7.1801,7.12,7.18,589766
2026-03-10 09:45:00,7.18,7.2,7.12,7.18,458189
2026-03-10 09:50:00,7.19,7.2801,7.19,7.26,339523
2026-03-10 09:55:00,7.25,7.2801,7.235,7.26,178660
2026-03-10 10:00:00,7.27,7.27,7.185,7.22,254595
2026-03-10 10:05:00,7.2201,7.255,7.1499,7.1501,254432
2026-03-10 10:10:00,7.16,7.17,7.125,7.14,295028
2026-03-10 10:15:00,7.15,7.17,7.125,7.1699,449452
2026-03-10 10:20:00,7.17,7.195,7.14,7.14,495431
2026-03-10 10:25:00,7.14,7.145,7.0898,7.0921,907300
2026-03-10 10:30:00,7.1,7.125,7.085,7.115,1203771
2026-03-10 10:35:00,7.11,7.13,7.1,7.1099,1241315
2026-03-10 10:40:00,7.11,7.125,7.105,7.1105,1660230
2026-03-10 10:45:00,7.115,7.145,7.11,7.13,1356737
2026-03-10 10:50:00,7.14,7.2,7.14,7.1899,894623
2026-03-10 10:55:00,7.1899,7.225,7.18,7.22,707269
2026-03-10 11:00:00,7.2201,7.2699,7.22,7.2501,915003
2026-03-10 11:05:00,7.25,7.25,7.1899,7.1902,539031
2026-03-10 11:10:00,7.19,7.2099,7.1766,7.18,839250
2026-03-10 11:15:00,7.1799,7.2299,7.1766,7.2098,904464
2026-03-10 11:20:00,7.21,7.21,7.1801,7.195,909226
2026-03-10 11:25:00,7.19,7.1983,7.18,7.185,705591
2026-03-10 11:30:00,7.18,7.18,7.135,7.1399,691801
2026-03-10 11:35:00,7.14,7.155,7.13,7.14,1446902
2026-03-10 11:40:00,7.13,7.1728,7.125,7.1499,926072
2026-03-10 11:45:00,7.1499,7.155,7.125,7.145,1076984
2026-03-10 11:50:00,7.145,7.16,7.1398,7.14,395267
2026-03-10 11:55:00,7.1401,7.1523,7.1399,7.15,988709
2026-03-10 12:00:00,7.147,7.147,7.12,7.1301,416861
2026-03-10 12:05:00,7.13,7.13,7.09,7.1001,495330
2026-03-10 12:10:00,7.1,7.125,7.09,7.1,865414
2026-03-10 12:15:00,7.11,7.1506,7.1099,7.15,789972
2026-03-10 12:20:00,7.15,7.1599,7.1401,7.1403,511287
2026-03-10 12:25:00,7.1499,7.18,7.135,7.15,935248
2026-03-10 12:30:00,7.15,7.1699,7.145,7.15,1011714
2026-03-10 12:35:00,7.155,7.165,7.135,7.16,989672
2026-03-10 12:40:00,7.16,7.18,7.15,7.1799,549269
2026-03-10 12:45:00,7.18,7.1801,7.1398,7.14,633738
2026-03-10 12:50:00,7.1399,7.185,7.1397,7.18,853409
2026-03-10 12:55:00,7.1799,7.19,7.1794,7.18,1179943
2026-03-10 13:00:00,7.175,7.1901,7.165,7.19,859438
2026-03-10 13:05:00,7.185,7.2,7.1701,7.1701,469137
2026-03-10 13:10:00,7.175,7.18,7.145,7.145,253523
2026-03-10 13:15:00,7.1432,7.195,7.1432,7.185,563632
2026-03-10 13:20:00,7.18,7.18,7.155,7.155,325240
2026-03-10 13:25:00,7.1599,7.175,7.1599,7.1701,223705
2026-03-10 13:30:00,7.1701,7.1701,7.1301,7.14,827047
2026-03-10 13:35:00,7.13,7.14,7.095,7.115,706209
2026-03-10 13:40:00,7.12,7.145,7.115,7.12,800567
2026-03-10 13:45:00,7.12,7.165,7.1198,7.15,716341
2026-03-10 13:50:00,7.15,7.165,7.15,7.155,187955
2026-03-10 13:55:00,7.15,7.1583,7.1285,7.13,576077
2026-03-10 14:00:00,7.125,7.135,7.11,7.1199,1074378
2026-03-10 14:05:00,7.12,7.125,7.0998,7.105,479037
2026-03-10 14:10:00,7.11,7.12,6.995,6.995,585390
2026-03-10 14:15:00,7.0,7.05,6.995,7.01,376522
2026-03-10 14:20:00,7.01,7.0301,6.9905,7.025,366796
2026-03-10 14:25:00,7.02,7.0966,7.02,7.08,366768
2026-03-10 14:30:00,7.07,7.095,7.0599,7.085,448532
2026-03-10 14:35:00,7.0895,7.0996,7.04,7.0601,1165406
2026-03-10 14:40:00,7.06,7.085,7.0301,7.0701,1155327
2026-03-10 14:45:00,7.071,7.1,7.0635,7.09,672381
2026-03-10 14:50:00,7.09,7.1136,7.0798,7.0901,752880
2026-03-10 14:55:00,7.1001,7.1006,7.065,7.075,657083
2026-03-10 15:00:00,7.08,7.09,7.07,7.075,1148870
2026-03-10 15:05:00,7.07,7.0999,7.0683,7.085,586400
2026-03-10 15:10:00,7.0803,7.0891,7.0599,7.0891,739048
2026-03-10 15:15:00,7.09,7.1199,7.0898,7.1199,480235
2026-03-10 15:20:00,7.1199,7.1203,7.0701,7.1,744569
2026-03-10 15:25:00,7.1,7.1001,7.045,7.045,852346
2026-03-10 15:30:00,7.0499,7.06,7.0199,7.0201,601815
2026-03-10 15:35:00,7.03,7.055,7.0101,7.05,1007294
2026-03-10 15:40:00,7.055,7.075,7.03,7.05,832091
2026-03-10 15:45:00,7.055,7.055,7.025,7.035,481730
2026-03-10 15:50:00,7.04,7.04,6.9901,7.026,613166
2026-03-10 15:55:00,7.025,7.03,7.01,7.025,360536
2026-03-10 16:00:00,7.03,7.03,7.02,7.02,1311
2026-03-10 16:05:00,7.03,7.03,7.03,7.03,324
2026-03-10 16:15:00,7.05,7.05,7.05,7.05,600
2026-03-10 16:25:00,7.05,7.05,7.05,7.05,9300
2026-03-10 16:30:00,7.05,7.05,7.05,7.05,100
2026-03-10 17:20:00,7.03,7.03,7.03,7.03,200
2026-03-10 17:25:00,7.03,7.03,7.03,7.03,800
2026-03-10 17:45:00,7.05,7.05,7.05,7.05,370
2026-03-10 18:00:00,7.05,7.05,7.05,7.05,900
2026-03-10 18:05:00,7.05,7.05,7.05,7.05,150
2026-03-10 18:15:00,7.06,7.06,7.05,7.05,1110
2026-03-10 18:40:00,7.03,7.03,7.03,7.03,600
2026-03-10 18:45:00,7.03,7.03,7.03,7.03,100
2026-03-10 18:55:00,7.03,7.03,7.03,7.03,800
2026-03-10 19:05:00,7.0303,7.0303,7.0303,7.0303,438
2026-03-10 19:20:00,7.04,7.04,7.04,7.04,400
2026-03-10 19:45:00,7.0497,7.0497,7.0497,7.0497,1000
2026-03-11 04:00:00,7.0,7.01,7.0,7.01,8893
2026-03-11 04:20:00,7.04,7.04,7.04,7.04,1000
2026-03-11 04:35:00,7.03,7.03,7.03,7.03,100
2026-03-11 04:40:00,7.02,7.02,7.02,7.02,489
2026-03-11 04:55:00,7.02,7.02,7.02,7.02,100
2026-03-11 05:10:00,7.0,7.0,7.0,7.0,1341
2026-03-11 05:20:00,7.005,7.005,7.005,7.005,700
2026-03-11 05:25:00,6.99,6.99,6.99,6.99,900
2026-03-11 05:40:00,6.98,6.98,6.98,6.98,1500
2026-03-11 05:45:00,7.0,7.0,7.0,7.0,3600
2026-03-11 06:05:00,7.01,7.09,7.01,7.09,5365
2026-03-11 06:15:00,7.08,7.08,7.08,7.08,900
2026-03-11 06:20:00,7.06,7.06,7.06,7.06,2789
2026-03-11 07:05:00,7.07,7.07,7.07,7.07,1000
2026-03-11 07:45:00,7.06,7.06,7.06,7.06,1178
2026-03-11 07:50:00,7.06,7.08,7.06,7.07,21394
2026-03-11 08:00:00,7.02,7.08,6.98,7.05,12675
2026-03-11 08:05:00,7.05,7.05,7.05,7.05,26300
2026-03-11 08:15:00,7.0598,7.06,7.05,7.06,1400
2026-03-11 08:30:00,7.12,7.12,7.1,7.1,784
2026-03-11 08:35:00,7.06,7.06,7.06,7.06,100
2026-03-11 08:40:00,7.06,7.06,7.06,7.06,3800
2026-03-11 08:45:00,7.04,7.04,7.04,7.04,1900
2026-03-11 08:50:00,7.055,7.055,7.0401,7.0401,830
2026-03-11 09:00:00,7.07,7.07,7.05,7.06,26273
2026-03-11 09:05:00,7.07,7.07,7.07,7.07,551
2026-03-11 09:15:00,7.07,7.08,7.07,7.08,2103
2026-03-11 09:20:00,7.09,7.1,7.09,7.1,2423
2026-03-11 09:25:00,7.1,7.11,7.09,7.11,19516
2026-03-11 09:30:00,7.13,7.4,7.13,7.365,291534
2026-03-11 09:35:00,7.37,7.43,7.34,7.35,366884
2026-03-11 09:40:00,7.36,7.41,7.35,7.36,444058
2026-03-11 09:45:00,7.37,7.39,7.35,7.38,399843
2026-03-11 09:50:00,7.38,7.43,7.36,7.425,325535
2026-03-11 09:55:00,7.43,7.49,7.4199,7.48,420568
2026-03-11 10:00:00,7.49,7.63,7.49,7.57,631062
2026-03-11 10:05:00,7.57,7.5799,7.48,7.4801,414780
2026-03-11 10:10:00,7.4807,7.495,7.45,7.4899,500031
2026-03-11 10:15:00,7.49,7.515,7.4601,7.5099,503457
2026-03-11 10:20:00,7.5,7.5099,7.4699,7.47,501239
2026-03-11 10:25:00,7.4601,7.4797,7.44,7.4701,316176
2026-03-11 10:30:00,7.47,7.48,7.42,7.44,608637
2026-03-11 10:35:00,7.45,7.4901,7.45,7.47,330487
2026-03-11 10:40:00,7.475,7.4799,7.4599,7.465,703614
2026-03-11 10:45:00,7.4601,7.475,7.41,7.42,422803
2026-03-11 10:50:00,7.4201,7.425,7.385,7.4097,616065
2026-03-11 10:55:00,7.4001,7.4205,7.395,7.42,647322
2026-03-11 11:00:00,7.4299,7.4403,7.415,7.4399,730016
2026-03-11 11:05:00,7.45,7.455,7.4201,7.4355,444862
2026-03-11 11:10:00,7.4399,7.445,7.38,7.4,536141
2026-03-11 11:15:00,7.395,7.395,7.375,7.3801,267551
2026-03-11 11:20:00,7.38,7.44,7.3789,7.44,676275
2026-03-11 11:25:00,7.445,7.445,7.37,7.37,844523
2026-03-11 11:30:00,7.3699,7.37,7.32,7.345,622011
2026-03-11 11:35:00,7.34,7.3401,7.295,7.3099,645214
2026-03-11 11:40:00,7.31,7.3399,7.3,7.305,384235
2026-03-11 11:45:00,7.3,7.31,7.2799,7.3,606713
2026-03-11 11:50:00,7.3,7.34,7.3,7.34,1029016
2026-03-11 11:55:00,7.3399,7.3499,7.295,7.3,843796
2026-03-11 12:00:00,7.2901,7.3,7.2799,7.2999,379847
2026-03-11 12:05:00,7.2978,7.305,7.2866,7.2899,586292
2026-03-11 12:10:00,7.29,7.3001,7.27,7.2901,979083
2026-03-11 12:15:00,7.3,7.3101,7.2801,7.29,836598
2026-03-11 12:20:00,7.2801,7.3199,7.2801,7.3001,960629
2026-03-11 12:25:00,7.3099,7.315,7.3,7.31,793537
2026-03-11 12:30:00,7.3101,7.3505,7.3101,7.349,629291
2026-03-11 12:35:00,7.3499,7.355,7.3299,7.3386,499980
2026-03-11 12:40:00,7.33,7.34,7.3,7.31,442135
2026-03-11 12:45:00,7.31,7.325,7.295,7.31,676842
2026-03-11 12:50:00,7.315,7.32,7.29,7.31,636269
2026-03-11 12:55:00,7.305,7.315,7.305,7.3099,653977
2026-03-11 13:00:00,7.3099,7.3101,7.295,7.2999,344756
2026-03-11 13:05:00,7.2999,7.31,7.275,7.28,349105
2026-03-11 13:10:00,7.29,7.296,7.2701,7.285,913183
2026-03-11 13:15:00,7.28,7.2929,7.275,7.2899,755398
2026-03-11 13:20:00,7.29,7.3199,7.29,7.3101,517829
2026-03-11 13:25:00,7.32,7.3499,7.3169,7.3499,696699
2026-03-11 13:30:00,7.3401,7.345,7.325,7.33,413190
2026-03-11 13:35:00,7.3299,7.335,7.2201,7.2499,426022
2026-03-11 13:40:00,7.2599,7.2701,7.235,7.2601,775346
2026-03-11 13:45:00,7.26,7.2672,7.2499,7.2601,515009
2026-03-11 13:50:00,7.2699,7.285,7.26,7.265,612956
2026-03-11 13:55:00,7.26,7.265,7.2397,7.26,1296681
2026-03-11 14:00:00,7.26,7.26,7.24,7.2469,433729
2026-03-11 14:05:00,7.2401,7.245,7.22,7.22,508784
2026-03-11 14:10:00,7.22,7.2201,7.1901,7.205,416850
2026-03-11 14:15:00,7.2099,7.23,7.205,7.2202,731503
2026-03-11 14:20:00,7.2299,7.2401,7.2199,7.2299,397181
2026-03-11 14:25:00,7.2299,7.245,7.2201,7.24,629302
2026-03-11 14:30:00,7.25,7.25,7.235,7.24,504740
2026-03-11 14:35:00,7.2401,7.2489,7.225,7.235,287873
2026-03-11 14:40:00,7.24,7.2499,7.235,7.2399,87650
2026-03-11 14:45:00,7.24,7.25,7.235,7.235,188898
2026-03-11 14:50:00,7.24,7.28,7.235,7.2799,331012
2026-03-11 14:55:00,7.2897,7.29,7.26,7.2699,224520
2026-03-11 15:00:00,7.27,7.28,7.26,7.28,169225
2026-03-11 15:05:00,7.285,7.2899,7.2715,7.2799,444698
2026-03-11 15:10:00,7.275,7.275,7.25,7.26,247631
2026-03-11 15:15:00,7.26,7.265,7.2499,7.2601,640555
2026-03-11 15:20:00,7.26,7.2699,7.245,7.2599,357125
2026-03-11 15:25:00,7.265,7.28,7.265,7.2699,340166
2026-03-11 15:30:00,7.2694,7.33,7.2694,7.3201,490018
2026-03-11 15:35:00,7.32,7.32,7.3015,7.31,531913
2026-03-11 15:40:00,7.31,7.3351,7.31,7.325,302547
2026-03-11 15:45:00,7.325,7.345,7.3188,7.34,891765
2026-03-11 15:50:00,7.34,7.34,7.2999,7.31,311034
2026-03-11 15:55:00,7.315,7.34,7.305,7.33,255236
2026-03-11 16:00:00,7.33,7.33,7.32,7.32,5749
2026-03-11 16:05:00,7.33,7.33,7.33,7.33,3370
2026-03-11 16:15:00,7.32,7.3203,7.32,7.3203,500
2026-03-11 16:20:00,7.3201,7.3201,7.3201,7.3201,2000
2026-03-11 16:35:00,7.33,7.33,7.33,7.33,2809
2026-03-11 16:50:00,7.32,7.32,7.32,7.32,200
2026-03-11 17:30:00,7.31,7.32,7.31,7.32,1000
2026-03-11 17:45:00,7.3102,7.3102,7.3102,7.3102,200
2026-03-11 18:00:00,7.31,7.31,7.31,7.31,100
2026-03-11 18:10:00,7.3,7.3,7.3,7.3,1028
2026-03-11 18:15:00,7.3,7.3,7.3,7.3,500
2026-03-11 18:25:00,7.29,7.29,7.28,7.28,3790
2026-03-11 18:35:00,7.28,7.28,7.275,7.279,4200
2026-03-11 18:50:00,7.28,7.28,7.271,7.271,500
2026-03-11 18:55:00,7.27,7.28,7.27,7.28,5058
2026-03-11 19:00:00,7.28,7.28,7.28,7.28,200
2026-03-11 19:10:00,7.255,7.26,7.255,7.26,5100
2026-03-11 19:25:00,7.25,7.25,7.24,7.24,2200
2026-03-11 19:30:00,7.23,7.23,7.22,7.22,5404
2026-03-11 19:40:00,7.2,7.21,7.18,7.18,6332
2026-03-11 19:45:00,7.2,7.2002,7.2,7.2002,1600
2026-03-11 19:50:00,7.21,7.23,7.21,7.23,1626
2026-03-11 19:55:00,7.2199,7.2199,7.21,7.21,1200
2026-03-12 04:00:00,7.29,7.29,7.29,7.29,200
2026-03-12 04:20:00,7.28,7.28,7.28,7.28,907
2026-03-12 04:25:00,7.27,7.27,7.27,7.27,233
2026-03-12 04:45:00,7.3,7.3,7.3,7.3,1428
2026-03-12 04:55:00,7.31,7.31,7.31,7.31,2500
2026-03-12 05:00:00,7.31,7.31,7.3,7.3,1200
2026-03-12 05:15:00,7.29,7.29,7.29,7.29,1682
2026-03-12 05:20:00,7.29,7.29,7.28,7.28,1600
2026-03-12 05:30:00,7.31,7.31,7.31,7.31,100
2026-03-12 05:40:00,7.33,7.34,7.33,7.34,3872
2026-03-12 05:50:00,7.35,7.35,7.35,7.35,1544
2026-03-12 05:55:00,7.365,7.365,7.365,7.365,724
2026-03-12 06:10:00,7.34,7.34,7.34,7.34,1014
2026-03-12 06:20:00,7.36,7.36,7.36,7.36,601
2026-03-12 06:40:00,7.36,7.36,7.36,7.36,380
2026-03-12 06:50:00,7.35,7.35,7.35,7.35,100
2026-03-12 07:10:00,7.33,7.33,7.33,7.33,400
2026-03-12 07:15:00,7.33,7.335,7.33,7.335,3000
2026-03-12 07:25:00,7.33,7.33,7.33,7.33,382
2026-03-12 07:30:00,7.34,7.34,7.34,7.34,2557
2026-03-12 08:00:00,7.33,7.38,7.2,7.33,18103
2026-03-12 08:20:00,7.3,7.3,7.3,7.3,1100
2026-03-12 08:25:00,7.3112,7.32,7.3112,7.32,2159
2026-03-12 08:50:00,7.2899,7.2899,7.2899,7.2899,300
2026-03-12 09:00:00,7.32,7.32,7.32,7.32,300
2026-03-12 09:10:00,7.32,7.32,7.32,7.32,2100
2026-03-12 09:15:00,7.28,7.28,7.28,7.28,1356
2026-03-12 09:25:00,7.29,7.3,7.23,7.23,23542
2026-03-12 09:30:00,7.22,7.27,7.16,7.23,313346
2026-03-12 09:35:00,7.24,7.27,7.22,7.24,394488
2026-03-12 09:40:00,7.24,7.25,7.18,7.2099,244621
2026-03-12 09:45:00,7.2,7.2001,7.1,7.1799,396508
2026-03-12 09:50:00,7.18,7.1901,7.09,7.1001,301695
2026-03-12 09:55:00,7.0999,7.105,7.0501,7.07,502089
2026-03-12 10:00:00,7.08,7.115,7.0766,7.08,594332
2026-03-12 10:05:00,7.09,7.09,7.035,7.0684,294718
2026-03-12 10:10:00,7.0699,7.1299,7.065,7.1299,427930
2026-03-12 10:15:00,7.125,7.1301,7.0797,7.09,475018
2026-03-12 10:20:00,7.0901,7.105,7.071,7.0801,387023
2026-03-12 10:25:00,7.09,7.09,7.0201,7.0299,476914
2026-03-12 10:30:00,7.03,7.04,6.96,6.9701,1134012
2026-03-12 10:35:00,6.9797,6.9801,6.915,6.93,511204
2026-03-12 10:40:00,6.9399,6.96,6.9101,6.955,523287
2026-03-12 10:45:00,6.96,7.0,6.865,6.8799,444672
2026-03-12 10:50:00,6.88,6.8899,6.855,6.8799,366411
2026-03-12 10:55:00,6.88,6.905,6.8798,6.8899,500696
2026-03-12 11:00:00,6.89,6.9099,6.885,6.8899,653950
2026-03-12 11:05:00,6.89,6.9001,6.8794,6.9,783660
2026-03-12 11:10:00,6.9,6.9199,6.8885,6.8999,644353
2026-03-12 11:15:00,6.91,6.93,6.909,6.9099,623084
2026-03-12 11:20:00,6.91,6.93,6.895,6.9299,664110
2026-03-12 11:25:00,6.9399,6.96,6.92,6.93,998993
2026-03-12 11:30:00,6.93,6.945,6.9298,6.9401,403273
2026-03-12 11:35:00,6.9402,7.01,6.915,7.01,871944
2026-03-12 11:40:00,7.0,7.0002,6.9798,6.99,511699
2026-03-12 11:45:00,6.99,7.0001,6.9499,6.9799,698581
2026-03-12 11:50:00,6.9701,6.9903,6.96,6.99,1204975
2026-03-12 11:55:00,6.9906,6.9906,6.965,6.98,824084
2026-03-12 12:00:00,6.98,7.01,6.97,7.01,801173
2026-03-12 12:05:00,7.015,7.015,6.93,6.95,956985
2026-03-12 12:10:00,6.9599,7.0,6.95,7.0,622652
2026-03-12 12:15:00,7.0,7.0399,7.0,7.0199,866605
2026-03-12 12:20:00,7.015,7.0497,7.0001,7.0284,823655
2026-03-12 12:25:00,7.0201,7.0201,6.9901,7.0,928544
2026-03-12 12:30:00,7.0,7.045,6.99,7.0301,1243198
2026-03-12 12:35:00,7.0399,7.08,7.035,7.07,833685
2026-03-12 12:40:00,7.0601,7.0601,7.03,7.0501,853796
2026-03-12 12:45:00,7.05,7.0506,7.0101,7.05,699543
2026-03-12 12:50:00,7.0499,7.0701,7.03,7.04,543168
2026-03-12 12:55:00,7.04,7.0515,7.0299,7.0434,646679
2026-03-12 13:00:00,7.04,7.07,7.035,7.06,722312
2026-03-12 13:05:00,7.0601,7.0799,7.0315,7.04,443913
2026-03-12 13:10:00,7.0499,7.0706,7.0499,7.05,631931
2026-03-12 13:15:00,7.05,7.05,7.0199,7.02,828437
2026-03-12 13:20:00,7.0199,7.055,7.0165,7.045,774274
2026-03-12 13:25:00,7.05,7.0708,7.0399,7.04,624874
2026-03-12 13:30:00,7.0394,7.0506,7.0394,7.04,577098
2026-03-12 13:35:00,7.0407,7.0501,7.0101,7.0199,413295
2026-03-12 13:40:00,7.015,7.035,6.985,6.985,570260
2026-03-12 13:45:00,6.9805,6.9805,6.945,6.95,727930
2026-03-12 13:50:00,6.96,6.981,6.9392,6.95,687684
2026-03-12 13:55:00,6.94,6.955,6.9101,6.95,988356
2026-03-12 14:00:00,6.95,6.9706,6.9401,6.97,847562
2026-03-12 14:05:00,6.96,6.985,6.96,6.9799,689135
2026-03-12 14:10:00,6.9701,6.995,6.97,6.98,877680
2026-03-12 14:15:00,6.99,6.9901,6.969,6.9699,594542
2026-03-12 14:20:00,6.96,6.965,6.9399,6.96,1021423
2026-03-12 14:25:00,6.9599,6.98,6.95,6.96,958537
2026-03-12 14:30:00,6.9601,6.97,6.9501,6.955,260539
2026-03-12 14:35:00,6.9598,6.965,6.945,6.965,633412
2026-03-12 14:40:00,6.9634,6.97,6.9501,6.955,380822
2026-03-12 14:45:00,6.9599,6.965,6.9301,6.9301,219516
2026-03-12 14:50:00,6.9399,6.955,6.9287,6.94,329773
2026-03-12 14:55:00,6.94,6.945,6.935,6.935,115964
2026-03-12 15:00:00,6.9399,6.965,6.924,6.94,529137
2026-03-12 15:05:00,6.93,6.945,6.925,6.94,603255
2026-03-12 15:10:00,6.93,6.935,6.915,6.9201,640394
2026-03-12 15:15:00,6.9299,6.965,6.9273,6.955,431075
2026-03-12 15:20:00,6.95,6.9785,6.945,6.97,476003
2026-03-12 15:25:00,6.96,6.9697,6.95,6.95,570514
2026-03-12 15:30:00,6.96,6.9762,6.96,6.965,434383
2026-03-12 15:35:00,6.96,6.9699,6.9401,6.9401,164520
2026-03-12 15:40:00,6.9401,6.945,6.925,6.9401,314592
2026-03-12 15:45:00,6.945,6.945,6.915,6.93,694626
2026-03-12 15:50:00,6.93,6.9301,6.88,6.9301,487295
2026-03-12 15:55:00,6.93,6.935,6.86,6.86,288429
2026-03-12 16:00:00,6.87,6.87,6.86,6.8682,6234
2026-03-12 16:05:00,6.88,6.88,6.88,6.88,5800
2026-03-12 16:15:00,6.87,6.87,6.87,6.87,128
2026-03-12 16:20:00,6.87,6.87,6.87,6.87,1000
2026-03-12 16:25:00,6.87,6.87,6.87,6.87,213
2026-03-12 16:30:00,6.87,6.87,6.87,6.87,600
2026-03-12 16:45:00,6.8701,6.8701,6.87,6.87,2700
2026-03-12 16:55:00,6.87,6.91,6.87,6.91,1314
2026-03-12 17:30:00,6.87,6.87,6.87,6.87,154
2026-03-12 17:40:00,6.87,6.87,6.87,6.87,100
2026-03-12 18:00:00,6.87,6.88,6.87,6.88,530
2026-03-12 18:15:00,6.87,6.87,6.87,6.87,200
2026-03-12 18:20:00,6.86,6.86,6.86,6.86,538
2026-03-12 18:25:00,6.88,6.89,6.88,6.89,2326
2026-03-12 18:35:00,6.9,6.9,6.9,6.9,300
2026-03-12 18:40:00,6.9,6.9,6.9,6.9,545
2026-03-12 18:45:00,6.8999,6.8999,6.8999,6.8999,150
2026-03-12 19:05:00,6.91,6.91,6.9,6.9,400
2026-03-12 19:10:00,6.89,6.89,6.89,6.89,200
2026-03-12 19:20:00,6.8897,6.8897,6.8897,6.8897,550
2026-03-12 19:25:00,6.89,6.89,6.89,6.89,914
2026-03-12 19:40:00,6.8998,6.8998,6.89,6.89,1700
2026-03-12 19:45:00,6.88,6.88,6.88,6.88,1200
2026-03-12 19:50:00,6.89,6.89,6.8897,6.8897,200
2026-03-13 04:00:00,6.86,6.86,6.85,6.85,3263
2026-03-13 04:05:00,6.83,6.83,6.83,6.83,1500
2026-03-13 04:10:00,6.82,6.84,6.82,6.84,232
2026-03-13 04:35:00,6.87,6.88,6.87,6.88,402
2026-03-13 05:00:00,6.93,6.93,6.93,6.93,1000
2026-03-13 05:50:00,6.92,6.92,6.92,6.92,1713
2026-03-13 06:20:00,6.96,6.96,6.96,6.96,2271
2026-03-13 06:25:00,6.96,6.96,6.96,6.96,5904
2026-03-13 06:30:00,6.95,6.95,6.95,6.95,500
2026-03-13 06:40:00,6.955,6.955,6.955,6.955,100
2026-03-13 06:45:00,6.95,6.95,6.95,6.95,100
2026-03-13 06:50:00,6.96,6.96,6.96,6.96,200
2026-03-13 07:00:00,6.96,6.96,6.96,6.96,332
2026-03-13 07:05:00,6.96,6.96,6.96,6.96,128
2026-03-13 07:25:00,6.98,6.98,6.98,6.98,751
2026-03-13 07:35:00,6.98,6.98,6.98,6.98,7667
2026-03-13 07:40:00,6.98,6.98,6.98,6.98,2026
2026-03-13 07:50:00,6.98,6.98,6.98,6.98,2564
2026-03-13 08:00:00,6.9661,6.98,6.82,6.97,4517
2026-03-13 08:05:00,6.97,6.97,6.965,6.97,41681
2026-03-13 08:15:00,6.99,6.99,6.99,6.99,230
2026-03-13 08:25:00,6.98,6.98,6.98,6.98,1850
2026-03-13 08:30:00,6.99,7.01,6.99,7.0,7034
2026-03-13 08:35:00,7.0,7.0,6.99,6.99,16300
2026-03-13 08:45:00,7.0,7.0391,7.0,7.02,11772
2026-03-13 08:50:00,7.02,7.02,7.02,7.02,2772
2026-03-13 08:55:00,7.02,7.0201,7.02,7.0201,500
2026-03-13 09:00:00,7.0399,7.04,7.01,7.02,29529
2026-03-13 09:05:00,7.04,7.04,7.04,7.04,2192
2026-03-13 09:10:00,7.0203,7.0203,7.0203,7.0203,100
2026-03-13 09:20:00,7.02,7.02,7.02,7.02,800
2026-03-13 09:25:00,7.03,7.05,7.02,7.03,14716
2026-03-13 09:30:00,7.0,7.03,6.9108,6.93,350419
2026-03-13 09:35:00,6.94,6.94,6.88,6.91,139895
2026-03-13 09:40:00,6.9,6.96,6.88,6.945,357815
2026-03-13 09:45:00,6.94,6.9902,6.94,6.97,289883
2026-03-13 09:50:00,6.97,7.0201,6.9601,7.02,343342
2026-03-13 09:55:00,7.02,7.03,6.95,6.97,337720
2026-03-13 10:00:00,6.98,6.995,6.93,6.94,507819
2026-03-13 10:05:00,6.9399,6.9699,6.9199,6.92,646911
2026-03-13 10:10:00,6.93,6.9335,6.9101,6.9187,383242
2026-03-13 10:15:00,6.91,6.9201,6.865,6.8799,883634
2026-03-13 10:20:00,6.88,6.9,6.8699,6.8901,920613
2026-03-13 10:25:00,6.8901,6.905,6.8798,6.8993,709110
2026-03-13 10:30:00,6.89,6.95,6.8801,6.92,915122
2026-03-13 10:35:00,6.92,6.92,6.855,6.87,605193
2026-03-13 10:40:00,6.87,6.875,6.83,6.85,531584
2026-03-13 10:45:00,6.845,6.8534,6.805,6.8301,501074
2026-03-13 10:50:00,6.84,6.85,6.8,6.82,1129876
2026-03-13 10:55:00,6.8199,6.8202,6.77,6.7701,547681
2026-03-13 11:00:00,6.7799,6.79,6.765,6.7899,667367
2026-03-13 11:05:00,6.7899,6.8401,6.78,6.84,795953
2026-03-13 11:10:00,6.85,6.8806,6.83,6.8701,1029383
2026-03-13 11:15:00,6.87,6.89,6.8601,6.88,1450029
2026-03-13 11:20:00,6.87,6.885,6.8301,6.84,731482
2026-03-13 11:25:00,6.83,6.835,6.82,6.83,746280
2026-03-13 11:30:00,6.83,6.86,6.81,6.8401,1151278
2026-03-13 11:35:00,6.84,6.8401,6.8,6.8101,760183
2026-03-13 11:40:00,6.82,6.825,6.76,6.7804,1240471
2026-03-13 11:45:00,6.78,6.83,6.763,6.8099,1013991
2026-03-13 11:50:00,6.8101,6.8199,6.7894,6.81,903140
2026-03-13 11:55:00,6.81,6.815,6.7799,6.8001,1117391
2026-03-13 12:00:00,6.805,6.83,6.8,6.8199,446749
2026-03-13 12:05:00,6.81,6.8401,6.8,6.835,880369
2026-03-13 12:10:00,6.8399,6.8501,6.8199,6.8299,1009125
2026-03-13 12:15:00,6.84,6.8554,6.8216,6.85,1355351
2026-03-13 12:20:00,6.85,6.8602,6.845,6.8599,1264959
2026-03-13 12:25:00,6.8501,6.87,6.84,6.85,1439414
2026-03-13 12:30:00,6.859,6.873,6.859,6.87,393368
2026-03-13 12:35:00,6.87,6.89,6.8699,6.87,624030
2026-03-13 12:40:00,6.86,6.88,6.845,6.85,912763
2026-03-13 12:45:00,6.8402,6.855,6.82,6.8502,794449
2026-03-13 12:50:00,6.86,6.8813,6.8594,6.88,811944
2026-03-13 12:55:00,6.89,6.89,6.8299,6.84,905388
2026-03-13 13:00:00,6.8499,6.8527,6.79,6.8001,1322252
2026-03-13 13:05:00,6.805,6.825,6.7899,6.815,606078
2026-03-13 13:10:00,6.81,6.8501,6.805,6.85,790064
2026-03-13 13:15:00,6.8599,6.8888,6.855,6.8799,626211
2026-03-13 13:20:00,6.87,6.88,6.86,6.8715,397042
2026-03-13 13:25:00,6.875,6.875,6.85,6.8599,932592
2026-03-13 13:30:00,6.8599,6.865,6.83,6.84,463644
2026-03-13 13:35:00,6.83,6.8494,6.82,6.84,515358
2026-03-13 13:40:00,6.8399,6.8499,6.815,6.826,949037
2026-03-13 13:45:00,6.825,6.825,6.775,6.79,584069
2026-03-13 13:50:00,6.7899,6.8,6.775,6.8,997637
2026-03-13 13:55:00,6.8,6.805,6.7899,6.79,606121
2026-03-13 14:00:00,6.79,6.79,6.7683,6.7797,828540
2026-03-13 14:05:00,6.78,6.785,6.76,6.775,935651
2026-03-13 14:10:00,6.78,6.805,6.7767,6.7965,670201
2026-03-13 14:15:00,6.79,6.8099,6.775,6.78,1411983
2026-03-13 14:20:00,6.785,6.785,6.76,6.769,743675
2026-03-13 14:25:00,6.7699,6.795,6.765,6.79,1588387
2026-03-13 14:30:00,6.79,6.815,6.785,6.8098,1266049
2026-03-13 14:35:00,6.8001,6.81,6.795,6.7999,641205
2026-03-13 14:40:00,6.8,6.82,6.795,6.8199,865277
2026-03-13 14:45:00,6.8197,6.82,6.78,6.7999,1291008
2026-03-13 14:50:00,6.795,6.8099,6.785,6.8,895416
2026-03-13 14:55:00,6.8023,6.805,6.7901,6.795,841617
2026-03-13 15:00:00,6.79,6.795,6.745,6.755,1216054
2026-03-13 15:05:00,6.75,6.76,6.745,6.7499,662002
2026-03-13 15:10:00,6.7499,6.7699,6.7499,6.76,1221057
2026-03-13 15:15:00,6.76,6.7718,6.7599,6.76,822970
2026-03-13 15:20:00,6.7601,6.7601,6.7,6.715,543245
2026-03-13 15:25:00,6.7101,6.715,6.68,6.7101,745324
2026-03-13 15:30:00,6.72,6.735,6.7186,6.7199,435022
2026-03-13 15:35:00,6.72,6.735,6.714,6.72,1015726
2026-03-13 15:40:00,6.72,6.73,6.7199,6.725,528346
2026-03-13 15:45:00,6.7203,6.7203,6.7,6.7186,647727
2026-03-13 15:50:00,6.71,6.725,6.685,6.72,623614
2026-03-13 15:55:00,6.73,6.7599,6.72,6.725,405836
2026-03-13 16:00:00,6.73,6.73,6.71,6.71,938
2026-03-13 16:10:00,6.71,6.71,6.71,6.71,5900
2026-03-13 16:15:00,6.71,6.71,6.71,6.71,200
2026-03-13 16:20:00,6.71,6.71,6.71,6.71,100
2026-03-13 16:25:00,6.7,6.7,6.7,6.7,100
2026-03-13 16:30:00,6.69,6.69,6.69,6.69,111
2026-03-13 16:40:00,6.69,6.69,6.69,6.69,500
2026-03-13 16:55:00,6.69,6.69,6.69,6.69,7589
2026-03-13 18:10:00,6.71,6.72,6.71,6.72,2490
2026-03-13 18:40:00,6.72,6.72,6.72,6.72,100
2026-03-13 19:00:00,6.71,6.71,6.71,6.71,116
2026-03-13 19:05:00,6.7,6.7,6.7,6.7,3187
2026-03-13 19:10:00,6.7,6.7,6.69,6.69,606
2026-03-13 19:15:00,6.69,6.69,6.69,6.69,245
2026-03-13 19:20:00,6.69,6.69,6.69,6.69,790
2026-03-13 19:30:00,6.69,6.69,6.69,6.69,796
2026-03-13 19:40:00,6.7,6.7,6.7,6.7,889
2026-03-13 19:50:00,6.7,6.7,6.7,6.7,2000
2026-03-16 04:05:00,6.85,6.875,6.85,6.87,6546
2026-03-16 04:15:00,6.86,6.86,6.86,6.86,150
2026-03-16 04:20:00,6.87,6.87,6.87,6.87,2012
2026-03-16 04:30:00,6.87,6.87,6.87,6.87,400
2026-03-16 04:35:00,6.86,6.86,6.86,6.86,1900
2026-03-16 04:40:00,6.86,6.86,6.86,6.86,548
2026-03-16 04:50:00,6.865,6.865,6.865,6.865,600
2026-03-16 05:20:00,6.855,6.855,6.855,6.855,600
2026-03-16 06:00:00,6.84,6.84,6.84,6.84,600
2026-03-16 06:20:00,6.84,6.86,6.84,6.86,650
2026-03-16 06:45:00,6.87,6.87,6.87,6.87,1000
2026-03-16 07:00:00,6.86,6.86,6.86,6.86,1882
2026-03-16 07:25:00,6.85,6.85,6.85,6.85,300
2026-03-16 07:35:00,6.875,6.875,6.875,6.875,600
2026-03-16 07:40:00,6.875,6.875,6.875,6.875,600
2026-03-16 07:50:00,6.86,6.86,6.86,6.86,1120
2026-03-16 07:55:00,6.86,6.86,6.86,6.86,1999
2026-03-16 08:00:00,6.86,6.88,6.81,6.87,15818
2026-03-16 08:05:00,6.87,6.87,6.8698,6.8698,700
2026-03-16 08:10:00,6.87,6.87,6.87,6.87,676
2026-03-16 08:15:00,6.87,6.89,6.87,6.89,4008
2026-03-16 08:20:00,6.88,6.88,6.88,6.88,100
2026-03-16 08:25:00,6.8896,6.8896,6.8896,6.8896,350
2026-03-16 08:30:00,6.89,6.89,6.8802,6.89,1729
2026-03-16 08:35:00,6.89,6.89,6.8875,6.8875,8399
2026-03-16 08:40:00,6.89,6.895,6.89,6.895,1312
2026-03-16 08:45:00,6.92,6.92,6.92,6.92,489
2026-03-16 08:50:00,6.91,6.91,6.91,6.91,2379
2026-03-16 08:55:00,6.9,6.9,6.9,6.9,700
2026-03-16 09:00:00,6.91,6.93,6.91,6.93,4249
2026-03-16 09:05:00,6.9102,6.9102,6.9102,6.9102,182
2026-03-16 09:10:00,6.92,6.92,6.9199,6.9199,1802
2026-03-16 09:20:00,6.92,6.92,6.92,6.92,921
2026-03-16 09:25:00,6.91,6.91,6.89,6.9,9316
2026-03-16 09:30:00,6.89,7.02,6.85,6.99,235395
2026-03-16 09:35:00,6.99,7.02,6.99,7.0,241231
2026-03-16 09:40:00,7.0,7.0,6.965,6.99,262339
2026-03-16 09:45:00,6.985,7.0297,6.98,7.0001,687152
2026-03-16 09:50:00,7.0,7.01,6.984,6.9999,704998
2026-03-16 09:55:00,7.0,7.065,6.985,7.0601,579761
2026-03-16 10:00:00,7.065,7.085,7.0399,7.06,667658
2026-03-16 10:05:00,7.06,7.1099,7.05,7.105,884846
2026-03-16 10:10:00,7.1,7.125,7.0999,7.11,726788
2026-03-16 10:15:00,7.1,7.105,7.08,7.1,538183
2026-03-16 10:20:00,7.0999,7.13,7.0999,7.13,412399
2026-03-16 10:25:00,7.1394,7.155,7.1,7.11,1112838
2026-03-16 10:30:00,7.1,7.1,7.06,7.06,777911
2026-03-16 10:35:00,7.06,7.0999,7.045,7.045,1029908
2026-03-16 10:40:00,7.05,7.0599,7.0301,7.04,758754
2026-03-16 10:45:00,7.05,7.07,7.0299,7.05,1425681
2026-03-16 10:50:00,7.0501,7.0799,7.03,7.0792,931137
2026-03-16 10:55:00,7.0701,7.075,7.0401,7.05,848121
2026-03-16 11:00:00,7.055,7.0601,7.03,7.035,1001701
2026-03-16 11:05:00,7.03,7.03,7.0,7.025,942868
2026-03-16 11:10:00,7.02,7.035,7.0051,7.03,1631764
2026-03-16 11:15:00,7.03,7.03,7.005,7.0099,1207403
2026-03-16 11:20:00,7.01,7.049,7.004,7.04,800343
2026-03-16 11:25:00,7.0302,7.0402,7.02,7.0301,659838
2026-03-16 11:30:00,7.03,7.05,7.0201,7.04,613638
2026-03-16 11:35:00,7.0398,7.06,7.035,7.045,654069
2026-03-16 11:40:00,7.0499,7.0513,7.0398,7.045,623384
2026-03-16 11:45:00,7.0499,7.055,7.03,7.05,871543
2026-03-16 11:50:00,7.05,7.055,7.0303,7.04,751859
2026-03-16 11:55:00,7.04,7.04,6.965,6.965,677905
2026-03-16 12:00:00,6.9699,6.9699,6.94,6.9599,1455224
2026-03-16 12:05:00,6.955,6.985,6.955,6.975,1289440
2026-03-16 12:10:00,6.9701,6.975,6.945,6.96,864066
2026-03-16 12:15:00,6.9603,6.9603,6.935,6.94,695258
2026-03-16 12:20:00,6.9301,6.945,6.91,6.92,901972
2026-03-16 12:25:00,6.9101,6.9201,6.909,6.915,372550
2026-03-16 12:30:00,6.92,6.9251,6.9099,6.925,907789
2026-03-16 12:35:00,6.925,6.9299,6.915,6.9299,520819
2026-03-16 12:40:00,6.9299,6.9599,6.9299,6.945,624947
2026-03-16 12:45:00,6.94,6.9406,6.9197,6.929,782103
2026-03-16 12:50:00,6.9201,6.94,6.92,6.925,443523
2026-03-16 12:55:00,6.9275,6.94,6.9199,6.9301,526677
2026-03-16 13:00:00,6.94,6.97,6.9399,6.94,828266
2026-03-16 13:05:00,6.9499,6.9501,6.93,6.94,651097
2026-03-16 13:10:00,6.94,6.95,6.9301,6.9499,810755
2026-03-16 13:15:00,6.9487,6.9487,6.9201,6.9299,571785
2026-03-16 13:20:00,6.93,6.94,6.92,6.93,1057415
2026-03-16 13:25:00,6.93,6.945,6.9117,6.9199,924216
2026-03-16 13:30:00,6.92,6.95,6.9199,6.95,234910
2026-03-16 13:35:00,6.94,6.945,6.92,6.92,386989
2026-03-16 13:40:00,6.93,6.935,6.91,6.9114,523912
2026-03-16 13:45:00,6.9198,6.935,6.915,6.92,548733
2026-03-16 13:50:00,6.9201,6.926,6.9,6.915,679362
2026-03-16 13:55:00,6.9199,6.93,6.915,6.92,317877
2026-03-16 14:00:00,6.91,6.945,6.91,6.9401,539480
2026-03-16 14:05:00,6.9401,6.9699,6.93,6.955,621990
2026-03-16 14:10:00,6.9598,6.965,6.9545,6.96,662460
2026-03-16 14:15:00,6.96,6.97,6.955,6.96,508509
2026-03-16 14:20:00,6.96,6.97,6.95,6.965,371817
2026-03-16 14:25:00,6.96,6.9799,6.95,6.955,528142
2026-03-16 14:30:00,6.9599,6.965,6.9497,6.95,953297
2026-03-16 14:35:00,6.95,6.9535,6.945,6.945,336690
2026-03-16 14:40:00,6.94,6.945,6.93,6.93,77309
2026-03-16 14:45:00,6.93,6.935,6.9201,6.9306,591818
2026-03-16 14:50:00,6.9305,6.935,6.93,6.93,415641
2026-03-16 14:55:00,6.92,6.935,6.9197,6.93,742489
2026-03-16 15:00:00,6.925,6.94,6.925,6.94,840923
2026-03-16 15:05:00,6.9434,6.98,6.93,6.98,639446
2026-03-16 15:10:00,6.99,7.0,6.9,6.92,651411
2026-03-16 15:15:00,6.91,6.9299,6.89,6.905,1119553
2026-03-16 15:20:00,6.9001,6.9135,6.89,6.9,535680
2026-03-16 15:25:00,6.905,6.91,6.895,6.905,262435
2026-03-16 15:30:00,6.91,6.915,6.89,6.9,658001
2026-03-16 15:35:00,6.9,6.9099,6.895,6.9,394918
2026-03-16 15:40:00,6.9,6.9022,6.865,6.865,147484
2026-03-16 15:45:00,6.87,6.88,6.865,6.88,351195
2026-03-16 15:50:00,6.88,6.88,6.835,6.855,972775
2026-03-16 15:55:00,6.855,6.89,6.855,6.875,281828
2026-03-16 16:00:00,6.88,6.88,6.88,6.88,121
2026-03-16 16:05:00,6.87,6.87,6.87,6.87,3156
2026-03-16 16:15:00,6.8699,6.8699,6.8699,6.8699,300
2026-03-16 16:20:00,6.85,6.85,6.81,6.81,28469
2026-03-16 16:30:00,6.86,6.86,6.86,6.86,210
2026-03-16 16:35:00,6.8599,6.8599,6.8599,6.8599,100
2026-03-16 16:40:00,6.85,6.85,6.85,6.85,4748
2026-03-16 16:45:00,6.85,6.85,6.85,6.85,500
2026-03-16 17:15:00,6.86,6.86,6.8501,6.8501,1336
2026-03-16 17:35:00,6.86,6.86,6.85,6.85,6700
2026-03-16 17:40:00,6.85,6.86,6.85,6.86,5200
2026-03-16 17:50:00,6.9,6.9,6.9,6.9,100
2026-03-16 17:55:00,6.8968,6.8968,6.8968,6.8968,500
2026-03-16 18:00:00,6.86,6.86,6.86,6.86,4954
2026-03-16 18:15:00,6.85,6.85,6.8498,6.8498,300
2026-03-16 18:25:00,6.86,6.86,6.8503,6.8503,710
2026-03-16 18:30:00,6.85,6.85,6.85,6.85,200
2026-03-16 18:50:00,6.85,6.85,6.8499,6.8499,5100
2026-03-16 19:05:00,6.86,6.86,6.86,6.86,100
2026-03-16 19:25:00,6.86,6.86,6.8582,6.8582,2000
2026-03-16 19:45:00,6.8697,6.8697,6.86,6.86,3072
2026-03-16 19:55:00,6.9399,6.9399,6.9399,6.9399,100
2026-03-17 04:20:00,6.82,6.82,6.81,6.81,1035
2026-03-17 04:30:00,6.815,6.815,6.81,6.81,1175
2026-03-17 04:40:00,6.82,6.82,6.82,6.82,598
2026-03-17 04:50:00,6.82,6.82,6.81,6.81,1165
2026-03-17 05:05:00,6.82,6.82,6.82,6.82,700
2026-03-17 05:15:00,6.825,6.825,6.82,6.82,1346
2026-03-17 05:25:00,6.835,6.85,6.835,6.85,2362
2026-03-17 05:30:00,6.85,6.85,6.85,6.85,7279
2026-03-17 05:50:00,6.85,6.85,6.85,6.85,1100
2026-03-17 06:00:00,6.85,6.85,6.85,6.85,100
2026-03-17 06:10:00,6.85,6.85,6.85,6.85,500
2026-03-17 06:50:00,6.85,6.85,6.85,6.85,100
2026-03-17 07:35:00,6.85,6.85,6.85,6.85,120
2026-03-17 07:45:00,6.84,6.84,6.84,6.84,2977
2026-03-17 08:00:00,6.82,6.87,6.79,6.82,4519
2026-03-17 08:10:00,6.84,6.84,6.8328,6.8328,719
2026-03-17 08:15:00,6.8403,6.845,6.8403,6.845,2500
2026-03-17 08:25:00,6.85,6.86,6.85,6.86,3613
2026-03-17 08:30:00,6.8612,6.89,6.8612,6.8701,3194
2026-03-17 08:35:00,6.87,6.87,6.87,6.87,1300
2026-03-17 08:40:00,6.87,6.87,6.87,6.87,100
2026-03-17 08:45:00,6.8798,6.88,6.875,6.875,6400
2026-03-17 08:50:00,6.88,6.88,6.88,6.88,1843
2026-03-17 08:55:00,6.8872,6.8872,6.8872,6.8872,100
2026-03-17 09:00:00,6.89,6.89,6.89,6.89,100
2026-03-17 09:05:00,6.88,6.8999,6.88,6.89,2475
2026-03-17 09:10:00,6.8999,6.8999,6.8987,6.8988,850
2026-03-17 09:15:00,6.8897,6.8897,6.885,6.885,875
2026-03-17 09:20:00,6.895,6.895,6.8872,6.8872,1100
2026-03-17 09:25:00,6.9072,6.9072,6.86,6.87,5674
2026-03-17 09:30:00,6.87,6.9,6.79,6.84,250490
2026-03-17 09:35:00,6.84,6.89,6.84,6.89,399842
2026-03-17 09:40:00,6.89,6.93,6.881,6.9,330150
2026-03-17 09:45:00,6.905,6.94,6.89,6.91,425369
2026-03-17 09:50:00,6.9101,6.94,6.88,6.93,570175
2026-03-17 09:55:00,6.9299,6.955,6.9299,6.9401,552595
2026-03-17 10:00:00,6.95,6.9601,6.91,6.925,809165
2026-03-17 10:05:00,6.93,6.965,6.93,6.96,554721
2026-03-17 10:10:00,6.96,6.9603,6.9399,6.94,797831
2026-03-17 10:15:00,6.94,6.9401,6.9199,6.92,447379
2026-03-17 10:20:00,6.9101,6.955,6.9101,6.9499,535562
2026-03-17 10:25:00,6.94,6.965,6.9299,6.94,509519
2026-03-17 10:30:00,6.94,6.9799,6.929,6.9684,881938
2026-03-17 10:35:00,6.97,6.995,6.9599,6.97,1083044
2026-03-17 10:40:00,6.96,7.0114,6.9516,7.0114,889433
2026-03-17 10:45:00,7.0101,7.03,6.9982,7.025,769623
2026-03-17 10:50:00,7.02,7.025,7.0,7.01,326231
2026-03-17 10:55:00,7.01,7.015,6.9897,6.9897,439941
2026-03-17 11:00:00,6.99,7.0051,6.985,6.99,857103
2026-03-17 11:05:00,6.9802,7.0,6.95,6.96,1182448
2026-03-17 11:10:00,6.96,6.9799,6.95,6.9599,845667
2026-03-17 11:15:00,6.9599,6.975,6.955,6.962,551834
2026-03-17 11:20:00,6.96,6.9699,6.925,6.93,717888
2026-03-17 11:25:00,6.935,6.9499,6.9301,6.94,945512
2026-03-17 11:30:00,6.94,6.945,6.9185,6.92,617448
2026-03-17 11:35:00,6.92,6.9201,6.8799,6.89,331717
2026-03-17 11:40:00,6.89,6.9001,6.885,6.9001,278067
2026-03-17 11:45:00,6.905,6.915,6.9,6.9099,311136
2026-03-17 11:50:00,6.905,6.9399,6.905,6.9301,741108
2026-03-17 11:55:00,6.93,6.9499,6.92,6.93,983127
2026-03-17 12:00:00,6.9201,6.9215,6.905,6.91,699549
2026-03-17 12:05:00,6.9194,6.9199,6.8899,6.9,948735
2026-03-17 12:10:00,6.905,6.9199,6.8999,6.905,410560
2026-03-17 12:15:00,6.91,6.94,6.9099,6.9399,619018
2026-03-17 12:20:00,6.9301,6.9503,6.925,6.9401,387606
2026-03-17 12:25:00,6.94,6.941,6.915,6.93,665780
2026-03-17 12:30:00,6.93,6.9399,6.915,6.92,603773
2026-03-17 12:35:00,6.92,6.945,6.92,6.94,789798
2026-03-17 12:40:00,6.935,6.94,6.915,6.94,619065
2026-03-17 12:45:00,6.9401,6.9499,6.93,6.93,269115
2026-03-17 12:50:00,6.9268,6.945,6.925,6.9387,331343
2026-03-17 12:55:00,6.9392,6.9416,6.9294,6.935,361007
2026-03-17 13:00:00,6.94,6.945,6.935,6.945,230168
2026-03-17 13:05:00,6.9498,6.98,6.9487,6.97,482739
2026-03-17 13:10:00,6.96,6.96,6.935,6.9399,405892
2026-03-17 13:15:00,6.93,6.935,6.92,6.93,156575
2026-03-17 13:20:00,6.92,6.945,6.9199,6.94,851529
2026-03-17 13:25:00,6.9399,6.945,6.9383,6.945,344017
2026-03-17 13:30:00,6.95,6.9613,6.9499,6.9601,666308
2026-03-17 13:35:00,6.97,6.98,6.97,6.9799,47681
2026-03-17 13:40:00,6.975,6.975,6.97,6.97,219122
2026-03-17 13:45:00,6.97,6.9701,6.955,6.97,754855
2026-03-17 13:50:00,6.9699,6.9989,6.965,6.9989,241006
2026-03-17 13:55:00,7.0,7.0113,6.9887,7.0,575200
2026-03-17 14:00:00,6.9998,7.0006,6.9887,6.9887,323175
2026-03-17 14:05:00,6.99,7.02,6.9801,7.02,490974
2026-03-17 14:10:00,7.0131,7.0131,6.995,6.995,640147
2026-03-17 14:15:00,6.995,6.995,6.975,6.975,353652
2026-03-17 14:20:00,6.975,6.975,6.95,6.95,582898
2026-03-17 14:25:00,6.945,6.9651,6.945,6.96,338934
2026-03-17 14:30:00,6.95,6.96,6.95,6.96,114498
2026-03-17 14:35:00,6.96,6.96,6.9399,6.94,539608
2026-03-17 14:40:00,6.94,6.9499,6.93,6.93,336837
2026-03-17 14:45:00,6.9299,6.95,6.925,6.9499,172553
2026-03-17 14:50:00,6.95,6.955,6.9399,6.9499,790729
2026-03-17 14:55:00,6.95,6.9521,6.9497,6.9499,159454
2026-03-17 15:00:00,6.95,6.9791,6.95,6.9603,679829
2026-03-17 15:05:00,6.9601,6.975,6.95,6.96,474990
2026-03-17 15:10:00,6.97,6.9799,6.965,6.9689,313607
2026-03-17 15:15:00,6.9694,6.9779,6.96,6.9721,348988
2026-03-17 15:20:00,6.98,6.98,6.96,6.9699,270989
2026-03-17 15:25:00,6.9699,6.985,6.9699,6.98,526035
2026-03-17 15:30:00,6.98,6.985,6.9794,6.98,214290
2026-03-17 15:35:00,6.98,6.985,6.97,6.975,220883
2026-03-17 15:40:00,6.97,6.975,6.96,6.9701,729493
2026-03-17 15:45:00,6.975,6.985,6.97,6.98,490911
2026-03-17 15:50:00,6.98,7.0,6.94,7.0,691367
2026-03-17 15:55:00,6.99,7.01,6.97,7.01,341586
2026-03-17 16:00:00,7.0,7.0003,6.99,7.0001,15420
2026-03-17 16:05:00,6.99,6.99,6.99,6.99,3000
2026-03-17 16:45:00,6.98,6.98,6.98,6.98,500
2026-03-17 16:55:00,6.99,6.99,6.99,6.99,600
2026-03-17 17:05:00,7.0,7.0,7.0,7.0,1000
2026-03-17 17:25:00,6.9809,6.9809,6.9809,6.9809,200
2026-03-17 18:00:00,6.9628,6.9628,6.9628,6.9628,295
2026-03-17 18:50:00,6.97,6.97,6.97,6.97,1099
2026-03-17 19:05:00,6.97,6.97,6.97,6.97,500
2026-03-17 19:15:00,6.98,6.98,6.98,6.98,663
2026-03-17 19:20:00,6.985,6.985,6.981,6.981,400
2026-03-17 19:25:00,6.981,6.981,6.981,6.981,100
2026-03-17 19:30:00,6.9797,6.9797,6.975,6.975,600
2026-03-17 19:45:00,6.975,6.975,6.975,6.975,100
2026-03-17 19:50:00,6.975,6.975,6.971,6.971,1000
2026-03-18 04:00:00,7.1,7.1,7.1,7.1,200
2026-03-18 04:15:00,7.1,7.1,7.1,7.1,1300
2026-03-18 04:20:00,7.11,7.11,7.11,7.11,752
2026-03-18 04:40:00,7.11,7.11,7.11,7.11,900
2026-03-18 04:50:00,7.11,7.11,7.11,7.11,4600
2026-03-18 05:05:00,7.11,7.11,7.11,7.11,400
2026-03-18 05:25:00,7.105,7.105,7.105,7.105,600
2026-03-18 06:10:00,7.11,7.11,7.11,7.11,100
2026-03-18 06:25:00,7.12,7.12,7.12,7.12,780
2026-03-18 06:45:00,7.11,7.11,7.11,7.11,1539
2026-03-18 07:00:00,7.08,7.08,7.08,7.08,457
2026-03-18 07:25:00,7.07,7.07,7.07,7.07,2075
2026-03-18 07:30:00,7.06,7.065,7.06,7.065,2300
2026-03-18 07:40:00,7.065,7.08,7.065,7.08,2892
2026-03-18 07:45:00,7.08,7.08,7.08,7.08,787
2026-03-18 07:55:00,7.07,7.07,7.07,7.07,1260
2026-03-18 08:00:00,7.11,7.13,7.0403,7.0403,23476
2026-03-18 08:10:00,7.035,7.04,7.035,7.0395,1450
2026-03-18 08:15:00,7.03,7.035,7.03,7.03,1029
2026-03-18 08:20:00,7.03,7.03,7.02,7.03,1540
2026-03-18 08:25:00,7.03,7.03,7.03,7.03,400
2026-03-18 08:30:00,7.02,7.02,6.98,6.98,2778
2026-03-18 08:40:00,7.0,7.0,6.95,6.95,2660
2026-03-18 08:45:00,6.94,6.94,6.93,6.93,2928
2026-03-18 08:50:00,6.94,6.94,6.93,6.93,3802
2026-03-18 08:55:00,6.93,6.93,6.93,6.93,2400
2026-03-18 09:00:00,6.92,6.92,6.92,6.92,4604
2026-03-18 09:05:00,6.92,6.92,6.92,6.92,783
2026-03-18 09:10:00,6.92,6.95,6.92,6.95,1259
2026-03-18 09:15:00,6.94,6.94,6.94,6.94,100
2026-03-18 09:20:00,6.9403,6.9403,6.9403,6.9403,1600
2026-03-18 09:25:00,6.95,6.98,6.95,6.97,7144
2026-03-18 09:30:00,6.99,7.07,6.96,6.96,227537
2026-03-18 09:35:00,6.9699,7.035,6.9699,7.03,242350
2026-03-18 09:40:00,7.02,7.0899,7.02,7.08,339298
2026-03-18 09:45:00,7.09,7.1101,7.07,7.105,325689
2026-03-18 09:50:00,7.1001,7.1015,7.0701,7.085,251076
2026-03-18 09:55:00,7.0899,7.12,7.08,7.12,267458
2026-03-18 10:00:00,7.13,7.13,7.0401,7.07,601911
2026-03-18 10:05:00,7.0701,7.09,7.0501,7.08,389104
2026-03-18 10:10:00,7.08,7.08,7.02,7.02,700216
2026-03-18 10:15:00,7.02,7.0313,7.0177,7.0299,641346
2026-03-18 10:20:00,7.02,7.0288,7.0098,7.01,624617
2026-03-18 10:25:00,7.0099,7.01,6.9399,6.9501,713203
2026-03-18 10:30:00,6.95,6.971,6.9499,6.96,479193
2026-03-18 10:35:00,6.9597,6.965,6.95,6.9601,1501621
2026-03-18 10:40:00,6.96,6.9615,6.9477,6.96,1068902
2026-03-18 10:45:00,6.9606,6.97,6.95,6.95,1053937
2026-03-18 10:50:00,6.9599,6.9699,6.941,6.96,567685
2026-03-18 10:55:00,6.95,6.9601,6.9417,6.96,782487
2026-03-18 11:00:00,6.97,6.985,6.9599,6.97,1380797
2026-03-18 11:05:00,6.9787,7.0101,6.9787,7.01,961680
2026-03-18 11:10:00,7.0101,7.015,6.9787,6.98,1623860
2026-03-18 11:15:00,6.98,6.9906,6.96,6.96,792980
2026-03-18 11:20:00,6.9599,6.9601,6.935,6.95,523955
2026-03-18 11:25:00,6.95,6.9538,6.94,6.9401,238683
2026-03-18 11:30:00,6.94,6.96,6.9387,6.96,170635
2026-03-18 11:35:00,6.95,6.9521,6.9401,6.945,466453
2026-03-18 11:40:00,6.945,6.9521,6.9379,6.9501,625924
2026-03-18 11:45:00,6.953,6.953,6.94,6.94,212988
2026-03-18 11:50:00,6.9399,6.9501,6.9386,6.9501,840755
2026-03-18 11:55:00,6.96,6.9699,6.955,6.965,656667
2026-03-18 12:00:00,6.96,6.9622,6.935,6.95,1099900
2026-03-18 12:05:00,6.9433,6.9503,6.94,6.95,595345
2026-03-18 12:10:00,6.9503,6.9617,6.945,6.96,607930
2026-03-18 12:15:00,6.96,6.96,6.9499,6.96,378268
2026-03-18 12:20:00,6.965,6.9708,6.96,6.9601,407769
2026-03-18 12:25:00,6.96,6.9609,6.95,6.95,424492
2026-03-18 12:30:00,6.95,6.96,6.93,6.93,934305
2026-03-18 12:35:00,6.93,6.935,6.915,6.93,615578
2026-03-18 12:40:00,6.9301,6.94,6.93,6.9301,397300
2026-03-18 12:45:00,6.93,6.9397,6.92,6.9299,399407
2026-03-18 12:50:00,6.9299,6.95,6.9299,6.95,419586
2026-03-18 12:55:00,6.95,6.95,6.94,6.94,215878
2026-03-18 13:00:00,6.9318,6.9318,6.9191,6.925,519972
2026-03-18 13:05:00,6.925,6.935,6.915,6.92,947630
2026-03-18 13:10:00,6.9199,6.9199,6.8999,6.9101,450860
2026-03-18 13:15:00,6.9107,6.9107,6.905,6.9099,929742
2026-03-18 13:20:00,6.9099,6.92,6.905,6.9199,142017
2026-03-18 13:25:00,6.92,6.925,6.92,6.925,127534
2026-03-18 13:30:00,6.9299,6.935,6.925,6.9301,885412
2026-03-18 13:35:00,6.93,6.952,6.9299,6.95,780057
2026-03-18 13:40:00,6.9401,6.945,6.925,6.9301,1303534
2026-03-18 13:45:00,6.9298,6.955,6.9266,6.94,1050128
2026-03-18 13:50:00,6.9399,6.945,6.93,6.945,200883
2026-03-18 13:55:00,6.945,6.9499,6.9321,6.94,632222
2026-03-18 14:00:00,6.94,6.97,6.9397,6.97,457178
2026-03-18 14:05:00,6.97,6.97,6.945,6.9501,585778
2026-03-18 14:10:00,6.95,6.95,6.925,6.9301,833910
2026-03-18 14:15:00,6.9301,6.935,6.9,6.92,397094
2026-03-18 14:20:00,6.9199,6.9201,6.9099,6.91,678131
2026-03-18 14:25:00,6.9199,6.925,6.9199,6.92,178728
2026-03-18 14:30:00,6.93,6.93,6.89,6.89,376304
2026-03-18 14:35:00,6.89,6.94,6.8899,6.9001,729807
2026-03-18 14:40:00,6.9,6.92,6.8901,6.9101,565389
2026-03-18 14:45:00,6.9101,6.9101,6.905,6.905,334881
2026-03-18 14:50:00,6.9,6.9001,6.8599,6.8601,724269
2026-03-18 14:55:00,6.86,6.8703,6.845,6.8499,862837
2026-03-18 15:00:00,6.8499,6.87,6.8399,6.865,750911
2026-03-18 15:05:00,6.87,6.88,6.86,6.88,561951
2026-03-18 15:10:00,6.88,6.88,6.865,6.8799,535792
2026-03-18 15:15:00,6.87,6.87,6.85,6.85,870350
2026-03-18 15:20:00,6.85,6.85,6.8298,6.8298,538296
2026-03-18 15:25:00,6.82,6.845,6.82,6.8301,704410
2026-03-18 15:30:00,6.84,6.8401,6.81,6.82,551299
2026-03-18 15:35:00,6.8201,6.825,6.81,6.818,150391
2026-03-18 15:40:00,6.8114,6.8114,6.79,6.7901,161404
2026-03-18 15:45:00,6.79,6.79,6.77,6.78,682527
2026-03-18 15:50:00,6.78,6.79,6.765,6.77,457562
2026-03-18 15:55:00,6.76,6.78,6.755,6.78,808106
2026-03-18 16:00:00,6.77,6.78,6.77,6.77,1626
2026-03-18 16:05:00,6.76,6.76,6.76,6.76,1500
2026-03-18 16:10:00,6.76,6.76,6.76,6.76,1500
2026-03-18 16:15:00,6.76,6.76,6.76,6.76,2185
2026-03-18 16:20:00,6.77,6.77,6.77,6.77,600
2026-03-18 16:25:00,6.76,6.76,6.76,6.76,3150
2026-03-18 16:30:00,6.7601,6.7601,6.7601,6.7601,150
2026-03-18 16:55:00,6.78,6.78,6.78,6.78,500
2026-03-18 17:10:00,6.79,6.79,6.79,6.79,200
2026-03-18 17:15:00,6.8,6.8,6.8,6.8,287
2026-03-18 17:30:00,6.78,6.79,6.78,6.79,583
2026-03-18 17:45:00,6.877,6.8773,6.877,6.8773,425
2026-03-18 18:00:00,6.79,6.79,6.79,6.79,100
2026-03-18 18:05:00,6.79,6.79,6.79,6.79,100
2026-03-18 18:15:00,6.78,6.7801,6.78,6.7801,988
2026-03-18 18:20:00,6.78,6.78,6.78,6.78,100
2026-03-18 18:30:00,6.77,6.77,6.77,6.77,2000
2026-03-18 18:40:00,6.77,6.77,6.77,6.77,500
2026-03-18 18:45:00,6.78,6.78,6.78,6.78,1425
2026-03-18 18:55:00,6.79,6.79,6.79,6.79,100
2026-03-18 19:00:00,6.7899,6.7899,6.7899,6.7899,100
2026-03-18 19:05:00,6.79,6.79,6.79,6.79,350
2026-03-18 19:15:00,6.7801,6.7801,6.78,6.78,869
2026-03-18 19:20:00,6.78,6.78,6.78,6.78,350
2026-03-18 19:30:00,6.7897,6.7897,6.7897,6.7897,1500
2026-03-18 19:40:00,6.79,6.79,6.79,6.79,413
2026-03-18 19:45:00,6.79,6.79,6.79,6.79,2500
2026-03-18 19:55:00,6.7803,6.7803,6.7803,6.7803,200
2026-03-19 04:00:00,6.77,6.77,6.755,6.76,10906
2026-03-19 04:10:00,6.76,6.76,6.76,6.76,360
2026-03-19 04:25:00,6.75,6.75,6.75,6.75,1016
2026-03-19 04:30:00,6.73,6.73,6.73,6.73,100
2026-03-19 04:40:00,6.705,6.71,6.7,6.7,902
2026-03-19 04:55:00,6.7,6.7,6.7,6.7,712
2026-03-19 05:00:00,6.72,6.72,6.72,6.72,100
2026-03-19 05:10:00,6.71,6.71,6.71,6.71,1748
2026-03-19 05:15:00,6.72,6.72,6.72,6.72,497
2026-03-19 05:20:00,6.72,6.72,6.72,6.72,429
2026-03-19 05:25:00,6.73,6.73,6.7,6.7,10408
2026-03-19 05:30:00,6.69,6.7,6.69,6.7,591
2026-03-19 05:35:00,6.695,6.7,6.695,6.7,2100
2026-03-19 05:50:00,6.73,6.73,6.73,6.73,2016
2026-03-19 05:55:00,6.75,6.76,6.75,6.76,7814
2026-03-19 06:00:00,6.76,6.76,6.75,6.75,14378
2026-03-19 06:05:00,6.75,6.75,6.75,6.75,800
2026-03-19 06:30:00,6.71,6.71,6.71,6.71,215
2026-03-19 06:35:00,6.7,6.7,6.7,6.7,1531
2026-03-19 07:00:00,6.72,6.72,6.7,6.71,18997
2026-03-19 07:05:00,6.7,6.7,6.7,6.7,1200
2026-03-19 07:10:00,6.7,6.7,6.7,6.7,800
2026-03-19 07:15:00,6.7,6.71,6.7,6.7,1409
2026-03-19 07:20:00,6.69,6.69,6.69,6.69,2161
2026-03-19 07:25:00,6.69,6.699,6.69,6.699,1400
2026-03-19 07:35:00,6.69,6.69,6.69,6.69,400
2026-03-19 07:40:00,6.69,6.69,6.68,6.69,2500
2026-03-19 07:45:00,6.69,6.69,6.68,6.68,9088
2026-03-19 07:50:00,6.685,6.685,6.685,6.685,100
2026-03-19 07:55:00,6.69,6.69,6.69,6.69,500
2026-03-19 08:00:00,6.7,6.81,6.64,6.64,37347
2026-03-19 08:05:00,6.64,6.65,6.64,6.65,1112
2026-03-19 08:10:00,6.65,6.65,6.64,6.64,1500
2026-03-19 08:15:00,6.6401,6.6401,6.6401,6.6401,200
2026-03-19 08:20:00,6.62,6.62,6.62,6.62,600
2026-03-19 08:25:00,6.62,6.62,6.59,6.59,8989
2026-03-19 08:30:00,6.61,6.61,6.6002,6.6002,650
2026-03-19 08:35:00,6.61,6.61,6.61,6.61,431
2026-03-19 08:40:00,6.58,6.595,6.58,6.59,2744
2026-03-19 08:45:00,6.57,6.57,6.54,6.56,13430
2026-03-19 08:50:00,6.55,6.55,6.535,6.535,1985
2026-03-19 08:55:00,6.5402,6.55,6.5402,6.5497,4365
2026-03-19 09:00:00,6.54,6.54,6.54,6.54,2100
2026-03-19 09:05:00,6.52,6.5298,6.51,6.5298,3800
2026-03-19 09:10:00,6.51,6.519,6.51,6.519,8560
2026-03-19 09:15:00,6.52,6.54,6.52,6.539,4342
2026-03-19 09:20:00,6.56,6.57,6.56,6.56,6857
2026-03-19 09:25:00,6.56,6.58,6.55,6.5797,44527
2026-03-19 09:30:00,6.57,6.57,6.35,6.37,816137
2026-03-19 09:35:00,6.38,6.39,6.32,6.39,379718
2026-03-19 09:40:00,6.385,6.44,6.365,6.43,731764
2026-03-19 09:45:00,6.42,6.425,6.38,6.42,437845
2026-03-19 09:50:00,6.43,6.47,6.43,6.46,406025
2026-03-19 09:55:00,6.46,6.46,6.4,6.43,630859
2026-03-19 10:00:00,6.43,6.46,6.4245,6.43,493689
2026-03-19 10:05:00,6.44,6.4502,6.4299,6.4301,517474
2026-03-19 10:10:00,6.435,6.47,6.4199,6.44,795345
2026-03-19 10:15:00,6.4399,6.45,6.39,6.395,762250
2026-03-19 10:20:00,6.39,6.395,6.325,6.33,541521
2026-03-19 10:25:00,6.3398,6.36,6.335,6.35,758022
2026-03-19 10:30:00,6.35,6.41,6.35,6.4,1054462
2026-03-19 10:35:00,6.4,6.4199,6.36,6.37,1167962
2026-03-19 10:40:00,6.3701,6.4001,6.37,6.3799,1316445
2026-03-19 10:45:00,6.37,6.3701,6.34,6.365,820311
2026-03-19 10:50:00,6.3601,6.3701,6.345,6.35,990570
2026-03-19 10:55:00,6.35,6.3801,6.33,6.3702,946755
2026-03-19 11:00:00,6.38,6.42,6.37,6.42,1127738
2026-03-19 11:05:00,6.42,6.46,6.42,6.45,867410
2026-03-19 11:10:00,6.46,6.4679,6.4498,6.4565,1359572
2026-03-19 11:15:00,6.4599,6.4701,6.425,6.425,1316023
2026-03-19 11:20:00,6.4299,6.4399,6.4099,6.4099,611534
2026-03-19 11:25:00,6.4099,6.4301,6.404,6.4301,990653
2026-03-19 11:30:00,6.435,6.435,6.4001,6.41,1031995
2026-03-19 11:35:00,6.4099,6.415,6.3828,6.39,1106872
2026-03-19 11:40:00,6.395,6.4,6.3799,6.38,605396
2026-03-19 11:45:00,6.37,6.385,6.3598,6.38,1115715
2026-03-19 11:50:00,6.3702,6.395,6.3702,6.38,1035004
2026-03-19 11:55:00,6.375,6.405,6.375,6.4,1055139
2026-03-19 12:00:00,6.4001,6.445,6.39,6.435,1172211
2026-03-19 12:05:00,6.435,6.455,6.435,6.44,899069
2026-03-19 12:10:00,6.43,6.4303,6.405,6.4102,1385528
2026-03-19 12:15:00,6.4177,6.42,6.3902,6.3902,911300
2026-03-19 12:20:00,6.3998,6.405,6.385,6.39,1184114
2026-03-19 12:25:00,6.3899,6.395,6.3897,6.395,1238540
2026-03-19 12:30:00,6.4,6.41,6.385,6.39,1717848
2026-03-19 12:35:00,6.39,6.39,6.365,6.3801,1111520
2026-03-19 12:40:00,6.39,6.415,6.39,6.39,1157080
2026-03-19 12:45:00,6.3999,6.4,6.395,6.4,603255
2026-03-19 12:50:00,6.39,6.3951,6.36,6.3699,580501
2026-03-19 12:55:00,6.37,6.4102,6.3699,6.4,1157232
2026-03-19 13:00:00,6.41,6.41,6.38,6.38,400321
2026-03-19 13:05:00,6.375,6.3774,6.34,6.3401,1314911
2026-03-19 13:10:00,6.34,6.3551,6.33,6.3408,1691543
2026-03-19 13:15:00,6.3499,6.37,6.335,6.3601,1017351
2026-03-19 13:20:00,6.36,6.395,6.35,6.39,1037043
2026-03-19 13:25:00,6.38,6.3903,6.38,6.3801,520480
2026-03-19 13:30:00,6.39,6.395,6.36,6.3702,663938
2026-03-19 13:35:00,6.37,6.375,6.36,6.36,353295
2026-03-19 13:40:00,6.3501,6.365,6.3501,6.36,671497
2026-03-19 13:45:00,6.3601,6.3601,6.3598,6.3598,93187
2026-03-19 13:50:00,6.3599,6.3999,6.3599,6.39,1139790
2026-03-19 13:55:00,6.3901,6.4,6.38,6.385,540955
2026-03-19 14:00:00,6.38,6.38,6.36,6.3699,399095
2026-03-19 14:05:00,6.36,6.395,6.36,6.3886,753582
2026-03-19 14:10:00,6.39,6.43,6.3897,6.42,1101813
2026-03-19 14:15:00,6.4199,6.4209,6.3999,6.4025,1139431
2026-03-19 14:20:00,6.4099,6.415,6.394,6.4001,882770
2026-03-19 14:25:00,6.4,6.405,6.38,6.38,946037
2026-03-19 14:30:00,6.38,6.385,6.37,6.38,380400
2026-03-19 14:35:00,6.38,6.3801,6.3501,6.36,1140429
2026-03-19 14:40:00,6.36,6.365,6.33,6.3401,241962
2026-03-19 14:45:00,6.34,6.3401,6.28,6.2935,1773765
2026-03-19 14:50:00,6.29,6.3103,6.28,6.3103,1170507
2026-03-19 14:55:00,6.31,6.3764,6.3099,6.36,1750190
2026-03-19 15:00:00,6.37,6.43,6.37,6.425,662658
2026-03-19 15:05:00,6.4299,6.4901,6.4299,6.4603,1045963
2026-03-19 15:10:00,6.47,6.4908,6.4499,6.4665,530207
2026-03-19 15:15:00,6.47,6.4701,6.445,6.4601,808646
2026-03-19 15:20:00,6.4601,6.465,6.431,6.431,734599
2026-03-19 15:25:00,6.4299,6.43,6.4,6.4199,1646325
2026-03-19 15:30:00,6.42,6.42,6.405,6.41,1084750
2026-03-19 15:35:00,6.4,6.41,6.3721,6.41,1112026
2026-03-19 15:40:00,6.405,6.415,6.3999,6.4003,1524107
2026-03-19 15:45:00,6.4,6.415,6.3899,6.405,971296
2026-03-19 15:50:00,6.41,6.41,6.355,6.36,2150908
2026-03-19 15:55:00,6.36,6.365,6.33,6.33,711189
2026-03-19 16:00:00,6.34,6.34,6.34,6.34,2781
2026-03-19 16:05:00,6.35,6.35,6.35,6.35,981
2026-03-19 16:10:00,6.36,6.36,6.36,6.36,310
2026-03-19 16:15:00,6.36,6.36,6.36,6.36,264
2026-03-19 16:25:00,6.3697,6.3697,6.3697,6.3697,100
2026-03-19 16:40:00,6.38,6.38,6.38,6.38,200
2026-03-19 16:45:00,6.38,6.38,6.37,6.37,1478
2026-03-19 16:50:00,6.37,6.37,6.37,6.37,400
2026-03-19 17:05:00,6.38,6.3992,6.38,6.3992,500
2026-03-19 17:10:00,6.38,6.38,6.38,6.38,100
2026-03-19 17:15:00,6.39,6.39,6.39,6.39,100
2026-03-19 17:25:00,6.39,6.39,6.39,6.39,459
2026-03-19 17:30:00,6.4,6.4,6.4,6.4,1420
2026-03-19 17:35:00,6.39,6.39,6.39,6.39,248
2026-03-19 17:50:00,6.39,6.39,6.39,6.39,531
2026-03-19 17:55:00,6.4,6.4,6.4,6.4,106
2026-03-19 18:10:00,6.4,6.4,6.4,6.4,500
2026-03-19 18:15:00,6.409,6.409,6.409,6.409,200
2026-03-19 18:20:00,6.4098,6.4098,6.4098,6.4098,145
2026-03-19 18:25:00,6.4101,6.4101,6.4101,6.4101,158
2026-03-19 18:30:00,6.41,6.41,6.41,6.41,130
2026-03-19 18:35:00,6.42,6.42,6.42,6.42,329
2026-03-19 18:40:00,6.405,6.405,6.405,6.405,500
2026-03-19 18:45:00,6.41,6.41,6.4,6.4,1030
2026-03-19 19:00:00,6.41,6.42,6.41,6.42,499
2026-03-19 19:05:00,6.42,6.42,6.42,6.42,647
2026-03-19 19:20:00,6.4002,6.4002,6.3998,6.3998,1214
2026-03-19 19:30:00,6.4099,6.4099,6.4099,6.4099,150
2026-03-19 19:35:00,6.41,6.41,6.41,6.41,240
2026-03-19 19:45:00,6.4002,6.4002,6.4002,6.4002,4500
2026-03-19 19:50:00,6.4,6.4,6.4,6.4,100
2026-03-20 04:00:00,6.41,6.41,6.41,6.41,700
2026-03-20 04:05:00,6.42,6.43,6.42,6.43,600
2026-03-20 04:10:00,6.43,6.45,6.43,6.45,11636
2026-03-20 04:15:00,6.46,6.47,6.46,6.47,3237
2026-03-20 04:25:00,6.45,6.45,6.44,6.44,4066
2026-03-20 04:30:00,6.43,6.43,6.43,6.43,2000
2026-03-20 04:35:00,6.44,6.44,6.43,6.44,2117
2026-03-20 04:45:00,6.415,6.415,6.415,6.415,700
2026-03-20 04:50:00,6.43,6.43,6.43,6.43,200
2026-03-20 05:05:00,6.43,6.43,6.43,6.43,500
2026-03-20 05:10:00,6.43,6.43,6.43,6.43,2600
2026-03-20 05:15:00,6.41,6.41,6.4,6.4,9028
2026-03-20 05:20:00,6.39,6.39,6.39,6.39,2017
2026-03-20 05:30:00,6.365,6.365,6.36,6.36,1442
2026-03-20 05:35:00,6.37,6.37,6.37,6.37,951
2026-03-20 05:40:00,6.36,6.36,6.355,6.36,2382
2026-03-20 05:45:00,6.355,6.355,6.35,6.35,1675
2026-03-20 05:50:00,6.335,6.335,6.335,6.335,675
2026-03-20 05:55:00,6.32,6.32,6.32,6.32,219
2026-03-20 06:00:00,6.325,6.325,6.28,6.28,975
2026-03-20 06:05:00,6.28,6.28,6.28,6.28,300
2026-03-20 06:10:00,6.22,6.23,6.205,6.205,5275
2026-03-20 06:15:00,6.22,6.22,6.2,6.2,3169
2026-03-20 06:20:00,6.21,6.245,6.205,6.24,2478
2026-03-20 06:25:00,6.25,6.25,6.25,6.25,659
2026-03-20 06:30:00,6.265,6.27,6.265,6.27,1527
2026-03-20 06:35:00,6.275,6.275,6.275,6.275,675
2026-03-20 06:40:00,6.27,6.27,6.27,6.27,817
2026-03-20 06:45:00,6.27,6.27,6.265,6.265,1820
2026-03-20 06:50:00,6.25,6.25,6.25,6.25,100
2026-03-20 06:55:00,6.255,6.27,6.255,6.27,1018
2026-03-20 07:00:00,6.27,6.27,6.27,6.27,2038
2026-03-20 07:10:00,6.295,6.295,6.29,6.29,1172
2026-03-20 07:15:00,6.289,6.289,6.289,6.289,200
2026-03-20 07:20:00,6.29,6.29,6.28,6.28,3348
2026-03-20 07:25:00,6.27,6.28,6.27,6.28,489
2026-03-20 07:30:00,6.29,6.29,6.29,6.29,289
2026-03-20 07:35:00,6.29,6.29,6.28,6.28,1600
2026-03-20 07:40:00,6.28,6.28,6.28,6.28,200
2026-03-20 07:45:00,6.27,6.27,6.27,6.27,292
2026-03-20 07:50:00,6.255,6.26,6.255,6.26,992
2026-03-20 07:55:00,6.255,6.255,6.255,6.255,1400
2026-03-20 08:00:00,6.29,6.45,6.21,6.39,18172
2026-03-20 08:05:00,6.26,6.275,6.26,6.275,4448
2026-03-20 08:10:00,6.29,6.29,6.29,6.29,1876
2026-03-20 08:15:00,6.28,6.28,6.26,6.26,4688
2026-03-20 08:25:00,6.275,6.29,6.275,6.29,5887
2026-03-20 08:30:00,6.285,6.285,6.285,6.285,675
2026-03-20 08:35:00,6.305,6.3099,6.3,6.3,2300
2026-03-20 08:40:00,6.299,6.299,6.299,6.299,300
2026-03-20 08:50:00,6.32,6.32,6.32,6.32,700
2026-03-20 08:55:00,6.315,6.315,6.315,6.315,675
2026-03-20 09:00:00,6.35,6.3598,6.35,6.35,12719
2026-03-20 09:05:00,6.345,6.345,6.345,6.345,675
2026-03-20 09:10:00,6.33,6.345,6.33,6.345,1177
2026-03-20 09:20:00,6.38,6.38,6.37,6.37,4960
2026-03-20 09:25:00,6.3997,6.3997,6.34,6.34,24401
2026-03-20 09:30:00,6.31,6.31,6.1397,6.14,484190
2026-03-20 09:35:00,6.14,6.14,6.1,6.13,247563
2026-03-20 09:40:00,6.13,6.16,6.13,6.15,375607
2026-03-20 09:45:00,6.1499,6.195,6.1499,6.18,440350
2026-03-20 09:50:00,6.1793,6.1793,6.0599,6.0799,284925
2026-03-20 09:55:00,6.08,6.08,6.01,6.03,398764
2026-03-20 10:00:00,6.03,6.055,6.02,6.05,578485
2026-03-20 10:05:00,6.0499,6.06,5.985,6.0313,510967
2026-03-20 10:10:00,6.03,6.0309,5.99,6.01,622056
2026-03-20 10:15:00,6.01,6.0501,6.01,6.04,587835
2026-03-20 10:20:00,6.0401,6.0801,6.04,6.07,712802
2026-03-20 10:25:00,6.07,6.08,6.06,6.065,562306
2026-03-20 10:30:00,6.07,6.105,6.0697,6.08,1589233
2026-03-20 10:35:00,6.09,6.105,6.0592,6.1,1030137
2026-03-20 10:40:00,6.09,6.1001,6.0799,6.09,650134
2026-03-20 10:45:00,6.0978,6.1001,6.0799,6.1001,378565
2026-03-20 10:50:00,6.1,6.1001,6.0599,6.0599,740043
2026-03-20 10:55:00,6.06,6.1101,6.06,6.08,816863
2026-03-20 11:00:00,6.0899,6.11,6.075,6.0901,1024838
2026-03-20 11:05:00,6.0901,6.11,6.0901,6.1001,608666
2026-03-20 11:10:00,6.105,6.1585,6.105,6.1501,967283
2026-03-20 11:15:00,6.1501,6.16,6.1399,6.1401,1129020
2026-03-20 11:20:00,6.14,6.185,6.13,6.1301,980882
2026-03-20 11:25:00,6.1399,6.15,6.1201,6.14,1123083
2026-03-20 11:30:00,6.1399,6.17,6.135,6.1601,768833
2026-03-20 11:35:00,6.16,6.1699,6.1498,6.15,871693
2026-03-20 11:40:00,6.15,6.16,6.14,6.1499,686374
2026-03-20 11:45:00,6.15,6.165,6.14,6.16,1034261
2026-03-20 11:50:00,6.16,6.18,6.1501,6.1799,469070
2026-03-20 11:55:00,6.18,6.185,6.1797,6.18,749943
2026-03-20 12:00:00,6.18,6.2,6.17,6.2,671793
2026-03-20 12:05:00,6.2,6.21,6.175,6.19,1611659
2026-03-20 12:10:00,6.19,6.205,6.185,6.19,683296
2026-03-20 12:15:00,6.185,6.205,6.184,6.2,544369
2026-03-20 12:20:00,6.2001,6.2199,6.2001,6.215,649414
2026-03-20 12:25:00,6.21,6.215,6.1999,6.2019,957200
2026-03-20 12:30:00,6.2,6.2,6.155,6.1603,295533
2026-03-20 12:35:00,6.165,6.165,6.1379,6.1403,507577
2026-03-20 12:40:00,6.1411,6.15,6.14,6.14,327973
2026-03-20 12:45:00,6.14,6.15,6.1117,6.1201,1024218
2026-03-20 12:50:00,6.125,6.125,6.11,6.1201,848969
2026-03-20 12:55:00,6.125,6.155,6.125,6.14,761084
2026-03-20 13:00:00,6.14,6.1514,6.135,6.145,573999
2026-03-20 13:05:00,6.14,6.145,6.1001,6.13,1042465
2026-03-20 13:10:00,6.1298,6.135,6.1199,6.1201,726943
2026-03-20 13:15:00,6.13,6.1329,6.11,6.1199,1040195
2026-03-20 13:20:00,6.11,6.12,6.105,6.11,978372
2026-03-20 13:25:00,6.1001,6.105,6.075,6.085,349371
2026-03-20 13:30:00,6.085,6.0899,6.05,6.06,414139
2026-03-20 13:35:00,6.0699,6.0699,6.035,6.0499,441652
2026-03-20 13:40:00,6.0401,6.0483,6.03,6.0385,144731
2026-03-20 13:45:00,6.0399,6.05,6.035,6.047,456146
2026-03-20 13:50:00,6.05,6.06,6.04,6.0498,285357
2026-03-20 13:55:00,6.0495,6.055,6.04,6.05,762031
2026-03-20 14:00:00,6.0499,6.0503,6.01,6.0101,526392
2026-03-20 14:05:00,6.0101,6.025,6.0,6.0199,1033616
2026-03-20 14:10:00,6.0102,6.0151,6.0,6.0151,276478
2026-03-20 14:15:00,6.0101,6.0199,6.0001,6.0101,1157292
2026-03-20 14:20:00,6.0199,6.025,5.952,5.965,1304660
2026-03-20 14:25:00,5.97,5.9801,5.965,5.97,954710
2026-03-20 14:30:00,5.9799,6.0,5.96,5.96,778638
2026-03-20 14:35:00,5.9699,5.9776,5.935,5.941,1291785
2026-03-20 14:40:00,5.946,5.9553,5.9298,5.93,611928
2026-03-20 14:45:00,5.9299,5.9399,5.9101,5.9301,1779607
2026-03-20 14:50:00,5.93,5.9399,5.925,5.9299,648767
2026-03-20 14:55:00,5.925,5.9399,5.92,5.93,514845
2026-03-20 15:00:00,5.94,5.9499,5.9097,5.91,1286013
2026-03-20 15:05:00,5.91,5.9199,5.89,5.9099,699070
2026-03-20 15:10:00,5.9,5.9001,5.885,5.89,1133616
2026-03-20 15:15:00,5.8901,5.905,5.8799,5.8901,1044843
2026-03-20 15:20:00,5.89,5.8901,5.8564,5.8599,1080364
2026-03-20 15:25:00,5.8559,5.87,5.85,5.86,1295864
2026-03-20 15:30:00,5.8601,5.87,5.84,5.8403,1330775
2026-03-20 15:35:00,5.84,5.8402,5.8,5.82,799265
2026-03-20 15:40:00,5.8201,5.84,5.815,5.84,1209109
2026-03-20 15:45:00,5.8401,5.845,5.81,5.84,1655919
2026-03-20 15:50:00,5.84,5.92,5.825,5.92,1141891
2026-03-20 15:55:00,5.915,5.92,5.9,5.92,628803
2026-03-20 16:00:00,5.92,5.95,5.91,5.95,6966
2026-03-20 16:05:00,5.94,5.95,5.93,5.935,2865
2026-03-20 16:10:00,5.94,5.94,5.94,5.94,500
2026-03-20 16:15:00,5.94,5.94,5.9397,5.9397,355
2026-03-20 16:20:00,5.9276,5.9276,5.9276,5.9276,100
2026-03-20 16:25:00,5.93,5.93,5.91,5.91,5343
2026-03-20 16:30:00,5.92,5.92,5.92,5.92,500
2026-03-20 16:40:00,5.93,5.93,5.93,5.93,3000
2026-03-20 16:45:00,5.93,5.94,5.93,5.94,3175
2026-03-20 16:50:00,5.94,5.945,5.94,5.945,640
2026-03-20 16:55:00,5.9487,5.96,5.9487,5.96,2458
2026-03-20 17:15:00,5.97,6.0,5.97,6.0,640
2026-03-20 17:20:00,6.01,6.01,6.01,6.01,562
2026-03-20 17:25:00,6.03,6.03,6.0,6.0,1568
2026-03-20 17:30:00,6.01,6.0376,6.01,6.0376,832
2026-03-20 17:45:00,6.01,6.01,6.01,6.01,982
2026-03-20 17:50:00,6.03,6.06,6.03,6.05,460
2026-03-20 17:55:00,6.06,6.07,6.06,6.07,766
2026-03-20 18:00:00,6.0593,6.0593,6.0593,6.0593,500
2026-03-20 18:05:00,6.06,6.06,6.06,6.06,296
2026-03-20 18:10:00,6.07,6.07,6.07,6.07,300
2026-03-20 18:50:00,6.05,6.05,6.05,6.05,150
2026-03-20 18:55:00,6.03,6.03,6.03,6.03,3482
2026-03-20 19:00:00,6.03,6.03,6.03,6.03,1000
2026-03-20 19:10:00,6.05,6.05,6.05,6.05,150
2026-03-20 19:25:00,6.02,6.02,6.02,6.02,400
2026-03-20 19:30:00,6.0006,6.0006,6.0006,6.0006,1239
2026-03-20 19:40:00,6.0,6.0,6.0,6.0,499
2026-03-20 19:50:00,6.01,6.01,6.01,6.01,750
2026-03-20 19:55:00,6.0499,6.0499,6.0499,6.0499,1931
2026-03-23 04:00:00,5.7,5.71,5.65,5.71,3909
2026-03-23 04:05:00,5.71,5.72,5.7,5.7,1423
2026-03-23 04:55:00,5.69,5.69,5.69,5.69,200
2026-03-23 05:00:00,5.68,5.68,5.67,5.68,4174
2026-03-23 05:20:00,5.69,5.69,5.68,5.68,2589
2026-03-23 05:25:00,5.68,5.68,5.68,5.68,194
2026-03-23 05:30:00,5.67,5.67,5.65,5.65,432
2026-03-23 05:35:00,5.61,5.61,5.605,5.61,604
2026-03-23 05:40:00,5.61,5.61,5.61,5.61,337
2026-03-23 05:50:00,5.6,5.6,5.6,5.6,720
2026-03-23 05:55:00,5.61,5.61,5.61,5.61,149
2026-03-23 06:05:00,5.61,5.61,5.61,5.61,123
2026-03-23 06:10:00,5.62,5.62,5.62,5.62,1357
2026-03-23 06:15:00,5.6,5.61,5.6,5.61,244
2026-03-23 06:25:00,5.58,5.58,5.58,5.58,200
2026-03-23 06:35:00,5.59,5.59,5.59,5.59,3388
2026-03-23 06:50:00,5.6,5.61,5.6,5.61,548
2026-03-23 07:00:00,5.62,5.63,5.62,5.63,1534
2026-03-23 07:05:00,5.64,6.02,5.64,6.02,155545
2026-03-23 07:10:00,6.04,6.06,5.99,6.06,5232
2026-03-23 07:15:00,6.07,6.08,6.07,6.07,3662
2026-03-23 07:20:00,6.07,6.07,5.99,5.99,8184
2026-03-23 07:25:00,6.01,6.01,5.99,6.01,1000
2026-03-23 07:30:00,6.03,6.05,6.03,6.05,424
2026-03-23 07:35:00,6.08,6.08,6.05,6.06,11310
2026-03-23 07:40:00,6.05,6.05,5.99,6.0,4949
2026-03-23 07:45:00,5.99,6.0,5.96,5.97,21419
2026-03-23 07:50:00,5.97,5.97,5.93,5.95,4310
2026-03-23 07:55:00,5.92,5.93,5.9,5.9,75324
2026-03-23 08:00:00,5.67,6.09,5.57,5.94,77002
2026-03-23 08:05:00,5.95,5.95,5.94,5.94,13682
2026-03-23 08:10:00,5.95,5.95,5.93,5.93,9150
2026-03-23 08:15:00,5.93,5.96,5.93,5.96,34569
2026-03-23 08:20:00,5.96,5.96,5.95,5.95,15024
2026-03-23 08:25:00,5.95,5.96,5.95,5.95,400
2026-03-23 08:30:00,5.95,5.95,5.95,5.95,139
2026-03-23 08:35:00,5.98,5.98,5.97,5.97,1772
2026-03-23 08:40:00,5.95,6.01,5.94,6.01,7211
2026-03-23 08:45:00,6.0,6.0,5.99,6.0,3487
2026-03-23 08:50:00,6.01,6.03,6.0,6.01,12799
2026-03-23 08:55:00,6.02,6.0591,6.01,6.05,4287
2026-03-23 09:00:00,6.05,6.055,6.0398,6.0463,4684
2026-03-23 09:05:00,6.04,6.05,6.0198,6.05,2693
2026-03-23 09:10:00,6.0499,6.05,6.03,6.04,5762
2026-03-23 09:15:00,6.03,6.03,6.02,6.02,11330
2026-03-23 09:20:00,6.0213,6.05,6.0213,6.04,11203
2026-03-23 09:25:00,6.05,6.08,6.05,6.08,12354
2026-03-23 09:30:00,6.08,6.21,6.08,6.16,632777
2026-03-23 09:35:00,6.165,6.31,6.165,6.31,351384
2026-03-23 09:40:00,6.31,6.355,6.29,6.29,404184
2026-03-23 09:45:00,6.29,6.3501,6.285,6.345,266271
2026-03-23 09:50:00,6.35,6.38,6.35,6.3693,125153
2026-03-23 09:55:00,6.36,6.365,6.3399,6.36,183380
2026-03-23 10:00:00,6.36,6.365,6.3297,6.34,346571
2026-03-23 10:05:00,6.347,6.3601,6.33,6.36,525698
2026-03-23 10:10:00,6.3521,6.4,6.3521,6.3851,502280
2026-03-23 10:15:00,6.38,6.405,6.38,6.39,740919
2026-03-23 10:20:00,6.3999,6.435,6.3801,6.42,877985
2026-03-23 10:25:00,6.42,6.43,6.395,6.4101,915325
2026-03-23 10:30:00,6.4101,6.4201,6.3899,6.415,475987
2026-03-23 10:35:00,6.42,6.435,6.3999,6.425,819309
2026-03-23 10:40:00,6.42,6.43,6.405,6.41,440053
2026-03-23 10:45:00,6.4,6.455,6.3999,6.435,1009770
2026-03-23 10:50:00,6.43,6.4301,6.4,6.42,860262
2026-03-23 10:55:00,6.4199,6.421,6.4,6.42,672206
2026-03-23 11:00:00,6.42,6.47,6.4199,6.47,844666
2026-03-23 11:05:00,6.465,6.4702,6.45,6.47,573739
2026-03-23 11:10:00,6.47,6.4701,6.445,6.445,876433
2026-03-23 11:15:00,6.45,6.455,6.42,6.43,924977
2026-03-23 11:20:00,6.4201,6.4301,6.4,6.43,577497
2026-03-23 11:25:00,6.43,6.4384,6.41,6.4101,673269
2026-03-23 11:30:00,6.42,6.4299,6.3962,6.3962,627701
2026-03-23 11:35:00,6.3999,6.4,6.37,6.37,975222
2026-03-23 11:40:00,6.3701,6.3701,6.32,6.34,880664
2026-03-23 11:45:00,6.34,6.3403,6.3199,6.34,338616
2026-03-23 11:50:00,6.3301,6.34,6.29,6.29,515887
2026-03-23 11:55:00,6.29,6.29,6.2401,6.245,994417
2026-03-23 12:00:00,6.25,6.265,6.245,6.2502,662127
2026-03-23 12:05:00,6.25,6.3,6.2498,6.3,828787
2026-03-23 12:10:00,6.29,6.3199,6.2869,6.3001,620256
2026-03-23 12:15:00,6.31,6.315,6.2701,6.28,945612
2026-03-23 12:20:00,6.2702,6.275,6.24,6.26,873787
2026-03-23 12:25:00,6.2601,6.2601,6.23,6.23,433013
2026-03-23 12:30:00,6.2299,6.25,6.225,6.25,589248
2026-03-23 12:35:00,6.26,6.2701,6.24,6.24,358126
2026-03-23 12:40:00,6.2399,6.2599,6.2399,6.25,692104
2026-03-23 12:45:00,6.2501,6.285,6.245,6.28,552793
2026-03-23 12:50:00,6.285,6.285,6.265,6.2699,483714
2026-03-23 12:55:00,6.27,6.275,6.24,6.255,710513
2026-03-23 13:00:00,6.25,6.2601,6.2401,6.2401,643302
2026-03-23 13:05:00,6.24,6.2551,6.225,6.2551,910413
2026-03-23 13:10:00,6.25,6.26,6.23,6.23,387275
2026-03-23 13:15:00,6.22,6.22,6.205,6.21,99030
2026-03-23 13:20:00,6.205,6.22,6.195,6.2199,306255
2026-03-23 13:25:00,6.2199,6.25,6.2199,6.225,459185
2026-03-23 13:30:00,6.23,6.285,6.2298,6.28,675657
2026-03-23 13:35:00,6.29,6.335,6.29,6.305,586335
2026-03-23 13:40:00,6.3,6.305,6.275,6.275,734811
2026-03-23 13:45:00,6.275,6.285,6.275,6.285,197972
2026-03-23 13:50:00,6.285,6.315,6.28,6.3099,474591
2026-03-23 13:55:00,6.31,6.32,6.3098,6.31,472761
2026-03-23 14:00:00,6.315,6.33,6.3099,6.325,624733
2026-03-23 14:05:00,6.32,6.32,6.29,6.3,767064
2026-03-23 14:10:00,6.31,6.3186,6.3098,6.31,133050
2026-03-23 14:15:00,6.31,6.31,6.285,6.29,660604
2026-03-23 14:20:00,6.29,6.3106,6.285,6.3106,299451
2026-03-23 14:25:00,6.315,6.3151,6.29,6.3035,625787
2026-03-23 14:30:00,6.3,6.325,6.295,6.325,840216
2026-03-23 14:35:00,6.33,6.355,6.33,6.34,385693
2026-03-23 14:40:00,6.35,6.3599,6.34,6.345,413375
2026-03-23 14:45:00,6.3486,6.365,6.345,6.36,360388
2026-03-23 14:50:00,6.36,6.365,6.357,6.36,392034
2026-03-23 14:55:00,6.3601,6.375,6.3598,6.37,362910
2026-03-23 15:00:00,6.36,6.3699,6.35,6.35,144403
2026-03-23 15:05:00,6.35,6.36,6.35,6.3599,23380
2026-03-23 15:10:00,6.36,6.36,6.345,6.35,715438
2026-03-23 15:15:00,6.34,6.34,6.32,6.335,469614
2026-03-23 15:20:00,6.34,6.3551,6.34,6.3551,633385
2026-03-23 15:25:00,6.3579,6.3579,6.335,6.34,394019
2026-03-23 15:30:00,6.34,6.3451,6.335,6.34,442187
2026-03-23 15:35:00,6.34,6.346,6.33,6.34,691446
2026-03-23 15:40:00,6.3406,6.36,6.34,6.3506,342382
2026-03-23 15:45:00,6.36,6.365,6.35,6.3601,590636
2026-03-23 15:50:00,6.36,6.36,6.315,6.32,1271348
2026-03-23 15:55:00,6.32,6.34,6.32,6.335,1273567
2026-03-23 16:00:00,6.33,6.34,6.32,6.32,2637
2026-03-23 16:05:00,6.34,6.34,6.34,6.34,1000
2026-03-23 16:10:00,6.35,6.35,6.35,6.35,710
2026-03-23 16:20:00,6.35,6.35,6.34,6.34,1000
2026-03-23 16:30:00,6.3403,6.3403,6.3403,6.3403,1000
2026-03-23 16:35:00,6.35,6.35,6.35,6.35,300
2026-03-23 16:40:00,6.35,6.35,6.35,6.35,600
2026-03-23 16:45:00,6.3487,6.3487,6.345,6.345,650
2026-03-23 17:05:00,6.35,6.35,6.35,6.35,157
2026-03-23 17:25:00,6.34,6.34,6.34,6.34,1500
2026-03-23 17:30:00,6.34,6.34,6.34,6.34,500
2026-03-23 17:40:00,6.3492,6.3492,6.3492,6.3492,160
2026-03-23 17:45:00,6.33,6.33,6.33,6.33,540
2026-03-23 17:50:00,6.33,6.33,6.33,6.33,100
2026-03-23 18:00:00,6.34,6.34,6.34,6.34,123
2026-03-23 18:10:00,6.35,6.35,6.35,6.35,150
2026-03-23 18:45:00,6.35,6.35,6.35,6.35,257
2026-03-23 19:00:00,6.355,6.355,6.355,6.355,100
2026-03-23 19:05:00,6.355,6.355,6.351,6.351,1000
2026-03-23 19:10:00,6.3502,6.36,6.3502,6.36,2761
2026-03-23 19:45:00,6.36,6.36,6.36,6.36,908
2026-03-23 19:50:00,6.36,6.36,6.36,6.36,500
2026-03-24 04:05:00,6.41,6.41,6.41,6.41,149
2026-03-24 04:15:00,6.4,6.4,6.4,6.4,447
2026-03-24 04:35:00,6.37,6.37,6.35,6.35,473
2026-03-24 04:50:00,6.34,6.34,6.34,6.34,2100
2026-03-24 04:55:00,6.31,6.31,6.295,6.295,5262
2026-03-24 05:00:00,6.29,6.29,6.29,6.29,100
2026-03-24 05:10:00,6.27,6.27,6.27,6.27,1300
2026-03-24 05:15:00,6.28,6.28,6.28,6.28,614
2026-03-24 05:20:00,6.275,6.28,6.275,6.28,3587
2026-03-24 05:45:00,6.32,6.32,6.32,6.32,2972
2026-03-24 05:50:00,6.33,6.33,6.33,6.33,787
2026-03-24 06:05:00,6.35,6.35,6.35,6.35,2600
2026-03-24 06:30:00,6.32,6.32,6.32,6.32,1400
2026-03-24 06:40:00,6.33,6.33,6.33,6.33,2466
2026-03-24 07:00:00,6.31,6.31,6.31,6.31,100
2026-03-24 07:05:00,6.32,6.32,6.32,6.32,897
2026-03-24 07:15:00,6.32,6.32,6.32,6.32,715
2026-03-24 07:25:00,6.31,6.31,6.31,6.31,2000
2026-03-24 07:40:00,6.31,6.31,6.31,6.31,300
2026-03-24 07:45:00,6.315,6.315,6.315,6.315,900
2026-03-24 07:50:00,6.32,6.32,6.28,6.28,16823
2026-03-24 07:55:00,6.305,6.305,6.305,6.305,900
2026-03-24 08:00:00,6.42,6.42,6.25,6.3,28463
2026-03-24 08:05:00,6.28,6.29,6.28,6.29,663
2026-03-24 08:10:00,6.28,6.28,6.28,6.28,1255
2026-03-24 08:15:00,6.27,6.27,6.2699,6.2699,1500
2026-03-24 08:30:00,6.2503,6.2503,6.2503,6.2503,600
2026-03-24 08:35:00,6.25,6.25,6.24,6.24,5248
2026-03-24 08:40:00,6.24,6.24,6.24,6.24,774
2026-03-24 08:50:00,6.26,6.26,6.26,6.26,3000
2026-03-24 08:55:00,6.25,6.25,6.25,6.25,267
2026-03-24 09:00:00,6.2402,6.2402,6.2321,6.24,6025
2026-03-24 09:10:00,6.23,6.23,6.23,6.23,1900
2026-03-24 09:20:00,6.2,6.21,6.2,6.21,2022
2026-03-24 09:25:00,6.21,6.22,6.17,6.19,12266
2026-03-24 09:30:00,6.19,6.4,6.175,6.4,336305
2026-03-24 09:35:00,6.41,6.46,6.4,6.45,133201
2026-03-24 09:40:00,6.4497,6.4497,6.4,6.415,119316
2026-03-24 09:45:00,6.42,6.5,6.38,6.38,214318
2026-03-24 09:50:00,6.38,6.39,6.3503,6.36,156309
2026-03-24 09:55:00,6.36,6.4001,6.36,6.4001,111466
2026-03-24 10:00:00,6.41,6.48,6.41,6.46,93794
2026-03-24 10:05:00,6.47,6.52,6.47,6.5,199292
2026-03-24 10:10:00,6.5093,6.5093,6.4221,6.4399,195823
2026-03-24 10:15:00,6.45,6.48,6.4299,6.45,145303
2026-03-24 10:20:00,6.44,6.47,6.42,6.45,252822
2026-03-24 10:25:00,6.46,6.5,6.4499,6.4501,325592
2026-03-24 10:30:00,6.45,6.465,6.4199,6.4501,376897
2026-03-24 10:35:00,6.45,6.4501,6.4,6.42,550210
2026-03-24 10:40:00,6.4101,6.45,6.4101,6.45,487794
2026-03-24 10:45:00,6.4401,6.4701,6.42,6.45,454422
2026-03-24 10:50:00,6.44,6.54,6.425,6.48,414852
2026-03-24 10:55:00,6.48,6.545,6.47,6.49,217598
2026-03-24 11:00:00,6.5,6.54,6.4993,6.4993,162085
2026-03-24 11:05:00,6.49,6.49,6.4699,6.48,317478
2026-03-24 11:10:00,6.4799,6.5,6.4597,6.47,398862
2026-03-24 11:15:00,6.47,6.475,6.4599,6.47,294012
2026-03-24 11:20:00,6.46,6.49,6.46,6.4899,270139
2026-03-24 11:25:00,6.4899,6.5001,6.4327,6.4327,347287
2026-03-24 11:30:00,6.4399,6.44,6.3999,6.4099,451278
2026-03-24 11:35:00,6.42,6.4399,6.415,6.435,531038
2026-03-24 11:40:00,6.44,6.445,6.4297,6.435,574044
2026-03-24 11:45:00,6.43,6.44,6.4299,6.43,569292
2026-03-24 11:50:00,6.44,6.4401,6.42,6.42,249426
2026-03-24 11:55:00,6.42,6.4201,6.385,6.39,946235
2026-03-24 12:00:00,6.3801,6.39,6.365,6.3703,239231
2026-03-24 12:05:00,6.375,6.3899,6.3501,6.3899,542994
2026-03-24 12:10:00,6.39,6.3999,6.3801,6.3901,483918
2026-03-24 12:15:00,6.39,6.4301,6.3899,6.4299,583097
2026-03-24 12:20:00,6.43,6.44,6.425,6.4301,664027
2026-03-24 12:25:00,6.43,6.4499,6.4175,6.435,741682
2026-03-24 12:30:00,6.4399,6.445,6.405,6.415,427581
2026-03-24 12:35:00,6.4101,6.4101,6.37,6.37,605133
2026-03-24 12:40:00,6.37,6.4083,6.37,6.4,590097
2026-03-24 12:45:00,6.4099,6.4302,6.4099,6.43,484465
2026-03-24 12:50:00,6.42,6.43,6.405,6.4101,647999
2026-03-24 12:55:00,6.4,6.405,6.39,6.4,170977
2026-03-24 13:00:00,6.4,6.405,6.3501,6.3501,265413
2026-03-24 13:05:00,6.35,6.36,6.325,6.3499,601953
2026-03-24 13:10:00,6.3401,6.355,6.335,6.35,490326
2026-03-24 13:15:00,6.3499,6.3499,6.32,6.325,613545
2026-03-24 13:20:00,6.33,6.3401,6.3299,6.34,330833
2026-03-24 13:25:00,6.34,6.3501,6.3309,6.3501,344292
2026-03-24 13:30:00,6.349,6.3601,6.33,6.33,274775
2026-03-24 13:35:00,6.33,6.3424,6.3297,6.34,510471
2026-03-24 13:40:00,6.34,6.3451,6.29,6.3,284930
2026-03-24 13:45:00,6.3,6.3051,6.29,6.3012,327281
2026-03-24 13:50:00,6.3,6.32,6.295,6.305,359441
2026-03-24 13:55:00,6.3,6.3599,6.3,6.3499,456968
2026-03-24 14:00:00,6.35,6.3702,6.345,6.35,444011
2026-03-24 14:05:00,6.3501,6.355,6.345,6.35,594868
2026-03-24 14:10:00,6.3499,6.37,6.3498,6.36,532852
2026-03-24 14:15:00,6.3501,6.36,6.3401,6.36,613359
2026-03-24 14:20:00,6.37,6.3999,6.3699,6.3901,430905
2026-03-24 14:25:00,6.4,6.4201,6.4,6.42,61866
2026-03-24 14:30:00,6.4199,6.4401,6.4,6.44,556903
2026-03-24 14:35:00,6.4399,6.505,6.4399,6.505,394117
2026-03-24 14:40:00,6.5097,6.5186,6.465,6.4699,832485
2026-03-24 14:45:00,6.4699,6.4799,6.45,6.45,659081
2026-03-24 14:50:00,6.4499,6.47,6.4499,6.455,164135
2026-03-24 14:55:00,6.45,6.455,6.4401,6.4526,302254
2026-03-24 15:00:00,6.45,6.4701,6.45,6.46,263357
2026-03-24 15:05:00,6.45,6.4799,6.4499,6.47,223576
2026-03-24 15:10:00,6.46,6.475,6.4598,6.47,291328
2026-03-24 15:15:00,6.4601,6.4801,6.455,6.48,243266
2026-03-24 15:20:00,6.48,6.48,6.4501,6.461,256853
2026-03-24 15:25:00,6.46,6.4601,6.44,6.44,232369
2026-03-24 15:30:00,6.43,6.445,6.4297,6.4297,383534
2026-03-24 15:35:00,6.4201,6.4303,6.4198,6.425,566749
2026-03-24 15:40:00,6.43,6.4401,6.4298,6.4303,405931
2026-03-24 15:45:00,6.435,6.45,6.43,6.45,152801
2026-03-24 15:50:00,6.45,6.46,6.42,6.42,319248
2026-03-24 15:55:00,6.42,6.42,6.38,6.405,400271
2026-03-24 16:00:00,6.41,6.41,6.4,6.41,1184
2026-03-24 16:10:00,6.42,6.42,6.42,6.42,200
2026-03-24 16:15:00,6.41,6.41,6.41,6.41,100
2026-03-24 16:20:00,6.44,6.5,6.44,6.5,47791
2026-03-24 16:25:00,6.52,6.52,6.48,6.49,13921
2026-03-24 16:30:00,6.5,6.5,6.49,6.5,2391
2026-03-24 16:35:00,6.5101,6.52,6.51,6.52,11600
2026-03-24 16:40:00,6.52,6.52,6.5,6.5,8188
2026-03-24 16:45:00,6.5,6.5,6.5,6.5,121
2026-03-24 17:10:00,6.49,6.49,6.49,6.49,300
2026-03-24 17:45:00,6.4878,6.4878,6.48,6.48,1071
2026-03-24 17:50:00,6.5,6.5,6.5,6.5,714
2026-03-24 18:05:00,6.5,6.5,6.5,6.5,150
2026-03-24 18:10:00,6.5,6.5,6.5,6.5,150
2026-03-24 18:15:00,6.49,6.49,6.49,6.49,100
2026-03-24 18:20:00,6.517,6.517,6.517,6.517,250
2026-03-24 18:50:00,6.505,6.505,6.505,6.505,500
2026-03-24 19:35:00,6.501,6.501,6.501,6.501,125
2026-03-24 19:50:00,6.5003,6.5003,6.5003,6.5003,100
2026-03-24 19:55:00,6.52,6.52,6.52,6.52,800
2026-03-25 04:00:00,6.62,6.62,6.62,6.62,2190
2026-03-25 04:05:00,6.63,6.63,6.63,6.63,973
2026-03-25 04:15:00,6.63,6.63,6.63,6.63,1200
2026-03-25 04:20:00,6.65,6.65,6.64,6.64,5570
2026-03-25 04:25:00,6.64,6.64,6.64,6.64,2446
2026-03-25 04:35:00,6.64,6.64,6.64,6.64,1138
2026-03-25 04:40:00,6.64,6.64,6.64,6.64,505
2026-03-25 04:45:00,6.63,6.63,6.63,6.63,1000
2026-03-25 04:50:00,6.63,6.63,6.61,6.61,2682
2026-03-25 04:55:00,6.61,6.61,6.61,6.61,149
2026-03-25 05:20:00,6.62,6.62,6.62,6.62,2286
2026-03-25 05:25:00,6.615,6.615,6.6,6.605,538
2026-03-25 05:45:00,6.6,6.6,6.59,6.59,3364
2026-03-25 05:55:00,6.61,6.61,6.61,6.61,6107
2026-03-25 06:00:00,6.62,6.62,6.62,6.62,2299
2026-03-25 06:05:00,6.62,6.62,6.61,6.61,1757
2026-03-25 06:10:00,6.615,6.615,6.615,6.615,1500
2026-03-25 06:15:00,6.62,6.625,6.62,6.62,1530
2026-03-25 06:45:00,6.6,6.61,6.6,6.61,2600
2026-03-25 06:55:00,6.61,6.61,6.61,6.61,744
2026-03-25 07:00:00,6.61,6.61,6.61,6.61,130
2026-03-25 07:15:00,6.64,6.64,6.64,6.64,269
2026-03-25 07:30:00,6.645,6.645,6.645,6.645,1000
2026-03-25 07:35:00,6.66,6.66,6.66,6.66,245
2026-03-25 07:45:00,6.65,6.65,6.63,6.63,12660
2026-03-25 07:50:00,6.64,6.64,6.63,6.64,4861
2026-03-25 07:55:00,6.65,6.65,6.65,6.65,2200
2026-03-25 08:00:00,6.64,6.67,6.55,6.67,22104
2026-03-25 08:05:00,6.68,6.69,6.68,6.69,1116
2026-03-25 08:10:00,6.7,6.709,6.7,6.709,600
2026-03-25 08:15:00,6.7113,6.7113,6.67,6.6701,7724
2026-03-25 08:20:00,6.67,6.67,6.64,6.65,18531
2026-03-25 08:25:00,6.66,6.67,6.64,6.64,13962
2026-03-25 08:30:00,6.65,6.65,6.63,6.6397,5126
2026-03-25 08:35:00,6.65,6.66,6.65,6.66,2000
2026-03-25 08:40:00,6.66,6.66,6.66,6.66,100
2026-03-25 08:45:00,6.66,6.66,6.66,6.66,700
2026-03-25 08:50:00,6.66,6.66,6.66,6.66,895
2026-03-25 08:55:00,6.6813,6.69,6.675,6.675,3759
2026-03-25 09:00:00,6.67,6.69,6.66,6.69,10317
2026-03-25 09:05:00,6.69,6.69,6.69,6.69,869
2026-03-25 09:10:00,6.68,6.68,6.67,6.67,1539
2026-03-25 09:15:00,6.6799,6.6799,6.6799,6.6799,500
2026-03-25 09:20:00,6.67,6.67,6.67,6.67,1261
2026-03-25 09:25:00,6.67,6.67,6.64,6.64,15527
2026-03-25 09:30:00,6.63,6.78,6.605,6.73,386841
2026-03-25 09:35:00,6.74,6.8388,6.74,6.76,198264
2026-03-25 09:40:00,6.76,6.7801,6.74,6.74,196420
2026-03-25 09:45:00,6.74,6.7501,6.74,6.74,190974
2026-03-25 09:50:00,6.73,6.7486,6.685,6.725,273858
2026-03-25 09:55:00,6.73,6.7301,6.7,6.7,355010
2026-03-25 10:00:00,6.7,6.73,6.6515,6.72,321793
2026-03-25 10:05:00,6.715,6.75,6.7099,6.725,194064
2026-03-25 10:10:00,6.72,6.7301,6.7098,6.7301,454280
2026-03-25 10:15:00,6.7392,6.7401,6.7297,6.73,591724
2026-03-25 10:20:00,6.73,6.7701,6.7297,6.7496,845525
2026-03-25 10:25:00,6.75,6.7999,6.75,6.7599,722659
2026-03-25 10:30:00,6.77,6.7802,6.75,6.78,903440
2026-03-25 10:35:00,6.78,6.78,6.75,6.76,1133983
2026-03-25 10:40:00,6.76,6.79,6.75,6.7712,2160923
2026-03-25 10:45:00,6.77,6.78,6.7592,6.775,925442
2026-03-25 10:50:00,6.7701,6.78,6.76,6.76,821670
2026-03-25 10:55:00,6.76,6.765,6.7399,6.74,841888
2026-03-25 11:00:00,6.74,6.75,6.7399,6.7402,1107922
2026-03-25 11:05:00,6.74,6.74,6.6915,6.6999,1016434
2026-03-25 11:10:00,6.6999,6.71,6.685,6.685,768234
2026-03-25 11:15:00,6.69,6.695,6.615,6.63,924800
2026-03-25 11:20:00,6.63,6.7,6.6299,6.7,755869
2026-03-25 11:25:00,6.7,6.72,6.68,6.72,389502
2026-03-25 11:30:00,6.7201,6.7301,6.72,6.72,470045
2026-03-25 11:35:00,6.71,6.71,6.665,6.6701,777080
2026-03-25 11:40:00,6.67,6.67,6.64,6.66,384476
2026-03-25 11:45:00,6.6599,6.6601,6.62,6.625,624180
2026-03-25 11:50:00,6.6299,6.6301,6.5999,6.5999,1185859
2026-03-25 11:55:00,6.6,6.6099,6.58,6.6,1212141
2026-03-25 12:00:00,6.6,6.615,6.59,6.59,743324
2026-03-25 12:05:00,6.58,6.595,6.56,6.59,955369
2026-03-25 12:10:00,6.5903,6.5903,6.565,6.58,976221
2026-03-25 12:15:00,6.57,6.57,6.5599,6.57,464768
2026-03-25 12:20:00,6.57,6.61,6.5615,6.61,804661
2026-03-25 12:25:00,6.62,6.62,6.605,6.61,432189
2026-03-25 12:30:00,6.6,6.635,6.5999,6.63,714877
2026-03-25 12:35:00,6.63,6.63,6.6297,6.6297,79047
2026-03-25 12:40:00,6.63,6.6302,6.62,6.62,589775
2026-03-25 12:45:00,6.62,6.6299,6.61,6.62,514855
2026-03-25 12:50:00,6.61,6.62,6.5999,6.62,444865
2026-03-25 12:55:00,6.62,6.62,6.605,6.61,290759
2026-03-25 13:00:00,6.61,6.62,6.585,6.59,328382
2026-03-25 13:05:00,6.58,6.5816,6.5697,6.58,567620
2026-03-25 13:10:00,6.58,6.605,6.575,6.6,386781
2026-03-25 13:15:00,6.595,6.595,6.5601,6.57,549320
2026-03-25 13:20:00,6.58,6.585,6.57,6.5701,350931
2026-03-25 13:25:00,6.57,6.59,6.57,6.58,210879
2026-03-25 13:30:00,6.57,6.58,6.55,6.58,331452
2026-03-25 13:35:00,6.59,6.605,6.5899,6.6,490781
2026-03-25 13:40:00,6.6085,6.625,6.595,6.61,514463
2026-03-25 13:45:00,6.605,6.605,6.575,6.58,688874
2026-03-25 13:50:00,6.571,6.585,6.5499,6.5499,272031
2026-03-25 13:55:00,6.55,6.6,6.5463,6.5701,572123
2026-03-25 14:00:00,6.5701,6.5703,6.555,6.565,374337
2026-03-25 14:05:00,6.5694,6.575,6.5503,6.5503,520131
2026-03-25 14:10:00,6.56,6.5798,6.555,6.57,666224
2026-03-25 14:15:00,6.57,6.58,6.55,6.5699,495191
2026-03-25 14:20:00,6.57,6.595,6.57,6.581,306231
2026-03-25 14:25:00,6.58,6.58,6.551,6.551,417165
2026-03-25 14:30:00,6.56,6.56,6.54,6.5501,556631
2026-03-25 14:35:00,6.55,6.5502,6.535,6.535,116222
2026-03-25 14:40:00,6.53,6.535,6.5199,6.5299,691371
2026-03-25 14:45:00,6.5201,6.5299,6.5163,6.5299,212190
2026-03-25 14:50:00,6.5201,6.5304,6.5197,6.53,478984
2026-03-25 14:55:00,6.53,6.53,6.48,6.5021,670813
2026-03-25 15:00:00,6.5,6.501,6.47,6.4801,696201
2026-03-25 15:05:00,6.4898,6.49,6.4699,6.47,748812
2026-03-25 15:10:00,6.475,6.485,6.4701,6.4801,71984
2026-03-25 15:15:00,6.4899,6.51,6.485,6.51,493112
2026-03-25 15:20:00,6.5185,6.53,6.51,6.51,188845
2026-03-25 15:25:00,6.51,6.5101,6.4897,6.4897,84008
2026-03-25 15:30:00,6.481,6.4899,6.475,6.48,395937
2026-03-25 15:35:00,6.48,6.4901,6.465,6.49,651285
2026-03-25 15:40:00,6.49,6.5003,6.48,6.4899,318469
2026-03-25 15:45:00,6.48,6.4901,6.48,6.49,217462
2026-03-25 15:50:00,6.5,6.5151,6.4899,6.5,516535
2026-03-25 15:55:00,6.505,6.5101,6.49,6.49,423779
2026-03-25 16:00:00,6.49,6.51,6.49,6.51,3420
2026-03-25 16:45:00,6.5,6.5,6.5,6.5,11784
2026-03-25 17:10:00,6.5,6.5,6.5,6.5,13000
2026-03-25 17:15:00,6.51,6.51,6.5,6.5,7100
2026-03-25 17:20:00,6.5,6.5,6.5,6.5,1000
2026-03-25 17:30:00,6.5,6.5,6.5,6.5,2500
2026-03-25 17:35:00,6.5,6.5,6.5,6.5,23941
2026-03-25 17:40:00,6.5,6.51,6.5,6.5,7154
2026-03-25 18:00:00,6.5,6.5,6.5,6.5,2500
2026-03-25 18:20:00,6.48,6.48,6.48,6.48,200
2026-03-25 18:25:00,6.48,6.48,6.48,6.48,779
2026-03-25 18:30:00,6.48,6.48,6.48,6.48,100
2026-03-25 18:55:00,6.485,6.485,6.485,6.485,1900
2026-03-25 19:00:00,6.48,6.49,6.48,6.49,6700
2026-03-25 19:05:00,6.49,6.49,6.49,6.49,200
2026-03-25 19:10:00,6.49,6.49,6.49,6.49,1700
2026-03-25 19:15:00,6.48,6.48,6.48,6.48,200
2026-03-25 19:25:00,6.49,6.49,6.49,6.49,100
2026-03-25 19:30:00,6.485,6.485,6.485,6.485,800
2026-03-25 19:35:00,6.48,6.48,6.48,6.48,2700
2026-03-25 19:45:00,6.47,6.47,6.47,6.47,300
2026-03-26 04:10:00,6.4,6.4,6.4,6.4,241
2026-03-26 04:20:00,6.36,6.36,6.36,6.36,500
2026-03-26 04:35:00,6.36,6.36,6.36,6.36,100
2026-03-26 04:40:00,6.36,6.36,6.35,6.35,2400
2026-03-26 04:45:00,6.34,6.34,6.34,6.34,3090
2026-03-26 04:55:00,6.35,6.35,6.35,6.35,239
2026-03-26 05:00:00,6.35,6.35,6.34,6.34,620
2026-03-26 05:05:00,6.35,6.35,6.35,6.35,2100
2026-03-26 05:20:00,6.32,6.32,6.31,6.31,2185
2026-03-26 05:25:00,6.31,6.31,6.31,6.31,328
2026-03-26 05:30:00,6.3,6.3,6.29,6.29,490
2026-03-26 05:35:00,6.295,6.295,6.29,6.29,815
2026-03-26 05:50:00,6.32,6.32,6.32,6.32,1000
2026-03-26 05:55:00,6.34,6.34,6.34,6.34,1200
2026-03-26 06:00:00,6.335,6.34,6.33,6.34,3830
2026-03-26 06:05:00,6.35,6.35,6.35,6.35,2002
2026-03-26 06:10:00,6.34,6.34,6.34,6.34,695
2026-03-26 06:20:00,6.33,6.33,6.33,6.33,700
2026-03-26 06:35:00,6.35,6.35,6.325,6.325,3118
2026-03-26 06:40:00,6.32,6.32,6.32,6.32,362
2026-03-26 06:50:00,6.33,6.33,6.33,6.33,179
2026-03-26 07:00:00,6.35,6.35,6.35,6.35,3346
2026-03-26 07:05:00,6.36,6.36,6.36,6.36,340
2026-03-26 07:25:00,6.35,6.35,6.35,6.35,3016
2026-03-26 07:30:00,6.35,6.35,6.35,6.35,3400
2026-03-26 07:35:00,6.345,6.345,6.34,6.34,5980
2026-03-26 07:40:00,6.33,6.33,6.33,6.33,333
2026-03-26 07:45:00,6.32,6.32,6.32,6.32,1372
2026-03-26 07:50:00,6.32,6.32,6.32,6.32,3300
2026-03-26 07:55:00,6.33,6.33,6.33,6.33,162
2026-03-26 08:00:00,6.3599,6.49,6.32,6.43,11497
2026-03-26 08:05:00,6.34,6.34,6.329,6.329,3562
2026-03-26 08:10:00,6.325,6.33,6.325,6.33,895
2026-03-26 08:20:00,6.3311,6.3311,6.3311,6.3311,200
2026-03-26 08:25:00,6.3303,6.3303,6.3303,6.3303,1700
2026-03-26 08:30:00,6.33,6.33,6.315,6.32,5642
2026-03-26 08:35:00,6.32,6.32,6.305,6.31,13937
2026-03-26 08:40:00,6.31,6.31,6.31,6.31,5100
2026-03-26 08:45:00,6.31,6.31,6.31,6.31,958
2026-03-26 08:50:00,6.32,6.32,6.32,6.32,1800
2026-03-26 08:55:00,6.33,6.33,6.33,6.33,5094
2026-03-26 09:00:00,6.34,6.34,6.33,6.33,6374
2026-03-26 09:10:00,6.33,6.33,6.33,6.33,3315
2026-03-26 09:15:00,6.33,6.34,6.33,6.34,6083
2026-03-26 09:20:00,6.32,6.3201,6.32,6.32,12430
2026-03-26 09:25:00,6.33,6.34,6.33,6.33,50584
2026-03-26 09:30:00,6.35,6.4,6.35,6.36,209984
2026-03-26 09:35:00,6.35,6.35,6.29,6.33,165678
2026-03-26 09:40:00,6.33,6.4,6.32,6.395,214730
2026-03-26 09:45:00,6.39,6.42,6.37,6.3893,264147
2026-03-26 09:50:00,6.39,6.425,6.38,6.41,185394
2026-03-26 09:55:00,6.41,6.44,6.39,6.44,119562
2026-03-26 10:00:00,6.43,6.43,6.39,6.41,147864
2026-03-26 10:05:00,6.41,6.4203,6.3564,6.36,430510
2026-03-26 10:10:00,6.3598,6.4001,6.3497,6.3884,558305
2026-03-26 10:15:00,6.38,6.405,6.3766,6.3799,759367
2026-03-26 10:20:00,6.3799,6.38,6.365,6.37,547087
2026-03-26 10:25:00,6.36,6.3701,6.3399,6.3399,552966
2026-03-26 10:30:00,6.335,6.36,6.335,6.355,414613
2026-03-26 10:35:00,6.365,6.365,6.335,6.35,542599
2026-03-26 10:40:00,6.3499,6.375,6.295,6.3,370199
2026-03-26 10:45:00,6.2901,6.315,6.285,6.3,414829
2026-03-26 10:50:00,6.3,6.3099,6.2499,6.2499,353750
2026-03-26 10:55:00,6.24,6.29,6.23,6.28,643735
2026-03-26 11:00:00,6.2899,6.32,6.2899,6.3,425479
2026-03-26 11:05:00,6.2931,6.3102,6.28,6.2901,844249
2026-03-26 11:10:00,6.3,6.3099,6.299,6.3,801460
2026-03-26 11:15:00,6.29,6.2901,6.2697,6.27,341344
2026-03-26 11:20:00,6.27,6.286,6.27,6.28,1022933
2026-03-26 11:25:00,6.29,6.31,6.285,6.3,437340
2026-03-26 11:30:00,6.2999,6.2999,6.28,6.2901,456114
2026-03-26 11:35:00,6.3,6.3101,6.3,6.31,265289
2026-03-26 11:40:00,6.3002,6.315,6.2938,6.295,812078
2026-03-26 11:45:00,6.2999,6.33,6.29,6.32,583130
2026-03-26 11:50:00,6.3201,6.3238,6.3101,6.32,656708
2026-03-26 11:55:00,6.31,6.31,6.285,6.29,160148
2026-03-26 12:00:00,6.29,6.29,6.275,6.275,529899
2026-03-26 12:05:00,6.2799,6.285,6.2701,6.2801,234027
2026-03-26 12:10:00,6.28,6.285,6.265,6.27,230752
2026-03-26 12:15:00,6.2701,6.275,6.225,6.25,537245
2026-03-26 12:20:00,6.25,6.255,6.2197,6.2301,451430
2026-03-26 12:25:00,6.2301,6.2301,6.19,6.2,756694
2026-03-26 12:30:00,6.1999,6.22,6.1999,6.2199,218401
2026-03-26 12:35:00,6.22,6.2251,6.2,6.2,442505
2026-03-26 12:40:00,6.19,6.205,6.185,6.2,299133
2026-03-26 12:45:00,6.2,6.21,6.1799,6.19,449264
2026-03-26 12:50:00,6.19,6.21,6.1899,6.21,466439
2026-03-26 12:55:00,6.205,6.2202,6.1999,6.215,394303
2026-03-26 13:00:00,6.2199,6.2201,6.21,6.21,184474
2026-03-26 13:05:00,6.2199,6.23,6.215,6.2299,121548
2026-03-26 13:10:00,6.22,6.2201,6.2,6.2,224149
2026-03-26 13:15:00,6.1999,6.21,6.195,6.1999,196348
2026-03-26 13:20:00,6.2001,6.2001,6.1798,6.18,349188
2026-03-26 13:25:00,6.18,6.1987,6.1799,6.1987,329222
2026-03-26 13:30:00,6.1999,6.2101,6.1899,6.21,388520
2026-03-26 13:35:00,6.2199,6.2199,6.1999,6.2,381983
2026-03-26 13:40:00,6.1901,6.1903,6.17,6.17,370024
2026-03-26 13:45:00,6.16,6.1701,6.155,6.155,241597
2026-03-26 13:50:00,6.16,6.16,6.1138,6.125,231122
2026-03-26 13:55:00,6.13,6.1351,6.115,6.1201,262658
2026-03-26 14:00:00,6.13,6.155,6.13,6.15,194494
2026-03-26 14:05:00,6.145,6.1499,6.135,6.1398,281685
2026-03-26 14:10:00,6.1399,6.145,6.135,6.14,429478
2026-03-26 14:15:00,6.1401,6.145,6.125,6.135,218070
2026-03-26 14:20:00,6.1387,6.1501,6.125,6.1501,208246
2026-03-26 14:25:00,6.15,6.15,6.11,6.1199,242293
2026-03-26 14:30:00,6.12,6.145,6.12,6.1401,178496
2026-03-26 14:35:00,6.14,6.15,6.135,6.15,551681
2026-03-26 14:40:00,6.15,6.15,6.1297,6.131,212026
2026-03-26 14:45:00,6.13,6.1403,6.1297,6.1399,209234
2026-03-26 14:50:00,6.1303,6.14,6.125,6.14,325722
2026-03-26 14:55:00,6.14,6.1401,6.1,6.1099,213182
2026-03-26 15:00:00,6.1,6.1101,6.085,6.09,349986
2026-03-26 15:05:00,6.09,6.095,6.0597,6.065,324957
2026-03-26 15:10:00,6.06,6.065,6.045,6.0599,503044
2026-03-26 15:15:00,6.055,6.0899,6.055,6.08,507452
2026-03-26 15:20:00,6.0801,6.0801,6.055,6.065,544123
2026-03-26 15:25:00,6.07,6.07,6.0499,6.06,349611
2026-03-26 15:30:00,6.06,6.0601,6.045,6.0501,534868
2026-03-26 15:35:00,6.0501,6.065,6.045,6.06,207854
2026-03-26 15:40:00,6.05,6.0601,6.0498,6.055,472663
2026-03-26 15:45:00,6.0502,6.065,6.0464,6.065,411690
2026-03-26 15:50:00,6.07,6.09,6.04,6.05,1053971
2026-03-26 15:55:00,6.05,6.05,6.025,6.035,366280
2026-03-26 16:00:00,6.03,6.03,6.0098,6.0098,2120
2026-03-26 16:05:00,6.02,6.0299,6.0179,6.0289,3137
2026-03-26 16:10:00,6.08,6.1,6.05,6.1,22902
2026-03-26 16:15:00,6.08,6.11,6.08,6.11,16532
2026-03-26 16:20:00,6.11,6.12,6.11,6.11,6121
2026-03-26 16:25:00,6.1,6.1,6.08,6.09,5216
2026-03-26 16:30:00,6.11,6.11,6.1098,6.1098,1300
2026-03-26 16:35:00,6.12,6.12,6.12,6.12,2000
2026-03-26 16:40:00,6.11,6.11,6.11,6.11,340
2026-03-26 16:45:00,6.11,6.11,6.1,6.1,2100
2026-03-26 17:05:00,6.05,6.05,6.05,6.05,2000
2026-03-26 17:10:00,6.09,6.09,6.09,6.09,1500
2026-03-26 17:15:00,6.11,6.11,6.11,6.11,300
2026-03-26 17:30:00,6.11,6.11,6.11,6.11,100
2026-03-26 17:55:00,6.13,6.13,6.12,6.12,310
2026-03-26 18:10:00,6.09,6.09,6.09,6.09,119
2026-03-26 18:15:00,6.081,6.081,6.081,6.081,115
2026-03-26 18:30:00,6.09,6.09,6.09,6.09,100
2026-03-26 18:35:00,6.1,6.1,6.1,6.1,567
2026-03-26 18:40:00,6.11,6.11,6.11,6.11,1036
2026-03-26 18:45:00,6.1098,6.1098,6.1098,6.1098,400
2026-03-26 19:10:00,6.1,6.1,6.1,6.1,1200
2026-03-26 19:30:00,6.1,6.1,6.1,6.1,377
2026-03-26 19:35:00,6.1,6.1,6.1,6.1,3600
2026-03-26 19:50:00,6.1,6.1,6.1,6.1,905
2026-03-26 19:55:00,6.1,6.1,6.09,6.09,1600
2026-03-27 04:00:00,6.12,6.12,6.12,6.12,2003
2026-03-27 04:05:00,6.1,6.1,6.095,6.095,2048
2026-03-27 04:10:00,6.09,6.1,6.09,6.1,5500
2026-03-27 04:20:00,6.08,6.08,6.075,6.075,4775
2026-03-27 04:25:00,6.07,6.075,6.07,6.075,4135
2026-03-27 04:30:00,6.075,6.075,6.075,6.075,2000
2026-03-27 04:35:00,6.07,6.07,6.05,6.05,6139
2026-03-27 04:40:00,6.05,6.06,6.05,6.055,2928
2026-03-27 04:45:00,6.07,6.07,6.07,6.07,2020
2026-03-27 04:50:00,6.06,6.06,6.06,6.06,155
2026-03-27 05:00:00,6.06,6.06,6.05,6.05,2996
2026-03-27 05:05:00,6.05,6.05,6.02,6.02,2741
2026-03-27 05:10:00,6.01,6.01,5.995,6.01,5389
2026-03-27 05:15:00,6.01,6.02,5.98,5.99,23907
2026-03-27 05:20:00,5.99,5.99,5.99,5.99,1294
2026-03-27 05:25:00,6.01,6.02,6.01,6.02,627
2026-03-27 05:30:00,6.04,6.04,6.04,6.04,2000
2026-03-27 05:40:00,6.03,6.03,6.03,6.03,1679
2026-03-27 05:45:00,6.01,6.01,6.01,6.01,200
2026-03-27 05:50:00,6.0,6.0,6.0,6.0,768
2026-03-27 05:55:00,6.005,6.005,6.0,6.0,1500
2026-03-27 06:00:00,5.99,5.99,5.99,5.99,3236
2026-03-27 06:35:00,6.0,6.0,5.975,5.975,2155
2026-03-27 06:40:00,5.97,5.98,5.97,5.98,10678
2026-03-27 06:45:00,5.98,5.98,5.97,5.97,5874
2026-03-27 06:50:00,5.95,5.95,5.95,5.95,400
2026-03-27 07:00:00,5.95,5.96,5.92,5.93,18029
2026-03-27 07:05:00,5.93,5.93,5.93,5.93,529
2026-03-27 07:10:00,5.935,5.935,5.935,5.935,500
2026-03-27 07:15:00,5.95,5.959,5.95,5.959,1600
2026-03-27 07:20:00,5.96,5.96,5.955,5.955,5605
2026-03-27 07:25:00,5.97,5.97,5.97,5.97,5688
2026-03-27 07:45:00,5.98,5.98,5.98,5.98,1300
2026-03-27 07:50:00,5.98,5.98,5.97,5.97,3700
2026-03-27 07:55:00,5.97,5.97,5.97,5.97,3800
2026-03-27 08:00:00,5.93,6.2,5.92,5.95,28256
2026-03-27 08:05:00,5.93,5.93,5.93,5.93,2589
2026-03-27 08:10:00,5.93,5.94,5.93,5.94,8530
2026-03-27 08:15:00,5.95,5.96,5.95,5.96,2440
2026-03-27 08:25:00,5.9501,5.96,5.95,5.95,2900
2026-03-27 08:30:00,5.9698,5.9699,5.9698,5.9699,600
2026-03-27 08:35:00,5.94,5.94,5.94,5.94,5798
2026-03-27 08:40:00,5.95,5.95,5.94,5.94,8860
2026-03-27 08:45:00,5.94,5.94,5.93,5.93,3102
2026-03-27 08:50:00,5.93,5.93,5.93,5.93,100
2026-03-27 09:00:00,5.93,5.93,5.9102,5.92,4940
2026-03-27 09:05:00,5.93,5.93,5.9201,5.9201,4904
2026-03-27 09:10:00,5.92,5.92,5.92,5.92,2371
2026-03-27 09:15:00,5.92,5.935,5.92,5.935,9000
2026-03-27 09:20:00,5.95,5.955,5.95,5.955,2200
2026-03-27 09:25:00,5.97,5.97,5.95,5.95,21901
2026-03-27 09:30:00,5.94,5.94,5.81,5.8199,231850
2026-03-27 09:35:00,5.81,5.815,5.75,5.7898,308823
2026-03-27 09:40:00,5.785,5.79,5.7597,5.7899,122091
2026-03-27 09:45:00,5.7899,5.8401,5.7899,5.835,228329
2026-03-27 09:50:00,5.84,5.84,5.7301,5.74,257827
2026-03-27 09:55:00,5.7401,5.7401,5.68,5.72,401212
2026-03-27 10:00:00,5.71,5.765,5.7,5.765,325802
2026-03-27 10:05:00,5.76,5.761,5.72,5.7299,219686
2026-03-27 10:10:00,5.73,5.76,5.725,5.75,319737
2026-03-27 10:15:00,5.7499,5.7701,5.7499,5.7693,476395
2026-03-27 10:20:00,5.7699,5.7783,5.7199,5.7499,812306
2026-03-27 10:25:00,5.75,5.76,5.725,5.7399,553313
2026-03-27 10:30:00,5.738,5.755,5.7301,5.755,678734
2026-03-27 10:35:00,5.7599,5.7601,5.74,5.7501,708245
2026-03-27 10:40:00,5.7599,5.7801,5.7599,5.76,885632
2026-03-27 10:45:00,5.765,5.81,5.7499,5.81,820459
2026-03-27 10:50:00,5.815,5.8292,5.8,5.8,423053
2026-03-27 10:55:00,5.8099,5.8101,5.79,5.81,267681
2026-03-27 11:00:00,5.81,5.845,5.805,5.8401,721156
2026-03-27 11:05:00,5.8403,5.8599,5.83,5.8499,805411
2026-03-27 11:10:00,5.85,5.86,5.82,5.825,782229
2026-03-27 11:15:00,5.8201,5.825,5.795,5.8099,476666
2026-03-27 11:20:00,5.8,5.85,5.7899,5.82,488459
2026-03-27 11:25:00,5.82,5.865,5.8101,5.865,841714
2026-03-27 11:30:00,5.8699,5.9,5.8699,5.881,357786
2026-03-27 11:35:00,5.8899,5.8985,5.874,5.88,608625
2026-03-27 11:40:00,5.875,5.88,5.86,5.8701,405537
2026-03-27 11:45:00,5.8702,5.8899,5.8697,5.8794,696390
2026-03-27 11:50:00,5.88,5.8801,5.8599,5.861,426085
2026-03-27 11:55:00,5.86,5.8697,5.845,5.85,640769
2026-03-27 12:00:00,5.85,5.8501,5.835,5.84,234863
2026-03-27 12:05:00,5.8399,5.8401,5.8,5.805,724849
2026-03-27 12:10:00,5.8,5.81,5.7901,5.8001,418821
2026-03-27 12:15:00,5.805,5.805,5.7901,5.8001,315916
2026-03-27 12:20:00,5.8099,5.8101,5.7899,5.7899,592768
2026-03-27 12:25:00,5.785,5.785,5.765,5.77,328111
2026-03-27 12:30:00,5.775,5.785,5.7601,5.7697,429603
2026-03-27 12:35:00,5.765,5.765,5.7399,5.74,124976
2026-03-27 12:40:00,5.74,5.7601,5.7399,5.7599,366164
2026-03-27 12:45:00,5.7601,5.78,5.7601,5.78,436729
2026-03-27 12:50:00,5.775,5.775,5.745,5.755,449410
2026-03-27 12:55:00,5.7501,5.765,5.75,5.76,201093
2026-03-27 13:00:00,5.75,5.75,5.735,5.745,221188
2026-03-27 13:05:00,5.74,5.78,5.73,5.77,212373
2026-03-27 13:10:00,5.7601,5.7601,5.745,5.7599,359427
2026-03-27 13:15:00,5.7501,5.7501,5.71,5.72,458295
2026-03-27 13:20:00,5.72,5.7291,5.71,5.7291,236639
2026-03-27 13:25:00,5.725,5.725,5.69,5.69,164449
2026-03-27 13:30:00,5.6901,5.7099,5.6901,5.7,479457
2026-03-27 13:35:00,5.7099,5.7099,5.68,5.6999,388030
2026-03-27 13:40:00,5.6901,5.695,5.6521,5.66,445891
2026-03-27 13:45:00,5.6599,5.6601,5.645,5.6501,211266
2026-03-27 13:50:00,5.65,5.6503,5.6399,5.6399,298656
2026-03-27 13:55:00,5.6301,5.6499,5.6165,5.6165,405830
2026-03-27 14:00:00,5.6299,5.6401,5.62,5.6397,567585
2026-03-27 14:05:00,5.64,5.6499,5.625,5.63,547952
2026-03-27 14:10:00,5.635,5.6499,5.6199,5.6499,268980
2026-03-27 14:15:00,5.64,5.665,5.64,5.6638,473169
2026-03-27 14:20:00,5.6615,5.6701,5.6399,5.64,397398
2026-03-27 14:25:00,5.6401,5.6599,5.635,5.6599,282962
2026-03-27 14:30:00,5.6601,5.6601,5.6503,5.6515,50974
2026-03-27 14:35:00,5.6501,5.6708,5.65,5.66,451274
2026-03-27 14:40:00,5.6697,5.695,5.6601,5.68,285275
2026-03-27 14:45:00,5.6799,5.6898,5.67,5.67,202920
2026-03-27 14:50:00,5.6699,5.6799,5.655,5.6599,275470
2026-03-27 14:55:00,5.6501,5.656,5.6401,5.65,445973
2026-03-27 15:00:00,5.6501,5.655,5.63,5.63,110973
2026-03-27 15:05:00,5.63,5.6351,5.6201,5.6299,534559
2026-03-27 15:10:00,5.6201,5.64,5.614,5.6399,589132
2026-03-27 15:15:00,5.6399,5.6801,5.6399,5.68,337911
2026-03-27 15:20:00,5.68,5.695,5.6797,5.69,388568
2026-03-27 15:25:00,5.69,5.6901,5.67,5.6701,245504
2026-03-27 15:30:00,5.6799,5.695,5.675,5.695,183436
2026-03-27 15:35:00,5.69,5.695,5.685,5.69,250082
2026-03-27 15:40:00,5.6899,5.695,5.6601,5.68,579625
2026-03-27 15:45:00,5.6801,5.685,5.6599,5.665,679093
2026-03-27 15:50:00,5.66,5.6801,5.6401,5.68,636757
2026-03-27 15:55:00,5.68,5.71,5.68,5.695,376423
2026-03-27 16:00:00,5.69,5.705,5.69,5.705,20307
2026-03-27 16:10:00,5.69,5.69,5.69,5.69,1000
2026-03-27 16:20:00,5.67,5.67,5.67,5.67,24600
2026-03-27 16:25:00,5.67,5.67,5.67,5.67,7600
2026-03-27 16:40:00,5.66,5.66,5.66,5.66,200
2026-03-27 17:35:00,5.67,5.67,5.67,5.67,100
2026-03-27 18:00:00,5.66,5.66,5.66,5.66,224
2026-03-27 18:10:00,5.66,5.67,5.66,5.67,731
2026-03-27 18:15:00,5.67,5.67,5.67,5.67,1427
2026-03-27 18:30:00,5.6301,5.6301,5.6301,5.6301,2000
2026-03-27 18:35:00,5.65,5.65,5.65,5.65,4500
2026-03-27 18:45:00,5.66,5.66,5.66,5.66,100
2026-03-27 19:10:00,5.65,5.65,5.65,5.65,351
2026-03-27 19:15:00,5.65,5.65,5.65,5.65,851
2026-03-27 19:40:00,5.66,5.66,5.66,5.66,100
2026-03-27 19:50:00,5.64,5.64,5.6397,5.6397,500
2026-03-27 19:55:00,5.63,5.63,5.63,5.63,1200
2026-03-30 04:00:00,5.69,5.75,5.64,5.74,19206
2026-03-30 04:05:00,5.76,5.76,5.76,5.76,4710
2026-03-30 04:10:00,5.77,5.78,5.77,5.78,2500
2026-03-30 04:15:00,5.78,5.79,5.78,5.79,1957
2026-03-30 04:20:00,5.765,5.765,5.76,5.76,23021
2026-03-30 04:25:00,5.75,5.76,5.75,5.76,13808
2026-03-30 04:30:00,5.76,5.77,5.76,5.76,21656
2026-03-30 04:35:00,5.76,5.77,5.76,5.77,28084
2026-03-30 04:40:00,5.77,5.77,5.7696,5.7696,1430
2026-03-30 04:45:00,5.7696,5.7696,5.76,5.76,20811
2026-03-30 04:50:00,5.77,5.77,5.77,5.77,326
2026-03-30 04:55:00,5.77,5.77,5.77,5.77,13619
2026-03-30 05:00:00,5.77,5.77,5.77,5.77,4547
2026-03-30 05:05:00,5.76,5.76,5.76,5.76,6405
2026-03-30 05:10:00,5.76,5.76,5.75,5.75,25300
2026-03-30 05:15:00,5.74,5.74,5.73,5.74,19041
2026-03-30 05:20:00,5.74,5.74,5.74,5.74,1601
2026-03-30 05:25:00,5.74,5.74,5.74,5.74,350
2026-03-30 05:30:00,5.73,5.74,5.73,5.73,18391
2026-03-30 05:35:00,5.72,5.72,5.715,5.72,6426
2026-03-30 05:45:00,5.71,5.71,5.71,5.71,850
2026-03-30 05:50:00,5.705,5.72,5.705,5.72,5100
2026-03-30 05:55:00,5.72,5.73,5.72,5.73,11210
2026-03-30 06:00:00,5.72,5.72,5.72,5.72,400
2026-03-30 06:15:00,5.72,5.72,5.72,5.72,100
2026-03-30 06:35:00,5.705,5.705,5.7,5.7,1054
2026-03-30 06:40:00,5.7,5.7,5.7,5.7,949
2026-03-30 06:45:00,5.7,5.7,5.7,5.7,4750
2026-03-30 06:50:00,5.71,5.71,5.71,5.71,1100
2026-03-30 07:00:00,5.715,5.72,5.715,5.72,2000
2026-03-30 07:05:00,5.72,5.74,5.72,5.74,17060
2026-03-30 07:10:00,5.74,5.74,5.74,5.74,300
2026-03-30 07:15:00,5.73,5.74,5.73,5.74,18651
2026-03-30 07:20:00,5.7403,5.7403,5.7403,5.7403,3000
2026-03-30 07:25:00,5.75,5.79,5.75,5.78,63881
2026-03-30 07:30:00,5.78,5.78,5.76,5.76,9070
2026-03-30 07:35:00,5.76,5.76,5.76,5.76,200
2026-03-30 07:40:00,5.7599,5.7599,5.7593,5.7593,700
2026-03-30 07:45:00,5.75,5.76,5.75,5.76,824
2026-03-30 07:50:00,5.76,5.76,5.76,5.76,800
2026-03-30 08:00:00,5.75,5.75,5.75,5.75,1213
2026-03-30 08:05:00,5.7662,5.7662,5.7662,5.7662,100
2026-03-30 08:10:00,5.76,5.7698,5.76,5.7698,1000
2026-03-30 08:20:00,5.77,5.77,5.77,5.77,1477
2026-03-30 08:25:00,5.7797,5.7797,5.77,5.77,500
2026-03-30 08:30:00,5.77,5.78,5.77,5.78,1346
2026-03-30 08:35:00,5.78,5.78,5.78,5.78,300
2026-03-30 08:40:00,5.79,5.8,5.79,5.8,17738
2026-03-30 08:45:00,5.8,5.8098,5.8,5.8,18200
2026-03-30 08:50:00,5.8,5.8,5.8,5.8,4000
2026-03-30 09:00:00,5.809,5.8096,5.8,5.8,20060
2026-03-30 09:05:00,5.785,5.785,5.785,5.785,1400
2026-03-30 09:10:00,5.7997,5.7997,5.7997,5.7997,100
2026-03-30 09:15:00,5.8,5.8,5.8,5.8,7800
2026-03-30 09:20:00,5.82,5.82,5.82,5.82,3800
2026-03-30 09:25:00,5.8,5.82,5.8,5.82,25259
2026-03-30 09:30:00,5.82,5.86,5.73,5.78,288996
2026-03-30 09:35:00,5.79,5.79,5.73,5.74,273128
2026-03-30 09:40:00,5.73,5.74,5.7,5.7398,157232
2026-03-30 09:45:00,5.74,5.76,5.73,5.75,329767
2026-03-30 09:50:00,5.75,5.8,5.75,5.78,295936
2026-03-30 09:55:00,5.77,5.77,5.71,5.7299,330080
2026-03-30 10:00:00,5.745,5.79,5.74,5.785,321032
2026-03-30 10:05:00,5.785,5.785,5.73,5.7599,534588
2026-03-30 10:10:00,5.77,5.785,5.75,5.77,896062
2026-03-30 10:15:00,5.77,5.77,5.73,5.74,759251
2026-03-30 10:20:00,5.75,5.7501,5.7399,5.74,607995
2026-03-30 10:25:00,5.7401,5.745,5.7199,5.72,811871
2026-03-30 10:30:00,5.7216,5.74,5.7216,5.73,936093
2026-03-30 10:35:00,5.73,5.7303,5.695,5.71,1367015
2026-03-30 10:40:00,5.71,5.725,5.655,5.66,582532
2026-03-30 10:45:00,5.6699,5.745,5.665,5.72,1198877
2026-03-30 10:50:00,5.7201,5.74,5.71,5.73,619566
2026-03-30 10:55:00,5.73,5.76,5.7262,5.76,727355
2026-03-30 11:00:00,5.77,5.79,5.765,5.785,1109586
2026-03-30 11:05:00,5.79,5.805,5.74,5.74,755045
2026-03-30 11:10:00,5.7399,5.74,5.71,5.71,1080719
2026-03-30 11:15:00,5.7099,5.71,5.675,5.695,814176
2026-03-30 11:20:00,5.695,5.7,5.6799,5.69,863427
2026-03-30 11:25:00,5.7,5.72,5.695,5.695,632542
2026-03-30 11:30:00,5.695,5.73,5.6899,5.73,1711185
2026-03-30 11:35:00,5.74,5.7501,5.7397,5.7397,656542
2026-03-30 11:40:00,5.73,5.7501,5.73,5.75,772018
2026-03-30 11:45:00,5.75,5.7699,5.7474,5.76,1034827
2026-03-30 11:50:00,5.77,5.7701,5.76,5.76,619770
2026-03-30 11:55:00,5.76,5.765,5.73,5.73,1328517
2026-03-30 12:00:00,5.73,5.735,5.714,5.725,1099471
2026-03-30 12:05:00,5.72,5.725,5.7098,5.7099,997196
2026-03-30 12:10:00,5.7,5.715,5.7,5.71,680409
2026-03-30 12:15:00,5.7,5.701,5.6797,5.68,822513
2026-03-30 12:20:00,5.68,5.68,5.6497,5.65,1447857
2026-03-30 12:25:00,5.65,5.655,5.6399,5.64,1349985
2026-03-30 12:30:00,5.635,5.65,5.63,5.64,946300
2026-03-30 12:35:00,5.63,5.6424,5.63,5.6399,1040203
2026-03-30 12:40:00,5.63,5.645,5.625,5.64,753524
2026-03-30 12:45:00,5.63,5.6399,5.6299,5.6399,864608
2026-03-30 12:50:00,5.64,5.655,5.63,5.65,803062
2026-03-30 12:55:00,5.6498,5.6499,5.6398,5.645,684325
2026-03-30 13:00:00,5.65,5.6585,5.61,5.61,915475
2026-03-30 13:05:00,5.6,5.6199,5.595,5.595,745465
2026-03-30 13:10:00,5.5999,5.6,5.57,5.57,503140
2026-03-30 13:15:00,5.57,5.58,5.56,5.565,581474
2026-03-30 13:20:00,5.57,5.585,5.565,5.57,1425656
2026-03-30 13:25:00,5.58,5.58,5.56,5.56,254302
2026-03-30 13:30:00,5.56,5.5601,5.535,5.5399,460827
2026-03-30 13:35:00,5.54,5.5497,5.5297,5.545,1021383
2026-03-30 13:40:00,5.54,5.55,5.5301,5.55,1045605
2026-03-30 13:45:00,5.5501,5.56,5.5399,5.54,1280219
2026-03-30 13:50:00,5.54,5.545,5.525,5.53,1397132
2026-03-30 13:55:00,5.53,5.5499,5.525,5.5499,1040042
2026-03-30 14:00:00,5.545,5.545,5.53,5.53,579044
2026-03-30 14:05:00,5.531,5.531,5.5013,5.52,1013432
2026-03-30 14:10:00,5.5203,5.53,5.51,5.52,680260
2026-03-30 14:15:00,5.525,5.53,5.51,5.5201,429313
2026-03-30 14:20:00,5.5299,5.5303,5.5,5.5,343441
2026-03-30 14:25:00,5.5,5.5,5.48,5.4899,581988
2026-03-30 14:30:00,5.49,5.505,5.4899,5.5,699225
2026-03-30 14:35:00,5.5,5.5151,5.5,5.5,600519
2026-03-30 14:40:00,5.5,5.5001,5.4901,5.4999,624458
2026-03-30 14:45:00,5.5,5.51,5.485,5.49,685689
2026-03-30 14:50:00,5.4801,5.485,5.465,5.47,565666
2026-03-30 14:55:00,5.4699,5.475,5.46,5.47,483220
2026-03-30 15:00:00,5.47,5.475,5.45,5.45,854647
2026-03-30 15:05:00,5.45,5.45,5.4102,5.42,256096
2026-03-30 15:10:00,5.415,5.415,5.4,5.4,545585
2026-03-30 15:15:00,5.4,5.4201,5.4,5.415,872358
2026-03-30 15:20:00,5.42,5.43,5.41,5.41,571859
2026-03-30 15:25:00,5.4101,5.415,5.39,5.4099,549534
2026-03-30 15:30:00,5.41,5.4191,5.39,5.39,464442
2026-03-30 15:35:00,5.39,5.4164,5.3899,5.41,669348
2026-03-30 15:40:00,5.41,5.4202,5.39,5.4201,1405407
2026-03-30 15:45:00,5.4201,5.435,5.4101,5.435,466422
2026-03-30 15:50:00,5.44,5.48,5.43,5.475,1370019
2026-03-30 15:55:00,5.48,5.4903,5.47,5.48,367294
2026-03-30 16:00:00,5.48,5.48,5.46,5.47,1800
2026-03-30 16:05:00,5.48,5.48,5.48,5.48,2000
2026-03-30 16:10:00,5.48,5.48,5.48,5.48,101
2026-03-30 16:15:00,5.475,5.475,5.475,5.475,200
2026-03-30 16:20:00,5.47,5.47,5.47,5.47,280
2026-03-30 16:25:00,5.47,5.47,5.47,5.47,200
2026-03-30 16:45:00,5.479,5.479,5.479,5.479,500
2026-03-30 16:50:00,5.49,5.49,5.48,5.48,8572
2026-03-30 17:10:00,5.48,5.48,5.48,5.48,200
2026-03-30 17:30:00,5.47,5.47,5.47,5.47,100
2026-03-30 17:40:00,5.47,5.47,5.47,5.47,500
2026-03-30 17:45:00,5.46,5.46,5.46,5.46,500
2026-03-30 17:55:00,5.45,5.46,5.45,5.46,942
2026-03-30 18:00:00,5.45,5.45,5.45,5.45,6833
2026-03-30 18:15:00,5.45,5.45,5.45,5.45,900
2026-03-30 18:25:00,5.45,5.45,5.45,5.45,1683
2026-03-30 18:30:00,5.44,5.44,5.44,5.44,1500
2026-03-30 18:40:00,5.4498,5.4498,5.4498,5.4498,284
2026-03-30 18:50:00,5.43,5.43,5.43,5.43,590
2026-03-30 19:00:00,5.43,5.44,5.43,5.44,1014
2026-03-30 19:05:00,5.42,5.42,5.4187,5.42,10564
2026-03-30 19:10:00,5.41,5.41,5.41,5.41,2949
2026-03-30 19:15:00,5.41,5.41,5.41,5.41,1217
2026-03-30 19:25:00,5.41,5.41,5.41,5.41,1500
2026-03-30 19:30:00,5.4,5.4,5.4,5.4,200
2026-03-30 19:35:00,5.4,5.4,5.4,5.4,143
2026-03-30 19:40:00,5.4,5.4,5.39,5.39,7200
2026-03-30 19:45:00,5.39,5.39,5.3802,5.3803,800
2026-03-30 19:50:00,5.39,5.4,5.39,5.3996,8800
2026-03-31 04:00:00,5.55,5.63,5.53,5.63,8238
2026-03-31 04:05:00,5.62,5.62,5.62,5.62,100
2026-03-31 04:10:00,5.6,5.6,5.6,5.6,750
2026-03-31 04:20:00,5.58,5.58,5.57,5.57,10900
2026-03-31 04:25:00,5.56,5.57,5.56,5.57,9458
2026-03-31 04:30:00,5.56,5.56,5.56,5.56,2850
2026-03-31 04:35:00,5.57,5.57,5.57,5.57,4400
2026-03-31 04:40:00,5.55,5.55,5.55,5.55,1300
2026-03-31 04:45:00,5.56,5.56,5.55,5.55,700
2026-03-31 04:50:00,5.56,5.56,5.56,5.56,134
2026-03-31 05:05:00,5.56,5.56,5.56,5.56,6400
2026-03-31 05:10:00,5.57,5.57,5.57,5.57,1745
2026-03-31 05:20:00,5.57,5.57,5.57,5.57,173
2026-03-31 05:25:00,5.57,5.57,5.57,5.57,409
2026-03-31 05:45:00,5.55,5.55,5.55,5.55,360
2026-03-31 05:50:00,5.54,5.54,5.52,5.52,12612
2026-03-31 06:00:00,5.52,5.52,5.52,5.52,3473
2026-03-31 06:15:00,5.53,5.53,5.53,5.53,2200
2026-03-31 06:20:00,5.5298,5.5298,5.5298,5.5298,400
2026-03-31 06:30:00,5.53,5.53,5.53,5.53,1000
2026-03-31 06:35:00,5.5,5.5,5.5,5.5,100
2026-03-31 06:40:00,5.5,5.5,5.5,5.5,600
2026-03-31 06:55:00,5.53,5.53,5.53,5.53,3741
2026-03-31 07:00:00,5.5299,5.54,5.5299,5.54,2022
2026-03-31 07:10:00,5.55,5.59,5.55,5.56,2507
2026-03-31 07:15:00,5.57,5.6,5.57,5.58,14730
2026-03-31 07:20:00,5.59,5.6,5.58,5.58,325
2026-03-31 07:25:00,5.59,5.59,5.58,5.58,2900
2026-03-31 07:30:00,5.58,5.5898,5.58,5.5898,2000
2026-03-31 07:45:00,5.6,5.6,5.6,5.6,2854
2026-03-31 07:50:00,5.5997,5.5997,5.59,5.59,1100
2026-03-31 08:00:00,5.5996,5.61,5.5996,5.6,7392
2026-03-31 08:05:00,5.62,5.62,5.62,5.62,793
2026-03-31 08:10:00,5.61,5.61,5.5891,5.5891,4248
2026-03-31 08:15:00,5.5871,5.62,5.58,5.62,60166
2026-03-31 08:20:00,5.62,5.62,5.61,5.61,1366
2026-03-31 08:25:00,5.62,5.63,5.62,5.63,35759
2026-03-31 08:30:00,5.62,5.6227,5.62,5.6227,2000
2026-03-31 08:35:00,5.6397,5.64,5.6295,5.6295,2600
2026-03-31 08:40:00,5.64,5.645,5.64,5.64,5400
2026-03-31 08:50:00,5.639,5.6493,5.639,5.6493,450
2026-03-31 08:55:00,5.64,5.64,5.625,5.625,4600
2026-03-31 09:00:00,5.63,5.63,5.621,5.621,4700
2026-03-31 09:05:00,5.63,5.63,5.63,5.63,1000
2026-03-31 09:20:00,5.6485,5.6485,5.6485,5.6485,199
2026-03-31 09:25:00,5.63,5.65,5.63,5.65,25028
2026-03-31 09:30:00,5.67,5.76,5.67,5.755,384164
2026-03-31 09:35:00,5.76,5.775,5.72,5.76,344362
2026-03-31 09:40:00,5.76,5.78,5.704,5.71,215247
2026-03-31 09:45:00,5.72,5.775,5.72,5.77,406130
2026-03-31 09:50:00,5.77,5.79,5.75,5.79,600130
2026-03-31 09:55:00,5.7899,5.7901,5.7399,5.76,465915
2026-03-31 10:00:00,5.76,5.76,5.71,5.7299,436618
2026-03-31 10:05:00,5.7203,5.7203,5.6905,5.7001,684009
2026-03-31 10:10:00,5.7,5.7501,5.6999,5.75,566423
2026-03-31 10:15:00,5.75,5.785,5.72,5.77,1143316
2026-03-31 10:20:00,5.76,5.81,5.74,5.81,779284
2026-03-31 10:25:00,5.8001,5.8099,5.78,5.8093,946068
2026-03-31 10:30:00,5.81,5.815,5.79,5.79,529874
2026-03-31 10:35:00,5.785,5.785,5.755,5.77,1470831
2026-03-31 10:40:00,5.765,5.78,5.7501,5.7501,1075950
2026-03-31 10:45:00,5.7501,5.76,5.722,5.73,1045441
2026-03-31 10:50:00,5.73,5.73,5.705,5.71,857680
2026-03-31 10:55:00,5.71,5.7102,5.69,5.7101,970831
2026-03-31 11:00:00,5.715,5.76,5.715,5.7501,1585464
2026-03-31 11:05:00,5.7599,5.7901,5.7599,5.78,567271
2026-03-31 11:10:00,5.77,5.81,5.765,5.8,1265011
2026-03-31 11:15:00,5.8001,5.81,5.78,5.79,1167965
2026-03-31 11:20:00,5.79,5.7901,5.76,5.79,1955895
2026-03-31 11:25:00,5.785,5.785,5.7586,5.76,1016509
2026-03-31 11:30:00,5.7501,5.7503,5.7299,5.74,1569982
2026-03-31 11:35:00,5.74,5.765,5.7399,5.7598,1615550
2026-03-31 11:40:00,5.7599,5.7603,5.73,5.735,1249214
2026-03-31 11:45:00,5.73,5.7301,5.715,5.7299,1199746
2026-03-31 11:50:00,5.725,5.74,5.715,5.73,1790923
2026-03-31 11:55:00,5.73,5.7334,5.7,5.7,1420691
2026-03-31 12:00:00,5.71,5.745,5.7062,5.725,846534
2026-03-31 12:05:00,5.7299,5.76,5.7299,5.75,797158
2026-03-31 12:10:00,5.75,5.755,5.73,5.7501,1383249
2026-03-31 12:15:00,5.7599,5.7702,5.7565,5.76,886371
2026-03-31 12:20:00,5.765,5.782,5.755,5.7801,636833
2026-03-31 12:25:00,5.7801,5.8,5.775,5.7838,510029
2026-03-31 12:30:00,5.78,5.785,5.77,5.785,1143530
2026-03-31 12:35:00,5.79,5.88,5.78,5.88,1769275
2026-03-31 12:40:00,5.89,5.99,5.89,5.95,718106
2026-03-31 12:45:00,5.94,5.97,5.8985,5.92,192823
2026-03-31 12:50:00,5.9299,5.96,5.92,5.94,177337
2026-03-31 12:55:00,5.92,5.94,5.91,5.94,288728
2026-03-31 13:00:00,5.95,6.015,5.95,5.99,408207
2026-03-31 13:05:00,5.99,5.99,5.9499,5.9499,875387
2026-03-31 13:10:00,5.95,5.985,5.9499,5.9785,1248998
2026-03-31 13:15:00,5.98,6.015,5.9799,6.0101,1736773
2026-03-31 13:20:00,6.01,6.01,5.99,5.99,713580
2026-03-31 13:25:00,5.98,5.98,5.925,5.935,2039926
2026-03-31 13:30:00,5.93,5.97,5.9298,5.97,1424560
2026-03-31 13:35:00,5.97,5.975,5.91,5.9201,773029
2026-03-31 13:40:00,5.925,5.94,5.895,5.9102,923535
2026-03-31 13:45:00,5.91,5.935,5.905,5.9201,1439954
2026-03-31 13:50:00,5.9201,5.9204,5.8999,5.9,883378
2026-03-31 13:55:00,5.9,5.9,5.8798,5.8801,645234
2026-03-31 14:00:00,5.89,5.915,5.885,5.9,2123644
2026-03-31 14:05:00,5.9099,5.9399,5.905,5.93,859484
2026-03-31 14:10:00,5.94,5.9501,5.9201,5.95,551352
2026-03-31 14:15:00,5.9501,5.965,5.95,5.95,250504
2026-03-31 14:20:00,5.9599,5.965,5.955,5.96,310221
2026-03-31 14:25:00,5.955,5.98,5.95,5.975,145366
2026-03-31 14:30:00,5.98,5.9893,5.965,5.985,1354439
2026-03-31 14:35:00,5.98,6.0151,5.9783,6.01,891578
2026-03-31 14:40:00,6.01,6.0101,6.0,6.0097,326264
2026-03-31 14:45:00,6.01,6.0399,6.01,6.025,445834
2026-03-31 14:50:00,6.03,6.035,6.0299,6.03,464870
2026-03-31 14:55:00,6.02,6.025,6.01,6.01,487448
2026-03-31 15:00:00,6.01,6.015,6.0,6.005,1335775
2026-03-31 15:05:00,6.005,6.0099,5.995,5.995,373888
2026-03-31 15:10:00,6.0,6.0199,5.9999,6.0101,595502
2026-03-31 15:15:00,6.015,6.025,6.015,6.02,403627
2026-03-31 15:20:00,6.01,6.03,6.0,6.02,1133301
2026-03-31 15:25:00,6.02,6.02,5.99,6.0004,1064365
2026-03-31 15:30:00,6.01,6.0203,6.0065,6.01,1065797
2026-03-31 15:35:00,6.01,6.015,5.9997,6.0,1464373
2026-03-31 15:40:00,6.0,6.005,5.99,6.0,1099567
2026-03-31 15:45:00,6.0,6.0201,5.9901,6.015,1643233
2026-03-31 15:50:00,6.02,6.0301,5.98,5.98,1901686
2026-03-31 15:55:00,5.975,6.0,5.96,5.99,1448009
2026-03-31 16:00:00,5.98,5.98,5.98,5.98,517
2026-03-31 16:20:00,6.03,6.03,6.03,6.03,1000
2026-03-31 16:25:00,6.0302,6.0302,6.0302,6.0302,111
2026-03-31 16:30:00,6.025,6.0372,6.021,6.0372,1100
2026-03-31 16:35:00,6.03,6.03,6.03,6.03,694
2026-03-31 16:50:00,6.0199,6.0199,6.0199,6.0199,200
2026-03-31 17:00:00,6.02,6.02,6.02,6.02,745
2026-03-31 17:10:00,6.02,6.02,6.02,6.02,538
2026-03-31 17:30:00,6.0,6.0,6.0,6.0,150
2026-03-31 17:35:00,6.0,6.0,6.0,6.0,478
2026-03-31 17:45:00,6.01,6.01,6.01,6.01,500
2026-03-31 18:10:00,6.02,6.02,6.0,6.0,200
2026-03-31 18:15:00,6.03,6.0303,6.03,6.03,5457
2026-03-31 18:25:00,6.0398,6.04,6.03,6.04,2000
2026-03-31 18:30:00,6.04,6.04,6.03,6.03,660
2026-03-31 18:35:00,6.0301,6.04,6.03,6.04,1554
2026-03-31 18:40:00,6.04,6.04,6.04,6.04,100
2026-03-31 19:05:00,6.04,6.04,6.04,6.04,500
2026-03-31 19:10:00,6.0297,6.0297,6.0297,6.0297,1524
2026-03-31 19:15:00,6.03,6.03,6.03,6.03,1200
2026-03-31 19:30:00,6.05,6.05,6.05,6.05,1300
2026-03-31 19:35:00,6.07,6.08,6.07,6.08,1177
2026-03-31 19:50:00,6.07,6.07,6.07,6.07,500
2026-04-01 04:00:00,6.17,6.24,6.07,6.16,24703
2026-04-01 04:05:00,6.18,6.18,6.16,6.16,2687
2026-04-01 04:10:00,6.16,6.16,6.13,6.13,2818
2026-04-01 04:15:00,6.15,6.15,6.14,6.14,6300
2026-04-01 04:30:00,6.17,6.17,6.17,6.17,2100
2026-04-01 04:35:00,6.19,6.19,6.18,6.18,4576
2026-04-01 04:40:00,6.19,6.19,6.18,6.18,3427
2026-04-01 04:50:00,6.17,6.17,6.15,6.16,67788
2026-04-01 04:55:00,6.17,6.17,6.17,6.17,2800
2026-04-01 05:00:00,6.17,6.17,6.16,6.16,19466
2026-04-01 05:05:00,6.16,6.16,6.16,6.16,331
2026-04-01 05:20:00,6.12,6.12,6.095,6.11,10266
2026-04-01 05:25:00,6.11,6.12,6.11,6.12,1603
2026-04-01 05:30:00,6.13,6.13,6.125,6.125,1500
2026-04-01 05:35:00,6.13,6.13,6.13,6.13,8000
2026-04-01 05:50:00,6.16,6.16,6.16,6.16,233
2026-04-01 06:00:00,6.145,6.145,6.145,6.145,1500
2026-04-01 06:05:00,6.14,6.14,6.14,6.14,237
2026-04-01 06:20:00,6.15,6.15,6.15,6.15,178
2026-04-01 06:25:00,6.15,6.15,6.15,6.15,100
2026-04-01 06:55:00,6.17,6.17,6.17,6.17,3000
2026-04-01 07:00:00,6.17,6.22,6.17,6.22,25315
2026-04-01 07:05:00,6.21,6.21,6.21,6.21,400
2026-04-01 07:10:00,6.2372,6.25,6.2372,6.25,1699
2026-04-01 07:15:00,6.2399,6.2399,6.2399,6.2399,1000
2026-04-01 07:20:00,6.2296,6.2296,6.2296,6.2296,200
2026-04-01 07:25:00,6.24,6.25,6.24,6.25,1600
2026-04-01 07:30:00,6.25,6.25,6.25,6.25,109
2026-04-01 07:35:00,6.27,6.28,6.27,6.28,2188
2026-04-01 07:40:00,6.27,6.27,6.27,6.27,1400
2026-04-01 07:45:00,6.26,6.26,6.25,6.2503,18811
2026-04-01 07:50:00,6.26,6.27,6.26,6.27,11834
2026-04-01 07:55:00,6.27,6.27,6.26,6.26,2000
2026-04-01 08:00:00,6.26,6.2685,6.26,6.2685,2700
2026-04-01 08:05:00,6.26,6.26,6.26,6.26,1519
2026-04-01 08:15:00,6.265,6.2692,6.26,6.2692,1300
2026-04-01 08:20:00,6.26,6.26,6.24,6.24,2900
2026-04-01 08:25:00,6.24,6.24,6.24,6.24,1743
2026-04-01 08:30:00,6.24,6.24,6.236,6.236,645
2026-04-01 08:35:00,6.246,6.246,6.22,6.23,3310
2026-04-01 08:40:00,6.23,6.28,6.21,6.26,120301
2026-04-01 08:45:00,6.25,6.27,6.2,6.2,170497
2026-04-01 08:50:00,6.2,6.2,6.19,6.19,2798
2026-04-01 09:00:00,6.1804,6.1804,6.17,6.1791,1070
2026-04-01 09:05:00,6.16,6.16,6.16,6.16,966
2026-04-01 09:10:00,6.17,6.17,6.17,6.17,900
2026-04-01 09:20:00,6.2,6.2,6.2,6.2,1980
2026-04-01 09:25:00,6.21,6.23,6.21,6.23,69962
2026-04-01 09:30:00,6.21,6.22,6.1,6.1201,760574
2026-04-01 09:35:00,6.13,6.16,6.1099,6.16,565089
2026-04-01 09:40:00,6.1601,6.1601,6.08,6.1,475219
2026-04-01 09:45:00,6.11,6.1201,6.0699,6.08,439006
2026-04-01 09:50:00,6.0801,6.12,6.0799,6.0899,537448
2026-04-01 09:55:00,6.0801,6.1101,6.0701,6.09,456324
2026-04-01 10:00:00,6.09,6.1101,6.07,6.1,889467
2026-04-01 10:05:00,6.11,6.14,6.07,6.12,993445
2026-04-01 10:10:00,6.13,6.1701,6.13,6.14,813754
2026-04-01 10:15:00,6.15,6.165,6.15,6.1598,868590
2026-04-01 10:20:00,6.16,6.2,6.135,6.1801,778190
2026-04-01 10:25:00,6.18,6.2099,6.1699,6.2,1172721
2026-04-01 10:30:00,6.21,6.2299,6.17,6.1739,1099620
2026-04-01 10:35:00,6.17,6.25,6.15,6.23,1422592
2026-04-01 10:40:00,6.23,6.23,6.205,6.2199,1248622
2026-04-01 10:45:00,6.22,6.2299,6.1898,6.2299,1450642
2026-04-01 10:50:00,6.2299,6.295,6.225,6.29,1406153
2026-04-01 10:55:00,6.28,6.305,6.27,6.3002,1153747
2026-04-01 11:00:00,6.31,6.325,6.3,6.3,761386
2026-04-01 11:05:00,6.3,6.33,6.295,6.31,722122
2026-04-01 11:10:00,6.3,6.31,6.29,6.31,661616
2026-04-01 11:15:00,6.31,6.32,6.295,6.315,733986
2026-04-01 11:20:00,6.3103,6.32,6.3,6.305,957626
2026-04-01 11:25:00,6.3001,6.31,6.28,6.281,1390538
2026-04-01 11:30:00,6.28,6.285,6.265,6.2799,1094707
2026-04-01 11:35:00,6.28,6.3151,6.28,6.3,1172348
2026-04-01 11:40:00,6.3001,6.31,6.29,6.31,1225063
2026-04-01 11:45:00,6.3101,6.3201,6.3,6.305,1004019
2026-04-01 11:50:00,6.31,6.33,6.3099,6.3201,1372006
2026-04-01 11:55:00,6.33,6.3502,6.3298,6.33,823840
2026-04-01 12:00:00,6.33,6.3301,6.315,6.3299,1152781
2026-04-01 12:05:00,6.33,6.34,6.325,6.33,442433
2026-04-01 12:10:00,6.335,6.335,6.31,6.3101,772383
2026-04-01 12:15:00,6.3151,6.3199,6.3,6.3199,409771
2026-04-01 12:20:00,6.32,6.325,6.315,6.3199,416237
2026-04-01 12:25:00,6.3125,6.315,6.3,6.3001,209844
2026-04-01 12:30:00,6.3,6.3,6.2836,6.2938,362399
2026-04-01 12:35:00,6.3,6.315,6.29,6.3,580535
2026-04-01 12:40:00,6.3,6.3,6.2898,6.29,540983
2026-04-01 12:45:00,6.295,6.3101,6.295,6.3101,357561
2026-04-01 12:50:00,6.3104,6.32,6.31,6.32,67704
2026-04-01 12:55:00,6.315,6.315,6.2997,6.3001,379608
2026-04-01 13:00:00,6.305,6.325,6.305,6.325,131464
2026-04-01 13:05:00,6.32,6.325,6.305,6.305,502207
2026-04-01 13:10:00,6.31,6.31,6.295,6.295,378808
2026-04-01 13:15:00,6.2999,6.305,6.2897,6.2899,639225
2026-04-01 13:20:00,6.29,6.29,6.275,6.28,480327
2026-04-01 13:25:00,6.285,6.2901,6.2797,6.29,831944
2026-04-01 13:30:00,6.29,6.3044,6.28,6.28,861377
2026-04-01 13:35:00,6.28,6.29,6.2799,6.29,547801
2026-04-01 13:40:00,6.2901,6.2902,6.2798,6.28,795454
2026-04-01 13:45:00,6.28,6.285,6.265,6.265,328568
2026-04-01 13:50:00,6.27,6.275,6.265,6.27,792269
2026-04-01 13:55:00,6.275,6.275,6.24,6.245,708300
2026-04-01 14:00:00,6.245,6.2464,6.2099,6.22,603277
2026-04-01 14:05:00,6.2299,6.23,6.2197,6.2299,493103
2026-04-01 14:10:00,6.23,6.23,6.2101,6.22,596453
2026-04-01 14:15:00,6.2198,6.2199,6.175,6.1899,352473
2026-04-01 14:20:00,6.19,6.19,6.16,6.1624,983125
2026-04-01 14:25:00,6.16,6.1999,6.16,6.18,501374
2026-04-01 14:30:00,6.1724,6.195,6.1724,6.175,429165
2026-04-01 14:35:00,6.17,6.1999,6.16,6.1901,1214538
2026-04-01 14:40:00,6.1901,6.225,6.19,6.22,1223916
2026-04-01 14:45:00,6.21,6.2201,6.2,6.21,1389260
2026-04-01 14:50:00,6.22,6.2251,6.205,6.21,1290989
2026-04-01 14:55:00,6.2101,6.22,6.2099,6.22,272129
2026-04-01 15:00:00,6.22,6.2599,6.2197,6.25,1100245
2026-04-01 15:05:00,6.255,6.2702,6.255,6.27,661637
2026-04-01 15:10:00,6.26,6.2602,6.2397,6.26,1138548
2026-04-01 15:15:00,6.26,6.2673,6.255,6.2673,241511
2026-04-01 15:20:00,6.265,6.265,6.2575,6.26,679496
2026-04-01 15:25:00,6.2637,6.28,6.2637,6.2799,174952
2026-04-01 15:30:00,6.27,6.2799,6.2666,6.2699,199335
2026-04-01 15:35:00,6.27,6.275,6.265,6.27,76715
2026-04-01 15:40:00,6.275,6.28,6.2699,6.27,383919
2026-04-01 15:45:00,6.2702,6.28,6.2599,6.28,804446
2026-04-01 15:50:00,6.275,6.3,6.245,6.295,1902705
2026-04-01 15:55:00,6.3,6.305,6.285,6.29,646918
2026-04-01 16:00:00,6.3,6.3,6.28,6.28,1127
2026-04-01 16:05:00,6.28,6.285,6.28,6.28,3294
2026-04-01 16:10:00,6.29,6.29,6.29,6.29,400
2026-04-01 16:15:00,6.2804,6.2804,6.2803,6.2803,200
2026-04-01 16:20:00,6.285,6.285,6.285,6.285,500
2026-04-01 16:40:00,6.27,6.27,6.26,6.26,2998
2026-04-01 16:55:00,6.28,6.28,6.28,6.28,333
2026-04-01 17:10:00,6.29,6.29,6.29,6.29,250
2026-04-01 18:00:00,6.29,6.29,6.29,6.29,1000
2026-04-01 18:05:00,6.262,6.262,6.262,6.262,350
2026-04-01 18:10:00,6.29,6.29,6.29,6.29,9530
2026-04-01 18:15:00,6.28,6.28,6.28,6.28,600
2026-04-01 18:20:00,6.28,6.28,6.275,6.28,7000
2026-04-01 18:30:00,6.28,6.28,6.28,6.28,4800
2026-04-01 18:45:00,6.2705,6.2705,6.2705,6.2705,300
2026-04-01 18:50:00,6.28,6.28,6.27,6.27,11009
2026-04-01 19:00:00,6.275,6.279,6.275,6.279,1500
2026-04-01 19:25:00,6.27,6.27,6.27,6.27,148
2026-04-01 04:00:00,6.17,6.24,6.07,6.16,24703
2026-04-01 04:05:00,6.18,6.18,6.16,6.16,2687
2026-04-01 04:10:00,6.16,6.16,6.13,6.13,2818
2026-04-01 04:15:00,6.15,6.15,6.14,6.14,6300
2026-04-01 04:30:00,6.17,6.17,6.17,6.17,2100
2026-04-01 04:35:00,6.19,6.19,6.18,6.18,4576
2026-04-01 04:40:00,6.19,6.19,6.18,6.18,3427
2026-04-01 04:50:00,6.17,6.17,6.15,6.16,67788
2026-04-01 04:55:00,6.17,6.17,6.17,6.17,2800
2026-04-01 05:00:00,6.17,6.17,6.16,6.16,19466
2026-04-01 05:05:00,6.16,6.16,6.16,6.16,331
2026-04-01 05:20:00,6.12,6.12,6.095,6.11,10266
2026-04-01 05:25:00,6.11,6.12,6.11,6.12,1603
2026-04-01 05:30:00,6.13,6.13,6.125,6.125,1500
2026-04-01 05:35:00,6.13,6.13,6.13,6.13,8000
2026-04-01 05:50:00,6.16,6.16,6.16,6.16,233
2026-04-01 06:00:00,6.145,6.145,6.145,6.145,1500
2026-04-01 06:05:00,6.14,6.14,6.14,6.14,237
2026-04-01 06:20:00,6.15,6.15,6.15,6.15,178
2026-04-01 06:25:00,6.15,6.15,6.15,6.15,100
2026-04-01 06:55:00,6.17,6.17,6.17,6.17,3000
2026-04-01 07:00:00,6.17,6.22,6.17,6.22,25315
2026-04-01 07:05:00,6.21,6.21,6.21,6.21,400
2026-04-01 07:10:00,6.2372,6.25,6.2372,6.25,1699
2026-04-01 07:15:00,6.2399,6.2399,6.2399,6.2399,1000
2026-04-01 07:20:00,6.2296,6.2296,6.2296,6.2296,200
2026-04-01 07:25:00,6.24,6.25,6.24,6.25,1600
2026-04-01 07:30:00,6.25,6.25,6.25,6.25,109
2026-04-01 07:35:00,6.27,6.28,6.27,6.28,2188
2026-04-01 07:40:00,6.27,6.27,6.27,6.27,1400
2026-04-01 07:45:00,6.26,6.26,6.25,6.2503,18811
2026-04-01 07:50:00,6.26,6.27,6.26,6.27,11834
2026-04-01 07:55:00,6.27,6.27,6.26,6.26,2000
2026-04-01 08:00:00,6.26,6.2685,6.26,6.2685,2700
2026-04-01 08:05:00,6.26,6.26,6.26,6.26,1519
2026-04-01 08:15:00,6.265,6.2692,6.26,6.2692,1300
2026-04-01 08:20:00,6.26,6.26,6.24,6.24,2900
2026-04-01 08:25:00,6.24,6.24,6.24,6.24,1743
2026-04-01 08:30:00,6.24,6.24,6.236,6.236,645
2026-04-01 08:35:00,6.246,6.246,6.22,6.23,3310
2026-04-01 08:40:00,6.23,6.28,6.21,6.26,120301
2026-04-01 08:45:00,6.25,6.27,6.2,6.2,170497
2026-04-01 08:50:00,6.2,6.2,6.19,6.19,2798
2026-04-01 09:00:00,6.1804,6.1804,6.17,6.1791,1070
2026-04-01 09:05:00,6.16,6.16,6.16,6.16,966
2026-04-01 09:10:00,6.17,6.17,6.17,6.17,900
2026-04-01 09:20:00,6.2,6.2,6.2,6.2,1980
2026-04-01 09:25:00,6.21,6.23,6.21,6.23,69962
2026-04-01 09:30:00,6.21,6.22,6.1,6.1201,760574
2026-04-01 09:35:00,6.13,6.16,6.1099,6.16,565089
2026-04-01 09:40:00,6.1601,6.1601,6.08,6.1,475219
2026-04-01 09:45:00,6.11,6.1201,6.0699,6.08,439006
2026-04-01 09:50:00,6.0801,6.12,6.0799,6.0899,537448
2026-04-01 09:55:00,6.0801,6.1101,6.0701,6.09,456324
2026-04-01 10:00:00,6.09,6.1101,6.07,6.1,889467
2026-04-01 10:05:00,6.11,6.14,6.07,6.12,993445
2026-04-01 10:10:00,6.13,6.1701,6.13,6.14,813754
2026-04-01 10:15:00,6.15,6.165,6.15,6.1598,868590
2026-04-01 10:20:00,6.16,6.2,6.135,6.1801,778190
2026-04-01 10:25:00,6.18,6.2099,6.1699,6.2,1172721
2026-04-01 10:30:00,6.21,6.2299,6.17,6.1739,1099620
2026-04-01 10:35:00,6.17,6.25,6.15,6.23,1422592
2026-04-01 10:40:00,6.23,6.23,6.205,6.2199,1248622
2026-04-01 10:45:00,6.22,6.2299,6.1898,6.2299,1450642
2026-04-01 10:50:00,6.2299,6.295,6.225,6.29,1406153
2026-04-01 10:55:00,6.28,6.305,6.27,6.3002,1153747
2026-04-01 11:00:00,6.31,6.325,6.3,6.3,761386
2026-04-01 11:05:00,6.3,6.33,6.295,6.31,722122
2026-04-01 11:10:00,6.3,6.31,6.29,6.31,661616
2026-04-01 11:15:00,6.31,6.32,6.295,6.315,733986
2026-04-01 11:20:00,6.3103,6.32,6.3,6.305,957626
2026-04-01 11:25:00,6.3001,6.31,6.28,6.281,1390538
2026-04-01 11:30:00,6.28,6.285,6.265,6.2799,1094707
2026-04-01 11:35:00,6.28,6.3151,6.28,6.3,1172348
2026-04-01 11:40:00,6.3001,6.31,6.29,6.31,1225063
2026-04-01 11:45:00,6.3101,6.3201,6.3,6.305,1004019
2026-04-01 11:50:00,6.31,6.33,6.3099,6.3201,1372006
2026-04-01 11:55:00,6.33,6.3502,6.3298,6.33,823840
2026-04-01 12:00:00,6.33,6.3301,6.315,6.3299,1152781
2026-04-01 12:05:00,6.33,6.34,6.325,6.33,442433
2026-04-01 12:10:00,6.335,6.335,6.31,6.3101,772383
2026-04-01 12:15:00,6.3151,6.3199,6.3,6.3199,409771
2026-04-01 12:20:00,6.32,6.325,6.315,6.3199,416237
2026-04-01 12:25:00,6.3125,6.315,6.3,6.3001,209844
2026-04-01 12:30:00,6.3,6.3,6.2836,6.2938,362399
2026-04-01 12:35:00,6.3,6.315,6.29,6.3,580535
2026-04-01 12:40:00,6.3,6.3,6.2898,6.29,540983
2026-04-01 12:45:00,6.295,6.3101,6.295,6.3101,357561
2026-04-01 12:50:00,6.3104,6.32,6.31,6.32,67704
2026-04-01 12:55:00,6.315,6.315,6.2997,6.3001,379608
2026-04-01 13:00:00,6.305,6.325,6.305,6.325,131464
2026-04-01 13:05:00,6.32,6.325,6.305,6.305,502207
2026-04-01 13:10:00,6.31,6.31,6.295,6.295,378808
2026-04-01 13:15:00,6.2999,6.305,6.2897,6.2899,639225
2026-04-01 13:20:00,6.29,6.29,6.275,6.28,480327
2026-04-01 13:25:00,6.285,6.2901,6.2797,6.29,831944
2026-04-01 13:30:00,6.29,6.3044,6.28,6.28,861377
2026-04-01 13:35:00,6.28,6.29,6.2799,6.29,547801
2026-04-01 13:40:00,6.2901,6.2902,6.2798,6.28,795454
2026-04-01 13:45:00,6.28,6.285,6.265,6.265,328568
2026-04-01 13:50:00,6.27,6.275,6.265,6.27,792269
2026-04-01 13:55:00,6.275,6.275,6.24,6.245,708300
2026-04-01 14:00:00,6.245,6.2464,6.2099,6.22,603277
2026-04-01 14:05:00,6.2299,6.23,6.2197,6.2299,493103
2026-04-01 14:10:00,6.23,6.23,6.2101,6.22,596453
2026-04-01 14:15:00,6.2198,6.2199,6.175,6.1899,352473
2026-04-01 14:20:00,6.19,6.19,6.16,6.1624,983125
2026-04-01 14:25:00,6.16,6.1999,6.16,6.18,501374
2026-04-01 14:30:00,6.1724,6.195,6.1724,6.175,429165
2026-04-01 14:35:00,6.17,6.1999,6.16,6.1901,1214538
2026-04-01 14:40:00,6.1901,6.225,6.19,6.22,1223916
2026-04-01 14:45:00,6.21,6.2201,6.2,6.21,1389260
2026-04-01 14:50:00,6.22,6.2251,6.205,6.21,1290989
2026-04-01 14:55:00,6.2101,6.22,6.2099,6.22,272129
2026-04-01 15:00:00,6.22,6.2599,6.2197,6.25,1100245
2026-04-01 15:05:00,6.255,6.2702,6.255,6.27,661637
2026-04-01 15:10:00,6.26,6.2602,6.2397,6.26,1138548
2026-04-01 15:15:00,6.26,6.2673,6.255,6.2673,241511
2026-04-01 15:20:00,6.265,6.265,6.2575,6.26,679496
2026-04-01 15:25:00,6.2637,6.28,6.2637,6.2799,174952
2026-04-01 15:30:00,6.27,6.2799,6.2666,6.2699,199335
2026-04-01 15:35:00,6.27,6.275,6.265,6.27,76715
2026-04-01 15:40:00,6.275,6.28,6.2699,6.27,383919
2026-04-01 15:45:00,6.2702,6.28,6.2599,6.28,804446
2026-04-01 15:50:00,6.275,6.3,6.245,6.295,1902705
2026-04-01 15:55:00,6.3,6.305,6.285,6.29,646918
2026-04-01 16:00:00,6.3,6.3,6.28,6.28,1127
2026-04-01 16:05:00,6.28,6.285,6.28,6.28,3294
2026-04-01 16:10:00,6.29,6.29,6.29,6.29,400
2026-04-01 16:15:00,6.2804,6.2804,6.2803,6.2803,200
2026-04-01 16:20:00,6.285,6.285,6.285,6.285,500
2026-04-01 16:40:00,6.27,6.27,6.26,6.26,2998
2026-04-01 16:55:00,6.28,6.28,6.28,6.28,333
2026-04-01 17:10:00,6.29,6.29,6.29,6.29,250
2026-04-01 18:00:00,6.29,6.29,6.29,6.29,1000
2026-04-01 18:05:00,6.262,6.262,6.262,6.262,350
2026-04-01 18:10:00,6.29,6.29,6.29,6.29,9530
2026-04-01 18:15:00,6.28,6.28,6.28,6.28,600
2026-04-01 18:20:00,6.28,6.28,6.275,6.28,7000
2026-04-01 18:30:00,6.28,6.28,6.28,6.28,4800
2026-04-01 18:45:00,6.2705,6.2705,6.2705,6.2705,300
2026-04-01 18:50:00,6.28,6.28,6.27,6.27,11009
2026-04-01 19:00:00,6.275,6.279,6.275,6.279,1500
2026-04-01 19:25:00,6.27,6.27,6.27,6.27,148
2026-04-02 04:00:00,5.97,6.01,5.92,6.0,15823
2026-04-02 04:10:00,6.02,6.02,6.005,6.01,2499
2026-04-02 04:15:00,6.01,6.01,6.01,6.01,771
2026-04-02 04:20:00,5.99,6.0,5.99,6.0,5314
2026-04-02 04:55:00,6.015,6.02,6.015,6.02,2700
2026-04-02 05:15:00,6.02,6.02,6.02,6.02,8198
2026-04-02 05:20:00,6.01,6.02,6.01,6.02,3398
2026-04-02 05:30:00,6.02,6.02,6.02,6.02,2000
2026-04-02 05:55:00,6.01,6.01,6.01,6.01,1454
2026-04-02 06:10:00,5.985,5.985,5.985,5.985,2600
2026-04-02 06:20:00,5.98,5.98,5.98,5.98,3450
2026-04-02 06:25:00,5.98,5.98,5.98,5.98,3250
2026-04-02 06:30:00,5.99,5.99,5.99,5.99,100
2026-04-02 06:35:00,6.005,6.005,6.005,6.005,2600
2026-04-02 06:40:00,5.99,5.99,5.99,5.99,3000
2026-04-02 07:05:00,6.0,6.0,5.99,5.99,9186
2026-04-02 07:10:00,5.99,5.99,5.99,5.99,4000
2026-04-02 07:20:00,5.9804,5.989,5.9804,5.989,450
2026-04-02 07:25:00,5.98,5.98,5.98,5.98,7024
2026-04-02 07:35:00,5.9603,5.9603,5.9603,5.9603,556
2026-04-02 07:40:00,5.96,5.96,5.96,5.96,2710
2026-04-02 07:45:00,5.96,5.96,5.96,5.96,325
2026-04-02 07:50:00,5.965,5.965,5.9639,5.9639,300
2026-04-02 08:05:00,5.9523,5.9523,5.9404,5.9404,828
2026-04-02 08:10:00,5.94,5.94,5.94,5.94,100
2026-04-02 08:15:00,5.945,5.945,5.94,5.94,2924
2026-04-02 08:20:00,5.95,5.95,5.95,5.95,1750
2026-04-02 08:25:00,5.94,5.94,5.94,5.94,1000
2026-04-02 08:30:00,5.93,5.93,5.93,5.93,4450
2026-04-02 08:35:00,5.935,5.935,5.935,5.935,200
2026-04-02 08:40:00,5.94,5.94,5.94,5.94,1550
2026-04-02 08:45:00,5.93,5.95,5.93,5.95,7104
2026-04-02 08:50:00,5.95,5.96,5.95,5.95,18600
2026-04-02 08:55:00,5.95,6.01,5.88,5.88,101623
2026-04-02 09:00:00,5.89,5.89,5.7604,5.77,35442
2026-04-02 09:05:00,5.79,5.8,5.76,5.76,33607
2026-04-02 09:10:00,5.75,5.7588,5.75,5.7588,11356
2026-04-02 09:15:00,5.7401,5.7401,5.71,5.71,17973
2026-04-02 09:20:00,5.71,5.72,5.7,5.7172,13479
2026-04-02 09:25:00,5.7172,5.72,5.69,5.72,19986
2026-04-02 09:30:00,5.72,5.82,5.705,5.82,536418
2026-04-02 09:35:00,5.82,5.82,5.77,5.8,374409
2026-04-02 09:40:00,5.79,5.8499,5.79,5.83,383506
2026-04-02 09:45:00,5.82,5.89,5.82,5.82,697522
2026-04-02 09:50:00,5.82,5.825,5.7862,5.795,510729
2026-04-02 09:55:00,5.79,5.795,5.7699,5.77,302795
2026-04-02 10:00:00,5.76,5.7601,5.71,5.73,318070
2026-04-02 10:05:00,5.73,5.81,5.7102,5.8001,438669
2026-04-02 10:10:00,5.8,5.8503,5.795,5.85,140136
2026-04-02 10:15:00,5.85,5.915,5.85,5.895,193358
2026-04-02 10:20:00,5.8999,5.9001,5.8599,5.86,448485
2026-04-02 10:25:00,5.85,5.85,5.7899,5.79,783292
2026-04-02 10:30:00,5.78,5.8101,5.7701,5.8,1011581
2026-04-02 10:35:00,5.8,5.92,5.795,5.86,1142893
2026-04-02 10:40:00,5.8598,5.8598,5.805,5.8399,263936
2026-04-02 10:45:00,5.84,5.8501,5.7716,5.7716,562884
2026-04-02 10:50:00,5.77,5.7801,5.7299,5.7786,260302
2026-04-02 10:55:00,5.77,5.84,5.77,5.82,405632
2026-04-02 11:00:00,5.82,5.82,5.77,5.8099,344074
2026-04-02 11:05:00,5.82,5.8301,5.8099,5.81,362695
2026-04-02 11:10:00,5.8198,5.85,5.8099,5.81,498898
2026-04-02 11:15:00,5.81,5.8302,5.805,5.81,427406
2026-04-02 11:20:00,5.8,5.8,5.7701,5.795,702944
2026-04-02 11:25:00,5.79,5.8071,5.7784,5.79,464861
2026-04-02 11:30:00,5.78,5.78,5.755,5.7756,733793
2026-04-02 11:35:00,5.7701,5.8065,5.77,5.7999,751909
2026-04-02 11:40:00,5.8,5.8099,5.7884,5.8099,764655
2026-04-02 11:45:00,5.8001,5.8001,5.765,5.77,1151611
2026-04-02 11:50:00,5.76,5.7701,5.7301,5.76,969132
2026-04-02 11:55:00,5.7699,5.7801,5.7599,5.765,577876
2026-04-02 12:00:00,5.76,5.78,5.76,5.77,409102
2026-04-02 12:05:00,5.78,5.79,5.755,5.78,718296
2026-04-02 12:10:00,5.78,5.7801,5.7597,5.7686,652422
2026-04-02 12:15:00,5.7601,5.7651,5.74,5.74,674147
2026-04-02 12:20:00,5.73,5.7301,5.715,5.73,302193
2026-04-02 12:25:00,5.73,5.731,5.7298,5.73,626531
2026-04-02 12:30:00,5.7201,5.7397,5.6999,5.725,617656
2026-04-02 12:35:00,5.73,5.7398,5.7,5.72,557790
2026-04-02 12:40:00,5.72,5.7601,5.72,5.7601,816030
2026-04-02 12:45:00,5.77,5.785,5.755,5.755,492980
2026-04-02 12:50:00,5.7598,5.76,5.745,5.7499,62247
2026-04-02 12:55:00,5.745,5.745,5.7263,5.73,770280
2026-04-02 13:00:00,5.7299,5.74,5.7101,5.73,500039
2026-04-02 13:05:00,5.73,5.75,5.7285,5.74,684550
2026-04-02 13:10:00,5.75,5.77,5.74,5.765,731493
2026-04-02 13:15:00,5.76,5.785,5.7599,5.78,850873
2026-04-02 13:20:00,5.78,5.79,5.7699,5.7699,436639
2026-04-02 13:25:00,5.7699,5.77,5.7501,5.7599,592207
2026-04-02 13:30:00,5.75,5.75,5.72,5.73,385932
2026-04-02 13:35:00,5.72,5.73,5.67,5.685,699802
2026-04-02 13:40:00,5.685,5.69,5.65,5.655,359967
2026-04-02 13:45:00,5.6514,5.66,5.625,5.625,68842
2026-04-02 13:50:00,5.625,5.6298,5.585,5.595,468140
2026-04-02 13:55:00,5.6,5.6,5.575,5.58,968833
2026-04-02 14:00:00,5.58,5.6,5.565,5.58,1489401
2026-04-02 14:05:00,5.5865,5.6,5.58,5.5855,594877
2026-04-02 14:10:00,5.59,5.5983,5.5898,5.595,378974
2026-04-02 14:15:00,5.595,5.5978,5.57,5.57,425823
2026-04-02 14:20:00,5.57,5.58,5.56,5.575,428263
2026-04-02 14:25:00,5.5701,5.58,5.565,5.565,744168
2026-04-02 14:30:00,5.565,5.59,5.565,5.58,1045947
2026-04-02 14:35:00,5.58,5.6001,5.58,5.595,347257
2026-04-02 14:40:00,5.5999,5.6194,5.5999,5.605,465990
2026-04-02 14:45:00,5.6097,5.6178,5.6097,5.61,131506
2026-04-02 14:50:00,5.6,5.6,5.58,5.585,93871
2026-04-02 14:55:00,5.585,5.5885,5.58,5.5852,90399
2026-04-02 15:00:00,5.59,5.59,5.5797,5.5801,195949
2026-04-02 15:05:00,5.5836,5.61,5.5836,5.6074,956161
2026-04-02 15:10:00,5.6,5.61,5.58,5.58,550867
2026-04-02 15:15:00,5.575,5.575,5.56,5.57,615278
2026-04-02 15:20:00,5.56,5.5799,5.55,5.575,293552
2026-04-02 15:25:00,5.5701,5.575,5.555,5.5701,717273
2026-04-02 15:30:00,5.5799,5.5801,5.57,5.575,616285
2026-04-02 15:35:00,5.575,5.6,5.571,5.6,382863
2026-04-02 15:40:00,5.6,5.6099,5.59,5.6,1099148
2026-04-02 15:45:00,5.6,5.6,5.585,5.585,294264
2026-04-02 15:50:00,5.59,5.63,5.59,5.61,773904
2026-04-02 15:55:00,5.61,5.63,5.595,5.6,620325
2026-04-02 16:15:00,5.61,5.61,5.6,5.6,21219
2026-04-02 16:20:00,5.609,5.609,5.609,5.609,1000
2026-04-02 16:25:00,5.61,5.62,5.61,5.62,3485
2026-04-02 16:30:00,5.63,5.63,5.62,5.62,2100
2026-04-02 16:35:00,5.62,5.62,5.62,5.62,800
2026-04-02 16:40:00,5.6203,5.63,5.6203,5.63,800
2026-04-02 16:45:00,5.6272,5.63,5.6272,5.63,300
2026-04-02 16:50:00,5.63,5.63,5.63,5.63,1500
2026-04-02 16:55:00,5.6299,5.6299,5.6299,5.6299,1000
2026-04-02 17:00:00,5.63,5.63,5.63,5.63,300
2026-04-02 17:05:00,5.6298,5.6298,5.6298,5.6298,200
2026-04-02 17:10:00,5.63,5.63,5.63,5.63,250
2026-04-02 17:20:00,5.63,5.6301,5.63,5.63,774
2026-04-02 17:25:00,5.6398,5.6398,5.6398,5.6398,130
2026-04-02 17:35:00,5.64,5.64,5.64,5.64,1140
2026-04-02 17:40:00,5.63,5.63,5.63,5.63,120
2026-04-02 17:45:00,5.6387,5.6387,5.6387,5.6387,1000
2026-04-02 17:50:00,5.63,5.63,5.6201,5.6201,2150
2026-04-02 17:55:00,5.6202,5.6202,5.6202,5.6202,250
2026-04-02 18:00:00,5.62,5.63,5.62,5.63,813
2026-04-02 18:05:00,5.63,5.63,5.63,5.63,1649
2026-04-02 18:10:00,5.6391,5.6391,5.6391,5.6391,500
2026-04-02 18:15:00,5.64,5.64,5.64,5.64,200
2026-04-02 18:25:00,5.62,5.62,5.62,5.62,1000
2026-04-02 18:35:00,5.64,5.64,5.64,5.64,4000
2026-04-02 18:45:00,5.64,5.64,5.64,5.64,174
2026-04-02 18:50:00,5.6303,5.64,5.6303,5.64,385
2026-04-02 18:55:00,5.64,5.64,5.6303,5.6303,1407
2026-04-02 19:00:00,5.6398,5.64,5.6398,5.64,200
2026-04-02 19:05:00,5.63,5.63,5.63,5.63,401
2026-04-02 19:15:00,5.6298,5.6298,5.6298,5.6298,1000
2026-04-02 19:45:00,5.64,5.64,5.63,5.63,15126
2026-04-02 19:55:00,5.63,5.63,5.63,5.63,5959
