2026-03-04 05:10:00,40.47,40.52,40.47,40.52,4390
2026-03-04 06:45:00,40.52,40.52,40.52,40.52,100
2026-03-04 07:00:00,40.55,40.55,40.55,40.55,100
2026-03-04 07:20:00,40.52,40.52,40.52,40.52,190
2026-03-04 07:25:00,40.52,40.52,40.51,40.51,500
2026-03-04 08:00:00,40.53,40.53,40.19,40.51,604
2026-03-04 08:10:00,40.63,40.63,40.63,40.63,100
2026-03-04 08:15:00,40.595,40.595,40.59,40.59,200
2026-03-04 08:40:00,40.62,40.62,40.62,40.62,344
2026-03-04 08:55:00,40.6,40.6,40.6,40.6,2810
2026-03-04 09:00:00,40.61,40.61,40.61,40.61,100
2026-03-04 09:05:00,40.61,40.62,40.61,40.62,324
2026-03-04 09:30:00,40.605,40.63,40.52,40.6264,56264
2026-03-04 09:35:00,40.63,40.63,40.5443,40.57,44212
2026-03-04 09:40:00,40.55,40.55,40.52,40.535,18312
2026-03-04 09:45:00,40.53,40.585,40.51,40.5498,18631
2026-03-04 09:50:00,40.5298,40.58,40.5242,40.58,5034
2026-03-04 09:55:00,40.57,40.575,40.55,40.575,15152
2026-03-04 10:00:00,40.62,40.63,40.57,40.59,58934
2026-03-04 10:05:00,40.6022,40.66,40.595,40.66,8771
2026-03-04 10:10:00,40.6565,40.68,40.635,40.66,8307
2026-03-04 10:15:00,40.669,40.69,40.665,40.69,3015
2026-03-04 10:20:00,40.7201,40.75,40.7201,40.75,6732
2026-03-04 10:25:00,40.755,40.78,40.745,40.775,7509
2026-03-04 10:30:00,40.77,40.775,40.75,40.7599,8191
2026-03-04 10:35:00,40.745,40.75,40.715,40.715,4239
2026-03-04 10:40:00,40.72,40.725,40.705,40.715,7635
2026-03-04 10:45:00,40.71,40.7197,40.6998,40.7122,1802
2026-03-04 10:50:00,40.7282,40.74,40.71,40.735,7229
2026-03-04 10:55:00,40.755,40.77,40.7499,40.7697,3591
2026-03-04 11:00:00,40.7799,40.79,40.775,40.7845,4490
2026-03-04 11:05:00,40.76,40.775,40.7534,40.7534,4077
2026-03-04 11:10:00,40.745,40.745,40.7099,40.71,6585
2026-03-04 11:15:00,40.715,40.73,40.71,40.715,9514
2026-03-04 11:20:00,40.71,40.72,40.7,40.7,2600
2026-03-04 11:25:00,40.71,40.735,40.71,40.735,3590
2026-03-04 11:30:00,40.7341,40.76,40.7341,40.75,4096
2026-03-04 11:35:00,40.7549,40.7559,40.73,40.74,4897
2026-03-04 11:40:00,40.74,40.77,40.74,40.77,2500
2026-03-04 11:45:00,40.77,40.78,40.77,40.775,9761
2026-03-04 11:50:00,40.755,40.78,40.755,40.78,11010
2026-03-04 11:55:00,40.775,40.775,40.7526,40.755,4150
2026-03-04 12:00:00,40.755,40.78,40.755,40.7799,1604
2026-03-04 12:05:00,40.775,40.78,40.765,40.77,9771
2026-03-04 12:10:00,40.77,40.7799,40.77,40.77,2525
2026-03-04 12:15:00,40.7641,40.77,40.7641,40.765,962
2026-03-04 12:20:00,40.765,40.765,40.75,40.75,7089
2026-03-04 12:25:00,40.761,40.761,40.745,40.745,560
2026-03-04 12:30:00,40.735,40.7499,40.72,40.7499,1600
2026-03-04 12:35:00,40.75,40.76,40.75,40.76,300
2026-03-04 12:40:00,40.76,40.76,40.75,40.76,1689
2026-03-04 12:45:00,40.76,40.77,40.76,40.7699,730
2026-03-04 12:50:00,40.77,40.77,40.76,40.76,2510
2026-03-04 12:55:00,40.78,40.78,40.765,40.78,1041
2026-03-04 13:00:00,40.79,40.79,40.77,40.77,2114
2026-03-04 13:05:00,40.76,40.7852,40.76,40.78,2396
2026-03-04 13:10:00,40.775,40.775,40.7642,40.765,3005
2026-03-04 13:15:00,40.76,40.762,40.76,40.762,3236
2026-03-04 13:20:00,40.755,40.765,40.755,40.755,5107
2026-03-04 13:25:00,40.76,40.775,40.76,40.775,1163
2026-03-04 13:30:00,40.775,40.795,40.775,40.785,7511
2026-03-04 13:35:00,40.79,40.7962,40.785,40.7901,3632
2026-03-04 13:40:00,40.795,40.8073,40.795,40.8,5600
2026-03-04 13:45:00,40.79,40.8,40.785,40.8,6797
2026-03-04 13:50:00,40.81,40.81,40.805,40.805,3701
2026-03-04 13:55:00,40.7959,40.8,40.785,40.8,29129
2026-03-04 14:00:00,40.795,40.805,40.795,40.805,3175
2026-03-04 14:05:00,40.81,40.81,40.8038,40.8038,6442
2026-03-04 14:10:00,40.805,40.81,40.805,40.81,525
2026-03-04 14:15:00,40.815,40.8162,40.815,40.815,1616
2026-03-04 14:20:00,40.81,40.81,40.805,40.805,5500
2026-03-04 14:25:00,40.805,40.805,40.795,40.8,2094
2026-03-04 14:30:00,40.805,40.805,40.8,40.8,1135
2026-03-04 14:35:00,40.8,40.81,40.8,40.805,4070
2026-03-04 14:40:00,40.8099,40.81,40.805,40.805,2307
2026-03-04 14:45:00,40.805,40.81,40.805,40.805,3751
2026-03-04 14:50:00,40.81,40.82,40.81,40.813,3559
2026-03-04 14:55:00,40.81,40.81,40.805,40.805,2627
2026-03-04 15:00:00,40.81,40.81,40.805,40.81,2560
2026-03-04 15:05:00,40.81,40.81,40.79,40.7967,4861
2026-03-04 15:10:00,40.7943,40.7943,40.785,40.785,10562
2026-03-04 15:15:00,40.78,40.785,40.775,40.775,6694
2026-03-04 15:20:00,40.775,40.78,40.76,40.765,4412
2026-03-04 15:25:00,40.77,40.785,40.77,40.785,17600
2026-03-04 15:30:00,40.785,40.785,40.775,40.78,16796
2026-03-04 15:35:00,40.775,40.79,40.775,40.79,22443
2026-03-04 15:40:00,40.785,40.8,40.785,40.8,27338
2026-03-04 15:45:00,40.795,40.7999,40.785,40.7899,16665
2026-03-04 15:50:00,40.78,40.78,40.745,40.775,101240
2026-03-04 15:55:00,40.77,40.775,40.75,40.75,45494
2026-03-04 16:00:00,40.76,40.76,40.76,40.76,24559
2026-03-04 17:55:00,40.81,40.81,40.81,40.81,100
2026-03-05 04:00:00,40.65,40.65,40.65,40.65,200
2026-03-05 04:40:00,40.68,40.68,40.68,40.68,2999
2026-03-05 06:05:00,40.69,40.69,40.69,40.69,100
2026-03-05 07:50:00,40.71,40.71,40.71,40.71,120
2026-03-05 08:00:00,40.71,40.88,40.68,40.68,1143
2026-03-05 08:15:00,40.68,40.68,40.68,40.68,100
2026-03-05 08:25:00,40.63,40.73,40.63,40.73,300
2026-03-05 08:40:00,40.69,40.69,40.69,40.69,100
2026-03-05 09:30:00,40.62,40.7,40.62,40.6906,21628
2026-03-05 09:35:00,40.72,40.735,40.685,40.7,35749
2026-03-05 09:40:00,40.695,40.7,40.65,40.66,32280
2026-03-05 09:45:00,40.655,40.705,40.65,40.665,47148
2026-03-05 09:50:00,40.665,40.705,40.655,40.7034,33511
2026-03-05 09:55:00,40.7,40.7599,40.7,40.755,25069
2026-03-05 10:00:00,40.76,40.775,40.725,40.725,31776
2026-03-05 10:05:00,40.72,40.725,40.6799,40.69,18775
2026-03-05 10:10:00,40.695,40.725,40.68,40.725,36395
2026-03-05 10:15:00,40.7199,40.725,40.6601,40.6601,17733
2026-03-05 10:20:00,40.66,40.66,40.6,40.6,11404
2026-03-05 10:25:00,40.59,40.605,40.56,40.57,20714
2026-03-05 10:30:00,40.58,40.58,40.525,40.55,19297
2026-03-05 10:35:00,40.55,40.59,40.545,40.59,15470
2026-03-05 10:40:00,40.61,40.6258,40.595,40.595,23779
2026-03-05 10:45:00,40.6,40.63,40.595,40.6062,7146
2026-03-05 10:50:00,40.615,40.6569,40.615,40.645,7652
2026-03-05 10:55:00,40.635,40.636,40.61,40.63,2142
2026-03-05 11:00:00,40.635,40.645,40.585,40.585,12231
2026-03-05 11:05:00,40.58,40.58,40.58,40.58,500
2026-03-05 11:10:00,40.5361,40.54,40.51,40.53,12748
2026-03-05 11:15:00,40.515,40.52,40.5,40.5,3275
2026-03-05 11:20:00,40.51,40.5401,40.51,40.525,15066
2026-03-05 11:25:00,40.53,40.55,40.515,40.515,2073
2026-03-05 11:30:00,40.5299,40.565,40.5299,40.5552,21129
2026-03-05 11:35:00,40.55,40.595,40.55,40.57,13730
2026-03-05 11:40:00,40.58,40.58,40.55,40.565,1959
2026-03-05 11:45:00,40.56,40.6,40.56,40.58,2636
2026-03-05 11:50:00,40.585,40.59,40.57,40.585,3063
2026-03-05 11:55:00,40.6,40.605,40.59,40.6,4050
2026-03-05 12:00:00,40.59,40.65,40.59,40.65,7323
2026-03-05 12:05:00,40.645,40.65,40.595,40.5962,23699
2026-03-05 12:10:00,40.59,40.595,40.56,40.565,37003
2026-03-05 12:15:00,40.565,40.565,40.52,40.52,16555
2026-03-05 12:20:00,40.52,40.53,40.5099,40.52,33221
2026-03-05 12:25:00,40.515,40.52,40.49,40.49,7696
2026-03-05 12:30:00,40.48,40.48,40.41,40.41,17633
2026-03-05 12:35:00,40.42,40.47,40.415,40.45,26784
2026-03-05 12:40:00,40.46,40.47,40.41,40.4199,12050
2026-03-05 12:45:00,40.41,40.41,40.3799,40.3799,3798
2026-03-05 12:50:00,40.38,40.41,40.3627,40.38,11438
2026-03-05 12:55:00,40.375,40.39,40.365,40.38,34123
2026-03-05 13:00:00,40.37,40.4,40.365,40.4,30143
2026-03-05 13:05:00,40.4,40.435,40.39,40.435,8462
2026-03-05 13:10:00,40.44,40.4569,40.42,40.4569,6112
2026-03-05 13:15:00,40.45,40.46,40.395,40.395,6523
2026-03-05 13:20:00,40.38,40.415,40.38,40.395,6821
2026-03-05 13:25:00,40.405,40.405,40.36,40.37,9170
2026-03-05 13:30:00,40.37,40.4,40.359,40.375,37149
2026-03-05 13:35:00,40.4,40.4,40.375,40.395,15820
2026-03-05 13:40:00,40.395,40.45,40.395,40.4446,31541
2026-03-05 13:45:00,40.44,40.44,40.39,40.39,16245
2026-03-05 13:50:00,40.39,40.39,40.36,40.36,10791
2026-03-05 13:55:00,40.375,40.41,40.375,40.39,15957
2026-03-05 14:00:00,40.385,40.41,40.385,40.39,12630
2026-03-05 14:05:00,40.4,40.41,40.4,40.4,7362
2026-03-05 14:10:00,40.406,40.42,40.39,40.42,23753
2026-03-05 14:15:00,40.42,40.42,40.4,40.41,2010
2026-03-05 14:20:00,40.43,40.435,40.4,40.415,7958
2026-03-05 14:25:00,40.41,40.41,40.375,40.375,22815
2026-03-05 14:30:00,40.38,40.38,40.335,40.35,8481
2026-03-05 14:35:00,40.355,40.365,40.34,40.3568,9707
2026-03-05 14:40:00,40.37,40.4,40.37,40.4,25736
2026-03-05 14:45:00,40.4,40.415,40.395,40.415,10519
2026-03-05 14:50:00,40.42,40.43,40.39,40.39,7656
2026-03-05 14:55:00,40.38,40.41,40.375,40.4099,36019
2026-03-05 15:00:00,40.4,40.46,40.38,40.45,55129
2026-03-05 15:05:00,40.44,40.47,40.4,40.46,31876
2026-03-05 15:10:00,40.46,40.4964,40.46,40.49,13697
2026-03-05 15:15:00,40.495,40.515,40.475,40.515,12287
2026-03-05 15:20:00,40.505,40.5355,40.5001,40.5355,9059
2026-03-05 15:25:00,40.55,40.56,40.5301,40.5301,6810
2026-03-05 15:30:00,40.52,40.55,40.52,40.55,4748
2026-03-05 15:35:00,40.5499,40.5672,40.5499,40.5518,6575
2026-03-05 15:40:00,40.55,40.5599,40.535,40.545,7754
2026-03-05 15:45:00,40.5501,40.57,40.53,40.57,9234
2026-03-05 15:50:00,40.57,40.6,40.565,40.6,56188
2026-03-05 15:55:00,40.6,40.63,40.59,40.63,75205
2026-03-05 16:00:00,40.63,40.63,40.63,40.63,8800
2026-03-06 04:35:00,40.63,40.63,40.63,40.63,300
2026-03-06 07:10:00,40.55,40.55,40.55,40.55,100
2026-03-06 07:45:00,40.49,40.49,40.49,40.49,100
2026-03-06 08:00:00,40.77,40.77,40.77,40.77,100
2026-03-06 08:05:00,40.47,40.47,40.44,40.45,600
2026-03-06 08:10:00,40.46,40.46,40.46,40.46,200
2026-03-06 08:15:00,40.47,40.47,40.47,40.47,200
2026-03-06 08:25:00,40.48,40.48,40.47,40.47,200
2026-03-06 08:30:00,40.32,40.32,40.32,40.32,100
2026-03-06 08:35:00,40.43,40.43,40.4,40.4,300
2026-03-06 08:50:00,40.3,40.3,40.3,40.3,150
2026-03-06 08:55:00,40.22,40.22,40.2,40.2,351
2026-03-06 09:10:00,40.2043,40.75,40.2043,40.75,400
2026-03-06 09:25:00,40.6,40.6,40.19,40.21,5336
2026-03-06 09:30:00,40.18,40.235,40.16,40.1896,61037
2026-03-06 09:35:00,40.18,40.18,40.08,40.12,56045
2026-03-06 09:40:00,40.12,40.16,40.09,40.12,83455
2026-03-06 09:45:00,40.11,40.14,40.06,40.09,31542
2026-03-06 09:50:00,40.09,40.16,40.08,40.095,130485
2026-03-06 09:55:00,40.09,40.1,40.05,40.1,102240
2026-03-06 10:00:00,40.11,40.21,40.11,40.19,38436
2026-03-06 10:05:00,40.21,40.21,40.12,40.12,53517
2026-03-06 10:10:00,40.125,40.22,40.11,40.22,58955
2026-03-06 10:15:00,40.215,40.245,40.205,40.24,53708
2026-03-06 10:20:00,40.24,40.28,40.23,40.28,60958
2026-03-06 10:25:00,40.27,40.285,40.26,40.27,45232
2026-03-06 10:30:00,40.3,40.325,40.29,40.3197,93082
2026-03-06 10:35:00,40.3399,40.3685,40.33,40.3585,56069
2026-03-06 10:40:00,40.35,40.35,40.29,40.31,76154
2026-03-06 10:45:00,40.31,40.31,40.255,40.2601,51467
2026-03-06 10:50:00,40.26,40.26,40.21,40.24,73245
2026-03-06 10:55:00,40.27,40.3361,40.27,40.315,31441
2026-03-06 11:00:00,40.31,40.3698,40.31,40.3698,51234
2026-03-06 11:05:00,40.36,40.36,40.315,40.32,62530
2026-03-06 11:10:00,40.31,40.32,40.2899,40.29,42606
2026-03-06 11:15:00,40.29,40.3299,40.2759,40.32,85148
2026-03-06 11:20:00,40.32,40.32,40.2539,40.28,50311
2026-03-06 11:25:00,40.3,40.31,40.26,40.29,62666
2026-03-06 11:30:00,40.29,40.2961,40.25,40.25,64927
2026-03-06 11:35:00,40.255,40.33,40.255,40.32,73126
2026-03-06 11:40:00,40.32,40.33,40.295,40.295,47497
2026-03-06 11:45:00,40.3,40.35,40.3,40.34,37159
2026-03-06 11:50:00,40.34,40.365,40.29,40.29,59756
2026-03-06 11:55:00,40.3,40.3343,40.28,40.3199,34153
2026-03-06 12:00:00,40.31,40.35,40.2999,40.33,55541
2026-03-06 12:05:00,40.32,40.33,40.25,40.27,84420
2026-03-06 12:10:00,40.28,40.28,40.255,40.26,55540
2026-03-06 12:15:00,40.27,40.29,40.245,40.29,67275
2026-03-06 12:20:00,40.29,40.32,40.2774,40.2899,68330
2026-03-06 12:25:00,40.2861,40.2861,40.2399,40.26,73021
2026-03-06 12:30:00,40.25,40.27,40.25,40.27,70264
2026-03-06 12:35:00,40.27,40.27,40.2044,40.21,26539
2026-03-06 12:40:00,40.21,40.22,40.17,40.2,70783
2026-03-06 12:45:00,40.2,40.235,40.2,40.23,41992
2026-03-06 12:50:00,40.24,40.26,40.215,40.23,64324
2026-03-06 12:55:00,40.23,40.26,40.22,40.22,55237
2026-03-06 13:00:00,40.2243,40.28,40.2243,40.24,90662
2026-03-06 13:05:00,40.25,40.28,40.25,40.28,39089
2026-03-06 13:10:00,40.28,40.36,40.28,40.35,116387
2026-03-06 13:15:00,40.35,40.365,40.33,40.35,31730
2026-03-06 13:20:00,40.36,40.36,40.32,40.325,67274
2026-03-06 13:25:00,40.33,40.33,40.29,40.3,37139
2026-03-06 13:30:00,40.29,40.325,40.285,40.32,79101
2026-03-06 13:35:00,40.31,40.31,40.27,40.29,42697
2026-03-06 13:40:00,40.29,40.31,40.28,40.295,55311
2026-03-06 13:45:00,40.3,40.3099,40.285,40.3,42986
2026-03-06 13:50:00,40.3,40.3,40.26,40.2656,43847
2026-03-06 13:55:00,40.265,40.29,40.265,40.27,49354
2026-03-06 14:00:00,40.27,40.28,40.265,40.27,41505
2026-03-06 14:05:00,40.26,40.295,40.26,40.285,33652
2026-03-06 14:10:00,40.3,40.3247,40.3,40.315,37885
2026-03-06 14:15:00,40.315,40.33,40.29,40.32,57836
2026-03-06 14:20:00,40.32,40.3251,40.28,40.28,35222
2026-03-06 14:25:00,40.28,40.32,40.27,40.31,52128
2026-03-06 14:30:00,40.31,40.33,40.31,40.32,66642
2026-03-06 14:35:00,40.32,40.32,40.28,40.302,68681
2026-03-06 14:40:00,40.31,40.35,40.3,40.3,37719
2026-03-06 14:45:00,40.305,40.305,40.2861,40.295,45709
2026-03-06 14:50:00,40.2901,40.315,40.29,40.31,81254
2026-03-06 14:55:00,40.315,40.32,40.305,40.31,46788
2026-03-06 15:00:00,40.3199,40.355,40.3199,40.34,63710
2026-03-06 15:05:00,40.35,40.35,40.315,40.32,75184
2026-03-06 15:10:00,40.32,40.32,40.25,40.27,61672
2026-03-06 15:15:00,40.265,40.28,40.25,40.265,63356
2026-03-06 15:20:00,40.26,40.26,40.205,40.21,48566
2026-03-06 15:25:00,40.2,40.205,40.155,40.17,53719
2026-03-06 15:30:00,40.16,40.175,40.14,40.155,86090
2026-03-06 15:35:00,40.14,40.16,40.12,40.15,74312
2026-03-06 15:40:00,40.17,40.225,40.1401,40.185,75196
2026-03-06 15:45:00,40.185,40.2,40.185,40.1942,58765
2026-03-06 15:50:00,40.2,40.2,40.1598,40.19,140095
2026-03-06 15:55:00,40.18,40.2,40.16,40.18,140105
2026-03-06 16:00:00,40.18,40.18,40.18,40.18,6919
2026-03-06 16:05:00,40.19,40.19,40.18,40.18,200
2026-03-09 04:30:00,39.82,39.82,39.6,39.6,13640
2026-03-09 07:00:00,40.15,40.15,39.98,39.98,425
2026-03-09 07:10:00,40.0,40.0,40.0,40.0,100
2026-03-09 07:35:00,40.0,40.0,40.0,40.0,1000
2026-03-09 07:40:00,39.99,39.99,39.99,39.99,100
2026-03-09 08:00:00,39.84,39.84,39.71,39.82,2227
2026-03-09 08:15:00,39.952,39.952,39.952,39.952,478
2026-03-09 08:25:00,39.97,39.97,39.97,39.97,2138
2026-03-09 08:30:00,39.93,39.93,39.93,39.93,1200
2026-03-09 08:50:00,39.84,39.84,39.84,39.84,556
2026-03-09 08:55:00,39.85,39.85,39.85,39.85,100
2026-03-09 09:00:00,39.89,39.91,39.89,39.91,1300
2026-03-09 09:05:00,39.9,39.9,39.89,39.89,200
2026-03-09 09:20:00,39.87,39.87,39.85,39.85,500
2026-03-09 09:30:00,39.9,39.98,39.89,39.9253,66671
2026-03-09 09:35:00,39.935,39.942,39.85,39.85,43038
2026-03-09 09:40:00,39.84,39.8401,39.8,39.81,96743
2026-03-09 09:45:00,39.81,39.8551,39.775,39.78,39687
2026-03-09 09:50:00,39.79,39.81,39.745,39.77,63100
2026-03-09 09:55:00,39.75,39.86,39.7424,39.815,48862
2026-03-09 10:00:00,39.815,39.91,39.8,39.895,29093
2026-03-09 10:05:00,39.905,39.905,39.745,39.78,96878
2026-03-09 10:10:00,39.77,39.775,39.7101,39.7524,30446
2026-03-09 10:15:00,39.76,39.82,39.745,39.81,68229
2026-03-09 10:20:00,39.81,39.9,39.765,39.88,21435
2026-03-09 10:25:00,39.89,39.89,39.8094,39.82,13893
2026-03-09 10:30:00,39.83,39.88,39.825,39.865,99678
2026-03-09 10:35:00,39.855,39.95,39.855,39.95,11769
2026-03-09 10:40:00,39.93,39.98,39.925,39.98,33155
2026-03-09 10:45:00,39.98,40.02,39.97,40.01,26407
2026-03-09 10:50:00,40.0,40.05,39.99,40.05,3719
2026-03-09 10:55:00,40.04,40.055,40.005,40.02,40369
2026-03-09 11:00:00,40.025,40.07,40.025,40.06,37302
2026-03-09 11:05:00,40.06,40.075,40.03,40.03,6320
2026-03-09 11:10:00,40.06,40.07,40.0499,40.065,2604
2026-03-09 11:15:00,40.085,40.1,40.055,40.065,13023
2026-03-09 11:20:00,40.08,40.11,40.08,40.11,3663
2026-03-09 11:25:00,40.11,40.14,40.0939,40.13,6842
2026-03-09 11:30:00,40.1285,40.13,40.075,40.09,26759
2026-03-09 11:35:00,40.08,40.09,40.07,40.085,5803
2026-03-09 11:40:00,40.0643,40.08,40.06,40.065,4531
2026-03-09 11:45:00,40.065,40.115,40.055,40.095,6934
2026-03-09 11:50:00,40.1,40.13,40.095,40.13,12841
2026-03-09 11:55:00,40.13,40.14,40.115,40.12,3451
2026-03-09 12:00:00,40.11,40.155,40.105,40.135,6618
2026-03-09 12:05:00,40.13,40.15,40.125,40.1399,19834
2026-03-09 12:10:00,40.14,40.15,40.1201,40.15,16817
2026-03-09 12:15:00,40.1385,40.15,40.125,40.145,22313
2026-03-09 12:20:00,40.12,40.17,40.115,40.17,25141
2026-03-09 12:25:00,40.1699,40.225,40.1655,40.185,16471
2026-03-09 12:30:00,40.19,40.19,40.15,40.19,3605
2026-03-09 12:35:00,40.19,40.2163,40.19,40.205,3208
2026-03-09 12:40:00,40.2199,40.24,40.2199,40.24,1346
2026-03-09 12:45:00,40.25,40.26,40.24,40.25,8085
2026-03-09 12:50:00,40.25,40.255,40.225,40.225,5229
2026-03-09 12:55:00,40.22,40.24,40.215,40.225,5565
2026-03-09 13:00:00,40.21,40.21,40.17,40.18,3518
2026-03-09 13:05:00,40.18,40.18,40.16,40.17,4255
2026-03-09 13:10:00,40.1799,40.19,40.155,40.17,5314
2026-03-09 13:15:00,40.17,40.17,40.125,40.125,24620
2026-03-09 13:20:00,40.125,40.125,40.085,40.085,19196
2026-03-09 13:25:00,40.09,40.09,40.0701,40.075,3479
2026-03-09 13:30:00,40.08,40.08,40.075,40.08,12031
2026-03-09 13:35:00,40.07,40.08,40.06,40.065,2433
2026-03-09 13:40:00,40.06,40.07,40.045,40.0499,4223
2026-03-09 13:45:00,40.05,40.08,40.05,40.07,8900
2026-03-09 13:50:00,40.07,40.09,40.07,40.0898,7622
2026-03-09 13:55:00,40.095,40.105,40.0799,40.08,9111
2026-03-09 14:00:00,40.085,40.1082,40.085,40.085,4433
2026-03-09 14:05:00,40.09,40.1261,40.085,40.09,29265
2026-03-09 14:10:00,40.1,40.13,40.09,40.12,11960
2026-03-09 14:15:00,40.115,40.1499,40.11,40.1399,2004
2026-03-09 14:20:00,40.155,40.18,40.13,40.15,16106
2026-03-09 14:25:00,40.1401,40.15,40.14,40.1439,3610
2026-03-09 14:30:00,40.15,40.19,40.15,40.19,25770
2026-03-09 14:35:00,40.19,40.205,40.185,40.19,1454
2026-03-09 14:40:00,40.19,40.19,40.18,40.19,10740
2026-03-09 14:45:00,40.185,40.2,40.185,40.2,4462
2026-03-09 14:50:00,40.185,40.205,40.185,40.19,3103
2026-03-09 14:55:00,40.19,40.19,40.145,40.15,11595
2026-03-09 15:00:00,40.14,40.17,40.14,40.165,3909
2026-03-09 15:05:00,40.16,40.16,40.145,40.16,1575
2026-03-09 15:10:00,40.17,40.18,40.1645,40.1645,6532
2026-03-09 15:15:00,40.165,40.29,40.165,40.29,52267
2026-03-09 15:20:00,40.305,40.4,40.29,40.38,93264
2026-03-09 15:25:00,40.3851,40.48,40.3601,40.48,44750
2026-03-09 15:30:00,40.48,40.52,40.43,40.52,26036
2026-03-09 15:35:00,40.52,40.58,40.47,40.575,132187
2026-03-09 15:40:00,40.57,40.57,40.4736,40.52,123480
2026-03-09 15:45:00,40.5,40.53,40.485,40.51,33113
2026-03-09 15:50:00,40.51,40.51,40.47,40.4801,47700
2026-03-09 15:55:00,40.485,40.55,40.475,40.52,121543
2026-03-09 16:00:00,40.5,40.53,40.5,40.53,72973
2026-03-09 16:05:00,40.5,40.5,40.5,40.5,238
2026-03-09 16:10:00,40.4984,40.4984,40.4984,40.4984,150
2026-03-09 16:20:00,40.46,40.46,40.46,40.46,100
2026-03-09 16:25:00,40.46,40.46,40.46,40.46,238
2026-03-09 18:00:00,40.55,40.55,40.55,40.55,203
2026-03-09 18:35:00,40.51,40.51,40.51,40.51,1013
2026-03-09 18:45:00,40.57,40.57,40.57,40.57,100
2026-03-10 08:25:00,40.42,40.42,40.42,40.42,1000
2026-03-10 08:35:00,40.46,40.46,40.46,40.46,280
2026-03-10 09:05:00,40.49,40.49,40.46,40.48,800
2026-03-10 09:25:00,40.51,40.51,40.51,40.51,656
2026-03-10 09:30:00,40.51,40.57,40.5,40.54,45659
2026-03-10 09:35:00,40.5243,40.535,40.49,40.52,14797
2026-03-10 09:40:00,40.52,40.52,40.45,40.52,4681
2026-03-10 09:45:00,40.515,40.5201,40.475,40.485,5167
2026-03-10 09:50:00,40.51,40.52,40.49,40.49,4911
2026-03-10 09:55:00,40.465,40.48,40.44,40.47,13053
2026-03-10 10:00:00,40.43,40.44,40.43,40.4378,1126
2026-03-10 10:05:00,40.47,40.5,40.41,40.41,7896
2026-03-10 10:10:00,40.43,40.445,40.4173,40.44,2473
2026-03-10 10:15:00,40.43,40.48,40.42,40.48,14864
2026-03-10 10:20:00,40.485,40.535,40.485,40.52,7345
2026-03-10 10:25:00,40.53,40.5602,40.53,40.53,7456
2026-03-10 10:30:00,40.585,40.6153,40.5799,40.61,29492
2026-03-10 10:35:00,40.595,40.63,40.595,40.63,6570
2026-03-10 10:40:00,40.63,40.66,40.625,40.6545,18310
2026-03-10 10:45:00,40.66,40.665,40.635,40.665,9879
2026-03-10 10:50:00,40.67,40.685,40.662,40.685,7873
2026-03-10 10:55:00,40.6859,40.695,40.6859,40.695,3134
2026-03-10 11:00:00,40.7,40.72,40.7,40.705,19575
2026-03-10 11:05:00,40.71,40.71,40.675,40.675,11620
2026-03-10 11:10:00,40.665,40.68,40.665,40.67,12799
2026-03-10 11:15:00,40.665,40.71,40.665,40.71,11690
2026-03-10 11:20:00,40.7195,40.7195,40.69,40.6925,9859
2026-03-10 11:25:00,40.695,40.695,40.69,40.695,2939
2026-03-10 11:30:00,40.69,40.69,40.67,40.6751,10121
2026-03-10 11:35:00,40.67,40.6999,40.67,40.6899,10236
2026-03-10 11:40:00,40.69,40.73,40.685,40.71,9485
2026-03-10 11:45:00,40.71,40.715,40.69,40.705,7136
2026-03-10 11:50:00,40.7,40.7199,40.685,40.69,8578
2026-03-10 11:55:00,40.69,40.71,40.6899,40.71,10504
2026-03-10 12:00:00,40.71,40.71,40.67,40.68,19377
2026-03-10 12:05:00,40.67,40.67,40.63,40.65,17218
2026-03-10 12:10:00,40.655,40.68,40.655,40.67,7418
2026-03-10 12:15:00,40.67,40.7,40.665,40.6967,14092
2026-03-10 12:20:00,40.69,40.69,40.665,40.68,25869
2026-03-10 12:25:00,40.685,40.71,40.67,40.675,18582
2026-03-10 12:30:00,40.69,40.71,40.685,40.7051,11144
2026-03-10 12:35:00,40.715,40.72,40.715,40.715,6700
2026-03-10 12:40:00,40.715,40.72,40.71,40.72,8860
2026-03-10 12:45:00,40.715,40.715,40.68,40.7,9697
2026-03-10 12:50:00,40.695,40.73,40.69,40.715,10925
2026-03-10 12:55:00,40.725,40.725,40.715,40.715,13026
2026-03-10 13:00:00,40.72,40.7361,40.71,40.73,14745
2026-03-10 13:05:00,40.73,40.7458,40.73,40.735,1273
2026-03-10 13:10:00,40.74,40.745,40.725,40.725,17704
2026-03-10 13:15:00,40.73,40.7553,40.73,40.7553,7147
2026-03-10 13:20:00,40.76,40.77,40.755,40.77,5432
2026-03-10 13:25:00,40.765,40.79,40.7645,40.785,10371
2026-03-10 13:30:00,40.78,40.78,40.74,40.74,9317
2026-03-10 13:35:00,40.74,40.74,40.68,40.7,7850
2026-03-10 13:40:00,40.71,40.725,40.695,40.7,10480
2026-03-10 13:45:00,40.7,40.745,40.7,40.745,18475
2026-03-10 13:50:00,40.735,40.7598,40.735,40.745,20750
2026-03-10 13:55:00,40.745,40.75,40.73,40.74,12138
2026-03-10 14:00:00,40.73,40.7451,40.73,40.74,28994
2026-03-10 14:05:00,40.74,40.74,40.71,40.7199,21466
2026-03-10 14:10:00,40.72,40.73,40.585,40.59,108075
2026-03-10 14:15:00,40.585,40.63,40.54,40.545,174834
2026-03-10 14:20:00,40.55,40.59,40.52,40.56,135553
2026-03-10 14:25:00,40.57,40.64,40.57,40.62,31911
2026-03-10 14:30:00,40.62,40.655,40.605,40.63,24512
2026-03-10 14:35:00,40.63,40.64,40.57,40.61,52401
2026-03-10 14:40:00,40.59,40.61,40.575,40.595,12883
2026-03-10 14:45:00,40.59,40.61,40.58,40.5999,14414
2026-03-10 14:50:00,40.605,40.63,40.59,40.6,3500
2026-03-10 14:55:00,40.6,40.605,40.575,40.58,17265
2026-03-10 15:00:00,40.58,40.6,40.57,40.585,29601
2026-03-10 15:05:00,40.58,40.59,40.5541,40.59,12405
2026-03-10 15:10:00,40.59,40.6,40.56,40.5941,9494
2026-03-10 15:15:00,40.6,40.6239,40.59,40.62,24713
2026-03-10 15:20:00,40.62,40.62,40.55,40.58,33052
2026-03-10 15:25:00,40.575,40.575,40.53,40.53,35662
2026-03-10 15:30:00,40.52,40.535,40.5,40.515,31452
2026-03-10 15:35:00,40.51,40.52,40.49,40.51,29669
2026-03-10 15:40:00,40.525,40.56,40.491,40.5335,52688
2026-03-10 15:45:00,40.515,40.53,40.4799,40.4799,9875
2026-03-10 15:50:00,40.49,40.5,40.465,40.485,60922
2026-03-10 15:55:00,40.495,40.5,40.455,40.5,106374
2026-03-10 16:00:00,40.49,40.49,40.49,40.49,2401
2026-03-10 17:55:00,40.82,40.82,40.82,40.82,100
2026-03-11 04:50:00,40.56,40.56,40.55,40.55,200
2026-03-11 05:15:00,40.29,40.41,40.26,40.26,1071
2026-03-11 05:35:00,40.48,40.48,40.48,40.48,142
2026-03-11 08:00:00,40.8,40.8,40.8,40.8,100
2026-03-11 08:30:00,40.52,40.52,40.52,40.52,102
2026-03-11 08:55:00,40.5,40.5,40.5,40.5,350
2026-03-11 09:10:00,40.51,40.51,40.5,40.5,717
2026-03-11 09:20:00,40.69,40.69,40.69,40.69,757
2026-03-11 09:30:00,40.52,40.58,40.52,40.57,9254
2026-03-11 09:35:00,40.57,40.595,40.56,40.595,15155
2026-03-11 09:40:00,40.59,40.5987,40.54,40.54,5900
2026-03-11 09:45:00,40.54,40.57,40.51,40.52,6278
2026-03-11 09:50:00,40.51,40.56,40.495,40.52,7287
2026-03-11 09:55:00,40.53,40.58,40.52,40.57,13772
2026-03-11 10:00:00,40.58,40.675,40.58,40.6,49340
2026-03-11 10:05:00,40.62,40.6235,40.565,40.585,17079
2026-03-11 10:10:00,40.585,40.59,40.545,40.58,11148
2026-03-11 10:15:00,40.575,40.58,40.54,40.58,11173
2026-03-11 10:20:00,40.575,40.575,40.5083,40.5083,12349
2026-03-11 10:25:00,40.48,40.495,40.4551,40.495,7373
2026-03-11 10:30:00,40.5,40.52,40.455,40.455,10563
2026-03-11 10:35:00,40.46,40.54,40.46,40.52,25073
2026-03-11 10:40:00,40.525,40.565,40.52,40.56,22235
2026-03-11 10:45:00,40.555,40.575,40.545,40.57,11594
2026-03-11 10:50:00,40.57,40.585,40.5651,40.57,10973
2026-03-11 10:55:00,40.57,40.605,40.57,40.585,22369
2026-03-11 11:00:00,40.59,40.615,40.545,40.55,10005
2026-03-11 11:05:00,40.58,40.58,40.54,40.545,20750
2026-03-11 11:10:00,40.55,40.56,40.455,40.495,68393
2026-03-11 11:15:00,40.47,40.47,40.445,40.465,18694
2026-03-11 11:20:00,40.465,40.485,40.45,40.485,8973
2026-03-11 11:25:00,40.5,40.5,40.44,40.44,17042
2026-03-11 11:30:00,40.415,40.445,40.41,40.445,15747
2026-03-11 11:35:00,40.44,40.45,40.43,40.43,21613
2026-03-11 11:40:00,40.44,40.445,40.425,40.425,12018
2026-03-11 11:45:00,40.4,40.405,40.37,40.39,41767
2026-03-11 11:50:00,40.4,40.435,40.4,40.43,13557
2026-03-11 11:55:00,40.43,40.435,40.405,40.405,14486
2026-03-11 12:00:00,40.4,40.4,40.37,40.37,10480
2026-03-11 12:05:00,40.38,40.385,40.365,40.37,23169
2026-03-11 12:10:00,40.38,40.395,40.38,40.3936,18302
2026-03-11 12:15:00,40.4061,40.4061,40.38,40.385,4511
2026-03-11 12:20:00,40.38,40.415,40.38,40.395,8178
2026-03-11 12:25:00,40.41,40.42,40.4,40.415,13206
2026-03-11 12:30:00,40.42,40.47,40.42,40.47,10023
2026-03-11 12:35:00,40.4702,40.48,40.45,40.45,29857
2026-03-11 12:40:00,40.46,40.485,40.455,40.465,9584
2026-03-11 12:45:00,40.46,40.475,40.45,40.455,23902
2026-03-11 12:50:00,40.46,40.495,40.46,40.49,4050
2026-03-11 12:55:00,40.49,40.5,40.48,40.5,3880
2026-03-11 13:00:00,40.5,40.52,40.495,40.495,13948
2026-03-11 13:05:00,40.5,40.515,40.5,40.5,11101
2026-03-11 13:10:00,40.5,40.505,40.475,40.475,14197
2026-03-11 13:15:00,40.48,40.4999,40.455,40.46,21636
2026-03-11 13:20:00,40.4761,40.505,40.47,40.505,21086
2026-03-11 13:25:00,40.5,40.52,40.5,40.5026,13521
2026-03-11 13:30:00,40.51,40.5199,40.495,40.495,14877
2026-03-11 13:35:00,40.5,40.5,40.36,40.4091,60436
2026-03-11 13:40:00,40.415,40.435,40.3799,40.4,48619
2026-03-11 13:45:00,40.41,40.435,40.4,40.425,45398
2026-03-11 13:50:00,40.44,40.4699,40.435,40.445,34727
2026-03-11 13:55:00,40.44,40.44,40.415,40.44,38082
2026-03-11 14:00:00,40.44,40.445,40.43,40.44,11484
2026-03-11 14:05:00,40.44,40.44,40.4,40.41,16384
2026-03-11 14:10:00,40.4,40.405,40.3799,40.405,21193
2026-03-11 14:15:00,40.4,40.44,40.4,40.435,5937
2026-03-11 14:20:00,40.44,40.45,40.415,40.435,25311
2026-03-11 14:25:00,40.435,40.465,40.425,40.45,11641
2026-03-11 14:30:00,40.46,40.47,40.455,40.47,41173
2026-03-11 14:35:00,40.47,40.47,40.45,40.45,32310
2026-03-11 14:40:00,40.45,40.455,40.44,40.445,44380
2026-03-11 14:45:00,40.45,40.455,40.44,40.44,5730
2026-03-11 14:50:00,40.435,40.48,40.435,40.475,35356
2026-03-11 14:55:00,40.47,40.4856,40.45,40.46,49124
2026-03-11 15:00:00,40.46,40.465,40.425,40.445,24249
2026-03-11 15:05:00,40.44,40.445,40.425,40.435,44051
2026-03-11 15:10:00,40.435,40.435,40.41,40.415,10358
2026-03-11 15:15:00,40.415,40.445,40.415,40.445,10700
2026-03-11 15:20:00,40.44,40.445,40.42,40.43,8673
2026-03-11 15:25:00,40.45,40.4551,40.435,40.445,17490
2026-03-11 15:30:00,40.44,40.4801,40.435,40.4801,22566
2026-03-11 15:35:00,40.48,40.49,40.47,40.48,20459
2026-03-11 15:40:00,40.49,40.5,40.48,40.49,19230
2026-03-11 15:45:00,40.5,40.5,40.475,40.475,29784
2026-03-11 15:50:00,40.48,40.51,40.47,40.51,61509
2026-03-11 15:55:00,40.525,40.525,40.5,40.51,27024
2026-03-11 16:00:00,40.51,40.51,40.51,40.51,1460
2026-03-11 18:35:00,40.41,40.41,40.41,40.41,1000
2026-03-11 19:05:00,40.51,40.51,40.51,40.51,308
2026-03-11 19:25:00,40.4,40.4,40.4,40.4,143
2026-03-12 09:30:00,40.27,40.3,40.225,40.25,13456
2026-03-12 09:35:00,40.25,40.28,40.235,40.27,8900
2026-03-12 09:40:00,40.27,40.275,40.225,40.23,102856
2026-03-12 09:45:00,40.22,40.22,40.14,40.205,76237
2026-03-12 09:50:00,40.24,40.24,40.155,40.155,86741
2026-03-12 09:55:00,40.155,40.155,40.105,40.1345,47881
2026-03-12 10:00:00,40.15,40.24,40.15,40.24,50346
2026-03-12 10:05:00,40.21,40.24,40.2,40.22,23954
2026-03-12 10:10:00,40.215,40.26,40.215,40.24,4184
2026-03-12 10:15:00,40.265,40.265,40.1802,40.185,11901
2026-03-12 10:20:00,40.1801,40.1801,40.15,40.16,23430
2026-03-12 10:25:00,40.18,40.195,40.12,40.12,48149
2026-03-12 10:30:00,40.1,40.1024,40.075,40.085,12216
2026-03-12 10:35:00,40.105,40.12,40.06,40.06,10132
2026-03-12 10:40:00,40.1,40.15,40.075,40.145,7494
2026-03-12 10:45:00,40.145,40.23,40.115,40.115,28838
2026-03-12 10:50:00,40.105,40.12,40.1,40.12,18227
2026-03-12 10:55:00,40.1373,40.1399,40.12,40.12,6100
2026-03-12 11:00:00,40.115,40.115,40.08,40.105,6696
2026-03-12 11:05:00,40.1,40.1,40.095,40.095,3032
2026-03-12 11:10:00,40.09,40.09,40.035,40.06,16528
2026-03-12 11:15:00,40.06,40.07,40.045,40.06,85847
2026-03-12 11:20:00,40.06,40.09,40.04,40.09,11634
2026-03-12 11:25:00,40.0801,40.135,40.0801,40.1,5940
2026-03-12 11:30:00,40.09,40.12,40.085,40.085,2686
2026-03-12 11:35:00,40.095,40.2,40.06,40.2,53420
2026-03-12 11:40:00,40.19,40.2177,40.14,40.21,45649
2026-03-12 11:45:00,40.19,40.205,40.125,40.17,101407
2026-03-12 11:50:00,40.16,40.18,40.14,40.18,18928
2026-03-12 11:55:00,40.18,40.18,40.15,40.165,13292
2026-03-12 12:00:00,40.17,40.2056,40.16,40.2,14687
2026-03-12 12:05:00,40.2,40.2,40.08,40.09,36072
2026-03-12 12:10:00,40.09,40.1401,40.085,40.1401,38847
2026-03-12 12:15:00,40.1479,40.195,40.14,40.18,14856
2026-03-12 12:20:00,40.185,40.26,40.185,40.195,84998
2026-03-12 12:25:00,40.19,40.19,40.135,40.135,39604
2026-03-12 12:30:00,40.14,40.1886,40.12,40.18,13262
2026-03-12 12:35:00,40.16,40.21,40.16,40.21,12639
2026-03-12 12:40:00,40.2,40.205,40.19,40.2,17555
2026-03-12 12:45:00,40.19,40.19,40.1099,40.14,18234
2026-03-12 12:50:00,40.15,40.15,40.115,40.115,44120
2026-03-12 12:55:00,40.14,40.14,40.11,40.13,9951
2026-03-12 13:00:00,40.14,40.19,40.14,40.19,13678
2026-03-12 13:05:00,40.19,40.22,40.15,40.155,12361
2026-03-12 13:10:00,40.15,40.18,40.14,40.14,20860
2026-03-12 13:15:00,40.14,40.15,40.1051,40.11,14053
2026-03-12 13:20:00,40.1,40.16,40.1,40.16,11660
2026-03-12 13:25:00,40.16,40.1601,40.12,40.13,15919
2026-03-12 13:30:00,40.16,40.16,40.1399,40.145,5046
2026-03-12 13:35:00,40.16,40.18,40.16,40.17,13915
2026-03-12 13:40:00,40.19,40.19,40.13,40.13,10360
2026-03-12 13:45:00,40.1,40.13,40.0901,40.11,7196
2026-03-12 13:50:00,40.13,40.14,40.114,40.115,2383
2026-03-12 13:55:00,40.1051,40.11,40.0641,40.11,11220
2026-03-12 14:00:00,40.12,40.15,40.12,40.14,4700
2026-03-12 14:05:00,40.115,40.15,40.115,40.14,13624
2026-03-12 14:10:00,40.145,40.15,40.1425,40.15,1725
2026-03-12 14:15:00,40.16,40.16,40.115,40.115,5820
2026-03-12 14:20:00,40.11,40.11,40.09,40.11,7195
2026-03-12 14:25:00,40.1,40.11,40.095,40.1099,4274
2026-03-12 14:30:00,40.11,40.12,40.095,40.095,1715
2026-03-12 14:35:00,40.09,40.1,40.0798,40.095,13900
2026-03-12 14:40:00,40.085,40.0899,40.075,40.0899,1092
2026-03-12 14:45:00,40.08,40.08,40.07,40.07,1700
2026-03-12 14:50:00,40.1,40.1,40.08,40.08,4129
2026-03-12 14:55:00,40.09,40.09,40.06,40.06,4910
2026-03-12 15:00:00,40.06,40.09,40.045,40.065,11428
2026-03-12 15:05:00,40.065,40.09,40.06,40.0819,11426
2026-03-12 15:10:00,40.09,40.09,40.05,40.0716,5960
2026-03-12 15:15:00,40.08,40.1,40.0699,40.1,3606
2026-03-12 15:20:00,40.085,40.115,40.085,40.0899,3284
2026-03-12 15:25:00,40.1045,40.105,40.09,40.1,7281
2026-03-12 15:30:00,40.1163,40.135,40.11,40.1301,28050
2026-03-12 15:35:00,40.125,40.125,40.095,40.105,3754
2026-03-12 15:40:00,40.1,40.1,40.05,40.06,8490
2026-03-12 15:45:00,40.0599,40.0599,40.0267,40.04,20205
2026-03-12 15:50:00,40.04,40.08,39.99,40.01,132326
2026-03-12 15:55:00,40.025,40.04,39.99,40.0,71685
2026-03-12 16:00:00,40.0,40.0,39.99,39.99,30539
2026-03-12 16:10:00,40.0,40.0,40.0,40.0,1400
2026-03-12 16:15:00,40.02,40.02,40.02,40.02,1327
2026-03-13 08:00:00,40.26,40.26,40.21,40.21,881
2026-03-13 08:05:00,40.14,40.14,40.12,40.12,1150
2026-03-13 08:25:00,40.2305,40.2305,40.2305,40.2305,200
2026-03-13 09:30:00,40.15,40.225,40.15,40.21,31386
2026-03-13 09:35:00,40.2,40.25,40.17,40.24,15814
2026-03-13 09:40:00,40.24,40.33,40.24,40.33,20772
2026-03-13 09:45:00,40.33,40.34,40.29,40.3,33579
2026-03-13 09:50:00,40.285,40.315,40.27,40.31,22992
2026-03-13 09:55:00,40.31,40.32,40.255,40.255,22985
2026-03-13 10:00:00,40.26,40.2874,40.22,40.24,24792
2026-03-13 10:05:00,40.24,40.255,40.18,40.18,62251
2026-03-13 10:10:00,40.185,40.19,40.16,40.17,71225
2026-03-13 10:15:00,40.16,40.17,40.1,40.115,28472
2026-03-13 10:20:00,40.145,40.17,40.135,40.15,10123
2026-03-13 10:25:00,40.145,40.165,40.14,40.16,7530
2026-03-13 10:30:00,40.16,40.23,40.15,40.195,40888
2026-03-13 10:35:00,40.185,40.195,40.14,40.195,27420
2026-03-13 10:40:00,40.15,40.15,40.08,40.08,16125
2026-03-13 10:45:00,40.07,40.07,40.025,40.06,33516
2026-03-13 10:50:00,40.06,40.065,40.025,40.05,25758
2026-03-13 10:55:00,40.03,40.0399,39.94,39.95,67461
2026-03-13 11:00:00,39.96,39.975,39.92,39.94,54589
2026-03-13 11:05:00,39.95,40.0,39.94,40.0,30474
2026-03-13 11:10:00,40.01,40.04,39.9829,40.04,26596
2026-03-13 11:15:00,40.04,40.04,40.01,40.01,22175
2026-03-13 11:20:00,39.99,40.01,39.94,39.94,10377
2026-03-13 11:25:00,39.925,39.93,39.915,39.915,9668
2026-03-13 11:30:00,39.92,39.95,39.91,39.95,17292
2026-03-13 11:35:00,39.95,39.95,39.8799,39.92,37445
2026-03-13 11:40:00,39.92,39.92,39.8401,39.86,8109
2026-03-13 11:45:00,39.8675,39.945,39.84,39.895,126330
2026-03-13 11:50:00,39.9,39.9,39.84,39.87,23529
2026-03-13 11:55:00,39.87,39.87,39.84,39.86,27943
2026-03-13 12:00:00,39.85,39.89,39.85,39.88,31855
2026-03-13 12:05:00,39.88,39.915,39.86,39.9,6684
2026-03-13 12:10:00,39.91,39.93,39.8501,39.88,26033
2026-03-13 12:15:00,39.885,39.9,39.86,39.8759,25367
2026-03-13 12:20:00,39.87,39.915,39.865,39.89,12262
2026-03-13 12:25:00,39.885,39.905,39.86,39.905,2090
2026-03-13 12:30:00,39.91,39.93,39.89,39.89,13500
2026-03-13 12:35:00,39.89,39.945,39.89,39.9099,14854
2026-03-13 12:40:00,39.9,39.92,39.87,39.87,28529
2026-03-13 12:45:00,39.86,39.88,39.84,39.88,8918
2026-03-13 12:50:00,39.89,39.93,39.89,39.9251,42510
2026-03-13 12:55:00,39.93,39.93,39.85,39.85,56014
2026-03-13 13:00:00,39.85,39.86,39.84,39.85,28065
2026-03-13 13:05:00,39.85,39.885,39.835,39.87,41076
2026-03-13 13:10:00,39.885,39.92,39.85,39.92,21920
2026-03-13 13:15:00,39.9299,39.94,39.905,39.935,22379
2026-03-13 13:20:00,39.935,39.935,39.88,39.915,25843
2026-03-13 13:25:00,39.91,39.92,39.88,39.91,42157
2026-03-13 13:30:00,39.91,39.91,39.8798,39.885,37554
2026-03-13 13:35:00,39.89,39.9,39.8729,39.9,27595
2026-03-13 13:40:00,39.89,39.9,39.865,39.88,33301
2026-03-13 13:45:00,39.89,39.89,39.8,39.805,17953
2026-03-13 13:50:00,39.8,39.82,39.78,39.81,36621
2026-03-13 13:55:00,39.82,39.83,39.8,39.82,20588
2026-03-13 14:00:00,39.82,39.85,39.82,39.8466,31451
2026-03-13 14:05:00,39.845,39.8473,39.83,39.84,50393
2026-03-13 14:10:00,39.85,39.865,39.84,39.85,18793
2026-03-13 14:15:00,39.85,39.87,39.83,39.83,13800
2026-03-13 14:20:00,39.82,39.8384,39.81,39.8151,5045
2026-03-13 14:25:00,39.815,39.85,39.815,39.85,19785
2026-03-13 14:30:00,39.85,39.88,39.84,39.88,3332
2026-03-13 14:35:00,39.89,39.91,39.89,39.9065,10679
2026-03-13 14:40:00,39.9,39.92,39.895,39.915,24606
2026-03-13 14:45:00,39.92,39.93,39.905,39.93,20165
2026-03-13 14:50:00,39.925,39.94,39.91,39.92,31214
2026-03-13 14:55:00,39.92,39.92,39.9,39.9,19863
2026-03-13 15:00:00,39.9,39.905,39.87,39.87,15772
2026-03-13 15:05:00,39.86,39.87,39.85,39.87,24146
2026-03-13 15:10:00,39.875,39.89,39.865,39.87,22503
2026-03-13 15:15:00,39.87,39.88,39.865,39.87,38897
2026-03-13 15:20:00,39.87,39.87,39.82,39.83,17230
2026-03-13 15:25:00,39.82,39.82,39.8,39.8,28077
2026-03-13 15:30:00,39.8,39.84,39.8,39.81,42401
2026-03-13 15:35:00,39.805,39.81,39.77,39.77,14392
2026-03-13 15:40:00,39.77,39.77,39.745,39.76,14181
2026-03-13 15:45:00,39.76,39.7787,39.745,39.7787,50019
2026-03-13 15:50:00,39.775,39.795,39.76,39.78,62241
2026-03-13 15:55:00,39.78,39.805,39.78,39.8,95485
2026-03-13 16:00:00,39.79,39.79,39.79,39.79,12953
2026-03-13 16:45:00,40.225,40.225,40.225,40.225,100
2026-03-13 16:50:00,39.82,39.82,39.81,39.82,1800
2026-03-13 17:10:00,39.86,39.86,39.86,39.86,498
2026-03-13 17:30:00,39.86,39.86,39.86,39.86,140
2026-03-13 17:40:00,39.86,39.86,39.86,39.86,200
2026-03-16 08:20:00,40.01,40.01,40.01,40.01,100
2026-03-16 09:30:00,40.12,40.2099,40.12,40.185,15255
2026-03-16 09:35:00,40.19,40.2123,40.18,40.19,7174
2026-03-16 09:40:00,40.21,40.235,40.21,40.235,4608
2026-03-16 09:45:00,40.2985,40.3,40.25,40.25,5106
2026-03-16 09:50:00,40.2636,40.2636,40.2499,40.25,3849
2026-03-16 09:55:00,40.26,40.315,40.255,40.305,13132
2026-03-16 10:00:00,40.31,40.32,40.275,40.285,29285
2026-03-16 10:05:00,40.28,40.325,40.27,40.325,2717
2026-03-16 10:10:00,40.33,40.3451,40.3,40.315,8470
2026-03-16 10:15:00,40.31,40.3301,40.2938,40.31,16726
2026-03-16 10:20:00,40.3,40.34,40.3,40.32,6786
2026-03-16 10:25:00,40.32,40.33,40.285,40.285,11966
2026-03-16 10:30:00,40.28,40.28,40.24,40.24,6745
2026-03-16 10:35:00,40.225,40.2401,40.18,40.18,8762
2026-03-16 10:40:00,40.185,40.195,40.16,40.16,48985
2026-03-16 10:45:00,40.16,40.1899,40.14,40.155,23719
2026-03-16 10:50:00,40.14,40.2,40.14,40.2,12182
2026-03-16 10:55:00,40.2176,40.25,40.2,40.245,9868
2026-03-16 11:00:00,40.25,40.255,40.205,40.205,13347
2026-03-16 11:05:00,40.195,40.22,40.19,40.22,19281
2026-03-16 11:10:00,40.2299,40.23,40.19,40.23,23447
2026-03-16 11:15:00,40.2185,40.24,40.205,40.24,6618
2026-03-16 11:20:00,40.24,40.28,40.24,40.2764,6867
2026-03-16 11:25:00,40.26,40.28,40.26,40.26,2456
2026-03-16 11:30:00,40.275,40.2901,40.275,40.2901,2975
2026-03-16 11:35:00,40.3,40.3,40.28,40.28,3399
2026-03-16 11:40:00,40.2886,40.2886,40.26,40.28,8238
2026-03-16 11:45:00,40.265,40.28,40.26,40.275,9766
2026-03-16 11:50:00,40.266,40.266,40.2201,40.24,13725
2026-03-16 11:55:00,40.23,40.24,40.18,40.18,26440
2026-03-16 12:00:00,40.18,40.2,40.16,40.16,3196
2026-03-16 12:05:00,40.17,40.21,40.165,40.19,13506
2026-03-16 12:10:00,40.19,40.215,40.18,40.2,6625
2026-03-16 12:15:00,40.2,40.2087,40.19,40.195,18225
2026-03-16 12:20:00,40.185,40.185,40.12,40.12,26441
2026-03-16 12:25:00,40.11,40.13,40.105,40.12,4380
2026-03-16 12:30:00,40.115,40.14,40.11,40.1217,8528
2026-03-16 12:35:00,40.12,40.155,40.12,40.155,4697
2026-03-16 12:40:00,40.16,40.18,40.15,40.18,1900
2026-03-16 12:45:00,40.17,40.19,40.17,40.18,3200
2026-03-16 12:50:00,40.18,40.21,40.175,40.185,12290
2026-03-16 12:55:00,40.19,40.19,40.17,40.18,18703
2026-03-16 13:00:00,40.175,40.23,40.175,40.19,28898
2026-03-16 13:05:00,40.19,40.22,40.19,40.21,6803
2026-03-16 13:10:00,40.215,40.25,40.215,40.24,5830
2026-03-16 13:15:00,40.22,40.225,40.21,40.225,1120
2026-03-16 13:20:00,40.23,40.25,40.23,40.243,10502
2026-03-16 13:25:00,40.24,40.25,40.22,40.22,12194
2026-03-16 13:30:00,40.235,40.245,40.21,40.22,4200
2026-03-16 13:35:00,40.22,40.225,40.21,40.215,8375
2026-03-16 13:40:00,40.21,40.22,40.2,40.2,5794
2026-03-16 13:45:00,40.2,40.22,40.19,40.19,10064
2026-03-16 13:50:00,40.18,40.2,40.155,40.2,3974
2026-03-16 13:55:00,40.19,40.21,40.19,40.21,10011
2026-03-16 14:00:00,40.205,40.2248,40.2,40.2248,5551
2026-03-16 14:05:00,40.228,40.26,40.228,40.245,52310
2026-03-16 14:10:00,40.25,40.25,40.235,40.235,5034
2026-03-16 14:15:00,40.25,40.27,40.2499,40.27,6650
2026-03-16 14:20:00,40.26,40.27,40.2599,40.27,5827
2026-03-16 14:25:00,40.265,40.27,40.25,40.25,5917
2026-03-16 14:30:00,40.26,40.27,40.26,40.27,3850
2026-03-16 14:35:00,40.26,40.275,40.2599,40.275,1700
2026-03-16 14:40:00,40.27,40.2814,40.27,40.2814,5783
2026-03-16 14:45:00,40.28,40.285,40.275,40.275,863
2026-03-16 14:50:00,40.27,40.2799,40.2599,40.2694,4891
2026-03-16 14:55:00,40.26,40.26,40.245,40.2499,5803
2026-03-16 15:00:00,40.26,40.26,40.24,40.24,4440
2026-03-16 15:05:00,40.24,40.345,40.23,40.345,38056
2026-03-16 15:10:00,40.35,40.38,40.265,40.275,70497
2026-03-16 15:15:00,40.27,40.28,40.25,40.25,8240
2026-03-16 15:20:00,40.24,40.255,40.22,40.23,13938
2026-03-16 15:25:00,40.225,40.24,40.2,40.22,23925
2026-03-16 15:30:00,40.22,40.23,40.215,40.215,17286
2026-03-16 15:35:00,40.21,40.23,40.205,40.21,7236
2026-03-16 15:40:00,40.21,40.22,40.18,40.19,7366
2026-03-16 15:45:00,40.19,40.205,40.185,40.205,10972
2026-03-16 15:50:00,40.205,40.22,40.19,40.195,16391
2026-03-16 15:55:00,40.2,40.235,40.2,40.225,65741
2026-03-16 16:00:00,40.23,40.23,40.23,40.23,38608
2026-03-17 05:10:00,40.35,40.58,40.35,40.54,686
2026-03-17 07:00:00,40.31,40.31,40.31,40.31,120
2026-03-17 07:30:00,40.23,40.23,40.23,40.23,375
2026-03-17 07:50:00,40.23,40.23,40.23,40.23,125
2026-03-17 08:00:00,40.23,40.23,40.23,40.23,243
2026-03-17 09:30:00,40.4,40.48,40.395,40.47,5601
2026-03-17 09:35:00,40.485,40.4901,40.47,40.49,5110
2026-03-17 09:40:00,40.49,40.5,40.48,40.48,13912
2026-03-17 09:45:00,40.48,40.53,40.48,40.52,8195
2026-03-17 09:50:00,40.515,40.515,40.49,40.51,6961
2026-03-17 09:55:00,40.5049,40.51,40.485,40.485,15629
2026-03-17 10:00:00,40.49,40.49,40.45,40.45,12831
2026-03-17 10:05:00,40.47,40.4702,40.46,40.465,11895
2026-03-17 10:10:00,40.456,40.456,40.41,40.41,5585
2026-03-17 10:15:00,40.4,40.415,40.38,40.415,17174
2026-03-17 10:20:00,40.415,40.44,40.415,40.43,6103
2026-03-17 10:25:00,40.4,40.44,40.4,40.43,11601
2026-03-17 10:30:00,40.435,40.45,40.41,40.45,10594
2026-03-17 10:35:00,40.455,40.465,40.415,40.42,7584
2026-03-17 10:40:00,40.425,40.4699,40.4225,40.4699,1309
2026-03-17 10:45:00,40.46,40.474,40.46,40.474,2750
2026-03-17 10:50:00,40.47,40.47,40.45,40.455,3134
2026-03-17 10:55:00,40.46,40.47,40.45,40.45,4756
2026-03-17 11:00:00,40.46,40.465,40.43,40.43,9400
2026-03-17 11:05:00,40.42,40.42,40.385,40.385,2163
2026-03-17 11:10:00,40.38,40.4,40.38,40.38,6011
2026-03-17 11:15:00,40.4,40.4301,40.395,40.41,22806
2026-03-17 11:20:00,40.43,40.43,40.37,40.39,30638
2026-03-17 11:25:00,40.41,40.42,40.37,40.37,13520
2026-03-17 11:30:00,40.37,40.39,40.34,40.34,23138
2026-03-17 11:35:00,40.34,40.35,40.29,40.32,47063
2026-03-17 11:40:00,40.32,40.3433,40.31,40.3401,23541
2026-03-17 11:45:00,40.35,40.36,40.33,40.33,5891
2026-03-17 11:50:00,40.355,40.36,40.345,40.355,4284
2026-03-17 11:55:00,40.355,40.36,40.3224,40.34,17893
2026-03-17 12:00:00,40.33,40.33,40.3,40.3,5954
2026-03-17 12:05:00,40.315,40.3288,40.28,40.315,9732
2026-03-17 12:10:00,40.32,40.34,40.32,40.32,29038
2026-03-17 12:15:00,40.32,40.36,40.315,40.36,16715
2026-03-17 12:20:00,40.36,40.36,40.34,40.36,7000
2026-03-17 12:25:00,40.355,40.355,40.34,40.35,4130
2026-03-17 12:30:00,40.355,40.36,40.33,40.3386,3701
2026-03-17 12:35:00,40.35,40.36,40.3299,40.3299,20363
2026-03-17 12:40:00,40.33,40.3681,40.3201,40.3681,29319
2026-03-17 12:45:00,40.36,40.36,40.345,40.35,2570
2026-03-17 12:50:00,40.355,40.36,40.34,40.345,5150
2026-03-17 12:55:00,40.3423,40.3485,40.33,40.33,588
2026-03-17 13:00:00,40.334,40.39,40.334,40.38,13988
2026-03-17 13:05:00,40.38,40.385,40.37,40.38,12325
2026-03-17 13:10:00,40.38,40.38,40.35,40.36,9656
2026-03-17 13:15:00,40.365,40.37,40.35,40.37,3744
2026-03-17 13:20:00,40.3581,40.3601,40.34,40.3601,6857
2026-03-17 13:25:00,40.37,40.37,40.37,40.37,1382
2026-03-17 13:30:00,40.36,40.375,40.3599,40.3599,6736
2026-03-17 13:40:00,40.39,40.39,40.355,40.355,5795
2026-03-17 13:45:00,40.35,40.36,40.34,40.355,11518
2026-03-17 13:50:00,40.35,40.38,40.35,40.38,4543
2026-03-17 13:55:00,40.38,40.38,40.375,40.375,2474
2026-03-17 14:00:00,40.37,40.39,40.36,40.39,12700
2026-03-17 14:05:00,40.38,40.41,40.38,40.41,12230
2026-03-17 14:10:00,40.4001,40.405,40.39,40.39,1506
2026-03-17 14:15:00,40.385,40.39,40.385,40.3899,2955
2026-03-17 14:20:00,40.385,40.385,40.34,40.34,1310
2026-03-17 14:25:00,40.3399,40.3399,40.335,40.335,1600
2026-03-17 14:30:00,40.3399,40.345,40.325,40.34,8407
2026-03-17 14:35:00,40.345,40.35,40.33,40.345,12065
2026-03-17 14:40:00,40.34,40.34,40.325,40.3277,4200
2026-03-17 14:45:00,40.32,40.3451,40.32,40.3451,1412
2026-03-17 14:50:00,40.335,40.36,40.335,40.355,800
2026-03-17 14:55:00,40.3528,40.355,40.335,40.335,1614
2026-03-17 15:00:00,40.3373,40.3536,40.335,40.335,2376
2026-03-17 15:05:00,40.335,40.335,40.315,40.33,1775
2026-03-17 15:10:00,40.335,40.3451,40.335,40.335,3161
2026-03-17 15:15:00,40.36,40.36,40.36,40.36,2700
2026-03-17 15:20:00,40.35,40.3501,40.34,40.34,14491
2026-03-17 15:25:00,40.345,40.345,40.345,40.345,3394
2026-03-17 15:30:00,40.3499,40.36,40.336,40.3399,17119
2026-03-17 15:35:00,40.345,40.3499,40.3342,40.34,10186
2026-03-17 15:40:00,40.345,40.345,40.325,40.325,8822
2026-03-17 15:45:00,40.33,40.35,40.33,40.3433,10360
2026-03-17 15:50:00,40.35,40.35,40.31,40.34,26334
2026-03-17 15:55:00,40.34,40.34,40.305,40.33,32430
2026-03-17 16:00:00,40.32,40.32,40.32,40.32,13167
2026-03-17 16:30:00,40.32,40.32,40.32,40.32,100
2026-03-17 17:50:00,40.41,40.41,40.41,40.41,700
2026-03-17 17:55:00,40.41,40.41,40.41,40.41,600
2026-03-18 04:00:00,40.33,40.33,40.32,40.32,2128
2026-03-18 08:00:00,40.37,40.37,40.37,40.37,169
2026-03-18 08:15:00,40.33,40.33,40.33,40.33,2414
2026-03-18 08:30:00,40.32,40.32,40.32,40.32,1500
2026-03-18 08:45:00,40.18,40.18,40.18,40.18,400
2026-03-18 09:30:00,40.17,40.2,40.16,40.185,10395
2026-03-18 09:35:00,40.2,40.23,40.19,40.225,16087
2026-03-18 09:40:00,40.24,40.245,40.186,40.186,600
2026-03-18 09:45:00,40.2,40.24,40.2,40.24,4763
2026-03-18 09:50:00,40.22,40.23,40.184,40.2,3575
2026-03-18 09:55:00,40.2,40.22,40.175,40.22,43536
2026-03-18 10:00:00,40.225,40.225,40.155,40.2,17855
2026-03-18 10:05:00,40.175,40.23,40.17,40.21,4386
2026-03-18 10:10:00,40.1975,40.1975,40.115,40.115,9880
2026-03-18 10:15:00,40.115,40.125,40.115,40.12,811
2026-03-18 10:20:00,40.12,40.12,40.1199,40.12,3300
2026-03-18 10:25:00,40.105,40.105,40.02,40.025,17097
2026-03-18 10:30:00,40.04,40.075,40.04,40.05,4809
2026-03-18 10:35:00,40.045,40.055,40.0347,40.04,9705
2026-03-18 10:40:00,40.025,40.04,40.02,40.0299,6521
2026-03-18 10:45:00,40.03,40.045,40.0217,40.025,1778
2026-03-18 10:50:00,40.0377,40.0471,40.03,40.04,3211
2026-03-18 10:55:00,40.04,40.0577,40.04,40.0577,1250
2026-03-18 11:00:00,40.125,40.125,40.08,40.1,997
2026-03-18 11:05:00,40.12,40.1473,40.12,40.13,3792
2026-03-18 11:10:00,40.1345,40.14,40.13,40.13,2170
2026-03-18 11:15:00,40.13,40.13,40.12,40.125,8214
2026-03-18 11:20:00,40.0907,40.0907,40.064,40.09,2936
2026-03-18 11:25:00,40.1,40.105,40.095,40.095,1615
2026-03-18 11:30:00,40.095,40.125,40.09,40.12,4600
2026-03-18 11:35:00,40.1045,40.1201,40.1045,40.1201,10352
2026-03-18 11:40:00,40.11,40.1101,40.08,40.09,12548
2026-03-18 11:45:00,40.1,40.11,40.09,40.11,1870
2026-03-18 11:50:00,40.0845,40.11,40.0845,40.11,6924
2026-03-18 11:55:00,40.1,40.11,40.1,40.1,500
2026-03-18 12:00:00,40.09,40.09,40.065,40.075,1963
2026-03-18 12:05:00,40.075,40.09,40.0715,40.09,3282
2026-03-18 12:10:00,40.092,40.114,40.09,40.114,1102
2026-03-18 12:15:00,40.1,40.1,40.1,40.1,297
2026-03-18 12:20:00,40.1219,40.1219,40.11,40.11,1820
2026-03-18 12:25:00,40.11,40.11,40.095,40.0999,3921
2026-03-18 12:30:00,40.1,40.1056,40.055,40.055,22188
2026-03-18 12:35:00,40.05,40.08,40.04,40.0699,11610
2026-03-18 12:40:00,40.06,40.07,40.06,40.07,2650
2026-03-18 12:45:00,40.059,40.07,40.059,40.0699,2824
2026-03-18 12:50:00,40.06,40.0902,40.06,40.0902,806
2026-03-18 12:55:00,40.0999,40.0999,40.07,40.07,1947
2026-03-18 13:00:00,40.0501,40.0501,40.0347,40.0347,5582
2026-03-18 13:05:00,40.05,40.055,40.03,40.035,1215
2026-03-18 13:10:00,40.0351,40.0398,40.01,40.0103,11315
2026-03-18 13:15:00,40.0299,40.03,40.01,40.03,4029
2026-03-18 13:20:00,40.03,40.035,40.03,40.0328,3062
2026-03-18 13:25:00,40.03,40.03,40.0285,40.0285,2000
2026-03-18 13:30:00,40.03,40.03,39.9999,40.03,35676
2026-03-18 13:35:00,40.04,40.06,40.04,40.06,6750
2026-03-18 13:40:00,40.06,40.06,40.035,40.035,8549
2026-03-18 13:45:00,40.0485,40.07,40.04,40.055,5200
2026-03-18 13:50:00,40.04,40.06,40.04,40.06,6657
2026-03-18 13:55:00,40.055,40.085,40.055,40.085,3896
2026-03-18 14:00:00,40.11,40.11,40.06,40.1,13400
2026-03-18 14:05:00,40.09,40.09,40.06,40.07,6384
2026-03-18 14:10:00,40.06,40.07,40.0499,40.065,5524
2026-03-18 14:15:00,40.05,40.05,40.01,40.01,17312
2026-03-18 14:20:00,40.02,40.03,40.0,40.0,4149
2026-03-18 14:25:00,40.015,40.035,40.015,40.035,2005
2026-03-18 14:30:00,40.035,40.0403,39.965,39.966,11359
2026-03-18 14:35:00,39.97,40.03,39.97,39.97,20417
2026-03-18 14:40:00,39.96,39.99,39.95,39.98,18887
2026-03-18 14:45:00,39.97,39.97,39.95,39.9537,21472
2026-03-18 14:50:00,39.95,39.95,39.89,39.89,4119
2026-03-18 14:55:00,39.89,39.9,39.88,39.88,17034
2026-03-18 15:00:00,39.875,39.935,39.875,39.935,5906
2026-03-18 15:05:00,39.9393,39.95,39.9299,39.94,228181
2026-03-18 15:10:00,39.9399,39.9399,39.9,39.9197,15356
2026-03-18 15:15:00,39.915,39.92,39.88,39.88,8944
2026-03-18 15:20:00,39.8855,39.8855,39.8471,39.8471,12225
2026-03-18 15:25:00,39.855,39.87,39.845,39.86,2674
2026-03-18 15:30:00,39.8599,39.87,39.85,39.855,6953
2026-03-18 15:35:00,39.8485,39.8485,39.83,39.835,7903
2026-03-18 15:40:00,39.834,39.834,39.79,39.8,49973
2026-03-18 15:45:00,39.7906,39.805,39.78,39.79,19664
2026-03-18 15:50:00,39.8,39.81,39.78,39.79,22569
2026-03-18 15:55:00,39.79,39.795,39.755,39.77,83702
2026-03-18 16:00:00,39.76,39.76,39.76,39.76,18853
2026-03-18 16:05:00,39.9,39.9,39.9,39.9,500
2026-03-18 16:50:00,39.7,39.7,39.7,39.7,1000
2026-03-18 18:25:00,39.81,39.81,39.77,39.77,950
2026-03-18 18:50:00,39.85,39.85,39.83,39.83,392
2026-03-18 19:15:00,39.7805,39.7805,39.7805,39.7805,100
2026-03-19 05:05:00,39.81,39.81,39.65,39.65,5265
2026-03-19 05:10:00,39.63,39.65,39.58,39.58,1451
2026-03-19 07:05:00,39.8,39.8,39.8,39.8,100
2026-03-19 08:00:00,39.6004,39.852,39.52,39.7,8497
2026-03-19 08:15:00,39.66,39.66,39.65,39.65,1265
2026-03-19 08:25:00,39.61,39.61,39.58,39.58,1300
2026-03-19 08:45:00,39.52,39.52,39.52,39.52,100
2026-03-19 09:15:00,39.51,39.51,39.5,39.5,890
2026-03-19 09:30:00,39.49,39.5,39.38,39.41,60761
2026-03-19 09:35:00,39.41,39.47,39.4,39.47,31095
2026-03-19 09:40:00,39.435,39.52,39.435,39.51,15480
2026-03-19 09:45:00,39.51,39.54,39.47,39.535,23880
2026-03-19 09:50:00,39.585,39.6,39.56,39.6,4106
2026-03-19 09:55:00,39.58,39.58,39.545,39.56,12645
2026-03-19 10:00:00,39.58,39.61,39.58,39.58,19695
2026-03-19 10:05:00,39.58,39.6,39.555,39.56,25738
2026-03-19 10:10:00,39.56,39.6399,39.56,39.5899,27351
2026-03-19 10:15:00,39.56,39.57,39.515,39.5398,22622
2026-03-19 10:20:00,39.53,39.55,39.48,39.49,12836
2026-03-19 10:25:00,39.49,39.5,39.4399,39.45,9676
2026-03-19 10:30:00,39.46,39.58,39.455,39.58,9513
2026-03-19 10:35:00,39.58,39.6,39.4981,39.515,19799
2026-03-19 10:40:00,39.5,39.57,39.5,39.52,7479
2026-03-19 10:45:00,39.53,39.55,39.5,39.55,6287
2026-03-19 10:50:00,39.545,39.57,39.53,39.54,17230
2026-03-19 10:55:00,39.53,39.565,39.51,39.545,23740
2026-03-19 11:00:00,39.5401,39.575,39.52,39.575,14340
2026-03-19 11:05:00,39.59,39.65,39.58,39.58,13800
2026-03-19 11:10:00,39.5951,39.63,39.595,39.62,14160
2026-03-19 11:15:00,39.63,39.635,39.555,39.555,9692
2026-03-19 11:20:00,39.545,39.55,39.525,39.535,6839
2026-03-19 11:25:00,39.525,39.525,39.5085,39.52,4248
2026-03-19 11:30:00,39.53,39.53,39.475,39.475,11649
2026-03-19 11:35:00,39.48,39.49,39.46,39.47,6100
2026-03-19 11:40:00,39.48,39.5,39.465,39.49,16921
2026-03-19 11:45:00,39.4599,39.5,39.45,39.49,4215
2026-03-19 11:50:00,39.48,39.5,39.475,39.4797,2553
2026-03-19 11:55:00,39.475,39.54,39.475,39.54,32494
2026-03-19 12:00:00,39.54,39.6,39.52,39.58,7747
2026-03-19 12:05:00,39.57,39.61,39.57,39.575,8151
2026-03-19 12:10:00,39.57,39.57,39.535,39.55,4850
2026-03-19 12:15:00,39.545,39.545,39.515,39.53,6892
2026-03-19 12:20:00,39.52,39.54,39.4997,39.52,11712
2026-03-19 12:25:00,39.53,39.5599,39.52,39.556,8591
2026-03-19 12:30:00,39.5497,39.555,39.52,39.535,9587
2026-03-19 12:35:00,39.53,39.555,39.505,39.5499,6098
2026-03-19 12:40:00,39.55,39.59,39.55,39.56,14406
2026-03-19 12:45:00,39.565,39.565,39.53,39.54,3729
2026-03-19 12:50:00,39.524,39.53,39.475,39.495,6130
2026-03-19 12:55:00,39.495,39.505,39.485,39.5,4897
2026-03-19 13:00:00,39.5,39.5,39.47,39.47,4811
2026-03-19 13:05:00,39.46,39.47,39.42,39.425,10199
2026-03-19 13:10:00,39.42,39.44,39.41,39.41,9773
2026-03-19 13:15:00,39.42,39.48,39.41,39.48,35378
2026-03-19 13:20:00,39.48,39.51,39.47,39.51,6190
2026-03-19 13:25:00,39.5,39.515,39.5,39.5,6832
2026-03-19 13:30:00,39.505,39.52,39.48,39.49,5550
2026-03-19 13:35:00,39.4699,39.48,39.46,39.46,6044
2026-03-19 13:40:00,39.4499,39.476,39.44,39.47,26647
2026-03-19 13:45:00,39.465,39.48,39.46,39.47,12228
2026-03-19 13:50:00,39.47,39.545,39.47,39.545,28462
2026-03-19 13:55:00,39.54,39.54,39.51,39.51,19112
2026-03-19 14:00:00,39.51,39.51,39.475,39.48,11973
2026-03-19 14:05:00,39.48,39.52,39.475,39.51,10518
2026-03-19 14:10:00,39.52,39.585,39.52,39.575,12111
2026-03-19 14:15:00,39.5798,39.5798,39.54,39.54,3264
2026-03-19 14:20:00,39.57,39.57,39.545,39.545,2241
2026-03-19 14:25:00,39.54,39.55,39.51,39.51,12688
2026-03-19 14:30:00,39.5,39.5099,39.485,39.5,6594
2026-03-19 14:35:00,39.505,39.515,39.475,39.485,20217
2026-03-19 14:40:00,39.485,39.488,39.46,39.46,22573
2026-03-19 14:45:00,39.4651,39.48,39.455,39.4703,2479
2026-03-19 14:50:00,39.455,39.49,39.455,39.49,9914
2026-03-19 14:55:00,39.5,39.59,39.5,39.58,19814
2026-03-19 15:00:00,39.58,39.7059,39.58,39.685,24959
2026-03-19 15:05:00,39.71,39.835,39.71,39.78,81299
2026-03-19 15:10:00,39.77,39.82,39.72,39.77,37863
2026-03-19 15:15:00,39.78,39.8,39.745,39.78,53491
2026-03-19 15:20:00,39.77,39.77,39.71,39.71,14057
2026-03-19 15:25:00,39.71,39.71,39.655,39.68,25813
2026-03-19 15:30:00,39.68,39.7,39.66,39.67,15379
2026-03-19 15:35:00,39.67,39.68,39.62,39.67,20030
2026-03-19 15:40:00,39.68,39.7,39.67,39.685,13763
2026-03-19 15:45:00,39.68,39.69,39.66,39.66,20548
2026-03-19 15:50:00,39.67,39.68,39.645,39.66,33919
2026-03-19 15:55:00,39.655,39.675,39.645,39.65,44245
2026-03-19 16:00:00,39.64,39.64,39.64,39.64,5890
2026-03-19 19:00:00,40.0,40.0,40.0,40.0,100
2026-03-20 08:00:00,39.59,39.59,39.59,39.59,300
2026-03-20 09:30:00,39.57,39.57,39.5,39.5,7703
2026-03-20 09:35:00,39.47,39.495,39.46,39.46,8980
2026-03-20 09:40:00,39.46,39.53,39.46,39.5289,8620
2026-03-20 09:45:00,39.55,39.57,39.505,39.52,27892
2026-03-20 09:50:00,39.51,39.51,39.42,39.45,17427
2026-03-20 09:55:00,39.45,39.45,39.36,39.375,16585
2026-03-20 10:00:00,39.365,39.38,39.335,39.37,26272
2026-03-20 10:05:00,39.385,39.395,39.35,39.355,19543
2026-03-20 10:10:00,39.37,39.37,39.27,39.2727,48643
2026-03-20 10:15:00,39.28,39.325,39.28,39.2901,4561
2026-03-20 10:20:00,39.3,39.305,39.285,39.305,2956
2026-03-20 10:25:00,39.3,39.3,39.2799,39.285,3236
2026-03-20 10:30:00,39.295,39.35,39.295,39.35,12349
2026-03-20 10:35:00,39.3601,39.385,39.3,39.3,5517
2026-03-20 10:40:00,39.32,39.331,39.32,39.32,3665
2026-03-20 10:45:00,39.31,39.345,39.31,39.345,4090
2026-03-20 10:50:00,39.33,39.34,39.26,39.26,13172
2026-03-20 10:55:00,39.28,39.3299,39.28,39.31,6041
2026-03-20 11:00:00,39.32,39.36,39.28,39.28,20973
2026-03-20 11:05:00,39.3,39.3201,39.2897,39.295,4119
2026-03-20 11:10:00,39.315,39.37,39.315,39.37,6356
2026-03-20 11:15:00,39.355,39.3684,39.33,39.3467,1328
2026-03-20 11:20:00,39.3,39.41,39.295,39.365,34159
2026-03-20 11:25:00,39.33,39.33,39.28,39.3,9011
2026-03-20 11:30:00,39.3,39.32,39.2851,39.32,2759
2026-03-20 11:35:00,39.32,39.3401,39.3,39.33,16532
2026-03-20 11:40:00,39.31,39.345,39.31,39.34,6500
2026-03-20 11:45:00,39.335,39.34,39.31,39.325,6904
2026-03-20 11:50:00,39.32,39.35,39.31,39.35,3223
2026-03-20 11:55:00,39.35,39.365,39.34,39.365,1854
2026-03-20 12:00:00,39.36,39.3901,39.36,39.39,8656
2026-03-20 12:05:00,39.39,39.39,39.355,39.375,6284
2026-03-20 12:10:00,39.37,39.3801,39.37,39.375,7984
2026-03-20 12:15:00,39.375,39.39,39.36,39.39,4204
2026-03-20 12:20:00,39.4,39.41,39.39,39.395,2908
2026-03-20 12:25:00,39.39,39.39,39.36,39.36,7600
2026-03-20 12:30:00,39.355,39.355,39.3,39.33,7649
2026-03-20 12:35:00,39.325,39.34,39.31,39.325,13100
2026-03-20 12:40:00,39.325,39.34,39.32,39.325,15066
2026-03-20 12:45:00,39.325,39.33,39.3,39.32,16192
2026-03-20 12:50:00,39.33,39.34,39.3,39.34,19272
2026-03-20 12:55:00,39.36,39.38,39.34,39.34,11226
2026-03-20 13:00:00,39.35,39.365,39.35,39.36,8303
2026-03-20 13:05:00,39.37,39.375,39.31,39.36,50256
2026-03-20 13:10:00,39.35,39.35,39.34,39.34,5070
2026-03-20 13:15:00,39.35,39.35,39.33,39.335,3121
2026-03-20 13:20:00,39.335,39.3675,39.335,39.35,8172
2026-03-20 13:25:00,39.35,39.35,39.31,39.31,2412
2026-03-20 13:30:00,39.32,39.33,39.29,39.29,15283
2026-03-20 13:35:00,39.2901,39.305,39.255,39.3,14323
2026-03-20 13:40:00,39.315,39.32,39.3,39.3,12744
2026-03-20 13:45:00,39.305,39.305,39.27,39.2851,8735
2026-03-20 13:50:00,39.27,39.305,39.27,39.3,14587
2026-03-20 13:55:00,39.305,39.3072,39.295,39.295,6203
2026-03-20 14:00:00,39.3,39.3,39.28,39.28,3244
2026-03-20 14:05:00,39.275,39.29,39.27,39.28,10653
2026-03-20 14:10:00,39.265,39.27,39.265,39.27,1803
2026-03-20 14:15:00,39.27,39.2701,39.25,39.26,7355
2026-03-20 14:20:00,39.25,39.25,39.2,39.2098,20823
2026-03-20 14:25:00,39.22,39.22,39.21,39.21,2150
2026-03-20 14:30:00,39.22,39.22,39.205,39.205,400
2026-03-20 14:35:00,39.2,39.2,39.175,39.175,3575
2026-03-20 14:40:00,39.17,39.18,39.16,39.17,3546
2026-03-20 14:45:00,39.17,39.17,39.15,39.155,7794
2026-03-20 14:50:00,39.158,39.1634,39.15,39.1634,1819
2026-03-20 14:55:00,39.16,39.16,39.15,39.16,3800
2026-03-20 15:00:00,39.1591,39.1778,39.1591,39.16,4921
2026-03-20 15:05:00,39.15,39.1501,39.14,39.145,8147
2026-03-20 15:10:00,39.1401,39.145,39.125,39.135,31345
2026-03-20 15:15:00,39.145,39.1499,39.1345,39.1491,1863
2026-03-20 15:20:00,39.145,39.145,39.11,39.11,3630
2026-03-20 15:25:00,39.11,39.12,39.11,39.115,2805
2026-03-20 15:30:00,39.12,39.12,39.085,39.085,32818
2026-03-20 15:35:00,39.085,39.085,39.03,39.0471,23568
2026-03-20 15:40:00,39.05,39.0986,39.05,39.0986,34982
2026-03-20 15:45:00,39.085,39.105,39.07,39.09,135602
2026-03-20 15:50:00,39.0899,39.16,39.0899,39.16,36567
2026-03-20 15:55:00,39.1688,39.19,39.165,39.18,69540
2026-03-20 16:00:00,39.19,39.19,39.19,39.19,12176
2026-03-20 16:30:00,39.17,39.17,39.17,39.17,282
2026-03-20 19:10:00,39.5,39.5971,39.49,39.5971,2220
2026-03-23 04:00:00,38.8,38.85,38.8,38.85,700
2026-03-23 06:40:00,38.53,38.53,38.53,38.53,100
2026-03-23 07:00:00,38.63,38.63,38.63,38.63,1300
2026-03-23 07:05:00,38.79,38.8,38.79,38.8,3173
2026-03-23 07:30:00,39.06,39.49,39.06,39.49,2000
2026-03-23 07:40:00,39.26,39.26,39.18,39.18,900
2026-03-23 07:45:00,39.1,39.1,39.1,39.1,300
2026-03-23 08:00:00,39.1,39.2363,39.0,39.2363,1704
2026-03-23 08:55:00,39.21,39.21,39.21,39.21,336
2026-03-23 09:10:00,39.25,39.25,39.25,39.25,100
2026-03-23 09:15:00,39.15,39.15,39.0,39.0,200
2026-03-23 09:20:00,39.18,39.18,39.18,39.18,200
2026-03-23 09:25:00,39.19,39.19,39.19,39.19,907
2026-03-23 09:30:00,39.15,39.19,39.1,39.1182,35940
2026-03-23 09:35:00,39.12,39.15,39.09,39.15,79377
2026-03-23 09:40:00,39.15,39.19,39.115,39.15,102274
2026-03-23 09:45:00,39.13,39.155,39.1265,39.155,22315
2026-03-23 09:50:00,39.18,39.21,39.17,39.205,10312
2026-03-23 09:55:00,39.19,39.215,39.165,39.21,23606
2026-03-23 10:00:00,39.22,39.22,39.195,39.2,44013
2026-03-23 10:05:00,39.18,39.215,39.17,39.21,122161
2026-03-23 10:10:00,39.21,39.235,39.2,39.2201,96043
2026-03-23 10:15:00,39.23,39.25,39.2216,39.245,10360
2026-03-23 10:20:00,39.24,39.2799,39.24,39.27,10608
2026-03-23 10:25:00,39.26,39.27,39.23,39.25,22458
2026-03-23 10:30:00,39.24,39.245,39.22,39.225,16492
2026-03-23 10:35:00,39.2301,39.24,39.205,39.22,38281
2026-03-23 10:40:00,39.225,39.23,39.21,39.215,17438
2026-03-23 10:45:00,39.23,39.25,39.23,39.235,23635
2026-03-23 10:50:00,39.22,39.245,39.21,39.22,6049
2026-03-23 10:55:00,39.23,39.235,39.22,39.235,4920
2026-03-23 11:00:00,39.23,39.27,39.23,39.265,23508
2026-03-23 11:05:00,39.2601,39.265,39.255,39.265,3249
2026-03-23 11:10:00,39.255,39.2799,39.255,39.2599,16910
2026-03-23 11:15:00,39.2665,39.2665,39.25,39.25,3457
2026-03-23 11:20:00,39.25,39.26,39.23,39.26,6300
2026-03-23 11:25:00,39.2501,39.2501,39.22,39.23,12235
2026-03-23 11:30:00,39.23,39.235,39.215,39.2165,2481
2026-03-23 11:35:00,39.22,39.22,39.185,39.185,61613
2026-03-23 11:40:00,39.1816,39.2,39.165,39.17,11487
2026-03-23 11:45:00,39.1701,39.1701,39.15,39.16,24059
2026-03-23 11:50:00,39.15,39.16,39.105,39.12,161972
2026-03-23 11:55:00,39.11,39.11,39.06,39.06,36073
2026-03-23 12:00:00,39.06,39.095,39.06,39.08,38712
2026-03-23 12:05:00,39.075,39.105,39.06,39.09,51005
2026-03-23 12:10:00,39.09,39.12,39.085,39.1,22508
2026-03-23 12:15:00,39.1,39.1,39.06,39.075,7314
2026-03-23 12:20:00,39.07,39.07,39.05,39.055,13950
2026-03-23 12:25:00,39.03,39.04,39.0,39.0,15469
2026-03-23 12:30:00,39.01,39.04,39.01,39.04,22212
2026-03-23 12:35:00,39.06,39.07,39.05,39.06,12252
2026-03-23 12:40:00,39.055,39.07,39.055,39.07,32149
2026-03-23 12:45:00,39.075,39.09,39.0685,39.075,10429
2026-03-23 12:50:00,39.085,39.09,39.055,39.06,20681
2026-03-23 12:55:00,39.0615,39.07,39.04,39.055,22201
2026-03-23 13:00:00,39.06,39.07,39.045,39.045,12384
2026-03-23 13:05:00,39.04,39.075,39.04,39.075,9989
2026-03-23 13:10:00,39.075,39.075,39.05,39.05,17577
2026-03-23 13:15:00,39.05,39.0502,39.03,39.0401,14065
2026-03-23 13:20:00,39.04,39.04,39.02,39.0301,15777
2026-03-23 13:25:00,39.035,39.06,39.035,39.05,5195
2026-03-23 13:30:00,39.05,39.1099,39.05,39.105,29574
2026-03-23 13:35:00,39.11,39.14,39.11,39.135,67911
2026-03-23 13:40:00,39.125,39.1297,39.1,39.1,8579
2026-03-23 13:45:00,39.1,39.1,39.09,39.0997,542
2026-03-23 13:50:00,39.1199,39.12,39.115,39.115,2986
2026-03-23 13:55:00,39.13,39.14,39.13,39.14,9173
2026-03-23 14:00:00,39.145,39.15,39.14,39.15,2967
2026-03-23 14:05:00,39.14,39.145,39.1,39.13,185987
2026-03-23 14:10:00,39.14,39.145,39.13,39.13,8312
2026-03-23 14:15:00,39.13,39.135,39.1108,39.12,7413
2026-03-23 14:20:00,39.13,39.13,39.125,39.1299,11871
2026-03-23 14:25:00,39.13,39.135,39.12,39.12,5649
2026-03-23 14:30:00,39.124,39.16,39.124,39.16,4950
2026-03-23 14:35:00,39.16,39.19,39.145,39.16,105147
2026-03-23 14:40:00,39.1699,39.1699,39.15,39.155,7045
2026-03-23 14:45:00,39.1501,39.165,39.15,39.155,2616
2026-03-23 14:50:00,39.15,39.15,39.15,39.15,200
2026-03-23 14:55:00,39.1451,39.155,39.1451,39.155,1005
2026-03-23 15:00:00,39.145,39.1451,39.13,39.14,3337
2026-03-23 15:05:00,39.14,39.14,39.135,39.1351,5863
2026-03-23 15:10:00,39.14,39.14,39.125,39.125,1724
2026-03-23 15:15:00,39.125,39.13,39.1101,39.1102,14694
2026-03-23 15:20:00,39.11,39.115,39.11,39.115,3514
2026-03-23 15:25:00,39.115,39.12,39.1,39.11,5286
2026-03-23 15:30:00,39.105,39.11,39.1034,39.1034,1820
2026-03-23 15:35:00,39.105,39.12,39.1001,39.12,5146
2026-03-23 15:40:00,39.125,39.125,39.1103,39.12,13674
2026-03-23 15:45:00,39.1301,39.1401,39.125,39.125,9653
2026-03-23 15:50:00,39.1113,39.1113,39.105,39.105,5165
2026-03-23 15:55:00,39.11,39.11,39.055,39.055,139449
2026-03-23 16:00:00,39.06,39.06,39.06,39.06,24997
2026-03-23 16:05:00,39.0313,39.0313,39.0313,39.0313,500
2026-03-23 18:40:00,39.1466,39.15,39.1466,39.15,542
2026-03-23 19:25:00,39.09,39.09,39.0365,39.0365,288
2026-03-24 09:25:00,38.9,38.9,38.9,38.9,471
2026-03-24 09:30:00,38.93,38.98,38.905,38.98,38050
2026-03-24 09:35:00,38.99,38.99,38.935,38.94,108113
2026-03-24 09:40:00,38.925,38.935,38.885,38.91,46397
2026-03-24 09:45:00,38.91,38.93,38.9004,38.905,10447
2026-03-24 09:50:00,38.906,38.915,38.88,38.9,8975
2026-03-24 09:55:00,38.895,38.9499,38.895,38.9499,14282
2026-03-24 10:00:00,38.96,38.975,38.945,38.97,20451
2026-03-24 10:05:00,38.965,39.01,38.96,39.005,12240
2026-03-24 10:10:00,39.02,39.02,38.96,38.9999,14541
2026-03-24 10:15:00,38.98,38.99,38.965,38.99,2566
2026-03-24 10:20:00,38.97,38.975,38.97,38.975,12183
2026-03-24 10:25:00,38.97,39.0,38.965,38.995,3589
2026-03-24 10:30:00,38.995,39.015,38.99,39.015,2900
2026-03-24 10:35:00,39.015,39.015,38.985,38.99,7477
2026-03-24 10:40:00,38.99,39.025,38.99,39.01,5928
2026-03-24 10:45:00,39.005,39.04,39.0,39.0,6674
2026-03-24 10:50:00,38.9942,39.09,38.985,39.04,242842
2026-03-24 10:55:00,39.045,39.075,38.98,39.02,298741
2026-03-24 11:00:00,39.03,39.075,39.03,39.05,144479
2026-03-24 11:05:00,39.05,39.06,39.045,39.05,13356
2026-03-24 11:10:00,39.045,39.07,39.045,39.065,8460
2026-03-24 11:15:00,39.07,39.089,39.07,39.085,5551
2026-03-24 11:20:00,39.075,39.1,39.075,39.095,1277
2026-03-24 11:25:00,39.115,39.115,39.09,39.09,1174
2026-03-24 11:30:00,39.1,39.105,39.085,39.085,500
2026-03-24 11:35:00,39.0999,39.11,39.095,39.105,11066
2026-03-24 11:40:00,39.115,39.115,39.1001,39.105,2294
2026-03-24 11:45:00,39.1099,39.11,39.105,39.11,2672
2026-03-24 11:50:00,39.11,39.125,39.105,39.105,3852
2026-03-24 11:55:00,39.1078,39.1078,39.065,39.075,3274
2026-03-24 12:00:00,39.0543,39.0576,39.0501,39.055,5408
2026-03-24 12:05:00,39.04,39.0598,39.04,39.05,1597
2026-03-24 12:10:00,39.06,39.06,39.05,39.06,1083
2026-03-24 12:15:00,39.06,39.095,39.06,39.0877,4610
2026-03-24 12:20:00,39.085,39.09,39.08,39.09,3661
2026-03-24 12:25:00,39.09,39.09,39.08,39.085,8979
2026-03-24 12:30:00,39.09,39.09,39.085,39.085,1374
2026-03-24 12:35:00,39.05,39.05,39.03,39.035,18358
2026-03-24 12:40:00,39.03,39.0501,39.03,39.0501,3553
2026-03-24 12:45:00,39.07,39.07,39.0699,39.0699,300
2026-03-24 12:50:00,39.0509,39.07,39.0509,39.07,1832
2026-03-24 12:55:00,39.05,39.06,39.045,39.055,4814
2026-03-24 13:00:00,39.0559,39.0651,39.0233,39.035,8576
2026-03-24 13:05:00,39.01,39.01,38.985,39.0,22801
2026-03-24 13:10:00,38.9922,38.9922,38.98,38.98,2630
2026-03-24 13:15:00,38.98,38.9897,38.975,38.98,7330
2026-03-24 13:20:00,38.99,38.99,38.99,38.99,1323
2026-03-24 13:25:00,38.99,39.005,38.99,39.005,1703
2026-03-24 13:30:00,39.015,39.015,38.99,38.99,2990
2026-03-24 13:35:00,38.985,39.0,38.985,39.0,1660
2026-03-24 13:40:00,39.0,39.01,38.9798,38.9798,2100
2026-03-24 13:45:00,38.98,38.985,38.975,38.985,13400
2026-03-24 13:50:00,38.99,39.015,38.985,39.0,7425
2026-03-24 13:55:00,39.01,39.035,39.01,39.03,42197
2026-03-24 14:00:00,39.035,39.06,39.03,39.04,2485
2026-03-24 14:05:00,39.04,39.045,39.03,39.03,993
2026-03-24 14:10:00,39.0282,39.0282,39.025,39.025,644
2026-03-24 14:15:00,39.02,39.03,39.015,39.03,7155
2026-03-24 14:20:00,39.04,39.04,39.0278,39.03,2083
2026-03-24 14:25:00,39.0301,39.04,39.0301,39.04,862
2026-03-24 14:30:00,39.08,39.08,39.05,39.06,3359
2026-03-24 14:35:00,39.07,39.1,39.07,39.1,18491
2026-03-24 14:40:00,39.105,39.105,39.06,39.0641,16963
2026-03-24 14:45:00,39.0699,39.0699,39.05,39.05,954
2026-03-24 14:50:00,39.055,39.065,39.055,39.055,2430
2026-03-24 14:55:00,39.05,39.0597,39.045,39.0597,1439
2026-03-24 15:00:00,39.07,39.0778,39.06,39.065,893
2026-03-24 15:05:00,39.06,39.07,39.0599,39.07,1916
2026-03-24 15:10:00,39.07,39.08,39.07,39.08,4961
2026-03-24 15:15:00,39.0899,39.0899,39.0659,39.075,7838
2026-03-24 15:20:00,39.065,39.07,39.06,39.07,4578
2026-03-24 15:25:00,39.065,39.065,39.05,39.05,3121
2026-03-24 15:30:00,39.04,39.06,39.04,39.04,5274
2026-03-24 15:35:00,39.03,39.04,39.03,39.0301,2554
2026-03-24 15:40:00,39.035,39.045,39.0301,39.035,1436
2026-03-24 15:45:00,39.0299,39.0299,39.01,39.025,12934
2026-03-24 15:50:00,39.02,39.025,38.995,38.995,14131
2026-03-24 15:55:00,38.99,39.01,38.99,39.0,31403
2026-03-24 16:00:00,39.01,39.01,39.01,39.01,16335
2026-03-24 16:30:00,39.4243,39.4243,39.4243,39.4243,120
2026-03-24 16:45:00,39.11,39.11,39.11,39.11,100
2026-03-24 18:10:00,39.4314,39.4314,39.4314,39.4314,250
2026-03-24 19:00:00,39.22,39.22,39.22,39.22,100
2026-03-24 19:35:00,39.2,39.2,39.2,39.2,498
2026-03-25 05:50:00,39.3,39.3,39.3,39.3,1782
2026-03-25 08:00:00,39.26,39.26,39.22,39.22,900
2026-03-25 08:05:00,39.23,39.25,39.22,39.22,3583
2026-03-25 08:15:00,39.29,39.29,39.18,39.19,1781
2026-03-25 08:20:00,39.15,39.274,39.14,39.274,2100
2026-03-25 09:25:00,39.25,39.25,39.25,39.25,1519
2026-03-25 09:30:00,39.19,39.23,39.19,39.2059,15476
2026-03-25 09:35:00,39.21,39.245,39.21,39.22,11502
2026-03-25 09:40:00,39.225,39.24,39.19,39.19,5043
2026-03-25 09:45:00,39.19,39.19,39.16,39.16,3552
2026-03-25 09:50:00,39.15,39.15,39.12,39.12,7371
2026-03-25 09:55:00,39.13,39.145,39.12,39.12,7127
2026-03-25 10:00:00,39.11,39.14,39.09,39.13,6541
2026-03-25 10:05:00,39.15,39.155,39.125,39.15,3329
2026-03-25 10:10:00,39.14,39.18,39.14,39.18,2864
2026-03-25 10:15:00,39.18,39.185,39.165,39.165,2127
2026-03-25 10:20:00,39.18,39.19,39.16,39.16,5773
2026-03-25 10:25:00,39.16,39.205,39.16,39.18,38765
2026-03-25 10:30:00,39.18,39.2,39.17,39.2,9832
2026-03-25 10:35:00,39.2,39.21,39.175,39.18,15741
2026-03-25 10:40:00,39.1801,39.21,39.18,39.1981,30242
2026-03-25 10:45:00,39.19,39.21,39.19,39.21,21643
2026-03-25 10:50:00,39.21,39.215,39.205,39.21,5071
2026-03-25 10:55:00,39.205,39.21,39.2,39.2,4165
2026-03-25 11:00:00,39.2,39.21,39.1901,39.205,19509
2026-03-25 11:05:00,39.2001,39.205,39.14,39.14,17302
2026-03-25 11:10:00,39.15,39.155,39.125,39.135,42147
2026-03-25 11:15:00,39.14,39.14,39.0632,39.0769,20063
2026-03-25 11:20:00,39.095,39.15,39.0932,39.14,16779
2026-03-25 11:25:00,39.1499,39.17,39.14,39.17,3239
2026-03-25 11:30:00,39.17,39.185,39.16,39.17,3732
2026-03-25 11:35:00,39.17,39.17,39.15,39.15,390
2026-03-25 11:40:00,39.14,39.14,39.1144,39.1351,3495
2026-03-25 11:45:00,39.135,39.135,39.12,39.125,1572
2026-03-25 11:50:00,39.14,39.14,39.1201,39.13,5715
2026-03-25 11:55:00,39.14,39.15,39.13,39.14,6246
2026-03-25 12:00:00,39.14,39.145,39.125,39.125,37639
2026-03-25 12:05:00,39.12,39.135,39.115,39.13,4786
2026-03-25 12:10:00,39.1201,39.13,39.12,39.125,3331
2026-03-25 12:15:00,39.12,39.13,39.1143,39.115,8924
2026-03-25 12:20:00,39.13,39.165,39.12,39.16,13949
2026-03-25 12:25:00,39.16,39.175,39.1443,39.155,129998
2026-03-25 12:30:00,39.15,39.175,39.15,39.175,1751
2026-03-25 12:35:00,39.17,39.175,39.165,39.165,738
2026-03-25 12:40:00,39.1701,39.175,39.1643,39.1643,8613
2026-03-25 12:45:00,39.17,39.17,39.1541,39.1541,1919
2026-03-25 12:50:00,39.155,39.17,39.15,39.17,9481
2026-03-25 12:55:00,39.175,39.1783,39.165,39.165,7537
2026-03-25 13:00:00,39.165,39.185,39.16,39.165,99792
2026-03-25 13:05:00,39.15,39.16,39.15,39.16,2628
2026-03-25 13:10:00,39.15,39.165,39.1499,39.165,31006
2026-03-25 13:15:00,39.16,39.16,39.145,39.16,28601
2026-03-25 13:20:00,39.165,39.18,39.165,39.165,14147
2026-03-25 13:25:00,39.175,39.18,39.175,39.175,2643
2026-03-25 13:30:00,39.175,39.19,39.1643,39.19,2906
2026-03-25 13:35:00,39.19,39.1999,39.19,39.19,1876
2026-03-25 13:40:00,39.2,39.21,39.19,39.21,15721
2026-03-25 13:45:00,39.2,39.2,39.185,39.185,2692
2026-03-25 13:50:00,39.18,39.2,39.165,39.165,22348
2026-03-25 13:55:00,39.17,39.2,39.17,39.18,54744
2026-03-25 14:00:00,39.18,39.18,39.1699,39.1699,1948
2026-03-25 14:05:00,39.185,39.185,39.175,39.18,3714
2026-03-25 14:10:00,39.18,39.19,39.18,39.185,4615
2026-03-25 14:15:00,39.185,39.195,39.185,39.19,18031
2026-03-25 14:20:00,39.185,39.185,39.185,39.185,3318
2026-03-25 14:25:00,39.18,39.18,39.175,39.175,405
2026-03-25 14:30:00,39.18,39.18,39.1754,39.18,1300
2026-03-25 14:35:00,39.175,39.1798,39.1714,39.1797,1520
2026-03-25 14:40:00,39.17,39.175,39.165,39.17,4560
2026-03-25 14:45:00,39.17,39.17,39.165,39.165,7140
2026-03-25 14:50:00,39.165,39.17,39.16,39.1641,3366
2026-03-25 14:55:00,39.165,39.165,39.12,39.14,26950
2026-03-25 15:00:00,39.135,39.135,39.115,39.1299,8401
2026-03-25 15:05:00,39.125,39.13,39.125,39.125,3448
2026-03-25 15:10:00,39.125,39.13,39.125,39.13,969
2026-03-25 15:15:00,39.145,39.155,39.14,39.15,6780
2026-03-25 15:20:00,39.155,39.165,39.155,39.155,5932
2026-03-25 15:25:00,39.16,39.16,39.1401,39.155,9567
2026-03-25 15:30:00,39.15,39.15,39.135,39.135,4268
2026-03-25 15:35:00,39.14,39.14,39.135,39.135,853
2026-03-25 15:40:00,39.14,39.15,39.14,39.14,5374
2026-03-25 15:45:00,39.135,39.14,39.13,39.14,2806
2026-03-25 15:50:00,39.145,39.155,39.1415,39.15,22584
2026-03-25 15:55:00,39.155,39.155,39.14,39.14,6672
2026-03-25 16:00:00,39.15,39.15,39.143,39.143,9463
2026-03-26 09:25:00,38.96,38.96,38.95,38.95,2888
2026-03-26 09:30:00,38.99,38.99,38.97,38.98,34594
2026-03-26 09:35:00,38.99,38.99,38.96,38.96,13817
2026-03-26 09:40:00,38.965,39.0028,38.965,39.0028,6000
2026-03-26 09:45:00,39.035,39.05,39.03,39.05,13997
2026-03-26 09:50:00,39.04,39.07,39.035,39.065,15466
2026-03-26 09:55:00,39.055,39.07,39.04,39.07,5970
2026-03-26 10:00:00,39.07,39.07,39.045,39.05,6062
2026-03-26 10:05:00,39.045,39.0757,39.04,39.0599,24688
2026-03-26 10:10:00,39.05,39.065,39.05,39.065,5386
2026-03-26 10:15:00,39.075,39.085,39.065,39.065,4619
2026-03-26 10:20:00,39.055,39.075,39.055,39.075,687
2026-03-26 10:25:00,39.07,39.075,39.0692,39.0692,516
2026-03-26 10:30:00,39.07,39.08,39.07,39.0701,2207
2026-03-26 10:35:00,39.08,39.08,39.0499,39.06,12048
2026-03-26 10:40:00,39.06,39.09,39.015,39.015,35781
2026-03-26 10:45:00,39.0243,39.035,39.01,39.01,4310
2026-03-26 10:50:00,39.02,39.025,38.99,38.99,9588
2026-03-26 10:55:00,38.98,39.005,38.98,39.0,11000
2026-03-26 11:00:00,39.01,39.02,39.01,39.015,15859
2026-03-26 11:05:00,39.015,39.03,39.01,39.0144,49887
2026-03-26 11:10:00,39.02,39.02,39.015,39.015,6338
2026-03-26 11:15:00,39.015,39.015,38.9998,38.9998,7320
2026-03-26 11:20:00,39.0,39.015,39.0,39.005,11532
2026-03-26 11:25:00,39.0001,39.005,38.99,38.99,12252
2026-03-26 11:30:00,38.9925,38.9925,38.97,38.9801,42416
2026-03-26 11:35:00,38.98,38.995,38.98,38.99,11702
2026-03-26 11:40:00,38.99,38.9901,38.98,38.98,37513
2026-03-26 11:45:00,38.98,39.015,38.98,39.0,21791
2026-03-26 11:50:00,39.005,39.015,39.0,39.01,14671
2026-03-26 11:55:00,39.01,39.01,38.995,39.0015,9699
2026-03-26 12:00:00,39.0,39.0,38.985,38.985,2530
2026-03-26 12:05:00,38.99,39.0,38.985,39.0,9002
2026-03-26 12:10:00,38.99,38.995,38.98,38.995,2707
2026-03-26 12:15:00,38.99,38.995,38.95,38.97,5949
2026-03-26 12:20:00,38.965,38.965,38.94,38.95,6010
2026-03-26 12:25:00,38.96,38.96,38.925,38.925,9612
2026-03-26 12:30:00,38.92,38.9299,38.905,38.9299,8279
2026-03-26 12:35:00,38.925,38.93,38.915,38.915,7346
2026-03-26 12:40:00,38.915,38.935,38.915,38.935,6124
2026-03-26 12:45:00,38.9242,38.93,38.915,38.915,6822
2026-03-26 12:50:00,38.915,38.93,38.915,38.93,6553
2026-03-26 12:55:00,38.93,38.935,38.93,38.935,8420
2026-03-26 13:00:00,38.94,38.955,38.94,38.94,2237
2026-03-26 13:05:00,38.94,38.94,38.94,38.94,100
2026-03-26 13:10:00,38.93,38.93,38.9201,38.9201,1709
2026-03-26 13:15:00,38.9224,38.9224,38.9199,38.9199,361
2026-03-26 13:20:00,38.915,38.915,38.89,38.89,7406
2026-03-26 13:25:00,38.89,38.89,38.88,38.885,1029
2026-03-26 13:30:00,38.9,38.9199,38.9,38.915,14513
2026-03-26 13:35:00,38.91,38.915,38.9,38.9,13505
2026-03-26 13:40:00,38.895,38.895,38.88,38.88,2335
2026-03-26 13:45:00,38.88,38.88,38.86,38.87,35194
2026-03-26 13:50:00,38.865,38.865,38.85,38.85,23403
2026-03-26 13:55:00,38.855,38.855,38.84,38.84,7708
2026-03-26 14:00:00,38.84,38.86,38.84,38.85,18118
2026-03-26 14:05:00,38.86,38.86,38.84,38.857,14347
2026-03-26 14:10:00,38.8599,38.86,38.85,38.851,30027
2026-03-26 14:15:00,38.845,38.85,38.8403,38.85,1113
2026-03-26 14:20:00,38.845,38.855,38.835,38.855,1255
2026-03-26 14:25:00,38.855,38.855,38.845,38.845,500
2026-03-26 14:30:00,38.845,38.8551,38.8429,38.8551,6856
2026-03-26 14:35:00,38.86,38.87,38.855,38.87,757
2026-03-26 14:40:00,38.875,38.875,38.86,38.86,539
2026-03-26 14:45:00,38.855,38.875,38.855,38.8655,2455
2026-03-26 14:50:00,38.87,38.8802,38.87,38.8802,8131
2026-03-26 14:55:00,38.88,38.88,38.8622,38.8677,11103
2026-03-26 15:00:00,38.86,38.86,38.845,38.85,1960
2026-03-26 15:05:00,38.8401,38.8401,38.835,38.835,585
2026-03-26 15:10:00,38.83,38.83,38.81,38.8142,24553
2026-03-26 15:15:00,38.83,38.8385,38.825,38.835,2270
2026-03-26 15:20:00,38.835,38.835,38.8202,38.825,21111
2026-03-26 15:25:00,38.82,38.82,38.81,38.81,3881
2026-03-26 15:30:00,38.8199,38.8199,38.7901,38.795,8409
2026-03-26 15:35:00,38.8,38.815,38.795,38.795,23343
2026-03-26 15:40:00,38.795,38.8099,38.79,38.7972,39977
2026-03-26 15:45:00,38.795,38.8,38.79,38.8,5071
2026-03-26 15:50:00,38.82,38.82,38.79,38.79,26741
2026-03-26 15:55:00,38.7823,38.805,38.77,38.77,79864
2026-03-26 16:00:00,38.78,38.78,38.78,38.78,14599
2026-03-26 16:05:00,38.79,38.79,38.79,38.79,100
2026-03-26 16:10:00,38.8,39.32,38.8,39.02,1456
2026-03-27 05:05:00,38.94,38.94,38.88,38.88,300
2026-03-27 05:45:00,38.94,38.94,38.93,38.93,200
2026-03-27 06:10:00,38.94,38.94,38.88,38.88,300
2026-03-27 06:35:00,38.84,38.84,38.83,38.83,600
2026-03-27 06:40:00,38.78,38.78,38.78,38.78,133
2026-03-27 07:00:00,38.79,38.79,38.79,38.79,200
2026-03-27 08:00:00,39.03,39.03,39.03,39.03,151
2026-03-27 08:10:00,38.69,38.69,38.69,38.69,100
2026-03-27 08:25:00,38.7,38.7,38.7,38.7,2302
2026-03-27 08:35:00,38.68,38.68,38.68,38.68,200
2026-03-27 08:50:00,38.6892,38.6892,38.6892,38.6892,500
2026-03-27 08:55:00,38.67,38.67,38.6626,38.6627,1000
2026-03-27 09:05:00,38.65,38.65,38.65,38.65,100
2026-03-27 09:10:00,38.64,38.64,38.64,38.64,434
2026-03-27 09:20:00,38.62,38.67,38.62,38.67,810
2026-03-27 09:25:00,38.68,38.68,38.68,38.68,258
2026-03-27 09:30:00,38.64,38.695,38.61,38.61,37709
2026-03-27 09:35:00,38.605,38.625,38.5799,38.625,22061
2026-03-27 09:40:00,38.615,38.64,38.6118,38.64,12323
2026-03-27 09:45:00,38.635,38.695,38.635,38.68,9435
2026-03-27 09:50:00,38.68,38.68,38.6,38.6,22465
2026-03-27 09:55:00,38.575,38.575,38.53,38.555,11261
2026-03-27 10:00:00,38.55,38.58,38.545,38.575,11679
2026-03-27 10:05:00,38.58,38.58,38.545,38.545,4510
2026-03-27 10:10:00,38.55,38.5963,38.55,38.59,15053
2026-03-27 10:15:00,38.6,38.63,38.6,38.625,4324
2026-03-27 10:20:00,38.63,38.635,38.585,38.585,26982
2026-03-27 10:25:00,38.595,38.61,38.56,38.56,34054
2026-03-27 10:30:00,38.5686,38.5899,38.565,38.5899,6077
2026-03-27 10:35:00,38.585,38.585,38.555,38.555,5450
2026-03-27 10:40:00,38.565,38.57,38.5501,38.5599,4421
2026-03-27 10:45:00,38.57,38.59,38.54,38.59,11293
2026-03-27 10:50:00,38.61,38.625,38.59,38.59,4597
2026-03-27 10:55:00,38.61,38.62,38.61,38.6188,5347
2026-03-27 11:00:00,38.62,38.625,38.62,38.625,5150
2026-03-27 11:05:00,38.645,38.6451,38.615,38.615,2102
2026-03-27 11:10:00,38.615,38.62,38.605,38.62,1071
2026-03-27 11:15:00,38.6,38.6,38.585,38.585,7411
2026-03-27 11:20:00,38.585,38.67,38.575,38.62,21792
2026-03-27 11:25:00,38.63,38.655,38.63,38.64,14472
2026-03-27 11:30:00,38.655,38.685,38.655,38.685,400
2026-03-27 11:35:00,38.685,38.6901,38.6676,38.6676,2412
2026-03-27 11:40:00,38.66,38.66,38.64,38.645,4519
2026-03-27 11:45:00,38.65,38.66,38.6401,38.66,800
2026-03-27 11:50:00,38.665,38.665,38.65,38.655,496
2026-03-27 11:55:00,38.655,38.655,38.625,38.63,9240
2026-03-27 12:00:00,38.63,38.63,38.61,38.6105,4769
2026-03-27 12:05:00,38.615,38.615,38.59,38.59,2069
2026-03-27 12:10:00,38.58,38.59,38.575,38.59,11590
2026-03-27 12:15:00,38.595,38.595,38.575,38.585,8461
2026-03-27 12:20:00,38.5824,38.595,38.58,38.58,6300
2026-03-27 12:25:00,38.57,38.57,38.56,38.565,4224
2026-03-27 12:30:00,38.5601,38.565,38.5601,38.565,552
2026-03-27 12:35:00,38.55,38.55,38.55,38.55,21093
2026-03-27 12:40:00,38.5499,38.57,38.5499,38.56,10767
2026-03-27 12:45:00,38.5741,38.59,38.5741,38.59,16057
2026-03-27 12:50:00,38.6,38.6,38.57,38.5701,2319
2026-03-27 12:55:00,38.575,38.575,38.575,38.575,400
2026-03-27 13:00:00,38.555,38.56,38.55,38.55,4002
2026-03-27 13:05:00,38.5599,38.61,38.55,38.575,107578
2026-03-27 13:10:00,38.565,38.565,38.545,38.545,5584
2026-03-27 13:15:00,38.5501,38.5501,38.525,38.535,2197
2026-03-27 13:20:00,38.52,38.52,38.515,38.515,3903
2026-03-27 13:25:00,38.51,38.51,38.48,38.48,31635
2026-03-27 13:30:00,38.47,38.485,38.47,38.485,5797
2026-03-27 13:35:00,38.485,38.4899,38.485,38.4856,1671
2026-03-27 13:40:00,38.4743,38.4743,38.455,38.455,1172
2026-03-27 13:45:00,38.465,38.465,38.46,38.46,534
2026-03-27 13:50:00,38.46,38.4699,38.45,38.4501,5700
2026-03-27 13:55:00,38.455,38.455,38.435,38.44,4210
2026-03-27 14:00:00,38.45,38.45,38.43,38.43,7480
2026-03-27 14:05:00,38.4251,38.43,38.415,38.415,4446
2026-03-27 14:10:00,38.41,38.41,38.39,38.4,75987
2026-03-27 14:15:00,38.405,38.425,38.405,38.425,4341
2026-03-27 14:20:00,38.425,38.425,38.42,38.42,306
2026-03-27 14:25:00,38.415,38.42,38.415,38.415,3475
2026-03-27 14:30:00,38.415,38.42,38.415,38.415,640
2026-03-27 14:35:00,38.41,38.425,38.41,38.425,6837
2026-03-27 14:40:00,38.41,38.45,38.41,38.4299,10992
2026-03-27 14:45:00,38.4201,38.4201,38.4101,38.4101,3594
2026-03-27 14:50:00,38.415,38.42,38.395,38.395,3799
2026-03-27 14:55:00,38.395,38.405,38.39,38.39,25423
2026-03-27 15:00:00,38.4,38.4,38.37,38.37,8367
2026-03-27 15:05:00,38.375,38.375,38.365,38.365,6506
2026-03-27 15:10:00,38.3684,38.38,38.365,38.38,7173
2026-03-27 15:15:00,38.39,38.415,38.385,38.405,32011
2026-03-27 15:20:00,38.4,38.405,38.3861,38.4,8413
2026-03-27 15:25:00,38.4,38.4,38.385,38.385,3206
2026-03-27 15:30:00,38.38,38.4,38.38,38.4,7772
2026-03-27 15:35:00,38.4,38.4,38.3835,38.3874,2642
2026-03-27 15:40:00,38.38,38.38,38.35,38.355,4782
2026-03-27 15:45:00,38.3599,38.3599,38.32,38.335,17343
2026-03-27 15:50:00,38.34,38.3599,38.31,38.355,30329
2026-03-27 15:55:00,38.355,38.395,38.355,38.37,49374
2026-03-27 16:00:00,38.36,38.36,38.36,38.36,9478
2026-03-27 16:15:00,38.34,38.34,38.33,38.33,400
2026-03-27 16:20:00,38.37,38.37,38.37,38.37,400
2026-03-27 16:35:00,38.25,38.25,38.25,38.25,200
2026-03-27 16:40:00,38.3,38.3,38.3,38.3,441
2026-03-27 17:15:00,38.31,38.31,38.31,38.31,500
2026-03-27 17:55:00,38.7451,38.7451,38.7451,38.7451,1000
2026-03-27 18:05:00,38.38,38.38,38.38,38.38,741
2026-03-27 18:10:00,38.45,38.45,38.45,38.45,1000
2026-03-27 19:15:00,38.39,38.39,38.39,38.39,100
2026-03-27 19:45:00,38.3714,38.3714,38.3714,38.3714,100
2026-03-30 04:00:00,38.47,38.47,38.47,38.47,409
2026-03-30 07:00:00,38.42,38.42,38.41,38.42,933
2026-03-30 08:30:00,38.69,38.69,38.69,38.69,200
2026-03-30 08:35:00,38.66,38.66,38.56,38.56,900
2026-03-30 09:25:00,38.65,38.7,38.65,38.7,3086
2026-03-30 09:30:00,38.63,38.7,38.63,38.6501,52242
2026-03-30 09:35:00,38.6184,38.6184,38.5799,38.58,27138
2026-03-30 09:40:00,38.56,38.56,38.54,38.56,3074
2026-03-30 09:45:00,38.545,38.55,38.49,38.5,9674
2026-03-30 09:50:00,38.49,38.51,38.47,38.47,50198
2026-03-30 09:55:00,38.475,38.475,38.43,38.45,15677
2026-03-30 10:00:00,38.45,38.51,38.45,38.51,13440
2026-03-30 10:05:00,38.5093,38.51,38.475,38.51,14592
2026-03-30 10:10:00,38.51,38.535,38.5,38.5303,10287
2026-03-30 10:15:00,38.525,38.525,38.5,38.5,929
2026-03-30 10:20:00,38.52,38.53,38.515,38.515,15868
2026-03-30 10:25:00,38.52,38.52,38.495,38.5,9003
2026-03-30 10:30:00,38.5234,38.53,38.51,38.51,5647
2026-03-30 10:35:00,38.51,38.51,38.48,38.505,19192
2026-03-30 10:40:00,38.52,38.52,38.455,38.47,17149
2026-03-30 10:45:00,38.465,38.545,38.465,38.5,23371
2026-03-30 10:50:00,38.5,38.52,38.48,38.515,42991
2026-03-30 10:55:00,38.5,38.565,38.5,38.56,37131
2026-03-30 11:00:00,38.57,38.6,38.57,38.6,6316
2026-03-30 11:05:00,38.62,38.625,38.54,38.55,25777
2026-03-30 11:10:00,38.56,38.56,38.53,38.53,14610
2026-03-30 11:15:00,38.53,38.53,38.5,38.505,35082
2026-03-30 11:20:00,38.53,38.545,38.525,38.54,3123
2026-03-30 11:25:00,38.5499,38.55,38.54,38.54,3923
2026-03-30 11:30:00,38.53,38.57,38.51,38.57,7921
2026-03-30 11:35:00,38.58,38.6,38.56,38.57,16290
2026-03-30 11:40:00,38.57,38.59,38.57,38.59,5400
2026-03-30 11:45:00,38.6,38.6,38.57,38.585,13581
2026-03-30 11:50:00,38.59,38.615,38.59,38.5999,17050
2026-03-30 11:55:00,38.59,38.59,38.57,38.57,15650
2026-03-30 12:00:00,38.575,38.575,38.525,38.525,5250
2026-03-30 12:05:00,38.53,38.54,38.53,38.535,6964
2026-03-30 12:10:00,38.53,38.555,38.53,38.5402,8874
2026-03-30 12:15:00,38.5476,38.5476,38.515,38.52,3170
2026-03-30 12:20:00,38.53,38.53,38.505,38.51,4226
2026-03-30 12:25:00,38.5,38.5,38.48,38.48,4252
2026-03-30 12:30:00,38.4761,38.495,38.475,38.495,5985
2026-03-30 12:35:00,38.49,38.51,38.49,38.51,1290
2026-03-30 12:40:00,38.51,38.51,38.495,38.495,2654
2026-03-30 12:45:00,38.4999,38.4999,38.4999,38.4999,100
2026-03-30 12:50:00,38.48,38.5,38.48,38.4904,4152
2026-03-30 12:55:00,38.475,38.48,38.475,38.48,2009
2026-03-30 13:00:00,38.5,38.5,38.48,38.48,1140
2026-03-30 13:05:00,38.47,38.5,38.47,38.4888,3054
2026-03-30 13:10:00,38.485,38.49,38.45,38.45,2170
2026-03-30 13:15:00,38.46,38.46,38.43,38.4302,6220
2026-03-30 13:20:00,38.42,38.42,38.406,38.406,374
2026-03-30 13:25:00,38.415,38.42,38.395,38.405,11239
2026-03-30 13:30:00,38.4,38.4,38.38,38.385,1965
2026-03-30 13:35:00,38.38,38.4,38.375,38.395,7888
2026-03-30 13:40:00,38.41,38.4301,38.41,38.4301,13307
2026-03-30 13:45:00,38.44,38.455,38.42,38.42,16430
2026-03-30 13:50:00,38.405,38.4181,38.405,38.41,5277
2026-03-30 13:55:00,38.405,38.41,38.4,38.41,6468
2026-03-30 14:00:00,38.4199,38.4199,38.405,38.4159,2028
2026-03-30 14:05:00,38.4099,38.4099,38.385,38.39,1404
2026-03-30 14:10:00,38.3898,38.395,38.3898,38.395,3620
2026-03-30 14:15:00,38.4,38.41,38.385,38.41,6989
2026-03-30 14:20:00,38.41,38.41,38.4078,38.4078,3967
2026-03-30 14:25:00,38.385,38.385,38.36,38.378,4745
2026-03-30 14:30:00,38.365,38.38,38.365,38.375,5884
2026-03-30 14:35:00,38.39,38.4047,38.39,38.4047,2601
2026-03-30 14:40:00,38.3742,38.385,38.3742,38.377,4037
2026-03-30 14:45:00,38.38,38.385,38.36,38.37,1312
2026-03-30 14:50:00,38.36,38.36,38.335,38.345,17658
2026-03-30 14:55:00,38.355,38.355,38.335,38.34,10881
2026-03-30 15:00:00,38.345,38.3456,38.33,38.33,4333
2026-03-30 15:05:00,38.325,38.325,38.28,38.285,10394
2026-03-30 15:10:00,38.28,38.28,38.24,38.25,8952
2026-03-30 15:15:00,38.265,38.275,38.265,38.265,2663
2026-03-30 15:20:00,38.28,38.28,38.2501,38.26,2186
2026-03-30 15:25:00,38.25,38.25,38.22,38.24,32234
2026-03-30 15:30:00,38.24,38.255,38.235,38.235,2442
2026-03-30 15:35:00,38.2398,38.29,38.2398,38.27,9087
2026-03-30 15:40:00,38.275,38.295,38.27,38.29,4341
2026-03-30 15:45:00,38.3,38.32,38.3,38.31,16414
2026-03-30 15:50:00,38.305,38.3501,38.3,38.35,47285
2026-03-30 15:55:00,38.365,38.38,38.335,38.35,30775
2026-03-30 16:00:00,38.36,38.36,38.36,38.36,13181
2026-03-30 16:10:00,38.3,38.3,38.3,38.3,100
2026-03-30 18:20:00,38.33,38.33,38.33,38.33,286
2026-03-31 04:00:00,38.69,38.69,38.69,38.69,1412
2026-03-31 07:40:00,38.61,38.61,38.61,38.61,339
2026-03-31 08:05:00,38.7,38.71,38.7,38.71,695
2026-03-31 08:15:00,38.65,38.65,38.65,38.65,130
2026-03-31 08:40:00,38.5912,38.5912,38.5912,38.5912,400
2026-03-31 08:45:00,38.7,38.7,38.7,38.7,900
2026-03-31 08:50:00,38.7,38.7,38.7,38.7,900
2026-03-31 08:55:00,38.7,38.7,38.7,38.7,360
2026-03-31 09:25:00,38.72,38.72,38.72,38.72,638
2026-03-31 09:30:00,38.71,38.71,38.67,38.69,28932
2026-03-31 09:35:00,38.71,38.73,38.685,38.725,18398
2026-03-31 09:40:00,38.73,38.75,38.72,38.74,4621
2026-03-31 09:45:00,38.714,38.805,38.714,38.8,27843
2026-03-31 09:50:00,38.79,38.835,38.785,38.835,6205
2026-03-31 09:55:00,38.83,38.845,38.795,38.84,5413
2026-03-31 10:00:00,38.84,38.85,38.82,38.83,22451
2026-03-31 10:05:00,38.815,38.815,38.795,38.795,2126
2026-03-31 10:10:00,38.795,38.82,38.795,38.8085,12389
2026-03-31 10:15:00,38.8003,38.835,38.79,38.83,5869
2026-03-31 10:20:00,38.815,38.815,38.8,38.815,3850
2026-03-31 10:25:00,38.82,38.845,38.82,38.845,4162
2026-03-31 10:30:00,38.835,38.835,38.835,38.835,2223
2026-03-31 10:35:00,38.825,38.83,38.79,38.795,13577
2026-03-31 10:40:00,38.805,38.805,38.75,38.75,8362
2026-03-31 10:45:00,38.75,38.765,38.715,38.715,6211
2026-03-31 10:50:00,38.71,38.71,38.685,38.69,3209
2026-03-31 10:55:00,38.675,38.675,38.655,38.66,3592
2026-03-31 11:00:00,38.69,38.74,38.69,38.74,36057
2026-03-31 11:05:00,38.745,38.79,38.745,38.77,25925
2026-03-31 11:10:00,38.775,38.8,38.775,38.7981,3745
2026-03-31 11:15:00,38.835,38.8399,38.82,38.8304,8399
2026-03-31 11:20:00,38.81,38.815,38.79,38.815,6918
2026-03-31 11:25:00,38.82,38.82,38.77,38.78,1294
2026-03-31 11:30:00,38.77,38.775,38.75,38.775,13016
2026-03-31 11:35:00,38.8,38.8,38.785,38.7851,24575
2026-03-31 11:40:00,38.785,38.79,38.78,38.78,38417
2026-03-31 11:45:00,38.7751,38.7751,38.76,38.765,4857
2026-03-31 11:50:00,38.77,38.8,38.77,38.77,5243
2026-03-31 11:55:00,38.77,38.77,38.75,38.7573,4773
2026-03-31 12:00:00,38.7499,38.8,38.74,38.78,6397
2026-03-31 12:05:00,38.78,38.82,38.78,38.8199,3075
2026-03-31 12:10:00,38.8178,38.8178,38.78,38.815,5853
2026-03-31 12:15:00,38.82,38.835,38.82,38.82,8743
2026-03-31 12:20:00,38.82,38.845,38.82,38.845,14088
2026-03-31 12:25:00,38.855,38.8599,38.84,38.84,2565
2026-03-31 12:30:00,38.8384,38.84,38.83,38.835,2884
2026-03-31 12:35:00,38.83,38.92,38.83,38.92,76857
2026-03-31 12:40:00,38.945,39.06,38.945,38.95,92058
2026-03-31 12:45:00,39.0,39.0499,38.96,39.01,8798
2026-03-31 12:50:00,39.02,39.03,38.9316,38.9601,13839
2026-03-31 12:55:00,38.98,38.995,38.9707,38.995,9519
2026-03-31 13:00:00,39.0,39.055,39.0,39.055,22696
2026-03-31 13:05:00,39.035,39.035,38.975,38.985,54360
2026-03-31 13:10:00,38.985,39.03,38.985,39.03,47440
2026-03-31 13:15:00,39.0399,39.05,39.0399,39.05,12002
2026-03-31 13:20:00,39.05,39.0594,39.035,39.045,33301
2026-03-31 13:25:00,39.0401,39.0401,39.005,39.01,63799
2026-03-31 13:30:00,39.015,39.05,39.015,39.05,22891
2026-03-31 13:35:00,39.0651,39.0699,39.0,39.0101,45885
2026-03-31 13:40:00,39.015,39.03,39.0,39.01,19444
2026-03-31 13:45:00,39.0015,39.03,39.0,39.02,20812
2026-03-31 13:50:00,39.02,39.02,39.01,39.015,3961
2026-03-31 13:55:00,39.0,39.0,38.99,38.995,5470
2026-03-31 14:00:00,39.0,39.03,39.0,39.02,9225
2026-03-31 14:05:00,39.025,39.045,39.02,39.045,27345
2026-03-31 14:10:00,39.0499,39.0499,39.0101,39.04,19806
2026-03-31 14:15:00,39.04,39.05,39.035,39.04,37245
2026-03-31 14:20:00,39.048,39.048,39.03,39.03,2986
2026-03-31 14:25:00,39.0197,39.045,39.0197,39.045,3796
2026-03-31 14:30:00,39.03,39.04,39.03,39.04,828
2026-03-31 14:35:00,39.04,39.08,39.035,39.065,47163
2026-03-31 14:40:00,39.06,39.06,39.045,39.05,3625
2026-03-31 14:45:00,39.07,39.08,39.0599,39.0599,10377
2026-03-31 14:50:00,39.066,39.0887,39.066,39.0887,3454
2026-03-31 14:55:00,39.0885,39.09,39.075,39.09,26154
2026-03-31 15:00:00,39.075,39.1,39.075,39.0898,17171
2026-03-31 15:05:00,39.0897,39.0897,39.06,39.0672,12388
2026-03-31 15:10:00,39.09,39.1,39.09,39.0999,3022
2026-03-31 15:15:00,39.115,39.12,39.095,39.105,34183
2026-03-31 15:20:00,39.115,39.125,39.115,39.125,19096
2026-03-31 15:25:00,39.13,39.13,39.105,39.115,55841
2026-03-31 15:30:00,39.11,39.13,39.11,39.12,5016
2026-03-31 15:35:00,39.125,39.15,39.125,39.15,3171
2026-03-31 15:40:00,39.145,39.15,39.13,39.14,24066
2026-03-31 15:45:00,39.14,39.1685,39.135,39.1685,13170
2026-03-31 15:50:00,39.18,39.185,39.125,39.13,31437
2026-03-31 15:55:00,39.13,39.145,39.105,39.14,74851
2026-03-31 16:00:00,39.13,39.13,39.13,39.13,3864
2026-03-31 17:10:00,39.1175,39.1175,39.1175,39.1175,200
2026-03-31 17:15:00,39.11,39.11,39.11,39.11,1047
2026-03-31 18:30:00,39.14,39.14,39.14,39.14,1170
2026-03-31 19:30:00,39.14,39.14,39.14,39.14,900
2026-04-01 07:00:00,39.3681,39.3681,39.3681,39.3681,150
2026-04-01 07:35:00,39.49,39.49,39.49,39.49,250
2026-04-01 08:15:00,39.33,39.33,39.33,39.33,875
2026-04-01 08:20:00,39.3,39.3,39.3,39.3,200
2026-04-01 08:25:00,39.286,39.286,39.286,39.286,1000
2026-04-01 08:40:00,39.25,39.25,39.25,39.25,190
2026-04-01 08:45:00,39.26,39.26,39.26,39.26,200
2026-04-01 09:25:00,39.3,39.3,39.28,39.28,1774
2026-04-01 09:30:00,39.29,39.3,39.25,39.29,53754
2026-04-01 09:35:00,39.28,39.315,39.28,39.31,20570
2026-04-01 09:40:00,39.31,39.31,39.24,39.252,20918
2026-04-01 09:45:00,39.25,39.25,39.23,39.235,7992
2026-04-01 09:50:00,39.23,39.28,39.23,39.26,1412
2026-04-01 09:55:00,39.25,39.27,39.25,39.26,43622
2026-04-01 10:00:00,39.26,39.29,39.26,39.28,23508
2026-04-01 10:05:00,39.285,39.295,39.255,39.28,3391
2026-04-01 10:10:00,39.288,39.29,39.265,39.28,6128
2026-04-01 10:15:00,39.3,39.3,39.2801,39.29,3447
2026-04-01 10:20:00,39.295,39.31,39.285,39.295,9874
2026-04-01 10:25:00,39.295,39.309,39.285,39.3,3928
2026-04-01 10:30:00,39.305,39.32,39.305,39.305,2168
2026-04-01 10:35:00,39.29,39.36,39.28,39.315,89528
2026-04-01 10:40:00,39.31,39.34,39.3,39.325,6798
2026-04-01 10:45:00,39.32,39.35,39.32,39.35,3526
2026-04-01 10:50:00,39.35,39.3652,39.34,39.365,7732
2026-04-01 10:55:00,39.365,39.3652,39.35,39.36,6481
2026-04-01 11:00:00,39.36,39.37,39.36,39.365,3500
2026-04-01 11:05:00,39.3699,39.385,39.3699,39.385,1381
2026-04-01 11:10:00,39.38,39.38,39.37,39.37,4048
2026-04-01 11:15:00,39.37,39.38,39.37,39.3799,2445
2026-04-01 11:20:00,39.38,39.38,39.37,39.37,8350
2026-04-01 11:25:00,39.36,39.36,39.3586,39.36,2874
2026-04-01 11:30:00,39.35,39.3685,39.345,39.355,5105
2026-04-01 11:35:00,39.37,39.38,39.37,39.375,1243
2026-04-01 11:40:00,39.3701,39.3755,39.37,39.374,1870
2026-04-01 11:45:00,39.38,39.39,39.3725,39.3897,7026
2026-04-01 11:50:00,39.3877,39.395,39.3877,39.395,3192
2026-04-01 11:55:00,39.395,39.41,39.395,39.405,4459
2026-04-01 12:00:00,39.405,39.405,39.395,39.3951,6702
2026-04-01 12:05:00,39.405,39.4099,39.405,39.4099,1100
2026-04-01 12:10:00,39.41,39.41,39.39,39.39,3553
2026-04-01 12:15:00,39.395,39.3951,39.39,39.395,4256
2026-04-01 12:20:00,39.385,39.385,39.3846,39.3846,1407
2026-04-01 12:25:00,39.38,39.38,39.375,39.375,1399
2026-04-01 12:30:00,39.37,39.3847,39.37,39.3847,2499
2026-04-01 12:35:00,39.39,39.39,39.3801,39.385,1201
2026-04-01 12:40:00,39.38,39.4,39.38,39.4,1813
2026-04-01 12:45:00,39.4,39.4,39.39,39.395,4075
2026-04-01 12:50:00,39.3951,39.4,39.395,39.3964,4637
2026-04-01 12:55:00,39.395,39.3999,39.395,39.395,2207
2026-04-01 13:00:00,39.3977,39.41,39.395,39.41,13160
2026-04-01 13:05:00,39.41,39.4199,39.41,39.415,6034
2026-04-01 13:10:00,39.415,39.415,39.41,39.415,800
2026-04-01 13:15:00,39.415,39.415,39.41,39.415,2690
2026-04-01 13:20:00,39.41,39.415,39.41,39.415,490
2026-04-01 13:25:00,39.415,39.415,39.41,39.41,1893
2026-04-01 13:30:00,39.41,39.41,39.4,39.4,2419
2026-04-01 13:35:00,39.395,39.4,39.3901,39.4,747
2026-04-01 13:40:00,39.4099,39.41,39.395,39.395,1770
2026-04-01 13:45:00,39.39,39.39,39.385,39.385,8135
2026-04-01 13:50:00,39.3851,39.4,39.385,39.39,11186
2026-04-01 13:55:00,39.3899,39.3899,39.3701,39.3797,2519
2026-04-01 14:00:00,39.36,39.36,39.33,39.33,7600
2026-04-01 14:05:00,39.34,39.345,39.33,39.33,4121
2026-04-01 14:10:00,39.34,39.34,39.335,39.335,1096
2026-04-01 14:15:00,39.33,39.33,39.295,39.295,3074
2026-04-01 14:20:00,39.3,39.305,39.27,39.27,5953
2026-04-01 14:25:00,39.27,39.285,39.27,39.285,4965
2026-04-01 14:30:00,39.265,39.275,39.26,39.26,5130
2026-04-01 14:35:00,39.25,39.28,39.25,39.27,4813
2026-04-01 14:40:00,39.29,39.3,39.29,39.29,900
2026-04-01 14:45:00,39.285,39.285,39.275,39.28,1103
2026-04-01 14:50:00,39.2601,39.28,39.2601,39.28,4504
2026-04-01 14:55:00,39.27,39.275,39.27,39.275,500
2026-04-01 15:00:00,39.2751,39.29,39.2751,39.285,2602
2026-04-01 15:05:00,39.3,39.3085,39.3,39.3,3119
2026-04-01 15:10:00,39.3,39.3,39.295,39.3,761
2026-04-01 15:15:00,39.305,39.31,39.305,39.31,7478
2026-04-01 15:20:00,39.3101,39.3101,39.31,39.31,2360
2026-04-01 15:25:00,39.32,39.336,39.32,39.335,6038
2026-04-01 15:30:00,39.345,39.345,39.325,39.325,8468
2026-04-01 15:35:00,39.33,39.33,39.325,39.33,27219
2026-04-01 15:40:00,39.3311,39.3451,39.3311,39.34,34708
2026-04-01 15:45:00,39.33,39.335,39.325,39.3299,3870
2026-04-01 15:50:00,39.32,39.32,39.295,39.3,37692
2026-04-01 15:55:00,39.295,39.307,39.285,39.29,26358
2026-04-01 16:00:00,39.31,39.31,39.31,39.31,6194
2026-04-01 16:15:00,39.3,39.3,39.3,39.3,250
2026-04-01 17:00:00,39.1748,39.1748,39.1748,39.1748,100
2026-04-01 07:00:00,39.3681,39.3681,39.3681,39.3681,150
2026-04-01 07:35:00,39.49,39.49,39.49,39.49,250
2026-04-01 08:15:00,39.33,39.33,39.33,39.33,875
2026-04-01 08:20:00,39.3,39.3,39.3,39.3,200
2026-04-01 08:25:00,39.286,39.286,39.286,39.286,1000
2026-04-01 08:40:00,39.25,39.25,39.25,39.25,190
2026-04-01 08:45:00,39.26,39.26,39.26,39.26,200
2026-04-01 09:25:00,39.3,39.3,39.28,39.28,1774
2026-04-01 09:30:00,39.29,39.3,39.25,39.29,53754
2026-04-01 09:35:00,39.28,39.315,39.28,39.31,20570
2026-04-01 09:40:00,39.31,39.31,39.24,39.252,20918
2026-04-01 09:45:00,39.25,39.25,39.23,39.235,7992
2026-04-01 09:50:00,39.23,39.28,39.23,39.26,1412
2026-04-01 09:55:00,39.25,39.27,39.25,39.26,43622
2026-04-01 10:00:00,39.26,39.29,39.26,39.28,23508
2026-04-01 10:05:00,39.285,39.295,39.255,39.28,3391
2026-04-01 10:10:00,39.288,39.29,39.265,39.28,6128
2026-04-01 10:15:00,39.3,39.3,39.2801,39.29,3447
2026-04-01 10:20:00,39.295,39.31,39.285,39.295,9874
2026-04-01 10:25:00,39.295,39.309,39.285,39.3,3928
2026-04-01 10:30:00,39.305,39.32,39.305,39.305,2168
2026-04-01 10:35:00,39.29,39.36,39.28,39.315,89528
2026-04-01 10:40:00,39.31,39.34,39.3,39.325,6798
2026-04-01 10:45:00,39.32,39.35,39.32,39.35,3526
2026-04-01 10:50:00,39.35,39.3652,39.34,39.365,7732
2026-04-01 10:55:00,39.365,39.3652,39.35,39.36,6481
2026-04-01 11:00:00,39.36,39.37,39.36,39.365,3500
2026-04-01 11:05:00,39.3699,39.385,39.3699,39.385,1381
2026-04-01 11:10:00,39.38,39.38,39.37,39.37,4048
2026-04-01 11:15:00,39.37,39.38,39.37,39.3799,2445
2026-04-01 11:20:00,39.38,39.38,39.37,39.37,8350
2026-04-01 11:25:00,39.36,39.36,39.3586,39.36,2874
2026-04-01 11:30:00,39.35,39.3685,39.345,39.355,5105
2026-04-01 11:35:00,39.37,39.38,39.37,39.375,1243
2026-04-01 11:40:00,39.3701,39.3755,39.37,39.374,1870
2026-04-01 11:45:00,39.38,39.39,39.3725,39.3897,7026
2026-04-01 11:50:00,39.3877,39.395,39.3877,39.395,3192
2026-04-01 11:55:00,39.395,39.41,39.395,39.405,4459
2026-04-01 12:00:00,39.405,39.405,39.395,39.3951,6702
2026-04-01 12:05:00,39.405,39.4099,39.405,39.4099,1100
2026-04-01 12:10:00,39.41,39.41,39.39,39.39,3553
2026-04-01 12:15:00,39.395,39.3951,39.39,39.395,4256
2026-04-01 12:20:00,39.385,39.385,39.3846,39.3846,1407
2026-04-01 12:25:00,39.38,39.38,39.375,39.375,1399
2026-04-01 12:30:00,39.37,39.3847,39.37,39.3847,2499
2026-04-01 12:35:00,39.39,39.39,39.3801,39.385,1201
2026-04-01 12:40:00,39.38,39.4,39.38,39.4,1813
2026-04-01 12:45:00,39.4,39.4,39.39,39.395,4075
2026-04-01 12:50:00,39.3951,39.4,39.395,39.3964,4637
2026-04-01 12:55:00,39.395,39.3999,39.395,39.395,2207
2026-04-01 13:00:00,39.3977,39.41,39.395,39.41,13160
2026-04-01 13:05:00,39.41,39.4199,39.41,39.415,6034
2026-04-01 13:10:00,39.415,39.415,39.41,39.415,800
2026-04-01 13:15:00,39.415,39.415,39.41,39.415,2690
2026-04-01 13:20:00,39.41,39.415,39.41,39.415,490
2026-04-01 13:25:00,39.415,39.415,39.41,39.41,1893
2026-04-01 13:30:00,39.41,39.41,39.4,39.4,2419
2026-04-01 13:35:00,39.395,39.4,39.3901,39.4,747
2026-04-01 13:40:00,39.4099,39.41,39.395,39.395,1770
2026-04-01 13:45:00,39.39,39.39,39.385,39.385,8135
2026-04-01 13:50:00,39.3851,39.4,39.385,39.39,11186
2026-04-01 13:55:00,39.3899,39.3899,39.3701,39.3797,2519
2026-04-01 14:00:00,39.36,39.36,39.33,39.33,7600
2026-04-01 14:05:00,39.34,39.345,39.33,39.33,4121
2026-04-01 14:10:00,39.34,39.34,39.335,39.335,1096
2026-04-01 14:15:00,39.33,39.33,39.295,39.295,3074
2026-04-01 14:20:00,39.3,39.305,39.27,39.27,5953
2026-04-01 14:25:00,39.27,39.285,39.27,39.285,4965
2026-04-01 14:30:00,39.265,39.275,39.26,39.26,5130
2026-04-01 14:35:00,39.25,39.28,39.25,39.27,4813
2026-04-01 14:40:00,39.29,39.3,39.29,39.29,900
2026-04-01 14:45:00,39.285,39.285,39.275,39.28,1103
2026-04-01 14:50:00,39.2601,39.28,39.2601,39.28,4504
2026-04-01 14:55:00,39.27,39.275,39.27,39.275,500
2026-04-01 15:00:00,39.2751,39.29,39.2751,39.285,2602
2026-04-01 15:05:00,39.3,39.3085,39.3,39.3,3119
2026-04-01 15:10:00,39.3,39.3,39.295,39.3,761
2026-04-01 15:15:00,39.305,39.31,39.305,39.31,7478
2026-04-01 15:20:00,39.3101,39.3101,39.31,39.31,2360
2026-04-01 15:25:00,39.32,39.336,39.32,39.335,6038
2026-04-01 15:30:00,39.345,39.345,39.325,39.325,8468
2026-04-01 15:35:00,39.33,39.33,39.325,39.33,27219
2026-04-01 15:40:00,39.3311,39.3451,39.3311,39.34,34708
2026-04-01 15:45:00,39.33,39.335,39.325,39.3299,3870
2026-04-01 15:50:00,39.32,39.32,39.295,39.3,37692
2026-04-01 15:55:00,39.295,39.307,39.285,39.29,26358
2026-04-01 16:00:00,39.31,39.31,39.31,39.31,6194
2026-04-01 16:15:00,39.3,39.3,39.3,39.3,250
2026-04-01 17:00:00,39.1748,39.1748,39.1748,39.1748,100
2026-04-02 04:25:00,39.09,39.09,39.09,39.09,100
2026-04-02 07:00:00,39.1,39.29,39.1,39.29,400
2026-04-02 07:10:00,39.19,39.19,39.19,39.19,100
2026-04-02 07:15:00,39.19,39.19,39.19,39.19,100
2026-04-02 08:25:00,38.965,38.965,38.965,38.965,300
2026-04-02 09:10:00,39.36,39.36,39.36,39.36,100
2026-04-02 09:25:00,39.0,39.0,39.0,39.0,816
2026-04-02 09:30:00,39.05,39.07,39.02,39.0301,14818
2026-04-02 09:35:00,39.04,39.04,39.0,39.0,8010
2026-04-02 09:40:00,39.0,39.005,38.99,39.0,2777
2026-04-02 09:45:00,38.9999,39.0617,38.9999,39.0617,4915
2026-04-02 09:50:00,39.0488,39.1164,39.0401,39.1124,5536
2026-04-02 09:55:00,39.13,39.16,39.11,39.155,13885
2026-04-02 10:00:00,39.15,39.16,39.135,39.135,900
2026-04-02 10:05:00,39.155,39.16,39.15,39.16,540
2026-04-02 10:10:00,39.1599,39.17,39.145,39.145,13119
2026-04-02 10:15:00,39.145,39.19,39.1421,39.18,10773
2026-04-02 10:20:00,39.175,39.19,39.175,39.1899,1320
2026-04-02 10:25:00,39.18,39.185,39.17,39.175,2555
2026-04-02 10:30:00,39.18,39.235,39.18,39.235,3877
2026-04-02 10:35:00,39.27,39.39,39.265,39.35,159851
2026-04-02 10:40:00,39.335,39.345,39.295,39.335,29415
2026-04-02 10:45:00,39.34,39.34,39.3,39.3,3650
2026-04-02 10:50:00,39.2886,39.29,39.2851,39.2884,1114
2026-04-02 10:55:00,39.31,39.3357,39.31,39.32,7801
2026-04-02 11:00:00,39.32,39.32,39.289,39.29,1603
2026-04-02 11:05:00,39.308,39.3101,39.2835,39.29,5048
2026-04-02 11:10:00,39.32,39.33,39.3099,39.32,4540
2026-04-02 11:15:00,39.32,39.3297,39.32,39.3297,1924
2026-04-02 11:20:00,39.3,39.31,39.2851,39.31,2401
2026-04-02 11:25:00,39.295,39.335,39.295,39.33,1293
2026-04-02 11:30:00,39.32,39.325,39.3,39.32,9466
2026-04-02 11:35:00,39.32,39.34,39.32,39.32,4645
2026-04-02 11:40:00,39.33,39.33,39.29,39.305,3703
2026-04-02 11:45:00,39.3077,39.31,39.29,39.29,6252
2026-04-02 11:50:00,39.295,39.3,39.26,39.3,3200
2026-04-02 11:55:00,39.3,39.305,39.28,39.285,927
2026-04-02 12:00:00,39.2901,39.305,39.27,39.27,3075
2026-04-02 12:05:00,39.2751,39.28,39.26,39.27,4600
2026-04-02 12:10:00,39.25,39.2601,39.25,39.26,1196
2026-04-02 12:15:00,39.25,39.26,39.245,39.245,1318
2026-04-02 12:20:00,39.2301,39.246,39.2301,39.245,2734
2026-04-02 12:25:00,39.23,39.2599,39.23,39.2476,2076
2026-04-02 12:30:00,39.2301,39.28,39.2301,39.27,1100
2026-04-02 12:35:00,39.25,39.26,39.24,39.2597,1219
2026-04-02 12:40:00,39.26,39.3,39.26,39.29,6908
2026-04-02 12:45:00,39.295,39.295,39.29,39.29,3450
2026-04-02 12:50:00,39.295,39.295,39.285,39.295,500
2026-04-02 12:55:00,39.29,39.29,39.28,39.28,1118
2026-04-02 13:00:00,39.27,39.28,39.26,39.28,2182
2026-04-02 13:05:00,39.27,39.28,39.27,39.28,1888
2026-04-02 13:10:00,39.28,39.3,39.28,39.3,1100
2026-04-02 13:15:00,39.305,39.31,39.3,39.305,1277
2026-04-02 13:20:00,39.315,39.315,39.315,39.315,5000
2026-04-02 13:25:00,39.315,39.315,39.305,39.305,349
2026-04-02 13:30:00,39.3,39.3,39.3,39.3,159
2026-04-02 13:35:00,39.285,39.305,39.285,39.3,3216
2026-04-02 13:40:00,39.3,39.3,39.285,39.29,4776
2026-04-02 13:45:00,39.28,39.28,39.245,39.245,4409
2026-04-02 13:50:00,39.245,39.2601,39.245,39.26,1193
2026-04-02 13:55:00,39.27,39.27,39.255,39.255,2136
2026-04-02 14:00:00,39.28,39.2899,39.28,39.2899,4700
2026-04-02 14:05:00,39.3,39.3,39.29,39.29,1977
2026-04-02 14:10:00,39.3,39.3,39.3,39.3,107
2026-04-02 14:15:00,39.295,39.3,39.29,39.3,820
2026-04-02 14:20:00,39.295,39.2983,39.29,39.29,1773
2026-04-02 14:25:00,39.275,39.285,39.275,39.28,1514
2026-04-02 14:30:00,39.285,39.285,39.2798,39.285,1137
2026-04-02 14:35:00,39.2859,39.2859,39.2741,39.2741,1297
2026-04-02 14:40:00,39.2901,39.31,39.2901,39.3061,904
2026-04-02 14:45:00,39.3001,39.3188,39.3001,39.3188,4678
2026-04-02 14:50:00,39.31,39.325,39.31,39.325,200
2026-04-02 14:55:00,39.315,39.315,39.315,39.315,300
2026-04-02 15:00:00,39.3199,39.32,39.3199,39.32,1532
2026-04-02 15:05:00,39.325,39.325,39.325,39.325,962
2026-04-02 15:10:00,39.33,39.33,39.325,39.325,1227
2026-04-02 15:15:00,39.32,39.32,39.315,39.315,1810
2026-04-02 15:20:00,39.32,39.3201,39.31,39.3201,1813
2026-04-02 15:25:00,39.315,39.32,39.305,39.31,5486
2026-04-02 15:30:00,39.315,39.3151,39.31,39.3101,948
2026-04-02 15:35:00,39.325,39.33,39.322,39.322,3342
2026-04-02 15:40:00,39.325,39.33,39.3201,39.3201,2360
2026-04-02 15:45:00,39.315,39.33,39.315,39.33,2045
2026-04-02 15:50:00,39.34,39.355,39.34,39.35,3249
2026-04-02 15:55:00,39.375,39.3755,39.364,39.37,8182
2026-04-02 16:00:00,39.37,39.37,39.37,39.37,2619
