date,p_day,buy_level,sell_level,chosen_action,reward_force_buy,reward_free,reward_force_sell,chosen_reward,best_action_ex_post,oracle_equity,close,buy_th_5m,sell_th_5m
2010-01-04,0.30034887281473743,0.2,0.3,FORCE_SELL,0.0,0.0,0.0,0.0,FORCE_BUY,100000.0,46.43,0.3,0.3
2010-01-05,0.30284661646850286,0.2,0.3,FORCE_SELL,0.0,0.0,0.0,0.0,FORCE_BUY,100000.0,46.35,0.3,0.3
2010-01-06,0.40646529250561914,0.2,0.3,FORCE_SELL,0.0,0.0,0.0,0.0,FORCE_BUY,100000.0,46.24,0.3,0.3
2010-01-07,0.35428728643806656,0.2,0.3,FORCE_SELL,0.0,0.0,0.0,0.0,FORCE_BUY,100000.0,46.22,0.3,0.3
2010-01-08,0.2972045611589205,0.2,0.3,FREE,0.0,0.0,0.0,0.0,FORCE_BUY,100000.0,46.54,0.3,0.3
2010-01-11,0.4012940092748751,0.2,0.3,FORCE_SELL,0.0,0.0,0.0,0.0,FORCE_BUY,100000.0,46.31,0.3,0.3
2010-01-12,0.3373856545857146,0.2,0.3,FORCE_SELL,0.0,0.0,0.0,0.0,FORCE_BUY,100000.0,45.95,0.3,0.3
2010-01-13,0.2971479235486899,0.2,0.3,FREE,0.0,0.0,0.0,0.0,FORCE_BUY,100000.0,46.37,0.3,0.3
2010-01-14,0.35120298801228866,0.2,0.3,FORCE_SELL,0.0,0.0,0.0,0.0,FORCE_BUY,100000.0,46.46,0.3,0.3
2010-01-15,0.35713324349743614,0.2,0.3,FORCE_SELL,0.0,0.0,0.0,0.0,FORCE_BUY,100000.0,45.81,0.3,0.3
2010-01-19,0.27598962866387344,0.2,0.3,FREE,0.0,0.0,0.0,0.0,FORCE_BUY,100000.0,46.55,0.3,0.3
2010-01-20,0.33148072944889156,0.2,0.3,FORCE_SELL,0.0,0.0,0.0,0.0,FORCE_BUY,100000.0,46.06,0.3,0.3
2010-01-21,0.35128936088529894,0.2,0.3,FORCE_SELL,0.0,0.0,0.0,0.0,FORCE_BUY,100000.0,45.3,0.3,0.3
2010-01-22,0.31312348890281744,0.2,0.3,FORCE_SELL,0.0,0.0,0.0,0.0,FORCE_BUY,100000.0,44.12,0.3,0.3
2010-01-25,0.30217319180404373,0.2,0.3,FORCE_SELL,0.0,0.0,0.0,0.0,FORCE_BUY,100000.0,44.44,0.3,0.3
2010-01-26,0.28635935235327087,0.2,0.3,FREE,0.0,0.0,0.0,0.0,FORCE_BUY,100000.0,44.33,0.3,0.3
2010-01-27,0.2314437887240263,0.2,0.3,FREE,0.0,0.0,0.0,0.0,FORCE_BUY,100000.0,44.58,0.3,0.3
2010-01-28,0.35132715812788823,0.2,0.3,FORCE_SELL,0.0,0.0,0.0,0.0,FORCE_BUY,100000.0,43.45,0.3,0.3
2010-01-29,0.4159918456345996,0.2,0.3,FORCE_SELL,0.0,0.0,0.0,0.0,FORCE_BUY,100000.0,42.89,0.3,0.3
2010-02-01,0.23650913722444109,0.2,0.3,FREE,0.0,0.0,0.0,0.0,FORCE_BUY,100000.0,43.31,0.3,0.3
2010-02-02,0.21901452241514363,0.2,0.3,FREE,0.0,0.0,0.0,0.0,FORCE_BUY,100000.0,43.56,0.3,0.3
2010-02-03,0.22143004111334474,0.2,0.3,FREE,0.0,0.0,0.0,0.0,FORCE_BUY,100000.0,44.04,0.3,0.3
2010-02-04,0.30417133348161857,0.2,0.3,FORCE_SELL,0.0,0.0,0.0,0.0,FORCE_BUY,100000.0,42.7,0.3,0.3
2010-02-05,0.21876978083743034,0.2,0.3,FREE,0.0,0.0,0.0,0.0,FORCE_BUY,100000.0,43.02,0.3,0.3
2010-02-08,0.27782342066251625,0.2,0.3,FREE,0.0,0.0,0.0,0.0,FORCE_BUY,100000.0,42.69,0.3,0.3
2010-02-09,0.24271007862598812,0.2,0.3,FREE,0.0,0.0,0.0,0.0,FORCE_BUY,100000.0,43.22,0.3,0.3
2010-02-10,0.23156937346794795,0.2,0.3,FREE,0.0,0.0,0.0,0.0,FORCE_BUY,100000.0,43.11,0.3,0.3
2010-02-11,0.2819766273719728,0.2,0.3,FREE,0.0,0.0,0.0,0.0,FORCE_BUY,100000.0,43.63,0.3,0.3
2010-02-12,0.2978485715225523,0.2,0.3,FREE,0.0,0.0,0.0,0.0,FORCE_BUY,100000.0,43.86,0.3,0.3
2010-02-16,0.3269377904891833,0.2,0.3,FORCE_SELL,0.0,0.0,0.0,0.0,FORCE_BUY,100000.0,44.36,0.3,0.3
2010-02-17,0.3428291689735288,0.2,0.3,FORCE_SELL,0.0,0.0,0.0,0.0,FORCE_BUY,100000.0,44.57,0.3,0.3
2010-02-18,0.35123797766973636,0.2,0.3,FORCE_SELL,0.0,0.0,0.0,0.0,FORCE_BUY,100000.0,44.53,0.3,0.3
2010-02-19,0.3978272714333861,0.2,0.3,FORCE_SELL,0.0,0.0,0.0,0.0,FORCE_BUY,100000.0,44.87,0.3,0.3
2010-02-22,0.3834416754479418,0.2,0.3,FORCE_SELL,0.0,0.0,0.0,0.0,FORCE_BUY,100000.0,44.76,0.3,0.3
2010-02-23,0.3553335877169874,0.2,0.3,FORCE_SELL,0.0,0.0,0.0,0.0,FORCE_BUY,100000.0,44.3,0.3,0.3
2010-02-24,0.3310819412711077,0.2,0.3,FORCE_SELL,0.0,0.0,0.0,0.0,FORCE_BUY,100000.0,44.58,0.3,0.3
2010-02-25,0.24065809951423792,0.2,0.3,FREE,0.0,0.0,0.0,0.0,FORCE_BUY,100000.0,44.66,0.3,0.3
2010-02-26,0.32366163401492704,0.2,0.3,FORCE_SELL,0.0,0.0,0.0,0.0,FORCE_BUY,100000.0,44.85,0.3,0.3
2010-03-01,0.3165749184919667,0.2,0.3,FORCE_SELL,0.0,0.0,0.0,0.0,FORCE_BUY,100000.0,45.42,0.3,0.3
2010-03-02,0.4408029621301679,0.2,0.3,FORCE_SELL,0.0,0.0,0.0,0.0,FORCE_BUY,100000.0,45.6,0.3,0.3
2010-03-03,0.4069864196532986,0.2,0.3,FORCE_SELL,-0.0015350877192983172,-0.00043907793633348775,0.0,0.0,FORCE_SELL,100000.0,45.53,0.3,0.3
2010-03-04,0.34543502349123684,0.2,0.3,FORCE_SELL,0.00527009222661407,0.003955943725905236,0.0,0.0,FORCE_BUY,100527.0092226614,45.78,0.3,0.3
2010-03-05,0.3831985078221089,0.2,0.3,FORCE_SELL,0.0,0.0,0.0,0.0,FORCE_BUY,100527.0092226614,46.45,1.3499999999999996,2.2999999999999994
2010-03-08,0.43681454619985777,0.2,0.3,FORCE_SELL,0.0,0.0,0.0,0.0,FORCE_BUY,100527.0092226614,46.46,1.2999999999999996,2.4499999999999993
2010-03-09,0.3741657674063892,0.2,0.3,FORCE_SELL,0.0,0.0,0.0,0.0,FORCE_BUY,100527.0092226614,46.83,1.2999999999999996,2.4499999999999993
2010-03-10,0.2750260096250908,0.2,0.3,FREE,0.0,0.0,0.0,0.0,FORCE_BUY,100527.0092226614,47.14,1.2999999999999996,2.4499999999999993
2010-03-11,0.25626351166506073,0.2,0.3,FREE,0.0,0.0,0.0,0.0,FORCE_BUY,100527.0092226614,47.35,1.2999999999999996,2.4499999999999993
2010-03-12,0.28434941535158276,0.2,0.3,FREE,0.0,0.0,0.0,0.0,FORCE_BUY,100527.0092226614,47.32,1.2999999999999996,2.4499999999999993
2010-03-15,0.2555656788715856,0.2,0.3,FREE,0.0,0.0,0.0,0.0,FORCE_BUY,100527.0092226614,47.25,1.2999999999999996,2.4499999999999993
2010-03-16,0.2821504032727959,0.2,0.3,FREE,0.004438807863031006,0.004018574984723749,0.0006341154090043672,0.004018574984723749,FORCE_BUY,100973.22930164596,47.52,-0.5,-0.5
2010-03-17,0.31620883539766087,0.2,0.3,FORCE_SELL,0.002732814799243304,0.0025225982762244878,0.0,0.0,FORCE_BUY,101249.17043700888,47.7,-0.5,0.5499999999999998
2010-03-18,0.27337991633486575,0.2,0.3,FREE,0.0020973154362415826,-0.0009383142931582523,0.0,-0.0009383142931582523,FORCE_BUY,101461.52188507307,47.78,-0.5,0.6999999999999997
2010-03-19,0.3025641241184139,0.2,0.3,FORCE_SELL,-0.006073298429319279,-0.000416836463631467,0.0020942408376963535,0.0020942408376963535,FORCE_SELL,101674.0067476596,47.46,-0.5,0.8499999999999996
2010-03-22,0.24237071890760653,0.2,0.3,FREE,0.013088452607135571,0.006921800102688948,0.0,0.006921800102688948,FORCE_BUY,103004.76216635392,47.99,-0.5,0.34999999999999987
2010-03-23,0.2803233091084805,0.2,0.3,FREE,0.010462439840970984,0.010462439840970984,0.0,0.010462439840970984,FORCE_BUY,104082.44329385292,48.29,1.3499999999999996,0.8999999999999997
2010-03-24,0.28572918465756986,0.2,0.3,FREE,-0.004765851636966393,-0.004765851636966393,-0.004765851636966393,-0.004765851636966393,FORCE_BUY,103586.40181110144,48.03,1.3499999999999996,1.0999999999999996
2010-03-25,0.30673536565243836,0.2,0.3,FORCE_SELL,-0.005402036152088131,-0.008108691207208552,0.0012466237274048105,0.0012466237274048105,FORCE_SELL,103715.53507743566,47.87,1.2999999999999996,0.7999999999999998
2010-03-26,0.27820337235492804,0.2,0.3,FREE,0.0016649323621229233,0.0016649323621229233,0.0,0.0016649323621229233,FORCE_BUY,103888.21442824099,48.13,1.6499999999999995,1.0499999999999996
2010-03-29,0.2766779515581382,0.2,0.3,FREE,0.001035411058190185,-0.000207082211638037,-0.000207082211638037,-0.000207082211638037,FORCE_BUY,103995.78143427563,48.34,1.7499999999999996,-0.5
2010-03-30,0.25938251561409054,0.2,0.3,FREE,0.0,0.0,0.0,0.0,FORCE_BUY,103995.78143427563,48.36,1.7499999999999996,-0.5
2010-03-31,0.29141446258323983,0.275,0.3,FREE,0.0008302200083020809,0.006653232004748184,0.0,0.006653232004748184,FREE,104687.68949567294,48.22,1.7499999999999996,-0.5
2010-04-01,0.2832696182391504,0.275,0.3,FREE,-0.001659406762082566,-0.007447026428374032,0.0031113876789048115,-0.007447026428374032,FORCE_SELL,105013.41348290279,48.13,-0.5,0.6499999999999997
2010-04-05,0.2544859343837271,0.285,0.305,FORCE_BUY,0.0,0.0,0.0,0.0,FORCE_BUY,105013.41348290279,48.61,1.9499999999999993,1.2999999999999996
2010-04-06,0.26151104741922643,0.285,0.305,FORCE_BUY,-0.0017942277131287035,-0.0017942277131287035,0.0,-0.0017942277131287035,FORCE_SELL,105013.41348290279,48.68,0.7999999999999998,-0.5
2010-04-07,0.26625255627073824,0.285,0.305,FORCE_BUY,-0.0006167763157895672,0.0008147710942310645,0.0039062499999999284,-0.0006167763157895672,FORCE_SELL,105423.62212932039,48.61,0.7999999999999998,1.0999999999999996
2010-04-08,0.24068962592235213,0.285,0.305,FORCE_BUY,0.004945394601277597,-0.00020922888354640658,-0.00082423243354629,0.004945394601277597,FORCE_BUY,105944.98354104586,48.77,1.0999999999999996,1.1499999999999997
2010-04-09,0.26091112420486423,0.285,0.305,FORCE_BUY,0.0040941658137154625,0.0040941658137154625,0.0040941658137154625,0.0040941658137154625,FORCE_BUY,106378.73987079426,49.05,1.1499999999999997,1.4999999999999996
2010-04-12,0.2912763791507411,0.285,0.305,FREE,-0.0020358306188924414,-0.0020358306188924414,-0.0020358306188924414,-0.0020358306188924414,FORCE_BUY,106162.1707749661,49.02,1.1999999999999997,1.4999999999999996
2010-04-13,0.24898054719825144,0.285,0.305,FORCE_BUY,0.011649294911097414,0.011649294911097414,0.011649294911097414,0.011649294911097414,FORCE_BUY,107398.88521072596,49.5,1.1999999999999997,1.4999999999999996
2010-04-14,0.2544484642705693,0.285,0.305,FORCE_BUY,0.00929668552950679,0.003838842447332492,0.0036378334680678987,0.00929668552950679,FORCE_BUY,108397.33887274966,49.94,-0.5,-0.5
2010-04-15,0.20956908813690686,0.285,0.305,FORCE_BUY,0.0032122063842601667,0.005019072475406658,0.005019072475406658,0.0032122063842601667,FREE,108941.39297269321,49.97,1.8499999999999996,1.1999999999999997
2010-04-16,0.18274222527320952,0.285,0.305,FORCE_BUY,-0.009403761504601838,-0.008603441376550587,-0.008603441376550587,-0.009403761504601838,FREE,108004.12208477288,49.51,1.8499999999999996,1.1999999999999997
2010-04-19,0.18474838968481092,0.285,0.305,FORCE_BUY,0.0034412955465587597,0.0034412955465587597,0.0034412955465587597,0.0034412955465587597,FORCE_BUY,108375.7961891132,49.57,1.6999999999999993,0.6999999999999997
2010-04-20,0.1995731548965098,0.285,0.305,FORCE_BUY,0.011290322580645013,0.0006048387096773716,0.0006048387096773716,0.011290322580645013,FORCE_BUY,109599.39388802253,50.16,1.9499999999999993,0.7499999999999998
2010-04-21,0.20024708393204552,0.285,0.305,FORCE_BUY,-0.006387225548902151,-0.006387225548902151,-0.006387225548902151,-0.006387225548902151,FORCE_BUY,108899.35783923676,49.78,1.9499999999999993,0.7499999999999998
2010-04-22,0.1868819616039362,0.285,0.305,FORCE_BUY,0.0020020020020017973,-0.0018018018018019365,-0.0018018018018019365,0.0020020020020017973,FORCE_BUY,109117.37457164763,50.05,1.9499999999999993,0.7499999999999998
2010-04-23,0.2073727711517732,0.285,0.305,FORCE_BUY,0.007165605095541385,0.0027866242038216194,0.0027866242038216194,0.007165605095541385,FORCE_BUY,109899.26658689031,50.6,2.4499999999999993,0.5499999999999998
2010-04-26,0.21417112294437035,0.285,0.305,FORCE_BUY,-0.005331753554502359,-0.00217219589257505,-0.00217219589257505,-0.005331753554502359,FREE,109660.54385141327,50.37,2.4499999999999993,0.6999999999999997
2010-04-27,0.17039308912874818,0.285,0.305,FORCE_BUY,-0.01727218582489578,0.003271951552825932,-0.0013897161008536647,-0.01727218582489578,FREE,110019.34783815163,49.5,2.4499999999999993,0.6999999999999997
2010-04-28,0.18553230030428072,0.285,0.305,FORCE_BUY,0.002634245187436562,0.002634245187436562,0.002634245187436562,0.002634245187436562,FORCE_BUY,110309.1657757192,49.48,1.6499999999999995,0.9999999999999996
2010-04-29,0.1835389051422501,0.285,0.305,FORCE_BUY,0.012512613521695293,0.004641775983854791,0.004641775983854791,0.012512613521695293,FORCE_BUY,111689.42173497139,50.17,1.6499999999999995,1.1999999999999997
2010-04-30,0.17330568502758234,0.285,0.305,FORCE_BUY,-0.020858164481525627,-0.020858164481525627,-0.020858164481525627,-0.020858164481525627,FORCE_BUY,109359.78540557687,49.29,2.0999999999999996,2.0999999999999996
2010-05-03,0.17607262170156027,0.285,0.305,FORCE_BUY,0.010946685586863954,0.010946685586863954,0.010946685586863954,0.010946685586863954,FORCE_BUY,110556.91259225862,49.87,2.1499999999999995,1.1999999999999997
2010-05-04,0.17378658524307136,0.285,0.305,FORCE_BUY,-0.02592964824120593,-0.024118360397026375,-0.025326633165829095,-0.02592964824120593,FREE,107890.46112997599,48.46,2.1499999999999995,1.1999999999999997
2010-05-05,0.1716336232422403,0.285,0.305,FORCE_BUY,-0.0037128712871287053,0.0163650164324029,0.0006188118811882127,-0.0037128712871287053,FREE,109656.09029926757,48.3,2.499999999999999,-0.5
2010-05-06,0.15974823433700522,0.285,0.305,FORCE_BUY,-0.03961012028204058,-0.01579009588458014,0.0012442969722107461,-0.03961012028204058,FORCE_SELL,109792.53504041143,46.31,2.4499999999999993,-0.5
2010-05-07,0.16011823119436264,0.05,0.295,FREE,-0.02205567451820127,-0.02205567451820127,-0.02205567451820127,-0.02205567451820127,FORCE_BUY,107370.98662303192,45.67,2.4499999999999993,-0.5
2010-05-10,0.20008186303547526,0.05,0.295,FREE,0.006326444538169487,0.020182985865610754,0.002108814846056593,0.020182985865610754,FREE,109538.05372842126,47.72,2.499999999999999,-0.5
2010-05-11,0.15736952104303656,0.05,0.295,FREE,0.003168567807350992,-0.00768086761004024,0.0,-0.00768086761004024,FORCE_BUY,109885.13247914502,47.49,1.1999999999999997,-0.5
2010-05-12,0.1676578039609954,0.05,0.295,FREE,0.0,0.0,0.0,0.0,FORCE_BUY,109885.13247914502,48.49,1.3499999999999996,-0.5
2010-05-13,0.1804646942380703,0.05,0.295,FREE,0.0,0.0,0.0,0.0,FORCE_BUY,109885.13247914502,47.87,1.4999999999999996,-0.5
2010-05-14,0.17226645108846894,0.05,0.295,FREE,-0.015739769150052558,-0.012368214105490459,0.0,-0.012368214105490459,FORCE_SELL,109885.13247914502,46.9,1.4999999999999996,-0.5
2010-05-17,0.1836928545288773,0.05,0.295,FREE,0.0059714224781402545,0.00405203668159509,0.00405203668159509,0.00405203668159509,FORCE_BUY,110541.3030292444,47.17,2.499999999999999,-0.5
2010-05-18,0.1848181229196538,0.05,0.295,FREE,-0.010083673031538272,0.005782778589576912,0.0,0.005782778589576912,FREE,111180.53890966586,46.14,2.499999999999999,-0.5
2010-05-19,0.17445643647325496,0.05,0.295,FREE,0.0026069954377578915,0.005534773091423887,0.0023897458179447696,0.005534773091423887,FREE,111795.89796471309,46.15,2.4499999999999993,-0.5
2010-05-20,0.18140168644091517,0.05,0.295,FREE,-0.030030688294607668,-0.02418851181889813,0.0,-0.02418851181889813,FORCE_SELL,111795.89796471309,44.25,2.2999999999999994,-0.5
2010-05-21,0.2103951059514562,0.05,0.295,FREE,0.009436081779375457,0.014030205722671793,0.0013480116827678389,0.014030205722671793,FREE,113364.41741210884,44.93,-0.5,-0.5
2010-05-24,0.19405888506866217,0.05,0.295,FREE,-0.004261045077371836,0.0010206699896981603,0.010091948867458856,0.0010206699896981603,FORCE_SELL,114508.48531602112,44.4,-0.5,-0.5
2010-05-25,0.2030467963831469,0.05,0.295,FREE,0.03200731595793315,0.010516689529035131,0.010516689529035131,0.010516689529035131,FORCE_BUY,118173.59458539535,45.14,2.3999999999999995,-0.5
2010-05-26,0.19929481556671416,0.05,0.295,FREE,-0.016046356139959906,-0.00696606862387283,0.0,-0.00696606862387283,FORCE_SELL,118173.59458539535,44.15,2.2999999999999994,-0.5
2010-05-27,0.2170547040619996,0.05,0.15,FORCE_SELL,0.01660761736049597,0.0017714791851196757,0.0,0.0,FORCE_BUY,120136.17642638396,45.91,2.4499999999999993,-0.5
2010-05-28,0.19685758605659612,0.05,0.15,FORCE_SELL,0.001644195988161549,0.004412010591574342,0.0,0.0,FREE,120666.21850920841,45.69,2.3999999999999995,-0.5
2010-06-01,0.19098898729743138,0.05,0.295,FREE,0.0033252050543115105,-0.0067938388905465046,0.0,-0.0067938388905465046,FORCE_BUY,121067.4584288799,45.26,2.2999999999999994,-0.5
2010-06-02,0.2151890332274855,0.05,0.15,FORCE_SELL,0.02007943512797881,0.018314210061782906,0.018314210061782906,0.018314210061782906,FORCE_BUY,123498.42460651185,46.23,2.499999999999999,-0.5
2010-06-03,0.2069969319470998,0.05,0.15,FORCE_SELL,0.0,0.0,0.0,0.0,FORCE_BUY,123498.42460651185,46.65,2.499999999999999,-0.5
2010-06-04,0.19563116038650555,0.05,0.15,FORCE_SELL,-0.024590163934426226,-0.018183069569955936,0.0,0.0,FORCE_SELL,123498.42460651185,45.22,1.5499999999999994,-0.5
2010-06-07,0.20885315936325388,0.05,0.15,FORCE_SELL,-0.012894619831035915,-0.005931385219350774,0.0,0.0,FORCE_SELL,123498.42460651185,44.4,1.4999999999999996,-0.5
2010-06-08,0.22291713227248974,0.05,0.15,FORCE_SELL,-0.005409060175794369,-0.005409060175794369,0.0,0.0,FORCE_SELL,123498.42460651185,44.13,2.3999999999999995,1.4499999999999995
2010-06-09,0.21945316561277126,0.05,0.15,FORCE_SELL,-0.004769475357710581,0.010672490285996343,0.0,0.0,FREE,124816.46034346068,43.82,2.4499999999999993,0.5999999999999996
2010-06-10,0.22915895557916746,0.05,0.15,FORCE_SELL,0.009390884036844563,0.001529584316931687,0.0,0.0,FORCE_BUY,125988.59724843554,44.94,-0.5,0.5999999999999996
2010-06-11,0.22376398871853317,0.05,0.15,FORCE_SELL,0.003975265017667711,0.0019655477031801324,0.0,0.0,FORCE_BUY,126489.43531170227,45.46,-0.5,0.5999999999999996
2010-06-14,0.22026801433454715,0.05,0.15,FORCE_SELL,-0.0039370078740155875,0.007881801524974329,0.0,0.0,FREE,127486.3999358352,45.54,-0.5,2.2499999999999996
2010-06-15,0.23562625631655018,0.05,0.15,FORCE_SELL,0.011067708333333435,0.004775135670091958,0.0,0.0,FORCE_BUY,128897.38222679173,46.59,-0.5,2.2499999999999996
2010-06-16,0.21927978250481228,0.05,0.15,FORCE_SELL,0.005796479175612026,0.004723057106054107,0.0,0.0,FORCE_BUY,129644.53321866023,46.85,-0.5,2.2499999999999996
2010-06-17,0.23292458734040644,0.05,0.15,FORCE_SELL,0.005020831107787577,0.005661515638768408,0.0,0.0,FREE,130378.51777095851,47.04,-0.5,2.2499999999999996
2010-06-18,0.2322011911142713,0.05,0.295,FREE,0.0,0.0007979740449940729,0.0,0.0007979740449940729,FREE,130482.55644416454,47.0,-0.5,-0.5
2010-06-21,0.2413291431801179,0.05,0.295,FREE,-0.015374894692502075,-0.00996486664136192,0.0,-0.00996486664136192,FORCE_SELL,130482.55644416454,46.75,1.4499999999999995,-0.5
2010-06-22,0.23491115656610564,0.05,0.15,FORCE_SELL,-0.006228522336769725,-0.003030373406293688,0.004295532646048086,0.004295532646048086,FORCE_SELL,131043.04852511027,46.27,2.4499999999999993,-0.5
2010-06-23,0.24944982370907812,0.05,0.15,FORCE_SELL,-0.00282118055555546,0.005882352941176647,0.0,0.0,FREE,131813.8899870227,45.95,2.499999999999999,-0.5
2010-06-24,0.23940374593151817,0.05,0.15,FORCE_SELL,-0.0021929824561404206,0.004089127346778666,0.0,0.0,FREE,132352.89376925392,45.5,2.499999999999999,-0.5
2010-06-25,0.2351347466349766,0.05,0.15,FORCE_SELL,-0.005726872246695947,-0.011850859835145637,0.0,0.0,FORCE_SELL,132352.89376925392,45.14,2.499999999999999,1.9999999999999996
2010-06-28,0.23469904296744004,0.05,0.15,FORCE_SELL,-0.004189636163175426,-0.009679219205274916,0.0,0.0,FORCE_SELL,132352.89376925392,45.16,-0.5,2.2499999999999996
2010-06-29,0.23572096172482224,0.05,0.15,FORCE_SELL,-0.024943820224719006,-0.02143326692219753,0.0,0.0,FORCE_SELL,132352.89376925392,43.39,-0.5,-0.5
2010-06-30,0.23458932172149694,0.05,0.15,FORCE_SELL,-0.0072009291521485256,-0.0072009291521485256,0.0,0.0,FORCE_SELL,132352.89376925392,42.74,-0.5,-0.5
2010-07-01,0.247246071957302,0.05,0.15,FORCE_SELL,-0.00046904315196994665,0.004247969325574787,0.0,0.0,FREE,132915.12480213676,42.62,-0.5,-0.5
2010-07-02,0.2443375344033711,0.05,0.15,FORCE_SELL,0.00047270148900956257,0.001575374725117597,0.0,0.0,FREE,133124.5159303359,42.33,-0.5,-0.5
2010-07-06,0.241254633272976,0.05,0.15,FORCE_SELL,-0.006514657980455918,-0.004431394215736485,0.0,0.0,FORCE_SELL,133124.5159303359,42.7,-0.5,0.9999999999999996
2010-07-07,0.24509734835546684,0.05,0.15,FORCE_SELL,0.0,0.0,0.0,0.0,FORCE_BUY,133124.5159303359,44.02,-0.5,-0.5
2010-07-08,0.2388152312189952,0.05,0.15,FORCE_SELL,0.005235602094240677,0.005465158778911978,0.0,0.0,FREE,133852.062547261,44.16,-0.5,-0.5
2010-07-09,0.21795492332719366,0.05,0.15,FORCE_SELL,0.012261580381471468,0.010910857927274925,0.0,0.0,FORCE_BUY,135493.30037141,44.58,-0.5,-0.5
2010-07-12,0.217747146679693,0.05,0.15,FORCE_SELL,0.01147614761476159,0.000675067506750631,0.0,0.0,FORCE_BUY,137048.24148728352,44.95,1.6499999999999995,-0.5
2010-07-13,0.210953328250871,0.05,0.15,FORCE_SELL,0.0,0.0,0.0,0.0,FORCE_BUY,137048.24148728352,45.86,1.6499999999999995,-0.5
2010-07-14,0.21667786965948524,0.05,0.15,FORCE_SELL,0.0,0.0,0.0,0.0,FORCE_BUY,137048.24148728352,45.55,1.6499999999999995,-0.5
2010-07-15,0.2164535570475893,0.05,0.15,FORCE_SELL,0.0,0.0,0.0,0.0,FORCE_BUY,137048.24148728352,45.62,1.6499999999999995,-0.5
2010-07-16,0.21676689951213202,0.05,0.15,FORCE_SELL,-0.0035938903863433234,-0.0035938903863433234,0.0,0.0,FORCE_SELL,137048.24148728352,44.36,1.6499999999999995,-0.5
2010-07-19,0.21380215663754884,0.05,0.15,FORCE_SELL,-0.003376097231600324,0.0029259509340535954,0.0,0.0,FREE,137449.23791747363,44.28,1.6499999999999995,-0.5
2010-07-20,0.22033726136964793,0.05,0.15,FORCE_SELL,0.03265306122448984,0.0003401360544217901,0.0,0.0,FORCE_BUY,141937.37629845235,45.54,1.6499999999999995,-0.5
2010-07-21,0.20898731739303325,0.05,0.15,FORCE_SELL,-0.00798580301685899,0.000861592273960622,0.0,0.0,FREE,142059.66844525732,44.72,1.6499999999999995,-0.5
2010-07-22,0.209776245667374,0.05,0.15,FORCE_SELL,0.0,0.0,0.0,0.0,FORCE_BUY,142059.66844525732,45.69,2.4499999999999993,1.5499999999999994
2010-07-23,0.21840303432028885,0.05,0.15,FORCE_SELL,0.0,0.0,0.0,0.0,FORCE_BUY,142059.66844525732,46.22,2.1499999999999995,-0.5
2010-07-26,0.219280028025967,0.05,0.15,FORCE_SELL,0.00694896851248635,0.008485210932778023,0.0,0.0,FREE,143265.07469705582,46.37,-0.5,2.4499999999999993
2010-07-27,0.2086913080431085,0.05,0.23,FREE,-0.004075504075503945,0.008214666877872583,0.0,0.008214666877872583,FREE,144441.94956092568,46.43,-0.5,2.4499999999999993
2010-07-28,0.20411449238999305,0.05,0.23,FREE,-0.00841242450388269,-0.005408157170969235,0.0,-0.005408157170969235,FORCE_SELL,144441.94956092568,45.97,-0.5,2.0999999999999996
2010-07-29,0.21070327037913808,0.05,0.23,FREE,-0.010619852622453407,-0.014109601927010239,0.0,-0.014109601927010239,FORCE_SELL,144441.94956092568,45.65,-0.5,-0.5
2010-07-30,0.22018964416983047,0.05,0.15,FORCE_SELL,0.006361044088615909,-0.0010967317394166463,-0.0010967317394166463,-0.0010967317394166463,FORCE_BUY,145360.75117032838,45.88,2.2999999999999994,-0.5
2010-08-02,0.2259299207198601,0.05,0.15,FORCE_SELL,0.0,0.0,0.0,0.0,FORCE_BUY,145360.75117032838,46.63,1.7499999999999996,-0.5
2010-08-03,0.20362754208586076,0.05,0.15,FORCE_SELL,0.0,0.0,0.0,0.0,FORCE_BUY,145360.75117032838,46.56,1.7499999999999996,-0.5
2010-08-04,0.21530837663345537,0.05,0.15,FORCE_SELL,0.0,0.0,0.0,0.0,FORCE_BUY,145360.75117032838,46.89,1.7499999999999996,-0.5
2010-08-05,0.19916881335129324,0.05,0.15,FORCE_SELL,0.0027855153203342675,0.0025712449110778077,0.0,0.0,FORCE_BUY,145765.65576968863,46.8,1.7499999999999996,-0.5
2010-08-06,0.1967289730947492,0.05,0.15,FORCE_SELL,0.0,0.0,0.0,0.0,FORCE_BUY,145765.65576968863,46.77,1.7499999999999996,-0.5
2010-08-09,0.20720388882647925,0.05,0.15,FORCE_SELL,0.0,0.0,0.0,0.0,FORCE_BUY,145765.65576968863,47.05,1.7499999999999996,-0.5
2010-08-10,0.19506119567953528,0.05,0.15,FORCE_SELL,-0.0028911018310311563,-0.0028911018310311563,0.0,0.0,FORCE_SELL,145765.65576968863,46.56,1.7499999999999996,-0.5
2010-08-11,0.19100509469573793,0.05,0.15,FORCE_SELL,-0.022440087145969526,-0.022440087145969526,0.0,0.0,FORCE_SELL,145765.65576968863,44.87,1.1999999999999997,1.3499999999999996
2010-08-12,0.1924959783034447,0.05,0.15,FORCE_SELL,0.0008882966910948547,0.011550032393286285,0.0,0.0,FREE,147449.25381565714,45.07,2.1499999999999995,-0.30000000000000004
2010-08-13,0.19661125615857958,0.05,0.15,FORCE_SELL,-0.003348214285714239,0.005787074806033066,0.0,0.0,FREE,148302.55367758212,44.65,1.8999999999999995,-0.20000000000000007
2010-08-16,0.19650014455122164,0.05,0.15,FORCE_SELL,0.002239641657334866,0.010077084416966439,0.0,0.0,FREE,149797.0110302428,44.75,-0.5,-0.15000000000000008
2010-08-17,0.19980327363291375,0.05,0.15,FORCE_SELL,0.0,0.0,0.0,0.0,FORCE_BUY,149797.0110302428,45.34,-0.5,1.9499999999999993
2010-08-18,0.19566984302320248,0.05,0.15,FORCE_SELL,0.0,0.0,0.0,0.0,FORCE_BUY,149797.0110302428,45.18,-0.5,2.349999999999999
2010-08-19,0.19139900100931964,0.05,0.15,FORCE_SELL,0.0,0.0,0.0,0.0,FORCE_BUY,149797.0110302428,44.88,-0.5,2.349999999999999
2010-08-20,0.19875709329050154,0.05,0.15,FORCE_SELL,0.008754208754208674,0.009203142536475972,0.0,0.0,FREE,151175.6142742922,44.94,-0.5,2.349999999999999
2010-08-23,0.19612585194525012,0.05,0.23,FREE,-0.012238540275923407,-0.012238540275923407,0.0,-0.012238540275923407,FORCE_SELL,151175.6142742922,44.39,-0.5,2.2999999999999994
2010-08-24,0.1932734358821181,0.05,0.15,FORCE_SELL,-0.012429378531073398,-0.009965491745825512,-0.0011299435028248276,-0.0011299435028248276,FORCE_SELL,151004.79437115742,43.7,2.4499999999999993,-0.5
2010-08-25,0.1936753894408694,0.05,0.15,FORCE_SELL,0.013786764705882165,0.006433823529411559,0.0,0.0,FORCE_BUY,153086.66194061268,44.12,2.4499999999999993,-0.5
2010-08-26,0.19269564242055526,0.05,0.15,FORCE_SELL,-0.005264362554360258,0.004135075365729775,0.0,0.0,FREE,153719.68682522513,43.46,-0.5,1.3499999999999996
2010-08-27,0.1945208330509639,0.05,0.15,FORCE_SELL,0.011223087494273868,0.011223087494273868,0.0,0.0,FORCE_BUY,155444.896320057,44.15,-0.5,1.7499999999999996
2010-08-30,0.1841383545576075,0.05,0.23,FREE,-0.008412914961346012,-0.004921411140787383,0.0,-0.004921411140787383,FORCE_SELL,155444.896320057,43.61,-0.5,0.5999999999999996
2010-08-31,0.19176670597378068,0.05,0.15,FORCE_SELL,0.00924428010168698,0.00924428010168698,0.00924428010168698,0.00924428010168698,FORCE_BUY,156881.87248201732,43.67,1.6999999999999993,2.499999999999999
2010-09-01,0.19080038317458672,0.05,0.15,FORCE_SELL,0.019795221843003377,0.0016716287851281,-0.00045506257110355133,-0.00045506257110355133,FORCE_BUY,159987.3839509446,44.82,1.5499999999999994,-0.5
2010-09-02,0.19304836399977257,0.05,0.23,FREE,0.00937709310113883,0.005135074793480805,0.0,0.005135074793480805,FORCE_BUY,161487.60054526024,45.21,1.5499999999999994,2.499999999999999
2010-09-03,0.19706965235078625,0.05,0.23,FREE,0.01903075901748178,0.011285682673157988,0.0,0.011285682673157988,FORCE_BUY,164560.83215554847,46.05,1.1499999999999997,-0.5
2010-09-07,0.18522417227713261,0.05,0.23,FREE,0.0006565988181221052,0.0032881743574202987,0.0,0.0032881743574202987,FREE,165101.93686407807,45.72,1.1499999999999997,-0.5
2010-09-08,0.18975866566388386,0.05,0.23,FREE,0.013137727173199174,0.01064896771726211,0.005911977227939469,0.01064896771726211,FORCE_BUY,167271.00106636508,46.27,1.1499999999999997,-0.5
2010-09-09,0.19227137505296657,0.05,0.23,FREE,0.0025929127052722184,5.576156355481477e-06,0.0021607605877269204,5.576156355481477e-06,FORCE_BUY,167704.72017025365,46.4,1.1499999999999997,-0.5
2010-09-10,0.18776835107859915,0.05,0.23,FREE,0.001503759398496243,0.001503759398496243,0.001503759398496243,0.001503759398496243,FORCE_BUY,167956.90771938188,46.62,-0.5,-0.5
2010-09-13,0.19805172424315656,0.05,0.23,FREE,0.01069518716577546,0.004705882352941225,0.004705882352941225,0.004705882352941225,FORCE_BUY,169753.23828322554,47.25,1.1999999999999997,-0.5
2010-09-14,0.1896746781536387,0.05,0.23,FREE,-0.0018979333614509652,-0.0018979333614509652,0.0,-0.0018979333614509652,FORCE_SELL,169753.23828322554,47.33,2.0499999999999994,-0.5
2010-09-15,0.19520979709157685,0.05,0.23,FREE,0.0054736842105261654,0.0025156623509528654,0.00042105263157900106,0.0025156623509528654,FORCE_BUY,170682.4139033021,47.76,2.2999999999999994,-0.5
2010-09-16,0.1934624482169018,0.05,0.23,FREE,0.012389752204955836,0.0008504829903401965,0.0,0.0008504829903401965,FORCE_BUY,172797.12671730772,48.21,2.1999999999999993,-0.5
2010-09-17,0.19062744129098633,0.05,0.23,FREE,-0.0031159119235561667,0.0014504406834252364,0.0,0.0014504406834252364,FREE,173047.7586998775,47.99,2.1999999999999993,-0.5
2010-09-20,0.19489909239798342,0.05,0.23,FREE,0.012250830564784074,0.002076411960132815,0.0,0.002076411960132815,FORCE_BUY,175167.73747132535,48.75,1.9999999999999996,-0.5
2010-09-21,0.18921220399023087,0.05,0.23,FREE,0.0008215239268843873,-0.0016324724538108696,0.0,-0.0016324724538108696,FORCE_BUY,175311.64195887622,48.73,1.9999999999999996,-0.5
2010-09-22,0.18769590406610562,0.05,0.23,FREE,0.0022629088664883347,0.0045328063335526485,0.001440032915038057,0.0045328063335526485,FREE,176106.2956798929,48.72,-0.5,1.2999999999999996
2010-09-23,0.18747102268869797,0.05,0.23,FREE,-0.003280032800327997,-0.002665658462625213,-0.0016400164001638584,-0.002665658462625213,FORCE_SELL,175817.47846680577,48.62,-0.5,1.1499999999999997
2010-09-24,0.20112223565996298,0.05,0.23,FREE,0.014702879313865503,0.0014200540000343358,0.0006126199714110685,0.0014200540000343358,FORCE_BUY,178402.50163397135,49.69,-0.5,-0.5
2010-09-27,0.19566391325205146,0.05,0.23,FREE,-0.0018203883495144613,-0.0018203883495144613,0.0,-0.0018203883495144613,FORCE_SELL,178402.50163397135,49.35,-0.5,1.6499999999999995
2010-09-28,0.1941140082905641,0.05,0.23,FREE,0.002840909090909056,0.0027105534273317434,0.005275974025973901,0.0027105534273317434,FORCE_SELL,179343.74859876093,49.42,2.0999999999999996,0.9999999999999996
2010-09-29,0.1887877764034993,0.05,0.23,FREE,0.0,0.0,0.0,0.0,FORCE_BUY,179343.74859876093,49.33,2.349999999999999,2.4499999999999993
2010-09-30,0.1955900930080383,0.05,0.23,FREE,-0.0022353180247916805,-0.005080268238162973,0.0,-0.005080268238162973,FORCE_SELL,179343.74859876093,49.1,2.2999999999999994,1.1499999999999997
2010-10-01,0.19478130996999377,0.05,0.23,FREE,0.004912998976458695,0.004297871656130274,0.0,0.004297871656130274,FORCE_BUY,180224.8642520609,49.09,2.2499999999999996,-0.5
2010-10-04,0.19282917237094035,0.05,0.23,FREE,-0.007150153217568914,0.0018386108273748636,0.0018386108273748636,0.0018386108273748636,FREE,180556.22763883692,48.6,2.0499999999999994,1.4999999999999996
2010-10-05,0.19771707644157566,0.05,0.23,FREE,0.0,0.0,0.0,0.0,FORCE_BUY,180556.22763883692,49.73,2.0499999999999994,1.4999999999999996
2010-10-06,0.1946910815427071,0.05,0.23,FREE,0.005921993056973727,0.005921993056973727,0.0,0.005921993056973727,FORCE_BUY,181625.4803653075,49.26,2.0499999999999994,1.4999999999999996
2010-10-07,0.1904636706433311,0.05,0.23,FREE,0.005278116118554671,0.0034510759236703616,0.0034510759236703616,0.0034510759236703616,FORCE_BUY,182584.12074076387,49.52,1.8499999999999996,-0.5
2010-10-08,0.19505359796698973,0.05,0.23,FREE,0.012823122328516082,0.009566456340321458,0.0,0.009566456340321458,FORCE_BUY,184925.41925626723,49.76,1.4499999999999995,2.1499999999999995
2010-10-11,0.1943417719063775,0.05,0.23,FREE,0.0,0.0,0.0,0.0,FORCE_BUY,184925.41925626723,49.77,1.3999999999999995,2.2999999999999994
2010-10-12,0.15498499935410437,0.05,0.23,FREE,0.0,0.0,0.0,0.0,FORCE_BUY,184925.41925626723,50.11,1.3999999999999995,2.2999999999999994
2010-10-13,0.15300955284481565,0.05,0.23,FREE,0.0,0.0,0.0,0.0,FORCE_BUY,184925.41925626723,50.53,0.9499999999999997,2.1499999999999995
2010-10-14,0.15566268277420445,0.05,0.23,FREE,0.0,0.0,0.0,0.0,FORCE_BUY,184925.41925626723,50.91,0.9499999999999997,2.1499999999999995
2010-10-15,0.1596675821301302,0.05,0.23,FREE,0.01666173715863154,0.005225278517203846,0.0,0.005225278517203846,FORCE_BUY,188006.59798586488,51.56,0.4999999999999998,-0.5
2010-10-18,0.1674434127299247,0.05,0.23,FREE,0.0,0.0,0.0,0.0,FORCE_BUY,188006.59798586488,50.78,0.34999999999999987,1.8999999999999995
2010-10-19,0.15390617255956363,0.05,0.23,FREE,-0.001576044129235526,0.00176668997527912,0.0,0.00176668997527912,FREE,188338.74735781283,50.68,0.34999999999999987,1.8999999999999995
2010-10-20,0.15939524980190475,0.05,0.23,FREE,0.007058823529411823,0.008638833450618874,0.0013725490196078245,0.008638833450618874,FREE,189965.77442853517,51.36,-0.5,-0.5
2010-10-21,0.15448649937913167,0.05,0.23,FREE,-0.005251896518186951,-0.005462326812730327,0.0017506321727291173,-0.005462326812730327,FORCE_SELL,190298.3346249672,51.14,-0.5,1.1499999999999997
2010-10-22,0.15125565093929424,0.05,0.23,FREE,0.0,0.0,0.0,0.0,FORCE_BUY,190298.3346249672,51.71,-0.5,1.4999999999999996
2010-10-25,0.15616454798283186,0.05,0.23,FREE,-0.00019301293186652093,-0.00019301293186652093,0.0,-0.00019301293186652093,FORCE_SELL,190298.3346249672,51.8,-0.5,1.4999999999999996
2010-10-26,0.1493202261570435,0.05,0.23,FREE,0.006761978361669289,0.000550633681452038,-0.0015455950540957067,0.000550633681452038,FORCE_BUY,191585.1278459629,52.11,-0.5,1.4999999999999996
2010-10-27,0.15272722988705123,0.15,0.23,FREE,0.006755452615325062,0.0003860258637326915,0.0,0.0003860258637326915,FORCE_BUY,192879.3720989273,52.16,-0.5,2.2499999999999996
2010-10-28,0.14907709685984716,0.155,0.23,FORCE_BUY,0.0076997112608278235,0.008471303689052044,0.0,0.0076997112608278235,FREE,194513.31183533097,52.35,1.9499999999999993,1.9999999999999996
2010-10-29,0.1573375295119476,0.155,0.23,FREE,0.0011520737327188962,0.0030683378240231054,0.00403225806451607,0.0030683378240231054,FORCE_SELL,195297.6397056347,52.14,-0.5,2.0499999999999994
2010-11-01,0.15288651014027926,0.155,0.23,FORCE_BUY,-0.0026686999618757336,-0.0018133094261744672,0.0009531071292412764,-0.0026686999618757336,FORCE_SELL,195483.77927836214,52.32,2.1999999999999993,-0.5
2010-11-02,0.14950519796964182,0.155,0.23,FORCE_BUY,0.009523809523809552,0.01124123121933853,0.007047619047619021,0.009523809523809552,FREE,197681.25764086036,53.0,1.3499999999999996,1.0999999999999996
2010-11-03,0.14836303765549286,0.155,0.23,FORCE_BUY,0.00795303919712168,0.00795303919712168,0.00795303919712168,0.00795303919712168,FORCE_BUY,199253.42443141443,53.23,1.7999999999999994,1.0499999999999996
2010-11-04,0.14868696118866878,0.155,0.23,FORCE_BUY,0.005999250093738175,0.0014998125234345436,0.0014998125234345436,0.005999250093738175,FORCE_BUY,200448.79555661225,53.66,1.9499999999999993,-0.5
2010-11-05,0.14112015451551152,0.155,0.23,FORCE_BUY,0.00037237013591489817,0.00037237013591489817,0.00037237013591489817,0.00037237013591489817,FORCE_BUY,200523.43670185763,53.73,1.7499999999999996,1.1999999999999997
2010-11-08,0.14367338365448987,0.155,0.23,FORCE_BUY,-0.0011187768040276415,-0.0011187768040276415,-0.0011187768040276415,-0.0011187768040276415,FORCE_BUY,200299.0957322117,53.57,-0.5,0.7499999999999998
2010-11-09,0.14255075902939313,0.155,0.23,FORCE_BUY,-0.003909886427108573,0.003735700705263111,0.0022342208154904277,-0.003909886427108573,FREE,201047.3532054021,53.5,2.1999999999999993,0.34999999999999987
2010-11-10,0.14278115002743305,0.155,0.23,FORCE_BUY,-0.009710550887021432,-0.0003734827264238311,-0.0003734827264238311,-0.009710550887021432,FREE,200972.26549178665,53.03,2.1999999999999993,-0.5
2010-11-11,0.14178241375825587,0.05,0.23,FREE,0.0037650602409639196,0.004468954556143873,-0.0018825301204818284,0.004468954556143873,FREE,201870.4014133147,53.32,2.1999999999999993,0.3999999999999998
2010-11-12,0.14537186449862685,0.05,0.23,FREE,-0.009266263237518996,-0.009266263237518996,0.0,-0.009266263237518996,FORCE_SELL,201870.4014133147,52.39,2.0999999999999996,0.6499999999999997
2010-11-15,0.14991099815515466,0.05,0.23,FREE,-0.008753568030447096,-0.007245108556268594,0.003044719314938309,-0.007245108556268594,FORCE_SELL,202485.04012361218,52.09,2.0499999999999994,0.5999999999999996
2010-11-16,0.12152844657445623,0.05,0.23,FREE,-0.007884615384615339,-0.006924612644558984,-0.001346153846153848,-0.006924612644558984,FORCE_SELL,202212.46410806116,51.59,2.349999999999999,2.0499999999999994
2010-11-17,0.1278331058520439,0.05,0.23,FREE,0.0009676795045480517,-0.0003870718018193276,0.0,-0.0003870718018193276,FORCE_BUY,202408.1409651427,51.72,2.499999999999999,2.0499999999999994
2010-11-18,0.13366061839162438,0.13,0.23,FREE,-0.003227643820011533,-0.002658059616480047,0.0,-0.002658059616480047,FORCE_SELL,202408.1409651427,52.5,-0.5,1.5999999999999996
2010-11-19,0.1252371722159372,0.13,0.23,FORCE_BUY,0.0055566200421537605,0.0055566200421537605,0.0,0.0055566200421537605,FORCE_BUY,203532.8460979247,52.48,2.0499999999999994,2.499999999999999
2010-11-22,0.12422018749454093,0.13,0.23,FORCE_BUY,0.002654028436018964,0.019580055917392876,0.0007582938388624664,0.002654028436018964,FREE,207518.03060554818,52.89,2.1499999999999995,2.499999999999999
2010-11-23,0.12840336456162027,0.05,0.23,FREE,-0.007977207977207999,-0.003413334251697402,-0.007787274453941065,-0.003413334251697402,FREE,206809.70220383746,52.23,1.5999999999999996,-0.5
2010-11-24,0.12272788659940043,0.05,0.23,FREE,0.018773946360153084,0.001340996168582325,0.0,0.001340996168582325,FORCE_BUY,210692.33645977153,53.18,1.6999999999999993,-0.5
2010-11-26,0.12858181844003078,0.05,0.23,FREE,-0.0007577192650123787,-0.003599166508808499,0.0,-0.003599166508808499,FORCE_SELL,210692.33645977153,52.75,1.4999999999999996,-0.5
2010-11-29,0.12776628353848046,0.05,0.23,FREE,0.010139659460493451,0.00899177348383386,0.0,0.00899177348383386,FORCE_BUY,212828.68500240933,52.8,1.7499999999999996,-0.5
2010-11-30,0.12988815364536097,0.13,0.23,FORCE_BUY,-0.006497229122874012,-0.003452009901794846,0.0,-0.006497229122874012,FORCE_SELL,212828.68500240933,51.99,1.7499999999999996,-0.5
2010-12-01,0.12641541984287394,0.05,0.23,FREE,0.015678776290630973,0.00420650095602304,0.00420650095602304,0.00420650095602304,FORCE_BUY,216165.57834279127,53.12,2.2499999999999996,-0.5
2010-12-02,0.12659615376974281,0.13,0.23,FORCE_BUY,0.0,0.0,0.0,0.0,FORCE_BUY,216165.57834279127,53.84,2.2499999999999996,-0.5
2010-12-03,0.12198037811616208,0.13,0.23,FORCE_BUY,0.0,0.0,0.0,0.0,FORCE_BUY,216165.57834279127,53.88,2.2499999999999996,-0.5
2010-12-06,0.1253429054015713,0.13,0.23,FORCE_BUY,0.0,0.0,0.0,0.0,FORCE_BUY,216165.57834279127,53.93,2.2499999999999996,-0.5
2010-12-07,0.12297821483920064,0.13,0.23,FORCE_BUY,-0.0027728501162599746,-0.0027728501162599746,0.0,-0.0027728501162599746,FORCE_SELL,216165.57834279127,53.91,1.5499999999999994,2.0999999999999996
2010-12-08,0.11453080545477194,0.13,0.23,FORCE_BUY,0.007426661715558761,0.007426661715558761,0.007426661715558761,0.007426661715558761,FORCE_BUY,217770.9669676913,54.26,1.6499999999999995,2.1499999999999995
2010-12-09,0.1205362370679111,0.13,0.23,FORCE_BUY,-0.0018426386585590657,0.002026902524414959,0.002026902524414959,-0.0018426386585590657,FREE,218212.3674903824,54.17,1.8499999999999996,1.8999999999999995
2010-12-10,0.11138270469467411,0.13,0.23,FORCE_BUY,0.003683241252302176,0.0024861878453039657,0.0024861878453039657,0.003683241252302176,FORCE_BUY,219016.0962840855,54.5,1.2999999999999996,1.8999999999999995
2010-12-13,0.12205572904344254,0.13,0.23,FORCE_BUY,-0.004215542521994247,0.00017278413600650097,0.0025659824046920425,-0.004215542521994247,FORCE_SELL,219578.0877334948,54.33,1.2999999999999996,1.8999999999999995
2010-12-14,0.115071951689517,0.13,0.23,FORCE_BUY,-0.002020573108008814,-0.002020573108008814,-0.002020573108008814,-0.002020573108008814,FORCE_BUY,219134.4141543125,54.33,1.2999999999999996,1.8999999999999995
2010-12-15,0.11615656412165365,0.13,0.23,FORCE_BUY,-0.002580645161290283,0.0007361012615984153,0.0011059907834101964,-0.002580645161290283,FORCE_SELL,219376.77479669513,54.11,1.3499999999999996,-0.5
2010-12-16,0.11243295484551179,0.115,0.23,FORCE_BUY,0.007187615186140853,0.0003685956505714303,0.0003685956505714303,0.007187615186140853,FORCE_BUY,220953.57063471043,54.65,1.4999999999999996,1.4999999999999996
2010-12-17,0.11739890562171917,0.115,0.23,FREE,-0.0014668133480015004,-0.00018335166850017118,-0.00018335166850017118,-0.00018335166850017118,FREE,220913.05842887348,54.46,0.8499999999999996,1.4499999999999995
2010-12-20,0.11446873208377338,0.115,0.23,FORCE_BUY,0.004237288135593063,0.0009260092957980604,0.0,0.004237288135593063,FORCE_BUY,221849.13071035172,54.51,1.2999999999999996,0.7999999999999998
2010-12-21,0.11111914016526654,0.115,0.23,FORCE_BUY,0.0029266508139747342,0.0018291567587342575,0.0018291567587342575,0.0029266508139747342,FORCE_BUY,222498.40564932473,54.83,1.2999999999999996,0.7999999999999998
2010-12-22,0.11023930181394763,0.115,0.23,FORCE_BUY,0.0020069330414157595,0.002371829958036795,0.002371829958036795,0.0020069330414157595,FREE,223026.13403345924,54.92,1.2999999999999996,0.7999999999999998
2010-12-23,0.11695332409104468,0.115,0.23,FREE,-0.002367941712203948,-0.0014571948998179035,-0.0014571948998179035,-0.0014571948998179035,FREE,222701.14148841958,54.77,1.2999999999999996,0.7999999999999998
2010-12-27,0.119046366454234,0.115,0.23,FREE,0.010970775329584266,0.010970775329584266,0.0,0.010970775329584266,FORCE_BUY,225144.34567733097,54.83,1.2999999999999996,0.7999999999999998
2010-12-28,0.11748416595279988,0.115,0.23,FREE,-0.0021889821233125953,-0.0018250167693542388,0.0005472455308282449,-0.0018250167693542388,FORCE_SELL,225267.55491429413,54.7,1.2999999999999996,0.7999999999999998
2010-12-29,0.11774548207797163,0.115,0.23,FREE,0.0,0.001914757689148488,0.0023721694667639516,0.001914757689148488,FORCE_SELL,225801.9277299144,54.76,1.1499999999999997,0.9999999999999996
2010-12-30,0.11856717901251353,0.115,0.23,FREE,-0.0023722627737225014,-0.0029197080291970038,-0.0029197080291970038,-0.0029197080291970038,FORCE_BUY,225266.26622252594,54.67,1.4499999999999995,0.9999999999999996
2010-12-31,0.11672296014398859,0.115,0.23,FREE,-0.000732869182850929,-0.000732869182850929,0.0,-0.000732869182850929,FORCE_SELL,225266.26622252594,54.54,-0.5,1.1499999999999997
2011-01-03,0.10844896890473034,0.115,0.23,FORCE_BUY,0.009495982468955427,0.009495982468955427,0.009495982468955427,0.009495982468955427,FORCE_BUY,227405.39073742207,55.28,1.2499999999999996,-0.5
2011-01-04,0.114099910543078,0.115,0.23,FORCE_BUY,-0.0012662807525324572,-0.0007787513751332108,0.0028943560057887265,-0.0012662807525324572,FORCE_SELL,228063.58289585166,55.21,1.2499999999999996,-0.5
2011-01-05,0.10651721616079236,0.115,0.23,FORCE_BUY,0.01327031448827491,0.003709263227957115,0.0018178512997636567,0.01327031448827491,FORCE_BUY,231090.05836420236,55.74,-0.5,0.7499999999999998
2011-01-06,0.10791829386661606,0.115,0.23,FORCE_BUY,0.001254030813328578,0.007465114155637124,0.000895736295234609,0.001254030813328578,FREE,232815.172030124,55.89,-0.5,0.8999999999999997
2011-01-07,0.10628419872665451,0.115,0.23,FORCE_BUY,0.0008952551477170255,0.0016114592658907714,0.0016114592658907714,0.0008952551477170255,FREE,233190.34419633186,55.9,-0.5,1.1499999999999997
2011-01-10,0.10751998098391415,0.115,0.23,FORCE_BUY,0.006829618979151629,0.006468241078699549,0.005391804457224951,0.006829618979151629,FORCE_BUY,234782.94539681004,56.02,0.7999999999999998,0.7499999999999998
2011-01-11,0.10644067906501965,0.115,0.23,FORCE_BUY,0.0005342831700802231,0.0014261839395310625,-0.00017809439002669947,0.0005342831700802231,FREE,235117.78906281077,56.18,0.7999999999999998,0.7499999999999998
2011-01-12,0.10411850135470706,0.115,0.23,FORCE_BUY,0.005331437711036134,0.003021148036253776,0.003021148036253776,0.005331437711036134,FORCE_BUY,236371.30490995565,56.57,0.7999999999999998,0.7499999999999998
2011-01-13,0.10692852981031514,0.115,0.23,FORCE_BUY,0.0015903869941685735,0.0015021487702052353,0.0012369676621310165,0.0015903869941685735,FORCE_BUY,236747.2267590791,56.68,0.7999999999999998,0.7499999999999998
2011-01-14,0.10240319538864523,0.115,0.23,FORCE_BUY,0.007597173144876317,0.007597173144876317,0.007597173144876317,0.007597173144876317,FORCE_BUY,238545.8364323371,57.03,1.6499999999999995,1.1999999999999997
2011-01-18,0.10357759199132215,0.115,0.23,FORCE_BUY,0.01271635464500183,0.007417873542917703,0.007417873542917703,0.01271635464500183,FORCE_BUY,241579.26988749928,57.34,1.6999999999999993,0.9499999999999997
2011-01-19,0.10781668602019838,0.115,0.23,FORCE_BUY,-0.01414600069856787,-0.01414600069856787,-0.01414600069856787,-0.01414600069856787,FORCE_BUY,238161.8893669112,56.45,1.5999999999999996,1.2499999999999996
2011-01-20,0.11052428374991398,0.115,0.23,FORCE_BUY,-0.004789781798829142,-0.005676778428242001,-0.005676778428242001,-0.004789781798829142,FORCE_BUY,237021.1458840468,56.1,2.4499999999999993,-0.5
2011-01-21,0.11096612245493476,0.115,0.23,FORCE_BUY,-0.006425129394966952,-0.0012493307156880463,-0.0012493307156880463,-0.006425129394966952,FREE,236725.0280862263,55.67,2.3999999999999995,-0.5
2011-01-24,0.10671024377013738,0.115,0.23,FORCE_BUY,0.010941704035874416,0.0014349775784753434,0.0014349775784753434,0.010941704035874416,FORCE_BUY,239315.20328142983,56.36,1.8999999999999995,0.5499999999999998
2011-01-25,0.10724678576490553,0.115,0.23,FORCE_BUY,0.005516014234875239,0.0007117437722419341,0.0007117437722419341,0.005516014234875239,FORCE_BUY,240635.26934935222,56.51,1.8999999999999995,0.5499999999999998
2011-01-26,0.10622506785781853,0.115,0.23,FORCE_BUY,0.005120056497175214,0.0007062146892656021,0.0007062146892656021,0.005120056497175214,FORCE_BUY,241867.33552363387,56.93,1.8999999999999995,0.9499999999999997
2011-01-27,0.102607372623433,0.115,0.23,FORCE_BUY,0.0014052344985068224,0.0015808888108202982,0.0015808888108202982,0.0014052344985068224,FREE,242249.7008880661,57.01,1.7499999999999996,-0.5
2011-01-28,0.10902460531211224,0.115,0.23,FORCE_BUY,-0.022292434614709377,-0.013298250145379208,0.0017553098121818283,-0.022292434614709377,FORCE_SELL,242674.92416503304,55.7,1.5499999999999994,1.7999999999999994
2011-01-31,0.09361128922318175,0.115,0.23,FORCE_BUY,0.010791366906474937,0.010286835573924616,0.004676258992805747,0.010791366906474937,FORCE_BUY,245293.7183106989,56.2,-0.5,-0.5
2011-02-01,0.0913515262124016,0.115,0.23,FORCE_BUY,0.014588151574452988,0.0026601982220248502,0.0019569471624267024,0.014588151574452988,FORCE_BUY,248872.10025367656,57.03,-0.5,1.5499999999999994
2011-02-02,0.0979594542038245,0.115,0.23,FORCE_BUY,-0.0014030164854438338,-0.001052262364082814,-0.001052262364082814,-0.0014030164854438338,FREE,248610.22150910937,56.94,1.0999999999999996,1.3999999999999995
2011-02-03,0.0950244783089586,0.115,0.23,FORCE_BUY,0.0005265005265004831,0.00618756028939915,-0.0015795015795015722,0.0005265005265004831,FREE,250148.51224325784,57.01,-0.5,2.0999999999999996
2011-02-04,0.08669094165839185,0.115,0.23,FORCE_BUY,0.006484402383455967,0.009664947482144356,0.0024535576586048975,0.006484402383455967,FREE,252566.1844768255,57.43,1.0999999999999996,2.2999999999999994
2011-02-07,0.08988789652082918,0.115,0.23,FORCE_BUY,0.001043296817944741,0.004472380001965534,0.0019127108328985903,0.001043296817944741,FREE,253695.75642945236,57.57,-0.5,2.2499999999999996
2011-02-08,0.08738692158566418,0.115,0.23,FORCE_BUY,0.006242413733310184,0.0050286110629442875,0.0050286110629442875,0.006242413733310184,FORCE_BUY,255279.4303034701,58.03,-0.5,2.2499999999999996
2011-02-09,0.09096231679497237,0.115,0.23,FORCE_BUY,-0.0022456382794956518,-0.0022456382794956518,-0.0022456382794956518,-0.0022456382794956518,FORCE_BUY,254706.16504281276,57.76,-0.5,2.2499999999999996
2011-02-10,0.09397229475810087,0.115,0.23,FORCE_BUY,0.005212858384013958,0.009385218335956834,0.00886185925282363,0.005212858384013958,FREE,257096.63801325383,57.85,2.0999999999999996,-0.5
2011-02-11,0.08802043082905868,0.115,0.23,FORCE_BUY,0.013857613026156314,0.007788260990030162,0.002425082279577264,0.013857613026156314,FORCE_BUY,260659.38373316728,58.53,-0.5,-0.5
2011-02-14,0.08919171230615762,0.115,0.23,FORCE_BUY,0.002227171492204956,0.002227171492204956,0.002227171492204956,0.002227171492204956,FORCE_BUY,261239.91688179347,58.5,1.3499999999999996,2.3999999999999995
2011-02-15,0.09316137880699416,0.115,0.23,FORCE_BUY,-0.0005121201775350722,-0.0005121201775350722,-0.0005121201775350722,-0.0005121201775350722,FORCE_BUY,261106.1306491807,58.55,1.3499999999999996,2.3999999999999995
2011-02-16,0.08880440631262747,0.115,0.23,FORCE_BUY,0.000511160333958162,-0.00034077355597202845,-0.00034077355597202845,0.000511160333958162,FORCE_BUY,261239.5977461219,58.72,1.5999999999999996,0.6499999999999997
2011-02-17,0.0927249257216548,0.115,0.23,FORCE_BUY,0.0015329586101174002,0.006144931419183084,0.0020439448134899865,0.0015329586101174002,FREE,262844.8971582468,58.8,1.4999999999999996,0.6499999999999997
2011-02-18,0.09340335282724858,0.115,0.23,FORCE_BUY,-0.0006807351940094742,0.00034019373308668947,0.0005105513955071056,-0.0006807351940094742,FORCE_SELL,262979.09298729285,58.72,-0.5,-0.5
2011-02-22,0.11973611475768475,0.115,0.23,FREE,-0.01449775629962019,-0.004570498334004231,0.00017259233690034825,-0.004570498334004231,FORCE_SELL,263024.48116350744,57.1,-0.5,-0.5
2011-02-23,0.10174045751378573,0.115,0.23,FORCE_BUY,-0.011696927374301795,-0.011696927374301795,-0.011696927374301795,-0.011696927374301795,FORCE_BUY,259947.90290967448,56.61,1.6999999999999993,2.3999999999999995
2011-02-24,0.09515872966898116,0.115,0.23,FORCE_BUY,0.010307446241336395,0.0099514534836758,0.008352585747289878,0.010307446241336395,FORCE_BUY,262627.3019444641,56.85,2.1499999999999995,2.1999999999999993
2011-02-25,0.0912271495350137,0.115,0.23,FORCE_BUY,0.011750263065590898,0.000876885303402217,0.000876885303402217,0.011750263065590898,FORCE_BUY,265713.2418305179,57.69,2.349999999999999,2.1999999999999993
2011-02-28,0.09323407034754978,0.115,0.23,FORCE_BUY,0.00469238790406679,0.003302050747306166,0.003302050747306166,0.00469238790406679,FORCE_BUY,266960.0714324338,57.81,2.349999999999999,1.8499999999999996
2011-03-01,0.09937425125679188,0.115,0.23,FORCE_BUY,-0.022402205755643754,-0.006720661726693127,-0.006720661726693127,-0.022402205755643754,FREE,265165.92309780256,56.73,2.349999999999999,1.8499999999999996
2011-03-02,0.09214176431186438,0.115,0.23,FORCE_BUY,0.00687588152327213,0.0042313117066290215,0.0042313117066290215,0.00687588152327213,FORCE_BUY,266989.1725690321,57.11,1.9999999999999996,-0.5
2011-03-03,0.08726274236701616,0.115,0.23,FORCE_BUY,0.01851205029689141,0.0005239259517987781,0.0005239259517987781,0.01851205029689141,FORCE_BUY,271931.68956035544,58.32,1.6999999999999993,-0.5
2011-03-04,0.09450953772849387,0.115,0.23,FORCE_BUY,-0.00617283950617291,0.0005144032921810362,0.0005144032921810362,-0.00617283950617291,FREE,272071.5721167137,57.96,1.6999999999999993,-0.5
2011-03-07,0.12482096252325807,0.115,0.23,FREE,-0.01921097770154371,-0.012757542111018608,-0.0006861063464836996,-0.012757542111018608,FORCE_SELL,271884.9020843866,57.18,1.1999999999999997,-0.5
2011-03-08,0.1154764316042355,0.115,0.23,FREE,0.0015723270440250927,0.0008158630328442315,0.0008158630328442315,0.0008158630328442315,FORCE_BUY,272312.394068796,57.33,2.2499999999999996,-0.5
2011-03-09,0.11845564639623539,0.115,0.23,FREE,-0.0008795074758136076,-0.0008795074758136076,0.0,-0.0008795074758136076,FORCE_SELL,272312.394068796,56.8,2.3999999999999995,1.9499999999999993
2011-03-10,0.12486437792625155,0.115,0.23,FREE,-0.00864197530864204,-0.00864197530864204,-0.00864197530864204,-0.00864197530864204,FORCE_BUY,269959.0770830163,56.21,2.3999999999999995,2.1499999999999995
2011-03-11,0.11431712711934244,0.115,0.23,FORCE_BUY,0.011617515638963337,0.012257227113994115,-0.0025022341376228613,0.011617515638963337,FREE,273268.02680230705,56.6,2.2499999999999996,1.0499999999999996
2011-03-14,0.12199114253734084,0.115,0.23,FREE,-0.0014229811454997785,0.008583528400722885,0.0028459622909998,0.008583528400722885,FREE,275613.63067137415,56.14,-0.5,-0.5
2011-03-15,0.13067105792607114,0.115,0.23,FREE,-0.008422939068100344,-0.0006318959139553853,-0.013440860215053672,-0.0006318959139553853,FREE,275439.4715443225,55.33,-0.5,-0.5
2011-03-16,0.1348303331117187,0.115,0.23,FREE,-0.01863241678726483,-0.013308062076760944,0.0,-0.013308062076760944,FORCE_SELL,275439.4715443225,54.25,2.2499999999999996,2.499999999999999
2011-03-17,0.11380280581625674,0.115,0.23,FORCE_BUY,0.003486238532109983,0.0014719373083043991,0.005321100917431085,0.003486238532109983,FORCE_SELL,276905.1127690537,54.69,2.2499999999999996,-0.5
2011-03-18,0.11739085193919262,0.115,0.23,FREE,-0.008738394320043598,-0.0018420789157801043,0.0018204988166757698,-0.0018420789157801043,FORCE_SELL,277409.21819918125,54.45,2.499999999999999,2.349999999999999
2011-03-21,0.107229081249963,0.115,0.23,FORCE_BUY,0.005627155563623013,0.0019843762365576384,0.00036304229442721747,0.005627155563623013,FORCE_BUY,278970.24302477104,55.4,2.3999999999999995,2.499999999999999
2011-03-22,0.11622970050608872,0.115,0.23,FREE,-0.0005405405405405956,-3.353435627022092e-05,-0.0012612612612612703,-3.353435627022092e-05,FREE,278960.8879372527,55.47,-0.5,-0.5
2011-03-23,0.1118642277022698,0.115,0.23,FORCE_BUY,0.002882882882882898,-0.0034339301271571537,-0.0009009009009007714,0.002882882882882898,FORCE_BUY,279765.0995060808,55.66,1.2499999999999996,2.2499999999999996
2011-03-24,0.10966487415563127,0.115,0.23,FORCE_BUY,0.0204484304932735,0.00179372197309415,0.00179372197309415,0.0204484304932735,FORCE_BUY,285485.8566977746,56.89,1.6999999999999993,2.2999999999999994
2011-03-25,0.11800174119396535,0.115,0.23,FREE,-0.0008773469029655387,-0.0008773469029655387,-0.0008773469029655387,-0.0008773469029655387,FORCE_BUY,285235.38656556036,56.94,-0.5,2.3999999999999995
2011-03-28,0.12303798651730329,0.115,0.23,FREE,-0.007741027445461041,-0.007741027445461041,-0.007741027445461041,-0.007741027445461041,FORCE_BUY,283027.37160973967,56.4,-0.5,2.3999999999999995
2011-03-29,0.11075002811349575,0.115,0.23,FORCE_BUY,0.006889242183359822,0.012335723517690921,-0.000529941706412312,0.006889242183359822,FREE,286518.71901385614,57.0,-0.5,2.3999999999999995
2011-03-30,0.1053921393918645,0.115,0.23,FORCE_BUY,0.0005242005940940238,0.00022033338573710596,0.002970470033199314,0.0005242005940940238,FORCE_SELL,287369.8142826375,57.26,-0.5,2.3999999999999995
2011-03-31,0.10735293568035996,0.115,0.23,FORCE_BUY,0.003135342274865109,-0.0010451140916215877,-0.0010451140916215877,0.003135342274865109,FORCE_BUY,288270.81700987794,57.59,-0.5,-0.5
2011-04-01,0.10880232680772522,0.115,0.23,FORCE_BUY,-0.0013886478042006668,-0.0012150668286756553,-0.0012150668286756553,-0.0013886478042006668,FREE,287920.548702454,57.53,-0.5,-0.5
2011-04-04,0.11102748614750994,0.115,0.23,FORCE_BUY,-0.0017364125716269987,-0.0007050167923126174,0.001215488800138761,-0.0017364125716269987,FORCE_SELL,288270.5129047317,57.49,-0.5,-0.5
2011-04-05,0.11346618596954343,0.115,0.23,FORCE_BUY,-0.0027918338858838043,-0.00662122464422041,-0.0041877508288257065,-0.0027918338858838043,FORCE_BUY,287465.70951850316,57.15,2.349999999999999,0.5999999999999996
2011-04-06,0.11065957784491219,0.115,0.23,FORCE_BUY,-0.001047303194274777,0.0013964042590328817,0.0013964042590328817,-0.001047303194274777,FREE,287867.1278596007,57.23,2.3999999999999995,0.9999999999999996
2011-04-07,0.11317168530265709,0.115,0.23,FORCE_BUY,0.003854239663629926,0.0024526979677644664,0.0024526979677644664,0.003854239663629926,FORCE_BUY,288976.63676165236,57.3,2.349999999999999,0.5499999999999998
2011-04-08,0.11588412463916546,0.115,0.23,FREE,-0.007668177065179602,-0.002280101727615643,0.0,-0.002280101727615643,FORCE_SELL,288976.63676165236,56.94,2.349999999999999,0.5499999999999998
2011-04-11,0.19391372798642095,0.115,0.23,FREE,-0.0026422406200458217,0.0009705462365243046,0.0,0.0009705462365243046,FREE,289257.10194890486,56.62,-0.5,0.44999999999999973
2011-04-12,0.18916069119872214,0.115,0.23,FREE,0.00035410764872522094,0.004381319284606645,-0.00017705382436261047,0.004381319284606645,FREE,290524.429667883,56.5,2.0999999999999996,0.8499999999999996
2011-04-13,0.19343322442730623,0.115,0.23,FREE,0.003007784854918629,0.0,0.0,0.0,FORCE_BUY,291398.26464742195,56.69,2.0999999999999996,0.7999999999999998
2011-04-14,0.18705549758900764,0.115,0.23,FREE,0.00336819712816873,0.00514613759084108,0.0,0.00514613759084108,FREE,292897.8402110299,56.6,-0.5,1.2999999999999996
2011-04-15,0.19546886388884363,0.115,0.23,FREE,0.007266926621765195,0.011208074474208296,0.003367600141793579,0.011208074474208296,FREE,296180.66101744986,56.83,-0.5,1.1499999999999997
2011-04-18,0.17739147372684572,0.115,0.23,FREE,-0.007775225304824232,-0.012741032905658414,-0.017158508570418906,-0.012741032905658414,FORCE_BUY,293877.7896471074,56.15,1.7999999999999994,1.2999999999999996
2011-04-19,0.19238149348978809,0.115,0.23,FREE,0.0,0.0,0.0,0.0,FORCE_BUY,293877.7896471074,57.04,1.0499999999999996,2.4499999999999993
2011-04-20,0.19594351093747586,0.115,0.23,FREE,0.0,0.0,0.0,0.0,FORCE_BUY,293877.7896471074,58.43,1.0499999999999996,2.499999999999999
2011-04-21,0.1954466203402121,0.115,0.23,FREE,0.0,0.0,0.0,0.0,FORCE_BUY,293877.7896471074,58.36,1.0499999999999996,2.499999999999999
2011-04-25,0.19131729413958065,0.115,0.23,FREE,0.0,0.0,0.0,0.0,FORCE_BUY,293877.7896471074,58.48,1.0499999999999996,2.499999999999999
2011-04-26,0.19917673199904065,0.115,0.23,FREE,0.003069577080491115,0.005634097901388932,0.0,0.005634097901388932,FREE,295533.525885023,58.82,1.0499999999999996,2.499999999999999
2011-04-27,0.18881080445263299,0.115,0.23,FREE,0.006291447032817538,-0.0005081716039694392,0.002210508416935898,-0.0005081716039694392,FORCE_BUY,297392.85940955044,59.18,1.0499999999999996,2.499999999999999
2011-04-28,0.18864378542440308,0.115,0.23,FREE,-0.0016914749661704092,0.0001710409387434892,-0.0008457374830852046,0.0001710409387434892,FREE,297443.72576339944,59.02,-0.5,2.499999999999999
2011-04-29,0.19480901916612145,0.115,0.23,FREE,0.002880867649550986,0.0020335536349771733,0.0020335536349771733,0.0020335536349771733,FORCE_BUY,298300.6217705132,59.18,2.3999999999999995,-0.5
2011-05-02,0.19370738735939766,0.115,0.23,FREE,0.0,0.0,0.0,0.0,FORCE_BUY,298300.6217705132,59.0,2.1499999999999995,-0.5
2011-05-03,0.1854902074465082,0.115,0.23,FREE,0.0,0.0,0.0,0.0,FORCE_BUY,298300.6217705132,58.71,2.1499999999999995,-0.5
2011-05-04,0.18475763093115416,0.115,0.23,FREE,-0.0015329586101175423,-0.0005169008002069744,0.0,-0.0005169008002069744,FORCE_SELL,298300.6217705132,58.62,1.0999999999999996,0.2999999999999998
2011-05-05,0.18365708401094893,0.115,0.23,FREE,-0.002411451830822106,0.0020158928770969845,0.0,0.0020158928770969845,FREE,298901.96386917395,58.33,1.3999999999999995,0.5499999999999998
2011-05-06,0.18775515355349517,0.115,0.23,FREE,0.0,0.0,0.0,0.0,FORCE_BUY,298901.96386917395,58.38,1.4499999999999995,1.2999999999999996
2011-05-09,0.1870108579111279,0.115,0.23,FREE,0.003762613305968955,0.002913276428515217,0.0,0.002913276428515217,FORCE_BUY,300026.61637560837,58.69,-0.5,1.1499999999999997
2011-05-10,0.18932526052336807,0.115,0.23,FREE,0.01107702794819353,0.013655056037034817,0.005112474437627712,0.013655056037034817,FREE,304123.49663481925,59.33,0.4999999999999998,1.9999999999999996
2011-05-11,0.18969884352862887,0.115,0.23,FREE,-0.009133964817320699,-0.009133964817320699,0.0,-0.009133964817320699,FORCE_SELL,304123.49663481925,58.58,-0.5,1.9499999999999993
2011-05-12,0.18511127546841008,0.115,0.23,FREE,0.01215129214444642,0.007360944720178109,0.007360944720178109,0.007360944720178109,FORCE_BUY,307818.99009041954,59.14,0.5999999999999996,2.0999999999999996
2011-05-13,0.19921686158719598,0.115,0.23,FREE,-0.0020544427324088103,-0.0020544427324088103,0.0,-0.0020544427324088103,FORCE_SELL,307818.99009041954,58.29,1.2999999999999996,1.9499999999999993
2011-05-16,0.19455617390115607,0.115,0.23,FREE,-0.016342680199552772,-0.016342680199552772,-0.016342680199552772,-0.016342680199552772,FORCE_BUY,302788.4027760225,57.18,1.3999999999999995,1.8999999999999995
2011-05-17,0.1750325715706519,0.115,0.23,FREE,0.0031347962382445352,-0.00026123301985374976,-0.00026123301985374976,-0.00026123301985374976,FORCE_BUY,303737.5827220289,57.6,1.7499999999999996,-0.5
2011-05-18,0.17503368339066586,0.115,0.23,FREE,0.013588850174215987,0.0013937282229964493,0.0,0.0013937282229964493,FORCE_BUY,307865.0272259171,58.18,1.6999999999999993,1.4999999999999996
2011-05-19,0.1779539208520037,0.115,0.23,FREE,0.0,0.0,0.0,0.0,FORCE_BUY,307865.0272259171,58.17,-0.5,2.499999999999999
2011-05-20,0.18740093224256607,0.115,0.23,FREE,-0.008267309679641748,-0.008267309679641748,0.0,-0.008267309679641748,FORCE_SELL,307865.0272259171,57.58,-0.5,2.499999999999999
2011-05-23,0.18176303980239802,0.115,0.23,FREE,-0.00871080139372828,-0.001031812877765082,-0.005052264808362456,-0.001031812877765082,FREE,307547.36812621186,56.9,1.6999999999999993,1.7499999999999996
2011-05-24,0.1999264746922427,0.115,0.23,FREE,-0.00859649122807025,-0.0042232660381525625,0.00017543859649116295,-0.0042232660381525625,FORCE_SELL,307601.3238048305,56.51,2.0999999999999996,-0.5
2011-05-25,0.17978949741041628,0.115,0.23,FREE,0.004248539564524733,0.004947991898171917,0.0,0.004947991898171917,FREE,309123.33266288374,56.73,2.1999999999999993,1.0999999999999996
2011-05-26,0.17589939757524917,0.115,0.23,FREE,0.010067114093959767,0.006715056575946926,0.0,0.006715056575946926,FORCE_BUY,312235.31252190605,57.19,2.4499999999999993,0.8999999999999997
2011-05-27,0.18427512737974003,0.115,0.23,FREE,0.0022691569209286823,-0.0024437074533076872,-0.0024437074533076872,-0.0024437074533076872,FORCE_BUY,312943.8234422735,57.42,2.499999999999999,1.1999999999999997
2011-05-31,0.17338594316163958,0.115,0.23,FREE,0.011611785095320562,0.0017331022530328402,0.0,0.0017331022530328402,FORCE_BUY,316577.6598669931,58.37,-0.5,1.5999999999999996
2011-06-01,0.18223831955929168,0.115,0.23,FREE,-0.023825848474460072,-0.023825848474460072,-0.023825848474460072,-0.023825848474460072,FORCE_BUY,309034.9285126029,56.95,-0.5,1.5999999999999996
2011-06-02,0.18469798056200948,0.115,0.23,FREE,0.0008753501400561223,0.001224020296765835,0.002450980392156859,0.001224020296765835,FORCE_SELL,309792.3670628789,57.17,1.4499999999999995,-0.5
2011-06-03,0.18572413480142416,0.115,0.23,FREE,-0.013146362839614338,-0.003522487920318482,-0.0008764241893075989,-0.003522487920318482,FORCE_SELL,309520.85753872216,56.3,1.5499999999999994,1.1499999999999997
2011-06-06,0.18891572830543726,0.115,0.23,FREE,-0.006043370067543406,-0.004346614430842674,0.003377177390686199,-0.004346614430842674,FORCE_SELL,310566.1643807477,55.92,1.4499999999999995,1.1999999999999997
2011-06-07,0.1862080661086749,0.115,0.23,FREE,-0.0016051364365971832,0.0018748567358605388,0.0,0.0018748567358605388,FREE,311148.43144596735,55.98,-0.5,1.6999999999999993
2011-06-08,0.18691138131584475,0.115,0.23,FREE,-0.006813699121391559,-0.0008656496175995733,-0.0014344629729246825,-0.0008656496175995733,FREE,310879.0859252694,55.39,-0.5,1.3999999999999995
2011-06-09,0.18407082083892642,0.115,0.23,FREE,0.001084010840108343,0.005240298909400014,0.002348690153568136,0.005240298909400014,FREE,312508.1852601989,55.41,-0.5,-0.5
2011-06-10,0.19333137292408953,0.115,0.225,FREE,-0.010324216627422536,-0.010324216627422536,0.0,-0.010324216627422536,FORCE_SELL,312508.1852601989,54.64,-0.5,1.4499999999999995
2011-06-13,0.19128399475668137,0.115,0.225,FREE,-0.010671007415445771,-0.013194930305163275,-0.012117923675167364,-0.013194930305163275,FORCE_BUY,309173.4080978998,54.7,-0.5,1.3999999999999995
2011-06-14,0.192664233698689,0.115,0.225,FREE,0.003997093023255837,0.004369890038604643,0.0009084302325582694,0.004369890038604643,FREE,310524.46189414826,55.26,1.5499999999999994,2.2499999999999996
2011-06-15,0.18935796668232766,0.115,0.225,FREE,0.0,0.0,0.0,0.0,FORCE_BUY,310524.46189414826,54.41,1.6499999999999995,2.499999999999999
2011-06-16,0.1818635063316144,0.115,0.225,FREE,-0.0011045655375554186,0.00036574972936262,0.0,0.00036574972936262,FREE,310638.0361320465,54.26,1.2499999999999996,2.349999999999999
2011-06-17,0.19755840769269964,0.115,0.225,FREE,0.0,0.010770659238625833,0.010770659238625833,0.010770659238625833,FREE,313983.8125657807,53.85,1.0499999999999996,-0.5
2011-06-20,0.18142905833569486,0.115,0.225,FREE,0.013271028037383252,0.011975171883295745,0.0,0.011975171883295745,FORCE_BUY,318150.7005456257,54.21,0.7999999999999998,-0.5
2011-06-21,0.17461066241267506,0.115,0.225,FREE,0.017873594988022802,0.0036852773171180382,0.0,0.0036852773171180382,FORCE_BUY,323837.19731233397,55.24,0.7999999999999998,-0.5
2011-06-22,0.21103142386753584,0.115,0.225,FREE,0.0,0.0,0.0,0.0,FORCE_BUY,323837.19731233397,54.63,-0.5,2.499999999999999
2011-06-23,0.20437696974423217,0.115,0.225,FREE,0.0,0.0,0.0,0.0,FORCE_BUY,323837.19731233397,55.19,-0.5,2.499999999999999
2011-06-24,0.21446244891900382,0.115,0.225,FREE,-0.014526965680043543,-0.01252950789903758,0.0,-0.01252950789903758,FORCE_SELL,323837.19731233397,54.27,-0.5,2.499999999999999
2011-06-27,0.18817367443513314,0.115,0.21,FREE,0.0,0.0,0.0,0.0,FORCE_BUY,323837.19731233397,55.45,1.7999999999999994,-0.5
2011-06-28,0.18354280055534636,0.115,0.21,FREE,0.0,0.0,0.0,0.0,FORCE_BUY,323837.19731233397,56.09,1.5999999999999996,-0.5
2011-06-29,0.1827540216196035,0.115,0.21,FREE,0.0052626884310051645,0.0018731602890017744,0.0,0.0018731602890017744,FORCE_BUY,325541.45158415876,56.35,1.5999999999999996,-0.5
2011-06-30,0.181692491830776,0.115,0.21,FREE,0.0010531858873091607,0.0010531858873091607,0.0,0.0010531858873091607,FORCE_BUY,325884.3072467013,57.03,1.2499999999999996,2.499999999999999
2011-07-01,0.18413216695131754,0.115,0.21,FREE,0.015082427218519797,0.0012209933655333543,0.0007015082427218073,0.0012209933655333543,FORCE_BUY,330799.43359240744,57.88,0.7999999999999998,2.4499999999999993
2011-07-05,0.18216356793470542,0.225,0.25,FORCE_BUY,0.0,0.0,0.0,0.0,FORCE_BUY,330799.43359240744,58.24,0.7999999999999998,2.3999999999999995
2011-07-06,0.1846693653713556,0.225,0.25,FORCE_BUY,0.007579672695951824,0.007579672695951824,0.0,0.007579672695951824,FORCE_BUY,333306.7850270441,58.49,0.7999999999999998,2.3999999999999995
2011-07-07,0.18704464510438834,0.225,0.25,FORCE_BUY,0.01556087551299604,0.0031430337587976137,0.0011969904240766722,0.01556087551299604,FORCE_BUY,338493.33041648695,59.39,-0.5,2.0499999999999994
2011-07-08,0.1850651442630975,0.225,0.25,FORCE_BUY,-0.0026963262554769436,0.00016852039096731616,0.00016852039096731616,-0.0026963262554769436,FREE,338550.3734448686,59.18,-0.5,1.9999999999999996
2011-07-11,0.19837269796776294,0.225,0.25,FORCE_BUY,-0.016265672653337924,-0.014246720724458152,-0.007285665875974293,-0.016265672653337924,FORCE_SELL,336083.80854176293,58.06,-0.5,1.9999999999999996
2011-07-12,0.19894491079149104,0.115,0.21,FREE,-0.0019107173875282115,0.00016000726519478802,0.006774361646690996,0.00016000726519478802,FORCE_SELL,338360.5618044221,57.46,-0.5,-0.5
2011-07-13,0.19859011751325892,0.115,0.21,FREE,-0.00468018720748823,0.010786492092397846,0.00485352747443233,0.010786492092397846,FREE,342010.2853287048,57.42,-0.5,-0.5
2011-07-14,0.2028621967906846,0.115,0.21,FREE,-0.0024280263614290076,0.003121748178980335,0.003121748178980335,0.003121748178980335,FREE,343077.9553141222,57.52,2.499999999999999,-0.5
2011-07-15,0.18938406827656462,0.115,0.21,FREE,0.0,0.0,0.0,0.0,FORCE_BUY,343077.9553141222,57.93,2.349999999999999,-0.5
2011-07-18,0.19543806050283882,0.115,0.21,FREE,0.002962704775182898,-0.0012199372603694217,0.0,-0.0012199372603694217,FORCE_BUY,344094.3940105913,57.55,2.349999999999999,-0.5
2011-07-19,0.19275010452577648,0.115,0.21,FREE,0.0,0.0,0.0,0.0,FORCE_BUY,344094.3940105913,59.11,2.0999999999999996,-0.5
2011-07-20,0.20134281480381366,0.115,0.21,FREE,0.0,0.0,0.0,0.0,FORCE_BUY,344094.3940105913,58.39,2.0499999999999994,-0.5
2011-07-21,0.19634370424891023,0.115,0.21,FREE,0.012305588788241319,0.011117114153847262,0.0,0.011117114153847262,FORCE_BUY,348328.67812762473,59.23,1.1999999999999997,-0.5
2011-07-22,0.19333350112348247,0.115,0.21,FREE,0.008824028508399832,0.005943676977704321,0.0,0.005943676977704321,FORCE_BUY,351402.3403137161,59.45,0.6999999999999997,-0.5
2011-07-25,0.1917033566898351,0.115,0.21,FREE,0.005569620253164482,0.001897300262640684,0.0,0.001897300262640684,FORCE_BUY,353359.5179053368,59.58,-0.5,-0.5
2011-07-26,0.1917842338543816,0.115,0.21,FREE,-0.0033512064343163687,-0.002249844854151678,0.0018599195710455613,-0.002249844854151678,FORCE_SELL,354016.7381883042,59.48,1.2499999999999996,2.2499999999999996
2011-07-27,0.20516128006200965,0.115,0.2,FORCE_SELL,-0.02672718103883003,-0.020214202325809272,-0.013783829214994096,-0.013783829214994096,FORCE_SELL,349137.03192986734,57.9,1.2499999999999996,2.3999999999999995
2011-07-28,0.19009519332598038,0.115,0.205,FREE,-0.008175779253960135,0.0011917017078682314,0.0,0.0011917017078682314,FREE,349553.0991270982,58.23,1.7999999999999994,-0.5
2011-07-29,0.18738465249970102,0.115,0.205,FREE,-0.0020607934054611044,0.0027735141697374324,-0.0025759917568264094,0.0027735141697374324,FREE,350522.58960060286,58.11,1.5499999999999994,1.6999999999999993
2011-08-01,0.19563667126657494,0.115,0.205,FREE,-0.014168658245134837,0.0006897769891358698,0.0,0.0006897769891358698,FREE,350764.37201708165,57.75,1.8499999999999996,-0.5
2011-08-02,0.2041492483084104,0.115,0.205,FREE,-0.010902057323720765,-0.006230296749205443,0.0,-0.006230296749205443,FORCE_SELL,350764.37201708165,56.25,2.3999999999999995,1.3499999999999996
2011-08-03,0.19159015263597098,0.115,0.2,FREE,0.0067340067340067285,0.005839340463226441,0.0012121212121210857,0.005839340463226441,FORCE_BUY,353126.4216602943,56.81,2.3999999999999995,0.5999999999999996
2011-08-04,0.1997315174576376,0.115,0.2,FREE,-0.03866619368570425,-0.03866619368570425,0.0,-0.03866619368570425,FORCE_SELL,353126.4216602943,54.2,-0.5,0.9999999999999996
2011-08-05,0.19660236149256116,0.115,0.195,FORCE_SELL,-0.009407858328721524,0.0046299941357605765,0.003320420586607735,0.003320420586607735,FREE,354761.39492176357,53.7,-0.5,1.0999999999999996
2011-08-08,0.1976620489473294,0.115,0.195,FORCE_SELL,-0.06184012066365014,-0.06184012066365014,0.0,0.0,FORCE_SELL,354761.39492176357,49.76,-0.5,-0.5
2011-08-09,0.19014799041624522,0.115,0.195,FREE,0.07053607416364358,0.033171545557433645,0.0,0.033171545557433645,FORCE_BUY,379784.87098436273,53.12,-0.5,-0.5
2011-08-10,0.20124510794278935,0.115,0.195,FORCE_SELL,0.004302757676510877,0.007245549277479477,0.0,0.0,FREE,382536.6209819211,51.35,2.0999999999999996,-0.5
2011-08-11,0.20162836151763386,0.115,0.195,FORCE_SELL,0.031116297160637876,0.000317224395467437,0.0,0.0,FORCE_BUY,394439.7441552208,53.02,1.7499999999999996,-0.5
2011-08-12,0.21054982366831224,0.115,0.195,FORCE_SELL,0.002008505290559993,0.0008868539786676126,0.0,0.0,FORCE_BUY,395231.97846816375,53.58,1.6999999999999993,-0.5
2011-08-15,0.22187584618719347,0.115,0.195,FORCE_SELL,0.010826955385476863,0.002431832896080529,0.0,0.0,FORCE_BUY,399511.1374659524,54.15,1.6999999999999993,-0.5
2011-08-16,0.21370989446674593,0.115,0.195,FORCE_SELL,-0.001861157640052111,-0.004175804273622216,0.0,0.0,FORCE_SELL,399511.1374659524,53.63,2.2499999999999996,-0.5
2011-08-17,0.23449593399585802,0.115,0.195,FORCE_SELL,-0.00037502343896476383,0.004743022693072645,0.0,0.0,FREE,401406.02785708866,53.31,2.499999999999999,-0.5
2011-08-18,0.21021237239985016,0.115,0.195,FORCE_SELL,-0.035213934115865195,-0.03263232002519664,0.0,0.0,FORCE_SELL,401406.02785708866,50.96,2.0999999999999996,-0.5
2011-08-19,0.21996947192978508,0.115,0.195,FORCE_SELL,-0.0033730158730159543,0.004658720858302217,0.0,0.0,FREE,403276.06649171474,50.23,2.4499999999999993,-0.5
2011-08-22,0.20905416657870632,0.115,0.195,FORCE_SELL,-0.015695507161075182,-0.0013991086912444896,0.0,0.0,FORCE_SELL,403276.06649171474,50.17,2.4499999999999993,-0.5
2011-08-23,0.19297128986137632,0.115,0.195,FREE,0.0,0.0,0.0,0.0,FORCE_BUY,403276.06649171474,52.08,-0.5,-0.5
2011-08-24,0.19457526736259542,0.115,0.195,FREE,-0.0011503067484662356,-0.012539698917810847,0.0,-0.012539698917810847,FORCE_SELL,403276.06649171474,52.1,-0.5,-0.5
2011-08-25,0.22244873671761903,0.115,0.195,FORCE_SELL,-0.005732849226065344,0.01294123942794579,0.0017198547678196263,0.0017198547678196263,FREE,408494.9586237442,52.03,2.499999999999999,-0.5
2011-08-26,0.20359604288834707,0.115,0.195,FORCE_SELL,0.027204321821339004,-0.004823461315840302,0.0,0.0,FORCE_BUY,419607.7869405391,53.24,2.499999999999999,-0.5
2011-08-29,0.19575014163770366,0.115,0.195,FORCE_SELL,0.0,0.0,0.0,0.0,FORCE_BUY,419607.7869405391,54.55,2.1499999999999995,-0.5
2011-08-30,0.19389214718007328,0.115,0.195,FREE,0.006448047162859276,0.0084463921777722,0.0,0.0084463921777722,FREE,423151.95886988594,54.63,2.1499999999999995,-0.5
2011-08-31,0.20173324140788926,0.115,0.195,FORCE_SELL,0.0021794406102433,0.005814531768505642,0.0036324010170722034,0.0036324010170722034,FREE,425612.38937764027,55.18,-0.5,-0.5
2011-09-01,0.21019639272071589,0.115,0.195,FORCE_SELL,-0.0071090047393363815,-0.0018709447200637704,0.0,0.0,FORCE_SELL,425612.38937764027,54.47,-0.5,-0.5
2011-09-02,0.19694800920349154,0.115,0.195,FORCE_SELL,-0.01679896621746352,-0.0160605501199927,0.0,0.0,FORCE_SELL,425612.38937764027,53.26,2.3999999999999995,-0.5
2011-09-06,0.17960780560514203,0.115,0.195,FREE,0.012523719165085425,0.005693752479096376,0.0,0.005693752479096376,FORCE_BUY,430942.6394153868,53.36,2.499999999999999,-0.5
2011-09-07,0.199407457613077,0.115,0.195,FORCE_SELL,0.02049180327868862,0.004657228017883742,0.0,0.0,FORCE_BUY,439773.4312066858,54.78,-0.5,1.6999999999999993
2011-09-08,0.21983275194021826,0.115,0.195,FORCE_SELL,-0.0005519779208830847,-0.0005519779208830847,0.0,0.0,FORCE_SELL,439773.4312066858,54.32,-0.5,1.7499999999999996
2011-09-09,0.20495728869503646,0.115,0.195,FORCE_SELL,-0.018477457501847802,-0.01119417397282504,0.0,0.0,FORCE_SELL,439773.4312066858,53.12,-0.5,1.7499999999999996
2011-09-12,0.1905809768291156,0.115,0.195,FREE,0.032251908396946645,0.021564885496183222,0.0,0.021564885496183222,FORCE_BUY,453956.9636253747,54.09,2.3999999999999995,-0.5
2011-09-13,0.21110374649890082,0.115,0.195,FORCE_SELL,0.018860877684407158,0.0011204481792717275,0.0,0.0,FORCE_BUY,462518.99039029784,54.56,-0.5,-0.5
2011-09-14,0.21391191085797104,0.115,0.195,FORCE_SELL,0.0,0.0,0.0,0.0,FORCE_BUY,462518.99039029784,55.39,2.0499999999999994,2.499999999999999
2011-09-15,0.21782583227796212,0.115,0.195,FORCE_SELL,0.0,0.0,0.0,0.0,FORCE_BUY,462518.99039029784,56.37,2.0499999999999994,2.499999999999999
2011-09-16,0.23881081747314215,0.115,0.195,FORCE_SELL,0.0,0.0,0.0,0.0,FORCE_BUY,462518.99039029784,56.6,2.0499999999999994,2.499999999999999
2011-09-19,0.21741035639640272,0.115,0.195,FORCE_SELL,0.0,0.0,0.0,0.0,FORCE_BUY,462518.99039029784,56.37,2.0499999999999994,2.499999999999999
2011-09-20,0.2581974780242755,0.115,0.195,FORCE_SELL,-0.00894266175696991,-0.0017677471249697974,0.0,0.0,FORCE_SELL,462518.99039029784,56.52,1.3999999999999995,-0.5
2011-09-21,0.22700790595970802,0.115,0.195,FORCE_SELL,-0.0012642225031604527,-0.0012642225031604527,0.0,0.0,FORCE_SELL,462518.99039029784,55.3,2.2499999999999996,-0.5
2011-09-22,0.20533634877378992,0.115,0.195,FORCE_SELL,-0.011025358324145496,-0.002453126645779267,0.0,0.0,FORCE_SELL,462518.99039029784,53.82,2.2499999999999996,-0.5
2011-09-23,0.1983173854476945,0.115,0.195,FORCE_SELL,0.020358152686145357,0.02812002883205819,0.0,0.0,FREE,475525.03773544746,54.13,2.3999999999999995,-0.5
2011-09-26,0.19996253840399072,0.115,0.195,FORCE_SELL,0.004594743613306262,-0.005566985507548217,0.0,0.0,FORCE_BUY,477709.9533655496,54.66,2.4499999999999993,-0.5
2011-09-27,0.22259315437899949,0.115,0.195,FORCE_SELL,0.0,0.0,0.0,0.0,FORCE_BUY,477709.9533655496,55.25,2.3999999999999995,-0.5
2011-09-28,0.2298838345570596,0.115,0.195,FORCE_SELL,-0.0094665139594209,0.0005462303398316795,0.0,0.0,FREE,477970.8930357174,54.4,2.3999999999999995,-0.5
2011-09-29,0.24818323047197102,0.115,0.195,FORCE_SELL,0.0031580902842281737,-0.006217390889638524,0.0,0.0,FORCE_BUY,479480.36826915736,54.0,2.2499999999999996,-0.5
2011-09-30,0.2429547771015863,0.115,0.195,FORCE_SELL,-0.0220725776281333,-0.003904755725910741,0.0,0.0,FORCE_SELL,479480.36826915736,52.28,1.9499999999999993,-0.5
2011-10-03,0.24883543185294488,0.115,0.195,FORCE_SELL,-0.02680965147453087,-0.02680965147453087,0.0,0.0,FORCE_SELL,479480.36826915736,50.82,1.5999999999999996,-0.5
2011-10-04,0.20123855901461693,0.115,0.195,FORCE_SELL,0.0322453016815037,0.014817285005417256,0.0,0.0,FORCE_BUY,494941.3573943548,52.18,1.5999999999999996,-0.5
2011-10-05,0.20222575569040022,0.115,0.195,FORCE_SELL,0.014748132541658519,0.002323309710783346,0.0,0.0,FORCE_BUY,502240.8181335552,52.98,-0.5,-0.5
2011-10-06,0.19905519657380935,0.115,0.195,FORCE_SELL,0.0,0.0,0.0,0.0,FORCE_BUY,502240.8181335552,54.29,-0.5,-0.5
2011-10-07,0.271987379816302,0.115,0.195,FORCE_SELL,0.002961317786414842,0.0018497980400686163,0.0,0.0,FORCE_BUY,503728.1128013577,54.19,-0.5,-0.5
2011-10-10,0.26605420914536043,0.115,0.195,FORCE_SELL,0.006795962737390701,0.01351671626446142,0.0,0.0,FREE,510536.86277652625,55.94,-0.5,-0.5
2011-10-11,0.2631891389210374,0.115,0.195,FORCE_SELL,-0.0001781895937276787,-0.0001781895937276787,0.0,0.0,FORCE_SELL,510536.86277652625,56.11,-0.5,-0.5
2011-10-12,0.29051624944751603,0.115,0.195,FORCE_SELL,-0.002817893624515825,-1.1400449140717888e-05,0.0,0.0,FORCE_SELL,510536.86277652625,56.62,-0.5,-0.5
2011-10-13,0.22370658347938713,0.115,0.195,FORCE_SELL,0.016352648418059057,0.0040881621045148735,0.0,0.0,FORCE_BUY,518885.4925979697,57.18,1.1999999999999997,-0.5
2011-10-14,0.24423522658399988,0.115,0.195,FORCE_SELL,0.0,0.0,0.0,0.0,FORCE_BUY,518885.4925979697,58.26,0.6499999999999997,-0.5
2011-10-17,0.19579312450074382,0.115,0.195,FORCE_SELL,-0.010928013876842946,-0.010928013876842946,0.0,0.0,FORCE_SELL,518885.4925979697,57.02,0.6499999999999997,-0.5
2011-10-18,0.1969003086701224,0.115,0.195,FORCE_SELL,0.009294984216064606,0.00916083529253978,0.0,0.0,FORCE_BUY,523708.5250616127,57.55,-0.5,-0.5
2011-10-19,0.21582134515913642,0.115,0.195,FORCE_SELL,-0.00799443865137306,-0.010948905109489008,0.0,0.0,FORCE_SELL,523708.5250616127,57.08,-0.5,2.4499999999999993
2011-10-20,0.21600978944617735,0.115,0.195,FORCE_SELL,-0.0042246083436015165,0.0003641405215372554,0.0,0.0,FREE,523899.2285570622,56.57,-0.5,-0.5
2011-10-21,0.21886008492822873,0.115,0.195,FORCE_SELL,0.00017430712916168028,-0.00540352100400903,0.0,0.0,FORCE_BUY,523990.5479275621,57.38,-0.5,-0.5
2011-10-24,0.2291000431099405,0.115,0.195,FORCE_SELL,0.0008576329331047236,0.0008576329331047236,0.0,0.0,FORCE_BUY,524439.9394781004,58.35,-0.5,2.3999999999999995
2011-10-25,0.22949873046889144,0.115,0.195,FORCE_SELL,-0.023597811217510128,-0.023597811217510128,0.0,0.0,FORCE_SELL,524439.9394781004,57.1,-0.5,2.3999999999999995
2011-10-26,0.24005128926358774,0.115,0.195,FORCE_SELL,0.007295420585391673,0.007295420585391673,0.0,0.0,FORCE_BUY,528265.9494083705,57.3,2.4499999999999993,-0.5
2011-10-27,0.2741231350161247,0.115,0.195,FORCE_SELL,0.0,0.0,0.0,0.0,FORCE_BUY,528265.9494083705,58.97,2.349999999999999,-0.5
2011-10-28,0.23481954607844333,0.115,0.195,FORCE_SELL,0.0,0.0,0.0,0.0,FORCE_BUY,528265.9494083705,58.78,2.1499999999999995,-0.5
2011-10-31,0.20605206067233287,0.115,0.195,FORCE_SELL,-0.005258167399362167,-0.00491336953710896,0.0,0.0,FORCE_SELL,528265.9494083705,57.7,2.1499999999999995,-0.5
2011-11-01,0.20282146971414242,0.115,0.195,FORCE_SELL,-0.007900280898876295,0.000540838541210966,0.0,0.0,FREE,528551.6559938199,56.51,1.2999999999999996,-0.5
2011-11-02,0.21706718363168456,0.115,0.195,FORCE_SELL,0.0015884221673138652,0.00016330519169655298,0.0,0.0,FORCE_BUY,529391.219160771,56.75,2.349999999999999,-0.5
2011-11-03,0.19216705711763193,0.115,0.195,FREE,0.031272210376687794,0.020796792651370927,0.0,0.020796792651370927,FORCE_BUY,545946.4527379379,58.04,-0.5,1.7999999999999994
2011-11-04,0.2024699306437768,0.115,0.195,FORCE_SELL,0.0,0.0,0.0,0.0,FORCE_BUY,545946.4527379379,58.0,2.1999999999999993,1.6999999999999993
2011-11-07,0.2095469485589596,0.115,0.195,FORCE_SELL,0.020136578532656227,0.006719353745952911,0.0,0.0,FORCE_BUY,556939.9463581204,58.26,2.1999999999999993,1.6999999999999993
2011-11-08,0.2294276683660351,0.115,0.195,FORCE_SELL,0.015429704335833013,0.01111973105766739,0.0,0.0,FORCE_BUY,565533.3650632409,58.9,2.4499999999999993,-0.5
2011-11-09,0.1925505512593839,0.115,0.195,FREE,-0.02187015670742223,-0.013015934112878602,0.0,-0.013015934112878602,FORCE_SELL,565533.3650632409,56.8,1.8999999999999995,-0.5
2011-11-10,0.23064774732319707,0.115,0.195,FORCE_SELL,-0.007879530730170054,0.015604559572079959,0.0014008054631411608,0.0014008054631411608,FREE,574358.2641483691,56.66,1.9999999999999996,-0.5
2011-11-11,0.2141187395624291,0.115,0.195,FORCE_SELL,0.0,0.0,0.0,0.0,FORCE_BUY,574358.2641483691,57.88,1.9999999999999996,-0.5
2011-11-14,0.20640572065734183,0.115,0.195,FORCE_SELL,0.00472051420508993,0.0036795111863238937,0.0,0.0,FORCE_BUY,577069.5304930923,57.68,2.2999999999999994,2.0499999999999994
2011-11-15,0.1974188083905147,0.115,0.195,FORCE_SELL,0.014505417686123673,0.002762974487801657,0.0,0.0,FORCE_BUY,585440.1650668299,58.05,2.1999999999999993,2.2499999999999996
2011-11-16,0.22396673026907976,0.115,0.195,FORCE_SELL,-0.021368257797690887,0.00017232465965874886,0.0,0.0,FREE,585541.0508440256,56.79,1.6499999999999995,-0.5
2011-11-17,0.22960785377249118,0.115,0.195,FORCE_SELL,-0.016407904022582978,-0.0050539251723321155,0.0,0.0,FORCE_SELL,585541.0508440256,55.75,1.8499999999999996,-0.5
2011-11-18,0.23015205283353532,0.115,0.195,FORCE_SELL,-0.007521489971346737,-0.007860768339294536,0.0,0.0,FORCE_SELL,585541.0508440256,55.42,1.5499999999999994,2.1999999999999993
2011-11-21,0.21915009502725968,0.115,0.195,FORCE_SELL,-0.0034690524009496596,-0.007668431623151516,0.0,0.0,FORCE_SELL,585541.0508440256,54.58,2.499999999999999,2.0499999999999994
2011-11-22,0.22245609368659014,0.115,0.195,FORCE_SELL,0.002394547798858041,0.00230372005976759,0.0,0.0,FORCE_BUY,586943.1568784652,54.42,-0.5,-0.5
2011-11-23,0.23461893041827095,0.115,0.195,FORCE_SELL,-0.012587930396149622,-0.004402776767630298,0.0,0.0,FORCE_SELL,586943.1568784652,53.34,-0.5,-0.5
2011-11-25,0.24037533008021042,0.115,0.195,FORCE_SELL,0.001893939393939381,0.003599452057935413,0.0,0.0,FREE,589055.8306323825,52.9,-0.5,-0.5
2011-11-28,0.22936882275779769,0.115,0.195,FORCE_SELL,0.008874098724348167,0.003488222159138149,0.0,0.0,FORCE_BUY,594283.1702275672,54.57,-0.5,-0.5
2011-11-29,0.24035808313596654,0.115,0.195,FORCE_SELL,-0.006950795683190064,0.0022160935819134048,0.0,0.0,FREE,595600.1573469476,54.29,2.0999999999999996,-0.5
2011-11-30,0.2319053933369218,0.115,0.195,FORCE_SELL,0.0,0.0,0.0,0.0,FORCE_BUY,595600.1573469476,56.39,1.8999999999999995,-0.5
2011-12-01,0.23655612159259912,0.115,0.195,FORCE_SELL,0.0,0.0,0.0,0.0,FORCE_BUY,595600.1573469476,56.9,2.499999999999999,-0.5
2011-12-02,0.2494951112725924,0.115,0.195,FORCE_SELL,-0.006842105263158027,-0.005965067207049895,0.0,0.0,FORCE_SELL,595600.1573469476,56.61,-0.5,-0.5
2011-12-05,0.23582083283968427,0.115,0.195,FORCE_SELL,-0.0017470300489169869,-0.0017470300489169869,0.0,0.0,FORCE_SELL,595600.1573469476,57.14,2.1499999999999995,-0.5
2011-12-06,0.2326034898122861,0.115,0.195,FORCE_SELL,-0.003309527956801888,-0.002610038302232015,0.0,0.0,FORCE_SELL,595600.1573469476,57.22,2.1499999999999995,-0.5
2011-12-07,0.22008501542753367,0.115,0.195,FORCE_SELL,-0.0015701325889742397,-0.012212142358688125,0.0,0.0,FORCE_SELL,595600.1573469476,57.23,-0.5,1.7999999999999994
2011-12-08,0.23290089080928814,0.115,0.195,FORCE_SELL,-0.010240112994350329,0.009749218591515443,0.0,0.0,FREE,601406.7934740639,56.06,-0.5,2.2999999999999994
2011-12-09,0.22259707219737404,0.115,0.195,FORCE_SELL,0.013650062045736546,0.015624023405372502,0.0,0.0,FREE,610803.1872914528,57.18,-0.5,-0.5
2011-12-12,0.22865519933311215,0.115,0.195,FORCE_SELL,-0.002294792586054658,-0.005663799084612421,0.0,0.0,FORCE_SELL,610803.1872914528,56.52,-0.5,2.0499999999999994
2011-12-13,0.24179526262025644,0.115,0.195,FORCE_SELL,-0.010446175637393574,-0.003029819352020683,0.0,0.0,FORCE_SELL,610803.1872914528,55.89,2.349999999999999,2.349999999999999
2011-12-14,0.23737948805971612,0.115,0.195,FORCE_SELL,-0.012594458438287165,-0.012594458438287165,0.0,0.0,FORCE_SELL,610803.1872914528,54.88,2.4499999999999993,2.499999999999999
2011-12-15,0.2568071585266685,0.115,0.195,FORCE_SELL,-0.007233273056057956,7.225491542726974e-05,0.0,0.0,FREE,610847.3208240932,54.9,2.349999999999999,-0.5
2011-12-16,0.25015359088547356,0.115,0.195,FORCE_SELL,0.0007281995266702515,-0.00034018314879826156,0.0,0.0,FORCE_BUY,611292.1395539851,54.97,2.3999999999999995,-0.5
2011-12-19,0.22567267388861864,0.115,0.195,FORCE_SELL,-0.008708272859216324,0.0005057051656413381,0.0,0.0,FREE,611601.2731466736,54.64,2.1999999999999993,-0.5
2011-12-20,0.22423639436307255,0.11,0.195,FORCE_SELL,0.01753104455807148,0.004747991234477787,0.0,0.0,FORCE_BUY,622323.2823179811,55.72,-0.5,-0.5
2011-12-21,0.2301314903649306,0.11,0.195,FORCE_SELL,0.0005449591280654023,-0.004359673024523218,0.0,0.0,FORCE_BUY,622662.4230712878,55.08,-0.5,-0.5
2011-12-22,0.2226503338523204,0.11,0.195,FORCE_SELL,0.0,0.0,0.0,0.0,FORCE_BUY,622662.4230712878,55.71,2.4499999999999993,2.1499999999999995
2011-12-23,0.21868249972311757,0.11,0.195,FORCE_SELL,0.0,0.0,0.0,0.0,FORCE_BUY,622662.4230712878,56.06,2.349999999999999,2.1499999999999995
2011-12-27,0.21462918361183933,0.11,0.195,FORCE_SELL,0.0,0.0,0.0,0.0,FORCE_BUY,622662.4230712878,56.1,2.349999999999999,2.1499999999999995
2011-12-28,0.22448038423474745,0.11,0.195,FORCE_SELL,-0.008111239860950076,-0.009180853908548035,0.0,0.0,FORCE_SELL,622662.4230712878,55.64,2.349999999999999,2.1499999999999995
2011-12-29,0.2147022445251329,0.11,0.195,FORCE_SELL,0.003403797921891605,0.0014331780723753332,0.0,0.0,FORCE_BUY,624781.8401329779,56.01,2.2999999999999994,1.9999999999999996
2011-12-30,0.22309517295808823,0.11,0.195,FORCE_SELL,-0.0017892288423689724,-0.0017892288423689724,0.0,0.0,FORCE_SELL,624781.8401329779,55.79,1.9999999999999996,2.4499999999999993
2012-01-03,0.22291355334357313,0.11,0.195,FORCE_SELL,0.003173483779971886,0.004760040086111063,0.0,0.0,FREE,627755.8267370851,56.9,-0.5,2.499999999999999
2012-01-04,0.21553037647182247,0.11,0.195,FORCE_SELL,0.0038623595505617495,0.0038623595505617495,0.0,0.0,FORCE_BUY,630180.445449904,57.18,-0.5,2.499999999999999
2012-01-05,0.21892240973055377,0.11,0.195,FORCE_SELL,0.0,0.0,0.0,0.0,FORCE_BUY,630180.445449904,57.48,2.1499999999999995,1.8999999999999995
2012-01-06,0.2218258221003392,0.11,0.195,FORCE_SELL,0.0,0.0,0.0,0.0,FORCE_BUY,630180.445449904,57.84,1.3999999999999995,1.7999999999999994
2012-01-09,0.22464470443734239,0.11,0.195,FORCE_SELL,0.0,0.0,0.0,0.0,FORCE_BUY,630180.445449904,57.8,-0.5,2.2999999999999994
2012-01-10,0.23416222875568268,0.11,0.195,FORCE_SELL,-0.004646360351058402,-0.0031005995087220258,0.0,0.0,FORCE_SELL,630180.445449904,57.84,-0.5,2.2999999999999994
2012-01-11,0.22177361855410208,0.11,0.195,FORCE_SELL,0.005536332179930765,0.0029411764705883467,0.0,0.0,FORCE_BUY,633669.3337292112,58.12,1.9999999999999996,-0.5
2012-01-12,0.22318109444348858,0.11,0.195,FORCE_SELL,0.004806866952789823,0.0017167381974248599,0.0,0.0,FORCE_BUY,636715.2979085105,58.53,1.9999999999999996,-0.5
2012-01-13,0.21745571528138438,0.11,0.195,FORCE_SELL,-0.00256981326023648,-0.007880760664725019,0.0,0.0,FORCE_SELL,636715.2979085105,58.22,-0.5,-0.5
2012-01-17,0.2256386923939583,0.11,0.195,FORCE_SELL,0.0034147174321326745,0.0022195663308861844,0.0,0.0,FORCE_BUY,638889.5007355843,58.77,1.3999999999999995,-0.5
2012-01-18,0.21943014545113393,0.11,0.195,FORCE_SELL,0.0112263990474571,0.004286443272665466,0.0,0.0,FORCE_BUY,646061.9292180726,59.45,1.3999999999999995,-0.5
2012-01-19,0.22670495404072097,0.11,0.195,FORCE_SELL,-0.0036764705882354333,-0.0036764705882354333,0.0,0.0,FORCE_SELL,646061.9292180726,59.62,1.3999999999999995,-0.5
2012-01-20,0.22274034261331566,0.11,0.195,FORCE_SELL,0.0,0.0,0.0,0.0,FORCE_BUY,646061.9292180726,59.82,-0.5,2.4499999999999993
2012-01-23,0.2238876546259169,0.11,0.195,FORCE_SELL,0.0021790144150183196,0.008057937359013,0.0,0.0,FREE,651267.8557737549,59.79,-0.5,2.4499999999999993
2012-01-24,0.2222154082891985,0.115,0.195,FORCE_SELL,0.010195554069864655,0.01424266044736066,0.0,0.0,FREE,660543.6427038212,60.44,2.499999999999999,0.9999999999999996
2012-01-25,0.22591557669479592,0.115,0.195,FORCE_SELL,0.0018254231662793283,0.001010620784052569,0.0,0.0,FORCE_BUY,661749.4143715512,60.37,2.349999999999999,-0.5
2012-01-26,0.22203267655656922,0.115,0.195,FORCE_SELL,-0.0066061106523532705,-0.0066061106523532705,0.0,0.0,FORCE_SELL,661749.4143715512,60.15,2.349999999999999,0.5499999999999998
2012-01-27,0.21060191578435203,0.115,0.195,FORCE_SELL,0.00516150516150502,0.005011481056257079,0.0,0.0,FORCE_BUY,665165.0373894529,60.37,2.499999999999999,0.8499999999999996
2012-01-30,0.20687434517370037,0.115,0.195,FORCE_SELL,0.012867647058823478,0.010512578897648039,0.0,0.0,FORCE_BUY,673724.1463264495,60.61,2.4499999999999993,-0.5
2012-01-31,0.21780476669316098,0.115,0.195,FORCE_SELL,-0.006421867281409329,-0.005598550963280039,0.0,0.0,FORCE_SELL,673724.1463264495,60.34,-0.5,0.8499999999999996
2012-02-01,0.21640666388246746,0.115,0.195,FORCE_SELL,0.0,0.0,0.0,0.0,FORCE_BUY,673724.1463264495,61.24,1.2999999999999996,0.9499999999999997
2012-02-02,0.21281414762694198,0.115,0.195,FORCE_SELL,0.0,0.0,0.0,0.0,FORCE_BUY,673724.1463264495,61.23,1.2999999999999996,0.9499999999999997
2012-02-03,0.2169856473724474,0.115,0.195,FORCE_SELL,0.0,0.0,0.0,0.0,FORCE_BUY,673724.1463264495,62.01,1.2999999999999996,0.9499999999999997
2012-02-06,0.21085716645520036,0.115,0.195,FORCE_SELL,0.005832793259883416,0.003953337653920997,0.0,0.0,FORCE_BUY,677653.8399861631,62.08,1.2999999999999996,0.9499999999999997
2012-02-07,0.21238090743446678,0.115,0.195,FORCE_SELL,0.0032315398287283506,0.0032315398287283506,0.0,0.0,FORCE_BUY,679843.705360169,62.09,-0.5,1.9999999999999996
2012-02-08,0.21016535743921305,0.115,0.195,FORCE_SELL,0.005808325266214896,0.0038740784868570815,0.0,0.0,FORCE_BUY,683792.4587310897,62.34,2.0999999999999996,1.3499999999999996
2012-02-09,0.21229142283462446,0.115,0.195,FORCE_SELL,0.0,0.0,0.0,0.0,FORCE_BUY,683792.4587310897,62.85,1.9999999999999996,1.6999999999999993
2012-02-10,0.20695537331730307,0.115,0.195,FORCE_SELL,0.0,0.0,0.0,0.0,FORCE_BUY,683792.4587310897,62.6,1.9499999999999993,1.7999999999999994
2012-02-13,0.21428059896565546,0.115,0.195,FORCE_SELL,0.005102854409185216,0.005102854409185216,0.0,0.0,FORCE_BUY,687281.7520940932,63.03,1.9499999999999993,1.7999999999999994
2012-02-14,0.204551964307508,0.205,0.225,FORCE_BUY,0.003961965134706708,0.003961965134706708,0.0,0.003961965134706708,FORCE_BUY,690004.7384336102,63.35,1.9499999999999993,1.7999999999999994
2012-02-15,0.22034989630094168,0.205,0.225,FREE,-0.013240857503152565,-0.0009966301543209762,0.0031525851197983217,-0.0009966301543209762,FORCE_SELL,692180.0371045863,62.6,1.8999999999999995,0.5999999999999996
2012-02-16,0.2138946505135523,0.205,0.225,FREE,0.016916693265241027,0.009578984482803869,0.0025534631343761614,0.009578984482803869,FORCE_BUY,703889.4344766076,63.72,2.0499999999999994,0.5999999999999996
2012-02-17,0.2215070936053886,0.22,0.245,FREE,0.0,0.0,0.0,0.0,FORCE_BUY,703889.4344766076,63.52,-0.5,1.5999999999999996
2012-02-21,0.21186817254626225,0.22,0.245,FORCE_BUY,0.0,0.0,0.0,0.0,FORCE_BUY,703889.4344766076,63.62,2.1999999999999993,1.0499999999999996
2012-02-22,0.21857326919152165,0.22,0.245,FORCE_BUY,-0.003150598613736591,0.0037887754019935746,0.0,-0.003150598613736591,FREE,706556.3134516758,63.28,2.1999999999999993,1.0499999999999996
2012-02-23,0.21736128289242082,0.205,0.225,FREE,0.006608969315499481,-0.0024405394543406947,-0.00283241542092847,-0.0024405394543406947,FORCE_BUY,711225.9224469505,63.97,2.0499999999999994,0.3999999999999998
2012-02-24,0.21381835593794865,0.22,0.245,FORCE_BUY,0.0,0.0,0.0,0.0,FORCE_BUY,711225.9224469505,63.9,2.2999999999999994,1.0999999999999996
2012-02-27,0.20717124663833572,0.22,0.245,FORCE_BUY,0.007075471698113174,0.004716612848101923,0.0,0.007075471698113174,FORCE_BUY,716258.1813321883,64.05,2.2999999999999994,1.2999999999999996
2012-02-28,0.2078311514769914,0.22,0.245,FORCE_BUY,0.006066262249183499,0.007553529203102518,-0.0009332711152590483,0.006066262249183499,FREE,721668.4584218422,64.68,1.6999999999999993,1.0999999999999996
2012-02-29,0.2200604166989114,0.22,0.245,FREE,-0.00463248919085888,-0.0016571933030804923,0.0,-0.0016571933030804923,FORCE_SELL,721668.4584218422,64.46,1.1499999999999997,1.1499999999999997
2012-03-01,0.21190206335984718,0.22,0.245,FORCE_BUY,0.006501547987616286,0.006968288877197507,-0.00015479876160963353,0.006501547987616286,FREE,726697.2527136875,65.02,1.3999999999999995,1.2499999999999996
2012-03-02,0.14958368690348434,0.22,0.245,FORCE_BUY,0.0012332357021736825,0.0012332357021736825,0.0012332357021736825,0.0012332357021736825,FORCE_BUY,727593.4417104055,64.95,2.0999999999999996,1.3499999999999996
2012-03-05,0.16484478273657907,0.22,0.245,FORCE_BUY,-0.007109737248840938,-0.007109737248840938,-0.007109737248840938,-0.007109737248840938,FORCE_BUY,722420.4435158647,64.24,1.8999999999999995,1.0999999999999996
2012-03-06,0.16513388146782784,0.22,0.245,FORCE_BUY,-0.0021926389976506663,0.0017441446572223896,-0.0020360219263899646,-0.0021926389976506663,FREE,723680.449272691,63.71,1.8999999999999995,1.0999999999999996
2012-03-07,0.16307669066085606,0.22,0.245,FORCE_BUY,0.002819990600031414,0.0034419972684360894,-0.00031333228889244966,0.002819990600031414,FREE,726171.3554023083,64.01,1.6999999999999993,0.9999999999999996
2012-03-08,0.16621939950201817,0.22,0.245,FORCE_BUY,0.004817404817404887,0.004817404817404887,0.004817404817404887,0.004817404817404887,FORCE_BUY,729669.6167880847,64.66,1.8999999999999995,2.3999999999999995
2012-03-09,0.1539429146342833,0.22,0.245,FORCE_BUY,0.004787644787644856,0.004787644787644856,0.004787644787644856,0.004787644787644856,FORCE_BUY,733163.0157256031,65.06,1.3999999999999995,1.5499999999999994
2012-03-12,0.16463063605263797,0.22,0.245,FORCE_BUY,0.002771362586604953,0.002771362586604953,0.002771362586604953,0.002771362586604953,FORCE_BUY,735194.8762772676,65.13,1.9999999999999996,1.4999999999999996
2012-03-13,0.16605129301286095,0.22,0.245,FORCE_BUY,0.014710389212381046,0.0026049647563591155,0.0026049647563591155,0.014710389212381046,FORCE_BUY,746009.8790542545,66.22,1.5999999999999996,-0.5
2012-03-14,0.1607711664345908,0.22,0.245,FORCE_BUY,0.0033232628398791814,0.0029011705973550454,0.0025679758308156477,0.0033232628398791814,FORCE_BUY,748489.0659634982,66.42,-0.5,-0.5
2012-03-15,0.1542679671391096,0.22,0.245,FORCE_BUY,0.00015003750937728124,-0.0037509377344336486,-0.0037509377344336486,0.00015003750937728124,FORCE_BUY,748601.3673987514,66.66,-0.5,-0.5
2012-03-16,0.16305673637990037,0.22,0.245,FORCE_BUY,-0.002099580083983129,0.0,0.0,-0.002099580083983129,FREE,748601.3673987514,66.54,-0.5,-0.5
2012-03-19,0.1597421593480363,0.22,0.245,FORCE_BUY,0.007518796992481284,0.0012114800341141406,0.0025563909774435475,0.007518796992481284,FORCE_BUY,754229.9491085166,67.0,-0.5,-0.5
2012-03-20,0.16323582682589402,0.22,0.245,FORCE_BUY,0.00554307116104878,0.0014231955044682121,-0.0011985018726592776,0.00554307116104878,FORCE_BUY,758410.6993882192,67.12,-0.5,-0.5
2012-03-21,0.15972682535018068,0.22,0.245,FORCE_BUY,-0.0004464285714285842,-0.0004464285714285842,-0.0004464285714285842,-0.0004464285714285842,FORCE_BUY,758072.1231831351,67.17,-0.5,1.6999999999999993
2012-03-22,0.1647822758955155,0.22,0.245,FORCE_BUY,0.0010441527446300345,0.0010441527446300345,0.0010441527446300345,0.0010441527446300345,FORCE_BUY,758863.6662711843,67.11,-0.5,1.6999999999999993
2012-03-23,0.16526832596259758,0.22,0.245,FORCE_BUY,-0.0059355987535243656,-0.0059355987535243656,-0.0059355987535243656,-0.0059355987535243656,FORCE_BUY,754359.3560395702,66.99,2.2499999999999996,0.7499999999999998
2012-03-26,0.15805239500886706,0.22,0.245,FORCE_BUY,0.015178571428571463,0.004163883528771357,0.001488095238095214,0.015178571428571463,FORCE_BUY,765809.453408028,68.22,2.2499999999999996,0.34999999999999987
2012-03-27,0.1572246488604446,0.22,0.245,FORCE_BUY,-0.0004397537379067848,0.00014658457930219576,0.00014658457930219576,-0.0004397537379067848,FREE,765921.7092645816,68.19,2.2499999999999996,0.34999999999999987
2012-03-28,0.15992728868599024,0.22,0.245,FORCE_BUY,-0.00512145156570112,0.0011145017871437585,-0.0005853087503659661,-0.00512145156570112,FREE,766775.3303783691,67.99,2.2499999999999996,0.34999999999999987
2012-03-29,0.16373908659383538,0.22,0.245,FORCE_BUY,-0.0052925610114671695,-0.0003879896800334045,-0.0030873272566891,-0.0052925610114671695,FREE,766477.8294632781,67.66,2.2499999999999996,0.34999999999999987
2012-03-30,0.16534480495349796,0.22,0.245,FORCE_BUY,-0.0028019466155434444,0.0005898834980090938,0.0005898834980090938,-0.0028019466155434444,FREE,766929.9620864684,67.62,2.1999999999999993,0.7999999999999998
2012-04-02,0.17130445644112932,0.22,0.245,FORCE_BUY,0.00962107756068674,0.0038433487235824547,0.0029603315571345504,0.00962107756068674,FORCE_BUY,774308.6547353168,68.21,2.1999999999999993,-0.5
2012-04-03,0.15447970904676292,0.22,0.245,FORCE_BUY,-0.0004400117336462431,-0.0004400117336462431,-0.0004400117336462431,-0.0004400117336462431,FORCE_BUY,773967.9498417694,68.15,-0.5,2.1499999999999995
2012-04-04,0.1634800029157811,0.22,0.245,FORCE_BUY,-0.00986454652532393,-0.00986454652532393,-0.00986454652532393,-0.00986454652532393,FORCE_BUY,766333.1069914456,67.25,1.7499999999999996,1.0999999999999996
2012-04-05,0.16206053321621486,0.22,0.245,FORCE_BUY,0.011197372349955331,0.011645267243953553,0.011645267243953553,0.011197372349955331,FREE,775257.2608202503,67.73,2.0999999999999996,1.1999999999999997
2012-04-09,0.13347819050090612,0.22,0.245,FORCE_BUY,0.0010447761194027469,0.0010447761194027469,0.0010447761194027469,0.0010447761194027469,FORCE_BUY,776067.2310927489,67.07,2.1999999999999993,1.3499999999999996
2012-04-10,0.14217433216155614,0.22,0.245,FORCE_BUY,-0.01338090990187331,-0.014422589182519995,-0.015313707998810558,-0.01338090990187331,FORCE_BUY,765682.7453957006,66.36,2.1999999999999993,1.3499999999999996
2012-04-11,0.13082704391968958,0.22,0.245,FORCE_BUY,0.0007523322299130214,0.0033106464626810536,0.003159795365633555,0.0007523322299130214,FREE,768217.6502682808,66.51,2.1999999999999993,1.3499999999999996
2012-04-12,0.12979798406325133,0.22,0.245,FORCE_BUY,0.007193166491832764,0.009748349871979287,0.0067435935860934056,0.007193166491832764,FREE,775706.5047009258,67.21,2.2999999999999994,1.5999999999999996
2012-04-13,0.13880960143640927,0.22,0.245,FORCE_BUY,-0.012981199641897711,-0.012981199641897711,-0.012981199641897711,-0.012981199641897711,FORCE_BUY,765636.9036998844,66.15,2.1499999999999995,1.1499999999999997
2012-04-16,0.1390549699351461,0.22,0.245,FORCE_BUY,-0.011784257440700944,-0.011784257440700944,-0.011784257440700944,-0.011784257440700944,FORCE_BUY,756614.4413205838,65.41,1.8999999999999995,1.9499999999999993
2012-04-17,0.13801437061078614,0.22,0.245,FORCE_BUY,0.015677321156773182,0.009272444132670494,0.00730593607305957,0.015677321156773182,FORCE_BUY,768476.128909019,66.73,1.8499999999999996,1.8999999999999995
2012-04-18,0.12895582414512677,0.22,0.245,FORCE_BUY,-0.0018042399639152523,0.001347693286656759,0.0018042399639150498,-0.0018042399639152523,FORCE_SELL,769862.6442521114,66.39,1.4999999999999996,1.8999999999999995
2012-04-19,0.14126326772104666,0.22,0.245,FORCE_BUY,-0.011077844311377228,-0.013173652694610688,-0.013173652694610688,-0.011077844311377228,FORCE_BUY,761334.2257379413,66.06,1.9499999999999993,-0.5
2012-04-20,0.13103704175276013,0.22,0.245,FORCE_BUY,-0.006971809639284764,-0.006971809639284764,-0.006971809639284764,-0.006971809639284764,FORCE_BUY,756026.3484442241,65.52,2.0999999999999996,2.0499999999999994
2012-04-23,0.13039404274929223,0.22,0.245,FORCE_BUY,-0.0030604437643457806,-0.0030604437643457806,-0.0030604437643457806,-0.0030604437643457806,FORCE_BUY,753712.5723204468,65.15,2.4499999999999993,2.499999999999999
2012-04-24,0.13437152024726115,0.22,0.245,FORCE_BUY,0.0024434941967012846,0.0024434941967012846,0.0024434941967012846,0.0024434941967012846,FORCE_BUY,755554.2646168927,65.64,1.9499999999999993,1.9499999999999993
2012-04-25,0.13090250999135353,0.22,0.245,FORCE_BUY,0.011410314924692045,0.00091282519397538,0.00091282519397538,0.011410314924692045,FORCE_BUY,764175.3767188655,66.48,2.0499999999999994,1.4999999999999996
2012-04-26,0.1298967586977042,0.22,0.245,FORCE_BUY,0.0018018018018018537,-0.00030030030030037634,-0.00030030030030037634,0.0018018018018018537,FORCE_BUY,765552.2692895301,66.72,2.4499999999999993,2.349999999999999
2012-04-27,0.13384919831857361,0.22,0.245,FORCE_BUY,0.009914375844975296,0.0055580591858195305,0.0055580591858195305,0.009914375844975296,FORCE_BUY,773142.2422162403,67.23,2.4499999999999993,2.349999999999999
2012-04-30,0.13382087395831668,0.22,0.245,FORCE_BUY,-0.006097560975609798,-0.0012628386932058142,-0.0016359309934563897,-0.006097560975609798,FREE,772165.8882774177,66.83,-0.5,2.0499999999999994
2012-05-01,0.14050583788707557,0.22,0.245,FORCE_BUY,0.0010485320551225888,0.0010485320551225888,0.0010485320551225888,0.0010485320551225888,FORCE_BUY,772975.5289631488,66.83,-0.5,-0.5
2012-05-02,0.13920907945650995,0.22,0.245,FORCE_BUY,0.004194128220491163,0.006674002819103312,0.002995805871779258,0.004194128220491163,FREE,778134.3698225467,67.04,-0.5,-0.5
2012-05-03,0.14445861386331288,0.22,0.245,FORCE_BUY,-0.015315985130111497,-0.012639555620546639,-0.0008921933085502115,-0.015315985130111497,FORCE_SELL,777440.1235446382,66.22,-0.5,-0.5
2012-05-04,0.15471727679260003,0.22,0.245,FORCE_BUY,-0.027471698113207387,-0.027471698113207387,-0.027471698113207387,-0.027471698113207387,FORCE_BUY,756082.5231695252,64.43,2.4499999999999993,-0.5
2012-05-07,0.14236535217085058,0.22,0.245,FORCE_BUY,0.011062636335306917,0.005428343752662344,-0.0012464942349642689,0.011062636335306917,FORCE_BUY,764446.789162831,64.89,-0.5,-0.5
2012-05-08,0.1507438661258993,0.22,0.245,FORCE_BUY,-0.0010845986984815233,-0.0030986130166750113,-0.0015494267121164917,-0.0010845986984815233,FORCE_BUY,763617.6711702467,64.47,-0.5,2.3999999999999995
2012-05-09,0.14825130402660824,0.22,0.245,FORCE_BUY,0.00015610365282541048,-0.004981684550870739,-0.002341554792382209,0.00015610365282541048,FORCE_BUY,763736.8746780785,64.07,-0.5,2.1999999999999993
2012-05-10,0.1320100996137489,0.22,0.245,FORCE_BUY,0.0025070510811657804,0.0006369928481525038,0.006110937010341551,0.0025070510811657804,FORCE_SELL,768404.0226117114,63.98,-0.5,1.5499999999999994
2012-05-11,0.13852101649011975,0.22,0.245,FORCE_BUY,0.002343750000000067,-0.0028699590948452402,0.0014062500000000403,0.002343750000000067,FORCE_BUY,770204.9695397076,64.15,-0.5,-0.5
2012-05-14,0.18412573968996196,0.22,0.245,FORCE_BUY,-0.0020382565067419136,-0.0020382565067419136,-0.0020382565067419136,-0.0020382565067419136,FORCE_BUY,768635.0942490184,63.65,-0.5,-0.5
2012-05-15,0.19531257203495703,0.22,0.245,FORCE_BUY,-0.008281250000000098,0.0009246645172778766,0.0006250000000001583,-0.008281250000000098,FREE,769345.8238474049,63.47,-0.5,-0.5
2012-05-16,0.1909170114044828,0.22,0.245,FORCE_BUY,-0.006623560952530912,-0.006623560952530912,-0.006623560952530912,-0.006623560952530912,FORCE_BUY,764250.0148895765,62.99,1.3999999999999995,1.0999999999999996
2012-05-17,0.20502733072252555,0.22,0.245,FORCE_BUY,-0.020158730158730237,-0.018898686731832617,-0.011269841269841237,-0.020158730158730237,FORCE_SELL,755637.0385312971,61.73,1.7999999999999994,-0.5
2012-05-18,0.19973069672065838,0.22,0.245,FORCE_BUY,-0.016032388663967636,-0.016032388663967636,-0.016032388663967636,-0.016032388663967636,FORCE_BUY,743522.3718406738,60.76,2.349999999999999,-0.5
2012-05-21,0.2010362583803711,0.22,0.245,FORCE_BUY,0.025733486313719064,0.010817898705130174,0.010817898705130174,0.025733486313719064,FORCE_BUY,762655.7946203798,62.58,2.2999999999999994,1.5999999999999996
2012-05-22,0.1930030290018846,0.22,0.245,FORCE_BUY,-0.0033621517771374645,0.002881844380403541,0.002881844380403541,-0.0033621517771374645,FREE,764853.6499362887,62.25,2.2999999999999994,1.5999999999999996
2012-05-23,0.1914838647670235,0.22,0.245,FORCE_BUY,0.003872841697595504,0.005659959557875991,-0.0011295788284655637,0.003872841697595504,FREE,769182.6906626219,62.21,1.4999999999999996,-0.5
2012-05-24,0.17995311966612157,0.22,0.245,FORCE_BUY,0.002251889979089513,0.0039686768610566305,0.009329258484799721,0.002251889979089513,FORCE_SELL,776358.5948058472,62.31,1.4499999999999995,-0.5
2012-05-25,0.1740604548053196,0.22,0.245,FORCE_BUY,-0.007359999999999924,0.00490743958043446,0.0022400000000001364,-0.007359999999999924,FREE,780168.5277026079,62.04,1.2999999999999996,-0.5
2012-05-29,0.17384190877322392,0.22,0.245,FORCE_BUY,0.0035160620105482154,-0.0023973150071917985,-0.0023973150071917985,0.0035160620105482154,FORCE_BUY,782911.6486246883,62.79,1.2999999999999996,-0.5
2012-05-30,0.19887420042045711,0.22,0.245,FORCE_BUY,-0.0028864656831302945,-0.0002401132114835093,-0.00040089801154591023,-0.0028864656831302945,FREE,782723.6611944292,62.18,1.2999999999999996,-0.5
2012-05-31,0.19710144932476506,0.22,0.245,FORCE_BUY,-0.006573673240339951,-0.005358772223607753,-0.006321949655282876,-0.006573673240339951,FREE,778529.2233800599,61.96,1.2999999999999996,-0.5
2012-06-01,0.20562137810891182,0.22,0.245,FORCE_BUY,-0.01883422633544413,-0.01851442002069039,-0.003409644422796006,-0.01883422633544413,FORCE_SELL,775874.7155555784,60.43,2.4499999999999993,2.499999999999999
2012-06-04,0.2538214286061606,0.22,0.245,FORCE_SELL,0.010465116279069733,0.010630207298624166,0.01096345514950164,0.01096345514950164,FORCE_SELL,784380.9832012043,60.83,2.2999999999999994,2.499999999999999
2012-06-05,0.2824805105324564,0.22,0.245,FORCE_SELL,0.010548870941157036,0.009582735113087631,0.0,0.0,FORCE_BUY,792655.3169616916,61.31,2.2999999999999994,2.499999999999999
2012-06-06,0.29044649314533016,0.22,0.245,FORCE_SELL,0.0,0.0,0.0,0.0,FORCE_BUY,792655.3169616916,62.74,2.2499999999999996,2.3999999999999995
2012-06-07,0.288869532749493,0.22,0.245,FORCE_SELL,0.00048123195380152993,0.00048123195380152993,0.0,0.0,FORCE_BUY,793036.7680285642,62.37,2.2499999999999996,2.3999999999999995
2012-06-08,0.2925959270921858,0.22,0.245,FORCE_SELL,0.016620945618847843,0.0033887364853960873,0.0,0.0,FORCE_BUY,806217.7890237137,63.0,2.2499999999999996,2.3999999999999995
2012-06-11,0.32001049069540743,0.22,0.245,FORCE_SELL,-0.02088938123120734,-0.013093914521264812,0.0,0.0,FORCE_SELL,806217.7890237137,61.87,2.2499999999999996,2.1499999999999995
2012-06-12,0.2757204707233314,0.22,0.245,FORCE_SELL,0.007726980038634967,0.010838975656765035,0.0,0.0,FREE,814956.3640129927,62.6,-0.5,2.0999999999999996
2012-06-13,0.3063038389891551,0.22,0.245,FORCE_SELL,-0.006073198018219494,-0.0019344893616649644,0.0,0.0,FORCE_SELL,814956.3640129927,62.19,-0.5,1.8499999999999996
2012-06-14,0.2896046761610513,0.22,0.245,FORCE_SELL,0.007988380537400168,0.006534784090542868,0.0,0.0,FORCE_BUY,821466.5455701045,62.46,-0.5,1.5999999999999996
2012-06-15,0.29404752605493584,0.22,0.295,FREE,0.0,0.0,0.0,0.0,FORCE_BUY,821466.5455701045,63.2,-0.5,1.3999999999999995
2012-06-18,0.20936507161566895,0.22,0.295,FORCE_BUY,0.012553631018591931,0.008574066736881722,0.0,0.012553631018591931,FORCE_BUY,831778.9334773088,63.72,-0.5,2.4499999999999993
2012-06-19,0.19447354213610188,0.22,0.295,FORCE_BUY,0.007846829880728306,0.003135063495124052,0.002354048964218579,0.007846829880728306,FORCE_BUY,838305.7612666789,64.22,1.5999999999999996,2.349999999999999
2012-06-20,0.1854837433791201,0.22,0.295,FORCE_BUY,-0.00046656298600313484,0.0007776049766718191,0.0007776049766718191,-0.00046656298600313484,FREE,838957.6319986127,64.27,1.7499999999999996,2.499999999999999
2012-06-21,0.23552889821009035,0.22,0.295,FREE,-0.021966038323726504,-0.021966038323726504,-0.021966038323726504,-0.021966038323726504,FORCE_BUY,820529.0565021484,62.78,0.6999999999999997,2.0999999999999996
2012-06-22,0.2006058606069533,0.22,0.295,FORCE_BUY,0.0036507936507935474,0.0036507936507935474,0.0036507936507935474,0.0036507936507935474,FORCE_BUY,823524.638771918,63.23,1.2499999999999996,-0.5
2012-06-25,0.2186273944785826,0.22,0.295,FORCE_BUY,-0.012539682539682497,-0.011587301587301495,-0.011587301587301495,-0.012539682539682497,FREE,813982.2104178943,62.21,1.1499999999999997,-0.5
2012-06-26,0.2106695794831712,0.22,0.295,FORCE_BUY,0.00968523002421302,0.006133979015334969,0.006133979015334969,0.00968523002421302,FORCE_BUY,821865.8153614089,62.55,2.3999999999999995,-0.5
2012-06-27,0.2092874818400777,0.22,0.295,FORCE_BUY,0.0022335673261008725,0.0022335673261008725,0.0022335673261008725,0.0022335673261008725,FORCE_BUY,823701.5079930394,62.82,2.1499999999999995,2.0499999999999994
2012-06-28,0.23240577930880554,0.22,0.295,FREE,-0.007845020813320565,-0.007845020813320565,-0.007845020813320565,-0.007845020813320565,FORCE_BUY,817239.5525188704,61.97,1.9999999999999996,1.8499999999999996
2012-06-29,0.2810273514620035,0.22,0.295,FREE,0.024261771747805354,0.002873104549082131,0.002873104549082131,0.002873104549082131,FORCE_BUY,837067.2320053618,64.17,2.499999999999999,1.6499999999999995
2012-07-02,0.25588993378467834,0.22,0.295,FREE,0.0,0.0,0.0,0.0,FORCE_BUY,837067.2320053618,64.25,-0.5,2.3999999999999995
2012-07-03,0.2634229705675155,0.22,0.295,FREE,0.0,0.0,0.0,0.0,FORCE_BUY,837067.2320053618,64.92,-0.5,2.3999999999999995
2012-07-05,0.18097816057174998,0.22,0.295,FORCE_BUY,0.0,0.0,0.0,0.0,FORCE_BUY,837067.2320053618,64.91,-0.5,2.3999999999999995
2012-07-06,0.19383429838090524,0.22,0.295,FORCE_BUY,0.006434400502197195,0.002981795354676614,0.0,0.006434400502197195,FORCE_BUY,842453.25782335,64.13,-0.5,2.3999999999999995
2012-07-09,0.20162373806971182,0.22,0.295,FORCE_BUY,-0.0006249023590064777,0.0045359162155417816,0.003280737384783567,-0.0006249023590064777,FREE,846274.555216347,63.97,-0.5,2.3999999999999995
2012-07-10,0.22252439961028525,0.22,0.295,FREE,-0.011865729898516619,0.004182044762168256,0.003434816549570606,0.004182044762168256,FREE,849813.7132873458,63.29,1.7999999999999994,-0.5
2012-07-11,0.2062294155958014,0.22,0.295,FORCE_BUY,-0.00707881075979242,-0.0018902284665517019,0.00015730690577302396,-0.00707881075979242,FORCE_SELL,849947.3948530665,63.12,2.1499999999999995,-0.5
2012-07-12,0.20905689448706144,0.22,0.295,FORCE_BUY,-0.004144747329826221,-0.004622987406344653,-0.004622987406344653,-0.004144747329826221,FORCE_BUY,846424.5776577566,62.47,2.349999999999999,-0.5
2012-07-13,0.20801286506466274,0.22,0.295,FORCE_BUY,0.011334610472541666,0.01037675606641136,0.01037675606641136,0.011334610472541666,FORCE_BUY,856018.4705398928,63.35,2.499999999999999,1.0999999999999996
2012-07-16,0.1955458451538413,0.22,0.295,FORCE_BUY,0.0001582528881152878,0.0001582528881152878,0.0001582528881152878,0.0001582528881152878,FORCE_BUY,856153.9379351357,63.2,-0.5,1.6499999999999995
2012-07-17,0.19900173908228003,0.22,0.295,FORCE_BUY,0.0011023622047245266,0.008889523545095012,-0.0007874015748031083,0.0011023622047245266,FREE,863764.7385246359,63.57,-0.5,1.6499999999999995
2012-07-18,0.20597427408776145,0.22,0.295,FORCE_BUY,0.018600252206809748,0.00684512620885505,0.006147540983606585,0.018600252206809748,FORCE_BUY,879830.9805085433,64.62,1.0999999999999996,2.2499999999999996
2012-07-19,0.17505086066526887,0.22,0.295,FORCE_BUY,0.0075734157650694965,0.0006182380216382123,0.0006182380216382123,0.0075734157650694965,FORCE_BUY,886494.3063269233,65.19,0.8999999999999997,2.1499999999999995
2012-07-20,0.19379907932936713,0.22,0.295,FORCE_BUY,-0.014572787237306421,-0.014572787237306421,-0.014572787237306421,-0.014572787237306421,FORCE_BUY,873575.6134137375,64.24,1.5499999999999994,2.499999999999999
2012-07-23,0.21833960972955704,0.22,0.295,FORCE_BUY,-0.007366771159874614,-0.007366771159874614,-0.007366771159874614,-0.007366771159874614,FORCE_BUY,867140.1817788715,63.33,1.5499999999999994,2.499999999999999
2012-07-24,0.21566344095660892,0.22,0.295,FORCE_BUY,-0.021189120809614284,-0.01271261120116687,0.002055660974066982,-0.021189120809614284,FORCE_SELL,868922.7280095996,61.9,2.2999999999999994,-0.5
2012-07-25,0.19264620860153536,0.22,0.295,FORCE_BUY,0.004011553273427483,0.004011553273427483,0.004011553273427483,0.004011553273427483,FORCE_BUY,872408.4578235021,62.57,2.2999999999999994,-0.5
2012-07-26,0.19520390054373446,0.22,0.295,FORCE_BUY,0.01702811244979917,0.024421035613628107,0.02377510040160645,0.01702811244979917,FREE,893713.5758416402,63.31,-0.5,-0.5
2012-07-27,0.19532051107859827,0.22,0.295,FORCE_BUY,0.023982328810350277,0.004037739067871844,0.0003155569580308641,0.023982328810350277,FORCE_BUY,915146.9086797483,64.9,2.349999999999999,1.2499999999999996
2012-07-30,0.17931543548745613,0.22,0.295,FORCE_BUY,0.0017004173751739029,0.007740340467809783,0.004946668727778763,0.0017004173751739029,FREE,922230.4573309931,64.8,-0.5,0.9999999999999996
2012-07-31,0.18529735426061678,0.22,0.295,FORCE_BUY,-0.0035384615384616088,0.0006089812761617128,0.002153846153846169,-0.0035384615384616088,FORCE_SELL,924216.7998544753,64.77,2.1999999999999993,-0.5
2012-08-01,0.18923818692512184,0.22,0.295,FORCE_BUY,-0.0024702794503627785,0.0061774616302142015,0.005866913694611867,-0.0024702794503627785,FREE,929926.1136735757,64.61,2.2499999999999996,-0.5
2012-08-02,0.1927851242973199,0.22,0.295,FORCE_BUY,-0.005407911001236025,0.0006180469715699356,0.0006180469715699356,-0.005407911001236025,FREE,930500.8516919154,64.37,2.0499999999999994,-0.5
2012-08-03,0.17875360740745858,0.22,0.295,FORCE_BUY,0.0173401455333642,0.002167518191670552,0.002167518191670552,0.0173401455333642,FORCE_BUY,946635.8718791725,65.71,2.3999999999999995,-0.5
2012-08-06,0.17937334220591125,0.22,0.295,FORCE_BUY,0.002276176024279091,0.0006069802731410065,0.0006069802731410065,0.002276176024279091,FORCE_BUY,948790.5817544664,66.05,2.3999999999999995,-0.5
2012-08-07,0.18079191642530038,0.22,0.295,FORCE_BUY,0.0025610123531184426,0.0007532389273879373,0.0007532389273879373,0.0025610123531184426,FORCE_BUY,951220.446154862,66.55,2.3999999999999995,-0.5
2012-08-08,0.18263694963617347,0.22,0.295,FORCE_BUY,-0.00030052592036057356,0.0025544703230653974,0.0025544703230653974,-0.00030052592036057356,FREE,953650.3105552575,66.53,1.7999999999999994,2.1999999999999993
2012-08-09,0.1800185737510458,0.22,0.295,FORCE_BUY,0.0022525904790507904,0.001503081520296538,-0.00030034539720693904,0.0022525904790507904,FORCE_BUY,955798.494165158,66.74,1.6999999999999993,2.2499999999999996
2012-08-10,0.18345953908433713,0.22,0.295,FORCE_BUY,0.003447758956678229,0.00044970769000151717,0.00044970769000151717,0.003447758956678229,FORCE_BUY,959093.8569841954,66.94,1.1499999999999997,2.349999999999999
2012-08-13,0.17615258154797095,0.22,0.295,FORCE_BUY,0.0022431583669805908,0.0011963511290563568,0.0011963511290563568,0.0022431583669805908,FORCE_BUY,961245.2563942092,67.02,1.1499999999999997,2.3999999999999995
2012-08-14,0.1826735345177403,0.22,0.295,FORCE_BUY,-0.00312639571237172,-0.00312639571237172,-0.00312639571237172,-0.00312639571237172,FORCE_BUY,958240.0233460807,66.96,1.1499999999999997,2.3999999999999995
2012-08-15,0.1858555238731924,0.22,0.295,FORCE_BUY,0.007778608825729419,0.007778608825729419,0.007778608825729419,0.007778608825729419,FORCE_BUY,965693.7976488477,67.37,1.1499999999999997,2.3999999999999995
2012-08-16,0.18396175480634194,0.22,0.295,FORCE_BUY,0.009354120267260749,6.874996521907262e-06,0.0007423904974018007,0.009354120267260749,FORCE_BUY,974727.0135734027,67.98,0.6999999999999997,1.0499999999999996
2012-08-17,0.16954218817524855,0.22,0.295,FORCE_BUY,0.0026443367122081277,0.0026443367122081277,0.0026443367122081277,0.0026443367122081277,FORCE_BUY,977304.5199997759,68.25,0.7499999999999998,2.499999999999999
2012-08-20,0.17173489992438992,0.22,0.295,FORCE_BUY,0.000731528895391533,0.000731528895391533,0.000731528895391533,0.000731528895391533,FORCE_BUY,978019.4464957525,68.4,0.7499999999999998,2.499999999999999
2012-08-21,0.18470896456372302,0.22,0.295,FORCE_BUY,-0.004384042086804209,-0.004964830162005024,0.0014613473622679342,-0.004384042086804209,FORCE_SELL,979448.6726341359,68.13,-0.5,0.6499999999999997
2012-08-22,0.18445935412284595,0.22,0.295,FORCE_BUY,0.004847950639048234,0.005802850007345545,0.005802850007345545,0.004847950639048234,FREE,985132.2663713255,68.4,1.4499999999999995,1.0499999999999996
2012-08-23,0.19162226367800392,0.22,0.295,FORCE_BUY,-0.00730780473545749,-0.00730780473545749,-0.00730780473545749,-0.00730780473545749,FORCE_BUY,977933.1121300851,67.92,2.2499999999999996,1.2999999999999996
2012-08-24,0.19136684547064411,0.22,0.295,FORCE_BUY,0.007507728544089395,0.00291737870649886,-0.002060945090534388,0.007507728544089395,FORCE_BUY,985275.1684702344,68.44,-0.5,0.7999999999999998
2012-08-27,0.1835301062856974,0.22,0.295,FORCE_BUY,-0.001895596383785301,0.0011678634928501419,0.0007290755322251002,-0.001895596383785301,FREE,986425.8353699027,68.45,0.9999999999999996,1.0499999999999996
2012-08-28,0.18728622419791666,0.22,0.295,FORCE_BUY,-0.0010215995329829763,0.0004388952669843449,-0.0011675423234092028,-0.0010215995329829763,FREE,986858.7730002775,68.45,0.8999999999999997,-0.5
2012-08-29,0.16895433809851657,0.22,0.295,FORCE_BUY,0.0007320644216690684,0.003806282493046668,0.0029282576866764775,0.0007320644216690684,FREE,990615.036271058,68.35,1.1499999999999997,0.8499999999999996
2012-08-30,0.16798288028977992,0.22,0.295,FORCE_BUY,-0.0073335288941038645,-0.00674684658257567,-0.00674684658257567,-0.0073335288941038645,FREE,983931.5085989446,67.68,1.3999999999999995,1.0499999999999996
2012-08-31,0.18414006283456094,0.22,0.295,FORCE_BUY,0.005310517775483118,0.010453157054321954,0.000885086295913682,0.005310517775483118,FREE,994216.6991890254,68.15,1.3999999999999995,1.0499999999999996
2012-09-04,0.18107006904798817,0.22,0.295,FORCE_BUY,-0.0023436355646696523,-0.0023436355646696523,-0.0023436355646696523,-0.0023436355646696523,FORCE_BUY,991886.6175738176,68.11,0.8999999999999997,1.7499999999999996
2012-09-05,0.1734780617534398,0.22,0.295,FORCE_BUY,0.0033913299911531203,0.0033913299911531203,0.0033913299911531203,0.0033913299911531203,FORCE_BUY,995250.4324078192,68.05,0.6499999999999997,1.6499999999999995
2012-09-06,0.17581947861130454,0.22,0.295,FORCE_BUY,0.01683008927264758,0.007625561773805347,0.001756183228450239,0.01683008927264758,FORCE_BUY,1012000.586033884,69.48,0.7499999999999998,1.1999999999999997
2012-09-07,0.1493209002057876,0.22,0.295,FORCE_BUY,-0.0041606886657102864,-0.0041606886657102864,-0.0041606886657102864,-0.0041606886657102864,FORCE_BUY,1007789.9666658806,69.41,-0.5,1.9499999999999993
2012-09-10,0.19784545264648137,0.22,0.295,FORCE_BUY,-0.010833453705041199,-0.010833453705041199,-0.010833453705041199,-0.010833453705041199,FORCE_BUY,996872.1207176008,68.48,-0.5,1.9499999999999993
2012-09-11,0.16973386181610653,0.22,0.295,FORCE_BUY,-0.003355215171407799,0.003355215171407799,0.003355215171407799,-0.003355215171407799,FREE,1000216.8411809859,68.32,2.1499999999999995,0.7999999999999998
2012-09-12,0.16855822179505356,0.22,0.295,FORCE_BUY,0.0014570887367041914,0.003359608414268923,0.0010199621156929543,0.0014570887367041914,FREE,1003577.1780967109,68.73,1.5499999999999994,1.1499999999999997
2012-09-13,0.18949936251667288,0.22,0.295,FORCE_BUY,0.015752625437572953,0.010649430893273143,0.01108518086347715,0.015752625437572953,FORCE_BUY,1019386.153480965,69.64,0.8499999999999996,1.6999999999999993
2012-09-14,0.17069858358564152,0.22,0.295,FORCE_BUY,0.0050157638291773495,0.0014330753797649,0.0014330753797649,0.0050157638291773495,FORCE_BUY,1024499.1536775591,70.13,1.8999999999999995,1.6999999999999993
2012-09-17,0.15867521052140818,0.22,0.295,FORCE_BUY,0.0005704506560181451,0.0005704506560181451,0.0005704506560181451,0.0005704506560181451,FORCE_BUY,1025083.5798918646,70.16,1.1999999999999997,2.349999999999999
2012-09-18,0.16220645664207967,0.22,0.295,FORCE_BUY,0.005291762013730056,0.005291762013730056,0.005291762013730056,0.005291762013730056,FORCE_BUY,1030508.0782408348,70.29,1.1999999999999997,2.349999999999999
2012-09-19,0.15762516708175855,0.22,0.295,FORCE_BUY,0.000995732574680049,0.000995732574680049,0.000995732574680049,0.000995732574680049,FORCE_BUY,1031534.1887028102,70.37,1.1999999999999997,2.349999999999999
2012-09-20,0.16727720424602274,0.22,0.295,FORCE_BUY,0.004711593375214153,0.004711593375214153,0.004711593375214153,0.004711593375214153,FORCE_BUY,1036394.3583526093,70.37,1.1999999999999997,2.349999999999999
2012-09-21,0.17333193808864697,0.22,0.295,FORCE_BUY,-0.0019906156689890654,-0.0019906156689890654,-0.0019906156689890654,-0.0019906156689890654,FORCE_BUY,1034331.2955036208,70.19,-0.5,1.4499999999999995
2012-09-24,0.17295414605000117,0.22,0.295,FORCE_BUY,-0.0014314342971656847,7.254188297896398e-05,-0.0005725737188663933,-0.0014314342971656847,FREE,1034406.3278434207,69.76,1.8999999999999995,-0.5
2012-09-25,0.22041133631457657,0.22,0.295,FREE,-0.011901347863492987,-0.011335183329967009,0.0015772870662460537,-0.011335183329967009,FORCE_SELL,1036037.8835655712,68.91,2.0499999999999994,-0.5
2012-09-26,0.19316432257333016,0.22,0.295,FORCE_BUY,-0.005967108135642522,-0.00014553922282027805,-0.00014553922282027805,-0.005967108135642522,FREE,1035887.0994171847,68.3,2.349999999999999,1.0999999999999996
2012-09-27,0.1868494894470497,0.22,0.295,FORCE_BUY,0.012143379663496975,0.0024802141698196177,0.0017556693489392532,0.012143379663496975,FORCE_BUY,1048466.2697539261,69.18,1.8499999999999996,1.8499999999999996
2012-09-28,0.1768613297612783,0.22,0.295,FORCE_BUY,-0.008539586047184753,-0.008539586047184753,-0.008539586047184753,-0.008539586047184753,FORCE_BUY,1039512.8018257916,68.5,1.8499999999999996,1.8499999999999996
2012-10-01,0.1979672581611788,0.22,0.295,FORCE_BUY,-0.005231037489101916,-0.005231037489101916,-0.005231037489101916,-0.005231037489101916,FORCE_BUY,1034075.0713890395,68.46,2.1999999999999993,2.499999999999999
2012-10-02,0.1747593312046627,0.22,0.295,FORCE_BUY,-0.0021802325581394976,-0.0032397788438118186,0.0008720930232557991,-0.0021802325581394976,FORCE_SELL,1034976.8810443205,68.65,1.9999999999999996,-0.5
2012-10-03,0.17274036634439238,0.22,0.295,FORCE_BUY,0.00698689956331886,0.0016011644832603909,0.0016011644832603909,0.00698689956331886,FORCE_BUY,1042208.1605625342,69.18,1.9999999999999996,-0.5
2012-10-04,0.168936963010532,0.22,0.295,FORCE_BUY,0.0031810294968190505,0.0036148062463852663,0.0036148062463852663,0.0031810294968190505,FREE,1045975.5411313693,69.38,2.2499999999999996,-0.5
2012-10-05,0.2034512228531423,0.22,0.295,FORCE_BUY,-0.008782032824647264,-0.004305247487483594,-0.00014396775122345673,-0.008782032824647264,FORCE_SELL,1045824.9543848778,68.85,0.6999999999999997,-0.5
2012-10-08,0.1701197680295556,0.22,0.295,FORCE_BUY,-0.006540697674418694,-0.0038556006580674506,-0.002034883720930265,-0.006540697674418694,FORCE_SELL,1043696.8222102573,68.35,0.7999999999999998,-0.5
2012-10-09,0.2165833035555901,0.22,0.295,FORCE_BUY,-0.0149823736780258,-0.009728677687590372,0.001321974148061082,-0.0149823736780258,FORCE_SELL,1045076.5624276326,67.06,1.4499999999999995,-0.5
2012-10-10,0.18181149399940147,0.22,0.295,FORCE_BUY,-0.005505133164707471,-0.0001478096879604897,-0.0004463621484895938,-0.005505133164707471,FREE,1044922.0899870454,66.84,2.2499999999999996,-0.5
2012-10-11,0.18968981382555286,0.22,0.295,FORCE_BUY,-0.003432323533800936,0.004327712281748988,0.004327712281748988,-0.003432323533800936,FREE,1049444.212149353,66.78,2.1499999999999995,-0.5
2012-10-12,0.18902026371445155,0.22,0.295,FORCE_BUY,-0.0011988610819721752,0.0007492881762324274,0.0007492881762324274,-0.0011988610819721752,FREE,1050230.5482891318,66.65,1.4999999999999996,1.3499999999999996
2012-10-15,0.18514923058918287,0.18,0.215,FREE,0.003880017907774962,-0.003734221159771745,-0.00044769437397402606,-0.003734221159771745,FORCE_BUY,1054305.461623786,67.27,1.9999999999999996,-0.5
2012-10-16,0.20391709464406327,0.22,0.295,FORCE_BUY,0.0,0.0,0.0,0.0,FORCE_BUY,1054305.461623786,67.96,1.4499999999999995,1.9999999999999996
2012-10-17,0.1878308456530874,0.22,0.295,FORCE_BUY,0.0,0.0,0.0,0.0,FORCE_BUY,1054305.461623786,68.11,1.4499999999999995,2.2499999999999996
2012-10-18,0.20938949352839456,0.22,0.295,FORCE_BUY,-0.00458987266804866,-0.00458987266804866,0.0,-0.00458987266804866,FORCE_SELL,1054305.461623786,67.23,1.4499999999999995,2.2499999999999996
2012-10-19,0.264313970510816,0.22,0.295,FREE,-0.022371364653243925,-0.022371364653243925,-0.022371364653243925,-0.022371364653243925,FORCE_BUY,1030719.2096858936,65.55,2.1999999999999993,-0.5
2012-10-22,0.1923475098307381,0.22,0.295,FORCE_BUY,0.007761375741896262,0.007761375741896262,0.007761375741896262,0.007761375741896262,FORCE_BUY,1038719.0087566561,66.22,2.499999999999999,-0.5
2012-10-23,0.21046363837640605,0.22,0.295,FORCE_BUY,-0.0016752969844655735,-0.0016752969844655735,-0.0016752969844655735,-0.0016752969844655735,FORCE_BUY,1036978.845933579,65.55,2.499999999999999,-0.5
2012-10-24,0.2068573683050572,0.22,0.295,FORCE_BUY,-0.002600581306409542,0.0070368670644024795,0.0070368670644024795,-0.002600581306409542,FREE,1044275.9282210112,65.2,2.499999999999999,-0.5
2012-10-25,0.2069132658200666,0.22,0.295,FORCE_BUY,-0.006870229007633696,0.004595049363039248,0.0007633587786257278,-0.006870229007633696,FREE,1049074.4276598205,65.05,2.1499999999999995,-0.5
2012-10-26,0.19906984478274614,0.22,0.295,FORCE_BUY,0.010671203216826356,0.005876894525208781,0.005876894525208781,0.010671203216826356,FORCE_BUY,1060269.3140669542,65.35,1.8499999999999996,1.7999999999999994
2012-10-31,0.198423304950842,0.22,0.295,FORCE_BUY,-0.011297709923664205,-0.008643525247155249,0.003358778625954061,-0.011297709923664205,FORCE_SELL,1063830.5239767972,64.76,1.7499999999999996,1.3999999999999995
2012-11-01,0.18920840388290328,0.22,0.295,FORCE_BUY,0.017562779232783845,0.003697427206902067,0.003697427206902067,0.017562779232783845,FORCE_BUY,1082514.3446104985,66.05,2.0999999999999996,-0.5
2012-11-02,0.22139803418359638,0.22,0.295,FREE,-0.01484848484848492,-0.009754939910049613,0.001515151515151492,-0.009754939910049613,FORCE_SELL,1084154.5178599083,65.02,1.6499999999999995,-0.5
2012-11-05,0.18183312528543574,0.22,0.295,FORCE_BUY,0.004768497154283848,0.006768189509306183,0.006768189509306183,0.004768497154283848,FREE,1091492.2810941546,65.32,1.4999999999999996,-0.5
2012-11-06,0.20034752876994233,0.22,0.295,FORCE_BUY,-0.0015206812652069014,-0.0019720435956271484,0.00015206812652052002,-0.0015206812652069014,FORCE_SELL,1091658.2622804523,65.66,0.44999999999999973,2.499999999999999
2012-11-07,0.2555555270345578,0.22,0.295,FREE,-0.02232007288187054,-0.011037031310856165,0.0010628606134225583,-0.011037031310856165,FORCE_SELL,1092818.5428507477,64.39,1.1499999999999997,-0.5
2012-11-08,0.24836325929225858,0.19,0.215,FORCE_SELL,0.0,0.0,0.0,0.0,FORCE_BUY,1092818.5428507477,63.33,2.3999999999999995,-0.5
2012-11-09,0.22450392504022862,0.19,0.215,FORCE_SELL,0.006978588421887464,0.006978588421887464,0.0,0.0,FORCE_BUY,1100444.8736811099,63.49,1.9999999999999996,-0.5
2012-11-12,0.2643964718290817,0.19,0.215,FORCE_SELL,-0.00015782828282833616,-0.00015782828282833616,0.0,0.0,FORCE_SELL,1100444.8736811099,63.35,1.6499999999999995,-0.5
2012-11-13,0.21776680514793564,0.19,0.215,FORCE_SELL,0.002693709396292221,0.00811626166597174,0.0,0.0,FREE,1109376.372224883,63.28,1.6499999999999995,-0.5
2012-11-14,0.24512611200246778,0.19,0.215,FORCE_SELL,-0.01502926752096191,-0.01502926752096191,0.0,0.0,FORCE_SELL,1109376.372224883,62.26,2.349999999999999,1.8999999999999995
2012-11-15,0.19778887616475968,0.19,0.215,FREE,-0.00273575796588349,-0.0017723727699079659,0.0,-0.0017723727699079659,FORCE_SELL,1109376.372224883,61.97,-0.5,1.8999999999999995
2012-11-16,0.2058695602748268,0.19,0.215,FREE,0.006772009029345319,0.0024023004498695804,0.0029022895840050754,0.0024023004498695804,FORCE_BUY,1116889.0790345322,62.44,2.3999999999999995,1.8499999999999996
2012-11-19,0.2180136196562752,0.19,0.215,FORCE_SELL,0.002521670606777007,0.003467297084318438,0.0,0.0,FREE,1120761.6652817756,63.61,-0.5,2.3999999999999995
2012-11-20,0.20173580681690864,0.19,0.215,FREE,0.0,0.0,0.0,0.0,FORCE_BUY,1120761.6652817756,63.8,-0.5,2.3999999999999995
2012-11-21,0.2043677955551185,0.19,0.215,FREE,0.0,0.0,0.0,0.0,FORCE_BUY,1120761.6652817756,64.01,-0.5,2.3999999999999995
2012-11-23,0.13563716547627883,0.19,0.215,FORCE_BUY,0.0038705681994116456,0.0038705681994116456,0.0,0.0038705681994116456,FORCE_BUY,1125099.6497425348,64.84,-0.5,2.3999999999999995
2012-11-26,0.13494223042733047,0.19,0.215,FORCE_BUY,0.008813978660893706,0.0006185248183083302,0.0006185248183083302,0.008813978660893706,FORCE_BUY,1135016.2540467444,65.24,-0.5,2.3999999999999995
2012-11-27,0.1531939966644564,0.19,0.215,FORCE_BUY,-0.010881226053639769,-0.008754742203018157,0.0001532567049808418,-0.010881226053639769,FORCE_SELL,1135190.2028979394,64.54,-0.5,2.3999999999999995
2012-11-28,0.16065254301086374,0.19,0.215,FORCE_BUY,0.009710234278668456,0.0003082614056722211,0.0003082614056722211,0.009710234278668456,FORCE_BUY,1146213.1657189275,65.51,2.2999999999999994,-0.5
2012-11-29,0.1446052282261411,0.19,0.215,FORCE_BUY,-0.0016689424973448522,-0.0009114834248846084,0.0006068881808526735,-0.0016689424973448522,FORCE_SELL,1146908.78894194,65.8,-0.5,2.499999999999999
2012-11-30,0.16296504145320545,0.19,0.215,FORCE_BUY,-0.0027243832299076545,-0.001816255486605103,-0.001816255486605103,-0.0027243832299076545,FREE,1144825.7095613887,65.89,-0.5,2.499999999999999
2012-12-03,0.16499973313190294,0.19,0.215,FORCE_BUY,-0.006966530364985773,-0.003635538810713199,0.00015144631228250456,-0.006966530364985773,FORCE_SELL,1144999.089193308,65.57,-0.5,-0.5
2012-12-04,0.15741049479081134,0.19,0.215,FORCE_BUY,-0.0036507453605110784,0.006437301917872503,0.00030422878004258985,-0.0036507453605110784,FREE,1152369.7940261343,65.5,2.2999999999999994,-0.5
2012-12-05,0.17859079682433995,0.19,0.215,FORCE_BUY,-0.01503645200486037,-0.01503645200486037,-0.01503645200486037,-0.01503645200486037,FORCE_BUY,1135042.2409264096,64.85,2.499999999999999,2.2499999999999996
2012-12-06,0.1612124330036826,0.19,0.215,FORCE_BUY,0.007241910631741088,0.007241910631741088,0.007241910631741088,0.007241910631741088,FORCE_BUY,1143262.1153984498,65.37,1.7499999999999996,1.8499999999999996
2012-12-07,0.1711091800107943,0.19,0.215,FORCE_BUY,-0.0056739763839899334,-0.000493607888289323,0.005980677810151775,-0.0056739763839899334,FORCE_SELL,1150099.5977632005,64.84,0.6499999999999997,1.6999999999999993
2012-12-10,0.15520964083002176,0.19,0.215,FORCE_BUY,0.006646058732611793,0.006646058732611793,0.006646058732611793,0.006646058732611793,FORCE_BUY,1157743.227238288,65.13,0.7999999999999998,1.6999999999999993
2012-12-11,0.15922235971707074,0.19,0.215,FORCE_BUY,0.011167202080464964,0.0016827290806180084,0.0016827290806180084,0.011167202080464964,FORCE_BUY,1170671.9798141476,66.1,2.0499999999999994,0.9999999999999996
2012-12-12,0.15743599632002458,0.19,0.215,FORCE_BUY,-0.006645521824497762,-0.0006041383476816148,-0.0006041383476816148,-0.006645521824497762,FREE,1169964.7319785855,65.77,2.0499999999999994,1.2499999999999996
2012-12-13,0.17307417838494424,0.19,0.215,FORCE_BUY,-0.006704251104677901,0.0015932956274949549,0.002590278835898199,-0.006704251104677901,FORCE_SELL,1172995.266862577,65.19,2.0499999999999994,1.2499999999999996
2012-12-14,0.177195373032165,0.19,0.215,FORCE_BUY,-0.010561763355273365,-0.010561763355273365,-0.010561763355273365,-0.010561763355273365,FORCE_BUY,1160606.3684371188,64.64,1.5499999999999994,-0.5
2012-12-17,0.20831022822085546,0.19,0.215,FREE,0.01703050007741124,0.014723641430561792,0.014723641430561792,0.014723641430561792,FORCE_BUY,1180372.075284631,65.69,1.8999999999999995,-0.5
2012-12-18,0.22557888429087472,0.19,0.215,FORCE_SELL,0.002862307924073516,0.0016571256402529548,0.0,0.0,FORCE_BUY,1183750.6636290732,66.57,-0.5,2.2499999999999996
2012-12-19,0.2338957989631696,0.19,0.215,FORCE_SELL,-0.0049624060150377,-0.0049624060150377,0.0,0.0,FORCE_SELL,1183750.6636290732,66.17,-0.5,-0.5
2012-12-20,0.2022048984337449,0.19,0.215,FREE,0.0,0.0,0.0,0.0,FORCE_BUY,1183750.6636290732,66.19,1.2999999999999996,-0.5
2012-12-21,0.20388485163381728,0.19,0.215,FREE,0.005229964620827295,0.003846839148852033,0.0,0.003846839148852033,FORCE_BUY,1189941.637719734,65.35,0.8999999999999997,-0.5
2012-12-24,0.18497232879311318,0.19,0.215,FORCE_BUY,0.0,0.0,0.0,0.0,FORCE_BUY,1189941.637719734,64.98,2.499999999999999,1.4999999999999996
2012-12-26,0.17790657339037283,0.19,0.215,FORCE_BUY,0.0,0.0,0.0,0.0,FORCE_BUY,1189941.637719734,64.52,2.499999999999999,1.4999999999999996
2012-12-27,0.17445088213072069,0.19,0.215,FORCE_BUY,0.0005434360686281465,0.0005434360686281465,0.0,0.0005434360686281465,FORCE_BUY,1190588.2949252333,64.44,2.499999999999999,1.4999999999999996
2012-12-28,0.2517120079378428,0.19,0.215,FORCE_SELL,-0.010112009956440736,-0.010112009956440736,-0.010112009956440736,-0.010112009956440736,FORCE_BUY,1178549.0542329277,63.63,2.2499999999999996,1.7499999999999996
2012-12-31,0.21647460727477233,0.19,0.215,FORCE_SELL,0.026630948629057717,0.026336274818783357,0.026336274818783357,0.026336274818783357,FORCE_BUY,1209934.9335530293,65.15,2.349999999999999,1.4499999999999995
2013-01-02,0.20625960797284984,0.19,0.215,FREE,0.0,0.0,0.0,0.0,FORCE_BUY,1209934.9335530293,67.12,2.349999999999999,1.4499999999999995
2013-01-03,0.20424842962877288,0.19,0.215,FREE,0.0,0.0,0.0,0.0,FORCE_BUY,1209934.9335530293,66.86,2.349999999999999,1.4499999999999995
2013-01-04,0.19406014459252896,0.19,0.215,FREE,0.0,0.0,0.0,0.0,FORCE_BUY,1209934.9335530293,66.58,2.349999999999999,1.4499999999999995
2013-01-07,0.1944070357543297,0.19,0.215,FREE,0.0019548872180450588,0.0007518796992480995,0.0,0.0007518796992480995,FORCE_BUY,1212300.2198892983,66.63,-0.5,-0.5
2013-01-08,0.2189324815685131,0.19,0.215,FORCE_SELL,0.00528062764031391,0.0028815753774783597,0.0,0.0,FORCE_BUY,1218701.9259388044,66.63,-0.5,-0.5
2013-01-09,0.24041842631123408,0.19,0.215,FORCE_SELL,-0.0003174070835679757,0.0005600140050138747,0.0,0.0,FREE,1219384.4160852677,66.77,-0.5,-0.5
2013-01-10,0.24838210081100787,0.19,0.215,FORCE_SELL,0.0005210271678452171,-0.003200595459620441,0.0,0.0,FORCE_BUY,1220019.7484940952,67.21,-0.5,-0.5
2013-01-11,0.22280560801170593,0.19,0.215,FORCE_SELL,0.0,0.0,0.0,0.0,FORCE_BUY,1220019.7484940952,67.23,1.5999999999999996,-0.5
2013-01-14,0.2529672323729238,0.19,0.215,FORCE_SELL,-0.0017891754882957904,0.0020000590858279543,0.0,0.0,FREE,1222459.8600769604,66.95,0.9499999999999997,-0.5
2013-01-15,0.2358645255186005,0.19,0.215,FORCE_SELL,0.0,0.0,0.0,0.0,FORCE_BUY,1222459.8600769604,66.72,1.2499999999999996,-0.5
2013-01-16,0.25294105769619696,0.19,0.215,FORCE_SELL,0.00014956625785226592,0.00014956625785226592,0.0,0.0,FORCE_BUY,1222642.6988236068,66.87,1.2499999999999996,-0.5
2013-01-17,0.15235243266268075,0.19,0.215,FORCE_BUY,0.0001490312965722573,0.0022354694485842755,0.0,0.0001490312965722573,FREE,1225375.8792233616,67.11,1.2499999999999996,-0.5
2013-01-18,0.15782870523869344,0.19,0.215,FORCE_BUY,-0.0008940545373268477,0.0024510219628491865,-0.0011920727164357276,-0.0008940545373268477,FREE,1228379.3024160836,67.05,1.2499999999999996,-0.5
2013-01-22,0.16127711511985293,0.19,0.215,FORCE_BUY,0.009859575739468126,0.009859575739468126,0.009859575739468126,0.009859575739468126,FORCE_BUY,1240490.60118505,67.6,-0.5,2.499999999999999
2013-01-23,0.14918856651904955,0.19,0.215,FORCE_BUY,-0.014359733530718056,-0.014359733530718056,-0.014359733530718056,-0.014359733530718056,FORCE_BUY,1222677.4867046725,66.58,-0.5,2.499999999999999
2013-01-24,0.20310873850712519,0.19,0.215,FREE,-0.002397722163944303,-0.00237955682986438,0.00029971527049298563,-0.00237955682986438,FORCE_SELL,1223043.9418183258,66.57,0.7499999999999998,1.4999999999999996
2013-01-25,0.16520264200540544,0.19,0.215,FORCE_BUY,0.0013460963206699884,0.003962453130924287,0.0008973975471133951,0.0013460963206699884,FREE,1227890.1961148418,66.95,0.3999999999999998,1.6499999999999995
2013-01-28,0.17194803779136425,0.19,0.215,FORCE_BUY,0.0008959235478572734,-0.0013486908909283346,0.0007466029565476931,0.0008959235478572734,FORCE_BUY,1228990.291855724,67.03,0.44999999999999973,1.3499999999999996
2013-01-29,0.17571582717201925,0.19,0.215,FORCE_BUY,0.004325130499627225,0.005524139596248433,0.0022371364653245487,0.004325130499627225,FREE,1235779.4057903693,67.34,0.44999999999999973,1.3499999999999996
2013-01-30,0.18577373026825303,0.19,0.215,FORCE_BUY,-0.003120356612184022,-0.0011175646358895944,0.0,-0.003120356612184022,FORCE_SELL,1235779.4057903693,67.09,1.2499999999999996,1.3999999999999995
2013-01-31,0.17576231707627268,0.19,0.215,FORCE_BUY,0.0019420376456527016,-0.0010457125784282977,-0.0010457125784282977,0.0019420376456527016,FORCE_BUY,1238179.3359181364,67.07,1.2499999999999996,1.0999999999999996
2013-02-01,0.16984716525893137,0.19,0.215,FORCE_BUY,0.010155316606929433,0.005362559612851881,0.001344086021505308,0.010155316606929433,FORCE_BUY,1250753.4390905427,67.64,1.2999999999999996,0.9499999999999997
2013-02-04,0.19592952097678737,0.19,0.215,FREE,-0.015380065069506128,-0.015380065069506128,-0.015380065069506128,-0.015380065069506128,FORCE_BUY,1231516.7698114216,66.58,1.2499999999999996,1.8499999999999996
2013-02-05,0.17949528653821853,0.19,0.215,FORCE_BUY,0.012753188297074225,0.004651162790697624,0.004651162790697624,0.012753188297074225,FORCE_BUY,1247222.5350678312,67.5,2.3999999999999995,-0.5
2013-02-06,0.15534086289230772,0.19,0.215,FORCE_BUY,-0.006066883693400336,-0.006066883693400336,-0.006066883693400336,-0.006066883693400336,FORCE_BUY,1239655.7810077867,67.17,1.6999999999999993,2.1999999999999993
2013-02-07,0.16207039706797124,0.19,0.215,FORCE_BUY,0.001488981536629124,0.001488981536629124,0.001488981536629124,0.001488981536629124,FORCE_BUY,1241501.6055774828,67.26,1.6999999999999993,2.1999999999999993
2013-02-08,0.1528299293209114,0.19,0.215,FORCE_BUY,0.010843731431966843,0.00995246583481887,0.00995246583481887,0.010843731431966843,FORCE_BUY,1254964.115560721,68.05,0.7499999999999998,2.2999999999999994
2013-02-11,0.14441490139083227,0.19,0.215,FORCE_BUY,-0.0019086771399208014,-0.0019086771399208014,-0.0019086771399208014,-0.0019086771399208014,FORCE_BUY,1252568.7942419292,67.98,0.6999999999999997,2.4499999999999993
2013-02-12,0.16448634543051366,0.19,0.215,FORCE_BUY,-0.00029472443265533794,-0.00029472443265533794,-0.00029472443265533794,-0.00029472443265533794,FORCE_BUY,1252199.6316146846,67.84,1.3999999999999995,-0.5
2013-02-13,0.1708777370364598,0.19,0.215,FORCE_BUY,0.0002948547840187414,0.004570249152292446,0.004570249152292446,0.0002948547840187414,FREE,1257922.4959195727,67.85,1.6999999999999993,-0.5
2013-02-14,0.1627320074112263,0.19,0.215,FORCE_BUY,0.001326455416359755,-0.0005888389927944256,-0.001768607221812664,0.001326455416359755,FORCE_BUY,1259591.0740276459,67.94,1.7999999999999994,-0.5
2013-02-15,0.18234813893353619,0.19,0.215,FORCE_BUY,-0.0014738393515106563,-0.0020613804875202024,0.001326455416359755,-0.0014738393515106563,FORCE_SELL,1261261.8654301881,67.75,0.9999999999999996,2.0499999999999994
2013-02-19,0.16045007222017174,0.19,0.215,FORCE_BUY,0.007970479704797261,0.0016236162361623707,0.0016236162361623707,0.007970479704797261,FORCE_BUY,1271314.7275310343,68.29,1.2999999999999996,2.499999999999999
2013-02-20,0.24705372867659423,0.19,0.215,FORCE_SELL,-0.016391043465534865,-0.016391043465534865,-0.016391043465534865,-0.016391043465534865,FORCE_BUY,1250476.5525736983,67.21,1.2999999999999996,2.499999999999999
2013-02-21,0.1918758785107085,0.19,0.215,FREE,-0.003139013452914986,-0.0026905829596415355,-0.0026905829596415355,-0.0026905829596415355,FREE,1247112.0416699122,66.69,1.9499999999999993,-0.5
2013-02-22,0.15717410367790244,0.19,0.215,FORCE_BUY,0.0,0.0,0.0,0.0,FORCE_BUY,1247112.0416699122,67.15,2.4499999999999993,-0.5
2013-02-25,0.33452971309858937,0.19,0.215,FORCE_SELL,-0.0025529358762577396,-0.0025529358762577396,0.0,0.0,FORCE_SELL,1247112.0416699122,66.42,2.4499999999999993,1.3999999999999995
2013-02-26,0.24133219287759125,0.19,0.215,FORCE_SELL,0.0,0.0,0.0,0.0,FORCE_BUY,1247112.0416699122,66.47,2.499999999999999,1.4499999999999995
2013-02-27,0.3539101405399401,0.19,0.215,FORCE_SELL,0.00014869888475848333,0.0016356877323420618,0.0,0.0,FREE,1249151.9275373276,67.26,1.9999999999999996,-0.5
2013-02-28,0.3289349733539101,0.19,0.215,FORCE_SELL,0.0,0.0,0.0,0.0,FORCE_BUY,1249151.9275373276,67.03,1.9999999999999996,-0.5
2013-03-01,0.3239121622068895,0.19,0.215,FORCE_SELL,0.009126271693596677,0.008901855176540938,0.0,0.0,FORCE_BUY,1260552.0274146134,67.45,1.9999999999999996,-0.5
2013-03-04,0.34516094549990123,0.18,0.2,FORCE_SELL,0.009230311150811497,0.003721899657585335,0.0,0.0,FORCE_BUY,1272187.3148494365,67.79,1.3499999999999996,1.6499999999999995
2013-03-05,0.33868768958661316,0.18,0.2,FORCE_SELL,0.0,0.0,0.0,0.0,FORCE_BUY,1272187.3148494365,68.72,0.9499999999999997,2.499999999999999
2013-03-06,0.36812066764577683,0.18,0.2,FORCE_SELL,0.0,0.0,0.0,0.0,FORCE_BUY,1272187.3148494365,68.51,0.9499999999999997,2.2999999999999994
2013-03-07,0.3344154404643582,0.18,0.2,FORCE_SELL,0.0017230805175081363,0.00201512806284869,0.0,0.0,FREE,1274750.9352087898,68.6,0.8999999999999997,-0.5
2013-03-08,0.35949677959881776,0.18,0.2,FORCE_SELL,-0.0014534883720929235,0.0011611834647881555,0.0,0.0,FREE,1276231.1549164776,68.7,0.6499999999999997,-0.5
2013-03-11,0.35793039476580496,0.18,0.2,FORCE_SELL,0.005396732788798212,0.00539588973060405,0.0,0.0,FORCE_BUY,1283118.6334363013,68.93,-0.5,-0.5
2013-03-12,0.39041250306232067,0.18,0.2,FORCE_SELL,0.0007280139778682572,-0.001310425160163114,0.0,0.0,FORCE_BUY,1284052.7617367061,68.73,-0.5,1.2999999999999996
2013-03-13,0.3663723862656647,0.18,0.2,FORCE_SELL,0.0020426028596441347,0.004015713724391165,0.0,0.0,FREE,1289209.1500348547,68.68,2.1499999999999995,-0.5
2013-03-14,0.3545428285577709,0.18,0.2,FORCE_SELL,0.00014518002322894778,0.002020002187193458,0.0,0.0,FREE,1291813.355337675,68.89,2.1499999999999995,-0.5
2013-03-15,0.2824440002534938,0.18,0.2,FORCE_SELL,-0.0029133284777857964,0.0030649047365699906,0.0,0.0,FREE,1295772.6402092138,68.45,2.2499999999999996,-0.5
2013-03-18,0.30666672356433106,0.18,0.2,FORCE_SELL,0.009296148738380059,0.007658973924556281,0.0,0.0,FORCE_BUY,1307818.335403722,68.4,2.0499999999999994,1.5499999999999994
2013-03-19,0.3355502665210694,0.18,0.2,FORCE_SELL,0.0,0.0,0.0,0.0,FORCE_BUY,1307818.335403722,68.1,2.0499999999999994,1.5499999999999994
2013-03-20,0.29403500391485554,0.18,0.2,FORCE_SELL,-0.0007306736811341946,-0.0007306736811341946,0.0,0.0,FORCE_SELL,1307818.335403722,68.38,0.8999999999999997,1.1499999999999997
2013-03-21,0.32791071693616547,0.18,0.2,FORCE_SELL,-0.00366568914956014,-0.0016129032258063612,0.0,0.0,FORCE_SELL,1307818.335403722,67.95,0.8999999999999997,-0.5
2013-03-22,0.28479983944825604,0.18,0.2,FORCE_SELL,0.004092968864201115,0.0033620815670224262,0.0,0.0,FORCE_BUY,1313171.1951305608,68.69,0.09999999999999987,0.9999999999999996
2013-03-25,0.3480537077211608,0.18,0.2,FORCE_SELL,-0.0017515691139979284,-0.0017515691139979284,0.0,0.0,FORCE_SELL,1313171.1951305608,68.39,-0.5,0.7999999999999998
2013-03-26,0.2264565019630611,0.18,0.2,FORCE_SELL,0.0,0.0,0.0,0.0,FORCE_BUY,1313171.1951305608,68.76,1.8499999999999996,-0.5
2013-03-27,0.27287222428387037,0.18,0.2,FORCE_SELL,0.007922851581122969,0.007922851581122969,0.0,0.0,FORCE_BUY,1323575.2556101861,68.71,0.9999999999999996,1.9999999999999996
2013-03-28,0.12644752516949112,0.18,0.2,FORCE_BUY,0.0026128610828855996,-0.0004354768471475302,0.0,0.0026128610828855996,FORCE_BUY,1327033.5738858401,69.07,0.44999999999999973,1.4999999999999996
2013-04-01,0.15732536390236315,0.18,0.2,FORCE_BUY,-0.0063842135809634845,-0.0063842135809634845,-0.0063842135809634845,-0.0063842135809634845,FORCE_BUY,1318561.5081210437,68.48,1.2999999999999996,2.0499999999999994
2013-04-02,0.1413603651190788,0.18,0.2,FORCE_BUY,0.006997084548105087,0.005831410018169483,0.006268221574344106,0.006997084548105087,FORCE_BUY,1327787.5944752437,69.08,1.1499999999999997,-0.5
2013-04-03,0.2215411411122877,0.18,0.2,FORCE_SELL,-0.009264620729588917,-0.009264620729588917,-0.009264620729588917,-0.009264620729588917,FORCE_BUY,1315486.1460029774,68.44,1.5499999999999994,1.2999999999999996
2013-04-04,0.1573013971699361,0.18,0.2,FORCE_BUY,-0.005531295487627399,-0.004949309413296648,-0.004512372634643216,-0.005531295487627399,FORCE_SELL,1309550.1823165014,68.32,1.0999999999999996,-0.5
2013-04-05,0.17126877619638634,0.18,0.2,FORCE_BUY,-0.0029385836027036923,-0.008228034087569874,-0.008228034087569874,-0.0029385836027036923,FORCE_BUY,1305701.9596238285,67.86,2.1499999999999995,-0.5
2013-04-08,0.15507134077265064,0.18,0.2,FORCE_BUY,0.005443578049139392,0.005443578049139392,0.005443578049139392,0.005443578049139392,FORCE_BUY,1312809.650149955,68.34,2.0499999999999994,1.6499999999999995
2013-04-09,0.19308374627266267,0.18,0.2,FREE,0.0033610989332161015,0.002192021043401741,0.002192021043401741,0.002192021043401741,FORCE_BUY,1317222.1332645896,68.66,2.0499999999999994,1.6499999999999995
2013-04-10,0.18867754915841384,0.18,0.2,FREE,0.0,0.0,0.0,0.0,FORCE_BUY,1317222.1332645896,69.9,1.9999999999999996,2.0499999999999994
2013-04-11,0.16493222882639957,0.18,0.2,FORCE_BUY,0.0,0.0,0.0,0.0,FORCE_BUY,1317222.1332645896,70.02,1.9999999999999996,2.0499999999999994
2013-04-12,0.17204737656802463,0.18,0.2,FORCE_BUY,0.0,0.0,0.0,0.0,FORCE_BUY,1317222.1332645896,69.95,1.9999999999999996,2.0499999999999994
2013-04-15,0.3057248196613584,0.18,0.2,FORCE_SELL,-0.00737527114967473,-0.00737527114967473,0.0,0.0,FORCE_SELL,1317222.1332645896,68.64,1.1999999999999997,2.499999999999999
2013-04-16,0.18308653467606328,0.18,0.2,FREE,0.008583066627873216,0.002287168740709387,0.0,0.002287168740709387,FORCE_BUY,1328527.938598109,69.33,1.6499999999999995,-0.5
2013-04-17,0.23515341295189773,0.18,0.2,FORCE_SELL,-0.008431458060764818,-0.008431458060764818,0.0,0.0,FORCE_SELL,1328527.938598109,68.21,1.6499999999999995,2.4499999999999993
2013-04-18,0.2868415624482998,0.18,0.2,FORCE_SELL,-0.012728602779809549,-0.012728602779809549,0.0,0.0,FORCE_SELL,1328527.938598109,67.48,1.8499999999999996,1.8499999999999996
2013-04-19,0.29720902302386837,0.18,0.2,FORCE_SELL,0.0,0.0,0.0,0.0,FORCE_BUY,1328527.938598109,68.06,2.3999999999999995,0.9999999999999996
2013-04-22,0.3031788921843087,0.18,0.2,FORCE_SELL,0.008362676056338215,0.00982981220657275,0.0,0.0,FREE,1341587.1187457135,68.73,2.349999999999999,1.3999999999999995
2013-04-23,0.28984667086212523,0.18,0.2,FORCE_SELL,0.0026056745801969427,0.0013028372900985763,0.0,0.0,FORCE_BUY,1345082.858198149,69.26,1.9999999999999996,-0.5
2013-04-24,0.2678404980910064,0.18,0.2,FORCE_SELL,0.0,0.0,0.0,0.0,FORCE_BUY,1345082.858198149,69.24,1.2999999999999996,-0.5
2013-04-25,0.2811819771859225,0.18,0.2,FORCE_SELL,0.0,0.0,0.0,0.0,FORCE_BUY,1345082.858198149,69.68,1.2999999999999996,-0.5
2013-04-26,0.27164076508633755,0.18,0.2,FORCE_SELL,0.0,0.0,0.0,0.0,FORCE_BUY,1345082.858198149,69.57,1.2999999999999996,-0.5
2013-04-29,0.1734963041317984,0.18,0.2,FORCE_BUY,-0.000996725046276553,-0.000996725046276553,0.0,-0.000996725046276553,FORCE_SELL,1345082.858198149,70.16,1.2999999999999996,-0.5
2013-04-30,0.16345556286254745,0.18,0.2,FORCE_BUY,0.00826328536828593,0.001823621598518347,0.001823621598518347,0.00826328536828593,FORCE_BUY,1356197.66169943,70.77,2.0499999999999994,-0.5
2013-05-01,0.18017581400231994,0.18,0.2,FREE,-0.005228204041260295,-0.005228204041260295,-0.005228204041260295,-0.005228204041260295,FORCE_BUY,1349107.1836037852,70.4,2.2499999999999996,1.7499999999999996
2013-05-02,0.17819767129778452,0.18,0.2,FORCE_BUY,0.010778612962700187,0.0032619486597644594,0.0032619486597644594,0.010778612962700187,FORCE_BUY,1363648.687781049,71.27,2.499999999999999,-0.5
2013-05-03,0.1603718844289069,0.18,0.2,FORCE_BUY,0.012498244628563398,0.008628182346468274,0.007302345176239413,0.012498244628563398,FORCE_BUY,1380691.9026683557,72.1,1.9499999999999993,1.4499999999999995
2013-05-06,0.1516246629138787,0.18,0.2,FORCE_BUY,0.0006920415224912293,0.0006920415224912293,0.0006920415224912293,0.0006920415224912293,FORCE_BUY,1381647.3987947695,72.3,-0.5,2.2999999999999994
2013-05-07,0.16417443686319785,0.18,0.2,FORCE_BUY,-0.001519127192376761,-0.001519127192376761,-0.001519127192376761,-0.001519127192376761,FORCE_BUY,1379548.5006609838,72.3,-0.5,2.2999999999999994
2013-05-08,0.16211772291301205,0.18,0.2,FORCE_BUY,0.0038674033149170978,0.006226859158610083,0.0002762430939225638,0.0038674033149170978,FREE,1388138.7548770716,72.68,2.2499999999999996,-0.5
2013-05-09,0.18819971727492743,0.18,0.2,FREE,0.0016526649221871,-0.0026029774546543114,0.000964054537942425,-0.0026029774546543114,FORCE_BUY,1390432.8831043853,72.73,2.2499999999999996,-0.5
2013-05-10,0.18702133445802674,0.18,0.2,FREE,0.0,0.0,0.0,0.0,FORCE_BUY,1390432.8831043853,72.95,2.4499999999999993,0.9499999999999997
2013-05-13,0.1551538704030375,0.18,0.2,FORCE_BUY,0.003423250718882753,0.002053950431329732,0.0,0.003423250718882753,FORCE_BUY,1395192.6834710306,73.28,2.1999999999999993,0.9999999999999996
2013-05-14,0.17488828733627645,0.18,0.2,FORCE_BUY,0.00519764738065925,0.001223992558680003,-0.0005471207769116478,0.00519764738065925,FORCE_BUY,1402444.4030677886,73.49,2.1999999999999993,0.9999999999999996
2013-05-15,0.16266766318967993,0.18,0.2,FORCE_BUY,0.005310457516339876,0.005515455570482667,0.0018382352941177336,0.005310457516339876,FREE,1410179.522862981,73.83,1.6499999999999995,1.0999999999999996
2013-05-16,0.17206731437880998,0.18,0.2,FORCE_BUY,0.0002715546503734594,0.003836501379005648,0.0024439918533605376,0.0002715546503734594,FREE,1415589.6785470904,73.67,1.0499999999999996,0.7999999999999998
2013-05-17,0.15576233260898267,0.18,0.2,FORCE_BUY,0.008549328267064603,0.0008142217397204669,0.0008142217397204669,0.008549328267064603,FORCE_BUY,1427692.0194004579,74.32,2.2999999999999994,0.8499999999999996
2013-05-20,0.16221214323498223,0.18,0.2,FORCE_BUY,0.0001349163518616836,0.003642741500269806,0.003642741500269806,0.0001349163518616836,FREE,1432892.7323691319,74.13,2.2999999999999994,0.8499999999999996
2013-05-21,0.17113056638287874,0.18,0.2,FORCE_BUY,-0.0005386479935361691,-0.0005386479935361691,-0.0005386479935361691,-0.0005386479935361691,FORCE_BUY,1432120.9075738885,74.22,2.2999999999999994,0.8499999999999996
2013-05-22,0.2608941195065882,0.19,0.215,FORCE_SELL,-0.0071322836764902905,-0.0019277351635041075,0.006459426725878207,0.006459426725878207,FORCE_SELL,1441371.5876389602,73.78,1.3499999999999996,0.5999999999999996
2013-05-23,0.19742818357725966,0.19,0.215,FREE,0.008353875650506812,0.002602026841961013,0.0,0.002602026841961013,FORCE_BUY,1453412.6266482696,73.63,1.4999999999999996,0.4999999999999998
2013-05-24,0.1730108696291585,0.19,0.215,FORCE_BUY,0.00698630136986304,0.00698630136986304,0.0,0.00698630136986304,FORCE_BUY,1463566.6052727986,73.51,2.0499999999999994,0.9999999999999996
2013-05-28,0.20311694539421224,0.19,0.215,FREE,-0.004049676025917908,0.0009449244060476595,0.0009449244060476595,0.0009449244060476595,FREE,1464949.5650779973,73.78,2.2499999999999996,0.5999999999999996
2013-05-29,0.1799318489973966,0.19,0.215,FORCE_BUY,0.0017725661303517294,0.005394827963098898,0.0,0.0017725661303517294,FREE,1472852.7159562097,73.47,2.2499999999999996,0.5999999999999996
2013-05-30,0.1799234960587965,0.19,0.215,FORCE_BUY,0.00709026452140711,0.00709026452140711,0.00709026452140711,0.00709026452140711,FORCE_BUY,1483295.631313412,73.86,1.5999999999999996,2.3999999999999995
2013-05-31,0.2208596854995688,0.19,0.215,FORCE_SELL,-0.0071961982348948805,-0.012441300953512842,-0.002987101154107345,-0.002987101154107345,FORCE_SELL,1478864.8772212332,73.12,1.4499999999999995,1.4499999999999995
2013-06-03,0.239537838611942,0.19,0.215,FORCE_SELL,-0.0010899182561310667,-0.0010899182561310667,0.0,0.0,FORCE_SELL,1478864.8772212332,73.32,1.4999999999999996,2.0499999999999994
2013-06-04,0.31347330125814116,0.19,0.215,FORCE_SELL,-0.004093327875563072,0.0003798330020274111,0.0,0.0,FREE,1479426.5989071412,72.99,2.2999999999999994,1.4499999999999995
2013-06-05,0.2476817550376138,0.19,0.215,FORCE_SELL,-0.008650281477413152,-0.0035923747502571053,0.0,0.0,FORCE_SELL,1479426.5989071412,72.2,2.2499999999999996,1.9999999999999996
2013-06-06,0.22713148475811062,0.19,0.215,FORCE_SELL,0.005137461816162184,0.005137461816162184,0.0,0.0,FORCE_BUY,1487027.0965688413,72.39,2.4499999999999993,1.6499999999999995
2013-06-07,0.2753910241155479,0.19,0.215,FORCE_SELL,0.0,0.0,0.0,0.0,FORCE_BUY,1487027.0965688413,73.35,2.499999999999999,2.0999999999999996
2013-06-10,0.25360471117587613,0.19,0.215,FORCE_SELL,-0.0002725909772387438,0.0012266593975737705,0.0,0.0,FREE,1488851.1723312943,73.35,-0.5,0.9499999999999997
2013-06-11,0.25577699796184256,0.19,0.215,FORCE_SELL,-0.0049180327868851145,-0.002605216863407757,0.0,0.0,FORCE_SELL,1488851.1723312943,72.84,-0.5,0.9499999999999997
2013-06-12,0.31119068981899156,0.19,0.215,FORCE_SELL,-0.011839207048458065,-0.00531011570540668,0.0,0.0,FORCE_SELL,1488851.1723312943,71.78,1.6499999999999995,-0.5
2013-06-13,0.28791990676226886,0.19,0.215,FORCE_SELL,0.019594121763470824,-0.000979706088173743,0.0,0.0,FORCE_BUY,1518023.9034896397,72.85,1.6999999999999993,-0.5
2013-06-14,0.25119067839875137,0.19,0.215,FORCE_SELL,0.0,0.0,0.0,0.0,FORCE_BUY,1518023.9034896397,72.25,1.9499999999999993,-0.5
2013-06-17,0.26124075643438666,0.19,0.215,FORCE_SELL,0.0038509145922156493,0.0038509145922156493,0.0,0.0,FORCE_BUY,1523869.6838909201,72.99,1.9499999999999993,-0.5
2013-06-18,0.24628265075719905,0.19,0.215,FORCE_SELL,0.0,0.0,0.0,0.0,FORCE_BUY,1523869.6838909201,73.59,1.9499999999999993,-0.5
2013-06-19,0.29758380008159785,0.19,0.215,FORCE_SELL,-0.010754151919411935,-0.010754151919411935,0.0,0.0,FORCE_SELL,1523869.6838909201,72.67,1.1499999999999997,-0.5
2013-06-20,0.2733755501855057,0.19,0.215,FORCE_SELL,-0.02058295344660842,-0.012061110592175043,0.0,0.0,FORCE_SELL,1523869.6838909201,70.9,2.0499999999999994,-0.5
2013-06-21,0.22911011238707313,0.19,0.215,FORCE_SELL,-0.009295774647887356,-0.011410254354814383,0.0,0.0,FORCE_SELL,1523869.6838909201,70.34,2.2499999999999996,-0.5
2013-06-24,0.22398341490944804,0.19,0.215,FORCE_SELL,0.00014300014300002743,0.013406476772498664,0.0,0.0,FREE,1544299.4074123185,69.94,2.2999999999999994,2.3999999999999995
2013-06-25,0.24229795743588056,0.19,0.215,FORCE_SELL,-0.0008560422314169469,-0.0008560422314169469,0.0,0.0,FORCE_SELL,1544299.4074123185,70.03,2.499999999999999,1.7499999999999996
2013-06-26,0.22764835513333428,0.19,0.215,FORCE_SELL,0.0015567506368524844,0.0015567506368524844,0.0,0.0,FORCE_BUY,1546703.4964982986,70.77,2.4499999999999993,1.7499999999999996
2013-06-27,0.24491519265814551,0.19,0.215,FORCE_SELL,-0.002802690582959549,-0.002802690582959549,0.0,0.0,FORCE_SELL,1546703.4964982986,71.16,2.1999999999999993,1.3999999999999995
2013-06-28,0.2573646834412433,0.19,0.215,FORCE_SELL,-0.0015414798206277423,-0.000558530154201606,0.0,0.0,FORCE_SELL,1546703.4964982986,71.25,2.499999999999999,1.2999999999999996
2013-07-01,0.15087221507564327,0.19,0.215,FORCE_BUY,0.0009772441714366667,-0.000415516708167629,0.0,0.0009772441714366667,FORCE_BUY,1548215.0034751922,71.7,2.1999999999999993,1.0499999999999996
2013-07-02,0.17013433474832082,0.19,0.215,FORCE_BUY,-0.00027870680044612885,0.0033444816053510525,0.0033444816053510525,-0.00027870680044612885,FREE,1553392.9800754434,71.74,2.4499999999999993,-0.5
2013-07-03,0.15223312829595292,0.19,0.215,FORCE_BUY,0.014052838673412149,0.008992414194310119,0.008712759977515652,0.014052838673412149,FORCE_BUY,1575222.5610208546,72.16,1.7999999999999994,-0.5
2013-07-05,0.1406883775597478,0.19,0.215,FORCE_BUY,0.000550206327372777,0.005263629763125518,0.001513067400275042,0.000550206327372777,FREE,1583513.9493765908,72.74,1.5999999999999996,-0.5
2013-07-08,0.1451727913823761,0.19,0.215,FORCE_BUY,-0.0024698133918769245,-0.002881448957189682,-0.002881448957189682,-0.0024698133918769245,FORCE_BUY,1579602.9654181965,72.7,-0.5,-0.5
2013-07-09,0.14161869896422108,0.19,0.215,FORCE_BUY,0.0013700506918756297,0.0005480202767502519,0.0005480202767502519,0.0013700506918756297,FORCE_BUY,1581767.1015538566,73.09,-0.5,-0.5
2013-07-10,0.1389671113253976,0.19,0.215,FORCE_BUY,0.01299767410042414,0.0019096474650014,-0.0010945409768778462,0.01299767410042414,FORCE_BUY,1602326.394842626,74.04,-0.5,-0.5
2013-07-11,0.1428976700610001,0.19,0.215,FORCE_BUY,0.009433962264150966,0.00405030930468817,0.0006738544474392752,0.009433962264150966,FORCE_BUY,1617442.6815864246,74.9,-0.5,2.499999999999999
2013-07-12,0.13118233726161477,0.19,0.215,FORCE_BUY,0.004136642647451294,0.0016012810248198916,0.0016012810248198916,0.004136642647451294,FORCE_BUY,1624133.4639628832,75.25,-0.5,2.4499999999999993
2013-07-15,0.13305092378214742,0.19,0.215,FORCE_BUY,0.000928751492636074,0.001131739198323581,-0.00026535756932485346,0.000928751492636074,FREE,1625971.5594673592,75.44,-0.5,2.4499999999999993
2013-07-16,0.14869980727397691,0.19,0.215,FORCE_BUY,-0.0002651464934378126,0.0018580676110827494,0.001060585973750338,-0.0002651464934378126,FREE,1628992.7245585471,75.41,-0.5,2.4499999999999993
2013-07-17,0.14254216017126162,0.19,0.215,FORCE_BUY,-0.000662690523525437,-0.0011928429423458597,-0.0011928429423458597,-0.000662690523525437,FORCE_BUY,1627913.2065170903,75.4,1.2999999999999996,2.499999999999999
2013-07-18,0.15248640908029035,0.19,0.215,FORCE_BUY,-0.009406465288818347,-0.009406465288818347,-0.009406465288818347,-0.009406465288818347,FORCE_BUY,1612600.2974467783,74.77,1.6499999999999995,-0.5
2013-07-19,0.15303355998250434,0.19,0.215,FORCE_BUY,-0.006911217437533197,-0.0073078076796672265,-0.00797448165869218,-0.006911217437533197,FORCE_BUY,1601455.266151293,74.72,1.9499999999999993,-0.5
2013-07-22,0.15379404096529706,0.19,0.215,FORCE_BUY,0.0025435073627844353,0.0025435073627844353,0.0025435073627844353,0.0025435073627844353,FORCE_BUY,1605528.5794119185,74.89,2.499999999999999,-0.5
2013-07-23,0.17776045738838106,0.19,0.215,FORCE_BUY,-0.00387234610762451,-0.005140873280811926,-0.005140873280811926,-0.00387234610762451,FORCE_BUY,1599311.417066753,74.6,2.499999999999999,-0.5
2013-07-24,0.17071479899353437,0.19,0.215,FORCE_BUY,0.0008018174528932425,-1.0836774220625206e-05,0.0001336362421489657,0.0008018174528932425,FORCE_BUY,1600593.7728735683,74.89,0.5499999999999998,-0.5
2013-07-25,0.14165201870532973,0.19,0.215,FORCE_BUY,0.002674869600107054,0.006973065693050055,0.0021398956800856433,0.002674869600107054,FREE,1611754.8183997024,74.97,1.2999999999999996,0.9999999999999996
2013-07-26,0.15834600391838013,0.19,0.215,FORCE_BUY,0.008685195082843315,0.002004275788348245,0.002004275788348245,0.008685195082843315,FORCE_BUY,1625753.2234232165,75.49,0.9999999999999996,1.4999999999999996
2013-07-29,0.14481463558539742,0.2,0.225,FORCE_BUY,0.00013287270794569943,0.00013287270794569943,0.00013287270794569943,0.00013287270794569943,FORCE_BUY,1625969.2416564643,75.27,1.2999999999999996,1.4499999999999995
2013-07-30,0.13271981925998566,0.2,0.225,FORCE_BUY,0.002516223016818929,-0.00039729837107659624,-0.00039729837107659624,0.002516223016818929,FORCE_BUY,1630060.54288696,75.7,1.8999999999999995,-0.5
2013-07-31,0.13961983171191286,0.2,0.225,FORCE_BUY,0.0018489170628632212,0.0018489170628632212,0.0018489170628632212,0.0018489170628632212,FORCE_BUY,1633074.389638204,75.86,2.4499999999999993,1.8999999999999995
2013-08-01,0.11592948435684848,0.19,0.22,FORCE_BUY,0.00618014464168315,0.00618014464168315,0.00618014464168315,0.00618014464168315,FORCE_BUY,1643167.0255767964,76.52,2.4499999999999993,1.8999999999999995
2013-08-02,0.11891791235443268,0.19,0.22,FORCE_BUY,0.006273689713762685,0.006273689713762685,0.006273689713762685,0.006273689713762685,FORCE_BUY,1653475.7456431517,76.99,2.4499999999999993,1.8999999999999995
2013-08-05,0.11718148034916492,0.19,0.22,FORCE_BUY,-0.00103869124902625,-0.00103869124902625,-0.00103869124902625,-0.00103869124902625,FORCE_BUY,1651758.294855675,76.94,2.4499999999999993,1.8999999999999995
2013-08-06,0.18071513035530784,0.19,0.22,FORCE_BUY,-0.006881329524798817,-0.006881329524798817,-0.006881329524798817,-0.006881329524798817,FORCE_BUY,1640392.0017334532,76.49,2.4499999999999993,1.8999999999999995
2013-08-07,0.1608951337460817,0.195,0.22,FORCE_BUY,0.004196170993967916,0.002892492819746658,0.0011801730920532564,0.004196170993967916,FORCE_BUY,1647275.3670698642,76.58,1.3499999999999996,-0.5
2013-08-08,0.16711962275846923,0.195,0.22,FORCE_BUY,0.0024807416111765385,0.0020894023496497347,0.00300300300300298,0.0024807416111765385,FORCE_SELL,1652222.139943948,76.78,1.2499999999999996,0.4999999999999998
2013-08-09,0.18581102334825242,0.195,0.22,FORCE_BUY,-0.004041194107678269,-0.004041194107678269,-0.004041194107678269,-0.004041194107678269,FORCE_BUY,1645545.189567431,76.4,1.2499999999999996,0.9499999999999997
2013-08-12,0.16310618943947916,0.195,0.22,FORCE_BUY,0.0043171114599686086,0.003793825222396645,0.003793825222396645,0.0043171114599686086,FORCE_BUY,1652649.191563209,76.77,1.9499999999999993,0.5499999999999998
2013-08-13,0.15858853080324706,0.195,0.22,FORCE_BUY,0.0032547845332638803,0.004882599279716035,0.004621794037234882,0.0032547845332638803,FREE,1660718.415315559,77.06,1.0499999999999996,1.7499999999999996
2013-08-14,0.17544774503873242,0.195,0.22,FORCE_BUY,-0.008190327613104438,-0.0053523485520160915,0.001820072802912157,-0.008190327613104438,FORCE_SELL,1663741.04373657,76.29,-0.5,1.5499999999999994
2013-08-15,0.17740337805769354,0.195,0.22,FORCE_BUY,-0.011134398742467883,-0.011134398742467883,-0.011134398742467883,-0.011134398742467883,FORCE_BUY,1645216.2875513972,75.49,1.1499999999999997,1.4999999999999996
2013-08-16,0.1595668533072969,0.195,0.22,FORCE_BUY,-0.0023831590096650866,0.002515556732424167,0.002515556732424167,-0.0023831590096650866,FREE,1649354.922459841,75.35,1.1499999999999997,-0.5
2013-08-19,0.17247178205814864,0.195,0.22,FORCE_BUY,0.0005305743467305299,-0.0007238406873188707,0.000795861520095521,0.0005305743467305299,FORCE_SELL,1650667.580575607,75.43,1.1499999999999997,0.7499999999999998
2013-08-20,0.16103430371729222,0.195,0.22,FORCE_BUY,0.0053113796308590505,0.0053113796308590505,0.0053113796308590505,0.0053113796308590505,FORCE_BUY,1659434.9027403956,75.71,0.8499999999999996,1.4499999999999995
2013-08-21,0.20043896404979764,0.195,0.22,FREE,-0.004901311431977763,-0.004901311431977763,-0.004901311431977763,-0.004901311431977763,FORCE_BUY,1651301.4954809712,75.12,1.3999999999999995,1.2499999999999996
2013-08-22,0.1479192684585431,0.195,0.22,FORCE_BUY,0.014494680851063877,0.00871010638297878,0.00871010638297878,0.014494680851063877,FORCE_BUY,1675236.5836468525,76.29,1.2999999999999996,1.3499999999999996
2013-08-23,0.15128125915614468,0.195,0.22,FORCE_BUY,0.006427072402938143,0.005115424973767075,0.005115424973767075,0.006427072402938143,FORCE_BUY,1686003.4504620014,76.73,2.0999999999999996,1.5999999999999996
2013-08-26,0.16589557283355263,0.195,0.22,FORCE_BUY,-0.00026106252447461744,0.0010442500978984698,0.0010442500978984698,-0.00026106252447461744,FREE,1687764.0597302034,76.59,2.0999999999999996,1.5999999999999996
2013-08-27,0.20098106101203164,0.195,0.22,FREE,-0.018169934640522828,-0.018169934640522828,-0.018169934640522828,-0.018169934640522828,FORCE_BUY,1657097.497076282,75.11,2.0999999999999996,1.5999999999999996
2013-08-28,0.16892167854605175,0.195,0.22,FORCE_BUY,-0.0001328021248339089,0.0033840824030242625,0.002058432934926867,-0.0001328021248339089,FREE,1662705.2515562335,75.29,2.3999999999999995,-0.5
2013-08-29,0.1935190879927672,0.19,0.22,FREE,0.004760645331922694,0.007835013811243291,0.0006612007405447529,0.007835013811243291,FREE,1675732.5701662034,75.98,2.2999999999999994,-0.5
2013-08-30,0.18740669183139877,0.19,0.22,FORCE_BUY,-0.005528498091351832,-0.0030235320915819397,0.0,-0.005528498091351832,FORCE_SELL,1675732.5701662034,75.55,2.1999999999999993,0.9499999999999997
2013-09-03,0.19864254297556205,0.19,0.22,FREE,-0.006419494301061131,0.001969638283624666,-0.00013101008777683114,0.001969638283624666,FREE,1679033.1571895196,75.84,1.5499999999999994,0.9499999999999997
2013-09-04,0.1880964865360826,0.19,0.22,FORCE_BUY,0.014909618683203412,0.004069367586721763,0.0,0.014909618683203412,FORCE_BUY,1704066.9013196705,76.92,1.5499999999999994,0.9499999999999997
2013-09-05,0.17635208088117357,0.19,0.22,FORCE_BUY,-0.0006498570314530821,-0.0009097998440341736,-0.0009097998440341736,-0.0006498570314530821,FORCE_BUY,1702959.5014617816,76.89,1.1999999999999997,1.7499999999999996
2013-09-06,0.1968949720674973,0.19,0.22,FREE,0.0016911669051643556,0.0009106283335500104,0.0009106283335500104,0.0009106283335500104,FORCE_BUY,1705839.4902114891,77.0,1.0499999999999996,1.6499999999999995
2013-09-09,0.16909515086831875,0.19,0.22,FORCE_BUY,0.0,0.0,0.0,0.0,FORCE_BUY,1705839.4902114891,77.89,1.0499999999999996,1.6499999999999995
2013-09-10,0.15761825039826674,0.19,0.22,FORCE_BUY,0.002566405748748709,0.0024382494908234084,0.0,0.002566405748748709,FORCE_BUY,1710217.3664856104,78.13,1.0499999999999996,1.6499999999999995
2013-09-11,0.18104311519766692,0.19,0.22,FORCE_BUY,0.000897090862488816,-0.003870306292451633,-0.003870306292451633,0.000897090862488816,FORCE_BUY,1711751.5868579543,78.1,1.0499999999999996,1.6499999999999995
2013-09-12,0.19508450717783946,0.19,0.22,FREE,0.0002562131693568882,0.0002562131693568882,0.0002562131693568882,0.0002562131693568882,FORCE_BUY,1712190.1601571748,78.08,-0.5,2.0499999999999994
2013-09-13,0.17093558810429932,0.19,0.22,FORCE_BUY,0.001024590163934359,0.0006389379524932765,-0.003073770491803254,0.001024590163934359,FORCE_BUY,1713944.453354057,78.16,0.44999999999999973,2.0499999999999994
2013-09-16,0.20060823064360353,0.19,0.22,FREE,-0.011075747931253868,-0.009420500844105274,0.0017823042647995497,-0.009420500844105274,FORCE_SELL,1716999.2238628995,77.68,0.8999999999999997,2.0499999999999994
2013-09-17,0.19087297019313074,0.19,0.22,FREE,0.007970176115181872,0.007970176115181872,0.007970176115181872,0.007970176115181872,FORCE_BUY,1730684.0100667172,78.41,2.4499999999999993,1.1499999999999997
2013-09-18,0.2035417113001825,0.19,0.22,FREE,0.011841100076394063,0.005333673077163991,0.0031830914183855726,0.005333673077163991,FORCE_BUY,1751177.2126305322,79.47,2.4499999999999993,1.1499999999999997
2013-09-19,0.16387214202015474,0.19,0.22,FORCE_BUY,0.0,0.0003775484520513943,0.0003775484520513943,0.0,FREE,1751838.3668764285,79.46,2.4499999999999993,1.1499999999999997
2013-09-20,0.21127700734199048,0.19,0.22,FREE,-0.0074297947361795045,-0.0074297947361795045,-0.0074297947361795045,-0.0074297947361795045,FORCE_BUY,1738822.5673995726,78.82,-0.5,1.0499999999999996
2013-09-23,0.21354561555720683,0.19,0.22,FREE,-0.003037974683544162,-0.00474448842376191,-0.004113924050632876,-0.00474448842376191,FORCE_BUY,1733540.0684606375,78.76,1.5499999999999994,0.34999999999999987
2013-09-24,0.20017638760608367,0.19,0.22,FREE,0.00012687135244856,0.002791169753869727,0.002791169753869727,0.002791169753869727,FREE,1738378.6730668463,78.83,2.349999999999999,1.1999999999999997
2013-09-25,0.19087264115138325,0.19,0.22,FREE,-0.0005085823267641896,0.008208677418322445,0.0,0.008208677418322445,FREE,1752648.4628249437,78.61,1.1999999999999997,0.7499999999999998
2013-09-26,0.19294857746499883,0.19,0.22,FREE,0.001896333754740826,-0.0003792667509482348,0.0,-0.0003792667509482348,FORCE_BUY,1755972.0692651933,79.25,1.2999999999999996,0.6499999999999997
2013-09-27,0.21032528635225053,0.19,0.22,FREE,0.002344294494075723,0.002851168979281487,0.0,0.002851168979281487,FREE,1760978.6423575669,79.1,2.349999999999999,1.1499999999999997
2013-09-30,0.22848470591978354,0.19,0.22,FORCE_SELL,0.003432930705657965,0.007402514207629377,0.0,0.0,FREE,1774014.3117769505,78.92,1.7999999999999994,0.9499999999999997
2013-10-01,0.19088496146338876,0.19,0.23,FREE,0.002138364779874229,0.002892639852275818,0.0,0.002892639852275818,FREE,1779145.896273704,79.67,1.5499999999999994,1.4499999999999995
2013-10-02,0.18087952409987917,0.19,0.23,FORCE_BUY,0.0,0.0,0.0,0.0,FORCE_BUY,1779145.896273704,79.32,2.1499999999999995,2.349999999999999
2013-10-03,0.25482284458123317,0.19,0.23,FORCE_SELL,-0.001903311762466797,-0.0011261848966869867,0.0,0.0,FORCE_SELL,1779145.896273704,78.66,1.0999999999999996,-0.5
2013-10-04,0.20403376487890534,0.19,0.23,FREE,0.0,0.0,0.0,0.0,FORCE_BUY,1779145.896273704,79.42,1.8499999999999996,-0.5
2013-10-07,0.23414155368155223,0.19,0.23,FORCE_SELL,-0.003039898670044431,-0.003039898670044431,0.0,0.0,FORCE_SELL,1779145.896273704,78.71,1.3999999999999995,1.2499999999999996
2013-10-08,0.27502780865015364,0.19,0.23,FORCE_SELL,0.00012903225806460306,0.0057044266590238575,0.0,0.0,FREE,1789294.9035547005,77.51,1.8999999999999995,-0.5
2013-10-09,0.23083805222634526,0.19,0.23,FORCE_SELL,-0.00580645161290333,0.0004077827009760474,0.0,0.0,FREE,1790024.5470633148,77.05,1.1499999999999997,0.5499999999999998
2013-10-10,0.21728589598002926,0.19,0.23,FREE,0.0,0.0,0.0,0.0,FORCE_BUY,1790024.5470633148,78.36,1.7999999999999994,1.1999999999999997
2013-10-11,0.20574966365781114,0.19,0.23,FREE,0.0,0.0,0.0,0.0,FORCE_BUY,1790024.5470633148,79.34,1.6499999999999995,1.9499999999999993
2013-10-14,0.20077274148479227,0.19,0.23,FREE,0.0,0.0,0.0,0.0,FORCE_BUY,1790024.5470633148,79.97,1.6499999999999995,1.9499999999999993
2013-10-15,0.21974055198888642,0.19,0.23,FREE,0.0,0.0,0.0,0.0,FORCE_BUY,1790024.5470633148,79.9,1.6499999999999995,1.9499999999999993
2013-10-16,0.1944390369993204,0.19,0.23,FREE,0.0,0.0,0.0,0.0,FORCE_BUY,1790024.5470633148,80.21,0.9999999999999996,-0.5
2013-10-17,0.2092390656099453,0.19,0.23,FREE,0.018263697773330177,0.00625538043110499,0.0,0.00625538043110499,FORCE_BUY,1822717.0143977213,81.4,0.2999999999999998,2.4499999999999993
2013-10-18,0.20477183417345265,0.19,0.23,FREE,0.0,0.0,0.0,0.0,FORCE_BUY,1822717.0143977213,82.08,0.5999999999999996,-0.5
2013-10-21,0.1883514741579829,0.19,0.23,FORCE_BUY,0.0016402192957391802,0.0001811658080543621,0.0,0.0016402192957391802,FORCE_BUY,1825706.6700154087,82.38,0.5999999999999996,-0.5
2013-10-22,0.20896691788975463,0.19,0.23,FREE,-0.000485613694306297,-0.00011098744940384908,0.00036421027072955104,-0.00011098744940384908,FORCE_SELL,1826371.6111359678,82.33,0.5999999999999996,-0.5
2013-10-23,0.2070381345502499,0.19,0.23,FREE,0.0004878048780488912,0.004278457768689456,0.0015853658536585514,0.004278457768689456,FREE,1834185.6649441463,82.04,-0.5,0.7499999999999998
2013-10-24,0.2015636514497815,0.19,0.23,FREE,0.008027243979567021,-0.00121624908781305,-0.00121624908781305,-0.00121624908781305,FORCE_BUY,1848909.1207804773,82.88,2.4499999999999993,-0.5
2013-10-25,0.18991705872067777,0.19,0.23,FORCE_BUY,-0.0014471780028943615,-0.0015001105271557394,0.0,-0.0014471780028943615,FORCE_SELL,1848909.1207804773,82.8,-0.5,-0.5
2013-10-28,0.19678423453287283,0.19,0.23,FREE,-0.0038507821901323843,-0.0009611302335546115,-0.00036101083032501717,-0.0009611302335546115,FORCE_SELL,1848241.6445635888,82.78,-0.5,-0.5
2013-10-29,0.21207849609529547,0.19,0.23,FREE,0.0016865437899047334,0.0006023370678230705,0.0,0.0006023370678230705,FORCE_BUY,1851358.7850314707,83.15,1.3499999999999996,1.1999999999999997
2013-10-30,0.19445785761265866,0.21,0.23,FORCE_BUY,-0.000965367442982941,-0.000965367442982941,0.0,-0.000965367442982941,FORCE_SELL,1851358.7850314707,82.79,1.8499999999999996,0.9499999999999997
2013-10-31,0.2110537139413257,0.21,0.23,FREE,0.00036231884057982106,-0.004150501457302196,0.0012077294685992335,-0.004150501457302196,FORCE_SELL,1853594.7255931033,82.83,2.0999999999999996,0.6999999999999997
2013-11-01,0.19822031082823946,0.21,0.23,FORCE_BUY,-0.0010863005431500483,0.001207000603500452,0.001207000603500452,-0.0010863005431500483,FREE,1855832.0155455396,82.76,2.1499999999999995,0.7999999999999998
2013-11-04,0.18067738878273074,0.21,0.23,FORCE_BUY,0.0003619691119690376,0.002534773725048798,0.0020511583011583344,0.0003619691119690376,FREE,1860536.1297766487,82.91,2.0499999999999994,1.4999999999999996
2013-11-05,0.2048675861203478,0.21,0.23,FORCE_BUY,0.0022930243784698057,0.0008568670045861059,0.0008568670045861059,0.0022930243784698057,FORCE_BUY,1864802.3844792503,83.05,2.0499999999999994,1.4999999999999996
2013-11-06,0.1984652203725625,0.21,0.23,FORCE_BUY,-0.006362545018007197,-0.0009685073486843307,-0.0004801920768306902,-0.006362545018007197,FORCE_SELL,1863906.9211493684,82.77,-0.5,0.7499999999999998
2013-11-07,0.2758686127360421,0.21,0.23,FORCE_SELL,-0.014849692140528815,-0.012233658720145335,0.0,0.0,FORCE_SELL,1863906.9211493684,81.6,1.2999999999999996,0.9499999999999997
2013-11-08,0.2101139457890607,0.21,0.23,FREE,0.0,0.0,0.0,0.0,FORCE_BUY,1863906.9211493684,82.5,2.1999999999999993,-0.5
2013-11-11,0.1948422795530269,0.21,0.23,FORCE_BUY,-0.0015755665979881636,0.0009698884343585963,0.0,-0.0015755665979881636,FREE,1865714.702914912,82.38,1.5999999999999996,1.2499999999999996
2013-11-12,0.19030110749317633,0.19,0.23,FREE,0.004745102810560848,0.0003650079085046674,0.0003650079085046674,0.0003650079085046674,FORCE_BUY,1874567.7109954185,82.58,1.5499999999999994,-0.5
2013-11-13,0.23541895240387609,0.21,0.23,FORCE_SELL,0.01373192368453013,-0.0012152144853567989,0.0,0.0,FORCE_BUY,1900309.1317442919,83.42,1.1499999999999997,-0.5
2013-11-14,0.1925944536308498,0.21,0.23,FORCE_BUY,0.0,0.0,0.0,0.0,FORCE_BUY,1900309.1317442919,83.73,1.0499999999999996,2.3999999999999995
2013-11-15,0.18106762162150683,0.21,0.23,FORCE_BUY,0.0005960185957802383,0.0005960185957802383,0.0,0.0005960185957802383,FORCE_BUY,1901441.7513245426,83.94,0.7499999999999998,2.349999999999999
2013-11-18,0.24279163951296345,0.21,0.23,FORCE_SELL,-0.00941260574288094,-0.004728547955139652,-0.00011914690813770956,-0.00011914690813770956,FORCE_SELL,1901215.2004188683,83.14,0.7499999999999998,1.9499999999999993
2013-11-19,0.22726883327967426,0.21,0.23,FREE,-0.001445434834979354,-0.0007213221662787688,0.0,-0.0007213221662787688,FORCE_SELL,1901215.2004188683,82.9,0.7499999999999998,1.9499999999999993
2013-11-20,0.2338879990987206,0.21,0.23,FORCE_SELL,-0.0028936580660718497,-0.004094981743431837,0.0010851217747769436,0.0010851217747769436,FORCE_SELL,1903278.2504313798,82.7,1.1499999999999997,-0.5
2013-11-21,0.20511258392169063,0.21,0.23,FORCE_BUY,0.0005985873338919622,0.0005985873338919622,0.0,0.0005985873338919622,FORCE_BUY,1904417.5286849602,83.58,1.4999999999999996,-0.5
2013-11-22,0.18735379090878798,0.21,0.23,FORCE_BUY,0.003707247070079047,0.0003594532186836137,-0.0005979430758193004,0.003707247070079047,FORCE_BUY,1911477.6749883846,83.93,1.4999999999999996,-0.5
2013-11-25,0.17620483437352788,0.21,0.23,FORCE_BUY,0.001546330438920118,0.0030941457895043213,0.002260021410729364,0.001546330438920118,FREE,1917392.0655881816,84.2,1.4999999999999996,-0.5
2013-11-26,0.1879738135263357,0.21,0.23,FORCE_BUY,0.005108101686861513,0.0007127583749107746,0.0007127583749107746,0.005108101686861513,FORCE_BUY,1927186.2992327875,84.61,1.4999999999999996,-0.5
2013-11-27,0.1746453093286069,0.21,0.23,FORCE_BUY,0.006495807251682939,0.00471901107552944,0.0017715837959133907,0.006495807251682939,FORCE_BUY,1939704.929970688,85.22,0.4999999999999998,1.1999999999999997
2013-11-29,0.17999334585339713,0.21,0.23,FORCE_BUY,0.002573099415204653,0.0010526315789473428,0.0010526315789473428,0.002573099415204653,FORCE_BUY,1944695.983591665,85.72,0.4999999999999998,1.1999999999999997
2013-12-02,0.19154324872563186,0.21,0.23,FORCE_BUY,-0.0015167425037918565,0.00023574864802013672,-0.0007000350017499593,-0.0015167425037918565,FREE,1945154.4430406073,85.58,0.4999999999999998,1.1999999999999997
2013-12-03,0.19082645240541243,0.19,0.23,FREE,-0.0012867001988536545,0.001164468949154324,-0.0005848637267516155,0.001164468949154324,FREE,1947419.5149908375,85.38,0.4999999999999998,1.1999999999999997
2013-12-04,0.23458192258693042,0.19,0.23,FORCE_SELL,0.004347315239102341,0.0017056417959378197,0.0,0.0,FORCE_BUY,1955885.5615252825,85.48,0.7999999999999998,0.9499999999999997
2013-12-05,0.19713554227647,0.19,0.23,FREE,0.002464229960391584,0.002464229960391584,0.0,0.002464229960391584,FORCE_BUY,1960705.3133250906,85.47,1.4499999999999995,1.5499999999999994
2013-12-06,0.16533046268037932,0.19,0.23,FORCE_BUY,0.005487448920023237,0.0027992751236300705,0.0012842965557501866,0.005487448920023237,FORCE_BUY,1971464.58357918,86.12,1.3999999999999995,0.6999999999999997
2013-12-09,0.15891659911418923,0.19,0.23,FORCE_BUY,0.003481894150417893,0.0012753629363874946,0.00023212627669472454,0.003481894150417893,FORCE_BUY,1978329.0145805008,86.46,-0.5,0.8499999999999996
2013-12-10,0.1750470654665526,0.19,0.23,FORCE_BUY,-0.0005783021050195908,0.003015272529689501,0.0005783021050197555,-0.0005783021050195908,FREE,1984294.215712853,86.41,-0.5,0.8499999999999996
2013-12-11,0.253251631942494,0.19,0.23,FORCE_SELL,-0.009636595843492461,-0.0030567282977472733,0.0013932427725531766,0.0013932427725531766,FORCE_SELL,1987058.8192875138,85.3,0.7499999999999998,0.5999999999999996
2013-12-12,0.19352065562902998,0.19,0.23,FREE,-0.0010582010582010583,-0.0010582010582010583,0.0,-0.0010582010582010583,FORCE_SELL,1987058.8192875138,84.96,0.4999999999999998,0.8499999999999996
2013-12-13,0.20836231746317227,0.19,0.23,FREE,-0.004575853572685784,0.0034155545844985094,0.0015252845242284298,0.0034155545844985094,FREE,1993845.7271473994,84.84,1.6999999999999993,-0.5
2013-12-16,0.21427852367366,0.19,0.23,FREE,-0.0011719207781552452,-0.0011719207781552452,0.0,-0.0011719207781552452,FORCE_SELL,1993845.7271473994,85.23,1.2999999999999996,0.6999999999999997
2013-12-17,0.20280106925801092,0.19,0.23,FREE,0.0007047216349541676,0.004941929870288226,0.0014094432699083353,0.004941929870288226,FREE,2003699.1729031357,85.2,1.3499999999999996,-0.5
2013-12-18,0.30836342383291154,0.19,0.23,FORCE_SELL,0.011734334663224665,0.011734334663224665,0.011734334663224665,0.011734334663224665,FORCE_BUY,2027211.2495624074,86.22,1.7499999999999996,1.2499999999999996
2013-12-19,0.20286266532509448,0.19,0.23,FREE,-0.00232207128758851,-0.0026703819807266816,-0.0026703819807266816,-0.0026703819807266816,FORCE_BUY,2022503.920525922,85.93,1.1999999999999997,-0.5
2013-12-20,0.2122915002999816,0.19,0.23,FREE,0.00967365967365959,0.005823705013155425,0.0,0.005823705013155425,FORCE_BUY,2042068.9351417318,86.63,0.9999999999999996,1.4499999999999995
2013-12-23,0.18075701127641586,0.19,0.23,FORCE_BUY,0.0020651675080312413,0.0004591099985734526,0.0,0.0020651675080312413,FORCE_BUY,2046286.1495557462,87.34,0.9499999999999997,1.6999999999999993
2013-12-24,0.16275417736296535,0.19,0.23,FORCE_BUY,0.002288591372010691,0.0011442956860052648,0.0011442956860052648,0.002288591372010691,FORCE_BUY,2050969.2623822847,87.59,1.2499999999999996,1.7499999999999996
2013-12-26,0.18511447775555764,0.19,0.23,FORCE_BUY,0.0027447392497713706,0.0016021404128867445,0.0025160109789569693,0.0027447392497713706,FORCE_BUY,2056598.6382168203,87.68,1.2499999999999996,1.7999999999999994
2013-12-27,0.19365656570463438,0.19,0.23,FREE,-0.0014823261117446974,0.0011425330324108696,0.0007981755986315873,0.0011425330324108696,FREE,2058948.3700953943,87.57,-0.5,-0.5
2013-12-30,0.21510412631000655,0.19,0.23,FREE,-0.0017136981606306072,-0.000467530013189122,-0.0017136981606306072,-0.000467530013189122,FREE,2057985.7499367679,87.38,-0.5,-0.5
2013-12-31,0.19072882112907305,0.19,0.23,FREE,0.0030765724703738007,0.0012534184138561178,0.0,0.0012534184138561178,FORCE_BUY,2064317.292239445,88.03,1.5499999999999994,1.2499999999999996
2014-01-02,0.21689451005901603,0.19,0.23,FREE,-0.0060343846066264,-0.005578959353295958,0.0,-0.005578959353295958,FORCE_SELL,2064317.292239445,87.3,2.0999999999999996,1.6499999999999995
2014-01-03,0.22433151977566132,0.19,0.23,FREE,-0.0034506556245686194,-0.0034506556245686194,0.0,-0.0034506556245686194,FORCE_SELL,2064317.292239445,86.64,2.4499999999999993,-0.5
2014-01-06,0.22238673086856067,0.19,0.23,FREE,-0.004153686396677057,-0.003346025152878839,-0.003346025152878839,-0.003346025152878839,FREE,2057410.034656089,86.31,2.4499999999999993,-0.5
2014-01-07,0.2169308163028646,0.19,0.23,FREE,0.0038075458636206666,0.002190366470072221,0.0,0.002190366470072221,FORCE_BUY,2065243.7177233153,87.0,1.2999999999999996,1.0999999999999996
2014-01-08,0.19458743598337117,0.19,0.23,FREE,0.0018946083940784863,0.0018946083940784863,0.0,0.0018946083940784863,FORCE_BUY,2069156.5458067318,87.36,1.2999999999999996,1.3999999999999995
2014-01-09,0.21892307532128974,0.19,0.23,FREE,-0.0046857142857142636,-0.0046857142857142636,-0.0046857142857142636,-0.0046857142857142636,FORCE_BUY,2059461.069420666,87.09,-0.5,1.6499999999999995
2014-01-10,0.20418766388982343,0.19,0.23,FREE,0.0006873639592162953,0.0006873639592162953,0.0006873639592162953,0.0006873639592162953,FORCE_BUY,2060876.6687351945,87.35,0.9499999999999997,1.0499999999999996
2014-01-13,0.30151354705214073,0.19,0.23,FORCE_SELL,-0.011933448078026428,-0.011933448078026428,-0.011933448078026428,-0.011933448078026428,FORCE_BUY,2036283.3040136269,86.11,0.9499999999999997,1.0499999999999996
2014-01-14,0.23931715231676862,0.19,0.23,FORCE_SELL,0.01752960297190627,0.01752960297190627,0.01752960297190627,0.01752960297190627,FORCE_BUY,2071978.5418713074,87.65,0.9499999999999997,1.0499999999999996
2014-01-15,0.1988888726286224,0.19,0.23,FREE,0.0,0.0,0.0,0.0,FORCE_BUY,2071978.5418713074,88.37,2.1999999999999993,-0.5
2014-01-16,0.18292954333732955,0.19,0.23,FORCE_BUY,0.0,0.0,0.0,0.0,FORCE_BUY,2071978.5418713074,88.25,2.1999999999999993,-0.5
2014-01-17,0.2069897537796415,0.19,0.23,FREE,0.0,0.0,0.0,0.0,FORCE_BUY,2071978.5418713074,87.85,2.1999999999999993,-0.5
2014-01-21,0.1769128225237899,0.19,0.23,FORCE_BUY,0.0018115942028986648,0.005281280606321784,0.0,0.0018115942028986648,FREE,2082921.2419612072,88.48,0.44999999999999973,1.2999999999999996
2014-01-22,0.1747348932647564,0.19,0.23,FORCE_BUY,0.005417607223476319,0.0013495972662553933,-0.0009029345372459461,0.005417607223476319,FORCE_BUY,2094205.6911275887,89.08,0.44999999999999973,1.2999999999999996
2014-01-23,0.19442521456332917,0.19,0.23,FREE,-0.0032595256828142974,-0.0015720418098168145,-0.0024727436214454666,-0.0015720418098168145,FREE,2090913.5122227797,88.68,0.44999999999999973,1.2999999999999996
2014-01-24,0.3308346173563603,0.19,0.23,FORCE_SELL,-0.020939445387662604,-0.017227047559073963,-0.011205432937181636,-0.011205432937181636,FORCE_SELL,2067483.9210841204,86.5,1.6499999999999995,-0.5
2014-01-27,0.2750347745181407,0.19,0.23,FORCE_SELL,-0.012041218015514837,-0.012041218015514837,0.0,0.0,FORCE_SELL,2067483.9210841204,85.33,1.7999999999999994,-0.5
2014-01-28,0.21916412099799087,0.19,0.23,FREE,0.0,0.0,0.0,0.0,FORCE_BUY,2067483.9210841204,86.29,2.2999999999999994,-0.5
2014-01-29,0.25497822302777834,0.19,0.23,FORCE_SELL,-0.00349854227405235,0.0013037756562343003,0.0,0.0,FREE,2070179.456290086,85.45,2.3999999999999995,1.9499999999999993
2014-01-30,0.23238829915496528,0.19,0.23,FORCE_SELL,0.0,0.0,0.0,0.0,FORCE_BUY,2070179.456290086,86.35,-0.5,2.4499999999999993
2014-01-31,0.23142015990241005,0.19,0.23,FORCE_SELL,0.0017423626437448934,0.004760592857379104,0.0,0.0,FREE,2080034.7378231934,86.24,1.6999999999999993,2.499999999999999
2014-02-03,0.30014865945509217,0.19,0.23,FORCE_SELL,-0.017558139534883783,-0.010760153618598178,0.0,0.0,FORCE_SELL,2080034.7378231934,84.49,1.6499999999999995,-0.5
2014-02-04,0.2106510679937931,0.19,0.23,FREE,0.0,0.0,0.0,0.0,FORCE_BUY,2080034.7378231934,84.7,2.349999999999999,-0.5
2014-02-05,0.22724219670580478,0.19,0.23,FREE,0.007848733499821419,0.007848733499821419,0.0,0.007848733499821419,FORCE_BUY,2096360.3761507384,84.75,2.349999999999999,-0.5
2014-02-06,0.22311889689278816,0.19,0.23,FREE,0.010501474926253683,0.007323897911466443,0.004483775811209516,0.007323897911466443,FORCE_BUY,2118375.2520772773,85.64,2.349999999999999,-0.5
2014-02-07,0.22749298618243893,0.19,0.23,FREE,0.017809335350948682,0.008031661040623906,0.008031661040623906,0.008031661040623906,FORCE_BUY,2156102.107340672,87.44,1.3999999999999995,1.9499999999999993
2014-02-10,0.20396952565999302,0.19,0.23,FREE,0.006296508299942948,0.003091013165426616,0.0,0.003091013165426616,FORCE_BUY,2169678.022155067,87.9,1.1499999999999997,1.9499999999999993
2014-02-11,0.2110146259016312,0.19,0.23,FREE,-0.00022560631697702557,-0.00022560631697702557,0.0,-0.00022560631697702557,FORCE_SELL,2169678.022155067,88.63,1.1499999999999997,1.9499999999999993
2014-02-12,0.19601503094094283,0.19,0.23,FREE,0.0003378378378379053,4.5576774083335365e-07,0.0013513513513514637,4.5576774083335365e-07,FORCE_SELL,2172610.019482304,88.83,1.1499999999999997,1.9499999999999993
2014-02-13,0.22862441242979878,0.19,0.23,FREE,0.01242516661018854,0.00179921512043401,0.0007906924206483243,0.00179921512043401,FORCE_BUY,2199605.0609533363,89.63,0.5499999999999998,-0.5
2014-02-14,0.20530525309957912,0.19,0.23,FREE,0.004806080250363423,0.003019185723116701,0.0,0.003019185723116701,FORCE_BUY,2210176.5393953836,89.9,0.2999999999999998,-0.5
2014-02-18,0.20848351820044608,0.19,0.23,FREE,0.0,0.0,0.0,0.0,FORCE_BUY,2210176.5393953836,90.13,1.3499999999999996,-0.5
2014-02-19,0.2617815196017316,0.19,0.23,FORCE_SELL,-0.0013348164627363342,0.0013316055075112095,0.0,0.0,FREE,2213119.6226478145,89.78,1.3499999999999996,-0.5
2014-02-20,0.23835049983956816,0.19,0.23,FORCE_SELL,0.0066994193836533225,0.005024206407086665,0.0,0.0,FORCE_BUY,2227946.239146125,90.16,2.2499999999999996,1.9999999999999996
2014-02-21,0.22138051276202506,0.19,0.23,FREE,-0.0034341420183893307,0.00021245315483052788,0.0,0.00021245315483052788,FREE,2228419.573353424,89.96,1.7999999999999994,-0.5
2014-02-24,0.21245243142055795,0.19,0.23,FREE,0.0054426302343662395,0.008107230844527745,0.008552704654004137,0.008107230844527745,FORCE_SELL,2247478.587809518,90.52,1.8499999999999996,2.349999999999999
2014-02-25,0.22263615316510676,0.19,0.23,FREE,0.0019918114418500782,0.0019918114418500782,0.0019918114418500782,0.0019918114418500782,FORCE_BUY,2251955.1413760297,90.55,1.8499999999999996,2.349999999999999
2014-02-26,0.23449596061122305,0.19,0.23,FORCE_SELL,-0.0035312293092034644,-0.0008432960640461705,-0.00011035091591270072,-0.00011035091591270072,FORCE_SELL,2251706.6360635846,90.3,1.7499999999999996,0.8999999999999997
2014-02-27,0.20695446407809812,0.19,0.23,FREE,0.0034398579671547605,0.00143901313593438,0.0,0.00143901313593438,FORCE_BUY,2259452.1870753434,90.43,1.8999999999999995,0.9499999999999997
2014-02-28,0.25650202023496593,0.19,0.23,FORCE_SELL,-0.0008861320336730398,-0.00011418975157967766,0.0,0.0,FORCE_SELL,2259452.1870753434,90.2,1.6999999999999993,1.0999999999999996
2014-03-03,0.244768900892243,0.19,0.23,FORCE_SELL,0.001338986833295944,0.0026803443056239986,0.0,0.0,FREE,2265508.2968788007,89.74,1.6499999999999995,1.0499999999999996
2014-03-04,0.18127746744673004,0.19,0.23,FORCE_BUY,0.002538631346578426,0.0005518763796911651,0.0,0.002538631346578426,FORCE_BUY,2271259.587257191,90.83,-0.5,0.7999999999999998
2014-03-05,0.1777670030213927,0.19,0.23,FORCE_BUY,0.0038542010791762574,0.0019821605550049545,0.0019821605550049545,0.0038542010791762574,FORCE_BUY,2280013.4784094873,91.16,-0.5,1.1999999999999997
2014-03-06,0.19305661959942685,0.19,0.23,FREE,-0.002740026304252511,-0.0006585213608031052,-0.00021920210434013296,-0.0006585213608031052,FORCE_SELL,2279513.694657096,90.99,-0.5,1.1999999999999997
2014-03-07,0.2145834439229566,0.19,0.23,FREE,-0.0052805280528053205,-0.0034036153656114778,0.003850385038503925,-0.0034036153656114778,FORCE_SELL,2288290.7000820683,90.42,-0.5,1.1999999999999997
2014-03-10,0.18238075854220315,0.19,0.23,FORCE_BUY,-0.00022075055187624235,-0.00022075055187624235,-0.00022075055187624235,-0.00022075055187624235,FORCE_BUY,2287785.558647172,90.58,2.4499999999999993,1.8999999999999995
2014-03-11,0.23184159991860911,0.19,0.23,FORCE_SELL,-0.005411374930977325,0.002098288238542098,0.002098288238542098,0.002098288238542098,FREE,2292585.992177188,90.06,1.3499999999999996,1.2999999999999996
2014-03-12,0.21515556783119708,0.19,0.23,FREE,0.00934579439252337,0.011589541797821753,0.0,0.011589541797821753,FREE,2319156.013358626,90.72,1.4499999999999995,1.3999999999999995
2014-03-13,0.294993417328736,0.19,0.23,FORCE_SELL,-0.016736401673640128,-0.016736401673640128,0.0,0.0,FORCE_SELL,2319156.013358626,89.3,1.4999999999999996,1.7499999999999996
2014-03-14,0.24900614135139354,0.19,0.23,FORCE_SELL,-0.002586885614666465,-0.002586885614666465,0.0,0.0,FORCE_SELL,2319156.013358626,88.68,1.4999999999999996,1.2999999999999996
2014-03-17,0.20832072608609964,0.19,0.23,FREE,0.0,0.0,0.0,0.0,FORCE_BUY,2319156.013358626,89.44,2.4499999999999993,-0.5
2014-03-18,0.20873546293746034,0.19,0.23,FREE,0.0,0.0,0.0,0.0,FORCE_BUY,2319156.013358626,90.52,1.6999999999999993,-0.5
2014-03-19,0.22869061143636482,0.19,0.23,FREE,0.0,0.0,0.0,0.0,FORCE_BUY,2319156.013358626,90.05,1.6999999999999993,2.3999999999999995
2014-03-20,0.19763009031733172,0.19,0.23,FREE,0.008142777467930675,0.009259338302428104,0.0,0.009259338302428104,FREE,2340629.8634624244,90.38,1.6999999999999993,2.3999999999999995
2014-03-21,0.23206265291039432,0.19,0.23,FORCE_SELL,-0.013833554670207946,-0.012743265620645008,0.0021027003098716282,0.0021027003098716282,FORCE_SELL,2345551.506601622,89.11,-0.5,1.1499999999999997
2014-03-24,0.22855631640801968,0.19,0.23,FREE,-0.010086293847360752,0.0010086293847361054,0.0,0.0010086293847361054,FREE,2347917.298774592,88.33,2.0499999999999994,-0.5
2014-03-25,0.20856950597416765,0.19,0.23,FREE,0.007724639327501794,0.007611041690332737,0.0,0.007611041690332737,FORCE_BUY,2366054.1130784284,88.71,2.0499999999999994,-0.5
2014-03-26,0.23533395877742017,0.19,0.23,FORCE_SELL,-0.013652262213697213,-0.010617000198626476,0.0,0.0,FORCE_SELL,2366054.1130784284,87.42,1.7499999999999996,1.8999999999999995
2014-03-27,0.19961735818226614,0.19,0.23,FREE,-0.004122294744074275,-0.00011532530785181324,0.0,-0.00011532530785181324,FORCE_SELL,2366054.1130784284,86.97,1.9499999999999993,-0.5
2014-03-28,0.20490420911393303,0.19,0.23,FREE,0.002869275794789369,0.0016055699481012048,0.0021806496040397945,0.0016055699481012048,FORCE_BUY,2372842.9748742464,87.38,2.499999999999999,0.6999999999999997
2014-03-31,0.17757579396394482,0.19,0.23,FORCE_BUY,-0.002165242165242143,0.0012484928940625338,0.0,-0.002165242165242143,FREE,2375805.452467103,87.56,-0.5,1.2999999999999996
2014-04-01,0.175395451539638,0.19,0.23,FORCE_BUY,0.017099863201094443,0.009908879402028038,0.007637938896488804,0.017099863201094443,FORCE_BUY,2416431.4006967046,89.22,-0.5,1.2999999999999996
2014-04-02,0.15676258604507923,0.19,0.23,FORCE_BUY,-0.000782735100078435,0.0006709158000669997,0.0006709158000669997,-0.000782735100078435,FREE,2418052.6227032105,89.36,-0.5,2.2999999999999994
2014-04-03,0.1768217679689462,0.19,0.23,FORCE_BUY,-0.0058172055039712005,-0.0005693852724669616,0.001342432039378116,-0.0058172055039712005,FORCE_SELL,2421298.694016829,88.87,-0.5,2.2999999999999994
2014-04-04,0.2484794788297714,0.19,0.23,FORCE_SELL,-0.02687204857207109,-0.02529420366149893,-0.02732178997076668,-0.02732178997076668,FREE,2360053.871725046,86.55,2.2499999999999996,-0.5
2014-04-07,0.21174300904348922,0.19,0.23,FREE,-0.0024447031431897985,-0.0026726741909827764,0.0,-0.0026726741909827764,FORCE_SELL,2360053.871725046,85.69,2.4499999999999993,-0.5
2014-04-08,0.1827405825218682,0.19,0.23,FORCE_BUY,0.006881268952647536,0.006881268952647536,0.006881268952647536,0.006881268952647536,FORCE_BUY,2376294.0371591235,86.33,-0.5,2.4499999999999993
2014-04-09,0.19260995244176923,0.19,0.23,FREE,0.01806391848077823,0.0019685039370079217,0.0019685039370079217,0.0019685039370079217,FORCE_BUY,2419219.2189327255,87.92,-0.5,1.2999999999999996
2014-04-10,0.2695479298707389,0.19,0.23,FORCE_SELL,-0.02374125473104702,-0.02122979827240598,0.0,0.0,FORCE_SELL,2419219.2189327255,85.12,-0.5,1.9499999999999993
2014-04-11,0.2187717555346281,0.19,0.23,FREE,-0.010809540594524788,-0.010809540594524788,0.0,-0.010809540594524788,FORCE_SELL,2419219.2189327255,84.19,2.3999999999999995,1.6499999999999995
2014-04-14,0.1857832922240422,0.19,0.23,FORCE_BUY,0.009394696158877178,0.009394696158877178,0.009394696158877178,0.009394696158877178,FORCE_BUY,2441947.0484363143,84.88,2.2999999999999994,-0.5
2014-04-15,0.21932800770855385,0.19,0.23,FREE,0.007304429783223554,0.0044601911729351615,0.0037700282752122154,0.0044601911729351615,FORCE_BUY,2459784.079185968,85.5,2.2999999999999994,-0.5
2014-04-16,0.17849649282261612,0.19,0.23,FORCE_BUY,-0.002214968524131513,0.0098682577972814,-0.0003497318722313151,-0.002214968524131513,FREE,2484057.8626050237,85.59,-0.5,-0.5
2014-04-17,0.1840788480842985,0.19,0.23,FORCE_BUY,0.007008527041233417,0.001985594830587878,-0.00011680878402056694,0.007008527041233417,FORCE_BUY,2501467.4493070794,86.21,2.1999999999999993,2.4499999999999993
2014-04-21,0.17334931442787635,0.19,0.23,FORCE_BUY,0.006136389950214201,0.00650276384910811,0.00046312376982737184,0.006136389950214201,FREE,2517733.9014061545,86.9,2.1499999999999995,2.2999999999999994
2014-04-22,0.1802215682387777,0.19,0.23,FORCE_BUY,0.010962381721670965,0.0035771982460188916,0.0035771982460188916,0.010962381721670965,FORCE_BUY,2545334.2615069603,87.61,2.1499999999999995,2.2999999999999994
2014-04-23,0.19027953650253213,0.19,0.23,FREE,0.003883051621745082,0.012311780761285961,-0.0005710370031977027,0.012311780761285961,FREE,2576671.8588988236,87.9,2.1499999999999995,2.2999999999999994
2014-04-24,0.2019695616753586,0.19,0.23,FREE,0.0011420740063955454,0.0017966226613624747,0.0,0.0017966226613624747,FREE,2581301.165951416,87.66,-0.5,-0.5
2014-04-25,0.20230603635225064,0.19,0.23,FREE,-0.013939670932358329,-0.013140964347832462,0.0,-0.013140964347832462,FORCE_SELL,2581301.165951416,86.3,1.8499999999999996,-0.5
2014-04-28,0.2336001734332054,0.19,0.23,FORCE_SELL,0.00011535355865741478,-0.009119572864079876,0.0021167378013612643,0.0021167378013612643,FORCE_SELL,2586765.1037060833,86.7,2.3999999999999995,-0.5
2014-04-29,0.18631930655080794,0.19,0.23,FORCE_BUY,0.0017283097131003812,0.002243918724677123,0.0,0.0017283097131003812,FREE,2592569.594358631,86.94,2.2999999999999994,1.4999999999999996
2014-04-30,0.19023373992464485,0.19,0.23,FREE,0.008760806916426583,0.00611202784910525,0.003919308357348769,0.00611202784910525,FORCE_BUY,2615282.5959922057,87.51,2.3999999999999995,1.5499999999999994
2014-05-01,0.1929223809868512,0.19,0.23,FREE,0.0025139984001828477,0.0037708543361756317,0.0,0.0037708543361756317,FREE,2625144.4457096276,87.73,1.9999999999999996,1.4999999999999996
2014-05-02,0.19827273203084383,0.19,0.23,FREE,-0.0025076940613245,0.0014785592237134479,0.0014818192180553079,0.0014785592237134479,FORCE_SELL,2629034.435199451,87.51,1.9499999999999993,1.6499999999999995
2014-05-05,0.20566915821344997,0.19,0.23,FREE,0.0054919908466817815,0.0010273964548532409,-0.00011441647597258818,0.0010273964548532409,FORCE_BUY,2643473.0682531777,87.88,1.4999999999999996,-0.5
2014-05-06,0.21337114681668043,0.19,0.23,FREE,-0.012848209209778333,-0.008336061995912249,0.0,-0.008336061995912249,FORCE_SELL,2643473.0682531777,86.82,1.5999999999999996,2.2499999999999996
2014-05-07,0.22911277105127417,0.19,0.23,FREE,-0.0026525198938991005,0.0001288349193180164,-0.004728405028255007,0.0001288349193180164,FREE,2643813.6398926456,86.48,1.7999999999999994,2.4499999999999993
2014-05-08,0.2434643676404404,0.19,0.23,FORCE_SELL,-0.0027710426047799757,-0.007571419989257637,0.0023092021706500763,0.0023092021706500763,FORCE_SELL,2649918.7400886803,86.37,1.9999999999999996,2.1499999999999995
2014-05-09,0.19440222479627314,0.19,0.23,FREE,0.008247183180392505,0.012102142865823113,0.0,0.012102142865823113,FREE,2681988.435264055,86.8,2.1999999999999993,1.6999999999999993
2014-05-12,0.18791783817379992,0.19,0.23,FORCE_BUY,0.015991716520938764,0.000575241601472492,0.000575241601472492,0.015991716520938764,FORCE_BUY,2724878.0340332338,88.31,2.1999999999999993,-0.5
2014-05-13,0.18022666100191595,0.19,0.23,FORCE_BUY,-0.0018099547511313296,0.0,0.0,-0.0018099547511313296,FREE,2724878.0340332338,88.24,2.1999999999999993,-0.5
2014-05-14,0.18789634935985447,0.19,0.23,FORCE_BUY,-0.002720163209792609,0.00022668026748269394,0.00022668026748269394,-0.002720163209792609,FREE,2725495.710114846,87.99,2.1999999999999993,-0.5
2014-05-15,0.2224139546095166,0.19,0.23,FREE,-0.007741347905282439,-0.007156287841776968,-0.010359744990892459,-0.007156287841776968,FREE,2705991.278301736,87.16,0.8999999999999997,-0.5
2014-05-16,0.20853346922006655,0.19,0.23,FREE,0.0,0.0,0.0,0.0,FORCE_BUY,2705991.278301736,87.64,2.499999999999999,1.6999999999999993
2014-05-19,0.20927882829367608,0.19,0.23,FREE,0.0,0.0,0.0,0.0,FORCE_BUY,2705991.278301736,88.25,1.3499999999999996,1.4999999999999996
2014-05-20,0.22188674923580143,0.19,0.23,FREE,0.0,0.0,0.0,0.0,FORCE_BUY,2705991.278301736,87.89,1.3499999999999996,1.4999999999999996
2014-05-21,0.19076616466587729,0.19,0.23,FREE,0.0,0.0,0.0,0.0,FORCE_BUY,2705991.278301736,88.83,1.3499999999999996,1.4999999999999996
2014-05-22,0.18890720807541994,0.19,0.23,FORCE_BUY,0.0,0.0,0.0,0.0,FORCE_BUY,2705991.278301736,89.22,1.3499999999999996,1.4999999999999996
2014-05-23,0.18235039419633559,0.19,0.23,FORCE_BUY,0.0,0.0,0.0,0.0,FORCE_BUY,2705991.278301736,89.88,1.3499999999999996,1.4999999999999996
2014-05-27,0.18085076948796408,0.19,0.23,FORCE_BUY,0.0,0.0,0.0,0.0,FORCE_BUY,2705991.278301736,90.97,1.3499999999999996,1.4999999999999996
2014-05-28,0.18095138769263538,0.19,0.23,FORCE_BUY,0.0015435501653803395,0.0015435501653803395,0.0,0.0015435501653803395,FORCE_BUY,2710168.1115868767,90.84,1.3499999999999996,1.4999999999999996
2014-05-29,0.17235583468848148,0.19,0.23,FORCE_BUY,0.003846576546873408,0.0012089240575886475,0.0012089240575886475,0.003846576546873408,FORCE_BUY,2720592.980682991,91.34,1.3499999999999996,1.4999999999999996
2014-05-30,0.17793244490178048,0.19,0.23,FORCE_BUY,-0.0004383081306159544,0.0005471644194499392,0.0010957703265393906,-0.0004383081306159544,FORCE_SELL,2723574.1257418143,91.22,-0.5,-0.5
2014-06-02,0.20507309268944315,0.19,0.23,FREE,-0.0029553415061294593,-0.0029553415061294593,-0.0029553415061294593,-0.0029553415061294593,FORCE_BUY,2715525.034082989,91.09,-0.5,2.1499999999999995
2014-06-03,0.1879007628887026,0.19,0.23,FORCE_BUY,0.002197077886411165,0.005159095110974705,0.002625508074261265,0.002197077886411165,FREE,2729534.686010056,91.23,0.4999999999999998,1.0999999999999996
2014-06-04,0.18944554175745967,0.19,0.23,FORCE_BUY,0.004281009879253683,0.0007177793133709298,0.0018660812294182504,0.004281009879253683,FORCE_BUY,2741219.8509666305,91.49,0.4999999999999998,0.5999999999999996
2014-06-05,0.20947773241232817,0.19,0.23,FREE,0.008735531775496776,0.00020974558296462826,-0.0008735531775496633,0.00020974558296462826,FORCE_BUY,2765165.864078372,92.38,0.6499999999999997,0.44999999999999973
2014-06-06,0.1646536602213772,0.19,0.23,FORCE_BUY,0.0,0.0,0.0,0.0,FORCE_BUY,2765165.864078372,92.88,0.6999999999999997,1.2999999999999996
2014-06-09,0.17286508702323541,0.19,0.23,FORCE_BUY,0.0,0.0,0.0,0.0,FORCE_BUY,2765165.864078372,92.73,0.6999999999999997,1.2999999999999996
2014-06-10,0.1687709218809312,0.19,0.23,FORCE_BUY,0.0,0.0,0.0,0.0,FORCE_BUY,2765165.864078372,92.87,0.6999999999999997,1.2999999999999996
2014-06-11,0.177985887433635,0.19,0.23,FORCE_BUY,0.004975662520281037,0.00921102569710082,0.0,0.004975662520281037,FREE,2790635.8779091435,92.91,0.6999999999999997,1.2999999999999996
2014-06-12,0.22854680211685915,0.19,0.23,FREE,-0.007640159259657908,-0.008823845905520308,-0.008823845905520308,-0.008823845905520308,FORCE_BUY,2769314.975366202,92.22,-0.5,1.1999999999999997
2014-06-13,0.1877506693356791,0.19,0.23,FORCE_BUY,0.0035881265630097092,0.008002497361359039,0.0,0.0035881265630097092,FREE,2791476.4111493425,92.3,2.3999999999999995,0.7499999999999998
2014-06-16,0.19327212162210403,0.19,0.23,FREE,0.00358267289110849,0.004665330772420879,0.005536858104440535,0.004665330772420879,FORCE_SELL,2806932.4199397694,92.44,2.2499999999999996,0.6999999999999997
2014-06-17,0.17648883567866128,0.19,0.23,FORCE_BUY,0.0008661758336942519,0.0035858012713881264,0.0,0.0008661758336942519,FREE,2816997.5217798897,92.44,1.8999999999999995,-0.5
2014-06-18,0.19990928299546598,0.19,0.23,FREE,0.003886010362694284,0.003962408238189959,-0.0007556131260796155,0.003962408238189959,FREE,2828159.615967151,93.0,2.349999999999999,0.9999999999999996
2014-06-19,0.1642355967008066,0.19,0.23,FORCE_BUY,-0.00010779346771579776,-0.00010779346771579776,0.0,-0.00010779346771579776,FORCE_SELL,2828159.615967151,92.76,1.9499999999999993,0.8999999999999997
2014-06-20,0.16040440579848217,0.19,0.23,FORCE_BUY,0.0014040393131007024,0.0014040393131007024,0.0014040393131007024,0.0014040393131007024,FORCE_BUY,2832130.4632516927,92.72,2.499999999999999,1.1999999999999997
2014-06-23,0.14317398649546884,0.19,0.23,FORCE_BUY,0.00032372936225325986,0.00107909787417716,0.00107909787417716,0.00032372936225325986,FREE,2835186.6092139804,92.7,2.499999999999999,1.1999999999999997
2014-06-24,0.24664312892537946,0.19,0.23,FORCE_SELL,-0.0005391416864351812,-0.009090678442059108,-0.0004313133491480611,-0.0004313133491480611,FORCE_SELL,2833963.7553821006,92.69,0.7999999999999998,-0.5
2014-06-25,0.19560911253158508,0.19,0.23,FREE,0.0,0.0,0.0,0.0,FORCE_BUY,2833963.7553821006,93.21,-0.5,1.6999999999999993
2014-06-26,0.1836163161031792,0.19,0.23,FORCE_BUY,0.004089099322070322,0.004089099322070322,0.0,0.004089099322070322,FORCE_BUY,2845552.1146530053,93.31,1.0999999999999996,1.7499999999999996
2014-06-27,0.16573934019652709,0.19,0.23,FORCE_BUY,0.004826772498122928,0.004826772498122928,0.004826772498122928,0.004826772498122928,FORCE_BUY,2859286.9473419883,93.68,1.0999999999999996,1.7499999999999996
2014-06-30,0.1651420471647179,0.19,0.23,FORCE_BUY,0.003950459107409937,0.003950459107409937,0.003950459107409937,0.003950459107409937,FORCE_BUY,2870582.443503814,94.03,1.0999999999999996,1.7499999999999996
2014-07-01,0.1782239475489904,0.19,0.23,FORCE_BUY,0.00902910558742294,-0.0007353498363743778,0.00010622477161680865,0.00902910558742294,FORCE_BUY,2896501.2354836124,94.99,1.0999999999999996,1.7499999999999996
2014-07-02,0.1509013011451282,0.19,0.23,FORCE_BUY,0.0006313795643480924,0.0010509376779337107,0.00178890876565286,0.0006313795643480924,FORCE_SELL,2901682.8119334932,95.09,1.0999999999999996,1.7499999999999996
2014-07-03,0.15015417916378934,0.19,0.23,FORCE_BUY,0.005782777836189531,0.0009462727368309571,0.0009462727368309571,0.005782777836189531,FORCE_BUY,2918462.5989859947,95.66,1.5499999999999994,-0.5
2014-07-07,0.166635462275375,0.19,0.23,FORCE_BUY,-0.0026139690506064746,-0.0026139690506064746,-0.0026139690506064746,-0.0026139690506064746,FORCE_BUY,2910833.8280768925,95.39,1.2499999999999996,1.5499999999999994
2014-07-08,0.21438535002941098,0.19,0.23,FREE,-0.009233997901363995,-0.008813111749240632,-0.011542497376705128,-0.008813111749240632,FREE,2885180.324266581,94.42,1.2499999999999996,1.5499999999999994
2014-07-09,0.17128605711458622,0.19,0.23,FORCE_BUY,0.004868240025399636,0.002010794793100029,0.002010794793100029,0.004868240025399636,FORCE_BUY,2899226.074601671,94.95,2.3999999999999995,-0.5
2014-07-10,0.2129131311876342,0.19,0.23,FREE,-0.0035793241393830342,-0.007369196757553363,-0.007369196757553363,-0.007369196757553363,FORCE_BUY,2888848.804727321,94.65,2.349999999999999,1.0499999999999996
2014-07-11,0.15564498857327957,0.19,0.23,FORCE_BUY,0.00421718502899333,0.0008434370057988864,0.0,0.00421718502899333,FORCE_BUY,2901031.6146576423,95.25,1.5999999999999996,1.1999999999999997
2014-07-14,0.15362247800415407,0.19,0.23,FORCE_BUY,0.005244938634218001,0.0031469631805307184,0.0031469631805307184,0.005244938634218001,FORCE_BUY,2916247.3474524477,95.83,1.3499999999999996,1.8999999999999995
2014-07-15,0.1957749568064827,0.19,0.23,FREE,-0.001044059302568363,0.009038576989708216,0.0024013363959072345,0.009038576989708216,FREE,2942606.0736234286,95.68,1.3499999999999996,1.8999999999999995
2014-07-16,0.16808062191989873,0.19,0.23,FORCE_BUY,-0.0022914279762525597,0.00031138057019379533,0.0007290907197166195,-0.0022914279762525597,FORCE_SELL,2944751.500403489,95.79,1.0499999999999996,1.4999999999999996
2014-07-17,0.3402072392154391,0.19,0.23,FORCE_SELL,-0.013465553235907982,-0.0005940804389353424,-0.0010438413361168392,-0.0010438413361168392,FREE,2943002.081139574,94.51,1.4999999999999996,1.5999999999999996
2014-07-18,0.1904468598730702,0.19,0.23,FREE,0.0,0.0,0.0,0.0,FORCE_BUY,2943002.081139574,96.13,1.7499999999999996,-0.5
2014-07-21,0.17725455800384785,0.19,0.23,FORCE_BUY,0.0018798955613576495,0.0018798955613576495,0.0,0.0018798955613576495,FORCE_BUY,2948534.6176889744,95.93,1.3999999999999995,2.3999999999999995
2014-07-22,0.1685539477617077,0.19,0.23,FORCE_BUY,0.0032247997503381735,0.00010402579839804467,0.00010402579839804467,0.0032247997503381735,FORCE_BUY,2958043.051387961,96.44,2.1999999999999993,1.7499999999999996
2014-07-23,0.15569679089809968,0.19,0.23,FORCE_BUY,0.005584281282316286,0.0025853154084798068,0.0025853154084798068,0.005584281282316286,FORCE_BUY,2974561.5958321127,97.24,1.7999999999999994,1.9499999999999993
2014-07-24,0.17090896793011237,0.19,0.23,FORCE_BUY,-0.0063655030800821785,-0.0063655030800821785,-0.0063655030800821785,-0.0063655030800821785,FORCE_BUY,2955627.014831949,96.78,1.1499999999999997,1.9499999999999993
2014-07-25,0.17640026866822534,0.19,0.23,FORCE_BUY,-0.001859120016525326,-0.001859120016525326,-0.001859120016525326,-0.001859120016525326,FORCE_BUY,2950132.149487292,96.64,1.2499999999999996,1.8999999999999995
2014-07-28,0.18631919936283783,0.19,0.23,FORCE_BUY,0.0013453378867846495,0.005765000701967892,0.0008279002380212506,0.0013453378867846495,FREE,2967139.663399984,96.76,1.3499999999999996,-0.5
2014-07-29,0.22332294220622706,0.19,0.23,FREE,0.0005173841059602057,0.0005173841059602057,0.0005173841059602057,0.0005173841059602057,FORCE_BUY,2968674.8143019914,96.69,2.0499999999999994,1.8999999999999995
2014-07-30,0.21485733829449397,0.19,0.23,FREE,0.0023777525069780757,0.0023777525069780757,0.0023777525069780757,0.0023777525069780757,FORCE_BUY,2975733.588284101,96.96,1.8999999999999995,1.8999999999999995
2014-07-31,0.28416101465022936,0.19,0.23,FORCE_SELL,-0.015098241985522301,-6.424979417657509e-05,-0.004136504653567798,-0.004136504653567798,FREE,2975542.398013529,95.24,-0.5,1.3499999999999996
2014-08-01,0.22452277104203097,0.19,0.23,FREE,-0.0007393324883820385,-0.007324038065215081,0.0,-0.007324038065215081,FORCE_SELL,2975542.398013529,94.61,1.4999999999999996,1.0499999999999996
2014-08-04,0.21272614816550753,0.19,0.23,FREE,0.005279831045406558,0.0025351838116374806,0.0,0.0025351838116374806,FORCE_BUY,2991252.7591434843,95.2,1.8499999999999996,-0.5
2014-08-05,0.22702718843897443,0.19,0.23,FREE,-0.005458744488767651,-0.005983623766533673,-0.005983623766533673,-0.005983623766533673,FORCE_BUY,2974924.274629999,94.74,1.6999999999999993,1.9999999999999996
2014-08-06,0.21748882261000993,0.19,0.23,FREE,0.0,0.0,0.0,0.0,FORCE_BUY,2974924.274629999,94.63,2.1499999999999995,1.0999999999999996
2014-08-07,0.23698227959711296,0.19,0.23,FORCE_SELL,-0.004858470637938294,0.0012503590787640607,0.0,0.0,FREE,2978643.998205418,94.22,1.9999999999999996,0.7999999999999998
2014-08-08,0.19314586876136583,0.19,0.23,FREE,0.013031403546250837,0.006669450101743136,0.0,0.006669450101743136,FORCE_BUY,3017459.910166651,94.84,1.5499999999999994,1.1499999999999997
2014-08-11,0.20751032111934523,0.19,0.23,FREE,0.0,0.0,0.0,0.0,FORCE_BUY,3017459.910166651,95.53,2.0999999999999996,1.1499999999999997
2014-08-12,0.19845416677005098,0.19,0.23,FREE,0.0,0.0,0.0,0.0,FORCE_BUY,3017459.910166651,95.45,2.0999999999999996,1.1499999999999997
2014-08-13,0.18863416572805125,0.19,0.23,FORCE_BUY,0.006576886940181607,0.0013571354003549625,0.0,0.006576886940181607,FORCE_BUY,3037305.402842348,96.42,0.9499999999999997,2.0999999999999996
2014-08-14,0.1635876681984991,0.19,0.23,FORCE_BUY,0.006850025947068079,0.0035288012454593137,0.0035288012454593137,0.006850025947068079,FORCE_BUY,3058111.023660988,97.01,1.2499999999999996,2.3999999999999995
2014-08-15,0.21563318878911694,0.19,0.23,FREE,0.003295571575695207,0.001956745623069162,0.001956745623069162,0.001956745623069162,FORCE_BUY,3068189.2474258854,97.42,-0.5,2.499999999999999
2014-08-18,0.16613386405913413,0.19,0.23,FORCE_BUY,0.0,0.0,0.0,0.0,FORCE_BUY,3068189.2474258854,98.15,-0.5,2.499999999999999
2014-08-19,0.1688147268738692,0.19,0.23,FORCE_BUY,0.0,0.0,0.0,0.0,FORCE_BUY,3068189.2474258854,98.6,-0.5,2.499999999999999
2014-08-20,0.17799820451550022,0.19,0.23,FORCE_BUY,0.0,0.0,0.0,0.0,FORCE_BUY,3068189.2474258854,98.81,-0.5,2.499999999999999
2014-08-21,0.18089525253988323,0.19,0.23,FORCE_BUY,0.0,0.0,0.0,0.0,FORCE_BUY,3068189.2474258854,98.94,-0.5,2.499999999999999
2014-08-22,0.1787763352590532,0.19,0.23,FORCE_BUY,-5.046681806729008e-05,-5.046681806729008e-05,0.0,-5.046681806729008e-05,FORCE_SELL,3068189.2474258854,99.07,-0.5,2.499999999999999
2014-08-25,0.18697872342158303,0.19,0.23,FORCE_BUY,-0.0016075555109012077,-0.0016075555109012077,-0.0016075555109012077,-0.0016075555109012077,FORCE_BUY,3063256.962892698,99.37,-0.5,2.499999999999999
2014-08-26,0.19103536869212737,0.19,0.23,FREE,0.0026183282980866435,0.0026183282980866435,0.0026183282980866435,0.0026183282980866435,FORCE_BUY,3071277.5752829514,99.56,-0.5,2.499999999999999
2014-08-27,0.18999728875246744,0.19,0.23,FORCE_BUY,0.00020100502512564116,0.0015479548109013446,0.001206030150753847,0.00020100502512564116,FREE,3076031.7741812244,99.52,2.4499999999999993,-0.5
2014-08-28,0.1786834551212121,0.19,0.23,FORCE_BUY,0.0018114118949379625,-0.0009137566670021274,-0.0009137566670021274,0.0018114118949379625,FORCE_BUY,3081603.734726183,99.55,2.0999999999999996,-0.5
2014-08-29,0.1761721042876548,0.19,0.23,FORCE_BUY,0.001204698323461578,0.0025929549967792067,0.0013050898504166433,0.001204698323461578,FREE,3089594.1945282347,99.73,2.499999999999999,0.6999999999999997
2014-09-02,0.1739148199034446,0.19,0.23,FORCE_BUY,0.0012012012012010155,-0.0009419419419420614,-0.0009419419419420614,0.0012012012012010155,FORCE_BUY,3093305.418785926,100.02,-0.5,0.8499999999999996
2014-09-03,0.21660727023970028,0.19,0.23,FREE,-0.007481296758104763,-0.006982994366679073,-0.006084788029925122,-0.006982994366679073,FORCE_SELL,3074483.311000795,99.5,-0.5,0.34999999999999987
2014-09-04,0.24572347221580526,0.19,0.23,FORCE_SELL,0.0017119838872104742,0.0050262505273026,0.005135951661631423,0.005135951661631423,FORCE_SELL,3090273.7086705877,99.47,1.0499999999999996,0.5999999999999996
2014-09-05,0.19365927906420347,0.19,0.23,FREE,0.006948640483383665,0.007963812013259209,0.0,0.007963812013259209,FREE,3114884.067555958,99.99,1.3499999999999996,0.34999999999999987
2014-09-08,0.19506271695347097,0.19,0.23,FREE,0.0029072681704260636,0.001699476642562653,0.003107769423558873,0.001699476642562653,FORCE_SELL,3124564.409019039,100.04,1.1999999999999997,0.3999999999999998
2014-09-09,0.24329539108662415,0.19,0.23,FORCE_SELL,-0.004412354592859975,-0.004312073806658558,0.0,0.0,FORCE_SELL,3124564.409019039,99.28,2.0499999999999994,0.9999999999999996
2014-09-10,0.18802360591863573,0.19,0.23,FORCE_BUY,0.0,0.0,0.0,0.0,FORCE_BUY,3124564.409019039,100.02,1.7999999999999994,1.3499999999999996
2014-09-11,0.1750282098915649,0.19,0.23,FORCE_BUY,0.0029075596551034126,0.0033121833218585327,0.0,0.0029075596551034126,FREE,3134913.5391426645,100.03,1.3999999999999995,1.1499999999999997
2014-09-12,0.19789669062248708,0.19,0.23,FREE,-0.006100610061005989,-0.006100610061005989,-0.006100610061005989,-0.006100610061005989,FORCE_BUY,3115788.654065387,99.38,-0.5,1.4499999999999995
2014-09-15,0.22487824310562318,0.19,0.23,FREE,-0.006349526305180376,0.0033259423503325092,0.0033259423503325092,0.0033259423503325092,FREE,3126151.587504628,98.59,1.8499999999999996,1.1499999999999997
2014-09-16,0.20199814062096708,0.19,0.23,FREE,0.010268401789345266,0.007850851572792686,0.0,0.007850851572792686,FORCE_BUY,3158252.168059525,99.37,0.9499999999999997,-0.5
2014-09-17,0.22469060417042233,0.19,0.23,FREE,0.0029207372343639784,0.0018133179718903879,0.0016114412327525264,0.0018133179718903879,FORCE_BUY,3167476.5927622877,99.58,0.8999999999999997,0.24999999999999978
2014-09-18,0.1554442835317175,0.19,0.23,FORCE_BUY,0.0,0.0,0.0,0.0,FORCE_BUY,3167476.5927622877,100.44,-0.5,1.9999999999999996
2014-09-19,0.18433904156671987,0.19,0.23,FORCE_BUY,-0.00637450199203184,-0.00637450199203184,0.0,-0.00637450199203184,FORCE_SELL,3167476.5927622877,99.76,-0.5,1.9999999999999996
2014-09-22,0.19992080065152726,0.19,0.23,FREE,-0.004830431719834968,-0.004830431719834968,-0.004830431719834968,-0.004830431719834968,FORCE_BUY,3152176.313356774,98.89,0.6999999999999997,-0.5
2014-09-23,0.21059577560268436,0.19,0.23,FREE,0.00010134792743494745,0.005785060710754845,0.0011148272017837612,0.005785060710754845,FREE,3170411.844700546,98.68,0.6999999999999997,-0.5
2014-09-24,0.19385050796464853,0.19,0.23,FREE,0.0,0.0,0.0,0.0,FORCE_BUY,3170411.844700546,99.84,2.0999999999999996,1.2999999999999996
2014-09-25,0.28322172653663386,0.19,0.23,FORCE_SELL,0.0026495892625140677,0.004802077646741685,0.0,0.0,FREE,3185636.4085509474,98.01,1.0999999999999996,1.0999999999999996
2014-09-26,0.18087139255271908,0.21,0.23,FORCE_BUY,0.0,0.0,0.0,0.0,FORCE_BUY,3185636.4085509474,98.8,1.0999999999999996,1.3999999999999995
2014-09-29,0.18262568072020127,0.21,0.23,FORCE_BUY,0.00797382948272347,0.00797382948272347,0.0,0.00797382948272347,FORCE_BUY,3211038.130066688,98.6,1.0999999999999996,1.3999999999999995
2014-09-30,0.19259348487495628,0.21,0.23,FORCE_BUY,-0.002932254802831289,0.0030333670374114944,0.0030333670374114944,-0.002932254802831289,FREE,3220778.3872863036,98.61,-0.5,1.7499999999999996
2014-10-01,0.20671372553117495,0.19,0.23,FREE,-0.013784715183458345,-0.004663660609633954,-0.0007095073991485099,-0.004663660609633954,FORCE_SELL,3218493.2211895064,97.3,1.4999999999999996,1.3499999999999996
2014-10-02,0.18197459388240325,0.19,0.23,FORCE_BUY,-0.0024617909529181707,-0.0024617909529181707,-0.0024617909529181707,-0.0024617909529181707,FORCE_BUY,3210569.9636955536,97.25,2.1999999999999993,-0.5
2014-10-03,0.17416505926623396,0.19,0.23,FORCE_BUY,0.00553562275756028,0.0002050230650946753,0.0002050230650946753,0.00553562275756028,FORCE_BUY,3228342.4678513263,98.09,2.2999999999999994,-0.5
2014-10-06,0.20615815967102133,0.19,0.23,FREE,-0.007104435197401723,-0.007104435197401723,-0.007104435197401723,-0.007104435197401723,FORCE_BUY,3205406.9179934566,97.83,2.1999999999999993,2.1999999999999993
2014-10-07,0.21577605135190478,0.19,0.23,FREE,-0.009425263804938005,0.0012461583183092837,-0.0024587644708533186,0.0012461583183092837,FREE,3209401.36248788,96.69,2.1999999999999993,2.1999999999999993
2014-10-08,0.20675118384121502,0.19,0.23,FREE,0.018735120587930774,0.0005174591611272657,0.001345616395818193,0.0005174591611272657,FORCE_BUY,3269529.88402916,98.42,1.8999999999999995,1.4499999999999995
2014-10-09,0.2614785640509868,0.21,0.23,FORCE_SELL,-0.018409275834011214,-0.006551720844847005,0.0,0.0,FORCE_SELL,3269529.88402916,96.51,2.1499999999999995,2.499999999999999
2014-10-10,0.2620758490207742,0.21,0.23,FORCE_SELL,-0.01996464593948216,-0.002277891952729999,0.0,0.0,FORCE_SELL,3269529.88402916,94.25,-0.5,2.1999999999999993
2014-10-13,0.25723545774157536,0.21,0.23,FORCE_SELL,-0.009049292025976863,0.002381278850630012,0.0,0.0,FREE,3277315.5463935016,93.08,2.4499999999999993,-0.5
2014-10-14,0.21046873800316368,0.21,0.23,FREE,-0.0011743354329028304,0.005877691444323006,0.0,0.005877691444323006,FREE,3296578.5959408856,93.56,2.4499999999999993,-0.5
2014-10-15,0.24438076872629402,0.21,0.23,FORCE_SELL,-0.015571305841924373,-0.015571305841924373,0.0,0.0,FORCE_SELL,3296578.5959408856,91.67,2.3999999999999995,-0.5
2014-10-16,0.21150011277661884,0.21,0.23,FREE,0.007133450395083258,0.0077140892145530675,0.0,0.0077140892145530675,FREE,3322008.69733276,91.77,2.2999999999999994,2.4499999999999993
2014-10-17,0.20443583266854526,0.21,0.23,FORCE_BUY,0.003992231333621004,0.0024816573154941373,0.0,0.003992231333621004,FORCE_BUY,3335270.924544813,93.05,-0.5,-0.5
2014-10-20,0.18031064443451794,0.19,0.23,FORCE_BUY,0.01372065601886583,0.006894519258281378,0.00010719262514726056,0.01372065601886583,FORCE_BUY,3381033.0296302172,94.57,-0.5,-0.5
2014-10-21,0.18097968721177168,0.19,0.23,FORCE_BUY,0.024395395501108905,0.001584116590981199,0.001584116590981199,0.024395395501108905,FORCE_BUY,3463514.6675903588,97.0,-0.5,-0.5
2014-10-22,0.21541352213062878,0.19,0.23,FREE,-0.002992776057791617,0.0004085718580660611,0.0016511867905055289,0.0004085718580660611,FORCE_SELL,3469233.5772582064,96.61,-0.5,-0.5
2014-10-23,0.18812321257737097,0.19,0.23,FORCE_BUY,0.011273140965973844,0.011478976683261533,0.014479263626021414,0.011273140965973844,FORCE_SELL,3519465.5248035733,97.78,1.3999999999999995,-0.5
2014-10-24,0.17254729908546354,0.19,0.23,FORCE_BUY,0.009723643807574333,-0.0022517911975434273,-0.0022517911975434273,0.009723643807574333,FORCE_BUY,3553687.553959801,98.65,1.8499999999999996,-0.5
2014-10-27,0.17508327575287252,0.19,0.23,FORCE_BUY,-0.00101132686084138,0.00010113268608427013,0.00010113268608427013,-0.00101132686084138,FREE,3554046.947927637,98.78,2.0999999999999996,-0.5
2014-10-28,0.17846451259231777,0.19,0.23,FORCE_BUY,0.007382686084142471,0.0062073004641600375,0.0012135922330098004,0.007382686084142471,FORCE_BUY,3580285.3608724913,99.61,2.0999999999999996,-0.5
2014-10-29,0.2120584176458634,0.19,0.23,FREE,-0.003406472297365012,-0.00330698333619578,0.0007013325318103737,-0.00330698333619578,FORCE_SELL,3582796.3314692355,99.47,-0.5,1.8999999999999995
2014-10-30,0.1901407081358162,0.19,0.23,FREE,0.004113162118779995,0.007044731805827746,-0.0006019261637239801,0.007044731805827746,FREE,3608036.1707393397,100.09,1.9499999999999993,0.8999999999999997
2014-10-31,0.1972810628109641,0.19,0.23,FREE,0.009358821186778212,0.009905190430919121,0.005874153723616091,0.009905190430919121,FREE,3643774.456092157,101.38,2.499999999999999,-0.5
2014-11-03,0.19283165794754167,0.19,0.23,FREE,-0.0005913077756973134,0.0020695772149404213,0.0,0.0020695772149404213,FREE,3651315.528682867,101.41,-0.5,-0.5
2014-11-04,0.19521739948614347,0.19,0.23,FREE,-0.0028543307086613904,0.00039945263103545285,-0.0037401574803149697,0.00039945263103545285,FREE,3652774.0562775396,101.31,-0.5,-0.5
2014-11-05,0.2012774837306671,0.19,0.23,FREE,-0.0023668639053254542,0.0033611808318231872,0.0,0.0033611808318231872,FREE,3665051.690418481,101.16,-0.5,-0.5
2014-11-06,0.17835224912455136,0.19,0.23,FORCE_BUY,0.007322382742925019,0.0032653868988719477,0.0032653868988719477,0.007322382742925019,FORCE_BUY,3691888.601668329,101.8,-0.5,0.6999999999999997
2014-11-07,0.18402419468642553,0.19,0.23,FORCE_BUY,-0.0029455081001472355,-0.0002414285860456686,0.0017673048600884336,-0.0029455081001472355,FORCE_SELL,3698413.294336962,101.55,2.4499999999999993,1.3499999999999996
2014-11-10,0.1596431360768414,0.19,0.23,FORCE_BUY,0.001967342120794741,0.004429634701130636,0.0004918355301985985,0.001967342120794741,FREE,3714795.9142046794,101.86,2.1999999999999993,1.4999999999999996
2014-11-11,0.15047301664736848,0.19,0.23,FORCE_BUY,0.001077480654324574,9.795278675671667e-05,9.795278675671667e-05,0.001077480654324574,FORCE_BUY,3718798.534936999,102.2,2.1999999999999993,1.4999999999999996
2014-11-12,0.155667984367029,0.19,0.23,FORCE_BUY,0.004115629593336682,0.004900861757241497,0.003233708966193033,0.004115629593336682,FREE,3737023.852459757,102.47,1.2999999999999996,1.3499999999999996
2014-11-13,0.18994987243554085,0.19,0.23,FORCE_BUY,0.0012660693416439975,0.0023367906370807684,0.0028243085313594757,0.0012660693416439975,FORCE_SELL,3747578.360808153,102.81,1.4999999999999996,1.2999999999999996
2014-11-14,0.16560010783648385,0.19,0.23,FORCE_BUY,0.005058365758754856,0.005058365758754856,0.005058365758754856,0.005058365758754856,FORCE_BUY,3766534.9828667156,103.32,1.5499999999999994,1.8499999999999996
2014-11-17,0.1827654230614358,0.19,0.23,FORCE_BUY,0.0010697267334436207,0.0012642225031604972,0.0012642225031604972,0.0010697267334436207,FREE,3771296.721150997,102.94,1.4999999999999996,1.8499999999999996
2014-11-18,0.1747716453635526,0.19,0.23,FORCE_BUY,0.005536130536130655,0.005536130536130655,0.005536130536130655,0.005536130536130655,FORCE_BUY,3792175.1120897704,103.53,1.4999999999999996,1.8499999999999996
2014-11-19,0.1966600393553504,0.19,0.23,FREE,-0.0031871740390188408,-0.0031871740390188408,-0.0031871740390188408,-0.0031871740390188408,FORCE_BUY,3780088.7900211047,103.21,1.4999999999999996,1.8499999999999996
2014-11-20,0.20549036914787877,0.19,0.23,FREE,0.007287213369607419,0.007287213369607419,0.007287213369607419,0.007287213369607419,FORCE_BUY,3807635.1035900493,103.67,1.4999999999999996,1.8499999999999996
2014-11-21,0.19930121920694185,0.19,0.23,FREE,0.0007599691774225285,-0.0010918844940180053,0.00211905220574085,-0.0010918844940180053,FORCE_SELL,3815703.681154968,103.8989,-0.5,-0.5
2014-11-24,0.15593039955440283,0.19,0.23,FORCE_BUY,0.0,0.0,0.0,0.0,FORCE_BUY,3815703.681154968,104.63,1.4499999999999995,2.0499999999999994
2014-11-25,0.17029908988984124,0.19,0.23,FORCE_BUY,0.0,0.0,0.0,0.0,FORCE_BUY,3815703.681154968,104.94,1.4499999999999995,2.0499999999999994
2014-11-26,0.15424739590380945,0.19,0.23,FORCE_BUY,0.0,0.0,0.0,0.0,FORCE_BUY,3815703.681154968,105.55,1.4499999999999995,2.0499999999999994
2014-11-28,0.17934551972742876,0.19,0.23,FORCE_BUY,0.0,0.0,0.0,0.0,FORCE_BUY,3815703.681154968,105.86,1.4499999999999995,2.0499999999999994
2014-12-01,0.22321555167043228,0.19,0.23,FREE,0.0,0.0,0.0,0.0,FORCE_BUY,3815703.681154968,104.77,1.4499999999999995,2.0499999999999994
2014-12-02,0.1804035080611324,0.19,0.23,FORCE_BUY,0.0,0.0,0.0,0.0,FORCE_BUY,3815703.681154968,105.35,1.4499999999999995,2.0499999999999994
2014-12-03,0.1694505984563127,0.19,0.23,FORCE_BUY,0.0,0.0,0.0,0.0,FORCE_BUY,3815703.681154968,105.38,1.4499999999999995,2.0499999999999994
2014-12-04,0.19372629814222309,0.19,0.23,FREE,0.0,0.0,0.0,0.0,FORCE_BUY,3815703.681154968,105.41,1.4499999999999995,2.0499999999999994
2014-12-05,0.17335435614123293,0.19,0.23,FORCE_BUY,0.002662609357169922,0.002662609357169922,0.0,0.002662609357169922,FORCE_BUY,3825863.409480599,105.44,1.4499999999999995,2.0499999999999994
2014-12-08,0.23461113901005018,0.19,0.23,FORCE_SELL,-0.003995813909237954,-0.003995813909237954,-0.003995813909237954,-0.003995813909237954,FORCE_BUY,3810575.971254152,104.69,1.4499999999999995,2.0499999999999994
2014-12-09,0.19543136802058172,0.19,0.23,FREE,0.006717850287907891,0.010184642196303287,0.006717850287907891,0.010184642196303287,FREE,3849385.324083206,104.9,2.3999999999999995,2.349999999999999
2014-12-10,0.28309693516907247,0.19,0.23,FORCE_SELL,-0.013455482393358198,-0.005027558469648329,-0.0030537265006203413,-0.0030537265006203413,FORCE_SELL,3837630.354107954,103.38,1.5999999999999996,1.6999999999999993
2014-12-11,0.26846030337619414,0.19,0.23,FORCE_SELL,-0.008144102711507274,-0.008144102711507274,0.0,0.0,FORCE_SELL,3837630.354107954,103.52,2.4499999999999993,-0.5
2014-12-12,0.2506469187075631,0.19,0.23,FORCE_SELL,-0.0018500486854918,0.0052341871510043865,0.0,0.0,FREE,3857717.2295977306,102.51,2.4499999999999993,-0.5
2014-12-15,0.264507073185543,0.19,0.23,FORCE_SELL,-0.012332491745970233,-0.01096223867125364,0.0,0.0,FORCE_SELL,3857717.2295977306,101.71,2.499999999999999,-0.5
2014-12-16,0.2509678017802835,0.19,0.23,FORCE_SELL,-0.012321340561853108,-0.020283358854610512,0.0,0.0,FORCE_SELL,3857717.2295977306,100.2,2.2499999999999996,-0.5
2014-12-17,0.1850688186730903,0.19,0.23,FORCE_BUY,0.0,0.0,0.0,0.0,FORCE_BUY,3857717.2295977306,101.78,2.4499999999999993,2.2499999999999996
2014-12-18,0.15404299837761526,0.19,0.23,FORCE_BUY,0.011629033821106806,0.011241399360403186,0.0,0.011629033821106806,FORCE_BUY,3902578.7537329895,104.39,1.3499999999999996,2.499999999999999
2014-12-19,0.15444917813794853,0.19,0.23,FORCE_BUY,-0.0015335953225342955,0.0025975270775423437,0.0025975270775423437,-0.0015335953225342955,FREE,3912715.807718052,104.17,-0.5,2.1499999999999995
2014-12-22,0.1403667033420765,0.19,0.23,FORCE_BUY,0.0007659900421293546,0.003069239840024378,9.574875526614126e-05,0.0007659900421293546,FREE,3924724.870957793,104.52,1.0999999999999996,1.3499999999999996
2014-12-23,0.17317879405973544,0.19,0.23,FORCE_BUY,-0.003441024660676744,0.0018692844238488169,0.0006690881284648633,-0.003441024660676744,FREE,3932061.298026967,104.26,1.0999999999999996,1.3499999999999996
2014-12-24,0.17901537202217818,0.19,0.23,FORCE_BUY,0.0002866180981595674,0.0011002872932248393,0.002492331288343634,0.0002866180981595674,FORCE_SELL,3941861.2974277246,104.3499,1.6499999999999995,-0.5
2014-12-26,0.16922061751012332,0.19,0.23,FORCE_BUY,0.005069344811095281,0.0,0.0,0.005069344811095281,FORCE_BUY,3961843.951541897,105.08,1.4999999999999996,-0.5
2014-12-29,0.1788030876980923,0.19,0.23,FORCE_BUY,0.0013330794134450556,-0.0020948390782708176,-0.0020948390782708176,0.0013330794134450556,FORCE_BUY,3967125.4041529787,105.16,1.4999999999999996,-0.5
2014-12-30,0.20552521459472692,0.21,0.23,FORCE_BUY,-0.0037195994277539352,-0.0031481739040532105,-0.0017167381974248417,-0.0037195994277539352,FORCE_SELL,3960314.888437695,104.46,1.4999999999999996,-0.5
2014-12-31,0.28961163602488094,0.19,0.23,FORCE_SELL,-0.010244135950215482,-0.010244135950215482,-0.010244135950215482,-0.010244135950215482,FORCE_BUY,3919744.884314877,103.38,2.4499999999999993,-0.5
2015-01-02,0.23752766060596198,0.19,0.23,FORCE_SELL,-0.007910476557977957,-0.005691684352691586,-0.005691684352691586,-0.005691684352691586,FREE,3897434.933690279,102.84,2.4499999999999993,-0.5
2015-01-05,0.22984093171994777,0.19,0.23,FREE,-0.010145351673007659,-0.010145351673007659,0.0,-0.010145351673007659,FORCE_SELL,3897434.933690279,101.47,-0.5,1.9999999999999996
2015-01-06,0.25514002722312784,0.19,0.23,FORCE_SELL,-0.011148382004735568,-0.011148382004735568,-0.011148382004735568,-0.011148382004735568,FORCE_BUY,3853984.8402108983,100.23,2.349999999999999,-0.5
2015-01-07,0.19014108750945913,0.19,0.23,FREE,0.00955794504181614,0.00955794504181614,0.00955794504181614,0.00955794504181614,FORCE_BUY,3890821.015505627,101.4,2.4499999999999993,-0.5
2015-01-08,0.18620216263644465,0.19,0.23,FORCE_BUY,0.015331695331695386,0.0032432432432432413,0.0032432432432432413,0.015331695331695386,FORCE_BUY,3950473.8979055164,103.31,2.4499999999999993,-0.5
2015-01-09,0.21783554882810444,0.19,0.23,FREE,-0.006976744186046466,-0.006976744186046466,-0.006976744186046466,-0.006976744186046466,FORCE_BUY,3922912.452106176,102.48,2.1999999999999993,2.3999999999999995
2015-01-12,0.23939443511011807,0.19,0.23,FORCE_SELL,-0.011087337093950484,-0.008362486052294497,-0.009239447578292032,-0.009239447578292032,FREE,3890107.1514410656,101.68,1.6499999999999995,2.3999999999999995
2015-01-13,0.2728941498040051,0.19,0.23,FORCE_SELL,-0.007239996086488552,-0.0023651287732337667,0.0,0.0,FORCE_SELL,3890107.1514410656,101.47,1.4999999999999996,2.4499999999999993
2015-01-14,0.1957649436478699,0.19,0.23,FREE,0.004463400119023982,0.0037682102043741024,0.0,0.0037682102043741024,FORCE_BUY,3907470.256163824,101.27,1.5499999999999994,2.499999999999999
2015-01-15,0.24501677176250033,0.19,0.23,FORCE_SELL,-0.014917951268025737,-0.0018582779532241912,0.0,0.0,FORCE_SELL,3907470.256163824,99.05,2.2999999999999994,-0.5
2015-01-16,0.19126237110534663,0.19,0.23,FREE,0.021769947347103965,0.006382414669170286,0.0,0.006382414669170286,FORCE_BUY,3992535.677900885,100.91,-0.5,-0.5
2015-01-20,0.19448819701372524,0.21,0.23,FORCE_BUY,0.0020695772149404617,-0.007687001084064296,0.0,0.0020695772149404617,FORCE_BUY,4000798.5387697057,101.68,-0.5,-0.5
2015-01-21,0.19837657281161478,0.21,0.23,FORCE_BUY,0.005517785003448578,0.005517785003448578,0.005517785003448578,0.005517785003448578,FORCE_BUY,4022874.0849487484,102.05,1.9999999999999996,-0.5
2015-01-22,0.20574441258625942,0.21,0.23,FORCE_BUY,0.01632613158666526,0.009008989884572959,0.0032261218105386685,0.01632613158666526,FORCE_BUY,4088552.056616207,103.96,2.1499999999999995,-0.5
2015-01-23,0.17147012358227343,0.21,0.23,FORCE_BUY,-9.606147934688583e-05,0.0003842459173871014,0.0003842459173871014,-9.606147934688583e-05,FREE,4090123.0660519865,104.09,2.1999999999999993,2.4499999999999993
2015-01-26,0.18383802686581288,0.21,0.23,FORCE_BUY,-9.60707080410012e-05,0.0033726771443825395,0.0005764242482468911,-9.60707080410012e-05,FREE,4103917.7306345715,104.08,1.4999999999999996,2.499999999999999
2015-01-27,0.2269533545358801,0.21,0.23,FREE,-0.013269230769230854,-0.009985172961068007,-0.014903846153846238,-0.009985172961068007,FREE,4062939.4022761914,102.62,1.9999999999999996,-0.5
2015-01-28,0.3240657748641997,0.21,0.23,FORCE_SELL,-0.01953922426363378,-0.008459838664941726,-0.0006804704967435132,-0.0006804704967435132,FORCE_SELL,4060174.691882886,100.86,2.2999999999999994,-0.5
2015-01-29,0.23765219127983764,0.21,0.23,FORCE_SELL,0.01586986708986335,0.0004959333465584353,0.0,0.0,FORCE_BUY,4124609.1246046945,102.42,2.3999999999999995,-0.5
2015-01-30,0.29827533268906786,0.21,0.23,FORCE_SELL,-0.004627806222922437,0.004634213578411146,0.0,0.0,FREE,4143723.444215576,101.09,-0.5,1.9999999999999996
2015-02-02,0.24607477138961342,0.21,0.23,FORCE_SELL,0.008811008811008825,-0.0016179508715405977,0.0,0.0,FORCE_BUY,4180233.827992944,101.9,1.5499999999999994,2.499999999999999
2015-02-03,0.20507568179726823,0.21,0.23,FORCE_BUY,0.0,0.0,0.0,0.0,FORCE_BUY,4180233.827992944,102.75,2.1499999999999995,-0.5
2015-02-04,0.23108563409473426,0.21,0.23,FORCE_SELL,-0.006601300844578144,0.00043685079118546346,0.0,0.0,FREE,4182059.9664480425,102.33,2.1499999999999995,2.3999999999999995
2015-02-05,0.1819530809082692,0.21,0.23,FORCE_BUY,0.0,0.0,0.0,0.0,FORCE_BUY,4182059.9664480425,103.69,2.1499999999999995,2.3999999999999995
2015-02-06,0.2464641472429343,0.21,0.23,FORCE_SELL,0.0,0.0,0.0,0.0,FORCE_BUY,4182059.9664480425,103.3,2.1499999999999995,2.3999999999999995
2015-02-09,0.2039682092209585,0.21,0.23,FORCE_BUY,0.0016535356482832878,0.0016535356482832878,0.0,0.0016535356482832878,FORCE_BUY,4188975.1516858223,102.98,2.3999999999999995,-0.5
2015-02-10,0.18966269079997414,0.21,0.23,FORCE_BUY,0.012803103782735206,0.005043646944713882,0.005043646944713882,0.012803103782735206,FORCE_BUY,4242607.035296155,104.42,1.5999999999999996,-0.5
2015-02-11,0.1813103872270941,0.21,0.23,FORCE_BUY,0.005558217537134775,0.0064211472968332284,0.005558217537134775,0.005558217537134775,FREE,4269849.439992373,104.93,1.0499999999999996,-0.5
2015-02-12,0.16413139333997065,0.21,0.23,FORCE_BUY,0.010200190657769169,0.004861592227530188,0.004385128693994173,0.010200190657769169,FORCE_BUY,4313402.718360264,105.97,0.9499999999999997,-0.5
2015-02-13,0.15791847285875724,0.21,0.23,FORCE_BUY,0.007062146892655326,0.0009416195856872184,0.0009416195856872184,0.007062146892655326,FORCE_BUY,4343864.601964503,106.95,-0.5,-0.5
2015-02-17,0.16322429805405905,0.21,0.23,FORCE_BUY,0.001216658867571472,0.001216658867571472,0.001216658867571472,0.001216658867571472,FORCE_BUY,4349149.603352013,106.98,-0.5,-0.5
2015-02-18,0.1638475003024652,0.21,0.23,FORCE_BUY,-0.0002801643630930729,0.0,0.0,-0.0002801643630930729,FREE,4349149.603352013,107.05,-0.5,-0.5
2015-02-19,0.17458260055385935,0.21,0.23,FORCE_BUY,0.006259342301943074,0.0021487294469356723,0.0021487294469356723,0.006259342301943074,FORCE_BUY,4376372.419441753,107.71,-0.5,-0.5
2015-02-20,0.1985755345963139,0.21,0.23,FORCE_BUY,0.007059916395726943,0.003680859532936676,9.28936367859705e-05,0.007059916395726943,FORCE_BUY,4407269.242839578,108.41,-0.5,-0.5
2015-02-23,0.17978485843068862,0.21,0.23,FORCE_BUY,0.0007379393044920771,0.0026075592396979236,-0.00036896965224603856,0.0007379393044920771,FREE,4418761.45847558,108.49,-0.5,-0.5
2015-02-24,0.18726444810645426,0.21,0.23,FORCE_BUY,0.0009225092250920903,-0.0002451665240545195,-9.22509225093148e-05,0.0009225092250920903,FORCE_BUY,4422837.806684506,108.5,-0.5,-0.5
2015-02-25,0.20992504244348598,0.21,0.23,FORCE_BUY,-0.001383125864453742,0.00046104195481791395,0.00046104195481791395,-0.001383125864453742,FREE,4424876.920472742,108.3,1.8499999999999996,0.8499999999999996
2015-02-26,0.17815766618638573,0.21,0.23,FORCE_BUY,0.0027667619662454456,0.005380489613548288,0.0005533523932490046,0.0027667619662454456,FREE,4448684.924784576,108.73,1.8499999999999996,0.8499999999999996
2015-02-27,0.20327730723531431,0.21,0.23,FORCE_BUY,-0.0028492647058823845,-0.0028492647058823845,-0.0028492647058823845,-0.0028492647058823845,FORCE_BUY,4436009.443840796,108.49,2.349999999999999,1.2999999999999996
2015-03-02,0.1621539162042054,0.21,0.23,FORCE_BUY,0.005057471264367886,0.0016551724137932374,0.0016551724137932374,0.005057471264367886,FORCE_BUY,4458444.434131485,109.3,2.349999999999999,-0.5
2015-03-03,0.20594009606765196,0.21,0.23,FORCE_BUY,-0.0059469350411709984,-0.007868252516010869,-0.007868252516010869,-0.0059469350411709984,FORCE_BUY,4431930.354697035,108.65,2.349999999999999,-0.5
2015-03-04,0.18573923923027089,0.21,0.23,FORCE_BUY,-0.001289371891692748,-0.0028550377601768593,-0.0028550377601768593,-0.001289371891692748,FORCE_BUY,4426215.948271749,108.44,2.349999999999999,-0.5
2015-03-05,0.18394167551157256,0.21,0.23,FORCE_BUY,0.0003683241252301385,0.0055782949993315525,0.002578268876611392,0.0003683241252301385,FREE,4450906.686561954,108.64,1.7499999999999996,-0.5
2015-03-06,0.25065127414196503,0.21,0.23,FORCE_SELL,-0.010128913443830708,-0.0048615656553712494,-0.008747697974217372,-0.008747697974217372,FREE,4429268.311479302,107.5,-0.5,0.8999999999999997
2015-03-09,0.18620603654082302,0.21,0.23,FORCE_BUY,0.0038221310711291116,0.0032170731097880567,0.0,0.0038221310711291116,FORCE_BUY,4446197.5555149745,107.68,1.6999999999999993,-0.5
2015-03-10,0.2174092714208109,0.21,0.23,FREE,-0.013689700130378037,-0.013689700130378037,-0.013689700130378037,-0.013689700130378037,FORCE_BUY,4385330.444259554,105.91,2.2499999999999996,1.6999999999999993
2015-03-11,0.2068471674275019,0.21,0.23,FORCE_BUY,-0.006140765233821442,-0.006140765233821442,-0.006140765233821442,-0.006140765233821442,FORCE_BUY,4358401.159528626,105.2,2.4499999999999993,1.6999999999999993
2015-03-12,0.17053118164848957,0.21,0.23,FORCE_BUY,0.0035081065705889042,0.002988527543377294,0.002988527543377294,0.0035081065705889042,FORCE_BUY,4373690.8952736305,105.84,2.499999999999999,-0.5
2015-03-13,0.20630423458719027,0.21,0.23,FORCE_BUY,-0.006042866584836105,-0.0018914096704454374,-9.441979038792258e-05,-0.006042866584836105,FORCE_SELL,4373277.932296077,105.27,2.2999999999999994,0.5499999999999998
2015-03-16,0.16025847694769066,0.21,0.23,FORCE_BUY,0.007481060606060763,0.0027486390836811763,0.0007575757575759103,0.007481060606060763,FORCE_BUY,4405994.689554731,106.39,1.5499999999999994,1.0499999999999996
2015-03-17,0.16020857571636093,0.21,0.23,FORCE_BUY,0.003096265715894199,-0.0006560422761891841,-0.0012197410395945415,0.003096265715894199,FORCE_BUY,4419636.819856412,106.91,1.5499999999999994,1.0499999999999996
2015-03-18,0.23374510925268066,0.21,0.23,FORCE_SELL,0.015009380863039422,0.01644058416374872,-0.0006566604127580524,-0.0006566604127580524,FREE,4492298.230966464,108.2,-0.5,2.499999999999999
2015-03-19,0.17990376590294585,0.21,0.23,FORCE_BUY,0.0005555555555555823,0.0005555555555555823,0.0,0.0005555555555555823,FORCE_BUY,4494793.95220589,108.06,1.7999999999999994,2.499999999999999
2015-03-20,0.20424666658152482,0.21,0.23,FORCE_BUY,0.005000000000000027,0.0034259259259259126,0.0034259259259259126,0.005000000000000027,FORCE_BUY,4517267.92196692,108.54,1.9499999999999993,2.3999999999999995
2015-03-23,0.20047566148192997,0.21,0.23,FORCE_BUY,-0.001567253618512071,-0.00043745539983706196,0.0024237116253342833,-0.001567253618512071,FORCE_SELL,4528216.4767441405,108.3,0.9499999999999997,2.4499999999999993
2015-03-24,0.22598710143351977,0.21,0.235,FREE,-0.0018463810930575537,0.0012931492198041533,0.0009231905465287768,0.0012931492198041533,FREE,4534072.136348146,108.12,2.3999999999999995,-0.5
2015-03-25,0.3009284966613257,0.21,0.235,FORCE_SELL,-0.003961890387699341,-0.003961890387699341,0.0,0.0,FORCE_SELL,4534072.136348146,105.59,2.349999999999999,1.6999999999999993
2015-03-26,0.2064114291850189,0.21,0.235,FORCE_BUY,0.007944864554417544,0.009472032211898407,0.0,0.007944864554417544,FREE,4577019.013674706,105.3,2.3999999999999995,-0.5
2015-03-27,0.18664553708096296,0.21,0.24,FORCE_BUY,0.0019952494061755972,-0.0004750593824228824,-0.0004750593824228824,0.0019952494061755972,FORCE_BUY,4586151.3081437955,105.46,2.499999999999999,-0.5
2015-03-30,0.1645006954901759,0.21,0.24,FORCE_BUY,0.005655042412818203,0.0032987747408106884,0.0032987747408106884,0.005655042412818203,FORCE_BUY,4612086.18830295,106.7,1.7499999999999996,-0.5
2015-03-31,0.21669160621938857,0.21,0.24,FREE,-0.0075223319228961,-0.005838263481588696,-0.0008462623413256172,-0.005838263481588696,FORCE_SELL,4608183.153446841,105.55,1.7499999999999996,-0.5
2015-04-01,0.18706363130411155,0.21,0.24,FORCE_BUY,-0.0004750593824227239,0.0026484628216650722,0.005320665083135524,-0.0004750593824227239,FORCE_SELL,4632701.752648079,105.2,2.499999999999999,1.3999999999999995
2015-04-02,0.17840915652772357,0.21,0.24,FORCE_BUY,0.0006676190476190657,0.002762856508359648,0.0013333333333333665,0.0006676190476190657,FREE,4645501.242836672,105.0701,2.2499999999999996,1.4999999999999996
2015-04-06,0.19352570646378897,0.21,0.24,FORCE_BUY,0.01494825603679574,0.007186661556151655,0.007186661556151655,0.01494825603679574,FORCE_BUY,4714943.384833847,105.92,2.3999999999999995,1.4499999999999995
2015-04-07,0.20192149373677762,0.21,0.24,FORCE_BUY,-0.003392066333741662,0.0009422406482616194,0.0009422406482616194,-0.003392066333741662,FREE,4719385.996145289,105.77,2.3999999999999995,1.4499999999999995
2015-04-08,0.16534598974617898,0.21,0.24,FORCE_BUY,0.007264150943396196,0.00925578806716433,0.004905660377358432,0.007264150943396196,FREE,4763067.632732754,106.77,1.8499999999999996,1.0499999999999996
2015-04-09,0.16914619123709426,0.21,0.24,FORCE_BUY,0.007890287431899292,0.008458112945945565,0.0009393199323690181,0.007890287431899292,FREE,4803354.196739585,107.3,1.7999999999999994,1.2999999999999996
2015-04-10,0.15707302833779221,0.21,0.24,FORCE_BUY,0.004381467325440288,0.001584786053882587,0.001584786053882587,0.004381467325440288,FORCE_BUY,4824399.936205116,107.74,1.6999999999999993,0.7999999999999998
2015-04-13,0.21381951648909145,0.21,0.24,FREE,-0.0015799256505576894,0.0005558315769386106,0.0013940520446096406,0.0005558315769386106,FORCE_SELL,4831125.400800197,107.43,-0.5,2.2499999999999996
2015-04-14,0.19211214634056514,0.21,0.24,FORCE_BUY,9.324878776587061e-05,0.0037406361230008216,0.001958224543081003,9.324878776587061e-05,FREE,4849196.8829891775,107.25,-0.5,2.2499999999999996
2015-04-15,0.18445178567356937,0.21,0.24,FORCE_BUY,0.0037195462153616285,0.002882648316905066,0.002882648316905066,0.0037195462153616285,FORCE_BUY,4867233.694902843,107.94,0.8499999999999996,1.9999999999999996
2015-04-16,0.1872288292175749,0.21,0.24,FORCE_BUY,-0.0009272997032641739,-0.0009272997032641739,-0.0009272997032641739,-0.0009272997032641739,FORCE_BUY,4862720.310541842,107.74,0.7999999999999998,2.349999999999999
2015-04-17,0.23067137992675182,0.21,0.24,FREE,-0.013497160942008965,-0.013497160942008965,-0.013497160942008965,-0.013497160942008965,FORCE_BUY,4797087.391894483,105.98,0.7999999999999998,2.349999999999999
2015-04-20,0.20391681192999966,0.21,0.24,FORCE_BUY,0.00985637848493372,0.0050689946493943415,0.0050689946493943415,0.00985637848493372,FORCE_BUY,4844369.300854298,107.58,0.7999999999999998,2.349999999999999
2015-04-21,0.20046194319516944,0.21,0.24,FORCE_BUY,-0.000461851099205758,0.003326327621626259,0.0005542213190465812,-0.000461851099205758,FREE,4860483.260269088,108.21,0.7999999999999998,2.349999999999999
2015-04-22,0.19213048478493447,0.21,0.24,FORCE_BUY,0.004352254838411025,0.004783044776735362,-0.0013890175016205357,0.004352254838411025,FREE,4883731.169339527,108.46,0.7999999999999998,2.349999999999999
2015-04-23,0.18700545865333673,0.21,0.24,FORCE_BUY,0.014626920940566572,0.006808883212880114,0.0026846880207370264,0.014626920940566572,FORCE_BUY,4955165.119048437,109.6,0.6499999999999997,2.1999999999999993
2015-04-24,0.1726727813546105,0.21,0.24,FORCE_BUY,0.006646635709733284,0.0012746972594007984,0.0012746972594007984,0.006646635709733284,FORCE_BUY,4988100.296476329,110.56,0.7999999999999998,2.2999999999999994
2015-04-27,0.22036601043714768,0.21,0.24,FREE,-0.0012659372456821564,0.0015384790537184038,0.001085089067727534,0.0015384790537184038,FREE,4995774.384300305,110.45,0.7999999999999998,2.2999999999999994
2015-04-28,0.2256909928644152,0.21,0.24,FREE,-0.0026287164612037064,-0.004713560551123853,-0.004713560551123853,-0.004713560551123853,FORCE_BUY,4982641.909939835,110.03,1.7499999999999996,-0.5
2015-04-29,0.2331767488766494,0.21,0.24,FREE,-0.0069204152249132764,-0.0069204152249132764,0.0,-0.0069204152249132764,FORCE_SELL,4982641.909939835,109.06,1.5999999999999996,-0.5
2015-04-30,0.270593084453709,0.21,0.24,FORCE_SELL,-0.01202607178922241,-0.00471451635380526,-0.0002754062241808103,-0.0002754062241808103,FORCE_SELL,4981269.659344973,107.62,1.5499999999999994,-0.5
2015-05-01,0.19081891528833742,0.21,0.24,FORCE_BUY,0.006371191135734058,0.0007412715961817278,0.0,0.006371191135734058,FORCE_BUY,5013006.280443293,108.99,1.5499999999999994,-0.5
2015-05-04,0.22415263200117538,0.21,0.24,FREE,0.000274775599926761,0.000366375854102515,0.000274775599926761,0.000366375854102515,FREE,5014842.924900912,109.21,1.7999999999999994,1.7999999999999994
2015-05-05,0.25362327528749745,0.21,0.24,FORCE_SELL,-0.01310964429776292,-0.01310964429776292,-0.01310964429776292,-0.01310964429776292,FORCE_BUY,4949100.117946307,107.65,1.7999999999999994,1.7999999999999994
2015-05-06,0.2444590383953981,0.21,0.24,FORCE_SELL,-0.00910611410518495,-0.0034776050510026205,-0.004877346218175171,-0.004877346218175171,FREE,4931889.102378219,106.64,2.1499999999999995,-0.5
2015-05-07,0.1876897992479237,0.21,0.24,FORCE_BUY,0.015108593012275672,0.007271010387157707,0.0,0.015108593012275672,FORCE_BUY,5006403.007607729,107.5,2.499999999999999,-0.5
2015-05-08,0.18341777153888925,0.21,0.24,FORCE_BUY,0.006493506493506633,-0.0006493506493505217,-0.0006493506493505217,0.006493506493506633,FORCE_BUY,5038912.118046741,108.5,2.499999999999999,-0.5
2015-05-11,0.22185368629481647,0.21,0.24,FREE,-0.0033182781823208733,0.0019356622730205763,0.0019356622730205763,0.0019356622730205763,FREE,5048665.750130711,108.13,2.0499999999999994,1.2499999999999996
2015-05-12,0.20022463976497273,0.21,0.24,FORCE_BUY,0.003995539862478976,-0.0007454523773425542,0.0,0.003995539862478976,FORCE_BUY,5068837.8953876905,108.05,1.1499999999999997,-0.5
2015-05-13,0.22031605985785155,0.21,0.24,FREE,-0.002676511305952806,0.002312878020476714,0.0011998154130135328,0.002312878020476714,FREE,5080561.499145292,108.06,-0.5,2.499999999999999
2015-05-14,0.1738802547302604,0.21,0.24,FORCE_BUY,0.0,0.0,0.0,0.0,FORCE_BUY,5080561.499145292,109.61,2.0499999999999994,-0.5
2015-05-15,0.18111422348642156,0.21,0.24,FORCE_BUY,0.0,0.0,0.0,0.0,FORCE_BUY,5080561.499145292,109.5,2.0499999999999994,-0.5
2015-05-18,0.17555477297634403,0.21,0.24,FORCE_BUY,0.006676422169379773,0.0009153989294099262,0.0,0.006676422169379773,FORCE_BUY,5114481.472571082,110.07,1.0999999999999996,-0.5
2015-05-19,0.18983556898660317,0.21,0.24,FORCE_BUY,-0.004982786736727715,0.00027178836745774297,0.00027178836745774297,-0.004982786736727715,FREE,5115871.529140905,109.83,1.1499999999999997,2.349999999999999
2015-05-20,0.20030164758443245,0.21,0.24,FORCE_BUY,-0.0034545454545453183,0.001180920530467702,0.0003636363636364533,-0.0034545454545453183,FREE,5121912.9668609025,109.62,-0.5,-0.5
2015-05-21,0.1775554898721742,0.21,0.24,FORCE_BUY,0.008669465230881503,0.003916344250678869,0.0023726957473991506,0.008669465230881503,FORCE_BUY,5166317.213242704,110.53,1.3999999999999995,-0.5
2015-05-22,0.18711754120800528,0.21,0.24,FORCE_BUY,-0.00018089725036183908,0.0018101509873335437,0.0007235890014471598,-0.00018089725036183908,FREE,5175669.027447134,110.54,0.5499999999999998,-0.5
2015-05-26,0.24860947580370926,0.21,0.24,FORCE_SELL,-0.007086399563913646,-0.0021992502231529044,0.003179794676115391,0.003179794676115391,FORCE_SELL,5192126.592265946,109.29,0.5499999999999998,-0.5
2015-05-27,0.19973515797916316,0.21,0.24,FORCE_BUY,0.0,0.0,0.0,0.0,FORCE_BUY,5192126.592265946,110.87,1.5999999999999996,-0.5
2015-05-28,0.18761602182498227,0.21,0.24,FORCE_BUY,0.0029856147652221744,0.0029856147652221744,0.0,0.0029856147652221744,FORCE_BUY,5207628.282082717,110.86,1.3999999999999995,1.7999999999999994
2015-05-29,0.2132331999775752,0.21,0.24,FREE,-0.003438291711907324,-0.001085776330075759,-0.001085776330075759,-0.001085776330075759,FREE,5201973.962558199,110.14,1.0499999999999996,1.7499999999999996
2015-06-01,0.19930152524598158,0.21,0.24,FORCE_BUY,0.00491221686527794,0.007198935015611645,0.0,0.00491221686527794,FREE,5239422.635067559,110.47,1.0499999999999996,1.7499999999999996
2015-06-02,0.20670074618417258,0.21,0.24,FORCE_BUY,-0.0021770682148040577,-0.0029518954307659086,0.0016328011611029944,-0.0021770682148040577,FORCE_SELL,5247977.570429607,110.0,1.0499999999999996,1.7499999999999996
2015-06-03,0.1907836823216833,0.21,0.24,FORCE_BUY,0.0029959146618247514,0.003715529483262297,-0.0003631411711303742,0.0029959146618247514,FREE,5267476.585820038,110.48,1.8999999999999995,1.8499999999999996
2015-06-04,0.22771319566144743,0.21,0.24,FREE,0.0,0.007668642989171854,0.006197593875319076,0.007668642989171854,FREE,5307870.983210514,109.72,1.8999999999999995,1.9499999999999993
2015-06-05,0.19050958774737972,0.21,0.24,FORCE_BUY,-0.0008222932846048896,0.007036482396631332,0.0,-0.0008222932846048896,FREE,5345219.723947465,109.36,0.6999999999999997,-0.5
2015-06-08,0.21733170510534294,0.195,0.24,FREE,-0.00932699341624002,-0.009980585069421021,0.0,-0.009980585069421021,FORCE_SELL,5345219.723947465,108.34,1.5999999999999996,1.2999999999999996
2015-06-09,0.18298540077593187,0.195,0.24,FORCE_BUY,0.00138786084381954,-0.00046262028127304767,-0.00046262028127304767,0.00138786084381954,FORCE_BUY,5352638.145103944,108.23,1.9499999999999993,2.0499999999999994
2015-06-10,0.18619377324524614,0.195,0.24,FORCE_BUY,0.009869938197583332,0.00027672723918464593,0.00027672723918464593,0.009869938197583332,FORCE_BUY,5405468.352790147,109.48,2.499999999999999,1.2999999999999996
2015-06-11,0.18345891378983617,0.195,0.24,FORCE_BUY,-0.0003649968062780359,0.000638744410986367,0.000638744410986367,-0.0003649968062780359,FREE,5408921.065489255,109.55,2.499999999999999,1.2999999999999996
2015-06-12,0.19306971871483777,0.195,0.24,FORCE_BUY,-0.006577745295085032,-0.006577745295085032,-0.006577745295085032,-0.006577745295085032,FORCE_BUY,5373342.560399246,108.74,2.499999999999999,1.2999999999999996
2015-06-15,0.16861788154928414,0.195,0.24,FORCE_BUY,-0.0006464721093463005,-9.327669006278374e-05,-9.327669006278374e-05,-0.0006464721093463005,FREE,5372841.352790639,108.21,2.0499999999999994,-0.5
2015-06-16,0.1729054833942734,0.195,0.24,FORCE_BUY,0.011335129610703367,0.004366812227074327,0.004366812227074327,0.011335129610703367,FORCE_BUY,5433743.205902267,108.85,1.7499999999999996,-0.5
2015-06-17,0.19570848578188038,0.195,0.24,FREE,-0.001650013750114798,0.001197119587713183,0.0005500045833714683,0.001197119587713183,FREE,5440248.046328656,108.91,1.6999999999999993,1.2999999999999996
2015-06-18,0.18359152624886763,0.195,0.24,FORCE_BUY,0.015045871559632981,0.00119266055045867,0.00119266055045867,0.015045871559632981,FORCE_BUY,5522101.319686261,110.64,1.3499999999999996,2.2499999999999996
2015-06-19,0.22560292818039626,0.195,0.24,FREE,-0.006690777576853494,-0.007323688969258577,-0.007323688969258577,-0.007323688969258577,FORCE_BUY,5485154.1679993905,109.86,1.9499999999999993,2.2999999999999994
2015-06-22,0.18390324315227294,0.195,0.24,FORCE_BUY,0.0,0.0,0.0,0.0,FORCE_BUY,5485154.1679993905,110.71,0.9499999999999997,2.499999999999999
2015-06-23,0.16999029420222464,0.195,0.24,FORCE_BUY,0.0033499320959707868,0.0018650973291081166,0.0,0.0033499320959707868,FORCE_BUY,5503529.061998119,110.82,0.9499999999999997,2.499999999999999
2015-06-24,0.25333238176302403,0.195,0.24,FORCE_SELL,-0.0037023659021130388,-0.0043286112968452745,-0.0007224128589489425,-0.0007224128589489425,FORCE_SELL,5499553.241834132,110.33,0.9499999999999997,2.499999999999999
2015-06-25,0.24207640213056494,0.195,0.24,FORCE_SELL,-0.0047054565197721405,-0.0011823420847883234,0.0,0.0,FORCE_SELL,5499553.241834132,109.99,0.9999999999999996,2.2999999999999994
2015-06-26,0.23017334549220428,0.195,0.24,FREE,-0.007551633154399178,-0.004064267268952119,0.0,-0.004064267268952119,FORCE_SELL,5499553.241834132,109.08,0.8499999999999996,2.0499999999999994
2015-06-29,0.44374048770149654,0.195,0.24,FORCE_SELL,-0.01209379615952721,-0.01209379615952721,-0.01209379615952721,-0.01209379615952721,FORCE_BUY,5433042.765958923,107.01,1.3499999999999996,2.2499999999999996
2015-06-30,0.40872252203012277,0.195,0.24,FORCE_SELL,0.0013076779376049014,0.0014010835045765947,0.0014010835045765947,0.0014010835045765947,FREE,5440654.912557967,107.2,2.499999999999999,-0.5
2015-07-01,0.351341551570147,0.195,0.24,FORCE_SELL,-0.0019422863485018464,0.00447085906147647,0.0,0.0,FREE,5464979.313874143,107.91,2.499999999999999,-0.5
2015-07-02,0.35408501122816016,0.195,0.24,FORCE_SELL,0.0039000835732195104,0.0011143095923484031,0.0,0.0,FORCE_BUY,5486293.1899241675,108.11,1.6999999999999993,0.8499999999999996
2015-07-06,0.3573041798098029,0.195,0.24,FORCE_SELL,0.009426038264115661,0.0002880125836300273,0.0,0.0,FORCE_BUY,5538007.199460549,108.16,-0.5,0.6499999999999997
2015-07-07,0.2823979091871037,0.195,0.24,FORCE_SELL,-0.003422440107298202,-0.0014799741004531584,0.0,0.0,FORCE_SELL,5538007.199460549,107.74,1.1999999999999997,2.2999999999999994
2015-07-08,0.3905035037913489,0.195,0.24,FORCE_SELL,-0.003746721618583694,-0.003746721618583694,0.0,0.0,FORCE_SELL,5538007.199460549,106.36,1.4999999999999996,2.3999999999999995
2015-07-09,0.4176642923430786,0.195,0.24,FORCE_SELL,-0.001496585913384981,-0.00019086502816047024,0.0,0.0,FORCE_SELL,5538007.199460549,106.75,2.2499999999999996,-0.5
2015-07-10,0.31835308117597777,0.195,0.24,FORCE_SELL,0.0,0.0,0.0,0.0,FORCE_BUY,5538007.199460549,107.73,2.1999999999999993,-0.5
2015-07-13,0.29732826753082814,0.195,0.24,FORCE_SELL,0.0,0.0,0.0,0.0,FORCE_BUY,5538007.199460549,109.54,2.1999999999999993,1.5499999999999994
2015-07-14,0.16184937860736254,0.195,0.24,FORCE_BUY,0.0,0.0,0.0,0.0,FORCE_BUY,5538007.199460549,110.22,2.1999999999999993,1.5499999999999994
2015-07-15,0.17451663776976178,0.195,0.24,FORCE_BUY,0.0,0.0,0.0,0.0,FORCE_BUY,5538007.199460549,110.81,2.1999999999999993,1.5499999999999994
2015-07-16,0.16290213318068283,0.21,0.24,FORCE_BUY,0.0,0.0,0.0,0.0,FORCE_BUY,5538007.199460549,112.66,2.1999999999999993,1.5499999999999994
2015-07-17,0.1734380576765778,0.21,0.24,FORCE_BUY,0.0,0.0,0.0,0.0,FORCE_BUY,5538007.199460549,113.57,2.1999999999999993,1.5499999999999994
2015-07-20,0.21175733970968805,0.21,0.24,FREE,0.0,0.0,0.0,0.0,FORCE_BUY,5538007.199460549,114.03,2.1999999999999993,1.5499999999999994
2015-07-21,0.20353883552549723,0.21,0.24,FORCE_BUY,-0.0015069586029607908,-0.0015069586029607908,0.0,-0.0015069586029607908,FORCE_SELL,5538007.199460549,112.64,2.1999999999999993,1.5499999999999994
2015-07-22,0.2061584967641892,0.21,0.24,FORCE_BUY,0.0031985784095957697,0.007263479144718988,0.00434473567303428,0.0031985784095957697,FREE,5578232.399257135,112.91,1.5499999999999994,-0.5
2015-07-23,0.2479844186382056,0.195,0.24,FORCE_SELL,-0.0007961783439490531,-0.0039919683661501166,-0.00026539278131641715,-0.00026539278131641715,FORCE_SELL,5576751.976645866,112.95,1.9499999999999993,-0.5
2015-07-24,0.27935993046819174,0.195,0.24,FORCE_SELL,-0.015222586069563693,-0.006991769183113367,0.0,0.0,FORCE_SELL,5576751.976645866,111.27,2.2999999999999994,-0.5
2015-07-27,0.29203761489391866,0.195,0.24,FORCE_SELL,0.0,0.0,0.0,0.0,FORCE_BUY,5576751.976645866,110.37,2.499999999999999,-0.5
2015-07-28,0.2469529412613827,0.195,0.24,FORCE_SELL,0.004061371841155212,0.004061371841155212,0.0,0.0,FORCE_BUY,5599401.240088923,111.25,0.8499999999999996,-0.5
2015-07-29,0.28608812246416476,0.195,0.24,FORCE_SELL,-0.00017958157493039187,0.0,0.0,0.0,FREE,5599401.240088923,111.35,1.0499999999999996,-0.5
2015-07-30,0.29460995848649735,0.195,0.24,FORCE_SELL,0.004302231782737313,-0.004122972125123142,0.0,0.0,FORCE_BUY,5623491.162068332,112.05,1.1499999999999997,-0.5
2015-07-31,0.30230048845960694,0.195,0.24,FORCE_SELL,-0.0021734923125084544,-0.0015491818411273405,0.0,0.0,FORCE_SELL,5623491.162068332,111.88,0.5999999999999996,1.9999999999999996
2015-08-03,0.3114808433219938,0.195,0.24,FORCE_SELL,-0.0050008930166102195,-0.0063396969818731285,0.0,0.0,FORCE_SELL,5623491.162068332,111.42,-0.5,2.349999999999999
2015-08-04,0.29111138024728844,0.195,0.24,FORCE_SELL,-0.0002698327037238166,0.0028801581464415658,0.0,0.0,FREE,5639687.705950204,111.15,1.9499999999999993,-0.5
2015-08-05,0.3375214662760982,0.195,0.24,FORCE_SELL,-0.0063852429939695275,-0.003103937566513047,0.0,0.0,FORCE_SELL,5639687.705950204,112.04,1.6499999999999995,2.3999999999999995
2015-08-06,0.3956019722905837,0.195,0.24,FORCE_SELL,-0.0161204132525829,-0.016477182207980338,0.0,0.0,FORCE_SELL,5639687.705950204,110.47,1.4999999999999996,2.1999999999999993
2015-08-07,0.22784169381412747,0.195,0.24,FREE,0.0008173644537281673,-0.0020888202706385176,0.0,-0.0020888202706385176,FORCE_BUY,5644297.3862111755,110.2,1.7999999999999994,2.0999999999999996
2015-08-10,0.26170061304422615,0.195,0.24,FORCE_SELL,0.0,0.0,0.0,0.0,FORCE_BUY,5644297.3862111755,111.87,2.1499999999999995,2.0499999999999994
2015-08-11,0.319164741739257,0.195,0.24,FORCE_SELL,0.0,0.0032736200782031116,0.0,0.0,FREE,5662774.6714620255,110.39,2.1499999999999995,2.0499999999999994
2015-08-12,0.24000631941494785,0.195,0.24,FORCE_SELL,0.01467889908256891,0.0028427231944389954,0.0,0.0,FORCE_BUY,5745897.969391744,110.6,1.8499999999999996,-0.5
2015-08-13,0.29122627899723214,0.195,0.24,FORCE_SELL,0.0,0.0,0.0,0.0,FORCE_BUY,5745897.969391744,110.2,2.4499999999999993,1.8999999999999995
2015-08-14,0.2489753810251146,0.195,0.24,FORCE_SELL,0.0,0.0,0.0,0.0,FORCE_BUY,5745897.969391744,110.66,2.349999999999999,2.2999999999999994
2015-08-17,0.26777536001894114,0.195,0.24,FORCE_SELL,0.008960086885691063,0.002262648203457271,0.0,0.0,FORCE_BUY,5797381.71443381,111.48,1.6499999999999995,1.9499999999999993
2015-08-18,0.30130066086509344,0.195,0.24,FORCE_SELL,0.0,0.0,0.0,0.0,FORCE_BUY,5797381.71443381,110.9,1.6499999999999995,1.9499999999999993
2015-08-19,0.33543555291751753,0.195,0.24,FORCE_SELL,-0.0057834809325864244,-0.005693677254592734,0.0,0.0,FORCE_SELL,5797381.71443381,110.02,-0.5,1.9999999999999996
2015-08-20,0.32735830409509603,0.195,0.24,FORCE_SELL,-0.025502742230347496,-0.025502742230347496,0.0,0.0,FORCE_SELL,5797381.71443381,106.61,1.4499999999999995,-0.5
2015-08-21,0.40772637851339644,0.195,0.24,FORCE_SELL,-0.03747534516765281,-0.03747534516765281,0.0,0.0,FORCE_SELL,5797381.71443381,102.48,2.349999999999999,-0.5
2015-08-24,0.5679108128068701,0.195,0.24,FORCE_SELL,-0.005441902650408265,0.0008515241075879992,0.0,0.0,FREE,5802318.324724539,98.69,2.349999999999999,-0.5
2015-08-25,0.3603623239970822,0.195,0.24,FORCE_SELL,-0.036996464671612835,-0.036996464671612835,0.0,0.0,FORCE_SELL,5802318.324724539,96.7,-0.5,-0.5
2015-08-26,0.2789012538159088,0.195,0.24,FORCE_SELL,0.028945004491466333,0.0024682541910279123,0.0,0.0,FORCE_BUY,5970266.454694608,103.09,-0.5,-0.5
2015-08-27,0.23794415543051536,0.195,0.24,FREE,0.013429256594724345,0.006810551558752961,0.0,0.006810551558752961,FORCE_BUY,6050442.694853577,105.65,-0.5,2.4499999999999993
2015-08-28,0.2149101892637234,0.195,0.24,FREE,0.008025222126683955,0.0187955253659554,0.0,0.0187955253659554,FREE,6164163.943999956,105.51,-0.5,2.2999999999999994
2015-08-31,0.2584800692466742,0.195,0.24,FORCE_SELL,-0.012385670731707163,0.0019442620963975854,0.0016196646341463709,0.0016196646341463709,FREE,6176148.694312257,103.66,-0.5,-0.5
2015-09-01,0.2477416295392978,0.195,0.24,FORCE_SELL,-0.0016674840608142793,-0.003923491907798087,0.0,0.0,FORCE_SELL,6176148.694312257,101.78,-0.5,-0.5
2015-09-02,0.23040481533115387,0.195,0.24,FREE,0.02062964411419624,0.015298329747216335,0.0,0.015298329747216335,FORCE_BUY,6303560.443872276,104.39,-0.5,-0.5
2015-09-03,0.2940125791792666,0.195,0.24,FORCE_SELL,-0.005478135511773152,-0.002309645308248013,0.0,0.0,FORCE_SELL,6303560.443872276,103.48,-0.5,-0.5
2015-09-04,0.28650571002080727,0.195,0.24,FORCE_SELL,-0.005548525260391401,-0.002531792143948574,0.0,0.0,FORCE_SELL,6303560.443872276,102.16,-0.5,-0.5
2015-09-08,0.29460094460003367,0.195,0.24,FORCE_SELL,0.011355981137522774,0.00915603508672311,0.0,0.0,FORCE_BUY,6375143.557372124,105.09,-0.5,-0.5
2015-09-09,0.39434127288109533,0.195,0.24,FORCE_SELL,-0.01446516939474686,-0.01446516939474686,0.0,0.0,FORCE_SELL,6375143.557372124,103.56,-0.5,-0.5
2015-09-10,0.2954416624798312,0.195,0.24,FORCE_SELL,0.013148989654839105,0.018369912017789747,0.0,0.0,FREE,6492254.38362183,104.79,2.4499999999999993,-0.5
2015-09-11,0.24717674029264525,0.195,0.24,FORCE_SELL,0.0,0.0,0.0,0.0,FORCE_BUY,6492254.38362183,105.67,2.2499999999999996,-0.5
2015-09-14,0.32632095025585717,0.195,0.24,FORCE_SELL,0.0,0.0,0.0,0.0,FORCE_BUY,6492254.38362183,105.39,1.4999999999999996,-0.5
2015-09-15,0.16078924850003032,0.195,0.24,FORCE_BUY,0.016115190235529566,0.009860852413993341,0.0,0.016115190235529566,FORCE_BUY,6596878.298071346,106.56,1.0499999999999996,-0.5
2015-09-16,0.1552030856295013,0.195,0.24,FORCE_BUY,0.005727161768847858,0.008625209049399368,0.0004694394892496699,0.005727161768847858,FREE,6653777.752465658,107.12,1.0999999999999996,-0.5
2015-09-17,0.2640628353784579,0.195,0.24,FORCE_SELL,-0.00046707146193369854,0.001494803431042034,-0.00028024287716029415,-0.00028024287716029415,FREE,6663723.842279434,107.0,0.9499999999999997,-0.5
2015-09-18,0.20875534495787781,0.195,0.24,FREE,-0.004055073557148298,0.0025528351252695454,0.0,0.0025528351252695454,FREE,6680735.230569101,105.61,0.9499999999999997,-0.5
2015-09-21,0.1624037391736802,0.195,0.24,FORCE_BUY,0.006549596582819213,-0.00028956106409883185,0.006549596582819213,0.006549596582819213,FORCE_BUY,6724491.351205957,106.04,1.1499999999999997,-0.5
2015-09-22,0.12175850138748194,0.195,0.24,FORCE_BUY,-0.012816861293078758,-0.01224848025169681,-0.01006360960789897,-0.012816861293078758,FORCE_SELL,6656818.695435727,103.98,2.2999999999999994,2.0999999999999996
2015-09-23,0.13518180681306863,0.195,0.24,FORCE_BUY,0.0007681966583444168,0.002779694756528353,0.005281352026118601,0.0007681966583444168,FORCE_SELL,6691975.69834037,104.22,2.499999999999999,2.4499999999999993
2015-09-24,0.22257492536115878,0.195,0.24,FREE,0.0012513235152564457,0.000976012345093578,-0.006737895851381316,0.000976012345093578,FORCE_BUY,6700349.524895228,104.02,2.4499999999999993,2.2499999999999996
2015-09-25,0.3551800911207248,0.195,0.24,FORCE_SELL,-0.013353828417715468,-0.01181729554392546,0.0,0.0,FORCE_SELL,6700349.524895228,102.7,2.499999999999999,2.349999999999999
2015-09-28,0.3193412606665453,0.195,0.24,FORCE_SELL,-0.019841657706968927,-0.019841657706968927,0.0,0.0,FORCE_SELL,6700349.524895228,100.28,-0.5,1.9499999999999993
2015-09-29,0.2549744354572853,0.195,0.24,FORCE_SELL,-0.00876232201533427,-0.007392488924190821,0.0,0.0,FORCE_SELL,6700349.524895228,99.55,-0.5,1.9499999999999993
2015-09-30,0.2450306681439747,0.195,0.24,FORCE_SELL,0.0,0.0,0.0,0.0,FORCE_BUY,6700349.524895228,101.52,-0.5,-0.5
2015-10-01,0.23811150707688178,0.195,0.24,FREE,0.0,0.0,0.0,0.0,FORCE_BUY,6700349.524895228,102.38,-0.5,1.8499999999999996
2015-10-02,0.29280292756764625,0.195,0.24,FORCE_SELL,0.03388988272709191,0.009453587155991506,0.0,0.0,FORCE_BUY,6927423.584524454,104.03,-0.5,1.8499999999999996
2015-10-05,0.24781240635858423,0.195,0.24,FORCE_SELL,-0.0022535569129779128,-0.0022535569129779128,0.0,0.0,FORCE_SELL,6927423.584524454,105.24,-0.5,1.8499999999999996
2015-10-06,0.2864857268297272,0.195,0.24,FORCE_SELL,0.0,0.0,0.0,0.0,FORCE_BUY,6927423.584524454,104.6,1.6999999999999993,-0.5
2015-10-07,0.2678944722400984,0.195,0.24,FORCE_SELL,9.467903806093031e-05,-0.0009531396253986008,0.0,0.0,FORCE_BUY,6928079.466325677,105.63,0.7999999999999998,-0.5
2015-10-08,0.29678681162401793,0.195,0.24,FORCE_SELL,0.010476190476190398,0.007006437184721316,0.0,0.0,FORCE_BUY,7000659.346449087,106.1,0.8499999999999996,-0.5
2015-10-09,0.29221736187983327,0.195,0.24,FORCE_SELL,0.004818138875767701,0.005235870096496703,0.0,0.0,FREE,7037313.889376921,106.36,0.9499999999999997,-0.5
2015-10-12,0.31504159838557705,0.195,0.24,FORCE_SELL,0.0035700864336716343,0.0014092446448703425,0.0,0.0,FORCE_BUY,7062437.708222874,106.82,0.7999999999999998,-0.5
2015-10-13,0.4307172378344937,0.195,0.24,FORCE_SELL,-0.0010370510040539193,-0.0010370510040539193,0.0,0.0,FORCE_SELL,7062437.708222874,105.96,0.7999999999999998,-0.5
2015-10-14,0.3780572382968446,0.195,0.24,FORCE_SELL,0.0009435742592941597,0.005427595295139989,0.0,0.0,FREE,7100769.761900243,106.08,1.5499999999999994,1.9499999999999993
2015-10-15,0.3217103414448561,0.195,0.24,FORCE_SELL,0.013895408881795086,0.0024924907894161713,0.0,0.0,FORCE_BUY,7199437.861117334,107.99,-0.5,1.8999999999999995
2015-10-16,0.28529818353419495,0.195,0.245,FORCE_SELL,0.007437709185570805,0.003162187120471076,0.0,0.0,FORCE_BUY,7252985.186227913,108.36,-0.5,1.8999999999999995
2015-10-19,0.13260213112557329,0.195,0.245,FORCE_BUY,0.0036927621861153484,0.0007860487532878449,0.0,0.0036927621861153484,FORCE_BUY,7279768.735660071,108.72,1.4499999999999995,2.499999999999999
2015-10-20,0.171616419638255,0.195,0.245,FORCE_BUY,-0.00616602245536536,-0.007452674919393078,-0.005981962083563253,-0.00616602245536536,FORCE_SELL,7236221.435106243,107.99,1.7499999999999996,-0.5
2015-10-21,0.19337196293984918,0.195,0.245,FORCE_BUY,-0.004625774817281875,-1.3014997217994993e-06,0.0006476084744194512,-0.004625774817281875,FORCE_SELL,7240907.6734303925,107.59,1.6999999999999993,-0.5
2015-10-22,0.1456521442637576,0.195,0.245,FORCE_BUY,0.03635014836795249,0.00027173350173334066,9.272997032629998e-05,0.03635014836795249,FORCE_BUY,7504115.741678233,111.76,1.9999999999999996,-0.5
2015-10-23,0.17504786178461873,0.195,0.245,FORCE_BUY,0.010583908870750796,0.0035877657188985042,0.0035877657188985042,0.010583908870750796,FORCE_BUY,7583538.618843723,112.67,2.0999999999999996,-0.5
2015-10-26,0.1530605357176008,0.195,0.245,FORCE_BUY,0.004096535755632596,0.0048879679524666845,0.001246771751714284,0.004096535755632596,FREE,7620606.712578925,112.75,-0.5,-0.5
2015-10-27,0.1293664081264398,0.195,0.245,FORCE_BUY,0.005245376955903209,0.005526407151796381,0.0014224751066855763,0.005245376955903209,FREE,7662721.288016349,113.07,2.0999999999999996,-0.5
2015-10-28,0.1490531551426532,0.195,0.245,FORCE_BUY,0.0054731638418080725,0.0027886042569334234,0.0007944915254238651,0.0054731638418080725,FORCE_BUY,7704660.617099774,113.9,2.3999999999999995,-0.5
2015-10-29,0.13246984153251978,0.195,0.245,FORCE_BUY,0.00352267723469832,0.004139145750770522,0.004139145750770522,0.00352267723469832,FREE,7736551.330354171,113.95,1.7499999999999996,-0.5
2015-10-30,0.18260923836967535,0.195,0.245,FORCE_BUY,-0.007004027315706608,0.0008307198820483017,0.0007004027315705365,-0.007004027315706608,FREE,7742978.237362783,113.42,1.4999999999999996,-0.5
2015-11-02,0.13999288034653865,0.195,0.245,FORCE_BUY,0.01004051435617397,0.004130233617146592,0.002554165932710781,0.01004051435617397,FORCE_BUY,7820721.721514567,114.68,1.5499999999999994,-0.5
2015-11-03,0.1504489611517713,0.195,0.245,FORCE_BUY,0.004806011883956478,0.0012233484795525773,0.0012233484795525773,0.004806011883956478,FORCE_BUY,7858308.2030492835,114.99,1.5499999999999994,-0.5
2015-11-04,0.17119585526726197,0.195,0.245,FORCE_BUY,-0.003295750216825651,-8.6730268863907e-05,-8.6730268863907e-05,-0.003295750216825651,FREE,7857626.6498660175,114.92,-0.5,1.0499999999999996
2015-11-05,0.17880884621573445,0.195,0.245,FORCE_BUY,-0.0020887728459531843,0.0023509035158314896,0.0021758050478676134,-0.0020887728459531843,FREE,7876099.171983279,114.66,-0.5,1.0499999999999996
2015-11-06,0.14647614881742765,0.195,0.245,FORCE_BUY,0.0005230581466307235,0.0037595814156835745,0.00034870543108720797,0.0005230581466307235,FREE,7905710.008058349,114.77,-0.5,1.9999999999999996
2015-11-09,0.19792253497900392,0.195,0.245,FREE,-0.009424083769633532,-0.009424083769633532,-0.009424083769633532,-0.009424083769633532,FORCE_BUY,7831205.934683977,113.52,1.5499999999999994,1.9499999999999993
2015-11-10,0.1387211167855986,0.195,0.245,FORCE_BUY,-8.826125330969278e-05,0.00035304501323930827,0.00035304501323930827,-8.826125330969278e-05,FREE,7833970.702886867,113.29,2.349999999999999,-0.5
2015-11-11,0.1974767928722547,0.195,0.245,FREE,-0.003873921465046732,0.00040235989645179943,0.0010565240359218199,0.00040235989645179943,FORCE_SELL,7842247.4812311735,113.14,2.2999999999999994,-0.5
2015-11-12,0.2295063205107596,0.195,0.245,FREE,-0.009030544488711644,-0.009030544488711644,0.0,-0.009030544488711644,FORCE_SELL,7842247.4812311735,111.93,1.7999999999999994,1.8999999999999995
2015-11-13,0.24079072803058213,0.195,0.245,FREE,-0.026983559685489492,-0.026983559685489492,-0.026983559685489492,-0.026983559685489492,FORCE_BUY,7630635.728252993,108.9,2.1499999999999995,1.8999999999999995
2015-11-16,0.1732650190204048,0.195,0.245,FORCE_BUY,0.012364760432766743,0.005265081551001222,0.0030911901081917773,0.012364760432766743,FORCE_BUY,7724986.710982552,111.35,2.2499999999999996,-0.5
2015-11-17,0.20326428561481244,0.195,0.245,FREE,0.0024276209314871328,0.005574536953785396,0.005574536953785396,0.005574536953785396,FREE,7768049.934870426,111.49,2.499999999999999,2.499999999999999
2015-11-18,0.1636707565165494,0.195,0.245,FORCE_BUY,0.0,0.0,0.0,0.0,FORCE_BUY,7768049.934870426,113.8,-0.5,2.3999999999999995
2015-11-19,0.18451156046535525,0.195,0.245,FORCE_BUY,0.0,0.0,0.0,0.0,FORCE_BUY,7768049.934870426,113.67,1.4999999999999996,2.4499999999999993
2015-11-20,0.12136241925664819,0.195,0.245,FORCE_BUY,0.0,0.0,0.0,0.0,FORCE_BUY,7768049.934870426,114.49,1.4999999999999996,2.4499999999999993
2015-11-23,0.15270224419048103,0.195,0.245,FORCE_BUY,-0.005226936144263518,-0.005226936144263518,0.0,-0.005226936144263518,FORCE_SELL,7768049.934870426,114.19,1.4999999999999996,2.4499999999999993
2015-11-24,0.1561374491975723,0.195,0.245,FORCE_BUY,0.004408393581379045,0.004408393581379045,0.004408393581379045,0.004408393581379045,FORCE_BUY,7802294.55634314,113.92,1.9999999999999996,-0.5
2015-11-25,0.15763637534253877,0.195,0.245,FORCE_BUY,-0.00043744531933498436,0.003026405177507682,-8.748906386696065e-05,-0.00043744531933498436,FREE,7825907.460984898,114.25,2.0499999999999994,-0.5
2015-11-27,0.1603674809899421,0.195,0.245,FORCE_BUY,0.0010508801120939313,0.0032402136789562276,0.0032402136789562276,0.0010508801120939313,FREE,7851265.073390227,114.31,2.1999999999999993,2.0499999999999994
2015-11-30,0.21771888860969346,0.195,0.245,FREE,0.0017505470459518268,0.0037625764246249096,0.002363238512034948,0.0037625764246249096,FREE,7880806.058258846,114.45,2.1999999999999993,2.0499999999999994
2015-12-01,0.145572377405659,0.195,0.245,FORCE_BUY,0.0,0.0,0.0,0.0,FORCE_BUY,7880806.058258846,115.16,2.1999999999999993,2.0499999999999994
2015-12-02,0.22804050260659572,0.195,0.245,FREE,0.0,0.0,0.0,0.0,FORCE_BUY,7880806.058258846,114.75,2.1999999999999993,2.0499999999999994
2015-12-03,0.31211896255103344,0.195,0.245,FORCE_SELL,-0.008082937972236661,-0.0008494650616846003,0.0,0.0,FORCE_SELL,7880806.058258846,112.9,1.5999999999999996,-0.5
2015-12-04,0.22676052574179983,0.195,0.245,FREE,0.00902637805626166,0.0019279642450268273,0.0,0.0019279642450268273,FORCE_BUY,7951941.193128767,115.14,1.4999999999999996,1.8499999999999996
2015-12-07,0.20709121838484365,0.195,0.245,FREE,0.0,0.0,0.0,0.0,FORCE_BUY,7951941.193128767,114.62,2.2499999999999996,1.7999999999999994
2015-12-08,0.19939540256890234,0.195,0.245,FREE,0.006490658714147862,8.683448820273273e-05,0.0,8.683448820273273e-05,FORCE_BUY,8003554.529528339,114.75,1.2999999999999996,-0.5
2015-12-09,0.2899969727231811,0.195,0.245,FORCE_SELL,-0.008680403331871908,-0.0011017025742248846,0.0,0.0,FORCE_SELL,8003554.529528339,113.06,1.4999999999999996,-0.5
2015-12-10,0.19961344239607784,0.2,0.245,FORCE_BUY,0.0019391802556190715,0.0006170118995150526,0.0,0.0019391802556190715,FORCE_BUY,8019074.86444677,113.67,1.6999999999999993,-0.5
2015-12-11,0.29607357256229766,0.2,0.245,FORCE_SELL,-0.02348578491965405,-0.02348578491965405,-0.02348578491965405,-0.02348578491965405,FORCE_BUY,7830740.59692577,110.6,2.2999999999999994,2.499999999999999
2015-12-14,0.20626253837459954,0.2,0.245,FREE,0.004402515723270456,-0.009186545137801531,-0.006019766397124949,-0.009186545137801531,FORCE_BUY,7865215.555528589,111.79,1.1499999999999997,1.7499999999999996
2015-12-15,0.21874673045394954,0.2,0.245,FREE,0.0,0.0,0.0,0.0,FORCE_BUY,7865215.555528589,112.51,2.499999999999999,2.3999999999999995
2015-12-16,0.1900148189768329,0.2,0.245,FORCE_BUY,0.0,0.0,0.0,0.0,FORCE_BUY,7865215.555528589,113.75,2.499999999999999,2.499999999999999
2015-12-17,0.2728294758427426,0.2,0.3,FREE,-0.023926380368098073,-0.013319951761086924,0.0,-0.013319951761086924,FORCE_SELL,7865215.555528589,111.37,-0.5,2.499999999999999
2015-12-18,0.25228908759867397,0.2,0.3,FREE,-0.011863035858721954,-0.0004009077477789664,0.002786015997124142,-0.0004009077477789664,FORCE_SELL,7887128.171887122,109.95,1.4999999999999996,-0.5
2015-12-21,0.15787780414488406,0.2,0.3,FORCE_BUY,0.006224627875507416,0.006387836905347379,0.0,0.006224627875507416,FREE,7937509.860300708,111.54,1.9999999999999996,-0.5
2015-12-22,0.1721320222214743,0.2,0.3,FORCE_BUY,0.0048504446240907,0.011185608001884631,0.0003592921943771028,0.0048504446240907,FREE,8026295.734109125,111.87,-0.5,1.1999999999999997
2015-12-23,0.1794354368404024,0.2,0.3,FORCE_BUY,0.004014272970562005,0.0032553646468321444,0.0008920606601249521,0.004014272970562005,FORCE_BUY,8058515.476128296,112.55,-0.5,1.1999999999999997
2015-12-24,0.24332848448954567,0.2,0.3,FREE,0.001959212752694057,0.0053584689379716135,0.0024935435034286143,0.0053584689379716135,FREE,8101696.780993292,112.51,1.5499999999999994,1.7499999999999996
2015-12-28,0.1946124720090602,0.2,0.3,FORCE_BUY,0.008150470219435659,0.004746977160770194,0.0,0.008150470219435659,FORCE_BUY,8167729.419333676,112.56,-0.5,1.9499999999999993
2015-12-29,0.19857917113845844,0.2,0.3,FORCE_BUY,0.012850053172633777,0.00319035802906767,0.00319035802906767,0.012850053172633777,FORCE_BUY,8272685.176671799,114.29,-0.5,1.9499999999999993
2015-12-30,0.29334091737779905,0.2,0.3,FREE,-0.005433829973707243,-0.0021907746911678946,-0.002278702892199829,-0.0021907746911678946,FREE,8254561.587358747,113.48,-0.5,1.9499999999999993
2015-12-31,0.2999943458996219,0.2,0.3,FREE,-0.012522045855379171,-0.008724733028673905,-0.010141093474426878,-0.008724733028673905,FREE,8182542.741240295,111.98,-0.5,1.9499999999999993
2016-01-04,0.20330514760380244,0.2,0.3,FREE,-0.0025399129172714047,-0.00879898403483296,-0.00879898403483296,-0.00879898403483296,FORCE_BUY,8161759.795235693,109.96,1.1499999999999997,-0.5
2016-01-05,0.25740078241707304,0.21,0.3,FREE,0.0032080659945006233,0.0037535238100097706,0.0,0.0037535238100097706,FREE,8192395.1549586905,109.45,2.3999999999999995,-0.5
2016-01-06,0.3482615157973982,0.21,0.3,FORCE_SELL,0.002307763315794451,-0.008492569002123187,-0.008492569002123187,-0.008492569002123187,FORCE_BUY,8211301.263965796,108.58,2.499999999999999,-0.5
2016-01-07,0.41974980059132033,0.21,0.3,FORCE_SELL,-0.006632556376729205,0.009601199211454517,0.0,0.0,FREE,8290139.603186399,104.84,-0.5,1.5999999999999996
2016-01-08,0.4170305274054324,0.21,0.3,FORCE_SELL,-0.006962991224723408,-0.006113434848394579,0.0,0.0,FORCE_SELL,8290139.603186399,104.11,2.4499999999999993,1.3499999999999996
2016-01-11,0.2934268592335633,0.21,0.3,FREE,0.0014365064163953582,0.012794357171737936,0.0,0.012794357171737936,FREE,8396206.610273136,104.57,2.499999999999999,0.9499999999999997
2016-01-12,0.30387091799454496,0.21,0.3,FORCE_SELL,0.010894495412843992,0.013836453061575618,0.0,0.0,FREE,8512380.328931471,105.78,-0.5,-0.5
2016-01-13,0.4141490194884702,0.21,0.305,FORCE_SELL,-0.03684459140292863,-0.034296079643269084,0.0,0.0,FORCE_SELL,8512380.328931471,101.95,-0.5,-0.5
2016-01-14,0.27414294503161196,0.21,0.305,FREE,0.020452310717797375,0.018374365372640485,0.0,0.018374365372640485,FORCE_BUY,8686478.176366845,103.78,1.7499999999999996,-0.5
2016-01-15,0.2170546737928177,0.21,0.305,FREE,-0.013575544486766409,-0.005865592363667256,0.0,-0.005865592363667256,FORCE_SELL,8686478.176366845,101.0,2.0499999999999994,-0.5
2016-01-19,0.288993080818889,0.21,0.305,FREE,-0.0013359061896986843,0.010816084459141732,0.0,0.010816084459141732,FREE,8780431.85797492,100.92,2.4499999999999993,-0.5
2016-01-20,0.24310455295773048,0.21,0.305,FREE,0.02555297444702553,0.00035060749103012223,0.0012119987880010697,0.00035060749103012223,FORCE_BUY,9004798.008875603,101.54,-0.5,-0.5
2016-01-21,0.29024842124024514,0.25,0.305,FREE,0.011505752876438187,0.005369415394214928,0.0,0.005369415394214928,FORCE_BUY,9108404.989467967,101.1,-0.5,-0.5
2016-01-22,0.24814521709012816,0.25,0.305,FORCE_BUY,0.016111818270831163,0.005183871472358018,0.0038186624889844875,0.016111818270831163,FORCE_BUY,9255157.955395406,103.7755,-0.5,-0.5
2016-01-25,0.35279151872620357,0.25,0.305,FORCE_SELL,-0.011912832929781996,-0.005830284291866057,0.0011622276029056805,0.0011622276029056805,FORCE_SELL,9265914.555440418,102.02,-0.5,-0.5
2016-01-26,0.2749948739227886,0.25,0.305,FREE,0.006768687463213547,0.0027663735805832,0.0,0.0027663735805832,FORCE_BUY,9328632.635127036,102.63,2.499999999999999,-0.5
2016-01-27,0.36462992811267547,0.25,0.305,FORCE_SELL,-0.010574757661803654,-0.024527551872068815,0.0,0.0,FORCE_SELL,9328632.635127036,101.05,1.5999999999999996,-0.5
2016-01-28,0.2810671434647212,0.25,0.305,FREE,-0.006005710347543532,0.009858908042828043,0.0,0.009858908042828043,FREE,9420602.766442077,100.96,2.4499999999999993,-0.5
2016-01-29,0.29150475350187693,0.25,0.305,FREE,0.021457965902410257,0.0051930237115422355,0.0051930237115422355,0.0051930237115422355,FORCE_BUY,9622749.739384543,104.25,1.6499999999999995,-0.5
2016-02-01,0.31426269431003245,0.25,0.305,FORCE_SELL,-0.0005750431282347363,-0.0005750431282347363,0.0,0.0,FORCE_SELL,9622749.739384543,104.28,2.0999999999999996,-0.5
2016-02-02,0.3308717986193821,0.25,0.305,FORCE_SELL,-0.01199198598515272,-0.007513080535316951,0.0,0.0,FORCE_SELL,9622749.739384543,102.08,2.0999999999999996,-0.5
2016-02-03,0.359299148457864,0.205,0.305,FORCE_SELL,-0.0029388714733542356,0.012215041251600538,0.0,0.0,FREE,9740292.024404952,101.78,2.3999999999999995,-0.5
2016-02-04,0.30640529962764324,0.205,0.305,FORCE_SELL,-0.0011841326228539085,0.004319090468042125,0.0,0.0,FREE,9782361.226843506,101.22,2.4499999999999993,-0.5
2016-02-05,0.31700454957754715,0.25,0.31,FORCE_SELL,-0.03502213477619275,-0.031104238449665075,0.0,0.0,FORCE_SELL,9782361.226843506,98.09,2.499999999999999,-0.5
2016-02-08,0.17874677058418234,0.25,0.31,FORCE_BUY,-0.008282340862423116,-0.008282340862423116,0.0,-0.008282340862423116,FORCE_SELL,9782361.226843506,96.5933,2.4499999999999993,-0.5
2016-02-09,0.2634538703483524,0.25,0.31,FREE,-0.0060831013506545935,0.002962588141507672,0.003093102381689035,0.002962588141507672,FORCE_SELL,9812619.0716528,96.4,2.4499999999999993,-0.5
2016-02-10,0.29537889687982377,0.25,0.31,FREE,-0.008240626287597851,-0.007828651763032329,0.0028842192006592656,-0.007828651763032329,FORCE_SELL,9840920.815988017,96.28,-0.5,-0.5
2016-02-11,0.23364186893897135,0.25,0.31,FORCE_BUY,0.018372703412073497,0.011327326101325743,-0.0033595800524932763,0.018372703412073497,FORCE_BUY,10021725.135441866,97.0,-0.5,-0.5
2016-02-12,0.18723073264116671,0.25,0.31,FORCE_BUY,0.006160164271047104,-0.00041067761806997023,-0.00041067761806997023,0.006160164271047104,FORCE_BUY,10083460.60855547,98.0,-0.5,2.2999999999999994
2016-02-16,0.18468772600280234,0.25,0.31,FORCE_BUY,0.005109196553796758,0.009323097204431984,-0.002404327790022094,0.005109196553796758,FREE,10177469.691966094,100.33,-0.5,2.2499999999999996
2016-02-17,0.21764455785975692,0.25,0.31,FORCE_BUY,0.025466893039049365,0.0056838928889175406,0.0036951962448816453,0.025466893039049365,FORCE_BUY,10436658.224019561,102.68,-0.5,2.2499999999999996
2016-02-18,0.24828210595059216,0.25,0.31,FORCE_BUY,-0.011221582593423703,0.0016921590944561798,0.0027319738511074596,-0.011221582593423703,FORCE_SELL,10465170.901380528,101.3399,-0.5,-0.5
2016-02-19,0.2100711725955352,0.245,0.31,FORCE_BUY,-0.0015724815724816638,0.009202455820516464,-0.0016707616707617573,-0.0015724815724816638,FREE,10561476.174254635,101.59,1.9999999999999996,-0.5
2016-02-22,0.21981358864020753,0.245,0.31,FORCE_BUY,0.0036146932395468563,0.004297375696600224,0.003223915592028147,0.0036146932395468563,FREE,10606862.8052861,102.73,2.0999999999999996,-0.5
2016-02-23,0.32023770803026075,0.245,0.31,FORCE_SELL,-0.007704101562500162,0.009060033047690364,0.003613281249999825,0.003613281249999825,FREE,10702961.33283431,101.6111,2.3999999999999995,-0.5
2016-02-24,0.28892184295143003,0.245,0.31,FREE,0.02180592724749723,0.004361185449499413,0.0,0.004361185449499413,FORCE_BUY,10936349.328990873,103.09,2.4499999999999993,1.5499999999999994
2016-02-25,0.2378581309926522,0.245,0.31,FORCE_BUY,0.01447574334898287,0.0047832008598214714,0.0,0.01447574334898287,FORCE_BUY,11094661.115052165,103.72,2.1999999999999993,-0.5
2016-02-26,0.3205977179726383,0.245,0.31,FORCE_SELL,-0.010543467842423054,-0.00816998738723792,0.0013418959072174208,0.0013418959072174208,FORCE_SELL,11109548.995394418,103.23,-0.5,1.1499999999999997
2016-02-29,0.3549435061020971,0.245,0.31,FORCE_SELL,0.001955034213098757,0.007908713112130908,0.0,0.0,FREE,11197411.231204154,102.5,2.1499999999999995,-0.5
2016-03-01,0.29079583034822204,0.245,0.31,FREE,0.0,0.0,0.0,0.0,FORCE_BUY,11197411.231204154,105.85,-0.5,-0.5
2016-03-02,0.21278803301997584,0.245,0.31,FORCE_BUY,0.003797588531282664,0.004467240455320681,0.0,0.003797588531282664,FREE,11247432.759651052,105.73,-0.5,-0.5
2016-03-03,0.22523328300877846,0.245,0.31,FORCE_BUY,-0.0036830673340258833,0.0044619511981121756,0.0004721881197468504,-0.0036830673340258833,FREE,11297618.255728662,105.5,-0.5,-0.5
2016-03-04,0.27304825667251403,0.245,0.31,FREE,9.483167377890172e-05,-0.002555327284576048,0.0030346135609292113,-0.002555327284576048,FORCE_SELL,11331902.161293697,105.46,1.6499999999999995,-0.5
2016-03-07,0.24002943225404835,0.245,0.31,FORCE_BUY,-0.004464709793863395,-0.004464709793863395,-0.004464709793863395,-0.004464709793863395,FORCE_BUY,11281308.506731067,104.8,1.4999999999999996,-0.5
2016-03-08,0.2940286506693088,0.245,0.31,FREE,0.000672107537205813,0.006817090734517436,0.006817090734517436,0.006817090734517436,FREE,11358214.210425537,104.22,1.4999999999999996,-0.5
2016-03-09,0.21494933278633724,0.245,0.31,FORCE_BUY,0.0,0.0,0.0,0.0,FORCE_BUY,11358214.210425537,104.8,2.499999999999999,-0.5
2016-03-10,0.30973133977309436,0.245,0.31,FREE,-0.0022865853658536675,-0.0022865853658536675,0.0,-0.0022865853658536675,FORCE_SELL,11358214.210425537,104.72,1.5999999999999996,1.9499999999999993
2016-03-11,0.2123897597382144,0.245,0.31,FORCE_BUY,0.005958573725527168,0.006143093220791314,0.0016078691005391489,0.005958573725527168,FREE,11427988.779141897,106.36,1.8499999999999996,2.349999999999999
2016-03-14,0.25304453873200794,0.245,0.31,FREE,0.0018791694071218722,-0.002348961758902661,-0.002348961758902661,-0.002348961758902661,FORCE_BUY,11449463.906040592,106.63,2.4499999999999993,-0.5
2016-03-15,0.22689732055949782,0.245,0.31,FORCE_BUY,0.0,0.0,0.0,0.0,FORCE_BUY,11449463.906040592,106.75,2.4499999999999993,-0.5
2016-03-16,0.2766435950455703,0.245,0.31,FREE,0.0,0.0,0.0,0.0,FORCE_BUY,11449463.906040592,107.51,-0.5,2.0999999999999996
2016-03-17,0.26132163683037196,0.245,0.31,FREE,0.0,0.0,0.0,0.0,FORCE_BUY,11449463.906040592,107.75,-0.5,2.0999999999999996
2016-03-18,0.25978562871327754,0.245,0.31,FREE,0.0034314624316608222,0.0022164890868084587,0.0,0.0022164890868084587,FORCE_BUY,11488752.311296828,107.26,-0.5,2.0999999999999996
2016-03-21,0.2765669360647575,0.245,0.31,FREE,0.007857811038353472,0.0072048774424826436,0.006641721234798728,0.0072048774424826436,FORCE_BUY,11579028.756025445,107.74,1.3999999999999995,-0.5
2016-03-22,0.3014502314057577,0.245,0.31,FREE,0.010183109118086694,0.008863197194261579,0.0,0.008863197194261579,FORCE_BUY,11696939.269329514,108.13,-0.5,1.5499999999999994
2016-03-23,0.34283301103566294,0.245,0.31,FORCE_SELL,-0.0063936249073387255,-0.0041727930934304285,0.0,0.0,FORCE_SELL,11696939.269329514,107.23,1.4499999999999995,1.4499999999999995
2016-03-24,0.27961554542690875,0.245,0.31,FREE,0.003836795807598805,0.003930376193149934,0.0,0.003930376193149934,FREE,11742912.640966408,107.27,-0.5,1.7499999999999996
2016-03-28,0.32935569526370795,0.245,0.31,FORCE_SELL,0.0019637179726950484,0.005141305024223645,0.0,0.0,FREE,11803286.536726428,107.15,1.8499999999999996,1.4499999999999995
2016-03-29,0.34588490673195516,0.245,0.31,FORCE_SELL,0.01832289426942136,0.004003059046996807,0.0,0.0,FORCE_BUY,12019556.907970551,108.93,-0.5,1.9499999999999993
2016-03-30,0.35337621623237475,0.245,0.31,FORCE_SELL,-0.0003659987190044779,-0.0003659987190044779,0.0,0.0,FORCE_SELL,12019556.907970551,109.25,1.6999999999999993,2.0499999999999994
2016-03-31,0.34761834306005385,0.245,0.31,FORCE_SELL,0.0,0.0,0.0,0.0,FORCE_BUY,12019556.907970551,109.27,2.1499999999999995,2.4499999999999993
2016-04-01,0.36946093907431976,0.245,0.31,FORCE_SELL,0.016099356025758883,0.007856597373347707,0.0,0.0,FORCE_BUY,12213064.033903839,110.45,1.3999999999999995,-0.5
2016-04-04,0.34082894302679206,0.245,0.31,FORCE_SELL,-0.004897070826154031,-0.004897070826154031,0.0,0.0,FORCE_SELL,12213064.033903839,109.73,1.6499999999999995,2.499999999999999
2016-04-05,0.3525586585057532,0.245,0.31,FORCE_SELL,0.0013746334310850376,0.001650165293901886,0.0,0.0,FREE,12233217.608304787,109.27,1.5499999999999994,-0.5
2016-04-06,0.3345678922865831,0.245,0.31,FORCE_SELL,0.0,0.0,0.0,0.0,FORCE_BUY,12233217.608304787,110.57,1.7999999999999994,-0.5
2016-04-07,0.40834299160035936,0.245,0.31,FORCE_SELL,-0.0010099155343371766,-0.0010099155343371766,0.0,0.0,FORCE_SELL,12233217.608304787,108.81,1.7499999999999996,2.1999999999999993
2016-04-08,0.3594828593718329,0.245,0.31,FORCE_SELL,0.003681207436039054,0.0020246640898215194,0.0,0.0,FORCE_BUY,12278250.619931163,109.06,1.6999999999999993,-0.5
2016-04-11,0.4256607918275674,0.245,0.31,FORCE_SELL,-0.009137426900584812,-0.008684978237069008,0.0,0.0,FORCE_SELL,12278250.619931163,108.44,1.4499999999999995,1.2999999999999996
2016-04-12,0.3290547378175357,0.245,0.31,FORCE_SELL,0.0,0.0,0.0,0.0,FORCE_BUY,12278250.619931163,109.58,2.4499999999999993,-0.5
2016-04-13,0.3065867426176023,0.245,0.31,FREE,9.013881377322377e-05,9.013881377322377e-05,0.0,9.013881377322377e-05,FORCE_BUY,12279357.366877254,110.95,1.8499999999999996,1.8999999999999995
2016-04-14,0.330892116844915,0.245,0.31,FORCE_SELL,0.0006314839873704116,0.0006314839873704116,0.0006314839873704116,0.0006314839873704116,FORCE_BUY,12287111.584429637,110.92,1.5999999999999996,2.1499999999999995
2016-04-15,0.323948363003795,0.245,0.31,FORCE_SELL,-0.0014440433212996899,0.00017913659120053643,0.00018050541516232294,0.00018050541516232294,FORCE_SELL,12289329.474607328,110.64,0.9499999999999997,1.5999999999999996
2016-04-18,0.30932302616059976,0.245,0.31,FREE,0.006979695431472229,0.00806808632744839,0.0,0.00806808632744839,FREE,12388480.845714917,111.09,0.9499999999999997,1.5999999999999996
2016-04-19,0.37189315111998456,0.245,0.31,FORCE_SELL,-0.011554998208527548,-0.00833654625040399,0.0,0.0,FORCE_SELL,12388480.845714917,110.35,-0.5,1.7499999999999996
2016-04-20,0.3480107552980276,0.245,0.31,FORCE_SELL,0.0,0.0,0.0,0.0,FORCE_BUY,12388480.845714917,110.65,2.0499999999999994,1.9999999999999996
2016-04-21,0.3553308342056935,0.245,0.31,FORCE_SELL,-0.007752640884979661,-0.004411132530810872,0.0,0.0,FORCE_SELL,12388480.845714917,109.43,1.7499999999999996,-0.5
2016-04-22,0.3400919575187619,0.245,0.31,FORCE_SELL,-0.00620098486230156,-0.00620098486230156,0.0,0.0,FORCE_SELL,12388480.845714917,108.98,1.2499999999999996,-0.5
2016-04-25,0.2855055840926502,0.245,0.31,FREE,0.0073855243722304375,0.002861890694239228,0.0,0.002861890694239228,FORCE_BUY,12479976.272935856,109.12,2.1499999999999995,-0.5
2016-04-26,0.35925598494679156,0.245,0.31,FORCE_SELL,-0.007567368032484202,-0.000760134750943025,0.0,0.0,FORCE_SELL,12479976.272935856,107.54,2.1499999999999995,-0.5
2016-04-27,0.3209968931451101,0.245,0.31,FORCE_SELL,0.006511022230490101,0.0013952190493906802,0.0,0.0,FORCE_BUY,12561233.67588493,108.21,2.3999999999999995,0.8999999999999997
2016-04-28,0.46551256514057743,0.245,0.31,FORCE_SELL,0.003468966810425664,0.003468966810425664,0.0,0.0,FORCE_BUY,12604808.178604577,107.03,2.349999999999999,0.7499999999999998
2016-04-29,0.3352797407471755,0.245,0.31,FORCE_SELL,-0.0012278050623345498,-0.004637325273894939,0.0,0.0,FORCE_SELL,12604808.178604577,105.75,2.2999999999999994,1.2499999999999996
2016-05-02,0.33757619409021505,0.245,0.31,FORCE_SELL,-0.00028118849001778165,-0.00028118849001778165,0.0,0.0,FORCE_SELL,12604808.178604577,106.66,2.3999999999999995,1.8499999999999996
2016-05-03,0.37580682367425555,0.245,0.31,FORCE_SELL,0.0006612507084829605,0.0017003589646704476,0.0,0.0,FREE,12626240.877189018,105.93,2.3999999999999995,1.8499999999999996
2016-05-04,0.2725399379757986,0.245,0.31,FREE,-0.003124704099990561,-0.00070905116044118,0.0,-0.00070905116044118,FORCE_SELL,12626240.877189018,105.28,-0.5,-0.5
2016-05-05,0.3379154811558757,0.245,0.31,FORCE_SELL,-0.008317580340264542,-0.007085425149326954,0.0,0.0,FORCE_SELL,12626240.877189018,104.92,-0.5,-0.5
2016-05-06,0.21999238342372096,0.245,0.31,FORCE_BUY,0.011140329906765363,0.003585943103036065,0.0,0.011140329906765363,FORCE_BUY,12766901.36604319,105.74,1.6499999999999995,-0.5
2016-05-09,0.3230106582001376,0.245,0.31,FORCE_SELL,0.001799242424242581,0.004166666666666801,0.004166666666666801,0.004166666666666801,FREE,12820096.788401706,105.79,1.5999999999999996,-0.5
2016-05-10,0.2843286440326045,0.245,0.31,FREE,0.0,0.0,0.0,0.0,FORCE_BUY,12820096.788401706,107.23,1.5999999999999996,-0.5
2016-05-11,0.3875972398213352,0.245,0.31,FORCE_SELL,0.0,0.0,0.0,0.0,FORCE_BUY,12820096.788401706,106.28,1.5999999999999996,-0.5
2016-05-12,0.3596568379109882,0.245,0.31,FORCE_SELL,-0.007497656982193068,-0.007779756326148083,0.0,0.0,FORCE_SELL,12820096.788401706,105.9,1.2499999999999996,-0.5
2016-05-13,0.38548787902264015,0.245,0.31,FORCE_SELL,0.0014246367176369984,0.0008547820305820758,0.0,0.0,FORCE_BUY,12838360.769010123,105.44,1.4499999999999995,1.9999999999999996
2016-05-16,0.3486601754090604,0.245,0.31,FORCE_SELL,0.0,0.0,0.0,0.0,FORCE_BUY,12838360.769010123,106.76,1.3499999999999996,2.0999999999999996
2016-05-17,0.4205815820724384,0.245,0.31,FORCE_SELL,0.00018957345971555998,0.00018957345971555998,0.0,0.0,FORCE_BUY,12840794.58147818,105.52,1.3499999999999996,2.0999999999999996
2016-05-18,0.368155563002043,0.245,0.31,FORCE_SELL,0.006938503944492005,0.006130595950955299,0.0,0.0,FORCE_BUY,12929890.485332178,105.94,1.3499999999999996,2.0999999999999996
2016-05-19,0.3292869326892567,0.245,0.31,FORCE_SELL,0.001425719988594313,0.004485141648926885,0.0,0.0,FREE,12987882.875664005,105.36,0.7999999999999998,-0.5
2016-05-20,0.32025119030752186,0.245,0.31,FORCE_SELL,-0.00253069641016023,0.0014074482413025146,0.0,0.0,FREE,13006162.6485756,106.42,0.9999999999999996,-0.5
2016-05-23,0.349791876853522,0.245,0.31,FORCE_SELL,0.0,0.0,0.0,0.0,FORCE_BUY,13006162.6485756,106.28,2.499999999999999,2.4499999999999993
2016-05-24,0.3241320961925371,0.245,0.31,FORCE_SELL,0.016933295911684954,0.014970625433801893,0.0,0.0,FORCE_BUY,13226399.849379435,108.7,1.0499999999999996,2.499999999999999
2016-05-25,0.30292026994752125,0.25,0.31,FREE,0.0023868539428991676,0.0032126944487108245,0.0,0.0032126944487108245,FREE,13268892.230751965,109.19,1.2999999999999996,2.349999999999999
2016-05-26,0.27047769789786763,0.25,0.31,FREE,0.0036593175372792307,0.0008233464458879305,0.0008233464458879305,0.0008233464458879305,FORCE_BUY,13317447.320792224,109.71,1.2499999999999996,-0.5
2016-05-27,0.2602323762099202,0.295,0.315,FORCE_BUY,0.00327928584441606,0.0011841865549279706,0.0,0.00327928584441606,FORCE_BUY,13361119.037275055,110.14,0.34999999999999987,-0.5
2016-05-31,0.3118211370383928,0.295,0.315,FREE,0.0013604208235079003,0.002052182937508928,0.00036277888626861065,0.002052182937508928,FREE,13388538.497789375,110.41,0.2999999999999998,-0.5
2016-06-01,0.30758472032079365,0.295,0.315,FREE,0.0007252946509518889,0.005469667964553866,0.0010879419764279095,0.005469667964553866,FREE,13461769.35790293,110.38,0.2999999999999998,-0.5
2016-06-02,0.29235094012787244,0.295,0.315,FORCE_BUY,0.005266981474754738,0.001543770432255665,0.001543770432255665,0.005266981474754738,FORCE_BUY,13532672.247728426,110.7,2.1999999999999993,1.4999999999999996
2016-06-03,0.3208214284199224,0.295,0.315,FORCE_SELL,-0.004253393665158324,-0.001176470588235207,-0.001176470588235207,-0.001176470588235207,FREE,13516751.456848746,110.03,2.1999999999999993,1.3499999999999996
2016-06-06,0.2994392579106112,0.295,0.315,FREE,0.0,0.0,0.0,0.0,FORCE_BUY,13516751.456848746,110.39,2.3999999999999995,2.1999999999999993
2016-06-07,0.3569556904082536,0.295,0.315,FORCE_SELL,0.0,0.0,0.0,0.0,FORCE_BUY,13516751.456848746,110.14,2.3999999999999995,2.1999999999999993
2016-06-08,0.2765920170780202,0.295,0.315,FORCE_BUY,0.001816365452729082,0.0019525928616837443,0.0,0.001816365452729082,FREE,13543144.169256542,110.31,1.4999999999999996,-0.5
2016-06-09,0.2703807089776839,0.295,0.315,FORCE_BUY,0.0002724795640326586,0.0002724795640326586,0.0002724795640326586,0.0002724795640326586,FORCE_BUY,13546834.399275413,110.13,1.3999999999999995,1.9499999999999993
2016-06-10,0.37971006980292826,0.295,0.315,FORCE_SELL,-0.006202681747696774,-0.006202681747696774,-0.006202681747696774,-0.006202681747696774,FORCE_BUY,13462807.696807956,108.95,-0.5,1.2999999999999996
2016-06-13,0.4273657769620128,0.295,0.315,FORCE_SELL,-0.005069124423963075,-0.002405142200945498,0.00018433179723494539,0.00018433179723494539,FORCE_SELL,13465289.320346538,107.95,2.349999999999999,-0.5
2016-06-14,0.3117869812057505,0.295,0.315,FREE,0.0006492904183284198,0.0005565346442815687,0.0,0.0005565346442815687,FORCE_BUY,13474032.203682259,107.88,2.349999999999999,-0.5
2016-06-15,0.3896571845515571,0.295,0.315,FORCE_SELL,-0.004709576138147624,0.003190059361126266,0.0,0.0,FREE,13517015.166245732,107.78,2.0499999999999994,0.7499999999999998
2016-06-16,0.30773310335128534,0.295,0.315,FREE,0.011967090501121908,0.003085265519820611,0.0,0.003085265519820611,FORCE_BUY,13678774.510045234,108.24,2.0999999999999996,0.8999999999999997
2016-06-17,0.2872559927666681,0.295,0.315,FORCE_BUY,-0.004956977179199367,-0.004956977179199367,0.0,-0.004956977179199367,FORCE_SELL,13678774.510045234,106.39,2.499999999999999,1.7999999999999994
2016-06-20,0.3652939489611398,0.295,0.315,FORCE_SELL,-0.0022342208154905448,-0.0022342208154905448,-0.0022342208154905448,-0.0022342208154905448,FORCE_BUY,13648213.10730449,107.18,2.0999999999999996,2.0999999999999996
2016-06-21,0.2731091095584259,0.295,0.315,FORCE_BUY,-0.003439940498326466,0.00037188545927850804,0.00037188545927850804,-0.003439940498326466,FREE,13653288.67930423,107.19,2.0999999999999996,-0.5
2016-06-22,0.41227396458533844,0.295,0.315,FORCE_SELL,0.0041958041958042305,0.004570356657937037,0.0013053613053612618,0.0013053613053612618,FREE,13715689.078122426,107.7,1.1999999999999997,-0.5
2016-06-23,0.2771595448929503,0.295,0.315,FORCE_BUY,0.0037864794975988087,-0.0005357906294332046,0.0,0.0037864794975988087,FORCE_BUY,13767623.253612176,108.69,0.9499999999999997,1.6999999999999993
2016-06-24,0.44299301478856595,0.295,0.315,FORCE_SELL,-0.016856060606060708,-0.01234704645482022,-0.006439393939393935,-0.006439393939393935,FORCE_SELL,13678968.103873005,103.82,0.4999999999999998,2.1999999999999993
2016-06-27,0.31606097273926653,0.295,0.315,FORCE_SELL,-0.014262310879830284,-0.007638890824392457,0.0,0.0,FORCE_SELL,13678968.103873005,102.29,1.2499999999999996,-0.5
2016-06-28,0.29413068190003316,0.295,0.315,FORCE_BUY,0.00057465759984671,0.00057465759984671,0.0,0.00057465759984671,FORCE_BUY,13686828.826851957,104.47,-0.5,-0.5
2016-06-29,0.30737254886087495,0.295,0.315,FREE,0.015148628048780555,9.527439024402505e-05,9.527439024402505e-05,9.527439024402505e-05,FORCE_BUY,13894165.505917264,106.55,-0.5,2.499999999999999
2016-06-30,0.3025472885614207,0.295,0.315,FREE,0.010263653483992536,0.010357894316566491,0.0,0.010357894316566491,FREE,14038079.803844439,107.29,-0.5,2.499999999999999
2016-07-01,0.3344061757029324,0.295,0.315,FORCE_SELL,0.00876783882100558,0.007356920654739213,0.0015856729782670307,0.0015856729782670307,FORCE_BUY,14161163.42492096,108.15,-0.5,2.499999999999999
2016-07-05,0.32322147742029683,0.295,0.315,FORCE_SELL,-0.0025092936802974023,-0.0006514231153510214,0.0,0.0,FORCE_SELL,14161163.42492096,107.33,-0.5,1.1499999999999997
2016-07-06,0.3650075824653647,0.295,0.315,FORCE_SELL,0.011401869158878381,-0.0001857511664727322,0.0,0.0,FORCE_BUY,14322627.157429403,108.22,2.2499999999999996,-0.5
2016-07-07,0.3818775304303572,0.295,0.315,FORCE_SELL,0.0,0.0,0.0,0.0,FORCE_BUY,14322627.157429403,108.66,2.2499999999999996,-0.5
2016-07-08,0.35470858321680027,0.295,0.315,FORCE_SELL,0.0,0.0,0.0,0.0,FORCE_BUY,14322627.157429403,110.24,2.2499999999999996,-0.5
2016-07-11,0.21658569054694485,0.295,0.315,FORCE_BUY,0.0,0.0,0.0,0.0,FORCE_BUY,14322627.157429403,110.98,2.2499999999999996,-0.5
2016-07-12,0.22000267710631258,0.295,0.315,FORCE_BUY,0.0,0.0,0.0,0.0,FORCE_BUY,14322627.157429403,111.45,1.2499999999999996,-0.5
2016-07-13,0.23188819224507062,0.295,0.315,FORCE_BUY,-0.002110557276932144,-0.0017342589361971777,0.0,-0.002110557276932144,FORCE_SELL,14322627.157429403,111.11,1.2499999999999996,-0.5
2016-07-14,0.17851508881483247,0.295,0.315,FORCE_BUY,-0.000804649083594119,0.0005358330077882746,0.000983459991059393,-0.000804649083594119,FORCE_SELL,14336712.888205595,111.76,2.2999999999999994,1.8999999999999995
2016-07-15,0.19572457991352812,0.295,0.315,FORCE_BUY,-0.007416011436740472,-0.0007194066857868129,0.0004467476769121082,-0.007416011436740472,FORCE_SELL,14343117.781382957,111.09,1.5499999999999994,1.8999999999999995
2016-07-18,0.17873148392055882,0.295,0.315,FORCE_BUY,0.006893464637421543,0.0023231934825170453,0.0013428827215755791,0.006893464637421543,FORCE_BUY,14441991.556599291,112.47,1.3499999999999996,2.2499999999999996
2016-07-19,0.24835669891629597,0.295,0.315,FORCE_BUY,0.002051739518287157,-0.00035682426404994705,-0.00035682426404994705,0.002051739518287157,FORCE_BUY,14471622.761398735,112.33,1.3499999999999996,2.2499999999999996
2016-07-20,0.18898579819504327,0.295,0.315,FORCE_BUY,0.009694059053717504,0.0010672358591248417,0.0010672358591248417,0.009694059053717504,FORCE_BUY,14611911.527050857,113.53,2.2999999999999994,1.6499999999999995
2016-07-21,0.240826150256645,0.295,0.315,FORCE_BUY,-0.003523918597480468,-0.0037882124922914537,-0.0037882124922914537,-0.003523918597480468,FORCE_BUY,14560420.340275943,113.11,1.8499999999999996,2.499999999999999
2016-07-22,0.18557339795878147,0.295,0.315,FORCE_BUY,0.0019412335656931394,0.003607043692356073,-0.0008823788934967709,0.0019412335656931394,FREE,14612940.412622388,113.55,1.0999999999999996,-0.5
2016-07-25,0.1722739731931794,0.295,0.315,FORCE_BUY,-0.0007039774727208564,0.0010580693384786548,-0.0014079549454417129,-0.0007039774727208564,FREE,14628401.916818,113.56,-0.5,-0.5
2016-07-26,0.16715835962287395,0.295,0.315,FORCE_BUY,0.0023799876684577966,0.0009689068968555481,0.0009689068968555481,0.0023799876684577966,FORCE_BUY,14663217.332989272,113.8002,1.7999999999999994,1.4999999999999996
2016-07-27,0.17139222451946987,0.295,0.315,FORCE_BUY,0.0027947598253274457,0.0003493449781660814,0.0003493449781660814,0.0027947598253274457,FORCE_BUY,14704197.503701556,114.82,1.3499999999999996,-0.5
2016-07-28,0.15547291122553883,0.295,0.315,FORCE_BUY,0.002869814766501406,8.69640838334123e-05,8.69640838334123e-05,0.002869814766501406,FORCE_BUY,14746395.826827232,115.32,1.3499999999999996,-0.5
2016-07-29,0.17280528967969103,0.295,0.315,FORCE_BUY,0.0024339360222529224,0.002782539611689886,0.0015646731571626145,0.0024339360222529224,FREE,14787428.257345036,115.32,1.3499999999999996,-0.5
2016-08-01,0.18106341195153575,0.295,0.315,FORCE_BUY,0.0045091918140827475,0.0023413111342353793,0.0023413111342353793,0.0045091918140827475,FORCE_BUY,14854107.607794391,115.84,1.3499999999999996,-0.5
2016-08-02,0.26947291945146773,0.295,0.315,FORCE_BUY,-0.006141868512110696,-0.006595510140330723,-0.00017301038062275873,-0.006141868512110696,FORCE_SELL,14851537.692983355,114.89,1.3499999999999996,-0.5
2016-08-03,0.1682064375069501,0.295,0.315,FORCE_BUY,0.004616322619980918,0.006275834890001595,0.00348401707168357,0.004616322619980918,FREE,14944743.491407154,115.34,0.9499999999999997,1.5499999999999994
2016-08-04,0.1876236357131775,0.295,0.315,FORCE_BUY,0.005033848290227349,0.00599193584817805,0.0024301336573512473,0.005033848290227349,FREE,15034291.435675144,115.8,1.4999999999999996,1.4999999999999996
2016-08-05,0.1738433892283587,0.295,0.315,FORCE_BUY,0.006033962589431879,-0.0011114095562915047,0.00017239893112654862,0.006033962589431879,FORCE_BUY,15125007.787756624,116.71,-0.5,1.0999999999999996
2016-08-08,0.1834866605970463,0.295,0.315,FORCE_BUY,-0.002651839178785335,-0.0021385359565406956,-0.0022241231822070365,-0.002651839178785335,FREE,15092662.414759548,116.59,1.0499999999999996,1.5999999999999996
2016-08-09,0.17010873501717996,0.295,0.315,FORCE_BUY,0.001286008230452608,0.0007716049382716239,0.0007716049382716239,0.001286008230452608,FORCE_BUY,15112071.702844372,116.79,2.0499999999999994,1.3499999999999996
2016-08-10,0.2081605061423338,0.295,0.315,FORCE_BUY,-0.0029927319367251373,-0.0029927319367251373,-0.0029927319367251373,-0.0029927319367251373,FORCE_BUY,15066845.32322919,116.6,1.6999999999999993,2.3999999999999995
2016-08-11,0.1513938404472371,0.295,0.315,FORCE_BUY,0.0032331020303263533,0.0028552950262694205,0.000342671121391089,0.0032331020303263533,FORCE_BUY,15115557.971434336,117.1074,-0.5,1.7999999999999994
2016-08-12,0.1513163712708789,0.295,0.315,FORCE_BUY,0.00012032770097294079,-0.000605905444615222,-0.000605905444615222,0.00012032770097294079,FORCE_BUY,15117376.791773962,117.1941,2.1499999999999995,1.8999999999999995
2016-08-15,0.16146661787143698,0.295,0.315,FORCE_BUY,0.0015321756894789511,-0.0006809669731017887,-0.0006809669731017887,0.0015321756894789511,FORCE_BUY,15140539.268983012,117.66,2.1499999999999995,1.8999999999999995
2016-08-16,0.24434585976470538,0.295,0.315,FORCE_BUY,-0.0022998296422487787,-0.0022998296422487787,-0.0022998296422487787,-0.0022998296422487787,FORCE_BUY,15105718.607972573,117.13,2.1499999999999995,1.8999999999999995
2016-08-17,0.2138325993658402,0.295,0.315,FORCE_BUY,0.0017086715079025659,0.0023928403264855624,0.0013669372063220527,0.0017086715079025659,FREE,15141864.180618271,117.25,2.0499999999999994,-0.5
2016-08-18,0.19668598718183028,0.295,0.315,FORCE_BUY,0.00110921501706471,-3.4921240986172504e-07,0.001023890784982764,0.00110921501706471,FORCE_BUY,15158659.763753766,117.33,1.8999999999999995,-0.5
2016-08-19,0.20691011509292292,0.295,0.315,FORCE_BUY,0.0015368852459015298,0.0019630702256804564,0.002817622950819643,0.0015368852459015298,FORCE_SELL,15201371.151407786,117.3,1.1499999999999997,1.4499999999999995
2016-08-22,0.15552153483757425,0.295,0.315,FORCE_BUY,-0.000766609880749593,0.0025768272566808925,0.000511073253832964,-0.000766609880749593,FREE,15240542.458929656,117.31,-0.5,-0.5
2016-08-23,0.13998892301388002,0.295,0.315,FORCE_BUY,0.0005954912803063488,0.0024685919874253143,0.0012760527435134788,0.0005954912803063488,FREE,15278165.139927784,117.62,-0.5,0.6999999999999997
2016-08-24,0.23408852634280022,0.295,0.315,FORCE_BUY,-0.006465333900467882,-0.005365699771402936,0.0009357720119097671,-0.006465333900467882,FORCE_SELL,15292462.019259065,116.79,-0.5,0.7999999999999998
2016-08-25,0.174575707264621,0.295,0.315,FORCE_BUY,0.0006861651942705046,0.0006861651942705046,0.0006861651942705046,0.0006861651942705046,FORCE_BUY,15302955.174431384,116.67,0.9499999999999997,-0.5
2016-08-26,0.2578569193661006,0.25,0.315,FREE,8.571183680469768e-05,0.003192765920973658,0.003192765920973658,0.003192765920973658,FREE,15351813.928202495,116.68,1.5999999999999996,-0.5
2016-08-29,0.1888794737771782,0.25,0.315,FORCE_BUY,0.0,0.0,0.0,0.0,FORCE_BUY,15351813.928202495,117.04,1.4499999999999995,1.8499999999999996
2016-08-30,0.18400299586151192,0.25,0.315,FORCE_BUY,-0.0014568514868455412,-0.0014568514868455412,0.0,-0.0014568514868455412,FORCE_SELL,15351813.928202495,116.52,1.4499999999999995,1.8499999999999996
2016-08-31,0.21599169967320195,0.25,0.315,FORCE_BUY,-0.00034337711391523116,-0.00034337711391523116,-0.00034337711391523116,-0.00034337711391523116,FORCE_BUY,15346542.466642465,116.45,1.4499999999999995,1.8499999999999996
2016-09-01,0.22423386483083027,0.25,0.315,FORCE_BUY,-0.0024805405867759753,0.0011158767246561992,0.0003421435292106721,-0.0024805405867759753,FREE,15363667.31618494,116.62,1.4499999999999995,1.0999999999999996
2016-09-02,0.32127625800833565,0.25,0.315,FORCE_SELL,0.003229398663697065,-0.0030681349041189643,0.0005139626520472427,0.0005139626520472427,FORCE_BUY,15413282.722885314,117.117,-0.5,1.2499999999999996
2016-09-06,0.2552218409442712,0.295,0.315,FORCE_BUY,0.005631399317406131,0.0033276450511944924,0.0,0.005631399317406131,FORCE_BUY,15500081.07268996,117.86,-0.5,1.2999999999999996
2016-09-07,0.2654693482800889,0.295,0.315,FORCE_BUY,-0.0008476012883540851,4.238006441753604e-05,4.238006441753604e-05,-0.0008476012883540851,FREE,15500737.967124298,117.88,-0.5,1.2999999999999996
2016-09-08,0.28788890398526973,0.295,0.315,FORCE_BUY,-0.007797270955165748,-0.004856366645034571,0.00016950589032977285,-0.007797270955165748,FORCE_SELL,15503365.433514183,117.07,-0.5,1.2999999999999996
2016-09-09,0.5391820919126623,0.25,0.315,FORCE_SELL,-0.026403486285567816,-0.026403486285567816,-0.026403486285567816,-0.026403486285567816,FORCE_BUY,15094022.536910247,113.94,1.4999999999999996,-0.5
2016-09-12,0.41954511342800377,0.25,0.315,FORCE_SELL,0.023327464788732315,0.023327464788732315,0.023327464788732315,0.023327464788732315,FORCE_BUY,15446127.816160353,116.25,2.499999999999999,-0.5
2016-09-13,0.43169079499298674,0.25,0.315,FORCE_SELL,-0.002851711026615964,0.0009612293926333841,0.0006913238852402788,0.0006913238852402788,FREE,15460975.088219617,115.39,2.499999999999999,-0.5
2016-09-14,0.3856422351406487,0.25,0.315,FORCE_SELL,0.00017281603732835472,0.004929836028365401,0.0,0.0,FREE,15537195.160243182,115.75,1.2999999999999996,1.2999999999999996
2016-09-15,0.39059540700223644,0.25,0.315,FORCE_SELL,0.013036346369679857,0.004925728493560814,0.0,0.0,FORCE_BUY,15739743.417965425,117.34,-0.5,1.0999999999999996
2016-09-16,0.3040557446424535,0.25,0.315,FREE,0.0,0.0,0.0,0.0,FORCE_BUY,15739743.417965425,117.39,1.9499999999999993,1.9499999999999993
2016-09-19,0.4019104210943487,0.295,0.315,FORCE_SELL,-0.0083227176220807,0.0008378111359175492,0.0,0.0,FREE,15752930.350277482,116.77,1.0499999999999996,2.1499999999999995
2016-09-20,0.35102033247927583,0.295,0.315,FORCE_SELL,0.00042731390479440224,0.003078968827024425,0.0,0.0,FREE,15801433.131760275,117.06,1.3499999999999996,-0.5
2016-09-21,0.345988296915868,0.295,0.315,FORCE_SELL,0.0,0.0,0.0,0.0,FORCE_BUY,15801433.131760275,118.11,1.3499999999999996,-0.5
2016-09-22,0.154866897388759,0.295,0.315,FORCE_BUY,0.004132928475033663,0.001265182186234737,0.0,0.004132928475033663,FORCE_BUY,15866739.324696869,119.05,1.0499999999999996,2.2499999999999996
2016-09-23,0.23568187550607786,0.295,0.315,FORCE_BUY,-0.006051945868706426,-0.005298891530194632,-0.0007564932335883403,-0.006051945868706426,FORCE_SELL,15854736.243758624,118.25,1.0499999999999996,2.2499999999999996
2016-09-26,0.2355559113738794,0.295,0.315,FORCE_BUY,-0.004583262603972109,-0.004583262603972109,-0.004583262603972109,-0.004583262603972109,FORCE_BUY,15782069.824036764,117.28,1.4499999999999995,-0.5
2016-09-27,0.21070523777426828,0.295,0.315,FORCE_BUY,0.006797518905599523,0.004159575029869043,0.0007647208768799802,0.006797518905599523,FORCE_BUY,15889348.742035147,118.49,1.4499999999999995,-0.5
2016-09-28,0.1830554190793249,0.295,0.315,FORCE_BUY,-8.423890152457983e-05,0.003721059575315194,0.000505433409148372,-8.423890152457983e-05,FREE,15948473.95531722,118.7,-0.5,-0.5
2016-09-29,0.29318939934225996,0.295,0.315,FORCE_BUY,-0.007408030979038594,-1.1588745315526003e-05,-0.0010943682128125853,-0.007408030979038594,FREE,15948289.132514382,117.91,1.4999999999999996,2.0499999999999994
2016-09-30,0.23993383819999684,0.25,0.315,FORCE_BUY,0.00917821024900134,0.007864608641782234,0.0059488399762046605,0.00917821024900134,FORCE_BUY,16094665.88328446,118.75,1.5499999999999994,-0.5
2016-10-03,0.19671385147717968,0.25,0.315,FORCE_BUY,-0.0003369272237195459,-0.00042032799864721117,-0.0011792452830187829,-0.0003369272237195459,FORCE_BUY,16089243.152191712,118.68,1.3999999999999995,-0.5
2016-10-04,0.27478897568591304,0.25,0.315,FREE,-0.004794751009421227,-0.002110221972272136,0.0005888290713324678,-0.002110221972272136,FORCE_SELL,16098716.96629546,118.31,1.1999999999999997,1.4999999999999996
2016-10-05,0.24145619036274316,0.25,0.315,FORCE_BUY,0.004140961717231443,0.006085127567401909,0.0025352826840192083,0.004140961717231443,FREE,16196679.712706866,118.82,1.1999999999999997,2.1999999999999993
2016-10-06,0.19755530654074827,0.25,0.315,FORCE_BUY,-0.0014315789473683478,-0.0014315789473683478,-0.0014315789473683478,-0.0014315789473683478,FORCE_BUY,16173492.887012886,118.58,1.1499999999999997,2.2999999999999994
2016-10-07,0.21837404675154207,0.25,0.315,FORCE_BUY,-0.00016880486158011857,-0.00016880486158011857,-0.00016880486158011857,-0.00016880486158011857,FORCE_BUY,16170762.722784827,118.46,1.3999999999999995,2.4499999999999993
2016-10-10,0.17291486053384286,0.25,0.315,FORCE_BUY,0.005731142014327858,0.0013848375296132297,8.428150021068196e-05,0.005731142014327858,FORCE_BUY,16263439.660429103,119.33,1.1499999999999997,-0.5
2016-10-11,0.3110783919854299,0.25,0.315,FREE,-0.012089665015531841,-0.013932670227786995,0.0,-0.013932670227786995,FORCE_SELL,16263439.660429103,117.67,1.1499999999999997,-0.5
2016-10-12,0.19784651079431023,0.25,0.31,FORCE_BUY,0.0,0.0,0.0,0.0,FORCE_BUY,16263439.660429103,117.28,1.9999999999999996,-0.5
2016-10-13,0.20970969469487188,0.25,0.31,FORCE_BUY,0.0031740585056189707,-0.002445431049462984,0.0,0.0031740585056189707,FORCE_BUY,16315060.76941391,116.94,1.5499999999999994,1.0999999999999996
2016-10-14,0.2445980018166628,0.25,0.31,FORCE_BUY,0.0002563226247435992,0.010967567528179557,0.006664388243335516,0.0002563226247435992,FREE,16493997.30012881,117.07,1.6999999999999993,-0.5
2016-10-17,0.21090675257027283,0.25,0.31,FORCE_BUY,0.0021367521367521808,0.0041092934546079875,0.000683760683760674,0.0021367521367521808,FREE,16561775.975274554,117.25,1.6999999999999993,1.3499999999999996
2016-10-18,0.22361611805364587,0.25,0.31,FORCE_BUY,-0.0003399048266485335,-0.004063033672731846,0.00016995241332426676,-0.0003399048266485335,FORCE_SELL,16564590.689070487,117.64,1.4999999999999996,1.8999999999999995
2016-10-19,0.18235233814393972,0.25,0.31,FORCE_BUY,0.0029799914857384954,0.003916242326398998,0.004257130693912242,0.0029799914857384954,FORCE_SELL,16635108.316525023,117.8,1.0499999999999996,1.9499999999999993
2016-10-20,0.1750562778781397,0.25,0.31,FORCE_BUY,0.0022046977020264463,0.0005078012884606175,0.00042398032731273265,0.0022046977020264463,FORCE_BUY,16671783.701603428,118.19,1.4499999999999995,1.3999999999999995
2016-10-21,0.1630997306473543,0.25,0.31,FORCE_BUY,0.0013554727211114682,0.002744662368510042,-0.0004235852253474077,0.0013554727211114682,FREE,16717542.118945159,118.2,1.1499999999999997,1.3999999999999995
2016-10-24,0.13024726507190906,0.25,0.31,FORCE_BUY,0.006818181818181941,0.0,0.0,0.006818181818181941,FORCE_BUY,16831525.36066524,119.61,0.9499999999999997,1.6499999999999995
2016-10-25,0.17944899462685704,0.25,0.31,FORCE_BUY,-0.008760220256966409,-0.0038406563670807183,0.0001668613382279302,-0.008760220256966409,FORCE_SELL,16834333.89151134,118.81,0.9499999999999997,1.6499999999999995
2016-10-26,0.22175569463190534,0.25,0.31,FORCE_BUY,-0.0036201380703823876,8.889018045544448e-05,-0.00117864960431062,-0.0036201380703823876,FREE,16835830.298488803,118.35,2.1499999999999995,-0.5
2016-10-27,0.26800996107809266,0.25,0.31,FREE,-0.0066762444012505705,0.0038198907239513635,0.0021972449928168154,0.0038198907239513635,FREE,16900141.33047602,117.54,1.9499999999999993,-0.5
2016-10-28,0.26899477938811023,0.25,0.31,FREE,0.0002561694133720799,-0.0030916127794296407,0.0016224062846894954,-0.0030916127794296407,FORCE_SELL,16927560.225982726,117.14,1.3499999999999996,2.499999999999999
2016-10-31,0.2533436979892494,0.25,0.31,FREE,-0.0033188664794485583,-0.002216624477256367,0.0,-0.002216624477256367,FORCE_SELL,16927560.225982726,117.12,1.0499999999999996,1.3999999999999995
2016-11-01,0.3219407857039509,0.25,0.31,FORCE_SELL,-0.01049129989764581,-0.005397304015523025,-0.000767656090071659,-0.000767656090071659,FORCE_SELL,16914565.681285195,116.01,2.0499999999999994,-0.5
2016-11-02,0.24743841189025084,0.25,0.31,FORCE_BUY,-0.007005708354955936,-0.006832727901747263,0.0,-0.007005708354955936,FORCE_SELL,16914565.681285195,114.81,1.9499999999999993,-0.5
2016-11-03,0.3026190852905657,0.25,0.31,FREE,-0.004883578965727657,0.0012208947414320262,0.0012208947414320262,0.0012208947414320262,FREE,16935216.585579082,114.11,2.3999999999999995,-0.5
2016-11-04,0.22311389539254511,0.25,0.31,FORCE_BUY,-0.0026338893766463117,0.0029809087452202436,0.0,-0.0026338893766463117,FREE,16985698.920801234,113.6,2.349999999999999,-0.5
2016-11-07,0.1619460419917281,0.25,0.31,FORCE_BUY,0.009016038144776844,0.0006068487212831899,0.0006068487212831899,0.009016038144776844,FORCE_BUY,17138842.63018687,116.39,2.2999999999999994,1.5999999999999996
2016-11-08,0.179372959453674,0.25,0.31,FORCE_BUY,0.012542955326460357,-0.001975945017182122,-0.001975945017182122,0.012542955326460357,FORCE_BUY,17353814.36764454,117.86,2.2999999999999994,1.5999999999999996
2016-11-09,0.23633904499399142,0.25,0.31,FORCE_BUY,0.027947598253275113,0.010892645390395011,0.009432314410480314,0.027947598253275113,FORCE_BUY,17838811.799753383,117.7,-0.5,1.3999999999999995
2016-11-10,0.28908403277001743,0.25,0.31,FREE,-0.027279616064662695,-0.0006735707670286397,-0.0006735707670286397,-0.0006735707670286397,FREE,17826796.097606543,115.53,1.8999999999999995,-0.5
2016-11-11,0.16989223584830804,0.25,0.31,FORCE_BUY,0.007209241726743659,-0.004082341700686095,0.0,0.007209241726743659,FORCE_BUY,17955313.77988756,115.96,1.5999999999999996,-0.5
2016-11-14,0.22720094692354376,0.25,0.31,FORCE_BUY,-0.013007149625290804,0.0024387465110017625,0.0018950814023602216,-0.013007149625290804,FREE,17999102.238722205,114.58,1.6499999999999995,-0.5
2016-11-15,0.2010822270982319,0.25,0.31,FORCE_BUY,0.016033461136284333,0.006051713809306226,0.002439874520738952,0.016033461136284333,FORCE_BUY,18287690.144954763,116.6,2.0999999999999996,-0.5
2016-11-16,0.19027326957489754,0.25,0.31,FORCE_BUY,0.004474272930648783,0.0069708236604215075,0.006453278265358877,0.004474272930648783,FREE,18415170.408111673,116.74,2.0499999999999994,1.9499999999999993
2016-11-17,0.18150414928749758,0.25,0.31,FORCE_BUY,0.006923076923077031,0.002476843391694977,0.0008547008547009115,0.006923076923077031,FORCE_BUY,18542660.0493986,117.81,2.1499999999999995,1.9999999999999996
2016-11-18,0.2524260804567385,0.25,0.31,FREE,-0.00169966856462987,0.001788512242328518,0.0006798674258520041,0.001788512242328518,FREE,18575823.823902287,117.47,2.0499999999999994,-0.5
2016-11-21,0.16579020939294628,0.25,0.31,FORCE_BUY,0.0,0.0,0.0,0.0,FORCE_BUY,18575823.823902287,118.69,1.9999999999999996,-0.5
2016-11-22,0.18681622124421296,0.25,0.31,FORCE_BUY,0.0,0.0,0.0,0.0,FORCE_BUY,18575823.823902287,119.01,1.9999999999999996,-0.5
2016-11-23,0.18328812536692843,0.25,0.31,FORCE_BUY,-0.0021916884430581984,-0.003287532664587297,0.0,-0.0021916884430581984,FORCE_SELL,18575823.823902287,118.37,1.9999999999999996,-0.5
2016-11-25,0.15846544784602037,0.25,0.31,FORCE_BUY,0.0027008777852801326,1.9897853521111728e-07,8.440243078990776e-05,0.0027008777852801326,FORCE_BUY,18625994.853811543,118.8,1.3999999999999995,2.1999999999999993
2016-11-28,0.23188345263162047,0.25,0.31,FORCE_BUY,0.0016048652757835098,0.0028707966019660565,0.00371653011234056,0.0016048652757835098,FORCE_SELL,18695218.924558032,118.58,1.3999999999999995,2.1999999999999993
2016-11-29,0.19630843940231837,0.25,0.31,FORCE_BUY,0.0015994612341105573,0.0032884991114025246,8.418217021624945e-05,0.0015994612341105573,FREE,18756698.13537892,118.98,1.3999999999999995,2.1999999999999993
2016-11-30,0.2831840100495396,0.25,0.31,FREE,-0.012012768817204443,-0.0035662891871500206,0.0009240591397848392,-0.0035662891871500206,FORCE_SELL,18774030.4337231,117.61,1.6999999999999993,0.9499999999999997
2016-12-01,0.3122035128193887,0.25,0.31,FORCE_SELL,-0.01543052003410071,-0.01543052003410071,-0.01543052003410071,-0.01543052003410071,FORCE_BUY,18484337.38099472,115.49,2.1499999999999995,-0.5
2016-12-02,0.22822860284648325,0.25,0.31,FORCE_BUY,0.004254949635290053,0.004254949635290053,0.004254949635290053,0.004254949635290053,FORCE_BUY,18562987.305592563,115.65,-0.5,-0.5
2016-12-05,0.2197316137208062,0.25,0.31,FORCE_BUY,0.00266254401786464,-0.00025622365296190474,0.00034355406682108874,0.00266254401786464,FORCE_BUY,18612412.076396767,116.74,-0.5,-0.5
2016-12-06,0.1803416986141275,0.25,0.31,FORCE_BUY,0.0014556040756912956,0.0005993663841081308,0.0005993663841081308,0.0014556040756912956,FORCE_BUY,18639504.379273616,116.96,-0.5,-0.5
2016-12-07,0.22381837656758408,0.25,0.31,FORCE_BUY,0.011716411528264716,0.0037792458436229,0.0005986487642178106,0.011716411528264716,FORCE_BUY,18857892.483264077,118.3,-0.5,-0.5
2016-12-08,0.21423742239894225,0.25,0.31,FORCE_BUY,0.004060226695990521,0.003469111344909975,0.0010996447301640211,0.004060226695990521,FORCE_BUY,18934459.801754747,118.7,-0.5,-0.5
2016-12-09,0.1327802435252712,0.25,0.31,FORCE_BUY,0.007080242751179997,0.0015153998497761546,0.0010957518543492125,0.007080242751179997,FORCE_BUY,19068520.37351363,119.48,-0.5,-0.5
2016-12-12,0.1795444762965527,0.25,0.31,FORCE_BUY,-0.0009242144177449244,0.003662296475102116,-0.0006721559401781897,-0.0009242144177449244,FREE,19138354.948462963,118.91,0.5999999999999996,1.7999999999999994
2016-12-13,0.20280595035976104,0.25,0.31,FORCE_BUY,0.011752854264607001,-0.0005674439113574992,0.0005036937541974646,0.011752854264607001,FORCE_BUY,19363285.24503657,120.52,0.5499999999999998,1.6499999999999995
2016-12-14,0.23713114081243133,0.25,0.31,FORCE_BUY,-0.0024871497264136126,0.0028210798638394407,0.0016580998176089839,-0.0024871497264136126,FREE,19417910.61913912,120.32,0.5499999999999998,2.4499999999999993
2016-12-15,0.20207469942997214,0.25,0.31,FORCE_BUY,0.0013301188793748426,0.007394741896050565,0.0050710782276166474,0.0013301188793748426,FREE,19561501.056328233,120.45,0.5499999999999998,2.4499999999999993
2016-12-16,0.25090787114463803,0.25,0.31,FREE,-0.006066145919893585,-0.002920523661623851,0.0009140767824497333,-0.002920523661623851,FORCE_SELL,19579381.77027369,119.61,0.5499999999999998,2.4499999999999993
2016-12-19,0.22560365613729103,0.25,0.31,FORCE_BUY,0.003923860410753073,0.0025051471241818255,0.0033394556687259846,0.003923860410753073,FORCE_BUY,19656208.531269085,120.25,1.2999999999999996,-0.5
2016-12-20,0.19179492625574457,0.25,0.31,FORCE_BUY,0.002659795528218731,0.003825077565366174,0.002576676917962045,0.002659795528218731,FREE,19731395.0535422,120.63,-0.5,0.9999999999999996
2016-12-21,0.18634682082028622,0.25,0.31,FORCE_BUY,-0.002154993783671824,-0.001990036117250126,-0.0003315375051803539,-0.002154993783671824,FORCE_SELL,19724853.35605242,120.39,1.2499999999999996,1.0999999999999996
2016-12-22,0.19556143469863727,0.25,0.31,FORCE_BUY,-0.0020783107490231177,-0.002912538393101421,0.000581927009726533,-0.0020783107490231177,FORCE_SELL,19736331.780983202,120.04,1.6999999999999993,1.2499999999999996
2016-12-23,0.15171210410678534,0.25,0.31,FORCE_BUY,0.0009993337774816477,0.0015758745163161109,-0.000666222518321144,0.0009993337774816477,FREE,19767433.763282415,120.2,1.1499999999999997,1.4499999999999995
2016-12-27,0.2003860511715545,0.25,0.31,FORCE_BUY,0.003656307129798834,-0.003626790042149306,0.00016619577862719492,0.003656307129798834,FORCE_BUY,19839709.57228893,120.78,1.2999999999999996,0.9499999999999997
2016-12-28,0.2959942846558179,0.25,0.31,FREE,-0.007534983853605986,0.0023184565703403344,0.0023184565703403344,0.0023184565703403344,FREE,19885707.077300444,119.86,2.1499999999999995,-0.5
2016-12-29,0.20265208992625983,0.25,0.31,FORCE_BUY,0.0,0.0,0.0,0.0,FORCE_BUY,19885707.077300444,119.79,2.0499999999999994,1.3499999999999996
2016-12-30,0.2792243930126924,0.25,0.31,FREE,-0.0036180058897769198,-0.0036180058897769198,0.0,-0.0036180058897769198,FORCE_SELL,19885707.077300444,118.42,1.7999999999999994,1.0999999999999996
2017-01-03,0.19273520424782767,0.25,0.31,FORCE_BUY,0.002431254191817419,0.004735904988739382,0.0021235747820254076,0.002431254191817419,FREE,19979883.89665244,119.57,2.1999999999999993,-0.5
2017-01-04,0.16691430203673432,0.25,0.31,FORCE_BUY,0.0034266610948599694,0.0006686167989970606,0.0006686167989970606,0.0034266610948599694,FORCE_BUY,20048348.18748092,120.06,1.4499999999999995,1.6499999999999995
2017-01-05,0.14750279936435476,0.25,0.31,FORCE_BUY,0.007248187953011829,0.007248187953011829,0.007248187953011829,0.007248187953011829,FORCE_BUY,20193662.383291204,120.9,0.9499999999999997,1.7999999999999994
2017-01-06,0.16560568614690474,0.25,0.31,FORCE_BUY,0.0075293728280654715,0.001985768657951307,0.001985768657951307,0.0075293728280654715,FORCE_BUY,20345707.996139083,121.77,0.9499999999999997,1.7999999999999994
2017-01-09,0.1445215238896499,0.25,0.31,FORCE_BUY,0.0015568666011143227,-0.00040970173713552184,-0.00040970173713552184,0.0015568666011143227,FORCE_BUY,20377383.549394295,122.23,0.9499999999999997,1.7999999999999994
2017-01-10,0.1527775042359828,0.25,0.31,FORCE_BUY,0.0013885485583598827,-0.0006410669480656158,8.167932696237702e-05,0.0013885485583598827,FORCE_BUY,20405678.53594495,122.6,0.9499999999999997,1.7999999999999994
2017-01-11,0.1559956181919879,0.25,0.31,FORCE_BUY,0.0023673469387756247,0.004007545838374757,0.002040816326530602,0.0023673469387756247,FREE,20487455.22804089,122.79,-0.5,1.6999999999999993
2017-01-12,0.1764168010389631,0.25,0.31,FORCE_BUY,0.0010600994862594902,-0.0055451357742803695,-0.0055451357742803695,0.0010600994862594902,FORCE_BUY,20509173.9688029,122.76,-0.5,1.5499999999999994
2017-01-13,0.1462092504611772,0.25,0.31,FORCE_BUY,0.0035824784237096807,0.003329825014912434,0.0005699397492265968,0.0035824784237096807,FORCE_BUY,20582647.642034244,123.26,-0.5,1.5499999999999994
2017-01-17,0.17442618909831906,0.25,0.31,FORCE_BUY,-0.002032520325203242,-0.002032520325203242,-0.0012195121951218927,-0.002032520325203242,FORCE_SELL,20557546.852226887,122.75,-0.5,1.5499999999999994
2017-01-18,0.15833673538218362,0.25,0.31,FORCE_BUY,0.0017887633140906043,0.0017887633140906043,0.0017887633140906043,0.0017887633140906043,FORCE_BUY,20594319.437863845,123.21,1.1499999999999997,1.6499999999999995
2017-01-19,0.18843428334044932,0.25,0.31,FORCE_BUY,0.0018687032824179985,0.0007312977208065474,0.00032499187520324403,0.0018687032824179985,FORCE_BUY,20632804.11019655,123.31,1.0499999999999996,1.1499999999999997
2017-01-20,0.180597742701867,0.24,0.31,FORCE_BUY,-0.0009726837967090659,-1.1298822319361912e-06,0.0005673988814135891,-0.0009726837967090659,FORCE_SELL,20644511.140169103,123.25,-0.5,-0.5
2017-01-23,0.16993997248243173,0.24,0.31,FORCE_BUY,0.0036597267404034697,-0.0007993605115907627,0.000325309043591405,0.0036597267404034697,FORCE_BUY,20720064.409631338,123.41,1.0999999999999996,1.0499999999999996
2017-01-24,0.15077018211734847,0.24,0.31,FORCE_BUY,0.007372002592352502,0.002106308768426695,-0.00032404406999351224,0.007372002592352502,FORCE_BUY,20872812.77817285,124.35,1.2999999999999996,1.1499999999999997
2017-01-25,0.12449162559379494,0.24,0.31,FORCE_BUY,0.0071445773460704935,0.0006422091996469008,0.0006422091996469008,0.0071445773460704935,FORCE_BUY,21021940.203496557,125.46,-0.5,1.2499999999999996
2017-01-26,0.14807989920770978,0.24,0.31,FORCE_BUY,-0.0027841858245167823,0.0009931001926524901,0.0006363853313182279,-0.0027841858245167823,FREE,21042817.096362576,125.36,-0.5,1.2499999999999996
2017-01-27,0.12785137769604712,0.24,0.31,FORCE_BUY,0.0028696691909126533,0.003452149203624034,0.00031885213232349965,0.0028696691909126533,FREE,21115460.040643793,125.81,1.4499999999999995,0.7999999999999998
2017-01-30,0.220164871998796,0.24,0.31,FORCE_BUY,-0.005181347150259118,-0.004782524536157723,-0.007414109206855291,-0.005181347150259118,FREE,21014474.834907155,124.8,1.1499999999999997,1.5499999999999994
2017-01-31,0.14032428116997808,0.24,0.31,FORCE_BUY,0.0025671881267548594,0.0025671881267548594,0.0025671881267548594,0.0025671881267548594,FORCE_BUY,21068422.945193317,124.97,1.1499999999999997,1.5499999999999994
2017-02-01,0.18405216959195037,0.24,0.31,FORCE_BUY,-0.00047946300143844324,0.0003196420009589192,0.0003196420009589192,-0.00047946300143844324,FREE,21075157.29806057,125.08,1.3499999999999996,1.3499999999999996
2017-02-02,0.1758742394579856,0.24,0.31,FORCE_BUY,0.0003200256020481571,0.0033165508215294635,0.0045603648291864,0.0003200256020481571,FORCE_SELL,21171267.704172216,125.03,1.3999999999999995,1.2499999999999996
2017-02-03,0.15123539817720374,0.24,0.31,FORCE_BUY,0.004555626598465408,0.00389013858149906,0.0029571611253195336,0.004555626598465408,FORCE_BUY,21267716.094448574,125.69,1.2999999999999996,-0.5
2017-02-06,0.13358100455358843,0.22,0.245,FORCE_BUY,0.00047774504339522883,-0.0006376459773298346,-0.0010351142606895556,0.00047774504339522883,FORCE_BUY,21277876.640397035,125.65,1.1999999999999997,0.5499999999999998
2017-02-07,0.1461682682678623,0.24,0.425,FORCE_BUY,0.0030199475482794247,0.0020484051557389193,0.0005563061273147152,0.0030199475482794247,FORCE_BUY,21342134.711789794,126.21,1.1499999999999997,-0.5
2017-02-08,0.13982684528140307,0.24,0.425,FORCE_BUY,0.001424839705533289,0.0018137204284903985,0.0006332620913480433,0.001424839705533289,FREE,21380843.377504162,126.51,-0.5,0.9999999999999996
2017-02-09,0.14861866191457965,0.24,0.425,FORCE_BUY,0.0035536602700782646,0.0006317618257916632,0.0006317618257916632,0.0035536602700782646,FORCE_BUY,21456823.631155565,127.08,-0.5,1.4999999999999996
2017-02-10,0.1326774345505004,0.24,0.425,FORCE_BUY,0.0009429514380007963,-0.0003147120788052425,-0.0006286342920006153,0.0009429514380007963,FORCE_BUY,21477056.373853493,127.38,1.3499999999999996,1.6499999999999995
2017-02-13,0.13251228342457588,0.22,0.425,FORCE_BUY,0.005254489843933793,0.005254489843933793,0.005254489843933793,0.005254489843933793,FORCE_BUY,21589907.348447498,128.18,1.3499999999999996,1.6499999999999995
2017-02-14,0.12650688617369846,0.22,0.425,FORCE_BUY,0.003122073056509582,0.003122073056509582,0.003122073056509582,0.003122073056509582,FORCE_BUY,21657312.616472624,128.52,1.3499999999999996,1.6499999999999995
2017-02-15,0.15428914938310637,0.22,0.425,FORCE_BUY,0.005672546429403905,0.003702696402206902,0.003702696402206902,0.005672546429403905,FORCE_BUY,21780164.72782568,129.42,1.5999999999999996,1.6999999999999993
2017-02-16,0.17202955414344964,0.21,0.425,FORCE_BUY,-0.0014685422785592206,-0.0014685422785592206,-0.0014685422785592206,-0.0014685422785592206,FORCE_BUY,21748179.635088883,129.19,2.1999999999999993,1.5999999999999996
2017-02-17,0.1313048663498785,0.21,0.425,FORCE_BUY,0.006279069767441884,0.003478294573643412,0.003478294573643412,0.006279069767441884,FORCE_BUY,21884737.972332466,129.81,2.1999999999999993,1.5999999999999996
2017-02-21,0.12490243862809493,0.22,0.425,FORCE_BUY,0.002383698577470246,0.0003075740099961488,0.0003075740099961488,0.002383698577470246,FORCE_BUY,21936904.591105428,130.36,2.1999999999999993,1.5999999999999996
2017-02-22,0.12670037631625572,0.22,0.425,FORCE_BUY,0.0004602991944764618,-0.00023014959723816907,-0.00023014959723816907,0.0004602991944764618,FORCE_BUY,21947002.13061802,130.41,2.1999999999999993,1.5999999999999996
2017-02-23,0.19066430896288508,0.22,0.31,FORCE_BUY,-0.005131347170100314,-0.005131347170100314,-0.005131347170100314,-0.005131347170100314,FORCE_BUY,21834384.443342887,129.9,2.1999999999999993,1.5999999999999996
2017-02-24,0.15566940984165903,0.22,0.31,FORCE_BUY,0.0037770754644261915,0.003738533878054606,0.003738533878054606,0.0037770754644261915,FORCE_BUY,21916854.561104685,130.22,2.1999999999999993,1.5999999999999996
2017-02-27,0.1293953381372426,0.22,0.31,FORCE_BUY,0.00046054651519808715,-0.0020724593183912066,-0.0020724593183912066,0.00046054651519808715,FORCE_BUY,21926948.292096905,130.34,1.9499999999999993,0.6499999999999997
2017-02-28,0.172301585748625,0.22,0.425,FORCE_BUY,-0.001303880963337815,0.00019062120175639287,0.0004601932811781469,-0.001303880963337815,FORCE_SELL,21937038.92637767,130.21,1.9499999999999993,0.6499999999999997
2017-03-01,0.1372325070302996,0.22,0.335,FORCE_BUY,0.006049004594180669,0.0,0.0,0.006049004594180669,FORCE_BUY,22069736.175626047,131.39,1.9999999999999996,1.4999999999999996
2017-03-02,0.19778858193596568,0.22,0.335,FORCE_BUY,-0.0051012638952338514,-0.0051012638952338514,-0.0051012638952338514,-0.0051012638952338514,FORCE_BUY,21957152.62729599,130.67,1.9999999999999996,1.9999999999999996
2017-03-03,0.13076417884064565,0.22,0.335,FORCE_BUY,0.003984674329501955,0.0013793103448276188,0.0013793103448276188,0.003984674329501955,FORCE_BUY,22044644.729718935,131.02,2.349999999999999,-0.5
2017-03-06,0.13834157545850204,0.22,0.335,FORCE_BUY,-0.00030581039755363357,-0.001987767584098002,-0.001987767584098002,-0.00030581039755363357,FORCE_BUY,22037903.24815021,130.76,1.7499999999999996,1.1999999999999997
2017-03-07,0.1695100772356353,0.22,0.335,FORCE_BUY,-0.0028309104820196176,-0.0014107658718390188,0.0,-0.0028309104820196176,FORCE_SELL,22037903.24815021,130.33,1.7499999999999996,1.1999999999999997
2017-03-08,0.16877559393958622,0.22,0.335,FORCE_BUY,0.0024521072796934345,0.0016463701398428928,0.0002298850574712286,0.0024521072796934345,FORCE_BUY,22091942.55113418,130.82,1.7999999999999994,1.0999999999999996
2017-03-09,0.1488541443968117,0.22,0.335,FORCE_BUY,0.0028317771314862713,0.001464654265879098,0.0009184142048063482,0.0028317771314862713,FORCE_BUY,22154502.00884059,131.03,1.6999999999999993,0.7999999999999998
2017-03-10,0.14807671723037685,0.22,0.335,FORCE_BUY,0.0008384146341465389,0.0012957317073171994,0.0012957317073171994,0.0008384146341465389,FREE,22183208.299553268,131.31,1.9499999999999993,1.1499999999999997
2017-03-13,0.12682229242858004,0.22,0.335,FORCE_BUY,0.0019037465732561587,0.0009899482180932171,0.0009899482180932171,0.0019037465732561587,FORCE_BUY,22225439.506337367,131.57,1.7999999999999994,1.0499999999999996
2017-03-14,0.14904438866391526,0.22,0.335,FORCE_BUY,-0.001673258290234282,-0.001673258290234282,-0.001673258290234282,-0.001673258290234282,FORCE_BUY,22188250.605429288,131.26,1.7999999999999994,1.0499999999999996
2017-03-15,0.17360941069630428,0.22,0.335,FORCE_BUY,0.005402526251712169,0.008127342696499881,0.0010652868665349355,0.005402526251712169,FREE,22368582.12193543,132.13,-0.5,0.8499999999999996
2017-03-16,0.1611156072853844,0.22,0.335,FORCE_BUY,-0.0020409705949050593,0.0022677451054501606,0.0022677451054501606,-0.0020409705949050593,FREE,22419308.364558313,132.02,-0.5,0.9499999999999997
2017-03-17,0.17503497206791807,0.22,0.335,FORCE_BUY,-0.002049024815967264,0.003873910174146291,0.001062457311982917,-0.002049024815967264,FREE,22506158.751329098,131.5,-0.5,0.9499999999999997
2017-03-20,0.1607973568892269,0.22,0.335,FORCE_BUY,0.0013678850976518297,0.001596212501717603,7.599361653611748e-05,0.0013678850976518297,FREE,22542083.363293614,131.77,-0.5,0.9499999999999997
2017-03-21,0.3488808350201859,0.22,0.335,FORCE_SELL,-0.0180152902883962,-0.010849819293820126,0.001968056922261771,0.001968056922261771,FORCE_SELL,22586447.466498945,129.73,-0.5,0.9499999999999997
2017-03-22,0.17075962973200307,0.22,0.335,FORCE_BUY,0.010191476219888794,0.002316244595429194,0.0,0.010191476219888794,FORCE_BUY,22816636.708745535,130.84,1.6999999999999993,-0.5
2017-03-23,0.1975871392760223,0.22,0.335,FORCE_BUY,-0.001988071570576397,-0.001988071570576397,-0.001988071570576397,-0.001988071570576397,FORCE_BUY,22771275.60196871,130.52,1.7999999999999994,2.0999999999999996
2017-03-24,0.2210101191885627,0.22,0.335,FREE,0.0016849199663016368,0.0009190472543463913,0.0009190472543463913,0.0009190472543463913,FORCE_BUY,22809643.378888622,130.79,0.9499999999999997,0.9999999999999996
2017-03-27,0.20413965711402485,0.22,0.335,FORCE_BUY,0.01149691358024696,0.005971821082039992,0.0,0.01149691358024696,FORCE_BUY,23071883.877611957,131.09,1.0999999999999996,0.9499999999999997
2017-03-28,0.17610070500561614,0.22,0.245,FORCE_BUY,0.005112942612942722,0.0016825230135813615,0.0027472527472529326,0.005112942612942722,FORCE_BUY,23189849.09585067,131.71,-0.5,1.5499999999999994
2017-03-29,0.12946805329910524,0.22,0.245,FORCE_BUY,0.004250151791135434,0.004250151791135434,0.004250151791135434,0.004250151791135434,FORCE_BUY,23288409.474521562,132.32,-0.5,1.8999999999999995
2017-03-30,0.1332591009217603,0.22,0.245,FORCE_BUY,0.0009835073384778436,0.0027235587834770233,0.0027235587834770233,0.0009835073384778436,FREE,23351836.826699108,132.31,0.9499999999999997,1.7499999999999996
2017-03-31,0.15776647376681066,0.22,0.245,FORCE_BUY,0.0012868064491710312,0.0010598430627450392,0.0015895844372112947,0.0012868064491710312,FORCE_SELL,23388956.543099128,132.28,0.9499999999999997,1.7499999999999996
2017-04-03,0.16256837796501902,0.22,0.245,FORCE_BUY,-0.0017359800739680192,-0.0019710258751994983,0.002113367046569511,-0.0017359800739680192,FORCE_SELL,23438385.993110962,132.26,0.9499999999999997,1.4499999999999995
2017-04-04,0.13727423828120353,0.22,0.245,FORCE_BUY,0.004773088870368963,0.0035248265799575815,-0.001666792938859031,0.004773088870368963,FORCE_BUY,23550259.492434092,132.62,0.9499999999999997,1.4499999999999995
2017-04-05,0.26785902075955553,0.22,0.245,FORCE_SELL,-0.004532749112336662,0.0020397371005512967,0.0020397371005512967,0.0020397371005512967,FREE,23598295.830448423,131.77,0.9499999999999997,1.3499999999999996
2017-04-06,0.1750126202905328,0.22,0.245,FORCE_BUY,0.0008335227703267419,0.001295182439193462,0.0,0.0008335227703267419,FREE,23628859.928802907,132.08,-0.5,1.2499999999999996
2017-04-07,0.17093329085355177,0.22,0.245,FORCE_BUY,0.0018972451999696902,0.002656764714351913,0.002656143279957472,0.0018972451999696902,FREE,23691636.250102114,132.02,-0.5,1.2499999999999996
2017-04-10,0.19888800158525785,0.22,0.245,FORCE_BUY,-0.0005299015897047161,-0.001209950198172474,0.00037850113550348647,-0.0005299015897047161,FORCE_SELL,23700603.561324716,132.03,1.0499999999999996,1.8499999999999996
2017-04-11,0.20637544501967778,0.22,0.245,FORCE_BUY,-0.003411416875142037,-0.0023506236146791835,-0.004851792889090915,-0.003411416875142037,FREE,23644892.362911317,131.46,1.2999999999999996,1.6499999999999995
2017-04-12,0.20197056287680507,0.22,0.245,FORCE_BUY,-0.006001671351515603,-0.006001671351515603,-0.006001671351515603,-0.006001671351515603,FORCE_BUY,23502983.489807162,130.84,1.5499999999999994,1.4499999999999995
2017-04-13,0.22493527408601355,0.22,0.245,FREE,-0.0028306939025323974,-0.003439327033590416,0.0021421467370515116,-0.003439327033590416,FORCE_SELL,23553330.329200827,130.34,1.4499999999999995,1.0999999999999996
2017-04-17,0.14919514213204502,0.22,0.245,FORCE_BUY,0.007512456880030717,0.001993100804906165,0.001993100804906165,0.007512456880030717,FORCE_BUY,23730273.707680065,131.43,1.8999999999999995,0.7499999999999998
2017-04-18,0.18246721707158378,0.22,0.245,FORCE_BUY,0.0005329678696513329,0.001866543814460505,0.002215623572407491,0.0005329678696513329,FORCE_SELL,23782851.061486486,131.41,1.8999999999999995,0.7499999999999998
2017-04-19,0.2216132053042652,0.22,0.245,FREE,0.0003802570537681604,0.0016709706820598926,0.0,0.0016709706820598926,FREE,23822591.50834603,131.54,-0.5,0.9499999999999997
2017-04-20,0.16680579814952345,0.22,0.245,FORCE_BUY,0.0,0.0,0.0,0.0,FORCE_BUY,23822591.50834603,132.71,1.6499999999999995,1.1499999999999997
2017-04-21,0.15863872391697906,0.22,0.245,FORCE_BUY,0.0,0.0,0.0,0.0,FORCE_BUY,23822591.50834603,132.39,1.6499999999999995,1.1499999999999997
2017-04-24,0.167582820696204,0.22,0.245,FORCE_BUY,7.464914899967447e-05,0.0011943863839952642,0.0,7.464914899967447e-05,FREE,23851044.887275077,133.97,0.9999999999999996,-0.5
2017-04-25,0.17824256504447356,0.22,0.245,FORCE_BUY,0.00618157443956185,-0.00037238400238335904,-0.00037238400238335904,0.00618157443956185,FORCE_BUY,23998481.896707103,135.1,0.9999999999999996,-0.5
2017-04-26,0.21549898765082579,0.22,0.245,FORCE_BUY,-0.0017014351235390738,0.00044512514793836495,-0.00014795088030780158,-0.0017014351235390738,FREE,24009164.224511668,134.95,0.9999999999999996,-0.5
2017-04-27,0.14711975507075703,0.22,0.245,FORCE_BUY,0.008966948273306704,0.0020006040884078657,0.001037498147324832,0.008966948273306704,FORCE_BUY,24224453.158198193,136.15,0.9999999999999996,-0.5
2017-04-28,0.2033244291002355,0.22,0.245,FORCE_BUY,-0.0017621145374447633,-0.0017621145374447633,-0.0017621145374447633,-0.0017621145374447633,FORCE_BUY,24181766.89712648,135.96,0.9999999999999996,-0.5
2017-05-01,0.1915907266737349,0.22,0.245,FORCE_BUY,0.00830210858864145,0.0024245095878331928,0.0024245095878331928,0.00830210858864145,FORCE_BUY,24382526.55177164,137.24,0.9999999999999996,-0.5
2017-05-02,0.16023343240426405,0.22,0.245,FORCE_BUY,-0.0013114754098361692,0.0008022282256268762,0.0004371584699453128,-0.0013114754098361692,FREE,24402086.90278357,137.07,0.9999999999999996,-0.5
2017-05-03,0.1989594407459093,0.22,0.245,FORCE_BUY,0.0004382120946538857,0.0064468446994971635,0.0021180251241602545,0.0004382120946538857,FREE,24559403.367389448,136.98,0.9999999999999996,-0.5
2017-05-04,0.22558173596530995,0.22,0.245,FREE,0.00014594279042621583,-0.00203996144541485,7.29713952131657e-05,-0.00203996144541485,FORCE_BUY,24562987.635248087,137.06,-0.5,-0.5
2017-05-05,0.15901842263926236,0.22,0.245,FORCE_BUY,0.004816815063494384,0.0003649102320827517,0.0,0.004816815063494384,FORCE_BUY,24681303.00409398,137.68,1.8499999999999996,-0.5
2017-05-08,0.13669516277967894,0.22,0.245,FORCE_BUY,0.0030565461029038684,0.002328797030783784,0.002328797030783784,0.0030565461029038684,FORCE_BUY,24756742.544605732,137.83,2.349999999999999,-0.5
2017-05-09,0.1752216579849926,0.22,0.245,FORCE_BUY,0.0018852875063445796,0.0004252383173265385,-0.000435066347618033,0.0018852875063445796,FORCE_BUY,24803416.122022867,138.17,-0.5,-0.5
2017-05-10,0.15722795708910245,0.22,0.245,FORCE_BUY,0.0010856191647970997,0.003840429563220259,0.0011579937757836267,0.0010856191647970997,FREE,24898671.894566737,138.32,1.2999999999999996,0.44999999999999973
2017-05-11,0.1713981536250798,0.22,0.245,FORCE_BUY,0.00021707670043410662,0.0005788712011577707,0.0005788712011577707,0.00021707670043410662,FREE,24913085.01867358,138.23,-0.5,-0.5
2017-05-12,0.13309680386817305,0.22,0.245,FORCE_BUY,0.004782955286614976,0.005241339371854311,0.0020291325458367537,0.004782955286614976,FREE,25043662.952056307,138.65,-0.5,0.24999999999999978
2017-05-15,0.14810824151650023,0.22,0.245,FORCE_BUY,0.0018012825131493932,-0.0014034983574141519,-0.0013689747099935251,0.0018012825131493932,FORCE_BUY,25088773.664197057,139.04,1.0499999999999996,0.24999999999999978
2017-05-16,0.14022408353936613,0.22,0.245,FORCE_BUY,-0.00021574973031279057,-0.0003595828838548031,-0.0003595828838548031,-0.00021574973031279057,FORCE_BUY,25083360.768045127,139.02,1.0499999999999996,0.24999999999999978
2017-05-17,0.5444566499277358,0.22,0.245,FORCE_SELL,-0.01963887490108613,-0.012990266235040732,0.0005754981655997395,0.0005754981655997395,FORCE_SELL,25097796.19615421,136.28,1.0499999999999996,0.24999999999999978
2017-05-18,0.3194291956737837,0.22,0.245,FORCE_SELL,0.00977941176470602,0.011985294117647061,0.0,0.0,FREE,25398600.66526988,137.33,1.5999999999999996,-0.5
2017-05-19,0.31442231215356536,0.22,0.415,FREE,-0.002227662302923174,-0.002227662302923174,0.0,-0.002227662302923174,FORCE_SELL,25398600.66526988,137.64,1.2999999999999996,-0.5
2017-05-22,0.22696583047366603,0.22,0.245,FREE,0.005289855072463676,0.005217500829260077,0.006739130434782663,0.005217500829260077,FORCE_SELL,25569765.14801409,138.73,1.1499999999999997,-0.5
2017-05-23,0.22951104541367595,0.22,0.245,FREE,-0.0003589890867318665,0.004575270023677156,0.0006461803561172015,0.004575270023677156,FREE,25686753.728008267,139.23,1.1499999999999997,-0.5
2017-05-24,0.18888098802753675,0.22,0.245,FORCE_BUY,0.0,0.0,0.0,0.0,FORCE_BUY,25686753.728008267,139.86,-0.5,0.19999999999999984
2017-05-25,0.2353882609087953,0.22,0.245,FREE,0.005920114122682006,0.0009272467902997837,0.0,0.0009272467902997837,FORCE_BUY,25838822.2415193,141.03,-0.5,0.19999999999999984
2017-05-26,0.21256831840903248,0.22,0.245,FORCE_BUY,0.0037642045454544925,0.0020949323333286844,0.0,0.0037642045454544925,FORCE_BUY,25936084.853650015,141.33,-0.5,0.19999999999999984
2017-05-30,0.21210793377154605,0.22,0.245,FORCE_BUY,0.001346085724406645,0.0016294320984088847,0.0017711654268508664,0.001346085724406645,FORCE_SELL,25982021.95045067,141.34,1.0999999999999996,2.499999999999999
2017-05-31,0.26155474345237123,0.22,0.245,FORCE_SELL,0.001203028801924715,0.0059417686328038,0.0006368976010189997,0.0006368976010189997,FREE,26136401.11349268,141.48,1.0999999999999996,2.499999999999999
2017-06-01,0.18998928696593134,0.22,0.245,FORCE_BUY,0.0,0.0,0.0,0.0,FORCE_BUY,26136401.11349268,142.04,1.4999999999999996,2.349999999999999
2017-06-02,0.20017904753525903,0.22,0.245,FORCE_BUY,0.0,0.0,0.0,0.0,FORCE_BUY,26136401.11349268,143.57,-0.5,2.0999999999999996
2017-06-05,0.2036765521037336,0.22,0.245,FORCE_BUY,0.000767299107142772,0.0006277220779784565,0.0,0.000767299107142772,FORCE_BUY,26156455.55073099,143.47,-0.5,2.0999999999999996
2017-06-06,0.24042171579510552,0.22,0.245,FREE,-0.0023010947632661287,-0.004393009981187808,-0.0017432536085350409,-0.004393009981187808,FORCE_SELL,26110858.21520569,143.08,-0.5,1.2499999999999996
2017-06-07,0.20131984121046662,0.21,0.23,FORCE_BUY,0.0027972027972028198,0.003606864757384616,0.0019580419580420075,0.0027972027972028198,FREE,26205036.549487185,143.4,1.4999999999999996,1.3499999999999996
2017-06-08,0.18380086966794199,0.21,0.23,FORCE_BUY,-0.0014634146341464065,0.002865882658447402,0.0006271777003484119,-0.0014634146341464065,FREE,26280137.109298337,143.29,1.4999999999999996,1.0499999999999996
2017-06-09,0.4218202021404274,0.21,0.23,FORCE_SELL,-0.02313588850174209,0.0017421602787457005,0.0017421602787457005,0.0017421602787457005,FREE,26325921.32029015,140.18,2.2499999999999996,0.4999999999999998
2017-06-12,0.2044779777679855,0.21,0.23,FORCE_BUY,0.004757099610782687,0.005240682691472943,0.0,0.004757099610782687,FREE,26463887.120490473,139.4,2.1999999999999993,1.1999999999999997
2017-06-13,0.18452394968926775,0.21,0.23,FORCE_BUY,0.00587392550143256,0.00107467812497505,0.0005730659025789464,0.00587392550143256,FORCE_BUY,26619334.021914557,140.42,1.1999999999999997,2.499999999999999
2017-06-14,0.24369815400296288,0.21,0.23,FORCE_SELL,-0.008757564969740075,-0.0058562985622415,0.00028479886080468644,0.00028479886080468644,FORCE_SELL,26626915.17791938,139.22,1.1499999999999997,1.7999999999999994
2017-06-15,0.15299843435739469,0.21,0.23,FORCE_BUY,0.004767408263507682,-7.223345853787803e-05,0.0,0.004767408263507682,FORCE_BUY,26753856.55337031,139.1,2.0499999999999994,-0.5
2017-06-16,0.161322541508544,0.21,0.23,FORCE_BUY,-0.00610719931024574,0.0013111436056627358,-0.001221439862049148,-0.00610719931024574,FREE,26788934.701317083,138.33,2.0999999999999996,-0.5
2017-06-19,0.13569354025911076,0.21,0.23,FORCE_BUY,0.011449557139770998,0.0020162742132930514,0.0020162742132930514,0.011449557139770998,FORCE_BUY,27095656.13989341,140.46,2.0499999999999994,-0.5
2017-06-20,0.19767380106634894,0.21,0.23,FORCE_BUY,-0.00832325531763516,-0.00028455573735502955,-0.00028455573735502955,-0.00832325531763516,FREE,27087945.915481403,139.4,2.0499999999999994,-0.5
2017-06-21,0.13821033407621824,0.21,0.23,FORCE_BUY,0.013017836593786034,0.011438493484910741,0.009565592635213043,0.013017836593786034,FORCE_BUY,27440572.369070455,140.85,1.4499999999999995,1.9499999999999993
2017-06-22,0.15850090315929924,0.21,0.23,FORCE_BUY,0.0004973357015984269,0.0013496386856356522,0.0015630550621670433,0.0004973357015984269,FORCE_SELL,27483463.494620692,140.82,1.1999999999999997,1.9499999999999993
2017-06-23,0.14427688764156027,0.21,0.23,FORCE_BUY,0.001984970934354219,0.0035301367705970177,-0.0004962427335883921,0.001984970934354219,FREE,27580483.879686415,141.34,1.1999999999999997,1.9499999999999993
2017-06-26,0.2112910842150003,0.21,0.23,FREE,-0.006360873559968778,-0.0007206344603796102,0.0020496148137676864,-0.0007206344603796102,FORCE_SELL,27637013.2480171,140.59,1.3499999999999996,2.349999999999999
2017-06-27,0.23447450934886413,0.21,0.23,FORCE_SELL,-0.01639928698752239,-0.015329768270944734,-0.015329768270944734,-0.015329768270944734,FREE,27213344.239223965,137.95,1.7999999999999994,-0.5
2017-06-28,0.1772722906598407,0.21,0.23,FORCE_BUY,0.02109858130229186,0.004292469989087031,0.0,0.02109858130229186,FORCE_BUY,27787507.19516249,140.35,2.0499999999999994,-0.5
2017-06-29,0.30073613396600946,0.21,0.23,FORCE_SELL,-0.019703026841804833,-0.01064912594244334,-0.0014991433466589954,-0.0014991433466589954,FORCE_SELL,27745849.738630623,137.32,1.8499999999999996,1.8499999999999996
2017-06-30,0.21447129798564682,0.21,0.23,FREE,-0.0024666279744632244,0.004460151465614864,0.0,0.004460151465614864,FREE,27869600.431007106,137.5,1.7999999999999994,2.2499999999999996
2017-07-03,0.2374024774505942,0.21,0.23,FORCE_SELL,-0.012461825813190866,-0.012461825813190866,0.0,0.0,FORCE_SELL,27869600.431007106,136.04,1.8999999999999995,-0.5
2017-07-05,0.1773463373359229,0.21,0.23,FORCE_BUY,0.0,0.0,0.0,0.0,FORCE_BUY,27869600.431007106,137.48,-0.5,-0.5
2017-07-06,0.21251710428796042,0.21,0.23,FREE,0.00044046395536633367,0.00044046395536633367,0.0,0.00044046395536633367,FORCE_BUY,27881875.985447425,136.28,-0.5,-0.5
2017-07-07,0.18076512242213094,0.21,0.23,FORCE_BUY,0.010422018348623838,0.00470451001060764,0.005798165137614619,0.010422018348623838,FORCE_BUY,28172461.408561815,137.67,2.2499999999999996,-0.5
2017-07-10,0.16837523781800914,0.21,0.23,FORCE_BUY,0.0034737299174990286,0.00667878538471512,0.00014473874656238875,0.0034737299174990286,FREE,28360619.23206877,138.66,1.7499999999999996,2.0499999999999994
2017-07-11,0.1580914500655408,0.21,0.23,FORCE_BUY,0.0047649989170456455,0.0015879896232408558,0.002382499458523035,0.0047649989170456455,FORCE_BUY,28495757.551996324,139.17,1.4999999999999996,1.5499999999999994
2017-07-12,0.1563590567216313,0.21,0.23,FORCE_BUY,0.012573645638741155,0.0034472884578797846,0.0017243856875986388,0.012573645638741155,FORCE_BUY,28854053.109662607,140.93,1.2999999999999996,2.1499999999999995
2017-07-13,0.1578954105814516,0.21,0.23,FORCE_BUY,-7.086167800450281e-05,0.004478425257116696,0.0002125850340137164,-7.086167800450281e-05,FREE,28983273.829879105,141.11,1.2999999999999996,2.1499999999999995
2017-07-14,0.12948081370588244,0.21,0.23,FORCE_BUY,0.00822578357679761,0.0026154893558839637,0.0007800312012479021,0.00822578357679761,FORCE_BUY,29221683.96775075,142.18,0.7999999999999998,-0.5
2017-07-17,0.15279428921553087,0.21,0.23,FORCE_BUY,0.0011238322680338954,0.0011270004415041075,-0.0007023951675213391,0.0011238322680338954,FREE,29254616.818483897,142.53,0.5999999999999996,2.4499999999999993
2017-07-18,0.13720798137910226,0.21,0.23,FORCE_BUY,0.006952247191011155,0.0029845505617976274,0.0029845505617976274,0.006952247191011155,FORCE_BUY,29458002.146084305,143.39,0.5999999999999996,2.4499999999999993
2017-07-19,0.13689683927119578,0.21,0.23,FORCE_BUY,0.0037628039857850863,-0.00027760427510586163,0.0,0.0037628039857850863,FORCE_BUY,29568846.833972856,144.05,1.5999999999999996,2.499999999999999
2017-07-20,0.15004495702343143,0.21,0.23,FORCE_BUY,-0.00013883104262127043,-0.0007635707344162744,-0.0007635707344162744,-0.00013883104262127043,FORCE_BUY,29564741.76013779,144.04,1.4999999999999996,2.4499999999999993
2017-07-21,0.14058705266946545,0.21,0.23,FORCE_BUY,-0.0013865779256796043,0.00397273662332434,6.932889628393952e-05,-0.0013865779256796043,FREE,29682194.69248742,144.04,1.4999999999999996,2.4499999999999993
2017-07-24,0.1394190757654182,0.21,0.23,FORCE_BUY,0.0027104037806657735,0.0009734277813361504,0.001250955591076558,0.0027104037806657735,FORCE_BUY,29762645.425200395,144.28,1.4999999999999996,2.4499999999999993
2017-07-25,0.17609014308204177,0.21,0.23,FORCE_BUY,0.0006232686980610639,0.004808307417612393,-0.0002770083102491811,0.0006232686980610639,FREE,29905753.373966154,144.49,1.8499999999999996,-0.5
2017-07-26,0.13015757974829945,0.21,0.23,FORCE_BUY,0.005467506401827058,0.00013862825964831672,0.00027683576718099344,0.005467506401827058,FORCE_BUY,30069263.271989774,145.28,1.5499999999999994,-0.5
2017-07-27,0.30053359637382837,0.21,0.23,FORCE_SELL,-0.014634146341463592,-0.013328753005839885,-0.013328753005839885,-0.013328753005839885,FREE,29668477.488769848,143.42,1.7499999999999996,2.2999999999999994
2017-07-28,0.15639592266472613,0.21,0.23,FORCE_BUY,0.007910395519775997,0.0012480320648372498,0.0,0.007910395519775997,FORCE_BUY,29903166.880175587,143.98,1.9999999999999996,-0.5
2017-07-31,0.20404993691264336,0.21,0.23,FORCE_BUY,-0.006730035384722066,-0.0008453245049354534,0.0013182543537085503,-0.006730035384722066,FORCE_SELL,29942586.86010505,143.16,1.6499999999999995,2.3999999999999995
2017-08-01,0.1420540035805267,0.21,0.23,FORCE_BUY,0.005428352703737058,0.0037693703755409826,0.0007655369197577694,0.005428352703737058,FORCE_BUY,30105125.78244398,144.47,1.9499999999999993,-0.5
2017-08-02,0.18630995224223212,0.21,0.23,FORCE_BUY,-0.004151100041510899,-0.002155334394812424,-0.0004151100041511505,-0.004151100041510899,FORCE_SELL,30092628.843555458,143.94,-0.5,2.1999999999999993
2017-08-03,0.17529280161172803,0.21,0.23,FORCE_BUY,-0.0027837706173012016,-0.0017402834929805045,0.0018790451666782907,-0.0027837706173012016,FORCE_SELL,30149174.252336588,143.29,-0.5,2.2499999999999996
2017-08-04,0.1462054945104757,0.21,0.23,FORCE_BUY,0.0006269155753692597,0.0015324602953468082,0.0015324602953468082,0.0006269155753692597,FREE,30195376.664815787,143.65,1.7499999999999996,1.8999999999999995
2017-08-07,0.12058983307627198,0.21,0.23,FORCE_BUY,0.00430854760250172,0.0015620247310768505,0.0006254343293954894,0.00430854760250172,FORCE_BUY,30325474.882551618,144.52,1.3499999999999996,-0.5
2017-08-08,0.23472252134323132,0.21,0.23,FORCE_SELL,-0.0051214616928508,-0.0019405057769453925,-0.0011073430687243444,-0.0011073430687243444,FORCE_SELL,30291894.17813465,143.75,1.3499999999999996,-0.5
2017-08-09,0.1531257360291793,0.21,0.23,FORCE_BUY,0.004737685501289061,0.0039016233540026014,0.0,0.004737685501289061,FORCE_BUY,30435407.645988982,144.21,1.3499999999999996,-0.5
2017-08-10,0.400300712729973,0.21,0.23,FORCE_SELL,-0.021837401766464922,-0.021837401766464922,-0.021837401766464922,-0.021837401766464922,FORCE_BUY,29770777.421297383,140.65,2.1499999999999995,2.3999999999999995
2017-08-11,0.2263133584563595,0.21,0.23,FREE,0.009872159090908888,0.009872159090908888,0.009872159090908888,0.009872159090908888,FORCE_BUY,30064679.272260472,142.19,1.7999999999999994,2.0499999999999994
2017-08-14,0.2046386518320216,0.21,0.23,FORCE_BUY,0.008599594490666196,0.0011186464378103525,-0.00020974620708936496,0.008599594490666196,FORCE_BUY,30323223.32249385,144.26,1.5499999999999994,1.3499999999999996
2017-08-15,0.19591684865076442,0.21,0.23,FORCE_BUY,-0.0017343045438778376,0.001248699271592156,0.001248699271592156,-0.0017343045438778376,FREE,30361087.909368973,143.9,1.5499999999999994,1.3499999999999996
2017-08-16,0.23613205198707157,0.21,0.23,FORCE_SELL,-0.0021484510361078598,-0.001249859311493846,0.001386097442650245,0.001386097442650245,FORCE_SELL,30403171.33567623,143.98,1.5499999999999994,1.3499999999999996
2017-08-17,0.3841503227994229,0.21,0.23,FORCE_SELL,-0.01767079449005167,-0.00981491729411105,0.0,0.0,FORCE_SELL,30403171.33567623,141.2,1.5999999999999996,-0.5
2017-08-18,0.2605423863441661,0.21,0.23,FORCE_SELL,0.0,0.0,0.0,0.0,FORCE_BUY,30403171.33567623,141.23,2.499999999999999,-0.5
2017-08-21,0.21467085472532174,0.21,0.23,FREE,0.005835883567006151,0.005693544943420547,0.0,0.005693544943420547,FORCE_BUY,30580600.70365898,141.33,2.2999999999999994,-0.5
2017-08-22,0.2188563889769027,0.21,0.23,FREE,0.009725158562367919,0.004469374036978424,0.0,0.004469374036978424,FORCE_BUY,30878001.894434523,143.28,1.6499999999999995,1.1999999999999997
2017-08-23,0.21777914366712228,0.21,0.23,FREE,-0.0017556179775281185,0.0004914545443051448,0.0,0.0004914545443051448,FREE,30893177.028784603,142.15,-0.5,1.7499999999999996
2017-08-24,0.24756788171125557,0.21,0.23,FORCE_SELL,-0.0036373810856183807,0.0035162756499443155,0.0,0.0,FREE,31001805.954920337,142.44,1.6999999999999993,-0.5
2017-08-25,0.25862149672492435,0.21,0.23,FORCE_SELL,-0.004002246875438718,-0.0028105321512858997,0.0,0.0,FORCE_SELL,31001805.954920337,141.85,1.2499999999999996,1.4999999999999996
2017-08-28,0.18451546664984395,0.21,0.23,FORCE_BUY,-0.003519144144143995,0.0019905959301923398,0.0,-0.003519144144143995,FREE,31063518.02368281,141.58,1.7499999999999996,1.1499999999999997
2017-08-29,0.2207272408666894,0.21,0.23,FREE,0.014589235127478672,0.00566572237960344,0.00566572237960344,0.00566572237960344,FORCE_BUY,31516710.992016993,143.26,0.8999999999999997,0.6999999999999997
2017-08-30,0.2023962229418185,0.21,0.23,FORCE_BUY,0.01131205921374211,0.0034080635108481683,0.0,0.01131205921374211,FORCE_BUY,31873229.892981086,144.83,-0.5,1.2999999999999996
2017-08-31,0.16793116514762044,0.21,0.23,FORCE_BUY,0.009036352348761895,0.0002069393667655096,0.0002069393667655096,0.009036352348761895,FORCE_BUY,32161247.628787156,146.28,1.5999999999999996,2.349999999999999
2017-09-01,0.20176422794941373,0.21,0.23,FORCE_BUY,-0.0013000342114266995,0.000821074238795841,0.000821074238795841,-0.0013000342114266995,FREE,32187654.400702685,145.96,1.5999999999999996,2.349999999999999
2017-09-05,0.2996171692864899,0.21,0.23,FORCE_SELL,-0.0072727272727273265,-0.0025499810767828993,0.0,0.0,FORCE_SELL,32187654.400702685,144.69,1.5999999999999996,2.349999999999999
2017-09-06,0.20817544944843935,0.21,0.23,FORCE_BUY,0.0031791571356568496,0.0031791571356568496,0.0,0.0031791571356568496,FORCE_BUY,32289984.01187073,144.9,2.2999999999999994,-0.5
2017-09-07,0.217507780668084,0.21,0.23,FREE,0.00282700131007379,0.0022060364900204814,0.0010342687719782871,0.0022060364900204814,FORCE_BUY,32381267.83897455,145.44,2.1499999999999995,-0.5
2017-09-08,0.2526333222845319,0.21,0.23,FORCE_SELL,-0.006061023486465823,-0.00034938363608052434,0.0,0.0,FORCE_SELL,32381267.83897455,144.31,1.5999999999999996,-0.5
2017-09-11,0.20113123921379736,0.21,0.23,FORCE_BUY,0.0046101974815937015,0.005189148827515613,0.0,0.0046101974815937015,FREE,32549299.057014633,146.0,1.5499999999999994,-0.5
2017-09-12,0.18738098157329194,0.21,0.23,FORCE_BUY,0.0017803341550262847,0.0004793207340455828,0.0004793207340455828,0.0017803341550262847,FORCE_BUY,32607247.685847998,146.3,1.5499999999999994,-0.5
2017-09-13,0.16769899242372058,0.21,0.23,FORCE_BUY,0.0013008352731753625,0.001437765301930674,0.001437765301930674,0.0013008352731753625,FREE,32654129.25516217,146.25,0.8499999999999996,2.0999999999999996
2017-09-14,0.24936188488713096,0.21,0.23,FORCE_SELL,-0.007931623931624054,-0.003697559455920102,-0.001914529914529991,-0.001914529914529991,FORCE_SELL,32591611.947870232,145.09,1.0999999999999996,-0.5
2017-09-15,0.19750835684489412,0.21,0.23,FORCE_BUY,0.005918788713007347,0.0018582243633859287,0.0,0.005918788713007347,FORCE_BUY,32784514.812806007,146.16,0.7999999999999998,2.0999999999999996
2017-09-18,0.21833209276896082,0.21,0.23,FREE,-0.0024650780608052912,0.0002469851174670787,0.00041084634346742033,0.0002469851174670787,FORCE_SELL,32797984.210839197,145.68,0.6999999999999997,2.1999999999999993
2017-09-19,0.17853183452138457,0.21,0.23,FORCE_BUY,0.0,0.0,0.0,0.0,FORCE_BUY,32797984.210839197,145.71,1.1999999999999997,2.2499999999999996
2017-09-20,0.22235947612407717,0.21,0.23,FREE,-0.0030864197530865176,-0.0016798034412231749,0.0,-0.0016798034412231749,FORCE_SELL,32797984.210839197,145.35,-0.5,1.4999999999999996
2017-09-21,0.2218649695416919,0.21,0.23,FREE,-0.004959360793497608,-0.004959360793497608,-0.004959360793497608,-0.004959360793497608,FORCE_BUY,32635327.17383821,144.46,1.0999999999999996,-0.5
2017-09-22,0.1773968112319422,0.21,0.23,FORCE_BUY,6.929046563211064e-05,0.0021185942567534797,0.0003810975609758324,6.929046563211064e-05,FREE,32704468.19055597,144.33,1.2999999999999996,-0.5
2017-09-25,0.2522717909539118,0.21,0.23,FORCE_SELL,-0.00805220047202546,-0.003476539669058875,-0.0022212966819380713,-0.0022212966819380713,FORCE_SELL,32631821.86387974,142.9,1.0499999999999996,-0.5
2017-09-26,0.21340650650711923,0.21,0.23,FREE,0.0025894044369794505,0.0025894044369794505,0.0,0.0025894044369794505,FORCE_BUY,32716318.84820079,143.26,1.6999999999999993,-0.5
2017-09-27,0.21791101637392993,0.21,0.23,FREE,0.00550139275766021,0.0005571030640669057,0.0005571030640669057,0.0005571030640669057,FORCE_BUY,32896304.16776958,144.39,2.2999999999999994,-0.5
2017-09-28,0.1709825950653795,0.21,0.23,FORCE_BUY,0.0012483528677439332,0.0024286994573637765,0.0,0.0012483528677439332,FREE,32976199.403851114,144.37,1.2999999999999996,1.7499999999999996
2017-09-29,0.1858056394477895,0.21,0.23,FORCE_BUY,0.007266435986159304,0.0035973538929379846,0.0004152249134947401,0.007266435986159304,FORCE_BUY,33215818.845886026,145.55,0.9499999999999997,1.7999999999999994
2017-10-02,0.2232915256888346,0.21,0.23,FREE,-0.0006180469715697357,-6.867188572990669e-05,-6.867188572990669e-05,-6.867188572990669e-05,FREE,33213537.852969814,145.53,0.7999999999999998,2.349999999999999
2017-10-03,0.16927483593616535,0.21,0.23,FORCE_BUY,0.0014421096003296601,0.0025413308049038385,0.0,0.0014421096003296601,FREE,33297944.439855404,145.83,0.7999999999999998,2.349999999999999
2017-10-04,0.17560605154087353,0.21,0.23,FORCE_BUY,0.0018518518518517875,-0.0012340465227434838,-0.001028806584362083,0.0018518518518517875,FORCE_BUY,33359607.29992921,146.07,-0.5,-0.5
2017-10-05,0.17116377684821163,0.21,0.23,FORCE_BUY,0.009650263500102625,0.003967474255640339,0.0019163643829990295,0.009650263500102625,FORCE_BUY,33681536.30063347,147.52,-0.5,1.5499999999999994
2017-10-06,0.14656241214434015,0.21,0.23,FORCE_BUY,-0.00027100271002703484,0.0004065040650407415,0.0004065040650407415,-0.00027100271002703484,FREE,33695227.98205649,147.56,0.3999999999999998,1.8999999999999995
2017-10-09,0.19257399060758193,0.21,0.23,FORCE_BUY,-0.0014212236058473548,-0.0014212236058473548,-0.0014212236058473548,-0.0014212236058473548,FORCE_BUY,33647339.52864398,147.55,0.3999999999999998,1.8999999999999995
2017-10-10,0.1864366928392532,0.21,0.23,FORCE_BUY,-0.0010153658701683055,-0.0002356392168059108,-0.0005415284640897629,-0.0010153658701683055,FREE,33639410.895909846,147.58,0.3999999999999998,1.8999999999999995
2017-10-11,0.15525849359762053,0.21,0.23,FORCE_BUY,0.003594926405751961,-0.0002711820136778261,-0.00020348640032552908,0.003594926405751961,FORCE_BUY,33760342.10241349,147.96,1.2999999999999996,1.5499999999999994
2017-10-12,0.196522428751405,0.21,0.23,FORCE_BUY,-0.0013518080432577198,-0.0008111580103924742,-0.0006759040216289542,-0.0013518080432577198,FORCE_SELL,33737523.3514149,147.75,1.5499999999999994,2.2499999999999996
2017-10-13,0.13263023749715375,0.21,0.23,FORCE_BUY,0.0040584415584415225,0.00047348484848473406,0.00047348484848473406,0.0040584415584415225,FORCE_BUY,33874445.11826317,148.44,1.5999999999999996,-0.5
2017-10-16,0.10874395329284099,0.205,0.23,FORCE_BUY,0.002219979818365127,0.0013797010523182423,0.0010090817356205293,0.002219979818365127,FORCE_BUY,33949645.70278403,148.98,1.4499999999999995,-0.5
2017-10-17,0.11864072318967822,0.205,0.23,FORCE_BUY,0.0017466075507187493,0.0005038291011688555,0.0005038291011688555,0.0017466075507187493,FORCE_BUY,34008942.410312735,149.12,1.4499999999999995,-0.5
2017-10-18,0.15315962798895388,0.205,0.23,FORCE_BUY,-0.0008723661253524658,0.0018811616684808968,0.0010736813850489148,-0.0008723661253524658,FREE,34072918.729160585,148.89,-0.5,2.0499999999999994
2017-10-19,0.16562556639269488,0.205,0.23,FORCE_BUY,0.0038578680203043927,0.005019437943261272,0.0008121827411167441,0.0038578680203043927,FREE,34243945.63026739,148.32,-0.5,0.1499999999999999
2017-10-20,0.16895408081372443,0.205,0.23,FORCE_BUY,0.0,0.0022546017431099422,0.0013448090371165923,0.0,FREE,34321152.08977635,148.72,1.2499999999999996,0.4999999999999998
2017-10-23,0.24352796754684533,0.205,0.23,FORCE_SELL,-0.0072570891009272305,-0.004449553714410114,0.0015454911974197038,0.0015454911974197038,FORCE_SELL,34374195.12821641,147.74,1.2499999999999996,1.6999999999999993
2017-10-24,0.1541121911185584,0.205,0.23,FORCE_BUY,0.0022363784223365666,0.004404135879294965,0.0,0.0022363784223365666,FREE,34525583.75430247,147.89,1.5499999999999994,-0.5
2017-10-25,0.2310096130797407,0.205,0.23,FORCE_SELL,-0.0017590149516268946,-0.004403110699046001,-6.76544212163038e-05,-6.76544212163038e-05,FORCE_SELL,34523247.94591642,147.55,1.5499999999999994,-0.5
2017-10-26,0.2048036690097803,0.205,0.23,FORCE_BUY,0.008776704313512332,0.008776704313512332,0.0,0.008776704313512332,FORCE_BUY,34826248.2850798,148.27,1.6499999999999995,1.8499999999999996
2017-10-27,0.19377269379821058,0.205,0.23,FORCE_BUY,0.016540038996840027,-0.00033617965440725894,-0.00033617965440725894,0.016540038996840027,FORCE_BUY,35402275.78982865,151.19,-0.5,1.2499999999999996
2017-10-30,0.16569798977910188,0.205,0.23,FORCE_BUY,0.0007929690081276537,0.006782174740991758,0.005286460054186056,0.0007929690081276537,FREE,35642380.21046405,151.45,-0.5,2.1499999999999995
2017-10-31,0.12504884796744573,0.205,0.23,FORCE_BUY,0.003162888771745019,0.002930225342095774,0.00026357406431210006,0.003162888771745019,FORCE_BUY,35755113.094629996,152.24,-0.5,-0.5
2017-11-01,0.1617163083063943,0.205,0.23,FORCE_BUY,-0.0055060304142632915,4.0932242769095476e-05,0.001638699528054622,-0.0055060304142632915,FORCE_SELL,35813704.98158371,151.72,-0.5,1.1999999999999997
2017-11-02,0.1496772288583622,0.205,0.23,FORCE_BUY,0.0036241433842911035,-0.0004612546125460844,-0.0004612546125460844,0.0036241433842911035,FORCE_BUY,35943498.98355967,152.31,2.2499999999999996,-0.5
2017-11-03,0.1339950007992096,0.205,0.23,FORCE_BUY,0.006702148630001969,0.003548740011280375,0.0033510743150008938,0.006702148630001969,FORCE_BUY,36184397.65602981,153.21,1.2999999999999996,-0.5
2017-11-06,0.11311875433530218,0.205,0.23,FORCE_BUY,0.004245313826660398,0.003200313500097863,0.003200313500097863,0.004245313826660398,FORCE_BUY,36338011.77970834,153.76,-0.5,2.3999999999999995
2017-11-07,0.13692389133247884,0.205,0.23,FORCE_BUY,-0.0014300572022880665,0.0013665224038858753,6.500260010392171e-05,-0.0014300572022880665,FREE,36387668.48691798,153.62,-0.5,2.3999999999999995
2017-11-08,0.12338358802625814,0.205,0.23,FORCE_BUY,0.004223521767381423,0.0009155286326041128,0.00019493177387907385,0.004223521767381423,FORCE_BUY,36541352.59683674,154.55,1.9999999999999996,0.7999999999999998
2017-11-09,0.17997060316071992,0.205,0.23,FORCE_BUY,-0.003500129634430746,-0.006236240456114505,-0.005088151413015264,-0.003500129634430746,FORCE_BUY,36413453.125730366,153.74,1.9999999999999996,2.2499999999999996
2017-11-10,0.135982841904433,0.205,0.23,FORCE_BUY,-0.00013022528975146285,0.0014926072855346389,-0.0024742805052743897,-0.00013022528975146285,FREE,36467804.111157306,153.56,2.3999999999999995,2.349999999999999
2017-11-13,0.14460272809469615,0.205,0.23,FORCE_BUY,0.0007808433107757216,0.003911614474012138,0.0,0.0007808433107757216,FREE,36610452.10155395,153.8,1.7499999999999996,0.5499999999999998
2017-11-14,0.1370564277458637,0.205,0.23,FORCE_BUY,-0.004423339621414106,-0.0031230370544728272,-0.002601964483184726,-0.004423339621414106,FORCE_SELL,36515193.00547237,153.05,1.2499999999999996,1.0499999999999996
2017-11-15,0.1712986978976749,0.205,0.225,FORCE_BUY,0.001179245283018995,0.001179245283018995,0.001179245283018995,0.001179245283018995,FORCE_BUY,36558253.3745826,152.82,1.4499999999999995,0.7999999999999998
2017-11-16,0.1512264956818813,0.205,0.225,FORCE_BUY,0.011111111111111047,0.0014374309222644694,0.0009150326797384806,0.011111111111111047,FORCE_BUY,36964456.18985574,154.7,1.6999999999999993,-0.5
2017-11-17,0.18178817157460306,0.205,0.225,FORCE_BUY,-0.004596659329276237,0.0017500893620530352,0.0014243169752686529,-0.004596659329276237,FREE,37029147.29140768,153.75,-0.5,1.6499999999999995
2017-11-20,0.15822177582592217,0.205,0.225,FORCE_BUY,0.0022805760083403686,0.0024760539519123334,0.0024760539519123334,0.0022805760083403686,FREE,37120833.45789452,153.82,-0.5,1.6499999999999995
2017-11-21,0.11793422111852929,0.205,0.225,FORCE_BUY,0.009283303038171918,0.002587565291544999,0.0005193456245131693,0.009283303038171918,FORCE_BUY,37465437.40391366,155.47,-0.5,1.6499999999999995
2017-11-22,0.1130287916534579,0.205,0.225,FORCE_BUY,0.001543706181257,0.0014793850903710264,0.0014793850903710264,0.001543706181257,FORCE_BUY,37523273.03121758,155.71,1.0999999999999996,1.7499999999999996
2017-11-24,0.11330922329571735,0.205,0.225,FORCE_BUY,0.0019904969821496854,0.000256838320277413,0.000256838320277413,0.0019904969821496854,FORCE_BUY,37597962.992946595,156.05,1.0999999999999996,1.7499999999999996
2017-11-27,0.13441226244642776,0.205,0.225,FORCE_BUY,-0.002493606138107421,0.00019147163810205928,0.0003196930946291024,-0.002493606138107421,FORCE_SELL,37609982.80208757,156.01,1.0999999999999996,1.7499999999999996
2017-11-28,0.12156418481350201,0.205,0.225,FORCE_BUY,0.0008956560680697814,0.0036499727224606074,6.397543343348036e-05,0.0008956560680697814,FREE,37747258.2134074,156.45,1.0999999999999996,1.7499999999999996
2017-11-29,0.2710938953161237,0.205,0.225,FORCE_SELL,-0.017321828060082933,-0.017513582614253703,-0.017513582614253703,-0.017513582614253703,FORCE_BUY,37093406.6968952,153.74,1.0999999999999996,1.7499999999999996
2017-11-30,0.18141582470735015,0.205,0.225,FORCE_BUY,0.0,0.0,0.0,0.0,FORCE_BUY,37093406.6968952,154.77,1.7499999999999996,1.0999999999999996
2017-12-01,0.24703507297599117,0.205,0.225,FORCE_SELL,0.0,0.0,0.0,0.0,FORCE_BUY,37093406.6968952,154.51,2.1499999999999995,-0.5
2017-12-04,0.26017712869589327,0.205,0.225,FORCE_SELL,-0.0035227346858894247,0.0038349498774498604,0.0,0.0,FREE,37235658.05236165,152.75,2.1499999999999995,-0.5
2017-12-05,0.20488444813568174,0.205,0.225,FORCE_BUY,0.006512729425695896,0.006512729425695896,0.0,0.006512729425695896,FORCE_BUY,37478163.81824442,153.0,2.2499999999999996,-0.5
2017-12-06,0.13164773115763234,0.205,0.225,FORCE_BUY,0.009835420628155548,0.00911415644875761,0.00911415644875761,0.009835420628155548,FORCE_BUY,37846777.323767774,154.01,1.9499999999999993,-0.5
2017-12-07,0.14944000644576624,0.205,0.225,FORCE_BUY,0.0018831168831167726,0.003706854191186544,0.0006493506493505443,0.0018831168831167726,FREE,37987069.80891328,154.29,2.0999999999999996,2.1499999999999995
2017-12-08,0.1683047908712267,0.205,0.225,FORCE_BUY,-0.00025856496444720523,0.0031674208144796714,0.0031674208144796714,-0.00025856496444720523,FREE,38107390.84450713,154.66,2.2499999999999996,2.499999999999999
2017-12-11,0.12519393866627526,0.205,0.225,FORCE_BUY,0.009702457956015539,0.0034846283200104466,0.0017464424320829167,0.009702457956015539,FORCE_BUY,38477126.201989405,156.1,1.3999999999999995,1.9499999999999993
2017-12-12,0.14384217292647536,0.205,0.225,FORCE_BUY,-0.0032041012495994917,0.0002873088335053365,0.0006087792374238128,-0.0032041012495994917,FORCE_SELL,38500550.277536914,155.55,0.8999999999999997,2.349999999999999
2017-12-13,0.14979591958411057,0.205,0.225,FORCE_BUY,0.002631072322402699,0.0006400683353425112,-0.00019251748700498608,0.002631072322402699,FORCE_BUY,38601848.00976942,156.24,0.6999999999999997,1.8499999999999996
2017-12-14,0.16231281248317078,0.195,0.22,FORCE_BUY,-0.0021765571986427793,0.0008298984595188773,0.0016004097048844528,-0.0021765571986427793,FORCE_SELL,38663626.78195073,155.87,0.8999999999999997,1.4499999999999995
2017-12-15,0.1333489554887487,0.195,0.22,FORCE_BUY,0.01171649913566824,-0.0003201229272040817,-0.0003201229272040817,0.01171649913566824,FORCE_BUY,39116629.13172325,158.02,0.8499999999999996,0.6499999999999997
2017-12-18,0.12291954068146523,0.205,0.225,FORCE_BUY,0.0013893274392168373,0.000545664701934517,0.0006315124723712272,0.0013893274392168373,FORCE_BUY,39170974.937905625,158.57,1.0999999999999996,2.0999999999999996
2017-12-19,0.18485429308849768,0.205,0.225,FORCE_BUY,-0.004975124378109522,-0.005667335481562681,-0.007746079727942632,-0.004975124378109522,FORCE_BUY,38976094.46557773,158.0,1.8499999999999996,1.4999999999999996
2017-12-20,0.17935923035803888,0.205,0.23,FORCE_BUY,-0.005056570381139034,-0.0008216926869350737,-0.0008216926869350737,-0.005056570381139034,FREE,38944068.09379007,157.41,1.9499999999999993,1.6999999999999993
2017-12-21,0.18483048671374924,0.205,0.23,FORCE_BUY,0.0015248745155346892,0.002711086958353518,0.0043331850816444835,0.0015248745155346892,FORCE_SELL,39112819.94867262,157.63,1.6999999999999993,2.0499999999999994
2017-12-22,0.1308256686016683,0.205,0.23,FORCE_BUY,-0.0029167459260669463,-0.0029167459260669463,-0.0029167459260669463,-0.0029167459260669463,FORCE_BUY,38998737.790430345,157.25,1.1999999999999997,1.5999999999999996
2017-12-26,0.13442538191771042,0.205,0.23,FORCE_BUY,-0.0024200738759395336,-0.0020691588487068997,-0.003025092344924287,-0.0024200738759395336,FREE,38918043.20704287,156.64,1.5499999999999994,-0.5
2017-12-27,0.1901830849221804,0.205,0.23,FORCE_BUY,0.0002552811283426502,0.000319101410428443,0.000319101410428443,0.0002552811283426502,FREE,38930462.00952136,156.73,2.2499999999999996,-0.5
2017-12-28,0.15711257552482497,0.195,0.22,FORCE_BUY,-0.0016564729867483642,-0.0016564729867483642,-0.0016564729867483642,-0.0016564729867483642,FORCE_BUY,38865974.750840954,156.7,2.0499999999999994,-0.5
2017-12-29,0.23725921000036523,0.195,0.22,FORCE_SELL,-0.008928571428571544,-0.009118044681548405,0.0005739795918364856,0.0005739795918364856,FORCE_SELL,38888283.02716477,155.4,1.4999999999999996,1.9499999999999993
2018-01-02,0.2052468655953543,0.195,0.22,FREE,0.0031020511521902996,0.0006330716637122353,0.0,0.0006330716637122353,FORCE_BUY,39008916.470335886,158.45,1.4499999999999995,-0.5
2018-01-03,0.15965625414906315,0.195,0.22,FORCE_BUY,0.0,0.0,0.0,0.0,FORCE_BUY,39008916.470335886,160.07,1.4499999999999995,-0.5
2018-01-04,0.17327765974765666,0.195,0.22,FORCE_BUY,0.0023717388590687653,0.00168827313566335,0.0,0.0023717388590687653,FORCE_BUY,39101435.43337875,160.6,1.4499999999999995,-0.5
2018-01-05,0.13926473887367763,0.195,0.22,FORCE_BUY,0.008085582783928335,0.0018569381203115416,-6.219679064556138e-05,0.008085582783928335,FORCE_BUY,39417593.32654576,162.08,1.4499999999999995,-0.5
2018-01-08,0.13010073320661006,0.195,0.22,FORCE_BUY,0.0034548707508175514,0.0034548707508175514,0.0034548707508175514,0.0034548707508175514,FORCE_BUY,39553776.01679726,162.65,-0.5,2.349999999999999
2018-01-09,0.17263356090275475,0.195,0.22,FORCE_BUY,-0.002764127764127975,0.00033384175928411315,0.0009213759213756505,-0.002764127764127975,FORCE_SELL,39590219.913618624,162.35,-0.5,2.349999999999999
2018-01-10,0.1612500639065386,0.195,0.22,FORCE_BUY,0.0003696857670978923,0.002018265482669653,-0.002341343191620612,0.0003696857670978923,FREE,39670123.48792158,162.36,1.8999999999999995,0.9999999999999996
2018-01-11,0.14465612198482505,0.195,0.22,FORCE_BUY,0.006096434509514189,0.0006773816121683002,0.0006773816121683002,0.006096434509514189,FORCE_BUY,39911969.79775004,163.38,1.7499999999999996,0.44999999999999973
2018-01-12,0.17766901542531346,0.195,0.22,FORCE_BUY,0.005065299646039158,-6.102770657891573e-05,-6.102770657891573e-05,0.005065299646039158,FORCE_BUY,40114135.88423931,164.69,1.5999999999999996,1.8999999999999995
2018-01-16,0.30073001482556677,0.195,0.22,FORCE_SELL,-0.006476997578692396,-0.004550281859797586,0.0007869249394674622,0.0007869249394674622,FORCE_SELL,40145702.6981918,164.13,1.5999999999999996,1.8999999999999995
2018-01-17,0.20732266603620234,0.195,0.22,FREE,0.006732168850072769,0.0009097525473071128,0.0,0.0009097525473071128,FORCE_BUY,40415970.34736085,165.99,-0.5,-0.5
2018-01-18,0.17005302754165239,0.21,0.23,FORCE_BUY,0.0023592039199078142,0.005968880883225135,0.0,0.0023592039199078142,FREE,40657208.46014421,165.7,-0.5,2.349999999999999
2018-01-19,0.1462443819800258,0.21,0.23,FORCE_BUY,0.003314850530376284,0.0051980328730131045,0.0016272902603665484,0.003314850530376284,FREE,40868545.96624498,166.47,1.8999999999999995,1.4499999999999995
2018-01-22,0.1513714903891313,0.21,0.23,FORCE_BUY,0.014198904999699065,0.0001804945550808779,0.0001804945550808779,0.014198904999699065,FORCE_BUY,41448834.56789553,168.57,2.0999999999999996,0.6499999999999997
2018-01-23,0.14467297097544776,0.21,0.23,FORCE_BUY,0.002309332070108885,0.003226383645895139,0.00029606821411646054,0.002309332070108885,FREE,41582564.40988681,169.27,2.0999999999999996,0.6499999999999997
2018-01-24,0.22498554168995397,0.21,0.23,FREE,-0.005014453424576649,-0.0036104648925476164,0.00041295498790638164,-0.0036104648925476164,FORCE_SELL,41599736.13726981,168.66,-0.5,1.0999999999999996
2018-01-25,0.20926442970095924,0.195,0.22,FREE,0.002732565046928918,0.0040399168678670215,0.0,0.0040399168678670215,FREE,41767795.61298959,168.8,-0.5,1.3999999999999995
2018-01-26,0.14257511011379578,0.195,0.22,FORCE_BUY,0.01051450174257185,0.0014160447902991,0.0,0.01051450174257185,FORCE_BUY,42206963.17274576,171.07,1.4499999999999995,0.8999999999999997
2018-01-29,0.239607545795019,0.195,0.22,FORCE_SELL,-0.0020521841102318647,-0.0020521841102318647,-0.00023453532688383658,-0.00023453532688383658,FORCE_SELL,42197064.14884126,170.2,-0.5,1.7999999999999994
2018-01-30,0.20089754652623362,0.195,0.22,FREE,-0.003956069910250593,-0.0012400052458754432,0.0,-0.0012400052458754432,FORCE_SELL,42197064.14884126,168.69,1.5499999999999994,-0.5
2018-01-31,0.1844710061830045,0.195,0.22,FORCE_BUY,0.0023651844843898483,0.005161196136142783,0.0,0.0023651844843898483,FREE,42414851.47328284,169.52,1.8499999999999996,0.6499999999999997
2018-02-01,0.2439112266743083,0.16,0.22,FORCE_SELL,-0.003951636685343634,-0.004511843863810837,-0.004335004423474006,-0.004335004423474006,FORCE_BUY,42247243.39019761,168.88,1.7499999999999996,1.8499999999999996
2018-02-02,0.33186732892374365,0.16,0.22,FORCE_SELL,-0.02250343222109489,-0.02250343222109489,0.0,0.0,FORCE_SELL,42247243.39019761,163.76,2.1999999999999993,-0.5
2018-02-05,0.7108082653992279,0.195,0.22,FORCE_SELL,-0.042787286063569664,-0.042787286063569664,0.0,0.0,FORCE_SELL,42247243.39019761,156.6,2.4499999999999993,1.3999999999999995
2018-02-06,0.580417827212954,0.195,0.22,FORCE_SELL,0.027636916835699948,-0.005919181191382379,0.0,0.0,FORCE_BUY,43414826.94231008,162.12,2.4499999999999993,1.3999999999999995
2018-02-07,0.47860255760904,0.195,0.22,FORCE_SELL,-0.00542630823925662,-0.021142627449831662,0.0,0.0,FORCE_SELL,43414826.94231008,159.46,1.4999999999999996,-0.5
2018-02-08,0.510803966698731,0.195,0.22,FORCE_SELL,-0.031573012591618106,-0.015122911644383093,0.0,0.0,FORCE_SELL,43414826.94231008,154.59,2.4499999999999993,-0.5
2018-02-09,0.4120439853811478,0.195,0.22,FORCE_SELL,0.01759854536008811,-0.007715952834651096,0.0,0.0,FORCE_BUY,44178864.743554704,156.7,2.3999999999999995,-0.5
2018-02-12,0.36214232142111275,0.195,0.22,FORCE_SELL,0.007682051933210644,0.0126827532583236,0.0,0.0,FREE,44739174.38433006,158.72,2.2999999999999994,1.4499999999999995
2018-02-13,0.3300344214881957,0.195,0.22,FORCE_SELL,0.009279717189571369,0.00786099556404812,0.0,0.0,FORCE_BUY,45154341.26991155,159.88,0.8499999999999996,-0.5
2018-02-14,0.4060633573780294,0.195,0.22,FORCE_SELL,0.0,0.0,0.0,0.0,FORCE_BUY,45154341.26991155,162.83,1.0999999999999996,-0.5
2018-02-15,0.36178340405864295,0.195,0.22,FORCE_SELL,0.01626115662061377,0.01774302779752363,0.0,0.0,FREE,45955516.00224246,166.24,-0.5,-0.5
2018-02-16,0.4425750212933482,0.195,0.22,FORCE_SELL,-0.006377858002406721,-0.00012033694344153813,0.0,0.0,FORCE_SELL,45955516.00224246,165.14,1.6999999999999993,-0.5
2018-02-20,0.43876306808089677,0.195,0.22,FORCE_SELL,0.00674157303370788,-0.0052558942854449495,0.0,0.0,FORCE_BUY,46265328.46967331,165.76,1.0499999999999996,-0.5
2018-02-21,0.4432052230150916,0.195,0.22,FORCE_SELL,0.0,0.0,0.0,0.0,FORCE_BUY,46265328.46967331,163.84,-0.5,-0.5
2018-02-22,0.44270047225724146,0.195,0.22,FORCE_SELL,0.011294950851700234,0.0020654945778528955,0.0,0.0,FORCE_BUY,46787893.08087604,165.64,-0.5,-0.5
2018-02-23,0.3621081016773622,0.195,0.22,FORCE_SELL,0.012637660227477943,0.002374626948999173,0.0,0.0,FORCE_BUY,47379182.57639172,168.27,-0.5,-0.5
2018-02-26,0.3320093294168294,0.195,0.22,FORCE_SELL,0.008009457662184184,0.001625535687897117,0.0,0.0,FORCE_BUY,47758664.13330622,170.53,2.0499999999999994,-0.5
2018-02-27,0.4506544348046652,0.195,0.22,FORCE_SELL,-0.0060063596749498765,0.0015570207769348098,0.0,0.0,FREE,47833025.36564043,168.8,2.0499999999999994,-0.5
2018-02-28,0.47774900048742436,0.195,0.22,FORCE_SELL,-0.004693162240836469,-0.004693162240836469,0.0,0.0,FORCE_SELL,47833025.36564043,167.54,1.3999999999999995,-0.5
2018-03-01,0.4692217155044398,0.195,0.22,FORCE_SELL,-0.01113772455089823,-0.01113772455089823,0.0,0.0,FORCE_SELL,47833025.36564043,165.14,1.7499999999999996,-0.5
2018-03-02,0.4164338707862705,0.195,0.22,FORCE_SELL,0.013358545809442495,0.007197755276320565,0.0,0.0,FORCE_BUY,48472005.02619156,166.13,1.7499999999999996,-0.5
2018-03-05,0.38986387508675135,0.195,0.22,FORCE_SELL,0.0,0.0,0.0,0.0,FORCE_BUY,48472005.02619156,167.86,1.9999999999999996,-0.5
2018-03-06,0.29662725222376923,0.195,0.22,FORCE_SELL,-0.007769079065320066,-0.007769079065320066,0.0,0.0,FORCE_SELL,48472005.02619156,166.03,1.9999999999999996,-0.5
2018-03-07,0.27932839401095616,0.195,0.22,FORCE_SELL,0.00970001796299636,0.0070141895336141204,0.0,0.0,FORCE_BUY,48942184.34564807,168.63,-0.5,-0.5
2018-03-08,0.2560944138281251,0.195,0.22,FORCE_SELL,0.00147206029558975,0.001530942707413223,0.0,0.0,FREE,49017112.02585692,170.08,1.4499999999999995,2.499999999999999
2018-03-09,0.226641069089197,0.195,0.22,FORCE_SELL,0.019070041200706326,0.010472336754044017,0.0,0.0,FORCE_BUY,49951870.37172965,173.14,-0.5,2.1499999999999995
2018-03-12,0.23080741670091584,0.21,0.23,FORCE_SELL,0.0007769166487652259,0.002188327796468171,0.0,0.0,FREE,50061181.43814968,173.77,-0.5,2.1499999999999995
2018-03-13,0.3475829200750323,0.21,0.23,FORCE_SELL,-0.014188063645240952,-0.010922713958649067,0.0,0.0,FORCE_SELL,50061181.43814968,171.62,0.7999999999999998,-0.5
2018-03-14,0.328321798557236,0.21,0.23,FORCE_SELL,-0.006944846345274437,-0.006892465276258375,0.0,0.0,FORCE_SELL,50061181.43814968,171.59,1.8499999999999996,-0.5
2018-03-15,0.32849031197061246,0.21,0.23,FORCE_SELL,0.0038508664449502495,0.0015143623569224998,0.0,0.0,FORCE_BUY,50253960.361944415,172.05,1.9499999999999993,-0.5
2018-03-16,0.3623667859158684,0.21,0.23,FORCE_SELL,-0.002620697687962459,-0.000988580772954381,0.0,0.0,FORCE_SELL,50253960.361944415,171.26,1.5499999999999994,-0.5
2018-03-19,0.3851518484367351,0.21,0.23,FORCE_SELL,-0.015145264894808101,-0.013277245718507675,0.0,0.0,FORCE_SELL,50253960.361944415,167.12,1.8499999999999996,-0.5
2018-03-20,0.28383601415079235,0.21,0.23,FORCE_SELL,0.005090734862550189,0.004307994055499024,0.0,0.0,FORCE_BUY,50509789.94994018,167.82,2.0499999999999994,-0.5
2018-03-21,0.3681657094630945,0.21,0.23,FORCE_SELL,-0.0018509672796751919,-0.0011941724385000662,0.0,0.0,FORCE_SELL,50509789.94994018,167.17,2.349999999999999,1.3999999999999995
2018-03-22,0.4460642117881502,0.21,0.23,FORCE_SELL,-0.02403584185990191,-0.021121894378703803,0.0,0.0,FORCE_SELL,50509789.94994018,161.2,-0.5,-0.5
2018-03-23,0.42322208751122564,0.21,0.23,FORCE_SELL,-0.016716196136701306,-0.016716196136701306,0.0,0.0,FORCE_SELL,50509789.94994018,158.82,-0.5,1.8499999999999996
2018-03-26,0.3535332935351918,0.21,0.23,FORCE_SELL,0.020819133775326973,0.015425612242243897,0.0,0.0,FORCE_BUY,51561360.02387165,164.75,-0.5,1.8499999999999996
2018-03-27,0.4180761436649103,0.21,0.23,FORCE_SELL,0.0,0.0,0.0,0.0,FORCE_BUY,51561360.02387165,159.19,1.2499999999999996,-0.5
2018-03-28,0.32546502141788736,0.195,0.23,FORCE_SELL,-0.0016451531257907776,0.011919780405824662,0.0,0.0,FREE,52175960.11278187,157.78,1.2499999999999996,-0.5
2018-03-29,0.30458818620281486,0.195,0.23,FORCE_SELL,0.00801615855582903,0.005910363282916436,0.0,0.0,FORCE_BUY,52594210.88184854,159.7,-0.5,-0.5
2018-04-02,0.3220399320378048,0.195,0.23,FORCE_SELL,-0.013919645681746315,-0.007457221914874978,0.0,0.0,FORCE_SELL,52594210.88184854,155.85,-0.5,-0.5
2018-04-03,0.2593854259128039,0.195,0.23,FORCE_SELL,0.002107952730756802,0.007380033203682708,0.0,0.0,FREE,52982357.904478066,156.88,2.3999999999999995,0.8999999999999997
2018-04-04,0.2251093770784617,0.195,0.23,FREE,0.03577655795931547,0.007080348162145675,0.0,0.007080348162145675,FORCE_BUY,54877884.30286882,160.39,2.3999999999999995,-0.5
2018-04-05,0.18806470054879496,0.24,0.365,FORCE_BUY,-0.005953126958265515,-0.004775272852385151,0.0,-0.005953126958265515,FORCE_SELL,54877884.30286882,158.63,2.499999999999999,-0.5
2018-04-06,0.2701939174503484,0.24,0.365,FREE,-0.015283018867924578,0.0033852619825768247,0.0001886792452830415,0.0033852619825768247,FREE,55063660.318283565,156.57,-0.5,-0.5
2018-04-09,0.27058630889811514,0.24,0.365,FREE,-0.00271979759645798,-0.012492672599688346,0.0011385199240987302,-0.012492672599688346,FORCE_SELL,55126351.39264974,157.67,-0.5,-0.5
2018-04-10,0.1677133616654788,0.24,0.365,FORCE_BUY,0.005441240853086564,0.007869288049361383,0.0023766339358309535,0.005441240853086564,FREE,55560156.53086881,160.76,2.2499999999999996,-0.5
2018-04-11,0.2288422739463717,0.24,0.365,FORCE_BUY,0.002556109725685676,0.006550687187383498,0.0,0.002556109725685676,FREE,55924113.7363846,160.81,2.499999999999999,-0.5
2018-04-12,0.18941071569795367,0.24,0.365,FORCE_BUY,0.0070312986124073384,0.009130366906417569,0.0018667164457718498,0.0070312986124073384,FREE,56434721.413714014,161.84,-0.5,-0.5
2018-04-13,0.19965325982452076,0.24,0.365,FORCE_BUY,-0.0031481481481481326,0.002659985672558188,0.0012962962962963177,-0.0031481481481481326,FREE,56584836.96410931,161.49,2.1499999999999995,-0.5
2018-04-16,0.2079000277078906,0.24,0.365,FORCE_BUY,0.007042253521126967,0.005860434966353562,0.001482579688658425,0.007042253521126967,FORCE_BUY,56983321.7314622,163.02,2.2999999999999994,-0.5
2018-04-17,0.18398761879722336,0.24,0.365,FORCE_BUY,0.015401540154015186,0.0026095617397784623,0.0011612272338345285,0.015401540154015186,FORCE_BUY,57860952.64921849,166.14,1.6499999999999995,-0.5
2018-04-18,0.1787038255671238,0.24,0.365,FORCE_BUY,0.0022817341179296935,0.0,0.0,0.0022817341179296935,FORCE_BUY,57992975.95897413,166.92,1.8499999999999996,-0.5
2018-04-19,0.23334370433827945,0.24,0.365,FORCE_BUY,-0.009909314755870398,-0.009909314755870398,-0.009909314755870398,-0.009909314755870398,FORCE_BUY,57418305.30656703,164.86,1.8499999999999996,-0.5
2018-04-20,0.2654976841495426,0.24,0.365,FREE,-0.010467380720545266,-0.004028220879539922,-0.002129381694254991,-0.004028220879539922,FORCE_SELL,57296039.818332076,162.6,2.499999999999999,-0.5
2018-04-23,0.23835096636369812,0.24,0.365,FORCE_BUY,-0.00030793865861916,0.004619079879288024,0.004619079879288024,-0.00030793865861916,FREE,57560694.80301982,162.32,2.4499999999999993,-0.5
2018-04-24,0.3334427444191224,0.23,0.365,FREE,-0.021245150563458184,-0.010707375464006071,0.0030174271814768635,-0.010707375464006071,FORCE_SELL,57734380.00810315,158.94,-0.5,-0.5
2018-04-25,0.19218899774539375,0.195,0.23,FORCE_BUY,0.012996025487350942,0.015292576173642875,0.0,0.012996025487350942,FREE,58617287.412215106,160.57,-0.5,-0.5
2018-04-26,0.1858259946573008,0.195,0.23,FORCE_BUY,0.026249999999999888,0.0034374999999999593,0.0034374999999999593,0.026249999999999888,FORCE_BUY,60155991.206785746,164.2,2.3999999999999995,-0.5
2018-04-27,0.2270913025457001,0.195,0.23,FREE,-0.013157093256989591,0.0001827374063471242,0.0001827374063471242,0.0001827374063471242,FREE,60166983.95659512,162.01,2.4499999999999993,-0.5
2018-04-30,0.2260376139722089,0.195,0.23,FREE,0.002426731379503424,0.0005600149337315711,0.0,0.0005600149337315711,FORCE_BUY,60312993.06457267,161.1,2.4499999999999993,-0.5
2018-05-01,0.14352313285169827,0.195,0.23,FORCE_BUY,0.018616524500342322,0.005493768608914512,0.0,0.018616524500342322,FORCE_BUY,61435811.37764826,163.6,2.4499999999999993,-0.5
2018-05-02,0.20657957290210968,0.195,0.23,FREE,-0.012590917425585327,-0.009046869329938218,-0.001528023959415743,-0.009046869329938218,FORCE_SELL,61341935.985897064,161.55,-0.5,-0.5
2018-05-03,0.18598183267842508,0.195,0.23,FORCE_BUY,0.005153999006458121,0.0055801750147292245,0.0,0.005153999006458121,FREE,61684234.724440694,161.87,2.2999999999999994,-0.5
2018-05-04,0.2063941784632358,0.195,0.23,FREE,0.018636223387843015,0.010023171766622967,0.0006170934896636432,0.010023171766622967,FORCE_BUY,62833795.90227351,165.07,2.499999999999999,-0.5
2018-05-07,0.1548817213485191,0.21,0.23,FORCE_BUY,0.0,0.0,0.0,0.0,FORCE_BUY,62833795.90227351,165.97,1.9999999999999996,-0.5
2018-05-08,0.1793010273229505,0.21,0.23,FORCE_BUY,0.0,0.0,0.0,0.0,FORCE_BUY,62833795.90227351,165.96,1.9999999999999996,-0.5
2018-05-09,0.15057096740339715,0.21,0.23,FORCE_BUY,0.008349351273426389,0.0021497150451128375,0.0,0.008349351273426389,FORCE_BUY,63358417.33610437,167.87,-0.5,2.349999999999999
2018-05-10,0.14017182606828896,0.21,0.23,FORCE_BUY,0.00784780023781228,0.0007730732635585884,0.0005350772889417964,0.00784780023781228,FORCE_BUY,63855641.53874205,169.52,-0.5,-0.5
2018-05-11,0.14954069101716375,0.21,0.23,FORCE_BUY,0.0009445657949113557,0.004681474360916002,0.001239742605820881,0.0009445657949113557,FREE,64154580.08740552,169.55,-0.5,-0.5
2018-05-14,0.20068915754511255,0.21,0.23,FORCE_BUY,-0.0005296921899828465,0.0012746685696022881,-0.00011770937555182447,-0.0005296921899828465,FREE,64236355.91423897,169.82,-0.5,-0.5
2018-05-15,0.21735151073749767,0.21,0.23,FREE,-0.010444326429456554,-0.009265409963152562,0.00035404496371043115,-0.009265409963152562,FORCE_SELL,64259098.47253752,167.7,1.5499999999999994,-0.5
2018-05-16,0.20560578671354035,0.21,0.23,FORCE_BUY,0.0076276741552946175,0.004602637830344003,0.0,0.0076276741552946175,FORCE_BUY,64749245.93719902,169.09,1.5999999999999996,-0.5
2018-05-17,0.24952507120646142,0.21,0.23,FORCE_SELL,-0.000356040826014686,0.0006538805685269936,-0.00047472110135306125,-0.00047472110135306125,FREE,64791584.21094413,168.46,2.0999999999999996,2.4499999999999993
2018-05-18,0.20331935000706758,0.21,0.23,FORCE_BUY,-0.006466156492851588,-0.005814160756712033,0.0,-0.006466156492851588,FORCE_SELL,64791584.21094413,167.48,-0.5,1.7999999999999994
2018-05-21,0.19463452159659758,0.21,0.23,FORCE_BUY,-0.0002968944837003426,0.0012161705530726859,-5.9378896740068526e-05,-0.0002968944837003426,FREE,64870381.82774841,168.36,2.4499999999999993,-0.5
2018-05-22,0.19674633934814112,0.21,0.23,FORCE_BUY,-0.0028461310406168333,0.0002371775867179351,0.0002371775867179351,-0.0028461310406168333,FREE,64885767.628359795,168.17,2.4499999999999993,-0.5
2018-05-23,0.16231850274392723,0.21,0.23,FORCE_BUY,0.013826539773747487,0.014043065082208725,-0.002094930268749601,0.013826539773747487,FREE,65796962.68607393,169.38,1.3999999999999995,2.3999999999999995
2018-05-24,0.15497815113448785,0.21,0.23,FORCE_BUY,-0.0004122739855114512,0.00023558513457818005,0.00023558513457818005,-0.0004122739855114512,FREE,65812463.47238316,169.72,2.0999999999999996,2.2499999999999996
2018-05-25,0.17318248079435705,0.21,0.23,FORCE_BUY,-0.0010007063809747358,-0.0017055092220252027,0.0005297857311043319,-0.0010007063809747358,FORCE_SELL,65847329.97645965,169.71,-0.5,2.3999999999999995
2018-05-29,0.222039093798587,0.21,0.23,FREE,-0.0015950847758018961,0.006194849006256622,-0.0027175518402551523,0.006194849006256622,FREE,66255244.24312898,169.0,1.4999999999999996,-0.5
2018-05-30,0.1648338306346682,0.21,0.23,FORCE_BUY,0.003362831858406975,0.0020653489197962217,0.0012979351032448786,0.003362831858406975,FORCE_BUY,66478049.4892563,170.07,1.2999999999999996,2.1499999999999995
2018-05-31,0.19585772790276315,0.21,0.23,FORCE_BUY,-0.0019349164467898584,0.0004104368220463206,0.0004104368220463206,-0.0019349164467898584,FREE,66505334.52862451,170.22,0.5499999999999998,2.4499999999999993
2018-06-01,0.1510830070726896,0.195,0.23,FORCE_BUY,0.012607752301647715,0.004747117652032983,0.0005277663754177531,0.012607752301647715,FORCE_BUY,67343817.31309962,172.68,0.5499999999999998,2.4499999999999993
2018-06-04,0.13036909068551641,0.195,0.23,FORCE_BUY,0.008217592592592528,0.002141767625320175,0.002893518518518558,0.008217592592592528,FORCE_BUY,67897221.36740865,174.22,-0.5,-0.5
2018-06-05,0.13685236302081835,0.195,0.23,FORCE_BUY,0.0032662884648444602,-0.0004011231448054551,-0.0004011231448054551,0.0032662884648444602,FORCE_BUY,68118993.278356,175.08,-0.5,2.3999999999999995
2018-06-06,0.13383022129828015,0.195,0.23,FORCE_BUY,0.0034813377468326115,0.0,0.0,0.0034813377468326115,FORCE_BUY,68356138.50093217,175.83,-0.5,2.3999999999999995
2018-06-07,0.1925218213757703,0.195,0.23,FORCE_BUY,-0.009704880817252959,-0.008016589996346857,0.0003972758229286294,-0.009704880817252959,FORCE_SELL,68383294.74210736,174.49,-0.5,2.3999999999999995
2018-06-08,0.1726212494035224,0.195,0.23,FORCE_BUY,0.005588845356072785,0.0023099772099415333,-0.0014980410232771715,0.005588845356072785,FORCE_BUY,68765478.40135975,174.53,-0.5,-0.5
2018-06-11,0.17516015108518027,0.195,0.23,FORCE_BUY,0.002577614847061498,0.00307047869314949,0.0,0.002577614847061498,FREE,68976621.33761536,175.03,-0.5,1.1999999999999997
2018-06-12,0.14484344907463634,0.195,0.23,FORCE_BUY,0.006976212259835293,0.0010218913237071514,-0.0005718206770356614,0.006976212259835293,FORCE_BUY,69457816.88903286,176.1,2.0499999999999994,-0.5
2018-06-13,0.21384558300587408,0.195,0.23,FREE,-0.0008525633738774977,-0.002929172423060849,0.0013072638399453758,-0.002929172423060849,FORCE_SELL,69548616.58145344,175.79,2.0499999999999994,2.499999999999999
2018-06-14,0.15522631779199092,0.195,0.23,FORCE_BUY,0.012826359594116895,0.006188389431042826,0.0006840725116862139,0.012826359594116895,FORCE_BUY,70440672.14700052,177.67,1.6499999999999995,2.2499999999999996
2018-06-15,0.16110802989724948,0.195,0.23,FORCE_BUY,-0.002425267907501449,0.00045171027668469867,0.0005640157924421909,-0.002425267907501449,FORCE_SELL,70480401.79852168,176.87,1.2499999999999996,1.7999999999999994
2018-06-18,0.15070372529368223,0.195,0.23,FORCE_BUY,-0.002784249105062884,-0.0010806828181356902,-0.002897891925677804,-0.002784249105062884,FREE,70404234.83928272,175.5,1.3499999999999996,2.1999999999999993
2018-06-19,0.15152998480804372,0.195,0.23,FORCE_BUY,0.013049726933026765,0.0038516815176776243,0.0038516815176776243,0.013049726933026765,FORCE_BUY,71322990.87886405,176.22,1.8999999999999995,0.9999999999999996
2018-06-20,0.15019303101390916,0.195,0.23,FORCE_BUY,0.007143262089687713,0.0013039287941493621,0.0013039287941493621,0.007143262089687713,FORCE_BUY,71832469.69573218,177.65,1.8999999999999995,1.0499999999999996
2018-06-21,0.2745181031783022,0.21,0.23,FORCE_SELL,-0.012604805582128327,-0.0031697045307076785,-0.001969500872207538,-0.001969500872207538,FORCE_SELL,71690995.58401361,175.47,1.8999999999999995,1.0499999999999996
2018-06-22,0.1978506254635709,0.21,0.23,FORCE_BUY,-0.006752156150703622,-0.005165502280764844,0.0,-0.006752156150703622,FORCE_SELL,71690995.58401361,175.05,-0.5,0.8499999999999996
2018-06-25,0.28134778693601453,0.21,0.23,FORCE_SELL,-0.019230769230769138,-0.019230769230769138,-0.019230769230769138,-0.019230769230769138,FORCE_BUY,70312322.59201336,171.36,2.0499999999999994,1.8999999999999995
2018-06-26,0.19285385551449888,0.21,0.23,FORCE_BUY,0.006010386882184768,0.005761186542741167,0.00256754391083621,0.006010386882184768,FORCE_BUY,70734926.85337634,172.4,2.0499999999999994,1.8999999999999995
2018-06-27,0.28593615336061246,0.21,0.23,FORCE_SELL,-0.003922716627634754,-0.002404128063797395,0.0,0.0,FORCE_SELL,70734926.85337634,170.13,2.349999999999999,-0.5
2018-06-28,0.16913634222394291,0.21,0.23,FORCE_BUY,0.0108503361245429,0.012784563366495643,0.0,0.0108503361245429,FREE,71639242.00795776,171.42,1.8499999999999996,2.499999999999999
2018-06-29,0.20538841888552142,0.21,0.23,FORCE_BUY,-0.004640640408376208,-0.0012272481084655974,0.00023203202041892294,-0.004640640408376208,FORCE_SELL,71655864.60602215,171.59,1.4999999999999996,2.349999999999999
2018-07-02,0.15129465069004946,0.21,0.23,FORCE_BUY,0.014445945152387172,0.008587373906972286,-0.00011744670855583239,0.014445945152387172,FORCE_BUY,72691001.29596762,172.75,1.2999999999999996,2.3999999999999995
2018-07-03,0.21959277978800007,0.23,0.265,FORCE_BUY,-0.013352601156069352,-0.006097630019163583,0.0017341040462427895,-0.013352601156069352,FORCE_SELL,72817055.05544041,170.69,1.2999999999999996,-0.5
2018-07-05,0.13935652398622086,0.23,0.265,FORCE_BUY,0.009305319833791837,0.005215978911838255,0.00713993094165159,0.009305319833791837,FORCE_BUY,73494641.04208611,172.46,1.6999999999999993,-0.5
2018-07-06,0.1455998355374773,0.23,0.265,FORCE_BUY,0.015383725637614974,0.0002891677751431639,0.0002891677751431639,0.015383725637614974,FORCE_BUY,74625262.43571256,175.57,2.0999999999999996,2.349999999999999
2018-07-09,0.12662266473789063,0.23,0.265,FORCE_BUY,0.007204038799705098,0.0006239718645414915,0.0006239718645414915,0.007204038799705098,FORCE_BUY,75162865.72173761,177.56,1.7999999999999994,2.499999999999999
2018-07-10,0.1598401646355,0.23,0.265,FORCE_BUY,-0.008790713400202883,0.0020286261692774098,0.0020286261692774098,-0.008790713400202883,FREE,75315343.07809861,175.9,1.7999999999999994,2.499999999999999
2018-07-11,0.1879259736173986,0.23,0.265,FORCE_BUY,0.005245153933865477,0.0022805017103763483,0.0022805017103763483,0.005245153933865477,FORCE_BUY,75710383.64612512,176.32,1.7999999999999994,2.499999999999999
2018-07-12,0.15494825481487645,0.23,0.265,FORCE_BUY,0.015488101294443599,-5.6525917132928316e-05,-5.6525917132928316e-05,0.015488101294443599,FORCE_BUY,76882993.7370775,179.65,1.7999999999999994,2.499999999999999
2018-07-13,0.15851101655426394,0.23,0.265,FORCE_BUY,-0.0012785591194617652,-0.0018344543887929383,-0.0018344543887929383,-0.0012785591194617652,FORCE_BUY,76784694.28430344,179.66,1.7999999999999994,2.499999999999999
2018-07-16,0.20086140648565673,0.23,0.265,FORCE_BUY,-0.010725797488051615,5.557408024889601e-05,5.557408024889601e-05,-0.010725797488051615,FREE,76788961.52306548,178.01,1.7999999999999994,2.499999999999999
2018-07-17,0.18863642148904333,0.195,0.23,FORCE_BUY,0.0160382667416997,0.015419245920090138,0.015419245920090138,0.0160382667416997,FORCE_BUY,78020523.37079051,180.55,1.5499999999999994,-0.5
2018-07-18,0.2072234783763167,0.195,0.23,FREE,-0.0017193566278425577,0.0015579176979806711,-0.0002773155851360439,0.0015579176979806711,FREE,78142072.92495559,179.99,1.6499999999999995,-0.5
2018-07-19,0.2535811770125694,0.195,0.23,FORCE_SELL,-0.0008903232986477512,-0.0008903232986477512,-0.0008903232986477512,-0.0008903232986477512,FORCE_BUY,78072501.21682587,179.55,1.4499999999999995,-0.5
2018-07-20,0.2423613299277054,0.195,0.23,FORCE_SELL,-0.003951249373921821,-0.0002234494126061403,0.00022260559853075186,0.00022260559853075186,FORCE_SELL,78089880.59268804,178.98,2.1499999999999995,-0.5
2018-07-23,0.16302906425430178,0.195,0.23,FORCE_BUY,0.009098520792631817,0.0014233882221600757,0.0,0.009098520792631817,FORCE_BUY,78800382.99495474,180.78,2.0999999999999996,1.7499999999999996
2018-07-24,0.21535955822283406,0.195,0.23,FREE,-0.0016065591933965115,0.0016065591933965115,0.0016065591933965115,0.0016065591933965115,FREE,78926980.47469844,180.22,1.7999999999999994,1.6499999999999995
2018-07-25,0.15616654048938997,0.195,0.23,FORCE_BUY,-0.0015793411099722181,-0.0015793411099722181,0.0,-0.0015793411099722181,FORCE_SELL,78926980.47469844,180.17,1.7999999999999994,2.349999999999999
2018-07-26,0.17409251954989188,0.195,0.23,FORCE_BUY,0.0033860671662503234,0.0033860671662503234,0.0033860671662503234,0.0033860671662503234,FORCE_BUY,79194232.53181508,180.76,1.7999999999999994,2.349999999999999
2018-07-27,0.27226946572756255,0.195,0.23,FORCE_SELL,-0.019449662946181796,-0.01834456846060343,-0.01834456846060343,-0.01834456846060343,FREE,77741448.51145026,177.46,1.7999999999999994,2.349999999999999
2018-07-30,0.2170052850880604,0.195,0.23,FREE,-0.009940133288150885,-0.009940133288150885,0.0,-0.009940133288150885,FORCE_SELL,77741448.51145026,175.3,1.7999999999999994,2.349999999999999
2018-07-31,0.16176643836692636,0.195,0.23,FORCE_BUY,0.008780432179713948,0.0029514023911870694,0.0007406351559382983,0.008780432179713948,FORCE_BUY,78424052.02765778,176.93,2.2499999999999996,-0.5
2018-08-01,0.16133869727345893,0.195,0.23,FORCE_BUY,0.00316885468537801,0.004651934982405846,0.0008488003621548338,0.00316885468537801,FREE,78788875.61874726,177.28,1.4999999999999996,1.5499999999999994
2018-08-02,0.19813017752995574,0.195,0.23,FREE,0.01986040969188,-0.0001545772490049962,-0.0022130170799523137,-0.0001545772490049962,FORCE_BUY,80353654.96769816,179.73,1.3999999999999995,-0.5
2018-08-03,0.12948095285571817,0.23,0.265,FORCE_BUY,0.0026182385382428892,0.00080775444264948,0.0,0.0026182385382428892,FORCE_BUY,80564040.00382327,179.98,2.1499999999999995,1.4499999999999995
2018-08-06,0.1367747426633745,0.23,0.265,FORCE_BUY,0.006334389064844253,0.0022225926543312483,0.0022225926543312483,0.006334389064844253,FORCE_BUY,81074363.97784315,181.11,1.3499999999999996,1.9999999999999996
2018-08-07,0.1582011290696713,0.23,0.265,FORCE_BUY,0.0014871936105754415,0.002204748163082353,0.0008812999173780942,0.0014871936105754415,FREE,81253112.53289635,181.82,1.3499999999999996,1.9999999999999996
2018-08-08,0.14723504571859394,0.23,0.265,FORCE_BUY,-0.0004951039718339881,-0.0004951039718339881,-0.0004951039718339881,-0.0004951039718339881,FORCE_BUY,81212883.79415745,181.69,1.3499999999999996,1.9999999999999996
2018-08-09,0.2048526752305028,0.235,0.265,FORCE_BUY,-0.0004950767368942558,0.0020311892018806603,0.0003300511579295486,-0.0004950767368942558,FREE,81377842.52677374,181.7,1.5499999999999994,-0.25000000000000006
2018-08-10,0.21444315696252655,0.235,0.265,FORCE_BUY,-0.002152793111061892,-0.0010475187569343547,-0.002097593287701472,-0.002152793111061892,FREE,81292597.71032809,180.77,1.9499999999999993,1.7499999999999996
2018-08-13,0.28278045153980597,0.235,0.265,FORCE_SELL,0.004112481938424062,0.0025606410890431333,0.0051128153829056305,0.0051128153829056305,FORCE_SELL,81708231.7544178,180.68,2.0499999999999994,2.4499999999999993
2018-08-14,0.17767458118768575,0.235,0.265,FORCE_BUY,0.005956173643238933,0.0026180154427915213,0.0,0.005956173643238933,FORCE_BUY,82194900.17082913,181.56,-0.5,-0.5
2018-08-15,0.2537611352294535,0.235,0.265,FREE,-0.010804851157662717,-0.010804851157662717,-0.010804851157662717,-0.010804851157662717,FORCE_BUY,81306796.50856438,179.44,-0.5,1.6999999999999993
2018-08-16,0.2252990011612063,0.235,0.265,FORCE_BUY,0.0,0.0,0.0,0.0,FORCE_BUY,81306796.50856438,179.53,1.7999999999999994,-0.5
2018-08-17,0.1746536491897528,0.235,0.265,FORCE_BUY,0.004411189904517263,0.008222014548593264,0.0,0.004411189904517263,FREE,81975302.1723573,179.88,1.5999999999999996,2.2499999999999996
2018-08-20,0.16859964804750496,0.235,0.265,FORCE_BUY,-0.0046537396121883986,0.0014164878206974355,0.0006648199445983812,-0.0046537396121883986,FREE,82091419.18948245,179.66,1.3999999999999995,1.9999999999999996
2018-08-21,0.2033017488701915,0.235,0.265,FORCE_BUY,-0.004221987667351683,0.0005742156261666496,0.00072218210099447,-0.004221987667351683,FORCE_SELL,82150704.14306632,179.25,1.0999999999999996,2.499999999999999
2018-08-22,0.15182736155712181,0.2,0.23,FORCE_BUY,0.00751126690035071,0.004781940712927241,0.003672174929060293,0.00751126690035071,FORCE_BUY,82767760.00793664,181.08,-0.5,2.4499999999999993
2018-08-23,0.20527221655544328,0.2,0.23,FREE,-0.0011597084161697575,0.0004167844061731961,0.0014910536779322002,0.0004167844061731961,FORCE_SELL,82891171.18091069,180.87,-0.5,2.1999999999999993
2018-08-24,0.1375819038933587,0.2,0.23,FORCE_BUY,0.007171226831420957,0.002252265124347767,0.0,0.007171226831420957,FORCE_BUY,83485602.57177114,182.58,-0.5,2.499999999999999
2018-08-27,0.11848482123494831,0.2,0.23,FORCE_BUY,0.007970302434763522,0.0003275466754012588,0.0003275466754012588,0.007970302434763522,FORCE_BUY,84151008.07321663,184.64,1.3499999999999996,2.1999999999999993
2018-08-28,0.1455169694281051,0.2,0.23,FORCE_BUY,0.0013008835167215658,0.0013008835167215658,0.0013008835167215658,0.0013008835167215658,FORCE_BUY,84260478.73253459,184.73,1.3499999999999996,2.1999999999999993
2018-08-29,0.13569138044433285,0.2,0.23,FORCE_BUY,0.010768981005465713,0.0006493857892743395,0.0006493857892743395,0.010768981005465713,FORCE_BUY,85167878.2275167,186.78,1.3499999999999996,2.1999999999999993
2018-08-30,0.19515673225927932,0.2,0.23,FORCE_BUY,-0.0025723472668808794,-0.0025723472668808794,-0.0025723472668808794,-0.0025723472668808794,FORCE_BUY,84948796.86873211,186.12,1.3499999999999996,2.1999999999999993
2018-08-31,0.1758725159184271,0.2,0.23,FORCE_BUY,0.004889318719105881,0.004835589941972868,0.004835589941972868,0.004889318719105881,FORCE_BUY,85364138.61142793,187.03,0.5999999999999996,2.2499999999999996
2018-09-04,0.17594974429094526,0.2,0.23,FORCE_BUY,-0.00635615853007161,-0.00635615853007161,-0.00635615853007161,-0.00635615853007161,FORCE_BUY,84821550.61363068,186.03,-0.5,1.8499999999999996
2018-09-05,0.24691859582353473,0.2,0.23,FORCE_SELL,-0.01094575649735789,-0.007191640592708816,-0.0008087997411841833,-0.0008087997411841833,FORCE_SELL,84752946.96544753,183.43,-0.5,1.8499999999999996
2018-09-06,0.24652949302296268,0.2,0.23,FORCE_SELL,-0.011107481215288975,-0.006460883481431095,0.0,0.0,FORCE_SELL,84752946.96544753,181.62,2.0499999999999994,-0.5
2018-09-07,0.228116259080576,0.2,0.23,FREE,-0.0034701184246765217,-0.006423422717156197,0.0,-0.006423422717156197,FORCE_SELL,84752946.96544753,180.92,1.8499999999999996,-0.5
2018-09-10,0.16492460722864902,0.2,0.23,FORCE_BUY,0.0004949133901567568,0.002914722360469745,0.0023095958207314878,0.0004949133901567568,FREE,84999978.27508342,181.94,2.0999999999999996,-0.5
2018-09-11,0.1826039087753174,0.2,0.23,FORCE_BUY,0.006259609048978691,-0.00016472655392041588,-0.00016472655392041588,0.006259609048978691,FORCE_BUY,85532044.90825711,183.26,2.0999999999999996,-0.5
2018-09-12,0.15341095713398112,0.2,0.23,FORCE_BUY,-0.005994550408719355,-0.0104087193460491,-0.0104087193460491,-0.005994550408719355,FORCE_BUY,85019318.75349373,182.4,-0.5,2.499999999999999
2018-09-13,0.13815744442867506,0.2,0.23,FORCE_BUY,0.010510181738559214,0.00010948105977652081,0.00010948105977652081,0.010510181738559214,FORCE_BUY,85912887.24488144,184.6,1.9999999999999996,-0.5
2018-09-14,0.167985562515904,0.2,0.23,FORCE_BUY,-0.005839100346020777,0.0005947231833909009,0.0005947231833909009,-0.005839100346020777,FREE,85963981.63067801,183.88,1.9999999999999996,-0.5
2018-09-17,0.2253868156232058,0.2,0.23,FREE,-0.01797091978434899,-0.01797091978434899,-0.01797091978434899,-0.01797091978434899,FORCE_BUY,84419129.81244986,180.33,1.9999999999999996,-0.5
2018-09-18,0.17072453502919716,0.2,0.23,FORCE_BUY,0.007272326593576175,0.005564431711751526,0.005564431711751526,0.007272326593576175,FORCE_BUY,85033053.2951915,182.83,1.9999999999999996,-0.5
2018-09-19,0.15810778120113972,0.2,0.23,FORCE_BUY,0.00071077091306727,-0.002515035538545624,-0.002515035538545624,0.00071077091306727,FORCE_BUY,85093492.31612302,183.03,1.7499999999999996,1.8999999999999995
2018-09-20,0.14306328417235095,0.2,0.23,FORCE_BUY,0.011599912453490832,0.0017509301816590256,0.0017509301816590256,0.011599912453490832,FORCE_BUY,86080569.37735185,184.88,1.1499999999999997,1.9999999999999996
2018-09-21,0.20829115146248459,0.2,0.23,FREE,-0.010419478486206255,-0.010419478486206255,-0.010419478486206255,-0.010419478486206255,FORCE_BUY,85183654.73664415,183.3,1.0499999999999996,2.2499999999999996
2018-09-24,0.16056976681578658,0.2,0.23,FORCE_BUY,0.008219178082191782,0.007342465753424714,0.007342465753424714,0.008219178082191782,FORCE_BUY,85883794.36461657,184.0,1.6999999999999993,-0.5
2018-09-25,0.149348048253063,0.2,0.23,FORCE_BUY,0.00277309553585995,0.0007068674895329437,0.0007068674895329437,0.00277309553585995,FORCE_BUY,86121958.33137181,184.42,2.0999999999999996,-0.5
2018-09-26,0.22645114249104437,0.2,0.23,FREE,-0.0008125677139763072,0.0014089792035516576,0.0010834236186349467,0.0014089792035516576,FREE,86243302.37962987,184.45,2.0999999999999996,2.4499999999999993
2018-09-27,0.1675857136638602,0.2,0.23,FORCE_BUY,0.007151370679380145,0.0014086033156354438,0.0,0.007151370679380145,FORCE_BUY,86860060.20356047,185.9,1.2999999999999996,-0.5
2018-09-28,0.17671816267252405,0.2,0.23,FORCE_BUY,0.0017225601550302997,0.00021908811971777938,0.00021908811971777938,0.0017225601550302997,FORCE_BUY,87009681.88233066,186.09,-0.5,2.1499999999999995
2018-10-01,0.20239179489027734,0.2,0.23,FREE,-0.0028907922912206445,0.001499191334022938,0.001659528907922894,0.001499191334022938,FORCE_SELL,87154076.96468356,186.26,-0.5,2.1499999999999995
2018-10-02,0.22764395457776967,0.2,0.23,FREE,-0.0015054572826495628,-0.0015054572826495628,-0.0015054572826495628,-0.0015054572826495628,FORCE_BUY,87022870.22480448,185.71,1.9499999999999993,1.5499999999999994
2018-10-03,0.20656632788061538,0.2,0.23,FREE,-0.0029013539651836806,0.0009133892112615125,0.0009133892112615125,0.0009133892112615125,FREE,87102355.97560082,185.58,2.1999999999999993,-0.5
2018-10-04,0.29939712901377585,0.2,0.23,FORCE_SELL,-0.012972972972973127,-0.013297297297297395,0.0,0.0,FORCE_SELL,87102355.97560082,182.6,1.4999999999999996,-0.5
2018-10-05,0.3105372083027224,0.2,0.23,FORCE_SELL,-0.010373216245883523,-0.009439087688203297,0.0,0.0,FORCE_SELL,87102355.97560082,180.31,1.9499999999999993,2.4499999999999993
2018-10-08,0.20459581376125746,0.2,0.23,FREE,-0.0031691315467587216,0.009189657987860365,0.0,0.009189657987860365,FREE,87902796.83695346,179.29,2.2999999999999994,-0.5
2018-10-09,0.19688597417974615,0.2,0.23,FORCE_BUY,0.0036850921273032192,0.002484645449469614,0.002484645449469614,0.0036850921273032192,FORCE_BUY,88226726.74154526,179.76,2.0999999999999996,-0.5
2018-10-10,0.385404442810694,0.2,0.23,FORCE_SELL,-0.05053206306758055,-0.047124881475717716,-0.018385425371887067,-0.018385425371887067,FORCE_SELL,86604640.84123272,170.42,1.8499999999999996,0.8999999999999997
2018-10-11,0.26299574507917284,0.2,0.23,FORCE_SELL,0.011009714453930043,0.026574389645535972,0.0,0.0,FREE,88906106.31205933,171.72,1.9999999999999996,2.1999999999999993
2018-10-12,0.18481554122948418,0.2,0.265,FORCE_BUY,0.016440106889741016,0.004879749041477909,0.0,0.016440106889741016,FORCE_BUY,90367732.20298027,174.97,2.499999999999999,-0.5
2018-10-15,0.17335719106516412,0.2,0.265,FORCE_BUY,-0.0030050855293572718,-0.0030050855293572718,-0.0030050855293572718,-0.0030050855293572718,FORCE_BUY,90096169.43861626,172.52,-0.5,1.8999999999999995
2018-10-16,0.1704714646581821,0.2,0.265,FORCE_BUY,0.033344911427578915,0.0192124165525762,0.0096677086951487,0.033344911427578915,FORCE_BUY,93100418.22851107,178.5,-0.5,1.8999999999999995
2018-10-17,0.1429719763353198,0.2,0.265,FORCE_BUY,-0.008960071680573396,-0.011984095872766899,-0.011984095872766899,-0.008960071680573396,FORCE_BUY,92266231.80769224,176.97,-0.5,-0.5
2018-10-18,0.1944743866488138,0.2,0.265,FORCE_BUY,-0.021308980213089673,-0.009825999548040209,-0.0027059022492812675,-0.021308980213089673,FORCE_SELL,92016568.4035111,173.61,-0.5,-0.5
2018-10-19,0.2032025275114581,0.2,0.265,FREE,-0.007531332643440298,-0.00032825086333801835,0.0010348395998620939,-0.00032825086333801835,FORCE_SELL,92111790.79233848,172.63,2.1499999999999995,-0.5
2018-10-22,0.16834874403624753,0.2,0.265,FORCE_BUY,0.0,0.0,0.0,0.0,FORCE_BUY,92111790.79233848,173.57,1.9999999999999996,-0.5
2018-10-23,0.17087123032434573,0.2,0.265,FORCE_BUY,0.011663847903423367,0.0019286796261718728,0.0,0.011663847903423367,FORCE_BUY,93186168.71025227,173.47,2.349999999999999,-0.5
2018-10-24,0.271990509391349,0.2,0.265,FORCE_SELL,-0.03698550724637676,-0.033977490128130144,0.0031884057971015866,0.0031884057971015866,FORCE_SELL,93483284.03077774,166.12,2.0999999999999996,-0.5
2018-10-25,0.21103205581096232,0.2,0.265,FREE,-0.008471563981042662,-6.1844795297583e-05,0.0,-6.1844795297583e-05,FORCE_SELL,93483284.03077774,167.37,2.349999999999999,-0.5
2018-10-26,0.2166618973701211,0.2,0.265,FREE,0.003599280143971319,-0.004901089002914343,-0.0009598080383923265,-0.004901089002914343,FORCE_BUY,93819756.55878294,167.3,-0.5,1.7999999999999994
2018-10-29,0.2486418583908551,0.2,0.265,FREE,-0.024619970193740615,-0.0076343188124593855,0.0,-0.0076343188124593855,FORCE_SELL,93819756.55878294,163.62,-0.5,1.8999999999999995
2018-10-30,0.15064283183898833,0.19,0.265,FORCE_BUY,0.00855167394468695,0.02006952181063837,-6.065016982044413e-05,0.00855167394468695,FREE,95702674.2093082,166.29,2.4499999999999993,-0.5
2018-10-31,0.1738812836906638,0.19,0.265,FORCE_BUY,0.014107238926415314,0.0,0.0,0.014107238926415314,FORCE_BUY,97052774.70027581,169.65,2.4499999999999993,-0.5
2018-11-01,0.15346229815644033,0.19,0.265,FORCE_BUY,0.007378113563924001,0.011090050340385849,0.0024790461574785367,0.007378113563924001,FREE,98129094.857376,170.67,2.4499999999999993,-0.5
2018-11-02,0.20258078460431275,0.19,0.265,FREE,-0.018234442836468932,-0.0030283987790320336,0.0021418234442836326,-0.0030283987790320336,FORCE_SELL,98339270.05330785,169.6,2.4499999999999993,-0.5
2018-11-05,0.13458031210752464,0.19,0.265,FORCE_BUY,0.013093387540356386,0.008190840607437553,0.0,0.013093387540356386,FORCE_BUY,99626864.22655158,169.45,2.0999999999999996,-0.5
2018-11-06,0.16212729460746247,0.19,0.265,FORCE_BUY,0.008412820664731343,-0.001672064534176947,-0.0030215060133894096,0.008412820664731343,FORCE_BUY,100465007.1686791,170.21,2.0999999999999996,-0.5
2018-11-07,0.16421662819560395,0.19,0.265,FORCE_BUY,0.01831884057971019,0.008791082921670211,0.002434782608695638,0.01831884057971019,FORCE_BUY,102305409.61884157,175.66,2.349999999999999,1.9499999999999993
2018-11-08,0.1911900799507743,0.19,0.265,FREE,-0.00842536718661048,-0.005692815666628747,-0.005692815666628747,-0.005692815666628747,FREE,101723003.78018257,174.18,2.4499999999999993,-0.5
2018-11-09,0.21311611354225476,0.19,0.265,FREE,-0.014867746211029908,-0.014127130938114152,0.0,-0.014127130938114152,FORCE_SELL,101723003.78018257,170.95,1.9999999999999996,-0.5
2018-11-12,0.27953846248149267,0.19,0.265,FORCE_SELL,-0.03247813411078717,-0.03247813411078717,-0.03247813411078717,-0.03247813411078717,FORCE_BUY,98419230.42125769,165.93,1.9499999999999993,-0.5
2018-11-13,0.2709667833555304,0.19,0.265,FORCE_SELL,-0.0002981692408610924,0.012712228738389494,0.00787166795873342,0.00787166795873342,FREE,99670358.19062898,167.64,1.9499999999999993,-0.5
2018-11-14,0.2676941286124041,0.19,0.265,FORCE_SELL,0.0018763997336723474,0.009191657784091051,0.0,0.0,FREE,100586494.01433502,165.52,1.8999999999999995,1.5999999999999996
2018-11-15,0.2102572096383408,0.19,0.27,FREE,0.011852210195319728,0.011437796716116288,0.0,0.011437796716116288,FORCE_BUY,101778666.2842032,167.33,-0.5,1.8999999999999995
2018-11-16,0.19616609621387093,0.19,0.27,FREE,0.007129590797435772,0.008930324957426707,0.0,0.008930324957426707,FREE,102687582.84785461,168.1,-0.5,1.6499999999999995
2018-11-19,0.24661956380674163,0.19,0.27,FREE,-0.03938782773757276,-0.03938782773757276,-0.03938782773757276,-0.03938782773757276,FORCE_BUY,98642942.02385558,161.94,-0.5,1.5499999999999994
2018-11-20,0.3100625690689561,0.19,0.27,FORCE_SELL,-0.010986282664018436,0.004809431243086926,0.00024827757432811266,0.00024827757432811266,FREE,99117358.47113512,159.34,2.1999999999999993,-0.5
2018-11-21,0.2991905582017566,0.19,0.27,FORCE_SELL,-0.004957550969821013,-0.0030437703568455686,0.0,0.0,FORCE_SELL,99117358.47113512,160.57,2.4499999999999993,-0.5
2018-11-23,0.363253705702065,0.19,0.27,FORCE_SELL,-0.004007514088916606,-0.004007514088916606,0.0,0.0,FORCE_SELL,99117358.47113512,159.06,-0.5,2.2499999999999996
2018-11-26,0.2739537015414127,0.19,0.27,FORCE_SELL,-0.0017306384819828387,0.004445496300603944,0.0,0.0,FREE,99557984.3215442,161.51,-0.5,-0.5
2018-11-27,0.28454972656222677,0.19,0.27,FORCE_SELL,0.010231124807395981,0.008376673049549222,0.0,0.0,FORCE_BUY,100576574.4847107,163.91,-0.5,-0.5
2018-11-28,0.16036079359596453,0.19,0.27,FORCE_BUY,0.0,0.0,0.0,0.0,FORCE_BUY,100576574.4847107,168.32,-0.5,-0.5
2018-11-29,0.1684575068554152,0.19,0.27,FORCE_BUY,0.0023830801310694406,0.0023830801310694406,0.0,0.0023830801310694406,FORCE_BUY,100816256.52101623,168.25,-0.5,-0.5
2018-11-30,0.12595976336344772,0.19,0.27,FORCE_BUY,0.011012560271444745,0.007889814584937186,0.004643728793380518,0.011012560271444745,FORCE_BUY,101926501.62229536,169.84,1.3499999999999996,-0.5
2018-12-03,0.2000856036679133,0.19,0.27,FREE,-0.011923963133640568,0.003233080442563817,0.0013248847926268087,0.003233080442563817,FREE,102256038.20126936,171.53,0.9999999999999996,-0.5
2018-12-04,0.38852206609458134,0.19,0.27,FORCE_SELL,-0.027651116567286194,-0.01811066949098248,0.002630655910206938,0.002630655910206938,FORCE_SELL,102525038.65251787,166.33,-0.5,-0.5
2018-12-06,0.295901999553256,0.19,0.27,FORCE_SELL,0.022137732262218737,0.02287756804256583,0.0,0.0,FREE,104870562.20035754,166.68,2.2999999999999994,-0.5
2018-12-07,0.34160436646046494,0.19,0.27,FORCE_SELL,-0.025981873111782655,-0.02897199677826646,0.0,0.0,FORCE_SELL,104870562.20035754,161.2,2.2999999999999994,-0.5
2018-12-10,0.25708329359089443,0.19,0.27,FREE,0.01219967633511765,0.009148511309666476,0.0,0.009148511309666476,FORCE_BUY,106149949.11628374,162.62,2.2999999999999994,-0.5
2018-12-11,0.25940865881431047,0.19,0.27,FREE,0.009581721024507118,0.008294870490282238,0.0,0.008294870490282238,FORCE_BUY,107167048.31548159,164.37,-0.5,-0.5
2018-12-12,0.25906410865239055,0.19,0.27,FREE,-0.01052505681138615,-0.006279153211338483,0.0,-0.006279153211338483,FORCE_SELL,107167048.31548159,165.46,2.3999999999999995,1.4499999999999995
2018-12-13,0.21231318126678986,0.19,0.27,FREE,-0.005388061508657305,0.012266650890131498,0.0,0.012266650890131498,FREE,108481629.08409345,164.29,2.499999999999999,2.1499999999999995
2018-12-14,0.21474410694501156,0.19,0.27,FREE,-0.011731466126159306,-0.01112479422077331,0.00116700448375405,-0.01112479422077331,FORCE_SELL,108608227.63163953,160.9,-0.5,-0.5
2018-12-17,0.33806962104026655,0.19,0.27,FORCE_SELL,-0.018773234200743442,-0.0004342129319274942,-0.0001858736059479131,-0.0001858736059479131,FORCE_SELL,108588040.22873402,158.37,-0.5,2.0499999999999994
2018-12-18,0.33541195067861157,0.19,0.27,FORCE_SELL,-0.0014532128640930987,-0.0014532128640930987,0.0,0.0,FORCE_SELL,108588040.22873402,158.04,-0.5,2.0499999999999994
2018-12-19,0.3480325547325634,0.19,0.27,FORCE_SELL,-0.023409477062488193,-0.02083805195037136,0.0,0.0,FORCE_SELL,108588040.22873402,155.19,-0.5,2.2999999999999994
2018-12-20,0.2986836707567068,0.19,0.27,FORCE_SELL,-0.008082244924350251,-0.005888164924833392,0.0,0.0,FORCE_SELL,108588040.22873402,153.41,-0.5,-0.5
2018-12-21,0.3004292577133835,0.19,0.27,FORCE_SELL,-0.03531647228410445,-0.028927794606525642,0.0,0.0,FORCE_SELL,108588040.22873402,147.23,-0.5,-0.5
2018-12-24,0.285882221480628,0.19,0.27,FORCE_SELL,-0.03534978033119291,-0.01633096939582483,0.0,0.0,FORCE_SELL,108588040.22873402,142.72,-0.5,-0.5
2018-12-26,0.36577915328514354,0.19,0.27,FORCE_SELL,0.0,0.0,0.0,0.0,FORCE_BUY,108588040.22873402,151.78,-0.5,-0.5
2018-12-27,0.2817010109611215,0.19,0.27,FORCE_SELL,0.02424145127628828,-0.0029360431349624767,0.0,0.0,FORCE_BUY,111220371.9151265,153.12,-0.5,-0.5
2018-12-28,0.3161352385971254,0.19,0.27,FORCE_SELL,0.002950626188446823,0.002950626188446823,0.0,0.0,FORCE_BUY,111548541.65718807,152.96,-0.5,-0.5
2018-12-31,0.265312618352775,0.19,0.27,FREE,0.0038380487804878494,0.0038380487804878494,0.0,0.0038380487804878494,FORCE_BUY,111976670.40146065,154.3401,-0.5,-0.5
2019-01-02,0.3113633143743652,0.19,0.27,FORCE_SELL,0.006855697550585716,-0.010552086094721073,0.00499201277955276,0.00499201277955276,FORCE_BUY,112744348.58645469,151.27,-0.5,-0.5
2019-01-03,0.3654589125420067,0.19,0.27,FORCE_SELL,-0.008689307508623002,0.0076245323359567085,0.0,0.0,FREE,113603971.5179485,149.45,2.1499999999999995,-0.5
2019-01-04,0.19131444033780629,0.19,0.27,FREE,0.029328598671664482,0.006272776738979673,0.0,0.006272776738979673,FORCE_BUY,116935816.80610561,156.53,2.0499999999999994,-0.5
2019-01-07,0.1791444854085096,0.2,0.27,FORCE_BUY,0.013829310455214839,0.008540436675954501,0.0,0.013829310455214839,FORCE_BUY,118552958.52005136,158.35,1.2499999999999996,-0.5
2019-01-08,0.18307792396927555,0.2,0.27,FORCE_BUY,0.005794180627283056,0.0032107439486411932,0.0010076835873536255,0.005794180627283056,FORCE_BUY,119239875.77561532,159.7,2.2499999999999996,-0.5
2019-01-09,0.21042042240388592,0.2,0.27,FREE,-0.0008124999999998848,0.0003749687656170779,0.0006250000000000628,0.0003749687656170779,FORCE_SELL,119314400.69797508,159.87,2.499999999999999,-0.5
2019-01-10,0.1682874339071269,0.2,0.27,FORCE_BUY,0.009848199723999697,0.004834610101115021,0.001129092961987273,0.009848199723999697,FORCE_BUY,120489432.74599807,160.99,-0.5,-0.5
2019-01-11,0.16569241951121153,0.2,0.27,FORCE_BUY,-0.002792429413589937,0.0004965900936917446,0.00043437790878060833,-0.002792429413589937,FREE,120549266.60469426,160.7,-0.5,-0.5
2019-01-14,0.19070850370965595,0.2,0.27,FORCE_BUY,0.001065830721003026,0.0012600768854050017,-0.0033228840125392144,0.001065830721003026,FREE,120701167.94909535,159.67,-0.5,-0.5
2019-01-15,0.15805799615068494,0.2,0.27,FORCE_BUY,0.014874999999999987,0.0031537313910086607,-0.001187500000000015,0.014874999999999987,FORCE_BUY,122496597.82233815,162.38,-0.5,2.349999999999999
2019-01-16,0.21127377284336502,0.2,0.27,FREE,-0.0025865254341667,0.006102322116174341,0.005111466929424834,0.006102322116174341,FREE,123244111.52038553,161.96,2.1499999999999995,2.349999999999999
2019-01-17,0.17488785852843045,0.2,0.27,FORCE_BUY,0.01311962373909275,0.014117182365442299,0.007426202116467532,0.01311962373909275,FREE,124983971.11818571,163.71,2.3999999999999995,2.1499999999999995
2019-01-18,0.13998532089565038,0.2,0.27,FORCE_BUY,0.010566821402394285,0.0037869533349621184,0.0037869533349621184,0.010566821402394285,FORCE_BUY,126304654.41915357,165.45,-0.5,1.3499999999999996
2019-01-22,0.20101792998891696,0.2,0.27,FREE,-0.013226868218944414,-0.013226868218944414,-0.013226868218944414,-0.013226868218944414,FORCE_BUY,124634039.39971212,161.89,-0.5,1.5499999999999994
2019-01-23,0.17124315378867672,0.2,0.27,FORCE_BUY,0.0028435433022190007,-0.00025299892985278905,-0.004450763429560535,0.0028435433022190007,FORCE_BUY,124988441.68767565,162.23,-0.5,1.5499999999999994
2019-01-24,0.12060687960868503,0.2,0.27,FORCE_BUY,0.0016612317725959451,0.0,0.0,0.0016612317725959451,FORCE_BUY,125196076.45821448,162.8,2.349999999999999,-0.5
2019-01-25,0.14901723722050156,0.2,0.27,FORCE_BUY,0.00958485958485969,0.0016483516483515401,0.0016483516483515401,0.00958485958485969,FORCE_BUY,126396063.27164184,165.37,-0.5,1.5999999999999996
2019-01-28,0.12274138245497512,0.2,0.27,FORCE_BUY,-0.013624475396873791,-0.010956470444417853,-0.008757983091052817,-0.013624475396873791,FORCE_SELL,125289088.68673316,162.17,-0.5,1.5999999999999996
2019-01-29,0.1847720342729949,0.2,0.27,FORCE_BUY,6.15308885059006e-05,-0.00746868970783067,0.0010460251046023415,6.15308885059006e-05,FORCE_SELL,125420144.21883222,162.53,2.499999999999999,-0.5
2019-01-30,0.15557141231723656,0.2,0.27,FORCE_BUY,0.024457690653229225,0.01106086223255931,0.005469182080747242,0.024457690653229225,FORCE_BUY,128487631.30781981,166.71,2.349999999999999,1.6999999999999993
2019-01-31,0.15595753765382514,0.2,0.27,FORCE_BUY,0.0049679774944633775,0.0026801323990136242,0.00017956545160706242,0.0049679774944633775,FORCE_BUY,129125954.96847396,167.9,1.6999999999999993,1.8499999999999996
2019-02-01,0.18263548256627193,0.2,0.27,FORCE_BUY,-0.0032163916850318735,-0.0022641833303218336,-0.0014295074155697702,-0.0032163916850318735,FORCE_SELL,128941368.45830399,167.35,-0.5,-0.5
2019-02-04,0.11555756448230724,0.2,0.27,FORCE_BUY,0.008547519426180403,0.0037002544859949765,0.004662283323371249,0.008547519426180403,FORCE_BUY,130043497.31003962,168.73,1.6999999999999993,-0.5
2019-02-05,0.1205494597808856,0.2,0.27,FORCE_BUY,0.010710692940410828,0.0032585826264792442,0.0028995798567961304,0.010710692940410828,FORCE_BUY,131436353.2786246,170.8,1.4499999999999995,-0.5
2019-02-06,0.140927056942279,0.2,0.27,FORCE_BUY,-0.0024046920821114348,-0.002929834374399974,0.0022287390029325964,-0.0024046920821114348,FORCE_SELL,131729290.60557988,170.09,1.4999999999999996,0.3999999999999998
2019-02-07,0.1906646229249197,0.2,0.27,FORCE_BUY,-0.01324542297050696,-0.010537583285810464,-0.011479366574439423,-0.01324542297050696,FREE,130341182.23464286,167.62,2.1499999999999995,2.4499999999999993
2019-02-08,0.13699827827373415,0.2,0.27,FORCE_BUY,0.006867721707972652,-0.0003583159151984703,-0.0003583159151984703,0.006867721707972652,FORCE_BUY,131236329.20131855,168.6,2.4499999999999993,-0.5
2019-02-11,0.18686611207259166,0.2,0.27,FORCE_BUY,-0.0025418218360229016,-0.0010692227826486944,0.0015960276644795214,-0.0025418218360229016,FORCE_SELL,131445786.0133086,168.74,2.3999999999999995,2.2999999999999994
2019-02-12,0.15450710350408195,0.2,0.27,FORCE_BUY,0.01126644251754851,0.0005308794903557627,0.0005308794903557627,0.01126644251754851,FORCE_BUY,132926712.40560153,171.44,1.8999999999999995,1.7499999999999996
2019-02-13,0.16685786950653825,0.2,0.27,FORCE_BUY,-0.005361930294906218,-5.8281851031573066e-05,-5.8281851031573066e-05,-0.005361930294906218,FREE,132918965.19075099,170.66,1.8999999999999995,1.9499999999999993
2019-02-14,0.15489813167217592,0.2,0.27,FORCE_BUY,-0.0048410615339749,0.0012831729367161122,0.0012831729367161122,-0.0048410615339749,FREE,133089523.20966008,170.62,1.8999999999999995,1.9499999999999993
2019-02-15,0.12071857899561511,0.2,0.27,FORCE_BUY,0.010032267527134153,0.010764246485082247,0.00721619243179839,0.010032267527134153,FREE,134522131.64207095,172.16,0.7999999999999998,-0.5
2019-02-19,0.12483158384386776,0.2,0.27,FORCE_BUY,0.00017419579607474113,0.004079561864488057,-0.00023226106143298816,0.00017419579607474113,FREE,135070923.00024757,172.25,1.0999999999999996,2.2999999999999994
2019-02-20,0.13182253132961322,0.2,0.27,FORCE_BUY,-0.0010448107731599037,0.001335976930752772,-0.0004643603436267421,-0.0010448107731599037,FREE,135251374.6373914,172.1,1.1999999999999997,1.7999999999999994
2019-02-21,0.14746939808535034,0.2,0.27,FORCE_BUY,-0.007182992527370867,0.00294321340985357,0.0008109830272837801,-0.007182992527370867,FREE,135649448.29692528,171.39,1.0499999999999996,1.7499999999999996
2019-02-22,0.11281033568620978,0.2,0.27,FORCE_BUY,0.006048973419414742,0.004242781366597283,0.0025010178561041944,0.006048973419414742,FORCE_BUY,136469988.20403165,172.97,-0.5,2.4499999999999993
2019-02-25,0.18417996620261123,0.2,0.27,FORCE_BUY,-0.0017876708378985634,-0.0008682419157861541,0.002883340061126879,-0.0017876708378985634,FORCE_SELL,136863477.58816183,173.1,0.6499999999999997,2.2499999999999996
2019-02-26,0.15320378437296148,0.2,0.27,FORCE_BUY,0.003065001156604021,0.003007889209219373,0.004799907471663176,0.003065001156604021,FORCE_SELL,137520409.61683506,173.45,1.1999999999999997,2.2499999999999996
2019-02-27,0.13489552580795122,0.2,0.27,FORCE_BUY,0.002488281928129126,0.00167749831006645,0.0019096117122850789,0.002488281928129126,FORCE_BUY,137862599.16683355,173.24,1.1999999999999997,-0.5
2019-02-28,0.15495311043063512,0.2,0.27,FORCE_BUY,0.00271833429728157,0.002547482850176896,0.0019086176980912923,0.00271833429728157,FORCE_BUY,138237355.79846114,173.37,1.0999999999999996,1.1499999999999997
2019-03-01,0.14878347523766164,0.2,0.27,FORCE_BUY,0.0014917665959033985,0.007441063466399255,0.00034425382982376405,0.0014917665959033985,FREE,139265988.73638472,174.55,1.4999999999999996,-0.5
2019-03-04,0.20643970821370372,0.2,0.27,FREE,-0.005144326950557175,-0.0020320714890163663,0.0025721634752787974,-0.0020320714890163663,FORCE_SELL,139624203.62596104,174.05,0.6499999999999997,2.2499999999999996
2019-03-05,0.16017454449843196,0.2,0.27,FORCE_BUY,0.00028686173264493063,0.00028686173264493063,0.0,0.00028686173264493063,FORCE_BUY,139664256.46693236,174.35,0.6499999999999997,2.2499999999999996
2019-03-06,0.20800588347132434,0.2,0.27,FREE,-0.008138468592388655,-0.008138468592388655,-0.008138468592388655,-0.008138468592388655,FORCE_BUY,138527603.30219692,173.06,1.2499999999999996,2.1999999999999993
2019-03-07,0.2266209682495741,0.2,0.27,FREE,-0.010121457489878522,-0.006776621696439873,-0.0018507807981493025,-0.006776621696439873,FORCE_SELL,138271219.07399157,171.15,1.2499999999999996,-0.5
2019-03-08,0.1430409407336257,0.2,0.27,FORCE_BUY,0.004926975189160702,0.0024634875945801376,0.0,0.004926975189160702,FORCE_BUY,138952477.93974414,171.33,1.6999999999999993,-0.5
2019-03-11,0.18393147735982063,0.2,0.27,FORCE_BUY,0.022261072261072254,0.006585081585081416,0.006585081585081416,0.022261072261072254,FORCE_BUY,142045709.09201583,175.42,1.7499999999999996,-0.5
2019-03-12,0.14299971230332453,0.2,0.27,FORCE_BUY,0.0013109147905387263,-0.003020803647762846,-0.003020803647762846,0.0013109147905387263,FORCE_BUY,142231918.91299713,175.68,1.7499999999999996,-0.5
2019-03-13,0.16048243377182278,0.2,0.27,FORCE_BUY,0.009278761313827112,0.0005692491603575728,0.0005692491603575728,0.009278761313827112,FORCE_BUY,143551654.93979844,177.3,1.7499999999999996,-0.5
2019-03-14,0.19749006250412093,0.2,0.27,FORCE_BUY,-0.0034937450693113786,0.0015253196546594551,0.0002817536346217235,-0.0034937450693113786,FREE,143770617.100537,176.84,1.7499999999999996,-0.5
2019-03-15,0.14104491483639237,0.2,0.27,FORCE_BUY,0.00654738386860097,0.003053062489567726,0.0005079866794604395,0.00654738386860097,FORCE_BUY,144711938.51971987,178.33,0.7999999999999998,1.7999999999999994
2019-03-18,0.1467239369401483,0.2,0.27,FORCE_BUY,0.0014578894246942528,0.002242906807222084,0.002242906807222084,0.0014578894246942528,FREE,145036513.91171205,178.6,-0.5,2.0499999999999994
2019-03-19,0.1871076826165866,0.2,0.27,FORCE_BUY,0.00039163030099579585,0.0026854649211143777,0.0026854649211143777,0.00039163030099579585,FREE,145426004.38210267,178.81,-0.5,2.0499999999999994
2019-03-20,0.18788767657005168,0.2,0.27,FORCE_BUY,0.004578959124413617,0.008347747425065105,0.001005137368773597,0.004578959124413617,FREE,146639983.93572086,179.9,-0.5,2.0499999999999994
2019-03-21,0.18159251698971726,0.2,0.27,FORCE_BUY,0.017821341055914465,0.0042312663558251645,0.002840276230786423,0.017821341055914465,FORCE_BUY,149253305.10187316,182.76,0.5999999999999996,1.1499999999999997
2019-03-22,0.3761111003989441,0.2,0.27,FORCE_SELL,-0.02379910274647111,-0.02074562905150032,0.00010942116205283676,0.00010942116205283676,FORCE_SELL,149269636.57195765,178.43,1.2499999999999996,1.1499999999999997
2019-03-25,0.16662401667546012,0.2,0.27,FORCE_BUY,0.0063066614111155495,0.0063066614111155495,0.0,0.0063066614111155495,FORCE_BUY,150211029.62877727,178.71,2.0499999999999994,2.4499999999999993
2019-03-26,0.21050362742431647,0.2,0.27,FREE,0.0011182555213867177,0.0022410805692020053,-0.0006709533128320306,0.0022410805692020053,FREE,150547664.64855814,179.05,2.1999999999999993,-0.5
2019-03-27,0.3072116699112167,0.2,0.27,FORCE_SELL,-0.01107832767355138,-0.011183080832391456,-0.0031731893336303493,-0.0031731893336303493,FORCE_SELL,150069948.40489239,177.64,2.1499999999999995,2.499999999999999
2019-03-28,0.32162725390810043,0.2,0.27,FORCE_SELL,0.004998034480822334,0.0026392083266180075,0.0,0.0,FORCE_BUY,150820003.18155524,178.96,1.5499999999999994,-0.5
2019-03-29,0.26353593765347166,0.2,0.27,FREE,0.006997704752841065,0.006997704752841065,0.0,0.006997704752841065,FORCE_BUY,151875397.0346423,179.88,1.5999999999999996,2.2999999999999994
2019-04-01,0.27718270640594933,0.2,0.27,FORCE_SELL,0.003580083718880856,0.0036409980358851684,0.000330469266358379,0.000330469266358379,FREE,152428375.05694473,182.21,-0.5,1.1999999999999997
2019-04-02,0.27521263503467214,0.2,0.27,FORCE_SELL,0.0,0.0,0.0,0.0,FORCE_BUY,152428375.05694473,182.54,-0.5,-0.5
2019-04-03,0.18552138893779901,0.2,0.27,FORCE_BUY,-0.003300126252983688,-0.0017780804461430845,0.0,-0.003300126252983688,FORCE_SELL,152428375.05694473,184.02,-0.5,-0.5
2019-04-04,0.1593698294283097,0.2,0.27,FORCE_BUY,-0.0014689880304678967,0.0,0.0,-0.0014689880304678967,FREE,152428375.05694473,183.53,1.5499999999999994,-0.5
2019-04-05,0.13252904196878984,0.2,0.27,FORCE_BUY,0.0044000217285023535,0.005330112575393584,0.0004888913031669282,0.0044000217285023535,FREE,153240835.45568255,184.9,1.0499999999999996,-0.5
2019-04-08,0.12784950154859837,0.2,0.27,FORCE_BUY,0.0042846295693676015,0.004022549720096027,0.0005965939906714382,0.0042846295693676015,FORCE_BUY,153897415.67051056,185.17,1.3999999999999995,2.4499999999999993
2019-04-09,0.19313083107207873,0.2,0.27,FORCE_BUY,-0.003244646333549443,-0.00305591797337464,-0.00018927103612363208,-0.003244646333549443,FORCE_SELL,153868287.34718984,184.32,1.3999999999999995,2.4499999999999993
2019-04-10,0.12613782789781108,0.2,0.27,FORCE_BUY,0.00595399188092015,0.003843031123139369,0.003843031123139369,0.00595399188092015,FORCE_BUY,154784417.8807861,185.85,1.2499999999999996,1.1999999999999997
2019-04-11,0.16790525709258672,0.2,0.27,FORCE_BUY,-0.001241096481761275,0.0018384815372647734,0.00043168573278653047,-0.001241096481761275,FREE,155068986.17531618,185.09,-0.5,-0.5
2019-04-12,0.1253728809283229,0.2,0.27,FORCE_BUY,0.0035089613474411497,0.006000133080953344,0.0035089613474411497,0.0035089613474411497,FREE,155999420.7290966,185.89,1.3999999999999995,2.1999999999999993
2019-04-15,0.13370860020682349,0.2,0.27,FORCE_BUY,0.0010771219302024967,0.00021503895444164683,0.0012386902197328712,0.0010771219302024967,FORCE_SELL,156192655.68583772,185.88,0.8499999999999996,2.349999999999999
2019-04-16,0.1438790644501148,0.2,0.27,FORCE_BUY,-0.0006431212819550873,2.6419706064596447e-05,0.0005895278417921634,-0.0006431212819550873,FORCE_SELL,156284735.60504797,186.47,1.6499999999999995,1.6999999999999993
2019-04-17,0.2000708193255325,0.2,0.27,FREE,0.00026745119015779564,0.0009098837214295097,5.349023803155913e-05,0.0009098837214295097,FREE,156426936.5418829,187.0,1.7999999999999994,2.0499999999999994
2019-04-18,0.17145371734522263,0.2,0.27,FORCE_BUY,0.004610765601543844,0.00421014163260345,0.0026270641218097846,0.004610765601543844,FORCE_BUY,157148184.4800451,187.38,-0.5,1.0499999999999996
2019-04-22,0.1306583335062951,0.2,0.27,FORCE_BUY,0.006420545746388249,-0.0009659097823172277,0.00037453183520588074,0.006420545746388249,FORCE_BUY,158157161.58746108,188.1,-0.5,-0.5
2019-04-23,0.1534546277766399,0.2,0.27,FORCE_BUY,0.013840830449827049,0.0012189138681419445,0.0007452754857600732,0.013840830449827049,FORCE_BUY,160346188.045419,190.45,0.9499999999999997,1.9499999999999993
2019-04-24,0.19812531305523148,0.2,0.27,FORCE_BUY,0.005313552188552296,0.008783409218767213,0.0014993686868687098,0.005313552188552296,FREE,161754574.23169133,191.09,0.9499999999999997,2.0999999999999996
2019-04-25,0.16757344065699453,0.2,0.27,FORCE_BUY,-0.007330610535134442,-0.0013133272326755797,0.0007854225573359869,-0.007330610535134442,FORCE_SELL,161881619.9230452,189.58,-0.5,1.1499999999999997
2019-04-26,0.15310125187705056,0.2,0.27,FORCE_BUY,0.0041087231352719,0.0009992835397883509,0.0005794353139486038,0.0041087231352719,FORCE_BUY,162546746.6799983,190.62,0.7999999999999998,1.8999999999999995
2019-04-29,0.12811681365097152,0.2,0.27,FORCE_BUY,-0.0061291843470059875,-0.0037777896295032192,5.2386191000224076e-05,-0.0061291843470059875,FORCE_SELL,162555261.88491637,189.72,0.8999999999999997,1.4999999999999996
2019-04-30,0.1567334839731978,0.2,0.27,FORCE_BUY,0.006170886075949412,-0.0018784252411481392,-0.0008966244725737608,0.006170886075949412,FORCE_BUY,163558371.88705432,190.77,2.0499999999999994,0.24999999999999978
2019-05-01,0.2554663157340386,0.2,0.27,FREE,-0.01339963360376858,0.00041873855011783246,0.00041873855011783246,0.00041873855011783246,FREE,163626860.08255792,188.49,1.9999999999999996,0.6499999999999997
2019-05-02,0.2349309683036097,0.2,0.27,FREE,-0.0015372382719321127,-0.0020153504334976787,0.0,-0.0020153504334976787,FORCE_SELL,163626860.08255792,188.36,1.4999999999999996,1.3499999999999996
2019-05-03,0.15015240903138447,0.2,0.27,FORCE_BUY,0.010989010989010938,0.003113773245984777,0.0,0.010989010989010938,FORCE_BUY,165424957.4461025,191.36,1.4999999999999996,1.3499999999999996
2019-05-06,0.2455131373121813,0.2,0.27,FREE,0.0072517862855924825,0.002431977714206295,-0.0031993174789377208,0.002431977714206295,FORCE_BUY,166624583.8838049,188.9,1.6999999999999993,1.8999999999999995
2019-05-07,0.2846442817089933,0.2,0.27,FORCE_SELL,-0.0167880899588216,-0.013567733079928245,-0.013567733079928245,-0.013567733079928245,FREE,164363866.00511533,186.24,1.6999999999999993,1.8999999999999995
2019-05-08,0.21313592655860633,0.2,0.27,FREE,-0.0006455430631016067,0.008323912445032444,0.0,0.008323912445032444,FREE,165732016.43486896,185.77,0.7499999999999998,-0.5
2019-05-09,0.2619062959299156,0.2,0.27,FREE,0.002929369643050864,0.001355677657807602,-0.00021699034392958768,0.001355677657807602,FORCE_BUY,166217506.77269486,184.88,1.6499999999999995,-0.5
2019-05-10,0.29531673883809,0.2,0.27,FORCE_SELL,0.007014300473057367,0.0025180118237659137,0.0,0.0,FORCE_BUY,167383406.309081,185.2,2.0499999999999994,0.9999999999999996
2019-05-13,0.30489903469650775,0.2,0.27,FORCE_SELL,-0.02252747252747253,-0.02156153755659635,0.0,0.0,FORCE_SELL,167383406.309081,177.9,1.8499999999999996,2.3999999999999995
2019-05-14,0.33511564390296106,0.2,0.27,FORCE_SELL,0.006116548042704548,0.001946174377224261,0.0,0.0,FORCE_BUY,168407214.95532203,180.94,2.349999999999999,-0.5
2019-05-15,0.3489675873547829,0.2,0.27,FORCE_SELL,0.02136919042571009,0.0056691973162587605,0.0,0.0,FORCE_BUY,172005940.80076578,183.06,2.349999999999999,-0.5
2019-05-16,0.34540491318302213,0.2,0.27,FORCE_SELL,0.0,0.0,0.0,0.0,FORCE_BUY,172005940.80076578,185.26,2.2999999999999994,2.349999999999999
2019-05-17,0.3958700429514776,0.2,0.27,FORCE_SELL,-0.004402173913043366,0.0031440182043125505,0.0,0.0,FREE,172546730.6098933,183.19,1.3999999999999995,-0.5
2019-05-20,0.3195176852845711,0.2,0.27,FORCE_SELL,-0.01289687961090774,-0.01289687961090774,0.0,0.0,FORCE_SELL,172546730.6098933,180.63,1.3499999999999996,1.7999999999999994
2019-05-21,0.3019837909883652,0.2,0.27,FORCE_SELL,0.007585405016333532,0.010700371308358884,0.0,0.0,FREE,174393044.69546252,181.98,1.3499999999999996,1.7999999999999994
2019-05-22,0.3614949994769465,0.2,0.27,FORCE_SELL,-0.0021533874440947598,0.002590263011967088,0.0,0.0,FREE,174844768.54868153,180.72,1.9499999999999993,2.0999999999999996
2019-05-23,0.25019845061523927,0.2,0.27,FREE,-0.005516549648946794,-0.004484548597255188,0.0,-0.004484548597255188,FORCE_SELL,174844768.54868153,178.47,1.5999999999999996,1.0499999999999996
2019-05-24,0.3812783632378787,0.2,0.27,FORCE_SELL,-0.001736791977141429,-0.001736791977141429,0.0,0.0,FORCE_SELL,174844768.54868153,178.18,2.4499999999999993,-0.5
2019-05-28,0.43555600856498927,0.2,0.27,FORCE_SELL,-0.0017982579376230017,0.004033063857618534,0.0,0.0,FREE,175549928.66540888,177.63,2.3999999999999995,1.9999999999999996
2019-05-29,0.25216121472371916,0.2,0.27,FREE,-0.0009648127128262692,-0.000567965231779164,0.0,-0.000567965231779164,FORCE_SELL,175549928.66540888,176.03,2.349999999999999,1.5999999999999996
2019-05-30,0.3074271236181967,0.2,0.27,FORCE_SELL,-0.007868666855363748,-0.0013097788045159616,0.0002830455703368543,0.0002830455703368543,FORCE_SELL,175599617.2950906,175.26,-0.5,1.7999999999999994
2019-05-31,0.2573018884064593,0.2,0.27,FREE,-0.0035505669453671958,-0.0032399486371781296,0.0,-0.0032399486371781296,FORCE_SELL,175599617.2950906,174.0,2.1999999999999993,1.4999999999999996
2019-06-03,0.3043558434316154,0.2,0.27,FORCE_SELL,-0.010489713126630098,0.0011386846691289836,0.0053897421037379396,0.0053897421037379396,FORCE_SELL,176546053.9458262,170.74,2.499999999999999,2.1999999999999993
2019-06-04,0.31632357008109135,0.2,0.27,FORCE_SELL,0.02473312722393963,0.00642001173301729,0.0,0.0,FORCE_BUY,180912589.95895284,175.67,1.9999999999999996,-0.5
2019-06-05,0.26530096883165005,0.2,0.27,FREE,0.0,0.0,0.0,0.0,FORCE_BUY,180912589.95895284,175.89,2.0499999999999994,2.0999999999999996
2019-06-06,0.2774176947928411,0.2,0.27,FORCE_SELL,0.008926033316277272,0.005173688100517568,0.0,0.0,FORCE_BUY,182527421.76426047,177.46,1.4499999999999995,2.2999999999999994
2019-06-07,0.15370667570650443,0.2,0.27,FORCE_BUY,0.0019904898816764317,0.0019904898816764317,0.0,0.0019904898816764317,FORCE_BUY,182890740.75041074,181.22,0.5499999999999998,2.499999999999999
2019-06-10,0.16440559719631945,0.2,0.27,FORCE_BUY,0.007924715205547288,0.007924715205547288,0.007924715205547288,0.007924715205547288,FORCE_BUY,184340097.78458932,183.15,0.9499999999999997,2.4499999999999993
2019-06-11,0.17607834659751376,0.2,0.27,FORCE_BUY,-0.003967391304347862,0.00157600156415271,0.0015217391304348223,-0.003967391304347862,FREE,184630618.0670339,183.27,0.9499999999999997,2.4499999999999993
2019-06-12,0.17204804696539708,0.2,0.27,FORCE_BUY,0.0006023106828013759,0.00016426654985502432,0.00016426654985502432,0.0006023106828013759,FORCE_BUY,184741823.0606679,182.74,2.349999999999999,-0.5
2019-06-13,0.15216417965090967,0.2,0.27,FORCE_BUY,0.00010938525486772802,0.0024579363188897293,0.00010938525486772802,0.00010938525486772802,FREE,185195906.69718662,182.86,1.1499999999999997,-0.5
2019-06-14,0.1597306008959558,0.2,0.27,FORCE_BUY,-0.000821107948324812,0.0012579496713204623,-0.002682285964528112,-0.000821107948324812,FREE,185428873.82714626,182.53,0.8499999999999996,-0.5
2019-06-17,0.1691114370446847,0.2,0.27,FORCE_BUY,0.005686789151355903,0.0031573139467575002,0.0,0.005686789151355903,FORCE_BUY,186483368.73517463,183.92,0.6499999999999997,1.8999999999999995
2019-06-18,0.17919302153934216,0.2,0.27,FORCE_BUY,0.01781336819741798,0.007073271963317181,0.006155689927548087,0.01781336819741798,FORCE_BUY,189805265.64514914,186.84,0.9499999999999997,1.4999999999999996
2019-06-19,0.16352435178135308,0.2,0.27,FORCE_BUY,0.00642776795757666,0.007952081690486525,-0.00021425893191920342,0.00642776795757666,FREE,191314612.62284386,187.89,0.9499999999999997,2.0499999999999994
2019-06-20,0.18101170152551949,0.2,0.27,FORCE_BUY,-0.0019031507718331826,0.001319975907970236,0.0003700570945232564,-0.0019031507718331826,FREE,191567143.30234867,188.8,0.9499999999999997,2.0499999999999994
2019-06-21,0.1631142956379626,0.2,0.27,FORCE_BUY,-0.0016441262264651057,-0.0006364359586316004,-0.0006364359586316004,-0.0016441262264651057,FREE,191445223.08385873,188.24,0.9499999999999997,2.0499999999999994
2019-06-24,0.1634263402026002,0.2,0.27,FORCE_BUY,-0.0022787493375725984,0.0007432024817459534,0.00031796502384743767,-0.0022787493375725984,FREE,191587505.64877307,188.27,0.9499999999999997,2.0499999999999994
2019-06-25,0.24290480220437086,0.2,0.27,FREE,-0.014486578610992635,-0.0042072711100800885,0.000266297400937387,-0.0042072711100800885,FORCE_SELL,191638524.9035794,185.04,0.9499999999999997,2.0499999999999994
2019-06-26,0.2010896081621578,0.2,0.27,FREE,0.002050175343943915,0.00471390595910854,0.0009171837065012058,0.00471390595910854,FREE,192541890.88811716,185.73,2.0999999999999996,-0.5
2019-06-27,0.14475439798020692,0.2,0.27,FORCE_BUY,-0.00048164401155957403,-0.0012862405684778253,-0.000374612008990902,-0.00048164401155957403,FORCE_SELL,192469762.38355666,186.77,1.8999999999999995,-0.5
2019-06-28,0.13515674812488523,0.2,0.27,FORCE_BUY,0.002406417112299321,0.003346881071839084,-0.0005882352941176688,0.002406417112299321,FREE,193113935.78817958,187.45,1.6999999999999993,0.9999999999999996
2019-07-01,0.16211454815180812,0.2,0.27,FORCE_BUY,-0.003061493797835806,0.002269728160464455,0.002269728160464455,-0.003061493797835806,FREE,193552251.92641613,188.87,-0.5,1.3499999999999996
2019-07-02,0.1129371194364321,0.2,0.27,FORCE_BUY,0.00736033889330167,-0.0004236166269525906,-0.0004236166269525906,0.00736033889330167,FORCE_BUY,194976862.09415627,190.24,-0.5,1.3499999999999996
2019-07-03,0.0871397340937395,0.2,0.27,FORCE_BUY,0.00393184796854528,0.0008387942332896119,0.0008387942332896119,0.00393184796854528,FORCE_BUY,195743481.4732945,191.5,-0.5,1.3499999999999996
2019-07-05,0.13639199904901217,0.2,0.27,FORCE_BUY,-0.00401899890390936,-0.0020889886797126117,-0.0013570645649562726,-0.00401899890390936,FORCE_SELL,195477844.9307659,190.82,-0.5,1.3499999999999996
2019-07-08,0.10350092794439293,0.2,0.27,FORCE_BUY,-0.0047829286239882566,-0.0007864952823112552,-0.0012614317250078326,-0.0047829286239882566,FREE,195324102.52793148,189.35,1.5499999999999994,2.4499999999999993
2019-07-09,0.13325071248104553,0.2,0.27,FORCE_BUY,0.012915227212330651,0.013926439345424027,0.012543183630082232,0.012915227212330651,FREE,198044271.79448608,190.58,0.7999999999999998,0.2999999999999998
2019-07-10,0.12823129198072328,0.2,0.27,FORCE_BUY,0.011609581844925245,0.0025457671981469624,-0.0004727884009244997,0.011609581844925245,FORCE_BUY,200343482.9768028,192.57,0.7499999999999998,0.9499999999999997
2019-07-11,0.13719913552268662,0.2,0.27,FORCE_BUY,-0.0031596394903140733,0.000363313813290717,0.00015539210608087167,-0.0031596394903140733,FREE,200416270.53157106,192.45,1.2499999999999996,1.2499999999999996
2019-07-12,0.09427921092250159,0.2,0.27,FORCE_BUY,0.003996055840988086,0.00280026539593908,0.0009860397529710976,0.003996055840988086,FORCE_BUY,201217145.1400578,193.46,1.2999999999999996,1.2499999999999996
2019-07-15,0.09261888748107117,0.2,0.27,FORCE_BUY,0.0034094431242898257,0.0007748734373385806,0.0007748734373385806,0.0034094431242898257,FORCE_BUY,201903183.5520448,194.24,1.4499999999999995,1.2499999999999996
2019-07-16,0.1553409933469484,0.2,0.27,FORCE_BUY,-0.006589785831960545,-0.0024335469462486276,0.00036037891268519073,-0.006589785831960545,FORCE_SELL,201975945.20180097,192.96,1.4499999999999995,1.2499999999999996
2019-07-17,0.20744028757171798,0.2,0.27,FREE,-0.0103460762505819,-0.002659373197795374,0.0009311468625524276,-0.002659373197795374,FORCE_SELL,202164014.46948668,191.31,1.8999999999999995,-0.5
2019-07-18,0.1358129876175012,0.2,0.27,FORCE_BUY,0.010198744769874535,0.015511846771126101,0.0008368200836821734,0.010198744769874535,FREE,205299951.68457308,193.15,1.9499999999999993,0.9499999999999997
2019-07-19,0.23384020004496056,0.2,0.27,FREE,-0.017038413878562603,-0.011118183547845698,0.0005679471292853558,-0.011118183547845698,FORCE_SELL,205416551.20277476,190.38,1.9499999999999993,1.5999999999999996
2019-07-22,0.13317593265031274,0.2,0.27,FORCE_BUY,0.009479417618099981,0.0034565832198597173,0.0034565832198597173,0.009479417618099981,FORCE_BUY,207363780.47729567,192.75,1.9499999999999993,-0.4
2019-07-23,0.11799351817868127,0.2,0.27,FORCE_BUY,0.0021247927031508387,0.0003109452736317361,0.0003109452736317361,0.0021247927031508387,FORCE_BUY,207804385.5249516,193.37,1.9499999999999993,-0.4
2019-07-24,0.10726329800127764,0.2,0.27,FORCE_BUY,0.008849557522123888,0.0033106163532893498,0.0030016043057497217,0.008849557522123888,FORCE_BUY,209643362.38800427,194.94,-0.5,2.3999999999999995
2019-07-25,0.17473032622948523,0.2,0.27,FORCE_BUY,-0.003128686464584166,0.0010353153639872342,-5.128994204223271e-05,-0.003128686464584166,FREE,209860409.38204253,194.36,0.8999999999999997,1.7499999999999996
2019-07-26,0.10211586601633721,0.2,0.27,FORCE_BUY,0.0015921113450771632,0.0005135843048635283,0.0005135843048635283,0.0015921113450771632,FORCE_BUY,210194530.5207022,195.02,1.4499999999999995,1.7499999999999996
2019-07-29,0.13932033085147807,0.2,0.27,FORCE_BUY,-0.0009741092027685971,0.001082834503330881,5.1268905408736785e-05,-0.0009741092027685971,FREE,210422136.41076148,194.86,1.2999999999999996,2.349999999999999
2019-07-30,0.16051134191958918,0.2,0.27,FORCE_BUY,-0.0005142974696565078,-0.0028322142194948797,-0.004371528492079796,-0.0005142974696565078,FORCE_BUY,210313916.83844572,194.34,1.2999999999999996,2.499999999999999
2019-07-31,0.31066796599381846,0.2,0.27,FORCE_SELL,-0.019342558773599274,-0.00972377957427449,0.000977416533772564,0.000977416533772564,FORCE_SELL,210519481.1380461,190.63,1.7499999999999996,1.6499999999999995
2019-08-01,0.37386752691171093,0.2,0.27,FORCE_SELL,-0.025159497839061518,-0.025159497839061518,0.0,0.0,FORCE_SELL,210519481.1380461,189.47,1.6999999999999993,2.1999999999999993
2019-08-02,0.2931242405085983,0.2,0.27,FORCE_SELL,-0.005937234944868349,-0.0008147390505128791,0.0,0.0,FORCE_SELL,210519481.1380461,187.52,2.499999999999999,-0.5
2019-08-05,0.3609569813108468,0.2,0.27,FORCE_SELL,-0.03980180768811935,-0.03198778233820889,0.0,0.0,FORCE_SELL,210519481.1380461,176.35,2.1499999999999995,1.1999999999999997
2019-08-06,0.3386785772498209,0.185,0.27,FORCE_SELL,0.005450941526263675,0.012726632589827088,0.0,0.0,FREE,213198685.22749102,182.61,2.349999999999999,-0.5
2019-08-07,0.35743680067528055,0.185,0.27,FORCE_SELL,0.009623845138583453,0.011060113730555553,0.0,0.0,FREE,215556686.93331197,183.59,2.499999999999999,2.4499999999999993
2019-08-08,0.33820701951373217,0.185,0.27,FORCE_SELL,0.017436508366275024,0.006141326964549431,0.0,0.0,FORCE_BUY,219315242.9084312,187.89,-0.5,1.5499999999999994
2019-08-09,0.3413936045108776,0.185,0.27,FORCE_SELL,0.006802353830373141,0.006424445284241125,0.0,0.0,FORCE_BUY,220807102.7910886,186.49,2.3999999999999995,2.499999999999999
2019-08-12,0.3821466176255652,0.185,0.27,FORCE_SELL,-0.00891131629804587,-0.01116598668670818,0.0,0.0,FORCE_SELL,220807102.7910886,184.62,1.7999999999999994,1.7999999999999994
2019-08-13,0.18848101999541644,0.185,0.27,FREE,0.0,0.0,0.0,0.0,FORCE_BUY,220807102.7910886,188.79,2.4499999999999993,-0.5
2019-08-14,0.2715462937814585,0.185,0.27,FORCE_SELL,-0.021049812533475976,-0.011043284372771882,0.0,0.0,FORCE_SELL,220807102.7910886,182.77,2.1499999999999995,-0.5
2019-08-15,0.20766415143975792,0.185,0.27,FREE,0.005934391999560409,0.005934391999560409,0.0,0.005934391999560409,FORCE_BUY,222117458.69533816,183.07,1.5499999999999994,-0.5
2019-08-16,0.1889241574073205,0.185,0.27,FREE,0.006677161934748478,0.006074921896373749,0.0006514304326584927,0.006074921896373749,FORCE_BUY,223600572.93558174,185.44,2.0999999999999996,-0.5
2019-08-19,0.19466473022818723,0.185,0.27,FREE,0.004651660161471494,0.0011762818799123708,0.0011762818799123708,0.0011762818799123708,FORCE_BUY,224640686.81278837,187.9,2.2999999999999994,-0.5
2019-08-20,0.26299934202204694,0.195,0.27,FREE,0.0,0.0,0.0,0.0,FORCE_BUY,224640686.81278837,186.95,2.2999999999999994,-0.5
2019-08-21,0.1957010615452711,0.195,0.27,FREE,0.005736747051949558,0.005532639176457205,0.0,0.005532639176457205,FORCE_BUY,225929393.61060956,189.34,1.5999999999999996,-0.5
2019-08-22,0.20846599910578664,0.195,0.27,FREE,-0.002547365069256596,0.002976556078165249,0.0,0.002976556078165249,FREE,226601885.1203974,187.95,1.5499999999999994,-0.5
2019-08-23,0.353817032512966,0.195,0.27,FORCE_SELL,-0.02164455663569475,0.0009365276503671779,0.0,0.0,FREE,226814104.05143797,182.16,1.7999999999999994,-0.5
2019-08-26,0.17693479851818186,0.195,0.27,FORCE_BUY,0.002878870179250347,0.004506920293177613,0.0,0.002878870179250347,FREE,227836337.13976628,184.63,0.9999999999999996,-0.5
2019-08-27,0.24382055573753125,0.195,0.27,FREE,0.003091441588024667,-0.0022598668353886026,0.002603319232020939,-0.0022598668353886026,FORCE_BUY,228540679.86766338,184.95,-0.5,-0.5
2019-08-28,0.19443556353225755,0.185,0.215,FREE,0.006809391512774465,0.006147918767613105,0.0,0.006147918767613105,FORCE_BUY,230096902.83347797,184.82,2.2999999999999994,2.2999999999999994
2019-08-29,0.20438174094505898,0.185,0.215,FREE,0.0016542155816435234,0.003041622198505828,0.0,0.003041622198505828,FREE,230796770.68094373,187.71,1.5999999999999996,-0.5
2019-08-30,0.2247859665164844,0.185,0.215,FORCE_SELL,0.0016501544210653176,0.0033623769072553067,0.0,0.0,FREE,231572796.41295043,187.2,1.1499999999999997,-0.5
2019-09-03,0.18670401935164807,0.195,0.27,FORCE_BUY,-5.387350501020937e-05,0.005266983383139402,0.0,-5.387350501020937e-05,FREE,232792486.48364455,185.61,1.1499999999999997,-0.5
2019-09-04,0.15820073131780496,0.185,0.27,FORCE_BUY,0.00026556192904188513,0.00037178670065857373,0.00037178670065857373,0.00026556192904188513,FREE,232879035.6341324,188.33,1.7999999999999994,1.8499999999999996
2019-09-05,0.17916465921665767,0.185,0.27,FORCE_BUY,0.010843817444859715,-0.00015791967152700527,-0.00015791967152700527,0.010843817444859715,FORCE_BUY,235404333.3832839,192.03,1.7999999999999994,1.6999999999999993
2019-09-06,0.2053574609907033,0.185,0.27,FREE,0.00031259768677712406,-0.00020839845785146957,-0.00020839845785146957,-0.00020839845785146957,FORCE_BUY,235477920.23335683,192.0,1.7999999999999994,1.6999999999999993
2019-09-09,0.22322684499090575,0.185,0.27,FREE,0.0,0.0,0.0,0.0,FORCE_BUY,235477920.23335683,191.33,1.7999999999999994,1.6999999999999993
2019-09-10,0.16676454671915364,0.185,0.27,FORCE_BUY,0.0022091310751103767,-0.0006613833898501025,0.0,0.0022091310751103767,FORCE_BUY,235998121.8244467,190.54,1.2499999999999996,-0.5
2019-09-11,0.16143487832040823,0.185,0.27,FORCE_BUY,0.015390252839868007,-0.0004711301889755822,-0.0004711301889755822,0.015390252839868007,FORCE_BUY,239630192.5890589,193.97,1.4499999999999995,-0.5
2019-09-12,0.21546228245107144,0.185,0.27,FREE,5.1682257480974846e-05,0.002890071838337931,0.002890071838337931,0.002890071838337931,FREE,240322741.06027606,193.5,1.2499999999999996,-0.5
2019-09-13,0.2114324349503406,0.185,0.27,FREE,-0.0031589849818744824,-0.0013709896346403856,0.0,-0.0013709896346403856,FORCE_SELL,240322741.06027606,192.49,1.2499999999999996,-0.5
2019-09-16,0.1744760238169569,0.185,0.27,FORCE_BUY,0.0011479858067211639,0.004443869747801722,-0.0020872469213106316,0.0011479858067211639,FREE,241390704.01898262,191.86,1.2499999999999996,-0.5
2019-09-17,0.15946715362957106,0.185,0.27,FORCE_BUY,0.004856919060052338,0.0014099216710183272,0.0014099216710183272,0.004856919060052338,FORCE_BUY,242563119.13025185,192.4301,1.9499999999999993,1.3499999999999996
2019-09-18,0.1904431037816948,0.185,0.27,FREE,0.00041597337770395284,0.0020135443448340245,-0.0002599833610647143,0.0020135443448340245,FREE,243051530.72704184,192.4,1.8999999999999995,1.4499999999999995
2019-09-19,0.2317305158287014,0.185,0.27,FREE,0.00411115736885923,-0.0018361125732237937,0.0011969192339716089,-0.0018361125732237937,FORCE_BUY,244050753.81860283,192.95,1.8499999999999996,2.499999999999999
2019-09-20,0.2955899576571173,0.185,0.27,FORCE_SELL,-0.01474773609314361,-0.01474773609314361,-0.01474773609314361,-0.01474773609314361,FORCE_BUY,240451557.7079533,190.4,2.0499999999999994,2.3999999999999995
2019-09-23,0.1758599466020483,0.185,0.27,FORCE_BUY,0.005300724257373895,8.000368659580415e-08,-0.0015219901333052477,0.005300724257373895,FORCE_BUY,241726125.1126192,191.55,2.2999999999999994,-0.5
2019-09-24,0.35276628808685556,0.185,0.27,FORCE_SELL,-0.01495424836601299,-0.010666499394667439,0.0013594771241830425,0.0013594771241830425,FORCE_SELL,242054746.25002718,188.39,-0.5,2.499999999999999
2019-09-25,0.2412408885433913,0.185,0.27,FREE,0.015125601282736604,0.002993715611529724,0.0,0.002993715611529724,FORCE_BUY,245715969.83039907,189.93,2.0499999999999994,2.1999999999999993
2019-09-26,0.1737076747923626,0.185,0.27,FORCE_BUY,0.0,0.0,0.0,0.0,FORCE_BUY,245715969.83039907,189.06,2.499999999999999,1.9999999999999996
2019-09-27,0.26840302436784985,0.185,0.27,FREE,-0.013428827215756327,-0.007104653031242011,0.0,-0.007104653031242011,FORCE_SELL,245715969.83039907,187.34,1.0999999999999996,1.3499999999999996
2019-09-30,0.14952092496955338,0.185,0.27,FORCE_BUY,0.005903313301068882,0.001382758070520583,0.001382758070520583,0.005903313301068882,FORCE_BUY,247166508.18338388,189.14,2.499999999999999,-0.5
2019-10-01,0.25273361494481583,0.185,0.27,FREE,-0.010282640793081598,0.0011778972498429686,-0.00036912043872606515,0.0011778972498429686,FREE,247457644.9336264,187.69,-0.5,1.5499999999999994
2019-10-02,0.20899676887505003,0.185,0.27,FREE,-0.012989801395598603,-0.008757361966862874,-0.000590445517981899,-0.008757361966862874,FORCE_SELL,247311534.676285,183.88,1.5999999999999996,2.1499999999999995
2019-10-03,0.28502832345598,0.185,0.27,FORCE_SELL,0.009171822424834369,0.011071312276131699,0.011071312276131699,0.011071312276131699,FREE,250049597.90617552,185.95,2.349999999999999,-0.5
2019-10-04,0.3318292567937479,0.185,0.27,FORCE_SELL,0.016843351450250284,0.0048039636900781306,0.0,0.0,FORCE_BUY,254261271.16370296,188.96,2.1499999999999995,-0.5
2019-10-07,0.4125111602199731,0.185,0.27,FORCE_SELL,0.0015417331206804077,0.0018626813948453146,0.0,0.0,FREE,254734878.9029293,188.39,1.1499999999999997,-0.5
2019-10-08,0.4606345326996613,0.185,0.27,FORCE_SELL,-0.015406683312968033,-0.01409121715270401,0.0,0.0,FORCE_SELL,254734878.9029293,185.33,1.1499999999999997,-0.5
2019-10-09,0.3631661233593353,0.185,0.27,FORCE_SELL,-0.006258357849692363,-0.00553055331609061,0.0,0.0,FORCE_SELL,254734878.9029293,185.78,1.6999999999999993,-0.5
2019-10-10,0.33895699877668634,0.185,0.27,FORCE_SELL,0.0,0.0,0.0,0.0,FORCE_BUY,254734878.9029293,189.39,2.499999999999999,1.8999999999999995
2019-10-11,0.20727165390924362,0.185,0.27,FREE,0.0,0.0,0.0,0.0,FORCE_BUY,254734878.9029293,191.36,2.1499999999999995,-0.5
2019-10-14,0.18676075308402793,0.185,0.27,FREE,0.006405544471280067,0.004404359577509417,0.0,0.004404359577509417,FORCE_BUY,256366594.49812815,191.68,2.0499999999999994,-0.5
2019-10-15,0.16797218857120844,0.185,0.215,FORCE_BUY,0.00933750652060526,0.0033907146583203843,0.0,0.00933750652060526,FORCE_BUY,258760419.24591976,193.49,1.3499999999999996,2.499999999999999
2019-10-16,0.17784941536059365,0.185,0.215,FORCE_BUY,-0.00036216887417220246,0.002239870997982315,5.1738410595917385e-05,-0.00036216887417220246,FREE,259340009.20441443,193.21,-0.5,2.3999999999999995
2019-10-17,0.18578924434197397,0.185,0.215,FREE,-0.00041341532737317044,0.005802441700836931,0.0012919228980415281,0.005802441700836931,FREE,260844814.48851755,193.43,0.5499999999999998,2.1499999999999995
2019-10-18,0.22619049602324456,0.185,0.215,FORCE_SELL,-0.00755693581780536,-0.0069875776397516146,-0.0069875776397516146,-0.0069875776397516146,FREE,259022141.0953524,191.74,0.6999999999999997,-0.5
2019-10-21,0.1455317282961985,0.185,0.215,FORCE_BUY,0.0,0.0,0.0,0.0,FORCE_BUY,259022141.0953524,193.42,1.9999999999999996,-0.5
2019-10-22,0.25432989260502287,0.195,0.225,FORCE_SELL,-0.006504995836802736,-0.0001137884355434664,0.0,0.0,FORCE_SELL,259022141.0953524,190.91,1.9999999999999996,-0.5
2019-10-23,0.13486399396671725,0.195,0.225,FORCE_BUY,0.01090032491353126,0.0014678404137938414,0.0,0.01090032491353126,FORCE_BUY,261845566.5930903,192.9,1.9999999999999996,-0.5
2019-10-24,0.15027458083680725,0.195,0.225,FORCE_BUY,-0.0001036537963203054,0.000518268981601527,0.000518268981601527,-0.0001036537963203054,FREE,261981273.02822536,192.93,1.6999999999999993,1.9999999999999996
2019-10-25,0.14661422739285312,0.195,0.225,FORCE_BUY,0.014027641182255848,0.001594876414094419,0.0005693876494643413,0.014027641182255848,FORCE_BUY,265656252.32273588,195.9,-0.5,2.1999999999999993
2019-10-28,0.13904496245707434,0.195,0.285,FORCE_BUY,0.007241942064463475,0.007595379889023852,0.0006119951040391045,0.007241942064463475,FREE,267674012.47902143,197.5,-0.5,2.1999999999999993
2019-10-29,0.20332527641217416,0.195,0.285,FREE,-0.00638200881325029,-0.004504253307300891,-0.0016208276351111126,-0.004504253307300891,FORCE_SELL,267240159.04239437,196.17,-0.5,2.1999999999999993
2019-10-30,0.1549065397270443,0.195,0.285,FORCE_BUY,0.008567494517823494,0.002905110627707655,0.002600846550053482,0.008567494517823494,FORCE_BUY,269529737.6399324,197.77,1.4499999999999995,-0.5
2019-10-31,0.18898637277299368,0.195,0.285,FORCE_BUY,-0.004546832373446572,0.0015270230116971675,5.052035970485621e-05,-0.004546832373446572,FREE,269941315.7516453,197.04,0.9499999999999997,-0.5
2019-11-01,0.12684526997602644,0.185,0.285,FORCE_BUY,0.007039756900481203,0.003395665313232041,0.0007596859964547352,0.007039756900481203,FORCE_BUY,271841636.9919329,198.84,0.7999999999999998,2.4499999999999993
2019-11-04,0.15237571359193558,0.185,0.285,FORCE_BUY,0.0044105854049719135,0.0027055964220301662,0.0005012028869286367,0.0044105854049719135,FORCE_BUY,273040617.7485132,200.4,1.0499999999999996,2.0499999999999994
2019-11-05,0.14685367928141616,0.185,0.285,FORCE_BUY,-0.004086107235399647,0.0009966115208290478,0.0009966115208290478,-0.004086107235399647,FREE,273312733.17381567,199.86,1.3999999999999995,2.1999999999999993
2019-11-06,0.14308731438836667,0.185,0.285,FORCE_BUY,-0.001998001998001881,-0.0012005677812216673,-0.0008491508491508778,-0.001998001998001881,FORCE_SELL,273080649.4343574,199.8,1.3999999999999995,2.1999999999999993
2019-11-07,0.19297725381421507,0.185,0.285,FREE,-0.0030854981586543153,4.91401731486737e-05,0.0002488304966657497,4.91401731486737e-05,FORCE_SELL,273148600.2279859,200.32,1.3999999999999995,2.1999999999999993
2019-11-08,0.14530265276102625,0.185,0.285,FORCE_BUY,0.00504621533849605,0.002197647472351955,0.0002498126405195534,0.00504621533849605,FORCE_BUY,274526966.8841451,201.16,1.3999999999999995,2.1999999999999993
2019-11-11,0.12690054496827832,0.185,0.285,FORCE_BUY,0.002694610778443065,0.002468581909108543,-0.0011477045908184884,0.002694610778443065,FORCE_BUY,275266710.2080844,200.94,1.4499999999999995,1.4999999999999996
2019-11-12,0.1654099675665537,0.185,0.285,FORCE_BUY,9.945795414991974e-05,0.0020887756916516853,0.00019891590829969132,9.945795414991974e-05,FREE,275841680.62108797,201.11,1.5999999999999996,0.5999999999999996
2019-11-13,0.14704999049226755,0.185,0.285,FORCE_BUY,0.0011442786069650024,0.003058393267644356,-0.0019402985074626596,0.0011442786069650024,FREE,276685312.96003526,201.23,1.5999999999999996,0.7999999999999998
2019-11-14,0.14540248184810914,0.185,0.285,FORCE_BUY,0.00557047647468415,0.005306306057937916,0.002138665075102006,0.00557047647468415,FORCE_BUY,278226581.9867698,202.18,1.3499999999999996,1.5999999999999996
2019-11-15,0.11092223397446466,0.185,0.285,FORCE_BUY,0.0036135036135036165,0.0024236244411120185,0.0008415008415008563,0.0036135036135036165,FORCE_BUY,279231954.74615175,202.75,-0.5,0.6999999999999997
2019-11-18,0.13584590354904558,0.185,0.225,FORCE_BUY,-0.0014277977450643364,0.0036626717838767796,-0.000147703215006701,-0.0014277977450643364,FREE,280254689.7479572,202.82,1.5499999999999994,2.4499999999999993
2019-11-19,0.14217395230247673,0.185,0.225,FORCE_BUY,-0.0036343990963115967,-0.005542163142516302,0.0008349295221255006,-0.0036343990963115967,FORCE_SELL,280488682.6621419,202.87,-0.5,-0.5
2019-11-20,0.20596024768627022,0.185,0.225,FREE,-0.006276564198873286,0.0054503923158157564,0.0006424829494908978,0.0054503923158157564,FREE,282017456.0227969,201.07,1.4499999999999995,-0.5
2019-11-21,0.14679057439186924,0.185,0.225,FORCE_BUY,0.0012396489314226368,0.0005380156801000114,0.0003471017007984259,0.0012396489314226368,FORCE_BUY,282367058.66079813,201.92,1.9999999999999996,1.4499999999999995
2019-11-22,0.1492823086143483,0.185,0.225,FORCE_BUY,-0.0032584547025427393,-0.003018182150930549,-0.0004443347321649322,-0.0032584547025427393,FORCE_SELL,282241593.1694159,201.89,0.8999999999999997,0.7999999999999998
2019-11-25,0.12292801806898855,0.185,0.225,FORCE_BUY,0.010071090047393375,0.004245655608214729,0.004245655608214729,0.010071090047393375,FORCE_BUY,285084073.6693449,204.6,1.1499999999999997,1.2499999999999996
2019-11-26,0.11437467008360873,0.185,0.225,FORCE_BUY,0.002839240258468717,0.0014196201292342866,0.0014196201292342866,0.002839240258468717,FORCE_BUY,285893495.8483552,204.86,1.1499999999999997,1.2499999999999996
2019-11-27,0.10527738876527765,0.185,0.225,FORCE_BUY,0.0007307804735458995,0.00038974958589112733,0.00038974958589112733,0.0007307804735458995,FORCE_BUY,286102421.2326349,205.41,1.1499999999999997,1.2499999999999996
2019-11-29,0.17175947503798547,0.185,0.225,FORCE_BUY,-0.0014591439688714705,-0.0007302820301625067,0.0002431906614787455,-0.0014591439688714705,FORCE_SELL,286171998.66970515,205.3,1.1499999999999997,1.2499999999999996
2019-12-02,0.28017035919002364,0.185,0.225,FORCE_SELL,-0.015486940479658299,-0.011695423732492785,0.000339838819302935,0.000339838819302935,FORCE_SELL,286269251.0238506,202.79,1.4499999999999995,-0.5
2019-12-03,0.1753692905943037,0.185,0.225,FORCE_BUY,-0.004453240969816999,0.0008178733056494724,0.0,-0.004453240969816999,FREE,286503383.0024913,201.2,1.4499999999999995,-0.5
2019-12-04,0.1614110215767037,0.185,0.225,FORCE_BUY,0.005867143993635568,0.006313607019648137,0.005618536197294999,0.005867143993635568,FREE,288312252.77256876,202.3,1.8999999999999995,2.499999999999999
2019-12-05,0.13905966430101702,0.185,0.225,FORCE_BUY,0.0014296982843620691,0.0014296982843620691,0.0014296982843620691,0.0014296982843620691,FORCE_BUY,288724452.30571824,203.13,2.499999999999999,2.349999999999999
2019-12-06,0.131631299936668,0.185,0.225,FORCE_BUY,0.00855667568232104,0.005065158593557892,0.005065158593557892,0.00855667568232104,FORCE_BUY,291194973.80565405,205.09,2.349999999999999,-0.5
2019-12-09,0.2592353328506669,0.185,0.225,FORCE_SELL,-0.004444661521930202,-0.0052919224832052416,0.00034189704014844454,0.00034189704014844454,FORCE_SELL,291294532.50530434,203.83,1.6999999999999993,-0.5
2019-12-10,0.18051554115287852,0.185,0.225,FORCE_BUY,-0.002496573330722437,-0.0015664773839826642,0.0,-0.002496573330722437,FORCE_SELL,291294532.50530434,203.77,1.6999999999999993,-0.5
2019-12-11,0.1304328119417775,0.185,0.225,FORCE_BUY,0.005391364015095768,0.00480264587383885,0.00044111160123506976,0.005391364015095768,FORCE_BUY,292865007.36564755,205.13,1.6999999999999993,-0.5
2019-12-12,0.17311479309089906,0.185,0.225,FORCE_BUY,0.010317807952499177,0.0003893512434905429,0.0003893512434905429,0.010317807952499177,FORCE_BUY,295886732.2676536,207.59,-0.5,2.2499999999999996
2019-12-13,0.16182782158139128,0.185,0.225,FORCE_BUY,-0.0022151593951651905,0.00024077819512667226,0.00024077819512667226,-0.0022151593951651905,FREE,295957975.34101087,207.2,-0.5,-0.5
2019-12-16,0.1328534943134842,0.185,0.225,FORCE_BUY,0.0068397476036798225,0.0012890472865093841,0.0018785222291796686,0.0068397476036798225,FORCE_BUY,297982253.1936395,209.03,-0.5,-0.5
2019-12-17,0.14010657798679022,0.185,0.225,FORCE_BUY,-0.0008595578052624582,-4.77532114034164e-05,-4.77532114034164e-05,-0.0008595578052624582,FREE,297968023.5841083,209.23,1.6999999999999993,-0.5
2019-12-18,0.1645966172467482,0.185,0.225,FORCE_BUY,0.002149715759805022,0.0021774736422015143,0.0017675440691729963,0.002149715759805022,FREE,298616841.1016816,209.78,-0.5,-0.5
2019-12-19,0.11745364938520504,0.185,0.225,FORCE_BUY,0.006821868142352901,0.001938530325149799,0.0008109913176223316,0.006821868142352901,FORCE_BUY,300653965.8167632,211.05,-0.5,-0.5
2019-12-20,0.16218707252384135,0.185,0.225,FORCE_BUY,0.005787476280834809,0.005787476280834809,0.005787476280834809,0.005787476280834809,FORCE_BUY,302393993.51266664,212.02,1.6499999999999995,1.9999999999999996
2019-12-23,0.15961261856364747,0.185,0.225,FORCE_BUY,0.0008505410386051664,0.0008505410386051664,0.0008505410386051664,0.0008505410386051664,FORCE_BUY,302651192.0139769,211.81,1.2499999999999996,2.499999999999999
2019-12-24,0.1329021405636526,0.185,0.225,FORCE_BUY,0.00014156285390712106,0.00014156285390712106,0.00014156285390712106,0.00014156285390712106,FORCE_BUY,302694036.1804568,211.95,1.2499999999999996,2.499999999999999
2019-12-26,0.13869765336503104,0.185,0.225,FORCE_BUY,0.009995285242810023,0.0007072135785007746,0.0007072135785007746,0.009995285242810023,FORCE_BUY,305719549.41337794,214.22,1.2499999999999996,2.499999999999999
2019-12-27,0.20042462341935727,0.185,0.225,FREE,-0.005549855423934379,0.0008824914216946485,0.0014457606566551124,0.0008824914216946485,FORCE_SELL,306161546.7098901,213.23,1.2499999999999996,2.499999999999999
2019-12-30,0.24102590259241682,0.185,0.225,FORCE_SELL,-0.00724773216122703,-0.0027759999177092323,-9.351912466111742e-05,-9.351912466111742e-05,FORCE_SELL,306132914.7500369,212.31,1.2499999999999996,2.499999999999999
2019-12-31,0.14826585941367743,0.185,0.225,FORCE_BUY,0.00372114931700426,0.002523165349860352,0.0,0.00372114931700426,FORCE_BUY,307272081.0366715,213.09,1.2999999999999996,-0.5
2020-01-02,0.1441478847205179,0.185,0.225,FORCE_BUY,0.011543134872418048,0.0006073239162944341,0.00023366669782229327,0.011543134872418048,FORCE_BUY,310818964.1106064,216.45,1.2499999999999996,0.1499999999999999
2020-01-03,0.21927044976150997,0.185,0.225,FREE,0.0014494786552578566,-0.002478140926731157,-0.002478140926731157,-0.002478140926731157,FORCE_BUY,311269489.56473404,214.18,1.2499999999999996,0.1499999999999999
2020-01-06,0.19842453201028235,0.185,0.225,FREE,0.014734959043404619,0.001504009897117968,0.0,0.001504009897117968,FORCE_BUY,315856032.7449319,215.55,1.2499999999999996,0.1499999999999999
2020-01-07,0.17297909713363466,0.185,0.225,FORCE_BUY,-0.01734693877551011,-0.015568835059658304,0.0,-0.01734693877551011,FORCE_SELL,315856032.7449319,211.86,1.2499999999999996,0.1499999999999999
2020-01-08,0.18568511151110423,0.185,0.225,FREE,0.013828103175342249,0.008383093573278893,0.0021417264177297926,0.008383093573278893,FORCE_BUY,320223722.5542831,217.75,2.1499999999999995,-0.5
2020-01-09,0.143114692192302,0.185,0.225,FORCE_BUY,0.0,0.0,0.0,0.0,FORCE_BUY,320223722.5542831,219.5601,2.499999999999999,1.5999999999999996
2020-01-10,0.181702224261826,0.185,0.225,FORCE_BUY,-0.0015591351143746616,-8.123582135756686e-06,0.0,-0.0015591351143746616,FORCE_SELL,320223722.5542831,218.37,-0.5,1.7499999999999996
2020-01-13,0.12963125204552844,0.185,0.225,FORCE_BUY,0.010306927532266131,0.003327537196173474,0.00022802937018274753,0.010306927532266131,FORCE_BUY,323524245.25676256,221.53,-0.5,2.499999999999999
2020-01-14,0.17499623586052507,0.185,0.225,FORCE_BUY,-0.0038077969174977605,0.0016870672819873046,0.0014052583862193756,-0.0038077969174977605,FREE,324070052.4258649,219.76,-0.5,2.4499999999999993
2020-01-15,0.18298260414865716,0.185,0.225,FORCE_BUY,0.002226867842210534,0.0045010331687404875,0.0013633884748227598,0.002226867842210534,FREE,325528702.4808292,220.53,1.8999999999999995,2.0499999999999994
2020-01-16,0.12475685102694732,0.185,0.225,FORCE_BUY,0.00501445608962773,0.003268173527543405,0.001400433682688676,0.00501445608962773,FORCE_BUY,327161051.8653328,222.47,1.8499999999999996,1.1999999999999997
2020-01-17,0.12300895195833401,0.185,0.225,FORCE_BUY,0.0024699119813184844,0.00022453745284713495,0.00022453745284713495,0.0024699119813184844,FORCE_BUY,327969110.86715573,223.23,1.7999999999999994,2.2499999999999996
2020-01-21,0.14305448943920868,0.185,0.225,FORCE_BUY,0.005172026085001126,-0.000989431077130598,-0.000989431077130598,0.005172026085001126,FORCE_BUY,329665375.6636353,223.5,1.7999999999999994,2.2499999999999996
2020-01-22,0.18479953245726743,0.185,0.225,FORCE_BUY,-0.002675585284280937,0.0013830715936785543,0.0012040133779264992,-0.002675585284280937,FREE,330121326.480135,223.65,1.7999999999999994,2.2499999999999996
2020-01-23,0.14307371273378558,0.185,0.225,FORCE_BUY,0.007331247206079599,9.13331844564571e-05,0.00035762181493076265,0.007331247206079599,FORCE_BUY,332541527.5325598,225.34,1.7999999999999994,2.2499999999999996
2020-01-24,0.29970227981151554,0.185,0.225,FORCE_SELL,-0.01602691813875246,-0.015591049663952248,-8.854650905395749e-05,-8.854650905395749e-05,FORCE_SELL,332512082.14118135,222.25,1.9999999999999996,2.1999999999999993
2020-01-27,0.200573651008374,0.185,0.225,FREE,-0.006871444823663269,-0.0031818691658084984,0.0,-0.0031818691658084984,FORCE_SELL,332512082.14118135,218.24,2.1499999999999995,-0.5
2020-01-28,0.1994634476268673,0.185,0.225,FREE,0.0,0.0,0.0,0.0,FORCE_BUY,332512082.14118135,221.43,1.9999999999999996,1.2999999999999996
2020-01-29,0.20740297957949086,0.185,0.225,FREE,0.0,0.0,0.0,0.0,FORCE_BUY,332512082.14118135,221.62,2.1499999999999995,2.0999999999999996
2020-01-30,0.16130584542798218,0.185,0.225,FORCE_BUY,0.02099713675407908,0.0037086708336320343,0.0,0.02099713675407908,FORCE_BUY,339493883.80228335,224.65,2.1499999999999995,2.0999999999999996
2020-01-31,0.28914021315094174,0.185,0.225,FORCE_SELL,-0.020223713646532547,-0.020223713646532547,-0.020223713646532547,-0.020223713646532547,FORCE_BUY,332628056.7115168,218.98,2.1999999999999993,2.4499999999999993
2020-02-03,0.16455272585648203,0.185,0.225,FORCE_BUY,0.005897831412757471,0.012602014674645796,0.0012703021504400667,0.005897831412757471,FREE,336819840.3633942,221.72,2.3999999999999995,1.5999999999999996
2020-02-04,0.16412123384956354,0.185,0.225,FORCE_BUY,0.012663872291090693,0.0037441315415813596,0.0026754659769910056,0.012663872291090693,FORCE_BUY,341085283.8068618,227.1,1.6499999999999995,0.5999999999999996
2020-02-05,0.18188789653209106,0.185,0.225,FORCE_BUY,-0.0013109023377757803,0.010340812253071619,0.003845313524142462,-0.0013109023377757803,FREE,344612382.6889942,228.55,-0.5,1.4999999999999996
2020-02-06,0.13244835145869147,0.185,0.225,FORCE_BUY,0.0006960950764006234,0.002098065973378262,0.0,0.0006960950764006234,FREE,345335402.2031188,229.8699,-0.5,1.2999999999999996
2020-02-07,0.16998572996001915,0.185,0.225,FORCE_BUY,-0.004913684393616585,-0.006382320997474312,-0.002913423490020327,-0.004913684393616585,FORCE_SELL,344329293.9304046,228.84,1.3999999999999995,1.3499999999999996
2020-02-10,0.14479436079193161,0.185,0.225,FORCE_BUY,0.015291187906854919,0.008651010396610466,0.001791253440517488,0.015291187906854919,FORCE_BUY,349594497.8657291,232.39,1.7499999999999996,1.4999999999999996
2020-02-11,0.1951433626460423,0.185,0.225,FREE,-0.002577319587629,-0.002354276560762835,-0.0009020618556702229,-0.002354276560762835,FORCE_SELL,349279142.00425225,232.2,1.7499999999999996,1.4999999999999996
2020-02-12,0.1298919318538753,0.185,0.225,FORCE_BUY,0.0012013558158493422,0.00433667112999435,0.0007723001673317459,0.0012013558158493422,FREE,350793850.7756913,233.35,2.4499999999999993,1.9499999999999993
2020-02-13,0.15045149761977517,0.185,0.225,FORCE_BUY,0.005062639437103017,-0.002102282478119238,-0.002102282478119238,0.005062639437103017,FORCE_BUY,352569793.5589215,234.26,-0.5,1.7499999999999996
2020-02-14,0.14635648717185706,0.185,0.225,FORCE_BUY,-8.567044582738739e-05,0.004237251650306164,-0.0001704884494075219,-8.567044582738739e-05,FREE,354063720.49852717,234.5999,-0.5,1.7499999999999996
2020-02-18,0.14408707211501628,0.185,0.225,FORCE_BUY,0.010780397715071053,0.0013752523300261685,0.0013752523300261685,0.010780397715071053,FORCE_BUY,357880668.2219791,235.34,-0.5,1.7499999999999996
2020-02-19,0.14382719497759758,0.185,0.225,FORCE_BUY,0.00981475186947643,0.001359585027445027,0.0005523453433038054,0.00981475186947643,FORCE_BUY,361393178.1794602,237.67,-0.5,1.7499999999999996
2020-02-20,0.2309238691209885,0.185,0.225,FORCE_SELL,-0.012078722865106886,-0.004475176773152626,0.0,0.0,FORCE_SELL,361393178.1794602,233.92,-0.5,1.7499999999999996
2020-02-21,0.2265578114630573,0.185,0.225,FORCE_SELL,-0.014012083815400454,-0.014012083815400454,0.0,0.0,FORCE_SELL,361393178.1794602,230.1,2.4499999999999993,-0.5
2020-02-24,0.23275350422223717,0.185,0.225,FORCE_SELL,-8.950948800578716e-05,-0.010348385654083598,0.0,0.0,FORCE_SELL,361393178.1794602,223.42,2.1999999999999993,-0.5
2020-02-25,0.4854689862263463,0.185,0.225,FORCE_SELL,-0.024063205417607335,-0.010675641917547806,0.0,0.0,FORCE_SELL,361393178.1794602,216.17,-0.5,-0.5
2020-02-26,0.42945769577676995,0.185,0.225,FORCE_SELL,0.005148607535689205,0.007856950527738953,0.0,0.0,FREE,364232626.5014786,214.75,-0.5,1.2499999999999996
2020-02-27,0.46310020637673527,0.185,0.225,FORCE_SELL,-0.04394631372914525,-0.04529605422693293,0.0,0.0,FORCE_SELL,364232626.5014786,205.15,-0.5,1.6999999999999993
2020-02-28,0.2895352385173525,0.185,0.225,FORCE_SELL,0.034743653558984545,0.045553754732287816,0.0,0.0,FREE,380824790.2346239,207.88,-0.5,1.7999999999999994
2020-03-02,0.4037910505146151,0.185,0.225,FORCE_SELL,0.04289634586683344,0.0446313586653793,0.0,0.0,FREE,397821518.0362532,216.62,-0.5,-0.5
2020-03-03,0.4141992609421037,0.185,0.225,FORCE_SELL,-0.023783083472145052,0.008951833623240445,0.0,0.0,FREE,401382750.0774587,210.98,2.1999999999999993,-0.5
2020-03-04,0.2962221011997365,0.185,0.225,FORCE_SELL,0.013303353944163427,0.004309537193179772,0.0,0.0,FORCE_BUY,406722486.8688208,216.32,2.1499999999999995,-0.5
2020-03-05,0.3394365743129992,0.185,0.225,FORCE_SELL,0.0,0.0,0.0,0.0,FORCE_BUY,406722486.8688208,211.81,1.8999999999999995,-0.5
2020-03-06,0.27808308863728387,0.185,0.225,FORCE_SELL,0.008351240476655641,0.011687393656932053,0.0,0.0,FREE,411476012.68198305,206.47,1.8999999999999995,-0.5
2020-03-09,0.3564743549249661,0.185,0.225,FORCE_SELL,0.01392729134664616,0.023649373382778352,0.0,0.0,FREE,421207162.5439561,198.02,1.5499999999999994,-0.5
2020-03-10,0.3787306960507926,0.185,0.225,FORCE_SELL,-0.0096343873517787,-0.014897105624068006,0.0,0.0,FORCE_SELL,421207162.5439561,200.45,-0.5,1.8499999999999996
2020-03-11,0.3567704982258824,0.18,0.225,FORCE_SELL,0.009825223641346451,0.01241015564403526,0.0,0.0,FREE,426434408.98950905,195.2901,-0.5,-0.5
2020-03-12,0.39516796722003256,0.18,0.36,FORCE_SELL,-0.07544859166178598,-0.04122045793667607,0.0,0.0,FORCE_SELL,426434408.98950905,173.64,-0.5,1.9499999999999993
2020-03-13,0.4736324663324483,0.18,0.36,FORCE_SELL,0.04745147632924611,0.025237807224940983,0.0,0.0,FORCE_BUY,446669351.25365084,190.5,-0.5,1.8499999999999996
2020-03-16,0.40088358276741703,0.18,0.36,FORCE_SELL,0.02999587483057345,0.02999587483057345,0.0,0.0,FORCE_BUY,460067589.20450884,174.78,-0.5,1.8499999999999996
2020-03-17,0.4732576246725923,0.18,0.36,FORCE_SELL,-0.004703882119580516,-0.0016001365270833432,0.0,0.0,FORCE_SELL,460067589.20450884,175.62,-0.5,1.8499999999999996
2020-03-18,0.32772888649642146,0.18,0.36,FREE,0.04604233111046688,-0.0005100212793119509,0.0,-0.0005100212793119509,FORCE_BUY,481250173.47985715,180.39,-0.5,-0.5
2020-03-19,0.3865142213629101,0.18,0.36,FORCE_SELL,0.0065139134906578595,0.03334185671059688,0.0,0.0,FREE,497295947.80597246,176.15,-0.5,-0.5
2020-03-20,0.3106154225997053,0.18,0.36,FREE,-0.09131953775866708,-0.09131953775866708,0.0,-0.09131953775866708,FORCE_SELL,497295947.80597246,169.06,-0.5,-0.5
2020-03-23,0.20420131558622698,0.18,0.225,FREE,0.04304255961364321,0.12368948173033706,0.06954421974041636,0.12368948173033706,FREE,558806225.8566899,172.78,-0.5,-0.5
2020-03-24,0.28446003360171856,0.18,0.225,FORCE_SELL,0.03025693035835025,0.01023025475387893,0.004113139508677088,0.004113139508677088,FORCE_BUY,575713986.9162483,182.85,-0.5,-0.5
2020-03-25,0.31598608634792874,0.18,0.225,FORCE_SELL,0.012052866365575806,-0.008691040644761103,0.0,0.0,FORCE_BUY,582652990.6653428,182.63,-0.5,-0.5
2020-03-26,0.3070646175476559,0.18,0.225,FORCE_SELL,0.06815909343406276,0.06815909343406276,0.0,0.0,FORCE_BUY,622366090.295738,192.29,-0.5,-0.5
2020-03-27,0.2851727325085041,0.18,0.31,FREE,-0.024925910245554603,-0.01472495643141244,0.0,-0.01472495643141244,FORCE_SELL,622366090.295738,184.25,-0.5,-0.5
2020-03-30,0.27613722041053396,0.18,0.31,FREE,0.048439886537202714,0.012912165974230574,0.006764128300240113,0.012912165974230574,FORCE_BUY,652513433.0942659,192.2,-0.5,-0.5
2020-03-31,0.17282937839056633,0.18,0.31,FORCE_BUY,-0.025663579448440048,-0.011756174621087781,5.174108759761426e-05,-0.025663579448440048,FORCE_SELL,652547194.8489662,188.31,-0.5,-0.5
2020-04-01,0.18503732912354195,0.17,0.31,FREE,-0.012014438877215839,-0.00758345370469417,-0.009315230860406313,-0.00758345370469417,FREE,647598633.4067011,183.38,-0.5,-0.5
2020-04-02,0.21176849499136519,0.17,0.31,FREE,0.00319281346393207,0.009344286135082836,-0.002056388332702013,0.009344286135082836,FREE,653649980.3379419,185.38,-0.5,-0.5
2020-04-03,0.1947481664805533,0.17,0.31,FREE,-0.006294768830041218,-0.0027709914145451374,0.0,-0.0027709914145451374,FORCE_SELL,653649980.3379419,183.12,-0.5,-0.5
2020-04-06,0.21787491112556986,0.17,0.31,FREE,0.03251138683838548,0.02228253956882629,0.0012564787183917874,0.02228253956882629,FORCE_BUY,674901047.7056118,197.22,-0.5,-0.5
2020-04-07,0.23526487257964077,0.17,0.31,FREE,-0.0016019528568159667,-0.0016019528568159667,0.0,-0.0016019528568159667,FORCE_SELL,674901047.7056118,196.32,-0.5,-0.5
2020-04-08,0.17892175340528946,0.17,0.31,FREE,0.021469271469271627,0.015720390720390852,0.015720390720390852,0.015720390720390852,FORCE_BUY,689390681.5136995,200.78,2.499999999999999,-0.5
2020-04-09,0.15668783577640058,0.17,0.31,FORCE_BUY,0.012464817048652882,0.0032470241586202964,0.0,0.012464817048652882,FORCE_BUY,697983810.233814,201.44,-0.5,-0.5
2020-04-13,0.14800071225583683,0.17,0.31,FORCE_BUY,0.03037642547179318,0.014090232882159204,0.005146836209506417,0.03037642547179318,FORCE_BUY,719186063.4258996,204.2,-0.5,-0.5
2020-04-14,0.15101262633376697,0.17,0.31,FORCE_BUY,0.02821758135017008,9.71345313257643e-05,9.71345313257643e-05,0.02821758135017008,FORCE_BUY,739479754.6765286,211.71,-0.5,-0.5
2020-04-15,0.183230172693887,0.17,0.31,FREE,-0.007199046483909302,-0.002093670685138896,-0.0013349225268176246,-0.002093670685138896,FORCE_SELL,738492606.4938853,208.24,-0.5,-0.5
2020-04-16,0.1553718762491148,0.17,0.31,FORCE_BUY,0.031594381119046416,0.022546192882852912,0.0006621576881236592,0.031594381119046416,FORCE_BUY,761824823.3570511,218.11,-0.5,-0.5
2020-04-17,0.14663104864693438,0.17,0.31,FORCE_BUY,-0.009908747349986117,-0.005385279076768578,0.0032261037883676517,-0.009908747349986117,FORCE_SELL,764282549.3057559,214.83,-0.5,-0.5
2020-04-20,0.20814652448025148,0.17,0.31,FREE,-0.00532138355972549,0.0047563912169621796,-0.005368062362880928,0.0047563912169621796,FREE,767917776.1105512,213.09,2.3999999999999995,-0.5
2020-04-21,0.1601657913532061,0.17,0.31,FORCE_BUY,-0.02397389824096852,-0.02072388742436473,-0.029980139965954215,-0.02397389824096852,FREE,752003534.5672677,206.41,-0.5,-0.5
2020-04-22,0.14969713962214612,0.17,0.31,FORCE_BUY,0.013645130183220744,-4.4091539312884656e-05,0.0012536162005783878,0.013645130183220744,FORCE_BUY,762264720.6946802,210.23,-0.5,-0.5
2020-04-23,0.1809819100811375,0.17,0.31,FREE,-0.006329716352560613,-0.003396861092818598,0.002665143727393866,-0.003396861092818598,FORCE_SELL,764296265.7336533,208.79,-0.5,-0.5
2020-04-24,0.13608191074336629,0.17,0.31,FORCE_BUY,0.023389021479713605,0.012887468217925524,0.0025775656324582385,0.023389021479713605,FORCE_BUY,782172407.5097626,214.4,-0.5,2.1499999999999995
2020-04-27,0.12239122270132756,0.17,0.31,FORCE_BUY,-0.005449087970445641,0.0030463516484130473,-0.0006926806742092019,-0.005449087970445641,FREE,784555179.7127231,215.37,-0.5,2.349999999999999
2020-04-28,0.17664813674341873,0.17,0.31,FREE,-0.01113626911880231,-0.016275724691899397,-0.00041587726999673275,-0.016275724691899397,FORCE_SELL,784228901.0464225,214.0,1.2499999999999996,-0.5
2020-04-29,0.1309111418280187,0.18,0.31,FORCE_BUY,0.027746896423939352,0.01080442928312086,0.0,0.027746896423939352,FORCE_BUY,805988819.1364174,221.87,2.499999999999999,1.3999999999999995
2020-04-30,0.12323463769392318,0.18,0.31,FORCE_BUY,-0.026053190048313597,0.00031606989659994,0.00031606989659994,-0.026053190048313597,FREE,806243567.9391426,215.7,2.499999999999999,1.3999999999999995
2020-05-01,0.13638945834917363,0.18,0.31,FORCE_BUY,-0.0032292787944024457,-0.005002660765921527,0.002480460523236897,-0.0032292787944024457,FORCE_SELL,808243423.2815293,212.98,1.3999999999999995,-0.5
2020-05-04,0.10632141911605704,0.18,0.31,FORCE_BUY,0.01868230620063356,0.0025619532852071327,-0.0004256727995083102,0.01868230620063356,FORCE_BUY,823343274.3999232,215.38,2.0999999999999996,2.2999999999999994
2020-05-05,0.14799216197077192,0.18,0.31,FORCE_BUY,0.006446859458463982,0.0,0.0,0.006446859458463982,FORCE_BUY,828651252.776051,218.56,-0.5,-0.5
2020-05-06,0.1430002841920808,0.18,0.31,FORCE_BUY,-0.0011412398429653285,0.00922362605688272,0.002145530904774946,-0.0011412398429653285,FREE,836294422.0632248,218.81,-0.5,1.6999999999999993
2020-05-07,0.11385362882478155,0.18,0.31,FORCE_BUY,0.009685449196650972,0.00615784601928138,0.005033265444670793,0.009685449196650972,FORCE_BUY,844394309.2015607,223.09,-0.5,-0.5
2020-05-08,0.08494942618706676,0.18,0.31,FORCE_BUY,0.005800464037122931,-0.00013385686239520797,-0.00013385686239520797,0.005800464037122931,FORCE_BUY,849292188.0252357,225.42,-0.5,-0.5
2020-05-11,0.11645988464745512,0.18,0.31,FORCE_BUY,0.0025675077467904516,0.0011050700614417398,0.0,0.0025675077467904516,FORCE_BUY,851472752.297279,226.48,-0.5,-0.5
2020-05-12,0.18418099870334426,0.18,0.31,FREE,-0.02813355710626263,-0.023347054915757382,-0.000750817065630207,-0.023347054915757382,FORCE_SELL,850833452.0239351,220.05,-0.5,-0.5
2020-05-13,0.16974327169788872,0.18,0.31,FORCE_BUY,-0.009233402396180502,0.009813723655041153,0.0018466804792361003,-0.009233402396180502,FREE,859183296.3985627,219.97,2.3999999999999995,1.9999999999999996
2020-05-14,0.11477836511006566,0.165,0.31,FORCE_BUY,0.012154595529658163,0.01650860170964529,0.0015022533800702084,0.012154595529658163,FREE,873367211.2343866,222.34,2.499999999999999,-0.5
2020-05-15,0.11082438322731314,0.165,0.31,FORCE_BUY,-0.0009866798223976344,-0.010841429604269988,-0.0002690944970175545,-0.0009866798223976344,FORCE_SELL,873132192.9239678,222.75,2.499999999999999,-0.5
2020-05-18,0.11721502845928437,0.165,0.31,FORCE_BUY,0.01432065821658898,0.002579497442739717,0.002579497442739717,0.01432065821658898,FORCE_BUY,885636020.6367327,228.07,-0.5,-0.5
2020-05-19,0.14385557936104862,0.165,0.31,FORCE_BUY,-0.0022807017543860575,0.004802392157408049,-0.0006140350877192125,-0.0022807017543860575,FREE,889889192.1165566,227.48,-0.5,-0.5
2020-05-20,0.09811900252611301,0.165,0.31,FORCE_BUY,0.015659268356873528,0.0011794440672705372,0.0007895429423634195,0.015659268356873528,FORCE_BUY,903824205.7837912,231.55,2.3999999999999995,-0.5
2020-05-21,0.14043814931408802,0.165,0.31,FORCE_BUY,-0.006147186147186128,-0.0002419992446183179,-0.003030303030302986,-0.006147186147186128,FREE,903605481.0087237,229.58,-0.5,-0.5
2020-05-22,0.09814027349581267,0.165,0.31,FORCE_BUY,0.014844923566316023,0.01694707904639175,0.014093841123972722,0.014844923566316023,FREE,918918954.5221313,229.7,-0.5,-0.5
2020-05-26,0.15967151120351064,0.165,0.31,FORCE_BUY,-0.017227340904221,-0.012013343229386382,0.003428326548103818,-0.017227340904221,FORCE_SELL,922069308.7694755,229.33,-0.5,-0.5
2020-05-27,0.12759166877008984,0.165,0.31,FORCE_BUY,-0.0039761431411530395,-0.013501074125666802,0.00038897052467804557,-0.0039761431411530395,FORCE_SELL,922427966.552297,230.46,2.499999999999999,-0.5
2020-05-28,0.174854449479268,0.165,0.31,FREE,-4.349528076197688e-05,0.013812086595450329,-0.0006089339306684375,0.013812086595450329,FREE,935168621.5043825,229.9,2.3999999999999995,-0.5
2020-05-29,0.10213144358082726,0.165,0.31,FORCE_BUY,0.01886956900684196,0.009675912478725663,0.0,0.01886956900684196,FORCE_BUY,952814850.3408927,233.8,2.2999999999999994,-0.5
2020-06-01,0.08993726334463555,0.165,0.31,FORCE_BUY,0.0005570553198783788,0.0022710716887346166,0.0022710716887346166,0.0005570553198783788,FREE,954978761.1721078,233.5,2.0999999999999996,2.499999999999999
2020-06-02,0.08622663466550536,0.165,0.31,FORCE_BUY,0.0062212374296913885,-0.0033120260922969253,0.0006817794443496457,0.0062212374296913885,FORCE_BUY,960919910.7856722,236.14,1.4999999999999996,-0.5
2020-06-03,0.10728584033906419,0.165,0.31,FORCE_BUY,0.0020740740740739986,0.00641208101580843,-0.0003386243386244677,0.0020740740740739986,FREE,967081407.1033332,236.74,1.3999999999999995,2.499999999999999
2020-06-04,0.131901355098455,0.165,0.31,FORCE_BUY,-0.006557793196818498,-0.007540084389512051,-0.0013961753257742738,-0.006557793196818498,FORCE_SELL,965731191.9047204,234.81,0.6499999999999997,2.4499999999999993
2020-06-05,0.11967580901583559,0.165,0.31,FORCE_BUY,0.012124540577077465,0.014766777066199463,0.01404672383929704,0.012124540577077465,FREE,979991929.1214525,239.58,1.3999999999999995,1.6499999999999995
2020-06-08,0.10837171736837208,0.165,0.31,FORCE_BUY,0.00794181574987448,0.012600042545897912,0.0019227553920748265,0.00794181574987448,FREE,992339869.1230192,241.14,1.0499999999999996,1.8499999999999996
2020-06-09,0.13118810714071583,0.165,0.31,FORCE_BUY,0.012120708978456657,0.00021939983251962155,-0.0025320659167323268,0.012120708978456657,FORCE_BUY,1004367731.8843791,243.83,1.9999999999999996,2.349999999999999
2020-06-10,0.14624598169793718,0.165,0.31,FORCE_BUY,0.0036450014334275527,-0.0038552292652870015,0.0008600565179997735,0.0036450014334275527,FORCE_BUY,1008028653.706786,245.06,1.7499999999999996,0.7999999999999998
2020-06-11,0.3414273691879643,0.165,0.31,FORCE_SELL,-0.028064688695938415,-0.007256164178171615,0.0012345170980618356,0.0012345170980618356,FORCE_SELL,1009273082.3151233,236.19,1.7499999999999996,0.7999999999999998
2020-06-12,0.2349251956223449,0.165,0.31,FREE,-0.01024564350199458,0.0007079835580308529,0.0,0.0007079835580308529,FREE,1009987631.0629655,235.71,2.1999999999999993,-0.5
2020-06-15,0.162099842507305,0.165,0.31,FORCE_BUY,0.044052672615438014,0.003292038464870549,0.0,0.044052672615438014,FORCE_BUY,1054480285.5198241,241.03,2.499999999999999,-0.5
2020-06-16,0.17238994249185555,0.165,0.31,FREE,0.011949215832710908,0.0067367625794784785,0.0003734129947722053,0.0067367625794784785,FORCE_BUY,1067080498.042839,243.9,2.499999999999999,-0.5
2020-06-17,0.16958589548791325,0.165,0.31,FREE,-0.006171578043895821,-0.006252736708054669,0.0,-0.006252736708054669,FORCE_SELL,1067080498.042839,243.16,-0.5,-0.5
2020-06-18,0.13687735364911785,0.165,0.31,FORCE_BUY,0.004307338885014571,0.010754539729972864,0.0001230668252862561,0.004307338885014571,FREE,1078556457.65412,244.82,-0.5,2.4499999999999993
2020-06-19,0.1967335855878385,0.165,0.31,FREE,-0.013337670787248002,-0.013337670787248002,-0.013337670787248002,-0.013337670787248002,FORCE_BUY,1064171026.696469,242.64,2.1999999999999993,-0.5
2020-06-22,0.13225775071472648,0.165,0.31,FORCE_BUY,0.014543219991806704,0.0070159740616196255,0.004321999180663635,0.014543219991806704,FORCE_BUY,1079647500.0466225,247.65,1.7999999999999994,2.499999999999999
2020-06-23,0.1739266242577037,0.165,0.31,FREE,-0.0012466822166814161,-0.006839700796268191,-0.0002412933322609994,-0.006839700796268191,FORCE_SELL,1079386988.303669,248.35,2.499999999999999,-0.5
2020-06-24,0.21826089497417486,0.165,0.31,FREE,-0.01874999999999993,-0.005257562394268809,-0.0004032258064515845,-0.005257562394268809,FORCE_SELL,1078951751.614837,243.35,2.1499999999999995,-0.5
2020-06-25,0.13702822216604613,0.165,0.31,FORCE_BUY,0.015404893319054274,0.03228878902978446,0.0,0.015404893319054274,FREE,1113789797.0960448,246.52,2.0999999999999996,-0.5
2020-06-26,0.19845185608268065,0.165,0.31,FREE,-0.02386382146929468,-0.02537447443138997,-0.0013438670793288407,-0.02537447443138997,FORCE_SELL,1112293011.654435,239.7,-0.5,-0.5
2020-06-29,0.19408430176088035,0.165,0.31,FREE,0.013680971390552325,0.007410915423119676,-0.00024950099800398706,0.007410915423119676,FORCE_BUY,1127510260.5247905,243.77,1.7999999999999994,-0.5
2020-06-30,0.25325034663782786,0.165,0.31,FREE,0.0185437013227841,0.0075180443054131485,0.0,0.0075180443054131485,FORCE_BUY,1148418474.0343366,247.17,1.7999999999999994,-0.5
2020-07-01,0.2752212123735718,0.165,0.31,FREE,0.017045454545454468,0.010655526114510353,0.0,0.010655526114510353,FORCE_BUY,1167993788.932649,250.6,-0.5,2.1999999999999993
2020-07-02,0.3387077357204746,0.165,0.31,FORCE_SELL,-0.0025873476723747325,-0.0017975055340094114,0.0,0.0,FORCE_SELL,1167993788.932649,252.5,2.0499999999999994,2.3999999999999995
2020-07-06,0.1635609961263004,0.165,0.31,FORCE_BUY,0.0,0.0,0.0,0.0,FORCE_BUY,1167993788.932649,259.5,-0.5,2.499999999999999
2020-07-07,0.22134627132222806,0.165,0.31,FREE,-0.0092569427070304,-0.0046212232713032635,0.0,-0.0046212232713032635,FORCE_SELL,1167993788.932649,257.4,-0.5,2.499999999999999
2020-07-08,0.18086360634776158,0.165,0.31,FREE,0.011254268860602148,0.005716422160344374,0.001862775535547968,0.005716422160344374,FORCE_BUY,1181138705.0608103,260.58,-0.5,-0.5
2020-07-09,0.1907206015663673,0.165,0.31,FREE,0.0,0.0,0.0,0.0,FORCE_BUY,1181138705.0608103,262.34,1.6999999999999993,-0.5
2020-07-10,0.1290281709938408,0.165,0.31,FORCE_BUY,0.019110734376203954,0.013489937160360878,0.0,0.019110734376203954,FORCE_BUY,1203711133.114681,264.5,1.6999999999999993,-0.5
2020-07-13,0.2723606918731034,0.165,0.31,FREE,-0.02198960765117849,-0.03168767901612881,3.7653437758776094e-05,-0.03168767901612881,FORCE_SELL,1203756456.9769113,259.74,1.6999999999999993,-0.5
2020-07-14,0.16875828832432624,0.165,0.31,FREE,0.011176425090881223,0.03604745254832226,0.0066903859540568085,0.03604745254832226,FREE,1247148810.7395232,261.47,-0.5,-0.5
2020-07-15,0.17147715905117253,0.165,0.31,FREE,-0.004826476672029343,0.00042135907454235834,0.0,0.00042135907454235834,FREE,1247674308.2082329,259.8,-0.5,-0.5
2020-07-16,0.1397181864163405,0.165,0.31,FORCE_BUY,-0.0019355837720656992,-0.0008631979573870623,0.0,-0.0019355837720656992,FORCE_SELL,1247674308.2082329,257.82,-0.5,0.9499999999999997
2020-07-17,0.15013567906194078,0.165,0.31,FORCE_BUY,0.004841958475364064,0.003408738766656421,0.003408738766656421,0.004841958475364064,FORCE_BUY,1253715495.3993556,259.41,2.2499999999999996,1.2499999999999996
2020-07-20,0.18606986318724342,0.165,0.31,FREE,0.0354249835277701,0.006007519088407466,0.006007519088407466,0.006007519088407466,FORCE_BUY,1298128346.1723878,267.15,2.2499999999999996,0.7999999999999998
2020-07-21,0.219525500995988,0.165,0.31,FREE,-0.014710252600297112,-0.015886400188690777,0.0,-0.015886400188690777,FORCE_SELL,1298128346.1723878,265.24,2.2499999999999996,0.7999999999999998
2020-07-22,0.15929176889902597,0.165,0.31,FORCE_BUY,0.0009476517190403743,0.004222222033424315,0.004093855426253688,0.0009476517190403743,FREE,1303609332.2778094,264.06,-0.5,-0.5
2020-07-23,0.2186081689579865,0.165,0.31,FREE,-0.03034285928874555,-0.02742078593272062,-0.0009012730481804885,-0.02742078593272062,FORCE_SELL,1302434424.321271,258.21,-0.5,2.2999999999999994
2020-07-24,0.1384477496317359,0.165,0.215,FORCE_BUY,0.002988361119849202,-0.007533589942518927,-0.0023199119219880285,0.002988361119849202,FORCE_BUY,1306326568.7160656,255.08,2.3999999999999995,-0.5
2020-07-27,0.13505293899422463,0.165,0.215,FORCE_BUY,0.01683291770573571,0.0021769378132339996,0.0004286159600998956,0.01683291770573571,FORCE_BUY,1328315856.3440795,260.96,2.4499999999999993,-0.5
2020-07-28,0.1795104699367495,0.165,0.215,FREE,-0.011164825046040496,-0.0042081956745050435,-0.0004604051565378788,-0.0042081956745050435,FORCE_SELL,1327704292.8743076,257.73,2.4499999999999993,-0.5
2020-07-29,0.1460779178524231,0.165,0.215,FORCE_BUY,0.008554617945343446,0.007568225384392569,-0.0006967562127427376,0.008554617945343446,FORCE_BUY,1339062295.8442397,260.55,-0.5,-0.5
2020-07-30,0.15623819970418787,0.165,0.215,FORCE_BUY,0.03196276183087663,0.021984292993413344,-0.0005818463925525934,0.03196276183087663,FORCE_BUY,1381862425.083016,266.04,-0.5,-0.5
2020-07-31,0.16426908984105196,0.165,0.215,FORCE_BUY,0.0017703781829137323,0.007178542923360036,0.002787403947566608,0.0017703781829137323,FREE,1391782183.8156526,265.95,-0.5,2.349999999999999
2020-08-03,0.17975237528538238,0.165,0.215,FREE,0.009636295463067063,0.010207688171051077,0.0014248218972627662,0.010207688171051077,FREE,1405989062.3500674,269.27,2.1499999999999995,1.8499999999999996
2020-08-04,0.14572171108793128,0.165,0.215,FORCE_BUY,0.006780671360977588,0.003467576982482122,0.0,0.006780671360977588,FORCE_BUY,1415522612.118992,270.23,2.1499999999999995,1.8499999999999996
2020-08-05,0.15725272690909217,0.165,0.43,FORCE_BUY,-0.0037553845587425506,0.004136487401541347,7.363499134777593e-05,-0.0037553845587425506,FREE,1421377903.570619,270.59,1.7999999999999994,-0.5
2020-08-06,0.19331308677880552,0.165,0.215,FREE,0.013363357820517629,0.006566577553501918,-0.0021410904795303182,0.006566577553501918,FORCE_BUY,1440372285.0942106,274.51,1.5999999999999996,-0.5
2020-08-07,0.21410205439405483,0.165,0.215,FREE,-0.008114331664168863,0.0026156887895718204,0.0,0.0026156887895718204,FREE,1444139850.7331417,271.37,1.3999999999999995,-0.5
2020-08-10,0.1748815743644476,0.165,0.215,FREE,-0.004274764150943611,-0.010424031523904585,-0.00018462558962266954,-0.010424031523904585,FORCE_SELL,1443873225.5617025,270.2,1.5999999999999996,-0.5
2020-08-11,0.25979275450853306,0.165,0.215,FORCE_SELL,-0.0071878142341067095,-0.009390278858072195,0.0,0.0,FORCE_SELL,1443873225.5617025,266.58,2.3999999999999995,2.4499999999999993
2020-08-12,0.20471727997577668,0.165,0.215,FREE,0.0002394062724442985,0.0025966372626654724,0.0,0.0025966372626654724,FREE,1447622440.5817611,271.57,2.499999999999999,1.7999999999999994
2020-08-13,0.22543620956472976,0.165,0.215,FORCE_SELL,0.008226353843883767,0.002102700309871543,0.0,0.0,FORCE_BUY,1459531095.0103333,273.31,2.0999999999999996,2.4499999999999993
2020-08-14,0.18263482906336861,0.165,0.31,FREE,-0.0008815750808110319,-0.0008815750808110319,0.0,-0.0008815750808110319,FORCE_SELL,1459531095.0103333,272.0,2.0999999999999996,2.4499999999999993
2020-08-17,0.1496685864956659,0.165,0.31,FORCE_BUY,0.00922131147541005,0.0031591934899999753,0.0,0.00922131147541005,FORCE_BUY,1472989885.84547,275.8,-0.5,1.3999999999999995
2020-08-18,0.1483725464606776,0.165,0.31,FORCE_BUY,0.01177068952989901,0.0022887451863692647,0.0022887451863692647,0.01177068952989901,FORCE_BUY,1490327992.4724383,278.5,-0.5,1.3999999999999995
2020-08-19,0.21991693466723308,0.165,0.31,FREE,-0.011519827740893466,-0.010169639151898386,-0.00025121119684186664,-0.010169639151898386,FORCE_SELL,1489953605.3937624,275.44,-0.5,1.3999999999999995
2020-08-20,0.15393422022499356,0.165,0.215,FORCE_BUY,0.018221415607985392,0.011470054446461118,0.011470054446461118,0.018221415607985392,FORCE_BUY,1517102669.2742584,280.52,2.4499999999999993,-0.5
2020-08-21,0.13843189965977656,0.165,0.215,FORCE_BUY,0.007386789422974005,0.0033623704104276102,-0.0006423295150412045,0.007386789422974005,FORCE_BUY,1528309187.225219,282.3,2.349999999999999,-0.5
2020-08-24,0.17869021140596333,0.165,0.215,FREE,0.00010560405519581813,0.004061085095582321,0.0017600675865954611,0.004061085095582321,FREE,1534515780.8869007,284.11,1.2999999999999996,2.499999999999999
2020-08-25,0.12923274229517104,0.165,0.215,FORCE_BUY,0.008937937832224378,0.008537338811492054,0.0,0.008937937832224378,FORCE_BUY,1548231187.5390348,286.609,1.2999999999999996,2.499999999999999
2020-08-26,0.16410700700896194,0.165,0.215,FORCE_BUY,0.019129402729779612,0.0006981533842984043,0.0006981533842984043,0.019129402729779612,FORCE_BUY,1577847925.4442742,291.95,2.1999999999999993,1.9999999999999996
2020-08-27,0.2045305540401032,0.165,0.215,FREE,-0.0004450378282153399,0.004187848190887241,-0.0003765704700284993,0.004187848190887241,FREE,1584455713.024341,291.98,2.2999999999999994,1.8999999999999995
2020-08-28,0.1645135100329186,0.165,0.215,FORCE_BUY,0.00418381344307248,0.004438681396181081,0.0015432098765430589,0.00418381344307248,FREE,1591488607.1208148,292.82,-0.5,-0.5
2020-08-31,0.22182434563075767,0.165,0.215,FORCE_SELL,0.006225125012756363,0.0024832465897880298,0.0024832465897880298,0.0024832465897880298,FORCE_BUY,1601395822.6565192,295.8,2.0999999999999996,1.3499999999999996
2020-09-01,0.15243014789080359,0.165,0.215,FORCE_BUY,0.011269873213926364,0.004813175018447725,0.0,0.011269873213926364,FORCE_BUY,1619443350.5431697,301.5,2.0999999999999996,1.3499999999999996
2020-09-02,0.17439102649041305,0.165,0.215,FREE,-6.600660065995559e-05,-0.0024083266147924623,0.0003630363036304646,-0.0024083266147924623,FORCE_SELL,1620031267.2710898,302.98,-0.5,2.4499999999999993
2020-09-03,0.3822965260044322,0.165,0.215,FORCE_SELL,-0.06331292404434885,-0.030401042945520217,0.0,0.0,FORCE_SELL,1620031267.2710898,283.02,-0.5,2.4499999999999993
2020-09-04,0.26510576612231457,0.165,0.215,FORCE_SELL,-0.01865801771639824,0.02110767843670603,0.0,0.0,FREE,1654226366.3180575,281.39,2.349999999999999,-0.5
2020-09-08,0.19100710638865034,0.165,0.31,FREE,-0.027304247327362047,-0.021247920000424105,0.0,-0.021247920000424105,FORCE_SELL,1654226366.3180575,269.32,-0.5,-0.5
2020-09-09,0.15179310384774256,0.165,0.31,FORCE_BUY,0.022748919334749717,0.017791304675905086,0.009231445527144735,0.022748919334749717,FORCE_BUY,1691858228.486843,279.19,-0.5,-0.5
2020-09-10,0.19150529941985217,0.165,0.31,FREE,-0.008414943779470316,-0.002688824300319678,0.0029017047515415956,-0.002688824300319678,FORCE_SELL,1696767501.547378,273.38,-0.5,1.7499999999999996
2020-09-11,0.14986120893542945,0.165,0.31,FORCE_BUY,-0.020800058080441344,-0.01688325831276327,0.0,-0.020800058080441344,FORCE_SELL,1696767501.547378,269.75,-0.5,1.5999999999999996
2020-09-14,0.1389670689408417,0.165,0.31,FORCE_BUY,0.004116575591985287,4.7376348265497877e-05,0.001602914389799505,0.004116575591985287,FORCE_BUY,1703752373.2295218,275.63,-0.5,2.499999999999999
2020-09-15,0.13071571928763384,0.165,0.31,FORCE_BUY,0.009152076399942227,-0.0007744829951997347,0.0013746201707423634,0.009152076399942227,FORCE_BUY,1719345245.1159012,278.97,2.499999999999999,-0.5
2020-09-16,0.17436759228841234,0.165,0.31,FREE,-0.0189634276751978,0.000525121615845281,0.002138732444571048,0.000525121615845281,FORCE_SELL,1723022464.5750494,275.22,-0.5,2.0999999999999996
2020-09-17,0.13925915213413279,0.165,0.31,FORCE_BUY,0.0,-0.003327787021630654,-0.003327787021630654,0.0,FORCE_BUY,1723022464.5750494,270.45,2.2999999999999994,1.8499999999999996
2020-09-18,0.14911880450142664,0.165,0.31,FORCE_BUY,-0.0155379221258535,0.0004776732171008935,0.0029156670972504332,-0.0155379221258535,FORCE_SELL,1728046224.482834,266.74,2.349999999999999,-0.5
2020-09-21,0.11708938479603737,0.165,0.31,FORCE_BUY,0.015916824196597377,0.006402509863419796,-0.0039697542533080775,0.015916824196597377,FORCE_BUY,1755551232.4415214,268.71,2.0999999999999996,-0.5
2020-09-22,0.12980488722794958,0.165,0.31,FORCE_BUY,0.014920907969036147,0.011126426573036596,0.0031038480236341716,0.014920907969036147,FORCE_BUY,1781745650.8157094,271.4,-0.5,-0.5
2020-09-23,0.17844197327351696,0.165,0.31,FREE,-0.0358586229700932,-0.02605876626103077,0.00047762510103611597,-0.02605876626103077,FORCE_SELL,1782596657.2622008,262.42,-0.5,-0.5
2020-09-24,0.15565592753512916,0.165,0.31,FORCE_BUY,0.011928655280796785,0.018206661959013284,0.01048964289771635,0.011928655280796785,FREE,1815051792.0102408,267.22,2.4499999999999993,-0.5
2020-09-25,0.16044240132968735,0.165,0.31,FORCE_BUY,0.02036897590361441,0.008034238582335772,-0.001694277108433841,0.02036897590361441,FORCE_BUY,1852022538.2255094,271.01,-0.5,-0.5
2020-09-28,0.13148352106267197,0.165,0.31,FORCE_BUY,0.01627737226277363,0.013612071679704572,0.012591240875912457,0.01627737226277363,FORCE_BUY,1882168598.5192528,278.46,2.2999999999999994,-0.5
2020-09-29,0.16041285647825723,0.165,0.31,FORCE_BUY,-0.0030636150657775657,-4.805163169305207e-05,-0.0018381690394666218,-0.0030636150657775657,FREE,1882078157.2469726,276.6,2.2999999999999994,-0.5
2020-09-30,0.1961665604267698,0.165,0.31,FREE,0.020252979454558707,0.01676732781372159,0.0018278862323609815,0.01676732781372159,FORCE_BUY,1920195847.4975693,279.08,-0.5,-0.5
2020-10-01,0.15980768787529817,0.165,0.31,FORCE_BUY,0.002521844142928135,0.008746650764658973,0.0,0.002521844142928135,FREE,1936991129.975379,282.25,1.7499999999999996,-0.5
2020-10-02,0.24200323642626617,0.165,0.31,FREE,-0.01709247930910403,-0.008284175246331446,-0.0029507016912558295,-0.008284175246331446,FORCE_SELL,1931275646.9722133,273.15,1.7499999999999996,-0.5
2020-10-05,0.15690661615628684,0.165,0.31,FORCE_BUY,0.012850764148545976,0.0077134435269525315,0.001960286056557821,0.012850764148545976,FORCE_BUY,1956094014.8172839,279.01,1.8499999999999996,-0.5
2020-10-06,0.22281755970591755,0.165,0.31,FREE,-0.01605101931138266,0.001282363741817694,0.0032782773816773525,0.001282363741817694,FORCE_SELL,1962506633.5824938,274.63,1.8499999999999996,-0.5
2020-10-07,0.14952335930706184,0.165,0.31,FORCE_BUY,0.009896358140204497,0.004354037714121339,0.0,0.009896358140204497,FORCE_BUY,1981928302.0809534,280.63,-0.5,2.499999999999999
2020-10-08,0.16695260233311868,0.165,0.31,FREE,0.0023419203747074217,0.001063694758926543,0.0004258037044922095,0.001063694758926543,FORCE_BUY,1986569820.352806,282.48,-0.5,-0.5
2020-10-09,0.11884029522522116,0.165,0.31,FORCE_BUY,0.014317102558650608,0.002503783568308155,0.0013112197887873186,0.014317102558650608,FORCE_BUY,2015011744.2107172,286.22,-0.5,-0.5
2020-10-12,0.18629229750473897,0.165,0.31,FREE,0.026376146788990952,0.005138407293967707,0.000556018904642784,0.005138407293967707,FORCE_BUY,2068159989.7575598,295.35,-0.5,-0.5
2020-10-13,0.206810897368325,0.165,0.31,FREE,0.0024774316160998317,-0.0026797267523903474,0.0,-0.0026797267523903474,FORCE_BUY,2073283714.703338,295.39,-0.5,-0.5
2020-10-14,0.21630675215856254,0.165,0.31,FREE,-0.015724119314347564,-0.007060229997842119,0.0007760831421242359,-0.007060229997842119,FORCE_SELL,2074892755.2431598,291.7,-0.5,-0.5
2020-10-15,0.13764279212616956,0.165,0.31,FORCE_BUY,0.003972503367991862,0.0005777203254016202,-0.00701233203219464,0.003972503367991862,FORCE_BUY,2083135273.701585,290.64,2.2999999999999994,-0.5
2020-10-16,0.21977081391641687,0.165,0.31,FREE,-0.008583247156153065,-0.005783479368327331,0.0003447087211305299,-0.005783479368327331,FORCE_SELL,2083853348.5977247,287.61,2.0999999999999996,-0.5
2020-10-19,0.2538993978042415,0.165,0.215,FORCE_SELL,-0.01655196145905019,-0.0036218399413777734,0.0,0.0,FORCE_SELL,2083853348.5977247,285.79,1.6999999999999993,-0.5
2020-10-20,0.2056230789058375,0.165,0.215,FREE,-0.0009099499527526543,0.001583351213410188,0.0,0.001583351213410188,FREE,2087152820.325796,285.47,2.499999999999999,1.6499999999999995
2020-10-21,0.20009376215294242,0.165,0.215,FREE,-0.0038637161924832616,-0.0008844204808842975,0.0012293642430629595,-0.0008844204808842975,FORCE_SELL,2089718691.3729124,283.6,2.499999999999999,1.0499999999999996
2020-10-22,0.1730012250380061,0.165,0.215,FREE,0.0021482655397077268,0.0007905362493249096,0.0006691318894171696,0.0007905362493249096,FORCE_BUY,2094207962.0252721,284.56,2.0999999999999996,-0.5
2020-10-23,0.1269500578961492,0.165,0.215,FORCE_BUY,0.009564293304994644,0.007385759829968017,0.0,0.009564293304994644,FORCE_BUY,2114237581.2157369,285.0,2.349999999999999,-0.5
2020-10-26,0.26287450543118007,0.165,0.215,FORCE_SELL,-0.006205673758865157,-0.0011119545106052333,0.011063829787234107,0.011063829787234107,FORCE_SELL,2137629145.9440813,280.25,2.0999999999999996,1.2499999999999996
2020-10-27,0.1637224285454507,0.165,0.215,FORCE_BUY,0.0,0.0,0.0,0.0,FORCE_BUY,2137629145.9440813,281.45,1.0499999999999996,-0.5
2020-10-28,0.28661178106690904,0.165,0.215,FORCE_SELL,-0.021996130973704973,-0.01523679368241748,0.0,0.0,FORCE_SELL,2137629145.9440813,273.0,1.0499999999999996,2.4499999999999993
2020-10-29,0.25266819212281894,0.165,0.215,FORCE_SELL,-0.0041495286281077815,-0.00285033525751126,0.0,0.0,FORCE_SELL,2137629145.9440813,273.59,-0.5,-0.5
2020-10-30,0.19902626357964281,0.165,0.215,FREE,-0.00604601876411696,-0.006119803485461866,0.0,-0.006119803485461866,FORCE_SELL,2137629145.9440813,269.58,2.2999999999999994,-0.5
2020-11-02,0.18969814228097717,0.165,0.215,FREE,-0.001252486554188447,-0.010862976970508139,0.00162086495247919,-0.010862976970508139,FORCE_SELL,2141093954.10814,271.12,1.5999999999999996,2.0499999999999994
2020-11-03,0.17176536545637822,0.165,0.215,FREE,0.009727698146578711,0.0014812831889388326,0.0,0.0014812831889388326,FORCE_BUY,2161921869.7971687,274.03,1.9499999999999993,-0.5
2020-11-04,0.2457570548491507,0.165,0.215,FORCE_SELL,0.025254857386424235,0.01490809822884309,0.007423720385038954,0.007423720385038954,FORCE_BUY,2216520898.2994876,288.64,2.349999999999999,-0.5
2020-11-05,0.19159731181850762,0.165,0.215,FREE,0.0,0.0,0.0,0.0,FORCE_BUY,2216520898.2994876,293.14,1.5499999999999994,-0.5
2020-11-06,0.17846267746740663,0.165,0.215,FREE,0.01748999586035598,0.0040706499241065655,0.0,0.0040706499241065655,FORCE_BUY,2255287839.6351385,294.95,2.2499999999999996,-0.5
2020-11-09,0.3206381160585043,0.165,0.215,FORCE_SELL,0.0,0.0,0.0,0.0,FORCE_BUY,2255287839.6351385,288.59,0.3999999999999998,-0.5
2020-11-10,0.19727299505700124,0.165,0.215,FREE,0.004857122598028714,0.012115234827394903,0.0,0.012115234827394903,FREE,2282611181.4156866,283.43,0.3999999999999998,-0.5
2020-11-11,0.1944223494582565,0.165,0.215,FREE,0.01117552559893849,0.009638129322535202,0.0,0.009638129322535202,FORCE_BUY,2308120561.106021,289.54,0.3999999999999998,-0.5
2020-11-12,0.24827363687859128,0.165,0.215,FORCE_SELL,-0.002316815934160949,0.003299106430452341,0.0,0.0,FREE,2315735296.491425,288.52,1.5999999999999996,-0.5
2020-11-13,0.1698440415021726,0.165,0.215,FREE,0.003344481605351166,0.0009637928051415505,0.0,0.0009637928051415505,FORCE_BUY,2323480230.593403,291.0,-0.5,-0.5
2020-11-16,0.15164043689849835,0.165,0.215,FORCE_BUY,0.0049929892958516225,-0.005147250888161361,0.0,0.0049929892958516225,FORCE_BUY,2335081342.5138783,293.87,-0.5,2.3999999999999995
2020-11-17,0.20512094982107484,0.165,0.215,FREE,-0.007153075822603595,0.002819062212588998,0.0006131207847947046,0.002819062212588998,FREE,2341664082.089881,291.48,-0.5,-0.5
2020-11-18,0.2352455762323249,0.165,0.215,FORCE_SELL,-0.00971504806212156,-0.008517853722795506,-0.00844935518078881,-0.00844935518078881,FORCE_SELL,2321878530.546208,289.49,-0.5,2.3999999999999995
2020-11-19,0.14052461054301268,0.165,0.215,FORCE_BUY,0.01197833483785866,0.015117946158991315,0.0,0.01197833483785866,FREE,2356980565.158724,291.47,-0.5,2.0999999999999996
2020-11-20,0.21865874649842024,0.165,0.215,FORCE_SELL,-0.007148965281340913,-0.005279184194014395,-0.0002394390285617307,-0.0002394390285617307,FORCE_SELL,2356416212.0218635,290.26,-0.5,-0.5
2020-11-23,0.1777839495941788,0.165,0.215,FREE,-6.859651529696828e-05,0.004603767919889685,0.0,0.004603767919889685,FREE,2367264605.3846774,291.54,-0.5,1.6499999999999995
2020-11-24,0.1706343693895829,0.165,0.215,FREE,0.016998626373626265,0.013167790478455328,0.0,0.013167790478455328,FORCE_BUY,2407504851.9391217,296.15,-0.5,1.6499999999999995
2020-11-25,0.14016266958579782,0.165,0.215,FORCE_BUY,0.0,0.0,0.0,0.0,FORCE_BUY,2407504851.9391217,297.06,2.0499999999999994,1.4999999999999996
2020-11-27,0.1877271631992081,0.165,0.215,FREE,0.0,0.0,0.0,0.0,FORCE_BUY,2407504851.9391217,299.06,-0.5,-0.5
2020-11-30,0.18104417085210991,0.165,0.215,FREE,0.00846097251020006,0.0013498794762288057,0.0,0.0013498794762288057,FORCE_BUY,2427874684.3095517,301.55,-0.5,-0.5
2020-12-01,0.19900847467812452,0.165,0.215,FREE,0.0,0.0,0.0,0.0,FORCE_BUY,2427874684.3095517,303.33,1.8499999999999996,1.7499999999999996
2020-12-02,0.18762653014136757,0.165,0.215,FREE,0.0017461781760675932,-0.0031485317941794843,-0.00026357406431202774,-0.0031485317941794843,FORCE_BUY,2432114186.0975204,304.05,1.6499999999999995,2.1999999999999993
2020-12-03,0.21135297557983235,0.165,0.215,FREE,0.0009855453350853967,0.003466323759905921,-0.00022996057818652367,0.003466323759905921,FREE,2440544681.2875943,304.7,-0.5,0.7499999999999998
2020-12-04,0.18203589440987153,0.165,0.215,FREE,-0.00019664394336654854,0.0013663589229661723,0.00016386995280543692,0.0013663589229661723,FREE,2443879341.289769,305.06,2.0499999999999994,2.3999999999999995
2020-12-07,0.16361796725399638,0.165,0.215,FORCE_BUY,0.00686168291802109,0.001705898959853865,0.0008536064874095375,0.00686168291802109,FORCE_BUY,2460648466.4196014,306.68,1.6499999999999995,-0.5
2020-12-08,0.17410473144359342,0.165,0.215,FREE,0.005340975705073923,-0.00017886747580822123,-0.002800755552660742,-0.00017886747580822123,FORCE_BUY,2473790730.097476,308.7,1.6499999999999995,-0.5
2020-12-09,0.37493767677506334,0.165,0.215,FORCE_SELL,-0.020974025974025912,-0.018458313901815085,0.0,0.0,FORCE_SELL,2473790730.097476,301.54,-0.5,1.3999999999999995
2020-12-10,0.23767736186123112,0.165,0.215,FORCE_SELL,0.00769794721407627,0.011034042808697941,0.0,0.0,FREE,2501086642.9131317,302.39,2.4499999999999993,0.6499999999999997
2020-12-11,0.1793061334669593,0.2,0.31,FORCE_BUY,0.003525694328953919,0.003525694328953919,0.0,0.003525694328953919,FORCE_BUY,2509904709.906273,301.71,2.2999999999999994,-0.5
2020-12-14,0.2728038532775726,0.165,0.31,FREE,0.0049199273567771176,0.009609777902422737,0.008948324252930497,0.009609777902422737,FREE,2534024336.7247167,304.34,2.3999999999999995,-0.5
2020-12-15,0.15942277792934587,0.165,0.31,FORCE_BUY,0.006521810375905453,0.0011470820870111526,0.0,0.006521810375905453,FORCE_BUY,2550550762.9367647,307.12,2.3999999999999995,-0.5
2020-12-16,0.1624184014851766,0.165,0.31,FORCE_BUY,0.0030169337572178673,0.005301899920508157,0.000291961331343759,0.0030169337572178673,FREE,2564073527.824031,309.19,-0.5,1.3999999999999995
2020-12-17,0.13262194611254674,0.165,0.31,FORCE_BUY,0.0010312600708991047,0.003875259957853717,0.0008701256848210543,0.0010312600708991047,FREE,2574009979.2954,310.62,1.5999999999999996,-0.5
2020-12-18,0.1900373018293715,0.165,0.31,FREE,-0.0014767729301101236,0.0030265829335592662,0.000834697743105712,0.0030265829335592662,FREE,2581800433.969547,311.03,-0.5,1.6499999999999995
2020-12-21,0.25197350005243463,0.165,0.31,FREE,-0.0012925323940932057,-0.0010988217583642592,0.0,-0.0010988217583642592,FORCE_SELL,2581800433.969547,309.07,-0.5,1.0999999999999996
2020-12-22,0.17914109982829887,0.165,0.215,FREE,-0.004392764857881199,0.00450674590014037,0.0025193798449611657,0.00450674590014037,FREE,2593435952.4903197,308.24,2.0999999999999996,1.5999999999999996
2020-12-23,0.23540955145666398,0.165,0.215,FORCE_SELL,-0.005934718100890241,-9.67991437826607e-05,0.0004838085408334057,0.0004838085408334057,FORCE_SELL,2594690678.954239,308.2,2.0999999999999996,1.4499999999999995
2020-12-24,0.14588718293971406,0.165,0.215,FORCE_BUY,0.0,0.0,0.0,0.0,FORCE_BUY,2594690678.954239,309.3,-0.5,-0.5
2020-12-28,0.13737676325593653,0.165,0.215,FORCE_BUY,0.0,0.0,0.0,0.0,FORCE_BUY,2594690678.954239,313.27,1.3999999999999995,1.6499999999999995
2020-12-29,0.18616893656454836,0.165,0.215,FREE,0.001217012554445275,0.0052571430649144026,0.0,0.0052571430649144026,FREE,2608331339.062701,312.62,1.3999999999999995,1.6499999999999995
2020-12-30,0.19441074968056324,0.165,0.31,FREE,-0.0023261742400102065,-0.0008932329305341422,-0.0003186540054807556,-0.0008932329305341422,FORCE_SELL,2607500183.833888,313.09,-0.5,0.9999999999999996
2020-12-31,0.16360163949222373,0.165,0.31,FORCE_BUY,0.0023313745528870896,0.001122532133548561,0.0,0.0023313745528870896,FORCE_BUY,2613579243.4091268,313.85,1.5499999999999994,1.0999999999999996
2021-01-04,0.39196913414816725,0.165,0.31,FORCE_SELL,-0.01825049196978355,-0.017565915349915136,0.0012695994413761782,0.0012695994413761782,FORCE_SELL,2616897442.156552,309.31,1.5999999999999996,1.5499999999999994
2021-01-05,0.18458559387241538,0.165,0.31,FREE,0.013143768097081789,0.002993135309236518,0.0,0.002993135309236518,FORCE_BUY,2651293335.2701044,311.41,1.6999999999999993,-0.5
2021-01-06,0.28714718178158843,0.165,0.31,FREE,0.007061043863074407,0.004588051542366383,0.0,0.004588051542366383,FORCE_BUY,2670014233.8043237,309.49,1.3999999999999995,2.2999999999999994
2021-01-07,0.18115208999205787,0.165,0.31,FREE,0.020697238212276044,0.008893344544337305,0.008893344544337305,0.008893344544337305,FORCE_BUY,2725276154.4315395,315.62,1.4499999999999995,2.2499999999999996
2021-01-08,0.14384247815547482,0.165,0.31,FORCE_BUY,0.0,0.0,0.0,0.0,FORCE_BUY,2725276154.4315395,319.24,1.4499999999999995,2.2499999999999996
2021-01-11,0.2151769571085956,0.165,0.31,FREE,-0.00795897823077874,-0.0014860262792528182,0.0,-0.0014860262792528182,FORCE_SELL,2725276154.4315395,315.35,1.4499999999999995,2.2499999999999996
2021-01-12,0.18917740652096163,0.165,0.31,FREE,0.0,0.0,0.0,0.0,FORCE_BUY,2725276154.4315395,314.19,2.0999999999999996,-0.5
2021-01-13,0.1740707695981253,0.165,0.31,FREE,0.008566060567461828,0.012484671962737792,0.0,0.012484671962737792,FREE,2759300333.227489,316.72,1.2499999999999996,1.2999999999999996
2021-01-14,0.2561075684252992,0.165,0.31,FREE,-0.005569091541942192,-0.005965193844811205,0.0,-0.005965193844811205,FORCE_SELL,2759300333.227489,314.27,0.8999999999999997,-0.5
2021-01-15,0.2469707632253921,0.165,0.215,FORCE_SELL,-0.009263385751575495,0.0017826446807157007,0.0017826446807157007,0.0017826446807157007,FREE,2764219185.289014,311.23,1.8999999999999995,-0.5
2021-01-19,0.1763461412237178,0.165,0.215,FREE,0.00873099025304,0.0005714829983806586,0.0,0.0005714829983806586,FORCE_BUY,2788353556.053038,317.72,0.8999999999999997,-0.5
2021-01-20,0.2022629828842649,0.19,0.215,FREE,0.0,0.0,0.0,0.0,FORCE_BUY,2788353556.053038,325.22,0.8999999999999997,-0.5
2021-01-21,0.1540130015463292,0.19,0.215,FORCE_BUY,0.0,0.0,0.0,0.0,FORCE_BUY,2788353556.053038,325.89,0.8999999999999997,-0.5
2021-01-22,0.19072448415296406,0.19,0.215,FREE,0.0034516765285995685,0.00472662040923205,0.0,0.00472662040923205,FREE,2801533044.879233,325.6,0.8999999999999997,-0.5
2021-01-25,0.2324899034375437,0.19,0.215,FORCE_SELL,-0.003073365182728119,-0.0022196830927629792,0.0,0.0,FORCE_SELL,2801533044.879233,327.62,1.5999999999999996,1.6999999999999993
2021-01-26,0.18631096192264027,0.19,0.31,FORCE_BUY,0.0,0.0,0.0,0.0,FORCE_BUY,2801533044.879233,330.36,2.1499999999999995,2.1499999999999995
2021-01-27,0.5003101382153972,0.19,0.31,FORCE_SELL,-0.03192333516449978,-0.0196208801626177,0.0,0.0,FORCE_SELL,2801533044.879233,317.2,2.1499999999999995,1.9999999999999996
2021-01-28,0.4138537810485039,0.19,0.31,FORCE_SELL,-0.00769087638776898,-0.0038341444098208078,0.0,0.0,FORCE_SELL,2801533044.879233,319.98,-0.5,1.3999999999999995
2021-01-29,0.36978883190480144,0.19,0.31,FORCE_SELL,-0.012466551235636768,0.00269799678584099,0.0,0.0,FREE,2809091572.029744,313.69,2.499999999999999,-0.5
2021-02-01,0.31483619111111033,0.19,0.31,FORCE_SELL,0.0013021111806438771,0.0013021111806438771,0.0,0.0,FORCE_BUY,2812749321.573137,323.05,2.1499999999999995,-0.5
2021-02-02,0.26420781121674397,0.19,0.31,FREE,0.0,0.0,0.0,0.0,FORCE_BUY,2812749321.573137,329.7,2.1499999999999995,-0.5
2021-02-03,0.3355550408939319,0.19,0.31,FORCE_SELL,-0.003015337592539431,-0.0013105917269341956,0.0,0.0,FORCE_SELL,2812749321.573137,327.1,-0.5,1.6999999999999993
2021-02-04,0.18685817985825884,0.19,0.31,FORCE_BUY,0.008616475189440474,0.005780202240566128,0.0,0.008616475189440474,FORCE_BUY,2836985306.316587,330.1,1.1999999999999997,2.4499999999999993
2021-02-05,0.22107377550711668,0.19,0.31,FREE,0.001207875347263969,-3.0196883681750354e-05,-3.0196883681750354e-05,-3.0196883681750354e-05,FORCE_BUY,2840412030.928637,331.56,1.5999999999999996,2.4499999999999993
2021-02-08,0.1872294323329461,0.19,0.31,FORCE_BUY,0.0018941671677689693,0.007910225068113947,0.0,0.0018941671677689693,FREE,2862880329.3794613,333.23,1.5999999999999996,1.6499999999999995
2021-02-09,0.2531618283279602,0.19,0.31,FREE,0.0009602112464742409,0.0014730891357487138,-0.00024005281161850635,0.0014730891357487138,FREE,2867097607.2896185,333.58,1.1999999999999997,2.0499999999999994
2021-02-10,0.26511255581040394,0.19,0.31,FREE,0.0027794561933534383,0.005616924844721531,0.0,0.005616924844721531,FREE,2883201879.072245,331.92,1.4499999999999995,-0.5
2021-02-11,0.20894416598901935,0.19,0.31,FREE,0.0022772217894168416,0.0050435194948735195,0.0011086474501107357,0.0050435194948735195,FREE,2897743363.9570017,334.5,1.2999999999999996,2.499999999999999
2021-02-12,0.1821810450559096,0.19,0.31,FORCE_BUY,0.008898076577386399,0.0018533060121808892,0.0,0.008898076577386399,FORCE_BUY,2923527706.311105,336.75,1.2999999999999996,2.1499999999999995
2021-02-16,0.24538653431738078,0.19,0.31,FREE,-0.009684871460727364,-0.005476024806312044,0.0007700509418316436,-0.005476024806312044,FORCE_SELL,2925778971.5748205,334.37,1.5999999999999996,2.2499999999999996
2021-02-17,0.25198965116709143,0.19,0.31,FREE,-0.0044963225441443135,-0.009081188246946797,-0.011842896703689241,-0.009081188246946797,FORCE_BUY,2912623725.6257453,334.32,1.5499999999999994,-0.5
2021-02-18,0.2541115989225777,0.19,0.31,FREE,3.0113225728764183e-05,0.002206411978762314,0.0,0.002206411978762314,FREE,2919050173.5035934,332.09,2.1499999999999995,2.2499999999999996
2021-02-19,0.2891072422179834,0.19,0.31,FREE,-0.007407629558541067,-0.005890057437374415,0.0,-0.005890057437374415,FORCE_SELL,2919050173.5035934,330.97,1.5499999999999994,0.8999999999999997
2021-02-22,0.3184046588331139,0.19,0.31,FORCE_SELL,-0.020746509293340938,-0.020746509293340938,-0.020746509293340938,-0.020746509293340938,FORCE_BUY,2858490071.9512725,321.91,2.3999999999999995,1.8999999999999995
2021-02-23,0.33553505386370003,0.19,0.31,FORCE_SELL,-0.0015552099533437745,-0.004447900466563095,-0.004447900466563095,-0.004447900466563095,FORCE_BUY,2854044519.7398396,321.0,2.3999999999999995,1.8999999999999995
2021-02-24,0.2535579593270725,0.19,0.31,FREE,0.0005547850208043592,-0.0003390352904916138,0.0,-0.0003390352904916138,FORCE_BUY,2855627900.8880997,324.63,-0.5,-0.5
2021-02-25,0.44471585484794424,0.19,0.31,FORCE_SELL,-0.030508685636012736,-0.013315528239918896,0.0,0.0,FORCE_SELL,2855627900.8880997,311.42,-0.5,1.9499999999999993
2021-02-26,0.2932606265820387,0.19,0.31,FREE,0.010393538629854874,0.012609977090111862,0.0,0.012609977090111862,FREE,2891637303.2961826,314.0,2.3999999999999995,-0.5
2021-03-01,0.1961802209272001,0.19,0.31,FREE,0.01799373040752362,0.003542319749216169,0.003542319749216169,0.003542319749216169,FORCE_BUY,2943668645.368033,324.74,-0.5,-0.5
2021-03-02,0.2784451700586395,0.2,0.31,FREE,-0.0031485753475901652,0.005751551086980663,0.0,0.005751551086980663,FREE,2960599305.96501,319.77,-0.5,-0.5
2021-03-03,0.3176999669718372,0.2,0.31,FORCE_SELL,-0.0368044490267754,-0.0368044490267754,0.0,0.0,FORCE_SELL,2960599305.96501,308.29,-0.5,-0.5
2021-03-04,0.2977001179338137,0.2,0.31,FREE,-0.02009706524217469,-0.02009706524217469,0.0,-0.02009706524217469,FORCE_SELL,2960599305.96501,300.84,2.2999999999999994,-0.5
2021-03-05,0.22079266626791486,0.19,0.215,FORCE_SELL,0.02117888059208357,0.021975082525370775,0.00657503469239402,0.00657503469239402,FREE,3025658720.038147,309.07,2.0999999999999996,-0.5
2021-03-08,0.2947858481265066,0.2,0.31,FREE,-0.008157089760878797,0.013106766365573837,0.0,0.013106766365573837,FREE,3065315321.983648,301.55,-0.5,-0.5
2021-03-09,0.256751522288101,0.2,0.31,FREE,0.025659582867293737,0.023189452360506898,0.013356141851437594,0.023189452360506898,FORCE_BUY,3143970034.502472,311.78,-0.5,-0.5
2021-03-10,0.27876018042228584,0.2,0.31,FREE,-0.0020566213567274126,0.012864376740501282,0.0,0.012864376740501282,FREE,3184415249.4871583,310.55,1.9499999999999993,2.3999999999999995
2021-03-11,0.2257698132239889,0.2,0.31,FREE,0.009938595935937154,0.004168139766482121,0.002722035829587957,0.004168139766482121,FORCE_BUY,3216063865.9440475,319.08,1.4999999999999996,-0.5
2021-03-12,0.2506766007895876,0.2,0.31,FREE,0.009269298385807917,0.018032822755094578,0.0,0.018032822755094578,FREE,3274058575.607681,315.7499,1.0999999999999996,-0.5
2021-03-15,0.1995019574639162,0.2,0.31,FORCE_BUY,0.01268438453713122,0.009131182097534008,0.00464140386571722,0.01268438453713122,FORCE_BUY,3315587993.5777807,318.55,-0.5,-0.5
2021-03-16,0.26741185704274567,0.2,0.31,FREE,0.0012170765197853874,-0.0009374632031084338,-0.0016851828735488935,-0.0009374632031084338,FORCE_BUY,3319623317.874047,320.83,-0.5,-0.5
2021-03-17,0.2751240943015933,0.2,0.31,FREE,0.007714169711733676,0.0016435486311443322,-0.000406008932196407,0.0016435486311443322,FORCE_BUY,3345231455.527156,322.66,1.7499999999999996,-0.5
2021-03-18,0.3591689530685434,0.2,0.31,FORCE_SELL,-0.02003265511178094,-0.018830912682020272,0.0,0.0,FORCE_SELL,3345231455.527156,312.1,2.2999999999999994,-0.5
2021-03-19,0.2614327902707262,0.2,0.31,FREE,-0.004423793004678418,-0.004423793004678418,0.0,-0.004423793004678418,FORCE_SELL,3345231455.527156,312.82,2.4499999999999993,-0.5
2021-03-22,0.28120384700266826,0.2,0.31,FREE,0.01563146668364561,0.01563146668364561,0.01563146668364561,0.01563146668364561,FORCE_BUY,3397522329.5733123,319.02,2.499999999999999,-0.5
2021-03-23,0.3226615880944171,0.2,0.315,FORCE_SELL,-0.001571832756994589,0.0035156192951353005,0.004558314995284558,0.004558314995284558,FORCE_SELL,3413009306.5550203,317.6,2.499999999999999,-0.5
2021-03-24,0.3495748534756767,0.2,0.315,FORCE_SELL,-0.021563342318059366,-0.021939447125932512,0.0,0.0,FORCE_SELL,3413009306.5550203,312.18,-0.5,-0.5
2021-03-25,0.19091489565474662,0.2,0.315,FORCE_BUY,-0.003321728576447539,-0.0016573919350407432,0.0,-0.003321728576447539,FORCE_SELL,3413009306.5550203,312.05,2.499999999999999,-0.5
2021-03-26,0.18953322638884926,0.2,0.315,FORCE_BUY,0.010493649422529436,0.008132526366727979,0.00015996416802647169,0.010493649422529436,FORCE_BUY,3448824229.693839,315.85,2.499999999999999,-0.5
2021-03-29,0.1858139281252259,0.2,0.28,FORCE_BUY,0.006873289632788399,0.009577568807546429,0.0003182078533700392,0.006873289632788399,FREE,3481855581.058865,316.42,2.2499999999999996,2.2499999999999996
2021-03-30,0.15835189081245524,0.2,0.295,FORCE_BUY,-9.54198473280817e-05,0.010671637284155001,-0.0017175572519083201,-9.54198473280817e-05,FREE,3519012680.895736,314.37,-0.5,1.5499999999999994
2021-03-31,0.18285978552691398,0.2,0.295,FORCE_BUY,0.01714158504007109,0.007115780794062292,0.0018445490395622927,0.01714158504007109,FORCE_BUY,3579334136.022399,319.83,1.7499999999999996,0.8499999999999996
2021-04-01,0.13718094219971827,0.2,0.295,FORCE_BUY,0.010562286424355577,0.000776638707673166,0.000776638707673166,0.010562286424355577,FORCE_BUY,3617140088.3755407,325.3,1.6999999999999993,0.9499999999999997
2021-04-05,0.1797419171289061,0.2,0.295,FORCE_BUY,0.0173190693682371,-0.004536676577874465,-0.004536676577874465,0.0173190693682371,FORCE_BUY,3679785588.4807477,331.88,1.6999999999999993,0.9499999999999997
2021-04-06,0.1950528928188149,0.2,0.295,FORCE_BUY,0.003847668676341159,0.0016057199987881139,0.0016057199987881139,0.003847668676341159,FORCE_BUY,3693944184.2251964,331.34,1.6999999999999993,0.9499999999999997
2021-04-07,0.18942022781514675,0.2,0.295,FORCE_BUY,0.0032895729591064867,0.00026462022604158944,-0.00015089784216096045,0.0032895729591064867,FORCE_BUY,3706095683.1260724,332.44,1.6999999999999993,0.9499999999999997
2021-04-08,0.1452041630571424,0.19,0.215,FORCE_BUY,0.00981598775252899,0.003976898955272715,0.0032719959175098426,0.00981598775252899,FORCE_BUY,3742474672.9613385,336.4,-0.5,-0.5
2021-04-09,0.16541357373726542,0.19,0.215,FORCE_BUY,0.0036992840095464723,0.000852616630618581,-0.0005966587112172362,0.0036992840095464723,FORCE_BUY,3756319149.675157,336.44,-0.5,-0.5
2021-04-12,0.17751653312173854,0.19,0.215,FORCE_BUY,-0.0005341246290800947,0.00047768642478877746,-0.0013353115727001482,-0.0005341246290800947,FREE,3758113492.3401313,336.82,-0.5,-0.5
2021-04-13,0.17801813817481216,0.19,0.215,FORCE_BUY,0.011228612167300409,0.004580418839279398,-0.0002376425855512807,0.011228612167300409,FORCE_BUY,3800311891.2263174,340.42,1.9999999999999996,1.2499999999999996
2021-04-14,0.3304301605966873,0.19,0.215,FORCE_SELL,-0.011772995508059174,0.003174825630558587,0.0003816681835529129,0.0003816681835529129,FREE,3812377218.8226995,336.6,1.4499999999999995,0.5499999999999998
2021-04-15,0.1949387753203884,0.19,0.215,FREE,0.0009087711069419183,0.0009967166979360882,0.0,0.0009967166979360882,FREE,3816177078.855531,341.43,1.0999999999999996,0.6999999999999997
2021-04-16,0.12897564819181462,0.19,0.215,FORCE_BUY,0.0028759244042728884,0.0036829440075124937,0.0,0.0028759244042728884,FREE,3830231845.359709,341.74,1.5999999999999996,1.6499999999999995
2021-04-19,0.23625627626857346,0.19,0.215,FORCE_SELL,-0.009056118722795192,-0.0018824064606165537,-0.0004381992930385333,-0.0004381992930385333,FORCE_SELL,3828553440.4728985,339.21,2.0999999999999996,0.7499999999999998
2021-04-20,0.2612852049850618,0.19,0.215,FORCE_SELL,-0.005638818815848067,6.950967120705154e-05,0.0,0.0,FREE,3828819561.9637446,335.05,2.2999999999999994,-0.5
2021-04-21,0.1878549462527749,0.19,0.215,FORCE_BUY,0.0,0.0,0.0,0.0,FORCE_BUY,3828819561.9637446,338.43,2.349999999999999,1.6999999999999993
2021-04-22,0.2867403349164066,0.19,0.215,FORCE_SELL,-0.009069156007208132,-0.003102172104427601,0.0,0.0,FORCE_SELL,3828819561.9637446,335.44,2.0999999999999996,1.2999999999999996
2021-04-23,0.16952131646764915,0.19,0.215,FORCE_BUY,0.010392781632470757,0.0010527127760924563,0.0,0.010392781632470757,FORCE_BUY,3868611647.581366,339.3,1.6499999999999995,1.1999999999999997
2021-04-26,0.12729837564043953,0.19,0.215,FORCE_BUY,0.00879056047197638,-0.0014159292035399876,-0.0014159292035399876,0.00879056047197638,FORCE_BUY,3902618912.212023,341.98,2.2999999999999994,2.2999999999999994
2021-04-27,0.17258231327548781,0.19,0.215,FORCE_BUY,-0.004445744369698775,0.0006727113190990767,0.0006727113190990767,-0.004445744369698775,FREE,3905244248.1283984,340.38,2.2999999999999994,2.2999999999999994
2021-04-28,0.1695637553462882,0.19,0.215,FORCE_BUY,0.0025015450719560934,0.0005003090143910808,0.0005003090143910808,0.0025015450719560934,FORCE_BUY,3915013392.632089,340.64,2.2999999999999994,2.2999999999999994
2021-04-29,0.18461892283244266,0.19,0.215,FORCE_BUY,-0.004402441887767142,0.004724991771817816,0.004050246536745606,-0.004402441887767142,FREE,3933511798.698832,339.22,-0.5,0.9499999999999997
2021-04-30,0.16791165927692284,0.19,0.215,FORCE_BUY,-0.0026548672566372392,-0.0024776446165891896,0.0003834808259585991,-0.0026548672566372392,FORCE_SELL,3935020225.052315,338.1,-0.5,1.1999999999999997
2021-05-03,0.20161486668343562,0.19,0.215,FREE,-0.008771152653495252,-0.006907825835063921,-0.0006201825108533201,-0.006907825835063921,FORCE_SELL,3932579794.3288836,335.64,1.5499999999999994,2.0999999999999996
2021-05-04,0.19834822777416095,0.19,0.215,FREE,-0.015731343283582035,-0.01294602181796709,0.0010149253731343247,-0.01294602181796709,FORCE_SELL,3936571069.3440237,329.73,1.9999999999999996,-0.5
2021-05-05,0.1991997328258757,0.19,0.215,FREE,-0.003149987884661978,-0.003149987884661978,0.0,-0.003149987884661978,FORCE_SELL,3936571069.3440237,329.12,2.4499999999999993,1.6499999999999995
2021-05-06,0.13133816981520186,0.19,0.215,FORCE_BUY,0.005635680523572761,0.004307818267321624,-9.089807296091933e-05,0.005635680523572761,FORCE_BUY,3958756326.2491856,331.9,2.4499999999999993,1.6999999999999993
2021-05-07,0.1688032269171559,0.19,0.215,FORCE_BUY,0.00835016429023596,0.0037933991275008144,0.0023211648027009232,0.00835016429023596,FORCE_BUY,3991812591.9583774,334.5,2.2999999999999994,-0.5
2021-05-10,0.24654017773783932,0.19,0.215,FORCE_SELL,-0.024456114028507076,-0.024456114028507076,-0.024456114028507076,-0.024456114028507076,FORCE_BUY,3894188368.0290127,325.1,2.1999999999999993,1.5999999999999996
2021-05-11,0.15679036262862642,0.19,0.215,FORCE_BUY,0.010472343070229966,0.00878739648315684,0.006339341205717739,0.010472343070229966,FORCE_BUY,3934969644.5991116,325.17,2.1999999999999993,1.5999999999999996
2021-05-12,0.26610965842584033,0.19,0.215,FORCE_SELL,-0.022937898334308496,-0.0015915142364122052,-0.0024323408971952645,-0.0024323408971952645,FREE,3928707084.389882,317.34,2.0999999999999996,-0.5
2021-05-13,0.2239893696432448,0.19,0.215,FORCE_SELL,0.010814229249011867,0.004986076335690468,0.0,0.0,FORCE_BUY,3971193023.452691,319.67,-0.5,-0.5
2021-05-14,0.1683270846118264,0.19,0.215,FORCE_BUY,0.0,0.0,0.0,0.0,FORCE_BUY,3971193023.452691,327.65,2.499999999999999,2.499999999999999
2021-05-17,0.15879643385722383,0.19,0.215,FORCE_BUY,-0.0008607174694906951,0.006768768868932033,0.0,-0.0008607174694906951,FREE,3998073111.1623573,325.03,-0.5,2.499999999999999
2021-05-18,0.2421684539594716,0.19,0.215,FORCE_SELL,-0.016507917062264454,-0.00480480226958665,0.0015007197329333277,0.0015007197329333277,FORCE_SELL,4004073098.3739886,321.12,1.5999999999999996,-0.5
2021-05-19,0.1505940314019227,0.19,0.215,FORCE_BUY,0.008184640471636032,0.008184640471636032,0.0,0.008184640471636032,FORCE_BUY,4036844997.10633,321.5,1.3999999999999995,2.0999999999999996
2021-05-20,0.15862321837066573,0.19,0.215,FORCE_BUY,0.0211882782975034,0.000278793135493575,0.000278793135493575,0.0211882782975034,FORCE_BUY,4122378792.3489037,329.66,2.499999999999999,-0.5
2021-05-21,0.21001713145674605,0.19,0.215,FREE,-0.008097288772972703,0.00024542120951548434,-9.098077273012366e-05,0.00024542120951548434,FREE,4123390511.5382032,327.07,1.5499999999999994,-0.5
2021-05-24,0.1771986498286845,0.19,0.215,FORCE_BUY,0.012958569081949166,0.002578073309864507,-0.0006083835249741998,0.012958569081949166,FORCE_BUY,4176823752.3338246,333.0,1.5499999999999994,-0.5
2021-05-25,0.19412960573598467,0.19,0.215,FREE,-0.0005687601029754389,0.0012572591749985347,0.0012572591749985347,0.0012572591749985347,FREE,4182075102.3187985,333.87,1.5499999999999994,-0.5
2021-05-26,0.16412331861472243,0.19,0.215,FORCE_BUY,0.0033924765078509785,0.0037827614158336574,0.0,0.0033924765078509785,FREE,4197894894.653969,334.22,1.5499999999999994,-0.5
2021-05-27,0.2338741222129311,0.19,0.215,FORCE_SELL,0.0021897591264962418,-0.002819689834118138,-0.002819689834118138,-0.002819689834118138,FORCE_BUY,4207087273.3116097,334.1,-0.5,-0.5
2021-05-28,0.2046606277067199,0.19,0.215,FREE,0.0,0.0,0.0,0.0,FORCE_BUY,4207087273.3116097,333.8001,1.1499999999999997,-0.5
2021-06-01,0.23163081509170466,0.19,0.215,FORCE_SELL,-0.0010667227572530402,0.0001953136288967546,0.0,0.0,FREE,4207908974.794046,332.44,1.1499999999999997,-0.5
2021-06-02,0.18553025617399074,0.19,0.215,FORCE_BUY,0.004122408449432815,0.0022567562161101926,0.0,0.004122408449432815,FORCE_BUY,4225255694.3061814,333.7,0.8499999999999996,-0.5
2021-06-03,0.21366325128998723,0.19,0.215,FREE,-0.011290613176385807,-0.006482745071191235,-0.004504233979941208,-0.006482745071191235,FORCE_SELL,4206224154.033947,329.26,1.0999999999999996,1.9499999999999993
2021-06-04,0.1710498939849181,0.19,0.215,FORCE_BUY,0.018223718123654455,0.0031122140379347264,0.0015464386427726559,0.018223718123654455,FORCE_BUY,4282877197.3819685,335.8,1.6499999999999995,0.6999999999999997
2021-06-07,0.13703597530405526,0.19,0.215,FORCE_BUY,0.005970149253731338,0.0017022170345517506,-0.0016716417910448884,0.005970149253731338,FORCE_BUY,4308446613.485742,337.0,1.3999999999999995,1.9999999999999996
2021-06-08,0.22343599761416078,0.19,0.215,FORCE_SELL,0.00026718916993237756,0.0008015675097969664,0.0008015675097969664,0.0008015675097969664,FREE,4311900124.308806,336.93,2.349999999999999,0.5499999999999998
2021-06-09,0.2795651271580861,0.19,0.215,FORCE_SELL,0.0,0.0,0.0,0.0,FORCE_BUY,4311900124.308806,336.78,-0.5,2.349999999999999
2021-06-10,0.14574367890228665,0.19,0.215,FORCE_BUY,0.013029897367246634,0.0029673362174823747,0.0,0.013029897367246634,FORCE_BUY,4368083740.386369,340.53,-0.5,2.349999999999999
2021-06-11,0.11831561654790719,0.19,0.215,FORCE_BUY,0.0037043570294585117,0.0030005922209326544,0.0008819897689187011,0.0037043570294585117,FORCE_BUY,4384264682.095333,341.4,0.8999999999999997,2.2999999999999994
2021-06-14,0.1696805427858612,0.19,0.215,FORCE_BUY,0.007672484479325184,0.0012006559681384944,0.0012006559681384944,0.007672484479325184,FORCE_BUY,4417902884.821963,344.1,0.6999999999999997,2.349999999999999
2021-06-15,0.24650947337048953,0.19,0.215,FORCE_SELL,-0.007654392577558599,-0.00037925902429670994,-5.7987822557253524e-05,-5.7987822557253524e-05,FORCE_SELL,4417646700.253403,342.26,0.6999999999999997,2.349999999999999
2021-06-16,0.2710615996478549,0.19,0.215,FORCE_SELL,-0.010573047491091914,0.0014821245305193884,0.0,0.0,FREE,4424194202.795016,338.76,0.6999999999999997,2.349999999999999
2021-06-17,0.20427344760982755,0.19,0.215,FREE,0.020175800837708795,0.002271252433484858,0.0,0.002271252433484858,FORCE_BUY,4513455863.897955,345.86,1.8499999999999996,1.9499999999999993
2021-06-18,0.2654508625807437,0.19,0.215,FORCE_SELL,-0.0012854221443178513,0.004659179706199873,0.0,0.0,FREE,4534484865.863857,341.86,1.8499999999999996,2.0999999999999996
2021-06-21,0.18214378296101327,0.19,0.215,FORCE_BUY,0.0018030593846333038,-0.001662525229680612,0.0,0.0018030593846333038,FORCE_BUY,4542660811.35573,344.48,1.2999999999999996,2.0999999999999996
2021-06-22,0.1666067291006085,0.19,0.215,FORCE_BUY,0.011748967603094244,0.0020647938114349202,0.0020647938114349202,0.011748967603094244,FORCE_BUY,4596032386.060194,347.9,1.5999999999999996,1.9499999999999993
2021-06-23,0.18726494980971922,0.19,0.215,FORCE_BUY,0.0011501523951924653,0.00020127666915888525,0.00020127666915888525,0.0011501523951924653,FORCE_BUY,4601318523.717403,348.18,1.5999999999999996,1.8499999999999996
2021-06-24,0.20635180931774322,0.19,0.215,FREE,0.003904679873672181,0.0029282783989903385,0.0027562446167096904,0.0029282783989903385,FORCE_BUY,4619285199.549317,349.66,1.5999999999999996,1.8499999999999996
2021-06-25,0.20338389887837663,0.205,0.295,FORCE_BUY,0.0,0.0,0.0,0.0,FORCE_BUY,4619285199.549317,349.45,1.1999999999999997,1.6999999999999993
2021-06-28,0.1403184621076481,0.205,0.295,FORCE_BUY,0.007761892532031958,0.007790421631016457,0.0,0.007761892532031958,FREE,4655271378.887721,353.15,1.1999999999999997,1.6999999999999993
2021-06-29,0.13242723944977441,0.19,0.215,FORCE_BUY,0.006625516733676894,0.003910177692729649,-0.0003680842629820497,0.006625516733676894,FORCE_BUY,4686114957.308349,355.52,1.5499999999999994,1.7499999999999996
2021-06-30,0.16036434850321457,0.19,0.215,FORCE_BUY,-0.0020812239847002923,-0.0001531705142352721,-0.0008999887501406373,-0.0020812239847002923,FREE,4685397182.670572,354.82,-0.5,1.8499999999999996
2021-07-01,0.14779195969727957,0.19,0.215,FORCE_BUY,-0.001719181556845668,0.0064015048614565724,0.0019164646863199133,-0.001719181556845668,FREE,4715390775.513292,354.21,1.4999999999999996,1.4499999999999995
2021-07-02,0.13815741714508054,0.19,0.215,FORCE_BUY,0.009207377164578477,0.00042235675066884125,0.00042235675066884125,0.009207377164578477,FORCE_BUY,4758807156.861817,358.42,1.4499999999999995,1.3499999999999996
2021-07-06,0.14297994001821976,0.19,0.215,FORCE_BUY,0.004438117568246619,0.001562551219101862,0.0013677217663150417,0.004438117568246619,FORCE_BUY,4779927302.508584,359.85,1.4999999999999996,2.0999999999999996
2021-07-07,0.16457866980012395,0.19,0.215,FORCE_BUY,-0.0018801670030691832,0.0016605724614064332,0.00041474272126519526,-0.0018801670030691832,FREE,4787864718.1546545,360.99,1.4999999999999996,2.0999999999999996
2021-07-08,0.18663645874760745,0.19,0.215,FORCE_BUY,-0.006823855755894476,-0.008821081830790447,-0.008821081830790447,-0.006823855755894476,FORCE_BUY,4755193019.939231,358.04,-0.5,0.5999999999999996
2021-07-09,0.14962157712388927,0.19,0.215,FORCE_BUY,0.006382919419126438,0.0005017141901495596,0.0005017141901495596,0.006382919419126438,FORCE_BUY,4785545033.807896,361.06,2.3999999999999995,-0.5
2021-07-12,0.11804512724519717,0.19,0.215,FORCE_BUY,0.010870474119909716,0.007051871672659392,0.007051871672659392,0.010870474119909716,FORCE_BUY,4837566177.247567,362.67,1.8999999999999995,2.499999999999999
2021-07-13,0.20659824127483728,0.19,0.215,FREE,-0.0015729344886581996,0.0017661018820023457,0.0017661018820023457,0.0017661018820023457,FREE,4846109811.977515,361.81,1.8999999999999995,2.499999999999999
2021-07-14,0.18062122043083617,0.205,0.295,FORCE_BUY,-0.00110014026788399,0.0013766756501226137,0.0,-0.00110014026788399,FREE,4852781333.353485,363.19,1.8999999999999995,2.499999999999999
2021-07-15,0.1959205534480305,0.205,0.295,FORCE_BUY,-0.011272717274751742,-0.0102127636782024,0.0007423496741910913,-0.011272717274751742,FORCE_SELL,4856383793.995221,359.61,-0.5,1.8499999999999996
2021-07-16,0.26678272370917416,0.205,0.295,FREE,-0.009783271437281674,0.001046772061553727,0.0008037248489552421,0.001046772061553727,FREE,4861467320.870957,357.29,1.7999999999999994,0.2999999999999998
2021-07-19,0.15136440061846165,0.205,0.295,FORCE_BUY,-0.004340034720277901,-0.0068880551044408,-0.0068880551044408,-0.004340034720277901,FORCE_BUY,4840368383.906881,355.59,1.9499999999999993,-0.5
2021-07-20,0.1940394377977875,0.205,0.295,FORCE_BUY,0.009608900876601377,0.0003933468195098916,0.0003933468195098916,0.009608900876601377,FORCE_BUY,4886879003.914078,359.34,2.1999999999999993,2.2999999999999994
2021-07-21,0.12640347558390239,0.205,0.295,FORCE_BUY,0.0072974403253210866,0.0020054034481799578,0.0020054034481799578,0.0072974403253210866,FORCE_BUY,4922540711.822205,361.65,2.1999999999999993,-0.5
2021-07-22,0.11694825320743395,0.205,0.295,FORCE_BUY,0.008038451976464713,0.0006905886577717888,0.0006905886577717888,0.008038451976464713,FORCE_BUY,4962110318.936379,364.92,1.8499999999999996,0.8999999999999997
2021-07-23,0.1337945552009322,0.205,0.295,FORCE_BUY,0.006484800394013061,0.0007934987823896951,0.0007934987823896951,0.006484800394013061,FORCE_BUY,4994288613.887754,367.84,-0.5,1.8499999999999996
2021-07-26,0.11365272258124641,0.205,0.295,FORCE_BUY,0.000951086956521697,0.002726191236450193,-0.002255434782608694,0.000951086956521697,FREE,5007903999.739239,368.35,-0.5,1.8499999999999996
2021-07-27,0.23336686761264444,0.205,0.295,FREE,-0.011576086956521745,-0.016258462920532457,0.0018749999999999555,-0.016258462920532457,FORCE_SELL,5017293819.7387495,363.74,-0.5,-0.10000000000000009
2021-07-28,0.18267349676362135,0.205,0.295,FORCE_BUY,0.003626373626373588,0.002087912087912001,0.002087912087912001,0.003626373626373588,FORCE_BUY,5035488401.722417,365.32,1.8499999999999996,1.7499999999999996
2021-07-29,0.16946935740481073,0.205,0.295,FORCE_BUY,-0.009644808743169322,-0.00838126048477141,-0.001666666666666795,-0.009644808743169322,FORCE_SELL,5027095921.052878,362.47,1.6999999999999993,2.2499999999999996
2021-07-30,0.13946452504959372,0.205,0.295,FORCE_BUY,0.008705264612408345,0.004690241752453278,0.0023214038966421747,0.008705264612408345,FORCE_BUY,5070858121.277602,365.0,1.5499999999999994,1.4999999999999996
2021-08-02,0.22567956901719421,0.205,0.295,FREE,-0.003633681219605373,-0.0003346355603336326,0.0017212174198131035,-0.0003346355603336326,FORCE_SELL,5079586170.609346,364.69,1.3999999999999995,1.5999999999999996
2021-08-03,0.15727045914484122,0.205,0.295,FORCE_BUY,0.003148356010622368,0.013281511662793224,2.7377008787994247e-05,0.003148356010622368,FREE,5147050753.576457,366.42,-0.5,-0.5
2021-08-04,0.15732065645888801,0.205,0.295,FORCE_BUY,0.001771117166212538,0.0030731627810819976,-0.00021798365122610518,0.001771117166212538,FREE,5162868478.384688,367.65,-0.5,-0.5
2021-08-05,0.11500579276639804,0.205,0.295,FORCE_BUY,0.004566334157810129,0.0011233081910254268,-0.00021744448370535167,0.004566334157810129,FORCE_BUY,5186443861.069818,369.59,-0.5,0.7499999999999998
2021-08-06,0.17445630511739274,0.205,0.295,FORCE_BUY,-0.0042495601569900445,-0.00010529798101203962,-0.0005954797672214386,-0.0042495601569900445,FREE,5185897739.002615,367.88,1.7999999999999994,0.7499999999999998
2021-08-09,0.149528437737632,0.205,0.295,FORCE_BUY,0.0024747763182942535,0.0015572259280912555,0.0018764787468384435,0.0024747763182942535,FORCE_BUY,5198731675.916194,368.62,1.1999999999999997,2.0499999999999994
2021-08-10,0.22587305533948118,0.205,0.295,FREE,-0.006531165311653164,0.00157965712732087,0.0005420054200541441,0.00157965712732087,FREE,5206943889.461083,366.59,-0.5,1.0499999999999996
2021-08-11,0.21809873054849024,0.205,0.295,FREE,-0.0022652838427946517,0.004209971223141434,-0.0014737991266374573,0.004209971223141434,FREE,5228864973.396226,365.57,0.6499999999999997,-0.5
2021-08-12,0.14993178989976585,0.205,0.295,FORCE_BUY,0.0047866520787745925,0.00440272223477286,0.00035557986870900807,0.0047866520787745925,FORCE_BUY,5253893730.790764,367.35,-0.5,1.3499999999999996
2021-08-13,0.13556786865972756,0.205,0.295,FORCE_BUY,0.0018482278756251434,0.0016299556363849443,0.00013589910850195347,0.0018482278756251434,FORCE_BUY,5263604123.639584,368.6,0.3999999999999998,-0.5
2021-08-16,0.16504465572558105,0.205,0.295,FORCE_BUY,0.001194256710908515,-0.007716279224158941,-0.001112830116982965,0.001194256710908515,FORCE_BUY,5269890218.187805,368.87,0.4999999999999998,1.8999999999999995
2021-08-17,0.19023387280620097,0.205,0.295,FORCE_BUY,-0.008213664055700528,-0.00140080369472426,0.0005711488250652416,-0.008213664055700528,FORCE_SELL,5272900109.794146,364.66,0.4999999999999998,1.8999999999999995
2021-08-18,0.3212901172838305,0.205,0.295,FORCE_SELL,-0.009414082811088915,-0.004400748575072078,0.000848362113790019,0.000848362113790019,FORCE_SELL,5277373438.477095,361.97,0.8499999999999996,0.7999999999999998
2021-08-19,0.22383407419246734,0.205,0.295,FREE,0.012726614497758424,0.009274630614951212,0.0,0.009274630614951212,FORCE_BUY,5344536535.789303,363.66,1.2499999999999996,-0.5
2021-08-20,0.1776901095321274,0.205,0.295,FORCE_BUY,0.0,0.0,0.0,0.0,FORCE_BUY,5344536535.789303,368.04,1.8499999999999996,2.499999999999999
2021-08-23,0.19509556258704586,0.205,0.295,FORCE_BUY,0.0,0.0,0.0,0.0,FORCE_BUY,5344536535.789303,373.77,1.9999999999999996,2.349999999999999
2021-08-24,0.16161695378384286,0.205,0.295,FORCE_BUY,0.0,0.0,0.0,0.0,FORCE_BUY,5344536535.789303,374.42,1.9999999999999996,2.349999999999999
2021-08-25,0.15279492246568005,0.205,0.295,FORCE_BUY,0.0,0.0,0.0,0.0,FORCE_BUY,5344536535.789303,374.56,1.9999999999999996,2.349999999999999
2021-08-26,0.25638530561743744,0.205,0.295,FREE,-0.004223695466210411,0.0007500946968001129,0.0,0.0007500946968001129,FREE,5348545444.301653,372.5,0.7999999999999998,-0.5
2021-08-27,0.16580764468301748,0.205,0.295,FORCE_BUY,0.008095429567082138,0.008116850164702585,0.001822811955501988,0.008095429567082138,FREE,5391958786.272152,376.07,0.4999999999999998,1.3999999999999995
2021-08-30,0.17119425351444253,0.205,0.295,FORCE_BUY,0.010682965718841392,0.0009301089556205018,0.0009301089556205018,0.010682965718841392,FORCE_BUY,5449560897.143303,380.32,0.34999999999999987,1.9999999999999996
2021-08-31,0.18835041317215503,0.205,0.295,FORCE_BUY,-0.0025444625150832525,0.00832501135569217,0.0013115786160223487,-0.0025444625150832525,FREE,5494928553.495557,380.25,0.34999999999999987,1.9999999999999996
2021-09-01,0.2512837589564673,0.205,0.295,FREE,0.0006569956901083251,0.0028642597677850353,0.0010249132765690393,0.0028642597677850353,FREE,5510667456.278188,380.77,0.7499999999999998,-0.5
2021-09-02,0.24052462904915087,0.205,0.295,FREE,-0.0008145890266974245,-0.001602900988017671,0.0,-0.001602900988017671,FORCE_SELL,5510667456.278188,380.25,0.5999999999999996,-0.5
2021-09-03,0.1727565096174254,0.205,0.295,FORCE_BUY,0.0014178438271279293,0.0015356661321993094,0.0,0.0014178438271279293,FREE,5519130001.656607,381.4,-0.5,1.8999999999999995
2021-09-07,0.17194996651958497,0.205,0.295,FORCE_BUY,0.0008125819134994675,0.005005127321577132,0.0017562254259503645,0.0008125819134994675,FREE,5546753950.019235,381.81,1.1499999999999997,0.5999999999999996
2021-09-08,0.2088935426514059,0.205,0.295,FREE,-0.0033023194863057988,-0.00045079983550163055,0.0013890708950333984,-0.00045079983550163055,FORCE_SELL,5554458784.493118,380.29,1.5999999999999996,1.0999999999999996
2021-09-09,0.29438061747296657,0.205,0.295,FREE,-0.002182774490466712,-0.0004119102510528417,0.0016305062458908768,-0.0004119102510528417,FORCE_SELL,5563515364.233777,379.42,1.6999999999999993,1.0999999999999996
2021-09-10,0.4025876403468664,0.205,0.295,FORCE_SELL,-0.01000000000000007,-0.003697765333615063,0.002605263157894782,0.002605263157894782,FORCE_SELL,5578009785.840597,376.2,1.9999999999999996,-0.5
2021-09-13,0.29269016131055897,0.205,0.295,FREE,-0.0042826552462527055,-0.003665335158836191,0.0,-0.003665335158836191,FORCE_SELL,5578009785.840597,376.65,1.5999999999999996,2.0499999999999994
2021-09-14,0.26823266957814823,0.205,0.295,FREE,-0.0006382978723404489,0.005185031845716898,0.004175531914893686,0.005185031845716898,FREE,5606931944.215901,375.76,1.0999999999999996,-0.5
2021-09-15,0.1833627534401363,0.205,0.295,FORCE_BUY,0.007084642838118679,0.005026224526324897,0.0,0.007084642838118679,FORCE_BUY,5646655054.458309,378.12,1.2499999999999996,1.8499999999999996
2021-09-16,0.1697325008000106,0.205,0.295,FORCE_BUY,-0.0013484067169111213,-0.0034416949865897764,-0.0023271188681739173,-0.0013484067169111213,FORCE_BUY,5639041066.854797,377.6401,1.5499999999999994,1.5499999999999994
2021-09-17,0.27417737942845255,0.205,0.295,FREE,-0.012221575578011783,-0.010019112603163821,-0.0011904132056504918,-0.010019112603163821,FORCE_SELL,5632328277.9016075,373.4,1.3999999999999995,1.9999999999999996
2021-09-20,0.24510506068011587,0.205,0.295,FREE,-0.016806271477663292,-0.015369281699326604,-0.00663122852233686,-0.015369281699326604,FORCE_SELL,5594979021.978022,366.22,1.6999999999999993,-0.5
2021-09-21,0.23314715455681023,0.205,0.295,FREE,-0.005775622514030423,-0.005775622514030423,-0.005775622514030423,-0.005775622514030423,FORCE_BUY,5562664535.173158,364.94,2.4499999999999993,-0.5
2021-09-22,0.1947310434636387,0.205,0.295,FORCE_BUY,0.009679882205377114,0.0028357964770682016,0.0028357964770682016,0.009679882205377114,FORCE_BUY,5616510472.621663,370.29,2.2999999999999994,-0.5
2021-09-23,0.18132398427062543,0.205,0.295,FORCE_BUY,0.004172611516407666,0.0011575631948743438,0.0011575631948743438,0.004172611516407666,FORCE_BUY,5639945988.901748,373.02,2.1499999999999995,2.2499999999999996
2021-09-24,0.15541818541296026,0.205,0.295,FORCE_BUY,0.0037877118985573804,0.00269994358326848,0.00269994358326848,0.0037877118985573804,FORCE_BUY,5661308479.431132,373.6399,2.1499999999999995,2.2499999999999996
2021-09-27,0.16121805663846644,0.205,0.295,FORCE_BUY,-0.010861690743713336,-0.002347800021316966,0.0001872659176029575,-0.010861690743713336,FORCE_SELL,5662368649.558367,369.7399,1.5499999999999994,2.1999999999999993
2021-09-28,0.3505656356217027,0.205,0.295,FORCE_SELL,-0.024945945945945996,-0.010221039753446994,-0.010513513513513456,-0.010513513513513456,FREE,5604493354.4925585,360.77,1.2499999999999996,-0.5
2021-09-29,0.24729807330721307,0.205,0.295,FREE,0.0015282447414489014,0.0023377380499047247,0.0,0.0023377380499047247,FREE,5617595191.857794,360.44,2.4499999999999993,-0.5
2021-09-30,0.2720285652978769,0.205,0.295,FREE,-0.007223913645170164,0.004717882033901323,0.002961527816219185,0.004717882033901323,FREE,5644098343.28719,358.69,2.349999999999999,2.3999999999999995
2021-10-01,0.18962447007002414,0.205,0.295,FORCE_BUY,0.00995066573230546,0.0004024182966472287,-0.0017098808689557903,0.00995066573230546,FORCE_BUY,5700260879.2615,360.2999,2.4499999999999993,2.349999999999999
2021-10-04,0.24370674014497773,0.205,0.295,FREE,-0.016133526526972922,-0.010636464267737367,-0.0014210878288007222,-0.010636464267737367,FORCE_SELL,5692160307.904993,353.09,2.499999999999999,2.3999999999999995
2021-10-05,0.2056099268190165,0.205,0.295,FREE,0.0,0.0,0.0,0.0,FORCE_BUY,5692160307.904993,356.88,2.499999999999999,-0.5
2021-10-06,0.15933556178036262,0.205,0.295,FORCE_BUY,0.02431481586563014,0.0002837201384555341,0.0,0.02431481586563014,FORCE_BUY,5830564137.669352,361.03,2.499999999999999,-0.5
2021-10-07,0.2188347321419414,0.205,0.295,FREE,0.001982979426588622,0.004406631318533665,0.000963948332369461,0.004406631318533665,FREE,5856257284.203124,363.81,-0.5,-0.5
2021-10-08,0.22391195095079797,0.205,0.295,FREE,-0.003562158281327549,0.004012735385214099,0.0,0.004012735385214099,FREE,5879756895.032364,360.85,-0.5,2.0499999999999994
2021-10-11,0.258082599704806,0.205,0.295,FREE,-0.006796870665261049,-0.006050994535534979,-0.0018309937302335426,-0.006050994535534979,FORCE_SELL,5868991097.022263,358.01,1.3499999999999996,-0.5
2021-10-12,0.2232487832938128,0.205,0.295,FREE,-0.003777491745481025,0.0030048609539919625,0.005372432704684201,0.0030048609539919625,FORCE_SELL,5900521856.735406,356.03,2.1999999999999993,-0.5
2021-10-13,0.1523727784808401,0.205,0.295,FORCE_BUY,0.0073131245464187825,0.009445473991430198,0.0,0.0073131245464187825,FREE,5956255082.469066,360.88,2.1999999999999993,1.9499999999999993
2021-10-14,0.15411100689499035,0.205,0.295,FORCE_BUY,0.014636032254501267,0.005908682390941378,0.0017397547774218763,0.014636032254501267,FORCE_BUY,6043431023.972119,367.42,-0.5,1.8999999999999995
2021-10-15,0.1351067525154446,0.205,0.295,FORCE_BUY,0.005883474518562939,0.0045810360454328885,0.0011440089341649812,0.005883474518562939,FORCE_BUY,6078987396.406352,369.29,-0.5,2.1999999999999993
2021-10-18,0.16123347236583752,0.205,0.295,FORCE_BUY,0.01235640767998252,0.0009921220275718118,-0.0015207886375362845,0.01235640767998252,FORCE_BUY,6154101842.957824,372.78,-0.5,-0.5
2021-10-19,0.13358014853940733,0.205,0.295,FORCE_BUY,0.006349291397647765,-0.00018753181343269967,-0.00018753181343269967,0.006349291397647765,FORCE_BUY,6193176028.849564,375.64,-0.5,-0.5
2021-10-20,0.18503773059018147,0.205,0.295,FORCE_BUY,-0.003066666666666542,0.0014206175070992971,0.0022399999999999443,-0.003066666666666542,FORCE_SELL,6207048743.154187,373.85,-0.5,-0.5
2021-10-21,0.1508866606328971,0.205,0.295,FORCE_BUY,0.0029672004063193685,0.0013111547054320142,-0.0011494560132587056,0.0029672004063193685,FORCE_BUY,6225466300.706918,375.2,0.7499999999999998,1.5999999999999996
2021-10-22,0.2491173945689441,0.205,0.295,FREE,-0.006252161651634902,0.0014288636124972492,-0.0006917285231596634,0.0014288636124972492,FREE,6234361642.974826,373.52,0.7499999999999998,1.7499999999999996
2021-10-25,0.1874294887696986,0.205,0.295,FORCE_BUY,0.011076709549991959,0.0022899673935659814,0.0014946885175892747,0.011076709549991959,FORCE_BUY,6303417856.123669,378.81,0.8999999999999997,-0.5
2021-10-26,0.25887676610750493,0.205,0.295,FREE,-0.000632344416925826,0.002160510091162916,0.002160510091162916,0.002160510091162916,FREE,6317036454.010641,379.3,0.8999999999999997,-0.5
2021-10-27,0.25374148248444045,0.205,0.295,FREE,0.0,0.0,0.0,0.0,FORCE_BUY,6317036454.010641,380.95,0.8999999999999997,-0.5
2021-10-28,0.14208781872735968,0.205,0.295,FORCE_BUY,2.617526960520563e-05,-0.0007606464689596466,0.0,2.617526960520563e-05,FORCE_BUY,6317201804.14293,382.05,0.8999999999999997,-0.5
2021-10-29,0.1596428401306621,0.205,0.295,FORCE_BUY,0.013734895546643556,0.009184033654635522,0.008649838798458683,0.013734895546643556,FORCE_BUY,6403967911.069902,386.75,0.8999999999999997,-0.5
2021-11-01,0.1298253262491338,0.205,0.295,FORCE_BUY,0.0001291989664083115,-0.0015744269400683652,0.00036175710594321957,0.0001291989664083115,FORCE_SELL,6406284591.967965,387.05,-0.5,2.3999999999999995
2021-11-02,0.13351372964242864,0.205,0.295,FORCE_BUY,0.0036674500891035445,-0.0009814303055348385,-0.0009814303055348385,0.0036674500891035445,FORCE_BUY,6429779320.965601,388.61,2.1499999999999995,-0.5
2021-11-03,0.161077702759622,0.205,0.295,FORCE_BUY,0.014162339998971778,0.008234156925660837,0.001028119056186654,0.014162339998971778,FORCE_BUY,6520840041.827475,394.57,-0.5,1.5999999999999996
2021-11-04,0.17639247072001737,0.205,0.295,FORCE_BUY,0.010323137016182118,0.005414312171546153,0.001014558920509386,0.010323137016182118,FORCE_BUY,6588155567.0398655,398.33,-0.5,1.6499999999999995
2021-11-05,0.20371614759312942,0.205,0.295,FORCE_BUY,0.0007540151305702804,0.001658537966239619,0.001985573177168516,0.0007540151305702804,FORCE_SELL,6601236832.020793,398.17,1.2999999999999996,2.349999999999999
2021-11-08,0.19032398612181653,0.205,0.295,FORCE_BUY,-0.002987847745304726,0.0027353757203164696,0.0010294265340967518,-0.002987847745304726,FREE,6619293694.9751625,397.09,1.3999999999999995,1.3999999999999995
2021-11-09,0.23272574235115095,0.205,0.295,FREE,-0.009095477386934716,-0.007886170836201706,0.000678391959798938,-0.007886170836201706,FORCE_SELL,6623784170.597382,394.38,-0.5,1.7499999999999996
2021-11-10,0.26663280363948566,0.205,0.295,FREE,-0.011367376389275718,-0.008141821336712138,-0.003519076432314758,-0.008141821336712138,FORCE_SELL,6600474567.829893,390.5,2.4499999999999993,0.9499999999999997
2021-11-11,0.20523659750332116,0.205,0.295,FREE,0.003687296750569791,0.004788364530253675,0.004788364530253675,0.004788364530253675,FREE,6632080046.133332,391.97,2.499999999999999,0.34999999999999987
2021-11-12,0.15635762501657105,0.205,0.295,FORCE_BUY,0.00873429359485138,0.005716833080790244,0.0,0.00873429359485138,FORCE_BUY,6690006580.400816,394.98,2.1499999999999995,-0.5
2021-11-15,0.1555240090276592,0.205,0.295,FORCE_BUY,-0.0017448917661338943,0.006652312947407841,0.0007586485939712695,-0.0017448917661338943,FREE,6734510597.79386,394.75,2.0999999999999996,0.34999999999999987
2021-11-16,0.13784013045168056,0.205,0.295,FORCE_BUY,0.008422120750887848,0.0001268391679351434,0.0001268391679351434,0.008422120750887848,FORCE_BUY,6791229459.246614,397.52,2.0999999999999996,0.34999999999999987
2021-11-17,0.18155218485456195,0.205,0.295,FORCE_BUY,0.0007289729023176875,0.0006540532695643648,0.0001256849831582965,0.0007289729023176875,FORCE_BUY,6796180081.495827,398.11,1.1499999999999997,0.6499999999999997
2021-11-18,0.14661134910118584,0.205,0.295,FORCE_BUY,0.009156590236315208,0.006195016178982947,0.00474135768400979,0.009156590236315208,FORCE_BUY,6858409917.674291,402.27,-0.5,1.5499999999999994
2021-11-19,0.15291346950859702,0.205,0.295,FORCE_BUY,0.0029271680889066346,0.006484080349012454,0.001438777535225229,0.0029271680889066346,FREE,6902880398.646955,404.3,-0.5,1.5499999999999994
2021-11-22,0.28191801777630127,0.205,0.295,FREE,-0.012106238418776892,0.007304426120032886,0.0019271155033971012,0.007304426120032886,FREE,6953301978.534294,399.85,1.4999999999999996,1.6499999999999995
2021-11-23,0.16915648210289347,0.205,0.295,FORCE_BUY,-0.0022351138903538704,0.012656256545845932,0.0018835229413094344,-0.0022351138903538704,FREE,7041304752.215362,397.3,1.4999999999999996,1.6499999999999995
2021-11-24,0.13547389812067792,0.205,0.295,FORCE_BUY,0.005035627061459812,0.0036290332493365174,-0.0020142508245839,0.005035627061459812,FORCE_BUY,7076762136.973602,399.17,-0.5,1.0499999999999996
2021-11-26,0.28842667554444706,0.205,0.295,FREE,-0.010630758327427284,-0.006820815604746948,-0.0015946137491140865,-0.006820815604746948,FORCE_SELL,7065477434.770774,390.88,-0.5,2.349999999999999
2021-11-29,0.19122524599130317,0.205,0.295,FORCE_BUY,0.015127328012162896,0.007469626167950491,0.0,0.015127328012162896,FORCE_BUY,7172359229.489086,400.62,-0.5,2.0999999999999996
2021-11-30,0.27502562862064295,0.205,0.295,FREE,-0.008039191056400009,-0.0097923617806203,0.00012561236025628727,-0.0097923617806203,FORCE_SELL,7173260166.460507,394.85,-0.5,2.349999999999999
2021-12-01,0.38564329243424383,0.205,0.295,FORCE_SELL,-0.026642939495713967,-0.026642939495713967,0.0,0.0,FORCE_SELL,7173260166.460507,388.35,1.6999999999999993,2.1499999999999995
2021-12-02,0.1752095681553271,0.205,0.295,FORCE_BUY,0.00665544477534658,0.017311310019885548,0.0,0.00665544477534658,FREE,7297438697.055402,388.72,2.349999999999999,-0.5
2021-12-03,0.2874389688122145,0.205,0.295,FREE,-0.017625446417101225,-0.018708763523256542,-0.00030831684694630545,-0.018708763523256542,FORCE_SELL,7295188773.765542,382.35,-0.5,1.3999999999999995
2021-12-06,0.1674082239623452,0.205,0.23,FORCE_BUY,0.005518964933746396,-0.0031239424153281722,-0.0031239424153281722,0.005518964933746396,FORCE_BUY,7335450664.793015,386.25,-0.5,1.2499999999999996
2021-12-07,0.16619751712334882,0.205,0.23,FORCE_BUY,0.02438461538461542,0.006948717948717991,0.006948717948717991,0.02438461538461542,FORCE_BUY,7514322807.926814,399.51,2.4499999999999993,2.2999999999999994
2021-12-08,0.13483666879184364,0.205,0.23,FORCE_BUY,-0.0011004401760703975,0.0025627425123401753,-0.00010004001600632204,-0.0011004401760703975,FREE,7533580082.438136,399.4,2.3999999999999995,2.499999999999999
2021-12-09,0.24815565825453256,0.205,0.23,FORCE_SELL,-0.013347356822678005,-4.7128378528203004e-05,-0.0022788170185059978,-0.0022788170185059978,FREE,7533225037.024339,394.0,2.3999999999999995,2.499999999999999
2021-12-10,0.13939680016116993,0.205,0.23,FORCE_BUY,0.01046535257061566,0.005486689697215857,0.0,0.01046535257061566,FORCE_BUY,7612062893.030588,397.8,1.8499999999999996,1.8499999999999996
2021-12-13,0.2381470286763544,0.205,0.23,FORCE_SELL,-0.015123774171703672,0.0025242679051034013,0.0016051766948409465,0.0016051766948409465,FREE,7631277779.083094,392.68,1.6499999999999995,2.499999999999999
2021-12-14,0.17208237246761993,0.205,0.23,FORCE_BUY,-0.009559254633052034,-0.01595758240077499,0.0,-0.009559254633052034,FORCE_SELL,7631277779.083094,388.54,1.6499999999999995,2.499999999999999
2021-12-15,0.20659640017394354,0.205,0.23,FREE,0.023627519110493503,-0.0021366520858028698,-0.0024193755951921253,-0.0021366520858028698,FORCE_BUY,7811585940.6458645,397.71,2.1999999999999993,-0.5
2021-12-16,0.2864708529625826,0.21,0.23,FORCE_SELL,-0.030859404353380315,-0.01685022509880055,0.000926784059314122,0.000926784059314122,FORCE_SELL,7818825593.973618,386.91,2.3999999999999995,2.2999999999999994
2021-12-17,0.21570152027737718,0.21,0.23,FREE,0.00970797776559946,-0.0004436441452021743,0.0,-0.0004436441452021743,FORCE_BUY,7894730578.993013,386.91,2.499999999999999,-0.5
2021-12-20,0.1379110820286523,0.21,0.23,FORCE_BUY,0.01251587637595248,0.00946538012877664,0.0,0.01251587637595248,FORCE_BUY,7993540050.941142,382.65,-0.5,-0.5
2021-12-21,0.17013531916271052,0.21,0.23,FORCE_BUY,0.011563842808406569,0.0005737566786526689,-0.00013021172426368936,0.011563842808406569,FORCE_BUY,8085976091.572928,388.4304,-0.5,-0.5
2021-12-22,0.15068393651685527,0.21,0.23,FORCE_BUY,0.016536387792482597,0.003069937827309534,0.003069937827309534,0.016536387792482597,FORCE_BUY,8219688927.903922,394.04,-0.5,-0.5
2021-12-23,0.18382622495886491,0.21,0.23,FORCE_BUY,0.007536158335447853,0.0002791169753868494,0.0002791169753868494,0.007536158335447853,FORCE_BUY,8281633805.132733,397.07,-0.5,-0.5
2021-12-27,0.15435773504471373,0.21,0.23,FORCE_BUY,0.014671464881596484,0.0014595968492840136,0.0014595968492840136,0.014671464881596484,FORCE_BUY,8403137504.66698,403.2,-0.5,-0.5
2021-12-28,0.23350330708383307,0.21,0.23,FORCE_SELL,-0.0038569945112001134,0.0024866732768211654,0.0006922810661129458,0.0006922810661129458,FREE,8424033362.141289,402.9,-0.5,-0.5
2021-12-29,0.21291778327151475,0.21,0.23,FREE,-0.004544100119189661,-0.0024852943366664372,0.0,-0.0024852943366664372,FORCE_SELL,8424033362.141289,400.89,-0.5,-0.5
2021-12-30,0.26798311787605883,0.21,0.23,FORCE_SELL,-0.007067841321984936,-0.0032033281551326867,0.0013936588522224522,0.0013936588522224522,FORCE_SELL,8435773590.807855,398.98,1.3999999999999995,1.4499999999999995
2021-12-31,0.2678515012427345,0.21,0.23,FORCE_SELL,0.001434034416825941,0.001434034416825941,0.0,0.0,FORCE_BUY,8447870780.4696245,398.05,1.5499999999999994,1.1999999999999997
2022-01-03,0.1872732491815826,0.21,0.23,FORCE_BUY,0.0,0.0,0.0,0.0,FORCE_BUY,8447870780.4696245,401.87,1.5999999999999996,-0.5
2022-01-04,0.296221586738753,0.21,0.23,FORCE_SELL,0.0,0.0,0.0,0.0,FORCE_BUY,8447870780.4696245,395.47,1.5999999999999996,-0.5
2022-01-05,0.4090383404029773,0.21,0.23,FORCE_SELL,-0.025881280388978772,-0.020972662590759594,0.0,0.0,FORCE_SELL,8447870780.4696245,384.66,1.5999999999999996,-0.5
2022-01-06,0.2523624876438197,0.21,0.23,FORCE_SELL,0.008144512895478712,0.01088103294927454,0.0,0.0,FREE,8539792340.783129,386.2,2.2499999999999996,-0.5
2022-01-07,0.28303986644812,0.21,0.23,FORCE_SELL,-0.003986989822683831,-0.0022867286240198315,0.0,0.0,FORCE_SELL,8539792340.783129,379.72,2.499999999999999,-0.5
2022-01-10,0.35490591968811014,0.21,0.23,FORCE_SELL,0.0043228425325530844,-0.011976654084513375,0.0,0.0,FORCE_BUY,8576708518.333036,381.02,-0.5,-0.5
2022-01-11,0.37811137768863406,0.21,0.23,FORCE_SELL,0.005288799729046722,0.0026470051845869317,0.0,0.0,FORCE_BUY,8622069012.020908,385.86,2.1999999999999993,-0.5
2022-01-12,0.4112683302368741,0.21,0.23,FORCE_SELL,0.0001292023049690791,0.0001292023049690791,0.0,0.0,FORCE_BUY,8623183003.210863,387.04,2.2999999999999994,2.4499999999999993
2022-01-13,0.5783338901230701,0.21,0.23,FORCE_SELL,-0.024162704155468253,-0.01312424459427191,0.0,0.0,FORCE_SELL,8623183003.210863,377.61,-0.5,2.4499999999999993
2022-01-14,0.3191253607720031,0.21,0.23,FORCE_SELL,0.006802000899875605,0.002363309571547715,0.0,0.0,FORCE_BUY,8681837901.758495,380.4,1.7999999999999994,2.4499999999999993
2022-01-18,0.4326758696595041,0.21,0.23,FORCE_SELL,-0.010779147832134283,0.004039190375121698,0.0,0.0,FREE,8716905497.849646,369.84,2.0999999999999996,2.3999999999999995
2022-01-19,0.42759489789456495,0.21,0.23,FORCE_SELL,-0.012221713731930036,-0.002545771670321811,0.0,0.0,FORCE_SELL,8716905497.849646,366.93,2.499999999999999,-0.5
2022-01-20,0.47444451322876163,0.21,0.23,FORCE_SELL,0.0,0.0,0.0,0.0,FORCE_BUY,8716905497.849646,358.26,-0.5,2.349999999999999
2022-01-21,0.40579548151399897,0.21,0.23,FORCE_SELL,-0.02240013389868345,-0.003051808444223924,0.0,0.0,FORCE_SELL,8716905497.849646,350.45,-0.5,-0.5
2022-01-24,0.3435732269818148,0.21,0.23,FORCE_SELL,-0.0016849440255884524,-0.011823166552433406,0.0,0.0,FORCE_SELL,8716905497.849646,349.57,-0.5,-0.5
2022-01-25,0.3033777525337055,0.21,0.285,FORCE_SELL,0.008513750731421783,-0.0045442859876807995,0.0,0.0,FORCE_BUY,8791119058.407698,344.71,-0.5,-0.5
2022-01-26,0.41285106335228955,0.21,0.285,FORCE_SELL,-0.014529987725157617,0.023727602093065205,0.0,0.0,FREE,8999711233.378357,345.22,-0.5,-0.5
2022-01-27,0.34378713946554523,0.21,0.285,FORCE_SELL,-0.001507858261323503,0.01011758247448913,0.0,0.0,FREE,9090766554.02865,344.34,-0.5,-0.5
2022-01-28,0.2636834414415708,0.21,0.285,FREE,0.034128892277018624,0.02949399262088162,0.0,0.02949399262088162,FORCE_BUY,9401024346.466618,352.7,-0.5,-0.5
2022-01-31,0.26614355313886245,0.21,0.285,FREE,0.0,0.0,0.0,0.0,FORCE_BUY,9401024346.466618,362.69,2.1999999999999993,-0.5
2022-02-01,0.2319977286855346,0.21,0.285,FREE,0.019050248481502097,0.003395913859746023,0.0,0.003395913859746023,FORCE_BUY,9580116196.247458,369.1,2.1999999999999993,-0.5
2022-02-02,0.2682508211544083,0.21,0.285,FREE,-0.007795867768595076,-0.006584022038567537,0.0,-0.006584022038567537,FORCE_SELL,9580116196.247458,360.1701,2.1999999999999993,-0.5
2022-02-03,0.3238658257404419,0.21,0.285,FORCE_SELL,-0.0016083411901724237,-0.0016083411901724237,0.0,0.0,FORCE_SELL,9580116196.247458,360.04,1.7999999999999994,-0.5
2022-02-04,0.292466306493757,0.21,0.285,FORCE_SELL,0.014164305949008336,0.017799099899881318,0.0,0.0,FREE,9750633641.476938,358.0,2.499999999999999,-0.5
2022-02-07,0.31780703666942967,0.21,0.285,FORCE_SELL,-0.002967525195968601,0.000817625910534394,0.0,0.0,FREE,9758606012.186338,356.14,2.1499999999999995,-0.5
2022-02-08,0.23715634467966695,0.21,0.285,FREE,0.01127196064652156,0.007541975640980392,0.0,0.007541975640980392,FORCE_BUY,9868604635.120611,359.76,-0.5,-0.5
2022-02-09,0.22142412525054025,0.21,0.285,FREE,0.014496770795797946,0.005738625561055335,0.004324084596834467,0.005738625561055335,FORCE_BUY,10011667534.590303,366.0,-0.5,-0.5
2022-02-10,0.38498259898537635,0.21,0.285,FORCE_SELL,-0.013259668508287354,-0.0024379974984350575,0.0,0.0,FORCE_SELL,10011667534.590303,357.2,-0.5,2.349999999999999
2022-02-11,0.3782774447749004,0.21,0.285,FORCE_SELL,-0.02628179929241315,-0.032310845997302134,0.0,0.0,FORCE_SELL,10011667534.590303,346.78,-0.5,-0.5
2022-02-14,0.2345788513901567,0.21,0.285,FREE,0.015896164503427096,0.009771036896602034,0.0,0.009771036896602034,FORCE_BUY,10170814648.67377,348.3,-0.5,-0.5
2022-02-15,0.21423061854083048,0.235,0.285,FORCE_BUY,0.00019733874605315266,0.0033002349594808645,0.0,0.00019733874605315266,FREE,10204380726.743725,354.79,-0.5,-0.5
2022-02-16,0.22806349056833564,0.235,0.285,FORCE_BUY,-0.004231351230174149,-0.009754987649830028,-0.010340189430028571,-0.004231351230174149,FORCE_BUY,10161202407.802452,355.35,2.2999999999999994,2.3999999999999995
2022-02-17,0.3578750922290183,0.235,0.285,FORCE_SELL,-0.019119318181818126,-0.019119318181818126,-0.019119318181818126,-0.019119318181818126,FORCE_BUY,9966927145.85782,345.27,2.3999999999999995,1.2499999999999996
2022-02-18,0.25861252600884466,0.235,0.285,FREE,-0.02364991224789237,-0.02364991224789237,-0.02364991224789237,-0.02364991224789237,FORCE_BUY,9731210193.477146,339.35,-0.5,2.0499999999999994
2022-02-22,0.23619997818156366,0.235,0.285,FREE,0.0174029850746268,0.0174029850746268,0.0174029850746268,0.0174029850746268,FORCE_BUY,9900562299.232286,340.83,-0.5,2.0499999999999994
2022-02-23,0.3060608922701116,0.235,0.285,FORCE_SELL,-0.04257939649863641,-0.037599540544147554,0.002727192750945677,0.002727192750945677,FORCE_SELL,9927563040.965038,326.49,-0.5,2.0499999999999994
2022-02-24,0.24350908859675843,0.235,0.285,FREE,0.05163837592488946,0.028679137230075633,0.0,0.028679137230075633,FORCE_BUY,10440206273.29243,338.27,-0.5,-0.5
2022-02-25,0.18616606182247764,0.235,0.285,FORCE_BUY,0.01040296893720221,-0.003740393325735507,0.0,0.01040296893720221,FORCE_BUY,10548815414.851477,345.77,-0.5,-0.5
2022-02-28,0.2062896589081897,0.235,0.285,FORCE_BUY,0.015325109151111972,0.012429771913136217,0.01336185425030025,0.015325109151111972,FORCE_BUY,10710477162.499008,346.5,-0.5,2.4499999999999993
2022-03-01,0.2942944058462776,0.235,0.285,FORCE_SELL,-0.012539636782934365,0.0011085627750765624,-0.005477082732775817,-0.005477082732775817,FREE,10722350398.784662,342.55,1.5499999999999994,-0.5
2022-03-02,0.2124992566168186,0.235,0.265,FORCE_BUY,0.015655233069481113,0.014679011280202704,0.0,0.015655233069481113,FORCE_BUY,10890211293.330278,346.44,0.9499999999999997,-0.5
2022-03-03,0.2908056419457679,0.235,0.265,FORCE_SELL,-0.02828037976509947,-0.01996403362451615,0.0034340461143337066,0.0034340461143337066,FORCE_SELL,10927608781.106411,336.73,-0.5,-0.5
2022-03-04,0.2218073336336812,0.235,0.265,FORCE_BUY,-0.008637717048436166,0.005276482923008663,0.0,-0.008637717048436166,FREE,10985268122.229239,336.28,-0.5,2.0499999999999994
2022-03-07,0.300933761476808,0.21,0.265,FORCE_SELL,-0.02664303736633433,-0.016902562476770973,0.009461732548359806,0.009461732548359806,FORCE_SELL,11089207791.173796,324.05,2.4499999999999993,-0.5
2022-03-08,0.2801600458928508,0.21,0.265,FORCE_SELL,-0.003937492309585131,0.00568295672554373,0.0,0.0,FREE,11152227279.171598,323.8,-0.5,-0.5
2022-03-09,0.20725695342919467,0.21,0.285,FORCE_BUY,0.016839103128128897,0.015992617993948063,0.0,0.016839103128128897,FORCE_BUY,11340020784.433903,335.14,-0.5,2.4499999999999993
2022-03-10,0.16412657821781146,0.21,0.265,FORCE_BUY,-0.006249999999999879,0.0036092008888911837,-0.005000600961538405,-0.006249999999999879,FREE,11380949197.529127,330.72,-0.5,2.499999999999999
2022-03-11,0.2718642919073338,0.21,0.265,FORCE_SELL,-0.020319303338171436,-0.00365867853411015,0.005382196419932152,0.005382196419932152,FORCE_SELL,11442203701.555498,324.0,-0.5,-0.5
2022-03-14,0.22009555555832871,0.21,0.265,FREE,-0.01287831995058684,-0.00787513808798824,0.0,-0.00787513808798824,FORCE_SELL,11442203701.555498,319.63,-0.5,-0.5
2022-03-15,0.16562037708265523,0.21,0.265,FORCE_BUY,0.03204402515723276,0.009748427672956136,0.009748427672956136,0.03204402515723276,FORCE_BUY,11808857964.822323,328.19,-0.5,-0.5
2022-03-16,0.19923076535828996,0.21,0.265,FORCE_BUY,0.03299400109071072,0.03147716851799451,0.00748348785069374,0.03299400109071072,FORCE_BUY,12198479437.39372,340.95,-0.5,-0.5
2022-03-17,0.1539818167535892,0.21,0.265,FORCE_BUY,0.003756640154961358,-0.006104540251812455,-0.006104540251812455,0.003756640154961358,FORCE_BUY,12244304735.077703,342.01,-0.5,-0.5
2022-03-18,0.17269152502983734,0.21,0.265,FORCE_BUY,0.028956740031525607,0.004237129989364047,-0.001225991009399082,0.028956740031525607,FORCE_BUY,12598859884.158127,352.5,-0.5,-0.5
2022-03-21,0.16683091282605256,0.21,0.265,FORCE_BUY,-0.0038202759721745793,0.00551046404963251,-0.0025373474740563295,-0.0038202759721745793,FREE,12668285448.616137,349.42,2.2999999999999994,-0.5
2022-03-22,0.17299797897979644,0.21,0.265,FORCE_BUY,0.01974771689497715,0.009644924016383087,0.0032534246575342592,0.01974771689497715,FORCE_BUY,12918455163.200167,357.3196,2.2499999999999996,-0.5
2022-03-23,0.24671007182961283,0.21,0.265,FREE,-0.012659645978041714,-0.007468341105768914,-0.0063578310553440084,-0.007468341105768914,FORCE_SELL,12836321807.776503,352.52,2.4499999999999993,-0.5
2022-03-24,0.17340641532861314,0.21,0.265,FORCE_BUY,0.016698270738403295,0.005914962964357367,0.0018962443041915082,0.016698270738403295,FORCE_BUY,13050666184.608027,359.23,2.499999999999999,-0.5
2022-03-25,0.17599726960034026,0.21,0.265,FORCE_BUY,-0.0016662038322689066,0.006530231677898544,-0.00138850319355736,-0.0016662038322689066,FREE,13135890058.344433,359.5,2.2999999999999994,-0.5
2022-03-28,0.1964174485101231,0.21,0.265,FORCE_BUY,0.017098069842686504,0.008923924376461594,-0.00013946223362698505,0.017098069842686504,FORCE_BUY,13360488424.007858,364.65,1.7999999999999994,-0.5
2022-03-29,0.1981342397163337,0.21,0.265,FORCE_BUY,0.014310731680621821,0.015043380640689661,0.00634816395775181,0.014310731680621821,FREE,13561475336.915735,370.69,-0.5,2.0999999999999996
2022-03-30,0.2590587724926318,0.21,0.265,FREE,-0.006428957320367351,-0.007493278607170321,-0.0015397082658021547,-0.007493278607170321,FORCE_SELL,13540594621.243013,367.82,-0.5,2.0499999999999994
2022-03-31,0.28867111548001007,0.21,0.265,FORCE_SELL,-0.014868678098545595,-0.003983840503589272,-0.0011667028434990303,-0.0011667028434990303,FORCE_SELL,13524796770.99574,363.08,2.499999999999999,-0.5
2022-04-01,0.18854674828640836,0.21,0.265,FORCE_BUY,-0.0042926721884372415,-0.0019345364809105333,0.0,-0.0042926721884372415,FORCE_SELL,13524796770.99574,361.85,2.499999999999999,-0.5
2022-04-04,0.17894984552235063,0.21,0.265,FORCE_BUY,0.02117353999446438,0.0026017160254634864,0.0026017160254634864,0.02117353999446438,FORCE_BUY,13811164596.343422,368.95,1.8999999999999995,2.3999999999999995
2022-04-05,0.3034886111765467,0.21,0.265,FORCE_SELL,-0.023231913455037022,-0.0163684207952346,-0.00040567951318451614,-0.00040567951318451614,FORCE_SELL,13805561689.813467,361.16,1.8999999999999995,2.3999999999999995
2022-04-06,0.2050301997491132,0.21,0.265,FORCE_BUY,-0.019751504345888033,-0.019751504345888033,0.0,-0.019751504345888033,FORCE_SELL,13805561689.813467,351.87,2.3999999999999995,-0.5
2022-04-07,0.18454299278445993,0.21,0.265,FORCE_BUY,0.003394721208520821,0.0004955627332831234,0.0024611728761775313,0.003394721208520821,FORCE_BUY,13852427722.877419,354.69,2.499999999999999,-0.5
2022-04-08,0.19034418276460144,0.21,0.265,FORCE_BUY,-0.020645487486306496,-0.01034697448715563,0.0009831184517288289,-0.020645487486306496,FORCE_SELL,13866046300.17302,348.66,2.499999999999999,-0.5
2022-04-11,0.1827630500910924,0.21,0.265,FORCE_BUY,-0.0216091954022987,-0.014137268594521997,-0.011609195402298747,-0.0216091954022987,FORCE_SELL,13705072659.21699,340.48,2.499999999999999,-0.5
2022-04-12,0.2157306967184561,0.21,0.265,FREE,0.002529411764705942,-0.0010082438029040215,0.007147058823529533,-0.0010082438029040215,FORCE_SELL,13803023619.693161,340.86,2.499999999999999,-0.5
2022-04-13,0.18237576019627078,0.21,0.265,FORCE_BUY,0.013319672131147427,0.0014929742388759579,0.0,0.013319672131147427,FORCE_BUY,13986875368.725958,346.15,2.4499999999999993,1.1499999999999997
2022-04-14,0.2605107975883841,0.21,0.265,FREE,-0.026420421804771086,-0.022055745425731067,-0.01230263916100013,-0.022055745425731067,FORCE_SELL,13814799888.074642,337.91,1.8999999999999995,2.1999999999999993
2022-04-18,0.14661318415622748,0.21,0.265,FORCE_BUY,0.014983945772386587,0.013497443215602135,0.013497443215602135,0.014983945772386587,FORCE_BUY,14021800100.453924,341.4,1.6499999999999995,-0.5
2022-04-19,0.1790638682398709,0.21,0.265,FORCE_BUY,0.0071667743640955964,0.0016638566280553241,-0.008840979850790168,0.0071667743640955964,FORCE_BUY,14122291177.95233,342.9,-0.5,-0.5
2022-04-20,0.26497662041116987,0.21,0.265,FREE,-0.0013681881695387912,0.007369557354242833,0.0012371914299021405,0.007369557354242833,FREE,14226366212.761568,343.05,2.3999999999999995,2.2499999999999996
2022-04-21,0.35140953161620336,0.21,0.265,FORCE_SELL,-0.03284586815227493,-0.0177301811323721,0.002495357474466119,0.002495357474466119,FORCE_SELL,14261866082.025076,333.32,2.0499999999999994,2.349999999999999
2022-04-22,0.2825797768471258,0.21,0.265,FORCE_SELL,-0.02393136664659838,-0.013911192159105395,0.0,0.0,FORCE_SELL,14261866082.025076,324.25,1.8499999999999996,-0.5
2022-04-25,0.15843932266015148,0.21,0.265,FORCE_BUY,0.018016069221260755,0.015512978986402958,0.0,0.018016069221260755,FORCE_BUY,14518808848.58319,329.43,1.7999999999999994,-0.5
2022-04-26,0.29123408873584034,0.21,0.265,FORCE_SELL,-0.03410304121038353,-0.02687793071704772,-0.021932098953725998,-0.021932098953725998,FORCE_SELL,14200380896.225832,316.65,-0.5,-0.5
2022-04-27,0.2424174839099087,0.21,0.265,FREE,0.004507465489717385,0.006918544008243393,0.0,0.006918544008243393,FREE,14298626856.390188,320.91,-0.5,-0.5
2022-04-28,0.2756161256727418,0.21,0.265,FORCE_SELL,0.0,-0.01259376715252802,0.0,0.0,FORCE_BUY,14298626856.390188,322.75,-0.5,-0.5
2022-04-29,0.26612535109081065,0.21,0.265,FORCE_SELL,-0.031407964492664205,-0.010031997376593613,0.0,0.0,FORCE_SELL,14298626856.390188,314.25,-0.5,-0.5
2022-05-02,0.15259836792581105,0.21,0.265,FORCE_BUY,0.012963434832462683,0.005361420247876757,0.0,0.012963434832462683,FORCE_BUY,14483986173.836704,318.03,-0.5,0.04999999999999982
2022-05-03,0.1941855334863578,0.21,0.265,FORCE_BUY,0.0036119224850029046,0.008653050544293571,0.0002512641728699316,0.0036119224850029046,FREE,14609316838.281763,319.54,-0.5,-0.5
2022-05-04,0.264682499887744,0.21,0.265,FREE,0.03025846423430765,0.024011384908729873,0.001940046310782881,0.024011384908729873,FORCE_BUY,15051372329.32058,329.25,-0.5,-0.5
2022-05-05,0.24075674233896352,0.21,0.265,FREE,-0.0358919250844334,-0.0358919250844334,0.0,-0.0358919250844334,FORCE_SELL,15051372329.32058,314.01,-0.5,2.4499999999999993
2022-05-06,0.19051800892043538,0.21,0.265,FORCE_BUY,-0.008855804402233311,0.0043547142707602935,-0.0022781235962267233,-0.008855804402233311,FREE,15116916755.197598,308.9,-0.5,-0.5
2022-05-09,0.20309931260420924,0.21,0.265,FORCE_BUY,-0.024150795209110544,-0.021099660583810007,-0.002585247725636532,-0.024150795209110544,FORCE_SELL,15077835780.537586,298.2,-0.5,-0.5
2022-05-10,0.2034880004009549,0.21,0.265,FORCE_BUY,0.0019658803145407707,0.004496247432149256,0.00909802745568445,0.0019658803145407707,FORCE_SELL,15215014344.44122,300.71,-0.5,-0.5
2022-05-11,0.20683676724194622,0.21,0.265,FORCE_BUY,-0.034259687108059954,0.0045549603396440675,-0.00036306026800459113,-0.034259687108059954,FREE,15284318131.347263,292.6,-0.5,-0.5
2022-05-12,0.15744128671481616,0.205,0.265,FORCE_BUY,0.007772198913267975,0.007772198913267975,0.007772198913267975,0.007772198913267975,FORCE_BUY,15403110892.117762,293.04,-0.5,-0.5
2022-05-13,0.1830837763650285,0.205,0.265,FORCE_BUY,0.024224149613768745,0.015064862249778148,0.006335546822062428,0.024224149613768745,FORCE_BUY,15776238154.885893,302.31,-0.5,-0.5
2022-05-16,0.20876137393961047,0.205,0.265,FREE,-0.004694366759888227,0.0012046151753785563,-6.65867625516939e-05,0.0012046151753785563,FREE,15795242450.777657,298.95,-0.5,-0.5
2022-05-17,0.18268660401700662,0.205,0.265,FORCE_BUY,0.016126891425537554,0.006781717989222829,0.00358375365011935,0.016126891425537554,FORCE_BUY,16049970610.821388,306.22,2.2999999999999994,-0.5
2022-05-18,0.2525875808767401,0.205,0.265,FREE,-0.05369920567189669,-0.05039024333770184,-0.0015098798660803257,-0.05039024333770184,FORCE_SELL,16025737083.344929,288.3,2.499999999999999,-0.5
2022-05-19,0.2151488155765612,0.205,0.225,FREE,0.009647752906472472,0.018301541988088862,0.01794204407426687,0.018301541988088862,FREE,16319032783.465837,290.93,2.2999999999999994,-0.5
2022-05-20,0.1925983801812692,0.205,0.225,FORCE_BUY,-0.014898404472930563,-0.019235067209774574,0.0,-0.014898404472930563,FORCE_SELL,16319032783.465837,288.95,2.4499999999999993,-0.5
2022-05-23,0.1607505976476815,0.205,0.225,FORCE_BUY,-0.006921126567532523,-0.001062153087096589,-0.001062153087096589,-0.006921126567532523,FREE,16301699472.416449,289.84,2.4499999999999993,-0.5
2022-05-24,0.14209628155070297,0.205,0.225,FORCE_BUY,0.004762070283986249,0.020006368688582476,0.00048663491953132755,0.004762070283986249,FREE,16627837282.312082,289.06,2.4499999999999993,-0.5
2022-05-25,0.175045558995082,0.205,0.225,FORCE_BUY,0.001450777202072601,0.002416018018361487,-0.005699481865284962,0.001450777202072601,FREE,16668010436.79253,289.92,2.0499999999999994,-0.5
2022-05-26,0.0870422498970942,0.205,0.225,FORCE_BUY,0.02866952789699565,0.029065852102921882,0.0009270386266091994,0.02866952789699565,FREE,17152480362.9983,299.6,2.499999999999999,-0.5
2022-05-27,0.07240120198831484,0.205,0.225,FORCE_BUY,0.03739223417763816,0.015289301002997645,0.005446768696117038,0.03739223417763816,FORCE_BUY,17793849925.458874,310.45,-0.5,-0.5
2022-05-31,0.08060128386670197,0.205,0.225,FORCE_BUY,0.0010990431859321523,0.01925778927091376,0.003685027152831597,0.0010990431859321523,FREE,18136520137.641624,309.7,-0.5,-0.5
2022-06-01,0.10385881835376443,0.205,0.225,FORCE_BUY,-0.010896708286038498,-0.010603886021657054,0.004702448516296395,-0.010896708286038498,FORCE_SELL,18221806189.853657,304.99,2.0999999999999996,-0.5
2022-06-02,0.08491711529045369,0.205,0.225,FORCE_BUY,0.028056896776719548,0.0062295643806181715,0.006557484014093818,0.028056896776719548,FORCE_BUY,18733053525.20777,315.12,2.2999999999999994,-0.5
2022-06-03,0.08641961378967483,0.205,0.225,FORCE_BUY,-0.024313199961711357,-0.021601097603777892,-0.021601097603777892,-0.024313199961711357,FREE,18328399007.59296,305.79,2.4499999999999993,-0.5
2022-06-06,0.10353464525576121,0.205,0.225,FORCE_BUY,-0.008420169693841486,-0.0038129069394344144,0.0010968803432589303,-0.008420169693841486,FORCE_SELL,18348503068.187798,307.36,-0.5,-0.5
2022-06-07,0.0705520911989841,0.205,0.225,FORCE_BUY,0.010235448005232205,-0.0015389888022748043,-0.006572923479398232,0.010235448005232205,FORCE_BUY,18536308217.31608,308.93,-0.5,-0.5
2022-06-08,0.09847890129131741,0.205,0.225,FORCE_BUY,-0.002042470416599212,0.0022407473971147764,0.0021397309126276126,-0.002042470416599212,FREE,18577843401.70615,307.82,1.9999999999999996,-0.5
2022-06-09,0.11883827023041833,0.205,0.225,FORCE_BUY,-0.025300813008130058,-0.013183762065505476,0.0011382113821139322,-0.025300813008130058,FORCE_SELL,18598988914.521103,299.72,2.1499999999999995,2.349999999999999
2022-06-10,0.17296324852422837,0.205,0.225,FORCE_BUY,-0.034615384615384666,-0.011539752099597142,0.004347826086956589,-0.034615384615384666,FORCE_SELL,18679854083.714672,288.65,-0.5,-0.5
2022-06-13,0.15815460403081238,0.205,0.225,FORCE_BUY,-0.01901113712137335,-0.007275104182987564,-0.002518266297793712,-0.01901113712137335,FORCE_SELL,18632813236.727947,276.58,-0.5,-0.5
2022-06-14,0.12705188955340438,0.205,0.225,FORCE_BUY,-0.004583049876472719,-0.004585762780137588,-0.007698091589387596,-0.004583049876472719,FORCE_BUY,18547418124.32502,278.01,-0.5,-0.5
2022-06-15,0.21749552947237916,0.205,0.225,FREE,0.02623528988375877,0.00513755020004749,0.0017994025983373797,0.00513755020004749,FORCE_BUY,19034015015.41197,285.16,-0.5,2.0499999999999994
2022-06-16,0.11764295200803072,0.205,0.225,FORCE_BUY,-0.014231395980445313,-0.01720079666847726,0.0,-0.014231395980445313,FORCE_SELL,19034015015.41197,272.22,-0.5,2.2999999999999994
2022-06-17,0.1333305824546735,0.19,0.225,FORCE_BUY,0.0071046656412510865,0.0274453449582,0.0031128689665277215,0.0071046656412510865,FREE,19556410123.44951,275.0,-0.5,2.499999999999999
2022-06-21,0.1540787950298633,0.19,0.225,FORCE_BUY,0.00911832280298691,0.005559136715153833,0.0047745548535323735,0.00911832280298691,FORCE_BUY,19734731783.822723,281.1,-0.5,-0.5
2022-06-22,0.1684256464486955,0.19,0.225,FORCE_BUY,0.01259848237301675,0.0010741266123994815,0.006172167156809372,0.01259848237301675,FORCE_BUY,19983359454.33743,278.9,-0.5,-0.5
2022-06-23,0.12567357514836008,0.19,0.225,FORCE_BUY,0.016314847942754795,0.0034509687177187317,0.006618962432916002,0.016314847942754795,FORCE_BUY,20309384925.220356,284.06,-0.5,2.3999999999999995
2022-06-24,0.17238156245033046,0.19,0.225,FORCE_BUY,0.02860435875943007,0.004784856105057245,0.004784856105057245,0.02860435875943007,FORCE_BUY,20890321857.804718,294.51,-0.5,-0.5
2022-06-27,0.22379080827615636,0.19,0.225,FREE,-0.011835716212570863,0.001589122046170729,0.003034799028864083,0.001589122046170729,FORCE_SELL,20953719786.291443,293.05,-0.5,-0.5
2022-06-28,0.2823198888669053,0.19,0.225,FORCE_SELL,-0.03242413910671673,-0.01773152099560393,0.006682577565632377,0.006682577565632377,FORCE_SELL,21093744644.05186,283.79,0.8499999999999996,-0.5
2022-06-29,0.16521573352538188,0.19,0.225,FORCE_BUY,0.0016598389603050651,0.0034172403768358756,0.0,0.0016598389603050651,FREE,21165827039.948177,283.63,1.8499999999999996,-0.5
2022-06-30,0.18136807373121522,0.19,0.225,FORCE_BUY,-0.0015311209229453876,-0.011170701887748963,-0.004557755305511994,-0.0015311209229453876,FORCE_BUY,21133419599.31587,280.41,2.3999999999999995,-0.5
2022-07-01,0.19723357508577996,0.19,0.225,FREE,0.015073026836462868,0.00825580919004267,0.003957119217209738,0.00825580919004267,FORCE_BUY,21451964200.08259,282.17,-0.5,-0.5
2022-07-05,0.2454803926428708,0.2,0.225,FORCE_SELL,0.019259522961908325,0.007484636400218036,0.0,0.0,FORCE_BUY,21865118797.172115,286.31,-0.5,-0.5
2022-07-06,0.2398547104194386,0.2,0.225,FORCE_SELL,0.0114749510215506,0.016183922221305845,0.0,0.0,FREE,22218982179.14516,289.12,2.1999999999999993,2.349999999999999
2022-07-07,0.23332567471774843,0.2,0.24,FREE,0.0,0.0,0.0,0.0,FORCE_BUY,22218982179.14516,294.21,-0.5,2.349999999999999
2022-07-08,0.24057160987655204,0.2,0.24,FORCE_SELL,0.010253951142918365,0.004177055457679811,0.0,0.0,FORCE_BUY,22446814536.855488,295.58,-0.5,2.349999999999999
2022-07-11,0.25614814375500455,0.2,0.24,FORCE_SELL,-0.014345100177184102,-0.011624800474051285,0.0,0.0,FORCE_SELL,22446814536.855488,289.27,1.4499999999999995,-0.5
2022-07-12,0.2954638367235732,0.2,0.24,FORCE_SELL,-0.007804370447450603,-0.007804370447450603,0.0,0.0,FORCE_SELL,22446814536.855488,286.05,2.2499999999999996,-0.5
2022-07-13,0.24196676220946303,0.2,0.24,FORCE_SELL,-0.011979384315364258,-0.0008005989692160187,0.0,0.0,FORCE_SELL,22446814536.855488,283.72,2.3999999999999995,-0.5
2022-07-14,0.18272128173398006,0.2,0.24,FORCE_BUY,0.0,0.0,0.0,0.0,FORCE_BUY,22446814536.855488,288.28,-0.5,-0.5
2022-07-15,0.20456501545295555,0.2,0.24,FREE,0.0,0.0,0.0,0.0,FORCE_BUY,22446814536.855488,292.08,-0.5,-0.5
2022-07-18,0.3024371136141752,0.2,0.24,FORCE_SELL,-0.017037563933204693,-0.014724663314113581,0.0,0.0,FORCE_SELL,22446814536.855488,290.2,-0.5,-0.5
2022-07-19,0.2300896719943293,0.2,0.24,FREE,0.026641522372707057,0.0024344248242756787,0.0,0.0024344248242756787,FORCE_BUY,23044831848.53513,299.42,1.8999999999999995,-0.5
2022-07-20,0.10562636892363624,0.2,0.24,FORCE_BUY,0.0,0.0,0.0,0.0,FORCE_BUY,23044831848.53513,302.23,2.4499999999999993,-0.5
2022-07-21,0.09774545078030394,0.19,0.24,FORCE_BUY,0.005936479667557101,0.017322561031616477,0.0,0.005936479667557101,FREE,23444027354.69472,305.01,2.0999999999999996,-0.5
2022-07-22,0.13606270383922547,0.19,0.24,FORCE_BUY,-0.012547503603721578,-0.0059426323627957975,0.0008190276503734501,-0.012547503603721578,FORCE_SELL,23463228661.334328,301.41,1.2999999999999996,-0.5
2022-07-25,0.12287211077633664,0.19,0.24,FORCE_BUY,-0.00993706525339523,-0.0057494732694286415,-0.002782378270950487,-0.00993706525339523,FORCE_SELL,23397945083.74069,298.9,-0.5,-0.5
2022-07-26,0.1518965144356155,0.19,0.24,FORCE_BUY,-0.0010705921712946583,0.0068808012734398296,0.002576112412178278,-0.0010705921712946583,FREE,23558941694.068768,298.58,-0.5,-0.5
2022-07-27,0.16339489276693184,0.19,0.24,FORCE_BUY,0.02260869565217396,0.012716116925803553,-0.0003344481605352233,0.02260869565217396,FORCE_BUY,24091578636.71728,305.76,2.499999999999999,-0.5
2022-07-28,0.10638381215347104,0.19,0.24,FORCE_BUY,0.026178010471204105,0.008912469246529364,-0.003992146596858723,0.026178010471204105,FORCE_BUY,24722248234.537106,313.6,-0.5,-0.5
2022-07-29,0.10618725763965593,0.19,0.24,FORCE_BUY,0.0043019661578661975,0.0033778400943246236,0.0033778400943246236,0.0043019661578661975,FORCE_BUY,24828602509.788452,315.16,-0.5,-0.5
2022-08-01,0.13533954365994827,0.19,0.24,FORCE_BUY,-0.0003491620111732767,-0.0021297595318947463,0.0007300660233619189,-0.0003491620111732767,FORCE_SELL,24846729028.88841,314.93,-0.5,-0.5
2022-08-02,0.16661280997587338,0.19,0.24,FORCE_BUY,-0.0025108060005084075,-0.0025108060005084075,-0.0025108060005084075,-0.0025108060005084075,FORCE_BUY,24784343712.549667,313.85,-0.5,-0.5
2022-08-03,0.13041512909106112,0.19,0.24,FORCE_BUY,0.02541482212809319,0.010932549567451735,0.007325074046944082,0.02541482212809319,FORCE_BUY,25414233399.565643,321.97,-0.5,-0.5
2022-08-04,0.09630714290784818,0.19,0.24,FORCE_BUY,0.007170221352953837,0.008269681821235499,0.0007140417869669955,0.007170221352953837,FREE,25624401023.51067,324.4196,-0.5,-0.5
2022-08-05,0.13885799140370128,0.19,0.24,FORCE_BUY,-0.011049213628389516,-0.008423620845344234,0.00021544427687661633,-0.011049213628389516,FORCE_SELL,25629921654.059578,321.32,1.2999999999999996,-0.5
2022-08-08,0.15377155975972337,0.19,0.24,FORCE_BUY,-0.002759518789532423,0.00457227722525859,0.0042788044152300125,-0.002759518789532423,FREE,25747108761.123596,321.63,1.5499999999999994,-0.5
2022-08-09,0.11469528193111062,0.19,0.24,FORCE_BUY,-0.010717178640413794,-0.00876332402231196,0.00037385506885154255,-0.010717178640413794,FORCE_SELL,25756734448.24221,317.54,1.5499999999999994,-0.5
2022-08-10,0.1074057310701903,0.19,0.24,FORCE_BUY,0.028584950307619452,0.00504855134051956,0.004701056949045631,0.028584950307619452,FORCE_BUY,26492989422.531765,326.01,-0.5,-0.5
2022-08-11,0.14299987131813038,0.19,0.24,FORCE_BUY,-0.005972251998407244,-0.0012655654533254678,0.0008269271997794452,-0.005972251998407244,FORCE_SELL,26514897196.088726,324.56,-0.5,-0.5
2022-08-12,0.0891948394853281,0.19,0.24,FORCE_BUY,0.016225185913588406,0.002924027917966693,0.0011062626759263804,0.016225185913588406,FORCE_BUY,26945106332.57495,330.7,-0.5,-0.5
2022-08-15,0.08696724468856849,0.19,0.24,FORCE_BUY,0.009855951478392758,-0.0016679302501894486,-0.0016679302501894486,0.009855951478392758,FORCE_BUY,27210675993.16894,333.0,-0.5,-0.5
2022-08-16,0.11194533914730798,0.19,0.24,FORCE_BUY,-0.00021060232264270238,0.001098872027933843,0.0016848185811421455,-0.00021060232264270238,FORCE_SELL,27256521045.68767,332.31,-0.5,-0.5
2022-08-17,0.14335442142556432,0.19,0.24,FORCE_BUY,-0.011531031151895785,-0.006397779341521268,-0.0008150205264428478,-0.011531031151895785,FORCE_SELL,27234306421.556015,327.46,1.8499999999999996,-0.5
2022-08-18,0.11967691033761803,0.2,0.24,FORCE_BUY,0.005619006901606415,0.006842457279236623,0.004733402552983739,0.005619006901606415,FREE,27420655999.775154,329.3,2.0499999999999994,-0.5
2022-08-19,0.15703333325131089,0.2,0.24,FORCE_BUY,-0.019452405634489897,-0.019302047184714472,-0.005671077504725992,-0.019452405634489897,FORCE_SELL,27265151334.37,321.6,2.0499999999999994,-0.5
2022-08-22,0.16474715631704792,0.2,0.24,FORCE_BUY,-0.01673940149625945,-0.0178304239401498,-0.0178304239401498,-0.01673940149625945,FORCE_BUY,26808749019.327705,315.43,2.1499999999999995,-0.5
2022-08-23,0.15260634794419406,0.2,0.24,FORCE_BUY,-0.0029213768576145972,0.009754043301682351,0.0020322621618188907,-0.0029213768576145972,FREE,27070242718.12616,314.0,-0.5,0.9999999999999996
2022-08-24,0.12621101509680324,0.2,0.24,FORCE_BUY,0.006100482289437599,3.397574211838366e-05,0.004407678303363384,0.006100482289437599,FORCE_BUY,27235384254.39886,315.0,-0.5,1.7499999999999996
2022-08-25,0.10891419386721883,0.2,0.24,FORCE_BUY,0.008440147387648375,0.0056185964099212575,0.0026454193304571807,0.008440147387648375,FORCE_BUY,27465254911.665222,320.21,-0.5,1.9999999999999996
2022-08-26,0.25426545007252627,0.2,0.24,FORCE_SELL,-0.04337771110694415,-0.038998627724067425,-0.022688918057378576,-0.022688918057378576,FORCE_SELL,26842097993.549435,306.1,-0.5,2.499999999999999
2022-08-29,0.12925254795129074,0.2,0.24,FORCE_BUY,0.00371490564797163,0.009646729175286294,0.0,0.00371490564797163,FREE,27101036443.389698,305.31,-0.5,2.2499999999999996
2022-08-30,0.1602032496895779,0.2,0.24,FORCE_BUY,-0.018436482084690634,-0.015177133325982273,0.0032573289902281034,-0.018436482084690634,FORCE_SELL,27189313435.061977,301.34,-0.5,-0.5
2022-08-31,0.16973691613224476,0.2,0.24,FORCE_BUY,-0.017707023234262164,-0.0030793144869789273,0.0005957503144238274,-0.017707023234262164,FORCE_SELL,27205511477.08988,296.79,1.5499999999999994,-0.5
2022-09-01,0.20599561600791452,0.2,0.24,FREE,0.011404663090056355,0.008342790182185086,6.748321355063498e-05,0.008342790182185086,FORCE_BUY,27515781169.678753,299.75,1.9499999999999993,-0.5
2022-09-02,0.40305364597316856,0.2,0.24,FORCE_SELL,-0.012766526301717896,0.007279536906341887,0.008121114898736547,0.008121114898736547,FORCE_SELL,27739239990.086205,295.4,-0.5,-0.5
2022-09-06,0.2580521316570002,0.2,0.24,FORCE_SELL,-0.014939937413775618,-0.012039299282894145,0.0,0.0,FORCE_SELL,27739239990.086205,292.75,-0.5,-0.5
2022-09-07,0.276101049134663,0.2,0.24,FORCE_SELL,0.01947675410171566,0.004921825266381636,0.0,0.0,FORCE_BUY,28279510346.341587,298.88,2.2999999999999994,-0.5
2022-09-08,0.27180137609132426,0.2,0.24,FORCE_SELL,0.0,0.0,0.0,0.0,FORCE_BUY,28279510346.341587,301.19,2.499999999999999,-0.5
2022-09-09,0.27243764309161195,0.2,0.24,FORCE_SELL,0.0,0.0,0.0,0.0,FORCE_BUY,28279510346.341587,307.04,1.5499999999999994,-0.5
2022-09-12,0.10370609566280002,0.2,0.24,FORCE_BUY,0.010519138988993981,0.0053122093818098685,0.0,0.010519138988993981,FORCE_BUY,28576986446.21545,311.25,1.5499999999999994,-0.5
2022-09-13,0.23134832683799722,0.2,0.24,FREE,-0.057371794871794925,-0.02699036428530795,0.000929487179487138,-0.02699036428530795,FORCE_SELL,28603548388.745586,294.1,-0.5,-0.5
2022-09-14,0.14096935117277212,0.2,0.24,FORCE_BUY,0.007465978891641431,0.019269768898377535,0.001357450707571013,0.007465978891641431,FREE,29154732155.870274,296.87,-0.5,-0.5
2022-09-15,0.19727082201571675,0.2,0.24,FORCE_BUY,-0.026520640269587267,-0.026520640269587267,-0.026520640269587267,-0.026520640269587267,FORCE_BUY,28381529992.20827,288.88,-0.5,-0.5
2022-09-16,0.1305343778764156,0.2,0.24,FORCE_BUY,0.007386343933141368,0.004938245243381331,-0.0019766272497138545,0.007386343933141368,FORCE_BUY,28591165734.07949,290.5,-0.5,-0.5
2022-09-19,0.13958797823008076,0.2,0.24,FORCE_BUY,0.016837125165240586,-0.003791831907047678,-0.003791831907047678,0.016837125165240586,FORCE_BUY,29072558770.164326,292.3,-0.5,2.2499999999999996
2022-09-20,0.18032443988070704,0.2,0.24,FORCE_BUY,-0.007664283750343518,-0.00414907485101026,-0.004296123178443796,-0.007664283750343518,FREE,28951934547.71652,288.73,-0.5,2.2499999999999996
2022-09-21,0.2769406585635218,0.2,0.25,FORCE_SELL,-0.025874610322133753,0.010827403627068194,0.001039140976792438,0.001039140976792438,FREE,29265408828.849102,281.23,2.4499999999999993,1.7499999999999996
2022-09-22,0.2761201890377696,0.2,0.25,FORCE_SELL,-0.004715977590241701,0.014336708491980975,0.0,0.0,FREE,29684978464.126957,280.69,2.3999999999999995,2.0999999999999996
2022-09-23,0.25408543925194843,0.19,0.25,FORCE_SELL,-0.01051649258820582,-0.009117143246759633,0.0,0.0,FORCE_SELL,29684978464.126957,275.68,-0.5,-0.5
2022-09-26,0.36527502093983316,0.19,0.25,FORCE_SELL,-0.0008361507979787145,0.0037876458326492573,0.0,0.0,FREE,29797414649.098892,274.84,-0.5,-0.5
2022-09-27,0.370883159471151,0.19,0.25,FORCE_SELL,-0.010582772398401745,-0.0008694503722649207,0.0,0.0,FORCE_SELL,29797414649.098892,274.87,-0.5,-0.5
2022-09-28,0.3093572932883329,0.19,0.25,FORCE_SELL,0.027888153053715954,0.010933265415450968,0.0,0.0,FORCE_BUY,30628409509.438004,279.38,-0.5,2.3999999999999995
2022-09-29,0.24380147383782294,0.19,0.25,FREE,-0.01194613379669862,-0.01212713582392127,0.0,-0.01212713582392127,FORCE_SELL,30628409509.438004,272.94,-0.5,-0.5
2022-09-30,0.3054051730668735,0.19,0.24,FORCE_SELL,-0.01786696995267274,-0.017202033561693583,0.0,0.0,FORCE_SELL,30628409509.438004,267.7,-0.5,2.499999999999999
2022-10-03,0.29189446311167655,0.19,0.24,FORCE_SELL,0.035290572859779254,0.02735688437428766,0.0,0.0,FORCE_BUY,31709303626.80998,274.88,-0.5,-0.5
2022-10-04,0.26123488959091523,0.19,0.24,FORCE_SELL,0.00957160781502061,0.01314943577129193,0.0,0.0,FREE,32126263078.203114,281.62,-0.5,-0.5
2022-10-05,0.29249973450035116,0.19,0.25,FORCE_SELL,0.011559456277426754,0.00909772021834519,0.0,0.0,FORCE_BUY,32497625211.612713,283.53,-0.5,-0.5
2022-10-06,0.3643723900932561,0.19,0.25,FORCE_SELL,-0.008007117437722366,-0.007405587956589864,0.0,0.0,FORCE_SELL,32497625211.612713,278.75,-0.5,-0.5
2022-10-07,0.32086657735006535,0.19,0.25,FORCE_SELL,-0.03481353740030176,-0.02402445456040379,0.0,0.0,FORCE_SELL,32497625211.612713,268.65,-0.5,-0.5
2022-10-10,0.2455921041454019,0.19,0.25,FREE,-0.0022423200538155023,0.013641476705647344,0.0,0.013641476705647344,FREE,32940940808.92579,266.98,-0.5,-0.5
2022-10-11,0.2675821870946213,0.19,0.25,FORCE_SELL,-0.007986137271152039,-0.022581011578180238,-0.0033903412943569458,-0.0033903412943569458,FORCE_SELL,32829259777.02632,263.34,-0.5,-0.5
2022-10-12,0.3012702768301024,0.19,0.25,FORCE_SELL,-0.005622429342289005,-0.005135301618034161,0.0,0.0,FORCE_SELL,32829259777.02632,263.52,-0.5,2.499999999999999
2022-10-13,0.29603946883069476,0.19,0.25,FORCE_SELL,0.05024653674571494,0.048172540038366615,0.0,0.0,FORCE_BUY,34478816384.7473,268.38,-0.5,2.1499999999999995
2022-10-14,0.3541127493775593,0.19,0.25,FORCE_SELL,-0.029825674717234695,-0.021144580974427833,0.0,0.0,FORCE_SELL,34478816384.7473,259.9,-0.5,2.2499999999999996
2022-10-17,0.2499378085598707,0.19,0.25,FREE,0.03047878994654827,0.0036771674437997715,0.0,0.0036771674437997715,FORCE_BUY,35529688986.94362,271.83,-0.5,2.3999999999999995
2022-10-18,0.30711682181951455,0.19,0.25,FORCE_SELL,-0.001995573455244768,-0.005139926469656431,0.0,0.0,FORCE_SELL,35529688986.94362,275.06,-0.5,2.3999999999999995
2022-10-19,0.2608810898236796,0.19,0.25,FORCE_SELL,-0.012660550458715699,-0.00013153694282503524,0.0,0.0,FORCE_SELL,35529688986.94362,269.05,2.3999999999999995,-0.5
2022-10-20,0.3072957212434565,0.19,0.25,FORCE_SELL,-0.003094128611369909,-0.001398581459666633,0.0,0.0,FORCE_SELL,35529688986.94362,267.42,2.499999999999999,-0.5
2022-10-21,0.26293219944015184,0.19,0.25,FORCE_SELL,0.03723982748921802,0.022876429776861038,0.0,0.0,FORCE_BUY,36852808475.56297,276.58,-0.5,-0.5
2022-10-24,0.24186760664013052,0.19,0.25,FREE,0.005852812601611409,0.0010644866252670522,0.0,0.0010644866252670522,FORCE_BUY,37068501057.41351,278.41,-0.5,-0.5
2022-10-25,0.24781147213619728,0.19,0.25,FREE,0.0002875629043852489,0.002303318217807307,0.0,0.002303318217807307,FREE,37153881611.205864,278.28,-0.5,-0.5
2022-10-26,0.319993380835762,0.19,0.25,FORCE_SELL,-0.00214592274678106,-0.005276417694104043,0.0,0.0,FORCE_SELL,37153881611.205864,279.0,-0.5,-0.5
2022-10-27,0.29111826957077863,0.19,0.25,FORCE_SELL,-0.02738690754669455,-0.02738690754669455,0.0,0.0,FORCE_SELL,37153881611.205864,270.26,2.2999999999999994,-0.5
2022-10-28,0.26757582117686296,0.19,0.25,FORCE_SELL,0.0494938969931524,0.019462637689788457,0.0,0.0,FORCE_BUY,38992772000.566666,282.02,-0.5,2.1999999999999993
2022-10-31,0.22433265338723452,0.19,0.25,FREE,0.0,0.0,0.0,0.0,FORCE_BUY,38992772000.566666,278.39,-0.5,-0.5
2022-11-01,0.31726828313762184,0.19,0.25,FORCE_SELL,0.0,0.0,0.0,0.0,FORCE_BUY,38992772000.566666,275.06,-0.5,-0.5
2022-11-02,0.31410355769767706,0.19,0.25,FORCE_SELL,-0.0374228675136116,0.006986889204145696,0.0,0.0,FREE,39265210178.297134,265.19,-0.5,-0.5
2022-11-03,0.2416698111217516,0.19,0.25,FREE,-0.017411995769753837,-0.017411995769753837,0.0,-0.017411995769753837,FORCE_SELL,39265210178.297134,260.15,-0.5,-0.5
2022-11-04,0.20322506477722477,0.19,0.25,FREE,0.012403813024003792,0.005848821891258437,0.006891007235557751,0.005848821891258437,FORCE_BUY,39752248503.696945,264.45,-0.5,-0.5
2022-11-07,0.1962606030568719,0.22,0.25,FORCE_BUY,0.016550700716994823,0.012241627577711198,0.0,0.016550700716994823,FORCE_BUY,40410176071.50923,268.53,-0.5,-0.5
2022-11-08,0.25340240328744884,0.22,0.25,FORCE_SELL,0.008448913978092663,0.004093691703122513,0.004112303263673226,0.004112303263673226,FORCE_BUY,40751598172.97699,269.75,-0.5,-0.5
2022-11-09,0.26531571484769073,0.22,0.25,FORCE_SELL,-0.01930358601232466,-0.01033132632047904,0.0,0.0,FORCE_SELL,40751598172.97699,264.18,-0.5,-0.5
2022-11-10,0.2969714663577289,0.22,0.25,FORCE_SELL,0.07451203335228321,0.04257089108246973,0.0,0.0,FORCE_BUY,43788082615.2007,283.51,-0.5,-0.5
2022-11-11,0.10525965934276016,0.22,0.25,FORCE_BUY,0.0,0.0,0.0,0.0,FORCE_BUY,43788082615.2007,288.18,-0.5,-0.5
2022-11-14,0.1342199540007871,0.22,0.25,FORCE_BUY,-0.0013971358714636867,0.0031628966188304852,0.0,-0.0013971358714636867,FREE,43926579793.64938,285.9,-0.5,-0.5
2022-11-15,0.14582164338740985,0.22,0.25,FORCE_BUY,-6.947821857866743e-05,0.0042657053291714165,0.0013200861529910316,-6.947821857866743e-05,FREE,44113957639.16743,287.84,-0.5,-0.5
2022-11-16,0.148525296071249,0.22,0.25,FORCE_BUY,-0.01009018970938867,-0.0049742968378225115,0.002246103873665382,-0.01009018970938867,FORCE_SELL,44213042170.303474,286.47,2.3999999999999995,-0.5
2022-11-17,0.12473100296791266,0.22,0.25,FORCE_BUY,-0.005435540069686388,-0.006268023695881991,-0.00783972125435527,-0.005435540069686388,FORCE_BUY,43972720407.984055,285.44,2.1999999999999993,-0.5
2022-11-18,0.1435625188338234,0.22,0.25,FORCE_BUY,-0.0012631135749624706,0.009417631184633448,0.002456054173537566,-0.0012631135749624706,FREE,44386839270.97145,284.65,-0.5,-0.5
2022-11-21,0.14280994184121779,0.22,0.25,FORCE_BUY,-0.005494118475734286,0.001047362947884563,-0.004472775938578456,-0.005494118475734286,FREE,44433328401.79758,282.38,2.2999999999999994,-0.5
2022-11-22,0.20571227478645093,0.22,0.25,FORCE_BUY,0.016476868327402163,0.005385448823371329,0.004060498220640601,0.016476868327402163,FORCE_BUY,45165450503.22221,285.63,2.1499999999999995,2.2999999999999994
2022-11-23,0.24913094250301007,0.22,0.25,FREE,0.013830532212884996,0.003571475056151122,0.0022408963585434072,0.003571475056151122,FORCE_BUY,45790112721.3165,289.55,2.1999999999999993,2.4499999999999993
2022-11-25,0.2305102391327524,0.22,0.25,FREE,-0.005581750104007696,-0.005340285980611295,0.0,-0.005340285980611295,FORCE_SELL,45790112721.3165,286.83,2.1999999999999993,-0.5
2022-11-28,0.27872261222421735,0.22,0.25,FORCE_SELL,-0.006318671674799112,-0.0005784146009656916,-0.002351950012286295,-0.002351950012286295,FREE,45763627051.53863,283.07,-0.5,-0.5
2022-11-29,0.21655389030860603,0.22,0.25,FORCE_BUY,-0.009041144269821534,-0.007484423585322674,0.0,-0.009041144269821534,FORCE_SELL,45763627051.53863,280.59,-0.5,1.6499999999999995
2022-11-30,0.3569530820962125,0.22,0.25,FORCE_SELL,0.043289889555737184,0.008456338551461585,0.0007457651195000941,0.0007457651195000941,FORCE_BUY,47744729412.269684,293.78,-0.5,-0.5
2022-12-01,0.25354575832226817,0.22,0.25,FORCE_SELL,-0.0004783054321830982,0.0053162382226720015,0.0,0.0,FREE,47998551767.70232,292.56,-0.5,0.9999999999999996
2022-12-02,0.22392766339476755,0.22,0.25,FREE,0.01735070726778628,0.021184982977153828,0.0,0.021184982977153828,FREE,49015400269.829124,292.0,1.7999999999999994,2.499999999999999
2022-12-05,0.2789867700291082,0.22,0.25,FORCE_SELL,-0.013318268967406245,-0.010881265618143792,0.0005135579293345078,0.0005135579293345078,FORCE_SELL,49040572517.2972,288.19,2.349999999999999,-0.5
2022-12-06,0.3147965154287706,0.22,0.25,FORCE_SELL,-0.019474873934967787,-0.01206647033937131,0.0,0.0,FORCE_SELL,49040572517.2972,281.95,-0.5,-0.5
2022-12-07,0.20735586372981182,0.22,0.25,FORCE_BUY,-0.006815761448349509,-0.006815761448349509,0.0,-0.006815761448349509,FORCE_SELL,49040572517.2972,279.78,2.499999999999999,-0.5
2022-12-08,0.22209293390933346,0.22,0.25,FREE,0.009615384615384553,0.014349140634060948,0.009722222222222077,0.014349140634060948,FREE,49744262589.122765,283.5,-0.5,-0.5
2022-12-09,0.2965223149110856,0.22,0.25,FORCE_SELL,-0.0007444432627884376,-0.0007444432627884376,0.0,0.0,FORCE_SELL,49744262589.122765,281.88,-0.5,2.2499999999999996
2022-12-12,0.2329794876142058,0.25,0.3,FORCE_BUY,0.010114942528735672,0.010327188708220022,0.0,0.010114942528735672,FREE,50257980976.03188,285.61,-0.5,2.2499999999999996
2022-12-13,0.4431902145403428,0.25,0.3,FORCE_SELL,0.012248897599216027,0.004318691945487017,0.0003849653531182643,0.0003849653531182643,FORCE_BUY,50873585838.55065,289.24,-0.5,-0.5
2022-12-14,0.3274249155390451,0.25,0.3,FORCE_SELL,-0.003987793883070913,0.004042116123879799,0.0,0.0,FREE,51079222780.14824,287.23,-0.5,1.9499999999999993
2022-12-15,0.26713854095711936,0.25,0.3,FREE,-0.018231475898272436,-0.01892915108595146,0.0,-0.01892915108595146,FORCE_SELL,51079222780.14824,276.79,-0.5,-0.5
2022-12-16,0.22751899337528295,0.19,0.25,FREE,0.0009129085265656505,0.0028847909439472927,0.0028847909439472927,0.0028847909439472927,FREE,51226575659.44828,274.1,-0.5,1.6999999999999993
2022-12-19,0.2302160405911907,0.25,0.3,FORCE_BUY,-0.006754524430087188,-0.006754524430087188,0.0,-0.006754524430087188,FORCE_SELL,51226575659.44828,270.57,-0.5,1.5999999999999996
2022-12-20,0.19854003241561016,0.25,0.3,FORCE_BUY,0.0059797949784579744,0.004286531757676846,-0.0006314069231911406,0.0059797949784579744,FORCE_BUY,51532900079.34024,270.85,-0.5,-0.5
2022-12-21,0.2416914738378676,0.25,0.3,FORCE_BUY,0.010660666199417248,0.020498708654532585,0.0011435316684495788,0.010660666199417248,FREE,52589257984.18977,273.98,-0.5,0.7999999999999998
2022-12-22,0.24043566292802443,0.19,0.25,FREE,-0.030766987459900984,-0.039529911045748135,-0.00029163021289013865,-0.039529911045748135,FORCE_SELL,52573921367.68811,265.88,-0.5,0.6499999999999997
2022-12-23,0.2058993763315349,0.19,0.24,FREE,0.004434923140526966,0.023521468376311208,0.005750366444920746,0.023521468376311208,FREE,53810537196.556854,267.25,-0.5,1.1999999999999997
2022-12-27,0.2548507463508846,0.19,0.24,FORCE_SELL,-0.023431987819822395,-0.010149115763597534,-0.007464072189832678,-0.007464072189832678,FORCE_SELL,53408891462.348076,262.98,-0.5,0.7999999999999998
2022-12-28,0.24149678680657113,0.19,0.24,FORCE_SELL,-0.012693721344397878,0.005024138407382936,0.0,0.0,FREE,53677225125.23981,260.56,-0.5,-0.5
2022-12-29,0.2196500633860857,0.19,0.24,FREE,0.016499885417462445,0.004123188295624146,0.0,0.004123188295624146,FORCE_BUY,54562893189.3336,266.14,-0.5,-0.5
2022-12-30,0.18151779508206525,0.19,0.24,FORCE_BUY,0.010508013305110272,0.002469882945269982,-0.0010542032053220832,0.010508013305110272,FORCE_BUY,55136240796.932434,267.34,-0.5,-0.5
2023-01-03,0.29541407632399136,0.19,0.24,FORCE_SELL,-0.015476190476190596,0.010197787908123304,0.0021949404761903743,0.0021949404761903743,FREE,55698508486.63076,264.64,-0.5,-0.5
2023-01-04,0.24328876204457148,0.19,0.24,FORCE_SELL,-0.00026368327871359204,0.017982698856926486,0.0,0.0,FREE,56700117991.5258,265.4,-0.5,-0.5
2023-01-05,0.2705117153061415,0.19,0.3,FREE,-0.015349971852129739,-0.016888722086695444,0.0,-0.016888722086695444,FORCE_SELL,56700117991.5258,262.36,-0.5,2.4499999999999993
2023-01-06,0.30009360045003436,0.19,0.25,FORCE_SELL,0.029090490973899017,0.029090490973899017,0.0,0.0,FORCE_BUY,58349552262.17729,268.5,2.0499999999999994,1.5999999999999996
2023-01-09,0.34010445200692163,0.19,0.25,FORCE_SELL,-0.00044472445613891464,-0.00803124631478978,0.0,0.0,FORCE_SELL,58349552262.17729,269.71,-0.5,-0.5
2023-01-10,0.2222973464265973,0.19,0.25,FREE,0.012001333481497711,0.010927140052598289,0.0,0.010927140052598289,FORCE_BUY,59049824697.37176,273.21,2.349999999999999,-0.5
2023-01-11,0.12715174885586694,0.19,0.25,FORCE_BUY,0.016336996336996295,0.002489877131165716,0.0,0.016336996336996295,FORCE_BUY,60014521467.153,277.46,2.0499999999999994,-0.5
2023-01-12,0.1516924540157611,0.19,0.25,FORCE_BUY,0.004322766570605152,0.00021613832853021957,0.00021613832853021957,0.004322766570605152,FORCE_BUY,60273950234.30207,278.8,0.5999999999999996,-0.5
2023-01-13,0.13276549598939538,0.19,0.25,FORCE_BUY,0.005950887255780773,-0.008499235986567797,-0.008711238573221014,0.005950887255780773,FORCE_BUY,60632633716.60694,280.61,0.5999999999999996,-0.5
2023-01-17,0.13605114399865717,0.19,0.25,FORCE_BUY,0.002501071887952022,0.0009286333037843035,0.0007145919679862112,0.002501071887952022,FORCE_BUY,60784280292.28805,280.58,0.5999999999999996,-0.5
2023-01-18,0.21511343664621055,0.19,0.25,FREE,-0.01572706617438235,-0.011174258240541881,-0.00028401022436808744,-0.011174258240541881,FORCE_SELL,60767016935.204185,277.25,0.5999999999999996,-0.5
2023-01-19,0.1649863505375475,0.19,0.25,FORCE_BUY,-0.0036451566334632785,0.001138738293220357,-0.003031615417929752,-0.0036451566334632785,FREE,60836214664.35307,276.07,2.2999999999999994,-0.5
2023-01-20,0.1735641991451041,0.19,0.25,FORCE_BUY,0.02557600347775673,0.005180408636429571,0.005180408636429571,0.02557600347775673,FORCE_BUY,62392161902.18213,283.1,2.499999999999999,-0.5
2023-01-23,0.16040786753684796,0.19,0.25,FORCE_BUY,0.021871460928652473,0.0018049263873160953,0.0018049263873160953,0.021871460928652473,FORCE_BUY,63756769633.479866,288.74,-0.5,-0.5
2023-01-24,0.15422319206212318,0.19,0.25,FORCE_BUY,-0.008861811132650358,-0.006277204036938106,-0.0023539185821102628,-0.008861811132650358,FORCE_SELL,63606691388.70429,286.32,-0.5,-0.5
2023-01-25,0.1599613427270629,0.19,0.25,FORCE_BUY,0.0058967201674808714,-0.0040349498229249455,-0.004954640614096319,0.0058967201674808714,FORCE_BUY,63981762248.6028,288.29,-0.5,-0.5
2023-01-26,0.1232808839516074,0.19,0.25,FORCE_BUY,0.010136649830484986,0.01453075680807955,0.0030789455476371466,0.010136649830484986,FREE,64911465675.98961,291.9901,2.4499999999999993,-0.5
2023-01-27,0.14915115785755267,0.19,0.25,FORCE_BUY,0.015403087478559079,0.008568606718597339,0.0018181818181816775,0.015403087478559079,FORCE_BUY,65911302660.15836,295.99,1.8999999999999995,2.499999999999999
2023-01-30,0.19439364098272982,0.19,0.25,FREE,-0.008120095530535627,-0.0015963981730583862,-0.0018423746161720421,-0.0015963981730583862,FREE,65806081977.00779,290.72,-0.5,-0.5
2023-01-31,0.1426453908651383,0.19,0.25,FORCE_BUY,0.013766862677274214,0.014783745066083532,0.0,0.013766862677274214,FREE,66778942316.75366,293.08,-0.5,2.349999999999999
2023-02-01,0.20090544328897073,0.19,0.25,FREE,0.033979591836734754,0.0037141830852867822,0.0005442176870750138,0.0037141830852867822,FORCE_BUY,69048063519.9658,303.99,2.349999999999999,-0.5
2023-02-02,0.1964225413050006,0.205,0.25,FORCE_BUY,-0.008108608023903402,0.004835982993195903,0.0,-0.008108608023903402,FREE,69381978780.86147,307.27,-0.5,-0.5
2023-02-03,0.2135737602245198,0.205,0.25,FREE,-9.807126511916171e-05,0.013041014744730843,0.00552468126838835,0.013041014744730843,FREE,70286790189.16129,305.87,-0.5,-0.5
2023-02-06,0.1650864716828249,0.205,0.25,FORCE_BUY,0.0014139155596476095,0.00378882712699205,-0.003222412205708242,0.0014139155596476095,FREE,70553094686.49919,304.55,-0.5,-0.5
2023-02-07,0.1882469214366694,0.205,0.25,FORCE_BUY,0.019655615184538892,0.00873582519372665,0.0035557896816251367,0.019655615184538892,FORCE_BUY,71939859165.73535,309.7,-0.5,-0.5
2023-02-08,0.21492683268232712,0.205,0.25,FREE,-0.01424740735954498,-0.010426745762884895,-0.0021968791393401415,-0.010426745762884895,FORCE_SELL,71781815989.84708,305.12,-0.5,-0.5
2023-02-09,0.2463484097587111,0.205,0.25,FREE,-0.02165514106684844,-0.008892646169705087,0.0,-0.008892646169705087,FORCE_SELL,71781815989.84708,301.34,-0.5,2.2999999999999994
2023-02-10,0.15029721643973695,0.205,0.23,FORCE_BUY,-0.00497528939599987,-0.0019732034437919587,-0.0075956084778931385,-0.00497528939599987,FREE,71640175863.33427,299.99,-0.5,-0.5
2023-02-13,0.14335479803036963,0.205,0.23,FORCE_BUY,0.014771590530176796,0.004196970994210952,0.0016672224074691575,0.014771590530176796,FORCE_BUY,72698415206.69731,304.33,-0.5,-0.5
2023-02-14,0.1602664833741238,0.205,0.23,FORCE_BUY,0.0029846830004264867,0.0017055331431009243,0.0017055331431009243,0.0029846830004264867,FORCE_BUY,72915396930.72269,305.8,-0.5,-0.5
2023-02-15,0.13396104414955348,0.205,0.23,FORCE_BUY,0.015195677091861686,0.000949729818241192,0.000949729818241192,0.015195677091861686,FORCE_BUY,74023395757.50688,309.99,-0.5,-0.5
2023-02-16,0.21525764154800917,0.205,0.23,FREE,-0.024734411831186055,-0.02874261406581555,-0.014110885078627034,-0.02874261406581555,FORCE_SELL,72978860126.84297,302.03,-0.5,-0.5
2023-02-17,0.1204859560067768,0.205,0.23,FORCE_BUY,0.0025604362717387137,0.0077232621264737185,-0.000465533867588857,0.0025604362717387137,FREE,73542494993.29384,301.5,-0.5,-0.5
2023-02-21,0.21754602282328006,0.205,0.225,FREE,-0.009382251067693628,-0.007604004134809291,-0.005346874264384552,-0.007604004134809291,FORCE_SELL,73149272519.47557,294.58,-0.5,-0.5
2023-02-22,0.16368039727341585,0.205,0.225,FORCE_BUY,0.00475478875152838,0.006931124637989178,0.005468007064257727,0.00475478875152838,FREE,73656279244.4863,295.84,-0.5,-0.5
2023-02-23,0.15812248711171736,0.205,0.225,FORCE_BUY,-0.0002697235333785215,0.0017532029669586815,0.0017532029669586815,-0.0002697235333785215,FREE,73785413651.79286,296.52,-0.5,-0.5
2023-02-24,0.24941515873612782,0.205,0.225,FORCE_SELL,-0.011686991869918666,-0.006088298494725909,-0.0025406504065040815,-0.0025406504065040815,FORCE_SELL,73597950710.60435,291.75,-0.5,2.0999999999999996
2023-02-27,0.3836931443081521,0.205,0.225,FORCE_SELL,0.00426388320371131,0.01004397569965607,0.0,0.0,FREE,74337166739.08615,294.41,-0.5,-0.5
2023-02-28,0.37670282518710385,0.205,0.225,FORCE_SELL,-0.004330775788576248,-0.0043057167669323885,0.0,0.0,FORCE_SELL,74337166739.08615,291.98,1.6999999999999993,1.6999999999999993
2023-03-01,0.35926976138953276,0.205,0.225,FORCE_SELL,-0.0027784447569716287,0.0034680918703817024,0.0,0.0,FREE,74594974862.72119,290.72,2.499999999999999,-0.45
2023-03-02,0.2890324240895656,0.205,0.225,FORCE_SELL,0.012752280895769935,0.00566768039811981,0.0,0.0,FORCE_BUY,75546230935.5835,293.05,2.0999999999999996,-0.5
2023-03-03,0.33622059002941324,0.205,0.225,FORCE_SELL,0.011860637509266317,0.00208908956129126,0.0,0.0,FORCE_BUY,76442257395.90176,300.3,-0.5,1.5499999999999994
2023-03-06,0.43226421278134725,0.205,0.225,FORCE_SELL,-0.007800105764145909,-0.007800105764145909,0.0,0.0,FORCE_SELL,76442257395.90176,300.2,-0.5,0.5499999999999998
2023-03-07,0.44322465075090567,0.205,0.225,FORCE_SELL,-0.01509509243250422,-0.012585902953167617,0.0,0.0,FORCE_SELL,76442257395.90176,296.22,-0.5,-0.5
2023-03-08,0.30693678475120895,0.205,0.225,FORCE_SELL,0.0013129986870014402,0.0034349240432959365,0.0,0.0,FREE,76704830743.75478,297.42,-0.5,-0.5
2023-03-09,0.549470198362822,0.205,0.225,FORCE_SELL,-0.02540871251379103,-0.018720915437691697,0.0,0.0,FORCE_SELL,76704830743.75478,291.51,2.2999999999999994,-0.5
2023-03-10,0.4572441830225841,0.205,0.225,FORCE_SELL,-0.011041980035552875,-0.0022971138819638318,0.0,0.0,FORCE_SELL,76704830743.75478,289.29,2.2999999999999994,-0.5
2023-03-13,0.4319372416697364,0.205,0.225,FORCE_SELL,0.007893097002007809,-0.004175617755997197,0.0,0.0,FORCE_BUY,77310269413.33783,291.14,1.8999999999999995,-0.5
2023-03-14,0.33306647886716545,0.205,0.225,FORCE_SELL,0.018638730898375897,0.005138686756012566,0.0,0.0,FORCE_BUY,78751234720.61398,297.2999,2.1499999999999995,1.3499999999999996
2023-03-15,0.3745417798327439,0.205,0.225,FORCE_SELL,0.006864295568491653,0.008931093905671962,0.0,0.0,FREE,79454569393.0914,299.23,0.9999999999999996,2.0499999999999994
2023-03-16,0.4150318315188975,0.205,0.225,FORCE_SELL,0.028854854385200673,0.025805154328228087,0.0,0.0,FORCE_BUY,81747219423.16788,307.0,1.0499999999999996,2.1999999999999993
2023-03-17,0.426814281163357,0.205,0.225,FORCE_SELL,-0.0036852232332127456,0.00029351335485772764,0.0,0.0,FREE,81771213323.79108,305.5,1.4999999999999996,2.349999999999999
2023-03-20,0.2907196088230832,0.205,0.225,FORCE_SELL,0.006813244684352555,0.008232802257055371,0.0,0.0,FREE,82444419553.40535,305.89,1.4999999999999996,2.349999999999999
2023-03-21,0.14665347373291063,0.205,0.225,FORCE_BUY,0.012406137773424822,0.0013059092393077902,0.0,0.012406137773424822,FORCE_BUY,83467236381.03493,310.1,-0.5,2.349999999999999
2023-03-22,0.27001847673011264,0.205,0.225,FORCE_SELL,-0.00898861872736687,-0.000581996896016511,-0.000581996896016511,-0.000581996896016511,FREE,83418658708.5421,306.5,1.0499999999999996,2.3999999999999995
2023-03-23,0.2858619731351754,0.205,0.225,FORCE_SELL,0.006619937694703985,0.0038616303219107624,0.0,0.0,FORCE_BUY,83970885031.76843,310.2,1.0499999999999996,2.3999999999999995
2023-03-24,0.16488459157960778,0.205,0.225,FORCE_BUY,0.005745827818845112,-0.0023374763099767624,0.0,0.005745827818845112,FORCE_BUY,84453367278.95702,311.57,1.0499999999999996,2.3999999999999995
2023-03-27,0.2396005914989727,0.205,0.225,FORCE_SELL,-0.004794388313276212,-3.4963705866666384e-05,0.0025098140163460204,0.0025098140163460204,FORCE_SELL,84665329523.88136,309.29,-0.5,-0.5
2023-03-28,0.16281748891282674,0.205,0.225,FORCE_BUY,-0.00012995451591952007,0.003623149694076519,0.0,-0.00012995451591952007,FREE,84972084686.64471,307.76,-0.5,-0.5
2023-03-29,0.17617501471626687,0.205,0.225,FORCE_BUY,0.007617817947062687,0.006501860007267575,0.0012265978050354873,0.007617817947062687,FORCE_BUY,85619386558.36996,312.16,-0.5,1.8999999999999995
2023-03-30,0.14836109338700665,0.19,0.215,FORCE_BUY,0.008232291001914523,0.0017230376515634885,0.0017230376515634885,0.008232291001914523,FORCE_BUY,86324230263.92387,315.98,-0.5,2.349999999999999
2023-03-31,0.17137469243602724,0.205,0.225,FORCE_BUY,0.017026932936671246,0.012482732175547575,-0.0005380257619393703,0.017026932936671246,FORCE_BUY,87794067143.43747,321.35,-0.5,2.0499999999999994
2023-04-03,0.16564741222194024,0.205,0.225,FORCE_BUY,-0.0008439609902477292,-0.0032986357800535815,-0.003032008002000669,-0.0008439609902477292,FORCE_BUY,87719972375.59322,319.65,-0.5,2.0499999999999994
2023-04-04,0.20383167250823744,0.205,0.225,FORCE_BUY,0.000187781672508724,-0.0033309717874829645,0.0025976464697047602,0.000187781672508724,FORCE_SELL,87947837852.15729,319.58,-0.5,2.2999999999999994
2023-04-05,0.24082124504153254,0.205,0.225,FORCE_SELL,-0.01091661961227158,-0.010101733754800273,-0.009222661396574414,-0.009222661396574414,FORCE_SELL,87136724723.08601,315.3,2.349999999999999,2.2999999999999994
2023-04-06,0.19701541113832988,0.205,0.225,FORCE_BUY,0.008184240578606719,0.006178887995801512,0.0,0.008184240578606719,FORCE_BUY,87849872641.45158,317.82,-0.5,1.6999999999999993
2023-04-10,0.1644041128815665,0.205,0.225,FORCE_BUY,0.0027423167848699497,0.0005319192110515434,0.002048857368006344,0.0027423167848699497,FORCE_BUY,88090784821.74492,318.12,-0.5,-0.5
2023-04-11,0.2196435711426312,0.205,0.225,FREE,-0.0058492405421556055,0.004037622995952953,0.0007232931853203335,0.004037622995952953,FREE,88446462200.27274,316.13,-0.5,-0.5
2023-04-12,0.28837211553019454,0.205,0.225,FORCE_SELL,-0.011110759393498391,0.0006647462884996704,0.0,0.0,FREE,88505256657.7513,312.4,2.499999999999999,-0.5
2023-04-13,0.21424818925815348,0.205,0.225,FREE,0.01603340558459749,0.0058651026392960645,0.0,0.0058651026392960645,FORCE_BUY,89924297334.11392,318.75,-0.5,1.0999999999999996
2023-04-14,0.21127089393606405,0.205,0.225,FREE,0.001507442999811424,0.00874145817809643,0.0,0.00874145817809643,FREE,90710366818.45479,318.9,-0.5,1.7999999999999994
2023-04-17,0.15871865935179852,0.205,0.225,FORCE_BUY,0.0,-0.0034223974823898197,0.0,0.0,FORCE_BUY,90710366818.45479,318.5,-0.5,1.7499999999999996
2023-04-18,0.22636381369542183,0.205,0.225,FORCE_SELL,-0.0012228388674630556,0.005814314037472138,0.003825290816166378,0.003825290816166378,FREE,91237785377.59158,318.54,2.499999999999999,-0.5
2023-04-19,0.18549132493257045,0.205,0.23,FORCE_BUY,-0.0008498851081242578,-0.004861103703613608,0.0,-0.0008498851081242578,FORCE_SELL,91237785377.59158,317.42,1.8999999999999995,2.499999999999999
2023-04-20,0.23451918259748397,0.205,0.23,FORCE_SELL,-0.0017034700315458815,-0.0014195583596214834,-0.0014195583596214834,-0.0014195583596214834,FREE,91108268016.64548,316.46,2.499999999999999,2.2999999999999994
2023-04-21,0.164794191054435,0.205,0.23,FORCE_BUY,0.004570848146267049,0.010531207162524505,0.0,0.004570848146267049,FREE,92067748061.34758,316.48,2.499999999999999,1.9499999999999993
2023-04-24,0.18829084816424543,0.205,0.23,FORCE_BUY,0.0007606973058636931,-0.0009388804510750683,0.0017432646592710124,0.0007606973058636931,FORCE_SELL,92228246512.80159,315.74,2.1499999999999995,1.9999999999999996
2023-04-25,0.27298892118421486,0.205,0.23,FORCE_SELL,-0.00409627841991615,0.006138733695336308,-0.00034929505906268954,-0.00034929505906268954,FREE,92794411157.3315,313.63,2.499999999999999,0.7499999999999998
2023-04-26,0.24395931385968575,0.205,0.23,FORCE_SELL,0.0019168716654420059,0.0032248565339828028,0.0,0.0,FREE,93093659820.4693,313.61,2.1999999999999993,0.5999999999999996
2023-04-27,0.20128164304456753,0.205,0.23,FORCE_BUY,-0.008063265622577066,-0.0007427608487814426,0.0,-0.008063265622577066,FORCE_SELL,93093659820.4693,319.85,2.3999999999999995,1.1499999999999997
2023-04-28,0.1597396025717331,0.205,0.23,FORCE_BUY,0.010170552339227111,0.005393185898993569,-0.0003129400719762923,0.010170552339227111,FORCE_BUY,94040473760.12358,322.8,-0.5,2.349999999999999
2023-05-01,0.1962639742466673,0.205,0.23,FORCE_BUY,-0.0031598513011153982,-0.0015039606506397898,6.19578686492321e-05,-0.0031598513011153982,FORCE_SELL,94046300307.44452,321.78,1.2999999999999996,2.1999999999999993
2023-05-02,0.27355468945127676,0.205,0.23,FORCE_SELL,-0.009400304036236165,-0.007663417802090441,0.0009617472776346505,0.0009617472776346505,FORCE_SELL,94136749080.73682,319.3,1.2499999999999996,1.4999999999999996
2023-05-03,0.29290307870965293,0.205,0.23,FORCE_SELL,-0.007941222448022566,-0.000951871934763194,0.0,0.0,FORCE_SELL,94136749080.73682,317.31,1.6999999999999993,1.4999999999999996
2023-05-04,0.2247859684142047,0.205,0.23,FREE,0.004335580239880847,0.010159773538701632,0.0,0.010159773538701632,FREE,95093157133.06668,317.36,1.7499999999999996,2.3999999999999995
2023-05-05,0.21462284581517924,0.205,0.23,FREE,0.003608199321907137,0.0010575756633175977,0.0,0.0010575756633175977,FORCE_BUY,95436272198.1522,322.65,-0.5,1.8999999999999995
2023-05-08,0.13648173459239535,0.205,0.23,FORCE_BUY,0.004598844074327269,0.0021129824125287046,0.0,0.004598844074327269,FORCE_BUY,95875168733.02655,323.3,1.7999999999999994,2.4499999999999993
2023-05-09,0.22019453919099194,0.205,0.23,FREE,-0.00254153235804601,0.00031162801879694555,-0.0007748574262334928,0.00031162801879694555,FREE,95905046121.91064,321.82,1.7999999999999994,2.4499999999999993
2023-05-10,0.18230505832866561,0.205,0.23,FORCE_BUY,0.00646318458731464,0.00044248306174926767,0.0,0.00646318458731464,FORCE_BUY,96524898137.85147,325.46,1.7499999999999996,2.499999999999999
2023-05-11,0.1524950632798547,0.205,0.23,FORCE_BUY,0.002210691148024405,0.0038421483984726057,0.0013509779237926,0.002210691148024405,FREE,96895761120.64455,326.41,1.2499999999999996,2.4499999999999993
2023-05-12,0.1928309524648463,0.205,0.23,FORCE_BUY,-0.007437333578183869,2.4393956921977366e-05,0.000856976708597321,-0.007437333578183869,FORCE_SELL,96978798531.08675,324.3,1.8499999999999996,1.4499999999999995
2023-05-15,0.17268236714283958,0.205,0.23,FORCE_BUY,0.0016255674150409964,0.005576363489764707,0.00018402649981588077,0.0016255674150409964,FREE,97519587562.49675,326.57,1.8999999999999995,-0.5
2023-05-16,0.20424387184105156,0.205,0.23,FORCE_BUY,0.0018348623853211656,0.0020178533162388446,0.0003975535168196463,0.0018348623853211656,FREE,97716367785.65799,327.6,1.8999999999999995,-0.5
2023-05-17,0.188213922152383,0.205,0.23,FORCE_BUY,0.011547979103656972,0.005305373980040043,0.0014969602541777555,0.011547979103656972,FORCE_BUY,98844794358.93204,331.11,-0.5,2.0499999999999994
2023-05-18,0.20310930587580134,0.205,0.23,FORCE_BUY,0.02024132730015077,0.003674632325448572,0.0009049773755656428,0.02024132730015077,FORCE_BUY,100845544193.46727,338.21,1.1999999999999997,2.0499999999999994
2023-05-19,0.2079182101975621,0.205,0.23,FREE,-0.0024903646605396027,-0.0024903646605396027,-0.0024903646605396027,-0.0024903646605396027,FORCE_BUY,100594402014.03497,336.46,-0.5,2.4499999999999993
2023-05-22,0.18359371734311206,0.205,0.305,FORCE_BUY,0.0059720117657543976,0.005948642652955761,0.00017826900793288105,0.0059720117657543976,FORCE_BUY,101195152966.43182,338.58,-0.5,0.8999999999999997
2023-05-23,0.30666089559128795,0.22,0.305,FORCE_SELL,-0.011487106611007554,-0.007500825693736827,-0.0007105426769696562,-0.0007105426769696562,FORCE_SELL,101123249491.54669,333.89,-0.5,0.8999999999999997
2023-05-24,0.22136394975574736,0.22,0.305,FREE,0.010910730387736682,0.011138777914127495,0.0,0.011138777914127495,FREE,102249638909.58794,336.33,-0.5,-0.5
2023-05-25,0.20935864983592709,0.22,0.305,FORCE_BUY,0.0,0.0,0.0,0.0,FORCE_BUY,102249638909.58794,339.41,-0.5,-0.5
2023-05-26,0.27011056131434585,0.22,0.305,FREE,0.0,0.0,0.0,0.0,FORCE_BUY,102249638909.58794,349.38,2.499999999999999,1.3999999999999995
2023-05-30,0.26866701667716253,0.22,0.305,FREE,0.0009422379579133368,-0.0011700782201229797,0.0,-0.0011700782201229797,FORCE_BUY,102345982400.55148,350.56,2.499999999999999,1.3999999999999995
2023-05-31,0.2740582977049005,0.22,0.305,FREE,-0.00269479961011406,0.006118814126977759,0.0,0.006118814126977759,FREE,102972218443.50339,347.88,-0.5,1.5499999999999994
2023-06-01,0.26558872917263543,0.22,0.305,FREE,0.01235632183908041,0.0036798055271909046,0.0,0.0036798055271909046,FORCE_BUY,104244576315.0754,352.3,-0.5,1.1999999999999997
2023-06-02,0.1870040223787431,0.22,0.305,FORCE_BUY,0.006239010833191448,0.005628156839127949,0.0018717032499573404,0.006239010833191448,FORCE_BUY,104894959356.00659,354.82,2.349999999999999,1.2499999999999996
2023-06-05,0.22180547949008889,0.22,0.305,FREE,0.002376103190767258,0.00328195156172029,0.0012446254808779465,0.00328195156172029,FREE,105239219531.68164,354.36,-0.5,2.0499999999999994
2023-06-06,0.2028455772630449,0.22,0.305,FORCE_BUY,0.0014663583554227965,0.0025720528209326665,-0.0013253623597089584,0.0014663583554227965,FREE,105509900363.15086,355.14,-0.5,2.0499999999999994
2023-06-07,0.33211505859624196,0.22,0.305,FORCE_SELL,-0.014996610935381814,-0.009795202650332372,0.0003389064618164757,0.0003389064618164757,FORCE_SELL,105545658350.16954,348.77,-0.5,1.1999999999999997
2023-06-08,0.20461278734635582,0.22,0.305,FORCE_BUY,0.014712643678160883,0.014728526088939332,0.0,0.014712643678160883,FREE,107100190332.75429,353.12,-0.5,1.0999999999999996
2023-06-09,0.22644311967204578,0.22,0.305,FREE,0.004508591844836222,0.006366528861519216,0.0013894402540689116,0.006366528861519216,FREE,107782046785.58195,354.25,2.2499999999999996,-0.5
2023-06-12,0.1752359411534715,0.22,0.305,FORCE_BUY,0.013447501403705923,0.003490341531544679,8.422234699618167e-05,0.013447501403705923,FORCE_BUY,109231446011.02536,360.99,2.2999999999999994,1.0999999999999996
2023-06-13,0.16310094694122124,0.22,0.305,FORCE_BUY,0.0029520498813661216,0.000910445290514983,0.000910445290514983,0.0029520498813661216,FORCE_BUY,109553902688.26367,363.53,1.9999999999999996,2.1499999999999995
2023-06-14,0.1700950035154528,0.22,0.305,FORCE_BUY,0.004829592228747098,0.012938297693473877,0.00019208605455239844,0.004829592228747098,FREE,110971343694.7263,366.18,-0.5,1.8999999999999995
2023-06-15,0.22291356478891786,0.22,0.305,FREE,0.010907003444316912,-0.0038788175210995005,-0.005767863976819193,-0.0038788175210995005,FORCE_BUY,112181708522.62515,369.81,0.6499999999999997,1.7999999999999994
2023-06-16,0.24625347183218374,0.22,0.305,FREE,-0.002518277822908252,-0.002518277822908252,0.0,-0.002518277822908252,FORCE_SELL,112181708522.62515,368.37,-0.5,-0.5
2023-06-20,0.20052735364038085,0.205,0.305,FORCE_BUY,8.17282807095089e-05,-0.005530280328002792,-0.005530280328002792,8.17282807095089e-05,FORCE_BUY,112190876940.78976,367.1,2.499999999999999,2.499999999999999
2023-06-21,0.24533410790353957,0.205,0.305,FREE,-0.012282329821496806,-0.002583768355017073,-0.002210819367869491,-0.002583768355017073,FORCE_SELL,111942843177.1508,361.88,-0.5,-0.5
2023-06-22,0.19397775685491317,0.205,0.305,FORCE_BUY,0.015040717965763605,0.012145762939107092,0.0,0.015040717965763605,FORCE_BUY,113626543909.66405,366.45,2.4499999999999993,1.9499999999999993
2023-06-23,0.2083839609990198,0.205,0.305,FREE,-0.007399693049769875,6.07765193801712e-05,-0.0024391580793685697,6.07765193801712e-05,FREE,113633449735.51207,362.18,-0.5,1.2499999999999996
2023-06-26,0.28276752579302716,0.205,0.305,FREE,-0.010376421238547252,-0.0039574090459267505,-0.001241858924826168,-0.0039574090459267505,FORCE_SELL,113492333021.79924,358.6,-0.5,1.7999999999999994
2023-06-27,0.19149988973758533,0.205,0.305,FORCE_BUY,0.010871080139372803,0.0002991372560991486,0.0,0.010871080139372803,FORCE_BUY,114726117269.2836,362.65,2.1999999999999993,1.6999999999999993
2023-06-28,0.1978463916433546,0.205,0.305,FORCE_BUY,0.0071664829106945355,0.00422316030346072,-0.0005512679162071362,0.0071664829106945355,FORCE_BUY,115548300028.10426,365.4,2.0999999999999996,1.7499999999999996
2023-06-29,0.16498708336406911,0.205,0.305,FORCE_BUY,-0.0008230001097332114,0.0005690053647967176,0.0029628003950401757,-0.0008230001097332114,FORCE_SELL,115890646577.07375,364.22,2.1499999999999995,2.1499999999999995
2023-06-30,0.18847197272749225,0.205,0.305,FORCE_BUY,0.011782435950130149,0.0028278404589218305,0.0008494314289627647,0.011782435950130149,FORCE_BUY,117256120697.5873,369.25,1.9499999999999993,1.9499999999999993
2023-07-03,0.16247649567509634,0.205,0.305,FORCE_BUY,-0.0006481406465202738,-0.0022414864025494664,-0.0022414864025494664,-0.0006481406465202738,FORCE_BUY,117180122239.7099,370.05,1.7999999999999994,2.3999999999999995
2023-07-05,0.2011038209321134,0.205,0.305,FORCE_BUY,0.0035515792327505116,0.0023266717289370225,-0.0017080113867425407,0.0035515792327505116,FORCE_BUY,117596296728.34763,370.16,1.7999999999999994,-0.5
2023-07-06,0.17750521763986027,0.205,0.305,FORCE_BUY,-0.0032567985670085248,-0.005930688044351339,0.0017098192476796385,-0.0032567985670085248,FORCE_SELL,117797365139.9496,367.26,1.3499999999999996,2.2999999999999994
2023-07-07,0.2503757132429418,0.205,0.305,FREE,-0.000600109110747474,-8.959665058436297e-06,0.0019094380796507225,-8.959665058436297e-06,FORCE_SELL,118022291914.63034,366.38,1.4999999999999996,1.9499999999999993
2023-07-10,0.1611251421118859,0.205,0.305,FORCE_BUY,0.005156052876967882,0.01235972442908143,0.005430311008721487,0.005156052876967882,FREE,119481014919.18378,366.5,1.2999999999999996,2.3999999999999995
2023-07-11,0.16340474755603554,0.205,0.305,FORCE_BUY,0.004034786401679286,0.0022906846660183944,0.0011177448815463112,0.004034786401679286,FORCE_BUY,119963095293.43852,368.29,-0.5,1.2499999999999996
2023-07-12,0.17955354106629198,0.205,0.305,FORCE_BUY,0.011761517615176126,2.7100271002724288e-05,2.7100271002724288e-05,0.011761517615176126,FORCE_BUY,121374043351.90337,373.34,-0.5,-0.5
2023-07-13,0.1830497336227043,0.205,0.305,FORCE_BUY,0.012006083082094842,-0.00024012166164188263,-0.00024012166164188263,0.012006083082094842,FORCE_BUY,122831270200.39612,379.31,-0.5,-0.5
2023-07-14,0.2320284477408808,0.205,0.305,FREE,-0.0010276679841895616,0.002735061843476303,-0.0011330698287218962,0.002735061843476303,FREE,123167221320.70694,379.11,-0.5,-0.5
2023-07-17,0.18143747364825538,0.205,0.305,FORCE_BUY,0.0065083924007273775,0.00036216176060483655,-0.0010803404389870964,0.0065083924007273775,FORCE_BUY,123968841927.96935,381.98,1.2499999999999996,1.5499999999999994
2023-07-18,0.21219670596886508,0.205,0.305,FREE,0.008241571417362032,-0.002059977597254208,0.0006538853869693709,-0.002059977597254208,FORCE_BUY,124990539992.24637,385.481,1.1999999999999997,-0.5
2023-07-19,0.22061473665656237,0.205,0.305,FREE,-0.007360563964337383,-0.0022136967099426258,0.0027990877047482333,-0.0022136967099426258,FORCE_SELL,125340399475.9485,383.0,0.8499999999999996,1.7499999999999996
2023-07-20,0.3028245236961422,0.205,0.305,FREE,-0.017126595828002786,0.000992089392476058,0.000992089392476058,0.000992089392476058,FREE,125464748356.71729,376.47,2.1999999999999993,1.6999999999999993
2023-07-21,0.267465841998798,0.205,0.305,FREE,0.0,0.0,0.0,0.0,FORCE_BUY,125464748356.71729,375.7,2.349999999999999,-0.5
2023-07-24,0.19296008474186035,0.205,0.305,FORCE_BUY,-0.00047803686195362093,0.0008497586868677955,0.0,-0.00047803686195362093,FREE,125571363116.5291,376.36,1.1999999999999997,-0.5
2023-07-25,0.20612320137752235,0.205,0.305,FREE,0.0028386480606993653,0.01130778027006468,0.0016978829521939985,0.01130778027006468,FREE,126991296498.86333,378.01,1.1999999999999997,-0.5
2023-07-26,0.2153348406973944,0.205,0.305,FREE,0.0026754258165346575,0.006503057821026459,0.0,0.006503057821026459,FREE,127817128242.76256,378.52,-0.5,1.0499999999999996
2023-07-27,0.387707934986191,0.205,0.305,FORCE_SELL,-0.012955741094563851,-0.012362572864970615,0.0,0.0,FORCE_SELL,127817128242.76256,377.12,1.3499999999999996,0.5999999999999996
2023-07-28,0.21382034388650895,0.205,0.305,FREE,0.0015921904364169005,0.0008352474420546908,0.0,0.0008352474420546908,FORCE_BUY,128020637451.96095,383.73,1.6999999999999993,2.3999999999999995
2023-07-31,0.20500167470778588,0.205,0.305,FREE,0.003582167603608192,0.004392731075957606,0.0,0.004392731075957606,FREE,128582997684.46007,383.82,1.9999999999999996,1.3999999999999995
2023-08-01,0.18822019293166692,0.205,0.305,FORCE_BUY,-0.004620927318295904,-0.00399817391809011,0.0,-0.004620927318295904,FORCE_SELL,128582997684.46007,381.27,0.7499999999999998,-0.5
2023-08-02,0.28050675504087136,0.205,0.305,FREE,-0.008619094201940567,-0.0029576852764586106,0.0006874124210137006,-0.0029576852764586106,FORCE_SELL,128671387234.19954,374.97,-0.5,1.3999999999999995
2023-08-03,0.22734360545180823,0.205,0.305,FREE,0.00876957012966054,0.00960576671961165,0.008204659170387898,0.00960576671961165,FREE,129907374563.46008,375.0,2.1999999999999993,-0.5
2023-08-04,0.3224481946344093,0.205,0.305,FORCE_SELL,-0.010274975377325916,-0.014735111804053808,0.0,0.0,FORCE_SELL,129907374563.46008,371.81,1.8999999999999995,1.4499999999999995
2023-08-07,0.16241027984102163,0.205,0.305,FORCE_BUY,0.008574807806031896,0.010057026533516752,0.0,0.008574807806031896,FREE,131213856476.3443,375.21,1.9999999999999996,0.7999999999999998
2023-08-08,0.16969642087348694,0.205,0.305,FORCE_BUY,-0.005693208243124103,0.0034842651809132014,-0.00048111618955989027,-0.005693208243124103,FREE,131671040347.71817,372.0,1.9999999999999996,0.7999999999999998
2023-08-09,0.259931530838878,0.205,0.305,FREE,-0.011735076626299433,-0.01320832057820315,0.00037509377344332486,-0.01320832057820315,FORCE_SELL,131720429335.0954,368.86,-0.5,-0.5
2023-08-10,0.3027553881366774,0.205,0.305,FREE,-0.0020253301288108328,0.011857287600319634,0.0,0.011857287600319634,FREE,133282276348.55919,369.56,1.8499999999999996,-0.5
2023-08-11,0.19354908553717678,0.205,0.305,FORCE_BUY,-0.0016357688113414523,0.004785666427941992,0.0,-0.0016357688113414523,FREE,133920120863.92018,366.2,1.8499999999999996,-0.5
2023-08-14,0.18582394507847474,0.205,0.305,FORCE_BUY,0.006917693017199248,0.0027933794395586984,-0.0013292821876187482,0.006917693017199248,FORCE_BUY,134846539148.883,371.17,1.9499999999999993,-0.5
2023-08-15,0.26883799126295377,0.205,0.305,FREE,-0.0056916738941889455,-0.0005139668934056981,-0.0017888117953165062,-0.0005139668934056981,FREE,134777232492.07014,366.86,1.7999999999999994,2.4499999999999993
2023-08-16,0.2813863730569332,0.205,0.305,FREE,-0.01270170082860871,-0.01270170082860871,0.0,-0.01270170082860871,FORCE_SELL,134777232492.07014,362.22,1.8499999999999996,1.9499999999999993
2023-08-17,0.2869271364158534,0.205,0.305,FREE,-0.013170220973163551,-0.007443487222828842,0.0013776381771091826,-0.007443487222828842,FORCE_SELL,134962906752.95633,358.16,1.5999999999999996,1.7499999999999996
2023-08-18,0.18986335402240406,0.205,0.305,FORCE_BUY,0.0010609783337056705,0.005290759442521593,-0.0012843421934330913,0.0010609783337056705,FREE,135676963026.2497,358.54,2.499999999999999,-0.5
2023-08-21,0.18728340405916563,0.205,0.305,FORCE_BUY,0.012941373347464707,0.003709488481062098,0.003709488481062098,0.012941373347464707,FORCE_BUY,137432809259.42258,363.18,2.3999999999999995,2.4499999999999993
2023-08-22,0.23855772466133215,0.205,0.305,FREE,-0.005064469325741276,0.0008212652960660004,0.0008212652960660004,0.0008212652960660004,FREE,137545678056.2082,363.44,2.3999999999999995,2.4499999999999993
2023-08-23,0.2148711411760897,0.205,0.305,FREE,0.02234299516908211,0.0012152479846257594,0.0,0.0012152479846257594,FORCE_BUY,140618860476.54617,372.46,0.9999999999999996,-0.5
2023-08-24,0.3646248097460388,0.205,0.305,FORCE_SELL,-0.03254342697834037,-0.031316519866369234,0.0,0.0,FORCE_SELL,140618860476.54617,360.9,-0.5,2.499999999999999
2023-08-25,0.21881336996236697,0.205,0.305,FREE,0.0068644818423383705,-0.0002463463241806323,0.0,-0.0002463463241806323,FORCE_BUY,141584136090.97775,363.76,2.0999999999999996,-0.5
2023-08-28,0.18350446602527667,0.22,0.305,FORCE_BUY,0.0,0.0,0.0,0.0,FORCE_BUY,141584136090.97775,367.02,1.9499999999999993,0.6499999999999997
2023-08-29,0.23112247219326953,0.22,0.305,FREE,0.0,0.0,0.0,0.0,FORCE_BUY,141584136090.97775,375.26,1.9499999999999993,0.6499999999999997
2023-08-30,0.17401304416441088,0.22,0.305,FORCE_BUY,0.0,0.0,0.0,0.0,FORCE_BUY,141584136090.97775,376.97,1.9499999999999993,0.6499999999999997
2023-08-31,0.21491142122276796,0.22,0.305,FORCE_BUY,0.0025460138969925035,0.00316209621810853,0.0,0.0025460138969925035,FREE,142031838752.2552,378.02,1.9499999999999993,0.6499999999999997
2023-09-01,0.23110224412222194,0.22,0.305,FREE,-0.0019305529844234257,0.006198622754828569,0.0006875942136302424,0.006198622754828569,FREE,142912240539.85504,377.4,0.8999999999999997,1.8999999999999995
2023-09-05,0.22364024362610638,0.22,0.305,FREE,0.00390697674418625,0.00555461115765518,0.0,0.00555461115765518,FREE,143706062465.72324,377.72,-0.5,2.0499999999999994
2023-09-06,0.254238782442662,0.205,0.305,FREE,-0.005838486239749543,-0.005838486239749543,0.0,-0.005838486239749543,FORCE_SELL,143706062465.72324,374.61,1.1999999999999997,1.6499999999999995
2023-09-07,0.1898652328413308,0.205,0.305,FORCE_BUY,-0.003774393018711285,-0.0005751427621651098,-0.0065717268517279485,-0.003774393018711285,FREE,143623410964.01685,372.16,1.0499999999999996,1.6499999999999995
2023-09-08,0.24927513039510005,0.205,0.305,FREE,-0.0007770840590584086,0.002933784800447658,-0.00018757201425545904,0.002933784800447658,FREE,144044771144.09152,372.9,1.7499999999999996,-0.5
2023-09-11,0.19131940849715198,0.205,0.305,FORCE_BUY,0.004748819464824202,0.0006412781032081796,-0.0002401088493448851,0.004748819464824202,FORCE_BUY,144728813757.10672,376.61,0.8499999999999996,2.349999999999999
2023-09-12,0.2938996134513797,0.205,0.305,FREE,-0.008532468568086968,-0.0023379650423666336,-0.00031897078759201593,-0.0023379650423666336,FORCE_SELL,144682649493.39536,373.0,0.8499999999999996,2.349999999999999
2023-09-13,0.2308877407369877,0.205,0.305,FREE,0.006065648568131402,0.008010375210183999,0.0,0.008010375210183999,FREE,145841611802.241,374.85,1.0499999999999996,1.3499999999999996
2023-09-14,0.21784224005347333,0.205,0.305,FREE,0.0,0.0,0.0,0.0,FORCE_BUY,145841611802.241,377.41,1.2999999999999996,-0.5
2023-09-15,0.32565799527014,0.205,0.305,FORCE_SELL,-0.016833944028463915,-0.016833944028463915,0.0,0.0,FORCE_SELL,145841611802.241,370.28,1.0499999999999996,1.9499999999999993
2023-09-18,0.20576434016148645,0.205,0.305,FREE,0.0,0.0,0.0,0.0,FORCE_BUY,145841611802.241,370.92,2.4499999999999993,-0.5
2023-09-19,0.20731565370885066,0.205,0.305,FREE,-0.0024532269369709936,0.0011053000485254415,0.0,0.0011053000485254415,FREE,146002810542.84305,370.03,1.3999999999999995,1.8999999999999995
2023-09-20,0.35448230388447804,0.205,0.305,FORCE_SELL,-0.018888289260658362,-0.018888289260658362,0.0,0.0,FORCE_SELL,146002810542.84305,363.6,1.5499999999999994,1.3499999999999996
2023-09-21,0.30820465062540425,0.205,0.305,FORCE_SELL,-0.016206251375742775,-0.015601144507320473,0.0,0.0,FORCE_SELL,146002810542.84305,357.55,2.1999999999999993,-0.5
2023-09-22,0.27528760148189313,0.205,0.305,FREE,-0.007618150590060404,0.0021873637494199227,0.0,0.0021873637494199227,FREE,146322171797.93787,358.23,2.499999999999999,-0.5
2023-09-25,0.16949465192667956,0.205,0.305,FORCE_BUY,0.0006678911337451736,0.011007022320951774,0.0002782879723939115,0.0006678911337451736,FREE,147932743208.9679,359.58,2.499999999999999,-0.5
2023-09-26,0.3940603530268443,0.205,0.305,FORCE_SELL,-0.007466860562671134,-0.00657893603200327,0.0012304938754963894,0.0012304938754963894,FORCE_SELL,148114773543.4719,354.91,2.1999999999999993,0.9499999999999997
2023-09-27,0.33033280745576205,0.205,0.305,FORCE_SELL,0.0032982832013078523,0.007544279214934385,0.0,0.0,FREE,149232192750.9406,355.9,2.2499999999999996,0.9499999999999997
2023-09-28,0.37900277310152203,0.205,0.305,FORCE_SELL,0.009949828062461237,0.005540920214058575,0.0,0.0,FORCE_BUY,150717027410.19653,358.31,2.2499999999999996,-0.5
2023-09-29,0.4445968713021262,0.205,0.305,FORCE_SELL,-0.00642801728914984,-0.00352453399659922,0.0,0.0,FORCE_SELL,150717027410.19653,358.6,2.2999999999999994,1.7999999999999994
2023-10-02,0.35028485462486625,0.205,0.305,FORCE_SELL,0.006853131268107992,0.0065258365259241976,0.0,0.0,FORCE_BUY,151749910983.37762,361.42,2.499999999999999,1.0499999999999996
2023-10-03,0.4661171073855339,0.205,0.305,FORCE_SELL,-0.014827978785438567,-0.014827978785438567,0.0,0.0,FORCE_SELL,151749910983.37762,354.79,1.5499999999999994,2.1999999999999993
2023-10-04,0.33275054628257567,0.205,0.305,FORCE_SELL,0.018578832592256903,0.006513919963748638,0.0,0.0,FORCE_BUY,154569247175.42767,359.65,1.2999999999999996,2.0499999999999994
2023-10-05,0.3235430419339819,0.205,0.305,FORCE_SELL,0.005076996437687531,0.005104765644722441,0.0,0.0,FREE,155358286958.1394,358.32,2.1999999999999993,1.5499999999999994
2023-10-06,0.21615305574019658,0.205,0.305,FREE,0.0,0.0,0.0,0.0,FORCE_BUY,155358286958.1394,365.67,2.0499999999999994,2.1499999999999995
2023-10-09,0.15164618759483928,0.205,0.305,FORCE_BUY,0.01337164327550017,0.008619736987512483,0.0,0.01337164327550017,FORCE_BUY,157435682551.23645,366.8,1.3499999999999996,2.2499999999999996
2023-10-10,0.19053111432994219,0.205,0.305,FORCE_BUY,0.004820261437908658,0.004573867890979376,-0.0007080610021786864,0.004820261437908658,FORCE_BUY,158194563700.789,368.97,-0.5,-0.5
2023-10-11,0.13295886772520152,0.205,0.305,FORCE_BUY,0.00774584947051961,0.009668066158876986,-0.00016250033854241087,0.00774584947051961,FREE,159723999208.62292,372.09,0.44999999999999973,-0.5
2023-10-12,0.2155079813416189,0.205,0.305,FREE,-0.005827224146727787,-0.006170755293518756,-0.00016112140497869,-0.006170755293518756,FORCE_SELL,159698264253.4616,370.22,0.5499999999999998,2.349999999999999
2023-10-13,0.2954283161029618,0.205,0.305,FREE,-0.008084712543554187,-0.007504427706999532,0.0,-0.007504427706999532,FORCE_SELL,159698264253.4616,364.39,-0.5,2.1499999999999995
2023-10-16,0.1738095459037858,0.205,0.305,FORCE_BUY,0.012082191780822094,0.00571569515138531,0.002602739726027403,0.012082191780822094,FORCE_BUY,161627769309.23633,369.41,1.0999999999999996,2.2999999999999994
2023-10-17,0.19794989373572183,0.205,0.305,FORCE_BUY,-0.005304752625311325,-0.0062295983379190905,-0.0002165205153189148,-0.005304752625311325,FORCE_SELL,161592773581.33563,367.52,1.0999999999999996,2.2999999999999994
2023-10-18,0.2384671758687267,0.205,0.305,FREE,-0.010509120609855793,-0.0059663771901063934,-0.002123604682820662,-0.0059663771901063934,FORCE_SELL,161249614410.64832,363.44,-0.5,2.2999999999999994
2023-10-19,0.4166875344041882,0.205,0.235,FORCE_SELL,-0.008837581816675375,-0.0026936857687162594,0.00809191085089342,0.00809191085089342,FORCE_SELL,162554431915.20023,358.89,2.1499999999999995,2.1999999999999993
2023-10-20,0.3511763892371455,0.205,0.235,FORCE_SELL,-0.011892133325889261,-0.010382122868261024,0.0,0.0,FORCE_SELL,162554431915.20023,353.96,1.9499999999999993,-0.5
2023-10-23,0.3336107375972332,0.205,0.235,FORCE_SELL,0.00850214665009579,0.007852220088125438,0.0,0.0,FORCE_BUY,163936493533.96628,357.0501,2.4499999999999993,-0.5
2023-10-24,0.2637508092381304,0.205,0.235,FORCE_SELL,0.004034630579137599,0.0037588605174473733,0.0,0.0,FORCE_BUY,164597916723.81503,358.35,2.4499999999999993,-0.5
2023-10-25,0.3543249688455954,0.205,0.235,FORCE_SELL,-0.026771697690065033,-0.023220774197645587,0.0,0.0,FORCE_SELL,164597916723.81503,347.17,1.9499999999999993,1.0999999999999996
2023-10-26,0.32279818035288915,0.205,0.235,FORCE_SELL,-0.00011538683436230664,0.0011493438638760496,0.0,0.0,FREE,164787096329.40833,346.62,2.499999999999999,0.9499999999999997
2023-10-27,0.3491657245675892,0.205,0.235,FORCE_SELL,-0.0038642327767683844,0.00143711396468819,0.0,0.0,FREE,165023914166.74374,345.43,2.499999999999999,2.4499999999999993
2023-10-30,0.2712067300502344,0.205,0.235,FORCE_SELL,0.0021269868644188525,0.010188887680626297,0.0,0.0,FREE,166705324292.806,348.65,2.349999999999999,2.3999999999999995
2023-10-31,0.2413028524252672,0.205,0.305,FREE,0.00748266037355728,0.012424556185655957,0.0,0.012424556185655957,FREE,168776563960.92996,350.07,0.8999999999999997,1.6999999999999993
2023-11-01,0.2975448015688323,0.205,0.305,FREE,0.024389546520272063,0.015818430601615304,0.0,0.015818430601615304,FORCE_BUY,172892947819.18674,358.27,-0.5,2.0999999999999996
2023-11-02,0.12525040994243922,0.205,0.305,FORCE_BUY,-0.0034683035591403007,0.00022020974978653556,0.0,-0.0034683035591403007,FREE,172931020531.96585,362.03,-0.5,2.0999999999999996
2023-11-03,0.1523723247768625,0.205,0.305,FORCE_BUY,0.016344561016013275,0.007758144671452279,0.007758144671452279,0.016344561016013275,FORCE_BUY,175757502148.61203,368.12,1.7999999999999994,1.9999999999999996
2023-11-06,0.12935773823955943,0.205,0.305,FORCE_BUY,0.0014402565287099805,0.001413081877224934,0.001413081877224934,0.0014402565287099805,FORCE_BUY,176010638038.55133,368.52,1.7999999999999994,1.9999999999999996
2023-11-07,0.14407310205603477,0.205,0.305,FORCE_BUY,0.009376693766937597,-0.0011382113821139352,-0.0011382113821139352,0.009376693766937597,FORCE_BUY,177661035891.1621,372.46,1.7999999999999994,1.9999999999999996
2023-11-08,0.13266747180667793,0.205,0.305,FORCE_BUY,0.0,0.0009240291109487335,0.000295460650013528,0.0,FREE,177825199860.20685,372.3,1.7999999999999994,1.9999999999999996
2023-11-09,0.2111774533270037,0.205,0.305,FREE,-0.009065550906555028,-0.006979794537233036,0.0001877480956980507,-0.006979794537233036,FORCE_SELL,177858586202.84772,369.46,1.7999999999999994,1.9999999999999996
2023-11-10,0.15297014940578244,0.205,0.305,FORCE_BUY,0.0,0.0,0.0,0.0,FORCE_BUY,177858586202.84772,378.08,2.0999999999999996,1.2499999999999996
2023-11-13,0.15451119124885263,0.205,0.305,FORCE_BUY,0.0014056118389646373,-0.0011934440142151162,0.0,0.0014056118389646373,FORCE_BUY,178108586337.27597,377.59,2.0999999999999996,2.499999999999999
2023-11-14,0.1427425232159498,0.205,0.245,FORCE_BUY,0.01984462530387916,0.019140325151156223,-0.00010569707219104736,0.01984462530387916,FORCE_BUY,181643084496.54282,385.95,2.349999999999999,-0.5
2023-11-15,0.15315880623478897,0.205,0.245,FORCE_BUY,-0.0027956098571132186,0.006079847121355894,0.0029250362393870083,-0.0027956098571132186,FREE,182747446680.93332,385.24,-0.5,2.3999999999999995
2023-11-16,0.13213905169688955,0.205,0.245,FORCE_BUY,0.0021818181818180704,0.005625240423255662,-0.0015064935064934267,0.0021818181818180704,FREE,183775445005.24966,385.84,-0.5,-0.5
2023-11-17,0.1429352582721508,0.205,0.245,FORCE_BUY,-0.0004924320962055874,0.0005427375010282325,0.000958946713663796,-0.0004924320962055874,FORCE_SELL,183951675864.28952,385.65,-0.5,1.6499999999999995
2023-11-20,0.15977501399422941,0.205,0.245,FORCE_BUY,0.013790243143760888,0.004975398157949297,0.004795479288713914,0.013790243143760888,FORCE_BUY,186488414201.16037,391.1,1.1499999999999997,1.4499999999999995
2023-11-21,0.14543554248038085,0.205,0.245,FORCE_BUY,-0.0075742067553736655,-0.005622867428842023,0.00043500511770726074,-0.0075742067553736655,FORCE_SELL,186569537615.731,387.84,-0.5,1.5499999999999994
2023-11-22,0.18984551942163133,0.205,0.245,FORCE_BUY,0.005465185223376497,0.002237326165079022,0.0005413626872212045,0.005465185223376497,FORCE_BUY,187589174695.84067,390.03,2.4499999999999993,1.0999999999999996
2023-11-24,0.13288315222249217,0.205,0.245,FORCE_BUY,-0.0019744096002461096,-0.0009766398482443657,0.001282084156004024,-0.0019744096002461096,FORCE_SELL,187829679804.55606,389.22,-0.5,0.9999999999999996
2023-11-27,0.17007446880447,0.205,0.245,FORCE_BUY,0.0027328488222257714,0.005196714577122421,0.0032987990309778364,0.0027328488222257714,FREE,188805777039.6126,389.0804,-0.5,-0.5
2023-11-28,0.14753905163186296,0.205,0.245,FORCE_BUY,0.005922950144210974,0.0009774858942035297,0.0016223733003708975,0.005922950144210974,FORCE_BUY,189924064243.95728,390.62,1.3499999999999996,-0.5
2023-11-29,0.21354064955668992,0.205,0.245,FREE,-0.001125924409529455,-0.000573609358011495,0.0009468000716497141,-0.000573609358011495,FORCE_SELL,190103884361.59146,390.35,1.4999999999999996,0.7499999999999998
2023-11-30,0.15413536085995452,0.205,0.245,FORCE_BUY,-0.005073280721533229,-0.0034032534352724715,0.0,-0.005073280721533229,FORCE_SELL,190103884361.59146,388.3,1.4999999999999996,2.2499999999999996
2023-12-01,0.1392960643804623,0.205,0.245,FORCE_BUY,0.004731415053099952,0.004545792358075543,0.0007971405795983812,0.004731415053099952,FORCE_BUY,191003344741.71268,390.73,1.5499999999999994,1.8999999999999995
2023-12-04,0.1217959496311034,0.205,0.245,FORCE_BUY,-0.008791095802380142,-0.009582469362849753,-0.0008482636300541518,-0.008791095802380142,FORCE_SELL,190841323551.14957,385.61,1.8499999999999996,1.2499999999999996
2023-12-05,0.151735422584379,0.205,0.245,FORCE_BUY,0.010138033221554965,0.01348480606934719,0.0076945072655903715,0.010138033221554965,FREE,193414781789.25433,388.59,1.8499999999999996,2.349999999999999
2023-12-06,0.2196855729717074,0.205,0.245,FREE,-0.008498145859085404,-0.005862270126302705,0.0007725587144622764,-0.005862270126302705,FORCE_SELL,193564206064.43143,385.02,1.7499999999999996,0.8499999999999996
2023-12-07,0.1434315410648411,0.205,0.245,FORCE_BUY,0.012819182063525066,0.0005708947477683,0.0005708947477683,0.012819182063525066,FORCE_BUY,196045540862.95306,390.3,1.6999999999999993,1.0999999999999996
2023-12-08,0.1323108233891965,0.205,0.245,FORCE_BUY,0.0066680344686089145,0.006719327041444443,0.006719327041444443,0.0066680344686089145,FREE,197362834967.0281,392.52,2.349999999999999,0.8999999999999997
2023-12-11,0.13658773030530194,0.205,0.245,FORCE_BUY,0.011905978538579545,0.0003576903423607981,0.0003576903423607981,0.011905978538579545,FORCE_BUY,199712632644.45877,396.06,1.7499999999999996,1.1499999999999997
2023-12-12,0.14356625568949835,0.205,0.245,FORCE_BUY,0.008101968702675438,0.00037859666834933733,0.00037859666834933733,0.008101968702675438,FORCE_BUY,201330698143.67313,399.41,1.7499999999999996,1.1499999999999997
2023-12-13,0.17289806846344666,0.205,0.245,FORCE_BUY,0.01564377252703239,-0.00017521025230284273,-0.00017521025230284273,0.01564377252703239,FORCE_BUY,204480269788.1414,405.77,1.7499999999999996,1.1499999999999997
2023-12-14,0.20324154020035315,0.205,0.245,FORCE_BUY,-0.005423394551953692,-0.0009860717367187791,-0.0009860717367187791,-0.005423394551953692,FREE,204278637573.38666,403.45,1.7499999999999996,1.1499999999999997
2023-12-15,0.15432868228573596,0.205,0.245,FORCE_BUY,0.0041336633663366755,0.005724370159788312,0.0015841584158415695,0.0041336633663366755,FREE,205448004110.59393,405.67,1.1999999999999997,1.9499999999999993
2023-12-18,0.139908652759586,0.205,0.245,FORCE_BUY,0.004867081727443503,0.0015493921950991323,0.0012108409921929213,0.004867081727443503,FORCE_BUY,206447936337.34033,406.73,-0.5,1.2999999999999996
2023-12-19,0.11932595917525461,0.205,0.305,FORCE_BUY,0.005549825647070401,0.0009060973591962245,-7.367025195231158e-05,0.005549825647070401,FORCE_BUY,207593686389.21005,409.48,1.6499999999999995,1.0999999999999996
2023-12-20,0.30378587979787236,0.205,0.305,FREE,-0.011766144814090005,-0.014250708756915033,-0.0015410958904109662,-0.014250708756915033,FORCE_SELL,207273764612.2404,403.99,-0.5,1.8499999999999996
2023-12-21,0.15210871780354665,0.205,0.305,FORCE_BUY,0.005654181378237624,0.0037711000839619605,0.001901187624996945,0.005654181378237624,FORCE_BUY,208445728072.3081,407.3,1.9499999999999993,1.8499999999999996
2023-12-22,0.16480566171650798,0.205,0.305,FORCE_BUY,0.0037869473270053067,0.003835709120977452,0.0030492303152509282,0.0037869473270053067,FREE,209245265252.70386,408.2,1.7999999999999994,1.8999999999999995
2023-12-26,0.16009376501915232,0.205,0.235,FORCE_BUY,0.0031494140624999125,-9.765624999997317e-05,-9.765624999997317e-05,0.0031494140624999125,FORCE_BUY,209904265233.60223,410.89,1.8999999999999995,-0.5
2023-12-27,0.13992502066076892,0.205,0.305,FORCE_BUY,0.0020191208310019527,0.000827109738000887,0.000827109738000887,0.0020191208310019527,FORCE_BUY,210328087308.05154,411.9,1.8999999999999995,-0.5
2023-12-28,0.19726933140993416,0.205,0.305,FORCE_BUY,-0.0021088352926918164,0.0010185087317429102,0.0004120712640892883,-0.0021088352926918164,FREE,210542308301.50558,411.68,1.8999999999999995,-0.5
2023-12-29,0.20437871261253862,0.205,0.305,FORCE_BUY,-0.006967203165586448,-0.004135069346671736,0.00016993178452647916,-0.006967203165586448,FORCE_SELL,210578086131.67358,409.06,1.8999999999999995,-0.5
2024-01-02,0.22565015317522005,0.205,0.305,FREE,0.0,0.0,0.0,0.0,FORCE_BUY,100000.0,402.43,1.8999999999999995,-0.5
2024-01-03,0.22010850352884537,0.205,0.305,FREE,0.0,0.0,0.0,0.0,FORCE_BUY,100000.0,398.79,1.8999999999999995,-0.5
2024-01-04,0.394678955161518,0.205,0.305,FORCE_SELL,-0.0015609264853977947,-0.0015609264853977947,0.0,0.0,FORCE_SELL,100000.0,396.58,-0.5,-0.5
2024-01-05,0.3725276231091583,0.205,0.245,FORCE_SELL,0.0009581442259202595,0.002571860816943954,0.0,0.0,FREE,100257.18608169441,396.98,-0.5,-0.5
2024-01-08,0.4024316721785819,0.205,0.245,FORCE_SELL,0.0,0.0,0.0,0.0,FORCE_BUY,100257.18608169441,404.67,-0.5,-0.5
2024-01-09,0.35172431635135476,0.205,0.305,FORCE_SELL,0.005250631532022525,0.00028487725172846696,0.0,0.0,FORCE_BUY,100783.5996242468,405.9001,-0.5,-0.5
2024-01-10,0.35199054256497897,0.205,0.245,FORCE_SELL,0.005972276838379912,0.002453260031707032,0.0,0.0,FORCE_BUY,101385.50718197123,409.31,1.1999999999999997,-0.5
2024-01-11,0.4178731646289559,0.205,0.245,FORCE_SELL,0.0005632836990595388,0.0031690006542674383,0.0,0.0,FREE,101706.79792056415,408.55,0.5499999999999998,-0.5
2024-01-12,0.39262510207279866,0.205,0.245,FORCE_SELL,0.0014700477765528194,0.006306825928370672,0.0,0.0,FREE,102348.24499078112,408.75,0.7499999999999998,-0.5
2024-01-16,0.37289314333435347,0.205,0.245,FORCE_SELL,0.005996706726633711,0.003644808354617271,0.0,0.0,FORCE_BUY,102961.9973999765,409.33,-0.5,-0.5
2024-01-17,0.3261414025137572,0.205,0.245,FORCE_SELL,0.0017225257148481615,0.012199268878398289,0.0,0.0,FREE,104218.05849051576,407.08,1.0499999999999996,2.499999999999999
2024-01-18,0.17709136360375685,0.205,0.245,FORCE_BUY,0.0,0.0,0.0,0.0,FORCE_BUY,104218.05849051576,414.24,1.0999999999999996,1.5999999999999996
2024-01-19,0.20760853106511082,0.205,0.245,FREE,0.0,0.0,0.0,0.0,FORCE_BUY,104218.05849051576,421.96,0.19999999999999984,-0.5
2024-01-22,0.2350990908125279,0.205,0.245,FREE,0.0017090015884052264,0.003943242868858651,0.0,0.003943242868858651,FREE,104629.01560646477,421.96,0.19999999999999984,-0.5
2024-01-23,0.1932305336685738,0.205,0.245,FORCE_BUY,0.007422690191614562,-0.00028378483833841126,7.114399544671961e-05,0.007422690191614562,FORCE_BUY,105405.64437436516,424.81,0.19999999999999984,-0.5
2024-01-24,0.28393680377705993,0.205,0.245,FORCE_SELL,0.00025844650157422655,0.001668890991155065,0.0018796109205394635,0.0018796109205394635,FORCE_SELL,105603.76597461772,425.73,1.4499999999999995,2.349999999999999
2024-01-25,0.2721177837544354,0.205,0.245,FORCE_SELL,-0.006797937177684075,-0.007405228782815103,0.0,0.0,FORCE_SELL,105603.76597461772,423.7,1.5999999999999996,1.7499999999999996
2024-01-26,0.2663964407019091,0.205,0.245,FORCE_SELL,0.0,0.0,0.0,0.0,FORCE_BUY,105603.76597461772,423.3,2.499999999999999,-0.5
2024-01-29,0.23287107712351993,0.205,0.245,FREE,0.0,0.0,0.0,0.0,FORCE_BUY,105603.76597461772,428.65,2.2499999999999996,-0.5
2024-01-30,0.24862018653253626,0.205,0.245,FORCE_SELL,-0.006476073850791186,-0.006476073850791186,0.0,0.0,FORCE_SELL,105603.76597461772,421.89,2.2499999999999996,-0.5
2024-01-31,0.32754388738341067,0.205,0.245,FORCE_SELL,-0.003997715591090781,0.00019036740909957465,0.0,0.0,FREE,105623.86948993747,418.56,2.499999999999999,-0.5
2024-02-01,0.19753275850947194,0.205,0.245,FORCE_BUY,0.016536222201011766,0.006908878973609521,0.0,0.016536222201011766,FORCE_BUY,107370.48926555374,426.01,-0.5,-0.5
2024-02-02,0.21343237786422997,0.205,0.245,FREE,0.004033392739893033,-0.0027698810112593898,0.000726948691492299,-0.0027698810112593898,FORCE_BUY,107803.55661743619,428.16,-0.5,-0.5
2024-02-05,0.2060532221990096,0.215,0.245,FORCE_BUY,0.0,0.0,0.0,0.0,FORCE_BUY,107803.55661743619,428.69,1.8999999999999995,2.499999999999999
2024-02-06,0.2436656798710631,0.215,0.245,FREE,-0.001611246030263489,0.002129548981369861,0.0,0.002129548981369861,FREE,108033.1295716189,427.55,1.8999999999999995,2.499999999999999
2024-02-07,0.17582071739373148,0.215,0.245,FORCE_BUY,0.009841737382238128,0.004132190415032329,0.0,0.009841737382238128,FORCE_BUY,109096.36326144409,431.98,-0.5,-0.5
2024-02-08,0.1707817498166342,0.215,0.245,FORCE_BUY,0.001249595038644851,-0.0003936948653714794,-0.000578516221594867,0.001249595038644851,FORCE_BUY,109232.68953570978,432.68,1.6999999999999993,2.4499999999999993
2024-02-09,0.19025010405024792,0.215,0.245,FORCE_BUY,0.010235674676524985,0.0066509823536937095,0.0030730129390019365,0.010235674676524985,FORCE_BUY,110350.75980983918,437.23,-0.5,2.0999999999999996
2024-02-12,0.25870681967715276,0.215,0.245,FORCE_SELL,-0.006334758844649669,-0.006423470871578513,9.147666201668242e-05,9.147666201668242e-05,FORCE_SELL,110360.85432899758,434.5,1.5999999999999996,1.8499999999999996
2024-02-13,0.3296427317287723,0.215,0.245,FORCE_SELL,-0.011505383781789605,-0.011505383781789605,0.0,0.0,FORCE_SELL,110360.85432899758,428.72,-0.5,-0.5
2024-02-14,0.20098959167051242,0.215,0.245,FORCE_BUY,0.0,0.0,0.0,0.0,FORCE_BUY,110360.85432899758,433.22,2.3999999999999995,-0.5
2024-02-15,0.1859060300291445,0.215,0.245,FORCE_BUY,0.0022810008755356644,-0.00017827287584132619,0.0,0.0022810008755356644,FORCE_BUY,110612.58753434688,435.01,-0.5,-0.5
2024-02-16,0.286647721805759,0.215,0.245,FORCE_SELL,-0.016572815089502303,-0.004705204801835126,6.867188572999385e-05,6.867188572999385e-05,FORCE_SELL,110620.18350931833,429.62,-0.5,-0.5
2024-02-20,0.23477056228265417,0.215,0.245,FREE,-0.005996966514992362,-0.002659660143153696,0.0,-0.002659660143153696,FORCE_SELL,110620.18350931833,425.98,1.9999999999999996,1.6499999999999995
2024-02-21,0.1662218133430461,0.215,0.245,FORCE_BUY,0.020708098641548753,0.018365125195247772,0.0,0.020708098641548753,FORCE_BUY,112910.91718117551,431.29,2.0999999999999996,-0.5
2024-02-22,0.2312760845712997,0.215,0.245,FREE,0.009409160094091547,0.00996753883014147,0.0011069600110695937,0.00996753883014147,FREE,114036.36113252577,437.7,1.7999999999999994,-0.5
2024-02-23,0.263112624008849,0.215,0.245,FORCE_SELL,-0.004341368673597571,-0.005921023511010897,-0.00011424654404195758,-0.00011424654404195758,FORCE_SELL,114023.33287237126,435.75,1.7999999999999994,-0.5
2024-02-26,0.24802720149522306,0.215,0.245,FORCE_SELL,-0.0017851829812555846,-0.0003230873783295811,0.0,0.0,FORCE_SELL,114023.33287237126,436.15,2.0999999999999996,1.7999999999999994
2024-02-27,0.1729117108073547,0.215,0.245,FORCE_BUY,-0.00032005120819331634,6.85824017556538e-05,0.0,-0.00032005120819331634,FREE,114031.15286639583,437.29,-0.5,1.7499999999999996
2024-02-28,0.21616920142152374,0.215,0.245,FREE,-0.0030491998716125554,-0.0013900124301215687,-0.0019028841304047969,-0.0013900124301215687,FREE,113872.64814649045,434.85,-0.5,1.6999999999999993
2024-02-29,0.2002745610245733,0.215,0.245,FORCE_BUY,0.0,0.0,0.0,0.0,FORCE_BUY,113872.64814649045,439.48,2.349999999999999,2.499999999999999
2024-03-01,0.19325843425791922,0.215,0.245,FORCE_BUY,0.013756661959641219,0.0010021409374573762,0.0,0.013756661959641219,FORCE_BUY,115439.15567349088,445.1,-0.5,-0.5
2024-03-04,0.2515177535148107,0.215,0.245,FORCE_SELL,-0.007771904676581205,-0.0008134156174597752,4.479483963443605e-05,4.479483963443605e-05,FORCE_SELL,115444.32675195682,443.01,-0.5,2.2499999999999996
2024-03-05,0.30237859386297367,0.215,0.245,FORCE_SELL,-0.011282539251002435,-0.011282539251002435,0.0,0.0,FORCE_SELL,115444.32675195682,436.41,1.4999999999999996,-0.5
2024-03-06,0.2914174175729747,0.215,0.245,FORCE_SELL,0.0,0.0,0.0,0.0,FORCE_BUY,115444.32675195682,437.64,2.4499999999999993,-0.5
2024-03-07,0.20191951455609805,0.215,0.245,FORCE_BUY,0.0,0.0,0.0,0.0,FORCE_BUY,115444.32675195682,444.5,2.499999999999999,-0.5
2024-03-08,0.32259606247529465,0.215,0.245,FORCE_SELL,-0.017275807139171206,-0.01845774333227767,0.0,0.0,FORCE_SELL,115444.32675195682,438.01,1.7499999999999996,2.1499999999999995
2024-03-11,0.20681458154299734,0.215,0.245,FORCE_BUY,0.00365572234788767,0.0014851372038293905,0.0,0.00365572234788767,FORCE_BUY,115866.3591572008,439.27,2.4499999999999993,-0.5
2024-03-12,0.23917975184763404,0.215,0.245,FREE,0.008498841067127208,0.004444871254106075,0.0008407944371222007,0.004444871254106075,FORCE_BUY,116851.08892870453,443.8,2.0999999999999996,-0.5
2024-03-13,0.2365667082977121,0.215,0.245,FREE,-0.0032754297589735054,0.003338439391844436,0.0,0.003338439391844436,FREE,117241.18920696405,441.24,2.0999999999999996,-0.5
2024-03-14,0.2678746234516893,0.215,0.245,FORCE_SELL,-0.00873204388643829,-0.0025516215065751013,0.00018097500282768776,0.00018097500282768776,FORCE_SELL,117262.40693151229,438.19,2.1499999999999995,-0.5
2024-03-15,0.2753669068979075,0.215,0.245,FORCE_SELL,-0.01160076958981774,-0.01175974559250316,0.0,0.0,FORCE_SELL,117262.40693151229,434.1,1.8999999999999995,-0.5
2024-03-18,0.2618820686526295,0.215,0.245,FORCE_SELL,-0.0023537477148080723,-0.0023537477148080723,0.0,0.0,FORCE_SELL,117262.40693151229,436.57,2.0999999999999996,-0.5
2024-03-19,0.1810204977650249,0.215,0.245,FORCE_BUY,0.009530825544454051,0.009530825544454051,0.0,0.009530825544454051,FORCE_BUY,118380.0144748993,438.52,1.2499999999999996,-0.5
2024-03-20,0.19693198954462962,0.215,0.245,FORCE_BUY,0.019029560926577375,0.002832731758578247,0.002832731758578247,0.019029560926577375,FORCE_BUY,120632.7341728385,446.07,1.2499999999999996,-0.5
2024-03-21,0.24324842838608626,0.215,0.245,FREE,-0.0035923868175023214,0.0010788048400950463,-0.0005578240399848076,0.0010788048400950463,FREE,120762.87335033808,446.56,1.1999999999999997,-0.5
2024-03-22,0.2065377415556865,0.215,0.245,FORCE_BUY,0.0,0.0,0.0,0.0,FORCE_BUY,120762.87335033808,445.65,1.1999999999999997,-0.5
2024-03-25,0.2066177489364374,0.215,0.245,FORCE_BUY,-0.00047115837652295377,0.0018398110139629155,0.0,-0.00047115837652295377,FREE,120985.05421480586,445.5,-0.5,1.3999999999999995
2024-03-26,0.28147597024615184,0.215,0.245,FORCE_SELL,-0.004548509970871769,-0.0023831403935074464,0.0002464709836433132,0.0002464709836433132,FORCE_SELL,121014.87352012433,444.27,0.5999999999999996,1.7499999999999996
2024-03-27,0.2128642724671487,0.215,0.245,FORCE_BUY,-0.001797429675563926,0.0017527037770621546,0.0,-0.001797429675563926,FREE,121226.97674602375,444.28,0.7499999999999998,-0.5
2024-03-28,0.23102420315649583,0.215,0.245,FREE,-0.002067880422566849,-0.0002243959150232765,-0.000427062261182284,-0.0002243959150232765,FREE,121199.77390765131,443.98,0.9999999999999996,2.3999999999999995
2024-04-01,0.23967592017139994,0.215,0.245,FREE,-0.006550267152534028,-0.0051194920748475,-0.0051194920748475,-0.0051194920748475,FREE,120579.29262565778,444.38,0.5999999999999996,2.0499999999999994
2024-04-02,0.18942329775574787,0.215,0.245,FORCE_BUY,0.004235551304823009,0.0020500054562758367,0.0,0.004235551304823009,FORCE_BUY,121090.01240587303,441.0,1.0999999999999996,-0.5
2024-04-03,0.2177068683247727,0.215,0.245,FREE,0.020135616595793576,0.020089644868405993,0.020089644868405993,0.020089644868405993,FORCE_BUY,123528.23446925757,443.81,1.0999999999999996,-0.5
2024-04-04,0.4348340356265343,0.215,0.245,FORCE_SELL,0.0,0.0,0.0,0.0,FORCE_BUY,123528.23446925757,435.7,1.0499999999999996,-0.5
2024-04-05,0.24784568839857693,0.215,0.245,FORCE_SELL,0.007681735125356902,0.00028594788989400407,0.0,0.0,FORCE_BUY,124477.14564695339,440.63,1.0499999999999996,-0.5
2024-04-08,0.21056839250392914,0.215,0.245,FORCE_BUY,0.0005448354143019312,0.002269538130913798,0.0,0.0005448354143019312,FREE,124759.65127542647,440.74,1.0499999999999996,-0.5
2024-04-09,0.21268194700718368,0.215,0.245,FORCE_BUY,0.005294491910561747,0.0028207129105824375,0.0024768223959280977,0.005294491910561747,FORCE_BUY,125420.19023986872,442.41,-0.5,-0.5
2024-04-10,0.19543170565199933,0.215,0.245,FORCE_BUY,-0.011992682431059097,0.005792084455427879,0.001377690448765683,-0.011992682431059097,FREE,126146.63457415387,437.46,1.0499999999999996,2.0999999999999996
2024-04-11,0.25608559523176344,0.215,0.245,FORCE_SELL,0.015844067023823252,0.004686405802693035,0.0029180439986322996,0.0029180439986322996,FORCE_BUY,128145.3103071765,445.6,0.9499999999999997,1.3499999999999996
2024-04-12,0.29906994744041876,0.215,0.245,FORCE_SELL,-0.0177046823043049,-0.006960886738817402,0.0,0.0,FORCE_SELL,128145.3103071765,437.2,0.7499999999999998,-0.5
2024-04-15,0.3588315075706652,0.215,0.245,FORCE_SELL,-0.022925170068027242,-0.022925170068027242,0.0,0.0,FORCE_SELL,128145.3103071765,430.89,1.3999999999999995,-0.5
2024-04-16,0.2087437864717244,0.215,0.245,FORCE_BUY,0.006466098934338658,0.012588896942932816,0.0,0.006466098934338658,FREE,129758.5184123537,432.559,1.3999999999999995,-0.5
2024-04-17,0.2613910669071044,0.215,0.245,FORCE_SELL,-0.010874605824522331,0.00717463430231223,0.002573734001113064,0.002573734001113064,FREE,130689.4883295722,426.59,1.8999999999999995,-0.5
2024-04-18,0.23701737785098645,0.215,0.245,FREE,-0.011338612191350943,-0.011338612191350943,0.0,-0.011338612191350943,FORCE_SELL,130689.4883295722,422.02,1.5499999999999994,-0.5
2024-04-19,0.25232372800364755,0.215,0.245,FORCE_SELL,-0.01630576881937659,-0.001906546637225747,0.0017351619880678936,0.0017351619880678936,FORCE_SELL,130916.25576196171,413.85,1.9999999999999996,-0.5
2024-04-22,0.19667162548262077,0.215,0.245,FORCE_BUY,0.0,0.0,0.0,0.0,FORCE_BUY,130916.25576196171,418.1,2.2999999999999994,-0.5
2024-04-23,0.18741945863194964,0.215,0.245,FORCE_BUY,0.01803153732552052,0.002954395064850838,0.0,0.01803153732552052,FORCE_BUY,133276.8771142509,427.39,1.1499999999999997,-0.5
2024-04-24,0.22460691911987554,0.215,0.245,FREE,-0.014881091435780026,-0.0013216166456587848,-0.0002336121104519327,-0.0013216166456587848,FORCE_SELL,133245.7420217138,421.69,1.2999999999999996,2.3999999999999995
2024-04-25,0.18404217921373003,0.215,0.245,FORCE_BUY,0.017645803192372442,-0.0032241864582404052,0.001707658373455453,0.017645803192372442,FORCE_BUY,135596.97016165062,429.07,-0.5,2.499999999999999
2024-04-26,0.1982710155240791,0.215,0.245,FORCE_BUY,0.004684113630537627,0.0033654070169767823,-0.001468155018526749,0.004684113630537627,FORCE_BUY,136232.1217778444,431.12,1.5999999999999996,-0.5
2024-04-29,0.16983230615381328,0.215,0.245,FORCE_BUY,0.00016175621028301077,-0.0003928365106874647,-0.0003928365106874647,0.00016175621028301077,FORCE_BUY,136254.158169582,432.82,2.2999999999999994,-0.5
2024-04-30,0.32004792844552793,0.215,0.245,FORCE_SELL,-0.02213749277874055,-0.0013230601437538595,-0.0010398613518197454,-0.0010398613518197454,FORCE_SELL,136112.47273647672,423.17,2.2999999999999994,-0.5
2024-05-01,0.32692999167606746,0.215,0.245,FORCE_SELL,0.0033614241075656877,-0.0036659054038339716,0.0,0.0,FORCE_BUY,136570.0044836735,423.86,1.6499999999999995,-0.5
2024-05-02,0.21835272443771894,0.215,0.245,FREE,0.010827350829704499,0.001265727944730484,0.0,0.001265727944730484,FORCE_BUY,138048.69583503253,429.45,1.8499999999999996,1.3999999999999995
2024-05-03,0.18125209962634933,0.22,0.245,FORCE_BUY,0.0,0.0,0.0,0.0,FORCE_BUY,138048.69583503253,436.15,1.3499999999999996,2.499999999999999
2024-05-06,0.15168252746771238,0.22,0.245,FORCE_BUY,0.0,0.0,0.0,0.0,FORCE_BUY,138048.69583503253,439.97,1.4499999999999995,2.2499999999999996
2024-05-07,0.20481028616907762,0.22,0.245,FORCE_BUY,0.0,0.0,0.0,0.0,FORCE_BUY,138048.69583503253,440.47,1.4499999999999995,2.2499999999999996
2024-05-08,0.22323456098074188,0.22,0.245,FREE,0.0007285476857226733,-0.0014003786400691607,0.0,-0.0014003786400691607,FORCE_BUY,138149.27089290018,439.55,0.8499999999999996,-0.5
2024-05-09,0.1970435125896858,0.22,0.245,FORCE_BUY,0.0065438460486113535,0.0034872629014964657,0.0,0.0065438460486113535,FORCE_BUY,139053.29845335122,441.45,1.1499999999999997,2.1999999999999993
2024-05-10,0.20971604774344785,0.22,0.245,FORCE_BUY,-0.0012901181476618815,-6.790095513998715e-05,-6.790095513998715e-05,-0.0012901181476618815,FREE,139043.85660157088,441.25,0.8499999999999996,1.7999999999999994
2024-05-13,0.21281645910151784,0.22,0.245,FORCE_BUY,0.00029363932056380017,0.0011519696422117136,0.0011519696422117136,0.00029363932056380017,FREE,139204.03090331194,442.85,1.1499999999999997,2.2499999999999996
2024-05-14,0.16779928944092512,0.22,0.245,FORCE_BUY,0.007042730412405992,0.007042730412405992,0.007042730412405992,0.007042730412405992,FORCE_BUY,140184.4073652842,446.13,1.1499999999999997,2.2499999999999996
2024-05-15,0.19571115346379772,0.22,0.245,FORCE_BUY,0.01706874509364137,0.007463883697613605,0.006145564651788633,0.01706874509364137,FORCE_BUY,142577.1792807054,453.4601,-0.5,-0.5
2024-05-16,0.23068308014282435,0.22,0.245,FREE,-0.00423000660938528,-0.0009061507170409728,-4.406256884776573e-05,-0.0009061507170409728,FORCE_SELL,142570.89696392723,451.98,-0.5,-0.5
2024-05-17,0.18687943917478958,0.22,0.245,FORCE_BUY,-0.0009955752212389237,-0.0011173105560406862,-0.0015597345132742373,-0.0009955752212389237,FORCE_BUY,142428.95691164013,451.55,-0.5,-0.5
2024-05-20,0.16065409625266372,0.22,0.245,FORCE_BUY,0.004752431476569518,0.007259755670282778,0.0004641909814323924,0.004752431476569518,FREE,143462.95633919185,454.55,1.0999999999999996,-0.5
2024-05-21,0.14421854764058742,0.22,0.245,FORCE_BUY,0.0033215283429752626,0.0005258891248720661,2.1996876443481152e-05,0.0033215283429752626,FORCE_BUY,143939.4726148395,456.12,1.2999999999999996,-0.5
2024-05-22,0.18256654301088385,0.22,0.245,FORCE_BUY,0.004078364266596431,0.0061487190320406206,0.00024132332938450407,0.004078364266596431,FREE,144824.51598956826,457.679,1.2999999999999996,0.9999999999999996
2024-05-23,0.3514606827124636,0.22,0.245,FORCE_SELL,-0.011696288552012565,-0.005109847883131584,0.0010236975082765626,0.0010236975082765626,FORCE_SELL,144972.77248572413,453.75,1.1999999999999997,1.1999999999999997
2024-05-24,0.2203139285296661,0.22,0.245,FREE,0.007147569826259003,0.003484039677443452,0.0,0.003484039677443452,FORCE_BUY,146008.9754999722,457.95,-0.5,0.8499999999999996
2024-05-28,0.16471147465741812,0.22,0.245,FORCE_BUY,0.0006316844191770672,0.0006316844191770672,0.0006316844191770672,0.0006316844191770672,FORCE_BUY,146101.20709485555,459.38,1.8499999999999996,1.9499999999999993
2024-05-29,0.20143974547544996,0.22,0.245,FORCE_BUY,-0.00686188811188816,-0.005861201341098541,-0.001333041958041992,-0.00686188811188816,FORCE_SELL,145906.44805567752,454.46,1.8499999999999996,1.9499999999999993
2024-05-30,0.23737992815416017,0.22,0.245,FREE,-0.007688410107285269,0.0013880806911917489,0.0013658493600335311,0.0013880806911917489,FREE,146108.97797894396,450.44,2.1499999999999995,-0.5
2024-05-31,0.22069288624450176,0.22,0.245,FREE,0.003065031982942349,-0.009661903902581313,-0.0124182658137883,-0.009661903902581313,FORCE_BUY,146556.80666944446,451.62,1.4499999999999995,-0.5
2024-06-03,0.21084678510110047,0.225,0.25,FORCE_BUY,0.0,0.0,0.0,0.0,FORCE_BUY,146556.80666944446,453.11,2.2499999999999996,-0.5
2024-06-04,0.16042442057573358,0.225,0.25,FORCE_BUY,0.0,0.0,0.0,0.0,FORCE_BUY,146556.80666944446,455.2,2.2499999999999996,-0.5
2024-06-05,0.17364011577924257,0.225,0.25,FORCE_BUY,0.01634423679425101,0.00046009245667465274,0.0,0.01634423679425101,FORCE_BUY,148952.16582145912,463.89,2.2499999999999996,-0.5
2024-06-06,0.13864010742103317,0.225,0.25,FORCE_BUY,-0.0007974653533633978,0.0007328060003878896,0.0007328060003878896,-0.0007974653533633978,FREE,149061.31886234385,463.6,2.2499999999999996,-0.5
2024-06-07,0.176842132501798,0.225,0.25,FORCE_BUY,-0.0037934304681437867,2.1553582205433625e-05,2.1553582205433625e-05,-0.0037934304681437867,FREE,149064.5316677336,462.2,2.2499999999999996,-0.5
2024-06-10,0.1397627038794166,0.225,0.25,FORCE_BUY,0.0034160684943354363,-0.0006486206001902497,-0.0006486206001902497,0.0034160684943354363,FORCE_BUY,149573.7463179866,464.1,2.2499999999999996,-0.5
2024-06-11,0.1300808583708699,0.225,0.25,FORCE_BUY,0.008289196055634551,0.004816731796369493,0.00019377341428763504,0.008289196055634551,FORCE_BUY,150813.59242599216,468.31,1.2499999999999996,2.0999999999999996
2024-06-12,0.16578385675755342,0.225,0.25,FORCE_BUY,0.017892983729769052,0.012260369537180843,0.0004270401844814262,0.017892983729769052,FORCE_BUY,153512.09758149844,476.72,1.1499999999999997,2.1499999999999995
2024-06-13,0.1502113932834624,0.225,0.25,FORCE_BUY,-0.0020075282308655773,0.0054825649858183155,0.0011292346298619831,-0.0020075282308655773,FREE,154353.7376325983,477.24,1.6499999999999995,2.499999999999999
2024-06-14,0.12114040747854654,0.225,0.25,FORCE_BUY,0.0038545332662979575,0.0037045654275337844,0.0008798391151330625,0.0038545332662979575,FORCE_BUY,154948.6992490806,479.2,-0.5,1.1999999999999997
2024-06-17,0.17480453616529754,0.225,0.25,FORCE_BUY,0.011759799833194456,0.002024606101731427,0.001000834028356989,0.011759799833194456,FORCE_BUY,156770.86493666362,485.24,1.5499999999999994,1.7499999999999996
2024-06-18,0.14244290517498467,0.22,0.245,FORCE_BUY,0.0007828917549136683,0.0006296626338785518,0.0005974700234868889,0.0007828917549136683,FORCE_BUY,156893.59955423322,485.76,2.0999999999999996,1.4999999999999996
2024-06-20,0.2573696791256324,0.22,0.245,FORCE_SELL,-0.011256689426093239,0.00410502548652539,0.0011482233294374967,0.0011482233294374967,FREE,157537.65177907606,482.22,2.3999999999999995,2.2999999999999994
2024-06-21,0.18809200684098626,0.22,0.245,FORCE_BUY,-0.000499230353205563,0.0009360569122602162,0.0,-0.000499230353205563,FREE,157685.1159869651,480.5,2.2999999999999994,-0.5
2024-06-24,0.2390517528470737,0.22,0.245,FREE,-0.011333333333333402,0.004494015922038141,-0.0007500000000001325,0.004494015922038141,FREE,158393.75540887896,474.56,2.1999999999999993,-0.5
2024-06-25,0.1436351128220653,0.22,0.245,FORCE_BUY,0.011543006668354875,0.006936140459281587,0.005549928251878157,0.011543006668354875,FORCE_BUY,160222.09558378943,479.35,1.7499999999999996,-0.5
2024-06-26,0.14591682400138895,0.22,0.245,FORCE_BUY,-0.004640805793723374,-0.003204861400149949,-0.003204861400149949,-0.004640805793723374,FREE,159708.6059742018,478.29,1.9499999999999993,0.7999999999999998
2024-06-27,0.16428153387079011,0.22,0.245,FORCE_BUY,0.007444743597770878,0.005029950117922004,0.005029950117922004,0.007444743597770878,FORCE_BUY,160897.59559603716,482.697,1.5499999999999994,-0.5
2024-06-28,0.2552467256952393,0.22,0.245,FORCE_SELL,-0.00794406057346187,0.00035757614836716287,-0.0003516901816376977,-0.0003516901816376977,FREE,160955.12873855192,479.54,1.5499999999999994,-0.5
2024-07-01,0.17050001226204223,0.22,0.245,FORCE_BUY,0.005704852258954227,0.005811033748626371,0.0,0.005704852258954227,FREE,161890.44442366614,481.27,1.5499999999999994,-0.5
2024-07-02,0.17331539972486798,0.22,0.245,FORCE_BUY,0.013541666666666625,0.005291666666666624,0.005291666666666624,0.013541666666666625,FORCE_BUY,164082.71085856995,486.5,1.5499999999999994,-0.5
2024-07-03,0.1298654334768806,0.22,0.245,FORCE_BUY,0.008374114021571654,0.0008423215202877219,0.0008423215202877219,0.008374114021571654,FORCE_BUY,165456.75818826817,490.8261,1.5499999999999994,-0.5
2024-07-05,0.15064690327985542,0.22,0.245,FORCE_BUY,0.008853159662155188,0.0009158441029816699,0.0009158441029816699,0.008853159662155188,FORCE_BUY,166921.57328569153,495.7,1.5499999999999994,-0.5
2024-07-08,0.12750329880091424,0.22,0.245,FORCE_BUY,0.006473340324271789,0.0014317980156487659,0.0014317980156487659,0.006473340324271789,FORCE_BUY,168002.11343703268,499.09,1.5499999999999994,-0.5
2024-07-09,0.17021528272526368,0.22,0.245,FORCE_BUY,-0.002023358775567387,-0.00016026604162928541,-0.00016026604162928541,-0.002023358775567387,FREE,167975.18840332676,498.16,1.5499999999999994,-0.5
2024-07-10,0.15371954151531741,0.22,0.245,FORCE_BUY,0.008162528578877677,0.007617215593890046,0.000561549877662277,0.008162528578877677,FORCE_BUY,169346.2906792113,502.69,1.5499999999999994,-0.5
2024-07-11,0.3530550336622267,0.22,0.245,FORCE_SELL,-0.022746704312727534,-0.014739879793635571,-0.01731851351082656,-0.01731851351082656,FREE,166850.14671110164,491.49,1.5499999999999994,-0.5
2024-07-12,0.2517850737047799,0.22,0.245,FORCE_SELL,0.0,0.0,0.0,0.0,FORCE_BUY,166850.14671110164,495.1,2.3999999999999995,-0.5
2024-07-15,0.25788870912857437,0.22,0.245,FORCE_SELL,0.0,0.0,0.0,0.0,FORCE_BUY,166850.14671110164,497.12,2.349999999999999,-0.5
2024-07-16,0.1924236497168841,0.22,0.245,FORCE_BUY,0.0,0.0,0.0,0.0,FORCE_BUY,166850.14671110164,495.52,2.349999999999999,-0.5
2024-07-17,0.41265979917071355,0.22,0.245,FORCE_SELL,-0.012481054029210324,-0.01129095375453691,0.0,0.0,FORCE_SELL,166850.14671110164,483.4399,-0.5,1.2999999999999996
2024-07-18,0.43179019717448713,0.22,0.245,FORCE_SELL,0.00454369783887113,0.0026426564442168744,0.0,0.0,FORCE_BUY,167608.2633621282,480.86,2.0999999999999996,-0.5
2024-07-19,0.46992915096846904,0.22,0.245,FORCE_SELL,-0.012268662923684795,-0.004947848429310961,0.0,0.0,FORCE_SELL,167608.2633621282,475.0,2.1499999999999995,-0.5
2024-07-22,0.29151788771945825,0.22,0.245,FORCE_SELL,-0.002625220184436894,-0.0004927503392712848,0.0,0.0,FORCE_SELL,167608.2633621282,481.2832,1.9499999999999993,1.8999999999999995
2024-07-23,0.37104227319374444,0.22,0.245,FORCE_SELL,-0.00781477324687198,0.005294116325031193,0.0,0.0,FREE,168495.6010054038,477.38,1.9499999999999993,1.8999999999999995
2024-07-24,0.43257106318298444,0.22,0.245,FORCE_SELL,-0.023068196142695112,-0.01345918235287623,0.0,0.0,FORCE_SELL,168495.6010054038,465.0,1.4999999999999996,-0.5
2024-07-25,0.37832321216242576,0.22,0.245,FORCE_SELL,-0.00438092346396577,0.008632711005781077,0.0,0.0,FREE,169950.17483462885,459.07,2.2499999999999996,-0.5
2024-07-26,0.28770879919178205,0.22,0.245,FORCE_SELL,0.0,0.0,0.0,0.0,FORCE_BUY,169950.17483462885,462.85,2.0499999999999994,-0.5
2024-07-29,0.3088544629931163,0.22,0.245,FORCE_SELL,-0.0015128593040845478,0.005295007564296629,0.0,0.0,FREE,170850.06229593174,462.0,2.349999999999999,1.9499999999999993
2024-07-30,0.33925239686845127,0.22,0.245,FORCE_SELL,-0.005357528623892844,-0.001475957390244738,0.0,0.0,FORCE_SELL,170850.06229593174,460.42,1.0999999999999996,1.5999999999999996
2024-07-31,0.305004331007576,0.22,0.245,FORCE_SELL,0.024552176068633927,0.007054052561220064,0.0,0.0,FORCE_BUY,175044.80310675854,475.3,-0.5,1.9499999999999993
2024-08-01,0.4837421579554302,0.22,0.245,FORCE_SELL,-0.03280006771626876,-0.022357249546908677,0.0,0.0,FORCE_SELL,175044.80310675854,457.06,0.6499999999999997,2.3999999999999995
2024-08-02,0.3289760039567997,0.22,0.245,FORCE_SELL,0.001925488088841015,0.001925488088841015,0.0,0.0,FORCE_BUY,175381.84979015414,447.5,2.349999999999999,-0.5
2024-08-05,0.534655014529413,0.22,0.245,FORCE_SELL,0.024351251158479973,0.013855139646880392,0.0,0.0,FORCE_BUY,179652.617263033,442.11,2.349999999999999,-0.5
2024-08-06,0.32576762707520274,0.22,0.245,FORCE_SELL,-0.00299114074344695,0.023760801886079177,0.0,0.0,FREE,183921.30751013552,436.65,1.6499999999999995,-0.5
2024-08-07,0.41442667282995127,0.22,0.245,FORCE_SELL,-0.02993392961481411,-0.02993392961481411,0.0,0.0,FORCE_SELL,183921.30751013552,431.66,-0.5,2.349999999999999
2024-08-08,0.28644082303888635,0.22,0.245,FORCE_SELL,0.03494654557995173,0.02025552302285081,0.0,0.0,FORCE_BUY,190348.7218661628,450.15,-0.5,-0.5
2024-08-09,0.26656101992337883,0.22,0.245,FORCE_SELL,0.011016625905898785,0.007516435190378978,0.0,0.0,FORCE_BUY,192445.72252662832,450.6,2.2999999999999994,-0.5
2024-08-12,0.34616717636674005,0.22,0.245,FORCE_SELL,0.0,0.0,0.0,0.0,FORCE_BUY,192445.72252662832,451.66,-0.5,-0.5
2024-08-13,0.1368048280309124,0.22,0.245,FORCE_BUY,0.0,0.0,0.0,0.0,FORCE_BUY,192445.72252662832,462.95,-0.5,-0.5
2024-08-14,0.14378422281327963,0.22,0.245,FORCE_BUY,0.00028097172992124164,0.001642603959540067,0.0,0.00028097172992124164,FREE,192761.8346324471,462.81,-0.5,-0.5
2024-08-15,0.1467643238041001,0.22,0.245,FORCE_BUY,0.02143947702298764,0.004171773864051762,0.004171773864051762,0.02143947702298764,FORCE_BUY,196894.54755695837,475.0,-0.5,-0.5
2024-08-16,0.14174682475017333,0.22,0.245,FORCE_BUY,-0.0024608265853402404,0.0020835547413039293,0.0011567988221685736,-0.0024608265853402404,FREE,197304.78812505753,474.28,-0.5,-0.5
2024-08-19,0.14283952059913427,0.22,0.245,FORCE_BUY,0.013990729034976843,0.0005267593763169807,0.0005267593763169807,0.013990729034976843,FORCE_BUY,200065.2259530187,481.24,1.7499999999999996,-0.5
2024-08-20,0.18524438411469654,0.22,0.245,FORCE_BUY,-0.004480976399526842,-0.0008334494442817284,0.0007887581210951265,-0.004480976399526842,FORCE_SELL,200223.02902473786,479.6112,-0.5,-0.5
2024-08-21,0.15263450620744048,0.22,0.245,FORCE_BUY,0.006308688500697532,0.008480555111613972,0.0006246226238312584,0.006308688500697532,FREE,201921.03145699645,483.32,2.1499999999999995,-0.5
2024-08-22,0.2341446418988545,0.22,0.245,FREE,-0.013855808462605847,-0.006446234844440569,0.0013876519686018543,-0.006446234844440569,FORCE_SELL,202201.22757379987,476.14,1.6999999999999993,-0.5
2024-08-23,0.20547225609866496,0.22,0.245,FORCE_BUY,0.0026524644945696233,0.0015590898429370162,0.0,0.0026524644945696233,FORCE_BUY,202737.55915069775,480.07,1.6999999999999993,-0.5
2024-08-26,0.23246652533634546,0.2,0.245,FREE,-0.012889812889812932,-0.005672651587513038,0.00022869022869021404,-0.005672651587513038,FORCE_SELL,202783.92324946405,474.8,2.2999999999999994,2.3999999999999995
2024-08-27,0.17193324226990217,0.2,0.245,FORCE_BUY,-0.0022044929666177383,0.002725612492487068,0.0,-0.0022044929666177383,FREE,203336.63364394833,475.25,2.1999999999999993,1.6999999999999993
2024-08-28,0.2776035883578079,0.2,0.245,FORCE_SELL,-0.022865054225839614,-0.01399991024182718,0.0019928258270227824,0.0019928258270227824,FORCE_SELL,203741.84813905385,465.81,2.1499999999999995,1.8499999999999996
2024-08-29,0.267012674870191,0.2,0.245,FORCE_SELL,-0.0009321046499310491,0.00882773292781766,0.0,0.0,FREE,205540.4267606454,471.61,2.2499999999999996,1.9999999999999996
2024-08-30,0.16678872516856666,0.2,0.275,FORCE_BUY,0.0055528577159386664,-0.0019213309967695896,0.0,0.0055528577159386664,FORCE_BUY,206681.7635053206,476.26,2.3999999999999995,-0.5
2024-09-03,0.36614740691619224,0.2,0.275,FORCE_SELL,-0.03294834103317921,-0.027036027714322838,-0.005879882402351993,-0.005879882402351993,FORCE_SELL,205466.49904119858,460.51,1.7999999999999994,-0.5
2024-09-04,0.19631163200191828,0.2,0.275,FORCE_BUY,0.002397245347164591,0.002397245347164591,0.0,0.002397245347164591,FORCE_BUY,205959.05265002328,459.96,2.499999999999999,-0.5
2024-09-05,0.19565911183235932,0.2,0.275,FORCE_BUY,-0.0022575813489049395,0.0012112434698554227,0.0024746564786070533,-0.0022575813489049395,FORCE_SELL,206468.73055399145,459.63,2.499999999999999,-0.5
2024-09-06,0.2763995772598553,0.2,0.275,FORCE_SELL,-0.022591117917304938,-0.01871112306112133,-0.0026908772697442213,-0.0026908772697442213,FORCE_SELL,205913.14854003076,446.7736,-0.5,-0.5
2024-09-09,0.13356220793501192,0.2,0.275,FORCE_BUY,0.009448609324402342,0.0052409520813612815,0.0,0.009448609324402342,FORCE_BUY,207858.74143534314,455.12,2.4499999999999993,-0.5
2024-09-10,0.14018912974296124,0.2,0.275,FORCE_BUY,0.00840706016990186,0.0009461816392138439,0.0009243364584710049,0.00840706016990186,FORCE_BUY,209606.22238143013,458.2,1.5499999999999994,2.2499999999999996
2024-09-11,0.23388212529790198,0.2,0.275,FREE,0.022918441808131823,-0.000808372113346833,-0.000808372113346833,-0.000808372113346833,FORCE_BUY,214410.07039170127,468.2,1.4499999999999995,2.3999999999999995
2024-09-12,0.17005022899541986,0.2,0.275,FORCE_BUY,0.0,0.0,0.0,0.0,FORCE_BUY,214410.07039170127,473.3353,1.3499999999999996,1.9499999999999993
2024-09-13,0.1721753029739105,0.2,0.275,FORCE_BUY,0.0021746933260139104,0.0025969638747546145,0.0,0.0021746933260139104,FREE,214966.88559889214,474.66,1.3499999999999996,1.9499999999999993
2024-09-16,0.1462364245236635,0.2,0.275,FORCE_BUY,-0.0030336226510491453,0.001937945267091827,0.0021277492205273953,-0.0030336226510491453,FORCE_SELL,215424.2812221644,473.24,1.3499999999999996,1.9499999999999993
2024-09-17,0.2122184443117512,0.2,0.275,FREE,-0.0002320087741498993,0.003313805996450997,0.0026364633426137953,0.003313805996450997,FREE,216138.15549705955,474.01,2.349999999999999,1.5499999999999994
2024-09-18,0.262560331448813,0.2,0.275,FREE,0.005178609173536146,0.011871802626334037,0.0,0.011871802626334037,FREE,218704.10501914052,475.55,2.349999999999999,2.1999999999999993
2024-09-19,0.19697070981240447,0.2,0.275,FORCE_BUY,0.0030760277673858596,0.0025989500441925936,0.0,0.0030760277673858596,FORCE_BUY,219376.84491902066,482.62,-0.5,2.0499999999999994
2024-09-20,0.18088336152760434,0.2,0.275,FORCE_BUY,-0.0016976874184799393,-0.0011211582087882128,-0.0003519595867582564,-0.0016976874184799393,FORCE_SELL,219299.63313533863,482.19,-0.5,2.0999999999999996
2024-09-23,0.18787239336335496,0.2,0.275,FORCE_BUY,0.0007046924224838901,0.005502116591773778,0.0006632399270436277,0.0007046924224838901,FREE,220506.24528538247,482.82,-0.5,2.499999999999999
2024-09-24,0.16155142431591543,0.2,0.275,FORCE_BUY,0.003948565285702286,0.005924435856959111,0.0021913503679813397,0.003948565285702286,FREE,221812.62039163458,485.63,-0.5,1.5999999999999996
2024-09-25,0.17800273368669106,0.2,0.275,FORCE_BUY,0.00782799074686059,0.00014458030403175894,0.00014458030403175894,0.00782799074686059,FORCE_BUY,223548.96753159718,487.95,1.4499999999999995,0.9499999999999997
2024-09-26,0.22910250217193315,0.2,0.275,FREE,-0.004636785162287501,0.0018303099324818493,0.0018303099324818493,0.0018303099324818493,FREE,223958.13142726634,489.44,0.8499999999999996,1.6999999999999993
2024-09-27,0.282412075721975,0.2,0.275,FORCE_SELL,0.0,0.0,0.0,0.0,FORCE_BUY,223958.13142726634,485.9,0.8499999999999996,1.6999999999999993
2024-09-30,0.17717141237590128,0.2,0.275,FORCE_BUY,0.0036854783915667047,0.012476916283288859,0.0,0.0036854783915667047,FREE,226752.43828404616,487.48,0.8499999999999996,1.6999999999999993
2024-10-01,0.31354134943962525,0.2,0.275,FORCE_SELL,-0.015868785238339334,-0.007138515768126874,0.0008610968733982584,0.0008610968733982584,FORCE_SELL,226947.69409968797,480.01,-0.5,-0.5
2024-10-02,0.18560394834079427,0.2,0.275,FORCE_BUY,0.011109436742348083,0.009316572135715481,0.0,0.011109436742348083,FORCE_BUY,229468.95515111022,483.1,1.3499999999999996,-0.5
2024-10-03,0.21293064383197913,0.2,0.275,FREE,0.004716193656093472,0.013421253812501931,0.010058430717863071,0.013421253812501931,FREE,232548.71624028293,481.46,1.4999999999999996,2.1499999999999995
2024-10-04,0.16342963358395046,0.2,0.275,FORCE_BUY,0.006761573930484087,0.0045245031337525984,0.0,0.006761573930484087,FORCE_BUY,234121.11157758074,486.9001,1.7499999999999996,1.9999999999999996
2024-10-07,0.24942694572660562,0.2,0.275,FREE,-0.009205807353787938,-0.0037344856673940147,-0.0042362424940362315,-0.0037344856673940147,FREE,233246.7896419599,481.8034,-0.5,2.499999999999999
2024-10-08,0.17626185590359508,0.2,0.275,FORCE_BUY,0.013373696323788556,0.0077875539390442295,0.004167616993924708,0.013373696323788556,FORCE_BUY,236366.16137513006,488.74,-0.5,2.499999999999999
2024-10-09,0.14717511194590305,0.2,0.275,FORCE_BUY,0.010164142707842402,0.0077287286346210265,0.0020492223201295907,0.010164142707842402,FORCE_BUY,238768.62077065182,492.95,1.3499999999999996,1.9499999999999993
2024-10-10,0.1611332530944211,0.2,0.275,FORCE_BUY,0.0017061033817406695,0.007146184728020406,0.0006702548999695297,0.0017061033817406695,FREE,240474.90544193352,493.19,-0.5,1.7499999999999996
2024-10-11,0.17881427685200826,0.2,0.275,FORCE_BUY,0.0001421521840666998,-0.00030235009321947994,0.0017261336636678838,0.0001421521840666998,FORCE_SELL,240889.99727148417,492.5,1.3999999999999995,1.8999999999999995
2024-10-14,0.1567466304741162,0.2,0.275,FORCE_BUY,0.008285390162871801,0.0,0.0,0.008285390162871801,FORCE_BUY,242885.86488521157,497.73,1.7999999999999994,1.7999999999999994
2024-10-15,0.32461326344059654,0.2,0.275,FORCE_SELL,-0.012171079101955461,-0.009806552815838575,-0.0005632896113300631,-0.0005632896113300631,FORCE_SELL,242749.04980078284,491.03,1.7999999999999994,1.7999999999999994
2024-10-16,0.16785937349693392,0.2,0.275,FORCE_BUY,0.0044674877553946375,0.008013883119201804,0.0,0.0044674877553946375,FREE,244694.41231318362,490.15,2.0999999999999996,1.3499999999999996
2024-10-17,0.28109124416818065,0.2,0.275,FORCE_SELL,0.0006705681541086912,0.003168304362146352,0.0038608469478988434,0.0038608469478988434,FORCE_SELL,245639.1399881309,492.45,1.7999999999999994,1.2499999999999996
2024-10-18,0.18194204440573358,0.2,0.275,FORCE_BUY,0.002208758029544596,0.0013767648196928105,0.0,0.002208758029544596,FORCE_BUY,246181.69741095012,494.58,1.7999999999999994,1.1499999999999997
2024-10-21,0.1874905891008535,0.2,0.275,FORCE_BUY,0.002793409173717707,0.0022266305007895447,0.0005060523865431576,0.002793409173717707,FORCE_BUY,246869.38362289924,495.4,1.3999999999999995,2.2499999999999996
2024-10-22,0.21438015885698516,0.2,0.275,FREE,0.002527805864509596,0.001772248071030869,-0.003235591506572255,0.001772248071030869,FORCE_BUY,247493.42149858907,495.75,1.3499999999999996,-0.5
2024-10-23,0.3051657060485833,0.2,0.275,FORCE_SELL,-0.009938992363944745,-0.006369079417659626,0.0,0.0,FORCE_SELL,247493.42149858907,490.1,1.8499999999999996,1.5999999999999996
2024-10-24,0.18113861015471736,0.2,0.275,FORCE_BUY,0.0,0.0,0.0,0.0,FORCE_BUY,247493.42149858907,492.32,1.6499999999999995,1.1499999999999997
2024-10-25,0.275794479974059,0.2,0.275,FORCE_SELL,0.0,0.0,0.0,0.0,FORCE_BUY,247493.42149858907,494.45,2.3999999999999995,-0.5
2024-10-28,0.2736575041852241,0.2,0.275,FREE,-0.007052412245552084,0.0009416573168775849,0.0,0.0009416573168775849,FREE,247726.4754898223,495.6,2.1499999999999995,-0.5
2024-10-29,0.17300738313394817,0.2,0.275,FORCE_BUY,0.012334463824289458,0.006425214289403696,0.0,0.012334463824289458,FORCE_BUY,250782.04874007026,501.47,1.3999999999999995,2.1999999999999993
2024-10-30,0.2677924175507717,0.2,0.275,FREE,-0.015435545628589606,-0.012300400495156199,0.0007977026164645659,-0.012300400495156199,FORCE_SELL,250982.09823651254,493.7,0.7499999999999998,2.1499999999999995
2024-10-31,0.3126801795777147,0.2,0.245,FORCE_SELL,-0.01413829527910942,-0.01413829527910942,-0.01413829527910942,-0.01413829527910942,FORCE_BUY,247433.6392218743,485.32,1.3499999999999996,2.2499999999999996
2024-11-01,0.21900130109621152,0.2,0.245,FREE,0.004423413229091604,0.003785618763501511,0.003785618763501511,0.003785618763501511,FORCE_BUY,248528.14045493063,488.2,2.4499999999999993,-0.5
2024-11-04,0.20411991617124545,0.2,0.245,FREE,0.0,0.0,0.0,0.0,FORCE_BUY,248528.14045493063,485.78,2.4499999999999993,2.3999999999999995
2024-11-05,0.16906438890164144,0.2,0.245,FORCE_BUY,0.0,0.0,0.0,0.0,FORCE_BUY,248528.14045493063,493.29,1.6999999999999993,1.1999999999999997
2024-11-06,0.18620120551904337,0.2,0.245,FORCE_BUY,0.0,0.0,0.0,0.0,FORCE_BUY,248528.14045493063,505.07,1.3499999999999996,1.1999999999999997
2024-11-07,0.17083193746957936,0.2,0.245,FORCE_BUY,0.0,0.0,0.0,0.0,FORCE_BUY,248528.14045493063,513.61,1.3499999999999996,1.1999999999999997
2024-11-08,0.15302212958392836,0.2,0.245,FORCE_BUY,0.0,0.0,0.0,0.0,FORCE_BUY,248528.14045493063,514.05,1.3499999999999996,1.1999999999999997
2024-11-11,0.16768786964012405,0.2,0.245,FORCE_BUY,0.0,0.0,0.0,0.0,FORCE_BUY,248528.14045493063,513.68,1.3499999999999996,1.1999999999999997
2024-11-12,0.19821400920174595,0.2,0.245,FORCE_BUY,-0.0023586376212931044,-0.00041258175756871173,0.0,-0.0023586376212931044,FORCE_SELL,248528.14045493063,512.0095,1.3499999999999996,1.1999999999999997
2024-11-13,0.22009356280599088,0.2,0.245,FREE,-0.0012675012675015683,0.00031466053226237147,-5.850005850030507e-05,0.00031466053226237147,FREE,248606.34245188837,512.17,-0.5,1.8999999999999995
2024-11-14,0.2665982646254859,0.2,0.245,FORCE_SELL,-0.011394899611714856,-0.005781111182569206,-0.001638992409904146,-0.001638992409904146,FORCE_SELL,248198.87854355568,506.67,-0.5,2.1499999999999995
2024-11-15,0.2860281100303481,0.2,0.245,FORCE_SELL,-0.015041915218295935,-0.015041915218295935,0.0,0.0,FORCE_SELL,248198.87854355568,497.0,-0.5,-0.5
2024-11-18,0.1994685728316439,0.2,0.245,FORCE_BUY,0.0068273820312971965,0.004834577000851566,0.0,0.0068273820312971965,FORCE_BUY,249893.42710711207,499.92,-0.5,-0.5
2024-11-19,0.2023458747426686,0.2,0.245,FREE,0.009120364814592549,7.050401448041809e-06,-0.002420096803872277,7.050401448041809e-06,FORCE_BUY,252172.54632709772,504.54,-0.5,2.349999999999999
2024-11-20,0.18711029800928855,0.205,0.245,FORCE_BUY,0.0,0.0,0.0,0.0,FORCE_BUY,252172.54632709772,500.73,-0.5,-0.5
2024-11-21,0.22490741495481748,0.205,0.245,FREE,0.011668775481512843,0.011668775481512843,0.0,0.011668775481512843,FORCE_BUY,255115.09115279,503.72,1.3999999999999995,-0.5
2024-11-22,0.1622585022772323,0.205,0.245,FORCE_BUY,0.004361098996947211,0.00677456570536055,0.00017840859532965476,0.004361098996947211,FREE,256843.38510023363,506.66,-0.5,-0.5
2024-11-25,0.2565878158793025,0.205,0.245,FORCE_SELL,-0.0077865387262323425,0.00312464267253537,-0.0005309003676976481,-0.0005309003676976481,FREE,257645.92890147623,504.61,1.0999999999999996,2.4499999999999993
2024-11-26,0.1736423243384683,0.205,0.265,FORCE_BUY,0.0022438736344846722,0.0023619722468260157,0.0,0.0022438736344846722,FREE,258254.4814350492,509.19,1.6499999999999995,2.2499999999999996
2024-11-27,0.21723397657268995,0.205,0.265,FREE,-0.004270224531160744,-0.003603141323080879,-0.00017710608654589863,-0.003603141323080879,FORCE_SELL,258208.74299450932,506.0,0.9499999999999997,2.2499999999999996
2024-11-29,0.16311037628647518,0.205,0.265,FORCE_BUY,0.006291913214990219,0.001380670611439829,0.001380670611439829,0.006291913214990219,FORCE_BUY,259833.36999678245,510.19,1.5499999999999994,2.499999999999999
2024-12-02,0.15401014288150586,0.205,0.265,FORCE_BUY,0.011069458891876544,0.00182528311514992,0.00182528311514992,0.011069458891876544,FORCE_BUY,262709.5848046996,515.15,1.5499999999999994,2.499999999999999
2024-12-03,0.12229296696653293,0.205,0.265,FORCE_BUY,0.005005917848619603,0.0037941544417733563,-9.701391179483044e-05,0.005005917848619603,FORCE_BUY,264024.6874042769,517.97,1.5499999999999994,2.499999999999999
2024-12-04,0.14021785755126379,0.205,0.265,FORCE_BUY,0.0053508873234016,0.00017323016514610818,0.00017323016514610818,0.0053508873234016,FORCE_BUY,265437.45375717356,522.32,1.5499999999999994,2.499999999999999
2024-12-05,0.18832654167929586,0.205,0.265,FORCE_BUY,-0.0020290187971362945,0.0008174909439290094,0.0028138279545195247,-0.0020290187971362945,FORCE_SELL,266184.349084732,521.36,1.5499999999999994,2.499999999999999
2024-12-06,0.13560631895345987,0.205,0.265,FORCE_BUY,0.007277602221583885,0.0015620165316726246,5.7454754380820204e-05,0.007277602221583885,FORCE_BUY,268121.5328949819,525.95,-0.5,1.6999999999999993
2024-12-09,0.27066394847351155,0.205,0.265,FORCE_SELL,-0.008524453219927055,-0.007956588246782338,-0.007312613912515333,-0.007312613912515333,FORCE_SELL,266160.86364328914,522.23,1.2999999999999996,2.349999999999999
2024-12-10,0.2705380083659907,0.205,0.265,FORCE_SELL,0.0,0.0,0.0,0.0,FORCE_BUY,266160.86364328914,520.85,2.499999999999999,-0.5
2024-12-11,0.16602827070965429,0.205,0.265,FORCE_BUY,0.0,0.0,0.0,0.0,FORCE_BUY,266160.86364328914,529.03,2.0499999999999994,1.0999999999999996
2024-12-12,0.2419590430229386,0.205,0.265,FREE,0.0,0.0,0.0,0.0,FORCE_BUY,266160.86364328914,529.39,1.5499999999999994,1.5499999999999994
2024-12-13,0.20470572935717438,0.205,0.265,FORCE_BUY,-0.002447842133011958,-0.0013441171590555098,0.0,-0.002447842133011958,FORCE_SELL,266160.86364328914,529.78,1.5499999999999994,1.5499999999999994
2024-12-16,0.18466283104398998,0.2,0.265,FORCE_BUY,0.012658466291182332,0.004775439216291646,0.0013939382523028392,0.012658466291182332,FORCE_BUY,269530.0519637497,537.59,1.5499999999999994,1.5499999999999994
2024-12-17,0.21837058687877742,0.205,0.265,FREE,-0.004372255711840484,-0.00433604405524352,0.0005395549601846241,-0.00433604405524352,FORCE_SELL,269675.47824020556,535.13,1.5499999999999994,1.5499999999999994
2024-12-18,0.7476861895514446,0.205,0.265,FORCE_SELL,-0.0354135618479881,-0.023734704451943464,0.0013040238450075221,0.0013040238450075221,FORCE_SELL,270027.14149424457,517.79,2.0499999999999994,1.7499999999999996
2024-12-19,0.3626166115286162,0.205,0.265,FORCE_SELL,-0.01709565885516717,-0.010641567422205343,0.0,0.0,FORCE_SELL,270027.14149424457,511.7,2.4499999999999993,-0.5
2024-12-20,0.381113151792007,0.205,0.265,FORCE_SELL,0.02285669402662684,0.02285669402662684,0.0,0.0,FORCE_BUY,276199.0692462632,520.9,2.1999999999999993,-0.5
2024-12-23,0.21701886439925433,0.205,0.265,FREE,0.0075215521397851036,0.0075215521397851036,0.0,0.0075215521397851036,FORCE_BUY,278276.5149465591,522.41,2.3999999999999995,-0.5
2024-12-24,0.20520641779753288,0.205,0.265,FREE,0.012843054812323238,0.0008791376806053917,0.0008791376806053917,0.0008791376806053917,FORCE_BUY,281850.43548100005,529.96,2.3999999999999995,-0.5
2024-12-26,0.24059443690932567,0.225,0.265,FREE,0.0,0.0,0.0,0.0,FORCE_BUY,281850.43548100005,528.7899,1.6499999999999995,-0.5
2024-12-27,0.2802468603914769,0.225,0.265,FORCE_SELL,-0.010101163215925295,-0.008945336999134046,0.0,0.0,FORCE_SELL,281850.43548100005,522.43,1.3499999999999996,-0.5
2024-12-30,0.23858707939044224,0.225,0.265,FREE,-0.012720888735394368,-0.013720379006370438,0.0,-0.013720379006370438,FORCE_SELL,281850.43548100005,514.56,0.9999999999999996,-0.5
2024-12-31,0.27722093322338837,0.21,0.23,FORCE_SELL,-0.007320246208811531,-0.0033440201687194343,0.005029028562552241,0.005029028562552241,FORCE_SELL,283267.8693714018,511.24,2.349999999999999,2.2499999999999996
2025-01-02,0.28408939028430275,0.21,0.23,FORCE_SELL,-0.009597337512818908,-0.017298426888024535,0.0,0.0,FORCE_SELL,283267.8693714018,511.85,2.3999999999999995,2.1499999999999995
2025-01-03,0.2044994171323337,0.21,0.23,FORCE_BUY,0.01277647701553123,0.003837483549601392,0.0,0.01277647701553123,FORCE_BUY,286887.034793664,519.0682,1.9499999999999993,-0.5
2025-01-06,0.26870377461542505,0.21,0.23,FORCE_SELL,0.008764679877755916,0.002229611547850154,0.002229611547850154,0.002229611547850154,FORCE_BUY,289401.5078147091,524.83,-0.5,-0.5
2025-01-07,0.3678779806413199,0.21,0.23,FORCE_SELL,-0.015934432478795488,-0.004631451331958285,0.0,0.0,FORCE_SELL,289401.5078147091,516.29,-0.5,-0.5
2025-01-08,0.21710897518084712,0.21,0.23,FREE,0.005340571205008022,0.003520259441246952,0.0,0.003520259441246952,FORCE_BUY,290947.07717403024,513.9301,2.1499999999999995,-0.5
2025-01-10,0.27205678015112944,0.21,0.23,FORCE_SELL,-0.01370682605817537,0.0022605432645860617,-0.00023363576184730177,-0.00023363576184730177,FREE,291604.775629687,506.5799,1.8999999999999995,2.0999999999999996
2025-01-13,0.1929065832074742,0.21,0.23,FORCE_BUY,0.015912998280756496,0.0005597537083683068,0.0,0.015912998280756496,FORCE_BUY,296245.0819229426,508.18,2.3999999999999995,2.2499999999999996
2025-01-14,0.28777889466505985,0.21,0.23,FORCE_SELL,-0.006519775342681036,-0.006519775342681036,-0.006519775342681036,-0.006519775342681036,FORCE_BUY,294313.6305424309,505.9,2.3999999999999995,2.2499999999999996
2025-01-15,0.24645533697900657,0.21,0.23,FORCE_SELL,0.02352405824628057,0.0070738120490280165,0.0017608420386198043,0.0017608420386198043,FORCE_BUY,301237.08152998536,517.33,2.3999999999999995,-0.5
2025-01-16,0.35297984278601313,0.21,0.23,FORCE_SELL,-0.006545037567624773,0.004975211777842684,0.0,0.0,FREE,302735.79980593635,512.89,2.2499999999999996,-0.5
2025-01-17,0.25551018487857413,0.21,0.23,FORCE_SELL,0.003537849218404286,0.0018458343748194899,0.0,0.0,FORCE_BUY,303806.8334186628,521.93,2.1999999999999993,2.4499999999999993
2025-01-21,0.1892804827001537,0.21,0.23,FORCE_BUY,0.0,0.0,0.0,0.0,FORCE_BUY,303806.8334186628,527.62,-0.5,2.1499999999999995
2025-01-22,0.24080499553715573,0.21,0.23,FORCE_SELL,0.0,0.0,0.0,0.0,FORCE_BUY,303806.8334186628,530.34,-0.5,2.1499999999999995
2025-01-23,0.2031224685681182,0.21,0.23,FORCE_BUY,0.0057485392281072505,0.0055054404769117795,0.0,0.0057485392281072505,FORCE_BUY,305553.27891833696,531.87,-0.5,2.1499999999999995
2025-01-24,0.2964170821584176,0.21,0.23,FORCE_SELL,-0.004910164995390588,0.002907717448230636,0.0013922074012755652,0.0013922074012755652,FREE,306441.7415188119,528.9201,1.0499999999999996,-0.5
2025-01-27,0.26285257742016377,0.21,0.23,FORCE_SELL,0.007756740352045169,0.0017426037240812914,0.0,0.0,FORCE_BUY,308818.73054080183,514.6916,-0.5,-0.5
2025-01-28,0.2554830641416947,0.21,0.23,FORCE_SELL,0.007649513212795684,0.005560009263300264,0.0,0.0,FORCE_BUY,311181.04350043245,521.64,-0.5,-0.5
2025-01-29,0.2248778574404493,0.225,0.265,FORCE_BUY,0.0037106821502728023,0.006812976995651913,0.0,0.0037106821502728023,FREE,313301.1127912839,522.05,-0.5,-0.5
2025-01-30,0.25138308631125456,0.21,0.23,FORCE_SELL,0.0003809668939767473,0.004245115085403021,-0.0013143357842204553,-0.0013143357842204553,FREE,314631.11207146774,525.18,1.6999999999999993,1.7999999999999994
2025-01-31,0.37261384004212555,0.225,0.265,FORCE_SELL,0.0,0.0,0.0,0.0,FORCE_BUY,314631.11207146774,519.45,-0.5,1.4999999999999996
2025-02-03,0.25661907158332536,0.225,0.265,FREE,0.018249599875083032,0.017698120008998473,0.0,0.017698120008998473,FORCE_BUY,320373.00397502445,521.69,-0.5,1.4499999999999995
2025-02-04,0.2212697237446505,0.225,0.265,FORCE_BUY,0.010632539437055341,0.00431765994274839,0.002300494896381181,0.010632539437055341,FORCE_BUY,323779.3825743568,522.78,0.8999999999999997,2.4499999999999993
2025-02-05,0.20381484871536468,0.225,0.265,FORCE_BUY,0.014158747258666208,0.002900339757151094,0.000346273710130383,0.014158747258666208,FORCE_BUY,328363.6930197941,527.18,1.4499999999999995,2.0999999999999996
2025-02-06,0.1921242209696988,0.225,0.265,FORCE_BUY,0.0026516155914995555,0.007024598474183095,0.0009848857911284366,0.0026516155914995555,FREE,330670.3161167581,529.38,1.3999999999999995,2.3999999999999995
2025-02-07,0.37844254849204745,0.225,0.265,FORCE_SELL,-0.013516068052930038,0.005649864816445873,0.004877126654064319,0.004877126654064319,FREE,332538.55870162917,521.85,-0.5,1.7999999999999994
2025-02-10,0.20797622894983162,0.225,0.265,FORCE_BUY,0.003683083837169145,0.0011760075139419857,0.0,0.003683083837169145,FORCE_BUY,333763.32609241863,528.4,-0.5,-0.5
2025-02-11,0.22317332002880572,0.225,0.265,FORCE_BUY,0.0008901515151516018,0.0008901515151516018,0.0008901515151516018,0.0008901515151516018,FORCE_BUY,334060.4260228418,528.47,2.2499999999999996,2.2999999999999994
2025-02-12,0.20780539693567313,0.225,0.265,FORCE_BUY,0.00431621990004535,0.00017313272961340961,-0.0015981372103589459,0.00431621990004535,FORCE_BUY,335502.3042814592,530.52,1.1999999999999997,2.2999999999999994
2025-02-13,0.17888679696247997,0.225,0.265,FORCE_BUY,0.01060617498301508,-0.0021703027100474833,-0.0021703027100474833,0.01060617498301508,FORCE_BUY,339060.7004278731,535.5,0.9499999999999997,-0.5
2025-02-14,0.16752924303482009,0.225,0.265,FORCE_BUY,0.0034311074645234974,0.0008018348966006616,0.0008018348966006616,0.0034311074645234974,FORCE_BUY,340224.05412803777,538.11,0.9499999999999997,-0.5
2025-02-18,0.1482023268819832,0.225,0.265,FORCE_BUY,0.00029481481481486024,0.0018206588498047378,0.0008148148148148505,0.00029481481481486024,FREE,340843.4860631024,540.1592,0.9499999999999997,-0.5
2025-02-19,0.16463705336614265,0.225,0.265,FORCE_BUY,-0.0016299314687904416,-0.0016685905190852758,-0.0009816632709759964,-0.0016299314687904416,FORCE_SELL,340508.8925316828,539.02,0.9499999999999997,-0.5
2025-02-20,0.22318456050648763,0.225,0.265,FORCE_BUY,-0.001226651798159929,0.0089275843789457,0.0009106960319673092,-0.001226651798159929,FREE,343548.8144015408,537.39,1.2999999999999996,2.499999999999999
2025-02-21,0.4311306982664263,0.21,0.265,FORCE_SELL,-0.02141621239464905,-0.01048642712797414,0.0005209399244636802,0.0005209399244636802,FORCE_SELL,343727.7826949647,525.979,1.2499999999999996,1.1999999999999997
2025-02-24,0.3455946927962288,0.21,0.265,FORCE_SELL,-0.014475728523248311,-0.01193535331414226,0.0,0.0,FORCE_SELL,343727.7826949647,520.14,1.8499999999999996,2.1999999999999993
2025-02-25,0.2536131671426896,0.21,0.265,FREE,-0.0026303574191551614,-0.0026303574191551614,0.0,-0.0026303574191551614,FORCE_SELL,343727.7826949647,515.68,2.3999999999999995,1.3999999999999995
2025-02-26,0.2516384290697919,0.21,0.265,FREE,-0.007082728592162543,-0.006592662499456996,0.0006192549588776106,-0.006592662499456996,FORCE_SELL,343940.63782890263,513.09,2.349999999999999,-0.5
2025-02-27,0.40378470205772204,0.21,0.265,FORCE_SELL,-0.03136791996439415,-0.02482667657026457,0.0009094955202508047,0.0009094955202508047,FORCE_SELL,344253.45029824023,500.56,2.499999999999999,2.499999999999999
2025-02-28,0.1958205350165448,0.21,0.265,FORCE_BUY,0.016131934032983523,0.004239509930880623,0.0,0.016131934032983523,FORCE_BUY,349806.92424907844,508.32,2.4499999999999993,2.499999999999999
2025-03-03,0.3619857307301269,0.21,0.265,FORCE_SELL,-0.019158217401556203,-0.019158217401556203,-0.019158217401556203,-0.019158217401556203,FORCE_BUY,343105.2471457449,499.17,1.9499999999999993,-0.5
2025-03-04,0.2536446843464773,0.21,0.265,FREE,0.0007422713503319137,-0.0001434595358080061,0.0009428852288000583,-0.0001434595358080061,FORCE_SELL,343428.75601520244,498.84,1.9499999999999993,-0.5
2025-03-05,0.18207976898182143,0.21,0.265,FORCE_BUY,0.01459824415563351,0.00017085971246753138,0.0,0.01459824415563351,FORCE_BUY,348442.21284557786,500.41,2.3999999999999995,-0.5
2025-03-06,0.24795354070969078,0.21,0.265,FREE,-0.019124207325611754,-0.01772081015327814,-0.005881293884654621,-0.01772081015327814,FORCE_SELL,346392.9217900136,490.33,2.3999999999999995,-0.5
2025-03-07,0.1650844553933246,0.21,0.265,FORCE_BUY,0.0009603817058498861,-0.008351051883302431,0.001875904818220792,0.0009603817058498861,FORCE_SELL,347042.7219409971,490.901,2.349999999999999,-0.5
2025-03-10,0.22069940468390878,0.21,0.265,FREE,-0.039431950725408726,-0.03105902820473928,-0.007796353516544206,-0.03105902820473928,FORCE_SELL,344337.0541954014,469.42,2.499999999999999,2.2999999999999994
2025-03-11,0.18408743245025638,0.21,0.265,FORCE_BUY,-0.0017701483729556206,-0.0018432297525793127,-0.0009905580846400603,-0.0017701483729556206,FORCE_SELL,343995.968342527,473.6401,2.349999999999999,-0.5
2025-03-12,0.16543144704247448,0.21,0.265,FORCE_BUY,0.010913159116815193,0.005660071063788808,0.00014776037488925265,0.010913159116815193,FORCE_BUY,347750.0510805919,478.91,2.349999999999999,-0.5
2025-03-13,0.1997037679089494,0.21,0.265,FORCE_BUY,-0.0070422535211267425,0.0017650277555423684,-0.005503289196255357,-0.0070422535211267425,FREE,348363.8395727404,470.94,1.6999999999999993,-0.5
2025-03-14,0.16427369765428965,0.21,0.265,FORCE_BUY,0.015190356136522549,0.0037023657715395905,-6.355797546665285e-05,0.015190356136522549,FORCE_BUY,353655.6103609367,479.18,1.3499999999999996,-0.5
2025-03-17,0.20130663475443858,0.21,0.265,FORCE_BUY,0.011635464055850229,0.00446550242143435,0.00446550242143435,0.011635464055850229,FORCE_BUY,357770.5575034412,482.54,1.5999999999999996,-0.5
2025-03-18,0.23305023958352925,0.21,0.265,FREE,-0.013813015391645655,-0.005207078684504925,0.0024510313025777495,-0.005207078684504925,FORCE_SELL,358647.4643390228,474.78,1.5999999999999996,-0.5
2025-03-19,0.23638844163584083,0.21,0.23,FORCE_SELL,0.016702824525559726,0.0020220317206227204,0.0020220317206227204,0.0020220317206227204,FORCE_BUY,364637.89000241447,482.7,1.7499999999999996,-0.5
2025-03-20,0.2542495671344887,0.21,0.23,FORCE_SELL,-0.0012500781298831584,-0.005187876120240454,0.0,0.0,FORCE_SELL,364637.89000241447,479.37,1.4499999999999995,2.499999999999999
2025-03-21,0.18190391709908452,0.21,0.23,FORCE_BUY,0.007974047718710789,0.0013577916620635296,0.0,0.007974047718710789,FORCE_BUY,367545.5299373437,481.61,1.8999999999999995,2.499999999999999
2025-03-24,0.1703058847837349,0.21,0.23,FORCE_BUY,0.009344191409628064,0.0021414158052958294,0.0021414158052958294,0.009344191409628064,FORCE_BUY,370979.94572083146,490.1981,2.2999999999999994,2.499999999999999
2025-03-25,0.1431420776383474,0.21,0.23,FORCE_BUY,0.008837636493519676,-2.0410245943489837e-05,-2.0410245943489837e-05,0.008837636493519676,FORCE_BUY,374258.5316274978,494.28,2.2999999999999994,2.499999999999999
2025-03-26,0.3387085131292859,0.21,0.23,FORCE_SELL,-0.02063655530327599,-0.020314283599666222,-0.0013582549464807,-0.0013582549464807,FORCE_SELL,373750.19312565215,483.1004,1.0999999999999996,1.4499999999999995
2025-03-27,0.2800216253491803,0.21,0.23,FORCE_SELL,-0.009902824672650995,-0.006008194021246933,0.0,0.0,FORCE_SELL,373750.19312565215,480.91,2.0499999999999994,-0.5
2025-03-28,0.3646415356301967,0.21,0.23,FORCE_SELL,-0.016037596678679055,-0.015173547448947267,0.0,0.0,FORCE_SELL,373750.19312565215,466.9,2.349999999999999,-0.5
2025-03-31,0.3296561505898858,0.21,0.23,FORCE_SELL,0.008471462840101019,0.00499211203077381,0.0,0.0,FORCE_BUY,376916.4039981967,466.65,2.1999999999999993,-0.5
2025-04-01,0.34831813597202016,0.21,0.23,FORCE_SELL,0.01779305898785848,0.014674930589033066,0.0,0.0,FORCE_BUY,383622.89980802813,473.63,1.3499999999999996,-0.5
2025-04-02,0.45546343778904635,0.21,0.23,FORCE_SELL,-0.032826941463932884,-0.014607505802225869,0.0,0.0,FORCE_SELL,383622.89980802813,455.2,1.4999999999999996,-0.5
2025-04-03,0.4244558623596471,0.21,0.23,FORCE_SELL,-0.023755803358354616,-0.008152303768736519,0.0,0.0,FORCE_SELL,383622.89980802813,449.99,2.499999999999999,-0.5
2025-04-04,0.5363548760557008,0.21,0.23,FORCE_SELL,-0.05887073404516173,-0.05887073404516173,0.0,0.0,FORCE_SELL,383622.89980802813,422.2,2.2499999999999996,-0.5
2025-04-07,0.5318547616969734,0.21,0.23,FORCE_SELL,0.053089087515961086,0.053089087515961086,0.0,0.0,FORCE_BUY,403989.0895090633,428.86,2.349999999999999,-0.5
2025-04-08,0.5532608225821567,0.21,0.23,FORCE_SELL,-0.042485643587468945,0.012336800292509194,0.0,0.0,FREE,408973.02222668927,410.18,2.349999999999999,-0.5
2025-04-09,0.7081485171193509,0.21,0.23,FORCE_SELL,0.139929069340834,0.017737219889891964,0.0,0.0,FORCE_BUY,466200.2366123781,466.06,-0.5,-0.5
2025-04-10,0.4145054469296852,0.21,0.23,FORCE_SELL,-0.03021881838074388,-0.03947448732596197,0.0,0.0,FORCE_SELL,466200.2366123781,443.19,-0.5,-0.5
2025-04-11,0.37322002926423653,0.21,0.23,FORCE_SELL,0.014861331485909483,0.02225870790915383,0.0,0.0,FREE,476577.2515063114,454.12,-0.5,-0.5
2025-04-14,0.43537461935579236,0.21,0.23,FORCE_SELL,-0.014225331344468932,-0.020633423916170807,0.0,0.0,FORCE_SELL,476577.2515063114,455.2683,-0.5,-0.5
2025-04-15,0.4507600255924662,0.21,0.23,FORCE_SELL,-0.011236200677669611,-0.011603578056444755,0.0,0.0,FORCE_SELL,476577.2515063114,452.31,-0.5,-0.5
2025-04-16,0.4058734743547386,0.21,0.23,FORCE_SELL,-0.00705829796738884,-0.00705829796738884,0.0,0.0,FORCE_SELL,476577.2515063114,444.54,-0.5,-0.5
2025-04-17,0.39732925849182216,0.21,0.23,FORCE_SELL,-0.0002916302128899904,0.006309958360139429,0.0,0.0,FREE,479584.4341187059,445.64,-0.5,-0.5
2025-04-21,0.40169404858390223,0.21,0.23,FORCE_SELL,-0.008093012652456407,-0.005329788182062941,0.0,0.0,FORCE_SELL,479584.4341187059,435.1,-0.5,-0.5
2025-04-22,0.4070331186168817,0.21,0.23,FORCE_SELL,0.037030264240650916,0.002400109719301331,0.0,0.0,FORCE_BUY,497343.5724398246,453.68,2.3999999999999995,-0.5
2025-04-23,0.5427452339224531,0.21,0.23,FORCE_SELL,-0.00037297060114088916,-0.001162790697674528,0.0,0.0,FORCE_SELL,497343.5724398246,455.63,2.4499999999999993,-0.5
2025-04-24,0.40217821095757733,0.21,0.275,FORCE_SELL,0.04096652626911993,-0.0003990246065174237,0.0,0.0,FORCE_BUY,517718.0109649586,469.58,2.499999999999999,-0.5
2025-04-25,0.16838345693202605,0.21,0.275,FORCE_BUY,0.00570452196429134,0.002816008382536543,0.0,0.00570452196429134,FORCE_BUY,520671.34472981736,472.994,-0.5,-0.5
2025-04-28,0.20313523572974312,0.21,0.275,FORCE_BUY,0.004808812896091135,0.01410419389853249,0.00550806005699452,0.004808812896091135,FREE,528014.9943332963,472.4812,-0.5,-0.5
2025-04-29,0.17986593883468016,0.225,0.275,FORCE_BUY,-0.0022760321173420014,-0.002738048095996676,-0.001601652230722117,-0.0022760321173420014,FORCE_SELL,527169.2979397677,473.43,2.499999999999999,2.349999999999999
2025-04-30,0.22500755080752363,0.225,0.275,FREE,0.018035141071127043,-0.005205363217120901,0.0002534211860111877,-0.005205363217120901,FORCE_BUY,536676.8705964785,482.06,2.2499999999999996,2.499999999999999
2025-05-01,0.3167970911583613,0.23,0.275,FORCE_SELL,-0.004561560282214055,-0.004478465124676701,0.0,0.0,FORCE_SELL,536676.8705964785,479.0,-0.5,-0.5
2025-05-02,0.20464450654718117,0.23,0.275,FORCE_BUY,0.0049329935048918905,0.002939241963331397,0.0,0.0049329935048918905,FORCE_BUY,539324.2941133566,488.92,2.2999999999999994,-0.5
2025-05-05,0.24119697603616871,0.23,0.275,FREE,-0.002449466880737776,-0.0007664232094165554,-0.0020789592853319785,-0.0007664232094165554,FREE,538910.9434569459,484.63,2.2999999999999994,-0.5
2025-05-06,0.22744810285797637,0.23,0.275,FORCE_BUY,0.007921695491684219,0.013613453930082295,-0.0020530048525569658,0.007921695491684219,FREE,546247.3827581143,486.04,-0.5,1.5999999999999996
2025-05-07,0.20213260455011914,0.23,0.275,FORCE_BUY,-0.0031347315886076656,-0.008084282494990894,-0.008228670420095195,-0.0031347315886076656,FORCE_BUY,544535.0438321881,483.37,-0.5,1.9499999999999993
2025-05-08,0.19901907135967423,0.23,0.275,FORCE_BUY,-0.0003482536105703662,0.003812342212009743,0.00714944176994782,-0.0003482536105703662,FORCE_SELL,548428.1654197624,487.98,-0.5,-0.5
2025-05-09,0.20073815664975103,0.23,0.275,FORCE_BUY,-0.0030748641248825458,0.00026240910529405767,0.0014915614400718515,-0.0030748641248825458,FORCE_SELL,549246.1797239518,487.9151,-0.5,2.349999999999999
2025-05-12,0.1556999233606784,0.23,0.275,FORCE_BUY,0.019041682585004084,0.01847343867856072,0.016568475660024617,0.019041682585004084,FORCE_BUY,559704.7511392814,506.8,-0.5,1.9499999999999993
2025-05-13,0.19101225957957077,0.21,0.275,FORCE_BUY,0.021390268516136558,0.0008904367097374509,0.0008904367097374509,0.021390268516136558,FORCE_BUY,571676.986055908,516.18,-0.5,1.9499999999999993
2025-05-14,0.14366648833327464,0.21,0.275,FORCE_BUY,0.00321400220720623,0.008719180700763291,-0.0006776510677845524,0.00321400220720623,FREE,576661.5409997973,518.15,-0.5,1.9499999999999993
2025-05-15,0.1600125758685359,0.21,0.275,FORCE_BUY,0.0042555660870068875,-0.006753302140525083,-0.0034818267984603793,0.0042555660870068875,FORCE_BUY,579115.5622973572,519.17,1.4499999999999995,2.4499999999999993
2025-05-16,0.13933516281201422,0.23,0.275,FORCE_BUY,-0.008477515317328757,-0.007318425189406395,0.004412161381064197,-0.008477515317328757,FORCE_SELL,581670.7136164989,514.62,1.2999999999999996,2.2499999999999996
2025-05-19,0.12453743161159277,0.23,0.275,FORCE_BUY,0.016104562959505145,-0.0021978449449566173,-0.0021978449449566173,0.016104562959505145,FORCE_BUY,591038.266245636,522.42,2.1499999999999995,-0.5
2025-05-20,0.13450571008122,0.23,0.275,FORCE_BUY,-0.0007304601899196354,0.004249017848751744,0.000903463919111246,-0.0007304601899196354,FREE,593549.598388209,519.84,2.1499999999999995,-0.5
2025-05-21,0.3225367286557921,0.235,0.275,FORCE_SELL,-0.009328105988914193,-0.004929428735152867,-0.001197396627976613,-0.001197396627976613,FORCE_SELL,592838.8841005621,512.96,-0.5,1.5499999999999994
2025-05-22,0.19574335345326047,0.235,0.275,FORCE_BUY,0.00040883074407203825,-0.0009796170690117543,0.0,0.00040883074407203825,FORCE_BUY,593081.2548626637,513.87,1.4999999999999996,-0.5
2025-05-23,0.18476842064104945,0.235,0.275,FORCE_BUY,-0.012625281640898302,-0.011934528033931087,0.00021365861238439613,-0.012625281640898302,FORCE_SELL,593207.9717806089,508.34,2.499999999999999,1.4999999999999996
2025-05-27,0.12633938278348156,0.235,0.275,FORCE_BUY,0.006700782079752904,-0.0004051790884162959,-0.00034759100125531916,0.006700782079752904,FORCE_BUY,597182.9291274829,521.32,2.2499999999999996,1.4499999999999995
2025-05-28,0.15747143283026555,0.235,0.275,FORCE_BUY,0.015098253904224016,0.004149234330888817,0.0003073435909255703,0.015098253904224016,FORCE_BUY,606199.3486187179,528.45,2.2499999999999996,1.4499999999999995
2025-05-29,0.17508509277753612,0.235,0.275,FORCE_BUY,-0.02416724791222883,-0.012286267037448161,-0.0006409410522744165,-0.02416724791222883,FORCE_SELL,605810.8105703262,517.65,2.1499999999999995,2.0499999999999994
2025-05-30,0.12881041770686646,0.21,0.275,FORCE_BUY,-0.0009056574687838106,-0.003662663176186792,0.00021196238631104996,-0.0009056574687838106,FORCE_SELL,605939.2196753877,518.49,2.3999999999999995,-0.5
2025-06-02,0.11630343305305448,0.21,0.275,FORCE_BUY,0.012858306504790308,0.0032544895976264017,0.002792754353981566,0.012858306504790308,FORCE_BUY,613730.5718852472,522.25,1.8999999999999995,2.2999999999999994
2025-06-03,0.09466433981119875,0.21,0.275,FORCE_BUY,0.01228383332373663,0.0002111283852518237,0.0002111283852518237,0.01228383332373663,FORCE_BUY,621269.5359359672,527.41,1.8999999999999995,2.2999999999999994
2025-06-04,0.08828422054699842,0.255,0.275,FORCE_BUY,0.0010419626787912905,0.0011366865586814683,0.0011366865586814683,0.0010419626787912905,FREE,621975.7246667839,528.4,1.8999999999999995,2.2999999999999994
2025-06-05,0.18264329565162254,0.21,0.275,FORCE_BUY,-0.012073877035108743,-0.005264424816667038,0.0011885222706434792,-0.012073877035108743,FORCE_SELL,622714.9566673501,523.67,1.8999999999999995,2.2999999999999994
2025-06-06,0.14320762842478646,0.21,0.275,FORCE_BUY,0.008052416674579791,0.0006457126578672675,0.0006457126578672675,0.008052416674579791,FORCE_BUY,627729.3169679287,530.79,2.349999999999999,-0.5
2025-06-09,0.13670950747807473,0.21,0.275,FORCE_BUY,0.0019999622648630543,0.00013207297975525848,0.00013207297975525848,0.0019999622648630543,FORCE_BUY,628984.7519144127,531.07,2.3999999999999995,2.0499999999999994
2025-06-10,0.10166000110404845,0.21,0.275,FORCE_BUY,-0.00013107632387076665,-0.0017054002022868593,-0.00455022095723159,-0.00013107632387076665,FORCE_BUY,628902.306905361,533.97,-0.5,2.4499999999999993
2025-06-11,0.1576337736592307,0.21,0.275,FORCE_BUY,-0.004273504273504156,-0.0021003578239876426,0.00020617783775688384,-0.004273504273504156,FORCE_SELL,629031.9726231591,531.24,-0.5,2.2999999999999994
2025-06-12,0.1315828595675095,0.21,0.275,FORCE_BUY,0.0006418364072263411,5.889579957289773e-05,0.0031525494119644575,0.0006418364072263411,FORCE_SELL,631015.026998559,530.07,1.1499999999999997,1.7499999999999996
2025-06-13,0.20544537937767496,0.21,0.275,FORCE_BUY,0.0010067432804633457,0.0010067432804633457,0.0010067432804633457,0.0010067432804633457,FORCE_BUY,631650.2971368611,526.98,1.3999999999999995,2.349999999999999
2025-06-16,0.1364823792290064,0.21,0.275,FORCE_BUY,0.0004903809883063057,0.001632313980879794,0.002980007544322772,0.0004903809883063057,FORCE_SELL,633532.6197877027,530.46,1.2499999999999996,-0.5
2025-06-17,0.20151001107852282,0.21,0.275,FORCE_BUY,-0.006213590405000911,0.0013071800120892786,0.0002071134040030364,-0.006213590405000911,FREE,634360.7609652957,527.8099,2.2999999999999994,-0.5
2025-06-18,0.17616763474434446,0.21,0.275,FORCE_BUY,-0.0028277344191833453,0.002138692377135556,0.0007917656373712362,-0.0028277344191833453,FREE,635717.4634891262,528.96,1.2499999999999996,-0.5
2025-06-20,0.3864215448083897,0.21,0.275,FORCE_SELL,-0.0019110051648790214,-0.0027969976582808,-0.0009270295325123077,-0.0009270295325123077,FORCE_SELL,635128.1346261379,527.5599,1.1999999999999997,-0.5
2025-06-23,0.262751485402118,0.21,0.275,FREE,0.01756985203335412,0.011293525897466902,0.0,0.011293525897466902,FORCE_BUY,646287.2419737394,535.72,1.1999999999999997,-0.5
2025-06-24,0.10627446175103868,0.21,0.275,FORCE_BUY,0.006146624944121544,0.006835611223963669,0.0,0.006146624944121544,FREE,650705.0102988795,540.18,-0.5,-0.5
2025-06-25,0.15583934775661815,0.21,0.275,FORCE_BUY,0.001591796694245482,0.0014890443436207832,-0.00020360190275235638,0.001591796694245482,FORCE_BUY,651740.8003832023,541.13,-0.5,-0.5
2025-06-26,0.14408046978704725,0.21,0.275,FORCE_BUY,0.009944547134935304,0.00682010468722336,0.0038817005545286557,0.009944547134935304,FORCE_BUY,658222.0674923735,546.38,-0.5,1.8499999999999996
2025-06-27,0.16717510257356752,0.255,0.275,FORCE_BUY,-0.0001460733653475794,-0.0004925673301104736,0.0007486259974073741,-0.0001460733653475794,FORCE_SELL,658714.8296441656,547.59,-0.5,1.9499999999999993
2025-06-30,0.15485757971371458,0.255,0.275,FORCE_BUY,0.0017071664668917134,0.004870452255734574,0.003850205223202898,0.0017071664668917134,FREE,661923.0687720919,551.56,0.44999999999999973,1.8999999999999995
2025-07-01,0.2011407907254538,0.255,0.275,FORCE_BUY,-0.005812263876779911,0.00017472267419949247,7.265329845992333e-05,-0.005812263876779911,FREE,662038.721740782,547.36,0.44999999999999973,1.8999999999999995
2025-07-02,0.1362841860718462,0.255,0.275,FORCE_BUY,0.005603519082994315,3.898721679795362e-05,-0.0027198057933450802,0.005603519082994315,FORCE_BUY,665748.4683517377,550.94,1.3499999999999996,0.5499999999999998
2025-07-03,0.15341460948390245,0.255,0.275,FORCE_BUY,0.006810977266551968,0.00021737161488996322,0.00021737161488996322,0.006810977266551968,FORCE_BUY,670282.8660349231,555.81,1.0499999999999996,0.5999999999999996
2025-07-07,0.1710545834749123,0.255,0.275,FORCE_BUY,-0.0037553260634072827,0.0009161390360563832,-0.0008846681591680605,-0.0037553260634072827,FREE,670896.9383336975,551.8,-0.5,-0.5
2025-07-08,0.1660857498685875,0.255,0.275,FORCE_BUY,-0.002527303908295145,0.0008427875888804156,-0.0004693564401118974,-0.002527303908295145,FREE,671462.361946743,552.55,1.6999999999999993,1.3999999999999995
2025-07-09,0.16378616522827863,0.255,0.275,FORCE_BUY,0.006208931448328363,-0.0010898728046773514,0.0018825914595515874,0.006208931448328363,FORCE_BUY,675631.425722203,555.86,1.4499999999999995,1.3499999999999996
2025-07-10,0.17209572010089666,0.255,0.275,FORCE_BUY,0.000989956441916569,0.0034808343110580573,0.0006659706972893213,0.000989956441916569,FREE,677983.186770486,556.13,1.4499999999999995,1.0499999999999996
2025-07-11,0.17875615706368642,0.255,0.275,FORCE_BUY,0.0009041591320072223,0.007771214035163189,0.003887884267631005,0.0009041591320072223,FREE,683251.9392271214,553.5,1.4999999999999996,1.0999999999999996
2025-07-14,0.17879396685639745,0.255,0.275,FORCE_BUY,0.005737452715787916,0.00018568794039020592,0.0010316555356465135,0.005737452715787916,FORCE_BUY,687172.0649214074,555.68,1.4499999999999995,-0.5
2025-07-15,0.2942324466391556,0.255,0.275,FORCE_SELL,-0.005083956893773952,0.00012521750972214782,0.00281049729691032,0.00281049729691032,FORCE_SELL,689103.3601523812,555.78,1.6999999999999993,2.2999999999999994
2025-07-16,0.269368942199968,0.255,0.275,FREE,0.0025037375938901495,0.012125246924019987,0.0,0.012125246924019987,FREE,697458.9085504008,556.56,1.6999999999999993,-0.5
2025-07-17,0.15883400642033554,0.255,0.275,FORCE_BUY,0.008518345826907135,0.000538000789067755,0.000538000789067755,0.008518345826907135,FORCE_BUY,703400.1047334903,562.37,1.6999999999999993,0.6999999999999997
2025-07-18,0.22232292928323916,0.255,0.275,FORCE_BUY,-0.001529405488075842,0.00048116249231110696,0.0001422702779606522,-0.001529405488075842,FREE,703738.5544809757,561.45,-0.5,0.8999999999999997
2025-07-21,0.1891621760768045,0.255,0.275,FORCE_BUY,0.002255732580238388,4.9800663820761044e-06,0.00010657004316100131,0.002255732580238388,FORCE_BUY,705326.0004662883,564.28,-0.5,1.3999999999999995
2025-07-22,0.20480787383163782,0.255,0.275,FORCE_BUY,-0.0017930691663115008,-0.0030580947622805958,-0.0003195568811247502,-0.0017930691663115008,FORCE_SELL,705100.6086894032,562.27,1.1999999999999997,2.2999999999999994
2025-07-23,0.1058132455124553,0.255,0.275,FORCE_BUY,0.006064702011488984,0.00017890968181773044,0.00014228039909649302,0.006064702011488984,FORCE_BUY,709376.8337692239,565.68,1.3999999999999995,1.5999999999999996
2025-07-24,0.16925478209873132,0.255,0.275,FORCE_BUY,0.0014336283185839727,0.0011327433628317703,0.0011327433628317703,0.0014336283185839727,FORCE_BUY,710393.816486663,565.81,2.0999999999999996,2.349999999999999
2025-07-25,0.1597157902173517,0.255,0.275,FORCE_BUY,0.003468535428611662,0.001629796711053008,0.0003362355772632267,0.003468535428611662,FORCE_BUY,712857.8426074137,567.04,1.3999999999999995,2.3999999999999995
2025-07-28,0.1506937443441632,0.255,0.275,FORCE_BUY,-0.001421351863550124,0.00010854814714934699,-0.0009475679090334564,-0.001421351863550124,FREE,712935.2220054097,569.07,-0.5,0.4999999999999998
2025-07-29,0.31801827678232547,0.255,0.275,FORCE_SELL,-0.004907201317934247,0.0005997291711332067,-0.00010515431395586207,-0.00010515431395586207,FREE,713362.7900551746,567.79,-0.5,0.4999999999999998
2025-07-30,0.22080834874405894,0.255,0.275,FORCE_BUY,0.010101898945812269,0.0090721887014039,0.0,0.010101898945812269,FORCE_BUY,720569.1088720148,573.95,-0.5,1.1499999999999997
2025-07-31,0.4232296893426098,0.255,0.275,FORCE_SELL,-0.021595347626074027,-0.01080792233541966,6.943841680419887e-05,6.943841680419887e-05,FORCE_SELL,720619.144050133,563.61,-0.5,1.1499999999999997
2025-08-01,0.29793968411343036,0.255,0.275,FORCE_SELL,-0.010291338582677017,-0.004507368765898132,0.0,0.0,FORCE_SELL,720619.144050133,553.0492,2.0999999999999996,-0.5
2025-08-04,0.14723691362041205,0.255,0.275,FORCE_BUY,0.0,0.0,0.0,0.0,FORCE_BUY,720619.144050133,564.97,2.1999999999999993,-0.5
2025-08-05,0.27899409093460087,0.255,0.275,FORCE_SELL,-0.0018059901654001293,0.0004288259119268767,0.0,0.0,FREE,720928.1642117322,558.24,2.1999999999999993,-0.5
2025-08-06,0.17153429119565877,0.255,0.275,FORCE_BUY,0.0017106678658977826,0.0023102834065218043,0.0,0.0017106678658977826,FREE,722593.7125868049,568.0,2.1999999999999993,-0.5
2025-08-07,0.22786473740942803,0.255,0.275,FORCE_BUY,0.0014049877063576888,0.0011415525114154882,0.0011415525114154882,0.0014049877063576888,FORCE_BUY,723608.9478696807,570.2,1.5999999999999996,-0.5
2025-08-08,0.13142329969776148,0.255,0.275,FORCE_BUY,0.005227748691099428,0.0019895287958114683,0.0019895287958114683,0.005227748691099428,FORCE_BUY,727391.7935997742,575.9955,1.8499999999999996,2.4499999999999993
2025-08-11,0.22773313211550553,0.255,0.275,FORCE_BUY,-0.004813373184124444,-0.0023201390101468718,0.0007472023354417139,-0.004813373184124444,FORCE_SELL,727935.3024467332,572.71,-0.5,1.9999999999999996
2025-08-12,0.16405746507192207,0.255,0.275,FORCE_BUY,0.012802846627479126,0.00034885140674338654,0.00034885140674338654,0.012802846627479126,FORCE_BUY,737254.9464786864,580.65,1.9999999999999996,2.349999999999999
2025-08-13,0.19153229571831462,0.255,0.275,FORCE_BUY,-0.0017886500429923917,-0.001605287292687483,0.00017196904557178252,-0.0017886500429923917,FORCE_SELL,737381.7315081754,580.4599,1.9999999999999996,1.2499999999999996
2025-08-14,0.16616859847484053,0.255,0.275,FORCE_BUY,-0.001896061363440446,0.00024131690080149643,0.00024131690080149643,-0.001896061363440446,FREE,737559.6741823306,579.05,2.0999999999999996,-0.5
2025-08-15,0.1839326187397061,0.255,0.275,FORCE_BUY,-0.005840296321819542,0.003428025568237979,0.0005168403824617223,-0.005840296321819542,FREE,740088.047603529,577.06,1.9999999999999996,0.7499999999999998
2025-08-18,0.11691360246999853,0.255,0.275,FORCE_BUY,0.00010394110004318249,0.0007973687879799264,-0.0015417929839756752,0.00010394110004318249,FREE,740678.1707130449,577.31,-0.5,0.5999999999999996
2025-08-19,0.4735651843897153,0.255,0.275,FORCE_SELL,-0.015032509752925723,-0.008387542871002714,3.4677069787600015e-05,3.4677069787600015e-05,FORCE_SELL,740703.855261661,568.08,1.8499999999999996,2.1499999999999995
2025-08-20,0.3669839315895236,0.255,0.275,FORCE_SELL,0.0,0.0,0.0,0.0,FORCE_BUY,740703.855261661,565.7,1.9499999999999993,-0.5
2025-08-21,0.4526817559160323,0.255,0.275,FORCE_SELL,0.004809747755450957,0.0032421262647854216,0.0,0.0,FORCE_BUY,744266.4539669596,564.06,1.9499999999999993,-0.5
2025-08-22,0.47940993020277495,0.255,0.275,FORCE_SELL,0.014779372674109514,0.001134853247525546,0.0,0.0,FORCE_BUY,755266.2452589752,572.64,1.2999999999999996,1.5999999999999996
2025-08-25,0.4517535155779073,0.255,0.275,FORCE_SELL,-0.0005607542144182969,0.000596714599244746,0.0,0.0,FREE,755716.923653838,570.34,1.2999999999999996,2.0999999999999996
2025-08-26,0.3231814396459621,0.255,0.275,FORCE_SELL,0.006902002107481724,0.0034597342129200686,0.0,0.0,FORCE_BUY,760932.8834535563,573.33,1.8499999999999996,-0.5
2025-08-27,0.35922376374744447,0.255,0.275,FORCE_SELL,0.0,0.0,0.0,0.0,FORCE_BUY,760932.8834535563,570.81,1.5999999999999996,-0.5
2025-08-28,0.3932306162342434,0.255,0.275,FORCE_SELL,0.0,0.0,0.0,0.0,FORCE_BUY,760932.8834535563,576.64,1.2999999999999996,2.349999999999999
2025-08-29,0.4940584555001155,0.255,0.275,FORCE_SELL,-0.00904536598942395,0.000818075182565082,0.0,0.0,FREE,761555.3837611073,569.68,1.2999999999999996,2.349999999999999
2025-09-02,0.3530966795615525,0.255,0.275,FORCE_SELL,0.0,0.0,0.0,0.0,FORCE_BUY,761555.3837611073,567.06,1.2999999999999996,-0.5
2025-09-03,0.3446834583309741,0.255,0.275,FORCE_SELL,0.00019313832215478384,0.0018091730473797463,0.0,0.0,FREE,762933.1692354948,569.65,1.2999999999999996,-0.5
2025-09-04,0.3306101215375796,0.255,0.275,FORCE_SELL,0.00910651115547632,0.0005075495281705725,0.0,0.0,FORCE_BUY,769880.8286520207,576.22,-0.5,-0.5
2025-09-05,0.481897535039451,0.255,0.275,FORCE_SELL,0.0,0.0,0.0,0.0,FORCE_BUY,769880.8286520207,574.89,1.3999999999999995,2.3999999999999995
2025-09-08,0.3689230775791,0.255,0.275,FORCE_SELL,0.0008990318118948717,0.0008990318118948717,0.0,0.0,FORCE_BUY,770572.9760083468,578.92,1.3999999999999995,2.3999999999999995
2025-09-09,0.29616178971663903,0.255,0.275,FORCE_SELL,0.0030043511292217146,0.0005262755993489879,0.0,0.0,FORCE_BUY,772888.0477989651,580.9,1.2999999999999996,-0.5
2025-09-10,0.2097689447032426,0.255,0.275,FORCE_BUY,-0.0019059720457433316,0.0010303579770541524,0.0,-0.0019059720457433316,FREE,773684.3991643846,581.27,1.3499999999999996,1.4499999999999995
2025-09-11,0.13678422514232555,0.255,0.275,FORCE_BUY,0.0046593996079914695,0.005125759956255941,0.0009284412503008468,0.0046593996079914695,FREE,777650.1196764014,584.33,1.0499999999999996,1.2499999999999996
2025-09-12,0.1764571574125946,0.255,0.275,FORCE_BUY,0.004004792058873824,0.0016069174160822344,0.00087283929488277,0.004004792058873824,FORCE_BUY,780764.4467002637,586.64,1.0999999999999996,1.3499999999999996
2025-09-15,0.15423085859402286,0.255,0.275,FORCE_BUY,0.006722260040844012,-2.6469258639138393e-05,-0.0023995915588835375,0.006722260040844012,FORCE_BUY,786012.9483416285,591.55,-0.5,1.1999999999999997
2025-09-16,0.21303797878648836,0.21,0.265,FREE,-0.002377740303541259,-0.0019761202648346677,0.0006913996627318186,-0.0019761202648346677,FORCE_SELL,786556.3974290148,591.59,-0.5,1.1999999999999997
2025-09-17,0.2331325889956828,0.21,0.265,FREE,0.003165628385698749,0.008423720732950642,0.0,0.008423720732950642,FREE,793182.1288616726,592.59,1.8999999999999995,2.499999999999999
2025-09-18,0.23135492736290023,0.21,0.265,FREE,0.001158378941006703,0.00963045299839792,0.0,0.00963045299839792,FREE,800820.8320728441,596.35,1.5999999999999996,0.9499999999999997
2025-09-19,0.14515480430389957,0.21,0.265,FORCE_BUY,0.004522688822258345,0.002578983761487534,0.0,0.004522688822258345,FORCE_BUY,804442.6954986915,599.69,1.1499999999999997,-0.5
2025-09-22,0.15729489890656953,0.21,0.265,FORCE_BUY,0.008760322272658806,0.0015547938641166709,-0.00030150248739540083,0.008760322272658806,FORCE_BUY,811489.8727611465,602.24,0.8499999999999996,-0.5
2025-09-23,0.28961506884922206,0.21,0.265,FORCE_SELL,-0.004889081052316613,-0.004443094816150501,0.0022782452522699752,0.0022782452522699752,FORCE_SELL,813338.6457110299,598.4,-0.5,2.2999999999999994
2025-09-24,0.24912368271237315,0.21,0.265,FREE,-0.005103998131869943,0.0005504311710839859,0.0,0.0005504311710839859,FREE,813786.3326542765,596.47,1.9999999999999996,2.349999999999999
2025-09-25,0.21600403190807035,0.21,0.265,FREE,-0.0019558125017877974,-0.006052556975477682,0.0,-0.006052556975477682,FORCE_SELL,813786.3326542765,593.1686,1.8499999999999996,-0.5
2025-09-26,0.16655667469703228,0.21,0.265,FORCE_BUY,0.004092838374991516,0.0002219250797744007,-0.000572660513373346,0.004092838374991516,FORCE_BUY,817117.0285856074,596.15,1.6999999999999993,1.4999999999999996
2025-09-29,0.2462732232837359,0.21,0.265,FREE,-0.0013518024032043638,0.0019060758624511456,0.0006008010680906042,0.0019060758624511456,FREE,818674.5156305922,598.39,1.6999999999999993,1.9499999999999993
2025-09-30,0.15363442581604578,0.21,0.265,FORCE_BUY,0.001488642826079719,0.005062973477222946,0.0,0.001488642826079719,FREE,822819.4429897083,598.75,1.6999999999999993,1.9499999999999993
2025-10-01,0.16024292088001071,0.21,0.265,FORCE_BUY,0.010990483849350065,0.003976650508953193,0.0015916097037930578,0.010990483849350065,FORCE_BUY,831862.6267888178,603.44,-0.5,1.3499999999999996
2025-10-02,0.16251231308788558,0.21,0.265,FORCE_BUY,0.0018183320935613125,0.002965358213925883,0.000826514587982455,0.0018183320935613125,FREE,834329.397462024,606.05,1.2999999999999996,2.2499999999999996
2025-10-03,0.20570370091346488,0.21,0.265,FORCE_BUY,-0.004770078896114447,0.0015750536593195552,0.0030700161753542134,-0.004770078896114447,FORCE_SELL,836890.802207806,602.97,1.2999999999999996,2.2499999999999996
2025-10-06,0.1489743893895752,0.21,0.265,FORCE_BUY,0.0037551695616210973,0.0026307345471590945,0.002663358147229077,0.0037551695616210973,FORCE_BUY,840033.4690746575,606.77,1.0499999999999996,1.2499999999999996
2025-10-07,0.2349770646340186,0.21,0.265,FREE,-0.004940876152832768,-0.004904517269433996,0.001251646903820685,-0.004904517269433996,FORCE_SELL,841084.8943653306,604.1999,1.0499999999999996,1.2499999999999996
2025-10-08,0.13751614328833583,0.22,0.265,FORCE_BUY,0.0,0.0,0.0,0.0,FORCE_BUY,841084.8943653306,612.63,1.9999999999999996,1.1499999999999997
2025-10-09,0.1561026058425411,0.22,0.265,FORCE_BUY,0.0001149613252440412,0.0016074400168342496,0.0,0.0001149613252440412,FREE,842436.8878820882,611.5803,-0.5,2.2999999999999994
2025-10-10,0.5851027423350493,0.22,0.265,FORCE_SELL,-0.03536856563542412,-0.014737992694656716,-8.175812675760407e-05,-8.175812675760407e-05,FORCE_SELL,842368.0118202234,589.93,1.8499999999999996,0.5999999999999996
2025-10-13,0.17575057748936415,0.22,0.265,FORCE_BUY,0.005328923190003582,0.005370685910928379,0.0,0.005328923190003582,FREE,846892.1058331231,601.81,2.3999999999999995,1.0999999999999996
2025-10-14,0.2622919996227295,0.22,0.265,FREE,-6.683375104423802e-05,-0.0027810178462705617,-0.006065162907268088,-0.0027810178462705617,FORCE_BUY,846835.5048569605,598.46,2.3999999999999995,1.0999999999999996
2025-10-15,0.2543484265703946,0.22,0.265,FREE,0.0017456359102243613,0.0127205050995884,0.0027763923524522123,0.0127205050995884,FREE,857607.680215006,602.55,2.0499999999999994,2.1999999999999993
2025-10-16,0.3579066776189271,0.22,0.265,FORCE_SELL,0.0019428207747833911,0.003933889954219998,0.0,0.0,FREE,860981.4144528657,598.23,1.9999999999999996,2.0999999999999996
2025-10-17,0.19088967948863897,0.22,0.265,FORCE_BUY,0.023844982230495877,0.010146378867244888,0.0,0.023844982230495877,FORCE_BUY,881511.5009812814,604.99,1.9499999999999993,1.9499999999999993
2025-10-20,0.18146825229753558,0.22,0.265,FORCE_BUY,0.007837971348592154,0.00014819693726344463,0.00014819693726344463,0.007837971348592154,FORCE_BUY,888420.7628694271,612.06,1.6999999999999993,2.2499999999999996
2025-10-21,0.18201778171720315,0.22,0.265,FORCE_BUY,-0.002500899015986109,-0.0005557553368856148,-0.0005557553368856148,-0.002500899015986109,FREE,887927.0182890624,610.25,1.6999999999999993,2.2499999999999996
2025-10-22,0.26567331443050385,0.22,0.265,FORCE_SELL,-0.011924133420536345,-0.013659987203179609,-0.0002616088947023534,-0.0002616088947023534,FORCE_SELL,887694.7286832314,604.3072,-0.5,-0.5
2025-10-23,0.17069104993390363,0.22,0.265,FORCE_BUY,0.012512620202254209,0.003286548270464528,0.0,0.012512620202254209,FORCE_BUY,898802.1156787878,611.75,1.9999999999999996,2.1499999999999995
2025-10-24,0.15870748048291125,0.22,0.265,FORCE_BUY,0.007702349869451907,-3.26370757179963e-05,-3.26370757179963e-05,0.007702349869451907,FORCE_BUY,905725.0040371495,617.52,2.0499999999999994,-0.5
2025-10-27,0.14247967511959544,0.22,0.265,FORCE_BUY,0.007916666666666662,0.002577078031473196,0.001105769230769391,0.007916666666666662,FORCE_BUY,912895.3269857768,628.94,-0.5,-0.5
2025-10-28,0.17666850581576132,0.22,0.265,FORCE_BUY,0.008629336560047074,0.00015921285166149439,0.00015921285166149439,0.008629336560047074,FORCE_BUY,920773.0080064314,633.51,1.6499999999999995,0.8999999999999997
2025-10-29,0.1661915778974475,0.22,0.265,FORCE_BUY,-0.0020283018867924504,0.0027143571947098174,0.0007704402515722702,-0.0020283018867924504,FREE,923272.3148454083,634.71,1.6499999999999995,1.6999999999999993
2025-10-30,0.311756750956835,0.22,0.265,FORCE_SELL,-0.0035560310916699697,-0.002462719413595343,0.0001101425559368188,0.0001101425559368188,FORCE_SELL,923374.0064179911,633.28,-0.5,2.3999999999999995
2025-10-31,0.2911415211677869,0.22,0.265,FORCE_SELL,-0.005014077378127936,0.007631756214506631,0.0,0.0,FREE,930420.9717297857,629.05,2.2999999999999994,1.7499999999999996
2025-11-03,0.2371325355991045,0.22,0.265,FREE,-0.004678066820495064,-0.0006479754717576289,0.0,-0.0006479754717576289,FORCE_SELL,930420.9717297857,629.78,2.2999999999999994,2.349999999999999
2025-11-04,0.27792834455305515,0.22,0.265,FORCE_SELL,-0.013881542037348529,-0.013282170249798091,0.0,0.0,FORCE_SELL,930420.9717297857,615.19,2.3999999999999995,1.7499999999999996
2025-11-05,0.2291768071804244,0.22,0.265,FREE,0.005861779156969298,0.0052042927333850785,0.0,0.0052042927333850785,FORCE_BUY,935874.8939890785,622.3468,2.4499999999999993,-0.5
2025-11-06,0.3308311433166633,0.22,0.265,FORCE_SELL,-0.016452326737436282,-0.013054791529076706,0.0,0.0,FORCE_SELL,935874.8939890785,613.36,1.8999999999999995,2.2999999999999994
2025-11-07,0.1710799842030488,0.22,0.265,FORCE_BUY,0.0024892324320784052,-0.010611045291245872,0.0,0.0024892324320784052,FORCE_BUY,938204.504127564,612.15,2.0499999999999994,2.3999999999999995
2025-11-10,0.1661511973151316,0.22,0.265,FORCE_BUY,0.010856883588281008,0.0028033445683172185,0.0028033445683172185,0.010856883588281008,FORCE_BUY,948390.4812108779,623.82,2.4499999999999993,1.8499999999999996
2025-11-11,0.14333157656460402,0.22,0.265,FORCE_BUY,0.0001446061891451242,-0.0022494296089204794,-0.0022494296089204794,0.0001446061891451242,FORCE_BUY,948527.6243441872,622.47,2.4499999999999993,1.8499999999999996
2025-11-12,0.208933535446171,0.22,0.265,FORCE_BUY,-0.008036886426947646,0.003851801801502453,0.0006884185584834988,-0.008036886426947646,FREE,952181.1647564109,619.6,-0.5,2.1499999999999995
2025-11-13,0.30592560518421646,0.22,0.265,FORCE_SELL,-0.02324237560192629,-0.011144812591947561,-0.001894060995184546,-0.001894060995184546,FORCE_SELL,950377.6755518963,608.52,0.7499999999999998,2.0999999999999996
2025-11-14,0.23293963732171175,0.22,0.265,FREE,0.008811590376555382,0.008811590376555382,0.0,0.008811590376555382,FORCE_BUY,958752.0143318825,611.36,1.4999999999999996,1.9499999999999993
2025-11-17,0.29133303770745966,0.22,0.265,FORCE_SELL,-0.017714546461979876,0.011696252277684917,0.0003422313483914979,0.0003422313483914979,FREE,969965.8197632467,602.75,2.2499999999999996,-0.5
2025-11-18,0.21955128752759678,0.22,0.265,FORCE_BUY,0.0013449220785769942,0.008927078843861654,0.0,0.0013449220785769942,FREE,978624.781112124,595.63,1.9499999999999993,-0.5
2025-11-19,0.230669817998697,0.205,0.275,FREE,0.02319881823675547,0.023085291969131425,0.001779359430604898,0.023085291969131425,FORCE_BUY,1001327.7195311288,609.54,2.1499999999999995,-0.5
2025-11-20,0.4779035320276775,0.205,0.275,FORCE_SELL,-0.00523808716583872,-0.0008588749447179624,0.0,0.0,FORCE_SELL,1001327.7195311288,586.82,1.8999999999999995,2.2499999999999996
2025-11-21,0.3988964424528856,0.205,0.275,FORCE_SELL,0.012293330141740852,0.007706753727824506,0.0,0.0,FORCE_BUY,1013637.3717674015,592.06,2.0499999999999994,1.5999999999999996
2025-11-24,0.39143881695606614,0.205,0.275,FORCE_SELL,0.0,0.0,0.0,0.0,FORCE_BUY,1013637.3717674015,605.85,2.3999999999999995,2.0499999999999994
2025-11-25,0.38698480094025584,0.205,0.275,FORCE_SELL,0.01058805984987828,0.0020075771710028048,0.0,0.0,FORCE_BUY,1024369.8249257479,609.9,2.3999999999999995,2.0499999999999994
2025-11-26,0.38087634769756673,0.205,0.275,FORCE_SELL,0.0009762447120077667,0.0026216649018108245,0.0,0.0,FREE,1027055.3793422299,615.2,1.3999999999999995,-0.5
2025-11-28,0.1330660706540189,0.205,0.275,FORCE_BUY,0.0036637756342708617,0.00108616357299181,0.0,0.0036637756342708617,FORCE_BUY,1030818.2798161107,619.11,1.3499999999999996,-0.5
2025-12-01,0.16903600353005024,0.205,0.275,FORCE_BUY,0.002484371194284292,0.00300397824145482,0.00300397824145482,0.002484371194284292,FREE,1033914.8354995722,617.38,1.3499999999999996,-0.5
2025-12-02,0.16799441763085973,0.205,0.275,FORCE_BUY,0.008175754435954074,0.004162321463471276,0.0028655614557701473,0.008175754435954074,FORCE_BUY,1042367.8693023064,622.73,1.7999999999999994,1.2999999999999996
2025-12-03,0.14386861430387152,0.205,0.275,FORCE_BUY,-0.0010263482848758847,-0.0003648328905924038,-0.000721651137803406,-0.0010263482848758847,FREE,1041987.5792194882,622.93,-0.5,2.3999999999999995
2025-12-04,0.15851783367579156,0.205,0.275,FORCE_BUY,0.0006419721384090851,0.004974959035261312,0.0016370289529432978,0.0006419721384090851,FREE,1047171.4247413562,623.48,1.7999999999999994,2.2999999999999994
2025-12-05,0.19037663610331143,0.205,0.275,FORCE_BUY,0.0003358387973771746,-0.0015700851299972614,0.0006396929473853338,0.0003358387973771746,FORCE_SELL,1047841.2929164666,625.51,1.9499999999999993,1.1499999999999997
2025-12-08,0.2497710620127328,0.205,0.275,FREE,-0.002217613273771379,0.006873879444934911,0.00047862156987894745,0.006873879444934911,FREE,1055044.0276413993,625.41,0.9499999999999997,1.6999999999999993
2025-12-09,0.16762152213770584,0.205,0.275,FORCE_BUY,-0.001314605842336892,0.0012627631977279751,-0.001216486594637975,-0.001314605842336892,FREE,1056376.2984114876,623.9287,0.9499999999999997,1.6999999999999993
2025-12-10,0.18863794159486225,0.205,0.275,FORCE_BUY,-0.0013267687585919584,-0.005599677113046368,9.59109945969846e-05,-0.0013267687585919584,FORCE_SELL,1056477.616512937,624.75,1.1499999999999997,-0.5
2025-12-11,0.16208962509699806,0.205,0.275,FORCE_BUY,0.008354205380948616,0.02049611218109802,0.010115536882928147,0.008354205380948616,FREE,1078131.3002578053,624.02,1.7999999999999994,1.7499999999999996
2025-12-12,0.314770141686259,0.205,0.275,FORCE_SELL,-0.017945032051282134,-0.019346814491203262,-0.002676282051281941,-0.002676282051281941,FORCE_SELL,1075245.91681,612.8023,1.6499999999999995,0.9499999999999997
2025-12-15,0.28378830717497894,0.205,0.275,FORCE_SELL,-0.008828368054989941,-0.00023509993678246896,0.0,0.0,FORCE_SELL,1075245.91681,608.51,2.1499999999999995,1.3999999999999995
2025-12-16,0.17086108947829684,0.205,0.275,FORCE_BUY,0.004494123069831837,0.014924173851310674,0.0,0.004494123069831837,FREE,1091293.0738053843,610.19,1.5499999999999994,-0.5
2025-12-17,0.3534207197861212,0.205,0.275,FORCE_SELL,-0.01650164801096497,-0.009611012073417318,0.00016316940247358772,0.00016316940247358772,FORCE_SELL,1091471.1394441607,602.7468,1.4499999999999995,-0.5
2025-12-18,0.21657489338098967,0.205,0.275,FREE,0.005996530932518297,0.003386470636821458,0.0,0.003386470636821458,FORCE_BUY,1098016.1798937886,608.98,-0.5,-0.5
2025-12-19,0.13880861244434475,0.205,0.275,FORCE_BUY,0.0,0.0,0.0,0.0,FORCE_BUY,1098016.1798937886,618.79,1.7499999999999996,1.4499999999999995
2025-12-22,0.1755703222732832,0.205,0.275,FORCE_BUY,0.0,0.0,0.0,0.0,FORCE_BUY,1098016.1798937886,619.92,1.7499999999999996,1.4499999999999995
2025-12-23,0.13518806143336648,0.205,0.275,FORCE_BUY,0.0,0.0,0.0,0.0,FORCE_BUY,1098016.1798937886,622.35,1.7499999999999996,1.4499999999999995
2025-12-24,0.1083790876350541,0.205,0.275,FORCE_BUY,-0.0011863537257920404,0.00028857252789539587,0.0,-0.0011863537257920404,FREE,1098333.0371984907,623.02,-0.5,2.4499999999999993
2025-12-26,0.15206051602187232,0.205,0.275,FORCE_BUY,-0.0011700030452132682,-0.0008015670448610748,-0.00027246646258397196,-0.0011700030452132682,FORCE_SELL,1098033.7782811061,623.2,-0.5,2.4499999999999993
2025-12-29,0.17843062855109237,0.205,0.275,FORCE_BUY,-0.0016162071631023885,-0.0011700889398674856,0.0004348106158205584,-0.0016162071631023885,FORCE_SELL,1098511.2150244322,619.9564,-0.5,2.4499999999999993
2025-12-30,0.22833364345499943,0.205,0.275,FREE,-0.004686971507723011,-0.004686971507723011,-0.004686971507723011,-0.004686971507723011,FORCE_BUY,1093362.5242586986,617.96,-0.5,2.4499999999999993
2025-12-31,0.267197427597279,0.205,0.275,FREE,-0.006421558319719256,-0.00313366700122648,0.0002749785678469463,-0.00313366700122648,FORCE_SELL,1093663.1755197567,614.26,0.8499999999999996,-0.5
2026-01-02,0.31178949234837555,0.205,0.265,FORCE_SELL,-0.00857835218093704,-0.00021657113027694864,0.0029079159935378397,0.0029079159935378397,FORCE_SELL,1096843.456159394,613.69,1.3999999999999995,-0.5
2026-01-05,0.20670986556088547,0.205,0.265,FREE,0.000629153025833843,0.000629153025833843,0.0,0.000629153025833843,FORCE_BUY,1097533.5385387028,617.4082,0.5499999999999998,1.9999999999999996
2026-01-06,0.15196185100292453,0.205,0.265,FORCE_BUY,0.01001829367006627,0.0021392306499450177,0.0024121741945928327,0.01001829367006627,FORCE_BUY,1108528.9518405306,623.8883,-0.5,-0.5
2026-01-07,0.19923600859500026,0.205,0.265,FORCE_BUY,0.0022477321987637057,-0.004235215663315446,-0.0012523079393112464,0.0022477321987637057,FORCE_BUY,1111020.6280588445,624.25,0.7499999999999998,-0.5
2026-01-08,0.20646210107363694,0.205,0.265,FREE,-0.004383218534752716,-0.0028579227076411745,-0.0028579227076411745,-0.0028579227076411745,FREE,1107845.4169772572,620.1,0.7499999999999998,1.4499999999999995
2026-01-09,0.2223225926978741,0.205,0.265,FREE,0.0,0.0,0.0,0.0,FORCE_BUY,1107845.4169772572,626.87,1.5999999999999996,-0.5
2026-01-12,0.16519084595582775,0.205,0.265,FORCE_BUY,0.0047230433106285,0.004574910860401909,0.0,0.0047230433106285,FORCE_BUY,1113077.818863122,625.42,0.6499999999999997,1.6999999999999993
2026-01-13,0.19053727003190213,0.205,0.265,FORCE_BUY,-0.00047885075818020553,0.007434306294801048,0.003720670391061482,-0.00047885075818020553,FREE,1121352.7802984996,626.2,0.8499999999999996,2.2999999999999994
2026-01-14,0.22768030619680998,0.205,0.265,FREE,-0.010062390017597355,-0.008900472732788016,-0.0038713805791074267,-0.008900472732788016,FORCE_SELL,1117011.5969225238,618.81,0.9999999999999996,1.2999999999999996
2026-01-15,0.23977631824419934,0.205,0.265,FREE,0.0009644131545954141,0.001585795193163181,0.0004661330247210288,0.001585795193163181,FREE,1118782.9485436312,622.74,1.2499999999999996,1.8999999999999995
2026-01-16,0.21930399903469375,0.205,0.265,FREE,0.00036414881623445265,0.00036414881623445265,0.0,0.00036414881623445265,FORCE_BUY,1119190.3520299667,621.1261,2.2499999999999996,1.8499999999999996
2026-01-20,0.23432675971982422,0.205,0.265,FREE,-0.00867654240599045,-0.00867654240599045,-0.00867654240599045,-0.00867654240599045,FORCE_BUY,1109479.6494802032,608.97,1.3499999999999996,-0.5
2026-01-21,0.23957074033684186,0.205,0.265,FREE,0.012608517608517632,0.002066016847863326,0.00013104013104024524,0.002066016847863326,FORCE_BUY,1123468.5431769663,618.1975,1.3499999999999996,-0.5
2026-01-22,0.16168443401151275,0.205,0.265,FORCE_BUY,-0.0005315036722072354,-0.0009024145331842979,0.0,-0.0005315036722072354,FORCE_SELL,1123468.5431769663,620.55,-0.5,2.0999999999999996
2026-01-23,0.20393445376391228,0.205,0.265,FORCE_BUY,-0.0007234261462285,0.0010856367825520157,-0.0032795318629027545,-0.0007234261462285,FREE,1124688.2219514793,621.59,1.8499999999999996,2.3999999999999995
2026-01-26,0.18343933185933073,0.2,0.265,FORCE_BUY,0.008284137886660301,0.004124448902794067,0.001286856370743498,0.008284137886660301,FORCE_BUY,1134005.294261628,626.82,2.1499999999999995,2.1499999999999995
2026-01-27,0.1493576456252553,0.2,0.265,FORCE_BUY,0.008538582627084795,0.002300027655930221,0.00012720421045931088,0.008538582627084795,FORCE_BUY,1143688.0921662324,634.28,1.0999999999999996,2.4499999999999993
2026-01-28,0.1977876374649957,0.2,0.265,FORCE_BUY,-0.004574536651313313,9.59430108440623e-05,-0.0002515209155360232,-0.004574536651313313,FREE,1143797.8210452613,633.22,1.0999999999999996,2.3999999999999995
2026-01-29,0.30118679074925353,0.2,0.265,FORCE_SELL,-0.012007270552687983,-0.012570550373867314,-0.014352259851441587,-0.014352259851441587,FORCE_BUY,1130063.931150396,627.8101,0.7499999999999998,1.4999999999999996
2026-01-30,0.2543625148169777,0.2,0.265,FREE,-0.00351846794016985,0.012041366021254775,0.0,0.012041366021254775,FREE,1143671.4445727959,620.24,2.1999999999999993,-0.5
2026-02-02,0.22027266752998198,0.2,0.265,FREE,0.022527615546047413,0.005201163539034301,0.0,0.005201163539034301,FORCE_BUY,1169435.6351871246,628.5375,1.8499999999999996,2.1499999999999995
2026-02-03,0.4001508391411477,0.23,0.265,FORCE_SELL,-0.02212326043737565,-0.016018742710485895,0.0,0.0,FORCE_SELL,1169435.6351871246,614.84,1.5499999999999994,2.1999999999999993
2026-02-04,0.3023302454722156,0.23,0.265,FORCE_SELL,-0.010877871904521752,-0.016218114111228973,0.0,0.0,FORCE_SELL,1169435.6351871246,608.32,1.8999999999999995,1.7499999999999996
2026-02-05,0.4616966584825695,0.23,0.265,FORCE_SELL,-0.017962878378939687,-0.013226789420693276,0.0,0.0,FORCE_SELL,1169435.6351871246,591.26,2.1499999999999995,1.7999999999999994
2026-02-06,0.42207754367511097,0.2,0.265,FORCE_SELL,0.01628957767144077,0.004086974943495421,0.0,0.0,FORCE_BUY,1188485.2477982559,609.54,1.9499999999999993,1.1999999999999997
2026-02-09,0.42002535964748927,0.2,0.265,FORCE_SELL,0.009912871938188666,0.013377297788774854,0.0,0.0,FREE,1204383.9688756191,614.33,-0.5,1.6499999999999995
2026-02-10,0.4956708052713321,0.2,0.265,FORCE_SELL,-0.0029753194810262424,-0.0016279784273878625,0.0,0.0,FORCE_SELL,1204383.9688756191,613.23,1.7499999999999996,-0.5
2026-02-11,0.4587493206194982,0.2,0.265,FORCE_SELL,0.0,0.0012210451901363015,0.0,0.0,FREE,1205854.576127892,612.7,1.0499999999999996,-0.5
2026-02-12,0.619288791187549,0.2,0.265,FORCE_SELL,-0.024488999463388547,-0.024488999463388547,0.0,0.0,FORCE_SELL,1205854.576127892,599.91,1.3999999999999995,2.499999999999999
2026-02-13,0.4445931727736509,0.2,0.265,FORCE_SELL,0.00267089558467588,0.010258065303262393,0.0,0.0,FREE,1218224.3111160498,600.65,2.1499999999999995,-0.5
2026-02-17,0.33668659196244405,0.2,0.265,FORCE_SELL,0.0034948160535117293,0.0015078651593689277,0.0,0.0,FORCE_BUY,1222481.7809953163,600.0899,2.2499999999999996,-0.5
2026-02-18,0.42902078250220343,0.2,0.265,FORCE_SELL,0.0014722424402831456,0.000849121338291528,0.0,0.0,FORCE_BUY,1224281.5705557705,605.41,2.0499999999999994,1.2999999999999996
2026-02-19,0.38311233889654517,0.2,0.265,FORCE_SELL,-0.0011569291794067127,0.002651048209383843,0.0,0.0,FREE,1227527.200021174,604.35,2.0499999999999994,1.9499999999999993
2026-02-20,0.40705352609028345,0.2,0.265,FORCE_SELL,0.01346851796357351,0.008979122460293367,0.0,0.0,FORCE_BUY,1244060.172165434,608.75,2.3999999999999995,1.8499999999999996
2026-02-23,0.4876269153693474,0.2,0.265,FORCE_SELL,-0.00029864613751017654,-0.0004479692062649052,0.0,0.0,FORCE_SELL,1244060.172165434,602.54,2.4499999999999993,1.8999999999999995
2026-02-24,0.386251023392542,0.2,0.265,FORCE_SELL,0.009467906945895147,0.009855634666952917,0.0,0.0,FREE,1256321.1747260033,608.8,2.0999999999999996,-0.5
2026-02-25,0.135348923469618,0.2,0.265,FORCE_BUY,0.0,0.0,0.0,0.0,FORCE_BUY,1256321.1747260033,614.8501,0.9999999999999996,2.2499999999999996
2026-02-26,0.2790723483502148,0.2,0.265,FORCE_SELL,-0.0114111178985949,-0.007758443651343912,0.0,0.0,FORCE_SELL,1256321.1747260033,606.87,1.3999999999999995,2.2999999999999994
2026-02-27,0.1833832290409884,0.2,0.265,FORCE_BUY,-0.0046039001611365,-0.0011440997522520237,0.0,-0.0046039001611365,FORCE_SELL,1256321.1747260033,605.38,1.8999999999999995,1.2499999999999996
2026-03-02,0.22834286754499225,0.2,0.265,FREE,0.014892369545188112,0.005528101181003401,0.005528101181003401,0.005528101181003401,FORCE_BUY,1275030.7739274679,605.84,2.2499999999999996,-0.5
2026-03-03,0.2169291929186908,0.2,0.265,FREE,0.015911355843453868,0.008378636470376385,0.0,0.008378636470376385,FORCE_BUY,1295318.2422827822,601.45,2.2499999999999996,-0.5
2026-03-04,0.204497387486379,0.195,0.265,FREE,0.0,0.0,0.0,0.0,FORCE_BUY,1295318.2422827822,612.7164,2.2499999999999996,-0.5
2026-03-05,0.252413920984195,0.195,0.265,FREE,0.0,0.0,0.0,0.0,FORCE_BUY,1295318.2422827822,609.54,2.3999999999999995,2.3999999999999995
2026-03-06,0.30021282475157335,0.195,0.265,FORCE_SELL,-0.005563397824462348,-0.00048014594942915304,0.0,0.0,FORCE_SELL,1295318.2422827822,598.8,0.8499999999999996,2.3999999999999995
2026-03-09,0.41528972530622554,0.195,0.265,FORCE_SELL,0.02583663920252255,0.013003001474853447,0.0,0.0,FORCE_BUY,1328784.912361088,605.1,2.2499999999999996,1.7499999999999996
2026-03-10,0.4850071446005538,0.195,0.265,FORCE_SELL,0.0,0.0,0.0,0.0,FORCE_BUY,1328784.912361088,608.48,2.2499999999999996,1.7499999999999996
2026-03-11,0.44043180495104944,0.195,0.265,FORCE_SELL,-0.005574338253484053,0.003983196398761275,0.0,0.0,FREE,1334077.7236387332,602.97,2.2499999999999996,1.7499999999999996
2026-03-12,0.4984371062826527,0.23,0.265,FORCE_SELL,-0.014614571636171312,-0.011502003518797167,0.0,0.0,FORCE_SELL,1334077.7236387332,596.71,1.2999999999999996,-0.5
2026-03-13,0.49547380169801336,0.23,0.265,FORCE_SELL,-0.011822692909714397,-0.004580606296990499,0.0,0.0,FORCE_SELL,1334077.7236387332,593.44,2.0499999999999994,-0.5
2026-03-16,0.4128319584822211,0.23,0.265,FORCE_SELL,0.0,0.0,0.0,0.0,FORCE_BUY,1334077.7236387332,600.21,2.2499999999999996,-0.5
2026-03-17,0.3879971212607338,0.23,0.265,FORCE_SELL,0.009337349397590232,0.006903070626660552,0.0,0.0,FORCE_BUY,1346534.4734678897,603.18,1.2999999999999996,1.5999999999999996
2026-03-18,0.5191646467548979,0.23,0.265,FORCE_SELL,-0.02142621870882746,-0.011869446157533173,0.0,0.0,FORCE_SELL,1346534.4734678897,594.19,-0.5,2.499999999999999
2026-03-19,0.3284377298652717,0.23,0.265,FORCE_SELL,0.0015002865715923878,0.0031145367161815583,0.0,0.0,FREE,1350728.3045251097,594.11,2.1499999999999995,-0.5
2026-03-20,0.45069959991970016,0.24,0.265,FORCE_SELL,-0.007539132492646856,-0.005166029495610682,0.0,0.0,FORCE_SELL,1350728.3045251097,587.12,1.8999999999999995,1.5499999999999994
2026-03-23,0.4836322077687905,0.23,0.265,FORCE_SELL,0.023942157373632054,0.03076729936015491,0.0,0.0,FREE,1392286.5666246682,589.4835,2.4499999999999993,-0.5
2026-03-24,0.38690305761035576,0.23,0.265,FORCE_SELL,0.009361979389927928,0.012104810855661391,0.0,0.0,FREE,1409139.932170538,588.67,2.499999999999999,-0.5
2026-03-25,0.39481913587685913,0.23,0.265,FORCE_SELL,-0.0029407265124344936,0.0045628907072763495,0.0,0.0,FREE,1415569.683672291,586.56,1.9499999999999993,-0.5
2026-03-26,0.44230099647716825,0.23,0.265,FORCE_SELL,-0.016248077908764643,-0.012910646137920324,0.0,0.0,FORCE_SELL,1415569.683672291,575.79,1.4499999999999995,0.7499999999999998
2026-03-27,0.4243356087516865,0.23,0.265,FORCE_SELL,-0.02152153026465207,-0.02152153026465207,0.0,0.0,FORCE_SELL,1415569.683672291,560.13,1.9999999999999996,1.9499999999999993
2026-03-30,0.40906827477823327,0.23,0.265,FORCE_SELL,-0.009521264751725817,-0.007063014918726356,0.0,0.0,FORCE_SELL,1415569.683672291,556.03,2.2999999999999994,-0.5
2026-03-31,0.39795104634168,0.23,0.265,FORCE_SELL,0.010254263890342051,0.003941264692546444,0.0,0.0,FORCE_BUY,1430085.3087638346,579.3,2.3999999999999995,-0.5
2026-04-01,0.39352958013433925,0.23,0.4,FREE,-0.00029107595370165976,-0.00029107595370165976,0.0,-0.00029107595370165976,FORCE_SELL,1430085.3087638346,583.87,1.5999999999999996,1.8999999999999995
2026-04-02,0.36629690360017825,0.23,0.4,FREE,0.009755676422343158,-0.003639448537668932,-0.010083743417076789,-0.003639448537668932,FORCE_BUY,1444036.7582924813,584.8,1.5999999999999996,1.8999999999999995
