Feature,Importance
volume,8.27099895477295
macd_value,4.646928310394287
bsp1_bi_amp_rate,4.60872220993042
kdj_k,4.146536350250244
divergence_rate,3.678826093673706
ppo,3.6656033992767334
macd_diff,3.6103620529174805
bsp1_bi_amp,3.5903773307800293
kdj_j,3.503525972366333
macd_dea,3.376054525375366
kdj_d,3.2175354957580566
rsi,2.9780826568603516
