Feature,Importance
bsp2s_bi_amp_rate,10.1256685256958
volume,6.258638858795166
bsp2s_lv,4.752945423126221
kdj_j,4.09201192855835
ppo,4.027592658996582
kdj_d,3.9954588413238525
kdj_k,3.8736331462860107
bsp2s_bi_amp,3.733802080154419
macd_dea,3.6735036373138428
bsp2s_break_bi_amp_rate,3.6432206630706787
bsp2s_break_bi_amp,3.520131826400757
rsi,3.4771900177001953
macd_value,3.401686191558838
bsp2s_retrace_rate,3.3956899642944336
macd_diff,3.1143012046813965
