Feature,Importance
bsp3_bi_amp_rate,4.017230987548828
volume,1.9643003940582275
bsp3_zs_height,1.8129091262817383
ppo,1.7530488967895508
rsi,1.637861728668213
macd_value,1.6240777969360352
macd_diff,1.488755702972412
kdj_j,1.369271993637085
bsp3_bi_amp,1.2849476337432861
kdj_k,1.2455978393554688
macd_dea,1.1671634912490845
kdj_d,1.0821889638900757
