Feature,Importance
bsp2_bi_amp_rate,13.064172744750977
volume,3.798774480819702
rsi,3.6941869258880615
bsp2_retrace_rate,3.6441988945007324
kdj_d,3.287501096725464
kdj_j,3.211331605911255
macd_diff,3.190718650817871
bsp2_bi_amp,3.173279285430908
ppo,3.081146240234375
macd_value,3.0134525299072266
kdj_k,2.9545631408691406
bsp2_break_bi_amp_rate,2.908142566680908
macd_dea,2.895003318786621
bsp2_break_bi_amp,2.8040192127227783
