Feature,Importance
bsp2_bi_amp_rate,9.326289176940918
volume,4.2004475593566895
macd_value,3.923570156097412
bsp2_retrace_rate,3.4984805583953857
rsi,3.4324254989624023
bsp2_break_bi_amp_rate,3.1377835273742676
ppo,3.1177186965942383
kdj_k,2.9980626106262207
kdj_j,2.9024386405944824
bsp2_bi_amp,2.851208448410034
bsp2_break_bi_amp,2.8441855907440186
kdj_d,2.7323973178863525
macd_diff,2.5517518520355225
macd_dea,2.3648598194122314
