Feature,Importance
bsp3_bi_amp_rate,2.1784021854400635
kdj_k,1.4738692045211792
volume,1.3787643909454346
bsp3_bi_amp,1.336896538734436
ppo,1.277015209197998
bsp3_zs_height,1.2315484285354614
macd_diff,1.1743677854537964
kdj_d,1.1638314723968506
macd_value,1.1506046056747437
macd_dea,1.0906215906143188
rsi,1.0598243474960327
kdj_j,1.0146677494049072
