Feature,Importance
bsp2s_bi_amp_rate,9.231829643249512
volume,4.00333309173584
bsp2s_retrace_rate,3.0858094692230225
macd_dea,3.016331434249878
macd_diff,2.9841582775115967
macd_value,2.9468514919281006
bsp2s_bi_amp,2.9327073097229004
bsp2s_break_bi_amp_rate,2.909935235977173
rsi,2.908078908920288
kdj_d,2.8993210792541504
ppo,2.6232476234436035
kdj_k,2.612501382827759
bsp2s_lv,2.5824344158172607
bsp2s_break_bi_amp,2.5111916065216064
kdj_j,2.0567047595977783
