Feature,Importance
bsp1_bi_amp_rate,5.638772487640381
macd_value,3.362797498703003
volume,3.2591285705566406
ppo,3.2033607959747314
divergence_rate,2.7320613861083984
macd_diff,2.6949784755706787
macd_dea,2.4893958568573
kdj_d,2.478395462036133
kdj_k,2.4486329555511475
bsp1_bi_amp,2.3630809783935547
rsi,2.3417935371398926
kdj_j,2.285391092300415
