Feature,Importance
bsp1_bi_amp_rate,5.487390518188477
macd_value,3.243882656097412
volume,2.960848569869995
macd_dea,2.613157272338867
ppo,2.5175211429595947
kdj_k,2.5087785720825195
macd_diff,2.4559600353240967
divergence_rate,2.412872552871704
kdj_d,2.3438148498535156
bsp1_bi_amp,2.239262580871582
kdj_j,2.2172157764434814
rsi,2.0364599227905273
