Feature,Importance
bsp1_bi_amp_rate,6.153522968292236
volume,3.1100919246673584
macd_diff,2.826202392578125
macd_value,2.7855310440063477
kdj_d,2.6467196941375732
divergence_rate,2.403040885925293
rsi,2.2363600730895996
kdj_k,2.2055130004882812
macd_dea,2.1649041175842285
ppo,2.096925735473633
bsp1_bi_amp,1.9389289617538452
kdj_j,1.6541932821273804
