Feature,Importance
bsp3_bi_amp_rate,3.832009792327881
macd_diff,1.730502963066101
volume,1.7063959836959839
bsp3_zs_height,1.6859248876571655
macd_value,1.5161269903182983
rsi,1.5133098363876343
ppo,1.4302672147750854
kdj_d,1.4184755086898804
bsp3_bi_amp,1.3645102977752686
macd_dea,1.2603747844696045
kdj_j,1.168113350868225
kdj_k,1.1152632236480713
